
C:/Users/regue/Desktop/okhi/firmware/ps2/rp/build_rollback/okhi.elf:     file format elf32-littlearm

Sections:
Idx Name          Size      VMA       LMA       File off  Algn
  0 .boot2        00000100  10000000  10000000  00001000  2**0
                  CONTENTS, ALLOC, LOAD, READONLY, CODE
  1 .flashtext    0000018c  10000100  10000100  00001100  2**2
                  CONTENTS, ALLOC, LOAD, READONLY, CODE
  2 .rodata       00000000  1000028c  1000028c  000100c8  2**0
                  CONTENTS, ALLOC, LOAD, DATA
  3 .binary_info  00000030  1000028c  1000028c  0000128c  2**2
                  CONTENTS, ALLOC, LOAD, READONLY, DATA
  4 .ram_vector_table 000000c0  20000000  20000000  00011000  2**2
                  ALLOC
  5 .uninitialized_data 00000038  200000c0  200000c0  00011000  2**2
                  ALLOC
  6 .text         0000acb8  200000f8  100002bc  000020f8  2**2
                  CONTENTS, ALLOC, LOAD, READONLY, CODE
  7 .xip_ram      00000000  15000000  15000000  000100c8  2**0
                  CONTENTS
  8 .data         00003318  2000adb0  1000af74  0000cdb0  2**4
                  CONTENTS, ALLOC, LOAD, CODE
  9 .tdata        00000000  2000e0c8  2000e0c8  000100c8  2**0
                  CONTENTS, ALLOC, LOAD, DATA, THREAD_LOCAL
 10 .tbss         00000000  2000e0c8  2000e0c8  00000000  2**0
                  ALLOC, THREAD_LOCAL
 11 .tbss_space   00000000  2000e0c8  2000e0c8  000100c8  2**0
                  CONTENTS
 12 .bss          00012df4  2000e0c8  1000e28c  000100c8  2**3
                  ALLOC
 13 .tls0         00000000  20020ebc  20020ebc  000100c8  2**0
                  CONTENTS
 14 .tls1         00000000  20020ebc  20020ebc  000100c8  2**0
                  CONTENTS
 15 .persistent_data 00000000  20020ebc  20020ebc  000100c8  2**0
                  CONTENTS
 16 .dummy_pre_heap 00000000  20020ebc  20020ebc  000100c8  2**0
                  CONTENTS
 17 .heap         00000800  20020ebc  20020ebc  00010ebc  2**2
                  ALLOC, READONLY
 18 .scratch_x    00000000  20040000  20040000  000100c8  2**0
                  CONTENTS
 19 .scratch_y    00000000  20041000  20041000  000100c8  2**0
                  CONTENTS
 20 .stack1_dummy 00000800  20040000  20040000  00011000  2**2
                  ALLOC
 21 .stack_dummy  00000800  20041000  20041000  00011000  2**5
                  ALLOC, READONLY
 22 .debug_info   0002f23e  00000000  00000000  000100c8  2**0
                  CONTENTS, READONLY, DEBUGGING, OCTETS
 23 .debug_abbrev 00006f72  00000000  00000000  0003f306  2**0
                  CONTENTS, READONLY, DEBUGGING, OCTETS
 24 .debug_loclists 000121eb  00000000  00000000  00046278  2**0
                  CONTENTS, READONLY, DEBUGGING, OCTETS
 25 .debug_aranges 00001838  00000000  00000000  00058468  2**3
                  CONTENTS, READONLY, DEBUGGING, OCTETS
 26 .debug_rnglists 00001a14  00000000  00000000  00059ca0  2**0
                  CONTENTS, READONLY, DEBUGGING, OCTETS
 27 .debug_line   0001ca34  00000000  00000000  0005b6b4  2**0
                  CONTENTS, READONLY, DEBUGGING, OCTETS
 28 .debug_str    00008801  00000000  00000000  000780e8  2**0
                  CONTENTS, READONLY, DEBUGGING, OCTETS
 29 .comment      00000045  00000000  00000000  000808e9  2**0
                  CONTENTS, READONLY
 30 .ARM.attributes 0000002a  00000000  00000000  0008092e  2**0
                  CONTENTS, READONLY
 31 .debug_frame  00003ba4  00000000  00000000  00080958  2**2
                  CONTENTS, READONLY, DEBUGGING, OCTETS
 32 .debug_line_str 00000370  00000000  00000000  000844fc  2**0
                  CONTENTS, READONLY, DEBUGGING, OCTETS

C:/Users/regue/Desktop/okhi/firmware/ps2/rp/build_rollback/okhi.elf:     file format elf32-littlearm


Disassembly of section .boot2:

10000000 <__boot2_start__>:
10000000:	4b32b500 	.word	0x4b32b500
10000004:	60582021 	.word	0x60582021
10000008:	21026898 	.word	0x21026898
1000000c:	60984388 	.word	0x60984388
10000010:	611860d8 	.word	0x611860d8
10000014:	4b2e6158 	.word	0x4b2e6158
10000018:	60992100 	.word	0x60992100
1000001c:	61592102 	.word	0x61592102
10000020:	22f02101 	.word	0x22f02101
10000024:	492b5099 	.word	0x492b5099
10000028:	21016019 	.word	0x21016019
1000002c:	20356099 	.word	0x20356099
10000030:	f844f000 	.word	0xf844f000
10000034:	42902202 	.word	0x42902202
10000038:	2106d014 	.word	0x2106d014
1000003c:	f0006619 	.word	0xf0006619
10000040:	6e19f834 	.word	0x6e19f834
10000044:	66192101 	.word	0x66192101
10000048:	66182000 	.word	0x66182000
1000004c:	f000661a 	.word	0xf000661a
10000050:	6e19f82c 	.word	0x6e19f82c
10000054:	6e196e19 	.word	0x6e196e19
10000058:	f0002005 	.word	0xf0002005
1000005c:	2101f82f 	.word	0x2101f82f
10000060:	d1f94208 	.word	0xd1f94208
10000064:	60992100 	.word	0x60992100
10000068:	6019491b 	.word	0x6019491b
1000006c:	60592100 	.word	0x60592100
10000070:	481b491a 	.word	0x481b491a
10000074:	21016001 	.word	0x21016001
10000078:	21eb6099 	.word	0x21eb6099
1000007c:	21a06619 	.word	0x21a06619
10000080:	f0006619 	.word	0xf0006619
10000084:	2100f812 	.word	0x2100f812
10000088:	49166099 	.word	0x49166099
1000008c:	60014814 	.word	0x60014814
10000090:	60992101 	.word	0x60992101
10000094:	2800bc01 	.word	0x2800bc01
10000098:	4700d000 	.word	0x4700d000
1000009c:	49134812 	.word	0x49134812
100000a0:	c8036008 	.word	0xc8036008
100000a4:	8808f380 	.word	0x8808f380
100000a8:	b5034708 	.word	0xb5034708
100000ac:	20046a99 	.word	0x20046a99
100000b0:	d0fb4201 	.word	0xd0fb4201
100000b4:	42012001 	.word	0x42012001
100000b8:	bd03d1f8 	.word	0xbd03d1f8
100000bc:	6618b502 	.word	0x6618b502
100000c0:	f7ff6618 	.word	0xf7ff6618
100000c4:	6e18fff2 	.word	0x6e18fff2
100000c8:	bd026e18 	.word	0xbd026e18
100000cc:	40020000 	.word	0x40020000
100000d0:	18000000 	.word	0x18000000
100000d4:	00070000 	.word	0x00070000
100000d8:	005f0300 	.word	0x005f0300
100000dc:	00002221 	.word	0x00002221
100000e0:	180000f4 	.word	0x180000f4
100000e4:	a0002022 	.word	0xa0002022
100000e8:	10000100 	.word	0x10000100
100000ec:	e000ed08 	.word	0xe000ed08
	...
100000fc:	7a4eb274 	.word	0x7a4eb274

Disassembly of section .flashtext:

10000100 <__VECTOR_TABLE>:
10000100:	20042000 	.word	0x20042000
10000104:	100001f7 	.word	0x100001f7
10000108:	100001cb 	.word	0x100001cb
1000010c:	200050c9 	.word	0x200050c9
10000110:	100001c9 	.word	0x100001c9
10000114:	100001c9 	.word	0x100001c9
10000118:	100001c9 	.word	0x100001c9
1000011c:	100001c9 	.word	0x100001c9
10000120:	100001c9 	.word	0x100001c9
10000124:	100001c9 	.word	0x100001c9
10000128:	100001c9 	.word	0x100001c9
1000012c:	100001cf 	.word	0x100001cf
10000130:	100001c9 	.word	0x100001c9
10000134:	100001c9 	.word	0x100001c9
10000138:	100001d1 	.word	0x100001d1
1000013c:	100001d3 	.word	0x100001d3
10000140:	100001c1 	.word	0x100001c1
10000144:	100001c1 	.word	0x100001c1
10000148:	100001c1 	.word	0x100001c1
1000014c:	100001c1 	.word	0x100001c1
10000150:	100001c1 	.word	0x100001c1
10000154:	100001c1 	.word	0x100001c1
10000158:	100001c1 	.word	0x100001c1
1000015c:	100001c1 	.word	0x100001c1
10000160:	100001c1 	.word	0x100001c1
10000164:	100001c1 	.word	0x100001c1
10000168:	100001c1 	.word	0x100001c1
1000016c:	100001c1 	.word	0x100001c1
10000170:	100001c1 	.word	0x100001c1
10000174:	100001c1 	.word	0x100001c1
10000178:	100001c1 	.word	0x100001c1
1000017c:	100001c1 	.word	0x100001c1
10000180:	100001c1 	.word	0x100001c1
10000184:	100001c1 	.word	0x100001c1
10000188:	100001c1 	.word	0x100001c1
1000018c:	100001c1 	.word	0x100001c1
10000190:	100001c1 	.word	0x100001c1
10000194:	100001c1 	.word	0x100001c1
10000198:	100001c1 	.word	0x100001c1
1000019c:	100001c1 	.word	0x100001c1
100001a0:	100001c1 	.word	0x100001c1
100001a4:	100001c1 	.word	0x100001c1
100001a8:	100001c1 	.word	0x100001c1
100001ac:	100001c1 	.word	0x100001c1
100001b0:	100001c1 	.word	0x100001c1
100001b4:	100001c1 	.word	0x100001c1
100001b8:	100001c1 	.word	0x100001c1
100001bc:	100001c1 	.word	0x100001c1

100001c0 <__unhandled_user_irq>:
100001c0:	f3ef 8005 	mrs	r0, IPSR
100001c4:	3810      	subs	r0, #16

100001c6 <unhandled_user_irq_num_in_r0>:
100001c6:	be00      	bkpt	0x0000

100001c8 <isr_invalid>:
100001c8:	be00      	bkpt	0x0000

100001ca <isr_nmi>:
100001ca:	be00      	bkpt	0x0000
100001cc:	be00      	bkpt	0x0000

100001ce <isr_svcall>:
100001ce:	be00      	bkpt	0x0000

100001d0 <isr_pendsv>:
100001d0:	be00      	bkpt	0x0000

100001d2 <isr_systick>:
100001d2:	be00      	bkpt	0x0000

100001d4 <__default_isrs_end>:
100001d4:	7188ebf2 	.word	0x7188ebf2
100001d8:	1000028c 	.word	0x1000028c
100001dc:	100002bc 	.word	0x100002bc
100001e0:	10000238 	.word	0x10000238
100001e4:	e71aa390 	.word	0xe71aa390

100001e8 <_entry_point>:
100001e8:	2000      	movs	r0, #0

100001ea <_enter_vtable_in_r0>:
100001ea:	4921      	ldr	r1, [pc, #132]	@ (10000270 <data_cpy_table+0x38>)
100001ec:	6008      	str	r0, [r1, #0]
100001ee:	c806      	ldmia	r0!, {r1, r2}
100001f0:	f381 8808 	msr	MSP, r1
100001f4:	4710      	bx	r2

100001f6 <_reset_handler>:
100001f6:	481f      	ldr	r0, [pc, #124]	@ (10000274 <data_cpy_table+0x3c>)
100001f8:	6800      	ldr	r0, [r0, #0]
100001fa:	2800      	cmp	r0, #0
100001fc:	d001      	beq.n	10000202 <hold_non_core0_in_bootrom+0x4>

100001fe <hold_non_core0_in_bootrom>:
100001fe:	2000      	movs	r0, #0
10000200:	e7f3      	b.n	100001ea <_enter_vtable_in_r0>
10000202:	a40d      	add	r4, pc, #52	@ (adr r4, 10000238 <data_cpy_table>)
10000204:	cc0e      	ldmia	r4!, {r1, r2, r3}
10000206:	2900      	cmp	r1, #0
10000208:	d002      	beq.n	10000210 <hold_non_core0_in_bootrom+0x12>
1000020a:	f000 f812 	bl	10000232 <data_cpy>
1000020e:	e7f9      	b.n	10000204 <hold_non_core0_in_bootrom+0x6>
10000210:	4919      	ldr	r1, [pc, #100]	@ (10000278 <data_cpy_table+0x40>)
10000212:	4a1a      	ldr	r2, [pc, #104]	@ (1000027c <data_cpy_table+0x44>)
10000214:	2000      	movs	r0, #0
10000216:	e000      	b.n	1000021a <bss_fill_test>

10000218 <bss_fill_loop>:
10000218:	c101      	stmia	r1!, {r0}

1000021a <bss_fill_test>:
1000021a:	4291      	cmp	r1, r2
1000021c:	d1fc      	bne.n	10000218 <bss_fill_loop>

1000021e <platform_entry>:
1000021e:	4918      	ldr	r1, [pc, #96]	@ (10000280 <data_cpy_table+0x48>)
10000220:	4788      	blx	r1
10000222:	4918      	ldr	r1, [pc, #96]	@ (10000284 <data_cpy_table+0x4c>)
10000224:	4788      	blx	r1
10000226:	4918      	ldr	r1, [pc, #96]	@ (10000288 <data_cpy_table+0x50>)
10000228:	4788      	blx	r1
1000022a:	be00      	bkpt	0x0000
1000022c:	e7fd      	b.n	1000022a <platform_entry+0xc>

1000022e <data_cpy_loop>:
1000022e:	c901      	ldmia	r1!, {r0}
10000230:	c201      	stmia	r2!, {r0}

10000232 <data_cpy>:
10000232:	429a      	cmp	r2, r3
10000234:	d3fb      	bcc.n	1000022e <data_cpy_loop>

10000236 <data_cpy_done>:
10000236:	4770      	bx	lr

10000238 <data_cpy_table>:
10000238:	100002bc 	.word	0x100002bc
1000023c:	200000f8 	.word	0x200000f8
10000240:	2000adb0 	.word	0x2000adb0
10000244:	1000af74 	.word	0x1000af74
10000248:	2000adb0 	.word	0x2000adb0
1000024c:	2000e0c8 	.word	0x2000e0c8
10000250:	1000e28c 	.word	0x1000e28c
10000254:	20040000 	.word	0x20040000
10000258:	20040000 	.word	0x20040000
1000025c:	1000e28c 	.word	0x1000e28c
10000260:	20041000 	.word	0x20041000
10000264:	20041000 	.word	0x20041000
10000268:	00000000 	.word	0x00000000
1000026c:	4770      	bx	lr
1000026e:	0000      	.short	0x0000
10000270:	e000ed08 	.word	0xe000ed08
10000274:	d0000000 	.word	0xd0000000
10000278:	2000e0c8 	.word	0x2000e0c8
1000027c:	20020ebc 	.word	0x20020ebc
10000280:	20009769 	.word	0x20009769
10000284:	200050e5 	.word	0x200050e5
10000288:	2000972b 	.word	0x2000972b

Disassembly of section .text:

200000f8 <sm_config_set_clkdiv>:
200000f8:	b570      	push	{r4, r5, r6, lr}
200000fa:	0005      	movs	r5, r0
200000fc:	1c08      	adds	r0, r1, #0
200000fe:	21ec      	movs	r1, #236	@ 0xec
20000100:	0589      	lsls	r1, r1, #22
20000102:	f008 f887 	bl	20008214 <__wrap___aeabi_fadd>
20000106:	1c06      	adds	r6, r0, #0
20000108:	f008 f8d0 	bl	200082ac <__wrap___aeabi_f2uiz>
2000010c:	b284      	uxth	r4, r0
2000010e:	2c00      	cmp	r4, #0
20000110:	d012      	beq.n	20000138 <sm_config_set_clkdiv+0x40>
20000112:	0020      	movs	r0, r4
20000114:	f008 f8a2 	bl	2000825c <__wrap___aeabi_ui2f>
20000118:	1c01      	adds	r1, r0, #0
2000011a:	1c30      	adds	r0, r6, #0
2000011c:	f008 f875 	bl	2000820a <__wrap___aeabi_fsub>
20000120:	2187      	movs	r1, #135	@ 0x87
20000122:	05c9      	lsls	r1, r1, #23
20000124:	f008 f891 	bl	2000824a <__wrap___aeabi_fmul>
20000128:	f008 f8c0 	bl	200082ac <__wrap___aeabi_f2uiz>
2000012c:	b2c3      	uxtb	r3, r0
2000012e:	021b      	lsls	r3, r3, #8
20000130:	0424      	lsls	r4, r4, #16
20000132:	431c      	orrs	r4, r3
20000134:	602c      	str	r4, [r5, #0]
20000136:	bd70      	pop	{r4, r5, r6, pc}
20000138:	0023      	movs	r3, r4
2000013a:	e7f8      	b.n	2000012e <sm_config_set_clkdiv+0x36>

2000013c <pio_get_default_sm_config>:
2000013c:	b510      	push	{r4, lr}
2000013e:	0004      	movs	r4, r0
20000140:	2210      	movs	r2, #16
20000142:	2100      	movs	r1, #0
20000144:	f008 f97c 	bl	20008440 <__wrap_memset>
20000148:	2380      	movs	r3, #128	@ 0x80
2000014a:	025b      	lsls	r3, r3, #9
2000014c:	6023      	str	r3, [r4, #0]
2000014e:	23f8      	movs	r3, #248	@ 0xf8
20000150:	025b      	lsls	r3, r3, #9
20000152:	6063      	str	r3, [r4, #4]
20000154:	2380      	movs	r3, #128	@ 0x80
20000156:	02db      	lsls	r3, r3, #11
20000158:	60a3      	str	r3, [r4, #8]
2000015a:	23c0      	movs	r3, #192	@ 0xc0
2000015c:	031b      	lsls	r3, r3, #12
2000015e:	60a3      	str	r3, [r4, #8]
20000160:	0020      	movs	r0, r4
20000162:	bd10      	pop	{r4, pc}

20000164 <uart_set_irqs_enabled>:
20000164:	b510      	push	{r4, lr}
20000166:	2a00      	cmp	r2, #0
20000168:	d01b      	beq.n	200001a2 <uart_set_irqs_enabled+0x3e>
2000016a:	2320      	movs	r3, #32
2000016c:	2900      	cmp	r1, #0
2000016e:	d01a      	beq.n	200001a6 <uart_set_irqs_enabled+0x42>
20000170:	2410      	movs	r4, #16
20000172:	4323      	orrs	r3, r4
20000174:	3430      	adds	r4, #48	@ 0x30
20000176:	46a4      	mov	ip, r4
20000178:	4664      	mov	r4, ip
2000017a:	4323      	orrs	r3, r4
2000017c:	6383      	str	r3, [r0, #56]	@ 0x38
2000017e:	2900      	cmp	r1, #0
20000180:	d005      	beq.n	2000018e <uart_set_irqs_enabled+0x2a>
20000182:	6b43      	ldr	r3, [r0, #52]	@ 0x34
20000184:	2138      	movs	r1, #56	@ 0x38
20000186:	400b      	ands	r3, r1
20000188:	4908      	ldr	r1, [pc, #32]	@ (200001ac <uart_set_irqs_enabled+0x48>)
2000018a:	1841      	adds	r1, r0, r1
2000018c:	600b      	str	r3, [r1, #0]
2000018e:	2a00      	cmp	r2, #0
20000190:	d006      	beq.n	200001a0 <uart_set_irqs_enabled+0x3c>
20000192:	6b43      	ldr	r3, [r0, #52]	@ 0x34
20000194:	2207      	movs	r2, #7
20000196:	4013      	ands	r3, r2
20000198:	4a04      	ldr	r2, [pc, #16]	@ (200001ac <uart_set_irqs_enabled+0x48>)
2000019a:	4694      	mov	ip, r2
2000019c:	4460      	add	r0, ip
2000019e:	6003      	str	r3, [r0, #0]
200001a0:	bd10      	pop	{r4, pc}
200001a2:	0013      	movs	r3, r2
200001a4:	e7e2      	b.n	2000016c <uart_set_irqs_enabled+0x8>
200001a6:	468c      	mov	ip, r1
200001a8:	e7e6      	b.n	20000178 <uart_set_irqs_enabled+0x14>
200001aa:	46c0      	nop			@ (mov r8, r8)
200001ac:	00001034 	.word	0x00001034

200001b0 <uart_getc>:
200001b0:	b082      	sub	sp, #8
200001b2:	2200      	movs	r2, #0
200001b4:	466b      	mov	r3, sp
200001b6:	1dd9      	adds	r1, r3, #7
200001b8:	e006      	b.n	200001c8 <uart_getc+0x18>
200001ba:	6983      	ldr	r3, [r0, #24]
200001bc:	06db      	lsls	r3, r3, #27
200001be:	d4fc      	bmi.n	200001ba <uart_getc+0xa>
200001c0:	6803      	ldr	r3, [r0, #0]
200001c2:	700b      	strb	r3, [r1, #0]
200001c4:	3201      	adds	r2, #1
200001c6:	3101      	adds	r1, #1
200001c8:	2a00      	cmp	r2, #0
200001ca:	d0f6      	beq.n	200001ba <uart_getc+0xa>
200001cc:	466b      	mov	r3, sp
200001ce:	79d8      	ldrb	r0, [r3, #7]
200001d0:	b002      	add	sp, #8
200001d2:	4770      	bx	lr

200001d4 <inhibited_signal_program_get_default_config>:
200001d4:	b570      	push	{r4, r5, r6, lr}
200001d6:	0004      	movs	r4, r0
200001d8:	000d      	movs	r5, r1
200001da:	f7ff ffaf 	bl	2000013c <pio_get_default_sm_config>
200001de:	002a      	movs	r2, r5
200001e0:	320a      	adds	r2, #10
200001e2:	6863      	ldr	r3, [r4, #4]
200001e4:	4904      	ldr	r1, [pc, #16]	@ (200001f8 <inhibited_signal_program_get_default_config+0x24>)
200001e6:	400b      	ands	r3, r1
200001e8:	01ed      	lsls	r5, r5, #7
200001ea:	432b      	orrs	r3, r5
200001ec:	0312      	lsls	r2, r2, #12
200001ee:	4313      	orrs	r3, r2
200001f0:	6063      	str	r3, [r4, #4]
200001f2:	0020      	movs	r0, r4
200001f4:	bd70      	pop	{r4, r5, r6, pc}
200001f6:	46c0      	nop			@ (mov r8, r8)
200001f8:	fffe007f 	.word	0xfffe007f

200001fc <device_to_host_program_get_default_config>:
200001fc:	b570      	push	{r4, r5, r6, lr}
200001fe:	0004      	movs	r4, r0
20000200:	000d      	movs	r5, r1
20000202:	f7ff ff9b 	bl	2000013c <pio_get_default_sm_config>
20000206:	002a      	movs	r2, r5
20000208:	320e      	adds	r2, #14
2000020a:	6863      	ldr	r3, [r4, #4]
2000020c:	4904      	ldr	r1, [pc, #16]	@ (20000220 <device_to_host_program_get_default_config+0x24>)
2000020e:	400b      	ands	r3, r1
20000210:	01ed      	lsls	r5, r5, #7
20000212:	432b      	orrs	r3, r5
20000214:	0312      	lsls	r2, r2, #12
20000216:	4313      	orrs	r3, r2
20000218:	6063      	str	r3, [r4, #4]
2000021a:	0020      	movs	r0, r4
2000021c:	bd70      	pop	{r4, r5, r6, pc}
2000021e:	46c0      	nop			@ (mov r8, r8)
20000220:	fffe007f 	.word	0xfffe007f

20000224 <idle_signal_program_get_default_config>:
20000224:	b570      	push	{r4, r5, r6, lr}
20000226:	0004      	movs	r4, r0
20000228:	000d      	movs	r5, r1
2000022a:	f7ff ff87 	bl	2000013c <pio_get_default_sm_config>
2000022e:	1daa      	adds	r2, r5, #6
20000230:	6863      	ldr	r3, [r4, #4]
20000232:	4904      	ldr	r1, [pc, #16]	@ (20000244 <idle_signal_program_get_default_config+0x20>)
20000234:	400b      	ands	r3, r1
20000236:	01ed      	lsls	r5, r5, #7
20000238:	432b      	orrs	r3, r5
2000023a:	0312      	lsls	r2, r2, #12
2000023c:	4313      	orrs	r3, r2
2000023e:	6063      	str	r3, [r4, #4]
20000240:	0020      	movs	r0, r4
20000242:	bd70      	pop	{r4, r5, r6, pc}
20000244:	fffe007f 	.word	0xfffe007f

20000248 <spi_bench_fill_pattern>:
20000248:	b510      	push	{r4, lr}
2000024a:	0014      	movs	r4, r2
2000024c:	0093      	lsls	r3, r2, #2
2000024e:	189b      	adds	r3, r3, r2
20000250:	015b      	lsls	r3, r3, #5
20000252:	1a9b      	subs	r3, r3, r2
20000254:	015a      	lsls	r2, r3, #5
20000256:	189b      	adds	r3, r3, r2
20000258:	009b      	lsls	r3, r3, #2
2000025a:	1b1b      	subs	r3, r3, r4
2000025c:	015a      	lsls	r2, r3, #5
2000025e:	1ad3      	subs	r3, r2, r3
20000260:	021a      	lsls	r2, r3, #8
20000262:	1ad2      	subs	r2, r2, r3
20000264:	0112      	lsls	r2, r2, #4
20000266:	1912      	adds	r2, r2, r4
20000268:	4b0a      	ldr	r3, [pc, #40]	@ (20000294 <spi_bench_fill_pattern+0x4c>)
2000026a:	469c      	mov	ip, r3
2000026c:	4462      	add	r2, ip
2000026e:	2a00      	cmp	r2, #0
20000270:	d00d      	beq.n	2000028e <spi_bench_fill_pattern+0x46>
20000272:	2400      	movs	r4, #0
20000274:	e008      	b.n	20000288 <spi_bench_fill_pattern+0x40>
20000276:	0353      	lsls	r3, r2, #13
20000278:	405a      	eors	r2, r3
2000027a:	0c53      	lsrs	r3, r2, #17
2000027c:	4053      	eors	r3, r2
2000027e:	015a      	lsls	r2, r3, #5
20000280:	405a      	eors	r2, r3
20000282:	0e13      	lsrs	r3, r2, #24
20000284:	5503      	strb	r3, [r0, r4]
20000286:	3401      	adds	r4, #1
20000288:	428c      	cmp	r4, r1
2000028a:	d3f4      	bcc.n	20000276 <spi_bench_fill_pattern+0x2e>
2000028c:	bd10      	pop	{r4, pc}
2000028e:	4a01      	ldr	r2, [pc, #4]	@ (20000294 <spi_bench_fill_pattern+0x4c>)
20000290:	e7ef      	b.n	20000272 <spi_bench_fill_pattern+0x2a>
20000292:	46c0      	nop			@ (mov r8, r8)
20000294:	9e3779b9 	.word	0x9e3779b9

20000298 <rp_fault_putc>:
20000298:	4b05      	ldr	r3, [pc, #20]	@ (200002b0 <rp_fault_putc+0x18>)
2000029a:	6b1b      	ldr	r3, [r3, #48]	@ 0x30
2000029c:	07db      	lsls	r3, r3, #31
2000029e:	d505      	bpl.n	200002ac <rp_fault_putc+0x14>
200002a0:	4b03      	ldr	r3, [pc, #12]	@ (200002b0 <rp_fault_putc+0x18>)
200002a2:	699b      	ldr	r3, [r3, #24]
200002a4:	069b      	lsls	r3, r3, #26
200002a6:	d4fb      	bmi.n	200002a0 <rp_fault_putc+0x8>
200002a8:	4b01      	ldr	r3, [pc, #4]	@ (200002b0 <rp_fault_putc+0x18>)
200002aa:	6018      	str	r0, [r3, #0]
200002ac:	4770      	bx	lr
200002ae:	46c0      	nop			@ (mov r8, r8)
200002b0:	40038000 	.word	0x40038000

200002b4 <rp_fault_puts>:
200002b4:	b510      	push	{r4, lr}
200002b6:	0004      	movs	r4, r0
200002b8:	e002      	b.n	200002c0 <rp_fault_puts+0xc>
200002ba:	3401      	adds	r4, #1
200002bc:	f7ff ffec 	bl	20000298 <rp_fault_putc>
200002c0:	7820      	ldrb	r0, [r4, #0]
200002c2:	2800      	cmp	r0, #0
200002c4:	d1f9      	bne.n	200002ba <rp_fault_puts+0x6>
200002c6:	bd10      	pop	{r4, pc}

200002c8 <rp_fault_hex>:
200002c8:	b570      	push	{r4, r5, r6, lr}
200002ca:	0005      	movs	r5, r0
200002cc:	4808      	ldr	r0, [pc, #32]	@ (200002f0 <rp_fault_hex+0x28>)
200002ce:	f7ff fff1 	bl	200002b4 <rp_fault_puts>
200002d2:	241c      	movs	r4, #28
200002d4:	e008      	b.n	200002e8 <rp_fault_hex+0x20>
200002d6:	002a      	movs	r2, r5
200002d8:	40e2      	lsrs	r2, r4
200002da:	230f      	movs	r3, #15
200002dc:	4013      	ands	r3, r2
200002de:	4a05      	ldr	r2, [pc, #20]	@ (200002f4 <rp_fault_hex+0x2c>)
200002e0:	5cd0      	ldrb	r0, [r2, r3]
200002e2:	f7ff ffd9 	bl	20000298 <rp_fault_putc>
200002e6:	3c04      	subs	r4, #4
200002e8:	2c00      	cmp	r4, #0
200002ea:	daf4      	bge.n	200002d6 <rp_fault_hex+0xe>
200002ec:	bd70      	pop	{r4, r5, r6, pc}
200002ee:	46c0      	nop			@ (mov r8, r8)
200002f0:	2000b294 	.word	0x2000b294
200002f4:	2000d578 	.word	0x2000d578

200002f8 <rp_fault_line>:
200002f8:	b510      	push	{r4, lr}
200002fa:	000c      	movs	r4, r1
200002fc:	f7ff ffda 	bl	200002b4 <rp_fault_puts>
20000300:	0020      	movs	r0, r4
20000302:	f7ff ffe1 	bl	200002c8 <rp_fault_hex>
20000306:	4802      	ldr	r0, [pc, #8]	@ (20000310 <rp_fault_line+0x18>)
20000308:	f7ff ffd4 	bl	200002b4 <rp_fault_puts>
2000030c:	bd10      	pop	{r4, pc}
2000030e:	46c0      	nop			@ (mov r8, r8)
20000310:	2000c4ec 	.word	0x2000c4ec

20000314 <get_start_free_flash_space_addr>:
20000314:	4801      	ldr	r0, [pc, #4]	@ (2000031c <get_start_free_flash_space_addr+0x8>)
20000316:	23ff      	movs	r3, #255	@ 0xff
20000318:	4398      	bics	r0, r3
2000031a:	4770      	bx	lr
2000031c:	1000e38b 	.word	0x1000e38b

20000320 <get_flash_end_address>:
20000320:	2088      	movs	r0, #136	@ 0x88
20000322:	0540      	lsls	r0, r0, #21
20000324:	4770      	bx	lr

20000326 <get_free_flash_space>:
20000326:	b510      	push	{r4, lr}
20000328:	f7ff fffa 	bl	20000320 <get_flash_end_address>
2000032c:	0004      	movs	r4, r0
2000032e:	f7ff fff1 	bl	20000314 <get_start_free_flash_space_addr>
20000332:	1a20      	subs	r0, r4, r0
20000334:	bd10      	pop	{r4, pc}
	...

20000338 <bootsel_pressed_safely>:
20000338:	b082      	sub	sp, #8
2000033a:	f3ef 8110 	mrs	r1, PRIMASK
2000033e:	b672      	cpsid	i
20000340:	4b14      	ldr	r3, [pc, #80]	@ (20000394 <bootsel_pressed_safely+0x5c>)
20000342:	681a      	ldr	r2, [r3, #0]
20000344:	2380      	movs	r3, #128	@ 0x80
20000346:	019b      	lsls	r3, r3, #6
20000348:	4053      	eors	r3, r2
2000034a:	22c0      	movs	r2, #192	@ 0xc0
2000034c:	0192      	lsls	r2, r2, #6
2000034e:	4013      	ands	r3, r2
20000350:	4a11      	ldr	r2, [pc, #68]	@ (20000398 <bootsel_pressed_safely+0x60>)
20000352:	6013      	str	r3, [r2, #0]
20000354:	2300      	movs	r3, #0
20000356:	9301      	str	r3, [sp, #4]
20000358:	e002      	b.n	20000360 <bootsel_pressed_safely+0x28>
2000035a:	9b01      	ldr	r3, [sp, #4]
2000035c:	3301      	adds	r3, #1
2000035e:	9301      	str	r3, [sp, #4]
20000360:	9a01      	ldr	r2, [sp, #4]
20000362:	23fa      	movs	r3, #250	@ 0xfa
20000364:	009b      	lsls	r3, r3, #2
20000366:	429a      	cmp	r2, r3
20000368:	dbf7      	blt.n	2000035a <bootsel_pressed_safely+0x22>
2000036a:	23d0      	movs	r3, #208	@ 0xd0
2000036c:	061b      	lsls	r3, r3, #24
2000036e:	689b      	ldr	r3, [r3, #8]
20000370:	2002      	movs	r0, #2
20000372:	4018      	ands	r0, r3
20000374:	0780      	lsls	r0, r0, #30
20000376:	0fc0      	lsrs	r0, r0, #31
20000378:	2301      	movs	r3, #1
2000037a:	4058      	eors	r0, r3
2000037c:	b2c0      	uxtb	r0, r0
2000037e:	4b05      	ldr	r3, [pc, #20]	@ (20000394 <bootsel_pressed_safely+0x5c>)
20000380:	681b      	ldr	r3, [r3, #0]
20000382:	22c0      	movs	r2, #192	@ 0xc0
20000384:	0192      	lsls	r2, r2, #6
20000386:	4013      	ands	r3, r2
20000388:	4a03      	ldr	r2, [pc, #12]	@ (20000398 <bootsel_pressed_safely+0x60>)
2000038a:	6013      	str	r3, [r2, #0]
2000038c:	f381 8810 	msr	PRIMASK, r1
20000390:	b002      	add	sp, #8
20000392:	4770      	bx	lr
20000394:	4001800c 	.word	0x4001800c
20000398:	4001900c 	.word	0x4001900c

2000039c <crc32_update>:
2000039c:	b570      	push	{r4, r5, r6, lr}
2000039e:	0003      	movs	r3, r0
200003a0:	000d      	movs	r5, r1
200003a2:	0016      	movs	r6, r2
200003a4:	2400      	movs	r4, #0
200003a6:	e00e      	b.n	200003c6 <crc32_update+0x2a>
200003a8:	5d28      	ldrb	r0, [r5, r4]
200003aa:	4058      	eors	r0, r3
200003ac:	0901      	lsrs	r1, r0, #4
200003ae:	230f      	movs	r3, #15
200003b0:	4018      	ands	r0, r3
200003b2:	4a07      	ldr	r2, [pc, #28]	@ (200003d0 <crc32_update+0x34>)
200003b4:	0080      	lsls	r0, r0, #2
200003b6:	5880      	ldr	r0, [r0, r2]
200003b8:	4041      	eors	r1, r0
200003ba:	0908      	lsrs	r0, r1, #4
200003bc:	400b      	ands	r3, r1
200003be:	009b      	lsls	r3, r3, #2
200003c0:	589b      	ldr	r3, [r3, r2]
200003c2:	4043      	eors	r3, r0
200003c4:	3401      	adds	r4, #1
200003c6:	42b4      	cmp	r4, r6
200003c8:	d3ee      	bcc.n	200003a8 <crc32_update+0xc>
200003ca:	0018      	movs	r0, r3
200003cc:	bd70      	pop	{r4, r5, r6, pc}
200003ce:	46c0      	nop			@ (mov r8, r8)
200003d0:	2000d52c 	.word	0x2000d52c

200003d4 <crc32_buffer>:
200003d4:	b510      	push	{r4, lr}
200003d6:	000a      	movs	r2, r1
200003d8:	2301      	movs	r3, #1
200003da:	0001      	movs	r1, r0
200003dc:	4258      	negs	r0, r3
200003de:	f7ff ffdd 	bl	2000039c <crc32_update>
200003e2:	43c0      	mvns	r0, r0
200003e4:	bd10      	pop	{r4, pc}

200003e6 <crc32_flash_region>:
200003e6:	b510      	push	{r4, lr}
200003e8:	2380      	movs	r3, #128	@ 0x80
200003ea:	055b      	lsls	r3, r3, #21
200003ec:	469c      	mov	ip, r3
200003ee:	4460      	add	r0, ip
200003f0:	f7ff fff0 	bl	200003d4 <crc32_buffer>
200003f4:	bd10      	pop	{r4, pc}
	...

200003f8 <ota_app_size>:
200003f8:	4803      	ldr	r0, [pc, #12]	@ (20000408 <ota_app_size+0x10>)
200003fa:	23ff      	movs	r3, #255	@ 0xff
200003fc:	4398      	bics	r0, r3
200003fe:	23f0      	movs	r3, #240	@ 0xf0
20000400:	061b      	lsls	r3, r3, #24
20000402:	469c      	mov	ip, r3
20000404:	4460      	add	r0, ip
20000406:	4770      	bx	lr
20000408:	1000e38b 	.word	0x1000e38b

2000040c <ota_meta_valid>:
2000040c:	b510      	push	{r4, lr}
2000040e:	0004      	movs	r4, r0
20000410:	6802      	ldr	r2, [r0, #0]
20000412:	4b07      	ldr	r3, [pc, #28]	@ (20000430 <ota_meta_valid+0x24>)
20000414:	429a      	cmp	r2, r3
20000416:	d108      	bne.n	2000042a <ota_meta_valid+0x1e>
20000418:	2124      	movs	r1, #36	@ 0x24
2000041a:	f7ff ffdb 	bl	200003d4 <crc32_buffer>
2000041e:	6a63      	ldr	r3, [r4, #36]	@ 0x24
20000420:	1ac0      	subs	r0, r0, r3
20000422:	4243      	negs	r3, r0
20000424:	4158      	adcs	r0, r3
20000426:	b2c0      	uxtb	r0, r0
20000428:	bd10      	pop	{r4, pc}
2000042a:	2000      	movs	r0, #0
2000042c:	e7fc      	b.n	20000428 <ota_meta_valid+0x1c>
2000042e:	46c0      	nop			@ (mov r8, r8)
20000430:	494b4b4f 	.word	0x494b4b4f

20000434 <spi_get_u32>:
20000434:	0003      	movs	r3, r0
20000436:	7800      	ldrb	r0, [r0, #0]
20000438:	785a      	ldrb	r2, [r3, #1]
2000043a:	0212      	lsls	r2, r2, #8
2000043c:	4310      	orrs	r0, r2
2000043e:	789a      	ldrb	r2, [r3, #2]
20000440:	0412      	lsls	r2, r2, #16
20000442:	4310      	orrs	r0, r2
20000444:	78db      	ldrb	r3, [r3, #3]
20000446:	061b      	lsls	r3, r3, #24
20000448:	4318      	orrs	r0, r3
2000044a:	4770      	bx	lr

2000044c <spi_put_u32>:
2000044c:	7001      	strb	r1, [r0, #0]
2000044e:	0a0b      	lsrs	r3, r1, #8
20000450:	7043      	strb	r3, [r0, #1]
20000452:	0c0b      	lsrs	r3, r1, #16
20000454:	7083      	strb	r3, [r0, #2]
20000456:	0e09      	lsrs	r1, r1, #24
20000458:	70c1      	strb	r1, [r0, #3]
2000045a:	4770      	bx	lr

2000045c <spi_frame_is_silent>:
2000045c:	2200      	movs	r2, #0
2000045e:	2aff      	cmp	r2, #255	@ 0xff
20000460:	d806      	bhi.n	20000470 <spi_frame_is_silent+0x14>
20000462:	5c83      	ldrb	r3, [r0, r2]
20000464:	3b01      	subs	r3, #1
20000466:	b2db      	uxtb	r3, r3
20000468:	2bfd      	cmp	r3, #253	@ 0xfd
2000046a:	d903      	bls.n	20000474 <spi_frame_is_silent+0x18>
2000046c:	3201      	adds	r2, #1
2000046e:	e7f6      	b.n	2000045e <spi_frame_is_silent+0x2>
20000470:	2001      	movs	r0, #1
20000472:	e000      	b.n	20000476 <spi_frame_is_silent+0x1a>
20000474:	2000      	movs	r0, #0
20000476:	4770      	bx	lr

20000478 <bench_uart_drain>:
20000478:	4b04      	ldr	r3, [pc, #16]	@ (2000048c <bench_uart_drain+0x14>)
2000047a:	699b      	ldr	r3, [r3, #24]
2000047c:	071b      	lsls	r3, r3, #28
2000047e:	d4fb      	bmi.n	20000478 <bench_uart_drain>
20000480:	4b03      	ldr	r3, [pc, #12]	@ (20000490 <bench_uart_drain+0x18>)
20000482:	699b      	ldr	r3, [r3, #24]
20000484:	071b      	lsls	r3, r3, #28
20000486:	d4fb      	bmi.n	20000480 <bench_uart_drain+0x8>
20000488:	4770      	bx	lr
2000048a:	46c0      	nop			@ (mov r8, r8)
2000048c:	40034000 	.word	0x40034000
20000490:	40038000 	.word	0x40038000

20000494 <bench_peri_auxsrc>:
20000494:	4b02      	ldr	r3, [pc, #8]	@ (200004a0 <bench_peri_auxsrc+0xc>)
20000496:	6c9b      	ldr	r3, [r3, #72]	@ 0x48
20000498:	095b      	lsrs	r3, r3, #5
2000049a:	2007      	movs	r0, #7
2000049c:	4018      	ands	r0, r3
2000049e:	4770      	bx	lr
200004a0:	40008000 	.word	0x40008000

200004a4 <bench_save_usb_pll>:
200004a4:	490b      	ldr	r1, [pc, #44]	@ (200004d4 <bench_save_usb_pll+0x30>)
200004a6:	680a      	ldr	r2, [r1, #0]
200004a8:	233f      	movs	r3, #63	@ 0x3f
200004aa:	4013      	ands	r3, r2
200004ac:	4a0a      	ldr	r2, [pc, #40]	@ (200004d8 <bench_save_usb_pll+0x34>)
200004ae:	6013      	str	r3, [r2, #0]
200004b0:	688b      	ldr	r3, [r1, #8]
200004b2:	051b      	lsls	r3, r3, #20
200004b4:	0d1b      	lsrs	r3, r3, #20
200004b6:	4a09      	ldr	r2, [pc, #36]	@ (200004dc <bench_save_usb_pll+0x38>)
200004b8:	6013      	str	r3, [r2, #0]
200004ba:	68cb      	ldr	r3, [r1, #12]
200004bc:	0c1b      	lsrs	r3, r3, #16
200004be:	2207      	movs	r2, #7
200004c0:	4013      	ands	r3, r2
200004c2:	4807      	ldr	r0, [pc, #28]	@ (200004e0 <bench_save_usb_pll+0x3c>)
200004c4:	6003      	str	r3, [r0, #0]
200004c6:	68cb      	ldr	r3, [r1, #12]
200004c8:	0b1b      	lsrs	r3, r3, #12
200004ca:	401a      	ands	r2, r3
200004cc:	4b05      	ldr	r3, [pc, #20]	@ (200004e4 <bench_save_usb_pll+0x40>)
200004ce:	601a      	str	r2, [r3, #0]
200004d0:	4770      	bx	lr
200004d2:	46c0      	nop			@ (mov r8, r8)
200004d4:	4002c000 	.word	0x4002c000
200004d8:	2000e5f4 	.word	0x2000e5f4
200004dc:	2000e5e8 	.word	0x2000e5e8
200004e0:	2000e5ec 	.word	0x2000e5ec
200004e4:	2000e5f0 	.word	0x2000e5f0

200004e8 <bench_frame_is_ours>:
200004e8:	7943      	ldrb	r3, [r0, #5]
200004ea:	2b03      	cmp	r3, #3
200004ec:	d001      	beq.n	200004f2 <bench_frame_is_ours+0xa>
200004ee:	2000      	movs	r0, #0
200004f0:	4770      	bx	lr
200004f2:	7b42      	ldrb	r2, [r0, #13]
200004f4:	4b03      	ldr	r3, [pc, #12]	@ (20000504 <bench_frame_is_ours+0x1c>)
200004f6:	781b      	ldrb	r3, [r3, #0]
200004f8:	429a      	cmp	r2, r3
200004fa:	d001      	beq.n	20000500 <bench_frame_is_ours+0x18>
200004fc:	2000      	movs	r0, #0
200004fe:	e7f7      	b.n	200004f0 <bench_frame_is_ours+0x8>
20000500:	2001      	movs	r0, #1
20000502:	e7f5      	b.n	200004f0 <bench_frame_is_ours+0x8>
20000504:	20020e9b 	.word	0x20020e9b

20000508 <uart_bench_build>:
20000508:	b5f8      	push	{r3, r4, r5, r6, r7, lr}
2000050a:	0004      	movs	r4, r0
2000050c:	000f      	movs	r7, r1
2000050e:	0015      	movs	r5, r2
20000510:	490c      	ldr	r1, [pc, #48]	@ (20000544 <uart_bench_build+0x3c>)
20000512:	2204      	movs	r2, #4
20000514:	f007 ff9a 	bl	2000844c <__wrap___aeabi_memcpy>
20000518:	1d26      	adds	r6, r4, #4
2000051a:	0029      	movs	r1, r5
2000051c:	0030      	movs	r0, r6
2000051e:	f7ff ff95 	bl	2000044c <spi_put_u32>
20000522:	0020      	movs	r0, r4
20000524:	3008      	adds	r0, #8
20000526:	19ea      	adds	r2, r5, r7
20000528:	2130      	movs	r1, #48	@ 0x30
2000052a:	f7ff fe8d 	bl	20000248 <spi_bench_fill_pattern>
2000052e:	2134      	movs	r1, #52	@ 0x34
20000530:	0030      	movs	r0, r6
20000532:	f7ff ff4f 	bl	200003d4 <crc32_buffer>
20000536:	0001      	movs	r1, r0
20000538:	0020      	movs	r0, r4
2000053a:	3038      	adds	r0, #56	@ 0x38
2000053c:	f7ff ff86 	bl	2000044c <spi_put_u32>
20000540:	bdf8      	pop	{r3, r4, r5, r6, r7, pc}
20000542:	46c0      	nop			@ (mov r8, r8)
20000544:	2000b298 	.word	0x2000b298

20000548 <uart_rp_clean>:
20000548:	b5f0      	push	{r4, r5, r6, r7, lr}
2000054a:	46c6      	mov	lr, r8
2000054c:	b500      	push	{lr}
2000054e:	6884      	ldr	r4, [r0, #8]
20000550:	2c00      	cmp	r4, #0
20000552:	d030      	beq.n	200005b6 <uart_rp_clean+0x6e>
20000554:	6b45      	ldr	r5, [r0, #52]	@ 0x34
20000556:	2d00      	cmp	r5, #0
20000558:	d031      	beq.n	200005be <uart_rp_clean+0x76>
2000055a:	6903      	ldr	r3, [r0, #16]
2000055c:	2b00      	cmp	r3, #0
2000055e:	d130      	bne.n	200005c2 <uart_rp_clean+0x7a>
20000560:	6b03      	ldr	r3, [r0, #48]	@ 0x30
20000562:	1e1e      	subs	r6, r3, #0
20000564:	d12f      	bne.n	200005c6 <uart_rp_clean+0x7e>
20000566:	6ac3      	ldr	r3, [r0, #44]	@ 0x2c
20000568:	429c      	cmp	r4, r3
2000056a:	d922      	bls.n	200005b2 <uart_rp_clean+0x6a>
2000056c:	1ae3      	subs	r3, r4, r3
2000056e:	4698      	mov	r8, r3
20000570:	68c3      	ldr	r3, [r0, #12]
20000572:	429d      	cmp	r5, r3
20000574:	d901      	bls.n	2000057a <uart_rp_clean+0x32>
20000576:	1aeb      	subs	r3, r5, r3
20000578:	001e      	movs	r6, r3
2000057a:	21fa      	movs	r1, #250	@ 0xfa
2000057c:	0089      	lsls	r1, r1, #2
2000057e:	0020      	movs	r0, r4
20000580:	f006 ffb0 	bl	200074e4 <__wrap___aeabi_uidiv>
20000584:	0007      	movs	r7, r0
20000586:	21fa      	movs	r1, #250	@ 0xfa
20000588:	0089      	lsls	r1, r1, #2
2000058a:	0028      	movs	r0, r5
2000058c:	f006 ffaa 	bl	200074e4 <__wrap___aeabi_uidiv>
20000590:	4b0f      	ldr	r3, [pc, #60]	@ (200005d0 <uart_rp_clean+0x88>)
20000592:	429c      	cmp	r4, r3
20000594:	d801      	bhi.n	2000059a <uart_rp_clean+0x52>
20000596:	2303      	movs	r3, #3
20000598:	001f      	movs	r7, r3
2000059a:	4b0d      	ldr	r3, [pc, #52]	@ (200005d0 <uart_rp_clean+0x88>)
2000059c:	429d      	cmp	r5, r3
2000059e:	d800      	bhi.n	200005a2 <uart_rp_clean+0x5a>
200005a0:	2003      	movs	r0, #3
200005a2:	4643      	mov	r3, r8
200005a4:	42bb      	cmp	r3, r7
200005a6:	d810      	bhi.n	200005ca <uart_rp_clean+0x82>
200005a8:	2300      	movs	r3, #0
200005aa:	42b0      	cmp	r0, r6
200005ac:	415b      	adcs	r3, r3
200005ae:	b2d8      	uxtb	r0, r3
200005b0:	e002      	b.n	200005b8 <uart_rp_clean+0x70>
200005b2:	46b0      	mov	r8, r6
200005b4:	e7dc      	b.n	20000570 <uart_rp_clean+0x28>
200005b6:	2000      	movs	r0, #0
200005b8:	bc80      	pop	{r7}
200005ba:	46b8      	mov	r8, r7
200005bc:	bdf0      	pop	{r4, r5, r6, r7, pc}
200005be:	2000      	movs	r0, #0
200005c0:	e7fa      	b.n	200005b8 <uart_rp_clean+0x70>
200005c2:	2000      	movs	r0, #0
200005c4:	e7f8      	b.n	200005b8 <uart_rp_clean+0x70>
200005c6:	2000      	movs	r0, #0
200005c8:	e7f6      	b.n	200005b8 <uart_rp_clean+0x70>
200005ca:	2000      	movs	r0, #0
200005cc:	e7f4      	b.n	200005b8 <uart_rp_clean+0x70>
200005ce:	46c0      	nop			@ (mov r8, r8)
200005d0:	00000bb7 	.word	0x00000bb7

200005d4 <bench_rp_clean>:
200005d4:	b510      	push	{r4, lr}
200005d6:	233c      	movs	r3, #60	@ 0x3c
200005d8:	5cc3      	ldrb	r3, [r0, r3]
200005da:	2b01      	cmp	r3, #1
200005dc:	d018      	beq.n	20000610 <bench_rp_clean+0x3c>
200005de:	6883      	ldr	r3, [r0, #8]
200005e0:	2b00      	cmp	r3, #0
200005e2:	d018      	beq.n	20000616 <bench_rp_clean+0x42>
200005e4:	6902      	ldr	r2, [r0, #16]
200005e6:	2a00      	cmp	r2, #0
200005e8:	d117      	bne.n	2000061a <bench_rp_clean+0x46>
200005ea:	6942      	ldr	r2, [r0, #20]
200005ec:	2a00      	cmp	r2, #0
200005ee:	d116      	bne.n	2000061e <bench_rp_clean+0x4a>
200005f0:	8d42      	ldrh	r2, [r0, #42]	@ 0x2a
200005f2:	2a1f      	cmp	r2, #31
200005f4:	d815      	bhi.n	20000622 <bench_rp_clean+0x4e>
200005f6:	68c2      	ldr	r2, [r0, #12]
200005f8:	1a9c      	subs	r4, r3, r2
200005fa:	21fa      	movs	r1, #250	@ 0xfa
200005fc:	0089      	lsls	r1, r1, #2
200005fe:	0018      	movs	r0, r3
20000600:	f006 ff70 	bl	200074e4 <__wrap___aeabi_uidiv>
20000604:	0003      	movs	r3, r0
20000606:	2000      	movs	r0, #0
20000608:	42a3      	cmp	r3, r4
2000060a:	4140      	adcs	r0, r0
2000060c:	b2c0      	uxtb	r0, r0
2000060e:	e003      	b.n	20000618 <bench_rp_clean+0x44>
20000610:	f7ff ff9a 	bl	20000548 <uart_rp_clean>
20000614:	e000      	b.n	20000618 <bench_rp_clean+0x44>
20000616:	2000      	movs	r0, #0
20000618:	bd10      	pop	{r4, pc}
2000061a:	2000      	movs	r0, #0
2000061c:	e7fc      	b.n	20000618 <bench_rp_clean+0x44>
2000061e:	2000      	movs	r0, #0
20000620:	e7fa      	b.n	20000618 <bench_rp_clean+0x44>
20000622:	2000      	movs	r0, #0
20000624:	e7f8      	b.n	20000618 <bench_rp_clean+0x44>

20000626 <bench_stat_add>:
20000626:	b530      	push	{r4, r5, lr}
20000628:	233c      	movs	r3, #60	@ 0x3c
2000062a:	5cca      	ldrb	r2, [r1, r3]
2000062c:	54c2      	strb	r2, [r0, r3]
2000062e:	6ac3      	ldr	r3, [r0, #44]	@ 0x2c
20000630:	6aca      	ldr	r2, [r1, #44]	@ 0x2c
20000632:	189b      	adds	r3, r3, r2
20000634:	62c3      	str	r3, [r0, #44]	@ 0x2c
20000636:	6b03      	ldr	r3, [r0, #48]	@ 0x30
20000638:	6b0a      	ldr	r2, [r1, #48]	@ 0x30
2000063a:	189b      	adds	r3, r3, r2
2000063c:	6303      	str	r3, [r0, #48]	@ 0x30
2000063e:	6b43      	ldr	r3, [r0, #52]	@ 0x34
20000640:	6b4a      	ldr	r2, [r1, #52]	@ 0x34
20000642:	189b      	adds	r3, r3, r2
20000644:	6343      	str	r3, [r0, #52]	@ 0x34
20000646:	680b      	ldr	r3, [r1, #0]
20000648:	6003      	str	r3, [r0, #0]
2000064a:	684b      	ldr	r3, [r1, #4]
2000064c:	6043      	str	r3, [r0, #4]
2000064e:	6a4b      	ldr	r3, [r1, #36]	@ 0x24
20000650:	6243      	str	r3, [r0, #36]	@ 0x24
20000652:	2338      	movs	r3, #56	@ 0x38
20000654:	5cca      	ldrb	r2, [r1, r3]
20000656:	54c2      	strb	r2, [r0, r3]
20000658:	3301      	adds	r3, #1
2000065a:	5cca      	ldrb	r2, [r1, r3]
2000065c:	54c2      	strb	r2, [r0, r3]
2000065e:	3301      	adds	r3, #1
20000660:	5cca      	ldrb	r2, [r1, r3]
20000662:	54c2      	strb	r2, [r0, r3]
20000664:	3301      	adds	r3, #1
20000666:	5cca      	ldrb	r2, [r1, r3]
20000668:	54c2      	strb	r2, [r0, r3]
2000066a:	6883      	ldr	r3, [r0, #8]
2000066c:	688a      	ldr	r2, [r1, #8]
2000066e:	189b      	adds	r3, r3, r2
20000670:	6083      	str	r3, [r0, #8]
20000672:	68c3      	ldr	r3, [r0, #12]
20000674:	68ca      	ldr	r2, [r1, #12]
20000676:	189b      	adds	r3, r3, r2
20000678:	60c3      	str	r3, [r0, #12]
2000067a:	6903      	ldr	r3, [r0, #16]
2000067c:	690a      	ldr	r2, [r1, #16]
2000067e:	189b      	adds	r3, r3, r2
20000680:	6103      	str	r3, [r0, #16]
20000682:	6943      	ldr	r3, [r0, #20]
20000684:	694a      	ldr	r2, [r1, #20]
20000686:	189b      	adds	r3, r3, r2
20000688:	6143      	str	r3, [r0, #20]
2000068a:	6a03      	ldr	r3, [r0, #32]
2000068c:	6a0a      	ldr	r2, [r1, #32]
2000068e:	189b      	adds	r3, r3, r2
20000690:	6203      	str	r3, [r0, #32]
20000692:	6982      	ldr	r2, [r0, #24]
20000694:	69c3      	ldr	r3, [r0, #28]
20000696:	698c      	ldr	r4, [r1, #24]
20000698:	69cd      	ldr	r5, [r1, #28]
2000069a:	1912      	adds	r2, r2, r4
2000069c:	416b      	adcs	r3, r5
2000069e:	6182      	str	r2, [r0, #24]
200006a0:	61c3      	str	r3, [r0, #28]
200006a2:	8d0b      	ldrh	r3, [r1, #40]	@ 0x28
200006a4:	8d02      	ldrh	r2, [r0, #40]	@ 0x28
200006a6:	4293      	cmp	r3, r2
200006a8:	d200      	bcs.n	200006ac <bench_stat_add+0x86>
200006aa:	8503      	strh	r3, [r0, #40]	@ 0x28
200006ac:	8d4b      	ldrh	r3, [r1, #42]	@ 0x2a
200006ae:	8d42      	ldrh	r2, [r0, #42]	@ 0x2a
200006b0:	4293      	cmp	r3, r2
200006b2:	d900      	bls.n	200006b6 <bench_stat_add+0x90>
200006b4:	8543      	strh	r3, [r0, #42]	@ 0x2a
200006b6:	bd30      	pop	{r4, r5, pc}

200006b8 <bench_esp_gone>:
200006b8:	4b04      	ldr	r3, [pc, #16]	@ (200006cc <bench_esp_gone+0x14>)
200006ba:	781b      	ldrb	r3, [r3, #0]
200006bc:	3b04      	subs	r3, #4
200006be:	b2db      	uxtb	r3, r3
200006c0:	2000      	movs	r0, #0
200006c2:	2201      	movs	r2, #1
200006c4:	429a      	cmp	r2, r3
200006c6:	4140      	adcs	r0, r0
200006c8:	b2c0      	uxtb	r0, r0
200006ca:	4770      	bx	lr
200006cc:	20020e97 	.word	0x20020e97

200006d0 <restart_device_to_host_sm>:
200006d0:	4b06      	ldr	r3, [pc, #24]	@ (200006ec <restart_device_to_host_sm+0x1c>)
200006d2:	6819      	ldr	r1, [r3, #0]
200006d4:	4b06      	ldr	r3, [pc, #24]	@ (200006f0 <restart_device_to_host_sm+0x20>)
200006d6:	681b      	ldr	r3, [r3, #0]
200006d8:	221f      	movs	r2, #31
200006da:	401a      	ands	r2, r3
200006dc:	004b      	lsls	r3, r1, #1
200006de:	185b      	adds	r3, r3, r1
200006e0:	00db      	lsls	r3, r3, #3
200006e2:	4904      	ldr	r1, [pc, #16]	@ (200006f4 <restart_device_to_host_sm+0x24>)
200006e4:	468c      	mov	ip, r1
200006e6:	4463      	add	r3, ip
200006e8:	601a      	str	r2, [r3, #0]
200006ea:	4770      	bx	lr
200006ec:	2000fd4c 	.word	0x2000fd4c
200006f0:	2000fdc8 	.word	0x2000fdc8
200006f4:	502000d8 	.word	0x502000d8

200006f8 <restart_host_to_device_sm>:
200006f8:	4b06      	ldr	r3, [pc, #24]	@ (20000714 <restart_host_to_device_sm+0x1c>)
200006fa:	6819      	ldr	r1, [r3, #0]
200006fc:	4b06      	ldr	r3, [pc, #24]	@ (20000718 <restart_host_to_device_sm+0x20>)
200006fe:	681b      	ldr	r3, [r3, #0]
20000700:	221f      	movs	r2, #31
20000702:	401a      	ands	r2, r3
20000704:	004b      	lsls	r3, r1, #1
20000706:	185b      	adds	r3, r3, r1
20000708:	00db      	lsls	r3, r3, #3
2000070a:	4904      	ldr	r1, [pc, #16]	@ (2000071c <restart_host_to_device_sm+0x24>)
2000070c:	468c      	mov	ip, r1
2000070e:	4463      	add	r3, ip
20000710:	601a      	str	r2, [r3, #0]
20000712:	4770      	bx	lr
20000714:	2000fd48 	.word	0x2000fd48
20000718:	2000fdcc 	.word	0x2000fdcc
2000071c:	503000d8 	.word	0x503000d8

20000720 <stop_device_to_host_sm>:
20000720:	b510      	push	{r4, lr}
20000722:	23d0      	movs	r3, #208	@ 0xd0
20000724:	061b      	lsls	r3, r3, #24
20000726:	2280      	movs	r2, #128	@ 0x80
20000728:	03d2      	lsls	r2, r2, #15
2000072a:	615a      	str	r2, [r3, #20]
2000072c:	23d0      	movs	r3, #208	@ 0xd0
2000072e:	061b      	lsls	r3, r3, #24
20000730:	685b      	ldr	r3, [r3, #4]
20000732:	025b      	lsls	r3, r3, #9
20000734:	d5fa      	bpl.n	2000072c <stop_device_to_host_sm+0xc>
20000736:	f7ff ffcb 	bl	200006d0 <restart_device_to_host_sm>
2000073a:	bd10      	pop	{r4, pc}

2000073c <start_device_to_host_sm>:
2000073c:	b510      	push	{r4, lr}
2000073e:	23d0      	movs	r3, #208	@ 0xd0
20000740:	061b      	lsls	r3, r3, #24
20000742:	2280      	movs	r2, #128	@ 0x80
20000744:	03d2      	lsls	r2, r2, #15
20000746:	619a      	str	r2, [r3, #24]
20000748:	f7ff ffc2 	bl	200006d0 <restart_device_to_host_sm>
2000074c:	bd10      	pop	{r4, pc}
	...

20000750 <pio0_irq>:
20000750:	b510      	push	{r4, lr}
20000752:	4b0b      	ldr	r3, [pc, #44]	@ (20000780 <pio0_irq+0x30>)
20000754:	6b1b      	ldr	r3, [r3, #48]	@ 0x30
20000756:	07db      	lsls	r3, r3, #31
20000758:	d404      	bmi.n	20000764 <pio0_irq+0x14>
2000075a:	4b09      	ldr	r3, [pc, #36]	@ (20000780 <pio0_irq+0x30>)
2000075c:	6b1b      	ldr	r3, [r3, #48]	@ 0x30
2000075e:	079b      	lsls	r3, r3, #30
20000760:	d406      	bmi.n	20000770 <pio0_irq+0x20>
20000762:	bd10      	pop	{r4, pc}
20000764:	4b06      	ldr	r3, [pc, #24]	@ (20000780 <pio0_irq+0x30>)
20000766:	2201      	movs	r2, #1
20000768:	631a      	str	r2, [r3, #48]	@ 0x30
2000076a:	f7ff ffd9 	bl	20000720 <stop_device_to_host_sm>
2000076e:	e7f8      	b.n	20000762 <pio0_irq+0x12>
20000770:	4b03      	ldr	r3, [pc, #12]	@ (20000780 <pio0_irq+0x30>)
20000772:	2202      	movs	r2, #2
20000774:	631a      	str	r2, [r3, #48]	@ 0x30
20000776:	f7ff ffe1 	bl	2000073c <start_device_to_host_sm>
2000077a:	f7ff ffbd 	bl	200006f8 <restart_host_to_device_sm>
2000077e:	e7f0      	b.n	20000762 <pio0_irq+0x12>
20000780:	50200000 	.word	0x50200000

20000784 <pio1_irq>:
20000784:	b510      	push	{r4, lr}
20000786:	4b0a      	ldr	r3, [pc, #40]	@ (200007b0 <pio1_irq+0x2c>)
20000788:	6b1b      	ldr	r3, [r3, #48]	@ 0x30
2000078a:	07db      	lsls	r3, r3, #31
2000078c:	d407      	bmi.n	2000079e <pio1_irq+0x1a>
2000078e:	4b08      	ldr	r3, [pc, #32]	@ (200007b0 <pio1_irq+0x2c>)
20000790:	6b1b      	ldr	r3, [r3, #48]	@ 0x30
20000792:	079b      	lsls	r3, r3, #30
20000794:	d502      	bpl.n	2000079c <pio1_irq+0x18>
20000796:	4b06      	ldr	r3, [pc, #24]	@ (200007b0 <pio1_irq+0x2c>)
20000798:	2202      	movs	r2, #2
2000079a:	631a      	str	r2, [r3, #48]	@ 0x30
2000079c:	bd10      	pop	{r4, pc}
2000079e:	4b04      	ldr	r3, [pc, #16]	@ (200007b0 <pio1_irq+0x2c>)
200007a0:	2201      	movs	r2, #1
200007a2:	631a      	str	r2, [r3, #48]	@ 0x30
200007a4:	f7ff ffca 	bl	2000073c <start_device_to_host_sm>
200007a8:	f7ff ffa6 	bl	200006f8 <restart_host_to_device_sm>
200007ac:	e7f6      	b.n	2000079c <pio1_irq+0x18>
200007ae:	46c0      	nop			@ (mov r8, r8)
200007b0:	50300000 	.word	0x50300000

200007b4 <esp_link_master_init>:
200007b4:	b510      	push	{r4, lr}
200007b6:	200e      	movs	r0, #14
200007b8:	f005 f935 	bl	20005a26 <gpio_init>
200007bc:	23d0      	movs	r3, #208	@ 0xd0
200007be:	061b      	lsls	r3, r3, #24
200007c0:	2280      	movs	r2, #128	@ 0x80
200007c2:	01d2      	lsls	r2, r2, #7
200007c4:	625a      	str	r2, [r3, #36]	@ 0x24
200007c6:	619a      	str	r2, [r3, #24]
200007c8:	bd10      	pop	{r4, pc}
	...

200007cc <gpio_callback>:
200007cc:	b510      	push	{r4, lr}
200007ce:	281c      	cmp	r0, #28
200007d0:	d000      	beq.n	200007d4 <gpio_callback+0x8>
200007d2:	bd10      	pop	{r4, pc}
200007d4:	f005 f927 	bl	20005a26 <gpio_init>
200007d8:	2380      	movs	r3, #128	@ 0x80
200007da:	055b      	lsls	r3, r3, #21
200007dc:	24d0      	movs	r4, #208	@ 0xd0
200007de:	0624      	lsls	r4, r4, #24
200007e0:	62a3      	str	r3, [r4, #40]	@ 0x28
200007e2:	200e      	movs	r0, #14
200007e4:	f005 f91f 	bl	20005a26 <gpio_init>
200007e8:	2380      	movs	r3, #128	@ 0x80
200007ea:	01db      	lsls	r3, r3, #7
200007ec:	62a3      	str	r3, [r4, #40]	@ 0x28
200007ee:	200f      	movs	r0, #15
200007f0:	f005 f919 	bl	20005a26 <gpio_init>
200007f4:	2380      	movs	r3, #128	@ 0x80
200007f6:	021b      	lsls	r3, r3, #8
200007f8:	62a3      	str	r3, [r4, #40]	@ 0x28
200007fa:	4b06      	ldr	r3, [pc, #24]	@ (20000814 <gpio_callback+0x48>)
200007fc:	4a06      	ldr	r2, [pc, #24]	@ (20000818 <gpio_callback+0x4c>)
200007fe:	601a      	str	r2, [r3, #0]
20000800:	4806      	ldr	r0, [pc, #24]	@ (2000081c <gpio_callback+0x50>)
20000802:	f009 f90a 	bl	20009a1a <__wrap_puts>
20000806:	2200      	movs	r2, #0
20000808:	2100      	movs	r1, #0
2000080a:	2000      	movs	r0, #0
2000080c:	f006 fcc2 	bl	20007194 <watchdog_reboot>
20000810:	e7df      	b.n	200007d2 <gpio_callback+0x6>
20000812:	46c0      	nop			@ (mov r8, r8)
20000814:	200000f4 	.word	0x200000f4
20000818:	69699696 	.word	0x69699696
2000081c:	2000b2a0 	.word	0x2000b2a0

20000820 <blink_led>:
20000820:	b5f8      	push	{r3, r4, r5, r6, r7, lr}
20000822:	0007      	movs	r7, r0
20000824:	201a      	movs	r0, #26
20000826:	f005 f8fe 	bl	20005a26 <gpio_init>
2000082a:	23d0      	movs	r3, #208	@ 0xd0
2000082c:	061b      	lsls	r3, r3, #24
2000082e:	2280      	movs	r2, #128	@ 0x80
20000830:	04d2      	lsls	r2, r2, #19
20000832:	625a      	str	r2, [r3, #36]	@ 0x24
20000834:	20c8      	movs	r0, #200	@ 0xc8
20000836:	f006 f889 	bl	2000694c <sleep_ms>
2000083a:	2400      	movs	r4, #0
2000083c:	e00c      	b.n	20000858 <blink_led+0x38>
2000083e:	25d0      	movs	r5, #208	@ 0xd0
20000840:	062d      	lsls	r5, r5, #24
20000842:	2680      	movs	r6, #128	@ 0x80
20000844:	04f6      	lsls	r6, r6, #19
20000846:	616e      	str	r6, [r5, #20]
20000848:	20c8      	movs	r0, #200	@ 0xc8
2000084a:	f006 f87f 	bl	2000694c <sleep_ms>
2000084e:	61ae      	str	r6, [r5, #24]
20000850:	20c8      	movs	r0, #200	@ 0xc8
20000852:	f006 f87b 	bl	2000694c <sleep_ms>
20000856:	3401      	adds	r4, #1
20000858:	42bc      	cmp	r4, r7
2000085a:	dbf0      	blt.n	2000083e <blink_led+0x1e>
2000085c:	23d0      	movs	r3, #208	@ 0xd0
2000085e:	061b      	lsls	r3, r3, #24
20000860:	2280      	movs	r2, #128	@ 0x80
20000862:	04d2      	lsls	r2, r2, #19
20000864:	629a      	str	r2, [r3, #40]	@ 0x28
20000866:	bdf8      	pop	{r3, r4, r5, r6, r7, pc}

20000868 <bench_log_step>:
20000868:	b5f0      	push	{r4, r5, r6, r7, lr}
2000086a:	46c6      	mov	lr, r8
2000086c:	b500      	push	{lr}
2000086e:	b088      	sub	sp, #32
20000870:	0006      	movs	r6, r0
20000872:	0014      	movs	r4, r2
20000874:	4698      	mov	r8, r3
20000876:	ab0e      	add	r3, sp, #56	@ 0x38
20000878:	781d      	ldrb	r5, [r3, #0]
2000087a:	6813      	ldr	r3, [r2, #0]
2000087c:	6a52      	ldr	r2, [r2, #36]	@ 0x24
2000087e:	481a      	ldr	r0, [pc, #104]	@ (200008e8 <bench_log_step+0x80>)
20000880:	9200      	str	r2, [sp, #0]
20000882:	000a      	movs	r2, r1
20000884:	0031      	movs	r1, r6
20000886:	f009 f8f7 	bl	20009a78 <__wrap_printf>
2000088a:	2338      	movs	r3, #56	@ 0x38
2000088c:	5ce1      	ldrb	r1, [r4, r3]
2000088e:	2900      	cmp	r1, #0
20000890:	d11e      	bne.n	200008d0 <bench_log_step+0x68>
20000892:	68a1      	ldr	r1, [r4, #8]
20000894:	68e2      	ldr	r2, [r4, #12]
20000896:	6923      	ldr	r3, [r4, #16]
20000898:	6a20      	ldr	r0, [r4, #32]
2000089a:	4684      	mov	ip, r0
2000089c:	6966      	ldr	r6, [r4, #20]
2000089e:	8d27      	ldrh	r7, [r4, #40]	@ 0x28
200008a0:	8d64      	ldrh	r4, [r4, #42]	@ 0x2a
200008a2:	4640      	mov	r0, r8
200008a4:	2801      	cmp	r0, #1
200008a6:	d01b      	beq.n	200008e0 <bench_log_step+0x78>
200008a8:	4810      	ldr	r0, [pc, #64]	@ (200008ec <bench_log_step+0x84>)
200008aa:	2d00      	cmp	r5, #0
200008ac:	d01a      	beq.n	200008e4 <bench_log_step+0x7c>
200008ae:	4d10      	ldr	r5, [pc, #64]	@ (200008f0 <bench_log_step+0x88>)
200008b0:	9506      	str	r5, [sp, #24]
200008b2:	9005      	str	r0, [sp, #20]
200008b4:	2520      	movs	r5, #32
200008b6:	9504      	str	r5, [sp, #16]
200008b8:	9403      	str	r4, [sp, #12]
200008ba:	9702      	str	r7, [sp, #8]
200008bc:	9601      	str	r6, [sp, #4]
200008be:	4660      	mov	r0, ip
200008c0:	9000      	str	r0, [sp, #0]
200008c2:	480c      	ldr	r0, [pc, #48]	@ (200008f4 <bench_log_step+0x8c>)
200008c4:	f009 f8d8 	bl	20009a78 <__wrap_printf>
200008c8:	b008      	add	sp, #32
200008ca:	bc80      	pop	{r7}
200008cc:	46b8      	mov	r8, r7
200008ce:	bdf0      	pop	{r4, r5, r6, r7, pc}
200008d0:	3301      	adds	r3, #1
200008d2:	5ce2      	ldrb	r2, [r4, r3]
200008d4:	3301      	adds	r3, #1
200008d6:	5ce3      	ldrb	r3, [r4, r3]
200008d8:	4807      	ldr	r0, [pc, #28]	@ (200008f8 <bench_log_step+0x90>)
200008da:	f009 f8cd 	bl	20009a78 <__wrap_printf>
200008de:	e7d8      	b.n	20000892 <bench_log_step+0x2a>
200008e0:	4806      	ldr	r0, [pc, #24]	@ (200008fc <bench_log_step+0x94>)
200008e2:	e7e2      	b.n	200008aa <bench_log_step+0x42>
200008e4:	4d06      	ldr	r5, [pc, #24]	@ (20000900 <bench_log_step+0x98>)
200008e6:	e7e3      	b.n	200008b0 <bench_log_step+0x48>
200008e8:	2000b300 	.word	0x2000b300
200008ec:	2000b2e4 	.word	0x2000b2e4
200008f0:	2000b2f0 	.word	0x2000b2f0
200008f4:	2000b340 	.word	0x2000b340
200008f8:	2000b324 	.word	0x2000b324
200008fc:	2000b2dc 	.word	0x2000b2dc
20000900:	2000b2f8 	.word	0x2000b2f8

20000904 <report_last_fault>:
20000904:	b530      	push	{r4, r5, lr}
20000906:	b083      	sub	sp, #12
20000908:	4b13      	ldr	r3, [pc, #76]	@ (20000958 <report_last_fault+0x54>)
2000090a:	681a      	ldr	r2, [r3, #0]
2000090c:	4b13      	ldr	r3, [pc, #76]	@ (2000095c <report_last_fault+0x58>)
2000090e:	429a      	cmp	r2, r3
20000910:	d001      	beq.n	20000916 <report_last_fault+0x12>
20000912:	b003      	add	sp, #12
20000914:	bd30      	pop	{r4, r5, pc}
20000916:	4c10      	ldr	r4, [pc, #64]	@ (20000958 <report_last_fault+0x54>)
20000918:	6aa1      	ldr	r1, [r4, #40]	@ 0x28
2000091a:	6ae2      	ldr	r2, [r4, #44]	@ 0x2c
2000091c:	2301      	movs	r3, #1
2000091e:	4019      	ands	r1, r3
20000920:	480f      	ldr	r0, [pc, #60]	@ (20000960 <report_last_fault+0x5c>)
20000922:	f009 f8a9 	bl	20009a78 <__wrap_printf>
20000926:	6861      	ldr	r1, [r4, #4]
20000928:	68a2      	ldr	r2, [r4, #8]
2000092a:	68e3      	ldr	r3, [r4, #12]
2000092c:	6920      	ldr	r0, [r4, #16]
2000092e:	4684      	mov	ip, r0
20000930:	480c      	ldr	r0, [pc, #48]	@ (20000964 <report_last_fault+0x60>)
20000932:	4665      	mov	r5, ip
20000934:	9500      	str	r5, [sp, #0]
20000936:	f009 f89f 	bl	20009a78 <__wrap_printf>
2000093a:	6961      	ldr	r1, [r4, #20]
2000093c:	69a2      	ldr	r2, [r4, #24]
2000093e:	69e3      	ldr	r3, [r4, #28]
20000940:	6a20      	ldr	r0, [r4, #32]
20000942:	4684      	mov	ip, r0
20000944:	6a60      	ldr	r0, [r4, #36]	@ 0x24
20000946:	9001      	str	r0, [sp, #4]
20000948:	4660      	mov	r0, ip
2000094a:	9000      	str	r0, [sp, #0]
2000094c:	4806      	ldr	r0, [pc, #24]	@ (20000968 <report_last_fault+0x64>)
2000094e:	f009 f893 	bl	20009a78 <__wrap_printf>
20000952:	2300      	movs	r3, #0
20000954:	6023      	str	r3, [r4, #0]
20000956:	e7dc      	b.n	20000912 <report_last_fault+0xe>
20000958:	200000c4 	.word	0x200000c4
2000095c:	fa017edc 	.word	0xfa017edc
20000960:	2000b39c 	.word	0x2000b39c
20000964:	2000b3e8 	.word	0x2000b3e8
20000968:	2000b414 	.word	0x2000b414

2000096c <report_flash_layout>:
2000096c:	b570      	push	{r4, r5, r6, lr}
2000096e:	f7ff fcd1 	bl	20000314 <get_start_free_flash_space_addr>
20000972:	0005      	movs	r5, r0
20000974:	f7ff fcd4 	bl	20000320 <get_flash_end_address>
20000978:	0004      	movs	r4, r0
2000097a:	f7ff fcd4 	bl	20000326 <get_free_flash_space>
2000097e:	0003      	movs	r3, r0
20000980:	4802      	ldr	r0, [pc, #8]	@ (2000098c <report_flash_layout+0x20>)
20000982:	0022      	movs	r2, r4
20000984:	0029      	movs	r1, r5
20000986:	f009 f877 	bl	20009a78 <__wrap_printf>
2000098a:	bd70      	pop	{r4, r5, r6, pc}
2000098c:	2000b448 	.word	0x2000b448

20000990 <st_pin_release>:
20000990:	b510      	push	{r4, lr}
20000992:	0004      	movs	r4, r0
20000994:	f005 f847 	bl	20005a26 <gpio_init>
20000998:	2301      	movs	r3, #1
2000099a:	40a3      	lsls	r3, r4
2000099c:	22d0      	movs	r2, #208	@ 0xd0
2000099e:	0612      	lsls	r2, r2, #24
200009a0:	6293      	str	r3, [r2, #40]	@ 0x28
200009a2:	2200      	movs	r2, #0
200009a4:	2100      	movs	r1, #0
200009a6:	0020      	movs	r0, r4
200009a8:	f004 ffbc 	bl	20005924 <gpio_set_pulls>
200009ac:	bd10      	pop	{r4, pc}

200009ae <st_pin_restore>:
200009ae:	b570      	push	{r4, r5, r6, lr}
200009b0:	0004      	movs	r4, r0
200009b2:	000d      	movs	r5, r1
200009b4:	7882      	ldrb	r2, [r0, #2]
200009b6:	2301      	movs	r3, #1
200009b8:	408b      	lsls	r3, r1
200009ba:	2a00      	cmp	r2, #0
200009bc:	d012      	beq.n	200009e4 <st_pin_restore+0x36>
200009be:	22d0      	movs	r2, #208	@ 0xd0
200009c0:	0612      	lsls	r2, r2, #24
200009c2:	6153      	str	r3, [r2, #20]
200009c4:	7862      	ldrb	r2, [r4, #1]
200009c6:	2a00      	cmp	r2, #0
200009c8:	d010      	beq.n	200009ec <st_pin_restore+0x3e>
200009ca:	22d0      	movs	r2, #208	@ 0xd0
200009cc:	0612      	lsls	r2, r2, #24
200009ce:	6253      	str	r3, [r2, #36]	@ 0x24
200009d0:	78e1      	ldrb	r1, [r4, #3]
200009d2:	7922      	ldrb	r2, [r4, #4]
200009d4:	0028      	movs	r0, r5
200009d6:	f004 ffa5 	bl	20005924 <gpio_set_pulls>
200009da:	7821      	ldrb	r1, [r4, #0]
200009dc:	0028      	movs	r0, r5
200009de:	f004 ff7d 	bl	200058dc <gpio_set_function>
200009e2:	bd70      	pop	{r4, r5, r6, pc}
200009e4:	22d0      	movs	r2, #208	@ 0xd0
200009e6:	0612      	lsls	r2, r2, #24
200009e8:	6193      	str	r3, [r2, #24]
200009ea:	e7eb      	b.n	200009c4 <st_pin_restore+0x16>
200009ec:	22d0      	movs	r2, #208	@ 0xd0
200009ee:	0612      	lsls	r2, r2, #24
200009f0:	6293      	str	r3, [r2, #40]	@ 0x28
200009f2:	e7ed      	b.n	200009d0 <st_pin_restore+0x22>

200009f4 <esp_link_uart_init>:
200009f4:	b510      	push	{r4, lr}
200009f6:	4b1b      	ldr	r3, [pc, #108]	@ (20000a64 <esp_link_uart_init+0x70>)
200009f8:	2201      	movs	r2, #1
200009fa:	2104      	movs	r1, #4
200009fc:	201c      	movs	r0, #28
200009fe:	f004 fff7 	bl	200059f0 <gpio_set_irq_enabled_with_callback>
20000a02:	4c19      	ldr	r4, [pc, #100]	@ (20000a68 <esp_link_uart_init+0x74>)
20000a04:	4919      	ldr	r1, [pc, #100]	@ (20000a6c <esp_link_uart_init+0x78>)
20000a06:	0020      	movs	r0, r4
20000a08:	f006 f96e 	bl	20006ce8 <uart_init>
20000a0c:	2102      	movs	r1, #2
20000a0e:	2010      	movs	r0, #16
20000a10:	f004 ff64 	bl	200058dc <gpio_set_function>
20000a14:	2102      	movs	r1, #2
20000a16:	2011      	movs	r0, #17
20000a18:	f004 ff60 	bl	200058dc <gpio_set_function>
20000a1c:	6b23      	ldr	r3, [r4, #48]	@ 0x30
20000a1e:	22c0      	movs	r2, #192	@ 0xc0
20000a20:	0212      	lsls	r2, r2, #8
20000a22:	4013      	ands	r3, r2
20000a24:	4a12      	ldr	r2, [pc, #72]	@ (20000a70 <esp_link_uart_init+0x7c>)
20000a26:	6013      	str	r3, [r2, #0]
20000a28:	2300      	movs	r3, #0
20000a2a:	2201      	movs	r2, #1
20000a2c:	2108      	movs	r1, #8
20000a2e:	0020      	movs	r0, r4
20000a30:	f006 f928 	bl	20006c84 <uart_set_format>
20000a34:	2100      	movs	r1, #0
20000a36:	0020      	movs	r0, r4
20000a38:	f006 f93a 	bl	20006cb0 <uart_set_fifo_enabled>
20000a3c:	2200      	movs	r2, #0
20000a3e:	2100      	movs	r1, #0
20000a40:	0020      	movs	r0, r4
20000a42:	f7ff fb8f 	bl	20000164 <uart_set_irqs_enabled>
20000a46:	200f      	movs	r0, #15
20000a48:	f004 ffed 	bl	20005a26 <gpio_init>
20000a4c:	23d0      	movs	r3, #208	@ 0xd0
20000a4e:	061b      	lsls	r3, r3, #24
20000a50:	2280      	movs	r2, #128	@ 0x80
20000a52:	0212      	lsls	r2, r2, #8
20000a54:	629a      	str	r2, [r3, #40]	@ 0x28
20000a56:	2200      	movs	r2, #0
20000a58:	2101      	movs	r1, #1
20000a5a:	200f      	movs	r0, #15
20000a5c:	f004 ff62 	bl	20005924 <gpio_set_pulls>
20000a60:	bd10      	pop	{r4, pc}
20000a62:	46c0      	nop			@ (mov r8, r8)
20000a64:	200007cd 	.word	0x200007cd
20000a68:	40034000 	.word	0x40034000
20000a6c:	00012480 	.word	0x00012480
20000a70:	40035030 	.word	0x40035030

20000a74 <wait_esp_ready>:
20000a74:	b570      	push	{r4, r5, r6, lr}
20000a76:	0005      	movs	r5, r0
20000a78:	f006 f86c 	bl	20006b54 <time_us_64>
20000a7c:	002a      	movs	r2, r5
20000a7e:	2300      	movs	r3, #0
20000a80:	1880      	adds	r0, r0, r2
20000a82:	4159      	adcs	r1, r3
20000a84:	0004      	movs	r4, r0
20000a86:	000d      	movs	r5, r1
20000a88:	23d0      	movs	r3, #208	@ 0xd0
20000a8a:	061b      	lsls	r3, r3, #24
20000a8c:	685b      	ldr	r3, [r3, #4]
20000a8e:	041b      	lsls	r3, r3, #16
20000a90:	d408      	bmi.n	20000aa4 <wait_esp_ready+0x30>
20000a92:	f006 f85f 	bl	20006b54 <time_us_64>
20000a96:	42a9      	cmp	r1, r5
20000a98:	d802      	bhi.n	20000aa0 <wait_esp_ready+0x2c>
20000a9a:	d1f5      	bne.n	20000a88 <wait_esp_ready+0x14>
20000a9c:	42a0      	cmp	r0, r4
20000a9e:	d9f3      	bls.n	20000a88 <wait_esp_ready+0x14>
20000aa0:	2000      	movs	r0, #0
20000aa2:	e000      	b.n	20000aa6 <wait_esp_ready+0x32>
20000aa4:	2001      	movs	r0, #1
20000aa6:	bd70      	pop	{r4, r5, r6, pc}

20000aa8 <wait_esp_consumed>:
20000aa8:	b570      	push	{r4, r5, r6, lr}
20000aaa:	0005      	movs	r5, r0
20000aac:	f006 f852 	bl	20006b54 <time_us_64>
20000ab0:	002a      	movs	r2, r5
20000ab2:	2300      	movs	r3, #0
20000ab4:	1880      	adds	r0, r0, r2
20000ab6:	4159      	adcs	r1, r3
20000ab8:	0004      	movs	r4, r0
20000aba:	000d      	movs	r5, r1
20000abc:	23d0      	movs	r3, #208	@ 0xd0
20000abe:	061b      	lsls	r3, r3, #24
20000ac0:	685b      	ldr	r3, [r3, #4]
20000ac2:	041b      	lsls	r3, r3, #16
20000ac4:	d508      	bpl.n	20000ad8 <wait_esp_consumed+0x30>
20000ac6:	f006 f845 	bl	20006b54 <time_us_64>
20000aca:	42a9      	cmp	r1, r5
20000acc:	d802      	bhi.n	20000ad4 <wait_esp_consumed+0x2c>
20000ace:	d1f5      	bne.n	20000abc <wait_esp_consumed+0x14>
20000ad0:	42a0      	cmp	r0, r4
20000ad2:	d9f3      	bls.n	20000abc <wait_esp_consumed+0x14>
20000ad4:	2000      	movs	r0, #0
20000ad6:	e000      	b.n	20000ada <wait_esp_consumed+0x32>
20000ad8:	2001      	movs	r0, #1
20000ada:	bd70      	pop	{r4, r5, r6, pc}

20000adc <my_spi_write_blocking>:
20000adc:	b570      	push	{r4, r5, r6, lr}
20000ade:	000a      	movs	r2, r1
20000ae0:	46c0      	nop			@ (mov r8, r8)
20000ae2:	46c0      	nop			@ (mov r8, r8)
20000ae4:	46c0      	nop			@ (mov r8, r8)
20000ae6:	46c0      	nop			@ (mov r8, r8)
20000ae8:	46c0      	nop			@ (mov r8, r8)
20000aea:	46c0      	nop			@ (mov r8, r8)
20000aec:	24d0      	movs	r4, #208	@ 0xd0
20000aee:	0624      	lsls	r4, r4, #24
20000af0:	2580      	movs	r5, #128	@ 0x80
20000af2:	01ad      	lsls	r5, r5, #6
20000af4:	61a5      	str	r5, [r4, #24]
20000af6:	46c0      	nop			@ (mov r8, r8)
20000af8:	46c0      	nop			@ (mov r8, r8)
20000afa:	46c0      	nop			@ (mov r8, r8)
20000afc:	46c0      	nop			@ (mov r8, r8)
20000afe:	46c0      	nop			@ (mov r8, r8)
20000b00:	46c0      	nop			@ (mov r8, r8)
20000b02:	46c0      	nop			@ (mov r8, r8)
20000b04:	46c0      	nop			@ (mov r8, r8)
20000b06:	46c0      	nop			@ (mov r8, r8)
20000b08:	46c0      	nop			@ (mov r8, r8)
20000b0a:	46c0      	nop			@ (mov r8, r8)
20000b0c:	46c0      	nop			@ (mov r8, r8)
20000b0e:	46c0      	nop			@ (mov r8, r8)
20000b10:	46c0      	nop			@ (mov r8, r8)
20000b12:	46c0      	nop			@ (mov r8, r8)
20000b14:	46c0      	nop			@ (mov r8, r8)
20000b16:	46c0      	nop			@ (mov r8, r8)
20000b18:	46c0      	nop			@ (mov r8, r8)
20000b1a:	46c0      	nop			@ (mov r8, r8)
20000b1c:	46c0      	nop			@ (mov r8, r8)
20000b1e:	46c0      	nop			@ (mov r8, r8)
20000b20:	46c0      	nop			@ (mov r8, r8)
20000b22:	46c0      	nop			@ (mov r8, r8)
20000b24:	46c0      	nop			@ (mov r8, r8)
20000b26:	46c0      	nop			@ (mov r8, r8)
20000b28:	46c0      	nop			@ (mov r8, r8)
20000b2a:	46c0      	nop			@ (mov r8, r8)
20000b2c:	46c0      	nop			@ (mov r8, r8)
20000b2e:	46c0      	nop			@ (mov r8, r8)
20000b30:	46c0      	nop			@ (mov r8, r8)
20000b32:	46c0      	nop			@ (mov r8, r8)
20000b34:	46c0      	nop			@ (mov r8, r8)
20000b36:	46c0      	nop			@ (mov r8, r8)
20000b38:	46c0      	nop			@ (mov r8, r8)
20000b3a:	46c0      	nop			@ (mov r8, r8)
20000b3c:	46c0      	nop			@ (mov r8, r8)
20000b3e:	46c0      	nop			@ (mov r8, r8)
20000b40:	46c0      	nop			@ (mov r8, r8)
20000b42:	46c0      	nop			@ (mov r8, r8)
20000b44:	46c0      	nop			@ (mov r8, r8)
20000b46:	46c0      	nop			@ (mov r8, r8)
20000b48:	46c0      	nop			@ (mov r8, r8)
20000b4a:	46c0      	nop			@ (mov r8, r8)
20000b4c:	46c0      	nop			@ (mov r8, r8)
20000b4e:	46c0      	nop			@ (mov r8, r8)
20000b50:	46c0      	nop			@ (mov r8, r8)
20000b52:	46c0      	nop			@ (mov r8, r8)
20000b54:	46c0      	nop			@ (mov r8, r8)
20000b56:	46c0      	nop			@ (mov r8, r8)
20000b58:	46c0      	nop			@ (mov r8, r8)
20000b5a:	46c0      	nop			@ (mov r8, r8)
20000b5c:	46c0      	nop			@ (mov r8, r8)
20000b5e:	46c0      	nop			@ (mov r8, r8)
20000b60:	46c0      	nop			@ (mov r8, r8)
20000b62:	46c0      	nop			@ (mov r8, r8)
20000b64:	46c0      	nop			@ (mov r8, r8)
20000b66:	46c0      	nop			@ (mov r8, r8)
20000b68:	46c0      	nop			@ (mov r8, r8)
20000b6a:	46c0      	nop			@ (mov r8, r8)
20000b6c:	46c0      	nop			@ (mov r8, r8)
20000b6e:	46c0      	nop			@ (mov r8, r8)
20000b70:	46c0      	nop			@ (mov r8, r8)
20000b72:	46c0      	nop			@ (mov r8, r8)
20000b74:	46c0      	nop			@ (mov r8, r8)
20000b76:	46c0      	nop			@ (mov r8, r8)
20000b78:	46c0      	nop			@ (mov r8, r8)
20000b7a:	46c0      	nop			@ (mov r8, r8)
20000b7c:	46c0      	nop			@ (mov r8, r8)
20000b7e:	46c0      	nop			@ (mov r8, r8)
20000b80:	46c0      	nop			@ (mov r8, r8)
20000b82:	46c0      	nop			@ (mov r8, r8)
20000b84:	46c0      	nop			@ (mov r8, r8)
20000b86:	46c0      	nop			@ (mov r8, r8)
20000b88:	46c0      	nop			@ (mov r8, r8)
20000b8a:	46c0      	nop			@ (mov r8, r8)
20000b8c:	46c0      	nop			@ (mov r8, r8)
20000b8e:	46c0      	nop			@ (mov r8, r8)
20000b90:	46c0      	nop			@ (mov r8, r8)
20000b92:	46c0      	nop			@ (mov r8, r8)
20000b94:	46c0      	nop			@ (mov r8, r8)
20000b96:	46c0      	nop			@ (mov r8, r8)
20000b98:	46c0      	nop			@ (mov r8, r8)
20000b9a:	46c0      	nop			@ (mov r8, r8)
20000b9c:	46c0      	nop			@ (mov r8, r8)
20000b9e:	46c0      	nop			@ (mov r8, r8)
20000ba0:	46c0      	nop			@ (mov r8, r8)
20000ba2:	46c0      	nop			@ (mov r8, r8)
20000ba4:	46c0      	nop			@ (mov r8, r8)
20000ba6:	46c0      	nop			@ (mov r8, r8)
20000ba8:	46c0      	nop			@ (mov r8, r8)
20000baa:	0001      	movs	r1, r0
20000bac:	4832      	ldr	r0, [pc, #200]	@ (20000c78 <my_spi_write_blocking+0x19c>)
20000bae:	f00a f9c5 	bl	2000af3c <spi_write_blocking>
20000bb2:	46c0      	nop			@ (mov r8, r8)
20000bb4:	46c0      	nop			@ (mov r8, r8)
20000bb6:	46c0      	nop			@ (mov r8, r8)
20000bb8:	46c0      	nop			@ (mov r8, r8)
20000bba:	46c0      	nop			@ (mov r8, r8)
20000bbc:	46c0      	nop			@ (mov r8, r8)
20000bbe:	46c0      	nop			@ (mov r8, r8)
20000bc0:	46c0      	nop			@ (mov r8, r8)
20000bc2:	46c0      	nop			@ (mov r8, r8)
20000bc4:	46c0      	nop			@ (mov r8, r8)
20000bc6:	46c0      	nop			@ (mov r8, r8)
20000bc8:	46c0      	nop			@ (mov r8, r8)
20000bca:	46c0      	nop			@ (mov r8, r8)
20000bcc:	46c0      	nop			@ (mov r8, r8)
20000bce:	46c0      	nop			@ (mov r8, r8)
20000bd0:	46c0      	nop			@ (mov r8, r8)
20000bd2:	46c0      	nop			@ (mov r8, r8)
20000bd4:	46c0      	nop			@ (mov r8, r8)
20000bd6:	46c0      	nop			@ (mov r8, r8)
20000bd8:	46c0      	nop			@ (mov r8, r8)
20000bda:	46c0      	nop			@ (mov r8, r8)
20000bdc:	46c0      	nop			@ (mov r8, r8)
20000bde:	46c0      	nop			@ (mov r8, r8)
20000be0:	46c0      	nop			@ (mov r8, r8)
20000be2:	46c0      	nop			@ (mov r8, r8)
20000be4:	46c0      	nop			@ (mov r8, r8)
20000be6:	46c0      	nop			@ (mov r8, r8)
20000be8:	46c0      	nop			@ (mov r8, r8)
20000bea:	46c0      	nop			@ (mov r8, r8)
20000bec:	46c0      	nop			@ (mov r8, r8)
20000bee:	46c0      	nop			@ (mov r8, r8)
20000bf0:	46c0      	nop			@ (mov r8, r8)
20000bf2:	46c0      	nop			@ (mov r8, r8)
20000bf4:	46c0      	nop			@ (mov r8, r8)
20000bf6:	46c0      	nop			@ (mov r8, r8)
20000bf8:	46c0      	nop			@ (mov r8, r8)
20000bfa:	46c0      	nop			@ (mov r8, r8)
20000bfc:	46c0      	nop			@ (mov r8, r8)
20000bfe:	46c0      	nop			@ (mov r8, r8)
20000c00:	46c0      	nop			@ (mov r8, r8)
20000c02:	46c0      	nop			@ (mov r8, r8)
20000c04:	46c0      	nop			@ (mov r8, r8)
20000c06:	46c0      	nop			@ (mov r8, r8)
20000c08:	46c0      	nop			@ (mov r8, r8)
20000c0a:	46c0      	nop			@ (mov r8, r8)
20000c0c:	46c0      	nop			@ (mov r8, r8)
20000c0e:	46c0      	nop			@ (mov r8, r8)
20000c10:	46c0      	nop			@ (mov r8, r8)
20000c12:	46c0      	nop			@ (mov r8, r8)
20000c14:	46c0      	nop			@ (mov r8, r8)
20000c16:	46c0      	nop			@ (mov r8, r8)
20000c18:	46c0      	nop			@ (mov r8, r8)
20000c1a:	46c0      	nop			@ (mov r8, r8)
20000c1c:	46c0      	nop			@ (mov r8, r8)
20000c1e:	46c0      	nop			@ (mov r8, r8)
20000c20:	46c0      	nop			@ (mov r8, r8)
20000c22:	46c0      	nop			@ (mov r8, r8)
20000c24:	46c0      	nop			@ (mov r8, r8)
20000c26:	46c0      	nop			@ (mov r8, r8)
20000c28:	46c0      	nop			@ (mov r8, r8)
20000c2a:	46c0      	nop			@ (mov r8, r8)
20000c2c:	46c0      	nop			@ (mov r8, r8)
20000c2e:	46c0      	nop			@ (mov r8, r8)
20000c30:	46c0      	nop			@ (mov r8, r8)
20000c32:	46c0      	nop			@ (mov r8, r8)
20000c34:	46c0      	nop			@ (mov r8, r8)
20000c36:	46c0      	nop			@ (mov r8, r8)
20000c38:	46c0      	nop			@ (mov r8, r8)
20000c3a:	46c0      	nop			@ (mov r8, r8)
20000c3c:	46c0      	nop			@ (mov r8, r8)
20000c3e:	46c0      	nop			@ (mov r8, r8)
20000c40:	46c0      	nop			@ (mov r8, r8)
20000c42:	46c0      	nop			@ (mov r8, r8)
20000c44:	46c0      	nop			@ (mov r8, r8)
20000c46:	46c0      	nop			@ (mov r8, r8)
20000c48:	46c0      	nop			@ (mov r8, r8)
20000c4a:	46c0      	nop			@ (mov r8, r8)
20000c4c:	46c0      	nop			@ (mov r8, r8)
20000c4e:	46c0      	nop			@ (mov r8, r8)
20000c50:	46c0      	nop			@ (mov r8, r8)
20000c52:	46c0      	nop			@ (mov r8, r8)
20000c54:	46c0      	nop			@ (mov r8, r8)
20000c56:	46c0      	nop			@ (mov r8, r8)
20000c58:	46c0      	nop			@ (mov r8, r8)
20000c5a:	46c0      	nop			@ (mov r8, r8)
20000c5c:	46c0      	nop			@ (mov r8, r8)
20000c5e:	46c0      	nop			@ (mov r8, r8)
20000c60:	46c0      	nop			@ (mov r8, r8)
20000c62:	46c0      	nop			@ (mov r8, r8)
20000c64:	46c0      	nop			@ (mov r8, r8)
20000c66:	6165      	str	r5, [r4, #20]
20000c68:	46c0      	nop			@ (mov r8, r8)
20000c6a:	46c0      	nop			@ (mov r8, r8)
20000c6c:	46c0      	nop			@ (mov r8, r8)
20000c6e:	46c0      	nop			@ (mov r8, r8)
20000c70:	46c0      	nop			@ (mov r8, r8)
20000c72:	46c0      	nop			@ (mov r8, r8)
20000c74:	bd70      	pop	{r4, r5, r6, pc}
20000c76:	46c0      	nop			@ (mov r8, r8)
20000c78:	40040000 	.word	0x40040000

20000c7c <uart_resolve_rate>:
20000c7c:	b570      	push	{r4, r5, r6, lr}
20000c7e:	0004      	movs	r4, r0
20000c80:	0008      	movs	r0, r1
20000c82:	000d      	movs	r5, r1
20000c84:	220c      	movs	r2, #12
20000c86:	2100      	movs	r1, #0
20000c88:	f007 fbda 	bl	20008440 <__wrap_memset>
20000c8c:	230c      	movs	r3, #12
20000c8e:	2b00      	cmp	r3, #0
20000c90:	db09      	blt.n	20000ca6 <uart_resolve_rate+0x2a>
20000c92:	4a06      	ldr	r2, [pc, #24]	@ (20000cac <uart_resolve_rate+0x30>)
20000c94:	0099      	lsls	r1, r3, #2
20000c96:	588a      	ldr	r2, [r1, r2]
20000c98:	42a2      	cmp	r2, r4
20000c9a:	d901      	bls.n	20000ca0 <uart_resolve_rate+0x24>
20000c9c:	3b01      	subs	r3, #1
20000c9e:	e7f6      	b.n	20000c8e <uart_resolve_rate+0x12>
20000ca0:	602a      	str	r2, [r5, #0]
20000ca2:	2001      	movs	r0, #1
20000ca4:	e000      	b.n	20000ca8 <uart_resolve_rate+0x2c>
20000ca6:	2000      	movs	r0, #0
20000ca8:	bd70      	pop	{r4, r5, r6, pc}
20000caa:	46c0      	nop			@ (mov r8, r8)
20000cac:	2000d600 	.word	0x2000d600

20000cb0 <spi_build_control>:
20000cb0:	b570      	push	{r4, r5, r6, lr}
20000cb2:	0006      	movs	r6, r0
20000cb4:	000d      	movs	r5, r1
20000cb6:	4c15      	ldr	r4, [pc, #84]	@ (20000d0c <spi_build_control+0x5c>)
20000cb8:	2280      	movs	r2, #128	@ 0x80
20000cba:	0052      	lsls	r2, r2, #1
20000cbc:	2100      	movs	r1, #0
20000cbe:	0020      	movs	r0, r4
20000cc0:	f007 fbbe 	bl	20008440 <__wrap_memset>
20000cc4:	4b12      	ldr	r3, [pc, #72]	@ (20000d10 <spi_build_control+0x60>)
20000cc6:	6023      	str	r3, [r4, #0]
20000cc8:	2303      	movs	r3, #3
20000cca:	7123      	strb	r3, [r4, #4]
20000ccc:	7166      	strb	r6, [r4, #5]
20000cce:	2307      	movs	r3, #7
20000cd0:	71a3      	strb	r3, [r4, #6]
20000cd2:	7225      	strb	r5, [r4, #8]
20000cd4:	0a2b      	lsrs	r3, r5, #8
20000cd6:	7263      	strb	r3, [r4, #9]
20000cd8:	0c2b      	lsrs	r3, r5, #16
20000cda:	72a3      	strb	r3, [r4, #10]
20000cdc:	0e2d      	lsrs	r5, r5, #24
20000cde:	72e5      	strb	r5, [r4, #11]
20000ce0:	4b0c      	ldr	r3, [pc, #48]	@ (20000d14 <spi_build_control+0x64>)
20000ce2:	681b      	ldr	r3, [r3, #0]
20000ce4:	7323      	strb	r3, [r4, #12]
20000ce6:	0a1a      	lsrs	r2, r3, #8
20000ce8:	7362      	strb	r2, [r4, #13]
20000cea:	0c1a      	lsrs	r2, r3, #16
20000cec:	73a2      	strb	r2, [r4, #14]
20000cee:	0e1b      	lsrs	r3, r3, #24
20000cf0:	73e3      	strb	r3, [r4, #15]
20000cf2:	3410      	adds	r4, #16
20000cf4:	4b08      	ldr	r3, [pc, #32]	@ (20000d18 <spi_build_control+0x68>)
20000cf6:	0022      	movs	r2, r4
20000cf8:	cb23      	ldmia	r3!, {r0, r1, r5}
20000cfa:	c223      	stmia	r2!, {r0, r1, r5}
20000cfc:	cb13      	ldmia	r3!, {r0, r1, r4}
20000cfe:	c213      	stmia	r2!, {r0, r1, r4}
20000d00:	8819      	ldrh	r1, [r3, #0]
20000d02:	8011      	strh	r1, [r2, #0]
20000d04:	789b      	ldrb	r3, [r3, #2]
20000d06:	7093      	strb	r3, [r2, #2]
20000d08:	bd70      	pop	{r4, r5, r6, pc}
20000d0a:	46c0      	nop			@ (mov r8, r8)
20000d0c:	20020c10 	.word	0x20020c10
20000d10:	43484b4f 	.word	0x43484b4f
20000d14:	20020904 	.word	0x20020904
20000d18:	2000b4a8 	.word	0x2000b4a8

20000d1c <bench_build_pattern_frame>:
20000d1c:	b510      	push	{r4, lr}
20000d1e:	0004      	movs	r4, r0
20000d20:	2100      	movs	r1, #0
20000d22:	2003      	movs	r0, #3
20000d24:	f7ff ffc4 	bl	20000cb0 <spi_build_control>
20000d28:	4b03      	ldr	r3, [pc, #12]	@ (20000d38 <bench_build_pattern_frame+0x1c>)
20000d2a:	71dc      	strb	r4, [r3, #7]
20000d2c:	4a03      	ldr	r2, [pc, #12]	@ (20000d3c <bench_build_pattern_frame+0x20>)
20000d2e:	7811      	ldrb	r1, [r2, #0]
20000d30:	224f      	movs	r2, #79	@ 0x4f
20000d32:	5499      	strb	r1, [r3, r2]
20000d34:	bd10      	pop	{r4, pc}
20000d36:	46c0      	nop			@ (mov r8, r8)
20000d38:	20020c10 	.word	0x20020c10
20000d3c:	20020e9b 	.word	0x20020e9b

20000d40 <ota_meta_read>:
20000d40:	b510      	push	{r4, lr}
20000d42:	2228      	movs	r2, #40	@ 0x28
20000d44:	4901      	ldr	r1, [pc, #4]	@ (20000d4c <ota_meta_read+0xc>)
20000d46:	f007 fb81 	bl	2000844c <__wrap___aeabi_memcpy>
20000d4a:	bd10      	pop	{r4, pc}
20000d4c:	10300000 	.word	0x10300000

20000d50 <report_ota_state>:
20000d50:	b510      	push	{r4, lr}
20000d52:	b08e      	sub	sp, #56	@ 0x38
20000d54:	a804      	add	r0, sp, #16
20000d56:	f7ff fff3 	bl	20000d40 <ota_meta_read>
20000d5a:	2380      	movs	r3, #128	@ 0x80
20000d5c:	2280      	movs	r2, #128	@ 0x80
20000d5e:	4818      	ldr	r0, [pc, #96]	@ (20000dc0 <report_ota_state+0x70>)
20000d60:	4918      	ldr	r1, [pc, #96]	@ (20000dc4 <report_ota_state+0x74>)
20000d62:	9102      	str	r1, [sp, #8]
20000d64:	4918      	ldr	r1, [pc, #96]	@ (20000dc8 <report_ota_state+0x78>)
20000d66:	9101      	str	r1, [sp, #4]
20000d68:	21c0      	movs	r1, #192	@ 0xc0
20000d6a:	0389      	lsls	r1, r1, #14
20000d6c:	9100      	str	r1, [sp, #0]
20000d6e:	039b      	lsls	r3, r3, #14
20000d70:	0352      	lsls	r2, r2, #13
20000d72:	2100      	movs	r1, #0
20000d74:	f008 fe80 	bl	20009a78 <__wrap_printf>
20000d78:	f7ff fb3e 	bl	200003f8 <ota_app_size>
20000d7c:	0001      	movs	r1, r0
20000d7e:	4b13      	ldr	r3, [pc, #76]	@ (20000dcc <report_ota_state+0x7c>)
20000d80:	0018      	movs	r0, r3
20000d82:	f008 fe79 	bl	20009a78 <__wrap_printf>
20000d86:	4b12      	ldr	r3, [pc, #72]	@ (20000dd0 <report_ota_state+0x80>)
20000d88:	681b      	ldr	r3, [r3, #0]
20000d8a:	2b09      	cmp	r3, #9
20000d8c:	d900      	bls.n	20000d90 <report_ota_state+0x40>
20000d8e:	2300      	movs	r3, #0
20000d90:	4a10      	ldr	r2, [pc, #64]	@ (20000dd4 <report_ota_state+0x84>)
20000d92:	009b      	lsls	r3, r3, #2
20000d94:	5899      	ldr	r1, [r3, r2]
20000d96:	4810      	ldr	r0, [pc, #64]	@ (20000dd8 <report_ota_state+0x88>)
20000d98:	f008 fe6e 	bl	20009a78 <__wrap_printf>
20000d9c:	a804      	add	r0, sp, #16
20000d9e:	f7ff fb35 	bl	2000040c <ota_meta_valid>
20000da2:	2800      	cmp	r0, #0
20000da4:	d101      	bne.n	20000daa <report_ota_state+0x5a>
20000da6:	b00e      	add	sp, #56	@ 0x38
20000da8:	bd10      	pop	{r4, pc}
20000daa:	9905      	ldr	r1, [sp, #20]
20000dac:	9a06      	ldr	r2, [sp, #24]
20000dae:	9b09      	ldr	r3, [sp, #36]	@ 0x24
20000db0:	980b      	ldr	r0, [sp, #44]	@ 0x2c
20000db2:	4684      	mov	ip, r0
20000db4:	4809      	ldr	r0, [pc, #36]	@ (20000ddc <report_ota_state+0x8c>)
20000db6:	4664      	mov	r4, ip
20000db8:	9400      	str	r4, [sp, #0]
20000dba:	f008 fe5d 	bl	20009a78 <__wrap_printf>
20000dbe:	e7f2      	b.n	20000da6 <report_ota_state+0x56>
20000dc0:	2000b4c4 	.word	0x2000b4c4
20000dc4:	00601000 	.word	0x00601000
20000dc8:	00301000 	.word	0x00301000
20000dcc:	2000b51c 	.word	0x2000b51c
20000dd0:	2000fdd0 	.word	0x2000fdd0
20000dd4:	2000d504 	.word	0x2000d504
20000dd8:	2000b538 	.word	0x2000b538
20000ddc:	2000b550 	.word	0x2000b550

20000de0 <bench_build_variants>:
20000de0:	b570      	push	{r4, r5, r6, lr}
20000de2:	2100      	movs	r1, #0
20000de4:	2003      	movs	r0, #3
20000de6:	f7ff ff63 	bl	20000cb0 <spi_build_control>
20000dea:	4b17      	ldr	r3, [pc, #92]	@ (20000e48 <bench_build_variants+0x68>)
20000dec:	4a17      	ldr	r2, [pc, #92]	@ (20000e4c <bench_build_variants+0x6c>)
20000dee:	7811      	ldrb	r1, [r2, #0]
20000df0:	224f      	movs	r2, #79	@ 0x4f
20000df2:	5499      	strb	r1, [r3, r2]
20000df4:	2400      	movs	r4, #0
20000df6:	e024      	b.n	20000e42 <bench_build_variants+0x62>
20000df8:	25b0      	movs	r5, #176	@ 0xb0
20000dfa:	4365      	muls	r5, r4
20000dfc:	4b14      	ldr	r3, [pc, #80]	@ (20000e50 <bench_build_variants+0x70>)
20000dfe:	18ed      	adds	r5, r5, r3
20000e00:	4b12      	ldr	r3, [pc, #72]	@ (20000e4c <bench_build_variants+0x6c>)
20000e02:	781a      	ldrb	r2, [r3, #0]
20000e04:	0312      	lsls	r2, r2, #12
20000e06:	0123      	lsls	r3, r4, #4
20000e08:	1b1b      	subs	r3, r3, r4
20000e0a:	0159      	lsls	r1, r3, #5
20000e0c:	185b      	adds	r3, r3, r1
20000e0e:	011b      	lsls	r3, r3, #4
20000e10:	1b1b      	subs	r3, r3, r4
20000e12:	18d2      	adds	r2, r2, r3
20000e14:	3201      	adds	r2, #1
20000e16:	21b0      	movs	r1, #176	@ 0xb0
20000e18:	0028      	movs	r0, r5
20000e1a:	f7ff fa15 	bl	20000248 <spi_bench_fill_pattern>
20000e1e:	4b0d      	ldr	r3, [pc, #52]	@ (20000e54 <bench_build_variants+0x74>)
20000e20:	22b0      	movs	r2, #176	@ 0xb0
20000e22:	0029      	movs	r1, r5
20000e24:	001d      	movs	r5, r3
20000e26:	0018      	movs	r0, r3
20000e28:	f007 fb10 	bl	2000844c <__wrap___aeabi_memcpy>
20000e2c:	0029      	movs	r1, r5
20000e2e:	3940      	subs	r1, #64	@ 0x40
20000e30:	2001      	movs	r0, #1
20000e32:	22d0      	movs	r2, #208	@ 0xd0
20000e34:	4240      	negs	r0, r0
20000e36:	f7ff fab1 	bl	2000039c <crc32_update>
20000e3a:	4b07      	ldr	r3, [pc, #28]	@ (20000e58 <bench_build_variants+0x78>)
20000e3c:	00a2      	lsls	r2, r4, #2
20000e3e:	5098      	str	r0, [r3, r2]
20000e40:	3401      	adds	r4, #1
20000e42:	2c07      	cmp	r4, #7
20000e44:	d9d8      	bls.n	20000df8 <bench_build_variants+0x18>
20000e46:	bd70      	pop	{r4, r5, r6, pc}
20000e48:	20020c10 	.word	0x20020c10
20000e4c:	20020e9b 	.word	0x20020e9b
20000e50:	2000e5fc 	.word	0x2000e5fc
20000e54:	20020c60 	.word	0x20020c60
20000e58:	2000eb7c 	.word	0x2000eb7c

20000e5c <bench_next_tx_frame>:
20000e5c:	b570      	push	{r4, r5, r6, lr}
20000e5e:	4b11      	ldr	r3, [pc, #68]	@ (20000ea4 <bench_next_tx_frame+0x48>)
20000e60:	681e      	ldr	r6, [r3, #0]
20000e62:	2507      	movs	r5, #7
20000e64:	4035      	ands	r5, r6
20000e66:	3601      	adds	r6, #1
20000e68:	601e      	str	r6, [r3, #0]
20000e6a:	21b0      	movs	r1, #176	@ 0xb0
20000e6c:	4369      	muls	r1, r5
20000e6e:	4b0e      	ldr	r3, [pc, #56]	@ (20000ea8 <bench_next_tx_frame+0x4c>)
20000e70:	18c9      	adds	r1, r1, r3
20000e72:	4c0e      	ldr	r4, [pc, #56]	@ (20000eac <bench_next_tx_frame+0x50>)
20000e74:	22b0      	movs	r2, #176	@ 0xb0
20000e76:	0020      	movs	r0, r4
20000e78:	f007 fae8 	bl	2000844c <__wrap___aeabi_memcpy>
20000e7c:	0020      	movs	r0, r4
20000e7e:	3848      	subs	r0, #72	@ 0x48
20000e80:	0031      	movs	r1, r6
20000e82:	f7ff fae3 	bl	2000044c <spi_put_u32>
20000e86:	0021      	movs	r1, r4
20000e88:	394c      	subs	r1, #76	@ 0x4c
20000e8a:	4b09      	ldr	r3, [pc, #36]	@ (20000eb0 <bench_next_tx_frame+0x54>)
20000e8c:	00ad      	lsls	r5, r5, #2
20000e8e:	58e8      	ldr	r0, [r5, r3]
20000e90:	2208      	movs	r2, #8
20000e92:	f7ff fa83 	bl	2000039c <crc32_update>
20000e96:	43c1      	mvns	r1, r0
20000e98:	0020      	movs	r0, r4
20000e9a:	3844      	subs	r0, #68	@ 0x44
20000e9c:	f7ff fad6 	bl	2000044c <spi_put_u32>
20000ea0:	bd70      	pop	{r4, r5, r6, pc}
20000ea2:	46c0      	nop			@ (mov r8, r8)
20000ea4:	2000e5f8 	.word	0x2000e5f8
20000ea8:	2000e5fc 	.word	0x2000e5fc
20000eac:	20020c60 	.word	0x20020c60
20000eb0:	2000eb7c 	.word	0x2000eb7c

20000eb4 <my_spi_write_read_blocking>:
20000eb4:	b570      	push	{r4, r5, r6, lr}
20000eb6:	0013      	movs	r3, r2
20000eb8:	46c0      	nop			@ (mov r8, r8)
20000eba:	46c0      	nop			@ (mov r8, r8)
20000ebc:	46c0      	nop			@ (mov r8, r8)
20000ebe:	46c0      	nop			@ (mov r8, r8)
20000ec0:	46c0      	nop			@ (mov r8, r8)
20000ec2:	46c0      	nop			@ (mov r8, r8)
20000ec4:	24d0      	movs	r4, #208	@ 0xd0
20000ec6:	0624      	lsls	r4, r4, #24
20000ec8:	2580      	movs	r5, #128	@ 0x80
20000eca:	01ad      	lsls	r5, r5, #6
20000ecc:	61a5      	str	r5, [r4, #24]
20000ece:	46c0      	nop			@ (mov r8, r8)
20000ed0:	46c0      	nop			@ (mov r8, r8)
20000ed2:	46c0      	nop			@ (mov r8, r8)
20000ed4:	46c0      	nop			@ (mov r8, r8)
20000ed6:	46c0      	nop			@ (mov r8, r8)
20000ed8:	46c0      	nop			@ (mov r8, r8)
20000eda:	46c0      	nop			@ (mov r8, r8)
20000edc:	46c0      	nop			@ (mov r8, r8)
20000ede:	46c0      	nop			@ (mov r8, r8)
20000ee0:	46c0      	nop			@ (mov r8, r8)
20000ee2:	46c0      	nop			@ (mov r8, r8)
20000ee4:	46c0      	nop			@ (mov r8, r8)
20000ee6:	46c0      	nop			@ (mov r8, r8)
20000ee8:	46c0      	nop			@ (mov r8, r8)
20000eea:	46c0      	nop			@ (mov r8, r8)
20000eec:	46c0      	nop			@ (mov r8, r8)
20000eee:	46c0      	nop			@ (mov r8, r8)
20000ef0:	46c0      	nop			@ (mov r8, r8)
20000ef2:	46c0      	nop			@ (mov r8, r8)
20000ef4:	46c0      	nop			@ (mov r8, r8)
20000ef6:	46c0      	nop			@ (mov r8, r8)
20000ef8:	46c0      	nop			@ (mov r8, r8)
20000efa:	46c0      	nop			@ (mov r8, r8)
20000efc:	46c0      	nop			@ (mov r8, r8)
20000efe:	46c0      	nop			@ (mov r8, r8)
20000f00:	46c0      	nop			@ (mov r8, r8)
20000f02:	46c0      	nop			@ (mov r8, r8)
20000f04:	46c0      	nop			@ (mov r8, r8)
20000f06:	46c0      	nop			@ (mov r8, r8)
20000f08:	46c0      	nop			@ (mov r8, r8)
20000f0a:	46c0      	nop			@ (mov r8, r8)
20000f0c:	46c0      	nop			@ (mov r8, r8)
20000f0e:	46c0      	nop			@ (mov r8, r8)
20000f10:	46c0      	nop			@ (mov r8, r8)
20000f12:	46c0      	nop			@ (mov r8, r8)
20000f14:	46c0      	nop			@ (mov r8, r8)
20000f16:	46c0      	nop			@ (mov r8, r8)
20000f18:	46c0      	nop			@ (mov r8, r8)
20000f1a:	46c0      	nop			@ (mov r8, r8)
20000f1c:	46c0      	nop			@ (mov r8, r8)
20000f1e:	46c0      	nop			@ (mov r8, r8)
20000f20:	46c0      	nop			@ (mov r8, r8)
20000f22:	46c0      	nop			@ (mov r8, r8)
20000f24:	46c0      	nop			@ (mov r8, r8)
20000f26:	46c0      	nop			@ (mov r8, r8)
20000f28:	46c0      	nop			@ (mov r8, r8)
20000f2a:	46c0      	nop			@ (mov r8, r8)
20000f2c:	46c0      	nop			@ (mov r8, r8)
20000f2e:	46c0      	nop			@ (mov r8, r8)
20000f30:	46c0      	nop			@ (mov r8, r8)
20000f32:	46c0      	nop			@ (mov r8, r8)
20000f34:	46c0      	nop			@ (mov r8, r8)
20000f36:	46c0      	nop			@ (mov r8, r8)
20000f38:	46c0      	nop			@ (mov r8, r8)
20000f3a:	46c0      	nop			@ (mov r8, r8)
20000f3c:	46c0      	nop			@ (mov r8, r8)
20000f3e:	46c0      	nop			@ (mov r8, r8)
20000f40:	46c0      	nop			@ (mov r8, r8)
20000f42:	46c0      	nop			@ (mov r8, r8)
20000f44:	46c0      	nop			@ (mov r8, r8)
20000f46:	46c0      	nop			@ (mov r8, r8)
20000f48:	46c0      	nop			@ (mov r8, r8)
20000f4a:	46c0      	nop			@ (mov r8, r8)
20000f4c:	46c0      	nop			@ (mov r8, r8)
20000f4e:	46c0      	nop			@ (mov r8, r8)
20000f50:	46c0      	nop			@ (mov r8, r8)
20000f52:	46c0      	nop			@ (mov r8, r8)
20000f54:	46c0      	nop			@ (mov r8, r8)
20000f56:	46c0      	nop			@ (mov r8, r8)
20000f58:	46c0      	nop			@ (mov r8, r8)
20000f5a:	46c0      	nop			@ (mov r8, r8)
20000f5c:	46c0      	nop			@ (mov r8, r8)
20000f5e:	46c0      	nop			@ (mov r8, r8)
20000f60:	46c0      	nop			@ (mov r8, r8)
20000f62:	46c0      	nop			@ (mov r8, r8)
20000f64:	46c0      	nop			@ (mov r8, r8)
20000f66:	46c0      	nop			@ (mov r8, r8)
20000f68:	46c0      	nop			@ (mov r8, r8)
20000f6a:	46c0      	nop			@ (mov r8, r8)
20000f6c:	46c0      	nop			@ (mov r8, r8)
20000f6e:	46c0      	nop			@ (mov r8, r8)
20000f70:	46c0      	nop			@ (mov r8, r8)
20000f72:	46c0      	nop			@ (mov r8, r8)
20000f74:	46c0      	nop			@ (mov r8, r8)
20000f76:	46c0      	nop			@ (mov r8, r8)
20000f78:	46c0      	nop			@ (mov r8, r8)
20000f7a:	46c0      	nop			@ (mov r8, r8)
20000f7c:	46c0      	nop			@ (mov r8, r8)
20000f7e:	46c0      	nop			@ (mov r8, r8)
20000f80:	46c0      	nop			@ (mov r8, r8)
20000f82:	000a      	movs	r2, r1
20000f84:	0001      	movs	r1, r0
20000f86:	4832      	ldr	r0, [pc, #200]	@ (20001050 <my_spi_write_read_blocking+0x19c>)
20000f88:	f009 ffb6 	bl	2000aef8 <spi_write_read_blocking>
20000f8c:	46c0      	nop			@ (mov r8, r8)
20000f8e:	46c0      	nop			@ (mov r8, r8)
20000f90:	46c0      	nop			@ (mov r8, r8)
20000f92:	46c0      	nop			@ (mov r8, r8)
20000f94:	46c0      	nop			@ (mov r8, r8)
20000f96:	46c0      	nop			@ (mov r8, r8)
20000f98:	46c0      	nop			@ (mov r8, r8)
20000f9a:	46c0      	nop			@ (mov r8, r8)
20000f9c:	46c0      	nop			@ (mov r8, r8)
20000f9e:	46c0      	nop			@ (mov r8, r8)
20000fa0:	46c0      	nop			@ (mov r8, r8)
20000fa2:	46c0      	nop			@ (mov r8, r8)
20000fa4:	46c0      	nop			@ (mov r8, r8)
20000fa6:	46c0      	nop			@ (mov r8, r8)
20000fa8:	46c0      	nop			@ (mov r8, r8)
20000faa:	46c0      	nop			@ (mov r8, r8)
20000fac:	46c0      	nop			@ (mov r8, r8)
20000fae:	46c0      	nop			@ (mov r8, r8)
20000fb0:	46c0      	nop			@ (mov r8, r8)
20000fb2:	46c0      	nop			@ (mov r8, r8)
20000fb4:	46c0      	nop			@ (mov r8, r8)
20000fb6:	46c0      	nop			@ (mov r8, r8)
20000fb8:	46c0      	nop			@ (mov r8, r8)
20000fba:	46c0      	nop			@ (mov r8, r8)
20000fbc:	46c0      	nop			@ (mov r8, r8)
20000fbe:	46c0      	nop			@ (mov r8, r8)
20000fc0:	46c0      	nop			@ (mov r8, r8)
20000fc2:	46c0      	nop			@ (mov r8, r8)
20000fc4:	46c0      	nop			@ (mov r8, r8)
20000fc6:	46c0      	nop			@ (mov r8, r8)
20000fc8:	46c0      	nop			@ (mov r8, r8)
20000fca:	46c0      	nop			@ (mov r8, r8)
20000fcc:	46c0      	nop			@ (mov r8, r8)
20000fce:	46c0      	nop			@ (mov r8, r8)
20000fd0:	46c0      	nop			@ (mov r8, r8)
20000fd2:	46c0      	nop			@ (mov r8, r8)
20000fd4:	46c0      	nop			@ (mov r8, r8)
20000fd6:	46c0      	nop			@ (mov r8, r8)
20000fd8:	46c0      	nop			@ (mov r8, r8)
20000fda:	46c0      	nop			@ (mov r8, r8)
20000fdc:	46c0      	nop			@ (mov r8, r8)
20000fde:	46c0      	nop			@ (mov r8, r8)
20000fe0:	46c0      	nop			@ (mov r8, r8)
20000fe2:	46c0      	nop			@ (mov r8, r8)
20000fe4:	46c0      	nop			@ (mov r8, r8)
20000fe6:	46c0      	nop			@ (mov r8, r8)
20000fe8:	46c0      	nop			@ (mov r8, r8)
20000fea:	46c0      	nop			@ (mov r8, r8)
20000fec:	46c0      	nop			@ (mov r8, r8)
20000fee:	46c0      	nop			@ (mov r8, r8)
20000ff0:	46c0      	nop			@ (mov r8, r8)
20000ff2:	46c0      	nop			@ (mov r8, r8)
20000ff4:	46c0      	nop			@ (mov r8, r8)
20000ff6:	46c0      	nop			@ (mov r8, r8)
20000ff8:	46c0      	nop			@ (mov r8, r8)
20000ffa:	46c0      	nop			@ (mov r8, r8)
20000ffc:	46c0      	nop			@ (mov r8, r8)
20000ffe:	46c0      	nop			@ (mov r8, r8)
20001000:	46c0      	nop			@ (mov r8, r8)
20001002:	46c0      	nop			@ (mov r8, r8)
20001004:	46c0      	nop			@ (mov r8, r8)
20001006:	46c0      	nop			@ (mov r8, r8)
20001008:	46c0      	nop			@ (mov r8, r8)
2000100a:	46c0      	nop			@ (mov r8, r8)
2000100c:	46c0      	nop			@ (mov r8, r8)
2000100e:	46c0      	nop			@ (mov r8, r8)
20001010:	46c0      	nop			@ (mov r8, r8)
20001012:	46c0      	nop			@ (mov r8, r8)
20001014:	46c0      	nop			@ (mov r8, r8)
20001016:	46c0      	nop			@ (mov r8, r8)
20001018:	46c0      	nop			@ (mov r8, r8)
2000101a:	46c0      	nop			@ (mov r8, r8)
2000101c:	46c0      	nop			@ (mov r8, r8)
2000101e:	46c0      	nop			@ (mov r8, r8)
20001020:	46c0      	nop			@ (mov r8, r8)
20001022:	46c0      	nop			@ (mov r8, r8)
20001024:	46c0      	nop			@ (mov r8, r8)
20001026:	46c0      	nop			@ (mov r8, r8)
20001028:	46c0      	nop			@ (mov r8, r8)
2000102a:	46c0      	nop			@ (mov r8, r8)
2000102c:	46c0      	nop			@ (mov r8, r8)
2000102e:	46c0      	nop			@ (mov r8, r8)
20001030:	46c0      	nop			@ (mov r8, r8)
20001032:	46c0      	nop			@ (mov r8, r8)
20001034:	46c0      	nop			@ (mov r8, r8)
20001036:	46c0      	nop			@ (mov r8, r8)
20001038:	46c0      	nop			@ (mov r8, r8)
2000103a:	46c0      	nop			@ (mov r8, r8)
2000103c:	46c0      	nop			@ (mov r8, r8)
2000103e:	46c0      	nop			@ (mov r8, r8)
20001040:	6165      	str	r5, [r4, #20]
20001042:	46c0      	nop			@ (mov r8, r8)
20001044:	46c0      	nop			@ (mov r8, r8)
20001046:	46c0      	nop			@ (mov r8, r8)
20001048:	46c0      	nop			@ (mov r8, r8)
2000104a:	46c0      	nop			@ (mov r8, r8)
2000104c:	46c0      	nop			@ (mov r8, r8)
2000104e:	bd70      	pop	{r4, r5, r6, pc}
20001050:	40040000 	.word	0x40040000

20001054 <my_spi_to_esp_xfer_blocking>:
20001054:	b570      	push	{r4, r5, r6, lr}
20001056:	0004      	movs	r4, r0
20001058:	000d      	movs	r5, r1
2000105a:	0016      	movs	r6, r2
2000105c:	23d0      	movs	r3, #208	@ 0xd0
2000105e:	061b      	lsls	r3, r3, #24
20001060:	2280      	movs	r2, #128	@ 0x80
20001062:	01d2      	lsls	r2, r2, #7
20001064:	615a      	str	r2, [r3, #20]
20001066:	685b      	ldr	r3, [r3, #4]
20001068:	041b      	lsls	r3, r3, #16
2000106a:	d51b      	bpl.n	200010a4 <my_spi_to_esp_xfer_blocking+0x50>
2000106c:	2102      	movs	r1, #2
2000106e:	4a12      	ldr	r2, [pc, #72]	@ (200010b8 <my_spi_to_esp_xfer_blocking+0x64>)
20001070:	7813      	ldrb	r3, [r2, #0]
20001072:	430b      	orrs	r3, r1
20001074:	7013      	strb	r3, [r2, #0]
20001076:	20fa      	movs	r0, #250	@ 0xfa
20001078:	00c0      	lsls	r0, r0, #3
2000107a:	f7ff fcfb 	bl	20000a74 <wait_esp_ready>
2000107e:	2800      	cmp	r0, #0
20001080:	d012      	beq.n	200010a8 <my_spi_to_esp_xfer_blocking+0x54>
20001082:	4a0d      	ldr	r2, [pc, #52]	@ (200010b8 <my_spi_to_esp_xfer_blocking+0x64>)
20001084:	7813      	ldrb	r3, [r2, #0]
20001086:	2102      	movs	r1, #2
20001088:	430b      	orrs	r3, r1
2000108a:	b2db      	uxtb	r3, r3
2000108c:	7013      	strb	r3, [r2, #0]
2000108e:	23d0      	movs	r3, #208	@ 0xd0
20001090:	061b      	lsls	r3, r3, #24
20001092:	2280      	movs	r2, #128	@ 0x80
20001094:	01d2      	lsls	r2, r2, #7
20001096:	619a      	str	r2, [r3, #24]
20001098:	0032      	movs	r2, r6
2000109a:	0029      	movs	r1, r5
2000109c:	0020      	movs	r0, r4
2000109e:	f7ff ff09 	bl	20000eb4 <my_spi_write_read_blocking>
200010a2:	bd70      	pop	{r4, r5, r6, pc}
200010a4:	2101      	movs	r1, #1
200010a6:	e7e2      	b.n	2000106e <my_spi_to_esp_xfer_blocking+0x1a>
200010a8:	23d0      	movs	r3, #208	@ 0xd0
200010aa:	061b      	lsls	r3, r3, #24
200010ac:	2280      	movs	r2, #128	@ 0x80
200010ae:	01d2      	lsls	r2, r2, #7
200010b0:	619a      	str	r2, [r3, #24]
200010b2:	3801      	subs	r0, #1
200010b4:	e7f5      	b.n	200010a2 <my_spi_to_esp_xfer_blocking+0x4e>
200010b6:	46c0      	nop			@ (mov r8, r8)
200010b8:	20020e95 	.word	0x20020e95

200010bc <spi_find_frame>:
200010bc:	b570      	push	{r4, r5, r6, lr}
200010be:	0006      	movs	r6, r0
200010c0:	2400      	movs	r4, #0
200010c2:	e000      	b.n	200010c6 <spi_find_frame+0xa>
200010c4:	3401      	adds	r4, #1
200010c6:	2c20      	cmp	r4, #32
200010c8:	d80c      	bhi.n	200010e4 <spi_find_frame+0x28>
200010ca:	1935      	adds	r5, r6, r4
200010cc:	4907      	ldr	r1, [pc, #28]	@ (200010ec <spi_find_frame+0x30>)
200010ce:	2204      	movs	r2, #4
200010d0:	0028      	movs	r0, r5
200010d2:	f009 fbf3 	bl	2000a8bc <memcmp>
200010d6:	2800      	cmp	r0, #0
200010d8:	d1f4      	bne.n	200010c4 <spi_find_frame+0x8>
200010da:	1d23      	adds	r3, r4, #4
200010dc:	5cf3      	ldrb	r3, [r6, r3]
200010de:	2b03      	cmp	r3, #3
200010e0:	d1f0      	bne.n	200010c4 <spi_find_frame+0x8>
200010e2:	e000      	b.n	200010e6 <spi_find_frame+0x2a>
200010e4:	2500      	movs	r5, #0
200010e6:	0028      	movs	r0, r5
200010e8:	bd70      	pop	{r4, r5, r6, pc}
200010ea:	46c0      	nop			@ (mov r8, r8)
200010ec:	2000d634 	.word	0x2000d634

200010f0 <poll_esp>:
200010f0:	b570      	push	{r4, r5, r6, lr}
200010f2:	2100      	movs	r1, #0
200010f4:	2001      	movs	r0, #1
200010f6:	f7ff fddb 	bl	20000cb0 <spi_build_control>
200010fa:	4c83      	ldr	r4, [pc, #524]	@ (20001308 <poll_esp+0x218>)
200010fc:	2580      	movs	r5, #128	@ 0x80
200010fe:	006d      	lsls	r5, r5, #1
20001100:	002a      	movs	r2, r5
20001102:	2100      	movs	r1, #0
20001104:	0020      	movs	r0, r4
20001106:	f007 f99b 	bl	20008440 <__wrap_memset>
2000110a:	4880      	ldr	r0, [pc, #512]	@ (2000130c <poll_esp+0x21c>)
2000110c:	002a      	movs	r2, r5
2000110e:	0021      	movs	r1, r4
20001110:	f7ff ffa0 	bl	20001054 <my_spi_to_esp_xfer_blocking>
20001114:	2800      	cmp	r0, #0
20001116:	da00      	bge.n	2000111a <poll_esp+0x2a>
20001118:	e0b3      	b.n	20001282 <poll_esp+0x192>
2000111a:	487b      	ldr	r0, [pc, #492]	@ (20001308 <poll_esp+0x218>)
2000111c:	f7ff ffce 	bl	200010bc <spi_find_frame>
20001120:	1e04      	subs	r4, r0, #0
20001122:	d100      	bne.n	20001126 <poll_esp+0x36>
20001124:	e0b9      	b.n	2000129a <poll_esp+0x1aa>
20001126:	4b78      	ldr	r3, [pc, #480]	@ (20001308 <poll_esp+0x218>)
20001128:	1ac3      	subs	r3, r0, r3
2000112a:	4a79      	ldr	r2, [pc, #484]	@ (20001310 <poll_esp+0x220>)
2000112c:	6013      	str	r3, [r2, #0]
2000112e:	4a79      	ldr	r2, [pc, #484]	@ (20001314 <poll_esp+0x224>)
20001130:	6812      	ldr	r2, [r2, #0]
20001132:	4293      	cmp	r3, r2
20001134:	d201      	bcs.n	2000113a <poll_esp+0x4a>
20001136:	4a77      	ldr	r2, [pc, #476]	@ (20001314 <poll_esp+0x224>)
20001138:	6013      	str	r3, [r2, #0]
2000113a:	4a77      	ldr	r2, [pc, #476]	@ (20001318 <poll_esp+0x228>)
2000113c:	6812      	ldr	r2, [r2, #0]
2000113e:	4293      	cmp	r3, r2
20001140:	d901      	bls.n	20001146 <poll_esp+0x56>
20001142:	4a75      	ldr	r2, [pc, #468]	@ (20001318 <poll_esp+0x228>)
20001144:	6013      	str	r3, [r2, #0]
20001146:	7963      	ldrb	r3, [r4, #5]
20001148:	3b01      	subs	r3, #1
2000114a:	b2db      	uxtb	r3, r3
2000114c:	2b01      	cmp	r3, #1
2000114e:	d900      	bls.n	20001152 <poll_esp+0x62>
20001150:	e0bf      	b.n	200012d2 <poll_esp+0x1e2>
20001152:	79a2      	ldrb	r2, [r4, #6]
20001154:	4b71      	ldr	r3, [pc, #452]	@ (2000131c <poll_esp+0x22c>)
20001156:	701a      	strb	r2, [r3, #0]
20001158:	79e5      	ldrb	r5, [r4, #7]
2000115a:	07ab      	lsls	r3, r5, #30
2000115c:	0fdb      	lsrs	r3, r3, #31
2000115e:	4a70      	ldr	r2, [pc, #448]	@ (20001320 <poll_esp+0x230>)
20001160:	7013      	strb	r3, [r2, #0]
20001162:	076b      	lsls	r3, r5, #29
20001164:	0fdb      	lsrs	r3, r3, #31
20001166:	4a6f      	ldr	r2, [pc, #444]	@ (20001324 <poll_esp+0x234>)
20001168:	7013      	strb	r3, [r2, #0]
2000116a:	06eb      	lsls	r3, r5, #27
2000116c:	0fdb      	lsrs	r3, r3, #31
2000116e:	4a6e      	ldr	r2, [pc, #440]	@ (20001328 <poll_esp+0x238>)
20001170:	7013      	strb	r3, [r2, #0]
20001172:	06ab      	lsls	r3, r5, #26
20001174:	0fdb      	lsrs	r3, r3, #31
20001176:	4a6d      	ldr	r2, [pc, #436]	@ (2000132c <poll_esp+0x23c>)
20001178:	7013      	strb	r3, [r2, #0]
2000117a:	233e      	movs	r3, #62	@ 0x3e
2000117c:	5ce2      	ldrb	r2, [r4, r3]
2000117e:	4b6c      	ldr	r3, [pc, #432]	@ (20001330 <poll_esp+0x240>)
20001180:	701a      	strb	r2, [r3, #0]
20001182:	0020      	movs	r0, r4
20001184:	300c      	adds	r0, #12
20001186:	f7ff f955 	bl	20000434 <spi_get_u32>
2000118a:	4b6a      	ldr	r3, [pc, #424]	@ (20001334 <poll_esp+0x244>)
2000118c:	6018      	str	r0, [r3, #0]
2000118e:	0020      	movs	r0, r4
20001190:	3010      	adds	r0, #16
20001192:	f7ff f94f 	bl	20000434 <spi_get_u32>
20001196:	4b68      	ldr	r3, [pc, #416]	@ (20001338 <poll_esp+0x248>)
20001198:	6018      	str	r0, [r3, #0]
2000119a:	2301      	movs	r3, #1
2000119c:	402b      	ands	r3, r5
2000119e:	4a67      	ldr	r2, [pc, #412]	@ (2000133c <poll_esp+0x24c>)
200011a0:	7013      	strb	r3, [r2, #0]
200011a2:	0020      	movs	r0, r4
200011a4:	3008      	adds	r0, #8
200011a6:	f7ff f945 	bl	20000434 <spi_get_u32>
200011aa:	4b65      	ldr	r3, [pc, #404]	@ (20001340 <poll_esp+0x250>)
200011ac:	6018      	str	r0, [r3, #0]
200011ae:	7ea2      	ldrb	r2, [r4, #26]
200011b0:	4b64      	ldr	r3, [pc, #400]	@ (20001344 <poll_esp+0x254>)
200011b2:	701a      	strb	r2, [r3, #0]
200011b4:	7ee2      	ldrb	r2, [r4, #27]
200011b6:	4b64      	ldr	r3, [pc, #400]	@ (20001348 <poll_esp+0x258>)
200011b8:	701a      	strb	r2, [r3, #0]
200011ba:	7f23      	ldrb	r3, [r4, #28]
200011bc:	7f62      	ldrb	r2, [r4, #29]
200011be:	0212      	lsls	r2, r2, #8
200011c0:	4313      	orrs	r3, r2
200011c2:	4a62      	ldr	r2, [pc, #392]	@ (2000134c <poll_esp+0x25c>)
200011c4:	8013      	strh	r3, [r2, #0]
200011c6:	7fa3      	ldrb	r3, [r4, #30]
200011c8:	7fe2      	ldrb	r2, [r4, #31]
200011ca:	0212      	lsls	r2, r2, #8
200011cc:	4313      	orrs	r3, r2
200011ce:	4a60      	ldr	r2, [pc, #384]	@ (20001350 <poll_esp+0x260>)
200011d0:	8013      	strh	r3, [r2, #0]
200011d2:	2320      	movs	r3, #32
200011d4:	5ce2      	ldrb	r2, [r4, r3]
200011d6:	4b5f      	ldr	r3, [pc, #380]	@ (20001354 <poll_esp+0x264>)
200011d8:	701a      	strb	r2, [r3, #0]
200011da:	0020      	movs	r0, r4
200011dc:	3024      	adds	r0, #36	@ 0x24
200011de:	f7ff f929 	bl	20000434 <spi_get_u32>
200011e2:	4b5d      	ldr	r3, [pc, #372]	@ (20001358 <poll_esp+0x268>)
200011e4:	6018      	str	r0, [r3, #0]
200011e6:	2328      	movs	r3, #40	@ 0x28
200011e8:	5ce2      	ldrb	r2, [r4, r3]
200011ea:	4b5c      	ldr	r3, [pc, #368]	@ (2000135c <poll_esp+0x26c>)
200011ec:	701a      	strb	r2, [r3, #0]
200011ee:	2329      	movs	r3, #41	@ 0x29
200011f0:	5ce2      	ldrb	r2, [r4, r3]
200011f2:	4b5b      	ldr	r3, [pc, #364]	@ (20001360 <poll_esp+0x270>)
200011f4:	701a      	strb	r2, [r3, #0]
200011f6:	232a      	movs	r3, #42	@ 0x2a
200011f8:	5ce2      	ldrb	r2, [r4, r3]
200011fa:	4b5a      	ldr	r3, [pc, #360]	@ (20001364 <poll_esp+0x274>)
200011fc:	701a      	strb	r2, [r3, #0]
200011fe:	233c      	movs	r3, #60	@ 0x3c
20001200:	5ce3      	ldrb	r3, [r4, r3]
20001202:	223d      	movs	r2, #61	@ 0x3d
20001204:	5ca2      	ldrb	r2, [r4, r2]
20001206:	0212      	lsls	r2, r2, #8
20001208:	4313      	orrs	r3, r2
2000120a:	4a57      	ldr	r2, [pc, #348]	@ (20001368 <poll_esp+0x278>)
2000120c:	8013      	strh	r3, [r2, #0]
2000120e:	072d      	lsls	r5, r5, #28
20001210:	0fed      	lsrs	r5, r5, #31
20001212:	4b56      	ldr	r3, [pc, #344]	@ (2000136c <poll_esp+0x27c>)
20001214:	701d      	strb	r5, [r3, #0]
20001216:	232b      	movs	r3, #43	@ 0x2b
20001218:	5ce2      	ldrb	r2, [r4, r3]
2000121a:	4b55      	ldr	r3, [pc, #340]	@ (20001370 <poll_esp+0x280>)
2000121c:	701a      	strb	r2, [r3, #0]
2000121e:	232c      	movs	r3, #44	@ 0x2c
20001220:	5ce2      	ldrb	r2, [r4, r3]
20001222:	4b54      	ldr	r3, [pc, #336]	@ (20001374 <poll_esp+0x284>)
20001224:	701a      	strb	r2, [r3, #0]
20001226:	232d      	movs	r3, #45	@ 0x2d
20001228:	5ce2      	ldrb	r2, [r4, r3]
2000122a:	4b53      	ldr	r3, [pc, #332]	@ (20001378 <poll_esp+0x288>)
2000122c:	701a      	strb	r2, [r3, #0]
2000122e:	232e      	movs	r3, #46	@ 0x2e
20001230:	5ce2      	ldrb	r2, [r4, r3]
20001232:	4b52      	ldr	r3, [pc, #328]	@ (2000137c <poll_esp+0x28c>)
20001234:	701a      	strb	r2, [r3, #0]
20001236:	232f      	movs	r3, #47	@ 0x2f
20001238:	5ce2      	ldrb	r2, [r4, r3]
2000123a:	4b51      	ldr	r3, [pc, #324]	@ (20001380 <poll_esp+0x290>)
2000123c:	701a      	strb	r2, [r3, #0]
2000123e:	0020      	movs	r0, r4
20001240:	3030      	adds	r0, #48	@ 0x30
20001242:	f7ff f8f7 	bl	20000434 <spi_get_u32>
20001246:	4b4f      	ldr	r3, [pc, #316]	@ (20001384 <poll_esp+0x294>)
20001248:	6018      	str	r0, [r3, #0]
2000124a:	0020      	movs	r0, r4
2000124c:	3034      	adds	r0, #52	@ 0x34
2000124e:	f7ff f8f1 	bl	20000434 <spi_get_u32>
20001252:	4b4d      	ldr	r3, [pc, #308]	@ (20001388 <poll_esp+0x298>)
20001254:	6018      	str	r0, [r3, #0]
20001256:	0020      	movs	r0, r4
20001258:	3038      	adds	r0, #56	@ 0x38
2000125a:	f7ff f8eb 	bl	20000434 <spi_get_u32>
2000125e:	4b4b      	ldr	r3, [pc, #300]	@ (2000138c <poll_esp+0x29c>)
20001260:	6018      	str	r0, [r3, #0]
20001262:	233f      	movs	r3, #63	@ 0x3f
20001264:	5ce3      	ldrb	r3, [r4, r3]
20001266:	4a4a      	ldr	r2, [pc, #296]	@ (20001390 <poll_esp+0x2a0>)
20001268:	7013      	strb	r3, [r2, #0]
2000126a:	1e5a      	subs	r2, r3, #1
2000126c:	4193      	sbcs	r3, r2
2000126e:	4a49      	ldr	r2, [pc, #292]	@ (20001394 <poll_esp+0x2a4>)
20001270:	7013      	strb	r3, [r2, #0]
20001272:	4b49      	ldr	r3, [pc, #292]	@ (20001398 <poll_esp+0x2a8>)
20001274:	2201      	movs	r2, #1
20001276:	701a      	strb	r2, [r3, #0]
20001278:	4a48      	ldr	r2, [pc, #288]	@ (2000139c <poll_esp+0x2ac>)
2000127a:	6813      	ldr	r3, [r2, #0]
2000127c:	3301      	adds	r3, #1
2000127e:	6013      	str	r3, [r2, #0]
20001280:	bd70      	pop	{r4, r5, r6, pc}
20001282:	4b45      	ldr	r3, [pc, #276]	@ (20001398 <poll_esp+0x2a8>)
20001284:	2200      	movs	r2, #0
20001286:	701a      	strb	r2, [r3, #0]
20001288:	4a45      	ldr	r2, [pc, #276]	@ (200013a0 <poll_esp+0x2b0>)
2000128a:	6813      	ldr	r3, [r2, #0]
2000128c:	3301      	adds	r3, #1
2000128e:	6013      	str	r3, [r2, #0]
20001290:	4a44      	ldr	r2, [pc, #272]	@ (200013a4 <poll_esp+0x2b4>)
20001292:	6813      	ldr	r3, [r2, #0]
20001294:	3301      	adds	r3, #1
20001296:	6013      	str	r3, [r2, #0]
20001298:	e7f2      	b.n	20001280 <poll_esp+0x190>
2000129a:	4b3f      	ldr	r3, [pc, #252]	@ (20001398 <poll_esp+0x2a8>)
2000129c:	2200      	movs	r2, #0
2000129e:	701a      	strb	r2, [r3, #0]
200012a0:	4a3f      	ldr	r2, [pc, #252]	@ (200013a0 <poll_esp+0x2b0>)
200012a2:	6813      	ldr	r3, [r2, #0]
200012a4:	3301      	adds	r3, #1
200012a6:	6013      	str	r3, [r2, #0]
200012a8:	4a3f      	ldr	r2, [pc, #252]	@ (200013a8 <poll_esp+0x2b8>)
200012aa:	6813      	ldr	r3, [r2, #0]
200012ac:	3301      	adds	r3, #1
200012ae:	6013      	str	r3, [r2, #0]
200012b0:	4b3e      	ldr	r3, [pc, #248]	@ (200013ac <poll_esp+0x2bc>)
200012b2:	4815      	ldr	r0, [pc, #84]	@ (20001308 <poll_esp+0x218>)
200012b4:	0001      	movs	r1, r0
200012b6:	c934      	ldmia	r1!, {r2, r4, r5}
200012b8:	c334      	stmia	r3!, {r2, r4, r5}
200012ba:	001a      	movs	r2, r3
200012bc:	680b      	ldr	r3, [r1, #0]
200012be:	6013      	str	r3, [r2, #0]
200012c0:	23ff      	movs	r3, #255	@ 0xff
200012c2:	5cc2      	ldrb	r2, [r0, r3]
200012c4:	4b3a      	ldr	r3, [pc, #232]	@ (200013b0 <poll_esp+0x2c0>)
200012c6:	701a      	strb	r2, [r3, #0]
200012c8:	f7ff f8c8 	bl	2000045c <spi_frame_is_silent>
200012cc:	4b39      	ldr	r3, [pc, #228]	@ (200013b4 <poll_esp+0x2c4>)
200012ce:	7018      	strb	r0, [r3, #0]
200012d0:	e7d6      	b.n	20001280 <poll_esp+0x190>
200012d2:	4b31      	ldr	r3, [pc, #196]	@ (20001398 <poll_esp+0x2a8>)
200012d4:	2100      	movs	r1, #0
200012d6:	7019      	strb	r1, [r3, #0]
200012d8:	4a31      	ldr	r2, [pc, #196]	@ (200013a0 <poll_esp+0x2b0>)
200012da:	6813      	ldr	r3, [r2, #0]
200012dc:	3301      	adds	r3, #1
200012de:	6013      	str	r3, [r2, #0]
200012e0:	4a31      	ldr	r2, [pc, #196]	@ (200013a8 <poll_esp+0x2b8>)
200012e2:	6813      	ldr	r3, [r2, #0]
200012e4:	3301      	adds	r3, #1
200012e6:	6013      	str	r3, [r2, #0]
200012e8:	4b30      	ldr	r3, [pc, #192]	@ (200013ac <poll_esp+0x2bc>)
200012ea:	4a07      	ldr	r2, [pc, #28]	@ (20001308 <poll_esp+0x218>)
200012ec:	0014      	movs	r4, r2
200012ee:	cc61      	ldmia	r4!, {r0, r5, r6}
200012f0:	c361      	stmia	r3!, {r0, r5, r6}
200012f2:	0018      	movs	r0, r3
200012f4:	6823      	ldr	r3, [r4, #0]
200012f6:	6003      	str	r3, [r0, #0]
200012f8:	23ff      	movs	r3, #255	@ 0xff
200012fa:	5cd2      	ldrb	r2, [r2, r3]
200012fc:	4b2c      	ldr	r3, [pc, #176]	@ (200013b0 <poll_esp+0x2c0>)
200012fe:	701a      	strb	r2, [r3, #0]
20001300:	4b2c      	ldr	r3, [pc, #176]	@ (200013b4 <poll_esp+0x2c4>)
20001302:	7019      	strb	r1, [r3, #0]
20001304:	e7bc      	b.n	20001280 <poll_esp+0x190>
20001306:	46c0      	nop			@ (mov r8, r8)
20001308:	20020b10 	.word	0x20020b10
2000130c:	20020c10 	.word	0x20020c10
20001310:	2000fcf8 	.word	0x2000fcf8
20001314:	2000d988 	.word	0x2000d988
20001318:	2000fcfc 	.word	0x2000fcfc
2000131c:	20020e9d 	.word	0x20020e9d
20001320:	20020ea5 	.word	0x20020ea5
20001324:	20020ea4 	.word	0x20020ea4
20001328:	20020ea6 	.word	0x20020ea6
2000132c:	20020ea3 	.word	0x20020ea3
20001330:	20020eab 	.word	0x20020eab
20001334:	2000fd2c 	.word	0x2000fd2c
20001338:	2000fd28 	.word	0x2000fd28
2000133c:	20020e96 	.word	0x20020e96
20001340:	2000fcf0 	.word	0x2000fcf0
20001344:	20020e9b 	.word	0x20020e9b
20001348:	20020e99 	.word	0x20020e99
2000134c:	20020e8e 	.word	0x20020e8e
20001350:	20020e8c 	.word	0x20020e8c
20001354:	20020e97 	.word	0x20020e97
20001358:	2000fcf4 	.word	0x2000fcf4
2000135c:	20020e9c 	.word	0x20020e9c
20001360:	20020e9a 	.word	0x20020e9a
20001364:	20020e98 	.word	0x20020e98
20001368:	20020e90 	.word	0x20020e90
2000136c:	20020ea7 	.word	0x20020ea7
20001370:	20020eac 	.word	0x20020eac
20001374:	20020eaa 	.word	0x20020eaa
20001378:	20020ea8 	.word	0x20020ea8
2000137c:	20020ea9 	.word	0x20020ea9
20001380:	20020ead 	.word	0x20020ead
20001384:	2000fd38 	.word	0x2000fd38
20001388:	2000fd34 	.word	0x2000fd34
2000138c:	2000fd30 	.word	0x2000fd30
20001390:	20020ea1 	.word	0x20020ea1
20001394:	20020ea2 	.word	0x20020ea2
20001398:	20020ea0 	.word	0x20020ea0
2000139c:	2000fd1c 	.word	0x2000fd1c
200013a0:	2000fd18 	.word	0x2000fd18
200013a4:	2000fd24 	.word	0x2000fd24
200013a8:	2000fd10 	.word	0x2000fd10
200013ac:	2000fd00 	.word	0x2000fd00
200013b0:	20020e9f 	.word	0x20020e9f
200013b4:	20020e9e 	.word	0x20020e9e

200013b8 <uart_read_stats>:
200013b8:	b570      	push	{r4, r5, r6, lr}
200013ba:	2100      	movs	r1, #0
200013bc:	2001      	movs	r0, #1
200013be:	f7ff fc77 	bl	20000cb0 <spi_build_control>
200013c2:	4b0e      	ldr	r3, [pc, #56]	@ (200013fc <uart_read_stats+0x44>)
200013c4:	2480      	movs	r4, #128	@ 0x80
200013c6:	0064      	lsls	r4, r4, #1
200013c8:	0022      	movs	r2, r4
200013ca:	2100      	movs	r1, #0
200013cc:	001d      	movs	r5, r3
200013ce:	0018      	movs	r0, r3
200013d0:	f007 f836 	bl	20008440 <__wrap_memset>
200013d4:	480a      	ldr	r0, [pc, #40]	@ (20001400 <uart_read_stats+0x48>)
200013d6:	0022      	movs	r2, r4
200013d8:	0029      	movs	r1, r5
200013da:	f7ff fe3b 	bl	20001054 <my_spi_to_esp_xfer_blocking>
200013de:	2800      	cmp	r0, #0
200013e0:	db08      	blt.n	200013f4 <uart_read_stats+0x3c>
200013e2:	4806      	ldr	r0, [pc, #24]	@ (200013fc <uart_read_stats+0x44>)
200013e4:	f7ff fe6a 	bl	200010bc <spi_find_frame>
200013e8:	2800      	cmp	r0, #0
200013ea:	d002      	beq.n	200013f2 <uart_read_stats+0x3a>
200013ec:	7943      	ldrb	r3, [r0, #5]
200013ee:	2b04      	cmp	r3, #4
200013f0:	d102      	bne.n	200013f8 <uart_read_stats+0x40>
200013f2:	bd70      	pop	{r4, r5, r6, pc}
200013f4:	2000      	movs	r0, #0
200013f6:	e7fc      	b.n	200013f2 <uart_read_stats+0x3a>
200013f8:	2000      	movs	r0, #0
200013fa:	e7fa      	b.n	200013f2 <uart_read_stats+0x3a>
200013fc:	20020b10 	.word	0x20020b10
20001400:	20020c10 	.word	0x20020c10

20001404 <ota_fetch_block>:
20001404:	b5f0      	push	{r4, r5, r6, r7, lr}
20001406:	46ce      	mov	lr, r9
20001408:	4647      	mov	r7, r8
2000140a:	b580      	push	{r7, lr}
2000140c:	b083      	sub	sp, #12
2000140e:	0006      	movs	r6, r0
20001410:	9100      	str	r1, [sp, #0]
20001412:	9201      	str	r2, [sp, #4]
20001414:	2500      	movs	r5, #0
20001416:	e000      	b.n	2000141a <ota_fetch_block+0x16>
20001418:	3501      	adds	r5, #1
2000141a:	2d17      	cmp	r5, #23
2000141c:	dc41      	bgt.n	200014a2 <ota_fetch_block+0x9e>
2000141e:	0031      	movs	r1, r6
20001420:	2002      	movs	r0, #2
20001422:	f7ff fc45 	bl	20000cb0 <spi_build_control>
20001426:	4c22      	ldr	r4, [pc, #136]	@ (200014b0 <ota_fetch_block+0xac>)
20001428:	2780      	movs	r7, #128	@ 0x80
2000142a:	007f      	lsls	r7, r7, #1
2000142c:	003a      	movs	r2, r7
2000142e:	2100      	movs	r1, #0
20001430:	0020      	movs	r0, r4
20001432:	f007 f805 	bl	20008440 <__wrap_memset>
20001436:	481f      	ldr	r0, [pc, #124]	@ (200014b4 <ota_fetch_block+0xb0>)
20001438:	003a      	movs	r2, r7
2000143a:	0021      	movs	r1, r4
2000143c:	f7ff fe0a 	bl	20001054 <my_spi_to_esp_xfer_blocking>
20001440:	2800      	cmp	r0, #0
20001442:	dbe9      	blt.n	20001418 <ota_fetch_block+0x14>
20001444:	481a      	ldr	r0, [pc, #104]	@ (200014b0 <ota_fetch_block+0xac>)
20001446:	f7ff fe39 	bl	200010bc <spi_find_frame>
2000144a:	1e04      	subs	r4, r0, #0
2000144c:	d0e4      	beq.n	20001418 <ota_fetch_block+0x14>
2000144e:	7943      	ldrb	r3, [r0, #5]
20001450:	2b02      	cmp	r3, #2
20001452:	d1e1      	bne.n	20001418 <ota_fetch_block+0x14>
20001454:	3014      	adds	r0, #20
20001456:	f7fe ffed 	bl	20000434 <spi_get_u32>
2000145a:	42b0      	cmp	r0, r6
2000145c:	d1dc      	bne.n	20001418 <ota_fetch_block+0x14>
2000145e:	7e27      	ldrb	r7, [r4, #24]
20001460:	7e63      	ldrb	r3, [r4, #25]
20001462:	021b      	lsls	r3, r3, #8
20001464:	431f      	orrs	r7, r3
20001466:	1e7b      	subs	r3, r7, #1
20001468:	b29b      	uxth	r3, r3
2000146a:	2b7f      	cmp	r3, #127	@ 0x7f
2000146c:	d8d4      	bhi.n	20001418 <ota_fetch_block+0x14>
2000146e:	2360      	movs	r3, #96	@ 0x60
20001470:	469c      	mov	ip, r3
20001472:	44a4      	add	ip, r4
20001474:	4663      	mov	r3, ip
20001476:	46e1      	mov	r9, ip
20001478:	0039      	movs	r1, r7
2000147a:	0018      	movs	r0, r3
2000147c:	f7fe ffaa 	bl	200003d4 <crc32_buffer>
20001480:	4680      	mov	r8, r0
20001482:	3440      	adds	r4, #64	@ 0x40
20001484:	0020      	movs	r0, r4
20001486:	f7fe ffd5 	bl	20000434 <spi_get_u32>
2000148a:	4643      	mov	r3, r8
2000148c:	4283      	cmp	r3, r0
2000148e:	d1c3      	bne.n	20001418 <ota_fetch_block+0x14>
20001490:	003a      	movs	r2, r7
20001492:	4649      	mov	r1, r9
20001494:	9800      	ldr	r0, [sp, #0]
20001496:	f006 ffd9 	bl	2000844c <__wrap___aeabi_memcpy>
2000149a:	9b01      	ldr	r3, [sp, #4]
2000149c:	801f      	strh	r7, [r3, #0]
2000149e:	2001      	movs	r0, #1
200014a0:	e000      	b.n	200014a4 <ota_fetch_block+0xa0>
200014a2:	2000      	movs	r0, #0
200014a4:	b003      	add	sp, #12
200014a6:	bcc0      	pop	{r6, r7}
200014a8:	46b9      	mov	r9, r7
200014aa:	46b0      	mov	r8, r6
200014ac:	bdf0      	pop	{r4, r5, r6, r7, pc}
200014ae:	46c0      	nop			@ (mov r8, r8)
200014b0:	20020b10 	.word	0x20020b10
200014b4:	20020c10 	.word	0x20020c10

200014b8 <uart_bench_feed>:
200014b8:	b5f0      	push	{r4, r5, r6, r7, lr}
200014ba:	46ce      	mov	lr, r9
200014bc:	4647      	mov	r7, r8
200014be:	b580      	push	{r7, lr}
200014c0:	b083      	sub	sp, #12
200014c2:	0017      	movs	r7, r2
200014c4:	001e      	movs	r6, r3
200014c6:	780b      	ldrb	r3, [r1, #0]
200014c8:	2b03      	cmp	r3, #3
200014ca:	d819      	bhi.n	20001500 <uart_bench_feed+0x48>
200014cc:	4a35      	ldr	r2, [pc, #212]	@ (200015a4 <uart_bench_feed+0xec>)
200014ce:	5cd2      	ldrb	r2, [r2, r3]
200014d0:	4282      	cmp	r2, r0
200014d2:	d010      	beq.n	200014f6 <uart_bench_feed+0x3e>
200014d4:	9b0a      	ldr	r3, [sp, #40]	@ 0x28
200014d6:	6a1b      	ldr	r3, [r3, #32]
200014d8:	3301      	adds	r3, #1
200014da:	9a0a      	ldr	r2, [sp, #40]	@ 0x28
200014dc:	6213      	str	r3, [r2, #32]
200014de:	780b      	ldrb	r3, [r1, #0]
200014e0:	2b00      	cmp	r3, #0
200014e2:	d035      	beq.n	20001550 <uart_bench_feed+0x98>
200014e4:	2300      	movs	r3, #0
200014e6:	700b      	strb	r3, [r1, #0]
200014e8:	284f      	cmp	r0, #79	@ 0x4f
200014ea:	d131      	bne.n	20001550 <uart_bench_feed+0x98>
200014ec:	3301      	adds	r3, #1
200014ee:	700b      	strb	r3, [r1, #0]
200014f0:	4b2d      	ldr	r3, [pc, #180]	@ (200015a8 <uart_bench_feed+0xf0>)
200014f2:	7018      	strb	r0, [r3, #0]
200014f4:	e02c      	b.n	20001550 <uart_bench_feed+0x98>
200014f6:	1c5a      	adds	r2, r3, #1
200014f8:	700a      	strb	r2, [r1, #0]
200014fa:	4a2b      	ldr	r2, [pc, #172]	@ (200015a8 <uart_bench_feed+0xf0>)
200014fc:	54d0      	strb	r0, [r2, r3]
200014fe:	e027      	b.n	20001550 <uart_bench_feed+0x98>
20001500:	1c5a      	adds	r2, r3, #1
20001502:	700a      	strb	r2, [r1, #0]
20001504:	4a28      	ldr	r2, [pc, #160]	@ (200015a8 <uart_bench_feed+0xf0>)
20001506:	54d0      	strb	r0, [r2, r3]
20001508:	780b      	ldrb	r3, [r1, #0]
2000150a:	2b3b      	cmp	r3, #59	@ 0x3b
2000150c:	d920      	bls.n	20001550 <uart_bench_feed+0x98>
2000150e:	2300      	movs	r3, #0
20001510:	700b      	strb	r3, [r1, #0]
20001512:	4b26      	ldr	r3, [pc, #152]	@ (200015ac <uart_bench_feed+0xf4>)
20001514:	001c      	movs	r4, r3
20001516:	0018      	movs	r0, r3
20001518:	f7fe ff8c 	bl	20000434 <spi_get_u32>
2000151c:	9001      	str	r0, [sp, #4]
2000151e:	2134      	movs	r1, #52	@ 0x34
20001520:	0020      	movs	r0, r4
20001522:	f7fe ff57 	bl	200003d4 <crc32_buffer>
20001526:	0005      	movs	r5, r0
20001528:	0023      	movs	r3, r4
2000152a:	3334      	adds	r3, #52	@ 0x34
2000152c:	0018      	movs	r0, r3
2000152e:	f7fe ff81 	bl	20000434 <spi_get_u32>
20001532:	4680      	mov	r8, r0
20001534:	1a2b      	subs	r3, r5, r0
20001536:	425a      	negs	r2, r3
20001538:	4153      	adcs	r3, r2
2000153a:	b2db      	uxtb	r3, r3
2000153c:	4699      	mov	r9, r3
2000153e:	4285      	cmp	r5, r0
20001540:	d00b      	beq.n	2000155a <uart_bench_feed+0xa2>
20001542:	4545      	cmp	r5, r8
20001544:	d027      	beq.n	20001596 <uart_bench_feed+0xde>
20001546:	9b0a      	ldr	r3, [sp, #40]	@ 0x28
20001548:	691b      	ldr	r3, [r3, #16]
2000154a:	3301      	adds	r3, #1
2000154c:	9a0a      	ldr	r2, [sp, #40]	@ 0x28
2000154e:	6113      	str	r3, [r2, #16]
20001550:	b003      	add	sp, #12
20001552:	bcc0      	pop	{r6, r7}
20001554:	46b9      	mov	r9, r7
20001556:	46b0      	mov	r8, r6
20001558:	bdf0      	pop	{r4, r5, r6, r7, pc}
2000155a:	003a      	movs	r2, r7
2000155c:	9b01      	ldr	r3, [sp, #4]
2000155e:	469c      	mov	ip, r3
20001560:	4462      	add	r2, ip
20001562:	4b13      	ldr	r3, [pc, #76]	@ (200015b0 <uart_bench_feed+0xf8>)
20001564:	2130      	movs	r1, #48	@ 0x30
20001566:	001c      	movs	r4, r3
20001568:	0018      	movs	r0, r3
2000156a:	f7fe fe6d 	bl	20000248 <spi_bench_fill_pattern>
2000156e:	4911      	ldr	r1, [pc, #68]	@ (200015b4 <uart_bench_feed+0xfc>)
20001570:	2230      	movs	r2, #48	@ 0x30
20001572:	0020      	movs	r0, r4
20001574:	f009 f9a2 	bl	2000a8bc <memcmp>
20001578:	2800      	cmp	r0, #0
2000157a:	d0e2      	beq.n	20001542 <uart_bench_feed+0x8a>
2000157c:	2300      	movs	r3, #0
2000157e:	4699      	mov	r9, r3
20001580:	464b      	mov	r3, r9
20001582:	2b00      	cmp	r3, #0
20001584:	d0df      	beq.n	20001546 <uart_bench_feed+0x8e>
20001586:	9a01      	ldr	r2, [sp, #4]
20001588:	6032      	str	r2, [r6, #0]
2000158a:	9b0a      	ldr	r3, [sp, #40]	@ 0x28
2000158c:	68db      	ldr	r3, [r3, #12]
2000158e:	3301      	adds	r3, #1
20001590:	9a0a      	ldr	r2, [sp, #40]	@ 0x28
20001592:	60d3      	str	r3, [r2, #12]
20001594:	e7dc      	b.n	20001550 <uart_bench_feed+0x98>
20001596:	6833      	ldr	r3, [r6, #0]
20001598:	9a01      	ldr	r2, [sp, #4]
2000159a:	4293      	cmp	r3, r2
2000159c:	d3f0      	bcc.n	20001580 <uart_bench_feed+0xc8>
2000159e:	2b00      	cmp	r3, #0
200015a0:	d1d1      	bne.n	20001546 <uart_bench_feed+0x8e>
200015a2:	e7ed      	b.n	20001580 <uart_bench_feed+0xc8>
200015a4:	2000d5fc 	.word	0x2000d5fc
200015a8:	20020e10 	.word	0x20020e10
200015ac:	20020e14 	.word	0x20020e14
200015b0:	20020ddc 	.word	0x20020ddc
200015b4:	20020e18 	.word	0x20020e18

200015b8 <report_packets_sent>:
200015b8:	b510      	push	{r4, lr}
200015ba:	b082      	sub	sp, #8
200015bc:	0001      	movs	r1, r0
200015be:	4b2f      	ldr	r3, [pc, #188]	@ (2000167c <report_packets_sent+0xc4>)
200015c0:	681b      	ldr	r3, [r3, #0]
200015c2:	4283      	cmp	r3, r0
200015c4:	d006      	beq.n	200015d4 <report_packets_sent+0x1c>
200015c6:	4a2e      	ldr	r2, [pc, #184]	@ (20001680 <report_packets_sent+0xc8>)
200015c8:	6813      	ldr	r3, [r2, #0]
200015ca:	1c58      	adds	r0, r3, #1
200015cc:	6010      	str	r0, [r2, #0]
200015ce:	4a2d      	ldr	r2, [pc, #180]	@ (20001684 <report_packets_sent+0xcc>)
200015d0:	4293      	cmp	r3, r2
200015d2:	d808      	bhi.n	200015e6 <report_packets_sent+0x2e>
200015d4:	4a2c      	ldr	r2, [pc, #176]	@ (20001688 <report_packets_sent+0xd0>)
200015d6:	6813      	ldr	r3, [r2, #0]
200015d8:	1c58      	adds	r0, r3, #1
200015da:	6010      	str	r0, [r2, #0]
200015dc:	4a2b      	ldr	r2, [pc, #172]	@ (2000168c <report_packets_sent+0xd4>)
200015de:	4293      	cmp	r3, r2
200015e0:	d827      	bhi.n	20001632 <report_packets_sent+0x7a>
200015e2:	b002      	add	sp, #8
200015e4:	bd10      	pop	{r4, pc}
200015e6:	4b28      	ldr	r3, [pc, #160]	@ (20001688 <report_packets_sent+0xd0>)
200015e8:	2200      	movs	r2, #0
200015ea:	601a      	str	r2, [r3, #0]
200015ec:	4b24      	ldr	r3, [pc, #144]	@ (20001680 <report_packets_sent+0xc8>)
200015ee:	601a      	str	r2, [r3, #0]
200015f0:	4b22      	ldr	r3, [pc, #136]	@ (2000167c <report_packets_sent+0xc4>)
200015f2:	6019      	str	r1, [r3, #0]
200015f4:	4b26      	ldr	r3, [pc, #152]	@ (20001690 <report_packets_sent+0xd8>)
200015f6:	681b      	ldr	r3, [r3, #0]
200015f8:	4a26      	ldr	r2, [pc, #152]	@ (20001694 <report_packets_sent+0xdc>)
200015fa:	4827      	ldr	r0, [pc, #156]	@ (20001698 <report_packets_sent+0xe0>)
200015fc:	9100      	str	r1, [sp, #0]
200015fe:	2140      	movs	r1, #64	@ 0x40
20001600:	0004      	movs	r4, r0
20001602:	f008 f823 	bl	2000964c <__wrap_snprintf>
20001606:	0020      	movs	r0, r4
20001608:	f009 f9f6 	bl	2000a9f8 <strlen>
2000160c:	4684      	mov	ip, r0
2000160e:	2100      	movs	r1, #0
20001610:	0022      	movs	r2, r4
20001612:	e008      	b.n	20001626 <report_packets_sent+0x6e>
20001614:	4b21      	ldr	r3, [pc, #132]	@ (2000169c <report_packets_sent+0xe4>)
20001616:	699b      	ldr	r3, [r3, #24]
20001618:	069b      	lsls	r3, r3, #26
2000161a:	d4fb      	bmi.n	20001614 <report_packets_sent+0x5c>
2000161c:	7810      	ldrb	r0, [r2, #0]
2000161e:	4b1f      	ldr	r3, [pc, #124]	@ (2000169c <report_packets_sent+0xe4>)
20001620:	6018      	str	r0, [r3, #0]
20001622:	3101      	adds	r1, #1
20001624:	3201      	adds	r2, #1
20001626:	458c      	cmp	ip, r1
20001628:	d8f4      	bhi.n	20001614 <report_packets_sent+0x5c>
2000162a:	481b      	ldr	r0, [pc, #108]	@ (20001698 <report_packets_sent+0xe0>)
2000162c:	f008 f9f5 	bl	20009a1a <__wrap_puts>
20001630:	e7d7      	b.n	200015e2 <report_packets_sent+0x2a>
20001632:	4b15      	ldr	r3, [pc, #84]	@ (20001688 <report_packets_sent+0xd0>)
20001634:	2200      	movs	r2, #0
20001636:	601a      	str	r2, [r3, #0]
20001638:	4b11      	ldr	r3, [pc, #68]	@ (20001680 <report_packets_sent+0xc8>)
2000163a:	601a      	str	r2, [r3, #0]
2000163c:	4b14      	ldr	r3, [pc, #80]	@ (20001690 <report_packets_sent+0xd8>)
2000163e:	681b      	ldr	r3, [r3, #0]
20001640:	4a14      	ldr	r2, [pc, #80]	@ (20001694 <report_packets_sent+0xdc>)
20001642:	4815      	ldr	r0, [pc, #84]	@ (20001698 <report_packets_sent+0xe0>)
20001644:	9100      	str	r1, [sp, #0]
20001646:	2140      	movs	r1, #64	@ 0x40
20001648:	0004      	movs	r4, r0
2000164a:	f007 ffff 	bl	2000964c <__wrap_snprintf>
2000164e:	0020      	movs	r0, r4
20001650:	f009 f9d2 	bl	2000a9f8 <strlen>
20001654:	4684      	mov	ip, r0
20001656:	2100      	movs	r1, #0
20001658:	0022      	movs	r2, r4
2000165a:	e008      	b.n	2000166e <report_packets_sent+0xb6>
2000165c:	4b0f      	ldr	r3, [pc, #60]	@ (2000169c <report_packets_sent+0xe4>)
2000165e:	699b      	ldr	r3, [r3, #24]
20001660:	069b      	lsls	r3, r3, #26
20001662:	d4fb      	bmi.n	2000165c <report_packets_sent+0xa4>
20001664:	7810      	ldrb	r0, [r2, #0]
20001666:	4b0d      	ldr	r3, [pc, #52]	@ (2000169c <report_packets_sent+0xe4>)
20001668:	6018      	str	r0, [r3, #0]
2000166a:	3101      	adds	r1, #1
2000166c:	3201      	adds	r2, #1
2000166e:	458c      	cmp	ip, r1
20001670:	d8f4      	bhi.n	2000165c <report_packets_sent+0xa4>
20001672:	4809      	ldr	r0, [pc, #36]	@ (20001698 <report_packets_sent+0xe0>)
20001674:	f008 f9d1 	bl	20009a1a <__wrap_puts>
20001678:	e7b3      	b.n	200015e2 <report_packets_sent+0x2a>
2000167a:	46c0      	nop			@ (mov r8, r8)
2000167c:	2000fd50 	.word	0x2000fd50
20001680:	2000fd40 	.word	0x2000fd40
20001684:	01312d00 	.word	0x01312d00
20001688:	2000d984 	.word	0x2000d984
2000168c:	055d4a80 	.word	0x055d4a80
20001690:	2000d9a4 	.word	0x2000d9a4
20001694:	2000b594 	.word	0x2000b594
20001698:	2000fd54 	.word	0x2000fd54
2000169c:	40034000 	.word	0x40034000

200016a0 <st_pin_snapshot>:
200016a0:	b570      	push	{r4, r5, r6, lr}
200016a2:	0005      	movs	r5, r0
200016a4:	000c      	movs	r4, r1
200016a6:	0008      	movs	r0, r1
200016a8:	f004 f932 	bl	20005910 <gpio_get_function>
200016ac:	7028      	strb	r0, [r5, #0]
200016ae:	21d0      	movs	r1, #208	@ 0xd0
200016b0:	0609      	lsls	r1, r1, #24
200016b2:	6a0a      	ldr	r2, [r1, #32]
200016b4:	2301      	movs	r3, #1
200016b6:	40a3      	lsls	r3, r4
200016b8:	401a      	ands	r2, r3
200016ba:	1e50      	subs	r0, r2, #1
200016bc:	4182      	sbcs	r2, r0
200016be:	706a      	strb	r2, [r5, #1]
200016c0:	690a      	ldr	r2, [r1, #16]
200016c2:	4013      	ands	r3, r2
200016c4:	1e5a      	subs	r2, r3, #1
200016c6:	4193      	sbcs	r3, r2
200016c8:	70ab      	strb	r3, [r5, #2]
200016ca:	00a4      	lsls	r4, r4, #2
200016cc:	4b07      	ldr	r3, [pc, #28]	@ (200016ec <st_pin_snapshot+0x4c>)
200016ce:	469c      	mov	ip, r3
200016d0:	4464      	add	r4, ip
200016d2:	6862      	ldr	r2, [r4, #4]
200016d4:	2308      	movs	r3, #8
200016d6:	4013      	ands	r3, r2
200016d8:	071b      	lsls	r3, r3, #28
200016da:	0fdb      	lsrs	r3, r3, #31
200016dc:	70eb      	strb	r3, [r5, #3]
200016de:	6862      	ldr	r2, [r4, #4]
200016e0:	2304      	movs	r3, #4
200016e2:	4013      	ands	r3, r2
200016e4:	075b      	lsls	r3, r3, #29
200016e6:	0fdb      	lsrs	r3, r3, #31
200016e8:	712b      	strb	r3, [r5, #4]
200016ea:	bd70      	pop	{r4, r5, r6, pc}
200016ec:	4001c000 	.word	0x4001c000

200016f0 <st_pin_matches>:
200016f0:	b570      	push	{r4, r5, r6, lr}
200016f2:	0004      	movs	r4, r0
200016f4:	000d      	movs	r5, r1
200016f6:	0008      	movs	r0, r1
200016f8:	f004 f90a 	bl	20005910 <gpio_get_function>
200016fc:	7823      	ldrb	r3, [r4, #0]
200016fe:	4298      	cmp	r0, r3
20001700:	d131      	bne.n	20001766 <st_pin_matches+0x76>
20001702:	23d0      	movs	r3, #208	@ 0xd0
20001704:	061b      	lsls	r3, r3, #24
20001706:	6a1b      	ldr	r3, [r3, #32]
20001708:	2201      	movs	r2, #1
2000170a:	40aa      	lsls	r2, r5
2000170c:	4013      	ands	r3, r2
2000170e:	1e59      	subs	r1, r3, #1
20001710:	418b      	sbcs	r3, r1
20001712:	7861      	ldrb	r1, [r4, #1]
20001714:	428b      	cmp	r3, r1
20001716:	d128      	bne.n	2000176a <st_pin_matches+0x7a>
20001718:	00ab      	lsls	r3, r5, #2
2000171a:	4817      	ldr	r0, [pc, #92]	@ (20001778 <st_pin_matches+0x88>)
2000171c:	4684      	mov	ip, r0
2000171e:	4463      	add	r3, ip
20001720:	6858      	ldr	r0, [r3, #4]
20001722:	2308      	movs	r3, #8
20001724:	4003      	ands	r3, r0
20001726:	071b      	lsls	r3, r3, #28
20001728:	0fdb      	lsrs	r3, r3, #31
2000172a:	78e0      	ldrb	r0, [r4, #3]
2000172c:	4298      	cmp	r0, r3
2000172e:	d11e      	bne.n	2000176e <st_pin_matches+0x7e>
20001730:	00ab      	lsls	r3, r5, #2
20001732:	4463      	add	r3, ip
20001734:	6858      	ldr	r0, [r3, #4]
20001736:	2304      	movs	r3, #4
20001738:	4003      	ands	r3, r0
2000173a:	075b      	lsls	r3, r3, #29
2000173c:	0fdb      	lsrs	r3, r3, #31
2000173e:	7920      	ldrb	r0, [r4, #4]
20001740:	4298      	cmp	r0, r3
20001742:	d116      	bne.n	20001772 <st_pin_matches+0x82>
20001744:	2900      	cmp	r1, #0
20001746:	d00a      	beq.n	2000175e <st_pin_matches+0x6e>
20001748:	23d0      	movs	r3, #208	@ 0xd0
2000174a:	061b      	lsls	r3, r3, #24
2000174c:	691b      	ldr	r3, [r3, #16]
2000174e:	4013      	ands	r3, r2
20001750:	1e5a      	subs	r2, r3, #1
20001752:	4193      	sbcs	r3, r2
20001754:	78a2      	ldrb	r2, [r4, #2]
20001756:	4293      	cmp	r3, r2
20001758:	d003      	beq.n	20001762 <st_pin_matches+0x72>
2000175a:	2000      	movs	r0, #0
2000175c:	e004      	b.n	20001768 <st_pin_matches+0x78>
2000175e:	2001      	movs	r0, #1
20001760:	e002      	b.n	20001768 <st_pin_matches+0x78>
20001762:	2001      	movs	r0, #1
20001764:	e000      	b.n	20001768 <st_pin_matches+0x78>
20001766:	2000      	movs	r0, #0
20001768:	bd70      	pop	{r4, r5, r6, pc}
2000176a:	2000      	movs	r0, #0
2000176c:	e7fc      	b.n	20001768 <st_pin_matches+0x78>
2000176e:	2000      	movs	r0, #0
20001770:	e7fa      	b.n	20001768 <st_pin_matches+0x78>
20001772:	2000      	movs	r0, #0
20001774:	e7f8      	b.n	20001768 <st_pin_matches+0x78>
20001776:	46c0      	nop			@ (mov r8, r8)
20001778:	4001c000 	.word	0x4001c000

2000177c <st_read_settled>:
2000177c:	b570      	push	{r4, r5, r6, lr}
2000177e:	0005      	movs	r5, r0
20001780:	2400      	movs	r4, #0
20001782:	2600      	movs	r6, #0
20001784:	e004      	b.n	20001790 <st_read_settled+0x14>
20001786:	2064      	movs	r0, #100	@ 0x64
20001788:	2100      	movs	r1, #0
2000178a:	f005 f8c9 	bl	20006920 <sleep_us>
2000178e:	3401      	adds	r4, #1
20001790:	2c0f      	cmp	r4, #15
20001792:	d808      	bhi.n	200017a6 <st_read_settled+0x2a>
20001794:	23d0      	movs	r3, #208	@ 0xd0
20001796:	061b      	lsls	r3, r3, #24
20001798:	685a      	ldr	r2, [r3, #4]
2000179a:	2301      	movs	r3, #1
2000179c:	40ab      	lsls	r3, r5
2000179e:	4213      	tst	r3, r2
200017a0:	d0f1      	beq.n	20001786 <st_read_settled+0xa>
200017a2:	3601      	adds	r6, #1
200017a4:	e7ef      	b.n	20001786 <st_read_settled+0xa>
200017a6:	2008      	movs	r0, #8
200017a8:	42b0      	cmp	r0, r6
200017aa:	4180      	sbcs	r0, r0
200017ac:	4240      	negs	r0, r0
200017ae:	bd70      	pop	{r4, r5, r6, pc}

200017b0 <st_send>:
200017b0:	b5f0      	push	{r4, r5, r6, r7, lr}
200017b2:	46de      	mov	lr, fp
200017b4:	4657      	mov	r7, sl
200017b6:	464e      	mov	r6, r9
200017b8:	4645      	mov	r5, r8
200017ba:	b5e0      	push	{r5, r6, r7, lr}
200017bc:	b085      	sub	sp, #20
200017be:	9001      	str	r0, [sp, #4]
200017c0:	9102      	str	r1, [sp, #8]
200017c2:	4690      	mov	r8, r2
200017c4:	4699      	mov	r9, r3
200017c6:	ab0e      	add	r3, sp, #56	@ 0x38
200017c8:	cb04      	ldmia	r3!, {r2}
200017ca:	9203      	str	r2, [sp, #12]
200017cc:	781b      	ldrb	r3, [r3, #0]
200017ce:	469a      	mov	sl, r3
200017d0:	4a3c      	ldr	r2, [pc, #240]	@ (200018c4 <st_send+0x114>)
200017d2:	7813      	ldrb	r3, [r2, #0]
200017d4:	3301      	adds	r3, #1
200017d6:	b2db      	uxtb	r3, r3
200017d8:	7013      	strb	r3, [r2, #0]
200017da:	2b00      	cmp	r3, #0
200017dc:	d102      	bne.n	200017e4 <st_send+0x34>
200017de:	0013      	movs	r3, r2
200017e0:	2201      	movs	r2, #1
200017e2:	701a      	strb	r2, [r3, #0]
200017e4:	4b37      	ldr	r3, [pc, #220]	@ (200018c4 <st_send+0x114>)
200017e6:	781f      	ldrb	r7, [r3, #0]
200017e8:	2500      	movs	r5, #0
200017ea:	e039      	b.n	20001860 <st_send+0xb0>
200017ec:	2100      	movs	r1, #0
200017ee:	e005      	b.n	200017fc <st_send+0x4c>
200017f0:	3201      	adds	r2, #1
200017f2:	2a23      	cmp	r2, #35	@ 0x23
200017f4:	d80a      	bhi.n	2000180c <st_send+0x5c>
200017f6:	2800      	cmp	r0, #0
200017f8:	d0f8      	beq.n	200017ec <st_send+0x3c>
200017fa:	5c81      	ldrb	r1, [r0, r2]
200017fc:	0013      	movs	r3, r2
200017fe:	33a4      	adds	r3, #164	@ 0xa4
20001800:	4c31      	ldr	r4, [pc, #196]	@ (200018c8 <st_send+0x118>)
20001802:	54e1      	strb	r1, [r4, r3]
20001804:	2900      	cmp	r1, #0
20001806:	d1f3      	bne.n	200017f0 <st_send+0x40>
20001808:	2000      	movs	r0, #0
2000180a:	e7f1      	b.n	200017f0 <st_send+0x40>
2000180c:	4c2f      	ldr	r4, [pc, #188]	@ (200018cc <st_send+0x11c>)
2000180e:	21c4      	movs	r1, #196	@ 0xc4
20001810:	0020      	movs	r0, r4
20001812:	f7fe fddf 	bl	200003d4 <crc32_buffer>
20001816:	0001      	movs	r1, r0
20001818:	0020      	movs	r0, r4
2000181a:	30c4      	adds	r0, #196	@ 0xc4
2000181c:	f7fe fe16 	bl	2000044c <spi_put_u32>
20001820:	482b      	ldr	r0, [pc, #172]	@ (200018d0 <st_send+0x120>)
20001822:	2680      	movs	r6, #128	@ 0x80
20001824:	0076      	lsls	r6, r6, #1
20001826:	0032      	movs	r2, r6
20001828:	2100      	movs	r1, #0
2000182a:	4683      	mov	fp, r0
2000182c:	f006 fe08 	bl	20008440 <__wrap_memset>
20001830:	1f20      	subs	r0, r4, #4
20001832:	0032      	movs	r2, r6
20001834:	4659      	mov	r1, fp
20001836:	f7ff fc0d 	bl	20001054 <my_spi_to_esp_xfer_blocking>
2000183a:	2800      	cmp	r0, #0
2000183c:	db0f      	blt.n	2000185e <st_send+0xae>
2000183e:	4824      	ldr	r0, [pc, #144]	@ (200018d0 <st_send+0x120>)
20001840:	f7ff fc3c 	bl	200010bc <spi_find_frame>
20001844:	2800      	cmp	r0, #0
20001846:	d00a      	beq.n	2000185e <st_send+0xae>
20001848:	7943      	ldrb	r3, [r0, #5]
2000184a:	2b01      	cmp	r3, #1
2000184c:	d107      	bne.n	2000185e <st_send+0xae>
2000184e:	332d      	adds	r3, #45	@ 0x2d
20001850:	5cc2      	ldrb	r2, [r0, r3]
20001852:	4b20      	ldr	r3, [pc, #128]	@ (200018d4 <st_send+0x124>)
20001854:	701a      	strb	r2, [r3, #0]
20001856:	2323      	movs	r3, #35	@ 0x23
20001858:	5cc3      	ldrb	r3, [r0, r3]
2000185a:	42bb      	cmp	r3, r7
2000185c:	d030      	beq.n	200018c0 <st_send+0x110>
2000185e:	3501      	adds	r5, #1
20001860:	2d17      	cmp	r5, #23
20001862:	dc21      	bgt.n	200018a8 <st_send+0xf8>
20001864:	f005 fc3c 	bl	200070e0 <watchdog_update>
20001868:	2100      	movs	r1, #0
2000186a:	2006      	movs	r0, #6
2000186c:	f7ff fa20 	bl	20000cb0 <spi_build_control>
20001870:	4c15      	ldr	r4, [pc, #84]	@ (200018c8 <st_send+0x118>)
20001872:	4b19      	ldr	r3, [pc, #100]	@ (200018d8 <st_send+0x128>)
20001874:	781a      	ldrb	r2, [r3, #0]
20001876:	234f      	movs	r3, #79	@ 0x4f
20001878:	54e2      	strb	r2, [r4, r3]
2000187a:	72a7      	strb	r7, [r4, #10]
2000187c:	3349      	adds	r3, #73	@ 0x49
2000187e:	9a01      	ldr	r2, [sp, #4]
20001880:	54e2      	strb	r2, [r4, r3]
20001882:	3301      	adds	r3, #1
20001884:	9a02      	ldr	r2, [sp, #8]
20001886:	54e2      	strb	r2, [r4, r3]
20001888:	3301      	adds	r3, #1
2000188a:	4652      	mov	r2, sl
2000188c:	54e2      	strb	r2, [r4, r3]
2000188e:	0020      	movs	r0, r4
20001890:	309c      	adds	r0, #156	@ 0x9c
20001892:	4641      	mov	r1, r8
20001894:	f7fe fdda 	bl	2000044c <spi_put_u32>
20001898:	0020      	movs	r0, r4
2000189a:	30a0      	adds	r0, #160	@ 0xa0
2000189c:	4649      	mov	r1, r9
2000189e:	f7fe fdd5 	bl	2000044c <spi_put_u32>
200018a2:	9803      	ldr	r0, [sp, #12]
200018a4:	2200      	movs	r2, #0
200018a6:	e7a4      	b.n	200017f2 <st_send+0x42>
200018a8:	4b0c      	ldr	r3, [pc, #48]	@ (200018dc <st_send+0x12c>)
200018aa:	2201      	movs	r2, #1
200018ac:	701a      	strb	r2, [r3, #0]
200018ae:	2001      	movs	r0, #1
200018b0:	4240      	negs	r0, r0
200018b2:	b005      	add	sp, #20
200018b4:	bcf0      	pop	{r4, r5, r6, r7}
200018b6:	46bb      	mov	fp, r7
200018b8:	46b2      	mov	sl, r6
200018ba:	46a9      	mov	r9, r5
200018bc:	46a0      	mov	r8, r4
200018be:	bdf0      	pop	{r4, r5, r6, r7, pc}
200018c0:	2000      	movs	r0, #0
200018c2:	e7f6      	b.n	200018b2 <st_send+0x102>
200018c4:	20020eb6 	.word	0x20020eb6
200018c8:	20020c10 	.word	0x20020c10
200018cc:	20020c14 	.word	0x20020c14
200018d0:	20020b10 	.word	0x20020b10
200018d4:	20020ea9 	.word	0x20020ea9
200018d8:	20020eac 	.word	0x20020eac
200018dc:	20020eb5 	.word	0x20020eb5

200018e0 <st_run_sw_probe>:
200018e0:	b5f0      	push	{r4, r5, r6, r7, lr}
200018e2:	46d6      	mov	lr, sl
200018e4:	464f      	mov	r7, r9
200018e6:	4646      	mov	r6, r8
200018e8:	b5c0      	push	{r6, r7, lr}
200018ea:	b094      	sub	sp, #80	@ 0x50
200018ec:	4681      	mov	r9, r0
200018ee:	2802      	cmp	r0, #2
200018f0:	d100      	bne.n	200018f4 <st_run_sw_probe+0x14>
200018f2:	e080      	b.n	200019f6 <st_run_sw_probe+0x116>
200018f4:	2414      	movs	r4, #20
200018f6:	2515      	movs	r5, #21
200018f8:	0021      	movs	r1, r4
200018fa:	a807      	add	r0, sp, #28
200018fc:	f7ff fed0 	bl	200016a0 <st_pin_snapshot>
20001900:	0029      	movs	r1, r5
20001902:	a805      	add	r0, sp, #20
20001904:	f7ff fecc 	bl	200016a0 <st_pin_snapshot>
20001908:	2109      	movs	r1, #9
2000190a:	a803      	add	r0, sp, #12
2000190c:	f7ff fec8 	bl	200016a0 <st_pin_snapshot>
20001910:	0020      	movs	r0, r4
20001912:	f004 f888 	bl	20005a26 <gpio_init>
20001916:	2601      	movs	r6, #1
20001918:	0033      	movs	r3, r6
2000191a:	40a3      	lsls	r3, r4
2000191c:	27d0      	movs	r7, #208	@ 0xd0
2000191e:	063f      	lsls	r7, r7, #24
20001920:	62bb      	str	r3, [r7, #40]	@ 0x28
20001922:	2200      	movs	r2, #0
20001924:	2101      	movs	r1, #1
20001926:	0020      	movs	r0, r4
20001928:	f003 fffc 	bl	20005924 <gpio_set_pulls>
2000192c:	0028      	movs	r0, r5
2000192e:	f004 f87a 	bl	20005a26 <gpio_init>
20001932:	0033      	movs	r3, r6
20001934:	40ab      	lsls	r3, r5
20001936:	62bb      	str	r3, [r7, #40]	@ 0x28
20001938:	2200      	movs	r2, #0
2000193a:	2101      	movs	r1, #1
2000193c:	0028      	movs	r0, r5
2000193e:	f003 fff1 	bl	20005924 <gpio_set_pulls>
20001942:	2019      	movs	r0, #25
20001944:	f005 f802 	bl	2000694c <sleep_ms>
20001948:	2680      	movs	r6, #128	@ 0x80
2000194a:	00b6      	lsls	r6, r6, #2
2000194c:	617e      	str	r6, [r7, #20]
2000194e:	2009      	movs	r0, #9
20001950:	f004 f869 	bl	20005a26 <gpio_init>
20001954:	627e      	str	r6, [r7, #36]	@ 0x24
20001956:	2019      	movs	r0, #25
20001958:	f004 fff8 	bl	2000694c <sleep_ms>
2000195c:	61be      	str	r6, [r7, #24]
2000195e:	2019      	movs	r0, #25
20001960:	f004 fff4 	bl	2000694c <sleep_ms>
20001964:	0020      	movs	r0, r4
20001966:	f7ff ff09 	bl	2000177c <st_read_settled>
2000196a:	4680      	mov	r8, r0
2000196c:	0028      	movs	r0, r5
2000196e:	f7ff ff05 	bl	2000177c <st_read_settled>
20001972:	4682      	mov	sl, r0
20001974:	617e      	str	r6, [r7, #20]
20001976:	2019      	movs	r0, #25
20001978:	f004 ffe8 	bl	2000694c <sleep_ms>
2000197c:	0020      	movs	r0, r4
2000197e:	f7ff fefd 	bl	2000177c <st_read_settled>
20001982:	0007      	movs	r7, r0
20001984:	0028      	movs	r0, r5
20001986:	f7ff fef9 	bl	2000177c <st_read_settled>
2000198a:	0006      	movs	r6, r0
2000198c:	2109      	movs	r1, #9
2000198e:	ab03      	add	r3, sp, #12
20001990:	0018      	movs	r0, r3
20001992:	f7ff f80c 	bl	200009ae <st_pin_restore>
20001996:	0029      	movs	r1, r5
20001998:	ab05      	add	r3, sp, #20
2000199a:	0018      	movs	r0, r3
2000199c:	f7ff f807 	bl	200009ae <st_pin_restore>
200019a0:	0021      	movs	r1, r4
200019a2:	ab07      	add	r3, sp, #28
200019a4:	0018      	movs	r0, r3
200019a6:	f7ff f802 	bl	200009ae <st_pin_restore>
200019aa:	4643      	mov	r3, r8
200019ac:	2b00      	cmp	r3, #0
200019ae:	d025      	beq.n	200019fc <st_run_sw_probe+0x11c>
200019b0:	2401      	movs	r4, #1
200019b2:	4653      	mov	r3, sl
200019b4:	2b00      	cmp	r3, #0
200019b6:	d000      	beq.n	200019ba <st_run_sw_probe+0xda>
200019b8:	2302      	movs	r3, #2
200019ba:	431c      	orrs	r4, r3
200019bc:	2f00      	cmp	r7, #0
200019be:	d01f      	beq.n	20001a00 <st_run_sw_probe+0x120>
200019c0:	2304      	movs	r3, #4
200019c2:	431c      	orrs	r4, r3
200019c4:	1e33      	subs	r3, r6, #0
200019c6:	d000      	beq.n	200019ca <st_run_sw_probe+0xea>
200019c8:	2308      	movs	r3, #8
200019ca:	431c      	orrs	r4, r3
200019cc:	23d0      	movs	r3, #208	@ 0xd0
200019ce:	061b      	lsls	r3, r3, #24
200019d0:	691a      	ldr	r2, [r3, #16]
200019d2:	2380      	movs	r3, #128	@ 0x80
200019d4:	005b      	lsls	r3, r3, #1
200019d6:	0011      	movs	r1, r2
200019d8:	4019      	ands	r1, r3
200019da:	421a      	tst	r2, r3
200019dc:	d000      	beq.n	200019e0 <st_run_sw_probe+0x100>
200019de:	2110      	movs	r1, #16
200019e0:	430c      	orrs	r4, r1
200019e2:	4643      	mov	r3, r8
200019e4:	2b00      	cmp	r3, #0
200019e6:	d117      	bne.n	20001a18 <st_run_sw_probe+0x138>
200019e8:	4653      	mov	r3, sl
200019ea:	2b00      	cmp	r3, #0
200019ec:	d00a      	beq.n	20001a04 <st_run_sw_probe+0x124>
200019ee:	2f00      	cmp	r7, #0
200019f0:	d110      	bne.n	20001a14 <st_run_sw_probe+0x134>
200019f2:	2500      	movs	r5, #0
200019f4:	e007      	b.n	20001a06 <st_run_sw_probe+0x126>
200019f6:	2415      	movs	r4, #21
200019f8:	2514      	movs	r5, #20
200019fa:	e77d      	b.n	200018f8 <st_run_sw_probe+0x18>
200019fc:	2400      	movs	r4, #0
200019fe:	e7d8      	b.n	200019b2 <st_run_sw_probe+0xd2>
20001a00:	2300      	movs	r3, #0
20001a02:	e7de      	b.n	200019c2 <st_run_sw_probe+0xe2>
20001a04:	2500      	movs	r5, #0
20001a06:	4653      	mov	r3, sl
20001a08:	2b00      	cmp	r3, #0
20001a0a:	d026      	beq.n	20001a5a <st_run_sw_probe+0x17a>
20001a0c:	2f00      	cmp	r7, #0
20001a0e:	d126      	bne.n	20001a5e <st_run_sw_probe+0x17e>
20001a10:	4916      	ldr	r1, [pc, #88]	@ (20001a6c <st_run_sw_probe+0x18c>)
20001a12:	e003      	b.n	20001a1c <st_run_sw_probe+0x13c>
20001a14:	2501      	movs	r5, #1
20001a16:	e7f6      	b.n	20001a06 <st_run_sw_probe+0x126>
20001a18:	2500      	movs	r5, #0
20001a1a:	4915      	ldr	r1, [pc, #84]	@ (20001a70 <st_run_sw_probe+0x190>)
20001a1c:	464b      	mov	r3, r9
20001a1e:	2b02      	cmp	r3, #2
20001a20:	d01f      	beq.n	20001a62 <st_run_sw_probe+0x182>
20001a22:	4b14      	ldr	r3, [pc, #80]	@ (20001a74 <st_run_sw_probe+0x194>)
20001a24:	4a14      	ldr	r2, [pc, #80]	@ (20001a78 <st_run_sw_probe+0x198>)
20001a26:	9100      	str	r1, [sp, #0]
20001a28:	212c      	movs	r1, #44	@ 0x2c
20001a2a:	a809      	add	r0, sp, #36	@ 0x24
20001a2c:	f007 fe0e 	bl	2000964c <__wrap_snprintf>
20001a30:	464b      	mov	r3, r9
20001a32:	2b02      	cmp	r3, #2
20001a34:	d017      	beq.n	20001a66 <st_run_sw_probe+0x186>
20001a36:	2016      	movs	r0, #22
20001a38:	2301      	movs	r3, #1
20001a3a:	405d      	eors	r5, r3
20001a3c:	b2e9      	uxtb	r1, r5
20001a3e:	2300      	movs	r3, #0
20001a40:	9301      	str	r3, [sp, #4]
20001a42:	ab09      	add	r3, sp, #36	@ 0x24
20001a44:	9300      	str	r3, [sp, #0]
20001a46:	464b      	mov	r3, r9
20001a48:	0022      	movs	r2, r4
20001a4a:	f7ff feb1 	bl	200017b0 <st_send>
20001a4e:	b014      	add	sp, #80	@ 0x50
20001a50:	bce0      	pop	{r5, r6, r7}
20001a52:	46ba      	mov	sl, r7
20001a54:	46b1      	mov	r9, r6
20001a56:	46a8      	mov	r8, r5
20001a58:	bdf0      	pop	{r4, r5, r6, r7, pc}
20001a5a:	4908      	ldr	r1, [pc, #32]	@ (20001a7c <st_run_sw_probe+0x19c>)
20001a5c:	e7de      	b.n	20001a1c <st_run_sw_probe+0x13c>
20001a5e:	4908      	ldr	r1, [pc, #32]	@ (20001a80 <st_run_sw_probe+0x1a0>)
20001a60:	e7dc      	b.n	20001a1c <st_run_sw_probe+0x13c>
20001a62:	4b08      	ldr	r3, [pc, #32]	@ (20001a84 <st_run_sw_probe+0x1a4>)
20001a64:	e7de      	b.n	20001a24 <st_run_sw_probe+0x144>
20001a66:	2017      	movs	r0, #23
20001a68:	e7e6      	b.n	20001a38 <st_run_sw_probe+0x158>
20001a6a:	46c0      	nop			@ (mov r8, r8)
20001a6c:	2000b5e4 	.word	0x2000b5e4
20001a70:	2000b5b0 	.word	0x2000b5b0
20001a74:	2000b608 	.word	0x2000b608
20001a78:	2000b618 	.word	0x2000b618
20001a7c:	2000b5c8 	.word	0x2000b5c8
20001a80:	2000b5f4 	.word	0x2000b5f4
20001a84:	2000b610 	.word	0x2000b610

20001a88 <st_run_chip_pu>:
20001a88:	b5f0      	push	{r4, r5, r6, r7, lr}
20001a8a:	46c6      	mov	lr, r8
20001a8c:	b500      	push	{lr}
20001a8e:	b08e      	sub	sp, #56	@ 0x38
20001a90:	201c      	movs	r0, #28
20001a92:	f003 ffc8 	bl	20005a26 <gpio_init>
20001a96:	24d0      	movs	r4, #208	@ 0xd0
20001a98:	0624      	lsls	r4, r4, #24
20001a9a:	2380      	movs	r3, #128	@ 0x80
20001a9c:	055b      	lsls	r3, r3, #21
20001a9e:	62a3      	str	r3, [r4, #40]	@ 0x28
20001aa0:	2200      	movs	r2, #0
20001aa2:	2100      	movs	r1, #0
20001aa4:	201c      	movs	r0, #28
20001aa6:	f003 ff3d 	bl	20005924 <gpio_set_pulls>
20001aaa:	26fa      	movs	r6, #250	@ 0xfa
20001aac:	0076      	lsls	r6, r6, #1
20001aae:	2700      	movs	r7, #0
20001ab0:	0030      	movs	r0, r6
20001ab2:	0039      	movs	r1, r7
20001ab4:	f004 ff34 	bl	20006920 <sleep_us>
20001ab8:	6865      	ldr	r5, [r4, #4]
20001aba:	2380      	movs	r3, #128	@ 0x80
20001abc:	055b      	lsls	r3, r3, #21
20001abe:	401d      	ands	r5, r3
20001ac0:	00eb      	lsls	r3, r5, #3
20001ac2:	0fda      	lsrs	r2, r3, #31
20001ac4:	4690      	mov	r8, r2
20001ac6:	2201      	movs	r2, #1
20001ac8:	2100      	movs	r1, #0
20001aca:	201c      	movs	r0, #28
20001acc:	f003 ff2a 	bl	20005924 <gpio_set_pulls>
20001ad0:	0030      	movs	r0, r6
20001ad2:	0039      	movs	r1, r7
20001ad4:	f004 ff24 	bl	20006920 <sleep_us>
20001ad8:	6864      	ldr	r4, [r4, #4]
20001ada:	2380      	movs	r3, #128	@ 0x80
20001adc:	055b      	lsls	r3, r3, #21
20001ade:	401c      	ands	r4, r3
20001ae0:	00e6      	lsls	r6, r4, #3
20001ae2:	0ff6      	lsrs	r6, r6, #31
20001ae4:	2200      	movs	r2, #0
20001ae6:	2100      	movs	r1, #0
20001ae8:	201c      	movs	r0, #28
20001aea:	f003 ff1b 	bl	20005924 <gpio_set_pulls>
20001aee:	2200      	movs	r2, #0
20001af0:	2101      	movs	r1, #1
20001af2:	201c      	movs	r0, #28
20001af4:	f003 ff16 	bl	20005924 <gpio_set_pulls>
20001af8:	2c00      	cmp	r4, #0
20001afa:	d00b      	beq.n	20001b14 <st_run_chip_pu+0x8c>
20001afc:	4b0f      	ldr	r3, [pc, #60]	@ (20001b3c <st_run_chip_pu+0xb4>)
20001afe:	4a10      	ldr	r2, [pc, #64]	@ (20001b40 <st_run_chip_pu+0xb8>)
20001b00:	212c      	movs	r1, #44	@ 0x2c
20001b02:	a803      	add	r0, sp, #12
20001b04:	f007 fda2 	bl	2000964c <__wrap_snprintf>
20001b08:	2d00      	cmp	r5, #0
20001b0a:	d005      	beq.n	20001b18 <st_run_chip_pu+0x90>
20001b0c:	2c00      	cmp	r4, #0
20001b0e:	d112      	bne.n	20001b36 <st_run_chip_pu+0xae>
20001b10:	2101      	movs	r1, #1
20001b12:	e002      	b.n	20001b1a <st_run_chip_pu+0x92>
20001b14:	4b0b      	ldr	r3, [pc, #44]	@ (20001b44 <st_run_chip_pu+0xbc>)
20001b16:	e7f2      	b.n	20001afe <st_run_chip_pu+0x76>
20001b18:	2101      	movs	r1, #1
20001b1a:	b2c9      	uxtb	r1, r1
20001b1c:	2300      	movs	r3, #0
20001b1e:	9301      	str	r3, [sp, #4]
20001b20:	ab03      	add	r3, sp, #12
20001b22:	9300      	str	r3, [sp, #0]
20001b24:	0033      	movs	r3, r6
20001b26:	4642      	mov	r2, r8
20001b28:	2044      	movs	r0, #68	@ 0x44
20001b2a:	f7ff fe41 	bl	200017b0 <st_send>
20001b2e:	b00e      	add	sp, #56	@ 0x38
20001b30:	bc80      	pop	{r7}
20001b32:	46b8      	mov	r8, r7
20001b34:	bdf0      	pop	{r4, r5, r6, r7, pc}
20001b36:	2100      	movs	r1, #0
20001b38:	e7ef      	b.n	20001b1a <st_run_chip_pu+0x92>
20001b3a:	46c0      	nop			@ (mov r8, r8)
20001b3c:	2000b624 	.word	0x2000b624
20001b40:	2000b628 	.word	0x2000b628
20001b44:	2000b620 	.word	0x2000b620

20001b48 <st_run_switch>:
20001b48:	b5f0      	push	{r4, r5, r6, r7, lr}
20001b4a:	46ce      	mov	lr, r9
20001b4c:	4647      	mov	r7, r8
20001b4e:	b580      	push	{r7, lr}
20001b50:	b08f      	sub	sp, #60	@ 0x3c
20001b52:	4681      	mov	r9, r0
20001b54:	000e      	movs	r6, r1
20001b56:	4b57      	ldr	r3, [pc, #348]	@ (20001cb4 <st_run_switch+0x16c>)
20001b58:	781b      	ldrb	r3, [r3, #0]
20001b5a:	075b      	lsls	r3, r3, #29
20001b5c:	d517      	bpl.n	20001b8e <st_run_switch+0x46>
20001b5e:	2008      	movs	r0, #8
20001b60:	f003 ff61 	bl	20005a26 <gpio_init>
20001b64:	24d0      	movs	r4, #208	@ 0xd0
20001b66:	0624      	lsls	r4, r4, #24
20001b68:	2380      	movs	r3, #128	@ 0x80
20001b6a:	005b      	lsls	r3, r3, #1
20001b6c:	6263      	str	r3, [r4, #36]	@ 0x24
20001b6e:	2009      	movs	r0, #9
20001b70:	f003 ff59 	bl	20005a26 <gpio_init>
20001b74:	2380      	movs	r3, #128	@ 0x80
20001b76:	009b      	lsls	r3, r3, #2
20001b78:	6263      	str	r3, [r4, #36]	@ 0x24
20001b7a:	6163      	str	r3, [r4, #20]
20001b7c:	2019      	movs	r0, #25
20001b7e:	f004 fee5 	bl	2000694c <sleep_ms>
20001b82:	ab02      	add	r3, sp, #8
20001b84:	4a4c      	ldr	r2, [pc, #304]	@ (20001cb8 <st_run_switch+0x170>)
20001b86:	801a      	strh	r2, [r3, #0]
20001b88:	2500      	movs	r5, #0
20001b8a:	2700      	movs	r7, #0
20001b8c:	e01b      	b.n	20001bc6 <st_run_switch+0x7e>
20001b8e:	2500      	movs	r5, #0
20001b90:	9501      	str	r5, [sp, #4]
20001b92:	4c4a      	ldr	r4, [pc, #296]	@ (20001cbc <st_run_switch+0x174>)
20001b94:	9400      	str	r4, [sp, #0]
20001b96:	2300      	movs	r3, #0
20001b98:	2200      	movs	r2, #0
20001b9a:	2103      	movs	r1, #3
20001b9c:	2011      	movs	r0, #17
20001b9e:	f7ff fe07 	bl	200017b0 <st_send>
20001ba2:	9501      	str	r5, [sp, #4]
20001ba4:	9400      	str	r4, [sp, #0]
20001ba6:	2300      	movs	r3, #0
20001ba8:	2200      	movs	r2, #0
20001baa:	2103      	movs	r1, #3
20001bac:	2012      	movs	r0, #18
20001bae:	f7ff fdff 	bl	200017b0 <st_send>
20001bb2:	e068      	b.n	20001c86 <st_run_switch+0x13e>
20001bb4:	2301      	movs	r3, #1
20001bb6:	40a3      	lsls	r3, r4
20001bb8:	431f      	orrs	r7, r3
20001bba:	2200      	movs	r2, #0
20001bbc:	2100      	movs	r1, #0
20001bbe:	0020      	movs	r0, r4
20001bc0:	f003 feb0 	bl	20005924 <gpio_set_pulls>
20001bc4:	3501      	adds	r5, #1
20001bc6:	2d01      	cmp	r5, #1
20001bc8:	dc26      	bgt.n	20001c18 <st_run_switch+0xd0>
20001bca:	ab02      	add	r3, sp, #8
20001bcc:	5d5c      	ldrb	r4, [r3, r5]
20001bce:	0020      	movs	r0, r4
20001bd0:	f003 ff29 	bl	20005a26 <gpio_init>
20001bd4:	2301      	movs	r3, #1
20001bd6:	40a3      	lsls	r3, r4
20001bd8:	22d0      	movs	r2, #208	@ 0xd0
20001bda:	0612      	lsls	r2, r2, #24
20001bdc:	6293      	str	r3, [r2, #40]	@ 0x28
20001bde:	2200      	movs	r2, #0
20001be0:	2101      	movs	r1, #1
20001be2:	0020      	movs	r0, r4
20001be4:	f003 fe9e 	bl	20005924 <gpio_set_pulls>
20001be8:	2019      	movs	r0, #25
20001bea:	f004 feaf 	bl	2000694c <sleep_ms>
20001bee:	0020      	movs	r0, r4
20001bf0:	f7ff fdc4 	bl	2000177c <st_read_settled>
20001bf4:	4680      	mov	r8, r0
20001bf6:	2201      	movs	r2, #1
20001bf8:	2100      	movs	r1, #0
20001bfa:	0020      	movs	r0, r4
20001bfc:	f003 fe92 	bl	20005924 <gpio_set_pulls>
20001c00:	2019      	movs	r0, #25
20001c02:	f004 fea3 	bl	2000694c <sleep_ms>
20001c06:	0020      	movs	r0, r4
20001c08:	f7ff fdb8 	bl	2000177c <st_read_settled>
20001c0c:	4643      	mov	r3, r8
20001c0e:	2b00      	cmp	r3, #0
20001c10:	d0d0      	beq.n	20001bb4 <st_run_switch+0x6c>
20001c12:	2800      	cmp	r0, #0
20001c14:	d0d1      	beq.n	20001bba <st_run_switch+0x72>
20001c16:	e7cd      	b.n	20001bb4 <st_run_switch+0x6c>
20001c18:	2e00      	cmp	r6, #0
20001c1a:	d039      	beq.n	20001c90 <st_run_switch+0x148>
20001c1c:	23d0      	movs	r3, #208	@ 0xd0
20001c1e:	061b      	lsls	r3, r3, #24
20001c20:	2280      	movs	r2, #128	@ 0x80
20001c22:	0092      	lsls	r2, r2, #2
20001c24:	615a      	str	r2, [r3, #20]
20001c26:	464b      	mov	r3, r9
20001c28:	2b00      	cmp	r3, #0
20001c2a:	d037      	beq.n	20001c9c <st_run_switch+0x154>
20001c2c:	23d0      	movs	r3, #208	@ 0xd0
20001c2e:	061b      	lsls	r3, r3, #24
20001c30:	2280      	movs	r2, #128	@ 0x80
20001c32:	0052      	lsls	r2, r2, #1
20001c34:	615a      	str	r2, [r3, #20]
20001c36:	2301      	movs	r3, #1
20001c38:	2e00      	cmp	r6, #0
20001c3a:	d036      	beq.n	20001caa <st_run_switch+0x162>
20001c3c:	2101      	movs	r1, #1
20001c3e:	4a20      	ldr	r2, [pc, #128]	@ (20001cc0 <st_run_switch+0x178>)
20001c40:	ac03      	add	r4, sp, #12
20001c42:	9100      	str	r1, [sp, #0]
20001c44:	212c      	movs	r1, #44	@ 0x2c
20001c46:	0020      	movs	r0, r4
20001c48:	f007 fd00 	bl	2000964c <__wrap_snprintf>
20001c4c:	2300      	movs	r3, #0
20001c4e:	9301      	str	r3, [sp, #4]
20001c50:	9400      	str	r4, [sp, #0]
20001c52:	0033      	movs	r3, r6
20001c54:	464a      	mov	r2, r9
20001c56:	2100      	movs	r1, #0
20001c58:	2011      	movs	r0, #17
20001c5a:	f7ff fda9 	bl	200017b0 <st_send>
20001c5e:	2f00      	cmp	r7, #0
20001c60:	d025      	beq.n	20001cae <st_run_switch+0x166>
20001c62:	4b18      	ldr	r3, [pc, #96]	@ (20001cc4 <st_run_switch+0x17c>)
20001c64:	4a18      	ldr	r2, [pc, #96]	@ (20001cc8 <st_run_switch+0x180>)
20001c66:	ac03      	add	r4, sp, #12
20001c68:	212c      	movs	r1, #44	@ 0x2c
20001c6a:	0020      	movs	r0, r4
20001c6c:	f007 fcee 	bl	2000964c <__wrap_snprintf>
20001c70:	0039      	movs	r1, r7
20001c72:	1e4b      	subs	r3, r1, #1
20001c74:	4199      	sbcs	r1, r3
20001c76:	b2c9      	uxtb	r1, r1
20001c78:	2300      	movs	r3, #0
20001c7a:	9301      	str	r3, [sp, #4]
20001c7c:	9400      	str	r4, [sp, #0]
20001c7e:	003a      	movs	r2, r7
20001c80:	2012      	movs	r0, #18
20001c82:	f7ff fd95 	bl	200017b0 <st_send>
20001c86:	b00f      	add	sp, #60	@ 0x3c
20001c88:	bcc0      	pop	{r6, r7}
20001c8a:	46b9      	mov	r9, r7
20001c8c:	46b0      	mov	r8, r6
20001c8e:	bdf0      	pop	{r4, r5, r6, r7, pc}
20001c90:	23d0      	movs	r3, #208	@ 0xd0
20001c92:	061b      	lsls	r3, r3, #24
20001c94:	2280      	movs	r2, #128	@ 0x80
20001c96:	0092      	lsls	r2, r2, #2
20001c98:	619a      	str	r2, [r3, #24]
20001c9a:	e7c4      	b.n	20001c26 <st_run_switch+0xde>
20001c9c:	23d0      	movs	r3, #208	@ 0xd0
20001c9e:	061b      	lsls	r3, r3, #24
20001ca0:	2280      	movs	r2, #128	@ 0x80
20001ca2:	0052      	lsls	r2, r2, #1
20001ca4:	619a      	str	r2, [r3, #24]
20001ca6:	2300      	movs	r3, #0
20001ca8:	e7c6      	b.n	20001c38 <st_run_switch+0xf0>
20001caa:	2100      	movs	r1, #0
20001cac:	e7c7      	b.n	20001c3e <st_run_switch+0xf6>
20001cae:	4b07      	ldr	r3, [pc, #28]	@ (20001ccc <st_run_switch+0x184>)
20001cb0:	e7d8      	b.n	20001c64 <st_run_switch+0x11c>
20001cb2:	46c0      	nop			@ (mov r8, r8)
20001cb4:	20020eaa 	.word	0x20020eaa
20001cb8:	00001514 	.word	0x00001514
20001cbc:	2000b668 	.word	0x2000b668
20001cc0:	2000b678 	.word	0x2000b678
20001cc4:	2000b638 	.word	0x2000b638
20001cc8:	2000b70c 	.word	0x2000b70c
20001ccc:	2000b654 	.word	0x2000b654

20001cd0 <st_blink_led>:
20001cd0:	b510      	push	{r4, lr}
20001cd2:	201a      	movs	r0, #26
20001cd4:	f003 fea7 	bl	20005a26 <gpio_init>
20001cd8:	23d0      	movs	r3, #208	@ 0xd0
20001cda:	061b      	lsls	r3, r3, #24
20001cdc:	2280      	movs	r2, #128	@ 0x80
20001cde:	04d2      	lsls	r2, r2, #19
20001ce0:	625a      	str	r2, [r3, #36]	@ 0x24
20001ce2:	2400      	movs	r4, #0
20001ce4:	e008      	b.n	20001cf8 <st_blink_led+0x28>
20001ce6:	23d0      	movs	r3, #208	@ 0xd0
20001ce8:	061b      	lsls	r3, r3, #24
20001cea:	2280      	movs	r2, #128	@ 0x80
20001cec:	04d2      	lsls	r2, r2, #19
20001cee:	619a      	str	r2, [r3, #24]
20001cf0:	20fa      	movs	r0, #250	@ 0xfa
20001cf2:	f004 fe2b 	bl	2000694c <sleep_ms>
20001cf6:	3401      	adds	r4, #1
20001cf8:	2c0b      	cmp	r4, #11
20001cfa:	dc09      	bgt.n	20001d10 <st_blink_led+0x40>
20001cfc:	f005 f9f0 	bl	200070e0 <watchdog_update>
20001d00:	07e3      	lsls	r3, r4, #31
20001d02:	d5f0      	bpl.n	20001ce6 <st_blink_led+0x16>
20001d04:	23d0      	movs	r3, #208	@ 0xd0
20001d06:	061b      	lsls	r3, r3, #24
20001d08:	2280      	movs	r2, #128	@ 0x80
20001d0a:	04d2      	lsls	r2, r2, #19
20001d0c:	615a      	str	r2, [r3, #20]
20001d0e:	e7ef      	b.n	20001cf0 <st_blink_led+0x20>
20001d10:	23d0      	movs	r3, #208	@ 0xd0
20001d12:	061b      	lsls	r3, r3, #24
20001d14:	2280      	movs	r2, #128	@ 0x80
20001d16:	04d2      	lsls	r2, r2, #19
20001d18:	619a      	str	r2, [r3, #24]
20001d1a:	629a      	str	r2, [r3, #40]	@ 0x28
20001d1c:	bd10      	pop	{r4, pc}
	...

20001d20 <st_run_gpio>:
20001d20:	b5f0      	push	{r4, r5, r6, r7, lr}
20001d22:	46de      	mov	lr, fp
20001d24:	4657      	mov	r7, sl
20001d26:	464e      	mov	r6, r9
20001d28:	4645      	mov	r5, r8
20001d2a:	b5e0      	push	{r5, r6, r7, lr}
20001d2c:	b09b      	sub	sp, #108	@ 0x6c
20001d2e:	ab04      	add	r3, sp, #16
20001d30:	2200      	movs	r2, #0
20001d32:	701a      	strb	r2, [r3, #0]
20001d34:	2600      	movs	r6, #0
20001d36:	4ba8      	ldr	r3, [pc, #672]	@ (20001fd8 <st_run_gpio+0x2b8>)
20001d38:	9302      	str	r3, [sp, #8]
20001d3a:	9303      	str	r3, [sp, #12]
20001d3c:	2300      	movs	r3, #0
20001d3e:	469a      	mov	sl, r3
20001d40:	469b      	mov	fp, r3
20001d42:	e040      	b.n	20001dc6 <st_run_gpio+0xa6>
20001d44:	2301      	movs	r3, #1
20001d46:	40ab      	lsls	r3, r5
20001d48:	465a      	mov	r2, fp
20001d4a:	431a      	orrs	r2, r3
20001d4c:	4693      	mov	fp, r2
20001d4e:	9b03      	ldr	r3, [sp, #12]
20001d50:	781b      	ldrb	r3, [r3, #0]
20001d52:	2b00      	cmp	r3, #0
20001d54:	d104      	bne.n	20001d60 <st_run_gpio+0x40>
20001d56:	4ba1      	ldr	r3, [pc, #644]	@ (20001fdc <st_run_gpio+0x2bc>)
20001d58:	00f2      	lsls	r2, r6, #3
20001d5a:	189b      	adds	r3, r3, r2
20001d5c:	685b      	ldr	r3, [r3, #4]
20001d5e:	9303      	str	r3, [sp, #12]
20001d60:	2200      	movs	r2, #0
20001d62:	2100      	movs	r1, #0
20001d64:	0028      	movs	r0, r5
20001d66:	f003 fddd 	bl	20005924 <gpio_set_pulls>
20001d6a:	27d0      	movs	r7, #208	@ 0xd0
20001d6c:	063f      	lsls	r7, r7, #24
20001d6e:	627c      	str	r4, [r7, #36]	@ 0x24
20001d70:	617c      	str	r4, [r7, #20]
20001d72:	20c8      	movs	r0, #200	@ 0xc8
20001d74:	2100      	movs	r1, #0
20001d76:	f004 fdd3 	bl	20006920 <sleep_us>
20001d7a:	687b      	ldr	r3, [r7, #4]
20001d7c:	4023      	ands	r3, r4
20001d7e:	4698      	mov	r8, r3
20001d80:	61bc      	str	r4, [r7, #24]
20001d82:	20c8      	movs	r0, #200	@ 0xc8
20001d84:	2100      	movs	r1, #0
20001d86:	f004 fdcb 	bl	20006920 <sleep_us>
20001d8a:	687b      	ldr	r3, [r7, #4]
20001d8c:	4023      	ands	r3, r4
20001d8e:	4642      	mov	r2, r8
20001d90:	2a00      	cmp	r2, #0
20001d92:	d001      	beq.n	20001d98 <st_run_gpio+0x78>
20001d94:	2b00      	cmp	r3, #0
20001d96:	d00d      	beq.n	20001db4 <st_run_gpio+0x94>
20001d98:	2301      	movs	r3, #1
20001d9a:	40ab      	lsls	r3, r5
20001d9c:	4652      	mov	r2, sl
20001d9e:	431a      	orrs	r2, r3
20001da0:	4692      	mov	sl, r2
20001da2:	9b02      	ldr	r3, [sp, #8]
20001da4:	781b      	ldrb	r3, [r3, #0]
20001da6:	2b00      	cmp	r3, #0
20001da8:	d104      	bne.n	20001db4 <st_run_gpio+0x94>
20001daa:	4b8c      	ldr	r3, [pc, #560]	@ (20001fdc <st_run_gpio+0x2bc>)
20001dac:	00f2      	lsls	r2, r6, #3
20001dae:	189b      	adds	r3, r3, r2
20001db0:	685b      	ldr	r3, [r3, #4]
20001db2:	9302      	str	r3, [sp, #8]
20001db4:	23d0      	movs	r3, #208	@ 0xd0
20001db6:	061b      	lsls	r3, r3, #24
20001db8:	629c      	str	r4, [r3, #40]	@ 0x28
20001dba:	2200      	movs	r2, #0
20001dbc:	2101      	movs	r1, #1
20001dbe:	0028      	movs	r0, r5
20001dc0:	f003 fdb0 	bl	20005924 <gpio_set_pulls>
20001dc4:	3601      	adds	r6, #1
20001dc6:	4b86      	ldr	r3, [pc, #536]	@ (20001fe0 <st_run_gpio+0x2c0>)
20001dc8:	681b      	ldr	r3, [r3, #0]
20001dca:	42b3      	cmp	r3, r6
20001dcc:	d933      	bls.n	20001e36 <st_run_gpio+0x116>
20001dce:	4b83      	ldr	r3, [pc, #524]	@ (20001fdc <st_run_gpio+0x2bc>)
20001dd0:	00f2      	lsls	r2, r6, #3
20001dd2:	5cd5      	ldrb	r5, [r2, r3]
20001dd4:	f005 f984 	bl	200070e0 <watchdog_update>
20001dd8:	0028      	movs	r0, r5
20001dda:	f003 fe24 	bl	20005a26 <gpio_init>
20001dde:	2701      	movs	r7, #1
20001de0:	003c      	movs	r4, r7
20001de2:	40ac      	lsls	r4, r5
20001de4:	23d0      	movs	r3, #208	@ 0xd0
20001de6:	061b      	lsls	r3, r3, #24
20001de8:	4699      	mov	r9, r3
20001dea:	629c      	str	r4, [r3, #40]	@ 0x28
20001dec:	2200      	movs	r2, #0
20001dee:	2101      	movs	r1, #1
20001df0:	0028      	movs	r0, r5
20001df2:	f003 fd97 	bl	20005924 <gpio_set_pulls>
20001df6:	20c8      	movs	r0, #200	@ 0xc8
20001df8:	2100      	movs	r1, #0
20001dfa:	f004 fd91 	bl	20006920 <sleep_us>
20001dfe:	464b      	mov	r3, r9
20001e00:	685b      	ldr	r3, [r3, #4]
20001e02:	4023      	ands	r3, r4
20001e04:	4698      	mov	r8, r3
20001e06:	2201      	movs	r2, #1
20001e08:	2100      	movs	r1, #0
20001e0a:	0028      	movs	r0, r5
20001e0c:	f003 fd8a 	bl	20005924 <gpio_set_pulls>
20001e10:	20c8      	movs	r0, #200	@ 0xc8
20001e12:	2100      	movs	r1, #0
20001e14:	f004 fd84 	bl	20006920 <sleep_us>
20001e18:	464b      	mov	r3, r9
20001e1a:	685a      	ldr	r2, [r3, #4]
20001e1c:	4022      	ands	r2, r4
20001e1e:	23c0      	movs	r3, #192	@ 0xc0
20001e20:	01db      	lsls	r3, r3, #7
20001e22:	40eb      	lsrs	r3, r5
20001e24:	401f      	ands	r7, r3
20001e26:	4643      	mov	r3, r8
20001e28:	2b00      	cmp	r3, #0
20001e2a:	d08b      	beq.n	20001d44 <st_run_gpio+0x24>
20001e2c:	2a00      	cmp	r2, #0
20001e2e:	d097      	beq.n	20001d60 <st_run_gpio+0x40>
20001e30:	2f00      	cmp	r7, #0
20001e32:	d195      	bne.n	20001d60 <st_run_gpio+0x40>
20001e34:	e786      	b.n	20001d44 <st_run_gpio+0x24>
20001e36:	20fa      	movs	r0, #250	@ 0xfa
20001e38:	0040      	lsls	r0, r0, #1
20001e3a:	2100      	movs	r1, #0
20001e3c:	f004 fd70 	bl	20006920 <sleep_us>
20001e40:	2500      	movs	r5, #0
20001e42:	2700      	movs	r7, #0
20001e44:	e037      	b.n	20001eb6 <st_run_gpio+0x196>
20001e46:	3401      	adds	r4, #1
20001e48:	4b65      	ldr	r3, [pc, #404]	@ (20001fe0 <st_run_gpio+0x2c0>)
20001e4a:	681b      	ldr	r3, [r3, #0]
20001e4c:	42a3      	cmp	r3, r4
20001e4e:	d923      	bls.n	20001e98 <st_run_gpio+0x178>
20001e50:	42a5      	cmp	r5, r4
20001e52:	d0f8      	beq.n	20001e46 <st_run_gpio+0x126>
20001e54:	4b61      	ldr	r3, [pc, #388]	@ (20001fdc <st_run_gpio+0x2bc>)
20001e56:	00e2      	lsls	r2, r4, #3
20001e58:	5cd2      	ldrb	r2, [r2, r3]
20001e5a:	23d0      	movs	r3, #208	@ 0xd0
20001e5c:	061b      	lsls	r3, r3, #24
20001e5e:	6859      	ldr	r1, [r3, #4]
20001e60:	2301      	movs	r3, #1
20001e62:	4093      	lsls	r3, r2
20001e64:	420b      	tst	r3, r1
20001e66:	d1ee      	bne.n	20001e46 <st_run_gpio+0x126>
20001e68:	2301      	movs	r3, #1
20001e6a:	0019      	movs	r1, r3
20001e6c:	40b1      	lsls	r1, r6
20001e6e:	4093      	lsls	r3, r2
20001e70:	430b      	orrs	r3, r1
20001e72:	431f      	orrs	r7, r3
20001e74:	ab04      	add	r3, sp, #16
20001e76:	781b      	ldrb	r3, [r3, #0]
20001e78:	2b00      	cmp	r3, #0
20001e7a:	d1e4      	bne.n	20001e46 <st_run_gpio+0x126>
20001e7c:	4957      	ldr	r1, [pc, #348]	@ (20001fdc <st_run_gpio+0x2bc>)
20001e7e:	00eb      	lsls	r3, r5, #3
20001e80:	18cb      	adds	r3, r1, r3
20001e82:	685b      	ldr	r3, [r3, #4]
20001e84:	4a57      	ldr	r2, [pc, #348]	@ (20001fe4 <st_run_gpio+0x2c4>)
20001e86:	00e0      	lsls	r0, r4, #3
20001e88:	1809      	adds	r1, r1, r0
20001e8a:	6849      	ldr	r1, [r1, #4]
20001e8c:	9100      	str	r1, [sp, #0]
20001e8e:	212c      	movs	r1, #44	@ 0x2c
20001e90:	a804      	add	r0, sp, #16
20001e92:	f007 fbdb 	bl	2000964c <__wrap_snprintf>
20001e96:	e7d6      	b.n	20001e46 <st_run_gpio+0x126>
20001e98:	23d0      	movs	r3, #208	@ 0xd0
20001e9a:	061b      	lsls	r3, r3, #24
20001e9c:	4642      	mov	r2, r8
20001e9e:	629a      	str	r2, [r3, #40]	@ 0x28
20001ea0:	2200      	movs	r2, #0
20001ea2:	2101      	movs	r1, #1
20001ea4:	0030      	movs	r0, r6
20001ea6:	f003 fd3d 	bl	20005924 <gpio_set_pulls>
20001eaa:	2096      	movs	r0, #150	@ 0x96
20001eac:	0040      	lsls	r0, r0, #1
20001eae:	2100      	movs	r1, #0
20001eb0:	f004 fd36 	bl	20006920 <sleep_us>
20001eb4:	3501      	adds	r5, #1
20001eb6:	4b4a      	ldr	r3, [pc, #296]	@ (20001fe0 <st_run_gpio+0x2c0>)
20001eb8:	681b      	ldr	r3, [r3, #0]
20001eba:	42ab      	cmp	r3, r5
20001ebc:	d91a      	bls.n	20001ef4 <st_run_gpio+0x1d4>
20001ebe:	4b47      	ldr	r3, [pc, #284]	@ (20001fdc <st_run_gpio+0x2bc>)
20001ec0:	00ea      	lsls	r2, r5, #3
20001ec2:	5cd6      	ldrb	r6, [r2, r3]
20001ec4:	f005 f90c 	bl	200070e0 <watchdog_update>
20001ec8:	2e09      	cmp	r6, #9
20001eca:	d0f3      	beq.n	20001eb4 <st_run_gpio+0x194>
20001ecc:	2200      	movs	r2, #0
20001ece:	2100      	movs	r1, #0
20001ed0:	0030      	movs	r0, r6
20001ed2:	f003 fd27 	bl	20005924 <gpio_set_pulls>
20001ed6:	2301      	movs	r3, #1
20001ed8:	40b3      	lsls	r3, r6
20001eda:	4698      	mov	r8, r3
20001edc:	23d0      	movs	r3, #208	@ 0xd0
20001ede:	061b      	lsls	r3, r3, #24
20001ee0:	4642      	mov	r2, r8
20001ee2:	625a      	str	r2, [r3, #36]	@ 0x24
20001ee4:	619a      	str	r2, [r3, #24]
20001ee6:	2096      	movs	r0, #150	@ 0x96
20001ee8:	0040      	lsls	r0, r0, #1
20001eea:	2100      	movs	r1, #0
20001eec:	f004 fd18 	bl	20006920 <sleep_us>
20001ef0:	2400      	movs	r4, #0
20001ef2:	e7a9      	b.n	20001e48 <st_run_gpio+0x128>
20001ef4:	2400      	movs	r4, #0
20001ef6:	e005      	b.n	20001f04 <st_run_gpio+0x1e4>
20001ef8:	4b38      	ldr	r3, [pc, #224]	@ (20001fdc <st_run_gpio+0x2bc>)
20001efa:	00e2      	lsls	r2, r4, #3
20001efc:	5cd0      	ldrb	r0, [r2, r3]
20001efe:	f7fe fd47 	bl	20000990 <st_pin_release>
20001f02:	3401      	adds	r4, #1
20001f04:	4b36      	ldr	r3, [pc, #216]	@ (20001fe0 <st_run_gpio+0x2c0>)
20001f06:	681b      	ldr	r3, [r3, #0]
20001f08:	42a3      	cmp	r3, r4
20001f0a:	d8f5      	bhi.n	20001ef8 <st_run_gpio+0x1d8>
20001f0c:	200d      	movs	r0, #13
20001f0e:	f003 fd8a 	bl	20005a26 <gpio_init>
20001f12:	24d0      	movs	r4, #208	@ 0xd0
20001f14:	0624      	lsls	r4, r4, #24
20001f16:	2380      	movs	r3, #128	@ 0x80
20001f18:	019b      	lsls	r3, r3, #6
20001f1a:	6263      	str	r3, [r4, #36]	@ 0x24
20001f1c:	6163      	str	r3, [r4, #20]
20001f1e:	200e      	movs	r0, #14
20001f20:	f003 fd81 	bl	20005a26 <gpio_init>
20001f24:	2380      	movs	r3, #128	@ 0x80
20001f26:	01db      	lsls	r3, r3, #7
20001f28:	6263      	str	r3, [r4, #36]	@ 0x24
20001f2a:	61a3      	str	r3, [r4, #24]
20001f2c:	4b2c      	ldr	r3, [pc, #176]	@ (20001fe0 <st_run_gpio+0x2c0>)
20001f2e:	681b      	ldr	r3, [r3, #0]
20001f30:	465a      	mov	r2, fp
20001f32:	2a00      	cmp	r2, #0
20001f34:	d101      	bne.n	20001f3a <st_run_gpio+0x21a>
20001f36:	4a2c      	ldr	r2, [pc, #176]	@ (20001fe8 <st_run_gpio+0x2c8>)
20001f38:	9203      	str	r2, [sp, #12]
20001f3a:	4a2c      	ldr	r2, [pc, #176]	@ (20001fec <st_run_gpio+0x2cc>)
20001f3c:	ac0f      	add	r4, sp, #60	@ 0x3c
20001f3e:	9903      	ldr	r1, [sp, #12]
20001f40:	9100      	str	r1, [sp, #0]
20001f42:	212c      	movs	r1, #44	@ 0x2c
20001f44:	0020      	movs	r0, r4
20001f46:	f007 fb81 	bl	2000964c <__wrap_snprintf>
20001f4a:	4d25      	ldr	r5, [pc, #148]	@ (20001fe0 <st_run_gpio+0x2c0>)
20001f4c:	682b      	ldr	r3, [r5, #0]
20001f4e:	4659      	mov	r1, fp
20001f50:	1e4a      	subs	r2, r1, #1
20001f52:	4191      	sbcs	r1, r2
20001f54:	b2c9      	uxtb	r1, r1
20001f56:	2200      	movs	r2, #0
20001f58:	9201      	str	r2, [sp, #4]
20001f5a:	9400      	str	r4, [sp, #0]
20001f5c:	465a      	mov	r2, fp
20001f5e:	200f      	movs	r0, #15
20001f60:	f7ff fc26 	bl	200017b0 <st_send>
20001f64:	682b      	ldr	r3, [r5, #0]
20001f66:	4652      	mov	r2, sl
20001f68:	2a00      	cmp	r2, #0
20001f6a:	d101      	bne.n	20001f70 <st_run_gpio+0x250>
20001f6c:	4a20      	ldr	r2, [pc, #128]	@ (20001ff0 <st_run_gpio+0x2d0>)
20001f6e:	9202      	str	r2, [sp, #8]
20001f70:	4a1e      	ldr	r2, [pc, #120]	@ (20001fec <st_run_gpio+0x2cc>)
20001f72:	ac0f      	add	r4, sp, #60	@ 0x3c
20001f74:	9902      	ldr	r1, [sp, #8]
20001f76:	9100      	str	r1, [sp, #0]
20001f78:	212c      	movs	r1, #44	@ 0x2c
20001f7a:	0020      	movs	r0, r4
20001f7c:	f007 fb66 	bl	2000964c <__wrap_snprintf>
20001f80:	4b17      	ldr	r3, [pc, #92]	@ (20001fe0 <st_run_gpio+0x2c0>)
20001f82:	681b      	ldr	r3, [r3, #0]
20001f84:	4651      	mov	r1, sl
20001f86:	1e4a      	subs	r2, r1, #1
20001f88:	4191      	sbcs	r1, r2
20001f8a:	b2c9      	uxtb	r1, r1
20001f8c:	2200      	movs	r2, #0
20001f8e:	9201      	str	r2, [sp, #4]
20001f90:	9400      	str	r4, [sp, #0]
20001f92:	4652      	mov	r2, sl
20001f94:	200e      	movs	r0, #14
20001f96:	f7ff fc0b 	bl	200017b0 <st_send>
20001f9a:	2f00      	cmp	r7, #0
20001f9c:	d01a      	beq.n	20001fd4 <st_run_gpio+0x2b4>
20001f9e:	ab04      	add	r3, sp, #16
20001fa0:	4a14      	ldr	r2, [pc, #80]	@ (20001ff4 <st_run_gpio+0x2d4>)
20001fa2:	ac0f      	add	r4, sp, #60	@ 0x3c
20001fa4:	212c      	movs	r1, #44	@ 0x2c
20001fa6:	0020      	movs	r0, r4
20001fa8:	f007 fb50 	bl	2000964c <__wrap_snprintf>
20001fac:	4b0c      	ldr	r3, [pc, #48]	@ (20001fe0 <st_run_gpio+0x2c0>)
20001fae:	681b      	ldr	r3, [r3, #0]
20001fb0:	0039      	movs	r1, r7
20001fb2:	1e4a      	subs	r2, r1, #1
20001fb4:	4191      	sbcs	r1, r2
20001fb6:	b2c9      	uxtb	r1, r1
20001fb8:	2200      	movs	r2, #0
20001fba:	9201      	str	r2, [sp, #4]
20001fbc:	9400      	str	r4, [sp, #0]
20001fbe:	003a      	movs	r2, r7
20001fc0:	2010      	movs	r0, #16
20001fc2:	f7ff fbf5 	bl	200017b0 <st_send>
20001fc6:	b01b      	add	sp, #108	@ 0x6c
20001fc8:	bcf0      	pop	{r4, r5, r6, r7}
20001fca:	46bb      	mov	fp, r7
20001fcc:	46b2      	mov	sl, r6
20001fce:	46a9      	mov	r9, r5
20001fd0:	46a0      	mov	r8, r4
20001fd2:	bdf0      	pop	{r4, r5, r6, r7, pc}
20001fd4:	4b08      	ldr	r3, [pc, #32]	@ (20001ff8 <st_run_gpio+0x2d8>)
20001fd6:	e7e3      	b.n	20001fa0 <st_run_gpio+0x280>
20001fd8:	2000b3e4 	.word	0x2000b3e4
20001fdc:	20020d68 	.word	0x20020d68
20001fe0:	20020d1c 	.word	0x20020d1c
20001fe4:	2000b6c0 	.word	0x2000b6c0
20001fe8:	2000b694 	.word	0x2000b694
20001fec:	2000b6cc 	.word	0x2000b6cc
20001ff0:	2000b6a0 	.word	0x2000b6a0
20001ff4:	2000b70c 	.word	0x2000b70c
20001ff8:	2000b6ac 	.word	0x2000b6ac

20001ffc <st_refresh_peer>:
20001ffc:	b570      	push	{r4, r5, r6, lr}
20001ffe:	2600      	movs	r6, #0
20002000:	e000      	b.n	20002004 <st_refresh_peer+0x8>
20002002:	3601      	adds	r6, #1
20002004:	2e07      	cmp	r6, #7
20002006:	dc22      	bgt.n	2000204e <st_refresh_peer+0x52>
20002008:	f005 f86a 	bl	200070e0 <watchdog_update>
2000200c:	2100      	movs	r1, #0
2000200e:	2001      	movs	r0, #1
20002010:	f7fe fe4e 	bl	20000cb0 <spi_build_control>
20002014:	4c0f      	ldr	r4, [pc, #60]	@ (20002054 <st_refresh_peer+0x58>)
20002016:	2580      	movs	r5, #128	@ 0x80
20002018:	006d      	lsls	r5, r5, #1
2000201a:	002a      	movs	r2, r5
2000201c:	2100      	movs	r1, #0
2000201e:	0020      	movs	r0, r4
20002020:	f006 fa0e 	bl	20008440 <__wrap_memset>
20002024:	480c      	ldr	r0, [pc, #48]	@ (20002058 <st_refresh_peer+0x5c>)
20002026:	002a      	movs	r2, r5
20002028:	0021      	movs	r1, r4
2000202a:	f7ff f813 	bl	20001054 <my_spi_to_esp_xfer_blocking>
2000202e:	2800      	cmp	r0, #0
20002030:	dbe7      	blt.n	20002002 <st_refresh_peer+0x6>
20002032:	4808      	ldr	r0, [pc, #32]	@ (20002054 <st_refresh_peer+0x58>)
20002034:	f7ff f842 	bl	200010bc <spi_find_frame>
20002038:	2800      	cmp	r0, #0
2000203a:	d0e2      	beq.n	20002002 <st_refresh_peer+0x6>
2000203c:	7943      	ldrb	r3, [r0, #5]
2000203e:	2b01      	cmp	r3, #1
20002040:	d1df      	bne.n	20002002 <st_refresh_peer+0x6>
20002042:	332d      	adds	r3, #45	@ 0x2d
20002044:	5cc2      	ldrb	r2, [r0, r3]
20002046:	4b05      	ldr	r3, [pc, #20]	@ (2000205c <st_refresh_peer+0x60>)
20002048:	701a      	strb	r2, [r3, #0]
2000204a:	2001      	movs	r0, #1
2000204c:	bd70      	pop	{r4, r5, r6, pc}
2000204e:	2000      	movs	r0, #0
20002050:	e7fc      	b.n	2000204c <st_refresh_peer+0x50>
20002052:	46c0      	nop			@ (mov r8, r8)
20002054:	20020b10 	.word	0x20020b10
20002058:	20020c10 	.word	0x20020c10
2000205c:	20020ea9 	.word	0x20020ea9

20002060 <st_run_eboot>:
20002060:	b5f0      	push	{r4, r5, r6, r7, lr}
20002062:	b08f      	sub	sp, #60	@ 0x3c
20002064:	4b1d      	ldr	r3, [pc, #116]	@ (200020dc <st_run_eboot+0x7c>)
20002066:	2200      	movs	r2, #0
20002068:	701a      	strb	r2, [r3, #0]
2000206a:	2400      	movs	r4, #0
2000206c:	e004      	b.n	20002078 <st_run_eboot+0x18>
2000206e:	f005 f837 	bl	200070e0 <watchdog_update>
20002072:	f7ff ffc3 	bl	20001ffc <st_refresh_peer>
20002076:	3401      	adds	r4, #1
20002078:	2c0f      	cmp	r4, #15
2000207a:	ddf8      	ble.n	2000206e <st_run_eboot+0xe>
2000207c:	4b17      	ldr	r3, [pc, #92]	@ (200020dc <st_run_eboot+0x7c>)
2000207e:	781b      	ldrb	r3, [r3, #0]
20002080:	2402      	movs	r4, #2
20002082:	401c      	ands	r4, r3
20002084:	07a2      	lsls	r2, r4, #30
20002086:	0fd2      	lsrs	r2, r2, #31
20002088:	0016      	movs	r6, r2
2000208a:	2504      	movs	r5, #4
2000208c:	401d      	ands	r5, r3
2000208e:	076b      	lsls	r3, r5, #29
20002090:	0fdb      	lsrs	r3, r3, #31
20002092:	001f      	movs	r7, r3
20002094:	2c00      	cmp	r4, #0
20002096:	d003      	beq.n	200020a0 <st_run_eboot+0x40>
20002098:	2d00      	cmp	r5, #0
2000209a:	d10d      	bne.n	200020b8 <st_run_eboot+0x58>
2000209c:	4b10      	ldr	r3, [pc, #64]	@ (200020e0 <st_run_eboot+0x80>)
2000209e:	e000      	b.n	200020a2 <st_run_eboot+0x42>
200020a0:	4b0f      	ldr	r3, [pc, #60]	@ (200020e0 <st_run_eboot+0x80>)
200020a2:	4a10      	ldr	r2, [pc, #64]	@ (200020e4 <st_run_eboot+0x84>)
200020a4:	212c      	movs	r1, #44	@ 0x2c
200020a6:	a803      	add	r0, sp, #12
200020a8:	f007 fad0 	bl	2000964c <__wrap_snprintf>
200020ac:	2c00      	cmp	r4, #0
200020ae:	d005      	beq.n	200020bc <st_run_eboot+0x5c>
200020b0:	2d00      	cmp	r5, #0
200020b2:	d110      	bne.n	200020d6 <st_run_eboot+0x76>
200020b4:	2101      	movs	r1, #1
200020b6:	e002      	b.n	200020be <st_run_eboot+0x5e>
200020b8:	4b0b      	ldr	r3, [pc, #44]	@ (200020e8 <st_run_eboot+0x88>)
200020ba:	e7f2      	b.n	200020a2 <st_run_eboot+0x42>
200020bc:	2101      	movs	r1, #1
200020be:	b2c9      	uxtb	r1, r1
200020c0:	2300      	movs	r3, #0
200020c2:	9301      	str	r3, [sp, #4]
200020c4:	ab03      	add	r3, sp, #12
200020c6:	9300      	str	r3, [sp, #0]
200020c8:	003b      	movs	r3, r7
200020ca:	0032      	movs	r2, r6
200020cc:	2040      	movs	r0, #64	@ 0x40
200020ce:	f7ff fb6f 	bl	200017b0 <st_send>
200020d2:	b00f      	add	sp, #60	@ 0x3c
200020d4:	bdf0      	pop	{r4, r5, r6, r7, pc}
200020d6:	2100      	movs	r1, #0
200020d8:	e7f1      	b.n	200020be <st_run_eboot+0x5e>
200020da:	46c0      	nop			@ (mov r8, r8)
200020dc:	20020ea9 	.word	0x20020ea9
200020e0:	2000b6e0 	.word	0x2000b6e0
200020e4:	2000b6e8 	.word	0x2000b6e8
200020e8:	2000b6d8 	.word	0x2000b6d8

200020ec <st_run_elog>:
200020ec:	b570      	push	{r4, r5, r6, lr}
200020ee:	b08e      	sub	sp, #56	@ 0x38
200020f0:	4b1c      	ldr	r3, [pc, #112]	@ (20002164 <st_run_elog+0x78>)
200020f2:	2200      	movs	r2, #0
200020f4:	701a      	strb	r2, [r3, #0]
200020f6:	2400      	movs	r4, #0
200020f8:	e004      	b.n	20002104 <st_run_elog+0x18>
200020fa:	f004 fff1 	bl	200070e0 <watchdog_update>
200020fe:	f7ff ff7d 	bl	20001ffc <st_refresh_peer>
20002102:	3401      	adds	r4, #1
20002104:	2c3f      	cmp	r4, #63	@ 0x3f
20002106:	ddf8      	ble.n	200020fa <st_run_elog+0xe>
20002108:	4b16      	ldr	r3, [pc, #88]	@ (20002164 <st_run_elog+0x78>)
2000210a:	781c      	ldrb	r4, [r3, #0]
2000210c:	2202      	movs	r2, #2
2000210e:	4014      	ands	r4, r2
20002110:	07a2      	lsls	r2, r4, #30
20002112:	0fd2      	lsrs	r2, r2, #31
20002114:	0016      	movs	r6, r2
20002116:	781d      	ldrb	r5, [r3, #0]
20002118:	2301      	movs	r3, #1
2000211a:	401d      	ands	r5, r3
2000211c:	2c00      	cmp	r4, #0
2000211e:	d003      	beq.n	20002128 <st_run_elog+0x3c>
20002120:	2d00      	cmp	r5, #0
20002122:	d10d      	bne.n	20002140 <st_run_elog+0x54>
20002124:	4b10      	ldr	r3, [pc, #64]	@ (20002168 <st_run_elog+0x7c>)
20002126:	e000      	b.n	2000212a <st_run_elog+0x3e>
20002128:	4b0f      	ldr	r3, [pc, #60]	@ (20002168 <st_run_elog+0x7c>)
2000212a:	4a10      	ldr	r2, [pc, #64]	@ (2000216c <st_run_elog+0x80>)
2000212c:	212c      	movs	r1, #44	@ 0x2c
2000212e:	a803      	add	r0, sp, #12
20002130:	f007 fa8c 	bl	2000964c <__wrap_snprintf>
20002134:	2c00      	cmp	r4, #0
20002136:	d005      	beq.n	20002144 <st_run_elog+0x58>
20002138:	2d00      	cmp	r5, #0
2000213a:	d110      	bne.n	2000215e <st_run_elog+0x72>
2000213c:	2101      	movs	r1, #1
2000213e:	e002      	b.n	20002146 <st_run_elog+0x5a>
20002140:	4b0b      	ldr	r3, [pc, #44]	@ (20002170 <st_run_elog+0x84>)
20002142:	e7f2      	b.n	2000212a <st_run_elog+0x3e>
20002144:	2101      	movs	r1, #1
20002146:	b2c9      	uxtb	r1, r1
20002148:	2300      	movs	r3, #0
2000214a:	9301      	str	r3, [sp, #4]
2000214c:	ab03      	add	r3, sp, #12
2000214e:	9300      	str	r3, [sp, #0]
20002150:	002b      	movs	r3, r5
20002152:	0032      	movs	r2, r6
20002154:	2041      	movs	r0, #65	@ 0x41
20002156:	f7ff fb2b 	bl	200017b0 <st_send>
2000215a:	b00e      	add	sp, #56	@ 0x38
2000215c:	bd70      	pop	{r4, r5, r6, pc}
2000215e:	2100      	movs	r1, #0
20002160:	e7f1      	b.n	20002146 <st_run_elog+0x5a>
20002162:	46c0      	nop			@ (mov r8, r8)
20002164:	20020e95 	.word	0x20020e95
20002168:	2000b6e0 	.word	0x2000b6e0
2000216c:	2000b6fc 	.word	0x2000b6fc
20002170:	2000b6d8 	.word	0x2000b6d8

20002174 <st_run_link_spi>:
20002174:	b5f0      	push	{r4, r5, r6, r7, lr}
20002176:	46c6      	mov	lr, r8
20002178:	b500      	push	{lr}
2000217a:	b090      	sub	sp, #64	@ 0x40
2000217c:	2600      	movs	r6, #0
2000217e:	2300      	movs	r3, #0
20002180:	9303      	str	r3, [sp, #12]
20002182:	2700      	movs	r7, #0
20002184:	4698      	mov	r8, r3
20002186:	e003      	b.n	20002190 <st_run_link_spi+0x1c>
20002188:	3701      	adds	r7, #1
2000218a:	e000      	b.n	2000218e <st_run_link_spi+0x1a>
2000218c:	3701      	adds	r7, #1
2000218e:	3601      	adds	r6, #1
20002190:	2eff      	cmp	r6, #255	@ 0xff
20002192:	d827      	bhi.n	200021e4 <st_run_link_spi+0x70>
20002194:	f004 ffa4 	bl	200070e0 <watchdog_update>
20002198:	2100      	movs	r1, #0
2000219a:	2001      	movs	r0, #1
2000219c:	f7fe fd88 	bl	20000cb0 <spi_build_control>
200021a0:	4d24      	ldr	r5, [pc, #144]	@ (20002234 <st_run_link_spi+0xc0>)
200021a2:	2480      	movs	r4, #128	@ 0x80
200021a4:	0064      	lsls	r4, r4, #1
200021a6:	0022      	movs	r2, r4
200021a8:	2100      	movs	r1, #0
200021aa:	0028      	movs	r0, r5
200021ac:	f006 f948 	bl	20008440 <__wrap_memset>
200021b0:	4821      	ldr	r0, [pc, #132]	@ (20002238 <st_run_link_spi+0xc4>)
200021b2:	0022      	movs	r2, r4
200021b4:	0029      	movs	r1, r5
200021b6:	f7fe ff4d 	bl	20001054 <my_spi_to_esp_xfer_blocking>
200021ba:	2800      	cmp	r0, #0
200021bc:	dbe4      	blt.n	20002188 <st_run_link_spi+0x14>
200021be:	481d      	ldr	r0, [pc, #116]	@ (20002234 <st_run_link_spi+0xc0>)
200021c0:	f7fe ff7c 	bl	200010bc <spi_find_frame>
200021c4:	2800      	cmp	r0, #0
200021c6:	d0e1      	beq.n	2000218c <st_run_link_spi+0x18>
200021c8:	7903      	ldrb	r3, [r0, #4]
200021ca:	2b03      	cmp	r3, #3
200021cc:	d1de      	bne.n	2000218c <st_run_link_spi+0x18>
200021ce:	4b19      	ldr	r3, [pc, #100]	@ (20002234 <st_run_link_spi+0xc0>)
200021d0:	1ac0      	subs	r0, r0, r3
200021d2:	9b03      	ldr	r3, [sp, #12]
200021d4:	4283      	cmp	r3, r0
200021d6:	d300      	bcc.n	200021da <st_run_link_spi+0x66>
200021d8:	0018      	movs	r0, r3
200021da:	2301      	movs	r3, #1
200021dc:	469c      	mov	ip, r3
200021de:	44e0      	add	r8, ip
200021e0:	9003      	str	r0, [sp, #12]
200021e2:	e7d4      	b.n	2000218e <st_run_link_spi+0x1a>
200021e4:	4a15      	ldr	r2, [pc, #84]	@ (2000223c <st_run_link_spi+0xc8>)
200021e6:	9b03      	ldr	r3, [sp, #12]
200021e8:	9301      	str	r3, [sp, #4]
200021ea:	9700      	str	r7, [sp, #0]
200021ec:	4643      	mov	r3, r8
200021ee:	212c      	movs	r1, #44	@ 0x2c
200021f0:	a805      	add	r0, sp, #20
200021f2:	f007 fa2b 	bl	2000964c <__wrap_snprintf>
200021f6:	2f00      	cmp	r7, #0
200021f8:	d10a      	bne.n	20002210 <st_run_link_spi+0x9c>
200021fa:	2380      	movs	r3, #128	@ 0x80
200021fc:	005b      	lsls	r3, r3, #1
200021fe:	4598      	cmp	r8, r3
20002200:	d001      	beq.n	20002206 <st_run_link_spi+0x92>
20002202:	2101      	movs	r1, #1
20002204:	e005      	b.n	20002212 <st_run_link_spi+0x9e>
20002206:	9b03      	ldr	r3, [sp, #12]
20002208:	2b1f      	cmp	r3, #31
2000220a:	d910      	bls.n	2000222e <st_run_link_spi+0xba>
2000220c:	2101      	movs	r1, #1
2000220e:	e000      	b.n	20002212 <st_run_link_spi+0x9e>
20002210:	2101      	movs	r1, #1
20002212:	b2c9      	uxtb	r1, r1
20002214:	2300      	movs	r3, #0
20002216:	9301      	str	r3, [sp, #4]
20002218:	ab05      	add	r3, sp, #20
2000221a:	9300      	str	r3, [sp, #0]
2000221c:	003b      	movs	r3, r7
2000221e:	4642      	mov	r2, r8
20002220:	2042      	movs	r0, #66	@ 0x42
20002222:	f7ff fac5 	bl	200017b0 <st_send>
20002226:	b010      	add	sp, #64	@ 0x40
20002228:	bc80      	pop	{r7}
2000222a:	46b8      	mov	r8, r7
2000222c:	bdf0      	pop	{r4, r5, r6, r7, pc}
2000222e:	2100      	movs	r1, #0
20002230:	e7ef      	b.n	20002212 <st_run_link_spi+0x9e>
20002232:	46c0      	nop			@ (mov r8, r8)
20002234:	20020b10 	.word	0x20020b10
20002238:	20020c10 	.word	0x20020c10
2000223c:	2000b710 	.word	0x2000b710

20002240 <uart_setup_peer>:
20002240:	b5f0      	push	{r4, r5, r6, r7, lr}
20002242:	46d6      	mov	lr, sl
20002244:	464f      	mov	r7, r9
20002246:	4646      	mov	r6, r8
20002248:	b5c0      	push	{r6, r7, lr}
2000224a:	0007      	movs	r7, r0
2000224c:	4689      	mov	r9, r1
2000224e:	4690      	mov	r8, r2
20002250:	4a35      	ldr	r2, [pc, #212]	@ (20002328 <uart_setup_peer+0xe8>)
20002252:	7813      	ldrb	r3, [r2, #0]
20002254:	3301      	adds	r3, #1
20002256:	7013      	strb	r3, [r2, #0]
20002258:	2600      	movs	r6, #0
2000225a:	e00d      	b.n	20002278 <uart_setup_peer+0x38>
2000225c:	4b33      	ldr	r3, [pc, #204]	@ (2000232c <uart_setup_peer+0xec>)
2000225e:	781a      	ldrb	r2, [r3, #0]
20002260:	e018      	b.n	20002294 <uart_setup_peer+0x54>
20002262:	7a42      	ldrb	r2, [r0, #9]
20002264:	0013      	movs	r3, r2
20002266:	1e59      	subs	r1, r3, #1
20002268:	418b      	sbcs	r3, r1
2000226a:	b2db      	uxtb	r3, r3
2000226c:	7a00      	ldrb	r0, [r0, #8]
2000226e:	492e      	ldr	r1, [pc, #184]	@ (20002328 <uart_setup_peer+0xe8>)
20002270:	7809      	ldrb	r1, [r1, #0]
20002272:	4288      	cmp	r0, r1
20002274:	d04e      	beq.n	20002314 <uart_setup_peer+0xd4>
20002276:	3601      	adds	r6, #1
20002278:	2e95      	cmp	r6, #149	@ 0x95
2000227a:	dc53      	bgt.n	20002324 <uart_setup_peer+0xe4>
2000227c:	f004 ff30 	bl	200070e0 <watchdog_update>
20002280:	2100      	movs	r1, #0
20002282:	2005      	movs	r0, #5
20002284:	f7fe fd14 	bl	20000cb0 <spi_build_control>
20002288:	4b29      	ldr	r3, [pc, #164]	@ (20002330 <uart_setup_peer+0xf0>)
2000228a:	781b      	ldrb	r3, [r3, #0]
2000228c:	2b00      	cmp	r3, #0
2000228e:	d0e5      	beq.n	2000225c <uart_setup_peer+0x1c>
20002290:	4b28      	ldr	r3, [pc, #160]	@ (20002334 <uart_setup_peer+0xf4>)
20002292:	781a      	ldrb	r2, [r3, #0]
20002294:	4c28      	ldr	r4, [pc, #160]	@ (20002338 <uart_setup_peer+0xf8>)
20002296:	234f      	movs	r3, #79	@ 0x4f
20002298:	54e2      	strb	r2, [r4, r3]
2000229a:	0020      	movs	r0, r4
2000229c:	3050      	adds	r0, #80	@ 0x50
2000229e:	0039      	movs	r1, r7
200022a0:	f7fe f8d4 	bl	2000044c <spi_put_u32>
200022a4:	0020      	movs	r0, r4
200022a6:	3054      	adds	r0, #84	@ 0x54
200022a8:	4649      	mov	r1, r9
200022aa:	f7fe f8cf 	bl	2000044c <spi_put_u32>
200022ae:	4b1e      	ldr	r3, [pc, #120]	@ (20002328 <uart_setup_peer+0xe8>)
200022b0:	781a      	ldrb	r2, [r3, #0]
200022b2:	2358      	movs	r3, #88	@ 0x58
200022b4:	54e2      	strb	r2, [r4, r3]
200022b6:	3301      	adds	r3, #1
200022b8:	4642      	mov	r2, r8
200022ba:	54e2      	strb	r2, [r4, r3]
200022bc:	1d20      	adds	r0, r4, #4
200022be:	21c4      	movs	r1, #196	@ 0xc4
200022c0:	f7fe f888 	bl	200003d4 <crc32_buffer>
200022c4:	0001      	movs	r1, r0
200022c6:	0020      	movs	r0, r4
200022c8:	30c8      	adds	r0, #200	@ 0xc8
200022ca:	f7fe f8bf 	bl	2000044c <spi_put_u32>
200022ce:	4d1b      	ldr	r5, [pc, #108]	@ (2000233c <uart_setup_peer+0xfc>)
200022d0:	2380      	movs	r3, #128	@ 0x80
200022d2:	005b      	lsls	r3, r3, #1
200022d4:	469a      	mov	sl, r3
200022d6:	001a      	movs	r2, r3
200022d8:	2100      	movs	r1, #0
200022da:	0028      	movs	r0, r5
200022dc:	f006 f8b0 	bl	20008440 <__wrap_memset>
200022e0:	4652      	mov	r2, sl
200022e2:	0029      	movs	r1, r5
200022e4:	0020      	movs	r0, r4
200022e6:	f7fe feb5 	bl	20001054 <my_spi_to_esp_xfer_blocking>
200022ea:	2800      	cmp	r0, #0
200022ec:	dbc3      	blt.n	20002276 <uart_setup_peer+0x36>
200022ee:	4813      	ldr	r0, [pc, #76]	@ (2000233c <uart_setup_peer+0xfc>)
200022f0:	f7fe fee4 	bl	200010bc <spi_find_frame>
200022f4:	2800      	cmp	r0, #0
200022f6:	d0be      	beq.n	20002276 <uart_setup_peer+0x36>
200022f8:	7943      	ldrb	r3, [r0, #5]
200022fa:	2b04      	cmp	r3, #4
200022fc:	d0b1      	beq.n	20002262 <uart_setup_peer+0x22>
200022fe:	2f00      	cmp	r7, #0
20002300:	d1b9      	bne.n	20002276 <uart_setup_peer+0x36>
20002302:	2b01      	cmp	r3, #1
20002304:	d1b7      	bne.n	20002276 <uart_setup_peer+0x36>
20002306:	2301      	movs	r3, #1
20002308:	0018      	movs	r0, r3
2000230a:	bce0      	pop	{r5, r6, r7}
2000230c:	46ba      	mov	sl, r7
2000230e:	46b1      	mov	r9, r6
20002310:	46a8      	mov	r8, r5
20002312:	bdf0      	pop	{r4, r5, r6, r7, pc}
20002314:	2f00      	cmp	r7, #0
20002316:	d102      	bne.n	2000231e <uart_setup_peer+0xde>
20002318:	4253      	negs	r3, r2
2000231a:	415a      	adcs	r2, r3
2000231c:	b2d3      	uxtb	r3, r2
2000231e:	2b00      	cmp	r3, #0
20002320:	d0a9      	beq.n	20002276 <uart_setup_peer+0x36>
20002322:	e7f1      	b.n	20002308 <uart_setup_peer+0xc8>
20002324:	2300      	movs	r3, #0
20002326:	e7ef      	b.n	20002308 <uart_setup_peer+0xc8>
20002328:	20020eb8 	.word	0x20020eb8
2000232c:	20020e9b 	.word	0x20020e9b
20002330:	20020eb7 	.word	0x20020eb7
20002334:	20020eac 	.word	0x20020eac
20002338:	20020c10 	.word	0x20020c10
2000233c:	20020b10 	.word	0x20020b10

20002340 <bench_warmup>:
20002340:	b570      	push	{r4, r5, r6, lr}
20002342:	20ff      	movs	r0, #255	@ 0xff
20002344:	f7fe fcea 	bl	20000d1c <bench_build_pattern_frame>
20002348:	2500      	movs	r5, #0
2000234a:	e000      	b.n	2000234e <bench_warmup+0xe>
2000234c:	3501      	adds	r5, #1
2000234e:	2d3f      	cmp	r5, #63	@ 0x3f
20002350:	dc1c      	bgt.n	2000238c <bench_warmup+0x4c>
20002352:	f004 fec5 	bl	200070e0 <watchdog_update>
20002356:	f7fe fd81 	bl	20000e5c <bench_next_tx_frame>
2000235a:	4c0d      	ldr	r4, [pc, #52]	@ (20002390 <bench_warmup+0x50>)
2000235c:	2680      	movs	r6, #128	@ 0x80
2000235e:	0076      	lsls	r6, r6, #1
20002360:	0032      	movs	r2, r6
20002362:	2100      	movs	r1, #0
20002364:	0020      	movs	r0, r4
20002366:	f006 f86b 	bl	20008440 <__wrap_memset>
2000236a:	480a      	ldr	r0, [pc, #40]	@ (20002394 <bench_warmup+0x54>)
2000236c:	0032      	movs	r2, r6
2000236e:	0021      	movs	r1, r4
20002370:	f7fe fe70 	bl	20001054 <my_spi_to_esp_xfer_blocking>
20002374:	2800      	cmp	r0, #0
20002376:	dbe9      	blt.n	2000234c <bench_warmup+0xc>
20002378:	4805      	ldr	r0, [pc, #20]	@ (20002390 <bench_warmup+0x50>)
2000237a:	f7fe fe9f 	bl	200010bc <spi_find_frame>
2000237e:	2800      	cmp	r0, #0
20002380:	d0e4      	beq.n	2000234c <bench_warmup+0xc>
20002382:	f7fe f8b1 	bl	200004e8 <bench_frame_is_ours>
20002386:	2800      	cmp	r0, #0
20002388:	d0e0      	beq.n	2000234c <bench_warmup+0xc>
2000238a:	bd70      	pop	{r4, r5, r6, pc}
2000238c:	2000      	movs	r0, #0
2000238e:	e7fc      	b.n	2000238a <bench_warmup+0x4a>
20002390:	20020b10 	.word	0x20020b10
20002394:	20020c10 	.word	0x20020c10

20002398 <capture_note_traffic>:
20002398:	b510      	push	{r4, lr}
2000239a:	4b03      	ldr	r3, [pc, #12]	@ (200023a8 <capture_note_traffic+0x10>)
2000239c:	2200      	movs	r2, #0
2000239e:	601a      	str	r2, [r3, #0]
200023a0:	f004 fe9e 	bl	200070e0 <watchdog_update>
200023a4:	bd10      	pop	{r4, pc}
200023a6:	46c0      	nop			@ (mov r8, r8)
200023a8:	2000fca4 	.word	0x2000fca4

200023ac <capture_note_idle>:
200023ac:	b510      	push	{r4, lr}
200023ae:	4a07      	ldr	r2, [pc, #28]	@ (200023cc <capture_note_idle+0x20>)
200023b0:	6813      	ldr	r3, [r2, #0]
200023b2:	3301      	adds	r3, #1
200023b4:	6013      	str	r3, [r2, #0]
200023b6:	2280      	movs	r2, #128	@ 0x80
200023b8:	0152      	lsls	r2, r2, #5
200023ba:	4293      	cmp	r3, r2
200023bc:	d200      	bcs.n	200023c0 <capture_note_idle+0x14>
200023be:	bd10      	pop	{r4, pc}
200023c0:	4b02      	ldr	r3, [pc, #8]	@ (200023cc <capture_note_idle+0x20>)
200023c2:	2200      	movs	r2, #0
200023c4:	601a      	str	r2, [r3, #0]
200023c6:	f004 fe8b 	bl	200070e0 <watchdog_update>
200023ca:	e7f8      	b.n	200023be <capture_note_idle+0x12>
200023cc:	2000fca4 	.word	0x2000fca4

200023d0 <bench_resolve_rate>:
200023d0:	b5f0      	push	{r4, r5, r6, r7, lr}
200023d2:	46de      	mov	lr, fp
200023d4:	4657      	mov	r7, sl
200023d6:	464e      	mov	r6, r9
200023d8:	4645      	mov	r5, r8
200023da:	b5e0      	push	{r5, r6, r7, lr}
200023dc:	b085      	sub	sp, #20
200023de:	4683      	mov	fp, r0
200023e0:	000f      	movs	r7, r1
200023e2:	2300      	movs	r3, #0
200023e4:	600b      	str	r3, [r1, #0]
200023e6:	2800      	cmp	r0, #0
200023e8:	d107      	bne.n	200023fa <bench_resolve_rate+0x2a>
200023ea:	2000      	movs	r0, #0
200023ec:	b005      	add	sp, #20
200023ee:	bcf0      	pop	{r4, r5, r6, r7}
200023f0:	46bb      	mov	fp, r7
200023f2:	46b2      	mov	sl, r6
200023f4:	46a9      	mov	r9, r5
200023f6:	46a0      	mov	r8, r4
200023f8:	bdf0      	pop	{r4, r5, r6, r7, pc}
200023fa:	2005      	movs	r0, #5
200023fc:	f004 fd24 	bl	20006e48 <clock_get_hz>
20002400:	0005      	movs	r5, r0
20002402:	465b      	mov	r3, fp
20002404:	1818      	adds	r0, r3, r0
20002406:	3801      	subs	r0, #1
20002408:	4659      	mov	r1, fp
2000240a:	f005 f86b 	bl	200074e4 <__wrap___aeabi_uidiv>
2000240e:	0004      	movs	r4, r0
20002410:	2801      	cmp	r0, #1
20002412:	d903      	bls.n	2000241c <bench_resolve_rate+0x4c>
20002414:	07c3      	lsls	r3, r0, #31
20002416:	d502      	bpl.n	2000241e <bench_resolve_rate+0x4e>
20002418:	3401      	adds	r4, #1
2000241a:	e000      	b.n	2000241e <bench_resolve_rate+0x4e>
2000241c:	2402      	movs	r4, #2
2000241e:	2380      	movs	r3, #128	@ 0x80
20002420:	009b      	lsls	r3, r3, #2
20002422:	429c      	cmp	r4, r3
20002424:	d811      	bhi.n	2000244a <bench_resolve_rate+0x7a>
20002426:	0021      	movs	r1, r4
20002428:	0028      	movs	r0, r5
2000242a:	f005 f85b 	bl	200074e4 <__wrap___aeabi_uidiv>
2000242e:	42ac      	cmp	r4, r5
20002430:	d813      	bhi.n	2000245a <bench_resolve_rate+0x8a>
20002432:	4583      	cmp	fp, r0
20002434:	d314      	bcc.n	20002460 <bench_resolve_rate+0x90>
20002436:	6038      	str	r0, [r7, #0]
20002438:	607d      	str	r5, [r7, #4]
2000243a:	2300      	movs	r3, #0
2000243c:	723b      	strb	r3, [r7, #8]
2000243e:	727b      	strb	r3, [r7, #9]
20002440:	72bb      	strb	r3, [r7, #10]
20002442:	72fb      	strb	r3, [r7, #11]
20002444:	3301      	adds	r3, #1
20002446:	9303      	str	r3, [sp, #12]
20002448:	e001      	b.n	2000244e <bench_resolve_rate+0x7e>
2000244a:	2300      	movs	r3, #0
2000244c:	9303      	str	r3, [sp, #12]
2000244e:	2300      	movs	r3, #0
20002450:	469a      	mov	sl, r3
20002452:	3301      	adds	r3, #1
20002454:	46b9      	mov	r9, r7
20002456:	001f      	movs	r7, r3
20002458:	e04b      	b.n	200024f2 <bench_resolve_rate+0x122>
2000245a:	2300      	movs	r3, #0
2000245c:	9303      	str	r3, [sp, #12]
2000245e:	e7f6      	b.n	2000244e <bench_resolve_rate+0x7e>
20002460:	2300      	movs	r3, #0
20002462:	9303      	str	r3, [sp, #12]
20002464:	e7f3      	b.n	2000244e <bench_resolve_rate+0x7e>
20002466:	2485      	movs	r4, #133	@ 0x85
20002468:	482b      	ldr	r0, [pc, #172]	@ (20002518 <bench_resolve_rate+0x148>)
2000246a:	4360      	muls	r0, r4
2000246c:	0039      	movs	r1, r7
2000246e:	f005 f839 	bl	200074e4 <__wrap___aeabi_uidiv>
20002472:	0843      	lsrs	r3, r0, #1
20002474:	459b      	cmp	fp, r3
20002476:	d30f      	bcc.n	20002498 <bench_resolve_rate+0xc8>
20002478:	464a      	mov	r2, r9
2000247a:	6812      	ldr	r2, [r2, #0]
2000247c:	429a      	cmp	r2, r3
2000247e:	d20b      	bcs.n	20002498 <bench_resolve_rate+0xc8>
20002480:	464a      	mov	r2, r9
20002482:	6013      	str	r3, [r2, #0]
20002484:	6050      	str	r0, [r2, #4]
20002486:	2302      	movs	r3, #2
20002488:	7213      	strb	r3, [r2, #8]
2000248a:	464b      	mov	r3, r9
2000248c:	7254      	strb	r4, [r2, #9]
2000248e:	4642      	mov	r2, r8
20002490:	729a      	strb	r2, [r3, #10]
20002492:	72de      	strb	r6, [r3, #11]
20002494:	2301      	movs	r3, #1
20002496:	9303      	str	r3, [sp, #12]
20002498:	3601      	adds	r6, #1
2000249a:	45b0      	cmp	r8, r6
2000249c:	d327      	bcc.n	200024ee <bench_resolve_rate+0x11e>
2000249e:	4647      	mov	r7, r8
200024a0:	4377      	muls	r7, r6
200024a2:	003a      	movs	r2, r7
200024a4:	2300      	movs	r3, #0
200024a6:	4658      	mov	r0, fp
200024a8:	4651      	mov	r1, sl
200024aa:	f005 fe91 	bl	200081d0 <__wrap___aeabi_lmul>
200024ae:	0004      	movs	r4, r0
200024b0:	000d      	movs	r5, r1
200024b2:	1924      	adds	r4, r4, r4
200024b4:	416d      	adcs	r5, r5
200024b6:	9402      	str	r4, [sp, #8]
200024b8:	9501      	str	r5, [sp, #4]
200024ba:	4a17      	ldr	r2, [pc, #92]	@ (20002518 <bench_resolve_rate+0x148>)
200024bc:	2300      	movs	r3, #0
200024be:	0020      	movs	r0, r4
200024c0:	0029      	movs	r1, r5
200024c2:	f005 f84d 	bl	20007560 <__wrap___aeabi_uldivmod>
200024c6:	0004      	movs	r4, r0
200024c8:	2d00      	cmp	r5, #0
200024ca:	d1cc      	bne.n	20002466 <bench_resolve_rate+0x96>
200024cc:	d103      	bne.n	200024d6 <bench_resolve_rate+0x106>
200024ce:	4b13      	ldr	r3, [pc, #76]	@ (2000251c <bench_resolve_rate+0x14c>)
200024d0:	9a02      	ldr	r2, [sp, #8]
200024d2:	429a      	cmp	r2, r3
200024d4:	d8c7      	bhi.n	20002466 <bench_resolve_rate+0x96>
200024d6:	4a10      	ldr	r2, [pc, #64]	@ (20002518 <bench_resolve_rate+0x148>)
200024d8:	2300      	movs	r3, #0
200024da:	0020      	movs	r0, r4
200024dc:	f005 fe78 	bl	200081d0 <__wrap___aeabi_lmul>
200024e0:	2900      	cmp	r1, #0
200024e2:	d1c1      	bne.n	20002468 <bench_resolve_rate+0x98>
200024e4:	d1d8      	bne.n	20002498 <bench_resolve_rate+0xc8>
200024e6:	4b0e      	ldr	r3, [pc, #56]	@ (20002520 <bench_resolve_rate+0x150>)
200024e8:	4298      	cmp	r0, r3
200024ea:	d8bd      	bhi.n	20002468 <bench_resolve_rate+0x98>
200024ec:	e7d4      	b.n	20002498 <bench_resolve_rate+0xc8>
200024ee:	4647      	mov	r7, r8
200024f0:	3701      	adds	r7, #1
200024f2:	2f07      	cmp	r7, #7
200024f4:	d802      	bhi.n	200024fc <bench_resolve_rate+0x12c>
200024f6:	2601      	movs	r6, #1
200024f8:	46b8      	mov	r8, r7
200024fa:	e7ce      	b.n	2000249a <bench_resolve_rate+0xca>
200024fc:	464f      	mov	r7, r9
200024fe:	9b03      	ldr	r3, [sp, #12]
20002500:	2b00      	cmp	r3, #0
20002502:	d004      	beq.n	2000250e <bench_resolve_rate+0x13e>
20002504:	683b      	ldr	r3, [r7, #0]
20002506:	2b00      	cmp	r3, #0
20002508:	d103      	bne.n	20002512 <bench_resolve_rate+0x142>
2000250a:	2000      	movs	r0, #0
2000250c:	e76e      	b.n	200023ec <bench_resolve_rate+0x1c>
2000250e:	2000      	movs	r0, #0
20002510:	e76c      	b.n	200023ec <bench_resolve_rate+0x1c>
20002512:	2001      	movs	r0, #1
20002514:	e76a      	b.n	200023ec <bench_resolve_rate+0x1c>
20002516:	46c0      	nop			@ (mov r8, r8)
20002518:	00b71b00 	.word	0x00b71b00
2000251c:	5fd821ff 	.word	0x5fd821ff
20002520:	2cb4177f 	.word	0x2cb4177f

20002524 <bench_send_result>:
20002524:	b5f0      	push	{r4, r5, r6, r7, lr}
20002526:	46de      	mov	lr, fp
20002528:	4657      	mov	r7, sl
2000252a:	464e      	mov	r6, r9
2000252c:	4645      	mov	r5, r8
2000252e:	b5e0      	push	{r5, r6, r7, lr}
20002530:	b083      	sub	sp, #12
20002532:	9000      	str	r0, [sp, #0]
20002534:	9101      	str	r1, [sp, #4]
20002536:	4692      	mov	sl, r2
20002538:	469b      	mov	fp, r3
2000253a:	9d0c      	ldr	r5, [sp, #48]	@ 0x30
2000253c:	4a71      	ldr	r2, [pc, #452]	@ (20002704 <bench_send_result+0x1e0>)
2000253e:	7813      	ldrb	r3, [r2, #0]
20002540:	3301      	adds	r3, #1
20002542:	b2db      	uxtb	r3, r3
20002544:	7013      	strb	r3, [r2, #0]
20002546:	2b00      	cmp	r3, #0
20002548:	d102      	bne.n	20002550 <bench_send_result+0x2c>
2000254a:	0013      	movs	r3, r2
2000254c:	2201      	movs	r2, #1
2000254e:	701a      	strb	r2, [r3, #0]
20002550:	4b6c      	ldr	r3, [pc, #432]	@ (20002704 <bench_send_result+0x1e0>)
20002552:	781b      	ldrb	r3, [r3, #0]
20002554:	4699      	mov	r9, r3
20002556:	2700      	movs	r7, #0
20002558:	e003      	b.n	20002562 <bench_send_result+0x3e>
2000255a:	2a01      	cmp	r2, #1
2000255c:	d100      	bne.n	20002560 <bench_send_result+0x3c>
2000255e:	e0b9      	b.n	200026d4 <bench_send_result+0x1b0>
20002560:	3701      	adds	r7, #1
20002562:	2f17      	cmp	r7, #23
20002564:	dd00      	ble.n	20002568 <bench_send_result+0x44>
20002566:	e0c3      	b.n	200026f0 <bench_send_result+0x1cc>
20002568:	f004 fdba 	bl	200070e0 <watchdog_update>
2000256c:	2100      	movs	r1, #0
2000256e:	2004      	movs	r0, #4
20002570:	f7fe fb9e 	bl	20000cb0 <spi_build_control>
20002574:	4c64      	ldr	r4, [pc, #400]	@ (20002708 <bench_send_result+0x1e4>)
20002576:	9b00      	ldr	r3, [sp, #0]
20002578:	71e3      	strb	r3, [r4, #7]
2000257a:	4b64      	ldr	r3, [pc, #400]	@ (2000270c <bench_send_result+0x1e8>)
2000257c:	781a      	ldrb	r2, [r3, #0]
2000257e:	234f      	movs	r3, #79	@ 0x4f
20002580:	54e2      	strb	r2, [r4, r3]
20002582:	4653      	mov	r3, sl
20002584:	7223      	strb	r3, [r4, #8]
20002586:	9b01      	ldr	r3, [sp, #4]
20002588:	7263      	strb	r3, [r4, #9]
2000258a:	464b      	mov	r3, r9
2000258c:	72a3      	strb	r3, [r4, #10]
2000258e:	465b      	mov	r3, fp
20002590:	72e3      	strb	r3, [r4, #11]
20002592:	6829      	ldr	r1, [r5, #0]
20002594:	0020      	movs	r0, r4
20002596:	3050      	adds	r0, #80	@ 0x50
20002598:	f7fd ff58 	bl	2000044c <spi_put_u32>
2000259c:	6869      	ldr	r1, [r5, #4]
2000259e:	0020      	movs	r0, r4
200025a0:	3054      	adds	r0, #84	@ 0x54
200025a2:	f7fd ff53 	bl	2000044c <spi_put_u32>
200025a6:	68a9      	ldr	r1, [r5, #8]
200025a8:	0020      	movs	r0, r4
200025aa:	3058      	adds	r0, #88	@ 0x58
200025ac:	f7fd ff4e 	bl	2000044c <spi_put_u32>
200025b0:	68e9      	ldr	r1, [r5, #12]
200025b2:	0020      	movs	r0, r4
200025b4:	305c      	adds	r0, #92	@ 0x5c
200025b6:	f7fd ff49 	bl	2000044c <spi_put_u32>
200025ba:	6929      	ldr	r1, [r5, #16]
200025bc:	0020      	movs	r0, r4
200025be:	3060      	adds	r0, #96	@ 0x60
200025c0:	f7fd ff44 	bl	2000044c <spi_put_u32>
200025c4:	6969      	ldr	r1, [r5, #20]
200025c6:	0020      	movs	r0, r4
200025c8:	3064      	adds	r0, #100	@ 0x64
200025ca:	f7fd ff3f 	bl	2000044c <spi_put_u32>
200025ce:	69a8      	ldr	r0, [r5, #24]
200025d0:	69e9      	ldr	r1, [r5, #28]
200025d2:	22fa      	movs	r2, #250	@ 0xfa
200025d4:	0092      	lsls	r2, r2, #2
200025d6:	2300      	movs	r3, #0
200025d8:	f004 ffc2 	bl	20007560 <__wrap___aeabi_uldivmod>
200025dc:	0001      	movs	r1, r0
200025de:	0020      	movs	r0, r4
200025e0:	3068      	adds	r0, #104	@ 0x68
200025e2:	f7fd ff33 	bl	2000044c <spi_put_u32>
200025e6:	6a29      	ldr	r1, [r5, #32]
200025e8:	0020      	movs	r0, r4
200025ea:	3074      	adds	r0, #116	@ 0x74
200025ec:	f7fd ff2e 	bl	2000044c <spi_put_u32>
200025f0:	6a69      	ldr	r1, [r5, #36]	@ 0x24
200025f2:	0020      	movs	r0, r4
200025f4:	3070      	adds	r0, #112	@ 0x70
200025f6:	f7fd ff29 	bl	2000044c <spi_put_u32>
200025fa:	4b45      	ldr	r3, [pc, #276]	@ (20002710 <bench_send_result+0x1ec>)
200025fc:	6819      	ldr	r1, [r3, #0]
200025fe:	0020      	movs	r0, r4
20002600:	3078      	adds	r0, #120	@ 0x78
20002602:	f7fd ff23 	bl	2000044c <spi_put_u32>
20002606:	2005      	movs	r0, #5
20002608:	f004 fc1e 	bl	20006e48 <clock_get_hz>
2000260c:	0001      	movs	r1, r0
2000260e:	0020      	movs	r0, r4
20002610:	3080      	adds	r0, #128	@ 0x80
20002612:	f7fd ff1b 	bl	2000044c <spi_put_u32>
20002616:	6ae9      	ldr	r1, [r5, #44]	@ 0x2c
20002618:	0020      	movs	r0, r4
2000261a:	3088      	adds	r0, #136	@ 0x88
2000261c:	f7fd ff16 	bl	2000044c <spi_put_u32>
20002620:	6b29      	ldr	r1, [r5, #48]	@ 0x30
20002622:	0020      	movs	r0, r4
20002624:	308c      	adds	r0, #140	@ 0x8c
20002626:	f7fd ff11 	bl	2000044c <spi_put_u32>
2000262a:	6b69      	ldr	r1, [r5, #52]	@ 0x34
2000262c:	0020      	movs	r0, r4
2000262e:	3090      	adds	r0, #144	@ 0x90
20002630:	f7fd ff0c 	bl	2000044c <spi_put_u32>
20002634:	233c      	movs	r3, #60	@ 0x3c
20002636:	5cea      	ldrb	r2, [r5, r3]
20002638:	3358      	adds	r3, #88	@ 0x58
2000263a:	54e2      	strb	r2, [r4, r3]
2000263c:	3b5c      	subs	r3, #92	@ 0x5c
2000263e:	5cea      	ldrb	r2, [r5, r3]
20002640:	3344      	adds	r3, #68	@ 0x44
20002642:	54e2      	strb	r2, [r4, r3]
20002644:	3b43      	subs	r3, #67	@ 0x43
20002646:	5cea      	ldrb	r2, [r5, r3]
20002648:	3344      	adds	r3, #68	@ 0x44
2000264a:	54e2      	strb	r2, [r4, r3]
2000264c:	3b43      	subs	r3, #67	@ 0x43
2000264e:	5cea      	ldrb	r2, [r5, r3]
20002650:	3344      	adds	r3, #68	@ 0x44
20002652:	54e2      	strb	r2, [r4, r3]
20002654:	3b43      	subs	r3, #67	@ 0x43
20002656:	5cea      	ldrb	r2, [r5, r3]
20002658:	3344      	adds	r3, #68	@ 0x44
2000265a:	54e2      	strb	r2, [r4, r3]
2000265c:	8d2a      	ldrh	r2, [r5, #40]	@ 0x28
2000265e:	3b13      	subs	r3, #19
20002660:	54e2      	strb	r2, [r4, r3]
20002662:	8d2b      	ldrh	r3, [r5, #40]	@ 0x28
20002664:	0a1b      	lsrs	r3, r3, #8
20002666:	226d      	movs	r2, #109	@ 0x6d
20002668:	54a3      	strb	r3, [r4, r2]
2000266a:	8d6a      	ldrh	r2, [r5, #42]	@ 0x2a
2000266c:	236e      	movs	r3, #110	@ 0x6e
2000266e:	54e2      	strb	r2, [r4, r3]
20002670:	8d6b      	ldrh	r3, [r5, #42]	@ 0x2a
20002672:	0a1b      	lsrs	r3, r3, #8
20002674:	226f      	movs	r2, #111	@ 0x6f
20002676:	54a3      	strb	r3, [r4, r2]
20002678:	1d20      	adds	r0, r4, #4
2000267a:	21c4      	movs	r1, #196	@ 0xc4
2000267c:	f7fd feaa 	bl	200003d4 <crc32_buffer>
20002680:	0001      	movs	r1, r0
20002682:	0020      	movs	r0, r4
20002684:	30c8      	adds	r0, #200	@ 0xc8
20002686:	f7fd fee1 	bl	2000044c <spi_put_u32>
2000268a:	4e22      	ldr	r6, [pc, #136]	@ (20002714 <bench_send_result+0x1f0>)
2000268c:	2380      	movs	r3, #128	@ 0x80
2000268e:	005b      	lsls	r3, r3, #1
20002690:	4698      	mov	r8, r3
20002692:	001a      	movs	r2, r3
20002694:	2100      	movs	r1, #0
20002696:	0030      	movs	r0, r6
20002698:	f005 fed2 	bl	20008440 <__wrap_memset>
2000269c:	4642      	mov	r2, r8
2000269e:	0031      	movs	r1, r6
200026a0:	0020      	movs	r0, r4
200026a2:	f7fe fcd7 	bl	20001054 <my_spi_to_esp_xfer_blocking>
200026a6:	2800      	cmp	r0, #0
200026a8:	da00      	bge.n	200026ac <bench_send_result+0x188>
200026aa:	e759      	b.n	20002560 <bench_send_result+0x3c>
200026ac:	4819      	ldr	r0, [pc, #100]	@ (20002714 <bench_send_result+0x1f0>)
200026ae:	f7fe fd05 	bl	200010bc <spi_find_frame>
200026b2:	2800      	cmp	r0, #0
200026b4:	d100      	bne.n	200026b8 <bench_send_result+0x194>
200026b6:	e753      	b.n	20002560 <bench_send_result+0x3c>
200026b8:	7942      	ldrb	r2, [r0, #5]
200026ba:	1ed3      	subs	r3, r2, #3
200026bc:	b2db      	uxtb	r3, r3
200026be:	2b01      	cmp	r3, #1
200026c0:	d900      	bls.n	200026c4 <bench_send_result+0x1a0>
200026c2:	e74a      	b.n	2000255a <bench_send_result+0x36>
200026c4:	7bc3      	ldrb	r3, [r0, #15]
200026c6:	454b      	cmp	r3, r9
200026c8:	d000      	beq.n	200026cc <bench_send_result+0x1a8>
200026ca:	e746      	b.n	2000255a <bench_send_result+0x36>
200026cc:	7b80      	ldrb	r0, [r0, #14]
200026ce:	1e43      	subs	r3, r0, #1
200026d0:	4198      	sbcs	r0, r3
200026d2:	e00f      	b.n	200026f4 <bench_send_result+0x1d0>
200026d4:	2323      	movs	r3, #35	@ 0x23
200026d6:	5cc3      	ldrb	r3, [r0, r3]
200026d8:	454b      	cmp	r3, r9
200026da:	d000      	beq.n	200026de <bench_send_result+0x1ba>
200026dc:	e740      	b.n	20002560 <bench_send_result+0x3c>
200026de:	2320      	movs	r3, #32
200026e0:	5cc2      	ldrb	r2, [r0, r3]
200026e2:	4b0d      	ldr	r3, [pc, #52]	@ (20002718 <bench_send_result+0x1f4>)
200026e4:	701a      	strb	r2, [r3, #0]
200026e6:	2322      	movs	r3, #34	@ 0x22
200026e8:	5cc0      	ldrb	r0, [r0, r3]
200026ea:	1e43      	subs	r3, r0, #1
200026ec:	4198      	sbcs	r0, r3
200026ee:	e001      	b.n	200026f4 <bench_send_result+0x1d0>
200026f0:	2001      	movs	r0, #1
200026f2:	4240      	negs	r0, r0
200026f4:	b003      	add	sp, #12
200026f6:	bcf0      	pop	{r4, r5, r6, r7}
200026f8:	46bb      	mov	fp, r7
200026fa:	46b2      	mov	sl, r6
200026fc:	46a9      	mov	r9, r5
200026fe:	46a0      	mov	r8, r4
20002700:	bdf0      	pop	{r4, r5, r6, r7, pc}
20002702:	46c0      	nop			@ (mov r8, r8)
20002704:	20020e92 	.word	0x20020e92
20002708:	20020c10 	.word	0x20020c10
2000270c:	20020e9b 	.word	0x20020e9b
20002710:	2000e5e0 	.word	0x2000e5e0
20002714:	20020b10 	.word	0x20020b10
20002718:	20020e97 	.word	0x20020e97

2000271c <read_flash_jedec_id>:
2000271c:	b5f0      	push	{r4, r5, r6, r7, lr}
2000271e:	46c6      	mov	lr, r8
20002720:	b500      	push	{lr}
20002722:	b082      	sub	sp, #8
20002724:	4680      	mov	r8, r0
20002726:	000f      	movs	r7, r1
20002728:	0016      	movs	r6, r2
2000272a:	239f      	movs	r3, #159	@ 0x9f
2000272c:	9301      	str	r3, [sp, #4]
2000272e:	466c      	mov	r4, sp
20002730:	2300      	movs	r3, #0
20002732:	9300      	str	r3, [sp, #0]
20002734:	f3ef 8510 	mrs	r5, PRIMASK
20002738:	b672      	cpsid	i
2000273a:	2204      	movs	r2, #4
2000273c:	4669      	mov	r1, sp
2000273e:	a801      	add	r0, sp, #4
20002740:	f008 fd26 	bl	2000b190 <flash_do_cmd_cs>
20002744:	f385 8810 	msr	PRIMASK, r5
20002748:	7863      	ldrb	r3, [r4, #1]
2000274a:	4640      	mov	r0, r8
2000274c:	7003      	strb	r3, [r0, #0]
2000274e:	78a3      	ldrb	r3, [r4, #2]
20002750:	703b      	strb	r3, [r7, #0]
20002752:	78e3      	ldrb	r3, [r4, #3]
20002754:	7033      	strb	r3, [r6, #0]
20002756:	b002      	add	sp, #8
20002758:	bc80      	pop	{r7}
2000275a:	46b8      	mov	r8, r7
2000275c:	bdf0      	pop	{r4, r5, r6, r7, pc}

2000275e <get_detected_flash_size>:
2000275e:	b510      	push	{r4, lr}
20002760:	b082      	sub	sp, #8
20002762:	466b      	mov	r3, sp
20002764:	1dd8      	adds	r0, r3, #7
20002766:	2300      	movs	r3, #0
20002768:	7003      	strb	r3, [r0, #0]
2000276a:	466a      	mov	r2, sp
2000276c:	1d91      	adds	r1, r2, #6
2000276e:	700b      	strb	r3, [r1, #0]
20002770:	1d54      	adds	r4, r2, #5
20002772:	7153      	strb	r3, [r2, #5]
20002774:	0022      	movs	r2, r4
20002776:	f7ff ffd1 	bl	2000271c <read_flash_jedec_id>
2000277a:	7822      	ldrb	r2, [r4, #0]
2000277c:	0013      	movs	r3, r2
2000277e:	3b10      	subs	r3, #16
20002780:	b2db      	uxtb	r3, r3
20002782:	2b09      	cmp	r3, #9
20002784:	d803      	bhi.n	2000278e <get_detected_flash_size+0x30>
20002786:	2001      	movs	r0, #1
20002788:	4090      	lsls	r0, r2
2000278a:	b002      	add	sp, #8
2000278c:	bd10      	pop	{r4, pc}
2000278e:	2000      	movs	r0, #0
20002790:	e7fb      	b.n	2000278a <get_detected_flash_size+0x2c>
	...

20002794 <ota_map_fits_flash>:
20002794:	b510      	push	{r4, lr}
20002796:	f7ff ffe2 	bl	2000275e <get_detected_flash_size>
2000279a:	4b02      	ldr	r3, [pc, #8]	@ (200027a4 <ota_map_fits_flash+0x10>)
2000279c:	4283      	cmp	r3, r0
2000279e:	4180      	sbcs	r0, r0
200027a0:	4240      	negs	r0, r0
200027a2:	bd10      	pop	{r4, pc}
200027a4:	00600fff 	.word	0x00600fff

200027a8 <report_flash_size>:
200027a8:	b5f0      	push	{r4, r5, r6, r7, lr}
200027aa:	b083      	sub	sp, #12
200027ac:	466b      	mov	r3, sp
200027ae:	1ddd      	adds	r5, r3, #7
200027b0:	2300      	movs	r3, #0
200027b2:	702b      	strb	r3, [r5, #0]
200027b4:	466a      	mov	r2, sp
200027b6:	1d96      	adds	r6, r2, #6
200027b8:	7193      	strb	r3, [r2, #6]
200027ba:	1d57      	adds	r7, r2, #5
200027bc:	7153      	strb	r3, [r2, #5]
200027be:	003a      	movs	r2, r7
200027c0:	0031      	movs	r1, r6
200027c2:	0028      	movs	r0, r5
200027c4:	f7ff ffaa 	bl	2000271c <read_flash_jedec_id>
200027c8:	f7ff ffc9 	bl	2000275e <get_detected_flash_size>
200027cc:	0004      	movs	r4, r0
200027ce:	783b      	ldrb	r3, [r7, #0]
200027d0:	7832      	ldrb	r2, [r6, #0]
200027d2:	7829      	ldrb	r1, [r5, #0]
200027d4:	480e      	ldr	r0, [pc, #56]	@ (20002810 <report_flash_size+0x68>)
200027d6:	f007 f94f 	bl	20009a78 <__wrap_printf>
200027da:	2c00      	cmp	r4, #0
200027dc:	d011      	beq.n	20002802 <report_flash_size+0x5a>
200027de:	0d22      	lsrs	r2, r4, #20
200027e0:	480c      	ldr	r0, [pc, #48]	@ (20002814 <report_flash_size+0x6c>)
200027e2:	0021      	movs	r1, r4
200027e4:	f007 f948 	bl	20009a78 <__wrap_printf>
200027e8:	2580      	movs	r5, #128	@ 0x80
200027ea:	046d      	lsls	r5, r5, #17
200027ec:	480a      	ldr	r0, [pc, #40]	@ (20002818 <report_flash_size+0x70>)
200027ee:	2210      	movs	r2, #16
200027f0:	0029      	movs	r1, r5
200027f2:	f007 f941 	bl	20009a78 <__wrap_printf>
200027f6:	42ac      	cmp	r4, r5
200027f8:	d007      	beq.n	2000280a <report_flash_size+0x62>
200027fa:	4808      	ldr	r0, [pc, #32]	@ (2000281c <report_flash_size+0x74>)
200027fc:	f007 f90d 	bl	20009a1a <__wrap_puts>
20002800:	e003      	b.n	2000280a <report_flash_size+0x62>
20002802:	7839      	ldrb	r1, [r7, #0]
20002804:	4806      	ldr	r0, [pc, #24]	@ (20002820 <report_flash_size+0x78>)
20002806:	f007 f937 	bl	20009a78 <__wrap_printf>
2000280a:	b003      	add	sp, #12
2000280c:	bdf0      	pop	{r4, r5, r6, r7, pc}
2000280e:	46c0      	nop			@ (mov r8, r8)
20002810:	2000b730 	.word	0x2000b730
20002814:	2000b79c 	.word	0x2000b79c
20002818:	2000b7c4 	.word	0x2000b7c4
2000281c:	2000b7f0 	.word	0x2000b7f0
20002820:	2000b754 	.word	0x2000b754

20002824 <ota_flash_sector>:
20002824:	b5f8      	push	{r3, r4, r5, r6, r7, lr}
20002826:	0006      	movs	r6, r0
20002828:	000f      	movs	r7, r1
2000282a:	2380      	movs	r3, #128	@ 0x80
2000282c:	015b      	lsls	r3, r3, #5
2000282e:	429a      	cmp	r2, r3
20002830:	d310      	bcc.n	20002854 <ota_flash_sector+0x30>
20002832:	f3ef 8510 	mrs	r5, PRIMASK
20002836:	b672      	cpsid	i
20002838:	2480      	movs	r4, #128	@ 0x80
2000283a:	0164      	lsls	r4, r4, #5
2000283c:	0021      	movs	r1, r4
2000283e:	0030      	movs	r0, r6
20002840:	f008 fbde 	bl	2000b000 <flash_range_erase>
20002844:	0022      	movs	r2, r4
20002846:	0039      	movs	r1, r7
20002848:	0030      	movs	r0, r6
2000284a:	f008 fc3d 	bl	2000b0c8 <flash_range_program>
2000284e:	f385 8810 	msr	PRIMASK, r5
20002852:	bdf8      	pop	{r3, r4, r5, r6, r7, pc}
20002854:	1888      	adds	r0, r1, r2
20002856:	2380      	movs	r3, #128	@ 0x80
20002858:	015b      	lsls	r3, r3, #5
2000285a:	1a9a      	subs	r2, r3, r2
2000285c:	21ff      	movs	r1, #255	@ 0xff
2000285e:	f005 fdef 	bl	20008440 <__wrap_memset>
20002862:	e7e6      	b.n	20002832 <ota_flash_sector+0xe>

20002864 <st_run_flash>:
20002864:	b5f0      	push	{r4, r5, r6, r7, lr}
20002866:	b08f      	sub	sp, #60	@ 0x3c
20002868:	270b      	movs	r7, #11
2000286a:	446f      	add	r7, sp
2000286c:	2500      	movs	r5, #0
2000286e:	703d      	strb	r5, [r7, #0]
20002870:	240a      	movs	r4, #10
20002872:	446c      	add	r4, sp
20002874:	7025      	strb	r5, [r4, #0]
20002876:	2609      	movs	r6, #9
20002878:	446e      	add	r6, sp
2000287a:	7035      	strb	r5, [r6, #0]
2000287c:	0032      	movs	r2, r6
2000287e:	0021      	movs	r1, r4
20002880:	0038      	movs	r0, r7
20002882:	f7ff ff4b 	bl	2000271c <read_flash_jedec_id>
20002886:	783b      	ldrb	r3, [r7, #0]
20002888:	0418      	lsls	r0, r3, #16
2000288a:	7821      	ldrb	r1, [r4, #0]
2000288c:	020a      	lsls	r2, r1, #8
2000288e:	4310      	orrs	r0, r2
20002890:	0004      	movs	r4, r0
20002892:	7830      	ldrb	r0, [r6, #0]
20002894:	4304      	orrs	r4, r0
20002896:	4a42      	ldr	r2, [pc, #264]	@ (200029a0 <st_run_flash+0x13c>)
20002898:	ae03      	add	r6, sp, #12
2000289a:	9001      	str	r0, [sp, #4]
2000289c:	9100      	str	r1, [sp, #0]
2000289e:	212c      	movs	r1, #44	@ 0x2c
200028a0:	0030      	movs	r0, r6
200028a2:	f006 fed3 	bl	2000964c <__wrap_snprintf>
200028a6:	783b      	ldrb	r3, [r7, #0]
200028a8:	3b01      	subs	r3, #1
200028aa:	b2db      	uxtb	r3, r3
200028ac:	21fd      	movs	r1, #253	@ 0xfd
200028ae:	4299      	cmp	r1, r3
200028b0:	4189      	sbcs	r1, r1
200028b2:	4249      	negs	r1, r1
200028b4:	9501      	str	r5, [sp, #4]
200028b6:	9600      	str	r6, [sp, #0]
200028b8:	2300      	movs	r3, #0
200028ba:	0022      	movs	r2, r4
200028bc:	2003      	movs	r0, #3
200028be:	f7fe ff77 	bl	200017b0 <st_send>
200028c2:	f7ff ff4c 	bl	2000275e <get_detected_flash_size>
200028c6:	0004      	movs	r4, r0
200028c8:	0d03      	lsrs	r3, r0, #20
200028ca:	4a36      	ldr	r2, [pc, #216]	@ (200029a4 <st_run_flash+0x140>)
200028cc:	2110      	movs	r1, #16
200028ce:	9100      	str	r1, [sp, #0]
200028d0:	311c      	adds	r1, #28
200028d2:	0030      	movs	r0, r6
200028d4:	f006 feba 	bl	2000964c <__wrap_snprintf>
200028d8:	2380      	movs	r3, #128	@ 0x80
200028da:	22ff      	movs	r2, #255	@ 0xff
200028dc:	0612      	lsls	r2, r2, #24
200028de:	18a1      	adds	r1, r4, r2
200028e0:	1e4a      	subs	r2, r1, #1
200028e2:	4191      	sbcs	r1, r2
200028e4:	b2c9      	uxtb	r1, r1
200028e6:	9501      	str	r5, [sp, #4]
200028e8:	9600      	str	r6, [sp, #0]
200028ea:	045b      	lsls	r3, r3, #17
200028ec:	0022      	movs	r2, r4
200028ee:	2004      	movs	r0, #4
200028f0:	f7fe ff5e 	bl	200017b0 <st_send>
200028f4:	4b2c      	ldr	r3, [pc, #176]	@ (200029a8 <st_run_flash+0x144>)
200028f6:	781b      	ldrb	r3, [r3, #0]
200028f8:	07db      	lsls	r3, r3, #31
200028fa:	d512      	bpl.n	20002922 <st_run_flash+0xbe>
200028fc:	2200      	movs	r2, #0
200028fe:	2380      	movs	r3, #128	@ 0x80
20002900:	015b      	lsls	r3, r3, #5
20002902:	429a      	cmp	r2, r3
20002904:	d218      	bcs.n	20002938 <st_run_flash+0xd4>
20002906:	4b29      	ldr	r3, [pc, #164]	@ (200029ac <st_run_flash+0x148>)
20002908:	7819      	ldrb	r1, [r3, #0]
2000290a:	014b      	lsls	r3, r1, #5
2000290c:	1a5b      	subs	r3, r3, r1
2000290e:	b2db      	uxtb	r3, r3
20002910:	00d1      	lsls	r1, r2, #3
20002912:	1a89      	subs	r1, r1, r2
20002914:	185b      	adds	r3, r3, r1
20002916:	b2db      	uxtb	r3, r3
20002918:	335a      	adds	r3, #90	@ 0x5a
2000291a:	4925      	ldr	r1, [pc, #148]	@ (200029b0 <st_run_flash+0x14c>)
2000291c:	548b      	strb	r3, [r1, r2]
2000291e:	3201      	adds	r2, #1
20002920:	e7ed      	b.n	200028fe <st_run_flash+0x9a>
20002922:	2300      	movs	r3, #0
20002924:	9301      	str	r3, [sp, #4]
20002926:	4b23      	ldr	r3, [pc, #140]	@ (200029b4 <st_run_flash+0x150>)
20002928:	9300      	str	r3, [sp, #0]
2000292a:	2300      	movs	r3, #0
2000292c:	2200      	movs	r2, #0
2000292e:	2103      	movs	r1, #3
20002930:	2005      	movs	r0, #5
20002932:	f7fe ff3d 	bl	200017b0 <st_send>
20002936:	e030      	b.n	2000299a <st_run_flash+0x136>
20002938:	f004 fbd2 	bl	200070e0 <watchdog_update>
2000293c:	2280      	movs	r2, #128	@ 0x80
2000293e:	491c      	ldr	r1, [pc, #112]	@ (200029b0 <st_run_flash+0x14c>)
20002940:	20e0      	movs	r0, #224	@ 0xe0
20002942:	0152      	lsls	r2, r2, #5
20002944:	03c0      	lsls	r0, r0, #15
20002946:	f7ff ff6d 	bl	20002824 <ota_flash_sector>
2000294a:	f004 fbc9 	bl	200070e0 <watchdog_update>
2000294e:	2300      	movs	r3, #0
20002950:	2400      	movs	r4, #0
20002952:	e000      	b.n	20002956 <st_run_flash+0xf2>
20002954:	3301      	adds	r3, #1
20002956:	2280      	movs	r2, #128	@ 0x80
20002958:	0152      	lsls	r2, r2, #5
2000295a:	4293      	cmp	r3, r2
2000295c:	d207      	bcs.n	2000296e <st_run_flash+0x10a>
2000295e:	4a16      	ldr	r2, [pc, #88]	@ (200029b8 <st_run_flash+0x154>)
20002960:	5c99      	ldrb	r1, [r3, r2]
20002962:	4a13      	ldr	r2, [pc, #76]	@ (200029b0 <st_run_flash+0x14c>)
20002964:	5cd2      	ldrb	r2, [r2, r3]
20002966:	4291      	cmp	r1, r2
20002968:	d0f4      	beq.n	20002954 <st_run_flash+0xf0>
2000296a:	3401      	adds	r4, #1
2000296c:	e7f2      	b.n	20002954 <st_run_flash+0xf0>
2000296e:	23e0      	movs	r3, #224	@ 0xe0
20002970:	4a12      	ldr	r2, [pc, #72]	@ (200029bc <st_run_flash+0x158>)
20002972:	ad03      	add	r5, sp, #12
20002974:	9400      	str	r4, [sp, #0]
20002976:	03db      	lsls	r3, r3, #15
20002978:	212c      	movs	r1, #44	@ 0x2c
2000297a:	0028      	movs	r0, r5
2000297c:	f006 fe66 	bl	2000964c <__wrap_snprintf>
20002980:	2380      	movs	r3, #128	@ 0x80
20002982:	0021      	movs	r1, r4
20002984:	1e4a      	subs	r2, r1, #1
20002986:	4191      	sbcs	r1, r2
20002988:	b2c9      	uxtb	r1, r1
2000298a:	2200      	movs	r2, #0
2000298c:	9201      	str	r2, [sp, #4]
2000298e:	9500      	str	r5, [sp, #0]
20002990:	015b      	lsls	r3, r3, #5
20002992:	0022      	movs	r2, r4
20002994:	2005      	movs	r0, #5
20002996:	f7fe ff0b 	bl	200017b0 <st_send>
2000299a:	b00f      	add	sp, #60	@ 0x3c
2000299c:	bdf0      	pop	{r4, r5, r6, r7, pc}
2000299e:	46c0      	nop			@ (mov r8, r8)
200029a0:	2000b83c 	.word	0x2000b83c
200029a4:	2000b854 	.word	0x2000b854
200029a8:	20020eaa 	.word	0x20020eaa
200029ac:	20020eac 	.word	0x20020eac
200029b0:	2000fddc 	.word	0x2000fddc
200029b4:	2000b668 	.word	0x2000b668
200029b8:	10700000 	.word	0x10700000
200029bc:	2000b870 	.word	0x2000b870

200029c0 <ota_meta_write>:
200029c0:	b5f8      	push	{r3, r4, r5, r6, r7, lr}
200029c2:	0004      	movs	r4, r0
200029c4:	4b12      	ldr	r3, [pc, #72]	@ (20002a10 <ota_meta_write+0x50>)
200029c6:	6003      	str	r3, [r0, #0]
200029c8:	2124      	movs	r1, #36	@ 0x24
200029ca:	f7fd fd03 	bl	200003d4 <crc32_buffer>
200029ce:	6260      	str	r0, [r4, #36]	@ 0x24
200029d0:	2680      	movs	r6, #128	@ 0x80
200029d2:	0076      	lsls	r6, r6, #1
200029d4:	4d0f      	ldr	r5, [pc, #60]	@ (20002a14 <ota_meta_write+0x54>)
200029d6:	0032      	movs	r2, r6
200029d8:	21ff      	movs	r1, #255	@ 0xff
200029da:	0028      	movs	r0, r5
200029dc:	f005 fd30 	bl	20008440 <__wrap_memset>
200029e0:	2228      	movs	r2, #40	@ 0x28
200029e2:	0021      	movs	r1, r4
200029e4:	0028      	movs	r0, r5
200029e6:	f005 fd31 	bl	2000844c <__wrap___aeabi_memcpy>
200029ea:	f3ef 8710 	mrs	r7, PRIMASK
200029ee:	b672      	cpsid	i
200029f0:	2180      	movs	r1, #128	@ 0x80
200029f2:	24c0      	movs	r4, #192	@ 0xc0
200029f4:	03a4      	lsls	r4, r4, #14
200029f6:	0149      	lsls	r1, r1, #5
200029f8:	0020      	movs	r0, r4
200029fa:	f008 fb01 	bl	2000b000 <flash_range_erase>
200029fe:	0032      	movs	r2, r6
20002a00:	0029      	movs	r1, r5
20002a02:	0020      	movs	r0, r4
20002a04:	f008 fb60 	bl	2000b0c8 <flash_range_program>
20002a08:	f387 8810 	msr	PRIMASK, r7
20002a0c:	bdf8      	pop	{r3, r4, r5, r6, r7, pc}
20002a0e:	46c0      	nop			@ (mov r8, r8)
20002a10:	494b4b4f 	.word	0x494b4b4f
20002a14:	20010ddc 	.word	0x20010ddc

20002a18 <ota_mark_healthy>:
20002a18:	b500      	push	{lr}
20002a1a:	b08b      	sub	sp, #44	@ 0x2c
20002a1c:	f004 f89a 	bl	20006b54 <time_us_64>
20002a20:	23e9      	movs	r3, #233	@ 0xe9
20002a22:	009b      	lsls	r3, r3, #2
20002a24:	4299      	cmp	r1, r3
20002a26:	d207      	bcs.n	20002a38 <ota_mark_healthy+0x20>
20002a28:	4b0e      	ldr	r3, [pc, #56]	@ (20002a64 <ota_mark_healthy+0x4c>)
20002a2a:	4299      	cmp	r1, r3
20002a2c:	d001      	beq.n	20002a32 <ota_mark_healthy+0x1a>
20002a2e:	b00b      	add	sp, #44	@ 0x2c
20002a30:	bd00      	pop	{pc}
20002a32:	4b0d      	ldr	r3, [pc, #52]	@ (20002a68 <ota_mark_healthy+0x50>)
20002a34:	4298      	cmp	r0, r3
20002a36:	d9fa      	bls.n	20002a2e <ota_mark_healthy+0x16>
20002a38:	4668      	mov	r0, sp
20002a3a:	f7fe f981 	bl	20000d40 <ota_meta_read>
20002a3e:	4668      	mov	r0, sp
20002a40:	f7fd fce4 	bl	2000040c <ota_meta_valid>
20002a44:	2800      	cmp	r0, #0
20002a46:	d0f2      	beq.n	20002a2e <ota_mark_healthy+0x16>
20002a48:	9b01      	ldr	r3, [sp, #4]
20002a4a:	2b02      	cmp	r3, #2
20002a4c:	d1ef      	bne.n	20002a2e <ota_mark_healthy+0x16>
20002a4e:	4668      	mov	r0, sp
20002a50:	2300      	movs	r3, #0
20002a52:	9301      	str	r3, [sp, #4]
20002a54:	9302      	str	r3, [sp, #8]
20002a56:	f7ff ffb3 	bl	200029c0 <ota_meta_write>
20002a5a:	4804      	ldr	r0, [pc, #16]	@ (20002a6c <ota_mark_healthy+0x54>)
20002a5c:	f006 ffdd 	bl	20009a1a <__wrap_puts>
20002a60:	e7e5      	b.n	20002a2e <ota_mark_healthy+0x16>
20002a62:	46c0      	nop			@ (mov r8, r8)
20002a64:	000003a3 	.word	0x000003a3
20002a68:	52943fff 	.word	0x52943fff
20002a6c:	2000b888 	.word	0x2000b888

20002a70 <ota_receive_rp_image_if_offered>:
20002a70:	b5f0      	push	{r4, r5, r6, r7, lr}
20002a72:	46de      	mov	lr, fp
20002a74:	4657      	mov	r7, sl
20002a76:	464e      	mov	r6, r9
20002a78:	4645      	mov	r5, r8
20002a7a:	b5e0      	push	{r5, r6, r7, lr}
20002a7c:	b093      	sub	sp, #76	@ 0x4c
20002a7e:	4b6f      	ldr	r3, [pc, #444]	@ (20002c3c <ota_receive_rp_image_if_offered+0x1cc>)
20002a80:	681e      	ldr	r6, [r3, #0]
20002a82:	4b6f      	ldr	r3, [pc, #444]	@ (20002c40 <ota_receive_rp_image_if_offered+0x1d0>)
20002a84:	681f      	ldr	r7, [r3, #0]
20002a86:	1e72      	subs	r2, r6, #1
20002a88:	2380      	movs	r3, #128	@ 0x80
20002a8a:	035b      	lsls	r3, r3, #13
20002a8c:	429a      	cmp	r2, r3
20002a8e:	d306      	bcc.n	20002a9e <ota_receive_rp_image_if_offered+0x2e>
20002a90:	b013      	add	sp, #76	@ 0x4c
20002a92:	bcf0      	pop	{r4, r5, r6, r7}
20002a94:	46bb      	mov	fp, r7
20002a96:	46b2      	mov	sl, r6
20002a98:	46a9      	mov	r9, r5
20002a9a:	46a0      	mov	r8, r4
20002a9c:	bdf0      	pop	{r4, r5, r6, r7, pc}
20002a9e:	f7ff fe79 	bl	20002794 <ota_map_fits_flash>
20002aa2:	2800      	cmp	r0, #0
20002aa4:	d0f4      	beq.n	20002a90 <ota_receive_rp_image_if_offered+0x20>
20002aa6:	ac08      	add	r4, sp, #32
20002aa8:	0020      	movs	r0, r4
20002aaa:	f7fe f949 	bl	20000d40 <ota_meta_read>
20002aae:	0020      	movs	r0, r4
20002ab0:	f7fd fcac 	bl	2000040c <ota_meta_valid>
20002ab4:	2800      	cmp	r0, #0
20002ab6:	d002      	beq.n	20002abe <ota_receive_rp_image_if_offered+0x4e>
20002ab8:	9b0f      	ldr	r3, [sp, #60]	@ 0x3c
20002aba:	42b3      	cmp	r3, r6
20002abc:	d023      	beq.n	20002b06 <ota_receive_rp_image_if_offered+0x96>
20002abe:	2800      	cmp	r0, #0
20002ac0:	d002      	beq.n	20002ac8 <ota_receive_rp_image_if_offered+0x58>
20002ac2:	9b0b      	ldr	r3, [sp, #44]	@ 0x2c
20002ac4:	42b3      	cmp	r3, r6
20002ac6:	d022      	beq.n	20002b0e <ota_receive_rp_image_if_offered+0x9e>
20002ac8:	4b5e      	ldr	r3, [pc, #376]	@ (20002c44 <ota_receive_rp_image_if_offered+0x1d4>)
20002aca:	681b      	ldr	r3, [r3, #0]
20002acc:	42bb      	cmp	r3, r7
20002ace:	d002      	beq.n	20002ad6 <ota_receive_rp_image_if_offered+0x66>
20002ad0:	4a5d      	ldr	r2, [pc, #372]	@ (20002c48 <ota_receive_rp_image_if_offered+0x1d8>)
20002ad2:	2100      	movs	r1, #0
20002ad4:	6011      	str	r1, [r2, #0]
20002ad6:	42bb      	cmp	r3, r7
20002ad8:	d103      	bne.n	20002ae2 <ota_receive_rp_image_if_offered+0x72>
20002ada:	4b5b      	ldr	r3, [pc, #364]	@ (20002c48 <ota_receive_rp_image_if_offered+0x1d8>)
20002adc:	681b      	ldr	r3, [r3, #0]
20002ade:	2b05      	cmp	r3, #5
20002ae0:	d8d6      	bhi.n	20002a90 <ota_receive_rp_image_if_offered+0x20>
20002ae2:	485a      	ldr	r0, [pc, #360]	@ (20002c4c <ota_receive_rp_image_if_offered+0x1dc>)
20002ae4:	003a      	movs	r2, r7
20002ae6:	0031      	movs	r1, r6
20002ae8:	f006 ffc6 	bl	20009a78 <__wrap_printf>
20002aec:	f004 f832 	bl	20006b54 <time_us_64>
20002af0:	9002      	str	r0, [sp, #8]
20002af2:	9103      	str	r1, [sp, #12]
20002af4:	2400      	movs	r4, #0
20002af6:	2300      	movs	r3, #0
20002af8:	4699      	mov	r9, r3
20002afa:	2500      	movs	r5, #0
20002afc:	3b01      	subs	r3, #1
20002afe:	469b      	mov	fp, r3
20002b00:	46b0      	mov	r8, r6
20002b02:	9705      	str	r7, [sp, #20]
20002b04:	e01f      	b.n	20002b46 <ota_receive_rp_image_if_offered+0xd6>
20002b06:	9b10      	ldr	r3, [sp, #64]	@ 0x40
20002b08:	42bb      	cmp	r3, r7
20002b0a:	d1d8      	bne.n	20002abe <ota_receive_rp_image_if_offered+0x4e>
20002b0c:	e7c0      	b.n	20002a90 <ota_receive_rp_image_if_offered+0x20>
20002b0e:	9b0c      	ldr	r3, [sp, #48]	@ 0x30
20002b10:	42bb      	cmp	r3, r7
20002b12:	d1d9      	bne.n	20002ac8 <ota_receive_rp_image_if_offered+0x58>
20002b14:	e7bc      	b.n	20002a90 <ota_receive_rp_image_if_offered+0x20>
20002b16:	9f05      	ldr	r7, [sp, #20]
20002b18:	f004 fae2 	bl	200070e0 <watchdog_update>
20002b1c:	4b49      	ldr	r3, [pc, #292]	@ (20002c44 <ota_receive_rp_image_if_offered+0x1d4>)
20002b1e:	601f      	str	r7, [r3, #0]
20002b20:	4b49      	ldr	r3, [pc, #292]	@ (20002c48 <ota_receive_rp_image_if_offered+0x1d8>)
20002b22:	681a      	ldr	r2, [r3, #0]
20002b24:	3201      	adds	r2, #1
20002b26:	601a      	str	r2, [r3, #0]
20002b28:	4849      	ldr	r0, [pc, #292]	@ (20002c50 <ota_receive_rp_image_if_offered+0x1e0>)
20002b2a:	4649      	mov	r1, r9
20002b2c:	f006 ffa4 	bl	20009a78 <__wrap_printf>
20002b30:	e7ae      	b.n	20002a90 <ota_receive_rp_image_if_offered+0x20>
20002b32:	1b28      	subs	r0, r5, r4
20002b34:	2380      	movs	r3, #128	@ 0x80
20002b36:	039b      	lsls	r3, r3, #14
20002b38:	469c      	mov	ip, r3
20002b3a:	4460      	add	r0, ip
20002b3c:	4945      	ldr	r1, [pc, #276]	@ (20002c54 <ota_receive_rp_image_if_offered+0x1e4>)
20002b3e:	0022      	movs	r2, r4
20002b40:	f7ff fe70 	bl	20002824 <ota_flash_sector>
20002b44:	2400      	movs	r4, #0
20002b46:	4545      	cmp	r5, r8
20002b48:	d235      	bcs.n	20002bb6 <ota_receive_rp_image_if_offered+0x146>
20002b4a:	230e      	movs	r3, #14
20002b4c:	aa04      	add	r2, sp, #16
20002b4e:	4694      	mov	ip, r2
20002b50:	4463      	add	r3, ip
20002b52:	2200      	movs	r2, #0
20002b54:	801a      	strh	r2, [r3, #0]
20002b56:	f004 fac3 	bl	200070e0 <watchdog_update>
20002b5a:	4643      	mov	r3, r8
20002b5c:	1b5b      	subs	r3, r3, r5
20002b5e:	469a      	mov	sl, r3
20002b60:	2b80      	cmp	r3, #128	@ 0x80
20002b62:	d901      	bls.n	20002b68 <ota_receive_rp_image_if_offered+0xf8>
20002b64:	2380      	movs	r3, #128	@ 0x80
20002b66:	469a      	mov	sl, r3
20002b68:	4e3a      	ldr	r6, [pc, #232]	@ (20002c54 <ota_receive_rp_image_if_offered+0x1e4>)
20002b6a:	19a6      	adds	r6, r4, r6
20002b6c:	220e      	movs	r2, #14
20002b6e:	ab04      	add	r3, sp, #16
20002b70:	469c      	mov	ip, r3
20002b72:	4462      	add	r2, ip
20002b74:	0031      	movs	r1, r6
20002b76:	4648      	mov	r0, r9
20002b78:	f7fe fc44 	bl	20001404 <ota_fetch_block>
20002b7c:	2800      	cmp	r0, #0
20002b7e:	d0ca      	beq.n	20002b16 <ota_receive_rp_image_if_offered+0xa6>
20002b80:	230e      	movs	r3, #14
20002b82:	aa04      	add	r2, sp, #16
20002b84:	4694      	mov	ip, r2
20002b86:	4463      	add	r3, ip
20002b88:	881f      	ldrh	r7, [r3, #0]
20002b8a:	4557      	cmp	r7, sl
20002b8c:	d1c3      	bne.n	20002b16 <ota_receive_rp_image_if_offered+0xa6>
20002b8e:	003a      	movs	r2, r7
20002b90:	0031      	movs	r1, r6
20002b92:	4658      	mov	r0, fp
20002b94:	f7fd fc02 	bl	2000039c <crc32_update>
20002b98:	4683      	mov	fp, r0
20002b9a:	19e4      	adds	r4, r4, r7
20002b9c:	19ed      	adds	r5, r5, r7
20002b9e:	464b      	mov	r3, r9
20002ba0:	3301      	adds	r3, #1
20002ba2:	4699      	mov	r9, r3
20002ba4:	0022      	movs	r2, r4
20002ba6:	3280      	adds	r2, #128	@ 0x80
20002ba8:	2380      	movs	r3, #128	@ 0x80
20002baa:	015b      	lsls	r3, r3, #5
20002bac:	429a      	cmp	r2, r3
20002bae:	d8c0      	bhi.n	20002b32 <ota_receive_rp_image_if_offered+0xc2>
20002bb0:	45a8      	cmp	r8, r5
20002bb2:	d8c8      	bhi.n	20002b46 <ota_receive_rp_image_if_offered+0xd6>
20002bb4:	e7bd      	b.n	20002b32 <ota_receive_rp_image_if_offered+0xc2>
20002bb6:	4646      	mov	r6, r8
20002bb8:	9f05      	ldr	r7, [sp, #20]
20002bba:	f004 fa91 	bl	200070e0 <watchdog_update>
20002bbe:	465b      	mov	r3, fp
20002bc0:	43dd      	mvns	r5, r3
20002bc2:	f003 ffc7 	bl	20006b54 <time_us_64>
20002bc6:	9b02      	ldr	r3, [sp, #8]
20002bc8:	9c03      	ldr	r4, [sp, #12]
20002bca:	1ac0      	subs	r0, r0, r3
20002bcc:	41a1      	sbcs	r1, r4
20002bce:	22fa      	movs	r2, #250	@ 0xfa
20002bd0:	0092      	lsls	r2, r2, #2
20002bd2:	2300      	movs	r3, #0
20002bd4:	f004 fcc4 	bl	20007560 <__wrap___aeabi_uldivmod>
20002bd8:	0004      	movs	r4, r0
20002bda:	42af      	cmp	r7, r5
20002bdc:	d00b      	beq.n	20002bf6 <ota_receive_rp_image_if_offered+0x186>
20002bde:	4b19      	ldr	r3, [pc, #100]	@ (20002c44 <ota_receive_rp_image_if_offered+0x1d4>)
20002be0:	601f      	str	r7, [r3, #0]
20002be2:	4a19      	ldr	r2, [pc, #100]	@ (20002c48 <ota_receive_rp_image_if_offered+0x1d8>)
20002be4:	6813      	ldr	r3, [r2, #0]
20002be6:	3301      	adds	r3, #1
20002be8:	6013      	str	r3, [r2, #0]
20002bea:	481b      	ldr	r0, [pc, #108]	@ (20002c58 <ota_receive_rp_image_if_offered+0x1e8>)
20002bec:	003a      	movs	r2, r7
20002bee:	0029      	movs	r1, r5
20002bf0:	f006 ff42 	bl	20009a78 <__wrap_printf>
20002bf4:	e74c      	b.n	20002a90 <ota_receive_rp_image_if_offered+0x20>
20002bf6:	4b14      	ldr	r3, [pc, #80]	@ (20002c48 <ota_receive_rp_image_if_offered+0x1d8>)
20002bf8:	2200      	movs	r2, #0
20002bfa:	601a      	str	r2, [r3, #0]
20002bfc:	af08      	add	r7, sp, #32
20002bfe:	0038      	movs	r0, r7
20002c00:	f7fe f89e 	bl	20000d40 <ota_meta_read>
20002c04:	0038      	movs	r0, r7
20002c06:	f7fd fc01 	bl	2000040c <ota_meta_valid>
20002c0a:	2800      	cmp	r0, #0
20002c0c:	d010      	beq.n	20002c30 <ota_receive_rp_image_if_offered+0x1c0>
20002c0e:	a808      	add	r0, sp, #32
20002c10:	2301      	movs	r3, #1
20002c12:	6043      	str	r3, [r0, #4]
20002c14:	2300      	movs	r3, #0
20002c16:	6083      	str	r3, [r0, #8]
20002c18:	61c6      	str	r6, [r0, #28]
20002c1a:	6205      	str	r5, [r0, #32]
20002c1c:	f7ff fed0 	bl	200029c0 <ota_meta_write>
20002c20:	480e      	ldr	r0, [pc, #56]	@ (20002c5c <ota_receive_rp_image_if_offered+0x1ec>)
20002c22:	9400      	str	r4, [sp, #0]
20002c24:	002b      	movs	r3, r5
20002c26:	464a      	mov	r2, r9
20002c28:	0031      	movs	r1, r6
20002c2a:	f006 ff25 	bl	20009a78 <__wrap_printf>
20002c2e:	e72f      	b.n	20002a90 <ota_receive_rp_image_if_offered+0x20>
20002c30:	2228      	movs	r2, #40	@ 0x28
20002c32:	2100      	movs	r1, #0
20002c34:	0038      	movs	r0, r7
20002c36:	f005 fc03 	bl	20008440 <__wrap_memset>
20002c3a:	e7e8      	b.n	20002c0e <ota_receive_rp_image_if_offered+0x19e>
20002c3c:	2000fd2c 	.word	0x2000fd2c
20002c40:	2000fd28 	.word	0x2000fd28
20002c44:	2000fdd8 	.word	0x2000fdd8
20002c48:	2000fdd4 	.word	0x2000fdd4
20002c4c:	2000b8b8 	.word	0x2000b8b8
20002c50:	2000b8f4 	.word	0x2000b8f4
20002c54:	2000fddc 	.word	0x2000fddc
20002c58:	2000b93c 	.word	0x2000b93c
20002c5c:	2000b998 	.word	0x2000b998

20002c60 <ota_copy_region>:
20002c60:	b5f8      	push	{r3, r4, r5, r6, r7, lr}
20002c62:	46de      	mov	lr, fp
20002c64:	4657      	mov	r7, sl
20002c66:	464e      	mov	r6, r9
20002c68:	4645      	mov	r5, r8
20002c6a:	b5e0      	push	{r5, r6, r7, lr}
20002c6c:	4682      	mov	sl, r0
20002c6e:	468b      	mov	fp, r1
20002c70:	4690      	mov	r8, r2
20002c72:	2400      	movs	r4, #0
20002c74:	e022      	b.n	20002cbc <ota_copy_region+0x5c>
20002c76:	465b      	mov	r3, fp
20002c78:	18e1      	adds	r1, r4, r3
20002c7a:	2380      	movs	r3, #128	@ 0x80
20002c7c:	055b      	lsls	r3, r3, #21
20002c7e:	469c      	mov	ip, r3
20002c80:	4461      	add	r1, ip
20002c82:	481a      	ldr	r0, [pc, #104]	@ (20002cec <ota_copy_region+0x8c>)
20002c84:	002a      	movs	r2, r5
20002c86:	f005 fbe1 	bl	2000844c <__wrap___aeabi_memcpy>
20002c8a:	2380      	movs	r3, #128	@ 0x80
20002c8c:	015b      	lsls	r3, r3, #5
20002c8e:	429e      	cmp	r6, r3
20002c90:	d31f      	bcc.n	20002cd2 <ota_copy_region+0x72>
20002c92:	f004 fa25 	bl	200070e0 <watchdog_update>
20002c96:	f3ef 8910 	mrs	r9, PRIMASK
20002c9a:	b672      	cpsid	i
20002c9c:	4653      	mov	r3, sl
20002c9e:	18e6      	adds	r6, r4, r3
20002ca0:	2780      	movs	r7, #128	@ 0x80
20002ca2:	017f      	lsls	r7, r7, #5
20002ca4:	0039      	movs	r1, r7
20002ca6:	0030      	movs	r0, r6
20002ca8:	f008 f9aa 	bl	2000b000 <flash_range_erase>
20002cac:	490f      	ldr	r1, [pc, #60]	@ (20002cec <ota_copy_region+0x8c>)
20002cae:	003a      	movs	r2, r7
20002cb0:	0030      	movs	r0, r6
20002cb2:	f008 fa09 	bl	2000b0c8 <flash_range_program>
20002cb6:	f389 8810 	msr	PRIMASK, r9
20002cba:	1964      	adds	r4, r4, r5
20002cbc:	4544      	cmp	r4, r8
20002cbe:	d20f      	bcs.n	20002ce0 <ota_copy_region+0x80>
20002cc0:	4643      	mov	r3, r8
20002cc2:	1b1e      	subs	r6, r3, r4
20002cc4:	0035      	movs	r5, r6
20002cc6:	2380      	movs	r3, #128	@ 0x80
20002cc8:	015b      	lsls	r3, r3, #5
20002cca:	429e      	cmp	r6, r3
20002ccc:	d9d3      	bls.n	20002c76 <ota_copy_region+0x16>
20002cce:	001d      	movs	r5, r3
20002cd0:	e7d1      	b.n	20002c76 <ota_copy_region+0x16>
20002cd2:	1b5a      	subs	r2, r3, r5
20002cd4:	4805      	ldr	r0, [pc, #20]	@ (20002cec <ota_copy_region+0x8c>)
20002cd6:	1828      	adds	r0, r5, r0
20002cd8:	21ff      	movs	r1, #255	@ 0xff
20002cda:	f005 fbb1 	bl	20008440 <__wrap_memset>
20002cde:	e7d8      	b.n	20002c92 <ota_copy_region+0x32>
20002ce0:	bcf0      	pop	{r4, r5, r6, r7}
20002ce2:	46bb      	mov	fp, r7
20002ce4:	46b2      	mov	sl, r6
20002ce6:	46a9      	mov	r9, r5
20002ce8:	46a0      	mov	r8, r4
20002cea:	bdf8      	pop	{r3, r4, r5, r6, r7, pc}
20002cec:	2000ec9c 	.word	0x2000ec9c

20002cf0 <ota_commit_staged_image>:
20002cf0:	b570      	push	{r4, r5, r6, lr}
20002cf2:	b08a      	sub	sp, #40	@ 0x28
20002cf4:	4668      	mov	r0, sp
20002cf6:	f7fe f823 	bl	20000d40 <ota_meta_read>
20002cfa:	4668      	mov	r0, sp
20002cfc:	f7fd fb86 	bl	2000040c <ota_meta_valid>
20002d00:	2800      	cmp	r0, #0
20002d02:	d008      	beq.n	20002d16 <ota_commit_staged_image+0x26>
20002d04:	9b01      	ldr	r3, [sp, #4]
20002d06:	2b01      	cmp	r3, #1
20002d08:	d105      	bne.n	20002d16 <ota_commit_staged_image+0x26>
20002d0a:	9b07      	ldr	r3, [sp, #28]
20002d0c:	3b01      	subs	r3, #1
20002d0e:	2280      	movs	r2, #128	@ 0x80
20002d10:	0352      	lsls	r2, r2, #13
20002d12:	4293      	cmp	r3, r2
20002d14:	d301      	bcc.n	20002d1a <ota_commit_staged_image+0x2a>
20002d16:	b00a      	add	sp, #40	@ 0x28
20002d18:	bd70      	pop	{r4, r5, r6, pc}
20002d1a:	f004 f9e1 	bl	200070e0 <watchdog_update>
20002d1e:	9907      	ldr	r1, [sp, #28]
20002d20:	2080      	movs	r0, #128	@ 0x80
20002d22:	0380      	lsls	r0, r0, #14
20002d24:	f7fd fb5f 	bl	200003e6 <crc32_flash_region>
20002d28:	9b08      	ldr	r3, [sp, #32]
20002d2a:	4298      	cmp	r0, r3
20002d2c:	d005      	beq.n	20002d3a <ota_commit_staged_image+0x4a>
20002d2e:	f004 f9d7 	bl	200070e0 <watchdog_update>
20002d32:	4838      	ldr	r0, [pc, #224]	@ (20002e14 <ota_commit_staged_image+0x124>)
20002d34:	f006 fe71 	bl	20009a1a <__wrap_puts>
20002d38:	e7ed      	b.n	20002d16 <ota_commit_staged_image+0x26>
20002d3a:	f004 f9d1 	bl	200070e0 <watchdog_update>
20002d3e:	f7fd fb5b 	bl	200003f8 <ota_app_size>
20002d42:	0005      	movs	r5, r0
20002d44:	1e42      	subs	r2, r0, #1
20002d46:	2380      	movs	r3, #128	@ 0x80
20002d48:	035b      	lsls	r3, r3, #13
20002d4a:	429a      	cmp	r2, r3
20002d4c:	d220      	bcs.n	20002d90 <ota_commit_staged_image+0xa0>
20002d4e:	4832      	ldr	r0, [pc, #200]	@ (20002e18 <ota_commit_staged_image+0x128>)
20002d50:	0029      	movs	r1, r5
20002d52:	f006 fe91 	bl	20009a78 <__wrap_printf>
20002d56:	2480      	movs	r4, #128	@ 0x80
20002d58:	0364      	lsls	r4, r4, #13
20002d5a:	002a      	movs	r2, r5
20002d5c:	2100      	movs	r1, #0
20002d5e:	0020      	movs	r0, r4
20002d60:	f7ff ff7e 	bl	20002c60 <ota_copy_region>
20002d64:	f004 f9bc 	bl	200070e0 <watchdog_update>
20002d68:	0029      	movs	r1, r5
20002d6a:	0020      	movs	r0, r4
20002d6c:	f7fd fb3b 	bl	200003e6 <crc32_flash_region>
20002d70:	0004      	movs	r4, r0
20002d72:	0006      	movs	r6, r0
20002d74:	f004 f9b4 	bl	200070e0 <watchdog_update>
20002d78:	0029      	movs	r1, r5
20002d7a:	2000      	movs	r0, #0
20002d7c:	f7fd fb33 	bl	200003e6 <crc32_flash_region>
20002d80:	42a0      	cmp	r0, r4
20002d82:	d00a      	beq.n	20002d9a <ota_commit_staged_image+0xaa>
20002d84:	f004 f9ac 	bl	200070e0 <watchdog_update>
20002d88:	4824      	ldr	r0, [pc, #144]	@ (20002e1c <ota_commit_staged_image+0x12c>)
20002d8a:	f006 fe46 	bl	20009a1a <__wrap_puts>
20002d8e:	e7c2      	b.n	20002d16 <ota_commit_staged_image+0x26>
20002d90:	4823      	ldr	r0, [pc, #140]	@ (20002e20 <ota_commit_staged_image+0x130>)
20002d92:	0029      	movs	r1, r5
20002d94:	f006 fe70 	bl	20009a78 <__wrap_printf>
20002d98:	e7bd      	b.n	20002d16 <ota_commit_staged_image+0x26>
20002d9a:	f004 f9a1 	bl	200070e0 <watchdog_update>
20002d9e:	9505      	str	r5, [sp, #20]
20002da0:	9606      	str	r6, [sp, #24]
20002da2:	2303      	movs	r3, #3
20002da4:	9301      	str	r3, [sp, #4]
20002da6:	2300      	movs	r3, #0
20002da8:	9302      	str	r3, [sp, #8]
20002daa:	4668      	mov	r0, sp
20002dac:	f7ff fe08 	bl	200029c0 <ota_meta_write>
20002db0:	9907      	ldr	r1, [sp, #28]
20002db2:	481c      	ldr	r0, [pc, #112]	@ (20002e24 <ota_commit_staged_image+0x134>)
20002db4:	f006 fe60 	bl	20009a78 <__wrap_printf>
20002db8:	9a07      	ldr	r2, [sp, #28]
20002dba:	2180      	movs	r1, #128	@ 0x80
20002dbc:	0389      	lsls	r1, r1, #14
20002dbe:	2000      	movs	r0, #0
20002dc0:	f7ff ff4e 	bl	20002c60 <ota_copy_region>
20002dc4:	f004 f98c 	bl	200070e0 <watchdog_update>
20002dc8:	9907      	ldr	r1, [sp, #28]
20002dca:	2000      	movs	r0, #0
20002dcc:	f7fd fb0b 	bl	200003e6 <crc32_flash_region>
20002dd0:	9b08      	ldr	r3, [sp, #32]
20002dd2:	4298      	cmp	r0, r3
20002dd4:	d00a      	beq.n	20002dec <ota_commit_staged_image+0xfc>
20002dd6:	f004 f983 	bl	200070e0 <watchdog_update>
20002dda:	4813      	ldr	r0, [pc, #76]	@ (20002e28 <ota_commit_staged_image+0x138>)
20002ddc:	f006 fe1d 	bl	20009a1a <__wrap_puts>
20002de0:	2200      	movs	r2, #0
20002de2:	2100      	movs	r1, #0
20002de4:	2000      	movs	r0, #0
20002de6:	f004 f9d5 	bl	20007194 <watchdog_reboot>
20002dea:	e7fe      	b.n	20002dea <ota_commit_staged_image+0xfa>
20002dec:	f004 f978 	bl	200070e0 <watchdog_update>
20002df0:	4668      	mov	r0, sp
20002df2:	2302      	movs	r3, #2
20002df4:	9301      	str	r3, [sp, #4]
20002df6:	9b07      	ldr	r3, [sp, #28]
20002df8:	9303      	str	r3, [sp, #12]
20002dfa:	9b08      	ldr	r3, [sp, #32]
20002dfc:	9304      	str	r3, [sp, #16]
20002dfe:	f7ff fddf 	bl	200029c0 <ota_meta_write>
20002e02:	480a      	ldr	r0, [pc, #40]	@ (20002e2c <ota_commit_staged_image+0x13c>)
20002e04:	f006 fe09 	bl	20009a1a <__wrap_puts>
20002e08:	2200      	movs	r2, #0
20002e0a:	2100      	movs	r1, #0
20002e0c:	2000      	movs	r0, #0
20002e0e:	f004 f9c1 	bl	20007194 <watchdog_reboot>
20002e12:	e7fe      	b.n	20002e12 <ota_commit_staged_image+0x122>
20002e14:	2000b9e4 	.word	0x2000b9e4
20002e18:	2000ba58 	.word	0x2000ba58
20002e1c:	2000ba98 	.word	0x2000ba98
20002e20:	2000ba20 	.word	0x2000ba20
20002e24:	2000bae0 	.word	0x2000bae0
20002e28:	2000bb20 	.word	0x2000bb20
20002e2c:	2000bb60 	.word	0x2000bb60

20002e30 <st_report_clock>:
20002e30:	b5f0      	push	{r4, r5, r6, r7, lr}
20002e32:	b08f      	sub	sp, #60	@ 0x3c
20002e34:	0007      	movs	r7, r0
20002e36:	000e      	movs	r6, r1
20002e38:	0010      	movs	r0, r2
20002e3a:	001c      	movs	r4, r3
20002e3c:	f004 f80a 	bl	20006e54 <frequency_count_khz>
20002e40:	0005      	movs	r5, r0
20002e42:	4a13      	ldr	r2, [pc, #76]	@ (20002e90 <st_report_clock+0x60>)
20002e44:	9000      	str	r0, [sp, #0]
20002e46:	0033      	movs	r3, r6
20002e48:	212c      	movs	r1, #44	@ 0x2c
20002e4a:	a803      	add	r0, sp, #12
20002e4c:	f006 fbfe 	bl	2000964c <__wrap_snprintf>
20002e50:	2c00      	cmp	r4, #0
20002e52:	d01a      	beq.n	20002e8a <st_report_clock+0x5a>
20002e54:	9b14      	ldr	r3, [sp, #80]	@ 0x50
20002e56:	429c      	cmp	r4, r3
20002e58:	d902      	bls.n	20002e60 <st_report_clock+0x30>
20002e5a:	1ae3      	subs	r3, r4, r3
20002e5c:	429d      	cmp	r5, r3
20002e5e:	d310      	bcc.n	20002e82 <st_report_clock+0x52>
20002e60:	9b14      	ldr	r3, [sp, #80]	@ 0x50
20002e62:	18e3      	adds	r3, r4, r3
20002e64:	42ab      	cmp	r3, r5
20002e66:	d20e      	bcs.n	20002e86 <st_report_clock+0x56>
20002e68:	2101      	movs	r1, #1
20002e6a:	b2c9      	uxtb	r1, r1
20002e6c:	2300      	movs	r3, #0
20002e6e:	9301      	str	r3, [sp, #4]
20002e70:	ab03      	add	r3, sp, #12
20002e72:	9300      	str	r3, [sp, #0]
20002e74:	0023      	movs	r3, r4
20002e76:	002a      	movs	r2, r5
20002e78:	0038      	movs	r0, r7
20002e7a:	f7fe fc99 	bl	200017b0 <st_send>
20002e7e:	b00f      	add	sp, #60	@ 0x3c
20002e80:	bdf0      	pop	{r4, r5, r6, r7, pc}
20002e82:	2101      	movs	r1, #1
20002e84:	e7f1      	b.n	20002e6a <st_report_clock+0x3a>
20002e86:	2100      	movs	r1, #0
20002e88:	e7ef      	b.n	20002e6a <st_report_clock+0x3a>
20002e8a:	2104      	movs	r1, #4
20002e8c:	e7ee      	b.n	20002e6c <st_report_clock+0x3c>
20002e8e:	46c0      	nop			@ (mov r8, r8)
20002e90:	2000bb90 	.word	0x2000bb90

20002e94 <st_run_analog>:
20002e94:	b5f0      	push	{r4, r5, r6, r7, lr}
20002e96:	b08f      	sub	sp, #60	@ 0x3c
20002e98:	f007 fa7c 	bl	2000a394 <adc_init>
20002e9c:	4b46      	ldr	r3, [pc, #280]	@ (20002fb8 <st_run_analog+0x124>)
20002e9e:	2202      	movs	r2, #2
20002ea0:	601a      	str	r2, [r3, #0]
20002ea2:	4b46      	ldr	r3, [pc, #280]	@ (20002fbc <st_run_analog+0x128>)
20002ea4:	681a      	ldr	r2, [r3, #0]
20002ea6:	2380      	movs	r3, #128	@ 0x80
20002ea8:	01db      	lsls	r3, r3, #7
20002eaa:	4053      	eors	r3, r2
20002eac:	22e0      	movs	r2, #224	@ 0xe0
20002eae:	01d2      	lsls	r2, r2, #7
20002eb0:	4013      	ands	r3, r2
20002eb2:	4a43      	ldr	r2, [pc, #268]	@ (20002fc0 <st_run_analog+0x12c>)
20002eb4:	6013      	str	r3, [r2, #0]
20002eb6:	2014      	movs	r0, #20
20002eb8:	f003 fd48 	bl	2000694c <sleep_ms>
20002ebc:	2400      	movs	r4, #0
20002ebe:	2600      	movs	r6, #0
20002ec0:	e010      	b.n	20002ee4 <st_run_analog+0x50>
20002ec2:	4b3d      	ldr	r3, [pc, #244]	@ (20002fb8 <st_run_analog+0x124>)
20002ec4:	2204      	movs	r2, #4
20002ec6:	601a      	str	r2, [r3, #0]
20002ec8:	4b3c      	ldr	r3, [pc, #240]	@ (20002fbc <st_run_analog+0x128>)
20002eca:	681b      	ldr	r3, [r3, #0]
20002ecc:	05db      	lsls	r3, r3, #23
20002ece:	d5fb      	bpl.n	20002ec8 <st_run_analog+0x34>
20002ed0:	4b3a      	ldr	r3, [pc, #232]	@ (20002fbc <st_run_analog+0x128>)
20002ed2:	685b      	ldr	r3, [r3, #4]
20002ed4:	041b      	lsls	r3, r3, #16
20002ed6:	0c1b      	lsrs	r3, r3, #16
20002ed8:	18f6      	adds	r6, r6, r3
20002eda:	20c8      	movs	r0, #200	@ 0xc8
20002edc:	2100      	movs	r1, #0
20002ede:	f003 fd1f 	bl	20006920 <sleep_us>
20002ee2:	3401      	adds	r4, #1
20002ee4:	2c0f      	cmp	r4, #15
20002ee6:	d9ec      	bls.n	20002ec2 <st_run_analog+0x2e>
20002ee8:	0936      	lsrs	r6, r6, #4
20002eea:	4a36      	ldr	r2, [pc, #216]	@ (20002fc4 <st_run_analog+0x130>)
20002eec:	2300      	movs	r3, #0
20002eee:	0030      	movs	r0, r6
20002ef0:	2100      	movs	r1, #0
20002ef2:	f005 f96d 	bl	200081d0 <__wrap___aeabi_lmul>
20002ef6:	0509      	lsls	r1, r1, #20
20002ef8:	0b03      	lsrs	r3, r0, #12
20002efa:	18cb      	adds	r3, r1, r3
20002efc:	0018      	movs	r0, r3
20002efe:	17d9      	asrs	r1, r3, #31
20002f00:	4a31      	ldr	r2, [pc, #196]	@ (20002fc8 <st_run_analog+0x134>)
20002f02:	2301      	movs	r3, #1
20002f04:	425b      	negs	r3, r3
20002f06:	1812      	adds	r2, r2, r0
20002f08:	414b      	adcs	r3, r1
20002f0a:	0ed1      	lsrs	r1, r2, #27
20002f0c:	015d      	lsls	r5, r3, #5
20002f0e:	194d      	adds	r5, r1, r5
20002f10:	0154      	lsls	r4, r2, #5
20002f12:	1aa4      	subs	r4, r4, r2
20002f14:	419d      	sbcs	r5, r3
20002f16:	0de1      	lsrs	r1, r4, #23
20002f18:	468c      	mov	ip, r1
20002f1a:	0269      	lsls	r1, r5, #9
20002f1c:	4461      	add	r1, ip
20002f1e:	0260      	lsls	r0, r4, #9
20002f20:	1880      	adds	r0, r0, r2
20002f22:	4159      	adcs	r1, r3
20002f24:	0e84      	lsrs	r4, r0, #26
20002f26:	46a4      	mov	ip, r4
20002f28:	018d      	lsls	r5, r1, #6
20002f2a:	4465      	add	r5, ip
20002f2c:	0184      	lsls	r4, r0, #6
20002f2e:	1a24      	subs	r4, r4, r0
20002f30:	418d      	sbcs	r5, r1
20002f32:	0020      	movs	r0, r4
20002f34:	0029      	movs	r1, r5
20002f36:	1880      	adds	r0, r0, r2
20002f38:	4159      	adcs	r1, r3
20002f3a:	4a24      	ldr	r2, [pc, #144]	@ (20002fcc <st_run_analog+0x138>)
20002f3c:	2300      	movs	r3, #0
20002f3e:	f004 faf7 	bl	20007530 <__wrap___aeabi_ldivmod>
20002f42:	0004      	movs	r4, r0
20002f44:	4d22      	ldr	r5, [pc, #136]	@ (20002fd0 <st_run_analog+0x13c>)
20002f46:	1a2d      	subs	r5, r5, r0
20002f48:	21fa      	movs	r1, #250	@ 0xfa
20002f4a:	0089      	lsls	r1, r1, #2
20002f4c:	0028      	movs	r0, r5
20002f4e:	f004 faa1 	bl	20007494 <__wrap___aeabi_idiv>
20002f52:	0007      	movs	r7, r0
20002f54:	17eb      	asrs	r3, r5, #31
20002f56:	18e8      	adds	r0, r5, r3
20002f58:	4058      	eors	r0, r3
20002f5a:	21fa      	movs	r1, #250	@ 0xfa
20002f5c:	0089      	lsls	r1, r1, #2
20002f5e:	f004 fa99 	bl	20007494 <__wrap___aeabi_idiv>
20002f62:	0008      	movs	r0, r1
20002f64:	2164      	movs	r1, #100	@ 0x64
20002f66:	f004 fabd 	bl	200074e4 <__wrap___aeabi_uidiv>
20002f6a:	9000      	str	r0, [sp, #0]
20002f6c:	003b      	movs	r3, r7
20002f6e:	4a19      	ldr	r2, [pc, #100]	@ (20002fd4 <st_run_analog+0x140>)
20002f70:	212c      	movs	r1, #44	@ 0x2c
20002f72:	a803      	add	r0, sp, #12
20002f74:	f006 fb6a 	bl	2000964c <__wrap_snprintf>
20002f78:	4b17      	ldr	r3, [pc, #92]	@ (20002fd8 <st_run_analog+0x144>)
20002f7a:	469c      	mov	ip, r3
20002f7c:	4464      	add	r4, ip
20002f7e:	4b17      	ldr	r3, [pc, #92]	@ (20002fdc <st_run_analog+0x148>)
20002f80:	429c      	cmp	r4, r3
20002f82:	d817      	bhi.n	20002fb4 <st_run_analog+0x120>
20002f84:	2100      	movs	r1, #0
20002f86:	2400      	movs	r4, #0
20002f88:	9401      	str	r4, [sp, #4]
20002f8a:	ab03      	add	r3, sp, #12
20002f8c:	9300      	str	r3, [sp, #0]
20002f8e:	002b      	movs	r3, r5
20002f90:	0032      	movs	r2, r6
20002f92:	200d      	movs	r0, #13
20002f94:	f7fe fc0c 	bl	200017b0 <st_send>
20002f98:	4b11      	ldr	r3, [pc, #68]	@ (20002fe0 <st_run_analog+0x14c>)
20002f9a:	2202      	movs	r2, #2
20002f9c:	601a      	str	r2, [r3, #0]
20002f9e:	9401      	str	r4, [sp, #4]
20002fa0:	4b10      	ldr	r3, [pc, #64]	@ (20002fe4 <st_run_analog+0x150>)
20002fa2:	9300      	str	r3, [sp, #0]
20002fa4:	2300      	movs	r3, #0
20002fa6:	2200      	movs	r2, #0
20002fa8:	2103      	movs	r1, #3
20002faa:	200c      	movs	r0, #12
20002fac:	f7fe fc00 	bl	200017b0 <st_send>
20002fb0:	b00f      	add	sp, #60	@ 0x3c
20002fb2:	bdf0      	pop	{r4, r5, r6, r7, pc}
20002fb4:	2102      	movs	r1, #2
20002fb6:	e7e6      	b.n	20002f86 <st_run_analog+0xf2>
20002fb8:	4004e000 	.word	0x4004e000
20002fbc:	4004c000 	.word	0x4004c000
20002fc0:	4004d000 	.word	0x4004d000
20002fc4:	00000ce4 	.word	0x00000ce4
20002fc8:	fffffd3e 	.word	0xfffffd3e
20002fcc:	000006b9 	.word	0x000006b9
20002fd0:	00006978 	.word	0x00006978
20002fd4:	2000bb9c 	.word	0x2000bb9c
20002fd8:	0000f617 	.word	0x0000f617
20002fdc:	0001869e 	.word	0x0001869e
20002fe0:	4004f000 	.word	0x4004f000
20002fe4:	2000bbac 	.word	0x2000bbac

20002fe8 <uart_run_step>:
20002fe8:	b5f0      	push	{r4, r5, r6, r7, lr}
20002fea:	46ce      	mov	lr, r9
20002fec:	4647      	mov	r7, r8
20002fee:	b580      	push	{r7, lr}
20002ff0:	b08d      	sub	sp, #52	@ 0x34
20002ff2:	0007      	movs	r7, r0
20002ff4:	9104      	str	r1, [sp, #16]
20002ff6:	0014      	movs	r4, r2
20002ff8:	2240      	movs	r2, #64	@ 0x40
20002ffa:	2100      	movs	r1, #0
20002ffc:	0020      	movs	r0, r4
20002ffe:	f005 fa1f 	bl	20008440 <__wrap_memset>
20003002:	233c      	movs	r3, #60	@ 0x3c
20003004:	2201      	movs	r2, #1
20003006:	54e2      	strb	r2, [r4, r3]
20003008:	6067      	str	r7, [r4, #4]
2000300a:	3b3d      	subs	r3, #61	@ 0x3d
2000300c:	8523      	strh	r3, [r4, #40]	@ 0x28
2000300e:	4b87      	ldr	r3, [pc, #540]	@ (2000322c <uart_run_step+0x244>)
20003010:	781a      	ldrb	r2, [r3, #0]
20003012:	0093      	lsls	r3, r2, #2
20003014:	189b      	adds	r3, r3, r2
20003016:	015b      	lsls	r3, r3, #5
20003018:	1a9b      	subs	r3, r3, r2
2000301a:	0159      	lsls	r1, r3, #5
2000301c:	185b      	adds	r3, r3, r1
2000301e:	009b      	lsls	r3, r3, #2
20003020:	1a9b      	subs	r3, r3, r2
20003022:	0159      	lsls	r1, r3, #5
20003024:	1acb      	subs	r3, r1, r3
20003026:	021d      	lsls	r5, r3, #8
20003028:	1aed      	subs	r5, r5, r3
2000302a:	012d      	lsls	r5, r5, #4
2000302c:	18ad      	adds	r5, r5, r2
2000302e:	19ed      	adds	r5, r5, r7
20003030:	2201      	movs	r2, #1
20003032:	0029      	movs	r1, r5
20003034:	0038      	movs	r0, r7
20003036:	f7ff f903 	bl	20002240 <uart_setup_peer>
2000303a:	9006      	str	r0, [sp, #24]
2000303c:	2800      	cmp	r0, #0
2000303e:	d00a      	beq.n	20003056 <uart_run_step+0x6e>
20003040:	4e7b      	ldr	r6, [pc, #492]	@ (20003230 <uart_run_step+0x248>)
20003042:	2101      	movs	r1, #1
20003044:	0030      	movs	r0, r6
20003046:	f003 fe33 	bl	20006cb0 <uart_set_fifo_enabled>
2000304a:	0039      	movs	r1, r7
2000304c:	0030      	movs	r0, r6
2000304e:	f003 fdeb 	bl	20006c28 <uart_set_baudrate>
20003052:	6020      	str	r0, [r4, #0]
20003054:	e013      	b.n	2000307e <uart_run_step+0x96>
20003056:	2200      	movs	r2, #0
20003058:	0029      	movs	r1, r5
2000305a:	2000      	movs	r0, #0
2000305c:	f7ff f8f0 	bl	20002240 <uart_setup_peer>
20003060:	4d73      	ldr	r5, [pc, #460]	@ (20003230 <uart_run_step+0x248>)
20003062:	4974      	ldr	r1, [pc, #464]	@ (20003234 <uart_run_step+0x24c>)
20003064:	0028      	movs	r0, r5
20003066:	f003 fddf 	bl	20006c28 <uart_set_baudrate>
2000306a:	2100      	movs	r1, #0
2000306c:	0028      	movs	r0, r5
2000306e:	f003 fe1f 	bl	20006cb0 <uart_set_fifo_enabled>
20003072:	2300      	movs	r3, #0
20003074:	8523      	strh	r3, [r4, #40]	@ 0x28
20003076:	e0d4      	b.n	20003222 <uart_run_step+0x23a>
20003078:	486d      	ldr	r0, [pc, #436]	@ (20003230 <uart_run_step+0x248>)
2000307a:	f7fd f899 	bl	200001b0 <uart_getc>
2000307e:	4b6c      	ldr	r3, [pc, #432]	@ (20003230 <uart_run_step+0x248>)
20003080:	699b      	ldr	r3, [r3, #24]
20003082:	06db      	lsls	r3, r3, #27
20003084:	d5f8      	bpl.n	20003078 <uart_run_step+0x90>
20003086:	2300      	movs	r3, #0
20003088:	220f      	movs	r2, #15
2000308a:	a908      	add	r1, sp, #32
2000308c:	468c      	mov	ip, r1
2000308e:	4462      	add	r2, ip
20003090:	7013      	strb	r3, [r2, #0]
20003092:	930a      	str	r3, [sp, #40]	@ 0x28
20003094:	f003 fd5e 	bl	20006b54 <time_us_64>
20003098:	9008      	str	r0, [sp, #32]
2000309a:	9109      	str	r1, [sp, #36]	@ 0x24
2000309c:	22fa      	movs	r2, #250	@ 0xfa
2000309e:	0092      	lsls	r2, r2, #2
200030a0:	2300      	movs	r3, #0
200030a2:	9804      	ldr	r0, [sp, #16]
200030a4:	2100      	movs	r1, #0
200030a6:	f005 f893 	bl	200081d0 <__wrap___aeabi_lmul>
200030aa:	9a08      	ldr	r2, [sp, #32]
200030ac:	9b09      	ldr	r3, [sp, #36]	@ 0x24
200030ae:	1812      	adds	r2, r2, r0
200030b0:	414b      	adcs	r3, r1
200030b2:	9204      	str	r2, [sp, #16]
200030b4:	9305      	str	r3, [sp, #20]
200030b6:	4e60      	ldr	r6, [pc, #384]	@ (20003238 <uart_run_step+0x250>)
200030b8:	2700      	movs	r7, #0
200030ba:	2301      	movs	r3, #1
200030bc:	4698      	mov	r8, r3
200030be:	e02f      	b.n	20003120 <uart_run_step+0x138>
200030c0:	4e5d      	ldr	r6, [pc, #372]	@ (20003238 <uart_run_step+0x250>)
200030c2:	4642      	mov	r2, r8
200030c4:	0029      	movs	r1, r5
200030c6:	0030      	movs	r0, r6
200030c8:	f7fd fa1e 	bl	20000508 <uart_bench_build>
200030cc:	373c      	adds	r7, #60	@ 0x3c
200030ce:	4640      	mov	r0, r8
200030d0:	e000      	b.n	200030d4 <uart_run_step+0xec>
200030d2:	001e      	movs	r6, r3
200030d4:	2f00      	cmp	r7, #0
200030d6:	d02f      	beq.n	20003138 <uart_run_step+0x150>
200030d8:	4b55      	ldr	r3, [pc, #340]	@ (20003230 <uart_run_step+0x248>)
200030da:	699b      	ldr	r3, [r3, #24]
200030dc:	069b      	lsls	r3, r3, #26
200030de:	d40b      	bmi.n	200030f8 <uart_run_step+0x110>
200030e0:	1c73      	adds	r3, r6, #1
200030e2:	7831      	ldrb	r1, [r6, #0]
200030e4:	4a52      	ldr	r2, [pc, #328]	@ (20003230 <uart_run_step+0x248>)
200030e6:	6011      	str	r1, [r2, #0]
200030e8:	3f01      	subs	r7, #1
200030ea:	2f00      	cmp	r7, #0
200030ec:	d1f1      	bne.n	200030d2 <uart_run_step+0xea>
200030ee:	3001      	adds	r0, #1
200030f0:	68a2      	ldr	r2, [r4, #8]
200030f2:	3201      	adds	r2, #1
200030f4:	60a2      	str	r2, [r4, #8]
200030f6:	e7ec      	b.n	200030d2 <uart_run_step+0xea>
200030f8:	4680      	mov	r8, r0
200030fa:	46b1      	mov	r9, r6
200030fc:	e00b      	b.n	20003116 <uart_run_step+0x12e>
200030fe:	4b4c      	ldr	r3, [pc, #304]	@ (20003230 <uart_run_step+0x248>)
20003100:	6818      	ldr	r0, [r3, #0]
20003102:	b2c0      	uxtb	r0, r0
20003104:	9400      	str	r4, [sp, #0]
20003106:	ab0a      	add	r3, sp, #40	@ 0x28
20003108:	002a      	movs	r2, r5
2000310a:	210f      	movs	r1, #15
2000310c:	ae08      	add	r6, sp, #32
2000310e:	46b4      	mov	ip, r6
20003110:	4461      	add	r1, ip
20003112:	f7fe f9d1 	bl	200014b8 <uart_bench_feed>
20003116:	4b46      	ldr	r3, [pc, #280]	@ (20003230 <uart_run_step+0x248>)
20003118:	699b      	ldr	r3, [r3, #24]
2000311a:	06db      	lsls	r3, r3, #27
2000311c:	d5ef      	bpl.n	200030fe <uart_run_step+0x116>
2000311e:	464e      	mov	r6, r9
20003120:	f003 fd18 	bl	20006b54 <time_us_64>
20003124:	9007      	str	r0, [sp, #28]
20003126:	9b05      	ldr	r3, [sp, #20]
20003128:	428b      	cmp	r3, r1
2000312a:	d908      	bls.n	2000313e <uart_run_step+0x156>
2000312c:	f003 ffd8 	bl	200070e0 <watchdog_update>
20003130:	2f00      	cmp	r7, #0
20003132:	d0c5      	beq.n	200030c0 <uart_run_step+0xd8>
20003134:	4640      	mov	r0, r8
20003136:	e7cd      	b.n	200030d4 <uart_run_step+0xec>
20003138:	4680      	mov	r8, r0
2000313a:	46b1      	mov	r9, r6
2000313c:	e7eb      	b.n	20003116 <uart_run_step+0x12e>
2000313e:	9a04      	ldr	r2, [sp, #16]
20003140:	9b05      	ldr	r3, [sp, #20]
20003142:	428b      	cmp	r3, r1
20003144:	d103      	bne.n	2000314e <uart_run_step+0x166>
20003146:	0013      	movs	r3, r2
20003148:	9a07      	ldr	r2, [sp, #28]
2000314a:	4293      	cmp	r3, r2
2000314c:	d8ee      	bhi.n	2000312c <uart_run_step+0x144>
2000314e:	f003 fd01 	bl	20006b54 <time_us_64>
20003152:	9a08      	ldr	r2, [sp, #32]
20003154:	9b09      	ldr	r3, [sp, #36]	@ 0x24
20003156:	1a80      	subs	r0, r0, r2
20003158:	4199      	sbcs	r1, r3
2000315a:	61a0      	str	r0, [r4, #24]
2000315c:	61e1      	str	r1, [r4, #28]
2000315e:	2300      	movs	r3, #0
20003160:	8523      	strh	r3, [r4, #40]	@ 0x28
20003162:	f003 fcf7 	bl	20006b54 <time_us_64>
20003166:	4e35      	ldr	r6, [pc, #212]	@ (2000323c <uart_run_step+0x254>)
20003168:	2700      	movs	r7, #0
2000316a:	1836      	adds	r6, r6, r0
2000316c:	414f      	adcs	r7, r1
2000316e:	9602      	str	r6, [sp, #8]
20003170:	9703      	str	r7, [sp, #12]
20003172:	e00f      	b.n	20003194 <uart_run_step+0x1ac>
20003174:	4b2e      	ldr	r3, [pc, #184]	@ (20003230 <uart_run_step+0x248>)
20003176:	6818      	ldr	r0, [r3, #0]
20003178:	b2c0      	uxtb	r0, r0
2000317a:	9400      	str	r4, [sp, #0]
2000317c:	ab0a      	add	r3, sp, #40	@ 0x28
2000317e:	002a      	movs	r2, r5
20003180:	210f      	movs	r1, #15
20003182:	ae08      	add	r6, sp, #32
20003184:	46b4      	mov	ip, r6
20003186:	4461      	add	r1, ip
20003188:	f7fe f996 	bl	200014b8 <uart_bench_feed>
2000318c:	4b28      	ldr	r3, [pc, #160]	@ (20003230 <uart_run_step+0x248>)
2000318e:	699b      	ldr	r3, [r3, #24]
20003190:	06db      	lsls	r3, r3, #27
20003192:	d5ef      	bpl.n	20003174 <uart_run_step+0x18c>
20003194:	f003 fcde 	bl	20006b54 <time_us_64>
20003198:	9b03      	ldr	r3, [sp, #12]
2000319a:	428b      	cmp	r3, r1
2000319c:	d902      	bls.n	200031a4 <uart_run_step+0x1bc>
2000319e:	f003 ff9f 	bl	200070e0 <watchdog_update>
200031a2:	e7f3      	b.n	2000318c <uart_run_step+0x1a4>
200031a4:	428b      	cmp	r3, r1
200031a6:	d102      	bne.n	200031ae <uart_run_step+0x1c6>
200031a8:	9b02      	ldr	r3, [sp, #8]
200031aa:	4283      	cmp	r3, r0
200031ac:	d8f7      	bhi.n	2000319e <uart_run_step+0x1b6>
200031ae:	2700      	movs	r7, #0
200031b0:	2300      	movs	r3, #0
200031b2:	4698      	mov	r8, r3
200031b4:	0023      	movs	r3, r4
200031b6:	4644      	mov	r4, r8
200031b8:	46a8      	mov	r8, r5
200031ba:	001d      	movs	r5, r3
200031bc:	e011      	b.n	200031e2 <uart_run_step+0x1fa>
200031be:	62e8      	str	r0, [r5, #44]	@ 0x2c
200031c0:	0030      	movs	r0, r6
200031c2:	3024      	adds	r0, #36	@ 0x24
200031c4:	f7fd f936 	bl	20000434 <spi_get_u32>
200031c8:	6328      	str	r0, [r5, #48]	@ 0x30
200031ca:	0030      	movs	r0, r6
200031cc:	302c      	adds	r0, #44	@ 0x2c
200031ce:	f7fd f931 	bl	20000434 <spi_get_u32>
200031d2:	6368      	str	r0, [r5, #52]	@ 0x34
200031d4:	0030      	movs	r0, r6
200031d6:	3028      	adds	r0, #40	@ 0x28
200031d8:	f7fd f92c 	bl	20000434 <spi_get_u32>
200031dc:	6168      	str	r0, [r5, #20]
200031de:	9c06      	ldr	r4, [sp, #24]
200031e0:	3701      	adds	r7, #1
200031e2:	2f17      	cmp	r7, #23
200031e4:	dc0e      	bgt.n	20003204 <uart_run_step+0x21c>
200031e6:	f003 ff7b 	bl	200070e0 <watchdog_update>
200031ea:	f7fe f8e5 	bl	200013b8 <uart_read_stats>
200031ee:	1e06      	subs	r6, r0, #0
200031f0:	d0f6      	beq.n	200031e0 <uart_run_step+0x1f8>
200031f2:	3020      	adds	r0, #32
200031f4:	f7fd f91e 	bl	20000434 <spi_get_u32>
200031f8:	2c00      	cmp	r4, #0
200031fa:	d0e0      	beq.n	200031be <uart_run_step+0x1d6>
200031fc:	6aeb      	ldr	r3, [r5, #44]	@ 0x2c
200031fe:	4283      	cmp	r3, r0
20003200:	d8ee      	bhi.n	200031e0 <uart_run_step+0x1f8>
20003202:	e7dc      	b.n	200031be <uart_run_step+0x1d6>
20003204:	4645      	mov	r5, r8
20003206:	2200      	movs	r2, #0
20003208:	0029      	movs	r1, r5
2000320a:	2000      	movs	r0, #0
2000320c:	f7ff f818 	bl	20002240 <uart_setup_peer>
20003210:	4c07      	ldr	r4, [pc, #28]	@ (20003230 <uart_run_step+0x248>)
20003212:	4908      	ldr	r1, [pc, #32]	@ (20003234 <uart_run_step+0x24c>)
20003214:	0020      	movs	r0, r4
20003216:	f003 fd07 	bl	20006c28 <uart_set_baudrate>
2000321a:	2100      	movs	r1, #0
2000321c:	0020      	movs	r0, r4
2000321e:	f003 fd47 	bl	20006cb0 <uart_set_fifo_enabled>
20003222:	b00d      	add	sp, #52	@ 0x34
20003224:	bcc0      	pop	{r6, r7}
20003226:	46b9      	mov	r9, r7
20003228:	46b0      	mov	r8, r6
2000322a:	bdf0      	pop	{r4, r5, r6, r7, pc}
2000322c:	20020e9b 	.word	0x20020e9b
20003230:	40034000 	.word	0x40034000
20003234:	00012480 	.word	0x00012480
20003238:	20020e4c 	.word	0x20020e4c
2000323c:	00004e20 	.word	0x00004e20

20003240 <st_run_link_uart>:
20003240:	b5f0      	push	{r4, r5, r6, r7, lr}
20003242:	b09f      	sub	sp, #124	@ 0x7c
20003244:	4b1a      	ldr	r3, [pc, #104]	@ (200032b0 <st_run_link_uart+0x70>)
20003246:	2201      	movs	r2, #1
20003248:	701a      	strb	r2, [r3, #0]
2000324a:	ac02      	add	r4, sp, #8
2000324c:	20e1      	movs	r0, #225	@ 0xe1
2000324e:	0022      	movs	r2, r4
20003250:	21c8      	movs	r1, #200	@ 0xc8
20003252:	02c0      	lsls	r0, r0, #11
20003254:	f7ff fec8 	bl	20002fe8 <uart_run_step>
20003258:	9b04      	ldr	r3, [sp, #16]
2000325a:	2b00      	cmp	r3, #0
2000325c:	d002      	beq.n	20003264 <st_run_link_uart+0x24>
2000325e:	9b0f      	ldr	r3, [sp, #60]	@ 0x3c
20003260:	2b00      	cmp	r3, #0
20003262:	d105      	bne.n	20003270 <st_run_link_uart+0x30>
20003264:	20e1      	movs	r0, #225	@ 0xe1
20003266:	aa02      	add	r2, sp, #8
20003268:	21c8      	movs	r1, #200	@ 0xc8
2000326a:	02c0      	lsls	r0, r0, #11
2000326c:	f7ff febc 	bl	20002fe8 <uart_run_step>
20003270:	4b0f      	ldr	r3, [pc, #60]	@ (200032b0 <st_run_link_uart+0x70>)
20003272:	2500      	movs	r5, #0
20003274:	701d      	strb	r5, [r3, #0]
20003276:	ac02      	add	r4, sp, #8
20003278:	0020      	movs	r0, r4
2000327a:	f7fd f965 	bl	20000548 <uart_rp_clean>
2000327e:	0007      	movs	r7, r0
20003280:	9b02      	ldr	r3, [sp, #8]
20003282:	9904      	ldr	r1, [sp, #16]
20003284:	9805      	ldr	r0, [sp, #20]
20003286:	4a0b      	ldr	r2, [pc, #44]	@ (200032b4 <st_run_link_uart+0x74>)
20003288:	ae13      	add	r6, sp, #76	@ 0x4c
2000328a:	9001      	str	r0, [sp, #4]
2000328c:	9100      	str	r1, [sp, #0]
2000328e:	212c      	movs	r1, #44	@ 0x2c
20003290:	0030      	movs	r0, r6
20003292:	f006 f9db 	bl	2000964c <__wrap_snprintf>
20003296:	2301      	movs	r3, #1
20003298:	003a      	movs	r2, r7
2000329a:	405a      	eors	r2, r3
2000329c:	b2d1      	uxtb	r1, r2
2000329e:	9b05      	ldr	r3, [sp, #20]
200032a0:	9a0d      	ldr	r2, [sp, #52]	@ 0x34
200032a2:	9501      	str	r5, [sp, #4]
200032a4:	9600      	str	r6, [sp, #0]
200032a6:	2043      	movs	r0, #67	@ 0x43
200032a8:	f7fe fa82 	bl	200017b0 <st_send>
200032ac:	b01f      	add	sp, #124	@ 0x7c
200032ae:	bdf0      	pop	{r4, r5, r6, r7, pc}
200032b0:	20020eb7 	.word	0x20020eb7
200032b4:	2000bbc8 	.word	0x2000bbc8

200032b8 <ota_run_selftest>:
200032b8:	b5f0      	push	{r4, r5, r6, r7, lr}
200032ba:	46ce      	mov	lr, r9
200032bc:	4647      	mov	r7, r8
200032be:	b580      	push	{r7, lr}
200032c0:	b09b      	sub	sp, #108	@ 0x6c
200032c2:	4bd9      	ldr	r3, [pc, #868]	@ (20003628 <ota_run_selftest+0x370>)
200032c4:	2200      	movs	r2, #0
200032c6:	701a      	strb	r2, [r3, #0]
200032c8:	4bd8      	ldr	r3, [pc, #864]	@ (2000362c <ota_run_selftest+0x374>)
200032ca:	601a      	str	r2, [r3, #0]
200032cc:	23d0      	movs	r3, #208	@ 0xd0
200032ce:	061b      	lsls	r3, r3, #24
200032d0:	691d      	ldr	r5, [r3, #16]
200032d2:	3201      	adds	r2, #1
200032d4:	32ff      	adds	r2, #255	@ 0xff
200032d6:	4015      	ands	r5, r2
200032d8:	05ea      	lsls	r2, r5, #23
200032da:	0fd2      	lsrs	r2, r2, #31
200032dc:	4691      	mov	r9, r2
200032de:	691c      	ldr	r4, [r3, #16]
200032e0:	2380      	movs	r3, #128	@ 0x80
200032e2:	009b      	lsls	r3, r3, #2
200032e4:	401c      	ands	r4, r3
200032e6:	05a3      	lsls	r3, r4, #22
200032e8:	0fdb      	lsrs	r3, r3, #31
200032ea:	4698      	mov	r8, r3
200032ec:	ab0e      	add	r3, sp, #56	@ 0x38
200032ee:	4ad0      	ldr	r2, [pc, #832]	@ (20003630 <ota_run_selftest+0x378>)
200032f0:	801a      	strh	r2, [r3, #0]
200032f2:	2200      	movs	r2, #0
200032f4:	e014      	b.n	20003320 <ota_run_selftest+0x68>
200032f6:	ab0e      	add	r3, sp, #56	@ 0x38
200032f8:	5c99      	ldrb	r1, [r3, r2]
200032fa:	0089      	lsls	r1, r1, #2
200032fc:	4bcd      	ldr	r3, [pc, #820]	@ (20003634 <ota_run_selftest+0x37c>)
200032fe:	469c      	mov	ip, r3
20003300:	4461      	add	r1, ip
20003302:	6848      	ldr	r0, [r1, #4]
20003304:	2308      	movs	r3, #8
20003306:	4003      	ands	r3, r0
20003308:	071b      	lsls	r3, r3, #28
2000330a:	0fdb      	lsrs	r3, r3, #31
2000330c:	a80d      	add	r0, sp, #52	@ 0x34
2000330e:	5483      	strb	r3, [r0, r2]
20003310:	6849      	ldr	r1, [r1, #4]
20003312:	2304      	movs	r3, #4
20003314:	400b      	ands	r3, r1
20003316:	075b      	lsls	r3, r3, #29
20003318:	0fdb      	lsrs	r3, r3, #31
2000331a:	a90c      	add	r1, sp, #48	@ 0x30
2000331c:	548b      	strb	r3, [r1, r2]
2000331e:	3201      	adds	r2, #1
20003320:	2a01      	cmp	r2, #1
20003322:	d9e8      	bls.n	200032f6 <ota_run_selftest+0x3e>
20003324:	2000      	movs	r0, #0
20003326:	e00c      	b.n	20003342 <ota_run_selftest+0x8a>
20003328:	4bc0      	ldr	r3, [pc, #768]	@ (2000362c <ota_run_selftest+0x374>)
2000332a:	681a      	ldr	r2, [r3, #0]
2000332c:	1c51      	adds	r1, r2, #1
2000332e:	6019      	str	r1, [r3, #0]
20003330:	4bc1      	ldr	r3, [pc, #772]	@ (20003638 <ota_run_selftest+0x380>)
20003332:	00d1      	lsls	r1, r2, #3
20003334:	4ac1      	ldr	r2, [pc, #772]	@ (2000363c <ota_run_selftest+0x384>)
20003336:	00c6      	lsls	r6, r0, #3
20003338:	185b      	adds	r3, r3, r1
2000333a:	1992      	adds	r2, r2, r6
2000333c:	ca42      	ldmia	r2!, {r1, r6}
2000333e:	c342      	stmia	r3!, {r1, r6}
20003340:	3001      	adds	r0, #1
20003342:	2809      	cmp	r0, #9
20003344:	d9f0      	bls.n	20003328 <ota_run_selftest+0x70>
20003346:	4bbe      	ldr	r3, [pc, #760]	@ (20003640 <ota_run_selftest+0x388>)
20003348:	781b      	ldrb	r3, [r3, #0]
2000334a:	075b      	lsls	r3, r3, #29
2000334c:	d411      	bmi.n	20003372 <ota_run_selftest+0xba>
2000334e:	2600      	movs	r6, #0
20003350:	e01b      	b.n	2000338a <ota_run_selftest+0xd2>
20003352:	4bb6      	ldr	r3, [pc, #728]	@ (2000362c <ota_run_selftest+0x374>)
20003354:	681a      	ldr	r2, [r3, #0]
20003356:	1c51      	adds	r1, r2, #1
20003358:	6019      	str	r1, [r3, #0]
2000335a:	4bb7      	ldr	r3, [pc, #732]	@ (20003638 <ota_run_selftest+0x380>)
2000335c:	00d1      	lsls	r1, r2, #3
2000335e:	4ab9      	ldr	r2, [pc, #740]	@ (20003644 <ota_run_selftest+0x38c>)
20003360:	00c6      	lsls	r6, r0, #3
20003362:	185b      	adds	r3, r3, r1
20003364:	1992      	adds	r2, r2, r6
20003366:	ca42      	ldmia	r2!, {r1, r6}
20003368:	c342      	stmia	r3!, {r1, r6}
2000336a:	3001      	adds	r0, #1
2000336c:	2803      	cmp	r0, #3
2000336e:	d9f0      	bls.n	20003352 <ota_run_selftest+0x9a>
20003370:	e7ed      	b.n	2000334e <ota_run_selftest+0x96>
20003372:	2000      	movs	r0, #0
20003374:	e7fa      	b.n	2000336c <ota_run_selftest+0xb4>
20003376:	4bb0      	ldr	r3, [pc, #704]	@ (20003638 <ota_run_selftest+0x380>)
20003378:	00f2      	lsls	r2, r6, #3
2000337a:	5cd1      	ldrb	r1, [r2, r3]
2000337c:	00b0      	lsls	r0, r6, #2
2000337e:	1980      	adds	r0, r0, r6
20003380:	4bb1      	ldr	r3, [pc, #708]	@ (20003648 <ota_run_selftest+0x390>)
20003382:	18c0      	adds	r0, r0, r3
20003384:	f7fe f98c 	bl	200016a0 <st_pin_snapshot>
20003388:	3601      	adds	r6, #1
2000338a:	4ba8      	ldr	r3, [pc, #672]	@ (2000362c <ota_run_selftest+0x374>)
2000338c:	681b      	ldr	r3, [r3, #0]
2000338e:	42b3      	cmp	r3, r6
20003390:	d8f1      	bhi.n	20003376 <ota_run_selftest+0xbe>
20003392:	4bab      	ldr	r3, [pc, #684]	@ (20003640 <ota_run_selftest+0x388>)
20003394:	781a      	ldrb	r2, [r3, #0]
20003396:	4bad      	ldr	r3, [pc, #692]	@ (2000364c <ota_run_selftest+0x394>)
20003398:	7819      	ldrb	r1, [r3, #0]
2000339a:	48ad      	ldr	r0, [pc, #692]	@ (20003650 <ota_run_selftest+0x398>)
2000339c:	f006 fb6c 	bl	20009a78 <__wrap_printf>
200033a0:	4bac      	ldr	r3, [pc, #688]	@ (20003654 <ota_run_selftest+0x39c>)
200033a2:	4aad      	ldr	r2, [pc, #692]	@ (20003658 <ota_run_selftest+0x3a0>)
200033a4:	ae0f      	add	r6, sp, #60	@ 0x3c
200033a6:	49ad      	ldr	r1, [pc, #692]	@ (2000365c <ota_run_selftest+0x3a4>)
200033a8:	9100      	str	r1, [sp, #0]
200033aa:	212c      	movs	r1, #44	@ 0x2c
200033ac:	0030      	movs	r0, r6
200033ae:	f006 f94d 	bl	2000964c <__wrap_snprintf>
200033b2:	2300      	movs	r3, #0
200033b4:	9301      	str	r3, [sp, #4]
200033b6:	9600      	str	r6, [sp, #0]
200033b8:	2207      	movs	r2, #7
200033ba:	2104      	movs	r1, #4
200033bc:	2001      	movs	r0, #1
200033be:	f7fe f9f7 	bl	200017b0 <st_send>
200033c2:	4ba7      	ldr	r3, [pc, #668]	@ (20003660 <ota_run_selftest+0x3a8>)
200033c4:	681b      	ldr	r3, [r3, #0]
200033c6:	4aa7      	ldr	r2, [pc, #668]	@ (20003664 <ota_run_selftest+0x3ac>)
200033c8:	212c      	movs	r1, #44	@ 0x2c
200033ca:	0030      	movs	r0, r6
200033cc:	f006 f93e 	bl	2000964c <__wrap_snprintf>
200033d0:	4ba5      	ldr	r3, [pc, #660]	@ (20003668 <ota_run_selftest+0x3b0>)
200033d2:	781b      	ldrb	r3, [r3, #0]
200033d4:	2b09      	cmp	r3, #9
200033d6:	d075      	beq.n	200034c4 <ota_run_selftest+0x20c>
200033d8:	2100      	movs	r1, #0
200033da:	4ba3      	ldr	r3, [pc, #652]	@ (20003668 <ota_run_selftest+0x3b0>)
200033dc:	781a      	ldrb	r2, [r3, #0]
200033de:	b2d2      	uxtb	r2, r2
200033e0:	2700      	movs	r7, #0
200033e2:	9701      	str	r7, [sp, #4]
200033e4:	ab0f      	add	r3, sp, #60	@ 0x3c
200033e6:	9300      	str	r3, [sp, #0]
200033e8:	2300      	movs	r3, #0
200033ea:	2002      	movs	r0, #2
200033ec:	f7fe f9e0 	bl	200017b0 <st_send>
200033f0:	f7ff fa38 	bl	20002864 <st_run_flash>
200033f4:	499d      	ldr	r1, [pc, #628]	@ (2000366c <ota_run_selftest+0x3b4>)
200033f6:	233c      	movs	r3, #60	@ 0x3c
200033f8:	9300      	str	r3, [sp, #0]
200033fa:	4b9d      	ldr	r3, [pc, #628]	@ (20003670 <ota_run_selftest+0x3b8>)
200033fc:	2205      	movs	r2, #5
200033fe:	200a      	movs	r0, #10
20003400:	f7ff fd16 	bl	20002e30 <st_report_clock>
20003404:	2005      	movs	r0, #5
20003406:	f003 fd1f 	bl	20006e48 <clock_get_hz>
2000340a:	21fa      	movs	r1, #250	@ 0xfa
2000340c:	0089      	lsls	r1, r1, #2
2000340e:	f004 f869 	bl	200074e4 <__wrap___aeabi_uidiv>
20003412:	0003      	movs	r3, r0
20003414:	4997      	ldr	r1, [pc, #604]	@ (20003674 <ota_run_selftest+0x3bc>)
20003416:	26fa      	movs	r6, #250	@ 0xfa
20003418:	0076      	lsls	r6, r6, #1
2000341a:	9600      	str	r6, [sp, #0]
2000341c:	2209      	movs	r2, #9
2000341e:	2006      	movs	r0, #6
20003420:	f7ff fd06 	bl	20002e30 <st_report_clock>
20003424:	2006      	movs	r0, #6
20003426:	f003 fd0f 	bl	20006e48 <clock_get_hz>
2000342a:	21fa      	movs	r1, #250	@ 0xfa
2000342c:	0089      	lsls	r1, r1, #2
2000342e:	f004 f859 	bl	200074e4 <__wrap___aeabi_uidiv>
20003432:	0003      	movs	r3, r0
20003434:	4990      	ldr	r1, [pc, #576]	@ (20003678 <ota_run_selftest+0x3c0>)
20003436:	9600      	str	r6, [sp, #0]
20003438:	220a      	movs	r2, #10
2000343a:	2007      	movs	r0, #7
2000343c:	f7ff fcf8 	bl	20002e30 <st_report_clock>
20003440:	498e      	ldr	r1, [pc, #568]	@ (2000367c <ota_run_selftest+0x3c4>)
20003442:	9600      	str	r6, [sp, #0]
20003444:	4b8e      	ldr	r3, [pc, #568]	@ (20003680 <ota_run_selftest+0x3c8>)
20003446:	220b      	movs	r2, #11
20003448:	2008      	movs	r0, #8
2000344a:	f7ff fcf1 	bl	20002e30 <st_report_clock>
2000344e:	498d      	ldr	r1, [pc, #564]	@ (20003684 <ota_run_selftest+0x3cc>)
20003450:	9600      	str	r6, [sp, #0]
20003452:	4b8b      	ldr	r3, [pc, #556]	@ (20003680 <ota_run_selftest+0x3c8>)
20003454:	220c      	movs	r2, #12
20003456:	2009      	movs	r0, #9
20003458:	f7ff fcea 	bl	20002e30 <st_report_clock>
2000345c:	498a      	ldr	r1, [pc, #552]	@ (20003688 <ota_run_selftest+0x3d0>)
2000345e:	9700      	str	r7, [sp, #0]
20003460:	2300      	movs	r3, #0
20003462:	2203      	movs	r2, #3
20003464:	200b      	movs	r0, #11
20003466:	f7ff fce3 	bl	20002e30 <st_report_clock>
2000346a:	f7ff fd13 	bl	20002e94 <st_run_analog>
2000346e:	ae02      	add	r6, sp, #8
20003470:	0030      	movs	r0, r6
20003472:	f7fd fc65 	bl	20000d40 <ota_meta_read>
20003476:	0030      	movs	r0, r6
20003478:	f7fc ffc8 	bl	2000040c <ota_meta_valid>
2000347c:	2800      	cmp	r0, #0
2000347e:	d023      	beq.n	200034c8 <ota_run_selftest+0x210>
20003480:	4b82      	ldr	r3, [pc, #520]	@ (2000368c <ota_run_selftest+0x3d4>)
20003482:	4a83      	ldr	r2, [pc, #524]	@ (20003690 <ota_run_selftest+0x3d8>)
20003484:	ae0f      	add	r6, sp, #60	@ 0x3c
20003486:	212c      	movs	r1, #44	@ 0x2c
20003488:	0030      	movs	r0, r6
2000348a:	f006 f8df 	bl	2000964c <__wrap_snprintf>
2000348e:	9b04      	ldr	r3, [sp, #16]
20003490:	9a03      	ldr	r2, [sp, #12]
20003492:	2100      	movs	r1, #0
20003494:	9101      	str	r1, [sp, #4]
20003496:	9600      	str	r6, [sp, #0]
20003498:	3104      	adds	r1, #4
2000349a:	2013      	movs	r0, #19
2000349c:	f7fe f988 	bl	200017b0 <st_send>
200034a0:	f7fe fc3e 	bl	20001d20 <st_run_gpio>
200034a4:	f7fe faf0 	bl	20001a88 <st_run_chip_pu>
200034a8:	f7fe fdda 	bl	20002060 <st_run_eboot>
200034ac:	f7fe fe1e 	bl	200020ec <st_run_elog>
200034b0:	f7fe fe60 	bl	20002174 <st_run_link_spi>
200034b4:	f7ff fec4 	bl	20003240 <st_run_link_uart>
200034b8:	4641      	mov	r1, r8
200034ba:	4648      	mov	r0, r9
200034bc:	f7fe fb44 	bl	20001b48 <st_run_switch>
200034c0:	2600      	movs	r6, #0
200034c2:	e00d      	b.n	200034e0 <ota_run_selftest+0x228>
200034c4:	2102      	movs	r1, #2
200034c6:	e788      	b.n	200033da <ota_run_selftest+0x122>
200034c8:	4b72      	ldr	r3, [pc, #456]	@ (20003694 <ota_run_selftest+0x3dc>)
200034ca:	e7da      	b.n	20003482 <ota_run_selftest+0x1ca>
200034cc:	00b0      	lsls	r0, r6, #2
200034ce:	1980      	adds	r0, r0, r6
200034d0:	4b5d      	ldr	r3, [pc, #372]	@ (20003648 <ota_run_selftest+0x390>)
200034d2:	18c0      	adds	r0, r0, r3
200034d4:	4b58      	ldr	r3, [pc, #352]	@ (20003638 <ota_run_selftest+0x380>)
200034d6:	00f2      	lsls	r2, r6, #3
200034d8:	5cd1      	ldrb	r1, [r2, r3]
200034da:	f7fd fa68 	bl	200009ae <st_pin_restore>
200034de:	3601      	adds	r6, #1
200034e0:	4b52      	ldr	r3, [pc, #328]	@ (2000362c <ota_run_selftest+0x374>)
200034e2:	681b      	ldr	r3, [r3, #0]
200034e4:	42b3      	cmp	r3, r6
200034e6:	d8f1      	bhi.n	200034cc <ota_run_selftest+0x214>
200034e8:	2600      	movs	r6, #0
200034ea:	e008      	b.n	200034fe <ota_run_selftest+0x246>
200034ec:	ab0e      	add	r3, sp, #56	@ 0x38
200034ee:	5d98      	ldrb	r0, [r3, r6]
200034f0:	ab0c      	add	r3, sp, #48	@ 0x30
200034f2:	5d9a      	ldrb	r2, [r3, r6]
200034f4:	ab0d      	add	r3, sp, #52	@ 0x34
200034f6:	5d99      	ldrb	r1, [r3, r6]
200034f8:	f002 fa14 	bl	20005924 <gpio_set_pulls>
200034fc:	3601      	adds	r6, #1
200034fe:	2e01      	cmp	r6, #1
20003500:	d9f4      	bls.n	200034ec <ota_run_selftest+0x234>
20003502:	2600      	movs	r6, #0
20003504:	2700      	movs	r7, #0
20003506:	e000      	b.n	2000350a <ota_run_selftest+0x252>
20003508:	3601      	adds	r6, #1
2000350a:	4b48      	ldr	r3, [pc, #288]	@ (2000362c <ota_run_selftest+0x374>)
2000350c:	681b      	ldr	r3, [r3, #0]
2000350e:	42b3      	cmp	r3, r6
20003510:	d911      	bls.n	20003536 <ota_run_selftest+0x27e>
20003512:	00b0      	lsls	r0, r6, #2
20003514:	1980      	adds	r0, r0, r6
20003516:	4b4c      	ldr	r3, [pc, #304]	@ (20003648 <ota_run_selftest+0x390>)
20003518:	18c0      	adds	r0, r0, r3
2000351a:	4b47      	ldr	r3, [pc, #284]	@ (20003638 <ota_run_selftest+0x380>)
2000351c:	00f2      	lsls	r2, r6, #3
2000351e:	5cd1      	ldrb	r1, [r2, r3]
20003520:	f7fe f8e6 	bl	200016f0 <st_pin_matches>
20003524:	2800      	cmp	r0, #0
20003526:	d1ef      	bne.n	20003508 <ota_run_selftest+0x250>
20003528:	4b43      	ldr	r3, [pc, #268]	@ (20003638 <ota_run_selftest+0x380>)
2000352a:	00f2      	lsls	r2, r6, #3
2000352c:	5cd2      	ldrb	r2, [r2, r3]
2000352e:	2301      	movs	r3, #1
20003530:	4093      	lsls	r3, r2
20003532:	431f      	orrs	r7, r3
20003534:	e7e8      	b.n	20003508 <ota_run_selftest+0x250>
20003536:	2008      	movs	r0, #8
20003538:	f002 fa75 	bl	20005a26 <gpio_init>
2000353c:	23d0      	movs	r3, #208	@ 0xd0
2000353e:	061b      	lsls	r3, r3, #24
20003540:	2280      	movs	r2, #128	@ 0x80
20003542:	0052      	lsls	r2, r2, #1
20003544:	625a      	str	r2, [r3, #36]	@ 0x24
20003546:	2d00      	cmp	r5, #0
20003548:	d05e      	beq.n	20003608 <ota_run_selftest+0x350>
2000354a:	615a      	str	r2, [r3, #20]
2000354c:	2009      	movs	r0, #9
2000354e:	f002 fa6a 	bl	20005a26 <gpio_init>
20003552:	23d0      	movs	r3, #208	@ 0xd0
20003554:	061b      	lsls	r3, r3, #24
20003556:	2280      	movs	r2, #128	@ 0x80
20003558:	0092      	lsls	r2, r2, #2
2000355a:	625a      	str	r2, [r3, #36]	@ 0x24
2000355c:	2c00      	cmp	r4, #0
2000355e:	d059      	beq.n	20003614 <ota_run_selftest+0x35c>
20003560:	615a      	str	r2, [r3, #20]
20003562:	200d      	movs	r0, #13
20003564:	f002 fa5f 	bl	20005a26 <gpio_init>
20003568:	24d0      	movs	r4, #208	@ 0xd0
2000356a:	0624      	lsls	r4, r4, #24
2000356c:	2380      	movs	r3, #128	@ 0x80
2000356e:	019b      	lsls	r3, r3, #6
20003570:	6263      	str	r3, [r4, #36]	@ 0x24
20003572:	6163      	str	r3, [r4, #20]
20003574:	200e      	movs	r0, #14
20003576:	f002 fa56 	bl	20005a26 <gpio_init>
2000357a:	2380      	movs	r3, #128	@ 0x80
2000357c:	01db      	lsls	r3, r3, #7
2000357e:	6263      	str	r3, [r4, #36]	@ 0x24
20003580:	61a3      	str	r3, [r4, #24]
20003582:	200f      	movs	r0, #15
20003584:	f002 fa4f 	bl	20005a26 <gpio_init>
20003588:	2380      	movs	r3, #128	@ 0x80
2000358a:	021b      	lsls	r3, r3, #8
2000358c:	62a3      	str	r3, [r4, #40]	@ 0x28
2000358e:	2200      	movs	r2, #0
20003590:	2101      	movs	r1, #1
20003592:	200f      	movs	r0, #15
20003594:	f002 f9c6 	bl	20005924 <gpio_set_pulls>
20003598:	4b24      	ldr	r3, [pc, #144]	@ (2000362c <ota_run_selftest+0x374>)
2000359a:	681b      	ldr	r3, [r3, #0]
2000359c:	2f00      	cmp	r7, #0
2000359e:	d03f      	beq.n	20003620 <ota_run_selftest+0x368>
200035a0:	493d      	ldr	r1, [pc, #244]	@ (20003698 <ota_run_selftest+0x3e0>)
200035a2:	4a3e      	ldr	r2, [pc, #248]	@ (2000369c <ota_run_selftest+0x3e4>)
200035a4:	ad0f      	add	r5, sp, #60	@ 0x3c
200035a6:	9100      	str	r1, [sp, #0]
200035a8:	212c      	movs	r1, #44	@ 0x2c
200035aa:	0028      	movs	r0, r5
200035ac:	f006 f84e 	bl	2000964c <__wrap_snprintf>
200035b0:	4b1e      	ldr	r3, [pc, #120]	@ (2000362c <ota_run_selftest+0x374>)
200035b2:	681b      	ldr	r3, [r3, #0]
200035b4:	0039      	movs	r1, r7
200035b6:	1e4a      	subs	r2, r1, #1
200035b8:	4191      	sbcs	r1, r2
200035ba:	b2c9      	uxtb	r1, r1
200035bc:	2400      	movs	r4, #0
200035be:	9401      	str	r4, [sp, #4]
200035c0:	9500      	str	r5, [sp, #0]
200035c2:	003a      	movs	r2, r7
200035c4:	2015      	movs	r0, #21
200035c6:	f7fe f8f3 	bl	200017b0 <st_send>
200035ca:	9401      	str	r4, [sp, #4]
200035cc:	4b34      	ldr	r3, [pc, #208]	@ (200036a0 <ota_run_selftest+0x3e8>)
200035ce:	9300      	str	r3, [sp, #0]
200035d0:	2300      	movs	r3, #0
200035d2:	2200      	movs	r2, #0
200035d4:	2105      	movs	r1, #5
200035d6:	2014      	movs	r0, #20
200035d8:	f7fe f8ea 	bl	200017b0 <st_send>
200035dc:	4b12      	ldr	r3, [pc, #72]	@ (20003628 <ota_run_selftest+0x370>)
200035de:	781b      	ldrb	r3, [r3, #0]
200035e0:	2b00      	cmp	r3, #0
200035e2:	d01f      	beq.n	20003624 <ota_run_selftest+0x36c>
200035e4:	2303      	movs	r3, #3
200035e6:	9301      	str	r3, [sp, #4]
200035e8:	4b2e      	ldr	r3, [pc, #184]	@ (200036a4 <ota_run_selftest+0x3ec>)
200035ea:	9300      	str	r3, [sp, #0]
200035ec:	2300      	movs	r3, #0
200035ee:	2200      	movs	r2, #0
200035f0:	2104      	movs	r1, #4
200035f2:	2000      	movs	r0, #0
200035f4:	f7fe f8dc 	bl	200017b0 <st_send>
200035f8:	482b      	ldr	r0, [pc, #172]	@ (200036a8 <ota_run_selftest+0x3f0>)
200035fa:	f006 fa0e 	bl	20009a1a <__wrap_puts>
200035fe:	b01b      	add	sp, #108	@ 0x6c
20003600:	bcc0      	pop	{r6, r7}
20003602:	46b9      	mov	r9, r7
20003604:	46b0      	mov	r8, r6
20003606:	bdf0      	pop	{r4, r5, r6, r7, pc}
20003608:	23d0      	movs	r3, #208	@ 0xd0
2000360a:	061b      	lsls	r3, r3, #24
2000360c:	2280      	movs	r2, #128	@ 0x80
2000360e:	0052      	lsls	r2, r2, #1
20003610:	619a      	str	r2, [r3, #24]
20003612:	e79b      	b.n	2000354c <ota_run_selftest+0x294>
20003614:	23d0      	movs	r3, #208	@ 0xd0
20003616:	061b      	lsls	r3, r3, #24
20003618:	2280      	movs	r2, #128	@ 0x80
2000361a:	0092      	lsls	r2, r2, #2
2000361c:	619a      	str	r2, [r3, #24]
2000361e:	e7a0      	b.n	20003562 <ota_run_selftest+0x2aa>
20003620:	4922      	ldr	r1, [pc, #136]	@ (200036ac <ota_run_selftest+0x3f4>)
20003622:	e7be      	b.n	200035a2 <ota_run_selftest+0x2ea>
20003624:	2301      	movs	r3, #1
20003626:	e7de      	b.n	200035e6 <ota_run_selftest+0x32e>
20003628:	20020eb5 	.word	0x20020eb5
2000362c:	20020d1c 	.word	0x20020d1c
20003630:	00001514 	.word	0x00001514
20003634:	4001c000 	.word	0x4001c000
20003638:	20020d68 	.word	0x20020d68
2000363c:	2000d5ac 	.word	0x2000d5ac
20003640:	20020eaa 	.word	0x20020eaa
20003644:	2000d58c 	.word	0x2000d58c
20003648:	20020d20 	.word	0x20020d20
2000364c:	20020eac 	.word	0x20020eac
20003650:	2000bc18 	.word	0x2000bc18
20003654:	2000c9a0 	.word	0x2000c9a0
20003658:	2000bc4c 	.word	0x2000bc4c
2000365c:	2000bc54 	.word	0x2000bc54
20003660:	2000d9a4 	.word	0x2000d9a4
20003664:	2000bc58 	.word	0x2000bc58
20003668:	2000d9a0 	.word	0x2000d9a0
2000366c:	2000bc68 	.word	0x2000bc68
20003670:	00002ee0 	.word	0x00002ee0
20003674:	2000bc70 	.word	0x2000bc70
20003678:	2000bc78 	.word	0x2000bc78
2000367c:	2000bc84 	.word	0x2000bc84
20003680:	0000bb80 	.word	0x0000bb80
20003684:	2000bc8c 	.word	0x2000bc8c
20003688:	2000bc94 	.word	0x2000bc94
2000368c:	2000bbe0 	.word	0x2000bbe0
20003690:	2000b70c 	.word	0x2000b70c
20003694:	2000bbe8 	.word	0x2000bbe8
20003698:	2000bbf8 	.word	0x2000bbf8
2000369c:	2000b6cc 	.word	0x2000b6cc
200036a0:	2000bc9c 	.word	0x2000bc9c
200036a4:	2000b3e4 	.word	0x2000b3e4
200036a8:	2000bcac 	.word	0x2000bcac
200036ac:	2000bc08 	.word	0x2000bc08

200036b0 <bench_uart_reclock>:
200036b0:	b510      	push	{r4, lr}
200036b2:	4905      	ldr	r1, [pc, #20]	@ (200036c8 <bench_uart_reclock+0x18>)
200036b4:	4805      	ldr	r0, [pc, #20]	@ (200036cc <bench_uart_reclock+0x1c>)
200036b6:	f003 fab7 	bl	20006c28 <uart_set_baudrate>
200036ba:	21e1      	movs	r1, #225	@ 0xe1
200036bc:	0309      	lsls	r1, r1, #12
200036be:	4804      	ldr	r0, [pc, #16]	@ (200036d0 <bench_uart_reclock+0x20>)
200036c0:	f003 fab2 	bl	20006c28 <uart_set_baudrate>
200036c4:	bd10      	pop	{r4, pc}
200036c6:	46c0      	nop			@ (mov r8, r8)
200036c8:	00012480 	.word	0x00012480
200036cc:	40034000 	.word	0x40034000
200036d0:	40038000 	.word	0x40038000

200036d4 <bench_peri_to_sys>:
200036d4:	b510      	push	{r4, lr}
200036d6:	2005      	movs	r0, #5
200036d8:	f003 fbb6 	bl	20006e48 <clock_get_hz>
200036dc:	0004      	movs	r4, r0
200036de:	f7fc fecb 	bl	20000478 <bench_uart_drain>
200036e2:	0023      	movs	r3, r4
200036e4:	2200      	movs	r2, #0
200036e6:	2100      	movs	r1, #0
200036e8:	2006      	movs	r0, #6
200036ea:	f003 fba3 	bl	20006e34 <clock_configure_undivided>
200036ee:	f7ff ffdf 	bl	200036b0 <bench_uart_reclock>
200036f2:	bd10      	pop	{r4, pc}

200036f4 <bench_go_safe>:
200036f4:	b510      	push	{r4, lr}
200036f6:	f7ff ffed 	bl	200036d4 <bench_peri_to_sys>
200036fa:	4902      	ldr	r1, [pc, #8]	@ (20003704 <bench_go_safe+0x10>)
200036fc:	4802      	ldr	r0, [pc, #8]	@ (20003708 <bench_go_safe+0x14>)
200036fe:	f006 fdb3 	bl	2000a268 <spi_set_baudrate>
20003702:	bd10      	pop	{r4, pc}
20003704:	004c4b40 	.word	0x004c4b40
20003708:	40040000 	.word	0x40040000

2000370c <bench_apply_rate>:
2000370c:	b510      	push	{r4, lr}
2000370e:	b082      	sub	sp, #8
20003710:	0004      	movs	r4, r0
20003712:	7a43      	ldrb	r3, [r0, #9]
20003714:	2b00      	cmp	r3, #0
20003716:	d10b      	bne.n	20003730 <bench_apply_rate+0x24>
20003718:	f7fc feae 	bl	20000478 <bench_uart_drain>
2000371c:	7a22      	ldrb	r2, [r4, #8]
2000371e:	6863      	ldr	r3, [r4, #4]
20003720:	2100      	movs	r1, #0
20003722:	2006      	movs	r0, #6
20003724:	f003 fb86 	bl	20006e34 <clock_configure_undivided>
20003728:	f7ff ffc2 	bl	200036b0 <bench_uart_reclock>
2000372c:	b002      	add	sp, #8
2000372e:	bd10      	pop	{r4, pc}
20003730:	f7ff ffd0 	bl	200036d4 <bench_peri_to_sys>
20003734:	7a63      	ldrb	r3, [r4, #9]
20003736:	4a05      	ldr	r2, [pc, #20]	@ (2000374c <bench_apply_rate+0x40>)
20003738:	435a      	muls	r2, r3
2000373a:	7aa3      	ldrb	r3, [r4, #10]
2000373c:	7ae1      	ldrb	r1, [r4, #11]
2000373e:	9100      	str	r1, [sp, #0]
20003740:	2101      	movs	r1, #1
20003742:	4803      	ldr	r0, [pc, #12]	@ (20003750 <bench_apply_rate+0x44>)
20003744:	f003 fc2c 	bl	20006fa0 <pll_init>
20003748:	e7e6      	b.n	20003718 <bench_apply_rate+0xc>
2000374a:	46c0      	nop			@ (mov r8, r8)
2000374c:	00b71b00 	.word	0x00b71b00
20003750:	4002c000 	.word	0x4002c000

20003754 <bench_run_step>:
20003754:	b5f0      	push	{r4, r5, r6, r7, lr}
20003756:	46d6      	mov	lr, sl
20003758:	464f      	mov	r7, r9
2000375a:	4646      	mov	r6, r8
2000375c:	b5c0      	push	{r6, r7, lr}
2000375e:	b082      	sub	sp, #8
20003760:	4682      	mov	sl, r0
20003762:	000c      	movs	r4, r1
20003764:	4691      	mov	r9, r2
20003766:	001e      	movs	r6, r3
20003768:	4b80      	ldr	r3, [pc, #512]	@ (2000396c <bench_run_step+0x218>)
2000376a:	781b      	ldrb	r3, [r3, #0]
2000376c:	2b01      	cmp	r3, #1
2000376e:	d025      	beq.n	200037bc <bench_run_step+0x68>
20003770:	2240      	movs	r2, #64	@ 0x40
20003772:	2100      	movs	r1, #0
20003774:	0030      	movs	r0, r6
20003776:	f004 fe63 	bl	20008440 <__wrap_memset>
2000377a:	6823      	ldr	r3, [r4, #0]
2000377c:	6073      	str	r3, [r6, #4]
2000377e:	6863      	ldr	r3, [r4, #4]
20003780:	6273      	str	r3, [r6, #36]	@ 0x24
20003782:	7a62      	ldrb	r2, [r4, #9]
20003784:	2338      	movs	r3, #56	@ 0x38
20003786:	54f2      	strb	r2, [r6, r3]
20003788:	7aa2      	ldrb	r2, [r4, #10]
2000378a:	3301      	adds	r3, #1
2000378c:	54f2      	strb	r2, [r6, r3]
2000378e:	7ae2      	ldrb	r2, [r4, #11]
20003790:	3301      	adds	r3, #1
20003792:	54f2      	strb	r2, [r6, r3]
20003794:	7a22      	ldrb	r2, [r4, #8]
20003796:	3301      	adds	r3, #1
20003798:	54f2      	strb	r2, [r6, r3]
2000379a:	3b3c      	subs	r3, #60	@ 0x3c
2000379c:	8533      	strh	r3, [r6, #40]	@ 0x28
2000379e:	0020      	movs	r0, r4
200037a0:	f7ff ffb4 	bl	2000370c <bench_apply_rate>
200037a4:	6821      	ldr	r1, [r4, #0]
200037a6:	4872      	ldr	r0, [pc, #456]	@ (20003970 <bench_run_step+0x21c>)
200037a8:	f006 fd5e 	bl	2000a268 <spi_set_baudrate>
200037ac:	6030      	str	r0, [r6, #0]
200037ae:	20ff      	movs	r0, #255	@ 0xff
200037b0:	f7fd fab4 	bl	20000d1c <bench_build_pattern_frame>
200037b4:	2500      	movs	r5, #0
200037b6:	2300      	movs	r3, #0
200037b8:	4698      	mov	r8, r3
200037ba:	e00e      	b.n	200037da <bench_run_step+0x86>
200037bc:	6808      	ldr	r0, [r1, #0]
200037be:	0032      	movs	r2, r6
200037c0:	4649      	mov	r1, r9
200037c2:	f7ff fc11 	bl	20002fe8 <uart_run_step>
200037c6:	e0c8      	b.n	2000395a <bench_run_step+0x206>
200037c8:	2300      	movs	r3, #0
200037ca:	4698      	mov	r8, r3
200037cc:	e004      	b.n	200037d8 <bench_run_step+0x84>
200037ce:	2300      	movs	r3, #0
200037d0:	4698      	mov	r8, r3
200037d2:	e001      	b.n	200037d8 <bench_run_step+0x84>
200037d4:	2300      	movs	r3, #0
200037d6:	4698      	mov	r8, r3
200037d8:	3501      	adds	r5, #1
200037da:	2d3f      	cmp	r5, #63	@ 0x3f
200037dc:	dc22      	bgt.n	20003824 <bench_run_step+0xd0>
200037de:	4643      	mov	r3, r8
200037e0:	2b07      	cmp	r3, #7
200037e2:	dc1f      	bgt.n	20003824 <bench_run_step+0xd0>
200037e4:	f003 fc7c 	bl	200070e0 <watchdog_update>
200037e8:	f7fd fb38 	bl	20000e5c <bench_next_tx_frame>
200037ec:	4c61      	ldr	r4, [pc, #388]	@ (20003974 <bench_run_step+0x220>)
200037ee:	2780      	movs	r7, #128	@ 0x80
200037f0:	007f      	lsls	r7, r7, #1
200037f2:	003a      	movs	r2, r7
200037f4:	2100      	movs	r1, #0
200037f6:	0020      	movs	r0, r4
200037f8:	f004 fe22 	bl	20008440 <__wrap_memset>
200037fc:	485e      	ldr	r0, [pc, #376]	@ (20003978 <bench_run_step+0x224>)
200037fe:	003a      	movs	r2, r7
20003800:	0021      	movs	r1, r4
20003802:	f7fd fc27 	bl	20001054 <my_spi_to_esp_xfer_blocking>
20003806:	2800      	cmp	r0, #0
20003808:	dbde      	blt.n	200037c8 <bench_run_step+0x74>
2000380a:	485a      	ldr	r0, [pc, #360]	@ (20003974 <bench_run_step+0x220>)
2000380c:	f7fd fc56 	bl	200010bc <spi_find_frame>
20003810:	2800      	cmp	r0, #0
20003812:	d0dc      	beq.n	200037ce <bench_run_step+0x7a>
20003814:	f7fc fe68 	bl	200004e8 <bench_frame_is_ours>
20003818:	2800      	cmp	r0, #0
2000381a:	d0db      	beq.n	200037d4 <bench_run_step+0x80>
2000381c:	2301      	movs	r3, #1
2000381e:	469c      	mov	ip, r3
20003820:	44e0      	add	r8, ip
20003822:	e7d9      	b.n	200037d8 <bench_run_step+0x84>
20003824:	4650      	mov	r0, sl
20003826:	f7fd fa79 	bl	20000d1c <bench_build_pattern_frame>
2000382a:	f003 f993 	bl	20006b54 <time_us_64>
2000382e:	9000      	str	r0, [sp, #0]
20003830:	9101      	str	r1, [sp, #4]
20003832:	22fa      	movs	r2, #250	@ 0xfa
20003834:	0092      	lsls	r2, r2, #2
20003836:	2300      	movs	r3, #0
20003838:	4648      	mov	r0, r9
2000383a:	2100      	movs	r1, #0
2000383c:	f004 fcc8 	bl	200081d0 <__wrap___aeabi_lmul>
20003840:	9c00      	ldr	r4, [sp, #0]
20003842:	9d01      	ldr	r5, [sp, #4]
20003844:	1824      	adds	r4, r4, r0
20003846:	414d      	adcs	r5, r1
20003848:	e002      	b.n	20003850 <bench_run_step+0xfc>
2000384a:	6973      	ldr	r3, [r6, #20]
2000384c:	3301      	adds	r3, #1
2000384e:	6173      	str	r3, [r6, #20]
20003850:	f003 f980 	bl	20006b54 <time_us_64>
20003854:	428d      	cmp	r5, r1
20003856:	d96e      	bls.n	20003936 <bench_run_step+0x1e2>
20003858:	f003 fc42 	bl	200070e0 <watchdog_update>
2000385c:	f7fd fafe 	bl	20000e5c <bench_next_tx_frame>
20003860:	4f44      	ldr	r7, [pc, #272]	@ (20003974 <bench_run_step+0x220>)
20003862:	2380      	movs	r3, #128	@ 0x80
20003864:	005b      	lsls	r3, r3, #1
20003866:	4698      	mov	r8, r3
20003868:	001a      	movs	r2, r3
2000386a:	2100      	movs	r1, #0
2000386c:	0038      	movs	r0, r7
2000386e:	f004 fde7 	bl	20008440 <__wrap_memset>
20003872:	4841      	ldr	r0, [pc, #260]	@ (20003978 <bench_run_step+0x224>)
20003874:	4642      	mov	r2, r8
20003876:	0039      	movs	r1, r7
20003878:	f7fd fbec 	bl	20001054 <my_spi_to_esp_xfer_blocking>
2000387c:	2800      	cmp	r0, #0
2000387e:	dbe4      	blt.n	2000384a <bench_run_step+0xf6>
20003880:	68b3      	ldr	r3, [r6, #8]
20003882:	3301      	adds	r3, #1
20003884:	60b3      	str	r3, [r6, #8]
20003886:	483b      	ldr	r0, [pc, #236]	@ (20003974 <bench_run_step+0x220>)
20003888:	f7fd fc18 	bl	200010bc <spi_find_frame>
2000388c:	1e07      	subs	r7, r0, #0
2000388e:	d039      	beq.n	20003904 <bench_run_step+0x1b0>
20003890:	4b38      	ldr	r3, [pc, #224]	@ (20003974 <bench_run_step+0x220>)
20003892:	1ac3      	subs	r3, r0, r3
20003894:	b29b      	uxth	r3, r3
20003896:	8d32      	ldrh	r2, [r6, #40]	@ 0x28
20003898:	429a      	cmp	r2, r3
2000389a:	d900      	bls.n	2000389e <bench_run_step+0x14a>
2000389c:	8533      	strh	r3, [r6, #40]	@ 0x28
2000389e:	8d72      	ldrh	r2, [r6, #42]	@ 0x2a
200038a0:	429a      	cmp	r2, r3
200038a2:	d200      	bcs.n	200038a6 <bench_run_step+0x152>
200038a4:	8573      	strh	r3, [r6, #42]	@ 0x2a
200038a6:	0038      	movs	r0, r7
200038a8:	f7fc fe1e 	bl	200004e8 <bench_frame_is_ours>
200038ac:	2800      	cmp	r0, #0
200038ae:	d02d      	beq.n	2000390c <bench_run_step+0x1b8>
200038b0:	0038      	movs	r0, r7
200038b2:	3008      	adds	r0, #8
200038b4:	f7fc fdbe 	bl	20000434 <spi_get_u32>
200038b8:	4681      	mov	r9, r0
200038ba:	0039      	movs	r1, r7
200038bc:	3114      	adds	r1, #20
200038be:	2001      	movs	r0, #1
200038c0:	22cc      	movs	r2, #204	@ 0xcc
200038c2:	4240      	negs	r0, r0
200038c4:	f7fc fd6a 	bl	2000039c <crc32_update>
200038c8:	2210      	movs	r2, #16
200038ca:	0039      	movs	r1, r7
200038cc:	f7fc fd66 	bl	2000039c <crc32_update>
200038d0:	43c3      	mvns	r3, r0
200038d2:	4698      	mov	r8, r3
200038d4:	0038      	movs	r0, r7
200038d6:	3010      	adds	r0, #16
200038d8:	f7fc fdac 	bl	20000434 <spi_get_u32>
200038dc:	4643      	mov	r3, r8
200038de:	1ac3      	subs	r3, r0, r3
200038e0:	425a      	negs	r2, r3
200038e2:	4153      	adcs	r3, r2
200038e4:	b2db      	uxtb	r3, r3
200038e6:	4540      	cmp	r0, r8
200038e8:	d01b      	beq.n	20003922 <bench_run_step+0x1ce>
200038ea:	4a24      	ldr	r2, [pc, #144]	@ (2000397c <bench_run_step+0x228>)
200038ec:	6812      	ldr	r2, [r2, #0]
200038ee:	4649      	mov	r1, r9
200038f0:	454a      	cmp	r2, r9
200038f2:	d201      	bcs.n	200038f8 <bench_run_step+0x1a4>
200038f4:	4a21      	ldr	r2, [pc, #132]	@ (2000397c <bench_run_step+0x228>)
200038f6:	6011      	str	r1, [r2, #0]
200038f8:	2b00      	cmp	r3, #0
200038fa:	d018      	beq.n	2000392e <bench_run_step+0x1da>
200038fc:	68f3      	ldr	r3, [r6, #12]
200038fe:	3301      	adds	r3, #1
20003900:	60f3      	str	r3, [r6, #12]
20003902:	e7a5      	b.n	20003850 <bench_run_step+0xfc>
20003904:	6933      	ldr	r3, [r6, #16]
20003906:	3301      	adds	r3, #1
20003908:	6133      	str	r3, [r6, #16]
2000390a:	e7a1      	b.n	20003850 <bench_run_step+0xfc>
2000390c:	6a33      	ldr	r3, [r6, #32]
2000390e:	3301      	adds	r3, #1
20003910:	6233      	str	r3, [r6, #32]
20003912:	797b      	ldrb	r3, [r7, #5]
20003914:	2b01      	cmp	r3, #1
20003916:	d19b      	bne.n	20003850 <bench_run_step+0xfc>
20003918:	331f      	adds	r3, #31
2000391a:	5cfa      	ldrb	r2, [r7, r3]
2000391c:	4b18      	ldr	r3, [pc, #96]	@ (20003980 <bench_run_step+0x22c>)
2000391e:	701a      	strb	r2, [r3, #0]
20003920:	e796      	b.n	20003850 <bench_run_step+0xfc>
20003922:	4a16      	ldr	r2, [pc, #88]	@ (2000397c <bench_run_step+0x228>)
20003924:	6812      	ldr	r2, [r2, #0]
20003926:	454a      	cmp	r2, r9
20003928:	d3df      	bcc.n	200038ea <bench_run_step+0x196>
2000392a:	2300      	movs	r3, #0
2000392c:	e7dd      	b.n	200038ea <bench_run_step+0x196>
2000392e:	6933      	ldr	r3, [r6, #16]
20003930:	3301      	adds	r3, #1
20003932:	6133      	str	r3, [r6, #16]
20003934:	e78c      	b.n	20003850 <bench_run_step+0xfc>
20003936:	428d      	cmp	r5, r1
20003938:	d101      	bne.n	2000393e <bench_run_step+0x1ea>
2000393a:	4284      	cmp	r4, r0
2000393c:	d88c      	bhi.n	20003858 <bench_run_step+0x104>
2000393e:	f003 f909 	bl	20006b54 <time_us_64>
20003942:	9b00      	ldr	r3, [sp, #0]
20003944:	9c01      	ldr	r4, [sp, #4]
20003946:	1ac0      	subs	r0, r0, r3
20003948:	41a1      	sbcs	r1, r4
2000394a:	61b0      	str	r0, [r6, #24]
2000394c:	61f1      	str	r1, [r6, #28]
2000394e:	8d32      	ldrh	r2, [r6, #40]	@ 0x28
20003950:	4b0c      	ldr	r3, [pc, #48]	@ (20003984 <bench_run_step+0x230>)
20003952:	429a      	cmp	r2, r3
20003954:	d007      	beq.n	20003966 <bench_run_step+0x212>
20003956:	f7ff fecd 	bl	200036f4 <bench_go_safe>
2000395a:	b002      	add	sp, #8
2000395c:	bce0      	pop	{r5, r6, r7}
2000395e:	46ba      	mov	sl, r7
20003960:	46b1      	mov	r9, r6
20003962:	46a8      	mov	r8, r5
20003964:	bdf0      	pop	{r4, r5, r6, r7, pc}
20003966:	2300      	movs	r3, #0
20003968:	8533      	strh	r3, [r6, #40]	@ 0x28
2000396a:	e7f4      	b.n	20003956 <bench_run_step+0x202>
2000396c:	20020e98 	.word	0x20020e98
20003970:	40040000 	.word	0x40040000
20003974:	20020b10 	.word	0x20020b10
20003978:	20020c10 	.word	0x20020c10
2000397c:	2000e5d8 	.word	0x2000e5d8
20003980:	20020e97 	.word	0x20020e97
20003984:	0000ffff 	.word	0x0000ffff

20003988 <bench_measure>:
20003988:	b5f0      	push	{r4, r5, r6, r7, lr}
2000398a:	46ce      	mov	lr, r9
2000398c:	4647      	mov	r7, r8
2000398e:	b580      	push	{r7, lr}
20003990:	b083      	sub	sp, #12
20003992:	468c      	mov	ip, r1
20003994:	4690      	mov	r8, r2
20003996:	4699      	mov	r9, r3
20003998:	4b24      	ldr	r3, [pc, #144]	@ (20003a2c <bench_measure+0xa4>)
2000399a:	781c      	ldrb	r4, [r3, #0]
2000399c:	2c27      	cmp	r4, #39	@ 0x27
2000399e:	d842      	bhi.n	20003a26 <bench_measure+0x9e>
200039a0:	001d      	movs	r5, r3
200039a2:	1c63      	adds	r3, r4, #1
200039a4:	702b      	strb	r3, [r5, #0]
200039a6:	4922      	ldr	r1, [pc, #136]	@ (20003a30 <bench_measure+0xa8>)
200039a8:	0063      	lsls	r3, r4, #1
200039aa:	191b      	adds	r3, r3, r4
200039ac:	009b      	lsls	r3, r3, #2
200039ae:	18c9      	adds	r1, r1, r3
200039b0:	0003      	movs	r3, r0
200039b2:	cbc4      	ldmia	r3!, {r2, r6, r7}
200039b4:	c1c4      	stmia	r1!, {r2, r6, r7}
200039b6:	4b1f      	ldr	r3, [pc, #124]	@ (20003a34 <bench_measure+0xac>)
200039b8:	2200      	movs	r2, #0
200039ba:	551a      	strb	r2, [r3, r4]
200039bc:	9b0a      	ldr	r3, [sp, #40]	@ 0x28
200039be:	4662      	mov	r2, ip
200039c0:	0001      	movs	r1, r0
200039c2:	0020      	movs	r0, r4
200039c4:	f7ff fec6 	bl	20003754 <bench_run_step>
200039c8:	7829      	ldrb	r1, [r5, #0]
200039ca:	980a      	ldr	r0, [sp, #40]	@ 0x28
200039cc:	9000      	str	r0, [sp, #0]
200039ce:	4643      	mov	r3, r8
200039d0:	2200      	movs	r2, #0
200039d2:	0020      	movs	r0, r4
200039d4:	f7fe fda6 	bl	20002524 <bench_send_result>
200039d8:	1e05      	subs	r5, r0, #0
200039da:	db13      	blt.n	20003a04 <bench_measure+0x7c>
200039dc:	2801      	cmp	r0, #1
200039de:	d019      	beq.n	20003a14 <bench_measure+0x8c>
200039e0:	2600      	movs	r6, #0
200039e2:	2301      	movs	r3, #1
200039e4:	4033      	ands	r3, r6
200039e6:	4a13      	ldr	r2, [pc, #76]	@ (20003a34 <bench_measure+0xac>)
200039e8:	5513      	strb	r3, [r2, r4]
200039ea:	9300      	str	r3, [sp, #0]
200039ec:	002b      	movs	r3, r5
200039ee:	9a0a      	ldr	r2, [sp, #40]	@ 0x28
200039f0:	0021      	movs	r1, r4
200039f2:	4648      	mov	r0, r9
200039f4:	f7fc ff38 	bl	20000868 <bench_log_step>
200039f8:	0030      	movs	r0, r6
200039fa:	b003      	add	sp, #12
200039fc:	bcc0      	pop	{r6, r7}
200039fe:	46b9      	mov	r9, r7
20003a00:	46b0      	mov	r8, r6
20003a02:	bdf0      	pop	{r4, r5, r6, r7, pc}
20003a04:	480c      	ldr	r0, [pc, #48]	@ (20003a38 <bench_measure+0xb0>)
20003a06:	0022      	movs	r2, r4
20003a08:	4649      	mov	r1, r9
20003a0a:	f006 f835 	bl	20009a78 <__wrap_printf>
20003a0e:	2601      	movs	r6, #1
20003a10:	4276      	negs	r6, r6
20003a12:	e7f1      	b.n	200039f8 <bench_measure+0x70>
20003a14:	980a      	ldr	r0, [sp, #40]	@ 0x28
20003a16:	f7fc fddd 	bl	200005d4 <bench_rp_clean>
20003a1a:	2800      	cmp	r0, #0
20003a1c:	d001      	beq.n	20003a22 <bench_measure+0x9a>
20003a1e:	002e      	movs	r6, r5
20003a20:	e7df      	b.n	200039e2 <bench_measure+0x5a>
20003a22:	2600      	movs	r6, #0
20003a24:	e7dd      	b.n	200039e2 <bench_measure+0x5a>
20003a26:	2601      	movs	r6, #1
20003a28:	4276      	negs	r6, r6
20003a2a:	e7e5      	b.n	200039f8 <bench_measure+0x70>
20003a2c:	20020e93 	.word	0x20020e93
20003a30:	2000e3d0 	.word	0x2000e3d0
20003a34:	2000e5b0 	.word	0x2000e5b0
20003a38:	2000bcd0 	.word	0x2000bcd0

20003a3c <bench_run_soak>:
20003a3c:	b5f0      	push	{r4, r5, r6, r7, lr}
20003a3e:	46de      	mov	lr, fp
20003a40:	4657      	mov	r7, sl
20003a42:	464e      	mov	r6, r9
20003a44:	4645      	mov	r5, r8
20003a46:	b5e0      	push	{r5, r6, r7, lr}
20003a48:	b097      	sub	sp, #92	@ 0x5c
20003a4a:	4683      	mov	fp, r0
20003a4c:	468a      	mov	sl, r1
20003a4e:	0016      	movs	r6, r2
20003a50:	001d      	movs	r5, r3
20003a52:	2240      	movs	r2, #64	@ 0x40
20003a54:	2100      	movs	r1, #0
20003a56:	0018      	movs	r0, r3
20003a58:	f004 fcf2 	bl	20008440 <__wrap_memset>
20003a5c:	2301      	movs	r3, #1
20003a5e:	425b      	negs	r3, r3
20003a60:	852b      	strh	r3, [r5, #40]	@ 0x28
20003a62:	4653      	mov	r3, sl
20003a64:	681b      	ldr	r3, [r3, #0]
20003a66:	602b      	str	r3, [r5, #0]
20003a68:	606b      	str	r3, [r5, #4]
20003a6a:	4653      	mov	r3, sl
20003a6c:	685b      	ldr	r3, [r3, #4]
20003a6e:	626b      	str	r3, [r5, #36]	@ 0x24
20003a70:	4653      	mov	r3, sl
20003a72:	7a5a      	ldrb	r2, [r3, #9]
20003a74:	2338      	movs	r3, #56	@ 0x38
20003a76:	54ea      	strb	r2, [r5, r3]
20003a78:	4653      	mov	r3, sl
20003a7a:	7a9a      	ldrb	r2, [r3, #10]
20003a7c:	2339      	movs	r3, #57	@ 0x39
20003a7e:	54ea      	strb	r2, [r5, r3]
20003a80:	4653      	mov	r3, sl
20003a82:	7ada      	ldrb	r2, [r3, #11]
20003a84:	233a      	movs	r3, #58	@ 0x3a
20003a86:	54ea      	strb	r2, [r5, r3]
20003a88:	4653      	mov	r3, sl
20003a8a:	7a1a      	ldrb	r2, [r3, #8]
20003a8c:	233b      	movs	r3, #59	@ 0x3b
20003a8e:	54ea      	strb	r2, [r5, r3]
20003a90:	4b47      	ldr	r3, [pc, #284]	@ (20003bb0 <bench_run_soak+0x174>)
20003a92:	7819      	ldrb	r1, [r3, #0]
20003a94:	9500      	str	r5, [sp, #0]
20003a96:	2302      	movs	r3, #2
20003a98:	220c      	movs	r2, #12
20003a9a:	4658      	mov	r0, fp
20003a9c:	f7fe fd42 	bl	20002524 <bench_send_result>
20003aa0:	2800      	cmp	r0, #0
20003aa2:	db0a      	blt.n	20003aba <bench_run_soak+0x7e>
20003aa4:	4653      	mov	r3, sl
20003aa6:	6819      	ldr	r1, [r3, #0]
20003aa8:	4842      	ldr	r0, [pc, #264]	@ (20003bb4 <bench_run_soak+0x178>)
20003aaa:	0032      	movs	r2, r6
20003aac:	f005 ffe4 	bl	20009a78 <__wrap_printf>
20003ab0:	2300      	movs	r3, #0
20003ab2:	9305      	str	r3, [sp, #20]
20003ab4:	4698      	mov	r8, r3
20003ab6:	2400      	movs	r4, #0
20003ab8:	e026      	b.n	20003b08 <bench_run_soak+0xcc>
20003aba:	483f      	ldr	r0, [pc, #252]	@ (20003bb8 <bench_run_soak+0x17c>)
20003abc:	f005 ffad 	bl	20009a1a <__wrap_puts>
20003ac0:	2000      	movs	r0, #0
20003ac2:	b017      	add	sp, #92	@ 0x5c
20003ac4:	bcf0      	pop	{r4, r5, r6, r7}
20003ac6:	46bb      	mov	fp, r7
20003ac8:	46b2      	mov	sl, r6
20003aca:	46a9      	mov	r9, r5
20003acc:	46a0      	mov	r8, r4
20003ace:	bdf0      	pop	{r4, r5, r6, r7, pc}
20003ad0:	2204      	movs	r2, #4
20003ad2:	e035      	b.n	20003b40 <bench_run_soak+0x104>
20003ad4:	68ab      	ldr	r3, [r5, #8]
20003ad6:	4699      	mov	r9, r3
20003ad8:	692a      	ldr	r2, [r5, #16]
20003ada:	6a29      	ldr	r1, [r5, #32]
20003adc:	6968      	ldr	r0, [r5, #20]
20003ade:	8d6b      	ldrh	r3, [r5, #42]	@ 0x2a
20003ae0:	9303      	str	r3, [sp, #12]
20003ae2:	9002      	str	r0, [sp, #8]
20003ae4:	9101      	str	r1, [sp, #4]
20003ae6:	9200      	str	r2, [sp, #0]
20003ae8:	464b      	mov	r3, r9
20003aea:	0032      	movs	r2, r6
20003aec:	0021      	movs	r1, r4
20003aee:	4833      	ldr	r0, [pc, #204]	@ (20003bbc <bench_run_soak+0x180>)
20003af0:	f005 ffc2 	bl	20009a78 <__wrap_printf>
20003af4:	42a6      	cmp	r6, r4
20003af6:	d932      	bls.n	20003b5e <bench_run_soak+0x122>
20003af8:	2f00      	cmp	r7, #0
20003afa:	db48      	blt.n	20003b8e <bench_run_soak+0x152>
20003afc:	2300      	movs	r3, #0
20003afe:	9305      	str	r3, [sp, #20]
20003b00:	f7fc fdda 	bl	200006b8 <bench_esp_gone>
20003b04:	2800      	cmp	r0, #0
20003b06:	d14c      	bne.n	20003ba2 <bench_run_soak+0x166>
20003b08:	42b4      	cmp	r4, r6
20003b0a:	d24f      	bcs.n	20003bac <bench_run_soak+0x170>
20003b0c:	1b37      	subs	r7, r6, r4
20003b0e:	23fa      	movs	r3, #250	@ 0xfa
20003b10:	00db      	lsls	r3, r3, #3
20003b12:	429f      	cmp	r7, r3
20003b14:	d900      	bls.n	20003b18 <bench_run_soak+0xdc>
20003b16:	001f      	movs	r7, r3
20003b18:	ab06      	add	r3, sp, #24
20003b1a:	4699      	mov	r9, r3
20003b1c:	003a      	movs	r2, r7
20003b1e:	4651      	mov	r1, sl
20003b20:	4658      	mov	r0, fp
20003b22:	f7ff fe17 	bl	20003754 <bench_run_step>
20003b26:	4649      	mov	r1, r9
20003b28:	0028      	movs	r0, r5
20003b2a:	f7fc fd7c 	bl	20000626 <bench_stat_add>
20003b2e:	19e4      	adds	r4, r4, r7
20003b30:	2301      	movs	r3, #1
20003b32:	469c      	mov	ip, r3
20003b34:	44e0      	add	r8, ip
20003b36:	4b1e      	ldr	r3, [pc, #120]	@ (20003bb0 <bench_run_soak+0x174>)
20003b38:	7819      	ldrb	r1, [r3, #0]
20003b3a:	42a6      	cmp	r6, r4
20003b3c:	d8c8      	bhi.n	20003ad0 <bench_run_soak+0x94>
20003b3e:	2200      	movs	r2, #0
20003b40:	9500      	str	r5, [sp, #0]
20003b42:	2302      	movs	r3, #2
20003b44:	4658      	mov	r0, fp
20003b46:	f7fe fced 	bl	20002524 <bench_send_result>
20003b4a:	0007      	movs	r7, r0
20003b4c:	210a      	movs	r1, #10
20003b4e:	4640      	mov	r0, r8
20003b50:	f003 fcc8 	bl	200074e4 <__wrap___aeabi_uidiv>
20003b54:	2900      	cmp	r1, #0
20003b56:	d0bd      	beq.n	20003ad4 <bench_run_soak+0x98>
20003b58:	42a6      	cmp	r6, r4
20003b5a:	d8cb      	bhi.n	20003af4 <bench_run_soak+0xb8>
20003b5c:	e7ba      	b.n	20003ad4 <bench_run_soak+0x98>
20003b5e:	46b9      	mov	r9, r7
20003b60:	2f00      	cmp	r7, #0
20003b62:	db07      	blt.n	20003b74 <bench_run_soak+0x138>
20003b64:	2f01      	cmp	r7, #1
20003b66:	d00a      	beq.n	20003b7e <bench_run_soak+0x142>
20003b68:	2300      	movs	r3, #0
20003b6a:	4699      	mov	r9, r3
20003b6c:	2001      	movs	r0, #1
20003b6e:	464b      	mov	r3, r9
20003b70:	4018      	ands	r0, r3
20003b72:	e7a6      	b.n	20003ac2 <bench_run_soak+0x86>
20003b74:	4812      	ldr	r0, [pc, #72]	@ (20003bc0 <bench_run_soak+0x184>)
20003b76:	f005 ff50 	bl	20009a1a <__wrap_puts>
20003b7a:	2000      	movs	r0, #0
20003b7c:	e7a1      	b.n	20003ac2 <bench_run_soak+0x86>
20003b7e:	0028      	movs	r0, r5
20003b80:	f7fc fd28 	bl	200005d4 <bench_rp_clean>
20003b84:	2800      	cmp	r0, #0
20003b86:	d1f1      	bne.n	20003b6c <bench_run_soak+0x130>
20003b88:	2300      	movs	r3, #0
20003b8a:	4699      	mov	r9, r3
20003b8c:	e7ee      	b.n	20003b6c <bench_run_soak+0x130>
20003b8e:	9b05      	ldr	r3, [sp, #20]
20003b90:	3301      	adds	r3, #1
20003b92:	9305      	str	r3, [sp, #20]
20003b94:	2b02      	cmp	r3, #2
20003b96:	ddb3      	ble.n	20003b00 <bench_run_soak+0xc4>
20003b98:	480a      	ldr	r0, [pc, #40]	@ (20003bc4 <bench_run_soak+0x188>)
20003b9a:	f005 ff3e 	bl	20009a1a <__wrap_puts>
20003b9e:	2000      	movs	r0, #0
20003ba0:	e78f      	b.n	20003ac2 <bench_run_soak+0x86>
20003ba2:	4809      	ldr	r0, [pc, #36]	@ (20003bc8 <bench_run_soak+0x18c>)
20003ba4:	f005 ff39 	bl	20009a1a <__wrap_puts>
20003ba8:	2000      	movs	r0, #0
20003baa:	e78a      	b.n	20003ac2 <bench_run_soak+0x86>
20003bac:	2000      	movs	r0, #0
20003bae:	e788      	b.n	20003ac2 <bench_run_soak+0x86>
20003bb0:	20020e93 	.word	0x20020e93
20003bb4:	2000bd48 	.word	0x2000bd48
20003bb8:	2000bd0c 	.word	0x2000bd0c
20003bbc:	2000bd90 	.word	0x2000bd90
20003bc0:	2000bdf0 	.word	0x2000bdf0
20003bc4:	2000be30 	.word	0x2000be30
20003bc8:	2000be78 	.word	0x2000be78

20003bcc <bench_restore_usb_pll>:
20003bcc:	b5f0      	push	{r4, r5, r6, r7, lr}
20003bce:	b083      	sub	sp, #12
20003bd0:	4b0f      	ldr	r3, [pc, #60]	@ (20003c10 <bench_restore_usb_pll+0x44>)
20003bd2:	681c      	ldr	r4, [r3, #0]
20003bd4:	2c00      	cmp	r4, #0
20003bd6:	d00b      	beq.n	20003bf0 <bench_restore_usb_pll+0x24>
20003bd8:	4b0e      	ldr	r3, [pc, #56]	@ (20003c14 <bench_restore_usb_pll+0x48>)
20003bda:	681d      	ldr	r5, [r3, #0]
20003bdc:	2d0f      	cmp	r5, #15
20003bde:	d907      	bls.n	20003bf0 <bench_restore_usb_pll+0x24>
20003be0:	4b0d      	ldr	r3, [pc, #52]	@ (20003c18 <bench_restore_usb_pll+0x4c>)
20003be2:	681e      	ldr	r6, [r3, #0]
20003be4:	2e00      	cmp	r6, #0
20003be6:	d003      	beq.n	20003bf0 <bench_restore_usb_pll+0x24>
20003be8:	4b0c      	ldr	r3, [pc, #48]	@ (20003c1c <bench_restore_usb_pll+0x50>)
20003bea:	681f      	ldr	r7, [r3, #0]
20003bec:	2f00      	cmp	r7, #0
20003bee:	d101      	bne.n	20003bf4 <bench_restore_usb_pll+0x28>
20003bf0:	b003      	add	sp, #12
20003bf2:	bdf0      	pop	{r4, r5, r6, r7, pc}
20003bf4:	0021      	movs	r1, r4
20003bf6:	480a      	ldr	r0, [pc, #40]	@ (20003c20 <bench_restore_usb_pll+0x54>)
20003bf8:	f003 fc74 	bl	200074e4 <__wrap___aeabi_uidiv>
20003bfc:	002a      	movs	r2, r5
20003bfe:	4342      	muls	r2, r0
20003c00:	9700      	str	r7, [sp, #0]
20003c02:	0033      	movs	r3, r6
20003c04:	0021      	movs	r1, r4
20003c06:	4807      	ldr	r0, [pc, #28]	@ (20003c24 <bench_restore_usb_pll+0x58>)
20003c08:	f003 f9ca 	bl	20006fa0 <pll_init>
20003c0c:	e7f0      	b.n	20003bf0 <bench_restore_usb_pll+0x24>
20003c0e:	46c0      	nop			@ (mov r8, r8)
20003c10:	2000e5f4 	.word	0x2000e5f4
20003c14:	2000e5e8 	.word	0x2000e5e8
20003c18:	2000e5ec 	.word	0x2000e5ec
20003c1c:	2000e5f0 	.word	0x2000e5f0
20003c20:	00b71b00 	.word	0x00b71b00
20003c24:	4002c000 	.word	0x4002c000

20003c28 <set_sys_clock_khz>:
20003c28:	b570      	push	{r4, r5, r6, lr}
20003c2a:	b084      	sub	sp, #16
20003c2c:	0006      	movs	r6, r0
20003c2e:	000c      	movs	r4, r1
20003c30:	ab01      	add	r3, sp, #4
20003c32:	aa02      	add	r2, sp, #8
20003c34:	a903      	add	r1, sp, #12
20003c36:	f003 f961 	bl	20006efc <check_sys_clock_khz>
20003c3a:	1e05      	subs	r5, r0, #0
20003c3c:	d104      	bne.n	20003c48 <set_sys_clock_khz+0x20>
20003c3e:	2c00      	cmp	r4, #0
20003c40:	d109      	bne.n	20003c56 <set_sys_clock_khz+0x2e>
20003c42:	0020      	movs	r0, r4
20003c44:	b004      	add	sp, #16
20003c46:	bd70      	pop	{r4, r5, r6, pc}
20003c48:	9a01      	ldr	r2, [sp, #4]
20003c4a:	9902      	ldr	r1, [sp, #8]
20003c4c:	9803      	ldr	r0, [sp, #12]
20003c4e:	f003 f921 	bl	20006e94 <set_sys_clock_pll>
20003c52:	002c      	movs	r4, r5
20003c54:	e7f5      	b.n	20003c42 <set_sys_clock_khz+0x1a>
20003c56:	4802      	ldr	r0, [pc, #8]	@ (20003c60 <set_sys_clock_khz+0x38>)
20003c58:	0031      	movs	r1, r6
20003c5a:	f001 fef5 	bl	20005a48 <panic>
20003c5e:	46c0      	nop			@ (mov r8, r8)
20003c60:	2000beb8 	.word	0x2000beb8

20003c64 <ota_run_bench>:
20003c64:	b5f0      	push	{r4, r5, r6, r7, lr}
20003c66:	46de      	mov	lr, fp
20003c68:	4657      	mov	r7, sl
20003c6a:	464e      	mov	r6, r9
20003c6c:	4645      	mov	r5, r8
20003c6e:	b5e0      	push	{r5, r6, r7, lr}
20003c70:	b0a5      	sub	sp, #148	@ 0x94
20003c72:	4bc3      	ldr	r3, [pc, #780]	@ (20003f80 <ota_run_bench+0x31c>)
20003c74:	681a      	ldr	r2, [r3, #0]
20003c76:	4692      	mov	sl, r2
20003c78:	4bc2      	ldr	r3, [pc, #776]	@ (20003f84 <ota_run_bench+0x320>)
20003c7a:	781b      	ldrb	r3, [r3, #0]
20003c7c:	4698      	mov	r8, r3
20003c7e:	4bc2      	ldr	r3, [pc, #776]	@ (20003f88 <ota_run_bench+0x324>)
20003c80:	681b      	ldr	r3, [r3, #0]
20003c82:	4699      	mov	r9, r3
20003c84:	4bc1      	ldr	r3, [pc, #772]	@ (20003f8c <ota_run_bench+0x328>)
20003c86:	781b      	ldrb	r3, [r3, #0]
20003c88:	469b      	mov	fp, r3
20003c8a:	2a31      	cmp	r2, #49	@ 0x31
20003c8c:	d907      	bls.n	20003c9e <ota_run_bench+0x3a>
20003c8e:	23fa      	movs	r3, #250	@ 0xfa
20003c90:	00db      	lsls	r3, r3, #3
20003c92:	429a      	cmp	r2, r3
20003c94:	d905      	bls.n	20003ca2 <ota_run_bench+0x3e>
20003c96:	23fa      	movs	r3, #250	@ 0xfa
20003c98:	00db      	lsls	r3, r3, #3
20003c9a:	469a      	mov	sl, r3
20003c9c:	e001      	b.n	20003ca2 <ota_run_bench+0x3e>
20003c9e:	2332      	movs	r3, #50	@ 0x32
20003ca0:	469a      	mov	sl, r3
20003ca2:	4643      	mov	r3, r8
20003ca4:	3b01      	subs	r3, #1
20003ca6:	2b27      	cmp	r3, #39	@ 0x27
20003ca8:	d901      	bls.n	20003cae <ota_run_bench+0x4a>
20003caa:	2328      	movs	r3, #40	@ 0x28
20003cac:	4698      	mov	r8, r3
20003cae:	4649      	mov	r1, r9
20003cb0:	1e4b      	subs	r3, r1, #1
20003cb2:	4ab7      	ldr	r2, [pc, #732]	@ (20003f90 <ota_run_bench+0x32c>)
20003cb4:	4293      	cmp	r3, r2
20003cb6:	d905      	bls.n	20003cc4 <ota_run_bench+0x60>
20003cb8:	4bb6      	ldr	r3, [pc, #728]	@ (20003f94 <ota_run_bench+0x330>)
20003cba:	4299      	cmp	r1, r3
20003cbc:	d904      	bls.n	20003cc8 <ota_run_bench+0x64>
20003cbe:	4bb5      	ldr	r3, [pc, #724]	@ (20003f94 <ota_run_bench+0x330>)
20003cc0:	4699      	mov	r9, r3
20003cc2:	e001      	b.n	20003cc8 <ota_run_bench+0x64>
20003cc4:	2300      	movs	r3, #0
20003cc6:	4699      	mov	r9, r3
20003cc8:	465b      	mov	r3, fp
20003cca:	2b08      	cmp	r3, #8
20003ccc:	d901      	bls.n	20003cd2 <ota_run_bench+0x6e>
20003cce:	2308      	movs	r3, #8
20003cd0:	469b      	mov	fp, r3
20003cd2:	4bb1      	ldr	r3, [pc, #708]	@ (20003f98 <ota_run_bench+0x334>)
20003cd4:	881b      	ldrh	r3, [r3, #0]
20003cd6:	015c      	lsls	r4, r3, #5
20003cd8:	1ae4      	subs	r4, r4, r3
20003cda:	00a4      	lsls	r4, r4, #2
20003cdc:	18e4      	adds	r4, r4, r3
20003cde:	00e4      	lsls	r4, r4, #3
20003ce0:	4bae      	ldr	r3, [pc, #696]	@ (20003f9c <ota_run_bench+0x338>)
20003ce2:	881b      	ldrh	r3, [r3, #0]
20003ce4:	015d      	lsls	r5, r3, #5
20003ce6:	1aed      	subs	r5, r5, r3
20003ce8:	00ad      	lsls	r5, r5, #2
20003cea:	18ed      	adds	r5, r5, r3
20003cec:	00ed      	lsls	r5, r5, #3
20003cee:	4bac      	ldr	r3, [pc, #688]	@ (20003fa0 <ota_run_bench+0x33c>)
20003cf0:	781e      	ldrb	r6, [r3, #0]
20003cf2:	f7fc fbcf 	bl	20000494 <bench_peri_auxsrc>
20003cf6:	4bab      	ldr	r3, [pc, #684]	@ (20003fa4 <ota_run_bench+0x340>)
20003cf8:	6018      	str	r0, [r3, #0]
20003cfa:	2006      	movs	r0, #6
20003cfc:	f003 f8a4 	bl	20006e48 <clock_get_hz>
20003d00:	4ba9      	ldr	r3, [pc, #676]	@ (20003fa8 <ota_run_bench+0x344>)
20003d02:	6018      	str	r0, [r3, #0]
20003d04:	2005      	movs	r0, #5
20003d06:	f003 f89f 	bl	20006e48 <clock_get_hz>
20003d0a:	4ba8      	ldr	r3, [pc, #672]	@ (20003fac <ota_run_bench+0x348>)
20003d0c:	6018      	str	r0, [r3, #0]
20003d0e:	4ba8      	ldr	r3, [pc, #672]	@ (20003fb0 <ota_run_bench+0x34c>)
20003d10:	2700      	movs	r7, #0
20003d12:	701f      	strb	r7, [r3, #0]
20003d14:	f7fc fbc6 	bl	200004a4 <bench_save_usb_pll>
20003d18:	f7fd f862 	bl	20000de0 <bench_build_variants>
20003d1c:	4ba5      	ldr	r3, [pc, #660]	@ (20003fb4 <ota_run_bench+0x350>)
20003d1e:	601f      	str	r7, [r3, #0]
20003d20:	4ba5      	ldr	r3, [pc, #660]	@ (20003fb8 <ota_run_bench+0x354>)
20003d22:	601f      	str	r7, [r3, #0]
20003d24:	4ba5      	ldr	r3, [pc, #660]	@ (20003fbc <ota_run_bench+0x358>)
20003d26:	8818      	ldrh	r0, [r3, #0]
20003d28:	2800      	cmp	r0, #0
20003d2a:	d101      	bne.n	20003d30 <ota_run_bench+0xcc>
20003d2c:	4b9b      	ldr	r3, [pc, #620]	@ (20003f9c <ota_run_bench+0x338>)
20003d2e:	8818      	ldrh	r0, [r3, #0]
20003d30:	4ba3      	ldr	r3, [pc, #652]	@ (20003fc0 <ota_run_bench+0x35c>)
20003d32:	781b      	ldrb	r3, [r3, #0]
20003d34:	2b00      	cmp	r3, #0
20003d36:	d00f      	beq.n	20003d58 <ota_run_bench+0xf4>
20003d38:	22fa      	movs	r2, #250	@ 0xfa
20003d3a:	00d2      	lsls	r2, r2, #3
20003d3c:	2300      	movs	r3, #0
20003d3e:	2100      	movs	r1, #0
20003d40:	f004 fa46 	bl	200081d0 <__wrap___aeabi_lmul>
20003d44:	4b98      	ldr	r3, [pc, #608]	@ (20003fa8 <ota_run_bench+0x344>)
20003d46:	681a      	ldr	r2, [r3, #0]
20003d48:	2300      	movs	r3, #0
20003d4a:	2900      	cmp	r1, #0
20003d4c:	d10f      	bne.n	20003d6e <ota_run_bench+0x10a>
20003d4e:	4299      	cmp	r1, r3
20003d50:	d101      	bne.n	20003d56 <ota_run_bench+0xf2>
20003d52:	4290      	cmp	r0, r2
20003d54:	d80b      	bhi.n	20003d6e <ota_run_bench+0x10a>
20003d56:	2300      	movs	r3, #0
20003d58:	930a      	str	r3, [sp, #40]	@ 0x28
20003d5a:	2e01      	cmp	r6, #1
20003d5c:	d036      	beq.n	20003dcc <ota_run_bench+0x168>
20003d5e:	2b00      	cmp	r3, #0
20003d60:	d036      	beq.n	20003dd0 <ota_run_bench+0x16c>
20003d62:	4b92      	ldr	r3, [pc, #584]	@ (20003fac <ota_run_bench+0x348>)
20003d64:	681b      	ldr	r3, [r3, #0]
20003d66:	2b00      	cmp	r3, #0
20003d68:	d103      	bne.n	20003d72 <ota_run_bench+0x10e>
20003d6a:	930a      	str	r3, [sp, #40]	@ 0x28
20003d6c:	e030      	b.n	20003dd0 <ota_run_bench+0x16c>
20003d6e:	2301      	movs	r3, #1
20003d70:	e7f2      	b.n	20003d58 <ota_run_bench+0xf4>
20003d72:	f7fc fb81 	bl	20000478 <bench_uart_drain>
20003d76:	200f      	movs	r0, #15
20003d78:	f003 f9a4 	bl	200070c4 <vreg_set_voltage>
20003d7c:	2003      	movs	r0, #3
20003d7e:	f002 fde5 	bl	2000694c <sleep_ms>
20003d82:	4b8a      	ldr	r3, [pc, #552]	@ (20003fac <ota_run_bench+0x348>)
20003d84:	6818      	ldr	r0, [r3, #0]
20003d86:	21fa      	movs	r1, #250	@ 0xfa
20003d88:	0089      	lsls	r1, r1, #2
20003d8a:	f003 fbab 	bl	200074e4 <__wrap___aeabi_uidiv>
20003d8e:	0040      	lsls	r0, r0, #1
20003d90:	2100      	movs	r1, #0
20003d92:	f7ff ff49 	bl	20003c28 <set_sys_clock_khz>
20003d96:	0007      	movs	r7, r0
20003d98:	900a      	str	r0, [sp, #40]	@ 0x28
20003d9a:	f7ff fc89 	bl	200036b0 <bench_uart_reclock>
20003d9e:	2f00      	cmp	r7, #0
20003da0:	d00d      	beq.n	20003dbe <ota_run_bench+0x15a>
20003da2:	4f88      	ldr	r7, [pc, #544]	@ (20003fc4 <ota_run_bench+0x360>)
20003da4:	2005      	movs	r0, #5
20003da6:	f003 f84f 	bl	20006e48 <clock_get_hz>
20003daa:	0002      	movs	r2, r0
20003dac:	9b0a      	ldr	r3, [sp, #40]	@ 0x28
20003dae:	2b00      	cmp	r3, #0
20003db0:	d00a      	beq.n	20003dc8 <ota_run_bench+0x164>
20003db2:	4b85      	ldr	r3, [pc, #532]	@ (20003fc8 <ota_run_bench+0x364>)
20003db4:	4885      	ldr	r0, [pc, #532]	@ (20003fcc <ota_run_bench+0x368>)
20003db6:	0039      	movs	r1, r7
20003db8:	f005 fe5e 	bl	20009a78 <__wrap_printf>
20003dbc:	e008      	b.n	20003dd0 <ota_run_bench+0x16c>
20003dbe:	200b      	movs	r0, #11
20003dc0:	f003 f980 	bl	200070c4 <vreg_set_voltage>
20003dc4:	4f82      	ldr	r7, [pc, #520]	@ (20003fd0 <ota_run_bench+0x36c>)
20003dc6:	e7ed      	b.n	20003da4 <ota_run_bench+0x140>
20003dc8:	4b82      	ldr	r3, [pc, #520]	@ (20003fd4 <ota_run_bench+0x370>)
20003dca:	e7f3      	b.n	20003db4 <ota_run_bench+0x150>
20003dcc:	2300      	movs	r3, #0
20003dce:	930a      	str	r3, [sp, #40]	@ 0x28
20003dd0:	f7ff fc90 	bl	200036f4 <bench_go_safe>
20003dd4:	220c      	movs	r2, #12
20003dd6:	2100      	movs	r1, #0
20003dd8:	a80e      	add	r0, sp, #56	@ 0x38
20003dda:	f004 fb31 	bl	20008440 <__wrap_memset>
20003dde:	2e01      	cmp	r6, #1
20003de0:	d03a      	beq.n	20003e58 <ota_run_bench+0x1f4>
20003de2:	4b7d      	ldr	r3, [pc, #500]	@ (20003fd8 <ota_run_bench+0x374>)
20003de4:	9309      	str	r3, [sp, #36]	@ 0x24
20003de6:	4b7d      	ldr	r3, [pc, #500]	@ (20003fdc <ota_run_bench+0x378>)
20003de8:	781b      	ldrb	r3, [r3, #0]
20003dea:	930b      	str	r3, [sp, #44]	@ 0x2c
20003dec:	4b6a      	ldr	r3, [pc, #424]	@ (20003f98 <ota_run_bench+0x334>)
20003dee:	881f      	ldrh	r7, [r3, #0]
20003df0:	4b6a      	ldr	r3, [pc, #424]	@ (20003f9c <ota_run_bench+0x338>)
20003df2:	8819      	ldrh	r1, [r3, #0]
20003df4:	910c      	str	r1, [sp, #48]	@ 0x30
20003df6:	2005      	movs	r0, #5
20003df8:	f003 f826 	bl	20006e48 <clock_get_hz>
20003dfc:	0003      	movs	r3, r0
20003dfe:	4878      	ldr	r0, [pc, #480]	@ (20003fe0 <ota_run_bench+0x37c>)
20003e00:	4a69      	ldr	r2, [pc, #420]	@ (20003fa8 <ota_run_bench+0x344>)
20003e02:	6812      	ldr	r2, [r2, #0]
20003e04:	9206      	str	r2, [sp, #24]
20003e06:	9305      	str	r3, [sp, #20]
20003e08:	465b      	mov	r3, fp
20003e0a:	9304      	str	r3, [sp, #16]
20003e0c:	464b      	mov	r3, r9
20003e0e:	9303      	str	r3, [sp, #12]
20003e10:	990c      	ldr	r1, [sp, #48]	@ 0x30
20003e12:	9102      	str	r1, [sp, #8]
20003e14:	9701      	str	r7, [sp, #4]
20003e16:	4651      	mov	r1, sl
20003e18:	9100      	str	r1, [sp, #0]
20003e1a:	4643      	mov	r3, r8
20003e1c:	9a0b      	ldr	r2, [sp, #44]	@ 0x2c
20003e1e:	9909      	ldr	r1, [sp, #36]	@ 0x24
20003e20:	f005 fe2a 	bl	20009a78 <__wrap_printf>
20003e24:	2e01      	cmp	r6, #1
20003e26:	d000      	beq.n	20003e2a <ota_run_bench+0x1c6>
20003e28:	e07e      	b.n	20003f28 <ota_run_bench+0x2c4>
20003e2a:	4b6e      	ldr	r3, [pc, #440]	@ (20003fe4 <ota_run_bench+0x380>)
20003e2c:	681c      	ldr	r4, [r3, #0]
20003e2e:	2c00      	cmp	r4, #0
20003e30:	d101      	bne.n	20003e36 <ota_run_bench+0x1d2>
20003e32:	2496      	movs	r4, #150	@ 0x96
20003e34:	01a4      	lsls	r4, r4, #6
20003e36:	4b6c      	ldr	r3, [pc, #432]	@ (20003fe8 <ota_run_bench+0x384>)
20003e38:	681d      	ldr	r5, [r3, #0]
20003e3a:	2d00      	cmp	r5, #0
20003e3c:	d100      	bne.n	20003e40 <ota_run_bench+0x1dc>
20003e3e:	4d6b      	ldr	r5, [pc, #428]	@ (20003fec <ota_run_bench+0x388>)
20003e40:	2396      	movs	r3, #150	@ 0x96
20003e42:	019b      	lsls	r3, r3, #6
20003e44:	429c      	cmp	r4, r3
20003e46:	d200      	bcs.n	20003e4a <ota_run_bench+0x1e6>
20003e48:	001c      	movs	r4, r3
20003e4a:	4b68      	ldr	r3, [pc, #416]	@ (20003fec <ota_run_bench+0x388>)
20003e4c:	429d      	cmp	r5, r3
20003e4e:	d900      	bls.n	20003e52 <ota_run_bench+0x1ee>
20003e50:	001d      	movs	r5, r3
20003e52:	2300      	movs	r3, #0
20003e54:	2700      	movs	r7, #0
20003e56:	e003      	b.n	20003e60 <ota_run_bench+0x1fc>
20003e58:	4b65      	ldr	r3, [pc, #404]	@ (20003ff0 <ota_run_bench+0x38c>)
20003e5a:	9309      	str	r3, [sp, #36]	@ 0x24
20003e5c:	e7c3      	b.n	20003de6 <ota_run_bench+0x182>
20003e5e:	3301      	adds	r3, #1
20003e60:	2b0c      	cmp	r3, #12
20003e62:	d808      	bhi.n	20003e76 <ota_run_bench+0x212>
20003e64:	4a63      	ldr	r2, [pc, #396]	@ (20003ff4 <ota_run_bench+0x390>)
20003e66:	0099      	lsls	r1, r3, #2
20003e68:	588a      	ldr	r2, [r1, r2]
20003e6a:	42a2      	cmp	r2, r4
20003e6c:	d3f7      	bcc.n	20003e5e <ota_run_bench+0x1fa>
20003e6e:	42aa      	cmp	r2, r5
20003e70:	d8f5      	bhi.n	20003e5e <ota_run_bench+0x1fa>
20003e72:	3701      	adds	r7, #1
20003e74:	e7f3      	b.n	20003e5e <ota_run_bench+0x1fa>
20003e76:	2f00      	cmp	r7, #0
20003e78:	d100      	bne.n	20003e7c <ota_run_bench+0x218>
20003e7a:	3701      	adds	r7, #1
20003e7c:	4643      	mov	r3, r8
20003e7e:	42bb      	cmp	r3, r7
20003e80:	d800      	bhi.n	20003e84 <ota_run_bench+0x220>
20003e82:	001f      	movs	r7, r3
20003e84:	2200      	movs	r2, #0
20003e86:	2100      	movs	r1, #0
20003e88:	2000      	movs	r0, #0
20003e8a:	f7fe f9d9 	bl	20002240 <uart_setup_peer>
20003e8e:	900b      	str	r0, [sp, #44]	@ 0x2c
20003e90:	2c00      	cmp	r4, #0
20003e92:	d004      	beq.n	20003e9e <ota_run_bench+0x23a>
20003e94:	42ac      	cmp	r4, r5
20003e96:	d802      	bhi.n	20003e9e <ota_run_bench+0x23a>
20003e98:	9b0b      	ldr	r3, [sp, #44]	@ 0x2c
20003e9a:	2b00      	cmp	r3, #0
20003e9c:	d14b      	bne.n	20003f36 <ota_run_bench+0x2d2>
20003e9e:	2240      	movs	r2, #64	@ 0x40
20003ea0:	2100      	movs	r1, #0
20003ea2:	a814      	add	r0, sp, #80	@ 0x50
20003ea4:	f004 facc 	bl	20008440 <__wrap_memset>
20003ea8:	42ac      	cmp	r4, r5
20003eaa:	d942      	bls.n	20003f32 <ota_run_bench+0x2ce>
20003eac:	4a52      	ldr	r2, [pc, #328]	@ (20003ff8 <ota_run_bench+0x394>)
20003eae:	4853      	ldr	r0, [pc, #332]	@ (20003ffc <ota_run_bench+0x398>)
20003eb0:	9909      	ldr	r1, [sp, #36]	@ 0x24
20003eb2:	f005 fde1 	bl	20009a78 <__wrap_printf>
20003eb6:	ab14      	add	r3, sp, #80	@ 0x50
20003eb8:	9300      	str	r3, [sp, #0]
20003eba:	2300      	movs	r3, #0
20003ebc:	2203      	movs	r2, #3
20003ebe:	2100      	movs	r1, #0
20003ec0:	20ff      	movs	r0, #255	@ 0xff
20003ec2:	f7fe fb2f 	bl	20002524 <bench_send_result>
20003ec6:	f7ff fc05 	bl	200036d4 <bench_peri_to_sys>
20003eca:	f7ff fe7f 	bl	20003bcc <bench_restore_usb_pll>
20003ece:	9b0a      	ldr	r3, [sp, #40]	@ 0x28
20003ed0:	2b00      	cmp	r3, #0
20003ed2:	d000      	beq.n	20003ed6 <ota_run_bench+0x272>
20003ed4:	e245      	b.n	20004362 <ota_run_bench+0x6fe>
20003ed6:	f7fc facf 	bl	20000478 <bench_uart_drain>
20003eda:	4b33      	ldr	r3, [pc, #204]	@ (20003fa8 <ota_run_bench+0x344>)
20003edc:	681b      	ldr	r3, [r3, #0]
20003ede:	4a31      	ldr	r2, [pc, #196]	@ (20003fa4 <ota_run_bench+0x340>)
20003ee0:	6812      	ldr	r2, [r2, #0]
20003ee2:	2100      	movs	r1, #0
20003ee4:	2006      	movs	r0, #6
20003ee6:	f002 ffa5 	bl	20006e34 <clock_configure_undivided>
20003eea:	f7ff fbe1 	bl	200036b0 <bench_uart_reclock>
20003eee:	4944      	ldr	r1, [pc, #272]	@ (20004000 <ota_run_bench+0x39c>)
20003ef0:	4844      	ldr	r0, [pc, #272]	@ (20004004 <ota_run_bench+0x3a0>)
20003ef2:	f006 f9b9 	bl	2000a268 <spi_set_baudrate>
20003ef6:	0006      	movs	r6, r0
20003ef8:	4b43      	ldr	r3, [pc, #268]	@ (20004008 <ota_run_bench+0x3a4>)
20003efa:	2200      	movs	r2, #0
20003efc:	701a      	strb	r2, [r3, #0]
20003efe:	2005      	movs	r0, #5
20003f00:	f002 ffa2 	bl	20006e48 <clock_get_hz>
20003f04:	0005      	movs	r5, r0
20003f06:	2006      	movs	r0, #6
20003f08:	f002 ff9e 	bl	20006e48 <clock_get_hz>
20003f0c:	0002      	movs	r2, r0
20003f0e:	4c3f      	ldr	r4, [pc, #252]	@ (2000400c <ota_run_bench+0x3a8>)
20003f10:	0033      	movs	r3, r6
20003f12:	0029      	movs	r1, r5
20003f14:	0020      	movs	r0, r4
20003f16:	f005 fdaf 	bl	20009a78 <__wrap_printf>
20003f1a:	b025      	add	sp, #148	@ 0x94
20003f1c:	bcf0      	pop	{r4, r5, r6, r7}
20003f1e:	46bb      	mov	fp, r7
20003f20:	46b2      	mov	sl, r6
20003f22:	46a9      	mov	r9, r5
20003f24:	46a0      	mov	r8, r4
20003f26:	bdf0      	pop	{r4, r5, r6, r7, pc}
20003f28:	f7fe fa0a 	bl	20002340 <bench_warmup>
20003f2c:	900b      	str	r0, [sp, #44]	@ 0x2c
20003f2e:	4647      	mov	r7, r8
20003f30:	e7ae      	b.n	20003e90 <ota_run_bench+0x22c>
20003f32:	4a37      	ldr	r2, [pc, #220]	@ (20004010 <ota_run_bench+0x3ac>)
20003f34:	e7bb      	b.n	20003eae <ota_run_bench+0x24a>
20003f36:	2e01      	cmp	r6, #1
20003f38:	d003      	beq.n	20003f42 <ota_run_bench+0x2de>
20003f3a:	4b20      	ldr	r3, [pc, #128]	@ (20003fbc <ota_run_bench+0x358>)
20003f3c:	881b      	ldrh	r3, [r3, #0]
20003f3e:	2b00      	cmp	r3, #0
20003f40:	d106      	bne.n	20003f50 <ota_run_bench+0x2ec>
20003f42:	2300      	movs	r3, #0
20003f44:	2200      	movs	r2, #0
20003f46:	920d      	str	r2, [sp, #52]	@ 0x34
20003f48:	46b0      	mov	r8, r6
20003f4a:	002e      	movs	r6, r5
20003f4c:	001d      	movs	r5, r3
20003f4e:	e084      	b.n	2000405a <ota_run_bench+0x3f6>
20003f50:	0158      	lsls	r0, r3, #5
20003f52:	1ac0      	subs	r0, r0, r3
20003f54:	0080      	lsls	r0, r0, #2
20003f56:	18c0      	adds	r0, r0, r3
20003f58:	00c0      	lsls	r0, r0, #3
20003f5a:	a911      	add	r1, sp, #68	@ 0x44
20003f5c:	f7fe fa38 	bl	200023d0 <bench_resolve_rate>
20003f60:	4680      	mov	r8, r0
20003f62:	2800      	cmp	r0, #0
20003f64:	d0ed      	beq.n	20003f42 <ota_run_bench+0x2de>
20003f66:	9911      	ldr	r1, [sp, #68]	@ 0x44
20003f68:	42a1      	cmp	r1, r4
20003f6a:	d3ea      	bcc.n	20003f42 <ota_run_bench+0x2de>
20003f6c:	aa0e      	add	r2, sp, #56	@ 0x38
20003f6e:	ab11      	add	r3, sp, #68	@ 0x44
20003f70:	cba1      	ldmia	r3!, {r0, r5, r7}
20003f72:	c2a1      	stmia	r2!, {r0, r5, r7}
20003f74:	4827      	ldr	r0, [pc, #156]	@ (20004014 <ota_run_bench+0x3b0>)
20003f76:	f005 fd7f 	bl	20009a78 <__wrap_printf>
20003f7a:	2300      	movs	r3, #0
20003f7c:	930b      	str	r3, [sp, #44]	@ 0x2c
20003f7e:	e0ad      	b.n	200040dc <ota_run_bench+0x478>
20003f80:	2000fcf0 	.word	0x2000fcf0
20003f84:	20020e99 	.word	0x20020e99
20003f88:	2000fcf4 	.word	0x2000fcf4
20003f8c:	20020e9c 	.word	0x20020e9c
20003f90:	000007ce 	.word	0x000007ce
20003f94:	00a4cb80 	.word	0x00a4cb80
20003f98:	20020e8e 	.word	0x20020e8e
20003f9c:	20020e8c 	.word	0x20020e8c
20003fa0:	20020e98 	.word	0x20020e98
20003fa4:	2000e5dc 	.word	0x2000e5dc
20003fa8:	2000e5e0 	.word	0x2000e5e0
20003fac:	2000e5e4 	.word	0x2000e5e4
20003fb0:	20020e93 	.word	0x20020e93
20003fb4:	2000e5f8 	.word	0x2000e5f8
20003fb8:	2000e5d8 	.word	0x2000e5d8
20003fbc:	20020e90 	.word	0x20020e90
20003fc0:	20020e9a 	.word	0x20020e9a
20003fc4:	2000beec 	.word	0x2000beec
20003fc8:	2000bf1c 	.word	0x2000bf1c
20003fcc:	2000bfa8 	.word	0x2000bfa8
20003fd0:	2000bf04 	.word	0x2000bf04
20003fd4:	2000bf24 	.word	0x2000bf24
20003fd8:	2000bf34 	.word	0x2000bf34
20003fdc:	20020e9b 	.word	0x20020e9b
20003fe0:	2000bfdc 	.word	0x2000bfdc
20003fe4:	2000fd34 	.word	0x2000fd34
20003fe8:	2000fd30 	.word	0x2000fd30
20003fec:	002dc6c0 	.word	0x002dc6c0
20003ff0:	2000bf2c 	.word	0x2000bf2c
20003ff4:	2000d600 	.word	0x2000d600
20003ff8:	2000bf38 	.word	0x2000bf38
20003ffc:	2000c070 	.word	0x2000c070
20004000:	004c4b40 	.word	0x004c4b40
20004004:	40040000 	.word	0x40040000
20004008:	20020e96 	.word	0x20020e96
2000400c:	2000c188 	.word	0x2000c188
20004010:	2000bf58 	.word	0x2000bf58
20004014:	2000c088 	.word	0x2000c088
20004018:	3301      	adds	r3, #1
2000401a:	2b0c      	cmp	r3, #12
2000401c:	d811      	bhi.n	20004042 <ota_run_bench+0x3de>
2000401e:	4a9e      	ldr	r2, [pc, #632]	@ (20004298 <ota_run_bench+0x634>)
20004020:	0099      	lsls	r1, r3, #2
20004022:	5888      	ldr	r0, [r1, r2]
20004024:	42a8      	cmp	r0, r5
20004026:	d3f7      	bcc.n	20004018 <ota_run_bench+0x3b4>
20004028:	42b0      	cmp	r0, r6
2000402a:	d8f5      	bhi.n	20004018 <ota_run_bench+0x3b4>
2000402c:	42a7      	cmp	r7, r4
2000402e:	d047      	beq.n	200040c0 <ota_run_bench+0x45c>
20004030:	3401      	adds	r4, #1
20004032:	e7f1      	b.n	20004018 <ota_run_bench+0x3b4>
20004034:	2300      	movs	r3, #0
20004036:	2200      	movs	r2, #0
20004038:	46bc      	mov	ip, r7
2000403a:	002f      	movs	r7, r5
2000403c:	0025      	movs	r5, r4
2000403e:	0014      	movs	r4, r2
20004040:	e7eb      	b.n	2000401a <ota_run_bench+0x3b6>
20004042:	002c      	movs	r4, r5
20004044:	003d      	movs	r5, r7
20004046:	4667      	mov	r7, ip
20004048:	2000      	movs	r0, #0
2000404a:	2800      	cmp	r0, #0
2000404c:	d004      	beq.n	20004058 <ota_run_bench+0x3f4>
2000404e:	a911      	add	r1, sp, #68	@ 0x44
20004050:	f7fc fe14 	bl	20000c7c <uart_resolve_rate>
20004054:	2800      	cmp	r0, #0
20004056:	d11b      	bne.n	20004090 <ota_run_bench+0x42c>
20004058:	3501      	adds	r5, #1
2000405a:	42af      	cmp	r7, r5
2000405c:	d947      	bls.n	200040ee <ota_run_bench+0x48a>
2000405e:	4b8f      	ldr	r3, [pc, #572]	@ (2000429c <ota_run_bench+0x638>)
20004060:	781b      	ldrb	r3, [r3, #0]
20004062:	2b27      	cmp	r3, #39	@ 0x27
20004064:	d832      	bhi.n	200040cc <ota_run_bench+0x468>
20004066:	4643      	mov	r3, r8
20004068:	2b01      	cmp	r3, #1
2000406a:	d0e3      	beq.n	20004034 <ota_run_bench+0x3d0>
2000406c:	1b32      	subs	r2, r6, r4
2000406e:	2f01      	cmp	r7, #1
20004070:	d02a      	beq.n	200040c8 <ota_run_bench+0x464>
20004072:	2300      	movs	r3, #0
20004074:	0028      	movs	r0, r5
20004076:	2100      	movs	r1, #0
20004078:	f004 f8aa 	bl	200081d0 <__wrap___aeabi_lmul>
2000407c:	1e7a      	subs	r2, r7, #1
2000407e:	2300      	movs	r3, #0
20004080:	f003 fa6e 	bl	20007560 <__wrap___aeabi_uldivmod>
20004084:	1820      	adds	r0, r4, r0
20004086:	a911      	add	r1, sp, #68	@ 0x44
20004088:	f7fe f9a2 	bl	200023d0 <bench_resolve_rate>
2000408c:	2800      	cmp	r0, #0
2000408e:	d0e3      	beq.n	20004058 <ota_run_bench+0x3f4>
20004090:	9b11      	ldr	r3, [sp, #68]	@ 0x44
20004092:	42a3      	cmp	r3, r4
20004094:	d3e0      	bcc.n	20004058 <ota_run_bench+0x3f4>
20004096:	930c      	str	r3, [sp, #48]	@ 0x30
20004098:	9a0d      	ldr	r2, [sp, #52]	@ 0x34
2000409a:	4293      	cmp	r3, r2
2000409c:	d9dc      	bls.n	20004058 <ota_run_bench+0x3f4>
2000409e:	4b80      	ldr	r3, [pc, #512]	@ (200042a0 <ota_run_bench+0x63c>)
200040a0:	aa14      	add	r2, sp, #80	@ 0x50
200040a2:	9200      	str	r2, [sp, #0]
200040a4:	2200      	movs	r2, #0
200040a6:	4651      	mov	r1, sl
200040a8:	a811      	add	r0, sp, #68	@ 0x44
200040aa:	f7ff fc6d 	bl	20003988 <bench_measure>
200040ae:	2800      	cmp	r0, #0
200040b0:	db11      	blt.n	200040d6 <ota_run_bench+0x472>
200040b2:	f7fc fb01 	bl	200006b8 <bench_esp_gone>
200040b6:	2800      	cmp	r0, #0
200040b8:	d114      	bne.n	200040e4 <ota_run_bench+0x480>
200040ba:	9b0c      	ldr	r3, [sp, #48]	@ 0x30
200040bc:	930d      	str	r3, [sp, #52]	@ 0x34
200040be:	e7cb      	b.n	20004058 <ota_run_bench+0x3f4>
200040c0:	002c      	movs	r4, r5
200040c2:	003d      	movs	r5, r7
200040c4:	4667      	mov	r7, ip
200040c6:	e7c0      	b.n	2000404a <ota_run_bench+0x3e6>
200040c8:	0030      	movs	r0, r6
200040ca:	e7dc      	b.n	20004086 <ota_run_bench+0x422>
200040cc:	4646      	mov	r6, r8
200040ce:	2300      	movs	r3, #0
200040d0:	930b      	str	r3, [sp, #44]	@ 0x2c
200040d2:	4698      	mov	r8, r3
200040d4:	e002      	b.n	200040dc <ota_run_bench+0x478>
200040d6:	4646      	mov	r6, r8
200040d8:	2300      	movs	r3, #0
200040da:	4698      	mov	r8, r3
200040dc:	2300      	movs	r3, #0
200040de:	46a4      	mov	ip, r4
200040e0:	4640      	mov	r0, r8
200040e2:	e014      	b.n	2000410e <ota_run_bench+0x4aa>
200040e4:	4646      	mov	r6, r8
200040e6:	900b      	str	r0, [sp, #44]	@ 0x2c
200040e8:	2300      	movs	r3, #0
200040ea:	4698      	mov	r8, r3
200040ec:	e7f6      	b.n	200040dc <ota_run_bench+0x478>
200040ee:	4646      	mov	r6, r8
200040f0:	2300      	movs	r3, #0
200040f2:	930b      	str	r3, [sp, #44]	@ 0x2c
200040f4:	4698      	mov	r8, r3
200040f6:	e7f1      	b.n	200040dc <ota_run_bench+0x478>
200040f8:	ad0e      	add	r5, sp, #56	@ 0x38
200040fa:	4a6a      	ldr	r2, [pc, #424]	@ (200042a4 <ota_run_bench+0x640>)
200040fc:	0078      	lsls	r0, r7, #1
200040fe:	19c0      	adds	r0, r0, r7
20004100:	0080      	lsls	r0, r0, #2
20004102:	1812      	adds	r2, r2, r0
20004104:	ca91      	ldmia	r2!, {r0, r4, r7}
20004106:	c591      	stmia	r5!, {r0, r4, r7}
20004108:	0008      	movs	r0, r1
2000410a:	3301      	adds	r3, #1
2000410c:	b2db      	uxtb	r3, r3
2000410e:	4a63      	ldr	r2, [pc, #396]	@ (2000429c <ota_run_bench+0x638>)
20004110:	7812      	ldrb	r2, [r2, #0]
20004112:	429a      	cmp	r2, r3
20004114:	d90f      	bls.n	20004136 <ota_run_bench+0x4d2>
20004116:	001f      	movs	r7, r3
20004118:	4a63      	ldr	r2, [pc, #396]	@ (200042a8 <ota_run_bench+0x644>)
2000411a:	5cd1      	ldrb	r1, [r2, r3]
2000411c:	2900      	cmp	r1, #0
2000411e:	d0f4      	beq.n	2000410a <ota_run_bench+0x4a6>
20004120:	2800      	cmp	r0, #0
20004122:	d0e9      	beq.n	200040f8 <ota_run_bench+0x494>
20004124:	4d5f      	ldr	r5, [pc, #380]	@ (200042a4 <ota_run_bench+0x640>)
20004126:	005a      	lsls	r2, r3, #1
20004128:	18d2      	adds	r2, r2, r3
2000412a:	0092      	lsls	r2, r2, #2
2000412c:	5955      	ldr	r5, [r2, r5]
2000412e:	9a0e      	ldr	r2, [sp, #56]	@ 0x38
20004130:	4295      	cmp	r5, r2
20004132:	d9ea      	bls.n	2000410a <ota_run_bench+0x4a6>
20004134:	e7e0      	b.n	200040f8 <ota_run_bench+0x494>
20004136:	4664      	mov	r4, ip
20004138:	4680      	mov	r8, r0
2000413a:	2300      	movs	r3, #0
2000413c:	2500      	movs	r5, #0
2000413e:	e002      	b.n	20004146 <ota_run_bench+0x4e2>
20004140:	000d      	movs	r5, r1
20004142:	3301      	adds	r3, #1
20004144:	b2db      	uxtb	r3, r3
20004146:	429a      	cmp	r2, r3
20004148:	d913      	bls.n	20004172 <ota_run_bench+0x50e>
2000414a:	4957      	ldr	r1, [pc, #348]	@ (200042a8 <ota_run_bench+0x644>)
2000414c:	5cc9      	ldrb	r1, [r1, r3]
2000414e:	2900      	cmp	r1, #0
20004150:	d1f7      	bne.n	20004142 <ota_run_bench+0x4de>
20004152:	2800      	cmp	r0, #0
20004154:	d0f5      	beq.n	20004142 <ota_run_bench+0x4de>
20004156:	4f53      	ldr	r7, [pc, #332]	@ (200042a4 <ota_run_bench+0x640>)
20004158:	0059      	lsls	r1, r3, #1
2000415a:	18c9      	adds	r1, r1, r3
2000415c:	0089      	lsls	r1, r1, #2
2000415e:	59c9      	ldr	r1, [r1, r7]
20004160:	9f0e      	ldr	r7, [sp, #56]	@ 0x38
20004162:	42b9      	cmp	r1, r7
20004164:	d9ed      	bls.n	20004142 <ota_run_bench+0x4de>
20004166:	2d00      	cmp	r5, #0
20004168:	d0ea      	beq.n	20004140 <ota_run_bench+0x4dc>
2000416a:	42a9      	cmp	r1, r5
2000416c:	d2e9      	bcs.n	20004142 <ota_run_bench+0x4de>
2000416e:	000d      	movs	r5, r1
20004170:	e7e7      	b.n	20004142 <ota_run_bench+0x4de>
20004172:	4643      	mov	r3, r8
20004174:	2b00      	cmp	r3, #0
20004176:	d042      	beq.n	200041fe <ota_run_bench+0x59a>
20004178:	9a0e      	ldr	r2, [sp, #56]	@ 0x38
2000417a:	2d00      	cmp	r5, #0
2000417c:	d008      	beq.n	20004190 <ota_run_bench+0x52c>
2000417e:	4b4b      	ldr	r3, [pc, #300]	@ (200042ac <ota_run_bench+0x648>)
20004180:	484b      	ldr	r0, [pc, #300]	@ (200042b0 <ota_run_bench+0x64c>)
20004182:	9909      	ldr	r1, [sp, #36]	@ 0x24
20004184:	f005 fc78 	bl	20009a78 <__wrap_printf>
20004188:	002b      	movs	r3, r5
2000418a:	0025      	movs	r5, r4
2000418c:	001c      	movs	r4, r3
2000418e:	e009      	b.n	200041a4 <ota_run_bench+0x540>
20004190:	4b48      	ldr	r3, [pc, #288]	@ (200042b4 <ota_run_bench+0x650>)
20004192:	e7f5      	b.n	20004180 <ota_run_bench+0x51c>
20004194:	aa0e      	add	r2, sp, #56	@ 0x38
20004196:	ab11      	add	r3, sp, #68	@ 0x44
20004198:	cb83      	ldmia	r3!, {r0, r1, r7}
2000419a:	c283      	stmia	r2!, {r0, r1, r7}
2000419c:	f7fc fa8c 	bl	200006b8 <bench_esp_gone>
200041a0:	2800      	cmp	r0, #0
200041a2:	d135      	bne.n	20004210 <ota_run_bench+0x5ac>
200041a4:	2e01      	cmp	r6, #1
200041a6:	d03c      	beq.n	20004222 <ota_run_bench+0x5be>
200041a8:	9b0b      	ldr	r3, [sp, #44]	@ 0x2c
200041aa:	2b00      	cmp	r3, #0
200041ac:	d158      	bne.n	20004260 <ota_run_bench+0x5fc>
200041ae:	4643      	mov	r3, r8
200041b0:	2b00      	cmp	r3, #0
200041b2:	d057      	beq.n	20004264 <ota_run_bench+0x600>
200041b4:	9b0e      	ldr	r3, [sp, #56]	@ 0x38
200041b6:	4a40      	ldr	r2, [pc, #256]	@ (200042b8 <ota_run_bench+0x654>)
200041b8:	189a      	adds	r2, r3, r2
200041ba:	42a2      	cmp	r2, r4
200041bc:	d254      	bcs.n	20004268 <ota_run_bench+0x604>
200041be:	4a37      	ldr	r2, [pc, #220]	@ (2000429c <ota_run_bench+0x638>)
200041c0:	7812      	ldrb	r2, [r2, #0]
200041c2:	2a27      	cmp	r2, #39	@ 0x27
200041c4:	d81f      	bhi.n	20004206 <ota_run_bench+0x5a2>
200041c6:	1ae0      	subs	r0, r4, r3
200041c8:	0840      	lsrs	r0, r0, #1
200041ca:	18c0      	adds	r0, r0, r3
200041cc:	a911      	add	r1, sp, #68	@ 0x44
200041ce:	f7fe f8ff 	bl	200023d0 <bench_resolve_rate>
200041d2:	1e07      	subs	r7, r0, #0
200041d4:	d01f      	beq.n	20004216 <ota_run_bench+0x5b2>
200041d6:	9b11      	ldr	r3, [sp, #68]	@ 0x44
200041d8:	9a0e      	ldr	r2, [sp, #56]	@ 0x38
200041da:	4293      	cmp	r3, r2
200041dc:	d91d      	bls.n	2000421a <ota_run_bench+0x5b6>
200041de:	42a3      	cmp	r3, r4
200041e0:	d21d      	bcs.n	2000421e <ota_run_bench+0x5ba>
200041e2:	4b36      	ldr	r3, [pc, #216]	@ (200042bc <ota_run_bench+0x658>)
200041e4:	aa14      	add	r2, sp, #80	@ 0x50
200041e6:	9200      	str	r2, [sp, #0]
200041e8:	2201      	movs	r2, #1
200041ea:	4651      	mov	r1, sl
200041ec:	a811      	add	r0, sp, #68	@ 0x44
200041ee:	f7ff fbcb 	bl	20003988 <bench_measure>
200041f2:	2800      	cmp	r0, #0
200041f4:	db09      	blt.n	2000420a <ota_run_bench+0x5a6>
200041f6:	2801      	cmp	r0, #1
200041f8:	d0cc      	beq.n	20004194 <ota_run_bench+0x530>
200041fa:	9c11      	ldr	r4, [sp, #68]	@ 0x44
200041fc:	e7ce      	b.n	2000419c <ota_run_bench+0x538>
200041fe:	002b      	movs	r3, r5
20004200:	0025      	movs	r5, r4
20004202:	001c      	movs	r4, r3
20004204:	e7ce      	b.n	200041a4 <ota_run_bench+0x540>
20004206:	002c      	movs	r4, r5
20004208:	e00c      	b.n	20004224 <ota_run_bench+0x5c0>
2000420a:	002c      	movs	r4, r5
2000420c:	970b      	str	r7, [sp, #44]	@ 0x2c
2000420e:	e009      	b.n	20004224 <ota_run_bench+0x5c0>
20004210:	002c      	movs	r4, r5
20004212:	900b      	str	r0, [sp, #44]	@ 0x2c
20004214:	e006      	b.n	20004224 <ota_run_bench+0x5c0>
20004216:	002c      	movs	r4, r5
20004218:	e004      	b.n	20004224 <ota_run_bench+0x5c0>
2000421a:	002c      	movs	r4, r5
2000421c:	e002      	b.n	20004224 <ota_run_bench+0x5c0>
2000421e:	002c      	movs	r4, r5
20004220:	e000      	b.n	20004224 <ota_run_bench+0x5c0>
20004222:	002c      	movs	r4, r5
20004224:	9b0b      	ldr	r3, [sp, #44]	@ 0x2c
20004226:	2b00      	cmp	r3, #0
20004228:	d106      	bne.n	20004238 <ota_run_bench+0x5d4>
2000422a:	4643      	mov	r3, r8
2000422c:	2b00      	cmp	r3, #0
2000422e:	d003      	beq.n	20004238 <ota_run_bench+0x5d4>
20004230:	464b      	mov	r3, r9
20004232:	2b00      	cmp	r3, #0
20004234:	d000      	beq.n	20004238 <ota_run_bench+0x5d4>
20004236:	e08b      	b.n	20004350 <ota_run_bench+0x6ec>
20004238:	9b0b      	ldr	r3, [sp, #44]	@ 0x2c
2000423a:	2b00      	cmp	r3, #0
2000423c:	d000      	beq.n	20004240 <ota_run_bench+0x5dc>
2000423e:	e08e      	b.n	2000435e <ota_run_bench+0x6fa>
20004240:	2501      	movs	r5, #1
20004242:	ac14      	add	r4, sp, #80	@ 0x50
20004244:	2240      	movs	r2, #64	@ 0x40
20004246:	2100      	movs	r1, #0
20004248:	0020      	movs	r0, r4
2000424a:	f004 f8f9 	bl	20008440 <__wrap_memset>
2000424e:	4b13      	ldr	r3, [pc, #76]	@ (2000429c <ota_run_bench+0x638>)
20004250:	7819      	ldrb	r1, [r3, #0]
20004252:	9400      	str	r4, [sp, #0]
20004254:	2302      	movs	r3, #2
20004256:	002a      	movs	r2, r5
20004258:	20ff      	movs	r0, #255	@ 0xff
2000425a:	f7fe f963 	bl	20002524 <bench_send_result>
2000425e:	e632      	b.n	20003ec6 <ota_run_bench+0x262>
20004260:	002c      	movs	r4, r5
20004262:	e7df      	b.n	20004224 <ota_run_bench+0x5c0>
20004264:	002c      	movs	r4, r5
20004266:	e7dd      	b.n	20004224 <ota_run_bench+0x5c0>
20004268:	002c      	movs	r4, r5
2000426a:	e7db      	b.n	20004224 <ota_run_bench+0x5c0>
2000426c:	990e      	ldr	r1, [sp, #56]	@ 0x38
2000426e:	ac14      	add	r4, sp, #80	@ 0x50
20004270:	9b16      	ldr	r3, [sp, #88]	@ 0x58
20004272:	4813      	ldr	r0, [pc, #76]	@ (200042c0 <ota_run_bench+0x65c>)
20004274:	464a      	mov	r2, r9
20004276:	f005 fbff 	bl	20009a78 <__wrap_printf>
2000427a:	2240      	movs	r2, #64	@ 0x40
2000427c:	2100      	movs	r1, #0
2000427e:	0020      	movs	r0, r4
20004280:	f004 f8de 	bl	20008440 <__wrap_memset>
20004284:	4b05      	ldr	r3, [pc, #20]	@ (2000429c <ota_run_bench+0x638>)
20004286:	7819      	ldrb	r1, [r3, #0]
20004288:	9400      	str	r4, [sp, #0]
2000428a:	2302      	movs	r3, #2
2000428c:	2201      	movs	r2, #1
2000428e:	20ff      	movs	r0, #255	@ 0xff
20004290:	f7fe f948 	bl	20002524 <bench_send_result>
20004294:	e617      	b.n	20003ec6 <ota_run_bench+0x262>
20004296:	46c0      	nop			@ (mov r8, r8)
20004298:	2000d600 	.word	0x2000d600
2000429c:	20020e93 	.word	0x20020e93
200042a0:	2000c0c4 	.word	0x2000c0c4
200042a4:	2000e3d0 	.word	0x2000e3d0
200042a8:	2000e5b0 	.word	0x2000e5b0
200042ac:	2000bf70 	.word	0x2000bf70
200042b0:	2000c0cc 	.word	0x2000c0cc
200042b4:	2000bf8c 	.word	0x2000bf8c
200042b8:	000f4240 	.word	0x000f4240
200042bc:	2000c0f4 	.word	0x2000c0f4
200042c0:	2000c0fc 	.word	0x2000c0fc
200042c4:	3801      	subs	r0, #1
200042c6:	a911      	add	r1, sp, #68	@ 0x44
200042c8:	f7fc fcd8 	bl	20000c7c <uart_resolve_rate>
200042cc:	2800      	cmp	r0, #0
200042ce:	d0b3      	beq.n	20004238 <ota_run_bench+0x5d4>
200042d0:	9b11      	ldr	r3, [sp, #68]	@ 0x44
200042d2:	9a0e      	ldr	r2, [sp, #56]	@ 0x38
200042d4:	4293      	cmp	r3, r2
200042d6:	d2af      	bcs.n	20004238 <ota_run_bench+0x5d4>
200042d8:	4553      	cmp	r3, sl
200042da:	d3ad      	bcc.n	20004238 <ota_run_bench+0x5d4>
200042dc:	aa0e      	add	r2, sp, #56	@ 0x38
200042de:	ab11      	add	r3, sp, #68	@ 0x44
200042e0:	cb13      	ldmia	r3!, {r0, r1, r4}
200042e2:	c213      	stmia	r2!, {r0, r1, r4}
200042e4:	3501      	adds	r5, #1
200042e6:	45a8      	cmp	r8, r5
200042e8:	d3a6      	bcc.n	20004238 <ota_run_bench+0x5d4>
200042ea:	4b26      	ldr	r3, [pc, #152]	@ (20004384 <ota_run_bench+0x720>)
200042ec:	7818      	ldrb	r0, [r3, #0]
200042ee:	2827      	cmp	r0, #39	@ 0x27
200042f0:	d8a2      	bhi.n	20004238 <ota_run_bench+0x5d4>
200042f2:	4b25      	ldr	r3, [pc, #148]	@ (20004388 <ota_run_bench+0x724>)
200042f4:	0042      	lsls	r2, r0, #1
200042f6:	1812      	adds	r2, r2, r0
200042f8:	0092      	lsls	r2, r2, #2
200042fa:	a90e      	add	r1, sp, #56	@ 0x38
200042fc:	189b      	adds	r3, r3, r2
200042fe:	000a      	movs	r2, r1
20004300:	cad0      	ldmia	r2!, {r4, r6, r7}
20004302:	c3d0      	stmia	r3!, {r4, r6, r7}
20004304:	4b1f      	ldr	r3, [pc, #124]	@ (20004384 <ota_run_bench+0x720>)
20004306:	1c42      	adds	r2, r0, #1
20004308:	701a      	strb	r2, [r3, #0]
2000430a:	ab14      	add	r3, sp, #80	@ 0x50
2000430c:	464a      	mov	r2, r9
2000430e:	f7ff fb95 	bl	20003a3c <bench_run_soak>
20004312:	2800      	cmp	r0, #0
20004314:	d1aa      	bne.n	2000426c <ota_run_bench+0x608>
20004316:	f7fc f9cf 	bl	200006b8 <bench_esp_gone>
2000431a:	2800      	cmp	r0, #0
2000431c:	d11d      	bne.n	2000435a <ota_run_bench+0x6f6>
2000431e:	990e      	ldr	r1, [sp, #56]	@ 0x38
20004320:	481a      	ldr	r0, [pc, #104]	@ (2000438c <ota_run_bench+0x728>)
20004322:	f005 fba9 	bl	20009a78 <__wrap_printf>
20004326:	45a8      	cmp	r8, r5
20004328:	d086      	beq.n	20004238 <ota_run_bench+0x5d4>
2000432a:	980e      	ldr	r0, [sp, #56]	@ 0x38
2000432c:	4550      	cmp	r0, sl
2000432e:	d983      	bls.n	20004238 <ota_run_bench+0x5d4>
20004330:	9b09      	ldr	r3, [sp, #36]	@ 0x24
20004332:	2b01      	cmp	r3, #1
20004334:	d0c6      	beq.n	200042c4 <ota_run_bench+0x660>
20004336:	4b16      	ldr	r3, [pc, #88]	@ (20004390 <ota_run_bench+0x72c>)
20004338:	4298      	cmp	r0, r3
2000433a:	d800      	bhi.n	2000433e <ota_run_bench+0x6da>
2000433c:	e77c      	b.n	20004238 <ota_run_bench+0x5d4>
2000433e:	4b15      	ldr	r3, [pc, #84]	@ (20004394 <ota_run_bench+0x730>)
20004340:	469c      	mov	ip, r3
20004342:	4460      	add	r0, ip
20004344:	a911      	add	r1, sp, #68	@ 0x44
20004346:	f7fe f843 	bl	200023d0 <bench_resolve_rate>
2000434a:	2800      	cmp	r0, #0
2000434c:	d1c0      	bne.n	200042d0 <ota_run_bench+0x66c>
2000434e:	e773      	b.n	20004238 <ota_run_bench+0x5d4>
20004350:	2500      	movs	r5, #0
20004352:	9609      	str	r6, [sp, #36]	@ 0x24
20004354:	46d8      	mov	r8, fp
20004356:	46a2      	mov	sl, r4
20004358:	e7c5      	b.n	200042e6 <ota_run_bench+0x682>
2000435a:	900b      	str	r0, [sp, #44]	@ 0x2c
2000435c:	e76c      	b.n	20004238 <ota_run_bench+0x5d4>
2000435e:	2503      	movs	r5, #3
20004360:	e76f      	b.n	20004242 <ota_run_bench+0x5de>
20004362:	f7fc f889 	bl	20000478 <bench_uart_drain>
20004366:	4b0c      	ldr	r3, [pc, #48]	@ (20004398 <ota_run_bench+0x734>)
20004368:	6818      	ldr	r0, [r3, #0]
2000436a:	21fa      	movs	r1, #250	@ 0xfa
2000436c:	0089      	lsls	r1, r1, #2
2000436e:	f003 f8b9 	bl	200074e4 <__wrap___aeabi_uidiv>
20004372:	2100      	movs	r1, #0
20004374:	f7ff fc58 	bl	20003c28 <set_sys_clock_khz>
20004378:	f7ff f99a 	bl	200036b0 <bench_uart_reclock>
2000437c:	200b      	movs	r0, #11
2000437e:	f002 fea1 	bl	200070c4 <vreg_set_voltage>
20004382:	e5a8      	b.n	20003ed6 <ota_run_bench+0x272>
20004384:	20020e93 	.word	0x20020e93
20004388:	2000e3d0 	.word	0x2000e3d0
2000438c:	2000c140 	.word	0x2000c140
20004390:	000f4240 	.word	0x000f4240
20004394:	fff0bdc0 	.word	0xfff0bdc0
20004398:	2000e5e4 	.word	0x2000e5e4

2000439c <poll_esp_if_due>:
2000439c:	b5f0      	push	{r4, r5, r6, r7, lr}
2000439e:	46de      	mov	lr, fp
200043a0:	4657      	mov	r7, sl
200043a2:	464e      	mov	r6, r9
200043a4:	4645      	mov	r5, r8
200043a6:	b5e0      	push	{r5, r6, r7, lr}
200043a8:	b097      	sub	sp, #92	@ 0x5c
200043aa:	f002 fbd3 	bl	20006b54 <time_us_64>
200043ae:	0006      	movs	r6, r0
200043b0:	000f      	movs	r7, r1
200043b2:	4ace      	ldr	r2, [pc, #824]	@ (200046ec <poll_esp_if_due+0x350>)
200043b4:	6813      	ldr	r3, [r2, #0]
200043b6:	3301      	adds	r3, #1
200043b8:	6013      	str	r3, [r2, #0]
200043ba:	4bcd      	ldr	r3, [pc, #820]	@ (200046f0 <poll_esp_if_due+0x354>)
200043bc:	681a      	ldr	r2, [r3, #0]
200043be:	685b      	ldr	r3, [r3, #4]
200043c0:	428b      	cmp	r3, r1
200043c2:	d906      	bls.n	200043d2 <poll_esp_if_due+0x36>
200043c4:	b017      	add	sp, #92	@ 0x5c
200043c6:	bcf0      	pop	{r4, r5, r6, r7}
200043c8:	46bb      	mov	fp, r7
200043ca:	46b2      	mov	sl, r6
200043cc:	46a9      	mov	r9, r5
200043ce:	46a0      	mov	r8, r4
200043d0:	bdf0      	pop	{r4, r5, r6, r7, pc}
200043d2:	428b      	cmp	r3, r1
200043d4:	d101      	bne.n	200043da <poll_esp_if_due+0x3e>
200043d6:	4282      	cmp	r2, r0
200043d8:	d8f4      	bhi.n	200043c4 <poll_esp_if_due+0x28>
200043da:	f7fc fe89 	bl	200010f0 <poll_esp>
200043de:	4bc5      	ldr	r3, [pc, #788]	@ (200046f4 <poll_esp_if_due+0x358>)
200043e0:	7819      	ldrb	r1, [r3, #0]
200043e2:	2900      	cmp	r1, #0
200043e4:	d100      	bne.n	200043e8 <poll_esp_if_due+0x4c>
200043e6:	e0f3      	b.n	200045d0 <poll_esp_if_due+0x234>
200043e8:	4ac3      	ldr	r2, [pc, #780]	@ (200046f8 <poll_esp_if_due+0x35c>)
200043ea:	2300      	movs	r3, #0
200043ec:	0034      	movs	r4, r6
200043ee:	003d      	movs	r5, r7
200043f0:	1912      	adds	r2, r2, r4
200043f2:	416b      	adcs	r3, r5
200043f4:	48be      	ldr	r0, [pc, #760]	@ (200046f0 <poll_esp_if_due+0x354>)
200043f6:	6002      	str	r2, [r0, #0]
200043f8:	6043      	str	r3, [r0, #4]
200043fa:	2900      	cmp	r1, #0
200043fc:	d020      	beq.n	20004440 <poll_esp_if_due+0xa4>
200043fe:	4bbf      	ldr	r3, [pc, #764]	@ (200046fc <poll_esp_if_due+0x360>)
20004400:	681a      	ldr	r2, [r3, #0]
20004402:	4bbf      	ldr	r3, [pc, #764]	@ (20004700 <poll_esp_if_due+0x364>)
20004404:	681b      	ldr	r3, [r3, #0]
20004406:	429a      	cmp	r2, r3
20004408:	d100      	bne.n	2000440c <poll_esp_if_due+0x70>
2000440a:	e0e4      	b.n	200045d6 <poll_esp_if_due+0x23a>
2000440c:	4bbc      	ldr	r3, [pc, #752]	@ (20004700 <poll_esp_if_due+0x364>)
2000440e:	601a      	str	r2, [r3, #0]
20004410:	4bbc      	ldr	r3, [pc, #752]	@ (20004704 <poll_esp_if_due+0x368>)
20004412:	7819      	ldrb	r1, [r3, #0]
20004414:	4bbc      	ldr	r3, [pc, #752]	@ (20004708 <poll_esp_if_due+0x36c>)
20004416:	6019      	str	r1, [r3, #0]
20004418:	2902      	cmp	r1, #2
2000441a:	d900      	bls.n	2000441e <poll_esp_if_due+0x82>
2000441c:	2100      	movs	r1, #0
2000441e:	0a13      	lsrs	r3, r2, #8
20004420:	0c10      	lsrs	r0, r2, #16
20004422:	4684      	mov	ip, r0
20004424:	0e14      	lsrs	r4, r2, #24
20004426:	20ff      	movs	r0, #255	@ 0xff
20004428:	4003      	ands	r3, r0
2000442a:	4002      	ands	r2, r0
2000442c:	0089      	lsls	r1, r1, #2
2000442e:	4db7      	ldr	r5, [pc, #732]	@ (2000470c <poll_esp_if_due+0x370>)
20004430:	5949      	ldr	r1, [r1, r5]
20004432:	9401      	str	r4, [sp, #4]
20004434:	4664      	mov	r4, ip
20004436:	4020      	ands	r0, r4
20004438:	9000      	str	r0, [sp, #0]
2000443a:	48b5      	ldr	r0, [pc, #724]	@ (20004710 <poll_esp_if_due+0x374>)
2000443c:	f005 fb1c 	bl	20009a78 <__wrap_printf>
20004440:	4bac      	ldr	r3, [pc, #688]	@ (200046f4 <poll_esp_if_due+0x358>)
20004442:	781b      	ldrb	r3, [r3, #0]
20004444:	4ab3      	ldr	r2, [pc, #716]	@ (20004714 <poll_esp_if_due+0x378>)
20004446:	6812      	ldr	r2, [r2, #0]
20004448:	4293      	cmp	r3, r2
2000444a:	d011      	beq.n	20004470 <poll_esp_if_due+0xd4>
2000444c:	4ab1      	ldr	r2, [pc, #708]	@ (20004714 <poll_esp_if_due+0x378>)
2000444e:	6013      	str	r3, [r2, #0]
20004450:	2b00      	cmp	r3, #0
20004452:	d100      	bne.n	20004456 <poll_esp_if_due+0xba>
20004454:	e0c7      	b.n	200045e6 <poll_esp_if_due+0x24a>
20004456:	4bb0      	ldr	r3, [pc, #704]	@ (20004718 <poll_esp_if_due+0x37c>)
20004458:	469c      	mov	ip, r3
2000445a:	4bb0      	ldr	r3, [pc, #704]	@ (2000471c <poll_esp_if_due+0x380>)
2000445c:	681b      	ldr	r3, [r3, #0]
2000445e:	4ab0      	ldr	r2, [pc, #704]	@ (20004720 <poll_esp_if_due+0x384>)
20004460:	7812      	ldrb	r2, [r2, #0]
20004462:	48b0      	ldr	r0, [pc, #704]	@ (20004724 <poll_esp_if_due+0x388>)
20004464:	49b0      	ldr	r1, [pc, #704]	@ (20004728 <poll_esp_if_due+0x38c>)
20004466:	6809      	ldr	r1, [r1, #0]
20004468:	9100      	str	r1, [sp, #0]
2000446a:	4661      	mov	r1, ip
2000446c:	f005 fb04 	bl	20009a78 <__wrap_printf>
20004470:	4baa      	ldr	r3, [pc, #680]	@ (2000471c <poll_esp_if_due+0x380>)
20004472:	681a      	ldr	r2, [r3, #0]
20004474:	0014      	movs	r4, r2
20004476:	4bac      	ldr	r3, [pc, #688]	@ (20004728 <poll_esp_if_due+0x38c>)
20004478:	681b      	ldr	r3, [r3, #0]
2000447a:	001d      	movs	r5, r3
2000447c:	469c      	mov	ip, r3
2000447e:	4462      	add	r2, ip
20004480:	4baa      	ldr	r3, [pc, #680]	@ (2000472c <poll_esp_if_due+0x390>)
20004482:	681b      	ldr	r3, [r3, #0]
20004484:	1ad3      	subs	r3, r2, r3
20004486:	2b31      	cmp	r3, #49	@ 0x31
20004488:	d973      	bls.n	20004572 <poll_esp_if_due+0x1d6>
2000448a:	4ba8      	ldr	r3, [pc, #672]	@ (2000472c <poll_esp_if_due+0x390>)
2000448c:	601a      	str	r2, [r3, #0]
2000448e:	4ba8      	ldr	r3, [pc, #672]	@ (20004730 <poll_esp_if_due+0x394>)
20004490:	681b      	ldr	r3, [r3, #0]
20004492:	4699      	mov	r9, r3
20004494:	4ba7      	ldr	r3, [pc, #668]	@ (20004734 <poll_esp_if_due+0x398>)
20004496:	681b      	ldr	r3, [r3, #0]
20004498:	469a      	mov	sl, r3
2000449a:	4ba7      	ldr	r3, [pc, #668]	@ (20004738 <poll_esp_if_due+0x39c>)
2000449c:	681b      	ldr	r3, [r3, #0]
2000449e:	469b      	mov	fp, r3
200044a0:	4ba6      	ldr	r3, [pc, #664]	@ (2000473c <poll_esp_if_due+0x3a0>)
200044a2:	681b      	ldr	r3, [r3, #0]
200044a4:	4698      	mov	r8, r3
200044a6:	3301      	adds	r3, #1
200044a8:	d100      	bne.n	200044ac <poll_esp_if_due+0x110>
200044aa:	e09f      	b.n	200045ec <poll_esp_if_due+0x250>
200044ac:	22fa      	movs	r2, #250	@ 0xfa
200044ae:	0092      	lsls	r2, r2, #2
200044b0:	2300      	movs	r3, #0
200044b2:	0030      	movs	r0, r6
200044b4:	0039      	movs	r1, r7
200044b6:	f003 f853 	bl	20007560 <__wrap___aeabi_uldivmod>
200044ba:	0003      	movs	r3, r0
200044bc:	48a0      	ldr	r0, [pc, #640]	@ (20004740 <poll_esp_if_due+0x3a4>)
200044be:	9305      	str	r3, [sp, #20]
200044c0:	2320      	movs	r3, #32
200044c2:	9304      	str	r3, [sp, #16]
200044c4:	4b9f      	ldr	r3, [pc, #636]	@ (20004744 <poll_esp_if_due+0x3a8>)
200044c6:	681b      	ldr	r3, [r3, #0]
200044c8:	9303      	str	r3, [sp, #12]
200044ca:	4643      	mov	r3, r8
200044cc:	9302      	str	r3, [sp, #8]
200044ce:	465b      	mov	r3, fp
200044d0:	9301      	str	r3, [sp, #4]
200044d2:	4653      	mov	r3, sl
200044d4:	9300      	str	r3, [sp, #0]
200044d6:	464b      	mov	r3, r9
200044d8:	002a      	movs	r2, r5
200044da:	0021      	movs	r1, r4
200044dc:	f005 facc 	bl	20009a78 <__wrap_printf>
200044e0:	4b94      	ldr	r3, [pc, #592]	@ (20004734 <poll_esp_if_due+0x398>)
200044e2:	681b      	ldr	r3, [r3, #0]
200044e4:	4a98      	ldr	r2, [pc, #608]	@ (20004748 <poll_esp_if_due+0x3ac>)
200044e6:	6812      	ldr	r2, [r2, #0]
200044e8:	4293      	cmp	r3, r2
200044ea:	d042      	beq.n	20004572 <poll_esp_if_due+0x1d6>
200044ec:	4a96      	ldr	r2, [pc, #600]	@ (20004748 <poll_esp_if_due+0x3ac>)
200044ee:	6013      	str	r3, [r2, #0]
200044f0:	4896      	ldr	r0, [pc, #600]	@ (2000474c <poll_esp_if_due+0x3b0>)
200044f2:	7801      	ldrb	r1, [r0, #0]
200044f4:	7842      	ldrb	r2, [r0, #1]
200044f6:	7883      	ldrb	r3, [r0, #2]
200044f8:	78c4      	ldrb	r4, [r0, #3]
200044fa:	0025      	movs	r5, r4
200044fc:	7904      	ldrb	r4, [r0, #4]
200044fe:	0026      	movs	r6, r4
20004500:	7944      	ldrb	r4, [r0, #5]
20004502:	0027      	movs	r7, r4
20004504:	7984      	ldrb	r4, [r0, #6]
20004506:	46a0      	mov	r8, r4
20004508:	79c4      	ldrb	r4, [r0, #7]
2000450a:	46a1      	mov	r9, r4
2000450c:	7a04      	ldrb	r4, [r0, #8]
2000450e:	46a2      	mov	sl, r4
20004510:	7a44      	ldrb	r4, [r0, #9]
20004512:	46a4      	mov	ip, r4
20004514:	7a84      	ldrb	r4, [r0, #10]
20004516:	46a3      	mov	fp, r4
20004518:	7ac4      	ldrb	r4, [r0, #11]
2000451a:	9411      	str	r4, [sp, #68]	@ 0x44
2000451c:	7b04      	ldrb	r4, [r0, #12]
2000451e:	9412      	str	r4, [sp, #72]	@ 0x48
20004520:	7b44      	ldrb	r4, [r0, #13]
20004522:	9413      	str	r4, [sp, #76]	@ 0x4c
20004524:	7b84      	ldrb	r4, [r0, #14]
20004526:	7bc0      	ldrb	r0, [r0, #15]
20004528:	9014      	str	r0, [sp, #80]	@ 0x50
2000452a:	4889      	ldr	r0, [pc, #548]	@ (20004750 <poll_esp_if_due+0x3b4>)
2000452c:	7800      	ldrb	r0, [r0, #0]
2000452e:	9015      	str	r0, [sp, #84]	@ 0x54
20004530:	4888      	ldr	r0, [pc, #544]	@ (20004754 <poll_esp_if_due+0x3b8>)
20004532:	7800      	ldrb	r0, [r0, #0]
20004534:	2800      	cmp	r0, #0
20004536:	d05c      	beq.n	200045f2 <poll_esp_if_due+0x256>
20004538:	4887      	ldr	r0, [pc, #540]	@ (20004758 <poll_esp_if_due+0x3bc>)
2000453a:	900e      	str	r0, [sp, #56]	@ 0x38
2000453c:	9815      	ldr	r0, [sp, #84]	@ 0x54
2000453e:	900d      	str	r0, [sp, #52]	@ 0x34
20004540:	9814      	ldr	r0, [sp, #80]	@ 0x50
20004542:	900c      	str	r0, [sp, #48]	@ 0x30
20004544:	940b      	str	r4, [sp, #44]	@ 0x2c
20004546:	9813      	ldr	r0, [sp, #76]	@ 0x4c
20004548:	900a      	str	r0, [sp, #40]	@ 0x28
2000454a:	9812      	ldr	r0, [sp, #72]	@ 0x48
2000454c:	9009      	str	r0, [sp, #36]	@ 0x24
2000454e:	9811      	ldr	r0, [sp, #68]	@ 0x44
20004550:	9008      	str	r0, [sp, #32]
20004552:	4658      	mov	r0, fp
20004554:	9007      	str	r0, [sp, #28]
20004556:	4660      	mov	r0, ip
20004558:	9006      	str	r0, [sp, #24]
2000455a:	4650      	mov	r0, sl
2000455c:	9005      	str	r0, [sp, #20]
2000455e:	4648      	mov	r0, r9
20004560:	9004      	str	r0, [sp, #16]
20004562:	4640      	mov	r0, r8
20004564:	9003      	str	r0, [sp, #12]
20004566:	9702      	str	r7, [sp, #8]
20004568:	9601      	str	r6, [sp, #4]
2000456a:	9500      	str	r5, [sp, #0]
2000456c:	487b      	ldr	r0, [pc, #492]	@ (2000475c <poll_esp_if_due+0x3c0>)
2000456e:	f005 fa83 	bl	20009a78 <__wrap_printf>
20004572:	4b60      	ldr	r3, [pc, #384]	@ (200046f4 <poll_esp_if_due+0x358>)
20004574:	781b      	ldrb	r3, [r3, #0]
20004576:	2b00      	cmp	r3, #0
20004578:	d003      	beq.n	20004582 <poll_esp_if_due+0x1e6>
2000457a:	4a79      	ldr	r2, [pc, #484]	@ (20004760 <poll_esp_if_due+0x3c4>)
2000457c:	7812      	ldrb	r2, [r2, #0]
2000457e:	2a00      	cmp	r2, #0
20004580:	d139      	bne.n	200045f6 <poll_esp_if_due+0x25a>
20004582:	2b00      	cmp	r3, #0
20004584:	d007      	beq.n	20004596 <poll_esp_if_due+0x1fa>
20004586:	4b77      	ldr	r3, [pc, #476]	@ (20004764 <poll_esp_if_due+0x3c8>)
20004588:	7818      	ldrb	r0, [r3, #0]
2000458a:	2800      	cmp	r0, #0
2000458c:	d003      	beq.n	20004596 <poll_esp_if_due+0x1fa>
2000458e:	4b76      	ldr	r3, [pc, #472]	@ (20004768 <poll_esp_if_due+0x3cc>)
20004590:	781b      	ldrb	r3, [r3, #0]
20004592:	2b00      	cmp	r3, #0
20004594:	d040      	beq.n	20004618 <poll_esp_if_due+0x27c>
20004596:	4b74      	ldr	r3, [pc, #464]	@ (20004768 <poll_esp_if_due+0x3cc>)
20004598:	4a72      	ldr	r2, [pc, #456]	@ (20004764 <poll_esp_if_due+0x3c8>)
2000459a:	7812      	ldrb	r2, [r2, #0]
2000459c:	701a      	strb	r2, [r3, #0]
2000459e:	4b55      	ldr	r3, [pc, #340]	@ (200046f4 <poll_esp_if_due+0x358>)
200045a0:	781b      	ldrb	r3, [r3, #0]
200045a2:	2b00      	cmp	r3, #0
200045a4:	d003      	beq.n	200045ae <poll_esp_if_due+0x212>
200045a6:	4a71      	ldr	r2, [pc, #452]	@ (2000476c <poll_esp_if_due+0x3d0>)
200045a8:	7812      	ldrb	r2, [r2, #0]
200045aa:	2a00      	cmp	r2, #0
200045ac:	d140      	bne.n	20004630 <poll_esp_if_due+0x294>
200045ae:	2b00      	cmp	r3, #0
200045b0:	d007      	beq.n	200045c2 <poll_esp_if_due+0x226>
200045b2:	4b6f      	ldr	r3, [pc, #444]	@ (20004770 <poll_esp_if_due+0x3d4>)
200045b4:	781b      	ldrb	r3, [r3, #0]
200045b6:	2b00      	cmp	r3, #0
200045b8:	d003      	beq.n	200045c2 <poll_esp_if_due+0x226>
200045ba:	4b6e      	ldr	r3, [pc, #440]	@ (20004774 <poll_esp_if_due+0x3d8>)
200045bc:	781b      	ldrb	r3, [r3, #0]
200045be:	2b00      	cmp	r3, #0
200045c0:	d044      	beq.n	2000464c <poll_esp_if_due+0x2b0>
200045c2:	4b4c      	ldr	r3, [pc, #304]	@ (200046f4 <poll_esp_if_due+0x358>)
200045c4:	781b      	ldrb	r3, [r3, #0]
200045c6:	2b00      	cmp	r3, #0
200045c8:	d04c      	beq.n	20004664 <poll_esp_if_due+0x2c8>
200045ca:	4a69      	ldr	r2, [pc, #420]	@ (20004770 <poll_esp_if_due+0x3d4>)
200045cc:	7811      	ldrb	r1, [r2, #0]
200045ce:	e04a      	b.n	20004666 <poll_esp_if_due+0x2ca>
200045d0:	4a69      	ldr	r2, [pc, #420]	@ (20004778 <poll_esp_if_due+0x3dc>)
200045d2:	2300      	movs	r3, #0
200045d4:	e70a      	b.n	200043ec <poll_esp_if_due+0x50>
200045d6:	4b4b      	ldr	r3, [pc, #300]	@ (20004704 <poll_esp_if_due+0x368>)
200045d8:	7819      	ldrb	r1, [r3, #0]
200045da:	4b4b      	ldr	r3, [pc, #300]	@ (20004708 <poll_esp_if_due+0x36c>)
200045dc:	681b      	ldr	r3, [r3, #0]
200045de:	4299      	cmp	r1, r3
200045e0:	d000      	beq.n	200045e4 <poll_esp_if_due+0x248>
200045e2:	e713      	b.n	2000440c <poll_esp_if_due+0x70>
200045e4:	e72c      	b.n	20004440 <poll_esp_if_due+0xa4>
200045e6:	4b65      	ldr	r3, [pc, #404]	@ (2000477c <poll_esp_if_due+0x3e0>)
200045e8:	469c      	mov	ip, r3
200045ea:	e736      	b.n	2000445a <poll_esp_if_due+0xbe>
200045ec:	2300      	movs	r3, #0
200045ee:	4698      	mov	r8, r3
200045f0:	e75c      	b.n	200044ac <poll_esp_if_due+0x110>
200045f2:	4863      	ldr	r0, [pc, #396]	@ (20004780 <poll_esp_if_due+0x3e4>)
200045f4:	e7a1      	b.n	2000453a <poll_esp_if_due+0x19e>
200045f6:	4863      	ldr	r0, [pc, #396]	@ (20004784 <poll_esp_if_due+0x3e8>)
200045f8:	f005 fa0f 	bl	20009a1a <__wrap_puts>
200045fc:	4b62      	ldr	r3, [pc, #392]	@ (20004788 <poll_esp_if_due+0x3ec>)
200045fe:	681b      	ldr	r3, [r3, #0]
20004600:	6898      	ldr	r0, [r3, #8]
20004602:	f005 ffcb 	bl	2000a59c <fflush>
20004606:	4b61      	ldr	r3, [pc, #388]	@ (2000478c <poll_esp_if_due+0x3f0>)
20004608:	4a61      	ldr	r2, [pc, #388]	@ (20004790 <poll_esp_if_due+0x3f4>)
2000460a:	601a      	str	r2, [r3, #0]
2000460c:	2200      	movs	r2, #0
2000460e:	2100      	movs	r1, #0
20004610:	2000      	movs	r0, #0
20004612:	f002 fdbf 	bl	20007194 <watchdog_reboot>
20004616:	e7fe      	b.n	20004616 <poll_esp_if_due+0x27a>
20004618:	f7fd f962 	bl	200018e0 <st_run_sw_probe>
2000461c:	f002 fa9a 	bl	20006b54 <time_us_64>
20004620:	4a35      	ldr	r2, [pc, #212]	@ (200046f8 <poll_esp_if_due+0x35c>)
20004622:	2300      	movs	r3, #0
20004624:	1880      	adds	r0, r0, r2
20004626:	4159      	adcs	r1, r3
20004628:	4b31      	ldr	r3, [pc, #196]	@ (200046f0 <poll_esp_if_due+0x354>)
2000462a:	6018      	str	r0, [r3, #0]
2000462c:	6059      	str	r1, [r3, #4]
2000462e:	e7b2      	b.n	20004596 <poll_esp_if_due+0x1fa>
20004630:	4858      	ldr	r0, [pc, #352]	@ (20004794 <poll_esp_if_due+0x3f8>)
20004632:	f005 f9f2 	bl	20009a1a <__wrap_puts>
20004636:	4b54      	ldr	r3, [pc, #336]	@ (20004788 <poll_esp_if_due+0x3ec>)
20004638:	681b      	ldr	r3, [r3, #0]
2000463a:	6898      	ldr	r0, [r3, #8]
2000463c:	f005 ffae 	bl	2000a59c <fflush>
20004640:	2200      	movs	r2, #0
20004642:	2100      	movs	r1, #0
20004644:	2000      	movs	r0, #0
20004646:	f002 fda5 	bl	20007194 <watchdog_reboot>
2000464a:	e7fe      	b.n	2000464a <poll_esp_if_due+0x2ae>
2000464c:	f7fd fb40 	bl	20001cd0 <st_blink_led>
20004650:	f002 fa80 	bl	20006b54 <time_us_64>
20004654:	4a28      	ldr	r2, [pc, #160]	@ (200046f8 <poll_esp_if_due+0x35c>)
20004656:	2300      	movs	r3, #0
20004658:	1880      	adds	r0, r0, r2
2000465a:	4159      	adcs	r1, r3
2000465c:	4b24      	ldr	r3, [pc, #144]	@ (200046f0 <poll_esp_if_due+0x354>)
2000465e:	6018      	str	r0, [r3, #0]
20004660:	6059      	str	r1, [r3, #4]
20004662:	e7ae      	b.n	200045c2 <poll_esp_if_due+0x226>
20004664:	2100      	movs	r1, #0
20004666:	4a43      	ldr	r2, [pc, #268]	@ (20004774 <poll_esp_if_due+0x3d8>)
20004668:	7011      	strb	r1, [r2, #0]
2000466a:	2b00      	cmp	r3, #0
2000466c:	d00a      	beq.n	20004684 <poll_esp_if_due+0x2e8>
2000466e:	4b4a      	ldr	r3, [pc, #296]	@ (20004798 <poll_esp_if_due+0x3fc>)
20004670:	781b      	ldrb	r3, [r3, #0]
20004672:	2b00      	cmp	r3, #0
20004674:	d006      	beq.n	20004684 <poll_esp_if_due+0x2e8>
20004676:	4b49      	ldr	r3, [pc, #292]	@ (2000479c <poll_esp_if_due+0x400>)
20004678:	781b      	ldrb	r3, [r3, #0]
2000467a:	4a49      	ldr	r2, [pc, #292]	@ (200047a0 <poll_esp_if_due+0x404>)
2000467c:	6812      	ldr	r2, [r2, #0]
2000467e:	4293      	cmp	r3, r2
20004680:	d000      	beq.n	20004684 <poll_esp_if_due+0x2e8>
20004682:	e099      	b.n	200047b8 <poll_esp_if_due+0x41c>
20004684:	4b1b      	ldr	r3, [pc, #108]	@ (200046f4 <poll_esp_if_due+0x358>)
20004686:	781b      	ldrb	r3, [r3, #0]
20004688:	2b00      	cmp	r3, #0
2000468a:	d00a      	beq.n	200046a2 <poll_esp_if_due+0x306>
2000468c:	4b45      	ldr	r3, [pc, #276]	@ (200047a4 <poll_esp_if_due+0x408>)
2000468e:	781b      	ldrb	r3, [r3, #0]
20004690:	2b00      	cmp	r3, #0
20004692:	d006      	beq.n	200046a2 <poll_esp_if_due+0x306>
20004694:	4b44      	ldr	r3, [pc, #272]	@ (200047a8 <poll_esp_if_due+0x40c>)
20004696:	781b      	ldrb	r3, [r3, #0]
20004698:	4a44      	ldr	r2, [pc, #272]	@ (200047ac <poll_esp_if_due+0x410>)
2000469a:	6812      	ldr	r2, [r2, #0]
2000469c:	4293      	cmp	r3, r2
2000469e:	d000      	beq.n	200046a2 <poll_esp_if_due+0x306>
200046a0:	e098      	b.n	200047d4 <poll_esp_if_due+0x438>
200046a2:	4b14      	ldr	r3, [pc, #80]	@ (200046f4 <poll_esp_if_due+0x358>)
200046a4:	781b      	ldrb	r3, [r3, #0]
200046a6:	2b00      	cmp	r3, #0
200046a8:	d000      	beq.n	200046ac <poll_esp_if_due+0x310>
200046aa:	e0a1      	b.n	200047f0 <poll_esp_if_due+0x454>
200046ac:	4b11      	ldr	r3, [pc, #68]	@ (200046f4 <poll_esp_if_due+0x358>)
200046ae:	781b      	ldrb	r3, [r3, #0]
200046b0:	2b00      	cmp	r3, #0
200046b2:	d004      	beq.n	200046be <poll_esp_if_due+0x322>
200046b4:	4b3e      	ldr	r3, [pc, #248]	@ (200047b0 <poll_esp_if_due+0x414>)
200046b6:	781b      	ldrb	r3, [r3, #0]
200046b8:	2b00      	cmp	r3, #0
200046ba:	d000      	beq.n	200046be <poll_esp_if_due+0x322>
200046bc:	e09b      	b.n	200047f6 <poll_esp_if_due+0x45a>
200046be:	4b0d      	ldr	r3, [pc, #52]	@ (200046f4 <poll_esp_if_due+0x358>)
200046c0:	781b      	ldrb	r3, [r3, #0]
200046c2:	2b00      	cmp	r3, #0
200046c4:	d100      	bne.n	200046c8 <poll_esp_if_due+0x32c>
200046c6:	e67d      	b.n	200043c4 <poll_esp_if_due+0x28>
200046c8:	4b3a      	ldr	r3, [pc, #232]	@ (200047b4 <poll_esp_if_due+0x418>)
200046ca:	781b      	ldrb	r3, [r3, #0]
200046cc:	2b00      	cmp	r3, #0
200046ce:	d100      	bne.n	200046d2 <poll_esp_if_due+0x336>
200046d0:	e678      	b.n	200043c4 <poll_esp_if_due+0x28>
200046d2:	f7fe fb0d 	bl	20002cf0 <ota_commit_staged_image>
200046d6:	f002 fa3d 	bl	20006b54 <time_us_64>
200046da:	4a07      	ldr	r2, [pc, #28]	@ (200046f8 <poll_esp_if_due+0x35c>)
200046dc:	2300      	movs	r3, #0
200046de:	1880      	adds	r0, r0, r2
200046e0:	4159      	adcs	r1, r3
200046e2:	4b03      	ldr	r3, [pc, #12]	@ (200046f0 <poll_esp_if_due+0x354>)
200046e4:	6018      	str	r0, [r3, #0]
200046e6:	6059      	str	r1, [r3, #4]
200046e8:	e66c      	b.n	200043c4 <poll_esp_if_due+0x28>
200046ea:	46c0      	nop			@ (mov r8, r8)
200046ec:	2000fd14 	.word	0x2000fd14
200046f0:	2000e248 	.word	0x2000e248
200046f4:	20020ea0 	.word	0x20020ea0
200046f8:	0000c350 	.word	0x0000c350
200046fc:	2000fd38 	.word	0x2000fd38
20004700:	2000d998 	.word	0x2000d998
20004704:	20020ead 	.word	0x20020ead
20004708:	2000d994 	.word	0x2000d994
2000470c:	2000d56c 	.word	0x2000d56c
20004710:	2000c204 	.word	0x2000c204
20004714:	2000d99c 	.word	0x2000d99c
20004718:	2000c1d4 	.word	0x2000c1d4
2000471c:	2000fd1c 	.word	0x2000fd1c
20004720:	20020e9d 	.word	0x20020e9d
20004724:	2000c228 	.word	0x2000c228
20004728:	2000fd18 	.word	0x2000fd18
2000472c:	2000fd20 	.word	0x2000fd20
20004730:	2000fd24 	.word	0x2000fd24
20004734:	2000fd10 	.word	0x2000fd10
20004738:	2000fcf8 	.word	0x2000fcf8
2000473c:	2000d988 	.word	0x2000d988
20004740:	2000c25c 	.word	0x2000c25c
20004744:	2000fcfc 	.word	0x2000fcfc
20004748:	2000fcec 	.word	0x2000fcec
2000474c:	2000fd00 	.word	0x2000fd00
20004750:	20020e9f 	.word	0x20020e9f
20004754:	20020e9e 	.word	0x20020e9e
20004758:	2000c1e0 	.word	0x2000c1e0
2000475c:	2000c2c8 	.word	0x2000c2c8
20004760:	20020ea3 	.word	0x20020ea3
20004764:	20020eab 	.word	0x20020eab
20004768:	20020eb3 	.word	0x20020eb3
2000476c:	20020ea6 	.word	0x20020ea6
20004770:	20020ea8 	.word	0x20020ea8
20004774:	20020eb2 	.word	0x20020eb2
20004778:	0007a120 	.word	0x0007a120
2000477c:	2000c1d8 	.word	0x2000c1d8
20004780:	2000b3e4 	.word	0x2000b3e4
20004784:	2000c33c 	.word	0x2000c33c
20004788:	2000de74 	.word	0x2000de74
2000478c:	200000c0 	.word	0x200000c0
20004790:	b0075e1e 	.word	0xb0075e1e
20004794:	2000c380 	.word	0x2000c380
20004798:	20020ea7 	.word	0x20020ea7
2000479c:	20020eac 	.word	0x20020eac
200047a0:	2000d990 	.word	0x2000d990
200047a4:	20020e96 	.word	0x20020e96
200047a8:	20020e9b 	.word	0x20020e9b
200047ac:	2000d98c 	.word	0x2000d98c
200047b0:	20020ea5 	.word	0x20020ea5
200047b4:	20020ea4 	.word	0x20020ea4
200047b8:	4a15      	ldr	r2, [pc, #84]	@ (20004810 <poll_esp_if_due+0x474>)
200047ba:	6013      	str	r3, [r2, #0]
200047bc:	f7fe fd7c 	bl	200032b8 <ota_run_selftest>
200047c0:	f002 f9c8 	bl	20006b54 <time_us_64>
200047c4:	4a13      	ldr	r2, [pc, #76]	@ (20004814 <poll_esp_if_due+0x478>)
200047c6:	2300      	movs	r3, #0
200047c8:	1880      	adds	r0, r0, r2
200047ca:	4159      	adcs	r1, r3
200047cc:	4b12      	ldr	r3, [pc, #72]	@ (20004818 <poll_esp_if_due+0x47c>)
200047ce:	6018      	str	r0, [r3, #0]
200047d0:	6059      	str	r1, [r3, #4]
200047d2:	e757      	b.n	20004684 <poll_esp_if_due+0x2e8>
200047d4:	4a11      	ldr	r2, [pc, #68]	@ (2000481c <poll_esp_if_due+0x480>)
200047d6:	6013      	str	r3, [r2, #0]
200047d8:	f7ff fa44 	bl	20003c64 <ota_run_bench>
200047dc:	f002 f9ba 	bl	20006b54 <time_us_64>
200047e0:	4a0c      	ldr	r2, [pc, #48]	@ (20004814 <poll_esp_if_due+0x478>)
200047e2:	2300      	movs	r3, #0
200047e4:	1880      	adds	r0, r0, r2
200047e6:	4159      	adcs	r1, r3
200047e8:	4b0b      	ldr	r3, [pc, #44]	@ (20004818 <poll_esp_if_due+0x47c>)
200047ea:	6018      	str	r0, [r3, #0]
200047ec:	6059      	str	r1, [r3, #4]
200047ee:	e758      	b.n	200046a2 <poll_esp_if_due+0x306>
200047f0:	f7fe f912 	bl	20002a18 <ota_mark_healthy>
200047f4:	e75a      	b.n	200046ac <poll_esp_if_due+0x310>
200047f6:	f7fe f93b 	bl	20002a70 <ota_receive_rp_image_if_offered>
200047fa:	f002 f9ab 	bl	20006b54 <time_us_64>
200047fe:	4a05      	ldr	r2, [pc, #20]	@ (20004814 <poll_esp_if_due+0x478>)
20004800:	2300      	movs	r3, #0
20004802:	1880      	adds	r0, r0, r2
20004804:	4159      	adcs	r1, r3
20004806:	4b04      	ldr	r3, [pc, #16]	@ (20004818 <poll_esp_if_due+0x47c>)
20004808:	6018      	str	r0, [r3, #0]
2000480a:	6059      	str	r1, [r3, #4]
2000480c:	e757      	b.n	200046be <poll_esp_if_due+0x322>
2000480e:	46c0      	nop			@ (mov r8, r8)
20004810:	2000d990 	.word	0x2000d990
20004814:	0000c350 	.word	0x0000c350
20004818:	2000e248 	.word	0x2000e248
2000481c:	2000d98c 	.word	0x2000d98c

20004820 <core1_main>:
20004820:	b5f0      	push	{r4, r5, r6, r7, lr}
20004822:	46c6      	mov	lr, r8
20004824:	b500      	push	{lr}
20004826:	b082      	sub	sp, #8
20004828:	24fa      	movs	r4, #250	@ 0xfa
2000482a:	00e4      	lsls	r4, r4, #3
2000482c:	0020      	movs	r0, r4
2000482e:	f002 f88d 	bl	2000694c <sleep_ms>
20004832:	201c      	movs	r0, #28
20004834:	f001 f8f7 	bl	20005a26 <gpio_init>
20004838:	23d0      	movs	r3, #208	@ 0xd0
2000483a:	061b      	lsls	r3, r3, #24
2000483c:	2280      	movs	r2, #128	@ 0x80
2000483e:	0552      	lsls	r2, r2, #21
20004840:	629a      	str	r2, [r3, #40]	@ 0x28
20004842:	2200      	movs	r2, #0
20004844:	2101      	movs	r1, #1
20004846:	201c      	movs	r0, #28
20004848:	f001 f86c 	bl	20005924 <gpio_set_pulls>
2000484c:	0020      	movs	r0, r4
2000484e:	f002 f87d 	bl	2000694c <sleep_ms>
20004852:	f7fc f8cf 	bl	200009f4 <esp_link_uart_init>
20004856:	2200      	movs	r2, #0
20004858:	4b90      	ldr	r3, [pc, #576]	@ (20004a9c <core1_main+0x27c>)
2000485a:	429a      	cmp	r2, r3
2000485c:	dc06      	bgt.n	2000486c <core1_main+0x4c>
2000485e:	23d0      	movs	r3, #208	@ 0xd0
20004860:	061b      	lsls	r3, r3, #24
20004862:	685b      	ldr	r3, [r3, #4]
20004864:	041b      	lsls	r3, r3, #16
20004866:	d403      	bmi.n	20004870 <core1_main+0x50>
20004868:	3201      	adds	r2, #1
2000486a:	e7f5      	b.n	20004858 <core1_main+0x38>
2000486c:	2300      	movs	r3, #0
2000486e:	e000      	b.n	20004872 <core1_main+0x52>
20004870:	2301      	movs	r3, #1
20004872:	2b00      	cmp	r3, #0
20004874:	d008      	beq.n	20004888 <core1_main+0x68>
20004876:	488a      	ldr	r0, [pc, #552]	@ (20004aa0 <core1_main+0x280>)
20004878:	f005 f8cf 	bl	20009a1a <__wrap_puts>
2000487c:	f7fb ff9a 	bl	200007b4 <esp_link_master_init>
20004880:	2301      	movs	r3, #1
20004882:	4698      	mov	r8, r3
20004884:	2700      	movs	r7, #0
20004886:	e054      	b.n	20004932 <core1_main+0x112>
20004888:	4886      	ldr	r0, [pc, #536]	@ (20004aa4 <core1_main+0x284>)
2000488a:	e7f5      	b.n	20004878 <core1_main+0x58>
2000488c:	23d0      	movs	r3, #208	@ 0xd0
2000488e:	061b      	lsls	r3, r3, #24
20004890:	2280      	movs	r2, #128	@ 0x80
20004892:	01d2      	lsls	r2, r2, #7
20004894:	619a      	str	r2, [r3, #24]
20004896:	2e00      	cmp	r6, #0
20004898:	d000      	beq.n	2000489c <core1_main+0x7c>
2000489a:	e097      	b.n	200049cc <core1_main+0x1ac>
2000489c:	4b82      	ldr	r3, [pc, #520]	@ (20004aa8 <core1_main+0x288>)
2000489e:	781b      	ldrb	r3, [r3, #0]
200048a0:	2b00      	cmp	r3, #0
200048a2:	d004      	beq.n	200048ae <core1_main+0x8e>
200048a4:	4b81      	ldr	r3, [pc, #516]	@ (20004aac <core1_main+0x28c>)
200048a6:	781b      	ldrb	r3, [r3, #0]
200048a8:	4543      	cmp	r3, r8
200048aa:	d100      	bne.n	200048ae <core1_main+0x8e>
200048ac:	e08e      	b.n	200049cc <core1_main+0x1ac>
200048ae:	f7ff fd75 	bl	2000439c <poll_esp_if_due>
200048b2:	4b7f      	ldr	r3, [pc, #508]	@ (20004ab0 <core1_main+0x290>)
200048b4:	681b      	ldr	r3, [r3, #0]
200048b6:	4a7f      	ldr	r2, [pc, #508]	@ (20004ab4 <core1_main+0x294>)
200048b8:	6812      	ldr	r2, [r2, #0]
200048ba:	4293      	cmp	r3, r2
200048bc:	d017      	beq.n	200048ee <core1_main+0xce>
200048be:	4a7d      	ldr	r2, [pc, #500]	@ (20004ab4 <core1_main+0x294>)
200048c0:	6013      	str	r3, [r2, #0]
200048c2:	4b7d      	ldr	r3, [pc, #500]	@ (20004ab8 <core1_main+0x298>)
200048c4:	781b      	ldrb	r3, [r3, #0]
200048c6:	2b00      	cmp	r3, #0
200048c8:	d00e      	beq.n	200048e8 <core1_main+0xc8>
200048ca:	4b77      	ldr	r3, [pc, #476]	@ (20004aa8 <core1_main+0x288>)
200048cc:	781b      	ldrb	r3, [r3, #0]
200048ce:	2b00      	cmp	r3, #0
200048d0:	d00a      	beq.n	200048e8 <core1_main+0xc8>
200048d2:	4b7a      	ldr	r3, [pc, #488]	@ (20004abc <core1_main+0x29c>)
200048d4:	781b      	ldrb	r3, [r3, #0]
200048d6:	2b00      	cmp	r3, #0
200048d8:	d106      	bne.n	200048e8 <core1_main+0xc8>
200048da:	4b79      	ldr	r3, [pc, #484]	@ (20004ac0 <core1_main+0x2a0>)
200048dc:	681a      	ldr	r2, [r3, #0]
200048de:	4b79      	ldr	r3, [pc, #484]	@ (20004ac4 <core1_main+0x2a4>)
200048e0:	681b      	ldr	r3, [r3, #0]
200048e2:	429a      	cmp	r2, r3
200048e4:	d100      	bne.n	200048e8 <core1_main+0xc8>
200048e6:	e084      	b.n	200049f2 <core1_main+0x1d2>
200048e8:	4b77      	ldr	r3, [pc, #476]	@ (20004ac8 <core1_main+0x2a8>)
200048ea:	2200      	movs	r2, #0
200048ec:	701a      	strb	r2, [r3, #0]
200048ee:	0038      	movs	r0, r7
200048f0:	f7fc fe62 	bl	200015b8 <report_packets_sent>
200048f4:	4b75      	ldr	r3, [pc, #468]	@ (20004acc <core1_main+0x2ac>)
200048f6:	681a      	ldr	r2, [r3, #0]
200048f8:	4b75      	ldr	r3, [pc, #468]	@ (20004ad0 <core1_main+0x2b0>)
200048fa:	681b      	ldr	r3, [r3, #0]
200048fc:	429a      	cmp	r2, r3
200048fe:	d011      	beq.n	20004924 <core1_main+0x104>
20004900:	4b72      	ldr	r3, [pc, #456]	@ (20004acc <core1_main+0x2ac>)
20004902:	6819      	ldr	r1, [r3, #0]
20004904:	4a72      	ldr	r2, [pc, #456]	@ (20004ad0 <core1_main+0x2b0>)
20004906:	6011      	str	r1, [r2, #0]
20004908:	6819      	ldr	r1, [r3, #0]
2000490a:	4b72      	ldr	r3, [pc, #456]	@ (20004ad4 <core1_main+0x2b4>)
2000490c:	681b      	ldr	r3, [r3, #0]
2000490e:	4a6b      	ldr	r2, [pc, #428]	@ (20004abc <core1_main+0x29c>)
20004910:	7812      	ldrb	r2, [r2, #0]
20004912:	2a00      	cmp	r2, #0
20004914:	d100      	bne.n	20004918 <core1_main+0xf8>
20004916:	e0b5      	b.n	20004a84 <core1_main+0x264>
20004918:	4a6f      	ldr	r2, [pc, #444]	@ (20004ad8 <core1_main+0x2b8>)
2000491a:	4870      	ldr	r0, [pc, #448]	@ (20004adc <core1_main+0x2bc>)
2000491c:	9200      	str	r2, [sp, #0]
2000491e:	003a      	movs	r2, r7
20004920:	f005 f8aa 	bl	20009a78 <__wrap_printf>
20004924:	4b6e      	ldr	r3, [pc, #440]	@ (20004ae0 <core1_main+0x2c0>)
20004926:	681a      	ldr	r2, [r3, #0]
20004928:	4b6e      	ldr	r3, [pc, #440]	@ (20004ae4 <core1_main+0x2c4>)
2000492a:	681b      	ldr	r3, [r3, #0]
2000492c:	429a      	cmp	r2, r3
2000492e:	d000      	beq.n	20004932 <core1_main+0x112>
20004930:	e0aa      	b.n	20004a88 <core1_main+0x268>
20004932:	4b61      	ldr	r3, [pc, #388]	@ (20004ab8 <core1_main+0x298>)
20004934:	781b      	ldrb	r3, [r3, #0]
20004936:	2b00      	cmp	r3, #0
20004938:	d0b9      	beq.n	200048ae <core1_main+0x8e>
2000493a:	4b61      	ldr	r3, [pc, #388]	@ (20004ac0 <core1_main+0x2a0>)
2000493c:	681a      	ldr	r2, [r3, #0]
2000493e:	4b61      	ldr	r3, [pc, #388]	@ (20004ac4 <core1_main+0x2a4>)
20004940:	681b      	ldr	r3, [r3, #0]
20004942:	429a      	cmp	r2, r3
20004944:	d0b3      	beq.n	200048ae <core1_main+0x8e>
20004946:	4c68      	ldr	r4, [pc, #416]	@ (20004ae8 <core1_main+0x2c8>)
20004948:	2301      	movs	r3, #1
2000494a:	7023      	strb	r3, [r4, #0]
2000494c:	4643      	mov	r3, r8
2000494e:	7063      	strb	r3, [r4, #1]
20004950:	4b5b      	ldr	r3, [pc, #364]	@ (20004ac0 <core1_main+0x2a0>)
20004952:	6818      	ldr	r0, [r3, #0]
20004954:	21fa      	movs	r1, #250	@ 0xfa
20004956:	00c9      	lsls	r1, r1, #3
20004958:	f002 fdc4 	bl	200074e4 <__wrap___aeabi_uidiv>
2000495c:	014a      	lsls	r2, r1, #5
2000495e:	4b63      	ldr	r3, [pc, #396]	@ (20004aec <core1_main+0x2cc>)
20004960:	18d2      	adds	r2, r2, r3
20004962:	4963      	ldr	r1, [pc, #396]	@ (20004af0 <core1_main+0x2d0>)
20004964:	3402      	adds	r4, #2
20004966:	0020      	movs	r0, r4
20004968:	f004 fe5a 	bl	20009620 <__wrap_sprintf>
2000496c:	0020      	movs	r0, r4
2000496e:	f006 f843 	bl	2000a9f8 <strlen>
20004972:	1c85      	adds	r5, r0, #2
20004974:	2400      	movs	r4, #0
20004976:	2600      	movs	r6, #0
20004978:	e000      	b.n	2000497c <core1_main+0x15c>
2000497a:	0006      	movs	r6, r0
2000497c:	2c02      	cmp	r4, #2
2000497e:	d88a      	bhi.n	20004896 <core1_main+0x76>
20004980:	2c01      	cmp	r4, #1
20004982:	d820      	bhi.n	200049c6 <core1_main+0x1a6>
20004984:	3401      	adds	r4, #1
20004986:	23d0      	movs	r3, #208	@ 0xd0
20004988:	061b      	lsls	r3, r3, #24
2000498a:	2280      	movs	r2, #128	@ 0x80
2000498c:	01d2      	lsls	r2, r2, #7
2000498e:	615a      	str	r2, [r3, #20]
20004990:	20fa      	movs	r0, #250	@ 0xfa
20004992:	00c0      	lsls	r0, r0, #3
20004994:	f7fc f86e 	bl	20000a74 <wait_esp_ready>
20004998:	2800      	cmp	r0, #0
2000499a:	d100      	bne.n	2000499e <core1_main+0x17e>
2000499c:	e776      	b.n	2000488c <core1_main+0x6c>
2000499e:	23d0      	movs	r3, #208	@ 0xd0
200049a0:	061b      	lsls	r3, r3, #24
200049a2:	2280      	movs	r2, #128	@ 0x80
200049a4:	01d2      	lsls	r2, r2, #7
200049a6:	619a      	str	r2, [r3, #24]
200049a8:	484f      	ldr	r0, [pc, #316]	@ (20004ae8 <core1_main+0x2c8>)
200049aa:	0029      	movs	r1, r5
200049ac:	f7fc f896 	bl	20000adc <my_spi_write_blocking>
200049b0:	20fa      	movs	r0, #250	@ 0xfa
200049b2:	00c0      	lsls	r0, r0, #3
200049b4:	f7fc f878 	bl	20000aa8 <wait_esp_consumed>
200049b8:	2800      	cmp	r0, #0
200049ba:	d1de      	bne.n	2000497a <core1_main+0x15a>
200049bc:	4a43      	ldr	r2, [pc, #268]	@ (20004acc <core1_main+0x2ac>)
200049be:	6813      	ldr	r3, [r2, #0]
200049c0:	3301      	adds	r3, #1
200049c2:	6013      	str	r3, [r2, #0]
200049c4:	e7da      	b.n	2000497c <core1_main+0x15c>
200049c6:	2e00      	cmp	r6, #0
200049c8:	d0dc      	beq.n	20004984 <core1_main+0x164>
200049ca:	e764      	b.n	20004896 <core1_main+0x76>
200049cc:	4643      	mov	r3, r8
200049ce:	2bff      	cmp	r3, #255	@ 0xff
200049d0:	d00c      	beq.n	200049ec <core1_main+0x1cc>
200049d2:	3301      	adds	r3, #1
200049d4:	b2db      	uxtb	r3, r3
200049d6:	4698      	mov	r8, r3
200049d8:	4a39      	ldr	r2, [pc, #228]	@ (20004ac0 <core1_main+0x2a0>)
200049da:	6813      	ldr	r3, [r2, #0]
200049dc:	3301      	adds	r3, #1
200049de:	6013      	str	r3, [r2, #0]
200049e0:	4944      	ldr	r1, [pc, #272]	@ (20004af4 <core1_main+0x2d4>)
200049e2:	4845      	ldr	r0, [pc, #276]	@ (20004af8 <core1_main+0x2d8>)
200049e4:	f005 f848 	bl	20009a78 <__wrap_printf>
200049e8:	3701      	adds	r7, #1
200049ea:	e7a2      	b.n	20004932 <core1_main+0x112>
200049ec:	2301      	movs	r3, #1
200049ee:	4698      	mov	r8, r3
200049f0:	e7f2      	b.n	200049d8 <core1_main+0x1b8>
200049f2:	4643      	mov	r3, r8
200049f4:	2b01      	cmp	r3, #1
200049f6:	d01c      	beq.n	20004a32 <core1_main+0x212>
200049f8:	3b01      	subs	r3, #1
200049fa:	b2db      	uxtb	r3, r3
200049fc:	4a2b      	ldr	r2, [pc, #172]	@ (20004aac <core1_main+0x28c>)
200049fe:	7812      	ldrb	r2, [r2, #0]
20004a00:	1a9b      	subs	r3, r3, r2
20004a02:	d418      	bmi.n	20004a36 <core1_main+0x216>
20004a04:	b259      	sxtb	r1, r3
20004a06:	2900      	cmp	r1, #0
20004a08:	dd0d      	ble.n	20004a26 <core1_main+0x206>
20004a0a:	21ff      	movs	r1, #255	@ 0xff
20004a0c:	400b      	ands	r3, r1
20004a0e:	492c      	ldr	r1, [pc, #176]	@ (20004ac0 <core1_main+0x2a0>)
20004a10:	6809      	ldr	r1, [r1, #0]
20004a12:	428b      	cmp	r3, r1
20004a14:	d807      	bhi.n	20004a26 <core1_main+0x206>
20004a16:	492c      	ldr	r1, [pc, #176]	@ (20004ac8 <core1_main+0x2a8>)
20004a18:	7809      	ldrb	r1, [r1, #0]
20004a1a:	2900      	cmp	r1, #0
20004a1c:	d003      	beq.n	20004a26 <core1_main+0x206>
20004a1e:	4937      	ldr	r1, [pc, #220]	@ (20004afc <core1_main+0x2dc>)
20004a20:	7809      	ldrb	r1, [r1, #0]
20004a22:	428a      	cmp	r2, r1
20004a24:	d009      	beq.n	20004a3a <core1_main+0x21a>
20004a26:	4b35      	ldr	r3, [pc, #212]	@ (20004afc <core1_main+0x2dc>)
20004a28:	701a      	strb	r2, [r3, #0]
20004a2a:	4b27      	ldr	r3, [pc, #156]	@ (20004ac8 <core1_main+0x2a8>)
20004a2c:	2201      	movs	r2, #1
20004a2e:	701a      	strb	r2, [r3, #0]
20004a30:	e75d      	b.n	200048ee <core1_main+0xce>
20004a32:	23ff      	movs	r3, #255	@ 0xff
20004a34:	e7e2      	b.n	200049fc <core1_main+0x1dc>
20004a36:	33ff      	adds	r3, #255	@ 0xff
20004a38:	e7e4      	b.n	20004a04 <core1_main+0x1e4>
20004a3a:	4821      	ldr	r0, [pc, #132]	@ (20004ac0 <core1_main+0x2a0>)
20004a3c:	6801      	ldr	r1, [r0, #0]
20004a3e:	1acb      	subs	r3, r1, r3
20004a40:	6003      	str	r3, [r0, #0]
20004a42:	2aff      	cmp	r2, #255	@ 0xff
20004a44:	d01b      	beq.n	20004a7e <core1_main+0x25e>
20004a46:	3201      	adds	r2, #1
20004a48:	b2d3      	uxtb	r3, r2
20004a4a:	4698      	mov	r8, r3
20004a4c:	4c21      	ldr	r4, [pc, #132]	@ (20004ad4 <core1_main+0x2b4>)
20004a4e:	6823      	ldr	r3, [r4, #0]
20004a50:	3301      	adds	r3, #1
20004a52:	6023      	str	r3, [r4, #0]
20004a54:	4b1c      	ldr	r3, [pc, #112]	@ (20004ac8 <core1_main+0x2a8>)
20004a56:	2200      	movs	r2, #0
20004a58:	701a      	strb	r2, [r3, #0]
20004a5a:	2132      	movs	r1, #50	@ 0x32
20004a5c:	0038      	movs	r0, r7
20004a5e:	f002 fd41 	bl	200074e4 <__wrap___aeabi_uidiv>
20004a62:	3020      	adds	r0, #32
20004a64:	6823      	ldr	r3, [r4, #0]
20004a66:	4298      	cmp	r0, r3
20004a68:	d300      	bcc.n	20004a6c <core1_main+0x24c>
20004a6a:	e740      	b.n	200048ee <core1_main+0xce>
20004a6c:	4b13      	ldr	r3, [pc, #76]	@ (20004abc <core1_main+0x29c>)
20004a6e:	2201      	movs	r2, #1
20004a70:	701a      	strb	r2, [r3, #0]
20004a72:	6821      	ldr	r1, [r4, #0]
20004a74:	4822      	ldr	r0, [pc, #136]	@ (20004b00 <core1_main+0x2e0>)
20004a76:	003a      	movs	r2, r7
20004a78:	f004 fffe 	bl	20009a78 <__wrap_printf>
20004a7c:	e737      	b.n	200048ee <core1_main+0xce>
20004a7e:	2301      	movs	r3, #1
20004a80:	4698      	mov	r8, r3
20004a82:	e7e3      	b.n	20004a4c <core1_main+0x22c>
20004a84:	4a1f      	ldr	r2, [pc, #124]	@ (20004b04 <core1_main+0x2e4>)
20004a86:	e748      	b.n	2000491a <core1_main+0xfa>
20004a88:	4b15      	ldr	r3, [pc, #84]	@ (20004ae0 <core1_main+0x2c0>)
20004a8a:	6819      	ldr	r1, [r3, #0]
20004a8c:	4a15      	ldr	r2, [pc, #84]	@ (20004ae4 <core1_main+0x2c4>)
20004a8e:	6011      	str	r1, [r2, #0]
20004a90:	6819      	ldr	r1, [r3, #0]
20004a92:	481d      	ldr	r0, [pc, #116]	@ (20004b08 <core1_main+0x2e8>)
20004a94:	f004 fff0 	bl	20009a78 <__wrap_printf>
20004a98:	e74b      	b.n	20004932 <core1_main+0x112>
20004a9a:	46c0      	nop			@ (mov r8, r8)
20004a9c:	00000bb7 	.word	0x00000bb7
20004aa0:	2000c3c4 	.word	0x2000c3c4
20004aa4:	2000c3d4 	.word	0x2000c3d4
20004aa8:	20020ea2 	.word	0x20020ea2
20004aac:	20020ea1 	.word	0x20020ea1
20004ab0:	2000fd1c 	.word	0x2000fd1c
20004ab4:	20010ef8 	.word	0x20010ef8
20004ab8:	20020ea0 	.word	0x20020ea0
20004abc:	20020eb4 	.word	0x20020eb4
20004ac0:	20010ef4 	.word	0x20010ef4
20004ac4:	20020e88 	.word	0x20020e88
20004ac8:	20020eb1 	.word	0x20020eb1
20004acc:	20020d14 	.word	0x20020d14
20004ad0:	20020d18 	.word	0x20020d18
20004ad4:	20020d10 	.word	0x20020d10
20004ad8:	2000c410 	.word	0x2000c410
20004adc:	2000c474 	.word	0x2000c474
20004ae0:	200208fc 	.word	0x200208fc
20004ae4:	20020900 	.word	0x20020900
20004ae8:	2000fd94 	.word	0x2000fd94
20004aec:	20010efc 	.word	0x20010efc
20004af0:	2000c424 	.word	0x2000c424
20004af4:	2000fd96 	.word	0x2000fd96
20004af8:	2000b70c 	.word	0x2000b70c
20004afc:	20020eb0 	.word	0x20020eb0
20004b00:	2000c42c 	.word	0x2000c42c
20004b04:	2000b3e4 	.word	0x2000b3e4
20004b08:	2000c4ac 	.word	0x2000c4ac

20004b0c <boot_press>:
20004b0c:	b570      	push	{r4, r5, r6, lr}
20004b0e:	2400      	movs	r4, #0
20004b10:	2500      	movs	r5, #0
20004b12:	e000      	b.n	20004b16 <boot_press+0xa>
20004b14:	3401      	adds	r4, #1
20004b16:	23fa      	movs	r3, #250	@ 0xfa
20004b18:	005b      	lsls	r3, r3, #1
20004b1a:	429c      	cmp	r4, r3
20004b1c:	da05      	bge.n	20004b2a <boot_press+0x1e>
20004b1e:	f7fb fc0b 	bl	20000338 <bootsel_pressed_safely>
20004b22:	2800      	cmp	r0, #0
20004b24:	d0f6      	beq.n	20004b14 <boot_press+0x8>
20004b26:	3501      	adds	r5, #1
20004b28:	e7f4      	b.n	20004b14 <boot_press+0x8>
20004b2a:	3b32      	subs	r3, #50	@ 0x32
20004b2c:	429d      	cmp	r5, r3
20004b2e:	dc00      	bgt.n	20004b32 <boot_press+0x26>
20004b30:	bd70      	pop	{r4, r5, r6, pc}
20004b32:	2100      	movs	r1, #0
20004b34:	0008      	movs	r0, r1
20004b36:	f002 fb85 	bl	20007244 <rom_reset_usb_boot>
	...

20004b3c <ota_bootsel_check>:
20004b3c:	b510      	push	{r4, lr}
20004b3e:	4b06      	ldr	r3, [pc, #24]	@ (20004b58 <ota_bootsel_check+0x1c>)
20004b40:	681a      	ldr	r2, [r3, #0]
20004b42:	4b06      	ldr	r3, [pc, #24]	@ (20004b5c <ota_bootsel_check+0x20>)
20004b44:	429a      	cmp	r2, r3
20004b46:	d000      	beq.n	20004b4a <ota_bootsel_check+0xe>
20004b48:	bd10      	pop	{r4, pc}
20004b4a:	4b03      	ldr	r3, [pc, #12]	@ (20004b58 <ota_bootsel_check+0x1c>)
20004b4c:	2000      	movs	r0, #0
20004b4e:	6018      	str	r0, [r3, #0]
20004b50:	0001      	movs	r1, r0
20004b52:	f002 fb77 	bl	20007244 <rom_reset_usb_boot>
20004b56:	46c0      	nop			@ (mov r8, r8)
20004b58:	200000c0 	.word	0x200000c0
20004b5c:	b0075e1e 	.word	0xb0075e1e

20004b60 <ota_boot_check>:
20004b60:	b510      	push	{r4, lr}
20004b62:	b08a      	sub	sp, #40	@ 0x28
20004b64:	f7ff ffea 	bl	20004b3c <ota_bootsel_check>
20004b68:	4b52      	ldr	r3, [pc, #328]	@ (20004cb4 <ota_boot_check+0x154>)
20004b6a:	2200      	movs	r2, #0
20004b6c:	601a      	str	r2, [r3, #0]
20004b6e:	f7fd fe11 	bl	20002794 <ota_map_fits_flash>
20004b72:	2800      	cmp	r0, #0
20004b74:	d104      	bne.n	20004b80 <ota_boot_check+0x20>
20004b76:	4b4f      	ldr	r3, [pc, #316]	@ (20004cb4 <ota_boot_check+0x154>)
20004b78:	2201      	movs	r2, #1
20004b7a:	601a      	str	r2, [r3, #0]
20004b7c:	b00a      	add	sp, #40	@ 0x28
20004b7e:	bd10      	pop	{r4, pc}
20004b80:	4668      	mov	r0, sp
20004b82:	f7fc f8dd 	bl	20000d40 <ota_meta_read>
20004b86:	4668      	mov	r0, sp
20004b88:	f7fb fc40 	bl	2000040c <ota_meta_valid>
20004b8c:	2800      	cmp	r0, #0
20004b8e:	d00b      	beq.n	20004ba8 <ota_boot_check+0x48>
20004b90:	9904      	ldr	r1, [sp, #16]
20004b92:	4a49      	ldr	r2, [pc, #292]	@ (20004cb8 <ota_boot_check+0x158>)
20004b94:	6011      	str	r1, [r2, #0]
20004b96:	9b01      	ldr	r3, [sp, #4]
20004b98:	2b03      	cmp	r3, #3
20004b9a:	d009      	beq.n	20004bb0 <ota_boot_check+0x50>
20004b9c:	2b02      	cmp	r3, #2
20004b9e:	d044      	beq.n	20004c2a <ota_boot_check+0xca>
20004ba0:	4b44      	ldr	r3, [pc, #272]	@ (20004cb4 <ota_boot_check+0x154>)
20004ba2:	2203      	movs	r2, #3
20004ba4:	601a      	str	r2, [r3, #0]
20004ba6:	e7e9      	b.n	20004b7c <ota_boot_check+0x1c>
20004ba8:	4b42      	ldr	r3, [pc, #264]	@ (20004cb4 <ota_boot_check+0x154>)
20004baa:	2202      	movs	r2, #2
20004bac:	601a      	str	r2, [r3, #0]
20004bae:	e7e5      	b.n	20004b7c <ota_boot_check+0x1c>
20004bb0:	9907      	ldr	r1, [sp, #28]
20004bb2:	000c      	movs	r4, r1
20004bb4:	1e4a      	subs	r2, r1, #1
20004bb6:	2380      	movs	r3, #128	@ 0x80
20004bb8:	035b      	lsls	r3, r3, #13
20004bba:	429a      	cmp	r2, r3
20004bbc:	d206      	bcs.n	20004bcc <ota_boot_check+0x6c>
20004bbe:	2080      	movs	r0, #128	@ 0x80
20004bc0:	0380      	lsls	r0, r0, #14
20004bc2:	f7fb fc10 	bl	200003e6 <crc32_flash_region>
20004bc6:	9b08      	ldr	r3, [sp, #32]
20004bc8:	4298      	cmp	r0, r3
20004bca:	d00a      	beq.n	20004be2 <ota_boot_check+0x82>
20004bcc:	4668      	mov	r0, sp
20004bce:	2302      	movs	r3, #2
20004bd0:	9301      	str	r3, [sp, #4]
20004bd2:	3301      	adds	r3, #1
20004bd4:	9302      	str	r3, [sp, #8]
20004bd6:	f7fd fef3 	bl	200029c0 <ota_meta_write>
20004bda:	4b36      	ldr	r3, [pc, #216]	@ (20004cb4 <ota_boot_check+0x154>)
20004bdc:	2208      	movs	r2, #8
20004bde:	601a      	str	r2, [r3, #0]
20004be0:	e7cc      	b.n	20004b7c <ota_boot_check+0x1c>
20004be2:	2180      	movs	r1, #128	@ 0x80
20004be4:	0022      	movs	r2, r4
20004be6:	0389      	lsls	r1, r1, #14
20004be8:	2000      	movs	r0, #0
20004bea:	f7fe f839 	bl	20002c60 <ota_copy_region>
20004bee:	9b07      	ldr	r3, [sp, #28]
20004bf0:	001c      	movs	r4, r3
20004bf2:	0019      	movs	r1, r3
20004bf4:	2000      	movs	r0, #0
20004bf6:	f7fb fbf6 	bl	200003e6 <crc32_flash_region>
20004bfa:	9b08      	ldr	r3, [sp, #32]
20004bfc:	4298      	cmp	r0, r3
20004bfe:	d1e5      	bne.n	20004bcc <ota_boot_check+0x6c>
20004c00:	2202      	movs	r2, #2
20004c02:	9201      	str	r2, [sp, #4]
20004c04:	2200      	movs	r2, #0
20004c06:	9202      	str	r2, [sp, #8]
20004c08:	9403      	str	r4, [sp, #12]
20004c0a:	9304      	str	r3, [sp, #16]
20004c0c:	4668      	mov	r0, sp
20004c0e:	f7fd fed7 	bl	200029c0 <ota_meta_write>
20004c12:	9a04      	ldr	r2, [sp, #16]
20004c14:	4b28      	ldr	r3, [pc, #160]	@ (20004cb8 <ota_boot_check+0x158>)
20004c16:	601a      	str	r2, [r3, #0]
20004c18:	4b26      	ldr	r3, [pc, #152]	@ (20004cb4 <ota_boot_check+0x154>)
20004c1a:	2207      	movs	r2, #7
20004c1c:	601a      	str	r2, [r3, #0]
20004c1e:	2200      	movs	r2, #0
20004c20:	0011      	movs	r1, r2
20004c22:	0010      	movs	r0, r2
20004c24:	f002 fab6 	bl	20007194 <watchdog_reboot>
20004c28:	e7fe      	b.n	20004c28 <ota_boot_check+0xc8>
20004c2a:	9b02      	ldr	r3, [sp, #8]
20004c2c:	3301      	adds	r3, #1
20004c2e:	9302      	str	r3, [sp, #8]
20004c30:	2b03      	cmp	r3, #3
20004c32:	d938      	bls.n	20004ca6 <ota_boot_check+0x146>
20004c34:	9905      	ldr	r1, [sp, #20]
20004c36:	000c      	movs	r4, r1
20004c38:	1e4a      	subs	r2, r1, #1
20004c3a:	2380      	movs	r3, #128	@ 0x80
20004c3c:	035b      	lsls	r3, r3, #13
20004c3e:	429a      	cmp	r2, r3
20004c40:	d206      	bcs.n	20004c50 <ota_boot_check+0xf0>
20004c42:	2080      	movs	r0, #128	@ 0x80
20004c44:	0340      	lsls	r0, r0, #13
20004c46:	f7fb fbce 	bl	200003e6 <crc32_flash_region>
20004c4a:	9b06      	ldr	r3, [sp, #24]
20004c4c:	4298      	cmp	r0, r3
20004c4e:	d003      	beq.n	20004c58 <ota_boot_check+0xf8>
20004c50:	4b18      	ldr	r3, [pc, #96]	@ (20004cb4 <ota_boot_check+0x154>)
20004c52:	2205      	movs	r2, #5
20004c54:	601a      	str	r2, [r3, #0]
20004c56:	e791      	b.n	20004b7c <ota_boot_check+0x1c>
20004c58:	2180      	movs	r1, #128	@ 0x80
20004c5a:	0022      	movs	r2, r4
20004c5c:	0349      	lsls	r1, r1, #13
20004c5e:	2000      	movs	r0, #0
20004c60:	f7fd fffe 	bl	20002c60 <ota_copy_region>
20004c64:	9b05      	ldr	r3, [sp, #20]
20004c66:	001c      	movs	r4, r3
20004c68:	0019      	movs	r1, r3
20004c6a:	2000      	movs	r0, #0
20004c6c:	f7fb fbbb 	bl	200003e6 <crc32_flash_region>
20004c70:	9b06      	ldr	r3, [sp, #24]
20004c72:	4298      	cmp	r0, r3
20004c74:	d003      	beq.n	20004c7e <ota_boot_check+0x11e>
20004c76:	4b0f      	ldr	r3, [pc, #60]	@ (20004cb4 <ota_boot_check+0x154>)
20004c78:	2209      	movs	r2, #9
20004c7a:	601a      	str	r2, [r3, #0]
20004c7c:	e77e      	b.n	20004b7c <ota_boot_check+0x1c>
20004c7e:	4668      	mov	r0, sp
20004c80:	2200      	movs	r2, #0
20004c82:	9201      	str	r2, [sp, #4]
20004c84:	9202      	str	r2, [sp, #8]
20004c86:	9403      	str	r4, [sp, #12]
20004c88:	9304      	str	r3, [sp, #16]
20004c8a:	f7fd fe99 	bl	200029c0 <ota_meta_write>
20004c8e:	4b0b      	ldr	r3, [pc, #44]	@ (20004cbc <ota_boot_check+0x15c>)
20004c90:	2201      	movs	r2, #1
20004c92:	701a      	strb	r2, [r3, #0]
20004c94:	4b07      	ldr	r3, [pc, #28]	@ (20004cb4 <ota_boot_check+0x154>)
20004c96:	3203      	adds	r2, #3
20004c98:	601a      	str	r2, [r3, #0]
20004c9a:	2200      	movs	r2, #0
20004c9c:	0011      	movs	r1, r2
20004c9e:	0010      	movs	r0, r2
20004ca0:	f002 fa78 	bl	20007194 <watchdog_reboot>
20004ca4:	e7fe      	b.n	20004ca4 <ota_boot_check+0x144>
20004ca6:	4668      	mov	r0, sp
20004ca8:	f7fd fe8a 	bl	200029c0 <ota_meta_write>
20004cac:	4b01      	ldr	r3, [pc, #4]	@ (20004cb4 <ota_boot_check+0x154>)
20004cae:	2206      	movs	r2, #6
20004cb0:	601a      	str	r2, [r3, #0]
20004cb2:	e763      	b.n	20004b7c <ota_boot_check+0x1c>
20004cb4:	2000fdd0 	.word	0x2000fdd0
20004cb8:	20020904 	.word	0x20020904
20004cbc:	20020eaf 	.word	0x20020eaf

20004cc0 <delay_boot_if_esp_reset_detected>:
20004cc0:	b510      	push	{r4, lr}
20004cc2:	4b09      	ldr	r3, [pc, #36]	@ (20004ce8 <delay_boot_if_esp_reset_detected+0x28>)
20004cc4:	681a      	ldr	r2, [r3, #0]
20004cc6:	4b09      	ldr	r3, [pc, #36]	@ (20004cec <delay_boot_if_esp_reset_detected+0x2c>)
20004cc8:	429a      	cmp	r2, r3
20004cca:	d000      	beq.n	20004cce <delay_boot_if_esp_reset_detected+0xe>
20004ccc:	bd10      	pop	{r4, pc}
20004cce:	f004 fe9f 	bl	20009a10 <stdio_init_all>
20004cd2:	4807      	ldr	r0, [pc, #28]	@ (20004cf0 <delay_boot_if_esp_reset_detected+0x30>)
20004cd4:	f004 fea1 	bl	20009a1a <__wrap_puts>
20004cd8:	4b03      	ldr	r3, [pc, #12]	@ (20004ce8 <delay_boot_if_esp_reset_detected+0x28>)
20004cda:	2200      	movs	r2, #0
20004cdc:	601a      	str	r2, [r3, #0]
20004cde:	4805      	ldr	r0, [pc, #20]	@ (20004cf4 <delay_boot_if_esp_reset_detected+0x34>)
20004ce0:	f001 fe34 	bl	2000694c <sleep_ms>
20004ce4:	e7f2      	b.n	20004ccc <delay_boot_if_esp_reset_detected+0xc>
20004ce6:	46c0      	nop			@ (mov r8, r8)
20004ce8:	200000f4 	.word	0x200000f4
20004cec:	69699696 	.word	0x69699696
20004cf0:	2000c4f0 	.word	0x2000c4f0
20004cf4:	0000c350 	.word	0x0000c350

20004cf8 <get_pin_state>:
20004cf8:	b5f0      	push	{r4, r5, r6, r7, lr}
20004cfa:	46c6      	mov	lr, r8
20004cfc:	b500      	push	{lr}
20004cfe:	0004      	movs	r4, r0
20004d00:	f000 fe91 	bl	20005a26 <gpio_init>
20004d04:	2200      	movs	r2, #0
20004d06:	2101      	movs	r1, #1
20004d08:	0020      	movs	r0, r4
20004d0a:	f000 fe0b 	bl	20005924 <gpio_set_pulls>
20004d0e:	2005      	movs	r0, #5
20004d10:	f001 fe1c 	bl	2000694c <sleep_ms>
20004d14:	27d0      	movs	r7, #208	@ 0xd0
20004d16:	063f      	lsls	r7, r7, #24
20004d18:	687e      	ldr	r6, [r7, #4]
20004d1a:	2501      	movs	r5, #1
20004d1c:	40a5      	lsls	r5, r4
20004d1e:	402e      	ands	r6, r5
20004d20:	0030      	movs	r0, r6
20004d22:	1e43      	subs	r3, r0, #1
20004d24:	4198      	sbcs	r0, r3
20004d26:	b2c3      	uxtb	r3, r0
20004d28:	4698      	mov	r8, r3
20004d2a:	2201      	movs	r2, #1
20004d2c:	2100      	movs	r1, #0
20004d2e:	0020      	movs	r0, r4
20004d30:	f000 fdf8 	bl	20005924 <gpio_set_pulls>
20004d34:	2005      	movs	r0, #5
20004d36:	f001 fe09 	bl	2000694c <sleep_ms>
20004d3a:	687b      	ldr	r3, [r7, #4]
20004d3c:	401d      	ands	r5, r3
20004d3e:	0020      	movs	r0, r4
20004d40:	f000 fe7c 	bl	20005a3c <gpio_deinit>
20004d44:	2e00      	cmp	r6, #0
20004d46:	d001      	beq.n	20004d4c <get_pin_state+0x54>
20004d48:	2d00      	cmp	r5, #0
20004d4a:	d003      	beq.n	20004d54 <get_pin_state+0x5c>
20004d4c:	4640      	mov	r0, r8
20004d4e:	bc80      	pop	{r7}
20004d50:	46b8      	mov	r8, r7
20004d52:	bdf0      	pop	{r4, r5, r6, r7, pc}
20004d54:	2002      	movs	r0, #2
20004d56:	e7fa      	b.n	20004d4e <get_pin_state+0x56>

20004d58 <detect_hw_version>:
20004d58:	b570      	push	{r4, r5, r6, lr}
20004d5a:	2004      	movs	r0, #4
20004d5c:	f7ff ffcc 	bl	20004cf8 <get_pin_state>
20004d60:	0005      	movs	r5, r0
20004d62:	0004      	movs	r4, r0
20004d64:	2005      	movs	r0, #5
20004d66:	f7ff ffc7 	bl	20004cf8 <get_pin_state>
20004d6a:	0002      	movs	r2, r0
20004d6c:	0001      	movs	r1, r0
20004d6e:	2d02      	cmp	r5, #2
20004d70:	d018      	beq.n	20004da4 <detect_hw_version+0x4c>
20004d72:	2c00      	cmp	r4, #0
20004d74:	d101      	bne.n	20004d7a <detect_hw_version+0x22>
20004d76:	2902      	cmp	r1, #2
20004d78:	d022      	beq.n	20004dc0 <detect_hw_version+0x68>
20004d7a:	2c01      	cmp	r4, #1
20004d7c:	d016      	beq.n	20004dac <detect_hw_version+0x54>
20004d7e:	2c02      	cmp	r4, #2
20004d80:	d018      	beq.n	20004db4 <detect_hw_version+0x5c>
20004d82:	0028      	movs	r0, r5
20004d84:	4310      	orrs	r0, r2
20004d86:	b2c0      	uxtb	r0, r0
20004d88:	2800      	cmp	r0, #0
20004d8a:	d020      	beq.n	20004dce <detect_hw_version+0x76>
20004d8c:	2c00      	cmp	r4, #0
20004d8e:	d101      	bne.n	20004d94 <detect_hw_version+0x3c>
20004d90:	2901      	cmp	r1, #1
20004d92:	d019      	beq.n	20004dc8 <detect_hw_version+0x70>
20004d94:	2c01      	cmp	r4, #1
20004d96:	d119      	bne.n	20004dcc <detect_hw_version+0x74>
20004d98:	2900      	cmp	r1, #0
20004d9a:	d019      	beq.n	20004dd0 <detect_hw_version+0x78>
20004d9c:	42a1      	cmp	r1, r4
20004d9e:	d019      	beq.n	20004dd4 <detect_hw_version+0x7c>
20004da0:	2009      	movs	r0, #9
20004da2:	e014      	b.n	20004dce <detect_hw_version+0x76>
20004da4:	42a8      	cmp	r0, r5
20004da6:	d1e4      	bne.n	20004d72 <detect_hw_version+0x1a>
20004da8:	2004      	movs	r0, #4
20004daa:	e010      	b.n	20004dce <detect_hw_version+0x76>
20004dac:	2902      	cmp	r1, #2
20004dae:	d1e6      	bne.n	20004d7e <detect_hw_version+0x26>
20004db0:	2006      	movs	r0, #6
20004db2:	e00c      	b.n	20004dce <detect_hw_version+0x76>
20004db4:	2900      	cmp	r1, #0
20004db6:	d005      	beq.n	20004dc4 <detect_hw_version+0x6c>
20004db8:	2901      	cmp	r1, #1
20004dba:	d1e2      	bne.n	20004d82 <detect_hw_version+0x2a>
20004dbc:	2008      	movs	r0, #8
20004dbe:	e006      	b.n	20004dce <detect_hw_version+0x76>
20004dc0:	2005      	movs	r0, #5
20004dc2:	e004      	b.n	20004dce <detect_hw_version+0x76>
20004dc4:	2007      	movs	r0, #7
20004dc6:	e002      	b.n	20004dce <detect_hw_version+0x76>
20004dc8:	0010      	movs	r0, r2
20004dca:	e000      	b.n	20004dce <detect_hw_version+0x76>
20004dcc:	2009      	movs	r0, #9
20004dce:	bd70      	pop	{r4, r5, r6, pc}
20004dd0:	2002      	movs	r0, #2
20004dd2:	e7fc      	b.n	20004dce <detect_hw_version+0x76>
20004dd4:	2003      	movs	r0, #3
20004dd6:	e7fa      	b.n	20004dce <detect_hw_version+0x76>

20004dd8 <init_ver>:
20004dd8:	b510      	push	{r4, lr}
20004dda:	f7ff ffbd 	bl	20004d58 <detect_hw_version>
20004dde:	4b30      	ldr	r3, [pc, #192]	@ (20004ea0 <init_ver+0xc8>)
20004de0:	7018      	strb	r0, [r3, #0]
20004de2:	781a      	ldrb	r2, [r3, #0]
20004de4:	b2d3      	uxtb	r3, r2
20004de6:	2a04      	cmp	r2, #4
20004de8:	d03e      	beq.n	20004e68 <init_ver+0x90>
20004dea:	2b04      	cmp	r3, #4
20004dec:	d90d      	bls.n	20004e0a <init_ver+0x32>
20004dee:	2b07      	cmp	r3, #7
20004df0:	d048      	beq.n	20004e84 <init_ver+0xac>
20004df2:	d821      	bhi.n	20004e38 <init_ver+0x60>
20004df4:	2b05      	cmp	r3, #5
20004df6:	d03e      	beq.n	20004e76 <init_ver+0x9e>
20004df8:	2b06      	cmp	r3, #6
20004dfa:	d14a      	bne.n	20004e92 <init_ver+0xba>
20004dfc:	4b29      	ldr	r3, [pc, #164]	@ (20004ea4 <init_ver+0xcc>)
20004dfe:	4a2a      	ldr	r2, [pc, #168]	@ (20004ea8 <init_ver+0xd0>)
20004e00:	601a      	str	r2, [r3, #0]
20004e02:	482a      	ldr	r0, [pc, #168]	@ (20004eac <init_ver+0xd4>)
20004e04:	f004 fe09 	bl	20009a1a <__wrap_puts>
20004e08:	e025      	b.n	20004e56 <init_ver+0x7e>
20004e0a:	2b02      	cmp	r3, #2
20004e0c:	d025      	beq.n	20004e5a <init_ver+0x82>
20004e0e:	d80a      	bhi.n	20004e26 <init_ver+0x4e>
20004e10:	2b00      	cmp	r3, #0
20004e12:	d01a      	beq.n	20004e4a <init_ver+0x72>
20004e14:	2b01      	cmp	r3, #1
20004e16:	d13c      	bne.n	20004e92 <init_ver+0xba>
20004e18:	4b22      	ldr	r3, [pc, #136]	@ (20004ea4 <init_ver+0xcc>)
20004e1a:	4a25      	ldr	r2, [pc, #148]	@ (20004eb0 <init_ver+0xd8>)
20004e1c:	601a      	str	r2, [r3, #0]
20004e1e:	4825      	ldr	r0, [pc, #148]	@ (20004eb4 <init_ver+0xdc>)
20004e20:	f004 fdfb 	bl	20009a1a <__wrap_puts>
20004e24:	e017      	b.n	20004e56 <init_ver+0x7e>
20004e26:	2b03      	cmp	r3, #3
20004e28:	d133      	bne.n	20004e92 <init_ver+0xba>
20004e2a:	4b1e      	ldr	r3, [pc, #120]	@ (20004ea4 <init_ver+0xcc>)
20004e2c:	4a22      	ldr	r2, [pc, #136]	@ (20004eb8 <init_ver+0xe0>)
20004e2e:	601a      	str	r2, [r3, #0]
20004e30:	4822      	ldr	r0, [pc, #136]	@ (20004ebc <init_ver+0xe4>)
20004e32:	f004 fdf2 	bl	20009a1a <__wrap_puts>
20004e36:	e00e      	b.n	20004e56 <init_ver+0x7e>
20004e38:	2b08      	cmp	r3, #8
20004e3a:	d12a      	bne.n	20004e92 <init_ver+0xba>
20004e3c:	4b19      	ldr	r3, [pc, #100]	@ (20004ea4 <init_ver+0xcc>)
20004e3e:	4a20      	ldr	r2, [pc, #128]	@ (20004ec0 <init_ver+0xe8>)
20004e40:	601a      	str	r2, [r3, #0]
20004e42:	4820      	ldr	r0, [pc, #128]	@ (20004ec4 <init_ver+0xec>)
20004e44:	f004 fde9 	bl	20009a1a <__wrap_puts>
20004e48:	e005      	b.n	20004e56 <init_ver+0x7e>
20004e4a:	4b16      	ldr	r3, [pc, #88]	@ (20004ea4 <init_ver+0xcc>)
20004e4c:	4a1e      	ldr	r2, [pc, #120]	@ (20004ec8 <init_ver+0xf0>)
20004e4e:	601a      	str	r2, [r3, #0]
20004e50:	481e      	ldr	r0, [pc, #120]	@ (20004ecc <init_ver+0xf4>)
20004e52:	f004 fde2 	bl	20009a1a <__wrap_puts>
20004e56:	2000      	movs	r0, #0
20004e58:	bd10      	pop	{r4, pc}
20004e5a:	4b12      	ldr	r3, [pc, #72]	@ (20004ea4 <init_ver+0xcc>)
20004e5c:	4a1c      	ldr	r2, [pc, #112]	@ (20004ed0 <init_ver+0xf8>)
20004e5e:	601a      	str	r2, [r3, #0]
20004e60:	481c      	ldr	r0, [pc, #112]	@ (20004ed4 <init_ver+0xfc>)
20004e62:	f004 fdda 	bl	20009a1a <__wrap_puts>
20004e66:	e7f6      	b.n	20004e56 <init_ver+0x7e>
20004e68:	4b0e      	ldr	r3, [pc, #56]	@ (20004ea4 <init_ver+0xcc>)
20004e6a:	4a1b      	ldr	r2, [pc, #108]	@ (20004ed8 <init_ver+0x100>)
20004e6c:	601a      	str	r2, [r3, #0]
20004e6e:	481b      	ldr	r0, [pc, #108]	@ (20004edc <init_ver+0x104>)
20004e70:	f004 fdd3 	bl	20009a1a <__wrap_puts>
20004e74:	e7ef      	b.n	20004e56 <init_ver+0x7e>
20004e76:	4b0b      	ldr	r3, [pc, #44]	@ (20004ea4 <init_ver+0xcc>)
20004e78:	4a19      	ldr	r2, [pc, #100]	@ (20004ee0 <init_ver+0x108>)
20004e7a:	601a      	str	r2, [r3, #0]
20004e7c:	4819      	ldr	r0, [pc, #100]	@ (20004ee4 <init_ver+0x10c>)
20004e7e:	f004 fdcc 	bl	20009a1a <__wrap_puts>
20004e82:	e7e8      	b.n	20004e56 <init_ver+0x7e>
20004e84:	4b07      	ldr	r3, [pc, #28]	@ (20004ea4 <init_ver+0xcc>)
20004e86:	4a18      	ldr	r2, [pc, #96]	@ (20004ee8 <init_ver+0x110>)
20004e88:	601a      	str	r2, [r3, #0]
20004e8a:	4818      	ldr	r0, [pc, #96]	@ (20004eec <init_ver+0x114>)
20004e8c:	f004 fdc5 	bl	20009a1a <__wrap_puts>
20004e90:	e7e1      	b.n	20004e56 <init_ver+0x7e>
20004e92:	4b04      	ldr	r3, [pc, #16]	@ (20004ea4 <init_ver+0xcc>)
20004e94:	4a16      	ldr	r2, [pc, #88]	@ (20004ef0 <init_ver+0x118>)
20004e96:	601a      	str	r2, [r3, #0]
20004e98:	4816      	ldr	r0, [pc, #88]	@ (20004ef4 <init_ver+0x11c>)
20004e9a:	f004 fdbe 	bl	20009a1a <__wrap_puts>
20004e9e:	e7da      	b.n	20004e56 <init_ver+0x7e>
20004ea0:	2000d9a0 	.word	0x2000d9a0
20004ea4:	2000d9a4 	.word	0x2000d9a4
20004ea8:	2000c5d4 	.word	0x2000c5d4
20004eac:	2000c5d8 	.word	0x2000c5d8
20004eb0:	2000c524 	.word	0x2000c524
20004eb4:	2000c528 	.word	0x2000c528
20004eb8:	2000c55c 	.word	0x2000c55c
20004ebc:	2000c560 	.word	0x2000c560
20004ec0:	2000c634 	.word	0x2000c634
20004ec4:	2000c638 	.word	0x2000c638
20004ec8:	2000c508 	.word	0x2000c508
20004ecc:	2000c50c 	.word	0x2000c50c
20004ed0:	2000c540 	.word	0x2000c540
20004ed4:	2000c544 	.word	0x2000c544
20004ed8:	2000c578 	.word	0x2000c578
20004edc:	2000c57c 	.word	0x2000c57c
20004ee0:	2000c5a4 	.word	0x2000c5a4
20004ee4:	2000c5a8 	.word	0x2000c5a8
20004ee8:	2000c604 	.word	0x2000c604
20004eec:	2000c608 	.word	0x2000c608
20004ef0:	2000c664 	.word	0x2000c664
20004ef4:	2000c668 	.word	0x2000c668

20004ef8 <rp_board_boot_init>:
20004ef8:	b570      	push	{r4, r5, r6, lr}
20004efa:	201c      	movs	r0, #28
20004efc:	f000 fd93 	bl	20005a26 <gpio_init>
20004f00:	24d0      	movs	r4, #208	@ 0xd0
20004f02:	0624      	lsls	r4, r4, #24
20004f04:	2380      	movs	r3, #128	@ 0x80
20004f06:	055b      	lsls	r3, r3, #21
20004f08:	6263      	str	r3, [r4, #36]	@ 0x24
20004f0a:	61a3      	str	r3, [r4, #24]
20004f0c:	200e      	movs	r0, #14
20004f0e:	f000 fd8a 	bl	20005a26 <gpio_init>
20004f12:	2380      	movs	r3, #128	@ 0x80
20004f14:	01db      	lsls	r3, r3, #7
20004f16:	62a3      	str	r3, [r4, #40]	@ 0x28
20004f18:	200f      	movs	r0, #15
20004f1a:	f000 fd84 	bl	20005a26 <gpio_init>
20004f1e:	2380      	movs	r3, #128	@ 0x80
20004f20:	021b      	lsls	r3, r3, #8
20004f22:	62a3      	str	r3, [r4, #40]	@ 0x28
20004f24:	2008      	movs	r0, #8
20004f26:	f000 fd7e 	bl	20005a26 <gpio_init>
20004f2a:	2580      	movs	r5, #128	@ 0x80
20004f2c:	006d      	lsls	r5, r5, #1
20004f2e:	6265      	str	r5, [r4, #36]	@ 0x24
20004f30:	61a5      	str	r5, [r4, #24]
20004f32:	2009      	movs	r0, #9
20004f34:	f000 fd77 	bl	20005a26 <gpio_init>
20004f38:	2380      	movs	r3, #128	@ 0x80
20004f3a:	009b      	lsls	r3, r3, #2
20004f3c:	6263      	str	r3, [r4, #36]	@ 0x24
20004f3e:	6163      	str	r3, [r4, #20]
20004f40:	f7ff ff4a 	bl	20004dd8 <init_ver>
20004f44:	f004 fd64 	bl	20009a10 <stdio_init_all>
20004f48:	6165      	str	r5, [r4, #20]
20004f4a:	2064      	movs	r0, #100	@ 0x64
20004f4c:	f001 fcfe 	bl	2000694c <sleep_ms>
20004f50:	bd70      	pop	{r4, r5, r6, pc}
	...

20004f54 <rp_spi_master_init>:
20004f54:	b570      	push	{r4, r5, r6, lr}
20004f56:	4c17      	ldr	r4, [pc, #92]	@ (20004fb4 <rp_spi_master_init+0x60>)
20004f58:	4917      	ldr	r1, [pc, #92]	@ (20004fb8 <rp_spi_master_init+0x64>)
20004f5a:	0020      	movs	r0, r4
20004f5c:	f005 f9e0 	bl	2000a320 <spi_init>
20004f60:	0005      	movs	r5, r0
20004f62:	2101      	movs	r1, #1
20004f64:	200a      	movs	r0, #10
20004f66:	f000 fcb9 	bl	200058dc <gpio_set_function>
20004f6a:	2101      	movs	r1, #1
20004f6c:	200b      	movs	r0, #11
20004f6e:	f000 fcb5 	bl	200058dc <gpio_set_function>
20004f72:	2101      	movs	r1, #1
20004f74:	200c      	movs	r0, #12
20004f76:	f000 fcb1 	bl	200058dc <gpio_set_function>
20004f7a:	200d      	movs	r0, #13
20004f7c:	f000 fd53 	bl	20005a26 <gpio_init>
20004f80:	23d0      	movs	r3, #208	@ 0xd0
20004f82:	061b      	lsls	r3, r3, #24
20004f84:	2280      	movs	r2, #128	@ 0x80
20004f86:	0192      	lsls	r2, r2, #6
20004f88:	625a      	str	r2, [r3, #36]	@ 0x24
20004f8a:	615a      	str	r2, [r3, #20]
20004f8c:	6863      	ldr	r3, [r4, #4]
20004f8e:	2202      	movs	r2, #2
20004f90:	4013      	ands	r3, r2
20004f92:	490a      	ldr	r1, [pc, #40]	@ (20004fbc <rp_spi_master_init+0x68>)
20004f94:	600a      	str	r2, [r1, #0]
20004f96:	6821      	ldr	r1, [r4, #0]
20004f98:	3205      	adds	r2, #5
20004f9a:	4051      	eors	r1, r2
20004f9c:	32c8      	adds	r2, #200	@ 0xc8
20004f9e:	400a      	ands	r2, r1
20004fa0:	4907      	ldr	r1, [pc, #28]	@ (20004fc0 <rp_spi_master_init+0x6c>)
20004fa2:	600a      	str	r2, [r1, #0]
20004fa4:	4a07      	ldr	r2, [pc, #28]	@ (20004fc4 <rp_spi_master_init+0x70>)
20004fa6:	6013      	str	r3, [r2, #0]
20004fa8:	4907      	ldr	r1, [pc, #28]	@ (20004fc8 <rp_spi_master_init+0x74>)
20004faa:	4808      	ldr	r0, [pc, #32]	@ (20004fcc <rp_spi_master_init+0x78>)
20004fac:	f004 fd64 	bl	20009a78 <__wrap_printf>
20004fb0:	0028      	movs	r0, r5
20004fb2:	bd70      	pop	{r4, r5, r6, pc}
20004fb4:	40040000 	.word	0x40040000
20004fb8:	004c4b40 	.word	0x004c4b40
20004fbc:	40043004 	.word	0x40043004
20004fc0:	40041000 	.word	0x40041000
20004fc4:	40042004 	.word	0x40042004
20004fc8:	2000c9a0 	.word	0x2000c9a0
20004fcc:	2000c684 	.word	0x2000c684

20004fd0 <free_all_pio_state_machines>:
20004fd0:	b570      	push	{r4, r5, r6, lr}
20004fd2:	0005      	movs	r5, r0
20004fd4:	2400      	movs	r4, #0
20004fd6:	e000      	b.n	20004fda <free_all_pio_state_machines+0xa>
20004fd8:	3401      	adds	r4, #1
20004fda:	2c03      	cmp	r4, #3
20004fdc:	dc0a      	bgt.n	20004ff4 <free_all_pio_state_machines+0x24>
20004fde:	0021      	movs	r1, r4
20004fe0:	0028      	movs	r0, r5
20004fe2:	f005 f82d 	bl	2000a040 <pio_sm_is_claimed>
20004fe6:	2800      	cmp	r0, #0
20004fe8:	d0f6      	beq.n	20004fd8 <free_all_pio_state_machines+0x8>
20004fea:	0021      	movs	r1, r4
20004fec:	0028      	movs	r0, r5
20004fee:	f004 fffb 	bl	20009fe8 <pio_sm_unclaim>
20004ff2:	e7f1      	b.n	20004fd8 <free_all_pio_state_machines+0x8>
20004ff4:	bd70      	pop	{r4, r5, r6, pc}
	...

20004ff8 <pio_destroy>:
20004ff8:	b570      	push	{r4, r5, r6, lr}
20004ffa:	4d07      	ldr	r5, [pc, #28]	@ (20005018 <pio_destroy+0x20>)
20004ffc:	0028      	movs	r0, r5
20004ffe:	f7ff ffe7 	bl	20004fd0 <free_all_pio_state_machines>
20005002:	4c06      	ldr	r4, [pc, #24]	@ (2000501c <pio_destroy+0x24>)
20005004:	0020      	movs	r0, r4
20005006:	f7ff ffe3 	bl	20004fd0 <free_all_pio_state_machines>
2000500a:	0028      	movs	r0, r5
2000500c:	f005 f840 	bl	2000a090 <pio_clear_instruction_memory>
20005010:	0020      	movs	r0, r4
20005012:	f005 f83d 	bl	2000a090 <pio_clear_instruction_memory>
20005016:	bd70      	pop	{r4, r5, r6, pc}
20005018:	50200000 	.word	0x50200000
2000501c:	50300000 	.word	0x50300000

20005020 <okhi_fault_report>:
20005020:	b510      	push	{r4, lr}
20005022:	4c20      	ldr	r4, [pc, #128]	@ (200050a4 <okhi_fault_report+0x84>)
20005024:	4b20      	ldr	r3, [pc, #128]	@ (200050a8 <okhi_fault_report+0x88>)
20005026:	6023      	str	r3, [r4, #0]
20005028:	6803      	ldr	r3, [r0, #0]
2000502a:	6163      	str	r3, [r4, #20]
2000502c:	6843      	ldr	r3, [r0, #4]
2000502e:	61a3      	str	r3, [r4, #24]
20005030:	6883      	ldr	r3, [r0, #8]
20005032:	61e3      	str	r3, [r4, #28]
20005034:	68c3      	ldr	r3, [r0, #12]
20005036:	6223      	str	r3, [r4, #32]
20005038:	6903      	ldr	r3, [r0, #16]
2000503a:	6263      	str	r3, [r4, #36]	@ 0x24
2000503c:	6943      	ldr	r3, [r0, #20]
2000503e:	60a3      	str	r3, [r4, #8]
20005040:	6983      	ldr	r3, [r0, #24]
20005042:	6063      	str	r3, [r4, #4]
20005044:	69c3      	ldr	r3, [r0, #28]
20005046:	60e3      	str	r3, [r4, #12]
20005048:	6120      	str	r0, [r4, #16]
2000504a:	23d0      	movs	r3, #208	@ 0xd0
2000504c:	061b      	lsls	r3, r3, #24
2000504e:	681b      	ldr	r3, [r3, #0]
20005050:	62a3      	str	r3, [r4, #40]	@ 0x28
20005052:	6ae3      	ldr	r3, [r4, #44]	@ 0x2c
20005054:	3301      	adds	r3, #1
20005056:	62e3      	str	r3, [r4, #44]	@ 0x2c
20005058:	4814      	ldr	r0, [pc, #80]	@ (200050ac <okhi_fault_report+0x8c>)
2000505a:	f7fb f92b 	bl	200002b4 <rp_fault_puts>
2000505e:	6aa3      	ldr	r3, [r4, #40]	@ 0x28
20005060:	2001      	movs	r0, #1
20005062:	4018      	ands	r0, r3
20005064:	3030      	adds	r0, #48	@ 0x30
20005066:	f7fb f917 	bl	20000298 <rp_fault_putc>
2000506a:	4811      	ldr	r0, [pc, #68]	@ (200050b0 <okhi_fault_report+0x90>)
2000506c:	f7fb f922 	bl	200002b4 <rp_fault_puts>
20005070:	6861      	ldr	r1, [r4, #4]
20005072:	4810      	ldr	r0, [pc, #64]	@ (200050b4 <okhi_fault_report+0x94>)
20005074:	f7fb f940 	bl	200002f8 <rp_fault_line>
20005078:	68a1      	ldr	r1, [r4, #8]
2000507a:	480f      	ldr	r0, [pc, #60]	@ (200050b8 <okhi_fault_report+0x98>)
2000507c:	f7fb f93c 	bl	200002f8 <rp_fault_line>
20005080:	68e1      	ldr	r1, [r4, #12]
20005082:	480e      	ldr	r0, [pc, #56]	@ (200050bc <okhi_fault_report+0x9c>)
20005084:	f7fb f938 	bl	200002f8 <rp_fault_line>
20005088:	6921      	ldr	r1, [r4, #16]
2000508a:	480d      	ldr	r0, [pc, #52]	@ (200050c0 <okhi_fault_report+0xa0>)
2000508c:	f7fb f934 	bl	200002f8 <rp_fault_line>
20005090:	480c      	ldr	r0, [pc, #48]	@ (200050c4 <okhi_fault_report+0xa4>)
20005092:	f7fb f90f 	bl	200002b4 <rp_fault_puts>
20005096:	2200      	movs	r2, #0
20005098:	2100      	movs	r1, #0
2000509a:	2000      	movs	r0, #0
2000509c:	f002 f87a 	bl	20007194 <watchdog_reboot>
200050a0:	e7fe      	b.n	200050a0 <okhi_fault_report+0x80>
200050a2:	46c0      	nop			@ (mov r8, r8)
200050a4:	200000c4 	.word	0x200000c4
200050a8:	fa017edc 	.word	0xfa017edc
200050ac:	2000c69c 	.word	0x2000c69c
200050b0:	2000c6b8 	.word	0x2000c6b8
200050b4:	2000c6c0 	.word	0x2000c6c0
200050b8:	2000c6c8 	.word	0x2000c6c8
200050bc:	2000c6d0 	.word	0x2000c6d0
200050c0:	2000c6d8 	.word	0x2000c6d8
200050c4:	2000c6e0 	.word	0x2000c6e0

200050c8 <isr_hardfault>:
200050c8:	4671      	mov	r1, lr
200050ca:	2004      	movs	r0, #4
200050cc:	4208      	tst	r0, r1
200050ce:	d102      	bne.n	200050d6 <isr_hardfault+0xe>
200050d0:	f3ef 8008 	mrs	r0, MSP
200050d4:	e001      	b.n	200050da <isr_hardfault+0x12>
200050d6:	f3ef 8009 	mrs	r0, PSP
200050da:	4a01      	ldr	r2, [pc, #4]	@ (200050e0 <isr_hardfault+0x18>)
200050dc:	4710      	bx	r2
200050de:	0000      	.short	0x0000
200050e0:	20005021 	.word	0x20005021

200050e4 <main>:
200050e4:	b5f0      	push	{r4, r5, r6, r7, lr}
200050e6:	46de      	mov	lr, fp
200050e8:	4657      	mov	r7, sl
200050ea:	464e      	mov	r6, r9
200050ec:	4645      	mov	r5, r8
200050ee:	b5e0      	push	{r5, r6, r7, lr}
200050f0:	b095      	sub	sp, #84	@ 0x54
200050f2:	f002 f847 	bl	20007184 <watchdog_disable>
200050f6:	f7ff fd09 	bl	20004b0c <boot_press>
200050fa:	f7ff fd31 	bl	20004b60 <ota_boot_check>
200050fe:	2002      	movs	r0, #2
20005100:	f7fb fb8e 	bl	20000820 <blink_led>
20005104:	f7ff fddc 	bl	20004cc0 <delay_boot_if_esp_reset_detected>
20005108:	f7ff fef6 	bl	20004ef8 <rp_board_boot_init>
2000510c:	f7fb fbfa 	bl	20000904 <report_last_fault>
20005110:	4bfa      	ldr	r3, [pc, #1000]	@ (200054fc <main+0x418>)
20005112:	4afb      	ldr	r2, [pc, #1004]	@ (20005500 <main+0x41c>)
20005114:	49fb      	ldr	r1, [pc, #1004]	@ (20005504 <main+0x420>)
20005116:	6809      	ldr	r1, [r1, #0]
20005118:	48fb      	ldr	r0, [pc, #1004]	@ (20005508 <main+0x424>)
2000511a:	f004 fcad 	bl	20009a78 <__wrap_printf>
2000511e:	4bfb      	ldr	r3, [pc, #1004]	@ (2000550c <main+0x428>)
20005120:	681b      	ldr	r3, [r3, #0]
20005122:	6898      	ldr	r0, [r3, #8]
20005124:	f005 fa3a 	bl	2000a59c <fflush>
20005128:	f7ff ff14 	bl	20004f54 <rp_spi_master_init>
2000512c:	0004      	movs	r4, r0
2000512e:	f003 f895 	bl	2000825c <__wrap___aeabi_ui2f>
20005132:	f003 f8c3 	bl	200082bc <__wrap___aeabi_f2d>
20005136:	2200      	movs	r2, #0
20005138:	4bf5      	ldr	r3, [pc, #980]	@ (20005510 <main+0x42c>)
2000513a:	f002 fc20 	bl	2000797e <__wrap___aeabi_ddiv>
2000513e:	0002      	movs	r2, r0
20005140:	000b      	movs	r3, r1
20005142:	48f4      	ldr	r0, [pc, #976]	@ (20005514 <main+0x430>)
20005144:	9400      	str	r4, [sp, #0]
20005146:	f004 fc97 	bl	20009a78 <__wrap_printf>
2000514a:	24d0      	movs	r4, #208	@ 0xd0
2000514c:	0624      	lsls	r4, r4, #24
2000514e:	2380      	movs	r3, #128	@ 0x80
20005150:	009b      	lsls	r3, r3, #2
20005152:	61a3      	str	r3, [r4, #24]
20005154:	f7fb fc0a 	bl	2000096c <report_flash_layout>
20005158:	f7fd fb26 	bl	200027a8 <report_flash_size>
2000515c:	f7fb fdf8 	bl	20000d50 <report_ota_state>
20005160:	2014      	movs	r0, #20
20005162:	f000 fc60 	bl	20005a26 <gpio_init>
20005166:	2380      	movs	r3, #128	@ 0x80
20005168:	035b      	lsls	r3, r3, #13
2000516a:	62a3      	str	r3, [r4, #40]	@ 0x28
2000516c:	2200      	movs	r2, #0
2000516e:	2101      	movs	r1, #1
20005170:	2014      	movs	r0, #20
20005172:	f000 fbd7 	bl	20005924 <gpio_set_pulls>
20005176:	2015      	movs	r0, #21
20005178:	f000 fc55 	bl	20005a26 <gpio_init>
2000517c:	2380      	movs	r3, #128	@ 0x80
2000517e:	039b      	lsls	r3, r3, #14
20005180:	62a3      	str	r3, [r4, #40]	@ 0x28
20005182:	2200      	movs	r2, #0
20005184:	2101      	movs	r1, #1
20005186:	2015      	movs	r0, #21
20005188:	f000 fbcc 	bl	20005924 <gpio_set_pulls>
2000518c:	2016      	movs	r0, #22
2000518e:	f000 fc4a 	bl	20005a26 <gpio_init>
20005192:	2380      	movs	r3, #128	@ 0x80
20005194:	03db      	lsls	r3, r3, #15
20005196:	6263      	str	r3, [r4, #36]	@ 0x24
20005198:	61a3      	str	r3, [r4, #24]
2000519a:	2013      	movs	r0, #19
2000519c:	f000 fc43 	bl	20005a26 <gpio_init>
200051a0:	2380      	movs	r3, #128	@ 0x80
200051a2:	031b      	lsls	r3, r3, #12
200051a4:	6263      	str	r3, [r4, #36]	@ 0x24
200051a6:	6163      	str	r3, [r4, #20]
200051a8:	46c0      	nop			@ (mov r8, r8)
200051aa:	46c0      	nop			@ (mov r8, r8)
200051ac:	46c0      	nop			@ (mov r8, r8)
200051ae:	46c0      	nop			@ (mov r8, r8)
200051b0:	46c0      	nop			@ (mov r8, r8)
200051b2:	46c0      	nop			@ (mov r8, r8)
200051b4:	6861      	ldr	r1, [r4, #4]
200051b6:	0289      	lsls	r1, r1, #10
200051b8:	0fc9      	lsrs	r1, r1, #31
200051ba:	48d7      	ldr	r0, [pc, #860]	@ (20005518 <main+0x434>)
200051bc:	f004 fc5c 	bl	20009a78 <__wrap_printf>
200051c0:	6861      	ldr	r1, [r4, #4]
200051c2:	02c9      	lsls	r1, r1, #11
200051c4:	0fc9      	lsrs	r1, r1, #31
200051c6:	48d5      	ldr	r0, [pc, #852]	@ (2000551c <main+0x438>)
200051c8:	f004 fc56 	bl	20009a78 <__wrap_printf>
200051cc:	6861      	ldr	r1, [r4, #4]
200051ce:	0249      	lsls	r1, r1, #9
200051d0:	0fc9      	lsrs	r1, r1, #31
200051d2:	48d3      	ldr	r0, [pc, #844]	@ (20005520 <main+0x43c>)
200051d4:	f004 fc50 	bl	20009a78 <__wrap_printf>
200051d8:	6861      	ldr	r1, [r4, #4]
200051da:	0309      	lsls	r1, r1, #12
200051dc:	0fc9      	lsrs	r1, r1, #31
200051de:	48d1      	ldr	r0, [pc, #836]	@ (20005524 <main+0x440>)
200051e0:	f004 fc4a 	bl	20009a78 <__wrap_printf>
200051e4:	f7ff ff08 	bl	20004ff8 <pio_destroy>
200051e8:	4dcf      	ldr	r5, [pc, #828]	@ (20005528 <main+0x444>)
200051ea:	2101      	movs	r1, #1
200051ec:	0028      	movs	r0, r5
200051ee:	f004 ff0b 	bl	2000a008 <pio_claim_unused_sm>
200051f2:	4bce      	ldr	r3, [pc, #824]	@ (2000552c <main+0x448>)
200051f4:	4698      	mov	r8, r3
200051f6:	6018      	str	r0, [r3, #0]
200051f8:	49cd      	ldr	r1, [pc, #820]	@ (20005530 <main+0x44c>)
200051fa:	0028      	movs	r0, r5
200051fc:	f004 ff30 	bl	2000a060 <pio_add_program>
20005200:	4bcc      	ldr	r3, [pc, #816]	@ (20005534 <main+0x450>)
20005202:	4699      	mov	r9, r3
20005204:	6018      	str	r0, [r3, #0]
20005206:	4fcc      	ldr	r7, [pc, #816]	@ (20005538 <main+0x454>)
20005208:	6839      	ldr	r1, [r7, #0]
2000520a:	2300      	movs	r3, #0
2000520c:	469b      	mov	fp, r3
2000520e:	9300      	str	r3, [sp, #0]
20005210:	3302      	adds	r3, #2
20005212:	2214      	movs	r2, #20
20005214:	0028      	movs	r0, r5
20005216:	f004 ff59 	bl	2000a0cc <pio_sm_set_consecutive_pindirs>
2000521a:	464b      	mov	r3, r9
2000521c:	6819      	ldr	r1, [r3, #0]
2000521e:	ac10      	add	r4, sp, #64	@ 0x40
20005220:	0020      	movs	r0, r4
20005222:	f7fa ffeb 	bl	200001fc <device_to_host_program_get_default_config>
20005226:	9b13      	ldr	r3, [sp, #76]	@ 0x4c
20005228:	4ac4      	ldr	r2, [pc, #784]	@ (2000553c <main+0x458>)
2000522a:	4013      	ands	r3, r2
2000522c:	21a0      	movs	r1, #160	@ 0xa0
2000522e:	0309      	lsls	r1, r1, #12
20005230:	430b      	orrs	r3, r1
20005232:	9313      	str	r3, [sp, #76]	@ 0x4c
20005234:	9b12      	ldr	r3, [sp, #72]	@ 0x48
20005236:	4ec2      	ldr	r6, [pc, #776]	@ (20005540 <main+0x45c>)
20005238:	401e      	ands	r6, r3
2000523a:	0032      	movs	r2, r6
2000523c:	2080      	movs	r0, #128	@ 0x80
2000523e:	02c0      	lsls	r0, r0, #11
20005240:	4302      	orrs	r2, r0
20005242:	9212      	str	r2, [sp, #72]	@ 0x48
20005244:	9a11      	ldr	r2, [sp, #68]	@ 0x44
20005246:	4ebf      	ldr	r6, [pc, #764]	@ (20005544 <main+0x460>)
20005248:	4032      	ands	r2, r6
2000524a:	26a8      	movs	r6, #168	@ 0xa8
2000524c:	0576      	lsls	r6, r6, #21
2000524e:	4332      	orrs	r2, r6
20005250:	9211      	str	r2, [sp, #68]	@ 0x44
20005252:	49bd      	ldr	r1, [pc, #756]	@ (20005548 <main+0x464>)
20005254:	400b      	ands	r3, r1
20005256:	4303      	orrs	r3, r0
20005258:	2680      	movs	r6, #128	@ 0x80
2000525a:	0636      	lsls	r6, r6, #24
2000525c:	4333      	orrs	r3, r6
2000525e:	9312      	str	r3, [sp, #72]	@ 0x48
20005260:	2005      	movs	r0, #5
20005262:	f001 fdf1 	bl	20006e48 <clock_get_hz>
20005266:	f002 fff9 	bl	2000825c <__wrap___aeabi_ui2f>
2000526a:	49b8      	ldr	r1, [pc, #736]	@ (2000554c <main+0x468>)
2000526c:	f002 ffd7 	bl	2000821e <__wrap___aeabi_fdiv>
20005270:	1c01      	adds	r1, r0, #0
20005272:	0020      	movs	r0, r4
20005274:	f7fa ff40 	bl	200000f8 <sm_config_set_clkdiv>
20005278:	4643      	mov	r3, r8
2000527a:	6819      	ldr	r1, [r3, #0]
2000527c:	464b      	mov	r3, r9
2000527e:	681a      	ldr	r2, [r3, #0]
20005280:	0023      	movs	r3, r4
20005282:	0028      	movs	r0, r5
20005284:	f004 ff80 	bl	2000a188 <pio_sm_init>
20005288:	4643      	mov	r3, r8
2000528a:	681a      	ldr	r2, [r3, #0]
2000528c:	682b      	ldr	r3, [r5, #0]
2000528e:	2401      	movs	r4, #1
20005290:	0021      	movs	r1, r4
20005292:	4091      	lsls	r1, r2
20005294:	438b      	bics	r3, r1
20005296:	602b      	str	r3, [r5, #0]
20005298:	4643      	mov	r3, r8
2000529a:	681a      	ldr	r2, [r3, #0]
2000529c:	0053      	lsls	r3, r2, #1
2000529e:	189b      	adds	r3, r3, r2
200052a0:	00db      	lsls	r3, r3, #3
200052a2:	4aab      	ldr	r2, [pc, #684]	@ (20005550 <main+0x46c>)
200052a4:	4694      	mov	ip, r2
200052a6:	4463      	add	r3, ip
200052a8:	601e      	str	r6, [r3, #0]
200052aa:	601e      	str	r6, [r3, #0]
200052ac:	4643      	mov	r3, r8
200052ae:	681b      	ldr	r3, [r3, #0]
200052b0:	3304      	adds	r3, #4
200052b2:	0022      	movs	r2, r4
200052b4:	409a      	lsls	r2, r3
200052b6:	0013      	movs	r3, r2
200052b8:	4aa6      	ldr	r2, [pc, #664]	@ (20005554 <main+0x470>)
200052ba:	4692      	mov	sl, r2
200052bc:	6013      	str	r3, [r2, #0]
200052be:	4643      	mov	r3, r8
200052c0:	681b      	ldr	r3, [r3, #0]
200052c2:	3308      	adds	r3, #8
200052c4:	0022      	movs	r2, r4
200052c6:	409a      	lsls	r2, r3
200052c8:	0013      	movs	r3, r2
200052ca:	4652      	mov	r2, sl
200052cc:	6013      	str	r3, [r2, #0]
200052ce:	4643      	mov	r3, r8
200052d0:	681a      	ldr	r2, [r3, #0]
200052d2:	682b      	ldr	r3, [r5, #0]
200052d4:	0021      	movs	r1, r4
200052d6:	4091      	lsls	r1, r2
200052d8:	430b      	orrs	r3, r1
200052da:	602b      	str	r3, [r5, #0]
200052dc:	4643      	mov	r3, r8
200052de:	6819      	ldr	r1, [r3, #0]
200052e0:	464b      	mov	r3, r9
200052e2:	681a      	ldr	r2, [r3, #0]
200052e4:	231f      	movs	r3, #31
200052e6:	401a      	ands	r2, r3
200052e8:	004b      	lsls	r3, r1, #1
200052ea:	185b      	adds	r3, r3, r1
200052ec:	00db      	lsls	r3, r3, #3
200052ee:	499a      	ldr	r1, [pc, #616]	@ (20005558 <main+0x474>)
200052f0:	468c      	mov	ip, r1
200052f2:	4463      	add	r3, ip
200052f4:	601a      	str	r2, [r3, #0]
200052f6:	2101      	movs	r1, #1
200052f8:	0028      	movs	r0, r5
200052fa:	f004 fe85 	bl	2000a008 <pio_claim_unused_sm>
200052fe:	4680      	mov	r8, r0
20005300:	4996      	ldr	r1, [pc, #600]	@ (2000555c <main+0x478>)
20005302:	0028      	movs	r0, r5
20005304:	f004 feac 	bl	2000a060 <pio_add_program>
20005308:	9003      	str	r0, [sp, #12]
2000530a:	465b      	mov	r3, fp
2000530c:	9300      	str	r3, [sp, #0]
2000530e:	3302      	adds	r3, #2
20005310:	2214      	movs	r2, #20
20005312:	4641      	mov	r1, r8
20005314:	0028      	movs	r0, r5
20005316:	f004 fed9 	bl	2000a0cc <pio_sm_set_consecutive_pindirs>
2000531a:	ab0c      	add	r3, sp, #48	@ 0x30
2000531c:	4699      	mov	r9, r3
2000531e:	9903      	ldr	r1, [sp, #12]
20005320:	0018      	movs	r0, r3
20005322:	f7fa ff7f 	bl	20000224 <idle_signal_program_get_default_config>
20005326:	464b      	mov	r3, r9
20005328:	68db      	ldr	r3, [r3, #12]
2000532a:	4a84      	ldr	r2, [pc, #528]	@ (2000553c <main+0x458>)
2000532c:	4013      	ands	r3, r2
2000532e:	20a0      	movs	r0, #160	@ 0xa0
20005330:	0300      	lsls	r0, r0, #12
20005332:	4303      	orrs	r3, r0
20005334:	464a      	mov	r2, r9
20005336:	60d3      	str	r3, [r2, #12]
20005338:	6893      	ldr	r3, [r2, #8]
2000533a:	009b      	lsls	r3, r3, #2
2000533c:	089b      	lsrs	r3, r3, #2
2000533e:	4333      	orrs	r3, r6
20005340:	6093      	str	r3, [r2, #8]
20005342:	6853      	ldr	r3, [r2, #4]
20005344:	497f      	ldr	r1, [pc, #508]	@ (20005544 <main+0x460>)
20005346:	400b      	ands	r3, r1
20005348:	22a8      	movs	r2, #168	@ 0xa8
2000534a:	0552      	lsls	r2, r2, #21
2000534c:	4313      	orrs	r3, r2
2000534e:	464a      	mov	r2, r9
20005350:	6053      	str	r3, [r2, #4]
20005352:	2005      	movs	r0, #5
20005354:	f001 fd78 	bl	20006e48 <clock_get_hz>
20005358:	f002 fb9a 	bl	20007a90 <__wrap___aeabi_ui2d>
2000535c:	2200      	movs	r2, #0
2000535e:	4b6c      	ldr	r3, [pc, #432]	@ (20005510 <main+0x42c>)
20005360:	f002 fb0d 	bl	2000797e <__wrap___aeabi_ddiv>
20005364:	f002 fbe0 	bl	20007b28 <__wrap___aeabi_d2f>
20005368:	1c01      	adds	r1, r0, #0
2000536a:	4648      	mov	r0, r9
2000536c:	f7fa fec4 	bl	200000f8 <sm_config_set_clkdiv>
20005370:	4b7b      	ldr	r3, [pc, #492]	@ (20005560 <main+0x47c>)
20005372:	22f0      	movs	r2, #240	@ 0xf0
20005374:	0112      	lsls	r2, r2, #4
20005376:	601a      	str	r2, [r3, #0]
20005378:	497a      	ldr	r1, [pc, #488]	@ (20005564 <main+0x480>)
2000537a:	2009      	movs	r0, #9
2000537c:	f000 fcdc 	bl	20005d38 <irq_set_exclusive_handler>
20005380:	2101      	movs	r1, #1
20005382:	2009      	movs	r0, #9
20005384:	f000 fcb8 	bl	20005cf8 <irq_set_enabled>
20005388:	464b      	mov	r3, r9
2000538a:	9a03      	ldr	r2, [sp, #12]
2000538c:	4691      	mov	r9, r2
2000538e:	4641      	mov	r1, r8
20005390:	0028      	movs	r0, r5
20005392:	f004 fef9 	bl	2000a188 <pio_sm_init>
20005396:	682b      	ldr	r3, [r5, #0]
20005398:	0021      	movs	r1, r4
2000539a:	4640      	mov	r0, r8
2000539c:	4081      	lsls	r1, r0
2000539e:	438b      	bics	r3, r1
200053a0:	602b      	str	r3, [r5, #0]
200053a2:	0043      	lsls	r3, r0, #1
200053a4:	181a      	adds	r2, r3, r0
200053a6:	00d2      	lsls	r2, r2, #3
200053a8:	4869      	ldr	r0, [pc, #420]	@ (20005550 <main+0x46c>)
200053aa:	4684      	mov	ip, r0
200053ac:	4462      	add	r2, ip
200053ae:	6016      	str	r6, [r2, #0]
200053b0:	6016      	str	r6, [r2, #0]
200053b2:	4640      	mov	r0, r8
200053b4:	1d02      	adds	r2, r0, #4
200053b6:	0020      	movs	r0, r4
200053b8:	4090      	lsls	r0, r2
200053ba:	0002      	movs	r2, r0
200053bc:	4650      	mov	r0, sl
200053be:	6002      	str	r2, [r0, #0]
200053c0:	4640      	mov	r0, r8
200053c2:	3008      	adds	r0, #8
200053c4:	0002      	movs	r2, r0
200053c6:	0020      	movs	r0, r4
200053c8:	4090      	lsls	r0, r2
200053ca:	0002      	movs	r2, r0
200053cc:	4650      	mov	r0, sl
200053ce:	6002      	str	r2, [r0, #0]
200053d0:	682a      	ldr	r2, [r5, #0]
200053d2:	430a      	orrs	r2, r1
200053d4:	602a      	str	r2, [r5, #0]
200053d6:	4649      	mov	r1, r9
200053d8:	251f      	movs	r5, #31
200053da:	4029      	ands	r1, r5
200053dc:	4443      	add	r3, r8
200053de:	00db      	lsls	r3, r3, #3
200053e0:	4d5d      	ldr	r5, [pc, #372]	@ (20005558 <main+0x474>)
200053e2:	46ac      	mov	ip, r5
200053e4:	4463      	add	r3, ip
200053e6:	6019      	str	r1, [r3, #0]
200053e8:	4d5f      	ldr	r5, [pc, #380]	@ (20005568 <main+0x484>)
200053ea:	2101      	movs	r1, #1
200053ec:	0028      	movs	r0, r5
200053ee:	f004 fe0b 	bl	2000a008 <pio_claim_unused_sm>
200053f2:	4680      	mov	r8, r0
200053f4:	495d      	ldr	r1, [pc, #372]	@ (2000556c <main+0x488>)
200053f6:	0028      	movs	r0, r5
200053f8:	f004 fe32 	bl	2000a060 <pio_add_program>
200053fc:	4682      	mov	sl, r0
200053fe:	465b      	mov	r3, fp
20005400:	9300      	str	r3, [sp, #0]
20005402:	3302      	adds	r3, #2
20005404:	2214      	movs	r2, #20
20005406:	4641      	mov	r1, r8
20005408:	0028      	movs	r0, r5
2000540a:	f004 fe5f 	bl	2000a0cc <pio_sm_set_consecutive_pindirs>
2000540e:	ab08      	add	r3, sp, #32
20005410:	4699      	mov	r9, r3
20005412:	4651      	mov	r1, sl
20005414:	0018      	movs	r0, r3
20005416:	f7fa fedd 	bl	200001d4 <inhibited_signal_program_get_default_config>
2000541a:	464b      	mov	r3, r9
2000541c:	68db      	ldr	r3, [r3, #12]
2000541e:	4a47      	ldr	r2, [pc, #284]	@ (2000553c <main+0x458>)
20005420:	4013      	ands	r3, r2
20005422:	20a0      	movs	r0, #160	@ 0xa0
20005424:	0300      	lsls	r0, r0, #12
20005426:	4303      	orrs	r3, r0
20005428:	4649      	mov	r1, r9
2000542a:	60cb      	str	r3, [r1, #12]
2000542c:	688b      	ldr	r3, [r1, #8]
2000542e:	009b      	lsls	r3, r3, #2
20005430:	089b      	lsrs	r3, r3, #2
20005432:	4333      	orrs	r3, r6
20005434:	608b      	str	r3, [r1, #8]
20005436:	684b      	ldr	r3, [r1, #4]
20005438:	4942      	ldr	r1, [pc, #264]	@ (20005544 <main+0x460>)
2000543a:	400b      	ands	r3, r1
2000543c:	22a8      	movs	r2, #168	@ 0xa8
2000543e:	0552      	lsls	r2, r2, #21
20005440:	4313      	orrs	r3, r2
20005442:	4649      	mov	r1, r9
20005444:	604b      	str	r3, [r1, #4]
20005446:	2005      	movs	r0, #5
20005448:	f001 fcfe 	bl	20006e48 <clock_get_hz>
2000544c:	f002 fb20 	bl	20007a90 <__wrap___aeabi_ui2d>
20005450:	2200      	movs	r2, #0
20005452:	4b2f      	ldr	r3, [pc, #188]	@ (20005510 <main+0x42c>)
20005454:	f002 fa93 	bl	2000797e <__wrap___aeabi_ddiv>
20005458:	f002 fb66 	bl	20007b28 <__wrap___aeabi_d2f>
2000545c:	1c01      	adds	r1, r0, #0
2000545e:	4648      	mov	r0, r9
20005460:	f7fa fe4a 	bl	200000f8 <sm_config_set_clkdiv>
20005464:	4b42      	ldr	r3, [pc, #264]	@ (20005570 <main+0x48c>)
20005466:	22f0      	movs	r2, #240	@ 0xf0
20005468:	0112      	lsls	r2, r2, #4
2000546a:	601a      	str	r2, [r3, #0]
2000546c:	4941      	ldr	r1, [pc, #260]	@ (20005574 <main+0x490>)
2000546e:	2007      	movs	r0, #7
20005470:	f000 fc62 	bl	20005d38 <irq_set_exclusive_handler>
20005474:	2101      	movs	r1, #1
20005476:	2007      	movs	r0, #7
20005478:	f000 fc3e 	bl	20005cf8 <irq_set_enabled>
2000547c:	464b      	mov	r3, r9
2000547e:	4652      	mov	r2, sl
20005480:	4641      	mov	r1, r8
20005482:	0028      	movs	r0, r5
20005484:	f004 fe80 	bl	2000a188 <pio_sm_init>
20005488:	682b      	ldr	r3, [r5, #0]
2000548a:	0022      	movs	r2, r4
2000548c:	4641      	mov	r1, r8
2000548e:	408a      	lsls	r2, r1
20005490:	0011      	movs	r1, r2
20005492:	4393      	bics	r3, r2
20005494:	602b      	str	r3, [r5, #0]
20005496:	4643      	mov	r3, r8
20005498:	005b      	lsls	r3, r3, #1
2000549a:	4642      	mov	r2, r8
2000549c:	189a      	adds	r2, r3, r2
2000549e:	00d2      	lsls	r2, r2, #3
200054a0:	4835      	ldr	r0, [pc, #212]	@ (20005578 <main+0x494>)
200054a2:	4684      	mov	ip, r0
200054a4:	4462      	add	r2, ip
200054a6:	6016      	str	r6, [r2, #0]
200054a8:	6016      	str	r6, [r2, #0]
200054aa:	4642      	mov	r2, r8
200054ac:	3204      	adds	r2, #4
200054ae:	0020      	movs	r0, r4
200054b0:	4090      	lsls	r0, r2
200054b2:	0002      	movs	r2, r0
200054b4:	4831      	ldr	r0, [pc, #196]	@ (2000557c <main+0x498>)
200054b6:	4681      	mov	r9, r0
200054b8:	6002      	str	r2, [r0, #0]
200054ba:	4642      	mov	r2, r8
200054bc:	3208      	adds	r2, #8
200054be:	0020      	movs	r0, r4
200054c0:	4090      	lsls	r0, r2
200054c2:	0002      	movs	r2, r0
200054c4:	4648      	mov	r0, r9
200054c6:	6002      	str	r2, [r0, #0]
200054c8:	682a      	ldr	r2, [r5, #0]
200054ca:	430a      	orrs	r2, r1
200054cc:	602a      	str	r2, [r5, #0]
200054ce:	4652      	mov	r2, sl
200054d0:	211f      	movs	r1, #31
200054d2:	400a      	ands	r2, r1
200054d4:	4443      	add	r3, r8
200054d6:	00db      	lsls	r3, r3, #3
200054d8:	4929      	ldr	r1, [pc, #164]	@ (20005580 <main+0x49c>)
200054da:	468c      	mov	ip, r1
200054dc:	4463      	add	r3, ip
200054de:	601a      	str	r2, [r3, #0]
200054e0:	2101      	movs	r1, #1
200054e2:	0028      	movs	r0, r5
200054e4:	f004 fd90 	bl	2000a008 <pio_claim_unused_sm>
200054e8:	6038      	str	r0, [r7, #0]
200054ea:	4926      	ldr	r1, [pc, #152]	@ (20005584 <main+0x4a0>)
200054ec:	0028      	movs	r0, r5
200054ee:	f004 fdb7 	bl	2000a060 <pio_add_program>
200054f2:	4b25      	ldr	r3, [pc, #148]	@ (20005588 <main+0x4a4>)
200054f4:	4698      	mov	r8, r3
200054f6:	6018      	str	r0, [r3, #0]
200054f8:	e048      	b.n	2000558c <main+0x4a8>
200054fa:	46c0      	nop			@ (mov r8, r8)
200054fc:	2000c6ec 	.word	0x2000c6ec
20005500:	2000c6f8 	.word	0x2000c6f8
20005504:	2000d9a4 	.word	0x2000d9a4
20005508:	2000c704 	.word	0x2000c704
2000550c:	2000de74 	.word	0x2000de74
20005510:	412e8480 	.word	0x412e8480
20005514:	2000c73c 	.word	0x2000c73c
20005518:	2000c758 	.word	0x2000c758
2000551c:	2000c768 	.word	0x2000c768
20005520:	2000c778 	.word	0x2000c778
20005524:	2000c78c 	.word	0x2000c78c
20005528:	50300000 	.word	0x50300000
2000552c:	2000fd48 	.word	0x2000fd48
20005530:	2000d650 	.word	0x2000d650
20005534:	2000fdcc 	.word	0x2000fdcc
20005538:	2000fd4c 	.word	0x2000fd4c
2000553c:	fff07fff 	.word	0xfff07fff
20005540:	fe0affff 	.word	0xfe0affff
20005544:	e0ffffff 	.word	0xe0ffffff
20005548:	3e0affff 	.word	0x3e0affff
2000554c:	48027800 	.word	0x48027800
20005550:	503010d0 	.word	0x503010d0
20005554:	50302000 	.word	0x50302000
20005558:	503000d8 	.word	0x503000d8
2000555c:	2000d638 	.word	0x2000d638
20005560:	5030212c 	.word	0x5030212c
20005564:	20000785 	.word	0x20000785
20005568:	50200000 	.word	0x50200000
2000556c:	2000d6a0 	.word	0x2000d6a0
20005570:	5020212c 	.word	0x5020212c
20005574:	20000751 	.word	0x20000751
20005578:	502010d0 	.word	0x502010d0
2000557c:	50202000 	.word	0x50202000
20005580:	502000d8 	.word	0x502000d8
20005584:	2000d678 	.word	0x2000d678
20005588:	2000fdc8 	.word	0x2000fdc8
2000558c:	6839      	ldr	r1, [r7, #0]
2000558e:	465b      	mov	r3, fp
20005590:	9300      	str	r3, [sp, #0]
20005592:	3303      	adds	r3, #3
20005594:	2214      	movs	r2, #20
20005596:	0028      	movs	r0, r5
20005598:	f004 fd98 	bl	2000a0cc <pio_sm_set_consecutive_pindirs>
2000559c:	4643      	mov	r3, r8
2000559e:	6819      	ldr	r1, [r3, #0]
200055a0:	ab04      	add	r3, sp, #16
200055a2:	469a      	mov	sl, r3
200055a4:	0018      	movs	r0, r3
200055a6:	f7fa fe29 	bl	200001fc <device_to_host_program_get_default_config>
200055aa:	4653      	mov	r3, sl
200055ac:	68db      	ldr	r3, [r3, #12]
200055ae:	4a7f      	ldr	r2, [pc, #508]	@ (200057ac <main+0x6c8>)
200055b0:	4013      	ands	r3, r2
200055b2:	20a0      	movs	r0, #160	@ 0xa0
200055b4:	0300      	lsls	r0, r0, #12
200055b6:	4303      	orrs	r3, r0
200055b8:	4652      	mov	r2, sl
200055ba:	60d3      	str	r3, [r2, #12]
200055bc:	6892      	ldr	r2, [r2, #8]
200055be:	4b7c      	ldr	r3, [pc, #496]	@ (200057b0 <main+0x6cc>)
200055c0:	4013      	ands	r3, r2
200055c2:	2080      	movs	r0, #128	@ 0x80
200055c4:	02c0      	lsls	r0, r0, #11
200055c6:	4303      	orrs	r3, r0
200055c8:	4650      	mov	r0, sl
200055ca:	6083      	str	r3, [r0, #8]
200055cc:	6841      	ldr	r1, [r0, #4]
200055ce:	4b79      	ldr	r3, [pc, #484]	@ (200057b4 <main+0x6d0>)
200055d0:	4019      	ands	r1, r3
200055d2:	23b0      	movs	r3, #176	@ 0xb0
200055d4:	055b      	lsls	r3, r3, #21
200055d6:	430b      	orrs	r3, r1
200055d8:	6043      	str	r3, [r0, #4]
200055da:	4877      	ldr	r0, [pc, #476]	@ (200057b8 <main+0x6d4>)
200055dc:	4002      	ands	r2, r0
200055de:	2380      	movs	r3, #128	@ 0x80
200055e0:	02db      	lsls	r3, r3, #11
200055e2:	4313      	orrs	r3, r2
200055e4:	4333      	orrs	r3, r6
200055e6:	4652      	mov	r2, sl
200055e8:	6093      	str	r3, [r2, #8]
200055ea:	2005      	movs	r0, #5
200055ec:	f001 fc2c 	bl	20006e48 <clock_get_hz>
200055f0:	f002 fe34 	bl	2000825c <__wrap___aeabi_ui2f>
200055f4:	4971      	ldr	r1, [pc, #452]	@ (200057bc <main+0x6d8>)
200055f6:	f002 fe12 	bl	2000821e <__wrap___aeabi_fdiv>
200055fa:	1c01      	adds	r1, r0, #0
200055fc:	4650      	mov	r0, sl
200055fe:	f7fa fd7b 	bl	200000f8 <sm_config_set_clkdiv>
20005602:	6839      	ldr	r1, [r7, #0]
20005604:	4642      	mov	r2, r8
20005606:	6812      	ldr	r2, [r2, #0]
20005608:	4653      	mov	r3, sl
2000560a:	0028      	movs	r0, r5
2000560c:	f004 fdbc 	bl	2000a188 <pio_sm_init>
20005610:	683a      	ldr	r2, [r7, #0]
20005612:	682b      	ldr	r3, [r5, #0]
20005614:	0020      	movs	r0, r4
20005616:	4090      	lsls	r0, r2
20005618:	4383      	bics	r3, r0
2000561a:	602b      	str	r3, [r5, #0]
2000561c:	683a      	ldr	r2, [r7, #0]
2000561e:	0053      	lsls	r3, r2, #1
20005620:	189b      	adds	r3, r3, r2
20005622:	00db      	lsls	r3, r3, #3
20005624:	4a66      	ldr	r2, [pc, #408]	@ (200057c0 <main+0x6dc>)
20005626:	4694      	mov	ip, r2
20005628:	4463      	add	r3, ip
2000562a:	601e      	str	r6, [r3, #0]
2000562c:	601e      	str	r6, [r3, #0]
2000562e:	683b      	ldr	r3, [r7, #0]
20005630:	3304      	adds	r3, #4
20005632:	0022      	movs	r2, r4
20005634:	409a      	lsls	r2, r3
20005636:	0013      	movs	r3, r2
20005638:	464a      	mov	r2, r9
2000563a:	6013      	str	r3, [r2, #0]
2000563c:	683b      	ldr	r3, [r7, #0]
2000563e:	3308      	adds	r3, #8
20005640:	0022      	movs	r2, r4
20005642:	409a      	lsls	r2, r3
20005644:	0013      	movs	r3, r2
20005646:	464a      	mov	r2, r9
20005648:	6013      	str	r3, [r2, #0]
2000564a:	683a      	ldr	r2, [r7, #0]
2000564c:	682b      	ldr	r3, [r5, #0]
2000564e:	4094      	lsls	r4, r2
20005650:	431c      	orrs	r4, r3
20005652:	602c      	str	r4, [r5, #0]
20005654:	6839      	ldr	r1, [r7, #0]
20005656:	4642      	mov	r2, r8
20005658:	6812      	ldr	r2, [r2, #0]
2000565a:	231f      	movs	r3, #31
2000565c:	401a      	ands	r2, r3
2000565e:	004b      	lsls	r3, r1, #1
20005660:	185b      	adds	r3, r3, r1
20005662:	00db      	lsls	r3, r3, #3
20005664:	4957      	ldr	r1, [pc, #348]	@ (200057c4 <main+0x6e0>)
20005666:	468c      	mov	ip, r1
20005668:	4463      	add	r3, ip
2000566a:	601a      	str	r2, [r3, #0]
2000566c:	f7fb f866 	bl	2000073c <start_device_to_host_sm>
20005670:	f7fb f842 	bl	200006f8 <restart_host_to_device_sm>
20005674:	4c54      	ldr	r4, [pc, #336]	@ (200057c8 <main+0x6e4>)
20005676:	0020      	movs	r0, r4
20005678:	f004 fbec 	bl	20009e54 <multicore_launch_core1>
2000567c:	2001      	movs	r0, #1
2000567e:	f001 f965 	bl	2000694c <sleep_ms>
20005682:	f004 fb47 	bl	20009d14 <multicore_reset_core1>
20005686:	0020      	movs	r0, r4
20005688:	f004 fbe4 	bl	20009e54 <multicore_launch_core1>
2000568c:	20fa      	movs	r0, #250	@ 0xfa
2000568e:	2100      	movs	r1, #0
20005690:	0100      	lsls	r0, r0, #4
20005692:	f001 fd6b 	bl	2000716c <watchdog_enable>
20005696:	e042      	b.n	2000571e <main+0x63a>
20005698:	4b4c      	ldr	r3, [pc, #304]	@ (200057cc <main+0x6e8>)
2000569a:	6818      	ldr	r0, [r3, #0]
2000569c:	f001 ff22 	bl	200074e4 <__wrap___aeabi_uidiv>
200056a0:	014d      	lsls	r5, r1, #5
200056a2:	4b4b      	ldr	r3, [pc, #300]	@ (200057d0 <main+0x6ec>)
200056a4:	18ed      	adds	r5, r5, r3
200056a6:	f001 fa55 	bl	20006b54 <time_us_64>
200056aa:	2900      	cmp	r1, #0
200056ac:	d011      	beq.n	200056d2 <main+0x5ee>
200056ae:	22fa      	movs	r2, #250	@ 0xfa
200056b0:	0092      	lsls	r2, r2, #2
200056b2:	2300      	movs	r3, #0
200056b4:	f001 ff54 	bl	20007560 <__wrap___aeabi_uldivmod>
200056b8:	4946      	ldr	r1, [pc, #280]	@ (200057d4 <main+0x6f0>)
200056ba:	9000      	str	r0, [sp, #0]
200056bc:	0023      	movs	r3, r4
200056be:	2248      	movs	r2, #72	@ 0x48
200056c0:	0028      	movs	r0, r5
200056c2:	f003 ffad 	bl	20009620 <__wrap_sprintf>
200056c6:	4a41      	ldr	r2, [pc, #260]	@ (200057cc <main+0x6e8>)
200056c8:	6813      	ldr	r3, [r2, #0]
200056ca:	3301      	adds	r3, #1
200056cc:	6013      	str	r3, [r2, #0]
200056ce:	2001      	movs	r0, #1
200056d0:	e005      	b.n	200056de <main+0x5fa>
200056d2:	21fa      	movs	r1, #250	@ 0xfa
200056d4:	0089      	lsls	r1, r1, #2
200056d6:	f001 ff05 	bl	200074e4 <__wrap___aeabi_uidiv>
200056da:	e7ed      	b.n	200056b8 <main+0x5d4>
200056dc:	2000      	movs	r0, #0
200056de:	4b3e      	ldr	r3, [pc, #248]	@ (200057d8 <main+0x6f4>)
200056e0:	681a      	ldr	r2, [r3, #0]
200056e2:	4b3e      	ldr	r3, [pc, #248]	@ (200057dc <main+0x6f8>)
200056e4:	6859      	ldr	r1, [r3, #4]
200056e6:	3208      	adds	r2, #8
200056e8:	2301      	movs	r3, #1
200056ea:	4093      	lsls	r3, r2
200056ec:	420b      	tst	r3, r1
200056ee:	d157      	bne.n	200057a0 <main+0x6bc>
200056f0:	4b39      	ldr	r3, [pc, #228]	@ (200057d8 <main+0x6f4>)
200056f2:	681b      	ldr	r3, [r3, #0]
200056f4:	009b      	lsls	r3, r3, #2
200056f6:	4a3a      	ldr	r2, [pc, #232]	@ (200057e0 <main+0x6fc>)
200056f8:	4694      	mov	ip, r2
200056fa:	4463      	add	r3, ip
200056fc:	781c      	ldrb	r4, [r3, #0]
200056fe:	b2e4      	uxtb	r4, r4
20005700:	4a32      	ldr	r2, [pc, #200]	@ (200057cc <main+0x6e8>)
20005702:	6812      	ldr	r2, [r2, #0]
20005704:	4937      	ldr	r1, [pc, #220]	@ (200057e4 <main+0x700>)
20005706:	6809      	ldr	r1, [r1, #0]
20005708:	1a52      	subs	r2, r2, r1
2000570a:	21fa      	movs	r1, #250	@ 0xfa
2000570c:	00c9      	lsls	r1, r1, #3
2000570e:	428a      	cmp	r2, r1
20005710:	d325      	bcc.n	2000575e <main+0x67a>
20005712:	4a35      	ldr	r2, [pc, #212]	@ (200057e8 <main+0x704>)
20005714:	6813      	ldr	r3, [r2, #0]
20005716:	3301      	adds	r3, #1
20005718:	6013      	str	r3, [r2, #0]
2000571a:	f7fc fe3d 	bl	20002398 <capture_note_traffic>
2000571e:	4b33      	ldr	r3, [pc, #204]	@ (200057ec <main+0x708>)
20005720:	681a      	ldr	r2, [r3, #0]
20005722:	4b33      	ldr	r3, [pc, #204]	@ (200057f0 <main+0x70c>)
20005724:	6859      	ldr	r1, [r3, #4]
20005726:	3208      	adds	r2, #8
20005728:	2301      	movs	r3, #1
2000572a:	4093      	lsls	r3, r2
2000572c:	420b      	tst	r3, r1
2000572e:	d1d5      	bne.n	200056dc <main+0x5f8>
20005730:	4b2e      	ldr	r3, [pc, #184]	@ (200057ec <main+0x708>)
20005732:	681b      	ldr	r3, [r3, #0]
20005734:	009b      	lsls	r3, r3, #2
20005736:	4a2f      	ldr	r2, [pc, #188]	@ (200057f4 <main+0x710>)
20005738:	4694      	mov	ip, r2
2000573a:	4463      	add	r3, ip
2000573c:	781c      	ldrb	r4, [r3, #0]
2000573e:	b2e4      	uxtb	r4, r4
20005740:	4a22      	ldr	r2, [pc, #136]	@ (200057cc <main+0x6e8>)
20005742:	6812      	ldr	r2, [r2, #0]
20005744:	4927      	ldr	r1, [pc, #156]	@ (200057e4 <main+0x700>)
20005746:	6809      	ldr	r1, [r1, #0]
20005748:	1a52      	subs	r2, r2, r1
2000574a:	21fa      	movs	r1, #250	@ 0xfa
2000574c:	00c9      	lsls	r1, r1, #3
2000574e:	428a      	cmp	r2, r1
20005750:	d3a2      	bcc.n	20005698 <main+0x5b4>
20005752:	4a25      	ldr	r2, [pc, #148]	@ (200057e8 <main+0x704>)
20005754:	6813      	ldr	r3, [r2, #0]
20005756:	3301      	adds	r3, #1
20005758:	6013      	str	r3, [r2, #0]
2000575a:	2001      	movs	r0, #1
2000575c:	e7bf      	b.n	200056de <main+0x5fa>
2000575e:	4b1b      	ldr	r3, [pc, #108]	@ (200057cc <main+0x6e8>)
20005760:	6818      	ldr	r0, [r3, #0]
20005762:	f001 febf 	bl	200074e4 <__wrap___aeabi_uidiv>
20005766:	014d      	lsls	r5, r1, #5
20005768:	4b19      	ldr	r3, [pc, #100]	@ (200057d0 <main+0x6ec>)
2000576a:	18ed      	adds	r5, r5, r3
2000576c:	f001 f9f2 	bl	20006b54 <time_us_64>
20005770:	2900      	cmp	r1, #0
20005772:	d010      	beq.n	20005796 <main+0x6b2>
20005774:	22fa      	movs	r2, #250	@ 0xfa
20005776:	0092      	lsls	r2, r2, #2
20005778:	2300      	movs	r3, #0
2000577a:	f001 fef1 	bl	20007560 <__wrap___aeabi_uldivmod>
2000577e:	4915      	ldr	r1, [pc, #84]	@ (200057d4 <main+0x6f0>)
20005780:	9000      	str	r0, [sp, #0]
20005782:	0023      	movs	r3, r4
20005784:	2244      	movs	r2, #68	@ 0x44
20005786:	0028      	movs	r0, r5
20005788:	f003 ff4a 	bl	20009620 <__wrap_sprintf>
2000578c:	4a0f      	ldr	r2, [pc, #60]	@ (200057cc <main+0x6e8>)
2000578e:	6813      	ldr	r3, [r2, #0]
20005790:	3301      	adds	r3, #1
20005792:	6013      	str	r3, [r2, #0]
20005794:	e7c1      	b.n	2000571a <main+0x636>
20005796:	21fa      	movs	r1, #250	@ 0xfa
20005798:	0089      	lsls	r1, r1, #2
2000579a:	f001 fea3 	bl	200074e4 <__wrap___aeabi_uidiv>
2000579e:	e7ee      	b.n	2000577e <main+0x69a>
200057a0:	2800      	cmp	r0, #0
200057a2:	d1ba      	bne.n	2000571a <main+0x636>
200057a4:	f7fc fe02 	bl	200023ac <capture_note_idle>
200057a8:	e7b9      	b.n	2000571e <main+0x63a>
200057aa:	46c0      	nop			@ (mov r8, r8)
200057ac:	fff07fff 	.word	0xfff07fff
200057b0:	fe0affff 	.word	0xfe0affff
200057b4:	e0ffffff 	.word	0xe0ffffff
200057b8:	3e0affff 	.word	0x3e0affff
200057bc:	48027800 	.word	0x48027800
200057c0:	502010d0 	.word	0x502010d0
200057c4:	502000d8 	.word	0x502000d8
200057c8:	20004821 	.word	0x20004821
200057cc:	20020e88 	.word	0x20020e88
200057d0:	20010efc 	.word	0x20010efc
200057d4:	2000c7a0 	.word	0x2000c7a0
200057d8:	2000fd4c 	.word	0x2000fd4c
200057dc:	50200000 	.word	0x50200000
200057e0:	50200023 	.word	0x50200023
200057e4:	20010ef4 	.word	0x20010ef4
200057e8:	200208fc 	.word	0x200208fc
200057ec:	2000fd48 	.word	0x2000fd48
200057f0:	50300000 	.word	0x50300000
200057f4:	50300023 	.word	0x50300023

200057f8 <gpio_default_irq_handler>:
200057f8:	b5f8      	push	{r3, r4, r5, r6, r7, lr}
200057fa:	46ce      	mov	lr, r9
200057fc:	4647      	mov	r7, r8
200057fe:	b580      	push	{r7, lr}
20005800:	23d0      	movs	r3, #208	@ 0xd0
20005802:	061b      	lsls	r3, r3, #24
20005804:	681f      	ldr	r7, [r3, #0]
20005806:	4b21      	ldr	r3, [pc, #132]	@ (2000588c <gpio_default_irq_handler+0x94>)
20005808:	00ba      	lsls	r2, r7, #2
2000580a:	58d3      	ldr	r3, [r2, r3]
2000580c:	4698      	mov	r8, r3
2000580e:	007b      	lsls	r3, r7, #1
20005810:	19db      	adds	r3, r3, r7
20005812:	011b      	lsls	r3, r3, #4
20005814:	4a1e      	ldr	r2, [pc, #120]	@ (20005890 <gpio_default_irq_handler+0x98>)
20005816:	4694      	mov	ip, r2
20005818:	4463      	add	r3, ip
2000581a:	4699      	mov	r9, r3
2000581c:	2600      	movs	r6, #0
2000581e:	e027      	b.n	20005870 <gpio_default_irq_handler+0x78>
20005820:	40eb      	lsrs	r3, r5
20005822:	e012      	b.n	2000584a <gpio_default_irq_handler+0x52>
20005824:	0924      	lsrs	r4, r4, #4
20005826:	3501      	adds	r5, #1
20005828:	2c00      	cmp	r4, #0
2000582a:	d020      	beq.n	2000586e <gpio_default_irq_handler+0x76>
2000582c:	0033      	movs	r3, r6
2000582e:	3308      	adds	r3, #8
20005830:	42ab      	cmp	r3, r5
20005832:	d91c      	bls.n	2000586e <gpio_default_irq_handler+0x76>
20005834:	230f      	movs	r3, #15
20005836:	0019      	movs	r1, r3
20005838:	4021      	ands	r1, r4
2000583a:	4223      	tst	r3, r4
2000583c:	d0f2      	beq.n	20005824 <gpio_default_irq_handler+0x2c>
2000583e:	4b15      	ldr	r3, [pc, #84]	@ (20005894 <gpio_default_irq_handler+0x9c>)
20005840:	00ba      	lsls	r2, r7, #2
20005842:	58d3      	ldr	r3, [r2, r3]
20005844:	2d20      	cmp	r5, #32
20005846:	d4eb      	bmi.n	20005820 <gpio_default_irq_handler+0x28>
20005848:	2300      	movs	r3, #0
2000584a:	07db      	lsls	r3, r3, #31
2000584c:	d4ea      	bmi.n	20005824 <gpio_default_irq_handler+0x2c>
2000584e:	2207      	movs	r2, #7
20005850:	402a      	ands	r2, r5
20005852:	0092      	lsls	r2, r2, #2
20005854:	08eb      	lsrs	r3, r5, #3
20005856:	0008      	movs	r0, r1
20005858:	4090      	lsls	r0, r2
2000585a:	333c      	adds	r3, #60	@ 0x3c
2000585c:	009b      	lsls	r3, r3, #2
2000585e:	4a0e      	ldr	r2, [pc, #56]	@ (20005898 <gpio_default_irq_handler+0xa0>)
20005860:	5098      	str	r0, [r3, r2]
20005862:	4643      	mov	r3, r8
20005864:	2b00      	cmp	r3, #0
20005866:	d0dd      	beq.n	20005824 <gpio_default_irq_handler+0x2c>
20005868:	0028      	movs	r0, r5
2000586a:	47c0      	blx	r8
2000586c:	e7da      	b.n	20005824 <gpio_default_irq_handler+0x2c>
2000586e:	3608      	adds	r6, #8
20005870:	2e1d      	cmp	r6, #29
20005872:	d806      	bhi.n	20005882 <gpio_default_irq_handler+0x8a>
20005874:	08f3      	lsrs	r3, r6, #3
20005876:	3308      	adds	r3, #8
20005878:	009b      	lsls	r3, r3, #2
2000587a:	464a      	mov	r2, r9
2000587c:	589c      	ldr	r4, [r3, r2]
2000587e:	0035      	movs	r5, r6
20005880:	e7d2      	b.n	20005828 <gpio_default_irq_handler+0x30>
20005882:	bcc0      	pop	{r6, r7}
20005884:	46b9      	mov	r9, r7
20005886:	46b0      	mov	r8, r6
20005888:	bdf8      	pop	{r3, r4, r5, r6, r7, pc}
2000588a:	46c0      	nop			@ (mov r8, r8)
2000588c:	2000fc9c 	.word	0x2000fc9c
20005890:	40014100 	.word	0x40014100
20005894:	20010eec 	.word	0x20010eec
20005898:	40014000 	.word	0x40014000

2000589c <_gpio_set_irq_enabled>:
2000589c:	b510      	push	{r4, lr}
2000589e:	4694      	mov	ip, r2
200058a0:	2207      	movs	r2, #7
200058a2:	4002      	ands	r2, r0
200058a4:	0092      	lsls	r2, r2, #2
200058a6:	08c0      	lsrs	r0, r0, #3
200058a8:	4091      	lsls	r1, r2
200058aa:	0002      	movs	r2, r0
200058ac:	323c      	adds	r2, #60	@ 0x3c
200058ae:	0092      	lsls	r2, r2, #2
200058b0:	4c09      	ldr	r4, [pc, #36]	@ (200058d8 <_gpio_set_irq_enabled+0x3c>)
200058b2:	5111      	str	r1, [r2, r4]
200058b4:	0080      	lsls	r0, r0, #2
200058b6:	181b      	adds	r3, r3, r0
200058b8:	4662      	mov	r2, ip
200058ba:	2a00      	cmp	r2, #0
200058bc:	d005      	beq.n	200058ca <_gpio_set_irq_enabled+0x2e>
200058be:	2280      	movs	r2, #128	@ 0x80
200058c0:	0192      	lsls	r2, r2, #6
200058c2:	4694      	mov	ip, r2
200058c4:	4463      	add	r3, ip
200058c6:	6019      	str	r1, [r3, #0]
200058c8:	bd10      	pop	{r4, pc}
200058ca:	22c0      	movs	r2, #192	@ 0xc0
200058cc:	0192      	lsls	r2, r2, #6
200058ce:	4694      	mov	ip, r2
200058d0:	4463      	add	r3, ip
200058d2:	6019      	str	r1, [r3, #0]
200058d4:	e7f8      	b.n	200058c8 <_gpio_set_irq_enabled+0x2c>
200058d6:	46c0      	nop			@ (mov r8, r8)
200058d8:	40014000 	.word	0x40014000

200058dc <gpio_set_function>:
200058dc:	b510      	push	{r4, lr}
200058de:	0083      	lsls	r3, r0, #2
200058e0:	4a08      	ldr	r2, [pc, #32]	@ (20005904 <gpio_set_function+0x28>)
200058e2:	189a      	adds	r2, r3, r2
200058e4:	6812      	ldr	r2, [r2, #0]
200058e6:	2440      	movs	r4, #64	@ 0x40
200058e8:	4054      	eors	r4, r2
200058ea:	22c0      	movs	r2, #192	@ 0xc0
200058ec:	4022      	ands	r2, r4
200058ee:	4c06      	ldr	r4, [pc, #24]	@ (20005908 <gpio_set_function+0x2c>)
200058f0:	46a4      	mov	ip, r4
200058f2:	4463      	add	r3, ip
200058f4:	601a      	str	r2, [r3, #0]
200058f6:	00c0      	lsls	r0, r0, #3
200058f8:	4b04      	ldr	r3, [pc, #16]	@ (2000590c <gpio_set_function+0x30>)
200058fa:	469c      	mov	ip, r3
200058fc:	4460      	add	r0, ip
200058fe:	6041      	str	r1, [r0, #4]
20005900:	bd10      	pop	{r4, pc}
20005902:	46c0      	nop			@ (mov r8, r8)
20005904:	4001c004 	.word	0x4001c004
20005908:	4001d004 	.word	0x4001d004
2000590c:	40014000 	.word	0x40014000

20005910 <gpio_get_function>:
20005910:	00c0      	lsls	r0, r0, #3
20005912:	4b03      	ldr	r3, [pc, #12]	@ (20005920 <gpio_get_function+0x10>)
20005914:	469c      	mov	ip, r3
20005916:	4460      	add	r0, ip
20005918:	6843      	ldr	r3, [r0, #4]
2000591a:	201f      	movs	r0, #31
2000591c:	4018      	ands	r0, r3
2000591e:	4770      	bx	lr
20005920:	40014000 	.word	0x40014000

20005924 <gpio_set_pulls>:
20005924:	0080      	lsls	r0, r0, #2
20005926:	4b0b      	ldr	r3, [pc, #44]	@ (20005954 <gpio_set_pulls+0x30>)
20005928:	469c      	mov	ip, r3
2000592a:	4460      	add	r0, ip
2000592c:	2900      	cmp	r1, #0
2000592e:	d00e      	beq.n	2000594e <gpio_set_pulls+0x2a>
20005930:	2308      	movs	r3, #8
20005932:	2a00      	cmp	r2, #0
20005934:	d000      	beq.n	20005938 <gpio_set_pulls+0x14>
20005936:	2204      	movs	r2, #4
20005938:	4313      	orrs	r3, r2
2000593a:	6802      	ldr	r2, [r0, #0]
2000593c:	4053      	eors	r3, r2
2000593e:	220c      	movs	r2, #12
20005940:	4013      	ands	r3, r2
20005942:	2280      	movs	r2, #128	@ 0x80
20005944:	0152      	lsls	r2, r2, #5
20005946:	4694      	mov	ip, r2
20005948:	4460      	add	r0, ip
2000594a:	6003      	str	r3, [r0, #0]
2000594c:	4770      	bx	lr
2000594e:	2300      	movs	r3, #0
20005950:	e7ef      	b.n	20005932 <gpio_set_pulls+0xe>
20005952:	46c0      	nop			@ (mov r8, r8)
20005954:	4001c004 	.word	0x4001c004

20005958 <gpio_set_irq_enabled>:
20005958:	b570      	push	{r4, r5, r6, lr}
2000595a:	0005      	movs	r5, r0
2000595c:	000e      	movs	r6, r1
2000595e:	1e14      	subs	r4, r2, #0
20005960:	d004      	beq.n	2000596c <gpio_set_irq_enabled+0x14>
20005962:	200d      	movs	r0, #13
20005964:	f000 f9da 	bl	20005d1c <irq_has_handler>
20005968:	2800      	cmp	r0, #0
2000596a:	d00e      	beq.n	2000598a <gpio_set_irq_enabled+0x32>
2000596c:	23d0      	movs	r3, #208	@ 0xd0
2000596e:	061b      	lsls	r3, r3, #24
20005970:	681a      	ldr	r2, [r3, #0]
20005972:	0053      	lsls	r3, r2, #1
20005974:	189b      	adds	r3, r3, r2
20005976:	011b      	lsls	r3, r3, #4
20005978:	4a07      	ldr	r2, [pc, #28]	@ (20005998 <gpio_set_irq_enabled+0x40>)
2000597a:	4694      	mov	ip, r2
2000597c:	4463      	add	r3, ip
2000597e:	0022      	movs	r2, r4
20005980:	0031      	movs	r1, r6
20005982:	0028      	movs	r0, r5
20005984:	f7ff ff8a 	bl	2000589c <_gpio_set_irq_enabled>
20005988:	bd70      	pop	{r4, r5, r6, pc}
2000598a:	4b04      	ldr	r3, [pc, #16]	@ (2000599c <gpio_set_irq_enabled+0x44>)
2000598c:	4a04      	ldr	r2, [pc, #16]	@ (200059a0 <gpio_set_irq_enabled+0x48>)
2000598e:	4805      	ldr	r0, [pc, #20]	@ (200059a4 <gpio_set_irq_enabled+0x4c>)
20005990:	21bd      	movs	r1, #189	@ 0xbd
20005992:	f003 fecd 	bl	20009730 <__assert_func>
20005996:	46c0      	nop			@ (mov r8, r8)
20005998:	40014100 	.word	0x40014100
2000599c:	2000c9cc 	.word	0x2000c9cc
200059a0:	2000d6c0 	.word	0x2000d6c0
200059a4:	2000c9f8 	.word	0x2000c9f8

200059a8 <gpio_set_irq_callback>:
200059a8:	b570      	push	{r4, r5, r6, lr}
200059aa:	0004      	movs	r4, r0
200059ac:	23d0      	movs	r3, #208	@ 0xd0
200059ae:	061b      	lsls	r3, r3, #24
200059b0:	681d      	ldr	r5, [r3, #0]
200059b2:	4b0d      	ldr	r3, [pc, #52]	@ (200059e8 <gpio_set_irq_callback+0x40>)
200059b4:	00aa      	lsls	r2, r5, #2
200059b6:	58d3      	ldr	r3, [r2, r3]
200059b8:	2b00      	cmp	r3, #0
200059ba:	d00a      	beq.n	200059d2 <gpio_set_irq_callback+0x2a>
200059bc:	2800      	cmp	r0, #0
200059be:	d003      	beq.n	200059c8 <gpio_set_irq_callback+0x20>
200059c0:	4b09      	ldr	r3, [pc, #36]	@ (200059e8 <gpio_set_irq_callback+0x40>)
200059c2:	00ad      	lsls	r5, r5, #2
200059c4:	50ec      	str	r4, [r5, r3]
200059c6:	bd70      	pop	{r4, r5, r6, pc}
200059c8:	4908      	ldr	r1, [pc, #32]	@ (200059ec <gpio_set_irq_callback+0x44>)
200059ca:	200d      	movs	r0, #13
200059cc:	f000 faec 	bl	20005fa8 <irq_remove_handler>
200059d0:	e7f6      	b.n	200059c0 <gpio_set_irq_callback+0x18>
200059d2:	2800      	cmp	r0, #0
200059d4:	d0f7      	beq.n	200059c6 <gpio_set_irq_callback+0x1e>
200059d6:	4b04      	ldr	r3, [pc, #16]	@ (200059e8 <gpio_set_irq_callback+0x40>)
200059d8:	00ad      	lsls	r5, r5, #2
200059da:	50e8      	str	r0, [r5, r3]
200059dc:	4903      	ldr	r1, [pc, #12]	@ (200059ec <gpio_set_irq_callback+0x44>)
200059de:	2200      	movs	r2, #0
200059e0:	200d      	movs	r0, #13
200059e2:	f000 f9d5 	bl	20005d90 <irq_add_shared_handler>
200059e6:	e7ee      	b.n	200059c6 <gpio_set_irq_callback+0x1e>
200059e8:	2000fc9c 	.word	0x2000fc9c
200059ec:	200057f9 	.word	0x200057f9

200059f0 <gpio_set_irq_enabled_with_callback>:
200059f0:	b5f8      	push	{r3, r4, r5, r6, r7, lr}
200059f2:	0005      	movs	r5, r0
200059f4:	000e      	movs	r6, r1
200059f6:	0014      	movs	r4, r2
200059f8:	001f      	movs	r7, r3
200059fa:	2a00      	cmp	r2, #0
200059fc:	d10b      	bne.n	20005a16 <gpio_set_irq_enabled_with_callback+0x26>
200059fe:	0022      	movs	r2, r4
20005a00:	0031      	movs	r1, r6
20005a02:	0028      	movs	r0, r5
20005a04:	f7ff ffa8 	bl	20005958 <gpio_set_irq_enabled>
20005a08:	2c00      	cmp	r4, #0
20005a0a:	d008      	beq.n	20005a1e <gpio_set_irq_enabled_with_callback+0x2e>
20005a0c:	2101      	movs	r1, #1
20005a0e:	200d      	movs	r0, #13
20005a10:	f000 f972 	bl	20005cf8 <irq_set_enabled>
20005a14:	bdf8      	pop	{r3, r4, r5, r6, r7, pc}
20005a16:	0018      	movs	r0, r3
20005a18:	f7ff ffc6 	bl	200059a8 <gpio_set_irq_callback>
20005a1c:	e7ef      	b.n	200059fe <gpio_set_irq_enabled_with_callback+0xe>
20005a1e:	0038      	movs	r0, r7
20005a20:	f7ff ffc2 	bl	200059a8 <gpio_set_irq_callback>
20005a24:	e7f6      	b.n	20005a14 <gpio_set_irq_enabled_with_callback+0x24>

20005a26 <gpio_init>:
20005a26:	b510      	push	{r4, lr}
20005a28:	2301      	movs	r3, #1
20005a2a:	4083      	lsls	r3, r0
20005a2c:	22d0      	movs	r2, #208	@ 0xd0
20005a2e:	0612      	lsls	r2, r2, #24
20005a30:	6293      	str	r3, [r2, #40]	@ 0x28
20005a32:	6193      	str	r3, [r2, #24]
20005a34:	2105      	movs	r1, #5
20005a36:	f7ff ff51 	bl	200058dc <gpio_set_function>
20005a3a:	bd10      	pop	{r4, pc}

20005a3c <gpio_deinit>:
20005a3c:	b510      	push	{r4, lr}
20005a3e:	211f      	movs	r1, #31
20005a40:	f7ff ff4c 	bl	200058dc <gpio_set_function>
20005a44:	bd10      	pop	{r4, pc}
	...

20005a48 <panic>:
20005a48:	b40f      	push	{r0, r1, r2, r3}
20005a4a:	b500      	push	{lr}
20005a4c:	b083      	sub	sp, #12
20005a4e:	4808      	ldr	r0, [pc, #32]	@ (20005a70 <panic+0x28>)
20005a50:	f003 ffe3 	bl	20009a1a <__wrap_puts>
20005a54:	9b04      	ldr	r3, [sp, #16]
20005a56:	2b00      	cmp	r3, #0
20005a58:	d007      	beq.n	20005a6a <panic+0x22>
20005a5a:	a905      	add	r1, sp, #20
20005a5c:	9101      	str	r1, [sp, #4]
20005a5e:	0018      	movs	r0, r3
20005a60:	f003 ffea 	bl	20009a38 <__wrap_vprintf>
20005a64:	4803      	ldr	r0, [pc, #12]	@ (20005a74 <panic+0x2c>)
20005a66:	f003 ffd8 	bl	20009a1a <__wrap_puts>
20005a6a:	2001      	movs	r0, #1
20005a6c:	f003 fe16 	bl	2000969c <_exit>
20005a70:	2000ca40 	.word	0x2000ca40
20005a74:	2000b3e4 	.word	0x2000b3e4

20005a78 <hw_claim_lock>:
20005a78:	f3ef 8010 	mrs	r0, PRIMASK
20005a7c:	b672      	cpsid	i
20005a7e:	4b03      	ldr	r3, [pc, #12]	@ (20005a8c <hw_claim_lock+0x14>)
20005a80:	681b      	ldr	r3, [r3, #0]
20005a82:	2b00      	cmp	r3, #0
20005a84:	d0fb      	beq.n	20005a7e <hw_claim_lock+0x6>
20005a86:	f3bf 8f5f 	dmb	sy
20005a8a:	4770      	bx	lr
20005a8c:	d000012c 	.word	0xd000012c

20005a90 <hw_claim_unlock>:
20005a90:	f3bf 8f5f 	dmb	sy
20005a94:	4b02      	ldr	r3, [pc, #8]	@ (20005aa0 <hw_claim_unlock+0x10>)
20005a96:	2200      	movs	r2, #0
20005a98:	601a      	str	r2, [r3, #0]
20005a9a:	f380 8810 	msr	PRIMASK, r0
20005a9e:	4770      	bx	lr
20005aa0:	d000012c 	.word	0xd000012c

20005aa4 <hw_is_claimed>:
20005aa4:	08cb      	lsrs	r3, r1, #3
20005aa6:	5cc2      	ldrb	r2, [r0, r3]
20005aa8:	2307      	movs	r3, #7
20005aaa:	400b      	ands	r3, r1
20005aac:	2001      	movs	r0, #1
20005aae:	4098      	lsls	r0, r3
20005ab0:	4010      	ands	r0, r2
20005ab2:	1e43      	subs	r3, r0, #1
20005ab4:	4198      	sbcs	r0, r3
20005ab6:	b2c0      	uxtb	r0, r0
20005ab8:	4770      	bx	lr

20005aba <hw_claim_or_assert>:
20005aba:	b570      	push	{r4, r5, r6, lr}
20005abc:	0005      	movs	r5, r0
20005abe:	000c      	movs	r4, r1
20005ac0:	0016      	movs	r6, r2
20005ac2:	f7ff ffd9 	bl	20005a78 <hw_claim_lock>
20005ac6:	08e3      	lsrs	r3, r4, #3
20005ac8:	18ea      	adds	r2, r5, r3
20005aca:	4694      	mov	ip, r2
20005acc:	5ce9      	ldrb	r1, [r5, r3]
20005ace:	2207      	movs	r2, #7
20005ad0:	4022      	ands	r2, r4
20005ad2:	2301      	movs	r3, #1
20005ad4:	4093      	lsls	r3, r2
20005ad6:	420b      	tst	r3, r1
20005ad8:	d106      	bne.n	20005ae8 <hw_claim_or_assert+0x2e>
20005ada:	b2db      	uxtb	r3, r3
20005adc:	430b      	orrs	r3, r1
20005ade:	4662      	mov	r2, ip
20005ae0:	7013      	strb	r3, [r2, #0]
20005ae2:	f7ff ffd5 	bl	20005a90 <hw_claim_unlock>
20005ae6:	bd70      	pop	{r4, r5, r6, pc}
20005ae8:	0021      	movs	r1, r4
20005aea:	0030      	movs	r0, r6
20005aec:	f7ff ffac 	bl	20005a48 <panic>

20005af0 <hw_claim_unused_from_range>:
20005af0:	b5f0      	push	{r4, r5, r6, r7, lr}
20005af2:	b083      	sub	sp, #12
20005af4:	0005      	movs	r5, r0
20005af6:	9101      	str	r1, [sp, #4]
20005af8:	0014      	movs	r4, r2
20005afa:	001e      	movs	r6, r3
20005afc:	f7ff ffbc 	bl	20005a78 <hw_claim_lock>
20005b00:	e000      	b.n	20005b04 <hw_claim_unused_from_range+0x14>
20005b02:	3401      	adds	r4, #1
20005b04:	42b4      	cmp	r4, r6
20005b06:	d80c      	bhi.n	20005b22 <hw_claim_unused_from_range+0x32>
20005b08:	08e3      	lsrs	r3, r4, #3
20005b0a:	18ef      	adds	r7, r5, r3
20005b0c:	5ceb      	ldrb	r3, [r5, r3]
20005b0e:	2107      	movs	r1, #7
20005b10:	4021      	ands	r1, r4
20005b12:	2201      	movs	r2, #1
20005b14:	408a      	lsls	r2, r1
20005b16:	421a      	tst	r2, r3
20005b18:	d1f3      	bne.n	20005b02 <hw_claim_unused_from_range+0x12>
20005b1a:	b2d2      	uxtb	r2, r2
20005b1c:	431a      	orrs	r2, r3
20005b1e:	703a      	strb	r2, [r7, #0]
20005b20:	e001      	b.n	20005b26 <hw_claim_unused_from_range+0x36>
20005b22:	2401      	movs	r4, #1
20005b24:	4264      	negs	r4, r4
20005b26:	f7ff ffb3 	bl	20005a90 <hw_claim_unlock>
20005b2a:	2c00      	cmp	r4, #0
20005b2c:	db02      	blt.n	20005b34 <hw_claim_unused_from_range+0x44>
20005b2e:	0020      	movs	r0, r4
20005b30:	b003      	add	sp, #12
20005b32:	bdf0      	pop	{r4, r5, r6, r7, pc}
20005b34:	9b01      	ldr	r3, [sp, #4]
20005b36:	2b00      	cmp	r3, #0
20005b38:	d0f9      	beq.n	20005b2e <hw_claim_unused_from_range+0x3e>
20005b3a:	9808      	ldr	r0, [sp, #32]
20005b3c:	f7ff ff84 	bl	20005a48 <panic>

20005b40 <hw_claim_clear>:
20005b40:	b570      	push	{r4, r5, r6, lr}
20005b42:	0005      	movs	r5, r0
20005b44:	000c      	movs	r4, r1
20005b46:	f7ff ff97 	bl	20005a78 <hw_claim_lock>
20005b4a:	08e3      	lsrs	r3, r4, #3
20005b4c:	18ea      	adds	r2, r5, r3
20005b4e:	4694      	mov	ip, r2
20005b50:	5cea      	ldrb	r2, [r5, r3]
20005b52:	2107      	movs	r1, #7
20005b54:	4021      	ands	r1, r4
20005b56:	2301      	movs	r3, #1
20005b58:	408b      	lsls	r3, r1
20005b5a:	4213      	tst	r3, r2
20005b5c:	d005      	beq.n	20005b6a <hw_claim_clear+0x2a>
20005b5e:	439a      	bics	r2, r3
20005b60:	4663      	mov	r3, ip
20005b62:	701a      	strb	r2, [r3, #0]
20005b64:	f7ff ff94 	bl	20005a90 <hw_claim_unlock>
20005b68:	bd70      	pop	{r4, r5, r6, pc}
20005b6a:	4b03      	ldr	r3, [pc, #12]	@ (20005b78 <hw_claim_clear+0x38>)
20005b6c:	4a03      	ldr	r2, [pc, #12]	@ (20005b7c <hw_claim_clear+0x3c>)
20005b6e:	4804      	ldr	r0, [pc, #16]	@ (20005b80 <hw_claim_clear+0x40>)
20005b70:	2133      	movs	r1, #51	@ 0x33
20005b72:	f003 fddd 	bl	20009730 <__assert_func>
20005b76:	46c0      	nop			@ (mov r8, r8)
20005b78:	2000ca50 	.word	0x2000ca50
20005b7c:	2000d6d8 	.word	0x2000d6d8
20005b80:	2000ca70 	.word	0x2000ca70

20005b84 <next_striped_spin_lock_num>:
20005b84:	4a05      	ldr	r2, [pc, #20]	@ (20005b9c <next_striped_spin_lock_num+0x18>)
20005b86:	7810      	ldrb	r0, [r2, #0]
20005b88:	1c43      	adds	r3, r0, #1
20005b8a:	b2db      	uxtb	r3, r3
20005b8c:	7013      	strb	r3, [r2, #0]
20005b8e:	2b17      	cmp	r3, #23
20005b90:	d902      	bls.n	20005b98 <next_striped_spin_lock_num+0x14>
20005b92:	0013      	movs	r3, r2
20005b94:	2210      	movs	r2, #16
20005b96:	701a      	strb	r2, [r3, #0]
20005b98:	4770      	bx	lr
20005b9a:	46c0      	nop			@ (mov r8, r8)
20005b9c:	2000d9a8 	.word	0x2000d9a8

20005ba0 <spin_locks_reset>:
20005ba0:	2300      	movs	r3, #0
20005ba2:	e007      	b.n	20005bb4 <spin_locks_reset+0x14>
20005ba4:	4a05      	ldr	r2, [pc, #20]	@ (20005bbc <spin_locks_reset+0x1c>)
20005ba6:	189a      	adds	r2, r3, r2
20005ba8:	0092      	lsls	r2, r2, #2
20005baa:	f3bf 8f5f 	dmb	sy
20005bae:	2100      	movs	r1, #0
20005bb0:	6011      	str	r1, [r2, #0]
20005bb2:	3301      	adds	r3, #1
20005bb4:	2b1f      	cmp	r3, #31
20005bb6:	d9f5      	bls.n	20005ba4 <spin_locks_reset+0x4>
20005bb8:	4770      	bx	lr
20005bba:	46c0      	nop			@ (mov r8, r8)
20005bbc:	34000040 	.word	0x34000040

20005bc0 <set_raw_irq_handler_and_unlock>:
20005bc0:	4b07      	ldr	r3, [pc, #28]	@ (20005be0 <set_raw_irq_handler_and_unlock+0x20>)
20005bc2:	689b      	ldr	r3, [r3, #8]
20005bc4:	3010      	adds	r0, #16
20005bc6:	0080      	lsls	r0, r0, #2
20005bc8:	5019      	str	r1, [r3, r0]
20005bca:	f3bf 8f5f 	dmb	sy
20005bce:	f3bf 8f5f 	dmb	sy
20005bd2:	4b04      	ldr	r3, [pc, #16]	@ (20005be4 <set_raw_irq_handler_and_unlock+0x24>)
20005bd4:	2100      	movs	r1, #0
20005bd6:	6019      	str	r1, [r3, #0]
20005bd8:	f382 8810 	msr	PRIMASK, r2
20005bdc:	4770      	bx	lr
20005bde:	46c0      	nop			@ (mov r8, r8)
20005be0:	e000ed00 	.word	0xe000ed00
20005be4:	d0000124 	.word	0xd0000124

20005be8 <nvic_ipr0>:
20005be8:	4800      	ldr	r0, [pc, #0]	@ (20005bec <nvic_ipr0+0x4>)
20005bea:	4770      	bx	lr
20005bec:	e000e400 	.word	0xe000e400

20005bf0 <runtime_init_per_core_irq_priorities>:
20005bf0:	b510      	push	{r4, lr}
20005bf2:	f7ff fff9 	bl	20005be8 <nvic_ipr0>
20005bf6:	2300      	movs	r3, #0
20005bf8:	e002      	b.n	20005c00 <runtime_init_per_core_irq_priorities+0x10>
20005bfa:	4a03      	ldr	r2, [pc, #12]	@ (20005c08 <runtime_init_per_core_irq_priorities+0x18>)
20005bfc:	c004      	stmia	r0!, {r2}
20005bfe:	3301      	adds	r3, #1
20005c00:	2b07      	cmp	r3, #7
20005c02:	d9fa      	bls.n	20005bfa <runtime_init_per_core_irq_priorities+0xa>
20005c04:	bd10      	pop	{r4, pc}
20005c06:	46c0      	nop			@ (mov r8, r8)
20005c08:	80808080 	.word	0x80808080

20005c0c <resolve_j_16>:
20005c0c:	b510      	push	{r4, lr}
20005c0e:	8803      	ldrh	r3, [r0, #0]
20005c10:	0ada      	lsrs	r2, r3, #11
20005c12:	2a1c      	cmp	r2, #28
20005c14:	d105      	bne.n	20005c22 <resolve_j_16+0x16>
20005c16:	055b      	lsls	r3, r3, #21
20005c18:	155b      	asrs	r3, r3, #21
20005c1a:	3302      	adds	r3, #2
20005c1c:	005b      	lsls	r3, r3, #1
20005c1e:	18c0      	adds	r0, r0, r3
20005c20:	bd10      	pop	{r4, pc}
20005c22:	4b03      	ldr	r3, [pc, #12]	@ (20005c30 <resolve_j_16+0x24>)
20005c24:	4a03      	ldr	r2, [pc, #12]	@ (20005c34 <resolve_j_16+0x28>)
20005c26:	2134      	movs	r1, #52	@ 0x34
20005c28:	4803      	ldr	r0, [pc, #12]	@ (20005c38 <resolve_j_16+0x2c>)
20005c2a:	31ff      	adds	r1, #255	@ 0xff
20005c2c:	f003 fd80 	bl	20009730 <__assert_func>
20005c30:	2000cab8 	.word	0x2000cab8
20005c34:	2000d734 	.word	0x2000d734
20005c38:	2000cad0 	.word	0x2000cad0

20005c3c <make_j_16>:
20005c3c:	b510      	push	{r4, lr}
20005c3e:	1a09      	subs	r1, r1, r0
20005c40:	1f0b      	subs	r3, r1, #4
20005c42:	4a0a      	ldr	r2, [pc, #40]	@ (20005c6c <make_j_16+0x30>)
20005c44:	1888      	adds	r0, r1, r2
20005c46:	4a0a      	ldr	r2, [pc, #40]	@ (20005c70 <make_j_16+0x34>)
20005c48:	4290      	cmp	r0, r2
20005c4a:	d808      	bhi.n	20005c5e <make_j_16+0x22>
20005c4c:	07c9      	lsls	r1, r1, #31
20005c4e:	d406      	bmi.n	20005c5e <make_j_16+0x22>
20005c50:	105b      	asrs	r3, r3, #1
20005c52:	055b      	lsls	r3, r3, #21
20005c54:	0d5b      	lsrs	r3, r3, #21
20005c56:	4807      	ldr	r0, [pc, #28]	@ (20005c74 <make_j_16+0x38>)
20005c58:	4318      	orrs	r0, r3
20005c5a:	b280      	uxth	r0, r0
20005c5c:	bd10      	pop	{r4, pc}
20005c5e:	4b06      	ldr	r3, [pc, #24]	@ (20005c78 <make_j_16+0x3c>)
20005c60:	4a06      	ldr	r2, [pc, #24]	@ (20005c7c <make_j_16+0x40>)
20005c62:	2126      	movs	r1, #38	@ 0x26
20005c64:	4806      	ldr	r0, [pc, #24]	@ (20005c80 <make_j_16+0x44>)
20005c66:	31ff      	adds	r1, #255	@ 0xff
20005c68:	f003 fd62 	bl	20009730 <__assert_func>
20005c6c:	000007fc 	.word	0x000007fc
20005c70:	00000ffe 	.word	0x00000ffe
20005c74:	ffffe000 	.word	0xffffe000
20005c78:	2000cb18 	.word	0x2000cb18
20005c7c:	2000d728 	.word	0x2000d728
20005c80:	2000cad0 	.word	0x2000cad0

20005c84 <insert_bl_32>:
20005c84:	b510      	push	{r4, lr}
20005c86:	1a09      	subs	r1, r1, r0
20005c88:	3904      	subs	r1, #4
20005c8a:	084a      	lsrs	r2, r1, #1
20005c8c:	0b09      	lsrs	r1, r1, #12
20005c8e:	d108      	bne.n	20005ca2 <insert_bl_32+0x1e>
20005c90:	0549      	lsls	r1, r1, #21
20005c92:	0d49      	lsrs	r1, r1, #21
20005c94:	4b06      	ldr	r3, [pc, #24]	@ (20005cb0 <insert_bl_32+0x2c>)
20005c96:	430b      	orrs	r3, r1
20005c98:	8003      	strh	r3, [r0, #0]
20005c9a:	4b06      	ldr	r3, [pc, #24]	@ (20005cb4 <insert_bl_32+0x30>)
20005c9c:	4313      	orrs	r3, r2
20005c9e:	8043      	strh	r3, [r0, #2]
20005ca0:	bd10      	pop	{r4, pc}
20005ca2:	4b05      	ldr	r3, [pc, #20]	@ (20005cb8 <insert_bl_32+0x34>)
20005ca4:	4a05      	ldr	r2, [pc, #20]	@ (20005cbc <insert_bl_32+0x38>)
20005ca6:	212e      	movs	r1, #46	@ 0x2e
20005ca8:	4805      	ldr	r0, [pc, #20]	@ (20005cc0 <insert_bl_32+0x3c>)
20005caa:	31ff      	adds	r1, #255	@ 0xff
20005cac:	f003 fd40 	bl	20009730 <__assert_func>
20005cb0:	fffff000 	.word	0xfffff000
20005cb4:	fffff800 	.word	0xfffff800
20005cb8:	2000cb48 	.word	0x2000cb48
20005cbc:	2000d704 	.word	0x2000d704
20005cc0:	2000cad0 	.word	0x2000cad0

20005cc4 <irq_is_enabled>:
20005cc4:	2301      	movs	r3, #1
20005cc6:	4083      	lsls	r3, r0
20005cc8:	4a03      	ldr	r2, [pc, #12]	@ (20005cd8 <irq_is_enabled+0x14>)
20005cca:	6810      	ldr	r0, [r2, #0]
20005ccc:	4018      	ands	r0, r3
20005cce:	1e43      	subs	r3, r0, #1
20005cd0:	4198      	sbcs	r0, r3
20005cd2:	b2c0      	uxtb	r0, r0
20005cd4:	4770      	bx	lr
20005cd6:	46c0      	nop			@ (mov r8, r8)
20005cd8:	e000e100 	.word	0xe000e100

20005cdc <irq_set_mask_n_enabled>:
20005cdc:	2a00      	cmp	r2, #0
20005cde:	d005      	beq.n	20005cec <irq_set_mask_n_enabled+0x10>
20005ce0:	4b04      	ldr	r3, [pc, #16]	@ (20005cf4 <irq_set_mask_n_enabled+0x18>)
20005ce2:	22c0      	movs	r2, #192	@ 0xc0
20005ce4:	0052      	lsls	r2, r2, #1
20005ce6:	5099      	str	r1, [r3, r2]
20005ce8:	6019      	str	r1, [r3, #0]
20005cea:	4770      	bx	lr
20005cec:	4a01      	ldr	r2, [pc, #4]	@ (20005cf4 <irq_set_mask_n_enabled+0x18>)
20005cee:	2380      	movs	r3, #128	@ 0x80
20005cf0:	50d1      	str	r1, [r2, r3]
20005cf2:	e7fa      	b.n	20005cea <irq_set_mask_n_enabled+0xe>
20005cf4:	e000e100 	.word	0xe000e100

20005cf8 <irq_set_enabled>:
20005cf8:	b510      	push	{r4, lr}
20005cfa:	000a      	movs	r2, r1
20005cfc:	231f      	movs	r3, #31
20005cfe:	4003      	ands	r3, r0
20005d00:	2101      	movs	r1, #1
20005d02:	4099      	lsls	r1, r3
20005d04:	0940      	lsrs	r0, r0, #5
20005d06:	f7ff ffe9 	bl	20005cdc <irq_set_mask_n_enabled>
20005d0a:	bd10      	pop	{r4, pc}

20005d0c <irq_get_vtable_handler>:
20005d0c:	4b02      	ldr	r3, [pc, #8]	@ (20005d18 <irq_get_vtable_handler+0xc>)
20005d0e:	689b      	ldr	r3, [r3, #8]
20005d10:	3010      	adds	r0, #16
20005d12:	0080      	lsls	r0, r0, #2
20005d14:	58c0      	ldr	r0, [r0, r3]
20005d16:	4770      	bx	lr
20005d18:	e000ed00 	.word	0xe000ed00

20005d1c <irq_has_handler>:
20005d1c:	b510      	push	{r4, lr}
20005d1e:	f7ff fff5 	bl	20005d0c <irq_get_vtable_handler>
20005d22:	2800      	cmp	r0, #0
20005d24:	d003      	beq.n	20005d2e <irq_has_handler+0x12>
20005d26:	4b03      	ldr	r3, [pc, #12]	@ (20005d34 <irq_has_handler+0x18>)
20005d28:	4298      	cmp	r0, r3
20005d2a:	d001      	beq.n	20005d30 <irq_has_handler+0x14>
20005d2c:	2001      	movs	r0, #1
20005d2e:	bd10      	pop	{r4, pc}
20005d30:	2000      	movs	r0, #0
20005d32:	e7fc      	b.n	20005d2e <irq_has_handler+0x12>
20005d34:	100001c1 	.word	0x100001c1

20005d38 <irq_set_exclusive_handler>:
20005d38:	b570      	push	{r4, r5, r6, lr}
20005d3a:	0005      	movs	r5, r0
20005d3c:	000e      	movs	r6, r1
20005d3e:	f3ef 8410 	mrs	r4, PRIMASK
20005d42:	b672      	cpsid	i
20005d44:	4b0d      	ldr	r3, [pc, #52]	@ (20005d7c <irq_set_exclusive_handler+0x44>)
20005d46:	681b      	ldr	r3, [r3, #0]
20005d48:	2b00      	cmp	r3, #0
20005d4a:	d0fb      	beq.n	20005d44 <irq_set_exclusive_handler+0xc>
20005d4c:	f3bf 8f5f 	dmb	sy
20005d50:	0028      	movs	r0, r5
20005d52:	f7ff ffdb 	bl	20005d0c <irq_get_vtable_handler>
20005d56:	4b0a      	ldr	r3, [pc, #40]	@ (20005d80 <irq_set_exclusive_handler+0x48>)
20005d58:	4298      	cmp	r0, r3
20005d5a:	d001      	beq.n	20005d60 <irq_set_exclusive_handler+0x28>
20005d5c:	42b0      	cmp	r0, r6
20005d5e:	d105      	bne.n	20005d6c <irq_set_exclusive_handler+0x34>
20005d60:	0022      	movs	r2, r4
20005d62:	0031      	movs	r1, r6
20005d64:	0028      	movs	r0, r5
20005d66:	f7ff ff2b 	bl	20005bc0 <set_raw_irq_handler_and_unlock>
20005d6a:	bd70      	pop	{r4, r5, r6, pc}
20005d6c:	4b05      	ldr	r3, [pc, #20]	@ (20005d84 <irq_set_exclusive_handler+0x4c>)
20005d6e:	4a06      	ldr	r2, [pc, #24]	@ (20005d88 <irq_set_exclusive_handler+0x50>)
20005d70:	2182      	movs	r1, #130	@ 0x82
20005d72:	4806      	ldr	r0, [pc, #24]	@ (20005d8c <irq_set_exclusive_handler+0x54>)
20005d74:	0049      	lsls	r1, r1, #1
20005d76:	f003 fcdb 	bl	20009730 <__assert_func>
20005d7a:	46c0      	nop			@ (mov r8, r8)
20005d7c:	d0000124 	.word	0xd0000124
20005d80:	100001c1 	.word	0x100001c1
20005d84:	2000cb58 	.word	0x2000cb58
20005d88:	2000d75c 	.word	0x2000d75c
20005d8c:	2000cad0 	.word	0x2000cad0

20005d90 <irq_add_shared_handler>:
20005d90:	b5f0      	push	{r4, r5, r6, r7, lr}
20005d92:	46de      	mov	lr, fp
20005d94:	4657      	mov	r7, sl
20005d96:	464e      	mov	r6, r9
20005d98:	4645      	mov	r5, r8
20005d9a:	b5e0      	push	{r5, r6, r7, lr}
20005d9c:	b089      	sub	sp, #36	@ 0x24
20005d9e:	4681      	mov	r9, r0
20005da0:	9101      	str	r1, [sp, #4]
20005da2:	0015      	movs	r5, r2
20005da4:	f3ef 8310 	mrs	r3, PRIMASK
20005da8:	b672      	cpsid	i
20005daa:	469a      	mov	sl, r3
20005dac:	4b6e      	ldr	r3, [pc, #440]	@ (20005f68 <irq_add_shared_handler+0x1d8>)
20005dae:	681b      	ldr	r3, [r3, #0]
20005db0:	2b00      	cmp	r3, #0
20005db2:	d0fb      	beq.n	20005dac <irq_add_shared_handler+0x1c>
20005db4:	f3bf 8f5f 	dmb	sy
20005db8:	4b6c      	ldr	r3, [pc, #432]	@ (20005f6c <irq_add_shared_handler+0x1dc>)
20005dba:	2600      	movs	r6, #0
20005dbc:	579e      	ldrsb	r6, [r3, r6]
20005dbe:	2e00      	cmp	r6, #0
20005dc0:	db40      	blt.n	20005e44 <irq_add_shared_handler+0xb4>
20005dc2:	0074      	lsls	r4, r6, #1
20005dc4:	19a4      	adds	r4, r4, r6
20005dc6:	00a4      	lsls	r4, r4, #2
20005dc8:	4869      	ldr	r0, [pc, #420]	@ (20005f70 <irq_add_shared_handler+0x1e0>)
20005dca:	1823      	adds	r3, r4, r0
20005dcc:	469b      	mov	fp, r3
20005dce:	2206      	movs	r2, #6
20005dd0:	569a      	ldrsb	r2, [r3, r2]
20005dd2:	4b66      	ldr	r3, [pc, #408]	@ (20005f6c <irq_add_shared_handler+0x1dc>)
20005dd4:	701a      	strb	r2, [r3, #0]
20005dd6:	4b67      	ldr	r3, [pc, #412]	@ (20005f74 <irq_add_shared_handler+0x1e4>)
20005dd8:	689a      	ldr	r2, [r3, #8]
20005dda:	464b      	mov	r3, r9
20005ddc:	3310      	adds	r3, #16
20005dde:	009b      	lsls	r3, r3, #2
20005de0:	58d7      	ldr	r7, [r2, r3]
20005de2:	1a3b      	subs	r3, r7, r0
20005de4:	2b2f      	cmp	r3, #47	@ 0x2f
20005de6:	d93b      	bls.n	20005e60 <irq_add_shared_handler+0xd0>
20005de8:	4b63      	ldr	r3, [pc, #396]	@ (20005f78 <irq_add_shared_handler+0x1e8>)
20005dea:	429f      	cmp	r7, r3
20005dec:	d131      	bne.n	20005e52 <irq_add_shared_handler+0xc2>
20005dee:	af05      	add	r7, sp, #20
20005df0:	4b62      	ldr	r3, [pc, #392]	@ (20005f7c <irq_add_shared_handler+0x1ec>)
20005df2:	803b      	strh	r3, [r7, #0]
20005df4:	4962      	ldr	r1, [pc, #392]	@ (20005f80 <irq_add_shared_handler+0x1f0>)
20005df6:	0073      	lsls	r3, r6, #1
20005df8:	9302      	str	r3, [sp, #8]
20005dfa:	1998      	adds	r0, r3, r6
20005dfc:	0080      	lsls	r0, r0, #2
20005dfe:	4c5c      	ldr	r4, [pc, #368]	@ (20005f70 <irq_add_shared_handler+0x1e0>)
20005e00:	1900      	adds	r0, r0, r4
20005e02:	3002      	adds	r0, #2
20005e04:	f7ff ff1a 	bl	20005c3c <make_j_16>
20005e08:	8078      	strh	r0, [r7, #2]
20005e0a:	4b5e      	ldr	r3, [pc, #376]	@ (20005f84 <irq_add_shared_handler+0x1f4>)
20005e0c:	80bb      	strh	r3, [r7, #4]
20005e0e:	23ff      	movs	r3, #255	@ 0xff
20005e10:	71bb      	strb	r3, [r7, #6]
20005e12:	71fd      	strb	r5, [r7, #7]
20005e14:	9a01      	ldr	r2, [sp, #4]
20005e16:	9207      	str	r2, [sp, #28]
20005e18:	9b02      	ldr	r3, [sp, #8]
20005e1a:	199b      	adds	r3, r3, r6
20005e1c:	009b      	lsls	r3, r3, #2
20005e1e:	18e3      	adds	r3, r4, r3
20005e20:	cf07      	ldmia	r7!, {r0, r1, r2}
20005e22:	c307      	stmia	r3!, {r0, r1, r2}
20005e24:	2701      	movs	r7, #1
20005e26:	465b      	mov	r3, fp
20005e28:	433b      	orrs	r3, r7
20005e2a:	001f      	movs	r7, r3
20005e2c:	4652      	mov	r2, sl
20005e2e:	0039      	movs	r1, r7
20005e30:	4648      	mov	r0, r9
20005e32:	f7ff fec5 	bl	20005bc0 <set_raw_irq_handler_and_unlock>
20005e36:	b009      	add	sp, #36	@ 0x24
20005e38:	bcf0      	pop	{r4, r5, r6, r7}
20005e3a:	46bb      	mov	fp, r7
20005e3c:	46b2      	mov	sl, r6
20005e3e:	46a9      	mov	r9, r5
20005e40:	46a0      	mov	r8, r4
20005e42:	bdf0      	pop	{r4, r5, r6, r7, pc}
20005e44:	4b50      	ldr	r3, [pc, #320]	@ (20005f88 <irq_add_shared_handler+0x1f8>)
20005e46:	4a51      	ldr	r2, [pc, #324]	@ (20005f8c <irq_add_shared_handler+0x1fc>)
20005e48:	2194      	movs	r1, #148	@ 0x94
20005e4a:	4851      	ldr	r0, [pc, #324]	@ (20005f90 <irq_add_shared_handler+0x200>)
20005e4c:	31ff      	adds	r1, #255	@ 0xff
20005e4e:	f003 fc6f 	bl	20009730 <__assert_func>
20005e52:	4b50      	ldr	r3, [pc, #320]	@ (20005f94 <irq_add_shared_handler+0x204>)
20005e54:	4a4d      	ldr	r2, [pc, #308]	@ (20005f8c <irq_add_shared_handler+0x1fc>)
20005e56:	21cd      	movs	r1, #205	@ 0xcd
20005e58:	484d      	ldr	r0, [pc, #308]	@ (20005f90 <irq_add_shared_handler+0x200>)
20005e5a:	0049      	lsls	r1, r1, #1
20005e5c:	f003 fc68 	bl	20009730 <__assert_func>
20005e60:	2301      	movs	r3, #1
20005e62:	003a      	movs	r2, r7
20005e64:	439a      	bics	r2, r3
20005e66:	4690      	mov	r8, r2
20005e68:	1a10      	subs	r0, r2, r0
20005e6a:	210c      	movs	r1, #12
20005e6c:	f001 fb3a 	bl	200074e4 <__wrap___aeabi_uidiv>
20005e70:	2900      	cmp	r1, #0
20005e72:	d10f      	bne.n	20005e94 <irq_add_shared_handler+0x104>
20005e74:	4643      	mov	r3, r8
20005e76:	2400      	movs	r4, #0
20005e78:	79da      	ldrb	r2, [r3, #7]
20005e7a:	42aa      	cmp	r2, r5
20005e7c:	d912      	bls.n	20005ea4 <irq_add_shared_handler+0x114>
20005e7e:	2106      	movs	r1, #6
20005e80:	5659      	ldrsb	r1, [r3, r1]
20005e82:	2900      	cmp	r1, #0
20005e84:	db0d      	blt.n	20005ea2 <irq_add_shared_handler+0x112>
20005e86:	004a      	lsls	r2, r1, #1
20005e88:	1852      	adds	r2, r2, r1
20005e8a:	0092      	lsls	r2, r2, #2
20005e8c:	4938      	ldr	r1, [pc, #224]	@ (20005f70 <irq_add_shared_handler+0x1e0>)
20005e8e:	001c      	movs	r4, r3
20005e90:	188b      	adds	r3, r1, r2
20005e92:	e7f1      	b.n	20005e78 <irq_add_shared_handler+0xe8>
20005e94:	4b40      	ldr	r3, [pc, #256]	@ (20005f98 <irq_add_shared_handler+0x208>)
20005e96:	4a3d      	ldr	r2, [pc, #244]	@ (20005f8c <irq_add_shared_handler+0x1fc>)
20005e98:	21ac      	movs	r1, #172	@ 0xac
20005e9a:	483d      	ldr	r0, [pc, #244]	@ (20005f90 <irq_add_shared_handler+0x200>)
20005e9c:	31ff      	adds	r1, #255	@ 0xff
20005e9e:	f003 fc47 	bl	20009730 <__assert_func>
20005ea2:	001c      	movs	r4, r3
20005ea4:	2c00      	cmp	r4, #0
20005ea6:	d02d      	beq.n	20005f04 <irq_add_shared_handler+0x174>
20005ea8:	ab05      	add	r3, sp, #20
20005eaa:	4a3c      	ldr	r2, [pc, #240]	@ (20005f9c <irq_add_shared_handler+0x20c>)
20005eac:	801a      	strh	r2, [r3, #0]
20005eae:	3a81      	subs	r2, #129	@ 0x81
20005eb0:	805a      	strh	r2, [r3, #2]
20005eb2:	2306      	movs	r3, #6
20005eb4:	56e3      	ldrsb	r3, [r4, r3]
20005eb6:	4698      	mov	r8, r3
20005eb8:	2b00      	cmp	r3, #0
20005eba:	da16      	bge.n	20005eea <irq_add_shared_handler+0x15a>
20005ebc:	4838      	ldr	r0, [pc, #224]	@ (20005fa0 <irq_add_shared_handler+0x210>)
20005ebe:	ab04      	add	r3, sp, #16
20005ec0:	8118      	strh	r0, [r3, #8]
20005ec2:	4642      	mov	r2, r8
20005ec4:	729a      	strb	r2, [r3, #10]
20005ec6:	72dd      	strb	r5, [r3, #11]
20005ec8:	9b01      	ldr	r3, [sp, #4]
20005eca:	9307      	str	r3, [sp, #28]
20005ecc:	1d20      	adds	r0, r4, #4
20005ece:	4659      	mov	r1, fp
20005ed0:	f7ff feb4 	bl	20005c3c <make_j_16>
20005ed4:	80a0      	strh	r0, [r4, #4]
20005ed6:	71a6      	strb	r6, [r4, #6]
20005ed8:	4b25      	ldr	r3, [pc, #148]	@ (20005f70 <irq_add_shared_handler+0x1e0>)
20005eda:	0072      	lsls	r2, r6, #1
20005edc:	1992      	adds	r2, r2, r6
20005ede:	0092      	lsls	r2, r2, #2
20005ee0:	189b      	adds	r3, r3, r2
20005ee2:	aa05      	add	r2, sp, #20
20005ee4:	ca13      	ldmia	r2!, {r0, r1, r4}
20005ee6:	c313      	stmia	r3!, {r0, r1, r4}
20005ee8:	e7a0      	b.n	20005e2c <irq_add_shared_handler+0x9c>
20005eea:	1d20      	adds	r0, r4, #4
20005eec:	f7ff fe8e 	bl	20005c0c <resolve_j_16>
20005ef0:	0001      	movs	r1, r0
20005ef2:	0070      	lsls	r0, r6, #1
20005ef4:	1980      	adds	r0, r0, r6
20005ef6:	0080      	lsls	r0, r0, #2
20005ef8:	4b1d      	ldr	r3, [pc, #116]	@ (20005f70 <irq_add_shared_handler+0x1e0>)
20005efa:	18c0      	adds	r0, r0, r3
20005efc:	3004      	adds	r0, #4
20005efe:	f7ff fe9d 	bl	20005c3c <make_j_16>
20005f02:	e7dc      	b.n	20005ebe <irq_add_shared_handler+0x12e>
20005f04:	af05      	add	r7, sp, #20
20005f06:	4b1d      	ldr	r3, [pc, #116]	@ (20005f7c <irq_add_shared_handler+0x1ec>)
20005f08:	803b      	strh	r3, [r7, #0]
20005f0a:	491d      	ldr	r1, [pc, #116]	@ (20005f80 <irq_add_shared_handler+0x1f0>)
20005f0c:	0073      	lsls	r3, r6, #1
20005f0e:	9302      	str	r3, [sp, #8]
20005f10:	199b      	adds	r3, r3, r6
20005f12:	009b      	lsls	r3, r3, #2
20005f14:	4c16      	ldr	r4, [pc, #88]	@ (20005f70 <irq_add_shared_handler+0x1e0>)
20005f16:	0018      	movs	r0, r3
20005f18:	46a4      	mov	ip, r4
20005f1a:	4460      	add	r0, ip
20005f1c:	9003      	str	r0, [sp, #12]
20005f1e:	3002      	adds	r0, #2
20005f20:	f7ff fe8c 	bl	20005c3c <make_j_16>
20005f24:	8078      	strh	r0, [r7, #2]
20005f26:	9a03      	ldr	r2, [sp, #12]
20005f28:	1d10      	adds	r0, r2, #4
20005f2a:	4641      	mov	r1, r8
20005f2c:	f7ff fe86 	bl	20005c3c <make_j_16>
20005f30:	80b8      	strh	r0, [r7, #4]
20005f32:	4b1c      	ldr	r3, [pc, #112]	@ (20005fa4 <irq_add_shared_handler+0x214>)
20005f34:	4642      	mov	r2, r8
20005f36:	1b12      	subs	r2, r2, r4
20005f38:	4152      	adcs	r2, r2
20005f3a:	4353      	muls	r3, r2
20005f3c:	0d1b      	lsrs	r3, r3, #20
20005f3e:	71bb      	strb	r3, [r7, #6]
20005f40:	71fd      	strb	r5, [r7, #7]
20005f42:	9901      	ldr	r1, [sp, #4]
20005f44:	9107      	str	r1, [sp, #28]
20005f46:	9b02      	ldr	r3, [sp, #8]
20005f48:	199b      	adds	r3, r3, r6
20005f4a:	009b      	lsls	r3, r3, #2
20005f4c:	46a4      	mov	ip, r4
20005f4e:	4463      	add	r3, ip
20005f50:	cf07      	ldmia	r7!, {r0, r1, r2}
20005f52:	c307      	stmia	r3!, {r0, r1, r2}
20005f54:	4b11      	ldr	r3, [pc, #68]	@ (20005f9c <irq_add_shared_handler+0x20c>)
20005f56:	4642      	mov	r2, r8
20005f58:	8013      	strh	r3, [r2, #0]
20005f5a:	3b81      	subs	r3, #129	@ 0x81
20005f5c:	8053      	strh	r3, [r2, #2]
20005f5e:	2701      	movs	r7, #1
20005f60:	465b      	mov	r3, fp
20005f62:	433b      	orrs	r3, r7
20005f64:	001f      	movs	r7, r3
20005f66:	e761      	b.n	20005e2c <irq_add_shared_handler+0x9c>
20005f68:	d0000124 	.word	0xd0000124
20005f6c:	20020eae 	.word	0x20020eae
20005f70:	2000d9ac 	.word	0x2000d9ac
20005f74:	e000ed00 	.word	0xe000ed00
20005f78:	100001c1 	.word	0x100001c1
20005f7c:	ffffa100 	.word	0xffffa100
20005f80:	2000d9dc 	.word	0x2000d9dc
20005f84:	ffffbd01 	.word	0xffffbd01
20005f88:	2000cb90 	.word	0x2000cb90
20005f8c:	2000d744 	.word	0x2000d744
20005f90:	2000cad0 	.word	0x2000cad0
20005f94:	2000cbb8 	.word	0x2000cbb8
20005f98:	2000cbe0 	.word	0x2000cbe0
20005f9c:	00004801 	.word	0x00004801
20005fa0:	0000bd01 	.word	0x0000bd01
20005fa4:	0000aaaa 	.word	0x0000aaaa

20005fa8 <irq_remove_handler>:
20005fa8:	b5f0      	push	{r4, r5, r6, r7, lr}
20005faa:	46ce      	mov	lr, r9
20005fac:	4647      	mov	r7, r8
20005fae:	b580      	push	{r7, lr}
20005fb0:	b083      	sub	sp, #12
20005fb2:	4680      	mov	r8, r0
20005fb4:	000c      	movs	r4, r1
20005fb6:	f3ef 8710 	mrs	r7, PRIMASK
20005fba:	b672      	cpsid	i
20005fbc:	4b4e      	ldr	r3, [pc, #312]	@ (200060f8 <irq_remove_handler+0x150>)
20005fbe:	681b      	ldr	r3, [r3, #0]
20005fc0:	2b00      	cmp	r3, #0
20005fc2:	d0fb      	beq.n	20005fbc <irq_remove_handler+0x14>
20005fc4:	f3bf 8f5f 	dmb	sy
20005fc8:	4b4c      	ldr	r3, [pc, #304]	@ (200060fc <irq_remove_handler+0x154>)
20005fca:	689a      	ldr	r2, [r3, #8]
20005fcc:	4645      	mov	r5, r8
20005fce:	3510      	adds	r5, #16
20005fd0:	00ab      	lsls	r3, r5, #2
20005fd2:	58d6      	ldr	r6, [r2, r3]
20005fd4:	4b4a      	ldr	r3, [pc, #296]	@ (20006100 <irq_remove_handler+0x158>)
20005fd6:	429e      	cmp	r6, r3
20005fd8:	d007      	beq.n	20005fea <irq_remove_handler+0x42>
20005fda:	42a6      	cmp	r6, r4
20005fdc:	d100      	bne.n	20005fe0 <irq_remove_handler+0x38>
20005fde:	e089      	b.n	200060f4 <irq_remove_handler+0x14c>
20005fe0:	9601      	str	r6, [sp, #4]
20005fe2:	4b48      	ldr	r3, [pc, #288]	@ (20006104 <irq_remove_handler+0x15c>)
20005fe4:	1af3      	subs	r3, r6, r3
20005fe6:	2b2f      	cmp	r3, #47	@ 0x2f
20005fe8:	d909      	bls.n	20005ffe <irq_remove_handler+0x56>
20005fea:	003a      	movs	r2, r7
20005fec:	0031      	movs	r1, r6
20005fee:	4640      	mov	r0, r8
20005ff0:	f7ff fde6 	bl	20005bc0 <set_raw_irq_handler_and_unlock>
20005ff4:	b003      	add	sp, #12
20005ff6:	bcc0      	pop	{r6, r7}
20005ff8:	46b9      	mov	r9, r7
20005ffa:	46b0      	mov	r8, r6
20005ffc:	bdf0      	pop	{r4, r5, r6, r7, pc}
20005ffe:	4640      	mov	r0, r8
20006000:	f7ff fe60 	bl	20005cc4 <irq_is_enabled>
20006004:	4681      	mov	r9, r0
20006006:	2100      	movs	r1, #0
20006008:	4640      	mov	r0, r8
2000600a:	f7ff fe75 	bl	20005cf8 <irq_set_enabled>
2000600e:	f3bf 8f5f 	dmb	sy
20006012:	f3ef 8105 	mrs	r1, IPSR
20006016:	2900      	cmp	r1, #0
20006018:	d001      	beq.n	2000601e <irq_remove_handler+0x76>
2000601a:	428d      	cmp	r5, r1
2000601c:	d111      	bne.n	20006042 <irq_remove_handler+0x9a>
2000601e:	2301      	movs	r3, #1
20006020:	9d01      	ldr	r5, [sp, #4]
20006022:	439d      	bics	r5, r3
20006024:	2000      	movs	r0, #0
20006026:	68ab      	ldr	r3, [r5, #8]
20006028:	429c      	cmp	r4, r3
2000602a:	d011      	beq.n	20006050 <irq_remove_handler+0xa8>
2000602c:	2206      	movs	r2, #6
2000602e:	56aa      	ldrsb	r2, [r5, r2]
20006030:	2a00      	cmp	r2, #0
20006032:	db0c      	blt.n	2000604e <irq_remove_handler+0xa6>
20006034:	0053      	lsls	r3, r2, #1
20006036:	189b      	adds	r3, r3, r2
20006038:	009b      	lsls	r3, r3, #2
2000603a:	4a32      	ldr	r2, [pc, #200]	@ (20006104 <irq_remove_handler+0x15c>)
2000603c:	0028      	movs	r0, r5
2000603e:	18d5      	adds	r5, r2, r3
20006040:	e7f1      	b.n	20006026 <irq_remove_handler+0x7e>
20006042:	4b31      	ldr	r3, [pc, #196]	@ (20006108 <irq_remove_handler+0x160>)
20006044:	4a31      	ldr	r2, [pc, #196]	@ (2000610c <irq_remove_handler+0x164>)
20006046:	4832      	ldr	r0, [pc, #200]	@ (20006110 <irq_remove_handler+0x168>)
20006048:	4932      	ldr	r1, [pc, #200]	@ (20006114 <irq_remove_handler+0x16c>)
2000604a:	f003 fb71 	bl	20009730 <__assert_func>
2000604e:	0028      	movs	r0, r5
20006050:	429c      	cmp	r4, r3
20006052:	d149      	bne.n	200060e8 <irq_remove_handler+0x140>
20006054:	2406      	movs	r4, #6
20006056:	572c      	ldrsb	r4, [r5, r4]
20006058:	2c00      	cmp	r4, #0
2000605a:	db2b      	blt.n	200060b4 <irq_remove_handler+0x10c>
2000605c:	4b29      	ldr	r3, [pc, #164]	@ (20006104 <irq_remove_handler+0x15c>)
2000605e:	0062      	lsls	r2, r4, #1
20006060:	1912      	adds	r2, r2, r4
20006062:	0092      	lsls	r2, r2, #2
20006064:	189b      	adds	r3, r3, r2
20006066:	689a      	ldr	r2, [r3, #8]
20006068:	60aa      	str	r2, [r5, #8]
2000606a:	79da      	ldrb	r2, [r3, #7]
2000606c:	71ea      	strb	r2, [r5, #7]
2000606e:	799b      	ldrb	r3, [r3, #6]
20006070:	b25b      	sxtb	r3, r3
20006072:	71ab      	strb	r3, [r5, #6]
20006074:	2b00      	cmp	r3, #0
20006076:	da0f      	bge.n	20006098 <irq_remove_handler+0xf0>
20006078:	4827      	ldr	r0, [pc, #156]	@ (20006118 <irq_remove_handler+0x170>)
2000607a:	80a8      	strh	r0, [r5, #4]
2000607c:	4b21      	ldr	r3, [pc, #132]	@ (20006104 <irq_remove_handler+0x15c>)
2000607e:	0062      	lsls	r2, r4, #1
20006080:	1912      	adds	r2, r2, r4
20006082:	0092      	lsls	r2, r2, #2
20006084:	189b      	adds	r3, r3, r2
20006086:	4a25      	ldr	r2, [pc, #148]	@ (2000611c <irq_remove_handler+0x174>)
20006088:	7811      	ldrb	r1, [r2, #0]
2000608a:	7199      	strb	r1, [r3, #6]
2000608c:	7014      	strb	r4, [r2, #0]
2000608e:	4649      	mov	r1, r9
20006090:	4640      	mov	r0, r8
20006092:	f7ff fe31 	bl	20005cf8 <irq_set_enabled>
20006096:	e7a8      	b.n	20005fea <irq_remove_handler+0x42>
20006098:	0060      	lsls	r0, r4, #1
2000609a:	1900      	adds	r0, r0, r4
2000609c:	0080      	lsls	r0, r0, #2
2000609e:	4b19      	ldr	r3, [pc, #100]	@ (20006104 <irq_remove_handler+0x15c>)
200060a0:	18c0      	adds	r0, r0, r3
200060a2:	3004      	adds	r0, #4
200060a4:	f7ff fdb2 	bl	20005c0c <resolve_j_16>
200060a8:	0001      	movs	r1, r0
200060aa:	1d2b      	adds	r3, r5, #4
200060ac:	0018      	movs	r0, r3
200060ae:	f7ff fdc5 	bl	20005c3c <make_j_16>
200060b2:	e7e2      	b.n	2000607a <irq_remove_handler+0xd2>
200060b4:	2900      	cmp	r1, #0
200060b6:	d112      	bne.n	200060de <irq_remove_handler+0x136>
200060b8:	2800      	cmp	r0, #0
200060ba:	d00e      	beq.n	200060da <irq_remove_handler+0x132>
200060bc:	23ff      	movs	r3, #255	@ 0xff
200060be:	7183      	strb	r3, [r0, #6]
200060c0:	4b17      	ldr	r3, [pc, #92]	@ (20006120 <irq_remove_handler+0x178>)
200060c2:	8083      	strh	r3, [r0, #4]
200060c4:	4915      	ldr	r1, [pc, #84]	@ (2000611c <irq_remove_handler+0x174>)
200060c6:	780b      	ldrb	r3, [r1, #0]
200060c8:	71ab      	strb	r3, [r5, #6]
200060ca:	4a0e      	ldr	r2, [pc, #56]	@ (20006104 <irq_remove_handler+0x15c>)
200060cc:	4b15      	ldr	r3, [pc, #84]	@ (20006124 <irq_remove_handler+0x17c>)
200060ce:	1aad      	subs	r5, r5, r2
200060d0:	416d      	adcs	r5, r5
200060d2:	436b      	muls	r3, r5
200060d4:	0d1b      	lsrs	r3, r3, #20
200060d6:	700b      	strb	r3, [r1, #0]
200060d8:	e7d9      	b.n	2000608e <irq_remove_handler+0xe6>
200060da:	4e09      	ldr	r6, [pc, #36]	@ (20006100 <irq_remove_handler+0x158>)
200060dc:	e7f2      	b.n	200060c4 <irq_remove_handler+0x11c>
200060de:	4912      	ldr	r1, [pc, #72]	@ (20006128 <irq_remove_handler+0x180>)
200060e0:	1d28      	adds	r0, r5, #4
200060e2:	f7ff fdcf 	bl	20005c84 <insert_bl_32>
200060e6:	e7d2      	b.n	2000608e <irq_remove_handler+0xe6>
200060e8:	4b10      	ldr	r3, [pc, #64]	@ (2000612c <irq_remove_handler+0x184>)
200060ea:	4a08      	ldr	r2, [pc, #32]	@ (2000610c <irq_remove_handler+0x164>)
200060ec:	4808      	ldr	r0, [pc, #32]	@ (20006110 <irq_remove_handler+0x168>)
200060ee:	4910      	ldr	r1, [pc, #64]	@ (20006130 <irq_remove_handler+0x188>)
200060f0:	f003 fb1e 	bl	20009730 <__assert_func>
200060f4:	4e02      	ldr	r6, [pc, #8]	@ (20006100 <irq_remove_handler+0x158>)
200060f6:	e778      	b.n	20005fea <irq_remove_handler+0x42>
200060f8:	d0000124 	.word	0xd0000124
200060fc:	e000ed00 	.word	0xe000ed00
20006100:	100001c1 	.word	0x100001c1
20006104:	2000d9ac 	.word	0x2000d9ac
20006108:	2000cc64 	.word	0x2000cc64
2000610c:	2000d714 	.word	0x2000d714
20006110:	2000cad0 	.word	0x2000cad0
20006114:	00000219 	.word	0x00000219
20006118:	0000bd01 	.word	0x0000bd01
2000611c:	20020eae 	.word	0x20020eae
20006120:	ffffbd01 	.word	0xffffbd01
20006124:	0000aaaa 	.word	0x0000aaaa
20006128:	2000d9e6 	.word	0x2000d9e6
2000612c:	2000cc98 	.word	0x2000cc98
20006130:	0000025b 	.word	0x0000025b

20006134 <irq_add_tail_to_free_list>:
20006134:	b570      	push	{r4, r5, r6, lr}
20006136:	2201      	movs	r2, #1
20006138:	4302      	orrs	r2, r0
2000613a:	4b2d      	ldr	r3, [pc, #180]	@ (200061f0 <irq_add_tail_to_free_list+0xbc>)
2000613c:	1ad3      	subs	r3, r2, r3
2000613e:	2b2f      	cmp	r3, #47	@ 0x2f
20006140:	d829      	bhi.n	20006196 <irq_add_tail_to_free_list+0x62>
20006142:	f3ef 8305 	mrs	r3, IPSR
20006146:	2b00      	cmp	r3, #0
20006148:	d02b      	beq.n	200061a2 <irq_add_tail_to_free_list+0x6e>
2000614a:	f3ef 8110 	mrs	r1, PRIMASK
2000614e:	b672      	cpsid	i
20006150:	468c      	mov	ip, r1
20006152:	4928      	ldr	r1, [pc, #160]	@ (200061f4 <irq_add_tail_to_free_list+0xc0>)
20006154:	6809      	ldr	r1, [r1, #0]
20006156:	2900      	cmp	r1, #0
20006158:	d0fb      	beq.n	20006152 <irq_add_tail_to_free_list+0x1e>
2000615a:	f3bf 8f5f 	dmb	sy
2000615e:	4c24      	ldr	r4, [pc, #144]	@ (200061f0 <irq_add_tail_to_free_list+0xbc>)
20006160:	4925      	ldr	r1, [pc, #148]	@ (200061f8 <irq_add_tail_to_free_list+0xc4>)
20006162:	0005      	movs	r5, r0
20006164:	1b2d      	subs	r5, r5, r4
20006166:	416d      	adcs	r5, r5
20006168:	4369      	muls	r1, r5
2000616a:	0d09      	lsrs	r1, r1, #20
2000616c:	b24c      	sxtb	r4, r1
2000616e:	4923      	ldr	r1, [pc, #140]	@ (200061fc <irq_add_tail_to_free_list+0xc8>)
20006170:	6889      	ldr	r1, [r1, #8]
20006172:	009b      	lsls	r3, r3, #2
20006174:	58c9      	ldr	r1, [r1, r3]
20006176:	4291      	cmp	r1, r2
20006178:	d019      	beq.n	200061ae <irq_add_tail_to_free_list+0x7a>
2000617a:	2100      	movs	r1, #0
2000617c:	2903      	cmp	r1, #3
2000617e:	d830      	bhi.n	200061e2 <irq_add_tail_to_free_list+0xae>
20006180:	4b1b      	ldr	r3, [pc, #108]	@ (200061f0 <irq_add_tail_to_free_list+0xbc>)
20006182:	004a      	lsls	r2, r1, #1
20006184:	1852      	adds	r2, r2, r1
20006186:	0092      	lsls	r2, r2, #2
20006188:	189b      	adds	r3, r3, r2
2000618a:	799b      	ldrb	r3, [r3, #6]
2000618c:	b25b      	sxtb	r3, r3
2000618e:	42a3      	cmp	r3, r4
20006190:	d01d      	beq.n	200061ce <irq_add_tail_to_free_list+0x9a>
20006192:	3101      	adds	r1, #1
20006194:	e7f2      	b.n	2000617c <irq_add_tail_to_free_list+0x48>
20006196:	4b1a      	ldr	r3, [pc, #104]	@ (20006200 <irq_add_tail_to_free_list+0xcc>)
20006198:	4a1a      	ldr	r2, [pc, #104]	@ (20006204 <irq_add_tail_to_free_list+0xd0>)
2000619a:	481b      	ldr	r0, [pc, #108]	@ (20006208 <irq_add_tail_to_free_list+0xd4>)
2000619c:	491b      	ldr	r1, [pc, #108]	@ (2000620c <irq_add_tail_to_free_list+0xd8>)
2000619e:	f003 fac7 	bl	20009730 <__assert_func>
200061a2:	4b1b      	ldr	r3, [pc, #108]	@ (20006210 <irq_add_tail_to_free_list+0xdc>)
200061a4:	4a17      	ldr	r2, [pc, #92]	@ (20006204 <irq_add_tail_to_free_list+0xd0>)
200061a6:	4818      	ldr	r0, [pc, #96]	@ (20006208 <irq_add_tail_to_free_list+0xd4>)
200061a8:	491a      	ldr	r1, [pc, #104]	@ (20006214 <irq_add_tail_to_free_list+0xe0>)
200061aa:	f003 fac1 	bl	20009730 <__assert_func>
200061ae:	4a13      	ldr	r2, [pc, #76]	@ (200061fc <irq_add_tail_to_free_list+0xc8>)
200061b0:	6892      	ldr	r2, [r2, #8]
200061b2:	4919      	ldr	r1, [pc, #100]	@ (20006218 <irq_add_tail_to_free_list+0xe4>)
200061b4:	50d1      	str	r1, [r2, r3]
200061b6:	4b19      	ldr	r3, [pc, #100]	@ (2000621c <irq_add_tail_to_free_list+0xe8>)
200061b8:	781a      	ldrb	r2, [r3, #0]
200061ba:	7182      	strb	r2, [r0, #6]
200061bc:	701c      	strb	r4, [r3, #0]
200061be:	f3bf 8f5f 	dmb	sy
200061c2:	4b0c      	ldr	r3, [pc, #48]	@ (200061f4 <irq_add_tail_to_free_list+0xc0>)
200061c4:	2200      	movs	r2, #0
200061c6:	601a      	str	r2, [r3, #0]
200061c8:	f38c 8810 	msr	PRIMASK, ip
200061cc:	bd70      	pop	{r4, r5, r6, pc}
200061ce:	4b08      	ldr	r3, [pc, #32]	@ (200061f0 <irq_add_tail_to_free_list+0xbc>)
200061d0:	004a      	lsls	r2, r1, #1
200061d2:	1855      	adds	r5, r2, r1
200061d4:	00ad      	lsls	r5, r5, #2
200061d6:	195d      	adds	r5, r3, r5
200061d8:	26ff      	movs	r6, #255	@ 0xff
200061da:	71ae      	strb	r6, [r5, #6]
200061dc:	4a10      	ldr	r2, [pc, #64]	@ (20006220 <irq_add_tail_to_free_list+0xec>)
200061de:	80aa      	strh	r2, [r5, #4]
200061e0:	e7e9      	b.n	200061b6 <irq_add_tail_to_free_list+0x82>
200061e2:	4b10      	ldr	r3, [pc, #64]	@ (20006224 <irq_add_tail_to_free_list+0xf0>)
200061e4:	4a07      	ldr	r2, [pc, #28]	@ (20006204 <irq_add_tail_to_free_list+0xd0>)
200061e6:	4808      	ldr	r0, [pc, #32]	@ (20006208 <irq_add_tail_to_free_list+0xd4>)
200061e8:	490f      	ldr	r1, [pc, #60]	@ (20006228 <irq_add_tail_to_free_list+0xf4>)
200061ea:	f003 faa1 	bl	20009730 <__assert_func>
200061ee:	46c0      	nop			@ (mov r8, r8)
200061f0:	2000d9ac 	.word	0x2000d9ac
200061f4:	d0000124 	.word	0xd0000124
200061f8:	0000aaaa 	.word	0x0000aaaa
200061fc:	e000ed00 	.word	0xe000ed00
20006200:	2000cca0 	.word	0x2000cca0
20006204:	2000d6e8 	.word	0x2000d6e8
20006208:	2000cad0 	.word	0x2000cad0
2000620c:	00000296 	.word	0x00000296
20006210:	2000ccc8 	.word	0x2000ccc8
20006214:	00000299 	.word	0x00000299
20006218:	100001c1 	.word	0x100001c1
2000621c:	20020eae 	.word	0x20020eae
20006220:	ffffbd01 	.word	0xffffbd01
20006224:	2000ccd4 	.word	0x2000ccd4
20006228:	000002aa 	.word	0x000002aa

2000622c <lock_init>:
2000622c:	4b02      	ldr	r3, [pc, #8]	@ (20006238 <lock_init+0xc>)
2000622e:	469c      	mov	ip, r3
20006230:	4461      	add	r1, ip
20006232:	0089      	lsls	r1, r1, #2
20006234:	6001      	str	r1, [r0, #0]
20006236:	4770      	bx	lr
20006238:	34000040 	.word	0x34000040

2000623c <mutex_init>:
2000623c:	b510      	push	{r4, lr}
2000623e:	0004      	movs	r4, r0
20006240:	f7ff fca0 	bl	20005b84 <next_striped_spin_lock_num>
20006244:	0001      	movs	r1, r0
20006246:	0020      	movs	r0, r4
20006248:	f7ff fff0 	bl	2000622c <lock_init>
2000624c:	23ff      	movs	r3, #255	@ 0xff
2000624e:	7123      	strb	r3, [r4, #4]
20006250:	f3bf 8f5f 	dmb	sy
20006254:	bd10      	pop	{r4, pc}

20006256 <recursive_mutex_init>:
20006256:	b510      	push	{r4, lr}
20006258:	0004      	movs	r4, r0
2000625a:	f7ff fc93 	bl	20005b84 <next_striped_spin_lock_num>
2000625e:	0001      	movs	r1, r0
20006260:	0020      	movs	r0, r4
20006262:	f7ff ffe3 	bl	2000622c <lock_init>
20006266:	23ff      	movs	r3, #255	@ 0xff
20006268:	7123      	strb	r3, [r4, #4]
2000626a:	2300      	movs	r3, #0
2000626c:	7163      	strb	r3, [r4, #5]
2000626e:	f3bf 8f5f 	dmb	sy
20006272:	bd10      	pop	{r4, pc}

20006274 <runtime_init_mutex>:
20006274:	b510      	push	{r4, lr}
20006276:	4c0d      	ldr	r4, [pc, #52]	@ (200062ac <runtime_init_mutex+0x38>)
20006278:	e009      	b.n	2000628e <runtime_init_mutex+0x1a>
2000627a:	4b0d      	ldr	r3, [pc, #52]	@ (200062b0 <runtime_init_mutex+0x3c>)
2000627c:	4a0d      	ldr	r2, [pc, #52]	@ (200062b4 <runtime_init_mutex+0x40>)
2000627e:	480e      	ldr	r0, [pc, #56]	@ (200062b8 <runtime_init_mutex+0x44>)
20006280:	211a      	movs	r1, #26
20006282:	f003 fa55 	bl	20009730 <__assert_func>
20006286:	0020      	movs	r0, r4
20006288:	f7ff ffd8 	bl	2000623c <mutex_init>
2000628c:	3408      	adds	r4, #8
2000628e:	4b0b      	ldr	r3, [pc, #44]	@ (200062bc <runtime_init_mutex+0x48>)
20006290:	429c      	cmp	r4, r3
20006292:	d209      	bcs.n	200062a8 <runtime_init_mutex+0x34>
20006294:	6823      	ldr	r3, [r4, #0]
20006296:	2b00      	cmp	r3, #0
20006298:	d0f5      	beq.n	20006286 <runtime_init_mutex+0x12>
2000629a:	2b01      	cmp	r3, #1
2000629c:	d1ed      	bne.n	2000627a <runtime_init_mutex+0x6>
2000629e:	0020      	movs	r0, r4
200062a0:	f7ff ffd9 	bl	20006256 <recursive_mutex_init>
200062a4:	3408      	adds	r4, #8
200062a6:	e7f2      	b.n	2000628e <runtime_init_mutex+0x1a>
200062a8:	bd10      	pop	{r4, pc}
200062aa:	46c0      	nop			@ (mov r8, r8)
200062ac:	2000e078 	.word	0x2000e078
200062b0:	2000ccdc 	.word	0x2000ccdc
200062b4:	2000d79c 	.word	0x2000d79c
200062b8:	2000ccfc 	.word	0x2000ccfc
200062bc:	2000e088 	.word	0x2000e088

200062c0 <ta_set_timeout>:
200062c0:	b530      	push	{r4, r5, lr}
200062c2:	6a83      	ldr	r3, [r0, #40]	@ 0x28
200062c4:	469c      	mov	ip, r3
200062c6:	1ad4      	subs	r4, r2, r3
200062c8:	1d0b      	adds	r3, r1, #4
200062ca:	009b      	lsls	r3, r3, #2
200062cc:	581b      	ldr	r3, [r3, r0]
200062ce:	4665      	mov	r5, ip
200062d0:	1b5b      	subs	r3, r3, r5
200062d2:	429c      	cmp	r4, r3
200062d4:	d304      	bcc.n	200062e0 <ta_set_timeout+0x20>
200062d6:	6a04      	ldr	r4, [r0, #32]
200062d8:	2301      	movs	r3, #1
200062da:	408b      	lsls	r3, r1
200062dc:	4223      	tst	r3, r4
200062de:	d102      	bne.n	200062e6 <ta_set_timeout+0x26>
200062e0:	3104      	adds	r1, #4
200062e2:	0089      	lsls	r1, r1, #2
200062e4:	500a      	str	r2, [r1, r0]
200062e6:	bd30      	pop	{r4, r5, pc}

200062e8 <make_alarm_id>:
200062e8:	0400      	lsls	r0, r0, #16
200062ea:	4308      	orrs	r0, r1
200062ec:	4770      	bx	lr
	...

200062f0 <sleep_until_callback>:
200062f0:	4b0a      	ldr	r3, [pc, #40]	@ (2000631c <sleep_until_callback+0x2c>)
200062f2:	6819      	ldr	r1, [r3, #0]
200062f4:	f3ef 8310 	mrs	r3, PRIMASK
200062f8:	b672      	cpsid	i
200062fa:	680a      	ldr	r2, [r1, #0]
200062fc:	2a00      	cmp	r2, #0
200062fe:	d0fc      	beq.n	200062fa <sleep_until_callback+0xa>
20006300:	f3bf 8f5f 	dmb	sy
20006304:	4a05      	ldr	r2, [pc, #20]	@ (2000631c <sleep_until_callback+0x2c>)
20006306:	6812      	ldr	r2, [r2, #0]
20006308:	f3bf 8f5f 	dmb	sy
2000630c:	2100      	movs	r1, #0
2000630e:	6011      	str	r1, [r2, #0]
20006310:	f383 8810 	msr	PRIMASK, r3
20006314:	bf40      	sev
20006316:	2000      	movs	r0, #0
20006318:	2100      	movs	r1, #0
2000631a:	4770      	bx	lr
2000631c:	20020b0c 	.word	0x20020b0c

20006320 <alarm_pool_irq_handler>:
20006320:	b5f0      	push	{r4, r5, r6, r7, lr}
20006322:	46de      	mov	lr, fp
20006324:	4657      	mov	r7, sl
20006326:	464e      	mov	r6, r9
20006328:	4645      	mov	r5, r8
2000632a:	b5e0      	push	{r5, r6, r7, lr}
2000632c:	b083      	sub	sp, #12
2000632e:	f3ef 8305 	mrs	r3, IPSR
20006332:	2203      	movs	r2, #3
20006334:	401a      	ands	r2, r3
20006336:	0011      	movs	r1, r2
20006338:	9201      	str	r2, [sp, #4]
2000633a:	4baf      	ldr	r3, [pc, #700]	@ (200065f8 <alarm_pool_irq_handler+0x2d8>)
2000633c:	0092      	lsls	r2, r2, #2
2000633e:	58d3      	ldr	r3, [r2, r3]
20006340:	4698      	mov	r8, r3
20006342:	781b      	ldrb	r3, [r3, #0]
20006344:	428b      	cmp	r3, r1
20006346:	d107      	bne.n	20006358 <alarm_pool_irq_handler+0x38>
20006348:	2301      	movs	r3, #1
2000634a:	9a01      	ldr	r2, [sp, #4]
2000634c:	4093      	lsls	r3, r2
2000634e:	9300      	str	r3, [sp, #0]
20006350:	4baa      	ldr	r3, [pc, #680]	@ (200065fc <alarm_pool_irq_handler+0x2dc>)
20006352:	9a00      	ldr	r2, [sp, #0]
20006354:	601a      	str	r2, [r3, #0]
20006356:	e11f      	b.n	20006598 <alarm_pool_irq_handler+0x278>
20006358:	4ba9      	ldr	r3, [pc, #676]	@ (20006600 <alarm_pool_irq_handler+0x2e0>)
2000635a:	4aaa      	ldr	r2, [pc, #680]	@ (20006604 <alarm_pool_irq_handler+0x2e4>)
2000635c:	48aa      	ldr	r0, [pc, #680]	@ (20006608 <alarm_pool_irq_handler+0x2e8>)
2000635e:	219c      	movs	r1, #156	@ 0x9c
20006360:	f003 f9e6 	bl	20009730 <__assert_func>
20006364:	4643      	mov	r3, r8
20006366:	695a      	ldr	r2, [r3, #20]
20006368:	464b      	mov	r3, r9
2000636a:	005b      	lsls	r3, r3, #1
2000636c:	444b      	add	r3, r9
2000636e:	00db      	lsls	r3, r3, #3
20006370:	4693      	mov	fp, r2
20006372:	449b      	add	fp, r3
20006374:	465b      	mov	r3, fp
20006376:	689e      	ldr	r6, [r3, #8]
20006378:	68df      	ldr	r7, [r3, #12]
2000637a:	48a4      	ldr	r0, [pc, #656]	@ (2000660c <alarm_pool_irq_handler+0x2ec>)
2000637c:	f000 fbba 	bl	20006af4 <timer_time_us_64>
20006380:	1b80      	subs	r0, r0, r6
20006382:	41b9      	sbcs	r1, r7
20006384:	2900      	cmp	r1, #0
20006386:	da00      	bge.n	2000638a <alarm_pool_irq_handler+0x6a>
20006388:	e110      	b.n	200065ac <alarm_pool_irq_handler+0x28c>
2000638a:	2f00      	cmp	r7, #0
2000638c:	db61      	blt.n	20006452 <alarm_pool_irq_handler+0x132>
2000638e:	465b      	mov	r3, fp
20006390:	691c      	ldr	r4, [r3, #16]
20006392:	4b9f      	ldr	r3, [pc, #636]	@ (20006610 <alarm_pool_irq_handler+0x2f0>)
20006394:	429c      	cmp	r4, r3
20006396:	d047      	beq.n	20006428 <alarm_pool_irq_handler+0x108>
20006398:	4643      	mov	r3, r8
2000639a:	2008      	movs	r0, #8
2000639c:	5e18      	ldrsh	r0, [r3, r0]
2000639e:	465b      	mov	r3, fp
200063a0:	8859      	ldrh	r1, [r3, #2]
200063a2:	b289      	uxth	r1, r1
200063a4:	f7ff ffa0 	bl	200062e8 <make_alarm_id>
200063a8:	465b      	mov	r3, fp
200063aa:	6959      	ldr	r1, [r3, #20]
200063ac:	47a0      	blx	r4
200063ae:	0004      	movs	r4, r0
200063b0:	000d      	movs	r5, r1
200063b2:	0023      	movs	r3, r4
200063b4:	432b      	orrs	r3, r5
200063b6:	d04c      	beq.n	20006452 <alarm_pool_irq_handler+0x132>
200063b8:	2d00      	cmp	r5, #0
200063ba:	da3e      	bge.n	2000643a <alarm_pool_irq_handler+0x11a>
200063bc:	0030      	movs	r0, r6
200063be:	0039      	movs	r1, r7
200063c0:	1b00      	subs	r0, r0, r4
200063c2:	41a9      	sbcs	r1, r5
200063c4:	465b      	mov	r3, fp
200063c6:	6098      	str	r0, [r3, #8]
200063c8:	60d9      	str	r1, [r3, #12]
200063ca:	2400      	movs	r4, #0
200063cc:	5f1c      	ldrsh	r4, [r3, r4]
200063ce:	2c00      	cmp	r4, #0
200063d0:	da00      	bge.n	200063d4 <alarm_pool_irq_handler+0xb4>
200063d2:	e0eb      	b.n	200065ac <alarm_pool_irq_handler+0x28c>
200063d4:	4643      	mov	r3, r8
200063d6:	695a      	ldr	r2, [r3, #20]
200063d8:	4692      	mov	sl, r2
200063da:	0063      	lsls	r3, r4, #1
200063dc:	191b      	adds	r3, r3, r4
200063de:	00db      	lsls	r3, r3, #3
200063e0:	4453      	add	r3, sl
200063e2:	689a      	ldr	r2, [r3, #8]
200063e4:	68db      	ldr	r3, [r3, #12]
200063e6:	0005      	movs	r5, r0
200063e8:	000e      	movs	r6, r1
200063ea:	1aad      	subs	r5, r5, r2
200063ec:	419e      	sbcs	r6, r3
200063ee:	2e00      	cmp	r6, #0
200063f0:	da00      	bge.n	200063f4 <alarm_pool_irq_handler+0xd4>
200063f2:	e0db      	b.n	200065ac <alarm_pool_irq_handler+0x28c>
200063f4:	4643      	mov	r3, r8
200063f6:	811c      	strh	r4, [r3, #8]
200063f8:	4647      	mov	r7, r8
200063fa:	3708      	adds	r7, #8
200063fc:	46bc      	mov	ip, r7
200063fe:	2c00      	cmp	r4, #0
20006400:	db21      	blt.n	20006446 <alarm_pool_irq_handler+0x126>
20006402:	4663      	mov	r3, ip
20006404:	2200      	movs	r2, #0
20006406:	5e9b      	ldrsh	r3, [r3, r2]
20006408:	005d      	lsls	r5, r3, #1
2000640a:	18ed      	adds	r5, r5, r3
2000640c:	00ed      	lsls	r5, r5, #3
2000640e:	4455      	add	r5, sl
20006410:	68aa      	ldr	r2, [r5, #8]
20006412:	68eb      	ldr	r3, [r5, #12]
20006414:	0006      	movs	r6, r0
20006416:	000f      	movs	r7, r1
20006418:	1ab6      	subs	r6, r6, r2
2000641a:	419f      	sbcs	r7, r3
2000641c:	2f00      	cmp	r7, #0
2000641e:	db12      	blt.n	20006446 <alarm_pool_irq_handler+0x126>
20006420:	46ac      	mov	ip, r5
20006422:	2300      	movs	r3, #0
20006424:	5eec      	ldrsh	r4, [r5, r3]
20006426:	e7ea      	b.n	200063fe <alarm_pool_irq_handler+0xde>
20006428:	465b      	mov	r3, fp
2000642a:	695c      	ldr	r4, [r3, #20]
2000642c:	6923      	ldr	r3, [r4, #16]
2000642e:	0020      	movs	r0, r4
20006430:	4798      	blx	r3
20006432:	2800      	cmp	r0, #0
20006434:	d00d      	beq.n	20006452 <alarm_pool_irq_handler+0x132>
20006436:	cc30      	ldmia	r4, {r4, r5}
20006438:	e7bb      	b.n	200063b2 <alarm_pool_irq_handler+0x92>
2000643a:	4874      	ldr	r0, [pc, #464]	@ (2000660c <alarm_pool_irq_handler+0x2ec>)
2000643c:	f000 fb5a 	bl	20006af4 <timer_time_us_64>
20006440:	1900      	adds	r0, r0, r4
20006442:	4169      	adcs	r1, r5
20006444:	e7be      	b.n	200063c4 <alarm_pool_irq_handler+0xa4>
20006446:	465b      	mov	r3, fp
20006448:	801c      	strh	r4, [r3, #0]
2000644a:	464b      	mov	r3, r9
2000644c:	4662      	mov	r2, ip
2000644e:	8013      	strh	r3, [r2, #0]
20006450:	e0ac      	b.n	200065ac <alarm_pool_irq_handler+0x28c>
20006452:	465b      	mov	r3, fp
20006454:	2200      	movs	r2, #0
20006456:	5e9b      	ldrsh	r3, [r3, r2]
20006458:	4642      	mov	r2, r8
2000645a:	8113      	strh	r3, [r2, #8]
2000645c:	6912      	ldr	r2, [r2, #16]
2000645e:	f3ef 8310 	mrs	r3, PRIMASK
20006462:	b672      	cpsid	i
20006464:	6811      	ldr	r1, [r2, #0]
20006466:	2900      	cmp	r1, #0
20006468:	d0fc      	beq.n	20006464 <alarm_pool_irq_handler+0x144>
2000646a:	f3bf 8f5f 	dmb	sy
2000646e:	4642      	mov	r2, r8
20006470:	2102      	movs	r1, #2
20006472:	5e52      	ldrsh	r2, [r2, r1]
20006474:	4659      	mov	r1, fp
20006476:	800a      	strh	r2, [r1, #0]
20006478:	4642      	mov	r2, r8
2000647a:	4649      	mov	r1, r9
2000647c:	8051      	strh	r1, [r2, #2]
2000647e:	6912      	ldr	r2, [r2, #16]
20006480:	f3bf 8f5f 	dmb	sy
20006484:	2100      	movs	r1, #0
20006486:	6011      	str	r1, [r2, #0]
20006488:	f383 8810 	msr	PRIMASK, r3
2000648c:	e08e      	b.n	200065ac <alarm_pool_irq_handler+0x28c>
2000648e:	4643      	mov	r3, r8
20006490:	6919      	ldr	r1, [r3, #16]
20006492:	f3ef 8310 	mrs	r3, PRIMASK
20006496:	b672      	cpsid	i
20006498:	680a      	ldr	r2, [r1, #0]
2000649a:	2a00      	cmp	r2, #0
2000649c:	d0fc      	beq.n	20006498 <alarm_pool_irq_handler+0x178>
2000649e:	f3bf 8f5f 	dmb	sy
200064a2:	4642      	mov	r2, r8
200064a4:	8892      	ldrh	r2, [r2, #4]
200064a6:	b212      	sxth	r2, r2
200064a8:	4691      	mov	r9, r2
200064aa:	2201      	movs	r2, #1
200064ac:	4252      	negs	r2, r2
200064ae:	4641      	mov	r1, r8
200064b0:	808a      	strh	r2, [r1, #4]
200064b2:	690a      	ldr	r2, [r1, #16]
200064b4:	f3bf 8f5f 	dmb	sy
200064b8:	2100      	movs	r1, #0
200064ba:	6011      	str	r1, [r2, #0]
200064bc:	f383 8810 	msr	PRIMASK, r3
200064c0:	e01c      	b.n	200064fc <alarm_pool_irq_handler+0x1dc>
200064c2:	469b      	mov	fp, r3
200064c4:	2200      	movs	r2, #0
200064c6:	5e9a      	ldrsh	r2, [r3, r2]
200064c8:	2a00      	cmp	r2, #0
200064ca:	db0e      	blt.n	200064ea <alarm_pool_irq_handler+0x1ca>
200064cc:	465b      	mov	r3, fp
200064ce:	2100      	movs	r1, #0
200064d0:	5e59      	ldrsh	r1, [r3, r1]
200064d2:	004b      	lsls	r3, r1, #1
200064d4:	185b      	adds	r3, r3, r1
200064d6:	00db      	lsls	r3, r3, #3
200064d8:	4453      	add	r3, sl
200064da:	6898      	ldr	r0, [r3, #8]
200064dc:	68d9      	ldr	r1, [r3, #12]
200064de:	0026      	movs	r6, r4
200064e0:	002f      	movs	r7, r5
200064e2:	1a36      	subs	r6, r6, r0
200064e4:	418f      	sbcs	r7, r1
200064e6:	2f00      	cmp	r7, #0
200064e8:	daeb      	bge.n	200064c2 <alarm_pool_irq_handler+0x1a2>
200064ea:	464b      	mov	r3, r9
200064ec:	4659      	mov	r1, fp
200064ee:	800b      	strh	r3, [r1, #0]
200064f0:	4663      	mov	r3, ip
200064f2:	2100      	movs	r1, #0
200064f4:	5e5b      	ldrsh	r3, [r3, r1]
200064f6:	4699      	mov	r9, r3
200064f8:	4663      	mov	r3, ip
200064fa:	801a      	strh	r2, [r3, #0]
200064fc:	464b      	mov	r3, r9
200064fe:	2b00      	cmp	r3, #0
20006500:	db5a      	blt.n	200065b8 <alarm_pool_irq_handler+0x298>
20006502:	4643      	mov	r3, r8
20006504:	695a      	ldr	r2, [r3, #20]
20006506:	4692      	mov	sl, r2
20006508:	464b      	mov	r3, r9
2000650a:	005b      	lsls	r3, r3, #1
2000650c:	444b      	add	r3, r9
2000650e:	00db      	lsls	r3, r3, #3
20006510:	469c      	mov	ip, r3
20006512:	44d4      	add	ip, sl
20006514:	4663      	mov	r3, ip
20006516:	689c      	ldr	r4, [r3, #8]
20006518:	68dd      	ldr	r5, [r3, #12]
2000651a:	4646      	mov	r6, r8
2000651c:	3608      	adds	r6, #8
2000651e:	46b3      	mov	fp, r6
20006520:	4643      	mov	r3, r8
20006522:	2208      	movs	r2, #8
20006524:	5e9a      	ldrsh	r2, [r3, r2]
20006526:	e7cf      	b.n	200064c8 <alarm_pool_irq_handler+0x1a8>
20006528:	2300      	movs	r3, #0
2000652a:	4642      	mov	r2, r8
2000652c:	7193      	strb	r3, [r2, #6]
2000652e:	4641      	mov	r1, r8
20006530:	3108      	adds	r1, #8
20006532:	4643      	mov	r3, r8
20006534:	2008      	movs	r0, #8
20006536:	5e18      	ldrsh	r0, [r3, r0]
20006538:	e011      	b.n	2000655e <alarm_pool_irq_handler+0x23e>
2000653a:	2201      	movs	r2, #1
2000653c:	4252      	negs	r2, r2
2000653e:	17d3      	asrs	r3, r2, #31
20006540:	60a2      	str	r2, [r4, #8]
20006542:	60e3      	str	r3, [r4, #12]
20006544:	4643      	mov	r3, r8
20006546:	2208      	movs	r2, #8
20006548:	5e9b      	ldrsh	r3, [r3, r2]
2000654a:	4283      	cmp	r3, r0
2000654c:	d006      	beq.n	2000655c <alarm_pool_irq_handler+0x23c>
2000654e:	800d      	strh	r5, [r1, #0]
20006550:	4643      	mov	r3, r8
20006552:	2208      	movs	r2, #8
20006554:	5e9b      	ldrsh	r3, [r3, r2]
20006556:	8023      	strh	r3, [r4, #0]
20006558:	4643      	mov	r3, r8
2000655a:	8118      	strh	r0, [r3, #8]
2000655c:	0028      	movs	r0, r5
2000655e:	1c43      	adds	r3, r0, #1
20006560:	d02e      	beq.n	200065c0 <alarm_pool_irq_handler+0x2a0>
20006562:	4643      	mov	r3, r8
20006564:	695a      	ldr	r2, [r3, #20]
20006566:	0043      	lsls	r3, r0, #1
20006568:	181b      	adds	r3, r3, r0
2000656a:	00db      	lsls	r3, r3, #3
2000656c:	18d4      	adds	r4, r2, r3
2000656e:	5ed5      	ldrsh	r5, [r2, r3]
20006570:	8863      	ldrh	r3, [r4, #2]
20006572:	b21b      	sxth	r3, r3
20006574:	2b00      	cmp	r3, #0
20006576:	dbe0      	blt.n	2000653a <alarm_pool_irq_handler+0x21a>
20006578:	0021      	movs	r1, r4
2000657a:	e7ef      	b.n	2000655c <alarm_pool_irq_handler+0x23c>
2000657c:	0022      	movs	r2, r4
2000657e:	002b      	movs	r3, r5
20006580:	9901      	ldr	r1, [sp, #4]
20006582:	4822      	ldr	r0, [pc, #136]	@ (2000660c <alarm_pool_irq_handler+0x2ec>)
20006584:	f7ff fe9c 	bl	200062c0 <ta_set_timeout>
20006588:	4820      	ldr	r0, [pc, #128]	@ (2000660c <alarm_pool_irq_handler+0x2ec>)
2000658a:	f000 fab3 	bl	20006af4 <timer_time_us_64>
2000658e:	1a24      	subs	r4, r4, r0
20006590:	418d      	sbcs	r5, r1
20006592:	2d00      	cmp	r5, #0
20006594:	dc28      	bgt.n	200065e8 <alarm_pool_irq_handler+0x2c8>
20006596:	d025      	beq.n	200065e4 <alarm_pool_irq_handler+0x2c4>
20006598:	4b1c      	ldr	r3, [pc, #112]	@ (2000660c <alarm_pool_irq_handler+0x2ec>)
2000659a:	9a00      	ldr	r2, [sp, #0]
2000659c:	635a      	str	r2, [r3, #52]	@ 0x34
2000659e:	4643      	mov	r3, r8
200065a0:	2208      	movs	r2, #8
200065a2:	5e9b      	ldrsh	r3, [r3, r2]
200065a4:	4699      	mov	r9, r3
200065a6:	2b00      	cmp	r3, #0
200065a8:	db00      	blt.n	200065ac <alarm_pool_irq_handler+0x28c>
200065aa:	e6db      	b.n	20006364 <alarm_pool_irq_handler+0x44>
200065ac:	4643      	mov	r3, r8
200065ae:	889b      	ldrh	r3, [r3, #4]
200065b0:	b21b      	sxth	r3, r3
200065b2:	2b00      	cmp	r3, #0
200065b4:	db00      	blt.n	200065b8 <alarm_pool_irq_handler+0x298>
200065b6:	e76a      	b.n	2000648e <alarm_pool_irq_handler+0x16e>
200065b8:	4643      	mov	r3, r8
200065ba:	799b      	ldrb	r3, [r3, #6]
200065bc:	2b00      	cmp	r3, #0
200065be:	d1b3      	bne.n	20006528 <alarm_pool_irq_handler+0x208>
200065c0:	4643      	mov	r3, r8
200065c2:	2208      	movs	r2, #8
200065c4:	5e9a      	ldrsh	r2, [r3, r2]
200065c6:	2a00      	cmp	r2, #0
200065c8:	db0e      	blt.n	200065e8 <alarm_pool_irq_handler+0x2c8>
200065ca:	4643      	mov	r3, r8
200065cc:	6959      	ldr	r1, [r3, #20]
200065ce:	0053      	lsls	r3, r2, #1
200065d0:	189b      	adds	r3, r3, r2
200065d2:	00db      	lsls	r3, r3, #3
200065d4:	18cb      	adds	r3, r1, r3
200065d6:	689c      	ldr	r4, [r3, #8]
200065d8:	68dd      	ldr	r5, [r3, #12]
200065da:	1c63      	adds	r3, r4, #1
200065dc:	d1ce      	bne.n	2000657c <alarm_pool_irq_handler+0x25c>
200065de:	1c6b      	adds	r3, r5, #1
200065e0:	d0d2      	beq.n	20006588 <alarm_pool_irq_handler+0x268>
200065e2:	e7cb      	b.n	2000657c <alarm_pool_irq_handler+0x25c>
200065e4:	2c00      	cmp	r4, #0
200065e6:	d0d7      	beq.n	20006598 <alarm_pool_irq_handler+0x278>
200065e8:	bf40      	sev
200065ea:	b003      	add	sp, #12
200065ec:	bcf0      	pop	{r4, r5, r6, r7}
200065ee:	46bb      	mov	fp, r7
200065f0:	46b2      	mov	sl, r6
200065f2:	46a9      	mov	r9, r5
200065f4:	46a0      	mov	r8, r4
200065f6:	bdf0      	pop	{r4, r5, r6, r7, pc}
200065f8:	20010edc 	.word	0x20010edc
200065fc:	4005703c 	.word	0x4005703c
20006600:	2000cd90 	.word	0x2000cd90
20006604:	2000d7c8 	.word	0x2000d7c8
20006608:	2000cdbc 	.word	0x2000cdbc
2000660c:	40054000 	.word	0x40054000
20006610:	20006321 	.word	0x20006321

20006614 <ta_enable_irq_handler>:
20006614:	b570      	push	{r4, r5, r6, lr}
20006616:	0004      	movs	r4, r0
20006618:	000d      	movs	r5, r1
2000661a:	0011      	movs	r1, r2
2000661c:	2601      	movs	r6, #1
2000661e:	40ae      	lsls	r6, r5
20006620:	6206      	str	r6, [r0, #32]
20006622:	0028      	movs	r0, r5
20006624:	f7ff fb88 	bl	20005d38 <irq_set_exclusive_handler>
20006628:	2101      	movs	r1, #1
2000662a:	0028      	movs	r0, r5
2000662c:	f7ff fb64 	bl	20005cf8 <irq_set_enabled>
20006630:	4b02      	ldr	r3, [pc, #8]	@ (2000663c <ta_enable_irq_handler+0x28>)
20006632:	469c      	mov	ip, r3
20006634:	4464      	add	r4, ip
20006636:	6026      	str	r6, [r4, #0]
20006638:	bd70      	pop	{r4, r5, r6, pc}
2000663a:	46c0      	nop			@ (mov r8, r8)
2000663c:	00002038 	.word	0x00002038

20006640 <alarm_pool_post_alloc_init>:
20006640:	b5f8      	push	{r3, r4, r5, r6, r7, lr}
20006642:	0004      	movs	r4, r0
20006644:	000f      	movs	r7, r1
20006646:	0016      	movs	r6, r2
20006648:	001d      	movs	r5, r3
2000664a:	60c1      	str	r1, [r0, #12]
2000664c:	f7ff fa9a 	bl	20005b84 <next_striped_spin_lock_num>
20006650:	4b12      	ldr	r3, [pc, #72]	@ (2000669c <alarm_pool_post_alloc_init+0x5c>)
20006652:	469c      	mov	ip, r3
20006654:	4460      	add	r0, ip
20006656:	0080      	lsls	r0, r0, #2
20006658:	6120      	str	r0, [r4, #16]
2000665a:	7026      	strb	r6, [r4, #0]
2000665c:	b2ab      	uxth	r3, r5
2000665e:	8163      	strh	r3, [r4, #10]
20006660:	22d0      	movs	r2, #208	@ 0xd0
20006662:	0612      	lsls	r2, r2, #24
20006664:	7812      	ldrb	r2, [r2, #0]
20006666:	7062      	strb	r2, [r4, #1]
20006668:	2201      	movs	r2, #1
2000666a:	4252      	negs	r2, r2
2000666c:	8122      	strh	r2, [r4, #8]
2000666e:	80a2      	strh	r2, [r4, #4]
20006670:	189b      	adds	r3, r3, r2
20006672:	8063      	strh	r3, [r4, #2]
20006674:	2300      	movs	r3, #0
20006676:	e006      	b.n	20006686 <alarm_pool_post_alloc_init+0x46>
20006678:	1e58      	subs	r0, r3, #1
2000667a:	6961      	ldr	r1, [r4, #20]
2000667c:	005a      	lsls	r2, r3, #1
2000667e:	18d2      	adds	r2, r2, r3
20006680:	00d2      	lsls	r2, r2, #3
20006682:	5288      	strh	r0, [r1, r2]
20006684:	3301      	adds	r3, #1
20006686:	42ab      	cmp	r3, r5
20006688:	d3f6      	bcc.n	20006678 <alarm_pool_post_alloc_init+0x38>
2000668a:	4b05      	ldr	r3, [pc, #20]	@ (200066a0 <alarm_pool_post_alloc_init+0x60>)
2000668c:	00b2      	lsls	r2, r6, #2
2000668e:	50d4      	str	r4, [r2, r3]
20006690:	4a04      	ldr	r2, [pc, #16]	@ (200066a4 <alarm_pool_post_alloc_init+0x64>)
20006692:	0031      	movs	r1, r6
20006694:	0038      	movs	r0, r7
20006696:	f7ff ffbd 	bl	20006614 <ta_enable_irq_handler>
2000669a:	bdf8      	pop	{r3, r4, r5, r6, r7, pc}
2000669c:	34000040 	.word	0x34000040
200066a0:	20010edc 	.word	0x20010edc
200066a4:	20006321 	.word	0x20006321

200066a8 <alarm_pool_get_default>:
200066a8:	b510      	push	{r4, lr}
200066aa:	4b06      	ldr	r3, [pc, #24]	@ (200066c4 <alarm_pool_get_default+0x1c>)
200066ac:	691b      	ldr	r3, [r3, #16]
200066ae:	2b00      	cmp	r3, #0
200066b0:	d001      	beq.n	200066b6 <alarm_pool_get_default+0xe>
200066b2:	4804      	ldr	r0, [pc, #16]	@ (200066c4 <alarm_pool_get_default+0x1c>)
200066b4:	bd10      	pop	{r4, pc}
200066b6:	4b04      	ldr	r3, [pc, #16]	@ (200066c8 <alarm_pool_get_default+0x20>)
200066b8:	4a04      	ldr	r2, [pc, #16]	@ (200066cc <alarm_pool_get_default+0x24>)
200066ba:	4805      	ldr	r0, [pc, #20]	@ (200066d0 <alarm_pool_get_default+0x28>)
200066bc:	2165      	movs	r1, #101	@ 0x65
200066be:	f003 f837 	bl	20009730 <__assert_func>
200066c2:	46c0      	nop			@ (mov r8, r8)
200066c4:	2000da00 	.word	0x2000da00
200066c8:	2000cdfc 	.word	0x2000cdfc
200066cc:	2000d7b0 	.word	0x2000d7b0
200066d0:	2000cdbc 	.word	0x2000cdbc

200066d4 <alarm_pool_add_alarm_at_force_in_context>:
200066d4:	b5f8      	push	{r3, r4, r5, r6, r7, lr}
200066d6:	0004      	movs	r4, r0
200066d8:	6905      	ldr	r5, [r0, #16]
200066da:	f3ef 8010 	mrs	r0, PRIMASK
200066de:	b672      	cpsid	i
200066e0:	6829      	ldr	r1, [r5, #0]
200066e2:	2900      	cmp	r1, #0
200066e4:	d0fc      	beq.n	200066e0 <alarm_pool_add_alarm_at_force_in_context+0xc>
200066e6:	f3bf 8f5f 	dmb	sy
200066ea:	2102      	movs	r1, #2
200066ec:	5e66      	ldrsh	r6, [r4, r1]
200066ee:	6965      	ldr	r5, [r4, #20]
200066f0:	0071      	lsls	r1, r6, #1
200066f2:	1989      	adds	r1, r1, r6
200066f4:	00c9      	lsls	r1, r1, #3
200066f6:	186d      	adds	r5, r5, r1
200066f8:	2e00      	cmp	r6, #0
200066fa:	db02      	blt.n	20006702 <alarm_pool_add_alarm_at_force_in_context+0x2e>
200066fc:	2700      	movs	r7, #0
200066fe:	5fe9      	ldrsh	r1, [r5, r7]
20006700:	8061      	strh	r1, [r4, #2]
20006702:	6921      	ldr	r1, [r4, #16]
20006704:	f3bf 8f5f 	dmb	sy
20006708:	2700      	movs	r7, #0
2000670a:	600f      	str	r7, [r1, #0]
2000670c:	f380 8810 	msr	PRIMASK, r0
20006710:	2e00      	cmp	r6, #0
20006712:	db2c      	blt.n	2000676e <alarm_pool_add_alarm_at_force_in_context+0x9a>
20006714:	9906      	ldr	r1, [sp, #24]
20006716:	6129      	str	r1, [r5, #16]
20006718:	9907      	ldr	r1, [sp, #28]
2000671a:	6169      	str	r1, [r5, #20]
2000671c:	60aa      	str	r2, [r5, #8]
2000671e:	60eb      	str	r3, [r5, #12]
20006720:	886b      	ldrh	r3, [r5, #2]
20006722:	3301      	adds	r3, #1
20006724:	045b      	lsls	r3, r3, #17
20006726:	0c59      	lsrs	r1, r3, #17
20006728:	2b00      	cmp	r3, #0
2000672a:	d100      	bne.n	2000672e <alarm_pool_add_alarm_at_force_in_context+0x5a>
2000672c:	2101      	movs	r1, #1
2000672e:	8069      	strh	r1, [r5, #2]
20006730:	0030      	movs	r0, r6
20006732:	f7ff fdd9 	bl	200062e8 <make_alarm_id>
20006736:	6921      	ldr	r1, [r4, #16]
20006738:	f3ef 8310 	mrs	r3, PRIMASK
2000673c:	b672      	cpsid	i
2000673e:	680a      	ldr	r2, [r1, #0]
20006740:	2a00      	cmp	r2, #0
20006742:	d0fc      	beq.n	2000673e <alarm_pool_add_alarm_at_force_in_context+0x6a>
20006744:	f3bf 8f5f 	dmb	sy
20006748:	88a2      	ldrh	r2, [r4, #4]
2000674a:	802a      	strh	r2, [r5, #0]
2000674c:	80a6      	strh	r6, [r4, #4]
2000674e:	6922      	ldr	r2, [r4, #16]
20006750:	f3bf 8f5f 	dmb	sy
20006754:	2100      	movs	r1, #0
20006756:	6011      	str	r1, [r2, #0]
20006758:	f383 8810 	msr	PRIMASK, r3
2000675c:	68e3      	ldr	r3, [r4, #12]
2000675e:	7821      	ldrb	r1, [r4, #0]
20006760:	2201      	movs	r2, #1
20006762:	408a      	lsls	r2, r1
20006764:	4903      	ldr	r1, [pc, #12]	@ (20006774 <alarm_pool_add_alarm_at_force_in_context+0xa0>)
20006766:	468c      	mov	ip, r1
20006768:	4463      	add	r3, ip
2000676a:	601a      	str	r2, [r3, #0]
2000676c:	bdf8      	pop	{r3, r4, r5, r6, r7, pc}
2000676e:	2001      	movs	r0, #1
20006770:	4240      	negs	r0, r0
20006772:	e7fb      	b.n	2000676c <alarm_pool_add_alarm_at_force_in_context+0x98>
20006774:	0000203c 	.word	0x0000203c

20006778 <alarm_pool_add_alarm_at>:
20006778:	b570      	push	{r4, r5, r6, lr}
2000677a:	b082      	sub	sp, #8
2000677c:	0006      	movs	r6, r0
2000677e:	0014      	movs	r4, r2
20006780:	001d      	movs	r5, r3
20006782:	ab08      	add	r3, sp, #32
20006784:	781b      	ldrb	r3, [r3, #0]
20006786:	2b00      	cmp	r3, #0
20006788:	d107      	bne.n	2000679a <alarm_pool_add_alarm_at+0x22>
2000678a:	f000 f9e3 	bl	20006b54 <time_us_64>
2000678e:	0022      	movs	r2, r4
20006790:	002b      	movs	r3, r5
20006792:	1a12      	subs	r2, r2, r0
20006794:	418b      	sbcs	r3, r1
20006796:	2b00      	cmp	r3, #0
20006798:	db0a      	blt.n	200067b0 <alarm_pool_add_alarm_at+0x38>
2000679a:	9b07      	ldr	r3, [sp, #28]
2000679c:	9301      	str	r3, [sp, #4]
2000679e:	9b06      	ldr	r3, [sp, #24]
200067a0:	9300      	str	r3, [sp, #0]
200067a2:	0022      	movs	r2, r4
200067a4:	002b      	movs	r3, r5
200067a6:	0030      	movs	r0, r6
200067a8:	f7ff ff94 	bl	200066d4 <alarm_pool_add_alarm_at_force_in_context>
200067ac:	b002      	add	sp, #8
200067ae:	bd70      	pop	{r4, r5, r6, pc}
200067b0:	2000      	movs	r0, #0
200067b2:	e7fb      	b.n	200067ac <alarm_pool_add_alarm_at+0x34>

200067b4 <add_alarm_at>:
200067b4:	b5f0      	push	{r4, r5, r6, r7, lr}
200067b6:	46c6      	mov	lr, r8
200067b8:	b500      	push	{lr}
200067ba:	b084      	sub	sp, #16
200067bc:	4680      	mov	r8, r0
200067be:	000f      	movs	r7, r1
200067c0:	0016      	movs	r6, r2
200067c2:	001d      	movs	r5, r3
200067c4:	ab0a      	add	r3, sp, #40	@ 0x28
200067c6:	781c      	ldrb	r4, [r3, #0]
200067c8:	f7ff ff6e 	bl	200066a8 <alarm_pool_get_default>
200067cc:	9402      	str	r4, [sp, #8]
200067ce:	9501      	str	r5, [sp, #4]
200067d0:	9600      	str	r6, [sp, #0]
200067d2:	4642      	mov	r2, r8
200067d4:	003b      	movs	r3, r7
200067d6:	f7ff ffcf 	bl	20006778 <alarm_pool_add_alarm_at>
200067da:	b004      	add	sp, #16
200067dc:	bc80      	pop	{r7}
200067de:	46b8      	mov	r8, r7
200067e0:	bdf0      	pop	{r4, r5, r6, r7, pc}
	...

200067e4 <alarm_pool_cancel_alarm>:
200067e4:	b530      	push	{r4, r5, lr}
200067e6:	0004      	movs	r4, r0
200067e8:	140a      	asrs	r2, r1, #16
200067ea:	8943      	ldrh	r3, [r0, #10]
200067ec:	429a      	cmp	r2, r3
200067ee:	da30      	bge.n	20006852 <alarm_pool_cancel_alarm+0x6e>
200067f0:	6940      	ldr	r0, [r0, #20]
200067f2:	0053      	lsls	r3, r2, #1
200067f4:	189b      	adds	r3, r3, r2
200067f6:	00db      	lsls	r3, r3, #3
200067f8:	18c3      	adds	r3, r0, r3
200067fa:	6922      	ldr	r2, [r4, #16]
200067fc:	4694      	mov	ip, r2
200067fe:	f3ef 8210 	mrs	r2, PRIMASK
20006802:	b672      	cpsid	i
20006804:	4660      	mov	r0, ip
20006806:	6800      	ldr	r0, [r0, #0]
20006808:	2800      	cmp	r0, #0
2000680a:	d0fb      	beq.n	20006804 <alarm_pool_cancel_alarm+0x20>
2000680c:	f3bf 8f5f 	dmb	sy
20006810:	8858      	ldrh	r0, [r3, #2]
20006812:	b285      	uxth	r5, r0
20006814:	0409      	lsls	r1, r1, #16
20006816:	0c09      	lsrs	r1, r1, #16
20006818:	4288      	cmp	r0, r1
2000681a:	d012      	beq.n	20006842 <alarm_pool_cancel_alarm+0x5e>
2000681c:	2000      	movs	r0, #0
2000681e:	6923      	ldr	r3, [r4, #16]
20006820:	f3bf 8f5f 	dmb	sy
20006824:	2100      	movs	r1, #0
20006826:	6019      	str	r1, [r3, #0]
20006828:	f382 8810 	msr	PRIMASK, r2
2000682c:	2800      	cmp	r0, #0
2000682e:	d011      	beq.n	20006854 <alarm_pool_cancel_alarm+0x70>
20006830:	68e3      	ldr	r3, [r4, #12]
20006832:	7821      	ldrb	r1, [r4, #0]
20006834:	2201      	movs	r2, #1
20006836:	408a      	lsls	r2, r1
20006838:	4907      	ldr	r1, [pc, #28]	@ (20006858 <alarm_pool_cancel_alarm+0x74>)
2000683a:	468c      	mov	ip, r1
2000683c:	4463      	add	r3, ip
2000683e:	601a      	str	r2, [r3, #0]
20006840:	e008      	b.n	20006854 <alarm_pool_cancel_alarm+0x70>
20006842:	4906      	ldr	r1, [pc, #24]	@ (2000685c <alarm_pool_cancel_alarm+0x78>)
20006844:	4329      	orrs	r1, r5
20006846:	b289      	uxth	r1, r1
20006848:	8059      	strh	r1, [r3, #2]
2000684a:	2301      	movs	r3, #1
2000684c:	71a3      	strb	r3, [r4, #6]
2000684e:	2001      	movs	r0, #1
20006850:	e7e5      	b.n	2000681e <alarm_pool_cancel_alarm+0x3a>
20006852:	2000      	movs	r0, #0
20006854:	bd30      	pop	{r4, r5, pc}
20006856:	46c0      	nop			@ (mov r8, r8)
20006858:	0000203c 	.word	0x0000203c
2000685c:	ffff8000 	.word	0xffff8000

20006860 <cancel_alarm>:
20006860:	b510      	push	{r4, lr}
20006862:	0004      	movs	r4, r0
20006864:	f7ff ff20 	bl	200066a8 <alarm_pool_get_default>
20006868:	0021      	movs	r1, r4
2000686a:	f7ff ffbb 	bl	200067e4 <alarm_pool_cancel_alarm>
2000686e:	bd10      	pop	{r4, pc}

20006870 <sleep_until>:
20006870:	b5f0      	push	{r4, r5, r6, r7, lr}
20006872:	b083      	sub	sp, #12
20006874:	0006      	movs	r6, r0
20006876:	000f      	movs	r7, r1
20006878:	f3ef 8305 	mrs	r3, IPSR
2000687c:	2b00      	cmp	r3, #0
2000687e:	d11a      	bne.n	200068b6 <sleep_until+0x46>
20006880:	2406      	movs	r4, #6
20006882:	4264      	negs	r4, r4
20006884:	17e5      	asrs	r5, r4, #31
20006886:	19a4      	adds	r4, r4, r6
20006888:	417d      	adcs	r5, r7
2000688a:	428d      	cmp	r5, r1
2000688c:	d802      	bhi.n	20006894 <sleep_until+0x24>
2000688e:	d103      	bne.n	20006898 <sleep_until+0x28>
20006890:	4284      	cmp	r4, r0
20006892:	d901      	bls.n	20006898 <sleep_until+0x28>
20006894:	2400      	movs	r4, #0
20006896:	2500      	movs	r5, #0
20006898:	f000 f95c 	bl	20006b54 <time_us_64>
2000689c:	0022      	movs	r2, r4
2000689e:	002b      	movs	r3, r5
200068a0:	1a12      	subs	r2, r2, r0
200068a2:	418b      	sbcs	r3, r1
200068a4:	2b00      	cmp	r3, #0
200068a6:	dc0b      	bgt.n	200068c0 <sleep_until+0x50>
200068a8:	d008      	beq.n	200068bc <sleep_until+0x4c>
200068aa:	0030      	movs	r0, r6
200068ac:	0039      	movs	r1, r7
200068ae:	f000 f963 	bl	20006b78 <busy_wait_until>
200068b2:	b003      	add	sp, #12
200068b4:	bdf0      	pop	{r4, r5, r6, r7, pc}
200068b6:	4816      	ldr	r0, [pc, #88]	@ (20006910 <sleep_until+0xa0>)
200068b8:	f7ff f8c6 	bl	20005a48 <panic>
200068bc:	2a00      	cmp	r2, #0
200068be:	d0f4      	beq.n	200068aa <sleep_until+0x3a>
200068c0:	4a14      	ldr	r2, [pc, #80]	@ (20006914 <sleep_until+0xa4>)
200068c2:	2300      	movs	r3, #0
200068c4:	9300      	str	r3, [sp, #0]
200068c6:	0020      	movs	r0, r4
200068c8:	0029      	movs	r1, r5
200068ca:	f7ff ff73 	bl	200067b4 <add_alarm_at>
200068ce:	2800      	cmp	r0, #0
200068d0:	da13      	bge.n	200068fa <sleep_until+0x8a>
200068d2:	e7ea      	b.n	200068aa <sleep_until+0x3a>
200068d4:	4b10      	ldr	r3, [pc, #64]	@ (20006918 <sleep_until+0xa8>)
200068d6:	6819      	ldr	r1, [r3, #0]
200068d8:	f3ef 8310 	mrs	r3, PRIMASK
200068dc:	b672      	cpsid	i
200068de:	680a      	ldr	r2, [r1, #0]
200068e0:	2a00      	cmp	r2, #0
200068e2:	d0fc      	beq.n	200068de <sleep_until+0x6e>
200068e4:	f3bf 8f5f 	dmb	sy
200068e8:	4a0b      	ldr	r2, [pc, #44]	@ (20006918 <sleep_until+0xa8>)
200068ea:	6812      	ldr	r2, [r2, #0]
200068ec:	f3bf 8f5f 	dmb	sy
200068f0:	2100      	movs	r1, #0
200068f2:	6011      	str	r1, [r2, #0]
200068f4:	f383 8810 	msr	PRIMASK, r3
200068f8:	bf20      	wfe
200068fa:	4b08      	ldr	r3, [pc, #32]	@ (2000691c <sleep_until+0xac>)
200068fc:	6a5b      	ldr	r3, [r3, #36]	@ 0x24
200068fe:	429d      	cmp	r5, r3
20006900:	d8e8      	bhi.n	200068d4 <sleep_until+0x64>
20006902:	4906      	ldr	r1, [pc, #24]	@ (2000691c <sleep_until+0xac>)
20006904:	6a89      	ldr	r1, [r1, #40]	@ 0x28
20006906:	42a1      	cmp	r1, r4
20006908:	d2cf      	bcs.n	200068aa <sleep_until+0x3a>
2000690a:	429d      	cmp	r5, r3
2000690c:	d1cd      	bne.n	200068aa <sleep_until+0x3a>
2000690e:	e7e1      	b.n	200068d4 <sleep_until+0x64>
20006910:	2000ce20 	.word	0x2000ce20
20006914:	200062f1 	.word	0x200062f1
20006918:	20020b0c 	.word	0x20020b0c
2000691c:	40054000 	.word	0x40054000

20006920 <sleep_us>:
20006920:	b570      	push	{r4, r5, r6, lr}
20006922:	0004      	movs	r4, r0
20006924:	000d      	movs	r5, r1
20006926:	f000 f915 	bl	20006b54 <time_us_64>
2000692a:	0022      	movs	r2, r4
2000692c:	002b      	movs	r3, r5
2000692e:	1812      	adds	r2, r2, r0
20006930:	414b      	adcs	r3, r1
20006932:	0010      	movs	r0, r2
20006934:	1e19      	subs	r1, r3, #0
20006936:	db02      	blt.n	2000693e <sleep_us+0x1e>
20006938:	f7ff ff9a 	bl	20006870 <sleep_until>
2000693c:	bd70      	pop	{r4, r5, r6, pc}
2000693e:	2001      	movs	r0, #1
20006940:	4240      	negs	r0, r0
20006942:	4901      	ldr	r1, [pc, #4]	@ (20006948 <sleep_us+0x28>)
20006944:	e7f8      	b.n	20006938 <sleep_us+0x18>
20006946:	46c0      	nop			@ (mov r8, r8)
20006948:	7fffffff 	.word	0x7fffffff

2000694c <sleep_ms>:
2000694c:	b510      	push	{r4, lr}
2000694e:	22fa      	movs	r2, #250	@ 0xfa
20006950:	0092      	lsls	r2, r2, #2
20006952:	2300      	movs	r3, #0
20006954:	2100      	movs	r1, #0
20006956:	f001 fc3b 	bl	200081d0 <__wrap___aeabi_lmul>
2000695a:	f7ff ffe1 	bl	20006920 <sleep_us>
2000695e:	bd10      	pop	{r4, pc}

20006960 <best_effort_wfe_or_timeout>:
20006960:	b5f0      	push	{r4, r5, r6, r7, lr}
20006962:	46c6      	mov	lr, r8
20006964:	b500      	push	{lr}
20006966:	b084      	sub	sp, #16
20006968:	4680      	mov	r8, r0
2000696a:	9103      	str	r1, [sp, #12]
2000696c:	f3ef 8305 	mrs	r3, IPSR
20006970:	2b00      	cmp	r3, #0
20006972:	d12b      	bne.n	200069cc <best_effort_wfe_or_timeout+0x6c>
20006974:	4b47      	ldr	r3, [pc, #284]	@ (20006a94 <best_effort_wfe_or_timeout+0x134>)
20006976:	681a      	ldr	r2, [r3, #0]
20006978:	685b      	ldr	r3, [r3, #4]
2000697a:	4282      	cmp	r2, r0
2000697c:	d039      	beq.n	200069f2 <best_effort_wfe_or_timeout+0x92>
2000697e:	f7ff fe93 	bl	200066a8 <alarm_pool_get_default>
20006982:	68c3      	ldr	r3, [r0, #12]
20006984:	001f      	movs	r7, r3
20006986:	7806      	ldrb	r6, [r0, #0]
20006988:	4642      	mov	r2, r8
2000698a:	0014      	movs	r4, r2
2000698c:	9a03      	ldr	r2, [sp, #12]
2000698e:	0015      	movs	r5, r2
20006990:	0018      	movs	r0, r3
20006992:	f000 f8af 	bl	20006af4 <timer_time_us_64>
20006996:	0002      	movs	r2, r0
20006998:	000b      	movs	r3, r1
2000699a:	1aa4      	subs	r4, r4, r2
2000699c:	419d      	sbcs	r5, r3
2000699e:	0022      	movs	r2, r4
200069a0:	1d31      	adds	r1, r6, #4
200069a2:	0089      	lsls	r1, r1, #2
200069a4:	59c9      	ldr	r1, [r1, r7]
200069a6:	1a09      	subs	r1, r1, r0
200069a8:	2000      	movs	r0, #0
200069aa:	42a8      	cmp	r0, r5
200069ac:	dc27      	bgt.n	200069fe <best_effort_wfe_or_timeout+0x9e>
200069ae:	d024      	beq.n	200069fa <best_effort_wfe_or_timeout+0x9a>
200069b0:	bf20      	wfe
200069b2:	9a03      	ldr	r2, [sp, #12]
200069b4:	4b38      	ldr	r3, [pc, #224]	@ (20006a98 <best_effort_wfe_or_timeout+0x138>)
200069b6:	6a5b      	ldr	r3, [r3, #36]	@ 0x24
200069b8:	429a      	cmp	r2, r3
200069ba:	d84b      	bhi.n	20006a54 <best_effort_wfe_or_timeout+0xf4>
200069bc:	4936      	ldr	r1, [pc, #216]	@ (20006a98 <best_effort_wfe_or_timeout+0x138>)
200069be:	6a89      	ldr	r1, [r1, #40]	@ 0x28
200069c0:	4541      	cmp	r1, r8
200069c2:	d24c      	bcs.n	20006a5e <best_effort_wfe_or_timeout+0xfe>
200069c4:	429a      	cmp	r2, r3
200069c6:	d043      	beq.n	20006a50 <best_effort_wfe_or_timeout+0xf0>
200069c8:	2001      	movs	r0, #1
200069ca:	e044      	b.n	20006a56 <best_effort_wfe_or_timeout+0xf6>
200069cc:	000b      	movs	r3, r1
200069ce:	4a32      	ldr	r2, [pc, #200]	@ (20006a98 <best_effort_wfe_or_timeout+0x138>)
200069d0:	6a52      	ldr	r2, [r2, #36]	@ 0x24
200069d2:	428a      	cmp	r2, r1
200069d4:	d309      	bcc.n	200069ea <best_effort_wfe_or_timeout+0x8a>
200069d6:	4930      	ldr	r1, [pc, #192]	@ (20006a98 <best_effort_wfe_or_timeout+0x138>)
200069d8:	6a89      	ldr	r1, [r1, #40]	@ 0x28
200069da:	4288      	cmp	r0, r1
200069dc:	d907      	bls.n	200069ee <best_effort_wfe_or_timeout+0x8e>
200069de:	429a      	cmp	r2, r3
200069e0:	d001      	beq.n	200069e6 <best_effort_wfe_or_timeout+0x86>
200069e2:	2001      	movs	r0, #1
200069e4:	e037      	b.n	20006a56 <best_effort_wfe_or_timeout+0xf6>
200069e6:	2000      	movs	r0, #0
200069e8:	e035      	b.n	20006a56 <best_effort_wfe_or_timeout+0xf6>
200069ea:	2000      	movs	r0, #0
200069ec:	e033      	b.n	20006a56 <best_effort_wfe_or_timeout+0xf6>
200069ee:	2001      	movs	r0, #1
200069f0:	e031      	b.n	20006a56 <best_effort_wfe_or_timeout+0xf6>
200069f2:	9a03      	ldr	r2, [sp, #12]
200069f4:	4293      	cmp	r3, r2
200069f6:	d1c2      	bne.n	2000697e <best_effort_wfe_or_timeout+0x1e>
200069f8:	e7da      	b.n	200069b0 <best_effort_wfe_or_timeout+0x50>
200069fa:	4291      	cmp	r1, r2
200069fc:	d9d8      	bls.n	200069b0 <best_effort_wfe_or_timeout+0x50>
200069fe:	4a27      	ldr	r2, [pc, #156]	@ (20006a9c <best_effort_wfe_or_timeout+0x13c>)
20006a00:	2300      	movs	r3, #0
20006a02:	9300      	str	r3, [sp, #0]
20006a04:	4645      	mov	r5, r8
20006a06:	0028      	movs	r0, r5
20006a08:	9c03      	ldr	r4, [sp, #12]
20006a0a:	0021      	movs	r1, r4
20006a0c:	f7ff fed2 	bl	200067b4 <add_alarm_at>
20006a10:	2800      	cmp	r0, #0
20006a12:	dd26      	ble.n	20006a62 <best_effort_wfe_or_timeout+0x102>
20006a14:	4b1f      	ldr	r3, [pc, #124]	@ (20006a94 <best_effort_wfe_or_timeout+0x134>)
20006a16:	601d      	str	r5, [r3, #0]
20006a18:	9903      	ldr	r1, [sp, #12]
20006a1a:	6059      	str	r1, [r3, #4]
20006a1c:	000d      	movs	r5, r1
20006a1e:	4b1e      	ldr	r3, [pc, #120]	@ (20006a98 <best_effort_wfe_or_timeout+0x138>)
20006a20:	6a5b      	ldr	r3, [r3, #36]	@ 0x24
20006a22:	4299      	cmp	r1, r3
20006a24:	d805      	bhi.n	20006a32 <best_effort_wfe_or_timeout+0xd2>
20006a26:	4a1c      	ldr	r2, [pc, #112]	@ (20006a98 <best_effort_wfe_or_timeout+0x138>)
20006a28:	6a92      	ldr	r2, [r2, #40]	@ 0x28
20006a2a:	4542      	cmp	r2, r8
20006a2c:	d202      	bcs.n	20006a34 <best_effort_wfe_or_timeout+0xd4>
20006a2e:	4299      	cmp	r1, r3
20006a30:	d100      	bne.n	20006a34 <best_effort_wfe_or_timeout+0xd4>
20006a32:	bf20      	wfe
20006a34:	f7ff ff14 	bl	20006860 <cancel_alarm>
20006a38:	4b17      	ldr	r3, [pc, #92]	@ (20006a98 <best_effort_wfe_or_timeout+0x138>)
20006a3a:	6a5b      	ldr	r3, [r3, #36]	@ 0x24
20006a3c:	429d      	cmp	r5, r3
20006a3e:	d824      	bhi.n	20006a8a <best_effort_wfe_or_timeout+0x12a>
20006a40:	4a15      	ldr	r2, [pc, #84]	@ (20006a98 <best_effort_wfe_or_timeout+0x138>)
20006a42:	6a92      	ldr	r2, [r2, #40]	@ 0x28
20006a44:	4542      	cmp	r2, r8
20006a46:	d222      	bcs.n	20006a8e <best_effort_wfe_or_timeout+0x12e>
20006a48:	429d      	cmp	r5, r3
20006a4a:	d01c      	beq.n	20006a86 <best_effort_wfe_or_timeout+0x126>
20006a4c:	2001      	movs	r0, #1
20006a4e:	e002      	b.n	20006a56 <best_effort_wfe_or_timeout+0xf6>
20006a50:	2000      	movs	r0, #0
20006a52:	e000      	b.n	20006a56 <best_effort_wfe_or_timeout+0xf6>
20006a54:	2000      	movs	r0, #0
20006a56:	b004      	add	sp, #16
20006a58:	bc80      	pop	{r7}
20006a5a:	46b8      	mov	r8, r7
20006a5c:	bdf0      	pop	{r4, r5, r6, r7, pc}
20006a5e:	2001      	movs	r0, #1
20006a60:	e7f9      	b.n	20006a56 <best_effort_wfe_or_timeout+0xf6>
20006a62:	4b0d      	ldr	r3, [pc, #52]	@ (20006a98 <best_effort_wfe_or_timeout+0x138>)
20006a64:	6a5b      	ldr	r3, [r3, #36]	@ 0x24
20006a66:	429c      	cmp	r4, r3
20006a68:	d809      	bhi.n	20006a7e <best_effort_wfe_or_timeout+0x11e>
20006a6a:	490b      	ldr	r1, [pc, #44]	@ (20006a98 <best_effort_wfe_or_timeout+0x138>)
20006a6c:	6a89      	ldr	r1, [r1, #40]	@ 0x28
20006a6e:	4541      	cmp	r1, r8
20006a70:	d207      	bcs.n	20006a82 <best_effort_wfe_or_timeout+0x122>
20006a72:	429c      	cmp	r4, r3
20006a74:	d001      	beq.n	20006a7a <best_effort_wfe_or_timeout+0x11a>
20006a76:	2001      	movs	r0, #1
20006a78:	e7ed      	b.n	20006a56 <best_effort_wfe_or_timeout+0xf6>
20006a7a:	2000      	movs	r0, #0
20006a7c:	e7eb      	b.n	20006a56 <best_effort_wfe_or_timeout+0xf6>
20006a7e:	2000      	movs	r0, #0
20006a80:	e7e9      	b.n	20006a56 <best_effort_wfe_or_timeout+0xf6>
20006a82:	2001      	movs	r0, #1
20006a84:	e7e7      	b.n	20006a56 <best_effort_wfe_or_timeout+0xf6>
20006a86:	2000      	movs	r0, #0
20006a88:	e7e5      	b.n	20006a56 <best_effort_wfe_or_timeout+0xf6>
20006a8a:	2000      	movs	r0, #0
20006a8c:	e7e3      	b.n	20006a56 <best_effort_wfe_or_timeout+0xf6>
20006a8e:	2001      	movs	r0, #1
20006a90:	e7e1      	b.n	20006a56 <best_effort_wfe_or_timeout+0xf6>
20006a92:	46c0      	nop			@ (mov r8, r8)
20006a94:	2000d9f8 	.word	0x2000d9f8
20006a98:	40054000 	.word	0x40054000
20006a9c:	200062f1 	.word	0x200062f1

20006aa0 <alarm_pool_get_default_timer>:
20006aa0:	4800      	ldr	r0, [pc, #0]	@ (20006aa4 <alarm_pool_get_default_timer+0x4>)
20006aa2:	4770      	bx	lr
20006aa4:	40054000 	.word	0x40054000

20006aa8 <runtime_init_default_alarm_pool>:
20006aa8:	b510      	push	{r4, lr}
20006aaa:	4b0b      	ldr	r3, [pc, #44]	@ (20006ad8 <runtime_init_default_alarm_pool+0x30>)
20006aac:	691b      	ldr	r3, [r3, #16]
20006aae:	2b00      	cmp	r3, #0
20006ab0:	d004      	beq.n	20006abc <runtime_init_default_alarm_pool+0x14>
20006ab2:	480a      	ldr	r0, [pc, #40]	@ (20006adc <runtime_init_default_alarm_pool+0x34>)
20006ab4:	210a      	movs	r1, #10
20006ab6:	f7ff fbb9 	bl	2000622c <lock_init>
20006aba:	bd10      	pop	{r4, pc}
20006abc:	f7ff fff0 	bl	20006aa0 <alarm_pool_get_default_timer>
20006ac0:	0004      	movs	r4, r0
20006ac2:	2103      	movs	r1, #3
20006ac4:	f000 f80c 	bl	20006ae0 <timer_hardware_alarm_claim>
20006ac8:	4803      	ldr	r0, [pc, #12]	@ (20006ad8 <runtime_init_default_alarm_pool+0x30>)
20006aca:	2310      	movs	r3, #16
20006acc:	2203      	movs	r2, #3
20006ace:	0021      	movs	r1, r4
20006ad0:	f7ff fdb6 	bl	20006640 <alarm_pool_post_alloc_init>
20006ad4:	e7ed      	b.n	20006ab2 <runtime_init_default_alarm_pool+0xa>
20006ad6:	46c0      	nop			@ (mov r8, r8)
20006ad8:	2000da00 	.word	0x2000da00
20006adc:	20020b0c 	.word	0x20020b0c

20006ae0 <timer_hardware_alarm_claim>:
20006ae0:	b510      	push	{r4, lr}
20006ae2:	4a02      	ldr	r2, [pc, #8]	@ (20006aec <timer_hardware_alarm_claim+0xc>)
20006ae4:	4802      	ldr	r0, [pc, #8]	@ (20006af0 <timer_hardware_alarm_claim+0x10>)
20006ae6:	f7fe ffe8 	bl	20005aba <hw_claim_or_assert>
20006aea:	bd10      	pop	{r4, pc}
20006aec:	2000ce70 	.word	0x2000ce70
20006af0:	2000fcb0 	.word	0x2000fcb0

20006af4 <timer_time_us_64>:
20006af4:	0002      	movs	r2, r0
20006af6:	6a43      	ldr	r3, [r0, #36]	@ 0x24
20006af8:	6a90      	ldr	r0, [r2, #40]	@ 0x28
20006afa:	0019      	movs	r1, r3
20006afc:	6a53      	ldr	r3, [r2, #36]	@ 0x24
20006afe:	4299      	cmp	r1, r3
20006b00:	d1fa      	bne.n	20006af8 <timer_time_us_64+0x4>
20006b02:	4770      	bx	lr

20006b04 <timer_busy_wait_until>:
20006b04:	6a41      	ldr	r1, [r0, #36]	@ 0x24
20006b06:	e000      	b.n	20006b0a <timer_busy_wait_until+0x6>
20006b08:	6a41      	ldr	r1, [r0, #36]	@ 0x24
20006b0a:	4299      	cmp	r1, r3
20006b0c:	d3fc      	bcc.n	20006b08 <timer_busy_wait_until+0x4>
20006b0e:	e000      	b.n	20006b12 <timer_busy_wait_until+0xe>
20006b10:	6a41      	ldr	r1, [r0, #36]	@ 0x24
20006b12:	4299      	cmp	r1, r3
20006b14:	d102      	bne.n	20006b1c <timer_busy_wait_until+0x18>
20006b16:	6a81      	ldr	r1, [r0, #40]	@ 0x28
20006b18:	4291      	cmp	r1, r2
20006b1a:	d3f9      	bcc.n	20006b10 <timer_busy_wait_until+0xc>
20006b1c:	4770      	bx	lr

20006b1e <timer_busy_wait_us>:
20006b1e:	b570      	push	{r4, r5, r6, lr}
20006b20:	0006      	movs	r6, r0
20006b22:	0014      	movs	r4, r2
20006b24:	001d      	movs	r5, r3
20006b26:	f7ff ffe5 	bl	20006af4 <timer_time_us_64>
20006b2a:	0002      	movs	r2, r0
20006b2c:	000b      	movs	r3, r1
20006b2e:	0010      	movs	r0, r2
20006b30:	0019      	movs	r1, r3
20006b32:	0022      	movs	r2, r4
20006b34:	002b      	movs	r3, r5
20006b36:	1812      	adds	r2, r2, r0
20006b38:	414b      	adcs	r3, r1
20006b3a:	4299      	cmp	r1, r3
20006b3c:	d802      	bhi.n	20006b44 <timer_busy_wait_us+0x26>
20006b3e:	d104      	bne.n	20006b4a <timer_busy_wait_us+0x2c>
20006b40:	4290      	cmp	r0, r2
20006b42:	d902      	bls.n	20006b4a <timer_busy_wait_us+0x2c>
20006b44:	2201      	movs	r2, #1
20006b46:	4252      	negs	r2, r2
20006b48:	17d3      	asrs	r3, r2, #31
20006b4a:	0030      	movs	r0, r6
20006b4c:	f7ff ffda 	bl	20006b04 <timer_busy_wait_until>
20006b50:	bd70      	pop	{r4, r5, r6, pc}
	...

20006b54 <time_us_64>:
20006b54:	b510      	push	{r4, lr}
20006b56:	4802      	ldr	r0, [pc, #8]	@ (20006b60 <time_us_64+0xc>)
20006b58:	f7ff ffcc 	bl	20006af4 <timer_time_us_64>
20006b5c:	bd10      	pop	{r4, pc}
20006b5e:	46c0      	nop			@ (mov r8, r8)
20006b60:	40054000 	.word	0x40054000

20006b64 <busy_wait_us>:
20006b64:	b510      	push	{r4, lr}
20006b66:	0002      	movs	r2, r0
20006b68:	000b      	movs	r3, r1
20006b6a:	4802      	ldr	r0, [pc, #8]	@ (20006b74 <busy_wait_us+0x10>)
20006b6c:	f7ff ffd7 	bl	20006b1e <timer_busy_wait_us>
20006b70:	bd10      	pop	{r4, pc}
20006b72:	46c0      	nop			@ (mov r8, r8)
20006b74:	40054000 	.word	0x40054000

20006b78 <busy_wait_until>:
20006b78:	b510      	push	{r4, lr}
20006b7a:	0002      	movs	r2, r0
20006b7c:	000b      	movs	r3, r1
20006b7e:	4802      	ldr	r0, [pc, #8]	@ (20006b88 <busy_wait_until+0x10>)
20006b80:	f7ff ffc0 	bl	20006b04 <timer_busy_wait_until>
20006b84:	bd10      	pop	{r4, pc}
20006b86:	46c0      	nop			@ (mov r8, r8)
20006b88:	40054000 	.word	0x40054000

20006b8c <uart_unreset>:
20006b8c:	4b07      	ldr	r3, [pc, #28]	@ (20006bac <uart_unreset+0x20>)
20006b8e:	4298      	cmp	r0, r3
20006b90:	d00a      	beq.n	20006ba8 <uart_unreset+0x1c>
20006b92:	2316      	movs	r3, #22
20006b94:	2201      	movs	r2, #1
20006b96:	409a      	lsls	r2, r3
20006b98:	4b05      	ldr	r3, [pc, #20]	@ (20006bb0 <uart_unreset+0x24>)
20006b9a:	601a      	str	r2, [r3, #0]
20006b9c:	4b05      	ldr	r3, [pc, #20]	@ (20006bb4 <uart_unreset+0x28>)
20006b9e:	681b      	ldr	r3, [r3, #0]
20006ba0:	0011      	movs	r1, r2
20006ba2:	4399      	bics	r1, r3
20006ba4:	d1fa      	bne.n	20006b9c <uart_unreset+0x10>
20006ba6:	4770      	bx	lr
20006ba8:	2317      	movs	r3, #23
20006baa:	e7f3      	b.n	20006b94 <uart_unreset+0x8>
20006bac:	40038000 	.word	0x40038000
20006bb0:	4000f000 	.word	0x4000f000
20006bb4:	4000c008 	.word	0x4000c008

20006bb8 <uart_disable_before_lcr_write>:
20006bb8:	b570      	push	{r4, r5, r6, lr}
20006bba:	6b04      	ldr	r4, [r0, #48]	@ 0x30
20006bbc:	07e3      	lsls	r3, r4, #31
20006bbe:	d401      	bmi.n	20006bc4 <uart_disable_before_lcr_write+0xc>
20006bc0:	0020      	movs	r0, r4
20006bc2:	bd70      	pop	{r4, r5, r6, pc}
20006bc4:	4b0b      	ldr	r3, [pc, #44]	@ (20006bf4 <uart_disable_before_lcr_write+0x3c>)
20006bc6:	18c3      	adds	r3, r0, r3
20006bc8:	4a0b      	ldr	r2, [pc, #44]	@ (20006bf8 <uart_disable_before_lcr_write+0x40>)
20006bca:	601a      	str	r2, [r3, #0]
20006bcc:	6a43      	ldr	r3, [r0, #36]	@ 0x24
20006bce:	6a82      	ldr	r2, [r0, #40]	@ 0x28
20006bd0:	019b      	lsls	r3, r3, #6
20006bd2:	189b      	adds	r3, r3, r2
20006bd4:	029d      	lsls	r5, r3, #10
20006bd6:	2006      	movs	r0, #6
20006bd8:	f000 f936 	bl	20006e48 <clock_get_hz>
20006bdc:	4907      	ldr	r1, [pc, #28]	@ (20006bfc <uart_disable_before_lcr_write+0x44>)
20006bde:	f000 fc81 	bl	200074e4 <__wrap___aeabi_uidiv>
20006be2:	0001      	movs	r1, r0
20006be4:	0028      	movs	r0, r5
20006be6:	f000 fc7d 	bl	200074e4 <__wrap___aeabi_uidiv>
20006bea:	2100      	movs	r1, #0
20006bec:	f7ff ffba 	bl	20006b64 <busy_wait_us>
20006bf0:	e7e6      	b.n	20006bc0 <uart_disable_before_lcr_write+0x8>
20006bf2:	46c0      	nop			@ (mov r8, r8)
20006bf4:	00003030 	.word	0x00003030
20006bf8:	00000301 	.word	0x00000301
20006bfc:	00000e4e 	.word	0x00000e4e

20006c00 <uart_write_lcr_bits_masked>:
20006c00:	b570      	push	{r4, r5, r6, lr}
20006c02:	0004      	movs	r4, r0
20006c04:	000e      	movs	r6, r1
20006c06:	0015      	movs	r5, r2
20006c08:	f7ff ffd6 	bl	20006bb8 <uart_disable_before_lcr_write>
20006c0c:	6ae1      	ldr	r1, [r4, #44]	@ 0x2c
20006c0e:	0033      	movs	r3, r6
20006c10:	404b      	eors	r3, r1
20006c12:	0019      	movs	r1, r3
20006c14:	002b      	movs	r3, r5
20006c16:	400b      	ands	r3, r1
20006c18:	0019      	movs	r1, r3
20006c1a:	4b02      	ldr	r3, [pc, #8]	@ (20006c24 <uart_write_lcr_bits_masked+0x24>)
20006c1c:	18e3      	adds	r3, r4, r3
20006c1e:	6019      	str	r1, [r3, #0]
20006c20:	6320      	str	r0, [r4, #48]	@ 0x30
20006c22:	bd70      	pop	{r4, r5, r6, pc}
20006c24:	0000102c 	.word	0x0000102c

20006c28 <uart_set_baudrate>:
20006c28:	b570      	push	{r4, r5, r6, lr}
20006c2a:	0005      	movs	r5, r0
20006c2c:	000c      	movs	r4, r1
20006c2e:	2006      	movs	r0, #6
20006c30:	f000 f90a 	bl	20006e48 <clock_get_hz>
20006c34:	00c0      	lsls	r0, r0, #3
20006c36:	0021      	movs	r1, r4
20006c38:	f000 fc54 	bl	200074e4 <__wrap___aeabi_uidiv>
20006c3c:	3001      	adds	r0, #1
20006c3e:	09c6      	lsrs	r6, r0, #7
20006c40:	d007      	beq.n	20006c52 <uart_set_baudrate+0x2a>
20006c42:	4b0e      	ldr	r3, [pc, #56]	@ (20006c7c <uart_set_baudrate+0x54>)
20006c44:	429e      	cmp	r6, r3
20006c46:	d815      	bhi.n	20006c74 <uart_set_baudrate+0x4c>
20006c48:	0840      	lsrs	r0, r0, #1
20006c4a:	0034      	movs	r4, r6
20006c4c:	263f      	movs	r6, #63	@ 0x3f
20006c4e:	4006      	ands	r6, r0
20006c50:	e000      	b.n	20006c54 <uart_set_baudrate+0x2c>
20006c52:	2401      	movs	r4, #1
20006c54:	626c      	str	r4, [r5, #36]	@ 0x24
20006c56:	62ae      	str	r6, [r5, #40]	@ 0x28
20006c58:	2200      	movs	r2, #0
20006c5a:	2100      	movs	r1, #0
20006c5c:	0028      	movs	r0, r5
20006c5e:	f7ff ffcf 	bl	20006c00 <uart_write_lcr_bits_masked>
20006c62:	2006      	movs	r0, #6
20006c64:	f000 f8f0 	bl	20006e48 <clock_get_hz>
20006c68:	0080      	lsls	r0, r0, #2
20006c6a:	01a1      	lsls	r1, r4, #6
20006c6c:	1989      	adds	r1, r1, r6
20006c6e:	f000 fc39 	bl	200074e4 <__wrap___aeabi_uidiv>
20006c72:	bd70      	pop	{r4, r5, r6, pc}
20006c74:	2600      	movs	r6, #0
20006c76:	4c02      	ldr	r4, [pc, #8]	@ (20006c80 <uart_set_baudrate+0x58>)
20006c78:	e7ec      	b.n	20006c54 <uart_set_baudrate+0x2c>
20006c7a:	46c0      	nop			@ (mov r8, r8)
20006c7c:	0000fffe 	.word	0x0000fffe
20006c80:	0000ffff 	.word	0x0000ffff

20006c84 <uart_set_format>:
20006c84:	b510      	push	{r4, lr}
20006c86:	3905      	subs	r1, #5
20006c88:	0149      	lsls	r1, r1, #5
20006c8a:	3a01      	subs	r2, #1
20006c8c:	00d2      	lsls	r2, r2, #3
20006c8e:	430a      	orrs	r2, r1
20006c90:	2b00      	cmp	r3, #0
20006c92:	d007      	beq.n	20006ca4 <uart_set_format+0x20>
20006c94:	2102      	movs	r1, #2
20006c96:	430a      	orrs	r2, r1
20006c98:	2b01      	cmp	r3, #1
20006c9a:	d001      	beq.n	20006ca0 <uart_set_format+0x1c>
20006c9c:	2100      	movs	r1, #0
20006c9e:	e002      	b.n	20006ca6 <uart_set_format+0x22>
20006ca0:	3102      	adds	r1, #2
20006ca2:	e000      	b.n	20006ca6 <uart_set_format+0x22>
20006ca4:	2100      	movs	r1, #0
20006ca6:	4311      	orrs	r1, r2
20006ca8:	226e      	movs	r2, #110	@ 0x6e
20006caa:	f7ff ffa9 	bl	20006c00 <uart_write_lcr_bits_masked>
20006cae:	bd10      	pop	{r4, pc}

20006cb0 <uart_set_fifo_enabled>:
20006cb0:	b510      	push	{r4, lr}
20006cb2:	2900      	cmp	r1, #0
20006cb4:	d000      	beq.n	20006cb8 <uart_set_fifo_enabled+0x8>
20006cb6:	2110      	movs	r1, #16
20006cb8:	2210      	movs	r2, #16
20006cba:	f7ff ffa1 	bl	20006c00 <uart_write_lcr_bits_masked>
20006cbe:	bd10      	pop	{r4, pc}

20006cc0 <uart_set_translate_crlf>:
20006cc0:	2900      	cmp	r1, #0
20006cc2:	d009      	beq.n	20006cd8 <uart_set_translate_crlf+0x18>
20006cc4:	220a      	movs	r2, #10
20006cc6:	4b06      	ldr	r3, [pc, #24]	@ (20006ce0 <uart_set_translate_crlf+0x20>)
20006cc8:	469c      	mov	ip, r3
20006cca:	4460      	add	r0, ip
20006ccc:	4243      	negs	r3, r0
20006cce:	4158      	adcs	r0, r3
20006cd0:	4b04      	ldr	r3, [pc, #16]	@ (20006ce4 <uart_set_translate_crlf+0x24>)
20006cd2:	0040      	lsls	r0, r0, #1
20006cd4:	52c2      	strh	r2, [r0, r3]
20006cd6:	4770      	bx	lr
20006cd8:	2280      	movs	r2, #128	@ 0x80
20006cda:	0052      	lsls	r2, r2, #1
20006cdc:	e7f3      	b.n	20006cc6 <uart_set_translate_crlf+0x6>
20006cde:	46c0      	nop			@ (mov r8, r8)
20006ce0:	bffc8000 	.word	0xbffc8000
20006ce4:	20020dd8 	.word	0x20020dd8

20006ce8 <uart_init>:
20006ce8:	b570      	push	{r4, r5, r6, lr}
20006cea:	0004      	movs	r4, r0
20006cec:	000d      	movs	r5, r1
20006cee:	2006      	movs	r0, #6
20006cf0:	f000 f8aa 	bl	20006e48 <clock_get_hz>
20006cf4:	2800      	cmp	r0, #0
20006cf6:	d01e      	beq.n	20006d36 <uart_init+0x4e>
20006cf8:	4b10      	ldr	r3, [pc, #64]	@ (20006d3c <uart_init+0x54>)
20006cfa:	429c      	cmp	r4, r3
20006cfc:	d01c      	beq.n	20006d38 <uart_init+0x50>
20006cfe:	2216      	movs	r2, #22
20006d00:	2301      	movs	r3, #1
20006d02:	4093      	lsls	r3, r2
20006d04:	4a0e      	ldr	r2, [pc, #56]	@ (20006d40 <uart_init+0x58>)
20006d06:	6013      	str	r3, [r2, #0]
20006d08:	0020      	movs	r0, r4
20006d0a:	f7ff ff3f 	bl	20006b8c <uart_unreset>
20006d0e:	2100      	movs	r1, #0
20006d10:	0020      	movs	r0, r4
20006d12:	f7ff ffd5 	bl	20006cc0 <uart_set_translate_crlf>
20006d16:	0029      	movs	r1, r5
20006d18:	0020      	movs	r0, r4
20006d1a:	f7ff ff85 	bl	20006c28 <uart_set_baudrate>
20006d1e:	6ae2      	ldr	r2, [r4, #44]	@ 0x2c
20006d20:	2370      	movs	r3, #112	@ 0x70
20006d22:	405a      	eors	r2, r3
20006d24:	330e      	adds	r3, #14
20006d26:	4013      	ands	r3, r2
20006d28:	4a06      	ldr	r2, [pc, #24]	@ (20006d44 <uart_init+0x5c>)
20006d2a:	18a2      	adds	r2, r4, r2
20006d2c:	6013      	str	r3, [r2, #0]
20006d2e:	4b06      	ldr	r3, [pc, #24]	@ (20006d48 <uart_init+0x60>)
20006d30:	6323      	str	r3, [r4, #48]	@ 0x30
20006d32:	2303      	movs	r3, #3
20006d34:	64a3      	str	r3, [r4, #72]	@ 0x48
20006d36:	bd70      	pop	{r4, r5, r6, pc}
20006d38:	2217      	movs	r2, #23
20006d3a:	e7e1      	b.n	20006d00 <uart_init+0x18>
20006d3c:	40038000 	.word	0x40038000
20006d40:	4000e000 	.word	0x4000e000
20006d44:	0000102c 	.word	0x0000102c
20006d48:	00000301 	.word	0x00000301

20006d4c <clock_configure_internal>:
20006d4c:	b5f8      	push	{r3, r4, r5, r6, r7, lr}
20006d4e:	46ce      	mov	lr, r9
20006d50:	4647      	mov	r7, r8
20006d52:	b580      	push	{r7, lr}
20006d54:	0005      	movs	r5, r0
20006d56:	000e      	movs	r6, r1
20006d58:	4690      	mov	r8, r2
20006d5a:	4699      	mov	r9, r3
20006d5c:	0044      	lsls	r4, r0, #1
20006d5e:	1824      	adds	r4, r4, r0
20006d60:	00a4      	lsls	r4, r4, #2
20006d62:	4b28      	ldr	r3, [pc, #160]	@ (20006e04 <clock_configure_internal+0xb8>)
20006d64:	469c      	mov	ip, r3
20006d66:	4464      	add	r4, ip
20006d68:	6863      	ldr	r3, [r4, #4]
20006d6a:	9a08      	ldr	r2, [sp, #32]
20006d6c:	4293      	cmp	r3, r2
20006d6e:	d200      	bcs.n	20006d72 <clock_configure_internal+0x26>
20006d70:	6062      	str	r2, [r4, #4]
20006d72:	1f2f      	subs	r7, r5, #4
20006d74:	b2ff      	uxtb	r7, r7
20006d76:	2f01      	cmp	r7, #1
20006d78:	d92e      	bls.n	20006dd8 <clock_configure_internal+0x8c>
20006d7a:	2280      	movs	r2, #128	@ 0x80
20006d7c:	0112      	lsls	r2, r2, #4
20006d7e:	23c0      	movs	r3, #192	@ 0xc0
20006d80:	019b      	lsls	r3, r3, #6
20006d82:	18e3      	adds	r3, r4, r3
20006d84:	601a      	str	r2, [r3, #0]
20006d86:	4b20      	ldr	r3, [pc, #128]	@ (20006e08 <clock_configure_internal+0xbc>)
20006d88:	00aa      	lsls	r2, r5, #2
20006d8a:	58d1      	ldr	r1, [r2, r3]
20006d8c:	2900      	cmp	r1, #0
20006d8e:	d007      	beq.n	20006da0 <clock_configure_internal+0x54>
20006d90:	6958      	ldr	r0, [r3, #20]
20006d92:	f000 fba7 	bl	200074e4 <__wrap___aeabi_uidiv>
20006d96:	3001      	adds	r0, #1
20006d98:	0043      	lsls	r3, r0, #1
20006d9a:	181b      	adds	r3, r3, r0
20006d9c:	3b03      	subs	r3, #3
20006d9e:	d2fd      	bcs.n	20006d9c <clock_configure_internal+0x50>
20006da0:	4643      	mov	r3, r8
20006da2:	015b      	lsls	r3, r3, #5
20006da4:	6822      	ldr	r2, [r4, #0]
20006da6:	4053      	eors	r3, r2
20006da8:	22e0      	movs	r2, #224	@ 0xe0
20006daa:	4013      	ands	r3, r2
20006dac:	2280      	movs	r2, #128	@ 0x80
20006dae:	0152      	lsls	r2, r2, #5
20006db0:	18a2      	adds	r2, r4, r2
20006db2:	6013      	str	r3, [r2, #0]
20006db4:	2f01      	cmp	r7, #1
20006db6:	d91a      	bls.n	20006dee <clock_configure_internal+0xa2>
20006db8:	2380      	movs	r3, #128	@ 0x80
20006dba:	019b      	lsls	r3, r3, #6
20006dbc:	18e3      	adds	r3, r4, r3
20006dbe:	2280      	movs	r2, #128	@ 0x80
20006dc0:	0112      	lsls	r2, r2, #4
20006dc2:	601a      	str	r2, [r3, #0]
20006dc4:	9b08      	ldr	r3, [sp, #32]
20006dc6:	6063      	str	r3, [r4, #4]
20006dc8:	4b0f      	ldr	r3, [pc, #60]	@ (20006e08 <clock_configure_internal+0xbc>)
20006dca:	00ad      	lsls	r5, r5, #2
20006dcc:	464a      	mov	r2, r9
20006dce:	50ea      	str	r2, [r5, r3]
20006dd0:	bcc0      	pop	{r6, r7}
20006dd2:	46b9      	mov	r9, r7
20006dd4:	46b0      	mov	r8, r6
20006dd6:	bdf8      	pop	{r3, r4, r5, r6, r7, pc}
20006dd8:	2e01      	cmp	r6, #1
20006dda:	d1ce      	bne.n	20006d7a <clock_configure_internal+0x2e>
20006ddc:	2203      	movs	r2, #3
20006dde:	23c0      	movs	r3, #192	@ 0xc0
20006de0:	019b      	lsls	r3, r3, #6
20006de2:	18e3      	adds	r3, r4, r3
20006de4:	601a      	str	r2, [r3, #0]
20006de6:	68a3      	ldr	r3, [r4, #8]
20006de8:	07db      	lsls	r3, r3, #31
20006dea:	d5fc      	bpl.n	20006de6 <clock_configure_internal+0x9a>
20006dec:	e7d8      	b.n	20006da0 <clock_configure_internal+0x54>
20006dee:	6821      	ldr	r1, [r4, #0]
20006df0:	4071      	eors	r1, r6
20006df2:	2303      	movs	r3, #3
20006df4:	400b      	ands	r3, r1
20006df6:	6013      	str	r3, [r2, #0]
20006df8:	68a3      	ldr	r3, [r4, #8]
20006dfa:	2201      	movs	r2, #1
20006dfc:	40b2      	lsls	r2, r6
20006dfe:	421a      	tst	r2, r3
20006e00:	d0fa      	beq.n	20006df8 <clock_configure_internal+0xac>
20006e02:	e7d9      	b.n	20006db8 <clock_configure_internal+0x6c>
20006e04:	40008000 	.word	0x40008000
20006e08:	2000fcb8 	.word	0x2000fcb8

20006e0c <clock_configure_int_divider>:
20006e0c:	b570      	push	{r4, r5, r6, lr}
20006e0e:	b082      	sub	sp, #8
20006e10:	0006      	movs	r6, r0
20006e12:	000d      	movs	r5, r1
20006e14:	0014      	movs	r4, r2
20006e16:	0018      	movs	r0, r3
20006e18:	9906      	ldr	r1, [sp, #24]
20006e1a:	f000 fb63 	bl	200074e4 <__wrap___aeabi_uidiv>
20006e1e:	0003      	movs	r3, r0
20006e20:	9a06      	ldr	r2, [sp, #24]
20006e22:	0211      	lsls	r1, r2, #8
20006e24:	9100      	str	r1, [sp, #0]
20006e26:	0022      	movs	r2, r4
20006e28:	0029      	movs	r1, r5
20006e2a:	0030      	movs	r0, r6
20006e2c:	f7ff ff8e 	bl	20006d4c <clock_configure_internal>
20006e30:	b002      	add	sp, #8
20006e32:	bd70      	pop	{r4, r5, r6, pc}

20006e34 <clock_configure_undivided>:
20006e34:	b510      	push	{r4, lr}
20006e36:	b082      	sub	sp, #8
20006e38:	2480      	movs	r4, #128	@ 0x80
20006e3a:	0064      	lsls	r4, r4, #1
20006e3c:	9400      	str	r4, [sp, #0]
20006e3e:	f7ff ff85 	bl	20006d4c <clock_configure_internal>
20006e42:	b002      	add	sp, #8
20006e44:	bd10      	pop	{r4, pc}
	...

20006e48 <clock_get_hz>:
20006e48:	4b01      	ldr	r3, [pc, #4]	@ (20006e50 <clock_get_hz+0x8>)
20006e4a:	0080      	lsls	r0, r0, #2
20006e4c:	58c0      	ldr	r0, [r0, r3]
20006e4e:	4770      	bx	lr
20006e50:	2000fcb8 	.word	0x2000fcb8

20006e54 <frequency_count_khz>:
20006e54:	b510      	push	{r4, lr}
20006e56:	0004      	movs	r4, r0
20006e58:	4b0d      	ldr	r3, [pc, #52]	@ (20006e90 <frequency_count_khz+0x3c>)
20006e5a:	699b      	ldr	r3, [r3, #24]
20006e5c:	05db      	lsls	r3, r3, #23
20006e5e:	d4fb      	bmi.n	20006e58 <frequency_count_khz+0x4>
20006e60:	2004      	movs	r0, #4
20006e62:	f7ff fff1 	bl	20006e48 <clock_get_hz>
20006e66:	21fa      	movs	r1, #250	@ 0xfa
20006e68:	0089      	lsls	r1, r1, #2
20006e6a:	f000 fb3b 	bl	200074e4 <__wrap___aeabi_uidiv>
20006e6e:	4b08      	ldr	r3, [pc, #32]	@ (20006e90 <frequency_count_khz+0x3c>)
20006e70:	6018      	str	r0, [r3, #0]
20006e72:	220a      	movs	r2, #10
20006e74:	611a      	str	r2, [r3, #16]
20006e76:	2200      	movs	r2, #0
20006e78:	605a      	str	r2, [r3, #4]
20006e7a:	3a01      	subs	r2, #1
20006e7c:	609a      	str	r2, [r3, #8]
20006e7e:	615c      	str	r4, [r3, #20]
20006e80:	4b03      	ldr	r3, [pc, #12]	@ (20006e90 <frequency_count_khz+0x3c>)
20006e82:	699b      	ldr	r3, [r3, #24]
20006e84:	06db      	lsls	r3, r3, #27
20006e86:	d5fb      	bpl.n	20006e80 <frequency_count_khz+0x2c>
20006e88:	4b01      	ldr	r3, [pc, #4]	@ (20006e90 <frequency_count_khz+0x3c>)
20006e8a:	69d8      	ldr	r0, [r3, #28]
20006e8c:	0940      	lsrs	r0, r0, #5
20006e8e:	bd10      	pop	{r4, pc}
20006e90:	40008080 	.word	0x40008080

20006e94 <set_sys_clock_pll>:
20006e94:	b5f0      	push	{r4, r5, r6, r7, lr}
20006e96:	b083      	sub	sp, #12
20006e98:	0007      	movs	r7, r0
20006e9a:	000d      	movs	r5, r1
20006e9c:	0014      	movs	r4, r2
20006e9e:	4e14      	ldr	r6, [pc, #80]	@ (20006ef0 <set_sys_clock_pll+0x5c>)
20006ea0:	0033      	movs	r3, r6
20006ea2:	2201      	movs	r2, #1
20006ea4:	2101      	movs	r1, #1
20006ea6:	2005      	movs	r0, #5
20006ea8:	f7ff ffc4 	bl	20006e34 <clock_configure_undivided>
20006eac:	9400      	str	r4, [sp, #0]
20006eae:	002b      	movs	r3, r5
20006eb0:	003a      	movs	r2, r7
20006eb2:	2101      	movs	r1, #1
20006eb4:	480f      	ldr	r0, [pc, #60]	@ (20006ef4 <set_sys_clock_pll+0x60>)
20006eb6:	f000 f873 	bl	20006fa0 <pll_init>
20006eba:	0021      	movs	r1, r4
20006ebc:	4369      	muls	r1, r5
20006ebe:	0038      	movs	r0, r7
20006ec0:	f000 fb10 	bl	200074e4 <__wrap___aeabi_uidiv>
20006ec4:	0004      	movs	r4, r0
20006ec6:	4b0c      	ldr	r3, [pc, #48]	@ (20006ef8 <set_sys_clock_pll+0x64>)
20006ec8:	2200      	movs	r2, #0
20006eca:	2102      	movs	r1, #2
20006ecc:	2004      	movs	r0, #4
20006ece:	f7ff ffb1 	bl	20006e34 <clock_configure_undivided>
20006ed2:	0023      	movs	r3, r4
20006ed4:	2200      	movs	r2, #0
20006ed6:	2101      	movs	r1, #1
20006ed8:	2005      	movs	r0, #5
20006eda:	f7ff ffab 	bl	20006e34 <clock_configure_undivided>
20006ede:	0033      	movs	r3, r6
20006ee0:	2202      	movs	r2, #2
20006ee2:	2100      	movs	r1, #0
20006ee4:	2006      	movs	r0, #6
20006ee6:	f7ff ffa5 	bl	20006e34 <clock_configure_undivided>
20006eea:	b003      	add	sp, #12
20006eec:	bdf0      	pop	{r4, r5, r6, r7, pc}
20006eee:	46c0      	nop			@ (mov r8, r8)
20006ef0:	02dc6c00 	.word	0x02dc6c00
20006ef4:	40028000 	.word	0x40028000
20006ef8:	00b71b00 	.word	0x00b71b00

20006efc <check_sys_clock_khz>:
20006efc:	b5f0      	push	{r4, r5, r6, r7, lr}
20006efe:	46de      	mov	lr, fp
20006f00:	4657      	mov	r7, sl
20006f02:	464e      	mov	r6, r9
20006f04:	4645      	mov	r5, r8
20006f06:	b5e0      	push	{r5, r6, r7, lr}
20006f08:	b083      	sub	sp, #12
20006f0a:	4680      	mov	r8, r0
20006f0c:	468a      	mov	sl, r1
20006f0e:	4693      	mov	fp, r2
20006f10:	9301      	str	r3, [sp, #4]
20006f12:	23a0      	movs	r3, #160	@ 0xa0
20006f14:	005b      	lsls	r3, r3, #1
20006f16:	4699      	mov	r9, r3
20006f18:	e02a      	b.n	20006f70 <check_sys_clock_khz+0x74>
20006f1a:	3c01      	subs	r4, #1
20006f1c:	2c00      	cmp	r4, #0
20006f1e:	d01e      	beq.n	20006f5e <check_sys_clock_khz+0x62>
20006f20:	0025      	movs	r5, r4
20006f22:	437d      	muls	r5, r7
20006f24:	0029      	movs	r1, r5
20006f26:	0030      	movs	r0, r6
20006f28:	f000 fadc 	bl	200074e4 <__wrap___aeabi_uidiv>
20006f2c:	4540      	cmp	r0, r8
20006f2e:	d1f4      	bne.n	20006f1a <check_sys_clock_khz+0x1e>
20006f30:	0029      	movs	r1, r5
20006f32:	0030      	movs	r0, r6
20006f34:	f000 fad6 	bl	200074e4 <__wrap___aeabi_uidiv>
20006f38:	2900      	cmp	r1, #0
20006f3a:	d1ee      	bne.n	20006f1a <check_sys_clock_khz+0x1e>
20006f3c:	4b14      	ldr	r3, [pc, #80]	@ (20006f90 <check_sys_clock_khz+0x94>)
20006f3e:	464a      	mov	r2, r9
20006f40:	4353      	muls	r3, r2
20006f42:	4652      	mov	r2, sl
20006f44:	6013      	str	r3, [r2, #0]
20006f46:	465b      	mov	r3, fp
20006f48:	601f      	str	r7, [r3, #0]
20006f4a:	9b01      	ldr	r3, [sp, #4]
20006f4c:	601c      	str	r4, [r3, #0]
20006f4e:	2001      	movs	r0, #1
20006f50:	b003      	add	sp, #12
20006f52:	bcf0      	pop	{r4, r5, r6, r7}
20006f54:	46bb      	mov	fp, r7
20006f56:	46b2      	mov	sl, r6
20006f58:	46a9      	mov	r9, r5
20006f5a:	46a0      	mov	r8, r4
20006f5c:	bdf0      	pop	{r4, r5, r6, r7, pc}
20006f5e:	3f01      	subs	r7, #1
20006f60:	2f00      	cmp	r7, #0
20006f62:	d001      	beq.n	20006f68 <check_sys_clock_khz+0x6c>
20006f64:	003c      	movs	r4, r7
20006f66:	e7d9      	b.n	20006f1c <check_sys_clock_khz+0x20>
20006f68:	2301      	movs	r3, #1
20006f6a:	425b      	negs	r3, r3
20006f6c:	469c      	mov	ip, r3
20006f6e:	44e1      	add	r9, ip
20006f70:	464b      	mov	r3, r9
20006f72:	2b0f      	cmp	r3, #15
20006f74:	d909      	bls.n	20006f8a <check_sys_clock_khz+0x8e>
20006f76:	4e07      	ldr	r6, [pc, #28]	@ (20006f94 <check_sys_clock_khz+0x98>)
20006f78:	464b      	mov	r3, r9
20006f7a:	435e      	muls	r6, r3
20006f7c:	4b06      	ldr	r3, [pc, #24]	@ (20006f98 <check_sys_clock_khz+0x9c>)
20006f7e:	18f2      	adds	r2, r6, r3
20006f80:	4b06      	ldr	r3, [pc, #24]	@ (20006f9c <check_sys_clock_khz+0xa0>)
20006f82:	429a      	cmp	r2, r3
20006f84:	d8f0      	bhi.n	20006f68 <check_sys_clock_khz+0x6c>
20006f86:	2707      	movs	r7, #7
20006f88:	e7ea      	b.n	20006f60 <check_sys_clock_khz+0x64>
20006f8a:	2000      	movs	r0, #0
20006f8c:	e7e0      	b.n	20006f50 <check_sys_clock_khz+0x54>
20006f8e:	46c0      	nop			@ (mov r8, r8)
20006f90:	00b71b00 	.word	0x00b71b00
20006f94:	00002ee0 	.word	0x00002ee0
20006f98:	fff48e50 	.word	0xfff48e50
20006f9c:	000cf850 	.word	0x000cf850

20006fa0 <pll_init>:
20006fa0:	b5f0      	push	{r4, r5, r6, r7, lr}
20006fa2:	46c6      	mov	lr, r8
20006fa4:	b500      	push	{lr}
20006fa6:	0004      	movs	r4, r0
20006fa8:	000e      	movs	r6, r1
20006faa:	0017      	movs	r7, r2
20006fac:	001d      	movs	r5, r3
20006fae:	4837      	ldr	r0, [pc, #220]	@ (2000708c <pll_init+0xec>)
20006fb0:	f000 fa98 	bl	200074e4 <__wrap___aeabi_uidiv>
20006fb4:	4680      	mov	r8, r0
20006fb6:	4b36      	ldr	r3, [pc, #216]	@ (20007090 <pll_init+0xf0>)
20006fb8:	18fa      	adds	r2, r7, r3
20006fba:	4b36      	ldr	r3, [pc, #216]	@ (20007094 <pll_init+0xf4>)
20006fbc:	429a      	cmp	r2, r3
20006fbe:	d839      	bhi.n	20007034 <pll_init+0x94>
20006fc0:	0001      	movs	r1, r0
20006fc2:	0038      	movs	r0, r7
20006fc4:	f000 fa8e 	bl	200074e4 <__wrap___aeabi_uidiv>
20006fc8:	0002      	movs	r2, r0
20006fca:	3a10      	subs	r2, #16
20006fcc:	2398      	movs	r3, #152	@ 0x98
20006fce:	005b      	lsls	r3, r3, #1
20006fd0:	429a      	cmp	r2, r3
20006fd2:	d835      	bhi.n	20007040 <pll_init+0xa0>
20006fd4:	1e6b      	subs	r3, r5, #1
20006fd6:	2b06      	cmp	r3, #6
20006fd8:	d838      	bhi.n	2000704c <pll_init+0xac>
20006fda:	9b06      	ldr	r3, [sp, #24]
20006fdc:	3b01      	subs	r3, #1
20006fde:	2b06      	cmp	r3, #6
20006fe0:	d834      	bhi.n	2000704c <pll_init+0xac>
20006fe2:	093f      	lsrs	r7, r7, #4
20006fe4:	4547      	cmp	r7, r8
20006fe6:	d337      	bcc.n	20007058 <pll_init+0xb8>
20006fe8:	042d      	lsls	r5, r5, #16
20006fea:	9b06      	ldr	r3, [sp, #24]
20006fec:	031b      	lsls	r3, r3, #12
20006fee:	431d      	orrs	r5, r3
20006ff0:	6823      	ldr	r3, [r4, #0]
20006ff2:	2b00      	cmp	r3, #0
20006ff4:	db36      	blt.n	20007064 <pll_init+0xc4>
20006ff6:	4b28      	ldr	r3, [pc, #160]	@ (20007098 <pll_init+0xf8>)
20006ff8:	429c      	cmp	r4, r3
20006ffa:	d044      	beq.n	20007086 <pll_init+0xe6>
20006ffc:	220c      	movs	r2, #12
20006ffe:	2301      	movs	r3, #1
20007000:	4093      	lsls	r3, r2
20007002:	4a26      	ldr	r2, [pc, #152]	@ (2000709c <pll_init+0xfc>)
20007004:	6013      	str	r3, [r2, #0]
20007006:	4a26      	ldr	r2, [pc, #152]	@ (200070a0 <pll_init+0x100>)
20007008:	6013      	str	r3, [r2, #0]
2000700a:	4a26      	ldr	r2, [pc, #152]	@ (200070a4 <pll_init+0x104>)
2000700c:	6812      	ldr	r2, [r2, #0]
2000700e:	0019      	movs	r1, r3
20007010:	4391      	bics	r1, r2
20007012:	1e0a      	subs	r2, r1, #0
20007014:	d1f9      	bne.n	2000700a <pll_init+0x6a>
20007016:	6026      	str	r6, [r4, #0]
20007018:	60a0      	str	r0, [r4, #8]
2000701a:	4b23      	ldr	r3, [pc, #140]	@ (200070a8 <pll_init+0x108>)
2000701c:	18e3      	adds	r3, r4, r3
2000701e:	3221      	adds	r2, #33	@ 0x21
20007020:	601a      	str	r2, [r3, #0]
20007022:	6822      	ldr	r2, [r4, #0]
20007024:	2a00      	cmp	r2, #0
20007026:	dafc      	bge.n	20007022 <pll_init+0x82>
20007028:	60e5      	str	r5, [r4, #12]
2000702a:	2208      	movs	r2, #8
2000702c:	601a      	str	r2, [r3, #0]
2000702e:	bc80      	pop	{r7}
20007030:	46b8      	mov	r8, r7
20007032:	bdf0      	pop	{r4, r5, r6, r7, pc}
20007034:	4b1d      	ldr	r3, [pc, #116]	@ (200070ac <pll_init+0x10c>)
20007036:	4a1e      	ldr	r2, [pc, #120]	@ (200070b0 <pll_init+0x110>)
20007038:	481e      	ldr	r0, [pc, #120]	@ (200070b4 <pll_init+0x114>)
2000703a:	2111      	movs	r1, #17
2000703c:	f002 fb78 	bl	20009730 <__assert_func>
20007040:	4b1d      	ldr	r3, [pc, #116]	@ (200070b8 <pll_init+0x118>)
20007042:	4a1b      	ldr	r2, [pc, #108]	@ (200070b0 <pll_init+0x110>)
20007044:	481b      	ldr	r0, [pc, #108]	@ (200070b4 <pll_init+0x114>)
20007046:	2119      	movs	r1, #25
20007048:	f002 fb72 	bl	20009730 <__assert_func>
2000704c:	4b1b      	ldr	r3, [pc, #108]	@ (200070bc <pll_init+0x11c>)
2000704e:	4a18      	ldr	r2, [pc, #96]	@ (200070b0 <pll_init+0x110>)
20007050:	4818      	ldr	r0, [pc, #96]	@ (200070b4 <pll_init+0x114>)
20007052:	211c      	movs	r1, #28
20007054:	f002 fb6c 	bl	20009730 <__assert_func>
20007058:	4b19      	ldr	r3, [pc, #100]	@ (200070c0 <pll_init+0x120>)
2000705a:	4a15      	ldr	r2, [pc, #84]	@ (200070b0 <pll_init+0x110>)
2000705c:	4815      	ldr	r0, [pc, #84]	@ (200070b4 <pll_init+0x114>)
2000705e:	2123      	movs	r1, #35	@ 0x23
20007060:	f002 fb66 	bl	20009730 <__assert_func>
20007064:	6822      	ldr	r2, [r4, #0]
20007066:	233f      	movs	r3, #63	@ 0x3f
20007068:	4013      	ands	r3, r2
2000706a:	42b3      	cmp	r3, r6
2000706c:	d1c3      	bne.n	20006ff6 <pll_init+0x56>
2000706e:	68a3      	ldr	r3, [r4, #8]
20007070:	051b      	lsls	r3, r3, #20
20007072:	0d1b      	lsrs	r3, r3, #20
20007074:	4283      	cmp	r3, r0
20007076:	d1be      	bne.n	20006ff6 <pll_init+0x56>
20007078:	68e3      	ldr	r3, [r4, #12]
2000707a:	22ee      	movs	r2, #238	@ 0xee
2000707c:	02d2      	lsls	r2, r2, #11
2000707e:	4013      	ands	r3, r2
20007080:	42ab      	cmp	r3, r5
20007082:	d1b8      	bne.n	20006ff6 <pll_init+0x56>
20007084:	e7d3      	b.n	2000702e <pll_init+0x8e>
20007086:	220d      	movs	r2, #13
20007088:	e7b9      	b.n	20006ffe <pll_init+0x5e>
2000708a:	46c0      	nop			@ (mov r8, r8)
2000708c:	00b71b00 	.word	0x00b71b00
20007090:	d34be880 	.word	0xd34be880
20007094:	32a9f880 	.word	0x32a9f880
20007098:	4002c000 	.word	0x4002c000
2000709c:	4000e000 	.word	0x4000e000
200070a0:	4000f000 	.word	0x4000f000
200070a4:	4000c008 	.word	0x4000c008
200070a8:	00003004 	.word	0x00003004
200070ac:	2000ce94 	.word	0x2000ce94
200070b0:	2000d7e8 	.word	0x2000d7e8
200070b4:	2000cee4 	.word	0x2000cee4
200070b8:	2000cf2c 	.word	0x2000cf2c
200070bc:	2000cf48 	.word	0x2000cf48
200070c0:	2000cf94 	.word	0x2000cf94

200070c4 <vreg_set_voltage>:
200070c4:	0100      	lsls	r0, r0, #4
200070c6:	4b04      	ldr	r3, [pc, #16]	@ (200070d8 <vreg_set_voltage+0x14>)
200070c8:	681b      	ldr	r3, [r3, #0]
200070ca:	4058      	eors	r0, r3
200070cc:	23f0      	movs	r3, #240	@ 0xf0
200070ce:	4003      	ands	r3, r0
200070d0:	4a02      	ldr	r2, [pc, #8]	@ (200070dc <vreg_set_voltage+0x18>)
200070d2:	6013      	str	r3, [r2, #0]
200070d4:	4770      	bx	lr
200070d6:	46c0      	nop			@ (mov r8, r8)
200070d8:	40064000 	.word	0x40064000
200070dc:	40065000 	.word	0x40065000

200070e0 <watchdog_update>:
200070e0:	4b02      	ldr	r3, [pc, #8]	@ (200070ec <watchdog_update+0xc>)
200070e2:	681a      	ldr	r2, [r3, #0]
200070e4:	4b02      	ldr	r3, [pc, #8]	@ (200070f0 <watchdog_update+0x10>)
200070e6:	605a      	str	r2, [r3, #4]
200070e8:	4770      	bx	lr
200070ea:	46c0      	nop			@ (mov r8, r8)
200070ec:	2000fdc4 	.word	0x2000fdc4
200070f0:	40058000 	.word	0x40058000

200070f4 <_watchdog_enable>:
200070f4:	b510      	push	{r4, lr}
200070f6:	4b17      	ldr	r3, [pc, #92]	@ (20007154 <_watchdog_enable+0x60>)
200070f8:	2280      	movs	r2, #128	@ 0x80
200070fa:	05d2      	lsls	r2, r2, #23
200070fc:	601a      	str	r2, [r3, #0]
200070fe:	4b16      	ldr	r3, [pc, #88]	@ (20007158 <_watchdog_enable+0x64>)
20007100:	4a16      	ldr	r2, [pc, #88]	@ (2000715c <_watchdog_enable+0x68>)
20007102:	601a      	str	r2, [r3, #0]
20007104:	2900      	cmp	r1, #0
20007106:	d00a      	beq.n	2000711e <_watchdog_enable+0x2a>
20007108:	4b15      	ldr	r3, [pc, #84]	@ (20007160 <_watchdog_enable+0x6c>)
2000710a:	22e0      	movs	r2, #224	@ 0xe0
2000710c:	04d2      	lsls	r2, r2, #19
2000710e:	601a      	str	r2, [r3, #0]
20007110:	2800      	cmp	r0, #0
20007112:	d109      	bne.n	20007128 <_watchdog_enable+0x34>
20007114:	4b12      	ldr	r3, [pc, #72]	@ (20007160 <_watchdog_enable+0x6c>)
20007116:	2280      	movs	r2, #128	@ 0x80
20007118:	0612      	lsls	r2, r2, #24
2000711a:	601a      	str	r2, [r3, #0]
2000711c:	bd10      	pop	{r4, pc}
2000711e:	4b0d      	ldr	r3, [pc, #52]	@ (20007154 <_watchdog_enable+0x60>)
20007120:	22e0      	movs	r2, #224	@ 0xe0
20007122:	04d2      	lsls	r2, r2, #19
20007124:	601a      	str	r2, [r3, #0]
20007126:	e7f3      	b.n	20007110 <_watchdog_enable+0x1c>
20007128:	0143      	lsls	r3, r0, #5
2000712a:	1a1b      	subs	r3, r3, r0
2000712c:	009b      	lsls	r3, r3, #2
2000712e:	1818      	adds	r0, r3, r0
20007130:	0100      	lsls	r0, r0, #4
20007132:	4b0c      	ldr	r3, [pc, #48]	@ (20007164 <_watchdog_enable+0x70>)
20007134:	6018      	str	r0, [r3, #0]
20007136:	2380      	movs	r3, #128	@ 0x80
20007138:	045b      	lsls	r3, r3, #17
2000713a:	4298      	cmp	r0, r3
2000713c:	d302      	bcc.n	20007144 <_watchdog_enable+0x50>
2000713e:	4b09      	ldr	r3, [pc, #36]	@ (20007164 <_watchdog_enable+0x70>)
20007140:	4a09      	ldr	r2, [pc, #36]	@ (20007168 <_watchdog_enable+0x74>)
20007142:	601a      	str	r2, [r3, #0]
20007144:	f7ff ffcc 	bl	200070e0 <watchdog_update>
20007148:	4b05      	ldr	r3, [pc, #20]	@ (20007160 <_watchdog_enable+0x6c>)
2000714a:	2280      	movs	r2, #128	@ 0x80
2000714c:	05d2      	lsls	r2, r2, #23
2000714e:	601a      	str	r2, [r3, #0]
20007150:	e7e4      	b.n	2000711c <_watchdog_enable+0x28>
20007152:	46c0      	nop			@ (mov r8, r8)
20007154:	4005b000 	.word	0x4005b000
20007158:	40012008 	.word	0x40012008
2000715c:	0001fffc 	.word	0x0001fffc
20007160:	4005a000 	.word	0x4005a000
20007164:	2000fdc4 	.word	0x2000fdc4
20007168:	00ffffff 	.word	0x00ffffff

2000716c <watchdog_enable>:
2000716c:	b510      	push	{r4, lr}
2000716e:	4b03      	ldr	r3, [pc, #12]	@ (2000717c <watchdog_enable+0x10>)
20007170:	4a03      	ldr	r2, [pc, #12]	@ (20007180 <watchdog_enable+0x14>)
20007172:	61da      	str	r2, [r3, #28]
20007174:	f7ff ffbe 	bl	200070f4 <_watchdog_enable>
20007178:	bd10      	pop	{r4, pc}
2000717a:	46c0      	nop			@ (mov r8, r8)
2000717c:	40058000 	.word	0x40058000
20007180:	6ab73121 	.word	0x6ab73121

20007184 <watchdog_disable>:
20007184:	4b02      	ldr	r3, [pc, #8]	@ (20007190 <watchdog_disable+0xc>)
20007186:	2280      	movs	r2, #128	@ 0x80
20007188:	05d2      	lsls	r2, r2, #23
2000718a:	601a      	str	r2, [r3, #0]
2000718c:	4770      	bx	lr
2000718e:	46c0      	nop			@ (mov r8, r8)
20007190:	4005b000 	.word	0x4005b000

20007194 <watchdog_reboot>:
20007194:	b510      	push	{r4, lr}
20007196:	0003      	movs	r3, r0
20007198:	000c      	movs	r4, r1
2000719a:	0010      	movs	r0, r2
2000719c:	4a0b      	ldr	r2, [pc, #44]	@ (200071cc <watchdog_reboot+0x38>)
2000719e:	2180      	movs	r1, #128	@ 0x80
200071a0:	05c9      	lsls	r1, r1, #23
200071a2:	6011      	str	r1, [r2, #0]
200071a4:	2b00      	cmp	r3, #0
200071a6:	d00d      	beq.n	200071c4 <watchdog_reboot+0x30>
200071a8:	2201      	movs	r2, #1
200071aa:	4313      	orrs	r3, r2
200071ac:	4a08      	ldr	r2, [pc, #32]	@ (200071d0 <watchdog_reboot+0x3c>)
200071ae:	4909      	ldr	r1, [pc, #36]	@ (200071d4 <watchdog_reboot+0x40>)
200071b0:	61d1      	str	r1, [r2, #28]
200071b2:	4909      	ldr	r1, [pc, #36]	@ (200071d8 <watchdog_reboot+0x44>)
200071b4:	4059      	eors	r1, r3
200071b6:	6211      	str	r1, [r2, #32]
200071b8:	6254      	str	r4, [r2, #36]	@ 0x24
200071ba:	6293      	str	r3, [r2, #40]	@ 0x28
200071bc:	2100      	movs	r1, #0
200071be:	f7ff ff99 	bl	200070f4 <_watchdog_enable>
200071c2:	bd10      	pop	{r4, pc}
200071c4:	4b02      	ldr	r3, [pc, #8]	@ (200071d0 <watchdog_reboot+0x3c>)
200071c6:	2200      	movs	r2, #0
200071c8:	61da      	str	r2, [r3, #28]
200071ca:	e7f7      	b.n	200071bc <watchdog_reboot+0x28>
200071cc:	4005b000 	.word	0x4005b000
200071d0:	40058000 	.word	0x40058000
200071d4:	b007c0d3 	.word	0xb007c0d3
200071d8:	4ff83f2d 	.word	0x4ff83f2d

200071dc <tick_start>:
200071dc:	2380      	movs	r3, #128	@ 0x80
200071de:	009b      	lsls	r3, r3, #2
200071e0:	430b      	orrs	r3, r1
200071e2:	4a01      	ldr	r2, [pc, #4]	@ (200071e8 <tick_start+0xc>)
200071e4:	62d3      	str	r3, [r2, #44]	@ 0x2c
200071e6:	4770      	bx	lr
200071e8:	40058000 	.word	0x40058000

200071ec <rom_func_lookup>:
200071ec:	b510      	push	{r4, lr}
200071ee:	0001      	movs	r1, r0
200071f0:	2318      	movs	r3, #24
200071f2:	881b      	ldrh	r3, [r3, #0]
200071f4:	2214      	movs	r2, #20
200071f6:	8810      	ldrh	r0, [r2, #0]
200071f8:	4798      	blx	r3
200071fa:	bd10      	pop	{r4, pc}

200071fc <rom_data_lookup>:
200071fc:	b510      	push	{r4, lr}
200071fe:	0001      	movs	r1, r0
20007200:	2318      	movs	r3, #24
20007202:	881b      	ldrh	r3, [r3, #0]
20007204:	2216      	movs	r2, #22
20007206:	8810      	ldrh	r0, [r2, #0]
20007208:	4798      	blx	r3
2000720a:	bd10      	pop	{r4, pc}

2000720c <rom_funcs_lookup>:
2000720c:	b5f0      	push	{r4, r5, r6, r7, lr}
2000720e:	46c6      	mov	lr, r8
20007210:	b500      	push	{lr}
20007212:	0007      	movs	r7, r0
20007214:	000e      	movs	r6, r1
20007216:	2500      	movs	r5, #0
20007218:	2301      	movs	r3, #1
2000721a:	4698      	mov	r8, r3
2000721c:	e000      	b.n	20007220 <rom_funcs_lookup+0x14>
2000721e:	3501      	adds	r5, #1
20007220:	42b5      	cmp	r5, r6
20007222:	d20a      	bcs.n	2000723a <rom_funcs_lookup+0x2e>
20007224:	00ac      	lsls	r4, r5, #2
20007226:	193c      	adds	r4, r7, r4
20007228:	6820      	ldr	r0, [r4, #0]
2000722a:	f7ff ffdf 	bl	200071ec <rom_func_lookup>
2000722e:	6020      	str	r0, [r4, #0]
20007230:	2800      	cmp	r0, #0
20007232:	d1f4      	bne.n	2000721e <rom_funcs_lookup+0x12>
20007234:	2300      	movs	r3, #0
20007236:	4698      	mov	r8, r3
20007238:	e7f1      	b.n	2000721e <rom_funcs_lookup+0x12>
2000723a:	4640      	mov	r0, r8
2000723c:	bc80      	pop	{r7}
2000723e:	46b8      	mov	r8, r7
20007240:	bdf0      	pop	{r4, r5, r6, r7, pc}
	...

20007244 <rom_reset_usb_boot>:
20007244:	b570      	push	{r4, r5, r6, lr}
20007246:	0005      	movs	r5, r0
20007248:	000c      	movs	r4, r1
2000724a:	4803      	ldr	r0, [pc, #12]	@ (20007258 <rom_reset_usb_boot+0x14>)
2000724c:	f7ff ffce 	bl	200071ec <rom_func_lookup>
20007250:	0003      	movs	r3, r0
20007252:	0021      	movs	r1, r4
20007254:	0028      	movs	r0, r5
20007256:	4798      	blx	r3
20007258:	00004255 	.word	0x00004255

2000725c <xosc_init>:
2000725c:	4b07      	ldr	r3, [pc, #28]	@ (2000727c <xosc_init+0x20>)
2000725e:	22aa      	movs	r2, #170	@ 0xaa
20007260:	0112      	lsls	r2, r2, #4
20007262:	601a      	str	r2, [r3, #0]
20007264:	228d      	movs	r2, #141	@ 0x8d
20007266:	0052      	lsls	r2, r2, #1
20007268:	60da      	str	r2, [r3, #12]
2000726a:	4b05      	ldr	r3, [pc, #20]	@ (20007280 <xosc_init+0x24>)
2000726c:	4a05      	ldr	r2, [pc, #20]	@ (20007284 <xosc_init+0x28>)
2000726e:	601a      	str	r2, [r3, #0]
20007270:	4b02      	ldr	r3, [pc, #8]	@ (2000727c <xosc_init+0x20>)
20007272:	685b      	ldr	r3, [r3, #4]
20007274:	2b00      	cmp	r3, #0
20007276:	dafb      	bge.n	20007270 <xosc_init+0x14>
20007278:	4770      	bx	lr
2000727a:	46c0      	nop			@ (mov r8, r8)
2000727c:	40024000 	.word	0x40024000
20007280:	40026000 	.word	0x40026000
20007284:	00fab000 	.word	0x00fab000

20007288 <runtime_run_initializers_from>:
20007288:	b510      	push	{r4, lr}
2000728a:	0004      	movs	r4, r0
2000728c:	e001      	b.n	20007292 <runtime_run_initializers_from+0xa>
2000728e:	cc08      	ldmia	r4!, {r3}
20007290:	4798      	blx	r3
20007292:	4b02      	ldr	r3, [pc, #8]	@ (2000729c <runtime_run_initializers_from+0x14>)
20007294:	429c      	cmp	r4, r3
20007296:	d3fa      	bcc.n	2000728e <runtime_run_initializers_from+0x6>
20007298:	bd10      	pop	{r4, pc}
2000729a:	46c0      	nop			@ (mov r8, r8)
2000729c:	2000e0c8 	.word	0x2000e0c8

200072a0 <first_per_core_initializer>:
200072a0:	4770      	bx	lr
	...

200072a4 <runtime_run_initializers>:
200072a4:	b510      	push	{r4, lr}
200072a6:	4802      	ldr	r0, [pc, #8]	@ (200072b0 <runtime_run_initializers+0xc>)
200072a8:	f7ff ffee 	bl	20007288 <runtime_run_initializers_from>
200072ac:	bd10      	pop	{r4, pc}
200072ae:	46c0      	nop			@ (mov r8, r8)
200072b0:	2000e088 	.word	0x2000e088

200072b4 <runtime_run_per_core_initializers>:
200072b4:	b510      	push	{r4, lr}
200072b6:	4802      	ldr	r0, [pc, #8]	@ (200072c0 <runtime_run_per_core_initializers+0xc>)
200072b8:	f7ff ffe6 	bl	20007288 <runtime_run_initializers_from>
200072bc:	bd10      	pop	{r4, pc}
200072be:	46c0      	nop			@ (mov r8, r8)
200072c0:	2000e0bc 	.word	0x2000e0bc

200072c4 <runtime_init_early_resets>:
200072c4:	4b05      	ldr	r3, [pc, #20]	@ (200072dc <runtime_init_early_resets+0x18>)
200072c6:	4a06      	ldr	r2, [pc, #24]	@ (200072e0 <runtime_init_early_resets+0x1c>)
200072c8:	601a      	str	r2, [r3, #0]
200072ca:	4b06      	ldr	r3, [pc, #24]	@ (200072e4 <runtime_init_early_resets+0x20>)
200072cc:	4a06      	ldr	r2, [pc, #24]	@ (200072e8 <runtime_init_early_resets+0x24>)
200072ce:	601a      	str	r2, [r3, #0]
200072d0:	4b06      	ldr	r3, [pc, #24]	@ (200072ec <runtime_init_early_resets+0x28>)
200072d2:	681a      	ldr	r2, [r3, #0]
200072d4:	4b04      	ldr	r3, [pc, #16]	@ (200072e8 <runtime_init_early_resets+0x24>)
200072d6:	4393      	bics	r3, r2
200072d8:	d1fa      	bne.n	200072d0 <runtime_init_early_resets+0xc>
200072da:	4770      	bx	lr
200072dc:	4000e000 	.word	0x4000e000
200072e0:	fefbcdbf 	.word	0xfefbcdbf
200072e4:	4000f000 	.word	0x4000f000
200072e8:	003c7ffe 	.word	0x003c7ffe
200072ec:	4000c008 	.word	0x4000c008

200072f0 <runtime_init_usb_power_down>:
200072f0:	4b04      	ldr	r3, [pc, #16]	@ (20007304 <runtime_init_usb_power_down+0x14>)
200072f2:	6cdb      	ldr	r3, [r3, #76]	@ 0x4c
200072f4:	2b00      	cmp	r3, #0
200072f6:	d103      	bne.n	20007300 <runtime_init_usb_power_down+0x10>
200072f8:	4b03      	ldr	r3, [pc, #12]	@ (20007308 <runtime_init_usb_power_down+0x18>)
200072fa:	2280      	movs	r2, #128	@ 0x80
200072fc:	02d2      	lsls	r2, r2, #11
200072fe:	601a      	str	r2, [r3, #0]
20007300:	4770      	bx	lr
20007302:	46c0      	nop			@ (mov r8, r8)
20007304:	50110000 	.word	0x50110000
20007308:	5011204c 	.word	0x5011204c

2000730c <runtime_init_post_clock_resets>:
2000730c:	4b04      	ldr	r3, [pc, #16]	@ (20007320 <runtime_init_post_clock_resets+0x14>)
2000730e:	4a05      	ldr	r2, [pc, #20]	@ (20007324 <runtime_init_post_clock_resets+0x18>)
20007310:	601a      	str	r2, [r3, #0]
20007312:	4b05      	ldr	r3, [pc, #20]	@ (20007328 <runtime_init_post_clock_resets+0x1c>)
20007314:	681b      	ldr	r3, [r3, #0]
20007316:	43db      	mvns	r3, r3
20007318:	01db      	lsls	r3, r3, #7
2000731a:	d1fa      	bne.n	20007312 <runtime_init_post_clock_resets+0x6>
2000731c:	4770      	bx	lr
2000731e:	46c0      	nop			@ (mov r8, r8)
20007320:	4000f000 	.word	0x4000f000
20007324:	01ffffff 	.word	0x01ffffff
20007328:	4000c008 	.word	0x4000c008

2000732c <runtime_init_rp2040_gpio_ie_disable>:
2000732c:	4b03      	ldr	r3, [pc, #12]	@ (2000733c <runtime_init_rp2040_gpio_ie_disable+0x10>)
2000732e:	2240      	movs	r2, #64	@ 0x40
20007330:	679a      	str	r2, [r3, #120]	@ 0x78
20007332:	675a      	str	r2, [r3, #116]	@ 0x74
20007334:	671a      	str	r2, [r3, #112]	@ 0x70
20007336:	66da      	str	r2, [r3, #108]	@ 0x6c
20007338:	4770      	bx	lr
2000733a:	46c0      	nop			@ (mov r8, r8)
2000733c:	4001f000 	.word	0x4001f000

20007340 <runtime_init_spin_locks_reset>:
20007340:	b510      	push	{r4, lr}
20007342:	f7fe fc2d 	bl	20005ba0 <spin_locks_reset>
20007346:	bd10      	pop	{r4, pc}

20007348 <runtime_init_install_ram_vector_table>:
20007348:	b510      	push	{r4, lr}
2000734a:	4c0c      	ldr	r4, [pc, #48]	@ (2000737c <runtime_init_install_ram_vector_table+0x34>)
2000734c:	4b0c      	ldr	r3, [pc, #48]	@ (20007380 <runtime_init_install_ram_vector_table+0x38>)
2000734e:	1ae4      	subs	r4, r4, r3
20007350:	08a4      	lsrs	r4, r4, #2
20007352:	0022      	movs	r2, r4
20007354:	2c30      	cmp	r4, #48	@ 0x30
20007356:	d900      	bls.n	2000735a <runtime_init_install_ram_vector_table+0x12>
20007358:	2230      	movs	r2, #48	@ 0x30
2000735a:	0092      	lsls	r2, r2, #2
2000735c:	4809      	ldr	r0, [pc, #36]	@ (20007384 <runtime_init_install_ram_vector_table+0x3c>)
2000735e:	4908      	ldr	r1, [pc, #32]	@ (20007380 <runtime_init_install_ram_vector_table+0x38>)
20007360:	f001 f874 	bl	2000844c <__wrap___aeabi_memcpy>
20007364:	e004      	b.n	20007370 <runtime_init_install_ram_vector_table+0x28>
20007366:	4a08      	ldr	r2, [pc, #32]	@ (20007388 <runtime_init_install_ram_vector_table+0x40>)
20007368:	4b06      	ldr	r3, [pc, #24]	@ (20007384 <runtime_init_install_ram_vector_table+0x3c>)
2000736a:	00a1      	lsls	r1, r4, #2
2000736c:	50ca      	str	r2, [r1, r3]
2000736e:	3401      	adds	r4, #1
20007370:	2c2f      	cmp	r4, #47	@ 0x2f
20007372:	d9f8      	bls.n	20007366 <runtime_init_install_ram_vector_table+0x1e>
20007374:	4b03      	ldr	r3, [pc, #12]	@ (20007384 <runtime_init_install_ram_vector_table+0x3c>)
20007376:	4a05      	ldr	r2, [pc, #20]	@ (2000738c <runtime_init_install_ram_vector_table+0x44>)
20007378:	6093      	str	r3, [r2, #8]
2000737a:	bd10      	pop	{r4, pc}
2000737c:	100001c0 	.word	0x100001c0
20007380:	10000100 	.word	0x10000100
20007384:	20000000 	.word	0x20000000
20007388:	100001c1 	.word	0x100001c1
2000738c:	e000ed00 	.word	0xe000ed00

20007390 <start_all_ticks>:
20007390:	b570      	push	{r4, r5, r6, lr}
20007392:	2004      	movs	r0, #4
20007394:	f7ff fd58 	bl	20006e48 <clock_get_hz>
20007398:	4906      	ldr	r1, [pc, #24]	@ (200073b4 <start_all_ticks+0x24>)
2000739a:	f000 f8a3 	bl	200074e4 <__wrap___aeabi_uidiv>
2000739e:	0005      	movs	r5, r0
200073a0:	2400      	movs	r4, #0
200073a2:	2c00      	cmp	r4, #0
200073a4:	dd00      	ble.n	200073a8 <start_all_ticks+0x18>
200073a6:	bd70      	pop	{r4, r5, r6, pc}
200073a8:	b2e0      	uxtb	r0, r4
200073aa:	0029      	movs	r1, r5
200073ac:	f7ff ff16 	bl	200071dc <tick_start>
200073b0:	3401      	adds	r4, #1
200073b2:	e7f6      	b.n	200073a2 <start_all_ticks+0x12>
200073b4:	000f4240 	.word	0x000f4240

200073b8 <runtime_init_clocks>:
200073b8:	b530      	push	{r4, r5, lr}
200073ba:	b083      	sub	sp, #12
200073bc:	4b27      	ldr	r3, [pc, #156]	@ (2000745c <runtime_init_clocks+0xa4>)
200073be:	2200      	movs	r2, #0
200073c0:	679a      	str	r2, [r3, #120]	@ 0x78
200073c2:	f7ff ff4b 	bl	2000725c <xosc_init>
200073c6:	4b26      	ldr	r3, [pc, #152]	@ (20007460 <runtime_init_clocks+0xa8>)
200073c8:	2201      	movs	r2, #1
200073ca:	601a      	str	r2, [r3, #0]
200073cc:	4b23      	ldr	r3, [pc, #140]	@ (2000745c <runtime_init_clocks+0xa4>)
200073ce:	6c5b      	ldr	r3, [r3, #68]	@ 0x44
200073d0:	2b01      	cmp	r3, #1
200073d2:	d1fb      	bne.n	200073cc <runtime_init_clocks+0x14>
200073d4:	4b23      	ldr	r3, [pc, #140]	@ (20007464 <runtime_init_clocks+0xac>)
200073d6:	2203      	movs	r2, #3
200073d8:	601a      	str	r2, [r3, #0]
200073da:	4b20      	ldr	r3, [pc, #128]	@ (2000745c <runtime_init_clocks+0xa4>)
200073dc:	6b9b      	ldr	r3, [r3, #56]	@ 0x38
200073de:	2b01      	cmp	r3, #1
200073e0:	d1fb      	bne.n	200073da <runtime_init_clocks+0x22>
200073e2:	3301      	adds	r3, #1
200073e4:	9300      	str	r3, [sp, #0]
200073e6:	3304      	adds	r3, #4
200073e8:	4a1f      	ldr	r2, [pc, #124]	@ (20007468 <runtime_init_clocks+0xb0>)
200073ea:	2101      	movs	r1, #1
200073ec:	481f      	ldr	r0, [pc, #124]	@ (2000746c <runtime_init_clocks+0xb4>)
200073ee:	f7ff fdd7 	bl	20006fa0 <pll_init>
200073f2:	2305      	movs	r3, #5
200073f4:	9300      	str	r3, [sp, #0]
200073f6:	4a1e      	ldr	r2, [pc, #120]	@ (20007470 <runtime_init_clocks+0xb8>)
200073f8:	2101      	movs	r1, #1
200073fa:	481e      	ldr	r0, [pc, #120]	@ (20007474 <runtime_init_clocks+0xbc>)
200073fc:	f7ff fdd0 	bl	20006fa0 <pll_init>
20007400:	4b1d      	ldr	r3, [pc, #116]	@ (20007478 <runtime_init_clocks+0xc0>)
20007402:	2200      	movs	r2, #0
20007404:	2102      	movs	r1, #2
20007406:	2004      	movs	r0, #4
20007408:	f7ff fd14 	bl	20006e34 <clock_configure_undivided>
2000740c:	4d1b      	ldr	r5, [pc, #108]	@ (2000747c <runtime_init_clocks+0xc4>)
2000740e:	002b      	movs	r3, r5
20007410:	2200      	movs	r2, #0
20007412:	2101      	movs	r1, #1
20007414:	2005      	movs	r0, #5
20007416:	f7ff fd0d 	bl	20006e34 <clock_configure_undivided>
2000741a:	4c19      	ldr	r4, [pc, #100]	@ (20007480 <runtime_init_clocks+0xc8>)
2000741c:	0023      	movs	r3, r4
2000741e:	2200      	movs	r2, #0
20007420:	2100      	movs	r1, #0
20007422:	2007      	movs	r0, #7
20007424:	f7ff fd06 	bl	20006e34 <clock_configure_undivided>
20007428:	0023      	movs	r3, r4
2000742a:	2200      	movs	r2, #0
2000742c:	2100      	movs	r1, #0
2000742e:	2008      	movs	r0, #8
20007430:	f7ff fd00 	bl	20006e34 <clock_configure_undivided>
20007434:	2380      	movs	r3, #128	@ 0x80
20007436:	00db      	lsls	r3, r3, #3
20007438:	9300      	str	r3, [sp, #0]
2000743a:	0023      	movs	r3, r4
2000743c:	2200      	movs	r2, #0
2000743e:	2100      	movs	r1, #0
20007440:	2009      	movs	r0, #9
20007442:	f7ff fce3 	bl	20006e0c <clock_configure_int_divider>
20007446:	002b      	movs	r3, r5
20007448:	2200      	movs	r2, #0
2000744a:	2100      	movs	r1, #0
2000744c:	2006      	movs	r0, #6
2000744e:	f7ff fcf1 	bl	20006e34 <clock_configure_undivided>
20007452:	f7ff ff9d 	bl	20007390 <start_all_ticks>
20007456:	b003      	add	sp, #12
20007458:	bd30      	pop	{r4, r5, pc}
2000745a:	46c0      	nop			@ (mov r8, r8)
2000745c:	40008000 	.word	0x40008000
20007460:	4000b03c 	.word	0x4000b03c
20007464:	4000b030 	.word	0x4000b030
20007468:	59682f00 	.word	0x59682f00
2000746c:	40028000 	.word	0x40028000
20007470:	47868c00 	.word	0x47868c00
20007474:	4002c000 	.word	0x4002c000
20007478:	00b71b00 	.word	0x00b71b00
2000747c:	07735940 	.word	0x07735940
20007480:	02dc6c00 	.word	0x02dc6c00

20007484 <__aeabi_bits_init>:
20007484:	4801      	ldr	r0, [pc, #4]	@ (2000748c <__aeabi_bits_init+0x8>)
20007486:	2104      	movs	r1, #4
20007488:	4b01      	ldr	r3, [pc, #4]	@ (20007490 <__aeabi_bits_init+0xc>)
2000748a:	4718      	bx	r3
2000748c:	2000da20 	.word	0x2000da20
20007490:	2000720d 	.word	0x2000720d

20007494 <__wrap___aeabi_idiv>:
20007494:	4a12      	ldr	r2, [pc, #72]	@ (200074e0 <divmod_s32s32_savestate+0x18>)
20007496:	6f93      	ldr	r3, [r2, #120]	@ 0x78
20007498:	089b      	lsrs	r3, r3, #2
2000749a:	d215      	bcs.n	200074c8 <divmod_s32s32_savestate>

2000749c <divmod_s32s32_core>:
2000749c:	6690      	str	r0, [r2, #104]	@ 0x68
2000749e:	66d1      	str	r1, [r2, #108]	@ 0x6c
200074a0:	2900      	cmp	r1, #0
200074a2:	d005      	beq.n	200074b0 <divmod_s32s32_core+0x14>
200074a4:	e7ff      	b.n	200074a6 <divmod_s32s32_core+0xa>
200074a6:	e7ff      	b.n	200074a8 <divmod_s32s32_core+0xc>
200074a8:	e7ff      	b.n	200074aa <divmod_s32s32_core+0xe>
200074aa:	6f51      	ldr	r1, [r2, #116]	@ 0x74
200074ac:	6f10      	ldr	r0, [r2, #112]	@ 0x70
200074ae:	4770      	bx	lr
200074b0:	b504      	push	{r2, lr}
200074b2:	2180      	movs	r1, #128	@ 0x80
200074b4:	0609      	lsls	r1, r1, #24
200074b6:	17c2      	asrs	r2, r0, #31
200074b8:	4051      	eors	r1, r2
200074ba:	2800      	cmp	r0, #0
200074bc:	d000      	beq.n	200074c0 <divmod_s32s32_core+0x24>
200074be:	43c8      	mvns	r0, r1
200074c0:	f002 ff82 	bl	2000a3c8 <__aeabi_idiv0>
200074c4:	2100      	movs	r1, #0
200074c6:	bd04      	pop	{r2, pc}

200074c8 <divmod_s32s32_savestate>:
200074c8:	b5f0      	push	{r4, r5, r6, r7, lr}
200074ca:	6e14      	ldr	r4, [r2, #96]	@ 0x60
200074cc:	6e55      	ldr	r5, [r2, #100]	@ 0x64
200074ce:	6f57      	ldr	r7, [r2, #116]	@ 0x74
200074d0:	6f16      	ldr	r6, [r2, #112]	@ 0x70
200074d2:	f7ff ffe3 	bl	2000749c <divmod_s32s32_core>
200074d6:	6614      	str	r4, [r2, #96]	@ 0x60
200074d8:	6655      	str	r5, [r2, #100]	@ 0x64
200074da:	6757      	str	r7, [r2, #116]	@ 0x74
200074dc:	6716      	str	r6, [r2, #112]	@ 0x70
200074de:	bdf0      	pop	{r4, r5, r6, r7, pc}
200074e0:	d0000000 	.word	0xd0000000

200074e4 <__wrap___aeabi_uidiv>:
200074e4:	4a11      	ldr	r2, [pc, #68]	@ (2000752c <divmod_u32u32_savestate+0x18>)
200074e6:	6f93      	ldr	r3, [r2, #120]	@ 0x78
200074e8:	089b      	lsrs	r3, r3, #2
200074ea:	d213      	bcs.n	20007514 <divmod_u32u32_savestate>

200074ec <divmod_u32u32_core>:
200074ec:	6610      	str	r0, [r2, #96]	@ 0x60
200074ee:	6651      	str	r1, [r2, #100]	@ 0x64
200074f0:	2900      	cmp	r1, #0
200074f2:	d005      	beq.n	20007500 <divmod_u32u32_core+0x14>
200074f4:	e7ff      	b.n	200074f6 <divmod_u32u32_core+0xa>
200074f6:	e7ff      	b.n	200074f8 <divmod_u32u32_core+0xc>
200074f8:	e7ff      	b.n	200074fa <divmod_u32u32_core+0xe>
200074fa:	6f51      	ldr	r1, [r2, #116]	@ 0x74
200074fc:	6f10      	ldr	r0, [r2, #112]	@ 0x70
200074fe:	4770      	bx	lr
20007500:	b504      	push	{r2, lr}
20007502:	2800      	cmp	r0, #0
20007504:	d001      	beq.n	2000750a <divmod_u32u32_core+0x1e>
20007506:	2000      	movs	r0, #0
20007508:	43c0      	mvns	r0, r0
2000750a:	f002 ff5d 	bl	2000a3c8 <__aeabi_idiv0>
2000750e:	2100      	movs	r1, #0
20007510:	bd04      	pop	{r2, pc}
20007512:	46c0      	nop			@ (mov r8, r8)

20007514 <divmod_u32u32_savestate>:
20007514:	b5f0      	push	{r4, r5, r6, r7, lr}
20007516:	6e14      	ldr	r4, [r2, #96]	@ 0x60
20007518:	6e55      	ldr	r5, [r2, #100]	@ 0x64
2000751a:	6f57      	ldr	r7, [r2, #116]	@ 0x74
2000751c:	6f16      	ldr	r6, [r2, #112]	@ 0x70
2000751e:	f7ff ffe5 	bl	200074ec <divmod_u32u32_core>
20007522:	6614      	str	r4, [r2, #96]	@ 0x60
20007524:	6655      	str	r5, [r2, #100]	@ 0x64
20007526:	6757      	str	r7, [r2, #116]	@ 0x74
20007528:	6716      	str	r6, [r2, #112]	@ 0x70
2000752a:	bdf0      	pop	{r4, r5, r6, r7, pc}
2000752c:	d0000000 	.word	0xd0000000

20007530 <__wrap___aeabi_ldivmod>:
20007530:	4694      	mov	ip, r2
20007532:	4a4a      	ldr	r2, [pc, #296]	@ (2000765c <udiv0+0x1a>)
20007534:	6f92      	ldr	r2, [r2, #120]	@ 0x78
20007536:	0892      	lsrs	r2, r2, #2
20007538:	4662      	mov	r2, ip
2000753a:	d201      	bcs.n	20007540 <divmod_s64s64_savestate>
2000753c:	e028      	b.n	20007590 <divmod_s64s64_unsafe>
2000753e:	46c0      	nop			@ (mov r8, r8)

20007540 <divmod_s64s64_savestate>:
20007540:	b5f0      	push	{r4, r5, r6, r7, lr}
20007542:	4e46      	ldr	r6, [pc, #280]	@ (2000765c <udiv0+0x1a>)
20007544:	6e34      	ldr	r4, [r6, #96]	@ 0x60
20007546:	6e75      	ldr	r5, [r6, #100]	@ 0x64
20007548:	6f77      	ldr	r7, [r6, #116]	@ 0x74
2000754a:	6f36      	ldr	r6, [r6, #112]	@ 0x70
2000754c:	f000 f820 	bl	20007590 <divmod_s64s64_unsafe>
20007550:	4694      	mov	ip, r2
20007552:	4a42      	ldr	r2, [pc, #264]	@ (2000765c <udiv0+0x1a>)
20007554:	6614      	str	r4, [r2, #96]	@ 0x60
20007556:	6655      	str	r5, [r2, #100]	@ 0x64
20007558:	6757      	str	r7, [r2, #116]	@ 0x74
2000755a:	6716      	str	r6, [r2, #112]	@ 0x70
2000755c:	4662      	mov	r2, ip
2000755e:	bdf0      	pop	{r4, r5, r6, r7, pc}

20007560 <__wrap___aeabi_uldivmod>:
20007560:	4694      	mov	ip, r2
20007562:	4a3e      	ldr	r2, [pc, #248]	@ (2000765c <udiv0+0x1a>)
20007564:	6f92      	ldr	r2, [r2, #120]	@ 0x78
20007566:	0892      	lsrs	r2, r2, #2
20007568:	4662      	mov	r2, ip
2000756a:	d201      	bcs.n	20007570 <divmod_u64u64_savestate>
2000756c:	e054      	b.n	20007618 <divmod_u64u64_unsafe>
2000756e:	46c0      	nop			@ (mov r8, r8)

20007570 <divmod_u64u64_savestate>:
20007570:	b5f0      	push	{r4, r5, r6, r7, lr}
20007572:	4e3a      	ldr	r6, [pc, #232]	@ (2000765c <udiv0+0x1a>)
20007574:	6e34      	ldr	r4, [r6, #96]	@ 0x60
20007576:	6e75      	ldr	r5, [r6, #100]	@ 0x64
20007578:	6f77      	ldr	r7, [r6, #116]	@ 0x74
2000757a:	6f36      	ldr	r6, [r6, #112]	@ 0x70
2000757c:	f000 f84c 	bl	20007618 <divmod_u64u64_unsafe>
20007580:	4694      	mov	ip, r2
20007582:	4a36      	ldr	r2, [pc, #216]	@ (2000765c <udiv0+0x1a>)
20007584:	6614      	str	r4, [r2, #96]	@ 0x60
20007586:	6655      	str	r5, [r2, #100]	@ 0x64
20007588:	6757      	str	r7, [r2, #116]	@ 0x74
2000758a:	6716      	str	r6, [r2, #112]	@ 0x70
2000758c:	4662      	mov	r2, ip
2000758e:	bdf0      	pop	{r4, r5, r6, r7, pc}

20007590 <divmod_s64s64_unsafe>:
20007590:	2b00      	cmp	r3, #0
20007592:	db24      	blt.n	200075de <l46_1+0x26>
20007594:	d011      	beq.n	200075ba <l46_1+0x2>
20007596:	2900      	cmp	r1, #0
20007598:	da3e      	bge.n	20007618 <divmod_u64u64_unsafe>
2000759a:	b500      	push	{lr}
2000759c:	43c9      	mvns	r1, r1
2000759e:	4240      	negs	r0, r0
200075a0:	d100      	bne.n	200075a4 <l44_1>
200075a2:	3101      	adds	r1, #1

200075a4 <l44_1>:
200075a4:	f000 f838 	bl	20007618 <divmod_u64u64_unsafe>
200075a8:	43c9      	mvns	r1, r1
200075aa:	4240      	negs	r0, r0
200075ac:	d100      	bne.n	200075b0 <l45_1>
200075ae:	3101      	adds	r1, #1

200075b0 <l45_1>:
200075b0:	43db      	mvns	r3, r3
200075b2:	4252      	negs	r2, r2
200075b4:	d100      	bne.n	200075b8 <l46_1>
200075b6:	3301      	adds	r3, #1

200075b8 <l46_1>:
200075b8:	bd00      	pop	{pc}
200075ba:	2a00      	cmp	r2, #0
200075bc:	d1eb      	bne.n	20007596 <divmod_s64s64_unsafe+0x6>
200075be:	2800      	cmp	r0, #0
200075c0:	d101      	bne.n	200075c6 <l46_1+0xe>
200075c2:	2900      	cmp	r1, #0
200075c4:	d005      	beq.n	200075d2 <l46_1+0x1a>
200075c6:	2000      	movs	r0, #0
200075c8:	0fc9      	lsrs	r1, r1, #31
200075ca:	07c9      	lsls	r1, r1, #31
200075cc:	d101      	bne.n	200075d2 <l46_1+0x1a>
200075ce:	43c0      	mvns	r0, r0
200075d0:	0841      	lsrs	r1, r0, #1
200075d2:	b500      	push	{lr}
200075d4:	f002 fef8 	bl	2000a3c8 <__aeabi_idiv0>
200075d8:	2200      	movs	r2, #0
200075da:	2300      	movs	r3, #0
200075dc:	bd00      	pop	{pc}
200075de:	b500      	push	{lr}
200075e0:	2900      	cmp	r1, #0
200075e2:	db0a      	blt.n	200075fa <l48_1+0x2>
200075e4:	43db      	mvns	r3, r3
200075e6:	4252      	negs	r2, r2
200075e8:	d100      	bne.n	200075ec <l47_1>
200075ea:	3301      	adds	r3, #1

200075ec <l47_1>:
200075ec:	f000 f814 	bl	20007618 <divmod_u64u64_unsafe>
200075f0:	43c9      	mvns	r1, r1
200075f2:	4240      	negs	r0, r0
200075f4:	d100      	bne.n	200075f8 <l48_1>
200075f6:	3101      	adds	r1, #1

200075f8 <l48_1>:
200075f8:	bd00      	pop	{pc}
200075fa:	43c9      	mvns	r1, r1
200075fc:	4240      	negs	r0, r0
200075fe:	d100      	bne.n	20007602 <l49_1>
20007600:	3101      	adds	r1, #1

20007602 <l49_1>:
20007602:	43db      	mvns	r3, r3
20007604:	4252      	negs	r2, r2
20007606:	d100      	bne.n	2000760a <l50_1>
20007608:	3301      	adds	r3, #1

2000760a <l50_1>:
2000760a:	f000 f805 	bl	20007618 <divmod_u64u64_unsafe>
2000760e:	43db      	mvns	r3, r3
20007610:	4252      	negs	r2, r2
20007612:	d100      	bne.n	20007616 <l51_1>
20007614:	3301      	adds	r3, #1

20007616 <l51_1>:
20007616:	bd00      	pop	{pc}

20007618 <divmod_u64u64_unsafe>:
20007618:	2900      	cmp	r1, #0
2000761a:	d123      	bne.n	20007664 <y64>
2000761c:	2b00      	cmp	r3, #0
2000761e:	d118      	bne.n	20007652 <udiv0+0x10>
20007620:	2a00      	cmp	r2, #0
20007622:	d00c      	beq.n	2000763e <divmod_u64u64_unsafe+0x26>
20007624:	46bc      	mov	ip, r7
20007626:	4f0d      	ldr	r7, [pc, #52]	@ (2000765c <udiv0+0x1a>)
20007628:	6638      	str	r0, [r7, #96]	@ 0x60
2000762a:	667a      	str	r2, [r7, #100]	@ 0x64
2000762c:	2100      	movs	r1, #0
2000762e:	2300      	movs	r3, #0
20007630:	e7ff      	b.n	20007632 <divmod_u64u64_unsafe+0x1a>
20007632:	e7ff      	b.n	20007634 <divmod_u64u64_unsafe+0x1c>
20007634:	e7ff      	b.n	20007636 <divmod_u64u64_unsafe+0x1e>
20007636:	6f7a      	ldr	r2, [r7, #116]	@ 0x74
20007638:	6f38      	ldr	r0, [r7, #112]	@ 0x70
2000763a:	4667      	mov	r7, ip
2000763c:	4770      	bx	lr
2000763e:	2800      	cmp	r0, #0
20007640:	d001      	beq.n	20007646 <udiv0+0x4>

20007642 <udiv0>:
20007642:	4807      	ldr	r0, [pc, #28]	@ (20007660 <udiv0+0x1e>)
20007644:	0001      	movs	r1, r0
20007646:	b500      	push	{lr}
20007648:	f002 febe 	bl	2000a3c8 <__aeabi_idiv0>
2000764c:	2200      	movs	r2, #0
2000764e:	2300      	movs	r3, #0
20007650:	bd00      	pop	{pc}
20007652:	0002      	movs	r2, r0
20007654:	000b      	movs	r3, r1
20007656:	2000      	movs	r0, #0
20007658:	2100      	movs	r1, #0
2000765a:	4770      	bx	lr
2000765c:	d0000000 	.word	0xd0000000
20007660:	ffffffff 	.word	0xffffffff

20007664 <y64>:
20007664:	2b00      	cmp	r3, #0
20007666:	d000      	beq.n	2000766a <y64+0x6>
20007668:	e0bf      	b.n	200077ea <y64_x48>
2000766a:	0c13      	lsrs	r3, r2, #16
2000766c:	d128      	bne.n	200076c0 <y64_x32>
2000766e:	2a00      	cmp	r2, #0
20007670:	d0e7      	beq.n	20007642 <udiv0>
20007672:	b480      	push	{r7}
20007674:	4f11      	ldr	r7, [pc, #68]	@ (200076bc <y64+0x58>)
20007676:	6639      	str	r1, [r7, #96]	@ 0x60
20007678:	667a      	str	r2, [r7, #100]	@ 0x64
2000767a:	e7ff      	b.n	2000767c <y64+0x18>
2000767c:	e7ff      	b.n	2000767e <y64+0x1a>
2000767e:	b430      	push	{r4, r5}
20007680:	0c04      	lsrs	r4, r0, #16
20007682:	6f7b      	ldr	r3, [r7, #116]	@ 0x74
20007684:	6f39      	ldr	r1, [r7, #112]	@ 0x70
20007686:	041b      	lsls	r3, r3, #16
20007688:	4323      	orrs	r3, r4
2000768a:	663b      	str	r3, [r7, #96]	@ 0x60
2000768c:	667a      	str	r2, [r7, #100]	@ 0x64
2000768e:	e7ff      	b.n	20007690 <y64+0x2c>
20007690:	e7ff      	b.n	20007692 <y64+0x2e>
20007692:	e7ff      	b.n	20007694 <y64+0x30>
20007694:	46c0      	nop			@ (mov r8, r8)
20007696:	b284      	uxth	r4, r0
20007698:	6f7b      	ldr	r3, [r7, #116]	@ 0x74
2000769a:	6f3d      	ldr	r5, [r7, #112]	@ 0x70
2000769c:	041b      	lsls	r3, r3, #16
2000769e:	4323      	orrs	r3, r4
200076a0:	663b      	str	r3, [r7, #96]	@ 0x60
200076a2:	667a      	str	r2, [r7, #100]	@ 0x64
200076a4:	e7ff      	b.n	200076a6 <y64+0x42>
200076a6:	e7ff      	b.n	200076a8 <y64+0x44>
200076a8:	46c0      	nop			@ (mov r8, r8)
200076aa:	2300      	movs	r3, #0
200076ac:	042c      	lsls	r4, r5, #16
200076ae:	0c2d      	lsrs	r5, r5, #16
200076b0:	6f7a      	ldr	r2, [r7, #116]	@ 0x74
200076b2:	6f38      	ldr	r0, [r7, #112]	@ 0x70
200076b4:	1900      	adds	r0, r0, r4
200076b6:	4169      	adcs	r1, r5
200076b8:	bcb0      	pop	{r4, r5, r7}
200076ba:	4770      	bx	lr
200076bc:	d0000000 	.word	0xd0000000

200076c0 <y64_x32>:
200076c0:	b5f0      	push	{r4, r5, r6, r7, lr}
200076c2:	4694      	mov	ip, r2
200076c4:	2500      	movs	r5, #0
200076c6:	0e14      	lsrs	r4, r2, #24
200076c8:	d101      	bne.n	200076ce <y64_x32+0xe>
200076ca:	0212      	lsls	r2, r2, #8
200076cc:	3508      	adds	r5, #8
200076ce:	0f14      	lsrs	r4, r2, #28
200076d0:	d101      	bne.n	200076d6 <y64_x32+0x16>
200076d2:	0112      	lsls	r2, r2, #4
200076d4:	3504      	adds	r5, #4
200076d6:	0f94      	lsrs	r4, r2, #30
200076d8:	d101      	bne.n	200076de <y64_x32+0x1e>
200076da:	0092      	lsls	r2, r2, #2
200076dc:	3502      	adds	r5, #2
200076de:	0fd4      	lsrs	r4, r2, #31
200076e0:	d101      	bne.n	200076e6 <y64_x32+0x26>
200076e2:	0052      	lsls	r2, r2, #1
200076e4:	3501      	adds	r5, #1
200076e6:	0bd4      	lsrs	r4, r2, #15
200076e8:	3401      	adds	r4, #1
200076ea:	4f25      	ldr	r7, [pc, #148]	@ (20007780 <y64_x32+0xc0>)
200076ec:	667c      	str	r4, [r7, #100]	@ 0x64
200076ee:	4c25      	ldr	r4, [pc, #148]	@ (20007784 <y64_x32+0xc4>)
200076f0:	663c      	str	r4, [r7, #96]	@ 0x60
200076f2:	0c0e      	lsrs	r6, r1, #16
200076f4:	b293      	uxth	r3, r2
200076f6:	e7ff      	b.n	200076f8 <y64_x32+0x38>
200076f8:	e7ff      	b.n	200076fa <y64_x32+0x3a>
200076fa:	e7ff      	b.n	200076fc <y64_x32+0x3c>
200076fc:	6f3c      	ldr	r4, [r7, #112]	@ 0x70
200076fe:	4366      	muls	r6, r4
20007700:	0c36      	lsrs	r6, r6, #16
20007702:	0377      	lsls	r7, r6, #13
20007704:	46be      	mov	lr, r7
20007706:	4373      	muls	r3, r6
20007708:	0bdf      	lsrs	r7, r3, #15
2000770a:	045b      	lsls	r3, r3, #17
2000770c:	1ac0      	subs	r0, r0, r3
2000770e:	41b9      	sbcs	r1, r7
20007710:	0c13      	lsrs	r3, r2, #16
20007712:	4373      	muls	r3, r6
20007714:	18db      	adds	r3, r3, r3
20007716:	1ac9      	subs	r1, r1, r3
20007718:	08ce      	lsrs	r6, r1, #3
2000771a:	4366      	muls	r6, r4
2000771c:	0c36      	lsrs	r6, r6, #16
2000771e:	44b6      	add	lr, r6
20007720:	b293      	uxth	r3, r2
20007722:	4373      	muls	r3, r6
20007724:	0f1f      	lsrs	r7, r3, #28
20007726:	011b      	lsls	r3, r3, #4
20007728:	1ac0      	subs	r0, r0, r3
2000772a:	41b9      	sbcs	r1, r7
2000772c:	0c13      	lsrs	r3, r2, #16
2000772e:	4373      	muls	r3, r6
20007730:	0b1f      	lsrs	r7, r3, #12
20007732:	051b      	lsls	r3, r3, #20
20007734:	1ac0      	subs	r0, r0, r3
20007736:	41b9      	sbcs	r1, r7
20007738:	0d86      	lsrs	r6, r0, #22
2000773a:	028f      	lsls	r7, r1, #10
2000773c:	433e      	orrs	r6, r7
2000773e:	4366      	muls	r6, r4
20007740:	0c36      	lsrs	r6, r6, #16
20007742:	2d09      	cmp	r5, #9
20007744:	db24      	blt.n	20007790 <last0>
20007746:	0a52      	lsrs	r2, r2, #9
20007748:	4372      	muls	r2, r6
2000774a:	1a80      	subs	r0, r0, r2
2000774c:	0377      	lsls	r7, r6, #13
2000774e:	0a46      	lsrs	r6, r0, #9
20007750:	4366      	muls	r6, r4
20007752:	0c36      	lsrs	r6, r6, #16
20007754:	2316      	movs	r3, #22
20007756:	1b5b      	subs	r3, r3, r5
20007758:	40de      	lsrs	r6, r3
2000775a:	40df      	lsrs	r7, r3
2000775c:	19bf      	adds	r7, r7, r6
2000775e:	4664      	mov	r4, ip
20007760:	4366      	muls	r6, r4
20007762:	1b82      	subs	r2, r0, r6
20007764:	4670      	mov	r0, lr
20007766:	3504      	adds	r5, #4
20007768:	3306      	adds	r3, #6
2000776a:	0001      	movs	r1, r0
2000776c:	40d9      	lsrs	r1, r3
2000776e:	40a8      	lsls	r0, r5
20007770:	19c0      	adds	r0, r0, r7
20007772:	d300      	bcc.n	20007776 <y64_x32+0xb6>
20007774:	3101      	adds	r1, #1
20007776:	42a2      	cmp	r2, r4
20007778:	d206      	bcs.n	20007788 <y64_x32+0xc8>
2000777a:	2300      	movs	r3, #0
2000777c:	bdf0      	pop	{r4, r5, r6, r7, pc}
2000777e:	0000      	.short	0x0000
20007780:	d0000000 	.word	0xd0000000
20007784:	ffffffff 	.word	0xffffffff
20007788:	1b12      	subs	r2, r2, r4
2000778a:	3001      	adds	r0, #1
2000778c:	d3f3      	bcc.n	20007776 <y64_x32+0xb6>
2000778e:	e7f1      	b.n	20007774 <y64_x32+0xb4>

20007790 <last0>:
20007790:	2709      	movs	r7, #9
20007792:	1b7f      	subs	r7, r7, r5
20007794:	40fe      	lsrs	r6, r7
20007796:	4664      	mov	r4, ip
20007798:	b2a2      	uxth	r2, r4
2000779a:	4372      	muls	r2, r6
2000779c:	1a80      	subs	r0, r0, r2
2000779e:	d200      	bcs.n	200077a2 <last0+0x12>
200077a0:	3901      	subs	r1, #1
200077a2:	0c22      	lsrs	r2, r4, #16
200077a4:	4372      	muls	r2, r6
200077a6:	0c13      	lsrs	r3, r2, #16
200077a8:	0412      	lsls	r2, r2, #16
200077aa:	1a82      	subs	r2, r0, r2
200077ac:	4199      	sbcs	r1, r3
200077ae:	000b      	movs	r3, r1
200077b0:	4670      	mov	r0, lr
200077b2:	3504      	adds	r5, #4
200077b4:	3713      	adds	r7, #19
200077b6:	0001      	movs	r1, r0
200077b8:	40f9      	lsrs	r1, r7
200077ba:	40a8      	lsls	r0, r5
200077bc:	1980      	adds	r0, r0, r6
200077be:	d300      	bcc.n	200077c2 <last0+0x32>
200077c0:	3101      	adds	r1, #1
200077c2:	2b00      	cmp	r3, #0
200077c4:	d102      	bne.n	200077cc <last0+0x3c>
200077c6:	42a2      	cmp	r2, r4
200077c8:	d20a      	bcs.n	200077e0 <last0+0x50>
200077ca:	bdf0      	pop	{r4, r5, r6, r7, pc}
200077cc:	3001      	adds	r0, #1
200077ce:	d300      	bcc.n	200077d2 <last0+0x42>
200077d0:	3101      	adds	r1, #1
200077d2:	1b12      	subs	r2, r2, r4
200077d4:	d2fa      	bcs.n	200077cc <last0+0x3c>
200077d6:	3b01      	subs	r3, #1
200077d8:	d1f8      	bne.n	200077cc <last0+0x3c>
200077da:	42a2      	cmp	r2, r4
200077dc:	d200      	bcs.n	200077e0 <last0+0x50>
200077de:	bdf0      	pop	{r4, r5, r6, r7, pc}
200077e0:	3001      	adds	r0, #1
200077e2:	d300      	bcc.n	200077e6 <last0+0x56>
200077e4:	3101      	adds	r1, #1
200077e6:	1b12      	subs	r2, r2, r4
200077e8:	e7f7      	b.n	200077da <last0+0x4a>

200077ea <y64_x48>:
200077ea:	b5f0      	push	{r4, r5, r6, r7, lr}
200077ec:	0c1c      	lsrs	r4, r3, #16
200077ee:	d000      	beq.n	200077f2 <y64_x48+0x8>
200077f0:	e080      	b.n	200078f4 <y64_x64>
200077f2:	b40c      	push	{r2, r3}
200077f4:	2500      	movs	r5, #0
200077f6:	0a1c      	lsrs	r4, r3, #8
200077f8:	d104      	bne.n	20007804 <y64_x48+0x1a>
200077fa:	021b      	lsls	r3, r3, #8
200077fc:	0e16      	lsrs	r6, r2, #24
200077fe:	4333      	orrs	r3, r6
20007800:	0212      	lsls	r2, r2, #8
20007802:	3508      	adds	r5, #8
20007804:	0b1c      	lsrs	r4, r3, #12
20007806:	d104      	bne.n	20007812 <y64_x48+0x28>
20007808:	011b      	lsls	r3, r3, #4
2000780a:	0f16      	lsrs	r6, r2, #28
2000780c:	4333      	orrs	r3, r6
2000780e:	0112      	lsls	r2, r2, #4
20007810:	3504      	adds	r5, #4
20007812:	0b9c      	lsrs	r4, r3, #14
20007814:	d104      	bne.n	20007820 <y64_x48+0x36>
20007816:	009b      	lsls	r3, r3, #2
20007818:	0f96      	lsrs	r6, r2, #30
2000781a:	4333      	orrs	r3, r6
2000781c:	0092      	lsls	r2, r2, #2
2000781e:	3502      	adds	r5, #2
20007820:	0bdc      	lsrs	r4, r3, #15
20007822:	d102      	bne.n	2000782a <y64_x48+0x40>
20007824:	1892      	adds	r2, r2, r2
20007826:	415b      	adcs	r3, r3
20007828:	3501      	adds	r5, #1
2000782a:	001c      	movs	r4, r3
2000782c:	1897      	adds	r7, r2, r2
2000782e:	4164      	adcs	r4, r4
20007830:	3401      	adds	r4, #1
20007832:	4f46      	ldr	r7, [pc, #280]	@ (2000794c <y64_x64+0x58>)
20007834:	667c      	str	r4, [r7, #100]	@ 0x64
20007836:	4c46      	ldr	r4, [pc, #280]	@ (20007950 <y64_x64+0x5c>)
20007838:	663c      	str	r4, [r7, #96]	@ 0x60
2000783a:	0c0e      	lsrs	r6, r1, #16
2000783c:	e7ff      	b.n	2000783e <y64_x48+0x54>
2000783e:	e7ff      	b.n	20007840 <y64_x48+0x56>
20007840:	e7ff      	b.n	20007842 <y64_x48+0x58>
20007842:	46c0      	nop			@ (mov r8, r8)
20007844:	6f3c      	ldr	r4, [r7, #112]	@ 0x70
20007846:	4366      	muls	r6, r4
20007848:	0c36      	lsrs	r6, r6, #16
2000784a:	0377      	lsls	r7, r6, #13
2000784c:	46be      	mov	lr, r7
2000784e:	b297      	uxth	r7, r2
20007850:	4377      	muls	r7, r6
20007852:	1bc0      	subs	r0, r0, r7
20007854:	d200      	bcs.n	20007858 <y64_x48+0x6e>
20007856:	3901      	subs	r1, #1
20007858:	1bc0      	subs	r0, r0, r7
2000785a:	d200      	bcs.n	2000785e <y64_x48+0x74>
2000785c:	3901      	subs	r1, #1
2000785e:	b29f      	uxth	r7, r3
20007860:	4377      	muls	r7, r6
20007862:	1bc9      	subs	r1, r1, r7
20007864:	1bc9      	subs	r1, r1, r7
20007866:	0c17      	lsrs	r7, r2, #16
20007868:	4377      	muls	r7, r6
2000786a:	047e      	lsls	r6, r7, #17
2000786c:	0bff      	lsrs	r7, r7, #15
2000786e:	1b80      	subs	r0, r0, r6
20007870:	41b9      	sbcs	r1, r7
20007872:	08ce      	lsrs	r6, r1, #3
20007874:	4366      	muls	r6, r4
20007876:	0c36      	lsrs	r6, r6, #16
20007878:	2d0c      	cmp	r5, #12
2000787a:	db33      	blt.n	200078e4 <last1>
2000787c:	44b6      	add	lr, r6
2000787e:	0b12      	lsrs	r2, r2, #12
20007880:	051f      	lsls	r7, r3, #20
20007882:	433a      	orrs	r2, r7
20007884:	0b1b      	lsrs	r3, r3, #12
20007886:	b297      	uxth	r7, r2
20007888:	4377      	muls	r7, r6
2000788a:	1bc0      	subs	r0, r0, r7
2000788c:	d200      	bcs.n	20007890 <y64_x48+0xa6>
2000788e:	3901      	subs	r1, #1
20007890:	b29f      	uxth	r7, r3
20007892:	4377      	muls	r7, r6
20007894:	1bc9      	subs	r1, r1, r7
20007896:	0c17      	lsrs	r7, r2, #16
20007898:	4377      	muls	r7, r6
2000789a:	043e      	lsls	r6, r7, #16
2000789c:	0c3f      	lsrs	r7, r7, #16
2000789e:	1b80      	subs	r0, r0, r6
200078a0:	41b9      	sbcs	r1, r7
200078a2:	0d86      	lsrs	r6, r0, #22
200078a4:	028f      	lsls	r7, r1, #10
200078a6:	433e      	orrs	r6, r7
200078a8:	4366      	muls	r6, r4
200078aa:	2729      	movs	r7, #41	@ 0x29
200078ac:	1b7f      	subs	r7, r7, r5
200078ae:	40fe      	lsrs	r6, r7
200078b0:	3d0c      	subs	r5, #12
200078b2:	4677      	mov	r7, lr
200078b4:	40af      	lsls	r7, r5
200078b6:	19bf      	adds	r7, r7, r6
200078b8:	bc30      	pop	{r4, r5}
200078ba:	b2a2      	uxth	r2, r4
200078bc:	b2ab      	uxth	r3, r5
200078be:	4372      	muls	r2, r6
200078c0:	4373      	muls	r3, r6
200078c2:	1a80      	subs	r0, r0, r2
200078c4:	4199      	sbcs	r1, r3
200078c6:	0c22      	lsrs	r2, r4, #16
200078c8:	4372      	muls	r2, r6
200078ca:	0c13      	lsrs	r3, r2, #16
200078cc:	0412      	lsls	r2, r2, #16
200078ce:	1a80      	subs	r0, r0, r2
200078d0:	4199      	sbcs	r1, r3
200078d2:	0002      	movs	r2, r0
200078d4:	000b      	movs	r3, r1
200078d6:	3701      	adds	r7, #1
200078d8:	1b00      	subs	r0, r0, r4
200078da:	41a9      	sbcs	r1, r5
200078dc:	d2f9      	bcs.n	200078d2 <y64_x48+0xe8>
200078de:	1e78      	subs	r0, r7, #1
200078e0:	2100      	movs	r1, #0
200078e2:	bdf0      	pop	{r4, r5, r6, r7, pc}

200078e4 <last1>:
200078e4:	270c      	movs	r7, #12
200078e6:	1b7f      	subs	r7, r7, r5
200078e8:	40fe      	lsrs	r6, r7
200078ea:	4677      	mov	r7, lr
200078ec:	0b7f      	lsrs	r7, r7, #13
200078ee:	40af      	lsls	r7, r5
200078f0:	19ff      	adds	r7, r7, r7
200078f2:	e7e0      	b.n	200078b6 <y64_x48+0xcc>

200078f4 <y64_x64>:
200078f4:	2400      	movs	r4, #0
200078f6:	1c5d      	adds	r5, r3, #1
200078f8:	d007      	beq.n	2000790a <y64_x64+0x16>
200078fa:	4f14      	ldr	r7, [pc, #80]	@ (2000794c <y64_x64+0x58>)
200078fc:	667d      	str	r5, [r7, #100]	@ 0x64
200078fe:	6639      	str	r1, [r7, #96]	@ 0x60
20007900:	e7ff      	b.n	20007902 <y64_x64+0xe>
20007902:	e7ff      	b.n	20007904 <y64_x64+0x10>
20007904:	e7ff      	b.n	20007906 <y64_x64+0x12>
20007906:	e7ff      	b.n	20007908 <y64_x64+0x14>
20007908:	6f3c      	ldr	r4, [r7, #112]	@ 0x70
2000790a:	b295      	uxth	r5, r2
2000790c:	b29e      	uxth	r6, r3
2000790e:	4365      	muls	r5, r4
20007910:	4366      	muls	r6, r4
20007912:	1b40      	subs	r0, r0, r5
20007914:	41b1      	sbcs	r1, r6
20007916:	0c15      	lsrs	r5, r2, #16
20007918:	0c1e      	lsrs	r6, r3, #16
2000791a:	4365      	muls	r5, r4
2000791c:	4366      	muls	r6, r4
2000791e:	0436      	lsls	r6, r6, #16
20007920:	0c2f      	lsrs	r7, r5, #16
20007922:	433e      	orrs	r6, r7
20007924:	042d      	lsls	r5, r5, #16
20007926:	1b40      	subs	r0, r0, r5
20007928:	41b1      	sbcs	r1, r6
2000792a:	4299      	cmp	r1, r3
2000792c:	d204      	bcs.n	20007938 <y64_x64+0x44>
2000792e:	0002      	movs	r2, r0
20007930:	000b      	movs	r3, r1
20007932:	0020      	movs	r0, r4
20007934:	2100      	movs	r1, #0
20007936:	bdf0      	pop	{r4, r5, r6, r7, pc}
20007938:	d101      	bne.n	2000793e <y64_x64+0x4a>
2000793a:	4290      	cmp	r0, r2
2000793c:	d3f7      	bcc.n	2000792e <y64_x64+0x3a>
2000793e:	1a80      	subs	r0, r0, r2
20007940:	4199      	sbcs	r1, r3
20007942:	3401      	adds	r4, #1
20007944:	4299      	cmp	r1, r3
20007946:	d3f2      	bcc.n	2000792e <y64_x64+0x3a>
20007948:	e7f6      	b.n	20007938 <y64_x64+0x44>
2000794a:	0000      	.short	0x0000
2000794c:	d0000000 	.word	0xd0000000
20007950:	ffffffff 	.word	0xffffffff

20007954 <__wrap___aeabi_drsub>:
20007954:	4048      	eors	r0, r1
20007956:	4041      	eors	r1, r0
20007958:	4048      	eors	r0, r1

2000795a <__wrap___aeabi_dsub>:
2000795a:	b418      	push	{r3, r4}
2000795c:	4b1b      	ldr	r3, [pc, #108]	@ (200079cc <__wrap___aeabi_dmul+0x12>)
2000795e:	685b      	ldr	r3, [r3, #4]
20007960:	46fc      	mov	ip, pc
20007962:	9301      	str	r3, [sp, #4]
20007964:	bd08      	pop	{r3, pc}
20007966:	df04      	.short	0xdf04
20007968:	20007c47 	.word	0x20007c47

2000796c <__wrap___aeabi_dadd>:
2000796c:	b418      	push	{r3, r4}
2000796e:	4b17      	ldr	r3, [pc, #92]	@ (200079cc <__wrap___aeabi_dmul+0x12>)
20007970:	681b      	ldr	r3, [r3, #0]
20007972:	46fc      	mov	ip, pc
20007974:	9301      	str	r3, [sp, #4]
20007976:	bd08      	pop	{r3, pc}
20007978:	7c51df00 	.word	0x7c51df00
2000797c:	2000      	.short	0x2000

2000797e <__wrap___aeabi_ddiv>:
2000797e:	4694      	mov	ip, r2
20007980:	4a13      	ldr	r2, [pc, #76]	@ (200079d0 <__wrap___aeabi_dmul+0x16>)
20007982:	6f92      	ldr	r2, [r2, #120]	@ 0x78
20007984:	0892      	lsrs	r2, r2, #2
20007986:	d209      	bcs.n	2000799c <ddiv_save_state>
20007988:	4662      	mov	r2, ip

2000798a <ddiv_shim_call>:
2000798a:	b418      	push	{r3, r4}
2000798c:	4b0f      	ldr	r3, [pc, #60]	@ (200079cc <__wrap___aeabi_dmul+0x12>)
2000798e:	68db      	ldr	r3, [r3, #12]
20007990:	46fc      	mov	ip, pc
20007992:	9301      	str	r3, [sp, #4]
20007994:	bd08      	pop	{r3, pc}
20007996:	df0c      	.short	0xdf0c
20007998:	20007f09 	.word	0x20007f09

2000799c <ddiv_save_state>:
2000799c:	4a0c      	ldr	r2, [pc, #48]	@ (200079d0 <__wrap___aeabi_dmul+0x16>)
2000799e:	b5f0      	push	{r4, r5, r6, r7, lr}
200079a0:	6e14      	ldr	r4, [r2, #96]	@ 0x60
200079a2:	6e55      	ldr	r5, [r2, #100]	@ 0x64
200079a4:	6f57      	ldr	r7, [r2, #116]	@ 0x74
200079a6:	6f16      	ldr	r6, [r2, #112]	@ 0x70
200079a8:	4662      	mov	r2, ip
200079aa:	f7ff ffee 	bl	2000798a <ddiv_shim_call>
200079ae:	4a08      	ldr	r2, [pc, #32]	@ (200079d0 <__wrap___aeabi_dmul+0x16>)
200079b0:	6614      	str	r4, [r2, #96]	@ 0x60
200079b2:	6655      	str	r5, [r2, #100]	@ 0x64
200079b4:	6757      	str	r7, [r2, #116]	@ 0x74
200079b6:	6716      	str	r6, [r2, #112]	@ 0x70
200079b8:	bdf0      	pop	{r4, r5, r6, r7, pc}

200079ba <__wrap___aeabi_dmul>:
200079ba:	b418      	push	{r3, r4}
200079bc:	4b03      	ldr	r3, [pc, #12]	@ (200079cc <__wrap___aeabi_dmul+0x12>)
200079be:	689b      	ldr	r3, [r3, #8]
200079c0:	46fc      	mov	ip, pc
200079c2:	9301      	str	r3, [sp, #4]
200079c4:	bd08      	pop	{r3, pc}
200079c6:	df08      	.short	0xdf08
200079c8:	20007dad 	.word	0x20007dad
200079cc:	20020908 	.word	0x20020908
200079d0:	d0000000 	.word	0xd0000000

200079d4 <__wrap___aeabi_cdrcmple>:
200079d4:	b5ff      	push	{r0, r1, r2, r3, r4, r5, r6, r7, lr}
200079d6:	4050      	eors	r0, r2
200079d8:	4042      	eors	r2, r0
200079da:	4050      	eors	r0, r2
200079dc:	4059      	eors	r1, r3
200079de:	404b      	eors	r3, r1
200079e0:	4059      	eors	r1, r3
200079e2:	e000      	b.n	200079e6 <__aeabi_dfcmple_guts>

200079e4 <__wrap___aeabi_cdcmpeq>:
200079e4:	b5ff      	push	{r0, r1, r2, r3, r4, r5, r6, r7, lr}

200079e6 <__aeabi_dfcmple_guts>:
200079e6:	4f15      	ldr	r7, [pc, #84]	@ (20007a3c <__aeabi_dfcmple_guts+0x56>)
200079e8:	004c      	lsls	r4, r1, #1
200079ea:	0d64      	lsrs	r4, r4, #21
200079ec:	d003      	beq.n	200079f6 <__aeabi_dfcmple_guts+0x10>
200079ee:	42bc      	cmp	r4, r7
200079f0:	d104      	bne.n	200079fc <__aeabi_dfcmple_guts+0x16>
200079f2:	030c      	lsls	r4, r1, #12
200079f4:	d814      	bhi.n	20007a20 <__aeabi_dfcmple_guts+0x3a>
200079f6:	2000      	movs	r0, #0
200079f8:	0d09      	lsrs	r1, r1, #20
200079fa:	0509      	lsls	r1, r1, #20
200079fc:	005c      	lsls	r4, r3, #1
200079fe:	0d64      	lsrs	r4, r4, #21
20007a00:	d003      	beq.n	20007a0a <__aeabi_dfcmple_guts+0x24>
20007a02:	42bc      	cmp	r4, r7
20007a04:	d104      	bne.n	20007a10 <__aeabi_dfcmple_guts+0x2a>
20007a06:	031c      	lsls	r4, r3, #12
20007a08:	d80a      	bhi.n	20007a20 <__aeabi_dfcmple_guts+0x3a>
20007a0a:	2200      	movs	r2, #0
20007a0c:	0d1b      	lsrs	r3, r3, #20
20007a0e:	051b      	lsls	r3, r3, #20
20007a10:	2601      	movs	r6, #1
20007a12:	404b      	eors	r3, r1
20007a14:	d409      	bmi.n	20007a2a <__aeabi_dfcmple_guts+0x44>
20007a16:	404b      	eors	r3, r1
20007a18:	d503      	bpl.n	20007a22 <__aeabi_dfcmple_guts+0x3c>
20007a1a:	428b      	cmp	r3, r1
20007a1c:	d100      	bne.n	20007a20 <__aeabi_dfcmple_guts+0x3a>
20007a1e:	4282      	cmp	r2, r0
20007a20:	bdff      	pop	{r0, r1, r2, r3, r4, r5, r6, r7, pc}
20007a22:	4299      	cmp	r1, r3
20007a24:	d1fc      	bne.n	20007a20 <__aeabi_dfcmple_guts+0x3a>
20007a26:	4290      	cmp	r0, r2
20007a28:	bdff      	pop	{r0, r1, r2, r3, r4, r5, r6, r7, pc}
20007a2a:	430b      	orrs	r3, r1
20007a2c:	18db      	adds	r3, r3, r3
20007a2e:	4303      	orrs	r3, r0
20007a30:	4313      	orrs	r3, r2
20007a32:	d0f5      	beq.n	20007a20 <__aeabi_dfcmple_guts+0x3a>
20007a34:	43c9      	mvns	r1, r1
20007a36:	1849      	adds	r1, r1, r1
20007a38:	bdff      	pop	{r0, r1, r2, r3, r4, r5, r6, r7, pc}
20007a3a:	0000      	.short	0x0000
20007a3c:	000007ff 	.word	0x000007ff

20007a40 <__wrap___aeabi_dcmplt>:
20007a40:	b500      	push	{lr}
20007a42:	f7ff ffcf 	bl	200079e4 <__wrap___aeabi_cdcmpeq>
20007a46:	4180      	sbcs	r0, r0
20007a48:	bd00      	pop	{pc}
20007a4a:	46c0      	nop			@ (mov r8, r8)

20007a4c <__wrap___aeabi_dcmple>:
20007a4c:	b500      	push	{lr}
20007a4e:	f7ff ffc9 	bl	200079e4 <__wrap___aeabi_cdcmpeq>
20007a52:	d901      	bls.n	20007a58 <__wrap___aeabi_dcmple+0xc>
20007a54:	2000      	movs	r0, #0
20007a56:	bd00      	pop	{pc}
20007a58:	2001      	movs	r0, #1
20007a5a:	bd00      	pop	{pc}

20007a5c <__wrap___aeabi_dcmpge>:
20007a5c:	b500      	push	{lr}
20007a5e:	f7ff ffb9 	bl	200079d4 <__wrap___aeabi_cdrcmple>
20007a62:	d901      	bls.n	20007a68 <__wrap___aeabi_dcmpge+0xc>
20007a64:	2000      	movs	r0, #0
20007a66:	bd00      	pop	{pc}
20007a68:	2001      	movs	r0, #1
20007a6a:	bd00      	pop	{pc}

20007a6c <__wrap___aeabi_dcmpgt>:
20007a6c:	b500      	push	{lr}
20007a6e:	f7ff ffb1 	bl	200079d4 <__wrap___aeabi_cdrcmple>
20007a72:	4180      	sbcs	r0, r0
20007a74:	bd00      	pop	{pc}

20007a76 <__wrap___aeabi_dcmpun>:
20007a76:	2001      	movs	r0, #1
20007a78:	0540      	lsls	r0, r0, #21
20007a7a:	004a      	lsls	r2, r1, #1
20007a7c:	1812      	adds	r2, r2, r0
20007a7e:	d804      	bhi.n	20007a8a <__wrap___aeabi_dcmpun+0x14>
20007a80:	005a      	lsls	r2, r3, #1
20007a82:	1812      	adds	r2, r2, r0
20007a84:	d801      	bhi.n	20007a8a <__wrap___aeabi_dcmpun+0x14>
20007a86:	2000      	movs	r0, #0
20007a88:	4770      	bx	lr
20007a8a:	2001      	movs	r0, #1
20007a8c:	4770      	bx	lr
	...

20007a90 <__wrap___aeabi_ui2d>:
20007a90:	2100      	movs	r1, #0
20007a92:	2800      	cmp	r0, #0
20007a94:	d105      	bne.n	20007aa2 <__wrap___aeabi_i2d+0xa>
20007a96:	4770      	bx	lr

20007a98 <__wrap___aeabi_i2d>:
20007a98:	17c1      	asrs	r1, r0, #31
20007a9a:	4048      	eors	r0, r1
20007a9c:	1a40      	subs	r0, r0, r1
20007a9e:	d0fa      	beq.n	20007a96 <__wrap___aeabi_ui2d+0x6>
20007aa0:	07c9      	lsls	r1, r1, #31
20007aa2:	b513      	push	{r0, r1, r4, lr}
20007aa4:	4b06      	ldr	r3, [pc, #24]	@ (20007ac0 <__wrap___aeabi_i2d+0x28>)
20007aa6:	681b      	ldr	r3, [r3, #0]
20007aa8:	4798      	blx	r3
20007aaa:	bc0c      	pop	{r2, r3}
20007aac:	1c44      	adds	r4, r0, #1
20007aae:	40a2      	lsls	r2, r4
20007ab0:	0510      	lsls	r0, r2, #20
20007ab2:	0b12      	lsrs	r2, r2, #12
20007ab4:	4903      	ldr	r1, [pc, #12]	@ (20007ac4 <__wrap___aeabi_i2d+0x2c>)
20007ab6:	1b09      	subs	r1, r1, r4
20007ab8:	0509      	lsls	r1, r1, #20
20007aba:	4319      	orrs	r1, r3
20007abc:	4311      	orrs	r1, r2
20007abe:	bd10      	pop	{r4, pc}
20007ac0:	20020a08 	.word	0x20020a08
20007ac4:	0000041f 	.word	0x0000041f

20007ac8 <__wrap___aeabi_d2iz>:
20007ac8:	b510      	push	{r4, lr}
20007aca:	004c      	lsls	r4, r1, #1
20007acc:	0d62      	lsrs	r2, r4, #21
20007ace:	2380      	movs	r3, #128	@ 0x80
20007ad0:	18d2      	adds	r2, r2, r3
20007ad2:	00db      	lsls	r3, r3, #3
20007ad4:	1ad2      	subs	r2, r2, r3
20007ad6:	055b      	lsls	r3, r3, #21
20007ad8:	2a7e      	cmp	r2, #126	@ 0x7e
20007ada:	dd10      	ble.n	20007afe <__wrap___aeabi_d2iz+0x36>
20007adc:	3a9e      	subs	r2, #158	@ 0x9e
20007ade:	da13      	bge.n	20007b08 <__wrap___aeabi_d2iz+0x40>
20007ae0:	17cc      	asrs	r4, r1, #31
20007ae2:	0309      	lsls	r1, r1, #12
20007ae4:	0849      	lsrs	r1, r1, #1
20007ae6:	4319      	orrs	r1, r3
20007ae8:	4252      	negs	r2, r2
20007aea:	40d1      	lsrs	r1, r2
20007aec:	0064      	lsls	r4, r4, #1
20007aee:	3401      	adds	r4, #1
20007af0:	3215      	adds	r2, #21
20007af2:	2a20      	cmp	r2, #32
20007af4:	da05      	bge.n	20007b02 <__wrap___aeabi_d2iz+0x3a>
20007af6:	40d0      	lsrs	r0, r2
20007af8:	4308      	orrs	r0, r1
20007afa:	4360      	muls	r0, r4
20007afc:	bd10      	pop	{r4, pc}
20007afe:	2000      	movs	r0, #0
20007b00:	bd10      	pop	{r4, pc}
20007b02:	4608      	mov	r0, r1
20007b04:	4360      	muls	r0, r4
20007b06:	bd10      	pop	{r4, pc}
20007b08:	0fc8      	lsrs	r0, r1, #31
20007b0a:	18c0      	adds	r0, r0, r3
20007b0c:	3801      	subs	r0, #1
20007b0e:	bd10      	pop	{r4, pc}

20007b10 <__wrap___aeabi_d2uiz>:
20007b10:	b418      	push	{r3, r4}
20007b12:	4b04      	ldr	r3, [pc, #16]	@ (20007b24 <__wrap___aeabi_d2uiz+0x14>)
20007b14:	6a5b      	ldr	r3, [r3, #36]	@ 0x24
20007b16:	46fc      	mov	ip, pc
20007b18:	9301      	str	r3, [sp, #4]
20007b1a:	bd08      	pop	{r3, pc}
20007b1c:	80b9df24 	.word	0x80b9df24
20007b20:	00002000 	.word	0x00002000
20007b24:	20020908 	.word	0x20020908

20007b28 <__wrap___aeabi_d2f>:
20007b28:	b418      	push	{r3, r4}
20007b2a:	4b04      	ldr	r3, [pc, #16]	@ (20007b3c <__wrap___aeabi_d2f+0x14>)
20007b2c:	6fdb      	ldr	r3, [r3, #124]	@ 0x7c
20007b2e:	46fc      	mov	ip, pc
20007b30:	9301      	str	r3, [sp, #4]
20007b32:	bd08      	pop	{r3, pc}
20007b34:	8139df7c 	.word	0x8139df7c
20007b38:	00002000 	.word	0x00002000
20007b3c:	20020908 	.word	0x20020908

20007b40 <__aeabi_double_init>:
20007b40:	b570      	push	{r4, r5, r6, lr}
20007b42:	2313      	movs	r3, #19
20007b44:	781c      	ldrb	r4, [r3, #0]
20007b46:	2c01      	cmp	r4, #1
20007b48:	d012      	beq.n	20007b70 <__aeabi_double_init+0x30>
20007b4a:	2c01      	cmp	r4, #1
20007b4c:	dc12      	bgt.n	20007b74 <__aeabi_double_init+0x34>
20007b4e:	4b21      	ldr	r3, [pc, #132]	@ (20007bd4 <__aeabi_double_init+0x94>)
20007b50:	4a21      	ldr	r2, [pc, #132]	@ (20007bd8 <__aeabi_double_init+0x98>)
20007b52:	6493      	str	r3, [r2, #72]	@ 0x48
20007b54:	4821      	ldr	r0, [pc, #132]	@ (20007bdc <__aeabi_double_init+0x9c>)
20007b56:	f7ff fb49 	bl	200071ec <rom_func_lookup>
20007b5a:	4b21      	ldr	r3, [pc, #132]	@ (20007be0 <__aeabi_double_init+0xa0>)
20007b5c:	6018      	str	r0, [r3, #0]
20007b5e:	bd70      	pop	{r4, r5, r6, pc}
20007b60:	491c      	ldr	r1, [pc, #112]	@ (20007bd4 <__aeabi_double_init+0x94>)
20007b62:	4a1d      	ldr	r2, [pc, #116]	@ (20007bd8 <__aeabi_double_init+0x98>)
20007b64:	0098      	lsls	r0, r3, #2
20007b66:	5081      	str	r1, [r0, r2]
20007b68:	3301      	adds	r3, #1
20007b6a:	2b1f      	cmp	r3, #31
20007b6c:	d9f8      	bls.n	20007b60 <__aeabi_double_init+0x20>
20007b6e:	e7ec      	b.n	20007b4a <__aeabi_double_init+0xa>
20007b70:	2300      	movs	r3, #0
20007b72:	e7fa      	b.n	20007b6a <__aeabi_double_init+0x2a>
20007b74:	481b      	ldr	r0, [pc, #108]	@ (20007be4 <__aeabi_double_init+0xa4>)
20007b76:	f7ff fb41 	bl	200071fc <rom_data_lookup>
20007b7a:	0005      	movs	r5, r0
20007b7c:	481a      	ldr	r0, [pc, #104]	@ (20007be8 <__aeabi_double_init+0xa8>)
20007b7e:	f7ff fb3d 	bl	200071fc <rom_data_lookup>
20007b82:	3802      	subs	r0, #2
20007b84:	7803      	ldrb	r3, [r0, #0]
20007b86:	009b      	lsls	r3, r3, #2
20007b88:	2b7f      	cmp	r3, #127	@ 0x7f
20007b8a:	dd09      	ble.n	20007ba0 <__aeabi_double_init+0x60>
20007b8c:	4812      	ldr	r0, [pc, #72]	@ (20007bd8 <__aeabi_double_init+0x98>)
20007b8e:	2280      	movs	r2, #128	@ 0x80
20007b90:	0029      	movs	r1, r5
20007b92:	f000 fc5b 	bl	2000844c <__wrap___aeabi_memcpy>
20007b96:	2c02      	cmp	r4, #2
20007b98:	d008      	beq.n	20007bac <__aeabi_double_init+0x6c>
20007b9a:	2c02      	cmp	r4, #2
20007b9c:	dcda      	bgt.n	20007b54 <__aeabi_double_init+0x14>
20007b9e:	e7d6      	b.n	20007b4e <__aeabi_double_init+0xe>
20007ba0:	4b12      	ldr	r3, [pc, #72]	@ (20007bec <__aeabi_double_init+0xac>)
20007ba2:	4a13      	ldr	r2, [pc, #76]	@ (20007bf0 <__aeabi_double_init+0xb0>)
20007ba4:	4813      	ldr	r0, [pc, #76]	@ (20007bf4 <__aeabi_double_init+0xb4>)
20007ba6:	2134      	movs	r1, #52	@ 0x34
20007ba8:	f001 fdc2 	bl	20009730 <__assert_func>
20007bac:	4b12      	ldr	r3, [pc, #72]	@ (20007bf8 <__aeabi_double_init+0xb8>)
20007bae:	881a      	ldrh	r2, [r3, #0]
20007bb0:	23b5      	movs	r3, #181	@ 0xb5
20007bb2:	021b      	lsls	r3, r3, #8
20007bb4:	429a      	cmp	r2, r3
20007bb6:	d109      	bne.n	20007bcc <__aeabi_double_init+0x8c>
20007bb8:	4b10      	ldr	r3, [pc, #64]	@ (20007bfc <__aeabi_double_init+0xbc>)
20007bba:	881a      	ldrh	r2, [r3, #0]
20007bbc:	4b10      	ldr	r3, [pc, #64]	@ (20007c00 <__aeabi_double_init+0xc0>)
20007bbe:	429a      	cmp	r2, r3
20007bc0:	d104      	bne.n	20007bcc <__aeabi_double_init+0x8c>
20007bc2:	4b10      	ldr	r3, [pc, #64]	@ (20007c04 <__aeabi_double_init+0xc4>)
20007bc4:	881a      	ldrh	r2, [r3, #0]
20007bc6:	4b10      	ldr	r3, [pc, #64]	@ (20007c08 <__aeabi_double_init+0xc8>)
20007bc8:	429a      	cmp	r2, r3
20007bca:	d0e6      	beq.n	20007b9a <__aeabi_double_init+0x5a>
20007bcc:	2000      	movs	r0, #0
20007bce:	f7fd ff3b 	bl	20005a48 <panic>
20007bd2:	46c0      	nop			@ (mov r8, r8)
20007bd4:	20007c0d 	.word	0x20007c0d
20007bd8:	20020908 	.word	0x20020908
20007bdc:	0000334c 	.word	0x0000334c
20007be0:	20020a08 	.word	0x20020a08
20007be4:	00004453 	.word	0x00004453
20007be8:	00004653 	.word	0x00004653
20007bec:	2000cfb0 	.word	0x2000cfb0
20007bf0:	2000d7f4 	.word	0x2000d7f4
20007bf4:	2000cff4 	.word	0x2000cff4
20007bf8:	00003854 	.word	0x00003854
20007bfc:	000038d8 	.word	0x000038d8
20007c00:	00004649 	.word	0x00004649
20007c04:	0000389c 	.word	0x0000389c
20007c08:	00004659 	.word	0x00004659

20007c0c <double_table_shim_on_use_helper>:
20007c0c:	b507      	push	{r0, r1, r2, lr}
20007c0e:	4660      	mov	r0, ip
20007c10:	2800      	cmp	r0, #0
20007c12:	d100      	bne.n	20007c16 <double_table_shim_on_use_helper+0xa>
20007c14:	be00      	bkpt	0x0000
20007c16:	8801      	ldrh	r1, [r0, #0]
20007c18:	0a0a      	lsrs	r2, r1, #8
20007c1a:	3002      	adds	r0, #2
20007c1c:	2adf      	cmp	r2, #223	@ 0xdf
20007c1e:	d1fa      	bne.n	20007c16 <double_table_shim_on_use_helper+0xa>
20007c20:	b2c9      	uxtb	r1, r1
20007c22:	0882      	lsrs	r2, r0, #2
20007c24:	d304      	bcc.n	20007c30 <double_table_shim_on_use_helper+0x24>
20007c26:	8802      	ldrh	r2, [r0, #0]
20007c28:	8840      	ldrh	r0, [r0, #2]
20007c2a:	0400      	lsls	r0, r0, #16
20007c2c:	4310      	orrs	r0, r2
20007c2e:	e000      	b.n	20007c32 <double_table_shim_on_use_helper+0x26>
20007c30:	6800      	ldr	r0, [r0, #0]
20007c32:	4a02      	ldr	r2, [pc, #8]	@ (20007c3c <double_table_shim_on_use_helper+0x30>)
20007c34:	5050      	str	r0, [r2, r1]
20007c36:	9003      	str	r0, [sp, #12]
20007c38:	bd07      	pop	{r0, r1, r2, pc}
20007c3a:	0000      	.short	0x0000
20007c3c:	20020908 	.word	0x20020908

20007c40 <drsub_shim>:
20007c40:	b40f      	push	{r0, r1, r2, r3}
20007c42:	bc03      	pop	{r0, r1}
20007c44:	bc0c      	pop	{r2, r3}

20007c46 <dsub_shim>:
20007c46:	b5f0      	push	{r4, r5, r6, r7, lr}
20007c48:	2401      	movs	r4, #1
20007c4a:	07e4      	lsls	r4, r4, #31
20007c4c:	4063      	eors	r3, r4
20007c4e:	e000      	b.n	20007c52 <da_entry>

20007c50 <dadd_shim>:
20007c50:	b5f0      	push	{r4, r5, r6, r7, lr}

20007c52 <da_entry>:
20007c52:	0d0c      	lsrs	r4, r1, #20
20007c54:	0fcf      	lsrs	r7, r1, #31
20007c56:	1e66      	subs	r6, r4, #1
20007c58:	0536      	lsls	r6, r6, #20
20007c5a:	1b89      	subs	r1, r1, r6
20007c5c:	0564      	lsls	r4, r4, #21
20007c5e:	d303      	bcc.n	20007c68 <l8_1>
20007c60:	43c9      	mvns	r1, r1
20007c62:	4240      	negs	r0, r0
20007c64:	d300      	bcc.n	20007c68 <l8_1>
20007c66:	3101      	adds	r1, #1

20007c68 <l8_1>:
20007c68:	0d64      	lsrs	r4, r4, #21
20007c6a:	d003      	beq.n	20007c74 <l8_2>
20007c6c:	1c66      	adds	r6, r4, #1
20007c6e:	0af6      	lsrs	r6, r6, #11
20007c70:	d007      	beq.n	20007c82 <l8_3>
20007c72:	1be4      	subs	r4, r4, r7

20007c74 <l8_2>:
20007c74:	2000      	movs	r0, #0
20007c76:	007f      	lsls	r7, r7, #1
20007c78:	1c79      	adds	r1, r7, #1
20007c7a:	0789      	lsls	r1, r1, #30
20007c7c:	1289      	asrs	r1, r1, #10
20007c7e:	3c80      	subs	r4, #128	@ 0x80
20007c80:	0324      	lsls	r4, r4, #12

20007c82 <l8_3>:
20007c82:	0d1d      	lsrs	r5, r3, #20
20007c84:	0fdf      	lsrs	r7, r3, #31
20007c86:	1e6e      	subs	r6, r5, #1
20007c88:	0536      	lsls	r6, r6, #20
20007c8a:	1b9b      	subs	r3, r3, r6
20007c8c:	056d      	lsls	r5, r5, #21
20007c8e:	d303      	bcc.n	20007c98 <l9_1>
20007c90:	43db      	mvns	r3, r3
20007c92:	4252      	negs	r2, r2
20007c94:	d300      	bcc.n	20007c98 <l9_1>
20007c96:	3301      	adds	r3, #1

20007c98 <l9_1>:
20007c98:	0d6d      	lsrs	r5, r5, #21
20007c9a:	d003      	beq.n	20007ca4 <l9_2>
20007c9c:	1c6e      	adds	r6, r5, #1
20007c9e:	0af6      	lsrs	r6, r6, #11
20007ca0:	d007      	beq.n	20007cb2 <l9_3>
20007ca2:	1bed      	subs	r5, r5, r7

20007ca4 <l9_2>:
20007ca4:	2200      	movs	r2, #0
20007ca6:	007f      	lsls	r7, r7, #1
20007ca8:	1c7b      	adds	r3, r7, #1
20007caa:	079b      	lsls	r3, r3, #30
20007cac:	129b      	asrs	r3, r3, #10
20007cae:	3d80      	subs	r5, #128	@ 0x80
20007cb0:	032d      	lsls	r5, r5, #12

20007cb2 <l9_3>:
20007cb2:	1b2f      	subs	r7, r5, r4
20007cb4:	1b66      	subs	r6, r4, r5
20007cb6:	d458      	bmi.n	20007d6a <da_ygtx>
20007cb8:	46a4      	mov	ip, r4
20007cba:	2e20      	cmp	r6, #32
20007cbc:	da46      	bge.n	20007d4c <da_xrgty>
20007cbe:	3720      	adds	r7, #32
20007cc0:	0014      	movs	r4, r2
20007cc2:	40bc      	lsls	r4, r7

20007cc4 <da_xgty0>:
20007cc4:	001d      	movs	r5, r3
20007cc6:	40bd      	lsls	r5, r7
20007cc8:	40f2      	lsrs	r2, r6
20007cca:	4133      	asrs	r3, r6
20007ccc:	432a      	orrs	r2, r5

20007cce <da_add>:
20007cce:	1880      	adds	r0, r0, r2
20007cd0:	4159      	adcs	r1, r3

20007cd2 <da_pack>:
20007cd2:	0fcb      	lsrs	r3, r1, #31
20007cd4:	d005      	beq.n	20007ce2 <da_pack+0x10>
20007cd6:	43c9      	mvns	r1, r1
20007cd8:	43c0      	mvns	r0, r0
20007cda:	2200      	movs	r2, #0
20007cdc:	4264      	negs	r4, r4
20007cde:	4150      	adcs	r0, r2
20007ce0:	4151      	adcs	r1, r2
20007ce2:	4662      	mov	r2, ip
20007ce4:	0d4d      	lsrs	r5, r1, #21
20007ce6:	d128      	bne.n	20007d3a <da_0>
20007ce8:	0d0d      	lsrs	r5, r1, #20
20007cea:	d107      	bne.n	20007cfc <da_1>
20007cec:	2800      	cmp	r0, #0
20007cee:	d01f      	beq.n	20007d30 <da_5>

20007cf0 <da_2>:
20007cf0:	1924      	adds	r4, r4, r4
20007cf2:	4140      	adcs	r0, r0
20007cf4:	4149      	adcs	r1, r1
20007cf6:	3a01      	subs	r2, #1
20007cf8:	0d0d      	lsrs	r5, r1, #20
20007cfa:	d0f9      	beq.n	20007cf0 <da_2>

20007cfc <da_1>:
20007cfc:	0064      	lsls	r4, r4, #1
20007cfe:	d306      	bcc.n	20007d0e <da_3>

20007d00 <da_4>:
20007d00:	3001      	adds	r0, #1
20007d02:	d300      	bcc.n	20007d06 <da_4+0x6>
20007d04:	3101      	adds	r1, #1
20007d06:	2c00      	cmp	r4, #0
20007d08:	d101      	bne.n	20007d0e <da_3>
20007d0a:	0840      	lsrs	r0, r0, #1
20007d0c:	0040      	lsls	r0, r0, #1

20007d0e <da_3>:
20007d0e:	3a01      	subs	r2, #1
20007d10:	d40b      	bmi.n	20007d2a <da_6>
20007d12:	1c94      	adds	r4, r2, #2
20007d14:	0ae4      	lsrs	r4, r4, #11
20007d16:	d104      	bne.n	20007d22 <da_7>
20007d18:	0512      	lsls	r2, r2, #20
20007d1a:	4411      	add	r1, r2
20007d1c:	07db      	lsls	r3, r3, #31
20007d1e:	4419      	add	r1, r3
20007d20:	bdf0      	pop	{r4, r5, r6, r7, pc}

20007d22 <da_7>:
20007d22:	07d9      	lsls	r1, r3, #31
20007d24:	4b20      	ldr	r3, [pc, #128]	@ (20007da8 <da_xmgty+0x4>)
20007d26:	4319      	orrs	r1, r3
20007d28:	e000      	b.n	20007d2c <da_6+0x2>

20007d2a <da_6>:
20007d2a:	07d9      	lsls	r1, r3, #31
20007d2c:	2000      	movs	r0, #0
20007d2e:	bdf0      	pop	{r4, r5, r6, r7, pc}

20007d30 <da_5>:
20007d30:	2900      	cmp	r1, #0
20007d32:	d1dd      	bne.n	20007cf0 <da_2>
20007d34:	2c00      	cmp	r4, #0
20007d36:	d1db      	bne.n	20007cf0 <da_2>
20007d38:	bdf0      	pop	{r4, r5, r6, r7, pc}

20007d3a <da_0>:
20007d3a:	3201      	adds	r2, #1
20007d3c:	07c6      	lsls	r6, r0, #31
20007d3e:	0840      	lsrs	r0, r0, #1
20007d40:	07cd      	lsls	r5, r1, #31
20007d42:	4328      	orrs	r0, r5
20007d44:	0849      	lsrs	r1, r1, #1
20007d46:	2e00      	cmp	r6, #0
20007d48:	d0e1      	beq.n	20007d0e <da_3>
20007d4a:	e7d9      	b.n	20007d00 <da_4>

20007d4c <da_xrgty>:
20007d4c:	2e3c      	cmp	r6, #60	@ 0x3c
20007d4e:	da29      	bge.n	20007da4 <da_xmgty>
20007d50:	3e20      	subs	r6, #32
20007d52:	3740      	adds	r7, #64	@ 0x40
20007d54:	0014      	movs	r4, r2
20007d56:	40bc      	lsls	r4, r7
20007d58:	d000      	beq.n	20007d5c <da_xrgty+0x10>
20007d5a:	2401      	movs	r4, #1
20007d5c:	40f2      	lsrs	r2, r6
20007d5e:	4314      	orrs	r4, r2
20007d60:	001a      	movs	r2, r3
20007d62:	40bb      	lsls	r3, r7
20007d64:	431c      	orrs	r4, r3
20007d66:	17d3      	asrs	r3, r2, #31
20007d68:	e7ac      	b.n	20007cc4 <da_xgty0>

20007d6a <da_ygtx>:
20007d6a:	46ac      	mov	ip, r5
20007d6c:	2f20      	cmp	r7, #32
20007d6e:	da08      	bge.n	20007d82 <da_yrgtx>
20007d70:	3620      	adds	r6, #32
20007d72:	0004      	movs	r4, r0
20007d74:	40b4      	lsls	r4, r6

20007d76 <da_ygtx0>:
20007d76:	000d      	movs	r5, r1
20007d78:	40b5      	lsls	r5, r6
20007d7a:	40f8      	lsrs	r0, r7
20007d7c:	4139      	asrs	r1, r7
20007d7e:	4328      	orrs	r0, r5
20007d80:	e7a5      	b.n	20007cce <da_add>

20007d82 <da_yrgtx>:
20007d82:	2f3c      	cmp	r7, #60	@ 0x3c
20007d84:	da0c      	bge.n	20007da0 <da_ymgtx>
20007d86:	3f20      	subs	r7, #32
20007d88:	3640      	adds	r6, #64	@ 0x40
20007d8a:	0004      	movs	r4, r0
20007d8c:	40b4      	lsls	r4, r6
20007d8e:	d000      	beq.n	20007d92 <da_yrgtx+0x10>
20007d90:	2401      	movs	r4, #1
20007d92:	40f8      	lsrs	r0, r7
20007d94:	4304      	orrs	r4, r0
20007d96:	0008      	movs	r0, r1
20007d98:	40b1      	lsls	r1, r6
20007d9a:	430c      	orrs	r4, r1
20007d9c:	17c1      	asrs	r1, r0, #31
20007d9e:	e7ea      	b.n	20007d76 <da_ygtx0>

20007da0 <da_ymgtx>:
20007da0:	0010      	movs	r0, r2
20007da2:	0019      	movs	r1, r3

20007da4 <da_xmgty>:
20007da4:	2400      	movs	r4, #0
20007da6:	e794      	b.n	20007cd2 <da_pack>
20007da8:	7ff00000 	.word	0x7ff00000

20007dac <dmul_shim>:
20007dac:	b5f0      	push	{r4, r5, r6, r7, lr}
20007dae:	0d0c      	lsrs	r4, r1, #20
20007db0:	1e66      	subs	r6, r4, #1
20007db2:	0536      	lsls	r6, r6, #20
20007db4:	1b89      	subs	r1, r1, r6
20007db6:	0ae6      	lsrs	r6, r4, #11
20007db8:	0564      	lsls	r4, r4, #21
20007dba:	0d64      	lsrs	r4, r4, #21
20007dbc:	d002      	beq.n	20007dc4 <l12_1>
20007dbe:	1c65      	adds	r5, r4, #1
20007dc0:	0aed      	lsrs	r5, r5, #11
20007dc2:	d004      	beq.n	20007dce <l12_2>

20007dc4 <l12_1>:
20007dc4:	2000      	movs	r0, #0
20007dc6:	2101      	movs	r1, #1
20007dc8:	0509      	lsls	r1, r1, #20
20007dca:	3c80      	subs	r4, #128	@ 0x80
20007dcc:	0324      	lsls	r4, r4, #12

20007dce <l12_2>:
20007dce:	46a4      	mov	ip, r4
20007dd0:	0d1c      	lsrs	r4, r3, #20
20007dd2:	1e67      	subs	r7, r4, #1
20007dd4:	053f      	lsls	r7, r7, #20
20007dd6:	1bdb      	subs	r3, r3, r7
20007dd8:	0ae7      	lsrs	r7, r4, #11
20007dda:	0564      	lsls	r4, r4, #21
20007ddc:	0d64      	lsrs	r4, r4, #21
20007dde:	d002      	beq.n	20007de6 <l13_1>
20007de0:	1c65      	adds	r5, r4, #1
20007de2:	0aed      	lsrs	r5, r5, #11
20007de4:	d004      	beq.n	20007df0 <l13_2>

20007de6 <l13_1>:
20007de6:	2200      	movs	r2, #0
20007de8:	2301      	movs	r3, #1
20007dea:	051b      	lsls	r3, r3, #20
20007dec:	3c80      	subs	r4, #128	@ 0x80
20007dee:	0324      	lsls	r4, r4, #12

20007df0 <l13_2>:
20007df0:	4077      	eors	r7, r6
20007df2:	4464      	add	r4, ip
20007df4:	b497      	push	{r0, r1, r2, r4, r7}
20007df6:	b284      	uxth	r4, r0
20007df8:	b296      	uxth	r6, r2
20007dfa:	4374      	muls	r4, r6
20007dfc:	0c07      	lsrs	r7, r0, #16
20007dfe:	437e      	muls	r6, r7
20007e00:	0c15      	lsrs	r5, r2, #16
20007e02:	436f      	muls	r7, r5
20007e04:	b280      	uxth	r0, r0
20007e06:	4368      	muls	r0, r5
20007e08:	1836      	adds	r6, r6, r0
20007e0a:	d302      	bcc.n	20007e12 <l14_1>
20007e0c:	2001      	movs	r0, #1
20007e0e:	0400      	lsls	r0, r0, #16
20007e10:	183f      	adds	r7, r7, r0

20007e12 <l14_1>:
20007e12:	0430      	lsls	r0, r6, #16
20007e14:	0c35      	lsrs	r5, r6, #16
20007e16:	1900      	adds	r0, r0, r4
20007e18:	417d      	adcs	r5, r7
20007e1a:	4684      	mov	ip, r0
20007e1c:	b288      	uxth	r0, r1
20007e1e:	b29a      	uxth	r2, r3
20007e20:	4350      	muls	r0, r2
20007e22:	0c0c      	lsrs	r4, r1, #16
20007e24:	4362      	muls	r2, r4
20007e26:	0c1f      	lsrs	r7, r3, #16
20007e28:	437c      	muls	r4, r7
20007e2a:	b28e      	uxth	r6, r1
20007e2c:	437e      	muls	r6, r7
20007e2e:	1992      	adds	r2, r2, r6
20007e30:	d302      	bcc.n	20007e38 <l15_1>
20007e32:	2601      	movs	r6, #1
20007e34:	0436      	lsls	r6, r6, #16
20007e36:	19a4      	adds	r4, r4, r6

20007e38 <l15_1>:
20007e38:	0416      	lsls	r6, r2, #16
20007e3a:	0c17      	lsrs	r7, r2, #16
20007e3c:	1836      	adds	r6, r6, r0
20007e3e:	4167      	adcs	r7, r4
20007e40:	bc01      	pop	{r0}
20007e42:	b281      	uxth	r1, r0
20007e44:	b29a      	uxth	r2, r3
20007e46:	4351      	muls	r1, r2
20007e48:	0c04      	lsrs	r4, r0, #16
20007e4a:	4362      	muls	r2, r4
20007e4c:	0c1b      	lsrs	r3, r3, #16
20007e4e:	435c      	muls	r4, r3
20007e50:	b280      	uxth	r0, r0
20007e52:	4358      	muls	r0, r3
20007e54:	1812      	adds	r2, r2, r0
20007e56:	d302      	bcc.n	20007e5e <l16_1>
20007e58:	2001      	movs	r0, #1
20007e5a:	0400      	lsls	r0, r0, #16
20007e5c:	1824      	adds	r4, r4, r0

20007e5e <l16_1>:
20007e5e:	0410      	lsls	r0, r2, #16
20007e60:	0c13      	lsrs	r3, r2, #16
20007e62:	1840      	adds	r0, r0, r1
20007e64:	4163      	adcs	r3, r4
20007e66:	182d      	adds	r5, r5, r0
20007e68:	415e      	adcs	r6, r3
20007e6a:	2000      	movs	r0, #0
20007e6c:	4147      	adcs	r7, r0
20007e6e:	bc06      	pop	{r1, r2}
20007e70:	b288      	uxth	r0, r1
20007e72:	b293      	uxth	r3, r2
20007e74:	4358      	muls	r0, r3
20007e76:	0c0c      	lsrs	r4, r1, #16
20007e78:	4363      	muls	r3, r4
20007e7a:	0c12      	lsrs	r2, r2, #16
20007e7c:	4354      	muls	r4, r2
20007e7e:	b289      	uxth	r1, r1
20007e80:	4351      	muls	r1, r2
20007e82:	185b      	adds	r3, r3, r1
20007e84:	d302      	bcc.n	20007e8c <l17_1>
20007e86:	2101      	movs	r1, #1
20007e88:	0409      	lsls	r1, r1, #16
20007e8a:	1864      	adds	r4, r4, r1

20007e8c <l17_1>:
20007e8c:	0419      	lsls	r1, r3, #16
20007e8e:	0c1a      	lsrs	r2, r3, #16
20007e90:	1809      	adds	r1, r1, r0
20007e92:	4162      	adcs	r2, r4
20007e94:	186d      	adds	r5, r5, r1
20007e96:	4156      	adcs	r6, r2
20007e98:	2000      	movs	r0, #0
20007e9a:	4147      	adcs	r7, r0
20007e9c:	bc18      	pop	{r3, r4}
20007e9e:	02f9      	lsls	r1, r7, #11
20007ea0:	0d72      	lsrs	r2, r6, #21
20007ea2:	4311      	orrs	r1, r2
20007ea4:	02f0      	lsls	r0, r6, #11
20007ea6:	0d6a      	lsrs	r2, r5, #21
20007ea8:	4310      	orrs	r0, r2
20007eaa:	02ed      	lsls	r5, r5, #11
20007eac:	0d0a      	lsrs	r2, r1, #20
20007eae:	d103      	bne.n	20007eb8 <l17_1+0x2c>
20007eb0:	196d      	adds	r5, r5, r5
20007eb2:	4140      	adcs	r0, r0
20007eb4:	4149      	adcs	r1, r1
20007eb6:	3b01      	subs	r3, #1
20007eb8:	4e12      	ldr	r6, [pc, #72]	@ (20007f04 <dm_1+0xa>)
20007eba:	1b9b      	subs	r3, r3, r6
20007ebc:	0076      	lsls	r6, r6, #1
20007ebe:	42b3      	cmp	r3, r6
20007ec0:	d20e      	bcs.n	20007ee0 <dm_0>
20007ec2:	006d      	lsls	r5, r5, #1
20007ec4:	d307      	bcc.n	20007ed6 <l17_1+0x4a>
20007ec6:	3001      	adds	r0, #1
20007ec8:	2600      	movs	r6, #0
20007eca:	4171      	adcs	r1, r6
20007ecc:	4666      	mov	r6, ip
20007ece:	4335      	orrs	r5, r6
20007ed0:	d101      	bne.n	20007ed6 <l17_1+0x4a>
20007ed2:	0840      	lsrs	r0, r0, #1
20007ed4:	0040      	lsls	r0, r0, #1
20007ed6:	051b      	lsls	r3, r3, #20
20007ed8:	18c9      	adds	r1, r1, r3

20007eda <dm_2>:
20007eda:	07e4      	lsls	r4, r4, #31
20007edc:	4421      	add	r1, r4
20007ede:	bdf0      	pop	{r4, r5, r6, r7, pc}

20007ee0 <dm_0>:
20007ee0:	da0b      	bge.n	20007efa <dm_1>
20007ee2:	3301      	adds	r3, #1
20007ee4:	d106      	bne.n	20007ef4 <dm_0+0x14>
20007ee6:	3001      	adds	r0, #1
20007ee8:	d104      	bne.n	20007ef4 <dm_0+0x14>
20007eea:	3101      	adds	r1, #1
20007eec:	0d4f      	lsrs	r7, r1, #21
20007eee:	d001      	beq.n	20007ef4 <dm_0+0x14>
20007ef0:	0849      	lsrs	r1, r1, #1
20007ef2:	e7f2      	b.n	20007eda <dm_2>
20007ef4:	07e1      	lsls	r1, r4, #31
20007ef6:	2000      	movs	r0, #0
20007ef8:	bdf0      	pop	{r4, r5, r6, r7, pc}

20007efa <dm_1>:
20007efa:	3601      	adds	r6, #1
20007efc:	0531      	lsls	r1, r6, #20
20007efe:	2000      	movs	r0, #0
20007f00:	e7eb      	b.n	20007eda <dm_2>
20007f02:	0000      	.short	0x0000
20007f04:	000003ff 	.word	0x000003ff

20007f08 <ddiv_shim>:
20007f08:	b5f0      	push	{r4, r5, r6, r7, lr}

20007f0a <ddiv0>:
20007f0a:	0d1c      	lsrs	r4, r3, #20
20007f0c:	1e67      	subs	r7, r4, #1
20007f0e:	053f      	lsls	r7, r7, #20
20007f10:	1bdb      	subs	r3, r3, r7
20007f12:	0ae7      	lsrs	r7, r4, #11
20007f14:	0564      	lsls	r4, r4, #21
20007f16:	0d64      	lsrs	r4, r4, #21
20007f18:	d002      	beq.n	20007f20 <l20_1>
20007f1a:	1c66      	adds	r6, r4, #1
20007f1c:	0af6      	lsrs	r6, r6, #11
20007f1e:	d004      	beq.n	20007f2a <l20_2>

20007f20 <l20_1>:
20007f20:	2200      	movs	r2, #0
20007f22:	2301      	movs	r3, #1
20007f24:	051b      	lsls	r3, r3, #20
20007f26:	3c80      	subs	r4, #128	@ 0x80
20007f28:	0324      	lsls	r4, r4, #12

20007f2a <l20_2>:
20007f2a:	25d0      	movs	r5, #208	@ 0xd0
20007f2c:	062d      	lsls	r5, r5, #24
20007f2e:	2600      	movs	r6, #0
20007f30:	43f6      	mvns	r6, r6
20007f32:	662e      	str	r6, [r5, #96]	@ 0x60
20007f34:	091e      	lsrs	r6, r3, #4
20007f36:	666e      	str	r6, [r5, #100]	@ 0x64
20007f38:	0fce      	lsrs	r6, r1, #31
20007f3a:	19f6      	adds	r6, r6, r7
20007f3c:	46b4      	mov	ip, r6
20007f3e:	0049      	lsls	r1, r1, #1
20007f40:	0d4f      	lsrs	r7, r1, #21
20007f42:	d002      	beq.n	20007f4a <l20_2+0x20>
20007f44:	1c7e      	adds	r6, r7, #1
20007f46:	0af6      	lsrs	r6, r6, #11
20007f48:	d003      	beq.n	20007f52 <l20_2+0x28>
20007f4a:	2000      	movs	r0, #0
20007f4c:	2100      	movs	r1, #0
20007f4e:	3f40      	subs	r7, #64	@ 0x40
20007f50:	033f      	lsls	r7, r7, #12
20007f52:	1b3e      	subs	r6, r7, r4
20007f54:	00b6      	lsls	r6, r6, #2
20007f56:	44b4      	add	ip, r6
20007f58:	3f01      	subs	r7, #1
20007f5a:	057f      	lsls	r7, r7, #21
20007f5c:	1bc9      	subs	r1, r1, r7
20007f5e:	0849      	lsrs	r1, r1, #1
20007f60:	6f2e      	ldr	r6, [r5, #112]	@ 0x70
20007f62:	3601      	adds	r6, #1
20007f64:	0876      	lsrs	r6, r6, #1
20007f66:	029c      	lsls	r4, r3, #10
20007f68:	0d95      	lsrs	r5, r2, #22
20007f6a:	4325      	orrs	r5, r4
20007f6c:	4375      	muls	r5, r6
20007f6e:	13ed      	asrs	r5, r5, #15
20007f70:	4375      	muls	r5, r6
20007f72:	13ad      	asrs	r5, r5, #14
20007f74:	3501      	adds	r5, #1
20007f76:	106d      	asrs	r5, r5, #1
20007f78:	03f6      	lsls	r6, r6, #15
20007f7a:	1b76      	subs	r6, r6, r5
20007f7c:	b40c      	push	{r2, r3}
20007f7e:	02cc      	lsls	r4, r1, #11
20007f80:	0d45      	lsrs	r5, r0, #21
20007f82:	432c      	orrs	r4, r5
20007f84:	b2a2      	uxth	r2, r4
20007f86:	b2b3      	uxth	r3, r6
20007f88:	435a      	muls	r2, r3
20007f8a:	0c27      	lsrs	r7, r4, #16
20007f8c:	437b      	muls	r3, r7
20007f8e:	0c35      	lsrs	r5, r6, #16
20007f90:	436f      	muls	r7, r5
20007f92:	b2a4      	uxth	r4, r4
20007f94:	436c      	muls	r4, r5
20007f96:	191b      	adds	r3, r3, r4
20007f98:	d302      	bcc.n	20007fa0 <l21_1>
20007f9a:	2401      	movs	r4, #1
20007f9c:	0424      	lsls	r4, r4, #16
20007f9e:	193f      	adds	r7, r7, r4

20007fa0 <l21_1>:
20007fa0:	041c      	lsls	r4, r3, #16
20007fa2:	0c1d      	lsrs	r5, r3, #16
20007fa4:	18a4      	adds	r4, r4, r2
20007fa6:	417d      	adcs	r5, r7
20007fa8:	1924      	adds	r4, r4, r4
20007faa:	416d      	adcs	r5, r5
20007fac:	9a00      	ldr	r2, [sp, #0]
20007fae:	b291      	uxth	r1, r2
20007fb0:	b2ac      	uxth	r4, r5
20007fb2:	4361      	muls	r1, r4
20007fb4:	0c17      	lsrs	r7, r2, #16
20007fb6:	437c      	muls	r4, r7
20007fb8:	0c2b      	lsrs	r3, r5, #16
20007fba:	435f      	muls	r7, r3
20007fbc:	b292      	uxth	r2, r2
20007fbe:	435a      	muls	r2, r3
20007fc0:	18a4      	adds	r4, r4, r2
20007fc2:	d302      	bcc.n	20007fca <l22_1>
20007fc4:	2201      	movs	r2, #1
20007fc6:	0412      	lsls	r2, r2, #16
20007fc8:	18bf      	adds	r7, r7, r2

20007fca <l22_1>:
20007fca:	0422      	lsls	r2, r4, #16
20007fcc:	0c23      	lsrs	r3, r4, #16
20007fce:	1852      	adds	r2, r2, r1
20007fd0:	417b      	adcs	r3, r7
20007fd2:	9c01      	ldr	r4, [sp, #4]
20007fd4:	436c      	muls	r4, r5
20007fd6:	191b      	adds	r3, r3, r4
20007fd8:	0e52      	lsrs	r2, r2, #25
20007fda:	01d9      	lsls	r1, r3, #7
20007fdc:	430a      	orrs	r2, r1
20007fde:	0144      	lsls	r4, r0, #5
20007fe0:	1aa0      	subs	r0, r4, r2
20007fe2:	b281      	uxth	r1, r0
20007fe4:	b2b2      	uxth	r2, r6
20007fe6:	4351      	muls	r1, r2
20007fe8:	1403      	asrs	r3, r0, #16
20007fea:	435a      	muls	r2, r3
20007fec:	0c36      	lsrs	r6, r6, #16
20007fee:	4373      	muls	r3, r6
20007ff0:	b287      	uxth	r7, r0
20007ff2:	4377      	muls	r7, r6
20007ff4:	17d6      	asrs	r6, r2, #31
20007ff6:	19d2      	adds	r2, r2, r7
20007ff8:	2700      	movs	r7, #0
20007ffa:	417e      	adcs	r6, r7
20007ffc:	0436      	lsls	r6, r6, #16
20007ffe:	199b      	adds	r3, r3, r6
20008000:	0417      	lsls	r7, r2, #16
20008002:	0c16      	lsrs	r6, r2, #16
20008004:	187f      	adds	r7, r7, r1
20008006:	415e      	adcs	r6, r3
20008008:	1673      	asrs	r3, r6, #25
2000800a:	18ed      	adds	r5, r5, r3
2000800c:	01f3      	lsls	r3, r6, #7
2000800e:	2600      	movs	r6, #0
20008010:	3380      	adds	r3, #128	@ 0x80
20008012:	4175      	adcs	r5, r6
20008014:	0fa9      	lsrs	r1, r5, #30
20008016:	d106      	bne.n	20008026 <dd_0>
20008018:	0064      	lsls	r4, r4, #1
2000801a:	0a69      	lsrs	r1, r5, #9
2000801c:	05e8      	lsls	r0, r5, #23
2000801e:	0a5b      	lsrs	r3, r3, #9
20008020:	4318      	orrs	r0, r3
20008022:	d209      	bcs.n	20008038 <dd_1>
20008024:	e02f      	b.n	20008086 <dd_2>

20008026 <dd_0>:
20008026:	2204      	movs	r2, #4
20008028:	4494      	add	ip, r2
2000802a:	3380      	adds	r3, #128	@ 0x80
2000802c:	4175      	adcs	r5, r6
2000802e:	0aa9      	lsrs	r1, r5, #10
20008030:	05a8      	lsls	r0, r5, #22
20008032:	0a9b      	lsrs	r3, r3, #10
20008034:	4318      	orrs	r0, r3
20008036:	d326      	bcc.n	20008086 <dd_2>

20008038 <dd_1>:
20008038:	4140      	adcs	r0, r0
2000803a:	4149      	adcs	r1, r1
2000803c:	0424      	lsls	r4, r4, #16
2000803e:	9a00      	ldr	r2, [sp, #0]
20008040:	9b01      	ldr	r3, [sp, #4]
20008042:	000d      	movs	r5, r1
20008044:	4355      	muls	r5, r2
20008046:	1b64      	subs	r4, r4, r5
20008048:	4343      	muls	r3, r0
2000804a:	1ae4      	subs	r4, r4, r3
2000804c:	b295      	uxth	r5, r2
2000804e:	b286      	uxth	r6, r0
20008050:	4375      	muls	r5, r6
20008052:	0c17      	lsrs	r7, r2, #16
20008054:	437e      	muls	r6, r7
20008056:	0c03      	lsrs	r3, r0, #16
20008058:	435f      	muls	r7, r3
2000805a:	b292      	uxth	r2, r2
2000805c:	435a      	muls	r2, r3
2000805e:	18b6      	adds	r6, r6, r2
20008060:	d302      	bcc.n	20008068 <l24_1>
20008062:	2201      	movs	r2, #1
20008064:	0412      	lsls	r2, r2, #16
20008066:	18bf      	adds	r7, r7, r2

20008068 <l24_1>:
20008068:	0432      	lsls	r2, r6, #16
2000806a:	0c33      	lsrs	r3, r6, #16
2000806c:	1952      	adds	r2, r2, r5
2000806e:	417b      	adcs	r3, r7
20008070:	4252      	negs	r2, r2
20008072:	419c      	sbcs	r4, r3
20008074:	2c00      	cmp	r4, #0
20008076:	d402      	bmi.n	2000807e <l24_1+0x16>
20008078:	2200      	movs	r2, #0
2000807a:	3001      	adds	r0, #1
2000807c:	4151      	adcs	r1, r2
2000807e:	0840      	lsrs	r0, r0, #1
20008080:	07ca      	lsls	r2, r1, #31
20008082:	4310      	orrs	r0, r2
20008084:	0849      	lsrs	r1, r1, #1

20008086 <dd_2>:
20008086:	b002      	add	sp, #8
20008088:	4662      	mov	r2, ip
2000808a:	07d7      	lsls	r7, r2, #31
2000808c:	1092      	asrs	r2, r2, #2
2000808e:	4b08      	ldr	r3, [pc, #32]	@ (200080b0 <dd_4+0x6>)
20008090:	18d2      	adds	r2, r2, r3
20008092:	4b08      	ldr	r3, [pc, #32]	@ (200080b4 <dd_4+0xa>)
20008094:	429a      	cmp	r2, r3
20008096:	d203      	bcs.n	200080a0 <dd_3>
20008098:	0512      	lsls	r2, r2, #20
2000809a:	1889      	adds	r1, r1, r2

2000809c <dd_5>:
2000809c:	19c9      	adds	r1, r1, r7
2000809e:	bdf0      	pop	{r4, r5, r6, r7, pc}

200080a0 <dd_3>:
200080a0:	2000      	movs	r0, #0
200080a2:	2a00      	cmp	r2, #0
200080a4:	dc01      	bgt.n	200080aa <dd_4>
200080a6:	0039      	movs	r1, r7
200080a8:	bdf0      	pop	{r4, r5, r6, r7, pc}

200080aa <dd_4>:
200080aa:	3301      	adds	r3, #1
200080ac:	0519      	lsls	r1, r3, #20
200080ae:	e7f5      	b.n	2000809c <dd_5>
200080b0:	000003fd 	.word	0x000003fd
200080b4:	000007fe 	.word	0x000007fe

200080b8 <double2uint_shim>:
200080b8:	2200      	movs	r2, #0

200080ba <double2ufix_shim>:
200080ba:	b500      	push	{lr}
200080bc:	3220      	adds	r2, #32
200080be:	f000 f804 	bl	200080ca <double2ufix64_shim>
200080c2:	0008      	movs	r0, r1
200080c4:	bd00      	pop	{pc}
	...

200080c8 <double2uint64_shim>:
200080c8:	2200      	movs	r2, #0

200080ca <double2ufix64_shim>:
200080ca:	150b      	asrs	r3, r1, #20
200080cc:	d40a      	bmi.n	200080e4 <ret_dzero>

200080ce <d2fix>:
200080ce:	b510      	push	{r4, lr}
200080d0:	4694      	mov	ip, r2
200080d2:	f000 f85f 	bl	20008194 <dunpacks>
200080d6:	1414      	asrs	r4, r2, #16
200080d8:	3401      	adds	r4, #1
200080da:	da00      	bge.n	200080de <d2fix+0x10>
200080dc:	2100      	movs	r1, #0
200080de:	17cb      	asrs	r3, r1, #31
200080e0:	4c14      	ldr	r4, [pc, #80]	@ (20008134 <d2fix_a+0x4a>)
200080e2:	4720      	bx	r4

200080e4 <ret_dzero>:
200080e4:	2000      	movs	r0, #0
200080e6:	2100      	movs	r1, #0
200080e8:	4770      	bx	lr

200080ea <d2fix_a>:
200080ea:	4462      	add	r2, ip
200080ec:	3a34      	subs	r2, #52	@ 0x34
200080ee:	d40c      	bmi.n	2000810a <d2fix_a+0x20>
200080f0:	2a0c      	cmp	r2, #12
200080f2:	da07      	bge.n	20008104 <d2fix_a+0x1a>
200080f4:	0004      	movs	r4, r0
200080f6:	4091      	lsls	r1, r2
200080f8:	4090      	lsls	r0, r2
200080fa:	4252      	negs	r2, r2
200080fc:	3220      	adds	r2, #32
200080fe:	40d4      	lsrs	r4, r2
20008100:	4321      	orrs	r1, r4
20008102:	bd10      	pop	{r4, pc}
20008104:	43d8      	mvns	r0, r3
20008106:	43d9      	mvns	r1, r3
20008108:	bd10      	pop	{r4, pc}
2000810a:	3220      	adds	r2, #32
2000810c:	d407      	bmi.n	2000811e <d2fix_a+0x34>
2000810e:	460c      	mov	r4, r1
20008110:	4094      	lsls	r4, r2
20008112:	4252      	negs	r2, r2
20008114:	3220      	adds	r2, #32
20008116:	4111      	asrs	r1, r2
20008118:	40d0      	lsrs	r0, r2
2000811a:	4320      	orrs	r0, r4
2000811c:	bd10      	pop	{r4, pc}
2000811e:	0008      	movs	r0, r1
20008120:	17c9      	asrs	r1, r1, #31
20008122:	3220      	adds	r2, #32
20008124:	d403      	bmi.n	2000812e <d2fix_a+0x44>
20008126:	4252      	negs	r2, r2
20008128:	3220      	adds	r2, #32
2000812a:	4110      	asrs	r0, r2
2000812c:	bd10      	pop	{r4, pc}
2000812e:	0018      	movs	r0, r3
20008130:	0019      	movs	r1, r3
20008132:	bd10      	pop	{r4, pc}
20008134:	200080eb 	.word	0x200080eb

20008138 <double2float_shim>:
20008138:	004a      	lsls	r2, r1, #1
2000813a:	0d52      	lsrs	r2, r2, #21
2000813c:	4b14      	ldr	r3, [pc, #80]	@ (20008190 <double2float_shim+0x58>)
2000813e:	1ad2      	subs	r2, r2, r3
20008140:	dd13      	ble.n	2000816a <double2float_shim+0x32>
20008142:	2aff      	cmp	r2, #255	@ 0xff
20008144:	da1e      	bge.n	20008184 <double2float_shim+0x4c>
20008146:	05d2      	lsls	r2, r2, #23
20008148:	0fcb      	lsrs	r3, r1, #31
2000814a:	07db      	lsls	r3, r3, #31
2000814c:	431a      	orrs	r2, r3
2000814e:	00c3      	lsls	r3, r0, #3
20008150:	0f40      	lsrs	r0, r0, #29
20008152:	0309      	lsls	r1, r1, #12
20008154:	0a49      	lsrs	r1, r1, #9
20008156:	4308      	orrs	r0, r1
20008158:	4310      	orrs	r0, r2
2000815a:	005b      	lsls	r3, r3, #1
2000815c:	d301      	bcc.n	20008162 <double2float_shim+0x2a>
2000815e:	d001      	beq.n	20008164 <double2float_shim+0x2c>
20008160:	3001      	adds	r0, #1
20008162:	4770      	bx	lr
20008164:	0843      	lsrs	r3, r0, #1
20008166:	d2fb      	bcs.n	20008160 <double2float_shim+0x28>
20008168:	4770      	bx	lr
2000816a:	d002      	beq.n	20008172 <double2float_shim+0x3a>
2000816c:	0fc8      	lsrs	r0, r1, #31
2000816e:	07c0      	lsls	r0, r0, #31
20008170:	4770      	bx	lr
20008172:	030a      	lsls	r2, r1, #12
20008174:	1312      	asrs	r2, r2, #12
20008176:	3201      	adds	r2, #1
20008178:	d1f8      	bne.n	2000816c <double2float_shim+0x34>
2000817a:	0f42      	lsrs	r2, r0, #29
2000817c:	2a07      	cmp	r2, #7
2000817e:	d1f5      	bne.n	2000816c <double2float_shim+0x34>
20008180:	2201      	movs	r2, #1
20008182:	e000      	b.n	20008186 <double2float_shim+0x4e>
20008184:	22ff      	movs	r2, #255	@ 0xff
20008186:	0fc8      	lsrs	r0, r1, #31
20008188:	0200      	lsls	r0, r0, #8
2000818a:	1880      	adds	r0, r0, r2
2000818c:	05c0      	lsls	r0, r0, #23
2000818e:	4770      	bx	lr
20008190:	00000380 	.word	0x00000380

20008194 <dunpacks>:
20008194:	0d0a      	lsrs	r2, r1, #20
20008196:	0fcc      	lsrs	r4, r1, #31
20008198:	1e53      	subs	r3, r2, #1
2000819a:	051b      	lsls	r3, r3, #20
2000819c:	1ac9      	subs	r1, r1, r3
2000819e:	0552      	lsls	r2, r2, #21
200081a0:	d303      	bcc.n	200081aa <l60_1>
200081a2:	43c9      	mvns	r1, r1
200081a4:	4240      	negs	r0, r0
200081a6:	d300      	bcc.n	200081aa <l60_1>
200081a8:	3101      	adds	r1, #1

200081aa <l60_1>:
200081aa:	0d52      	lsrs	r2, r2, #21
200081ac:	d003      	beq.n	200081b6 <l60_2>
200081ae:	1c53      	adds	r3, r2, #1
200081b0:	0adb      	lsrs	r3, r3, #11
200081b2:	d007      	beq.n	200081c4 <l60_3>
200081b4:	1b12      	subs	r2, r2, r4

200081b6 <l60_2>:
200081b6:	2000      	movs	r0, #0
200081b8:	0064      	lsls	r4, r4, #1
200081ba:	1c61      	adds	r1, r4, #1
200081bc:	0789      	lsls	r1, r1, #30
200081be:	1289      	asrs	r1, r1, #10
200081c0:	3a80      	subs	r2, #128	@ 0x80
200081c2:	0312      	lsls	r2, r2, #12

200081c4 <l60_3>:
200081c4:	4b01      	ldr	r3, [pc, #4]	@ (200081cc <l60_3+0x8>)
200081c6:	1ad2      	subs	r2, r2, r3
200081c8:	4770      	bx	lr
200081ca:	0000      	.short	0x0000
200081cc:	000003ff 	.word	0x000003ff

200081d0 <__wrap___aeabi_lmul>:
200081d0:	4351      	muls	r1, r2
200081d2:	4343      	muls	r3, r0
200081d4:	18c9      	adds	r1, r1, r3
200081d6:	468c      	mov	ip, r1
200081d8:	0c11      	lsrs	r1, r2, #16
200081da:	b283      	uxth	r3, r0
200081dc:	434b      	muls	r3, r1
200081de:	b410      	push	{r4}
200081e0:	0c04      	lsrs	r4, r0, #16
200081e2:	4361      	muls	r1, r4
200081e4:	b292      	uxth	r2, r2
200081e6:	b280      	uxth	r0, r0
200081e8:	4350      	muls	r0, r2
200081ea:	4362      	muls	r2, r4
200081ec:	041c      	lsls	r4, r3, #16
200081ee:	0c1b      	lsrs	r3, r3, #16
200081f0:	1900      	adds	r0, r0, r4
200081f2:	bc10      	pop	{r4}
200081f4:	4159      	adcs	r1, r3
200081f6:	0413      	lsls	r3, r2, #16
200081f8:	0c12      	lsrs	r2, r2, #16
200081fa:	18c0      	adds	r0, r0, r3
200081fc:	4151      	adcs	r1, r2
200081fe:	4461      	add	r1, ip
20008200:	4770      	bx	lr
	...

20008204 <__wrap___aeabi_frsub>:
20008204:	4048      	eors	r0, r1
20008206:	4041      	eors	r1, r0
20008208:	4048      	eors	r0, r1

2000820a <__wrap___aeabi_fsub>:
2000820a:	2300      	movs	r3, #0
2000820c:	469c      	mov	ip, r3
2000820e:	4b11      	ldr	r3, [pc, #68]	@ (20008254 <__wrap___aeabi_fmul+0xa>)
20008210:	685b      	ldr	r3, [r3, #4]
20008212:	4718      	bx	r3

20008214 <__wrap___aeabi_fadd>:
20008214:	2300      	movs	r3, #0
20008216:	469c      	mov	ip, r3
20008218:	4b0e      	ldr	r3, [pc, #56]	@ (20008254 <__wrap___aeabi_fmul+0xa>)
2000821a:	681b      	ldr	r3, [r3, #0]
2000821c:	4718      	bx	r3

2000821e <__wrap___aeabi_fdiv>:
2000821e:	4a0e      	ldr	r2, [pc, #56]	@ (20008258 <__wrap___aeabi_fmul+0xe>)
20008220:	6f93      	ldr	r3, [r2, #120]	@ 0x78
20008222:	089b      	lsrs	r3, r3, #2
20008224:	d204      	bcs.n	20008230 <fdiv_save_state>

20008226 <fdiv_shim_call>:
20008226:	2300      	movs	r3, #0
20008228:	469c      	mov	ip, r3
2000822a:	4b0a      	ldr	r3, [pc, #40]	@ (20008254 <__wrap___aeabi_fmul+0xa>)
2000822c:	68db      	ldr	r3, [r3, #12]
2000822e:	4718      	bx	r3

20008230 <fdiv_save_state>:
20008230:	b5f0      	push	{r4, r5, r6, r7, lr}
20008232:	6e14      	ldr	r4, [r2, #96]	@ 0x60
20008234:	6e55      	ldr	r5, [r2, #100]	@ 0x64
20008236:	6f57      	ldr	r7, [r2, #116]	@ 0x74
20008238:	6f16      	ldr	r6, [r2, #112]	@ 0x70
2000823a:	f7ff fff4 	bl	20008226 <fdiv_shim_call>
2000823e:	4a06      	ldr	r2, [pc, #24]	@ (20008258 <__wrap___aeabi_fmul+0xe>)
20008240:	6614      	str	r4, [r2, #96]	@ 0x60
20008242:	6655      	str	r5, [r2, #100]	@ 0x64
20008244:	6757      	str	r7, [r2, #116]	@ 0x74
20008246:	6716      	str	r6, [r2, #112]	@ 0x70
20008248:	bdf0      	pop	{r4, r5, r6, r7, pc}

2000824a <__wrap___aeabi_fmul>:
2000824a:	2300      	movs	r3, #0
2000824c:	469c      	mov	ip, r3
2000824e:	4b01      	ldr	r3, [pc, #4]	@ (20008254 <__wrap___aeabi_fmul+0xa>)
20008250:	689b      	ldr	r3, [r3, #8]
20008252:	4718      	bx	r3
20008254:	20020a0c 	.word	0x20020a0c
20008258:	d0000000 	.word	0xd0000000

2000825c <__wrap___aeabi_ui2f>:
2000825c:	1a49      	subs	r1, r1, r1
2000825e:	2800      	cmp	r0, #0
20008260:	d108      	bne.n	20008274 <__aeabi_i2f_main>
20008262:	4608      	mov	r0, r1
20008264:	4770      	bx	lr
	...

20008268 <__wrap___aeabi_i2f>:
20008268:	0fc1      	lsrs	r1, r0, #31
2000826a:	07c9      	lsls	r1, r1, #31
2000826c:	d500      	bpl.n	20008270 <__wrap___aeabi_i2f+0x8>
2000826e:	4240      	negs	r0, r0
20008270:	2800      	cmp	r0, #0
20008272:	d017      	beq.n	200082a4 <__aeabi_i2f_main+0x30>

20008274 <__aeabi_i2f_main>:
20008274:	46f4      	mov	ip, lr
20008276:	b403      	push	{r0, r1}
20008278:	4b0b      	ldr	r3, [pc, #44]	@ (200082a8 <__aeabi_i2f_main+0x34>)
2000827a:	681b      	ldr	r3, [r3, #0]
2000827c:	4798      	blx	r3
2000827e:	bc06      	pop	{r1, r2}
20008280:	4081      	lsls	r1, r0
20008282:	389e      	subs	r0, #158	@ 0x9e
20008284:	4240      	negs	r0, r0
20008286:	3180      	adds	r1, #128	@ 0x80
20008288:	d207      	bcs.n	2000829a <__aeabi_i2f_main+0x26>
2000828a:	060b      	lsls	r3, r1, #24
2000828c:	d007      	beq.n	2000829e <__aeabi_i2f_main+0x2a>
2000828e:	0049      	lsls	r1, r1, #1
20008290:	0a49      	lsrs	r1, r1, #9
20008292:	05c0      	lsls	r0, r0, #23
20008294:	4310      	orrs	r0, r2
20008296:	4308      	orrs	r0, r1
20008298:	4760      	bx	ip
2000829a:	3001      	adds	r0, #1
2000829c:	e7f8      	b.n	20008290 <__aeabi_i2f_main+0x1c>
2000829e:	0a49      	lsrs	r1, r1, #9
200082a0:	0289      	lsls	r1, r1, #10
200082a2:	e7f5      	b.n	20008290 <__aeabi_i2f_main+0x1c>
200082a4:	4770      	bx	lr
200082a6:	0000      	.short	0x0000
200082a8:	20020a08 	.word	0x20020a08

200082ac <__wrap___aeabi_f2uiz>:
200082ac:	2300      	movs	r3, #0
200082ae:	469c      	mov	ip, r3
200082b0:	4b01      	ldr	r3, [pc, #4]	@ (200082b8 <__wrap___aeabi_f2uiz+0xc>)
200082b2:	6a5b      	ldr	r3, [r3, #36]	@ 0x24
200082b4:	4718      	bx	r3
200082b6:	0000      	.short	0x0000
200082b8:	20020a0c 	.word	0x20020a0c

200082bc <__wrap___aeabi_f2d>:
200082bc:	4b03      	ldr	r3, [pc, #12]	@ (200082cc <__wrap___aeabi_f2d+0x10>)
200082be:	6fdb      	ldr	r3, [r3, #124]	@ 0x7c
200082c0:	46fc      	mov	ip, pc
200082c2:	4718      	bx	r3
200082c4:	8401df7c 	.word	0x8401df7c
200082c8:	00002000 	.word	0x00002000
200082cc:	20020a0c 	.word	0x20020a0c

200082d0 <__aeabi_float_init>:
200082d0:	b570      	push	{r4, r5, r6, lr}
200082d2:	2313      	movs	r3, #19
200082d4:	781c      	ldrb	r4, [r3, #0]
200082d6:	482a      	ldr	r0, [pc, #168]	@ (20008380 <__aeabi_float_init+0xb0>)
200082d8:	f7fe ff90 	bl	200071fc <rom_data_lookup>
200082dc:	0005      	movs	r5, r0
200082de:	2c01      	cmp	r4, #1
200082e0:	d012      	beq.n	20008308 <__aeabi_float_init+0x38>
200082e2:	2c01      	cmp	r4, #1
200082e4:	dd0a      	ble.n	200082fc <__aeabi_float_init+0x2c>
200082e6:	002b      	movs	r3, r5
200082e8:	3b02      	subs	r3, #2
200082ea:	781b      	ldrb	r3, [r3, #0]
200082ec:	009b      	lsls	r3, r3, #2
200082ee:	2b7f      	cmp	r3, #127	@ 0x7f
200082f0:	dd40      	ble.n	20008374 <__aeabi_float_init+0xa4>
200082f2:	4824      	ldr	r0, [pc, #144]	@ (20008384 <__aeabi_float_init+0xb4>)
200082f4:	2280      	movs	r2, #128	@ 0x80
200082f6:	0029      	movs	r1, r5
200082f8:	f000 f8a8 	bl	2000844c <__wrap___aeabi_memcpy>
200082fc:	4822      	ldr	r0, [pc, #136]	@ (20008388 <__aeabi_float_init+0xb8>)
200082fe:	f7fe ff75 	bl	200071ec <rom_func_lookup>
20008302:	4b22      	ldr	r3, [pc, #136]	@ (2000838c <__aeabi_float_init+0xbc>)
20008304:	6018      	str	r0, [r3, #0]
20008306:	bd70      	pop	{r4, r5, r6, pc}
20008308:	481e      	ldr	r0, [pc, #120]	@ (20008384 <__aeabi_float_init+0xb4>)
2000830a:	2254      	movs	r2, #84	@ 0x54
2000830c:	0029      	movs	r1, r5
2000830e:	f000 f89d 	bl	2000844c <__wrap___aeabi_memcpy>
20008312:	4b1f      	ldr	r3, [pc, #124]	@ (20008390 <__aeabi_float_init+0xc0>)
20008314:	881a      	ldrh	r2, [r3, #0]
20008316:	4b1f      	ldr	r3, [pc, #124]	@ (20008394 <__aeabi_float_init+0xc4>)
20008318:	429a      	cmp	r2, r3
2000831a:	d11c      	bne.n	20008356 <__aeabi_float_init+0x86>
2000831c:	23a7      	movs	r3, #167	@ 0xa7
2000831e:	019b      	lsls	r3, r3, #6
20008320:	881a      	ldrh	r2, [r3, #0]
20008322:	4b1d      	ldr	r3, [pc, #116]	@ (20008398 <__aeabi_float_init+0xc8>)
20008324:	429a      	cmp	r2, r3
20008326:	d116      	bne.n	20008356 <__aeabi_float_init+0x86>
20008328:	4b1c      	ldr	r3, [pc, #112]	@ (2000839c <__aeabi_float_init+0xcc>)
2000832a:	881a      	ldrh	r2, [r3, #0]
2000832c:	4b1c      	ldr	r3, [pc, #112]	@ (200083a0 <__aeabi_float_init+0xd0>)
2000832e:	429a      	cmp	r2, r3
20008330:	d111      	bne.n	20008356 <__aeabi_float_init+0x86>
20008332:	4b1c      	ldr	r3, [pc, #112]	@ (200083a4 <__aeabi_float_init+0xd4>)
20008334:	881a      	ldrh	r2, [r3, #0]
20008336:	2394      	movs	r3, #148	@ 0x94
20008338:	019b      	lsls	r3, r3, #6
2000833a:	429a      	cmp	r2, r3
2000833c:	d10b      	bne.n	20008356 <__aeabi_float_init+0x86>
2000833e:	4b1a      	ldr	r3, [pc, #104]	@ (200083a8 <__aeabi_float_init+0xd8>)
20008340:	881a      	ldrh	r2, [r3, #0]
20008342:	4b1a      	ldr	r3, [pc, #104]	@ (200083ac <__aeabi_float_init+0xdc>)
20008344:	429a      	cmp	r2, r3
20008346:	d106      	bne.n	20008356 <__aeabi_float_init+0x86>
20008348:	4b19      	ldr	r3, [pc, #100]	@ (200083b0 <__aeabi_float_init+0xe0>)
2000834a:	681a      	ldr	r2, [r3, #0]
2000834c:	4b19      	ldr	r3, [pc, #100]	@ (200083b4 <__aeabi_float_init+0xe4>)
2000834e:	429a      	cmp	r2, r3
20008350:	d101      	bne.n	20008356 <__aeabi_float_init+0x86>
20008352:	2315      	movs	r3, #21
20008354:	e007      	b.n	20008366 <__aeabi_float_init+0x96>
20008356:	4818      	ldr	r0, [pc, #96]	@ (200083b8 <__aeabi_float_init+0xe8>)
20008358:	f7fd fb76 	bl	20005a48 <panic>
2000835c:	4917      	ldr	r1, [pc, #92]	@ (200083bc <__aeabi_float_init+0xec>)
2000835e:	4a09      	ldr	r2, [pc, #36]	@ (20008384 <__aeabi_float_init+0xb4>)
20008360:	0098      	lsls	r0, r3, #2
20008362:	5081      	str	r1, [r0, r2]
20008364:	3301      	adds	r3, #1
20008366:	2b1f      	cmp	r3, #31
20008368:	d9f8      	bls.n	2000835c <__aeabi_float_init+0x8c>
2000836a:	4b14      	ldr	r3, [pc, #80]	@ (200083bc <__aeabi_float_init+0xec>)
2000836c:	4a05      	ldr	r2, [pc, #20]	@ (20008384 <__aeabi_float_init+0xb4>)
2000836e:	6213      	str	r3, [r2, #32]
20008370:	61d3      	str	r3, [r2, #28]
20008372:	e7b6      	b.n	200082e2 <__aeabi_float_init+0x12>
20008374:	4b12      	ldr	r3, [pc, #72]	@ (200083c0 <__aeabi_float_init+0xf0>)
20008376:	4a13      	ldr	r2, [pc, #76]	@ (200083c4 <__aeabi_float_init+0xf4>)
20008378:	4813      	ldr	r0, [pc, #76]	@ (200083c8 <__aeabi_float_init+0xf8>)
2000837a:	2143      	movs	r1, #67	@ 0x43
2000837c:	f001 f9d8 	bl	20009730 <__assert_func>
20008380:	00004653 	.word	0x00004653
20008384:	20020a0c 	.word	0x20020a0c
20008388:	0000334c 	.word	0x0000334c
2000838c:	20020a08 	.word	0x20020a08
20008390:	000029ee 	.word	0x000029ee
20008394:	00000fc4 	.word	0x00000fc4
20008398:	00000dc2 	.word	0x00000dc2
2000839c:	00002b96 	.word	0x00002b96
200083a0:	0000b5c0 	.word	0x0000b5c0
200083a4:	00002b18 	.word	0x00002b18
200083a8:	00002acc 	.word	0x00002acc
200083ac:	0000b510 	.word	0x0000b510
200083b0:	00002cfc 	.word	0x00002cfc
200083b4:	6487ed51 	.word	0x6487ed51
200083b8:	2000b3e4 	.word	0x2000b3e4
200083bc:	200083cd 	.word	0x200083cd
200083c0:	2000d04c 	.word	0x2000d04c
200083c4:	2000d808 	.word	0x2000d808
200083c8:	2000d080 	.word	0x2000d080

200083cc <float_table_shim_on_use_helper>:
200083cc:	b507      	push	{r0, r1, r2, lr}
200083ce:	4660      	mov	r0, ip
200083d0:	2800      	cmp	r0, #0
200083d2:	d100      	bne.n	200083d6 <float_table_shim_on_use_helper+0xa>
200083d4:	be00      	bkpt	0x0000
200083d6:	8801      	ldrh	r1, [r0, #0]
200083d8:	0a0a      	lsrs	r2, r1, #8
200083da:	3002      	adds	r0, #2
200083dc:	2adf      	cmp	r2, #223	@ 0xdf
200083de:	d1fa      	bne.n	200083d6 <float_table_shim_on_use_helper+0xa>
200083e0:	b2c9      	uxtb	r1, r1
200083e2:	0882      	lsrs	r2, r0, #2
200083e4:	d304      	bcc.n	200083f0 <float_table_shim_on_use_helper+0x24>
200083e6:	8802      	ldrh	r2, [r0, #0]
200083e8:	8840      	ldrh	r0, [r0, #2]
200083ea:	0400      	lsls	r0, r0, #16
200083ec:	4310      	orrs	r0, r2
200083ee:	e000      	b.n	200083f2 <float_table_shim_on_use_helper+0x26>
200083f0:	6800      	ldr	r0, [r0, #0]
200083f2:	4a02      	ldr	r2, [pc, #8]	@ (200083fc <float_table_shim_on_use_helper+0x30>)
200083f4:	5050      	str	r0, [r2, r1]
200083f6:	9003      	str	r0, [sp, #12]
200083f8:	bd07      	pop	{r0, r1, r2, pc}
200083fa:	0000      	.short	0x0000
200083fc:	20020a0c 	.word	0x20020a0c

20008400 <float2double_shim>:
20008400:	0fc3      	lsrs	r3, r0, #31
20008402:	07db      	lsls	r3, r3, #31
20008404:	0041      	lsls	r1, r0, #1
20008406:	0e0a      	lsrs	r2, r1, #24
20008408:	d007      	beq.n	2000841a <float2double_shim+0x1a>
2000840a:	2aff      	cmp	r2, #255	@ 0xff
2000840c:	d008      	beq.n	20008420 <float2double_shim+0x20>
2000840e:	0909      	lsrs	r1, r1, #4
20008410:	4a05      	ldr	r2, [pc, #20]	@ (20008428 <float2double_shim+0x28>)
20008412:	1889      	adds	r1, r1, r2
20008414:	4319      	orrs	r1, r3
20008416:	0740      	lsls	r0, r0, #29
20008418:	4770      	bx	lr
2000841a:	0019      	movs	r1, r3
2000841c:	2000      	movs	r0, #0
2000841e:	4770      	bx	lr
20008420:	4902      	ldr	r1, [pc, #8]	@ (2000842c <float2double_shim+0x2c>)
20008422:	18c9      	adds	r1, r1, r3
20008424:	e7fa      	b.n	2000841c <float2double_shim+0x1c>
20008426:	0000      	.short	0x0000
20008428:	38000000 	.word	0x38000000
2000842c:	7ff00000 	.word	0x7ff00000

20008430 <__aeabi_mem_init>:
20008430:	4801      	ldr	r0, [pc, #4]	@ (20008438 <__aeabi_mem_init+0x8>)
20008432:	2104      	movs	r1, #4
20008434:	4b01      	ldr	r3, [pc, #4]	@ (2000843c <__aeabi_mem_init+0xc>)
20008436:	4718      	bx	r3
20008438:	2000da30 	.word	0x2000da30
2000843c:	2000720d 	.word	0x2000720d

20008440 <__wrap_memset>:
20008440:	4b01      	ldr	r3, [pc, #4]	@ (20008448 <__wrap_memset+0x8>)
20008442:	681b      	ldr	r3, [r3, #0]
20008444:	4718      	bx	r3
20008446:	0000      	.short	0x0000
20008448:	2000da30 	.word	0x2000da30

2000844c <__wrap___aeabi_memcpy>:
2000844c:	4b01      	ldr	r3, [pc, #4]	@ (20008454 <__wrap___aeabi_memcpy+0x8>)
2000844e:	685b      	ldr	r3, [r3, #4]
20008450:	4718      	bx	r3
20008452:	0000      	.short	0x0000
20008454:	2000da30 	.word	0x2000da30

20008458 <_out_buffer>:
20008458:	429a      	cmp	r2, r3
2000845a:	d200      	bcs.n	2000845e <_out_buffer+0x6>
2000845c:	5488      	strb	r0, [r1, r2]
2000845e:	4770      	bx	lr

20008460 <_out_null>:
20008460:	4770      	bx	lr

20008462 <_out_fct>:
20008462:	b510      	push	{r4, lr}
20008464:	2800      	cmp	r0, #0
20008466:	d002      	beq.n	2000846e <_out_fct+0xc>
20008468:	680b      	ldr	r3, [r1, #0]
2000846a:	6849      	ldr	r1, [r1, #4]
2000846c:	4798      	blx	r3
2000846e:	bd10      	pop	{r4, pc}

20008470 <_atoi>:
20008470:	0001      	movs	r1, r0
20008472:	2000      	movs	r0, #0
20008474:	e007      	b.n	20008486 <_atoi+0x16>
20008476:	0083      	lsls	r3, r0, #2
20008478:	181b      	adds	r3, r3, r0
2000847a:	005b      	lsls	r3, r3, #1
2000847c:	1c50      	adds	r0, r2, #1
2000847e:	6008      	str	r0, [r1, #0]
20008480:	7810      	ldrb	r0, [r2, #0]
20008482:	18c0      	adds	r0, r0, r3
20008484:	3830      	subs	r0, #48	@ 0x30
20008486:	680a      	ldr	r2, [r1, #0]
20008488:	7813      	ldrb	r3, [r2, #0]
2000848a:	3b30      	subs	r3, #48	@ 0x30
2000848c:	b2db      	uxtb	r3, r3
2000848e:	2b09      	cmp	r3, #9
20008490:	d9f1      	bls.n	20008476 <_atoi+0x6>
20008492:	4770      	bx	lr

20008494 <_out_rev>:
20008494:	b5f0      	push	{r4, r5, r6, r7, lr}
20008496:	46d6      	mov	lr, sl
20008498:	464f      	mov	r7, r9
2000849a:	4646      	mov	r6, r8
2000849c:	b5c0      	push	{r6, r7, lr}
2000849e:	0005      	movs	r5, r0
200084a0:	000e      	movs	r6, r1
200084a2:	0010      	movs	r0, r2
200084a4:	4691      	mov	r9, r2
200084a6:	001f      	movs	r7, r3
200084a8:	9c09      	ldr	r4, [sp, #36]	@ 0x24
200084aa:	9b0b      	ldr	r3, [sp, #44]	@ 0x2c
200084ac:	2202      	movs	r2, #2
200084ae:	0011      	movs	r1, r2
200084b0:	4019      	ands	r1, r3
200084b2:	468a      	mov	sl, r1
200084b4:	421a      	tst	r2, r3
200084b6:	d134      	bne.n	20008522 <_out_rev+0x8e>
200084b8:	07db      	lsls	r3, r3, #31
200084ba:	d516      	bpl.n	200084ea <_out_rev+0x56>
200084bc:	0002      	movs	r2, r0
200084be:	46b8      	mov	r8, r7
200084c0:	0037      	movs	r7, r6
200084c2:	002e      	movs	r6, r5
200084c4:	e01f      	b.n	20008506 <_out_rev+0x72>
200084c6:	1c55      	adds	r5, r2, #1
200084c8:	0033      	movs	r3, r6
200084ca:	4641      	mov	r1, r8
200084cc:	2020      	movs	r0, #32
200084ce:	47b8      	blx	r7
200084d0:	3401      	adds	r4, #1
200084d2:	002a      	movs	r2, r5
200084d4:	9b0a      	ldr	r3, [sp, #40]	@ 0x28
200084d6:	429c      	cmp	r4, r3
200084d8:	d3f5      	bcc.n	200084c6 <_out_rev+0x32>
200084da:	003d      	movs	r5, r7
200084dc:	0037      	movs	r7, r6
200084de:	4646      	mov	r6, r8
200084e0:	9c09      	ldr	r4, [sp, #36]	@ 0x24
200084e2:	46b8      	mov	r8, r7
200084e4:	0037      	movs	r7, r6
200084e6:	002e      	movs	r6, r5
200084e8:	e00d      	b.n	20008506 <_out_rev+0x72>
200084ea:	0002      	movs	r2, r0
200084ec:	46b0      	mov	r8, r6
200084ee:	003e      	movs	r6, r7
200084f0:	002f      	movs	r7, r5
200084f2:	9409      	str	r4, [sp, #36]	@ 0x24
200084f4:	e7ee      	b.n	200084d4 <_out_rev+0x40>
200084f6:	3c01      	subs	r4, #1
200084f8:	1c55      	adds	r5, r2, #1
200084fa:	9b08      	ldr	r3, [sp, #32]
200084fc:	5d18      	ldrb	r0, [r3, r4]
200084fe:	4643      	mov	r3, r8
20008500:	0039      	movs	r1, r7
20008502:	47b0      	blx	r6
20008504:	002a      	movs	r2, r5
20008506:	2c00      	cmp	r4, #0
20008508:	d1f5      	bne.n	200084f6 <_out_rev+0x62>
2000850a:	0035      	movs	r5, r6
2000850c:	003e      	movs	r6, r7
2000850e:	4647      	mov	r7, r8
20008510:	4653      	mov	r3, sl
20008512:	2b00      	cmp	r3, #0
20008514:	d116      	bne.n	20008544 <_out_rev+0xb0>
20008516:	0010      	movs	r0, r2
20008518:	bce0      	pop	{r5, r6, r7}
2000851a:	46ba      	mov	sl, r7
2000851c:	46b1      	mov	r9, r6
2000851e:	46a8      	mov	r8, r5
20008520:	bdf0      	pop	{r4, r5, r6, r7, pc}
20008522:	0002      	movs	r2, r0
20008524:	46b8      	mov	r8, r7
20008526:	0037      	movs	r7, r6
20008528:	002e      	movs	r6, r5
2000852a:	e7ec      	b.n	20008506 <_out_rev+0x72>
2000852c:	1c54      	adds	r4, r2, #1
2000852e:	0033      	movs	r3, r6
20008530:	0029      	movs	r1, r5
20008532:	2020      	movs	r0, #32
20008534:	47b8      	blx	r7
20008536:	0022      	movs	r2, r4
20008538:	464b      	mov	r3, r9
2000853a:	1ad3      	subs	r3, r2, r3
2000853c:	990a      	ldr	r1, [sp, #40]	@ 0x28
2000853e:	428b      	cmp	r3, r1
20008540:	d3f4      	bcc.n	2000852c <_out_rev+0x98>
20008542:	e7e8      	b.n	20008516 <_out_rev+0x82>
20008544:	003b      	movs	r3, r7
20008546:	002f      	movs	r7, r5
20008548:	0035      	movs	r5, r6
2000854a:	001e      	movs	r6, r3
2000854c:	e7f4      	b.n	20008538 <_out_rev+0xa4>

2000854e <_ntoa_format>:
2000854e:	b5f0      	push	{r4, r5, r6, r7, lr}
20008550:	46ce      	mov	lr, r9
20008552:	4647      	mov	r7, r8
20008554:	b580      	push	{r7, lr}
20008556:	b085      	sub	sp, #20
20008558:	0006      	movs	r6, r0
2000855a:	000f      	movs	r7, r1
2000855c:	4690      	mov	r8, r2
2000855e:	4699      	mov	r9, r3
20008560:	9a0c      	ldr	r2, [sp, #48]	@ 0x30
20008562:	9b0d      	ldr	r3, [sp, #52]	@ 0x34
20008564:	a90e      	add	r1, sp, #56	@ 0x38
20008566:	7809      	ldrb	r1, [r1, #0]
20008568:	468c      	mov	ip, r1
2000856a:	9d10      	ldr	r5, [sp, #64]	@ 0x40
2000856c:	9c11      	ldr	r4, [sp, #68]	@ 0x44
2000856e:	9912      	ldr	r1, [sp, #72]	@ 0x48
20008570:	0788      	lsls	r0, r1, #30
20008572:	d41c      	bmi.n	200085ae <_ntoa_format+0x60>
20008574:	2c00      	cmp	r4, #0
20008576:	d00c      	beq.n	20008592 <_ntoa_format+0x44>
20008578:	07c8      	lsls	r0, r1, #31
2000857a:	d50a      	bpl.n	20008592 <_ntoa_format+0x44>
2000857c:	4660      	mov	r0, ip
2000857e:	2800      	cmp	r0, #0
20008580:	d102      	bne.n	20008588 <_ntoa_format+0x3a>
20008582:	300c      	adds	r0, #12
20008584:	4208      	tst	r0, r1
20008586:	d004      	beq.n	20008592 <_ntoa_format+0x44>
20008588:	3c01      	subs	r4, #1
2000858a:	e002      	b.n	20008592 <_ntoa_format+0x44>
2000858c:	2030      	movs	r0, #48	@ 0x30
2000858e:	54d0      	strb	r0, [r2, r3]
20008590:	3301      	adds	r3, #1
20008592:	42ab      	cmp	r3, r5
20008594:	d201      	bcs.n	2000859a <_ntoa_format+0x4c>
20008596:	2b1f      	cmp	r3, #31
20008598:	d9f8      	bls.n	2000858c <_ntoa_format+0x3e>
2000859a:	07c8      	lsls	r0, r1, #31
2000859c:	d507      	bpl.n	200085ae <_ntoa_format+0x60>
2000859e:	42a3      	cmp	r3, r4
200085a0:	d205      	bcs.n	200085ae <_ntoa_format+0x60>
200085a2:	2b1f      	cmp	r3, #31
200085a4:	d803      	bhi.n	200085ae <_ntoa_format+0x60>
200085a6:	2030      	movs	r0, #48	@ 0x30
200085a8:	54d0      	strb	r0, [r2, r3]
200085aa:	3301      	adds	r3, #1
200085ac:	e7f5      	b.n	2000859a <_ntoa_format+0x4c>
200085ae:	06c8      	lsls	r0, r1, #27
200085b0:	d512      	bpl.n	200085d8 <_ntoa_format+0x8a>
200085b2:	0548      	lsls	r0, r1, #21
200085b4:	d405      	bmi.n	200085c2 <_ntoa_format+0x74>
200085b6:	2b00      	cmp	r3, #0
200085b8:	d003      	beq.n	200085c2 <_ntoa_format+0x74>
200085ba:	42ab      	cmp	r3, r5
200085bc:	d023      	beq.n	20008606 <_ntoa_format+0xb8>
200085be:	42a3      	cmp	r3, r4
200085c0:	d021      	beq.n	20008606 <_ntoa_format+0xb8>
200085c2:	980f      	ldr	r0, [sp, #60]	@ 0x3c
200085c4:	2810      	cmp	r0, #16
200085c6:	d031      	beq.n	2000862c <_ntoa_format+0xde>
200085c8:	980f      	ldr	r0, [sp, #60]	@ 0x3c
200085ca:	2802      	cmp	r0, #2
200085cc:	d038      	beq.n	20008640 <_ntoa_format+0xf2>
200085ce:	2b1f      	cmp	r3, #31
200085d0:	d80a      	bhi.n	200085e8 <_ntoa_format+0x9a>
200085d2:	2030      	movs	r0, #48	@ 0x30
200085d4:	54d0      	strb	r0, [r2, r3]
200085d6:	3301      	adds	r3, #1
200085d8:	2b1f      	cmp	r3, #31
200085da:	d805      	bhi.n	200085e8 <_ntoa_format+0x9a>
200085dc:	4660      	mov	r0, ip
200085de:	2800      	cmp	r0, #0
200085e0:	d034      	beq.n	2000864c <_ntoa_format+0xfe>
200085e2:	202d      	movs	r0, #45	@ 0x2d
200085e4:	54d0      	strb	r0, [r2, r3]
200085e6:	3301      	adds	r3, #1
200085e8:	9103      	str	r1, [sp, #12]
200085ea:	9402      	str	r4, [sp, #8]
200085ec:	9301      	str	r3, [sp, #4]
200085ee:	9200      	str	r2, [sp, #0]
200085f0:	464b      	mov	r3, r9
200085f2:	4642      	mov	r2, r8
200085f4:	0039      	movs	r1, r7
200085f6:	0030      	movs	r0, r6
200085f8:	f7ff ff4c 	bl	20008494 <_out_rev>
200085fc:	b005      	add	sp, #20
200085fe:	bcc0      	pop	{r6, r7}
20008600:	46b9      	mov	r9, r7
20008602:	46b0      	mov	r8, r6
20008604:	bdf0      	pop	{r4, r5, r6, r7, pc}
20008606:	1e58      	subs	r0, r3, #1
20008608:	2b01      	cmp	r3, #1
2000860a:	d017      	beq.n	2000863c <_ntoa_format+0xee>
2000860c:	9d0f      	ldr	r5, [sp, #60]	@ 0x3c
2000860e:	2d10      	cmp	r5, #16
20008610:	d00b      	beq.n	2000862a <_ntoa_format+0xdc>
20008612:	0003      	movs	r3, r0
20008614:	980f      	ldr	r0, [sp, #60]	@ 0x3c
20008616:	2810      	cmp	r0, #16
20008618:	d1d6      	bne.n	200085c8 <_ntoa_format+0x7a>
2000861a:	0688      	lsls	r0, r1, #26
2000861c:	d5d4      	bpl.n	200085c8 <_ntoa_format+0x7a>
2000861e:	2b1f      	cmp	r3, #31
20008620:	d8d2      	bhi.n	200085c8 <_ntoa_format+0x7a>
20008622:	2058      	movs	r0, #88	@ 0x58
20008624:	54d0      	strb	r0, [r2, r3]
20008626:	3301      	adds	r3, #1
20008628:	e7d1      	b.n	200085ce <_ntoa_format+0x80>
2000862a:	3b02      	subs	r3, #2
2000862c:	0688      	lsls	r0, r1, #26
2000862e:	d4f1      	bmi.n	20008614 <_ntoa_format+0xc6>
20008630:	2b1f      	cmp	r3, #31
20008632:	d8ef      	bhi.n	20008614 <_ntoa_format+0xc6>
20008634:	2078      	movs	r0, #120	@ 0x78
20008636:	54d0      	strb	r0, [r2, r3]
20008638:	3301      	adds	r3, #1
2000863a:	e7c8      	b.n	200085ce <_ntoa_format+0x80>
2000863c:	0003      	movs	r3, r0
2000863e:	e7c0      	b.n	200085c2 <_ntoa_format+0x74>
20008640:	2b1f      	cmp	r3, #31
20008642:	d8d1      	bhi.n	200085e8 <_ntoa_format+0x9a>
20008644:	3060      	adds	r0, #96	@ 0x60
20008646:	54d0      	strb	r0, [r2, r3]
20008648:	3301      	adds	r3, #1
2000864a:	e7c0      	b.n	200085ce <_ntoa_format+0x80>
2000864c:	0748      	lsls	r0, r1, #29
2000864e:	d503      	bpl.n	20008658 <_ntoa_format+0x10a>
20008650:	202b      	movs	r0, #43	@ 0x2b
20008652:	54d0      	strb	r0, [r2, r3]
20008654:	3301      	adds	r3, #1
20008656:	e7c7      	b.n	200085e8 <_ntoa_format+0x9a>
20008658:	0708      	lsls	r0, r1, #28
2000865a:	d5c5      	bpl.n	200085e8 <_ntoa_format+0x9a>
2000865c:	2020      	movs	r0, #32
2000865e:	54d0      	strb	r0, [r2, r3]
20008660:	3301      	adds	r3, #1
20008662:	e7c1      	b.n	200085e8 <_ntoa_format+0x9a>

20008664 <_ntoa_long>:
20008664:	b5f0      	push	{r4, r5, r6, r7, lr}
20008666:	46de      	mov	lr, fp
20008668:	4657      	mov	r7, sl
2000866a:	464e      	mov	r6, r9
2000866c:	4645      	mov	r5, r8
2000866e:	b5e0      	push	{r5, r6, r7, lr}
20008670:	b093      	sub	sp, #76	@ 0x4c
20008672:	4680      	mov	r8, r0
20008674:	4689      	mov	r9, r1
20008676:	4692      	mov	sl, r2
20008678:	469b      	mov	fp, r3
2000867a:	ab1c      	add	r3, sp, #112	@ 0x70
2000867c:	cb10      	ldmia	r3!, {r4}
2000867e:	781b      	ldrb	r3, [r3, #0]
20008680:	9309      	str	r3, [sp, #36]	@ 0x24
20008682:	9d1e      	ldr	r5, [sp, #120]	@ 0x78
20008684:	2c00      	cmp	r4, #0
20008686:	d103      	bne.n	20008690 <_ntoa_long+0x2c>
20008688:	2310      	movs	r3, #16
2000868a:	9a21      	ldr	r2, [sp, #132]	@ 0x84
2000868c:	439a      	bics	r2, r3
2000868e:	9221      	str	r2, [sp, #132]	@ 0x84
20008690:	2380      	movs	r3, #128	@ 0x80
20008692:	00db      	lsls	r3, r3, #3
20008694:	9e21      	ldr	r6, [sp, #132]	@ 0x84
20008696:	401e      	ands	r6, r3
20008698:	9a21      	ldr	r2, [sp, #132]	@ 0x84
2000869a:	421a      	tst	r2, r3
2000869c:	d018      	beq.n	200086d0 <_ntoa_long+0x6c>
2000869e:	2c00      	cmp	r4, #0
200086a0:	d022      	beq.n	200086e8 <_ntoa_long+0x84>
200086a2:	2600      	movs	r6, #0
200086a4:	e014      	b.n	200086d0 <_ntoa_long+0x6c>
200086a6:	9a21      	ldr	r2, [sp, #132]	@ 0x84
200086a8:	0692      	lsls	r2, r2, #26
200086aa:	d51b      	bpl.n	200086e4 <_ntoa_long+0x80>
200086ac:	2141      	movs	r1, #65	@ 0x41
200086ae:	18c9      	adds	r1, r1, r3
200086b0:	b2c9      	uxtb	r1, r1
200086b2:	390a      	subs	r1, #10
200086b4:	b2c9      	uxtb	r1, r1
200086b6:	1c77      	adds	r7, r6, #1
200086b8:	ab0a      	add	r3, sp, #40	@ 0x28
200086ba:	5599      	strb	r1, [r3, r6]
200086bc:	0029      	movs	r1, r5
200086be:	0020      	movs	r0, r4
200086c0:	f7fe ff10 	bl	200074e4 <__wrap___aeabi_uidiv>
200086c4:	42ac      	cmp	r4, r5
200086c6:	d310      	bcc.n	200086ea <_ntoa_long+0x86>
200086c8:	2f1f      	cmp	r7, #31
200086ca:	d80e      	bhi.n	200086ea <_ntoa_long+0x86>
200086cc:	003e      	movs	r6, r7
200086ce:	0004      	movs	r4, r0
200086d0:	0029      	movs	r1, r5
200086d2:	0020      	movs	r0, r4
200086d4:	f7fe ff06 	bl	200074e4 <__wrap___aeabi_uidiv>
200086d8:	b2cb      	uxtb	r3, r1
200086da:	2b09      	cmp	r3, #9
200086dc:	d8e3      	bhi.n	200086a6 <_ntoa_long+0x42>
200086de:	3330      	adds	r3, #48	@ 0x30
200086e0:	b2d9      	uxtb	r1, r3
200086e2:	e7e8      	b.n	200086b6 <_ntoa_long+0x52>
200086e4:	2161      	movs	r1, #97	@ 0x61
200086e6:	e7e2      	b.n	200086ae <_ntoa_long+0x4a>
200086e8:	0027      	movs	r7, r4
200086ea:	9b21      	ldr	r3, [sp, #132]	@ 0x84
200086ec:	9306      	str	r3, [sp, #24]
200086ee:	9b20      	ldr	r3, [sp, #128]	@ 0x80
200086f0:	9305      	str	r3, [sp, #20]
200086f2:	9b1f      	ldr	r3, [sp, #124]	@ 0x7c
200086f4:	9304      	str	r3, [sp, #16]
200086f6:	9503      	str	r5, [sp, #12]
200086f8:	9b09      	ldr	r3, [sp, #36]	@ 0x24
200086fa:	9302      	str	r3, [sp, #8]
200086fc:	9701      	str	r7, [sp, #4]
200086fe:	ab0a      	add	r3, sp, #40	@ 0x28
20008700:	9300      	str	r3, [sp, #0]
20008702:	465b      	mov	r3, fp
20008704:	4652      	mov	r2, sl
20008706:	4649      	mov	r1, r9
20008708:	4640      	mov	r0, r8
2000870a:	f7ff ff20 	bl	2000854e <_ntoa_format>
2000870e:	b013      	add	sp, #76	@ 0x4c
20008710:	bcf0      	pop	{r4, r5, r6, r7}
20008712:	46bb      	mov	fp, r7
20008714:	46b2      	mov	sl, r6
20008716:	46a9      	mov	r9, r5
20008718:	46a0      	mov	r8, r4
2000871a:	bdf0      	pop	{r4, r5, r6, r7, pc}

2000871c <_ntoa_long_long>:
2000871c:	b5f0      	push	{r4, r5, r6, r7, lr}
2000871e:	46de      	mov	lr, fp
20008720:	4657      	mov	r7, sl
20008722:	464e      	mov	r6, r9
20008724:	4645      	mov	r5, r8
20008726:	b5e0      	push	{r5, r6, r7, lr}
20008728:	b095      	sub	sp, #84	@ 0x54
2000872a:	4683      	mov	fp, r0
2000872c:	9108      	str	r1, [sp, #32]
2000872e:	9209      	str	r2, [sp, #36]	@ 0x24
20008730:	930a      	str	r3, [sp, #40]	@ 0x28
20008732:	9b1e      	ldr	r3, [sp, #120]	@ 0x78
20008734:	4699      	mov	r9, r3
20008736:	9f1f      	ldr	r7, [sp, #124]	@ 0x7c
20008738:	ab20      	add	r3, sp, #128	@ 0x80
2000873a:	781b      	ldrb	r3, [r3, #0]
2000873c:	930b      	str	r3, [sp, #44]	@ 0x2c
2000873e:	9b22      	ldr	r3, [sp, #136]	@ 0x88
20008740:	4698      	mov	r8, r3
20008742:	9c23      	ldr	r4, [sp, #140]	@ 0x8c
20008744:	464b      	mov	r3, r9
20008746:	433b      	orrs	r3, r7
20008748:	d103      	bne.n	20008752 <_ntoa_long_long+0x36>
2000874a:	3310      	adds	r3, #16
2000874c:	9a26      	ldr	r2, [sp, #152]	@ 0x98
2000874e:	439a      	bics	r2, r3
20008750:	9226      	str	r2, [sp, #152]	@ 0x98
20008752:	2380      	movs	r3, #128	@ 0x80
20008754:	00db      	lsls	r3, r3, #3
20008756:	9d26      	ldr	r5, [sp, #152]	@ 0x98
20008758:	401d      	ands	r5, r3
2000875a:	9a26      	ldr	r2, [sp, #152]	@ 0x98
2000875c:	421a      	tst	r2, r3
2000875e:	d008      	beq.n	20008772 <_ntoa_long_long+0x56>
20008760:	464b      	mov	r3, r9
20008762:	433b      	orrs	r3, r7
20008764:	d039      	beq.n	200087da <_ntoa_long_long+0xbe>
20008766:	2500      	movs	r5, #0
20008768:	464e      	mov	r6, r9
2000876a:	0023      	movs	r3, r4
2000876c:	002c      	movs	r4, r5
2000876e:	001d      	movs	r5, r3
20008770:	e01f      	b.n	200087b2 <_ntoa_long_long+0x96>
20008772:	464e      	mov	r6, r9
20008774:	0023      	movs	r3, r4
20008776:	002c      	movs	r4, r5
20008778:	001d      	movs	r5, r3
2000877a:	e01a      	b.n	200087b2 <_ntoa_long_long+0x96>
2000877c:	9a26      	ldr	r2, [sp, #152]	@ 0x98
2000877e:	0692      	lsls	r2, r2, #26
20008780:	d523      	bpl.n	200087ca <_ntoa_long_long+0xae>
20008782:	2241      	movs	r2, #65	@ 0x41
20008784:	18d2      	adds	r2, r2, r3
20008786:	b2d2      	uxtb	r2, r2
20008788:	3a0a      	subs	r2, #10
2000878a:	b2d2      	uxtb	r2, r2
2000878c:	1c63      	adds	r3, r4, #1
2000878e:	469a      	mov	sl, r3
20008790:	ab0c      	add	r3, sp, #48	@ 0x30
20008792:	551a      	strb	r2, [r3, r4]
20008794:	4642      	mov	r2, r8
20008796:	002b      	movs	r3, r5
20008798:	0030      	movs	r0, r6
2000879a:	0039      	movs	r1, r7
2000879c:	f7fe fee0 	bl	20007560 <__wrap___aeabi_uldivmod>
200087a0:	42bd      	cmp	r5, r7
200087a2:	d81c      	bhi.n	200087de <_ntoa_long_long+0xc2>
200087a4:	d013      	beq.n	200087ce <_ntoa_long_long+0xb2>
200087a6:	4653      	mov	r3, sl
200087a8:	2b1f      	cmp	r3, #31
200087aa:	d814      	bhi.n	200087d6 <_ntoa_long_long+0xba>
200087ac:	4654      	mov	r4, sl
200087ae:	0006      	movs	r6, r0
200087b0:	000f      	movs	r7, r1
200087b2:	4642      	mov	r2, r8
200087b4:	002b      	movs	r3, r5
200087b6:	0030      	movs	r0, r6
200087b8:	0039      	movs	r1, r7
200087ba:	f7fe fed1 	bl	20007560 <__wrap___aeabi_uldivmod>
200087be:	b2d3      	uxtb	r3, r2
200087c0:	2b09      	cmp	r3, #9
200087c2:	d8db      	bhi.n	2000877c <_ntoa_long_long+0x60>
200087c4:	3330      	adds	r3, #48	@ 0x30
200087c6:	b2da      	uxtb	r2, r3
200087c8:	e7e0      	b.n	2000878c <_ntoa_long_long+0x70>
200087ca:	2261      	movs	r2, #97	@ 0x61
200087cc:	e7da      	b.n	20008784 <_ntoa_long_long+0x68>
200087ce:	45b0      	cmp	r8, r6
200087d0:	d9e9      	bls.n	200087a6 <_ntoa_long_long+0x8a>
200087d2:	4656      	mov	r6, sl
200087d4:	e004      	b.n	200087e0 <_ntoa_long_long+0xc4>
200087d6:	4656      	mov	r6, sl
200087d8:	e002      	b.n	200087e0 <_ntoa_long_long+0xc4>
200087da:	2600      	movs	r6, #0
200087dc:	e000      	b.n	200087e0 <_ntoa_long_long+0xc4>
200087de:	4656      	mov	r6, sl
200087e0:	9b26      	ldr	r3, [sp, #152]	@ 0x98
200087e2:	9306      	str	r3, [sp, #24]
200087e4:	9b25      	ldr	r3, [sp, #148]	@ 0x94
200087e6:	9305      	str	r3, [sp, #20]
200087e8:	9b24      	ldr	r3, [sp, #144]	@ 0x90
200087ea:	9304      	str	r3, [sp, #16]
200087ec:	4643      	mov	r3, r8
200087ee:	9303      	str	r3, [sp, #12]
200087f0:	9b0b      	ldr	r3, [sp, #44]	@ 0x2c
200087f2:	9302      	str	r3, [sp, #8]
200087f4:	9601      	str	r6, [sp, #4]
200087f6:	ab0c      	add	r3, sp, #48	@ 0x30
200087f8:	9300      	str	r3, [sp, #0]
200087fa:	9b0a      	ldr	r3, [sp, #40]	@ 0x28
200087fc:	9a09      	ldr	r2, [sp, #36]	@ 0x24
200087fe:	9908      	ldr	r1, [sp, #32]
20008800:	4658      	mov	r0, fp
20008802:	f7ff fea4 	bl	2000854e <_ntoa_format>
20008806:	b015      	add	sp, #84	@ 0x54
20008808:	bcf0      	pop	{r4, r5, r6, r7}
2000880a:	46bb      	mov	fp, r7
2000880c:	46b2      	mov	sl, r6
2000880e:	46a9      	mov	r9, r5
20008810:	46a0      	mov	r8, r4
20008812:	bdf0      	pop	{r4, r5, r6, r7, pc}

20008814 <_etoa>:
20008814:	b5f0      	push	{r4, r5, r6, r7, lr}
20008816:	46de      	mov	lr, fp
20008818:	4657      	mov	r7, sl
2000881a:	464e      	mov	r6, r9
2000881c:	4645      	mov	r5, r8
2000881e:	b5e0      	push	{r5, r6, r7, lr}
20008820:	b095      	sub	sp, #84	@ 0x54
20008822:	0004      	movs	r4, r0
20008824:	468a      	mov	sl, r1
20008826:	4693      	mov	fp, r2
20008828:	4699      	mov	r9, r3
2000882a:	9e1e      	ldr	r6, [sp, #120]	@ 0x78
2000882c:	9f1f      	ldr	r7, [sp, #124]	@ 0x7c
2000882e:	0032      	movs	r2, r6
20008830:	003b      	movs	r3, r7
20008832:	0030      	movs	r0, r6
20008834:	0039      	movs	r1, r7
20008836:	f7ff f91e 	bl	20007a76 <__wrap___aeabi_dcmpun>
2000883a:	2800      	cmp	r0, #0
2000883c:	d000      	beq.n	20008840 <_etoa+0x2c>
2000883e:	e0fb      	b.n	20008a38 <_etoa+0x224>
20008840:	2201      	movs	r2, #1
20008842:	4252      	negs	r2, r2
20008844:	4bd6      	ldr	r3, [pc, #856]	@ (20008ba0 <_etoa+0x38c>)
20008846:	0030      	movs	r0, r6
20008848:	0039      	movs	r1, r7
2000884a:	f7ff f90f 	bl	20007a6c <__wrap___aeabi_dcmpgt>
2000884e:	2800      	cmp	r0, #0
20008850:	d000      	beq.n	20008854 <_etoa+0x40>
20008852:	e0f1      	b.n	20008a38 <_etoa+0x224>
20008854:	2201      	movs	r2, #1
20008856:	4252      	negs	r2, r2
20008858:	4bd2      	ldr	r3, [pc, #840]	@ (20008ba4 <_etoa+0x390>)
2000885a:	0030      	movs	r0, r6
2000885c:	0039      	movs	r1, r7
2000885e:	f7ff f8ef 	bl	20007a40 <__wrap___aeabi_dcmplt>
20008862:	2800      	cmp	r0, #0
20008864:	d000      	beq.n	20008868 <_etoa+0x54>
20008866:	e0e7      	b.n	20008a38 <_etoa+0x224>
20008868:	2200      	movs	r2, #0
2000886a:	2300      	movs	r3, #0
2000886c:	0030      	movs	r0, r6
2000886e:	0039      	movs	r1, r7
20008870:	f7ff f8e6 	bl	20007a40 <__wrap___aeabi_dcmplt>
20008874:	2800      	cmp	r0, #0
20008876:	d000      	beq.n	2000887a <_etoa+0x66>
20008878:	e0f3      	b.n	20008a62 <_etoa+0x24e>
2000887a:	9606      	str	r6, [sp, #24]
2000887c:	9707      	str	r7, [sp, #28]
2000887e:	2380      	movs	r3, #128	@ 0x80
20008880:	00db      	lsls	r3, r3, #3
20008882:	9a22      	ldr	r2, [sp, #136]	@ 0x88
20008884:	401a      	ands	r2, r3
20008886:	9211      	str	r2, [sp, #68]	@ 0x44
20008888:	9a22      	ldr	r2, [sp, #136]	@ 0x88
2000888a:	421a      	tst	r2, r3
2000888c:	d101      	bne.n	20008892 <_etoa+0x7e>
2000888e:	2306      	movs	r3, #6
20008890:	9320      	str	r3, [sp, #128]	@ 0x80
20008892:	9806      	ldr	r0, [sp, #24]
20008894:	9907      	ldr	r1, [sp, #28]
20008896:	0002      	movs	r2, r0
20008898:	000b      	movs	r3, r1
2000889a:	920a      	str	r2, [sp, #40]	@ 0x28
2000889c:	930b      	str	r3, [sp, #44]	@ 0x2c
2000889e:	0003      	movs	r3, r0
200088a0:	000a      	movs	r2, r1
200088a2:	4302      	orrs	r2, r0
200088a4:	d100      	bne.n	200088a8 <_etoa+0x94>
200088a6:	e0e8      	b.n	20008a7a <_etoa+0x266>
200088a8:	0d08      	lsrs	r0, r1, #20
200088aa:	0540      	lsls	r0, r0, #21
200088ac:	0d40      	lsrs	r0, r0, #21
200088ae:	4dbe      	ldr	r5, [pc, #760]	@ (20008ba8 <_etoa+0x394>)
200088b0:	46ac      	mov	ip, r5
200088b2:	4460      	add	r0, ip
200088b4:	0005      	movs	r5, r0
200088b6:	9807      	ldr	r0, [sp, #28]
200088b8:	0302      	lsls	r2, r0, #12
200088ba:	0b12      	lsrs	r2, r2, #12
200088bc:	2000      	movs	r0, #0
200088be:	2100      	movs	r1, #0
200088c0:	9008      	str	r0, [sp, #32]
200088c2:	9109      	str	r1, [sp, #36]	@ 0x24
200088c4:	9308      	str	r3, [sp, #32]
200088c6:	4bb9      	ldr	r3, [pc, #740]	@ (20008bac <_etoa+0x398>)
200088c8:	4313      	orrs	r3, r2
200088ca:	9309      	str	r3, [sp, #36]	@ 0x24
200088cc:	0028      	movs	r0, r5
200088ce:	f7ff f8e3 	bl	20007a98 <__wrap___aeabi_i2d>
200088d2:	4ab7      	ldr	r2, [pc, #732]	@ (20008bb0 <_etoa+0x39c>)
200088d4:	4bb7      	ldr	r3, [pc, #732]	@ (20008bb4 <_etoa+0x3a0>)
200088d6:	f7ff f870 	bl	200079ba <__wrap___aeabi_dmul>
200088da:	4ab7      	ldr	r2, [pc, #732]	@ (20008bb8 <_etoa+0x3a4>)
200088dc:	4bb7      	ldr	r3, [pc, #732]	@ (20008bbc <_etoa+0x3a8>)
200088de:	f7ff f845 	bl	2000796c <__wrap___aeabi_dadd>
200088e2:	900a      	str	r0, [sp, #40]	@ 0x28
200088e4:	910b      	str	r1, [sp, #44]	@ 0x2c
200088e6:	2200      	movs	r2, #0
200088e8:	4bb5      	ldr	r3, [pc, #724]	@ (20008bc0 <_etoa+0x3ac>)
200088ea:	9808      	ldr	r0, [sp, #32]
200088ec:	9909      	ldr	r1, [sp, #36]	@ 0x24
200088ee:	f7ff f834 	bl	2000795a <__wrap___aeabi_dsub>
200088f2:	4ab4      	ldr	r2, [pc, #720]	@ (20008bc4 <_etoa+0x3b0>)
200088f4:	4bb4      	ldr	r3, [pc, #720]	@ (20008bc8 <_etoa+0x3b4>)
200088f6:	f7ff f860 	bl	200079ba <__wrap___aeabi_dmul>
200088fa:	0002      	movs	r2, r0
200088fc:	000b      	movs	r3, r1
200088fe:	980a      	ldr	r0, [sp, #40]	@ 0x28
20008900:	990b      	ldr	r1, [sp, #44]	@ 0x2c
20008902:	f7ff f833 	bl	2000796c <__wrap___aeabi_dadd>
20008906:	f7ff f8df 	bl	20007ac8 <__wrap___aeabi_d2iz>
2000890a:	4680      	mov	r8, r0
2000890c:	9008      	str	r0, [sp, #32]
2000890e:	f7ff f8c3 	bl	20007a98 <__wrap___aeabi_i2d>
20008912:	4aae      	ldr	r2, [pc, #696]	@ (20008bcc <_etoa+0x3b8>)
20008914:	4bae      	ldr	r3, [pc, #696]	@ (20008bd0 <_etoa+0x3bc>)
20008916:	900a      	str	r0, [sp, #40]	@ 0x28
20008918:	910b      	str	r1, [sp, #44]	@ 0x2c
2000891a:	f7ff f84e 	bl	200079ba <__wrap___aeabi_dmul>
2000891e:	2200      	movs	r2, #0
20008920:	4bac      	ldr	r3, [pc, #688]	@ (20008bd4 <_etoa+0x3c0>)
20008922:	f7ff f823 	bl	2000796c <__wrap___aeabi_dadd>
20008926:	f7ff f8cf 	bl	20007ac8 <__wrap___aeabi_d2iz>
2000892a:	0005      	movs	r5, r0
2000892c:	4aaa      	ldr	r2, [pc, #680]	@ (20008bd8 <_etoa+0x3c4>)
2000892e:	4bab      	ldr	r3, [pc, #684]	@ (20008bdc <_etoa+0x3c8>)
20008930:	980a      	ldr	r0, [sp, #40]	@ 0x28
20008932:	990b      	ldr	r1, [sp, #44]	@ 0x2c
20008934:	f7ff f841 	bl	200079ba <__wrap___aeabi_dmul>
20008938:	900a      	str	r0, [sp, #40]	@ 0x28
2000893a:	910b      	str	r1, [sp, #44]	@ 0x2c
2000893c:	0028      	movs	r0, r5
2000893e:	f7ff f8ab 	bl	20007a98 <__wrap___aeabi_i2d>
20008942:	4aa7      	ldr	r2, [pc, #668]	@ (20008be0 <_etoa+0x3cc>)
20008944:	4ba7      	ldr	r3, [pc, #668]	@ (20008be4 <_etoa+0x3d0>)
20008946:	f7ff f838 	bl	200079ba <__wrap___aeabi_dmul>
2000894a:	0002      	movs	r2, r0
2000894c:	000b      	movs	r3, r1
2000894e:	980a      	ldr	r0, [sp, #40]	@ 0x28
20008950:	990b      	ldr	r1, [sp, #44]	@ 0x2c
20008952:	f7ff f802 	bl	2000795a <__wrap___aeabi_dsub>
20008956:	0002      	movs	r2, r0
20008958:	000b      	movs	r3, r1
2000895a:	900a      	str	r0, [sp, #40]	@ 0x28
2000895c:	910b      	str	r1, [sp, #44]	@ 0x2c
2000895e:	f7ff f82c 	bl	200079ba <__wrap___aeabi_dmul>
20008962:	900e      	str	r0, [sp, #56]	@ 0x38
20008964:	910f      	str	r1, [sp, #60]	@ 0x3c
20008966:	002b      	movs	r3, r5
20008968:	4d9f      	ldr	r5, [pc, #636]	@ (20008be8 <_etoa+0x3d4>)
2000896a:	46ac      	mov	ip, r5
2000896c:	4463      	add	r3, ip
2000896e:	2100      	movs	r1, #0
20008970:	2200      	movs	r2, #0
20008972:	910c      	str	r1, [sp, #48]	@ 0x30
20008974:	920d      	str	r2, [sp, #52]	@ 0x34
20008976:	051b      	lsls	r3, r3, #20
20008978:	930d      	str	r3, [sp, #52]	@ 0x34
2000897a:	2300      	movs	r3, #0
2000897c:	930c      	str	r3, [sp, #48]	@ 0x30
2000897e:	980a      	ldr	r0, [sp, #40]	@ 0x28
20008980:	990b      	ldr	r1, [sp, #44]	@ 0x2c
20008982:	0002      	movs	r2, r0
20008984:	000b      	movs	r3, r1
20008986:	f7fe fff1 	bl	2000796c <__wrap___aeabi_dadd>
2000898a:	9012      	str	r0, [sp, #72]	@ 0x48
2000898c:	9113      	str	r1, [sp, #76]	@ 0x4c
2000898e:	9a0a      	ldr	r2, [sp, #40]	@ 0x28
20008990:	9b0b      	ldr	r3, [sp, #44]	@ 0x2c
20008992:	2000      	movs	r0, #0
20008994:	2180      	movs	r1, #128	@ 0x80
20008996:	05c9      	lsls	r1, r1, #23
20008998:	f7fe ffdf 	bl	2000795a <__wrap___aeabi_dsub>
2000899c:	900a      	str	r0, [sp, #40]	@ 0x28
2000899e:	910b      	str	r1, [sp, #44]	@ 0x2c
200089a0:	2200      	movs	r2, #0
200089a2:	4b92      	ldr	r3, [pc, #584]	@ (20008bec <_etoa+0x3d8>)
200089a4:	980e      	ldr	r0, [sp, #56]	@ 0x38
200089a6:	990f      	ldr	r1, [sp, #60]	@ 0x3c
200089a8:	f7fe ffe9 	bl	2000797e <__wrap___aeabi_ddiv>
200089ac:	2200      	movs	r2, #0
200089ae:	4b90      	ldr	r3, [pc, #576]	@ (20008bf0 <_etoa+0x3dc>)
200089b0:	f7fe ffdc 	bl	2000796c <__wrap___aeabi_dadd>
200089b4:	0002      	movs	r2, r0
200089b6:	000b      	movs	r3, r1
200089b8:	980e      	ldr	r0, [sp, #56]	@ 0x38
200089ba:	990f      	ldr	r1, [sp, #60]	@ 0x3c
200089bc:	f7fe ffdf 	bl	2000797e <__wrap___aeabi_ddiv>
200089c0:	2200      	movs	r2, #0
200089c2:	4b8c      	ldr	r3, [pc, #560]	@ (20008bf4 <_etoa+0x3e0>)
200089c4:	f7fe ffd2 	bl	2000796c <__wrap___aeabi_dadd>
200089c8:	0002      	movs	r2, r0
200089ca:	000b      	movs	r3, r1
200089cc:	980e      	ldr	r0, [sp, #56]	@ 0x38
200089ce:	990f      	ldr	r1, [sp, #60]	@ 0x3c
200089d0:	f7fe ffd5 	bl	2000797e <__wrap___aeabi_ddiv>
200089d4:	0002      	movs	r2, r0
200089d6:	000b      	movs	r3, r1
200089d8:	980a      	ldr	r0, [sp, #40]	@ 0x28
200089da:	990b      	ldr	r1, [sp, #44]	@ 0x2c
200089dc:	f7fe ffc6 	bl	2000796c <__wrap___aeabi_dadd>
200089e0:	0002      	movs	r2, r0
200089e2:	000b      	movs	r3, r1
200089e4:	9812      	ldr	r0, [sp, #72]	@ 0x48
200089e6:	9913      	ldr	r1, [sp, #76]	@ 0x4c
200089e8:	f7fe ffc9 	bl	2000797e <__wrap___aeabi_ddiv>
200089ec:	2200      	movs	r2, #0
200089ee:	4b6f      	ldr	r3, [pc, #444]	@ (20008bac <_etoa+0x398>)
200089f0:	f7fe ffbc 	bl	2000796c <__wrap___aeabi_dadd>
200089f4:	9a0c      	ldr	r2, [sp, #48]	@ 0x30
200089f6:	9b0d      	ldr	r3, [sp, #52]	@ 0x34
200089f8:	f7fe ffdf 	bl	200079ba <__wrap___aeabi_dmul>
200089fc:	0002      	movs	r2, r0
200089fe:	000b      	movs	r3, r1
20008a00:	920a      	str	r2, [sp, #40]	@ 0x28
20008a02:	930b      	str	r3, [sp, #44]	@ 0x2c
20008a04:	9a06      	ldr	r2, [sp, #24]
20008a06:	9b07      	ldr	r3, [sp, #28]
20008a08:	900c      	str	r0, [sp, #48]	@ 0x30
20008a0a:	910d      	str	r1, [sp, #52]	@ 0x34
20008a0c:	f7ff f82e 	bl	20007a6c <__wrap___aeabi_dcmpgt>
20008a10:	2800      	cmp	r0, #0
20008a12:	d00a      	beq.n	20008a2a <_etoa+0x216>
20008a14:	4643      	mov	r3, r8
20008a16:	3b01      	subs	r3, #1
20008a18:	9308      	str	r3, [sp, #32]
20008a1a:	2200      	movs	r2, #0
20008a1c:	4b74      	ldr	r3, [pc, #464]	@ (20008bf0 <_etoa+0x3dc>)
20008a1e:	980c      	ldr	r0, [sp, #48]	@ 0x30
20008a20:	990d      	ldr	r1, [sp, #52]	@ 0x34
20008a22:	f7fe ffac 	bl	2000797e <__wrap___aeabi_ddiv>
20008a26:	900a      	str	r0, [sp, #40]	@ 0x28
20008a28:	910b      	str	r1, [sp, #44]	@ 0x2c
20008a2a:	9b08      	ldr	r3, [sp, #32]
20008a2c:	3363      	adds	r3, #99	@ 0x63
20008a2e:	2bc6      	cmp	r3, #198	@ 0xc6
20008a30:	d849      	bhi.n	20008ac6 <_etoa+0x2b2>
20008a32:	2304      	movs	r3, #4
20008a34:	001d      	movs	r5, r3
20008a36:	e024      	b.n	20008a82 <_etoa+0x26e>
20008a38:	9b22      	ldr	r3, [sp, #136]	@ 0x88
20008a3a:	9304      	str	r3, [sp, #16]
20008a3c:	9b21      	ldr	r3, [sp, #132]	@ 0x84
20008a3e:	9303      	str	r3, [sp, #12]
20008a40:	9b20      	ldr	r3, [sp, #128]	@ 0x80
20008a42:	9302      	str	r3, [sp, #8]
20008a44:	9600      	str	r6, [sp, #0]
20008a46:	9701      	str	r7, [sp, #4]
20008a48:	464b      	mov	r3, r9
20008a4a:	465a      	mov	r2, fp
20008a4c:	4651      	mov	r1, sl
20008a4e:	0020      	movs	r0, r4
20008a50:	f000 f904 	bl	20008c5c <_ftoa>
20008a54:	b015      	add	sp, #84	@ 0x54
20008a56:	bcf0      	pop	{r4, r5, r6, r7}
20008a58:	46bb      	mov	fp, r7
20008a5a:	46b2      	mov	sl, r6
20008a5c:	46a9      	mov	r9, r5
20008a5e:	46a0      	mov	r8, r4
20008a60:	bdf0      	pop	{r4, r5, r6, r7, pc}
20008a62:	2100      	movs	r1, #0
20008a64:	2200      	movs	r2, #0
20008a66:	9106      	str	r1, [sp, #24]
20008a68:	9207      	str	r2, [sp, #28]
20008a6a:	9606      	str	r6, [sp, #24]
20008a6c:	2380      	movs	r3, #128	@ 0x80
20008a6e:	061b      	lsls	r3, r3, #24
20008a70:	469c      	mov	ip, r3
20008a72:	44bc      	add	ip, r7
20008a74:	4663      	mov	r3, ip
20008a76:	9307      	str	r3, [sp, #28]
20008a78:	e701      	b.n	2000887e <_etoa+0x6a>
20008a7a:	2300      	movs	r3, #0
20008a7c:	9308      	str	r3, [sp, #32]
20008a7e:	3304      	adds	r3, #4
20008a80:	001d      	movs	r5, r3
20008a82:	9b22      	ldr	r3, [sp, #136]	@ 0x88
20008a84:	051b      	lsls	r3, r3, #20
20008a86:	d52b      	bpl.n	20008ae0 <_etoa+0x2cc>
20008a88:	9a0a      	ldr	r2, [sp, #40]	@ 0x28
20008a8a:	9b0b      	ldr	r3, [sp, #44]	@ 0x2c
20008a8c:	0019      	movs	r1, r3
20008a8e:	4311      	orrs	r1, r2
20008a90:	d011      	beq.n	20008ab6 <_etoa+0x2a2>
20008a92:	4a59      	ldr	r2, [pc, #356]	@ (20008bf8 <_etoa+0x3e4>)
20008a94:	4b59      	ldr	r3, [pc, #356]	@ (20008bfc <_etoa+0x3e8>)
20008a96:	9806      	ldr	r0, [sp, #24]
20008a98:	9907      	ldr	r1, [sp, #28]
20008a9a:	f7fe ffdf 	bl	20007a5c <__wrap___aeabi_dcmpge>
20008a9e:	2800      	cmp	r0, #0
20008aa0:	d100      	bne.n	20008aa4 <_etoa+0x290>
20008aa2:	e0b1      	b.n	20008c08 <_etoa+0x3f4>
20008aa4:	2200      	movs	r2, #0
20008aa6:	4b56      	ldr	r3, [pc, #344]	@ (20008c00 <_etoa+0x3ec>)
20008aa8:	9806      	ldr	r0, [sp, #24]
20008aaa:	9907      	ldr	r1, [sp, #28]
20008aac:	f7fe ffc8 	bl	20007a40 <__wrap___aeabi_dcmplt>
20008ab0:	2800      	cmp	r0, #0
20008ab2:	d100      	bne.n	20008ab6 <_etoa+0x2a2>
20008ab4:	e0a8      	b.n	20008c08 <_etoa+0x3f4>
20008ab6:	9a20      	ldr	r2, [sp, #128]	@ 0x80
20008ab8:	9b08      	ldr	r3, [sp, #32]
20008aba:	429a      	cmp	r2, r3
20008abc:	dd06      	ble.n	20008acc <_etoa+0x2b8>
20008abe:	1ad3      	subs	r3, r2, r3
20008ac0:	3b01      	subs	r3, #1
20008ac2:	9320      	str	r3, [sp, #128]	@ 0x80
20008ac4:	e004      	b.n	20008ad0 <_etoa+0x2bc>
20008ac6:	2305      	movs	r3, #5
20008ac8:	001d      	movs	r5, r3
20008aca:	e7da      	b.n	20008a82 <_etoa+0x26e>
20008acc:	2300      	movs	r3, #0
20008ace:	9320      	str	r3, [sp, #128]	@ 0x80
20008ad0:	2380      	movs	r3, #128	@ 0x80
20008ad2:	00db      	lsls	r3, r3, #3
20008ad4:	9a22      	ldr	r2, [sp, #136]	@ 0x88
20008ad6:	431a      	orrs	r2, r3
20008ad8:	9222      	str	r2, [sp, #136]	@ 0x88
20008ada:	2300      	movs	r3, #0
20008adc:	001d      	movs	r5, r3
20008ade:	9308      	str	r3, [sp, #32]
20008ae0:	9a21      	ldr	r2, [sp, #132]	@ 0x84
20008ae2:	4295      	cmp	r5, r2
20008ae4:	d300      	bcc.n	20008ae8 <_etoa+0x2d4>
20008ae6:	e09b      	b.n	20008c20 <_etoa+0x40c>
20008ae8:	1b53      	subs	r3, r2, r5
20008aea:	4698      	mov	r8, r3
20008aec:	2302      	movs	r3, #2
20008aee:	9a22      	ldr	r2, [sp, #136]	@ 0x88
20008af0:	401a      	ands	r2, r3
20008af2:	920c      	str	r2, [sp, #48]	@ 0x30
20008af4:	9a22      	ldr	r2, [sp, #136]	@ 0x88
20008af6:	4213      	tst	r3, r2
20008af8:	d003      	beq.n	20008b02 <_etoa+0x2ee>
20008afa:	2d00      	cmp	r5, #0
20008afc:	d001      	beq.n	20008b02 <_etoa+0x2ee>
20008afe:	2300      	movs	r3, #0
20008b00:	4698      	mov	r8, r3
20008b02:	9b08      	ldr	r3, [sp, #32]
20008b04:	2b00      	cmp	r3, #0
20008b06:	d007      	beq.n	20008b18 <_etoa+0x304>
20008b08:	9a0a      	ldr	r2, [sp, #40]	@ 0x28
20008b0a:	9b0b      	ldr	r3, [sp, #44]	@ 0x2c
20008b0c:	9806      	ldr	r0, [sp, #24]
20008b0e:	9907      	ldr	r1, [sp, #28]
20008b10:	f7fe ff35 	bl	2000797e <__wrap___aeabi_ddiv>
20008b14:	9006      	str	r0, [sp, #24]
20008b16:	9107      	str	r1, [sp, #28]
20008b18:	2200      	movs	r2, #0
20008b1a:	2300      	movs	r3, #0
20008b1c:	0030      	movs	r0, r6
20008b1e:	0039      	movs	r1, r7
20008b20:	f7fe ff8e 	bl	20007a40 <__wrap___aeabi_dcmplt>
20008b24:	2800      	cmp	r0, #0
20008b26:	d000      	beq.n	20008b2a <_etoa+0x316>
20008b28:	e07d      	b.n	20008c26 <_etoa+0x412>
20008b2a:	4b36      	ldr	r3, [pc, #216]	@ (20008c04 <_etoa+0x3f0>)
20008b2c:	9a22      	ldr	r2, [sp, #136]	@ 0x88
20008b2e:	4013      	ands	r3, r2
20008b30:	9304      	str	r3, [sp, #16]
20008b32:	4643      	mov	r3, r8
20008b34:	9303      	str	r3, [sp, #12]
20008b36:	9b20      	ldr	r3, [sp, #128]	@ 0x80
20008b38:	9302      	str	r3, [sp, #8]
20008b3a:	9a06      	ldr	r2, [sp, #24]
20008b3c:	9b07      	ldr	r3, [sp, #28]
20008b3e:	9200      	str	r2, [sp, #0]
20008b40:	9301      	str	r3, [sp, #4]
20008b42:	464b      	mov	r3, r9
20008b44:	465a      	mov	r2, fp
20008b46:	4651      	mov	r1, sl
20008b48:	0020      	movs	r0, r4
20008b4a:	f000 f887 	bl	20008c5c <_ftoa>
20008b4e:	2d00      	cmp	r5, #0
20008b50:	d100      	bne.n	20008b54 <_etoa+0x340>
20008b52:	e77f      	b.n	20008a54 <_etoa+0x240>
20008b54:	9b22      	ldr	r3, [sp, #136]	@ 0x88
20008b56:	069b      	lsls	r3, r3, #26
20008b58:	d571      	bpl.n	20008c3e <_etoa+0x42a>
20008b5a:	2745      	movs	r7, #69	@ 0x45
20008b5c:	1c46      	adds	r6, r0, #1
20008b5e:	464b      	mov	r3, r9
20008b60:	0002      	movs	r2, r0
20008b62:	4651      	mov	r1, sl
20008b64:	0038      	movs	r0, r7
20008b66:	47a0      	blx	r4
20008b68:	9808      	ldr	r0, [sp, #32]
20008b6a:	17c3      	asrs	r3, r0, #31
20008b6c:	18c2      	adds	r2, r0, r3
20008b6e:	405a      	eors	r2, r3
20008b70:	2305      	movs	r3, #5
20008b72:	9305      	str	r3, [sp, #20]
20008b74:	3d01      	subs	r5, #1
20008b76:	9504      	str	r5, [sp, #16]
20008b78:	2300      	movs	r3, #0
20008b7a:	9303      	str	r3, [sp, #12]
20008b7c:	330a      	adds	r3, #10
20008b7e:	9302      	str	r3, [sp, #8]
20008b80:	0fc3      	lsrs	r3, r0, #31
20008b82:	9301      	str	r3, [sp, #4]
20008b84:	9200      	str	r2, [sp, #0]
20008b86:	464b      	mov	r3, r9
20008b88:	0032      	movs	r2, r6
20008b8a:	4651      	mov	r1, sl
20008b8c:	0020      	movs	r0, r4
20008b8e:	f7ff fd69 	bl	20008664 <_ntoa_long>
20008b92:	9b0c      	ldr	r3, [sp, #48]	@ 0x30
20008b94:	2b00      	cmp	r3, #0
20008b96:	d100      	bne.n	20008b9a <_etoa+0x386>
20008b98:	e75c      	b.n	20008a54 <_etoa+0x240>
20008b9a:	0002      	movs	r2, r0
20008b9c:	9f21      	ldr	r7, [sp, #132]	@ 0x84
20008b9e:	e056      	b.n	20008c4e <_etoa+0x43a>
20008ba0:	7fefffff 	.word	0x7fefffff
20008ba4:	ffefffff 	.word	0xffefffff
20008ba8:	fffffc01 	.word	0xfffffc01
20008bac:	3ff00000 	.word	0x3ff00000
20008bb0:	509f79fb 	.word	0x509f79fb
20008bb4:	3fd34413 	.word	0x3fd34413
20008bb8:	8b60c8b3 	.word	0x8b60c8b3
20008bbc:	3fc68a28 	.word	0x3fc68a28
20008bc0:	3ff80000 	.word	0x3ff80000
20008bc4:	636f4361 	.word	0x636f4361
20008bc8:	3fd287a7 	.word	0x3fd287a7
20008bcc:	0979a371 	.word	0x0979a371
20008bd0:	400a934f 	.word	0x400a934f
20008bd4:	3fe00000 	.word	0x3fe00000
20008bd8:	bbb55516 	.word	0xbbb55516
20008bdc:	40026bb1 	.word	0x40026bb1
20008be0:	fefa39ef 	.word	0xfefa39ef
20008be4:	3fe62e42 	.word	0x3fe62e42
20008be8:	000003ff 	.word	0x000003ff
20008bec:	402c0000 	.word	0x402c0000
20008bf0:	40240000 	.word	0x40240000
20008bf4:	40180000 	.word	0x40180000
20008bf8:	eb1c432d 	.word	0xeb1c432d
20008bfc:	3f1a36e2 	.word	0x3f1a36e2
20008c00:	412e8480 	.word	0x412e8480
20008c04:	fffff7ff 	.word	0xfffff7ff
20008c08:	9b20      	ldr	r3, [sp, #128]	@ 0x80
20008c0a:	2b00      	cmp	r3, #0
20008c0c:	d100      	bne.n	20008c10 <_etoa+0x3fc>
20008c0e:	e767      	b.n	20008ae0 <_etoa+0x2cc>
20008c10:	9b11      	ldr	r3, [sp, #68]	@ 0x44
20008c12:	2b00      	cmp	r3, #0
20008c14:	d100      	bne.n	20008c18 <_etoa+0x404>
20008c16:	e763      	b.n	20008ae0 <_etoa+0x2cc>
20008c18:	9b20      	ldr	r3, [sp, #128]	@ 0x80
20008c1a:	3b01      	subs	r3, #1
20008c1c:	9320      	str	r3, [sp, #128]	@ 0x80
20008c1e:	e75f      	b.n	20008ae0 <_etoa+0x2cc>
20008c20:	2300      	movs	r3, #0
20008c22:	4698      	mov	r8, r3
20008c24:	e762      	b.n	20008aec <_etoa+0x2d8>
20008c26:	9e06      	ldr	r6, [sp, #24]
20008c28:	9f07      	ldr	r7, [sp, #28]
20008c2a:	0032      	movs	r2, r6
20008c2c:	0039      	movs	r1, r7
20008c2e:	2080      	movs	r0, #128	@ 0x80
20008c30:	0600      	lsls	r0, r0, #24
20008c32:	4684      	mov	ip, r0
20008c34:	4461      	add	r1, ip
20008c36:	000b      	movs	r3, r1
20008c38:	9206      	str	r2, [sp, #24]
20008c3a:	9307      	str	r3, [sp, #28]
20008c3c:	e775      	b.n	20008b2a <_etoa+0x316>
20008c3e:	2765      	movs	r7, #101	@ 0x65
20008c40:	e78c      	b.n	20008b5c <_etoa+0x348>
20008c42:	1c56      	adds	r6, r2, #1
20008c44:	464b      	mov	r3, r9
20008c46:	4651      	mov	r1, sl
20008c48:	2020      	movs	r0, #32
20008c4a:	47a0      	blx	r4
20008c4c:	0032      	movs	r2, r6
20008c4e:	465b      	mov	r3, fp
20008c50:	1ad3      	subs	r3, r2, r3
20008c52:	42bb      	cmp	r3, r7
20008c54:	d3f5      	bcc.n	20008c42 <_etoa+0x42e>
20008c56:	0010      	movs	r0, r2
20008c58:	e6fc      	b.n	20008a54 <_etoa+0x240>
20008c5a:	46c0      	nop			@ (mov r8, r8)

20008c5c <_ftoa>:
20008c5c:	b5f0      	push	{r4, r5, r6, r7, lr}
20008c5e:	46de      	mov	lr, fp
20008c60:	4657      	mov	r7, sl
20008c62:	464e      	mov	r6, r9
20008c64:	4645      	mov	r5, r8
20008c66:	b5e0      	push	{r5, r6, r7, lr}
20008c68:	b095      	sub	sp, #84	@ 0x54
20008c6a:	4681      	mov	r9, r0
20008c6c:	468a      	mov	sl, r1
20008c6e:	4693      	mov	fp, r2
20008c70:	930a      	str	r3, [sp, #40]	@ 0x28
20008c72:	9f20      	ldr	r7, [sp, #128]	@ 0x80
20008c74:	9a1e      	ldr	r2, [sp, #120]	@ 0x78
20008c76:	9b1f      	ldr	r3, [sp, #124]	@ 0x7c
20008c78:	0010      	movs	r0, r2
20008c7a:	0019      	movs	r1, r3
20008c7c:	f7fe fefb 	bl	20007a76 <__wrap___aeabi_dcmpun>
20008c80:	2800      	cmp	r0, #0
20008c82:	d131      	bne.n	20008ce8 <_ftoa+0x8c>
20008c84:	2201      	movs	r2, #1
20008c86:	4252      	negs	r2, r2
20008c88:	4bba      	ldr	r3, [pc, #744]	@ (20008f74 <_ftoa+0x318>)
20008c8a:	981e      	ldr	r0, [sp, #120]	@ 0x78
20008c8c:	991f      	ldr	r1, [sp, #124]	@ 0x7c
20008c8e:	f7fe fed7 	bl	20007a40 <__wrap___aeabi_dcmplt>
20008c92:	2800      	cmp	r0, #0
20008c94:	d137      	bne.n	20008d06 <_ftoa+0xaa>
20008c96:	2201      	movs	r2, #1
20008c98:	4252      	negs	r2, r2
20008c9a:	4bb7      	ldr	r3, [pc, #732]	@ (20008f78 <_ftoa+0x31c>)
20008c9c:	981e      	ldr	r0, [sp, #120]	@ 0x78
20008c9e:	991f      	ldr	r1, [sp, #124]	@ 0x7c
20008ca0:	f7fe fee4 	bl	20007a6c <__wrap___aeabi_dcmpgt>
20008ca4:	2800      	cmp	r0, #0
20008ca6:	d13d      	bne.n	20008d24 <_ftoa+0xc8>
20008ca8:	2200      	movs	r2, #0
20008caa:	4bb4      	ldr	r3, [pc, #720]	@ (20008f7c <_ftoa+0x320>)
20008cac:	981e      	ldr	r0, [sp, #120]	@ 0x78
20008cae:	991f      	ldr	r1, [sp, #124]	@ 0x7c
20008cb0:	f7fe fedc 	bl	20007a6c <__wrap___aeabi_dcmpgt>
20008cb4:	2800      	cmp	r0, #0
20008cb6:	d14a      	bne.n	20008d4e <_ftoa+0xf2>
20008cb8:	2200      	movs	r2, #0
20008cba:	4bb1      	ldr	r3, [pc, #708]	@ (20008f80 <_ftoa+0x324>)
20008cbc:	981e      	ldr	r0, [sp, #120]	@ 0x78
20008cbe:	991f      	ldr	r1, [sp, #124]	@ 0x7c
20008cc0:	f7fe febe 	bl	20007a40 <__wrap___aeabi_dcmplt>
20008cc4:	2800      	cmp	r0, #0
20008cc6:	d142      	bne.n	20008d4e <_ftoa+0xf2>
20008cc8:	2200      	movs	r2, #0
20008cca:	2300      	movs	r3, #0
20008ccc:	981e      	ldr	r0, [sp, #120]	@ 0x78
20008cce:	991f      	ldr	r1, [sp, #124]	@ 0x7c
20008cd0:	f7fe feb6 	bl	20007a40 <__wrap___aeabi_dcmplt>
20008cd4:	2800      	cmp	r0, #0
20008cd6:	d14a      	bne.n	20008d6e <_ftoa+0x112>
20008cd8:	2300      	movs	r3, #0
20008cda:	930b      	str	r3, [sp, #44]	@ 0x2c
20008cdc:	9b22      	ldr	r3, [sp, #136]	@ 0x88
20008cde:	055b      	lsls	r3, r3, #21
20008ce0:	d400      	bmi.n	20008ce4 <_ftoa+0x88>
20008ce2:	e0af      	b.n	20008e44 <_ftoa+0x1e8>
20008ce4:	2400      	movs	r4, #0
20008ce6:	e052      	b.n	20008d8e <_ftoa+0x132>
20008ce8:	9b22      	ldr	r3, [sp, #136]	@ 0x88
20008cea:	9303      	str	r3, [sp, #12]
20008cec:	9b21      	ldr	r3, [sp, #132]	@ 0x84
20008cee:	9302      	str	r3, [sp, #8]
20008cf0:	2303      	movs	r3, #3
20008cf2:	9301      	str	r3, [sp, #4]
20008cf4:	4ba3      	ldr	r3, [pc, #652]	@ (20008f84 <_ftoa+0x328>)
20008cf6:	9300      	str	r3, [sp, #0]
20008cf8:	9b0a      	ldr	r3, [sp, #40]	@ 0x28
20008cfa:	465a      	mov	r2, fp
20008cfc:	4651      	mov	r1, sl
20008cfe:	4648      	mov	r0, r9
20008d00:	f7ff fbc8 	bl	20008494 <_out_rev>
20008d04:	e11f      	b.n	20008f46 <_ftoa+0x2ea>
20008d06:	9b22      	ldr	r3, [sp, #136]	@ 0x88
20008d08:	9303      	str	r3, [sp, #12]
20008d0a:	9b21      	ldr	r3, [sp, #132]	@ 0x84
20008d0c:	9302      	str	r3, [sp, #8]
20008d0e:	2304      	movs	r3, #4
20008d10:	9301      	str	r3, [sp, #4]
20008d12:	4b9d      	ldr	r3, [pc, #628]	@ (20008f88 <_ftoa+0x32c>)
20008d14:	9300      	str	r3, [sp, #0]
20008d16:	9b0a      	ldr	r3, [sp, #40]	@ 0x28
20008d18:	465a      	mov	r2, fp
20008d1a:	4651      	mov	r1, sl
20008d1c:	4648      	mov	r0, r9
20008d1e:	f7ff fbb9 	bl	20008494 <_out_rev>
20008d22:	e110      	b.n	20008f46 <_ftoa+0x2ea>
20008d24:	9b22      	ldr	r3, [sp, #136]	@ 0x88
20008d26:	075b      	lsls	r3, r3, #29
20008d28:	d50e      	bpl.n	20008d48 <_ftoa+0xec>
20008d2a:	4b98      	ldr	r3, [pc, #608]	@ (20008f8c <_ftoa+0x330>)
20008d2c:	2204      	movs	r2, #4
20008d2e:	9922      	ldr	r1, [sp, #136]	@ 0x88
20008d30:	9103      	str	r1, [sp, #12]
20008d32:	9921      	ldr	r1, [sp, #132]	@ 0x84
20008d34:	9102      	str	r1, [sp, #8]
20008d36:	9201      	str	r2, [sp, #4]
20008d38:	9300      	str	r3, [sp, #0]
20008d3a:	9b0a      	ldr	r3, [sp, #40]	@ 0x28
20008d3c:	465a      	mov	r2, fp
20008d3e:	4651      	mov	r1, sl
20008d40:	4648      	mov	r0, r9
20008d42:	f7ff fba7 	bl	20008494 <_out_rev>
20008d46:	e0fe      	b.n	20008f46 <_ftoa+0x2ea>
20008d48:	4b91      	ldr	r3, [pc, #580]	@ (20008f90 <_ftoa+0x334>)
20008d4a:	2203      	movs	r2, #3
20008d4c:	e7ef      	b.n	20008d2e <_ftoa+0xd2>
20008d4e:	9b22      	ldr	r3, [sp, #136]	@ 0x88
20008d50:	9304      	str	r3, [sp, #16]
20008d52:	9b21      	ldr	r3, [sp, #132]	@ 0x84
20008d54:	9303      	str	r3, [sp, #12]
20008d56:	9702      	str	r7, [sp, #8]
20008d58:	9b1e      	ldr	r3, [sp, #120]	@ 0x78
20008d5a:	9c1f      	ldr	r4, [sp, #124]	@ 0x7c
20008d5c:	9300      	str	r3, [sp, #0]
20008d5e:	9401      	str	r4, [sp, #4]
20008d60:	9b0a      	ldr	r3, [sp, #40]	@ 0x28
20008d62:	465a      	mov	r2, fp
20008d64:	4651      	mov	r1, sl
20008d66:	4648      	mov	r0, r9
20008d68:	f7ff fd54 	bl	20008814 <_etoa>
20008d6c:	e0eb      	b.n	20008f46 <_ftoa+0x2ea>
20008d6e:	9a1e      	ldr	r2, [sp, #120]	@ 0x78
20008d70:	9b1f      	ldr	r3, [sp, #124]	@ 0x7c
20008d72:	2000      	movs	r0, #0
20008d74:	2100      	movs	r1, #0
20008d76:	f7fe fdf0 	bl	2000795a <__wrap___aeabi_dsub>
20008d7a:	901e      	str	r0, [sp, #120]	@ 0x78
20008d7c:	911f      	str	r1, [sp, #124]	@ 0x7c
20008d7e:	2301      	movs	r3, #1
20008d80:	930b      	str	r3, [sp, #44]	@ 0x2c
20008d82:	e7ab      	b.n	20008cdc <_ftoa+0x80>
20008d84:	ab0c      	add	r3, sp, #48	@ 0x30
20008d86:	2230      	movs	r2, #48	@ 0x30
20008d88:	551a      	strb	r2, [r3, r4]
20008d8a:	3f01      	subs	r7, #1
20008d8c:	3401      	adds	r4, #1
20008d8e:	2c1f      	cmp	r4, #31
20008d90:	d801      	bhi.n	20008d96 <_ftoa+0x13a>
20008d92:	2f09      	cmp	r7, #9
20008d94:	d8f6      	bhi.n	20008d84 <_ftoa+0x128>
20008d96:	981e      	ldr	r0, [sp, #120]	@ 0x78
20008d98:	991f      	ldr	r1, [sp, #124]	@ 0x7c
20008d9a:	f7fe fe95 	bl	20007ac8 <__wrap___aeabi_d2iz>
20008d9e:	0005      	movs	r5, r0
20008da0:	f7fe fe7a 	bl	20007a98 <__wrap___aeabi_i2d>
20008da4:	0002      	movs	r2, r0
20008da6:	000b      	movs	r3, r1
20008da8:	981e      	ldr	r0, [sp, #120]	@ 0x78
20008daa:	991f      	ldr	r1, [sp, #124]	@ 0x7c
20008dac:	f7fe fdd5 	bl	2000795a <__wrap___aeabi_dsub>
20008db0:	4b78      	ldr	r3, [pc, #480]	@ (20008f94 <_ftoa+0x338>)
20008db2:	00fa      	lsls	r2, r7, #3
20008db4:	189b      	adds	r3, r3, r2
20008db6:	cb0c      	ldmia	r3, {r2, r3}
20008db8:	9208      	str	r2, [sp, #32]
20008dba:	9309      	str	r3, [sp, #36]	@ 0x24
20008dbc:	f7fe fdfd 	bl	200079ba <__wrap___aeabi_dmul>
20008dc0:	9006      	str	r0, [sp, #24]
20008dc2:	9107      	str	r1, [sp, #28]
20008dc4:	f7fe fea4 	bl	20007b10 <__wrap___aeabi_d2uiz>
20008dc8:	0006      	movs	r6, r0
20008dca:	f7fe fe61 	bl	20007a90 <__wrap___aeabi_ui2d>
20008dce:	0002      	movs	r2, r0
20008dd0:	000b      	movs	r3, r1
20008dd2:	9806      	ldr	r0, [sp, #24]
20008dd4:	9907      	ldr	r1, [sp, #28]
20008dd6:	f7fe fdc0 	bl	2000795a <__wrap___aeabi_dsub>
20008dda:	9006      	str	r0, [sp, #24]
20008ddc:	9107      	str	r1, [sp, #28]
20008dde:	2200      	movs	r2, #0
20008de0:	4b6d      	ldr	r3, [pc, #436]	@ (20008f98 <_ftoa+0x33c>)
20008de2:	f7fe fe43 	bl	20007a6c <__wrap___aeabi_dcmpgt>
20008de6:	2800      	cmp	r0, #0
20008de8:	d02e      	beq.n	20008e48 <_ftoa+0x1ec>
20008dea:	3601      	adds	r6, #1
20008dec:	0030      	movs	r0, r6
20008dee:	f7fe fe4f 	bl	20007a90 <__wrap___aeabi_ui2d>
20008df2:	0002      	movs	r2, r0
20008df4:	000b      	movs	r3, r1
20008df6:	9808      	ldr	r0, [sp, #32]
20008df8:	9909      	ldr	r1, [sp, #36]	@ 0x24
20008dfa:	f7fe fe27 	bl	20007a4c <__wrap___aeabi_dcmple>
20008dfe:	2800      	cmp	r0, #0
20008e00:	d001      	beq.n	20008e06 <_ftoa+0x1aa>
20008e02:	3501      	adds	r5, #1
20008e04:	2600      	movs	r6, #0
20008e06:	2f00      	cmp	r7, #0
20008e08:	d12c      	bne.n	20008e64 <_ftoa+0x208>
20008e0a:	0028      	movs	r0, r5
20008e0c:	f7fe fe44 	bl	20007a98 <__wrap___aeabi_i2d>
20008e10:	0002      	movs	r2, r0
20008e12:	000b      	movs	r3, r1
20008e14:	981e      	ldr	r0, [sp, #120]	@ 0x78
20008e16:	991f      	ldr	r1, [sp, #124]	@ 0x7c
20008e18:	f7fe fd9f 	bl	2000795a <__wrap___aeabi_dsub>
20008e1c:	0006      	movs	r6, r0
20008e1e:	000f      	movs	r7, r1
20008e20:	2200      	movs	r2, #0
20008e22:	4b5d      	ldr	r3, [pc, #372]	@ (20008f98 <_ftoa+0x33c>)
20008e24:	f7fe fe0c 	bl	20007a40 <__wrap___aeabi_dcmplt>
20008e28:	2800      	cmp	r0, #0
20008e2a:	d146      	bne.n	20008eba <_ftoa+0x25e>
20008e2c:	2200      	movs	r2, #0
20008e2e:	4b5a      	ldr	r3, [pc, #360]	@ (20008f98 <_ftoa+0x33c>)
20008e30:	0030      	movs	r0, r6
20008e32:	0039      	movs	r1, r7
20008e34:	f7fe fe1a 	bl	20007a6c <__wrap___aeabi_dcmpgt>
20008e38:	2800      	cmp	r0, #0
20008e3a:	d13e      	bne.n	20008eba <_ftoa+0x25e>
20008e3c:	07eb      	lsls	r3, r5, #31
20008e3e:	d53c      	bpl.n	20008eba <_ftoa+0x25e>
20008e40:	3501      	adds	r5, #1
20008e42:	e03a      	b.n	20008eba <_ftoa+0x25e>
20008e44:	2706      	movs	r7, #6
20008e46:	e74d      	b.n	20008ce4 <_ftoa+0x88>
20008e48:	2200      	movs	r2, #0
20008e4a:	4b53      	ldr	r3, [pc, #332]	@ (20008f98 <_ftoa+0x33c>)
20008e4c:	9806      	ldr	r0, [sp, #24]
20008e4e:	9907      	ldr	r1, [sp, #28]
20008e50:	f7fe fdf6 	bl	20007a40 <__wrap___aeabi_dcmplt>
20008e54:	2800      	cmp	r0, #0
20008e56:	d1d6      	bne.n	20008e06 <_ftoa+0x1aa>
20008e58:	2e00      	cmp	r6, #0
20008e5a:	d001      	beq.n	20008e60 <_ftoa+0x204>
20008e5c:	07f3      	lsls	r3, r6, #31
20008e5e:	d5d2      	bpl.n	20008e06 <_ftoa+0x1aa>
20008e60:	3601      	adds	r6, #1
20008e62:	e7d0      	b.n	20008e06 <_ftoa+0x1aa>
20008e64:	46a8      	mov	r8, r5
20008e66:	2c1f      	cmp	r4, #31
20008e68:	d811      	bhi.n	20008e8e <_ftoa+0x232>
20008e6a:	3f01      	subs	r7, #1
20008e6c:	210a      	movs	r1, #10
20008e6e:	0030      	movs	r0, r6
20008e70:	f7fe fb38 	bl	200074e4 <__wrap___aeabi_uidiv>
20008e74:	1c65      	adds	r5, r4, #1
20008e76:	3130      	adds	r1, #48	@ 0x30
20008e78:	ab0c      	add	r3, sp, #48	@ 0x30
20008e7a:	5519      	strb	r1, [r3, r4]
20008e7c:	210a      	movs	r1, #10
20008e7e:	0030      	movs	r0, r6
20008e80:	f7fe fb30 	bl	200074e4 <__wrap___aeabi_uidiv>
20008e84:	2e09      	cmp	r6, #9
20008e86:	d90e      	bls.n	20008ea6 <_ftoa+0x24a>
20008e88:	0006      	movs	r6, r0
20008e8a:	002c      	movs	r4, r5
20008e8c:	e7eb      	b.n	20008e66 <_ftoa+0x20a>
20008e8e:	4645      	mov	r5, r8
20008e90:	2c1f      	cmp	r4, #31
20008e92:	d80c      	bhi.n	20008eae <_ftoa+0x252>
20008e94:	1e7b      	subs	r3, r7, #1
20008e96:	2f00      	cmp	r7, #0
20008e98:	d009      	beq.n	20008eae <_ftoa+0x252>
20008e9a:	aa0c      	add	r2, sp, #48	@ 0x30
20008e9c:	2130      	movs	r1, #48	@ 0x30
20008e9e:	5511      	strb	r1, [r2, r4]
20008ea0:	001f      	movs	r7, r3
20008ea2:	3401      	adds	r4, #1
20008ea4:	e7f4      	b.n	20008e90 <_ftoa+0x234>
20008ea6:	002b      	movs	r3, r5
20008ea8:	4645      	mov	r5, r8
20008eaa:	001c      	movs	r4, r3
20008eac:	e7f0      	b.n	20008e90 <_ftoa+0x234>
20008eae:	2c1f      	cmp	r4, #31
20008eb0:	d803      	bhi.n	20008eba <_ftoa+0x25e>
20008eb2:	ab0c      	add	r3, sp, #48	@ 0x30
20008eb4:	222e      	movs	r2, #46	@ 0x2e
20008eb6:	551a      	strb	r2, [r3, r4]
20008eb8:	3401      	adds	r4, #1
20008eba:	2c1f      	cmp	r4, #31
20008ebc:	d810      	bhi.n	20008ee0 <_ftoa+0x284>
20008ebe:	210a      	movs	r1, #10
20008ec0:	0028      	movs	r0, r5
20008ec2:	f7fe fae7 	bl	20007494 <__wrap___aeabi_idiv>
20008ec6:	1c66      	adds	r6, r4, #1
20008ec8:	3130      	adds	r1, #48	@ 0x30
20008eca:	ab0c      	add	r3, sp, #48	@ 0x30
20008ecc:	5519      	strb	r1, [r3, r4]
20008ece:	210a      	movs	r1, #10
20008ed0:	0028      	movs	r0, r5
20008ed2:	f7fe fadf 	bl	20007494 <__wrap___aeabi_idiv>
20008ed6:	1e05      	subs	r5, r0, #0
20008ed8:	d001      	beq.n	20008ede <_ftoa+0x282>
20008eda:	0034      	movs	r4, r6
20008edc:	e7ed      	b.n	20008eba <_ftoa+0x25e>
20008ede:	0034      	movs	r4, r6
20008ee0:	9b22      	ldr	r3, [sp, #136]	@ 0x88
20008ee2:	079b      	lsls	r3, r3, #30
20008ee4:	d419      	bmi.n	20008f1a <_ftoa+0x2be>
20008ee6:	9b22      	ldr	r3, [sp, #136]	@ 0x88
20008ee8:	07db      	lsls	r3, r3, #31
20008eea:	d516      	bpl.n	20008f1a <_ftoa+0x2be>
20008eec:	9b21      	ldr	r3, [sp, #132]	@ 0x84
20008eee:	2b00      	cmp	r3, #0
20008ef0:	d00e      	beq.n	20008f10 <_ftoa+0x2b4>
20008ef2:	9b0b      	ldr	r3, [sp, #44]	@ 0x2c
20008ef4:	2b00      	cmp	r3, #0
20008ef6:	d103      	bne.n	20008f00 <_ftoa+0x2a4>
20008ef8:	330c      	adds	r3, #12
20008efa:	9a22      	ldr	r2, [sp, #136]	@ 0x88
20008efc:	4213      	tst	r3, r2
20008efe:	d007      	beq.n	20008f10 <_ftoa+0x2b4>
20008f00:	9b21      	ldr	r3, [sp, #132]	@ 0x84
20008f02:	3b01      	subs	r3, #1
20008f04:	9321      	str	r3, [sp, #132]	@ 0x84
20008f06:	e003      	b.n	20008f10 <_ftoa+0x2b4>
20008f08:	ab0c      	add	r3, sp, #48	@ 0x30
20008f0a:	2230      	movs	r2, #48	@ 0x30
20008f0c:	551a      	strb	r2, [r3, r4]
20008f0e:	3401      	adds	r4, #1
20008f10:	9b21      	ldr	r3, [sp, #132]	@ 0x84
20008f12:	429c      	cmp	r4, r3
20008f14:	d201      	bcs.n	20008f1a <_ftoa+0x2be>
20008f16:	2c1f      	cmp	r4, #31
20008f18:	d9f6      	bls.n	20008f08 <_ftoa+0x2ac>
20008f1a:	2c1f      	cmp	r4, #31
20008f1c:	d806      	bhi.n	20008f2c <_ftoa+0x2d0>
20008f1e:	9b0b      	ldr	r3, [sp, #44]	@ 0x2c
20008f20:	2b00      	cmp	r3, #0
20008f22:	d017      	beq.n	20008f54 <_ftoa+0x2f8>
20008f24:	ab0c      	add	r3, sp, #48	@ 0x30
20008f26:	222d      	movs	r2, #45	@ 0x2d
20008f28:	551a      	strb	r2, [r3, r4]
20008f2a:	3401      	adds	r4, #1
20008f2c:	9b22      	ldr	r3, [sp, #136]	@ 0x88
20008f2e:	9303      	str	r3, [sp, #12]
20008f30:	9b21      	ldr	r3, [sp, #132]	@ 0x84
20008f32:	9302      	str	r3, [sp, #8]
20008f34:	9401      	str	r4, [sp, #4]
20008f36:	ab0c      	add	r3, sp, #48	@ 0x30
20008f38:	9300      	str	r3, [sp, #0]
20008f3a:	9b0a      	ldr	r3, [sp, #40]	@ 0x28
20008f3c:	465a      	mov	r2, fp
20008f3e:	4651      	mov	r1, sl
20008f40:	4648      	mov	r0, r9
20008f42:	f7ff faa7 	bl	20008494 <_out_rev>
20008f46:	b015      	add	sp, #84	@ 0x54
20008f48:	bcf0      	pop	{r4, r5, r6, r7}
20008f4a:	46bb      	mov	fp, r7
20008f4c:	46b2      	mov	sl, r6
20008f4e:	46a9      	mov	r9, r5
20008f50:	46a0      	mov	r8, r4
20008f52:	bdf0      	pop	{r4, r5, r6, r7, pc}
20008f54:	9b22      	ldr	r3, [sp, #136]	@ 0x88
20008f56:	075b      	lsls	r3, r3, #29
20008f58:	d504      	bpl.n	20008f64 <_ftoa+0x308>
20008f5a:	ab0c      	add	r3, sp, #48	@ 0x30
20008f5c:	222b      	movs	r2, #43	@ 0x2b
20008f5e:	551a      	strb	r2, [r3, r4]
20008f60:	3401      	adds	r4, #1
20008f62:	e7e3      	b.n	20008f2c <_ftoa+0x2d0>
20008f64:	9b22      	ldr	r3, [sp, #136]	@ 0x88
20008f66:	071b      	lsls	r3, r3, #28
20008f68:	d5e0      	bpl.n	20008f2c <_ftoa+0x2d0>
20008f6a:	ab0c      	add	r3, sp, #48	@ 0x30
20008f6c:	2220      	movs	r2, #32
20008f6e:	551a      	strb	r2, [r3, r4]
20008f70:	3401      	adds	r4, #1
20008f72:	e7db      	b.n	20008f2c <_ftoa+0x2d0>
20008f74:	ffefffff 	.word	0xffefffff
20008f78:	7fefffff 	.word	0x7fefffff
20008f7c:	41cdcd65 	.word	0x41cdcd65
20008f80:	c1cdcd65 	.word	0xc1cdcd65
20008f84:	2000d14c 	.word	0x2000d14c
20008f88:	2000d150 	.word	0x2000d150
20008f8c:	2000d140 	.word	0x2000d140
20008f90:	2000d148 	.word	0x2000d148
20008f94:	2000d888 	.word	0x2000d888
20008f98:	3fe00000 	.word	0x3fe00000

20008f9c <_vsnprintf>:
20008f9c:	b5f0      	push	{r4, r5, r6, r7, lr}
20008f9e:	46de      	mov	lr, fp
20008fa0:	4657      	mov	r7, sl
20008fa2:	464e      	mov	r6, r9
20008fa4:	4645      	mov	r5, r8
20008fa6:	b5e0      	push	{r5, r6, r7, lr}
20008fa8:	b093      	sub	sp, #76	@ 0x4c
20008faa:	4683      	mov	fp, r0
20008fac:	468a      	mov	sl, r1
20008fae:	4690      	mov	r8, r2
20008fb0:	9311      	str	r3, [sp, #68]	@ 0x44
20008fb2:	2900      	cmp	r1, #0
20008fb4:	d100      	bne.n	20008fb8 <_vsnprintf+0x1c>
20008fb6:	e31a      	b.n	200095ee <_vsnprintf+0x652>
20008fb8:	2500      	movs	r5, #0
20008fba:	465e      	mov	r6, fp
20008fbc:	9b11      	ldr	r3, [sp, #68]	@ 0x44
20008fbe:	7818      	ldrb	r0, [r3, #0]
20008fc0:	2800      	cmp	r0, #0
20008fc2:	d100      	bne.n	20008fc6 <_vsnprintf+0x2a>
20008fc4:	e316      	b.n	200095f4 <_vsnprintf+0x658>
20008fc6:	2825      	cmp	r0, #37	@ 0x25
20008fc8:	d009      	beq.n	20008fde <_vsnprintf+0x42>
20008fca:	1c6c      	adds	r4, r5, #1
20008fcc:	4643      	mov	r3, r8
20008fce:	002a      	movs	r2, r5
20008fd0:	4651      	mov	r1, sl
20008fd2:	47b0      	blx	r6
20008fd4:	9b11      	ldr	r3, [sp, #68]	@ 0x44
20008fd6:	3301      	adds	r3, #1
20008fd8:	9311      	str	r3, [sp, #68]	@ 0x44
20008fda:	0025      	movs	r5, r4
20008fdc:	e7ee      	b.n	20008fbc <_vsnprintf+0x20>
20008fde:	3301      	adds	r3, #1
20008fe0:	9311      	str	r3, [sp, #68]	@ 0x44
20008fe2:	2700      	movs	r7, #0
20008fe4:	e012      	b.n	2000900c <_vsnprintf+0x70>
20008fe6:	2a20      	cmp	r2, #32
20008fe8:	d025      	beq.n	20009036 <_vsnprintf+0x9a>
20008fea:	2a23      	cmp	r2, #35	@ 0x23
20008fec:	d105      	bne.n	20008ffa <_vsnprintf+0x5e>
20008fee:	2210      	movs	r2, #16
20008ff0:	4317      	orrs	r7, r2
20008ff2:	3301      	adds	r3, #1
20008ff4:	9311      	str	r3, [sp, #68]	@ 0x44
20008ff6:	2401      	movs	r4, #1
20008ff8:	e006      	b.n	20009008 <_vsnprintf+0x6c>
20008ffa:	2400      	movs	r4, #0
20008ffc:	e004      	b.n	20009008 <_vsnprintf+0x6c>
20008ffe:	2202      	movs	r2, #2
20009000:	4317      	orrs	r7, r2
20009002:	3301      	adds	r3, #1
20009004:	9311      	str	r3, [sp, #68]	@ 0x44
20009006:	2401      	movs	r4, #1
20009008:	2c00      	cmp	r4, #0
2000900a:	d01c      	beq.n	20009046 <_vsnprintf+0xaa>
2000900c:	9b11      	ldr	r3, [sp, #68]	@ 0x44
2000900e:	781a      	ldrb	r2, [r3, #0]
20009010:	2a2b      	cmp	r2, #43	@ 0x2b
20009012:	d00a      	beq.n	2000902a <_vsnprintf+0x8e>
20009014:	d9e7      	bls.n	20008fe6 <_vsnprintf+0x4a>
20009016:	2a2d      	cmp	r2, #45	@ 0x2d
20009018:	d0f1      	beq.n	20008ffe <_vsnprintf+0x62>
2000901a:	2a30      	cmp	r2, #48	@ 0x30
2000901c:	d111      	bne.n	20009042 <_vsnprintf+0xa6>
2000901e:	3a2f      	subs	r2, #47	@ 0x2f
20009020:	4317      	orrs	r7, r2
20009022:	3301      	adds	r3, #1
20009024:	9311      	str	r3, [sp, #68]	@ 0x44
20009026:	2401      	movs	r4, #1
20009028:	e7ee      	b.n	20009008 <_vsnprintf+0x6c>
2000902a:	2204      	movs	r2, #4
2000902c:	4317      	orrs	r7, r2
2000902e:	3301      	adds	r3, #1
20009030:	9311      	str	r3, [sp, #68]	@ 0x44
20009032:	2401      	movs	r4, #1
20009034:	e7e8      	b.n	20009008 <_vsnprintf+0x6c>
20009036:	2208      	movs	r2, #8
20009038:	4317      	orrs	r7, r2
2000903a:	3301      	adds	r3, #1
2000903c:	9311      	str	r3, [sp, #68]	@ 0x44
2000903e:	2401      	movs	r4, #1
20009040:	e7e2      	b.n	20009008 <_vsnprintf+0x6c>
20009042:	2400      	movs	r4, #0
20009044:	e7e0      	b.n	20009008 <_vsnprintf+0x6c>
20009046:	9b11      	ldr	r3, [sp, #68]	@ 0x44
20009048:	781a      	ldrb	r2, [r3, #0]
2000904a:	0013      	movs	r3, r2
2000904c:	3b30      	subs	r3, #48	@ 0x30
2000904e:	b2db      	uxtb	r3, r3
20009050:	2b09      	cmp	r3, #9
20009052:	d915      	bls.n	20009080 <_vsnprintf+0xe4>
20009054:	2a2a      	cmp	r2, #42	@ 0x2a
20009056:	d018      	beq.n	2000908a <_vsnprintf+0xee>
20009058:	940b      	str	r4, [sp, #44]	@ 0x2c
2000905a:	9b11      	ldr	r3, [sp, #68]	@ 0x44
2000905c:	781a      	ldrb	r2, [r3, #0]
2000905e:	2a2e      	cmp	r2, #46	@ 0x2e
20009060:	d023      	beq.n	200090aa <_vsnprintf+0x10e>
20009062:	9b11      	ldr	r3, [sp, #68]	@ 0x44
20009064:	781a      	ldrb	r2, [r3, #0]
20009066:	2a6c      	cmp	r2, #108	@ 0x6c
20009068:	d047      	beq.n	200090fa <_vsnprintf+0x15e>
2000906a:	d93c      	bls.n	200090e6 <_vsnprintf+0x14a>
2000906c:	2a74      	cmp	r2, #116	@ 0x74
2000906e:	d062      	beq.n	20009136 <_vsnprintf+0x19a>
20009070:	2a7a      	cmp	r2, #122	@ 0x7a
20009072:	d165      	bne.n	20009140 <_vsnprintf+0x1a4>
20009074:	2280      	movs	r2, #128	@ 0x80
20009076:	0052      	lsls	r2, r2, #1
20009078:	4317      	orrs	r7, r2
2000907a:	3301      	adds	r3, #1
2000907c:	9311      	str	r3, [sp, #68]	@ 0x44
2000907e:	e05f      	b.n	20009140 <_vsnprintf+0x1a4>
20009080:	a811      	add	r0, sp, #68	@ 0x44
20009082:	f7ff f9f5 	bl	20008470 <_atoi>
20009086:	900b      	str	r0, [sp, #44]	@ 0x2c
20009088:	e7e7      	b.n	2000905a <_vsnprintf+0xbe>
2000908a:	9b1c      	ldr	r3, [sp, #112]	@ 0x70
2000908c:	1d1a      	adds	r2, r3, #4
2000908e:	921c      	str	r2, [sp, #112]	@ 0x70
20009090:	681b      	ldr	r3, [r3, #0]
20009092:	2b00      	cmp	r3, #0
20009094:	db04      	blt.n	200090a0 <_vsnprintf+0x104>
20009096:	930b      	str	r3, [sp, #44]	@ 0x2c
20009098:	9b11      	ldr	r3, [sp, #68]	@ 0x44
2000909a:	3301      	adds	r3, #1
2000909c:	9311      	str	r3, [sp, #68]	@ 0x44
2000909e:	e7dc      	b.n	2000905a <_vsnprintf+0xbe>
200090a0:	2202      	movs	r2, #2
200090a2:	4317      	orrs	r7, r2
200090a4:	425b      	negs	r3, r3
200090a6:	930b      	str	r3, [sp, #44]	@ 0x2c
200090a8:	e7f6      	b.n	20009098 <_vsnprintf+0xfc>
200090aa:	2280      	movs	r2, #128	@ 0x80
200090ac:	00d2      	lsls	r2, r2, #3
200090ae:	4317      	orrs	r7, r2
200090b0:	1c5a      	adds	r2, r3, #1
200090b2:	9211      	str	r2, [sp, #68]	@ 0x44
200090b4:	785a      	ldrb	r2, [r3, #1]
200090b6:	0013      	movs	r3, r2
200090b8:	3b30      	subs	r3, #48	@ 0x30
200090ba:	b2db      	uxtb	r3, r3
200090bc:	2b09      	cmp	r3, #9
200090be:	d90b      	bls.n	200090d8 <_vsnprintf+0x13c>
200090c0:	2a2a      	cmp	r2, #42	@ 0x2a
200090c2:	d1ce      	bne.n	20009062 <_vsnprintf+0xc6>
200090c4:	9b1c      	ldr	r3, [sp, #112]	@ 0x70
200090c6:	1d1a      	adds	r2, r3, #4
200090c8:	921c      	str	r2, [sp, #112]	@ 0x70
200090ca:	681c      	ldr	r4, [r3, #0]
200090cc:	2c00      	cmp	r4, #0
200090ce:	db08      	blt.n	200090e2 <_vsnprintf+0x146>
200090d0:	9b11      	ldr	r3, [sp, #68]	@ 0x44
200090d2:	3301      	adds	r3, #1
200090d4:	9311      	str	r3, [sp, #68]	@ 0x44
200090d6:	e7c4      	b.n	20009062 <_vsnprintf+0xc6>
200090d8:	a811      	add	r0, sp, #68	@ 0x44
200090da:	f7ff f9c9 	bl	20008470 <_atoi>
200090de:	0004      	movs	r4, r0
200090e0:	e7bf      	b.n	20009062 <_vsnprintf+0xc6>
200090e2:	2400      	movs	r4, #0
200090e4:	e7f4      	b.n	200090d0 <_vsnprintf+0x134>
200090e6:	2a68      	cmp	r2, #104	@ 0x68
200090e8:	d017      	beq.n	2000911a <_vsnprintf+0x17e>
200090ea:	2a6a      	cmp	r2, #106	@ 0x6a
200090ec:	d128      	bne.n	20009140 <_vsnprintf+0x1a4>
200090ee:	2280      	movs	r2, #128	@ 0x80
200090f0:	0092      	lsls	r2, r2, #2
200090f2:	4317      	orrs	r7, r2
200090f4:	3301      	adds	r3, #1
200090f6:	9311      	str	r3, [sp, #68]	@ 0x44
200090f8:	e022      	b.n	20009140 <_vsnprintf+0x1a4>
200090fa:	2280      	movs	r2, #128	@ 0x80
200090fc:	0052      	lsls	r2, r2, #1
200090fe:	433a      	orrs	r2, r7
20009100:	1c59      	adds	r1, r3, #1
20009102:	9111      	str	r1, [sp, #68]	@ 0x44
20009104:	7859      	ldrb	r1, [r3, #1]
20009106:	296c      	cmp	r1, #108	@ 0x6c
20009108:	d001      	beq.n	2000910e <_vsnprintf+0x172>
2000910a:	0017      	movs	r7, r2
2000910c:	e018      	b.n	20009140 <_vsnprintf+0x1a4>
2000910e:	22c0      	movs	r2, #192	@ 0xc0
20009110:	0092      	lsls	r2, r2, #2
20009112:	4317      	orrs	r7, r2
20009114:	3302      	adds	r3, #2
20009116:	9311      	str	r3, [sp, #68]	@ 0x44
20009118:	e012      	b.n	20009140 <_vsnprintf+0x1a4>
2000911a:	2280      	movs	r2, #128	@ 0x80
2000911c:	433a      	orrs	r2, r7
2000911e:	1c59      	adds	r1, r3, #1
20009120:	9111      	str	r1, [sp, #68]	@ 0x44
20009122:	7859      	ldrb	r1, [r3, #1]
20009124:	2968      	cmp	r1, #104	@ 0x68
20009126:	d001      	beq.n	2000912c <_vsnprintf+0x190>
20009128:	0017      	movs	r7, r2
2000912a:	e009      	b.n	20009140 <_vsnprintf+0x1a4>
2000912c:	22c0      	movs	r2, #192	@ 0xc0
2000912e:	4317      	orrs	r7, r2
20009130:	3302      	adds	r3, #2
20009132:	9311      	str	r3, [sp, #68]	@ 0x44
20009134:	e004      	b.n	20009140 <_vsnprintf+0x1a4>
20009136:	2280      	movs	r2, #128	@ 0x80
20009138:	0052      	lsls	r2, r2, #1
2000913a:	4317      	orrs	r7, r2
2000913c:	3301      	adds	r3, #1
2000913e:	9311      	str	r3, [sp, #68]	@ 0x44
20009140:	9b11      	ldr	r3, [sp, #68]	@ 0x44
20009142:	7818      	ldrb	r0, [r3, #0]
20009144:	2865      	cmp	r0, #101	@ 0x65
20009146:	d040      	beq.n	200091ca <_vsnprintf+0x22e>
20009148:	d877      	bhi.n	2000923a <_vsnprintf+0x29e>
2000914a:	2846      	cmp	r0, #70	@ 0x46
2000914c:	d100      	bne.n	20009150 <_vsnprintf+0x1b4>
2000914e:	e08b      	b.n	20009268 <_vsnprintf+0x2cc>
20009150:	d91b      	bls.n	2000918a <_vsnprintf+0x1ee>
20009152:	2863      	cmp	r0, #99	@ 0x63
20009154:	d131      	bne.n	200091ba <_vsnprintf+0x21e>
20009156:	2302      	movs	r3, #2
20009158:	001a      	movs	r2, r3
2000915a:	403a      	ands	r2, r7
2000915c:	4691      	mov	r9, r2
2000915e:	423b      	tst	r3, r7
20009160:	d100      	bne.n	20009164 <_vsnprintf+0x1c8>
20009162:	e1b0      	b.n	200094c6 <_vsnprintf+0x52a>
20009164:	2401      	movs	r4, #1
20009166:	9b1c      	ldr	r3, [sp, #112]	@ 0x70
20009168:	1d1a      	adds	r2, r3, #4
2000916a:	921c      	str	r2, [sp, #112]	@ 0x70
2000916c:	1c6f      	adds	r7, r5, #1
2000916e:	7818      	ldrb	r0, [r3, #0]
20009170:	4643      	mov	r3, r8
20009172:	002a      	movs	r2, r5
20009174:	4651      	mov	r1, sl
20009176:	47b0      	blx	r6
20009178:	464b      	mov	r3, r9
2000917a:	2b00      	cmp	r3, #0
2000917c:	d000      	beq.n	20009180 <_vsnprintf+0x1e4>
2000917e:	e1a6      	b.n	200094ce <_vsnprintf+0x532>
20009180:	9b11      	ldr	r3, [sp, #68]	@ 0x44
20009182:	3301      	adds	r3, #1
20009184:	9311      	str	r3, [sp, #68]	@ 0x44
20009186:	003d      	movs	r5, r7
20009188:	e718      	b.n	20008fbc <_vsnprintf+0x20>
2000918a:	2825      	cmp	r0, #37	@ 0x25
2000918c:	d109      	bne.n	200091a2 <_vsnprintf+0x206>
2000918e:	1c6c      	adds	r4, r5, #1
20009190:	4643      	mov	r3, r8
20009192:	002a      	movs	r2, r5
20009194:	4651      	mov	r1, sl
20009196:	47b0      	blx	r6
20009198:	9b11      	ldr	r3, [sp, #68]	@ 0x44
2000919a:	3301      	adds	r3, #1
2000919c:	9311      	str	r3, [sp, #68]	@ 0x44
2000919e:	0025      	movs	r5, r4
200091a0:	e70c      	b.n	20008fbc <_vsnprintf+0x20>
200091a2:	2845      	cmp	r0, #69	@ 0x45
200091a4:	d011      	beq.n	200091ca <_vsnprintf+0x22e>
200091a6:	1c6c      	adds	r4, r5, #1
200091a8:	4643      	mov	r3, r8
200091aa:	002a      	movs	r2, r5
200091ac:	4651      	mov	r1, sl
200091ae:	47b0      	blx	r6
200091b0:	9b11      	ldr	r3, [sp, #68]	@ 0x44
200091b2:	3301      	adds	r3, #1
200091b4:	9311      	str	r3, [sp, #68]	@ 0x44
200091b6:	0025      	movs	r5, r4
200091b8:	e700      	b.n	20008fbc <_vsnprintf+0x20>
200091ba:	2863      	cmp	r0, #99	@ 0x63
200091bc:	d82b      	bhi.n	20009216 <_vsnprintf+0x27a>
200091be:	2858      	cmp	r0, #88	@ 0x58
200091c0:	d02b      	beq.n	2000921a <_vsnprintf+0x27e>
200091c2:	2862      	cmp	r0, #98	@ 0x62
200091c4:	d029      	beq.n	2000921a <_vsnprintf+0x27e>
200091c6:	2847      	cmp	r0, #71	@ 0x47
200091c8:	d1ed      	bne.n	200091a6 <_vsnprintf+0x20a>
200091ca:	2867      	cmp	r0, #103	@ 0x67
200091cc:	d001      	beq.n	200091d2 <_vsnprintf+0x236>
200091ce:	2847      	cmp	r0, #71	@ 0x47
200091d0:	d102      	bne.n	200091d8 <_vsnprintf+0x23c>
200091d2:	2380      	movs	r3, #128	@ 0x80
200091d4:	011b      	lsls	r3, r3, #4
200091d6:	431f      	orrs	r7, r3
200091d8:	2845      	cmp	r0, #69	@ 0x45
200091da:	d001      	beq.n	200091e0 <_vsnprintf+0x244>
200091dc:	2847      	cmp	r0, #71	@ 0x47
200091de:	d101      	bne.n	200091e4 <_vsnprintf+0x248>
200091e0:	2320      	movs	r3, #32
200091e2:	431f      	orrs	r7, r3
200091e4:	9b1c      	ldr	r3, [sp, #112]	@ 0x70
200091e6:	3307      	adds	r3, #7
200091e8:	2207      	movs	r2, #7
200091ea:	4393      	bics	r3, r2
200091ec:	001a      	movs	r2, r3
200091ee:	3208      	adds	r2, #8
200091f0:	921c      	str	r2, [sp, #112]	@ 0x70
200091f2:	9704      	str	r7, [sp, #16]
200091f4:	9a0b      	ldr	r2, [sp, #44]	@ 0x2c
200091f6:	9203      	str	r2, [sp, #12]
200091f8:	9402      	str	r4, [sp, #8]
200091fa:	cb0c      	ldmia	r3, {r2, r3}
200091fc:	9200      	str	r2, [sp, #0]
200091fe:	9301      	str	r3, [sp, #4]
20009200:	4643      	mov	r3, r8
20009202:	002a      	movs	r2, r5
20009204:	4651      	mov	r1, sl
20009206:	0030      	movs	r0, r6
20009208:	f7ff fb04 	bl	20008814 <_etoa>
2000920c:	0005      	movs	r5, r0
2000920e:	9b11      	ldr	r3, [sp, #68]	@ 0x44
20009210:	3301      	adds	r3, #1
20009212:	9311      	str	r3, [sp, #68]	@ 0x44
20009214:	e6d2      	b.n	20008fbc <_vsnprintf+0x20>
20009216:	2864      	cmp	r0, #100	@ 0x64
20009218:	d1c5      	bne.n	200091a6 <_vsnprintf+0x20a>
2000921a:	2878      	cmp	r0, #120	@ 0x78
2000921c:	d04d      	beq.n	200092ba <_vsnprintf+0x31e>
2000921e:	2858      	cmp	r0, #88	@ 0x58
20009220:	d100      	bne.n	20009224 <_vsnprintf+0x288>
20009222:	e07c      	b.n	2000931e <_vsnprintf+0x382>
20009224:	286f      	cmp	r0, #111	@ 0x6f
20009226:	d100      	bne.n	2000922a <_vsnprintf+0x28e>
20009228:	e07c      	b.n	20009324 <_vsnprintf+0x388>
2000922a:	2862      	cmp	r0, #98	@ 0x62
2000922c:	d100      	bne.n	20009230 <_vsnprintf+0x294>
2000922e:	e07c      	b.n	2000932a <_vsnprintf+0x38e>
20009230:	2310      	movs	r3, #16
20009232:	439f      	bics	r7, r3
20009234:	3b06      	subs	r3, #6
20009236:	469c      	mov	ip, r3
20009238:	e041      	b.n	200092be <_vsnprintf+0x322>
2000923a:	2870      	cmp	r0, #112	@ 0x70
2000923c:	d100      	bne.n	20009240 <_vsnprintf+0x2a4>
2000923e:	e1bc      	b.n	200095ba <_vsnprintf+0x61e>
20009240:	d90d      	bls.n	2000925e <_vsnprintf+0x2c2>
20009242:	2873      	cmp	r0, #115	@ 0x73
20009244:	d131      	bne.n	200092aa <_vsnprintf+0x30e>
20009246:	9b1c      	ldr	r3, [sp, #112]	@ 0x70
20009248:	1d1a      	adds	r2, r3, #4
2000924a:	921c      	str	r2, [sp, #112]	@ 0x70
2000924c:	681b      	ldr	r3, [r3, #0]
2000924e:	469b      	mov	fp, r3
20009250:	2c00      	cmp	r4, #0
20009252:	d000      	beq.n	20009256 <_vsnprintf+0x2ba>
20009254:	e16e      	b.n	20009534 <_vsnprintf+0x598>
20009256:	2201      	movs	r2, #1
20009258:	4252      	negs	r2, r2
2000925a:	465b      	mov	r3, fp
2000925c:	e14a      	b.n	200094f4 <_vsnprintf+0x558>
2000925e:	2867      	cmp	r0, #103	@ 0x67
20009260:	d0b3      	beq.n	200091ca <_vsnprintf+0x22e>
20009262:	d81d      	bhi.n	200092a0 <_vsnprintf+0x304>
20009264:	2866      	cmp	r0, #102	@ 0x66
20009266:	d19e      	bne.n	200091a6 <_vsnprintf+0x20a>
20009268:	2846      	cmp	r0, #70	@ 0x46
2000926a:	d100      	bne.n	2000926e <_vsnprintf+0x2d2>
2000926c:	e11c      	b.n	200094a8 <_vsnprintf+0x50c>
2000926e:	9b1c      	ldr	r3, [sp, #112]	@ 0x70
20009270:	3307      	adds	r3, #7
20009272:	2207      	movs	r2, #7
20009274:	4393      	bics	r3, r2
20009276:	001a      	movs	r2, r3
20009278:	3208      	adds	r2, #8
2000927a:	921c      	str	r2, [sp, #112]	@ 0x70
2000927c:	9704      	str	r7, [sp, #16]
2000927e:	9a0b      	ldr	r2, [sp, #44]	@ 0x2c
20009280:	9203      	str	r2, [sp, #12]
20009282:	9402      	str	r4, [sp, #8]
20009284:	cb0c      	ldmia	r3, {r2, r3}
20009286:	9200      	str	r2, [sp, #0]
20009288:	9301      	str	r3, [sp, #4]
2000928a:	4643      	mov	r3, r8
2000928c:	002a      	movs	r2, r5
2000928e:	4651      	mov	r1, sl
20009290:	0030      	movs	r0, r6
20009292:	f7ff fce3 	bl	20008c5c <_ftoa>
20009296:	0005      	movs	r5, r0
20009298:	9b11      	ldr	r3, [sp, #68]	@ 0x44
2000929a:	3301      	adds	r3, #1
2000929c:	9311      	str	r3, [sp, #68]	@ 0x44
2000929e:	e68d      	b.n	20008fbc <_vsnprintf+0x20>
200092a0:	2869      	cmp	r0, #105	@ 0x69
200092a2:	d0ba      	beq.n	2000921a <_vsnprintf+0x27e>
200092a4:	286f      	cmp	r0, #111	@ 0x6f
200092a6:	d0b8      	beq.n	2000921a <_vsnprintf+0x27e>
200092a8:	e77d      	b.n	200091a6 <_vsnprintf+0x20a>
200092aa:	2873      	cmp	r0, #115	@ 0x73
200092ac:	d200      	bcs.n	200092b0 <_vsnprintf+0x314>
200092ae:	e77a      	b.n	200091a6 <_vsnprintf+0x20a>
200092b0:	2875      	cmp	r0, #117	@ 0x75
200092b2:	d0b2      	beq.n	2000921a <_vsnprintf+0x27e>
200092b4:	2878      	cmp	r0, #120	@ 0x78
200092b6:	d0b0      	beq.n	2000921a <_vsnprintf+0x27e>
200092b8:	e775      	b.n	200091a6 <_vsnprintf+0x20a>
200092ba:	2310      	movs	r3, #16
200092bc:	469c      	mov	ip, r3
200092be:	2858      	cmp	r0, #88	@ 0x58
200092c0:	d036      	beq.n	20009330 <_vsnprintf+0x394>
200092c2:	2869      	cmp	r0, #105	@ 0x69
200092c4:	d003      	beq.n	200092ce <_vsnprintf+0x332>
200092c6:	2864      	cmp	r0, #100	@ 0x64
200092c8:	d001      	beq.n	200092ce <_vsnprintf+0x332>
200092ca:	220c      	movs	r2, #12
200092cc:	4397      	bics	r7, r2
200092ce:	057a      	lsls	r2, r7, #21
200092d0:	d501      	bpl.n	200092d6 <_vsnprintf+0x33a>
200092d2:	2201      	movs	r2, #1
200092d4:	4397      	bics	r7, r2
200092d6:	2869      	cmp	r0, #105	@ 0x69
200092d8:	d02d      	beq.n	20009336 <_vsnprintf+0x39a>
200092da:	2864      	cmp	r0, #100	@ 0x64
200092dc:	d02b      	beq.n	20009336 <_vsnprintf+0x39a>
200092de:	05ba      	lsls	r2, r7, #22
200092e0:	d500      	bpl.n	200092e4 <_vsnprintf+0x348>
200092e2:	e0a3      	b.n	2000942c <_vsnprintf+0x490>
200092e4:	05fa      	lsls	r2, r7, #23
200092e6:	d500      	bpl.n	200092ea <_vsnprintf+0x34e>
200092e8:	e0bb      	b.n	20009462 <_vsnprintf+0x4c6>
200092ea:	067a      	lsls	r2, r7, #25
200092ec:	d400      	bmi.n	200092f0 <_vsnprintf+0x354>
200092ee:	e0cd      	b.n	2000948c <_vsnprintf+0x4f0>
200092f0:	9a1c      	ldr	r2, [sp, #112]	@ 0x70
200092f2:	1d11      	adds	r1, r2, #4
200092f4:	911c      	str	r1, [sp, #112]	@ 0x70
200092f6:	6811      	ldr	r1, [r2, #0]
200092f8:	22ff      	movs	r2, #255	@ 0xff
200092fa:	400a      	ands	r2, r1
200092fc:	9705      	str	r7, [sp, #20]
200092fe:	9b0b      	ldr	r3, [sp, #44]	@ 0x2c
20009300:	9304      	str	r3, [sp, #16]
20009302:	9403      	str	r4, [sp, #12]
20009304:	4663      	mov	r3, ip
20009306:	9302      	str	r3, [sp, #8]
20009308:	2300      	movs	r3, #0
2000930a:	9301      	str	r3, [sp, #4]
2000930c:	9200      	str	r2, [sp, #0]
2000930e:	4643      	mov	r3, r8
20009310:	002a      	movs	r2, r5
20009312:	4651      	mov	r1, sl
20009314:	0030      	movs	r0, r6
20009316:	f7ff f9a5 	bl	20008664 <_ntoa_long>
2000931a:	0005      	movs	r5, r0
2000931c:	e02a      	b.n	20009374 <_vsnprintf+0x3d8>
2000931e:	2310      	movs	r3, #16
20009320:	469c      	mov	ip, r3
20009322:	e7cc      	b.n	200092be <_vsnprintf+0x322>
20009324:	2308      	movs	r3, #8
20009326:	469c      	mov	ip, r3
20009328:	e7c9      	b.n	200092be <_vsnprintf+0x322>
2000932a:	2302      	movs	r3, #2
2000932c:	469c      	mov	ip, r3
2000932e:	e7c6      	b.n	200092be <_vsnprintf+0x322>
20009330:	2220      	movs	r2, #32
20009332:	4317      	orrs	r7, r2
20009334:	e7c5      	b.n	200092c2 <_vsnprintf+0x326>
20009336:	05ba      	lsls	r2, r7, #22
20009338:	d420      	bmi.n	2000937c <_vsnprintf+0x3e0>
2000933a:	05fa      	lsls	r2, r7, #23
2000933c:	d451      	bmi.n	200093e2 <_vsnprintf+0x446>
2000933e:	067a      	lsls	r2, r7, #25
20009340:	d567      	bpl.n	20009412 <_vsnprintf+0x476>
20009342:	9a1c      	ldr	r2, [sp, #112]	@ 0x70
20009344:	1d11      	adds	r1, r2, #4
20009346:	911c      	str	r1, [sp, #112]	@ 0x70
20009348:	6811      	ldr	r1, [r2, #0]
2000934a:	22ff      	movs	r2, #255	@ 0xff
2000934c:	400a      	ands	r2, r1
2000934e:	17d0      	asrs	r0, r2, #31
20009350:	1811      	adds	r1, r2, r0
20009352:	4041      	eors	r1, r0
20009354:	9705      	str	r7, [sp, #20]
20009356:	9b0b      	ldr	r3, [sp, #44]	@ 0x2c
20009358:	9304      	str	r3, [sp, #16]
2000935a:	9403      	str	r4, [sp, #12]
2000935c:	4663      	mov	r3, ip
2000935e:	9302      	str	r3, [sp, #8]
20009360:	0fd2      	lsrs	r2, r2, #31
20009362:	9201      	str	r2, [sp, #4]
20009364:	9100      	str	r1, [sp, #0]
20009366:	4643      	mov	r3, r8
20009368:	002a      	movs	r2, r5
2000936a:	4651      	mov	r1, sl
2000936c:	0030      	movs	r0, r6
2000936e:	f7ff f979 	bl	20008664 <_ntoa_long>
20009372:	0005      	movs	r5, r0
20009374:	9b11      	ldr	r3, [sp, #68]	@ 0x44
20009376:	3301      	adds	r3, #1
20009378:	9311      	str	r3, [sp, #68]	@ 0x44
2000937a:	e61f      	b.n	20008fbc <_vsnprintf+0x20>
2000937c:	9a1c      	ldr	r2, [sp, #112]	@ 0x70
2000937e:	3207      	adds	r2, #7
20009380:	2107      	movs	r1, #7
20009382:	438a      	bics	r2, r1
20009384:	0011      	movs	r1, r2
20009386:	3108      	adds	r1, #8
20009388:	911c      	str	r1, [sp, #112]	@ 0x70
2000938a:	6811      	ldr	r1, [r2, #0]
2000938c:	6853      	ldr	r3, [r2, #4]
2000938e:	4699      	mov	r9, r3
20009390:	17db      	asrs	r3, r3, #31
20009392:	930c      	str	r3, [sp, #48]	@ 0x30
20009394:	930d      	str	r3, [sp, #52]	@ 0x34
20009396:	9a0c      	ldr	r2, [sp, #48]	@ 0x30
20009398:	9b0d      	ldr	r3, [sp, #52]	@ 0x34
2000939a:	0010      	movs	r0, r2
2000939c:	4048      	eors	r0, r1
2000939e:	900e      	str	r0, [sp, #56]	@ 0x38
200093a0:	9b0d      	ldr	r3, [sp, #52]	@ 0x34
200093a2:	4649      	mov	r1, r9
200093a4:	404b      	eors	r3, r1
200093a6:	930f      	str	r3, [sp, #60]	@ 0x3c
200093a8:	980e      	ldr	r0, [sp, #56]	@ 0x38
200093aa:	990f      	ldr	r1, [sp, #60]	@ 0x3c
200093ac:	9a0c      	ldr	r2, [sp, #48]	@ 0x30
200093ae:	9b0d      	ldr	r3, [sp, #52]	@ 0x34
200093b0:	1a80      	subs	r0, r0, r2
200093b2:	4199      	sbcs	r1, r3
200093b4:	900e      	str	r0, [sp, #56]	@ 0x38
200093b6:	910f      	str	r1, [sp, #60]	@ 0x3c
200093b8:	9708      	str	r7, [sp, #32]
200093ba:	9b0b      	ldr	r3, [sp, #44]	@ 0x2c
200093bc:	9307      	str	r3, [sp, #28]
200093be:	9406      	str	r4, [sp, #24]
200093c0:	4663      	mov	r3, ip
200093c2:	9304      	str	r3, [sp, #16]
200093c4:	2300      	movs	r3, #0
200093c6:	9305      	str	r3, [sp, #20]
200093c8:	464b      	mov	r3, r9
200093ca:	0fda      	lsrs	r2, r3, #31
200093cc:	9202      	str	r2, [sp, #8]
200093ce:	9000      	str	r0, [sp, #0]
200093d0:	9101      	str	r1, [sp, #4]
200093d2:	4643      	mov	r3, r8
200093d4:	002a      	movs	r2, r5
200093d6:	4651      	mov	r1, sl
200093d8:	0030      	movs	r0, r6
200093da:	f7ff f99f 	bl	2000871c <_ntoa_long_long>
200093de:	0005      	movs	r5, r0
200093e0:	e7c8      	b.n	20009374 <_vsnprintf+0x3d8>
200093e2:	9a1c      	ldr	r2, [sp, #112]	@ 0x70
200093e4:	1d11      	adds	r1, r2, #4
200093e6:	911c      	str	r1, [sp, #112]	@ 0x70
200093e8:	6812      	ldr	r2, [r2, #0]
200093ea:	17d0      	asrs	r0, r2, #31
200093ec:	1811      	adds	r1, r2, r0
200093ee:	4041      	eors	r1, r0
200093f0:	9705      	str	r7, [sp, #20]
200093f2:	9b0b      	ldr	r3, [sp, #44]	@ 0x2c
200093f4:	9304      	str	r3, [sp, #16]
200093f6:	9403      	str	r4, [sp, #12]
200093f8:	4663      	mov	r3, ip
200093fa:	9302      	str	r3, [sp, #8]
200093fc:	0fd2      	lsrs	r2, r2, #31
200093fe:	9201      	str	r2, [sp, #4]
20009400:	9100      	str	r1, [sp, #0]
20009402:	4643      	mov	r3, r8
20009404:	002a      	movs	r2, r5
20009406:	4651      	mov	r1, sl
20009408:	0030      	movs	r0, r6
2000940a:	f7ff f92b 	bl	20008664 <_ntoa_long>
2000940e:	0005      	movs	r5, r0
20009410:	e7b0      	b.n	20009374 <_vsnprintf+0x3d8>
20009412:	063a      	lsls	r2, r7, #24
20009414:	d505      	bpl.n	20009422 <_vsnprintf+0x486>
20009416:	9a1c      	ldr	r2, [sp, #112]	@ 0x70
20009418:	1d11      	adds	r1, r2, #4
2000941a:	911c      	str	r1, [sp, #112]	@ 0x70
2000941c:	2300      	movs	r3, #0
2000941e:	5ed2      	ldrsh	r2, [r2, r3]
20009420:	e795      	b.n	2000934e <_vsnprintf+0x3b2>
20009422:	9a1c      	ldr	r2, [sp, #112]	@ 0x70
20009424:	1d11      	adds	r1, r2, #4
20009426:	911c      	str	r1, [sp, #112]	@ 0x70
20009428:	6812      	ldr	r2, [r2, #0]
2000942a:	e790      	b.n	2000934e <_vsnprintf+0x3b2>
2000942c:	9a1c      	ldr	r2, [sp, #112]	@ 0x70
2000942e:	3207      	adds	r2, #7
20009430:	2107      	movs	r1, #7
20009432:	438a      	bics	r2, r1
20009434:	0011      	movs	r1, r2
20009436:	3108      	adds	r1, #8
20009438:	911c      	str	r1, [sp, #112]	@ 0x70
2000943a:	9708      	str	r7, [sp, #32]
2000943c:	9b0b      	ldr	r3, [sp, #44]	@ 0x2c
2000943e:	9307      	str	r3, [sp, #28]
20009440:	9406      	str	r4, [sp, #24]
20009442:	4663      	mov	r3, ip
20009444:	9304      	str	r3, [sp, #16]
20009446:	2300      	movs	r3, #0
20009448:	9305      	str	r3, [sp, #20]
2000944a:	9302      	str	r3, [sp, #8]
2000944c:	ca0c      	ldmia	r2, {r2, r3}
2000944e:	9200      	str	r2, [sp, #0]
20009450:	9301      	str	r3, [sp, #4]
20009452:	4643      	mov	r3, r8
20009454:	002a      	movs	r2, r5
20009456:	4651      	mov	r1, sl
20009458:	0030      	movs	r0, r6
2000945a:	f7ff f95f 	bl	2000871c <_ntoa_long_long>
2000945e:	0005      	movs	r5, r0
20009460:	e788      	b.n	20009374 <_vsnprintf+0x3d8>
20009462:	9a1c      	ldr	r2, [sp, #112]	@ 0x70
20009464:	1d11      	adds	r1, r2, #4
20009466:	911c      	str	r1, [sp, #112]	@ 0x70
20009468:	9705      	str	r7, [sp, #20]
2000946a:	9b0b      	ldr	r3, [sp, #44]	@ 0x2c
2000946c:	9304      	str	r3, [sp, #16]
2000946e:	9403      	str	r4, [sp, #12]
20009470:	4663      	mov	r3, ip
20009472:	9302      	str	r3, [sp, #8]
20009474:	2300      	movs	r3, #0
20009476:	9301      	str	r3, [sp, #4]
20009478:	6813      	ldr	r3, [r2, #0]
2000947a:	9300      	str	r3, [sp, #0]
2000947c:	4643      	mov	r3, r8
2000947e:	002a      	movs	r2, r5
20009480:	4651      	mov	r1, sl
20009482:	0030      	movs	r0, r6
20009484:	f7ff f8ee 	bl	20008664 <_ntoa_long>
20009488:	0005      	movs	r5, r0
2000948a:	e773      	b.n	20009374 <_vsnprintf+0x3d8>
2000948c:	063a      	lsls	r2, r7, #24
2000948e:	d506      	bpl.n	2000949e <_vsnprintf+0x502>
20009490:	9a1c      	ldr	r2, [sp, #112]	@ 0x70
20009492:	1d11      	adds	r1, r2, #4
20009494:	911c      	str	r1, [sp, #112]	@ 0x70
20009496:	6812      	ldr	r2, [r2, #0]
20009498:	0412      	lsls	r2, r2, #16
2000949a:	0c12      	lsrs	r2, r2, #16
2000949c:	e72e      	b.n	200092fc <_vsnprintf+0x360>
2000949e:	9a1c      	ldr	r2, [sp, #112]	@ 0x70
200094a0:	1d11      	adds	r1, r2, #4
200094a2:	911c      	str	r1, [sp, #112]	@ 0x70
200094a4:	6812      	ldr	r2, [r2, #0]
200094a6:	e729      	b.n	200092fc <_vsnprintf+0x360>
200094a8:	2320      	movs	r3, #32
200094aa:	431f      	orrs	r7, r3
200094ac:	e6df      	b.n	2000926e <_vsnprintf+0x2d2>
200094ae:	1c57      	adds	r7, r2, #1
200094b0:	4643      	mov	r3, r8
200094b2:	4651      	mov	r1, sl
200094b4:	2020      	movs	r0, #32
200094b6:	47b0      	blx	r6
200094b8:	0023      	movs	r3, r4
200094ba:	003a      	movs	r2, r7
200094bc:	1c5c      	adds	r4, r3, #1
200094be:	429d      	cmp	r5, r3
200094c0:	d8f5      	bhi.n	200094ae <_vsnprintf+0x512>
200094c2:	0015      	movs	r5, r2
200094c4:	e64f      	b.n	20009166 <_vsnprintf+0x1ca>
200094c6:	2301      	movs	r3, #1
200094c8:	002a      	movs	r2, r5
200094ca:	9d0b      	ldr	r5, [sp, #44]	@ 0x2c
200094cc:	e7f6      	b.n	200094bc <_vsnprintf+0x520>
200094ce:	003a      	movs	r2, r7
200094d0:	46b1      	mov	r9, r6
200094d2:	9e0b      	ldr	r6, [sp, #44]	@ 0x2c
200094d4:	e006      	b.n	200094e4 <_vsnprintf+0x548>
200094d6:	1c57      	adds	r7, r2, #1
200094d8:	4643      	mov	r3, r8
200094da:	4651      	mov	r1, sl
200094dc:	2020      	movs	r0, #32
200094de:	47c8      	blx	r9
200094e0:	002c      	movs	r4, r5
200094e2:	003a      	movs	r2, r7
200094e4:	1c65      	adds	r5, r4, #1
200094e6:	42a6      	cmp	r6, r4
200094e8:	d8f5      	bhi.n	200094d6 <_vsnprintf+0x53a>
200094ea:	0017      	movs	r7, r2
200094ec:	464e      	mov	r6, r9
200094ee:	e647      	b.n	20009180 <_vsnprintf+0x1e4>
200094f0:	3301      	adds	r3, #1
200094f2:	000a      	movs	r2, r1
200094f4:	7819      	ldrb	r1, [r3, #0]
200094f6:	2900      	cmp	r1, #0
200094f8:	d002      	beq.n	20009500 <_vsnprintf+0x564>
200094fa:	1e51      	subs	r1, r2, #1
200094fc:	2a00      	cmp	r2, #0
200094fe:	d1f7      	bne.n	200094f0 <_vsnprintf+0x554>
20009500:	465a      	mov	r2, fp
20009502:	1a9b      	subs	r3, r3, r2
20009504:	2280      	movs	r2, #128	@ 0x80
20009506:	00d2      	lsls	r2, r2, #3
20009508:	0039      	movs	r1, r7
2000950a:	4011      	ands	r1, r2
2000950c:	4689      	mov	r9, r1
2000950e:	4217      	tst	r7, r2
20009510:	d002      	beq.n	20009518 <_vsnprintf+0x57c>
20009512:	42a3      	cmp	r3, r4
20009514:	d900      	bls.n	20009518 <_vsnprintf+0x57c>
20009516:	0023      	movs	r3, r4
20009518:	2202      	movs	r2, #2
2000951a:	0011      	movs	r1, r2
2000951c:	4039      	ands	r1, r7
2000951e:	9110      	str	r1, [sp, #64]	@ 0x40
20009520:	423a      	tst	r2, r7
20009522:	d009      	beq.n	20009538 <_vsnprintf+0x59c>
20009524:	002a      	movs	r2, r5
20009526:	0025      	movs	r5, r4
20009528:	465f      	mov	r7, fp
2000952a:	469b      	mov	fp, r3
2000952c:	0033      	movs	r3, r6
2000952e:	464e      	mov	r6, r9
20009530:	4699      	mov	r9, r3
20009532:	e021      	b.n	20009578 <_vsnprintf+0x5dc>
20009534:	0022      	movs	r2, r4
20009536:	e690      	b.n	2000925a <_vsnprintf+0x2be>
20009538:	002a      	movs	r2, r5
2000953a:	4655      	mov	r5, sl
2000953c:	46a2      	mov	sl, r4
2000953e:	e006      	b.n	2000954e <_vsnprintf+0x5b2>
20009540:	1c54      	adds	r4, r2, #1
20009542:	4643      	mov	r3, r8
20009544:	0029      	movs	r1, r5
20009546:	2020      	movs	r0, #32
20009548:	47b0      	blx	r6
2000954a:	003b      	movs	r3, r7
2000954c:	0022      	movs	r2, r4
2000954e:	1c5f      	adds	r7, r3, #1
20009550:	990b      	ldr	r1, [sp, #44]	@ 0x2c
20009552:	4299      	cmp	r1, r3
20009554:	d8f4      	bhi.n	20009540 <_vsnprintf+0x5a4>
20009556:	4654      	mov	r4, sl
20009558:	46aa      	mov	sl, r5
2000955a:	003b      	movs	r3, r7
2000955c:	0025      	movs	r5, r4
2000955e:	465f      	mov	r7, fp
20009560:	469b      	mov	fp, r3
20009562:	0033      	movs	r3, r6
20009564:	464e      	mov	r6, r9
20009566:	4699      	mov	r9, r3
20009568:	e006      	b.n	20009578 <_vsnprintf+0x5dc>
2000956a:	001d      	movs	r5, r3
2000956c:	3701      	adds	r7, #1
2000956e:	1c54      	adds	r4, r2, #1
20009570:	4643      	mov	r3, r8
20009572:	4651      	mov	r1, sl
20009574:	47c8      	blx	r9
20009576:	0022      	movs	r2, r4
20009578:	7838      	ldrb	r0, [r7, #0]
2000957a:	2800      	cmp	r0, #0
2000957c:	d004      	beq.n	20009588 <_vsnprintf+0x5ec>
2000957e:	2e00      	cmp	r6, #0
20009580:	d0f4      	beq.n	2000956c <_vsnprintf+0x5d0>
20009582:	1e6b      	subs	r3, r5, #1
20009584:	2d00      	cmp	r5, #0
20009586:	d1f0      	bne.n	2000956a <_vsnprintf+0x5ce>
20009588:	0015      	movs	r5, r2
2000958a:	465b      	mov	r3, fp
2000958c:	464e      	mov	r6, r9
2000958e:	9a10      	ldr	r2, [sp, #64]	@ 0x40
20009590:	2a00      	cmp	r2, #0
20009592:	d103      	bne.n	2000959c <_vsnprintf+0x600>
20009594:	9b11      	ldr	r3, [sp, #68]	@ 0x44
20009596:	3301      	adds	r3, #1
20009598:	9311      	str	r3, [sp, #68]	@ 0x44
2000959a:	e50f      	b.n	20008fbc <_vsnprintf+0x20>
2000959c:	002a      	movs	r2, r5
2000959e:	9f0b      	ldr	r7, [sp, #44]	@ 0x2c
200095a0:	e006      	b.n	200095b0 <_vsnprintf+0x614>
200095a2:	1c55      	adds	r5, r2, #1
200095a4:	4643      	mov	r3, r8
200095a6:	4651      	mov	r1, sl
200095a8:	2020      	movs	r0, #32
200095aa:	47b0      	blx	r6
200095ac:	0023      	movs	r3, r4
200095ae:	002a      	movs	r2, r5
200095b0:	1c5c      	adds	r4, r3, #1
200095b2:	429f      	cmp	r7, r3
200095b4:	d8f5      	bhi.n	200095a2 <_vsnprintf+0x606>
200095b6:	0015      	movs	r5, r2
200095b8:	e7ec      	b.n	20009594 <_vsnprintf+0x5f8>
200095ba:	2321      	movs	r3, #33	@ 0x21
200095bc:	433b      	orrs	r3, r7
200095be:	9a1c      	ldr	r2, [sp, #112]	@ 0x70
200095c0:	1d11      	adds	r1, r2, #4
200095c2:	911c      	str	r1, [sp, #112]	@ 0x70
200095c4:	6812      	ldr	r2, [r2, #0]
200095c6:	9305      	str	r3, [sp, #20]
200095c8:	2308      	movs	r3, #8
200095ca:	9304      	str	r3, [sp, #16]
200095cc:	9403      	str	r4, [sp, #12]
200095ce:	3308      	adds	r3, #8
200095d0:	9302      	str	r3, [sp, #8]
200095d2:	2300      	movs	r3, #0
200095d4:	9301      	str	r3, [sp, #4]
200095d6:	9200      	str	r2, [sp, #0]
200095d8:	4643      	mov	r3, r8
200095da:	002a      	movs	r2, r5
200095dc:	4651      	mov	r1, sl
200095de:	0030      	movs	r0, r6
200095e0:	f7ff f840 	bl	20008664 <_ntoa_long>
200095e4:	0005      	movs	r5, r0
200095e6:	9b11      	ldr	r3, [sp, #68]	@ 0x44
200095e8:	3301      	adds	r3, #1
200095ea:	9311      	str	r3, [sp, #68]	@ 0x44
200095ec:	e4e6      	b.n	20008fbc <_vsnprintf+0x20>
200095ee:	4b0b      	ldr	r3, [pc, #44]	@ (2000961c <_vsnprintf+0x680>)
200095f0:	469b      	mov	fp, r3
200095f2:	e4e1      	b.n	20008fb8 <_vsnprintf+0x1c>
200095f4:	46b3      	mov	fp, r6
200095f6:	4545      	cmp	r5, r8
200095f8:	d30d      	bcc.n	20009616 <_vsnprintf+0x67a>
200095fa:	4643      	mov	r3, r8
200095fc:	1e5a      	subs	r2, r3, #1
200095fe:	4643      	mov	r3, r8
20009600:	4651      	mov	r1, sl
20009602:	2000      	movs	r0, #0
20009604:	47d8      	blx	fp
20009606:	0028      	movs	r0, r5
20009608:	b013      	add	sp, #76	@ 0x4c
2000960a:	bcf0      	pop	{r4, r5, r6, r7}
2000960c:	46bb      	mov	fp, r7
2000960e:	46b2      	mov	sl, r6
20009610:	46a9      	mov	r9, r5
20009612:	46a0      	mov	r8, r4
20009614:	bdf0      	pop	{r4, r5, r6, r7, pc}
20009616:	002a      	movs	r2, r5
20009618:	e7f1      	b.n	200095fe <_vsnprintf+0x662>
2000961a:	46c0      	nop			@ (mov r8, r8)
2000961c:	20008461 	.word	0x20008461

20009620 <__wrap_sprintf>:
20009620:	b40e      	push	{r1, r2, r3}
20009622:	b500      	push	{lr}
20009624:	b084      	sub	sp, #16
20009626:	0001      	movs	r1, r0
20009628:	aa05      	add	r2, sp, #20
2000962a:	ca08      	ldmia	r2!, {r3}
2000962c:	9203      	str	r2, [sp, #12]
2000962e:	2001      	movs	r0, #1
20009630:	4684      	mov	ip, r0
20009632:	4805      	ldr	r0, [pc, #20]	@ (20009648 <__wrap_sprintf+0x28>)
20009634:	9200      	str	r2, [sp, #0]
20009636:	4662      	mov	r2, ip
20009638:	4252      	negs	r2, r2
2000963a:	f7ff fcaf 	bl	20008f9c <_vsnprintf>
2000963e:	b004      	add	sp, #16
20009640:	bc08      	pop	{r3}
20009642:	b003      	add	sp, #12
20009644:	4718      	bx	r3
20009646:	46c0      	nop			@ (mov r8, r8)
20009648:	20008459 	.word	0x20008459

2000964c <__wrap_snprintf>:
2000964c:	b40c      	push	{r2, r3}
2000964e:	b500      	push	{lr}
20009650:	b085      	sub	sp, #20
20009652:	4684      	mov	ip, r0
20009654:	000a      	movs	r2, r1
20009656:	a906      	add	r1, sp, #24
20009658:	c908      	ldmia	r1!, {r3}
2000965a:	9103      	str	r1, [sp, #12]
2000965c:	4804      	ldr	r0, [pc, #16]	@ (20009670 <__wrap_snprintf+0x24>)
2000965e:	9100      	str	r1, [sp, #0]
20009660:	4661      	mov	r1, ip
20009662:	f7ff fc9b 	bl	20008f9c <_vsnprintf>
20009666:	b005      	add	sp, #20
20009668:	bc08      	pop	{r3}
2000966a:	b002      	add	sp, #8
2000966c:	4718      	bx	r3
2000966e:	46c0      	nop			@ (mov r8, r8)
20009670:	20008459 	.word	0x20008459

20009674 <vfctprintf>:
20009674:	b500      	push	{lr}
20009676:	b085      	sub	sp, #20
20009678:	468c      	mov	ip, r1
2000967a:	a902      	add	r1, sp, #8
2000967c:	9002      	str	r0, [sp, #8]
2000967e:	4660      	mov	r0, ip
20009680:	6048      	str	r0, [r1, #4]
20009682:	2001      	movs	r0, #1
20009684:	4684      	mov	ip, r0
20009686:	4804      	ldr	r0, [pc, #16]	@ (20009698 <vfctprintf+0x24>)
20009688:	9300      	str	r3, [sp, #0]
2000968a:	0013      	movs	r3, r2
2000968c:	4662      	mov	r2, ip
2000968e:	4252      	negs	r2, r2
20009690:	f7ff fc84 	bl	20008f9c <_vsnprintf>
20009694:	b005      	add	sp, #20
20009696:	bd00      	pop	{pc}
20009698:	20008463 	.word	0x20008463

2000969c <_exit>:
2000969c:	be00      	bkpt	0x0000
2000969e:	e7fd      	b.n	2000969c <_exit>

200096a0 <_fini>:
200096a0:	4770      	bx	lr
	...

200096a4 <_sbrk>:
200096a4:	0003      	movs	r3, r0
200096a6:	4a0a      	ldr	r2, [pc, #40]	@ (200096d0 <_sbrk+0x2c>)
200096a8:	6812      	ldr	r2, [r2, #0]
200096aa:	2a00      	cmp	r2, #0
200096ac:	d008      	beq.n	200096c0 <_sbrk+0x1c>
200096ae:	4a08      	ldr	r2, [pc, #32]	@ (200096d0 <_sbrk+0x2c>)
200096b0:	6810      	ldr	r0, [r2, #0]
200096b2:	18c3      	adds	r3, r0, r3
200096b4:	4a07      	ldr	r2, [pc, #28]	@ (200096d4 <_sbrk+0x30>)
200096b6:	429a      	cmp	r2, r3
200096b8:	d306      	bcc.n	200096c8 <_sbrk+0x24>
200096ba:	4a05      	ldr	r2, [pc, #20]	@ (200096d0 <_sbrk+0x2c>)
200096bc:	6013      	str	r3, [r2, #0]
200096be:	4770      	bx	lr
200096c0:	4a03      	ldr	r2, [pc, #12]	@ (200096d0 <_sbrk+0x2c>)
200096c2:	4905      	ldr	r1, [pc, #20]	@ (200096d8 <_sbrk+0x34>)
200096c4:	6011      	str	r1, [r2, #0]
200096c6:	e7f2      	b.n	200096ae <_sbrk+0xa>
200096c8:	2001      	movs	r0, #1
200096ca:	4240      	negs	r0, r0
200096cc:	e7f7      	b.n	200096be <_sbrk+0x1a>
200096ce:	46c0      	nop			@ (mov r8, r8)
200096d0:	2000fd44 	.word	0x2000fd44
200096d4:	20040000 	.word	0x20040000
200096d8:	20020ebc 	.word	0x20020ebc

200096dc <_read>:
200096dc:	b510      	push	{r4, lr}
200096de:	0003      	movs	r3, r0
200096e0:	0008      	movs	r0, r1
200096e2:	0011      	movs	r1, r2
200096e4:	2b00      	cmp	r3, #0
200096e6:	d104      	bne.n	200096f2 <_read+0x16>
200096e8:	4b03      	ldr	r3, [pc, #12]	@ (200096f8 <_read+0x1c>)
200096ea:	cb0c      	ldmia	r3, {r2, r3}
200096ec:	f000 f930 	bl	20009950 <stdio_get_until>
200096f0:	bd10      	pop	{r4, pc}
200096f2:	2001      	movs	r0, #1
200096f4:	4240      	negs	r0, r0
200096f6:	e7fb      	b.n	200096f0 <_read+0x14>
200096f8:	2000d7e0 	.word	0x2000d7e0

200096fc <_write>:
200096fc:	b510      	push	{r4, lr}
200096fe:	0003      	movs	r3, r0
20009700:	0008      	movs	r0, r1
20009702:	0014      	movs	r4, r2
20009704:	3b01      	subs	r3, #1
20009706:	2b01      	cmp	r3, #1
20009708:	d806      	bhi.n	20009718 <_write+0x1c>
2000970a:	2301      	movs	r3, #1
2000970c:	2200      	movs	r2, #0
2000970e:	0021      	movs	r1, r4
20009710:	f000 f8d4 	bl	200098bc <stdio_put_string>
20009714:	0020      	movs	r0, r4
20009716:	bd10      	pop	{r4, pc}
20009718:	2001      	movs	r0, #1
2000971a:	4240      	negs	r0, r0
2000971c:	e7fb      	b.n	20009716 <_write+0x1a>

2000971e <_close>:
2000971e:	2001      	movs	r0, #1
20009720:	4240      	negs	r0, r0
20009722:	4770      	bx	lr

20009724 <_lseek>:
20009724:	2001      	movs	r0, #1
20009726:	4240      	negs	r0, r0
20009728:	4770      	bx	lr

2000972a <exit>:
2000972a:	b510      	push	{r4, lr}
2000972c:	f7ff ffb6 	bl	2000969c <_exit>

20009730 <__assert_func>:
20009730:	b510      	push	{r4, lr}
20009732:	b082      	sub	sp, #8
20009734:	4684      	mov	ip, r0
20009736:	000c      	movs	r4, r1
20009738:	0019      	movs	r1, r3
2000973a:	2a00      	cmp	r2, #0
2000973c:	d00a      	beq.n	20009754 <__assert_func+0x24>
2000973e:	4b07      	ldr	r3, [pc, #28]	@ (2000975c <__assert_func+0x2c>)
20009740:	4807      	ldr	r0, [pc, #28]	@ (20009760 <__assert_func+0x30>)
20009742:	9201      	str	r2, [sp, #4]
20009744:	9300      	str	r3, [sp, #0]
20009746:	0023      	movs	r3, r4
20009748:	4662      	mov	r2, ip
2000974a:	f000 f995 	bl	20009a78 <__wrap_printf>
2000974e:	2001      	movs	r0, #1
20009750:	f7ff ffa4 	bl	2000969c <_exit>
20009754:	4b03      	ldr	r3, [pc, #12]	@ (20009764 <__assert_func+0x34>)
20009756:	001a      	movs	r2, r3
20009758:	e7f2      	b.n	20009740 <__assert_func+0x10>
2000975a:	46c0      	nop			@ (mov r8, r8)
2000975c:	2000d158 	.word	0x2000d158
20009760:	2000d168 	.word	0x2000d168
20009764:	2000b3e4 	.word	0x2000b3e4

20009768 <runtime_init>:
20009768:	b510      	push	{r4, lr}
2000976a:	f3ef 8305 	mrs	r3, IPSR
2000976e:	2b00      	cmp	r3, #0
20009770:	d000      	beq.n	20009774 <runtime_init+0xc>
20009772:	be00      	bkpt	0x0000
20009774:	f7fd fd96 	bl	200072a4 <runtime_run_initializers>
20009778:	4c03      	ldr	r4, [pc, #12]	@ (20009788 <runtime_init+0x20>)
2000977a:	e001      	b.n	20009780 <runtime_init+0x18>
2000977c:	cc08      	ldmia	r4!, {r3}
2000977e:	4798      	blx	r3
20009780:	4b02      	ldr	r3, [pc, #8]	@ (2000978c <runtime_init+0x24>)
20009782:	429c      	cmp	r4, r3
20009784:	d3fa      	bcc.n	2000977c <runtime_init+0x14>
20009786:	bd10      	pop	{r4, pc}
20009788:	2000e0c8 	.word	0x2000e0c8
2000978c:	2000e0c8 	.word	0x2000e0c8

20009790 <stdio_out_chars_no_crlf>:
20009790:	b510      	push	{r4, lr}
20009792:	0003      	movs	r3, r0
20009794:	0008      	movs	r0, r1
20009796:	0011      	movs	r1, r2
20009798:	681b      	ldr	r3, [r3, #0]
2000979a:	4798      	blx	r3
2000979c:	bd10      	pop	{r4, pc}
	...

200097a0 <stdio_out_chars_crlf>:
200097a0:	b5f8      	push	{r3, r4, r5, r6, r7, lr}
200097a2:	0007      	movs	r7, r0
200097a4:	000d      	movs	r5, r1
200097a6:	0016      	movs	r6, r2
200097a8:	7d43      	ldrb	r3, [r0, #21]
200097aa:	2b00      	cmp	r3, #0
200097ac:	d002      	beq.n	200097b4 <stdio_out_chars_crlf+0x14>
200097ae:	2400      	movs	r4, #0
200097b0:	2000      	movs	r0, #0
200097b2:	e00c      	b.n	200097ce <stdio_out_chars_crlf+0x2e>
200097b4:	6803      	ldr	r3, [r0, #0]
200097b6:	0011      	movs	r1, r2
200097b8:	0028      	movs	r0, r5
200097ba:	4798      	blx	r3
200097bc:	e02b      	b.n	20009816 <stdio_out_chars_crlf+0x76>
200097be:	7d3b      	ldrb	r3, [r7, #20]
200097c0:	e00f      	b.n	200097e2 <stdio_out_chars_crlf+0x42>
200097c2:	683b      	ldr	r3, [r7, #0]
200097c4:	4814      	ldr	r0, [pc, #80]	@ (20009818 <stdio_out_chars_crlf+0x78>)
200097c6:	2102      	movs	r1, #2
200097c8:	4798      	blx	r3
200097ca:	1c60      	adds	r0, r4, #1
200097cc:	3401      	adds	r4, #1
200097ce:	42b4      	cmp	r4, r6
200097d0:	da13      	bge.n	200097fa <stdio_out_chars_crlf+0x5a>
200097d2:	2c00      	cmp	r4, #0
200097d4:	ddf3      	ble.n	200097be <stdio_out_chars_crlf+0x1e>
200097d6:	1e63      	subs	r3, r4, #1
200097d8:	5ceb      	ldrb	r3, [r5, r3]
200097da:	3b0d      	subs	r3, #13
200097dc:	425a      	negs	r2, r3
200097de:	4153      	adcs	r3, r2
200097e0:	b2db      	uxtb	r3, r3
200097e2:	5d2a      	ldrb	r2, [r5, r4]
200097e4:	2a0a      	cmp	r2, #10
200097e6:	d1f1      	bne.n	200097cc <stdio_out_chars_crlf+0x2c>
200097e8:	2b00      	cmp	r3, #0
200097ea:	d1ef      	bne.n	200097cc <stdio_out_chars_crlf+0x2c>
200097ec:	42a0      	cmp	r0, r4
200097ee:	dae8      	bge.n	200097c2 <stdio_out_chars_crlf+0x22>
200097f0:	683b      	ldr	r3, [r7, #0]
200097f2:	1a21      	subs	r1, r4, r0
200097f4:	1828      	adds	r0, r5, r0
200097f6:	4798      	blx	r3
200097f8:	e7e3      	b.n	200097c2 <stdio_out_chars_crlf+0x22>
200097fa:	42b0      	cmp	r0, r6
200097fc:	da03      	bge.n	20009806 <stdio_out_chars_crlf+0x66>
200097fe:	683b      	ldr	r3, [r7, #0]
20009800:	1a31      	subs	r1, r6, r0
20009802:	1828      	adds	r0, r5, r0
20009804:	4798      	blx	r3
20009806:	2e00      	cmp	r6, #0
20009808:	dd05      	ble.n	20009816 <stdio_out_chars_crlf+0x76>
2000980a:	3e01      	subs	r6, #1
2000980c:	5dab      	ldrb	r3, [r5, r6]
2000980e:	3b0d      	subs	r3, #13
20009810:	425a      	negs	r2, r3
20009812:	4153      	adcs	r3, r2
20009814:	753b      	strb	r3, [r7, #20]
20009816:	bdf8      	pop	{r3, r4, r5, r6, r7, pc}
20009818:	2000d8d8 	.word	0x2000d8d8

2000981c <stdio_stack_buffer_flush>:
2000981c:	b570      	push	{r4, r5, r6, lr}
2000981e:	0005      	movs	r5, r0
20009820:	6803      	ldr	r3, [r0, #0]
20009822:	2b00      	cmp	r3, #0
20009824:	d016      	beq.n	20009854 <stdio_stack_buffer_flush+0x38>
20009826:	4b0c      	ldr	r3, [pc, #48]	@ (20009858 <stdio_stack_buffer_flush+0x3c>)
20009828:	681c      	ldr	r4, [r3, #0]
2000982a:	e005      	b.n	20009838 <stdio_stack_buffer_flush+0x1c>
2000982c:	0029      	movs	r1, r5
2000982e:	c904      	ldmia	r1!, {r2}
20009830:	0020      	movs	r0, r4
20009832:	f7ff ffb5 	bl	200097a0 <stdio_out_chars_crlf>
20009836:	6924      	ldr	r4, [r4, #16]
20009838:	2c00      	cmp	r4, #0
2000983a:	d009      	beq.n	20009850 <stdio_stack_buffer_flush+0x34>
2000983c:	6823      	ldr	r3, [r4, #0]
2000983e:	2b00      	cmp	r3, #0
20009840:	d0f9      	beq.n	20009836 <stdio_stack_buffer_flush+0x1a>
20009842:	4b06      	ldr	r3, [pc, #24]	@ (2000985c <stdio_stack_buffer_flush+0x40>)
20009844:	681b      	ldr	r3, [r3, #0]
20009846:	2b00      	cmp	r3, #0
20009848:	d0f0      	beq.n	2000982c <stdio_stack_buffer_flush+0x10>
2000984a:	42a3      	cmp	r3, r4
2000984c:	d1f3      	bne.n	20009836 <stdio_stack_buffer_flush+0x1a>
2000984e:	e7ed      	b.n	2000982c <stdio_stack_buffer_flush+0x10>
20009850:	2300      	movs	r3, #0
20009852:	602b      	str	r3, [r5, #0]
20009854:	bd70      	pop	{r4, r5, r6, pc}
20009856:	46c0      	nop			@ (mov r8, r8)
20009858:	2000fce4 	.word	0x2000fce4
2000985c:	2000fd3c 	.word	0x2000fd3c

20009860 <stdio_buffered_printer>:
20009860:	b510      	push	{r4, lr}
20009862:	680b      	ldr	r3, [r1, #0]
20009864:	1c5a      	adds	r2, r3, #1
20009866:	600a      	str	r2, [r1, #0]
20009868:	18cb      	adds	r3, r1, r3
2000986a:	7118      	strb	r0, [r3, #4]
2000986c:	2a80      	cmp	r2, #128	@ 0x80
2000986e:	d000      	beq.n	20009872 <stdio_buffered_printer+0x12>
20009870:	bd10      	pop	{r4, pc}
20009872:	0008      	movs	r0, r1
20009874:	f7ff ffd2 	bl	2000981c <stdio_stack_buffer_flush>
20009878:	e7fa      	b.n	20009870 <stdio_buffered_printer+0x10>
	...

2000987c <stdout_serialize_begin>:
2000987c:	b510      	push	{r4, lr}
2000987e:	f7fd f969 	bl	20006b54 <time_us_64>
20009882:	4a07      	ldr	r2, [pc, #28]	@ (200098a0 <stdout_serialize_begin+0x24>)
20009884:	2300      	movs	r3, #0
20009886:	1812      	adds	r2, r2, r0
20009888:	414b      	adcs	r3, r1
2000988a:	2b00      	cmp	r3, #0
2000988c:	db03      	blt.n	20009896 <stdout_serialize_begin+0x1a>
2000988e:	4805      	ldr	r0, [pc, #20]	@ (200098a4 <stdout_serialize_begin+0x28>)
20009890:	f001 faf2 	bl	2000ae78 <mutex_try_enter_block_until>
20009894:	bd10      	pop	{r4, pc}
20009896:	2201      	movs	r2, #1
20009898:	4252      	negs	r2, r2
2000989a:	4b03      	ldr	r3, [pc, #12]	@ (200098a8 <stdout_serialize_begin+0x2c>)
2000989c:	e7f7      	b.n	2000988e <stdout_serialize_begin+0x12>
2000989e:	46c0      	nop			@ (mov r8, r8)
200098a0:	000f4240 	.word	0x000f4240
200098a4:	2000e080 	.word	0x2000e080
200098a8:	7fffffff 	.word	0x7fffffff

200098ac <stdout_serialize_end>:
200098ac:	b510      	push	{r4, lr}
200098ae:	4802      	ldr	r0, [pc, #8]	@ (200098b8 <stdout_serialize_end+0xc>)
200098b0:	f001 fafc 	bl	2000aeac <mutex_exit>
200098b4:	bd10      	pop	{r4, pc}
200098b6:	46c0      	nop			@ (mov r8, r8)
200098b8:	2000e080 	.word	0x2000e080

200098bc <stdio_put_string>:
200098bc:	b5f0      	push	{r4, r5, r6, r7, lr}
200098be:	46ce      	mov	lr, r9
200098c0:	4647      	mov	r7, r8
200098c2:	b580      	push	{r7, lr}
200098c4:	b083      	sub	sp, #12
200098c6:	4680      	mov	r8, r0
200098c8:	000d      	movs	r5, r1
200098ca:	0016      	movs	r6, r2
200098cc:	001c      	movs	r4, r3
200098ce:	f7ff ffd5 	bl	2000987c <stdout_serialize_begin>
200098d2:	4681      	mov	r9, r0
200098d4:	1c6b      	adds	r3, r5, #1
200098d6:	d005      	beq.n	200098e4 <stdio_put_string+0x28>
200098d8:	2c00      	cmp	r4, #0
200098da:	d008      	beq.n	200098ee <stdio_put_string+0x32>
200098dc:	4f18      	ldr	r7, [pc, #96]	@ (20009940 <stdio_put_string+0x84>)
200098de:	4b19      	ldr	r3, [pc, #100]	@ (20009944 <stdio_put_string+0x88>)
200098e0:	681c      	ldr	r4, [r3, #0]
200098e2:	e007      	b.n	200098f4 <stdio_put_string+0x38>
200098e4:	4640      	mov	r0, r8
200098e6:	f001 f887 	bl	2000a9f8 <strlen>
200098ea:	0005      	movs	r5, r0
200098ec:	e7f4      	b.n	200098d8 <stdio_put_string+0x1c>
200098ee:	4f16      	ldr	r7, [pc, #88]	@ (20009948 <stdio_put_string+0x8c>)
200098f0:	e7f5      	b.n	200098de <stdio_put_string+0x22>
200098f2:	6924      	ldr	r4, [r4, #16]
200098f4:	2c00      	cmp	r4, #0
200098f6:	d016      	beq.n	20009926 <stdio_put_string+0x6a>
200098f8:	6823      	ldr	r3, [r4, #0]
200098fa:	2b00      	cmp	r3, #0
200098fc:	d0f9      	beq.n	200098f2 <stdio_put_string+0x36>
200098fe:	4b13      	ldr	r3, [pc, #76]	@ (2000994c <stdio_put_string+0x90>)
20009900:	681b      	ldr	r3, [r3, #0]
20009902:	2b00      	cmp	r3, #0
20009904:	d001      	beq.n	2000990a <stdio_put_string+0x4e>
20009906:	42a3      	cmp	r3, r4
20009908:	d1f3      	bne.n	200098f2 <stdio_put_string+0x36>
2000990a:	002a      	movs	r2, r5
2000990c:	4641      	mov	r1, r8
2000990e:	0020      	movs	r0, r4
20009910:	47b8      	blx	r7
20009912:	2e00      	cmp	r6, #0
20009914:	d0ed      	beq.n	200098f2 <stdio_put_string+0x36>
20009916:	466b      	mov	r3, sp
20009918:	1dd9      	adds	r1, r3, #7
2000991a:	230a      	movs	r3, #10
2000991c:	700b      	strb	r3, [r1, #0]
2000991e:	2201      	movs	r2, #1
20009920:	0020      	movs	r0, r4
20009922:	47b8      	blx	r7
20009924:	e7e5      	b.n	200098f2 <stdio_put_string+0x36>
20009926:	464b      	mov	r3, r9
20009928:	2b00      	cmp	r3, #0
2000992a:	d105      	bne.n	20009938 <stdio_put_string+0x7c>
2000992c:	0028      	movs	r0, r5
2000992e:	b003      	add	sp, #12
20009930:	bcc0      	pop	{r6, r7}
20009932:	46b9      	mov	r9, r7
20009934:	46b0      	mov	r8, r6
20009936:	bdf0      	pop	{r4, r5, r6, r7, pc}
20009938:	f7ff ffb8 	bl	200098ac <stdout_serialize_end>
2000993c:	e7f6      	b.n	2000992c <stdio_put_string+0x70>
2000993e:	46c0      	nop			@ (mov r8, r8)
20009940:	200097a1 	.word	0x200097a1
20009944:	2000fce4 	.word	0x2000fce4
20009948:	20009791 	.word	0x20009791
2000994c:	2000fd3c 	.word	0x2000fd3c

20009950 <stdio_get_until>:
20009950:	b5f0      	push	{r4, r5, r6, r7, lr}
20009952:	b083      	sub	sp, #12
20009954:	0006      	movs	r6, r0
20009956:	000d      	movs	r5, r1
20009958:	9201      	str	r2, [sp, #4]
2000995a:	001f      	movs	r7, r3
2000995c:	4b15      	ldr	r3, [pc, #84]	@ (200099b4 <stdio_get_until+0x64>)
2000995e:	681c      	ldr	r4, [r3, #0]
20009960:	e008      	b.n	20009974 <stdio_get_until+0x24>
20009962:	68a3      	ldr	r3, [r4, #8]
20009964:	2b00      	cmp	r3, #0
20009966:	d004      	beq.n	20009972 <stdio_get_until+0x22>
20009968:	0029      	movs	r1, r5
2000996a:	0030      	movs	r0, r6
2000996c:	4798      	blx	r3
2000996e:	2800      	cmp	r0, #0
20009970:	dc1e      	bgt.n	200099b0 <stdio_get_until+0x60>
20009972:	6924      	ldr	r4, [r4, #16]
20009974:	2c00      	cmp	r4, #0
20009976:	d006      	beq.n	20009986 <stdio_get_until+0x36>
20009978:	4b0f      	ldr	r3, [pc, #60]	@ (200099b8 <stdio_get_until+0x68>)
2000997a:	681b      	ldr	r3, [r3, #0]
2000997c:	2b00      	cmp	r3, #0
2000997e:	d0f0      	beq.n	20009962 <stdio_get_until+0x12>
20009980:	42a3      	cmp	r3, r4
20009982:	d1f6      	bne.n	20009972 <stdio_get_until+0x22>
20009984:	e7ed      	b.n	20009962 <stdio_get_until+0x12>
20009986:	4b0d      	ldr	r3, [pc, #52]	@ (200099bc <stdio_get_until+0x6c>)
20009988:	6a5b      	ldr	r3, [r3, #36]	@ 0x24
2000998a:	429f      	cmp	r7, r3
2000998c:	d809      	bhi.n	200099a2 <stdio_get_until+0x52>
2000998e:	490b      	ldr	r1, [pc, #44]	@ (200099bc <stdio_get_until+0x6c>)
20009990:	6a89      	ldr	r1, [r1, #40]	@ 0x28
20009992:	9801      	ldr	r0, [sp, #4]
20009994:	4281      	cmp	r1, r0
20009996:	d209      	bcs.n	200099ac <stdio_get_until+0x5c>
20009998:	429f      	cmp	r7, r3
2000999a:	d002      	beq.n	200099a2 <stdio_get_until+0x52>
2000999c:	2002      	movs	r0, #2
2000999e:	4240      	negs	r0, r0
200099a0:	e006      	b.n	200099b0 <stdio_get_until+0x60>
200099a2:	2001      	movs	r0, #1
200099a4:	2100      	movs	r1, #0
200099a6:	f7fd f8dd 	bl	20006b64 <busy_wait_us>
200099aa:	e7d7      	b.n	2000995c <stdio_get_until+0xc>
200099ac:	2002      	movs	r0, #2
200099ae:	4240      	negs	r0, r0
200099b0:	b003      	add	sp, #12
200099b2:	bdf0      	pop	{r4, r5, r6, r7, pc}
200099b4:	2000fce4 	.word	0x2000fce4
200099b8:	2000fd3c 	.word	0x2000fd3c
200099bc:	40054000 	.word	0x40054000

200099c0 <stdio_set_driver_enabled>:
200099c0:	4a0a      	ldr	r2, [pc, #40]	@ (200099ec <stdio_set_driver_enabled+0x2c>)
200099c2:	6813      	ldr	r3, [r2, #0]
200099c4:	e002      	b.n	200099cc <stdio_set_driver_enabled+0xc>
200099c6:	001a      	movs	r2, r3
200099c8:	3210      	adds	r2, #16
200099ca:	691b      	ldr	r3, [r3, #16]
200099cc:	2b00      	cmp	r3, #0
200099ce:	d009      	beq.n	200099e4 <stdio_set_driver_enabled+0x24>
200099d0:	6813      	ldr	r3, [r2, #0]
200099d2:	4283      	cmp	r3, r0
200099d4:	d1f7      	bne.n	200099c6 <stdio_set_driver_enabled+0x6>
200099d6:	2900      	cmp	r1, #0
200099d8:	d107      	bne.n	200099ea <stdio_set_driver_enabled+0x2a>
200099da:	6903      	ldr	r3, [r0, #16]
200099dc:	6013      	str	r3, [r2, #0]
200099de:	2300      	movs	r3, #0
200099e0:	6103      	str	r3, [r0, #16]
200099e2:	e002      	b.n	200099ea <stdio_set_driver_enabled+0x2a>
200099e4:	2900      	cmp	r1, #0
200099e6:	d000      	beq.n	200099ea <stdio_set_driver_enabled+0x2a>
200099e8:	6010      	str	r0, [r2, #0]
200099ea:	4770      	bx	lr
200099ec:	2000fce4 	.word	0x2000fce4

200099f0 <stdio_flush>:
200099f0:	b510      	push	{r4, lr}
200099f2:	4b06      	ldr	r3, [pc, #24]	@ (20009a0c <stdio_flush+0x1c>)
200099f4:	681c      	ldr	r4, [r3, #0]
200099f6:	e000      	b.n	200099fa <stdio_flush+0xa>
200099f8:	6924      	ldr	r4, [r4, #16]
200099fa:	2c00      	cmp	r4, #0
200099fc:	d004      	beq.n	20009a08 <stdio_flush+0x18>
200099fe:	6863      	ldr	r3, [r4, #4]
20009a00:	2b00      	cmp	r3, #0
20009a02:	d0f9      	beq.n	200099f8 <stdio_flush+0x8>
20009a04:	4798      	blx	r3
20009a06:	e7f7      	b.n	200099f8 <stdio_flush+0x8>
20009a08:	bd10      	pop	{r4, pc}
20009a0a:	46c0      	nop			@ (mov r8, r8)
20009a0c:	2000fce4 	.word	0x2000fce4

20009a10 <stdio_init_all>:
20009a10:	b510      	push	{r4, lr}
20009a12:	f000 f945 	bl	20009ca0 <stdio_uart_init>
20009a16:	2001      	movs	r0, #1
20009a18:	bd10      	pop	{r4, pc}

20009a1a <__wrap_puts>:
20009a1a:	b570      	push	{r4, r5, r6, lr}
20009a1c:	0005      	movs	r5, r0
20009a1e:	f000 ffeb 	bl	2000a9f8 <strlen>
20009a22:	0004      	movs	r4, r0
20009a24:	2301      	movs	r3, #1
20009a26:	2201      	movs	r2, #1
20009a28:	0001      	movs	r1, r0
20009a2a:	0028      	movs	r0, r5
20009a2c:	f7ff ff46 	bl	200098bc <stdio_put_string>
20009a30:	f7ff ffde 	bl	200099f0 <stdio_flush>
20009a34:	0020      	movs	r0, r4
20009a36:	bd70      	pop	{r4, r5, r6, pc}

20009a38 <__wrap_vprintf>:
20009a38:	b5f0      	push	{r4, r5, r6, r7, lr}
20009a3a:	b0a3      	sub	sp, #140	@ 0x8c
20009a3c:	0007      	movs	r7, r0
20009a3e:	000e      	movs	r6, r1
20009a40:	f7ff ff1c 	bl	2000987c <stdout_serialize_begin>
20009a44:	0005      	movs	r5, r0
20009a46:	ac01      	add	r4, sp, #4
20009a48:	2300      	movs	r3, #0
20009a4a:	9301      	str	r3, [sp, #4]
20009a4c:	4809      	ldr	r0, [pc, #36]	@ (20009a74 <__wrap_vprintf+0x3c>)
20009a4e:	0033      	movs	r3, r6
20009a50:	003a      	movs	r2, r7
20009a52:	0021      	movs	r1, r4
20009a54:	f7ff fe0e 	bl	20009674 <vfctprintf>
20009a58:	0006      	movs	r6, r0
20009a5a:	0020      	movs	r0, r4
20009a5c:	f7ff fede 	bl	2000981c <stdio_stack_buffer_flush>
20009a60:	f7ff ffc6 	bl	200099f0 <stdio_flush>
20009a64:	2d00      	cmp	r5, #0
20009a66:	d102      	bne.n	20009a6e <__wrap_vprintf+0x36>
20009a68:	0030      	movs	r0, r6
20009a6a:	b023      	add	sp, #140	@ 0x8c
20009a6c:	bdf0      	pop	{r4, r5, r6, r7, pc}
20009a6e:	f7ff ff1d 	bl	200098ac <stdout_serialize_end>
20009a72:	e7f9      	b.n	20009a68 <__wrap_vprintf+0x30>
20009a74:	20009861 	.word	0x20009861

20009a78 <__wrap_printf>:
20009a78:	b40f      	push	{r0, r1, r2, r3}
20009a7a:	b500      	push	{lr}
20009a7c:	b083      	sub	sp, #12
20009a7e:	a904      	add	r1, sp, #16
20009a80:	c901      	ldmia	r1!, {r0}
20009a82:	9101      	str	r1, [sp, #4]
20009a84:	f7ff ffd8 	bl	20009a38 <__wrap_vprintf>
20009a88:	b003      	add	sp, #12
20009a8a:	bc08      	pop	{r3}
20009a8c:	b004      	add	sp, #16
20009a8e:	4718      	bx	r3

20009a90 <uart_putc>:
20009a90:	b082      	sub	sp, #8
20009a92:	468c      	mov	ip, r1
20009a94:	4b14      	ldr	r3, [pc, #80]	@ (20009ae8 <uart_putc+0x58>)
20009a96:	18c3      	adds	r3, r0, r3
20009a98:	425a      	negs	r2, r3
20009a9a:	4153      	adcs	r3, r2
20009a9c:	4a13      	ldr	r2, [pc, #76]	@ (20009aec <uart_putc+0x5c>)
20009a9e:	005b      	lsls	r3, r3, #1
20009aa0:	5e9b      	ldrsh	r3, [r3, r2]
20009aa2:	428b      	cmp	r3, r1
20009aa4:	d005      	beq.n	20009ab2 <uart_putc+0x22>
20009aa6:	466b      	mov	r3, sp
20009aa8:	1dda      	adds	r2, r3, #7
20009aaa:	4663      	mov	r3, ip
20009aac:	7013      	strb	r3, [r2, #0]
20009aae:	2100      	movs	r1, #0
20009ab0:	e015      	b.n	20009ade <uart_putc+0x4e>
20009ab2:	466b      	mov	r3, sp
20009ab4:	1dda      	adds	r2, r3, #7
20009ab6:	230d      	movs	r3, #13
20009ab8:	7013      	strb	r3, [r2, #0]
20009aba:	2100      	movs	r1, #0
20009abc:	2900      	cmp	r1, #0
20009abe:	d1f2      	bne.n	20009aa6 <uart_putc+0x16>
20009ac0:	6983      	ldr	r3, [r0, #24]
20009ac2:	069b      	lsls	r3, r3, #26
20009ac4:	d4fc      	bmi.n	20009ac0 <uart_putc+0x30>
20009ac6:	7813      	ldrb	r3, [r2, #0]
20009ac8:	6003      	str	r3, [r0, #0]
20009aca:	3101      	adds	r1, #1
20009acc:	3201      	adds	r2, #1
20009ace:	e7f5      	b.n	20009abc <uart_putc+0x2c>
20009ad0:	6983      	ldr	r3, [r0, #24]
20009ad2:	069b      	lsls	r3, r3, #26
20009ad4:	d4fc      	bmi.n	20009ad0 <uart_putc+0x40>
20009ad6:	7813      	ldrb	r3, [r2, #0]
20009ad8:	6003      	str	r3, [r0, #0]
20009ada:	3101      	adds	r1, #1
20009adc:	3201      	adds	r2, #1
20009ade:	2900      	cmp	r1, #0
20009ae0:	d0f6      	beq.n	20009ad0 <uart_putc+0x40>
20009ae2:	b002      	add	sp, #8
20009ae4:	4770      	bx	lr
20009ae6:	46c0      	nop			@ (mov r8, r8)
20009ae8:	bffc8000 	.word	0xbffc8000
20009aec:	20020dd8 	.word	0x20020dd8

20009af0 <uart_getc>:
20009af0:	b082      	sub	sp, #8
20009af2:	2200      	movs	r2, #0
20009af4:	466b      	mov	r3, sp
20009af6:	1dd9      	adds	r1, r3, #7
20009af8:	e006      	b.n	20009b08 <uart_getc+0x18>
20009afa:	6983      	ldr	r3, [r0, #24]
20009afc:	06db      	lsls	r3, r3, #27
20009afe:	d4fc      	bmi.n	20009afa <uart_getc+0xa>
20009b00:	6803      	ldr	r3, [r0, #0]
20009b02:	700b      	strb	r3, [r1, #0]
20009b04:	3201      	adds	r2, #1
20009b06:	3101      	adds	r1, #1
20009b08:	2a00      	cmp	r2, #0
20009b0a:	d0f6      	beq.n	20009afa <uart_getc+0xa>
20009b0c:	466b      	mov	r3, sp
20009b0e:	79d8      	ldrb	r0, [r3, #7]
20009b10:	b002      	add	sp, #8
20009b12:	4770      	bx	lr

20009b14 <stdio_uart_out_chars>:
20009b14:	b570      	push	{r4, r5, r6, lr}
20009b16:	0006      	movs	r6, r0
20009b18:	000d      	movs	r5, r1
20009b1a:	2400      	movs	r4, #0
20009b1c:	e005      	b.n	20009b2a <stdio_uart_out_chars+0x16>
20009b1e:	5d31      	ldrb	r1, [r6, r4]
20009b20:	4b03      	ldr	r3, [pc, #12]	@ (20009b30 <stdio_uart_out_chars+0x1c>)
20009b22:	6818      	ldr	r0, [r3, #0]
20009b24:	f7ff ffb4 	bl	20009a90 <uart_putc>
20009b28:	3401      	adds	r4, #1
20009b2a:	42ac      	cmp	r4, r5
20009b2c:	dbf7      	blt.n	20009b1e <stdio_uart_out_chars+0xa>
20009b2e:	bd70      	pop	{r4, r5, r6, pc}
20009b30:	20020e0c 	.word	0x20020e0c

20009b34 <stdio_uart_in_chars>:
20009b34:	b5f8      	push	{r3, r4, r5, r6, r7, lr}
20009b36:	0006      	movs	r6, r0
20009b38:	000d      	movs	r5, r1
20009b3a:	2700      	movs	r7, #0
20009b3c:	e005      	b.n	20009b4a <stdio_uart_in_chars+0x16>
20009b3e:	1c7c      	adds	r4, r7, #1
20009b40:	19f7      	adds	r7, r6, r7
20009b42:	f7ff ffd5 	bl	20009af0 <uart_getc>
20009b46:	7038      	strb	r0, [r7, #0]
20009b48:	0027      	movs	r7, r4
20009b4a:	42af      	cmp	r7, r5
20009b4c:	da04      	bge.n	20009b58 <stdio_uart_in_chars+0x24>
20009b4e:	4a0d      	ldr	r2, [pc, #52]	@ (20009b84 <stdio_uart_in_chars+0x50>)
20009b50:	6810      	ldr	r0, [r2, #0]
20009b52:	6982      	ldr	r2, [r0, #24]
20009b54:	06d2      	lsls	r2, r2, #27
20009b56:	d5f2      	bpl.n	20009b3e <stdio_uart_in_chars+0xa>
20009b58:	4a0b      	ldr	r2, [pc, #44]	@ (20009b88 <stdio_uart_in_chars+0x54>)
20009b5a:	6812      	ldr	r2, [r2, #0]
20009b5c:	2a00      	cmp	r2, #0
20009b5e:	d00a      	beq.n	20009b76 <stdio_uart_in_chars+0x42>
20009b60:	4a08      	ldr	r2, [pc, #32]	@ (20009b84 <stdio_uart_in_chars+0x50>)
20009b62:	6812      	ldr	r2, [r2, #0]
20009b64:	2150      	movs	r1, #80	@ 0x50
20009b66:	6391      	str	r1, [r2, #56]	@ 0x38
20009b68:	6b50      	ldr	r0, [r2, #52]	@ 0x34
20009b6a:	3918      	subs	r1, #24
20009b6c:	4001      	ands	r1, r0
20009b6e:	4b07      	ldr	r3, [pc, #28]	@ (20009b8c <stdio_uart_in_chars+0x58>)
20009b70:	469c      	mov	ip, r3
20009b72:	4462      	add	r2, ip
20009b74:	6011      	str	r1, [r2, #0]
20009b76:	2f00      	cmp	r7, #0
20009b78:	d001      	beq.n	20009b7e <stdio_uart_in_chars+0x4a>
20009b7a:	0038      	movs	r0, r7
20009b7c:	bdf8      	pop	{r3, r4, r5, r6, r7, pc}
20009b7e:	3f03      	subs	r7, #3
20009b80:	e7fb      	b.n	20009b7a <stdio_uart_in_chars+0x46>
20009b82:	46c0      	nop			@ (mov r8, r8)
20009b84:	20020e0c 	.word	0x20020e0c
20009b88:	2000fca8 	.word	0x2000fca8
20009b8c:	00001034 	.word	0x00001034

20009b90 <on_uart_rx>:
20009b90:	b510      	push	{r4, lr}
20009b92:	4b06      	ldr	r3, [pc, #24]	@ (20009bac <on_uart_rx+0x1c>)
20009b94:	681b      	ldr	r3, [r3, #0]
20009b96:	2b00      	cmp	r3, #0
20009b98:	d006      	beq.n	20009ba8 <on_uart_rx+0x18>
20009b9a:	4a05      	ldr	r2, [pc, #20]	@ (20009bb0 <on_uart_rx+0x20>)
20009b9c:	6812      	ldr	r2, [r2, #0]
20009b9e:	2100      	movs	r1, #0
20009ba0:	6391      	str	r1, [r2, #56]	@ 0x38
20009ba2:	4a04      	ldr	r2, [pc, #16]	@ (20009bb4 <on_uart_rx+0x24>)
20009ba4:	6810      	ldr	r0, [r2, #0]
20009ba6:	4798      	blx	r3
20009ba8:	bd10      	pop	{r4, pc}
20009baa:	46c0      	nop			@ (mov r8, r8)
20009bac:	2000fca8 	.word	0x2000fca8
20009bb0:	20020e0c 	.word	0x20020e0c
20009bb4:	2000fcac 	.word	0x2000fcac

20009bb8 <stdio_uart_out_flush>:
20009bb8:	4b02      	ldr	r3, [pc, #8]	@ (20009bc4 <stdio_uart_out_flush+0xc>)
20009bba:	681a      	ldr	r2, [r3, #0]
20009bbc:	6993      	ldr	r3, [r2, #24]
20009bbe:	071b      	lsls	r3, r3, #28
20009bc0:	d4fc      	bmi.n	20009bbc <stdio_uart_out_flush+0x4>
20009bc2:	4770      	bx	lr
20009bc4:	20020e0c 	.word	0x20020e0c

20009bc8 <stdio_uart_set_chars_available_callback>:
20009bc8:	b570      	push	{r4, r5, r6, lr}
20009bca:	4b1e      	ldr	r3, [pc, #120]	@ (20009c44 <stdio_uart_set_chars_available_callback+0x7c>)
20009bcc:	681b      	ldr	r3, [r3, #0]
20009bce:	4a1e      	ldr	r2, [pc, #120]	@ (20009c48 <stdio_uart_set_chars_available_callback+0x80>)
20009bd0:	4293      	cmp	r3, r2
20009bd2:	d008      	beq.n	20009be6 <stdio_uart_set_chars_available_callback+0x1e>
20009bd4:	2214      	movs	r2, #20
20009bd6:	0015      	movs	r5, r2
20009bd8:	2800      	cmp	r0, #0
20009bda:	d01f      	beq.n	20009c1c <stdio_uart_set_chars_available_callback+0x54>
20009bdc:	4b1b      	ldr	r3, [pc, #108]	@ (20009c4c <stdio_uart_set_chars_available_callback+0x84>)
20009bde:	681b      	ldr	r3, [r3, #0]
20009be0:	2b00      	cmp	r3, #0
20009be2:	d003      	beq.n	20009bec <stdio_uart_set_chars_available_callback+0x24>
20009be4:	bd70      	pop	{r4, r5, r6, pc}
20009be6:	2215      	movs	r2, #21
20009be8:	0015      	movs	r5, r2
20009bea:	e7f5      	b.n	20009bd8 <stdio_uart_set_chars_available_callback+0x10>
20009bec:	4b17      	ldr	r3, [pc, #92]	@ (20009c4c <stdio_uart_set_chars_available_callback+0x84>)
20009bee:	6018      	str	r0, [r3, #0]
20009bf0:	4b17      	ldr	r3, [pc, #92]	@ (20009c50 <stdio_uart_set_chars_available_callback+0x88>)
20009bf2:	6019      	str	r1, [r3, #0]
20009bf4:	4917      	ldr	r1, [pc, #92]	@ (20009c54 <stdio_uart_set_chars_available_callback+0x8c>)
20009bf6:	0028      	movs	r0, r5
20009bf8:	f7fc f89e 	bl	20005d38 <irq_set_exclusive_handler>
20009bfc:	2101      	movs	r1, #1
20009bfe:	0028      	movs	r0, r5
20009c00:	f7fc f87a 	bl	20005cf8 <irq_set_enabled>
20009c04:	4b0f      	ldr	r3, [pc, #60]	@ (20009c44 <stdio_uart_set_chars_available_callback+0x7c>)
20009c06:	681b      	ldr	r3, [r3, #0]
20009c08:	2250      	movs	r2, #80	@ 0x50
20009c0a:	639a      	str	r2, [r3, #56]	@ 0x38
20009c0c:	6b59      	ldr	r1, [r3, #52]	@ 0x34
20009c0e:	3a18      	subs	r2, #24
20009c10:	400a      	ands	r2, r1
20009c12:	4911      	ldr	r1, [pc, #68]	@ (20009c58 <stdio_uart_set_chars_available_callback+0x90>)
20009c14:	468c      	mov	ip, r1
20009c16:	4463      	add	r3, ip
20009c18:	601a      	str	r2, [r3, #0]
20009c1a:	e7e3      	b.n	20009be4 <stdio_uart_set_chars_available_callback+0x1c>
20009c1c:	4a0b      	ldr	r2, [pc, #44]	@ (20009c4c <stdio_uart_set_chars_available_callback+0x84>)
20009c1e:	6812      	ldr	r2, [r2, #0]
20009c20:	2a00      	cmp	r2, #0
20009c22:	d0df      	beq.n	20009be4 <stdio_uart_set_chars_available_callback+0x1c>
20009c24:	2400      	movs	r4, #0
20009c26:	639c      	str	r4, [r3, #56]	@ 0x38
20009c28:	2100      	movs	r1, #0
20009c2a:	0028      	movs	r0, r5
20009c2c:	f7fc f864 	bl	20005cf8 <irq_set_enabled>
20009c30:	4908      	ldr	r1, [pc, #32]	@ (20009c54 <stdio_uart_set_chars_available_callback+0x8c>)
20009c32:	0028      	movs	r0, r5
20009c34:	f7fc f9b8 	bl	20005fa8 <irq_remove_handler>
20009c38:	4b04      	ldr	r3, [pc, #16]	@ (20009c4c <stdio_uart_set_chars_available_callback+0x84>)
20009c3a:	601c      	str	r4, [r3, #0]
20009c3c:	4b04      	ldr	r3, [pc, #16]	@ (20009c50 <stdio_uart_set_chars_available_callback+0x88>)
20009c3e:	601c      	str	r4, [r3, #0]
20009c40:	e7d0      	b.n	20009be4 <stdio_uart_set_chars_available_callback+0x1c>
20009c42:	46c0      	nop			@ (mov r8, r8)
20009c44:	20020e0c 	.word	0x20020e0c
20009c48:	40038000 	.word	0x40038000
20009c4c:	2000fca8 	.word	0x2000fca8
20009c50:	2000fcac 	.word	0x2000fcac
20009c54:	20009b91 	.word	0x20009b91
20009c58:	00001034 	.word	0x00001034

20009c5c <stdio_uart_init_full>:
20009c5c:	b570      	push	{r4, r5, r6, lr}
20009c5e:	000c      	movs	r4, r1
20009c60:	001d      	movs	r5, r3
20009c62:	4b0d      	ldr	r3, [pc, #52]	@ (20009c98 <stdio_uart_init_full+0x3c>)
20009c64:	6018      	str	r0, [r3, #0]
20009c66:	2a00      	cmp	r2, #0
20009c68:	da0b      	bge.n	20009c82 <stdio_uart_init_full+0x26>
20009c6a:	2d00      	cmp	r5, #0
20009c6c:	da0e      	bge.n	20009c8c <stdio_uart_init_full+0x30>
20009c6e:	4b0a      	ldr	r3, [pc, #40]	@ (20009c98 <stdio_uart_init_full+0x3c>)
20009c70:	6818      	ldr	r0, [r3, #0]
20009c72:	0021      	movs	r1, r4
20009c74:	f7fd f838 	bl	20006ce8 <uart_init>
20009c78:	4808      	ldr	r0, [pc, #32]	@ (20009c9c <stdio_uart_init_full+0x40>)
20009c7a:	2101      	movs	r1, #1
20009c7c:	f7ff fea0 	bl	200099c0 <stdio_set_driver_enabled>
20009c80:	bd70      	pop	{r4, r5, r6, pc}
20009c82:	2102      	movs	r1, #2
20009c84:	0010      	movs	r0, r2
20009c86:	f7fb fe29 	bl	200058dc <gpio_set_function>
20009c8a:	e7ee      	b.n	20009c6a <stdio_uart_init_full+0xe>
20009c8c:	2102      	movs	r1, #2
20009c8e:	0028      	movs	r0, r5
20009c90:	f7fb fe24 	bl	200058dc <gpio_set_function>
20009c94:	e7eb      	b.n	20009c6e <stdio_uart_init_full+0x12>
20009c96:	46c0      	nop			@ (mov r8, r8)
20009c98:	20020e0c 	.word	0x20020e0c
20009c9c:	2000da40 	.word	0x2000da40

20009ca0 <stdio_uart_init>:
20009ca0:	b510      	push	{r4, lr}
20009ca2:	4b07      	ldr	r3, [pc, #28]	@ (20009cc0 <stdio_uart_init+0x20>)
20009ca4:	781b      	ldrb	r3, [r3, #0]
20009ca6:	4b07      	ldr	r3, [pc, #28]	@ (20009cc4 <stdio_uart_init+0x24>)
20009ca8:	781b      	ldrb	r3, [r3, #0]
20009caa:	4b07      	ldr	r3, [pc, #28]	@ (20009cc8 <stdio_uart_init+0x28>)
20009cac:	781b      	ldrb	r3, [r3, #0]
20009cae:	21e1      	movs	r1, #225	@ 0xe1
20009cb0:	2305      	movs	r3, #5
20009cb2:	2204      	movs	r2, #4
20009cb4:	0309      	lsls	r1, r1, #12
20009cb6:	4805      	ldr	r0, [pc, #20]	@ (20009ccc <stdio_uart_init+0x2c>)
20009cb8:	f7ff ffd0 	bl	20009c5c <stdio_uart_init_full>
20009cbc:	bd10      	pop	{r4, pc}
20009cbe:	46c0      	nop			@ (mov r8, r8)
20009cc0:	100002b8 	.word	0x100002b8
20009cc4:	100002b4 	.word	0x100002b4
20009cc8:	100002b0 	.word	0x100002b0
20009ccc:	40038000 	.word	0x40038000

20009cd0 <runtime_init_per_core_tls_setup>:
20009cd0:	4b01      	ldr	r3, [pc, #4]	@ (20009cd8 <runtime_init_per_core_tls_setup+0x8>)
20009cd2:	2200      	movs	r2, #0
20009cd4:	605a      	str	r2, [r3, #4]
20009cd6:	4770      	bx	lr
20009cd8:	2000e3c0 	.word	0x2000e3c0

20009cdc <core1_trampoline>:
20009cdc:	bd03      	pop	{r0, r1, pc}

20009cde <core1_wrapper>:
20009cde:	b510      	push	{r4, lr}
20009ce0:	0004      	movs	r4, r0
20009ce2:	f7fd fae7 	bl	200072b4 <runtime_run_per_core_initializers>
20009ce6:	47a0      	blx	r4
20009ce8:	bd10      	pop	{r4, pc}

20009cea <multicore_fifo_push_blocking>:
20009cea:	23d0      	movs	r3, #208	@ 0xd0
20009cec:	061b      	lsls	r3, r3, #24
20009cee:	6d1b      	ldr	r3, [r3, #80]	@ 0x50
20009cf0:	079b      	lsls	r3, r3, #30
20009cf2:	d5fa      	bpl.n	20009cea <multicore_fifo_push_blocking>
20009cf4:	23d0      	movs	r3, #208	@ 0xd0
20009cf6:	061b      	lsls	r3, r3, #24
20009cf8:	6558      	str	r0, [r3, #84]	@ 0x54
20009cfa:	bf40      	sev
20009cfc:	4770      	bx	lr

20009cfe <multicore_fifo_pop_blocking>:
20009cfe:	e000      	b.n	20009d02 <multicore_fifo_pop_blocking+0x4>
20009d00:	bf20      	wfe
20009d02:	23d0      	movs	r3, #208	@ 0xd0
20009d04:	061b      	lsls	r3, r3, #24
20009d06:	6d1b      	ldr	r3, [r3, #80]	@ 0x50
20009d08:	07db      	lsls	r3, r3, #31
20009d0a:	d5f9      	bpl.n	20009d00 <multicore_fifo_pop_blocking+0x2>
20009d0c:	23d0      	movs	r3, #208	@ 0xd0
20009d0e:	061b      	lsls	r3, r3, #24
20009d10:	6d98      	ldr	r0, [r3, #88]	@ 0x58
20009d12:	4770      	bx	lr

20009d14 <multicore_reset_core1>:
20009d14:	b510      	push	{r4, lr}
20009d16:	4b13      	ldr	r3, [pc, #76]	@ (20009d64 <multicore_reset_core1+0x50>)
20009d18:	2280      	movs	r2, #128	@ 0x80
20009d1a:	0252      	lsls	r2, r2, #9
20009d1c:	601a      	str	r2, [r3, #0]
20009d1e:	4b12      	ldr	r3, [pc, #72]	@ (20009d68 <multicore_reset_core1+0x54>)
20009d20:	681b      	ldr	r3, [r3, #0]
20009d22:	03db      	lsls	r3, r3, #15
20009d24:	d5fb      	bpl.n	20009d1e <multicore_reset_core1+0xa>
20009d26:	200f      	movs	r0, #15
20009d28:	f7fb ffcc 	bl	20005cc4 <irq_is_enabled>
20009d2c:	0004      	movs	r4, r0
20009d2e:	2100      	movs	r1, #0
20009d30:	200f      	movs	r0, #15
20009d32:	f7fb ffe1 	bl	20005cf8 <irq_set_enabled>
20009d36:	4b0d      	ldr	r3, [pc, #52]	@ (20009d6c <multicore_reset_core1+0x58>)
20009d38:	2200      	movs	r2, #0
20009d3a:	705a      	strb	r2, [r3, #1]
20009d3c:	4b0c      	ldr	r3, [pc, #48]	@ (20009d70 <multicore_reset_core1+0x5c>)
20009d3e:	2280      	movs	r2, #128	@ 0x80
20009d40:	0252      	lsls	r2, r2, #9
20009d42:	601a      	str	r2, [r3, #0]
20009d44:	f7ff ffdb 	bl	20009cfe <multicore_fifo_pop_blocking>
20009d48:	2800      	cmp	r0, #0
20009d4a:	d104      	bne.n	20009d56 <multicore_reset_core1+0x42>
20009d4c:	0021      	movs	r1, r4
20009d4e:	200f      	movs	r0, #15
20009d50:	f7fb ffd2 	bl	20005cf8 <irq_set_enabled>
20009d54:	bd10      	pop	{r4, pc}
20009d56:	4b07      	ldr	r3, [pc, #28]	@ (20009d74 <multicore_reset_core1+0x60>)
20009d58:	4a07      	ldr	r2, [pc, #28]	@ (20009d78 <multicore_reset_core1+0x64>)
20009d5a:	4808      	ldr	r0, [pc, #32]	@ (20009d7c <multicore_reset_core1+0x68>)
20009d5c:	2192      	movs	r1, #146	@ 0x92
20009d5e:	f7ff fce7 	bl	20009730 <__assert_func>
20009d62:	46c0      	nop			@ (mov r8, r8)
20009d64:	40012004 	.word	0x40012004
20009d68:	40010004 	.word	0x40010004
20009d6c:	2000fce0 	.word	0x2000fce0
20009d70:	40013004 	.word	0x40013004
20009d74:	2000d23c 	.word	0x2000d23c
20009d78:	2000d91c 	.word	0x2000d91c
20009d7c:	2000d1ec 	.word	0x2000d1ec

20009d80 <multicore_launch_core1_raw>:
20009d80:	b5f0      	push	{r4, r5, r6, r7, lr}
20009d82:	b087      	sub	sp, #28
20009d84:	0004      	movs	r4, r0
20009d86:	000d      	movs	r5, r1
20009d88:	0016      	movs	r6, r2
20009d8a:	200f      	movs	r0, #15
20009d8c:	f7fb ff9a 	bl	20005cc4 <irq_is_enabled>
20009d90:	0007      	movs	r7, r0
20009d92:	2100      	movs	r1, #0
20009d94:	200f      	movs	r0, #15
20009d96:	f7fb ffaf 	bl	20005cf8 <irq_set_enabled>
20009d9a:	2200      	movs	r2, #0
20009d9c:	9200      	str	r2, [sp, #0]
20009d9e:	9201      	str	r2, [sp, #4]
20009da0:	3201      	adds	r2, #1
20009da2:	9202      	str	r2, [sp, #8]
20009da4:	9603      	str	r6, [sp, #12]
20009da6:	9504      	str	r5, [sp, #16]
20009da8:	9405      	str	r4, [sp, #20]
20009daa:	4b12      	ldr	r3, [pc, #72]	@ (20009df4 <multicore_launch_core1_raw+0x74>)
20009dac:	705a      	strb	r2, [r3, #1]
20009dae:	2500      	movs	r5, #0
20009db0:	e00c      	b.n	20009dcc <multicore_launch_core1_raw+0x4c>
20009db2:	23d0      	movs	r3, #208	@ 0xd0
20009db4:	061b      	lsls	r3, r3, #24
20009db6:	6d9b      	ldr	r3, [r3, #88]	@ 0x58
20009db8:	23d0      	movs	r3, #208	@ 0xd0
20009dba:	061b      	lsls	r3, r3, #24
20009dbc:	6d1b      	ldr	r3, [r3, #80]	@ 0x50
20009dbe:	07db      	lsls	r3, r3, #31
20009dc0:	d4f7      	bmi.n	20009db2 <multicore_launch_core1_raw+0x32>
20009dc2:	bf40      	sev
20009dc4:	e007      	b.n	20009dd6 <multicore_launch_core1_raw+0x56>
20009dc6:	3501      	adds	r5, #1
20009dc8:	2d05      	cmp	r5, #5
20009dca:	d80d      	bhi.n	20009de8 <multicore_launch_core1_raw+0x68>
20009dcc:	00ab      	lsls	r3, r5, #2
20009dce:	466a      	mov	r2, sp
20009dd0:	589c      	ldr	r4, [r3, r2]
20009dd2:	2c00      	cmp	r4, #0
20009dd4:	d0f0      	beq.n	20009db8 <multicore_launch_core1_raw+0x38>
20009dd6:	0020      	movs	r0, r4
20009dd8:	f7ff ff87 	bl	20009cea <multicore_fifo_push_blocking>
20009ddc:	f7ff ff8f 	bl	20009cfe <multicore_fifo_pop_blocking>
20009de0:	4284      	cmp	r4, r0
20009de2:	d0f0      	beq.n	20009dc6 <multicore_launch_core1_raw+0x46>
20009de4:	2500      	movs	r5, #0
20009de6:	e7ef      	b.n	20009dc8 <multicore_launch_core1_raw+0x48>
20009de8:	0039      	movs	r1, r7
20009dea:	200f      	movs	r0, #15
20009dec:	f7fb ff84 	bl	20005cf8 <irq_set_enabled>
20009df0:	b007      	add	sp, #28
20009df2:	bdf0      	pop	{r4, r5, r6, r7, pc}
20009df4:	2000fce0 	.word	0x2000fce0

20009df8 <multicore_launch_core1_with_stack>:
20009df8:	b510      	push	{r4, lr}
20009dfa:	4684      	mov	ip, r0
20009dfc:	0008      	movs	r0, r1
20009dfe:	0793      	lsls	r3, r2, #30
20009e00:	d115      	bne.n	20009e2e <multicore_launch_core1_with_stack+0x36>
20009e02:	2303      	movs	r3, #3
20009e04:	439a      	bics	r2, r3
20009e06:	188b      	adds	r3, r1, r2
20009e08:	0019      	movs	r1, r3
20009e0a:	390c      	subs	r1, #12
20009e0c:	4a0b      	ldr	r2, [pc, #44]	@ (20009e3c <multicore_launch_core1_with_stack+0x44>)
20009e0e:	6892      	ldr	r2, [r2, #8]
20009e10:	4664      	mov	r4, ip
20009e12:	600c      	str	r4, [r1, #0]
20009e14:	2408      	movs	r4, #8
20009e16:	4264      	negs	r4, r4
20009e18:	46a4      	mov	ip, r4
20009e1a:	449c      	add	ip, r3
20009e1c:	4664      	mov	r4, ip
20009e1e:	6020      	str	r0, [r4, #0]
20009e20:	4807      	ldr	r0, [pc, #28]	@ (20009e40 <multicore_launch_core1_with_stack+0x48>)
20009e22:	3b04      	subs	r3, #4
20009e24:	6018      	str	r0, [r3, #0]
20009e26:	4807      	ldr	r0, [pc, #28]	@ (20009e44 <multicore_launch_core1_with_stack+0x4c>)
20009e28:	f7ff ffaa 	bl	20009d80 <multicore_launch_core1_raw>
20009e2c:	bd10      	pop	{r4, pc}
20009e2e:	4b06      	ldr	r3, [pc, #24]	@ (20009e48 <multicore_launch_core1_with_stack+0x50>)
20009e30:	4a06      	ldr	r2, [pc, #24]	@ (20009e4c <multicore_launch_core1_with_stack+0x54>)
20009e32:	4807      	ldr	r0, [pc, #28]	@ (20009e50 <multicore_launch_core1_with_stack+0x58>)
20009e34:	219a      	movs	r1, #154	@ 0x9a
20009e36:	f7ff fc7b 	bl	20009730 <__assert_func>
20009e3a:	46c0      	nop			@ (mov r8, r8)
20009e3c:	e000ed00 	.word	0xe000ed00
20009e40:	20009cdf 	.word	0x20009cdf
20009e44:	20009cdd 	.word	0x20009cdd
20009e48:	2000d248 	.word	0x2000d248
20009e4c:	2000d8f8 	.word	0x2000d8f8
20009e50:	2000d1ec 	.word	0x2000d1ec

20009e54 <multicore_launch_core1>:
20009e54:	b510      	push	{r4, lr}
20009e56:	4b06      	ldr	r3, [pc, #24]	@ (20009e70 <multicore_launch_core1+0x1c>)
20009e58:	4a06      	ldr	r2, [pc, #24]	@ (20009e74 <multicore_launch_core1+0x20>)
20009e5a:	4293      	cmp	r3, r2
20009e5c:	d305      	bcc.n	20009e6a <multicore_launch_core1+0x16>
20009e5e:	0019      	movs	r1, r3
20009e60:	2280      	movs	r2, #128	@ 0x80
20009e62:	0112      	lsls	r2, r2, #4
20009e64:	f7ff ffc8 	bl	20009df8 <multicore_launch_core1_with_stack>
20009e68:	bd10      	pop	{r4, pc}
20009e6a:	2101      	movs	r1, #1
20009e6c:	4249      	negs	r1, r1
20009e6e:	e7f7      	b.n	20009e60 <multicore_launch_core1+0xc>
20009e70:	20040800 	.word	0x20040800
20009e74:	20040000 	.word	0x20040000

20009e78 <pio_get_default_sm_config>:
20009e78:	b510      	push	{r4, lr}
20009e7a:	0004      	movs	r4, r0
20009e7c:	2210      	movs	r2, #16
20009e7e:	2100      	movs	r1, #0
20009e80:	f7fe fade 	bl	20008440 <__wrap_memset>
20009e84:	2380      	movs	r3, #128	@ 0x80
20009e86:	025b      	lsls	r3, r3, #9
20009e88:	6023      	str	r3, [r4, #0]
20009e8a:	23f8      	movs	r3, #248	@ 0xf8
20009e8c:	025b      	lsls	r3, r3, #9
20009e8e:	6063      	str	r3, [r4, #4]
20009e90:	2380      	movs	r3, #128	@ 0x80
20009e92:	02db      	lsls	r3, r3, #11
20009e94:	60a3      	str	r3, [r4, #8]
20009e96:	23c0      	movs	r3, #192	@ 0xc0
20009e98:	031b      	lsls	r3, r3, #12
20009e9a:	60a3      	str	r3, [r4, #8]
20009e9c:	0020      	movs	r0, r4
20009e9e:	bd10      	pop	{r4, pc}

20009ea0 <is_program_gpio_compatible>:
20009ea0:	2001      	movs	r0, #1
20009ea2:	4770      	bx	lr

20009ea4 <add_program_at_offset_check>:
20009ea4:	b570      	push	{r4, r5, r6, lr}
20009ea6:	0006      	movs	r6, r0
20009ea8:	000c      	movs	r4, r1
20009eaa:	0015      	movs	r5, r2
20009eac:	798b      	ldrb	r3, [r1, #6]
20009eae:	2b00      	cmp	r3, #0
20009eb0:	d11d      	bne.n	20009eee <add_program_at_offset_check+0x4a>
20009eb2:	f7ff fff5 	bl	20009ea0 <is_program_gpio_compatible>
20009eb6:	2800      	cmp	r0, #0
20009eb8:	d01c      	beq.n	20009ef4 <add_program_at_offset_check+0x50>
20009eba:	2305      	movs	r3, #5
20009ebc:	56e3      	ldrsb	r3, [r4, r3]
20009ebe:	2b00      	cmp	r3, #0
20009ec0:	db01      	blt.n	20009ec6 <add_program_at_offset_check+0x22>
20009ec2:	42ab      	cmp	r3, r5
20009ec4:	d119      	bne.n	20009efa <add_program_at_offset_check+0x56>
20009ec6:	0030      	movs	r0, r6
20009ec8:	4b0d      	ldr	r3, [pc, #52]	@ (20009f00 <add_program_at_offset_check+0x5c>)
20009eca:	469c      	mov	ip, r3
20009ecc:	4460      	add	r0, ip
20009ece:	0d00      	lsrs	r0, r0, #20
20009ed0:	4b0c      	ldr	r3, [pc, #48]	@ (20009f04 <add_program_at_offset_check+0x60>)
20009ed2:	0080      	lsls	r0, r0, #2
20009ed4:	58c2      	ldr	r2, [r0, r3]
20009ed6:	7921      	ldrb	r1, [r4, #4]
20009ed8:	2301      	movs	r3, #1
20009eda:	408b      	lsls	r3, r1
20009edc:	3b01      	subs	r3, #1
20009ede:	40ab      	lsls	r3, r5
20009ee0:	421a      	tst	r2, r3
20009ee2:	d101      	bne.n	20009ee8 <add_program_at_offset_check+0x44>
20009ee4:	2000      	movs	r0, #0
20009ee6:	bd70      	pop	{r4, r5, r6, pc}
20009ee8:	2009      	movs	r0, #9
20009eea:	4240      	negs	r0, r0
20009eec:	e7fb      	b.n	20009ee6 <add_program_at_offset_check+0x42>
20009eee:	2014      	movs	r0, #20
20009ef0:	4240      	negs	r0, r0
20009ef2:	e7f8      	b.n	20009ee6 <add_program_at_offset_check+0x42>
20009ef4:	200b      	movs	r0, #11
20009ef6:	4240      	negs	r0, r0
20009ef8:	e7f5      	b.n	20009ee6 <add_program_at_offset_check+0x42>
20009efa:	200b      	movs	r0, #11
20009efc:	4240      	negs	r0, r0
20009efe:	e7f2      	b.n	20009ee6 <add_program_at_offset_check+0x42>
20009f00:	afe00000 	.word	0xafe00000
20009f04:	2000e3c8 	.word	0x2000e3c8

20009f08 <add_program_at_offset>:
20009f08:	b570      	push	{r4, r5, r6, lr}
20009f0a:	0005      	movs	r5, r0
20009f0c:	000c      	movs	r4, r1
20009f0e:	0016      	movs	r6, r2
20009f10:	f7ff ffc8 	bl	20009ea4 <add_program_at_offset_check>
20009f14:	2800      	cmp	r0, #0
20009f16:	d122      	bne.n	20009f5e <add_program_at_offset+0x56>
20009f18:	2200      	movs	r2, #0
20009f1a:	e005      	b.n	20009f28 <add_program_at_offset+0x20>
20009f1c:	1999      	adds	r1, r3, r6
20009f1e:	1993      	adds	r3, r2, r6
20009f20:	3312      	adds	r3, #18
20009f22:	009b      	lsls	r3, r3, #2
20009f24:	5159      	str	r1, [r3, r5]
20009f26:	3201      	adds	r2, #1
20009f28:	7923      	ldrb	r3, [r4, #4]
20009f2a:	4293      	cmp	r3, r2
20009f2c:	d908      	bls.n	20009f40 <add_program_at_offset+0x38>
20009f2e:	6821      	ldr	r1, [r4, #0]
20009f30:	0053      	lsls	r3, r2, #1
20009f32:	5acb      	ldrh	r3, [r1, r3]
20009f34:	2180      	movs	r1, #128	@ 0x80
20009f36:	0189      	lsls	r1, r1, #6
20009f38:	428b      	cmp	r3, r1
20009f3a:	d3ef      	bcc.n	20009f1c <add_program_at_offset+0x14>
20009f3c:	0019      	movs	r1, r3
20009f3e:	e7ee      	b.n	20009f1e <add_program_at_offset+0x16>
20009f40:	2201      	movs	r2, #1
20009f42:	409a      	lsls	r2, r3
20009f44:	0013      	movs	r3, r2
20009f46:	3b01      	subs	r3, #1
20009f48:	4a05      	ldr	r2, [pc, #20]	@ (20009f60 <add_program_at_offset+0x58>)
20009f4a:	4694      	mov	ip, r2
20009f4c:	4465      	add	r5, ip
20009f4e:	0d2d      	lsrs	r5, r5, #20
20009f50:	4a04      	ldr	r2, [pc, #16]	@ (20009f64 <add_program_at_offset+0x5c>)
20009f52:	00ad      	lsls	r5, r5, #2
20009f54:	58a9      	ldr	r1, [r5, r2]
20009f56:	40b3      	lsls	r3, r6
20009f58:	430b      	orrs	r3, r1
20009f5a:	50ab      	str	r3, [r5, r2]
20009f5c:	0030      	movs	r0, r6
20009f5e:	bd70      	pop	{r4, r5, r6, pc}
20009f60:	afe00000 	.word	0xafe00000
20009f64:	2000e3c8 	.word	0x2000e3c8

20009f68 <find_offset_for_program>:
20009f68:	b510      	push	{r4, lr}
20009f6a:	000a      	movs	r2, r1
20009f6c:	790c      	ldrb	r4, [r1, #4]
20009f6e:	2c20      	cmp	r4, #32
20009f70:	d819      	bhi.n	20009fa6 <find_offset_for_program+0x3e>
20009f72:	4b18      	ldr	r3, [pc, #96]	@ (20009fd4 <find_offset_for_program+0x6c>)
20009f74:	469c      	mov	ip, r3
20009f76:	4460      	add	r0, ip
20009f78:	0d00      	lsrs	r0, r0, #20
20009f7a:	4b17      	ldr	r3, [pc, #92]	@ (20009fd8 <find_offset_for_program+0x70>)
20009f7c:	0080      	lsls	r0, r0, #2
20009f7e:	58c1      	ldr	r1, [r0, r3]
20009f80:	2301      	movs	r3, #1
20009f82:	40a3      	lsls	r3, r4
20009f84:	3b01      	subs	r3, #1
20009f86:	7952      	ldrb	r2, [r2, #5]
20009f88:	b252      	sxtb	r2, r2
20009f8a:	2a00      	cmp	r2, #0
20009f8c:	db11      	blt.n	20009fb2 <find_offset_for_program+0x4a>
20009f8e:	2020      	movs	r0, #32
20009f90:	1b00      	subs	r0, r0, r4
20009f92:	b2d4      	uxtb	r4, r2
20009f94:	4284      	cmp	r4, r0
20009f96:	d819      	bhi.n	20009fcc <find_offset_for_program+0x64>
20009f98:	0010      	movs	r0, r2
20009f9a:	4093      	lsls	r3, r2
20009f9c:	4219      	tst	r1, r3
20009f9e:	d001      	beq.n	20009fa4 <find_offset_for_program+0x3c>
20009fa0:	2001      	movs	r0, #1
20009fa2:	4240      	negs	r0, r0
20009fa4:	bd10      	pop	{r4, pc}
20009fa6:	4b0d      	ldr	r3, [pc, #52]	@ (20009fdc <find_offset_for_program+0x74>)
20009fa8:	4a0d      	ldr	r2, [pc, #52]	@ (20009fe0 <find_offset_for_program+0x78>)
20009faa:	480e      	ldr	r0, [pc, #56]	@ (20009fe4 <find_offset_for_program+0x7c>)
20009fac:	2143      	movs	r1, #67	@ 0x43
20009fae:	f7ff fbbf 	bl	20009730 <__assert_func>
20009fb2:	2020      	movs	r0, #32
20009fb4:	1b00      	subs	r0, r0, r4
20009fb6:	2800      	cmp	r0, #0
20009fb8:	db05      	blt.n	20009fc6 <find_offset_for_program+0x5e>
20009fba:	001a      	movs	r2, r3
20009fbc:	4082      	lsls	r2, r0
20009fbe:	4211      	tst	r1, r2
20009fc0:	d0f0      	beq.n	20009fa4 <find_offset_for_program+0x3c>
20009fc2:	3801      	subs	r0, #1
20009fc4:	e7f7      	b.n	20009fb6 <find_offset_for_program+0x4e>
20009fc6:	2009      	movs	r0, #9
20009fc8:	4240      	negs	r0, r0
20009fca:	e7eb      	b.n	20009fa4 <find_offset_for_program+0x3c>
20009fcc:	2001      	movs	r0, #1
20009fce:	4240      	negs	r0, r0
20009fd0:	e7e8      	b.n	20009fa4 <find_offset_for_program+0x3c>
20009fd2:	46c0      	nop			@ (mov r8, r8)
20009fd4:	afe00000 	.word	0xafe00000
20009fd8:	2000e3c8 	.word	0x2000e3c8
20009fdc:	2000d264 	.word	0x2000d264
20009fe0:	2000d934 	.word	0x2000d934
20009fe4:	2000d290 	.word	0x2000d290

20009fe8 <pio_sm_unclaim>:
20009fe8:	b510      	push	{r4, lr}
20009fea:	4b05      	ldr	r3, [pc, #20]	@ (2000a000 <pio_sm_unclaim+0x18>)
20009fec:	469c      	mov	ip, r3
20009fee:	4460      	add	r0, ip
20009ff0:	0d00      	lsrs	r0, r0, #20
20009ff2:	0080      	lsls	r0, r0, #2
20009ff4:	1841      	adds	r1, r0, r1
20009ff6:	4803      	ldr	r0, [pc, #12]	@ (2000a004 <pio_sm_unclaim+0x1c>)
20009ff8:	f7fb fda2 	bl	20005b40 <hw_claim_clear>
20009ffc:	bd10      	pop	{r4, pc}
20009ffe:	46c0      	nop			@ (mov r8, r8)
2000a000:	afe00000 	.word	0xafe00000
2000a004:	2000fcb4 	.word	0x2000fcb4

2000a008 <pio_claim_unused_sm>:
2000a008:	b510      	push	{r4, lr}
2000a00a:	b082      	sub	sp, #8
2000a00c:	4b09      	ldr	r3, [pc, #36]	@ (2000a034 <pio_claim_unused_sm+0x2c>)
2000a00e:	18c4      	adds	r4, r0, r3
2000a010:	0d24      	lsrs	r4, r4, #20
2000a012:	00a4      	lsls	r4, r4, #2
2000a014:	1ce3      	adds	r3, r4, #3
2000a016:	4808      	ldr	r0, [pc, #32]	@ (2000a038 <pio_claim_unused_sm+0x30>)
2000a018:	4a08      	ldr	r2, [pc, #32]	@ (2000a03c <pio_claim_unused_sm+0x34>)
2000a01a:	9200      	str	r2, [sp, #0]
2000a01c:	0022      	movs	r2, r4
2000a01e:	f7fb fd67 	bl	20005af0 <hw_claim_unused_from_range>
2000a022:	4284      	cmp	r4, r0
2000a024:	dc02      	bgt.n	2000a02c <pio_claim_unused_sm+0x24>
2000a026:	1b00      	subs	r0, r0, r4
2000a028:	b002      	add	sp, #8
2000a02a:	bd10      	pop	{r4, pc}
2000a02c:	2001      	movs	r0, #1
2000a02e:	4240      	negs	r0, r0
2000a030:	e7fa      	b.n	2000a028 <pio_claim_unused_sm+0x20>
2000a032:	46c0      	nop			@ (mov r8, r8)
2000a034:	afe00000 	.word	0xafe00000
2000a038:	2000fcb4 	.word	0x2000fcb4
2000a03c:	2000d2d8 	.word	0x2000d2d8

2000a040 <pio_sm_is_claimed>:
2000a040:	b510      	push	{r4, lr}
2000a042:	4b05      	ldr	r3, [pc, #20]	@ (2000a058 <pio_sm_is_claimed+0x18>)
2000a044:	469c      	mov	ip, r3
2000a046:	4460      	add	r0, ip
2000a048:	0d00      	lsrs	r0, r0, #20
2000a04a:	0080      	lsls	r0, r0, #2
2000a04c:	1841      	adds	r1, r0, r1
2000a04e:	4803      	ldr	r0, [pc, #12]	@ (2000a05c <pio_sm_is_claimed+0x1c>)
2000a050:	f7fb fd28 	bl	20005aa4 <hw_is_claimed>
2000a054:	bd10      	pop	{r4, pc}
2000a056:	46c0      	nop			@ (mov r8, r8)
2000a058:	afe00000 	.word	0xafe00000
2000a05c:	2000fcb4 	.word	0x2000fcb4

2000a060 <pio_add_program>:
2000a060:	b5f8      	push	{r3, r4, r5, r6, r7, lr}
2000a062:	0005      	movs	r5, r0
2000a064:	000e      	movs	r6, r1
2000a066:	f7fb fd07 	bl	20005a78 <hw_claim_lock>
2000a06a:	0007      	movs	r7, r0
2000a06c:	0031      	movs	r1, r6
2000a06e:	0028      	movs	r0, r5
2000a070:	f7ff ff7a 	bl	20009f68 <find_offset_for_program>
2000a074:	1e04      	subs	r4, r0, #0
2000a076:	da04      	bge.n	2000a082 <pio_add_program+0x22>
2000a078:	0038      	movs	r0, r7
2000a07a:	f7fb fd09 	bl	20005a90 <hw_claim_unlock>
2000a07e:	0020      	movs	r0, r4
2000a080:	bdf8      	pop	{r3, r4, r5, r6, r7, pc}
2000a082:	0002      	movs	r2, r0
2000a084:	0031      	movs	r1, r6
2000a086:	0028      	movs	r0, r5
2000a088:	f7ff ff3e 	bl	20009f08 <add_program_at_offset>
2000a08c:	0004      	movs	r4, r0
2000a08e:	e7f3      	b.n	2000a078 <pio_add_program+0x18>

2000a090 <pio_clear_instruction_memory>:
2000a090:	b510      	push	{r4, lr}
2000a092:	0004      	movs	r4, r0
2000a094:	f7fb fcf0 	bl	20005a78 <hw_claim_lock>
2000a098:	4b0a      	ldr	r3, [pc, #40]	@ (2000a0c4 <pio_clear_instruction_memory+0x34>)
2000a09a:	18e3      	adds	r3, r4, r3
2000a09c:	0d1b      	lsrs	r3, r3, #20
2000a09e:	4a0a      	ldr	r2, [pc, #40]	@ (2000a0c8 <pio_clear_instruction_memory+0x38>)
2000a0a0:	009b      	lsls	r3, r3, #2
2000a0a2:	2100      	movs	r1, #0
2000a0a4:	5099      	str	r1, [r3, r2]
2000a0a6:	2300      	movs	r3, #0
2000a0a8:	e006      	b.n	2000a0b8 <pio_clear_instruction_memory+0x28>
2000a0aa:	211f      	movs	r1, #31
2000a0ac:	4019      	ands	r1, r3
2000a0ae:	001a      	movs	r2, r3
2000a0b0:	3212      	adds	r2, #18
2000a0b2:	0092      	lsls	r2, r2, #2
2000a0b4:	5111      	str	r1, [r2, r4]
2000a0b6:	3301      	adds	r3, #1
2000a0b8:	2b1f      	cmp	r3, #31
2000a0ba:	d9f6      	bls.n	2000a0aa <pio_clear_instruction_memory+0x1a>
2000a0bc:	f7fb fce8 	bl	20005a90 <hw_claim_unlock>
2000a0c0:	bd10      	pop	{r4, pc}
2000a0c2:	46c0      	nop			@ (mov r8, r8)
2000a0c4:	afe00000 	.word	0xafe00000
2000a0c8:	2000e3c8 	.word	0x2000e3c8

2000a0cc <pio_sm_set_consecutive_pindirs>:
2000a0cc:	b5f0      	push	{r4, r5, r6, r7, lr}
2000a0ce:	46ce      	mov	lr, r9
2000a0d0:	4647      	mov	r7, r8
2000a0d2:	b580      	push	{r7, lr}
2000a0d4:	0005      	movs	r5, r0
2000a0d6:	000c      	movs	r4, r1
2000a0d8:	0019      	movs	r1, r3
2000a0da:	ab07      	add	r3, sp, #28
2000a0dc:	7818      	ldrb	r0, [r3, #0]
2000a0de:	2a1f      	cmp	r2, #31
2000a0e0:	d84a      	bhi.n	2000a178 <pio_sm_set_consecutive_pindirs+0xac>
2000a0e2:	0063      	lsls	r3, r4, #1
2000a0e4:	191e      	adds	r6, r3, r4
2000a0e6:	00f6      	lsls	r6, r6, #3
2000a0e8:	19ae      	adds	r6, r5, r6
2000a0ea:	0037      	movs	r7, r6
2000a0ec:	37dc      	adds	r7, #220	@ 0xdc
2000a0ee:	683f      	ldr	r7, [r7, #0]
2000a0f0:	46b8      	mov	r8, r7
2000a0f2:	36cc      	adds	r6, #204	@ 0xcc
2000a0f4:	6836      	ldr	r6, [r6, #0]
2000a0f6:	46b4      	mov	ip, r6
2000a0f8:	191b      	adds	r3, r3, r4
2000a0fa:	00db      	lsls	r3, r3, #3
2000a0fc:	33c8      	adds	r3, #200	@ 0xc8
2000a0fe:	18eb      	adds	r3, r5, r3
2000a100:	4e1f      	ldr	r6, [pc, #124]	@ (2000a180 <pio_sm_set_consecutive_pindirs+0xb4>)
2000a102:	46b1      	mov	r9, r6
2000a104:	444b      	add	r3, r9
2000a106:	2680      	movs	r6, #128	@ 0x80
2000a108:	02b6      	lsls	r6, r6, #10
2000a10a:	601e      	str	r6, [r3, #0]
2000a10c:	2800      	cmp	r0, #0
2000a10e:	d131      	bne.n	2000a174 <pio_sm_set_consecutive_pindirs+0xa8>
2000a110:	2600      	movs	r6, #0
2000a112:	e012      	b.n	2000a13a <pio_sm_set_consecutive_pindirs+0x6e>
2000a114:	0153      	lsls	r3, r2, #5
2000a116:	20a0      	movs	r0, #160	@ 0xa0
2000a118:	0540      	lsls	r0, r0, #21
2000a11a:	4318      	orrs	r0, r3
2000a11c:	0063      	lsls	r3, r4, #1
2000a11e:	191b      	adds	r3, r3, r4
2000a120:	00db      	lsls	r3, r3, #3
2000a122:	18eb      	adds	r3, r5, r3
2000a124:	001f      	movs	r7, r3
2000a126:	37dc      	adds	r7, #220	@ 0xdc
2000a128:	6038      	str	r0, [r7, #0]
2000a12a:	4816      	ldr	r0, [pc, #88]	@ (2000a184 <pio_sm_set_consecutive_pindirs+0xb8>)
2000a12c:	4330      	orrs	r0, r6
2000a12e:	33d8      	adds	r3, #216	@ 0xd8
2000a130:	6018      	str	r0, [r3, #0]
2000a132:	3905      	subs	r1, #5
2000a134:	3205      	adds	r2, #5
2000a136:	231f      	movs	r3, #31
2000a138:	401a      	ands	r2, r3
2000a13a:	2905      	cmp	r1, #5
2000a13c:	d8ea      	bhi.n	2000a114 <pio_sm_set_consecutive_pindirs+0x48>
2000a13e:	0689      	lsls	r1, r1, #26
2000a140:	0152      	lsls	r2, r2, #5
2000a142:	4311      	orrs	r1, r2
2000a144:	0062      	lsls	r2, r4, #1
2000a146:	1913      	adds	r3, r2, r4
2000a148:	00db      	lsls	r3, r3, #3
2000a14a:	18eb      	adds	r3, r5, r3
2000a14c:	0018      	movs	r0, r3
2000a14e:	30dc      	adds	r0, #220	@ 0xdc
2000a150:	6001      	str	r1, [r0, #0]
2000a152:	490c      	ldr	r1, [pc, #48]	@ (2000a184 <pio_sm_set_consecutive_pindirs+0xb8>)
2000a154:	4331      	orrs	r1, r6
2000a156:	33d8      	adds	r3, #216	@ 0xd8
2000a158:	6019      	str	r1, [r3, #0]
2000a15a:	4643      	mov	r3, r8
2000a15c:	6003      	str	r3, [r0, #0]
2000a15e:	1912      	adds	r2, r2, r4
2000a160:	00d2      	lsls	r2, r2, #3
2000a162:	18ad      	adds	r5, r5, r2
2000a164:	35cc      	adds	r5, #204	@ 0xcc
2000a166:	4663      	mov	r3, ip
2000a168:	602b      	str	r3, [r5, #0]
2000a16a:	2000      	movs	r0, #0
2000a16c:	bcc0      	pop	{r6, r7}
2000a16e:	46b9      	mov	r9, r7
2000a170:	46b0      	mov	r8, r6
2000a172:	bdf0      	pop	{r4, r5, r6, r7, pc}
2000a174:	261f      	movs	r6, #31
2000a176:	e7e0      	b.n	2000a13a <pio_sm_set_consecutive_pindirs+0x6e>
2000a178:	2005      	movs	r0, #5
2000a17a:	4240      	negs	r0, r0
2000a17c:	e7f6      	b.n	2000a16c <pio_sm_set_consecutive_pindirs+0xa0>
2000a17e:	46c0      	nop			@ (mov r8, r8)
2000a180:	00003004 	.word	0x00003004
2000a184:	0000e080 	.word	0x0000e080

2000a188 <pio_sm_init>:
2000a188:	b5f0      	push	{r4, r5, r6, r7, lr}
2000a18a:	b085      	sub	sp, #20
2000a18c:	0004      	movs	r4, r0
2000a18e:	000d      	movs	r5, r1
2000a190:	0017      	movs	r7, r2
2000a192:	6802      	ldr	r2, [r0, #0]
2000a194:	2101      	movs	r1, #1
2000a196:	40a9      	lsls	r1, r5
2000a198:	438a      	bics	r2, r1
2000a19a:	6002      	str	r2, [r0, #0]
2000a19c:	2b00      	cmp	r3, #0
2000a19e:	d036      	beq.n	2000a20e <pio_sm_init+0x86>
2000a1a0:	6818      	ldr	r0, [r3, #0]
2000a1a2:	006a      	lsls	r2, r5, #1
2000a1a4:	1952      	adds	r2, r2, r5
2000a1a6:	00d2      	lsls	r2, r2, #3
2000a1a8:	18a2      	adds	r2, r4, r2
2000a1aa:	0011      	movs	r1, r2
2000a1ac:	31c8      	adds	r1, #200	@ 0xc8
2000a1ae:	6008      	str	r0, [r1, #0]
2000a1b0:	6898      	ldr	r0, [r3, #8]
2000a1b2:	3108      	adds	r1, #8
2000a1b4:	6008      	str	r0, [r1, #0]
2000a1b6:	6858      	ldr	r0, [r3, #4]
2000a1b8:	3904      	subs	r1, #4
2000a1ba:	6008      	str	r0, [r1, #0]
2000a1bc:	68db      	ldr	r3, [r3, #12]
2000a1be:	32dc      	adds	r2, #220	@ 0xdc
2000a1c0:	6013      	str	r3, [r2, #0]
2000a1c2:	006a      	lsls	r2, r5, #1
2000a1c4:	1953      	adds	r3, r2, r5
2000a1c6:	00db      	lsls	r3, r3, #3
2000a1c8:	33d0      	adds	r3, #208	@ 0xd0
2000a1ca:	18e3      	adds	r3, r4, r3
2000a1cc:	2180      	movs	r1, #128	@ 0x80
2000a1ce:	0149      	lsls	r1, r1, #5
2000a1d0:	468c      	mov	ip, r1
2000a1d2:	4463      	add	r3, ip
2000a1d4:	2180      	movs	r1, #128	@ 0x80
2000a1d6:	0609      	lsls	r1, r1, #24
2000a1d8:	6019      	str	r1, [r3, #0]
2000a1da:	6019      	str	r1, [r3, #0]
2000a1dc:	4b16      	ldr	r3, [pc, #88]	@ (2000a238 <pio_sm_init+0xb0>)
2000a1de:	40ab      	lsls	r3, r5
2000a1e0:	60a3      	str	r3, [r4, #8]
2000a1e2:	1d29      	adds	r1, r5, #4
2000a1e4:	2301      	movs	r3, #1
2000a1e6:	0018      	movs	r0, r3
2000a1e8:	4088      	lsls	r0, r1
2000a1ea:	2180      	movs	r1, #128	@ 0x80
2000a1ec:	0189      	lsls	r1, r1, #6
2000a1ee:	1861      	adds	r1, r4, r1
2000a1f0:	6008      	str	r0, [r1, #0]
2000a1f2:	0028      	movs	r0, r5
2000a1f4:	3008      	adds	r0, #8
2000a1f6:	4083      	lsls	r3, r0
2000a1f8:	600b      	str	r3, [r1, #0]
2000a1fa:	231f      	movs	r3, #31
2000a1fc:	403b      	ands	r3, r7
2000a1fe:	1952      	adds	r2, r2, r5
2000a200:	00d2      	lsls	r2, r2, #3
2000a202:	18a4      	adds	r4, r4, r2
2000a204:	34d8      	adds	r4, #216	@ 0xd8
2000a206:	6023      	str	r3, [r4, #0]
2000a208:	2000      	movs	r0, #0
2000a20a:	b005      	add	sp, #20
2000a20c:	bdf0      	pop	{r4, r5, r6, r7, pc}
2000a20e:	4668      	mov	r0, sp
2000a210:	f7ff fe32 	bl	20009e78 <pio_get_default_sm_config>
2000a214:	9900      	ldr	r1, [sp, #0]
2000a216:	006b      	lsls	r3, r5, #1
2000a218:	195b      	adds	r3, r3, r5
2000a21a:	00db      	lsls	r3, r3, #3
2000a21c:	18e3      	adds	r3, r4, r3
2000a21e:	001a      	movs	r2, r3
2000a220:	32c8      	adds	r2, #200	@ 0xc8
2000a222:	6011      	str	r1, [r2, #0]
2000a224:	9902      	ldr	r1, [sp, #8]
2000a226:	3208      	adds	r2, #8
2000a228:	6011      	str	r1, [r2, #0]
2000a22a:	9901      	ldr	r1, [sp, #4]
2000a22c:	3a04      	subs	r2, #4
2000a22e:	6011      	str	r1, [r2, #0]
2000a230:	9a03      	ldr	r2, [sp, #12]
2000a232:	33dc      	adds	r3, #220	@ 0xdc
2000a234:	601a      	str	r2, [r3, #0]
2000a236:	e7c4      	b.n	2000a1c2 <pio_sm_init+0x3a>
2000a238:	01010101 	.word	0x01010101

2000a23c <spi_unreset>:
2000a23c:	4b07      	ldr	r3, [pc, #28]	@ (2000a25c <spi_unreset+0x20>)
2000a23e:	4298      	cmp	r0, r3
2000a240:	d00a      	beq.n	2000a258 <spi_unreset+0x1c>
2000a242:	2310      	movs	r3, #16
2000a244:	2201      	movs	r2, #1
2000a246:	409a      	lsls	r2, r3
2000a248:	4b05      	ldr	r3, [pc, #20]	@ (2000a260 <spi_unreset+0x24>)
2000a24a:	601a      	str	r2, [r3, #0]
2000a24c:	4b05      	ldr	r3, [pc, #20]	@ (2000a264 <spi_unreset+0x28>)
2000a24e:	681b      	ldr	r3, [r3, #0]
2000a250:	0011      	movs	r1, r2
2000a252:	4399      	bics	r1, r3
2000a254:	d1fa      	bne.n	2000a24c <spi_unreset+0x10>
2000a256:	4770      	bx	lr
2000a258:	2311      	movs	r3, #17
2000a25a:	e7f3      	b.n	2000a244 <spi_unreset+0x8>
2000a25c:	40040000 	.word	0x40040000
2000a260:	4000f000 	.word	0x4000f000
2000a264:	4000c008 	.word	0x4000c008

2000a268 <spi_set_baudrate>:
2000a268:	b5f8      	push	{r3, r4, r5, r6, r7, lr}
2000a26a:	46de      	mov	lr, fp
2000a26c:	4657      	mov	r7, sl
2000a26e:	464e      	mov	r6, r9
2000a270:	4645      	mov	r5, r8
2000a272:	b5e0      	push	{r5, r6, r7, lr}
2000a274:	4681      	mov	r9, r0
2000a276:	000e      	movs	r6, r1
2000a278:	2006      	movs	r0, #6
2000a27a:	f7fc fde5 	bl	20006e48 <clock_get_hz>
2000a27e:	4680      	mov	r8, r0
2000a280:	464b      	mov	r3, r9
2000a282:	685a      	ldr	r2, [r3, #4]
2000a284:	2302      	movs	r3, #2
2000a286:	401a      	ands	r2, r3
2000a288:	4692      	mov	sl, r2
2000a28a:	464a      	mov	r2, r9
2000a28c:	3204      	adds	r2, #4
2000a28e:	4693      	mov	fp, r2
2000a290:	4a22      	ldr	r2, [pc, #136]	@ (2000a31c <spi_set_baudrate+0xb4>)
2000a292:	444a      	add	r2, r9
2000a294:	6013      	str	r3, [r2, #0]
2000a296:	2402      	movs	r4, #2
2000a298:	e000      	b.n	2000a29c <spi_set_baudrate+0x34>
2000a29a:	3402      	adds	r4, #2
2000a29c:	2cfe      	cmp	r4, #254	@ 0xfe
2000a29e:	d81a      	bhi.n	2000a2d6 <spi_set_baudrate+0x6e>
2000a2a0:	2500      	movs	r5, #0
2000a2a2:	0220      	lsls	r0, r4, #8
2000a2a4:	0032      	movs	r2, r6
2000a2a6:	2300      	movs	r3, #0
2000a2a8:	2100      	movs	r1, #0
2000a2aa:	f7fd ff91 	bl	200081d0 <__wrap___aeabi_lmul>
2000a2ae:	2900      	cmp	r1, #0
2000a2b0:	d103      	bne.n	2000a2ba <spi_set_baudrate+0x52>
2000a2b2:	42a9      	cmp	r1, r5
2000a2b4:	d1f1      	bne.n	2000a29a <spi_set_baudrate+0x32>
2000a2b6:	4540      	cmp	r0, r8
2000a2b8:	d9ef      	bls.n	2000a29a <spi_set_baudrate+0x32>
2000a2ba:	2780      	movs	r7, #128	@ 0x80
2000a2bc:	007f      	lsls	r7, r7, #1
2000a2be:	2f01      	cmp	r7, #1
2000a2c0:	d90c      	bls.n	2000a2dc <spi_set_baudrate+0x74>
2000a2c2:	1e7d      	subs	r5, r7, #1
2000a2c4:	0021      	movs	r1, r4
2000a2c6:	4369      	muls	r1, r5
2000a2c8:	4640      	mov	r0, r8
2000a2ca:	f7fd f90b 	bl	200074e4 <__wrap___aeabi_uidiv>
2000a2ce:	42b0      	cmp	r0, r6
2000a2d0:	d804      	bhi.n	2000a2dc <spi_set_baudrate+0x74>
2000a2d2:	002f      	movs	r7, r5
2000a2d4:	e7f3      	b.n	2000a2be <spi_set_baudrate+0x56>
2000a2d6:	2780      	movs	r7, #128	@ 0x80
2000a2d8:	007f      	lsls	r7, r7, #1
2000a2da:	e7f0      	b.n	2000a2be <spi_set_baudrate+0x56>
2000a2dc:	464b      	mov	r3, r9
2000a2de:	611c      	str	r4, [r3, #16]
2000a2e0:	1e7a      	subs	r2, r7, #1
2000a2e2:	0212      	lsls	r2, r2, #8
2000a2e4:	681b      	ldr	r3, [r3, #0]
2000a2e6:	405a      	eors	r2, r3
2000a2e8:	23ff      	movs	r3, #255	@ 0xff
2000a2ea:	021b      	lsls	r3, r3, #8
2000a2ec:	401a      	ands	r2, r3
2000a2ee:	2380      	movs	r3, #128	@ 0x80
2000a2f0:	015b      	lsls	r3, r3, #5
2000a2f2:	444b      	add	r3, r9
2000a2f4:	601a      	str	r2, [r3, #0]
2000a2f6:	465b      	mov	r3, fp
2000a2f8:	2280      	movs	r2, #128	@ 0x80
2000a2fa:	0192      	lsls	r2, r2, #6
2000a2fc:	4694      	mov	ip, r2
2000a2fe:	4463      	add	r3, ip
2000a300:	4652      	mov	r2, sl
2000a302:	601a      	str	r2, [r3, #0]
2000a304:	0039      	movs	r1, r7
2000a306:	4361      	muls	r1, r4
2000a308:	4640      	mov	r0, r8
2000a30a:	f7fd f8eb 	bl	200074e4 <__wrap___aeabi_uidiv>
2000a30e:	bcf0      	pop	{r4, r5, r6, r7}
2000a310:	46bb      	mov	fp, r7
2000a312:	46b2      	mov	sl, r6
2000a314:	46a9      	mov	r9, r5
2000a316:	46a0      	mov	r8, r4
2000a318:	bdf8      	pop	{r3, r4, r5, r6, r7, pc}
2000a31a:	46c0      	nop			@ (mov r8, r8)
2000a31c:	00003004 	.word	0x00003004

2000a320 <spi_init>:
2000a320:	b570      	push	{r4, r5, r6, lr}
2000a322:	0004      	movs	r4, r0
2000a324:	000d      	movs	r5, r1
2000a326:	4b16      	ldr	r3, [pc, #88]	@ (2000a380 <spi_init+0x60>)
2000a328:	4298      	cmp	r0, r3
2000a32a:	d026      	beq.n	2000a37a <spi_init+0x5a>
2000a32c:	2210      	movs	r2, #16
2000a32e:	2301      	movs	r3, #1
2000a330:	4093      	lsls	r3, r2
2000a332:	4a14      	ldr	r2, [pc, #80]	@ (2000a384 <spi_init+0x64>)
2000a334:	6013      	str	r3, [r2, #0]
2000a336:	0020      	movs	r0, r4
2000a338:	f7ff ff80 	bl	2000a23c <spi_unreset>
2000a33c:	0029      	movs	r1, r5
2000a33e:	0020      	movs	r0, r4
2000a340:	f7ff ff92 	bl	2000a268 <spi_set_baudrate>
2000a344:	6862      	ldr	r2, [r4, #4]
2000a346:	2302      	movs	r3, #2
2000a348:	401a      	ands	r2, r3
2000a34a:	490f      	ldr	r1, [pc, #60]	@ (2000a388 <spi_init+0x68>)
2000a34c:	1861      	adds	r1, r4, r1
2000a34e:	600b      	str	r3, [r1, #0]
2000a350:	6821      	ldr	r1, [r4, #0]
2000a352:	2507      	movs	r5, #7
2000a354:	404d      	eors	r5, r1
2000a356:	21cf      	movs	r1, #207	@ 0xcf
2000a358:	4029      	ands	r1, r5
2000a35a:	2580      	movs	r5, #128	@ 0x80
2000a35c:	016d      	lsls	r5, r5, #5
2000a35e:	46ac      	mov	ip, r5
2000a360:	44a4      	add	ip, r4
2000a362:	4665      	mov	r5, ip
2000a364:	6029      	str	r1, [r5, #0]
2000a366:	4909      	ldr	r1, [pc, #36]	@ (2000a38c <spi_init+0x6c>)
2000a368:	1861      	adds	r1, r4, r1
2000a36a:	600a      	str	r2, [r1, #0]
2000a36c:	4a08      	ldr	r2, [pc, #32]	@ (2000a390 <spi_init+0x70>)
2000a36e:	4694      	mov	ip, r2
2000a370:	4464      	add	r4, ip
2000a372:	2203      	movs	r2, #3
2000a374:	6022      	str	r2, [r4, #0]
2000a376:	600b      	str	r3, [r1, #0]
2000a378:	bd70      	pop	{r4, r5, r6, pc}
2000a37a:	2211      	movs	r2, #17
2000a37c:	e7d7      	b.n	2000a32e <spi_init+0xe>
2000a37e:	46c0      	nop			@ (mov r8, r8)
2000a380:	40040000 	.word	0x40040000
2000a384:	4000e000 	.word	0x4000e000
2000a388:	00003004 	.word	0x00003004
2000a38c:	00002004 	.word	0x00002004
2000a390:	00002024 	.word	0x00002024

2000a394 <adc_init>:
2000a394:	2301      	movs	r3, #1
2000a396:	4a08      	ldr	r2, [pc, #32]	@ (2000a3b8 <adc_init+0x24>)
2000a398:	6013      	str	r3, [r2, #0]
2000a39a:	4a08      	ldr	r2, [pc, #32]	@ (2000a3bc <adc_init+0x28>)
2000a39c:	6013      	str	r3, [r2, #0]
2000a39e:	4b08      	ldr	r3, [pc, #32]	@ (2000a3c0 <adc_init+0x2c>)
2000a3a0:	681a      	ldr	r2, [r3, #0]
2000a3a2:	2301      	movs	r3, #1
2000a3a4:	4393      	bics	r3, r2
2000a3a6:	d1fa      	bne.n	2000a39e <adc_init+0xa>
2000a3a8:	4b06      	ldr	r3, [pc, #24]	@ (2000a3c4 <adc_init+0x30>)
2000a3aa:	2201      	movs	r2, #1
2000a3ac:	601a      	str	r2, [r3, #0]
2000a3ae:	4b05      	ldr	r3, [pc, #20]	@ (2000a3c4 <adc_init+0x30>)
2000a3b0:	681b      	ldr	r3, [r3, #0]
2000a3b2:	05db      	lsls	r3, r3, #23
2000a3b4:	d5fb      	bpl.n	2000a3ae <adc_init+0x1a>
2000a3b6:	4770      	bx	lr
2000a3b8:	4000e000 	.word	0x4000e000
2000a3bc:	4000f000 	.word	0x4000f000
2000a3c0:	4000c008 	.word	0x4000c008
2000a3c4:	4004c000 	.word	0x4004c000

2000a3c8 <__aeabi_idiv0>:
2000a3c8:	4770      	bx	lr
2000a3ca:	46c0      	nop			@ (mov r8, r8)

2000a3cc <__malloc_lock>:
2000a3cc:	b510      	push	{r4, lr}
2000a3ce:	4802      	ldr	r0, [pc, #8]	@ (2000a3d8 <__malloc_lock+0xc>)
2000a3d0:	f000 fb00 	bl	2000a9d4 <__retarget_lock_acquire_recursive>
2000a3d4:	bd10      	pop	{r4, pc}
2000a3d6:	46c0      	nop			@ (mov r8, r8)
2000a3d8:	2000e250 	.word	0x2000e250

2000a3dc <__malloc_unlock>:
2000a3dc:	b510      	push	{r4, lr}
2000a3de:	4802      	ldr	r0, [pc, #8]	@ (2000a3e8 <__malloc_unlock+0xc>)
2000a3e0:	f000 fafa 	bl	2000a9d8 <__retarget_lock_release_recursive>
2000a3e4:	bd10      	pop	{r4, pc}
2000a3e6:	46c0      	nop			@ (mov r8, r8)
2000a3e8:	2000e250 	.word	0x2000e250

2000a3ec <__sflush_r>:
2000a3ec:	b5f0      	push	{r4, r5, r6, r7, lr}
2000a3ee:	46c6      	mov	lr, r8
2000a3f0:	b500      	push	{lr}
2000a3f2:	220c      	movs	r2, #12
2000a3f4:	5e8b      	ldrsh	r3, [r1, r2]
2000a3f6:	4680      	mov	r8, r0
2000a3f8:	000c      	movs	r4, r1
2000a3fa:	071a      	lsls	r2, r3, #28
2000a3fc:	d454      	bmi.n	2000a4a8 <__sflush_r+0xbc>
2000a3fe:	2180      	movs	r1, #128	@ 0x80
2000a400:	6862      	ldr	r2, [r4, #4]
2000a402:	0109      	lsls	r1, r1, #4
2000a404:	4319      	orrs	r1, r3
2000a406:	81a1      	strh	r1, [r4, #12]
2000a408:	2a00      	cmp	r2, #0
2000a40a:	dc00      	bgt.n	2000a40e <__sflush_r+0x22>
2000a40c:	e06d      	b.n	2000a4ea <__sflush_r+0xfe>
2000a40e:	6aa5      	ldr	r5, [r4, #40]	@ 0x28
2000a410:	2d00      	cmp	r5, #0
2000a412:	d045      	beq.n	2000a4a0 <__sflush_r+0xb4>
2000a414:	4642      	mov	r2, r8
2000a416:	4640      	mov	r0, r8
2000a418:	6816      	ldr	r6, [r2, #0]
2000a41a:	2200      	movs	r2, #0
2000a41c:	6002      	str	r2, [r0, #0]
2000a41e:	04db      	lsls	r3, r3, #19
2000a420:	d468      	bmi.n	2000a4f4 <__sflush_r+0x108>
2000a422:	2200      	movs	r2, #0
2000a424:	2301      	movs	r3, #1
2000a426:	69e1      	ldr	r1, [r4, #28]
2000a428:	47a8      	blx	r5
2000a42a:	0002      	movs	r2, r0
2000a42c:	1c43      	adds	r3, r0, #1
2000a42e:	d100      	bne.n	2000a432 <__sflush_r+0x46>
2000a430:	e06d      	b.n	2000a50e <__sflush_r+0x122>
2000a432:	230c      	movs	r3, #12
2000a434:	5ee1      	ldrsh	r1, [r4, r3]
2000a436:	6aa5      	ldr	r5, [r4, #40]	@ 0x28
2000a438:	0749      	lsls	r1, r1, #29
2000a43a:	d506      	bpl.n	2000a44a <__sflush_r+0x5e>
2000a43c:	6863      	ldr	r3, [r4, #4]
2000a43e:	1ad2      	subs	r2, r2, r3
2000a440:	6b23      	ldr	r3, [r4, #48]	@ 0x30
2000a442:	2b00      	cmp	r3, #0
2000a444:	d001      	beq.n	2000a44a <__sflush_r+0x5e>
2000a446:	6be3      	ldr	r3, [r4, #60]	@ 0x3c
2000a448:	1ad2      	subs	r2, r2, r3
2000a44a:	2300      	movs	r3, #0
2000a44c:	69e1      	ldr	r1, [r4, #28]
2000a44e:	4640      	mov	r0, r8
2000a450:	47a8      	blx	r5
2000a452:	230c      	movs	r3, #12
2000a454:	5ee1      	ldrsh	r1, [r4, r3]
2000a456:	1c43      	adds	r3, r0, #1
2000a458:	d14e      	bne.n	2000a4f8 <__sflush_r+0x10c>
2000a45a:	4643      	mov	r3, r8
2000a45c:	681a      	ldr	r2, [r3, #0]
2000a45e:	2a1d      	cmp	r2, #29
2000a460:	d861      	bhi.n	2000a526 <__sflush_r+0x13a>
2000a462:	4b32      	ldr	r3, [pc, #200]	@ (2000a52c <__sflush_r+0x140>)
2000a464:	40d3      	lsrs	r3, r2
2000a466:	07db      	lsls	r3, r3, #31
2000a468:	d55d      	bpl.n	2000a526 <__sflush_r+0x13a>
2000a46a:	4b31      	ldr	r3, [pc, #196]	@ (2000a530 <__sflush_r+0x144>)
2000a46c:	400b      	ands	r3, r1
2000a46e:	81a3      	strh	r3, [r4, #12]
2000a470:	2300      	movs	r3, #0
2000a472:	6063      	str	r3, [r4, #4]
2000a474:	6923      	ldr	r3, [r4, #16]
2000a476:	6023      	str	r3, [r4, #0]
2000a478:	04c9      	lsls	r1, r1, #19
2000a47a:	d503      	bpl.n	2000a484 <__sflush_r+0x98>
2000a47c:	4643      	mov	r3, r8
2000a47e:	681b      	ldr	r3, [r3, #0]
2000a480:	2b00      	cmp	r3, #0
2000a482:	d042      	beq.n	2000a50a <__sflush_r+0x11e>
2000a484:	4643      	mov	r3, r8
2000a486:	6b21      	ldr	r1, [r4, #48]	@ 0x30
2000a488:	601e      	str	r6, [r3, #0]
2000a48a:	2900      	cmp	r1, #0
2000a48c:	d008      	beq.n	2000a4a0 <__sflush_r+0xb4>
2000a48e:	0023      	movs	r3, r4
2000a490:	3340      	adds	r3, #64	@ 0x40
2000a492:	4299      	cmp	r1, r3
2000a494:	d002      	beq.n	2000a49c <__sflush_r+0xb0>
2000a496:	4640      	mov	r0, r8
2000a498:	f000 fb36 	bl	2000ab08 <_free_r>
2000a49c:	2300      	movs	r3, #0
2000a49e:	6323      	str	r3, [r4, #48]	@ 0x30
2000a4a0:	2000      	movs	r0, #0
2000a4a2:	bc80      	pop	{r7}
2000a4a4:	46b8      	mov	r8, r7
2000a4a6:	bdf0      	pop	{r4, r5, r6, r7, pc}
2000a4a8:	690e      	ldr	r6, [r1, #16]
2000a4aa:	2e00      	cmp	r6, #0
2000a4ac:	d0f8      	beq.n	2000a4a0 <__sflush_r+0xb4>
2000a4ae:	680d      	ldr	r5, [r1, #0]
2000a4b0:	2200      	movs	r2, #0
2000a4b2:	1bad      	subs	r5, r5, r6
2000a4b4:	600e      	str	r6, [r1, #0]
2000a4b6:	079b      	lsls	r3, r3, #30
2000a4b8:	d100      	bne.n	2000a4bc <__sflush_r+0xd0>
2000a4ba:	694a      	ldr	r2, [r1, #20]
2000a4bc:	60a2      	str	r2, [r4, #8]
2000a4be:	2d00      	cmp	r5, #0
2000a4c0:	dc04      	bgt.n	2000a4cc <__sflush_r+0xe0>
2000a4c2:	e7ed      	b.n	2000a4a0 <__sflush_r+0xb4>
2000a4c4:	1836      	adds	r6, r6, r0
2000a4c6:	1a2d      	subs	r5, r5, r0
2000a4c8:	2d00      	cmp	r5, #0
2000a4ca:	dde9      	ble.n	2000a4a0 <__sflush_r+0xb4>
2000a4cc:	002b      	movs	r3, r5
2000a4ce:	0032      	movs	r2, r6
2000a4d0:	4640      	mov	r0, r8
2000a4d2:	69e1      	ldr	r1, [r4, #28]
2000a4d4:	6a67      	ldr	r7, [r4, #36]	@ 0x24
2000a4d6:	47b8      	blx	r7
2000a4d8:	2800      	cmp	r0, #0
2000a4da:	dcf3      	bgt.n	2000a4c4 <__sflush_r+0xd8>
2000a4dc:	2240      	movs	r2, #64	@ 0x40
2000a4de:	89a3      	ldrh	r3, [r4, #12]
2000a4e0:	4313      	orrs	r3, r2
2000a4e2:	2001      	movs	r0, #1
2000a4e4:	81a3      	strh	r3, [r4, #12]
2000a4e6:	4240      	negs	r0, r0
2000a4e8:	e7db      	b.n	2000a4a2 <__sflush_r+0xb6>
2000a4ea:	6be2      	ldr	r2, [r4, #60]	@ 0x3c
2000a4ec:	2a00      	cmp	r2, #0
2000a4ee:	dd00      	ble.n	2000a4f2 <__sflush_r+0x106>
2000a4f0:	e78d      	b.n	2000a40e <__sflush_r+0x22>
2000a4f2:	e7d5      	b.n	2000a4a0 <__sflush_r+0xb4>
2000a4f4:	6d22      	ldr	r2, [r4, #80]	@ 0x50
2000a4f6:	e79f      	b.n	2000a438 <__sflush_r+0x4c>
2000a4f8:	4b0d      	ldr	r3, [pc, #52]	@ (2000a530 <__sflush_r+0x144>)
2000a4fa:	400b      	ands	r3, r1
2000a4fc:	81a3      	strh	r3, [r4, #12]
2000a4fe:	2300      	movs	r3, #0
2000a500:	6063      	str	r3, [r4, #4]
2000a502:	6923      	ldr	r3, [r4, #16]
2000a504:	6023      	str	r3, [r4, #0]
2000a506:	04c9      	lsls	r1, r1, #19
2000a508:	d5bc      	bpl.n	2000a484 <__sflush_r+0x98>
2000a50a:	6520      	str	r0, [r4, #80]	@ 0x50
2000a50c:	e7ba      	b.n	2000a484 <__sflush_r+0x98>
2000a50e:	4643      	mov	r3, r8
2000a510:	681b      	ldr	r3, [r3, #0]
2000a512:	2b00      	cmp	r3, #0
2000a514:	d100      	bne.n	2000a518 <__sflush_r+0x12c>
2000a516:	e78c      	b.n	2000a432 <__sflush_r+0x46>
2000a518:	2b1d      	cmp	r3, #29
2000a51a:	d001      	beq.n	2000a520 <__sflush_r+0x134>
2000a51c:	2b16      	cmp	r3, #22
2000a51e:	d1dd      	bne.n	2000a4dc <__sflush_r+0xf0>
2000a520:	4643      	mov	r3, r8
2000a522:	601e      	str	r6, [r3, #0]
2000a524:	e7bc      	b.n	2000a4a0 <__sflush_r+0xb4>
2000a526:	2340      	movs	r3, #64	@ 0x40
2000a528:	430b      	orrs	r3, r1
2000a52a:	e7da      	b.n	2000a4e2 <__sflush_r+0xf6>
2000a52c:	20400001 	.word	0x20400001
2000a530:	fffff7ff 	.word	0xfffff7ff

2000a534 <_fflush_r>:
2000a534:	b570      	push	{r4, r5, r6, lr}
2000a536:	0005      	movs	r5, r0
2000a538:	000c      	movs	r4, r1
2000a53a:	2800      	cmp	r0, #0
2000a53c:	d002      	beq.n	2000a544 <_fflush_r+0x10>
2000a53e:	6b43      	ldr	r3, [r0, #52]	@ 0x34
2000a540:	2b00      	cmp	r3, #0
2000a542:	d027      	beq.n	2000a594 <_fflush_r+0x60>
2000a544:	220c      	movs	r2, #12
2000a546:	5ea3      	ldrsh	r3, [r4, r2]
2000a548:	2b00      	cmp	r3, #0
2000a54a:	d011      	beq.n	2000a570 <_fflush_r+0x3c>
2000a54c:	6e62      	ldr	r2, [r4, #100]	@ 0x64
2000a54e:	07d2      	lsls	r2, r2, #31
2000a550:	d401      	bmi.n	2000a556 <_fflush_r+0x22>
2000a552:	059b      	lsls	r3, r3, #22
2000a554:	d50e      	bpl.n	2000a574 <_fflush_r+0x40>
2000a556:	0028      	movs	r0, r5
2000a558:	0021      	movs	r1, r4
2000a55a:	f7ff ff47 	bl	2000a3ec <__sflush_r>
2000a55e:	6e63      	ldr	r3, [r4, #100]	@ 0x64
2000a560:	0005      	movs	r5, r0
2000a562:	07db      	lsls	r3, r3, #31
2000a564:	d402      	bmi.n	2000a56c <_fflush_r+0x38>
2000a566:	89a3      	ldrh	r3, [r4, #12]
2000a568:	059b      	lsls	r3, r3, #22
2000a56a:	d50f      	bpl.n	2000a58c <_fflush_r+0x58>
2000a56c:	0028      	movs	r0, r5
2000a56e:	bd70      	pop	{r4, r5, r6, pc}
2000a570:	2500      	movs	r5, #0
2000a572:	e7fb      	b.n	2000a56c <_fflush_r+0x38>
2000a574:	6da0      	ldr	r0, [r4, #88]	@ 0x58
2000a576:	f000 fa2d 	bl	2000a9d4 <__retarget_lock_acquire_recursive>
2000a57a:	0028      	movs	r0, r5
2000a57c:	0021      	movs	r1, r4
2000a57e:	f7ff ff35 	bl	2000a3ec <__sflush_r>
2000a582:	6e63      	ldr	r3, [r4, #100]	@ 0x64
2000a584:	0005      	movs	r5, r0
2000a586:	07db      	lsls	r3, r3, #31
2000a588:	d4f0      	bmi.n	2000a56c <_fflush_r+0x38>
2000a58a:	e7ec      	b.n	2000a566 <_fflush_r+0x32>
2000a58c:	6da0      	ldr	r0, [r4, #88]	@ 0x58
2000a58e:	f000 fa23 	bl	2000a9d8 <__retarget_lock_release_recursive>
2000a592:	e7eb      	b.n	2000a56c <_fflush_r+0x38>
2000a594:	f000 f8f4 	bl	2000a780 <__sinit>
2000a598:	e7d4      	b.n	2000a544 <_fflush_r+0x10>
2000a59a:	46c0      	nop			@ (mov r8, r8)

2000a59c <fflush>:
2000a59c:	b570      	push	{r4, r5, r6, lr}
2000a59e:	1e04      	subs	r4, r0, #0
2000a5a0:	d02a      	beq.n	2000a5f8 <fflush+0x5c>
2000a5a2:	4b19      	ldr	r3, [pc, #100]	@ (2000a608 <fflush+0x6c>)
2000a5a4:	681d      	ldr	r5, [r3, #0]
2000a5a6:	2d00      	cmp	r5, #0
2000a5a8:	d002      	beq.n	2000a5b0 <fflush+0x14>
2000a5aa:	6b6b      	ldr	r3, [r5, #52]	@ 0x34
2000a5ac:	2b00      	cmp	r3, #0
2000a5ae:	d017      	beq.n	2000a5e0 <fflush+0x44>
2000a5b0:	220c      	movs	r2, #12
2000a5b2:	5ea3      	ldrsh	r3, [r4, r2]
2000a5b4:	2b00      	cmp	r3, #0
2000a5b6:	d011      	beq.n	2000a5dc <fflush+0x40>
2000a5b8:	6e62      	ldr	r2, [r4, #100]	@ 0x64
2000a5ba:	07d2      	lsls	r2, r2, #31
2000a5bc:	d401      	bmi.n	2000a5c2 <fflush+0x26>
2000a5be:	059b      	lsls	r3, r3, #22
2000a5c0:	d512      	bpl.n	2000a5e8 <fflush+0x4c>
2000a5c2:	0028      	movs	r0, r5
2000a5c4:	0021      	movs	r1, r4
2000a5c6:	f7ff ff11 	bl	2000a3ec <__sflush_r>
2000a5ca:	6e63      	ldr	r3, [r4, #100]	@ 0x64
2000a5cc:	0005      	movs	r5, r0
2000a5ce:	07db      	lsls	r3, r3, #31
2000a5d0:	d402      	bmi.n	2000a5d8 <fflush+0x3c>
2000a5d2:	89a3      	ldrh	r3, [r4, #12]
2000a5d4:	059b      	lsls	r3, r3, #22
2000a5d6:	d50b      	bpl.n	2000a5f0 <fflush+0x54>
2000a5d8:	0028      	movs	r0, r5
2000a5da:	bd70      	pop	{r4, r5, r6, pc}
2000a5dc:	2500      	movs	r5, #0
2000a5de:	e7fb      	b.n	2000a5d8 <fflush+0x3c>
2000a5e0:	0028      	movs	r0, r5
2000a5e2:	f000 f8cd 	bl	2000a780 <__sinit>
2000a5e6:	e7e3      	b.n	2000a5b0 <fflush+0x14>
2000a5e8:	6da0      	ldr	r0, [r4, #88]	@ 0x58
2000a5ea:	f000 f9f3 	bl	2000a9d4 <__retarget_lock_acquire_recursive>
2000a5ee:	e7e8      	b.n	2000a5c2 <fflush+0x26>
2000a5f0:	6da0      	ldr	r0, [r4, #88]	@ 0x58
2000a5f2:	f000 f9f1 	bl	2000a9d8 <__retarget_lock_release_recursive>
2000a5f6:	e7ef      	b.n	2000a5d8 <fflush+0x3c>
2000a5f8:	4a04      	ldr	r2, [pc, #16]	@ (2000a60c <fflush+0x70>)
2000a5fa:	4905      	ldr	r1, [pc, #20]	@ (2000a610 <fflush+0x74>)
2000a5fc:	4805      	ldr	r0, [pc, #20]	@ (2000a614 <fflush+0x78>)
2000a5fe:	f000 f8eb 	bl	2000a7d8 <_fwalk_sglue>
2000a602:	0005      	movs	r5, r0
2000a604:	e7e8      	b.n	2000a5d8 <fflush+0x3c>
2000a606:	46c0      	nop			@ (mov r8, r8)
2000a608:	2000de74 	.word	0x2000de74
2000a60c:	2000de68 	.word	0x2000de68
2000a610:	2000a535 	.word	0x2000a535
2000a614:	2000de78 	.word	0x2000de78

2000a618 <stdio_exit_handler>:
2000a618:	b510      	push	{r4, lr}
2000a61a:	4a03      	ldr	r2, [pc, #12]	@ (2000a628 <stdio_exit_handler+0x10>)
2000a61c:	4903      	ldr	r1, [pc, #12]	@ (2000a62c <stdio_exit_handler+0x14>)
2000a61e:	4804      	ldr	r0, [pc, #16]	@ (2000a630 <stdio_exit_handler+0x18>)
2000a620:	f000 f8da 	bl	2000a7d8 <_fwalk_sglue>
2000a624:	bd10      	pop	{r4, pc}
2000a626:	46c0      	nop			@ (mov r8, r8)
2000a628:	2000de68 	.word	0x2000de68
2000a62c:	2000acdd 	.word	0x2000acdd
2000a630:	2000de78 	.word	0x2000de78

2000a634 <cleanup_stdio>:
2000a634:	6841      	ldr	r1, [r0, #4]
2000a636:	4b0b      	ldr	r3, [pc, #44]	@ (2000a664 <cleanup_stdio+0x30>)
2000a638:	b510      	push	{r4, lr}
2000a63a:	0004      	movs	r4, r0
2000a63c:	4299      	cmp	r1, r3
2000a63e:	d001      	beq.n	2000a644 <cleanup_stdio+0x10>
2000a640:	f000 fb4c 	bl	2000acdc <_fclose_r>
2000a644:	68a1      	ldr	r1, [r4, #8]
2000a646:	4b08      	ldr	r3, [pc, #32]	@ (2000a668 <cleanup_stdio+0x34>)
2000a648:	4299      	cmp	r1, r3
2000a64a:	d002      	beq.n	2000a652 <cleanup_stdio+0x1e>
2000a64c:	0020      	movs	r0, r4
2000a64e:	f000 fb45 	bl	2000acdc <_fclose_r>
2000a652:	68e1      	ldr	r1, [r4, #12]
2000a654:	4b05      	ldr	r3, [pc, #20]	@ (2000a66c <cleanup_stdio+0x38>)
2000a656:	4299      	cmp	r1, r3
2000a658:	d002      	beq.n	2000a660 <cleanup_stdio+0x2c>
2000a65a:	0020      	movs	r0, r4
2000a65c:	f000 fb3e 	bl	2000acdc <_fclose_r>
2000a660:	bd10      	pop	{r4, pc}
2000a662:	46c0      	nop			@ (mov r8, r8)
2000a664:	2000e284 	.word	0x2000e284
2000a668:	2000e2ec 	.word	0x2000e2ec
2000a66c:	2000e354 	.word	0x2000e354

2000a670 <global_stdio_init.part.0>:
2000a670:	b5f0      	push	{r4, r5, r6, r7, lr}
2000a672:	4c3a      	ldr	r4, [pc, #232]	@ (2000a75c <global_stdio_init.part.0+0xec>)
2000a674:	4b3a      	ldr	r3, [pc, #232]	@ (2000a760 <global_stdio_init.part.0+0xf0>)
2000a676:	4a3b      	ldr	r2, [pc, #236]	@ (2000a764 <global_stdio_init.part.0+0xf4>)
2000a678:	0020      	movs	r0, r4
2000a67a:	b083      	sub	sp, #12
2000a67c:	2500      	movs	r5, #0
2000a67e:	601a      	str	r2, [r3, #0]
2000a680:	2304      	movs	r3, #4
2000a682:	2208      	movs	r2, #8
2000a684:	2100      	movs	r1, #0
2000a686:	305c      	adds	r0, #92	@ 0x5c
2000a688:	60e3      	str	r3, [r4, #12]
2000a68a:	6025      	str	r5, [r4, #0]
2000a68c:	6065      	str	r5, [r4, #4]
2000a68e:	60a5      	str	r5, [r4, #8]
2000a690:	6665      	str	r5, [r4, #100]	@ 0x64
2000a692:	6125      	str	r5, [r4, #16]
2000a694:	6165      	str	r5, [r4, #20]
2000a696:	61a5      	str	r5, [r4, #24]
2000a698:	f7fd fed2 	bl	20008440 <__wrap_memset>
2000a69c:	0020      	movs	r0, r4
2000a69e:	4f32      	ldr	r7, [pc, #200]	@ (2000a768 <global_stdio_init.part.0+0xf8>)
2000a6a0:	4e32      	ldr	r6, [pc, #200]	@ (2000a76c <global_stdio_init.part.0+0xfc>)
2000a6a2:	4b33      	ldr	r3, [pc, #204]	@ (2000a770 <global_stdio_init.part.0+0x100>)
2000a6a4:	4933      	ldr	r1, [pc, #204]	@ (2000a774 <global_stdio_init.part.0+0x104>)
2000a6a6:	3058      	adds	r0, #88	@ 0x58
2000a6a8:	9300      	str	r3, [sp, #0]
2000a6aa:	6223      	str	r3, [r4, #32]
2000a6ac:	9101      	str	r1, [sp, #4]
2000a6ae:	6261      	str	r1, [r4, #36]	@ 0x24
2000a6b0:	61e4      	str	r4, [r4, #28]
2000a6b2:	62a7      	str	r7, [r4, #40]	@ 0x28
2000a6b4:	62e6      	str	r6, [r4, #44]	@ 0x2c
2000a6b6:	f000 f989 	bl	2000a9cc <__retarget_lock_init_recursive>
2000a6ba:	23cc      	movs	r3, #204	@ 0xcc
2000a6bc:	50e5      	str	r5, [r4, r3]
2000a6be:	4b2e      	ldr	r3, [pc, #184]	@ (2000a778 <global_stdio_init.part.0+0x108>)
2000a6c0:	0020      	movs	r0, r4
2000a6c2:	6763      	str	r3, [r4, #116]	@ 0x74
2000a6c4:	2380      	movs	r3, #128	@ 0x80
2000a6c6:	2208      	movs	r2, #8
2000a6c8:	2100      	movs	r1, #0
2000a6ca:	30c4      	adds	r0, #196	@ 0xc4
2000a6cc:	50e5      	str	r5, [r4, r3]
2000a6ce:	66a5      	str	r5, [r4, #104]	@ 0x68
2000a6d0:	66e5      	str	r5, [r4, #108]	@ 0x6c
2000a6d2:	6725      	str	r5, [r4, #112]	@ 0x70
2000a6d4:	67a5      	str	r5, [r4, #120]	@ 0x78
2000a6d6:	67e5      	str	r5, [r4, #124]	@ 0x7c
2000a6d8:	f7fd feb2 	bl	20008440 <__wrap_memset>
2000a6dc:	0022      	movs	r2, r4
2000a6de:	2384      	movs	r3, #132	@ 0x84
2000a6e0:	0020      	movs	r0, r4
2000a6e2:	3268      	adds	r2, #104	@ 0x68
2000a6e4:	50e2      	str	r2, [r4, r3]
2000a6e6:	9a00      	ldr	r2, [sp, #0]
2000a6e8:	9901      	ldr	r1, [sp, #4]
2000a6ea:	3304      	adds	r3, #4
2000a6ec:	50e2      	str	r2, [r4, r3]
2000a6ee:	3304      	adds	r3, #4
2000a6f0:	50e1      	str	r1, [r4, r3]
2000a6f2:	3304      	adds	r3, #4
2000a6f4:	50e7      	str	r7, [r4, r3]
2000a6f6:	30c0      	adds	r0, #192	@ 0xc0
2000a6f8:	3304      	adds	r3, #4
2000a6fa:	50e6      	str	r6, [r4, r3]
2000a6fc:	f000 f966 	bl	2000a9cc <__retarget_lock_init_recursive>
2000a700:	23d0      	movs	r3, #208	@ 0xd0
2000a702:	0020      	movs	r0, r4
2000a704:	50e5      	str	r5, [r4, r3]
2000a706:	3304      	adds	r3, #4
2000a708:	50e5      	str	r5, [r4, r3]
2000a70a:	3304      	adds	r3, #4
2000a70c:	50e5      	str	r5, [r4, r3]
2000a70e:	4a1b      	ldr	r2, [pc, #108]	@ (2000a77c <global_stdio_init.part.0+0x10c>)
2000a710:	335c      	adds	r3, #92	@ 0x5c
2000a712:	50e5      	str	r5, [r4, r3]
2000a714:	3b58      	subs	r3, #88	@ 0x58
2000a716:	50e2      	str	r2, [r4, r3]
2000a718:	3304      	adds	r3, #4
2000a71a:	50e5      	str	r5, [r4, r3]
2000a71c:	302d      	adds	r0, #45	@ 0x2d
2000a71e:	3304      	adds	r3, #4
2000a720:	50e5      	str	r5, [r4, r3]
2000a722:	2208      	movs	r2, #8
2000a724:	3304      	adds	r3, #4
2000a726:	2100      	movs	r1, #0
2000a728:	30ff      	adds	r0, #255	@ 0xff
2000a72a:	50e5      	str	r5, [r4, r3]
2000a72c:	f7fd fe88 	bl	20008440 <__wrap_memset>
2000a730:	0020      	movs	r0, r4
2000a732:	23ec      	movs	r3, #236	@ 0xec
2000a734:	30d0      	adds	r0, #208	@ 0xd0
2000a736:	50e0      	str	r0, [r4, r3]
2000a738:	0020      	movs	r0, r4
2000a73a:	9a00      	ldr	r2, [sp, #0]
2000a73c:	9901      	ldr	r1, [sp, #4]
2000a73e:	3304      	adds	r3, #4
2000a740:	50e2      	str	r2, [r4, r3]
2000a742:	3304      	adds	r3, #4
2000a744:	50e1      	str	r1, [r4, r3]
2000a746:	3029      	adds	r0, #41	@ 0x29
2000a748:	3304      	adds	r3, #4
2000a74a:	50e7      	str	r7, [r4, r3]
2000a74c:	30ff      	adds	r0, #255	@ 0xff
2000a74e:	3304      	adds	r3, #4
2000a750:	50e6      	str	r6, [r4, r3]
2000a752:	f000 f93b 	bl	2000a9cc <__retarget_lock_init_recursive>
2000a756:	b003      	add	sp, #12
2000a758:	bdf0      	pop	{r4, r5, r6, r7, pc}
2000a75a:	46c0      	nop			@ (mov r8, r8)
2000a75c:	2000e284 	.word	0x2000e284
2000a760:	2000e3bc 	.word	0x2000e3bc
2000a764:	2000a619 	.word	0x2000a619
2000a768:	2000a885 	.word	0x2000a885
2000a76c:	2000a8b1 	.word	0x2000a8b1
2000a770:	2000a81d 	.word	0x2000a81d
2000a774:	2000a845 	.word	0x2000a845
2000a778:	00010009 	.word	0x00010009
2000a77c:	00020012 	.word	0x00020012

2000a780 <__sinit>:
2000a780:	b570      	push	{r4, r5, r6, lr}
2000a782:	0005      	movs	r5, r0
2000a784:	4c09      	ldr	r4, [pc, #36]	@ (2000a7ac <__sinit+0x2c>)
2000a786:	0020      	movs	r0, r4
2000a788:	f000 f924 	bl	2000a9d4 <__retarget_lock_acquire_recursive>
2000a78c:	6b6b      	ldr	r3, [r5, #52]	@ 0x34
2000a78e:	2b00      	cmp	r3, #0
2000a790:	d105      	bne.n	2000a79e <__sinit+0x1e>
2000a792:	4b07      	ldr	r3, [pc, #28]	@ (2000a7b0 <__sinit+0x30>)
2000a794:	636b      	str	r3, [r5, #52]	@ 0x34
2000a796:	4b07      	ldr	r3, [pc, #28]	@ (2000a7b4 <__sinit+0x34>)
2000a798:	681b      	ldr	r3, [r3, #0]
2000a79a:	2b00      	cmp	r3, #0
2000a79c:	d003      	beq.n	2000a7a6 <__sinit+0x26>
2000a79e:	0020      	movs	r0, r4
2000a7a0:	f000 f91a 	bl	2000a9d8 <__retarget_lock_release_recursive>
2000a7a4:	bd70      	pop	{r4, r5, r6, pc}
2000a7a6:	f7ff ff63 	bl	2000a670 <global_stdio_init.part.0>
2000a7aa:	e7f8      	b.n	2000a79e <__sinit+0x1e>
2000a7ac:	2000e254 	.word	0x2000e254
2000a7b0:	2000a635 	.word	0x2000a635
2000a7b4:	2000e3bc 	.word	0x2000e3bc

2000a7b8 <__sfp_lock_acquire>:
2000a7b8:	b510      	push	{r4, lr}
2000a7ba:	4802      	ldr	r0, [pc, #8]	@ (2000a7c4 <__sfp_lock_acquire+0xc>)
2000a7bc:	f000 f90a 	bl	2000a9d4 <__retarget_lock_acquire_recursive>
2000a7c0:	bd10      	pop	{r4, pc}
2000a7c2:	46c0      	nop			@ (mov r8, r8)
2000a7c4:	2000e254 	.word	0x2000e254

2000a7c8 <__sfp_lock_release>:
2000a7c8:	b510      	push	{r4, lr}
2000a7ca:	4802      	ldr	r0, [pc, #8]	@ (2000a7d4 <__sfp_lock_release+0xc>)
2000a7cc:	f000 f904 	bl	2000a9d8 <__retarget_lock_release_recursive>
2000a7d0:	bd10      	pop	{r4, pc}
2000a7d2:	46c0      	nop			@ (mov r8, r8)
2000a7d4:	2000e254 	.word	0x2000e254

2000a7d8 <_fwalk_sglue>:
2000a7d8:	b5f8      	push	{r3, r4, r5, r6, r7, lr}
2000a7da:	4647      	mov	r7, r8
2000a7dc:	46ce      	mov	lr, r9
2000a7de:	4688      	mov	r8, r1
2000a7e0:	b580      	push	{r7, lr}
2000a7e2:	4681      	mov	r9, r0
2000a7e4:	0017      	movs	r7, r2
2000a7e6:	2600      	movs	r6, #0
2000a7e8:	687d      	ldr	r5, [r7, #4]
2000a7ea:	3d01      	subs	r5, #1
2000a7ec:	d40e      	bmi.n	2000a80c <_fwalk_sglue+0x34>
2000a7ee:	68bc      	ldr	r4, [r7, #8]
2000a7f0:	89a3      	ldrh	r3, [r4, #12]
2000a7f2:	2b01      	cmp	r3, #1
2000a7f4:	d907      	bls.n	2000a806 <_fwalk_sglue+0x2e>
2000a7f6:	220e      	movs	r2, #14
2000a7f8:	5ea3      	ldrsh	r3, [r4, r2]
2000a7fa:	3301      	adds	r3, #1
2000a7fc:	d003      	beq.n	2000a806 <_fwalk_sglue+0x2e>
2000a7fe:	0021      	movs	r1, r4
2000a800:	4648      	mov	r0, r9
2000a802:	47c0      	blx	r8
2000a804:	4306      	orrs	r6, r0
2000a806:	3468      	adds	r4, #104	@ 0x68
2000a808:	3d01      	subs	r5, #1
2000a80a:	d2f1      	bcs.n	2000a7f0 <_fwalk_sglue+0x18>
2000a80c:	683f      	ldr	r7, [r7, #0]
2000a80e:	2f00      	cmp	r7, #0
2000a810:	d1ea      	bne.n	2000a7e8 <_fwalk_sglue+0x10>
2000a812:	0030      	movs	r0, r6
2000a814:	bcc0      	pop	{r6, r7}
2000a816:	46b9      	mov	r9, r7
2000a818:	46b0      	mov	r8, r6
2000a81a:	bdf8      	pop	{r3, r4, r5, r6, r7, pc}

2000a81c <__sread>:
2000a81c:	b570      	push	{r4, r5, r6, lr}
2000a81e:	000c      	movs	r4, r1
2000a820:	250e      	movs	r5, #14
2000a822:	5f49      	ldrsh	r1, [r1, r5]
2000a824:	f000 f892 	bl	2000a94c <_read_r>
2000a828:	2800      	cmp	r0, #0
2000a82a:	db03      	blt.n	2000a834 <__sread+0x18>
2000a82c:	6d23      	ldr	r3, [r4, #80]	@ 0x50
2000a82e:	181b      	adds	r3, r3, r0
2000a830:	6523      	str	r3, [r4, #80]	@ 0x50
2000a832:	bd70      	pop	{r4, r5, r6, pc}
2000a834:	89a3      	ldrh	r3, [r4, #12]
2000a836:	4a02      	ldr	r2, [pc, #8]	@ (2000a840 <__sread+0x24>)
2000a838:	4013      	ands	r3, r2
2000a83a:	81a3      	strh	r3, [r4, #12]
2000a83c:	e7f9      	b.n	2000a832 <__sread+0x16>
2000a83e:	46c0      	nop			@ (mov r8, r8)
2000a840:	ffffefff 	.word	0xffffefff

2000a844 <__swrite>:
2000a844:	b5f8      	push	{r3, r4, r5, r6, r7, lr}
2000a846:	0016      	movs	r6, r2
2000a848:	001f      	movs	r7, r3
2000a84a:	220c      	movs	r2, #12
2000a84c:	5e8b      	ldrsh	r3, [r1, r2]
2000a84e:	0005      	movs	r5, r0
2000a850:	000c      	movs	r4, r1
2000a852:	05da      	lsls	r2, r3, #23
2000a854:	d40a      	bmi.n	2000a86c <__swrite+0x28>
2000a856:	4a0a      	ldr	r2, [pc, #40]	@ (2000a880 <__swrite+0x3c>)
2000a858:	0028      	movs	r0, r5
2000a85a:	4013      	ands	r3, r2
2000a85c:	81a3      	strh	r3, [r4, #12]
2000a85e:	0032      	movs	r2, r6
2000a860:	230e      	movs	r3, #14
2000a862:	5ee1      	ldrsh	r1, [r4, r3]
2000a864:	003b      	movs	r3, r7
2000a866:	f000 f897 	bl	2000a998 <_write_r>
2000a86a:	bdf8      	pop	{r3, r4, r5, r6, r7, pc}
2000a86c:	2200      	movs	r2, #0
2000a86e:	230e      	movs	r3, #14
2000a870:	5ec9      	ldrsh	r1, [r1, r3]
2000a872:	2302      	movs	r3, #2
2000a874:	f000 f856 	bl	2000a924 <_lseek_r>
2000a878:	220c      	movs	r2, #12
2000a87a:	5ea3      	ldrsh	r3, [r4, r2]
2000a87c:	e7eb      	b.n	2000a856 <__swrite+0x12>
2000a87e:	46c0      	nop			@ (mov r8, r8)
2000a880:	ffffefff 	.word	0xffffefff

2000a884 <__sseek>:
2000a884:	b570      	push	{r4, r5, r6, lr}
2000a886:	000c      	movs	r4, r1
2000a888:	250e      	movs	r5, #14
2000a88a:	5f49      	ldrsh	r1, [r1, r5]
2000a88c:	f000 f84a 	bl	2000a924 <_lseek_r>
2000a890:	220c      	movs	r2, #12
2000a892:	5ea3      	ldrsh	r3, [r4, r2]
2000a894:	1c42      	adds	r2, r0, #1
2000a896:	d005      	beq.n	2000a8a4 <__sseek+0x20>
2000a898:	2280      	movs	r2, #128	@ 0x80
2000a89a:	0152      	lsls	r2, r2, #5
2000a89c:	4313      	orrs	r3, r2
2000a89e:	6520      	str	r0, [r4, #80]	@ 0x50
2000a8a0:	81a3      	strh	r3, [r4, #12]
2000a8a2:	bd70      	pop	{r4, r5, r6, pc}
2000a8a4:	4a01      	ldr	r2, [pc, #4]	@ (2000a8ac <__sseek+0x28>)
2000a8a6:	4013      	ands	r3, r2
2000a8a8:	e7fa      	b.n	2000a8a0 <__sseek+0x1c>
2000a8aa:	46c0      	nop			@ (mov r8, r8)
2000a8ac:	ffffefff 	.word	0xffffefff

2000a8b0 <__sclose>:
2000a8b0:	b510      	push	{r4, lr}
2000a8b2:	230e      	movs	r3, #14
2000a8b4:	5ec9      	ldrsh	r1, [r1, r3]
2000a8b6:	f000 f823 	bl	2000a900 <_close_r>
2000a8ba:	bd10      	pop	{r4, pc}

2000a8bc <memcmp>:
2000a8bc:	b530      	push	{r4, r5, lr}
2000a8be:	0004      	movs	r4, r0
2000a8c0:	2a03      	cmp	r2, #3
2000a8c2:	d918      	bls.n	2000a8f6 <memcmp+0x3a>
2000a8c4:	000b      	movs	r3, r1
2000a8c6:	4303      	orrs	r3, r0
2000a8c8:	079b      	lsls	r3, r3, #30
2000a8ca:	d00b      	beq.n	2000a8e4 <memcmp+0x28>
2000a8cc:	2300      	movs	r3, #0
2000a8ce:	3a01      	subs	r2, #1
2000a8d0:	e002      	b.n	2000a8d8 <memcmp+0x1c>
2000a8d2:	429a      	cmp	r2, r3
2000a8d4:	d011      	beq.n	2000a8fa <memcmp+0x3e>
2000a8d6:	3301      	adds	r3, #1
2000a8d8:	5ce0      	ldrb	r0, [r4, r3]
2000a8da:	5ccd      	ldrb	r5, [r1, r3]
2000a8dc:	42a8      	cmp	r0, r5
2000a8de:	d0f8      	beq.n	2000a8d2 <memcmp+0x16>
2000a8e0:	1b40      	subs	r0, r0, r5
2000a8e2:	e00b      	b.n	2000a8fc <memcmp+0x40>
2000a8e4:	6820      	ldr	r0, [r4, #0]
2000a8e6:	680b      	ldr	r3, [r1, #0]
2000a8e8:	4298      	cmp	r0, r3
2000a8ea:	d1ef      	bne.n	2000a8cc <memcmp+0x10>
2000a8ec:	3a04      	subs	r2, #4
2000a8ee:	3404      	adds	r4, #4
2000a8f0:	3104      	adds	r1, #4
2000a8f2:	2a03      	cmp	r2, #3
2000a8f4:	d8f6      	bhi.n	2000a8e4 <memcmp+0x28>
2000a8f6:	2a00      	cmp	r2, #0
2000a8f8:	d1e8      	bne.n	2000a8cc <memcmp+0x10>
2000a8fa:	2000      	movs	r0, #0
2000a8fc:	bd30      	pop	{r4, r5, pc}
2000a8fe:	46c0      	nop			@ (mov r8, r8)

2000a900 <_close_r>:
2000a900:	2300      	movs	r3, #0
2000a902:	b570      	push	{r4, r5, r6, lr}
2000a904:	4c06      	ldr	r4, [pc, #24]	@ (2000a920 <_close_r+0x20>)
2000a906:	0005      	movs	r5, r0
2000a908:	0008      	movs	r0, r1
2000a90a:	6023      	str	r3, [r4, #0]
2000a90c:	f7fe ff07 	bl	2000971e <_close>
2000a910:	1c43      	adds	r3, r0, #1
2000a912:	d000      	beq.n	2000a916 <_close_r+0x16>
2000a914:	bd70      	pop	{r4, r5, r6, pc}
2000a916:	6823      	ldr	r3, [r4, #0]
2000a918:	2b00      	cmp	r3, #0
2000a91a:	d0fb      	beq.n	2000a914 <_close_r+0x14>
2000a91c:	602b      	str	r3, [r5, #0]
2000a91e:	e7f9      	b.n	2000a914 <_close_r+0x14>
2000a920:	2000fce8 	.word	0x2000fce8

2000a924 <_lseek_r>:
2000a924:	b570      	push	{r4, r5, r6, lr}
2000a926:	0005      	movs	r5, r0
2000a928:	0008      	movs	r0, r1
2000a92a:	0011      	movs	r1, r2
2000a92c:	2200      	movs	r2, #0
2000a92e:	4c06      	ldr	r4, [pc, #24]	@ (2000a948 <_lseek_r+0x24>)
2000a930:	6022      	str	r2, [r4, #0]
2000a932:	001a      	movs	r2, r3
2000a934:	f7fe fef6 	bl	20009724 <_lseek>
2000a938:	1c43      	adds	r3, r0, #1
2000a93a:	d000      	beq.n	2000a93e <_lseek_r+0x1a>
2000a93c:	bd70      	pop	{r4, r5, r6, pc}
2000a93e:	6823      	ldr	r3, [r4, #0]
2000a940:	2b00      	cmp	r3, #0
2000a942:	d0fb      	beq.n	2000a93c <_lseek_r+0x18>
2000a944:	602b      	str	r3, [r5, #0]
2000a946:	e7f9      	b.n	2000a93c <_lseek_r+0x18>
2000a948:	2000fce8 	.word	0x2000fce8

2000a94c <_read_r>:
2000a94c:	b570      	push	{r4, r5, r6, lr}
2000a94e:	0005      	movs	r5, r0
2000a950:	0008      	movs	r0, r1
2000a952:	0011      	movs	r1, r2
2000a954:	2200      	movs	r2, #0
2000a956:	4c06      	ldr	r4, [pc, #24]	@ (2000a970 <_read_r+0x24>)
2000a958:	6022      	str	r2, [r4, #0]
2000a95a:	001a      	movs	r2, r3
2000a95c:	f7fe febe 	bl	200096dc <_read>
2000a960:	1c43      	adds	r3, r0, #1
2000a962:	d000      	beq.n	2000a966 <_read_r+0x1a>
2000a964:	bd70      	pop	{r4, r5, r6, pc}
2000a966:	6823      	ldr	r3, [r4, #0]
2000a968:	2b00      	cmp	r3, #0
2000a96a:	d0fb      	beq.n	2000a964 <_read_r+0x18>
2000a96c:	602b      	str	r3, [r5, #0]
2000a96e:	e7f9      	b.n	2000a964 <_read_r+0x18>
2000a970:	2000fce8 	.word	0x2000fce8

2000a974 <_sbrk_r>:
2000a974:	2300      	movs	r3, #0
2000a976:	b570      	push	{r4, r5, r6, lr}
2000a978:	4c06      	ldr	r4, [pc, #24]	@ (2000a994 <_sbrk_r+0x20>)
2000a97a:	0005      	movs	r5, r0
2000a97c:	0008      	movs	r0, r1
2000a97e:	6023      	str	r3, [r4, #0]
2000a980:	f7fe fe90 	bl	200096a4 <_sbrk>
2000a984:	1c43      	adds	r3, r0, #1
2000a986:	d000      	beq.n	2000a98a <_sbrk_r+0x16>
2000a988:	bd70      	pop	{r4, r5, r6, pc}
2000a98a:	6823      	ldr	r3, [r4, #0]
2000a98c:	2b00      	cmp	r3, #0
2000a98e:	d0fb      	beq.n	2000a988 <_sbrk_r+0x14>
2000a990:	602b      	str	r3, [r5, #0]
2000a992:	e7f9      	b.n	2000a988 <_sbrk_r+0x14>
2000a994:	2000fce8 	.word	0x2000fce8

2000a998 <_write_r>:
2000a998:	b570      	push	{r4, r5, r6, lr}
2000a99a:	0005      	movs	r5, r0
2000a99c:	0008      	movs	r0, r1
2000a99e:	0011      	movs	r1, r2
2000a9a0:	2200      	movs	r2, #0
2000a9a2:	4c06      	ldr	r4, [pc, #24]	@ (2000a9bc <_write_r+0x24>)
2000a9a4:	6022      	str	r2, [r4, #0]
2000a9a6:	001a      	movs	r2, r3
2000a9a8:	f7fe fea8 	bl	200096fc <_write>
2000a9ac:	1c43      	adds	r3, r0, #1
2000a9ae:	d000      	beq.n	2000a9b2 <_write_r+0x1a>
2000a9b0:	bd70      	pop	{r4, r5, r6, pc}
2000a9b2:	6823      	ldr	r3, [r4, #0]
2000a9b4:	2b00      	cmp	r3, #0
2000a9b6:	d0fb      	beq.n	2000a9b0 <_write_r+0x18>
2000a9b8:	602b      	str	r3, [r5, #0]
2000a9ba:	e7f9      	b.n	2000a9b0 <_write_r+0x18>
2000a9bc:	2000fce8 	.word	0x2000fce8

2000a9c0 <__errno>:
2000a9c0:	4b01      	ldr	r3, [pc, #4]	@ (2000a9c8 <__errno+0x8>)
2000a9c2:	6818      	ldr	r0, [r3, #0]
2000a9c4:	4770      	bx	lr
2000a9c6:	46c0      	nop			@ (mov r8, r8)
2000a9c8:	2000de74 	.word	0x2000de74

2000a9cc <__retarget_lock_init_recursive>:
2000a9cc:	4770      	bx	lr
2000a9ce:	46c0      	nop			@ (mov r8, r8)

2000a9d0 <__retarget_lock_close_recursive>:
2000a9d0:	4770      	bx	lr
2000a9d2:	46c0      	nop			@ (mov r8, r8)

2000a9d4 <__retarget_lock_acquire_recursive>:
2000a9d4:	4770      	bx	lr
2000a9d6:	46c0      	nop			@ (mov r8, r8)

2000a9d8 <__retarget_lock_release_recursive>:
2000a9d8:	4770      	bx	lr
2000a9da:	46c0      	nop			@ (mov r8, r8)

2000a9dc <sysconf>:
2000a9dc:	2380      	movs	r3, #128	@ 0x80
2000a9de:	b510      	push	{r4, lr}
2000a9e0:	015b      	lsls	r3, r3, #5
2000a9e2:	2808      	cmp	r0, #8
2000a9e4:	d101      	bne.n	2000a9ea <sysconf+0xe>
2000a9e6:	0018      	movs	r0, r3
2000a9e8:	bd10      	pop	{r4, pc}
2000a9ea:	f7ff ffe9 	bl	2000a9c0 <__errno>
2000a9ee:	2316      	movs	r3, #22
2000a9f0:	6003      	str	r3, [r0, #0]
2000a9f2:	3b17      	subs	r3, #23
2000a9f4:	e7f7      	b.n	2000a9e6 <sysconf+0xa>
2000a9f6:	46c0      	nop			@ (mov r8, r8)

2000a9f8 <strlen>:
2000a9f8:	0003      	movs	r3, r0
2000a9fa:	4684      	mov	ip, r0
2000a9fc:	079b      	lsls	r3, r3, #30
2000a9fe:	d00b      	beq.n	2000aa18 <strlen+0x20>
2000aa00:	0003      	movs	r3, r0
2000aa02:	2103      	movs	r1, #3
2000aa04:	e002      	b.n	2000aa0c <strlen+0x14>
2000aa06:	3301      	adds	r3, #1
2000aa08:	420b      	tst	r3, r1
2000aa0a:	d006      	beq.n	2000aa1a <strlen+0x22>
2000aa0c:	781a      	ldrb	r2, [r3, #0]
2000aa0e:	2a00      	cmp	r2, #0
2000aa10:	d1f9      	bne.n	2000aa06 <strlen+0xe>
2000aa12:	4662      	mov	r2, ip
2000aa14:	1a98      	subs	r0, r3, r2
2000aa16:	4770      	bx	lr
2000aa18:	0003      	movs	r3, r0
2000aa1a:	6819      	ldr	r1, [r3, #0]
2000aa1c:	4a0c      	ldr	r2, [pc, #48]	@ (2000aa50 <strlen+0x58>)
2000aa1e:	480d      	ldr	r0, [pc, #52]	@ (2000aa54 <strlen+0x5c>)
2000aa20:	188a      	adds	r2, r1, r2
2000aa22:	438a      	bics	r2, r1
2000aa24:	4202      	tst	r2, r0
2000aa26:	d10f      	bne.n	2000aa48 <strlen+0x50>
2000aa28:	6859      	ldr	r1, [r3, #4]
2000aa2a:	4a09      	ldr	r2, [pc, #36]	@ (2000aa50 <strlen+0x58>)
2000aa2c:	3304      	adds	r3, #4
2000aa2e:	188a      	adds	r2, r1, r2
2000aa30:	438a      	bics	r2, r1
2000aa32:	4202      	tst	r2, r0
2000aa34:	d108      	bne.n	2000aa48 <strlen+0x50>
2000aa36:	6859      	ldr	r1, [r3, #4]
2000aa38:	4a05      	ldr	r2, [pc, #20]	@ (2000aa50 <strlen+0x58>)
2000aa3a:	3304      	adds	r3, #4
2000aa3c:	188a      	adds	r2, r1, r2
2000aa3e:	438a      	bics	r2, r1
2000aa40:	4202      	tst	r2, r0
2000aa42:	d0f1      	beq.n	2000aa28 <strlen+0x30>
2000aa44:	e000      	b.n	2000aa48 <strlen+0x50>
2000aa46:	3301      	adds	r3, #1
2000aa48:	781a      	ldrb	r2, [r3, #0]
2000aa4a:	2a00      	cmp	r2, #0
2000aa4c:	d1fb      	bne.n	2000aa46 <strlen+0x4e>
2000aa4e:	e7e0      	b.n	2000aa12 <strlen+0x1a>
2000aa50:	fefefeff 	.word	0xfefefeff
2000aa54:	80808080 	.word	0x80808080

2000aa58 <_malloc_trim_r>:
2000aa58:	b5f0      	push	{r4, r5, r6, r7, lr}
2000aa5a:	46c6      	mov	lr, r8
2000aa5c:	0005      	movs	r5, r0
2000aa5e:	b500      	push	{lr}
2000aa60:	4680      	mov	r8, r0
2000aa62:	2008      	movs	r0, #8
2000aa64:	000c      	movs	r4, r1
2000aa66:	f7ff ffb9 	bl	2000a9dc <sysconf>
2000aa6a:	0006      	movs	r6, r0
2000aa6c:	0028      	movs	r0, r5
2000aa6e:	f7ff fcad 	bl	2000a3cc <__malloc_lock>
2000aa72:	4f22      	ldr	r7, [pc, #136]	@ (2000aafc <_malloc_trim_r+0xa4>)
2000aa74:	0031      	movs	r1, r6
2000aa76:	68bb      	ldr	r3, [r7, #8]
2000aa78:	685d      	ldr	r5, [r3, #4]
2000aa7a:	2303      	movs	r3, #3
2000aa7c:	439d      	bics	r5, r3
2000aa7e:	0028      	movs	r0, r5
2000aa80:	3811      	subs	r0, #17
2000aa82:	1b00      	subs	r0, r0, r4
2000aa84:	1980      	adds	r0, r0, r6
2000aa86:	f7fc fd2d 	bl	200074e4 <__wrap___aeabi_uidiv>
2000aa8a:	1e44      	subs	r4, r0, #1
2000aa8c:	4374      	muls	r4, r6
2000aa8e:	42a6      	cmp	r6, r4
2000aa90:	dc07      	bgt.n	2000aaa2 <_malloc_trim_r+0x4a>
2000aa92:	2100      	movs	r1, #0
2000aa94:	4640      	mov	r0, r8
2000aa96:	f7ff ff6d 	bl	2000a974 <_sbrk_r>
2000aa9a:	68bb      	ldr	r3, [r7, #8]
2000aa9c:	195b      	adds	r3, r3, r5
2000aa9e:	4298      	cmp	r0, r3
2000aaa0:	d006      	beq.n	2000aab0 <_malloc_trim_r+0x58>
2000aaa2:	4640      	mov	r0, r8
2000aaa4:	f7ff fc9a 	bl	2000a3dc <__malloc_unlock>
2000aaa8:	2000      	movs	r0, #0
2000aaaa:	bc80      	pop	{r7}
2000aaac:	46b8      	mov	r8, r7
2000aaae:	bdf0      	pop	{r4, r5, r6, r7, pc}
2000aab0:	4640      	mov	r0, r8
2000aab2:	4261      	negs	r1, r4
2000aab4:	f7ff ff5e 	bl	2000a974 <_sbrk_r>
2000aab8:	3001      	adds	r0, #1
2000aaba:	d00d      	beq.n	2000aad8 <_malloc_trim_r+0x80>
2000aabc:	2201      	movs	r2, #1
2000aabe:	1b2d      	subs	r5, r5, r4
2000aac0:	68bb      	ldr	r3, [r7, #8]
2000aac2:	4315      	orrs	r5, r2
2000aac4:	4a0e      	ldr	r2, [pc, #56]	@ (2000ab00 <_malloc_trim_r+0xa8>)
2000aac6:	605d      	str	r5, [r3, #4]
2000aac8:	6813      	ldr	r3, [r2, #0]
2000aaca:	4640      	mov	r0, r8
2000aacc:	1b1b      	subs	r3, r3, r4
2000aace:	6013      	str	r3, [r2, #0]
2000aad0:	f7ff fc84 	bl	2000a3dc <__malloc_unlock>
2000aad4:	2001      	movs	r0, #1
2000aad6:	e7e8      	b.n	2000aaaa <_malloc_trim_r+0x52>
2000aad8:	2100      	movs	r1, #0
2000aada:	4640      	mov	r0, r8
2000aadc:	f7ff ff4a 	bl	2000a974 <_sbrk_r>
2000aae0:	68ba      	ldr	r2, [r7, #8]
2000aae2:	1a83      	subs	r3, r0, r2
2000aae4:	2b0f      	cmp	r3, #15
2000aae6:	dddc      	ble.n	2000aaa2 <_malloc_trim_r+0x4a>
2000aae8:	4c06      	ldr	r4, [pc, #24]	@ (2000ab04 <_malloc_trim_r+0xac>)
2000aaea:	4905      	ldr	r1, [pc, #20]	@ (2000ab00 <_malloc_trim_r+0xa8>)
2000aaec:	6824      	ldr	r4, [r4, #0]
2000aaee:	1b00      	subs	r0, r0, r4
2000aaf0:	6008      	str	r0, [r1, #0]
2000aaf2:	2101      	movs	r1, #1
2000aaf4:	430b      	orrs	r3, r1
2000aaf6:	6053      	str	r3, [r2, #4]
2000aaf8:	e7d3      	b.n	2000aaa2 <_malloc_trim_r+0x4a>
2000aafa:	46c0      	nop			@ (mov r8, r8)
2000aafc:	2000da60 	.word	0x2000da60
2000ab00:	2000e258 	.word	0x2000e258
2000ab04:	2000da58 	.word	0x2000da58

2000ab08 <_free_r>:
2000ab08:	b5f0      	push	{r4, r5, r6, r7, lr}
2000ab0a:	46c6      	mov	lr, r8
2000ab0c:	000c      	movs	r4, r1
2000ab0e:	4680      	mov	r8, r0
2000ab10:	b500      	push	{lr}
2000ab12:	2900      	cmp	r1, #0
2000ab14:	d040      	beq.n	2000ab98 <_free_r+0x90>
2000ab16:	f7ff fc59 	bl	2000a3cc <__malloc_lock>
2000ab1a:	0021      	movs	r1, r4
2000ab1c:	3908      	subs	r1, #8
2000ab1e:	684e      	ldr	r6, [r1, #4]
2000ab20:	2501      	movs	r5, #1
2000ab22:	0033      	movs	r3, r6
2000ab24:	2003      	movs	r0, #3
2000ab26:	43ab      	bics	r3, r5
2000ab28:	18ca      	adds	r2, r1, r3
2000ab2a:	4694      	mov	ip, r2
2000ab2c:	6852      	ldr	r2, [r2, #4]
2000ab2e:	4382      	bics	r2, r0
2000ab30:	0028      	movs	r0, r5
2000ab32:	4030      	ands	r0, r6
2000ab34:	0007      	movs	r7, r0
2000ab36:	4864      	ldr	r0, [pc, #400]	@ (2000acc8 <_free_r+0x1c0>)
2000ab38:	6884      	ldr	r4, [r0, #8]
2000ab3a:	4564      	cmp	r4, ip
2000ab3c:	d100      	bne.n	2000ab40 <_free_r+0x38>
2000ab3e:	e071      	b.n	2000ac24 <_free_r+0x11c>
2000ab40:	4664      	mov	r4, ip
2000ab42:	6062      	str	r2, [r4, #4]
2000ab44:	18a4      	adds	r4, r4, r2
2000ab46:	6864      	ldr	r4, [r4, #4]
2000ab48:	402c      	ands	r4, r5
2000ab4a:	2f00      	cmp	r7, #0
2000ab4c:	d127      	bne.n	2000ab9e <_free_r+0x96>
2000ab4e:	680e      	ldr	r6, [r1, #0]
2000ab50:	4f5e      	ldr	r7, [pc, #376]	@ (2000accc <_free_r+0x1c4>)
2000ab52:	1b89      	subs	r1, r1, r6
2000ab54:	199b      	adds	r3, r3, r6
2000ab56:	688e      	ldr	r6, [r1, #8]
2000ab58:	42be      	cmp	r6, r7
2000ab5a:	d056      	beq.n	2000ac0a <_free_r+0x102>
2000ab5c:	68cf      	ldr	r7, [r1, #12]
2000ab5e:	60f7      	str	r7, [r6, #12]
2000ab60:	60be      	str	r6, [r7, #8]
2000ab62:	2c00      	cmp	r4, #0
2000ab64:	d01d      	beq.n	2000aba2 <_free_r+0x9a>
2000ab66:	4662      	mov	r2, ip
2000ab68:	431d      	orrs	r5, r3
2000ab6a:	604d      	str	r5, [r1, #4]
2000ab6c:	6013      	str	r3, [r2, #0]
2000ab6e:	2280      	movs	r2, #128	@ 0x80
2000ab70:	0092      	lsls	r2, r2, #2
2000ab72:	4293      	cmp	r3, r2
2000ab74:	d22d      	bcs.n	2000abd2 <_free_r+0xca>
2000ab76:	08da      	lsrs	r2, r3, #3
2000ab78:	095c      	lsrs	r4, r3, #5
2000ab7a:	2301      	movs	r3, #1
2000ab7c:	40a3      	lsls	r3, r4
2000ab7e:	6844      	ldr	r4, [r0, #4]
2000ab80:	4323      	orrs	r3, r4
2000ab82:	6043      	str	r3, [r0, #4]
2000ab84:	00d3      	lsls	r3, r2, #3
2000ab86:	181b      	adds	r3, r3, r0
2000ab88:	689a      	ldr	r2, [r3, #8]
2000ab8a:	60cb      	str	r3, [r1, #12]
2000ab8c:	608a      	str	r2, [r1, #8]
2000ab8e:	6099      	str	r1, [r3, #8]
2000ab90:	60d1      	str	r1, [r2, #12]
2000ab92:	4640      	mov	r0, r8
2000ab94:	f7ff fc22 	bl	2000a3dc <__malloc_unlock>
2000ab98:	bc80      	pop	{r7}
2000ab9a:	46b8      	mov	r8, r7
2000ab9c:	bdf0      	pop	{r4, r5, r6, r7, pc}
2000ab9e:	2c00      	cmp	r4, #0
2000aba0:	d10f      	bne.n	2000abc2 <_free_r+0xba>
2000aba2:	189b      	adds	r3, r3, r2
2000aba4:	4662      	mov	r2, ip
2000aba6:	2401      	movs	r4, #1
2000aba8:	6892      	ldr	r2, [r2, #8]
2000abaa:	4d48      	ldr	r5, [pc, #288]	@ (2000accc <_free_r+0x1c4>)
2000abac:	431c      	orrs	r4, r3
2000abae:	18ce      	adds	r6, r1, r3
2000abb0:	42aa      	cmp	r2, r5
2000abb2:	d059      	beq.n	2000ac68 <_free_r+0x160>
2000abb4:	4665      	mov	r5, ip
2000abb6:	68ed      	ldr	r5, [r5, #12]
2000abb8:	60d5      	str	r5, [r2, #12]
2000abba:	60aa      	str	r2, [r5, #8]
2000abbc:	604c      	str	r4, [r1, #4]
2000abbe:	6033      	str	r3, [r6, #0]
2000abc0:	e7d5      	b.n	2000ab6e <_free_r+0x66>
2000abc2:	4662      	mov	r2, ip
2000abc4:	4335      	orrs	r5, r6
2000abc6:	604d      	str	r5, [r1, #4]
2000abc8:	6013      	str	r3, [r2, #0]
2000abca:	2280      	movs	r2, #128	@ 0x80
2000abcc:	0092      	lsls	r2, r2, #2
2000abce:	4293      	cmp	r3, r2
2000abd0:	d3d1      	bcc.n	2000ab76 <_free_r+0x6e>
2000abd2:	0a5a      	lsrs	r2, r3, #9
2000abd4:	2a04      	cmp	r2, #4
2000abd6:	d83d      	bhi.n	2000ac54 <_free_r+0x14c>
2000abd8:	099a      	lsrs	r2, r3, #6
2000abda:	0014      	movs	r4, r2
2000abdc:	3239      	adds	r2, #57	@ 0x39
2000abde:	3438      	adds	r4, #56	@ 0x38
2000abe0:	00d6      	lsls	r6, r2, #3
2000abe2:	1986      	adds	r6, r0, r6
2000abe4:	6832      	ldr	r2, [r6, #0]
2000abe6:	3e08      	subs	r6, #8
2000abe8:	2503      	movs	r5, #3
2000abea:	4296      	cmp	r6, r2
2000abec:	d103      	bne.n	2000abf6 <_free_r+0xee>
2000abee:	e04c      	b.n	2000ac8a <_free_r+0x182>
2000abf0:	6892      	ldr	r2, [r2, #8]
2000abf2:	4296      	cmp	r6, r2
2000abf4:	d003      	beq.n	2000abfe <_free_r+0xf6>
2000abf6:	6850      	ldr	r0, [r2, #4]
2000abf8:	43a8      	bics	r0, r5
2000abfa:	4298      	cmp	r0, r3
2000abfc:	d8f8      	bhi.n	2000abf0 <_free_r+0xe8>
2000abfe:	68d6      	ldr	r6, [r2, #12]
2000ac00:	60ce      	str	r6, [r1, #12]
2000ac02:	608a      	str	r2, [r1, #8]
2000ac04:	60b1      	str	r1, [r6, #8]
2000ac06:	60d1      	str	r1, [r2, #12]
2000ac08:	e7c3      	b.n	2000ab92 <_free_r+0x8a>
2000ac0a:	2c00      	cmp	r4, #0
2000ac0c:	d133      	bne.n	2000ac76 <_free_r+0x16e>
2000ac0e:	18d2      	adds	r2, r2, r3
2000ac10:	4660      	mov	r0, ip
2000ac12:	4663      	mov	r3, ip
2000ac14:	6880      	ldr	r0, [r0, #8]
2000ac16:	68db      	ldr	r3, [r3, #12]
2000ac18:	4315      	orrs	r5, r2
2000ac1a:	60c3      	str	r3, [r0, #12]
2000ac1c:	6098      	str	r0, [r3, #8]
2000ac1e:	604d      	str	r5, [r1, #4]
2000ac20:	508a      	str	r2, [r1, r2]
2000ac22:	e7b6      	b.n	2000ab92 <_free_r+0x8a>
2000ac24:	189a      	adds	r2, r3, r2
2000ac26:	2f00      	cmp	r7, #0
2000ac28:	d106      	bne.n	2000ac38 <_free_r+0x130>
2000ac2a:	680b      	ldr	r3, [r1, #0]
2000ac2c:	1ac9      	subs	r1, r1, r3
2000ac2e:	688c      	ldr	r4, [r1, #8]
2000ac30:	18d2      	adds	r2, r2, r3
2000ac32:	68cb      	ldr	r3, [r1, #12]
2000ac34:	60e3      	str	r3, [r4, #12]
2000ac36:	609c      	str	r4, [r3, #8]
2000ac38:	2301      	movs	r3, #1
2000ac3a:	4313      	orrs	r3, r2
2000ac3c:	604b      	str	r3, [r1, #4]
2000ac3e:	4b24      	ldr	r3, [pc, #144]	@ (2000acd0 <_free_r+0x1c8>)
2000ac40:	6081      	str	r1, [r0, #8]
2000ac42:	681b      	ldr	r3, [r3, #0]
2000ac44:	4293      	cmp	r3, r2
2000ac46:	d8a4      	bhi.n	2000ab92 <_free_r+0x8a>
2000ac48:	4b22      	ldr	r3, [pc, #136]	@ (2000acd4 <_free_r+0x1cc>)
2000ac4a:	4640      	mov	r0, r8
2000ac4c:	6819      	ldr	r1, [r3, #0]
2000ac4e:	f7ff ff03 	bl	2000aa58 <_malloc_trim_r>
2000ac52:	e79e      	b.n	2000ab92 <_free_r+0x8a>
2000ac54:	2a14      	cmp	r2, #20
2000ac56:	d913      	bls.n	2000ac80 <_free_r+0x178>
2000ac58:	2a54      	cmp	r2, #84	@ 0x54
2000ac5a:	d81d      	bhi.n	2000ac98 <_free_r+0x190>
2000ac5c:	0b1a      	lsrs	r2, r3, #12
2000ac5e:	0014      	movs	r4, r2
2000ac60:	326f      	adds	r2, #111	@ 0x6f
2000ac62:	346e      	adds	r4, #110	@ 0x6e
2000ac64:	00d6      	lsls	r6, r2, #3
2000ac66:	e7bc      	b.n	2000abe2 <_free_r+0xda>
2000ac68:	60d1      	str	r1, [r2, #12]
2000ac6a:	6091      	str	r1, [r2, #8]
2000ac6c:	60ca      	str	r2, [r1, #12]
2000ac6e:	608a      	str	r2, [r1, #8]
2000ac70:	604c      	str	r4, [r1, #4]
2000ac72:	6033      	str	r3, [r6, #0]
2000ac74:	e78d      	b.n	2000ab92 <_free_r+0x8a>
2000ac76:	4662      	mov	r2, ip
2000ac78:	431d      	orrs	r5, r3
2000ac7a:	604d      	str	r5, [r1, #4]
2000ac7c:	6013      	str	r3, [r2, #0]
2000ac7e:	e788      	b.n	2000ab92 <_free_r+0x8a>
2000ac80:	0014      	movs	r4, r2
2000ac82:	325c      	adds	r2, #92	@ 0x5c
2000ac84:	345b      	adds	r4, #91	@ 0x5b
2000ac86:	00d6      	lsls	r6, r2, #3
2000ac88:	e7ab      	b.n	2000abe2 <_free_r+0xda>
2000ac8a:	2301      	movs	r3, #1
2000ac8c:	10a4      	asrs	r4, r4, #2
2000ac8e:	40a3      	lsls	r3, r4
2000ac90:	6844      	ldr	r4, [r0, #4]
2000ac92:	4323      	orrs	r3, r4
2000ac94:	6043      	str	r3, [r0, #4]
2000ac96:	e7b3      	b.n	2000ac00 <_free_r+0xf8>
2000ac98:	24aa      	movs	r4, #170	@ 0xaa
2000ac9a:	0064      	lsls	r4, r4, #1
2000ac9c:	42a2      	cmp	r2, r4
2000ac9e:	d805      	bhi.n	2000acac <_free_r+0x1a4>
2000aca0:	0bda      	lsrs	r2, r3, #15
2000aca2:	0014      	movs	r4, r2
2000aca4:	3278      	adds	r2, #120	@ 0x78
2000aca6:	3477      	adds	r4, #119	@ 0x77
2000aca8:	00d6      	lsls	r6, r2, #3
2000acaa:	e79a      	b.n	2000abe2 <_free_r+0xda>
2000acac:	4c0a      	ldr	r4, [pc, #40]	@ (2000acd8 <_free_r+0x1d0>)
2000acae:	42a2      	cmp	r2, r4
2000acb0:	d805      	bhi.n	2000acbe <_free_r+0x1b6>
2000acb2:	0c9a      	lsrs	r2, r3, #18
2000acb4:	0014      	movs	r4, r2
2000acb6:	327d      	adds	r2, #125	@ 0x7d
2000acb8:	347c      	adds	r4, #124	@ 0x7c
2000acba:	00d6      	lsls	r6, r2, #3
2000acbc:	e791      	b.n	2000abe2 <_free_r+0xda>
2000acbe:	26fe      	movs	r6, #254	@ 0xfe
2000acc0:	247e      	movs	r4, #126	@ 0x7e
2000acc2:	00b6      	lsls	r6, r6, #2
2000acc4:	e78d      	b.n	2000abe2 <_free_r+0xda>
2000acc6:	46c0      	nop			@ (mov r8, r8)
2000acc8:	2000da60 	.word	0x2000da60
2000accc:	2000da68 	.word	0x2000da68
2000acd0:	2000da5c 	.word	0x2000da5c
2000acd4:	2000e280 	.word	0x2000e280
2000acd8:	00000554 	.word	0x00000554

2000acdc <_fclose_r>:
2000acdc:	b570      	push	{r4, r5, r6, lr}
2000acde:	0005      	movs	r5, r0
2000ace0:	1e0c      	subs	r4, r1, #0
2000ace2:	d042      	beq.n	2000ad6a <_fclose_r+0x8e>
2000ace4:	2800      	cmp	r0, #0
2000ace6:	d002      	beq.n	2000acee <_fclose_r+0x12>
2000ace8:	6b43      	ldr	r3, [r0, #52]	@ 0x34
2000acea:	2b00      	cmp	r3, #0
2000acec:	d049      	beq.n	2000ad82 <_fclose_r+0xa6>
2000acee:	f7ff fd63 	bl	2000a7b8 <__sfp_lock_acquire>
2000acf2:	2101      	movs	r1, #1
2000acf4:	220c      	movs	r2, #12
2000acf6:	5ea3      	ldrsh	r3, [r4, r2]
2000acf8:	6e62      	ldr	r2, [r4, #100]	@ 0x64
2000acfa:	420a      	tst	r2, r1
2000acfc:	d131      	bne.n	2000ad62 <_fclose_r+0x86>
2000acfe:	059b      	lsls	r3, r3, #22
2000ad00:	d542      	bpl.n	2000ad88 <_fclose_r+0xac>
2000ad02:	0021      	movs	r1, r4
2000ad04:	0028      	movs	r0, r5
2000ad06:	f7ff fb71 	bl	2000a3ec <__sflush_r>
2000ad0a:	6ae3      	ldr	r3, [r4, #44]	@ 0x2c
2000ad0c:	0006      	movs	r6, r0
2000ad0e:	2b00      	cmp	r3, #0
2000ad10:	d004      	beq.n	2000ad1c <_fclose_r+0x40>
2000ad12:	0028      	movs	r0, r5
2000ad14:	69e1      	ldr	r1, [r4, #28]
2000ad16:	4798      	blx	r3
2000ad18:	2800      	cmp	r0, #0
2000ad1a:	db28      	blt.n	2000ad6e <_fclose_r+0x92>
2000ad1c:	89a3      	ldrh	r3, [r4, #12]
2000ad1e:	061b      	lsls	r3, r3, #24
2000ad20:	d42a      	bmi.n	2000ad78 <_fclose_r+0x9c>
2000ad22:	6b21      	ldr	r1, [r4, #48]	@ 0x30
2000ad24:	2900      	cmp	r1, #0
2000ad26:	d008      	beq.n	2000ad3a <_fclose_r+0x5e>
2000ad28:	0023      	movs	r3, r4
2000ad2a:	3340      	adds	r3, #64	@ 0x40
2000ad2c:	4299      	cmp	r1, r3
2000ad2e:	d002      	beq.n	2000ad36 <_fclose_r+0x5a>
2000ad30:	0028      	movs	r0, r5
2000ad32:	f7ff fee9 	bl	2000ab08 <_free_r>
2000ad36:	2300      	movs	r3, #0
2000ad38:	6323      	str	r3, [r4, #48]	@ 0x30
2000ad3a:	6c61      	ldr	r1, [r4, #68]	@ 0x44
2000ad3c:	2900      	cmp	r1, #0
2000ad3e:	d004      	beq.n	2000ad4a <_fclose_r+0x6e>
2000ad40:	0028      	movs	r0, r5
2000ad42:	f7ff fee1 	bl	2000ab08 <_free_r>
2000ad46:	2300      	movs	r3, #0
2000ad48:	6463      	str	r3, [r4, #68]	@ 0x44
2000ad4a:	2300      	movs	r3, #0
2000ad4c:	81a3      	strh	r3, [r4, #12]
2000ad4e:	6e63      	ldr	r3, [r4, #100]	@ 0x64
2000ad50:	07db      	lsls	r3, r3, #31
2000ad52:	d528      	bpl.n	2000ada6 <_fclose_r+0xca>
2000ad54:	6da0      	ldr	r0, [r4, #88]	@ 0x58
2000ad56:	f7ff fe3b 	bl	2000a9d0 <__retarget_lock_close_recursive>
2000ad5a:	f7ff fd35 	bl	2000a7c8 <__sfp_lock_release>
2000ad5e:	0030      	movs	r0, r6
2000ad60:	bd70      	pop	{r4, r5, r6, pc}
2000ad62:	2b00      	cmp	r3, #0
2000ad64:	d1cd      	bne.n	2000ad02 <_fclose_r+0x26>
2000ad66:	f7ff fd2f 	bl	2000a7c8 <__sfp_lock_release>
2000ad6a:	2600      	movs	r6, #0
2000ad6c:	e7f7      	b.n	2000ad5e <_fclose_r+0x82>
2000ad6e:	2601      	movs	r6, #1
2000ad70:	89a3      	ldrh	r3, [r4, #12]
2000ad72:	4276      	negs	r6, r6
2000ad74:	061b      	lsls	r3, r3, #24
2000ad76:	d5d4      	bpl.n	2000ad22 <_fclose_r+0x46>
2000ad78:	0028      	movs	r0, r5
2000ad7a:	6921      	ldr	r1, [r4, #16]
2000ad7c:	f7ff fec4 	bl	2000ab08 <_free_r>
2000ad80:	e7cf      	b.n	2000ad22 <_fclose_r+0x46>
2000ad82:	f7ff fcfd 	bl	2000a780 <__sinit>
2000ad86:	e7b2      	b.n	2000acee <_fclose_r+0x12>
2000ad88:	6da0      	ldr	r0, [r4, #88]	@ 0x58
2000ad8a:	f7ff fe23 	bl	2000a9d4 <__retarget_lock_acquire_recursive>
2000ad8e:	220c      	movs	r2, #12
2000ad90:	5ea3      	ldrsh	r3, [r4, r2]
2000ad92:	2b00      	cmp	r3, #0
2000ad94:	d1b5      	bne.n	2000ad02 <_fclose_r+0x26>
2000ad96:	2201      	movs	r2, #1
2000ad98:	6e63      	ldr	r3, [r4, #100]	@ 0x64
2000ad9a:	4213      	tst	r3, r2
2000ad9c:	d1e3      	bne.n	2000ad66 <_fclose_r+0x8a>
2000ad9e:	6da0      	ldr	r0, [r4, #88]	@ 0x58
2000ada0:	f7ff fe1a 	bl	2000a9d8 <__retarget_lock_release_recursive>
2000ada4:	e7df      	b.n	2000ad66 <_fclose_r+0x8a>
2000ada6:	6da0      	ldr	r0, [r4, #88]	@ 0x58
2000ada8:	f7ff fe16 	bl	2000a9d8 <__retarget_lock_release_recursive>
2000adac:	e7d2      	b.n	2000ad54 <_fclose_r+0x78>
2000adae:	46c0      	nop			@ (mov r8, r8)

Disassembly of section .data:

2000adb0 <mutex_try_enter>:
2000adb0:	0003      	movs	r3, r0
2000adb2:	6802      	ldr	r2, [r0, #0]
2000adb4:	4694      	mov	ip, r2
2000adb6:	f3ef 8210 	mrs	r2, PRIMASK
2000adba:	b672      	cpsid	i
2000adbc:	4660      	mov	r0, ip
2000adbe:	6800      	ldr	r0, [r0, #0]
2000adc0:	2800      	cmp	r0, #0
2000adc2:	d0fb      	beq.n	2000adbc <mutex_try_enter+0xc>
2000adc4:	f3bf 8f5f 	dmb	sy
2000adc8:	2004      	movs	r0, #4
2000adca:	5618      	ldrsb	r0, [r3, r0]
2000adcc:	2800      	cmp	r0, #0
2000adce:	db0b      	blt.n	2000ade8 <mutex_try_enter+0x38>
2000add0:	2900      	cmp	r1, #0
2000add2:	d010      	beq.n	2000adf6 <mutex_try_enter+0x46>
2000add4:	6008      	str	r0, [r1, #0]
2000add6:	2000      	movs	r0, #0
2000add8:	681b      	ldr	r3, [r3, #0]
2000adda:	f3bf 8f5f 	dmb	sy
2000adde:	2100      	movs	r1, #0
2000ade0:	6019      	str	r1, [r3, #0]
2000ade2:	f382 8810 	msr	PRIMASK, r2
2000ade6:	4770      	bx	lr
2000ade8:	21d0      	movs	r1, #208	@ 0xd0
2000adea:	0609      	lsls	r1, r1, #24
2000adec:	7809      	ldrb	r1, [r1, #0]
2000adee:	b249      	sxtb	r1, r1
2000adf0:	7119      	strb	r1, [r3, #4]
2000adf2:	2001      	movs	r0, #1
2000adf4:	e7f0      	b.n	2000add8 <mutex_try_enter+0x28>
2000adf6:	2000      	movs	r0, #0
2000adf8:	e7ee      	b.n	2000add8 <mutex_try_enter+0x28>
	...

2000adfc <mutex_enter_block_until>:
2000adfc:	b5f8      	push	{r3, r4, r5, r6, r7, lr}
2000adfe:	0004      	movs	r4, r0
2000ae00:	0015      	movs	r5, r2
2000ae02:	001e      	movs	r6, r3
2000ae04:	6803      	ldr	r3, [r0, #0]
2000ae06:	2b00      	cmp	r3, #0
2000ae08:	d020      	beq.n	2000ae4c <mutex_enter_block_until+0x50>
2000ae0a:	23d0      	movs	r3, #208	@ 0xd0
2000ae0c:	061b      	lsls	r3, r3, #24
2000ae0e:	781b      	ldrb	r3, [r3, #0]
2000ae10:	b25b      	sxtb	r3, r3
2000ae12:	001f      	movs	r7, r3
2000ae14:	6823      	ldr	r3, [r4, #0]
2000ae16:	f3ef 8110 	mrs	r1, PRIMASK
2000ae1a:	b672      	cpsid	i
2000ae1c:	6818      	ldr	r0, [r3, #0]
2000ae1e:	2800      	cmp	r0, #0
2000ae20:	d0fc      	beq.n	2000ae1c <mutex_enter_block_until+0x20>
2000ae22:	f3bf 8f5f 	dmb	sy
2000ae26:	2304      	movs	r3, #4
2000ae28:	56e3      	ldrsb	r3, [r4, r3]
2000ae2a:	2b00      	cmp	r3, #0
2000ae2c:	db14      	blt.n	2000ae58 <mutex_enter_block_until+0x5c>
2000ae2e:	6823      	ldr	r3, [r4, #0]
2000ae30:	f3bf 8f5f 	dmb	sy
2000ae34:	2200      	movs	r2, #0
2000ae36:	601a      	str	r2, [r3, #0]
2000ae38:	f381 8810 	msr	PRIMASK, r1
2000ae3c:	0028      	movs	r0, r5
2000ae3e:	0031      	movs	r1, r6
2000ae40:	f7fb fd8e 	bl	20006960 <best_effort_wfe_or_timeout>
2000ae44:	2800      	cmp	r0, #0
2000ae46:	d0e5      	beq.n	2000ae14 <mutex_enter_block_until+0x18>
2000ae48:	2000      	movs	r0, #0
2000ae4a:	e00e      	b.n	2000ae6a <mutex_enter_block_until+0x6e>
2000ae4c:	4b07      	ldr	r3, [pc, #28]	@ (2000ae6c <mutex_enter_block_until+0x70>)
2000ae4e:	4a08      	ldr	r2, [pc, #32]	@ (2000ae70 <mutex_enter_block_until+0x74>)
2000ae50:	4808      	ldr	r0, [pc, #32]	@ (2000ae74 <mutex_enter_block_until+0x78>)
2000ae52:	21a6      	movs	r1, #166	@ 0xa6
2000ae54:	f7fe fc6c 	bl	20009730 <__assert_func>
2000ae58:	7127      	strb	r7, [r4, #4]
2000ae5a:	6823      	ldr	r3, [r4, #0]
2000ae5c:	f3bf 8f5f 	dmb	sy
2000ae60:	2200      	movs	r2, #0
2000ae62:	601a      	str	r2, [r3, #0]
2000ae64:	f381 8810 	msr	PRIMASK, r1
2000ae68:	2001      	movs	r0, #1
2000ae6a:	bdf8      	pop	{r3, r4, r5, r6, r7, pc}
2000ae6c:	2000cd44 	.word	0x2000cd44
2000ae70:	2000d784 	.word	0x2000d784
2000ae74:	2000ccfc 	.word	0x2000ccfc

2000ae78 <mutex_try_enter_block_until>:
2000ae78:	b570      	push	{r4, r5, r6, lr}
2000ae7a:	b082      	sub	sp, #8
2000ae7c:	0006      	movs	r6, r0
2000ae7e:	0015      	movs	r5, r2
2000ae80:	001c      	movs	r4, r3
2000ae82:	a901      	add	r1, sp, #4
2000ae84:	f7ff ff94 	bl	2000adb0 <mutex_try_enter>
2000ae88:	2800      	cmp	r0, #0
2000ae8a:	d107      	bne.n	2000ae9c <mutex_try_enter_block_until+0x24>
2000ae8c:	9b01      	ldr	r3, [sp, #4]
2000ae8e:	b25b      	sxtb	r3, r3
2000ae90:	22d0      	movs	r2, #208	@ 0xd0
2000ae92:	0612      	lsls	r2, r2, #24
2000ae94:	7812      	ldrb	r2, [r2, #0]
2000ae96:	b252      	sxtb	r2, r2
2000ae98:	4293      	cmp	r3, r2
2000ae9a:	d101      	bne.n	2000aea0 <mutex_try_enter_block_until+0x28>
2000ae9c:	b002      	add	sp, #8
2000ae9e:	bd70      	pop	{r4, r5, r6, pc}
2000aea0:	002a      	movs	r2, r5
2000aea2:	0023      	movs	r3, r4
2000aea4:	0030      	movs	r0, r6
2000aea6:	f7ff ffa9 	bl	2000adfc <mutex_enter_block_until>
2000aeaa:	e7f7      	b.n	2000ae9c <mutex_try_enter_block_until+0x24>

2000aeac <mutex_exit>:
2000aeac:	b510      	push	{r4, lr}
2000aeae:	6801      	ldr	r1, [r0, #0]
2000aeb0:	f3ef 8310 	mrs	r3, PRIMASK
2000aeb4:	b672      	cpsid	i
2000aeb6:	680a      	ldr	r2, [r1, #0]
2000aeb8:	2a00      	cmp	r2, #0
2000aeba:	d0fc      	beq.n	2000aeb6 <mutex_exit+0xa>
2000aebc:	f3bf 8f5f 	dmb	sy
2000aec0:	2204      	movs	r2, #4
2000aec2:	5682      	ldrsb	r2, [r0, r2]
2000aec4:	2a00      	cmp	r2, #0
2000aec6:	db0a      	blt.n	2000aede <mutex_exit+0x32>
2000aec8:	22ff      	movs	r2, #255	@ 0xff
2000aeca:	7102      	strb	r2, [r0, #4]
2000aecc:	6802      	ldr	r2, [r0, #0]
2000aece:	f3bf 8f5f 	dmb	sy
2000aed2:	2100      	movs	r1, #0
2000aed4:	6011      	str	r1, [r2, #0]
2000aed6:	f383 8810 	msr	PRIMASK, r3
2000aeda:	bf40      	sev
2000aedc:	bd10      	pop	{r4, pc}
2000aede:	4b03      	ldr	r3, [pc, #12]	@ (2000aeec <mutex_exit+0x40>)
2000aee0:	4a03      	ldr	r2, [pc, #12]	@ (2000aef0 <mutex_exit+0x44>)
2000aee2:	4804      	ldr	r0, [pc, #16]	@ (2000aef4 <mutex_exit+0x48>)
2000aee4:	21d5      	movs	r1, #213	@ 0xd5
2000aee6:	f7fe fc23 	bl	20009730 <__assert_func>
2000aeea:	46c0      	nop			@ (mov r8, r8)
2000aeec:	2000cd58 	.word	0x2000cd58
2000aef0:	2000d778 	.word	0x2000d778
2000aef4:	2000ccfc 	.word	0x2000ccfc

2000aef8 <spi_write_read_blocking>:
2000aef8:	b570      	push	{r4, r5, r6, lr}
2000aefa:	000d      	movs	r5, r1
2000aefc:	0014      	movs	r4, r2
2000aefe:	001e      	movs	r6, r3
2000af00:	001a      	movs	r2, r3
2000af02:	e008      	b.n	2000af16 <spi_write_read_blocking+0x1e>
2000af04:	2b00      	cmp	r3, #0
2000af06:	d006      	beq.n	2000af16 <spi_write_read_blocking+0x1e>
2000af08:	68c1      	ldr	r1, [r0, #12]
2000af0a:	0749      	lsls	r1, r1, #29
2000af0c:	d503      	bpl.n	2000af16 <spi_write_read_blocking+0x1e>
2000af0e:	6881      	ldr	r1, [r0, #8]
2000af10:	7021      	strb	r1, [r4, #0]
2000af12:	3b01      	subs	r3, #1
2000af14:	3401      	adds	r4, #1
2000af16:	0019      	movs	r1, r3
2000af18:	4311      	orrs	r1, r2
2000af1a:	d00d      	beq.n	2000af38 <spi_write_read_blocking+0x40>
2000af1c:	2a00      	cmp	r2, #0
2000af1e:	d0f1      	beq.n	2000af04 <spi_write_read_blocking+0xc>
2000af20:	68c1      	ldr	r1, [r0, #12]
2000af22:	0789      	lsls	r1, r1, #30
2000af24:	d5ee      	bpl.n	2000af04 <spi_write_read_blocking+0xc>
2000af26:	0011      	movs	r1, r2
2000af28:	3108      	adds	r1, #8
2000af2a:	4299      	cmp	r1, r3
2000af2c:	d9ea      	bls.n	2000af04 <spi_write_read_blocking+0xc>
2000af2e:	7829      	ldrb	r1, [r5, #0]
2000af30:	6081      	str	r1, [r0, #8]
2000af32:	3a01      	subs	r2, #1
2000af34:	3501      	adds	r5, #1
2000af36:	e7e5      	b.n	2000af04 <spi_write_read_blocking+0xc>
2000af38:	0030      	movs	r0, r6
2000af3a:	bd70      	pop	{r4, r5, r6, pc}

2000af3c <spi_write_blocking>:
2000af3c:	b510      	push	{r4, lr}
2000af3e:	000c      	movs	r4, r1
2000af40:	0011      	movs	r1, r2
2000af42:	2200      	movs	r2, #0
2000af44:	e005      	b.n	2000af52 <spi_write_blocking+0x16>
2000af46:	68c3      	ldr	r3, [r0, #12]
2000af48:	079b      	lsls	r3, r3, #30
2000af4a:	d5fc      	bpl.n	2000af46 <spi_write_blocking+0xa>
2000af4c:	5ca3      	ldrb	r3, [r4, r2]
2000af4e:	6083      	str	r3, [r0, #8]
2000af50:	3201      	adds	r2, #1
2000af52:	428a      	cmp	r2, r1
2000af54:	d3f7      	bcc.n	2000af46 <spi_write_blocking+0xa>
2000af56:	e000      	b.n	2000af5a <spi_write_blocking+0x1e>
2000af58:	6883      	ldr	r3, [r0, #8]
2000af5a:	68c3      	ldr	r3, [r0, #12]
2000af5c:	075b      	lsls	r3, r3, #29
2000af5e:	d4fb      	bmi.n	2000af58 <spi_write_blocking+0x1c>
2000af60:	68c3      	ldr	r3, [r0, #12]
2000af62:	06db      	lsls	r3, r3, #27
2000af64:	d4fc      	bmi.n	2000af60 <spi_write_blocking+0x24>
2000af66:	e000      	b.n	2000af6a <spi_write_blocking+0x2e>
2000af68:	6883      	ldr	r3, [r0, #8]
2000af6a:	68c3      	ldr	r3, [r0, #12]
2000af6c:	075b      	lsls	r3, r3, #29
2000af6e:	d4fb      	bmi.n	2000af68 <spi_write_blocking+0x2c>
2000af70:	2301      	movs	r3, #1
2000af72:	6203      	str	r3, [r0, #32]
2000af74:	0008      	movs	r0, r1
2000af76:	bd10      	pop	{r4, pc}

2000af78 <flash_init_boot2_copyout>:
2000af78:	4b09      	ldr	r3, [pc, #36]	@ (2000afa0 <flash_init_boot2_copyout+0x28>)
2000af7a:	781b      	ldrb	r3, [r3, #0]
2000af7c:	2b00      	cmp	r3, #0
2000af7e:	d008      	beq.n	2000af92 <flash_init_boot2_copyout+0x1a>
2000af80:	e00c      	b.n	2000af9c <flash_init_boot2_copyout+0x24>
2000af82:	009a      	lsls	r2, r3, #2
2000af84:	2180      	movs	r1, #128	@ 0x80
2000af86:	0549      	lsls	r1, r1, #21
2000af88:	1851      	adds	r1, r2, r1
2000af8a:	6808      	ldr	r0, [r1, #0]
2000af8c:	4905      	ldr	r1, [pc, #20]	@ (2000afa4 <flash_init_boot2_copyout+0x2c>)
2000af8e:	5050      	str	r0, [r2, r1]
2000af90:	3301      	adds	r3, #1
2000af92:	2b3f      	cmp	r3, #63	@ 0x3f
2000af94:	ddf5      	ble.n	2000af82 <flash_init_boot2_copyout+0xa>
2000af96:	4b02      	ldr	r3, [pc, #8]	@ (2000afa0 <flash_init_boot2_copyout+0x28>)
2000af98:	2201      	movs	r2, #1
2000af9a:	701a      	strb	r2, [r3, #0]
2000af9c:	4770      	bx	lr
2000af9e:	46c0      	nop			@ (mov r8, r8)
2000afa0:	20020e94 	.word	0x20020e94
2000afa4:	2000eb9c 	.word	0x2000eb9c

2000afa8 <flash_enable_xip_via_boot2>:
2000afa8:	b510      	push	{r4, lr}
2000afaa:	4b01      	ldr	r3, [pc, #4]	@ (2000afb0 <flash_enable_xip_via_boot2+0x8>)
2000afac:	4798      	blx	r3
2000afae:	bd10      	pop	{r4, pc}
2000afb0:	2000eb9d 	.word	0x2000eb9d

2000afb4 <flash_save_hardware_state>:
2000afb4:	2200      	movs	r2, #0
2000afb6:	e006      	b.n	2000afc6 <flash_save_hardware_state+0x12>
2000afb8:	0093      	lsls	r3, r2, #2
2000afba:	4906      	ldr	r1, [pc, #24]	@ (2000afd4 <flash_save_hardware_state+0x20>)
2000afbc:	1859      	adds	r1, r3, r1
2000afbe:	6849      	ldr	r1, [r1, #4]
2000afc0:	18c3      	adds	r3, r0, r3
2000afc2:	6059      	str	r1, [r3, #4]
2000afc4:	3201      	adds	r2, #1
2000afc6:	2a05      	cmp	r2, #5
2000afc8:	d9f6      	bls.n	2000afb8 <flash_save_hardware_state+0x4>
2000afca:	23a0      	movs	r3, #160	@ 0xa0
2000afcc:	055b      	lsls	r3, r3, #21
2000afce:	681b      	ldr	r3, [r3, #0]
2000afd0:	6003      	str	r3, [r0, #0]
2000afd2:	4770      	bx	lr
2000afd4:	40020000 	.word	0x40020000

2000afd8 <flash_restore_hardware_state>:
2000afd8:	b510      	push	{r4, lr}
2000afda:	2200      	movs	r2, #0
2000afdc:	e007      	b.n	2000afee <flash_restore_hardware_state+0x16>
2000afde:	0093      	lsls	r3, r2, #2
2000afe0:	18c1      	adds	r1, r0, r3
2000afe2:	6849      	ldr	r1, [r1, #4]
2000afe4:	4c05      	ldr	r4, [pc, #20]	@ (2000affc <flash_restore_hardware_state+0x24>)
2000afe6:	46a4      	mov	ip, r4
2000afe8:	4463      	add	r3, ip
2000afea:	6059      	str	r1, [r3, #4]
2000afec:	3201      	adds	r2, #1
2000afee:	2a05      	cmp	r2, #5
2000aff0:	d9f5      	bls.n	2000afde <flash_restore_hardware_state+0x6>
2000aff2:	6802      	ldr	r2, [r0, #0]
2000aff4:	23a0      	movs	r3, #160	@ 0xa0
2000aff6:	055b      	lsls	r3, r3, #21
2000aff8:	601a      	str	r2, [r3, #0]
2000affa:	bd10      	pop	{r4, pc}
2000affc:	40020000 	.word	0x40020000

2000b000 <flash_range_erase>:
2000b000:	b5f0      	push	{r4, r5, r6, r7, lr}
2000b002:	46d6      	mov	lr, sl
2000b004:	464f      	mov	r7, r9
2000b006:	4646      	mov	r6, r8
2000b008:	b5c0      	push	{r6, r7, lr}
2000b00a:	b088      	sub	sp, #32
2000b00c:	4681      	mov	r9, r0
2000b00e:	000a      	movs	r2, r1
2000b010:	468a      	mov	sl, r1
2000b012:	444a      	add	r2, r9
2000b014:	2380      	movs	r3, #128	@ 0x80
2000b016:	045b      	lsls	r3, r3, #17
2000b018:	429a      	cmp	r2, r3
2000b01a:	d838      	bhi.n	2000b08e <flash_range_erase+0x8e>
2000b01c:	2718      	movs	r7, #24
2000b01e:	883b      	ldrh	r3, [r7, #0]
2000b020:	2614      	movs	r6, #20
2000b022:	8830      	ldrh	r0, [r6, #0]
2000b024:	4920      	ldr	r1, [pc, #128]	@ (2000b0a8 <flash_range_erase+0xa8>)
2000b026:	4798      	blx	r3
2000b028:	0004      	movs	r4, r0
2000b02a:	883b      	ldrh	r3, [r7, #0]
2000b02c:	8830      	ldrh	r0, [r6, #0]
2000b02e:	491f      	ldr	r1, [pc, #124]	@ (2000b0ac <flash_range_erase+0xac>)
2000b030:	4798      	blx	r3
2000b032:	0005      	movs	r5, r0
2000b034:	883b      	ldrh	r3, [r7, #0]
2000b036:	8830      	ldrh	r0, [r6, #0]
2000b038:	491d      	ldr	r1, [pc, #116]	@ (2000b0b0 <flash_range_erase+0xb0>)
2000b03a:	4798      	blx	r3
2000b03c:	4680      	mov	r8, r0
2000b03e:	883b      	ldrh	r3, [r7, #0]
2000b040:	8830      	ldrh	r0, [r6, #0]
2000b042:	491c      	ldr	r1, [pc, #112]	@ (2000b0b4 <flash_range_erase+0xb4>)
2000b044:	4798      	blx	r3
2000b046:	0006      	movs	r6, r0
2000b048:	2c00      	cmp	r4, #0
2000b04a:	d026      	beq.n	2000b09a <flash_range_erase+0x9a>
2000b04c:	2d00      	cmp	r5, #0
2000b04e:	d024      	beq.n	2000b09a <flash_range_erase+0x9a>
2000b050:	4643      	mov	r3, r8
2000b052:	2b00      	cmp	r3, #0
2000b054:	d021      	beq.n	2000b09a <flash_range_erase+0x9a>
2000b056:	2800      	cmp	r0, #0
2000b058:	d01f      	beq.n	2000b09a <flash_range_erase+0x9a>
2000b05a:	f7ff ff8d 	bl	2000af78 <flash_init_boot2_copyout>
2000b05e:	af01      	add	r7, sp, #4
2000b060:	0038      	movs	r0, r7
2000b062:	f7ff ffa7 	bl	2000afb4 <flash_save_hardware_state>
2000b066:	47a0      	blx	r4
2000b068:	47a8      	blx	r5
2000b06a:	2280      	movs	r2, #128	@ 0x80
2000b06c:	23d8      	movs	r3, #216	@ 0xd8
2000b06e:	0252      	lsls	r2, r2, #9
2000b070:	4651      	mov	r1, sl
2000b072:	4648      	mov	r0, r9
2000b074:	47c0      	blx	r8
2000b076:	47b0      	blx	r6
2000b078:	f7ff ff96 	bl	2000afa8 <flash_enable_xip_via_boot2>
2000b07c:	0038      	movs	r0, r7
2000b07e:	f7ff ffab 	bl	2000afd8 <flash_restore_hardware_state>
2000b082:	b008      	add	sp, #32
2000b084:	bce0      	pop	{r5, r6, r7}
2000b086:	46ba      	mov	sl, r7
2000b088:	46b1      	mov	r9, r6
2000b08a:	46a8      	mov	r8, r5
2000b08c:	bdf0      	pop	{r4, r5, r6, r7, pc}
2000b08e:	4b0a      	ldr	r3, [pc, #40]	@ (2000b0b8 <flash_range_erase+0xb8>)
2000b090:	4a0a      	ldr	r2, [pc, #40]	@ (2000b0bc <flash_range_erase+0xbc>)
2000b092:	480b      	ldr	r0, [pc, #44]	@ (2000b0c0 <flash_range_erase+0xc0>)
2000b094:	21d5      	movs	r1, #213	@ 0xd5
2000b096:	f7fe fb4b 	bl	20009730 <__assert_func>
2000b09a:	4b0a      	ldr	r3, [pc, #40]	@ (2000b0c4 <flash_range_erase+0xc4>)
2000b09c:	4a07      	ldr	r2, [pc, #28]	@ (2000b0bc <flash_range_erase+0xbc>)
2000b09e:	4808      	ldr	r0, [pc, #32]	@ (2000b0c0 <flash_range_erase+0xc0>)
2000b0a0:	21dd      	movs	r1, #221	@ 0xdd
2000b0a2:	f7fe fb45 	bl	20009730 <__assert_func>
2000b0a6:	46c0      	nop			@ (mov r8, r8)
2000b0a8:	00004649 	.word	0x00004649
2000b0ac:	00005845 	.word	0x00005845
2000b0b0:	00004552 	.word	0x00004552
2000b0b4:	00004346 	.word	0x00004346
2000b0b8:	2000d3b4 	.word	0x2000d3b4
2000b0bc:	2000d970 	.word	0x2000d970
2000b0c0:	2000d368 	.word	0x2000d368
2000b0c4:	2000d3e0 	.word	0x2000d3e0

2000b0c8 <flash_range_program>:
2000b0c8:	b5f0      	push	{r4, r5, r6, r7, lr}
2000b0ca:	46de      	mov	lr, fp
2000b0cc:	4657      	mov	r7, sl
2000b0ce:	464e      	mov	r6, r9
2000b0d0:	4645      	mov	r5, r8
2000b0d2:	b5e0      	push	{r5, r6, r7, lr}
2000b0d4:	b089      	sub	sp, #36	@ 0x24
2000b0d6:	4681      	mov	r9, r0
2000b0d8:	468a      	mov	sl, r1
2000b0da:	4693      	mov	fp, r2
2000b0dc:	444a      	add	r2, r9
2000b0de:	2380      	movs	r3, #128	@ 0x80
2000b0e0:	045b      	lsls	r3, r3, #17
2000b0e2:	429a      	cmp	r2, r3
2000b0e4:	d837      	bhi.n	2000b156 <flash_range_program+0x8e>
2000b0e6:	2718      	movs	r7, #24
2000b0e8:	883b      	ldrh	r3, [r7, #0]
2000b0ea:	2614      	movs	r6, #20
2000b0ec:	8830      	ldrh	r0, [r6, #0]
2000b0ee:	4920      	ldr	r1, [pc, #128]	@ (2000b170 <flash_range_program+0xa8>)
2000b0f0:	4798      	blx	r3
2000b0f2:	0004      	movs	r4, r0
2000b0f4:	883b      	ldrh	r3, [r7, #0]
2000b0f6:	8830      	ldrh	r0, [r6, #0]
2000b0f8:	491e      	ldr	r1, [pc, #120]	@ (2000b174 <flash_range_program+0xac>)
2000b0fa:	4798      	blx	r3
2000b0fc:	0005      	movs	r5, r0
2000b0fe:	883b      	ldrh	r3, [r7, #0]
2000b100:	8830      	ldrh	r0, [r6, #0]
2000b102:	491d      	ldr	r1, [pc, #116]	@ (2000b178 <flash_range_program+0xb0>)
2000b104:	4798      	blx	r3
2000b106:	4680      	mov	r8, r0
2000b108:	883b      	ldrh	r3, [r7, #0]
2000b10a:	8830      	ldrh	r0, [r6, #0]
2000b10c:	491b      	ldr	r1, [pc, #108]	@ (2000b17c <flash_range_program+0xb4>)
2000b10e:	4798      	blx	r3
2000b110:	0006      	movs	r6, r0
2000b112:	2c00      	cmp	r4, #0
2000b114:	d025      	beq.n	2000b162 <flash_range_program+0x9a>
2000b116:	2d00      	cmp	r5, #0
2000b118:	d023      	beq.n	2000b162 <flash_range_program+0x9a>
2000b11a:	4643      	mov	r3, r8
2000b11c:	2b00      	cmp	r3, #0
2000b11e:	d020      	beq.n	2000b162 <flash_range_program+0x9a>
2000b120:	2800      	cmp	r0, #0
2000b122:	d01e      	beq.n	2000b162 <flash_range_program+0x9a>
2000b124:	f7ff ff28 	bl	2000af78 <flash_init_boot2_copyout>
2000b128:	af01      	add	r7, sp, #4
2000b12a:	0038      	movs	r0, r7
2000b12c:	f7ff ff42 	bl	2000afb4 <flash_save_hardware_state>
2000b130:	47a0      	blx	r4
2000b132:	47a8      	blx	r5
2000b134:	465a      	mov	r2, fp
2000b136:	4651      	mov	r1, sl
2000b138:	4648      	mov	r0, r9
2000b13a:	47c0      	blx	r8
2000b13c:	47b0      	blx	r6
2000b13e:	f7ff ff33 	bl	2000afa8 <flash_enable_xip_via_boot2>
2000b142:	0038      	movs	r0, r7
2000b144:	f7ff ff48 	bl	2000afd8 <flash_restore_hardware_state>
2000b148:	b009      	add	sp, #36	@ 0x24
2000b14a:	bcf0      	pop	{r4, r5, r6, r7}
2000b14c:	46bb      	mov	fp, r7
2000b14e:	46b2      	mov	sl, r6
2000b150:	46a9      	mov	r9, r5
2000b152:	46a0      	mov	r8, r4
2000b154:	bdf0      	pop	{r4, r5, r6, r7, pc}
2000b156:	4b0a      	ldr	r3, [pc, #40]	@ (2000b180 <flash_range_program+0xb8>)
2000b158:	4a0a      	ldr	r2, [pc, #40]	@ (2000b184 <flash_range_program+0xbc>)
2000b15a:	480b      	ldr	r0, [pc, #44]	@ (2000b188 <flash_range_program+0xc0>)
2000b15c:	21f4      	movs	r1, #244	@ 0xf4
2000b15e:	f7fe fae7 	bl	20009730 <__assert_func>
2000b162:	4b0a      	ldr	r3, [pc, #40]	@ (2000b18c <flash_range_program+0xc4>)
2000b164:	4a07      	ldr	r2, [pc, #28]	@ (2000b184 <flash_range_program+0xbc>)
2000b166:	4808      	ldr	r0, [pc, #32]	@ (2000b188 <flash_range_program+0xc0>)
2000b168:	21fc      	movs	r1, #252	@ 0xfc
2000b16a:	f7fe fae1 	bl	20009730 <__assert_func>
2000b16e:	46c0      	nop			@ (mov r8, r8)
2000b170:	00004649 	.word	0x00004649
2000b174:	00005845 	.word	0x00005845
2000b178:	00005052 	.word	0x00005052
2000b17c:	00004346 	.word	0x00004346
2000b180:	2000d3b4 	.word	0x2000d3b4
2000b184:	2000d95c 	.word	0x2000d95c
2000b188:	2000d368 	.word	0x2000d368
2000b18c:	2000d448 	.word	0x2000d448

2000b190 <flash_do_cmd_cs>:
2000b190:	b5f0      	push	{r4, r5, r6, r7, lr}
2000b192:	46d6      	mov	lr, sl
2000b194:	464f      	mov	r7, r9
2000b196:	4646      	mov	r6, r8
2000b198:	b5c0      	push	{r6, r7, lr}
2000b19a:	b088      	sub	sp, #32
2000b19c:	4682      	mov	sl, r0
2000b19e:	000d      	movs	r5, r1
2000b1a0:	0014      	movs	r4, r2
2000b1a2:	2618      	movs	r6, #24
2000b1a4:	8833      	ldrh	r3, [r6, #0]
2000b1a6:	2714      	movs	r7, #20
2000b1a8:	8838      	ldrh	r0, [r7, #0]
2000b1aa:	4932      	ldr	r1, [pc, #200]	@ (2000b274 <flash_do_cmd_cs+0xe4>)
2000b1ac:	4798      	blx	r3
2000b1ae:	4681      	mov	r9, r0
2000b1b0:	8833      	ldrh	r3, [r6, #0]
2000b1b2:	8838      	ldrh	r0, [r7, #0]
2000b1b4:	4930      	ldr	r1, [pc, #192]	@ (2000b278 <flash_do_cmd_cs+0xe8>)
2000b1b6:	4798      	blx	r3
2000b1b8:	4680      	mov	r8, r0
2000b1ba:	8833      	ldrh	r3, [r6, #0]
2000b1bc:	8838      	ldrh	r0, [r7, #0]
2000b1be:	492f      	ldr	r1, [pc, #188]	@ (2000b27c <flash_do_cmd_cs+0xec>)
2000b1c0:	4798      	blx	r3
2000b1c2:	0007      	movs	r7, r0
2000b1c4:	464b      	mov	r3, r9
2000b1c6:	2b00      	cmp	r3, #0
2000b1c8:	d017      	beq.n	2000b1fa <flash_do_cmd_cs+0x6a>
2000b1ca:	4643      	mov	r3, r8
2000b1cc:	2b00      	cmp	r3, #0
2000b1ce:	d014      	beq.n	2000b1fa <flash_do_cmd_cs+0x6a>
2000b1d0:	2800      	cmp	r0, #0
2000b1d2:	d012      	beq.n	2000b1fa <flash_do_cmd_cs+0x6a>
2000b1d4:	f7ff fed0 	bl	2000af78 <flash_init_boot2_copyout>
2000b1d8:	a801      	add	r0, sp, #4
2000b1da:	f7ff feeb 	bl	2000afb4 <flash_save_hardware_state>
2000b1de:	47c8      	blx	r9
2000b1e0:	47c0      	blx	r8
2000b1e2:	4b27      	ldr	r3, [pc, #156]	@ (2000b280 <flash_do_cmd_cs+0xf0>)
2000b1e4:	681a      	ldr	r2, [r3, #0]
2000b1e6:	2380      	movs	r3, #128	@ 0x80
2000b1e8:	009b      	lsls	r3, r3, #2
2000b1ea:	4053      	eors	r3, r2
2000b1ec:	22c0      	movs	r2, #192	@ 0xc0
2000b1ee:	0092      	lsls	r2, r2, #2
2000b1f0:	4013      	ands	r3, r2
2000b1f2:	4a24      	ldr	r2, [pc, #144]	@ (2000b284 <flash_do_cmd_cs+0xf4>)
2000b1f4:	6013      	str	r3, [r2, #0]
2000b1f6:	0021      	movs	r1, r4
2000b1f8:	e010      	b.n	2000b21c <flash_do_cmd_cs+0x8c>
2000b1fa:	4b23      	ldr	r3, [pc, #140]	@ (2000b288 <flash_do_cmd_cs+0xf8>)
2000b1fc:	4a23      	ldr	r2, [pc, #140]	@ (2000b28c <flash_do_cmd_cs+0xfc>)
2000b1fe:	212a      	movs	r1, #42	@ 0x2a
2000b200:	4823      	ldr	r0, [pc, #140]	@ (2000b290 <flash_do_cmd_cs+0x100>)
2000b202:	31ff      	adds	r1, #255	@ 0xff
2000b204:	f7fe fa94 	bl	20009730 <__assert_func>
2000b208:	2b00      	cmp	r3, #0
2000b20a:	d007      	beq.n	2000b21c <flash_do_cmd_cs+0x8c>
2000b20c:	2900      	cmp	r1, #0
2000b20e:	d005      	beq.n	2000b21c <flash_do_cmd_cs+0x8c>
2000b210:	23c0      	movs	r3, #192	@ 0xc0
2000b212:	055b      	lsls	r3, r3, #21
2000b214:	6e1b      	ldr	r3, [r3, #96]	@ 0x60
2000b216:	702b      	strb	r3, [r5, #0]
2000b218:	3901      	subs	r1, #1
2000b21a:	3501      	adds	r5, #1
2000b21c:	0023      	movs	r3, r4
2000b21e:	430b      	orrs	r3, r1
2000b220:	d014      	beq.n	2000b24c <flash_do_cmd_cs+0xbc>
2000b222:	23c0      	movs	r3, #192	@ 0xc0
2000b224:	055b      	lsls	r3, r3, #21
2000b226:	6a9a      	ldr	r2, [r3, #40]	@ 0x28
2000b228:	2308      	movs	r3, #8
2000b22a:	4013      	ands	r3, r2
2000b22c:	0792      	lsls	r2, r2, #30
2000b22e:	d5eb      	bpl.n	2000b208 <flash_do_cmd_cs+0x78>
2000b230:	2c00      	cmp	r4, #0
2000b232:	d0e9      	beq.n	2000b208 <flash_do_cmd_cs+0x78>
2000b234:	1b0a      	subs	r2, r1, r4
2000b236:	2a0d      	cmp	r2, #13
2000b238:	d8e6      	bhi.n	2000b208 <flash_do_cmd_cs+0x78>
2000b23a:	4656      	mov	r6, sl
2000b23c:	7830      	ldrb	r0, [r6, #0]
2000b23e:	22c0      	movs	r2, #192	@ 0xc0
2000b240:	0552      	lsls	r2, r2, #21
2000b242:	6610      	str	r0, [r2, #96]	@ 0x60
2000b244:	3c01      	subs	r4, #1
2000b246:	1c72      	adds	r2, r6, #1
2000b248:	4692      	mov	sl, r2
2000b24a:	e7dd      	b.n	2000b208 <flash_do_cmd_cs+0x78>
2000b24c:	4b0c      	ldr	r3, [pc, #48]	@ (2000b280 <flash_do_cmd_cs+0xf0>)
2000b24e:	681a      	ldr	r2, [r3, #0]
2000b250:	23c0      	movs	r3, #192	@ 0xc0
2000b252:	009b      	lsls	r3, r3, #2
2000b254:	4393      	bics	r3, r2
2000b256:	4a0b      	ldr	r2, [pc, #44]	@ (2000b284 <flash_do_cmd_cs+0xf4>)
2000b258:	6013      	str	r3, [r2, #0]
2000b25a:	47b8      	blx	r7
2000b25c:	f7ff fea4 	bl	2000afa8 <flash_enable_xip_via_boot2>
2000b260:	a801      	add	r0, sp, #4
2000b262:	f7ff feb9 	bl	2000afd8 <flash_restore_hardware_state>
2000b266:	b008      	add	sp, #32
2000b268:	bce0      	pop	{r5, r6, r7}
2000b26a:	46ba      	mov	sl, r7
2000b26c:	46b1      	mov	r9, r6
2000b26e:	46a8      	mov	r8, r5
2000b270:	bdf0      	pop	{r4, r5, r6, r7, pc}
2000b272:	46c0      	nop			@ (mov r8, r8)
2000b274:	00004649 	.word	0x00004649
2000b278:	00005845 	.word	0x00005845
2000b27c:	00004346 	.word	0x00004346
2000b280:	4001800c 	.word	0x4001800c
2000b284:	4001900c 	.word	0x4001900c
2000b288:	2000d4b4 	.word	0x2000d4b4
2000b28c:	2000d94c 	.word	0x2000d94c
2000b290:	2000d368 	.word	0x2000d368
2000b294:	00007830 	.word	0x00007830
2000b298:	42554b4f 	.word	0x42554b4f
2000b29c:	00000000 	.word	0x00000000
2000b2a0:	78650a0d 	.word	0x78650a0d
2000b2a4:	6e726574 	.word	0x6e726574
2000b2a8:	45206c61 	.word	0x45206c61
2000b2ac:	522d5053 	.word	0x522d5053
2000b2b0:	54455345 	.word	0x54455345
2000b2b4:	74656420 	.word	0x74656420
2000b2b8:	65746365 	.word	0x65746365
2000b2bc:	0a0d2164 	.word	0x0a0d2164
2000b2c0:	6f626572 	.word	0x6f626572
2000b2c4:	6e69746f 	.word	0x6e69746f
2000b2c8:	6e692067 	.word	0x6e692067
2000b2cc:	20303520 	.word	0x20303520
2000b2d0:	73636573 	.word	0x73636573
2000b2d4:	0d212121 	.word	0x0d212121
2000b2d8:	0000000a 	.word	0x0000000a
2000b2dc:	61656c63 	.word	0x61656c63
2000b2e0:	0000006e 	.word	0x0000006e
2000b2e4:	20574153 	.word	0x20574153
2000b2e8:	4f525245 	.word	0x4f525245
2000b2ec:	00005352 	.word	0x00005352
2000b2f0:	53534150 	.word	0x53534150
2000b2f4:	00000000 	.word	0x00000000
2000b2f8:	4c494146 	.word	0x4c494146
2000b2fc:	00000000 	.word	0x00000000
2000b300:	20697073 	.word	0x20697073
2000b304:	636e6562 	.word	0x636e6562
2000b308:	73252068 	.word	0x73252068
2000b30c:	3a752520 	.word	0x3a752520
2000b310:	20752520 	.word	0x20752520
2000b314:	28207a48 	.word	0x28207a48
2000b318:	5f6b6c63 	.word	0x5f6b6c63
2000b31c:	69726570 	.word	0x69726570
2000b320:	00752520 	.word	0x00752520
2000b324:	7375202c 	.word	0x7375202c
2000b328:	6c702062 	.word	0x6c702062
2000b32c:	6266206c 	.word	0x6266206c
2000b330:	20766964 	.word	0x20766964
2000b334:	70207525 	.word	0x70207525
2000b338:	75252064 	.word	0x75252064
2000b33c:	00752578 	.word	0x00752578
2000b340:	25202c29 	.word	0x25202c29
2000b344:	72662075 	.word	0x72662075
2000b348:	73656d61 	.word	0x73656d61
2000b34c:	696d202c 	.word	0x696d202c
2000b350:	6f206f73 	.word	0x6f206f73
2000b354:	7525206b 	.word	0x7525206b
2000b358:	64616220 	.word	0x64616220
2000b35c:	2c752520 	.word	0x2c752520
2000b360:	61747320 	.word	0x61747320
2000b364:	2520656c 	.word	0x2520656c
2000b368:	78202c75 	.word	0x78202c75
2000b36c:	20726566 	.word	0x20726566
2000b370:	6c696166 	.word	0x6c696166
2000b374:	2c752520 	.word	0x2c752520
2000b378:	66666f20 	.word	0x66666f20
2000b37c:	20746573 	.word	0x20746573
2000b380:	252d7525 	.word	0x252d7525
2000b384:	666f2075 	.word	0x666f2075
2000b388:	2c752520 	.word	0x2c752520
2000b38c:	70736520 	.word	0x70736520
2000b390:	2c732520 	.word	0x2c732520
2000b394:	0d732520 	.word	0x0d732520
2000b398:	0000000a 	.word	0x0000000a
2000b39c:	2a2a0a0d 	.word	0x2a2a0a0d
2000b3a0:	6874202a 	.word	0x6874202a
2000b3a4:	72702065 	.word	0x72702065
2000b3a8:	6f697665 	.word	0x6f697665
2000b3ac:	62207375 	.word	0x62207375
2000b3b0:	20746f6f 	.word	0x20746f6f
2000b3b4:	65646e65 	.word	0x65646e65
2000b3b8:	6e692064 	.word	0x6e692064
2000b3bc:	48206120 	.word	0x48206120
2000b3c0:	20445241 	.word	0x20445241
2000b3c4:	4c554146 	.word	0x4c554146
2000b3c8:	6e6f2054 	.word	0x6e6f2054
2000b3cc:	726f6320 	.word	0x726f6320
2000b3d0:	75252065 	.word	0x75252065
2000b3d4:	7263202c 	.word	0x7263202c
2000b3d8:	20687361 	.word	0x20687361
2000b3dc:	2a207525 	.word	0x2a207525
2000b3e0:	0a0d2a2a 	.word	0x0a0d2a2a
2000b3e4:	00000000 	.word	0x00000000
2000b3e8:	20202020 	.word	0x20202020
2000b3ec:	25206370 	.word	0x25206370
2000b3f0:	20783830 	.word	0x20783830
2000b3f4:	20726c20 	.word	0x20726c20
2000b3f8:	78383025 	.word	0x78383025
2000b3fc:	73702020 	.word	0x73702020
2000b400:	30252072 	.word	0x30252072
2000b404:	20207838 	.word	0x20207838
2000b408:	25207073 	.word	0x25207073
2000b40c:	0d783830 	.word	0x0d783830
2000b410:	0000000a 	.word	0x0000000a
2000b414:	20202020 	.word	0x20202020
2000b418:	25203072 	.word	0x25203072
2000b41c:	20783830 	.word	0x20783830
2000b420:	20317220 	.word	0x20317220
2000b424:	78383025 	.word	0x78383025
2000b428:	32722020 	.word	0x32722020
2000b42c:	38302520 	.word	0x38302520
2000b430:	72202078 	.word	0x72202078
2000b434:	30252033 	.word	0x30252033
2000b438:	20207838 	.word	0x20207838
2000b43c:	20323172 	.word	0x20323172
2000b440:	78383025 	.word	0x78383025
2000b444:	00000a0d 	.word	0x00000a0d
2000b448:	73616c66 	.word	0x73616c66
2000b44c:	72662068 	.word	0x72662068
2000b450:	73206565 	.word	0x73206565
2000b454:	65636170 	.word	0x65636170
2000b458:	64646120 	.word	0x64646120
2000b45c:	30203a72 	.word	0x30203a72
2000b460:	38302578 	.word	0x38302578
2000b464:	660a0d78 	.word	0x660a0d78
2000b468:	6873616c 	.word	0x6873616c
2000b46c:	646e6520 	.word	0x646e6520
2000b470:	64646120 	.word	0x64646120
2000b474:	30203a72 	.word	0x30203a72
2000b478:	38302578 	.word	0x38302578
2000b47c:	660a0d78 	.word	0x660a0d78
2000b480:	6873616c 	.word	0x6873616c
2000b484:	65726620 	.word	0x65726620
2000b488:	70732065 	.word	0x70732065
2000b48c:	20656361 	.word	0x20656361
2000b490:	657a6973 	.word	0x657a6973
2000b494:	7830203a 	.word	0x7830203a
2000b498:	78383025 	.word	0x78383025
2000b49c:	74796220 	.word	0x74796220
2000b4a0:	0a0d7365 	.word	0x0a0d7365
2000b4a4:	00000000 	.word	0x00000000
2000b4a8:	70203776 	.word	0x70203776
2000b4ac:	41203273 	.word	0x41203273
2000b4b0:	32206775 	.word	0x32206775
2000b4b4:	30322037 	.word	0x30322037
2000b4b8:	30203632 	.word	0x30203632
2000b4bc:	38313a37 	.word	0x38313a37
2000b4c0:	0039353a 	.word	0x0039353a
2000b4c4:	2061746f 	.word	0x2061746f
2000b4c8:	3a70616d 	.word	0x3a70616d
2000b4cc:	70706120 	.word	0x70706120
2000b4d0:	25783020 	.word	0x25783020
2000b4d4:	20783630 	.word	0x20783630
2000b4d8:	646c6f67 	.word	0x646c6f67
2000b4dc:	30206e65 	.word	0x30206e65
2000b4e0:	36302578 	.word	0x36302578
2000b4e4:	74732078 	.word	0x74732078
2000b4e8:	6e696761 	.word	0x6e696761
2000b4ec:	78302067 	.word	0x78302067
2000b4f0:	78363025 	.word	0x78363025
2000b4f4:	74656d20 	.word	0x74656d20
2000b4f8:	78302061 	.word	0x78302061
2000b4fc:	78363025 	.word	0x78363025
2000b500:	70736520 	.word	0x70736520
2000b504:	25783020 	.word	0x25783020
2000b508:	20783630 	.word	0x20783630
2000b50c:	20646e65 	.word	0x20646e65
2000b510:	30257830 	.word	0x30257830
2000b514:	0a0d7836 	.word	0x0a0d7836
2000b518:	00000000 	.word	0x00000000
2000b51c:	2061746f 	.word	0x2061746f
2000b520:	20707061 	.word	0x20707061
2000b524:	657a6973 	.word	0x657a6973
2000b528:	7525203a 	.word	0x7525203a
2000b52c:	74796220 	.word	0x74796220
2000b530:	0a0d7365 	.word	0x0a0d7365
2000b534:	00000000 	.word	0x00000000
2000b538:	2061746f 	.word	0x2061746f
2000b53c:	746f6f62 	.word	0x746f6f62
2000b540:	65686320 	.word	0x65686320
2000b544:	203a6b63 	.word	0x203a6b63
2000b548:	0a0d7325 	.word	0x0a0d7325
2000b54c:	00000000 	.word	0x00000000
2000b550:	2061746f 	.word	0x2061746f
2000b554:	6174656d 	.word	0x6174656d
2000b558:	7473203a 	.word	0x7473203a
2000b55c:	20657461 	.word	0x20657461
2000b560:	61207525 	.word	0x61207525
2000b564:	6d657474 	.word	0x6d657474
2000b568:	20737470 	.word	0x20737470
2000b56c:	67207525 	.word	0x67207525
2000b570:	65646c6f 	.word	0x65646c6f
2000b574:	7525206e 	.word	0x7525206e
2000b578:	74796220 	.word	0x74796220
2000b57c:	73207365 	.word	0x73207365
2000b580:	69676174 	.word	0x69676174
2000b584:	2520676e 	.word	0x2520676e
2000b588:	79622075 	.word	0x79622075
2000b58c:	0d736574 	.word	0x0d736574
2000b590:	0000000a 	.word	0x0000000a
2000b594:	25765748 	.word	0x25765748
2000b598:	61702073 	.word	0x61702073
2000b59c:	74656b63 	.word	0x74656b63
2000b5a0:	65732073 	.word	0x65732073
2000b5a4:	6465646e 	.word	0x6465646e
2000b5a8:	7830203a 	.word	0x7830203a
2000b5ac:	00007825 	.word	0x00007825
2000b5b0:	67206f6e 	.word	0x67206f6e
2000b5b4:	6e756f72 	.word	0x6e756f72
2000b5b8:	68742064 	.word	0x68742064
2000b5bc:	67756f72 	.word	0x67756f72
2000b5c0:	74692068 	.word	0x74692068
2000b5c4:	00000000 	.word	0x00000000
2000b5c8:	44495242 	.word	0x44495242
2000b5cc:	20444547 	.word	0x20444547
2000b5d0:	69206f74 	.word	0x69206f74
2000b5d4:	6e207374 	.word	0x6e207374
2000b5d8:	68676965 	.word	0x68676965
2000b5dc:	72756f62 	.word	0x72756f62
2000b5e0:	00000000 	.word	0x00000000
2000b5e4:	6c6c6977 	.word	0x6c6c6977
2000b5e8:	746f6e20 	.word	0x746f6e20
2000b5ec:	65706f20 	.word	0x65706f20
2000b5f0:	0000006e 	.word	0x0000006e
2000b5f4:	6e65706f 	.word	0x6e65706f
2000b5f8:	6e612073 	.word	0x6e612073
2000b5fc:	6c632064 	.word	0x6c632064
2000b600:	7365736f 	.word	0x7365736f
2000b604:	00000000 	.word	0x00000000
2000b608:	442f2b44 	.word	0x442f2b44
2000b60c:	00005441 	.word	0x00005441
2000b610:	432f2d44 	.word	0x432f2d44
2000b614:	00004b4c 	.word	0x00004b4c
2000b618:	25207325 	.word	0x25207325
2000b61c:	00000073 	.word	0x00000073
2000b620:	20544f4e 	.word	0x20544f4e
2000b624:	00007075 	.word	0x00007075
2000b628:	68203752 	.word	0x68203752
2000b62c:	73646c6f 	.word	0x73646c6f
2000b630:	20746920 	.word	0x20746920
2000b634:	00007325 	.word	0x00007325
2000b638:	6e732061 	.word	0x6e732061
2000b63c:	20666669 	.word	0x20666669
2000b640:	656e696c 	.word	0x656e696c
2000b644:	6c697720 	.word	0x6c697720
2000b648:	6f6e206c 	.word	0x6f6e206c
2000b64c:	6f6d2074 	.word	0x6f6d2074
2000b650:	00006576 	.word	0x00006576
2000b654:	68746f62 	.word	0x68746f62
2000b658:	6e696c20 	.word	0x6e696c20
2000b65c:	66207365 	.word	0x66207365
2000b660:	6f6c6c6f 	.word	0x6f6c6c6f
2000b664:	00000077 	.word	0x00000077
2000b668:	20746f6e 	.word	0x20746f6e
2000b66c:	75716572 	.word	0x75716572
2000b670:	65747365 	.word	0x65747365
2000b674:	00000064 	.word	0x00000064
2000b678:	53203155 	.word	0x53203155
2000b67c:	25204c45 	.word	0x25204c45
2000b680:	454f2075 	.word	0x454f2075
2000b684:	20752520 	.word	0x20752520
2000b688:	74736572 	.word	0x74736572
2000b68c:	6465726f 	.word	0x6465726f
2000b690:	00000000 	.word	0x00000000
2000b694:	206c6c61 	.word	0x206c6c61
2000b698:	6c6c6f66 	.word	0x6c6c6f66
2000b69c:	0000776f 	.word	0x0000776f
2000b6a0:	206c6c61 	.word	0x206c6c61
2000b6a4:	76697264 	.word	0x76697264
2000b6a8:	00000065 	.word	0x00000065
2000b6ac:	62206f6e 	.word	0x62206f6e
2000b6b0:	67646972 	.word	0x67646972
2000b6b4:	66207365 	.word	0x66207365
2000b6b8:	646e756f 	.word	0x646e756f
2000b6bc:	00000000 	.word	0x00000000
2000b6c0:	74207325 	.word	0x74207325
2000b6c4:	7325206f 	.word	0x7325206f
2000b6c8:	00000000 	.word	0x00000000
2000b6cc:	70207525 	.word	0x70207525
2000b6d0:	2c736e69 	.word	0x2c736e69
2000b6d4:	00732520 	.word	0x00732520
2000b6d8:	67676f74 	.word	0x67676f74
2000b6dc:	0073656c 	.word	0x0073656c
2000b6e0:	43555453 	.word	0x43555453
2000b6e4:	0000004b 	.word	0x0000004b
2000b6e8:	34315052 	.word	0x34315052
2000b6ec:	206f7420 	.word	0x206f7420
2000b6f0:	20505345 	.word	0x20505345
2000b6f4:	20394f49 	.word	0x20394f49
2000b6f8:	00007325 	.word	0x00007325
2000b6fc:	20505345 	.word	0x20505345
2000b700:	20384f49 	.word	0x20384f49
2000b704:	52206f74 	.word	0x52206f74
2000b708:	20353150 	.word	0x20353150
2000b70c:	00007325 	.word	0x00007325
2000b710:	66207525 	.word	0x66207525
2000b714:	656d6172 	.word	0x656d6172
2000b718:	25202c73 	.word	0x25202c73
2000b71c:	61622075 	.word	0x61622075
2000b720:	6f202c64 	.word	0x6f202c64
2000b724:	65736666 	.word	0x65736666
2000b728:	75252074 	.word	0x75252074
2000b72c:	00000000 	.word	0x00000000
2000b730:	73616c66 	.word	0x73616c66
2000b734:	454a2068 	.word	0x454a2068
2000b738:	20434544 	.word	0x20434544
2000b73c:	203a6469 	.word	0x203a6469
2000b740:	78323025 	.word	0x78323025
2000b744:	32302520 	.word	0x32302520
2000b748:	30252078 	.word	0x30252078
2000b74c:	0a0d7832 	.word	0x0a0d7832
2000b750:	00000000 	.word	0x00000000
2000b754:	73616c66 	.word	0x73616c66
2000b758:	69732068 	.word	0x69732068
2000b75c:	6420657a 	.word	0x6420657a
2000b760:	63657465 	.word	0x63657465
2000b764:	3a646574 	.word	0x3a646574
2000b768:	4b4e5520 	.word	0x4b4e5520
2000b76c:	4e574f4e 	.word	0x4e574f4e
2000b770:	6163202c 	.word	0x6163202c
2000b774:	69636170 	.word	0x69636170
2000b778:	63207974 	.word	0x63207974
2000b77c:	2065646f 	.word	0x2065646f
2000b780:	30257830 	.word	0x30257830
2000b784:	69207832 	.word	0x69207832
2000b788:	756f2073 	.word	0x756f2073
2000b78c:	666f2074 	.word	0x666f2074
2000b790:	6e617220 	.word	0x6e617220
2000b794:	0a0d6567 	.word	0x0a0d6567
2000b798:	00000000 	.word	0x00000000
2000b79c:	73616c66 	.word	0x73616c66
2000b7a0:	69732068 	.word	0x69732068
2000b7a4:	6420657a 	.word	0x6420657a
2000b7a8:	63657465 	.word	0x63657465
2000b7ac:	3a646574 	.word	0x3a646574
2000b7b0:	20752520 	.word	0x20752520
2000b7b4:	65747962 	.word	0x65747962
2000b7b8:	25282073 	.word	0x25282073
2000b7bc:	424d2075 	.word	0x424d2075
2000b7c0:	000a0d29 	.word	0x000a0d29
2000b7c4:	73616c66 	.word	0x73616c66
2000b7c8:	69732068 	.word	0x69732068
2000b7cc:	6320657a 	.word	0x6320657a
2000b7d0:	69666e6f 	.word	0x69666e6f
2000b7d4:	65727567 	.word	0x65727567
2000b7d8:	25203a64 	.word	0x25203a64
2000b7dc:	79622075 	.word	0x79622075
2000b7e0:	20736574 	.word	0x20736574
2000b7e4:	20752528 	.word	0x20752528
2000b7e8:	0d29424d 	.word	0x0d29424d
2000b7ec:	0000000a 	.word	0x0000000a
2000b7f0:	4e524157 	.word	0x4e524157
2000b7f4:	3a474e49 	.word	0x3a474e49
2000b7f8:	616c6620 	.word	0x616c6620
2000b7fc:	73206873 	.word	0x73206873
2000b800:	20657a69 	.word	0x20657a69
2000b804:	6d73696d 	.word	0x6d73696d
2000b808:	68637461 	.word	0x68637461
2000b80c:	6966202c 	.word	0x6966202c
2000b810:	49502078 	.word	0x49502078
2000b814:	465f4f43 	.word	0x465f4f43
2000b818:	4853414c 	.word	0x4853414c
2000b81c:	5a49535f 	.word	0x5a49535f
2000b820:	59425f45 	.word	0x59425f45
2000b824:	20534554 	.word	0x20534554
2000b828:	43206e69 	.word	0x43206e69
2000b82c:	656b614d 	.word	0x656b614d
2000b830:	7473694c 	.word	0x7473694c
2000b834:	78742e73 	.word	0x78742e73
2000b838:	00000d74 	.word	0x00000d74
2000b83c:	6a203355 	.word	0x6a203355
2000b840:	63656465 	.word	0x63656465
2000b844:	32302520 	.word	0x32302520
2000b848:	30252078 	.word	0x30252078
2000b84c:	25207832 	.word	0x25207832
2000b850:	00783230 	.word	0x00783230
2000b854:	4d207525 	.word	0x4d207525
2000b858:	62202c42 	.word	0x62202c42
2000b85c:	646c6975 	.word	0x646c6975
2000b860:	6e617720 	.word	0x6e617720
2000b864:	25207374 	.word	0x25207374
2000b868:	424d2075 	.word	0x424d2075
2000b86c:	00000000 	.word	0x00000000
2000b870:	61206b34 	.word	0x61206b34
2000b874:	78302074 	.word	0x78302074
2000b878:	78363025 	.word	0x78363025
2000b87c:	7525202c 	.word	0x7525202c
2000b880:	64616220 	.word	0x64616220
2000b884:	00000000 	.word	0x00000000
2000b888:	69207072 	.word	0x69207072
2000b88c:	6567616d 	.word	0x6567616d
2000b890:	4e4f4320 	.word	0x4e4f4320
2000b894:	4d524946 	.word	0x4d524946
2000b898:	68204445 	.word	0x68204445
2000b89c:	746c6165 	.word	0x746c6165
2000b8a0:	202c7968 	.word	0x202c7968
2000b8a4:	6c6c6f72 	.word	0x6c6c6f72
2000b8a8:	6b636162 	.word	0x6b636162
2000b8ac:	73696420 	.word	0x73696420
2000b8b0:	656d7261 	.word	0x656d7261
2000b8b4:	00000d64 	.word	0x00000d64
2000b8b8:	69207072 	.word	0x69207072
2000b8bc:	6567616d 	.word	0x6567616d
2000b8c0:	66666f20 	.word	0x66666f20
2000b8c4:	64657265 	.word	0x64657265
2000b8c8:	7525203a 	.word	0x7525203a
2000b8cc:	74796220 	.word	0x74796220
2000b8d0:	63207365 	.word	0x63207365
2000b8d4:	25206372 	.word	0x25206372
2000b8d8:	2c783830 	.word	0x2c783830
2000b8dc:	70616320 	.word	0x70616320
2000b8e0:	65727574 	.word	0x65727574
2000b8e4:	53555320 	.word	0x53555320
2000b8e8:	444e4550 	.word	0x444e4550
2000b8ec:	0a0d4445 	.word	0x0a0d4445
2000b8f0:	00000000 	.word	0x00000000
2000b8f4:	69207072 	.word	0x69207072
2000b8f8:	6567616d 	.word	0x6567616d
2000b8fc:	61727420 	.word	0x61727420
2000b900:	6566736e 	.word	0x6566736e
2000b904:	42412072 	.word	0x42412072
2000b908:	4554524f 	.word	0x4554524f
2000b90c:	74612044 	.word	0x74612044
2000b910:	6f6c6220 	.word	0x6f6c6220
2000b914:	25206b63 	.word	0x25206b63
2000b918:	61282075 	.word	0x61282075
2000b91c:	6d657474 	.word	0x6d657474
2000b920:	25207470 	.word	0x25207470
2000b924:	202c2975 	.word	0x202c2975
2000b928:	74706163 	.word	0x74706163
2000b92c:	20657275 	.word	0x20657275
2000b930:	55534552 	.word	0x55534552
2000b934:	0d44454d 	.word	0x0d44454d
2000b938:	0000000a 	.word	0x0000000a
2000b93c:	69207072 	.word	0x69207072
2000b940:	6567616d 	.word	0x6567616d
2000b944:	43524320 	.word	0x43524320
2000b948:	53494d20 	.word	0x53494d20
2000b94c:	4354414d 	.word	0x4354414d
2000b950:	67203a48 	.word	0x67203a48
2000b954:	2520746f 	.word	0x2520746f
2000b958:	20783830 	.word	0x20783830
2000b95c:	65707865 	.word	0x65707865
2000b960:	64657463 	.word	0x64657463
2000b964:	38302520 	.word	0x38302520
2000b968:	64202c78 	.word	0x64202c78
2000b96c:	61637369 	.word	0x61637369
2000b970:	64656472 	.word	0x64656472
2000b974:	74612820 	.word	0x74612820
2000b978:	706d6574 	.word	0x706d6574
2000b97c:	75252074 	.word	0x75252074
2000b980:	63202c29 	.word	0x63202c29
2000b984:	75747061 	.word	0x75747061
2000b988:	52206572 	.word	0x52206572
2000b98c:	4d555345 	.word	0x4d555345
2000b990:	0a0d4445 	.word	0x0a0d4445
2000b994:	00000000 	.word	0x00000000
2000b998:	69207072 	.word	0x69207072
2000b99c:	6567616d 	.word	0x6567616d
2000b9a0:	41545320 	.word	0x41545320
2000b9a4:	20444547 	.word	0x20444547
2000b9a8:	203a6b6f 	.word	0x203a6b6f
2000b9ac:	62207525 	.word	0x62207525
2000b9b0:	73657479 	.word	0x73657479
2000b9b4:	7525202c 	.word	0x7525202c
2000b9b8:	6f6c6220 	.word	0x6f6c6220
2000b9bc:	2c736b63 	.word	0x2c736b63
2000b9c0:	63726320 	.word	0x63726320
2000b9c4:	38302520 	.word	0x38302520
2000b9c8:	25202c78 	.word	0x25202c78
2000b9cc:	736d2075 	.word	0x736d2075
2000b9d0:	6163202c 	.word	0x6163202c
2000b9d4:	72757470 	.word	0x72757470
2000b9d8:	45522065 	.word	0x45522065
2000b9dc:	454d5553 	.word	0x454d5553
2000b9e0:	000a0d44 	.word	0x000a0d44
2000b9e4:	63207072 	.word	0x63207072
2000b9e8:	696d6d6f 	.word	0x696d6d6f
2000b9ec:	45522074 	.word	0x45522074
2000b9f0:	45535546 	.word	0x45535546
2000b9f4:	73203a44 	.word	0x73203a44
2000b9f8:	69676174 	.word	0x69676174
2000b9fc:	6320676e 	.word	0x6320676e
2000ba00:	64206372 	.word	0x64206372
2000ba04:	2073656f 	.word	0x2073656f
2000ba08:	20746f6e 	.word	0x20746f6e
2000ba0c:	6374616d 	.word	0x6374616d
2000ba10:	68742068 	.word	0x68742068
2000ba14:	656d2065 	.word	0x656d2065
2000ba18:	61646174 	.word	0x61646174
2000ba1c:	000d6174 	.word	0x000d6174
2000ba20:	63207072 	.word	0x63207072
2000ba24:	696d6d6f 	.word	0x696d6d6f
2000ba28:	45522074 	.word	0x45522074
2000ba2c:	45535546 	.word	0x45535546
2000ba30:	61203a44 	.word	0x61203a44
2000ba34:	73207070 	.word	0x73207070
2000ba38:	20657a69 	.word	0x20657a69
2000ba3c:	64207525 	.word	0x64207525
2000ba40:	2073656f 	.word	0x2073656f
2000ba44:	20746f6e 	.word	0x20746f6e
2000ba48:	20746966 	.word	0x20746966
2000ba4c:	20656874 	.word	0x20656874
2000ba50:	746f6c73 	.word	0x746f6c73
2000ba54:	00000a0d 	.word	0x00000a0d
2000ba58:	63207072 	.word	0x63207072
2000ba5c:	696d6d6f 	.word	0x696d6d6f
2000ba60:	62203a74 	.word	0x62203a74
2000ba64:	696b6361 	.word	0x696b6361
2000ba68:	7520676e 	.word	0x7520676e
2000ba6c:	75252070 	.word	0x75252070
2000ba70:	74796220 	.word	0x74796220
2000ba74:	74207365 	.word	0x74207365
2000ba78:	6f67206f 	.word	0x6f67206f
2000ba7c:	6e65646c 	.word	0x6e65646c
2000ba80:	6163202c 	.word	0x6163202c
2000ba84:	72757470 	.word	0x72757470
2000ba88:	55532065 	.word	0x55532065
2000ba8c:	4e455053 	.word	0x4e455053
2000ba90:	0d444544 	.word	0x0d444544
2000ba94:	0000000a 	.word	0x0000000a
2000ba98:	63207072 	.word	0x63207072
2000ba9c:	696d6d6f 	.word	0x696d6d6f
2000baa0:	42412074 	.word	0x42412074
2000baa4:	4554524f 	.word	0x4554524f
2000baa8:	67203a44 	.word	0x67203a44
2000baac:	65646c6f 	.word	0x65646c6f
2000bab0:	6162206e 	.word	0x6162206e
2000bab4:	70756b63 	.word	0x70756b63
2000bab8:	64696420 	.word	0x64696420
2000babc:	746f6e20 	.word	0x746f6e20
2000bac0:	72657620 	.word	0x72657620
2000bac4:	2c796669 	.word	0x2c796669
2000bac8:	746f6e20 	.word	0x746f6e20
2000bacc:	676e6968 	.word	0x676e6968
2000bad0:	73617720 	.word	0x73617720
2000bad4:	70706120 	.word	0x70706120
2000bad8:	6465696c 	.word	0x6465696c
2000badc:	0000000d 	.word	0x0000000d
2000bae0:	63207072 	.word	0x63207072
2000bae4:	696d6d6f 	.word	0x696d6d6f
2000bae8:	61203a74 	.word	0x61203a74
2000baec:	796c7070 	.word	0x796c7070
2000baf0:	20676e69 	.word	0x20676e69
2000baf4:	62207525 	.word	0x62207525
2000baf8:	73657479 	.word	0x73657479
2000bafc:	65766f20 	.word	0x65766f20
2000bb00:	68742072 	.word	0x68742072
2000bb04:	70612065 	.word	0x70612065
2000bb08:	44202c70 	.word	0x44202c70
2000bb0c:	4f4e204f 	.word	0x4f4e204f
2000bb10:	4f502054 	.word	0x4f502054
2000bb14:	20524557 	.word	0x20524557
2000bb18:	0d46464f 	.word	0x0d46464f
2000bb1c:	0000000a 	.word	0x0000000a
2000bb20:	63207072 	.word	0x63207072
2000bb24:	696d6d6f 	.word	0x696d6d6f
2000bb28:	69642074 	.word	0x69642074
2000bb2c:	4f4e2064 	.word	0x4f4e2064
2000bb30:	65762054 	.word	0x65762054
2000bb34:	79666972 	.word	0x79666972
2000bb38:	6874202c 	.word	0x6874202c
2000bb3c:	656e2065 	.word	0x656e2065
2000bb40:	62207478 	.word	0x62207478
2000bb44:	20746f6f 	.word	0x20746f6f
2000bb48:	72746572 	.word	0x72746572
2000bb4c:	20736569 	.word	0x20736569
2000bb50:	6d6f7266 	.word	0x6d6f7266
2000bb54:	61747320 	.word	0x61747320
2000bb58:	676e6967 	.word	0x676e6967
2000bb5c:	0000000d 	.word	0x0000000d
2000bb60:	63207072 	.word	0x63207072
2000bb64:	696d6d6f 	.word	0x696d6d6f
2000bb68:	6f642074 	.word	0x6f642074
2000bb6c:	202c656e 	.word	0x202c656e
2000bb70:	6f626572 	.word	0x6f626572
2000bb74:	6e69746f 	.word	0x6e69746f
2000bb78:	6e692067 	.word	0x6e692067
2000bb7c:	74206f74 	.word	0x74206f74
2000bb80:	6e206568 	.word	0x6e206568
2000bb84:	69207765 	.word	0x69207765
2000bb88:	6567616d 	.word	0x6567616d
2000bb8c:	0000000d 	.word	0x0000000d
2000bb90:	25207325 	.word	0x25207325
2000bb94:	486b2075 	.word	0x486b2075
2000bb98:	0000007a 	.word	0x0000007a
2000bb9c:	20656964 	.word	0x20656964
2000bba0:	252e6425 	.word	0x252e6425
2000bba4:	20753130 	.word	0x20753130
2000bba8:	00000043 	.word	0x00000043
2000bbac:	20746f6e 	.word	0x20746f6e
2000bbb0:	74746966 	.word	0x74746966
2000bbb4:	6f206465 	.word	0x6f206465
2000bbb8:	6874206e 	.word	0x6874206e
2000bbbc:	76207369 	.word	0x76207369
2000bbc0:	61697261 	.word	0x61697261
2000bbc4:	0000746e 	.word	0x0000746e
2000bbc8:	62207525 	.word	0x62207525
2000bbcc:	2c647561 	.word	0x2c647561
2000bbd0:	20787420 	.word	0x20787420
2000bbd4:	72207525 	.word	0x72207525
2000bbd8:	75252078 	.word	0x75252078
2000bbdc:	00000000 	.word	0x00000000
2000bbe0:	696c6176 	.word	0x696c6176
2000bbe4:	00000064 	.word	0x00000064
2000bbe8:	6e616c62 	.word	0x6e616c62
2000bbec:	726f206b 	.word	0x726f206b
2000bbf0:	61747320 	.word	0x61747320
2000bbf4:	0000656c 	.word	0x0000656c
2000bbf8:	20544f4e 	.word	0x20544f4e
2000bbfc:	74736572 	.word	0x74736572
2000bc00:	6465726f 	.word	0x6465726f
2000bc04:	00000000 	.word	0x00000000
2000bc08:	206c6c61 	.word	0x206c6c61
2000bc0c:	74736572 	.word	0x74736572
2000bc10:	6465726f 	.word	0x6465726f
2000bc14:	00000000 	.word	0x00000000
2000bc18:	666c6573 	.word	0x666c6573
2000bc1c:	73657420 	.word	0x73657420
2000bc20:	75722074 	.word	0x75722074
2000bc24:	7525206e 	.word	0x7525206e
2000bc28:	6163203a 	.word	0x6163203a
2000bc2c:	72757470 	.word	0x72757470
2000bc30:	55532065 	.word	0x55532065
2000bc34:	4e455053 	.word	0x4e455053
2000bc38:	2c444544 	.word	0x2c444544
2000bc3c:	74706f20 	.word	0x74706f20
2000bc40:	736e6f69 	.word	0x736e6f69
2000bc44:	32302520 	.word	0x32302520
2000bc48:	000a0d78 	.word	0x000a0d78
2000bc4c:	20732576 	.word	0x20732576
2000bc50:	00007325 	.word	0x00007325
2000bc54:	00327370 	.word	0x00327370
2000bc58:	61727473 	.word	0x61727473
2000bc5c:	72207370 	.word	0x72207370
2000bc60:	20646165 	.word	0x20646165
2000bc64:	00007325 	.word	0x00007325
2000bc68:	54203455 	.word	0x54203455
2000bc6c:	004f5843 	.word	0x004f5843
2000bc70:	5f6b6c63 	.word	0x5f6b6c63
2000bc74:	00737973 	.word	0x00737973
2000bc78:	5f6b6c63 	.word	0x5f6b6c63
2000bc7c:	69726570 	.word	0x69726570
2000bc80:	00000000 	.word	0x00000000
2000bc84:	5f6b6c63 	.word	0x5f6b6c63
2000bc88:	00627375 	.word	0x00627375
2000bc8c:	5f6b6c63 	.word	0x5f6b6c63
2000bc90:	00636461 	.word	0x00636461
2000bc94:	63736f72 	.word	0x63736f72
2000bc98:	00000000 	.word	0x00000000
2000bc9c:	3244454c 	.word	0x3244454c
2000bca0:	5052202c 	.word	0x5052202c
2000bca4:	49504720 	.word	0x49504720
2000bca8:	0036324f 	.word	0x0036324f
2000bcac:	666c6573 	.word	0x666c6573
2000bcb0:	73657420 	.word	0x73657420
2000bcb4:	6f642074 	.word	0x6f642074
2000bcb8:	202c656e 	.word	0x202c656e
2000bcbc:	74706163 	.word	0x74706163
2000bcc0:	20657275 	.word	0x20657275
2000bcc4:	55534552 	.word	0x55534552
2000bcc8:	0d44454d 	.word	0x0d44454d
2000bccc:	00000000 	.word	0x00000000
2000bcd0:	20697073 	.word	0x20697073
2000bcd4:	636e6562 	.word	0x636e6562
2000bcd8:	74203a68 	.word	0x74203a68
2000bcdc:	65206568 	.word	0x65206568
2000bce0:	64207073 	.word	0x64207073
2000bce4:	6e206469 	.word	0x6e206469
2000bce8:	6120746f 	.word	0x6120746f
2000bcec:	6f6e6b63 	.word	0x6f6e6b63
2000bcf0:	64656c77 	.word	0x64656c77
2000bcf4:	25206567 	.word	0x25206567
2000bcf8:	75252073 	.word	0x75252073
2000bcfc:	6967202c 	.word	0x6967202c
2000bd00:	676e6976 	.word	0x676e6976
2000bd04:	0d707520 	.word	0x0d707520
2000bd08:	0000000a 	.word	0x0000000a
2000bd0c:	20697073 	.word	0x20697073
2000bd10:	636e6562 	.word	0x636e6562
2000bd14:	74203a68 	.word	0x74203a68
2000bd18:	65206568 	.word	0x65206568
2000bd1c:	64207073 	.word	0x64207073
2000bd20:	6e206469 	.word	0x6e206469
2000bd24:	6120746f 	.word	0x6120746f
2000bd28:	70656363 	.word	0x70656363
2000bd2c:	68742074 	.word	0x68742074
2000bd30:	6f632065 	.word	0x6f632065
2000bd34:	7269666e 	.word	0x7269666e
2000bd38:	6974616d 	.word	0x6974616d
2000bd3c:	73206e6f 	.word	0x73206e6f
2000bd40:	74726174 	.word	0x74726174
2000bd44:	0000000d 	.word	0x0000000d
2000bd48:	20697073 	.word	0x20697073
2000bd4c:	636e6562 	.word	0x636e6562
2000bd50:	63203a68 	.word	0x63203a68
2000bd54:	69666e6f 	.word	0x69666e6f
2000bd58:	6e696d72 	.word	0x6e696d72
2000bd5c:	75252067 	.word	0x75252067
2000bd60:	207a4820 	.word	0x207a4820
2000bd64:	20726f66 	.word	0x20726f66
2000bd68:	6d207525 	.word	0x6d207525
2000bd6c:	74202c73 	.word	0x74202c73
2000bd70:	20736968 	.word	0x20736968
2000bd74:	74207369 	.word	0x74207369
2000bd78:	6e206568 	.word	0x6e206568
2000bd7c:	65626d75 	.word	0x65626d75
2000bd80:	68742072 	.word	0x68742072
2000bd84:	63207461 	.word	0x63207461
2000bd88:	746e756f 	.word	0x746e756f
2000bd8c:	000a0d73 	.word	0x000a0d73
2000bd90:	20697073 	.word	0x20697073
2000bd94:	636e6562 	.word	0x636e6562
2000bd98:	6f632068 	.word	0x6f632068
2000bd9c:	7269666e 	.word	0x7269666e
2000bda0:	25203a6d 	.word	0x25203a6d
2000bda4:	75252f75 	.word	0x75252f75
2000bda8:	2c736d20 	.word	0x2c736d20
2000bdac:	20752520 	.word	0x20752520
2000bdb0:	6d617266 	.word	0x6d617266
2000bdb4:	202c7365 	.word	0x202c7365
2000bdb8:	6f73696d 	.word	0x6f73696d
2000bdbc:	64616220 	.word	0x64616220
2000bdc0:	2c752520 	.word	0x2c752520
2000bdc4:	61747320 	.word	0x61747320
2000bdc8:	2520656c 	.word	0x2520656c
2000bdcc:	78202c75 	.word	0x78202c75
2000bdd0:	20726566 	.word	0x20726566
2000bdd4:	6c696166 	.word	0x6c696166
2000bdd8:	2c752520 	.word	0x2c752520
2000bddc:	66666f20 	.word	0x66666f20
2000bde0:	20746573 	.word	0x20746573
2000bde4:	2078616d 	.word	0x2078616d
2000bde8:	0a0d7525 	.word	0x0a0d7525
2000bdec:	00000000 	.word	0x00000000
2000bdf0:	20697073 	.word	0x20697073
2000bdf4:	636e6562 	.word	0x636e6562
2000bdf8:	74203a68 	.word	0x74203a68
2000bdfc:	65206568 	.word	0x65206568
2000be00:	6e207073 	.word	0x6e207073
2000be04:	72657665 	.word	0x72657665
2000be08:	6f6f7420 	.word	0x6f6f7420
2000be0c:	6874206b 	.word	0x6874206b
2000be10:	69662065 	.word	0x69662065
2000be14:	206c616e 	.word	0x206c616e
2000be18:	666e6f63 	.word	0x666e6f63
2000be1c:	616d7269 	.word	0x616d7269
2000be20:	6e6f6974 	.word	0x6e6f6974
2000be24:	73657220 	.word	0x73657220
2000be28:	0d746c75 	.word	0x0d746c75
2000be2c:	00000000 	.word	0x00000000
2000be30:	20697073 	.word	0x20697073
2000be34:	636e6562 	.word	0x636e6562
2000be38:	74203a68 	.word	0x74203a68
2000be3c:	65206568 	.word	0x65206568
2000be40:	73207073 	.word	0x73207073
2000be44:	70706f74 	.word	0x70706f74
2000be48:	61206465 	.word	0x61206465
2000be4c:	6f6e6b63 	.word	0x6f6e6b63
2000be50:	64656c77 	.word	0x64656c77
2000be54:	676e6967 	.word	0x676e6967
2000be58:	65687420 	.word	0x65687420
2000be5c:	6e6f6320 	.word	0x6e6f6320
2000be60:	6d726966 	.word	0x6d726966
2000be64:	6f697461 	.word	0x6f697461
2000be68:	73202c6e 	.word	0x73202c6e
2000be6c:	70706f74 	.word	0x70706f74
2000be70:	0d676e69 	.word	0x0d676e69
2000be74:	00000000 	.word	0x00000000
2000be78:	20697073 	.word	0x20697073
2000be7c:	636e6562 	.word	0x636e6562
2000be80:	74203a68 	.word	0x74203a68
2000be84:	65206568 	.word	0x65206568
2000be88:	64207073 	.word	0x64207073
2000be8c:	70706f72 	.word	0x70706f72
2000be90:	6f206465 	.word	0x6f206465
2000be94:	6f207475 	.word	0x6f207475
2000be98:	68742066 	.word	0x68742066
2000be9c:	6f632065 	.word	0x6f632065
2000bea0:	7269666e 	.word	0x7269666e
2000bea4:	6974616d 	.word	0x6974616d
2000bea8:	202c6e6f 	.word	0x202c6e6f
2000beac:	706f7473 	.word	0x706f7473
2000beb0:	676e6970 	.word	0x676e6970
2000beb4:	0000000d 	.word	0x0000000d
2000beb8:	74737953 	.word	0x74737953
2000bebc:	63206d65 	.word	0x63206d65
2000bec0:	6b636f6c 	.word	0x6b636f6c
2000bec4:	20666f20 	.word	0x20666f20
2000bec8:	6b207525 	.word	0x6b207525
2000becc:	63207a48 	.word	0x63207a48
2000bed0:	6f6e6e61 	.word	0x6f6e6e61
2000bed4:	65622074 	.word	0x65622074
2000bed8:	61786520 	.word	0x61786520
2000bedc:	796c7463 	.word	0x796c7463
2000bee0:	68636120 	.word	0x68636120
2000bee4:	65766569 	.word	0x65766569
2000bee8:	00000064 	.word	0x00000064
2000beec:	42554f44 	.word	0x42554f44
2000bef0:	2044454c 	.word	0x2044454c
2000bef4:	20726f66 	.word	0x20726f66
2000bef8:	73696874 	.word	0x73696874
2000befc:	6e757220 	.word	0x6e757220
2000bf00:	00000000 	.word	0x00000000
2000bf04:	6c756f63 	.word	0x6c756f63
2000bf08:	4f4e2064 	.word	0x4f4e2064
2000bf0c:	65622054 	.word	0x65622054
2000bf10:	756f6420 	.word	0x756f6420
2000bf14:	64656c62 	.word	0x64656c62
2000bf18:	00000000 	.word	0x00000000
2000bf1c:	30332e31 	.word	0x30332e31
2000bf20:	00005620 	.word	0x00005620
2000bf24:	30312e31 	.word	0x30312e31
2000bf28:	00005620 	.word	0x00005620
2000bf2c:	74726175 	.word	0x74726175
2000bf30:	00000000 	.word	0x00000000
2000bf34:	00697073 	.word	0x00697073
2000bf38:	20656874 	.word	0x20656874
2000bf3c:	75716572 	.word	0x75716572
2000bf40:	65747365 	.word	0x65747365
2000bf44:	61722064 	.word	0x61722064
2000bf48:	2065676e 	.word	0x2065676e
2000bf4c:	65207369 	.word	0x65207369
2000bf50:	7974706d 	.word	0x7974706d
2000bf54:	00000000 	.word	0x00000000
2000bf58:	20656874 	.word	0x20656874
2000bf5c:	20707365 	.word	0x20707365
2000bf60:	6576656e 	.word	0x6576656e
2000bf64:	6e612072 	.word	0x6e612072
2000bf68:	72657773 	.word	0x72657773
2000bf6c:	00006465 	.word	0x00006465
2000bf70:	6874202c 	.word	0x6874202c
2000bf74:	656e2065 	.word	0x656e2065
2000bf78:	6f207478 	.word	0x6f207478
2000bf7c:	7520656e 	.word	0x7520656e
2000bf80:	61662070 	.word	0x61662070
2000bf84:	64656c69 	.word	0x64656c69
2000bf88:	00000000 	.word	0x00000000
2000bf8c:	6f6e202c 	.word	0x6f6e202c
2000bf90:	6e696874 	.word	0x6e696874
2000bf94:	62612067 	.word	0x62612067
2000bf98:	2065766f 	.word	0x2065766f
2000bf9c:	66207469 	.word	0x66207469
2000bfa0:	656c6961 	.word	0x656c6961
2000bfa4:	00000064 	.word	0x00000064
2000bfa8:	20697073 	.word	0x20697073
2000bfac:	636e6562 	.word	0x636e6562
2000bfb0:	73203a68 	.word	0x73203a68
2000bfb4:	65747379 	.word	0x65747379
2000bfb8:	6c63206d 	.word	0x6c63206d
2000bfbc:	206b636f 	.word	0x206b636f
2000bfc0:	202c7325 	.word	0x202c7325
2000bfc4:	20776f6e 	.word	0x20776f6e
2000bfc8:	48207525 	.word	0x48207525
2000bfcc:	63202c7a 	.word	0x63202c7a
2000bfd0:	2065726f 	.word	0x2065726f
2000bfd4:	0a0d7325 	.word	0x0a0d7325
2000bfd8:	00000000 	.word	0x00000000
2000bfdc:	62207325 	.word	0x62207325
2000bfe0:	68636e65 	.word	0x68636e65
2000bfe4:	6e757220 	.word	0x6e757220
2000bfe8:	3a752520 	.word	0x3a752520
2000bfec:	70616320 	.word	0x70616320
2000bff0:	65727574 	.word	0x65727574
2000bff4:	53555320 	.word	0x53555320
2000bff8:	444e4550 	.word	0x444e4550
2000bffc:	202c4445 	.word	0x202c4445
2000c000:	63207525 	.word	0x63207525
2000c004:	7372616f 	.word	0x7372616f
2000c008:	74732065 	.word	0x74732065
2000c00c:	20737065 	.word	0x20737065
2000c010:	2520666f 	.word	0x2520666f
2000c014:	736d2075 	.word	0x736d2075
2000c018:	65766f20 	.word	0x65766f20
2000c01c:	75252072 	.word	0x75252072
2000c020:	2075252d 	.word	0x2075252d
2000c024:	2c7a486b 	.word	0x2c7a486b
2000c028:	6e6f6320 	.word	0x6e6f6320
2000c02c:	6d726966 	.word	0x6d726966
2000c030:	20752520 	.word	0x20752520
2000c034:	202c736d 	.word	0x202c736d
2000c038:	73207525 	.word	0x73207525
2000c03c:	20706574 	.word	0x20706574
2000c040:	6e776f64 	.word	0x6e776f64
2000c044:	63202c73 	.word	0x63202c73
2000c048:	735f6b6c 	.word	0x735f6b6c
2000c04c:	25207379 	.word	0x25207379
2000c050:	7a482075 	.word	0x7a482075
2000c054:	6c63202c 	.word	0x6c63202c
2000c058:	65705f6b 	.word	0x65705f6b
2000c05c:	6e206972 	.word	0x6e206972
2000c060:	616d726f 	.word	0x616d726f
2000c064:	20796c6c 	.word	0x20796c6c
2000c068:	48207525 	.word	0x48207525
2000c06c:	000a0d7a 	.word	0x000a0d7a
2000c070:	62207325 	.word	0x62207325
2000c074:	68636e65 	.word	0x68636e65
2000c078:	6f626120 	.word	0x6f626120
2000c07c:	64657472 	.word	0x64657472
2000c080:	7325203a 	.word	0x7325203a
2000c084:	00000a0d 	.word	0x00000a0d
2000c088:	20697073 	.word	0x20697073
2000c08c:	636e6562 	.word	0x636e6562
2000c090:	52203a68 	.word	0x52203a68
2000c094:	4d555345 	.word	0x4d555345
2000c098:	20474e49 	.word	0x20474e49
2000c09c:	666e6f63 	.word	0x666e6f63
2000c0a0:	616d7269 	.word	0x616d7269
2000c0a4:	6e6f6974 	.word	0x6e6f6974
2000c0a8:	6f726620 	.word	0x6f726620
2000c0ac:	7525206d 	.word	0x7525206d
2000c0b0:	207a4820 	.word	0x207a4820
2000c0b4:	65746661 	.word	0x65746661
2000c0b8:	20612072 	.word	0x20612072
2000c0bc:	65736572 	.word	0x65736572
2000c0c0:	000a0d74 	.word	0x000a0d74
2000c0c4:	70657473 	.word	0x70657473
2000c0c8:	00000000 	.word	0x00000000
2000c0cc:	62207325 	.word	0x62207325
2000c0d0:	68636e65 	.word	0x68636e65
2000c0d4:	6968203a 	.word	0x6968203a
2000c0d8:	73656867 	.word	0x73656867
2000c0dc:	6c632074 	.word	0x6c632074
2000c0e0:	206e6165 	.word	0x206e6165
2000c0e4:	65746172 	.word	0x65746172
2000c0e8:	20752520 	.word	0x20752520
2000c0ec:	73257a48 	.word	0x73257a48
2000c0f0:	00000a0d 	.word	0x00000a0d
2000c0f4:	69666572 	.word	0x69666572
2000c0f8:	0000656e 	.word	0x0000656e
2000c0fc:	20697073 	.word	0x20697073
2000c100:	636e6562 	.word	0x636e6562
2000c104:	43203a68 	.word	0x43203a68
2000c108:	49464e4f 	.word	0x49464e4f
2000c10c:	44454d52 	.word	0x44454d52
2000c110:	20752520 	.word	0x20752520
2000c114:	6f207a48 	.word	0x6f207a48
2000c118:	20726576 	.word	0x20726576
2000c11c:	6d207525 	.word	0x6d207525
2000c120:	25202c73 	.word	0x25202c73
2000c124:	72662075 	.word	0x72662075
2000c128:	73656d61 	.word	0x73656d61
2000c12c:	6f6e202c 	.word	0x6f6e202c
2000c130:	6e696874 	.word	0x6e696874
2000c134:	6f6c2067 	.word	0x6f6c2067
2000c138:	0a0d7473 	.word	0x0a0d7473
2000c13c:	00000000 	.word	0x00000000
2000c140:	20697073 	.word	0x20697073
2000c144:	636e6562 	.word	0x636e6562
2000c148:	25203a68 	.word	0x25203a68
2000c14c:	7a482075 	.word	0x7a482075
2000c150:	64696420 	.word	0x64696420
2000c154:	544f4e20 	.word	0x544f4e20
2000c158:	72757320 	.word	0x72757320
2000c15c:	65766976 	.word	0x65766976
2000c160:	65687420 	.word	0x65687420
2000c164:	6e6f6320 	.word	0x6e6f6320
2000c168:	6d726966 	.word	0x6d726966
2000c16c:	6f697461 	.word	0x6f697461
2000c170:	64202c6e 	.word	0x64202c6e
2000c174:	70706f72 	.word	0x70706f72
2000c178:	20676e69 	.word	0x20676e69
2000c17c:	74732061 	.word	0x74732061
2000c180:	0a0d7065 	.word	0x0a0d7065
2000c184:	00000000 	.word	0x00000000
2000c188:	20697073 	.word	0x20697073
2000c18c:	636e6562 	.word	0x636e6562
2000c190:	6f642068 	.word	0x6f642068
2000c194:	202c656e 	.word	0x202c656e
2000c198:	74706163 	.word	0x74706163
2000c19c:	20657275 	.word	0x20657275
2000c1a0:	55534552 	.word	0x55534552
2000c1a4:	2c44454d 	.word	0x2c44454d
2000c1a8:	6b6c6320 	.word	0x6b6c6320
2000c1ac:	7379735f 	.word	0x7379735f
2000c1b0:	20752520 	.word	0x20752520
2000c1b4:	202c7a48 	.word	0x202c7a48
2000c1b8:	5f6b6c63 	.word	0x5f6b6c63
2000c1bc:	69726570 	.word	0x69726570
2000c1c0:	20752520 	.word	0x20752520
2000c1c4:	202c7a48 	.word	0x202c7a48
2000c1c8:	20697073 	.word	0x20697073
2000c1cc:	48207525 	.word	0x48207525
2000c1d0:	000a0d7a 	.word	0x000a0d7a
2000c1d4:	00005055 	.word	0x00005055
2000c1d8:	4e574f44 	.word	0x4e574f44
2000c1dc:	00000000 	.word	0x00000000
2000c1e0:	73652820 	.word	0x73652820
2000c1e4:	69732070 	.word	0x69732070
2000c1e8:	746e656c 	.word	0x746e656c
2000c1ec:	6f6e202c 	.word	0x6f6e202c
2000c1f0:	72642074 	.word	0x72642074
2000c1f4:	6e697669 	.word	0x6e697669
2000c1f8:	696d2067 	.word	0x696d2067
2000c1fc:	79206f73 	.word	0x79206f73
2000c200:	00297465 	.word	0x00297465
2000c204:	20707365 	.word	0x20707365
2000c208:	69666977 	.word	0x69666977
2000c20c:	2c732520 	.word	0x2c732520
2000c210:	64646120 	.word	0x64646120
2000c214:	73736572 	.word	0x73736572
2000c218:	2e752520 	.word	0x2e752520
2000c21c:	252e7525 	.word	0x252e7525
2000c220:	75252e75 	.word	0x75252e75
2000c224:	00000a0d 	.word	0x00000a0d
2000c228:	20707365 	.word	0x20707365
2000c22c:	6b6e696c 	.word	0x6b6e696c
2000c230:	2c732520 	.word	0x2c732520
2000c234:	70736520 	.word	0x70736520
2000c238:	20776620 	.word	0x20776620
2000c23c:	2c752576 	.word	0x2c752576
2000c240:	6c6f7020 	.word	0x6c6f7020
2000c244:	6f20736c 	.word	0x6f20736c
2000c248:	7525206b 	.word	0x7525206b
2000c24c:	69616620 	.word	0x69616620
2000c250:	2064656c 	.word	0x2064656c
2000c254:	0a0d7525 	.word	0x0a0d7525
2000c258:	00000000 	.word	0x00000000
2000c25c:	20707365 	.word	0x20707365
2000c260:	6c6c6f70 	.word	0x6c6c6f70
2000c264:	6b6f2073 	.word	0x6b6f2073
2000c268:	20752520 	.word	0x20752520
2000c26c:	6c696166 	.word	0x6c696166
2000c270:	25206465 	.word	0x25206465
2000c274:	74282075 	.word	0x74282075
2000c278:	6f656d69 	.word	0x6f656d69
2000c27c:	25207475 	.word	0x25207475
2000c280:	61622075 	.word	0x61622075
2000c284:	61726664 	.word	0x61726664
2000c288:	2520656d 	.word	0x2520656d
2000c28c:	202c2975 	.word	0x202c2975
2000c290:	6d617266 	.word	0x6d617266
2000c294:	666f2065 	.word	0x666f2065
2000c298:	74657366 	.word	0x74657366
2000c29c:	20752520 	.word	0x20752520
2000c2a0:	6e696d28 	.word	0x6e696d28
2000c2a4:	20752520 	.word	0x20752520
2000c2a8:	2078616d 	.word	0x2078616d
2000c2ac:	6f207525 	.word	0x6f207525
2000c2b0:	75252066 	.word	0x75252066
2000c2b4:	75202c29 	.word	0x75202c29
2000c2b8:	6d697470 	.word	0x6d697470
2000c2bc:	75252065 	.word	0x75252065
2000c2c0:	0d736d20 	.word	0x0d736d20
2000c2c4:	0000000a 	.word	0x0000000a
2000c2c8:	7473616c 	.word	0x7473616c
2000c2cc:	64616220 	.word	0x64616220
2000c2d0:	61726620 	.word	0x61726620
2000c2d4:	203a656d 	.word	0x203a656d
2000c2d8:	78323025 	.word	0x78323025
2000c2dc:	32302520 	.word	0x32302520
2000c2e0:	30252078 	.word	0x30252078
2000c2e4:	25207832 	.word	0x25207832
2000c2e8:	20783230 	.word	0x20783230
2000c2ec:	78323025 	.word	0x78323025
2000c2f0:	32302520 	.word	0x32302520
2000c2f4:	30252078 	.word	0x30252078
2000c2f8:	25207832 	.word	0x25207832
2000c2fc:	20783230 	.word	0x20783230
2000c300:	78323025 	.word	0x78323025
2000c304:	32302520 	.word	0x32302520
2000c308:	30252078 	.word	0x30252078
2000c30c:	25207832 	.word	0x25207832
2000c310:	20783230 	.word	0x20783230
2000c314:	78323025 	.word	0x78323025
2000c318:	32302520 	.word	0x32302520
2000c31c:	30252078 	.word	0x30252078
2000c320:	25207832 	.word	0x25207832
2000c324:	20783230 	.word	0x20783230
2000c328:	202e2e2e 	.word	0x202e2e2e
2000c32c:	6c696174 	.word	0x6c696174
2000c330:	32302520 	.word	0x32302520
2000c334:	0d732578 	.word	0x0d732578
2000c338:	0000000a 	.word	0x0000000a
2000c33c:	20626577 	.word	0x20626577
2000c340:	75716572 	.word	0x75716572
2000c344:	65747365 	.word	0x65747365
2000c348:	4f422064 	.word	0x4f422064
2000c34c:	4553544f 	.word	0x4553544f
2000c350:	72202c4c 	.word	0x72202c4c
2000c354:	6f6f6265 	.word	0x6f6f6265
2000c358:	676e6974 	.word	0x676e6974
2000c35c:	746e6920 	.word	0x746e6920
2000c360:	6874206f 	.word	0x6874206f
2000c364:	6f622065 	.word	0x6f622065
2000c368:	6f6c746f 	.word	0x6f6c746f
2000c36c:	72656461 	.word	0x72656461
2000c370:	6f726620 	.word	0x6f726620
2000c374:	6f63206d 	.word	0x6f63206d
2000c378:	30206572 	.word	0x30206572
2000c37c:	0000000d 	.word	0x0000000d
2000c380:	20626577 	.word	0x20626577
2000c384:	75716572 	.word	0x75716572
2000c388:	65747365 	.word	0x65747365
2000c38c:	20612064 	.word	0x20612064
2000c390:	65736572 	.word	0x65736572
2000c394:	72202c74 	.word	0x72202c74
2000c398:	6f6f6265 	.word	0x6f6f6265
2000c39c:	676e6974 	.word	0x676e6974
2000c3a0:	65687420 	.word	0x65687420
2000c3a4:	20505220 	.word	0x20505220
2000c3a8:	69687428 	.word	0x69687428
2000c3ac:	65722073 	.word	0x65722073
2000c3b0:	73746573 	.word	0x73746573
2000c3b4:	65687420 	.word	0x65687420
2000c3b8:	50534520 	.word	0x50534520
2000c3bc:	6f6f7420 	.word	0x6f6f7420
2000c3c0:	00000d29 	.word	0x00000d29
2000c3c4:	56414c53 	.word	0x56414c53
2000c3c8:	45522045 	.word	0x45522045
2000c3cc:	21594441 	.word	0x21594441
2000c3d0:	00000000 	.word	0x00000000
2000c3d4:	20505345 	.word	0x20505345
2000c3d8:	76616c73 	.word	0x76616c73
2000c3dc:	6f6e2065 	.word	0x6f6e2065
2000c3e0:	72612074 	.word	0x72612074
2000c3e4:	2064656d 	.word	0x2064656d
2000c3e8:	2c746579 	.word	0x2c746579
2000c3ec:	65687420 	.word	0x65687420
2000c3f0:	6c6f7020 	.word	0x6c6f7020
2000c3f4:	6f6c206c 	.word	0x6f6c206c
2000c3f8:	7720706f 	.word	0x7720706f
2000c3fc:	206c6c69 	.word	0x206c6c69
2000c400:	7065656b 	.word	0x7065656b
2000c404:	74657220 	.word	0x74657220
2000c408:	6e697972 	.word	0x6e697972
2000c40c:	00000067 	.word	0x00000067
2000c410:	45522820 	.word	0x45522820
2000c414:	444e4957 	.word	0x444e4957
2000c418:	53494420 	.word	0x53494420
2000c41c:	454c4241 	.word	0x454c4241
2000c420:	00002944 	.word	0x00002944
2000c424:	20207325 	.word	0x20207325
2000c428:	000a0d20 	.word	0x000a0d20
2000c42c:	20327370 	.word	0x20327370
2000c430:	20697073 	.word	0x20697073
2000c434:	69776572 	.word	0x69776572
2000c438:	4420646e 	.word	0x4420646e
2000c43c:	42415349 	.word	0x42415349
2000c440:	2044454c 	.word	0x2044454c
2000c444:	65746661 	.word	0x65746661
2000c448:	75252072 	.word	0x75252072
2000c44c:	77657220 	.word	0x77657220
2000c450:	73646e69 	.word	0x73646e69
2000c454:	206e6920 	.word	0x206e6920
2000c458:	72207525 	.word	0x72207525
2000c45c:	726f6365 	.word	0x726f6365
2000c460:	202c7364 	.word	0x202c7364
2000c464:	6c6c6166 	.word	0x6c6c6166
2000c468:	20676e69 	.word	0x20676e69
2000c46c:	6b636162 	.word	0x6b636162
2000c470:	00000a0d 	.word	0x00000a0d
2000c474:	20327370 	.word	0x20327370
2000c478:	20697073 	.word	0x20697073
2000c47c:	72746572 	.word	0x72746572
2000c480:	20646569 	.word	0x20646569
2000c484:	6f207525 	.word	0x6f207525
2000c488:	75252066 	.word	0x75252066
2000c48c:	63657220 	.word	0x63657220
2000c490:	7364726f 	.word	0x7364726f
2000c494:	7525202c 	.word	0x7525202c
2000c498:	6c6f6820 	.word	0x6c6f6820
2000c49c:	72207365 	.word	0x72207365
2000c4a0:	6c696665 	.word	0x6c696665
2000c4a4:	2564656c 	.word	0x2564656c
2000c4a8:	000a0d73 	.word	0x000a0d73
2000c4ac:	20327370 	.word	0x20327370
2000c4b0:	676e6972 	.word	0x676e6972
2000c4b4:	66667562 	.word	0x66667562
2000c4b8:	6f726420 	.word	0x6f726420
2000c4bc:	64657070 	.word	0x64657070
2000c4c0:	20752520 	.word	0x20752520
2000c4c4:	65747962 	.word	0x65747962
2000c4c8:	45282073 	.word	0x45282073
2000c4cc:	64205053 	.word	0x64205053
2000c4d0:	206e776f 	.word	0x206e776f
2000c4d4:	206f6f74 	.word	0x206f6f74
2000c4d8:	676e6f6c 	.word	0x676e6f6c
2000c4dc:	6f6c202c 	.word	0x6f6c202c
2000c4e0:	61622067 	.word	0x61622067
2000c4e4:	64656b63 	.word	0x64656b63
2000c4e8:	29707520 	.word	0x29707520
2000c4ec:	00000a0d 	.word	0x00000a0d
2000c4f0:	61770a0d 	.word	0x61770a0d
2000c4f4:	6e697469 	.word	0x6e697469
2000c4f8:	30352067 	.word	0x30352067
2000c4fc:	63657320 	.word	0x63657320
2000c500:	2e2e2e73 	.word	0x2e2e2e73
2000c504:	00000a0d 	.word	0x00000a0d
2000c508:	00003030 	.word	0x00003030
2000c50c:	64726148 	.word	0x64726148
2000c510:	65726177 	.word	0x65726177
2000c514:	72657620 	.word	0x72657620
2000c518:	6e6f6973 	.word	0x6e6f6973
2000c51c:	3030203a 	.word	0x3030203a
2000c520:	00000000 	.word	0x00000000
2000c524:	00003130 	.word	0x00003130
2000c528:	64726148 	.word	0x64726148
2000c52c:	65726177 	.word	0x65726177
2000c530:	72657620 	.word	0x72657620
2000c534:	6e6f6973 	.word	0x6e6f6973
2000c538:	3130203a 	.word	0x3130203a
2000c53c:	00000000 	.word	0x00000000
2000c540:	00003031 	.word	0x00003031
2000c544:	64726148 	.word	0x64726148
2000c548:	65726177 	.word	0x65726177
2000c54c:	72657620 	.word	0x72657620
2000c550:	6e6f6973 	.word	0x6e6f6973
2000c554:	3031203a 	.word	0x3031203a
2000c558:	00000000 	.word	0x00000000
2000c55c:	00003131 	.word	0x00003131
2000c560:	64726148 	.word	0x64726148
2000c564:	65726177 	.word	0x65726177
2000c568:	72657620 	.word	0x72657620
2000c56c:	6e6f6973 	.word	0x6e6f6973
2000c570:	3131203a 	.word	0x3131203a
2000c574:	00000000 	.word	0x00000000
2000c578:	00004646 	.word	0x00004646
2000c57c:	64726148 	.word	0x64726148
2000c580:	65726177 	.word	0x65726177
2000c584:	72657620 	.word	0x72657620
2000c588:	6e6f6973 	.word	0x6e6f6973
2000c58c:	4646203a 	.word	0x4646203a
2000c590:	6f622820 	.word	0x6f622820
2000c594:	66206874 	.word	0x66206874
2000c598:	74616f6c 	.word	0x74616f6c
2000c59c:	29676e69 	.word	0x29676e69
2000c5a0:	00000000 	.word	0x00000000
2000c5a4:	00004630 	.word	0x00004630
2000c5a8:	64726148 	.word	0x64726148
2000c5ac:	65726177 	.word	0x65726177
2000c5b0:	72657620 	.word	0x72657620
2000c5b4:	6e6f6973 	.word	0x6e6f6973
2000c5b8:	4630203a 	.word	0x4630203a
2000c5bc:	20412820 	.word	0x20412820
2000c5c0:	2c776f6c 	.word	0x2c776f6c
2000c5c4:	66204220 	.word	0x66204220
2000c5c8:	74616f6c 	.word	0x74616f6c
2000c5cc:	29676e69 	.word	0x29676e69
2000c5d0:	00000000 	.word	0x00000000
2000c5d4:	00004631 	.word	0x00004631
2000c5d8:	64726148 	.word	0x64726148
2000c5dc:	65726177 	.word	0x65726177
2000c5e0:	72657620 	.word	0x72657620
2000c5e4:	6e6f6973 	.word	0x6e6f6973
2000c5e8:	4631203a 	.word	0x4631203a
2000c5ec:	20412820 	.word	0x20412820
2000c5f0:	68676968 	.word	0x68676968
2000c5f4:	2042202c 	.word	0x2042202c
2000c5f8:	616f6c66 	.word	0x616f6c66
2000c5fc:	676e6974 	.word	0x676e6974
2000c600:	00000029 	.word	0x00000029
2000c604:	00003046 	.word	0x00003046
2000c608:	64726148 	.word	0x64726148
2000c60c:	65726177 	.word	0x65726177
2000c610:	72657620 	.word	0x72657620
2000c614:	6e6f6973 	.word	0x6e6f6973
2000c618:	3046203a 	.word	0x3046203a
2000c61c:	20412820 	.word	0x20412820
2000c620:	616f6c66 	.word	0x616f6c66
2000c624:	676e6974 	.word	0x676e6974
2000c628:	2042202c 	.word	0x2042202c
2000c62c:	29776f6c 	.word	0x29776f6c
2000c630:	00000000 	.word	0x00000000
2000c634:	00003146 	.word	0x00003146
2000c638:	64726148 	.word	0x64726148
2000c63c:	65726177 	.word	0x65726177
2000c640:	72657620 	.word	0x72657620
2000c644:	6e6f6973 	.word	0x6e6f6973
2000c648:	3146203a 	.word	0x3146203a
2000c64c:	20412820 	.word	0x20412820
2000c650:	616f6c66 	.word	0x616f6c66
2000c654:	676e6974 	.word	0x676e6974
2000c658:	2042202c 	.word	0x2042202c
2000c65c:	68676968 	.word	0x68676968
2000c660:	00000029 	.word	0x00000029
2000c664:	00004b55 	.word	0x00004b55
2000c668:	64726148 	.word	0x64726148
2000c66c:	65726177 	.word	0x65726177
2000c670:	72657620 	.word	0x72657620
2000c674:	6e6f6973 	.word	0x6e6f6973
2000c678:	6e55203a 	.word	0x6e55203a
2000c67c:	776f6e6b 	.word	0x776f6e6b
2000c680:	0000006e 	.word	0x0000006e
2000c684:	6d726946 	.word	0x6d726946
2000c688:	65726177 	.word	0x65726177
2000c68c:	72657620 	.word	0x72657620
2000c690:	6e6f6973 	.word	0x6e6f6973
2000c694:	2576203a 	.word	0x2576203a
2000c698:	000a0d73 	.word	0x000a0d73
2000c69c:	2a2a0a0d 	.word	0x2a2a0a0d
2000c6a0:	4148202a 	.word	0x4148202a
2000c6a4:	46204452 	.word	0x46204452
2000c6a8:	544c5541 	.word	0x544c5541
2000c6ac:	206e6f20 	.word	0x206e6f20
2000c6b0:	65726f63 	.word	0x65726f63
2000c6b4:	00000020 	.word	0x00000020
2000c6b8:	2a2a2a20 	.word	0x2a2a2a20
2000c6bc:	00000a0d 	.word	0x00000a0d
2000c6c0:	63702020 	.word	0x63702020
2000c6c4:	00002020 	.word	0x00002020
2000c6c8:	726c2020 	.word	0x726c2020
2000c6cc:	00002020 	.word	0x00002020
2000c6d0:	73702020 	.word	0x73702020
2000c6d4:	00002072 	.word	0x00002072
2000c6d8:	70732020 	.word	0x70732020
2000c6dc:	00002020 	.word	0x00002020
2000c6e0:	6f626572 	.word	0x6f626572
2000c6e4:	6e69746f 	.word	0x6e69746f
2000c6e8:	000a0d67 	.word	0x000a0d67
2000c6ec:	313a3730 	.word	0x313a3730
2000c6f0:	39353a38 	.word	0x39353a38
2000c6f4:	00000000 	.word	0x00000000
2000c6f8:	20677541 	.word	0x20677541
2000c6fc:	32203732 	.word	0x32203732
2000c700:	00363230 	.word	0x00363230
2000c704:	6b6f0a0d 	.word	0x6b6f0a0d
2000c708:	50206968 	.word	0x50206968
2000c70c:	73203253 	.word	0x73203253
2000c710:	74726174 	.word	0x74726174
2000c714:	20216465 	.word	0x20216465
2000c718:	64726148 	.word	0x64726148
2000c71c:	65726177 	.word	0x65726177
2000c720:	73257620 	.word	0x73257620
2000c724:	75420a0d 	.word	0x75420a0d
2000c728:	20646c69 	.word	0x20646c69
2000c72c:	65746144 	.word	0x65746144
2000c730:	20732520 	.word	0x20732520
2000c734:	0a0d7325 	.word	0x0a0d7325
2000c738:	00000000 	.word	0x00000000
2000c73c:	20495053 	.word	0x20495053
2000c740:	65646f4d 	.word	0x65646f4d
2000c744:	203a3020 	.word	0x203a3020
2000c748:	66322e25 	.word	0x66322e25
2000c74c:	7a484d20 	.word	0x7a484d20
2000c750:	64252820 	.word	0x64252820
2000c754:	000a0d29 	.word	0x000a0d29
2000c758:	5f4b4c43 	.word	0x5f4b4c43
2000c75c:	4f495047 	.word	0x4f495047
2000c760:	6425203a 	.word	0x6425203a
2000c764:	00000a0d 	.word	0x00000a0d
2000c768:	5f544144 	.word	0x5f544144
2000c76c:	4f495047 	.word	0x4f495047
2000c770:	6425203a 	.word	0x6425203a
2000c774:	00000a0d 	.word	0x00000a0d
2000c778:	5f504d4a 	.word	0x5f504d4a
2000c77c:	20585541 	.word	0x20585541
2000c780:	3a483244 	.word	0x3a483244
2000c784:	0d642520 	.word	0x0d642520
2000c788:	0000000a 	.word	0x0000000a
2000c78c:	5f504d4a 	.word	0x5f504d4a
2000c790:	20585541 	.word	0x20585541
2000c794:	3a443248 	.word	0x3a443248
2000c798:	0d642520 	.word	0x0d642520
2000c79c:	0000000a 	.word	0x0000000a
2000c7a0:	303a6325 	.word	0x303a6325
2000c7a4:	32302578 	.word	0x32302578
2000c7a8:	3a742058 	.word	0x3a742058
2000c7ac:	30257830 	.word	0x30257830
2000c7b0:	3b205838 	.word	0x3b205838
2000c7b4:	00000020 	.word	0x00000020
2000c7b8:	20746f6e 	.word	0x20746f6e
2000c7bc:	006e7572 	.word	0x006e7572
2000c7c0:	2050414d 	.word	0x2050414d
2000c7c4:	53454f44 	.word	0x53454f44
2000c7c8:	544f4e20 	.word	0x544f4e20
2000c7cc:	54494620 	.word	0x54494620
2000c7d0:	45485420 	.word	0x45485420
2000c7d4:	54454420 	.word	0x54454420
2000c7d8:	45544345 	.word	0x45544345
2000c7dc:	4c462044 	.word	0x4c462044
2000c7e0:	00485341 	.word	0x00485341
2000c7e4:	6d206f6e 	.word	0x6d206f6e
2000c7e8:	64617465 	.word	0x64617465
2000c7ec:	20617461 	.word	0x20617461
2000c7f0:	2c746579 	.word	0x2c746579
2000c7f4:	72696620 	.word	0x72696620
2000c7f8:	62207473 	.word	0x62207473
2000c7fc:	00746f6f 	.word	0x00746f6f
2000c800:	656c6469 	.word	0x656c6469
2000c804:	6f6e202c 	.word	0x6f6e202c
2000c808:	6e696874 	.word	0x6e696874
2000c80c:	65702067 	.word	0x65702067
2000c810:	6e69646e 	.word	0x6e69646e
2000c814:	00000067 	.word	0x00000067
2000c818:	646c6f67 	.word	0x646c6f67
2000c81c:	72206e65 	.word	0x72206e65
2000c820:	6f747365 	.word	0x6f747365
2000c824:	2c646572 	.word	0x2c646572
2000c828:	62657220 	.word	0x62657220
2000c82c:	69746f6f 	.word	0x69746f6f
2000c830:	0000676e 	.word	0x0000676e
2000c834:	646c6f67 	.word	0x646c6f67
2000c838:	75206e65 	.word	0x75206e65
2000c83c:	6173756e 	.word	0x6173756e
2000c840:	2c656c62 	.word	0x2c656c62
2000c844:	61747320 	.word	0x61747320
2000c848:	676e6979 	.word	0x676e6979
2000c84c:	206e6f20 	.word	0x206e6f20
2000c850:	20656874 	.word	0x20656874
2000c854:	72727563 	.word	0x72727563
2000c858:	20746e65 	.word	0x20746e65
2000c85c:	00707061 	.word	0x00707061
2000c860:	6d6d6f63 	.word	0x6d6d6f63
2000c864:	65747469 	.word	0x65747469
2000c868:	6d692064 	.word	0x6d692064
2000c86c:	20656761 	.word	0x20656761
2000c870:	74206e6f 	.word	0x74206e6f
2000c874:	6c616972 	.word	0x6c616972
2000c878:	00000000 	.word	0x00000000
2000c87c:	65746e69 	.word	0x65746e69
2000c880:	70757272 	.word	0x70757272
2000c884:	20646574 	.word	0x20646574
2000c888:	6d6d6f63 	.word	0x6d6d6f63
2000c88c:	72207469 	.word	0x72207469
2000c890:	70706165 	.word	0x70706165
2000c894:	6465696c 	.word	0x6465696c
2000c898:	6f726620 	.word	0x6f726620
2000c89c:	7473206d 	.word	0x7473206d
2000c8a0:	6e696761 	.word	0x6e696761
2000c8a4:	72202c67 	.word	0x72202c67
2000c8a8:	6f6f6265 	.word	0x6f6f6265
2000c8ac:	676e6974 	.word	0x676e6974
2000c8b0:	00000000 	.word	0x00000000
2000c8b4:	65746e69 	.word	0x65746e69
2000c8b8:	70757272 	.word	0x70757272
2000c8bc:	20646574 	.word	0x20646574
2000c8c0:	6d6d6f63 	.word	0x6d6d6f63
2000c8c4:	63207469 	.word	0x63207469
2000c8c8:	646c756f 	.word	0x646c756f
2000c8cc:	746f6e20 	.word	0x746f6e20
2000c8d0:	20656220 	.word	0x20656220
2000c8d4:	70616572 	.word	0x70616572
2000c8d8:	65696c70 	.word	0x65696c70
2000c8dc:	72202c64 	.word	0x72202c64
2000c8e0:	696c6c6f 	.word	0x696c6c6f
2000c8e4:	6220676e 	.word	0x6220676e
2000c8e8:	006b6361 	.word	0x006b6361
2000c8ec:	444c4f47 	.word	0x444c4f47
2000c8f0:	52204e45 	.word	0x52204e45
2000c8f4:	4f545345 	.word	0x4f545345
2000c8f8:	44204552 	.word	0x44204552
2000c8fc:	4e204449 	.word	0x4e204449
2000c900:	5620544f 	.word	0x5620544f
2000c904:	46495245 	.word	0x46495245
2000c908:	77202c59 	.word	0x77202c59
2000c90c:	206c6c69 	.word	0x206c6c69
2000c910:	72746572 	.word	0x72746572
2000c914:	6e6f2079 	.word	0x6e6f2079
2000c918:	78656e20 	.word	0x78656e20
2000c91c:	6f622074 	.word	0x6f622074
2000c920:	0000746f 	.word	0x0000746f
2000c924:	65636361 	.word	0x65636361
2000c928:	70207373 	.word	0x70207373
2000c92c:	746e696f 	.word	0x746e696f
2000c930:	00000000 	.word	0x00000000
2000c934:	65696c63 	.word	0x65696c63
2000c938:	0000746e 	.word	0x0000746e
2000c93c:	6e696f6a 	.word	0x6e696f6a
2000c940:	00676e69 	.word	0x00676e69
2000c944:	45535355 	.word	0x45535355
2000c948:	0000004c 	.word	0x0000004c
2000c94c:	454f5355 	.word	0x454f5355
2000c950:	00000000 	.word	0x00000000
2000c954:	66696e73 	.word	0x66696e73
2000c958:	2b442066 	.word	0x2b442066
2000c95c:	5441442f 	.word	0x5441442f
2000c960:	00000000 	.word	0x00000000
2000c964:	66696e73 	.word	0x66696e73
2000c968:	2d442066 	.word	0x2d442066
2000c96c:	4b4c432f 	.word	0x4b4c432f
2000c970:	00000000 	.word	0x00000000
2000c974:	4f495047 	.word	0x4f495047
2000c978:	00000030 	.word	0x00000030
2000c97c:	4f495047 	.word	0x4f495047
2000c980:	00000031 	.word	0x00000031
2000c984:	4f495047 	.word	0x4f495047
2000c988:	00000032 	.word	0x00000032
2000c98c:	4f495047 	.word	0x4f495047
2000c990:	00000033 	.word	0x00000033
2000c994:	4f495047 	.word	0x4f495047
2000c998:	00000036 	.word	0x00000036
2000c99c:	4f495047 	.word	0x4f495047
2000c9a0:	00000037 	.word	0x00000037
2000c9a4:	4f495047 	.word	0x4f495047
2000c9a8:	00003831 	.word	0x00003831
2000c9ac:	20495053 	.word	0x20495053
2000c9b0:	00005343 	.word	0x00005343
2000c9b4:	4f4f4245 	.word	0x4f4f4245
2000c9b8:	00000054 	.word	0x00000054
2000c9bc:	3244454c 	.word	0x3244454c
2000c9c0:	00000000 	.word	0x00000000
2000c9c4:	4e4b4e55 	.word	0x4e4b4e55
2000c9c8:	004e574f 	.word	0x004e574f
2000c9cc:	616e6521 	.word	0x616e6521
2000c9d0:	64656c62 	.word	0x64656c62
2000c9d4:	207c7c20 	.word	0x207c7c20
2000c9d8:	5f717269 	.word	0x5f717269
2000c9dc:	5f736168 	.word	0x5f736168
2000c9e0:	646e6168 	.word	0x646e6168
2000c9e4:	2872656c 	.word	0x2872656c
2000c9e8:	495f4f49 	.word	0x495f4f49
2000c9ec:	425f5152 	.word	0x425f5152
2000c9f0:	304b4e41 	.word	0x304b4e41
2000c9f4:	00000029 	.word	0x00000029
2000c9f8:	552f3a43 	.word	0x552f3a43
2000c9fc:	73726573 	.word	0x73726573
2000ca00:	6765722f 	.word	0x6765722f
2000ca04:	2e2f6575 	.word	0x2e2f6575
2000ca08:	6f636970 	.word	0x6f636970
2000ca0c:	6b64732d 	.word	0x6b64732d
2000ca10:	6b64732f 	.word	0x6b64732f
2000ca14:	332e322f 	.word	0x332e322f
2000ca18:	732f302e 	.word	0x732f302e
2000ca1c:	722f6372 	.word	0x722f6372
2000ca20:	635f3270 	.word	0x635f3270
2000ca24:	6f6d6d6f 	.word	0x6f6d6d6f
2000ca28:	61682f6e 	.word	0x61682f6e
2000ca2c:	61776472 	.word	0x61776472
2000ca30:	675f6572 	.word	0x675f6572
2000ca34:	2f6f6970 	.word	0x2f6f6970
2000ca38:	6f697067 	.word	0x6f697067
2000ca3c:	0000632e 	.word	0x0000632e
2000ca40:	2a2a2a0a 	.word	0x2a2a2a0a
2000ca44:	4e415020 	.word	0x4e415020
2000ca48:	2a204349 	.word	0x2a204349
2000ca4c:	000a2a2a 	.word	0x000a2a2a
2000ca50:	695f7768 	.word	0x695f7768
2000ca54:	6c635f73 	.word	0x6c635f73
2000ca58:	656d6961 	.word	0x656d6961
2000ca5c:	69622864 	.word	0x69622864
2000ca60:	202c7374 	.word	0x202c7374
2000ca64:	5f746962 	.word	0x5f746962
2000ca68:	65646e69 	.word	0x65646e69
2000ca6c:	00002978 	.word	0x00002978
2000ca70:	552f3a43 	.word	0x552f3a43
2000ca74:	73726573 	.word	0x73726573
2000ca78:	6765722f 	.word	0x6765722f
2000ca7c:	2e2f6575 	.word	0x2e2f6575
2000ca80:	6f636970 	.word	0x6f636970
2000ca84:	6b64732d 	.word	0x6b64732d
2000ca88:	6b64732f 	.word	0x6b64732f
2000ca8c:	332e322f 	.word	0x332e322f
2000ca90:	732f302e 	.word	0x732f302e
2000ca94:	632f6372 	.word	0x632f6372
2000ca98:	6f6d6d6f 	.word	0x6f6d6d6f
2000ca9c:	61682f6e 	.word	0x61682f6e
2000caa0:	61776472 	.word	0x61776472
2000caa4:	635f6572 	.word	0x635f6572
2000caa8:	6d69616c 	.word	0x6d69616c
2000caac:	616c632f 	.word	0x616c632f
2000cab0:	632e6d69 	.word	0x632e6d69
2000cab4:	00000000 	.word	0x00000000
2000cab8:	63317830 	.word	0x63317830
2000cabc:	203d3d20 	.word	0x203d3d20
2000cac0:	6e692a28 	.word	0x6e692a28
2000cac4:	3e297473 	.word	0x3e297473
2000cac8:	7531313e 	.word	0x7531313e
2000cacc:	00000000 	.word	0x00000000
2000cad0:	552f3a43 	.word	0x552f3a43
2000cad4:	73726573 	.word	0x73726573
2000cad8:	6765722f 	.word	0x6765722f
2000cadc:	2e2f6575 	.word	0x2e2f6575
2000cae0:	6f636970 	.word	0x6f636970
2000cae4:	6b64732d 	.word	0x6b64732d
2000cae8:	6b64732f 	.word	0x6b64732f
2000caec:	332e322f 	.word	0x332e322f
2000caf0:	732f302e 	.word	0x732f302e
2000caf4:	722f6372 	.word	0x722f6372
2000caf8:	635f3270 	.word	0x635f3270
2000cafc:	6f6d6d6f 	.word	0x6f6d6d6f
2000cb00:	61682f6e 	.word	0x61682f6e
2000cb04:	61776472 	.word	0x61776472
2000cb08:	695f6572 	.word	0x695f6572
2000cb0c:	692f7172 	.word	0x692f7172
2000cb10:	632e7172 	.word	0x632e7172
2000cb14:	00000000 	.word	0x00000000
2000cb18:	746c6564 	.word	0x746c6564
2000cb1c:	3d3e2061 	.word	0x3d3e2061
2000cb20:	30322d20 	.word	0x30322d20
2000cb24:	26203834 	.word	0x26203834
2000cb28:	65642026 	.word	0x65642026
2000cb2c:	2061746c 	.word	0x2061746c
2000cb30:	32203d3c 	.word	0x32203d3c
2000cb34:	20363430 	.word	0x20363430
2000cb38:	21202626 	.word	0x21202626
2000cb3c:	6c656428 	.word	0x6c656428
2000cb40:	26206174 	.word	0x26206174
2000cb44:	00293120 	.word	0x00293120
2000cb48:	65642821 	.word	0x65642821
2000cb4c:	2061746c 	.word	0x2061746c
2000cb50:	31203e3e 	.word	0x31203e3e
2000cb54:	00297531 	.word	0x00297531
2000cb58:	72727563 	.word	0x72727563
2000cb5c:	20746e65 	.word	0x20746e65
2000cb60:	5f203d3d 	.word	0x5f203d3d
2000cb64:	686e755f 	.word	0x686e755f
2000cb68:	6c646e61 	.word	0x6c646e61
2000cb6c:	755f6465 	.word	0x755f6465
2000cb70:	5f726573 	.word	0x5f726573
2000cb74:	20717269 	.word	0x20717269
2000cb78:	63207c7c 	.word	0x63207c7c
2000cb7c:	65727275 	.word	0x65727275
2000cb80:	3d20746e 	.word	0x3d20746e
2000cb84:	6168203d 	.word	0x6168203d
2000cb88:	656c646e 	.word	0x656c646e
2000cb8c:	00000072 	.word	0x00000072
2000cb90:	5f717269 	.word	0x5f717269
2000cb94:	646e6168 	.word	0x646e6168
2000cb98:	5f72656c 	.word	0x5f72656c
2000cb9c:	69616863 	.word	0x69616863
2000cba0:	72665f6e 	.word	0x72665f6e
2000cba4:	735f6565 	.word	0x735f6565
2000cba8:	5f746f6c 	.word	0x5f746f6c
2000cbac:	64616568 	.word	0x64616568
2000cbb0:	203d3e20 	.word	0x203d3e20
2000cbb4:	00000030 	.word	0x00000030
2000cbb8:	62617476 	.word	0x62617476
2000cbbc:	685f656c 	.word	0x685f656c
2000cbc0:	6c646e61 	.word	0x6c646e61
2000cbc4:	3d207265 	.word	0x3d207265
2000cbc8:	5f5f203d 	.word	0x5f5f203d
2000cbcc:	61686e75 	.word	0x61686e75
2000cbd0:	656c646e 	.word	0x656c646e
2000cbd4:	73755f64 	.word	0x73755f64
2000cbd8:	695f7265 	.word	0x695f7265
2000cbdc:	00007172 	.word	0x00007172
2000cbe0:	28282821 	.word	0x28282821
2000cbe4:	6e697528 	.word	0x6e697528
2000cbe8:	72747074 	.word	0x72747074
2000cbec:	7229745f 	.word	0x7229745f
2000cbf0:	766f6d65 	.word	0x766f6d65
2000cbf4:	68745f65 	.word	0x68745f65
2000cbf8:	5f626d75 	.word	0x5f626d75
2000cbfc:	28746962 	.word	0x28746962
2000cc00:	62617476 	.word	0x62617476
2000cc04:	685f656c 	.word	0x685f656c
2000cc08:	6c646e61 	.word	0x6c646e61
2000cc0c:	29297265 	.word	0x29297265
2000cc10:	28202d20 	.word	0x28202d20
2000cc14:	6e697528 	.word	0x6e697528
2000cc18:	72747074 	.word	0x72747074
2000cc1c:	6929745f 	.word	0x6929745f
2000cc20:	685f7172 	.word	0x685f7172
2000cc24:	6c646e61 	.word	0x6c646e61
2000cc28:	635f7265 	.word	0x635f7265
2000cc2c:	6e696168 	.word	0x6e696168
2000cc30:	6f6c735f 	.word	0x6f6c735f
2000cc34:	29297374 	.word	0x29297374
2000cc38:	73202520 	.word	0x73202520
2000cc3c:	6f657a69 	.word	0x6f657a69
2000cc40:	74732866 	.word	0x74732866
2000cc44:	74637572 	.word	0x74637572
2000cc48:	71726920 	.word	0x71726920
2000cc4c:	6e61685f 	.word	0x6e61685f
2000cc50:	72656c64 	.word	0x72656c64
2000cc54:	6168635f 	.word	0x6168635f
2000cc58:	735f6e69 	.word	0x735f6e69
2000cc5c:	29746f6c 	.word	0x29746f6c
2000cc60:	00000029 	.word	0x00000029
2000cc64:	63786521 	.word	0x63786521
2000cc68:	69747065 	.word	0x69747065
2000cc6c:	7c206e6f 	.word	0x7c206e6f
2000cc70:	7865207c 	.word	0x7865207c
2000cc74:	74706563 	.word	0x74706563
2000cc78:	206e6f69 	.word	0x206e6f69
2000cc7c:	6e203d3d 	.word	0x6e203d3d
2000cc80:	2b206d75 	.word	0x2b206d75
2000cc84:	41545620 	.word	0x41545620
2000cc88:	5f454c42 	.word	0x5f454c42
2000cc8c:	53524946 	.word	0x53524946
2000cc90:	52495f54 	.word	0x52495f54
2000cc94:	00000051 	.word	0x00000051
2000cc98:	736c6166 	.word	0x736c6166
2000cc9c:	00000065 	.word	0x00000065
2000cca0:	735f7369 	.word	0x735f7369
2000cca4:	65726168 	.word	0x65726168
2000cca8:	72695f64 	.word	0x72695f64
2000ccac:	61725f71 	.word	0x61725f71
2000ccb0:	61685f77 	.word	0x61685f77
2000ccb4:	656c646e 	.word	0x656c646e
2000ccb8:	6c732872 	.word	0x6c732872
2000ccbc:	685f746f 	.word	0x685f746f
2000ccc0:	6c646e61 	.word	0x6c646e61
2000ccc4:	00297265 	.word	0x00297265
2000ccc8:	65637865 	.word	0x65637865
2000cccc:	6f697470 	.word	0x6f697470
2000ccd0:	0000006e 	.word	0x0000006e
2000ccd4:	6e756f66 	.word	0x6e756f66
2000ccd8:	00000064 	.word	0x00000064
2000ccdc:	3d3d2031 	.word	0x3d3d2031
2000cce0:	69752820 	.word	0x69752820
2000cce4:	7470746e 	.word	0x7470746e
2000cce8:	29745f72 	.word	0x29745f72
2000ccec:	733e2d6c 	.word	0x733e2d6c
2000ccf0:	5f6e6970 	.word	0x5f6e6970
2000ccf4:	6b636f6c 	.word	0x6b636f6c
2000ccf8:	00000000 	.word	0x00000000
2000ccfc:	552f3a43 	.word	0x552f3a43
2000cd00:	73726573 	.word	0x73726573
2000cd04:	6765722f 	.word	0x6765722f
2000cd08:	2e2f6575 	.word	0x2e2f6575
2000cd0c:	6f636970 	.word	0x6f636970
2000cd10:	6b64732d 	.word	0x6b64732d
2000cd14:	6b64732f 	.word	0x6b64732f
2000cd18:	332e322f 	.word	0x332e322f
2000cd1c:	732f302e 	.word	0x732f302e
2000cd20:	632f6372 	.word	0x632f6372
2000cd24:	6f6d6d6f 	.word	0x6f6d6d6f
2000cd28:	69702f6e 	.word	0x69702f6e
2000cd2c:	735f6f63 	.word	0x735f6f63
2000cd30:	2f636e79 	.word	0x2f636e79
2000cd34:	6574756d 	.word	0x6574756d
2000cd38:	00632e78 	.word	0x00632e78
2000cd3c:	61746f74 	.word	0x61746f74
2000cd40:	0000006c 	.word	0x0000006c
2000cd44:	2d78746d 	.word	0x2d78746d
2000cd48:	726f633e 	.word	0x726f633e
2000cd4c:	70732e65 	.word	0x70732e65
2000cd50:	6c5f6e69 	.word	0x6c5f6e69
2000cd54:	006b636f 	.word	0x006b636f
2000cd58:	6b636f6c 	.word	0x6b636f6c
2000cd5c:	5f73695f 	.word	0x5f73695f
2000cd60:	656e776f 	.word	0x656e776f
2000cd64:	64695f72 	.word	0x64695f72
2000cd68:	6c61765f 	.word	0x6c61765f
2000cd6c:	6d286469 	.word	0x6d286469
2000cd70:	3e2d7874 	.word	0x3e2d7874
2000cd74:	656e776f 	.word	0x656e776f
2000cd78:	00002972 	.word	0x00002972
2000cd7c:	2d78746d 	.word	0x2d78746d
2000cd80:	746e653e 	.word	0x746e653e
2000cd84:	635f7265 	.word	0x635f7265
2000cd88:	746e756f 	.word	0x746e756f
2000cd8c:	00000000 	.word	0x00000000
2000cd90:	6c6f6f70 	.word	0x6c6f6f70
2000cd94:	69743e2d 	.word	0x69743e2d
2000cd98:	5f72656d 	.word	0x5f72656d
2000cd9c:	72616c61 	.word	0x72616c61
2000cda0:	756e5f6d 	.word	0x756e5f6d
2000cda4:	3d3d206d 	.word	0x3d3d206d
2000cda8:	6d697420 	.word	0x6d697420
2000cdac:	615f7265 	.word	0x615f7265
2000cdb0:	6d72616c 	.word	0x6d72616c
2000cdb4:	6d756e5f 	.word	0x6d756e5f
2000cdb8:	00000000 	.word	0x00000000
2000cdbc:	552f3a43 	.word	0x552f3a43
2000cdc0:	73726573 	.word	0x73726573
2000cdc4:	6765722f 	.word	0x6765722f
2000cdc8:	2e2f6575 	.word	0x2e2f6575
2000cdcc:	6f636970 	.word	0x6f636970
2000cdd0:	6b64732d 	.word	0x6b64732d
2000cdd4:	6b64732f 	.word	0x6b64732f
2000cdd8:	332e322f 	.word	0x332e322f
2000cddc:	732f302e 	.word	0x732f302e
2000cde0:	632f6372 	.word	0x632f6372
2000cde4:	6f6d6d6f 	.word	0x6f6d6d6f
2000cde8:	69702f6e 	.word	0x69702f6e
2000cdec:	745f6f63 	.word	0x745f6f63
2000cdf0:	2f656d69 	.word	0x2f656d69
2000cdf4:	656d6974 	.word	0x656d6974
2000cdf8:	0000632e 	.word	0x0000632e
2000cdfc:	61666564 	.word	0x61666564
2000ce00:	5f746c75 	.word	0x5f746c75
2000ce04:	72616c61 	.word	0x72616c61
2000ce08:	6f705f6d 	.word	0x6f705f6d
2000ce0c:	695f6c6f 	.word	0x695f6c6f
2000ce10:	6974696e 	.word	0x6974696e
2000ce14:	7a696c61 	.word	0x7a696c61
2000ce18:	29286465 	.word	0x29286465
2000ce1c:	00000000 	.word	0x00000000
2000ce20:	65747441 	.word	0x65747441
2000ce24:	6574706d 	.word	0x6574706d
2000ce28:	6f742064 	.word	0x6f742064
2000ce2c:	656c7320 	.word	0x656c7320
2000ce30:	69207065 	.word	0x69207065
2000ce34:	6469736e 	.word	0x6469736e
2000ce38:	666f2065 	.word	0x666f2065
2000ce3c:	206e6120 	.word	0x206e6120
2000ce40:	65637865 	.word	0x65637865
2000ce44:	6f697470 	.word	0x6f697470
2000ce48:	6168206e 	.word	0x6168206e
2000ce4c:	656c646e 	.word	0x656c646e
2000ce50:	75203b72 	.word	0x75203b72
2000ce54:	62206573 	.word	0x62206573
2000ce58:	5f797375 	.word	0x5f797375
2000ce5c:	74696177 	.word	0x74696177
2000ce60:	20666920 	.word	0x20666920
2000ce64:	20756f79 	.word	0x20756f79
2000ce68:	7473756d 	.word	0x7473756d
2000ce6c:	00000000 	.word	0x00000000
2000ce70:	64726148 	.word	0x64726148
2000ce74:	65726177 	.word	0x65726177
2000ce78:	616c6120 	.word	0x616c6120
2000ce7c:	25206d72 	.word	0x25206d72
2000ce80:	6c612064 	.word	0x6c612064
2000ce84:	64616572 	.word	0x64616572
2000ce88:	6c632079 	.word	0x6c632079
2000ce8c:	656d6961 	.word	0x656d6961
2000ce90:	00000064 	.word	0x00000064
2000ce94:	5f6f6376 	.word	0x5f6f6376
2000ce98:	71657266 	.word	0x71657266
2000ce9c:	203d3e20 	.word	0x203d3e20
2000cea0:	4f434950 	.word	0x4f434950
2000cea4:	4c4c505f 	.word	0x4c4c505f
2000cea8:	4f43565f 	.word	0x4f43565f
2000ceac:	4e494d5f 	.word	0x4e494d5f
2000ceb0:	4552465f 	.word	0x4552465f
2000ceb4:	5a485f51 	.word	0x5a485f51
2000ceb8:	20262620 	.word	0x20262620
2000cebc:	5f6f6376 	.word	0x5f6f6376
2000cec0:	71657266 	.word	0x71657266
2000cec4:	203d3c20 	.word	0x203d3c20
2000cec8:	4f434950 	.word	0x4f434950
2000cecc:	4c4c505f 	.word	0x4c4c505f
2000ced0:	4f43565f 	.word	0x4f43565f
2000ced4:	58414d5f 	.word	0x58414d5f
2000ced8:	4552465f 	.word	0x4552465f
2000cedc:	5a485f51 	.word	0x5a485f51
2000cee0:	00000000 	.word	0x00000000
2000cee4:	552f3a43 	.word	0x552f3a43
2000cee8:	73726573 	.word	0x73726573
2000ceec:	6765722f 	.word	0x6765722f
2000cef0:	2e2f6575 	.word	0x2e2f6575
2000cef4:	6f636970 	.word	0x6f636970
2000cef8:	6b64732d 	.word	0x6b64732d
2000cefc:	6b64732f 	.word	0x6b64732f
2000cf00:	332e322f 	.word	0x332e322f
2000cf04:	732f302e 	.word	0x732f302e
2000cf08:	722f6372 	.word	0x722f6372
2000cf0c:	635f3270 	.word	0x635f3270
2000cf10:	6f6d6d6f 	.word	0x6f6d6d6f
2000cf14:	61682f6e 	.word	0x61682f6e
2000cf18:	61776472 	.word	0x61776472
2000cf1c:	705f6572 	.word	0x705f6572
2000cf20:	702f6c6c 	.word	0x702f6c6c
2000cf24:	632e6c6c 	.word	0x632e6c6c
2000cf28:	00000000 	.word	0x00000000
2000cf2c:	69646266 	.word	0x69646266
2000cf30:	3d3e2076 	.word	0x3d3e2076
2000cf34:	20363120 	.word	0x20363120
2000cf38:	66202626 	.word	0x66202626
2000cf3c:	76696462 	.word	0x76696462
2000cf40:	203d3c20 	.word	0x203d3c20
2000cf44:	00303233 	.word	0x00303233
2000cf48:	736f7028 	.word	0x736f7028
2000cf4c:	69645f74 	.word	0x69645f74
2000cf50:	3e203176 	.word	0x3e203176
2000cf54:	2031203d 	.word	0x2031203d
2000cf58:	70202626 	.word	0x70202626
2000cf5c:	5f74736f 	.word	0x5f74736f
2000cf60:	31766964 	.word	0x31766964
2000cf64:	203d3c20 	.word	0x203d3c20
2000cf68:	26202937 	.word	0x26202937
2000cf6c:	70282026 	.word	0x70282026
2000cf70:	5f74736f 	.word	0x5f74736f
2000cf74:	32766964 	.word	0x32766964
2000cf78:	203d3e20 	.word	0x203d3e20
2000cf7c:	26262031 	.word	0x26262031
2000cf80:	736f7020 	.word	0x736f7020
2000cf84:	69645f74 	.word	0x69645f74
2000cf88:	3c203276 	.word	0x3c203276
2000cf8c:	2937203d 	.word	0x2937203d
2000cf90:	00000000 	.word	0x00000000
2000cf94:	5f666572 	.word	0x5f666572
2000cf98:	71657266 	.word	0x71657266
2000cf9c:	203d3c20 	.word	0x203d3c20
2000cfa0:	6f637628 	.word	0x6f637628
2000cfa4:	6572665f 	.word	0x6572665f
2000cfa8:	202f2071 	.word	0x202f2071
2000cfac:	00293631 	.word	0x00293631
2000cfb0:	7528282a 	.word	0x7528282a
2000cfb4:	38746e69 	.word	0x38746e69
2000cfb8:	2a20745f 	.word	0x2a20745f
2000cfbc:	28282829 	.word	0x28282829
2000cfc0:	64696f76 	.word	0x64696f76
2000cfc4:	72292a20 	.word	0x72292a20
2000cfc8:	745f6d6f 	.word	0x745f6d6f
2000cfcc:	656c6261 	.word	0x656c6261
2000cfd0:	6f6c665f 	.word	0x6f6c665f
2000cfd4:	2d297461 	.word	0x2d297461
2000cfd8:	20292932 	.word	0x20292932
2000cfdc:	2034202a 	.word	0x2034202a
2000cfe0:	53203d3e 	.word	0x53203d3e
2000cfe4:	41545f46 	.word	0x41545f46
2000cfe8:	5f454c42 	.word	0x5f454c42
2000cfec:	535f3256 	.word	0x535f3256
2000cff0:	00455a49 	.word	0x00455a49
2000cff4:	552f3a43 	.word	0x552f3a43
2000cff8:	73726573 	.word	0x73726573
2000cffc:	6765722f 	.word	0x6765722f
2000d000:	2e2f6575 	.word	0x2e2f6575
2000d004:	6f636970 	.word	0x6f636970
2000d008:	6b64732d 	.word	0x6b64732d
2000d00c:	6b64732f 	.word	0x6b64732f
2000d010:	332e322f 	.word	0x332e322f
2000d014:	732f302e 	.word	0x732f302e
2000d018:	722f6372 	.word	0x722f6372
2000d01c:	635f3270 	.word	0x635f3270
2000d020:	6f6d6d6f 	.word	0x6f6d6d6f
2000d024:	69702f6e 	.word	0x69702f6e
2000d028:	645f6f63 	.word	0x645f6f63
2000d02c:	6c62756f 	.word	0x6c62756f
2000d030:	6f642f65 	.word	0x6f642f65
2000d034:	656c6275 	.word	0x656c6275
2000d038:	696e695f 	.word	0x696e695f
2000d03c:	6f725f74 	.word	0x6f725f74
2000d040:	70725f6d 	.word	0x70725f6d
2000d044:	30343032 	.word	0x30343032
2000d048:	0000632e 	.word	0x0000632e
2000d04c:	7528282a 	.word	0x7528282a
2000d050:	38746e69 	.word	0x38746e69
2000d054:	2a20745f 	.word	0x2a20745f
2000d058:	6d6f7229 	.word	0x6d6f7229
2000d05c:	6261745f 	.word	0x6261745f
2000d060:	322d656c 	.word	0x322d656c
2000d064:	202a2029 	.word	0x202a2029
2000d068:	3d3e2034 	.word	0x3d3e2034
2000d06c:	5f465320 	.word	0x5f465320
2000d070:	4c424154 	.word	0x4c424154
2000d074:	32565f45 	.word	0x32565f45
2000d078:	5a49535f 	.word	0x5a49535f
2000d07c:	00000045 	.word	0x00000045
2000d080:	552f3a43 	.word	0x552f3a43
2000d084:	73726573 	.word	0x73726573
2000d088:	6765722f 	.word	0x6765722f
2000d08c:	2e2f6575 	.word	0x2e2f6575
2000d090:	6f636970 	.word	0x6f636970
2000d094:	6b64732d 	.word	0x6b64732d
2000d098:	6b64732f 	.word	0x6b64732f
2000d09c:	332e322f 	.word	0x332e322f
2000d0a0:	732f302e 	.word	0x732f302e
2000d0a4:	722f6372 	.word	0x722f6372
2000d0a8:	635f3270 	.word	0x635f3270
2000d0ac:	6f6d6d6f 	.word	0x6f6d6d6f
2000d0b0:	69702f6e 	.word	0x69702f6e
2000d0b4:	665f6f63 	.word	0x665f6f63
2000d0b8:	74616f6c 	.word	0x74616f6c
2000d0bc:	6f6c662f 	.word	0x6f6c662f
2000d0c0:	695f7461 	.word	0x695f7461
2000d0c4:	5f74696e 	.word	0x5f74696e
2000d0c8:	5f6d6f72 	.word	0x5f6d6f72
2000d0cc:	30327072 	.word	0x30327072
2000d0d0:	632e3034 	.word	0x632e3034
2000d0d4:	00000000 	.word	0x00000000
2000d0d8:	206c6c41 	.word	0x206c6c41
2000d0dc:	6974706f 	.word	0x6974706f
2000d0e0:	617a696d 	.word	0x617a696d
2000d0e4:	6e6f6974 	.word	0x6e6f6974
2000d0e8:	73696420 	.word	0x73696420
2000d0ec:	656c6261 	.word	0x656c6261
2000d0f0:	00000064 	.word	0x00000064
2000d0f4:	75626544 	.word	0x75626544
2000d0f8:	00000067 	.word	0x00000067
2000d0fc:	746f6f62 	.word	0x746f6f62
2000d100:	32775f32 	.word	0x32775f32
2000d104:	38307135 	.word	0x38307135
2000d108:	00000030 	.word	0x00000030
2000d10c:	70747468 	.word	0x70747468
2000d110:	2f2f3a73 	.word	0x2f2f3a73
2000d114:	68746967 	.word	0x68746967
2000d118:	632e6275 	.word	0x632e6275
2000d11c:	742f6d6f 	.word	0x742f6d6f
2000d120:	65726568 	.word	0x65726568
2000d124:	72646c61 	.word	0x72646c61
2000d128:	6f2f6765 	.word	0x6f2f6765
2000d12c:	0069686b 	.word	0x0069686b
2000d130:	2e332e32 	.word	0x2e332e32
2000d134:	00000030 	.word	0x00000030
2000d138:	69686b6f 	.word	0x69686b6f
2000d13c:	00000000 	.word	0x00000000
2000d140:	2b696e66 	.word	0x2b696e66
2000d144:	00000000 	.word	0x00000000
2000d148:	00696e66 	.word	0x00696e66
2000d14c:	006e616e 	.word	0x006e616e
2000d150:	2d696e66 	.word	0x2d696e66
2000d154:	00000000 	.word	0x00000000
2000d158:	7566202c 	.word	0x7566202c
2000d15c:	6974636e 	.word	0x6974636e
2000d160:	203a6e6f 	.word	0x203a6e6f
2000d164:	00000000 	.word	0x00000000
2000d168:	65737361 	.word	0x65737361
2000d16c:	6f697472 	.word	0x6f697472
2000d170:	2522206e 	.word	0x2522206e
2000d174:	66202273 	.word	0x66202273
2000d178:	656c6961 	.word	0x656c6961
2000d17c:	66203a64 	.word	0x66203a64
2000d180:	20656c69 	.word	0x20656c69
2000d184:	22732522 	.word	0x22732522
2000d188:	696c202c 	.word	0x696c202c
2000d18c:	2520656e 	.word	0x2520656e
2000d190:	25732564 	.word	0x25732564
2000d194:	00000a73 	.word	0x00000a73
2000d198:	54524155 	.word	0x54524155
2000d19c:	64747320 	.word	0x64747320
2000d1a0:	00006e69 	.word	0x00006e69
2000d1a4:	54524155 	.word	0x54524155
2000d1a8:	64747320 	.word	0x64747320
2000d1ac:	0074756f 	.word	0x0074756f
2000d1b0:	54524155 	.word	0x54524155
2000d1b4:	64747320 	.word	0x64747320
2000d1b8:	2f206e69 	.word	0x2f206e69
2000d1bc:	64747320 	.word	0x64747320
2000d1c0:	0074756f 	.word	0x0074756f
2000d1c4:	6574756d 	.word	0x6574756d
2000d1c8:	73695f78 	.word	0x73695f78
2000d1cc:	696e695f 	.word	0x696e695f
2000d1d0:	6c616974 	.word	0x6c616974
2000d1d4:	64657a69 	.word	0x64657a69
2000d1d8:	6f6c2628 	.word	0x6f6c2628
2000d1dc:	756f6b63 	.word	0x756f6b63
2000d1e0:	756d5f74 	.word	0x756d5f74
2000d1e4:	29786574 	.word	0x29786574
2000d1e8:	00000000 	.word	0x00000000
2000d1ec:	552f3a43 	.word	0x552f3a43
2000d1f0:	73726573 	.word	0x73726573
2000d1f4:	6765722f 	.word	0x6765722f
2000d1f8:	2e2f6575 	.word	0x2e2f6575
2000d1fc:	6f636970 	.word	0x6f636970
2000d200:	6b64732d 	.word	0x6b64732d
2000d204:	6b64732f 	.word	0x6b64732f
2000d208:	332e322f 	.word	0x332e322f
2000d20c:	732f302e 	.word	0x732f302e
2000d210:	722f6372 	.word	0x722f6372
2000d214:	635f3270 	.word	0x635f3270
2000d218:	6f6d6d6f 	.word	0x6f6d6d6f
2000d21c:	69702f6e 	.word	0x69702f6e
2000d220:	6d5f6f63 	.word	0x6d5f6f63
2000d224:	69746c75 	.word	0x69746c75
2000d228:	65726f63 	.word	0x65726f63
2000d22c:	6c756d2f 	.word	0x6c756d2f
2000d230:	6f636974 	.word	0x6f636974
2000d234:	632e6572 	.word	0x632e6572
2000d238:	00000000 	.word	0x00000000
2000d23c:	756c6176 	.word	0x756c6176
2000d240:	3d3d2065 	.word	0x3d3d2065
2000d244:	00003020 	.word	0x00003020
2000d248:	74732821 	.word	0x74732821
2000d24c:	5f6b6361 	.word	0x5f6b6361
2000d250:	657a6973 	.word	0x657a6973
2000d254:	7479625f 	.word	0x7479625f
2000d258:	26207365 	.word	0x26207365
2000d25c:	29753320 	.word	0x29753320
2000d260:	00000000 	.word	0x00000000
2000d264:	676f7270 	.word	0x676f7270
2000d268:	2d6d6172 	.word	0x2d6d6172
2000d26c:	6e656c3e 	.word	0x6e656c3e
2000d270:	20687467 	.word	0x20687467
2000d274:	50203d3c 	.word	0x50203d3c
2000d278:	495f4f49 	.word	0x495f4f49
2000d27c:	5254534e 	.word	0x5254534e
2000d280:	49544355 	.word	0x49544355
2000d284:	435f4e4f 	.word	0x435f4e4f
2000d288:	544e554f 	.word	0x544e554f
2000d28c:	00000000 	.word	0x00000000
2000d290:	552f3a43 	.word	0x552f3a43
2000d294:	73726573 	.word	0x73726573
2000d298:	6765722f 	.word	0x6765722f
2000d29c:	2e2f6575 	.word	0x2e2f6575
2000d2a0:	6f636970 	.word	0x6f636970
2000d2a4:	6b64732d 	.word	0x6b64732d
2000d2a8:	6b64732f 	.word	0x6b64732f
2000d2ac:	332e322f 	.word	0x332e322f
2000d2b0:	732f302e 	.word	0x732f302e
2000d2b4:	722f6372 	.word	0x722f6372
2000d2b8:	635f3270 	.word	0x635f3270
2000d2bc:	6f6d6d6f 	.word	0x6f6d6d6f
2000d2c0:	61682f6e 	.word	0x61682f6e
2000d2c4:	61776472 	.word	0x61776472
2000d2c8:	705f6572 	.word	0x705f6572
2000d2cc:	702f6f69 	.word	0x702f6f69
2000d2d0:	632e6f69 	.word	0x632e6f69
2000d2d4:	00000000 	.word	0x00000000
2000d2d8:	50206f4e 	.word	0x50206f4e
2000d2dc:	73204f49 	.word	0x73204f49
2000d2e0:	65746174 	.word	0x65746174
2000d2e4:	63616d20 	.word	0x63616d20
2000d2e8:	656e6968 	.word	0x656e6968
2000d2ec:	72612073 	.word	0x72612073
2000d2f0:	76612065 	.word	0x76612065
2000d2f4:	616c6961 	.word	0x616c6961
2000d2f8:	00656c62 	.word	0x00656c62
2000d2fc:	6e6e6f63 	.word	0x6e6e6f63
2000d300:	5f746365 	.word	0x5f746365
2000d304:	65746e69 	.word	0x65746e69
2000d308:	6c616e72 	.word	0x6c616e72
2000d30c:	616c665f 	.word	0x616c665f
2000d310:	665f6873 	.word	0x665f6873
2000d314:	20636e75 	.word	0x20636e75
2000d318:	66202626 	.word	0x66202626
2000d31c:	6873616c 	.word	0x6873616c
2000d320:	6978655f 	.word	0x6978655f
2000d324:	69785f74 	.word	0x69785f74
2000d328:	75665f70 	.word	0x75665f70
2000d32c:	2620636e 	.word	0x2620636e
2000d330:	6c662026 	.word	0x6c662026
2000d334:	5f687361 	.word	0x5f687361
2000d338:	73756c66 	.word	0x73756c66
2000d33c:	61635f68 	.word	0x61635f68
2000d340:	5f656863 	.word	0x5f656863
2000d344:	636e7566 	.word	0x636e7566
2000d348:	20262620 	.word	0x20262620
2000d34c:	73616c66 	.word	0x73616c66
2000d350:	6e655f68 	.word	0x6e655f68
2000d354:	5f726574 	.word	0x5f726574
2000d358:	5f646d63 	.word	0x5f646d63
2000d35c:	5f706978 	.word	0x5f706978
2000d360:	636e7566 	.word	0x636e7566
2000d364:	00000000 	.word	0x00000000
2000d368:	552f3a43 	.word	0x552f3a43
2000d36c:	73726573 	.word	0x73726573
2000d370:	6765722f 	.word	0x6765722f
2000d374:	2e2f6575 	.word	0x2e2f6575
2000d378:	6f636970 	.word	0x6f636970
2000d37c:	6b64732d 	.word	0x6b64732d
2000d380:	6b64732f 	.word	0x6b64732f
2000d384:	332e322f 	.word	0x332e322f
2000d388:	732f302e 	.word	0x732f302e
2000d38c:	722f6372 	.word	0x722f6372
2000d390:	635f3270 	.word	0x635f3270
2000d394:	6f6d6d6f 	.word	0x6f6d6d6f
2000d398:	61682f6e 	.word	0x61682f6e
2000d39c:	61776472 	.word	0x61776472
2000d3a0:	665f6572 	.word	0x665f6572
2000d3a4:	6873616c 	.word	0x6873616c
2000d3a8:	616c662f 	.word	0x616c662f
2000d3ac:	632e6873 	.word	0x632e6873
2000d3b0:	00000000 	.word	0x00000000
2000d3b4:	73616c66 	.word	0x73616c66
2000d3b8:	666f5f68 	.word	0x666f5f68
2000d3bc:	2b207366 	.word	0x2b207366
2000d3c0:	756f6320 	.word	0x756f6320
2000d3c4:	3c20746e 	.word	0x3c20746e
2000d3c8:	4950203d 	.word	0x4950203d
2000d3cc:	465f4f43 	.word	0x465f4f43
2000d3d0:	4853414c 	.word	0x4853414c
2000d3d4:	5a49535f 	.word	0x5a49535f
2000d3d8:	59425f45 	.word	0x59425f45
2000d3dc:	00534554 	.word	0x00534554
2000d3e0:	6e6e6f63 	.word	0x6e6e6f63
2000d3e4:	5f746365 	.word	0x5f746365
2000d3e8:	65746e69 	.word	0x65746e69
2000d3ec:	6c616e72 	.word	0x6c616e72
2000d3f0:	616c665f 	.word	0x616c665f
2000d3f4:	665f6873 	.word	0x665f6873
2000d3f8:	20636e75 	.word	0x20636e75
2000d3fc:	66202626 	.word	0x66202626
2000d400:	6873616c 	.word	0x6873616c
2000d404:	6978655f 	.word	0x6978655f
2000d408:	69785f74 	.word	0x69785f74
2000d40c:	75665f70 	.word	0x75665f70
2000d410:	2620636e 	.word	0x2620636e
2000d414:	6c662026 	.word	0x6c662026
2000d418:	5f687361 	.word	0x5f687361
2000d41c:	676e6172 	.word	0x676e6172
2000d420:	72655f65 	.word	0x72655f65
2000d424:	5f657361 	.word	0x5f657361
2000d428:	636e7566 	.word	0x636e7566
2000d42c:	20262620 	.word	0x20262620
2000d430:	73616c66 	.word	0x73616c66
2000d434:	6c665f68 	.word	0x6c665f68
2000d438:	5f687375 	.word	0x5f687375
2000d43c:	68636163 	.word	0x68636163
2000d440:	75665f65 	.word	0x75665f65
2000d444:	0000636e 	.word	0x0000636e
2000d448:	6e6e6f63 	.word	0x6e6e6f63
2000d44c:	5f746365 	.word	0x5f746365
2000d450:	65746e69 	.word	0x65746e69
2000d454:	6c616e72 	.word	0x6c616e72
2000d458:	616c665f 	.word	0x616c665f
2000d45c:	665f6873 	.word	0x665f6873
2000d460:	20636e75 	.word	0x20636e75
2000d464:	66202626 	.word	0x66202626
2000d468:	6873616c 	.word	0x6873616c
2000d46c:	6978655f 	.word	0x6978655f
2000d470:	69785f74 	.word	0x69785f74
2000d474:	75665f70 	.word	0x75665f70
2000d478:	2620636e 	.word	0x2620636e
2000d47c:	6c662026 	.word	0x6c662026
2000d480:	5f687361 	.word	0x5f687361
2000d484:	676e6172 	.word	0x676e6172
2000d488:	72705f65 	.word	0x72705f65
2000d48c:	6172676f 	.word	0x6172676f
2000d490:	75665f6d 	.word	0x75665f6d
2000d494:	2620636e 	.word	0x2620636e
2000d498:	6c662026 	.word	0x6c662026
2000d49c:	5f687361 	.word	0x5f687361
2000d4a0:	73756c66 	.word	0x73756c66
2000d4a4:	61635f68 	.word	0x61635f68
2000d4a8:	5f656863 	.word	0x5f656863
2000d4ac:	636e7566 	.word	0x636e7566
2000d4b0:	00000000 	.word	0x00000000
2000d4b4:	6e6e6f63 	.word	0x6e6e6f63
2000d4b8:	5f746365 	.word	0x5f746365
2000d4bc:	65746e69 	.word	0x65746e69
2000d4c0:	6c616e72 	.word	0x6c616e72
2000d4c4:	616c665f 	.word	0x616c665f
2000d4c8:	665f6873 	.word	0x665f6873
2000d4cc:	20636e75 	.word	0x20636e75
2000d4d0:	66202626 	.word	0x66202626
2000d4d4:	6873616c 	.word	0x6873616c
2000d4d8:	6978655f 	.word	0x6978655f
2000d4dc:	69785f74 	.word	0x69785f74
2000d4e0:	75665f70 	.word	0x75665f70
2000d4e4:	2620636e 	.word	0x2620636e
2000d4e8:	6c662026 	.word	0x6c662026
2000d4ec:	5f687361 	.word	0x5f687361
2000d4f0:	73756c66 	.word	0x73756c66
2000d4f4:	61635f68 	.word	0x61635f68
2000d4f8:	5f656863 	.word	0x5f656863
2000d4fc:	636e7566 	.word	0x636e7566
2000d500:	00000000 	.word	0x00000000

2000d504 <reasons.0>:
2000d504:	2000c7b8 2000c7c0 2000c7e4 2000c800     ... ... ... ... 
2000d514:	2000c818 2000c834 2000c860 2000c87c     ... 4.. `.. |.. 
2000d524:	2000c8b4 2000c8ec                       ... ... 

2000d52c <table.7>:
2000d52c:	00000000 1db71064 3b6e20c8 26d930ac     ....d.... n;.0.&
2000d53c:	76dc4190 6b6b51f4 4db26158 5005713c     .A.v.QkkXa.M<q.P
2000d54c:	edb88320 f00f9344 d6d6a3e8 cb61b38c      ...D.........a.
2000d55c:	9b64c2b0 86d3d2d4 a00ae278 bdbdf21c     ..d.....x.......

2000d56c <modes.10>:
2000d56c:	2000c924 2000c934 2000c93c              $.. 4.. <.. 

2000d578 <digits.17>:
2000d578:	33323130 37363534 62613938 66656463     0123456789abcdef
2000d588:	00000000                                ....

2000d58c <st_switch_pins>:
2000d58c:	00000008 2000c944 00000009 2000c94c     ....D.. ....L.. 
2000d59c:	00000014 2000c954 00000015 2000c964     ....T.. ....d.. 

2000d5ac <st_free_pins>:
2000d5ac:	00000000 2000c974 00000001 2000c97c     ....t.. ....|.. 
2000d5bc:	00000002 2000c984 00000003 2000c98c     ....... ....... 
2000d5cc:	00000006 2000c994 00000007 2000c99c     ....... ....... 
2000d5dc:	00000012 2000c9a4 0000000d 2000c9ac     ....... ....... 
2000d5ec:	0000000e 2000c9b4 0000001a 2000c9bc     ....... ....... 

2000d5fc <uart_bench_magic>:
2000d5fc:	42554b4f                                OKUB

2000d600 <uart_baud_ladder>:
2000d600:	00002580 00004b00 00009600 0000e100     .%...K..........
2000d610:	00012480 0001c200 00038400 00070800     .$..............
2000d620:	000e1000 000f4240 0016e360 001e8480     ....@B..`.......
2000d630:	002dc6c0                                ..-.

2000d634 <spi_frame_magic>:
2000d634:	49484b4f                                OKHI

2000d638 <idle_signal_program>:
2000d638:	2000d640 0000ff07                       @.. ....

2000d640 <idle_signal_program_instructions>:
2000d640:	a0e8e03e 00656042 00410000 0000c000     >...B`e...A.....

2000d650 <host_to_device_program>:
2000d650:	2000d658 0000ff10                       X.. ....

2000d658 <host_to_device_program_instructions>:
2000d658:	e025a0c3 004200c1 202120a1 21a1e027     ..%...B.. ! '..!
2000d668:	21214001 21a10047 20218000 212121a1     .@!!G..!..! .!!!

2000d678 <device_to_host_program>:
2000d678:	2000d680 0000ff0f                       ... ....

2000d680 <device_to_host_program_instructions>:
2000d680:	a0c300c0 20a12021 2121e027 21a14001     ....! . '.!!.@.!
2000d690:	21210045 800001c0 212120a1 000020a1     E.!!..... !!. ..

2000d6a0 <inhibited_signal_program>:
2000d6a0:	2000d6a8 0000ff0b                       ... ....

2000d6a8 <inhibited_signal_program_instructions>:
2000d6a8:	e03ea0c3 00c100c1 c0000042 400120a1     ..>.....B.... .@
2000d6b8:	0060a046 0000c001                       F.`.....

2000d6c0 <__func__.4>:
2000d6c0:	6f697067 7465735f 7172695f 616e655f     gpio_set_irq_ena
2000d6d0:	64656c62 00000000                       bled....

2000d6d8 <__func__.0>:
2000d6d8:	635f7768 6d69616c 656c635f 00007261     hw_claim_clear..

2000d6e8 <__func__.0>:
2000d6e8:	5f717269 5f646461 6c696174 5f6f745f     irq_add_tail_to_
2000d6f8:	65657266 73696c5f 00000074              free_list...

2000d704 <__func__.1>:
2000d704:	65736e69 625f7472 32335f6c 00000000     insert_bl_32....

2000d714 <__func__.2>:
2000d714:	5f717269 6f6d6572 685f6576 6c646e61     irq_remove_handl
2000d724:	00007265                                er..

2000d728 <__func__.3>:
2000d728:	656b616d 315f6a5f 00000036              make_j_16...

2000d734 <__func__.4>:
2000d734:	6f736572 5f65766c 36315f6a 00000000     resolve_j_16....

2000d744 <__func__.5>:
2000d744:	5f717269 5f646461 72616873 685f6465     irq_add_shared_h
2000d754:	6c646e61 00007265                       andler..

2000d75c <__func__.6>:
2000d75c:	5f717269 5f746573 6c637865 76697375     irq_set_exclusiv
2000d76c:	61685f65 656c646e 00000072              e_handler...

2000d778 <__func__.1>:
2000d778:	6574756d 78655f78 00007469              mutex_exit..

2000d784 <__func__.3>:
2000d784:	6574756d 6e655f78 5f726574 636f6c62     mutex_enter_bloc
2000d794:	6e755f6b 006c6974                       k_until.

2000d79c <__func__.6>:
2000d79c:	746e7572 5f656d69 74696e69 74756d5f     runtime_init_mut
2000d7ac:	00007865                                ex..

2000d7b0 <__func__.2>:
2000d7b0:	72616c61 6f705f6d 675f6c6f 645f7465     alarm_pool_get_d
2000d7c0:	75616665 0000746c                       efault..

2000d7c8 <__func__.3>:
2000d7c8:	72616c61 6f705f6d 695f6c6f 685f7172     alarm_pool_irq_h
2000d7d8:	6c646e61 00007265                       andler..

2000d7e0 <at_the_end_of_time>:
2000d7e0:	ffffffff 7fffffff                       ........

2000d7e8 <__func__.0>:
2000d7e8:	5f6c6c70 74696e69 00000000              pll_init....

2000d7f4 <__func__.0>:
2000d7f4:	65615f5f 5f696261 62756f64 695f656c     __aeabi_double_i
2000d804:	0074696e                                nit.

2000d808 <__func__.0>:
2000d808:	65615f5f 5f696261 616f6c66 6e695f74     __aeabi_float_in
2000d818:	00007469                                it..

2000d81c <__bi_94>:
2000d81c:	50520006 4275f0d3 2000d0d8              ..RP..uB... 

2000d828 <__bi_84>:
2000d828:	50520006 4275f0d3 2000d0f4              ..RP..uB... 

2000d834 <__bi_78>:
2000d834:	50520006 7f8882e1 2000d0fc              ..RP....... 

2000d840 <__bi_72>:
2000d840:	50520006 1856239a 2000d10c              ..RP.#V.... 

2000d84c <__bi_54>:
2000d84c:	50520006 5360b3ab 2000d130              ..RP..`S0.. 

2000d858 <__bi_48>:
2000d858:	50520006 b63cffbb 2000d138              ..RP..<.8.. 

2000d864 <__bi_42>:
2000d864:	50520006 02031c86 2000d138              ..RP....8.. 

2000d870 <__bi_34>:
2000d870:	50520006 9da22254 2000c6f8              ..RPT"..... 

2000d87c <__bi_26>:
2000d87c:	50520005 68f465de 1000e28c              ..RP.e.h....

2000d888 <pow10.0>:
2000d888:	00000000 3ff00000 00000000 40240000     .......?......$@
2000d898:	00000000 40590000 00000000 408f4000     ......Y@.....@.@
2000d8a8:	00000000 40c38800 00000000 40f86a00     .......@.....j.@
2000d8b8:	00000000 412e8480 00000000 416312d0     .......A......cA
2000d8c8:	00000000 4197d784 00000000 41cdcd65     .......A....e..A

2000d8d8 <crlf_str.0>:
2000d8d8:	00000a0d                                ....

2000d8dc <__bi_45.4>:
2000d8dc:	50520006 a1f4b453 2000d1b0              ..RPS...... 

2000d8e8 <__bi_49.5>:
2000d8e8:	50520008 00004212                       ..RP.B..

2000d8f0 <__bi_50.6>:
2000d8f0:	50520008 00005292                       ..RP.R..

2000d8f8 <__func__.1>:
2000d8f8:	746c756d 726f6369 616c5f65 68636e75     multicore_launch
2000d908:	726f635f 775f3165 5f687469 63617473     _core1_with_stac
2000d918:	0000006b                                k...

2000d91c <__func__.2>:
2000d91c:	746c756d 726f6369 65725f65 5f746573     multicore_reset_
2000d92c:	65726f63 00000031                       core1...

2000d934 <__func__.1>:
2000d934:	646e6966 66666f5f 5f746573 5f726f66     find_offset_for_
2000d944:	676f7270 006d6172                       program.

2000d94c <__func__.0>:
2000d94c:	73616c66 6f645f68 646d635f 0073635f     flash_do_cmd_cs.

2000d95c <__func__.1>:
2000d95c:	73616c66 61725f68 5f65676e 676f7270     flash_range_prog
2000d96c:	006d6172                                ram.

2000d970 <__func__.2>:
2000d970:	73616c66 61725f68 5f65676e 73617265     flash_range_eras
2000d980:	00000065                                e...

2000d984 <z.2>:
2000d984:	055d4a81                                .J].

2000d988 <esp_frame_offset_min>:
2000d988:	ffffffff                                ....

2000d98c <esp_bench_last_run>:
2000d98c:	ffffffff                                ....

2000d990 <esp_selftest_last_run>:
2000d990:	ffffffff                                ....

2000d994 <esp_wifi_mode_reported>:
2000d994:	ffffffff                                ....

2000d998 <esp_wifi_reported>:
2000d998:	ffffffff                                ....

2000d99c <esp_link_reported>:
2000d99c:	ffffffff                                ....

2000d9a0 <hwver>:
2000d9a0:	00000009                                ....

2000d9a4 <hwver_name>:
2000d9a4:	2000c9c4                                ... 

2000d9a8 <striped_spin_lock_num>:
2000d9a8:	00000010                                ....

2000d9ac <irq_handler_chain_slots>:
2000d9ac:	00000000 	.word	0x00000000
2000d9b0:	00010000 	.word	0x00010000
	...
2000d9bc:	00020000 	.word	0x00020000
	...
2000d9c8:	00030000 	.word	0x00030000
	...
2000d9d4:	00ff0000 	.word	0x00ff0000
2000d9d8:	00000000 	.word	0x00000000

2000d9dc <irq_handler_chain_first_slot>:
2000d9dc:	b501      	push	{r0, lr}
2000d9de:	6848      	ldr	r0, [r1, #4]
2000d9e0:	3101      	adds	r1, #1
2000d9e2:	468e      	mov	lr, r1
2000d9e4:	4700      	bx	r0

2000d9e6 <irq_handler_chain_remove_tail>:
2000d9e6:	4670      	mov	r0, lr
2000d9e8:	3809      	subs	r0, #9
2000d9ea:	4901      	ldr	r1, [pc, #4]	@ (2000d9f0 <irq_handler_chain_remove_tail+0xa>)
2000d9ec:	4788      	blx	r1
2000d9ee:	bd01      	pop	{r0, pc}
2000d9f0:	20006135 	.word	0x20006135
2000d9f4:	00000000 	.word	0x00000000

2000d9f8 <last_added.0>:
2000d9f8:	ffffffff 7fffffff                       ........

2000da00 <default_alarm_pool>:
	...
2000da14:	2000e0c8 00000000 00000000              ... ........

2000da20 <aeabi_bits_funcs>:
2000da20:	00003350 	.word	0x00003350
2000da24:	0000334c 	.word	0x0000334c
2000da28:	00003354 	.word	0x00003354
2000da2c:	00003352 	.word	0x00003352

2000da30 <aeabi_bits_funcs_end>:
2000da30:	0000534d 	.word	0x0000534d
2000da34:	0000434d 	.word	0x0000434d
2000da38:	00003453 	.word	0x00003453
2000da3c:	00003443 	.word	0x00003443

2000da40 <stdio_uart>:
2000da40:	20009b15 20009bb9 20009b35 20009bc9     ... ... 5.. ... 
2000da50:	00000000 00000100                       ........

2000da58 <__malloc_sbrk_base>:
2000da58:	ffffffff                                ....

2000da5c <__malloc_trim_threshold>:
2000da5c:	00020000                                ....

2000da60 <__malloc_av_>:
	...
2000da68:	2000da60 2000da60 2000da68 2000da68     `.. `.. h.. h.. 
2000da78:	2000da70 2000da70 2000da78 2000da78     p.. p.. x.. x.. 
2000da88:	2000da80 2000da80 2000da88 2000da88     ... ... ... ... 
2000da98:	2000da90 2000da90 2000da98 2000da98     ... ... ... ... 
2000daa8:	2000daa0 2000daa0 2000daa8 2000daa8     ... ... ... ... 
2000dab8:	2000dab0 2000dab0 2000dab8 2000dab8     ... ... ... ... 
2000dac8:	2000dac0 2000dac0 2000dac8 2000dac8     ... ... ... ... 
2000dad8:	2000dad0 2000dad0 2000dad8 2000dad8     ... ... ... ... 
2000dae8:	2000dae0 2000dae0 2000dae8 2000dae8     ... ... ... ... 
2000daf8:	2000daf0 2000daf0 2000daf8 2000daf8     ... ... ... ... 
2000db08:	2000db00 2000db00 2000db08 2000db08     ... ... ... ... 
2000db18:	2000db10 2000db10 2000db18 2000db18     ... ... ... ... 
2000db28:	2000db20 2000db20 2000db28 2000db28      ..  .. (.. (.. 
2000db38:	2000db30 2000db30 2000db38 2000db38     0.. 0.. 8.. 8.. 
2000db48:	2000db40 2000db40 2000db48 2000db48     @.. @.. H.. H.. 
2000db58:	2000db50 2000db50 2000db58 2000db58     P.. P.. X.. X.. 
2000db68:	2000db60 2000db60 2000db68 2000db68     `.. `.. h.. h.. 
2000db78:	2000db70 2000db70 2000db78 2000db78     p.. p.. x.. x.. 
2000db88:	2000db80 2000db80 2000db88 2000db88     ... ... ... ... 
2000db98:	2000db90 2000db90 2000db98 2000db98     ... ... ... ... 
2000dba8:	2000dba0 2000dba0 2000dba8 2000dba8     ... ... ... ... 
2000dbb8:	2000dbb0 2000dbb0 2000dbb8 2000dbb8     ... ... ... ... 
2000dbc8:	2000dbc0 2000dbc0 2000dbc8 2000dbc8     ... ... ... ... 
2000dbd8:	2000dbd0 2000dbd0 2000dbd8 2000dbd8     ... ... ... ... 
2000dbe8:	2000dbe0 2000dbe0 2000dbe8 2000dbe8     ... ... ... ... 
2000dbf8:	2000dbf0 2000dbf0 2000dbf8 2000dbf8     ... ... ... ... 
2000dc08:	2000dc00 2000dc00 2000dc08 2000dc08     ... ... ... ... 
2000dc18:	2000dc10 2000dc10 2000dc18 2000dc18     ... ... ... ... 
2000dc28:	2000dc20 2000dc20 2000dc28 2000dc28      ..  .. (.. (.. 
2000dc38:	2000dc30 2000dc30 2000dc38 2000dc38     0.. 0.. 8.. 8.. 
2000dc48:	2000dc40 2000dc40 2000dc48 2000dc48     @.. @.. H.. H.. 
2000dc58:	2000dc50 2000dc50 2000dc58 2000dc58     P.. P.. X.. X.. 
2000dc68:	2000dc60 2000dc60 2000dc68 2000dc68     `.. `.. h.. h.. 
2000dc78:	2000dc70 2000dc70 2000dc78 2000dc78     p.. p.. x.. x.. 
2000dc88:	2000dc80 2000dc80 2000dc88 2000dc88     ... ... ... ... 
2000dc98:	2000dc90 2000dc90 2000dc98 2000dc98     ... ... ... ... 
2000dca8:	2000dca0 2000dca0 2000dca8 2000dca8     ... ... ... ... 
2000dcb8:	2000dcb0 2000dcb0 2000dcb8 2000dcb8     ... ... ... ... 
2000dcc8:	2000dcc0 2000dcc0 2000dcc8 2000dcc8     ... ... ... ... 
2000dcd8:	2000dcd0 2000dcd0 2000dcd8 2000dcd8     ... ... ... ... 
2000dce8:	2000dce0 2000dce0 2000dce8 2000dce8     ... ... ... ... 
2000dcf8:	2000dcf0 2000dcf0 2000dcf8 2000dcf8     ... ... ... ... 
2000dd08:	2000dd00 2000dd00 2000dd08 2000dd08     ... ... ... ... 
2000dd18:	2000dd10 2000dd10 2000dd18 2000dd18     ... ... ... ... 
2000dd28:	2000dd20 2000dd20 2000dd28 2000dd28      ..  .. (.. (.. 
2000dd38:	2000dd30 2000dd30 2000dd38 2000dd38     0.. 0.. 8.. 8.. 
2000dd48:	2000dd40 2000dd40 2000dd48 2000dd48     @.. @.. H.. H.. 
2000dd58:	2000dd50 2000dd50 2000dd58 2000dd58     P.. P.. X.. X.. 
2000dd68:	2000dd60 2000dd60 2000dd68 2000dd68     `.. `.. h.. h.. 
2000dd78:	2000dd70 2000dd70 2000dd78 2000dd78     p.. p.. x.. x.. 
2000dd88:	2000dd80 2000dd80 2000dd88 2000dd88     ... ... ... ... 
2000dd98:	2000dd90 2000dd90 2000dd98 2000dd98     ... ... ... ... 
2000dda8:	2000dda0 2000dda0 2000dda8 2000dda8     ... ... ... ... 
2000ddb8:	2000ddb0 2000ddb0 2000ddb8 2000ddb8     ... ... ... ... 
2000ddc8:	2000ddc0 2000ddc0 2000ddc8 2000ddc8     ... ... ... ... 
2000ddd8:	2000ddd0 2000ddd0 2000ddd8 2000ddd8     ... ... ... ... 
2000dde8:	2000dde0 2000dde0 2000dde8 2000dde8     ... ... ... ... 
2000ddf8:	2000ddf0 2000ddf0 2000ddf8 2000ddf8     ... ... ... ... 
2000de08:	2000de00 2000de00 2000de08 2000de08     ... ... ... ... 
2000de18:	2000de10 2000de10 2000de18 2000de18     ... ... ... ... 
2000de28:	2000de20 2000de20 2000de28 2000de28      ..  .. (.. (.. 
2000de38:	2000de30 2000de30 2000de38 2000de38     0.. 0.. 8.. 8.. 
2000de48:	2000de40 2000de40 2000de48 2000de48     @.. @.. H.. H.. 
2000de58:	2000de50 2000de50 2000de58 2000de58     P.. P.. X.. X.. 

2000de68 <__sglue>:
2000de68:	00000000 00000003 2000e284              ........... 

2000de74 <_impure_ptr>:
2000de74:	2000de78                                x.. 

2000de78 <_impure_data>:
2000de78:	00000000 2000e284 2000e2ec 2000e354     ....... ... T.. 
	...
2000df10:	00000001 00000000 abcd330e e66d1234     .........3..4.m.
2000df20:	0005deec 0000000b 00000000 00000000     ................
	...

2000e078 <malloc_mutex>:
	...

2000e080 <print_mutex>:
	...

2000e088 <__pre_init_runtime_init_early_resets>:
2000e088:	200072c5                                .r. 

2000e08c <__pre_init_runtime_init_usb_power_down>:
2000e08c:	200072f1 20007485 20008431 20007b41     .r. .t. 1.. A{. 
2000e09c:	200082d1                                ... 

2000e0a0 <__pre_init_runtime_init_clocks>:
2000e0a0:	200073b9                                .s. 

2000e0a4 <__pre_init_runtime_init_post_clock_resets>:
2000e0a4:	2000730d                                .s. 

2000e0a8 <__pre_init_runtime_init_rp2040_gpio_ie_disable>:
2000e0a8:	2000732d                                -s. 

2000e0ac <__pre_init_runtime_init_spin_locks_reset>:
2000e0ac:	20007341                                As. 

2000e0b0 <__pre_init_runtime_init_mutex>:
2000e0b0:	20006275                                ub. 

2000e0b4 <__pre_init_runtime_init_install_ram_vector_table>:
2000e0b4:	20007349                                Is. 

2000e0b8 <__pre_init_runtime_init_default_alarm_pool>:
2000e0b8:	20006aa9                                .j. 

2000e0bc <__pre_init_first_per_core_initializer>:
2000e0bc:	200072a1                                .r. 

2000e0c0 <__pre_init_runtime_init_per_core_irq_priorities>:
2000e0c0:	20005bf1                                .[. 

2000e0c4 <__pre_init_runtime_init_per_core_tls_setup>:
2000e0c4:	20009cd1                                ... 
