:020000041000EA
:1000000000B5324B212058609868022188439860DF
:10001000D860186158612E4B002199600221596106
:100020000121F02299502B49196001219960352056
:1000300000F044F80222904214D00621196600F024
:1000400034F8196E01211966002018661A6600F04E
:100050002CF8196E196E196E052000F02FF8012189
:100060000842F9D1002199601B49196000215960AB
:100070001A491B48016001219960EB211966A021F2
:10008000196600F012F800219960164914480160C1
:100090000121996001BC002800D000471248134993
:1000A000086003C880F30888084703B5996A0420EC
:1000B0000142FBD001200142F8D103BD02B5186610
:1000C0001866FFF7F2FF186E186E02BD00000240BE
:1000D000000000180000070000035F00212200005C
:1000E000F4000018222000A00001001008ED00E03C
:1000F00000000000000000000000000074B24E7A12
:1001000000200420F7010010CB010010C95000208E
:10011000C9010010C9010010C9010010C901001077
:10012000C9010010C9010010C9010010CF01001061
:10013000C9010010C9010010D1010010D301001045
:10014000C1010010C1010010C1010010C101001067
:10015000C1010010C1010010C1010010C101001057
:10016000C1010010C1010010C1010010C101001047
:10017000C1010010C1010010C1010010C101001037
:10018000C1010010C1010010C1010010C101001027
:10019000C1010010C1010010C1010010C101001017
:1001A000C1010010C1010010C1010010C101001007
:1001B000C1010010C1010010C1010010C1010010F7
:1001C000EFF30580103800BE00BE00BE00BE00BECA
:1001D00000BE00BEF2EB88718C020010BC02001061
:1001E0003802001090A31AE700202149086006C8D1
:1001F00081F3088810471F480068002801D00020BC
:10020000F3E70DA40ECC002902D000F012F8F9E7B4
:1002100019491A4A002000E001C19142FCD1184955
:100220008847184988471849884700BEFDE701C933
:1002300001C29A42FBD37047BC020010F8000020B4
:10024000B0AD002074AF0010B0AD0020C8E00020B9
:100250008CE2001000000420000004208CE200105A
:10026000001004200010042000000000704700006F
:1002700008ED00E0000000D0C8E00020BC0E022025
:0C02800069970020E55000202B9700201B
:10028C001CD8002028D8002034D8002040D80020CA
:10029C004CD8002058D8002064D8002070D80020FA
:1002AC007CD80020F0D80020E8D80020DCD8002032
:1002BC0070B50500081CEC21890508F087F8061CB0
:1002CC0008F0D0F884B2002C12D0200008F0A2F86C
:1002DC00011C301C08F075F88721C90508F091F84D
:1002EC0008F0C0F8C3B21B0224041C432C6070BD80
:1002FC002300F8E710B504001022002108F07CF967
:10030C0080235B022360F8235B0263608023DB02A3
:10031C00A360C0231B03A360200010BD10B5002AEE
:10032C001BD0202300291AD0102423433034A44698
:10033C00644623438363002905D0436B38210B406B
:10034C00084941180B60002A06D0436B0722134062
:10035C00044A94466044036010BD1300E2E78C46E7
:10036C00E6E7C0463410000082B000226B46D91D6F
:10037C0006E08369DB06FCD403680B7001320131A3
:10038C00002AF6D06B46D87902B0704770B50400DD
:10039C000D00FFF7AFFF2A000A32636804490B40D7
:1003AC00ED012B43120313436360200070BDC04664
:1003BC007F00FEFF70B504000D00FFF79BFF2A00C5
:1003CC000E32636804490B40ED012B4312031343B7
:1003DC006360200070BDC0467F00FEFF70B5040056
:1003EC000D00FFF787FFAA1D636804490B40ED0160
:1003FC002B43120313436360200070BD7F00FEFF8C
:10040C0010B5140093009B185B019B1A5A019B18A2
:10041C009B001B1B5A01D31A1A02D21A1201121971
:10042C000A4B9C466244002A0DD0002408E053037A
:10043C005A40530C53405A015A40130E0355013481
:10044C008C42F4D310BD014AEFE7C046B979379E10
:10045C00054B1B6BDB0705D5034B9B699B06FBD43C
:10046C00014B18607047C0460080034010B5040073
:10047C0002E00134FFF7ECFF20780028F9D110BD21
:10048C0070B505000848FFF7F1FF1C2408E02A00AE
:10049C00E2400F231340054AD05CFFF7D9FF043C20
:1004AC00002CF4DA70BDC04694B2002078D5002040
:1004BC0010B50C00FFF7DAFF2000FFF7E1FF024850
:1004CC00FFF7D4FF10BDC046ECC400200148FF2349
:1004DC00984370478BE3001088204005704710B597
:1004EC00FFF7FAFF0400FFF7F1FF201A10BD000020
:1004FC0082B0EFF3108172B6144B1A6880239B0103
:10050C005340C02292011340114A136000230193FF
:10051C0002E0019B01330193019AFA239B009A425A
:10052C00F7DBD0231B069B68022018408007C00F06
:10053C0001235840C0B2054B1B68C02292011340E6
:10054C00034A136081F3108802B070470C8001409D
:10055C000C90014070B503000D00160000240EE055
:10056C00285D584001090F231840074A8000805825
:10057C00414008090B409B009B5843400134B44256
:10058C00EED3180070BDC0462CD5002010B50A0063
:10059C00012301005842FFF7DDFFC04310BD10B529
:1005AC0080235B059C466044FFF7F0FF10BD000004
:1005BC000348FF239843F0231B069C466044704776
:1005CC008BE3001010B504000268074B9A4208D167
:1005DC002421FFF7DBFF636AC01A43425841C0B2C3
:1005EC0010BD0020FCE7C0464F4B4B490300007880
:1005FC005A78120210439A7812041043DB781B06C7
:10060C001843704701700B0A43700B0C8370090E72
:10061C00C17070470022FF2A06D8835C013BDBB215
:10062C00FD2B03D90132F6E7012000E000207047D2
:10063C00044B9B691B07FBD4034B9B691B07FBD427
:10064C007047C0460040034000800340024B9B6C47
:10065C005B09072018407047008000400B490A686E
:10066C003F2313400A4A13608B681B051B0D094A74
:10067C001360CB681B0C0722134007480360CB6840
:10068C001B0B1A40054B1A607047C04600C0024055
:10069C00F4E50020E8E50020ECE50020F0E5002082
:1006AC004379032B01D000207047427B034B1B780E
:1006BC009A4201D00020F7E70120F5E79B0E0220BB
:1006CC00F8B504000F0015000C49042207F09AFF3E
:1006DC00261D29003000FFF795FF20000830EA198D
:1006EC003021FFF78DFE34213000FFF74FFF010062
:1006FC0020003830FFF786FFF8BDC04698B20020C6
:10070C00F0B5C64600B58468002C30D0456B002D82
:10071C0031D00369002B30D1036B1E1E2FD1C36A5D
:10072C009C4222D9E31A9846C3689D4201D9EB1A20
:10073C001E00FA218900200006F0B0FF0700FA2104
:10074C008900280006F0AAFF0F4B9C4201D8032316
:10075C001F000D4B9D4200D803204346BB4210D8CE
:10076C000023B0425B41D8B202E0B046DCE7002087
:10077C0080BCB846F0BD0020FAE70020F8E7002066
:10078C00F6E70020F4E7C046B70B000010B53C2399
:10079C00C35C012B18D08368002B18D00269002A87
:1007AC0017D14269002A16D1428D1F2A15D8C2686A
:1007BC009C1AFA218900180006F070FF0300002033
:1007CC00A3424041C0B203E0FFF79AFF00E00020D3
:1007DC0010BD0020FCE70020FAE70020F8E730B558
:1007EC003C23CA5CC254C36ACA6A9B18C362036BBB
:1007FC000A6B9B180363436B4A6B9B1843630B6830
:10080C0003604B6843604B6A43623823CA5CC25432
:10081C000133CA5CC2540133CA5CC2540133CA5C92
:10082C00C25483688A689B188360C368CA689B1823
:10083C00C36003690A699B18036143694A699B1881
:10084C004361036A0A6A9B1803628269C3698C69F3
:10085C00CD6912196B418261C3610B8D028D93427C
:10086C0000D203854B8D428D934200D9438530BD18
:10087C00044B1B78043BDBB2002001229A4240411E
:10088C00C0B27047970E0220064B1968064B1B68C6
:10089C001F221A404B005B18DB0004498C46634452
:1008AC001A6070474CFD0020C8FD0020D800205075
:1008BC00064B1968064B1B681F221A404B005B182D
:1008CC00DB0004498C4663441A60704748FD0020E5
:1008DC00CCFD0020D800305010B5D0231B06802250
:1008EC00D2035A61D0231B065B685B02FAD5FFF773
:1008FC00CBFF10BD10B5D0231B068022D2039A610A
:10090C00FFF7C2FF10BD000010B50B4B1B6BDB07D4
:10091C0004D4094B1B6B9B0706D410BD064B01225C
:10092C001A63FFF7D9FFF8E7034B02221A63FFF7AC
:10093C00E1FFFFF7BDFFF0E70000205010B50A4BB8
:10094C001B6BDB0707D4084B1B6B9B0702D5064BB5
:10095C0002221A6310BD044B01221A63FFF7CAFF6F
:10096C00FFF7A6FFF6E7C0460000305010B50E208A
:10097C0005F035F9D0231B068022D2015A629A6108
:10098C0010BD000010B51C2800D010BD05F027F9D3
:10099C0080235B05D0242406A3620E2005F01FF9EA
:1009AC008023DB01A3620F2005F019F980231B02C1
:1009BC00A362064B064A1A60064809F00AF900229F
:1009CC000021002006F0C2FCDFE7C046F400002046
:1009DC0096966969A0B20020F8B507001A2005F0B8
:1009EC00FEF8D0231B068022D2045A62C82006F0DF
:1009FC0089F800240CE0D0252D068026F6046E61C3
:100A0C00C82006F07FF8AE61C82006F07BF80134F0
:100A1C00BC42F0DBD0231B068022D2049A62F8BDC4
:100A2C00F0B5C64600B588B00600140098460EAB6B
:100A3C001D781368526A1A4800920A00310009F0B6
:100A4C00F7F83823E15C00291ED1A168E26823691C
:100A5C00206A84466669278D648D404601281BD028
:100A6C001048002D1AD0104D0695059020250495A0
:100A7C00039402970196604600900C4809F0D8F850
:100A8C0008B080BCB846F0BD0133E25C0133E35CD6
:100A9C00074809F0CDF8D8E70648E2E7064DE3E74A
:100AAC0000B30020E4B20020F0B2002040B30020DC
:100ABC0024B30020DCB20020F8B2002030B583B0A3
:100ACC00134B1A68134B9A4201D003B030BD104C33
:100ADC00A16AE26A012319400F4809F0A9F861687C
:100AEC00A268E368206984460C486546009509F0C5
:100AFC009FF86169A269E369206A8446606A019083
:100B0C0060460090064809F093F800232360DCE768
:100B1C00C4000020DC7E01FA9CB30020E8B3002066
:100B2C0014B4002070B5FFF7D1FC0500FFF7D4FC1E
:100B3C000400FFF7D4FC030002482200290009F04E
:100B4C0077F870BD48B4002010B5040005F047F8E4
:100B5C000123A340D0221206936200220021200020
:100B6C0004F0BCFF10BD70B504000D0082780123A9
:100B7C008B40002A12D0D022120653616278002AD0
:100B8C0010D0D02212065362E1782279280004F0AA
:100B9C00A5FF2178280004F07DFF70BDD02212063D
:100BAC009361EBE7D02212069362EDE710B51B4B75
:100BBC00012204211C2004F0F7FF194C19492000D4
:100BCC0006F06EF90221102004F064FF02211120BE
:100BDC0004F060FF236BC02212021340124A136010
:100BEC00002301220821200006F028F90021200012
:100BFC0006F03AF9002200212000FFF78FFB0F20AE
:100C0C0004F0EDFFD0231B06802212029A62002210
:100C1C0001210F2004F062FF10BDC046CD0700205B
:100C2C0000400340802401003050034070B50500A3
:100C3C0006F06CF82A0000238018594104000D00BE
:100C4C00D0231B065B681B0408D406F05FF8A9428E
:100C5C0002D8F5D1A042F3D9002000E0012070BDEC
:100C6C0070B5050006F052F82A000023801859418F
:100C7C0004000D00D0231B065B681B0408D506F08E
:100C8C0045F8A94202D8F5D1A042F3D9002000E0E2
:100C9C00012070BD70B50A00C046C046C046C046B3
:100CAC00C046C046D02424068025AD01A561C046AF
:100CBC00C046C046C046C046C046C046C046C046F8
:100CCC00C046C046C046C046C046C046C046C046E8
:100CDC00C046C046C046C046C046C046C046C046D8
:100CEC00C046C046C046C046C046C046C046C046C8
:100CFC00C046C046C046C046C046C046C046C046B8
:100D0C00C046C046C046C046C046C046C046C046A7
:100D1C00C046C046C046C046C046C046C046C04697
:100D2C00C046C046C046C046C046C046C046C04687
:100D3C00C046C046C046C046C046C046C046C04677
:100D4C00C046C046C046C046C046C046C046C04667
:100D5C00C046C046C046C046C046C046C046C04657
:100D6C00C046010032480AF0C5F9C046C046C0462C
:100D7C00C046C046C046C046C046C046C046C04637
:100D8C00C046C046C046C046C046C046C046C04627
:100D9C00C046C046C046C046C046C046C046C04617
:100DAC00C046C046C046C046C046C046C046C04607
:100DBC00C046C046C046C046C046C046C046C046F7
:100DCC00C046C046C046C046C046C046C046C046E7
:100DDC00C046C046C046C046C046C046C046C046D7
:100DEC00C046C046C046C046C046C046C046C046C7
:100DFC00C046C046C046C046C046C046C046C046B7
:100E0C00C046C046C046C046C046C046C046C046A6
:100E1C00C046C046C046C046C046C046C0466561D6
:100E2C00C046C046C046C046C046C04670BDC0465F
:100E3C000000044070B5040008000D000C220021D5
:100E4C0007F0DAFB0C23002B09DB064A99008A58C1
:100E5C00A24201D9013BF6E72A60012000E0002004
:100E6C0070BDC04600D6002070B506000D00154CB4
:100E7C00802252000021200007F0BEFB124B2360A1
:100E8C000323237166710723A37125722B0A6372E6
:100E9C002B0CA3722D0EE5720C4B1B6823731A0AD4
:100EAC0062731A0CA2731B0EE3731034084B2200EE
:100EBC0023CB23C213CB13C2198811809B78937058
:100ECC0070BDC046100C02204F4B48430409022051
:100EDC00A8B4002010B5040000210320FFF7C4FFC4
:100EEC00034BDC71034A11784F22995410BDC04654
:100EFC00100C02209B0E022010B52822014907F08D
:100F0C0081FB10BD0000301010B58EB004A8FFF7A7
:100F1C00F3FF802380221848184902911849019147
:100F2C00C021890300919B035203002108F080FE2D
:100F3C00FFF73EFB0100134B180008F079FE124B33
:100F4C001B68092B00D90023104A9B0099581048A4
:100F5C0008F06EFE04A8FFF735FB002801D10EB097
:100F6C0010BD0599069A099B0B988446094864465E
:100F7C00009408F05DFEF2E7C4B40020001060009D
:100F8C00001030001CB50020D0FD002004D500203E
:100F9C0038B5002050B5002070B500210320FFF7B4
:100FAC0063FF174B174A11784F229954002424E001
:100FBC00B0256543144BED18124B1A78120323011C
:100FCC001B1B59015B181B011B1BD2180132B021D2
:100FDC002800FFF715FA0D4BB02229001D00180050
:100FEC0007F010FB290040390120D0224042FFF7C6
:100FFC00B1FA074BA20098500134072CD8D970BD18
:10100C00100C02209B0E0220FCE50020600C02203C
:10101C007CEB002070B5114B1E680725354001365E
:10102C001E60B02169430E4BC9180E4CB022200033
:10103C0007F0E8FA200048383100FFF7E3FA210006
:10104C004C39094BAD00E8580822FFF783FAC1432D
:10105C0020004438FFF7D6FA70BDC046F8E50020F2
:10106C00FCE50020600C02207CEB002070B5130026
:10107C00C046C046C046C046C046C046D024240622
:10108C008025AD01A561C046C046C046C046C046DD
:10109C00C046C046C046C046C046C046C046C04614
:1010AC00C046C046C046C046C046C046C046C04604
:1010BC00C046C046C046C046C046C046C046C046F4
:1010CC00C046C046C046C046C046C046C046C046E4
:1010DC00C046C046C046C046C046C046C046C046D4
:1010EC00C046C046C046C046C046C046C046C046C4
:1010FC00C046C046C046C046C046C046C046C046B4
:10110C00C046C046C046C046C046C046C046C046A3
:10111C00C046C046C046C046C046C046C046C04693
:10112C00C046C046C046C046C046C046C046C04683
:10113C00C046C046C046C046C0460A000100324800
:10114C0009F0B6FFC046C046C046C046C046C046C1
:10115C00C046C046C046C046C046C046C046C04653
:10116C00C046C046C046C046C046C046C046C04643
:10117C00C046C046C046C046C046C046C046C04633
:10118C00C046C046C046C046C046C046C046C04623
:10119C00C046C046C046C046C046C046C046C04613
:1011AC00C046C046C046C046C046C046C046C04603
:1011BC00C046C046C046C046C046C046C046C046F3
:1011CC00C046C046C046C046C046C046C046C046E3
:1011DC00C046C046C046C046C046C046C046C046D3
:1011EC00C046C046C046C046C046C046C046C046C3
:1011FC00C046C046C046C0466561C046C046C046F3
:10120C00C046C046C04670BD0000044070B5040026
:10121C000D001600D0231B068022D2015A615B6898
:10122C001B041BD50221124A13780B431370FA20AE
:10123C00C000FFF7FBFC002812D00D4A13780221E6
:10124C000B43DBB21370D0231B068022D2019A61B0
:10125C00320029002000FFF709FF70BD0121E2E7F1
:10126C00D0231B068022D2019A610138F5E7C046D3
:10127C00950E022070B50600002400E00134202CED
:10128C000CD8351907490422280009F0F3FB002873
:10129C00F4D1231DF35C032BF0D100E000252800D2
:1012AC0070BDC04634D6002070B500210120FFF778
:1012BC00DBFD834C80256D002A000021200007F007
:1012CC009BF980482A002100FFF7A0FF002800DAD4
:1012DC00B3E07B48FFF7CEFF041E00D1B9E0784B9A
:1012EC00C31A794A1360794A1268934201D2774A39
:1012FC001360774A1268934201D9754A1360637977
:10130C00013BDBB2012B00D9BFE0A279714B1A7003
:10131C00E579AB07DB0F704A13706B07DB0F6F4A75
:10132C001370EB06DB0F6E4A1370AB06DB0F6D4AC6
:10133C0013703E23E25C6C4B1A7020000C30FFF7EC
:10134C0055F96A4B186020001030FFF74FF9684BC5
:10135C00186001232B40674A137020000830FFF7F8
:10136C0045F9654B1860A27E644B1A70E27E644BA3
:10137C001A70237F627F12021343624A1380A37F89
:10138C00E27F12021343604A13802023E25C5F4B1E
:10139C001A7020002430FFF729F95D4B18602823C0
:1013AC00E25C5C4B1A702923E25C5B4B1A702A23BB
:1013BC00E25C5A4B1A703C23E35C3D22A25C1202A5
:1013CC001343574A13802D07ED0F564B1D702B23DB
:1013DC00E25C554B1A702C23E25C544B1A702D2393
:1013EC00E25C534B1A702E23E25C524B1A702F2383
:1013FC00E25C514B1A7020003030FFF7F7F84F4B7E
:10140C00186020003430FFF7F1F84D4B18602000C5
:10141C003830FFF7EBF84B4B18603F23E35C4A4A3C
:10142C0013705A1E9341494A1370494B01221A708A
:10143C00484A13680133136070BD454B00221A7083
:10144C00454A136801331360444A1368013313602F
:10145C00F2E73F4B00221A703F4A136801331360C6
:10146C003F4A1368013313603E4B1548010034C9E1
:10147C0034C31A000B681360FF23C25C3A4B1A701A
:10148C00FFF7C8F8394B1870D6E7314B00211970AB
:10149C00314A136801331360314A13680133136006
:1014AC00304B074A140061CC61C3180023680360F9
:1014BC00FF23D25C2C4B1A702C4B1970BCE7C04626
:1014CC00100B0220100C0220F8FC002088D9002000
:1014DC00FCFC00209D0E0220A50E0220A40E022072
:1014EC00A60E0220A30E0220AB0E02202CFD002023
:1014FC0028FD0020960E0220F0FC00209B0E0220FE
:10150C00990E02208E0E02208C0E0220970E0220C5
:10151C00F4FC00209C0E02209A0E0220980E022051
:10152C00900E0220A70E0220AC0E0220AA0E022062
:10153C00A80E0220A90E0220AD0E022038FD0020BC
:10154C0034FD002030FD0020A10E0220A20E02204E
:10155C00A00E02201CFD002018FD002024FD002000
:10156C0010FD002000FD00209F0E02209E0E022088
:10157C0070B500210120FFF777FC0E4B802464002E
:10158C00220000211D00180007F036F80A4822003E
:10159C002900FFF73BFE002808DB0648FFF76AFE30
:1015AC00002802D04379042B02D170BD0020FCE747
:1015BC000020FAE7100B0220100C0220F0B5CE46EA
:1015CC00474680B583B0060000910192002500E0EB
:1015DC000135172D41DC31000220FFF745FC224C70
:1015EC0080277F003A000021200007F005F81F48F3
:1015FC003A002100FFF70AFE0028E9DB1A48FFF742
:10160C0039FE041EE4D04379022BE1D11430FEF7ED
:10161C00EDFFB042DCD1277E637E1B021F437B1E95
:10162C009BB27F2BD4D860239C46A4446346E146EE
:10163C0039001800FEF7AAFF804640342000FEF760
:10164C00D5FF43468342C3D13A004946009806F081
:10165C00D9FF019B1F80012000E0002003B0C0BC1B
:10166C00B946B046F0BDC046100B0220100C02204B
:10167C00F0B5CE46474680B583B017001E000B78F8
:10168C00032B19D8354AD25C824210D00A9B1B6AB4
:10169C0001330A9A13620B78002B35D000230B70A0
:1016AC004F2831D101330B702D4B18702CE05A1C84
:1016BC000A702B4AD05427E05A1C0A70284AD0547E
:1016CC000B783B2B20D900230B70264B1C001800E9
:1016DC00FEF78CFF019034212000FEF757FF050028
:1016EC00230034331800FEF781FF80462B1A5A4230
:1016FC005341DBB2994685420BD0454527D00A9B16
:10170C001B6901330A9A136103B0C0BCB946B046D9
:10171C00F0BD3A00019B9C466244134B30211C00E7
:10172C001800FEF76DFE11493022200009F0A2F9D5
:10173C000028E2D0002399464B46002BDFD0019ABB
:10174C0032600A9BDB6801330A9AD360DCE73368AA
:10175C00019A9342F0D3002BD1D1EDE7FCD50020B8
:10176C00100E0220140E0220DC0D0220180E022096
:10177C0010B582B001002F4B1B68834206D02E4A55
:10178C001368581C10602D4A934208D82C4A1368D1
:10179C00581C10602B4A934227D802B010BD284B1E
:1017AC0000221A60244B1A60224B1960264B1B68CE
:1017BC00264A274800914021040008F023F8200015
:1017CC0009F0F6F984460021220008E0214B9B69C0
:1017DC009B06FBD410781F4B1860013101328C45ED
:1017EC00F4D81B4808F0F5F9D7E7154B00221A601E
:1017FC00114B1A60144B1B68144A15480091402178
:10180C00040007F0FFFF200009F0D2F98446002104
:10181C00220008E00F4B9B699B06FBD410780D4B04
:10182C001860013101328C45F4D8094808F0D1F91F
:10183C00B3E7C04650FD002040FD0020002D3101D3
:10184C0084D90020804A5D05A4D9002094B50020DD
:10185C0054FD00200040034070B505000C0008004A
:10186C0004F032F92870D02109060A6A0123A3403A
:10187C001A40501E82416A700A6913405A1E9341E5
:10188C00AB70A400074B9C46644462680823134069
:10189C001B07DB0FEB706268042313405B07DB0F45
:1018AC002B7170BD00C0014070B504000D00080024
:1018BC0004F00AF92378984231D1D0231B061B6A15
:1018CC000122AA401340591E8B4161788B4228D1CA
:1018DC00AB001748844663445868082303401B0731
:1018EC00DB0FE07898421ED1AB00634458680423A8
:1018FC0003405B07DB0F2079984216D100290AD0F0
:10190C00D0231B061B6913405A1E9341A2789342A5
:10191C0003D0002004E0012002E0012000E00020C0
:10192C0070BD0020FCE70020FAE70020F8E7C04675
:10193C0000C0014070B505000024002604E06420BE
:10194C00002105F0C9F801340F2C08D8D0231B0650
:10195C005A680123AB401342F1D00136EFE708205F
:10196C00B0428041404270BDF0B5DE4657464E460F
:10197C004546E0B585B001900291904699460EAB74
:10198C0004CB03921B789A463C4A13780133DBB2A2
:10199C001370002B02D1130001221A70374B1F78E1
:1019AC00002539E0002105E00132232A0AD800285D
:1019BC00F8D0815C1300A433314CE1540029F3D1ED
:1019CC000020F1E72F4CC4212000FEF7DFFD0100C1
:1019DC002000C430FEF716FE2B488026760032001D
:1019EC000021834606F008FE201F32005946FFF7FF
:1019FC000DFC00280FDB2448FFF73CFC00280AD024
:101A0C004379012B07D12D33C25C204B1A70232351
:101A1C00C35CBB4230D00135172D21DC05F03CFCFA
:101A2C0000210620FFF720FA154C194B1A784F238A
:101A3C00E254A7724933019AE2540133029AE254F8
:101A4C0001335246E25420009C304146FEF7DAFD49
:101A5C002000A0304946FEF7D5FD03980022A4E7EC
:101A6C000C4B01221A700120404205B0F0BCBB4661
:101A7C00B246A946A046F0BD0020F6E7B60E0220FD
:101A8C00100C0220140C0220100B0220A90E0220B4
:101A9C00AC0E0220B50E0220F0B5D6464F46464697
:101AAC00C0B594B08146022800D180E014241525DD
:101ABC00210007A8FFF7D0FE290005A8FFF7CCFEF0
:101ACC00092103A8FFF7C8FE200004F088F80126BE
:101ADC003300A340D0273F06BB6200220121200027
:101AEC0003F0FCFF280004F07AF83300AB40BB6233
:101AFC0000220121280003F0F1FF192005F002F863
:101B0C008026B6007E61092004F069F87E621920F7
:101B1C0004F0F8FFBE61192004F0F4FF2000FFF779
:101B2C0009FF80462800FFF705FF82467E611920D9
:101B3C0004F0E8FF2000FFF7FDFE07002800FFF788
:101B4C00F9FE0600092103AB1800FFF70CF8290079
:101B5C0005AB1800FFF707F8210007AB1800FFF7DB
:101B6C0002F84346002B25D001245346002B00D00D
:101B7C0002231C43002F1FD004231C43331E00D010
:101B8C0008231C43D0231B061A6980235B00110019
:101B9C0019401A4200D010210C434346002B17D198
:101BAC005346002B0AD0002F10D1002507E0152436
:101BBC0014257DE70024D8E70023DEE700255346F3
:101BCC00002B26D0002F26D1164903E00125F6E77D
:101BDC00002515494B46022B1FD0144B144A00917B
:101BEC002C2109A807F00EFE4B46022B17D016200D
:101BFC0001235D40E9B20023019309AB00934B46EE
:101C0C002200FFF7B1FE14B0E0BCBA46B146A846BC
:101C1C00F0BD0849DEE70849DCE7084BDEE7172092
:101C2C00E6E7C046E4B50020B0B5002008B60020B9
:101C3C0018B60020C8B50020F4B5002010B600205E
:101C4C00F0B5C64600B58EB01C2003F0C8FFD024FA
:101C5C00240680235B05A362002200211C2003F0D4
:101C6C003DFFFA26760000273000390004F034FFDF
:101C7C00656880235B051D40EB00DA0F904601225E
:101C8C0000211C2003F02AFF3000390004F024FF4F
:101C9C00646880235B051C40E600F60F00220021DF
:101CAC001C2003F01BFF002201211C2003F016FF57
:101CBC00002C0BD00F4B104A2C2103A807F0A2FDCF
:101CCC00002D05D0002C12D1012102E00B4BF2E7C4
:101CDC000121C9B20023019303AB009333004246A8
:101CEC004420FFF741FE0EB080BCB846F0BD002189
:101CFC00EFE7C04624B6002028B6002020B600200E
:101D0C00F0B5CE46474680B58FB081460E00574B96
:101D1C001B785B0717D5082003F061FFD02424063D
:101D2C0080235B006362092003F059FF80239B0032
:101D3C0063626361192004F0E5FE02AB4C4A1A8021
:101D4C00002500271BE0002501954A4C0094002338
:101D5C00002203211120FFF707FE019500940023B8
:101D6C00002203211220FFF7FFFD68E00123A340AE
:101D7C001F4300220021200003F0B0FE0135012D8D
:101D8C0026DC02AB5C5D200003F029FF0123A3409D
:101D9C00D0221206936200220121200003F09EFE45
:101DAC00192004F0AFFE2000FFF7C4FD804601228D
:101DBC000021200003F092FE192004F0A3FE200065
:101DCC00FFF7B8FD4346002BD0D00028D1D0CDE78B
:101DDC00002E39D0D0231B06802292005A614B462C
:101DEC00002B37D0D0231B06802252005A610123CE
:101DFC00002E36D00121204A03AC00912C2120006A
:101E0C0007F000FD00230193009433004A460021A3
:101E1C001120FFF7A9FD002F25D0184B184A03AC51
:101E2C002C21200007F0EEFC39004B1E9941C9B261
:101E3C000023019300943A001220FFF795FD0FB098
:101E4C00C0BCB946B046F0BDD0231B068022920020
:101E5C009A61C4E7D0231B06802252009A610023AA
:101E6C00C6E70021C7E7074BD8E7C046AA0E0220F9
:101E7C001415000068B6002078B6002038B6002093
:101E8C000CB7002054B6002010B51A2003F0A7FEA2
:101E9C00D0231B068022D2045A62002408E0D023EF
:101EAC001B068022D2049A61FA2004F02BFE013426
:101EBC000B2C09DC05F0F0F9E307F0D5D0231B0659
:101ECC008022D2045A61EFE7D0231B068022D20471
:101EDC009A619A6210BD0000F0B5DE4657464E4638
:101EEC004546E0B59BB004AB00221A700026A84B07
:101EFC000293039300239A469B4640E00123AB4098
:101F0C005A461A439346039B1B78002B04D1A14BD2
:101F1C00F2009B185B68039300220021280003F059
:101F2C00DDFDD0273F067C627C61C820002104F0D7
:101F3C00D3FD7B6823409846BC61C820002104F087
:101F4C00CBFD7B6823404246002A01D0002B0DD0EC
:101F5C000123AB4052461A439246029B1B78002B3E
:101F6C0004D18C4BF2009B185B680293D0231B06A8
:101F7C009C6200220121280003F0B0FD0136864B43
:101F8C001B68B34233D9834BF200D55C05F084F95E
:101F9C00280003F024FE01273C00AC40D0231B0694
:101FAC0099469C6200220121280003F097FDC8206D
:101FBC00002104F091FD4B465B68234098460122BA
:101FCC000021280003F08AFDC820002104F084FDC4
:101FDC004B465A682240C023DB01EB401F4043466E
:101FEC00002B8BD0002A97D0002F95D186E7FA20B2
:101FFC004000002104F070FD0025002737E001347B
:10200C00654B1B68A34223D9A542F8D0614BE20073
:10201C00D25CD0231B065968012393400B42EED1AE
:10202C0001231900B14093400B431F4304AB1B78B1
:10203C00002BE4D15749EB00CB185B68574AE00002
:10204C000918496800912C2104A807F0DBFBD6E79E
:10205C00D0231B0642469A6200220121300003F075
:10206C003DFD96204000002104F036FD01354A4B21
:10207C001B68AB421AD9474BEA00D65C05F00CF949
:10208C00092EF3D000220021300003F027FD01239C
:10209C00B3409846D0231B0642465A629A6196205A
:1020AC004000002104F018FD0024A9E7002405E0FD
:1020BC00384BE200D05CFEF747FD0134364B1B6811
:1020CC00A342F5D80D2003F08AFDD02424068023EA
:1020DC009B01636263610E2003F081FD8023DB01B1
:1020EC006362A3612C4B1B685A46002A01D12C4A0F
:1020FC0003922C4A0FAC039900912C21200007F07D
:10210C0081FB254D2B6859464A1E9141C9B20022CC
:10211C00019200945A460F20FFF726FC2B6852467A
:10212C00002A01D1204A02921E4A0FAC029900915A
:10213C002C21200007F066FB174B1B6851464A1EEA
:10214C009141C9B200220192009452460E20FFF731
:10215C000BFC002F1AD004AB144A0FAC2C2120001E
:10216C0007F050FB0C4B1B6839004A1E9141C9B259
:10217C000022019200943A001020FFF7F5FB1BB0EF
:10218C00F0BCBB46B246A946A046F0BD084BE3E7FF
:10219C00E4B30020680D02201C0D0220C0B6002004
:1021AC0094B60020CCB60020A0B600200CB70020BE
:1021BC00ACB6002070B5002600E00136072E22DCFC
:1021CC0005F06AF800210120FEF74EFE0F4C802529
:1021DC006D002A000021200006F00EFA0C482A009F
:1021EC002100FFF713F80028E7DB0848FFF742F857
:1021FC000028E2D04379012BDFD12D33C25C054B93
:10220C001A70012070BD0020FCE7C046100B0220A4
:10221C00100C0220A90E0220F0B58FB01D4B00222D
:10222C001A70002404E005F037F8FFF7C3FF0134FF
:10223C000F2CF8DD174B1B7802241C40A207D20F81
:10224C00160004251D406B07DB0F1F00002C03D06C
:10225C00002D0DD1104B00E00F4B104A2C2103A880
:10226C0007F0D0FA002C05D0002D10D1012102E08E
:10227C000B4BF2E70121C9B20023019303AB00938E
:10228C003B0032004020FFF76FFB0FB0F0BD002188
:10229C00F1E7C046A90E0220E0B60020E8B6002007
:1022AC00D8B6002070B58EB01C4B00221A700024DA
:1022BC0004E004F0F1FFFFF77DFF01343F2CF8DD63
:1022CC00164B1C7802221440A207D20F16001D7860
:1022DC0001231D40002C03D0002D0DD1104B00E02C
:1022EC000F4B104A2C2103A807F08CFA002C05D0B8
:1022FC00002D10D1012102E00B4BF2E70121C9B2F4
:10230C000023019303AB00932B0032004120FFF715
:10231C002BFB0EB070BD0021F1E7C046950E0220DC
:10232C00E0B60020FCB60020D8B60020F0B5C646BA
:10233C0000B590B00026002303930027984603E0D5
:10234C00013700E001370136FF2E27D804F0A4FF37
:10235C0000210120FEF788FD244D8024640022001A
:10236C000021280006F048F9214822002900FEF738
:10237C004DFF0028E4DB1D48FEF77CFF0028E1D070
:10238C000379032BDED1194BC01A039B834200D374
:10239C00180001239C46E0440390D4E7154A039BA4
:1023AC000193009743462C2105A807F02BFA002F28
:1023BC000AD180235B00984501D0012105E0039BE5
:1023CC001F2B10D9012100E00121C9B20023019378
:1023DC0005AB00933B0042464220FFF7C5FA10B014
:1023EC0080BCB846F0BD0021EFE7C046100B0220C0
:1023FC00100C022010B70020F0B5D6464F464646CA
:10240C00C0B5070089469046354A137801331370DE
:10241C0000260DE0334B1A7818E0427A1300591E4F
:10242C008B41DBB2007A2E49097888424ED00136B6
:10243C00952E53DC04F030FF00210520FEF714FD2F
:10244C00294B1B78002BE5D0284B1A78284C4F23AE
:10245C00E254200050303900FEF7D4F820005430FC
:10246C004946FEF7CFF81E4B1A785823E254013335
:10247C004246E254201DC421FEF788F801002000DA
:10248C00C830FEF7BFF81B4D80235B009A461A003C
:10249C000021280006F0B0F8524629002000FEF773
:1024AC00B5FE0028C3DB1348FEF7E4FE0028BED0BF
:1024BC004379042BB1D0002FB9D1012BB7D1012313
:1024CC001800E0BCBA46B146A846F0BD002F02D1B8
:1024DC0053425A41D3B2002BA9D0F1E70023EFE7C6
:1024EC00B80E02209B0E0220B70E0220AC0E02206A
:1024FC00100C0220100B022070B5FF20FEF7EAFC36
:10250C00002500E001353F2D1CDC04F0C5FEFEF774
:10251C0081FD0D4C8026760032000021200006F053
:10252C006BF80A4832002100FEF770FE0028E9DB48
:10253C000548FEF79FFE0028E4D0FEF7B1F800280E
:10254C00E0D070BD0020FCE7100B0220100C022024
:10255C0010B5034B00221A6004F09EFE10BDC0465D
:10256C00A4FC002010B5074A1368013313608022C5
:10257C005201934200D210BD024B00221A6004F0AB
:10258C008BFEF8E7A4FC0020F0B5DE4657464E461D
:10259C004546E0B585B083460F0000230B6000284C
:1025AC0007D1002005B0F0BCBB46B246A946A046F8
:1025BC00F0BD052004F024FD05005B461818013819
:1025CC00594605F06BF80400012803D9C30702D55E
:1025DC00013400E0022480239B009C4211D821008E
:1025EC00280005F05BF8AC4213D8834514D338604F
:1025FC007D6000233B727B72BB72FB7201330393D1
:10260C0001E00023039300239A460133B9461F00CF
:10261C004BE000230393F6E700230393F3E78524B1
:10262C002B486043390005F039F843089B450FD31C
:10263C004A4612689A420BD24A46136050600223F3
:10264C0013724B46547242469A72DE720123039304
:10265C000136B04527D3474677433A000023584606
:10266C00514605F091FE04000D0024196D410294B1
:10267C000195174A00232000290005F04DF80400AD
:10268C00002DCCD103D1134B029A9A42C7D8104AD1
:10269C000023200005F078FE0029C1D1D8D10E4BC3
:1026AC009842BDD8D4E747460137072F02D80126F8
:1026BC00B846CEE74F46039B002B04D03B68002B5B
:1026CC0003D100206EE700206CE701206AE7C046CA
:1026DC00001BB700FF21D85F7F17B42CF0B5DE4686
:1026EC0057464E464546E0B583B000900191924660
:1026FC009B460C9D714A13780133DBB21370002B8F
:10270C0002D1130001221A706C4B1B7899460027DA
:10271C0003E0012A00D1B9E00137172F00DDC3E037
:10272C0004F0BAFD00210420FEF79EFB644C009BD4
:10273C00E371644B1A784F23E25453462372019B86
:10274C0063724B46A3725B46E372296820005030DB
:10275C00FDF758FF696820005430FDF753FFA96856
:10276C0020005830FDF74EFFE96820005C30FDF783
:10277C0049FF296920006030FDF744FF696920009A
:10278C006430FDF73FFFA869E969FA229200002343
:10279C0004F0C2FF010020006830FDF733FF296A06
:1027AC0020007430FDF72EFF696A20007030FDF7B1
:1027BC0029FF454B196820007830FDF723FF0520D1
:1027CC0004F01EFC010020008030FDF71BFFE96ABD
:1027DC0020008830FDF716FF296B20008C30FDF7A8
:1027EC0011FF696B20009030FDF70CFF3C23EA5C75
:1027FC005833E2545C3BEA5C4433E254433BEA5CBE
:10280C004433E254433BEA5C4433E254433BEA5CDA
:10281C004433E2542A8D133BE2542B8D1B0A6D2258
:10282C00A3546A8D6E23E2546B8D1B0A6F22A35442
:10283C00201DC421FDF7AAFE01002000C830FDF7C1
:10284C00E1FE224E80235B0098461A0000213000E6
:10285C0005F0D2FE424631002000FEF7D7FC0028DE
:10286C0000DA59E71948FEF705FD002800D153E7B7
:10287C004279D31EDBB2012B00D94AE7C37B4B450F
:10288C0000D046E7807B431E98410FE02323C35CB6
:10289C004B4500D040E72023C25C0D4B1A7022231D
:1028AC00C05C431E984101E00120404203B0F0BCE3
:1028BC00BB46B246A946A046F0BDC046920E0220C9
:1028CC00100C02209B0E0220E0E50020100B0220D1
:1028DC00970E0220F0B5C64600B582B080460F00B8
:1028EC0016009F2301936C4600230093EFF3108591
:1028FC0072B60422694601A808F026FD85F31088FB
:10290C00637840460370A3783B70E378337002B071
:10291C0080BCB846F0BD10B582B06B46D81D002304
:10292C0003706A46911D0B70541D53712200FFF702
:10293C00D1FF22781300103BDBB2092B03D8012006
:10294C00904002B010BD0020FBE7000010B5FFF76F
:10295C00E2FF024B83428041404210BDFF0F6000FA
:10296C00F0B583B06B46DD1D00232B706A46961DB7
:10297C009371571D53713A0031002800FFF7AAFFDD
:10298C00FFF7C9FF04003B78327829780E4807F02E
:10299C004FF9002C11D0220D0C48210007F048F9FA
:1029AC0080256D040A481022290007F041F9AC4239
:1029BC0007D0084807F00DF903E03978064807F00E
:1029CC0037F903B0F0BDC04630B700209CB70020EB
:1029DC00C4B70020F0B7002054B70020F8B50600AB
:1029EC000F0080235B019A4210D3EFF3108572B66F
:1029FC00802464012100300008F0DEFB2200390045
:102A0C00300008F03DFC85F31088F8BD8818802351
:102A1C005B019A1AFF2105F0EFFDE6E7F0B58FB0E8
:102A2C000B276F4400253D700A246C442570092641
:102A3C006E443570320021003800FFF74BFF3B78B5
:102A4C00180421780A021043040030780443424AE7
:102A5C0003AE019000912C21300006F0D3FE3B78A0
:102A6C00013BDBB2FD219942894149420195009617
:102A7C00002322000320FEF777FFFFF74CFF040032
:102A8C00030D364A102100911C31300006F0BAFEBD
:102A9C008023FF221206A1184A1E9141C9B201954A
:102AAC0000965B0422000420FEF75EFF2C4B1B7883
:102ABC00DB0712D5002280235B019A4218D2294BE6
:102ACC0019784B015B1ADBB2D100891A5B18DBB2A7
:102ADC005A3325498B540132EDE700230193234BE4
:102AEC0000930023002203210520FEF73DFF30E078
:102AFC0004F0D2FB80221C49E0205201C003FFF7F6
:102B0C006DFF04F0C9FB0023002400E00133802298
:102B1C005201934207D2164A995C134AD25C9142F5
:102B2C00F4D00134F2E7E023124A03AD0094DB0346
:102B3C002C21280006F066FE802321004A1E9141BC
:102B4C00C9B20022019200955B0122000520FEF71C
:102B5C000BFF0FB0F0BDC0463CB8002054B80020AD
:102B6C00AA0E0220AC0E0220DCFD002068B600206C
:102B7C000000701070B80020F8B50400124B036010
:102B8C002421FDF703FD6062802676000F4D320094
:102B9C00FF21280005F030FD28222100280005F037
:102BAC0031FDEFF3108772B68021C024A4034901D4
:102BBC00200008F001FB32002900200008F060FB27
:102BCC0087F31088F8BDC0464F4B4B49DC0D0120F4
:102BDC0000B58BB004F09AF8E9239B00994207D218
:102BEC000E4B994201D00BB000BD0D4B9842FAD957
:102BFC006846FEF781F96846FDF7E4FC0028F2D040
:102C0C00019B022BEFD16846002301930293FFF73F
:102C1C00B3FF044806F0DDFFE5E7C046A303000060
:102C2C00FF3F945288B80020F0B5DE4657464E461A
:102C3C004546E0B593B06F4B1E686F4B1F68721E14
:102C4C0080235B039A4206D313B0F0BCBB46B2465A
:102C5C00A946A046F0BDFFF779FE0028F4D008ACD9
:102C6C002000FEF749F92000FDF7ACFC002802D04B
:102C7C000F9BB34223D0002802D00B9BB34222D02F
:102C8C005E4B1B68BB4202D05D4A00211160BB4207
:102C9C0003D15B4B1B68052BD6D85A483A00310040
:102CAC0006F0C6FF04F032F80290039100240023D2
:102CBC0099460025013B9B46B04605971FE0109BAB
:102CCC00BB42D8D1C0E70C9BBB42D9D1BCE7059F16
:102CDC0004F0E2FA494B1F60494B1A6801321A6042
:102CEC004948494606F0A4FFAEE7281B80239B0306
:102CFC009C46604445492200FFF770FE0024454580
:102D0C0035D20E2304AA9446634400221A8004F0A0
:102D1C00C3FA43465B1B9A46802B01D980239A4603
:102D2C003A4EA6190E2204AB9C466244310048462A
:102D3C00FEF744FC0028CAD00E2304AA9446634430
:102D4C001F885745C3D13A0031005846FDF702FCA5
:102D5C008346E419ED194B46013399462200803223
:102D6C0080235B019A42C0D8A845C8D8BDE7464627
:102D7C00059F04F091FA5B46DD4303F0C7FF029B0D
:102D8C00039CC01AA141FA229200002304F0C4FC57
:102D9C000400AF420BD0194B1F60194A1368013362
:102DAC0013601B483A00290006F042FF4CE7144B15
:102DBC0000221A6008AF3800FEF79EF83800FDF7C5
:102DCC0001FC002810D008A8012343600023836075
:102DDC00C6610562FFF7D0FE0E4800942B004A46F0
:102DEC00310006F025FF2FE728220021380005F0DE
:102DFC0003FCE8E72CFD002028FD0020D8FD002076
:102E0C00D4FD0020B8B80020F4B80020DCFD002070
:102E1C003CB9002098B90020F8B5DE4657464E461E
:102E2C004546E0B582468B469046002422E05B4640
:102E3C00E11880235B059C4661441A482A0005F082
:102E4C00E1FB80235B019E421FD304F025FAEFF3D4
:102E5C00108972B65346E61880277F01390030007E
:102E6C0008F0AAF90F493A00300008F009FA89F382
:102E7C001088641944450FD243461E1B350080232D
:102E8C005B019E42D3D91D00D1E75A1B0548281877
:102E9C00FF2105F0B1FBD8E7F0BCBB46B246A94612
:102EAC00A046F8BD9CEC002070B58AB06846FEF7D1
:102EBC0023F86846FDF786FB002808D0019B012B00
:102ECC0005D1079B013B80225203934201D30AB0E8
:102EDC0070BD04F0E1F9079980208003FDF75FFBDA
:102EEC00089B984205D004F0D7F9384806F071FEDB
:102EFC00EDE704F0D1F9FDF75BFB0500421E8023E2
:102F0C005B039A4220D23248290006F091FE8024BD
:102F1C0064032A0000212000FFF77EFF04F0BCF9B7
:102F2C0029002000FDF73BFB0400060004F0B4F977
:102F3C0029000020FDF733FBA0420AD004F0ACF9C5
:102F4C00244806F046FEC2E72348290006F070FE2E
:102F5C00BDE704F0A1F90595069603230193002320
:102F6C0002936846FFF708FE07991C4806F060FEBE
:102F7C00079A802189030020FFF74EFF04F08CF99B
:102F8C0007990020FDF70BFB089B98420AD004F030
:102F9C0083F9134806F01DFE00220021002004F0E6
:102FAC00D5F9FEE704F078F9684602230193079BF4
:102FBC000393089B0493FFF7DFFD0A4806F009FE14
:102FCC0000220021002004F0C1F9FEE7E4B9002042
:102FDC0058BA002098BA002020BA0020E0BA00208D
:102FEC0020BB002060BB0020F0B58FB007000E00A6
:102FFC0010001C0004F00AF80500134A009033007E
:10300C002C2103A806F0FEFB002C1AD0149B9C422A
:10301C0002D9E31A9D4210D3149BE318AB420ED293
:10302C000121C9B20023019303AB009323002A00B2
:10303C003800FEF799FC0FB0F0BD0121F1E700213B
:10304C00EFE70421EEE7C04690BB0020F0B58FB04F
:10305C0007F07CFA464B02221A60464B1A68802312
:10306C00DB015340E022D2011340434A1360142089
:10307C0003F048FD0024002610E03D4B04221A60AA
:10308C003C4B1B68DB05FBD53A4B5B681B041B0CEC
:10309C00F618C820002103F01FFD01340F2CECD9C9
:1030AC003609364A00233000002105F06DF9090578
:1030BC00030BCB181800D917314A01235B421218A5
:1030CC004B41D10E5D014D195401A41A9D41E10DE6
:1030DC008C4669026144600280185941840EA446F2
:1030EC008D0165448401241A8D412000290080182B
:1030FC005941244A002304F0F7FA0400224D2D1AFA
:10310C00FA218900280004F0A1FA0700EB17E8184F
:10311C005840FA21890004F099FA0800642104F05F
:10312C00BDFA00903B00194A2C2103A806F06AFB5B
:10313C00174B9C466444174B9C4217D80021002423
:10314C00019403AB00932B0032000D20FEF70CFC16
:10315C00114B02221A600194104B009300230022A1
:10316C0003210C20FEF700FC0FB0F0BD0221E6E7B6
:10317C0000E0044000C0044000D00440E40C000017
:10318C003EFDFFFFB9060000786900009CBB0020E3
:10319C0017F600009E86010000F00440ACBB002036
:1031AC00F0B5CE46474680B58DB0070004911400AB
:1031BC0040220021200005F01FFA3C230122E2549A
:1031CC0067603D3B2385874B1A7893009B185B0106
:1031DC009B1A59015B189B009B1A5901CB1A1D02B3
:1031EC00ED1A2D01AD18ED19012229003800FFF759
:1031FC0003F9069000280AD07B4E0121300003F021
:10320C0033FE3900300003F0EBFD206013E00022A8
:10321C0029000020FFF7F0F8734D7449280003F0E3
:10322C00DFFD0021280003F01FFE00232385D4E0DE
:10323C006D48FDF799F86C4B9B69DB06F8D50023BC
:10324C000F2208A98C46624413700A9303F05EFDAA
:10325C0008900991FA22920000230498002105F0AD
:10326C0093F8089A099B12184B4104920593604EEF
:10327C000027012398462FE05D4E4246290030007E
:10328C00FDF71EFA3C37404600E01E00002F2FD001
:10329C00554B9B699B060BD4731C3178524A1160B9
:1032AC00013F002FF1D10130A2680132A260ECE79E
:1032BC008046B1460BE04C4B1868C0B200940AAB88
:1032CC002A000F2108AEB4466144FEF7D1F9464BF3
:1032DC009B69DB06EFD54E4603F018FD0790059B66
:1032EC008B4208D903F0D8FF002FC5D04046CDE75C
:1032FC008046B146EBE7049A059B8B4203D1130041
:10330C00079A9342EED803F001FD089A099B801AA4
:10331C009941A061E1610023238503F0F7FC354E50
:10332C00002736184F41029603970FE02E4B186872
:10333C00C0B200940AAB2A000F2108AEB446614417
:10334C00FEF796F9284B9B69DB06EFD503F0DEFC04
:10335C00039B8B4202D903F09FFFF3E78B4202D110
:10336C00029B8342F7D8002700239846230044464B
:10337C00A8461D0011E0E86230002430FDF736F954
:10338C00286330002C30FDF731F9686330002830A9
:10339C00FDF72CF96861069C0137172F0EDC03F042
:1033AC007BFFFEF7E5F8061EF6D02030FDF71EF980
:1033BC00002CE0D0EB6A8342EED8DCE745460022D5
:1033CC0029000020FFF718F8074C0849200003F0EB
:1033DC0007FD0021200003F047FD0DB0C0BCB9462D
:1033EC00B046F0BD9B0E022000400340802401003B
:1033FC004C0E0220204E0000F0B59FB01A4B01225B
:10340C001A7002ACE1202200C821C002FFF7C8FEEE
:10341C00049B002B02D00F9B002B05D1E12002AAAC
:10342C00C821C002FFF7BCFE0F4B00251D7002AC7B
:10343C002000FDF765F90700029B049905980B4ADB
:10344C0013AE019000912C21300006F0DBF9012322
:10345C003A005A40D1B2059B0D9A01950096432033
:10346C00FEF782FA1FB0F0BDB70E0220C8BB0020D9
:10347C00F0B5CE46474680B59BB0D94B00221A70AA
:10348C00D84B1A60D0231B061D690132FF32154040
:10349C00EA05D20F91461C6980239B001C40A305B2
:1034AC00DB0F98460EABD04A1A80002214E00EAB0C
:1034BC00995C8900CD4B9C466144486808230340C5
:1034CC001B07DB0F0DA88354496804230B405B07D3
:1034DC00DB0F0CA98B540132012AE8D900200CE037
:1034EC00C04B1A68511C1960C14BD100C14AC600AF
:1034FC005B18921942CA42C301300928F0D9BE4B5D
:10350C001B785B0711D400261BE0B64B1A68511CC4
:10351C001960B74BD100B94AC6005B18921942CA60
:10352C0042C301300328F0D9EDE70020FAE7B04B95
:10353C00F200D15CB0008019B14BC018FEF78CF9C9
:10354C000136A84B1B68B342F1D8AB4B1A78AD4B84
:10355C001978AD4806F06CFBAC4BAD4A0FAEAD49DB
:10356C0000912C21300006F04DF9002301930096B8
:10357C00072204210120FEF7F7F9A74B1B68A74A85
:10358C002C21300006F03EF9A54B1B78092B75D089
:10359C000021A34B1A78D2B2002701970FAB0093EE
:1035AC0000230220FEF7E0F9FFF738FA9D493C238F
:1035BC0000939D4B05220A20FFF716FD052003F012
:1035CC001FFDFA21890004F069F803009749FA26D7
:1035DC007600009609220620FFF706FD062003F070
:1035EC000FFDFA21890004F059F803009049009668
:1035FC000A220720FFF7F8FC8E4900968E4B0B220F
:10360C000820FFF7F1FC8D4900968B4B0C2209200A
:10361C00FFF7EAFC8A490097002303220B20FFF7EF
:10362C00E3FCFFF713FD02AE3000FDF765FC300044
:10363C00FCF7C8FF002823D0824B834A0FAE2C2105
:10364C00300006F0DFF8049B039A002101910096EC
:10365C0004311320FEF788F9FEF73EFCFEF7F0FA72
:10366C00FEF7DAFDFEF71EFEFEF760FEFFF7C4FE66
:10367C0041464846FEF744FB00260DE0022188E750
:10368C00724BDAE7B00080195D4BC018584BF20052
:10369C00D15CFDF768FA0136524B1B68B342F1D886
:1036AC00002608E00EAB985D0CAB9A5D0DAB995DF6
:1036BC0002F014FA0136012EF4D90026002700E09E
:1036CC000136484B1B68B34211D9B00080194C4BE2
:1036DC00C018474BF200D15CFEF7E6F80028EFD19A
:1036EC00434BF200D25C012393401F43E8E70820D0
:1036FC0002F075FAD0231B06802252005A62002D6C
:10370C005ED05A61092002F06AFAD0231B0680228F
:10371C0092005A62002C59D05A610D2002F05FFAC7
:10372C00D024240680239B01636263610E2002F087
:10373C0056FA8023DB016362A3610F2002F04FFA7B
:10374C0080231B02A362002201210F2002F0C6F984
:10375C00244B1B68002F3FD03D493E4A0FAD0091D2
:10376C002C21280006F04EF81E4B1B6839004A1E0F
:10377C009141C9B20024019400953A001520FEF73E
:10378C00F3F80194344B00930023002205211420FC
:10379C00FEF7EAF8124B1B78002B1FD00323019382
:1037AC002E4B00930023002204210020FEF7DCF8AE
:1037BC002B4806F00EFA1BB0C0BCB946B046F0BDA3
:1037CC00D0231B06802252009A619BE7D0231B0654
:1037DC00802292009A61A0E72249BEE70123DEE72E
:1037EC00B50E02201C0D02201415000000C0014073
:1037FC00680D0220ACD50020AA0E02208CD500202A
:10380C00200D0220AC0E022018BC0020A0C9002004
:10381C004CBC002054BC0020A4D9002058BC002073
:10382C00A0D9002068BC0020E02E000070BC002055
:10383C0078BC002084BC002080BB00008CBC002025
:10384C0094BC0020E0BB00200CB70020E8BB00209B
:10385C00F8BB0020CCB600209CBC0020E4B30020B8
:10386C00ACBC002008BC002010B50549054803F08D
:10387C00B7FAE1210903044803F0B2FA10BDC046BF
:10388C0080240100004003400080034010B5052057
:10389C0003F0B6FB0400FCF7CBFE23000022002152
:1038AC00062003F0A3FBFFF7DFFF10BD10B5FFF7F9
:1038BC00EDFF0249024806F0B3FD10BD404B4C0031
:1038CC000000044010B582B00400437A002B0BD1E9
:1038DC00FCF7AEFE227A63680021062003F086FB1B
:1038EC00FFF7C2FF02B010BDFFF7D0FF637A054AA5
:1038FC005A43A37AE17A00910121034803F02CFC8E
:10390C00E6E7C046001BB70000C00240F0B5D64643
:10391C004F464646C0B582B082460C0091461E000A
:10392C00804B1B78012B25D040220021300004F065
:10393C0063FE2368736063687362627A3823F2549F
:10394C00A27A0133F254E27A0133F254227A01332F
:10395C00F2543C3B33852000FFF7B4FF21687248DA
:10396C0006F05EFD3060FF20FDF7B4FA0025002361
:10397C0098460EE0086832004946FFF711FCC8E093
:10398C000023984604E00023984601E00023984663
:10399C0001353F2D22DC4346072B1FDC03F07CFC5A
:1039AC00FDF738FB614C80277F003A000021200096
:1039BC0004F022FE5E483A002100FDF727FC0028A7
:1039CC00DEDB5A48FDF756FC0028DCD0FCF768FE1D
:1039DC000028DBD001239C46E044D9E75046FDF794
:1039EC0079FA03F093F900900191FA2292000023E6
:1039FC004846002104F0C8FC009C019D24184D4150
:103A0C0002E073690133736103F080F98D426ED962
:103A1C0003F042FCFDF7FEFA444F80235B0098460E
:103A2C001A000021380004F0E7FD414842463900F5
:103A3C00FDF7ECFB0028E4DBB3680133B3603B48D3
:103A4C00FDF718FC071E39D0384BC31A9BB2328DC8
:103A5C009A4200D93385728D9A4200D27385380010
:103A6C00FCF71EFE00282DD038000830FCF7BEFDF8
:103A7C008146390014310120CC224042FCF76AFD0A
:103A8C0010223900FCF766FDC3439846380010300D
:103A9C00FCF7ACFD4346C31A5A425341DBB24045D6
:103AAC001BD0244A126849464A4501D2214A11606A
:103ABC00002B18D0F3680133F360A5E733690133A9
:103ACC003361A1E7336A013333627B79012B9BD1DC
:103ADC001F33FA5C184B1A7096E7164A12684A455F
:103AEC00DFD30023DDE73369013333618CE78D428B
:103AFC0001D184428CD803F009F9009B019CC01AB7
:103B0C00A141B061F161328D0C4B9A4207D0FFF7A5
:103B1C00CDFE02B0E0BCBA46B146A846F0BD0023CB
:103B2C003385F4E7980E022000000440100B0220AD
:103B3C00100C0220D8E50020970E0220FFFF000099
:103B4C00F0B5CE46474680B583B08C469046994634
:103B5C00244B1C78272C42D81D00631C2B70224947
:103B6C0063001B199B00C9180300C4CBC4C11F4BB5
:103B7C0000221A550A9B624601002000FFF7C6FE80
:103B8C0029780A980090434600222000FEF7A6FDF3
:103B9C00051E13DB012819D0002601233340134ADC
:103BAC00135500932B000A9A21004846FCF738FF66
:103BBC00300003B0C0BCB946B046F0BD0C48220082
:103BCC00494606F035F801267642F1E70A98FCF7EB
:103BDC00DDFD002801D02E00DFE70026DDE7012601
:103BEC007642E5E7930E0220D0E30020B0E50020FA
:103BFC00D0BC0020F0B5DE4657464E464546E0B5F3
:103C0C0097B083468A4616001D00402200211800FA
:103C1C0004F0F2FC01235B422B8553461B682B609E
:103C2C006B6053465B686B6253465A7A3823EA548E
:103C3C0053469A7A3923EA545346DA7A3A23EA54A9
:103C4C0053461A7A3B23EA54474B197800950223C2
:103C5C000C225846FEF742FD00280ADB5346196831
:103C6C004248320005F0E4FF0023059398460024F7
:103C7C0026E03F4805F0ADFF002017B0F0BCBB4676
:103C8C00B246A946A046F0BD042235E0AB68994681
:103C9C002A69296A68696B8D0393029001910092DD
:103CAC004B4632002100334805F0C2FFA64232D900
:103CBC00002F48DB00230593FCF7DAFD00284CD1DC
:103CCC00B4424FD2371BFA23DB009F4200D91F00AE
:103CDC0006AB99463A0051465846FFF717FE49463F
:103CEC002800FCF77CFDE41901239C46E0441E4BA4
:103CFC001978A642C8D80022009502235846FEF730
:103D0C00EDFC07000A21404603F0C8FC0029BDD099
:103D1C00A642CBD8BAE7B946002F07DB012F0AD051
:103D2C000023994601204B461840A6E7124805F09F
:103D3C0050FF0020A1E72800FCF728FD0028F1D156
:103D4C0000239946EEE7059B01330593022BB3DD67
:103D5C000A4805F03EFF00208FE7094805F039FFBF
:103D6C0000208AE7002088E7930E022048BD00203F
:103D7C000CBD002090BD0020F0BD002030BE002006
:103D8C0078BE0020F0B583B00F4B1C68002C0BD014
:103D9C000E4B1D680F2D07D90D4B1E68002E03D03E
:103DAC000C4B1F68002F01D103B0F0BD21000A4855
:103DBC0003F074FC2A0042430097330021000748AB
:103DCC0003F0CAF9F0E7C046F4E50020E8E500206E
:103DDC00ECE50020F0E50020001BB70000C002401D
:103DEC0070B584B006000C0001AB02AA03A903F065
:103DFC0061F9051E04D1002C09D1200004B070BD5E
:103E0C00019A0299039803F021F92C00F5E7024876
:103E1C00310001F0F5FEC046B8BE0020F0B5DE461C
:103E2C0057464E464546E0B5A5B0C34B1A68924678
:103E3C00C24B1B789846C24B1B689946C14B1B78EA
:103E4C009B46312A07D9FA23DB009A4205D9FA237B
:103E5C00DB009A4601E032239A464346013B272B6E
:103E6C0001D92823984649464B1EB74A934205D997
:103E7C00B64B994204D9B54B994601E000239946BB
:103E8C005B46082B01D908239B46B14B1B885C0170
:103E9C00E41AA400E418E400AE4B1B885D01ED1A93
:103EAC00AD00ED18ED00AC4B1E78FCF7CFFBAB4B27
:103EBC001860062003F0A4F8A94B1860052003F045
:103ECC009FF8A84B1860A84B00271F70FCF7C6FB87
:103EDC00FDF762F8A54B1F60A54B1F60A54B18881A
:103EEC00002801D19B4B1888A34B1B78002B0FD0BB
:103EFC00FA22D2000023002104F046FA984B1A68EB
:103F0C00002300290FD1994201D190420BD80023F4
:103F1C000A93012E36D0002B36D0924B1B68002B07
:103F2C0003D10A9330E00123F2E7FCF781FB0F2069
:103F3C0003F0A4F9032002F0E5FD8A4B1868FA217E
:103F4C00890003F0ABFB40000021FFF749FF07009D
:103F5C000A90FFF789FC002F0DD0884F052003F045
:103F6C004FF802000A9B002B0AD0854B854839007C
:103F7C0005F05EFE08E00B2003F080F9824FEDE7C0
:103F8C00824BF3E700230A93FFF790FC0C220021ED
:103F9C000EA804F031FB012E3AD07D4B09937D4BDA
:103FAC001B780B936A4B1F886A4B19880C91052060
:103FBC0003F026F803007848694A126806920593C4
:103FCC005B4604934B4603930C990291019751461F
:103FDC00009143460B9A099905F02AFE012E00D058
:103FEC007EE06E4B1C68002C01D19624A4016C4B16
:103FFC001D68002D00D16B4D96239B019C4200D275
:10400C001C00684B9D4200D91D000023002703E0D3
:10401C00654B0993C3E701330C2B08D8634A99000D
:10402C008A58A242F7D3AA42F5D80137F3E7002FFA
:10403C0000D101374346BB4200D81F0000220021AB
:10404C000020FEF7D9F90B90002C04D0AC4202D81A
:10405C000B9B002B4BD14022002114A804F0CCFA6E
:10406C00AC4242D9524A5348099905F0E1FD14ABD0
:10407C000093002303220021FF20FEF72FFBFFF704
:10408C0005FCFFF77FFE0A9B002B00D045E2FCF7F6
:10409C00CFFA334B1B68314A12680021062002F01C
:1040AC00A5FFFFF7E1FB4449444806F0B9F90600C7
:1040BC00434B00221A70052002F0A2FF05000620D7
:1040CC0002F09EFF02003F4C33002900200005F057
:1040DC00AFFD25B0F0BCBB46B246A946A046F0BD2C
:1040EC00FEF70AFA0B904746AEE7374ABBE7012EBC
:1040FC0003D0204B1B88002B06D1002300220D92ED
:10410C00B0462E001D0084E05801C01A8000C01873
:10411C00C00011A9FEF738FA80460028EDD011999D
:10412C00A142EAD30EAA11ABA1CBA1C2274805F03C
:10413C007FFD00230B93ADE0F0FC0020990E0220D4
:10414C00F4FC00209C0E0220CE07000080CBA400C3
:10415C008E0E02208C0E0220980E0220DCE5002030
:10416C00E0E50020E4E50020930E0220F8E50020B5
:10417C00D8E50020900E02209A0E0220ECBE002002
:10418C001CBF0020A8BF002004BF002024BF0020BB
:10419C0034BF00209B0E0220DCBF002034FD002029
:1041AC0030FD0020C0C62D002CBF002000D6002002
:1041BC0038BF002070C00020404B4C000000044071
:1041CC00960E022088C1002058BF002088C0002015
:1041DC0001330C2B11D89E4A99008858A842F7D36A
:1041EC00B042F5D8A74247D00134F1E700230022B2
:1041FC00BC462F0025001400EBE72C003D00674661
:10420C000020002804D011A9FCF714FE00281BD1B3
:10421C000135AF4247D98F4B1B78272B32D84346F9
:10422C00012BE3D0321B012F2AD0002328000021C0
:10423C0004F0AAF87A1E002303F06EFA201811A9D4
:10424C00FEF7A2F90028E3D0119BA342E0D30C9314
:10425C000D9A9342DCD9804B14AA0092002251464D
:10426C0011A8FFF76DFC002811DBFCF701FB0028FF
:10427C0014D10C9B0D93CBE72C003D006746C0E797
:10428C003000DCE7464600230B93984602E0464696
:10429C00002398460023A446404614E046460B9063
:1042AC0000239846F6E7464600230B939846F1E721
:1042BC000EAD6A4A7800C0198000121891CA91C5D7
:1042CC0008000133DBB2634A12789A420FD91F00FF
:1042DC00634AD15C0029F4D00028E9D05F4D5A0024
:1042EC00D218920055590E9A9542EAD9E0E76446E5
:1042FC0080460023002502E00D000133DBB29A4218
:10430C0013D95749C95C0029F7D10028F5D0534F70
:10431C005900C9188900C9590E9FB942EDD9002D11
:10432C00EAD0A942E9D20D00E7E74346002B42D080
:10433C000E9A002D08D04B4B4B48099905F078FC90
:10434C002B0025001C0009E0484BF5E70EAA11AB29
:10435C0083CB83C2FCF78CFA002835D1012E3CD0DC
:10436C000B9B002B58D14346002B57D00E9B404A39
:10437C009A18A24254D2374A1278272A1FD8E01A28
:10438C004008C01811A9FEF7FFF8071E1FD0119B9B
:10439C000E9A93421DD9A3421DD2364B14AA0092F9
:1043AC000122514611A8FFF7CBFB002809DB01289D
:1043BC00CCD0119CCEE72B0025001C00CEE72C00A6
:1043CC000CE02C000B9709E02C000B9006E02C0065
:1043DC0004E02C0002E02C0000E02C000B9B002BD6
:1043EC0006D14346002B03D04B46002B00D08BE06C
:1043FC000B9B002B00D08EE0012514AC4022002139
:10440C00200004F0F9F8134B1978009402232A00C9
:10441C00FF20FEF763F932E62C00DFE72C00DDE726
:10442C002C00DBE70E9914AC169B13484A4605F09A
:10443C00FFFB40220021200004F0DEF8054B197828
:10444C00009402230122FF20FEF748F917E6C0462C
:10445C0000D60020930E0220C4C00020D0E3002020
:10446C00B0E5002070BF0020CCC000208CBF002025
:10447C0040420F00F4C00020FCC00020013811A9FC
:10448C00FCF7D8FC0028B3D0119B0E9A9342AFD204
:10449C005345ADD30EAA11AB13CB13C20135A845AE
:1044AC00A6D3264B18782728A2D8254B42001218E1
:1044BC0092000EA99B180A00D0CAD0C31F4B421CF5
:1044CC001A7014AB4A46FFF795FB0028AAD1FCF7EB
:1044DC00CFF900281DD10E991A4805F0A9FBA84563
:1044EC0086D00E98504583D9099B012BC6D0164B0C
:1044FC00984200D87CE7154B9C46604411A9FEF706
:10450C0043F80028C0D173E700250996D846A24687
:10451C00C5E70B906CE703256FE7FCF789F80C4BAC
:10452C001868FA21890003F0B9F80021FFF758FC4C
:10453C00FFF79AF90B2002F0A1FEA8E5930E0220DA
:10454C00D0E3002040C1002040420F00C0BDF0FF6E
:10455C00E4E50020F0B5DE4657464E464546E0B54C
:10456C0097B002F0D3FB06000F00CE4A136801335C
:10457C001360CD4B1A685B688B4206D917B0F0BC40
:10458C00BB46B246A946A046F0BD8B4201D1824241
:10459C00F4D8FCF789FEC54B1978002900D1F3E05B
:1045AC00C34A002334003D0012196B41BE4802601F
:1045BC004360002920D0BF4B1A68BF4B1B689A423E
:1045CC0000D1E4E0BC4B1A60BC4B1978BC4B1960B1
:1045DC00022900D90021130A100C8446140EFF2066
:1045EC00034002408900B74D49590194644620406C
:1045FC000090B54805F01CFBAC4B1B78B34A126815
:10460C00934211D0B14A1360002B00D1C7E0B04BDC
:10461C009C46B04B1B68B04A1278B048B049096848
:10462C000091614605F004FBAA4B1A681400AC4BD0
:10463C001B681D009C466244AA4B1B68D31A312B85
:10464C0073D9A84B1A60A84B1B689946A74B1B68DB
:10465C009A46A74B1B689B46A64B1B689846013392
:10466C0000D19FE0FA22920000233000390003F0C1
:10467C0053F80300A0480593202304939F4B1B6819
:10468C000393434602935B460193534600934B4678
:10469C002A00210005F0CCFA944B1B68984A12684A
:1046AC00934242D0964A13609648017842788378B8
:1046BC00C478250004792600447927008479A04623
:1046CC00C479A146047AA246447AA446847AA346C5
:1046DC00C47A1194047B1294447B1394847BC07B26
:1046EC0014908948007815908848007800285CD090
:1046FC0087480E9015980D9014980C900B94139865
:10470C000A901298099011980890584607906046A4
:10471C0006905046059048460490404603900297F8
:10472C00019600957B4805F083FA604B1B78002BB3
:10473C0003D0794A1278002A39D1002B07D0774B55
:10474C001878002803D0764B1B78002B40D0744B84
:10475C00724A12781A70554B1B78002B03D0714A91
:10476C001278002A40D1002B07D06F4B1B78002BFE
:10477C0003D06E4B1B78002B44D04C4B1B78002B7A
:10478C004CD0694A11784AE0694A00230AE74B4B3E
:10479C0019784B4B1B68994200D013E72CE7654BFB
:1047AC009C4636E7002398465CE76348A1E76348DC
:1047BC0005F00FFA624B1B68986805F0CBFF614B54
:1047CC00614A1A6000220021002002F0BFFDFEE7C2
:1047DC00FDF762F902F09AFA354A00238018594124
:1047EC00314B18605960B2E7584805F0F2F9544B58
:1047FC001B68986805F0AEFF00220021002002F033
:10480C00A5FDFEE7FDF740FB02F080FA284A0023E5
:10481C0080185941244B18605960AEE70021434A77
:10482C001170002B0AD04A4B1B78002B06D0494B39
:10483C001B78494A1268934200D099E01B4B1B78B5
:10484C00002B0AD0454B1B78002B06D0444B1B7811
:10485C00444A1268934200D098E0144B1B78002B0A
:10486C0000D0A1E0114B1B78002B04D03E4B1B78E1
:10487C00002B00D09BE00D4B1B78002B00D17DE66C
:10488C003A4B1B78002B00D178E6FEF70DFB02F0BB
:10489C003DFA074A002380185941034B18605960B0
:1048AC006CE6C04614FD002048E20020A00E022059
:1048BC0050C3000038FD002098D90020AD0E022016
:1048CC0094D900206CD5002004C200209CD9002073
:1048DC00D4C100201CFD00209D0E022028C2002007
:1048EC0018FD002020FD002024FD002010FD0020DC
:1048FC00F8FC002088D900205CC20020FCFC0020C1
:10490C00ECFC002000FD00209F0E02209E0E0220D9
:10491C00E0C10020C8C20020A30E0220AB0E022072
:10492C00B30E0220A60E0220A80E0220B20E022008
:10493C0020A10700D8C10020E4B300203CC3002014
:10494C0074DE0020C00000201E5E07B080C3002073
:10495C00A70E0220AC0E022090D90020960E022049
:10496C009B0E02208CD90020A50E0220A40E022042
:10497C00154A1360FEF77CFD02F0C8F9134A0023B8
:10498C0080185941124B1860596057E7114A13604F
:10499C00FFF744FA02F0BAF90C4A00238018594187
:1049AC000B4B1860596058E7FEF712F95AE7FEF7FF
:1049BC003BF902F0ABF9054A002380185941044B2E
:1049CC001860596057E7C04690D9002050C30000CA
:1049DC0048E200208CD90020F0B5C64600B582B064
:1049EC00FA24E400200002F08DF81C2001F0F7F806
:1049FC00D0231B06802252059A62002201211C2022
:104A0C0001F06CF8200002F07DF8FCF7CFF80022E2
:104A1C00904B9A4206DCD0231B065B681B0403D424
:104A2C000132F5E7002300E00123002B08D08A486F
:104A3C0005F0CFF8FBF79AFF01239846002754E0C6
:104A4C008648F5E7D0231B068022D2019A61002EFE
:104A5C0000D097E0824B1B78002B04D0814B1B7845
:104A6C00434500D18EE0FFF775FD7F4B1B687F4AF5
:104A7C001268934217D07D4A13607D4B1B78002B34
:104A8C000ED0774B1B78002B0AD07A4B1B78002B5F
:104A9C0006D1794B1A68794B1B689A4200D184E095
:104AAC00774B00221A703800FCF762FE754B1A68BF
:104ABC00754B1B689A4211D0724B1968724A11607F
:104ACC001968724B1B686B4A1278002A00D1B5E04A
:104ADC006F4A704800923A0005F0AAF86E4B1A68BB
:104AEC006E4B1B689A4200D0AAE0614B1B78002BDE
:104AFC00B9D0614B1A68614B1B689A42B3D0684CB1
:104B0C0001232370434663705B4B1868FA21C9007C
:104B1C0002F0C4FD4A01634BD218634902342000F1
:104B2C0004F05AFE200006F043F8851C00240026F1
:104B3C0000E00600022C8AD8012C20D80134D023A6
:104B4C001B068022D2015A61FA20C000FCF76EF8D5
:104B5C00002800D176E7D0231B068022D2019A616F
:104B6C004F482900FCF796F8FA20C000FCF778F8BB
:104B7C000028DED1434A136801331360DAE7002EB4
:104B8C00DCD064E74346FF2B0CD00133DBB29846F4
:104B9C00394A1368013313604449454805F048F815
:104BAC000137A2E701239846F2E74346012B1CD0BC
:104BBC00013BDBB22B4A12789B1A18D459B200294C
:104BCC000DDDFF210B402C4909688B4207D82C497D
:104BDC000978002903D0374909788A4209D0354B26
:104BEC001A70274B01221A705DE7FF23E2E7FF33AF
:104BFC00E4E721480168CB1A0360FF2A1BD001327D
:104C0C00D3B29846214C2368013323601C4B0022FD
:104C1C001A703221380002F041FD2030236898428E
:104C2C0000D340E7134B01221A70216822483A0046
:104C3C0004F0FEFF37E701239846E3E71F4A48E7F5
:104C4C00154B1968154A116019681D4804F0F0FFDE
:104C5C004BE7C046B70B0000C4C30020D4C30020F0
:104C6C00A20E0220A10E02201CFD0020F80E012035
:104C7C00A00E0220B40E0220F40E0120880E022099
:104C8C00B10E0220140D0220180D0220100D02206E
:104C9C0010C4002074C40020FC080220000902206B
:104CAC0094FD0020FC0E012024C4002096FD002061
:104CBC000CB70020B00E02202CC40020E4B300205E
:104CCC00ACC4002070B50024002500E00134FA23A8
:104CDC005B009C4205DAFBF70BFC0028F6D0013593
:104CEC00F4E7323B9D4200DC70BD0021080002F06D
:104CFC0085FB000010B5064B1A68064B9A4200D093
:104D0C0010BD034B00201860010002F077FBC04679
:104D1C00C00000201E5E07B010B58AB0FFF7EAFF96
:104D2C00524B00221A60FDF711FE002804D14F4BA4
:104D3C0001221A600AB010BD6846FCF7DDF868461F
:104D4C00FBF740FC00280BD00499494A1160019BE9
:104D5C00032B09D0022B44D0444B03221A60E9E701
:104D6C00424B02221A60E5E707990C004A1E802389
:104D7C005B039A4206D280208003FBF710FC089B51
:104D8C0098420AD068460223019301330293FDF73F
:104D9C00F3FE364B08221A60CCE7802122008903EF
:104DAC000020FEF739F8079B1C0019000020FBF7C8
:104DBC00F6FB089B9842E5D1022201920022029256
:104DCC00039404936846FDF7D7FE049A284B1A60A7
:104DDC00264B07221A6000221100100002F0B6FACE
:104DEC00FEE7029B01330293032B38D905990C0083
:104DFC004A1E80235B039A4206D280204003FBF7B5
:104E0C00CEFB069B984203D0184B05221A6091E703
:104E1C008021220049030020FDF7FEFF059B1C00AA
:104E2C0019000020FBF7BBFB069B984203D00F4BED
:104E3C0009221A607EE768460022019202920394CE
:104E4C000493FDF799FE0B4B01221A70074B0332AA
:104E5C001A6000221100100002F078FAFEE7684692
:104E6C00FDF78AFE014B06221A6063E7D0FD002095
:104E7C0004090220AF0E022010B5094B1A68094B29
:104E8C009A4200D010BD04F09FFE074804F0A1FE2A
:104E9C00034B00221A60054801F034FEF2E7C046CD
:104EAC00F400002096966969F0C4002050C30000FD
:104EBC00F0B5C64600B5040000F091FE00220121B9
:104ECC00200000F00BFE052001F01CFED0273F0651
:104EDC007E680125A5402E403000431E9841C3B288
:104EEC00984601220021200000F0F8FD052001F079
:104EFC0009FE7B681D40200000F07CFE002E01D0D6
:104F0C00002D03D0404680BCB846F0BD0220FAE725
:104F1C0070B50420FFF7CCFF050004000520FFF757
:104F2C00C7FF02000100022D18D0002C01D102296C
:104F3C0022D0012C16D0022C18D028001043C0B25D
:104F4C00002820D0002C01D1012919D0012C19D115
:104F5C00002919D0A14219D0092014E0A842E4D1AB
:104F6C00042010E00229E6D106200CE0002905D02F
:104F7C000129E2D1082006E0052004E0072002E028
:104F8C00100000E0092070BD0220FCE70320FAE7C6
:104F9C0010B5FFF7BDFF304B18701A78D3B2042A46
:104FAC003ED0042B0DD9072B48D021D8052B3ED051
:104FBC00062B4AD1294B2A4A1A602A4804F009FECA
:104FCC0025E0022B25D00AD8002B1AD0012B3CD17E
:104FDC00224B254A1A60254804F0FBFD17E0032BF1
:104FEC0033D11E4B224A1A60224804F0F2FD0EE027
:104FFC00082B2AD1194B204A1A60204804F0E9FDED
:10500C0005E0164B1E4A1A601E4804F0E2FD002013
:10501C0010BD124B1C4A1A601C4804F0DAFDF6E76E
:10502C000E4B1B4A1A601B4804F0D3FDEFE70B4BE9
:10503C00194A1A60194804F0CCFDE8E7074B184AE6
:10504C001A60184804F0C5FDE1E7044B164A1A60D3
:10505C00164804F0BEFDDAE7A0D90020A4D9002040
:10506C00D4C50020D8C5002024C5002028C50020A8
:10507C005CC5002060C5002034C6002038C6002066
:10508C0008C500200CC5002040C5002044C50020E8
:10509C0078C500207CC50020A4C50020A8C5002030
:1050AC0004C6002008C6002064C6002068C6002084
:1050BC0070B51C2000F093FDD024240680235B05E2
:1050CC006362A3610E2000F08AFD8023DB01A362E2
:1050DC000F2000F084FD80231B02A362082000F047
:1050EC007EFD80256D006562A561092000F077FDCD
:1050FC0080239B0063626361FFF74AFF04F064FD49
:10510C006561642001F0FEFC70BD000070B5174CA9
:10511C001749200005F0E0F9050001210A2000F0F4
:10512C00B9FC01210B2000F0B5FC01210C2000F092
:10513C00B1FC0D2000F053FDD0231B068022920100
:10514C005A625A616368022213400A490A60216854
:10515C0005325140C8320A4007490A60074A1360B9
:10516C000749084804F064FD280070BD00000440A5
:10517C00404B4C0004300440001004400420044018
:10518C00A0C9002084C6002070B50500002400E0F2
:10519C000134032C0ADC2100280005F02DF800282E
:1051AC00F6D02100280004F0FBFFF1E770BD0000F1
:1051BC0070B5074D2800FFF7E7FF064C2000FFF7FE
:1051CC00E3FF280005F040F8200005F03DF870BD25
:1051DC00000020500000305010B5204C204B2360B4
:1051EC00036863614368A3618368E361C3682362F6
:1051FC00036963624369A36083696360C369E360A5
:10520C002061D0231B061B68A362E36A0133E362AF
:10521C001448FBF72BF9A36A012018403030FBF738
:10522C0017F91148FBF722F961681048FBF740F9B0
:10523C00A1680F48FBF73CF9E1680E48FBF738F919
:10524C0021690D48FBF734F90C48FBF70FF90022E4
:10525C000021002002F07AF8FEE7C046C4000020CE
:10526C00DC7E01FA9CC60020B8C60020C0C6002017
:10527C00C8C60020D0C60020D8C60020E0C600203A
:10528C0071460420084202D1EFF3088001E0EFF3ED
:10529C000980014A1047000021500020F0B5DE467D
:1052AC0057464E464546E0B595B002F047F8FFF735
:1052BC0009FDFFF731FD0220FBF78EFBFFF7DCFD4C
:1052CC00FFF7F6FEFBF7FAFBFA4BFB4AFB490968C2
:1052DC00FB4804F0ADFCFB4B1B68986805F03AFAF0
:1052EC00FFF714FF040003F095F803F0C3F8002255
:1052FC00F54B02F020FC02000B00F448009404F083
:10530C0097FCD024240680239B00A361FBF70AFCA6
:10531C00FDF726FBFBF7F8FD142000F060FC802362
:10532C005B03A36200220121142000F0D7FB15209F
:10533C0000F055FC80239B03A36200220121152061
:10534C0000F0CCFB162000F04AFC8023DB036362E8
:10535C00A361132000F043FC80231B036362636191
:10536C00C046C046C046C046C046C04661688902B9
:10537C00C90FD74804F05CFC6168C902C90FD54855
:10538C0004F056FC61684902C90FD34804F050FC84
:10539C0061680903C90FD14804F04AFCFFF708FF04
:1053AC00CF4D0121280004F00BFFCE4B984618601E
:1053BC00CD49280004F030FFCC4B99461860CC4FF7
:1053CC00396800239B46009302331422280004F012
:1053DC0059FF4B46196810AC2000FAF7EBFF139BF2
:1053EC00C44A1340A02109030B431393129BC24ED2
:1053FC001E4032008020C00202431292119ABF4E0E
:10540C003240A826760532431192BD490B40034326
:10541C008026360633431293052001F0F1FD02F08D
:10542C00F9FFB84902F0D7FF011C2000FAF740FF42
:10543C00434619684B461A682300280004F080FF85
:10544C0043461A682B680124210091408B432B6042
:10545C0043461A6853009B18DB00AB4A94466344DE
:10546C001E601E6043461B68043322009A401300E2
:10547C00A64A9246136043461B68083322009A40A2
:10548C0013005246136043461A682B682100914062
:10549C000B432B60434619684B461A681F231A406E
:1054AC004B005B18DB009A498C4663441A6001215F
:1054BC00280004F085FE80469649280004F0ACFED6
:1054CC0003905B460093023314224146280004F0FB
:1054DC00D9FE0CAB994603991800FAF77FFF4B469F
:1054EC00DB68844A1340A020000303434A46D36080
:1054FC0093689B009B083343936053687F490B4030
:10550C00A822520513434A465360052001F078FD4A
:10551C0002F09AFB00226C4B02F00DFB02F0E0FB58
:10552C00011C4846FAF7C4FE7B4BF02212011A60AC
:10553C007A49092000F0DCFC0121092000F0B8FCBC
:10554C004B46039A91464146280004F0F9FE2B681D
:10555C002100404681408B432B6043001A18D20037
:10556C00694884466244166016604046021D20005D
:10557C009040020050460260404608300200200075
:10558C0090400200504602602A680A432A6049464D
:10559C001F2529404344DB005D4DAC466344196034
:1055AC005F4D0121280004F00BFE80465D49280068
:1055BC0004F032FE82465B460093023314224146CD
:1055CC00280004F05FFE08AB994651461800FAF724
:1055DC00DDFE4B46DB68474A1340A0200003034323
:1055EC004946CB608B689B009B0833438B604B68B0
:1055FC0042490B40A8225205134349464B600520F3
:10560C0001F0FEFC02F020FB00222F4B02F093FA7B
:10561C0002F066FB011C4846FAF74AFE424BF022A8
:10562C0012011A604149072000F062FC0121072099
:10563C0000F03EFC4B4652464146280004F080FEEA
:10564C002B68220041468A40110093432B6043464D
:10565C005B0042469A18D200354884466244166074
:10566C0016604246043220009040020031488146C8
:10567C000260424608322000904002004846026018
:10568C002A680A432A6052461F210A404344DB0021
:10569C0029498C4663441A600121280004F090FDCE
:1056AC0038602649280004F0B7FD254B9846186051
:1056BC0048E0C046ECC60020F8C60020A4D9002063
:1056CC0004C7002074DE002080842E413CC70020DB
:1056DC0058C7002068C7002078C700208CC700205E
:1056EC000000305048FD002050D60020CCFD00209A
:1056FC004CFD0020FF7FF0FFFFFF0AFEFFFFFFE0E5
:10570C00FFFF0A3E00780248D01030500020305085
:10571C00D800305038D600202C213050850700207E
:10572C0000002050A0D600202C2120505107002032
:10573C00D010205000202050D800205078D60020C7
:10574C00C8FD002039685B460093033314222800FF
:10575C0004F098FD4346196804AB9A461800FAF712
:10576C0029FE5346DB687F4A1340A0200003034305
:10577C005246D36092687C4B13408020C002034396
:10578C00504683604168794B1940B0235B050B434D
:10579C004360774802408023DB0213433343524675
:1057AC009360052001F02CFC02F034FE714902F0EC
:1057BC0012FE011C5046FAF77BFD3968424612680E
:1057CC005346280004F0BCFD3A682B68200090403A
:1057DC0083432B603A6853009B18DB00664A94465F
:1057EC0063441E601E603B68043322009A40130021
:1057FC004A4613603B68083322009A4013004A461D
:10580C0013603A682B6894401C432C6039684246FC
:10581C0012681F231A404B005B18DB0057498C465B
:10582C0063441A60FBF766F8FBF742F8544C20000F
:10583C0004F0ECFB012001F065F904F047FB2000BB
:10584C0004F0E4FBFA200021000101F06BFD42E0C2
:10585C004C4B186801F022FF4D014B4BED1801F039
:10586C0055FA002911D0FA229200002301F054FFBE
:10587C004649009023004822280003F0ADFF414A1E
:10588C00136801331360012005E0FA21890001F04F
:10589C0005FFEDE700203E4B1A683E4B5968083275
:1058AC00012393400B4257D1394B1B689B003A4A5A
:1058BC00944663441C78E4B2324A1268374909684A
:1058CC00521AFA21C9008A4225D3354A136801338A
:1058DC001360FCF73DFE334B1A68334B59680832A2
:1058EC00012393400B42D5D12E4B1B689B002F4AB2
:1058FC00944663441C78E4B2224A1268274909682A
:10590C00521AFA21C9008A42A2D3254A13680133DC
:10591C0013600120BFE71B4B186801F0BFFE4D015F
:10592C00194BED1801F0F2F9002910D0FA2292006F
:10593C00002301F0F1FE15490090230044222800B9
:10594C0003F04AFF0F4A136801331360C1E7FA21D1
:10595C00890001F0A3FEEEE70028BAD1FCF702FEA5
:10596C00B9E7C046FF7FF0FFFFFF0AFEFFFFFFE035
:10597C00FFFF0A3E00780248D0102050D80020507B
:10598C0021480020880E0220FC0E0120A0C7002018
:10599C004CFD00200000205023002050F40E01206C
:1059AC00FC08022048FD002000003050230030503D
:1059BC00F8B5CE46474680B5D0231B061F68214B51
:1059CC00BA00D35898467B00DB191B011E4A94463B
:1059DC0063449946002627E0EB4012E02409013588
:1059EC00002C20D033000833AB421CD90F231900F4
:1059FC0021402342F2D0154BBA00D358202DEBD4C2
:105A0C000023DB07EAD407222A409200EB080800A7
:105A1C0090403C339B000E4A98504346002BDDD0FF
:105A2C002800C047DAE708361D2E06D8F3080833DD
:105A3C009B004A469C583500D2E7C0BCB946B046DC
:105A4C00F8BDC0469CFC002000410140EC0E01203A
:105A5C000040014010B59446072202409200C00855
:105A6C00914002003C329200094C115180001B18ED
:105A7C006246002A05D08022920194466344196044
:105A8C0010BDC0229201944663441960F8E7C046E9
:105A9C000040014010B58300084A9A18126840244F
:105AAC005440C0222240064CA44663441A60C000F5
:105ABC00044B9C466044416010BDC04604C001408C
:105ACC0004D0014000400140C000034B9C466044A0
:105ADC0043681F20184070470040014080000B4B6A
:105AEC009C46604400290ED00823002A00D00422D2
:105AFC001343026853400C221340802252019446F7
:105B0C006044036070470023EFE7C04604C00140C7
:105B1C0070B505000E00141E04D00D2000F0DAF94B
:105B2C0000280ED0D0231B061A6853009B181B01AB
:105B3C00074A94466344220031002800FFF78AFF8D
:105B4C0070BD044B044A0548BD2103F0CDFEC04690
:105B5C0000410140CCC90020C0D60020F8C900206B
:105B6C0070B50400D0231B061D680D4BAA00D3583A
:105B7C00002B0AD0002803D0094BAD00EC5070BDAF
:105B8C0008490D2000F0ECFAF6E70028F7D0044B9A
:105B9C00AD00E850034900220D2000F0D5F9EEE7E6
:105BAC009CFC0020F9570020F8B505000E001400ED
:105BBC001F00002A0BD1220031002800FFF7A8FF9C
:105BCC00002C08D001210D2000F072F9F8BD18004E
:105BDC00FFF7C6FFEFE73800FFF7C2FFF6E710B597
:105BEC0001238340D0221206936293610521FFF7B3
:105BFC0051FF10BD10B51F21FFF74CFF10BD000069
:105C0C000FB400B583B0084803F0E3FF049B002BEE
:105C1C0007D005A90191180003F0EAFF034803F02F
:105C2C00D8FF012003F016FE40CA0020E4B3002088
:105C3C00EFF3108072B6034B1B68002BFBD0BFF345
:105C4C005F8F70472C0100D0BFF35F8F024B002297
:105C5C001A6080F3108870472C0100D0CB08C25C0E
:105C6C0007230B40012098401040431E9841C0B2BE
:105C7C00704770B505000C001600FFF7D9FFE3085C
:105C8C00EA189446E95C07222240012393400B4218
:105C9C0006D1DBB20B4362461370FFF7D5FF70BD24
:105CAC0021003000FFF7ACFFF0B583B00500019187
:105CBC0014001E00FFF7BCFF00E00134B4420CD806
:105CCC00E308EF18EB5C0721214001228A401A42BD
:105CDC00F3D1D2B21A433A7001E001246442FFF7C7
:105CEC00B3FF002C02DB200003B0F0BD019B002BA6
:105CFC00F9D00898FFF784FF70B505000C00FFF78A
:105D0C0097FFE308EA189446EA5C07212140012337
:105D1C008B40134205D09A4363461A70FFF794FFE9
:105D2C0070BD034B034A0448332103F0DDFDC0462C
:105D3C0050CA0020D8D6002070CA0020054A10781E
:105D4C00431CDBB21370172B02D9130010221A70EC
:105D5C007047C046A8D90020002307E0054A9A18CE
:105D6C009200BFF35F8F0021116001331F2BF5D917
:105D7C007047C04640000034074B9B6810308000D1
:105D8C001950BFF35F8FBFF35F8F044B0021196075
:105D9C0082F310887047C04600ED00E0240100D06B
:105DAC000048704700E400E010B5FFF7F9FF00234E
:105DBC0002E0034A04C00133072BFAD910BDC046D8
:105DCC008080808010B50388DA0A1C2A05D15B0517
:105DDC005B1502335B00C01810BD034B034A342122
:105DEC000348FF3103F080FDB8CA002034D70020EF
:105DFC00D0CA002010B5091A0B1F0A4A88180A4A83
:105E0C00904208D8C90706D45B105B055B0D0748A8
:105E1C00184380B210BD064B064A26210648FF31B6
:105E2C0003F062FDFC070000FE0F000000E0FFFF26
:105E3C0018CB002028D70020D0CA002010B5091A92
:105E4C0004394A08090B08D14905490D064B0B4387
:105E5C000380064B1343438010BD054B054A2E218E
:105E6C000548FF3103F040FD00F0FFFF00F8FFFF95
:105E7C0048CB002004D70020D0CA00200123834047
:105E8C00034A10681840431E9841C0B27047C04680
:105E9C0000E100E0002A05D0044BC02252009950CA
:105EAC0019607047014A8023D150FAE700E100E005
:105EBC0010B50A001F230340012199404009FFF748
:105ECC00E9FF10BD024B9B6810308000C058704732
:105EDC0000ED00E010B5FFF7F5FF002803D0034BF1
:105EEC00984201D0012010BD0020FCE7C101001038
:105EFC0070B505000E00EFF3108472B60D4B1B68E5
:105F0C00002BFBD0BFF35F8F2800FFF7DBFF0A4BA2
:105F1C00984201D0B04205D1220031002800FFF791
:105F2C002BFF70BD054B064A82210648490003F041
:105F3C00DBFCC046240100D0C101001058CB00206E
:105F4C005CD70020D0CA0020F0B5DE4657464E463E
:105F5C004546E0B589B0814601911500EFF31083F9
:105F6C0072B69A466E4B1B68002BFBD0BFF35F8F4B
:105F7C006C4B00269E57002E40DB7400A419A40025
:105F8C00694823189B4606229A56664B1A70674B33
:105F9C009A684B4610339B00D7583B1A2F2B3BD992
:105FAC00634B9F4231D105AF624B3B80624973001A
:105FBC000293981980005C4C00190230FFF71AFF0D
:105FCC0078805E4BBB80FF23BB71FD71019A0792F9
:105FDC00029B9B199B00E31807CF07C301275B4665
:105FEC003B431F00524639004846FFF7C5FE09B037
:105FFC00F0BCBB46B246A946A046F0BD504B514A38
:10600C0094215148FF3103F06FFC504B4D4ACD2188
:10601C004D48490003F068FC01233A009A4390462E
:10602C00101A0C2101F03AFB00290FD14346002431
:10603C00DA79AA4212D90621595600290DDB4A00F9
:10604C005218920038491C008B18F1E7404B3D4A1E
:10605C00AC213D48FF3103F047FC1C00002C2DD037
:10606C0005AB3C4A1A80813A5A800623E35698467F
:10607C00002B16DA384804AB188142469A72DD724E
:10608C00019B0793201D5946FFF7B4FEA080A67113
:10609C00254B7200921992009B1805AA13CA13C3C0
:1060AC00A0E7201DFFF78EFE010070008019800014
:1060BC001D4BC0180430FFF79DFEDCE705AF1D4BF0
:1060CC003B801D49730002939B199B00164C1800D2
:1060DC00A446604403900230FFF78CFE7880039A4C
:1060EC00101D4146FFF786FEB8801C4B4246121B22
:1060FC00524153431B0DBB71FD7101990791029BDA
:10610C009B199B00A446634407CF07C3114B42461F
:10611C001380813B538001275B463B431F0061E7A3
:10612C00240100D0AE0E0220ACD9002000ED00E01E
:10613C00C101001000A1FFFFDCD9002001BDFFFF51
:10614C0090CB002044D70020D0CA0020B8CB002030
:10615C00E0CB00200148000001BD0000AAAA00000D
:10616C00F0B5CE46474680B583B080460C00EFF3C1
:10617C00108772B64E4B1B68002BFBD0BFF35F8FA2
:10618C004C4B9A6845461035AB00D6584A4B9E424C
:10619C0007D0A64200D189E00196484BF31A2F2B69
:1061AC0009D93A0031004046FFF7E6FD03B0C0BC08
:1061BC00B946B046F0BD4046FFF760FE814600216F
:1061CC004046FFF775FEBFF35F8FEFF305810029A3
:1061DC0001D08D4211D10123019D9D430020AB685C
:1061EC009C4211D00622AA56002A0CDB53009B18A5
:1061FC009B00324A2800D518F1E7314B314A32481E
:10620C00324903F071FB28009C4249D106242C57DB
:10621C00002C2BDB294B6200121992009B189A68F8
:10622C00AA60DA79EA719B795BB2AB71002B0FDA59
:10623C002748A880214B6200121992009B18254A0E
:10624C0011789971147049464046FFF731FEA8E762
:10625C00600000198000194BC0180430FFF7B2FD24
:10626C0001002B1D1800FFF7C5FDE2E7002912D134
:10627C0000280ED0FF238371174B838015490B78B0
:10628C00AB710E4A154BAD1A6D416B431B0D0B7068
:10629C00D9E7094EF2E71249281DFFF7CFFDD2E7E7
:1062AC00104B084A0848104903F01EFB024E78E7D1
:1062BC00240100D000ED00E0C1010010ACD9002099
:1062CC0064CC002014D70020D0CA00201902000092
:1062DC0001BD0000AE0E022001BDFFFFAAAA000006
:1062EC00E6D9002098CC00205B02000070B501229A
:1062FC0002432D4BD31A2F2B29D8EFF30583002BF8
:10630C002BD0EFF3108172B68C462849096800290E
:10631C00FBD0BFF35F8F244C254905002D1B6D412D
:10632C006943090D4CB2234989689B00C9589142B5
:10633C0019D00021032930D81B4B4A005218920067
:10634C009B189B795BB2A3421DD00131F2E71A4B2B
:10635C001A4A1B481B4903F0C7FA1B4B174A18482B
:10636C001A4903F0C1FA134A92681949D150194BD2
:10637C001A7882711C70BFF35F8F0C4B00221A606D
:10638C008CF3108870BD084B4A005518AD005D1990
:10639C00FF26AE71104AAA80E9E7104B074A08485D
:1063AC000F4903F0A1FAC046ACD90020240100D05B
:1063BC00AAAA000000ED00E0A0CC0020E8D6002046
:1063CC00D0CA002096020000C8CC00209902000020
:1063DC00C1010010AE0E022001BDFFFFD4CC002085
:1063EC00AA020000024B9C46614489000160704780
:1063FC004000003410B50400FFF7A0FC01002000A1
:10640C00FFF7F0FFFF232371BFF35F8F10BD10B5B3
:10641C000400FFF793FC01002000FFF7E3FFFF23CC
:10642C00237100236371BFF35F8F10BD10B50D4C4A
:10643C0009E00D4B0D4A0E481A2103F055FA2000C5
:10644C00FFF7D8FF08340B4B9C4209D22368002B72
:10645C00F5D0012BEDD12000FFF7D9FF0834F2E77E
:10646C0010BDC04678E00020DCCC00209CD700207A
:10647C00FCCC002088E0002030B5836A9C46D41AFE
:10648C000B1D9B001B5865465B1B9C4204D3046A86
:10649C0001238B40234202D1043189000A5030BDC4
:1064AC0000040843704700000A4B1968EFF310838F
:1064BC0072B60A68002AFCD0BFF35F8F054A1268D7
:1064CC00BFF35F8F0021116083F3108840BF002061
:1064DC00002170470C0B0220F0B5DE4657464E46A5
:1064EC004546E0B583B0EFF3058303221A40110053
:1064FC000192AF4B9200D35898461B788B4207D130
:10650C000123019A93400093AA4B009A1A601FE151
:10651C00A94BAA4AAA489C2103F0E6F943465A69BA
:10652C004B465B004B44DB0093469B445B469E68AA
:10653C00DF68A44800F0BAFB801BB941002900DADF
:10654C0010E1002F61DB5B461C699F4B9C4247D0DE
:10655C0043460820185E5B46598889B2FFF7A0FFB6
:10656C005B465969A04704000D0023002B434CD017
:10657C00002D3EDA30003900001BA9415B469860C3
:10658C00D96000241C5F002C00DAEBE043465A690A
:10659C00924663001B19DB0053449A68DB680500C4
:1065AC000E00AD1A9E41002E00DADBE043461C8142
:1065BC0047460837BC46002C21DB634600229B5E15
:1065CC005D00ED18ED005544AA68EB6806000F005D
:1065DC00B61A9F41002F12DBAC460023EC5EEAE7B3
:1065EC005B465C6923692000984700280DD030CCAD
:1065FC00BBE7744800F05AFB00196941BEE75B46E3
:10660C001C804B4662461380ACE05B4600229B5ECE
:10661C00424613811269EFF3108372B61168002998
:10662C00FCD0BFF35F8F42460221525E59460A806E
:10663C004246494651801269BFF35F8F00211160B9
:10664C0083F310888EE043461969EFF3108372B61A
:10665C000A68002AFCD0BFF35F8F4246928812B2C0
:10666C0091460122524241468A800A69BFF35F8FEC
:10667C000021116083F310881CE09B4600229A5E77
:10668C00002A0EDB5B460021595E4B005B18DB00D9
:10669C0053449868D96826002F00361A8F41002F72
:1066AC00EBDA4B4659460B80634600215B5E9946FC
:1066BC0063461A804B46002B5ADB43465A69924676
:1066CC004B465B004B44DB009C46D44463469C68C1
:1066DC00DD6846460836B346434608229A5ECFE745
:1066EC000023424693714146083143460820185E08
:1066FC0011E001225242D317A260E3604346082204
:10670C009B5E834206D00D80434608229B5E23800D
:10671C00434618812800431C2ED043465A69430037
:10672C001B18DB00D418D55E63881BB2002BE0DB92
:10673C002100EFE722002B0001992248FFF79CFE75
:10674C00204800F0B3FA241A8D41002D28DC25D006
:10675C001C4B009A5A63434608229B5E9946002BB9
:10676C0000DBDBE643469B881BB2002B00DB6AE7B1
:10677C0043469B79002BB3D1434608229A5E002AEC
:10678C000EDB4346596953009B18DB00CB189C6801
:10679C00DD68631CCED16B1CD2D0CBE7002CD7D0DC
:1067AC0040BF03B0F0BCBB46B246A946A046F0BD04
:1067BC00DC0E01203C70054090CD0020C8D7002095
:1067CC00BCCD0020004005402163002070B50400C2
:1067DC000D0011000126AE4006622800FFF788FB71
:1067EC0001212800FFF764FB024B9C4664442660A1
:1067FC0070BDC04638200000F8B504000F0016002C
:10680C001D00C160FFF79AFA124B9C466044800051
:10681C0020612670ABB26381D022120612786270AE
:10682C00012252422281A2809B186380002306E041
:10683C00581E61695A00D218D20088520133AB42FB
:10684C00F6D3054BB200D450044A31003800FFF7A0
:10685C00BDFFF8BD40000034DC0E01202163002098
:10686C0010B5064B1B69002B01D0044810BD044B1E
:10687C00044A0548652103F037F8C04600DA0020C9
:10688C00FCCD0020B0D70020BCCD0020F8B5040012
:10689C000569EFF3108072B629680029FCD0BFF3AC
:1068AC005F8F0221665E656971008919C9006D18D8
:1068BC00002E02DB0027E95F61802169BFF35F8F47
:1068CC0000270F6080F31088002E2CDB06992961BD
:1068DC0007996961AA60EB606B8801335B04590C02
:1068EC00002B00D1012169803000FFF7D9FD21690F
:1068FC00EFF3108372B60A68002AFCD0BFF35F8FE7
:10690C00A2882A80A6802269BFF35F8F00211160C4
:10691C0083F31088E368217801228A4003498C466E
:10692C0063441A60F8BD01204042FBE73C200000A4
:10693C0070B582B0060014001D0008AB1B78002B4C
:10694C0007D100F0E3F922002B00121A8B41002B27
:10695C000ADB079B0193069B009322002B0030005F
:10696C00FFF794FF02B070BD0020FBE7F0B5C64600
:10697C0000B584B080460F0016001D000AAB1C78D1
:10698C00FFF76EFF02940195009642463B00FFF71D
:10699C00CFFF04B080BCB846F0BD000030B5040099
:1069AC000A1443899A4230DA406953009B18DB0081
:1069BC00C31822699446EFF3108272B660460068E1
:1069CC000028FBD0BFF35F8F588885B20904090CEF
:1069DC00884212D000202369BFF35F8F0021196019
:1069EC0082F31088002811D0E368217801228A40B4
:1069FC0007498C4663441A6008E00649294389B26A
:106A0C0059800123A3710120E5E7002030BDC04669
:106A1C003C2000000080FFFF10B50400FFF720FFB2
:106A2C002100FFF7BBFF10BDF0B583B006000F00CF
:106A3C00EFF30583002B1AD106246442E517A41941
:106A4C007D418D4202D803D1844201D90024002516
:106A5C0000F05CF922002B00121A8B41002B0BDC8E
:106A6C0008D03000390000F063F903B0F0BD1648CF
:106A7C00FFF7C6F8002AF4D0144A00230093200034
:106A8C002900FFF773FF002813DAEAE7104B1968A7
:106A9C00EFF3108372B60A68002AFCD0BFF35F8F45
:106AAC000B4A1268BFF35F8F0021116083F31088CB
:106ABC0020BF084B5B6A9D42E8D80649896AA1420F
:106ACC00CFD29D42CDD1E1E720CE0020F162002053
:106ADC000C0B02200040054070B504000D0000F0C6
:106AEC0015F922002B0012184B411000191E02DB65
:106AFC00FFF79AFF70BD012040420149F8E7C046FC
:106B0C00FFFFFF7F10B5FA2292000023002101F055
:106B1C003BFCFFF7E1FF10BDF0B5C64600B584B0F5
:106B2C0080460391EFF30583002B2BD1474B1A685A
:106B3C005B68824239D0FFF793FEC3681F0006786A
:106B4C0042461400039A1500180000F0AFF802003A
:106B5C000B00A41A9D412200311D8900C959091A44
:106B6C000020A84227DC24D020BF039A384B5B6A54
:106B7C009A424BD83649896A41454CD29A4243D005
:106B8C00012044E00B00324A526A8A4209D3304950
:106B9C00896A884207D99A4201D0012037E0002047
:106BAC0035E0002033E0012031E0039A9342C2D15A
:106BBC00DAE79142D8D9274A0023009345462800AA
:106BCC00039C2100FFF7D2FE002826DD1F4B1D6021
:106BDC00039959600D001E4B5B6A994205D81C4AFB
:106BEC00926A424502D2994200D120BFFFF714FFAE
:106BFC00174B5B6A9D4224D8154A926A424522D2B1
:106C0C009D421CD0012002E0002000E0002004B0D6
:106C1C0080BCB846F0BD0120F9E70D4B5B6A9C4285
:106C2C0009D80B49896A414507D29C4201D0012001
:106C3C00EDE70020EBE70020E9E70120E7E7002083
:106C4C00E5E70020E3E70120E1E7C046F8D90020A2
:106C5C0000400540F16200200048704700400540AC
:106C6C0010B50B4B1B69002B04D00A480A21FFF707
:106C7C00B9FB10BDFFF7F0FF0400032100F00CF886
:106C8C000348102303222100FFF7B6FDEDE7C046B1
:106C9C0000DA00200C0B022010B5024A0248FEF765
:106CAC00E8FF10BD70CE0020B0FC00200200436A4B
:106CBC00906A1900536A9942FAD17047416A00E010
:106CCC00416A9942FCD300E0416A994202D1816A3F
:106CDC009142F9D3704770B5060014001D00FFF700
:106CEC00E5FF02000B001000190022002B00121807
:106CFC004B41994202D804D1904202D9012252420E
:106D0C00D3173000FFF7DAFF70BD000010B5024852
:106D1C00FFF7CCFF10BDC0460040054010B5020087
:106D2C000B000248FFF7D7FF10BDC04600400540DE
:106D3C0010B502000B000248FFF7C0FF10BDC046A3
:106D4C0000400540074B98420AD0162301229A4076
:106D5C00054B1A60054B1B6811009943FAD170471B
:106D6C001723F3E70080034000F0004008C0004008
:106D7C0070B5046BE30701D4200070BD0B4BC31836
:106D8C000B4A1A60436A826A9B019B189D0206207B
:106D9C0000F036F9074900F081FC0100280000F0F2
:106DAC007DFC0021FFF7BAFFE6E7C046303000005B
:106DBC00010300004E0E000070B504000E0015001B
:106DCC00FFF7D6FFE16A33004B4019002B000B4054
:106DDC001900024BE3181960206370BD2C100000E1
:106DEC0070B505000C00062000F00AF9C000210067
:106DFC0000F054FC0130C60907D00E4B9E4215D84A
:106E0C00400834003F26064000E001246C62AE626C
:106E1C00002200212800FFF7CFFF062000F0F0F839
:106E2C008000A101891900F039FC70BD0026024CCC
:106E3C00ECE7C046FEFF0000FFFF000010B505396F
:106E4C004901013AD2000A43002B07D002210A4320
:106E5C00012B01D0002102E0023100E0002111439E
:106E6C006E22FFF7A9FF10BD10B5002900D010212C
:106E7C001022FFF7A1FF10BD002909D00A22064BF2
:106E8C009C46604443425841044B4000C2527047F8
:106E9C0080225200F3E7C0460080FCBFD80D0220D0
:106EAC0070B504000D00062000F0AAF800281ED0D2
:106EBC00104B9C421CD01622012393400E4A1360A7
:106ECC002000FFF73FFF00212000FFF7D5FF29002E
:106EDC002000FFF785FFE26A70235A400E331340FF
:106EEC00064AA2181360064B23630323A36470BDE8
:106EFC001722E1E70080034000E000402C10000066
:106F0C0001030000F8B5CE46474680B505000E00DB
:106F1C009046994644002418A400284B9C4664448F
:106F2C006368089A934200D262602F1FFFB2012F50
:106F3C002ED980221201C0239B01E3181A60204B2A
:106F4C00AA00D158002907D0586900F0A7FB0130DE
:106F5C0043001B18033BFDD243465B0122685340A0
:106F6C00E022134080225201A2181360012F1AD97B
:106F7C0080239B01E318802212011A60089B636036
:106F8C000F4BAD004A46EA50C0BCB946B046F8BDFE
:106F9C00012ECED10322C0239B01E3181A60A368F3
:106FAC00DB07FCD5D8E72168714003230B40136045
:106FBC00A3680122B2401A42FAD0D9E700800040FF
:106FCC00B8FC002070B582B006000D00140018004B
:106FDC00069900F063FB0300069A1102009122004F
:106FEC0029003000FFF78EFF02B070BD10B582B0E3
:106FFC00802464000094FFF785FF02B010BD0000F0
:10700C00014B8000C0587047B8FC002010B504003C
:10701C000D4B9B69DB05FBD40420FFF7F1FFFA2134
:10702C00890000F03BFB084B18600A221A61002211
:10703C005A60013A9A605C61034B9B69DB06FBD595
:10704C00014BD869400910BD80800040F0B583B079
:10705C0007000D001400144E3300012201210520FD
:10706C00FFF7C4FF00942B003A0001210F4800F0F9
:10707C0073F821006943380000F010FB04000C4B3E
:10708C00002202210420FFF7B1FF2300002201217E
:10709C000520FFF7ABFF3300022200210620FFF78B
:1070AC00A5FF03B0F0BDC046006CDC0200800240BE
:1070BC00001BB700F0B5DE4657464E464546E0B5D8
:1070CC0083B080468A4693460193A0235B00994681
:1070DC002AE0013C002C1ED025007D432900300005
:1070EC0000F0DCFA4045F4D12900300000F0D6FA6B
:1070FC000029EED1144B4A465343524613605B466B
:10710C001F60019B1C60012003B0F0BCBB46B24663
:10711C00A946A046F0BD013F002F01D03C00D9E7A5
:10712C0001235B429C46E1444B460F2B09D9074E89
:10713C004B465E43064BF218064B9A42F0D8072793
:10714C00EAE70020E0E7C046001BB700E02E000095
:10715C00508EF4FF50F80C00F0B5C64600B5040094
:10716C000E0017001D00374800F098FA8046364B89
:10717C00FA18364B9A4239D80100380000F08EFAD2
:10718C000200103A98235B009A4235D86B1E062BEE
:10719C0038D8069B013B062B34D83F09474537D3DB
:1071AC002D04069B1B031D432368002B36DB284B49
:1071BC009C4244D00C2201239340264A1360264A59
:1071CC001360264A1268190091430A1EF9D12660F1
:1071DC00A060234BE31821321A602268002AFCDAE3
:1071EC00E56008221A6080BCB846F0BD1D4B1E4AF3
:1071FC001E48112102F078FB1D4B1B4A1B4819211C
:10720C0002F072FB1B4B184A18481C2102F06CFB55
:10721C00194B154A1548232102F066FB22683F23BF
:10722C001340B342C3D1A3681B051B0D8342BED1CF
:10723C00E368EE22D2021340AB42B8D1D3E70D2261
:10724C00B9E7C046001BB70080E84BD380F8A932E1
:10725C0000C0024000E0004000F0004008C00040C8
:10726C000430000094CE0020E8D70020E4CE0020AB
:10727C002CCF002048CF002094CF00200001044BDD
:10728C001B685840F0230340024A13607047C04605
:10729C000040064000500640024B1A68024B5A60F0
:1072AC007047C046C4FD00200080054010B5174B48
:1072BC008022D2051A60164B164A1A6000290AD091
:1072CC00154BE022D2041A60002809D1124B8022FF
:1072DC0012061A6010BD0D4BE022D2041A60F3E7BF
:1072EC0043011B1A9B00181800010C4B18608023DB
:1072FC005B04984202D3094B094A1A60FFF7CCFF92
:10730C00054B8022D2051A60E4E7C04600B0054068
:10731C0008200140FCFF010000A00540C4FD002036
:10732C00FFFFFF0010B5034B034ADA61FFF7BEFF06
:10733C0010BDC046008005402131B76A024B802247
:10734C00D2051A607047C04600B0054010B5030066
:10735C000C0010000B4A8021C9051160002B0DD0C8
:10736C0001221343084A0949D16109495940116264
:10737C00546293620021FFF799FF10BD024B00226B
:10738C00DA61F7E700B0054000800540D3C007B0D4
:10739C002D3FF84F80239B000B43014AD36270476B
:1073AC000080054010B5010018231B88142210889A
:1073BC00984710BD10B5010018231B8816221088A1
:1073CC00984710BDF0B5C64600B507000E00002565
:1073DC000123984600E00135B5420AD2AC003C19B5
:1073EC002068FFF7DFFF20600028F4D100239846C7
:1073FC00F1E7404680BCB846F0BD000070B5050012
:10740C000C000348FFF7CEFF03002100280098472B
:10741C0055420000074BAA2212011A608D2252001D
:10742C00DA60054B054A1A60024B5B68002BFBDAED
:10743C007047C046004002400060024000B0FA00B5
:10744C0010B5040001E008CC9847024B9C42FAD3DB
:10745C0010BDC046C8E000207047000010B50248BF
:10746C00FFF7EEFF10BDC04688E0002010B50248C3
:10747C00FFF7E6FF10BDC046BCE00020054B064AF6
:10748C001A60064B064A1A60064B1A68044B934363
:10749C00FAD1704700E00040BFCDFBFE00F0004089
:1074AC00FE7F3C0008C00040044BDB6C002B03D17A
:1074BC00034B8022D2021A607047C0460000115064
:1074CC004C201150044B054A1A60054B1B68DB43DA
:1074DC00DB01FAD17047C04600F00040FFFFFF010E
:1074EC0008C00040034B40229A675A671A67DA6655
:1074FC007047C04600F0014010B5FEF72DFC10BDE2
:10750C0010B50C4C0C4BE41AA4082200302C00D9FA
:10751C00302292000948084901F074F804E0084A46
:10752C00064BA100CA5001342F2CF8D9034B054A45
:10753C00936010BDC001001000010010000000207D
:10754C00C101001000ED00E070B50420FFF758FDFC
:10755C00064900F0A3F805000024002C00DD70BDE6
:10756C00E0B22900FFF716FF0134F6E740420F00A6
:10757C0030B583B0274B00229A67FFF74BFF264BA1
:10758C0001221A60234B5B6C012BFBD1234B032292
:10759C001A60204B9B6B012BFBD1013300930433FE
:1075AC001F4A01211F48FFF7D7FD052300931E4AF0
:1075BC0001211E48FFF7D0FD1D4B002202210420A3
:1075CC00FFF714FD1B4D2B00002201210520FFF7B6
:1075DC000DFD194C2300002200210720FFF706FDAA
:1075EC002300002200210820FFF700FD8023DB0090
:1075FC0000932300002200210920FFF7E3FC2B005D
:10760C00002200210620FFF7F1FCFFF79DFF03B0DD
:10761C0030BDC046008000403CB0004030B000405F
:10762C00002F685900800240008C864700C0024041
:10763C00001BB70040597307006CDC0201480421A1
:10764C00014B184720DA00200D720020124A936F6C
:10765C009B0815D29066D166002905D0FFE7FFE79D
:10766C00FFE7516F106F704704B580210906C217F0
:10767C005140002800D0C84302F082FF002104BD15
:10768C00F0B5146E556E576F166FFFF7E3FF146667
:10769C00556657671667F0BD000000D0114A936F0E
:1076AC009B0813D210665166002905D0FFE7FFE74F
:1076BC00FFE7516F106F704704B5002801D0002010
:1076CC00C04302F05DFF002104BDC046F0B5146E4E
:1076DC00556E576F166FFFF7E5FF146655665767C3
:1076EC001667F0BD000000D094464A4A926F92088B
:1076FC00624601D228E0C046F0B5464E346E756E37
:10770C00776F366F00F020F89446424A146655663F
:10771C00576716676246F0BD94463E4A926F9208D0
:10772C00624601D254E0C046F0B53A4E346E756EE6
:10773C00776F366F00F04CF89446364A14665566EF
:10774C00576716676246F0BD002B24DB11D0002969
:10775C003EDA00B5C943404200D1013100F038F89F
:10776C00C943404200D10131DB43524200D10133C5
:10777C0000BD002AEBD1002801D1002905D0002042
:10778C00C90FC90701D1C043410800B502F0F8FE8A
:10779C000022002300BD00B500290ADBDB43524266
:1077AC0000D1013300F014F8C943404200D101313B
:1077BC0000BDC943404200D10131DB43524200D1EC
:1077CC00013300F005F8DB43524200D1013300BD18
:1077DC00002923D1002B18D1002A0CD0BC460D4F08
:1077EC0038667A6600210023FFE7FFE7FFE77A6F30
:1077FC00386F67467047002801D00748010000B574
:10780C0002F0BEFE0022002300BD02000B0000208F
:10781C0000217047000000D0FFFFFFFF002B00D0BD
:10782C00BFE0130C28D1002AE7D080B4114F396681
:10783C007A66FFE7FFE730B4040C7B6F396F1B04EB
:10784C0023433B667A66FFE7FFE7FFE7C04684B257
:10785C007B6F3D6F1B0423433B667A66FFE7FFE7B4
:10786C00C04600232C042D0C7A6F386F0019694127
:10787C00B0BC7047000000D0F0B594460025140E43
:10788C0001D112020835140F01D112010435940FE5
:10789C0001D192000235D40F01D152000135D40B25
:1078AC000134254F7C66254C3C660E0C93B2FFE7E9
:1078BC00FFE7FFE73C6F6643360C7703BE46734326
:1078CC00DF0B5B04C01AB941130C7343DB18C91AE4
:1078DC00CE086643360CB64493B273431F0F1B019C
:1078EC00C01AB941130C73431F0B1B05C01AB941C5
:1078FC00860D8F023E436643360C092D24DB520A5B
:10790C007243801A7703460A6643360C16235B1BB8
:10791C00DE40DF40BF1964466643821B7046043567
:10792C0006330100D940A840C01900D30131A2424E
:10793C0006D20023F0BD0000000000D0FFFFFFFFC7
:10794C00121B0130F3D3F1E709277F1BFE4064467D
:10795C00A2B27243801A00D20139220C7243130C6A
:10796C001204821A99410B0070460435133701003A
:10797C00F940A840801900D30131002B02D1A2425A
:10798C000AD2F0BD013000D30131121BFAD2013BF7
:10799C00F8D1A24200D2F0BD013000D30131121B4C
:1079AC00F7E7F0B51C0C00D080E00CB400251C0AE5
:1079BC0004D11B02160E3343120208351C0B04D1E2
:1079CC001B01160F3343120104359C0B04D19B0091
:1079DC00960F334392000235DC0B02D192185B41B7
:1079EC0001351C00971864410134464F7C66464CA7
:1079FC003C660E0CFFE7FFE7FFE7C0463C6F6643B3
:107A0C00360C7703BE4697B27743C01B00D20139C0
:107A1C00C01B00D201399FB27743C91BC91B170C7D
:107A2C0077437E04FF0B801BB941CE086643360CAE
:107A3C000C2D33DBB644120B1F053A431B0B97B2CC
:107A4C007743C01B00D201399FB27743C91B170C77
:107A5C0077433E043F0C801BB941860D8F023E4399
:107A6C00664329277F1BFE400C3D7746AF40BF196C
:107A7C0030BCA2B2ABB272437343801A9941220C50
:107A8C007243130C1204801A994102000B00013747
:107A9C00001BA941F9D2781E0021F0BD0C277F1BD9
:107AAC00FE4077467F0BAF40FF19E0E700245D1CDA
:107ABC0007D0144F7D663966FFE7FFE7FFE7FFE766
:107ACC003C6F95B29EB265436643401BB141150CA9
:107ADC001E0C6543664336042F0C3E432D04401B9D
:107AEC00B141994204D202000B0020000021F0BDEC
:107AFC0001D19042F7D3801A994101349942F2D3C3
:107B0C00F6E70000000000D0FFFFFFFF48404140B7
:107B1C00484018B41B4B5B68FC46019308BD04DF5E
:107B2C00477C002018B4174B1B68FC46019308BD1A
:107B3C0000DF517C00209446134A926F920809D2C0
:107B4C00624618B40F4BDB68FC46019308BD0CDF92
:107B5C00097F00200C4AF0B5146E556E576F166FE6
:107B6C006246FFF7EEFF084A1466556657671667BC
:107B7C00F0BD18B4034B9B68FC46019308BD08DFAD
:107B8C00AD7D002008090220000000D0FFB5504058
:107B9C004240504059404B40594000E0FFB5154F12
:107BAC004C00640D03D0BC4204D10C0314D800204B
:107BBC00090D09055C00640D03D0BC4204D11C0303
:107BCC000AD800221B0D1B0501264B4009D44B4043
:107BDC0003D58B4200D18242FFBD9942FCD1904229
:107BEC00FFBD0B43DB1803431343F5D0C9434918BE
:107BFC00FFBD0000FF07000000B5FFF7CFFF80417D
:107C0C0000BDC04600B5FFF7C9FF01D9002000BD7B
:107C1C00012000BD00B5FFF7B9FF01D9002000BD60
:107C2C00012000BD00B5FFF7B1FF804100BD012070
:107C3C0040054A00121804D85A00121801D8002026
:107C4C0070470120704700000021002805D17047C3
:107C5C00C1174840401AFAD0C90713B5064B1B6828
:107C6C0098470CBC441CA2401005120B0349091B7D
:107C7C0009051943114310BD080A02201F04000016
:107C8C0010B54C00620D8023D218DB00D21A5B05B4
:107C9C007E2A10DD9E3A13DACC17090349081943E2
:107CAC005242D140640001341532202A05DAD0400A
:107CBC000843604310BD002010BD0846604310BD52
:107CCC00C80FC018013810BD18B4044B5B6AFC46D1
:107CDC00019308BD24DFB9800020000008090220B0
:107CEC0018B4044BDB6FFC46019308BD7CDF398173
:107CFC00002000000809022070B513231C78012C09
:107D0C0012D0012C12DC214B214A93642148FFF73D
:107D1C0049FB214B186070BD1C491D4A98008150CD
:107D2C0001331F2BF8D9ECE70023FAE71B48FFF7C8
:107D3C0041FB05001A48FFF73DFB023803789B0016
:107D4C007F2B09DD12488022290000F05BFC022CFD
:107D5C0008D0022CDADCD6E7124B134A1348342134
:107D6C0001F0C2FD124B1A88B5231B029A4209D1AD
:107D7C00104B1A88104B9A4204D1104B1A88104B96
:107D8C009A42E6D00020FDF73BFFC0460D7C002058
:107D9C00080902204C330000080A0220534400005A
:107DAC0053460000B0CF0020F4D70020F4CF0020C1
:107DBC0054380000D8380000494600009C380000B8
:107DCC005946000007B56046002800D100BE018866
:107DDC000A0A0230DF2AFAD1C9B2820804D3028817
:107DEC0040880004104300E00068024A50500390A1
:107DFC0007BD0000080902200FB403BC0CBCF0B591
:107E0C000124E407634000E0F0B50C0DCF0F661EB3
:107E1C003605891B640503D3C943404200D30131A5
:107E2C00640D03D0661CF60A07D0E41B00207F000B
:107E3C00791C89078912803C24031D0DDF0F6E1EEF
:107E4C0036059B1B6D0503D3DB43524200D3013334
:107E5C006D0D03D06E1CF60A07D0ED1B00227F00BF
:107E6C007B1C9B079B12803D2D032F1B661B58D43C
:107E7C00A446202E46DA20371400BC401D00BD401D
:107E8C00F24033412A4380185941CB0F05D0C943E6
:107E9C00C043002264425041514162464D0D28D1ED
:107EAC000D0D07D100281FD0241940414941013A3A
:107EBC000D0DF9D0640006D3013000D30131002C34
:107ECC0001D140084000013A0BD4941CE40A04D1BF
:107EDC0012051144DB071944F0BDD907204B194397
:107EEC0000E0D9070020F0BD0029DDD1002CDBD14A
:107EFC00F0BD0132C6074008CD0728434908002EC3
:107F0C00E1D0D9E73C2E29DA203E40371400BC40A2
:107F1C0000D00124F24014431A00BB401C43D31779
:107F2C00ACE7AC46202F08DA20360400B4400D0034
:107F3C00B540F84039412843A5E73C2F0CDA203FE7
:107F4C0040360400B44000D00124F840044308003B
:107F5C00B1400C43C117EAE710001900002494E764
:107F6C000000F07FF0B50C0D661E3605891BE60A85
:107F7C006405640D02D0651CED0A04D000200121BB
:107F8C000905803C2403A4461C0D671E3F05DB1B22
:107F9C00E70A6405640D02D0651CED0A04D00022CA
:107FAC0001231B05803C24037740644497B484B2BE
:107FBC0096B27443070C7E43150C6F4380B2684332
:107FCC00361802D3012000043F183004350C001978
:107FDC007D41844688B29AB250430C0C62431F0C0C
:107FEC007C438EB27E43921902D301263604A41927
:107FFC001604170C3618674101BC81B29AB2514372
:10800C00040C62431B0C5C4380B25843121802D31D
:10801C000120000424181004130C401863412D187F
:10802C005E410020474106BC88B293B258430C0C09
:10803C006343120C544389B251435B1802D30121A0
:10804C000904641819041A0C091862416D18564178
:10805C000020474118BCF902720D1143F0026A0D61
:10806C001043ED020A0D03D16D1940414941013B0A
:10807C00124E9B1B7600B3420ED26D0007D301301B
:10808C00002671416646354301D1400840001B056E
:10809C00C918E4072144F0BD0BDA013306D10130D5
:1080AC0004D101314F0D01D04908F2E7E10700205E
:1080BC00F0BD013631050020EBE70000FF030000A6
:1080CC00F0B51C0D671E3F05DB1BE70A6405640D4C
:1080DC0002D0661CF60A04D0002201231B05803C4A
:1080EC002403D0252D060026F6432E661E096E6647
:1080FC00CE0FF619B44649004F0D02D07E1CF60A7D
:10810C0003D000200021403F3F033E1BB600B44487
:10811C00013F7F05C91B49082E6F013676089C026A
:10812C00950D25437543ED137543AD1301356D1056
:10813C00F603761B0CB4CC02450D2C43A2B2B3B2A1
:10814C005A43270C7B43350C6F43A4B26C431B1969
:10815C0002D3012424043F191C041D0CA4187D41D6
:10816C0024196D41009A91B2ACB26143170C7C4357
:10817C002B0C5F4392B25A43A41802D3012212046F
:10818C00BF182204230C52187B41019C6C431B1911
:10819C00520ED9010A434401A01A81B2B2B2514322
:1081AC0003145A43360C734387B27743D617D2194C
:1081BC0000277E4136049B191704160C7F185E416C
:1081CC007316ED18F301002680337541A90F06D103
:1081DC006400690AE8055B0A184309D22FE00422FF
:1081EC00944480337541A90AA8059B0A184326D3E9
:1081FC00404149412404009A019B0D005543641BE6
:10820C004343E41A95B286B27543170C7E43030CB4
:10821C005F4392B25A43B61802D301221204BF181C
:10822C003204330C52197B4152429C41002C02D433
:10823C000022013051414008CA071043490802B0DE
:10824C006246D7079210084BD218084B9A4203D2B9
:10825C0012058918C919F0BD0020002A01DC39006B
:10826C00F0BD01331905F5E7FD030000FE07000022
:10827C00002200B5203200F004F8080000BD000018
:10828C0000220B150AD410B5944600F05FF81414B4
:10829C00013400DA0021CB17144C204700200021B8
:1082AC0070476244343A0CD40C2A07DA040091402B
:1082BC00904052422032D440214310BDD843D94380
:1082CC0010BD203207D40C4694405242203211414A
:1082DC00D040204310BD0800C917203203D45242AD
:1082EC002032104110BD1800190010BDEB80002089
:1082FC004A00520D144BD21A13DDFF2A1EDAD20596
:10830C00CB0FDB071A43C300400F0903490A08438C
:10831C0010435B0001D301D0013070474308FBD2FE
:10832C00704702D0C80FC00770470A0312130132FE
:10833C00F8D1420F072AF5D1012200E0FF22C80F25
:10834C0000028018C0057047800300000A0DCC0F96
:10835C00531E1B05C91A520503D3C943404200D30F
:10836C000131520D03D0531CDB0A07D0121B002025
:10837C006400611C89078912803A1203014BD21ADE
:10838C0070470000FF03000051434343C9188C465B
:10839C00110C83B24B4310B4040C614392B280B203
:1083AC00504362431C041B0C001910BC59411304AC
:1083BC00120CC018514161447047000048404140C4
:1083CC00484000239C46114B5B68184700239C4691
:1083DC000E4B1B6818470E4A936F9B0804D2002360
:1083EC009C460A4BDB681847F0B5146E556E576FF8
:1083FC00166FFFF7F4FF064A146655665767166743
:10840C00F0BD00239C46014B9B6818470C0A0220C8
:10841C00000000D0491A002808D108467047000017
:10842C00C10FC90700D54042002817D0F44603B449
:10843C000B4B1B68984706BC81409E3840428031EC
:10844C0007D20B0607D04900490AC0051043084360
:10845C0060470130F8E7490A8902F5E770470000E8
:10846C00080A022000239C46014B5B6A1847000057
:10847C000C0A0220034BDB6FFC4618477CDF01849F
:10848C00002000000C0A022070B513231C782A4827
:10849C00FEF790FF0500012C12D0012C0ADD2B00F9
:1084AC00023B1B789B007F2B40DD24488022290057
:1084BC0000F0A8F82248FEF775FF224B186070BD3B
:1084CC001E485422290000F09DF81F4B1A881F4BA0
:1084DC009A421CD1A7239B011A881D4B9A4216D194
:1084EC001C4B1A881C4B9A4211D11C4B1A88942392
:1084FC009B019A420BD11A4B1A881A4B9A4206D1FD
:10850C00194B1A68194B9A4201D1152307E01848E8
:10851C00FDF776FB1749094A9800815001331F2B50
:10852C00F8D9144B054A1362D361B6E7124B134AC0
:10853C001348432101F0D8F9534600000C0A0220DD
:10854C004C330000080A0220EE290000C40F000082
:10855C00C20D0000962B0000C0B50000182B0000C7
:10856C00CC2A000010B50000FC2C000051ED8764F3
:10857C00E4B30020CD8300204CD0002008D800208C
:10858C0080D0002007B56046002800D100BE0188CD
:10859C000A0A0230DF2AFAD1C9B2820804D302884F
:1085AC0040880004104300E00068024A50500390D9
:1085BC0007BD00000C0A0220C30FDB0741000A0EA6
:1085CC0007D0FF2A08D00909054A89181943400722
:1085DC0070471900002070470249C918FAE70000DB
:1085EC00000000380000F07F01480421014B1847BF
:1085FC0030DA00200D720020014B1B681847000078
:10860C0030DA0020014B5B681847000030DA00209C
:10861C009A4200D288547047704710B5002802D097
:10862C000B684968984710BD0100002007E08300E3
:10863C001B185B00501C08601078C01830380A6892
:10864C001378303BDBB2092BF1D97047F0B5D64625
:10865C004F464646C0B505000E00100091461F005F
:10866C00099C0B9B0222110019408A461A4234D1F4
:10867C00DB0716D50200B84637002E001FE0551C4C
:10868C00330041462020B84701342A000A9B9C4203
:10869C00F5D33D0037004646099CB84637002E00FE
:1086AC000DE00200B0463E002F000994EEE7013CBD
:1086BC00551C089B185D43463900B0472A00002C16
:1086CC00F5D135003E0047465346002B16D110001D
:1086DC00E0BCBA46B146A846F0BD0200B846370029
:1086EC002E00ECE7541C330029002020B847220050
:1086FC004B46D31A0A998B42F4D3E8E73B002F0080
:10870C0035001E00F4E7F0B5CE46474680B585B07F
:10871C0006000F00904699460C9A0D9B0EA90978FD
:10872C008C46109D119C129988071CD4002C0CD0DF
:10873C00C8070AD56046002802D10C30084204D084
:10874C00013C02E03020D0540133AB4201D21F2B4C
:10875C00F8D9C80707D5A34205D21F2B03D8302060
:10876C00D0540133F5E7C80612D5480505D4002BC3
:10877C0003D0AB4223D0A34221D00F98102831D084
:10878C000F98022838D01F2B0AD83020D054013330
:10879C001F2B05D86046002834D02D20D05401332F
:1087AC0003910294019300924B46424639003000EB
:1087BC00FFF74CFF05B0C0BCB946B046F0BD581E23
:1087CC00012B17D00F9D102D0BD003000F981028E4
:1087DC00D6D18806D4D51F2BD2D85820D0540133EB
:1087EC00D1E7023B8806F1D41F2BEFD87820D05468
:1087FC000133C8E70300C0E71F2BD1D86030D05439
:10880C000133C0E7480703D52B20D0540133C7E709
:10881C000807C5D52020D0540133C1E7F0B5DE469A
:10882C0057464E464546E0B593B08046894692463B
:10883C009B461CAB10CB1B7809931E9D002C03D1BF
:10884C001023219A9A4321928023DB00219E1E4003
:10885C00219A1A4218D0002C22D0002614E0219A1A
:10886C0092061BD54121C918C9B20A39C9B2771C65
:10887C000AAB995529002000FEF710FFAC4210D32B
:10888C001F2F0ED83E00040029002000FEF706FF23
:10889C00CBB2092BE3D83033D9B2E8E76121E2E758
:1088AC002700219B0693209B05931F9B0493039504
:1088BC00099B029301970AAB00935B4652464946CB
:1088CC004046FFF720FF13B0F0BCBB46B246A946AA
:1088DC00A046F0BDF0B5DE4657464E464546E0B5DF
:1088EC0095B08346089109920A931E9B99461F9F47
:1088FC0020AB1B780B93229B9846239C4B463B4307
:10890C0003D11033269A9A4326928023DB00269DAE
:10891C001D40269A1A4208D04B463B4339D00025BD
:10892C004E4623002C001D001FE04E4623002C0059
:10893C001D001AE0269A920623D54122D218D2B2F3
:10894C000A3AD2B2631C9A460CAB1A5542462B001B
:10895C0030003900FEF7E0FEBD421CD813D0534660
:10896C001F2B14D8544606000F0042462B00300033
:10897C003900FEF7D1FED3B2092BDBD83033DAB293
:10898C00E0E76122DAE7B045E9D9564604E05646FD
:10899C0002E0002600E05646269B0693259B059395
:1089AC00249B0493434603930B9B029301960CABBD
:1089BC0000930A9B099A08995846FFF7A4FE15B034
:1089CC00F0BCBB46B246A946A046F0BDF0B5DE46AB
:1089DC0057464E464546E0B595B004008A46934648
:1089EC0099461E9E1F9F32003B0030003900FFF756
:1089FC001EF9002800D0FBE001225242D64B300079
:108A0C003900FFF70FF9002800D0F1E001225242A3
:108A1C00D24B30003900FFF7EFF8002800D0E7E028
:108A2C000022002330003900FFF7E6F8002800D0C0
:108A3C00F3E0069607978023DB00229A1A401192E6
:108A4C00229A1A4201D10623209306980799020014
:108A5C000B000A920B9303000A00024300D1E8E0DA
:108A6C00080D4005400DBE4DAC466044050007980E
:108A7C000203120B00200021089009910893B94BB6
:108A8C00134309932800FFF7E3F8B74AB74BFFF7F6
:108A9C0070F8B74AB74BFFF745F80A900B910022D4
:108AAC00B54B08980999FFF734F8B44AB44BFFF763
:108ABC0060F802000B000A980B99FFF733F8FFF7E8
:108ACC00DFF880460890FFF7C3F8AE4AAE4B0A9029
:108ADC000B91FFF74EF80022AC4BFFF723F8FFF792
:108AEC00CFF80500AA4AAB4B0A980B99FFF741F84F
:108AFC000A900B912800FFF7ABF8A74AA74BFFF79A
:108B0C0038F802000B000A980B99FFF702F80200E4
:108B1C000B000A900B91FFF72CF80E900F912B0085
:108B2C009F4DAC466344002100220C910D921B0515
:108B3C000D9300230C930A980B9902000B00FEF77F
:108B4C00F1FF129013910A9A0B9B00208021C9050A
:108B5C00FEF7DFFF0A900B910022924B0E980F99B3
:108B6C00FEF7E9FF0022904BFEF7DCFF02000B0042
:108B7C000E980F99FEF7DFFF00228C4BFEF7D2FF09
:108B8C0002000B000E980F99FEF7D5FF02000B00A8
:108B9C000A980B99FEF7C6FF02000B001298139966
:108BAC00FEF7C9FF00226F4BFEF7BCFF0C9A0D9B22
:108BBC00FEF7DFFF02000B000A920B93069A079B4D
:108BCC000C900D91FFF72EF800280AD04346013B7C
:108BDC0008930022744B0C980D99FEF7ACFF0A9089
:108BEC000B91089B6333C62B49D804231D0024E04A
:108BFC00229B0493219B0393209B02930096019745
:108C0C004B465A465146200000F004F915B0F0BC12
:108C1C00BB46B246A946A046F0BD002100220691F3
:108C2C000792069680231B069C46BC44634607931A
:108C3C0001E70023089304331D00229B1B052BD551
:108C4C000A9A0B9B1900114311D0594A594B06989B
:108C5C000799FEF7DFFF002800D1B1E00022564B48
:108C6C0006980799FEF7C8FF002800D1A8E0209AC3
:108C7C00089B9A4206DDD31A013B209304E005239E
:108C8C001D00DAE7002320938023DB00229A1A438D
:108C9C00229200231D000893219A954200D39BE059
:108CAC00531B98460223229A1A400C92229A134282
:108CBC0003D0002D01D000239846089B002B07D031
:108CCC000A9A0B9B06980799FEF735FF06900791B9
:108CDC000022002330003900FEF78EFF002800D060
:108CEC007DE0364B229A1340049343460393209B1A
:108CFC000293069A079B009201934B465A465146A3
:108D0C00200000F087F8002D00D17FE7229B9B0606
:108D1C0071D54527461C4B46020051463800A047EA
:108D2C000898C317C2185A4005230593013D0495B2
:108D3C00002303930A330293C30F019300924B4613
:108D4C00320051462000FFF769FD0C9B002B00D12F
:108D5C005CE70200219F56E0FFFFEF7FFFFFEFFF74
:108D6C0001FCFFFF0000F03FFB799F501344D33F01
:108D7C00B3C8608B288AC63F0000F83F61436F631D
:108D8C00A787D23F71A379094F930A400000E03FB7
:108D9C001655B5BBB16B0240EF39FAFE422EE63FD9
:108DAC00FF03000000002C4000002440000018408D
:108DBC002D431CEBE2361A3F80842E41FFF7FFFF58
:108DCC00209B002B00D167E7119B002B00D163E7A0
:108DDC00209B013B20935FE70023984662E7069EA9
:108DEC00079F3200390080200006844661440B0046
:108DFC000692079375E765278CE7561C4B46514640
:108E0C002020A04732005B46D31ABB42F5D310009A
:108E1C00FCE6C046F0B5DE4657464E464546E0B544
:108E2C0095B081468A4693460A93209F1E9A1F9BB3
:108E3C0010001900FEF7FBFE002831D1012252422E
:108E4C00BA4B1E981F99FEF7D7FE002837D1012286
:108E5C005242B74B1E981F99FEF7E4FE00283DD1F5
:108E6C000022B44B1E981F99FEF7DCFE00284AD155
:108E7C000022B14B1E981F99FEF7BEFE002842D16E
:108E8C00002200231E981F99FEF7B6FE00284AD137
:108E9C0000230B93229B5B0500D4AFE0002452E02F
:108EAC00229B0393219B029303230193A34B0093D7
:108EBC000A9B5A4651464846FFF7C8FB1FE1229BC6
:108ECC000393219B0293042301939D4B00930A9BD4
:108EDC005A4651464846FFF7B9FB10E1229B5B0707
:108EEC000ED5984B0422229903912199029101925B
:108EFC0000930A9B5A4651464846FFF7A7FBFEE0F3
:108F0C00914B0322EFE7229B0493219B039302973F
:108F1C001E9B1F9C009301940A9B5A46514648463F
:108F2C00FFF754FDEBE01E9A1F9B00200021FEF77B
:108F3C00F0FD1E901F9101230B93ABE70CAB30227D
:108F4C001A55013F01341F2C01D8092FF6D81E9851
:108F5C001F99FEF795FE0500FEF77AFE02000B0046
:108F6C001E981F99FEF7D5FD784BFA009B180CCB79
:108F7C0008920993FEF7FDFD06900791FEF7A4FEFB
:108F8C000600FEF761FE02000B0006980799FEF73B
:108F9C00C0FD0690079100226D4BFEF743FE0028A2
:108FAC002ED001363000FEF74FFE02000B00089861
:108FBC000999FEF727FE002801D001350026002F65
:108FCC002CD12800FEF744FE02000B001E981F99BE
:108FDC00FEF79FFD06000F0000225D4BFEF70CFE16
:108FEC00002846D100225A4B30003900FEF71AFEF9
:108FFC0000283ED1EB073CD501353AE006274DE77A
:10900C000022534B06980799FEF7F6FD0028D6D19F
:10901C00002E01D0F307D2D50136D0E7A8461F2C7D
:10902C0011D8013F0A213000FEF738FB651C3031A6
:10903C000CAB19550A213000FEF730FB092E0ED966
:10904C0006002C00EBE745461F2C0CD87B1E002F8E
:10905C0009D00CAA302111551F000134F4E72B0064
:10906C0045461C00F0E71F2C03D80CAB2E221A55DA
:10907C0001341F2C10D80A212800FEF7E7FA661CD1
:10908C0030310CAB19550A212800FEF7DFFA051E0A
:10909C0001D03400EDE73400229B9B0719D4229BAE
:1090AC00DB0716D5219B002B0ED00B9B002B03D17D
:1090BC000C33229A134207D0219B013B219303E0EE
:1090CC000CAB30221A550134219B9C4201D21F2C2F
:1090DC00F6D91F2C06D80B9B002B17D00CAB2D22CE
:1090EC001A550134229B0393219B029301940CABE0
:1090FC0000930A9B5A4651464846FFF7A7FA15B00B
:10910C00F0BCBB46B246A946A046F0BD229B5B070D
:10911C0004D50CAB2B221A550134E3E7229B1B0719
:10912C00E0D50CAB20221A550134DBE7FFFFEFFF33
:10913C00FFFFEF7F65CDCD4165CDCDC14CD100207A
:10914C0050D1002040D1002048D1002088D80020E8
:10915C000000E03FF0B5DE4657464E464546E0B5CA
:10916C0093B083468A4690461193002900D11AE3A6
:10917C0000255E46119B1878002800D116E325289F
:10918C0009D06C1C43462A005146B047119B013351
:10919C0011932500EEE701331193002712E0202AEA
:1091AC0025D0232A05D11022174301331193012412
:1091BC0006E0002404E0022217430133119301243A
:1091CC00002C1CD0119B1A782B2A0AD0E7D92D2AF7
:1091DC00F1D0302A11D12F3A1743013311930124C6
:1091EC00EEE704221743013311930124E8E7082228
:1091FC001743013311930124E2E70024E0E7119BAC
:10920C001A781300303BDBB2092B15D92A2A18D057
:10921C000B94119B1A782E2A23D0119B1A786C2A46
:10922C0047D03CD9742A62D07A2A65D18022520068
:10923C001743013311935FE011A8FFF7F5F90B9079
:10924C00E7E71C9B1A1D1C921B68002B04DB0B937D
:10925C00119B01331193DCE7022217435B420B9302
:10926C00F6E78022D20017435A1C11925A78130049
:10927C00303BDBB2092B0BD92A2ACED11C9B1A1DF1
:10928C001C921C68002C08DB119B01331193C4E762
:10929C0011A8FFF7C9F90400BFE70024F4E7682A16
:1092AC0017D06A2A28D180229200174301331193D8
:1092BC0022E0802252003A43591C119159786C29B2
:1092CC0001D0170018E0C02292001743023311930B
:1092DC0012E080223A43591C11915978682901D027
:1092EC00170009E0C02217430233119304E08022D7
:1092FC005200174301331193119B1878652840D005
:10930C0077D8462800D18BE01BD9632831D10223B2
:10931C001A003A4091463B4200D1B0E101241C9B1B
:10932C001A1D1C926F1C187843462A005146B047F0
:10933C004B46002B00D0A6E1119B013311933D004D
:10934C0018E7252809D16C1C43462A005146B04722
:10935C00119B0133119325000CE7452811D06C1C8F
:10936C0043462A005146B047119B01331193250007
:10937C0000E763282BD858282BD0622829D04728FF
:10938C00EDD1672801D0472802D180231B011F4350
:10939C00452801D0472801D120231F431C9B0733AC
:1093AC00072293431A0008321C9204970B9A0392DB
:1093BC0002940CCB0092019343462A005146300094
:1093CC00FFF704FB0500119B01331193D2E66428CF
:1093DC00C5D178284DD0582800D17CE06F2800D119
:1093EC007CE0622800D17CE010239F43063B9C4626
:1093FC0041E0702800D1BCE10DD9732831D11C9B00
:10940C001A1D1C921B689B46002C00D06EE1012299
:10941C0052425B464AE16728B3D01DD866289ED1DC
:10942C00462800D11CE11C9B0733072293431A00EA
:10943C0008321C9204970B9A039202940CCB009264
:10944C00019343462A0051463000FFF7E3FC050028
:10945C00119B013311938DE66928BAD06F28B8D0CF
:10946C007DE7732800D27AE77528B2D07828B0D07F
:10947C0075E710239C46582836D0692803D06428F9
:10948C0001D00C2297437A0501D501229743692814
:10949C002DD064282BD0BA0500D5A3E0FA0500D551
:1094AC00BBE07A0600D4CDE01C9A111D1C9111680A
:1094BC00FF220A4005970B9B049303946346029387
:1094CC0000230193009243462A0051463000FFF7D7
:1094DC00A5F905002AE010239C46CCE708239C46FE
:1094EC00C9E702239C46C6E720221743C5E7BA0505
:1094FC0020D4FA0551D47A0667D51C9A111D1C91FB
:10950C001168FF220A40D0171118414005970B9B98
:10951C000493039463460293D20F01920091434645
:10952C002A0051463000FFF779F90500119B0133F1
:10953C0011931FE61C9A073207218A431100083148
:10954C001C91116853689946DB170C930D930C9A78
:10955C000D9B100048400E900D9B49464B400F93BD
:10956C000E980F990C9A0D9B801A99410E900F91A1
:10957C0008970B9B0793069463460493002305936B
:10958C004B46DA0F02920090019143462A00514655
:10959C003000FFF79FF90500C8E71C9A111D1C91BC
:1095AC001268D0171118414005970B9B0493039434
:1095BC0063460293D20F0192009143462A00514612
:1095CC003000FFF72BF90500B0E73A0605D51C9AD9
:1095DC00111D1C910023D25E95E71C9A111D1C9144
:1095EC00126890E71C9A073207218A431100083150
:1095FC001C9108970B9B07930694634604930023D6
:10960C00059302930CCA0092019343462A005146DB
:10961C003000FFF75FF9050088E71C9A111D1C91BB
:10962C0005970B9B049303946346029300230193C9
:10963C001368009343462A0051463000FFF7EEF8BA
:10964C00050073E73A0606D51C9A111D1C91126889
:10965C001204120C2EE71C9A111D1C91126829E79A
:10966C0020231F43DFE6571C434651462020B047BA
:10967C0023003A005C1C9D42F5D815004FE60123EF
:10968C002A000B9DF6E73A00B1460B9E06E0571CEC
:10969C00434651462020C8472C003A00651CA64280
:1096AC00F5D817004E4647E601330A001978002911
:1096BC0002D0511E002AF7D15A469B1A8022D200A2
:1096CC00390011408946174202D0A34200D9230029
:1096DC0002221100394010913A4209D02A0025008B
:1096EC005F469B4633004E46994621E0220090E6A9
:1096FC002A005546A24606E0541C43462900202069
:10970C00B0473B0022005F1C0B999942F4D8544699
:10971C00AA463B0025005F469B4633004E469946C1
:10972C0006E01D000137541C43465146C847220031
:10973C003878002804D0002EF4D06B1E002DF0D108
:10974C0015005B464E46109A002A03D1119B01333B
:10975C0011930FE52A000B9F06E0551C434651461A
:10976C002020B04723002A005C1C9F42F5D815002E
:10977C00ECE721233B431C9A111D1C9112680593A5
:10978C00082304930394083302930023019300925B
:10979C0043462A0051463000FFF740F80500119B64
:1097AC0001331193E6E40B4B9B46E1E4B34645458C
:1097BC000DD343465A1E434651460020D847280035
:1097CC0013B0F0BCBB46B246A946A046F0BD2A0079
:1097DC00F1E7C046618400200EB400B584B00100EE
:1097EC0005AA08CA039201208446054800926246E5
:1097FC005242FFF7AFFC04B008BC03B01847C04698
:10980C00598400200CB400B585B084460A0006A922
:10981C0008C90391044800916146FFF79BFC05B011
:10982C0008BC02B01847C0465984002000B585B06A
:10983C008C4602A902906046486001208446044888
:10984C000093130062465242FFF784FC05B000BD42
:10985C006384002000BEFDE77047000003000A4A45
:10986C001268002A08D0084A1068C318074A9A429E
:10987C0006D3054A13607047034A05491160F2E7A5
:10988C0001204042F7E7C04644FD002000000420C0
:10989C00BC0E022010B5030008001100002B04D1EF
:1098AC00034B0CCB00F030F910BD01204042FBE71C
:1098BC00E0D7002010B5030008001400013B012B79
:1098CC0006D801230022210000F0D4F8200010BD9E
:1098DC0001204042FBE701204042704701204042FA
:1098EC00704710B5FFF7B6FF10B582B084460C0078
:1098FC001900002A0AD0074B074801920093230055
:10990C00624600F095F90120FFF7A4FF034B1A0003
:10991C00F2E7C04658D1002068D10020E4B3002003
:10992C0010B5EFF30583002B00D000BEFDF796FDBC
:10993C00034C01E008CC9847024B9C42FAD310BD73
:10994C00C8E00020C8E0002010B50300080011009A
:10995C001B68984710BD0000F8B507000D001600F5
:10996C00437D002B02D0002400200CE00368110082
:10997C00280098472BE03B7D0FE03B681448022100
:10998C009847601C0134B44213DA002CF3DD631EDB
:10999C00EB5C0D3B5A425341DBB22A5D0A2AF1D1F2
:1099AC00002BEFD1A042E8DA3B68211A281898471F
:1099BC00E3E7B04203DA3B68311A28189847002EC7
:1099CC0005DD013EAB5D0D3B5A4253413B75F8BD85
:1099DC00D8D8002070B505000368002B16D00C4BAE
:1099EC001C6805E0290004C92000FFF7B5FF2469B5
:1099FC00002C09D02368002BF9D0064B1B68002BD8
:109A0C00F0D0A342F3D1EDE700232B6070BDC0462C
:109A1C00E4FC00203CFD002010B50B685A1C0A60C9
:109A2C00CB181871802A00D010BD0800FFF7D2FFA8
:109A3C00FAE7000010B5FDF769F9074A0023121880
:109A4C004B41002B03DB054801F0F2FA10BD01225B
:109A5C005242034BF7E7C04640420F0080E0002023
:109A6C00FFFFFF7F10B5024801F0FCFA10BDC046A5
:109A7C0080E00020F0B5CE46474680B583B08046E6
:109A8C000D0016001C00FFF7D5FF81466B1C05D09E
:109A9C00002C08D0184F194B1C6807E0404601F009
:109AAC0087F80500F4E7164FF5E72469002C16D06B
:109ABC002368002BF9D0134B1B68002B01D0A34259
:109ACC00F3D12A0041462000B847002EEDD06B465A
:109ADC00D91D0A230B7001222000B847E5E74B463D
:109AEC00002B05D1280003B0C0BCB946B046F0BD70
:109AFC00FFF7B8FFF6E7C046A1970020E4FC002072
:109B0C00919700203CFD0020F0B583B006000D00BD
:109B1C0001921F00154B1C6808E0A368002B04D0B1
:109B2C0029003000984700281EDC2469002C06D040
:109B3C000F4B1B68002BF0D0A342F6D1EDE70D4B79
:109B4C005B6A9F4209D80B49896A0198814209D204
:109B5C009F4202D00220404206E001200021FDF786
:109B6C00DDF8D7E70220404203B0F0BDE4FC002052
:109B7C003CFD0020004005400A4A136802E01A0030
:109B8C0010321B69002B09D013688342F7D10029CE
:109B9C0007D1036913600023036102E0002900D0A0
:109BAC0010607047E4FC002010B5064B1C6800E008
:109BBC002469002C04D06368002BF9D09847F7E790
:109BCC0010BDC046E4FC002010B500F045F90120A2
:109BDC0010BD70B5050000F0EBFF0400012301225D
:109BEC0001002800FFF746FFFFF7DEFF200070BDE5
:109BFC00F0B5A3B007000E00FFF71CFF050001AC89
:109C0C0000230193094833003A002100FFF70EFEB0
:109C1C0006002000FFF7DEFEFFF7C6FF002D02D185
:109C2C00300023B0F0BDFFF71DFFF9E7619800206D
:109C3C000FB400B583B004A901C90191FFF7D8FF97
:109C4C0003B008BC04B0184782B08C46144BC31840
:109C5C005A425341134A5B009B5E8B4205D06B46C4
:109C6C00DA1D63461370002115E06B46DA1D0D23D7
:109C7C00137000210029F2D183699B06FCD4137860
:109C8C00036001310132F5E783699B06FCD413783C
:109C9C000360013101320029F6D002B07047C04692
:109CAC000080FCBFD80D022082B000226B46D91D6B
:109CBC0006E08369DB06FCD403680B7001320131CA
:109CCC00002AF6D06B46D87902B0704770B5060002
:109CDC000D00002405E0315D034B1868FFF7B4FF5D
:109CEC000134AC42F7DB70BD0C0E0220F8B5060057
:109CFC000D00002705E07C1CF719FFF7D5FF387025
:109D0C002700AF4204DA0D4A10688269D206F2D5F8
:109D1C000B4A1268002A0AD0084A12685021916333
:109D2C00506B18390140074B9C4662441160002F60
:109D3C0001D03800F8BD033FFBE7C0460C0E0220F3
:109D4C00A8FC00203410000010B5064B1B68002B3B
:109D5C0006D0054A126800219163044A106898479E
:109D6C0010BDC046A8FC00200C0E0220ACFC00204C
:109D7C00024B1A6893691B07FCD470470C0E022027
:109D8C0070B51E4B1B681E4A934208D01422150056
:109D9C0000281FD01B4B1B68002B03D070BD152255
:109DAC001500F5E7174B1860174B19601749280079
:109DBC00FCF79EF801212800FCF77AF80F4B1B6882
:109DCC0050229A63596B183A0A4011498C466344E5
:109DDC001A60E3E70B4A1268002ADFD000249C6368
:109DEC0000212800FCF764F808492800FCF7B8F9B2
:109DFC00044B1C60044B1C60D0E7C0460C0E0220C8
:109E0C0000800340A8FC0020ACFC0020919B0020AB
:109E1C003410000070B50C001D000D4B1860002AAA
:109E2C000BDA002D0EDA0A4B18682100FDF738F812
:109E3C0008480121FFF7A0FE70BD02211000FBF7BE
:109E4C0029FEEEE702212800FBF724FEEBE7C046D3
:109E5C000C0E022040DA002010B5074B1B78074B84
:109E6C001B78074B1B78E1210523042209030548C5
:109E7C00FFF7D0FF10BDC046B8020010B4020010AE
:109E8C00B002001000800340014B00225A60704762
:109E9C00C0E3002003BD10B50400FDF7E7FAA047AE
:109EAC0010BDD0231B061B6D9B07FAD5D0231B06B8
:109EBC00586540BF704700E020BFD0231B061B6DC8
:109ECC00DB07F9D5D0231B06986D704710B5134BE3
:109EDC00802252021A60124B1B68DB03FBD50F2049
:109EEC00FBF7CCFF040000210F20FBF7E1FF0D4B2B
:109EFC0000225A700C4B802252021A60FFF7DBFFD3
:109F0C00002804D121000F20FBF7D2FF10BD074B16
:109F1C00074A08489221FFF7E7FCC046042001409D
:109F2C0004000140E0FC0020043001403CD2002041
:109F3C001CD90020ECD10020F0B587B004000D0036
:109F4C0016000F20FBF79AFF070000210F20FBF7EC
:109F5C00AFFF002200920192013202920396049507
:109F6C000594124B5A7000250CE0D0231B069B6DF8
:109F7C00D0231B061B6DDB07F7D440BF07E0013570
:109F8C00052D0DD8AB006A469C58002CF0D0200053
:109F9C00FFF787FFFFF78FFF8442F0D00025EFE734
:109FAC0039000F20FBF784FF07B0F0BDE0FC002068
:109FBC0010B584460800930715D103239A438B18D8
:109FCC0019000C390B4A926864460C6008246442F0
:109FDC00A4469C44644620600748043B186007482C
:109FEC00FFF7AAFF10BD064B064A07489A21FFF758
:109FFC007BFCC04600ED00E0DF9C0020DD9C0020D7
:10A00C0048D20020F8D80020ECD1002010B5064B27
:10A01C00064A934205D3190080221201FFF7C8FFAC
:10A02C0010BD01214942F7E700080420000004207C
:10A03C0010B5040010220021FEF7DEFA80235B022B
:10A04C002360F8235B0263608023DB02A360C023E0
:10A05C001B03A360200010BD0120704770B50600E3
:10A06C000C0015008B79002B1DD1FFF7F5FF002894
:10A07C001CD00523E356002B01DBAB4219D1300079
:10A08C000D4B9C466044000D0C4B8000C25821794E
:10A09C0001238B40013BAB401A4201D1002070BD23
:10A0AC0009204042FBE714204042F8E70B204042D5
:10A0BC00F5E70B204042F2E70000E0AFC8E30020D8
:10A0CC0070B505000C001600FFF7C8FF002822D160
:10A0DC00002205E09919931912339B005951013252
:10A0EC002379934208D921685300CB5A80218901E6
:10A0FC008B42EFD31900EEE701229A401300013B8B
:10A10C00054A944665442D0D044AAD00A958B34048
:10A11C000B43AB50300070BD0000E0AFC8E3002033
:10A12C0010B50A000C79202C19D8184B9C466044A9
:10A13C00000D174B8000C1580123A340013B5279FD
:10A14C0052B2002A11DB2020001BD4B2844219D851
:10A15C0010009340194201D00120404210BD0D4B1C
:10A16C000D4A0E484321FFF7BFFB2020001B00289F
:10A17C0005DB1A0082401142F0D00138F7E70920C4
:10A18C004042EBE701204042E8E7C0460000E0AF68
:10A19C00C8E3002064D2002034D9002090D20020E3
:10A1AC0010B5054B9C466044000D800041180348D7
:10A1BC00FBF7A2FD10BDC0460000E0AFB4FC0020D0
:10A1CC0010B582B0094BC418240DA400E31C084838
:10A1DC00084A00922200FBF767FD844202DC001B58
:10A1EC0002B010BD01204042FAE7C0460000E0AFCB
:10A1FC00B4FC0020D8D2002010B5054B9C4660441E
:10A20C00000D800041180348FBF728FD10BDC04627
:10A21C000000E0AFB4FC0020F8B505000E00FBF721
:10A22C0007FD070031002800FFF77AFF041E04DA4F
:10A23C003800FBF709FD2000F8BD020031002800B2
:10A24C00FFF73EFF0400F3E710B50400FBF7F0FC4A
:10A25C000A4BE3181B0D0A4A9B000021995000235E
:10A26C0006E01F2119401A001232920011510133DD
:10A27C001F2BF6D9FBF7E8FC10BDC0460000E0AF81
:10A28C00C8E30020F0B5CE46474680B505000C006B
:10A29C00190007AB18781F2A4AD863001E19F6005C
:10A2AC00AE193700DC373F68B846CC363668B44652
:10A2BC001B19DB00C833EB181F4EB1464B448026EC
:10A2CC00B6021E60002831D1002612E05301A020F6
:10A2DC004005184363001B19DB00EB181F00DC372B
:10A2EC00386016483043D8331860053905321F23BF
:10A2FC001A400529EAD88906520111436200131944
:10A30C00DB00EB181800DC3001600C493143D8330A
:10A31C001960434603601219D200AD18CC35634660
:10A32C002B600020C0BCB946B046F0BD1F26E0E74C
:10A33C0005204042F6E7C0460430000080E00000F3
:10A34C00F0B585B004000D00170002680121A9408A
:10A35C008A430260002B36D018686A005219D2006A
:10A36C00A2181100C8310860986808310860586854
:10A37C0004390860DB68DC3213606A005319DB00B7
:10A38C00D033E318802149018C46634480210906AF
:10A39C0019601960164BAB40A360291D01231800EE
:10A3AC0088408021890161180860280008308340AA
:10A3BC000B601F233B405219D200A418D8342360E1
:10A3CC00002005B0F0BD6846FFF732FE00996B0027
:10A3DC005B19DB00E3181A00C832116002990832CD
:10A3EC0011600199043A1160039ADC331A60C4E7D6
:10A3FC0001010101074B98420AD0102301229A4017
:10A40C00054B1A60054B1B6811009943FAD1704734
:10A41C001123F3E70000044000F0004008C00040A6
:10A42C00F8B5DE4657464E464546E0B581460E0029
:10A43C000620FCF7E5FD80464B465A6802231A407D
:10A44C0092464A4604329346224A4A4413600224F6
:10A45C0000E00234FE2C1AD8002520023200002322
:10A46C000021FDF791FF002903D1A942F1D140450C
:10A47C00EFD980277F00012F0CD97D1E2100694365
:10A48C004046FDF70BF9B04204D82F00F3E78027C4
:10A49C007F00F0E74B461C617A1E12021B685A4083
:10A4AC00FF231B021A4080235B014B441A605B465E
:10A4BC00802292019446634452461A6039006143EB
:10A4CC004046FDF7EBF8F0BCBB46B246A946A046A9
:10A4DC00F8BDC0460430000070B504000D00164BEA
:10A4EC00984226D0102201239340144A1360200076
:10A4FC00FFF780FF29002000FFF792FF626802231C
:10A50C001A400F4961180B60216807254D40CF2177
:10A51C00294080256D01AC46A44465462960094953
:10A52C0061180A60084A94466444032222600B6056
:10A53C0070BD1122D7E7C0460000044000E0004087
:10A54C000430000004200000242000000123084AED
:10A55C001360084A1360084B1A6801239343FAD11D
:10A56C00064B01221A60054B1B68DB05FBD57047B7
:10A57C0000E0004000F0004008C0004000C0044073
:10A58C007047C04610B5024800F000FB10BDC04635
:10A59C0050E2002010B5024800F0FAFA10BDC04697
:10A5AC0050E20020F0B5C64600B50C228B5E80460A
:10A5BC000C001A0754D48021626809011943A18147
:10A5CC00002A00DC6DE0A56A002D45D042464046CD
:10A5DC00166800220260DB0468D400220123E169C2
:10A5EC00A8470200431C00D16DE00C23E15EA56A74
:10A5FC00490706D56368D21A236B002B01D0E36B95
:10A60C00D21A0023E1694046A8470C23E15E431CA3
:10A61C004ED143461A681D2A61D8324BD340DB0712
:10A62C005DD5314B0B40A38100236360236923600C
:10A63C00C90403D543461B68002B42D04346216B0B
:10A64C001E60002908D023004033994202D04046B6
:10A65C0000F036FB00232363002080BCB846F0BD1D
:10A66C000E69002EF8D00D680022AD1B0E609B0702
:10A67C0000D14A69A260002D04DCEDE736182D1AD2
:10A68C00002DE9DD2B0032004046E169676AB847CE
:10A69C000028F3DC4022A38913430120A38140420C
:10A6AC00DBE7E26B002A00DD8DE7D5E7226D9FE743
:10A6BC000D4B0B40A3810023636023692360C90405
:10A6CC00BCD52065BAE743461B68002B00D18CE74C
:10A6DC001D2B01D0162BDDD143461E60BCE7402359
:10A6EC000B43DAE701004020FFF7FFFF70B50500D0
:10A6FC000C00002802D0436B002B27D00C22A35E49
:10A70C00002B11D0626ED20701D49B050ED5280008
:10A71C002100FFF747FF636E0500DB0702D4A38916
:10A72C009B050FD5280070BD0025FBE7A06D00F040
:10A73C002DFA28002100FFF735FF636E0500DB07BB
:10A74C00F0D4ECE7A06D00F023FAEBE700F0F4F89E
:10A75C00D4E7C04670B5041E2AD0194B1D68002DD5
:10A76C0002D06B6B002B17D00C22A35E002B11D0E8
:10A77C00626ED20701D49B0512D528002100FFF789
:10A78C0011FF636E0500DB0702D4A3899B050BD573
:10A79C00280070BD0025FBE7280000F0CDF8E3E7AA
:10A7AC00A06D00F0F3F9E8E7A06D00F0F1F9EFE728
:10A7BC00044A0549054800F0EBF80500E8E7C046F7
:10A7CC0074DE002068DE002035A5002078DE002035
:10A7DC0010B5034A0349044800F0DAF810BDC0462E
:10A7EC0068DE0020DDAC002078DE002041680B4BD9
:10A7FC0010B50400994201D000F04CFBA168084B45
:10A80C00994202D0200000F045FBE168054B9942CB
:10A81C0002D0200000F03EFB10BDC04684E20020B8
:10A82C00ECE2002054E30020F0B53A4C3A4B3B4AA2
:10A83C00200083B000251A600423082200215C301C
:10A84C00E36025606560A560656625616561A5614D
:10A85C00FDF7D2FE2000324F324E334B3349583085
:10A86C000093236201916162E461A762E66200F0E9
:10A87C0089F9CC23E5502E4B2000636780230822F6
:10A88C000021C430E550A566E5662567A567E56738
:10A89C00FDF7B2FE2200842320006832E250009AB9
:10A8AC0001990433E2500433E1500433E750C030D3
:10A8BC000433E65000F066F9D0232000E550043351
:10A8CC00E5500433E5501B4A5C33E550583BE250ED
:10A8DC000433E5502D300433E550082204330021B5
:10A8EC00FF30E550FDF788FE2000EC23D030E0501F
:10A8FC002000009A01990433E2500433E1502930CE
:10A90C000433E750FF300433E65000F03BF903B05A
:10A91C00F0BDC04684E20020BCE3002019A6002054
:10A92C0085A80020B1A800201DA8002045A8002063
:10A93C00090001001200020070B50500094C20004E
:10A94C0000F024F96B6B002B05D1074B6B63074BA5
:10A95C001B68002B03D0200000F01AF970BDFFF724
:10A96C0063FFF8E754E2002035A60020BCE300208A
:10A97C0010B5024800F00AF910BDC04654E20020A0
:10A98C0010B5024800F004F910BDC04654E2002096
:10A99C00F8B54746CE46884680B581461700002656
:10A9AC007D68013D0ED4BC68A389012B07D90E220A
:10A9BC00A35E013303D021004846C04706436834E8
:10A9CC00013DF1D23F68002FEAD13000C0BCB9463E
:10A9DC00B046F8BD70B50C000E25495F00F092F83A
:10A9EC00002803DB236D1B18236570BDA389024A65
:10A9FC001340A381F9E7C046FFEFFFFFF8B516003F
:10AA0C001F000C228B5E05000C00DA050AD40A4AE2
:10AA1C0028001340A38132000E23E15E3B0000F0BE
:10AA2C0097F8F8BD00220E23C95E022300F056F8F9
:10AA3C000C22A35EEBE7C046FFEFFFFF70B50C00E6
:10AA4C000E25495F00F04AF80C22A35E421C05D08B
:10AA5C008022520113432065A38170BD014A13402B
:10AA6C00FAE7C046FFEFFFFF10B50E23C95E00F0FA
:10AA7C0023F810BD30B50400032A18D90B0003438A
:10AA8C009B070BD00023013A02E09A4211D001330C
:10AA9C00E05CCD5CA842F8D0401B0BE020680B6852
:10AAAC009842EFD1043A04340431032AF6D8002A30
:10AABC00E8D1002030BDC046002370B5064C05001F
:10AACC0008002360FEF707FF431C00D070BD23680D
:10AADC00002BFBD02B60F9E7E8FC002070B50500DB
:10AAEC00080011000022064C22601A00FEF7F6FE48
:10AAFC00431C00D070BD2368002BFBD02B60F9E702
:10AB0C00E8FC002070B50500080011000022064C7E
:10AB1C0022601A00FEF7BEFE431C00D070BD2368F5
:10AB2C00002BFBD02B60F9E7E8FC0020002370B56C
:10AB3C00064C050008002360FEF790FE431C00D075
:10AB4C0070BD2368002BFBD02B60F9E7E8FC0020DC
:10AB5C0070B50500080011000022064C22601A0096
:10AB6C00FEF7A8FE431C00D070BD2368002BFBD061
:10AB7C002B60F9E7E8FC0020014B18687047C046D1
:10AB8C0074DE00207047C0467047C0467047C04610
:10AB9C007047C046802310B55B01082801D118000E
:10ABAC0010BDFFF7E9FF16230360173BF7E7C0461C
:10ABBC00030084469B070BD00300032102E0013302
:10ABCC000B4206D01A78002AF9D16246981A7047BF
:10ABDC00030019680C4A0D488A188A4302420FD1A7
:10ABEC005968094A04338A188A43024208D15968C1
:10ABFC00054A04338A188A430242F1D000E001333B
:10AC0C001A78002AFBD1E0E7FFFEFEFE80808080F0
:10AC1C00F0B5C646050000B5804608200C00FFF7CD
:10AC2C00B9FF06002800FFF7ADFC224F3100BB68CE
:10AC3C005D6803239D4328001138001B8019FCF725
:10AC4C002DFD441E7443A64207DC00214046FFF74D
:10AC5C006DFFBB685B19984206D04046FFF79AFC23
:10AC6C00002080BCB846F0BD40466142FFF75EFF55
:10AC7C0001300DD001222D1BBB6815430E4A5D60BF
:10AC8C00136840461B1B1360FFF784FC0120E8E7A8
:10AC9C0000214046FFF74AFFBA68831A0F2BDCDD10
:10ACAC00064C05492468001B086001210B435360C6
:10ACBC00D3E7C04660DA002058E2002058DA0020C2
:10ACCC00F0B5C6460C00804600B5002940D0FFF711
:10ACDC0059FC210008394E68012533000320AB4391
:10ACEC00CA189446526882432800304007006448D2
:10ACFC008468644500D171E064466260A41864689D
:10AD0C002C40002F27D10E685E4F891B9B198E6833
:10AD1C00BE4256D0CF68F760BE60002C1DD0624694
:10AD2C001D434D6013608022920093422DD2DA08AD
:10AD3C005C090123A340446823434360D3001B18E0
:10AD4C009A68CB608A609960D1604046FFF722FC1C
:10AD5C0080BCB846F0BD002C0FD19B186246012474
:10AD6C009268484D1C43CE18AA4259D06546ED68EE
:10AD7C00D560AA604C603360D5E7624635434D60C0
:10AD8C001360802292009342D1D35A0A042A3DD8F0
:10AD9C009A09140039323834D60086193268083EC4
:10ADAC000325964203D14CE09268964203D050683A
:10ADBC00A8439842F8D8D668CE608A60B160D1605A
:10ADCC00C3E7002C33D1D218604663468068DB6839
:10ADDC001543C36098604D608A50B6E79A18002FEF
:10ADEC0006D10B68C91A8C68D218CB68E3609C60DA
:10ADFC00012313434B60244B81601B689342A4D8FE
:10AE0C00224B40461968FFF703FF9EE7142A13D91B
:10AE1C00542A1DD81A0B14006F326E34D600BCE7BE
:10AE2C00D1609160CA608A604C6033608DE7624685
:10AE3C001D434D60136088E714005C325B34D60010
:10AE4C00ABE70123A410A340446823434360B3E75A
:10AE5C00AA246400A24205D8DA0B140078327734A5
:10AE6C00D6009AE70A4CA24205D89A0C14007D32FF
:10AE7C007C34D60091E7FE267E24B6008DE7C046D2
:10AE8C0060DA002068DA00205CDA002080E2002022
:10AE9C005405000070B505000C1E42D0002802D0ED
:10AEAC00436B002B49D0FFF763FD01210C22A35EFD
:10AEBC00626E0A4231D19B0542D521002800FFF772
:10AECC0071FBE36A0600002B04D02800E169984767
:10AEDC00002828DBA3891B062AD4216B002908D063
:10AEEC0023004033994202D02800FFF7E9FE0023EB
:10AEFC002363616C002904D02800FFF7E1FE0023D6
:10AF0C0063640023A381636EDB0728D5A06DFFF774
:10AF1C003BFEFFF735FD300070BD002BCDD1FFF7A8
:10AF2C002FFD0026F7E70126A38976421B06D4D510
:10AF3C0028002169FFF7C4FECFE7FFF7FDFCB2E75D
:10AF4C00A06DFFF723FE0C22A35E002BB5D10122CE
:10AF5C00636E1342E3D1A06DFFF71AFEDFE7A06D1D
:08AF6C00FFF716FED2E7C04614
:10AF7400030002689446EFF3108272B660460068DC
:10AF84000028FBD0BFF35F8F0420185600280BDB8A
:10AF9400002910D0086000201B68BFF35F8F0021D8
:10AFA400196082F310887047D0210906097849B2E4
:10AFB40019710120F0E70020EEE70000F8B5040065
:10AFC40015001E000368002B20D0D0231B061B781D
:10AFD4005BB21F002368EFF3108172B61868002873
:10AFE400FCD0BFF35F8F0423E356002B14DB2368EC
:10AFF400BFF35F8F00221A6081F3108828003100AC
:10B00400FBF78EFD0028E5D000200EE0074B084A30
:10B014000848A621FEF76CFC27712368BFF35F8FF5
:10B0240000221A6081F310880120F8BD44CD00206D
:10B0340084D70020FCCC002070B582B00600150037
:10B044001C0001A9FFF794FF002807D1019B5BB204
:10B05400D0221206127852B2934201D102B070BDCE
:10B064002A0023003000FFF7A9FFF7E710B50168B5
:10B07400EFF3108372B60A68002AFCD0BFF35F8F27
:10B0840004228256002A0ADBFF2202710268BFF3FF
:10B094005F8F0021116083F3108840BF10BD034B04
:10B0A400034A0448D521FEF723FCC04658CD0020AE
:10B0B40078D70020FCCC002070B50D0014001E00D1
:10B0C4001A0008E0002B06D0C168490703D581683F
:10B0D4002170013B0134190011430DD0002AF1D035
:10B0E400C1688907EED5110008319942EAD9297857
:10B0F4008160013A0135E5E7300070BD10B50C0000
:10B104001100002205E0C3689B07FCD5A35C8360A3
:10B1140001328A42F7D300E08368C3685B07FBD43B
:10B12400C368DB06FCD400E08368C3685B07FBD418
:10B1340001230362080010BD094B1B78002B08D0C3
:10B144000CE09A00802149055118086805495050BF
:10B1540001333F2BF5DD024B01221A707047C046C4
:10B16400940E02209CEB002010B5014B984710BDB3
:10B174009DEB0020002206E0930006495918496817
:10B18400C31859600132052AF6D9A0235B051B6850
:10B19400036070470000024010B5002207E09300EE
:10B1A400C1184968054CA446634459600132052A14
:10B1B400F5D90268A0235B051A6010BD00000240A7
:10B1C400F0B5D6464F464646C0B588B081460A001B
:10B1D4008A464A4480235B049A4238D818273B881D
:10B1E400142630882049984704003B8830881F493A
:10B1F400984705003B8830881D49984780463B881E
:10B2040030881C4998470600002C26D0002D24D0F5
:10B214004346002B21D000281FD0FFF78DFF01AF3C
:10B224003800FFF7A7FFA047A8478022D82352027F
:10B2340051464846C047B047FFF796FF3800FFF72E
:10B24400ABFF08B0E0BCBA46B146A846F0BD0A4B15
:10B254000A4A0B48D521FEF74BFB0A4B074A08481C
:10B26400DD21FEF745FBC046494600004558000075
:10B274005245000046430000B4D3002070D900209A
:10B2840068D30020E0D30020F0B5DE4657464E4692
:10B294004546E0B589B081468A4693464A448023B0
:10B2A4005B049A4237D818273B88142630882049F3
:10B2B400984704003B8830881E49984705003B881E
:10B2C40030881D49984780463B8830881B499847F9
:10B2D4000600002C25D0002D23D04346002B20D07F
:10B2E40000281ED0FFF728FF01AF3800FFF742FF08
:10B2F400A047A8475A4651464846C047B047FFF7BB
:10B3040033FF3800FFF748FF09B0F0BCBB46B24634
:10B31400A946A046F0BD0A4B0A4A0B48F421FEF7A1
:10B32400E7FA0A4B074A0848FC21FEF7E1FAC0464F
:10B3340049460000455800005250000046430000B2
:10B34400B4D300205CD9002068D3002048D4002066
:10B35400F0B5D6464F464646C0B588B082460D0085
:10B3640014001826338814273888324998478146B0
:10B3740033883888304998478046338838882F493D
:10B38400984707004B46002B17D04346002B14D098
:10B39400002812D0FFF7D0FE01A8FFF7EBFEC84744
:10B3A400C047274B1A6880239B005340C022920059
:10B3B4001340244A1360210010E0234B234A2A211E
:10B3C4002348FF31FEF794FA002B07D0002905D05B
:10B3D400C0235B051B6E2B700139013523000B4321
:10B3E40014D0C0235B059A6A082313409207EBD557
:10B3F400002CE9D00A1B0D2AE6D856463078C02224
:10B4040052051066013C721C9246DDE70C4B1A682B
:10B41400C0239B0093430B4A1360B847FFF7A4FE75
:10B4240001A8FFF7B9FE08B0E0BCBA46B146A84689
:10B43400F0BDC046494600004558000046430000A0
:10B444000C8001400C900140B4D400204CD9002061
:10B4540068D30020307800004F4B554200000000B4
:10B464000D0A65787465726E616C204553502D52D7
:10B4740045534554206465746563746564210D0AFD
:10B484007265626F6F74696E6720696E2035302053
:10B49400736563732121210D0A000000636C6561EB
:10B4A4006E000000534157204552524F5253000042
:10B4B40050415353000000004641494C0000000035
:10B4C4007370692062656E63682025732025753A60
:10B4D40020257520487A2028636C6B5F706572693B
:10B4E400202575002C2075736220706C6C206662B8
:10B4F400646976202575207064202575782575008B
:10B50400292C202575206672616D65732C206D6968
:10B51400736F206F6B202575206261642025752C64
:10B52400207374616C652025752C20786665722003
:10B534006661696C2025752C206F666673657420BE
:10B5440025752D2575206F662025752C2065737053
:10B554002025732C2025730D0A0000000D0A2A2AC9
:10B564002A207468652070726576696F757320622D
:10B574006F6F7420656E64656420696E2061204875
:10B58400415244204641554C54206F6E20636F72E3
:10B59400652025752C206372617368202575202A27
:10B5A4002A2A0D0A00000000202020207063202594
:10B5B40030387820206C7220253038782020707341
:10B5C4007220253038782020737020253038780D8B
:10B5D4000A000000202020207230202530387820F6
:10B5E40020723120253038782020723220253038DE
:10B5F4007820207233202530387820207231322090
:10B60400253038780D0A0000666C61736820667214
:10B61400656520737061636520616464723A2030EB
:10B6240078253038780D0A666C61736820656E641D
:10B6340020616464723A203078253038780D0A66C7
:10B644006C61736820667265652073706163652040
:10B6540073697A653A2030782530387820627974B5
:10B6640065730D0A000000007637207073322041A4
:10B67400756720323720323032362030373A31384D
:10B684003A3539006F7461206D61703A20617070D1
:10B694002030782530367820676F6C64656E2030F2
:10B6A40078253036782073746167696E6720307846
:10B6B40025303678206D65746120307825303678F1
:10B6C400206573702030782530367820656E6420CC
:10B6D4003078253036780D0A000000006F74612040
:10B6E4006170702073697A653A20257520627974D7
:10B6F40065730D0A000000006F746120626F6F743F
:10B7040020636865636B3A2025730D0A000000000E
:10B714006F7461206D6574613A207374617465207F
:10B72400257520617474656D7074732025752067A8
:10B734006F6C64656E20257520627974657320735F
:10B74400746167696E672025752062797465730D6D
:10B754000A0000004857762573207061636B657496
:10B76400732073656E6465643A2030782578000030
:10B774006E6F2067726F756E64207468726F756780
:10B78400682069740000000042524944474544203F
:10B79400746F20697473206E65696768626F75726F
:10B7A4000000000077696C6C206E6F74206F706508
:10B7B4006E0000006F70656E7320616E6420636CB0
:10B7C4006F73657300000000442B2F444154000044
:10B7D400442D2F434C4B000025732025730000009B
:10B7E4004E4F542075700000523720686F6C64739C
:10B7F40020697420257300006120736E69666620D9
:10B804006C696E652077696C6C206E6F74206D6F47
:10B8140076650000626F7468206C696E65732066DB
:10B824006F6C6C6F770000006E6F742072657175B9
:10B83400657374656400000055312053454C202520
:10B8440075204F4520257520726573746F72656489
:10B8540000000000616C6C20666F6C6C6F770000F8
:10B86400616C6C2064726976650000006E6F206202
:10B8740072696467657320666F756E64000000000A
:10B88400257320746F202573000000002575207037
:10B89400696E732C20257300746F67676C65730081
:10B8A400535455434B0000005250313420746F20E0
:10B8B40045535020494F39202573000045535020EB
:10B8C400494F3820746F20525031352025730000C1
:10B8D4002575206672616D65732C20257520626163
:10B8E400642C206F66667365742025750000000063
:10B8F400666C617368204A454445432069643A2074
:10B9040025303278202530327820253032780D0ADF
:10B9140000000000666C6173682073697A652064B6
:10B92400657465637465643A20554E4B4E4F574EAB
:10B934002C20636170616369747920636F6465208E
:10B94400307825303278206973206F7574206F66E3
:10B954002072616E67650D0A00000000666C6173F9
:10B96400682073697A652064657465637465643AF4
:10B9740020257520627974657320282575204D4231
:10B98400290D0A00666C6173682073697A65206307
:10B994006F6E666967757265643A202575206279F1
:10B9A40074657320282575204D42290D0A00000076
:10B9B4005741524E494E473A20666C617368207372
:10B9C400697A65206D69736D617463682C2066699A
:10B9D40078205049434F5F464C4153485F53495A7E
:10B9E400455F425954455320696E20434D616B6550
:10B9F4004C697374732E7478740D00005533206A87
:10BA0400656465632025303278202530327820251E
:10BA1400303278002575204D422C206275696C64A3
:10BA24002077616E7473202575204D42000000005C
:10BA3400346B206174203078253036782C202575BD
:10BA44002062616400000000727020696D616765A6
:10BA540020434F4E4649524D4544206865616C74FD
:10BA640068792C20726F6C6C6261636B20646973FB
:10BA740061726D65640D0000727020696D616765A7
:10BA8400206F6666657265643A2025752062797454
:10BA940065732063726320253038782C20636170CD
:10BAA400747572652053555350454E4445440D0AF0
:10BAB40000000000727020696D6167652074726116
:10BAC4006E736665722041424F525445442061743E
:10BAD40020626C6F636B2025752028617474656D1A
:10BAE4007074202575292C2063617074757265202B
:10BAF400524553554D45440D0A00000072702069AB
:10BB04006D61676520435243204D49534D41544371
:10BB1400483A20676F74202530387820657870653E
:10BB24006374656420253038782C206469736361FC
:10BB3400726465642028617474656D707420257561
:10BB4400292C206361707475726520524553554DDC
:10BB540045440D0A00000000727020696D6167653C
:10BB640020535441474544206F6B3A202575206289
:10BB7400797465732C20257520626C6F636B732C4C
:10BB84002063726320253038782C202575206D734E
:10BB94002C206361707475726520524553554D4570
:10BBA400440D0A00727020636F6D6D6974205245F4
:10BBB40046555345443A2073746167696E67206340
:10BBC400726320646F6573206E6F74206D6174639B
:10BBD4006820746865206D657461646174610D002A
:10BBE400727020636F6D6D697420524546555345DC
:10BBF400443A206170702073697A65202575206449
:10BC04006F6573206E6F7420666974207468652094
:10BC1400736C6F740D0A0000727020636F6D6D6930
:10BC2400743A206261636B696E67207570202575B4
:10BC340020627974657320746F20676F6C64656E1D
:10BC44002C20636170747572652053555350454EB2
:10BC54004445440D0A000000727020636F6D6D69E5
:10BC6400742041424F525445443A20676F6C6465D6
:10BC74006E206261636B757020646964206E6F74FA
:10BC8400207665726966792C206E6F7468696E67B8
:10BC940020776173206170706C6965640D00000029
:10BCA400727020636F6D6D69743A206170706C7985
:10BCB400696E67202575206279746573206F7665D7
:10BCC4007220746865206170702C20444F204E4FA0
:10BCD4005420504F574552204F46460D0A0000004D
:10BCE400727020636F6D6D697420646964204E4FB7
:10BCF40054207665726966792C20746865206E65B7
:10BD0400787420626F6F7420726574726965732031
:10BD140066726F6D2073746167696E670D00000051
:10BD2400727020636F6D6D697420646F6E652C2072
:10BD34007265626F6F74696E6720696E746F2074C8
:10BD44006865206E657720696D6167650D00000088
:10BD54002573202575206B487A00000064696520EE
:10BD640025642E2530317520430000006E6F742049
:10BD7400666974746564206F6E20746869732076D4
:10BD8400617269616E740000257520626175642CAE
:10BD94002074782025752072782025750000000015
:10BDA40076616C6964000000626C616E6B206F7276
:10BDB400207374616C6500004E4F54207265737477
:10BDC4006F72656400000000616C6C2072657374AE
:10BDD4006F7265640000000073656C66207465739F
:10BDE400742072756E2025753A20636170747572C3
:10BDF400652053555350454E4445442C206F707470
:10BE0400696F6E7320253032780D0A007625732011
:10BE14002573000070733200737472617073207242
:10BE240065616420257300005534205443584F0045
:10BE3400636C6B5F73797300636C6B5F70657269BD
:10BE440000000000636C6B5F75736200636C6B5F72
:10BE540061646300726F7363000000004C454432F8
:10BE64002C205250204750494F32360073656C667F
:10BE7400207465737420646F6E652C206361707424
:10BE840075726520524553554D45440D0000000020
:10BE94007370692062656E63683A20746865206512
:10BEA400737020646964206E6F742061636B6E6FBD
:10BEB400776C656467652025732025752C20676978
:10BEC40076696E672075700D0A0000007370692032
:10BED40062656E63683A20746865206573702064D7
:10BEE4006964206E6F742061636365707420746884
:10BEF4006520636F6E6669726D6174696F6E20731D
:10BF0400746172740D0000007370692062656E6361
:10BF1400683A20636F6E6669726D696E6720257575
:10BF240020487A20666F72202575206D732C20744A
:10BF340068697320697320746865206E756D626525
:10BF440072207468617420636F756E74730D0A00D7
:10BF54007370692062656E636820636F6E666972D0
:10BF64006D3A2025752F2575206D732C202575209D
:10BF74006672616D65732C206D69736F20626164F4
:10BF84002025752C207374616C652025752C207810
:10BF9400666572206661696C2025752C206F666663
:10BFA400736574206D61782025750D0A000000000A
:10BFB4007370692062656E63683A207468652065F1
:10BFC4007370206E6576657220746F6F6B20746871
:10BFD400652066696E616C20636F6E6669726D615F
:10BFE40074696F6E20726573756C740D00000000C7
:10BFF4007370692062656E63683A207468652065B1
:10C0040073702073746F707065642061636B6E6FFE
:10C01400776C656467696E672074686520636F6E0A
:10C024006669726D6174696F6E2C2073746F7070C1
:10C03400696E670D000000007370692062656E63AD
:10C04400683A20746865206573702064726F70703C
:10C054006564206F7574206F662074686520636F53
:10C064006E6669726D6174696F6E2C2073746F7083
:10C0740070696E670D00000053797374656D2063F9
:10C084006C6F636B206F66202575206B487A206384
:10C09400616E6E6F742062652065786163746C797B
:10C0A400206163686965766564000000444F554209
:10C0B4004C454420666F7220746869732072756EF3
:10C0C40000000000636F756C64204E4F542062655D
:10C0D40020646F75626C656400000000312E33309B
:10C0E40020560000312E31302056000075617274E4
:10C0F40000000000737069007468652072657175D2
:10C1040065737465642072616E6765206973206568
:10C114006D70747900000000746865206573702088
:10C124006E6576657220616E737765726564000072
:10C134002C20746865206E657874206F6E65207598
:10C1440070206661696C6564000000002C206E6FCD
:10C154007468696E672061626F7665206974206611
:10C1640061696C65640000007370692062656E63C8
:10C17400683A2073797374656D20636C6F636B2008
:10C1840025732C206E6F7720257520487A2C206328
:10C194006F72652025730D0A00000000257320626C
:10C1A400656E63682072756E2025753A2063617030
:10C1B400747572652053555350454E4445442C20A4
:10C1C400257520636F6172736520737465707320C5
:10C1D4006F66202575206D73206F76657220257536
:10C1E4002D2575206B487A2C20636F6E6669726DFD
:10C1F400202575206D732C2025752073746570209F
:10C20400646F776E732C20636C6B5F737973202576
:10C214007520487A2C20636C6B5F70657269206EA0
:10C224006F726D616C6C7920257520487A0D0A0057
:10C2340025732062656E63682061626F7274656441
:10C244003A2025730D0A00007370692062656E63DD
:10C25400683A20524553554D494E4720636F6E66E8
:10C2640069726D6174696F6E2066726F6D202575D9
:10C2740020487A2061667465722061207265736556
:10C28400740D0A0073746570000000002573206249
:10C29400656E63683A206869676865737420636CC7
:10C2A40065616E207261746520257520487A257356
:10C2B4000D0A0000726566696E650000737069207E
:10C2C40062656E63683A20434F4E4649524D454479
:10C2D40020257520487A206F766572202575206D9B
:10C2E400732C202575206672616D65732C206E6F2A
:10C2F4007468696E67206C6F73740D0A0000000027
:10C304007370692062656E63683A20257520487AE7
:10C3140020646964204E4F54207375727669766583
:10C324002074686520636F6E6669726D6174696FED
:10C334006E2C2064726F7070696E67206120737454
:10C3440065700D0A000000007370692062656E63F9
:10C354006820646F6E652C2063617074757265204B
:10C36400524553554D45442C20636C6B5F73797370
:10C3740020257520487A2C20636C6B5F7065726988
:10C3840020257520487A2C20737069202575204853
:10C394007A0D0A0055500000444F574E000000002B
:10C3A40020286573702073696C656E742C206E6F21
:10C3B400742064726976696E67206D69736F207981
:10C3C4006574290065737020776966692025732C6C
:10C3D40020616464726573732025752E25752E257E
:10C3E400752E25750D0A0000657370206C696E6BDF
:10C3F4002025732C20657370206677207625752C94
:10C4040020706F6C6C73206F6B20257520666169DA
:10C414006C65642025750D0A0000000065737020AA
:10C42400706F6C6C73206F6B202575206661696C6E
:10C434006564202575202874696D656F75742025E1
:10C4440075206261646672616D65202575292C20F2
:10C454006672616D65206F6666736574202575204C
:10C46400286D696E202575206D6178202575206FF3
:10C4740066202575292C20757074696D65202575D5
:10C48400206D730D0A0000006C6173742062616496
:10C49400206672616D653A2025303278202530326D
:10C4A40078202530327820253032782025303278B3
:10C4B40020253032782025303278202530327820FB
:10C4C40025303278202530327820253032782025E6
:10C4D40030327820253032782025303278202530CB
:10C4E40032782025303278202E2E2E207461696C0B
:10C4F400202530327825730D0A000000776562200C
:10C5040072657175657374656420424F4F54534569
:10C514004C2C207265626F6F74696E6720696E744B
:10C524006F2074686520626F6F746C6F61646572EC
:10C534002066726F6D20636F726520300D000000FD
:10C544007765622072657175657374656420612016
:10C5540072657365742C207265626F6F74696E679F
:10C5640020746865205250202874686973207265AD
:10C5740073657473207468652045535020746F6F1D
:10C58400290D0000534C4156452052454144592140
:10C594000000000045535020736C617665206E6F77
:10C5A400742061726D6564207965742C20746865EB
:10C5B40020706F6C6C206C6F6F702077696C6C20CE
:10C5C4006B656570207265747279696E670000002E
:10C5D4002028524557494E442044495341424C4532
:10C5E4004429000025732020200D0A007073322096
:10C5F40073706920726577696E64204449534142BF
:10C604004C454420616674657220257520726577F7
:10C61400696E647320696E202575207265636F727C
:10C6240064732C2066616C6C696E67206261636B55
:10C634000D0A000070733220737069207265747281
:10C64400696564202575206F6620257520726563F1
:10C654006F7264732C20257520686F6C657320726B
:10C664006566696C6C656425730D0A00707332200D
:10C6740072696E67627566662064726F7070656455
:10C6840020257520627974657320284553502064F1
:10C694006F776E20746F6F206C6F6E672C206C6FD9
:10C6A40067206261636B6564207570290D0A000060
:10C6B4000D0A77616974696E67203530207365638C
:10C6C400732E2E2E0D0A0000303000004861726473
:10C6D400776172652076657273696F6E3A203030C7
:10C6E40000000000303100004861726477617265B7
:10C6F4002076657273696F6E3A2030310000000055
:10C704003130000048617264776172652076657229
:10C7140073696F6E3A20313000000000313100003F
:10C7240048617264776172652076657273696F6EB1
:10C734003A2031310000000046460000486172642E
:10C74400776172652076657273696F6E3A2046462A
:10C754002028626F746820666C6F6174696E672943
:10C764000000000030460000486172647761726521
:10C774002076657273696F6E3A2030462028412016
:10C784006C6F772C204220666C6F6174696E672928
:10C7940000000000314600004861726477617265F0
:10C7A4002076657273696F6E3A20314620284120E5
:10C7B400686967682C204220666C6F6174696E67D3
:10C7C4002900000046300000486172647761726598
:10C7D4002076657273696F6E3A20463020284120B6
:10C7E400666C6F6174696E672C2042206C6F7729C8
:10C7F4000000000046310000486172647761726590
:10C804002076657273696F6E3A2046312028412084
:10C81400666C6F6174696E672C2042206869676872
:10C8240029000000554B000048617264776172650D
:10C834002076657273696F6E3A20556E6B6E6F77F2
:10C844006E0000004669726D7761726520766572CC
:10C8540073696F6E3A207625730D0A000D0A2A2A31
:10C864002A2048415244204641554C54206F6E20A2
:10C87400636F726520000000202A2A2A0D0A000036
:10C88400202070632020000020206C7220200000F3
:10C89400202070737220000020207370202000007C
:10C8A4007265626F6F74696E670D0A0030373A31D2
:10C8B400383A35390000000041756720323720329C
:10C8C400303236000D0A6F6B686920505332207382
:10C8D4007461727465642120486172647761726561
:10C8E400207625730D0A4275696C64204461746571
:10C8F4002025732025730D0A0000000053504920A1
:10C904004D6F646520303A20252E3266204D487ADA
:10C9140020282564290D0A00434C4B5F4750494F9A
:10C924003A2025640D0A00004441545F4750494FA2
:10C934003A2025640D0A00004A4D505F41555820A5
:10C944004432483A2025640D0A0000004A4D505FE5
:10C95400415558204832443A2025640D0A0000000D
:10C9640025633A30782530325820743A30782530AF
:10C974003858203B200000006E6F742072756E00E2
:10C984004D415020444F4553204E4F542046495466
:10C994002054484520444554454354454420464C7E
:10C9A400415348006E6F206D657461646174612049
:10C9B4007965742C20666972737420626F6F7400D9
:10C9C40069646C652C206E6F7468696E672070658D
:10C9D4006E64696E67000000676F6C64656E207238
:10C9E4006573746F7265642C207265626F6F74690D
:10C9F4006E670000676F6C64656E20756E75736199
:10CA0400626C652C2073746179696E67206F6E2087
:10CA14007468652063757272656E7420617070004D
:10CA2400636F6D6D697474656420696D61676520F9
:10CA34006F6E20747269616C00000000696E746529
:10CA44007272757074656420636F6D6D69742072A1
:10CA5400656170706C6965642066726F6D207374B3
:10CA64006167696E672C207265626F6F74696E67A7
:10CA740000000000696E74657272757074656420DC
:10CA8400636F6D6D697420636F756C64206E6F7471
:10CA94002062652072656170706C6965642C207217
:10CAA4006F6C6C696E67206261636B00474F4C4426
:10CAB400454E20524553544F524520444944204E3C
:10CAC4004F54205645524946592C2077696C6C20A6
:10CAD4007265747279206F6E206E65787420626F4F
:10CAE4006F74000061636365737320706F696E74A3
:10CAF40000000000636C69656E7400006A6F696E03
:10CB0400696E6700555353454C00000055534F451B
:10CB140000000000736E69666620442B2F44415464
:10CB240000000000736E69666620442D2F434C4B51
:10CB3400000000004750494F300000004750494F63
:10CB4400310000004750494F320000004750494F20
:10CB5400330000004750494F360000004750494F0A
:10CB6400370000004750494F3138000053504920E6
:10CB74004353000045424F4F540000004C4544329B
:10CB840000000000554E4B4E4F574E0021656E611C
:10CB9400626C6564207C7C206972715F6861735F7C
:10CBA40068616E646C657228494F5F4952515F42F7
:10CBB400414E4B3029000000433A2F557365727380
:10CBC4002F72656775652F2E7069636F2D73646BA3
:10CBD4002F73646B2F322E332E302F7372632F72A8
:10CBE40070325F636F6D6D6F6E2F68617264776111
:10CBF40072655F6770696F2F6770696F2E630000DD
:10CC04000A2A2A2A2050414E4943202A2A2A0A0065
:10CC140068775F69735F636C61696D6564286269D5
:10CC240074732C206269745F696E646578290000EE
:10CC3400433A2F55736572732F72656775652F2E8E
:10CC44007069636F2D73646B2F73646B2F322E3393
:10CC54002E302F7372632F636F6D6D6F6E2F68614B
:10CC64007264776172655F636C61696D2F636C6177
:10CC7400696D2E630000000030783163203D3D2053
:10CC8400282A696E7374293E3E3131750000000014
:10CC9400433A2F55736572732F72656775652F2E2E
:10CCA4007069636F2D73646B2F73646B2F322E3333
:10CCB4002E302F7372632F7270325F636F6D6D6FDE
:10CCC4006E2F68617264776172655F6972712F6932
:10CCD40072712E630000000064656C7461203E3D37
:10CCE400202D323034382026262064656C7461206F
:10CCF4003C3D203230343620262620212864656CC1
:10CD04007461202620312900212864656C74612017
:10CD14003E3E20313175290063757272656E742050
:10CD24003D3D205F5F756E68616E646C65645F7520
:10CD34007365725F697271207C7C206375727265A1
:10CD44006E74203D3D2068616E646C657200000065
:10CD54006972715F68616E646C65725F6368616952
:10CD64006E5F667265655F736C6F745F686561643E
:10CD7400203E3D2030000000767461626C655F687F
:10CD8400616E646C6572203D3D205F5F756E686105
:10CD94006E646C65645F757365725F6972710000BF
:10CDA400212828282875696E747074725F7429723A
:10CDB400656D6F76655F7468756D625F626974280E
:10CDC400767461626C655F68616E646C6572292952
:10CDD400202D20282875696E747074725F74296917
:10CDE40072715F68616E646C65725F636861696EBD
:10CDF4005F736C6F7473292920252073697A656FBA
:10CE04006628737472756374206972715F68616EE9
:10CE1400646C65725F636861696E5F736C6F7429BB
:10CE24002900000021657863657074696F6E207C49
:10CE34007C20657863657074696F6E203D3D206E5B
:10CE4400756D202B20565441424C455F4649525340
:10CE5400545F49525100000066616C736500000024
:10CE640069735F7368617265645F6972715F72612F
:10CE7400775F68616E646C657228736C6F745F6849
:10CE8400616E646C65722900657863657074696F9E
:10CE94006E000000666F756E6400000031203D3D39
:10CEA400202875696E747074725F74296C2D3E73DA
:10CEB40070696E5F6C6F636B00000000433A2F551E
:10CEC400736572732F72656775652F2E7069636F52
:10CED4002D73646B2F73646B2F322E332E302F73AC
:10CEE40072632F636F6D6D6F6E2F7069636F5F7305
:10CEF400796E632F6D757465782E6300746F746139
:10CF04006C0000006D74782D3E636F72652E737033
:10CF1400696E5F6C6F636B006C6F636B5F69735FEB
:10CF24006F776E65725F69645F76616C6964286DA2
:10CF340074782D3E6F776E65722900006D74782DBC
:10CF44003E656E7465725F636F756E7400000000F9
:10CF5400706F6F6C2D3E74696D65725F616C617288
:10CF64006D5F6E756D203D3D2074696D65725F6106
:10CF74006C61726D5F6E756D00000000433A2F5551
:10CF8400736572732F72656775652F2E7069636F91
:10CF94002D73646B2F73646B2F322E332E302F73EB
:10CFA40072632F636F6D6D6F6E2F7069636F5F7443
:10CFB400696D652F74696D652E6300006465666133
:10CFC400756C745F616C61726D5F706F6F6C5F69BB
:10CFD4006E697469616C697A6564282900000000CF
:10CFE400417474656D7074656420746F20736C652E
:10CFF400657020696E73696465206F6620616E20B8
:10D00400657863657074696F6E2068616E646C65C1
:10D01400723B2075736520627573795F77616974FB
:10D0240020696620796F75206D75737400000000A7
:10D03400486172647761726520616C61726D20254C
:10D044006420616C726561647920636C61696D65EB
:10D054006400000076636F5F66726571203E3D2058
:10D064005049434F5F504C4C5F56434F5F4D494EC0
:10D074005F465245515F485A2026262076636F5FEB
:10D0840066726571203C3D205049434F5F504C4CC3
:10D094005F56434F5F4D41585F465245515F485A72
:10D0A40000000000433A2F55736572732F72656751
:10D0B40075652F2E7069636F2D73646B2F73646BAA
:10D0C4002F322E332E302F7372632F7270325F63C0
:10D0D4006F6D6D6F6E2F68617264776172655F70DA
:10D0E4006C6C2F706C6C2E630000000066626469C7
:10D0F40076203E3D203136202626206662646976FD
:10D10400203C3D203332300028706F73745F6469B3
:10D114007631203E3D203120262620706F73745FC7
:10D1240064697631203C3D2037292026262028704A
:10D134006F73745F64697632203E3D203120262669
:10D1440020706F73745F64697632203C3D20372908
:10D15400000000007265665F66726571203C3D20C8
:10D164002876636F5F66726571202F20313629003F
:10D174002A282875696E74385F74202A292828287B
:10D18400766F6964202A29726F6D5F7461626C65C1
:10D194005F666C6F6174292D322929202A2034207E
:10D1A4003E3D2053465F5441424C455F56325F53E7
:10D1B400495A4500433A2F55736572732F72656758
:10D1C40075652F2E7069636F2D73646B2F73646B99
:10D1D4002F322E332E302F7372632F7270325F63AF
:10D1E4006F6D6D6F6E2F7069636F5F646F75626CC6
:10D1F400652F646F75626C655F696E69745F726FC9
:10D204006D5F7270323034302E6300002A28287526
:10D21400696E74385F74202A29726F6D5F7461625D
:10D224006C652D3229202A2034203E3D2053465F50
:10D234005441424C455F56325F53495A4500000001
:10D24400433A2F55736572732F72656775652F2E78
:10D254007069636F2D73646B2F73646B2F322E337D
:10D264002E302F7372632F7270325F636F6D6D6F28
:10D274006E2F7069636F5F666C6F61742F666C6F7D
:10D2840061745F696E69745F726F6D5F7270323062
:10D2940034302E6300000000416C6C206F707469A0
:10D2A4006D697A6174696F6E2064697361626C651B
:10D2B400640000004465627567000000626F6F746B
:10D2C400325F773235713038300000006874747022
:10D2D400733A2F2F6769746875622E636F6D2F74AC
:10D2E40068657265616C647265672F6F6B6869004D
:10D2F400322E332E300000006F6B6869000000008E
:10D30400666E692B00000000666E69006E616E0037
:10D31400666E692D000000002C2066756E637469CA
:10D324006F6E3A2000000000617373657274696F58
:10D334006E2022257322206661696C65643A20663A
:10D34400696C6520222573222C206C696E6520256A
:10D3540064257325730A0000554152542073746484
:10D36400696E000055415254207374646F757400E3
:10D374005541525420737464696E202F2073746471
:10D384006F7574006D757465785F69735F696E6934
:10D394007469616C697A656428266C6F636B6F7558
:10D3A400745F6D757465782900000000433A2F5549
:10D3B400736572732F72656775652F2E7069636F5D
:10D3C4002D73646B2F73646B2F322E332E302F73B7
:10D3D40072632F7270325F636F6D6D6F6E2F706941
:10D3E400636F5F6D756C7469636F72652F6D756CB7
:10D3F4007469636F72652E630000000076616C755A
:10D4040065203D3D203000002128737461636B5F0B
:10D4140073697A655F627974657320262033752990
:10D424000000000070726F6772616D2D3E6C656E56
:10D43400677468203C3D2050494F5F494E53545215
:10D44400554354494F4E5F434F554E54000000001E
:10D45400433A2F55736572732F72656775652F2E66
:10D464007069636F2D73646B2F73646B2F322E336B
:10D474002E302F7372632F7270325F636F6D6D6F16
:10D484006E2F68617264776172655F70696F2F7067
:10D49400696F2E63000000004E6F2050494F2073C7
:10D4A40074617465206D616368696E65732061726F
:10D4B4006520617661696C61626C6500636F6E6E94
:10D4C4006563745F696E7465726E616C5F666C61CE
:10D4D40073685F66756E6320262620666C617368C8
:10D4E4005F657869745F7869705F66756E6320261E
:10D4F4002620666C6173685F666C7573685F636130
:10D504006368655F66756E6320262620666C6173AA
:10D51400685F656E7465725F636D645F7869705F80
:10D5240066756E6300000000433A2F55736572738D
:10D534002F72656775652F2E7069636F2D73646B29
:10D544002F73646B2F322E332E302F7372632F722E
:10D5540070325F636F6D6D6F6E2F68617264776197
:10D5640072655F666C6173682F666C6173682E63A5
:10D5740000000000666C6173685F6F666673202B41
:10D5840020636F756E74203C3D205049434F5F46C5
:10D594004C4153485F53495A455F425954455300DF
:10D5A400636F6E6E6563745F696E7465726E616CD1
:10D5B4005F666C6173685F66756E632026262066FD
:10D5C4006C6173685F657869745F7869705F6675AC
:10D5D4006E6320262620666C6173685F72616E67D5
:10D5E400655F65726173655F66756E6320262620CC
:10D5F400666C6173685F666C7573685F63616368AA
:10D60400655F66756E630000636F6E6E6563745F5D
:10D61400696E7465726E616C5F666C6173685F6677
:10D62400756E6320262620666C6173685F65786971
:10D63400745F7869705F66756E6320262620666C59
:10D644006173685F72616E67655F70726F67726144
:10D654006D5F66756E6320262620666C6173685F55
:10D66400666C7573685F63616368655F66756E6336
:10D6740000000000636F6E6E6563745F696E7465AD
:10D68400726E616C5F666C6173685F66756E632051
:10D69400262620666C6173685F657869745F7869B3
:10D6A400705F66756E6320262620666C6173685F02
:10D6B400666C7573685F63616368655F66756E63E6
:10D6C40000000000B8C70020C0C70020E4C7002045
:10D6D40000C8002018C8002034C8002060C80020FA
:10D6E4007CC80020B4C80020ECC800200000000062
:10D6F4006410B71DC8206E3BAC30D9269041DC764F
:10D70400F4516B6B5861B24D3C7105502083B8EDF8
:10D7140044930FF0E8A3D6D68CB361CBB0C2649B1C
:10D72400D4D2D38678E20AA01CF2BDBD24C900205D
:10D7340034C900203CC90020303132333435363707
:10D744003839616263646566000000000800000007
:10D7540044C90020090000004CC900201400000046
:10D7640054C900201500000064C900200000000016
:10D7740074C90020010000007CC9002002000000E0
:10D7840084C90020030000008CC9002006000000AA
:10D7940094C90020070000009CC90020120000006A
:10D7A400A4C900200D000000ACC900200E00000038
:10D7B400B4C900201A000000BCC900204F4B5542D8
:10D7C40080250000004B00000096000000E10000EE
:10D7D4008024010000C20100008403000008070047
:10D7E40000100E0040420F0060E3160080841E000B
:10D7F400C0C62D004F4B484940D6002007FF00000B
:10D804003EE0E8A0426065000000410000C0000066
:10D8140058D6002010FF0000C3A025E0C10042003C
:10D82400A120212027E0A121014021214700A1219D
:10D8340000802120A121212180D600200FFF00009B
:10D84400C000C3A02120A12027E021210140A12163
:10D8540045002121C0010080A1202121A120000038
:10D86400A8D600200BFF0000C3A03EE0C100C10009
:10D87400420000C0A120014046A0600001C0000099
:10D884006770696F5F7365745F6972715F656E61FC
:10D89400626C65640000000068775F636C61696DA9
:10D8A4005F636C65617200006972715F6164645FDB
:10D8B4007461696C5F746F5F667265655F6C6973D0
:10D8C40074000000696E736572745F626C5F33325A
:10D8D400000000006972715F72656D6F76655F6844
:10D8E400616E646C657200006D616B655F6A5F31C7
:10D8F400360000007265736F6C76655F6A5F31365F
:10D90400000000006972715F6164645F7368617232
:10D9140065645F68616E646C657200006972715F52
:10D924007365745F6578636C75736976655F686148
:10D934006E646C65720000006D757465785F65785F
:10D94400697400006D757465785F656E7465725FE7
:10D95400626C6F636B5F756E74696C0072756E7464
:10D96400696D655F696E69745F6D757465780000D3
:10D97400616C61726D5F706F6F6C5F6765745F641B
:10D98400656661756C740000616C61726D5F706FC7
:10D994006F6C5F6972715F68616E646C65720000C0
:10D9A400FFFFFFFFFFFFFF7F706C6C5F696E6974A0
:10D9B400000000005F5F61656162695F646F7562AA
:10D9C4006C655F696E6974005F5F61656162695F60
:10D9D400666C6F61745F696E697400000600525072
:10D9E400D3F07542D8D0002006005250D3F07542CF
:10D9F400F4D0002006005250E182887FFCD0002041
:10DA0400060052509A2356180CD10020060052509A
:10DA1400ABB3605330D1002006005250BBFF3CB67C
:10DA240038D1002006005250861C030238D1002051
:10DA3400060052505422A29DF8C600200500525000
:10DA4400DE65F4688CE20010000000000000F03F86
:10DA540000000000000024400000000000005940C5
:10DA64000000000000408F40000000000088C34018
:10DA740000000000006AF8400000000080842E418D
:10DA840000000000D01263410000000084D79741D9
:10DA94000000000065CDCD410D0A00000600525083
:10DAA40053B4F4A1B0D10020080052501242000037
:10DAB40008005250925200006D756C7469636F7265
:10DAC400655F6C61756E63685F636F7265315F7704
:10DAD4006974685F737461636B0000006D756C74C6
:10DAE40069636F72655F72657365745F636F726596
:10DAF4003100000066696E645F6F66667365745F0B
:10DB0400666F725F70726F6772616D00666C6173CD
:10DB1400685F646F5F636D645F637300666C6173F9
:10DB2400685F72616E67655F70726F6772616D00C6
:10DB3400666C6173685F72616E67655F657261735D
:10DB440065000000814A5D05FFFFFFFFFFFFFFFF47
:10DB5400FFFFFFFFFFFFFFFFFFFFFFFFFFFFFFFFD1
:10DB640009000000C4C900201000000000000000EB
:10DB7400000001000000000000000000000002009E
:10DB8400000000000000000000000300000000008E
:10DB9400000000000000FF000000000001B548681C
:10DBA40001318E460047704609380149884701BD56
:10DBB4003561002000000000FFFFFFFFFFFFFF7F33
:10DBC4000000000000000000000000000000000051
:10DBD40000000000C8E00020000000000000000079
:10DBE400503300004C330000543300005233000023
:10DBF4004D5300004D4300005334000043340000F3
:10DC0400159B0020B99B0020359B0020C99B002058
:10DC14000000000000010000FFFFFFFF0000020001
:10DC2400000000000000000060DA002060DA00203C
:10DC340068DA002068DA002070DA002070DA002048
:10DC440078DA002078DA002080DA002080DA0020F8
:10DC540088DA002088DA002090DA002090DA0020A8
:10DC640098DA002098DA0020A0DA0020A0DA002058
:10DC7400A8DA0020A8DA0020B0DA0020B0DA002008
:10DC8400B8DA0020B8DA0020C0DA0020C0DA0020B8
:10DC9400C8DA0020C8DA0020D0DA0020D0DA002068
:10DCA400D8DA0020D8DA0020E0DA0020E0DA002018
:10DCB400E8DA0020E8DA0020F0DA0020F0DA0020C8
:10DCC400F8DA0020F8DA002000DB002000DB002076
:10DCD40008DB002008DB002010DB002010DB002024
:10DCE40018DB002018DB002020DB002020DB0020D4
:10DCF40028DB002028DB002030DB002030DB002084
:10DD040038DB002038DB002040DB002040DB002033
:10DD140048DB002048DB002050DB002050DB0020E3
:10DD240058DB002058DB002060DB002060DB002093
:10DD340068DB002068DB002070DB002070DB002043
:10DD440078DB002078DB002080DB002080DB0020F3
:10DD540088DB002088DB002090DB002090DB0020A3
:10DD640098DB002098DB0020A0DB0020A0DB002053
:10DD7400A8DB0020A8DB0020B0DB0020B0DB002003
:10DD8400B8DB0020B8DB0020C0DB0020C0DB0020B3
:10DD9400C8DB0020C8DB0020D0DB0020D0DB002063
:10DDA400D8DB0020D8DB0020E0DB0020E0DB002013
:10DDB400E8DB0020E8DB0020F0DB0020F0DB0020C3
:10DDC400F8DB0020F8DB002000DC002000DC002071
:10DDD40008DC002008DC002010DC002010DC00201F
:10DDE40018DC002018DC002020DC002020DC0020CF
:10DDF40028DC002028DC002030DC002030DC00207F
:10DE040038DC002038DC002040DC002040DC00202E
:10DE140048DC002048DC002050DC002050DC0020DE
:10DE240058DC002058DC002060DC002060DC00208E
:10DE340068DC002068DC002070DC002070DC00203E
:10DE440078DC002078DC002080DC002080DC0020EE
:10DE540088DC002088DC002090DC002090DC00209E
:10DE640098DC002098DC0020A0DC0020A0DC00204E
:10DE7400A8DC0020A8DC0020B0DC0020B0DC0020FE
:10DE8400B8DC0020B8DC0020C0DC0020C0DC0020AE
:10DE9400C8DC0020C8DC0020D0DC0020D0DC00205E
:10DEA400D8DC0020D8DC0020E0DC0020E0DC00200E
:10DEB400E8DC0020E8DC0020F0DC0020F0DC0020BE
:10DEC400F8DC0020F8DC002000DD002000DD00206C
:10DED40008DD002008DD002010DD002010DD00201A
:10DEE40018DD002018DD002020DD002020DD0020CA
:10DEF40028DD002028DD002030DD002030DD00207A
:10DF040038DD002038DD002040DD002040DD002029
:10DF140048DD002048DD002050DD002050DD0020D9
:10DF240058DD002058DD002060DD002060DD002089
:10DF340068DD002068DD002070DD002070DD002039
:10DF440078DD002078DD002080DD002080DD0020E9
:10DF540088DD002088DD002090DD002090DD002099
:10DF640098DD002098DD0020A0DD0020A0DD002049
:10DF7400A8DD0020A8DD0020B0DD0020B0DD0020F9
:10DF8400B8DD0020B8DD0020C0DD0020C0DD0020A9
:10DF9400C8DD0020C8DD0020D0DD0020D0DD002059
:10DFA400D8DD0020D8DD0020E0DD0020E0DD002009
:10DFB400E8DD0020E8DD0020F0DD0020F0DD0020B9
:10DFC400F8DD0020F8DD002000DE002000DE002067
:10DFD40008DE002008DE002010DE002010DE002015
:10DFE40018DE002018DE002020DE002020DE0020C5
:10DFF40028DE002028DE002030DE002030DE002075
:10E0040038DE002038DE002040DE002040DE002024
:10E0140048DE002048DE002050DE002050DE0020D4
:10E0240058DE002058DE002000000000030000003D
:10E0340084E2002078DE00200000000084E200205A
:10E04400ECE2002054E30020000000000000000087
:10E0540000000000000000000000000000000000BC
:10E0640000000000000000000000000000000000AC
:10E07400000000000000000000000000000000009C
:10E08400000000000000000000000000000000008C
:10E09400000000000000000000000000000000007C
:10E0A400000000000000000000000000000000006C
:10E0B400000000000000000000000000000000005C
:10E0C400000000000000000000000000000000004C
:10E0D40001000000000000000E33CDAB34126DE6E9
:10E0E400ECDE05000B000000000000000000000052
:10E0F400000000000000000000000000000000001C
:10E10400000000000000000000000000000000000B
:10E1140000000000000000000000000000000000FB
:10E1240000000000000000000000000000000000EB
:10E1340000000000000000000000000000000000DB
:10E1440000000000000000000000000000000000CB
:10E1540000000000000000000000000000000000BB
:10E1640000000000000000000000000000000000AB
:10E17400000000000000000000000000000000009B
:10E18400000000000000000000000000000000008B
:10E19400000000000000000000000000000000007B
:10E1A400000000000000000000000000000000006B
:10E1B400000000000000000000000000000000005B
:10E1C400000000000000000000000000000000004B
:10E1D400000000000000000000000000000000003B
:10E1E400000000000000000000000000000000002B
:10E1F400000000000000000000000000000000001B
:10E20400000000000000000000000000000000000A
:10E2140000000000000000000000000000000000FA
:10E2240000000000000000000000000000000000EA
:10E2340000000000000000000000000000000000DA
:10E244000000000000000000C5720020F1720020F0
:10E254008574002031840020417B0020D18200207D
:10E26400B97300200D7300202D730020417300202A
:10E274007562002049730020A96A0020A172002061
:08E28400F15B0020D19C002099
:04000005100001E9FD
:00000001FF
