Time [s],Channel 0,Channel 1
0.000000000,1,1
0.003212528,1,0
0.011633018,1,1
0.019879312,1,0
0.028299592,1,1
0.036534116,1,0
0.044966222,1,1
0.053200606,1,0
0.061622326,1,1
0.069857704,1,0
0.078290364,1,1
0.086525400,1,0
0.094945898,1,1
0.103191988,1,0
0.111612694,1,1
0.119847564,1,0
0.128280350,1,1
0.136514654,1,0
0.144935394,1,1
0.153169970,1,0
0.161602298,1,1
0.169836960,1,0
0.178257024,1,1
0.186502984,1,0
0.194923024,1,1
0.203157376,1,0
0.211589734,1,1
0.219825142,1,0
0.228245986,1,1
0.236480790,1,0
0.244912404,1,1
0.253146832,1,0
0.261567924,1,1
0.269814112,1,0
0.278235128,1,1
0.286469664,1,0
0.294901882,1,1
0.303136398,1,0
0.311557530,1,1
0.319792840,1,0
0.328225948,1,1
0.336461382,1,0
0.344882858,1,1
0.353129420,1,0
0.361550266,1,1
0.369785340,1,0
0.378217626,1,1
0.386452562,1,0
0.394873840,1,1
0.403109320,1,0
0.411542156,1,1
0.419777560,1,0
0.428199138,1,1
0.436446074,1,0
0.444867632,1,1
0.453103796,1,0
0.461537860,1,1
0.469773950,1,0
0.478196084,1,1
0.486431926,1,0
0.494863306,1,1
0.503098174,1,0
0.511518702,1,1
0.519764012,1,0
0.528183618,1,1
0.536417144,1,0
0.544847124,1,1
0.553080838,1,0
0.561500160,1,1
0.569734474,1,0
0.578164810,1,1
0.586398098,1,0
0.594817088,1,1
0.603061982,1,0
0.611481960,1,1
0.619715650,1,0
0.628146284,1,1
0.636380094,1,0
0.644799408,1,1
0.653033826,1,0
0.661465218,1,1
0.669699484,1,0
0.678119204,1,1
0.686364742,1,0
0.694784966,1,1
0.703019634,1,0
0.711451756,1,1
0.719686258,1,0
0.728107036,1,1
0.736340914,1,0
0.744772852,1,1
0.753007042,1,0
0.761427608,1,1
0.769673170,1,0
0.778092544,1,1
0.786326020,1,0
0.794757128,1,1
0.802991564,1,0
0.811412348,1,1
0.819647526,1,0
0.828079580,1,1
0.836314706,1,0
0.844735290,1,1
0.852981506,1,0
0.861401962,1,1
0.869636460,1,0
0.878068080,1,1
0.886301772,1,0
0.894722082,1,1
0.902956180,1,0
0.911387784,1,1
0.919621842,1,0
0.928041480,1,1
0.936286670,1,0
0.953141730,1,1
0.961386862,1,0
0.969806978,1,1
0.978041234,1,0
0.986473082,1,1
0.994707886,1,0
1.003127974,1,1
1.011361700,1,0
1.019792904,1,1
1.028026860,1,0
1.036446000,1,1
1.044690804,1,0
1.053110362,1,1
1.061344620,1,0
1.069775968,1,1
1.078009656,1,0
1.086428502,1,1
1.094661826,1,0
1.103092480,1,1
1.111326368,1,0
1.119745948,1,1
1.127990956,1,0
1.136410794,1,1
1.144644552,1,0
1.153075274,1,1
1.161308702,1,0
1.169727732,1,1
1.177960518,1,0
1.186391440,1,1
1.194625536,1,0
1.203045192,1,1
1.211289800,1,0
1.219709200,1,1
1.227942690,1,0
1.236373480,1,1
1.244607554,1,0
1.253027540,1,1
1.261261654,1,0
1.269692042,1,1
1.277925594,1,0
1.286345262,1,1
1.294590364,1,0
1.303010208,1,1
1.311244760,1,0
1.319676092,1,1
1.327909804,1,0
1.336329816,1,1
1.344563530,1,0
1.352993902,1,1
1.361228662,1,0
1.369649222,1,1
1.377894354,1,0
1.386314320,1,1
1.394549242,1,0
1.402980056,1,1
1.411214136,1,0
1.419634376,1,1
1.427868342,1,0
1.436300012,1,1
1.444534194,1,0
1.452954738,1,1
1.461199900,1,0
1.469619984,1,1
1.477853692,1,0
1.486285160,1,1
1.494519418,1,0
1.502939708,1,1
1.511173778,1,0
1.519605272,1,1
1.527838686,1,0
1.536257952,1,1
1.544502958,1,0
1.552922816,1,1
1.561156630,1,0
1.569588094,1,1
1.577821630,1,0
1.586241272,1,1
1.594475054,1,0
1.602906668,1,1
1.611140252,1,0
1.619559950,1,1
1.627805388,1,0
1.636225748,1,1
1.644460850,1,0
1.652892824,1,1
1.661127192,1,0
1.669546838,1,1
1.677780238,1,0
1.686210954,1,1
1.694444310,1,0
1.702863986,1,1
1.711108818,1,0
1.719528000,1,1
1.727761600,1,0
1.736192632,1,1
1.744426182,1,0
1.752846070,1,1
1.761079704,1,0
1.769510762,1,1
1.777743628,1,0
1.786162176,1,1
1.794407942,1,0
1.802827766,1,1
1.811061458,1,0
1.819492144,1,1
1.827726354,1,0
1.836145872,1,1
1.844379026,1,0
1.852809162,1,1
1.861042284,1,0
1.869461216,1,1
1.877706346,1,0
1.886125770,1,1
1.894359354,1,0
1.902789930,1,1
1.911022912,1,0
1.919441306,1,1
1.927674214,1,0
1.936104610,1,1
1.944337642,1,0
1.952756750,1,1
1.961000750,1,0
1.969419202,1,1
1.977652690,1,0
1.986082978,1,1
1.994316618,1,0
2.002735848,1,1
2.010968808,1,0
2.019399290,1,1
2.027632960,1,0
2.036052284,1,1
2.044296522,1,0
2.052716138,1,1
2.060948630,1,0
2.069378692,1,1
2.077611848,1,0
2.086030988,1,1
2.094263980,1,0
2.102693988,1,1
2.110926844,1,0
2.119346382,1,1
2.127591658,1,0
2.136011294,1,1
2.144244362,1,0
2.152674632,1,1
2.160907310,1,0
2.169325928,1,1
2.177558824,1,0
2.185989332,1,1
2.194222860,1,0
2.202641878,1,1
2.210885694,1,0
2.219304528,1,1
2.227537390,1,0
2.235967452,1,1
2.244200554,1,0
2.252619882,1,1
2.260853126,1,0
2.269283368,1,1
2.277517004,1,0
2.285936636,1,1
2.294181488,1,0
2.302599996,1,1
2.310831912,1,0
2.319262354,1,1
2.327495150,1,0
2.335914286,1,1
2.344147138,1,0
2.352577566,1,1
2.360810912,1,0
2.369230154,1,1
2.377474586,1,0
2.385894424,1,1
2.394128652,1,0
2.402560694,1,1
2.410795222,1,0
2.419215948,1,1
2.427450698,1,0
2.435882686,1,1
2.444117194,1,0
2.452537306,1,1
2.460783620,1,0
2.469203874,1,1
2.477437850,1,0
2.485869254,1,1
2.494103100,1,0
2.502523014,1,1
2.510757486,1,0
2.519188698,1,1
2.527423132,1,0
2.535843672,1,1
2.544089228,1,0
2.552508898,1,1
2.560743044,1,0
2.569174084,1,1
2.577407706,1,0
2.585827534,1,1
2.594061578,1,0
2.602491862,1,1
2.610725690,1,0
2.619144832,1,1
2.627390010,1,0
2.635810262,1,1
2.644044420,1,0
2.652475492,1,1
2.660708592,1,0
2.669127756,1,1
2.677361054,1,0
2.685791716,1,1
2.694025028,1,0
2.702444144,1,1
2.710688912,1,0
2.719108186,1,1
2.727341094,1,0
2.735771244,1,1
2.744004338,1,0
2.752423358,1,1
2.760656706,1,0
2.769087886,1,1
2.777321128,1,0
2.785740462,1,1
2.793984404,1,0
2.802402886,1,1
2.810636204,1,0
2.819066748,1,1
2.827300248,1,0
2.835719626,1,1
2.843952926,1,0
2.852383648,1,1
2.860617326,1,0
2.869037000,1,1
2.877282046,1,0
2.885702020,1,1
2.893935470,1,0
2.902365852,1,1
2.910598604,1,0
2.919017470,1,1
2.927250848,1,0
2.935680992,1,1
2.943913152,1,0
2.952332714,1,1
2.960578192,1,0
2.968997276,1,1
2.977230802,1,0
2.985661208,1,1
2.993894090,1,0
3.002313164,1,1
3.010546416,1,0
3.018976570,1,1
3.027210216,1,0
3.044076764,1,1
3.052309912,1,0
3.060728688,1,1
3.068972944,1,0
3.077392028,1,1
3.085624972,1,0
3.094054472,1,1
3.102287858,1,0
3.110707166,1,1
3.118940780,1,0
3.127371662,1,1
3.135605426,1,0
3.144024602,1,1
3.152269266,1,0
3.160688534,1,1
3.168921348,1,0
3.177350544,1,1
3.185582768,1,0
3.194001276,1,1
3.202234132,1,0
3.210664266,1,1
3.218896768,1,0
3.227315870,1,1
3.235559584,1,0
3.243978068,1,1
3.252210842,1,0
3.260640274,1,1
3.268872000,1,0
3.277289816,1,1
3.285522390,1,0
3.293952574,1,1
3.302185562,1,0
3.310604880,1,1
3.318848990,1,0
3.327266980,1,1
3.335499200,1,0
3.343929332,1,1
3.352161448,1,0
3.360580130,1,1
3.368813304,1,0
3.377243550,1,1
3.385475824,1,0
3.393895238,1,1
3.402139704,1,0
3.410558928,1,1
3.418791890,1,0
3.427221714,1,1
3.435453854,1,0
3.443872362,1,1
3.452104564,1,0
3.460534162,1,1
3.468766296,1,0
3.477184966,1,1
3.485429040,1,0
3.493847588,1,1
3.502080568,1,0
3.510510740,1,1
3.518743978,1,0
3.527162702,1,1
3.535395140,1,0
3.543825544,1,1
3.552059030,1,0
3.560478240,1,1
3.568722840,1,0
3.577141488,1,1
3.585373702,1,0
3.593803262,1,1
3.602035750,1,0
3.610454936,1,1
3.618688576,1,0
3.627119232,1,1
3.635352822,1,0
3.643773100,1,1
3.652018306,1,0
3.660437430,1,1
3.668671330,1,0
3.677101544,1,1
3.685334254,1,0
3.693753800,1,1
3.701987438,1,0
3.710417308,1,1
3.718650524,1,0
3.727069332,1,1
3.735313652,1,0
3.743731934,1,1
3.751964508,1,0
3.760394488,1,1
3.768627056,1,0
3.777045684,1,1
3.785278308,1,0
3.793708464,1,1
3.801941742,1,0
3.810360738,1,1
3.818605292,1,0
3.827024202,1,1
3.835257628,1,0
3.843688674,1,1
3.851922290,1,0
3.860341286,1,1
3.868575196,1,0
3.877005320,1,1
3.885238226,1,0
3.893656854,1,1
3.901901328,1,0
3.910319322,1,1
3.918551660,1,0
3.926981410,1,1
3.935214122,1,0
3.943633324,1,1
3.951866950,1,0
3.960298062,1,1
3.968531176,1,0
3.976949714,1,1
3.985194272,1,0
3.993613822,1,1
4.001846914,1,0
4.010277518,1,1
4.018511140,1,0
4.026930318,1,1
4.035163718,1,0
4.043594532,1,1
4.051828038,1,0
4.060247590,1,1
4.068492668,1,0
4.076911296,1,1
4.085144800,1,0
4.093575650,1,1
4.101809194,1,0
4.110228300,1,1
4.118460812,1,0
4.126890646,1,1
4.135123186,1,0
4.143542270,1,1
4.151786436,1,0
4.160204834,1,1
4.168437452,1,0
4.176867702,1,1
4.185100736,1,0
4.193519322,1,1
4.201752116,1,0
4.210182452,1,1
4.218415744,1,0
4.226834394,1,1
4.235078330,1,0
4.243497304,1,1
4.251730184,1,0
4.260159654,1,1
4.268391002,1,0
4.276809084,1,1
4.285041858,1,0
4.293471148,1,1
4.301703816,1,0
4.310121938,1,1
4.318366130,1,0
4.326785144,1,1
4.335018204,1,0
4.343447906,1,1
4.351680764,1,0
4.360099028,1,1
4.368331016,1,0
4.376760860,1,1
4.384993576,1,0
4.393412572,1,1
4.401656846,1,0
4.410075290,1,1
4.418307354,1,0
4.426736836,1,1
4.434969142,1,0
4.443387558,1,1
4.451620776,1,0
4.460050744,1,1
4.468282712,1,0
4.476701510,1,1
4.484946036,1,0
4.493365020,1,1
4.501597854,1,0
4.510028036,1,1
4.518261136,1,0
4.526680382,1,1
4.534913134,1,0
4.543343558,1,1
4.551577002,1,0
4.559995974,1,1
4.568240156,1,0
4.576658076,1,1
4.584890950,1,0
4.593321306,1,1
4.601554564,1,0
4.609972656,1,1
4.618205808,1,0
4.626636088,1,1
4.634868972,1,0
4.643287038,1,1
4.651530724,1,0
4.659948388,1,1
4.668180910,1,0
4.676610630,1,1
4.684840226,1,0
4.693256614,1,1
4.701489278,1,0
4.709918888,1,1
4.718151646,1,0
4.726570418,1,1
4.734814488,1,0
4.743232572,1,1
4.751465792,1,0
4.759895690,1,1
4.768128652,1,0
4.776547406,1,1
4.784781380,1,0
4.793211812,1,1
4.801444506,1,0
4.809862980,1,1
4.818107080,1,0
4.826525828,1,1
4.834758380,1,0
4.843188650,1,1
4.851421958,1,0
4.859841298,1,1
4.868074732,1,0
4.876505056,1,1
4.884737778,1,0
4.893156456,1,1
4.901400328,1,0
4.909818522,1,1
4.918051300,1,0
4.926481470,1,1
4.934714246,1,0
4.943133828,1,1
4.951366028,1,0
4.959796504,1,1
4.968029248,1,0
4.976447484,1,1
4.984691506,1,0
4.993110058,1,1
5.001342346,1,0
5.009772172,1,1
5.018004768,1,0
5.026422928,1,1
5.034655126,1,0
5.043085494,1,1
5.051318504,1,0
5.059737514,1,1
5.067982614,1,0
5.076402356,1,1
5.084635604,1,0
5.093066452,1,1
5.101299572,1,0
5.109718668,1,1
5.117951678,1,0
5.134815834,1,1
5.143048550,1,0
5.151478470,1,1
5.159711912,1,0
5.168131274,1,1
5.176375438,1,0
5.184794588,1,1
5.193027950,1,0
5.201457900,1,1
5.209691142,1,0
5.218110552,1,1
5.226343908,1,0
5.234774328,1,1
5.243006940,1,0
5.251425416,1,1
5.259670552,1,0
5.268089140,1,1
5.276322358,1,0
5.284752726,1,1
5.292985508,1,0
5.301403976,1,1
5.309636714,1,0
5.318067786,1,1
5.326300992,1,0
5.334720878,1,1
5.342965742,1,0
5.351385338,1,1
5.359619734,1,0
5.368051300,1,1
5.376285466,1,0
5.384704496,1,1
5.392937244,1,0
5.401367858,1,1
5.409600424,1,0
5.418019246,1,1
5.426263148,1,0
5.434682044,1,1
5.442914708,1,0
5.451345460,1,1
5.459578134,1,0
5.467997366,1,1
5.476230450,1,0
5.484660402,1,1
5.492892076,1,0
5.501310378,1,1
5.509554212,1,0
5.517973114,1,1
5.526206168,1,0
5.534636730,1,1
5.542869982,1,0
5.551288572,1,1
5.559521000,1,0
5.567950384,1,1
5.576182392,1,0
5.584601014,1,1
5.592844472,1,0
5.601262466,1,1
5.609494780,1,0
5.617924458,1,1
5.626156768,1,0
5.634574420,1,1
5.642806624,1,0
5.651236802,1,1
5.659469536,1,0
5.667888230,1,1
5.676131660,1,0
5.684549138,1,1
5.692780836,1,0
5.701209888,1,1
5.709441866,1,0
5.717859642,1,1
5.726091852,1,0
5.734521560,1,1
5.742752748,1,0
5.751170076,1,1
5.759412924,1,0
5.767831426,1,1
5.776063712,1,0
5.784493018,1,1
5.792724984,1,0
5.801143800,1,1
5.809376584,1,0
5.817805950,1,1
5.826038954,1,0
5.834457378,1,1
5.842701148,1,0
5.851119422,1,1
5.859351868,1,0
5.867781750,1,1
5.876015158,1,0
5.884433910,1,1
5.892668122,1,0
5.901099264,1,1
5.909333054,1,0
5.917752110,1,1
5.925997330,1,0
5.934415866,1,1
5.942649264,1,0
5.951079818,1,1
5.959313142,1,0
5.967732272,1,1
5.975966200,1,0
5.984397170,1,1
5.992629632,1,0
6.001047326,1,1
6.009291466,1,0
6.017710442,1,1
6.025943272,1,0
6.034372674,1,1
6.042604482,1,0
6.051022618,1,1
6.059254508,1,0
6.067683212,1,1
6.075915366,1,0
6.084332584,1,1
6.092575932,1,0
6.100994290,1,1
6.109226266,1,0
6.117655416,1,1
6.125887830,1,0
6.134305210,1,1
6.142537404,1,0
6.150966658,1,1
6.159198552,1,0
6.167617020,1,1
6.175860090,1,0
6.184277492,1,1
6.192509090,1,0
6.200938310,1,1
6.209170604,1,0
6.217589076,1,1
6.225820548,1,0
6.234250070,1,1
6.242482204,1,0
6.250900232,1,1
6.259143698,1,0
6.267561654,1,1
6.275792690,1,0
6.284221564,1,1
6.292453256,1,0
6.300870210,1,1
6.309102254,1,0
6.317531460,1,1
6.325762622,1,0
6.334179606,1,1
6.342422556,1,0
6.350840538,1,1
6.359071852,1,0
6.367500036,1,1
6.375732130,1,0
6.384149484,1,1
6.392381132,1,0
6.400809692,1,1
6.409041802,1,0
6.417459114,1,1
6.425701968,1,0
6.434120182,1,1
6.442352060,1,0
6.450781184,1,1
6.459012330,1,0
6.467429638,1,1
6.475661396,1,0
6.484090604,1,1
6.492321948,1,0
6.500739682,1,1
6.508983120,1,0
6.517401218,1,1
6.525632546,1,0
6.534061734,1,1
6.542294054,1,0
6.550711888,1,1
6.558944578,1,0
6.567374298,1,1
6.575605748,1,0
6.584023694,1,1
6.592267222,1,0
6.600685110,1,1
6.608917208,1,0
6.617346038,1,1
6.625577652,1,0
6.633996252,1,1
6.642228666,1,0
6.650658590,1,1
6.658890264,1,0
6.667307864,1,1
6.675551072,1,0
6.683968914,1,1
6.692200888,1,0
6.700630964,1,1
6.708863400,1,0
6.717281734,1,1
6.725514246,1,0
6.733943566,1,1
6.742175898,1,0
6.750593846,1,1
6.758837552,1,0
6.767255394,1,1
6.775487462,1,0
6.783916474,1,1
6.792149124,1,0
6.800567508,1,1
6.808800122,1,0
6.817229766,1,1
6.825463022,1,0
6.833881338,1,1
6.842125536,1,0
6.850544576,1,1
6.858777256,1,0
6.867206566,1,1
6.875439370,1,0
6.883857930,1,1
6.892090180,1,0
6.900520010,1,1
6.908752744,1,0
6.917171024,1,1
6.925414772,1,0
6.933833660,1,1
6.942066142,1,0
6.950495602,1,1
6.958728270,1,0
6.967146156,1,1
6.975378628,1,0
6.983808018,1,1
6.992040754,1,0
7.000459230,1,1
7.008703146,1,0
7.017121666,1,1
7.025354034,1,0
7.033783622,1,1
7.042016872,1,0
7.050435684,1,1
7.058668202,1,0
7.067098072,1,1
7.075330092,1,0
7.083748464,1,1
7.091991730,1,0
7.100410142,1,1
7.108642534,1,0
7.117072948,1,1
7.125306442,1,0
7.133725512,1,1
7.141958194,1,0
7.150388138,1,1
7.158620538,1,0
7.167039554,1,1
7.175283876,1,0
7.183702116,1,1
7.191934508,1,0
7.200364214,1,1
7.208596796,1,0
7.225461264,1,1
7.233694040,1,0
7.242112486,1,1
7.250356264,1,0
7.258774062,1,1
7.267006306,1,0
7.275424654,1,1
7.283668610,1,0
7.292087002,1,1
7.300318946,1,0
7.308747164,1,1
7.316979212,1,0
7.325397584,1,1
7.333641180,1,0
7.342059282,1,1
7.350292408,1,0
7.358710552,1,1
7.366954436,1,0
7.375372508,1,1
7.383605164,1,0
7.392034982,1,1
7.400267164,1,0
7.408684456,1,1
7.416928240,1,0
7.425346524,1,1
7.433578586,1,0
7.441997052,1,1
7.450240604,1,0
7.458658958,1,1
7.466891576,1,0
7.475320510,1,1
7.483552474,1,0
7.491969994,1,1
7.500213100,1,0
7.508631094,1,1
7.516862992,1,0
7.525281342,1,1
7.533525178,1,0
7.541942718,1,1
7.550174512,1,0
7.558603664,1,1
7.566836352,1,0
7.575254368,1,1
7.583497420,1,0
7.591915116,1,1
7.600146828,1,0
7.608565168,1,1
7.616808132,1,0
7.625224822,1,1
7.633456254,1,0
7.641886004,1,1
7.650118198,1,0
7.658536940,1,1
7.666780644,1,0
7.675198176,1,1
7.683430680,1,0
7.691860428,1,1
7.700092870,1,0
7.708512476,1,1
7.716745202,1,0
7.725175322,1,1
7.733408078,1,0
7.741826154,1,1
7.750069222,1,0
7.758486816,1,1
7.766718422,1,0
7.775136360,1,1
7.783379156,1,0
7.791796358,1,1
7.800027950,1,0
7.808457018,1,1
7.816688066,1,0
7.825104836,1,1
7.833347652,1,0
7.841764416,1,1
7.849995276,1,0
7.858411720,1,1
7.866653714,1,0
7.875070430,1,1
7.883301418,1,0
7.891730114,1,1
7.899961168,1,0
7.908379720,1,1
7.916623588,1,0
7.925041522,1,1
7.933274506,1,0
7.941692092,1,1
7.949935120,1,0
7.958353540,1,1
7.966584916,1,0
7.975014148,1,1
7.983245740,1,0
7.991662748,1,1
7.999906364,1,0
8.008323946,1,1
8.016556496,1,0
8.024974348,1,1
8.033218044,1,0
8.041636718,1,1
8.049869100,1,0
8.058298672,1,1
8.066530578,1,0
8.074948506,1,1
8.083191930,1,0
8.091609424,1,1
8.099842010,1,0
8.108260640,1,1
8.116504036,1,0
8.124922374,1,1
8.133154242,1,0
8.141583150,1,1
8.149815534,1,0
8.158234010,1,1
8.166476870,1,0
8.174894814,1,1
8.183127098,1,0
8.191544486,1,1
8.199787880,1,0
8.208206028,1,1
8.216438376,1,0
8.224867650,1,1
8.233100762,1,0
8.241519552,1,1
8.249763258,1,0
8.258181418,1,1
8.266413702,1,0
8.274831742,1,1
8.283074598,1,0
8.291492354,1,1
8.299724852,1,0
8.308154772,1,1
8.316387600,1,0
8.324806320,1,1
8.333050104,1,0
8.341467798,1,1
8.349700750,1,0
8.358119574,1,1
8.366362784,1,0
8.374781474,1,1
8.383013544,1,0
8.391443592,1,1
8.399676880,1,0
8.408095410,1,1
8.416338416,1,0
8.424756920,1,1
8.432989514,1,0
8.441408466,1,1
8.449652128,1,0
8.458070498,1,1
8.466303550,1,0
8.474733324,1,1
8.482964910,1,0
8.491383132,1,1
8.499627186,1,0
8.508045388,1,1
8.516278180,1,0
8.524707756,1,1
8.532939576,1,0
8.541357648,1,1
8.549589058,1,0
8.558018398,1,1
8.566251922,1,0
8.574671288,1,1
8.582914692,1,0
8.591332508,1,1
8.599564028,1,0
8.607981614,1,1
8.616224018,1,0
8.624640260,1,1
8.632871946,1,0
8.641300916,1,1
8.649532316,1,0
8.657949466,1,1
8.666192586,1,0
8.674610408,1,1
8.682842262,1,0
8.691260568,1,1
8.699504172,1,0
8.707922736,1,1
8.716155360,1,0
8.724585104,1,1
8.732816836,1,0
8.741235330,1,1
8.749479440,1,0
8.757898532,1,1
8.766131386,1,0
8.774549150,1,1
8.782792824,1,0
8.791211660,1,1
8.799444836,1,0
8.807874564,1,1
8.816107350,1,0
8.824526058,1,1
8.832771040,1,0
8.841189994,1,1
8.849422768,1,0
8.857842034,1,1
8.866085982,1,0
8.874504890,1,1
8.882737636,1,0
8.891167764,1,1
8.899400416,1,0
8.907818366,1,1
8.916062730,1,0
8.924481472,1,1
8.932714872,1,0
8.941133406,1,1
8.949377066,1,0
8.957795322,1,1
8.966028736,1,0
8.974458228,1,1
8.982691278,1,0
8.991109924,1,1
8.999353452,1,0
9.007771922,1,1
9.016004596,1,0
9.024422384,1,1
9.032666476,1,0
9.041085538,1,1
9.049318220,1,0
9.057747676,1,1
9.065979978,1,0
9.074397204,1,1
9.082640578,1,0
9.091058478,1,1
9.099290698,1,0
9.107709056,1,1
9.115952464,1,0
9.124370582,1,1
9.132602684,1,0
9.141031906,1,1
9.149263952,1,0
9.157681910,1,1
9.165925526,1,0
9.174343454,1,1
9.182576124,1,0
9.190995242,1,1
9.199239544,1,0
9.207658000,1,1
9.215889958,1,0
9.224319952,1,1
9.232552662,1,0
9.240971292,1,1
9.249215482,1,0
9.257633650,1,1
9.265865504,1,0
9.274283886,1,1
9.282526866,1,0
9.290945448,1,1
9.299177372,1,0
9.316040064,1,1
9.324272232,1,0
9.332701146,1,1
9.340933626,1,0
9.349351092,1,1
9.357593984,1,0
9.366011882,1,1
9.374244152,1,0
9.382672882,1,1
9.390905028,1,0
9.399323962,1,1
9.407556256,1,0
9.415984996,1,1
9.424216656,1,0
9.432634340,1,1
9.440877472,1,0
9.449295356,1,1
9.457527642,1,0
9.465956632,1,1
9.474188734,1,0
9.482607356,1,1
9.490839072,1,0
9.499268678,1,1
9.507500444,1,0
9.515918530,1,1
9.524161956,1,0
9.532579610,1,1
9.540812100,1,0
9.549241510,1,1
9.557473856,1,0
9.565891984,1,1
9.574124540,1,0
9.582553708,1,1
9.590786248,1,0
9.599204792,1,1
9.607448480,1,0
9.615866460,1,1
9.624099268,1,0
9.632529160,1,1
9.640762182,1,0
9.649181096,1,1
9.657413034,1,0
9.665842462,1,1
9.674074624,1,0
9.682493104,1,1
9.690736326,1,0
9.699154970,1,1
9.707387640,1,0
9.715816676,1,1
9.724048632,1,0
9.732466190,1,1
9.740697530,1,0
9.749126626,1,1
9.757358034,1,0
9.765776336,1,1
9.774020082,1,0
9.782438444,1,1
9.790670558,1,0
9.799099574,1,1
9.807330976,1,0
9.815748938,1,1
9.823981152,1,0
9.832409538,1,1
9.840641298,1,0
9.849059826,1,1
9.857303048,1,0
9.865721324,1,1
9.873953868,1,0
9.882383282,1,1
9.890615610,1,0
9.899034340,1,1
9.907266886,1,0
9.915696836,1,1
9.923929642,1,0
9.932347888,1,1
9.940591994,1,0
9.949011068,1,1
9.957243498,1,0
9.965672820,1,1
9.973904700,1,0
9.982323086,1,1
9.990555186,1,0
9.998984210,1,1
10.007215528,1,0
10.015633566,1,1
10.023876948,1,0
10.032295268,1,1
10.040527064,1,0
10.048956616,1,1
10.057189634,1,0
10.065608150,1,1
10.073841004,1,0
10.082271136,1,1
10.090503758,1,0
10.098922438,1,1
10.107166512,1,0
10.115585368,1,1
10.123817618,1,0
10.132247598,1,1
10.140480190,1,0
10.148898662,1,1
10.157131626,1,0
10.165561676,1,1
10.173794478,1,0
10.182212664,1,1
10.190456820,1,0
10.198875392,1,1
10.207108788,1,0
10.215538058,1,1
10.223770094,1,0
10.232188436,1,1
10.240421552,1,0
10.248850786,1,1
10.257082772,1,0
10.265501598,1,1
10.273745480,1,0
10.282163614,1,1
10.290395500,1,0
10.298824890,1,1
10.307057800,1,0
10.315477222,1,1
10.323709982,1,0
10.332139218,1,1
10.340371746,1,0
10.348789428,1,1
10.357032634,1,0
10.365450652,1,1
10.373682718,1,0
10.382111664,1,1
10.390343440,1,0
10.398761406,1,1
10.406993412,1,0
10.415422900,1,1
10.423654782,1,0
10.432073066,1,1
10.440316360,1,0
10.448734048,1,1
10.456967004,1,0
10.465397516,1,1
10.473630852,1,0
10.482050174,1,1
10.490282638,1,0
10.498712404,1,1
10.506943922,1,0
10.515361342,1,1
10.523604214,1,0
10.532021746,1,1
10.540253138,1,0
10.548683066,1,1
10.556915150,1,0
10.565333106,1,1
10.573566040,1,0
10.581996214,1,1
10.590228946,1,0
10.598646728,1,1
10.606890320,1,0
10.615308240,1,1
10.623539952,1,0
10.631969076,1,1
10.640200412,1,0
10.648618476,1,1
10.656850090,1,0
10.665279586,1,1
10.673511850,1,0
10.681929644,1,1
10.690171908,1,0
10.698590058,1,1
10.706821878,1,0
10.715250698,1,1
10.723482932,1,0
10.731900330,1,1
10.740131596,1,0
10.748560536,1,1
10.756791786,1,0
10.765209876,1,1
10.773452966,1,0
10.781871370,1,1
10.790104152,1,0
10.798534358,1,1
10.806767562,1,0
10.815186216,1,1
10.823418806,1,0
10.831849430,1,1
10.840082334,1,0
10.848501834,1,1
10.856746268,1,0
10.865165698,1,1
10.873399046,1,0
10.881828710,1,1
10.890061122,1,0
10.898479184,1,1
10.906711466,1,0
10.915141188,1,1
10.923374144,1,0
10.931792030,1,1
10.940035992,1,0
10.948454748,1,1
10.956687510,1,0
10.965117414,1,1
10.973349968,1,0
10.981768806,1,1
10.990001656,1,0
10.998431586,1,1
11.006665110,1,0
11.015084312,1,1
11.023328828,1,0
11.031748090,1,1
11.039980982,1,0
11.048411944,1,1
11.056645664,1,0
11.065065132,1,1
11.073298376,1,0
11.081728742,1,1
11.089962586,1,0
11.098382162,1,1
11.106627194,1,0
11.115046158,1,1
11.123279606,1,0
11.131709016,1,1
11.139940910,1,0
11.148359578,1,1
11.156592316,1,0
11.165022658,1,1
11.173255488,1,0
11.181674544,1,1
11.189918960,1,0
11.198337280,1,1
11.206568976,1,0
11.214998570,1,1
11.223231704,1,0
11.231649688,1,1
11.239882422,1,0
11.248312054,1,1
11.256544686,1,0
11.264963512,1,1
11.273207744,1,0
11.281626332,1,1
11.289859320,1,0
11.298289432,1,1
11.306521426,1,0
11.314938996,1,1
11.323170118,1,0
11.331599228,1,1
11.339830876,1,0
11.348248494,1,1
11.356491570,1,0
11.364909154,1,1
11.373140580,1,0
11.381569522,1,1
11.389801490,1,0
11.406664128,1,1
11.414895910,1,0
11.423313208,1,1
11.431545422,1,0
11.439975596,1,1
11.448208090,1,0
11.456626210,1,1
11.464870266,1,0
11.473287854,1,1
11.481519826,1,0
11.489949064,1,1
11.498181454,1,0
11.506600220,1,1
11.514832168,1,0
11.523261472,1,1
11.531494166,1,0
11.539913234,1,1
11.548157786,1,0
11.556576554,1,1
11.564808918,1,0
11.573237938,1,1
11.581470354,1,0
11.589888518,1,1
11.598120386,1,0
11.606550086,1,1
11.614782140,1,0
11.623199014,1,1
11.631442978,1,0
11.639861312,1,1
11.648093624,1,0
11.656523038,1,1
11.664755830,1,0
11.673174380,1,1
11.681406734,1,0
11.689836206,1,1
11.698068172,1,0
11.706485768,1,1
11.714729560,1,0
11.723147878,1,1
11.731380562,1,0
11.739809938,1,1
11.748042038,1,0
11.756459810,1,1
11.764691382,1,0
11.773120756,1,1
11.781352776,1,0
11.789770746,1,1
11.798013638,1,0
11.806431608,1,1
11.814663046,1,0
11.823092348,1,1
11.831323654,1,0
11.839741342,1,1
11.847973486,1,0
11.856403152,1,1
11.864634988,1,0
11.873053314,1,1
11.881297116,1,0
11.889715850,1,1
11.897949034,1,0
11.906378240,1,1
11.914610146,1,0
11.923028068,1,1
11.931261034,1,0
11.939690508,1,1
11.947922944,1,0
11.956342220,1,1
11.964586384,1,0
11.973006152,1,1
11.981238964,1,0
11.989668488,1,1
11.997901546,1,0
12.006320776,1,1
12.014553464,1,0
12.022983634,1,1
12.031216010,1,0
12.039634080,1,1
12.047876820,1,0
12.056294448,1,1
12.064526358,1,0
12.072955586,1,1
12.081187674,1,0
12.089605312,1,1
12.097837690,1,0
12.106267164,1,1
12.114499336,1,0
12.122918612,1,1
12.131163386,1,0
12.139582272,1,1
12.147815056,1,0
12.156245180,1,1
12.164477006,1,0
12.172895208,1,1
12.181127352,1,0
12.189556954,1,1
12.197789502,1,0
12.206207246,1,1
12.214450520,1,0
12.222869282,1,1
12.231102770,1,0
12.239533058,1,1
12.247765774,1,0
12.256183658,1,1
12.264416440,1,0
12.272846304,1,1
12.281078696,1,0
12.289497030,1,1
12.297740694,1,0
12.306158548,1,1
12.314390546,1,0
12.322820028,1,1
12.331052222,1,0
12.339470496,1,1
12.347702824,1,0
12.356132438,1,1
12.364364950,1,0
12.372783202,1,1
12.381026980,1,0
12.389446710,1,1
12.397680330,1,0
12.406109938,1,1
12.414341750,1,0
12.422759770,1,1
12.430991760,1,0
12.439421246,1,1
12.447653454,1,0
12.456071682,1,1
12.464315432,1,0
12.472733988,1,1
12.480966186,1,0
12.489395996,1,1
12.497628762,1,0
12.506046328,1,1
12.514278602,1,0
12.522707986,1,1
12.530940300,1,0
12.539358874,1,1
12.547602550,1,0
12.556020424,1,1
12.564253868,1,0
12.572684526,1,1
12.580917458,1,0
12.589336140,1,1
12.597568796,1,0
12.605999516,1,1
12.614231910,1,0
12.622650308,1,1
12.630893998,1,0
12.639312538,1,1
12.647545916,1,0
12.655976230,1,1
12.664209800,1,0
12.672629242,1,1
12.680862346,1,0
12.689291996,1,1
12.697524164,1,0
12.705943252,1,1
12.714187482,1,0
12.722606036,1,1
12.730839392,1,0
12.739270594,1,1
12.747504410,1,0
12.755923654,1,1
12.764157506,1,0
12.772588968,1,1
12.780822852,1,0
12.789241980,1,1
12.797486286,1,0
12.805905784,1,1
12.814138738,1,0
12.822568838,1,1
12.830801670,1,0
12.839220258,1,1
12.847452996,1,0
12.855883092,1,1
12.864116520,1,0
12.872535852,1,1
12.880780190,1,0
12.889199472,1,1
12.897433032,1,0
12.905863298,1,1
12.914096874,1,0
12.922515896,1,1
12.930748400,1,0
12.939178524,1,1
12.947411036,1,0
12.955829864,1,1
12.964073962,1,0
12.972492356,1,1
12.980725248,1,0
12.989155324,1,1
12.997388300,1,0
13.005807092,1,1
13.014040514,1,0
13.022471246,1,1
13.030704278,1,0
13.039122772,1,1
13.047367260,1,0
13.055786724,1,1
13.064019982,1,0
13.072450388,1,1
13.080683760,1,0
13.089102842,1,1
13.097335802,1,0
13.105765916,1,1
13.113998918,1,0
13.122417796,1,1
13.130661666,1,0
13.139079582,1,1
13.147312912,1,0
13.155743496,1,1
13.163976558,1,0
13.172395430,1,1
13.180628782,1,0
13.189059204,1,1
13.197292248,1,0
13.205710926,1,1
13.213955318,1,0
13.222374392,1,1
13.230607298,1,0
13.239036468,1,1
13.247269546,1,0
13.255688498,1,1
13.263921642,1,0
13.272352924,1,1
13.280585904,1,0
13.289003822,1,1
13.297247658,1,0
13.305667328,1,1
13.313900458,1,0
13.322330746,1,1
13.330563792,1,0
13.338982028,1,1
13.347214998,1,0
13.355644122,1,1
13.363876184,1,0
13.372294956,1,1
13.380538670,1,0
13.388957758,1,1
13.397191298,1,0
13.405621824,1,1
13.413855266,1,0
13.422274372,1,1
13.430507456,1,0
13.438937054,1,1
13.447170398,1,0
13.455589872,1,1
13.463834078,1,0
13.472253256,1,1
13.480486864,1,0
13.497353012,1,1
13.505586446,1,0
13.514016624,1,1
13.522249330,1,0
13.530668006,1,1
13.538901280,1,0
13.547330988,1,1
13.555564064,1,0
13.563982590,1,1
13.572227300,1,0
13.580646424,1,1
13.588879890,1,0
13.597310380,1,1
13.605544158,1,0
13.613963454,1,1
13.622196374,1,0
13.630626336,1,1
13.638859084,1,0
13.647277406,1,1
13.655520738,1,0
13.663938752,1,1
13.672170950,1,0
13.680600622,1,1
13.688833268,1,0
13.697252210,1,1
13.705484218,1,0
13.713913724,1,1
13.722146858,1,0
13.730565372,1,1
13.738809630,1,0
13.747228740,1,1
13.755462112,1,0
13.763894000,1,1
13.772127790,1,0
13.780547026,1,1
13.788780388,1,0
13.797210730,1,1
13.805444018,1,0
13.813862972,1,1
13.822106832,1,0
13.830524788,1,1
13.838757830,1,0
13.847188400,1,1
13.855420974,1,0
13.863839278,1,1
13.872071288,1,0
13.880500544,1,1
13.888732820,1,0
13.897151392,1,1
13.905395814,1,0
13.913814086,1,1
13.922045980,1,0
13.930475294,1,1
13.938707858,1,0
13.947127170,1,1
13.955361012,1,0
13.963791570,1,1
13.972024382,1,0
13.980442650,1,1
13.988687576,1,0
13.997106662,1,1
14.005339518,1,0
14.013769188,1,1
14.022001738,1,0
14.030420646,1,1
14.038653592,1,0
14.047083396,1,1
14.055316536,1,0
14.063735276,1,1
14.071978542,1,0
14.080396966,1,1
14.088629468,1,0
14.097058612,1,1
14.105291124,1,0
14.113709618,1,1
14.121942098,1,0
14.130372020,1,1
14.138604886,1,0
14.147023930,1,1
14.155267688,1,0
14.163686176,1,1
14.171918976,1,0
14.180349152,1,1
14.188582254,1,0
14.197001066,1,1
14.205233684,1,0
14.213664066,1,1
14.221896912,1,0
14.230315612,1,1
14.238559346,1,0
14.246978598,1,1
14.255211330,1,0
14.263641004,1,1
14.271874156,1,0
14.280293060,1,1
14.288525080,1,0
14.296955466,1,1
14.305188160,1,0
14.313606694,1,1
14.321851246,1,0
14.330270214,1,1
14.338503324,1,0
14.346933942,1,1
14.355167358,1,0
14.363586426,1,1
14.371819404,1,0
14.380250038,1,1
14.388482322,1,0
14.396899754,1,1
14.396899758,1,0
14.396899760,1,1
14.405143246,1,0
14.413560874,1,1
14.421792762,1,0
14.430222806,1,1
14.438455744,1,0
14.446873912,1,1
14.455106266,1,0
14.463535332,1,1
14.471767738,1,0
14.480185838,1,1
14.488429676,1,0
14.496847574,1,1
14.505079978,1,0
14.513508188,1,1
14.521740416,1,0
14.530158760,1,1
14.538391600,1,0
14.546820754,1,1
14.555053006,1,0
14.563470878,1,1
14.571714764,1,0
14.580133202,1,1
14.588365698,1,0
14.596795738,1,1
14.605028582,1,0
14.613446746,1,1
14.621679244,1,0
14.630109064,1,1
14.638341728,1,0
14.646760838,1,1
14.655004786,1,0
14.663423624,1,1
14.671656530,1,0
14.680086584,1,1
14.688318404,1,0
14.696736042,1,1
14.704968518,1,0
14.713398078,1,1
14.721630706,1,0
14.730048740,1,1
14.738292154,1,0
14.746710288,1,1
14.754942512,1,0
14.763371570,1,1
14.771604288,1,0
14.780022378,1,1
14.788254222,1,0
14.796684020,1,1
14.804915840,1,0
14.813333726,1,1
14.821577236,1,0
14.829995040,1,1
14.838226826,1,0
14.846655890,1,1
14.854887346,1,0
14.863305206,1,1
14.871537358,1,0
14.879965882,1,1
14.888197290,1,0
14.896615786,1,1
14.904859304,1,0
14.913277298,1,1
14.921509566,1,0
14.929938342,1,1
14.938169476,1,0
14.946587636,1,1
14.954820066,1,0
14.963249586,1,1
14.971481746,1,0
14.979899782,1,1
14.988143464,1,0
14.996561352,1,1
15.004792938,1,0
15.013222668,1,1
15.021455488,1,0
15.029872926,1,1
15.038104572,1,0
15.046534028,1,1
15.054765308,1,0
15.063183528,1,1
15.071427080,1,0
15.079844524,1,1
15.088076708,1,0
15.096505930,1,1
15.104737550,1,0
15.113152988,1,1
15.121381722,1,0
15.129809900,1,1
15.138042676,1,0
15.146460972,1,1
15.154704836,1,0
15.163123336,1,1
15.171355240,1,0
15.179784388,1,1
15.188017044,1,0
15.196435610,1,1
15.204668052,1,0
15.213098144,1,1
15.221331074,1,0
15.229749224,1,1
15.237993136,1,0
15.246411538,1,1
15.254643896,1,0
15.263074586,1,1
15.271307308,1,0
15.279726452,1,1
15.287959194,1,0
15.296388958,1,1
15.304621504,1,0
15.313038824,1,1
15.321282438,1,0
15.329700856,1,1
15.337933268,1,0
15.346361974,1,1
15.354594222,1,0
15.363011856,1,1
15.371244392,1,0
15.379674698,1,1
15.387906512,1,0
15.396324270,1,1
15.404567938,1,0
15.412986454,1,1
15.421219184,1,0
15.429648630,1,1
15.437880692,1,0
15.446297940,1,1
15.454529772,1,0
15.462958952,1,1
15.471190896,1,0
15.479608756,1,1
15.487852732,1,0
15.496271116,1,1
15.504504102,1,0
15.512934026,1,1
15.521166408,1,0
15.529584618,1,1
15.537816418,1,0
15.546245620,1,1
15.554478480,1,0
15.562897138,1,1
15.571140624,1,0
15.587992116,1,1
15.596234928,1,0
15.604653060,1,1
15.612884962,1,0
15.621314546,1,1
15.629547226,1,0
15.637964902,1,1
15.646197008,1,0
15.654626402,1,1
15.662858328,1,0
15.671275614,1,1
15.679518160,1,0
15.687935500,1,1
15.689508038,0,1
15.689519838,0,0
15.689562628,0,1
15.689585864,1,1
15.689605022,1,0
15.689646326,1,1
15.689688726,1,0
15.689730028,1,1
15.689751274,0,1
15.689771444,0,0
15.689812746,0,1
15.689854158,0,0
15.689895462,0,1
15.689918698,1,1
15.689937856,1,0
15.689979158,1,1
15.690021562,1,0
15.690062868,1,1
15.690084118,0,1
15.690104290,0,0
15.690145594,0,1
15.690187012,0,0
15.690230782,0,1
15.690254018,1,1
15.690273178,1,0
15.690311530,1,1
15.690353934,1,0
15.690398682,1,1
15.690422310,1,0
15.701974040,1,1
15.710206264,1,0
15.718635040,1,1
15.726866904,1,0
15.735284996,1,1
15.743517988,1,0
15.751948670,1,1
15.760181896,1,0
15.768600142,1,1
15.776844498,1,0
15.785262370,1,1
15.793494156,1,0
15.801923034,1,1
15.810154982,1,0
15.818572740,1,1
15.826805282,1,0
15.835234828,1,1
15.843466480,1,0
15.851884758,1,1
15.860128148,1,0
15.868546094,1,1
15.876778876,1,0
15.885209158,1,1
15.893441498,1,0
15.901860194,1,1
15.910092734,1,0
15.918522216,1,1
15.926755224,1,0
15.935173540,1,1
15.940378906,0,1
15.940390706,0,0
15.940433488,0,1
15.940456726,1,1
15.940475882,1,0
15.940517186,1,1
15.940559592,1,0
15.940600896,1,1
15.940622146,0,1
15.940642320,0,0
15.940683630,0,1
15.940706864,1,1
15.940726024,1,0
15.940767326,1,1
15.940809728,1,0
15.940851030,1,1
15.940893432,1,0
15.940934736,1,1
15.940955986,0,1
15.940976156,0,0
15.941017462,0,1
15.941058874,0,0
15.941102642,0,1
15.941144054,0,0
15.941182410,0,1
15.941205646,1,1
15.941224806,1,0
15.941269556,1,1
15.941293508,1,0
15.949974474,1,1
15.958205988,1,0
15.966635564,1,1
15.971400974,0,1
15.971412772,0,0
15.971455554,0,1
15.971496966,0,0
15.971538270,0,1
15.971579690,0,0
15.971620998,0,1
15.971662410,0,0
15.971703716,0,1
15.971745130,0,0
15.971786434,0,1
15.971809670,1,1
15.971828828,1,0
15.971870130,1,1
15.971912530,1,0
15.971953828,1,1
15.971996232,1,0
15.972037532,1,1
15.972079934,1,0
15.972123700,1,1
15.972166102,1,0
15.972204448,1,1
15.972246850,1,0
15.972291600,1,1
15.975920018,0,1
15.975931818,0,0
15.975974600,0,1
15.975997834,1,1
15.976016992,1,0
15.976058296,1,1
15.976100696,1,0
15.976141998,1,1
15.976163246,0,1
15.976183416,0,0
15.976224720,0,1
15.976266132,0,0
15.976307438,0,1
15.976330674,1,1
15.976349834,1,0
15.976391140,1,1
15.976433542,1,0
15.976474844,1,1
15.976496094,0,1
15.976516264,0,0
15.976557574,0,1
15.976598984,0,0
15.976642748,0,1
15.976665980,1,1
15.976685142,1,0
15.976723494,1,1
15.976765892,1,0
15.976810640,1,1
15.976827278,1,0
15.989984538,1,1
15.991869320,0,1
15.991881122,0,0
15.991923910,0,1
15.991965326,0,0
15.992006638,0,1
15.992048056,0,0
15.992089366,0,1
15.992130782,0,0
15.992172094,0,1
15.992213510,0,0
15.992254816,0,1
15.992278054,1,1
15.992297216,1,0
15.992338516,1,1
15.992380910,1,0
15.992422208,1,1
15.992464602,1,0
15.992505890,1,1
15.992548282,1,0
15.992592034,1,1
15.992634426,1,0
15.992672762,1,1
15.992715152,1,0
15.992759884,1,1
15.996385274,0,1
15.996397074,0,0
15.996439856,0,1
15.996463092,1,1
15.996482254,1,0
15.996523560,1,1
15.996565964,1,0
15.996607268,1,1
15.996628516,0,1
15.996648686,0,0
15.996689994,0,1
15.996713228,1,1
15.996732390,1,0
15.996773694,1,1
15.996816094,1,0
15.996857398,1,1
15.996899800,1,0
15.996941106,1,1
15.996962354,0,1
15.996982526,0,0
15.997023836,0,1
15.997065254,0,0
15.997109026,0,1
15.997150442,0,0
15.997188794,0,1
15.997212032,1,1
15.997231190,1,0
15.997275940,1,1
15.997292038,1,0
16.005976678,1,1
16.014209374,1,0
16.022638822,1,1
16.030870898,1,0
16.039289258,1,1
16.047533532,1,0
16.055952706,1,1
16.064185774,1,0
16.072616372,1,1
16.080849456,1,0
16.089268298,1,1
16.097501180,1,0
16.105931540,1,1
16.107717416,0,1
16.107729216,0,0
16.107772000,0,1
16.107795236,1,1
16.107814396,1,0
16.107855698,1,1
16.107898100,1,0
16.107939410,1,1
16.107960660,0,1
16.107980834,0,0
16.108022148,0,1
16.108045392,1,1
16.108064556,1,0
16.108105870,1,1
16.108148282,1,0
16.108189600,1,1
16.108232014,1,0
16.108273328,1,1
16.108294584,0,1
16.108314760,0,0
16.108356074,0,1
16.108397498,0,0
16.108441280,0,1
16.108482704,0,0
16.108521066,0,1
16.108544310,1,1
16.108563476,1,0
16.108608236,1,1
16.108608238,1,0
16.108608242,1,1
16.108632122,1,0
16.117986514,1,1
16.118377456,0,1
16.118389258,0,0
16.118432044,0,1
16.118455282,1,1
16.118474440,1,0
16.118515748,1,1
16.118558154,1,0
16.118599458,1,1
16.118620708,0,1
16.118640880,0,0
16.118682190,0,1
16.118723606,0,0
16.118764918,0,1
16.118788158,1,1
16.118807318,1,0
16.118848624,1,1
16.118891030,1,0
16.118932338,1,1
16.118953588,0,1
16.118973758,0,0
16.119015066,0,1
16.119056482,0,0
16.119100252,0,1
16.119123484,1,1
16.119142646,1,0
16.119180998,1,1
16.119223402,1,0
16.119268150,1,1
16.119303136,1,0
16.133976312,1,1
16.135948538,0,1
16.135960336,0,0
16.136003116,0,1
16.136044522,0,0
16.136085824,0,1
16.136127236,0,0
16.136168538,0,1
16.136209952,0,0
16.136251256,0,1
16.136292668,0,0
16.136333970,0,1
16.136357206,1,1
16.136376366,1,0
16.136417666,1,1
16.136460064,1,0
16.136501368,1,1
16.136543766,1,0
16.136585068,1,1
16.136627472,1,0
16.136671236,1,1
16.136713638,1,0
16.136751986,1,1
16.136794388,1,0
16.136839134,1,1
16.140464648,0,1
16.140476448,0,0
16.140519236,0,1
16.140542478,1,1
16.140561642,1,0
16.140602948,1,1
16.140645354,1,0
16.140686664,1,1
16.140707916,0,1
16.140728088,0,0
16.140769396,0,1
16.140792638,1,1
16.140811800,1,0
16.140853108,1,1
16.140895514,1,0
16.140936822,1,1
16.140979226,1,0
16.141020530,1,1
16.141041782,0,1
16.141061956,0,0
16.141103264,0,1
16.141144680,0,0
16.141188454,0,1
16.141229870,0,0
16.141268226,0,1
16.141291462,1,1
16.141310624,1,0
16.141355378,1,1
16.141371570,1,0
16.149973760,1,1
16.151244168,0,1
16.151255968,0,0
16.151298754,0,1
16.151340166,0,0
16.151381460,0,1
16.151422864,0,0
16.151464168,0,1
16.151505580,0,0
16.151546892,0,1
16.151588312,0,0
16.151629620,0,1
16.151652856,1,1
16.151672020,1,0
16.151713320,1,1
16.151755724,1,0
16.151797020,1,1
16.151839408,1,0
16.151880696,1,1
16.151923076,1,0
16.151966820,1,1
16.152009206,1,0
16.152047546,1,1
16.152089934,1,0
16.152134670,1,1
16.155763148,0,1
16.155774948,0,0
16.155817736,0,1
16.155840972,1,1
16.155860134,1,0
16.155901442,1,1
16.155943844,1,0
16.155985150,1,1
16.156006402,0,1
16.156026574,0,0
16.156067886,0,1
16.156109304,0,0
16.156150620,0,1
16.156173858,1,1
16.156193020,1,0
16.156234326,1,1
16.156276736,1,0
16.156318044,1,1
16.156339294,0,1
16.156359466,0,0
16.156400776,0,1
16.156442192,0,0
16.156485964,0,1
16.156509204,1,1
16.156528366,1,0
16.156566724,1,1
16.156609132,1,0
16.156653890,1,1
16.156671326,1,0
16.165985512,1,1
16.174217690,1,0
16.182635888,1,1
16.190880444,1,0
16.199298884,1,1
16.207531804,1,0
16.215961480,1,1
16.224193732,1,0
16.232612182,1,1
16.232649894,0,1
16.232661696,0,0
16.232704486,0,1
16.232727722,1,1
16.232746882,1,0
16.232788186,1,1
16.232830588,1,0
16.232871888,1,1
16.232893136,0,1
16.232913306,0,0
16.232954612,0,1
16.232977844,1,1
16.232997004,1,0
16.233038302,1,1
16.233080704,1,0
16.233122004,1,1
16.233164406,1,0
16.233205708,1,1
16.233226958,0,1
16.233247128,0,0
16.233288432,0,1
16.233329842,0,0
16.233373610,0,1
16.233415022,0,0
16.233453376,0,1
16.233476612,1,1
16.233495770,1,0
16.233540522,1,1
16.233575892,1,0
16.245984990,1,1
16.246428258,0,1
16.246440060,0,0
16.246482848,0,1
16.246506084,1,1
16.246525244,1,0
16.246566558,1,1
16.246608966,1,0
16.246650274,1,1
16.246671522,0,1
16.246691696,0,0
16.246733008,0,1
16.246774424,0,0
16.246815728,0,1
16.246838968,1,1
16.246858128,1,0
16.246899432,1,1
16.246941836,1,0
16.246983142,1,1
16.247004392,0,1
16.247024564,0,0
16.247065872,0,1
16.247107292,0,0
16.247151066,0,1
16.247174302,1,1
16.247193464,1,0
16.247231818,1,1
16.247274222,1,0
16.247318970,1,1
16.247353930,1,0
16.261974200,1,1
16.270206888,1,0
16.278636660,1,1
16.286868490,1,0
16.295285926,1,1
16.295980550,0,1
16.295992350,0,0
16.296035132,0,1
16.296076540,0,0
16.296117844,0,1
16.296159252,0,0
16.296200556,0,1
16.296241968,0,0
16.296283272,0,1
16.296324686,0,0
16.296365992,0,1
16.296389230,1,1
16.296408386,1,0
16.296449688,1,1
16.296492086,1,0
16.296533388,1,1
16.296575794,1,0
16.296617096,1,1
16.296659498,1,0
16.296703256,1,1
16.296745650,1,0
16.296783996,1,1
16.296826392,1,0
16.296871134,1,1
16.300499150,0,1
16.300510944,0,0
16.300553720,0,1
16.300576952,1,1
16.300596110,1,0
16.300637408,1,1
16.300679806,1,0
16.300721108,1,1
16.300742356,0,1
16.300762524,0,0
16.300803828,0,1
16.300845238,0,0
16.300886542,0,1
16.300909774,1,1
16.300928936,1,0
16.300970236,1,1
16.301012634,1,0
16.301053930,1,1
16.301075178,0,1
16.301095348,0,0
16.301136654,0,1
16.301178064,0,0
16.301221830,0,1
16.301245066,1,1
16.301264228,1,0
16.301302572,1,1
16.301344974,1,0
16.301389724,1,1
16.301406208,1,0
16.317974368,1,1
16.320022952,0,1
16.320034752,0,0
16.320077534,0,1
16.320118946,0,0
16.320160254,0,1
16.320201664,0,0
16.320242972,0,1
16.320284386,0,0
16.320325698,0,1
16.320367116,0,0
16.320408432,0,1
16.320431670,1,1
16.320450830,1,0
16.320492140,1,1
16.320534550,1,0
16.320575858,1,1
16.320618268,1,0
16.320659578,1,1
16.320701986,1,0
16.320745752,1,1
16.320788160,1,0
16.320826510,1,1
16.320868910,1,0
16.320913662,1,1
16.324539340,0,1
16.324551144,0,0
16.324593936,0,1
16.324617172,1,1
16.324636332,1,0
16.324677632,1,1
16.324720038,1,0
16.324761342,1,1
16.324782590,0,1
16.324802762,0,0
16.324844072,0,1
16.324867304,1,1
16.324886466,1,0
16.324927770,1,1
16.324970174,1,0
16.325011478,1,1
16.325053882,1,0
16.325095192,1,1
16.325116442,0,1
16.325136614,0,0
16.325177920,0,1
16.325219340,0,0
16.325263112,0,1
16.325304526,0,0
16.325342880,0,1
16.325366120,1,1
16.325385280,1,0
16.325430034,1,1
16.325446234,1,0
16.341974504,1,1
16.350207282,1,0
16.358637336,1,1
16.366869594,1,0
16.375287380,1,1
16.383519280,1,0
16.391948590,1,1
16.400180544,1,0
16.408598028,1,1
16.408633954,0,1
16.408645756,0,0
16.408688542,0,1
16.408711782,1,1
16.408730942,1,0
16.408772248,1,1
16.408793494,0,1
16.408813666,0,0
16.408854974,0,1
16.408878210,1,1
16.408897372,1,0
16.408938678,1,1
16.408959930,0,1
16.408980102,0,0
16.409021412,0,1
16.409044650,1,1
16.409063808,1,0
16.409105116,1,1
16.409147520,1,0
16.409188822,1,1
16.409210072,0,1
16.409230244,0,0
16.409271550,0,1
16.409312964,0,0
16.409356732,0,1
16.409379968,1,1
16.409399136,1,0
16.409437500,1,1
16.409479920,1,0
16.409524692,1,1
16.409560504,1,0
16.421984000,1,1
16.430216022,1,0
16.438644984,1,1
16.446877922,1,0
16.455295982,1,1
16.463528116,1,0
16.471957518,1,1
16.473547978,0,1
16.473559778,0,0
16.473602562,0,1
16.473643974,0,0
16.473685282,0,1
16.473726696,0,0
16.473768002,0,1
16.473791236,1,1
16.473810396,1,0
16.473851696,1,1
16.473894096,1,0
16.473935398,1,1
16.473977800,1,0
16.474019100,1,1
16.474061498,1,0
16.474102796,1,1
16.474124046,0,1
16.474144214,0,0
16.474185518,0,1
16.474226932,0,0
16.474270702,0,1
16.474293938,1,1
16.474313096,1,0
16.474351442,1,1
16.474393844,1,0
16.474438588,1,1
16.474474030,1,0
16.485973310,1,1
16.494204972,1,0
16.502634018,1,1
16.505457958,0,1
16.505469758,0,0
16.505512536,0,1
16.505553946,0,0
16.505595246,0,1
16.505636648,0,0
16.505677940,0,1
16.505719346,0,0
16.505760640,0,1
16.505802044,0,0
16.505843340,0,1
16.505866568,1,1
16.505885724,1,0
16.505927014,1,1
16.505969408,1,0
16.506010698,1,1
16.506053084,1,0
16.506094380,1,1
16.506136782,1,0
16.506180548,1,1
16.506222952,1,0
16.506261302,1,1
16.506303704,1,0
16.506348452,1,1
16.509977090,0,1
16.509988890,0,0
16.510031678,0,1
16.510054916,1,1
16.510074078,1,0
16.510115382,1,1
16.510136632,0,1
16.510156806,0,0
16.510198116,0,1
16.510221354,1,1
16.510240514,1,0
16.510281818,1,1
16.510303072,0,1
16.510323244,0,0
16.510364552,0,1
16.510387788,1,1
16.510406952,1,0
16.510448260,1,1
16.510490664,1,0
16.510531966,1,1
16.510553224,0,1
16.510573398,0,0
16.510614708,0,1
16.510656120,0,0
16.510699892,0,1
16.510723128,1,1
16.510742290,1,0
16.510780638,1,1
16.510823046,1,0
16.510867796,1,1
16.510884376,1,0
16.525984436,1,1
16.534216742,1,0
16.542634878,1,1
16.550865880,1,0
16.559294656,1,1
16.567526288,1,0
16.575943110,1,1
16.584186204,1,0
16.592603892,1,1
16.594796194,0,1
16.594807996,0,0
16.594850782,0,1
16.594874020,1,1
16.594893178,1,0
16.594934480,1,1
16.594955732,0,1
16.594975906,0,0
16.595017216,0,1
16.595040458,1,1
16.595059618,1,0
16.595100926,1,1
16.595122178,0,1
16.595142350,0,0
16.595183656,0,1
16.595206890,1,1
16.595226052,1,0
16.595267358,1,1
16.595309758,1,0
16.595351062,1,1
16.595372312,0,1
16.595392482,0,0
16.595433788,0,1
16.595475204,0,0
16.595518974,0,1
16.595542214,1,1
16.595561376,1,0
16.595599730,1,1
16.595642138,1,0
16.595686892,1,1
16.595722388,1,0
16.605984208,1,1
16.614216118,1,0
16.622633324,1,1
16.630876306,1,0
16.639294190,1,1
16.647526718,1,0
16.647542620,0,0
16.647635710,1,0
16.655956594,1,1
16.656756452,0,1
16.656768252,0,0
16.656811038,0,1
16.656852452,0,0
16.656893760,0,1
16.656935174,0,0
16.656976482,0,1
16.657017898,0,0
16.657059206,0,1
16.657100622,0,0
16.657141932,0,1
16.657165170,1,1
16.657184332,1,0
16.657225638,1,1
16.657268042,1,0
16.657309342,1,1
16.657351744,1,0
16.657393046,1,1
16.657435448,1,0
16.657479212,1,1
16.657521618,1,0
16.657559968,1,1
16.657602370,1,0
16.657647116,1,1
16.661275206,0,1
16.661287002,0,0
16.661329764,0,1
16.661352986,1,1
16.661372140,1,0
16.661413420,1,1
16.661434660,0,1
16.661454824,0,0
16.661496108,0,1
16.661519336,1,1
16.661538490,1,0
16.661579784,1,1
16.661601026,0,1
16.661621188,0,0
16.661662474,0,1
16.661685704,1,1
16.661704860,1,0
16.661746156,1,1
16.661788554,1,0
16.661829856,1,1
16.661851104,0,1
16.661871274,0,0
16.661912578,0,1
16.661953994,0,0
16.661997762,0,1
16.662020998,1,1
16.662040156,1,0
16.662078494,1,1
16.662120884,1,0
16.662165612,1,1
16.662182232,1,0
16.677971990,1,1
16.686203488,1,0
16.694632532,1,1
16.702864318,1,0
16.711282262,1,1
16.719526194,1,0
16.727944920,1,1
16.736177168,1,0
16.744606140,1,1
16.752838150,1,0
16.761255940,1,1
16.769488846,1,0
16.777918744,1,1
16.786151032,1,0
16.794568982,1,1
16.794699262,0,1
16.794711064,0,0
16.794753854,0,1
16.794777094,1,1
16.794796256,1,0
16.794837566,1,1
16.794858820,0,1
16.794878992,0,0
16.794920304,0,1
16.794943542,1,1
16.794962704,1,0
16.795004012,1,1
16.795025264,0,1
16.795045438,0,0
16.795086752,0,1
16.795109990,1,1
16.795129154,1,0
16.795170462,1,1
16.795212868,1,0
16.795254176,1,1
16.795275428,0,1
16.795295602,0,0
16.795336914,0,1
16.795378336,0,0
16.795422110,0,1
16.795445350,1,1
16.795464512,1,0
16.795502866,1,1
16.795545276,1,0
16.795590034,1,1
16.795614228,1,0
16.805983138,1,1
16.814214752,1,0
16.822632560,1,1
16.824056400,0,1
16.824068202,0,0
16.824110990,0,1
16.824152406,0,0
16.824193720,0,1
16.824235134,0,0
16.824276446,0,1
16.824317862,0,0
16.824359174,0,1
16.824400594,0,0
16.824441910,0,1
16.824465150,1,1
16.824484310,1,0
16.824525618,1,1
16.824568026,1,0
16.824609336,1,1
16.824651740,1,0
16.824693048,1,1
16.824735454,1,0
16.824779220,1,1
16.824821626,1,0
16.824859980,1,1
16.824902384,1,0
16.824947136,1,1
16.828575842,0,1
16.828587644,0,0
16.828630434,0,1
16.828653672,1,1
16.828672836,1,0
16.828714144,1,1
16.828735396,0,1
16.828755568,0,0
16.828796882,0,1
16.828820118,1,1
16.828839280,1,0
16.828880586,1,1
16.828901836,0,1
16.828922010,0,0
16.828963318,0,1
16.828986558,1,1
16.829005718,1,0
16.829047024,1,1
16.829089432,1,0
16.829130742,1,1
16.829151992,0,1
16.829172166,0,0
16.829213478,0,1
16.829254896,0,0
16.829298672,0,1
16.829321910,1,1
16.829341072,1,0
16.829379422,1,1
16.829421828,1,0
16.829466586,1,1
16.829483148,1,0
16.845973296,1,1
16.848541940,0,1
16.848553742,0,0
16.848596528,0,1
16.848637942,0,0
16.848679250,0,1
16.848720666,0,0
16.848761976,0,1
16.848803390,0,0
16.848844700,0,1
16.848886114,0,0
16.848927416,0,1
16.848950654,1,1
16.848969814,1,0
16.849011116,1,1
16.849053518,1,0
16.849094820,1,1
16.849137222,1,0
16.849178526,1,1
16.849220930,1,0
16.849264702,1,1
16.849307100,1,0
16.849345452,1,1
16.849387856,1,0
16.849432608,1,1
16.853061084,0,1
16.853072886,0,0
16.853115670,0,1
16.853157088,0,0
16.853198400,0,1
16.853239818,0,0
16.853281126,0,1
16.853304366,1,1
16.853323526,1,0
16.853364830,1,1
16.853407230,1,0
16.853448534,1,1
16.853490940,1,0
16.853532246,1,1
16.853574660,1,0
16.853615964,1,1
16.853637212,0,1
16.853657382,0,0
16.853698686,0,1
16.853740102,0,0
16.853783870,0,1
16.853807108,1,1
16.853826268,1,0
16.853864616,1,1
16.853907018,1,0
16.853951768,1,1
16.853967750,1,0
16.869974986,1,1
16.878218540,1,0
16.886635990,1,1
16.894867990,1,0
16.903297824,1,1
16.911529910,1,0
16.919948022,1,1
16.928181076,1,0
16.936611114,1,1
16.937016470,0,1
16.937028272,0,0
16.937071060,0,1
16.937112474,0,0
16.937153784,0,1
16.937177022,1,1
16.937196182,1,0
16.937237486,1,1
16.937279888,1,0
16.937321190,1,1
16.937342444,0,1
16.937362614,0,0
16.937403922,0,1
16.937427160,1,1
16.937446322,1,0
16.937487628,1,1
16.937530030,1,0
16.937571336,1,1
16.937592588,0,1
16.937612760,0,0
16.937654070,0,1
16.937695488,0,0
16.937739260,0,1
16.937762498,1,1
16.937781660,1,0
16.937820010,1,1
16.937862420,1,0
16.937907170,1,1
16.937942676,1,0
16.949985050,1,1
16.956354220,0,1
16.956366020,0,0
16.956408804,0,1
16.956432044,1,1
16.956451202,1,0
16.956492504,1,1
16.956513754,0,1
16.956533924,0,0
16.956575234,0,1
16.956598468,1,1
16.956617630,1,0
16.956658936,1,1
16.956701340,1,0
16.956742652,1,1
16.956763902,0,1
16.956784074,0,0
16.956825382,0,1
16.956848622,1,1
16.956867784,1,0
16.956909088,1,1
16.956930338,0,1
16.956950508,0,0
16.956991818,0,1
16.957033234,0,0
16.957077006,0,1
16.957100244,1,1
16.957119406,1,0
16.957157754,1,1
16.957200156,1,0
16.957244906,1,1
16.957280252,1,0
16.965972056,1,1
16.974204186,1,0
16.982633616,1,1
16.990866040,1,0
16.999284042,1,1
17.007528598,1,0
17.015947624,1,1
17.018191076,0,1
17.018202876,0,0
17.018245658,0,1
17.018287070,0,0
17.018328374,0,1
17.018369786,0,0
17.018411092,0,1
17.018452506,0,0
17.018493812,0,1
17.018535222,0,0
17.018576534,0,1
17.018599768,1,1
17.018618926,1,0
17.018660228,1,1
17.018702626,1,0
17.018743930,1,1
17.018786334,1,0
17.018827632,1,1
17.018870036,1,0
17.018913798,1,1
17.018956196,1,0
17.018994544,1,1
17.019036944,1,0
17.019081690,1,1
17.022710104,0,1
17.022721904,0,0
17.022764688,0,1
17.022787926,1,1
17.022807086,1,0
17.022848390,1,1
17.022869638,0,1
17.022889808,0,0
17.022931116,0,1
17.022954354,1,1
17.022973516,1,0
17.023014822,1,1
17.023057232,1,0
17.023098540,1,1
17.023119790,0,1
17.023139962,0,0
17.023181270,0,1
17.023204506,1,1
17.023223668,1,0
17.023264970,1,1
17.023286220,0,1
17.023306392,0,0
17.023347706,0,1
17.023389122,0,0
17.023432902,0,1
17.023456142,1,1
17.023475306,1,0
17.023513660,1,1
17.023556068,1,0
17.023600822,1,1
17.023616870,1,0
17.037983544,1,1
17.045845816,0,1
17.045857618,0,0
17.045900404,0,1
17.045941818,0,0
17.045983126,0,1
17.046024542,0,0
17.046065852,0,1
17.046107268,0,0
17.046148578,0,1
17.046189990,0,0
17.046231300,0,1
17.046254536,1,1
17.046273698,1,0
17.046315002,1,1
17.046357404,1,0
17.046398710,1,1
17.046441112,1,0
17.046482414,1,1
17.046524822,1,0
17.046568594,1,1
17.046610998,1,0
17.046649354,1,1
17.046691756,1,0
17.046736510,1,1
17.050365006,0,1
17.050376806,0,0
17.050419590,0,1
17.050461004,0,0
17.050502308,0,1
17.050525540,1,1
17.050544702,1,0
17.050586010,1,1
17.050628412,1,0
17.050669712,1,1
17.050690966,0,1
17.050711138,0,0
17.050752446,0,1
17.050775682,1,1
17.050794840,1,0
17.050836146,1,1
17.050878550,1,0
17.050919848,1,1
17.050941102,0,1
17.050961272,0,0
17.051002580,0,1
17.051043994,0,0
17.051087766,0,1
17.051111002,1,1
17.051130164,1,0
17.051168514,1,1
17.051210918,1,0
17.051255670,1,1
17.051271692,1,0
17.061966402,1,1
17.070199480,1,0
17.078628764,1,1
17.086861342,1,0
17.095279878,1,1
17.100291984,0,1
17.100303784,0,0
17.100346562,0,1
17.100369800,1,1
17.100388960,1,0
17.100430258,1,1
17.100451508,0,1
17.100471678,0,0
17.100512986,0,1
17.100536220,1,1
17.100555384,1,0
17.100596686,1,1
17.100639092,1,0
17.100680398,1,1
17.100722800,1,0
17.100764104,1,1
17.100806506,1,0
17.100847806,1,1
17.100869054,0,1
17.100889224,0,0
17.100930528,0,1
17.100971942,0,0
17.101015706,0,1
17.101057120,0,0
17.101095468,0,1
17.101118702,1,1
17.101137862,1,0
17.101182610,1,1
17.101217704,1,0
17.109974108,1,1
17.111047832,0,1
17.111059632,0,0
17.111102416,0,1
17.111143832,0,0
17.111185142,0,1
17.111208380,1,1
17.111227542,1,0
17.111268852,1,1
17.111311264,1,0
17.111352572,1,1
17.111394982,1,0
17.111436292,1,1
17.111478698,1,0
17.111520006,1,1
17.111562426,1,0
17.111603734,1,1
17.111624988,0,1
17.111645164,0,0
17.111686474,0,1
17.111727892,0,0
17.111771670,0,1
17.111813088,0,0
17.111851444,0,1
17.111874680,1,1
17.111893842,1,0
17.111938600,1,1
17.111973804,1,0
17.125973974,1,1
17.134217776,1,0
17.142635440,1,1
17.150867394,1,0
17.159296800,1,1
17.167529800,1,0
17.175948592,1,1
17.184181724,1,0
17.192611956,1,1
17.193102738,0,1
17.193114538,0,0
17.193157328,0,1
17.193198748,0,0
17.193240058,0,1
17.193281476,0,0
17.193322790,0,1
17.193364208,0,0
17.193405518,0,1
17.193446940,0,0
17.193488250,0,1
17.193511484,1,1
17.193530646,1,0
17.193571956,1,1
17.193614362,1,0
17.193655668,1,1
17.193698076,1,0
17.193739384,1,1
17.193781788,1,0
17.193825556,1,1
17.193867960,1,0
17.193906308,1,1
17.193948714,1,0
17.193993468,1,1
17.197619076,0,1
17.197630878,0,0
17.197673664,0,1
17.197715078,0,0
17.197756386,0,1
17.197779624,1,1
17.197798784,1,0
17.197840090,1,1
17.197882498,1,0
17.197923804,1,1
17.197966210,1,0
17.198007518,1,1
17.198049924,1,0
17.198091230,1,1
17.198133634,1,0
17.198174940,1,1
17.198196192,0,1
17.198216362,0,0
17.198257670,0,1
17.198299088,0,0
17.198342856,0,1
17.198384272,0,0
17.198422632,0,1
17.198445870,1,1
17.198465030,1,0
17.198509776,1,1
17.198525862,1,0
17.213980526,1,1
17.218178782,0,1
17.218190584,0,0
17.218233372,0,1
17.218274786,0,0
17.218316098,0,1
17.218357516,0,0
17.218398826,0,1
17.218440244,0,0
17.218481556,0,1
17.218522974,0,0
17.218564286,0,1
17.218587526,1,1
17.218606686,1,0
17.218647994,1,1
17.218690398,1,0
17.218731706,1,1
17.218774110,1,0
17.218815416,1,1
17.218857824,1,0
17.218901592,1,1
17.218944000,1,0
17.218982352,1,1
17.219024758,1,0
17.219069510,1,1
17.222694960,0,1
17.222706762,0,0
17.222749546,0,1
17.222772782,1,1
17.222791944,1,0
17.222833252,1,1
17.222854504,0,1
17.222874674,0,0
17.222915982,0,1
17.222939218,1,1
17.222958378,1,0
17.222999684,1,1
17.223042088,1,0
17.223083394,1,1
17.223125798,1,0
17.223167104,1,1
17.223209514,1,0
17.223250820,1,1
17.223272072,0,1
17.223292244,0,0
17.223333560,0,1
17.223374978,0,0
17.223418748,0,1
17.223460170,0,0
17.223498530,0,1
17.223521766,1,1
17.223540928,1,0
17.223585688,1,1
17.223602188,1,0
17.237983318,1,1
17.246215482,1,0
17.254633916,1,1
17.262877808,1,0
17.271296550,1,1
17.273225796,0,1
17.273237596,0,0
17.273280378,0,1
17.273303612,1,1
17.273322772,1,0
17.273364072,1,1
17.273385320,0,1
17.273405490,0,0
17.273446798,0,1
17.273470044,1,1
17.273489210,1,0
17.273530540,1,1
17.273572966,1,0
17.273614286,1,1
17.273656698,1,0
17.273698008,1,1
17.273740414,1,0
17.273781720,1,1
17.273802970,0,1
17.273823144,0,0
17.273864452,0,1
17.273905870,0,0
17.273949646,0,1
17.273991064,0,0
17.274029420,0,1
17.274052658,1,1
17.274071820,1,0
17.274116572,1,1
17.274151904,1,0
17.285972806,1,1
17.287003710,0,1
17.287015512,0,0
17.287058296,0,1
17.287099706,0,0
17.287141016,0,1
17.287164252,1,1
17.287183416,1,0
17.287224722,1,1
17.287267126,1,0
17.287308434,1,1
17.287329686,0,1
17.287349858,0,0
17.287391164,0,1
17.287414402,1,1
17.287433566,1,0
17.287474870,1,1
17.287517278,1,0
17.287558590,1,1
17.287579842,0,1
17.287600014,0,0
17.287641322,0,1
17.287682742,0,0
17.287726518,0,1
17.287749754,1,1
17.287768916,1,0
17.287807268,1,1
17.287849674,1,0
17.287894420,1,1
17.287929384,1,0
17.301983312,1,1
17.310214960,1,0
17.318632448,1,1
17.326864400,1,0
17.335293900,1,1
17.343525944,1,0
17.351944628,1,1
17.360188530,1,0
17.368607092,1,1
17.369344622,0,1
17.369356424,0,0
17.369399202,0,1
17.369440618,0,0
17.369481926,0,1
17.369523340,0,0
17.369564650,0,1
17.369606068,0,0
17.369647376,0,1
17.369688788,0,0
17.369730096,0,1
17.369753330,1,1
17.369772492,1,0
17.369813794,1,1
17.369856198,1,0
17.369897506,1,1
17.369939908,1,0
17.369981210,1,1
17.370023614,1,0
17.370067374,1,1
17.370109776,1,0
17.370148124,1,1
17.370190526,1,0
17.370235274,1,1
17.373863974,0,1
17.373875774,0,0
17.373918562,0,1
17.373959982,0,0
17.374001292,0,1
17.374024530,1,1
17.374043692,1,0
17.374084996,1,1
17.374127404,1,0
17.374168710,1,1
17.374189960,0,1
17.374210134,0,0
17.374251444,0,1
17.374274682,1,1
17.374293844,1,0
17.374335152,1,1
17.374377562,1,0
17.374418868,1,1
17.374440120,0,1
17.374460292,0,0
17.374501604,0,1
17.374543018,0,0
17.374586796,0,1
17.374610032,1,1
17.374629194,1,0
17.374667542,1,1
17.374709952,1,0
17.374754702,1,1
17.374771066,1,0
17.389981956,1,1
17.392000198,0,1
17.392012006,0,0
17.392054820,0,1
17.392096254,0,0
17.392137574,0,1
17.392178998,0,0
17.392220310,0,1
17.392261728,0,0
17.392303038,0,1
17.392344456,0,0
17.392385764,0,1
17.392409002,1,1
17.392428164,1,0
17.392469468,1,1
17.392511870,1,0
17.392553180,1,1
17.392595596,1,0
17.392636906,1,1
17.392679316,1,0
17.392723086,1,1
17.392765490,1,0
17.392803844,1,1
17.392846248,1,0
17.392890998,1,1
17.396516630,0,1
17.396528430,0,0
17.396571218,0,1
17.396594458,1,1
17.396613620,1,0
17.396654926,1,1
17.396676176,0,1
17.396696348,0,0
17.396737662,0,1
17.396760900,1,1
17.396780060,1,0
17.396821368,1,1
17.396863776,1,0
17.396905082,1,1
17.396947490,1,0
17.396988796,1,1
17.397031206,1,0
17.397072516,1,1
17.397093768,0,1
17.397113942,0,0
17.397155258,0,1
17.397196674,0,0
17.397240450,0,1
17.397281868,0,0
17.397320224,0,1
17.397343462,1,1
17.397362626,1,0
17.397407384,1,1
17.397423622,1,0
17.413971004,1,1
17.415878682,0,1
17.415890482,0,0
17.415933266,0,1
17.415956502,1,1
17.415975662,1,0
17.416016968,1,1
17.416038218,0,1
17.416058390,0,0
17.416099700,0,1
17.416122940,1,1
17.416142102,1,0
17.416183410,1,1
17.416225812,1,0
17.416267116,1,1
17.416309524,1,0
17.416350828,1,1
17.416393234,1,0
17.416434540,1,1
17.416455792,0,1
17.416475964,0,0
17.416517272,0,1
17.416558694,0,0
17.416602466,0,1
17.416643884,0,0
17.416682240,0,1
17.416705478,1,1
17.416724638,1,0
17.416769388,1,1
17.416804914,1,0
17.429981318,1,1
17.434782074,0,1
17.434793876,0,0
17.434836660,0,1
17.434878076,0,0
17.434919386,0,1
17.434942624,1,1
17.434961784,1,0
17.435003090,1,1
17.435045498,1,0
17.435086804,1,1
17.435108054,0,1
17.435128226,0,0
17.435169536,0,1
17.435192772,1,1
17.435211932,1,0
17.435253238,1,1
17.435295644,1,0
17.435336948,1,1
17.435358198,0,1
17.435378368,0,0
17.435419678,0,1
17.435461096,0,0
17.435504868,0,1
17.435528108,1,1
17.435547272,1,0
17.435585628,1,1
17.435628030,1,0
17.435672784,1,1
17.435708276,1,0
17.445982292,1,1
17.454213972,1,0
17.462630836,1,1
17.465255642,0,1
17.465267444,0,0
17.465310234,0,1
17.465351650,0,0
17.465392960,0,1
17.465434380,0,0
17.465475692,0,1
17.465517106,0,0
17.465558424,0,1
17.465599838,0,0
17.465641148,0,1
17.465664386,1,1
17.465683548,1,0
17.465724856,1,1
17.465767262,1,0
17.465808566,1,1
17.465850972,1,0
17.465892280,1,1
17.465934684,1,0
17.465978452,1,1
17.466020856,1,0
17.466059208,1,1
17.466101616,1,0
17.466146368,1,1
17.469772020,0,1
17.469783820,0,0
17.469826600,0,1
17.469849832,1,1
17.469868994,1,0
17.469910296,1,1
17.469931546,0,1
17.469951716,0,0
17.469993024,0,1
17.470016258,1,1
17.470035420,1,0
17.470076718,1,1
17.470119120,1,0
17.470160424,1,1
17.470202830,1,0
17.470244132,1,1
17.470286540,1,0
17.470327842,1,1
17.470349092,0,1
17.470369262,0,0
17.470410568,0,1
17.470451980,0,0
17.470495750,0,1
17.470537168,0,0
17.470575526,0,1
17.470598766,1,1
17.470617928,1,0
17.470662682,1,1
17.470678882,1,0
17.485981184,1,1
17.486228750,0,1
17.486240554,0,0
17.486283348,0,1
17.486324770,0,0
17.486366086,0,1
17.486407510,0,0
17.486448828,0,1
17.486490252,0,0
17.486531572,0,1
17.486573000,0,0
17.486614320,0,1
17.486637568,1,1
17.486656732,1,0
17.486698048,1,1
17.486740462,1,0
17.486781776,1,1
17.486824190,1,0
17.486865502,1,1
17.486907914,1,0
17.486951690,1,1
17.486994100,1,0
17.487032458,1,1
17.487074864,1,0
17.487119616,1,1
17.490748384,0,1
17.490760186,0,0
17.490802968,0,1
17.490844384,0,0
17.490885696,0,1
17.490908930,1,1
17.490928090,1,0
17.490969398,1,1
17.491011808,1,0
17.491053114,1,1
17.491074364,0,1
17.491094538,0,0
17.491135848,0,1
17.491159086,1,1
17.491178246,1,0
17.491219552,1,1
17.491261958,1,0
17.491303264,1,1
17.491324514,0,1
17.491344688,0,0
17.491386000,0,1
17.491427420,0,0
17.491471194,0,1
17.491494432,1,1
17.491513594,1,0
17.491551948,1,1
17.491594360,1,0
17.491639118,1,1
17.491655746,1,0
17.501983166,1,1
17.510214590,1,0
17.518631878,1,1
17.526875422,1,0
17.535293840,1,1
17.543526768,1,0
17.551956426,1,1
17.560188346,1,0
17.568605292,1,1
17.576837272,1,0
17.585266496,1,1
17.590015574,0,1
17.590027382,0,0
17.590070198,0,1
17.590093448,1,1
17.590112620,1,0
17.590153954,1,1
17.590196386,1,0
17.590237726,1,1
17.590258986,0,1
17.590279170,0,0
17.590320516,0,1
17.590361960,0,0
17.590403302,0,1
17.590426554,1,1
17.590445726,1,0
17.590487064,1,1
17.590529490,1,0
17.590570824,1,1
17.590592090,0,1
17.590612274,0,0
17.590653616,0,1
17.590695056,0,0
17.590738860,0,1
17.590762110,1,1
17.590781284,1,0
17.590819660,1,1
17.590862092,1,0
17.590906878,1,1
17.590930722,1,0
17.605970886,1,1
17.606919202,0,1
17.606931008,0,0
17.606973818,0,1
17.607015254,0,0
17.607056582,0,1
17.607098018,0,0
17.607139348,0,1
17.607162596,1,1
17.607181766,1,0
17.607223092,1,1
17.607244352,0,1
17.607264534,0,0
17.607305862,0,1
17.607329110,1,1
17.607348282,1,0
17.607389610,1,1
17.607432036,1,0
17.607473366,1,1
17.607494628,0,1
17.607514812,0,0
17.607556140,0,1
17.607597576,0,0
17.607641378,0,1
17.607682814,0,0
17.607721184,0,1
17.607744432,1,1
17.607763602,1,0
17.607808374,1,1
17.607843388,1,0
17.621981404,1,1
17.624489070,0,1
17.624500876,0,0
17.624543688,0,1
17.624585124,0,0
17.624626450,0,1
17.624667886,0,0
17.624709216,0,1
17.624732470,1,1
17.624751638,1,0
17.624792968,1,1
17.624835398,1,0
17.624876718,1,1
17.624919144,1,0
17.624960470,1,1
17.625002888,1,0
17.625044210,1,1
17.625044214,1,0
17.625044216,1,1
17.625065474,0,1
17.625085654,0,0
17.625126982,0,1
17.625168416,0,0
17.625212208,0,1
17.625235460,1,1
17.625254628,1,0
17.625293000,1,1
17.625335430,1,0
17.625380206,1,1
17.625415560,1,0
17.637970196,1,1
17.643687466,0,1
17.643699282,0,0
17.643742124,0,1
17.643783590,0,0
17.643824960,0,1
17.643866422,0,0
17.643907786,0,1
17.643949252,0,0
17.643990618,0,1
17.644032082,0,0
17.644073450,0,1
17.644096718,1,1
17.644115900,1,0
17.644157262,1,1
17.644199716,1,0
17.644241076,1,1
17.644283532,1,0
17.644324896,1,1
17.644367356,1,0
17.644411180,1,1
17.644453634,1,0
17.644492034,1,1
17.644534488,1,0
17.644579296,1,1
17.648212244,0,1
17.648224060,0,0
17.648266904,0,1
17.648308370,0,0
17.648349730,0,1
17.648391194,0,0
17.648432558,0,1
17.648455824,1,1
17.648475002,1,0
17.648516362,1,1
17.648558818,1,0
17.648600176,1,1
17.648642628,1,0
17.648683988,1,1
17.648726440,1,0
17.648767796,1,1
17.648789072,0,1
17.648809268,0,0
17.648850630,0,1
17.648892090,0,0
17.648935920,0,1
17.648959186,1,1
17.648978366,1,0
17.649016766,1,1
17.649059222,1,0
17.649104030,1,1
17.649120426,1,0
17.661969778,1,1
17.670213292,1,0
17.678631416,1,1
17.679293818,0,1
17.679305618,0,0
17.679348402,0,1
17.679389814,0,0
17.679431120,0,1
17.679472536,0,0
17.679513844,0,1
17.679555260,0,0
17.679596568,0,1
17.679637980,0,0
17.679679286,0,1
17.679702522,1,1
17.679721682,1,0
17.679762982,1,1
17.679805382,1,0
17.679846682,1,1
17.679889084,1,0
17.679930382,1,1
17.679972784,1,0
17.680016548,1,1
17.680058950,1,0
17.680097296,1,1
17.680139698,1,0
17.680184440,1,1
17.683813710,0,1
17.683825510,0,0
17.683868292,0,1
17.683909708,0,0
17.683951020,0,1
17.683992434,0,0
17.684033744,0,1
17.684056984,1,1
17.684076148,1,0
17.684117450,1,1
17.684138700,0,1
17.684158872,0,0
17.684200180,0,1
17.684223418,1,1
17.684242576,1,0
17.684283878,1,1
17.684326286,1,0
17.684367594,1,1
17.684388842,0,1
17.684409014,0,0
17.684450330,0,1
17.684491746,0,0
17.684535518,0,1
17.684576940,0,0
17.684615288,0,1
17.684638518,1,1
17.684657670,1,0
17.684702396,1,1
17.684719790,1,0
17.693981226,1,1
17.702213410,1,0
17.710632014,1,1
17.710670138,0,1
17.710681940,0,0
17.710724730,0,1
17.710766146,0,0
17.710807456,0,1
17.710848868,0,0
17.710890170,0,1
17.710931586,0,0
17.710972894,0,1
17.711014304,0,0
17.711055606,0,1
17.711078840,1,1
17.711097998,1,0
17.711139298,1,1
17.711181700,1,0
17.711223000,1,1
17.711265400,1,0
17.711306700,1,1
17.711349102,1,0
17.711392864,1,1
17.711435266,1,0
17.711473614,1,1
17.711516014,1,0
17.711560766,1,1
17.715189068,0,1
17.715200868,0,0
17.715243652,0,1
17.715266890,1,1
17.715286050,1,0
17.715327352,1,1
17.715369758,1,0
17.715411060,1,1
17.715432310,0,1
17.715452480,0,0
17.715493790,0,1
17.715535204,0,0
17.715576512,0,1
17.715599750,1,1
17.715618910,1,0
17.715660216,1,1
17.715702620,1,0
17.715743924,1,1
17.715765174,0,1
17.715785346,0,0
17.715826654,0,1
17.715868070,0,0
17.715911840,0,1
17.715935076,1,1
17.715954232,1,0
17.715992576,1,1
17.716034976,1,0
17.716079722,1,1
17.716096222,1,0
17.725971138,1,1
17.734214292,1,0
17.742632600,1,1
17.747796480,0,1
17.747808284,0,0
17.747851080,0,1
17.747874324,1,1
17.747893488,1,0
17.747934808,1,1
17.747977220,1,0
17.748018534,1,1
17.748039790,0,1
17.748059966,0,0
17.748101286,0,1
17.748142714,0,0
17.748184034,0,1
17.748207276,1,1
17.748226444,1,0
17.748267760,1,1
17.748310176,1,0
17.748351492,1,1
17.748372746,0,1
17.748392924,0,0
17.748434244,0,1
17.748475672,0,0
17.748519456,0,1
17.748542700,1,1
17.748561868,1,0
17.748600230,1,1
17.748642648,1,0
17.748687412,1,1
17.748722730,1,0
17.757981240,1,1
17.761512398,0,1
17.761524200,0,0
17.761566992,0,1
17.761608410,0,0
17.761649726,0,1
17.761691144,0,0
17.761732458,0,1
17.761755696,1,1
17.761774858,1,0
17.761816166,1,1
17.761837416,0,1
17.761857590,0,0
17.761898904,0,1
17.761922144,1,1
17.761941306,1,0
17.761982614,1,1
17.762025024,1,0
17.762066330,1,1
17.762087584,0,1
17.762107756,0,0
17.762149068,0,1
17.762190486,0,0
17.762234262,0,1
17.762275680,0,0
17.762314038,0,1
17.762337282,1,1
17.762356442,1,0
17.762401196,1,1
17.762437454,1,0
17.773969346,1,1
17.782201420,1,0
17.790630600,1,1
17.798862806,1,0
17.807280882,1,1
17.815513014,1,0
17.823943242,1,1
17.832176064,1,0
17.840594380,1,1
17.842506190,0,1
17.842517992,0,0
17.842560780,0,1
17.842602190,0,0
17.842643500,0,1
17.842684912,0,0
17.842726218,0,1
17.842767634,0,0
17.842808944,0,1
17.842850356,0,0
17.842891664,0,1
17.842914900,1,1
17.842934060,1,0
17.842975366,1,1
17.843017766,1,0
17.843059068,1,1
17.843101472,1,0
17.843142772,1,1
17.843185178,1,0
17.843228944,1,1
17.843271344,1,0
17.843309694,1,1
17.843352096,1,0
17.843396848,1,1
17.847026098,0,1
17.847037902,0,0
17.847080698,0,1
17.847122122,0,0
17.847163440,0,1
17.847204858,0,0
17.847246178,0,1
17.847269418,1,1
17.847288580,1,0
17.847329892,1,1
17.847351144,0,1
17.847371314,0,0
17.847412620,0,1
17.847435858,1,1
17.847455020,1,0
17.847496330,1,1
17.847538732,1,0
17.847580032,1,1
17.847601282,0,1
17.847621452,0,0
17.847662756,0,1
17.847704164,0,0
17.847747930,0,1
17.847789346,0,0
17.847827698,0,1
17.847850932,1,1
17.847870090,1,0
17.847914836,1,1
17.847931062,1,0
17.861981642,1,1
17.867586930,0,1
17.867598732,0,0
17.867641524,0,1
17.867682950,0,0
17.867724268,0,1
17.867765692,0,0
17.867807014,0,1
17.867848438,0,0
17.867889768,0,1
17.867931218,0,0
17.867972566,0,1
17.867995822,1,1
17.868014992,1,0
17.868056322,1,1
17.868098742,1,0
17.868140062,1,1
17.868182476,1,0
17.868223792,1,1
17.868266204,1,0
17.868309984,1,1
17.868352396,1,0
17.868390758,1,1
17.868433172,1,0
17.868477936,1,1
17.872107394,0,1
17.872119194,0,0
17.872161984,0,1
17.872185220,1,1
17.872204380,1,0
17.872245688,1,1
17.872288098,1,0
17.872329406,1,1
17.872350660,0,1
17.872370834,0,0
17.872412150,0,1
17.872453570,0,0
17.872494878,0,1
17.872518120,1,1
17.872537282,1,0
17.872578596,1,1
17.872621006,1,0
17.872662318,1,1
17.872683570,0,1
17.872703744,0,0
17.872745052,0,1
17.872786474,0,0
17.872830248,0,1
17.872853486,1,1
17.872872646,1,0
17.872911000,1,1
17.872953404,1,0
17.872998156,1,1
17.873014756,1,0
17.885970252,1,1
17.891157804,0,1
17.891169604,0,0
17.891212384,0,1
17.891235616,1,1
17.891254778,1,0
17.891296082,1,1
17.891338484,1,0
17.891379778,1,1
17.891401026,0,1
17.891421190,0,0
17.891462482,0,1
17.891485712,1,1
17.891504866,1,0
17.891546156,1,1
17.891588546,1,0
17.891629824,1,1
17.891672210,1,0
17.891713492,1,1
17.891734730,0,1
17.891754890,0,0
17.891796178,0,1
17.891837574,0,0
17.891881320,0,1
17.891922718,0,0
17.891961050,0,1
17.891984272,1,1
17.892003422,1,0
17.892048148,1,1
17.892083620,1,0
17.901969998,1,1
17.910214080,1,0
17.918633244,1,1
17.926866670,1,0
17.935296538,1,1
17.943529626,1,0
17.951947336,1,1
17.953363340,0,1
17.953375142,0,0
17.953417928,0,1
17.953441164,1,1
17.953460328,1,0
17.953501632,1,1
17.953544038,1,0
17.953585346,1,1
17.953606596,0,1
17.953626768,0,0
17.953668080,0,1
17.953709498,0,0
17.953750806,0,1
17.953774048,1,1
17.953793208,1,0
17.953834516,1,1
17.953876918,1,0
17.953918222,1,1
17.953939474,0,1
17.953959646,0,0
17.954000950,0,1
17.954042370,0,0
17.954086140,0,1
17.954109378,1,1
17.954128538,1,0
17.954166890,1,1
17.954209294,1,0
17.954254042,1,1
17.954278244,1,0
17.965969736,1,1
17.974202606,1,0
17.982632898,1,1
17.990865590,1,0
17.999283974,1,1
18.007527840,1,0
18.015946344,1,1
18.024178492,1,0
18.032608642,1,1
18.040841110,1,0
18.049259358,1,1
18.056579450,0,1
18.056591252,0,0
18.056634036,0,1
18.056675450,0,0
18.056716758,0,1
18.056758172,0,0
18.056799480,0,1
18.056840892,0,0
18.056882198,0,1
18.056923612,0,0
18.056964922,0,1
18.056988156,1,1
18.057007314,1,0
18.057048618,1,1
18.057091024,1,0
18.057132326,1,1
18.057174728,1,0
18.057216034,1,1
18.057258432,1,0
18.057302194,1,1
18.057344596,1,0
18.057382944,1,1
18.057425344,1,0
18.057470094,1,1
18.061098382,0,1
18.061110182,0,0
18.061152968,0,1
18.061176204,1,1
18.061195364,1,0
18.061236668,1,1
18.061279074,1,0
18.061320378,1,1
18.061341628,0,1
18.061361800,0,0
18.061403110,0,1
18.061444528,0,0
18.061485842,0,1
18.061509080,1,1
18.061528244,1,0
18.061569556,1,1
18.061611962,1,0
18.061653268,1,1
18.061674522,0,1
18.061694692,0,0
18.061736000,0,1
18.061777418,0,0
18.061821188,0,1
18.061844424,1,1
18.061863586,1,0
18.061901934,1,1
18.061944340,1,0
18.061989088,1,1
18.062005654,1,0
18.077969634,1,1
18.086213846,1,0
18.094633018,1,1
18.094784788,0,1
18.094796582,0,0
18.094839346,0,1
18.094880752,0,0
18.094922040,0,1
18.094963438,0,0
18.095004722,0,1
18.095046116,0,0
18.095087402,0,1
18.095128800,0,0
18.095170086,0,1
18.095193308,1,1
18.095212460,1,0
18.095253740,1,1
18.095296122,1,0
18.095337398,1,1
18.095379788,1,0
18.095421084,1,1
18.095463484,1,0
18.095507232,1,1
18.095549622,1,0
18.095587954,1,1
18.095630340,1,0
18.095675068,1,1
18.099299638,0,1
18.099311438,0,0
18.099354218,0,1
18.099377452,1,1
18.099396614,1,0
18.099437920,1,1
18.099480324,1,0
18.099521628,1,1
18.099542880,0,1
18.099563056,0,0
18.099604364,0,1
18.099627602,1,1
18.099646764,1,0
18.099688070,1,1
18.099730474,1,0
18.099771776,1,1
18.099814182,1,0
18.099855486,1,1
18.099876736,0,1
18.099896906,0,0
18.099938218,0,1
18.099979634,0,0
18.100023402,0,1
18.100064818,0,0
18.100103174,0,1
18.100126410,1,1
18.100145570,1,0
18.100190320,1,1
18.100207656,1,0
18.109968954,1,1
18.118200644,1,0
18.126629984,1,1
18.134861942,1,0
18.143280240,1,1
18.151523970,1,0
18.159941324,1,1
18.168172838,1,0
18.176601986,1,1
18.184834238,1,0
18.193251570,1,1
18.201482858,1,0
18.209911930,1,1
18.210072084,0,1
18.210083878,0,0
18.210126636,0,1
18.210168034,0,0
18.210209318,0,1
18.210232542,1,1
18.210251690,1,0
18.210292974,1,1
18.210335356,1,0
18.210376636,1,1
18.210397876,0,1
18.210418036,0,0
18.210459326,0,1
18.210482548,1,1
18.210501700,1,0
18.210542980,1,1
18.210585364,1,0
18.210626650,1,1
18.210647888,0,1
18.210668050,0,0
18.210709336,0,1
18.210750730,0,0
18.210794474,0,1
18.210817698,1,1
18.210836852,1,0
18.210875180,1,1
18.210917560,1,0
18.210962290,1,1
18.210997316,1,0
18.221967902,1,1
18.226535136,0,1
18.226546938,0,0
18.226589732,0,1
18.226612970,1,1
18.226632132,1,0
18.226673442,1,1
18.226694694,0,1
18.226714868,0,0
18.226756178,0,1
18.226779412,1,1
18.226798578,1,0
18.226839886,1,1
18.226882288,1,0
18.226923594,1,1
18.226944844,0,1
18.226965018,0,0
18.227006330,0,1
18.227029564,1,1
18.227048728,1,0
18.227090034,1,1
18.227111284,0,1
18.227131456,0,0
18.227172764,0,1
18.227214182,0,0
18.227257952,0,1
18.227281186,1,1
18.227300346,1,0
18.227338696,1,1
18.227381100,1,0
18.227425852,1,1
18.227460850,1,0
18.237969304,1,1
18.246201672,1,0
18.254630576,1,1
18.262862014,1,0
18.271279216,1,1
18.279511604,1,0
18.287941170,1,1
18.296172976,1,0
18.304591004,1,1
18.312834026,1,0
18.321251382,1,1
18.329483662,1,0
18.337912992,1,1
18.346145698,1,0
18.354564688,1,1
18.362796542,1,0
18.371226140,1,1
18.379457904,1,0
18.387875184,1,1
18.396118484,1,0
18.404536718,1,1
18.407621212,0,1
18.407633012,0,0
18.407675798,0,1
18.407717216,0,0
18.407758524,0,1
18.407799938,0,0
18.407841248,0,1
18.407882664,0,0
18.407923970,0,1
18.407965386,0,0
18.408006694,0,1
18.408029928,1,1
18.408049088,1,0
18.408090394,1,1
18.408132798,1,0
18.408174100,1,1
18.408216502,1,0
18.408257804,1,1
18.408300204,1,0
18.408343964,1,1
18.408386364,1,0
18.408424706,1,1
18.408467110,1,0
18.408511860,1,1
18.412140284,0,1
18.412152084,0,0
18.412194866,0,1
18.412218098,1,1
18.412237256,1,0
18.412278558,1,1
18.412299806,0,1
18.412319976,0,0
18.412361282,0,1
18.412384516,1,1
18.412403676,1,0
18.412444976,1,1
18.412487374,1,0
18.412528674,1,1
18.412549924,0,1
18.412570096,0,0
18.412611402,0,1
18.412634636,1,1
18.412653798,1,0
18.412695102,1,1
18.412716350,0,1
18.412736518,0,0
18.412777820,0,1
18.412819234,0,0
18.412863002,0,1
18.412886236,1,1
18.412905394,1,0
18.412943742,1,1
18.412986144,1,0
18.413030890,1,1
18.413047248,1,0
18.421969162,1,1
18.428072728,0,1
18.428084528,0,0
18.428127310,0,1
18.428168720,0,0
18.428210028,0,1
18.428251440,0,0
18.428292748,0,1
18.428334162,0,0
18.428375466,0,1
18.428416880,0,0
18.428458188,0,1
18.428481424,1,1
18.428500584,1,0
18.428541890,1,1
18.428584296,1,0
18.428625600,1,1
18.428668002,1,0
18.428709304,1,1
18.428751704,1,0
18.428795468,1,1
18.428837872,1,0
18.428876220,1,1
18.428918620,1,0
18.428963366,1,1
18.432591644,0,1
18.432603446,0,0
18.432646228,0,1
18.432687640,0,0
18.432728948,0,1
18.432752182,1,1
18.432771342,1,0
18.432812642,1,1
18.432855044,1,0
18.432896348,1,1
18.432917596,0,1
18.432937764,0,0
18.432979072,0,1
18.433002308,1,1
18.433021468,1,0
18.433062766,1,1
18.433105168,1,0
18.433146470,1,1
18.433167718,0,1
18.433187886,0,0
18.433229190,0,1
18.433270604,0,0
18.433314370,0,1
18.433337606,1,1
18.433356768,1,0
18.433395120,1,1
18.433437522,1,0
18.433482270,1,1
18.433498756,1,0
18.445969138,1,1
18.446734912,0,1
18.446746712,0,0
18.446789498,0,1
18.446812740,1,1
18.446831906,1,0
18.446873228,1,1
18.446894486,0,1
18.446914666,0,0
18.446955988,0,1
18.446979234,1,1
18.446998402,1,0
18.447039722,1,1
18.447082142,1,0
18.447123462,1,1
18.447165880,1,0
18.447207196,1,1
18.447249612,1,0
18.447290934,1,1
18.447312190,0,1
18.447332370,0,0
18.447373696,0,1
18.447415128,0,0
18.447458916,0,1
18.447500346,0,0
18.447538720,0,1
18.447561968,1,1
18.447581130,1,0
18.447625884,1,1
18.447661028,1,0
18.461981000,1,1
18.464087266,0,1
18.464099068,0,0
18.464141850,0,1
18.464183266,0,0
18.464224576,0,1
18.464247810,1,1
18.464266968,1,0
18.464308278,1,1
18.464350680,1,0
18.464391980,1,1
18.464434388,1,0
18.464475692,1,1
18.464518094,1,0
18.464559398,1,1
18.464601806,1,0
18.464643110,1,1
18.464664362,0,1
18.464684534,0,0
18.464725846,0,1
18.464767264,0,0
18.464811032,0,1
18.464852448,0,0
18.464890802,0,1
18.464914040,1,1
18.464933200,1,0
18.464977952,1,1
18.465013562,1,0
18.477969082,1,1
18.486212784,1,0
18.494630826,1,1
18.502864550,1,0
18.511294414,1,1
18.515395346,0,1
18.515407146,0,0
18.515449932,0,1
18.515473168,1,1
18.515492330,1,0
18.515533632,1,1
18.515554884,0,1
18.515575058,0,0
18.515616362,0,1
18.515639598,1,1
18.515658760,1,0
18.515700066,1,1
18.515742470,1,0
18.515783770,1,1
18.515805020,0,1
18.515825190,0,0
18.515866500,0,1
18.515889734,1,1
18.515908896,1,0
18.515950196,1,1
18.515971448,0,1
18.515991620,0,0
18.516032926,0,1
18.516074338,0,0
18.516118108,0,1
18.516141342,1,1
18.516160502,1,0
18.516198848,1,1
18.516241252,1,0
18.516286000,1,1
18.516321108,1,0
18.525969842,1,1
18.534202992,1,0
18.542632892,1,1
18.545220342,0,1
18.545232144,0,0
18.545274932,0,1
18.545316350,0,0
18.545357664,0,1
18.545399080,0,0
18.545440394,0,1
18.545481814,0,0
18.545523124,0,1
18.545564546,0,0
18.545605858,0,1
18.545629094,1,1
18.545648258,1,0
18.545689568,1,1
18.545731974,1,0
18.545773278,1,1
18.545815688,1,0
18.545856994,1,1
18.545899400,1,0
18.545943170,1,1
18.545985578,1,0
18.546023928,1,1
18.546066336,1,0
18.546111088,1,1
18.549736936,0,1
18.549748738,0,0
18.549791522,0,1
18.549832942,0,0
18.549874252,0,1
18.549897492,1,1
18.549916652,1,0
18.549957958,1,1
18.550000366,1,0
18.550041672,1,1
18.550084080,1,0
18.550125384,1,1
18.550167790,1,0
18.550209096,1,1
18.550251500,1,0
18.550292806,1,1
18.550314056,0,1
18.550334228,0,0
18.550375538,0,1
18.550416954,0,0
18.550460724,0,1
18.550502140,0,0
18.550540494,0,1
18.550563736,1,1
18.550582896,1,0
18.550627648,1,1
18.550643752,1,0
18.565979624,1,1
18.567561544,0,1
18.567573346,0,0
18.567616136,0,1
18.567657550,0,0
18.567698860,0,1
18.567722098,1,1
18.567741260,1,0
18.567782566,1,1
18.567824976,1,0
18.567866296,1,1
18.567887554,0,1
18.567907732,0,0
18.567949054,0,1
18.567972292,1,1
18.567991454,1,0
18.568032760,1,1
18.568075162,1,0
18.568116466,1,1
18.568137716,0,1
18.568157888,0,0
18.568199194,0,1
18.568240608,0,0
18.568284380,0,1
18.568307614,1,1
18.568326776,1,0
18.568365128,1,1
18.568407532,1,0
18.568452282,1,1
18.568487854,1,0
18.581969440,1,1
18.584896816,0,1
18.584908618,0,0
18.584951408,0,1
18.584992826,0,0
18.585034142,0,1
18.585075560,0,0
18.585116876,0,1
18.585158294,0,0
18.585199608,0,1
18.585241028,0,0
18.585282344,0,1
18.585305582,1,1
18.585324744,1,0
18.585366052,1,1
18.585408458,1,0
18.585449768,1,1
18.585492176,1,0
18.585533488,1,1
18.585575902,1,0
18.585619676,1,1
18.585662086,1,0
18.585700442,1,1
18.585742848,1,0
18.585787604,1,1
18.589413528,0,1
18.589425330,0,0
18.589468128,0,1
18.589491370,1,1
18.589510538,1,0
18.589551854,1,1
18.589573112,0,1
18.589593290,0,0
18.589634608,0,1
18.589657850,1,1
18.589677012,1,0
18.589718324,1,1
18.589760734,1,0
18.589802046,1,1
18.589844452,1,0
18.589885764,1,1
18.589928176,1,0
18.589969488,1,1
18.589990742,0,1
18.590010916,0,0
18.590052232,0,1
18.590093652,0,0
18.590137432,0,1
18.590178852,0,0
18.590217210,0,1
18.590240450,1,1
18.590259614,1,0
18.590304370,1,1
18.590320600,1,0
18.605969804,1,1
18.609480456,0,1
18.609492250,0,0
18.609535012,0,1
18.609576422,0,0
18.609617728,0,1
18.609659132,0,0
18.609700428,0,1
18.609741824,0,0
18.609783112,0,1
18.609824522,0,0
18.609865830,0,1
18.609889062,1,1
18.609908222,1,0
18.609949512,1,1
18.609991898,1,0
18.610033178,1,1
18.610075570,1,0
18.610116868,1,1
18.610159264,1,0
18.610203026,1,1
18.610245428,1,0
18.610283772,1,1
18.610326178,1,0
18.610370930,1,1
18.613999528,0,1
18.614011328,0,0
18.614054116,0,1
18.614095530,0,0
18.614136840,0,1
18.614160078,1,1
18.614179238,1,0
18.614220542,1,1
18.614262950,1,0
18.614304256,1,1
18.614325508,0,1
18.614345680,0,0
18.614386994,0,1
18.614410230,1,1
18.614429394,1,0
18.614470700,1,1
18.614513104,1,0
18.614554414,1,1
18.614575664,0,1
18.614595834,0,0
18.614637146,0,1
18.614678564,0,0
18.614722336,0,1
18.614745576,1,1
18.614764736,1,0
18.614803094,1,1
18.614845500,1,0
18.614890252,1,1
18.614906880,1,0
18.629973076,1,1
18.630008028,0,1
18.630019832,0,0
18.630062620,0,1
18.630104038,0,0
18.630145348,0,1
18.630186764,0,0
18.630228074,0,1
18.630269490,0,0
18.630310802,0,1
18.630352218,0,0
18.630393532,0,1
18.630416770,1,1
18.630435930,1,0
18.630477232,1,1
18.630519640,1,0
18.630560948,1,1
18.630603350,1,0
18.630644656,1,1
18.630687056,1,0
18.630730824,1,1
18.630773230,1,0
18.630811584,1,1
18.630853984,1,0
18.630898732,1,1
18.634527252,0,1
18.634539052,0,0
18.634581838,0,1
18.634605074,1,1
18.634624232,1,0
18.634665536,1,1
18.634686788,0,1
18.634706960,0,0
18.634748270,0,1
18.634771504,1,1
18.634790662,1,0
18.634831966,1,1
18.634874368,1,0
18.634915672,1,1
18.634936924,0,1
18.634957098,0,0
18.634998408,0,1
18.635021644,1,1
18.635040802,1,0
18.635082106,1,1
18.635103356,0,1
18.635123528,0,0
18.635164836,0,1
18.635206248,0,0
18.635250018,0,1
18.635273256,1,1
18.635292414,1,0
18.635330762,1,1
18.635373166,1,0
18.635417916,1,1
18.635434092,1,0
18.645971048,1,1
18.654202648,1,0
18.662632252,1,1
18.664294748,0,1
18.664306550,0,0
18.664349340,0,1
18.664372578,1,1
18.664391740,1,0
18.664433048,1,1
18.664454302,0,1
18.664474476,0,0
18.664515790,0,1
18.664539030,1,1
18.664558194,1,0
18.664599506,1,1
18.664641918,1,0
18.664683226,1,1
18.664725638,1,0
18.664766950,1,1
18.664809360,1,0
18.664850670,1,1
18.664871924,0,1
18.664892098,0,0
18.664933410,0,1
18.664974832,0,0
18.665018610,0,1
18.665060030,0,0
18.665098388,0,1
18.665121626,1,1
18.665140790,1,0
18.665185546,1,1
18.665220696,1,0
18.677968006,1,1
18.678724244,0,1
18.678736048,0,0
18.678778844,0,1
18.678820266,0,0
18.678861586,0,1
18.678884826,1,1
18.678903990,1,0
18.678945304,1,1
18.678987718,1,0
18.679029030,1,1
18.679071442,1,0
18.679112758,1,1
18.679155170,1,0
18.679196484,1,1
18.679238896,1,0
18.679280208,1,1
18.679301460,0,1
18.679321636,0,0
18.679362954,0,1
18.679404378,0,0
18.679448160,0,1
18.679489584,0,0
18.679527946,0,1
18.679551196,1,1
18.679570362,1,0
18.679615132,1,1
18.679650268,1,0
18.693982780,1,1
18.702215752,1,0
18.710634484,1,1
18.718878162,1,0
18.727296460,1,1
18.735528560,1,0
18.743958286,1,1
18.746185290,0,1
18.746197092,0,0
18.746239880,0,1
18.746281296,0,0
18.746322602,0,1
18.746364018,0,0
18.746405326,0,1
18.746446740,0,0
18.746488046,0,1
18.746529462,0,0
18.746570778,0,1
18.746594012,1,1
18.746613174,1,0
18.746654480,1,1
18.746696880,1,0
18.746738182,1,1
18.746780586,1,0
18.746821890,1,1
18.746864294,1,0
18.746908064,1,1
18.746950470,1,0
18.746988820,1,1
18.747031226,1,0
18.747075978,1,1
18.750701512,0,1
18.750713312,0,0
18.750756094,0,1
18.750797508,0,0
18.750838812,0,1
18.750862050,1,1
18.750881210,1,0
18.750922512,1,1
18.750964918,1,0
18.751006222,1,1
18.751048626,1,0
18.751089930,1,1
18.751132334,1,0
18.751173638,1,1
18.751216044,1,0
18.751257350,1,1
18.751278598,0,1
18.751298768,0,0
18.751340074,0,1
18.751381488,0,0
18.751425258,0,1
18.751466672,0,0
18.751505028,0,1
18.751528264,1,1
18.751547428,1,0
18.751592184,1,1
18.751608646,1,0
18.765978290,1,1
18.767811152,0,1
18.767822954,0,0
18.767865750,0,1
18.767907172,0,0
18.767948480,0,1
18.767971718,1,1
18.767990880,1,0
18.768032188,1,1
18.768074592,1,0
18.768115898,1,1
18.768137150,0,1
18.768157324,0,0
18.768198636,0,1
18.768221874,1,1
18.768241036,1,0
18.768282346,1,1
18.768324746,1,0
18.768366046,1,1
18.768387298,0,1
18.768407470,0,0
18.768448776,0,1
18.768490192,0,0
18.768533964,0,1
18.768557206,1,1
18.768576370,1,0
18.768614724,1,1
18.768657132,1,0
18.768701886,1,1
18.768737444,1,0
18.781977780,1,1
18.782436758,0,1
18.782448560,0,0
18.782491348,0,1
18.782514582,1,1
18.782533746,1,0
18.782575058,1,1
18.782596312,0,1
18.782616484,0,0
18.782657794,0,1
18.782699216,0,0
18.782740522,0,1
18.782781940,0,0
18.782823254,0,1
18.782864670,0,0
18.782905978,0,1
18.782929216,1,1
18.782948380,1,0
18.782989690,1,1
18.783010942,0,1
18.783031114,0,0
18.783072428,0,1
18.783113850,0,0
18.783157624,0,1
18.783180862,1,1
18.783200026,1,0
18.783238382,1,1
18.783280788,1,0
18.783325538,1,1
18.783360660,1,0
18.797967150,1,1
18.800811504,0,1
18.800823306,0,0
18.800866092,0,1
18.800907512,0,0
18.800948824,0,1
18.800990242,0,0
18.801031554,0,1
18.801072970,0,0
18.801114278,0,1
18.801155694,0,0
18.801197004,0,1
18.801220240,1,1
18.801239402,1,0
18.801280710,1,1
18.801323124,1,0
18.801364436,1,1
18.801406844,1,0
18.801448160,1,1
18.801490572,1,0
18.801534342,1,1
18.801576752,1,0
18.801615102,1,1
18.801657510,1,0
18.801702268,1,1
18.805328088,0,1
18.805339890,0,0
18.805382680,0,1
18.805405916,1,1
18.805425078,1,0
18.805466388,1,1
18.805487644,0,1
18.805507820,0,0
18.805549136,0,1
18.805572376,1,1
18.805591536,1,0
18.805632846,1,1
18.805675254,1,0
18.805716562,1,1
18.805758968,1,0
18.805800272,1,1
18.805842676,1,0
18.805883982,1,1
18.805905232,0,1
18.805925406,0,0
18.805966714,0,1
18.806008132,0,0
18.806051906,0,1
18.806093320,0,0
18.806131676,0,1
18.806154916,1,1
18.806174078,1,0
18.806218830,1,1
18.806236112,1,0
18.821968704,1,1
18.823507778,0,1
18.823519580,0,0
18.823562374,0,1
18.823603798,0,0
18.823645116,0,1
18.823686536,0,0
18.823727854,0,1
18.823769274,0,0
18.823810590,0,1
18.823852012,0,0
18.823893330,0,1
18.823916568,1,1
18.823935730,1,0
18.823977036,1,1
18.824019446,1,0
18.824060752,1,1
18.824103164,1,0
18.824144474,1,1
18.824186880,1,0
18.824230654,1,1
18.824273064,1,0
18.824311418,1,1
18.824353826,1,0
18.824398582,1,1
18.828027592,0,1
18.828039396,0,0
18.828082184,0,1
18.828123600,0,0
18.828164916,0,1
18.828188154,1,1
18.828207316,1,0
18.828248624,1,1
18.828291034,1,0
18.828332344,1,1
18.828353600,0,1
18.828373774,0,0
18.828415092,0,1
18.828438332,1,1
18.828457494,1,0
18.828498806,1,1
18.828541216,1,0
18.828582530,1,1
18.828603782,0,1
18.828623958,0,0
18.828665270,0,1
18.828706692,0,0
18.828750472,0,1
18.828773710,1,1
18.828792874,1,0
18.828831230,1,1
18.828873640,1,0
18.828918398,1,1
18.828934748,1,0
18.837980092,1,1
18.838886898,0,1
18.838898702,0,0
18.838941492,0,1
18.838964732,1,1
18.838983896,1,0
18.839025208,1,1
18.839046460,0,1
18.839066636,0,0
18.839107952,0,1
18.839131190,1,1
18.839150352,1,0
18.839191662,1,1
18.839234070,1,0
18.839275380,1,1
18.839317790,1,0
18.839359100,1,1
18.839401508,1,0
18.839442824,1,1
18.839464076,0,1
18.839484250,0,0
18.839525564,0,1
18.839566990,0,0
18.839610768,0,1
18.839652190,0,0
18.839690554,0,1
18.839713794,1,1
18.839732956,1,0
18.839777714,1,1
18.839812762,1,0
18.853978772,1,1
18.856101836,0,1
18.856113638,0,0
18.856156430,0,1
18.856197850,0,0
18.856239166,0,1
18.856262406,1,1
18.856281568,1,0
18.856322880,1,1
18.856365288,1,0
18.856406594,1,1
18.856427850,0,1
18.856448022,0,0
18.856489338,0,1
18.856512576,1,1
18.856531738,1,0
18.856573054,1,1
18.856615468,1,0
18.856656776,1,1
18.856678030,0,1
18.856698204,0,0
18.856739520,0,1
18.856780940,0,0
18.856824714,0,1
18.856847952,1,1
18.856867116,1,0
18.856905468,1,1
18.856947876,1,0
18.856992632,1,1
18.857028174,1,0
18.869967116,1,1
18.878210058,1,0
18.886627686,1,1
18.887796812,0,1
18.887808614,0,0
18.887851404,0,1
18.887892818,0,0
18.887934132,0,1
18.887975554,0,0
18.888016866,0,1
18.888058286,0,0
18.888099598,0,1
18.888141014,0,0
18.888182322,0,1
18.888205562,1,1
18.888224724,1,0
18.888266028,1,1
18.888308432,1,0
18.888349738,1,1
18.888392144,1,0
18.888433448,1,1
18.888475854,1,0
18.888519618,1,1
18.888562026,1,0
18.888600378,1,1
18.888642786,1,0
18.888687546,1,1
18.892319936,0,1
18.892331738,0,0
18.892374520,0,1
18.892397758,1,1
18.892416920,1,0
18.892458224,1,1
18.892479474,0,1
18.892499646,0,0
18.892540956,0,1
18.892582378,0,0
18.892623688,0,1
18.892665108,0,0
18.892706418,0,1
18.892747836,0,0
18.892789150,0,1
18.892812386,1,1
18.892831548,1,0
18.892872854,1,1
18.892894104,0,1
18.892914276,0,0
18.892955586,0,1
18.892997000,0,0
18.893040772,0,1
18.893064010,1,1
18.893083170,1,0
18.893121518,1,1
18.893163922,1,0
18.893208674,1,1
18.893225084,1,0
18.901967882,1,1
18.909891158,0,1
18.909902956,0,0
18.909945740,0,1
18.909987154,0,0
18.910028462,0,1
18.910069880,0,0
18.910111192,0,1
18.910152606,0,0
18.910193914,0,1
18.910235330,0,0
18.910276638,0,1
18.910299874,1,1
18.910319036,1,0
18.910360342,1,1
18.910402748,1,0
18.910444054,1,1
18.910486466,1,0
18.910527772,1,1
18.910570176,1,0
18.910613944,1,1
18.910656348,1,0
18.910694696,1,1
18.910737102,1,0
18.910781856,1,1
18.914409756,0,1
18.914421552,0,0
18.914464312,0,1
18.914505702,0,0
18.914546988,0,1
18.914570216,1,1
18.914589368,1,0
18.914630650,1,1
18.914673034,1,0
18.914714314,1,1
18.914735556,0,1
18.914755714,0,0
18.914797002,0,1
18.914820226,1,1
18.914839378,1,0
18.914880656,1,1
18.914923038,1,0
18.914964318,1,1
18.914985558,0,1
18.915005718,0,0
18.915047000,0,1
18.915088398,0,0
18.915132144,0,1
18.915155368,1,1
18.915174522,1,0
18.915212848,1,1
18.915255230,1,0
18.915299950,1,1
18.915316008,1,0
18.925966102,1,1
18.934197864,1,0
18.942626858,1,1
18.950858406,1,0
18.959275928,1,1
18.961239898,0,1
18.961251698,0,0
18.961294484,0,1
18.961335902,0,0
18.961377212,0,1
18.961400448,1,1
18.961419610,1,0
18.961460920,1,1
18.961503328,1,0
18.961544636,1,1
18.961565894,0,1
18.961586068,0,0
18.961627384,0,1
18.961650624,1,1
18.961669784,1,0
18.961711092,1,1
18.961753502,1,0
18.961794804,1,1
18.961816056,0,1
18.961836228,0,0
18.961877542,0,1
18.961918960,0,0
18.961962724,0,1
18.961985956,1,1
18.962005116,1,0
18.962043456,1,1
18.962085850,1,0
18.962130586,1,1
18.962166062,1,0
18.973968758,1,1
18.977797908,0,1
18.977809710,0,0
18.977852498,0,1
18.977875734,1,1
18.977894898,1,0
18.977936204,1,1
18.977957456,0,1
18.977977630,0,0
18.978018946,0,1
18.978060364,0,0
18.978101676,0,1
18.978143096,0,0
18.978184410,0,1
18.978225828,0,0
18.978267144,0,1
18.978290382,1,1
18.978309544,1,0
18.978350854,1,1
18.978372106,0,1
18.978392280,0,0
18.978433594,0,1
18.978475012,0,0
18.978518790,0,1
18.978542028,1,1
18.978561196,1,0
18.978599552,1,1
18.978641960,1,0
18.978686718,1,1
18.978722186,1,0
18.989979020,1,1
18.994307618,0,1
18.994319420,0,0
18.994362210,0,1
18.994385448,1,1
18.994404610,1,0
18.994445918,1,1
18.994467168,0,1
18.994487342,0,0
18.994528658,0,1
18.994551906,1,1
18.994571070,1,0
18.994612382,1,1
18.994654796,1,0
18.994696110,1,1
18.994717362,0,1
18.994737536,0,0
18.994778852,0,1
18.994802094,1,1
18.994821262,1,0
18.994862584,1,1
18.994883846,0,1
18.994904028,0,0
18.994945358,0,1
18.994986790,0,0
18.995030576,0,1
18.995053818,1,1
18.995072982,1,0
18.995111334,1,1
18.995153744,1,0
18.995198500,1,1
18.995234072,1,0
19.005967482,1,1
19.014200402,1,0
19.022629502,1,1
19.023212510,0,1
19.023224310,0,0
19.023267092,0,1
19.023308506,0,0
19.023349814,0,1
19.023391232,0,0
19.023432544,0,1
19.023473964,0,0
19.023515274,0,1
19.023556692,0,0
19.023598006,0,1
19.023621244,1,1
19.023640406,1,0
19.023681712,1,1
19.023724120,1,0
19.023765426,1,1
19.023807832,1,0
19.023849140,1,1
19.023891544,1,0
19.023935310,1,1
19.023977716,1,0
19.024016070,1,1
19.024058474,1,0
19.024103226,1,1
19.027731918,0,1
19.027743718,0,0
19.027786504,0,1
19.027809744,1,1
19.027828904,1,0
19.027870208,1,1
19.027891460,0,1
19.027911634,0,0
19.027952948,0,1
19.027976184,1,1
19.027995346,1,0
19.028036652,1,1
19.028079056,1,0
19.028120360,1,1
19.028141606,0,1
19.028161778,0,0
19.028203094,0,1
19.028226328,1,1
19.028245492,1,0
19.028286796,1,1
19.028308046,0,1
19.028328218,0,0
19.028369528,0,1
19.028410944,0,0
19.028454718,0,1
19.028477956,1,1
19.028497116,1,0
19.028535464,1,1
19.028577872,1,0
19.028622626,1,1
19.028638822,1,0
19.037978378,1,1
19.040023670,0,1
19.040035472,0,0
19.040078256,0,1
19.040119674,0,0
19.040160984,0,1
19.040202400,0,0
19.040243714,0,1
19.040285132,0,0
19.040326442,0,1
19.040367862,0,0
19.040409174,0,1
19.040432410,1,1
19.040451572,1,0
19.040492880,1,1
19.040535284,1,0
19.040576592,1,1
19.040619000,1,0
19.040660310,1,1
19.040702718,1,0
19.040746488,1,1
19.040788900,1,0
19.040827252,1,1
19.040869654,1,0
19.040914410,1,1
19.044543046,0,1
19.044554850,0,0
19.044597640,0,1
19.044639056,0,0
19.044680366,0,1
19.044703602,1,1
19.044722762,1,0
19.044764068,1,1
19.044806470,1,0
19.044847780,1,1
19.044869030,0,1
19.044889202,0,0
19.044930508,0,1
19.044953752,1,1
19.044972914,1,0
19.045014222,1,1
19.045056626,1,0
19.045097932,1,1
19.045119182,0,1
19.045139354,0,0
19.045180660,0,1
19.045222078,0,0
19.045265850,0,1
19.045289088,1,1
19.045308248,1,0
19.045346600,1,1
19.045389004,1,0
19.045433754,1,1
19.045450200,1,0
19.061962072,1,1
19.062663588,0,1
19.062675388,0,0
19.062718172,0,1
19.062759586,0,0
19.062800894,0,1
19.062842308,0,0
19.062883614,0,1
19.062925030,0,0
19.062966338,0,1
19.063007752,0,0
19.063049060,0,1
19.063072298,1,1
19.063091458,1,0
19.063132762,1,1
19.063175170,1,0
19.063216478,1,1
19.063258882,1,0
19.063300188,1,1
19.063342594,1,0
19.063386362,1,1
19.063428766,1,0
19.063467120,1,1
19.063509524,1,0
19.063554272,1,1
19.067179644,0,1
19.067191444,0,0
19.067234232,0,1
19.067257468,1,1
19.067276630,1,0
19.067317932,1,1
19.067339182,0,1
19.067359352,0,0
19.067400664,0,1
19.067423898,1,1
19.067443058,1,0
19.067484360,1,1
19.067526764,1,0
19.067568068,1,1
19.067610472,1,0
19.067651778,1,1
19.067694180,1,0
19.067735482,1,1
19.067756732,0,1
19.067776904,0,0
19.067818218,0,1
19.067859644,0,0
19.067903424,0,1
19.067944842,0,0
19.067983194,0,1
19.068006428,1,1
19.068025588,1,0
19.068070340,1,1
19.068086488,1,0
19.077968776,1,1
19.078013768,0,1
19.078025572,0,0
19.078068362,0,1
19.078109778,0,0
19.078151092,0,1
19.078192508,0,0
19.078233818,0,1
19.078275240,0,0
19.078316550,0,1
19.078357968,0,0
19.078399284,0,1
19.078422520,1,1
19.078441682,1,0
19.078482988,1,1
19.078525394,1,0
19.078566706,1,1
19.078609110,1,0
19.078650420,1,1
19.078692830,1,0
19.078736596,1,1
19.078779004,1,0
19.078817358,1,1
19.078859760,1,0
19.078904512,1,1
19.082537162,0,1
19.082548964,0,0
19.082591752,0,1
19.082614990,1,1
19.082634150,1,0
19.082675452,1,1
19.082696706,0,1
19.082716880,0,0
19.082758190,0,1
19.082799604,0,0
19.082840914,0,1
19.082882330,0,0
19.082923638,0,1
19.082965056,0,0
19.083006368,0,1
19.083029606,1,1
19.083048766,1,0
19.083090072,1,1
19.083111324,0,1
19.083131494,0,0
19.083172798,0,1
19.083214216,0,0
19.083257986,0,1
19.083281224,1,1
19.083300384,1,0
19.083338732,1,1
19.083381136,1,0
19.083425886,1,1
19.083442380,1,0
19.093968238,1,1
19.102199334,1,0
19.110627932,1,1
19.112329844,0,1
19.112341646,0,0
19.112384436,0,1
19.112425854,0,0
19.112467168,0,1
19.112508586,0,0
19.112549904,0,1
19.112573148,1,1
19.112592314,1,0
19.112633628,1,1
19.112676036,1,0
19.112717346,1,1
19.112759756,1,0
19.112801066,1,1
19.112843478,1,0
19.112884786,1,1
19.112906038,0,1
19.112926210,0,0
19.112967526,0,1
19.113008946,0,0
19.113052724,0,1
19.113075960,1,1
19.113095126,1,0
19.113133482,1,1
19.113175890,1,0
19.113220648,1,1
19.113255850,1,0
19.125966326,1,1
19.128820460,0,1
19.128832260,0,0
19.128875050,0,1
19.128898292,1,1
19.128917454,1,0
19.128958768,1,1
19.129001176,1,0
19.129042486,1,1
19.129063738,0,1
19.129083914,0,0
19.129125230,0,1
19.129166650,0,0
19.129207962,0,1
19.129231204,1,1
19.129250368,1,0
19.129291680,1,1
19.129334086,1,0
19.129375396,1,1
19.129396650,0,1
19.129416824,0,0
19.129458142,0,1
19.129499564,0,0
19.129543342,0,1
19.129566586,1,1
19.129585750,1,0
19.129624106,1,1
19.129666518,1,0
19.129711274,1,1
19.129746560,1,0
19.141976654,1,1
19.143319680,0,1
19.143331482,0,0
19.143374274,0,1
19.143415698,0,0
19.143457014,0,1
19.143498438,0,0
19.143539758,0,1
19.143563000,1,1
19.143582166,1,0
19.143623478,1,1
19.143644734,0,1
19.143664910,0,0
19.143706230,0,1
19.143729468,1,1
19.143748632,1,0
19.143789948,1,1
19.143832358,1,0
19.143873670,1,1
19.143894926,0,1
19.143915100,0,0
19.143956418,0,1
19.143997840,0,0
19.144041620,0,1
19.144083042,0,0
19.144121402,0,1
19.144144644,1,1
19.144163808,1,0
19.144208568,1,1
19.144244148,1,0
19.157967778,1,1
19.166199202,1,0
19.174626948,1,1
19.182857454,1,0
19.191275092,1,1
19.199517960,1,0
19.207935408,1,1
19.216167132,1,0
19.224595478,1,1
19.232826592,1,0
19.241243778,1,1
19.241942674,0,1
19.241954476,0,0
19.241997264,0,1
19.242038680,0,0
19.242079992,0,1
19.242103232,1,1
19.242122392,1,0
19.242163698,1,1
19.242184948,0,1
19.242205122,0,0
19.242246436,0,1
19.242269672,1,1
19.242288834,1,0
19.242330142,1,1
19.242351394,0,1
19.242371570,0,0
19.242412882,0,1
19.242436124,1,1
19.242455286,1,0
19.242496596,1,1
19.242517852,0,1
19.242538024,0,0
19.242579336,0,1
19.242620752,0,0
19.242664522,0,1
19.242705942,0,0
19.242744300,0,1
19.242767542,1,1
19.242786704,1,0
19.242831456,1,1
19.242867006,1,0
19.253977730,1,1
19.262209306,1,0
19.270626312,1,1
19.278857306,1,0
19.287286086,1,1
19.295517638,1,0
19.303935188,1,1
19.312178540,1,0
19.320596204,1,1
19.328828126,1,0
19.337257468,1,1
19.345489450,1,0
19.353908112,1,1
19.362140516,1,0
19.370569612,1,1
19.378801536,1,0
19.387219020,1,1
19.395461864,1,0
19.403879374,1,1
19.405197048,0,1
19.405208848,0,0
19.405251630,0,1
19.405293046,0,0
19.405334356,0,1
19.405375768,0,0
19.405417076,0,1
19.405458492,0,0
19.405499800,0,1
19.405541218,0,0
19.405582534,0,1
19.405605770,1,1
19.405624932,1,0
19.405666234,1,1
19.405666238,1,0
19.405666242,1,1
19.405708644,1,0
19.405749948,1,1
19.405792356,1,0
19.405833662,1,1
19.405876064,1,0
19.405919828,1,1
19.405962232,1,0
19.406000580,1,1
19.406042984,1,0
19.406087738,1,1
19.409716374,0,1
19.409728176,0,0
19.409770964,0,1
19.409812378,0,0
19.409853690,0,1
19.409895108,0,0
19.409936416,0,1
19.409959652,1,1
19.409978814,1,0
19.410020124,1,1
19.410062530,1,0
19.410103838,1,1
19.410146248,1,0
19.410187558,1,1
19.410229964,1,0
19.410271272,1,1
19.410292522,0,1
19.410312694,0,0
19.410354002,0,1
19.410395420,0,0
19.410439194,0,1
19.410462432,1,1
19.410481594,1,0
19.410519948,1,1
19.410562356,1,0
19.410607116,1,1
19.410623584,1,0
19.421977802,1,1
19.430209360,1,0
19.438626758,1,1
19.446869236,1,0
19.455286306,1,1
19.456339822,0,1
19.456351622,0,0
19.456394400,0,1
19.456435814,0,0
19.456477120,0,1
19.456518534,0,0
19.456559848,0,1
19.456601272,0,0
19.456642586,0,1
19.456684002,0,0
19.456725308,0,1
19.456748544,1,1
19.456767706,1,0
19.456809012,1,1
19.456851414,1,0
19.456892714,1,1
19.456935118,1,0
19.456976420,1,1
19.457018824,1,0
19.457062592,1,1
19.457104996,1,0
19.457143342,1,1
19.457185746,1,0
19.457230496,1,1
19.460859952,0,1
19.460871752,0,0
19.460914536,0,1
19.460955950,0,0
19.460997264,0,1
19.461020498,1,1
19.461039660,1,0
19.461080962,1,1
19.461102216,0,1
19.461122390,0,0
19.461163698,0,1
19.461186932,1,1
19.461206092,1,0
19.461247394,1,1
19.461268646,0,1
19.461288816,0,0
19.461330124,0,1
19.461353360,1,1
19.461372522,1,0
19.461413826,1,1
19.461435076,0,1
19.461455248,0,0
19.461496562,0,1
19.461537986,0,0
19.461581764,0,1
19.461623182,0,0
19.461661542,0,1
19.461684780,1,1
19.461703940,1,0
19.461748690,1,1
19.461764788,1,0
19.477976476,1,1
19.486208526,1,0
19.494626220,1,1
19.494668678,0,1
19.494680482,0,0
19.494723274,0,1
19.494764694,0,0
19.494806008,0,1
19.494829244,1,1
19.494848408,1,0
19.494889716,1,1
19.494910970,0,1
19.494931144,0,0
19.494972456,0,1
19.494995694,1,1
19.495014858,1,0
19.495056170,1,1
19.495077422,0,1
19.495097596,0,0
19.495138910,0,1
19.495162150,1,1
19.495181312,1,0
19.495222620,1,1
19.495243872,0,1
19.495264048,0,0
19.495305360,0,1
19.495346780,0,0
19.495390556,0,1
19.495431976,0,0
19.495470340,0,1
19.495493576,1,1
19.495512740,1,0
19.495557498,1,1
19.495593768,1,0
19.509978374,1,1
19.518209546,1,0
19.526628032,1,1
19.534871092,1,0
19.543289192,1,1
19.551521446,1,0
19.559950532,1,1
19.568182558,1,0
19.576600698,1,1
19.584785604,0,1
19.584797404,0,0
19.584840186,0,1
19.584881600,0,0
19.584922910,0,1
19.584964322,0,0
19.585005630,0,1
19.585047042,0,0
19.585088350,0,1
19.585129766,0,0
19.585171074,0,1
19.585194308,1,1
19.585213470,1,0
19.585254776,1,1
19.585297182,1,0
19.585338488,1,1
19.585380896,1,0
19.585422202,1,1
19.585464606,1,0
19.585508372,1,1
19.585550782,1,0
19.585589134,1,1
19.585631540,1,0
19.585676294,1,1
19.589305730,0,1
19.589317530,0,0
19.589360308,0,1
19.589401720,0,0
19.589443032,0,1
19.589466268,1,1
19.589485430,1,0
19.589526738,1,1
19.589547994,0,1
19.589568172,0,0
19.589609486,0,1
19.589632724,1,1
19.589651884,1,0
19.589693192,1,1
19.589714444,0,1
19.589734616,0,0
19.589775924,0,1
19.589799160,1,1
19.589818324,1,0
19.589859630,1,1
19.589880878,0,1
19.589901050,0,0
19.589942358,0,1
19.589983776,0,0
19.590027544,0,1
19.590068958,0,0
19.590107310,0,1
19.590130552,1,1
19.590149710,1,0
19.590194460,1,1
19.590210834,1,0
19.605966188,1,1
19.614198160,1,0
19.622627424,1,1
19.623480884,0,1
19.623492686,0,0
19.623535478,0,1
19.623576894,0,0
19.623618204,0,1
19.623659624,0,0
19.623700934,0,1
19.623742350,0,0
19.623783662,0,1
19.623825080,0,0
19.623866390,0,1
19.623889628,1,1
19.623908790,1,0
19.623950100,1,1
19.623992498,1,0
19.624033804,1,1
19.624076218,1,0
19.624117530,1,1
19.624159936,1,0
19.624203704,1,1
19.624246102,1,0
19.624284448,1,1
19.624326850,1,0
19.624371598,1,1
19.628001172,0,1
19.628012972,0,0
19.628055756,0,1
19.628097174,0,0
19.628138482,0,1
19.628179896,0,0
19.628221204,0,1
19.628244440,1,1
19.628263600,1,0
19.628304904,1,1
19.628326156,0,1
19.628346328,0,0
19.628387640,0,1
19.628410874,1,1
19.628430036,1,0
19.628471338,1,1
19.628513742,1,0
19.628555050,1,1
19.628576300,0,1
19.628596472,0,0
19.628637784,0,1
19.628679200,0,0
19.628722968,0,1
19.628764382,0,0
19.628802734,0,1
19.628825972,1,1
19.628845132,1,0
19.628889884,1,1
19.628906114,1,0
19.637978590,1,1
19.639019716,0,1
19.639031518,0,0
19.639074306,0,1
19.639097546,1,1
19.639116708,1,0
19.639158018,1,1
19.639200424,1,0
19.639241736,1,1
19.639262988,0,1
19.639283162,0,0
19.639324472,0,1
19.639347708,1,1
19.639366872,1,0
19.639408180,1,1
19.639450588,1,0
19.639491898,1,1
19.639534306,1,0
19.639575618,1,1
19.639596870,0,1
19.639617044,0,0
19.639658358,0,1
19.639699776,0,0
19.639743554,0,1
19.639784988,0,0
19.639823368,0,1
19.639846620,1,1
19.639865794,1,0
19.639910588,1,1
19.639945610,1,0
19.653965670,1,1
19.662208616,1,0
19.670626090,1,1
19.678859188,1,0
19.687289164,1,1
19.695522016,1,0
19.703939924,1,1
19.712172016,1,0
19.720600302,1,1
19.728832168,1,0
19.737249586,1,1
19.745492868,1,0
19.753911112,1,1
19.762143730,1,0
19.770573876,1,1
19.778806544,1,0
19.787224816,1,1
19.795457010,1,0
19.803886584,1,1
19.812118248,1,0
19.820536408,1,1
19.828780138,1,0
19.837198410,1,1
19.845430692,1,0
19.853859606,1,1
19.862091280,1,0
19.870509640,1,1
19.878742470,1,0
19.887172414,1,1
19.895405208,1,0
19.903823516,1,1
19.912066914,1,0
19.920485908,1,1
19.928718708,1,0
19.937148258,1,1
19.945380508,1,0
19.953799084,1,1
19.962031204,1,0
19.970461310,1,1
19.978694224,1,0
19.987112600,1,1
19.995355548,1,0
20.003773660,1,1
20.012006218,1,0
20.020436790,1,1
20.020804288,0,1
20.020816090,0,0
20.020858872,0,1
20.020900286,0,0
20.020941596,0,1
20.020983008,0,0
20.021024314,0,1
20.021065730,0,0
20.021107042,0,1
20.021148456,0,0
20.021189764,0,1
20.021213000,1,1
20.021232162,1,0
20.021273466,1,1
20.021315870,1,0
20.021357174,1,1
20.021399580,1,0
20.021440886,1,1
20.021483296,1,0
20.021527064,1,1
20.021569474,1,0
20.021607824,1,1
20.021650228,1,0
20.021694980,1,1
20.025323468,0,1
20.025335268,0,0
20.025378050,0,1
20.025401288,1,1
20.025420448,1,0
20.025461752,1,1
20.025504158,1,0
20.025545464,1,1
20.025566716,0,1
20.025586888,0,0
20.025628196,0,1
20.025669616,0,0
20.025710926,0,1
20.025734166,1,1
20.025753326,1,0
20.025794638,1,1
20.025837044,1,0
20.025878348,1,1
20.025899598,0,1
20.025919772,0,0
20.025961082,0,1
20.026002498,0,0
20.026046272,0,1
20.026069512,1,1
20.026088670,1,0
20.026127016,1,1
20.026169416,1,0
20.026214166,1,1
20.026230526,1,0
20.037965650,1,1
20.040733516,0,1
20.040745312,0,0
20.040788086,0,1
20.040829494,0,0
20.040870796,0,1
20.040912190,0,0
20.040953474,0,1
20.040994868,0,0
20.041036150,0,1
20.041077544,0,0
20.041118838,0,1
20.041142074,1,1
20.041161228,1,0
20.041202524,1,1
20.041244922,1,0
20.041286222,1,1
20.041328624,1,0
20.041369928,1,1
20.041412336,1,0
20.041456096,1,1
20.041498498,1,0
20.041536844,1,1
20.041579248,1,0
20.041623984,1,1
20.045248596,0,1
20.045260394,0,0
20.045303174,0,1
20.045326406,1,1
20.045345564,1,0
20.045386860,1,1
20.045429266,1,0
20.045470576,1,1
20.045491824,0,1
20.045511996,0,0
20.045553308,0,1
20.045576550,1,1
20.045595712,1,0
20.045637020,1,1
20.045679426,1,0
20.045720734,1,1
20.045763136,1,0
20.045804442,1,1
20.045825694,0,1
20.045845866,0,0
20.045887174,0,1
20.045928586,0,0
20.045972360,0,1
20.046013772,0,0
20.046052124,0,1
20.046075360,1,1
20.046094520,1,0
20.046139270,1,1
20.046155450,1,0
20.061966910,1,1
20.070200050,1,0
20.078630254,1,1
20.086863062,1,0
20.095281206,1,1
20.102095462,0,1
20.102107264,0,0
20.102150046,0,1
20.102173282,1,1
20.102192444,1,0
20.102233748,1,1
20.102276148,1,0
20.102317450,1,1
20.102338700,0,1
20.102358870,0,0
20.102400178,0,1
20.102423414,1,1
20.102442576,1,0
20.102483882,1,1
20.102526288,1,0
20.102567598,1,1
20.102610006,1,0
20.102651312,1,1
20.102672562,0,1
20.102692734,0,0
20.102734046,0,1
20.102775462,0,0
20.102819230,0,1
20.102860644,0,0
20.102899000,0,1
20.102922238,1,1
20.102941398,1,0
20.102986152,1,1
20.103021254,1,0
20.117965610,1,1
20.119901054,0,1
20.119912854,0,0
20.119955642,0,1
20.119997058,0,0
20.120038372,0,1
20.120079788,0,0
20.120121096,0,1
20.120144336,1,1
20.120163498,1,0
20.120204802,1,1
20.120226054,0,1
20.120246224,0,0
20.120287538,0,1
20.120310776,1,1
20.120329938,1,0
20.120371244,1,1
20.120413652,1,0
20.120454962,1,1
20.120476210,0,1
20.120496384,0,0
20.120537696,0,1
20.120579118,0,0
20.120622890,0,1
20.120664308,0,0
20.120702668,0,1
20.120725902,1,1
20.120745062,1,0
20.120789816,1,1
20.120826104,1,0
20.133975886,1,1
20.142208566,1,0
20.150627406,1,1
20.158859898,1,0
20.167289154,1,1
20.175520694,1,0
20.183938802,1,1
20.192182496,1,0
20.200600942,1,1
20.208834090,1,0
20.217264326,1,1
20.225496178,1,0
20.233914382,1,1
20.242146676,1,0
20.250575506,1,1
20.258808482,1,0
20.267227074,1,1
20.275470448,1,0
20.283888382,1,1
20.292121012,1,0
20.300551186,1,1
20.301272430,0,1
20.301284234,0,0
20.301327020,0,1
20.301368436,0,0
20.301409748,0,1
20.301451170,0,0
20.301492484,0,1
20.301533906,0,0
20.301575226,0,1
20.301616646,0,0
20.301657958,0,1
20.301681198,1,1
20.301700360,1,0
20.301741666,1,1
20.301784070,1,0
20.301825376,1,1
20.301867780,1,0
20.301909086,1,1
20.301951492,1,0
20.301995258,1,1
20.302037664,1,0
20.302076018,1,1
20.302118424,1,0
20.302163178,1,1
20.305788714,0,1
20.305800514,0,0
20.305843296,0,1
20.305866532,1,1
20.305885694,1,0
20.305926996,1,1
20.305969398,1,0
20.306010700,1,1
20.306031952,0,1
20.306052124,0,0
20.306093430,0,1
20.306116668,1,1
20.306135832,1,0
20.306177140,1,1
20.306219536,1,0
20.306260838,1,1
20.306303238,1,0
20.306344540,1,1
20.306365788,0,1
20.306385958,0,0
20.306427266,0,1
20.306468682,0,0
20.306512454,0,1
20.306553872,0,0
20.306592240,0,1
20.306615478,1,1
20.306634638,1,0
20.306679396,1,1
20.306695676,1,0
20.317978062,1,1
20.319574370,0,1
20.319586172,0,0
20.319628962,0,1
20.319670382,0,0
20.319711690,0,1
20.319753104,0,0
20.319794416,0,1
20.319835832,0,0
20.319877146,0,1
20.319918562,0,0
20.319959872,0,1
20.319983108,1,1
20.320002270,1,0
20.320043580,1,1
20.320085984,1,0
20.320127288,1,1
20.320169694,1,0
20.320210998,1,1
20.320253406,1,0
20.320297172,1,1
20.320339578,1,0
20.320377930,1,1
20.320420332,1,0
20.320465084,1,1
20.324093340,0,1
20.324105136,0,0
20.324147900,0,1
20.324189300,0,0
20.324230594,0,1
20.324271994,0,0
20.324313282,0,1
20.324336510,1,1
20.324355662,1,0
20.324396954,1,1
20.324418202,0,1
20.324438370,0,0
20.324479672,0,1
20.324502908,1,1
20.324522066,1,0
20.324563368,1,1
20.324563370,1,0
20.324563372,1,1
20.324605774,1,0
20.324647078,1,1
20.324668326,0,1
20.324688496,0,0
20.324729800,0,1
20.324771212,0,0
20.324814978,0,1
20.324856394,0,0
20.324894750,0,1
20.324917986,1,1
20.324937146,1,0
20.324981896,1,1
20.324998160,1,0
20.333965616,1,1
20.342210530,1,0
20.350629360,1,1
20.358862268,1,0
20.367292826,1,1
20.375525948,1,0
20.383944342,1,1
20.392176846,1,0
20.400607306,1,1
20.408839724,1,0
20.417258476,1,1
20.420997434,0,1
20.421009236,0,0
20.421052024,0,1
20.421093444,0,0
20.421134758,0,1
20.421157996,1,1
20.421177160,1,0
20.421218468,1,1
20.421260874,1,0
20.421302174,1,1
20.421344576,1,0
20.421385880,1,1
20.421428286,1,0
20.421469596,1,1
20.421512004,1,0
20.421553312,1,1
20.421574570,0,1
20.421594746,0,0
20.421636060,0,1
20.421677478,0,0
20.421721252,0,1
20.421762670,0,0
20.421801026,0,1
20.421824262,1,1
20.421843426,1,0
20.421888180,1,1
20.421923218,1,0
20.437971066,1,1
20.438464082,0,1
20.438475882,0,0
20.438518672,0,1
20.438541914,1,1
20.438561078,1,0
20.438602388,1,1
20.438623640,0,1
20.438643816,0,0
20.438685134,0,1
20.438708374,1,1
20.438727534,1,0
20.438768842,1,1
20.438811248,1,0
20.438852548,1,1
20.438852552,1,0
20.438852556,1,1
20.438894958,1,0
20.438936264,1,1
20.438978674,1,0
20.439019980,1,1
20.439041232,0,1
20.439061406,0,0
20.439102720,0,1
20.439144136,0,0
20.439187912,0,1
20.439229328,0,0
20.439267682,0,1
20.439290922,1,1
20.439310084,1,0
20.439354842,1,1
20.439389984,1,0
20.453964904,1,1
20.456236160,0,1
20.456247962,0,0
20.456290756,0,1
20.456332182,0,0
20.456373500,0,1
20.456414922,0,0
20.456456238,0,1
20.456479484,1,1
20.456498646,1,0
20.456539960,1,1
20.456582384,1,0
20.456623706,1,1
20.456644960,0,1
20.456665138,0,0
20.456706460,0,1
20.456729704,1,1
20.456748868,1,0
20.456790184,1,1
20.456811438,0,1
20.456831614,0,0
20.456872936,0,1
20.456914360,0,0
20.456958142,0,1
20.456999566,0,0
20.457037930,0,1
20.457061168,1,1
20.457080334,1,0
20.457125100,1,1
20.457160672,1,0
20.469966444,1,1
20.478199910,1,0
20.486630600,1,1
20.494863746,1,0
20.503282586,1,1
20.511526216,1,0
20.519944998,1,1
20.528178346,1,0
20.536608984,1,1
20.544842998,1,0
20.553262070,1,1
20.561495240,1,0
20.569926046,1,1
20.578159492,1,0
20.586579708,1,1
20.589902794,0,1
20.589914594,0,0
20.589957380,0,1
20.589998796,0,0
20.590040108,0,1
20.590081526,0,0
20.590122834,0,1
20.590164250,0,0
20.590205558,0,1
20.590246972,0,0
20.590288278,0,1
20.590311518,1,1
20.590330678,1,0
20.590371980,1,1
20.590414386,1,0
20.590455694,1,1
20.590498096,1,0
20.590539402,1,1
20.590581814,1,0
20.590625584,1,1
20.590667986,1,0
20.590706340,1,1
20.590748744,1,0
20.590793498,1,1
20.594419170,0,1
20.594430970,0,0
20.594473752,0,1
20.594515170,0,0
20.594556482,0,1
20.594579720,1,1
20.594598882,1,0
20.594640196,1,1
20.594682600,1,0
20.594723906,1,1
20.594766310,1,0
20.594807614,1,1
20.594850018,1,0
20.594891320,1,1
20.594933724,1,0
20.594975026,1,1
20.594996276,0,1
20.595016450,0,0
20.595057760,0,1
20.595099174,0,0
20.595142946,0,1
20.595184360,0,0
20.595222712,0,1
20.595245950,1,1
20.595265114,1,0
20.595309872,1,1
20.595326146,1,0
20.605963520,1,1
20.614194724,1,0
20.622623778,1,1
20.630856470,1,0
20.639275460,1,1
20.640973470,0,1
20.640985272,0,0
20.641028064,0,1
20.641069486,0,0
20.641110802,0,1
20.641134042,1,1
20.641153206,1,0
20.641194518,1,1
20.641236928,1,0
20.641278240,1,1
20.641320654,1,0
20.641361966,1,1
20.641404376,1,0
20.641445686,1,1
20.641488096,1,0
20.641529404,1,1
20.641550660,0,1
20.641570838,0,0
20.641612154,0,1
20.641653578,0,0
20.641697356,0,1
20.641738776,0,0
20.641777130,0,1
20.641800372,1,1
20.641819536,1,0
20.641864290,1,1
20.641899454,1,0
20.653975742,1,1
20.655167580,0,1
20.655179378,0,0
20.655222146,0,1
20.655245370,1,1
20.655264524,1,0
20.655305812,1,1
20.655348198,1,0
20.655389484,1,1
20.655410724,0,1
20.655430890,0,0
20.655472180,0,1
20.655495410,1,1
20.655514560,1,0
20.655555846,1,1
20.655577090,0,1
20.655597254,0,0
20.655638546,0,1
20.655661774,1,1
20.655680932,1,0
20.655722236,1,1
20.655743486,0,1
20.655763656,0,0
20.655804950,0,1
20.655846352,0,0
20.655890104,0,1
20.655913330,1,1
20.655932484,1,0
20.655970818,1,1
20.656013214,1,0
20.656057958,1,1
20.656093320,1,0
20.669964952,1,1
20.678208868,1,0
20.686627728,1,1
20.694860410,1,0
20.703290240,1,1
20.711523288,1,0
20.719940812,1,1
20.728173904,1,0
20.736603780,1,1
20.744836022,1,0
20.753254162,1,1
20.761498702,1,0
20.769917528,1,1
20.778150118,1,0
20.786580050,1,1
20.794812420,1,0
20.803230604,1,1
20.811462718,1,0
20.819892100,1,1
20.819892106,1,0
20.819892108,1,1
20.828123984,1,0
20.836542618,1,1
20.839304854,0,1
20.839316658,0,0
20.839359446,0,1
20.839400864,0,0
20.839442172,0,1
20.839483592,0,0
20.839524902,0,1
20.839566322,0,0
20.839607636,0,1
20.839649056,0,0
20.839690372,0,1
20.839713614,1,1
20.839732778,1,0
20.839774090,1,1
20.839816496,1,0
20.839857802,1,1
20.839900212,1,0
20.839941522,1,1
20.839983928,1,0
20.840027702,1,1
20.840070110,1,0
20.840108466,1,1
20.840150874,1,0
20.840195626,1,1
20.843824422,0,1
20.843836224,0,0
20.843879012,0,1
20.843902250,1,1
20.843921414,1,0
20.843962720,1,1
20.844005126,1,0
20.844046436,1,1
20.844067686,0,1
20.844087858,0,0
20.844129166,0,1
20.844152402,1,1
20.844171564,1,0
20.844212866,1,1
20.844234116,0,1
20.844254288,0,0
20.844295596,0,1
20.844318834,1,1
20.844337996,1,0
20.844379302,1,1
20.844400552,0,1
20.844420724,0,0
20.844462034,0,1
20.844503450,0,0
20.844547222,0,1
20.844570462,1,1
20.844589624,1,0
20.844627974,1,1
20.844670378,1,0
20.844715126,1,1
20.844731670,1,0
20.853975642,1,1
20.862207330,1,0
20.870624476,1,1
20.871566576,0,1
20.871578378,0,0
20.871621166,0,1
20.871662582,0,0
20.871703898,0,1
20.871745320,0,0
20.871786630,0,1
20.871828048,0,0
20.871869362,0,1
20.871910778,0,0
20.871952086,0,1
20.871975318,1,1
20.871994476,1,0
20.872035768,1,1
20.872078156,1,0
20.872119446,1,1
20.872161834,1,0
20.872203120,1,1
20.872245512,1,0
20.872289260,1,1
20.872331646,1,0
20.872369980,1,1
20.872412364,1,0
20.872457090,1,1
20.876085914,0,1
20.876097716,0,0
20.876140498,0,1
20.876181916,0,0
20.876223224,0,1
20.876264638,0,0
20.876305948,0,1
20.876329188,1,1
20.876348348,1,0
20.876389650,1,1
20.876432058,1,0
20.876473366,1,1
20.876494614,0,1
20.876514786,0,0
20.876556098,0,1
20.876579346,1,1
20.876598510,1,0
20.876639816,1,1
20.876661068,0,1
20.876681244,0,0
20.876722560,0,1
20.876763974,0,0
20.876807746,0,1
20.876849164,0,0
20.876887520,0,1
20.876910758,1,1
20.876929920,1,0
20.876974678,1,1
20.876991526,1,0
20.885964348,1,1
20.886161700,0,1
20.886173500,0,0
20.886216290,0,1
20.886257716,0,0
20.886299038,0,1
20.886340464,0,0
20.886381786,0,1
20.886423216,0,0
20.886464540,0,1
20.886505972,0,0
20.886547298,0,1
20.886570550,1,1
20.886589720,1,0
20.886631042,1,1
20.886673466,1,0
20.886714784,1,1
20.886757202,1,0
20.886798522,1,1
20.886840940,1,0
20.886884722,1,1
20.886927142,1,0
20.886965508,1,1
20.887007920,1,0
20.887052686,1,1
20.890678854,0,1
20.890690656,0,0
20.890733446,0,1
20.890774862,0,0
20.890816172,0,1
20.890839408,1,1
20.890858572,1,0
20.890899882,1,1
20.890942290,1,0
20.890983602,1,1
20.891026012,1,0
20.891067318,1,1
20.891109728,1,0
20.891151036,1,1
20.891193440,1,0
20.891234748,1,1
20.891255996,0,1
20.891276168,0,0
20.891317476,0,1
20.891358898,0,0
20.891402674,0,1
20.891444092,0,0
20.891482450,0,1
20.891505692,1,1
20.891524854,1,0
20.891569614,1,1
20.891585634,1,0
20.901975496,1,1
20.906088268,0,1
20.906100070,0,0
20.906142858,0,1
20.906184278,0,0
20.906225592,0,1
20.906267008,0,0
20.906308322,0,1
20.906349742,0,0
20.906391052,0,1
20.906432472,0,0
20.906473786,0,1
20.906497022,1,1
20.906516186,1,0
20.906557496,1,1
20.906599912,1,0
20.906641222,1,1
20.906683632,1,0
20.906724938,1,1
20.906767346,1,0
20.906811114,1,1
20.906853524,1,0
20.906891876,1,1
20.906934284,1,0
20.906979042,1,1
20.910604502,0,1
20.910616304,0,0
20.910659100,0,1
20.910682338,1,1
20.910701498,1,0
20.910742802,1,1
20.910764056,0,1
20.910784230,0,0
20.910825540,0,1
20.910848778,1,1
20.910867940,1,0
20.910909248,1,1
20.910951654,1,0
20.910992960,1,1
20.911035366,1,0
20.911076672,1,1
20.911119074,1,0
20.911160382,1,1
20.911181632,0,1
20.911201804,0,0
20.911243112,0,1
20.911284530,0,0
20.911328302,0,1
20.911369718,0,0
20.911408074,0,1
20.911431314,1,1
20.911450476,1,0
20.911495230,1,1
20.911511314,1,0
20.925962932,1,1
20.934194408,1,0
20.942623308,1,1
20.950854560,1,0
20.959272690,1,1
20.967504250,1,0
20.975933012,1,1
20.978754092,0,1
20.978765892,0,0
20.978808676,0,1
20.978850092,0,0
20.978891398,0,1
20.978932814,0,0
20.978974122,0,1
20.978997358,1,1
20.979016520,1,0
20.979057822,1,1
20.979100226,1,0
20.979141526,1,1
20.979162774,0,1
20.979182946,0,0
20.979224252,0,1
20.979247488,1,1
20.979266650,1,0
20.979307952,1,1
20.979329204,0,1
20.979349376,0,0
20.979390686,0,1
20.979432102,0,0
20.979475874,0,1
20.979517290,0,0
20.979555642,0,1
20.979578880,1,1
20.979598042,1,0
20.979642794,1,1
20.979666960,1,0
20.989973102,1,1
20.998204868,1,0
21.006622692,1,1
21.014866610,1,0
21.023283712,1,1
21.031516654,1,0
21.039946490,1,1
21.048178130,1,0
21.056595270,1,1
21.059002888,0,1
21.059014688,0,0
21.059057472,0,1
21.059098888,0,0
21.059140198,0,1
21.059181612,0,0
21.059222920,0,1
21.059246154,1,1
21.059265316,1,0
21.059306620,1,1
21.059349022,1,0
21.059390324,1,1
21.059432726,1,0
21.059474026,1,1
21.059516432,1,0
21.059557738,1,1
21.059578994,0,1
21.059599166,0,0
21.059640476,0,1
21.059681892,0,0
21.059725662,0,1
21.059748898,1,1
21.059768058,1,0
21.059806410,1,1
21.059848812,1,0
21.059893560,1,1
21.059917688,1,0
21.069963126,1,1
21.076573378,0,1
21.076585182,0,0
21.076627974,0,1
21.076669388,0,0
21.076710700,0,1
21.076752110,0,0
21.076793404,0,1
21.076834808,0,0
21.076876102,0,1
21.076917502,0,0
21.076958790,0,1
21.076982020,1,1
21.077001172,1,0
21.077042460,1,1
21.077084844,1,0
21.077126132,1,1
21.077168518,1,0
21.077209800,1,1
21.077252186,1,0
21.077295930,1,1
21.077338314,1,0
21.077376646,1,1
21.077419032,1,0
21.077463764,1,1
21.081092750,0,1
21.081104550,0,0
21.081147336,0,1
21.081188758,0,0
21.081230076,0,1
21.081271496,0,0
21.081312808,0,1
21.081336042,1,1
21.081355202,1,0
21.081396500,1,1
21.081438908,1,0
21.081480214,1,1
21.081501466,0,1
21.081521638,0,0
21.081562956,0,1
21.081586194,1,1
21.081605356,1,0
21.081646660,1,1
21.081667910,0,1
21.081688084,0,0
21.081729392,0,1
21.081770810,0,0
21.081814586,0,1
21.081856006,0,0
21.081894362,0,1
21.081917598,1,1
21.081936762,1,0
21.081981514,1,1
21.081997998,1,0
21.093961708,1,1
21.094960574,0,1
21.094972374,0,0
21.095015156,0,1
21.095056574,0,0
21.095097884,0,1
21.095139300,0,0
21.095180610,0,1
21.095222030,0,0
21.095263340,0,1
21.095304760,0,0
21.095346074,0,1
21.095369312,1,1
21.095388476,1,0
21.095429780,1,1
21.095429786,1,0
21.095429788,1,1
21.095472190,1,0
21.095513496,1,1
21.095555898,1,0
21.095597208,1,1
21.095639616,1,0
21.095683390,1,1
21.095725800,1,0
21.095764158,1,1
21.095806574,1,0
21.095851340,1,1
21.099480326,0,1
21.099492128,0,0
21.099534914,0,1
21.099576332,0,0
21.099617640,0,1
21.099659058,0,0
21.099700364,0,1
21.099723602,1,1
21.099742762,1,0
21.099784072,1,1
21.099826474,1,0
21.099867776,1,1
21.099910182,1,0
21.099951486,1,1
21.099993892,1,0
21.100035196,1,1
21.100056450,0,1
21.100076622,0,0
21.100117934,0,1
21.100159352,0,0
21.100203126,0,1
21.100226366,1,1
21.100245526,1,0
21.100283878,1,1
21.100326284,1,0
21.100371036,1,1
21.100388454,1,0
21.109963004,1,1
21.118195260,1,0
21.126623928,1,1
21.134855694,1,0
21.143273992,1,1
21.147024642,0,1
21.147036444,0,0
21.147079230,0,1
21.147120648,0,0
21.147161956,0,1
21.147203370,0,0
21.147244670,0,1
21.147267898,1,1
21.147287052,1,0
21.147328336,1,1
21.147370724,1,0
21.147412010,1,1
21.147454406,1,0
21.147495708,1,1
21.147538112,1,0
21.147579424,1,1
21.147600676,0,1
21.147620850,0,0
21.147662158,0,1
21.147703570,0,0
21.147747340,0,1
21.147770576,1,1
21.147789738,1,0
21.147828086,1,1
21.147870490,1,0
21.147915246,1,1
21.147950616,1,0
21.157972954,1,1
21.158013464,0,1
21.158025268,0,0
21.158068060,0,1
21.158091302,1,1
21.158110466,1,0
21.158151778,1,1
21.158173032,0,1
21.158193206,0,0
21.158234524,0,1
21.158257766,1,1
21.158276928,1,0
21.158318240,1,1
21.158339492,0,1
21.158359670,0,0
21.158400988,0,1
21.158424226,1,1
21.158443388,1,0
21.158484696,1,1
21.158527106,1,0
21.158568418,1,1
21.158589670,0,1
21.158609844,0,0
21.158651160,0,1
21.158692582,0,0
21.158736356,0,1
21.158759596,1,1
21.158778760,1,0
21.158817114,1,1
21.158859524,1,0
21.158904284,1,1
21.158928416,1,0
21.173962538,1,1
21.182205452,1,0
21.190622978,1,1
21.198855752,1,0
21.207285938,1,1
21.215518892,1,0
21.223937458,1,1
21.232169328,1,0
21.240599188,1,1
21.248831620,1,0
21.257249358,1,1
21.265492598,1,0
21.273911604,1,1
21.282144740,1,0
21.290575636,1,1
21.298808674,1,0
21.307228126,1,1
21.315461230,1,0
21.323892052,1,1
21.332125218,1,0
21.340545014,1,1
21.348789856,1,0
21.357209014,1,1
21.365442868,1,0
21.373874358,1,1
21.382107482,1,0
21.390526600,1,1
21.398759620,1,0
21.407188926,1,1
21.415421088,1,0
21.423839130,1,1
21.432082910,1,0
21.440502172,1,1
21.448735704,1,0
21.457165864,1,1
21.465398242,1,0
21.473817494,1,1
21.476687984,0,1
21.476699778,0,0
21.476742548,0,1
21.476783952,0,0
21.476825250,0,1
21.476866644,0,0
21.476907928,0,1
21.476949328,0,0
21.476990630,0,1
21.477032030,0,0
21.477073324,0,1
21.477096556,1,1
21.477115718,1,0
21.477157024,1,1
21.477199424,1,0
21.477240728,1,1
21.477283132,1,0
21.477324432,1,1
21.477366832,1,0
21.477410598,1,1
21.477453006,1,0
21.477491362,1,1
21.477533774,1,0
21.477578532,1,1
21.481207070,0,1
21.481218870,0,0
21.481261650,0,1
21.481284886,1,1
21.481304046,1,0
21.481345350,1,1
21.481366600,0,1
21.481386770,0,0
21.481428080,0,1
21.481451320,1,1
21.481470484,1,0
21.481511792,1,1
21.481533044,0,1
21.481553216,0,0
21.481594534,0,1
21.481617776,1,1
21.481636936,1,0
21.481678242,1,1
21.481720650,1,0
21.481761956,1,1
21.481783206,0,1
21.481803378,0,0
21.481844692,0,1
21.481886110,0,0
21.481929880,0,1
21.481953114,1,1
21.481972276,1,0
21.482010630,1,1
21.482053030,1,0
21.482097782,1,1
21.482113930,1,0
21.493962372,1,1
21.502206434,1,0
21.510624412,1,1
21.510662220,0,1
21.510674024,0,0
21.510716820,0,1
21.510758236,0,0
21.510799550,0,1
21.510840970,0,0
21.510882284,0,1
21.510923702,0,0
21.510965014,0,1
21.511006432,0,0
21.511047744,0,1
21.511070982,1,1
21.511090142,1,0
21.511131452,1,1
21.511173858,1,0
21.511215166,1,1
21.511257574,1,0
21.511298878,1,1
21.511341284,1,0
21.511385052,1,1
21.511427462,1,0
21.511465818,1,1
21.511508224,1,0
21.511552974,1,1
21.515181734,0,1
21.515193534,0,0
21.515236314,0,1
21.515277734,0,0
21.515319046,0,1
21.515360464,0,0
21.515401778,0,1
21.515425020,1,1
21.515444182,1,0
21.515485492,1,1
21.515527898,1,0
21.515569210,1,1
21.515611612,1,0
21.515652916,1,1
21.515695322,1,0
21.515736630,1,1
21.515757882,0,1
21.515778056,0,0
21.515819370,0,1
21.515860788,0,0
21.515904556,0,1
21.515927796,1,1
21.515946958,1,0
21.515985308,1,1
21.516027714,1,0
21.516072468,1,1
21.516088908,1,0
21.525964694,1,1
21.534208746,1,0
21.542627910,1,1
21.542700730,0,1
21.542712532,0,0
21.542755320,0,1
21.542796740,0,0
21.542838052,0,1
21.542879468,0,0
21.542920782,0,1
21.542944022,1,1
21.542963186,1,0
21.543004494,1,1
21.543046902,1,0
21.543088212,1,1
21.543130616,1,0
21.543171922,1,1
21.543214330,1,0
21.543255638,1,1
21.543276890,0,1
21.543297064,0,0
21.543338376,0,1
21.543379796,0,0
21.543423570,0,1
21.543446810,1,1
21.543465974,1,0
21.543504330,1,1
21.543546738,1,0
21.543591498,1,1
21.543626796,1,0
21.557974226,1,1
21.566208062,1,0
21.574627108,1,1
21.582872400,1,0
21.591291640,1,1
21.599524672,1,0
21.607954640,1,1
21.616186896,1,0
21.624605158,1,1
21.632837916,1,0
21.641268576,1,1
21.649501586,1,0
21.657919706,1,1
21.666163168,1,0
21.674581448,1,1
21.682814190,1,0
21.691244640,1,1
21.699477780,1,0
21.707896896,1,1
21.716128868,1,0
21.724558408,1,1
21.732791260,1,0
21.741210108,1,1
21.749455058,1,0
21.757874394,1,1
21.766106972,1,0
21.774537956,1,1
21.782772104,1,0
21.791191818,1,1
21.799425382,1,0
21.807855944,1,1
21.816088694,1,0
21.824507206,1,1
21.832751584,1,0
21.841170652,1,1
21.849403100,1,0
21.857833064,1,1
21.866065356,1,0
21.874483834,1,1
21.882715730,1,0
21.891145606,1,1
21.899378612,1,0
21.907796854,1,1
21.916040748,1,0
21.924459480,1,1
21.932692634,1,0
21.941122968,1,1
21.949355834,1,0
21.957774540,1,1
21.966006936,1,0
21.974436436,1,1
21.982668902,1,0
21.991087092,1,1
21.999330774,1,0
22.007749314,1,1
22.015980886,1,0
22.024410030,1,1
22.032641998,1,0
22.041060294,1,1
22.042443754,0,1
22.042455554,0,0
22.042498332,0,1
22.042539742,0,0
22.042581056,0,1
22.042622470,0,0
22.042663776,0,1
22.042705190,0,0
22.042746496,0,1
22.042787906,0,0
22.042829210,0,1
22.042852442,1,1
22.042871602,1,0
22.042912900,1,1
22.042955302,1,0
22.042996606,1,1
22.043039008,1,0
22.043080310,1,1
22.043122716,1,0
22.043166482,1,1
22.043208890,1,0
22.043247244,1,1
22.043289650,1,0
22.043334396,1,1
22.046963048,0,1
22.046974848,0,0
22.047017634,0,1
22.047059050,0,0
22.047100358,0,1
22.047141772,0,0
22.047183082,0,1
22.047206320,1,1
22.047225482,1,0
22.047266788,1,1
22.047309196,1,0
22.047350498,1,1
22.047392902,1,0
22.047434212,1,1
22.047476616,1,0
22.047517920,1,1
22.047539172,0,1
22.047559350,0,0
22.047600674,0,1
22.047642098,0,0
22.047685878,0,1
22.047709120,1,1
22.047728282,1,0
22.047766636,1,1
22.047809046,1,0
22.047853806,1,1
22.047870726,1,0
22.061973116,1,1
22.070205304,1,0
22.078623510,1,1
22.086854890,1,0
22.095284476,1,1
22.098182930,0,1
22.098194732,0,0
22.098237516,0,1
22.098278928,0,0
22.098320236,0,1
22.098361650,0,0
22.098402964,0,1
22.098426202,1,1
22.098445364,1,0
22.098486670,1,1
22.098529080,1,0
22.098570392,1,1
22.098591646,0,1
22.098611818,0,0
22.098653130,0,1
22.098676370,1,1
22.098695534,1,0
22.098736842,1,1
22.098758092,0,1
22.098778264,0,0
22.098819576,0,1
22.098860992,0,0
22.098904764,0,1
22.098946182,0,0
22.098984540,0,1
22.099007776,1,1
22.099026936,1,0
22.099071690,1,1
22.099107280,1,0
22.109961118,1,1
22.114645634,0,1
22.114657438,0,0
22.114700228,0,1
22.114723466,1,1
22.114742628,1,0
22.114783938,1,1
22.114805190,0,1
22.114825366,0,0
22.114866678,0,1
22.114889916,1,1
22.114909078,1,0
22.114950386,1,1
22.114971640,0,1
22.114991814,0,0
22.115033126,0,1
22.115056368,1,1
22.115075530,1,0
22.115116842,1,1
22.115159250,1,0
22.115200560,1,1
22.115221814,0,1
22.115241988,0,0
22.115283298,0,1
22.115324720,0,0
22.115368498,0,1
22.115391736,1,1
22.115410898,1,0
22.115449256,1,1
22.115491666,1,0
22.115536420,1,1
22.115571886,1,0
22.125971986,1,1
22.134204336,1,0
22.142622278,1,1
22.150865288,1,0
22.159283168,1,1
22.167515476,1,0
22.175944910,1,1
22.184176924,1,0
22.192594118,1,1
22.200826104,1,0
22.209255650,1,1
22.217486758,1,0
22.225904386,1,1
22.234147886,1,0
22.242565764,1,1
22.250797724,1,0
22.259226968,1,1
22.267459244,1,0
22.275877088,1,1
22.276283912,0,1
22.276295712,0,0
22.276338496,0,1
22.276379914,0,0
22.276421228,0,1
22.276462646,0,0
22.276503954,0,1
22.276545370,0,0
22.276586692,0,1
22.276628116,0,0
22.276669434,0,1
22.276692674,1,1
22.276711838,1,0
22.276753144,1,1
22.276795552,1,0
22.276836858,1,1
22.276879264,1,0
22.276920568,1,1
22.276962980,1,0
22.277006750,1,1
22.277049156,1,0
22.277087510,1,1
22.277129914,1,0
22.277174666,1,1
22.280803402,0,1
22.280815204,0,0
22.280857992,0,1
22.280881232,1,1
22.280900394,1,0
22.280941698,1,1
22.280962950,0,1
22.280983124,0,0
22.281024438,0,1
22.281047676,1,1
22.281066836,1,0
22.281108140,1,1
22.281129394,0,1
22.281149566,0,0
22.281190878,0,1
22.281214114,1,1
22.281233274,1,0
22.281274586,1,1
22.281316992,1,0
22.281358296,1,1
22.281379548,0,1
22.281399720,0,0
22.281441034,0,1
22.281482452,0,0
22.281526228,0,1
22.281549468,1,1
22.281568632,1,0
22.281606982,1,1
22.281649388,1,0
22.281694138,1,1
22.281710478,1,0
22.293971292,1,1
22.302203282,1,0
22.310621406,1,1
22.318864356,1,0
22.327282260,1,1
22.335514502,1,0
22.343943572,1,1
22.352176412,1,0
22.360593798,1,1
22.361170952,0,1
22.361182752,0,0
22.361225536,0,1
22.361266952,0,0
22.361308258,0,1
22.361349674,0,0
22.361390986,0,1
22.361432400,0,0
22.361473714,0,1
22.361515132,0,0
22.361556442,0,1
22.361579682,1,1
22.361598844,1,0
22.361640148,1,1
22.361682554,1,0
22.361723862,1,1
22.361766266,1,0
22.361807568,1,1
22.361849970,1,0
22.361893740,1,1
22.361936146,1,0
22.361974502,1,1
22.362016910,1,0
22.362061670,1,1
22.365691454,0,1
22.365703256,0,0
22.365746044,0,1
22.365787464,0,0
22.365828776,0,1
22.365870190,0,0
22.365911498,0,1
22.365934732,1,1
22.365953896,1,0
22.365995202,1,1
22.366037608,1,0
22.366078912,1,1
22.366100166,0,1
22.366120338,0,0
22.366161648,0,1
22.366184884,1,1
22.366204046,1,0
22.366245350,1,1
22.366266602,0,1
22.366286774,0,0
22.366328084,0,1
22.366369502,0,0
22.366413276,0,1
22.366454690,0,0
22.366493048,0,1
22.366516280,1,1
22.366535442,1,0
22.366580202,1,1
22.366596784,1,0
22.381970828,1,1
22.390202066,1,0
22.398619684,1,1
22.403406768,0,1
22.403418572,0,0
22.403461364,0,1
22.403502782,0,0
22.403544098,0,1
22.403585522,0,0
22.403626832,0,1
22.403650070,1,1
22.403669232,1,0
22.403710540,1,1
22.403752942,1,0
22.403794248,1,1
22.403815502,0,1
22.403835676,0,0
22.403876988,0,1
22.403900228,1,1
22.403919390,1,0
22.403960704,1,1
22.403981956,0,1
22.404002128,0,0
22.404043438,0,1
22.404084860,0,0
22.404128634,0,1
22.404170054,0,0
22.404208414,0,1
22.404231652,1,1
22.404250814,1,0
22.404295568,1,1
22.404331080,1,0
22.413959694,1,1
22.422192402,1,0
22.430621868,1,1
22.432276660,0,1
22.432288462,0,0
22.432331248,0,1
22.432354486,1,1
22.432373646,1,0
22.432414954,1,1
22.432436204,0,1
22.432456376,0,0
22.432497688,0,1
22.432520924,1,1
22.432540090,1,0
22.432581400,1,1
22.432602654,0,1
22.432622828,0,0
22.432664140,0,1
22.432687380,1,1
22.432706540,1,0
22.432747844,1,1
22.432790252,1,0
22.432831558,1,1
22.432852810,0,1
22.432872982,0,0
22.432914296,0,1
22.432955714,0,0
22.432999488,0,1
22.433022726,1,1
22.433041890,1,0
22.433080244,1,1
22.433122648,1,0
22.433167402,1,1
22.433202952,1,0
22.445958868,1,1
22.454191302,1,0
22.462620738,1,1
22.470851796,1,0
22.479269822,1,1
22.487513428,1,0
22.495931458,1,1
22.504163596,1,0
22.512592884,1,1
22.520824796,1,0
22.529243188,1,1
22.537475830,1,0
22.545906206,1,1
22.554139168,1,0
22.562557266,1,1
22.570801158,1,0
22.579219042,1,1
22.587451222,1,0
22.595880166,1,1
22.604111798,1,0
22.612529980,1,1
22.620762194,1,0
22.629191300,1,1
22.637423396,1,0
22.645841350,1,1
22.654084652,1,0
22.662502476,1,1
22.670735032,1,0
22.679165018,1,1
22.687398368,1,0
22.695817356,1,1
22.704050444,1,0
22.712480518,1,1
22.720713802,1,0
22.729133138,1,1
22.737377172,1,0
22.745795824,1,1
22.754027808,1,0
22.762457132,1,1
22.770689492,1,0
22.779108050,1,1
22.787340356,1,0
22.795769652,1,1
22.804002882,1,0
22.812422478,1,1
22.820667054,1,0
22.829085518,1,1
22.837317726,1,0
22.845747456,1,1
22.853979984,1,0
22.862398300,1,1
22.870630874,1,0
22.879060574,1,1
22.887293194,1,0
22.895710700,1,1
22.895749988,0,1
22.895761790,0,0
22.895804574,0,1
22.895845986,0,0
22.895887296,0,1
22.895928710,0,0
22.895970028,0,1
22.896011458,0,0
22.896052786,0,1
22.896094220,0,0
22.896135554,0,1
22.896158800,1,1
22.896177966,1,0
22.896219288,1,1
22.896261702,1,0
22.896303008,1,1
22.896345414,1,0
22.896386724,1,1
22.896429126,1,0
22.896472884,1,1
22.896515274,1,0
22.896553620,1,1
22.896596032,1,0
22.896640782,1,1
22.900270374,0,1
22.900282176,0,0
22.900324968,0,1
22.900366384,0,0
22.900407696,0,1
22.900449114,0,0
22.900490426,0,1
22.900513664,1,1
22.900532826,1,0
22.900574138,1,1
22.900616548,1,0
22.900657852,1,1
22.900679102,0,1
22.900699276,0,0
22.900740586,0,1
22.900763824,1,1
22.900782984,1,0
22.900824288,1,1
22.900845542,0,1
22.900865714,0,0
22.900907022,0,1
22.900948438,0,0
22.900992214,0,1
22.901033628,0,0
22.901071984,0,1
22.901095224,1,1
22.901114386,1,0
22.901159138,1,1
22.901175164,1,0
22.909958328,1,1
22.910547486,0,1
22.910559282,0,0
22.910602056,0,1
22.910643454,0,0
22.910684746,0,1
22.910726144,0,0
22.910767432,0,1
22.910808828,0,0
22.910850124,0,1
22.910891530,0,0
22.910932836,0,1
22.910956070,1,1
22.910975230,1,0
22.911016528,1,1
22.911058930,1,0
22.911100232,1,1
22.911142634,1,0
22.911183936,1,1
22.911226340,1,0
22.911270104,1,1
22.911312508,1,0
22.911350858,1,1
22.911393260,1,0
22.911438014,1,1
22.915066522,0,1
22.915078322,0,0
22.915121108,0,1
22.915144346,1,1
22.915163508,1,0
22.915204816,1,1
22.915226068,0,1
22.915246240,0,0
22.915287554,0,1
22.915310790,1,1
22.915329952,1,0
22.915371256,1,1
22.915392508,0,1
22.915412682,0,0
22.915453994,0,1
22.915477232,1,1
22.915496394,1,0
22.915537704,1,1
22.915580114,1,0
22.915621422,1,1
22.915642672,0,1
22.915662846,0,0
22.915704158,0,1
22.915745580,0,0
22.915789356,0,1
22.915812598,1,1
22.915831758,1,0
22.915870112,1,1
22.915912520,1,0
22.915957274,1,1
22.915974008,1,0
22.925958788,1,1
22.934202796,1,0
22.942620864,1,1
22.950386636,0,1
22.950398436,0,0
22.950441224,0,1
22.950464460,1,1
22.950483620,1,0
22.950524926,1,1
22.950546174,0,1
22.950566346,0,0
22.950607656,0,1
22.950630892,1,1
22.950650054,1,0
22.950691356,1,1
22.950712608,0,1
22.950732778,0,0
22.950774086,0,1
22.950797326,1,1
22.950816486,1,0
22.950857794,1,1
22.950900198,1,0
22.950941500,1,1
22.950962752,0,1
22.950982924,0,0
22.951024232,0,1
22.951065648,0,0
22.951109418,0,1
22.951132656,1,1
22.951151818,1,0
22.951190168,1,1
22.951232574,1,0
22.951277322,1,1
22.951312782,1,0
22.965957742,1,1
22.967710494,0,1
22.967722300,0,0
22.967765094,0,1
22.967806512,0,0
22.967847826,0,1
22.967889244,0,0
22.967930554,0,1
22.967953796,1,1
22.967972958,1,0
22.968014264,1,1
22.968056674,1,0
22.968097988,1,1
22.968119240,0,1
22.968139414,0,0
22.968180726,0,1
22.968203966,1,1
22.968223128,1,0
22.968264438,1,1
22.968285688,0,1
22.968305858,0,0
22.968347170,0,1
22.968388588,0,0
22.968432362,0,1
22.968473782,0,0
22.968512140,0,1
22.968535374,1,1
22.968554536,1,0
22.968599296,1,1
22.968634702,1,0
22.981969132,1,1
22.990201472,1,0
22.998619016,1,1
23.006862116,1,0
23.015280110,1,1
23.023512464,1,0
23.031942112,1,1
23.040173938,1,0
23.048592034,1,1
23.056824370,1,0
23.065254050,1,1
23.073486630,1,0
23.081905400,1,1
23.090148290,1,0
23.098567200,1,1
23.106800094,1,0
23.115230580,1,1
23.123463162,1,0
23.131881816,1,1
23.140114264,1,0
23.148544708,1,1
23.156777036,1,0
23.165195050,1,1
23.173438282,1,0
23.181856216,1,1
23.190088226,1,0
23.198517828,1,1
23.206749830,1,0
23.215168048,1,1
23.223400670,1,0
23.231829920,1,1
23.240061800,1,0
23.248479782,1,1
23.256722360,1,0
23.265140514,1,1
23.273372348,1,0
23.281801084,1,1
23.290032444,1,0
23.298450916,1,1
23.306682496,1,0
23.315111442,1,1
23.323343472,1,0
23.331762272,1,1
23.340006242,1,0
23.340015302,0,0
23.340108398,1,0
23.348424316,1,1
23.349418318,0,1
23.349430120,0,0
23.349472910,0,1
23.349514330,0,0
23.349555644,0,1
23.349597064,0,0
23.349638376,0,1
23.349679798,0,0
23.349721108,0,1
23.349762526,0,0
23.349803836,0,1
23.349827072,1,1
23.349846234,1,0
23.349887542,1,1
23.349929948,1,0
23.349971250,1,1
23.350013656,1,0
23.350054962,1,1
23.350097366,1,0
23.350141134,1,1
23.350183536,1,0
23.350221884,1,1
23.350264288,1,0
23.350309038,1,1
23.353938592,0,1
23.353950392,0,0
23.353993184,0,1
23.354034602,0,0
23.354075914,0,1
23.354117336,0,0
23.354158650,0,1
23.354181888,1,1
23.354201050,1,0
23.354242360,1,1
23.354284766,1,0
23.354326072,1,1
23.354347326,0,1
23.354367498,0,0
23.354408810,0,1
23.354432050,1,1
23.354451212,1,0
23.354492524,1,1
23.354513778,0,1
23.354533952,0,0
23.354575266,0,1
23.354616690,0,0
23.354660468,0,1
23.354701888,0,0
23.354740248,0,1
23.354763488,1,1
23.354782650,1,0
23.354827408,1,1
23.354843980,1,0
23.365969046,1,1
23.367725918,0,1
23.367737722,0,0
23.367780516,0,1
23.367821936,0,0
23.367863250,0,1
23.367904670,0,0
23.367945984,0,1
23.367987406,0,0
23.368028718,0,1
23.368070132,0,0
23.368111446,0,1
23.368134686,1,1
23.368153846,1,0
23.368195154,1,1
23.368237564,1,0
23.368278876,1,1
23.368321282,1,0
23.368362590,1,1
23.368405000,1,0
23.368448772,1,1
23.368491182,1,0
23.368529538,1,1
23.368571944,1,0
23.368616698,1,1
23.372245554,0,1
23.372257356,0,0
23.372300144,0,1
23.372323384,1,1
23.372342546,1,0
23.372383850,1,1
23.372405104,0,1
23.372425278,0,0
23.372466594,0,1
23.372489832,1,1
23.372508998,1,0
23.372550310,1,1
23.372571566,0,1
23.372591742,0,0
23.372633054,0,1
23.372656290,1,1
23.372675454,1,0
23.372716766,1,1
23.372759174,1,0
23.372800484,1,1
23.372821740,0,1
23.372841914,0,0
23.372883228,0,1
23.372924648,0,0
23.372968424,0,1
23.372991662,1,1
23.373010826,1,0
23.373049182,1,1
23.373091592,1,0
23.373136348,1,1
23.373152904,1,0
23.381952090,1,1
23.390184458,1,0
23.398613824,1,1
23.406845446,1,0
23.415263368,1,1
23.423506402,1,0
23.431924196,1,1
23.434735304,0,1
23.434747104,0,0
23.434789888,0,1
23.434813130,1,1
23.434832290,1,0
23.434873592,1,1
23.434894844,0,1
23.434915014,0,0
23.434956330,0,1
23.434979570,1,1
23.434998732,1,0
23.435040042,1,1
23.435082448,1,0
23.435123758,1,1
23.435145010,0,1
23.435165180,0,0
23.435206488,0,1
23.435229726,1,1
23.435248888,1,0
23.435290194,1,1
23.435311446,0,1
23.435331618,0,0
23.435372928,0,1
23.435414348,0,0
23.435458124,0,1
23.435481362,1,1
23.435500526,1,0
23.435538878,1,1
23.435581286,1,0
23.435626040,1,1
23.435661302,1,0
23.445970000,1,1
23.447128720,0,1
23.447140522,0,0
23.447183312,0,1
23.447206550,1,1
23.447225712,1,0
23.447267024,1,1
23.447288276,0,1
23.447308450,0,0
23.447349764,0,1
23.447373004,1,1
23.447392170,1,0
23.447433480,1,1
23.447475888,1,0
23.447517196,1,1
23.447559608,1,0
23.447600922,1,1
23.447643332,1,0
23.447684642,1,1
23.447705896,0,1
23.447726070,0,0
23.447767382,0,1
23.447808806,0,0
23.447852582,0,1
23.447894000,0,0
23.447932358,0,1
23.447955600,1,1
23.447974762,1,0
23.448019516,1,1
23.448054598,1,0
23.461957618,1,1
23.464243746,0,1
23.464255548,0,0
23.464298342,0,1
23.464339764,0,0
23.464381080,0,1
23.464404320,1,1
23.464423484,1,0
23.464464796,1,1
23.464507204,1,0
23.464548516,1,1
23.464569772,0,1
23.464589950,0,0
23.464631264,0,1
23.464654506,1,1
23.464673670,1,0
23.464714980,1,1
23.464757390,1,0
23.464798696,1,1
23.464819948,0,1
23.464840124,0,0
23.464881436,0,1
23.464922858,0,0
23.464966640,0,1
23.464989880,1,1
23.465009044,1,0
23.465047400,1,1
23.465089810,1,0
23.465134570,1,1
23.465170062,1,0
23.477957140,1,1
23.486189324,1,0
23.494618148,1,1
23.502850800,1,0
23.511269666,1,1
23.519513292,1,0
23.527932058,1,1
23.536165316,1,0
23.544594944,1,1
23.552827840,1,0
23.561246634,1,1
23.569479008,1,0
23.577908702,1,1
23.586140720,1,0
23.594559656,1,1
23.602804064,1,0
23.611222900,1,1
23.619455902,1,0
23.627885986,1,1
23.636118550,1,0
23.644536946,1,1
23.652769932,1,0
23.661199716,1,1
23.669432734,1,0
23.677851528,1,1
23.686095800,1,0
23.694514068,1,1
23.702746472,1,0
23.711176328,1,1
23.719408364,1,0
23.727826766,1,1
23.736059302,1,0
23.744489068,1,1
23.752722160,1,0
23.761140872,1,1
23.769384818,1,0
23.777803712,1,1
23.786036588,1,0
23.794466034,1,1
23.802698262,1,0
23.811116542,1,1
23.819349638,1,0
23.827780318,1,1
23.836013064,1,0
23.844431532,1,1
23.852675994,1,0
23.861095310,1,1
23.869328884,1,0
23.877759558,1,1
23.885991858,1,0
23.894410788,1,1
23.902643674,1,0
23.911073792,1,1
23.919307254,1,0
23.927726286,1,1
23.935970662,1,0
23.944389118,1,1
23.952622538,1,0
23.961052648,1,1
23.965154076,0,1
23.965165878,0,0
23.965208670,0,1
23.965250090,0,0
23.965291408,0,1
23.965314646,1,1
23.965333810,1,0
23.965375116,1,1
23.965417530,1,0
23.965458846,1,1
23.965480104,0,1
23.965500282,0,0
23.965541604,0,1
23.965564848,1,1
23.965584014,1,0
23.965625324,1,1
23.965667736,1,0
23.965709048,1,1
23.965730300,0,1
23.965750474,0,0
23.965791792,0,1
23.965833222,0,0
23.965877002,0,1
23.965900242,1,1
23.965919408,1,0
23.965957766,1,1
23.966000174,1,0
23.966044928,1,1
23.966071634,1,0
23.974491672,1,1
23.982724086,1,0
23.991154674,1,1
23.999387182,1,0
24.007805180,1,1
24.016037244,1,0
24.024466762,1,1
24.032699174,1,0
24.041118080,1,1
24.049362390,1,0
24.057781106,1,1
24.059544612,0,1
24.059556408,0,0
24.059599180,0,1
24.059640582,0,0
24.059681882,0,1
24.059705118,1,1
24.059724278,1,0
24.059765568,1,1
24.059807966,1,0
24.059849258,1,1
24.059870504,0,1
24.059890676,0,0
24.059931988,0,1
24.059955224,1,1
24.059974386,1,0
24.060015690,1,1
24.060058090,1,0
24.060099388,1,1
24.060120638,0,1
24.060140810,0,0
24.060182124,0,1
24.060223544,0,0
24.060267318,0,1
24.060290550,1,1
24.060309710,1,0
24.060348046,1,1
24.060390434,1,0
24.060435168,1,1
24.060461804,1,0
24.068882596,1,1
24.069840476,0,1
24.069852282,0,0
24.069895084,0,1
24.069936512,0,0
24.069977834,0,1
24.070019264,0,0
24.070060588,0,1
24.070102016,0,0
24.070143342,0,1
24.070184774,0,0
24.070226096,0,1
24.070249342,1,1
24.070268508,1,0
24.070309828,1,1
24.070352244,1,0
24.070393562,1,1
24.070435978,1,0
24.070477296,1,1
24.070519710,1,0
24.070563488,1,1
24.070605900,1,0
24.070644256,1,1
24.070686664,1,0
24.070731416,1,1
24.074360272,0,1
24.074372074,0,0
24.074414862,0,1
24.074438100,1,1
24.074457266,1,0
24.074498578,1,1
24.074519828,0,1
24.074540002,0,0
24.074581322,0,1
24.074604562,1,1
24.074623726,1,0
24.074665036,1,1
24.074707448,1,0
24.074748760,1,1
24.074770014,0,1
24.074790188,0,0
24.074831500,0,1
24.074854740,1,1
24.074873904,1,0
24.074915214,1,1
24.074936464,0,1
24.074956638,0,0
24.074997952,0,1
24.075039372,0,0
24.075083148,0,1
24.075106390,1,1
24.075125554,1,0
24.075163908,1,1
24.075206316,1,0
24.075251068,1,1
24.075267224,1,0
24.085957010,1,1
24.094189358,1,0
24.102619384,1,1
24.105616132,0,1
24.105627936,0,0
24.105670726,0,1
24.105712144,0,0
24.105753454,0,1
24.105794876,0,0
24.105836186,0,1
24.105877608,0,0
24.105918922,0,1
24.105960342,0,0
24.106001654,0,1
24.106024892,1,1
24.106044056,1,0
24.106085364,1,1
24.106127768,1,0
24.106169078,1,1
24.106211484,1,0
24.106252788,1,1
24.106295194,1,0
24.106338960,1,1
24.106381364,1,0
24.106419712,1,1
24.106462116,1,0
24.106506864,1,1
24.110135606,0,1
24.110147408,0,0
24.110190192,0,1
24.110231610,0,0
24.110272920,0,1
24.110296158,1,1
24.110315320,1,0
24.110356626,1,1
24.110399032,1,0
24.110440340,1,1
24.110461592,0,1
24.110481766,0,0
24.110523078,0,1
24.110546314,1,1
24.110565476,1,0
24.110606786,1,1
24.110649196,1,0
24.110690504,1,1
24.110711754,0,1
24.110731928,0,0
24.110773240,0,1
24.110814658,0,0
24.110858432,0,1
24.110881668,1,1
24.110900832,1,0
24.110939184,1,1
24.110981590,1,0
24.111026346,1,1
24.111042508,1,0
24.125957892,1,1
24.127013650,0,1
24.127025452,0,0
24.127068244,0,1
24.127109662,0,0
24.127150978,0,1
24.127192394,0,0
24.127233706,0,1
24.127275126,0,0
24.127316442,0,1
24.127357864,0,0
24.127399176,0,1
24.127422416,1,1
24.127441580,1,0
24.127482886,1,1
24.127525296,1,0
24.127566608,1,1
24.127609026,1,0
24.127650338,1,1
24.127692752,1,0
24.127736522,1,1
24.127778928,1,0
24.127817284,1,1
24.127859694,1,0
24.127904446,1,1
24.131530276,0,1
24.131542076,0,0
24.131584870,0,1
24.131608110,1,1
24.131627276,1,0
24.131668582,1,1
24.131689834,0,1
24.131710008,0,0
24.131751320,0,1
24.131774560,1,1
24.131793722,1,0
24.131835030,1,1
24.131877442,1,0
24.131918750,1,1
24.131961158,1,0
24.132002468,1,1
24.132044878,1,0
24.132086184,1,1
24.132107434,0,1
24.132127608,0,0
24.132168918,0,1
24.132210336,0,0
24.132254114,0,1
24.132295534,0,0
24.132333890,0,1
24.132357126,1,1
24.132376292,1,0
24.132421048,1,1
24.132437260,1,0
24.141956916,1,1
24.150189728,1,0
24.158619570,1,1
24.166852126,1,0
24.175270094,1,1
24.183502162,1,0
24.191932262,1,1
24.200164680,1,0
24.208583200,1,1
24.216826980,1,0
24.225245016,1,1
24.233476768,1,0
24.241905738,1,1
24.244550612,0,1
24.244562412,0,0
24.244605198,0,1
24.244628436,1,1
24.244647596,1,0
24.244688900,1,1
24.244710152,0,1
24.244730324,0,0
24.244771636,0,1
24.244794874,1,1
24.244814036,1,0
24.244855348,1,1
24.244897756,1,0
24.244939062,1,1
24.244981464,1,0
24.245022768,1,1
24.245065168,1,0
24.245106472,1,1
24.245127726,0,1
24.245147898,0,0
24.245189206,0,1
24.245230626,0,0
24.245274400,0,1
24.245315816,0,0
24.245354170,0,1
24.245377410,1,1
24.245396572,1,0
24.245441330,1,1
24.245476374,1,0
24.261957550,1,1
24.264350602,0,1
24.264362406,0,0
24.264405214,0,1
24.264428458,1,1
24.264447624,1,0
24.264488942,1,1
24.264510200,0,1
24.264530380,0,0
24.264571706,0,1
24.264594948,1,1
24.264614116,1,0
24.264655436,1,1
24.264676694,0,1
24.264696870,0,0
24.264738190,0,1
24.264761436,1,1
24.264780602,1,0
24.264821918,1,1
24.264864334,1,0
24.264905656,1,1
24.264926912,0,1
24.264947090,0,0
24.264988414,0,1
24.265029842,0,0
24.265073628,0,1
24.265096872,1,1
24.265116040,1,0
24.265154404,1,1
24.265196826,1,0
24.265241590,1,1
24.265276980,1,0
24.277955702,1,1
24.278363354,0,1
24.278375158,0,0
24.278417952,0,1
24.278459372,0,0
24.278500688,0,1
24.278542108,0,0
24.278583428,0,1
24.278606668,1,1
24.278625832,1,0
24.278667146,1,1
24.278709560,1,0
24.278750870,1,1
24.278772122,0,1
24.278792298,0,0
24.278833612,0,1
24.278856852,1,1
24.278876014,1,0
24.278917326,1,1
24.278938580,0,1
24.278958756,0,0
24.279000068,0,1
24.279041488,0,0
24.279085270,0,1
24.279126692,0,0
24.279165050,0,1
24.279188292,1,1
24.279207456,1,0
24.279252216,1,1
24.279275856,1,0
24.293955558,1,1
24.295644582,0,1
24.295656382,0,0
24.295699170,0,1
24.295740588,0,0
24.295781900,0,1
24.295823322,0,0
24.295864634,0,1
24.295906052,0,0
24.295947364,0,1
24.295988788,0,0
24.296030100,0,1
24.296053338,1,1
24.296072500,1,0
24.296113810,1,1
24.296156216,1,0
24.296197522,1,1
24.296239928,1,0
24.296281236,1,1
24.296323644,1,0
24.296367418,1,1
24.296409824,1,0
24.296448178,1,1
24.296490588,1,0
24.296535344,1,1
24.300165150,0,1
24.300176952,0,0
24.300219738,0,1
24.300261154,0,0
24.300302470,0,1
24.300343886,0,0
24.300385194,0,1
24.300408438,1,1
24.300427602,1,0
24.300468910,1,1
24.300511318,1,0
24.300552624,1,1
24.300573878,0,1
24.300594052,0,0
24.300635360,0,1
24.300658602,1,1
24.300677764,1,0
24.300719082,1,1
24.300740336,0,1
24.300760510,0,0
24.300801822,0,1
24.300843236,0,0
24.300887006,0,1
24.300928424,0,0
24.300966780,0,1
24.300990020,1,1
24.301009180,1,0
24.301053934,1,1
24.301070438,1,0
24.309957658,1,1
24.310862292,0,1
24.310874096,0,0
24.310916890,0,1
24.310958308,0,0
24.310999622,0,1
24.311041046,0,0
24.311082362,0,1
24.311123780,0,0
24.311165092,0,1
24.311206512,0,0
24.311247822,0,1
24.311271062,1,1
24.311290222,1,0
24.311331532,1,1
24.311373942,1,0
24.311415254,1,1
24.311457666,1,0
24.311498974,1,1
24.311541378,1,0
24.311585152,1,1
24.311627558,1,0
24.311665906,1,1
24.311708318,1,0
24.311753074,1,1
24.315379028,0,1
24.315390830,0,0
24.315433618,0,1
24.315456860,1,1
24.315476020,1,0
24.315517332,1,1
24.315538584,0,1
24.315558760,0,0
24.315600076,0,1
24.315623316,1,1
24.315642482,1,0
24.315683794,1,1
24.315726202,1,0
24.315767512,1,1
24.315809920,1,0
24.315851228,1,1
24.315893642,1,0
24.315934954,1,1
24.315956206,0,1
24.315976380,0,0
24.316017694,0,1
24.316059118,0,0
24.316102892,0,1
24.316144312,0,0
24.316182672,0,1
24.316205908,1,1
24.316225072,1,0
24.316269828,1,1
24.316287176,1,0
24.325956908,1,1
24.326078260,0,1
24.326090062,0,0
24.326132850,0,1
24.326174270,0,0
24.326215580,0,1
24.326257000,0,0
24.326298312,0,1
24.326339730,0,0
24.326381048,0,1
24.326422468,0,0
24.326463778,0,1
24.326487014,1,1
24.326506180,1,0
24.326547492,1,1
24.326589904,1,0
24.326631220,1,1
24.326673630,1,0
24.326714936,1,1
24.326757346,1,0
24.326801118,1,1
24.326843528,1,0
24.326881884,1,1
24.326924292,1,0
24.326969050,1,1
24.330597942,0,1
24.330609748,0,0
24.330652538,0,1
24.330675778,1,1
24.330694940,1,0
24.330736248,1,1
24.330757500,0,1
24.330777672,0,0
24.330818984,0,1
24.330842220,1,1
24.330861384,1,0
24.330902690,1,1
24.330923944,0,1
24.330944116,0,0
24.330985430,0,1
24.331008670,1,1
24.331027828,1,0
24.331069132,1,1
24.331111542,1,0
24.331152850,1,1
24.331174102,0,1
24.331194276,0,0
24.331235590,0,1
24.331277010,0,0
24.331320782,0,1
24.331344024,1,1
24.331363188,1,0
24.331401542,1,1
24.331443954,1,0
24.331488716,1,1
24.331505614,1,0
24.341956306,1,1
24.350188072,1,0
24.358617102,1,1
24.366848926,1,0
24.375266538,1,1
24.383497748,1,0
24.391926030,1,1
24.400157526,1,0
24.408574844,1,1
24.416817516,1,0
24.425235366,1,1
24.433467142,1,0
24.441895982,1,1
24.450128238,1,0
24.458546258,1,1
24.458590018,0,1
24.458601822,0,0
24.458644616,0,1
24.458686034,0,0
24.458727342,0,1
24.458768756,0,0
24.458810068,0,1
24.458833302,1,1
24.458852462,1,0
24.458893770,1,1
24.458936174,1,0
24.458977474,1,1
24.459019878,1,0
24.459061184,1,1
24.459103584,1,0
24.459144890,1,1
24.459166138,0,1
24.459186310,0,0
24.459227618,0,1
24.459269034,0,0
24.459312806,0,1
24.459336040,1,1
24.459355202,1,0
24.459393552,1,1
24.459435956,1,0
24.459480704,1,1
24.459516134,1,0
24.469950490,1,1
24.476615590,0,1
24.476627392,0,0
24.476670176,0,1
24.476711592,0,0
24.476752902,0,1
24.476794318,0,0
24.476835630,0,1
24.476877048,0,0
24.476918356,0,1
24.476959774,0,0
24.477001082,0,1
24.477024320,1,1
24.477043480,1,0
24.477084784,1,1
24.477127192,1,0
24.477168496,1,1
24.477210898,1,0
24.477252202,1,1
24.477294606,1,0
24.477338368,1,1
24.477380776,1,0
24.477419122,1,1
24.477461530,1,0
24.477506286,1,1
24.481134976,0,1
24.481146778,0,0
24.481189566,0,1
24.481230982,0,0
24.481272292,0,1
24.481313708,0,0
24.481355020,0,1
24.481378256,1,1
24.481397418,1,0
24.481438730,1,1
24.481481142,1,0
24.481522448,1,1
24.481564856,1,0
24.481606170,1,1
24.481648574,1,0
24.481689884,1,1
24.481711140,0,1
24.481731316,0,0
24.481772630,0,1
24.481814048,0,0
24.481857826,0,1
24.481881060,1,1
24.481900224,1,0
24.481938580,1,1
24.481980988,1,0
24.482025742,1,1
24.482042306,1,0
24.493955258,1,1
24.502198402,1,0
24.510616560,1,1
24.518848904,1,0
24.527277646,1,1
24.535510210,1,0
24.543928766,1,1
24.549665388,0,1
24.549677188,0,0
24.549719974,0,1
24.549743214,1,1
24.549762374,1,0
24.549803680,1,1
24.549846086,1,0
24.549887390,1,1
24.549908642,0,1
24.549928814,0,0
24.549970124,0,1
24.550011540,0,0
24.550052848,0,1
24.550076082,1,1
24.550095244,1,0
24.550136550,1,1
24.550178952,1,0
24.550220254,1,1
24.550241506,0,1
24.550261678,0,0
24.550302984,0,1
24.550344396,0,0
24.550388170,0,1
24.550411408,1,1
24.550430568,1,0
24.550468916,1,1
24.550511324,1,0
24.550556076,1,1
24.550591392,1,0
24.565966558,1,1
24.566864178,0,1
24.566875980,0,0
24.566918774,0,1
24.566960200,0,0
24.567001518,0,1
24.567042938,0,0
24.567084254,0,1
24.567107496,1,1
24.567126658,1,0
24.567167972,1,1
24.567189224,0,1
24.567209398,0,0
24.567250712,0,1
24.567273956,1,1
24.567293118,1,0
24.567334428,1,1
24.567376838,1,0
24.567418150,1,1
24.567439406,0,1
24.567459580,0,0
24.567500896,0,1
24.567542320,0,0
24.567586114,0,1
24.567627560,0,0
24.567665950,0,1
24.567689206,1,1
24.567708380,1,0
24.567753176,1,1
24.567788140,1,0
24.581967528,1,1
24.590200098,1,0
24.598619492,1,1
24.606852326,1,0
24.615281990,1,1
24.623514194,1,0
24.631932708,1,1
24.640176276,1,0
24.648594810,1,1
24.649507586,0,1
24.649519386,0,0
24.649562166,0,1
24.649603570,0,0
24.649644860,0,1
24.649686260,0,0
24.649727550,0,1
24.649768944,0,0
24.649810236,0,1
24.649851646,0,0
24.649892950,0,1
24.649916184,1,1
24.649935344,1,0
24.649976646,1,1
24.650019046,1,0
24.650060352,1,1
24.650102756,1,0
24.650144062,1,1
24.650186462,1,0
24.650230210,1,1
24.650272598,1,0
24.650310928,1,1
24.650353310,1,0
24.650398036,1,1
24.654027114,0,1
24.654038914,0,0
24.654081700,0,1
24.654123114,0,0
24.654164424,0,1
24.654205840,0,0
24.654247152,0,1
24.654270388,1,1
24.654289550,1,0
24.654330864,1,1
24.654352116,0,1
24.654372290,0,0
24.654413600,0,1
24.654436838,1,1
24.654456002,1,0
24.654497304,1,1
24.654539706,1,0
24.654581016,1,1
24.654602268,0,1
24.654622442,0,0
24.654663754,0,1
24.654705176,0,0
24.654748952,0,1
24.654790370,0,0
24.654828724,0,1
24.654851960,1,1
24.654871122,1,0
24.654915870,1,1
24.654932522,1,0
24.669953474,1,1
24.671142756,0,1
24.671154556,0,0
24.671197344,0,1
24.671238762,0,0
24.671280070,0,1
24.671321484,0,0
24.671362796,0,1
24.671404212,0,0
24.671445524,0,1
24.671486940,0,0
24.671528248,0,1
24.671551484,1,1
24.671570648,1,0
24.671611956,1,1
24.671654366,1,0
24.671695672,1,1
24.671738078,1,0
24.671779384,1,1
24.671821788,1,0
24.671865556,1,1
24.671907962,1,0
24.671946314,1,1
24.671988718,1,0
24.672033474,1,1
24.675662138,0,1
24.675673940,0,0
24.675716730,0,1
24.675739968,1,1
24.675759130,1,0
24.675800436,1,1
24.675842842,1,0
24.675884148,1,1
24.675905398,0,1
24.675925570,0,0
24.675966880,0,1
24.676008298,0,0
24.676049610,0,1
24.676072848,1,1
24.676092012,1,0
24.676133320,1,1
24.676175724,1,0
24.676217032,1,1
24.676238284,0,1
24.676258456,0,0
24.676299766,0,1
24.676341184,0,0
24.676384956,0,1
24.676408192,1,1
24.676427352,1,0
24.676465704,1,1
24.676508108,1,0
24.676552858,1,1
24.676569402,1,0
24.685966594,1,1
24.687286404,0,1
24.687298206,0,0
24.687340996,0,1
24.687364236,1,1
24.687383400,1,0
24.687424708,1,1
24.687467118,1,0
24.687508426,1,1
24.687529676,0,1
24.687549848,0,0
24.687591170,0,1
24.687632588,0,0
24.687673900,0,1
24.687697136,1,1
24.687716298,1,0
24.687757606,1,1
24.687800012,1,0
24.687841318,1,1
24.687862570,0,1
24.687882744,0,0
24.687924052,0,1
24.687965468,0,0
24.688009244,0,1
24.688032482,1,1
24.688051644,1,0
24.688089996,1,1
24.688132404,1,0
24.688177158,1,1
24.688212726,1,0
24.701955468,1,1
24.710188642,1,0
24.718618782,1,1
24.726851716,1,0
24.735269626,1,1
24.743513256,1,0
24.751931964,1,1
24.760164176,1,0
24.768594320,1,1
24.776826820,1,0
24.785245462,1,1
24.785281450,0,1
24.785293254,0,0
24.785336040,0,1
24.785377456,0,0
24.785418762,0,1
24.785460180,0,0
24.785501488,0,1
24.785542908,0,0
24.785584222,0,1
24.785625638,0,0
24.785666948,0,1
24.785690186,1,1
24.785709348,1,0
24.785750656,1,1
24.785793060,1,0
24.785834364,1,1
24.785876764,1,0
24.785918066,1,1
24.785960472,1,0
24.786004236,1,1
24.786046642,1,0
24.786084992,1,1
24.786127396,1,0
24.786172144,1,1
24.789800986,0,1
24.789812788,0,0
24.789855578,0,1
24.789878814,1,1
24.789897976,1,0
24.789939284,1,1
24.789981690,1,0
24.790022998,1,1
24.790044246,0,1
24.790064418,0,0
24.790105728,0,1
24.790147144,0,0
24.790188458,0,1
24.790211700,1,1
24.790230862,1,0
24.790272172,1,1
24.790314582,1,0
24.790355888,1,1
24.790377142,0,1
24.790397314,0,0
24.790438624,0,1
24.790480042,0,0
24.790523820,0,1
24.790547060,1,1
24.790566222,1,0
24.790604576,1,1
24.790646988,1,0
24.790691738,1,1
24.790707930,1,0
24.805967342,1,1
24.814200450,1,0
24.822618836,1,1
24.830450376,0,1
24.830462178,0,0
24.830504968,0,1
24.830528210,1,1
24.830547370,1,0
24.830588690,1,1
24.830631104,1,0
24.830672412,1,1
24.830693666,0,1
24.830713838,0,0
24.830755152,0,1
24.830796572,0,0
24.830837884,0,1
24.830861124,1,1
24.830880288,1,0
24.830921598,1,1
24.830964004,1,0
24.831005312,1,1
24.831026564,0,1
24.831046736,0,0
24.831088046,0,1
24.831129466,0,0
24.831173244,0,1
24.831196480,1,1
24.831215644,1,0
24.831253996,1,1
24.831296402,1,0
24.831341156,1,1
24.831376560,1,0
24.845955708,1,1
24.854187678,1,0
24.862617482,1,1
24.870850490,1,0
24.879269406,1,1
24.887501452,1,0
24.895931534,1,1
24.898607734,0,1
24.898619538,0,0
24.898662330,0,1
24.898703750,0,0
24.898745066,0,1
24.898786486,0,0
24.898827800,0,1
24.898851036,1,1
24.898870198,1,0
24.898911508,1,1
24.898932762,0,1
24.898952934,0,0
24.898994246,0,1
24.899017486,1,1
24.899036648,1,0
24.899077956,1,1
24.899120366,1,0
24.899161680,1,1
24.899182934,0,1
24.899203108,0,0
24.899244422,0,1
24.899285844,0,0
24.899329622,0,1
24.899371042,0,0
24.899409402,0,1
24.899432646,1,1
24.899451810,1,0
24.899496564,1,1
24.899520376,1,0
24.909964100,1,1
24.918196108,1,0
24.926614602,1,1
24.928416818,0,1
24.928428620,0,0
24.928471408,0,1
24.928512826,0,0
24.928554140,0,1
24.928595560,0,0
24.928636876,0,1
24.928678298,0,0
24.928719608,0,1
24.928761028,0,0
24.928802340,0,1
24.928825578,1,1
24.928844740,1,0
24.928886046,1,1
24.928928454,1,0
24.928969758,1,1
24.929012158,1,0
24.929053462,1,1
24.929095868,1,0
24.929139632,1,1
24.929139636,1,0
24.929139638,1,1
24.929182044,1,0
24.929220396,1,1
24.929262798,1,0
24.929307552,1,1
24.932937220,0,1
24.932949020,0,0
24.932991810,0,1
24.933033228,0,0
24.933074540,0,1
24.933115962,0,0
24.933157274,0,1
24.933180512,1,1
24.933199674,1,0
24.933240990,1,1
24.933262242,0,1
24.933282416,0,0
24.933323728,0,1
24.933346968,1,1
24.933366132,1,0
24.933407438,1,1
24.933449850,1,0
24.933491166,1,1
24.933512422,0,1
24.933532598,0,0
24.933573914,0,1
24.933615336,0,0
24.933659112,0,1
24.933700532,0,0
24.933738890,0,1
24.933762132,1,1
24.933781296,1,0
24.933826050,1,1
24.933842200,1,0
24.949964822,1,1
24.953497226,0,1
24.953509026,0,0
24.953551816,0,1
24.953593242,0,0
24.953634554,0,1
24.953675972,0,0
24.953717290,0,1
24.953758706,0,0
24.953800016,0,1
24.953841438,0,0
24.953882748,0,1
24.953905986,1,1
24.953925148,1,0
24.953966458,1,1
24.954008866,1,0
24.954050172,1,1
24.954092582,1,0
24.954133888,1,1
24.954176292,1,0
24.954220062,1,1
24.954262468,1,0
24.954300818,1,1
24.954343222,1,0
24.954387974,1,1
24.958015880,0,1
24.958027678,0,0
24.958070458,0,1
24.958093692,1,1
24.958112854,1,0
24.958154158,1,1
24.958196552,1,0
24.958237836,1,1
24.958259078,0,1
24.958279238,0,0
24.958320522,0,1
24.958361920,0,0
24.958403220,0,1
24.958426458,1,1
24.958445618,1,0
24.958486922,1,1
24.958529328,1,0
24.958570618,1,1
24.958591866,0,1
24.958612032,0,0
24.958653326,0,1
24.958694730,0,0
24.958738484,0,1
24.958761710,1,1
24.958780862,1,0
24.958819198,1,1
24.958861596,1,0
24.958906338,1,1
24.958922458,1,0
24.973953716,1,1
24.977070406,0,1
24.977082208,0,0
24.977124998,0,1
24.977148238,1,1
24.977167400,1,0
24.977208708,1,1
24.977251116,1,0
24.977292426,1,1
24.977313676,0,1
24.977333848,0,0
24.977375156,0,1
24.977416578,0,0
24.977457892,0,1
24.977481132,1,1
24.977500296,1,0
24.977541608,1,1
24.977584024,1,0
24.977625340,1,1
24.977646596,0,1
24.977666770,0,0
24.977708084,0,1
24.977749502,0,0
24.977793276,0,1
24.977816514,1,1
24.977835678,1,0
24.977874026,1,1
24.977916432,1,0
24.977961188,1,1
24.977996188,1,0
24.989952744,1,1
24.998196430,1,0
25.006615254,1,1
25.014847966,1,0
25.023277246,1,1
25.031509332,1,0
25.039927288,1,1
25.048159634,1,0
25.056589256,1,1
25.064821900,1,0
25.073240564,1,1
25.075718536,0,1
25.075730338,0,0
25.075773126,0,1
25.075814542,0,0
25.075855856,0,1
25.075897272,0,0
25.075938580,0,1
25.075961818,1,1
25.075980982,1,0
25.076022288,1,1
25.076043538,0,1
25.076063710,0,0
25.076105022,0,1
25.076128260,1,1
25.076147420,1,0
25.076188724,1,1
25.076231130,1,0
25.076272434,1,1
25.076293682,0,1
25.076313852,0,0
25.076355162,0,1
25.076396576,0,0
25.076440342,0,1
25.076481756,0,0
25.076520114,0,1
25.076543352,1,1
25.076562512,1,0
25.076607268,1,1
25.076642460,1,0
25.085966718,1,1
25.093415486,0,1
25.093427288,0,0
25.093470074,0,1
25.093511494,0,0
25.093552810,0,1
25.093594232,0,0
25.093635542,0,1
25.093676962,0,0
25.093718276,0,1
25.093759692,0,0
25.093801004,0,1
25.093824244,1,1
25.093843406,1,0
25.093884714,1,1
25.093927126,1,0
25.093968436,1,1
25.094010842,1,0
25.094052148,1,1
25.094094554,1,0
25.094138322,1,1
25.094180730,1,0
25.094219086,1,1
25.094261490,1,0
25.094306242,1,1
25.097936078,0,1
25.097947880,0,0
25.097990674,0,1
25.098032098,0,0
25.098073410,0,1
25.098114828,0,0
25.098156144,0,1
25.098179384,1,1
25.098198546,1,0
25.098239856,1,1
25.098261112,0,1
25.098281288,0,0
25.098322600,0,1
25.098345840,1,1
25.098365004,1,0
25.098406312,1,1
25.098448720,1,0
25.098490030,1,1
25.098511282,0,1
25.098531458,0,0
25.098572772,0,1
25.098614196,0,0
25.098657978,0,1
25.098699400,0,0
25.098737758,0,1
25.098761000,1,1
25.098780166,1,0
25.098824926,1,1
25.098841250,1,0
25.109964716,1,1
25.115919430,0,1
25.115931232,0,0
25.115974022,0,1
25.116015442,0,0
25.116056752,0,1
25.116098172,0,0
25.116139488,0,1
25.116180904,0,0
25.116222218,0,1
25.116263636,0,0
25.116304944,0,1
25.116328182,1,1
25.116347344,1,0
25.116388648,1,1
25.116431054,1,0
25.116472360,1,1
25.116514770,1,0
25.116556076,1,1
25.116598488,1,0
25.116642264,1,1
25.116684676,1,0
25.116723032,1,1
25.116765440,1,0
25.116810196,1,1
25.120438954,0,1
25.120450756,0,0
25.120493542,0,1
25.120516778,1,1
25.120535942,1,0
25.120577250,1,1
25.120619658,1,0
25.120660966,1,1
25.120682218,0,1
25.120702392,0,0
25.120743704,0,1
25.120785126,0,0
25.120826440,0,1
25.120849680,1,1
25.120868838,1,0
25.120910140,1,1
25.120952546,1,0
25.120993848,1,1
25.121015098,0,1
25.121035270,0,0
25.121076586,0,1
25.121118006,0,0
25.121161780,0,1
25.121185020,1,1
25.121204182,1,0
25.121242532,1,1
25.121284934,1,0
25.121329686,1,1
25.121346270,1,0
25.133955058,1,1
25.142188082,1,0
25.150618738,1,1
25.158852524,1,0
25.167271336,1,1
25.175504780,1,0
25.183935404,1,1
25.192168056,1,0
25.200586772,1,1
25.202596508,0,1
25.202608310,0,0
25.202651100,0,1
25.202692514,0,0
25.202733828,0,1
25.202775246,0,0
25.202816556,0,1
25.202839794,1,1
25.202858956,1,0
25.202900262,1,1
25.202942672,1,0
25.202983982,1,1
25.203005236,0,1
25.203025408,0,0
25.203066718,0,1
25.203089958,1,1
25.203109120,1,0
25.203150430,1,1
25.203171684,0,1
25.203191858,0,0
25.203233168,0,1
25.203274586,0,0
25.203318354,0,1
25.203359774,0,0
25.203398130,0,1
25.203421368,1,1
25.203440530,1,0
25.203485278,1,1
25.203520854,1,0
25.213952900,1,1
25.216373806,0,1
25.216385608,0,0
25.216428396,0,1
25.216451634,1,1
25.216470796,1,0
25.216512104,1,1
25.216554510,1,0
25.216595822,1,1
25.216617076,0,1
25.216637250,0,0
25.216678564,0,1
25.216701802,1,1
25.216720964,1,0
25.216762272,1,1
25.216783524,0,1
25.216803696,0,0
25.216845006,0,1
25.216868244,1,1
25.216887408,1,0
25.216928716,1,1
25.216949968,0,1
25.216970140,0,0
25.217011456,0,1
25.217052874,0,0
25.217096646,0,1
25.217119886,1,1
25.217139048,1,0
25.217177400,1,1
25.217219804,1,0
25.217264558,1,1
25.217299858,1,0
25.229953658,1,1
25.238186110,1,0
25.246615816,1,1
25.254848206,1,0
25.263267032,1,1
25.271510968,1,0
25.279930028,1,1
25.288163184,1,0
25.296593718,1,1
25.304826522,1,0
25.313245578,1,1
25.321478384,1,0
25.329908116,1,1
25.333018604,0,1
25.333030406,0,0
25.333073190,0,1
25.333114606,0,0
25.333155916,0,1
25.333197332,0,0
25.333238644,0,1
25.333280060,0,0
25.333321370,0,1
25.333362784,0,0
25.333404100,0,1
25.333427342,1,1
25.333446504,1,0
25.333487816,1,1
25.333530228,1,0
25.333571540,1,1
25.333613946,1,0
25.333655252,1,1
25.333697660,1,0
25.333741428,1,1
25.333783836,1,0
25.333822192,1,1
25.333864600,1,0
25.333909360,1,1
25.337538954,0,1
25.337550754,0,0
25.337593552,0,1
25.337634972,0,0
25.337676280,0,1
25.337717696,0,0
25.337759006,0,1
25.337782242,1,1
25.337801404,1,0
25.337842708,1,1
25.337885112,1,0
25.337926414,1,1
25.337947662,0,1
25.337967834,0,0
25.338009140,0,1
25.338032378,1,1
25.338051538,1,0
25.338092846,1,1
25.338114096,0,1
25.338134268,0,0
25.338175578,0,1
25.338216994,0,0
25.338260766,0,1
25.338302182,0,0
25.338340536,0,1
25.338363774,1,1
25.338382936,1,0
25.338427688,1,1
25.338443774,1,0
25.349956378,1,1
25.358189124,1,0
25.366619510,1,1
25.374851706,1,0
25.383270442,1,1
25.391502674,1,0
25.399932664,1,1
25.408166144,1,0
25.416585534,1,1
25.417983748,0,1
25.417995550,0,0
25.418038338,0,1
25.418061578,1,1
25.418080740,1,0
25.418122048,1,1
25.418143300,0,1
25.418163472,0,0
25.418204784,0,1
25.418228022,1,1
25.418247186,1,0
25.418288494,1,1
25.418330902,1,0
25.418372210,1,1
25.418414614,1,0
25.418455920,1,1
25.418498326,1,0
25.418539630,1,1
25.418560882,0,1
25.418581056,0,0
25.418622368,0,1
25.418663790,0,0
25.418707564,0,1
25.418748984,0,0
25.418787338,0,1
25.418810578,1,1
25.418829738,1,0
25.418874494,1,1
25.418909452,1,0
25.429965000,1,1
25.438198046,1,0
25.446616456,1,1
25.454848976,1,0
25.463279032,1,1
25.471512096,1,0
25.479931044,1,1
25.488175870,1,0
25.496594532,1,1
25.498858714,0,1
25.498870514,0,0
25.498913296,0,1
25.498954714,0,0
25.498996022,0,1
25.499037434,0,0
25.499078742,0,1
25.499120160,0,0
25.499161470,0,1
25.499202884,0,0
25.499244192,0,1
25.499267428,1,1
25.499286588,1,0
25.499327890,1,1
25.499370292,1,0
25.499411596,1,1
25.499453996,1,0
25.499495300,1,1
25.499537700,1,0
25.499581466,1,1
25.499623870,1,0
25.499662218,1,1
25.499704622,1,0
25.499749372,1,1
25.503378042,0,1
25.503389842,0,0
25.503432632,0,1
25.503455868,1,1
25.503475028,1,0
25.503516334,1,1
25.503558740,1,0
25.503600052,1,1
25.503621304,0,1
25.503641478,0,0
25.503682794,0,1
25.503706030,1,1
25.503725194,1,0
25.503766500,1,1
25.503787752,0,1
25.503807924,0,0
25.503849238,0,1
25.503872474,1,1
25.503891638,1,0
25.503932950,1,1
25.503954200,0,1
25.503974374,0,0
25.504015688,0,1
25.504057108,0,0
25.504100886,0,1
25.504124120,1,1
25.504143282,1,0
25.504181632,1,1
25.504224040,1,0
25.504268788,1,1
25.504285278,1,0
25.517952078,1,1
25.526185806,1,0
25.534616930,1,1
25.535327114,0,1
25.535338916,0,0
25.535381704,0,1
25.535423122,0,0
25.535464428,0,1
25.535505844,0,0
25.535547154,0,1
25.535588572,0,0
25.535629886,0,1
25.535671304,0,0
25.535712614,0,1
25.535735848,1,1
25.535755012,1,0
25.535796320,1,1
25.535838724,1,0
25.535880032,1,1
25.535922438,1,0
25.535963742,1,1
25.536006144,1,0
25.536049912,1,1
25.536092316,1,0
25.536130668,1,1
25.536173074,1,0
25.536217826,1,1
25.539843536,0,1
25.539855338,0,0
25.539898122,0,1
25.539921358,1,1
25.539940520,1,0
25.539981826,1,1
25.540003078,0,1
25.540023250,0,0
25.540064560,0,1
25.540087800,1,1
25.540106964,1,0
25.540148276,1,1
25.540190682,1,0
25.540231992,1,1
25.540274396,1,0
25.540315702,1,1
25.540358106,1,0
25.540399414,1,1
25.540420664,0,1
25.540440836,0,0
25.540482148,0,1
25.540523564,0,0
25.540567336,0,1
25.540608754,0,0
25.540647112,0,1
25.540670350,1,1
25.540689510,1,0
25.540734264,1,1
25.540750498,1,0
25.549965572,1,1
25.558198902,1,0
25.566618598,1,1
25.574853054,1,0
25.583284140,1,1
25.584648972,0,1
25.584660778,0,0
25.584703584,0,1
25.584726824,1,1
25.584745988,1,0
25.584787298,1,1
25.584829702,1,0
25.584871004,1,1
25.584892252,0,1
25.584912422,0,0
25.584953732,0,1
25.584976966,1,1
25.584996126,1,0
25.585037430,1,1
25.585058680,0,1
25.585078852,0,0
25.585120166,0,1
25.585143402,1,1
25.585162562,1,0
25.585203864,1,1
25.585225118,0,1
25.585245288,0,0
25.585286594,0,1
25.585328012,0,0
25.585371786,0,1
25.585395020,1,1
25.585414184,1,0
25.585452532,1,1
25.585494938,1,0
25.585539688,1,1
25.585574984,1,0
25.597965522,1,1
25.598692834,0,1
25.598704636,0,0
25.598747426,0,1
25.598770664,1,1
25.598789826,1,0
25.598831134,1,1
25.598852386,0,1
25.598872558,0,0
25.598913870,0,1
25.598937110,1,1
25.598956272,1,0
25.598997582,1,1
25.599039988,1,0
25.599081294,1,1
25.599123702,1,0
25.599165006,1,1
25.599207410,1,0
25.599248718,1,1
25.599269968,0,1
25.599290142,0,0
25.599331454,0,1
25.599372876,0,0
25.599416650,0,1
25.599458066,0,0
25.599496422,0,1
25.599519660,1,1
25.599538822,1,0
25.599583580,1,1
25.599618692,1,0
25.613964716,1,1
25.622198570,1,0
25.630617666,1,1
25.638861958,1,0
25.647280972,1,1
25.655514306,1,0
25.663944606,1,1
25.672177854,1,0
25.680596354,1,1
25.687941486,0,1
25.687953288,0,0
25.687996074,0,1
25.688037490,0,0
25.688078802,0,1
25.688120220,0,0
25.688161530,0,1
25.688202954,0,0
25.688244268,0,1
25.688285686,0,0
25.688326998,0,1
25.688350238,1,1
25.688369400,1,0
25.688410706,1,1
25.688453112,1,0
25.688494416,1,1
25.688536824,1,0
25.688578136,1,1
25.688620548,1,0
25.688664318,1,1
25.688706718,1,0
25.688745068,1,1
25.688787474,1,0
25.688832224,1,1
25.692460796,0,1
25.692472596,0,0
25.692515382,0,1
25.692538618,1,1
25.692557780,1,0
25.692599092,1,1
25.692641494,1,0
25.692682800,1,1
25.692704050,0,1
25.692724222,0,0
25.692765528,0,1
25.692788770,1,1
25.692807934,1,0
25.692849240,1,1
25.692870490,0,1
25.692890660,0,0
25.692931970,0,1
25.692955204,1,1
25.692974366,1,0
25.693015670,1,1
25.693036922,0,1
25.693057094,0,0
25.693098406,0,1
25.693139822,0,0
25.693183594,0,1
25.693206832,1,1
25.693225992,1,0
25.693264342,1,1
25.693306744,1,0
25.693351496,1,1
25.693367608,1,0
25.709952864,1,1
25.718185594,1,0
25.726615568,1,1
25.727499638,0,1
25.727511438,0,0
25.727554224,0,1
25.727595646,0,0
25.727636962,0,1
25.727678386,0,0
25.727719700,0,1
25.727761114,0,0
25.727802426,0,1
25.727843844,0,0
25.727885154,0,1
25.727908390,1,1
25.727927556,1,0
25.727968864,1,1
25.728011266,1,0
25.728052572,1,1
25.728094978,1,0
25.728136282,1,1
25.728178692,1,0
25.728222464,1,1
25.728264868,1,0
25.728303216,1,1
25.728345622,1,0
25.728390376,1,1
25.732016158,0,1
25.732027958,0,0
25.732070742,0,1
25.732093982,1,1
25.732113144,1,0
25.732154452,1,1
25.732175702,0,1
25.732195874,0,0
25.732237188,0,1
25.732260428,1,1
25.732279592,1,0
25.732320900,1,1
25.732363308,1,0
25.732404624,1,1
25.732447032,1,0
25.732488340,1,1
25.732530750,1,0
25.732572062,1,1
25.732593314,0,1
25.732613486,0,0
25.732654798,0,1
25.732696212,0,0
25.732739986,0,1
25.732781406,0,0
25.732819766,0,1
25.732843006,1,1
25.732862168,1,0
25.732906926,1,1
25.732923044,1,0
25.741957130,1,1
25.750188966,1,0
25.758607264,1,1
25.759848148,0,1
25.759859948,0,0
25.759902738,0,1
25.759925978,1,1
25.759945140,1,0
25.759986446,1,1
25.760007696,0,1
25.760027872,0,0
25.760069186,0,1
25.760092424,1,1
25.760111584,1,0
25.760152892,1,1
25.760195302,1,0
25.760236610,1,1
25.760279018,1,0
25.760320330,1,1
25.760362738,1,0
25.760404044,1,1
25.760425300,0,1
25.760445474,0,0
25.760486786,0,1
25.760528204,0,0
25.760571982,0,1
25.760613406,0,0
25.760651764,0,1
25.760675002,1,1
25.760694168,1,0
25.760738924,1,1
25.760774020,1,0
25.773963208,1,1
25.774886828,0,1
25.774898632,0,0
25.774941424,0,1
25.774964664,1,1
25.774983830,1,0
25.775025142,1,1
25.775067554,1,0
25.775108872,1,1
25.775130126,0,1
25.775150304,0,0
25.775191618,0,1
25.775214858,1,1
25.775234022,1,0
25.775275330,1,1
25.775296584,0,1
25.775316758,0,0
25.775358074,0,1
25.775381316,1,1
25.775400480,1,0
25.775441792,1,1
25.775463042,0,1
25.775483216,0,0
25.775524532,0,1
25.775565954,0,0
25.775609738,0,1
25.775632980,1,1
25.775652146,1,0
25.775690502,1,1
25.775732912,1,0
25.775777668,1,1
25.775813112,1,0
25.789962910,1,1
25.792001286,0,1
25.792013088,0,0
25.792055878,0,1
25.792097294,0,0
25.792138604,0,1
25.792161844,1,1
25.792181006,1,0
25.792222314,1,1
25.792264722,1,0
25.792306034,1,1
25.792327288,0,1
25.792347460,0,0
25.792388774,0,1
25.792412012,1,1
25.792431178,1,0
25.792472486,1,1
25.792514898,1,0
25.792556210,1,1
25.792577464,0,1
25.792597638,0,0
25.792638948,0,1
25.792680368,0,0
25.792724148,0,1
25.792747388,1,1
25.792766550,1,0
25.792804906,1,1
25.792847316,1,0
25.792892072,1,1
25.792927414,1,0
25.805963386,1,1
25.814196466,1,0
25.822615588,1,1
25.830848942,1,0
25.839279974,1,1
25.839320310,0,1
25.839332114,0,0
25.839374904,0,1
25.839416324,0,0
25.839457640,0,1
25.839499062,0,0
25.839540376,0,1
25.839581798,0,0
25.839623116,0,1
25.839664534,0,0
25.839705844,0,1
25.839729086,1,1
25.839748246,1,0
25.839789552,1,1
25.839831958,1,0
25.839873262,1,1
25.839915668,1,0
25.839956970,1,1
25.839999376,1,0
25.840043142,1,1
25.840085548,1,0
25.840123904,1,1
25.840166314,1,0
25.840211062,1,1
25.843839970,0,1
25.843851770,0,0
25.843894556,0,1
25.843935972,0,0
25.843977284,0,1
25.844000524,1,1
25.844019686,1,0
25.844060998,1,1
25.844103406,1,0
25.844144712,1,1
25.844165964,0,1
25.844186140,0,0
25.844227454,0,1
25.844250694,1,1
25.844269858,1,0
25.844311170,1,1
25.844353580,1,0
25.844394888,1,1
25.844416142,0,1
25.844436318,0,0
25.844477636,0,1
25.844519058,0,0
25.844562838,0,1
25.844586084,1,1
25.844605248,1,0
25.844643608,1,1
25.844686018,1,0
25.844730778,1,1
25.844746804,1,0
25.853962894,1,1
25.856403718,0,1
25.856415520,0,0
25.856458312,0,1
25.856499730,0,0
25.856541046,0,1
25.856582468,0,0
25.856623784,0,1
25.856665206,0,0
25.856706518,0,1
25.856747938,0,0
25.856789252,0,1
25.856812492,1,1
25.856831654,1,0
25.856872960,1,1
25.856915372,1,0
25.856956678,1,1
25.856999086,1,0
25.857040394,1,1
25.857082808,1,0
25.857126576,1,1
25.857168986,1,0
25.857207338,1,1
25.857249746,1,0
25.857294502,1,1
25.860923676,0,1
25.860935476,0,0
25.860978264,0,1
25.861001502,1,1
25.861020664,1,0
25.861061970,1,1
25.861104380,1,0
25.861145690,1,1
25.861166944,0,1
25.861187118,0,0
25.861228434,0,1
25.861251672,1,1
25.861270836,1,0
25.861312146,1,1
25.861333398,0,1
25.861353572,0,0
25.861394886,0,1
25.861418126,1,1
25.861437286,1,0
25.861478596,1,1
25.861499852,0,1
25.861520026,0,0
25.861561344,0,1
25.861602768,0,0
25.861646544,0,1
25.861669786,1,1
25.861688948,1,0
25.861727298,1,1
25.861769708,1,0
25.861814466,1,1
25.861830462,1,0
25.877963526,1,1
25.878909614,0,1
25.878921412,0,0
25.878964192,0,1
25.879005602,0,0
25.879046902,0,1
25.879088304,0,0
25.879129590,0,1
25.879170988,0,0
25.879212290,0,1
25.879253698,0,0
25.879294988,0,1
25.879318214,1,1
25.879337368,1,0
25.879378652,1,1
25.879421038,1,0
25.879462324,1,1
25.879504718,1,0
25.879545996,1,1
25.879588386,1,0
25.879632130,1,1
25.879674510,1,0
25.879712838,1,1
25.879755218,1,0
25.879799940,1,1
25.883425316,0,1
25.883437116,0,0
25.883479896,0,1
25.883503134,1,1
25.883522292,1,0
25.883563596,1,1
25.883584850,0,1
25.883605022,0,0
25.883646330,0,1
25.883669566,1,1
25.883688728,1,0
25.883730026,1,1
25.883772434,1,0
25.883813736,1,1
25.883856138,1,0
25.883897442,1,1
25.883939844,1,0
25.883981140,1,1
25.884002390,0,1
25.884022560,0,0
25.884063864,0,1
25.884105280,0,0
25.884149056,0,1
25.884190476,0,0
25.884228832,0,1
25.884252074,1,1
25.884271236,1,0
25.884315996,1,1
25.884332172,1,0
25.893952810,1,1
25.902186598,1,0
25.910617090,1,1
25.911204948,0,1
25.911216752,0,0
25.911259546,0,1
25.911282788,1,1
25.911301952,1,0
25.911343264,1,1
25.911364516,0,1
25.911384690,0,0
25.911426008,0,1
25.911449248,1,1
25.911468414,1,0
25.911509724,1,1
25.911552138,1,0
25.911593452,1,1
25.911635864,1,0
25.911677176,1,1
25.911719586,1,0
25.911760898,1,1
25.911782148,0,1
25.911802322,0,0
25.911843634,0,1
25.911885056,0,0
25.911928836,0,1
25.911970258,0,0
25.912008620,0,1
25.912031858,1,1
25.912051024,1,0
25.912095782,1,1
25.912131002,1,0
25.925951748,1,1
25.928526016,0,1
25.928537818,0,0
25.928580612,0,1
25.928603856,1,1
25.928623016,1,0
25.928664330,1,1
25.928706740,1,0
25.928748054,1,1
25.928769306,0,1
25.928789482,0,0
25.928830796,0,1
25.928854040,1,1
25.928873204,1,0
25.928914518,1,1
25.928935772,0,1
25.928955946,0,0
25.928997266,0,1
25.929020508,1,1
25.929039672,1,0
25.929080988,1,1
25.929102242,0,1
25.929122418,0,0
25.929163734,0,1
25.929205158,0,0
25.929248940,0,1
25.929272178,1,1
25.929291342,1,0
25.929329700,1,1
25.929372108,1,0
25.929416866,1,1
25.929452090,1,0
25.941953176,1,1
25.942989660,0,1
25.943001462,0,0
25.943044254,0,1
25.943085676,0,0
25.943126996,0,1
25.943150236,1,1
25.943169400,1,0
25.943210714,1,1
25.943253124,1,0
25.943294436,1,1
25.943315690,0,1
25.943335864,0,0
25.943377180,0,1
25.943400422,1,1
25.943419584,1,0
25.943460900,1,1
25.943503310,1,0
25.943544622,1,1
25.943565874,0,1
25.943586052,0,0
25.943627368,0,1
25.943668792,0,0
25.943712570,0,1
25.943735812,1,1
25.943754978,1,0
25.943793336,1,1
25.943835746,1,0
25.943880506,1,1
25.943916028,1,0
25.957963766,1,1
25.966195686,1,0
25.974613518,1,1
25.975769918,0,1
25.975781720,0,0
25.975824508,0,1
25.975865926,0,0
25.975907240,0,1
25.975948656,0,0
25.975989962,0,1
25.976031378,0,0
25.976072690,0,1
25.976114108,0,0
25.976155418,0,1
25.976178656,1,1
25.976197820,1,0
25.976239128,1,1
25.976281534,1,0
25.976322842,1,1
25.976365248,1,0
25.976406552,1,1
25.976448960,1,0
25.976492730,1,1
25.976535132,1,0
25.976573486,1,1
25.976615896,1,0
25.976660646,1,1
25.980289000,0,1
25.980300800,0,0
25.980343576,0,1
25.980384982,0,0
25.980426278,0,1
25.980449502,1,1
25.980468658,1,0
25.980509946,1,1
25.980552334,1,0
25.980593618,1,1
25.980614862,0,1
25.980635024,0,0
25.980676314,0,1
25.980699540,1,1
25.980718692,1,0
25.980759978,1,1
25.980802380,1,0
25.980843676,1,1
25.980864918,0,1
25.980885084,0,0
25.980926378,0,1
25.980967776,0,0
25.981011528,0,1
25.981034756,1,1
25.981053908,1,0
25.981092240,1,1
25.981134630,1,0
25.981179360,1,1
25.981195994,1,0
25.989951708,1,1
25.998183868,1,0
26.006613086,1,1
26.014383090,0,1
26.014394890,0,0
26.014437674,0,1
26.014479086,0,0
26.014520392,0,1
26.014561808,0,0
26.014603124,0,1
26.014644540,0,0
26.014685848,0,1
26.014727266,0,0
26.014768572,0,1
26.014791810,1,1
26.014810968,1,0
26.014852272,1,1
26.014894674,1,0
26.014935974,1,1
26.014978374,1,0
26.015019672,1,1
26.015062072,1,0
26.015105840,1,1
26.015148242,1,0
26.015186594,1,1
26.015228996,1,0
26.015273748,1,1
26.018902406,0,1
26.018914210,0,0
26.018956998,0,1
26.018980236,1,1
26.018999396,1,0
26.019040706,1,1
26.019083118,1,0
26.019124424,1,1
26.019145676,0,1
26.019165850,0,0
26.019207164,0,1
26.019230404,1,1
26.019249564,1,0
26.019290872,1,1
26.019312126,0,1
26.019332302,0,0
26.019373614,0,1
26.019396854,1,1
26.019416020,1,0
26.019457332,1,1
26.019478584,0,1
26.019498756,0,0
26.019540070,0,1
26.019581494,0,0
26.019625276,0,1
26.019648514,1,1
26.019667680,1,0
26.019706040,1,1
26.019748448,1,0
26.019793204,1,1
26.019809336,1,0
26.029960964,1,1
26.038191922,1,0
26.046609840,1,1
26.054842358,1,0
26.063271966,1,1
26.071504334,1,0
26.079922918,1,1
26.082353210,0,1
26.082365006,0,0
26.082407762,0,1
26.082430984,1,1
26.082450136,1,0
26.082491418,1,1
26.082533798,1,0
26.082575078,1,1
26.082596318,0,1
26.082616480,0,0
26.082657762,0,1
26.082680984,1,1
26.082700134,1,0
26.082741416,1,1
26.082762654,0,1
26.082782814,0,0
26.082824096,0,1
26.082847322,1,1
26.082866474,1,0
26.082907756,1,1
26.082928996,0,1
26.082949156,0,0
26.082990442,0,1
26.083031842,0,0
26.083075588,0,1
26.083098810,1,1
26.083117964,1,0
26.083156296,1,1
26.083198680,1,0
26.083243406,1,1
26.083278338,1,0
26.093949670,1,1
26.102181322,1,0
26.110610470,1,1
26.118842664,1,0
26.127260886,1,1
26.135504716,1,0
26.143923820,1,1
26.145334846,0,1
26.145346646,0,0
26.145389430,0,1
26.145430848,0,0
26.145472156,0,1
26.145513568,0,0
26.145554876,0,1
26.145596294,0,0
26.145637604,0,1
26.145679020,0,0
26.145720328,0,1
26.145743564,1,1
26.145762724,1,0
26.145804032,1,1
26.145846440,1,0
26.145887744,1,1
26.145930150,1,0
26.145971458,1,1
26.146013858,1,0
26.146057624,1,1
26.146100026,1,0
26.146138372,1,1
26.146180778,1,0
26.146225530,1,1
26.149851134,0,1
26.149862934,0,0
26.149905718,0,1
26.149928954,1,1
26.149948114,1,0
26.149989420,1,1
26.150010672,0,1
26.150030842,0,0
26.150072154,0,1
26.150095388,1,1
26.150114552,1,0
26.150155860,1,1
26.150198262,1,0
26.150239568,1,1
26.150281970,1,0
26.150323274,1,1
26.150365682,1,0
26.150406988,1,1
26.150428238,0,1
26.150448410,0,0
26.150489718,0,1
26.150531134,0,0
26.150574906,0,1
26.150616320,0,0
26.150654674,0,1
26.150677910,1,1
26.150697072,1,0
26.150741824,1,1
26.150758336,1,0
26.165963576,1,1
26.174196008,1,0
26.182614358,1,1
26.185437682,0,1
26.185449484,0,0
26.185492274,0,1
26.185533692,0,0
26.185575006,0,1
26.185616428,0,0
26.185657742,0,1
26.185680984,1,1
26.185700144,1,0
26.185741454,1,1
26.185783862,1,0
26.185825170,1,1
26.185846422,0,1
26.185866594,0,0
26.185907910,0,1
26.185931148,1,1
26.185950310,1,0
26.185991614,1,1
26.186012866,0,1
26.186033040,0,0
26.186074346,0,1
26.186115764,0,0
26.186159540,0,1
26.186200960,0,0
26.186239316,0,1
26.186262556,1,1
26.186281722,1,0
26.186326480,1,1
26.186362054,1,0
26.197951684,1,1
26.206183658,1,0
26.214613660,1,1
26.216745976,0,1
26.216757776,0,0
26.216800560,0,1
26.216823796,1,1
26.216842958,1,0
26.216884266,1,1
26.216905516,0,1
26.216925690,0,0
26.216967004,0,1
26.216990240,1,1
26.217009404,1,0
26.217050706,1,1
26.217071958,0,1
26.217092130,0,0
26.217133438,0,1
26.217156670,1,1
26.217175830,1,0
26.217217134,1,1
26.217259536,1,0
26.217300838,1,1
26.217322086,0,1
26.217342258,0,0
26.217383566,0,1
26.217424984,0,0
26.217468758,0,1
26.217491996,1,1
26.217511158,1,0
26.217549508,1,1
26.217591918,1,0
26.217636686,1,1
26.217672222,1,0
26.229963286,1,1
26.238196458,1,0
26.246615094,1,1
26.254859100,1,0
26.263278110,1,1
26.271509932,1,0
26.279940206,1,1
26.288173098,1,0
26.296591730,1,1
26.304824680,1,0
26.313254538,1,1
26.321487322,1,0
26.329906306,1,1
26.332461702,0,1
26.332473502,0,0
26.332516284,0,1
26.332557698,0,0
26.332599010,0,1
26.332640428,0,0
26.332681734,0,1
26.332723150,0,0
26.332764458,0,1
26.332805874,0,0
26.332847182,0,1
26.332870418,1,1
26.332889578,1,0
26.332930878,1,1
26.332973280,1,0
26.333014580,1,1
26.333056980,1,0
26.333098284,1,1
26.333140686,1,0
26.333184446,1,1
26.333226848,1,0
26.333265198,1,1
26.333307598,1,0
26.333352346,1,1
26.336980584,0,1
26.336992386,0,0
26.337035174,0,1
26.337058412,1,1
26.337077572,1,0
26.337118878,1,1
26.337161286,1,0
26.337202590,1,1
26.337223840,0,1
26.337244012,0,0
26.337285322,0,1
26.337308560,1,1
26.337327720,1,0
26.337369022,1,1
26.337390272,0,1
26.337410444,0,0
26.337451756,0,1
26.337474990,1,1
26.337494152,1,0
26.337535456,1,1
26.337556708,0,1
26.337576880,0,0
26.337618194,0,1
26.337659610,0,0
26.337703388,0,1
26.337726624,1,1
26.337745786,1,0
26.337784136,1,1
26.337826540,1,0
26.337871290,1,1
26.337887434,1,0
26.349961810,1,1
26.352570250,0,1
26.352582052,0,0
26.352624842,0,1
26.352666258,0,0
26.352707568,0,1
26.352748984,0,0
26.352790292,0,1
26.352831708,0,0
26.352873022,0,1
26.352914440,0,0
26.352955748,0,1
26.352978984,1,1
26.352998146,1,0
26.353039454,1,1
26.353081862,1,0
26.353123170,1,1
26.353165576,1,0
26.353206880,1,1
26.353249286,1,0
26.353293054,1,1
26.353335460,1,0
26.353373808,1,1
26.353416214,1,0
26.353460968,1,1
26.357089750,0,1
26.357101552,0,0
26.357144340,0,1
26.357167578,1,1
26.357186744,1,0
26.357228054,1,1
26.357249306,0,1
26.357269478,0,0
26.357310794,0,1
26.357334036,1,1
26.357353198,1,0
26.357394506,1,1
26.357415760,0,1
26.357435936,0,0
26.357477256,0,1
26.357500500,1,1
26.357519666,1,0
26.357560978,1,1
26.357603396,1,0
26.357644710,1,1
26.357665962,0,1
26.357686136,0,0
26.357727452,0,1
26.357768874,0,0
26.357812648,0,1
26.357835888,1,1
26.357855050,1,0
26.357893404,1,1
26.357935814,1,0
26.357980568,1,1
26.357997114,1,0
26.373951884,1,1
26.376102872,0,1
26.376114674,0,0
26.376157464,0,1
26.376198884,0,0
26.376240198,0,1
26.376281612,0,0
26.376322920,0,1
26.376364336,0,0
26.376405646,0,1
26.376447062,0,0
26.376488374,0,1
26.376511610,1,1
26.376530774,1,0
26.376572082,1,1
26.376614498,1,0
26.376655808,1,1
26.376698218,1,0
26.376739528,1,1
26.376781936,1,0
26.376825704,1,1
26.376868114,1,0
26.376906468,1,1
26.376948870,1,0
26.376993624,1,1
26.380623332,0,1
26.380635134,0,0
26.380677928,0,1
26.380719350,0,0
26.380760662,0,1
26.380802082,0,0
26.380843396,0,1
26.380866634,1,1
26.380885796,1,0
26.380927106,1,1
26.380969514,1,0
26.381010818,1,1
26.381032070,0,1
26.381052244,0,0
26.381093560,0,1
26.381116798,1,1
26.381135960,1,0
26.381177268,1,1
26.381198520,0,1
26.381218694,0,0
26.381260002,0,1
26.381301420,0,0
26.381345192,0,1
26.381386610,0,0
26.381424968,0,1
26.381448206,1,1
26.381467370,1,0
26.381512128,1,1
26.381528156,1,0
26.397962994,1,1
26.406196046,1,0
26.414613866,1,1
26.422857326,1,0
26.431275388,1,1
26.439507552,1,0
26.447937158,1,1
26.456169250,1,0
26.464587640,1,1
26.472820360,1,0
26.481250502,1,1
26.489483402,1,0
26.497901904,1,1
26.506146116,1,0
26.514564212,1,1
26.522796540,1,0
26.531226048,1,1
26.539458922,1,0
26.547877968,1,1
26.556110986,1,0
26.564540736,1,1
26.572773230,1,0
26.581191964,1,1
26.589436522,1,0
26.597855362,1,1
26.606088160,1,0
26.614517852,1,1
26.622751190,1,0
26.631170542,1,1
26.639404138,1,0
26.647834380,1,1
26.656067176,1,0
26.664485624,1,1
26.672729604,1,0
26.681148122,1,1
26.689381048,1,0
26.697811598,1,1
26.706044568,1,0
26.714462666,1,1
26.722695016,1,0
26.731124540,1,1
26.739356638,1,0
26.747775474,1,1
26.756019994,1,0
26.764438454,1,1
26.772671326,1,0
26.781101420,1,1
26.789334994,1,0
26.797753682,1,1
26.805986178,1,0
26.814415718,1,1
26.822648646,1,0
26.831067468,1,1
26.839311304,1,0
26.847729382,1,1
26.855961538,1,0
26.864390740,1,1
26.872623000,1,0
26.881041248,1,1
26.889273302,1,0
26.897703364,1,1
26.905936210,1,0
26.914354616,1,1
26.922598570,1,0
26.931016850,1,1
26.939250310,1,0
26.947680474,1,1
26.955912826,1,0
26.964330776,1,1
26.972563364,1,0
26.980994054,1,1
26.989227130,1,0
26.997646056,1,1
27.005889836,1,0
27.014309282,1,1
27.022542040,1,0
27.030972056,1,1
27.039205496,1,0
27.047624614,1,1
27.055856976,1,0
27.064287522,1,1
27.072520342,1,0
27.080939532,1,1
27.089184080,1,0
27.097603406,1,1
27.105836158,1,0
27.114266952,1,1
27.122500192,1,0
27.130919118,1,1
27.139151270,1,0
27.147582166,1,1
27.155815310,1,0
27.164234368,1,1
27.172478662,1,0
27.180897370,1,1
27.189130312,1,0
27.197560888,1,1
27.205793776,1,0
27.214212856,1,1
27.222446638,1,0
27.230877380,1,1
27.239110612,1,0
27.247529150,1,1
27.255772940,1,0
27.264191484,1,1
27.272424404,1,0
27.280854722,1,1
27.289087852,1,0
27.297506044,1,1
27.305738866,1,0
27.314169040,1,1
27.322402614,1,0
27.330822202,1,1
27.339066976,1,0
27.347485950,1,1
27.355719194,1,0
27.364149798,1,1
27.372383440,1,0
27.380802950,1,1
27.389036828,1,0
27.397467400,1,1
27.405701000,1,0
27.414120244,1,1
27.422364584,1,0
27.430783428,1,1
27.439016622,1,0
27.447446508,1,1
27.455679172,1,0
27.464098546,1,1
27.472331402,1,0
27.480760938,1,1
27.488992838,1,0
27.497410548,1,1
27.505654506,1,0
27.514073612,1,1
27.522306560,1,0
27.530735700,1,1
27.538968976,1,0
27.547387286,1,1
27.555620654,1,0
27.564051046,1,1
27.572284060,1,0
27.580703150,1,1
27.588947596,1,0
27.597366420,1,1
27.605600004,1,0
27.614030842,1,1
27.622264420,1,0
27.630683686,1,1
27.638916756,1,0
27.647347868,1,1
27.655581388,1,0
27.664000832,1,1
27.672245598,1,0
27.680664986,1,1
27.688898136,1,0
27.697328758,1,1
27.705562330,1,0
27.713981128,1,1
27.722214886,1,0
27.730646126,1,1
27.738880062,1,0
27.747299648,1,1
27.755544418,1,0
27.763963854,1,1
27.772196984,1,0
27.780628220,1,1
27.788861692,1,0
27.797281322,1,1
27.805515322,1,0
27.813946822,1,1
27.822180368,1,0
27.830599232,1,1
27.838843580,1,0
27.847262578,1,1
27.855496132,1,0
27.863926754,1,1
27.872160388,1,0
27.880579310,1,1
27.888811508,1,0
27.897241164,1,1
27.905473842,1,0
27.913892330,1,1
27.922136452,1,0
27.930555766,1,1
27.938788292,1,0
27.947218070,1,1
27.955450738,1,0
27.963869538,1,1
27.972102108,1,0
27.980532002,1,1
27.988756302,0,1
27.988764820,0,0
27.988834138,1,0
27.997184344,1,1
27.997963592,0,1
27.997975388,0,0
27.998018152,0,1
27.998041380,1,1
27.998060532,1,0
27.998101818,1,1
27.998123062,0,1
27.998143224,0,0
27.998184516,0,1
27.998207744,1,1
27.998226898,1,0
27.998268186,1,1
27.998289428,0,1
27.998309590,0,0
27.998350882,0,1
27.998374114,1,1
27.998393268,1,0
27.998434556,1,1
27.998476946,1,0
27.998518234,1,1
27.998539478,0,1
27.998559642,0,0
27.998600936,0,1
27.998642340,0,0
27.998686092,0,1
27.998709322,1,1
27.998728476,1,0
27.998766814,1,1
27.998809202,1,0
27.998853934,1,1
27.998888950,1,0
28.013958766,1,1
28.022190826,1,0
28.030608666,1,1
28.038840824,1,0
28.047270904,1,1
28.055503416,1,0
28.063921788,1,1
28.066913666,0,1
28.066925468,0,0
28.066968250,0,1
28.067009666,0,0
28.067050972,0,1
28.067092384,0,0
28.067133690,0,1
28.067175102,0,0
28.067216410,0,1
28.067257822,0,0
28.067299128,0,1
28.067322364,1,1
28.067341524,1,0
28.067382828,1,1
28.067425230,1,0
28.067466530,1,1
28.067508936,1,0
28.067550252,1,1
28.067592676,1,0
28.067636458,1,1
28.067678864,1,0
28.067717214,1,1
28.067759618,1,0
28.067804368,1,1
28.071432990,0,1
28.071444790,0,0
28.071487578,0,1
28.071510816,1,1
28.071529976,1,0
28.071571282,1,1
28.071592534,0,1
28.071612706,0,0
28.071654014,0,1
28.071677250,1,1
28.071696412,1,0
28.071737718,1,1
28.071758968,0,1
28.071779140,0,0
28.071820448,0,1
28.071843684,1,1
28.071862846,1,0
28.071904152,1,1
28.071946554,1,0
28.071987854,1,1
28.072009108,0,1
28.072029280,0,0
28.072070590,0,1
28.072112010,0,0
28.072155786,0,1
28.072179026,1,1
28.072198188,1,0
28.072236538,1,1
28.072278948,1,0
28.072323704,1,1
28.072340680,1,0
28.085947222,1,1
28.094221252,1,0
28.102664624,1,1
28.102673202,1,0
28.102820434,0,0
28.102820460,0,1
28.102936820,0,0
28.102941082,1,0
28.102978114,1,1
28.103019516,1,0
28.103023806,0,0
28.103060816,0,1
28.103103204,0,0
28.103106902,1,0
28.103144496,1,1
28.103185894,1,0
28.103227186,1,1
28.103268586,1,0
28.103273382,0,0
28.103309884,0,1
28.103352272,0,0
28.103356480,1,0
28.103393562,1,1
28.103434962,1,0
28.103476254,1,1
28.103517656,1,0
28.103558946,1,1
28.103601830,1,0
28.103643120,1,1
28.103685506,1,0
28.103726798,1,1
28.103759850,0,1
28.103773128,0,0
28.103814430,0,1
28.103837658,1,1
28.104108804,0,1
28.104120600,0,0
28.104163362,0,1
28.104204758,0,0
28.104246050,0,1
28.104269280,1,1
28.104288438,1,0
28.104329728,1,1
28.104350972,0,1
28.104371136,0,0
28.104412428,0,1
28.104435656,1,1
28.104454812,1,0
28.104496100,1,1
28.104538490,1,0
28.104579778,1,1
28.104622170,1,0
28.104663462,1,1
28.104705850,1,0
28.104747134,1,1
28.104789526,1,0
28.104833274,1,1
28.104875670,1,0
28.104914014,1,1
28.104956420,1,0
28.105001168,1,1
28.105023856,1,0
28.105171076,0,0
28.105171102,0,1
28.105219916,0,0
28.105261226,0,1
28.105303616,0,0
28.105344934,0,1
28.105387350,0,0
28.105391090,1,0
28.105428668,1,1
28.105470088,1,0
28.105473820,0,0
28.105511406,0,1
28.105553808,0,0
28.105595134,0,1
28.105637542,0,0
28.105678862,0,1
28.105721268,0,0
28.105762586,0,1
28.105804992,0,0
28.105846314,0,1
28.105890194,0,0
28.105931512,0,1
28.105970472,0,0
28.105973020,1,0
28.106011784,1,1
28.106044852,0,1
28.106058134,0,0
28.106099458,0,1
28.106122698,1,1
28.106461122,0,1
28.106472940,0,0
28.106515796,0,1
28.106557274,0,0
28.106598658,0,1
28.106621934,1,1
28.106641126,1,0
28.106682506,1,1
28.106703786,0,1
28.106723994,0,0
28.106765378,0,1
28.106788658,1,1
28.106807844,1,0
28.106849224,1,1
28.106891696,1,0
28.106933078,1,1
28.106975550,1,0
28.107016930,1,1
28.107059406,1,0
28.107100784,1,1
28.107143258,1,0
28.107187104,1,1
28.107229578,1,0
28.107268002,1,1
28.107310478,1,0
28.107355314,1,1
28.107373996,1,0
28.115792686,1,1
28.124025574,1,0
28.132444606,1,1
28.133391602,0,1
28.133403428,0,0
28.133446294,0,1
28.133469574,1,1
28.133488768,1,0
28.133530156,1,1
28.133551444,0,1
28.133571656,0,0
28.133613056,0,1
28.133636342,1,1
28.133655534,1,0
28.133696922,1,1
28.133718208,0,1
28.133738420,0,0
28.133779818,0,1
28.133803102,1,1
28.133822296,1,0
28.133863686,1,1
28.133906164,1,0
28.133947552,1,1
28.133968840,0,1
28.133989054,0,0
28.134030452,0,1
28.134071946,0,0
28.134115812,0,1
28.134139088,1,1
28.134158282,1,0
28.134196716,1,1
28.134239198,1,0
28.134284046,1,1
28.134319340,1,0
28.149945822,1,1
28.152158696,0,1
28.152170520,0,0
28.152213402,0,1
28.152254902,0,0
28.152296306,0,1
28.152337806,0,0
28.152379210,0,1
28.152402496,1,1
28.152421694,1,0
28.152463090,1,1
28.152505582,1,0
28.152546980,1,1
28.152589468,1,0
28.152630868,1,1
28.152673358,1,0
28.152714756,1,1
28.152736046,0,1
28.152756262,0,0
28.152797666,0,1
28.152839166,0,0
28.152883036,0,1
28.152906324,1,1
28.152925520,1,0
28.152963954,1,1
28.153006442,1,0
28.153051292,1,1
28.153086802,1,0
28.165946766,1,1
28.167129284,0,1
28.167141110,0,0
28.167183998,0,1
28.167207284,1,1
28.167226480,1,0
28.167267876,1,1
28.167310366,1,0
28.167351768,1,1
28.167373056,0,1
28.167393270,0,0
28.167434682,0,1
28.167457970,1,1
28.167477166,1,0
28.167518572,1,1
28.167539868,0,1
28.167560090,0,0
28.167601506,0,1
28.167624800,1,1
28.167643996,1,0
28.167685402,1,1
28.167706694,0,1
28.167726912,0,0
28.167768316,0,1
28.167809820,0,0
28.167853692,0,1
28.167876984,1,1
28.167896176,1,0
28.167934614,1,1
28.167977108,1,0
28.168021962,1,1
28.168045990,1,0
28.181948428,1,1
28.183612580,0,1
28.183624406,0,0
28.183667290,0,1
28.183708794,0,0
28.183750200,0,1
28.183791700,0,0
28.183833112,0,1
28.183856400,1,1
28.183875596,1,0
28.183916998,1,1
28.183938290,0,1
28.183958508,0,0
28.183999908,0,1
28.184023196,1,1
28.184042390,1,0
28.184083788,1,1
28.184126278,1,0
28.184167678,1,1
28.184188968,0,1
28.184209184,0,0
28.184250590,0,1
28.184292088,0,0
28.184335960,0,1
28.184377460,0,0
28.184415904,0,1
28.184439190,1,1
28.184458386,1,0
28.184503240,1,1
28.184538404,1,0
28.197961204,1,1
28.200438730,0,1
28.200450556,0,0
28.200493440,0,1
28.200534940,0,0
28.200576346,0,1
28.200617854,0,0
28.200659268,0,1
28.200700772,0,0
28.200742186,0,1
28.200783692,0,0
28.200825104,0,1
28.200848396,1,1
28.200867596,1,0
28.200909004,1,1
28.200951500,1,0
28.200992908,1,1
28.201035404,1,0
28.201076810,1,1
28.201119306,1,0
28.201163184,1,1
28.201205678,1,0
28.201244122,1,1
28.201286618,1,0
28.201331476,1,1
28.204969316,0,1
28.204981144,0,0
28.205024032,0,1
28.205065540,0,0
28.205106950,0,1
28.205148452,0,0
28.205189864,0,1
28.205213154,1,1
28.205232352,1,0
28.205273754,1,1
28.205295046,0,1
28.205315264,0,0
28.205356674,0,1
28.205379966,1,1
28.205399162,1,0
28.205440570,1,1
28.205483072,1,0
28.205524482,1,1
28.205545772,0,1
28.205565990,0,0
28.205607408,0,1
28.205648912,0,0
28.205692790,0,1
28.205734296,0,0
28.205772742,0,1
28.205796032,1,1
28.205815232,1,0
28.205860094,1,1
28.205876174,1,0
28.221952010,1,1
28.224892314,0,1
28.224904142,0,0
28.224947030,0,1
28.224988536,0,0
28.225029950,0,1
28.225071450,0,0
28.225112866,0,1
28.225154370,0,0
28.225195780,0,1
28.225237286,0,0
28.225278696,0,1
28.225301988,1,1
28.225321182,1,0
28.225362592,1,1
28.225405088,1,0
28.225446498,1,1
28.225488994,1,0
28.225530404,1,1
28.225572900,1,0
28.225616778,1,1
28.225659276,1,0
28.225697722,1,1
28.225740216,1,0
28.225785080,1,1
28.229421986,0,1
28.229433816,0,0
28.229476710,0,1
28.229500008,1,1
28.229519206,1,0
28.229560620,1,1
28.229603124,1,0
28.229644532,1,1
28.229665828,0,1
28.229686048,0,0
28.229727462,0,1
28.229750750,1,1
28.229769950,1,0
28.229811358,1,1
28.229832650,0,1
28.229852870,0,0
28.229894280,0,1
28.229917572,1,1
28.229936772,1,0
28.229978182,1,1
28.229999474,0,1
28.230019692,0,0
28.230061102,0,1
28.230102606,0,0
28.230146484,0,1
28.230169778,1,1
28.230188974,1,0
28.230227422,1,1
28.230269916,1,0
28.230314778,1,1
28.230331122,1,0
28.246002174,1,1
28.246010752,1,0
28.246158000,0,0
28.246158028,0,1
28.246621568,0,0
28.246625698,1,0
28.246662988,1,1
28.246704494,1,0
28.246708436,0,0
28.246745916,0,1
28.246788412,0,0
28.246791544,1,0
28.246829822,1,1
28.246871328,1,0
28.246912740,1,1
28.246954242,1,0
28.246958040,0,0
28.246995664,0,1
28.247038168,0,0
28.247041146,1,0
28.247079600,1,1
28.247121114,1,0
28.247162534,1,1
28.247204042,1,0
28.247245450,1,1
28.247288442,1,0
28.247329852,1,1
28.247372348,1,0
28.247413764,1,1
28.247446898,0,1
28.247460208,0,0
28.247501638,0,1
28.247524938,1,1
28.247796854,0,1
28.247808682,0,0
28.247851572,0,1
28.247893078,0,0
28.247934494,0,1
28.247957780,1,1
28.247976978,1,0
28.248018382,1,1
28.248039674,0,1
28.248059892,0,0
28.248101308,0,1
28.248124600,1,1
28.248143802,1,0
28.248185212,1,1
28.248227710,1,0
28.248269118,1,1
28.248311614,1,0
28.248353020,1,1
28.248395518,1,0
28.248436926,1,1
28.248479426,1,0
28.248523300,1,1
28.248565796,1,0
28.248604246,1,1
28.248646740,1,0
28.248691602,1,1
28.248714058,1,0
28.248861302,0,0
28.248861328,0,1
28.248910832,0,0
28.248952250,0,1
28.248994746,0,0
28.249036162,0,1
28.249078660,0,0
28.249120086,0,1
28.249162580,0,0
28.249204006,0,1
28.249246506,0,0
28.249287928,0,1
28.249330426,0,0
28.249371848,0,1
28.249414348,0,0
28.249455772,0,1
28.249498272,0,0
28.249539698,0,1
28.249583674,0,0
28.249587522,1,0
28.249625094,1,1
28.249667590,1,0
28.249709004,1,1
28.249742142,0,1
28.249755456,0,0
28.249796882,0,1
28.249820176,1,1
28.250163454,0,1
28.250175264,0,0
28.250218082,0,1
28.250259522,0,0
28.250300862,0,1
28.250324112,1,1
28.250343284,1,0
28.250384616,1,1
28.250405878,0,1
28.250426062,0,0
28.250467400,0,1
28.250490650,1,1
28.250509818,1,0
28.250551150,1,1
28.250593582,1,0
28.250634928,1,1
28.250677358,1,0
28.250718688,1,1
28.250761118,1,0
28.250802448,1,1
28.250844878,1,0
28.250888666,1,1
28.250931094,1,0
28.250969468,1,1
28.251011890,1,0
28.251056668,1,1
28.251075042,1,0
28.259493724,1,1
28.261175172,0,1
28.261186978,0,0
28.261229788,0,1
28.261271222,0,0
28.261312556,0,1
28.261353990,0,0
28.261395324,0,1
28.261436764,0,0
28.261478100,0,1
28.261519538,0,0
28.261560872,0,1
28.261584124,1,1
28.261603296,1,0
28.261644626,1,1
28.261687054,1,0
28.261728384,1,1
28.261770808,1,0
28.261812138,1,1
28.261854562,1,0
28.261898350,1,1
28.261940772,1,0
28.261979148,1,1
28.262021568,1,0
28.262066342,1,1
28.265696460,0,1
28.265708268,0,0
28.265751074,0,1
28.265792504,0,0
28.265833828,0,1
28.265875258,0,0
28.265916584,0,1
28.265939830,1,1
28.265958996,1,0
28.266000320,1,1
28.266042738,1,0
28.266084062,1,1
28.266126480,1,0
28.266167804,1,1
28.266210226,1,0
28.266251548,1,1
28.266272808,0,1
28.266292988,0,0
28.266334314,0,1
28.266375742,0,0
28.266419530,0,1
28.266442776,1,1
28.266461944,1,0
28.266500314,1,1
28.266542738,1,0
28.266587514,1,1
28.266604004,1,0
28.277951890,1,1
28.280556292,0,1
28.280568094,0,0
28.280610898,0,1
28.280652318,0,0
28.280693636,0,1
28.280735052,0,0
28.280776362,0,1
28.280817778,0,0
28.280859090,0,1
28.280900508,0,0
28.280941824,0,1
28.280965070,1,1
28.280984238,1,0
28.281025560,1,1
28.281067976,1,0
28.281109302,1,1
28.281151718,1,0
28.281193040,1,1
28.281235460,1,0
28.281279246,1,1
28.281321660,1,0
28.281360030,1,1
28.281402446,1,0
28.281447214,1,1
28.285077128,0,1
28.285088932,0,0
28.285131740,0,1
28.285154988,1,1
28.285174156,1,0
28.285215482,1,1
28.285236740,0,1
28.285256920,0,0
28.285298252,0,1
28.285321496,1,1
28.285340664,1,0
28.285381990,1,1
28.285403250,0,1
28.285423432,0,0
28.285464764,0,1
28.285488010,1,1
28.285507180,1,0
28.285548504,1,1
28.285590930,1,0
28.285632250,1,1
28.285653510,0,1
28.285673692,0,0
28.285715020,0,1
28.285756446,0,0
28.285800234,0,1
28.285823478,1,1
28.285842644,1,0
28.285881004,1,1
28.285923420,1,0
28.285968190,1,1
28.285984548,1,0
28.301946980,1,1
28.303145196,0,1
28.303157002,0,0
28.303199804,0,1
28.303241234,0,0
28.303282564,0,1
28.303323994,0,0
28.303365322,0,1
28.303388570,1,1
28.303407736,1,0
28.303449060,1,1
28.303491482,1,0
28.303532804,1,1
28.303575226,1,0
28.303616554,1,1
28.303658976,1,0
28.303700302,1,1
28.303721558,0,1
28.303741740,0,0
28.303783070,0,1
28.303824498,0,0
28.303868286,0,1
28.303891532,1,1
28.303910700,1,0
28.303949064,1,1
28.303991486,1,0
28.304036258,1,1
28.304071552,1,0
28.317946278,1,1
28.318058990,0,1
28.318070794,0,0
28.318113598,0,1
28.318136844,1,1
28.318156012,1,0
28.318197336,1,1
28.318197340,1,0
28.318197342,1,1
28.318218596,0,1
28.318238776,0,0
28.318280104,0,1
28.318303350,1,1
28.318322518,1,0
28.318363842,1,1
28.318385098,0,1
28.318405278,0,0
28.318446608,0,1
28.318469854,1,1
28.318489022,1,0
28.318530346,1,1
28.318572766,1,0
28.318614088,1,1
28.318635348,0,1
28.318655526,0,0
28.318696856,0,1
28.318738274,0,0
28.318782050,0,1
28.318805300,1,1
28.318824472,1,0
28.318862852,1,1
28.318905266,1,0
28.318950034,1,1
28.318985302,1,0
28.333946280,1,1
28.335182418,0,1
28.335194218,0,0
28.335237002,0,1
28.335278422,0,0
28.335319724,0,1
28.335361130,0,0
28.335402428,0,1
28.335425656,1,1
28.335444814,1,0
28.335486106,1,1
28.335507352,0,1
28.335527516,0,0
28.335568810,0,1
28.335592042,1,1
28.335611196,1,0
28.335652482,1,1
28.335694868,1,0
28.335736154,1,1
28.335757396,0,1
28.335777558,0,0
28.335818844,0,1
28.335860244,0,0
28.335903996,0,1
28.335945396,0,0
28.335983734,0,1
28.336006960,1,1
28.336026112,1,0
28.336070838,1,1
28.336106358,1,0
28.349945614,1,1
28.358189008,1,0
28.366607836,1,1
28.368378356,0,1
28.368390158,0,0
28.368432956,0,1
28.368474380,0,0
28.368515704,0,1
28.368557132,0,0
28.368598458,0,1
28.368639884,0,0
28.368681206,0,1
28.368722628,0,0
28.368763950,0,1
28.368787192,1,1
28.368806356,1,0
28.368847670,1,1
28.368890082,1,0
28.368931400,1,1
28.368973812,1,0
28.369015126,1,1
28.369057540,1,0
28.369101314,1,1
28.369143726,1,0
28.369182084,1,1
28.369224496,1,0
28.369269256,1,1
28.372899666,0,1
28.372911468,0,0
28.372954264,0,1
28.372995686,0,0
28.373037004,0,1
28.373078426,0,0
28.373119750,0,1
28.373142992,1,1
28.373162158,1,0
28.373203478,1,1
28.373224734,0,1
28.373244912,0,0
28.373286236,0,1
28.373309480,1,1
28.373328644,1,0
28.373369962,1,1
28.373412376,1,0
28.373453692,1,1
28.373474950,0,1
28.373495128,0,0
28.373536454,0,1
28.373577880,0,0
28.373621666,0,1
28.373663088,0,0
28.373701450,0,1
28.373724690,1,1
28.373743852,1,0
28.373788612,1,1
28.373805088,1,0
28.389957020,1,1
28.389965600,1,0
28.390112822,0,0
28.390112850,0,1
28.390538532,0,0
28.390542230,1,0
28.390579862,1,1
28.390621296,1,0
28.390624964,0,0
28.390662628,0,1
28.390705044,0,0
28.390708066,1,0
28.390746368,1,1
28.390787796,1,0
28.390829116,1,1
28.390870542,1,0
28.390874542,0,0
28.390911872,0,1
28.390954288,0,0
28.390957640,1,0
28.390995608,1,1
28.391037036,1,0
28.391078360,1,1
28.391119784,1,0
28.391161106,1,1
28.391204012,1,0
28.391245336,1,1
28.391287744,1,0
28.391329066,1,1
28.391362136,0,1
28.391375418,0,0
28.391416754,0,1
28.391440002,1,1
28.391711344,0,1
28.391723148,0,0
28.391765944,0,1
28.391807370,0,0
28.391848692,0,1
28.391871936,1,1
28.391891098,1,0
28.391932414,1,1
28.391953670,0,1
28.391973846,0,0
28.392015164,0,1
28.392038402,1,1
28.392057566,1,0
28.392098882,1,1
28.392141296,1,0
28.392182612,1,1
28.392225030,1,0
28.392266346,1,1
28.392308758,1,0
28.392350076,1,1
28.392392492,1,0
28.392436274,1,1
28.392478690,1,0
28.392517052,1,1
28.392559468,1,0
28.392604238,1,1
28.392627164,1,0
28.392774398,0,0
28.392774424,0,1
28.392823040,0,0
28.392864372,0,1
28.392906786,0,0
28.392948112,0,1
28.392990524,0,0
28.392994436,1,0
28.393031852,1,1
28.393073278,1,0
28.393077168,0,0
28.393114610,0,1
28.393157022,0,0
28.393198354,0,1
28.393240768,0,0
28.393282102,0,1
28.393324522,0,0
28.393365856,0,1
28.393408274,0,0
28.393449608,0,1
28.393493502,0,0
28.393534838,0,1
28.393573804,0,0
28.393576408,1,0
28.393615134,1,1
28.393648208,0,1
28.393661494,0,0
28.393702830,0,1
28.393726078,1,1
28.394064618,0,1
28.394076442,0,0
28.394119316,0,1
28.394160802,0,0
28.394202198,0,1
28.394225482,1,1
28.394244676,1,0
28.394286066,1,1
28.394307356,0,1
28.394327568,0,0
28.394368968,0,1
28.394392254,1,1
28.394411446,1,0
28.394452842,1,1
28.394495326,1,0
28.394536716,1,1
28.394579202,1,0
28.394620604,1,1
28.394663092,1,0
28.394704490,1,1
28.394746980,1,0
28.394790848,1,1
28.394833336,1,0
28.394871774,1,1
28.394914260,1,0
28.394959112,1,1
28.394978116,1,0
28.403396904,1,1
28.404879108,0,1
28.404890936,0,0
28.404933822,0,1
28.404975326,0,0
28.405016732,0,1
28.405058234,0,0
28.405099646,0,1
28.405141148,0,0
28.405182556,0,1
28.405224058,0,0
28.405265464,0,1
28.405288754,1,1
28.405307950,1,0
28.405349358,1,1
28.405391850,1,0
28.405433256,1,1
28.405475754,1,0
28.405517160,1,1
28.405559654,1,0
28.405603532,1,1
28.405646026,1,0
28.405684468,1,1
28.405726960,1,0
28.405771818,1,1
28.409408354,0,1
28.409420182,0,0
28.409463066,0,1
28.409486352,1,1
28.409505550,1,0
28.409546952,1,1
28.409568244,0,1
28.409588464,0,0
28.409629874,0,1
28.409653166,1,1
28.409672364,1,0
28.409713768,1,1
28.409735058,0,1
28.409755274,0,0
28.409796682,0,1
28.409819972,1,1
28.409839168,1,0
28.409880572,1,1
28.409923064,1,0
28.409964466,1,1
28.409985758,0,1
28.410005972,0,0
28.410047380,0,1
28.410088882,0,0
28.410132752,0,1
28.410156044,1,1
28.410175242,1,0
28.410213684,1,1
28.410256174,1,0
28.410301030,1,1
28.410317552,1,0
28.421946032,1,1
28.423405084,0,1
28.423416914,0,0
28.423459804,0,1
28.423501306,0,0
28.423542718,0,1
28.423584222,0,0
28.423625632,0,1
28.423667134,0,0
28.423708544,0,1
28.423750046,0,0
28.423791450,0,1
28.423814740,1,1
28.423833940,1,0
28.423875344,1,1
28.423917838,1,0
28.423959240,1,1
28.423959242,1,0
28.423959246,1,1
28.424001738,1,0
28.424043142,1,1
28.424085636,1,0
28.424129506,1,1
28.424172002,1,0
28.424210448,1,1
28.424252944,1,0
28.424297800,1,1
28.427934446,0,1
28.427946274,0,0
28.427989164,0,1
28.428030666,0,0
28.428072074,0,1
28.428113576,0,0
28.428154984,0,1
28.428178274,1,1
28.428197472,1,0
28.428238874,1,1
28.428281372,1,0
28.428322778,1,1
28.428365274,1,0
28.428406682,1,1
28.428449178,1,0
28.428490584,1,1
28.428511876,0,1
28.428532094,0,0
28.428573506,0,1
28.428615010,0,0
28.428658888,0,1
28.428682180,1,1
28.428701376,1,0
28.428739820,1,1
28.428782316,1,0
28.428827182,1,1
28.428844508,1,0
28.437952976,1,1
28.441715810,0,1
28.441727636,0,0
28.441770528,0,1
28.441812032,0,0
28.441853440,0,1
28.441894942,0,0
28.441936350,0,1
28.441959640,1,1
28.441978836,1,0
28.442020242,1,1
28.442062738,1,0
28.442104142,1,1
28.442146634,1,0
28.442188036,1,1
28.442230530,1,0
28.442271932,1,1
28.442293224,0,1
28.442313442,0,0
28.442354848,0,1
28.442396350,0,0
28.442440228,0,1
28.442463516,1,1
28.442482712,1,0
28.442521152,1,1
28.442563644,1,0
28.442608508,1,1
28.442643968,1,0
28.453957004,1,1
28.455824976,0,1
28.455836810,0,0
28.455879726,0,1
28.455903028,1,1
28.455922238,1,0
28.455963672,1,1
28.455984976,0,1
28.456005206,0,0
28.456046648,0,1
28.456069956,1,1
28.456089160,1,0
28.456130578,1,1
28.456151874,0,1
28.456172096,0,0
28.456213516,0,1
28.456236812,1,1
28.456256010,1,0
28.456297420,1,1
28.456339920,1,0
28.456381328,1,1
28.456402620,0,1
28.456422840,0,0
28.456464258,0,1
28.456505766,0,0
28.456549644,0,1
28.456572938,1,1
28.456592140,1,0
28.456630588,1,1
28.456673084,1,0
28.456717950,1,1
28.456753382,1,0
28.469958132,1,1
28.470353822,0,1
28.470365650,0,0
28.470408544,0,1
28.470450048,0,0
28.470491462,0,1
28.470532968,0,0
28.470574382,0,1
28.470597684,1,1
28.470616884,1,0
28.470658298,1,1
28.470679588,0,1
28.470699808,0,0
28.470741218,0,1
28.470764510,1,1
28.470783706,1,0
28.470825116,1,1
28.470867616,1,0
28.470909026,1,1
28.470930318,0,1
28.470950536,0,0
28.470991950,0,1
28.471033456,0,0
28.471077336,0,1
28.471118842,0,0
28.471157296,0,1
28.471180588,1,1
28.471199786,1,0
28.471244650,1,1
28.471279710,1,0
28.485953996,1,1
28.494187690,1,0
28.502618290,1,1
28.510851670,1,0
28.519270362,1,1
28.520348898,0,1
28.520360726,0,0
28.520403620,0,1
28.520445128,0,0
28.520486542,0,1
28.520528046,0,0
28.520569458,0,1
28.520610974,0,0
28.520652392,0,1
28.520693902,0,0
28.520735318,0,1
28.520758608,1,1
28.520777808,1,0
28.520819222,1,1
28.520861720,1,0
28.520903130,1,1
28.520945630,1,0
28.520987042,1,1
28.521029538,1,0
28.521073420,1,1
28.521115920,1,0
28.521154370,1,1
28.521196866,1,0
28.521241726,1,1
28.524880162,0,1
28.524891994,0,0
28.524934892,0,1
28.524976404,0,0
28.525017824,0,1
28.525059336,0,0
28.525100754,0,1
28.525124050,1,1
28.525143254,1,0
28.525184670,1,1
28.525205964,0,1
28.525226184,0,0
28.525267606,0,1
28.525290900,1,1
28.525310104,1,0
28.525351520,1,1
28.525394026,1,0
28.525435448,1,1
28.525456744,0,1
28.525476966,0,0
28.525518392,0,1
28.525559906,0,0
28.525603802,0,1
28.525645314,0,0
28.525683776,0,1
28.525707072,1,1
28.525726272,1,0
28.525771140,1,1
28.525787724,1,0
28.541956246,1,1
28.541964824,1,0
28.542112066,0,0
28.542112092,0,1
28.542553804,0,0
28.542558142,1,0
28.542595230,1,1
28.542636744,1,0
28.542640886,0,0
28.542678174,0,1
28.542720676,0,0
28.542724006,1,0
28.542762096,1,1
28.542803608,1,0
28.542845028,1,1
28.542886536,1,0
28.542890504,0,0
28.542927960,0,1
28.542970458,0,0
28.542973624,1,0
28.543011876,1,1
28.543053382,1,0
28.543094796,1,1
28.543136306,1,0
28.543177718,1,1
28.543220710,1,0
28.543262126,1,1
28.543304618,1,0
28.543346030,1,1
28.543379164,0,1
28.543392476,0,0
28.543433904,0,1
28.543457202,1,1
28.543729116,0,1
28.543740946,0,0
28.543783838,0,1
28.543825340,0,0
28.543866756,0,1
28.543890048,1,1
28.543909250,1,0
28.543950664,1,1
28.543971958,0,1
28.543992180,0,0
28.544033598,0,1
28.544056894,1,1
28.544076094,1,0
28.544117506,1,1
28.544160010,1,0
28.544201426,1,1
28.544243926,1,0
28.544285340,1,1
28.544327840,1,0
28.544369252,1,1
28.544411754,1,0
28.544455636,1,1
28.544498134,1,0
28.544536590,1,1
28.544579092,1,0
28.544623960,1,1
28.544646524,1,0
28.544793758,0,0
28.544793784,0,1
28.544843224,0,0
28.544884646,0,1
28.544927148,0,0
28.544968574,0,1
28.545011074,0,0
28.545052504,0,1
28.545095004,0,0
28.545136432,0,1
28.545178938,0,0
28.545220368,0,1
28.545262872,0,0
28.545304304,0,1
28.545346808,0,0
28.545388240,0,1
28.545430744,0,0
28.545472176,0,1
28.545516160,0,0
28.545520022,1,0
28.545557586,1,1
28.545600090,1,0
28.545641508,1,1
28.545674652,0,1
28.545687966,0,0
28.545729398,0,1
28.545752696,1,1
28.546096020,0,1
28.546107830,0,0
28.546150656,0,1
28.546192102,0,0
28.546233448,0,1
28.546256704,1,1
28.546275874,1,0
28.546317210,1,1
28.546338474,0,1
28.546358660,0,0
28.546400006,0,1
28.546423262,1,1
28.546442434,1,0
28.546483776,1,1
28.546526212,1,0
28.546567550,1,1
28.546609984,1,0
28.546651322,1,1
28.546693754,1,0
28.546735092,1,1
28.546777524,1,0
28.546821322,1,1
28.546863754,1,0
28.546902138,1,1
28.546944570,1,0
28.546989352,1,1
28.547007914,1,0
28.555426562,1,1
28.556898286,0,1
28.556910092,0,0
28.556952900,0,1
28.556994342,0,0
28.557035682,0,1
28.557077120,0,0
28.557118462,0,1
28.557159900,0,0
28.557201238,0,1
28.557242682,0,0
28.557284022,0,1
28.557307274,1,1
28.557326444,1,0
28.557367776,1,1
28.557410208,1,0
28.557451544,1,1
28.557493974,1,0
28.557535308,1,1
28.557577740,1,0
28.557621544,1,1
28.557663974,1,0
28.557702352,1,1
28.557744780,1,0
28.557789562,1,1
28.561420392,0,1
28.561432202,0,0
28.561475020,0,1
28.561498272,1,1
28.561517444,1,0
28.561558776,1,1
28.561580038,0,1
28.561600226,0,0
28.561641564,0,1
28.561664814,1,1
28.561683986,1,0
28.561725320,1,1
28.561746582,0,1
28.561766766,0,0
28.561808104,0,1
28.561831356,1,1
28.561850526,1,0
28.561891858,1,1
28.561934286,1,0
28.561975620,1,1
28.561996880,0,1
28.562017064,0,0
28.562058400,0,1
28.562099836,0,0
28.562143636,0,1
28.562166886,1,1
28.562186054,1,0
28.562224430,1,1
28.562266852,1,0
28.562311626,1,1
28.562328438,1,0
28.573945620,1,1
28.575470150,0,1
28.575481958,0,0
28.575524764,0,1
28.575566198,0,0
28.575607538,0,1
28.575648974,0,0
28.575690304,0,1
28.575731740,0,0
28.575773074,0,1
28.575814506,0,0
28.575855840,0,1
28.575879090,1,1
28.575898258,1,0
28.575939586,1,1
28.575982012,1,0
28.576023344,1,1
28.576065764,1,0
28.576107092,1,1
28.576149516,1,0
28.576193306,1,1
28.576235724,1,0
28.576274094,1,1
28.576316518,1,0
28.576361294,1,1
28.579991714,0,1
28.580003522,0,0
28.580046336,0,1
28.580087772,0,0
28.580129104,0,1
28.580170540,0,0
28.580211876,0,1
28.580235126,1,1
28.580254294,1,0
28.580295624,1,1
28.580338056,1,0
28.580379392,1,1
28.580421826,1,0
28.580463166,1,1
28.580505598,1,0
28.580546936,1,1
28.580568198,0,1
28.580588386,0,0
28.580629724,0,1
28.580671172,0,0
28.580714996,0,1
28.580738260,1,1
28.580757432,1,0
28.580795812,1,1
28.580838250,1,0
28.580883038,1,1
28.580900396,1,0
28.589957160,1,1
28.593629630,0,1
28.593641436,0,0
28.593684244,0,1
28.593725678,0,0
28.593767010,0,1
28.593808442,0,0
28.593849774,0,1
28.593873022,1,1
28.593892190,1,0
28.593933514,1,1
28.593975934,1,0
28.594017258,1,1
28.594059676,1,0
28.594101002,1,1
28.594143426,1,0
28.594184752,1,1
28.594206012,0,1
28.594226194,0,0
28.594267526,0,1
28.594308958,0,0
28.594352756,0,1
28.594376004,1,1
28.594395172,1,0
28.594433544,1,1
28.594475966,1,0
28.594520744,1,1
28.594555978,1,0
28.605957002,1,1
28.608143444,0,1
28.608155250,0,0
28.608198060,0,1
28.608221308,1,1
28.608240480,1,0
28.608281806,1,1
28.608303066,0,1
28.608323248,0,0
28.608364582,0,1
28.608387834,1,1
28.608407004,1,0
28.608448332,1,1
28.608469592,0,1
28.608489776,0,0
28.608531112,0,1
28.608554362,1,1
28.608573528,1,0
28.608614864,1,1
28.608657292,1,0
28.608698624,1,1
28.608719884,0,1
28.608740068,0,0
28.608781404,0,1
28.608822842,0,0
28.608866640,0,1
28.608889890,1,1
28.608909062,1,0
28.608947434,1,1
28.608989860,1,0
28.609034642,1,1
28.609070084,1,0
28.621944662,1,1
28.622648058,0,1
28.622659864,0,0
28.622702680,0,1
28.622744116,0,0
28.622785452,0,1
28.622826886,0,0
28.622868220,0,1
28.622891470,1,1
28.622910642,1,0
28.622951972,1,1
28.622973232,0,1
28.622993416,0,0
28.623034752,0,1
28.623058000,1,1
28.623077170,1,0
28.623118500,1,1
28.623160926,1,0
28.623202254,1,1
28.623223514,0,1
28.623243698,0,0
28.623285032,0,1
28.623326468,0,0
28.623370266,0,1
28.623411706,0,0
28.623450088,0,1
28.623473340,1,1
28.623492510,1,0
28.623537290,1,1
28.623572870,1,0
28.637956216,1,1
28.646189182,1,0
28.654608276,1,1
28.656254094,0,1
28.656265898,0,0
28.656308700,0,1
28.656350130,0,0
28.656391458,0,1
28.656432886,0,0
28.656474216,0,1
28.656515644,0,0
28.656556972,0,1
28.656598410,0,0
28.656639756,0,1
28.656663018,1,1
28.656682192,1,0
28.656723544,1,1
28.656765994,1,0
28.656807350,1,1
28.656849800,1,0
28.656891158,1,1
28.656933608,1,0
28.656977432,1,1
28.657019880,1,0
28.657058274,1,1
28.657100720,1,0
28.657145518,1,1
28.660776832,0,1
28.660788638,0,0
28.660831444,0,1
28.660872872,0,0
28.660914200,0,1
28.660955632,0,0
28.660996962,0,1
28.661020206,1,1
28.661039376,1,0
28.661080700,1,1
28.661101956,0,1
28.661122136,0,0
28.661163466,0,1
28.661186712,1,1
28.661205878,1,0
28.661247188,1,1
28.661289608,1,0
28.661330942,1,1
28.661352204,0,1
28.661372380,0,0
28.661413704,0,1
28.661455140,0,0
28.661498936,0,1
28.661540372,0,0
28.661578750,0,1
28.661601998,1,1
28.661621168,1,0
28.661665944,1,1
28.661682588,1,0
28.677956896,1,1
28.677965476,1,0
28.678112690,0,0
28.678112718,0,1
28.679031902,0,0
28.679035328,1,0
28.679073242,1,1
28.679114676,1,0
28.679118064,0,0
28.679156016,0,1
28.679198440,0,0
28.679201166,1,0
28.679239774,1,1
28.679281212,1,0
28.679322544,1,1
28.679363978,1,0
28.679367634,0,0
28.679405318,0,1
28.679447742,0,0
28.679450720,1,0
28.679489078,1,1
28.679530516,1,0
28.679571848,1,1
28.679613288,1,0
28.679654618,1,1
28.679697530,1,0
28.679738860,1,1
28.679781280,1,0
28.679822606,1,1
28.679855686,0,1
28.679868972,0,0
28.679910316,0,1
28.679933568,1,1
28.680204964,0,1
28.680216770,0,0
28.680259580,0,1
28.680301012,0,0
28.680342344,0,1
28.680365594,1,1
28.680384760,1,0
28.680426088,1,1
28.680447348,0,1
28.680467528,0,0
28.680508862,0,1
28.680532112,1,1
28.680551280,1,0
28.680592610,1,1
28.680635040,1,0
28.680676368,1,1
28.680718796,1,0
28.680760122,1,1
28.680802546,1,0
28.680843872,1,1
28.680886294,1,0
28.680930080,1,1
28.680972506,1,0
28.681010878,1,1
28.681053298,1,0
28.681098074,1,1
28.681120400,1,0
28.681267638,0,0
28.681267664,0,1
28.681316912,0,0
28.681358254,0,1
28.681400674,0,0
28.681442012,0,1
28.681484434,0,0
28.681487668,1,0
28.681525770,1,1
28.681567206,1,0
28.681572058,0,0
28.681608548,0,1
28.681650972,0,0
28.681692312,0,1
28.681734738,0,0
28.681776076,0,1
28.681818504,0,0
28.681859846,0,1
28.681902270,0,0
28.681943616,0,1
28.681987518,0,0
28.682028860,0,1
28.682067836,0,0
28.682069564,1,0
28.682109172,1,1
28.682142252,0,1
28.682155538,0,0
28.682196884,0,1
28.682220136,1,1
28.682558728,0,1
28.682570554,0,0
28.682613434,0,1
28.682654932,0,0
28.682696336,0,1
28.682719624,1,1
28.682738822,1,0
28.682780226,1,1
28.682801516,0,1
28.682821734,0,0
28.682863138,0,1
28.682886426,1,1
28.682905622,1,0
28.682947024,1,1
28.682989516,1,0
28.683030922,1,1
28.683073414,1,0
28.683114816,1,1
28.683157308,1,0
28.683198710,1,1
28.683241206,1,0
28.683285076,1,1
28.683327572,1,0
28.683366018,1,1
28.683408510,1,0
28.683453370,1,1
28.683471882,1,0
28.691889916,1,1
28.693781158,0,1
28.693792986,0,0
28.693835878,0,1
28.693877380,0,0
28.693918788,0,1
28.693960292,0,0
28.694001698,0,1
28.694043200,0,0
28.694084608,0,1
28.694126110,0,0
28.694167516,0,1
28.694190808,1,1
28.694210006,1,0
28.694251410,1,1
28.694293908,1,0
28.694335316,1,1
28.694377814,1,0
28.694419220,1,1
28.694461718,1,0
28.694505594,1,1
28.694548092,1,0
28.694586544,1,1
28.694629042,1,0
28.694673904,1,1
28.698310940,0,1
28.698322768,0,0
28.698365660,0,1
28.698388950,1,1
28.698408150,1,0
28.698449556,1,1
28.698470848,0,1
28.698491066,0,0
28.698532474,0,1
28.698555768,1,1
28.698574964,1,0
28.698616372,1,1
28.698637666,0,1
28.698657886,0,0
28.698699296,0,1
28.698722588,1,1
28.698741786,1,0
28.698783194,1,1
28.698825692,1,0
28.698867102,1,1
28.698888394,0,1
28.698908612,0,0
28.698950022,0,1
28.698991526,0,0
28.699035404,0,1
28.699058698,1,1
28.699077896,1,0
28.699116340,1,1
28.699158836,1,0
28.699203698,1,1
28.699220148,1,0
28.709945282,1,1
28.712127720,0,1
28.712139550,0,0
28.712182450,0,1
28.712223962,0,0
28.712265382,0,1
28.712306894,0,0
28.712348314,0,1
28.712389826,0,0
28.712431248,0,1
28.712472762,0,0
28.712514182,0,1
28.712537480,1,1
28.712556682,1,0
28.712598106,1,1
28.712640610,1,0
28.712682026,1,1
28.712724528,1,0
28.712765940,1,1
28.712808444,1,0
28.712852330,1,1
28.712894832,1,0
28.712933288,1,1
28.712975790,1,0
28.713020660,1,1
28.716658156,0,1
28.716669988,0,0
28.716712888,0,1
28.716754400,0,0
28.716795818,0,1
28.716837332,0,0
28.716878754,0,1
28.716902050,1,1
28.716921252,1,0
28.716962664,1,1
28.717005168,1,0
28.717046582,1,1
28.717089084,1,0
28.717130498,1,1
28.717173002,1,0
28.717214416,1,1
28.717235714,0,1
28.717255936,0,0
28.717297356,0,1
28.717338866,0,0
28.717382752,0,1
28.717406050,1,1
28.717425252,1,0
28.717463710,1,1
28.717506224,1,0
28.717551104,1,1
28.717567268,1,0
28.733958132,1,1
28.736842158,0,1
28.736853988,0,0
28.736896882,0,1
28.736920174,1,1
28.736939374,1,0
28.736980788,1,1
28.737002082,0,1
28.737022302,0,0
28.737063712,0,1
28.737087006,1,1
28.737106206,1,0
28.737147616,1,1
28.737168912,0,1
28.737189134,0,0
28.737230556,0,1
28.737253852,1,1
28.737273052,1,0
28.737314464,1,1
28.737356966,1,0
28.737398380,1,1
28.737419674,0,1
28.737439896,0,0
28.737481314,0,1
28.737522824,0,0
28.737566706,0,1
28.737590002,1,1
28.737609206,1,0
28.737647658,1,1
28.737690156,1,0
28.737735024,1,1
28.737771252,1,0
28.749955462,1,1
28.750823750,0,1
28.750835580,0,0
28.750878480,0,1
28.750919990,0,0
28.750961410,0,1
28.751002920,0,0
28.751044340,0,1
28.751067636,1,1
28.751086838,1,0
28.751128250,1,1
28.751170756,1,0
28.751212172,1,1
28.751254672,1,0
28.751296086,1,1
28.751338590,1,0
28.751380010,1,1
28.751401306,0,1
28.751421528,0,0
28.751462948,0,1
28.751504462,0,0
28.751548350,0,1
28.751571644,1,1
28.751590848,1,0
28.751629306,1,1
28.751671808,1,0
28.751716680,1,1
28.751741510,1,0
28.765955608,1,1
28.768509680,0,1
28.768521512,0,0
28.768564418,0,1
28.768605930,0,0
28.768647352,0,1
28.768688868,0,0
28.768730288,0,1
28.768753582,1,1
28.768772784,1,0
28.768814202,1,1
28.768835498,0,1
28.768855720,0,0
28.768897134,0,1
28.768920430,1,1
28.768939632,1,0
28.768981050,1,1
28.769023552,1,0
28.769064974,1,1
28.769086270,0,1
28.769106494,0,0
28.769147914,0,1
28.769189426,0,0
28.769233316,0,1
28.769274824,0,0
28.769313282,0,1
28.769336578,1,1
28.769355778,1,0
28.769400652,1,1
28.769436114,1,0
28.781944432,1,1
28.790176548,1,0
28.798661438,1,1
28.798670018,1,0
28.798817242,0,0
28.798817270,0,1
28.798958072,0,0
28.798961144,1,0
28.798999498,1,1
28.799041012,1,0
28.799045526,0,0
28.799082444,0,1
28.799124948,0,0
28.799128610,1,0
28.799166368,1,1
28.799207886,1,0
28.799249308,1,1
28.799290820,1,0
28.799295054,0,0
28.799332246,0,1
28.799374748,0,0
28.799378136,1,0
28.799416174,1,1
28.799457688,1,0
28.799499110,1,1
28.799540620,1,0
28.799582044,1,1
28.799625040,1,0
28.799666462,1,1
28.799708962,1,0
28.799750382,1,1
28.799783522,0,1
28.799796834,0,0
28.799838264,0,1
28.799861560,1,1
28.800133506,0,1
28.800145336,0,0
28.800188244,0,1
28.800229756,0,0
28.800271174,0,1
28.800294470,1,1
28.800313668,1,0
28.800355080,1,1
28.800376376,0,1
28.800396600,0,0
28.800438018,0,1
28.800461314,1,1
28.800480514,1,0
28.800521932,1,1
28.800564432,1,0
28.800605854,1,1
28.800648360,1,0
28.800689778,1,1
28.800732280,1,0
28.800773696,1,1
28.800816200,1,0
28.800860084,1,1
28.800902588,1,0
28.800941040,1,1
28.800983542,1,0
28.801028408,1,1
28.801051240,1,0
28.801198470,0,0
28.801198498,0,1
28.801247680,0,0
28.801289108,0,1
28.801331608,0,0
28.801373036,0,1
28.801415538,0,0
28.801456970,0,1
28.801499476,0,0
28.801540906,0,1
28.801583412,0,0
28.801624844,0,1
28.801667346,0,0
28.801708780,0,1
28.801751280,0,0
28.801792712,0,1
28.801835214,0,0
28.801876648,0,1
28.801920628,0,0
28.801924662,1,0
28.801962052,1,1
28.802004552,1,0
28.802045974,1,1
28.802079112,0,1
28.802092428,0,0
28.802133856,0,1
28.802157154,1,1
28.802500446,0,1
28.802512256,0,0
28.802555080,0,1
28.802596530,0,0
28.802637884,0,1
28.802661138,1,1
28.802680314,1,0
28.802721656,1,1
28.802742920,0,1
28.802763108,0,0
28.802804452,0,1
28.802827706,1,1
28.802846878,1,0
28.802888220,1,1
28.802930652,1,0
28.802971986,1,1
28.803014422,1,0
28.803055760,1,1
28.803098190,1,0
28.803139530,1,1
28.803181962,1,0
28.803225764,1,1
28.803268198,1,0
28.803306584,1,1
28.803349014,1,0
28.803393802,1,1
28.803412346,1,0
28.811830884,1,1
28.812342544,0,1
28.812354352,0,0
28.812397168,0,1
28.812438606,0,0
28.812479944,0,1
28.812521384,0,0
28.812562722,0,1
28.812604166,0,0
28.812645504,0,1
28.812686946,0,0
28.812728286,0,1
28.812751542,1,1
28.812770710,1,0
28.812812042,1,1
28.812854470,1,0
28.812895804,1,1
28.812938234,1,0
28.812979574,1,1
28.813022004,1,0
28.813065800,1,1
28.813108232,1,0
28.813146608,1,1
28.813189038,1,0
28.813233820,1,1
28.816865758,0,1
28.816877566,0,0
28.816920380,0,1
28.816961818,0,0
28.817003156,0,1
28.817044594,0,0
28.817085924,0,1
28.817109174,1,1
28.817128342,1,0
28.817169670,1,1
28.817190932,0,1
28.817211114,0,0
28.817252450,0,1
28.817275698,1,1
28.817294868,1,0
28.817336200,1,1
28.817378622,1,0
28.817419956,1,1
28.817441214,0,1
28.817461398,0,0
28.817502740,0,1
28.817544184,0,0
28.817587994,0,1
28.817629434,0,0
28.817667818,0,1
28.817691070,1,1
28.817710240,1,0
28.817755022,1,1
28.817771416,1,0
28.829955874,1,1
28.830533678,0,1
28.830545486,0,0
28.830588306,0,1
28.830629750,0,0
28.830671092,0,1
28.830712528,0,0
28.830753864,0,1
28.830795302,0,0
28.830836642,0,1
28.830878082,0,0
28.830919422,0,1
28.830942674,1,1
28.830961844,1,0
28.831003172,1,1
28.831045602,1,0
28.831086936,1,1
28.831129364,1,0
28.831170696,1,1
28.831213126,1,0
28.831256922,1,1
28.831299352,1,0
28.831337726,1,1
28.831380156,1,0
28.831424938,1,1
28.835055508,0,1
28.835067314,0,0
28.835110124,0,1
28.835151558,0,0
28.835192890,0,1
28.835234322,0,0
28.835275658,0,1
28.835298906,1,1
28.835318076,1,0
28.835359410,1,1
28.835401838,1,0
28.835443168,1,1
28.835485590,1,0
28.835526922,1,1
28.835569346,1,0
28.835610682,1,1
28.835631942,0,1
28.835652126,0,0
28.835693458,0,1
28.835734896,0,0
28.835778696,0,1
28.835801944,1,1
28.835821114,1,0
28.835859486,1,1
28.835901912,1,0
28.835946690,1,1
28.835964076,1,0
28.845944852,1,1
28.845980336,0,1
28.845992144,0,0
28.846034958,0,1
28.846076396,0,0
28.846117730,0,1
28.846159164,0,0
28.846200494,0,1
28.846241928,0,0
28.846283264,0,1
28.846324694,0,0
28.846366024,0,1
28.846389274,1,1
28.846408442,1,0
28.846449772,1,1
28.846492196,1,0
28.846533528,1,1
28.846575952,1,0
28.846617286,1,1
28.846659710,1,0
28.846703500,1,1
28.846745922,1,0
28.846784294,1,1
28.846826716,1,0
28.846871490,1,1
28.850501664,0,1
28.850513466,0,0
28.850556258,0,1
28.850579508,1,1
28.850598682,1,0
28.850640022,1,1
28.850661278,0,1
28.850681458,0,0
28.850722790,0,1
28.850746038,1,1
28.850765206,1,0
28.850806532,1,1
28.850827794,0,1
28.850847970,0,0
28.850889288,0,1
28.850912528,1,1
28.850931688,1,0
28.850973000,1,1
28.851015400,1,0
28.851056702,1,1
28.851077958,0,1
28.851098136,0,0
28.851139462,0,1
28.851180892,0,0
28.851224686,0,1
28.851247934,1,1
28.851267102,1,0
28.851305476,1,1
28.851347898,1,0
28.851392678,1,1
28.851409230,1,0
28.861946210,1,1
28.870178586,1,0
28.878607756,1,1
28.881982138,0,1
28.881993942,0,0
28.882036748,0,1
28.882078178,0,0
28.882119506,0,1
28.882160934,0,0
28.882202262,0,1
28.882225506,1,1
28.882244672,1,0
28.882285996,1,1
28.882328414,1,0
28.882369734,1,1
28.882412150,1,0
28.882453474,1,1
28.882495888,1,0
28.882537196,1,1
28.882558448,0,1
28.882578620,0,0
28.882619934,0,1
28.882661344,0,0
28.882705114,0,1
28.882728344,1,1
28.882747496,1,0
28.882785834,1,1
28.882828238,1,0
28.882872994,1,1
28.882908206,1,0
28.893956056,1,1
28.893999652,0,1
28.894011458,0,0
28.894054266,0,1
28.894077514,1,1
28.894096682,1,0
28.894138006,1,1
28.894159262,0,1
28.894179438,0,0
28.894220756,0,1
28.894243998,1,1
28.894263160,1,0
28.894304472,1,1
28.894325722,0,1
28.894345896,0,0
28.894387212,0,1
28.894410450,1,1
28.894429610,1,0
28.894470920,1,1
28.894513330,1,0
28.894554642,1,1
28.894575890,0,1
28.894596066,0,0
28.894637382,0,1
28.894678800,0,0
28.894722576,0,1
28.894745814,1,1
28.894764978,1,0
28.894803346,1,1
28.894845764,1,0
28.894890540,1,1
28.894914498,1,0
28.909943964,1,1
28.911123168,0,1
28.911134978,0,0
28.911177790,0,1
28.911219226,0,0
28.911260562,0,1
28.911301998,0,0
28.911343330,0,1
28.911366578,1,1
28.911385748,1,0
28.911427078,1,1
28.911448340,0,1
28.911468522,0,0
28.911509854,0,1
28.911533106,1,1
28.911552274,1,0
28.911593604,1,1
28.911636028,1,0
28.911677360,1,1
28.911698620,0,1
28.911718802,0,0
28.911760136,0,1
28.911801574,0,0
28.911845370,0,1
28.911886806,0,0
28.911925186,0,1
28.911948436,1,1
28.911967606,1,0
28.912012386,1,1
28.912047964,1,0
28.925943516,1,1
28.934242524,1,0
28.942660958,1,1
28.942669540,1,0
28.942816774,0,0
28.942816800,0,1
28.942930240,0,0
28.942934112,1,0
28.942971568,1,1
28.943013004,1,0
28.943016846,0,0
28.943054342,0,1
28.943096764,0,0
28.943099952,1,0
28.943138102,1,1
28.943179538,1,0
28.943220874,1,1
28.943262308,1,0
28.943266420,0,0
28.943303648,0,1
28.943346064,0,0
28.943349522,1,0
28.943387394,1,1
28.943428824,1,0
28.943470148,1,1
28.943511582,1,0
28.943552908,1,1
28.943595820,1,0
28.943637148,1,1
28.943679564,1,0
28.943720888,1,1
28.943753960,0,1
28.943767244,0,0
28.943808586,0,1
28.943831836,1,1
28.944103226,0,1
28.944115030,0,0
28.944157834,0,1
28.944199266,0,0
28.944240590,0,1
28.944263838,1,1
28.944283006,1,0
28.944324330,1,1
28.944345590,0,1
28.944365770,0,0
28.944407098,0,1
28.944430346,1,1
28.944449514,1,0
28.944490840,1,1
28.944533260,1,0
28.944574590,1,1
28.944617018,1,0
28.944658344,1,1
28.944700768,1,0
28.944742092,1,1
28.944784514,1,0
28.944828304,1,1
28.944870728,1,0
28.944909092,1,1
28.944951518,1,0
28.944996292,1,1
28.945018678,1,0
28.945165916,0,0
28.945165942,0,1
28.945215108,0,0
28.945256448,0,1
28.945298868,0,0
28.945340210,0,1
28.945382632,0,0
28.945385966,1,0
28.945423966,1,1
28.945465402,1,0
28.945470366,0,0
28.945506740,0,1
28.945549160,0,0
28.945590502,0,1
28.945632924,0,0
28.945674264,0,1
28.945716686,0,0
28.945758028,0,1
28.945800448,0,0
28.945841788,0,1
28.945885692,0,0
28.945927030,0,1
28.945966002,0,0
28.945967934,1,0
28.946007340,1,1
28.946040416,0,1
28.946053704,0,0
28.946095044,0,1
28.946118296,1,1
28.946456866,0,1
28.946468690,0,0
28.946511568,0,1
28.946553062,0,0
28.946594468,0,1
28.946617754,1,1
28.946636950,1,0
28.946678354,1,1
28.946699644,0,1
28.946719858,0,0
28.946761260,0,1
28.946784546,1,1
28.946803744,1,0
28.946845142,1,1
28.946887626,1,0
28.946929028,1,1
28.946971516,1,0
28.947012914,1,1
28.947055406,1,0
28.947096808,1,1
28.947139296,1,0
28.947183162,1,1
28.947225652,1,0
28.947264088,1,1
28.947306572,1,0
28.947351428,1,1
28.947370256,1,0
28.955789078,1,1
28.960614464,0,1
28.960626294,0,0
28.960669192,0,1
28.960710700,0,0
28.960752114,0,1
28.960793620,0,0
28.960835038,0,1
28.960876548,0,0
28.960917964,0,1
28.960959470,0,0
28.961000882,0,1
28.961024174,1,1
28.961043374,1,0
28.961084788,1,1
28.961127290,1,0
28.961168700,1,1
28.961211200,1,0
28.961252612,1,1
28.961295110,1,0
28.961338990,1,1
28.961381488,1,0
28.961419932,1,1
28.961462430,1,0
28.961507302,1,1
28.965145368,0,1
28.965157198,0,0
28.965200092,0,1
28.965241596,0,0
28.965283012,0,1
28.965324514,0,0
28.965365926,0,1
28.965389220,1,1
28.965408418,1,0
28.965449832,1,1
28.965471128,0,1
28.965491348,0,0
28.965532764,0,1
28.965556058,1,1
28.965575260,1,0
28.965616676,1,1
28.965659180,1,0
28.965700592,1,1
28.965721886,0,1
28.965742106,0,0
28.965783522,0,1
28.965825030,0,0
28.965868910,0,1
28.965910418,0,0
28.965948874,0,1
28.965972168,1,1
28.965991366,1,0
28.966036232,1,1
28.966052850,1,0
28.981944054,1,1
28.984510898,0,1
28.984522728,0,0
28.984565624,0,1
28.984607136,0,0
28.984648550,0,1
28.984690062,0,0
28.984731478,0,1
28.984772982,0,0
28.984814396,0,1
28.984855904,0,0
28.984897318,0,1
28.984920610,1,1
28.984939814,1,0
28.984981224,1,1
28.985023724,1,0
28.985065134,1,1
28.985107636,1,0
28.985149040,1,1
28.985191540,1,0
28.985235418,1,1
28.985277914,1,0
28.985316362,1,1
28.985358862,1,0
28.985403730,1,1
28.989041104,0,1
28.989052932,0,0
28.989095828,0,1
28.989137338,0,0
28.989178758,0,1
28.989220266,0,0
28.989261686,0,1
28.989284984,1,1
28.989304184,1,0
28.989345596,1,1
28.989388096,1,0
28.989429510,1,1
28.989472014,1,0
28.989513430,1,1
28.989555936,1,0
28.989597352,1,1
28.989618650,0,1
28.989638870,0,0
28.989680288,0,1
28.989721800,0,0
28.989765684,0,1
28.989788978,1,1
28.989808178,1,0
28.989846626,1,1
28.989889122,1,0
28.989933994,1,1
28.989950316,1,0
29.005943828,1,1
29.005980108,0,1
29.005991938,0,0
29.006034844,0,1
29.006076356,0,0
29.006117776,0,1
29.006159290,0,0
29.006200716,0,1
29.006242234,0,0
29.006283660,0,1
29.006325176,0,0
29.006366594,0,1
29.006389890,1,1
29.006409090,1,0
29.006450508,1,1
29.006493010,1,0
29.006534428,1,1
29.006576932,1,0
29.006618354,1,1
29.006660856,1,0
29.006704744,1,1
29.006747248,1,0
29.006785702,1,1
29.006828204,1,0
29.006873078,1,1
29.010510646,0,1
29.010522476,0,0
29.010565372,0,1
29.010588668,1,1
29.010607874,1,0
29.010649292,1,1
29.010670588,0,1
29.010690810,0,0
29.010732228,0,1
29.010755524,1,1
29.010774726,1,0
29.010816140,1,1
29.010837436,0,1
29.010857658,0,0
29.010899082,0,1
29.010922376,1,1
29.010941578,1,0
29.010982992,1,1
29.011025496,1,0
29.011066912,1,1
29.011088210,0,1
29.011108430,0,0
29.011149852,0,1
29.011191364,0,0
29.011235254,0,1
29.011258548,1,1
29.011277750,1,0
29.011316202,1,1
29.011358706,1,0
29.011403580,1,1
29.011420808,1,0
29.021944498,1,1
29.030176664,1,0
29.038606314,1,1
29.041316284,0,1
29.041328116,0,0
29.041371012,0,1
29.041394306,1,1
29.041413508,1,0
29.041454930,1,1
29.041476228,0,1
29.041496452,0,0
29.041537878,0,1
29.041561176,1,1
29.041580382,1,0
29.041621808,1,1
29.041643104,0,1
29.041663330,0,0
29.041704756,0,1
29.041728054,1,1
29.041747254,1,0
29.041788672,1,1
29.041831178,1,0
29.041872600,1,1
29.041893898,0,1
29.041914124,0,0
29.041955548,0,1
29.041997064,0,0
29.042040956,0,1
29.042064256,1,1
29.042083460,1,0
29.042121920,1,1
29.042164430,1,0
29.042209308,1,1
29.042244654,1,0
29.053942032,1,1
29.055313676,0,1
29.055325504,0,0
29.055368388,0,1
29.055409886,0,0
29.055451294,0,1
29.055492802,0,0
29.055534222,0,1
29.055557516,1,1
29.055576720,1,0
29.055618142,1,1
29.055660648,1,0
29.055702072,1,1
29.055744578,1,0
29.055785994,1,1
29.055828502,1,0
29.055869928,1,1
29.055891226,0,1
29.055911450,0,0
29.055952874,0,1
29.055994394,0,0
29.056038282,0,1
29.056061566,1,1
29.056080764,1,0
29.056119206,1,1
29.056161692,1,0
29.056206542,1,1
29.056231412,1,0
29.069943032,1,1
29.072166322,0,1
29.072178152,0,0
29.072221058,0,1
29.072262578,0,0
29.072304002,0,1
29.072345518,0,0
29.072386944,0,1
29.072410244,1,1
29.072429446,1,0
29.072470870,1,1
29.072492170,0,1
29.072512394,0,0
29.072553818,0,1
29.072577116,1,1
29.072596320,1,0
29.072637744,1,1
29.072680252,1,0
29.072721670,1,1
29.072742970,0,1
29.072763196,0,0
29.072804622,0,1
29.072846138,0,0
29.072890036,0,1
29.072931554,0,0
29.072970018,0,1
29.072993318,1,1
29.073012522,1,0
29.073057400,1,1
29.073092878,1,0
29.085942486,1,1
29.085951060,1,0
29.086098250,0,0
29.086098278,0,1
29.086906820,0,0
29.086909620,1,0
29.086948248,1,1
29.086989764,1,0
29.086993996,0,0
29.087031198,0,1
29.087073706,0,0
29.087077076,1,0
29.087115130,1,1
29.087156648,1,0
29.087198070,1,1
29.087239578,1,0
29.087243510,0,0
29.087280998,0,1
29.087323504,0,0
29.087326590,1,0
29.087364932,1,1
29.087406452,1,0
29.087447884,1,1
29.087489404,1,0
29.087530826,1,1
29.087573824,1,0
29.087615254,1,1
29.087657756,1,0
29.087699182,1,1
29.087732326,0,1
29.087745642,0,0
29.087787080,0,1
29.087810380,1,1
29.088082362,0,1
29.088094194,0,0
29.088137102,0,1
29.088178618,0,0
29.088220044,0,1
29.088243340,1,1
29.088262542,1,0
29.088303962,1,1
29.088325262,0,1
29.088345486,0,0
29.088386914,0,1
29.088410214,1,1
29.088429416,1,0
29.088470840,1,1
29.088513350,1,0
29.088554774,1,1
29.088597284,1,0
29.088638710,1,1
29.088681218,1,0
29.088722640,1,1
29.088765148,1,0
29.088809038,1,1
29.088851544,1,0
29.088890004,1,1
29.088932508,1,0
29.088977384,1,1
29.089000222,1,0
29.089147420,0,0
29.089147446,0,1
29.089196682,0,0
29.089238116,0,1
29.089280620,0,0
29.089322056,0,1
29.089364562,0,0
29.089406002,0,1
29.089448512,0,0
29.089489950,0,1
29.089532460,0,0
29.089573894,0,1
29.089616406,0,0
29.089657846,0,1
29.089700356,0,0
29.089741792,0,1
29.089784300,0,0
29.089825738,0,1
29.089869728,0,0
29.089873354,1,0
29.089911160,1,1
29.089953670,1,0
29.089995096,1,1
29.090028240,0,1
29.090041556,0,0
29.090082996,0,1
29.090106296,1,1
29.090449670,0,1
29.090461484,0,0
29.090504318,0,1
29.090545770,0,0
29.090587126,0,1
29.090610390,1,1
29.090629566,1,0
29.090670912,1,1
29.090692180,0,1
29.090712372,0,0
29.090753722,0,1
29.090776978,1,1
29.090796152,1,0
29.090837496,1,1
29.090879934,1,0
29.090921278,1,1
29.090963716,1,0
29.091005062,1,1
29.091047498,1,0
29.091088842,1,1
29.091131280,1,0
29.091175086,1,1
29.091217522,1,0
29.091255914,1,1
29.091298360,1,0
29.091343150,1,1
29.091361964,1,0
29.099778972,1,1
29.099822726,0,1
29.099834534,0,0
29.099877344,0,1
29.099918778,0,0
29.099960106,0,1
29.100001536,0,0
29.100042866,0,1
29.100084296,0,0
29.100125630,0,1
29.100167072,0,0
29.100208412,0,1
29.100231664,1,1
29.100250834,1,0
29.100292170,1,1
29.100334588,1,0
29.100375914,1,1
29.100418354,1,0
29.100459698,1,1
29.100502124,1,0
29.100545922,1,1
29.100588358,1,0
29.100626742,1,1
29.100669174,1,0
29.100713962,1,1
29.104346018,0,1
29.104357828,0,0
29.104400644,0,1
29.104442084,0,0
29.104483426,0,1
29.104524866,0,0
29.104566204,0,1
29.104589458,1,1
29.104608630,1,0
29.104649968,1,1
29.104671230,0,1
29.104691416,0,0
29.104732760,0,1
29.104756014,1,1
29.104775182,1,0
29.104816516,1,1
29.104858946,1,0
29.104900284,1,1
29.104921544,0,1
29.104941730,0,0
29.104983072,0,1
29.105024514,0,0
29.105068316,0,1
29.105109756,0,0
29.105148142,0,1
29.105171392,1,1
29.105190564,1,0
29.105235348,1,1
29.105251930,1,0
29.117943008,1,1
29.119408258,0,1
29.119420068,0,0
29.119462884,0,1
29.119504322,0,0
29.119545660,0,1
29.119587100,0,0
29.119628440,0,1
29.119669880,0,0
29.119711220,0,1
29.119752658,0,0
29.119793998,0,1
29.119817250,1,1
29.119836420,1,0
29.119877754,1,1
29.119920184,1,0
29.119961520,1,1
29.120003946,1,0
29.120045274,1,1
29.120087704,1,0
29.120131502,1,1
29.120173934,1,0
29.120212314,1,1
29.120254744,1,0
29.120299524,1,1
29.123930624,0,1
29.123942432,0,0
29.123985248,0,1
29.124008500,1,1
29.124027672,1,0
29.124069006,1,1
29.124090270,0,1
29.124110456,0,0
29.124151798,0,1
29.124175050,1,1
29.124194220,1,0
29.124235550,1,1
29.124256812,0,1
29.124276996,0,0
29.124318334,0,1
29.124341586,1,1
29.124360754,1,0
29.124402090,1,1
29.124444510,1,0
29.124485830,1,1
29.124507088,0,1
29.124527276,0,0
29.124568620,0,1
29.124610056,0,0
29.124653848,0,1
29.124677100,1,1
29.124696270,1,0
29.124734646,1,1
29.124777072,1,0
29.124821856,1,1
29.124838328,1,0
29.133954506,1,1
29.134702896,0,1
29.134714706,0,0
29.134757522,0,1
29.134798964,0,0
29.134840304,0,1
29.134881746,0,0
29.134923088,0,1
29.134964526,0,0
29.135005868,0,1
29.135047312,0,0
29.135088648,0,1
29.135111900,1,1
29.135131074,1,0
29.135172412,1,1
29.135214838,1,0
29.135256174,1,1
29.135298606,1,0
29.135339940,1,1
29.135382370,1,0
29.135426174,1,1
29.135468604,1,0
29.135506980,1,1
29.135506984,1,0
29.135506986,1,1
29.135549414,1,0
29.135594200,1,1
29.139225028,0,1
29.139236838,0,0
29.139279652,0,1
29.139321090,0,0
29.139362430,0,1
29.139403866,0,0
29.139445204,0,1
29.139468456,1,1
29.139487626,1,0
29.139528960,1,1
29.139571390,1,0
29.139612728,1,1
29.139655158,1,0
29.139696488,1,1
29.139738920,1,0
29.139780252,1,1
29.139801512,0,1
29.139821696,0,0
29.139863034,0,1
29.139904470,0,0
29.139948262,0,1
29.139971512,1,1
29.139990680,1,0
29.140029050,1,1
29.140071480,1,0
29.140116268,1,1
29.140132550,1,0
29.149943794,1,1
29.158175422,1,0
29.166604658,1,1
29.167997504,0,1
29.168009310,0,0
29.168052120,0,1
29.168075372,1,1
29.168094540,1,0
29.168135860,1,1
29.168157120,0,1
29.168177302,0,0
29.168218630,0,1
29.168241872,1,1
29.168261038,1,0
29.168302358,1,1
29.168323618,0,1
29.168343800,0,0
29.168385128,0,1
29.168408380,1,1
29.168427548,1,0
29.168468878,1,1
29.168511298,1,0
29.168552622,1,1
29.168573880,0,1
29.168594064,0,0
29.168635394,0,1
29.168676824,0,0
29.168720614,0,1
29.168743864,1,1
29.168763030,1,0
29.168801400,1,1
29.168843820,1,0
29.168888590,1,1
29.168924926,1,0
29.181954602,1,1
29.182922912,0,1
29.182934720,0,0
29.182977534,0,1
29.183018970,0,0
29.183060302,0,1
29.183101736,0,0
29.183143072,0,1
29.183166324,1,1
29.183185496,1,0
29.183226832,1,1
29.183269262,1,0
29.183310598,1,1
29.183353028,1,0
29.183394362,1,1
29.183436790,1,0
29.183478124,1,1
29.183499384,0,1
29.183519568,0,0
29.183560906,0,1
29.183602346,0,0
29.183646150,0,1
29.183669404,1,1
29.183688572,1,0
29.183726948,1,1
29.183769374,1,0
29.183814156,1,1
29.183849550,1,0
29.197948518,1,1
29.200050504,0,1
29.200062310,0,0
29.200105122,0,1
29.200146558,0,0
29.200187894,0,1
29.200229328,0,0
29.200270660,0,1
29.200293908,1,1
29.200313078,1,0
29.200354406,1,1
29.200375666,0,1
29.200395848,0,0
29.200437182,0,1
29.200460430,1,1
29.200479598,1,0
29.200520926,1,1
29.200563346,1,0
29.200604676,1,1
29.200625934,0,1
29.200646114,0,0
29.200687448,0,1
29.200728886,0,0
29.200772688,0,1
29.200814126,0,0
29.200852506,0,1
29.200875754,1,1
29.200894922,1,0
29.200939698,1,1
29.200974668,1,0
29.214009554,1,1
29.214018132,1,0
29.214165328,0,0
29.214165354,0,1
29.215058734,0,0
29.215062898,1,0
29.215100072,1,1
29.215141512,1,0
29.215145622,0,0
29.215182852,0,1
29.215225278,0,0
29.215228720,1,0
29.215266616,1,1
29.215308052,1,0
29.215349388,1,1
29.215390826,1,0
29.215395178,0,0
29.215432170,0,1
29.215474596,0,0
29.215478282,1,0
29.215515934,1,1
29.215557374,1,0
29.215598710,1,1
29.215640148,1,0
29.215681484,1,1
29.215724396,1,0
29.215765730,1,1
29.215808150,1,0
29.215849478,1,1
29.215882560,0,1
29.215895848,0,0
29.215937196,0,1
29.215960454,1,1
29.216231870,0,1
29.216243676,0,0
29.216286490,0,1
29.216327924,0,0
29.216369258,0,1
29.216392510,1,1
29.216411678,1,0
29.216453008,1,1
29.216474268,0,1
29.216494448,0,0
29.216535784,0,1
29.216559038,1,1
29.216578206,1,0
29.216619542,1,1
29.216661968,1,0
29.216703298,1,1
29.216745724,1,0
29.216787054,1,1
29.216829478,1,0
29.216870802,1,1
29.216913226,1,0
29.216957022,1,1
29.216999448,1,0
29.217037822,1,1
29.217080248,1,0
29.217125024,1,1
29.217147568,1,0
29.217294776,0,0
29.217294802,0,1
29.217343870,0,0
29.217385226,0,1
29.217427662,0,0
29.217469026,0,1
29.217511472,0,0
29.217514758,1,0
29.217552830,1,1
29.217594294,1,0
29.217599132,0,0
29.217635656,0,1
29.217678088,0,0
29.217719444,0,1
29.217761880,0,0
29.217803232,0,1
29.217845668,0,0
29.217887022,0,1
29.217929456,0,0
29.217970812,0,1
29.218014726,0,0
29.218056080,0,1
29.218095066,0,0
29.218096552,1,0
29.218136420,1,1
29.218169510,0,1
29.218182800,0,0
29.218224160,0,1
29.218247422,1,1
29.218586118,0,1
29.218597950,0,0
29.218640846,0,1
29.218682352,0,0
29.218723770,0,1
29.218747066,1,1
29.218766268,1,0
29.218807686,1,1
29.218828982,0,1
29.218849202,0,0
29.218890616,0,1
29.218913910,1,1
29.218933108,1,0
29.218974514,1,1
29.219017010,1,0
29.219058418,1,1
29.219100914,1,0
29.219142322,1,1
29.219184820,1,0
29.219226228,1,1
29.219268724,1,0
29.219312600,1,1
29.219355098,1,0
29.219393544,1,1
29.219436044,1,0
29.219480902,1,1
29.219499726,1,0
29.227916872,1,1
29.236148520,1,0
29.244566400,1,1
29.245761640,0,1
29.245773470,0,0
29.245816370,0,1
29.245857880,0,0
29.245899302,0,1
29.245940812,0,0
29.245982230,0,1
29.246023740,0,0
29.246065160,0,1
29.246106672,0,0
29.246148090,0,1
29.246171388,1,1
29.246190588,1,0
29.246232002,1,1
29.246274506,1,0
29.246315924,1,1
29.246358426,1,0
29.246399842,1,1
29.246442346,1,0
29.246486230,1,1
29.246528738,1,0
29.246567196,1,1
29.246609704,1,0
29.246654576,1,1
29.250293318,0,1
29.250305146,0,0
29.250348046,0,1
29.250389558,0,0
29.250430976,0,1
29.250472488,0,0
29.250513910,0,1
29.250537204,1,1
29.250556406,1,0
29.250597828,1,1
29.250619126,0,1
29.250639352,0,0
29.250680772,0,1
29.250704068,1,1
29.250723270,1,0
29.250764688,1,1
29.250807190,1,0
29.250848604,1,1
29.250869900,0,1
29.250890122,0,0
29.250931542,0,1
29.250973056,0,0
29.251016948,0,1
29.251058460,0,0
29.251096918,0,1
29.251120216,1,1
29.251139418,1,0
29.251184294,1,1
29.251201490,1,0
29.261942606,1,1
29.264583518,0,1
29.264595350,0,0
29.264638254,0,1
29.264679768,0,0
29.264721190,0,1
29.264762704,0,0
29.264804130,0,1
29.264845640,0,0
29.264887060,0,1
29.264928574,0,0
29.264969992,0,1
29.264993290,1,1
29.265012490,1,0
29.265053908,1,1
29.265096414,1,0
29.265137830,1,1
29.265180334,1,0
29.265221752,1,1
29.265264252,1,0
29.265308138,1,1
29.265350636,1,0
29.265389096,1,1
29.265431626,1,0
29.265476528,1,1
29.269114266,0,1
29.269126096,0,0
29.269168990,0,1
29.269210500,0,0
29.269251920,0,1
29.269293430,0,0
29.269334848,0,1
29.269358144,1,1
29.269377344,1,0
29.269418760,1,1
29.269461260,1,0
29.269502660,1,1
29.269545168,1,0
29.269586598,1,1
29.269629112,1,0
29.269670526,1,1
29.269691822,0,1
29.269712044,0,0
29.269753466,0,1
29.269794974,0,0
29.269838862,0,1
29.269862156,1,1
29.269881360,1,0
29.269919814,1,1
29.269962312,1,0
29.270007184,1,1
29.270023908,1,0
29.285942882,1,1
29.286031246,0,1
29.286043078,0,0
29.286085980,0,1
29.286127494,0,0
29.286168920,0,1
29.286210436,0,0
29.286251866,0,1
29.286293384,0,0
29.286334810,0,1
29.286376330,0,0
29.286417758,0,1
29.286441058,1,1
29.286460262,1,0
29.286501680,1,1
29.286544188,1,0
29.286585610,1,1
29.286628120,1,0
29.286669544,1,1
29.286712052,1,0
29.286755940,1,1
29.286798450,1,0
29.286836908,1,1
29.286879414,1,0
29.286924292,1,1
29.290562444,0,1
29.290574276,0,0
29.290617192,0,1
29.290640494,1,1
29.290659698,1,0
29.290701126,1,1
29.290722424,0,1
29.290742650,0,0
29.290784076,0,1
29.290807376,1,1
29.290826580,1,0
29.290868002,1,1
29.290889302,0,1
29.290909528,0,0
29.290950958,0,1
29.290974258,1,1
29.290993462,1,0
29.291034884,1,1
29.291077392,1,0
29.291118816,1,1
29.291140116,0,1
29.291160342,0,0
29.291201770,0,1
29.291243290,0,0
29.291287186,0,1
29.291310484,1,1
29.291329690,1,0
29.291368152,1,1
29.291410662,1,0
29.291455542,1,1
29.291472196,1,0
29.301942848,1,1
29.310174402,1,0
29.318603068,1,1
29.321309622,0,1
29.321321454,0,0
29.321364362,0,1
29.321387660,1,1
29.321406864,1,0
29.321448290,1,1
29.321469588,0,1
29.321489812,0,0
29.321531242,0,1
29.321554540,1,1
29.321573744,1,0
29.321615172,1,1
29.321636472,0,1
29.321656698,0,0
29.321698128,0,1
29.321721428,1,1
29.321740632,1,0
29.321782060,1,1
29.321824568,1,0
29.321865994,1,1
29.321887294,0,1
29.321907520,0,0
29.321948950,0,1
29.321990468,0,0
29.322034368,0,1
29.322057664,1,1
29.322076868,1,0
29.322115330,1,1
29.322157840,1,0
29.322202716,1,1
29.322238122,1,0
29.333941806,1,1
29.335309646,0,1
29.335321480,0,0
29.335364394,0,1
29.335405918,0,0
29.335447352,0,1
29.335488876,0,0
29.335530310,0,1
29.335553614,1,1
29.335572818,1,0
29.335614246,1,1
29.335656760,1,0
29.335698186,1,1
29.335740702,1,0
29.335782130,1,1
29.335824644,1,0
29.335866068,1,1
29.335887370,0,1
29.335907596,0,0
29.335949026,0,1
29.335990546,0,0
29.336034444,0,1
29.336057746,1,1
29.336076952,1,0
29.336115414,1,1
29.336157926,1,0
29.336202808,1,1
29.336226668,1,0
29.349941954,1,1
29.349950528,1,0
29.350097714,0,0
29.350097740,0,1
29.350327592,0,0
29.350331304,1,0
29.350369034,1,1
29.350410556,1,0
29.350414016,0,0
29.350451992,0,1
29.350494504,0,0
29.350498748,1,0
29.350535936,1,1
29.350577452,1,0
29.350618892,1,1
29.350660414,1,0
29.350665164,0,0
29.350701850,0,1
29.350744360,0,0
29.350748236,1,0
29.350785796,1,1
29.350827316,1,0
29.350868740,1,1
29.350910262,1,0
29.350951690,1,1
29.350994690,1,0
29.351036126,1,1
29.351078630,1,0
29.351120058,1,1
29.351153206,0,1
29.351166524,0,0
29.351207966,0,1
29.351231266,1,1
29.351503272,0,1
29.351515104,0,0
29.351558016,0,1
29.351599538,0,0
29.351640966,0,1
29.351664272,1,1
29.351683476,1,0
29.351724904,1,1
29.351746206,0,1
29.351766432,0,0
29.351807866,0,1
29.351831170,1,1
29.351850372,1,0
29.351891796,1,1
29.351934308,1,0
29.351975734,1,1
29.352018244,1,0
29.352059670,1,1
29.352102182,1,0
29.352143608,1,1
29.352186120,1,0
29.352230012,1,1
29.352272522,1,0
29.352310984,1,1
29.352353494,1,0
29.352398372,1,1
29.352420780,1,0
29.352567990,0,0
29.352568016,0,1
29.352617688,0,0
29.352659126,0,1
29.352701632,0,0
29.352743072,0,1
29.352785580,0,0
29.352827020,0,1
29.352869532,0,0
29.352910972,0,1
29.352953482,0,0
29.352994924,0,1
29.353037438,0,0
29.353078874,0,1
29.353121388,0,0
29.353162830,0,1
29.353205338,0,0
29.353246782,0,1
29.353290772,0,0
29.353294050,1,0
29.353332200,1,1
29.353374712,1,0
29.353416146,1,1
29.353449290,0,1
29.353462606,0,0
29.353504050,0,1
29.353527354,1,1
29.353870756,0,1
29.353882572,0,0
29.353925412,0,1
29.353966868,0,0
29.354008222,0,1
29.354031484,1,1
29.354050660,1,0
29.354092010,1,1
29.354113268,0,1
29.354133452,0,0
29.354174798,0,1
29.354198054,1,1
29.354217232,1,0
29.354258578,1,1
29.354301014,1,0
29.354342354,1,1
29.354384794,1,0
29.354426142,1,1
29.354468584,1,0
29.354509926,1,1
29.354552364,1,0
29.354596178,1,1
29.354638614,1,0
29.354677004,1,1
29.354719444,1,0
29.354764238,1,1
29.354783104,1,0
29.363200194,1,1
29.364702538,0,1
29.364714348,0,0
29.364757170,0,1
29.364798618,0,0
29.364839964,0,1
29.364881408,0,0
29.364922758,0,1
29.364946014,1,1
29.364965186,1,0
29.365006528,1,1
29.365027792,0,1
29.365047980,0,0
29.365089326,0,1
29.365112580,1,1
29.365131752,1,0
29.365173092,1,1
29.365215530,1,0
29.365256872,1,1
29.365278136,0,1
29.365298326,0,0
29.365339674,0,1
29.365381118,0,0
29.365424932,0,1
29.365466384,0,0
29.365504774,0,1
29.365528030,1,1
29.365547206,1,0
29.365592002,1,1
29.365627390,1,0
29.381955186,1,1
29.389684964,0,1
29.389696774,0,0
29.389739596,0,1
29.389781036,0,0
29.389822384,0,1
29.389863828,0,0
29.389905172,0,1
29.389946618,0,0
29.389987964,0,1
29.390029406,0,0
29.390070750,0,1
29.390094006,1,1
29.390113176,1,0
29.390154514,1,1
29.390196944,1,0
29.390238286,1,1
29.390280716,1,0
29.390322052,1,1
29.390364488,1,0
29.390408290,1,1
29.390450722,1,0
29.390489106,1,1
29.390531536,1,0
29.390576320,1,1
29.394208516,0,1
29.394220326,0,0
29.394263146,0,1
29.394304590,0,0
29.394345926,0,1
29.394387356,0,0
29.394428700,0,1
29.394451960,1,1
29.394471134,1,0
29.394512466,1,1
29.394533728,0,1
29.394553912,0,0
29.394595250,0,1
29.394618504,1,1
29.394637674,1,0
29.394679018,1,1
29.394721452,1,0
29.394762790,1,1
29.394784058,0,1
29.394804248,0,0
29.394845594,0,1
29.394887036,0,0
29.394930848,0,1
29.394972292,0,0
29.395010680,0,1
29.395033936,1,1
29.395053108,1,0
29.395097900,1,1
29.395114748,1,0
29.405943796,1,1
29.409270608,0,1
29.409282414,0,0
29.409325230,0,1
29.409366670,0,0
29.409408006,0,1
29.409449448,0,0
29.409490792,0,1
29.409532234,0,0
29.409573574,0,1
29.409615018,0,0
29.409656360,0,1
29.409679614,1,1
29.409698784,1,0
29.409740120,1,1
29.409782546,1,0
29.409823878,1,1
29.409866308,1,0
29.409907644,1,1
29.409950070,1,0
29.409993868,1,1
29.410036298,1,0
29.410074674,1,1
29.410117104,1,0
29.410161886,1,1
29.413792946,0,1
29.413804756,0,0
29.413847574,0,1
29.413889014,0,0
29.413930358,0,1
29.413971798,0,0
29.414013138,0,1
29.414036392,1,1
29.414055562,1,0
29.414096898,1,1
29.414139328,1,0
29.414180662,1,1
29.414223094,1,0
29.414264428,1,1
29.414306860,1,0
29.414348198,1,1
29.414369460,0,1
29.414389646,0,0
29.414430984,0,1
29.414472426,0,0
29.414516230,0,1
29.414539482,1,1
29.414558654,1,0
29.414597038,1,1
29.414639470,1,0
29.414684254,1,1
29.414700390,1,0
29.429954440,1,1
29.430747930,0,1
29.430759740,0,0
29.430802558,0,1
29.430844002,0,0
29.430885346,0,1
29.430926786,0,0
29.430968126,0,1
29.431009570,0,0
29.431050912,0,1
29.431092358,0,0
29.431133704,0,1
29.431156960,1,1
29.431176132,1,0
29.431217472,1,1
29.431259906,1,0
29.431301242,1,1
29.431343674,1,0
29.431385012,1,1
29.431427446,1,0
29.431471246,1,1
29.431513682,1,0
29.431552060,1,1
29.431594492,1,0
29.431639282,1,1
29.435270446,0,1
29.435282256,0,0
29.435325074,0,1
29.435348328,1,1
29.435367498,1,0
29.435408838,1,1
29.435430104,0,1
29.435450290,0,0
29.435491632,0,1
29.435514886,1,1
29.435534056,1,0
29.435575392,1,1
29.435596660,0,1
29.435616846,0,0
29.435658188,0,1
29.435681442,1,1
29.435700616,1,0
29.435741952,1,1
29.435784384,1,0
29.435825724,1,1
29.435846986,0,1
29.435867174,0,0
29.435908512,0,1
29.435949952,0,0
29.435993756,0,1
29.436017010,1,1
29.436036180,1,0
29.436074560,1,1
29.436116994,1,0
29.436161778,1,1
29.436178254,1,0
29.445942694,1,1
29.454175258,1,0
29.462604688,1,1
29.464857360,0,1
29.464869168,0,0
29.464911982,0,1
29.464935236,1,1
29.464954404,1,0
29.464995738,1,1
29.465016998,0,1
29.465037180,0,0
29.465078514,0,1
29.465101762,1,1
29.465120930,1,0
29.465162260,1,1
29.465183518,0,1
29.465203702,0,0
29.465245036,0,1
29.465268288,1,1
29.465287456,1,0
29.465328788,1,1
29.465371214,1,0
29.465412544,1,1
29.465433806,0,1
29.465453988,0,0
29.465495322,0,1
29.465536750,0,0
29.465580544,0,1
29.465603796,1,1
29.465622964,1,0
29.465661338,1,1
29.465703766,1,0
29.465748550,1,1
29.465784818,1,0
29.478010122,1,1
29.478018702,1,0
29.478165912,0,0
29.478165938,0,1
29.478269742,0,0
29.478273266,1,0
29.478311084,1,1
29.478352526,1,0
29.478355990,0,0
29.478393874,0,1
29.478436306,0,0
29.478439078,1,0
29.478477648,1,1
29.478519088,1,0
29.478560428,1,1
29.478601870,1,0
29.478605532,0,0
29.478643216,0,1
29.478685642,0,0
29.478688632,1,0
29.478726982,1,1
29.478768422,1,0
29.478809766,1,1
29.478851206,1,0
29.478892544,1,1
29.478935464,1,0
29.478976800,1,1
29.479019222,1,0
29.479060560,1,1
29.479093644,0,1
29.479106932,0,0
29.479148286,0,1
29.479171542,1,1
29.479443016,0,1
29.479454826,0,0
29.479497648,0,1
29.479539090,0,0
29.479580428,0,1
29.479603682,1,1
29.479622852,1,0
29.479664186,1,1
29.479685446,0,1
29.479705630,0,0
29.479746968,0,1
29.479770220,1,1
29.479789390,1,0
29.479830724,1,1
29.479873154,1,0
29.479914490,1,1
29.479956918,1,0
29.479998252,1,1
29.480040682,1,0
29.480082014,1,1
29.480124446,1,0
29.480168248,1,1
29.480210676,1,0
29.480249056,1,1
29.480291484,1,0
29.480336266,1,1
29.480358570,1,0
29.480505776,0,0
29.480505802,0,1
29.480555142,0,0
29.480596496,0,1
29.480638930,0,0
29.480680282,0,1
29.480722712,0,0
29.480725784,1,0
29.480764056,1,1
29.480805500,1,0
29.480810164,0,0
29.480846850,0,1
29.480889280,0,0
29.480930632,0,1
29.480973062,0,0
29.481014412,0,1
29.481056844,0,0
29.481098196,0,1
29.481140624,0,0
29.481181976,0,1
29.481225886,0,0
29.481267234,0,1
29.481306216,0,0
29.481307664,1,0
29.481347560,1,1
29.481380642,0,1
29.481393932,0,0
29.481435290,0,1
29.481458550,1,1
29.481797222,0,1
29.481809050,0,0
29.481851938,0,1
29.481893440,0,0
29.481934854,0,1
29.481958148,1,1
29.481977346,1,0
29.482018754,1,1
29.482040048,0,1
29.482060268,0,0
29.482101684,0,1
29.482124980,1,1
29.482144180,1,0
29.482185590,1,1
29.482185592,1,0
29.482185594,1,1
29.482228092,1,0
29.482269502,1,1
29.482311998,1,0
29.482353414,1,1
29.482395916,1,0
29.482437328,1,1
29.482479828,1,0
29.482523710,1,1
29.482566208,1,0
29.482604664,1,1
29.482647164,1,0
29.482692032,1,1
29.482710544,1,0
29.491127874,1,1
29.492793464,0,1
29.492805298,0,0
29.492848210,0,1
29.492889730,0,0
29.492931160,0,1
29.492972678,0,0
29.493014108,0,1
29.493037410,1,1
29.493056612,1,0
29.493098038,1,1
29.493140548,1,0
29.493181976,1,1
29.493224490,1,0
29.493265920,1,1
29.493308428,1,0
29.493349850,1,1
29.493371152,0,1
29.493391378,0,0
29.493432812,0,1
29.493474336,0,0
29.493518238,0,1
29.493541542,1,1
29.493560748,1,0
29.493599218,1,1
29.493641732,1,0
29.493686610,1,1
29.493710330,1,0
29.509954070,1,1
29.512650548,0,1
29.512662378,0,0
29.512705284,0,1
29.512746800,0,0
29.512788228,0,1
29.512829744,0,0
29.512871170,0,1
29.512894470,1,1
29.512913672,1,0
29.512955092,1,1
29.512976386,0,1
29.512996610,0,0
29.513038036,0,1
29.513061332,1,1
29.513080534,1,0
29.513121952,1,1
29.513164460,1,0
29.513205878,1,1
29.513227178,0,1
29.513247402,0,0
29.513288826,0,1
29.513330342,0,0
29.513374234,0,1
29.513415752,0,0
29.513454214,0,1
29.513477512,1,1
29.513496712,1,0
29.513541592,1,1
29.513576580,1,0
29.525956302,1,1
29.532764380,0,1
29.532776214,0,0
29.532819124,0,1
29.532860646,0,0
29.532902076,0,1
29.532943596,0,0
29.532985028,0,1
29.533026548,0,0
29.533067980,0,1
29.533109498,0,0
29.533150930,0,1
29.533174228,1,1
29.533193436,1,0
29.533234860,1,1
29.533277370,1,0
29.533318796,1,1
29.533361308,1,0
29.533402734,1,1
29.533445250,1,0
29.533489150,1,1
29.533531666,1,0
29.533570130,1,1
29.533612650,1,0
29.533657532,1,1
29.537296900,0,1
29.537308734,0,0
29.537351644,0,1
29.537393164,0,0
29.537434596,0,1
29.537476118,0,0
29.537517546,0,1
29.537540848,1,1
29.537560054,1,0
29.537601484,1,1
29.537622786,0,1
29.537643012,0,0
29.537684446,0,1
29.537707744,1,1
29.537726948,1,0
29.537768374,1,1
29.537810888,1,0
29.537852314,1,1
29.537873616,0,1
29.537893842,0,0
29.537935272,0,1
29.537976792,0,0
29.538020690,0,1
29.538062210,0,0
29.538100680,0,1
29.538123980,1,1
29.538143184,1,0
29.538188064,1,1
29.538205304,1,0
29.549942508,1,1
29.552380038,0,1
29.552391870,0,0
29.552434778,0,1
29.552476298,0,0
29.552517726,0,1
29.552559244,0,0
29.552600678,0,1
29.552642198,0,0
29.552683630,0,1
29.552725150,0,0
29.552766580,0,1
29.552789882,1,1
29.552809084,1,0
29.552850512,1,1
29.552893022,1,0
29.552934448,1,1
29.552976960,1,0
29.553018386,1,1
29.553060896,1,0
29.553104788,1,1
29.553147304,1,0
29.553185764,1,1
29.553228276,1,0
29.553273158,1,1
29.556911468,0,1
29.556923302,0,0
29.556966208,0,1
29.557007726,0,0
29.557049156,0,1
29.557090672,0,0
29.557132102,0,1
29.557155402,1,1
29.557174604,1,0
29.557216028,1,1
29.557258538,1,0
29.557299956,1,1
29.557342466,1,0
29.557383888,1,1
29.557426400,1,0
29.557467826,1,1
29.557489126,0,1
29.557509354,0,0
29.557550784,0,1
29.557592304,0,0
29.557636204,0,1
29.557659506,1,1
29.557678708,1,0
29.557717170,1,1
29.557759682,1,0
29.557804562,1,1
29.557821194,1,0
29.573954080,1,1
29.575968872,0,1
29.575980700,0,0
29.576023594,0,1
29.576065100,0,0
29.576106512,0,1
29.576148012,0,0
29.576189424,0,1
29.576230924,0,0
29.576272334,0,1
29.576313836,0,0
29.576355248,0,1
29.576378534,1,1
29.576397734,1,0
29.576439138,1,1
29.576481630,1,0
29.576523036,1,1
29.576565526,1,0
29.576606936,1,1
29.576649428,1,0
29.576693302,1,1
29.576735794,1,0
29.576774240,1,1
29.576816734,1,0
29.576861596,1,1
29.580500346,0,1
29.580512178,0,0
29.580555090,0,1
29.580578390,1,1
29.580597598,1,0
29.580639048,1,1
29.580660360,0,1
29.580680598,0,0
29.580722044,0,1
29.580745348,1,1
29.580764554,1,0
29.580805984,1,1
29.580827284,0,1
29.580847512,0,0
29.580888942,0,1
29.580912244,1,1
29.580931450,1,0
29.580972874,1,1
29.581015386,1,0
29.581056814,1,1
29.581078112,0,1
29.581098338,0,0
29.581139768,0,1
29.581181286,0,0
29.581225184,0,1
29.581248486,1,1
29.581267690,1,0
29.581306154,1,1
29.581348666,1,0
29.581393548,1,1
29.581410046,1,0
29.597943268,1,1
29.606175102,1,0
29.614603866,1,1
29.617426824,0,1
29.617438658,0,0
29.617481584,0,1
29.617504892,1,1
29.617524098,1,0
29.617565526,1,1
29.617586824,0,1
29.617607054,0,0
29.617648484,0,1
29.617671786,1,1
29.617690988,1,0
29.617732412,1,1
29.617753712,0,1
29.617773938,0,0
29.617815366,0,1
29.617838662,1,1
29.617857866,1,0
29.617899290,1,1
29.617941800,1,0
29.617983222,1,1
29.618004522,0,1
29.618024750,0,0
29.618066176,0,1
29.618107696,0,0
29.618151594,0,1
29.618174892,1,1
29.618194096,1,0
29.618232556,1,1
29.618275066,1,0
29.618319946,1,1
29.618356150,1,0
29.629997148,1,1
29.630005726,1,0
29.630152938,0,0
29.630152964,0,1
29.631093270,0,0
29.631097072,1,0
29.631134710,1,1
29.631176234,1,0
29.631179792,0,0
29.631217676,0,1
29.631260190,0,0
29.631264542,1,0
29.631301624,1,1
29.631343150,1,0
29.631384590,1,1
29.631426118,1,0
29.631430998,0,0
29.631467556,0,1
29.631510070,0,0
29.631514082,1,0
29.631551508,1,1
29.631593030,1,0
29.631634468,1,1
29.631675992,1,0
29.631717424,1,1
29.631760426,1,0
29.631801858,1,1
29.631844364,1,0
29.631885790,1,1
29.631918938,0,1
29.631932254,0,0
29.631973696,0,1
29.631996998,1,1
29.632269020,0,1
29.632280854,0,0
29.632323768,0,1
29.632365290,0,0
29.632406720,0,1
29.632430024,1,1
29.632449228,1,0
29.632490658,1,1
29.632511960,0,1
29.632532188,0,0
29.632573630,0,1
29.632596938,1,1
29.632616144,1,0
29.632657578,1,1
29.632700098,1,0
29.632741526,1,1
29.632784044,1,0
29.632825480,1,1
29.632867996,1,0
29.632909426,1,1
29.632951944,1,0
29.632995848,1,1
29.633038362,1,0
29.633076830,1,1
29.633119348,1,0
29.633164234,1,1
29.633187028,1,0
29.633334232,0,0
29.633334260,0,1
29.633383574,0,0
29.633425016,0,1
29.633467534,0,0
29.633508976,0,1
29.633551494,0,0
29.633592942,0,1
29.633635458,0,0
29.633676904,0,1
29.633719422,0,0
29.633760876,0,1
29.633803390,0,0
29.633844836,0,1
29.633887358,0,0
29.633928802,0,1
29.633971320,0,0
29.634012768,0,1
29.634056770,0,0
29.634060310,1,0
29.634098206,1,1
29.634140724,1,0
29.634182160,1,1
29.634215308,0,1
29.634228628,0,0
29.634270076,0,1
29.634293380,1,1
29.634636818,0,1
29.634648634,0,0
29.634691478,0,1
29.634732934,0,0
29.634774294,0,1
29.634797558,1,1
29.634816734,1,0
29.634858088,1,1
29.634879358,0,1
29.634899552,0,0
29.634940912,0,1
29.634964174,1,1
29.634983352,1,0
29.635024704,1,1
29.635067152,1,0
29.635108506,1,1
29.635150948,1,0
29.635192304,1,1
29.635234746,1,0
29.635276096,1,1
29.635318546,1,0
29.635362360,1,1
29.635404804,1,0
29.635443202,1,1
29.635485648,1,0
29.635530448,1,1
29.635549384,1,0
29.643967088,1,1
29.645433532,0,1
29.645445344,0,0
29.645488176,0,1
29.645529630,0,0
29.645570982,0,1
29.645612434,0,0
29.645653788,0,1
29.645677048,1,1
29.645696222,1,0
29.645737568,1,1
29.645780004,1,0
29.645821352,1,1
29.645863788,1,0
29.645905130,1,1
29.645947572,1,0
29.645988918,1,1
29.646010182,0,1
29.646030372,0,0
29.646071724,0,1
29.646113172,0,0
29.646156984,0,1
29.646180244,1,1
29.646199416,1,0
29.646237806,1,1
29.646280240,1,0
29.646325032,1,1
29.646360272,1,0
29.661942202,1,1
29.670175186,1,0
29.678605124,1,1
29.686837806,1,0
29.695255294,1,1
29.697569156,0,1
29.697580964,0,0
29.697623784,0,1
29.697665220,0,0
29.697706562,0,1
29.697748002,0,0
29.697789342,0,1
29.697830784,0,0
29.697872124,0,1
29.697913568,0,0
29.697954908,0,1
29.697978162,1,1
29.697997332,1,0
29.698038666,1,1
29.698081094,1,0
29.698122430,1,1
29.698164856,1,0
29.698206190,1,1
29.698248618,1,0
29.698292416,1,1
29.698334844,1,0
29.698373220,1,1
29.698415646,1,0
29.698460426,1,1
29.702091394,0,1
29.702103202,0,0
29.702146020,0,1
29.702187464,0,0
29.702228804,0,1
29.702270244,0,0
29.702311588,0,1
29.702334840,1,1
29.702354012,1,0
29.702395350,1,1
29.702437784,1,0
29.702479124,1,1
29.702521554,1,0
29.702562894,1,1
29.702605328,1,0
29.702646666,1,1
29.702667930,0,1
29.702688118,0,0
29.702729462,0,1
29.702770904,0,0
29.702814712,0,1
29.702837966,1,1
29.702857136,1,0
29.702895516,1,1
29.702937948,1,0
29.702982734,1,1
29.702998964,1,0
29.717940898,1,1
29.719046406,0,1
29.719058216,0,0
29.719101034,0,1
29.719142474,0,0
29.719183814,0,1
29.719225258,0,0
29.719266596,0,1
29.719308040,0,0
29.719349382,0,1
29.719390824,0,0
29.719432166,0,1
29.719455422,1,1
29.719474594,1,0
29.719515930,1,1
29.719558360,1,0
29.719599702,1,1
29.719642132,1,0
29.719683466,1,1
29.719725896,1,0
29.719769692,1,1
29.719812122,1,0
29.719850500,1,1
29.719892932,1,0
29.719937712,1,1
29.723568664,0,1
29.723580474,0,0
29.723623292,0,1
29.723646544,1,1
29.723665716,1,0
29.723707052,1,1
29.723728314,0,1
29.723748498,0,0
29.723789836,0,1
29.723813092,1,1
29.723832260,1,0
29.723873596,1,1
29.723894856,0,1
29.723915040,0,0
29.723956378,0,1
29.723979630,1,1
29.723998800,1,0
29.724040132,1,1
29.724082562,1,0
29.724123894,1,1
29.724145156,0,1
29.724165342,0,0
29.724206682,0,1
29.724248120,0,0
29.724291922,0,1
29.724315176,1,1
29.724334346,1,0
29.724372724,1,1
29.724415152,1,0
29.724459936,1,1
29.724476342,1,0
29.733941996,1,1
29.742173774,1,0
29.750603244,1,1
29.758835738,1,0
29.767309972,1,1
29.767318552,1,0
29.767465776,0,0
29.767465804,0,1
29.767588142,0,0
29.767591412,1,0
29.767629488,1,1
29.767670932,1,0
29.767675802,0,0
29.767712278,0,1
29.767754700,0,0
29.767758902,1,0
29.767796038,1,1
29.767837478,1,0
29.767878814,1,1
29.767920250,1,0
29.767923718,0,0
29.767961596,0,1
29.768004020,0,0
29.768006814,1,0
29.768045362,1,1
29.768086804,1,0
29.768128146,1,1
29.768169582,1,0
29.768210906,1,1
29.768253818,1,0
29.768295154,1,1
29.768337574,1,0
29.768378914,1,1
29.768411994,0,1
29.768425282,0,0
29.768466634,0,1
29.768489884,1,1
29.768761326,0,1
29.768773136,0,0
29.768815954,0,1
29.768857394,0,0
29.768898738,0,1
29.768921988,1,1
29.768941160,1,0
29.768982496,1,1
29.769003760,0,1
29.769023946,0,0
29.769065274,0,1
29.769088524,1,1
29.769107692,1,0
29.769149034,1,1
29.769191476,1,0
29.769232814,1,1
29.769275244,1,0
29.769316580,1,1
29.769359010,1,0
29.769400346,1,1
29.769442780,1,0
29.769486580,1,1
29.769529008,1,0
29.769567382,1,1
29.769609814,1,0
29.769654580,1,1
29.769676934,1,0
29.769824150,0,0
29.769824176,0,1
29.769873344,0,0
29.769914668,0,1
29.769957074,0,0
29.769998396,0,1
29.770040808,0,0
29.770044154,1,0
29.770082128,1,1
29.770123550,1,0
29.770128538,0,0
29.770164872,0,1
29.770207280,0,0
29.770248608,0,1
29.770291028,0,0
29.770332374,0,1
29.770374800,0,0
29.770416148,0,1
29.770458578,0,0
29.770499926,0,1
29.770543826,0,0
29.770585164,0,1
29.770624136,0,0
29.770626038,1,0
29.770665456,1,1
29.770698530,0,1
29.770711812,0,0
29.770753144,0,1
29.770776384,1,1
29.771114958,0,1
29.771126778,0,0
29.771169642,0,1
29.771211130,0,0
29.771252528,0,1
29.771275806,1,1
29.771294998,1,0
29.771336386,1,1
29.771357672,0,1
29.771377882,0,0
29.771419278,0,1
29.771442564,1,1
29.771461754,1,0
29.771503144,1,1
29.771545624,1,0
29.771587016,1,1
29.771629510,1,0
29.771670918,1,1
29.771713412,1,0
29.771754822,1,1
29.771797318,1,0
29.771841196,1,1
29.771883692,1,0
29.771922144,1,1
29.771964642,1,0
29.772009512,1,1
29.772028986,1,0
29.780446164,1,1
29.783055050,0,1
29.783066884,0,0
29.783109792,0,1
29.783133096,1,1
29.783152298,1,0
29.783193722,1,1
29.783215018,0,1
29.783235244,0,0
29.783276666,0,1
29.783299962,1,1
29.783319168,1,0
29.783360588,1,1
29.783381884,0,1
29.783402112,0,0
29.783443540,0,1
29.783466836,1,1
29.783486036,1,0
29.783527456,1,1
29.783569966,1,0
29.783611392,1,1
29.783632688,0,1
29.783652912,0,0
29.783694338,0,1
29.783735854,0,0
29.783779742,0,1
29.783803042,1,1
29.783822246,1,0
29.783860704,1,1
29.783903208,1,0
29.783948084,1,1
29.783971850,1,0
29.797943066,1,1
29.800208774,0,1
29.800220604,0,0
29.800263510,0,1
29.800305022,0,0
29.800346448,0,1
29.800387966,0,0
29.800429390,0,1
29.800452692,1,1
29.800471896,1,0
29.800513318,1,1
29.800555826,1,0
29.800597254,1,1
29.800639766,1,0
29.800681192,1,1
29.800723702,1,0
29.800765124,1,1
29.800786422,0,1
29.800806644,0,0
29.800848072,0,1
29.800889588,0,0
29.800933482,0,1
29.800956780,1,1
29.800975986,1,0
29.801014444,1,1
29.801056952,1,0
29.801101828,1,1
29.801137110,1,0
29.813943682,1,1
29.814059090,0,1
29.814070924,0,0
29.814113836,0,1
29.814155358,0,0
29.814196786,0,1
29.814238308,0,0
29.814279738,0,1
29.814303036,1,1
29.814322240,1,0
29.814363662,1,1
29.814384962,0,1
29.814405188,0,0
29.814446616,0,1
29.814469916,1,1
29.814489118,1,0
29.814530544,1,1
29.814573050,1,0
29.814614478,1,1
29.814635776,0,1
29.814656002,0,0
29.814697430,0,1
29.814738950,0,0
29.814782852,0,1
29.814824368,0,0
29.814862832,0,1
29.814886134,1,1
29.814905340,1,0
29.814950216,1,1
29.814985654,1,0
29.829945838,1,1
29.838189284,1,0
29.846606474,1,1
29.848795272,0,1
29.848807104,0,0
29.848850012,0,1
29.848891530,0,0
29.848932960,0,1
29.848974480,0,0
29.849015908,0,1
29.849057426,0,0
29.849098852,0,1
29.849140372,0,0
29.849181800,0,1
29.849205102,1,1
29.849224308,1,0
29.849265734,1,1
29.849308244,1,0
29.849349668,1,1
29.849392184,1,0
29.849433612,1,1
29.849476122,1,0
29.849520014,1,1
29.849562512,1,0
29.849600960,1,1
29.849643468,1,0
29.849688352,1,1
29.853327724,0,1
29.853339558,0,0
29.853382470,0,1
29.853423994,0,0
29.853465430,0,1
29.853506954,0,0
29.853548388,0,1
29.853571690,1,1
29.853590896,1,0
29.853632320,1,1
29.853653620,0,1
29.853673848,0,0
29.853715276,0,1
29.853738578,1,1
29.853757778,1,0
29.853799204,1,1
29.853841720,1,0
29.853883152,1,1
29.853904454,0,1
29.853924684,0,0
29.853966124,0,1
29.854007648,0,0
29.854051548,0,1
29.854093068,0,0
29.854131538,0,1
29.854154840,1,1
29.854174046,1,0
29.854218926,1,1
29.854235208,1,0
29.869941716,1,1
29.870245424,0,1
29.870257256,0,0
29.870300164,0,1
29.870341686,0,0
29.870383118,0,1
29.870424636,0,0
29.870466070,0,1
29.870507592,0,0
29.870549020,0,1
29.870590546,0,0
29.870631988,0,1
29.870655284,1,1
29.870674484,1,0
29.870715906,1,1
29.870758418,1,0
29.870799844,1,1
29.870842358,1,0
29.870883786,1,1
29.870926298,1,0
29.870970194,1,1
29.871012706,1,0
29.871051172,1,1
29.871093686,1,0
29.871138572,1,1
29.874776504,0,1
29.874788336,0,0
29.874831248,0,1
29.874872764,0,0
29.874914194,0,1
29.874955718,0,0
29.874997152,0,1
29.875020454,1,1
29.875039662,1,0
29.875081094,1,1
29.875123606,1,0
29.875165036,1,1
29.875207550,1,0
29.875248976,1,1
29.875291490,1,0
29.875332918,1,1
29.875354222,0,1
29.875374450,0,0
29.875415886,0,1
29.875457410,0,0
29.875501310,0,1
29.875524608,1,1
29.875543814,1,0
29.875582284,1,1
29.875624800,1,0
29.875669684,1,1
29.875686802,1,0
29.885952740,1,1
29.885998054,0,1
29.886009888,0,0
29.886052810,0,1
29.886094330,0,0
29.886135762,0,1
29.886177282,0,0
29.886218714,0,1
29.886260234,0,0
29.886301664,0,1
29.886343188,0,0
29.886384618,0,1
29.886407922,1,1
29.886427124,1,0
29.886468554,1,1
29.886511064,1,0
29.886552490,1,1
29.886595004,1,0
29.886636434,1,1
29.886678950,1,0
29.886722848,1,1
29.886765360,1,0
29.886803820,1,1
29.886846332,1,0
29.886891218,1,1
29.890529824,0,1
29.890541660,0,0
29.890584574,0,1
29.890607886,1,1
29.890627096,1,0
29.890668538,1,1
29.890689838,0,1
29.890710068,0,0
29.890751502,0,1
29.890774806,1,1
29.890794012,1,0
29.890835440,1,1
29.890856740,0,1
29.890876968,0,0
29.890918402,0,1
29.890941706,1,1
29.890960912,1,0
29.891002342,1,1
29.891044858,1,0
29.891086286,1,1
29.891107588,0,1
29.891127814,0,0
29.891169250,0,1
29.891210774,0,0
29.891254678,0,1
29.891277982,1,1
29.891297186,1,0
29.891335650,1,1
29.891378166,1,0
29.891423054,1,1
29.891439512,1,0
29.901942698,1,1
29.904341662,0,1
29.904353494,0,0
29.904396404,0,1
29.904419708,1,1
29.904438912,1,0
29.904480340,1,1
29.904501638,0,1
29.904521866,0,0
29.904563298,0,1
29.904586604,1,1
29.904605810,1,0
29.904647240,1,1
29.904668542,0,1
29.904688772,0,0
29.904730206,0,1
29.904753504,1,1
29.904772708,1,0
29.904814136,1,1
29.904856648,1,0
29.904898076,1,1
29.904919378,0,1
29.904939608,0,0
29.904981038,0,1
29.905022558,0,0
29.905066458,0,1
29.905089762,1,1
29.905108966,1,0
29.905147428,1,1
29.905189944,1,0
29.905234828,1,1
29.905269766,1,0
29.917941814,1,1
29.919854076,0,1
29.919865910,0,0
29.919908822,0,1
29.919950340,0,0
29.919991774,0,1
29.920033298,0,0
29.920074730,0,1
29.920098034,1,1
29.920117240,1,0
29.920158670,1,1
29.920179972,0,1
29.920200198,0,0
29.920241632,0,1
29.920264934,1,1
29.920284138,1,0
29.920325566,1,1
29.920368076,1,0
29.920409504,1,1
29.920430806,0,1
29.920451034,0,0
29.920492466,0,1
29.920533990,0,0
29.920577894,0,1
29.920619422,0,0
29.920657896,0,1
29.920681198,1,1
29.920700406,1,0
29.920745290,1,1
29.920780698,1,0
29.933952680,1,1
29.933989254,0,1
29.934001090,0,0
29.934044008,0,1
29.934085532,0,0
29.934126966,0,1
29.934168494,0,0
29.934209928,0,1
29.934233234,1,1
29.934252438,1,0
29.934293878,1,1
29.934336394,1,0
29.934377824,1,1
29.934420344,1,0
29.934461778,1,1
29.934504292,1,0
29.934545722,1,1
29.934567026,0,1
29.934587256,0,0
29.934628694,0,1
29.934670218,0,0
29.934714122,0,1
29.934737424,1,1
29.934756628,1,0
29.934795094,1,1
29.934837612,1,0
29.934882498,1,1
29.934918520,1,0
29.950008404,1,1
29.950016980,1,0
29.950164208,0,0
29.950164234,0,1
29.950293176,0,0
29.950296494,1,0
29.950334618,1,1
29.950376144,1,0
29.950380894,0,0
29.950417590,0,1
29.950460106,0,0
29.950464002,1,0
29.950501544,1,1
29.950543070,1,0
29.950584508,1,1
29.950626038,1,0
29.950630488,0,0
29.950667486,0,1
29.950710000,0,0
29.950713588,1,0
29.950751438,1,1
29.950792966,1,0
29.950834402,1,1
29.950875926,1,0
29.950917366,1,1
29.950960372,1,0
29.951001804,1,1
29.951044312,1,0
29.951085746,1,1
29.951118894,0,1
29.951132212,0,0
29.951173658,0,1
29.951196966,1,1
29.951469004,0,1
29.951480838,0,0
29.951523752,0,1
29.951565274,0,0
29.951606714,0,1
29.951630018,1,1
29.951649224,1,0
29.951690652,1,1
29.951711956,0,1
29.951732188,0,0
29.951773626,0,1
29.951796926,1,1
29.951816134,1,0
29.951857568,1,1
29.951900082,1,0
29.951941512,1,1
29.951984032,1,0
29.952025462,1,1
29.952067976,1,0
29.952109406,1,1
29.952151922,1,0
29.952195818,1,1
29.952238338,1,0
29.952276806,1,1
29.952319322,1,0
29.952364212,1,1
29.952386892,1,0
29.952534120,0,0
29.952534146,0,1
29.952583552,0,0
29.952624998,0,1
29.952667516,0,0
29.952708958,0,1
29.952751472,0,0
29.952792920,0,1
29.952835436,0,0
29.952876880,0,1
29.952919398,0,0
29.952960848,0,1
29.953003360,0,0
29.953044802,0,1
29.953087318,0,0
29.953128762,0,1
29.953171280,0,0
29.953212724,0,1
29.953256716,0,0
29.953260260,1,0
29.953298156,1,1
29.953340668,1,0
29.953382104,1,1
29.953415254,0,1
29.953428574,0,0
29.953470024,0,1
29.953493328,1,1
29.953836772,0,1
29.953848586,0,0
29.953891430,0,1
29.953932890,0,0
29.953974250,0,1
29.953997516,1,1
29.954016692,1,0
29.954058048,1,1
29.954079318,0,1
29.954099512,0,0
29.954140868,0,1
29.954164128,1,1
29.954183302,1,0
29.954224652,1,1
29.954267098,1,0
29.954308450,1,1
29.954350896,1,0
29.954392236,1,1
29.954434674,1,0
29.954476034,1,1
29.954518490,1,0
29.954562302,1,1
29.954604756,1,0
29.954643168,1,1
29.954685638,1,0
29.954730462,1,1
29.954749176,1,0
29.963166992,1,1
29.971399262,1,0
29.979816870,1,1
29.981604142,0,1
29.981615954,0,0
29.981658784,0,1
29.981700232,0,0
29.981741586,0,1
29.981783034,0,0
29.981824384,0,1
29.981865832,0,0
29.981907184,0,1
29.981948634,0,0
29.981989984,0,1
29.982013246,1,1
29.982032420,1,0
29.982073770,1,1
29.982116208,1,0
29.982157556,1,1
29.982200004,1,0
29.982241364,1,1
29.982283816,1,0
29.982327636,1,1
29.982370072,1,0
29.982408456,1,1
29.982450892,1,0
29.982495682,1,1
29.986128262,0,1
29.986140072,0,0
29.986182896,0,1
29.986224342,0,0
29.986265684,0,1
29.986307126,0,0
29.986348466,0,1
29.986371720,1,1
29.986390892,1,0
29.986432228,1,1
29.986453494,0,1
29.986473686,0,0
29.986515036,0,1
29.986538292,1,1
29.986557468,1,0
29.986598812,1,1
29.986641238,1,0
29.986682586,1,1
29.986703854,0,1
29.986724052,0,0
29.986765400,0,1
29.986806842,0,0
29.986850654,0,1
29.986892100,0,0
29.986930486,0,1
29.986953744,1,1
29.986972916,1,0
29.987017708,1,1
29.987034196,1,0
29.997940776,1,1
30.000241128,0,1
30.000252940,0,0
30.000295766,0,1
30.000337216,0,0
30.000378566,0,1
30.000420016,0,0
30.000461364,0,1
30.000502814,0,0
30.000544160,0,1
30.000585610,0,0
30.000626968,0,1
30.000650226,1,1
30.000669402,1,0
30.000710752,1,1
30.000753190,1,0
30.000794536,1,1
30.000836980,1,0
30.000878326,1,1
30.000920764,1,0
30.000964578,1,1
30.001007016,1,0
30.001045404,1,1
30.001087842,1,0
30.001132640,1,1
30.004764306,0,1
30.004776118,0,0
30.004818946,0,1
30.004860396,0,0
30.004901744,0,1
30.004943192,0,0
30.004984544,0,1
30.005007800,1,1
30.005026974,1,0
30.005068322,1,1
30.005110760,1,0
30.005152104,1,1
30.005194544,1,0
30.005235886,1,1
30.005278322,1,0
30.005319664,1,1
30.005340930,0,1
30.005361120,0,0
30.005402470,0,1
30.005443922,0,0
30.005487740,0,1
30.005511000,1,1
30.005530174,1,0
30.005568560,1,1
30.005611006,1,0
30.005655800,1,1
30.005672674,1,0
30.021953918,1,1
30.022149502,0,1
30.022161312,0,0
30.022204138,0,1
30.022245586,0,0
30.022286936,0,1
30.022328382,0,0
30.022369730,0,1
30.022411180,0,0
30.022452528,0,1
30.022493978,0,0
30.022535326,0,1
30.022558582,1,1
30.022577756,1,0
30.022619102,1,1
30.022661540,1,0
30.022702884,1,1
30.022745322,1,0
30.022786666,1,1
30.022829104,1,0
30.022872912,1,1
30.022915348,1,0
30.022953736,1,1
30.022996170,1,0
30.023040964,1,1
30.026672694,0,1
30.026684506,0,0
30.026727334,0,1
30.026750588,1,1
30.026769762,1,0
30.026811104,1,1
30.026832372,0,1
30.026852562,0,0
30.026893898,0,1
30.026917148,1,1
30.026936322,1,0
30.026977670,1,1
30.026998940,0,1
30.027019132,0,0
30.027060474,0,1
30.027083730,1,1
30.027102904,1,0
30.027144244,1,1
30.027186684,1,0
30.027228030,1,1
30.027249294,0,1
30.027269484,0,0
30.027310834,0,1
30.027352282,0,0
30.027396092,0,1
30.027419350,1,1
30.027438526,1,0
30.027476916,1,1
30.027519352,1,0
30.027564148,1,1
30.027580412,1,0
30.037954532,1,1
30.039007648,0,1
30.039019458,0,0
30.039062282,0,1
30.039085538,1,1
30.039104712,1,0
30.039146056,1,1
30.039167318,0,1
30.039187506,0,0
30.039228854,0,1
30.039252110,1,1
30.039271284,1,0
30.039312628,1,1
30.039333892,0,1
30.039354082,0,0
30.039395430,0,1
30.039418684,1,1
30.039437860,1,0
30.039479204,1,1
30.039521642,1,0
30.039562984,1,1
30.039584252,0,1
30.039604444,0,0
30.039645794,0,1
30.039687238,0,0
30.039731048,0,1
30.039754304,1,1
30.039773480,1,0
30.039811868,1,1
30.039854302,1,0
30.039899096,1,1
30.039934120,1,0
30.053942716,1,1
30.056260156,0,1
30.056271968,0,0
30.056314790,0,1
30.056356236,0,0
30.056397578,0,1
30.056439024,0,0
30.056480370,0,1
30.056503628,1,1
30.056522800,1,0
30.056564142,1,1
30.056585408,0,1
30.056605600,0,0
30.056646944,0,1
30.056670200,1,1
30.056689374,1,0
30.056730716,1,1
30.056773148,1,0
30.056814488,1,1
30.056835754,0,1
30.056855944,0,0
30.056897292,0,1
30.056938738,0,0
30.056982550,0,1
30.057023996,0,0
30.057062384,0,1
30.057085644,1,1
30.057104816,1,0
30.057149610,1,1
30.057185424,1,0
30.069943266,1,1
30.078175480,1,0
30.086603636,1,1
30.094834596,1,0
30.103252540,1,1
30.111496414,1,0
30.119914936,1,1
30.128147584,1,0
30.136576560,1,1
30.144809602,1,0
30.153227810,1,1
30.161459804,1,0
30.169889910,1,1
30.178122422,1,0
30.186540484,1,1
30.194783936,1,0
30.203201982,1,1
30.211434270,1,0
30.219863768,1,1
30.228096056,1,0
30.236513262,1,1
30.244745162,1,0
30.253174448,1,1
30.261406844,1,0
30.269824664,1,1
30.278068644,1,0
30.286486736,1,1
30.294718824,1,0
30.303148728,1,1
30.311380974,1,0
30.319799536,1,1
30.328031378,1,0
30.336461056,1,1
30.344693464,1,0
30.353111740,1,1
30.361355926,1,0
30.369774598,1,1
30.378006790,1,0
30.386436132,1,1
30.388523304,0,1
30.388535110,0,0
30.388577918,0,1
30.388619354,0,0
30.388660686,0,1
30.388702120,0,0
30.388743452,0,1
30.388784886,0,0
30.388826222,0,1
30.388867658,0,0
30.388908992,0,1
30.388932238,1,1
30.388951406,1,0
30.388992734,1,1
30.389035158,1,0
30.389076484,1,1
30.389118912,1,0
30.389160242,1,1
30.389202664,1,0
30.389246458,1,1
30.389288884,1,0
30.389327254,1,1
30.389369680,1,0
30.389414460,1,1
30.393045998,0,1
30.393057804,0,0
30.393100614,0,1
30.393142046,0,0
30.393183378,0,1
30.393224812,0,0
30.393266140,0,1
30.393289388,1,1
30.393308554,1,0
30.393349878,1,1
30.393371136,0,1
30.393391318,0,0
30.393432654,0,1
30.393455902,1,1
30.393475068,1,0
30.393516392,1,1
30.393558812,1,0
30.393600140,1,1
30.393621398,0,1
30.393641578,0,0
30.393682910,0,1
30.393724342,0,0
30.393768134,0,1
30.393809566,0,0
30.393847942,0,1
30.393871190,1,1
30.393890356,1,0
30.393935124,1,1
30.393951640,1,0
30.405941050,1,1
30.414184990,1,0
30.422658386,1,1
30.422666964,1,0
30.422814182,0,0
30.422814208,0,1
30.423717518,0,0
30.423721776,1,0
30.423758856,1,1
30.423800294,1,0
30.423804502,0,0
30.423841636,0,1
30.423884058,0,0
30.423887596,1,0
30.423925388,1,1
30.423966822,1,0
30.424008150,1,1
30.424049580,1,0
30.424054068,0,0
30.424090918,0,1
30.424133338,0,0
30.424137168,1,0
30.424174672,1,1
30.424216108,1,0
30.424257440,1,1
30.424298872,1,0
30.424340200,1,1
30.424383118,1,0
30.424424454,1,1
30.424466880,1,0
30.424508222,1,1
30.424541306,0,1
30.424554596,0,0
30.424595944,0,1
30.424619200,1,1
30.424890618,0,1
30.424902424,0,0
30.424945230,0,1
30.424986666,0,0
30.425027996,0,1
30.425051246,1,1
30.425070416,1,0
30.425111742,1,1
30.425133004,0,1
30.425153186,0,0
30.425194520,0,1
30.425217764,1,1
30.425236934,1,0
30.425278260,1,1
30.425320688,1,0
30.425362016,1,1
30.425404442,1,0
30.425445772,1,1
30.425488194,1,0
30.425529514,1,1
30.425571938,1,0
30.425615730,1,1
30.425658150,1,0
30.425696524,1,1
30.425738944,1,0
30.425783716,1,1
30.425806526,1,0
30.425953740,0,0
30.425953766,0,1
30.426002544,0,0
30.426043886,0,1
30.426086312,0,0
30.426127650,0,1
30.426170070,0,0
30.426173754,1,0
30.426211404,1,1
30.426252842,1,0
30.426256482,0,0
30.426294184,0,1
30.426336610,0,0
30.426377950,0,1
30.426420374,0,0
30.426461716,0,1
30.426504144,0,0
30.426545486,0,1
30.426587910,0,0
30.426629256,0,1
30.426673156,0,0
30.426714500,0,1
30.426753476,0,0
30.426755632,1,0
30.426794808,1,1
30.426827888,0,1
30.426841178,0,0
30.426882524,0,1
30.426905774,1,1
30.427244364,0,1
30.427256188,0,0
30.427299066,0,1
30.427340556,0,0
30.427381962,0,1
30.427405252,1,1
30.427424450,1,0
30.427465856,1,1
30.427487150,0,1
30.427507368,0,0
30.427548778,0,1
30.427572064,1,1
30.427591266,1,0
30.427632678,1,1
30.427675174,1,0
30.427716582,1,1
30.427759076,1,0
30.427800480,1,1
30.427842976,1,0
30.427884380,1,1
30.427926876,1,0
30.427970748,1,1
30.428013234,1,0
30.428051676,1,1
30.428094164,1,0
30.428139024,1,1
30.428157912,1,0
30.436576366,1,1
30.438062034,0,1
30.438073862,0,0
30.438116752,0,1
30.438158256,0,0
30.438199670,0,1
30.438241174,0,0
30.438282588,0,1
30.438324094,0,0
30.438365508,0,1
30.438407014,0,0
30.438448428,0,1
30.438471718,1,1
30.438490916,1,0
30.438532326,1,1
30.438574820,1,0
30.438616232,1,1
30.438658728,1,0
30.438700134,1,1
30.438742626,1,0
30.438786502,1,1
30.438829000,1,0
30.438867446,1,1
30.438909944,1,0
30.438954808,1,1
30.442591776,0,1
30.442603606,0,0
30.442646500,0,1
30.442669794,1,1
30.442688992,1,0
30.442730406,1,1
30.442751702,0,1
30.442771920,0,0
30.442813334,0,1
30.442836626,1,1
30.442855826,1,0
30.442897234,1,1
30.442918528,0,1
30.442938746,0,0
30.442980160,0,1
30.443003452,1,1
30.443022650,1,0
30.443064060,1,1
30.443106560,1,0
30.443147968,1,1
30.443169264,0,1
30.443189482,0,0
30.443230898,0,1
30.443272408,0,0
30.443316294,0,1
30.443339586,1,1
30.443358788,1,0
30.443397242,1,1
30.443439742,1,0
30.443484608,1,1
30.443501064,1,0
30.453941416,1,1
30.462173426,1,0
30.470603618,1,1
30.473306696,0,1
30.473318524,0,0
30.473361422,0,1
30.473384718,1,1
30.473403918,1,0
30.473445334,1,1
30.473466630,0,1
30.473486854,0,0
30.473528276,0,1
30.473551570,1,1
30.473570770,1,0
30.473612188,1,1
30.473633488,0,1
30.473653712,0,0
30.473695134,0,1
30.473718426,1,1
30.473737628,1,0
30.473779044,1,1
30.473821548,1,0
30.473862964,1,1
30.473884258,0,1
30.473904482,0,0
30.473945900,0,1
30.473987412,0,0
30.474031304,0,1
30.474054598,1,1
30.474073798,1,0
30.474112250,1,1
30.474154752,1,0
30.474199622,1,1
30.474234808,1,0
30.485941238,1,1
30.494174240,1,0
30.502603602,1,1
30.510836294,1,0
30.519254744,1,1
30.527498698,1,0
30.535916996,1,1
30.544149610,1,0
30.552578644,1,1
30.560810744,1,0
30.569228436,1,1
30.577460374,1,0
30.585889478,1,1
30.594121280,1,0
30.602538430,1,1
30.610781894,1,0
30.619199678,1,1
30.627431894,1,0
30.635861114,1,1
30.644093044,1,0
30.652510096,1,1
30.660742316,1,0
30.669171898,1,1
30.677404124,1,0
30.685822490,1,1
30.694066182,1,0
30.702484518,1,1
30.710716638,1,0
30.719145004,1,1
30.727376382,1,0
30.735793888,1,1
30.744024620,1,0
30.752508528,1,1
30.752517106,1,0
30.752664314,0,0
30.752664340,0,1
30.752792608,0,0
30.752796578,1,0
30.752834048,1,1
30.752875578,1,0
30.752879288,0,0
30.752917024,0,1
30.752959540,0,0
30.752962370,1,0
30.753000980,1,1
30.753042502,1,0
30.753083938,1,1
30.753125462,1,0
30.753130466,0,0
30.753166900,0,1
30.753209410,0,0
30.753213556,1,0
30.753250852,1,1
30.753292376,1,0
30.753333812,1,1
30.753375340,1,0
30.753416782,1,1
30.753459788,1,0
30.753501228,1,1
30.753543740,1,0
30.753585176,1,1
30.753618328,0,1
30.753631648,0,0
30.753673100,0,1
30.753696414,1,1
30.753968470,0,1
30.753980304,0,0
30.754023224,0,1
30.754064750,0,0
30.754106190,0,1
30.754129496,1,1
30.754148702,1,0
30.754190134,1,1
30.754211436,0,1
30.754231666,0,0
30.754273104,0,1
30.754296408,1,1
30.754315614,1,0
30.754357046,1,1
30.754399566,1,0
30.754441002,1,1
30.754483518,1,0
30.754524954,1,1
30.754567472,1,0
30.754608910,1,1
30.754651430,1,0
30.754695332,1,1
30.754737850,1,0
30.754776320,1,1
30.754818840,1,0
30.754863728,1,1
30.754886916,1,0
30.755034106,0,0
30.755034134,0,1
30.755083072,0,0
30.755124516,0,1
30.755167030,0,0
30.755208476,0,1
30.755250996,0,0
30.755292446,0,1
30.755334964,0,0
30.755376414,0,1
30.755418932,0,0
30.755460380,0,1
30.755502896,0,0
30.755544344,0,1
30.755586864,0,0
30.755628320,0,1
30.755670836,0,0
30.755712286,0,1
30.755756284,0,0
30.755760094,1,0
30.755797722,1,1
30.755840240,1,0
30.755881678,1,1
30.755914826,0,1
30.755928146,0,0
30.755969592,0,1
30.755992902,1,1
30.756336352,0,1
30.756348166,0,0
30.756391016,0,1
30.756432480,0,0
30.756473848,0,1
30.756497114,1,1
30.756516294,1,0
30.756557654,1,1
30.756578924,0,1
30.756599118,0,0
30.756640480,0,1
30.756663746,1,1
30.756682924,1,0
30.756724278,1,1
30.756766728,1,0
30.756808084,1,1
30.756850528,1,0
30.756891884,1,1
30.756934330,1,0
30.756975682,1,1
30.757018128,1,0
30.757061944,1,1
30.757104386,1,0
30.757142778,1,1
30.757185216,1,0
30.757230016,1,1
30.757248820,1,0
30.765666884,1,1
30.773898760,1,0
30.782317100,1,1
30.790559796,1,0
30.798977094,1,1
30.807208096,1,0
30.815636962,1,1
30.823868322,1,0
30.832286480,1,1
30.840529778,1,0
30.848947236,1,1
30.857179118,1,0
30.865597120,1,1
30.873840634,1,0
30.882259292,1,1
30.890491928,1,0
30.898921010,1,1
30.907152334,1,0
30.915569320,1,1
30.923812216,1,0
30.932229628,1,1
30.940461484,1,0
30.948879648,1,1
30.957124118,1,0
30.965542348,1,1
30.973774866,1,0
30.982203872,1,1
30.985821262,0,1
30.985833072,0,0
30.985875892,0,1
30.985899142,1,1
30.985918314,1,0
30.985959644,1,1
30.985980908,0,1
30.986001092,0,0
30.986042434,0,1
30.986065686,1,1
30.986084858,1,0
30.986126198,1,1
30.986147462,0,1
30.986167646,0,0
30.986208988,0,1
30.986232242,1,1
30.986251412,1,0
30.986292754,1,1
30.986335182,1,0
30.986376518,1,1
30.986397780,0,1
30.986417966,0,0
30.986459310,0,1
30.986500752,0,0
30.986544560,0,1
30.986567812,1,1
30.986586986,1,0
30.986625366,1,1
30.986667802,1,0
30.986712590,1,1
30.986739758,1,0
30.995158720,1,1
31.003390356,1,0
31.011819096,1,1
31.020050722,1,0
31.028467980,1,1
31.036699056,1,0
31.045127796,1,1
31.053360044,1,0
31.061777838,1,1
31.070021190,1,0
31.078438858,1,1
31.080347460,0,1
31.080359268,0,0
31.080402084,0,1
31.080443524,0,0
31.080484868,0,1
31.080526308,0,0
31.080567648,0,1
31.080609094,0,0
31.080650434,0,1
31.080691876,0,0
31.080733216,0,1
31.080756468,1,1
31.080775640,1,0
31.080816976,1,1
31.080859406,1,0
31.080900744,1,1
31.080943176,1,0
31.080984510,1,1
31.081026944,1,0
31.081070744,1,1
31.081113176,1,0
31.081151556,1,1
31.081193990,1,0
31.081238774,1,1
31.084869708,0,1
31.084881518,0,0
31.084924330,0,1
31.084947586,1,1
31.084966756,1,0
31.085008092,1,1
31.085029350,0,1
31.085049536,0,0
31.085090876,0,1
31.085114130,1,1
31.085133304,1,0
31.085174638,1,1
31.085195900,0,1
31.085216086,0,0
31.085257426,0,1
31.085280674,1,1
31.085299846,1,0
31.085341180,1,1
31.085383610,1,0
31.085424950,1,1
31.085446212,0,1
31.085466400,0,0
31.085507746,0,1
31.085549186,0,0
31.085592990,0,1
31.085616242,1,1
31.085635412,1,0
31.085673788,1,1
31.085716216,1,0
31.085761002,1,1
31.085777198,1,0
31.101950324,1,1
31.110203524,1,0
31.118655214,1,1
31.118663794,1,0
31.118811002,0,0
31.118811030,0,1
31.120061306,0,0
31.120064094,1,0
31.120102652,1,1
31.120144094,1,0
31.120148476,0,0
31.120185444,0,1
31.120227872,0,0
31.120231562,1,0
31.120269212,1,1
31.120310654,1,0
31.120351994,1,1
31.120393432,1,0
31.120398000,0,0
31.120434778,0,1
31.120477206,0,0
31.120481088,1,0
31.120518546,1,1
31.120559988,1,0
31.120601332,1,1
31.120642784,1,0
31.120684124,1,1
31.120727040,1,0
31.120768380,1,1
31.120810806,1,0
31.120852144,1,1
31.120885228,0,1
31.120898518,0,0
31.120939870,0,1
31.120963126,1,1
31.121234576,0,1
31.121246384,0,0
31.121289206,0,1
31.121330642,0,0
31.121371980,0,1
31.121395234,1,1
31.121414406,1,0
31.121455746,1,1
31.121477006,0,1
31.121497192,0,0
31.121538532,0,1
31.121561788,1,1
31.121580958,1,0
31.121622294,1,1
31.121664726,1,0
31.121706060,1,1
31.121748488,1,0
31.121789824,1,1
31.121832254,1,0
31.121873588,1,1
31.121916016,1,0
31.121959816,1,1
31.122002248,1,0
31.122040628,1,1
31.122083056,1,0
31.122127840,1,1
31.122150730,1,0
31.122297942,0,0
31.122297968,0,1
31.122346708,0,0
31.122388050,0,1
31.122430474,0,0
31.122471822,0,1
31.122514256,0,0
31.122517946,1,0
31.122555602,1,1
31.122597050,1,0
31.122600664,0,0
31.122638400,0,1
31.122680830,0,0
31.122722182,0,1
31.122764612,0,0
31.122805960,0,1
31.122848394,0,0
31.122889746,0,1
31.122932174,0,0
31.122973524,0,1
31.123017434,0,0
31.123058784,0,1
31.123097766,0,0
31.123099814,1,0
31.123139110,1,1
31.123172194,0,1
31.123185484,0,0
31.123226838,0,1
31.123250094,1,1
31.123588754,0,1
31.123600582,0,0
31.123643474,0,1
31.123684978,0,0
31.123726388,0,1
31.123749678,1,1
31.123768880,1,0
31.123810294,1,1
31.123831586,0,1
31.123851804,0,0
31.123893222,0,1
31.123916516,1,1
31.123935714,1,0
31.123977124,1,1
31.124019624,1,0
31.124061036,1,1
31.124103532,1,0
31.124144944,1,1
31.124187444,1,0
31.124228856,1,1
31.124271356,1,0
31.124315238,1,1
31.124357740,1,0
31.124396190,1,1
31.124438690,1,0
31.124483554,1,1
31.124501938,1,0
31.132919646,1,1
31.134530266,0,1
31.134542096,0,0
31.134585000,0,1
31.134608298,1,1
31.134627502,1,0
31.134668924,1,1
31.134690222,0,1
31.134710442,0,0
31.134751850,0,1
31.134775148,1,1
31.134794352,1,0
31.134835780,1,1
31.134857078,0,1
31.134877298,0,0
31.134918718,0,1
31.134942014,1,1
31.134961214,1,0
31.135002628,1,1
31.135045136,1,0
31.135086552,1,1
31.135107850,0,1
31.135128074,0,0
31.135169496,0,1
31.135211014,0,0
31.135254908,0,1
31.135278206,1,1
31.135297408,1,0
31.135335868,1,1
31.135378374,1,0
31.135423252,1,1
31.135447214,1,0
31.149949286,1,1
31.158180874,1,0
31.166598214,1,1
31.174840384,1,0
31.183257300,1,1
31.191488564,1,0
31.199916462,1,1
31.208147504,1,0
31.216564618,1,1
31.224795798,1,0
31.233224084,1,1
31.241455724,1,0
31.249872606,1,1
31.258115660,1,0
31.266533338,1,1
31.274764832,1,0
31.283193340,1,1
31.291424788,1,0
31.299842276,1,1
31.308073916,1,0
31.316503252,1,1
31.324735000,1,0
31.333152720,1,1
31.341395936,1,0
31.349813386,1,1
31.358044984,1,0
31.366473150,1,1
31.374703990,1,0
31.383121172,1,1
31.391352720,1,0
31.399781342,1,1
31.408012620,1,0
31.416429936,1,1
31.424672886,1,0
31.433090844,1,1
31.441378514,1,0
31.449808438,1,1
31.449817014,1,0
31.449964246,0,0
31.449964274,0,1
31.450739386,0,0
31.450742568,1,0
31.450780832,1,1
31.450822362,1,0
31.450826944,0,0
31.450863810,0,1
31.450906324,0,0
31.450910038,1,0
31.450947766,1,1
31.450989296,1,0
31.451030738,1,1
31.451072268,1,0
31.451076504,0,0
31.451113714,0,1
31.451156232,0,0
31.451159600,1,0
31.451197674,1,1
31.451239200,1,0
31.451280634,1,1
31.451322158,1,0
31.451363594,1,1
31.451406600,1,0
31.451448042,1,1
31.451490560,1,0
31.451532002,1,1
31.451565156,0,1
31.451578478,0,0
31.451619934,0,1
31.451643250,1,1
31.451915332,0,1
31.451927168,0,0
31.451970092,0,1
31.452011622,0,0
31.452053066,0,1
31.452076370,1,1
31.452095580,1,0
31.452137022,1,1
31.452158328,0,1
31.452178562,0,0
31.452220006,0,1
31.452243314,1,1
31.452262522,1,0
31.452303960,1,1
31.452346480,1,0
31.452387920,1,1
31.452430440,1,0
31.452471878,1,1
31.452514400,1,0
31.452555840,1,1
31.452598364,1,0
31.452642274,1,1
31.452684796,1,0
31.452723270,1,1
31.452765790,1,0
31.452810686,1,1
31.452833820,1,0
31.452981006,0,0
31.452981034,0,1
31.453030034,0,0
31.453071490,0,1
31.453114018,0,0
31.453155468,0,1
31.453197990,0,0
31.453239442,0,1
31.453281964,0,0
31.453323414,0,1
31.453365932,0,0
31.453407384,0,1
31.453449910,0,0
31.453491372,0,1
31.453533896,0,0
31.453575350,0,1
31.453617878,0,0
31.453659332,0,1
31.453703338,0,0
31.453707004,1,0
31.453744782,1,1
31.453787304,1,0
31.453828750,1,1
31.453861904,0,1
31.453875226,0,0
31.453916676,0,1
31.453939986,1,1
31.454283458,0,1
31.454295274,0,0
31.454338122,0,1
31.454379586,0,0
31.454420952,0,1
31.454444222,1,1
31.454463402,1,0
31.454504766,1,1
31.454526038,0,1
31.454546234,0,0
31.454587602,0,1
31.454610878,1,1
31.454630062,1,0
31.454671446,1,1
31.454713920,1,0
31.454755288,1,1
31.454797736,1,0
31.454839086,1,1
31.454881530,1,0
31.454922880,1,1
31.454965318,1,0
31.455009132,1,1
31.455051568,1,0
31.455089958,1,1
31.455132398,1,0
31.455177194,1,1
31.455195566,1,0
31.463613056,1,1
31.471845142,1,0
31.480263162,1,1
31.488506532,1,0
31.496924770,1,1
31.505156566,1,0
31.513585790,1,1
31.521817636,1,0
31.530236530,1,1
31.538480514,1,0
31.546899026,1,1
31.554210314,0,1
31.554222124,0,0
31.554264948,0,1
31.554306396,0,0
31.554347746,0,1
31.554389194,0,0
31.554430536,0,1
31.554453792,1,1
31.554472964,1,0
31.554514308,1,1
31.554556742,1,0
31.554598088,1,1
31.554640526,1,0
31.554681872,1,1
31.554724308,1,0
31.554765656,1,1
31.554786920,0,1
31.554807108,0,0
31.554848454,0,1
31.554889900,0,0
31.554933706,0,1
31.554956962,1,1
31.554976134,1,0
31.555014520,1,1
31.555056952,1,0
31.555101742,1,1
31.555137090,1,0
31.565938854,1,1
31.574170244,1,0
31.582599106,1,1
31.590830818,1,0
31.599248380,1,1
31.607491584,1,0
31.615909658,1,1
31.624141904,1,0
31.632571394,1,1
31.640804062,1,0
31.649222910,1,1
31.657522494,1,0
31.665940836,1,1
31.665949418,1,0
31.666096678,0,0
31.666096704,0,1
31.666874866,0,0
31.666878512,1,0
31.666916208,1,1
31.666957650,1,0
31.666961250,0,0
31.666998996,0,1
31.667041426,0,0
31.667044360,1,0
31.667082766,1,1
31.667124210,1,0
31.667165548,1,1
31.667206990,1,0
31.667210848,0,0
31.667248336,0,1
31.667290764,0,0
31.667293956,1,0
31.667332110,1,1
31.667373568,1,0
31.667414926,1,1
31.667456372,1,0
31.667497720,1,1
31.667540640,1,0
31.667581984,1,1
31.667624416,1,0
31.667665760,1,1
31.667698850,0,1
31.667712142,0,0
31.667753504,0,1
31.667776762,1,1
31.668048242,0,1
31.668060050,0,0
31.668102872,0,1
31.668144316,0,0
31.668185658,0,1
31.668208910,1,1
31.668228082,1,0
31.668269422,1,1
31.668290686,0,1
31.668310872,0,0
31.668352218,0,1
31.668375476,1,1
31.668394650,1,0
31.668435990,1,1
31.668478422,1,0
31.668519762,1,1
31.668562196,1,0
31.668603540,1,1
31.668645976,1,0
31.668687310,1,1
31.668729738,1,0
31.668773538,1,1
31.668815970,1,0
31.668854348,1,1
31.668896778,1,0
31.668941562,1,1
31.668964502,1,0
31.669111744,0,0
31.669111772,0,1
31.669160450,0,0
31.669201798,0,1
31.669244224,0,0
31.669285572,0,1
31.669328004,0,0
31.669331782,1,0
31.669369352,1,1
31.669410802,1,0
31.669414508,0,0
31.669452162,0,1
31.669494602,0,0
31.669535966,0,1
31.669578402,0,0
31.669619762,0,1
31.669662196,0,0
31.669703552,0,1
31.669745988,0,0
31.669787340,0,1
31.669831258,0,0
31.669872610,0,1
31.669911594,0,0
31.669913726,1,0
31.669952942,1,1
31.669986030,0,1
31.669999322,0,0
31.670040674,0,1
31.670063932,1,1
31.670402606,0,1
31.670414432,0,0
31.670457328,0,1
31.670498834,0,0
31.670540242,0,1
31.670563526,1,1
31.670582728,1,0
31.670624160,1,1
31.670645460,0,1
31.670665688,0,0
31.670707108,0,1
31.670730400,1,1
31.670749600,1,0
31.670791012,1,1
31.670833512,1,0
31.670874930,1,1
31.670917434,1,0
31.670958846,1,1
31.671001348,1,0
31.671042764,1,1
31.671085264,1,0
31.671129146,1,1
31.671171648,1,0
31.671210102,1,1
31.671252604,1,0
31.671297474,1,1
31.671316050,1,0
31.679735526,1,1
31.681371038,0,1
31.681382872,0,0
31.681425782,0,1
31.681467302,0,0
31.681508734,0,1
31.681550252,0,0
31.681591680,0,1
31.681633202,0,0
31.681674632,0,1
31.681716152,0,0
31.681757584,0,1
31.681780886,1,1
31.681800088,1,0
31.681841510,1,1
31.681884020,1,0
31.681925444,1,1
31.681967950,1,0
31.682009374,1,1
31.682051884,1,0
31.682095774,1,1
31.682138286,1,0
31.682176748,1,1
31.682219254,1,0
31.682264136,1,1
31.685902608,0,1
31.685914442,0,0
31.685957352,0,1
31.685980652,1,1
31.685999854,1,0
31.686041280,1,1
31.686062578,0,1
31.686082804,0,0
31.686124230,0,1
31.686147526,1,1
31.686166732,1,0
31.686208154,1,1
31.686229454,0,1
31.686249676,0,0
31.686291102,0,1
31.686314402,1,1
31.686333604,1,0
31.686375028,1,1
31.686417538,1,0
31.686458962,1,1
31.686480264,0,1
31.686500488,0,0
31.686541912,0,1
31.686583430,0,0
31.686627324,0,1
31.686650614,1,1
31.686669810,1,0
31.686708266,1,1
31.686750782,1,0
31.686795660,1,1
31.686812200,1,0
31.701948352,1,1
31.710180772,1,0
31.718599206,1,1
31.726642630,0,1
31.726654464,0,0
31.726697378,0,1
31.726720682,1,1
31.726739890,1,0
31.726781314,1,1
31.726802616,0,1
31.726822842,0,0
31.726864272,0,1
31.726887564,1,1
31.726906764,1,0
31.726948190,1,1
31.726969492,0,1
31.726989724,0,0
31.727031164,0,1
31.727054460,1,1
31.727073668,1,0
31.727115096,1,1
31.727157608,1,0
31.727199036,1,1
31.727220334,0,1
31.727240564,0,0
31.727281996,0,1
31.727323516,0,0
31.727367414,0,1
31.727390716,1,1
31.727409922,1,0
31.727448386,1,1
31.727490900,1,0
31.727535780,1,1
31.727571086,1,0
31.741949508,1,1
31.750182228,1,0
31.758600452,1,1
31.766844232,1,0
31.775262840,1,1
31.783495748,1,0
31.791925724,1,1
31.800213726,1,0
31.808631916,1,1
31.808640490,1,0
31.808787706,0,0
31.808787732,0,1
31.808906272,0,0
31.808910012,1,0
31.808947712,1,1
31.808989238,1,0
31.808992732,0,0
31.809030688,0,1
31.809073204,0,0
31.809077484,1,0
31.809114646,1,1
31.809156174,1,0
31.809197610,1,1
31.809239138,1,0
31.809243930,0,0
31.809280586,0,1
31.809323100,0,0
31.809327026,1,0
31.809364540,1,1
31.809406068,1,0
31.809447508,1,1
31.809489030,1,0
31.809530464,1,1
31.809573468,1,0
31.809614904,1,1
31.809657418,1,0
31.809698858,1,1
31.809732006,0,1
31.809745326,0,0
31.809786778,0,1
31.809810088,1,1
31.810082144,0,1
31.810093978,0,0
31.810136898,0,1
31.810178426,0,0
31.810219866,0,1
31.810243174,1,1
31.810262382,1,0
31.810303818,1,1
31.810325124,0,1
31.810345356,0,0
31.810386794,0,1
31.810410098,1,1
31.810429306,1,0
31.810470742,1,1
31.810513262,1,0
31.810554694,1,1
31.810597220,1,0
31.810638662,1,1
31.810681184,1,0
31.810722622,1,1
31.810765146,1,0
31.810809052,1,1
31.810851574,1,0
31.810890050,1,1
31.810932570,1,0
31.810977464,1,1
31.811000372,1,0
31.811147584,0,0
31.811147610,0,1
31.811196832,0,0
31.811238278,0,1
31.811280798,0,0
31.811322246,0,1
31.811364764,0,0
31.811406218,0,1
31.811448740,0,0
31.811490194,0,1
31.811532708,0,0
31.811574146,0,1
31.811616676,0,0
31.811658140,0,1
31.811700658,0,0
31.811742100,0,1
31.811784620,0,0
31.811826068,0,1
31.811870068,0,0
31.811873760,1,0
31.811911516,1,1
31.811954030,1,0
31.811995472,1,1
31.812028626,0,1
31.812041946,0,0
31.812083398,0,1
31.812106710,1,1
31.812450184,0,1
31.812461998,0,0
31.812504842,0,1
31.812546302,0,0
31.812587662,0,1
31.812610930,1,1
31.812630108,1,0
31.812671472,1,1
31.812692748,0,1
31.812712946,0,0
31.812754316,0,1
31.812777582,1,1
31.812796762,1,0
31.812838124,1,1
31.812880574,1,0
31.812921930,1,1
31.812964380,1,0
31.813005736,1,1
31.813048186,1,0
31.813089544,1,1
31.813131990,1,0
31.813175812,1,1
31.813218262,1,0
31.813256662,1,1
31.813299104,1,0
31.813343912,1,1
31.813362252,1,0
31.821780640,1,1
31.830012640,1,0
31.838430942,1,1
31.846674890,1,0
31.855093394,1,1
31.863326462,1,0
31.871756088,1,1
31.879988244,1,0
31.888406770,1,1
31.896650364,1,0
31.905069132,1,1
31.913302436,1,0
31.921721108,1,1
31.929964886,1,0
31.938383540,1,1
31.946615962,1,0
31.955046250,1,1
31.963279330,1,0
31.971698040,1,1
31.979941872,1,0
31.988359454,1,1
31.996591708,1,0
32.005009736,1,1
32.006250820,0,1
32.006262630,0,0
32.006305452,0,1
32.006346894,0,0
32.006388238,0,1
32.006429684,0,0
32.006471026,0,1
32.006512466,0,0
32.006553808,0,1
32.006595252,0,0
32.006636596,0,1
32.006659852,1,1
32.006679022,1,0
32.006720362,1,1
32.006762796,1,0
32.006804138,1,1
32.006846570,1,0
32.006887904,1,1
32.006930340,1,0
32.006974142,1,1
32.007016570,1,0
32.007054952,1,1
32.007097386,1,0
32.007142172,1,1
32.010773338,0,1
32.010785148,0,0
32.010827968,0,1
32.010869410,0,0
32.010910752,0,1
32.010952188,0,0
32.010993528,0,1
32.011016784,1,1
32.011035954,1,0
32.011077292,1,1
32.011119730,1,0
32.011161072,1,1
32.011203506,1,0
32.011244848,1,1
32.011287282,1,0
32.011328622,1,1
32.011349884,0,1
32.011370072,0,0
32.011411418,0,1
32.011452864,0,0
32.011496672,0,1
32.011519928,1,1
32.011539102,1,0
32.011577488,1,1
32.011619922,1,0
32.011664718,1,1
32.011680882,1,0
32.021947596,1,1
32.029690700,0,1
32.029702510,0,0
32.029745332,0,1
32.029786780,0,0
32.029828122,0,1
32.029869568,0,0
32.029910912,0,1
32.029934166,1,1
32.029953340,1,0
32.029994682,1,1
32.030037114,1,0
32.030078452,1,1
32.030120890,1,0
32.030162234,1,1
32.030204682,1,0
32.030246042,1,1
32.030267312,0,1
32.030287504,0,0
32.030328852,0,1
32.030370302,0,0
32.030414116,0,1
32.030437374,1,1
32.030456548,1,0
32.030494936,1,1
32.030537372,1,0
32.030582160,1,1
32.030617308,1,0
32.045949094,1,1
32.054181934,1,0
32.062600456,1,1
32.070844884,1,0
32.079264060,1,1
32.087496572,1,0
32.095926440,1,1
32.104158864,1,0
32.112577558,1,1
32.120809976,1,0
32.129240004,1,1
32.137472422,1,0
32.145891236,1,1
32.154135428,1,0
32.162554524,1,1
32.170787066,1,0
32.179217820,1,1
32.187450998,1,0
32.195870204,1,1
32.204103358,1,0
32.212533314,1,1
32.220765976,1,0
32.229185012,1,1
32.237428932,1,0
32.245847648,1,1
32.254079656,1,0
32.262509758,1,1
32.270742392,1,0
32.279161564,1,1
32.287394814,1,0
32.295825306,1,1
32.304059140,1,0
32.312532320,1,1
32.320777014,1,0
32.329195334,1,1
32.337427914,1,0
32.345912548,1,1
32.354144874,1,0
32.362563306,1,1
32.370807256,1,0
32.379280942,1,1
32.379289524,1,0
32.379436764,0,0
32.379436790,0,1
32.380228450,0,0
32.380231772,1,0
32.380269796,1,1
32.380311232,1,0
32.380316158,0,0
32.380352576,0,1
32.380395000,0,0
32.380399256,1,0
32.380436338,1,1
32.380477786,1,0
32.380519132,1,1
32.380560576,1,0
32.380564062,0,0
32.380601928,0,1
32.380644362,0,0
32.380647168,1,0
32.380685706,1,1
32.380727150,1,0
32.380768494,1,1
32.380809936,1,0
32.380851274,1,1
32.380894196,1,0
32.380935532,1,1
32.380977958,1,0
32.381019296,1,1
32.381052378,0,1
32.381065668,0,0
32.381107024,0,1
32.381130282,1,1
32.381401746,0,1
32.381413556,0,0
32.381456384,0,1
32.381497830,0,0
32.381539176,0,1
32.381562428,1,1
32.381581600,1,0
32.381622936,1,1
32.381644200,0,1
32.381664386,0,0
32.381705726,0,1
32.381728980,1,1
32.381748150,1,0
32.381789488,1,1
32.381831920,1,0
32.381873254,1,1
32.381915686,1,0
32.381957020,1,1
32.381999454,1,0
32.382040788,1,1
32.382083222,1,0
32.382127020,1,1
32.382169448,1,0
32.382207826,1,1
32.382250252,1,0
32.382295032,1,1
32.382317984,1,0
32.382465196,0,0
32.382465222,0,1
32.382513900,0,0
32.382555248,0,1
32.382597682,0,0
32.382639030,0,1
32.382681462,0,0
32.382685200,1,0
32.382722806,1,1
32.382764250,1,0
32.382767924,0,0
32.382805596,0,1
32.382848024,0,0
32.382889374,0,1
32.382931806,0,0
32.382973156,0,1
32.383015588,0,0
32.383056938,0,1
32.383099368,0,0
32.383140722,0,1
32.383184628,0,0
32.383225978,0,1
32.383264962,0,0
32.383267118,1,0
32.383306306,1,1
32.383339392,0,1
32.383352682,0,0
32.383394038,0,1
32.383417296,1,1
32.383755938,0,1
32.383767764,0,0
32.383810652,0,1
32.383852150,0,0
32.383893562,0,1
32.383916852,1,1
32.383936052,1,0
32.383977458,1,1
32.383998754,0,1
32.384018974,0,0
32.384060390,0,1
32.384083682,1,1
32.384102880,1,0
32.384144292,1,1
32.384186796,1,0
32.384228206,1,1
32.384270710,1,0
32.384312126,1,1
32.384354626,1,0
32.384396040,1,1
32.384438540,1,0
32.384482416,1,1
32.384524916,1,0
32.384563370,1,1
32.384605872,1,0
32.384650738,1,1
32.384669470,1,0
32.393087574,1,1
32.401320396,1,0
32.409739344,1,1
32.417983804,1,0
32.426402158,1,1
32.434634416,1,0
32.443064406,1,1
32.445141610,0,1
32.445153436,0,0
32.445196318,0,1
32.445237814,0,0
32.445279218,0,1
32.445320718,0,0
32.445362122,0,1
32.445403624,0,0
32.445445060,0,1
32.445486584,0,0
32.445528016,0,1
32.445551314,1,1
32.445570516,1,0
32.445611936,1,1
32.445654448,1,0
32.445695872,1,1
32.445738384,1,0
32.445779810,1,1
32.445822316,1,0
32.445866204,1,1
32.445908716,1,0
32.445947174,1,1
32.445989680,1,0
32.446034554,1,1
32.449672772,0,1
32.449684606,0,0
32.449727516,0,1
32.449750818,1,1
32.449770020,1,0
32.449811446,1,1
32.449832746,0,1
32.449852974,0,0
32.449894400,0,1
32.449917696,1,1
32.449936900,1,0
32.449978322,1,1
32.449999622,0,1
32.450019848,0,0
32.450061274,0,1
32.450084576,1,1
32.450103780,1,0
32.450145204,1,1
32.450187712,1,0
32.450229134,1,1
32.450250436,0,1
32.450270662,0,0
32.450312088,0,1
32.450353606,0,0
32.450397506,0,1
32.450420806,1,1
32.450440010,1,0
32.450478476,1,1
32.450520986,1,0
32.450565860,1,1
32.450583040,1,0
32.461949164,1,1
32.463495294,0,1
32.463507128,0,0
32.463550032,0,1
32.463591550,0,0
32.463632982,0,1
32.463674500,0,0
32.463715930,0,1
32.463757448,0,0
32.463798870,0,1
32.463840384,0,0
32.463881812,0,1
32.463905108,1,1
32.463924310,1,0
32.463965730,1,1
32.464008240,1,0
32.464049664,1,1
32.464092172,1,0
32.464133584,1,1
32.464176090,1,0
32.464219990,1,1
32.464262506,1,0
32.464300966,1,1
32.464343468,1,0
32.464388346,1,1
32.468026856,0,1
32.468038690,0,0
32.468081598,0,1
32.468123118,0,0
32.468164548,0,1
32.468206068,0,0
32.468247498,0,1
32.468270800,1,1
32.468290004,1,0
32.468331434,1,1
32.468373942,1,0
32.468415366,1,1
32.468457878,1,0
32.468499302,1,1
32.468541812,1,0
32.468583240,1,1
32.468604540,0,1
32.468624768,0,0
32.468666198,0,1
32.468707722,0,0
32.468751622,0,1
32.468774920,1,1
32.468794124,1,0
32.468832586,1,1
32.468875102,1,0
32.468919986,1,1
32.468936558,1,0
32.477937272,1,1
32.486180424,1,0
32.494599214,1,1
32.502832028,1,0
32.511262086,1,1
32.512512180,0,1
32.512524014,0,0
32.512566936,0,1
32.512590244,1,1
32.512609448,1,0
32.512650876,1,1
32.512672174,0,1
32.512692400,0,0
32.512733834,0,1
32.512757136,1,1
32.512776344,1,0
32.512817770,1,1
32.512839070,0,1
32.512859298,0,0
32.512900730,0,1
32.512924034,1,1
32.512943238,1,0
32.512984668,1,1
32.513027188,1,0
32.513068616,1,1
32.513089916,0,1
32.513110144,0,0
32.513151576,0,1
32.513193098,0,0
32.513236998,0,1
32.513260302,1,1
32.513279506,1,0
32.513317972,1,1
32.513360482,1,0
32.513405366,1,1
32.513440332,1,0
32.525937104,1,1
32.526327702,0,1
32.526339538,0,0
32.526382458,0,1
32.526423990,0,0
32.526465426,0,1
32.526506956,0,0
32.526548398,0,1
32.526571702,1,1
32.526590908,1,0
32.526632348,1,1
32.526674866,1,0
32.526716296,1,1
32.526758818,1,0
32.526800252,1,1
32.526842768,1,0
32.526884202,1,1
32.526905508,0,1
32.526925740,0,0
32.526967182,0,1
32.527008710,0,0
32.527052620,0,1
32.527075926,1,1
32.527095132,1,0
32.527133604,1,1
32.527176122,1,0
32.527221010,1,1
32.527255968,1,0
32.541938028,1,1
32.550170606,1,0
32.558599974,1,1
32.566832336,1,0
32.575306450,1,1
32.575315030,1,0
32.575462272,0,0
32.575462298,0,1
32.576250402,0,0
32.576253920,1,0
32.576291848,1,1
32.576333378,1,0
32.576338304,0,0
32.576374824,0,1
32.576417344,0,0
32.576421396,1,0
32.576458790,1,1
32.576500314,1,0
32.576541754,1,1
32.576583282,1,0
32.576587846,0,0
32.576624732,0,1
32.576667250,0,0
32.576670944,1,0
32.576708696,1,1
32.576750226,1,0
32.576791664,1,1
32.576833196,1,0
32.576874634,1,1
32.576917638,1,0
32.576959072,1,1
32.577001588,1,0
32.577043026,1,1
32.577076178,0,1
32.577089496,0,0
32.577130956,0,1
32.577154268,1,1
32.577426326,0,1
32.577438160,0,0
32.577481080,0,1
32.577522612,0,0
32.577564050,0,1
32.577587356,1,1
32.577606566,1,0
32.577648002,1,1
32.577669306,0,1
32.577689538,0,0
32.577730980,0,1
32.577754288,1,1
32.577773498,1,0
32.577814940,1,1
32.577857460,1,0
32.577898896,1,1
32.577941414,1,0
32.577982846,1,1
32.578025366,1,0
32.578066798,1,1
32.578109316,1,0
32.578153220,1,1
32.578195738,1,0
32.578234210,1,1
32.578276726,1,0
32.578321612,1,1
32.578345098,1,0
32.578492304,0,0
32.578492330,0,1
32.578540954,0,0
32.578582400,0,1
32.578624920,0,0
32.578666370,0,1
32.578708890,0,0
32.578750338,0,1
32.578792856,0,0
32.578834302,0,1
32.578876822,0,0
32.578918272,0,1
32.578960792,0,0
32.579002240,0,1
32.579044760,0,0
32.579086216,0,1
32.579128738,0,0
32.579170192,0,1
32.579214198,0,0
32.579216754,1,0
32.579255640,1,1
32.579298156,1,0
32.579339600,1,1
32.579372748,0,1
32.579386068,0,0
32.579427520,0,1
32.579450828,1,1
32.579794308,0,1
32.579806124,0,0
32.579848974,0,1
32.579890436,0,0
32.579931798,0,1
32.579955066,1,1
32.579974244,1,0
32.580015608,1,1
32.580036880,0,1
32.580057076,0,0
32.580098440,0,1
32.580121708,1,1
32.580140888,1,0
32.580182250,1,1
32.580224702,1,0
32.580266062,1,1
32.580308512,1,0
32.580349868,1,1
32.580392320,1,0
32.580433676,1,1
32.580476122,1,0
32.580519944,1,1
32.580562392,1,0
32.580600792,1,1
32.580643250,1,0
32.580688058,1,1
32.580707344,1,0
32.589125426,1,1
32.597358512,1,0
32.605777504,1,1
32.612612818,0,1
32.612624634,0,0
32.612667466,0,1
32.612708918,0,0
32.612750272,0,1
32.612791722,0,0
32.612833074,0,1
32.612874524,0,0
32.612915872,0,1
32.612957320,0,0
32.612998670,0,1
32.613021928,1,1
32.613041102,1,0
32.613082448,1,1
32.613124884,1,0
32.613166222,1,1
32.613208648,1,0
32.613249990,1,1
32.613292436,1,0
32.613336246,1,1
32.613378680,1,0
32.613417072,1,1
32.613459514,1,0
32.613504318,1,1
32.617136224,0,1
32.617148036,0,0
32.617190864,0,1
32.617232314,0,0
32.617273666,0,1
32.617315128,0,0
32.617356492,0,1
32.617379754,1,1
32.617398932,1,0
32.617440286,1,1
32.617482730,1,0
32.617524080,1,1
32.617566522,1,0
32.617607880,1,1
32.617650322,1,0
32.617691670,1,1
32.617712938,0,1
32.617733130,0,0
32.617774480,0,1
32.617815932,0,0
32.617859752,0,1
32.617883010,1,1
32.617902186,1,0
32.617940578,1,1
32.617983020,1,0
32.618027816,1,1
32.618044278,1,0
32.629936010,1,1
32.630495494,0,1
32.630507304,0,0
32.630550134,0,1
32.630591584,0,0
32.630632940,0,1
32.630674386,0,0
32.630715738,0,1
32.630757186,0,0
32.630798538,0,1
32.630839988,0,0
32.630881338,0,1
32.630904594,1,1
32.630923766,1,0
32.630965112,1,1
32.631007552,1,0
32.631048894,1,1
32.631091334,1,0
32.631132680,1,1
32.631175116,1,0
32.631218926,1,1
32.631261364,1,0
32.631299750,1,1
32.631342190,1,0
32.631386988,1,1
32.635018842,0,1
32.635030646,0,0
32.635073452,0,1
32.635096704,1,1
32.635115876,1,0
32.635157218,1,1
32.635178482,0,1
32.635198672,0,0
32.635240022,0,1
32.635263282,1,1
32.635282458,1,0
32.635323806,1,1
32.635345070,0,1
32.635365258,0,0
32.635406608,0,1
32.635429868,1,1
32.635449042,1,0
32.635490392,1,1
32.635532832,1,0
32.635574184,1,1
32.635595450,0,1
32.635615644,0,0
32.635656994,0,1
32.635698442,0,0
32.635742254,0,1
32.635765514,1,1
32.635784688,1,0
32.635823080,1,1
32.635865522,1,0
32.635910320,1,1
32.635926912,1,0
32.645936354,1,1
32.654180514,1,0
32.662599124,1,1
32.664841564,0,1
32.664853374,0,0
32.664896194,0,1
32.664919448,1,1
32.664938622,1,0
32.664979966,1,1
32.665001230,0,1
32.665021418,0,0
32.665062768,0,1
32.665086024,1,1
32.665105200,1,0
32.665146542,1,1
32.665167808,0,1
32.665187996,0,0
32.665229344,0,1
32.665252596,1,1
32.665271772,1,0
32.665313114,1,1
32.665355556,1,0
32.665396902,1,1
32.665418168,0,1
32.665438360,0,0
32.665479710,0,1
32.665521162,0,0
32.665564980,0,1
32.665588238,1,1
32.665607414,1,0
32.665645804,1,1
32.665688244,1,0
32.665733038,1,1
32.665768148,1,0
32.677947602,1,1
32.678319460,0,1
32.678331270,0,0
32.678374098,0,1
32.678415550,0,0
32.678456904,0,1
32.678498354,0,0
32.678539708,0,1
32.678562966,1,1
32.678582142,1,0
32.678623490,1,1
32.678665936,1,0
32.678707284,1,1
32.678749726,1,0
32.678791076,1,1
32.678833516,1,0
32.678874866,1,1
32.678896130,0,1
32.678916320,0,0
32.678957674,0,1
32.678999122,0,0
32.679042938,0,1
32.679066200,1,1
32.679085376,1,0
32.679123766,1,1
32.679166208,1,0
32.679211004,1,1
32.679246242,1,0
32.693935212,1,1
32.702167992,1,0
32.710653310,1,1
32.710661888,1,0
32.710809102,0,0
32.710809128,0,1
32.711604354,0,0
32.711607338,1,0
32.711645714,1,1
32.711687168,1,0
32.711691720,0,0
32.711728530,0,1
32.711770970,0,0
32.711774814,1,0
32.711812320,1,1
32.711853776,1,0
32.711895130,1,1
32.711936582,1,0
32.711941282,0,0
32.711977942,0,1
32.712020382,0,0
32.712024386,1,0
32.712061730,1,1
32.712103180,1,0
32.712144530,1,1
32.712185982,1,0
32.712227334,1,1
32.712270258,1,0
32.712311602,1,1
32.712354038,1,0
32.712395386,1,1
32.712428474,0,1
32.712441764,0,0
32.712483128,0,1
32.712506394,1,1
32.712777914,0,1
32.712789726,0,0
32.712832550,0,1
32.712874000,0,0
32.712915350,0,1
32.712938606,1,1
32.712957778,1,0
32.712999122,1,1
32.713020388,0,1
32.713040578,0,0
32.713081932,0,1
32.713105192,1,1
32.713124366,1,0
32.713165716,1,1
32.713208154,1,0
32.713249496,1,1
32.713291934,1,0
32.713333280,1,1
32.713375716,1,0
32.713417062,1,1
32.713459502,1,0
32.713503310,1,1
32.713545750,1,0
32.713584136,1,1
32.713626578,1,0
32.713671370,1,1
32.713694212,1,0
32.713841436,0,0
32.713841462,0,1
32.713890288,0,0
32.713931646,0,1
32.713974084,0,0
32.714015438,0,1
32.714057878,0,0
32.714061470,1,0
32.714099232,1,1
32.714140686,1,0
32.714144192,0,0
32.714182042,0,1
32.714224482,0,0
32.714265844,0,1
32.714308284,0,0
32.714349646,0,1
32.714392082,0,0
32.714433438,0,1
32.714475878,0,0
32.714517236,0,1
32.714561152,0,0
32.714602516,0,1
32.714641510,0,0
32.714643384,1,0
32.714682866,1,1
32.714715958,0,1
32.714729252,0,0
32.714770616,0,1
32.714793878,1,1
32.715132606,0,1
32.715144434,0,0
32.715187334,0,1
32.715228844,0,0
32.715270266,0,1
32.715293560,1,1
32.715312760,1,0
32.715354174,1,1
32.715375472,0,1
32.715395696,0,0
32.715437122,0,1
32.715460420,1,1
32.715479622,1,0
32.715521048,1,1
32.715563558,1,0
32.715604980,1,1
32.715647494,1,0
32.715688918,1,1
32.715731422,1,0
32.715772844,1,1
32.715815356,1,0
32.715859244,1,1
32.715901752,1,0
32.715940212,1,1
32.715982718,1,0
32.716027596,1,1
32.716047556,1,0
32.724465714,1,1
32.732698700,1,0
32.741116904,1,1
32.749360672,1,0
32.757779286,1,1
32.766012130,1,0
32.774441152,1,1
32.780157052,0,1
32.780168888,0,0
32.780211806,0,1
32.780253332,0,0
32.780294770,0,1
32.780336296,0,0
32.780377734,0,1
32.780419262,0,0
32.780460700,0,1
32.780502228,0,0
32.780543668,0,1
32.780566974,1,1
32.780586180,1,0
32.780627620,1,1
32.780670142,1,0
32.780711578,1,1
32.780754098,1,0
32.780795534,1,1
32.780838056,1,0
32.780881960,1,1
32.780924484,1,0
32.780962954,1,1
32.781005476,1,0
32.781050370,1,1
32.784689566,0,1
32.784701402,0,0
32.784744320,0,1
32.784785846,0,0
32.784827286,0,1
32.784868812,0,0
32.784910248,0,1
32.784933554,1,1
32.784952760,1,0
32.784994196,1,1
32.785036714,1,0
32.785078150,1,1
32.785120672,1,0
32.785162106,1,1
32.785204624,1,0
32.785246060,1,1
32.785267362,0,1
32.785287594,0,0
32.785329030,0,1
32.785370560,0,0
32.785414466,0,1
32.785437770,1,1
32.785456978,1,0
32.785495452,1,1
32.785537970,1,0
32.785582862,1,1
32.785599064,1,0
32.797947792,1,1
32.800653920,0,1
32.800665756,0,0
32.800708680,0,1
32.800750212,0,0
32.800791656,0,1
32.800833186,0,0
32.800874628,0,1
32.800916158,0,0
32.800957600,0,1
32.800999128,0,0
32.801040570,0,1
32.801063880,1,1
32.801083086,1,0
32.801124524,1,1
32.801167042,1,0
32.801208482,1,1
32.801251006,1,0
32.801292444,1,1
32.801334968,1,0
32.801378880,1,1
32.801421402,1,0
32.801459880,1,1
32.801502402,1,0
32.801547296,1,1
32.805186562,0,1
32.805198398,0,0
32.805241318,0,1
32.805264624,1,1
32.805283830,1,0
32.805325264,1,1
32.805346568,0,1
32.805366798,0,0
32.805408242,0,1
32.805431554,1,1
32.805450762,1,0
32.805492204,1,1
32.805513512,0,1
32.805533744,0,0
32.805575190,0,1
32.805598498,1,1
32.805617708,1,0
32.805659148,1,1
32.805701670,1,0
32.805743108,1,1
32.805764414,0,1
32.805784646,0,0
32.805826088,0,1
32.805867620,0,0
32.805911532,0,1
32.805934842,1,1
32.805954052,1,0
32.805992528,1,1
32.806035054,1,0
32.806079952,1,1
32.806096130,1,0
32.821936034,1,1
32.829670244,0,1
32.829682082,0,0
32.829725004,0,1
32.829748312,1,1
32.829767520,1,0
32.829808962,1,1
32.829830266,0,1
32.829850500,0,0
32.829891938,0,1
32.829915244,1,1
32.829934454,1,0
32.829975892,1,1
32.829997198,0,1
32.830017428,0,0
32.830058868,0,1
32.830082174,1,1
32.830101382,1,0
32.830142820,1,1
32.830185338,1,0
32.830226778,1,1
32.830248082,0,1
32.830268312,0,0
32.830309756,0,1
32.830351288,0,0
32.830395202,0,1
32.830418512,1,1
32.830437720,1,0
32.830476198,1,1
32.830518718,1,0
32.830563612,1,1
32.830599166,1,0
32.845947566,1,1
32.846696360,0,1
32.846708198,0,0
32.846751126,0,1
32.846792658,0,0
32.846834106,0,1
32.846875640,0,0
32.846917086,0,1
32.846940394,1,1
32.846959606,1,0
32.847001048,1,1
32.847043574,1,0
32.847085014,1,1
32.847127540,1,0
32.847168980,1,1
32.847211508,1,0
32.847252946,1,1
32.847274252,0,1
32.847294482,0,0
32.847335924,0,1
32.847377454,0,0
32.847421366,0,1
32.847444674,1,1
32.847463882,1,0
32.847502358,1,1
32.847544886,1,0
32.847589782,1,1
32.847613810,1,0
32.861946214,1,1
32.861954792,1,0
32.862102016,0,0
32.862102044,0,1
32.862227232,0,0
32.862230974,1,0
32.862268682,1,1
32.862310222,1,0
32.862313698,0,0
32.862351678,0,1
32.862394202,0,0
32.862398460,1,0
32.862435652,1,1
32.862477186,1,0
32.862518634,1,1
32.862560170,1,0
32.862564942,0,0
32.862601626,0,1
32.862644150,0,0
32.862648040,1,0
32.862685600,1,1
32.862727136,1,0
32.862768584,1,1
32.862810118,1,0
32.862851564,1,1
32.862894576,1,0
32.862936018,1,1
32.862978536,1,0
32.863019980,1,1
32.863053130,0,1
32.863066452,0,0
32.863107914,0,1
32.863131226,1,1
32.863403326,0,1
32.863415164,0,0
32.863458088,0,1
32.863499620,0,0
32.863541064,0,1
32.863564370,1,1
32.863583580,1,0
32.863625026,1,1
32.863646332,0,1
32.863666568,0,0
32.863708014,0,1
32.863731324,1,1
32.863750534,1,0
32.863791978,1,1
32.863834502,1,0
32.863875946,1,1
32.863918470,1,0
32.863959910,1,1
32.864002430,1,0
32.864043872,1,1
32.864086392,1,0
32.864130302,1,1
32.864172826,1,0
32.864211306,1,1
32.864253830,1,0
32.864298730,1,1
32.864321528,1,0
32.864468754,0,0
32.864468782,0,1
32.864518118,0,0
32.864559568,0,1
32.864602094,0,0
32.864643546,0,1
32.864686072,0,0
32.864727530,0,1
32.864770052,0,0
32.864811512,0,1
32.864854036,0,0
32.864895492,0,1
32.864938018,0,0
32.864979470,0,1
32.865021996,0,0
32.865063448,0,1
32.865105974,0,0
32.865147428,0,1
32.865191436,0,0
32.865194956,1,0
32.865232884,1,1
32.865275404,1,0
32.865316852,1,1
32.865350008,0,1
32.865363328,0,0
32.865404788,0,1
32.865428098,1,1
32.865771608,0,1
32.865783426,0,0
32.865826280,0,1
32.865867748,0,0
32.865909116,0,1
32.865932386,1,1
32.865951566,1,0
32.865992934,1,1
32.866014210,0,1
32.866034408,0,0
32.866075774,0,1
32.866099042,1,1
32.866118222,1,0
32.866159584,1,1
32.866202038,1,0
32.866243400,1,1
32.866285854,1,0
32.866327216,1,1
32.866369668,1,0
32.866411032,1,1
32.866453486,1,0
32.866497316,1,1
32.866539768,1,0
32.866578174,1,1
32.866620628,1,0
32.866665446,1,1
32.866684296,1,0
32.875102470,1,1
32.883334628,1,0
32.891753336,1,1
32.899997248,1,0
32.908415430,1,1
32.916648170,1,0
32.925077638,1,1
32.933310032,1,0
32.941728086,1,1
32.949971452,1,0
32.958389176,1,1
32.958433464,0,1
32.958445294,0,0
32.958488190,0,1
32.958529704,0,0
32.958571122,0,1
32.958612636,0,0
32.958654060,0,1
32.958695568,0,0
32.958736984,0,1
32.958778496,0,0
32.958819912,0,1
32.958843204,1,1
32.958862402,1,0
32.958903818,1,1
32.958946314,1,0
32.958987716,1,1
32.959030206,1,0
32.959071610,1,1
32.959114094,1,0
32.959157960,1,1
32.959200446,1,0
32.959238880,1,1
32.959281362,1,0
32.959326212,1,1
32.962961754,0,1
32.962973580,0,0
32.963016454,0,1
32.963057942,0,0
32.963099338,0,1
32.963140832,0,0
32.963182234,0,1
32.963205520,1,1
32.963224714,1,0
32.963266110,1,1
32.963308590,1,0
32.963349986,1,1
32.963392472,1,0
32.963433868,1,1
32.963476346,1,0
32.963517738,1,1
32.963539024,0,1
32.963559234,0,0
32.963600622,0,1
32.963642100,0,0
32.963685964,0,1
32.963709252,1,1
32.963728448,1,0
32.963766884,1,1
32.963809366,1,0
32.963854208,1,1
32.963870692,1,0
32.973945226,1,1
32.982176638,1,0
32.990594504,1,1
32.993105960,0,1
32.993117786,0,0
32.993160670,0,1
32.993202162,0,0
32.993243560,0,1
32.993285058,0,0
32.993326464,0,1
32.993367966,0,0
32.993409374,0,1
32.993450874,0,0
32.993492280,0,1
32.993515568,1,1
32.993534762,1,0
32.993576162,1,1
32.993618648,1,0
32.993660050,1,1
32.993702538,1,0
32.993743938,1,1
32.993786430,1,0
32.993830300,1,1
32.993872786,1,0
32.993911226,1,1
32.993953714,1,0
32.993998564,1,1
32.997632184,0,1
32.997644000,0,0
32.997686846,0,1
32.997710112,1,1
32.997729296,1,0
32.997770664,1,1
32.997791938,0,1
32.997812138,0,0
32.997853512,0,1
32.997876786,1,1
32.997895968,1,0
32.997937332,1,1
32.997958604,0,1
32.997978810,0,0
32.998020180,0,1
32.998043446,1,1
32.998062624,1,0
32.998103994,1,1
32.998146454,1,0
32.998187828,1,1
32.998209102,0,1
32.998229306,0,0
32.998270680,0,1
32.998312156,0,0
32.998355994,0,1
32.998379268,1,1
32.998398450,1,0
32.998436860,1,1
32.998479318,1,0
32.998524138,1,1
32.998540342,1,0
33.014001362,1,1
33.014009942,1,0
33.014157162,0,0
33.014157190,0,1
33.015097890,0,0
33.015101366,1,0
33.015139270,1,1
33.015180738,1,0
33.015185752,0,0
33.015222120,0,1
33.015264576,0,0
33.015268846,1,0
33.015305948,1,1
33.015347416,1,0
33.015388790,1,1
33.015430258,1,0
33.015433662,0,0
33.015471630,0,1
33.015514084,0,0
33.015518432,1,0
33.015555454,1,1
33.015596922,1,0
33.015638292,1,1
33.015679762,1,0
33.015721132,1,1
33.015764080,1,0
33.015805448,1,1
33.015847900,1,0
33.015889264,1,1
33.015922368,0,1
33.015935664,0,0
33.015977034,0,1
33.016000300,1,1
33.016271938,0,1
33.016283754,0,0
33.016326606,0,1
33.016368070,0,0
33.016409440,0,1
33.016432708,1,1
33.016451890,1,0
33.016493254,1,1
33.016514528,0,1
33.016534726,0,0
33.016576096,0,1
33.016599362,1,1
33.016618548,1,0
33.016659914,1,1
33.016702368,1,0
33.016743730,1,1
33.016786184,1,0
33.016827550,1,1
33.016870002,1,0
33.016911362,1,1
33.016953820,1,0
33.016997652,1,1
33.017040112,1,0
33.017078522,1,1
33.017120982,1,0
33.017165800,1,1
33.017188728,1,0
33.017335930,0,0
33.017335958,0,1
33.017384822,0,0
33.017426204,0,1
33.017468660,0,0
33.017510040,0,1
33.017552500,0,0
33.017555920,1,0
33.017593874,1,1
33.017635344,1,0
33.017640304,0,0
33.017676722,0,1
33.017719180,0,0
33.017760562,0,1
33.017803020,0,0
33.017844404,0,1
33.017886862,0,0
33.017928246,0,1
33.017970702,0,0
33.018012086,0,1
33.018056024,0,0
33.018097408,0,1
33.018136414,0,0
33.018139392,1,0
33.018177792,1,1
33.018210896,0,1
33.018224194,0,0
33.018265564,0,1
33.018288834,1,1
33.018627746,0,1
33.018639580,0,0
33.018682502,0,1
33.018724036,0,0
33.018765478,0,1
33.018788786,1,1
33.018807998,1,0
33.018849436,1,1
33.018870742,0,1
33.018890976,0,0
33.018932424,0,1
33.018955734,1,1
33.018974944,1,0
33.019016384,1,1
33.019058914,1,0
33.019100358,1,1
33.019142880,1,0
33.019184322,1,1
33.019226848,1,0
33.019268290,1,1
33.019310818,1,0
33.019354732,1,1
33.019397260,1,0
33.019435740,1,1
33.019478270,1,0
33.019523168,1,1
33.019541552,1,0
33.027959008,1,1
33.029444782,0,1
33.029456620,0,0
33.029499560,0,1
33.029522874,1,1
33.029542088,1,0
33.029583540,1,1
33.029604850,0,1
33.029625086,0,0
33.029666542,0,1
33.029689854,1,1
33.029709068,1,0
33.029750516,1,1
33.029771826,0,1
33.029792064,0,0
33.029833518,0,1
33.029856830,1,1
33.029876042,1,0
33.029917488,1,1
33.029960020,1,0
33.030001466,1,1
33.030022772,0,1
33.030043010,0,0
33.030084462,0,1
33.030126002,0,0
33.030169920,0,1
33.030193232,1,1
33.030212446,1,0
33.030250926,1,1
33.030293460,1,0
33.030338368,1,1
33.030373676,1,0
33.045933524,1,1
33.046367930,0,1
33.046379782,0,0
33.046422766,0,1
33.046464350,0,0
33.046505850,0,1
33.046547432,0,0
33.046588930,0,1
33.046612268,1,1
33.046631490,1,0
33.046672968,1,1
33.046715522,1,0
33.046756990,1,1
33.046799538,1,0
33.046841010,1,1
33.046883574,1,0
33.046925056,1,1
33.046946378,0,1
33.046966632,0,0
33.047008112,0,1
33.047049672,0,0
33.047093614,0,1
33.047116940,1,1
33.047136158,1,0
33.047174654,1,1
33.047217204,1,0
33.047262148,1,1
33.047297236,1,0
33.061934812,1,1
33.070166848,1,0
33.078596732,1,1
33.086829082,1,0
33.095247102,1,1
33.103490340,1,0
33.111908464,1,1
33.120140664,1,0
33.128569766,1,1
33.130613230,0,1
33.130625080,0,0
33.130668056,0,1
33.130709630,0,0
33.130751126,0,1
33.130792698,0,0
33.130834190,0,1
33.130875766,0,0
33.130917262,0,1
33.130958836,0,0
33.131000332,0,1
33.131023668,1,1
33.131042898,1,0
33.131084388,1,1
33.131126960,1,0
33.131168450,1,1
33.131211012,1,0
33.131252502,1,1
33.131295068,1,0
33.131339028,1,1
33.131381598,1,0
33.131420124,1,1
33.131462692,1,0
33.131507640,1,1
33.135151360,0,1
33.135163210,0,0
33.135206184,0,1
33.135247760,0,0
33.135289254,0,1
33.135330834,0,0
33.135372332,0,1
33.135395670,1,1
33.135414896,1,0
33.135456390,1,1
33.135498962,1,0
33.135540452,1,1
33.135583024,1,0
33.135624516,1,1
33.135667086,1,0
33.135708578,1,1
33.135729906,0,1
33.135750162,0,0
33.135791656,0,1
33.135833236,0,0
33.135877206,0,1
33.135900542,1,1
33.135919770,1,0
33.135958298,1,1
33.136000868,1,0
33.136045822,1,1
33.136063350,1,0
33.149933934,1,1
33.150620694,0,1
33.150632546,0,0
33.150675532,0,1
33.150717120,0,0
33.150758628,0,1
33.150800216,0,0
33.150841720,0,1
33.150883302,0,0
33.150924808,0,1
33.150966396,0,0
33.151007914,0,1
33.151031264,1,1
33.151050500,1,0
33.151092012,1,1
33.151134600,1,0
33.151176110,1,1
33.151218698,1,0
33.151260206,1,1
33.151302790,1,0
33.151346772,1,1
33.151389356,1,0
33.151427892,1,1
33.151470478,1,0
33.151515446,1,1
33.155159966,0,1
33.155171818,0,0
33.155214796,0,1
33.155238134,1,1
33.155257364,1,0
33.155298860,1,1
33.155320188,0,1
33.155340446,0,0
33.155381948,0,1
33.155405286,1,1
33.155424516,1,0
33.155466010,1,1
33.155487338,0,1
33.155507596,0,0
33.155549096,0,1
33.155572434,1,1
33.155591662,1,0
33.155633162,1,1
33.155675734,1,0
33.155717228,1,1
33.155738560,0,1
33.155758820,0,0
33.155800322,0,1
33.155841904,0,0
33.155885878,0,1
33.155909216,1,1
33.155928446,1,0
33.155966972,1,1
33.156009524,1,0
33.156054458,1,1
33.156070498,1,0
33.165934190,1,1
33.165942764,1,0
33.166089976,0,0
33.166090002,0,1
33.166877098,0,0
33.166879926,1,0
33.166918616,1,1
33.166960196,1,0
33.166964302,0,0
33.167001704,0,1
33.167044280,0,0
33.167047394,1,0
33.167085776,1,1
33.167127342,1,0
33.167168830,1,1
33.167210392,1,0
33.167213858,0,0
33.167251868,0,1
33.167294418,0,0
33.167298620,1,0
33.167335892,1,1
33.167377440,1,0
33.167418908,1,1
33.167460482,1,0
33.167501970,1,1
33.167545006,1,0
33.167586488,1,1
33.167629030,1,0
33.167670494,1,1
33.167703660,0,1
33.167716990,0,0
33.167758480,0,1
33.167781814,1,1
33.168054130,0,1
33.168065974,0,0
33.168108926,0,1
33.168150474,0,0
33.168191938,0,1
33.168215260,1,1
33.168234478,1,0
33.168275932,1,1
33.168297246,0,1
33.168317490,0,0
33.168358948,0,1
33.168382266,1,1
33.168401480,1,0
33.168442948,1,1
33.168485488,1,0
33.168526946,1,1
33.168569496,1,0
33.168610962,1,1
33.168653508,1,0
33.168694970,1,1
33.168737514,1,0
33.168781450,1,1
33.168823994,1,0
33.168862492,1,1
33.168905034,1,0
33.168949952,1,1
33.168973170,1,0
33.169120416,0,0
33.169120442,0,1
33.169169514,0,0
33.169211008,0,1
33.169253580,0,0
33.169295070,0,1
33.169337612,0,0
33.169379088,0,1
33.169421642,0,0
33.169463118,0,1
33.169505668,0,0
33.169547152,0,1
33.169589696,0,0
33.169631174,0,1
33.169673736,0,0
33.169715240,0,1
33.169757790,0,0
33.169799290,0,1
33.169843332,0,0
33.169846694,1,0
33.169884808,1,1
33.169927348,1,0
33.169968832,1,1
33.170002024,0,1
33.170015358,0,0
33.170056840,0,1
33.170080168,1,1
33.170423954,0,1
33.170435782,0,0
33.170478660,0,1
33.170520140,0,0
33.170561530,0,1
33.170584812,1,1
33.170603998,1,0
33.170645384,1,1
33.170666664,0,1
33.170686878,0,0
33.170728272,0,1
33.170751552,1,1
33.170770738,1,0
33.170812130,1,1
33.170854606,1,0
33.170895992,1,1
33.170938466,1,0
33.170979850,1,1
33.171022322,1,0
33.171063704,1,1
33.171106178,1,0
33.171150026,1,1
33.171192496,1,0
33.171230938,1,1
33.171273430,1,0
33.171318272,1,1
33.171337848,1,0
33.179756608,1,1
33.187989112,1,0
33.196407148,1,1
33.198982360,0,1
33.198994178,0,0
33.199037036,0,1
33.199060314,1,1
33.199079498,1,0
33.199120874,1,1
33.199142154,0,1
33.199162358,0,0
33.199203740,0,1
33.199227014,1,1
33.199246196,1,0
33.199287574,1,1
33.199308854,0,1
33.199329060,0,0
33.199370438,0,1
33.199393714,1,1
33.199412900,1,0
33.199454280,1,1
33.199496746,1,0
33.199538122,1,1
33.199559400,0,1
33.199579604,0,0
33.199620982,0,1
33.199662456,0,0
33.199706304,0,1
33.199729578,1,1
33.199748766,1,0
33.199787180,1,1
33.199829650,1,0
33.199874482,1,1
33.199911024,1,0
33.213944922,1,1
33.215884824,0,1
33.215896652,0,0
33.215939548,0,1
33.215981050,0,0
33.216022462,0,1
33.216063968,0,0
33.216105384,0,1
33.216128676,1,1
33.216147874,1,0
33.216189286,1,1
33.216231782,1,0
33.216273192,1,1
33.216315688,1,0
33.216357100,1,1
33.216399592,1,0
33.216441000,1,1
33.216462296,0,1
33.216482518,0,0
33.216523932,0,1
33.216565434,0,0
33.216609322,0,1
33.216632614,1,1
33.216651816,1,0
33.216690268,1,1
33.216732774,1,0
33.216777642,1,1
33.216812938,1,0
33.229945142,1,1
33.238176652,1,0
33.246594950,1,1
33.254826994,1,0
33.263256518,1,1
33.271489374,1,0
33.279907622,1,1
33.288207586,1,0
33.296627376,1,1
33.296635956,1,0
33.296783208,0,0
33.296783234,0,1
33.297870716,0,0
33.297873610,1,0
33.297912054,1,1
33.297953494,1,0
33.297957990,0,0
33.297994840,0,1
33.298037262,0,0
33.298041076,1,0
33.298078598,1,1
33.298120040,1,0
33.298161376,1,1
33.298202810,1,0
33.298207530,0,0
33.298244152,0,1
33.298286574,0,0
33.298290610,1,0
33.298327910,1,1
33.298369344,1,0
33.298410676,1,1
33.298452112,1,0
33.298493448,1,1
33.298536374,1,0
33.298577716,1,1
33.298620150,1,0
33.298661498,1,1
33.298694584,0,1
33.298707872,0,0
33.298749216,0,1
33.298772476,1,1
33.299043974,0,1
33.299055784,0,0
33.299098612,0,1
33.299140060,0,0
33.299181410,0,1
33.299204668,1,1
33.299223840,1,0
33.299265180,1,1
33.299286444,0,1
33.299306634,0,0
33.299347980,0,1
33.299371236,1,1
33.299390408,1,0
33.299431754,1,1
33.299474190,1,0
33.299515536,1,1
33.299557972,1,0
33.299599318,1,1
33.299641756,1,0
33.299683100,1,1
33.299725536,1,0
33.299769340,1,1
33.299811774,1,0
33.299850164,1,1
33.299892602,1,0
33.299937392,1,1
33.299960288,1,0
33.300107512,0,0
33.300107540,0,1
33.300156288,0,0
33.300197642,0,1
33.300240080,0,0
33.300281440,0,1
33.300323876,0,0
33.300327516,1,0
33.300365230,1,1
33.300406676,1,0
33.300410254,0,0
33.300448026,0,1
33.300490464,0,0
33.300531820,0,1
33.300574254,0,0
33.300615614,0,1
33.300658052,0,0
33.300699408,0,1
33.300741842,0,0
33.300783196,0,1
33.300827104,0,0
33.300868462,0,1
33.300907446,0,0
33.300909454,1,0
33.300948798,1,1
33.300981886,0,1
33.300995178,0,0
33.301036530,0,1
33.301059788,1,1
33.301398514,0,1
33.301410344,0,0
33.301453244,0,1
33.301494758,0,0
33.301536182,0,1
33.301559478,1,1
33.301578682,1,0
33.301620102,1,1
33.301641400,0,1
33.301661626,0,0
33.301703048,0,1
33.301726344,1,1
33.301745550,1,0
33.301786972,1,1
33.301829480,1,0
33.301870896,1,1
33.301913400,1,0
33.301954816,1,1
33.301997324,1,0
33.302038740,1,1
33.302081234,1,0
33.302125120,1,1
33.302167634,1,0
33.302206090,1,1
33.302248592,1,0
33.302293464,1,1
33.302312412,1,0
33.310731144,1,1
33.312625690,0,1
33.312637524,0,0
33.312680442,0,1
33.312721966,0,0
33.312763396,0,1
33.312804918,0,0
33.312846354,0,1
33.312887876,0,0
33.312929314,0,1
33.312970840,0,0
33.313012276,0,1
33.313035580,1,1
33.313054786,1,0
33.313096216,1,1
33.313138730,1,0
33.313180162,1,1
33.313222674,1,0
33.313264106,1,1
33.313306618,1,0
33.313350520,1,1
33.313393036,1,0
33.313431508,1,1
33.313474020,1,0
33.313518906,1,1
33.317157242,0,1
33.317169074,0,0
33.317211982,0,1
33.317253504,0,0
33.317294934,0,1
33.317336456,0,0
33.317377886,0,1
33.317401190,1,1
33.317420396,1,0
33.317461826,1,1
33.317504340,1,0
33.317545770,1,1
33.317588280,1,0
33.317629716,1,1
33.317672228,1,0
33.317713656,1,1
33.317734954,0,1
33.317755182,0,0
33.317796614,0,1
33.317838132,0,0
33.317882030,0,1
33.317905334,1,1
33.317924538,1,0
33.317963000,1,1
33.318005508,1,0
33.318050390,1,1
33.318067004,1,0
33.333934052,1,1
33.334230162,0,1
33.334241994,0,0
33.334284892,0,1
33.334326408,0,0
33.334367846,0,1
33.334409372,0,0
33.334450802,0,1
33.334492318,0,0
33.334533748,0,1
33.334575274,0,0
33.334616714,0,1
33.334640016,1,1
33.334659224,1,0
33.334700658,1,1
33.334743176,1,0
33.334784606,1,1
33.334827124,1,0
33.334868552,1,1
33.334911064,1,0
33.334954966,1,1
33.334997486,1,0
33.335035954,1,1
33.335078462,1,0
33.335123346,1,1
33.338762280,0,1
33.338774116,0,0
33.338817030,0,1
33.338840336,1,1
33.338859542,1,0
33.338900976,1,1
33.338922278,0,1
33.338942508,0,0
33.338983944,0,1
33.339007250,1,1
33.339026454,1,0
33.339067882,1,1
33.339089186,0,1
33.339109416,0,0
33.339150854,0,1
33.339174158,1,1
33.339193364,1,0
33.339234794,1,1
33.339277312,1,0
33.339318750,1,1
33.339340052,0,1
33.339360282,0,0
33.339401726,0,1
33.339443256,0,0
33.339487164,0,1
33.339510470,1,1
33.339529676,1,0
33.339568144,1,1
33.339610662,1,0
33.339655552,1,1
33.339671792,1,0
33.349946102,1,1
33.355023800,0,1
33.355035634,0,0
33.355078552,0,1
33.355101848,1,1
33.355121048,1,0
33.355162468,1,1
33.355183764,0,1
33.355203990,0,0
33.355245422,0,1
33.355268716,1,1
33.355287918,1,0
33.355329334,1,1
33.355350628,0,1
33.355370850,0,0
33.355412270,0,1
33.355435560,1,1
33.355454760,1,0
33.355496174,1,1
33.355538676,1,0
33.355580098,1,1
33.355601400,0,1
33.355621630,0,0
33.355663070,0,1
33.355704594,0,0
33.355748498,0,1
33.355771800,1,1
33.355791006,1,0
33.355829474,1,1
33.355871990,1,0
33.355916876,1,1
33.355952106,1,0
33.365935714,1,1
33.366289032,0,1
33.366300868,0,0
33.366343784,0,1
33.366385310,0,0
33.366426752,0,1
33.366468278,0,0
33.366509716,0,1
33.366533024,1,1
33.366552232,1,0
33.366593666,1,1
33.366636188,1,0
33.366677618,1,1
33.366720122,1,0
33.366761552,1,1
33.366804078,1,0
33.366845516,1,1
33.366866820,0,1
33.366887048,0,0
33.366928490,0,1
33.366970020,0,0
33.367013934,0,1
33.367037248,1,1
33.367056464,1,0
33.367094942,1,1
33.367137466,1,0
33.367182364,1,1
33.367217646,1,0
33.381934090,1,1
33.390165804,1,0
33.398595182,1,1
33.406828324,1,0
33.415301682,1,1
33.415310258,1,0
33.415457472,0,0
33.415457500,0,1
33.416245484,0,0
33.416249136,1,0
33.416286926,1,1
33.416328456,1,0
33.416331858,0,0
33.416369908,0,1
33.416412430,0,0
33.416416610,1,0
33.416453870,1,1
33.416495400,1,0
33.416536844,1,1
33.416578370,1,0
33.416583064,0,0
33.416619822,0,1
33.416662340,0,0
33.416666164,1,0
33.416703782,1,1
33.416745310,1,0
33.416786754,1,1
33.416828278,1,0
33.416869716,1,1
33.416912728,1,0
33.416954164,1,1
33.416996682,1,0
33.417038122,1,1
33.417071270,0,1
33.417084584,0,0
33.417126020,0,1
33.417149322,1,1
33.417421398,0,1
33.417433234,0,0
33.417476156,0,1
33.417517686,0,0
33.417559128,0,1
33.417582434,1,1
33.417601638,1,0
33.417643082,1,1
33.417664386,0,1
33.417684618,0,0
33.417726058,0,1
33.417749364,1,1
33.417768570,1,0
33.417810006,1,1
33.417852526,1,0
33.417893962,1,1
33.417936480,1,0
33.417977916,1,1
33.418020434,1,0
33.418061868,1,1
33.418104386,1,0
33.418148288,1,1
33.418190812,1,0
33.418229288,1,1
33.418271808,1,0
33.418316704,1,1
33.418339470,1,0
33.418486688,0,0
33.418486714,0,1
33.418536050,0,0
33.418577496,0,1
33.418620022,0,0
33.418661472,0,1
33.418703990,0,0
33.418745438,0,1
33.418787956,0,0
33.418829408,0,1
33.418871930,0,0
33.418913382,0,1
33.418955904,0,0
33.418997356,0,1
33.419039876,0,0
33.419081324,0,1
33.419123848,0,0
33.419165300,0,1
33.419209302,0,0
33.419212800,1,0
33.419250748,1,1
33.419293264,1,0
33.419334700,1,1
33.419367854,0,1
33.419381172,0,0
33.419422612,0,1
33.419445918,1,1
33.419789424,0,1
33.419801240,0,0
33.419844088,0,1
33.419885552,0,0
33.419926916,0,1
33.419950178,1,1
33.419969354,1,0
33.420010712,1,1
33.420031982,0,1
33.420052178,0,0
33.420093540,0,1
33.420116804,1,1
33.420135982,1,0
33.420177346,1,1
33.420219794,1,0
33.420261152,1,1
33.420303604,1,0
33.420344966,1,1
33.420387418,1,0
33.420428778,1,1
33.420471232,1,0
33.420515058,1,1
33.420557510,1,0
33.420595914,1,1
33.420638370,1,0
33.420683186,1,1
33.420702014,1,0
33.429120098,1,1
33.437352400,1,0
33.445770882,1,1
33.447622498,0,1
33.447634312,0,0
33.447677148,0,1
33.447718604,0,0
33.447759958,0,1
33.447801408,0,0
33.447842762,0,1
33.447884210,0,0
33.447925558,0,1
33.447967010,0,0
33.448008366,0,1
33.448031626,1,1
33.448050802,1,0
33.448092156,1,1
33.448134592,1,0
33.448175938,1,1
33.448218380,1,0
33.448259730,1,1
33.448302168,1,0
33.448345980,1,1
33.448388426,1,0
33.448426818,1,1
33.448469260,1,0
33.448514062,1,1
33.452145988,0,1
33.452157800,0,0
33.452200630,0,1
33.452242082,0,0
33.452283436,0,1
33.452324886,0,0
33.452366240,0,1
33.452389502,1,1
33.452408678,1,0
33.452450028,1,1
33.452492474,1,0
33.452533828,1,1
33.452576270,1,0
33.452617620,1,1
33.452660066,1,0
33.452701418,1,1
33.452722686,0,1
33.452742880,0,0
33.452784236,0,1
33.452825694,0,0
33.452869512,0,1
33.452892776,1,1
33.452911952,1,0
33.452950344,1,1
33.452992786,1,0
33.453037586,1,1
33.453054156,1,0
33.461933572,1,1
33.462921688,0,1
33.462933500,0,0
33.462976332,0,1
33.463017782,0,0
33.463059134,0,1
33.463100586,0,0
33.463141938,0,1
33.463183378,0,0
33.463224718,0,1
33.463266172,0,0
33.463307532,0,1
33.463330788,1,1
33.463349960,1,0
33.463391304,1,1
33.463433742,1,0
33.463475086,1,1
33.463517522,1,0
33.463558866,1,1
33.463601306,1,0
33.463645120,1,1
33.463687562,1,0
33.463725954,1,1
33.463768398,1,0
33.463813208,1,1
33.467445108,0,1
33.467456916,0,0
33.467499726,0,1
33.467522970,1,1
33.467542134,1,0
33.467583452,1,1
33.467604712,0,1
33.467624896,0,0
33.467666228,0,1
33.467689474,1,1
33.467708640,1,0
33.467749970,1,1
33.467771228,0,1
33.467791410,0,0
33.467832744,0,1
33.467855992,1,1
33.467875162,1,0
33.467916486,1,1
33.467958910,1,0
33.468000238,1,1
33.468021496,0,1
33.468041676,0,0
33.468083004,0,1
33.468124438,0,0
33.468168232,0,1
33.468191482,1,1
33.468210648,1,0
33.468249022,1,1
33.468291446,1,0
33.468336224,1,1
33.468352462,1,0
33.477933910,1,1
33.486166718,1,0
33.494596618,1,1
33.499938790,0,1
33.499950604,0,0
33.499993436,0,1
33.500016694,1,1
33.500035866,1,0
33.500077212,1,1
33.500098476,0,1
33.500118664,0,0
33.500160014,0,1
33.500183270,1,1
33.500202446,1,0
33.500243798,1,1
33.500265072,0,1
33.500285270,0,0
33.500326628,0,1
33.500349888,1,1
33.500369064,1,0
33.500410412,1,1
33.500452852,1,0
33.500494200,1,1
33.500515464,0,1
33.500535652,0,0
33.500577000,0,1
33.500618452,0,0
33.500662280,0,1
33.500685546,1,1
33.500704724,1,0
33.500743118,1,1
33.500785560,1,0
33.500830354,1,1
33.500865760,1,0
33.509945426,1,1
33.513416268,0,1
33.513428080,0,0
33.513470910,0,1
33.513512364,0,0
33.513553722,0,1
33.513595180,0,0
33.513636542,0,1
33.513659802,1,1
33.513678978,1,0
33.513720326,1,1
33.513762772,1,0
33.513804120,1,1
33.513846564,1,0
33.513887916,1,1
33.513930356,1,0
33.513971706,1,1
33.513992976,0,1
33.514013166,0,0
33.514054520,0,1
33.514095970,0,0
33.514139792,0,1
33.514163052,1,1
33.514182226,1,0
33.514220618,1,1
33.514263060,1,0
33.514307862,1,1
33.514342844,1,0
33.525932964,1,1
33.534164772,1,0
33.542594070,1,1
33.550881810,1,0
33.559299946,1,1
33.559308526,1,0
33.559455758,0,0
33.559455786,0,1
33.560243146,0,0
33.560247336,1,0
33.560284472,1,1
33.560325898,1,0
33.560330054,0,0
33.560367234,0,1
33.560409660,0,0
33.560413150,1,0
33.560451004,1,1
33.560492450,1,0
33.560533798,1,1
33.560575240,1,0
33.560579614,0,0
33.560616596,0,1
33.560659030,0,0
33.560662718,1,0
33.560700380,1,1
33.560741826,1,0
33.560783172,1,1
33.560824618,1,0
33.560865966,1,1
33.560908892,1,0
33.560950238,1,1
33.560992666,1,0
33.561034014,1,1
33.561067102,0,1
33.561080394,0,0
33.561121754,0,1
33.561145010,1,1
33.561416504,0,1
33.561428314,0,0
33.561471138,0,1
33.561512584,0,0
33.561553928,0,1
33.561577184,1,1
33.561596358,1,0
33.561637708,1,1
33.561658974,0,1
33.561679166,0,0
33.561720522,0,1
33.561743784,1,1
33.561762960,1,0
33.561804308,1,1
33.561846754,1,0
33.561888098,1,1
33.561930538,1,0
33.561971884,1,1
33.562014322,1,0
33.562055670,1,1
33.562098108,1,0
33.562141920,1,1
33.562184356,1,0
33.562222744,1,1
33.562265178,1,0
33.562309970,1,1
33.562332722,1,0
33.562479918,0,0
33.562479944,0,1
33.562528884,0,0
33.562570242,0,1
33.562612682,0,0
33.562654040,0,1
33.562696480,0,0
33.562699896,1,0
33.562737836,1,1
33.562779286,1,0
33.562784288,0,0
33.562820644,0,1
33.562863080,0,0
33.562904444,0,1
33.562946884,0,0
33.562988246,0,1
33.563030686,0,0
33.563072048,0,1
33.563114486,0,0
33.563155846,0,1
33.563199764,0,0
33.563241122,0,1
33.563280110,0,0
33.563281780,1,0
33.563321462,1,1
33.563354552,0,1
33.563367844,0,0
33.563409210,0,1
33.563432468,1,1
33.563771196,0,1
33.563783024,0,0
33.563825928,0,1
33.563867438,0,0
33.563908860,0,1
33.563932158,1,1
33.563951360,1,0
33.563992780,1,1
33.564014078,0,1
33.564034304,0,0
33.564075730,0,1
33.564099030,1,1
33.564118234,1,0
33.564159654,1,1
33.564202160,1,0
33.564243584,1,1
33.564286092,1,0
33.564327516,1,1
33.564370022,1,0
33.564411444,1,1
33.564453952,1,0
33.564497846,1,1
33.564540354,1,0
33.564578812,1,1
33.564621324,1,0
33.564666200,1,1
33.564684938,1,0
33.573102322,1,1
33.581333956,1,0
33.589751056,1,1
33.591549832,0,1
33.591561664,0,0
33.591604584,0,1
33.591646110,0,0
33.591687544,0,1
33.591729070,0,0
33.591770504,0,1
33.591812028,0,0
33.591853466,0,1
33.591894992,0,0
33.591936424,0,1
33.591959726,1,1
33.591978930,1,0
33.592020360,1,1
33.592062872,1,0
33.592104286,1,1
33.592146794,1,0
33.592188228,1,1
33.592230750,1,0
33.592274644,1,1
33.592317154,1,0
33.592355618,1,1
33.592398134,1,0
33.592443016,1,1
33.596081908,0,1
33.596093742,0,0
33.596136656,0,1
33.596178182,0,0
33.596219620,0,1
33.596261142,0,0
33.596302578,0,1
33.596325886,1,1
33.596345094,1,0
33.596386532,1,1
33.596429052,1,0
33.596470484,1,1
33.596513000,1,0
33.596554430,1,1
33.596596950,1,0
33.596638384,1,1
33.596659686,0,1
33.596679916,0,0
33.596721354,0,1
33.596762880,0,0
33.596806788,0,1
33.596830092,1,1
33.596849302,1,0
33.596887772,1,1
33.596930288,1,0
33.596975178,1,1
33.596992326,1,0
33.605934490,1,1
33.611530378,0,1
33.611542212,0,0
33.611585126,0,1
33.611626660,0,0
33.611668100,0,1
33.611709630,0,0
33.611751070,0,1
33.611792600,0,0
33.611834038,0,1
33.611875562,0,0
33.611917004,0,1
33.611940308,1,1
33.611959514,1,0
33.612000948,1,1
33.612043468,1,0
33.612084900,1,1
33.612127420,1,0
33.612168854,1,1
33.612211376,1,0
33.612255274,1,1
33.612297802,1,0
33.612336274,1,1
33.612378790,1,0
33.612423680,1,1
33.616062880,0,1
33.616074716,0,0
33.616117632,0,1
33.616140938,1,1
33.616160142,1,0
33.616201568,1,1
33.616222866,0,1
33.616243092,0,0
33.616284530,0,1
33.616307838,1,1
33.616327048,1,0
33.616368490,1,1
33.616389790,0,1
33.616410018,0,0
33.616451456,0,1
33.616474758,1,1
33.616493966,1,0
33.616535400,1,1
33.616577922,1,0
33.616619362,1,1
33.616640666,0,1
33.616660896,0,0
33.616702332,0,1
33.616743860,0,0
33.616787768,0,1
33.616811074,1,1
33.616830280,1,0
33.616868754,1,1
33.616911276,1,0
33.616956168,1,1
33.616972784,1,0
33.629934430,1,1
33.637920802,0,1
33.637932638,0,0
33.637975560,0,1
33.637998866,1,1
33.638018074,1,0
33.638059514,1,1
33.638080820,0,1
33.638101054,0,0
33.638142500,0,1
33.638165806,1,1
33.638185014,1,0
33.638226452,1,1
33.638247756,0,1
33.638267990,0,0
33.638309432,0,1
33.638332738,1,1
33.638351946,1,0
33.638393386,1,1
33.638435908,1,0
33.638477346,1,1
33.638498652,0,1
33.638518886,0,0
33.638560330,0,1
33.638601862,0,0
33.638645778,0,1
33.638669084,1,1
33.638688292,1,0
33.638726766,1,1
33.638769288,1,0
33.638814182,1,1
33.638849500,1,0
33.653943406,1,1
33.654516104,0,1
33.654527936,0,0
33.654570832,0,1
33.654612346,0,0
33.654653766,0,1
33.654695286,0,0
33.654736722,0,1
33.654760030,1,1
33.654779238,1,0
33.654820672,1,1
33.654863192,1,0
33.654904632,1,1
33.654947154,1,0
33.654988590,1,1
33.655031116,1,0
33.655072556,1,1
33.655093860,0,1
33.655114090,0,0
33.655155534,0,1
33.655197066,0,0
33.655240980,0,1
33.655264286,1,1
33.655283500,1,0
33.655321978,1,1
33.655364498,1,0
33.655409396,1,1
33.655445444,1,0
33.669933168,1,1
33.678165366,1,0
33.686649810,1,1
33.686658388,1,0
33.686805602,0,0
33.686805630,0,1
33.687854204,0,0
33.687857748,1,0
33.687895654,1,1
33.687937188,1,0
33.687942130,0,0
33.687978636,0,1
33.688021152,0,0
33.688025220,1,0
33.688062602,1,1
33.688104136,1,0
33.688145584,1,1
33.688187104,1,0
33.688191672,0,0
33.688228554,0,1
33.688271066,0,0
33.688274762,1,0
33.688312502,1,1
33.688354020,1,0
33.688395458,1,1
33.688436988,1,0
33.688478434,1,1
33.688521446,1,0
33.688562884,1,1
33.688605394,1,0
33.688646822,1,1
33.688679966,0,1
33.688693282,0,0
33.688734728,0,1
33.688758038,1,1
33.689030114,0,1
33.689041952,0,0
33.689084878,0,1
33.689126414,0,0
33.689167864,0,1
33.689191174,1,1
33.689210384,1,0
33.689251830,1,1
33.689273136,0,1
33.689293370,0,0
33.689334820,0,1
33.689358134,1,1
33.689377344,1,0
33.689418790,1,1
33.689461322,1,0
33.689502768,1,1
33.689545296,1,0
33.689586740,1,1
33.689629268,1,0
33.689670714,1,1
33.689713242,1,0
33.689757148,1,1
33.689799660,1,0
33.689838124,1,1
33.689880632,1,0
33.689925506,1,1
33.689948256,1,0
33.690095480,0,0
33.690095506,0,1
33.690144880,0,0
33.690186330,0,1
33.690228844,0,0
33.690270282,0,1
33.690312788,0,0
33.690354220,0,1
33.690396726,0,0
33.690438168,0,1
33.690480688,0,0
33.690522146,0,1
33.690564670,0,0
33.690606132,0,1
33.690648662,0,0
33.690690124,0,1
33.690732656,0,0
33.690774118,0,1
33.690818130,0,0
33.690821598,1,0
33.690859586,1,1
33.690902114,1,0
33.690943566,1,1
33.690976724,0,1
33.690990046,0,0
33.691031508,0,1
33.691054820,1,1
33.691398334,0,1
33.691410154,0,0
33.691453012,0,1
33.691494474,0,0
33.691535838,0,1
33.691559106,1,1
33.691578288,1,0
33.691619658,1,1
33.691640924,0,1
33.691661118,0,0
33.691702474,0,1
33.691725732,1,1
33.691744904,1,0
33.691786252,1,1
33.691828690,1,0
33.691870038,1,1
33.691912486,1,0
33.691953850,1,1
33.691996288,1,0
33.692037640,1,1
33.692080092,1,0
33.692123922,1,1
33.692166378,1,0
33.692204778,1,1
33.692247220,1,0
33.692292014,1,1
33.692310948,1,0
33.700729078,1,1
33.708961140,1,0
33.717379740,1,1
33.725623790,1,0
33.734042474,1,1
33.742274716,1,0
33.750704972,1,1
33.758936908,1,0
33.767354702,1,1
33.775598204,1,0
33.784016160,1,1
33.792247820,1,0
33.800665512,1,1
33.808908398,1,0
33.817327424,1,1
33.825560806,1,0
33.833991018,1,1
33.842223742,1,0
33.850642978,1,1
33.850826456,0,1
33.850838266,0,0
33.850881090,0,1
33.850922534,0,0
33.850963882,0,1
33.851005326,0,0
33.851046672,0,1
33.851088116,0,0
33.851129470,0,1
33.851170922,0,0
33.851212272,0,1
33.851235532,1,1
33.851254706,1,0
33.851296048,1,1
33.851338482,1,0
33.851379822,1,1
33.851422260,1,0
33.851463606,1,1
33.851506044,1,0
33.851549856,1,1
33.851592294,1,0
33.851630686,1,1
33.851673126,1,0
33.851717920,1,1
33.855349798,0,1
33.855361610,0,0
33.855404436,0,1
33.855445890,0,0
33.855487244,0,1
33.855528696,0,0
33.855570050,0,1
33.855593310,1,1
33.855612490,1,0
33.855653844,1,1
33.855696284,1,0
33.855737634,1,1
33.855780072,1,0
33.855821418,1,1
33.855863858,1,0
33.855905202,1,1
33.855926468,0,1
33.855946658,0,0
33.855988012,0,1
33.856029466,0,0
33.856073280,0,1
33.856096540,1,1
33.856115712,1,0
33.856154098,1,1
33.856196532,1,0
33.856241324,1,1
33.856258718,1,0
33.869932864,1,1
33.878165798,1,0
33.886595828,1,1
33.894828652,1,0
33.903247070,1,1
33.911490662,1,0
33.919964210,1,1
33.919972792,1,0
33.920120030,0,0
33.920120058,0,1
33.920271560,0,0
33.920275582,1,0
33.920312906,1,1
33.920354358,1,0
33.920358320,0,0
33.920395710,0,1
33.920438144,0,0
33.920441416,1,0
33.920479494,1,1
33.920520940,1,0
33.920562286,1,1
33.920603734,1,0
33.920607906,0,0
33.920645086,0,1
33.920687520,0,0
33.920691018,1,0
33.920728868,1,1
33.920770316,1,0
33.920811664,1,1
33.920853110,1,0
33.920894452,1,1
33.920937372,1,0
33.920978716,1,1
33.921021148,1,0
33.921062490,1,1
33.921095578,0,1
33.921108870,0,0
33.921150228,0,1
33.921173486,1,1
33.921444974,0,1
33.921456784,0,0
33.921499612,0,1
33.921541058,0,0
33.921582404,0,1
33.921605662,1,1
33.921624838,1,0
33.921666180,1,1
33.921687446,0,1
33.921707632,0,0
33.921748980,0,1
33.921772238,1,1
33.921791414,1,0
33.921832754,1,1
33.921875194,1,0
33.921916540,1,1
33.921958976,1,0
33.922000318,1,1
33.922042754,1,0
33.922084098,1,1
33.922126528,1,0
33.922170334,1,1
33.922212768,1,0
33.922251150,1,1
33.922293582,1,0
33.922338366,1,1
33.922360834,1,0
33.922508064,0,0
33.922508092,0,1
33.922557242,0,0
33.922598608,0,1
33.922641052,0,0
33.922682414,0,1
33.922724848,0,0
33.922728100,1,0
33.922766196,1,1
33.922807644,1,0
33.922812486,0,0
33.922849002,0,1
33.922891436,0,0
33.922932796,0,1
33.922975236,0,0
33.923016596,0,1
33.923059032,0,0
33.923100394,0,1
33.923142832,0,0
33.923184192,0,1
33.923228110,0,0
33.923269470,0,1
33.923308452,0,0
33.923309996,1,0
33.923349800,1,1
33.923382890,0,1
33.923396182,0,0
33.923437540,0,1
33.923460800,1,1
33.923799502,0,1
33.923811330,0,0
33.923854226,0,1
33.923895734,0,0
33.923937152,0,1
33.923960448,1,1
33.923979648,1,0
33.924021070,1,1
33.924042368,0,1
33.924062594,0,0
33.924104018,0,1
33.924127316,1,1
33.924146520,1,0
33.924187940,1,1
33.924230446,1,0
33.924271872,1,1
33.924314378,1,0
33.924355800,1,1
33.924398308,1,0
33.924439728,1,1
33.924482232,1,0
33.924526120,1,1
33.924568628,1,0
33.924607086,1,1
33.924649598,1,0
33.924694474,1,1
33.924712908,1,0
33.933131458,1,1
33.941364002,1,0
33.949782480,1,1
33.958026786,1,0
33.966445596,1,1
33.974677890,1,0
33.983107982,1,1
33.991340774,1,0
33.999759274,1,1
34.008002914,1,0
34.016420992,1,1
34.024652742,1,0
34.033070460,1,1
34.041313984,1,0
34.049732222,1,1
34.057964392,1,0
34.066393494,1,1
34.074625578,1,0
34.083043632,1,1
34.091286996,1,0
34.099705172,1,1
34.107938354,1,0
34.116357260,1,1
34.124656914,1,0
34.133075456,1,1
34.133084030,1,0
34.133231258,0,0
34.133231284,0,1
34.133346580,0,0
34.133350244,1,0
34.133388030,1,1
34.133429568,1,0
34.133432962,0,0
34.133471028,0,1
34.133513554,0,0
34.133517722,1,0
34.133555004,1,1
34.133596540,1,0
34.133637984,1,1
34.133679520,1,0
34.133684196,0,0
34.133720976,0,1
34.133763498,0,0
34.133767294,1,0
34.133804946,1,1
34.133846478,1,0
34.133887924,1,1
34.133929456,1,0
34.133970902,1,1
34.134013914,1,0
34.134055356,1,1
34.134097878,1,0
34.134139322,1,1
34.134172476,0,1
34.134185796,0,0
34.134227256,0,1
34.134250572,1,1
34.134522676,0,1
34.134534512,0,0
34.134577440,0,1
34.134618976,0,0
34.134660424,0,1
34.134683734,1,1
34.134702944,1,0
34.134744386,1,1
34.134765696,0,1
34.134785930,0,0
34.134827382,0,1
34.134850692,1,1
34.134869904,1,0
34.134911350,1,1
34.134953878,1,0
34.134995324,1,1
34.135037852,1,0
34.135079296,1,1
34.135121824,1,0
34.135163270,1,1
34.135205796,1,0
34.135249708,1,1
34.135292236,1,0
34.135330716,1,1
34.135373242,1,0
34.135418144,1,1
34.135441678,1,0
34.135588908,0,0
34.135588936,0,1
34.135637544,0,0
34.135678998,0,1
34.135721524,0,0
34.135762978,0,1
34.135805502,0,0
34.135846958,0,1
34.135889486,0,0
34.135930946,0,1
34.135973472,0,0
34.136014930,0,1
34.136057460,0,0
34.136098920,0,1
34.136141452,0,0
34.136182914,0,1
34.136225444,0,0
34.136266902,0,1
34.136310910,0,0
34.136313448,1,0
34.136352358,1,1
34.136394886,1,0
34.136436332,1,1
34.136469492,0,1
34.136482816,0,0
34.136524274,0,1
34.136547588,1,1
34.136891114,0,1
34.136902934,0,0
34.136945788,0,1
34.136987260,0,0
34.137028634,0,1
34.137051904,1,1
34.137071088,1,0
34.137112458,1,1
34.137133732,0,1
34.137153932,0,0
34.137195304,0,1
34.137218576,1,1
34.137237758,1,0
34.137279128,1,1
34.137321586,1,0
34.137362956,1,1
34.137405412,1,0
34.137446778,1,1
34.137489238,1,0
34.137530604,1,1
34.137573060,1,0
34.137616900,1,1
34.137659360,1,0
34.137697764,1,1
34.137740216,1,0
34.137785034,1,1
34.137803784,1,0
34.146222720,1,1
34.154456034,1,0
34.162874548,1,1
34.171118438,1,0
34.179537420,1,1
34.187770222,1,0
34.196199682,1,1
34.204432614,1,0
34.212850862,1,1
34.221094868,1,0
34.229513152,1,1
34.237746312,1,0
34.246164390,1,1
34.246539960,0,1
34.246551770,0,0
34.246594598,0,1
34.246636054,0,0
34.246677408,0,1
34.246718862,0,0
34.246760210,0,1
34.246801658,0,0
34.246843010,0,1
34.246884458,0,0
34.246925806,0,1
34.246949062,1,1
34.246968238,1,0
34.247009584,1,1
34.247052020,1,0
34.247093368,1,1
34.247135802,1,0
34.247177142,1,1
34.247219576,1,0
34.247263388,1,1
34.247305826,1,0
34.247344218,1,1
34.247386658,1,0
34.247431456,1,1
34.251063174,0,1
34.251074984,0,0
34.251117808,0,1
34.251141064,1,1
34.251160238,1,0
34.251201582,1,1
34.251222846,0,1
34.251243034,0,0
34.251284386,0,1
34.251307640,1,1
34.251326814,1,0
34.251368160,1,1
34.251389424,0,1
34.251409616,0,0
34.251450972,0,1
34.251474228,1,1
34.251493402,1,0
34.251534748,1,1
34.251577186,1,0
34.251618530,1,1
34.251639796,0,1
34.251659988,0,0
34.251701338,0,1
34.251742788,0,0
34.251786602,0,1
34.251809862,1,1
34.251829036,1,0
34.251867428,1,1
34.251909864,1,0
34.251954660,1,1
34.251970966,1,0
34.261987462,1,1
34.262007334,1,0
34.262154532,0,0
34.262154558,0,1
34.262912136,0,0
34.262916170,1,0
34.262953494,1,1
34.262994946,1,0
34.262998892,0,0
34.263036304,0,1
34.263078744,0,0
34.263081974,1,0
34.263120096,1,1
34.263161548,1,0
34.263202902,1,1
34.263244348,1,0
34.263248416,0,0
34.263285702,0,1
34.263328140,0,0
34.263331502,1,0
34.263369496,1,1
34.263410948,1,0
34.263452304,1,1
34.263493756,1,0
34.263535102,1,1
34.263578030,1,0
34.263619388,1,1
34.263661828,1,0
34.263703178,1,1
34.263736272,0,1
34.263749564,0,0
34.263790924,0,1
34.263814184,1,1
34.264085712,0,1
34.264097524,0,0
34.264140354,0,1
34.264181808,0,0
34.264223162,0,1
34.264246422,1,1
34.264265598,1,0
34.264306948,1,1
34.264328214,0,1
34.264348406,0,0
34.264389758,0,1
34.264413020,1,1
34.264432196,1,0
34.264473544,1,1
34.264515986,1,0
34.264557334,1,1
34.264599774,1,0
34.264641124,1,1
34.264683566,1,0
34.264724916,1,1
34.264767356,1,0
34.264811172,1,1
34.264853610,1,0
34.264892002,1,1
34.264934442,1,0
34.264979240,1,1
34.265002034,1,0
34.265149262,0,0
34.265149288,0,1
34.265198188,0,0
34.265239548,0,1
34.265281988,0,0
34.265323346,0,1
34.265365790,0,0
34.265369272,1,0
34.265407150,1,1
34.265448606,1,0
34.265451988,0,0
34.265489968,0,1
34.265532410,0,0
34.265573774,0,1
34.265616220,0,0
34.265657584,0,1
34.265700030,0,0
34.265741392,0,1
34.265783834,0,0
34.265825200,0,1
34.265869122,0,0
34.265910486,0,1
34.265949480,0,0
34.265951162,1,0
34.265990842,1,1
34.266023936,0,1
34.266037230,0,0
34.266078598,0,1
34.266101864,1,1
34.266440624,0,1
34.266452454,0,0
34.266495362,0,1
34.266536876,0,0
34.266578306,0,1
34.266601608,1,1
34.266620814,1,0
34.266662242,1,1
34.266683542,0,1
34.266703768,0,0
34.266745204,0,1
34.266768506,1,1
34.266787710,1,0
34.266829136,1,1
34.266871650,1,0
34.266913080,1,1
34.266955592,1,0
34.266997020,1,1
34.267039532,1,0
34.267080960,1,1
34.267123470,1,0
34.267167366,1,1
34.267209874,1,0
34.267248336,1,1
34.267290844,1,0
34.267335724,1,1
34.267354042,1,0
34.275771852,1,1
34.284004952,1,0
34.292423608,1,1
34.293235984,0,1
34.293247820,0,0
34.293290734,0,1
34.293314034,1,1
34.293333240,1,0
34.293374676,1,1
34.293395982,0,1
34.293416216,0,0
34.293457662,0,1
34.293480972,1,1
34.293500180,1,0
34.293541616,1,1
34.293562920,0,1
34.293583150,0,0
34.293624598,0,1
34.293647902,1,1
34.293667110,1,0
34.293708546,1,1
34.293751068,1,0
34.293792506,1,1
34.293813810,0,1
34.293834042,0,0
34.293875482,0,1
34.293917010,0,0
34.293960918,0,1
34.293984222,1,1
34.294003430,1,0
34.294041902,1,1
34.294084420,1,0
34.294129316,1,1
34.294164714,1,0
34.309931788,1,1
34.318163284,1,0
34.326591778,1,1
34.334823932,1,0
34.343241380,1,1
34.351484382,1,0
34.359902082,1,1
34.368134074,1,0
34.376563252,1,1
34.384795916,1,0
34.393214238,1,1
34.401512766,1,0
34.409930736,1,1
34.409939310,1,0
34.410086510,0,0
34.410086536,0,1
34.411042914,0,0
34.411047242,1,0
34.411084370,1,1
34.411125910,1,0
34.411129968,0,0
34.411167372,0,1
34.411209902,0,0
34.411213058,1,0
34.411251354,1,1
34.411292896,1,0
34.411334350,1,1
34.411375886,1,0
34.411379516,0,0
34.411417346,0,1
34.411459874,0,0
34.411462618,1,0
34.411501330,1,1
34.411542864,1,0
34.411584318,1,1
34.411625856,1,0
34.411667306,1,1
34.411710322,1,0
34.411751772,1,1
34.411794298,1,0
34.411835754,1,1
34.411868912,0,1
34.411882236,0,0
34.411923700,0,1
34.411947018,1,1
34.412219156,0,1
34.412230996,0,0
34.412273930,0,1
34.412315464,0,0
34.412356914,0,1
34.412380226,1,1
34.412399438,1,0
34.412440882,1,1
34.412462190,0,1
34.412482426,0,0
34.412523878,0,1
34.412547192,1,1
34.412566404,1,0
34.412607854,1,1
34.412650388,1,0
34.412691834,1,1
34.412734370,1,0
34.412775820,1,1
34.412818348,1,0
34.412859794,1,1
34.412902322,1,0
34.412946238,1,1
34.412988766,1,0
34.413027250,1,1
34.413069778,1,0
34.413114680,1,1
34.413136992,1,0
34.413284208,0,0
34.413284234,0,1
34.413334104,0,0
34.413375562,0,1
34.413418094,0,0
34.413459554,0,1
34.413502084,0,0
34.413543548,0,1
34.413586078,0,0
34.413627542,0,1
34.413670076,0,0
34.413711538,0,1
34.413754066,0,0
34.413795528,0,1
34.413838056,0,0
34.413879510,0,1
34.413922040,0,0
34.413963498,0,1
34.414007496,0,0
34.414010370,1,0
34.414048950,1,1
34.414091492,1,0
34.414132946,1,1
34.414166100,0,1
34.414179424,0,0
34.414220882,0,1
34.414244196,1,1
34.414587728,0,1
34.414599550,0,0
34.414642410,0,1
34.414683884,0,0
34.414725264,0,1
34.414748536,1,1
34.414767720,1,0
34.414809088,1,1
34.414830366,0,1
34.414850570,0,0
34.414891948,0,1
34.414915218,1,1
34.414934400,1,0
34.414975768,1,1
34.415018228,1,0
34.415059596,1,1
34.415102056,1,0
34.415143428,1,1
34.415185888,1,0
34.415227256,1,1
34.415269716,1,0
34.415313546,1,1
34.415356004,1,0
34.415394412,1,1
34.415436868,1,0
34.415481678,1,1
34.415500284,1,0
34.423917932,1,1
34.432150386,1,0
34.440568588,1,1
34.448811862,1,0
34.457230738,1,1
34.465463342,1,0
34.473893068,1,1
34.482126148,1,0
34.490545414,1,1
34.498789458,1,0
34.507208700,1,1
34.515440836,1,0
34.523859264,1,1
34.532157984,1,0
34.540576256,1,1
34.540584836,1,0
34.540732060,0,0
34.540732088,0,1
34.540912450,0,0
34.540915840,1,0
34.540953810,1,1
34.540995268,1,0
34.541000220,0,0
34.541036632,0,1
34.541079074,0,0
34.541083320,1,0
34.541120430,1,1
34.541161882,1,0
34.541203240,1,1
34.541244692,1,0
34.541248128,0,0
34.541286052,0,1
34.541328492,0,0
34.541331232,1,0
34.541369848,1,1
34.541411306,1,0
34.541452664,1,1
34.541494122,1,0
34.541535476,1,1
34.541578404,1,0
34.541619762,1,1
34.541662198,1,0
34.541703548,1,1
34.541736640,0,1
34.541749932,0,0
34.541791300,0,1
34.541814562,1,1
34.542086104,0,1
34.542097916,0,0
34.542140748,0,1
34.542182202,0,0
34.542223556,0,1
34.542246816,1,1
34.542265994,1,0
34.542307346,1,1
34.542328612,0,1
34.542348804,0,0
34.542390158,0,1
34.542413420,1,1
34.542432594,1,0
34.542473942,1,1
34.542516380,1,0
34.542557726,1,1
34.542600168,1,0
34.542641518,1,1
34.542683962,1,0
34.542725312,1,1
34.542767754,1,0
34.542811568,1,1
34.542854012,1,0
34.542892402,1,1
34.542934842,1,0
34.542979638,1,1
34.543002482,1,0
34.543149704,0,0
34.543149732,0,1
34.543198574,0,0
34.543239936,0,1
34.543282378,0,0
34.543323744,0,1
34.543366184,0,0
34.543369724,1,0
34.543407544,1,1
34.543448998,1,0
34.543452450,0,0
34.543490358,0,1
34.543532802,0,0
34.543574166,0,1
34.543616614,0,0
34.543657980,0,1
34.543700428,0,0
34.543741790,0,1
34.543784232,0,0
34.543825596,0,1
34.543869516,0,0
34.543910876,0,1
34.543949862,0,0
34.543951628,1,0
34.543991218,1,1
34.544024310,0,1
34.544037604,0,0
34.544078972,0,1
34.544102238,1,1
34.544440986,0,1
34.544452818,0,0
34.544495724,0,1
34.544537240,0,0
34.544578664,0,1
34.544601964,1,1
34.544621172,1,0
34.544662594,1,1
34.544683896,0,1
34.544704122,0,0
34.544745554,0,1
34.544768856,1,1
34.544788062,1,0
34.544829488,1,1
34.544872004,1,0
34.544913432,1,1
34.544955946,1,0
34.544997374,1,1
34.545039888,1,0
34.545081318,1,1
34.545123828,1,0
34.545167724,1,1
34.545210236,1,0
34.545248704,1,1
34.545291220,1,0
34.545336108,1,1
34.545354476,1,0
34.553772760,1,1
34.562005470,1,0
34.570423656,1,1
34.578667404,1,0
34.587085260,1,1
34.595317832,1,0
34.603747262,1,1
34.611979164,1,0
34.620396986,1,1
34.628640584,1,0
34.637059402,1,1
34.645291172,1,0
34.653708722,1,1
34.661952466,1,0
34.670370056,1,1
34.678656918,1,0
34.687086250,1,1
34.687094826,1,0
34.687242064,0,0
34.687242092,0,1
34.687368184,0,0
34.687371038,1,0
34.687409640,1,1
34.687451180,1,0
34.687455438,0,0
34.687492642,0,1
34.687535170,0,0
34.687538540,1,0
34.687576622,1,1
34.687618166,1,0
34.687659616,1,1
34.687701148,1,0
34.687705006,0,0
34.687742604,0,1
34.687785128,0,0
34.687788118,1,0
34.687826570,1,1
34.687868102,1,0
34.687909548,1,1
34.687951076,1,0
34.687992522,1,1
34.688035538,1,0
34.688076988,1,1
34.688119510,1,0
34.688160950,1,1
34.688194106,0,1
34.688207426,0,0
34.688248890,0,1
34.688272204,1,1
34.688544326,0,1
34.688556164,0,0
34.688599090,0,1
34.688640628,0,0
34.688682078,0,1
34.688705388,1,1
34.688724596,1,0
34.688766038,1,1
34.688787348,0,1
34.688807582,0,0
34.688849034,0,1
34.688872346,1,1
34.688891556,1,0
34.688933010,1,1
34.688975536,1,0
34.689016982,1,1
34.689059510,1,0
34.689100958,1,1
34.689143484,1,0
34.689184930,1,1
34.689227456,1,0
34.689271368,1,1
34.689313898,1,0
34.689352376,1,1
34.689352378,1,0
34.689352382,1,1
34.689394906,1,0
34.689439808,1,1
34.689462570,1,0
34.689609794,0,0
34.689609820,0,1
34.689659190,0,0
34.689700648,0,1
34.689743174,0,0
34.689784630,0,1
34.689827154,0,0
34.689868608,0,1
34.689911140,0,0
34.689952608,0,1
34.689995148,0,0
34.690036616,0,1
34.690079140,0,0
34.690120594,0,1
34.690163122,0,0
34.690204580,0,1
34.690247104,0,0
34.690288562,0,1
34.690332570,0,0
34.690335962,1,0
34.690374028,1,1
34.690416552,1,0
34.690457998,1,1
34.690491156,0,1
34.690504480,0,0
34.690545940,0,1
34.690569252,1,1
34.690912816,0,1
34.690924634,0,0
34.690967494,0,1
34.691008966,0,0
34.691050344,0,1
34.691073616,1,1
34.691092800,1,0
34.691134170,1,1
34.691155446,0,1
34.691175648,0,0
34.691217022,0,1
34.691240292,1,1
34.691259474,1,0
34.691300846,1,1
34.691343302,1,0
34.691384670,1,1
34.691427128,1,0
34.691468496,1,1
34.691510952,1,0
34.691552322,1,1
34.691594782,1,0
34.691638618,1,1
34.691681076,1,0
34.691719486,1,1
34.691761944,1,0
34.691806764,1,1
34.691825666,1,0
34.700243780,1,1
34.708475802,1,0
34.716894490,1,1
34.725138496,1,0
34.733557040,1,1
34.741789296,1,0
34.750218976,1,1
34.758450844,1,0
34.766868494,1,1
34.775111696,1,0
34.783530090,1,1
34.791762248,1,0
34.800247038,1,1
34.800255618,1,0
34.800402848,0,0
34.800402876,0,1
34.801003302,0,0
34.801006742,1,0
34.801044662,1,1
34.801086114,1,0
34.801091140,0,0
34.801127482,0,1
34.801169926,0,0
34.801174238,1,0
34.801211280,1,1
34.801252734,1,0
34.801294086,1,1
34.801335536,1,0
34.801339050,0,0
34.801376896,0,1
34.801419336,0,0
34.801422148,1,0
34.801460688,1,1
34.801502138,1,0
34.801543492,1,1
34.801584944,1,0
34.801626300,1,1
34.801669232,1,0
34.801710582,1,1
34.801753022,1,0
34.801794374,1,1
34.801827470,0,1
34.801840764,0,0
34.801882132,0,1
34.801905396,1,1
34.802176942,0,1
34.802188756,0,0
34.802231586,0,1
34.802273038,0,0
34.802314396,0,1
34.802337658,1,1
34.802356834,1,0
34.802398186,1,1
34.802419456,0,1
34.802439652,0,0
34.802481008,0,1
34.802504270,1,1
34.802523448,1,0
34.802564802,1,1
34.802607248,1,0
34.802648600,1,1
34.802691044,1,0
34.802732398,1,1
34.802774842,1,0
34.802816194,1,1
34.802858638,1,0
34.802902454,1,1
34.802944894,1,0
34.802983290,1,1
34.803025726,1,0
34.803070520,1,1
34.803094206,1,0
34.803241438,0,0
34.803241464,0,1
34.803289470,0,0
34.803330836,0,1
34.803373280,0,0
34.803414646,0,1
34.803457090,0,0
34.803461420,1,0
34.803498452,1,1
34.803539910,1,0
34.803544138,0,0
34.803581276,0,1
34.803623722,0,0
34.803665088,0,1
34.803707534,0,0
34.803748902,0,1
34.803791354,0,0
34.803832722,0,1
34.803875174,0,0
34.803916546,0,1
34.803960472,0,0
34.804001842,0,1
34.804040838,0,0
34.804043282,1,0
34.804082202,1,1
34.804115298,0,1
34.804128594,0,0
34.804169970,0,1
34.804193234,1,1
34.804532014,0,1
34.804543844,0,0
34.804586746,0,1
34.804628266,0,0
34.804669700,0,1
34.804693004,1,1
34.804712210,1,0
34.804753640,1,1
34.804774946,0,1
34.804795178,0,0
34.804836616,0,1
34.804859916,1,1
34.804879124,1,0
34.804920560,1,1
34.804963076,1,0
34.805004506,1,1
34.805047020,1,0
34.805088450,1,1
34.805130964,1,0
34.805172396,1,1
34.805214912,1,0
34.805258812,1,1
34.805301326,1,0
34.805339796,1,1
34.805382308,1,0
34.805427202,1,1
34.805446018,1,0
34.813863822,1,1
34.822095554,1,0
34.830513484,1,1
34.831725122,0,1
34.831736958,0,0
34.831779876,0,1
34.831803184,1,1
34.831822392,1,0
34.831863830,1,1
34.831885134,0,1
34.831905366,0,0
34.831946810,0,1
34.831970118,1,1
34.831989326,1,0
34.832030764,1,1
34.832052070,0,1
34.832072304,0,0
34.832113746,0,1
34.832137052,1,1
34.832156262,1,0
34.832197702,1,1
34.832240222,1,0
34.832281658,1,1
34.832302960,0,1
34.832323192,0,0
34.832364632,0,1
34.832406162,0,0
34.832450074,0,1
34.832473384,1,1
34.832492590,1,0
34.832531064,1,1
34.832573586,1,0
34.832618484,1,1
34.832645550,1,0
34.841065216,1,1
34.849296470,1,0
34.857725554,1,1
34.865957378,1,0
34.874374482,1,1
34.882605904,1,0
34.891035420,1,1
34.899267374,1,0
34.907685162,1,1
34.915929260,1,0
34.924402806,1,1
34.924411382,1,0
34.924558602,0,0
34.924558630,0,1
34.924902634,0,0
34.924906930,1,0
34.924944082,1,1
34.924985616,1,0
34.924989660,0,0
34.925027070,0,1
34.925069594,0,0
34.925072762,1,0
34.925111046,1,1
34.925152584,1,0
34.925194032,1,1
34.925235570,1,0
34.925239232,0,0
34.925277028,0,1
34.925319554,0,0
34.925322334,1,0
34.925361006,1,1
34.925402546,1,0
34.925444004,1,1
34.925485546,1,0
34.925527002,1,1
34.925570024,1,0
34.925611474,1,1
34.925654002,1,0
34.925695452,1,1
34.925728606,0,1
34.925741928,0,0
34.925783394,0,1
34.925806714,1,1
34.926078838,0,1
34.926090674,0,0
34.926133604,0,1
34.926175144,0,0
34.926216594,0,1
34.926239906,1,1
34.926259114,1,0
34.926300562,1,1
34.926321870,0,1
34.926342106,0,0
34.926383556,0,1
34.926406866,1,1
34.926426080,1,0
34.926467528,1,1
34.926510054,1,0
34.926551498,1,1
34.926594024,1,0
34.926635470,1,1
34.926677996,1,0
34.926719442,1,1
34.926761966,1,0
34.926805876,1,1
34.926848406,1,0
34.926886884,1,1
34.926929410,1,0
34.926974314,1,1
34.926997102,1,0
34.927144318,0,0
34.927144344,0,1
34.927193716,0,0
34.927235174,0,1
34.927277698,0,0
34.927319154,0,1
34.927361686,0,0
34.927403148,0,1
34.927445676,0,0
34.927487136,0,1
34.927529668,0,0
34.927571128,0,1
34.927613664,0,0
34.927655132,0,1
34.927697666,0,0
34.927739130,0,1
34.927781664,0,0
34.927823126,0,1
34.927867140,0,0
34.927870450,1,0
34.927908596,1,1
34.927951120,1,0
34.927992570,1,1
34.928025726,0,1
34.928039046,0,0
34.928080508,0,1
34.928103820,1,1
34.928447364,0,1
34.928459184,0,0
34.928502042,0,1
34.928543518,0,0
34.928584896,0,1
34.928608170,1,1
34.928627356,1,0
34.928668734,1,1
34.928690012,0,1
34.928710216,0,0
34.928751590,0,1
34.928774864,1,1
34.928794046,1,0
34.928835418,1,1
34.928877874,1,0
34.928919238,1,1
34.928961694,1,0
34.929003064,1,1
34.929045522,1,0
34.929086892,1,1
34.929129350,1,0
34.929173184,1,1
34.929215646,1,0
34.929254052,1,1
34.929296506,1,0
34.929341322,1,1
34.929360056,1,0
34.937778286,1,1
34.939379826,0,1
34.939391642,0,0
34.939434490,0,1
34.939457760,1,1
34.939476938,1,0
34.939518302,1,1
34.939539576,0,1
34.939559776,0,0
34.939601144,0,1
34.939624416,1,1
34.939643596,1,0
34.939684964,1,1
34.939706236,0,1
34.939726434,0,0
34.939767802,0,1
34.939791074,1,1
34.939810256,1,0
34.939851622,1,1
34.939894086,1,0
34.939935466,1,1
34.939956740,0,1
34.939976942,0,0
34.940018312,0,1
34.940059780,0,0
34.940103618,0,1
34.940126888,1,1
34.940146068,1,0
34.940184476,1,1
34.940226934,1,0
34.940271754,1,1
34.940287634,1,0
34.948718546,1,1
34.956951114,1,0
34.965369584,1,1
34.973613524,1,0
34.982032074,1,1
34.990264814,1,0
34.998694644,1,1
35.006926710,1,0
35.015345178,1,1
35.016710922,0,1
35.016722736,0,0
35.016765570,0,1
35.016788830,1,1
35.016808006,1,0
35.016849360,1,1
35.016870628,0,1
35.016890822,0,0
35.016932178,0,1
35.016955436,1,1
35.016974614,1,0
35.017015966,1,1
35.017037236,0,1
35.017057428,0,0
35.017098784,0,1
35.017122048,1,1
35.017141224,1,0
35.017182578,1,1
35.017225018,1,0
35.017266368,1,1
35.017287638,0,1
35.017307832,0,0
35.017349188,0,1
35.017390644,0,0
35.017434466,0,1
35.017457730,1,1
35.017476904,1,0
35.017515298,1,1
35.017557742,1,0
35.017602542,1,1
35.017618474,1,0
35.026049214,1,1
35.029584448,0,1
35.029596264,0,0
35.029639104,0,1
35.029680558,0,0
35.029721918,0,1
35.029763374,0,0
35.029804736,0,1
35.029846194,0,0
35.029887556,0,1
35.029929010,0,0
35.029970370,0,1
35.029993634,1,1
35.030012810,1,0
35.030054162,1,1
35.030096604,1,0
35.030137960,1,1
35.030180406,1,0
35.030221760,1,1
35.030264210,1,0
35.030308028,1,1
35.030350474,1,0
35.030388872,1,1
35.030431318,1,0
35.030476120,1,1
35.034108620,0,1
35.034120432,0,0
35.034163268,0,1
35.034186532,1,1
35.034205706,1,0
35.034247060,1,1
35.034268326,0,1
35.034288522,0,0
35.034329882,0,1
35.034353144,1,1
35.034372320,1,0
35.034413674,1,1
35.034434944,0,1
35.034455138,0,0
35.034496498,0,1
35.034519762,1,1
35.034538940,1,0
35.034580296,1,1
35.034622744,1,0
35.034664098,1,1
35.034685372,0,1
35.034705570,0,0
35.034746930,0,1
35.034788386,0,0
35.034832214,0,1
35.034855476,1,1
35.034874652,1,0
35.034913042,1,1
35.034955490,1,0
35.035000292,1,1
35.035016426,1,0
35.045930376,1,1
35.054229202,1,0
35.062646898,1,1
35.062655478,1,0
35.062802724,0,0
35.062802750,0,1
35.062981788,0,0
35.062984860,1,0
35.063023152,1,1
35.063064610,1,0
35.063069248,0,0
35.063105974,0,1
35.063148414,0,0
35.063152342,1,0
35.063189774,1,1
35.063231228,1,0
35.063272584,1,1
35.063314038,1,0
35.063318800,0,0
35.063355400,0,1
35.063397840,0,0
35.063401896,1,0
35.063439198,1,1
35.063480654,1,0
35.063522010,1,1
35.063563464,1,0
35.063604822,1,1
35.063647754,1,0
35.063689110,1,1
35.063731550,1,0
35.063772904,1,1
35.063805996,0,1
35.063819290,0,0
35.063860656,0,1
35.063883918,1,1
35.064155460,0,1
35.064167274,0,0
35.064210108,0,1
35.064251562,0,0
35.064292918,0,1
35.064316178,1,1
35.064335356,1,0
35.064376706,1,1
35.064397972,0,1
35.064418162,0,0
35.064459520,0,1
35.064482780,1,1
35.064501954,1,0
35.064543308,1,1
35.064585756,1,0
35.064627116,1,1
35.064669560,1,0
35.064710914,1,1
35.064753358,1,0
35.064794710,1,1
35.064837156,1,0
35.064880974,1,1
35.064923418,1,0
35.064961814,1,1
35.065004258,1,0
35.065049058,1,1
35.065071434,1,0
35.065218646,0,0
35.065218672,0,1
35.065268024,0,0
35.065309388,0,1
35.065351828,0,0
35.065393198,0,1
35.065435642,0,0
35.065438656,1,0
35.065477004,1,1
35.065518464,1,0
35.065523048,0,0
35.065559830,0,1
35.065602274,0,0
35.065643648,0,1
35.065686096,0,0
35.065727466,0,1
35.065769914,0,0
35.065811286,0,1
35.065853728,0,0
35.065895096,0,1
35.065939018,0,0
35.065980386,0,1
35.066019386,0,0
35.066022218,1,0
35.066060748,1,1
35.066093844,0,1
35.066107140,0,0
35.066148512,0,1
35.066171778,1,1
35.066510570,0,1
35.066522400,0,0
35.066565304,0,1
35.066606806,0,0
35.066648234,0,1
35.066671540,1,1
35.066690750,1,0
35.066732182,1,1
35.066753482,0,1
35.066773710,0,0
35.066815144,0,1
35.066838448,1,1
35.066857652,1,0
35.066899080,1,1
35.066941592,1,0
35.066983020,1,1
35.067025536,1,0
35.067066966,1,1
35.067109480,1,0
35.067150908,1,1
35.067193418,1,0
35.067237318,1,1
35.067279830,1,0
35.067318298,1,1
35.067360814,1,0
35.067405698,1,1
35.067424506,1,0
35.075842524,1,1
35.077086654,0,1
35.077098488,0,0
35.077141400,0,1
35.077164700,1,1
35.077183906,1,0
35.077225334,1,1
35.077246636,0,1
35.077266862,0,0
35.077308298,0,1
35.077331600,1,1
35.077350804,1,0
35.077392238,1,1
35.077413546,0,1
35.077433780,0,0
35.077475228,0,1
35.077498538,1,1
35.077517746,1,0
35.077559184,1,1
35.077601704,1,0
35.077643146,1,1
35.077664448,0,1
35.077684680,0,0
35.077726120,0,1
35.077767646,0,0
35.077811556,0,1
35.077834864,1,1
35.077854072,1,0
35.077892540,1,1
35.077935058,1,0
35.077979950,1,1
35.078016116,1,0
35.093929690,1,1
35.102173128,1,0
35.110591682,1,1
35.118823400,1,0
35.127253674,1,1
35.135487004,1,0
35.143905862,1,1
35.152138772,1,0
35.160568870,1,1
35.168800832,1,0
35.177219418,1,1
35.185463448,1,0
35.193937382,1,1
35.193945958,1,0
35.194093176,0,0
35.194093202,0,1
35.194863672,0,0
35.194866580,1,0
35.194905126,1,1
35.194946662,1,0
35.194950974,0,0
35.194988120,0,1
35.195030648,0,0
35.195034076,1,0
35.195072100,1,1
35.195113638,1,0
35.195155092,1,1
35.195196626,1,0
35.195200558,0,0
35.195238084,0,1
35.195280612,0,0
35.195283662,1,0
35.195322062,1,1
35.195363590,1,0
35.195405024,1,1
35.195446542,1,0
35.195487962,1,1
35.195530946,1,0
35.195572378,1,1
35.195614902,1,0
35.195656362,1,1
35.195656364,1,0
35.195656366,1,1
35.195689522,0,1
35.195702844,0,0
35.195744292,0,1
35.195767596,1,1
35.196039630,0,1
35.196051468,0,0
35.196094396,0,1
35.196135922,0,0
35.196177356,0,1
35.196200662,1,1
35.196219870,1,0
35.196261310,1,1
35.196282618,0,1
35.196302854,0,0
35.196344302,0,1
35.196367612,1,1
35.196386822,1,0
35.196428266,1,1
35.196470796,1,0
35.196512244,1,1
35.196554772,1,0
35.196596222,1,1
35.196638748,1,0
35.196680196,1,1
35.196722724,1,0
35.196766636,1,1
35.196809162,1,0
35.196847644,1,1
35.196890170,1,0
35.196935070,1,1
35.196957880,1,0
35.197105118,0,0
35.197105146,0,1
35.197154468,0,0
35.197195904,0,1
35.197238420,0,0
35.197279870,0,1
35.197322382,0,0
35.197363822,0,1
35.197406336,0,0
35.197447776,0,1
35.197490288,0,0
35.197531728,0,1
35.197574238,0,0
35.197615686,0,1
35.197658200,0,0
35.197699642,0,1
35.197742160,0,0
35.197783618,0,1
35.197827626,0,0
35.197831286,1,0
35.197869080,1,1
35.197911606,1,0
35.197953060,1,1
35.197986214,0,1
35.197999534,0,0
35.198040980,0,1
35.198064288,1,1
35.198407822,0,1
35.198419642,0,0
35.198462498,0,1
35.198503970,0,0
35.198545346,0,1
35.198568620,1,1
35.198587802,1,0
35.198629178,1,1
35.198650456,0,1
35.198670658,0,0
35.198712036,0,1
35.198735304,1,1
35.198754486,1,0
35.198795854,1,1
35.198838314,1,0
35.198879684,1,1
35.198922146,1,0
35.198963514,1,1
35.199005972,1,0
35.199047338,1,1
35.199089796,1,0
35.199133624,1,1
35.199176082,1,0
35.199214490,1,1
35.199256944,1,0
35.199301762,1,1
35.199320620,1,0
35.207739218,1,1
35.215972036,1,0
35.224390880,1,1
35.224430210,0,1
35.224442024,0,0
35.224484872,0,1
35.224526334,0,0
35.224567698,0,1
35.224609160,0,0
35.224650530,0,1
35.224691990,0,0
35.224733354,0,1
35.224774818,0,0
35.224816182,0,1
35.224839446,1,1
35.224858626,1,0
35.224899988,1,1
35.224942438,1,0
35.224983800,1,1
35.225026250,1,0
35.225067606,1,1
35.225110050,1,0
35.225153870,1,1
35.225196320,1,0
35.225234720,1,1
35.225277168,1,0
35.225321976,1,1
35.228954638,0,1
35.228966452,0,0
35.229009290,0,1
35.229032550,1,1
35.229051728,1,0
35.229093090,1,1
35.229114360,0,1
35.229134556,0,0
35.229175918,0,1
35.229199182,1,1
35.229218358,1,0
35.229259714,1,1
35.229280980,0,1
35.229301174,0,0
35.229342536,0,1
35.229365800,1,1
35.229384980,1,0
35.229426340,1,1
35.229468796,1,0
35.229510158,1,1
35.229531428,0,1
35.229551624,0,0
35.229592986,0,1
35.229634452,0,0
35.229678282,0,1
35.229701546,1,1
35.229720726,1,0
35.229759124,1,1
35.229801574,1,0
35.229846380,1,1
35.229862920,1,0
35.245940902,1,1
35.254173818,1,0
35.262591968,1,1
35.264043136,0,1
35.264054948,0,0
35.264097786,0,1
35.264121050,1,1
35.264140226,1,0
35.264181580,1,1
35.264202852,0,1
35.264223046,0,0
35.264264408,0,1
35.264287670,1,1
35.264306846,1,0
35.264348202,1,1
35.264369470,0,1
35.264389664,0,0
35.264431024,0,1
35.264454286,1,1
35.264473466,1,0
35.264514824,1,1
35.264557268,1,0
35.264598622,1,1
35.264619896,0,1
35.264640092,0,0
35.264681454,0,1
35.264722912,0,0
35.264766742,0,1
35.264790004,1,1
35.264809182,1,0
35.264847584,1,1
35.264890032,1,0
35.264934840,1,1
35.264958832,1,0
35.277928480,1,1
35.286172210,1,0
35.294590686,1,1
35.302823098,1,0
35.311252660,1,1
35.319484816,1,0
35.327903022,1,1
35.336135982,1,0
35.344622390,1,1
35.344630968,1,0
35.344778230,0,0
35.344778258,0,1
35.344949806,0,0
35.344953756,1,0
35.344991166,1,1
35.345032616,1,0
35.345036496,0,0
35.345073976,0,1
35.345116414,0,0
35.345119608,1,0
35.345157768,1,1
35.345199220,1,0
35.345240570,1,1
35.345282020,1,0
35.345286126,0,0
35.345323376,0,1
35.345365814,0,0
35.345369240,1,0
35.345407168,1,1
35.345448622,1,0
35.345489978,1,1
35.345531426,1,0
35.345572778,1,1
35.345615712,1,0
35.345657064,1,1
35.345699496,1,0
35.345740846,1,1
35.345773932,0,1
35.345787226,0,0
35.345828588,0,1
35.345851854,1,1
35.346123312,0,1
35.346135120,0,0
35.346177942,0,1
35.346219382,0,0
35.346260722,0,1
35.346283976,1,1
35.346303146,1,0
35.346344480,1,1
35.346365742,0,1
35.346385930,0,0
35.346427272,0,1
35.346450526,1,1
35.346469702,1,0
35.346511052,1,1
35.346553496,1,0
35.346594844,1,1
35.346637292,1,0
35.346678644,1,1
35.346721088,1,0
35.346762438,1,1
35.346804880,1,0
35.346848690,1,1
35.346891132,1,0
35.346929526,1,1
35.346971970,1,0
35.347016766,1,1
35.347039662,1,0
35.347186940,0,0
35.347186968,0,1
35.347235710,0,0
35.347277076,0,1
35.347319520,0,0
35.347360884,0,1
35.347403326,0,0
35.347407002,1,0
35.347444688,1,1
35.347486146,1,0
35.347489750,0,0
35.347527506,0,1
35.347569948,0,0
35.347611318,0,1
35.347653766,0,0
35.347695136,0,1
35.347737586,0,0
35.347778952,0,1
35.347821400,0,0
35.347862770,0,1
35.347906696,0,0
35.347948064,0,1
35.347987064,0,0
35.347988984,1,0
35.348028424,1,1
35.348061518,0,1
35.348074814,0,0
35.348116186,0,1
35.348139452,1,1
35.348478234,0,1
35.348490066,0,0
35.348532974,0,1
35.348574482,0,0
35.348615900,0,1
35.348639200,1,1
35.348658404,1,0
35.348699842,1,1
35.348721146,0,1
35.348741382,0,0
35.348782820,0,1
35.348806122,1,1
35.348825326,1,0
35.348866758,1,1
35.348909272,1,0
35.348950698,1,1
35.348993216,1,0
35.349034648,1,1
35.349077158,1,0
35.349118588,1,1
35.349161100,1,0
35.349204998,1,1
35.349247510,1,0
35.349285978,1,1
35.349328492,1,0
35.349373378,1,1
35.349392172,1,0
35.357812284,1,1
35.366045640,1,0
35.374464476,1,1
35.382708716,1,0
35.391127802,1,1
35.399361080,1,0
35.407790470,1,1
35.416023554,1,0
35.424442310,1,1
35.432686556,1,0
35.441106106,1,1
35.449339014,1,0
35.457757556,1,1
35.466002118,1,0
35.474421194,1,1
35.481945540,0,1
35.481957378,0,0
35.482000304,0,1
35.482041842,0,0
35.482083292,0,1
35.482124828,0,0
35.482166276,0,1
35.482207812,0,0
35.482249258,0,1
35.482290792,0,0
35.482332242,0,1
35.482355554,1,1
35.482374762,1,0
35.482416210,1,1
35.482458740,1,0
35.482500184,1,1
35.482542710,1,0
35.482584156,1,1
35.482626684,1,0
35.482670600,1,1
35.482713128,1,0
35.482751610,1,1
35.482794136,1,0
35.482839036,1,1
35.486479346,0,1
35.486491186,0,0
35.486534120,0,1
35.486557436,1,1
35.486576646,1,0
35.486618102,1,1
35.486639412,0,1
35.486659648,0,0
35.486701102,0,1
35.486724414,1,1
35.486743626,1,0
35.486785078,1,1
35.486806384,0,1
35.486826620,0,0
35.486868076,0,1
35.486891388,1,1
35.486910602,1,0
35.486952050,1,1
35.486994582,1,0
35.487036036,1,1
35.487057344,0,1
35.487077580,0,0
35.487119034,0,1
35.487160574,0,0
35.487204498,0,1
35.487227810,1,1
35.487247024,1,0
35.487285510,1,1
35.487328042,1,0
35.487372950,1,1
35.487389210,1,0
35.501984708,1,1
35.501993286,1,0
35.502140522,0,0
35.502140550,0,1
35.503572768,0,0
35.503576414,1,0
35.503614210,1,1
35.503655738,1,0
35.503659156,0,0
35.503697186,0,1
35.503739710,0,0
35.503743928,1,0
35.503781162,1,1
35.503822702,1,0
35.503864156,1,1
35.503905694,1,0
35.503910412,0,0
35.503947154,0,1
35.503989682,0,0
35.503993510,1,0
35.504031138,1,1
35.504072680,1,0
35.504114136,1,1
35.504155672,1,0
35.504197110,1,1
35.504240118,1,0
35.504281566,1,1
35.504324090,1,0
35.504365540,1,1
35.504398700,0,1
35.504412024,0,0
35.504453494,0,1
35.504476812,1,1
35.504748964,0,1
35.504760802,0,0
35.504803740,0,1
35.504845282,0,0
35.504886726,0,1
35.504910032,1,1
35.504929238,1,0
35.504970684,1,1
35.504991992,0,1
35.505012228,0,0
35.505053682,0,1
35.505076998,1,1
35.505096208,1,0
35.505137660,1,1
35.505180192,1,0
35.505221642,1,1
35.505264178,1,0
35.505305626,1,1
35.505348156,1,0
35.505389606,1,1
35.505432132,1,0
35.505476048,1,1
35.505518578,1,0
35.505557062,1,1
35.505599594,1,0
35.505644504,1,1
35.505667178,1,0
35.505814440,0,0
35.505814468,0,1
35.505863918,0,0
35.505905378,0,1
35.505947908,0,0
35.505989364,0,1
35.506031894,0,0
35.506073356,0,1
35.506115888,0,0
35.506157350,0,1
35.506199884,0,0
35.506241346,0,1
35.506283876,0,0
35.506325338,0,1
35.506367868,0,0
35.506409332,0,1
35.506451868,0,0
35.506493328,0,1
35.506537338,0,0
35.506540734,1,0
35.506578790,1,1
35.506621322,1,0
35.506662776,1,1
35.506695938,0,1
35.506709262,0,0
35.506750726,0,1
35.506774044,1,1
35.507117616,0,1
35.507129436,0,0
35.507172296,0,1
35.507213774,0,0
35.507255154,0,1
35.507278428,1,1
35.507297610,1,0
35.507338988,1,1
35.507360268,0,1
35.507380472,0,0
35.507421848,0,1
35.507445122,1,1
35.507464308,1,0
35.507505678,1,1
35.507548140,1,0
35.507589514,1,1
35.507631982,1,0
35.507673358,1,1
35.507715822,1,0
35.507757196,1,1
35.507799652,1,0
35.507843486,1,1
35.507885946,1,0
35.507924356,1,1
35.507966810,1,0
35.508011630,1,1
35.508030810,1,0
35.516450772,1,1
35.518282726,0,1
35.518294542,0,0
35.518337390,0,1
35.518378854,0,0
35.518420224,0,1
35.518461688,0,0
35.518503058,0,1
35.518526322,1,1
35.518545500,1,0
35.518586860,1,1
35.518629316,1,0
35.518670684,1,1
35.518713138,1,0
35.518754504,1,1
35.518796960,1,0
35.518838324,1,1
35.518859594,0,1
35.518879794,0,0
35.518921160,0,1
35.518962624,0,0
35.519006462,0,1
35.519029728,1,1
35.519048910,1,0
35.519087314,1,1
35.519129768,1,0
35.519174582,1,1
35.519209754,1,0
35.533930428,1,1
35.536469554,0,1
35.536481370,0,0
35.536524214,0,1
35.536547478,1,1
35.536566660,1,0
35.536608024,1,1
35.536650478,1,0
35.536691840,1,1
35.536713112,0,1
35.536733310,0,0
35.536774672,0,1
35.536816132,0,0
35.536857502,0,1
35.536898966,0,0
35.536940332,0,1
35.536981796,0,0
35.537023162,0,1
35.537046424,1,1
35.537065606,1,0
35.537106968,1,1
35.537128240,0,1
35.537148438,0,0
35.537192270,0,1
35.537233734,0,0
35.537272142,0,1
35.537295406,1,1
35.537314586,1,0
35.537359400,1,1
35.537394326,1,0
35.549930624,1,1
35.551446112,0,1
35.551457926,0,0
35.551500770,0,1
35.551542230,0,0
35.551583594,0,1
35.551625060,0,0
35.551666432,0,1
35.551707894,0,0
35.551749262,0,1
35.551790728,0,0
35.551832094,0,1
35.551855360,1,1
35.551874538,1,0
35.551915900,1,1
35.551958348,1,0
35.551999702,1,1
35.552042156,1,0
35.552083518,1,1
35.552125968,1,0
35.552169796,1,1
35.552212248,1,0
35.552250648,1,1
35.552293102,1,0
35.552337912,1,1
35.555971920,0,1
35.555983736,0,0
35.556026578,0,1
35.556049844,1,1
35.556069024,1,0
35.556110390,1,1
35.556152844,1,0
35.556194208,1,1
35.556215480,0,1
35.556235678,0,0
35.556277046,0,1
35.556318508,0,0
35.556359878,0,1
35.556401344,0,0
35.556442710,0,1
35.556484176,0,0
35.556525546,0,1
35.556548814,1,1
35.556567994,1,0
35.556609358,1,1
35.556630634,0,1
35.556650834,0,0
35.556694666,0,1
35.556736130,0,0
35.556774540,0,1
35.556797808,1,1
35.556816986,1,0
35.556861800,1,1
35.556878006,1,0
35.565940672,1,1
35.566802564,0,1
35.566814380,0,0
35.566857222,0,1
35.566898684,0,0
35.566940048,0,1
35.566981508,0,0
35.567022870,0,1
35.567046136,1,1
35.567065314,1,0
35.567106674,1,1
35.567127946,0,1
35.567148142,0,0
35.567189506,0,1
35.567212770,1,1
35.567231948,1,0
35.567273308,1,1
35.567315756,1,0
35.567357112,1,1
35.567378382,0,1
35.567398580,0,0
35.567439944,0,1
35.567481402,0,0
35.567525232,0,1
35.567566690,0,0
35.567605094,0,1
35.567628368,1,1
35.567647546,1,0
35.567692354,1,1
35.567727430,1,0
35.581942352,1,1
35.583934068,0,1
35.583945882,0,0
35.583988724,0,1
35.584011990,1,1
35.584031170,1,0
35.584072530,1,1
35.584093796,0,1
35.584113992,0,0
35.584155356,0,1
35.584178618,1,1
35.584197798,1,0
35.584239154,1,1
35.584260426,0,1
35.584280622,0,0
35.584321986,0,1
35.584345248,1,1
35.584364424,1,0
35.584405786,1,1
35.584448236,1,0
35.584489592,1,1
35.584510858,0,1
35.584531052,0,0
35.584572410,0,1
35.584613868,0,0
35.584657700,0,1
35.584680966,1,1
35.584700146,1,0
35.584738548,1,1
35.584781000,1,0
35.584825814,1,1
35.584862076,1,0
35.597940330,1,1
35.606173248,1,0
35.614591580,1,1
35.622823942,1,0
35.631253614,1,1
35.633046774,0,1
35.633058588,0,0
35.633101428,0,1
35.633142890,0,0
35.633184256,0,1
35.633225720,0,0
35.633267086,0,1
35.633308554,0,0
35.633349920,0,1
35.633391384,0,0
35.633432754,0,1
35.633456022,1,1
35.633475204,1,0
35.633516564,1,1
35.633559018,1,0
35.633600384,1,1
35.633642838,1,0
35.633684200,1,1
35.633726652,1,0
35.633770480,1,1
35.633812932,1,0
35.633851336,1,1
35.633893784,1,0
35.633938590,1,1
35.633938592,1,0
35.633938596,1,1
35.637571160,0,1
35.637582974,0,0
35.637625820,0,1
35.637667282,0,0
35.637708640,0,1
35.637750096,0,0
35.637791454,0,1
35.637814714,1,1
35.637833892,1,0
35.637875246,1,1
35.637917692,1,0
35.637959044,1,1
35.638001490,1,0
35.638042844,1,1
35.638085288,1,0
35.638126642,1,1
35.638147912,0,1
35.638168106,0,0
35.638209464,0,1
35.638250922,0,0
35.638294748,0,1
35.638318014,1,1
35.638337188,1,0
35.638375584,1,1
35.638418032,1,0
35.638462832,1,1
35.638479082,1,0
35.653934570,1,1
35.656183826,0,1
35.656195640,0,0
35.656238478,0,1
35.656279936,0,0
35.656321296,0,1
35.656362752,0,0
35.656404114,0,1
35.656445570,0,0
35.656486930,0,1
35.656528390,0,0
35.656569752,0,1
35.656593012,1,1
35.656612194,1,0
35.656653552,1,1
35.656696000,1,0
35.656737354,1,1
35.656779804,1,0
35.656821160,1,1
35.656863606,1,0
35.656907430,1,1
35.656949876,1,0
35.656988272,1,1
35.657030724,1,0
35.657075532,1,1
35.660708956,0,1
35.660720770,0,0
35.660763602,0,1
35.660805052,0,0
35.660846412,0,1
35.660887864,0,0
35.660929216,0,1
35.660952480,1,1
35.660971654,1,0
35.661013008,1,1
35.661034276,0,1
35.661054466,0,0
35.661095824,0,1
35.661119088,1,1
35.661138262,1,0
35.661179614,1,1
35.661222060,1,0
35.661263416,1,1
35.661284682,0,1
35.661304876,0,0
35.661346232,0,1
35.661387686,0,0
35.661431512,0,1
35.661472968,0,0
35.661511370,0,1
35.661534632,1,1
35.661553810,1,0
35.661598614,1,1
35.661615432,1,0
35.677940472,1,1
35.677949052,1,0
35.678096280,0,0
35.678096308,0,1
35.679001326,0,0
35.679005560,1,0
35.679042686,1,1
35.679084144,1,0
35.679088296,0,0
35.679125510,0,1
35.679167954,0,0
35.679171398,1,0
35.679209314,1,1
35.679250768,1,0
35.679292124,1,1
35.679333582,1,0
35.679337870,0,0
35.679374948,0,1
35.679417396,0,0
35.679420972,1,0
35.679458760,1,1
35.679500216,1,0
35.679541572,1,1
35.679583030,1,0
35.679624396,1,1
35.679667330,1,0
35.679708688,1,1
35.679751132,1,0
35.679792488,1,1
35.679825584,0,1
35.679838876,0,0
35.679880244,0,1
35.679903506,1,1
35.680175068,0,1
35.680186880,0,0
35.680229714,0,1
35.680271170,0,0
35.680312530,0,1
35.680335792,1,1
35.680354970,1,0
35.680396324,1,1
35.680417592,0,1
35.680437786,0,0
35.680479146,0,1
35.680502408,1,1
35.680521584,1,0
35.680562936,1,1
35.680605384,1,0
35.680646742,1,1
35.680689190,1,0
35.680730548,1,1
35.680772992,1,0
35.680814350,1,1
35.680856794,1,0
35.680900612,1,1
35.680943058,1,0
35.680981456,1,1
35.681023900,1,0
35.681068704,1,1
35.681091610,1,0
35.681238844,0,0
35.681238870,0,1
35.681287660,0,0
35.681329028,0,1
35.681371470,0,0
35.681412840,0,1
35.681455286,0,0
35.681458892,1,0
35.681496648,1,1
35.681538104,1,0
35.681541632,0,0
35.681579472,0,1
35.681621916,0,0
35.681663282,0,1
35.681705730,0,0
35.681747096,0,1
35.681789540,0,0
35.681830908,0,1
35.681873348,0,0
35.681914716,0,1
35.681958640,0,0
35.682000010,0,1
35.682039004,0,0
35.682040830,1,0
35.682080366,1,1
35.682113464,0,1
35.682126758,0,0
35.682168130,0,1
35.682191394,1,1
35.682530184,0,1
35.682542014,0,0
35.682584922,0,1
35.682626444,0,0
35.682667874,0,1
35.682691172,1,1
35.682710376,1,0
35.682751804,1,1
35.682773102,0,1
35.682793330,0,0
35.682834760,0,1
35.682858060,1,1
35.682877266,1,0
35.682918686,1,1
35.682961192,1,0
35.683002602,1,1
35.683045110,1,0
35.683086546,1,1
35.683129070,1,0
35.683170492,1,1
35.683213006,1,0
35.683256904,1,1
35.683299416,1,0
35.683337880,1,1
35.683380398,1,0
35.683425284,1,1
35.683444458,1,0
35.691862702,1,1
35.693353582,0,1
35.693365418,0,0
35.693408342,0,1
35.693449878,0,0
35.693491328,0,1
35.693532860,0,0
35.693574304,0,1
35.693615836,0,0
35.693657280,0,1
35.693698810,0,0
35.693740254,0,1
35.693763558,1,1
35.693782768,1,0
35.693824204,1,1
35.693866726,1,0
35.693908164,1,1
35.693950684,1,0
35.693992124,1,1
35.694034644,1,0
35.694078550,1,1
35.694121070,1,0
35.694159542,1,1
35.694202064,1,0
35.694246960,1,1
35.697886190,0,1
35.697898026,0,0
35.697940950,0,1
35.697964256,1,1
35.697983464,1,0
35.698024898,1,1
35.698046206,0,1
35.698066442,0,0
35.698107884,0,1
35.698131192,1,1
35.698150400,1,0
35.698191846,1,1
35.698213152,0,1
35.698233384,0,0
35.698274826,0,1
35.698298132,1,1
35.698317342,1,0
35.698358782,1,1
35.698401302,1,0
35.698442740,1,1
35.698464044,0,1
35.698484274,0,0
35.698525712,0,1
35.698567244,0,0
35.698611158,0,1
35.698634464,1,1
35.698653670,1,0
35.698692142,1,1
35.698734666,1,0
35.698779562,1,1
35.698796712,1,0
35.709940340,1,1
35.718173182,1,0
35.726591364,1,1
35.730428434,0,1
35.730440270,0,0
35.730483196,0,1
35.730524724,0,0
35.730566172,0,1
35.730607708,0,0
35.730649158,0,1
35.730672468,1,1
35.730691676,1,0
35.730733116,1,1
35.730775642,1,0
35.730817082,1,1
35.730859610,1,0
35.730901052,1,1
35.730943578,1,0
35.730985022,1,1
35.731006326,0,1
35.731026558,0,0
35.731068000,0,1
35.731109530,0,0
35.731153444,0,1
35.731176748,1,1
35.731195958,1,0
35.731234438,1,1
35.731276956,1,0
35.731321838,1,1
35.731357862,1,0
35.741927868,1,1
35.746596706,0,1
35.746608544,0,0
35.746651478,0,1
35.746674788,1,1
35.746694000,1,0
35.746735444,1,1
35.746756750,0,1
35.746776986,0,0
35.746818440,0,1
35.746841750,1,1
35.746860962,1,0
35.746902406,1,1
35.746923714,0,1
35.746943952,0,0
35.746985402,0,1
35.747008712,1,1
35.747027920,1,0
35.747069366,1,1
35.747111892,1,0
35.747153330,1,1
35.747174638,0,1
35.747194874,0,0
35.747236328,0,1
35.747277866,0,0
35.747321792,0,1
35.747345106,1,1
35.747364316,1,0
35.747402798,1,1
35.747445324,1,0
35.747490230,1,1
35.747525568,1,0
35.757939706,1,1
35.766171468,1,0
35.774589670,1,1
35.782833592,1,0
35.791251994,1,1
35.799484292,1,0
35.807914564,1,1
35.816147450,1,0
35.824566340,1,1
35.826850192,0,1
35.826862032,0,0
35.826904964,0,1
35.826946500,0,0
35.826987948,0,1
35.827029486,0,0
35.827070938,0,1
35.827112472,0,0
35.827153926,0,1
35.827195464,0,0
35.827236910,0,1
35.827260220,1,1
35.827279428,1,0
35.827320868,1,1
35.827363394,1,0
35.827404842,1,1
35.827447374,1,0
35.827488822,1,1
35.827531352,1,0
35.827575276,1,1
35.827617804,1,0
35.827656298,1,1
35.827698834,1,0
35.827743742,1,1
35.831383764,0,1
35.831395602,0,0
35.831438532,0,1
35.831461844,1,1
35.831481056,1,0
35.831522500,1,1
35.831543808,0,1
35.831564044,0,0
35.831605496,0,1
35.831628808,1,1
35.831648018,1,0
35.831689464,1,1
35.831710772,0,1
35.831731008,0,0
35.831772460,0,1
35.831795770,1,1
35.831814978,1,0
35.831856424,1,1
35.831898954,1,0
35.831940398,1,1
35.831961704,0,1
35.831981938,0,0
35.832023388,0,1
35.832064922,0,0
35.832108840,0,1
35.832132152,1,1
35.832151362,1,0
35.832189844,1,1
35.832232372,1,0
35.832277274,1,1
35.832293404,1,0
35.845928174,1,1
35.848309834,0,1
35.848321670,0,0
35.848364600,0,1
35.848406138,0,0
35.848447590,0,1
35.848489124,0,0
35.848530576,0,1
35.848572114,0,0
35.848613568,0,1
35.848655106,0,0
35.848696560,0,1
35.848719872,1,1
35.848739082,1,0
35.848780530,1,1
35.848823060,1,0
35.848864506,1,1
35.848907036,1,0
35.848948486,1,1
35.848991012,1,0
35.849034932,1,1
35.849077466,1,0
35.849115952,1,1
35.849158480,1,0
35.849203386,1,1
35.852843432,0,1
35.852855270,0,0
35.852898198,0,1
35.852939734,0,0
35.852981186,0,1
35.853022724,0,0
35.853064176,0,1
35.853087488,1,1
35.853106702,1,0
35.853148154,1,1
35.853190684,1,0
35.853232134,1,1
35.853274662,1,0
35.853316108,1,1
35.853358640,1,0
35.853400092,1,1
35.853421402,0,1
35.853441640,0,0
35.853483096,0,1
35.853524640,0,0
35.853568566,0,1
35.853591882,1,1
35.853611096,1,0
35.853649588,1,1
35.853692120,1,0
35.853737026,1,1
35.853754316,1,0
35.869941344,1,1
35.878230234,1,0
35.886648120,1,1
35.886656698,1,0
35.886803914,0,0
35.886803940,0,1
35.888101604,0,0
35.888104916,1,0
35.888143066,1,1
35.888184608,1,0
35.888189306,0,0
35.888226076,0,1
35.888268608,0,0
35.888272410,1,0
35.888310068,1,1
35.888351612,1,0
35.888393074,1,1
35.888434614,1,0
35.888438888,0,0
35.888476080,0,1
35.888518612,0,0
35.888521988,1,0
35.888560074,1,1
35.888601616,1,0
35.888643080,1,1
35.888684626,1,0
35.888726084,1,1
35.888769114,1,0
35.888810572,1,1
35.888853102,1,0
35.888894560,1,1
35.888927726,0,1
35.888941050,0,0
35.888982518,0,1
35.889005836,1,1
35.889278002,0,1
35.889289842,0,0
35.889332776,0,1
35.889374316,0,0
35.889415776,0,1
35.889439094,1,1
35.889458306,1,0
35.889499756,1,1
35.889521064,0,1
35.889541302,0,0
35.889582758,0,1
35.889606072,1,1
35.889625286,1,0
35.889666742,1,1
35.889709278,1,0
35.889750732,1,1
35.889793262,1,0
35.889834720,1,1
35.889877262,1,0
35.889918720,1,1
35.889961260,1,0
35.890005186,1,1
35.890047718,1,0
35.890086206,1,1
35.890128744,1,0
35.890173656,1,1
35.890197318,1,0
35.890344528,0,0
35.890344554,0,1
35.890393102,0,0
35.890434568,0,1
35.890477102,0,0
35.890518570,0,1
35.890561104,0,0
35.890602576,0,1
35.890645110,0,0
35.890686576,0,1
35.890729110,0,0
35.890770576,0,1
35.890813110,0,0
35.890854578,0,1
35.890897114,0,0
35.890938578,0,1
35.890981114,0,0
35.891022580,0,1
35.891066598,0,0
35.891069036,1,0
35.891108058,1,1
35.891150590,1,0
35.891192042,1,1
35.891225208,0,1
35.891238532,0,0
35.891280002,0,1
35.891303320,1,1
35.891646922,0,1
35.891658744,0,0
35.891701616,0,1
35.891743094,0,0
35.891784478,0,1
35.891807756,1,1
35.891826940,1,0
35.891868314,1,1
35.891889592,0,1
35.891909796,0,0
35.891951180,0,1
35.891974456,1,1
35.891993636,1,0
35.892035014,1,1
35.892077476,1,0
35.892118844,1,1
35.892161306,1,0
35.892202682,1,1
35.892245140,1,0
35.892286510,1,1
35.892286514,1,0
35.892286516,1,1
35.892328976,1,0
35.892372814,1,1
35.892415276,1,0
35.892453690,1,1
35.892496138,1,0
35.892540948,1,1
35.892559682,1,0
35.900977704,1,1
35.900977708,1,0
35.900977710,1,1
35.909209914,1,0
35.917628488,1,1
35.924544958,0,1
35.924556774,0,0
35.924599620,0,1
35.924622888,1,1
35.924642066,1,0
35.924683420,1,1
35.924704682,0,1
35.924724878,0,0
35.924766242,0,1
35.924789518,1,1
35.924808700,1,0
35.924850058,1,1
35.924871328,0,1
35.924891524,0,0
35.924932888,0,1
35.924956154,1,1
35.924975332,1,0
35.925016692,1,1
35.925059142,1,0
35.925100502,1,1
35.925121770,0,1
35.925141966,0,0
35.925183328,0,1
35.925224788,0,0
35.925268614,0,1
35.925291878,1,1
35.925311058,1,0
35.925349460,1,1
35.925391910,1,0
35.925436724,1,1
35.925472994,1,0
35.941927664,1,1
35.944191820,0,1
35.944203638,0,0
35.944246480,0,1
35.944287942,0,0
35.944329310,0,1
35.944370768,0,0
35.944412134,0,1
35.944435396,1,1
35.944454576,1,0
35.944495936,1,1
35.944538390,1,0
35.944579748,1,1
35.944622206,1,0
35.944663566,1,1
35.944706018,1,0
35.944747384,1,1
35.944768654,0,1
35.944788850,0,0
35.944830214,0,1
35.944871676,0,0
35.944915504,0,1
35.944938770,1,1
35.944957948,1,0
35.944996352,1,1
35.945038804,1,0
35.945083614,1,1
35.945118552,1,0
35.957928218,1,1
35.960047240,0,1
35.960059056,0,0
35.960101896,0,1
35.960143352,0,0
35.960184714,0,1
35.960226176,0,0
35.960267534,0,1
35.960290796,1,1
35.960309970,1,0
35.960351314,1,1
35.960351318,1,0
35.960351320,1,1
35.960372580,0,1
35.960392770,0,0
35.960434120,0,1
35.960457376,1,1
35.960476548,1,0
35.960517890,1,1
35.960560326,1,0
35.960601672,1,1
35.960622936,0,1
35.960643124,0,0
35.960684468,0,1
35.960725914,0,0
35.960769724,0,1
35.960811168,0,0
35.960849558,0,1
35.960872814,1,1
35.960891990,1,0
35.960936792,1,1
35.960971850,1,0
35.973927694,1,1
35.974827252,0,1
35.974839066,0,0
35.974881914,0,1
35.974923380,0,0
35.974964748,0,1
35.975006208,0,0
35.975047568,0,1
35.975089028,0,0
35.975130392,0,1
35.975171854,0,0
35.975213218,0,1
35.975236482,1,1
35.975255662,1,0
35.975297024,1,1
35.975339474,1,0
35.975380834,1,1
35.975423286,1,0
35.975464646,1,1
35.975507096,1,0
35.975550920,1,1
35.975593372,1,0
35.975631778,1,1
35.975674228,1,0
35.975719034,1,1
35.979351900,0,1
35.979363714,0,0
35.979406556,0,1
35.979448018,0,0
35.979489382,0,1
35.979530844,0,0
35.979572206,0,1
35.979595472,1,1
35.979614654,1,0
35.979656014,1,1
35.979698462,1,0
35.979739824,1,1
35.979782270,1,0
35.979823624,1,1
35.979866074,1,0
35.979907436,1,1
35.979928708,0,1
35.979948904,0,0
35.979990274,0,1
35.980031736,0,0
35.980075566,0,1
35.980098832,1,1
35.980118012,1,0
35.980156414,1,1
35.980198862,1,0
35.980243674,1,1
35.980259694,1,0
35.989928602,1,1
35.990063452,0,1
35.990075268,0,0
35.990118112,0,1
35.990159576,0,0
35.990200946,0,1
35.990242408,0,0
35.990283770,0,1
35.990325228,0,0
35.990366594,0,1
35.990408052,0,0
35.990449416,0,1
35.990472684,1,1
35.990491860,1,0
35.990533218,1,1
35.990575668,1,0
35.990617032,1,1
35.990659484,1,0
35.990700842,1,1
35.990743292,1,0
35.990787116,1,1
35.990829564,1,0
35.990867964,1,1
35.990910414,1,0
35.990955222,1,1
35.994588956,0,1
35.994600770,0,0
35.994643610,0,1
35.994685070,0,0
35.994726430,0,1
35.994767886,0,0
35.994809248,0,1
35.994832514,1,1
35.994851692,1,0
35.994893046,1,1
35.994914320,0,1
35.994934516,0,0
35.994975878,0,1
35.994999140,1,1
35.995018316,1,0
35.995059672,1,1
35.995102120,1,0
35.995143476,1,1
35.995164746,0,1
35.995184940,0,0
35.995226304,0,1
35.995267760,0,0
35.995311588,0,1
35.995353046,0,0
35.995391450,0,1
35.995414716,1,1
35.995433894,1,0
35.995478704,1,1
35.995496414,1,0
36.005933244,1,1
36.008389996,0,1
36.008401812,0,0
36.008444650,0,1
36.008486106,0,0
36.008527464,0,1
36.008568920,0,0
36.008610280,0,1
36.008651738,0,0
36.008693096,0,1
36.008734554,0,0
36.008775916,0,1
36.008799180,1,1
36.008818356,1,0
36.008859712,1,1
36.008902158,1,0
36.008943512,1,1
36.008985958,1,0
36.009027310,1,1
36.009069756,1,0
36.009113576,1,1
36.009156022,1,0
36.009194416,1,1
36.009236864,1,0
36.009281670,1,1
36.012914178,0,1
36.012925992,0,0
36.012968830,0,1
36.012992092,1,1
36.013011272,1,0
36.013052632,1,1
36.013073900,0,1
36.013094092,0,0
36.013135452,0,1
36.013158712,1,1
36.013177890,1,0
36.013219242,1,1
36.013240512,0,1
36.013260708,0,0
36.013302070,0,1
36.013325334,1,1
36.013344510,1,0
36.013385866,1,1
36.013428320,1,0
36.013469682,1,1
36.013490954,0,1
36.013511150,0,0
36.013552514,0,1
36.013593972,0,0
36.013637802,0,1
36.013661066,1,1
36.013680244,1,0
36.013718642,1,1
36.013761090,1,0
36.013805902,1,1
36.013822482,1,0
36.029940068,1,1
36.029948646,1,0
36.030095882,0,0
36.030095910,0,1
36.030848612,0,0
36.030852614,1,0
36.030889978,1,1
36.030931434,1,0
36.030935342,0,0
36.030972802,0,1
36.031015244,0,0
36.031018434,1,0
36.031056608,1,1
36.031098066,1,0
36.031139426,1,1
36.031180880,1,0
36.031184886,0,0
36.031222244,0,1
36.031264690,0,0
36.031267974,1,0
36.031306050,1,1
36.031347508,1,0
36.031388868,1,1
36.031430326,1,0
36.031471686,1,1
36.031514620,1,0
36.031555978,1,1
36.031598422,1,0
36.031639784,1,1
36.031672882,0,1
36.031686176,0,0
36.031727548,0,1
36.031750816,1,1
36.032022374,0,1
36.032034188,0,0
36.032077024,0,1
36.032118480,0,0
36.032159842,0,1
36.032183106,1,1
36.032202282,1,0
36.032243640,1,1
36.032264910,0,1
36.032285106,0,0
36.032326466,0,1
36.032349724,1,1
36.032368900,1,0
36.032410256,1,1
36.032452698,1,0
36.032494054,1,1
36.032536500,1,0
36.032577856,1,1
36.032620302,1,0
36.032661658,1,1
36.032704104,1,0
36.032747924,1,1
36.032790370,1,0
36.032828766,1,1
36.032871214,1,0
36.032916018,1,1
36.032938742,1,0
36.033085962,0,0
36.033085990,0,1
36.033134982,0,0
36.033176348,0,1
36.033218792,0,0
36.033260158,0,1
36.033302602,0,0
36.033305996,1,0
36.033343968,1,1
36.033385426,1,0
36.033390400,0,0
36.033426796,0,1
36.033469242,0,0
36.033510600,0,1
36.033553040,0,0
36.033594420,0,1
36.033636878,0,0
36.033678242,0,1
36.033720688,0,0
36.033762058,0,1
36.033805982,0,0
36.033847354,0,1
36.033886348,0,0
36.033887952,1,0
36.033927710,1,1
36.033960806,0,1
36.033974102,0,0
36.034015476,0,1
36.034038740,1,1
36.034377538,0,1
36.034389372,0,0
36.034432282,0,1
36.034473804,0,0
36.034515240,0,1
36.034538544,1,1
36.034557748,1,0
36.034599182,1,1
36.034620484,0,1
36.034640716,0,0
36.034682152,0,1
36.034705458,1,1
36.034724664,1,0
36.034766100,1,1
36.034808620,1,0
36.034850052,1,1
36.034892570,1,0
36.034934008,1,1
36.034976524,1,0
36.035017958,1,1
36.035060476,1,0
36.035104378,1,1
36.035146896,1,0
36.035185368,1,1
36.035227882,1,0
36.035272772,1,1
36.035291564,1,0
36.043710132,1,1
36.051943688,1,0
36.060363204,1,1
36.062338302,0,1
36.062350140,0,0
36.062393064,0,1
36.062416372,1,1
36.062435582,1,0
36.062477022,1,1
36.062519542,1,0
36.062560982,1,1
36.062582288,0,1
36.062602522,0,0
36.062643970,0,1
36.062685504,0,0
36.062726944,0,1
36.062768462,0,0
36.062809896,0,1
36.062851416,0,0
36.062892846,0,1
36.062916148,1,1
36.062935352,1,0
36.062976782,1,1
36.062998080,0,1
36.063018306,0,0
36.063062208,0,1
36.063103730,0,0
36.063142196,0,1
36.063165496,1,1
36.063184700,1,0
36.063229582,1,1
36.063265038,1,0
36.077929982,1,1
36.079926498,0,1
36.079938336,0,0
36.079981268,0,1
36.080022804,0,0
36.080064250,0,1
36.080105782,0,0
36.080147230,0,1
36.080170542,1,1
36.080189752,1,0
36.080231198,1,1
36.080252506,0,1
36.080272742,0,0
36.080314192,0,1
36.080355728,0,0
36.080397178,0,1
36.080438714,0,0
36.080480160,0,1
36.080503472,1,1
36.080522684,1,0
36.080564128,1,1
36.080585434,0,1
36.080605670,0,0
36.080649590,0,1
36.080672902,1,1
36.080692114,1,0
36.080730594,1,1
36.080773118,1,0
36.080818020,1,1
36.080853222,1,0
36.093939318,1,1
36.102173196,1,0
36.110592768,1,1
36.118825656,1,0
36.127256546,1,1
36.135490744,1,0
36.143910490,1,1
36.152155252,1,0
36.160574704,1,1
36.168695158,0,1
36.168706996,0,0
36.168749928,0,1
36.168791468,0,0
36.168832920,0,1
36.168874456,0,0
36.168915908,0,1
36.168939216,1,1
36.168958428,1,0
36.168999874,1,1
36.169042404,1,0
36.169083850,1,1
36.169126378,1,0
36.169167824,1,1
36.169210354,1,0
36.169251800,1,1
36.169273108,0,1
36.169293344,0,0
36.169334792,0,1
36.169376332,0,0
36.169420258,0,1
36.169443566,1,1
36.169462778,1,0
36.169501264,1,1
36.169543794,1,0
36.169588698,1,1
36.169624040,1,0
36.181939684,1,1
36.181948262,1,0
36.182095496,0,0
36.182095522,0,1
36.182425870,0,0
36.182428854,1,0
36.182467326,1,1
36.182508872,1,0
36.182513252,0,0
36.182550338,0,1
36.182592868,0,0
36.182596358,1,0
36.182634332,1,1
36.182675876,1,0
36.182717332,1,1
36.182758874,1,0
36.182762832,0,0
36.182800338,0,1
36.182842866,0,0
36.182845930,1,0
36.182884326,1,1
36.182925864,1,0
36.182967314,1,1
36.183008852,1,0
36.183050310,1,1
36.183093332,1,0
36.183134792,1,1
36.183177324,1,0
36.183218776,1,1
36.183251936,0,1
36.183265260,0,0
36.183306726,0,1
36.183330040,1,1
36.183602194,0,1
36.183614034,0,0
36.183656974,0,1
36.183698514,0,0
36.183739966,0,1
36.183763280,1,1
36.183782492,1,0
36.183823944,1,1
36.183845252,0,1
36.183865490,0,0
36.183906944,0,1
36.183930258,1,1
36.183949470,1,0
36.183990920,1,1
36.184033450,1,0
36.184074902,1,1
36.184117432,1,0
36.184158878,1,1
36.184201412,1,0
36.184242858,1,1
36.184285386,1,0
36.184329310,1,1
36.184371840,1,0
36.184410324,1,1
36.184452860,1,0
36.184497770,1,1
36.184520432,1,0
36.184667674,0,0
36.184667702,0,1
36.184717202,0,0
36.184758664,0,1
36.184801190,0,0
36.184842650,0,1
36.184885182,0,0
36.184926642,0,1
36.184969176,0,0
36.185010644,0,1
36.185053176,0,0
36.185094642,0,1
36.185137176,0,0
36.185178640,0,1
36.185221174,0,0
36.185262642,0,1
36.185305170,0,0
36.185346636,0,1
36.185390654,0,0
36.185393928,1,0
36.185432112,1,1
36.185474638,1,0
36.185516096,1,1
36.185549256,0,1
36.185562578,0,0
36.185604042,0,1
36.185627360,1,1
36.185970952,0,1
36.185982772,0,0
36.186025636,0,1
36.186067112,0,0
36.186108494,0,1
36.186131770,1,1
36.186150954,1,0
36.186192332,1,1
36.186213612,0,1
36.186233816,0,0
36.186275200,0,1
36.186298476,1,1
36.186317660,1,0
36.186359032,1,1
36.186401496,1,0
36.186442872,1,1
36.186485334,1,0
36.186526706,1,1
36.186569170,1,0
36.186610536,1,1
36.186652998,1,0
36.186696850,1,1
36.186739308,1,0
36.186777718,1,1
36.186820178,1,0
36.186865002,1,1
36.186883790,1,0
36.195302860,1,1
36.196854290,0,1
36.196866106,0,0
36.196908956,0,1
36.196950420,0,0
36.196991788,0,1
36.197033256,0,0
36.197074626,0,1
36.197116092,0,0
36.197157462,0,1
36.197198928,0,0
36.197240300,0,1
36.197263568,1,1
36.197282748,1,0
36.197324114,1,1
36.197366566,1,0
36.197407934,1,1
36.197450394,1,0
36.197491762,1,1
36.197491764,1,0
36.197491766,1,1
36.197534220,1,0
36.197578056,1,1
36.197620516,1,0
36.197658928,1,1
36.197701384,1,0
36.197746200,1,1
36.201383532,0,1
36.201395352,0,0
36.201438202,0,1
36.201479668,0,0
36.201521042,0,1
36.201562508,0,0
36.201603882,0,1
36.201627156,1,1
36.201646336,1,0
36.201687704,1,1
36.201708978,0,1
36.201729178,0,0
36.201770554,0,1
36.201812020,0,0
36.201853394,0,1
36.201894864,0,0
36.201936238,0,1
36.201959504,1,1
36.201978684,1,0
36.202020052,1,1
36.202041324,0,1
36.202061522,0,0
36.202105358,0,1
36.202128628,1,1
36.202147808,1,0
36.202186218,1,1
36.202228670,1,0
36.202273484,1,1
36.202289780,1,0
36.213927552,1,1
36.215592926,0,1
36.215604742,0,0
36.215647586,0,1
36.215689050,0,0
36.215730416,0,1
36.215771880,0,0
36.215813250,0,1
36.215854714,0,0
36.215896082,0,1
36.215937546,0,0
36.215978910,0,1
36.216002174,1,1
36.216021352,1,0
36.216062718,1,1
36.216105166,1,0
36.216146524,1,1
36.216188980,1,0
36.216230346,1,1
36.216272800,1,0
36.216316628,1,1
36.216359080,1,0
36.216397480,1,1
36.216439930,1,0
36.216484744,1,1
36.220117760,0,1
36.220129576,0,0
36.220172418,0,1
36.220213882,0,0
36.220255250,0,1
36.220296712,0,0
36.220338076,0,1
36.220361344,1,1
36.220380524,1,0
36.220421886,1,1
36.220464334,1,0
36.220505692,1,1
36.220548146,1,0
36.220589510,1,1
36.220631968,1,0
36.220673336,1,1
36.220694606,0,1
36.220714804,0,0
36.220756168,0,1
36.220797636,0,0
36.220841458,0,1
36.220864718,1,1
36.220883890,1,0
36.220922276,1,1
36.220964712,1,0
36.221009504,1,1
36.221025806,1,0
36.229927738,1,1
36.230829136,0,1
36.230840952,0,0
36.230883798,0,1
36.230925262,0,0
36.230966630,0,1
36.231008092,0,0
36.231049458,0,1
36.231090920,0,0
36.231132288,0,1
36.231173750,0,0
36.231215116,0,1
36.231238384,1,1
36.231257564,1,0
36.231298926,1,1
36.231341378,1,0
36.231382744,1,1
36.231425198,1,0
36.231466558,1,1
36.231509014,1,0
36.231552844,1,1
36.231595296,1,0
36.231633712,1,1
36.231676188,1,0
36.231721024,1,1
36.235355186,0,1
36.235367000,0,0
36.235409844,0,1
36.235433112,1,1
36.235452290,1,0
36.235493656,1,1
36.235536108,1,0
36.235577474,1,1
36.235598746,0,1
36.235618946,0,0
36.235660314,0,1
36.235701780,0,0
36.235743148,0,1
36.235784608,0,0
36.235825976,0,1
36.235867440,0,0
36.235908812,0,1
36.235932078,1,1
36.235951260,1,0
36.235992628,1,1
36.236013900,0,1
36.236034096,0,0
36.236077932,0,1
36.236119398,0,0
36.236157808,0,1
36.236181076,1,1
36.236200258,1,0
36.236245072,1,1
36.236261458,1,0
36.245927898,1,1
36.254160238,1,0
36.262590636,1,1
36.263535822,0,1
36.263547636,0,0
36.263590466,0,1
36.263613734,1,1
36.263632912,1,0
36.263674268,1,1
36.263716712,1,0
36.263758066,1,1
36.263779336,0,1
36.263799530,0,0
36.263840886,0,1
36.263882342,0,0
36.263923702,0,1
36.263965158,0,0
36.264006522,0,1
36.264047980,0,0
36.264089342,0,1
36.264112608,1,1
36.264131786,1,0
36.264173146,1,1
36.264194410,0,1
36.264214604,0,0
36.264258428,0,1
36.264299890,0,0
36.264338294,0,1
36.264361558,1,1
36.264380736,1,0
36.264425544,1,1
36.264461088,1,0
36.277927650,1,1
36.286160152,1,0
36.294589382,1,1
36.302821796,1,0
36.311240506,1,1
36.319528628,1,0
36.327959210,1,1
36.327967790,1,0
36.328115048,0,0
36.328115074,0,1
36.328517514,0,0
36.328521578,1,0
36.328558874,1,1
36.328600330,1,0
36.328604318,0,0
36.328641702,0,1
36.328684146,0,0
36.328687416,1,0
36.328725500,1,1
36.328766952,1,0
36.328808310,1,1
36.328849764,1,0
36.328853902,0,0
36.328891130,0,1
36.328933578,0,0
36.328937008,1,0
36.328974940,1,1
36.329016396,1,0
36.329057754,1,1
36.329099208,1,0
36.329140566,1,1
36.329183500,1,0
36.329224858,1,1
36.329267296,1,0
36.329308658,1,1
36.329341752,0,1
36.329355046,0,0
36.329396424,0,1
36.329419698,1,1
36.329691274,0,1
36.329703088,0,0
36.329745924,0,1
36.329787378,0,0
36.329828740,0,1
36.329852000,1,1
36.329871180,1,0
36.329912534,1,1
36.329933806,0,1
36.329954000,0,0
36.329995362,0,1
36.330018628,1,1
36.330037804,1,0
36.330079162,1,1
36.330121612,1,0
36.330162968,1,1
36.330205412,1,0
36.330246770,1,1
36.330289216,1,0
36.330330574,1,1
36.330373024,1,0
36.330416846,1,1
36.330459288,1,0
36.330497684,1,1
36.330540128,1,0
36.330584932,1,1
36.330607880,1,0
36.330755116,0,0
36.330755144,0,1
36.330803892,0,0
36.330845258,0,1
36.330887704,0,0
36.330929072,0,1
36.330971514,0,0
36.330975196,1,0
36.331012892,1,1
36.331054374,1,0
36.331057936,0,0
36.331095772,0,1
36.331138242,0,0
36.331179624,0,1
36.331222078,0,0
36.331263454,0,1
36.331305906,0,0
36.331347278,0,1
36.331389732,0,0
36.331431108,0,1
36.331475036,0,0
36.331516406,0,1
36.331555402,0,0
36.331557158,1,0
36.331596760,1,1
36.331629852,0,1
36.331643142,0,0
36.331684514,0,1
36.331707786,1,1
36.332046582,0,1
36.332058414,0,0
36.332101322,0,1
36.332142840,0,0
36.332184278,0,1
36.332207584,1,1
36.332226792,1,0
36.332268232,1,1
36.332289538,0,1
36.332309774,0,0
36.332351222,0,1
36.332374532,1,1
36.332393738,1,0
36.332435184,1,1
36.332477710,1,0
36.332519154,1,1
36.332561680,1,0
36.332603120,1,1
36.332645644,1,0
36.332687080,1,1
36.332729600,1,0
36.332773506,1,1
36.332816026,1,0
36.332854504,1,1
36.332897028,1,0
36.332941930,1,1
36.332960746,1,0
36.341379370,1,1
36.349611834,1,0
36.358030932,1,1
36.358705470,0,1
36.358717306,0,0
36.358760228,0,1
36.358783538,1,1
36.358802746,1,0
36.358844188,1,1
36.358865492,0,1
36.358885726,0,0
36.358927176,0,1
36.358950484,1,1
36.358969694,1,0
36.359011130,1,1
36.359032440,0,1
36.359052674,0,0
36.359094116,0,1
36.359117424,1,1
36.359136632,1,0
36.359178072,1,1
36.359220594,1,0
36.359262030,1,1
36.359283336,0,1
36.359303572,0,0
36.359345020,0,1
36.359386554,0,0
36.359430472,0,1
36.359453780,1,1
36.359472990,1,0
36.359511468,1,1
36.359553990,1,0
36.359598888,1,1
36.359634426,1,0
36.373938732,1,1
36.382171110,1,0
36.390589048,1,1
36.390815352,0,1
36.390827188,0,0
36.390870120,0,1
36.390911658,0,0
36.390953108,0,1
36.390994644,0,0
36.391036094,0,1
36.391077632,0,0
36.391119086,0,1
36.391160624,0,0
36.391202076,0,1
36.391225384,1,1
36.391244592,1,0
36.391286038,1,1
36.391328570,1,0
36.391370018,1,1
36.391412552,1,0
36.391454004,1,1
36.391496536,1,0
36.391540458,1,1
36.391582988,1,0
36.391621478,1,1
36.391664010,1,0
36.391708918,1,1
36.395350024,0,1
36.395361862,0,0
36.395404790,0,1
36.395428100,1,1
36.395447308,1,0
36.395488752,1,1
36.395531282,1,0
36.395572728,1,1
36.395594036,0,1
36.395614276,0,0
36.395655732,0,1
36.395697266,0,0
36.395738718,0,1
36.395780252,0,0
36.395821702,0,1
36.395863240,0,0
36.395904690,0,1
36.395927998,1,1
36.395947210,1,0
36.395988656,1,1
36.396009960,0,1
36.396030188,0,0
36.396074094,0,1
36.396115638,0,0
36.396154140,0,1
36.396177454,1,1
36.396196664,1,0
36.396241570,1,1
36.396258644,1,0
36.405927618,1,1
36.408246200,0,1
36.408258038,0,0
36.408300968,0,1
36.408342504,0,0
36.408383958,0,1
36.408425494,0,0
36.408466944,0,1
36.408508482,0,0
36.408549934,0,1
36.408591472,0,0
36.408632930,0,1
36.408656242,1,1
36.408675452,1,0
36.408716900,1,1
36.408759430,1,0
36.408800878,1,1
36.408843406,1,0
36.408884856,1,1
36.408927384,1,0
36.408971302,1,1
36.409013832,1,0
36.409052314,1,1
36.409094842,1,0
36.409139748,1,1
36.412779948,0,1
36.412791788,0,0
36.412834718,0,1
36.412858028,1,1
36.412877238,1,0
36.412918686,1,1
36.412939992,0,1
36.412960228,0,0
36.413001680,0,1
36.413024988,1,1
36.413044200,1,0
36.413085648,1,1
36.413106958,0,1
36.413127192,0,0
36.413168646,0,1
36.413191960,1,1
36.413211170,1,0
36.413252618,1,1
36.413295146,1,0
36.413336592,1,1
36.413357902,0,1
36.413378138,0,0
36.413419592,0,1
36.413461134,0,0
36.413505062,0,1
36.413528372,1,1
36.413547586,1,0
36.413586074,1,1
36.413628604,1,0
36.413673506,1,1
36.413689854,1,0
36.429940212,1,1
36.438172620,1,0
36.446591672,1,1
36.448860520,0,1
36.448872360,0,0
36.448915292,0,1
36.448938608,1,1
36.448957820,1,0
36.448999270,1,1
36.449020576,0,1
36.449040812,0,0
36.449082264,0,1
36.449105574,1,1
36.449124788,1,0
36.449166232,1,1
36.449187540,0,1
36.449207776,0,0
36.449249232,0,1
36.449272546,1,1
36.449291756,1,0
36.449333208,1,1
36.449375746,1,0
36.449417204,1,1
36.449438516,0,1
36.449458756,0,0
36.449500210,0,1
36.449541748,0,0
36.449585672,0,1
36.449608990,1,1
36.449628202,1,0
36.449666688,1,1
36.449709222,1,0
36.449754130,1,1
36.449778364,1,0
36.461938204,1,1
36.470170488,1,0
36.478587834,1,1
36.486875332,1,0
36.495305306,1,1
36.495313882,1,0
36.495461098,0,0
36.495461126,0,1
36.496232278,0,0
36.496236098,1,0
36.496273742,1,1
36.496315288,1,0
36.496318826,0,0
36.496356752,0,1
36.496399284,0,0
36.496403584,1,0
36.496440746,1,1
36.496482284,1,0
36.496523740,1,1
36.496565284,1,0
36.496570058,0,0
36.496606748,0,1
36.496649280,0,0
36.496653156,1,0
36.496690738,1,1
36.496732276,1,0
36.496773724,1,1
36.496815254,1,0
36.496856700,1,1
36.496899722,1,0
36.496941180,1,1
36.496983702,1,0
36.497025148,1,1
36.497058308,0,1
36.497071634,0,0
36.497113100,0,1
36.497136418,1,1
36.497408556,0,1
36.497420394,0,0
36.497463334,0,1
36.497504880,0,0
36.497546342,0,1
36.497569656,1,1
36.497588872,1,0
36.497630340,1,1
36.497651654,0,1
36.497671894,0,0
36.497713358,0,1
36.497736678,1,1
36.497755890,1,0
36.497797342,1,1
36.497839878,1,0
36.497881334,1,1
36.497923866,1,0
36.497965324,1,1
36.498007856,1,0
36.498049306,1,1
36.498091840,1,0
36.498135758,1,1
36.498178292,1,0
36.498216782,1,1
36.498259320,1,0
36.498304230,1,1
36.498327640,1,0
36.498474878,0,0
36.498474904,0,1
36.498523680,0,0
36.498565146,0,1
36.498607678,0,0
36.498649150,0,1
36.498691682,0,0
36.498733152,0,1
36.498775688,0,0
36.498817160,0,1
36.498859694,0,0
36.498901166,0,1
36.498943698,0,0
36.498985162,0,1
36.499027696,0,0
36.499069164,0,1
36.499111694,0,0
36.499153162,0,1
36.499197180,0,0
36.499201116,1,0
36.499238636,1,1
36.499281172,1,0
36.499322630,1,1
36.499355794,0,1
36.499369116,0,0
36.499410586,0,1
36.499433906,1,1
36.499777512,0,1
36.499789334,0,0
36.499832206,0,1
36.499873686,0,0
36.499915066,0,1
36.499938344,1,1
36.499957530,1,0
36.499998906,1,1
36.500020182,0,1
36.500040384,0,0
36.500081768,0,1
36.500105042,1,1
36.500124226,1,0
36.500165602,1,1
36.500208070,1,0
36.500249444,1,1
36.500291908,1,0
36.500333286,1,1
36.500375750,1,0
36.500417124,1,1
36.500459590,1,0
36.500503430,1,1
36.500545892,1,0
36.500584308,1,1
36.500626778,1,0
36.500671606,1,1
36.500690514,1,0
36.509108128,1,1
36.517340396,1,0
36.525759004,1,1
36.525759008,1,0
36.525759010,1,1
36.534003346,1,0
36.542422074,1,1
36.550655208,1,0
36.559085824,1,1
36.567319034,1,0
36.575738404,1,1
36.583982912,1,0
36.592401690,1,1
36.600634684,1,0
36.609053142,1,1
36.613696062,0,1
36.613707876,0,0
36.613750716,0,1
36.613792176,0,0
36.613833542,0,1
36.613856808,1,1
36.613875986,1,0
36.613917342,1,1
36.613959786,1,0
36.614001140,1,1
36.614043584,1,0
36.614084936,1,1
36.614127384,1,0
36.614168742,1,1
36.614211192,1,0
36.614252552,1,1
36.614273820,0,1
36.614294016,0,0
36.614335380,0,1
36.614376840,0,0
36.614420666,0,1
36.614462124,0,0
36.614500528,0,1
36.614523792,1,1
36.614542970,1,0
36.614587780,1,1
36.614623230,1,0
36.629938318,1,1
36.638171556,1,0
36.646591216,1,1
36.654835684,1,0
36.663254462,1,1
36.671487348,1,0
36.679973676,1,1
36.679982256,1,0
36.680129502,0,0
36.680129528,0,1
36.681093136,0,0
36.681097052,1,0
36.681134496,1,1
36.681175950,1,0
36.681179798,0,0
36.681217312,0,1
36.681259756,0,0
36.681262910,1,0
36.681301110,1,1
36.681342566,1,0
36.681383926,1,1
36.681425380,1,0
36.681429394,0,0
36.681466746,0,1
36.681509190,0,0
36.681512496,1,0
36.681550550,1,1
36.681592008,1,0
36.681633372,1,1
36.681674828,1,0
36.681716182,1,1
36.681759116,1,0
36.681800464,1,1
36.681842898,1,0
36.681884248,1,1
36.681917342,0,1
36.681930636,0,0
36.681972008,0,1
36.681995278,1,1
36.682266834,0,1
36.682278652,0,0
36.682321504,0,1
36.682362968,0,0
36.682404344,0,1
36.682427616,1,1
36.682446798,1,0
36.682488168,1,1
36.682509446,0,1
36.682529648,0,0
36.682571024,0,1
36.682594296,1,1
36.682613484,1,0
36.682654860,1,1
36.682697322,1,0
36.682738694,1,1
36.682781152,1,0
36.682822524,1,1
36.682864984,1,0
36.682906352,1,1
36.682948812,1,0
36.682992636,1,1
36.683035084,1,0
36.683073480,1,1
36.683115920,1,0
36.683160716,1,1
36.683183042,1,0
36.683330280,0,0
36.683330306,0,1
36.683379676,0,0
36.683421042,0,1
36.683463486,0,0
36.683504852,0,1
36.683547298,0,0
36.683550296,1,0
36.683588662,1,1
36.683630122,1,0
36.683634684,0,0
36.683671486,0,1
36.683713932,0,0
36.683755300,0,1
36.683797746,0,0
36.683839114,0,1
36.683881564,0,0
36.683922934,0,1
36.683965382,0,0
36.684006756,0,1
36.684050682,0,0
36.684092050,0,1
36.684131048,0,0
36.684133906,1,0
36.684172408,1,1
36.684205502,0,1
36.684218796,0,0
36.684260166,0,1
36.684283430,1,1
36.684622220,0,1
36.684634052,0,0
36.684676962,0,1
36.684718480,0,0
36.684759914,0,1
36.684783216,1,1
36.684802422,1,0
36.684843848,1,1
36.684865150,0,1
36.684885380,0,0
36.684926818,0,1
36.684950124,1,1
36.684969326,1,0
36.685010758,1,1
36.685053276,1,0
36.685094706,1,1
36.685137228,1,0
36.685178660,1,1
36.685221174,1,0
36.685262602,1,1
36.685305122,1,0
36.685349020,1,1
36.685391538,1,0
36.685430012,1,1
36.685472532,1,0
36.685517420,1,1
36.685536324,1,0
36.693955340,1,1
36.702188022,1,0
36.710606516,1,1
36.717771182,0,1
36.717783020,0,0
36.717825946,0,1
36.717867476,0,0
36.717908920,0,1
36.717950454,0,0
36.717991896,0,1
36.718033424,0,0
36.718074872,0,1
36.718116406,0,0
36.718157852,0,1
36.718181164,1,1
36.718200374,1,0
36.718241814,1,1
36.718284336,1,0
36.718325778,1,1
36.718368302,1,0
36.718409744,1,1
36.718452272,1,0
36.718496186,1,1
36.718538708,1,0
36.718577186,1,1
36.718619712,1,0
36.718664610,1,1
36.722301382,0,1
36.722313220,0,0
36.722356144,0,1
36.722397666,0,0
36.722439112,0,1
36.722462426,1,1
36.722481640,1,0
36.722523086,1,1
36.722565606,1,0
36.722607046,1,1
36.722649572,1,0
36.722691018,1,1
36.722733542,1,0
36.722774986,1,1
36.722817514,1,0
36.722858956,1,1
36.722880264,0,1
36.722900498,0,0
36.722941948,0,1
36.722983482,0,0
36.723027404,0,1
36.723068938,0,0
36.723107422,0,1
36.723130730,1,1
36.723149942,1,0
36.723194848,1,1
36.723211892,1,0
36.733925240,1,1
36.735685252,0,1
36.735697088,0,0
36.735740016,0,1
36.735781548,0,0
36.735822996,0,1
36.735864534,0,0
36.735905982,0,1
36.735947518,0,0
36.735988962,0,1
36.736030496,0,0
36.736071942,0,1
36.736095248,1,1
36.736114454,1,0
36.736155902,1,1
36.736198428,1,0
36.736239872,1,1
36.736282400,1,0
36.736323844,1,1
36.736366366,1,0
36.736410282,1,1
36.736452806,1,0
36.736491282,1,1
36.736533808,1,0
36.736578710,1,1
36.740218732,0,1
36.740230570,0,0
36.740273498,0,1
36.740296808,1,1
36.740316020,1,0
36.740357468,1,1
36.740378774,0,1
36.740399006,0,0
36.740440454,0,1
36.740463766,1,1
36.740482976,1,0
36.740524420,1,1
36.740545728,0,1
36.740565962,0,0
36.740607422,0,1
36.740630742,1,1
36.740649960,1,0
36.740691434,1,1
36.740733986,1,0
36.740775440,1,1
36.740796748,0,1
36.740816982,0,0
36.740858432,0,1
36.740899968,0,0
36.740943886,0,1
36.740967194,1,1
36.740986404,1,0
36.741024884,1,1
36.741067408,1,0
36.741112310,1,1
36.741128910,1,0
36.749926420,1,1
36.758158720,1,0
36.766588922,1,1
36.772858470,0,1
36.772870308,0,0
36.772913236,0,1
36.772936546,1,1
36.772955754,1,0
36.772997196,1,1
36.773018504,0,1
36.773038738,0,0
36.773080188,0,1
36.773103500,1,1
36.773122710,1,0
36.773164156,1,1
36.773185464,0,1
36.773205700,0,0
36.773247156,0,1
36.773270464,1,1
36.773289674,1,0
36.773331116,1,1
36.773373638,1,0
36.773415084,1,1
36.773436392,0,1
36.773456628,0,0
36.773498086,0,1
36.773539628,0,0
36.773583550,0,1
36.773606862,1,1
36.773626076,1,0
36.773664560,1,1
36.773707088,1,0
36.773751992,1,1
36.773787480,1,0
36.789936986,1,1
36.792552588,0,1
36.792564426,0,0
36.792607360,0,1
36.792648902,0,0
36.792690358,0,1
36.792713670,1,1
36.792732880,1,0
36.792774332,1,1
36.792816864,1,0
36.792858312,1,1
36.792900848,1,0
36.792942296,1,1
36.792984828,1,0
36.793026278,1,1
36.793068810,1,0
36.793110260,1,1
36.793131566,0,1
36.793151806,0,0
36.793193260,0,1
36.793234796,0,0
36.793278722,0,1
36.793320264,0,0
36.793358754,0,1
36.793382066,1,1
36.793401280,1,0
36.793446190,1,1
36.793481304,1,0
36.805926688,1,1
36.814215350,1,0
36.822645242,1,1
36.822653818,1,0
36.822801064,0,0
36.822801090,0,1
36.822906728,0,0
36.822910096,1,0
36.822948186,1,1
36.822989734,1,0
36.822994502,0,0
36.823031200,0,1
36.823073732,0,0
36.823077612,1,0
36.823115192,1,1
36.823156734,1,0
36.823198190,1,1
36.823239730,1,0
36.823244096,0,0
36.823281194,0,1
36.823323724,0,0
36.823327206,1,0
36.823365182,1,1
36.823406726,1,0
36.823448184,1,1
36.823489724,1,0
36.823531178,1,1
36.823574198,1,0
36.823615652,1,1
36.823658180,1,0
36.823699636,1,1
36.823732796,0,1
36.823746120,0,0
36.823787586,0,1
36.823810904,1,1
36.824083062,0,1
36.824094902,0,0
36.824137836,0,1
36.824179378,0,0
36.824220834,0,1
36.824244150,1,1
36.824263360,1,0
36.824304812,1,1
36.824326122,0,1
36.824346362,0,0
36.824387818,0,1
36.824411136,1,1
36.824430350,1,0
36.824471808,1,1
36.824514340,1,0
36.824555794,1,1
36.824598330,1,0
36.824639786,1,1
36.824682318,1,0
36.824723776,1,1
36.824766306,1,0
36.824810230,1,1
36.824852764,1,0
36.824891252,1,1
36.824933784,1,0
36.824978694,1,1
36.825001026,1,0
36.825148268,0,0
36.825148296,0,1
36.825198136,0,0
36.825239600,0,1
36.825282134,0,0
36.825323598,0,1
36.825366134,0,0
36.825407604,0,1
36.825450140,0,0
36.825491606,0,1
36.825534144,0,0
36.825575614,0,1
36.825618152,0,0
36.825659626,0,1
36.825702162,0,0
36.825743632,0,1
36.825786168,0,0
36.825827638,0,1
36.825871656,0,0
36.825874452,1,0
36.825913120,1,1
36.825955652,1,0
36.825997108,1,1
36.826030274,0,1
36.826043598,0,0
36.826085068,0,1
36.826108386,1,1
36.826451992,0,1
36.826463814,0,0
36.826506680,0,1
36.826548158,0,0
36.826589542,0,1
36.826612820,1,1
36.826632008,1,0
36.826673390,1,1
36.826694670,0,1
36.826714874,0,0
36.826756256,0,1
36.826779532,1,1
36.826798714,1,0
36.826840092,1,1
36.826882558,1,0
36.826923932,1,1
36.826966398,1,0
36.827007774,1,1
36.827050234,1,0
36.827091610,1,1
36.827134076,1,0
36.827177902,1,1
36.827220358,1,0
36.827258776,1,1
36.827301246,1,0
36.827346066,1,1
36.827364886,1,0
36.835783660,1,1
36.844015782,1,0
36.852433896,1,1
36.860677458,1,0
36.869095812,1,1
36.869139550,0,1
36.869151368,0,0
36.869194228,0,1
36.869235696,0,0
36.869277066,0,1
36.869318528,0,0
36.869359896,0,1
36.869401358,0,0
36.869442730,0,1
36.869484194,0,0
36.869525560,0,1
36.869548826,1,1
36.869568006,1,0
36.869609368,1,1
36.869651818,1,0
36.869693180,1,1
36.869735630,1,0
36.869776986,1,1
36.869819436,1,0
36.869863258,1,1
36.869905706,1,0
36.869944106,1,1
36.869986560,1,0
36.870031370,1,1
36.873661380,0,1
36.873673196,0,0
36.873716042,0,1
36.873757504,0,0
36.873798870,0,1
36.873822140,1,1
36.873841320,1,0
36.873882686,1,1
36.873925138,1,0
36.873966502,1,1
36.874008956,1,0
36.874050320,1,1
36.874092774,1,0
36.874134134,1,1
36.874176588,1,0
36.874217952,1,1
36.874239220,0,1
36.874259416,0,0
36.874300784,0,1
36.874342244,0,0
36.874386074,0,1
36.874427538,0,0
36.874465946,0,1
36.874489210,1,1
36.874508388,1,0
36.874553204,1,1
36.874569768,1,0
36.885937714,1,1
36.894171194,1,0
36.902590424,1,1
36.910835388,1,0
36.919254576,1,1
36.927487580,1,0
36.935918150,1,1
36.936245922,0,1
36.936257734,0,0
36.936300574,0,1
36.936342032,0,0
36.936383392,0,1
36.936406654,1,1
36.936425832,1,0
36.936467188,1,1
36.936509638,1,0
36.936550998,1,1
36.936593446,1,0
36.936634806,1,1
36.936677248,1,0
36.936718592,1,1
36.936761018,1,0
36.936802350,1,1
36.936823612,0,1
36.936843796,0,0
36.936885140,0,1
36.936926576,0,0
36.936970390,0,1
36.937011832,0,0
36.937050222,0,1
36.937073484,1,1
36.937092662,1,0
36.937137468,1,1
36.937172548,1,0
36.949925742,1,1
36.958158806,1,0
36.966644318,1,1
36.966652898,1,0
36.966800144,0,0
36.966800172,0,1
36.967791794,0,0
36.967795880,1,0
36.967833158,1,1
36.967874618,1,0
36.967878618,0,0
36.967915988,0,1
36.967958436,0,0
36.967961724,1,0
36.967999802,1,1
36.968041262,1,0
36.968082626,1,1
36.968124086,1,0
36.968128202,0,0
36.968165456,0,1
36.968207900,0,0
36.968211316,1,0
36.968249262,1,1
36.968290726,1,0
36.968332086,1,1
36.968373544,1,0
36.968414906,1,1
36.968457844,1,0
36.968499202,1,1
36.968541646,1,0
36.968583004,1,1
36.968616098,0,1
36.968629394,0,0
36.968670774,0,1
36.968694042,1,1
36.968965614,0,1
36.968977428,0,0
36.969020266,0,1
36.969061728,0,0
36.969103090,0,1
36.969126352,1,1
36.969145530,1,0
36.969186890,1,1
36.969208160,0,1
36.969228354,0,0
36.969269712,0,1
36.969292974,1,1
36.969312154,1,0
36.969353512,1,1
36.969395960,1,0
36.969437318,1,1
36.969479768,1,0
36.969521124,1,1
36.969563570,1,0
36.969604922,1,1
36.969647370,1,0
36.969691192,1,1
36.969733642,1,0
36.969772044,1,1
36.969814494,1,0
36.969859304,1,1
36.969882092,1,0
36.970029302,0,0
36.970029330,0,1
36.970078270,0,0
36.970119636,0,1
36.970162080,0,0
36.970203446,0,1
36.970245894,0,0
36.970249300,1,0
36.970287258,1,1
36.970328718,1,0
36.970333686,0,0
36.970370092,0,1
36.970412540,0,0
36.970453910,0,1
36.970496362,0,0
36.970537734,0,1
36.970580178,0,0
36.970621552,0,1
36.970664002,0,0
36.970705376,0,1
36.970749304,0,0
36.970790678,0,1
36.970829674,0,0
36.970831194,1,0
36.970871040,1,1
36.970904144,0,1
36.970917440,0,0
36.970958818,0,1
36.970982088,1,1
36.971320908,0,1
36.971332738,0,0
36.971375650,0,1
36.971417172,0,0
36.971458608,0,1
36.971481914,1,1
36.971501120,1,0
36.971542554,1,1
36.971563858,0,1
36.971584088,0,0
36.971625528,0,1
36.971648834,1,1
36.971668042,1,0
36.971709480,1,1
36.971751996,1,0
36.971793428,1,1
36.971835948,1,0
36.971877384,1,1
36.971919900,1,0
36.971961334,1,1
36.972003850,1,0
36.972047754,1,1
36.972090272,1,0
36.972128740,1,1
36.972171258,1,0
36.972216136,1,1
36.972236052,1,0
36.980653686,1,1
36.988885940,1,0
36.997304884,1,1
37.005547850,1,0
37.013966138,1,1
37.022198348,1,0
37.030628786,1,1
37.033283564,0,1
37.033295400,0,0
37.033338322,0,1
37.033379856,0,0
37.033421304,0,1
37.033462842,0,0
37.033504290,0,1
37.033545828,0,0
37.033587278,0,1
37.033628814,0,0
37.033670264,0,1
37.033693572,1,1
37.033712784,1,0
37.033754226,1,1
37.033796750,1,0
37.033838192,1,1
37.033880718,1,0
37.033922160,1,1
37.033964684,1,0
37.034008594,1,1
37.034051116,1,0
37.034089596,1,1
37.034132118,1,0
37.034177018,1,1
37.037816870,0,1
37.037828708,0,0
37.037871638,0,1
37.037894950,1,1
37.037914160,1,0
37.037955602,1,1
37.037976910,0,1
37.037997144,0,0
37.038038594,0,1
37.038061900,1,1
37.038081108,1,0
37.038122538,1,1
37.038143838,0,1
37.038164064,0,0
37.038205492,0,1
37.038228790,1,1
37.038247998,1,0
37.038289434,1,1
37.038331958,1,0
37.038373400,1,1
37.038394704,0,1
37.038414938,0,0
37.038456384,0,1
37.038497918,0,0
37.038541834,0,1
37.038565144,1,1
37.038584350,1,0
37.038622830,1,1
37.038665360,1,0
37.038710266,1,1
37.038726512,1,0
37.053936610,1,1
37.054320448,0,1
37.054332286,0,0
37.054375218,0,1
37.054416758,0,0
37.054458208,0,1
37.054499744,0,0
37.054541198,0,1
37.054582736,0,0
37.054624194,0,1
37.054665736,0,0
37.054707190,0,1
37.054730502,1,1
37.054749714,1,0
37.054791166,1,1
37.054833694,1,0
37.054875144,1,1
37.054917676,1,0
37.054959124,1,1
37.055001656,1,0
37.055045574,1,1
37.055088106,1,0
37.055126590,1,1
37.055169120,1,0
37.055214024,1,1
37.058851308,0,1
37.058863146,0,0
37.058906080,0,1
37.058947616,0,0
37.058989070,0,1
37.059012382,1,1
37.059031592,1,0
37.059073036,1,1
37.059115568,1,0
37.059157014,1,1
37.059199538,1,0
37.059240984,1,1
37.059283514,1,0
37.059324962,1,1
37.059367492,1,0
37.059408944,1,1
37.059430252,0,1
37.059450488,0,0
37.059491944,0,1
37.059533482,0,0
37.059577406,0,1
37.059618948,0,0
37.059657438,0,1
37.059680750,1,1
37.059699960,1,0
37.059744866,1,1
37.059761940,1,0
37.069937404,1,1
37.078170440,1,0
37.086588428,1,1
37.094820724,1,0
37.103250894,1,1
37.111484186,1,0
37.119902324,1,1
37.128146068,1,0
37.136564018,1,1
37.144795766,1,0
37.153225428,1,1
37.161458252,1,0
37.169876756,1,1
37.178109298,1,0
37.186538930,1,1
37.194770656,1,0
37.203189188,1,1
37.211432760,1,0
37.219850370,1,1
37.228082602,1,0
37.236512412,1,1
37.244745844,1,0
37.253165636,1,1
37.261398022,1,0
37.269827826,1,1
37.278060570,1,0
37.286479658,1,1
37.294723680,1,0
37.303142864,1,1
37.311376404,1,0
37.319806814,1,1
37.328039894,1,0
37.336459368,1,1
37.344692434,1,0
37.353123324,1,1
37.361357666,1,0
37.369776924,1,1
37.378021734,1,0
37.386441840,1,1
37.394675358,1,0
37.403107368,1,1
37.411342506,1,0
37.419763064,1,1
37.427997318,1,0
37.436428990,1,1
37.444662760,1,0
37.453083266,1,1
37.461328422,1,0
37.469747842,1,1
37.477981742,1,0
37.486413202,1,1
37.494646808,1,0
37.503066198,1,1
37.511300004,1,0
37.519730704,1,1
37.527964494,1,0
37.536383324,1,1
37.544627988,1,0
37.553047498,1,1
37.561281636,1,0
37.569713292,1,1
37.577947296,1,0
37.586366020,1,1
37.594599020,1,0
37.603029280,1,1
37.611262984,1,0
37.619682968,1,1
37.627928048,1,0
37.636347052,1,1
37.644580722,1,0
37.653011478,1,1
37.661244772,1,0
37.669663738,1,1
37.677896478,1,0
37.686326736,1,1
37.694559758,1,0
37.702979260,1,1
37.711224290,1,0
37.719643624,1,1
37.727877876,1,0
37.736308488,1,1
37.744542392,1,0
37.752962778,1,1
37.761197950,1,0
37.769629384,1,1
37.777863730,1,0
37.786284144,1,1
37.794529914,1,0
37.802950156,1,1
37.811184962,1,0
37.819616016,1,1
37.827850202,1,0
37.836269924,1,1
37.844504002,1,0
37.852934932,1,1
37.861168750,1,0
37.869589062,1,1
37.877834702,1,0
37.886254280,1,1
37.894488420,1,0
37.902919814,1,1
37.911153508,1,0
37.919573214,1,1
37.927805446,1,0
37.936235916,1,1
37.944469266,1,0
37.952888728,1,1
37.961133588,1,0
37.969553544,1,1
37.977786672,1,0
37.986217390,1,1
37.994450982,1,0
38.002870818,1,1
38.011105104,1,0
38.019535788,1,1
38.027769376,1,0
38.036188388,1,1
38.044432556,1,0
38.052851320,1,1
38.061084452,1,0
38.069515256,1,1
38.077748262,1,0
38.086167522,1,1
38.094400270,1,0
38.102831092,1,1
38.111064362,1,0
38.119484468,1,1
38.127729370,1,0
38.136149830,1,1
38.144383526,1,0
38.152814362,1,1
38.161048416,1,0
38.169468006,1,1
38.177701326,1,0
38.186132820,1,1
38.194367150,1,0
38.202788182,1,1
38.211033642,1,0
38.219454098,1,1
38.227687542,1,0
38.236118618,1,1
38.244352472,1,0
38.252772852,1,1
38.261007064,1,0
38.269438490,1,1
38.277672640,1,0
38.286092874,1,1
38.294338476,1,0
38.302758904,1,1
38.310993848,1,0
38.319426270,1,1
38.327660836,1,0
38.336081520,1,1
38.344316102,1,0
38.352748160,1,1
38.360983040,1,0
38.369403680,1,1
38.377649396,1,0
38.386069736,1,1
38.394304830,1,0
38.402736004,1,1
38.410970078,1,0
38.419390054,1,1
38.427624692,1,0
38.436056636,1,1
38.444291496,1,0
38.452712894,1,1
38.460959300,1,0
38.469378638,1,1
38.477612754,1,0
38.486044176,1,1
38.494277874,1,0
38.502697510,1,1
38.510930918,1,0
38.519360098,1,1
38.527594022,1,0
38.536014108,1,1
38.544258372,1,0
38.552678044,1,1
38.560910766,1,0
38.569340784,1,1
38.577573830,1,0
38.585993692,1,1
38.594226748,1,0
38.602657126,1,1
38.610890368,1,0
38.619309256,1,1
38.627554044,1,0
38.635974240,1,1
38.644207968,1,0
38.652639292,1,1
38.660872942,1,0
38.669292010,1,1
38.677525530,1,0
38.685956130,1,1
38.694188486,1,0
38.702607614,1,1
38.710852634,1,0
38.719272216,1,1
38.727505268,1,0
38.735935820,1,1
38.744170074,1,0
38.752590052,1,1
38.760823628,1,0
38.769254598,1,1
38.777488186,1,0
38.785908260,1,1
38.794153994,1,0
38.802573682,1,1
38.810807088,1,0
38.819237058,1,1
38.827469914,1,0
38.835888790,1,1
38.844121524,1,0
38.852552402,1,1
38.860785824,1,0
38.869204950,1,1
38.877449102,1,0
38.885868862,1,1
38.894101824,1,0
38.902531858,1,1
38.910764448,1,0
38.919183812,1,1
38.927416508,1,0
38.935846644,1,1
38.944079428,1,0
38.952498340,1,1
38.960742762,1,0
38.969162664,1,1
38.977396292,1,0
38.985826710,1,1
38.994059662,1,0
39.002479256,1,1
39.010712276,1,0
39.019142078,1,1
39.027375062,1,0
39.035794110,1,1
39.044039052,1,0
39.052458412,1,1
39.060691704,1,0
39.069121884,1,1
39.077354342,1,0
39.085773376,1,1
39.094007006,1,0
39.102438192,1,1
39.110671606,1,0
39.119090956,1,1
39.127335656,1,0
39.135755548,1,1
39.143989448,1,0
39.160855812,1,1
39.169089740,1,0
39.177520558,1,1
39.185754576,1,0
39.194174964,1,1
39.202408944,1,0
39.210839772,1,1
39.219073606,1,0
39.227491956,1,1
39.235737184,1,0
39.244157482,1,1
39.252390966,1,0
39.260821538,1,1
39.269055358,1,0
39.277475804,1,1
39.285709612,1,0
39.294139814,1,1
39.302372924,1,0
39.310792692,1,1
39.319037374,1,0
39.327456908,1,1
39.335689958,1,0
39.344121018,1,1
39.352354432,1,0
39.360773898,1,1
39.369007424,1,0
39.377438360,1,1
39.385671778,1,0
39.394091018,1,1
39.402336046,1,0
39.410756030,1,1
39.418989376,1,0
39.427420076,1,1
39.435653628,1,0
39.444073410,1,1
39.452306182,1,0
39.460736350,1,1
39.468969250,1,0
39.477388952,1,1
39.485633472,1,0
39.494052628,1,1
39.502285360,1,0
39.510715950,1,1
39.518949462,1,0
39.527368496,1,1
39.535601248,1,0
39.544031204,1,1
39.552263982,1,0
39.560682872,1,1
39.568927114,1,0
39.577346156,1,1
39.585579532,1,0
39.594010260,1,1
39.602242650,1,0
39.610661120,1,1
39.618894104,1,0
39.627324464,1,1
39.635557950,1,0
39.643977162,1,1
39.652222284,1,0
39.660641100,1,1
39.668873948,1,0
39.677304782,1,1
39.685538422,1,0
39.693957964,1,1
39.702192410,1,0
39.710623970,1,1
39.718858046,1,0
39.727278186,1,1
39.735523306,1,0
39.743942526,1,1
39.752176534,1,0
39.760607554,1,1
39.768841748,1,0
39.777261684,1,1
39.785495642,1,0
39.793925998,1,1
39.802158850,1,0
39.810577882,1,1
39.818821722,1,0
39.827240552,1,1
39.835473490,1,0
39.843903406,1,1
39.852137004,1,0
39.860556464,1,1
39.868789802,1,0
39.877219960,1,1
39.885453218,1,0
39.893872642,1,1
39.902117352,1,0
39.910535912,1,1
39.918768824,1,0
39.927198854,1,1
39.935431522,1,0
39.943850204,1,1
39.952082900,1,0
39.960513368,1,1
39.968746654,1,0
39.977165904,1,1
39.985410382,1,0
39.993829438,1,1
40.002062514,1,0
40.010493126,1,1
40.018725960,1,0
40.027146014,1,1
40.035379176,1,0
40.043809744,1,1
40.052043512,1,0
40.060462192,1,1
40.068706502,1,0
40.077124992,1,1
40.085356890,1,0
40.093786914,1,1
40.102019616,1,0
40.110438082,1,1
40.118670592,1,0
40.127100682,1,1
40.135333408,1,0
40.143752076,1,1
40.151995920,1,0
40.160414842,1,1
40.168649162,1,0
40.177080696,1,1
40.185313826,1,0
40.193733308,1,1
40.201967002,1,0
40.210397838,1,1
40.218630980,1,0
40.227049858,1,1
40.235293466,1,0
40.243712628,1,1
40.251945296,1,0
40.260375706,1,1
40.268609344,1,0
40.277028262,1,1
40.285261408,1,0
40.293692018,1,1
40.301925412,1,0
40.310344558,1,1
40.318589584,1,0
40.327009534,1,1
40.335242736,1,0
40.343673894,1,1
40.351907664,1,0
40.360327194,1,1
40.368561064,1,0
40.376991970,1,1
40.385224970,1,0
40.393643860,1,1
40.401889080,1,0
40.410309592,1,1
40.418542722,1,0
40.426974174,1,1
40.435207896,1,0
40.443628236,1,1
40.451862106,1,0
40.460292878,1,1
40.468526536,1,0
40.476945992,1,1
40.485190284,1,0
40.493608804,1,1
40.501841850,1,0
40.510271954,1,1
40.518504362,1,0
40.526923512,1,1
40.535156606,1,0
40.543586648,1,1
40.551819428,1,0
40.560238790,1,1
40.568482854,1,0
40.576901740,1,1
40.585135174,1,0
40.593565656,1,1
40.601799198,1,0
40.610218338,1,1
40.618451554,1,0
40.626882232,1,1
40.635115282,1,0
40.643533232,1,1
40.651777030,1,0
40.660195516,1,1
40.668428046,1,0
40.676858112,1,1
40.685091168,1,0
40.693510246,1,1
40.701743264,1,0
40.710173164,1,1
40.718405530,1,0
40.726824088,1,1
40.735068714,1,0
40.743488196,1,1
40.751720644,1,0
40.760151422,1,1
40.768384616,1,0
40.776803678,1,1
40.785036826,1,0
40.793467020,1,1
40.801700258,1,0
40.810119224,1,1
40.818362728,1,0
40.826781030,1,1
40.835014408,1,0
40.843445098,1,1
40.851678174,1,0
40.860096772,1,1
40.868328982,1,0
40.876759304,1,1
40.884991712,1,0
40.893410094,1,1
40.901653816,1,0
40.910072366,1,1
40.918305260,1,0
40.926735020,1,1
40.934967476,1,0
40.943386516,1,1
40.951619998,1,0
40.960105462,1,1
40.960114034,1,0
40.960261262,0,0
40.960261290,0,1
40.961016104,0,0
40.961019610,1,0
40.961057600,1,1
40.961099178,1,0
40.961104002,0,0
40.961140682,0,1
40.961183248,0,0
40.961187098,1,0
40.961224746,1,1
40.961266322,1,0
40.961307816,1,1
40.961349388,1,0
40.961353550,0,0
40.961390892,0,1
40.961433454,0,0
40.961436650,1,0
40.961474948,1,1
40.961516522,1,0
40.961558012,1,1
40.961599582,1,0
40.961641082,1,1
40.961684138,1,0
40.961725630,1,1
40.961768192,1,0
40.961809684,1,1
40.961842868,0,1
40.961856204,0,0
40.961897720,0,1
40.961921062,1,1
40.962193444,0,1
40.962205292,0,0
40.962248266,0,1
40.962289836,0,0
40.962331332,0,1
40.962354662,1,1
40.962373886,1,0
40.962415372,1,1
40.962436696,0,1
40.962456950,0,0
40.962498438,0,1
40.962521768,1,1
40.962540992,1,0
40.962582482,1,1
40.962625044,1,0
40.962666532,1,1
40.962709098,1,0
40.962750586,1,1
40.962793146,1,0
40.962834632,1,1
40.962877194,1,0
40.962921150,1,1
40.962963714,1,0
40.963002234,1,1
40.963044792,1,0
40.963089744,1,1
40.963112410,1,0
40.963259632,0,0
40.963259658,0,1
40.963309338,0,0
40.963350838,0,1
40.963393396,0,0
40.963434890,0,1
40.963477454,0,0
40.963518960,0,1
40.963561522,0,0
40.963603030,0,1
40.963645598,0,0
40.963687102,0,1
40.963729668,0,0
40.963771162,0,1
40.963813714,0,0
40.963855224,0,1
40.963897800,0,0
40.963939318,0,1
40.963983366,0,0
40.963985764,1,0
40.964024868,1,1
40.964067426,1,0
40.964108918,1,1
40.964142102,0,1
40.964155436,0,0
40.964196938,0,1
40.964220270,1,1
40.964564130,0,1
40.964575960,0,0
40.964618862,0,1
40.964660368,0,0
40.964701786,0,1
40.964725080,1,1
40.964744272,1,0
40.964785682,1,1
40.964806970,0,1
40.964827188,0,0
40.964868604,0,1
40.964891900,1,1
40.964911096,1,0
40.964952512,1,1
40.964995008,1,0
40.965036422,1,1
40.965078916,1,0
40.965120326,1,1
40.965162820,1,0
40.965204230,1,1
40.965246724,1,0
40.965290602,1,1
40.965333096,1,0
40.965371544,1,1
40.965414036,1,0
40.965458908,1,1
40.965477656,1,0
40.973895650,1,1
40.982128608,1,0
40.990547200,1,1
40.998790856,1,0
41.007208824,1,1
41.015440990,1,0
41.023870624,1,1
41.032102392,1,0
41.040520080,1,1
41.048764044,1,0
41.057183164,1,1
41.065415434,1,0
41.073834428,1,1
41.082078008,1,0
41.090495994,1,1
41.098728630,1,0
41.107158678,1,1
41.115391128,1,0
41.123809516,1,1
41.132053656,1,0
41.140472466,1,1
41.148705504,1,0
41.157124386,1,1
41.165367710,1,0
41.173785934,1,1
41.182019332,1,0
41.190449330,1,1
41.198682762,1,0
41.207101474,1,1
41.215345898,1,0
41.223764456,1,1
41.231996142,1,0
41.240414118,1,1
41.248657754,1,0
41.273936282,1,1
41.282168942,1,0
41.290587144,1,1
41.298831784,1,0
41.307250364,1,1
41.315483576,1,0
41.323914288,1,1
41.332147434,1,0
41.340565996,1,1
41.348799578,1,0
41.357230050,1,1
41.365463458,1,0
41.373882774,1,1
41.382126802,1,0
41.390546044,1,1
41.398780504,1,0
41.407210734,1,1
41.415443970,1,0
41.423863660,1,1
41.432096288,1,0
41.440526850,1,1
41.448759718,1,0
41.457178880,1,1
41.465422974,1,0
41.473841852,1,1
41.482075350,1,0
41.490506364,1,1
41.498739666,1,0
41.507159790,1,1
41.515392824,1,0
41.523823508,1,1
41.532057034,1,0
41.540476766,1,1
41.548721408,1,0
41.557140472,1,1
41.565373304,1,0
41.573803454,1,1
41.582036222,1,0
41.590455402,1,1
41.598688686,1,0
41.607119102,1,1
41.615351414,1,0
41.623769718,1,1
41.632013592,1,0
41.640432606,1,1
41.648665848,1,0
41.657095528,1,1
41.665329188,1,0
41.673748388,1,1
41.681980438,1,0
41.690410778,1,1
41.698643300,1,0
41.707062320,1,1
41.715306140,1,0
41.723724620,1,1
41.731957544,1,0
41.740388182,1,1
41.748621632,1,0
41.757040800,1,1
41.765273496,1,0
41.773703512,1,1
41.781936220,1,0
41.790354892,1,1
41.798599270,1,0
41.807018374,1,1
41.815251972,1,0
41.823682304,1,1
41.831914788,1,0
41.840334416,1,1
41.848568378,1,0
41.856998870,1,1
41.865232048,1,0
41.873649952,1,1
41.881894386,1,0
41.890313870,1,1
41.898546472,1,0
41.906976670,1,1
41.915208652,1,0
41.923627240,1,1
41.931860188,1,0
41.940291318,1,1
41.948524778,1,0
41.956943738,1,1
41.965188862,1,0
41.973607450,1,1
41.981840588,1,0
41.990271196,1,1
41.998504514,1,0
42.006923180,1,1
42.015156716,1,0
42.023587206,1,1
42.031820902,1,0
42.040240356,1,1
42.048485140,1,0
42.056904572,1,1
42.065138252,1,0
42.073567882,1,1
42.081800870,1,0
42.090220062,1,1
42.098453136,1,0
42.106883038,1,1
42.115116420,1,0
42.123535440,1,1
42.131780280,1,0
42.140199160,1,1
42.148432620,1,0
42.156863028,1,1
42.165096408,1,0
42.173516294,1,1
42.181750252,1,0
42.190181124,1,1
42.198414290,1,0
42.206833816,1,1
42.215078632,1,0
42.223498374,1,1
42.231732284,1,0
42.240163466,1,1
42.248396812,1,0
42.256816148,1,1
42.265049744,1,0
42.273481450,1,1
42.281715344,1,0
42.290134870,1,1
42.298380374,1,0
42.306800588,1,1
42.315033840,1,0
42.323465428,1,1
42.331698696,1,0
42.340118022,1,1
42.348351384,1,0
42.356781742,1,1
42.365014248,1,0
42.373433368,1,1
42.381677784,1,0
42.390096540,1,1
42.398329302,1,0
42.406759694,1,1
42.414992456,1,0
42.423412326,1,1
42.431646672,1,0
42.440078120,1,1
42.448312468,1,0
42.456732110,1,1
42.464976762,1,0
42.473396708,1,1
42.481630690,1,0
42.490061540,1,1
42.498294548,1,0
42.506712896,1,1
42.514945926,1,0
42.523376730,1,1
42.531609536,1,0
42.540028180,1,1
42.548272260,1,0
42.556691094,1,1
42.564923638,1,0
42.573353766,1,1
42.581587082,1,0
42.590006534,1,1
42.598240066,1,0
42.606670206,1,1
42.614903000,1,0
42.623322536,1,1
42.631567626,1,0
42.639987358,1,1
42.648221160,1,0
42.656651828,1,1
42.664884744,1,0
42.673304158,1,1
42.681538282,1,0
42.689968858,1,1
42.698202128,1,0
42.706620810,1,1
42.714864866,1,0
42.723283320,1,1
42.731515936,1,0
42.739945990,1,1
42.748179022,1,0
42.756597780,1,1
42.764830632,1,0
42.773261148,1,1
42.781494456,1,0
42.789914044,1,1
42.798158828,1,0
42.806577514,1,1
42.814810974,1,0
42.823241312,1,1
42.831474582,1,0
42.839894134,1,1
42.848127972,1,0
42.856558748,1,1
42.864792028,1,0
42.873211138,1,1
42.881455528,1,0
42.889875618,1,1
42.898109458,1,0
42.906540588,1,1
42.914775150,1,0
42.923194992,1,1
42.931428314,1,0
42.939859168,1,1
42.948092778,1,0
42.956511020,1,1
42.964756026,1,0
42.973175672,1,1
42.981408538,1,0
42.989839248,1,1
42.998072432,1,0
43.006490984,1,1
43.014724656,1,0
43.023154914,1,1
43.031387376,1,0
43.039806238,1,1
43.048051352,1,0
43.056469892,1,1
43.064703920,1,0
43.073134312,1,1
43.081367610,1,0
43.089787130,1,1
43.098019924,1,0
43.106450408,1,1
43.114683854,1,0
43.123103170,1,1
43.131347454,1,0
43.139766670,1,1
43.148000098,1,0
43.156431154,1,1
43.164664774,1,0
43.173084294,1,1
43.181318332,1,0
43.189749642,1,1
43.197982934,1,0
43.206402202,1,1
43.214647324,1,0
43.223065792,1,1
43.231298146,1,0
43.239727818,1,1
43.247960528,1,0
43.256379448,1,1
43.264612266,1,0
43.273041418,1,1
43.281273946,1,0
43.289692134,1,1
43.297935110,1,0
43.306353896,1,1
43.314586314,1,0
43.323015614,1,1
43.331248510,1,0
43.339667072,1,1
43.347899316,1,0
43.364764730,1,1
43.373008994,1,0
43.381428104,1,1
43.389660986,1,0
43.398079710,1,1
43.406324462,1,0
43.414743550,1,1
43.422977036,1,0
43.431407864,1,1
43.439642184,1,0
43.448062596,1,1
43.456307454,1,0
43.464726744,1,1
43.472960670,1,0
43.481380020,1,1
43.489624832,1,0
43.498042904,1,1
43.506276574,1,0
43.514707082,1,1
43.522940136,1,0
43.531358680,1,1
43.539603328,1,0
43.548022014,1,1
43.556255958,1,0
43.564675546,1,1
43.572920104,1,0
43.581339284,1,1
43.589573056,1,0
43.598004390,1,1
43.606237692,1,0
43.614658184,1,1
43.614658186,1,0
43.614658188,1,1
43.622902754,1,0
43.631321698,1,1
43.639554880,1,0
43.647974100,1,1
43.656218996,1,0
43.664638594,1,1
43.672871782,1,0
43.681302404,1,1
43.689535066,1,0
43.697954276,1,1
43.706198900,1,0
43.714618264,1,1
43.722851200,1,0
43.731281262,1,1
43.739513540,1,0
43.747932670,1,1
43.756165820,1,0
43.764596420,1,1
43.772829764,1,0
43.781249336,1,1
43.789494114,1,0
43.797913218,1,1
43.806146312,1,0
43.814565406,1,1
43.822810116,1,0
43.831229832,1,1
43.839463274,1,0
43.847894390,1,1
43.856127850,1,0
43.864547864,1,1
43.872793082,1,0
43.881213402,1,1
43.889447728,1,0
43.897867750,1,1
43.906113996,1,0
43.914534414,1,1
43.922768354,1,0
43.931199906,1,1
43.939433830,1,0
43.947853562,1,1
43.956099394,1,0
43.964519576,1,1
43.972753048,1,0
43.981171570,1,1
43.989416444,1,0
43.997835786,1,1
44.006069304,1,0
44.014499982,1,1
44.022734076,1,0
44.031153198,1,1
44.039398074,1,0
44.047817730,1,1
44.056051400,1,0
44.064470872,1,1
44.072716070,1,0
44.081134992,1,1
44.089367972,1,0
44.097797942,1,1
44.106030826,1,0
44.114449272,1,1
44.122694214,1,0
44.131113456,1,1
44.139346806,1,0
44.147765864,1,1
44.156010154,1,0
44.164429538,1,1
44.172662746,1,0
44.181092694,1,1
44.189326590,1,0
44.197745726,1,1
44.205990010,1,0
44.214408962,1,1
44.222642058,1,0
44.231061006,1,1
44.239305300,1,0
44.247724968,1,1
44.255958920,1,0
44.264390258,1,1
44.272623610,1,0
44.281042626,1,1
44.289286810,1,0
44.297706606,1,1
44.305940412,1,0
44.314360554,1,1
44.322605376,1,0
44.331023742,1,1
44.339256690,1,0
44.347687312,1,1
44.355920796,1,0
44.364340174,1,1
44.372584962,1,0
44.381003964,1,1
44.389236682,1,0
44.397655588,1,1
44.405900070,1,0
44.414319490,1,1
44.422553320,1,0
44.430984490,1,1
44.439218664,1,0
44.447636904,1,1
44.455879944,1,0
44.464298666,1,1
44.472531648,1,0
44.480950640,1,1
44.489194884,1,0
44.497613548,1,1
44.505846340,1,0
44.514275892,1,1
44.522508484,1,0
44.530927428,1,1
44.539172048,1,0
44.547590928,1,1
44.555823710,1,0
44.564254200,1,1
44.572486632,1,0
44.580905246,1,1
44.589137842,1,0
44.597568220,1,1
44.605801010,1,0
44.614219702,1,1
44.622462978,1,0
44.630881626,1,1
44.639114072,1,0
44.647532932,1,1
44.655777254,1,0
44.664196650,1,1
44.672428222,1,0
44.680858084,1,1
44.689090836,1,0
44.697510112,1,1
44.705754816,1,0
44.714174154,1,1
44.722407578,1,0
44.730827074,1,1
44.739071434,1,0
44.747490306,1,1
44.755722802,1,0
44.764153576,1,1
44.772386438,1,0
44.780805642,1,1
44.789050188,1,0
44.797470206,1,1
44.805703990,1,0
44.814122618,1,1
44.822366890,1,0
44.830785792,1,1
44.839019654,1,0
44.847450702,1,1
44.855684734,1,0
44.864104066,1,1
44.872348342,1,0
44.880767684,1,1
44.889001116,1,0
44.897420026,1,1
44.905664744,1,0
44.914083956,1,1
44.922317548,1,0
44.930748656,1,1
44.938982276,1,0
44.947401858,1,1
44.955647200,1,0
44.964065762,1,1
44.972299584,1,0
44.980719592,1,1
44.988964118,1,0
44.997383814,1,1
45.005617108,1,0
45.014047418,1,1
45.022281100,1,0
45.030700370,1,1
45.038944652,1,0
45.047363310,1,1
45.055596222,1,0
45.064015538,1,1
45.072259988,1,0
45.080679188,1,1
45.088912478,1,0
45.097342732,1,1
45.105576136,1,0
45.113994880,1,1
45.122238662,1,0
45.130657152,1,1
45.138889894,1,0
45.147308012,1,1
45.155552424,1,0
45.163971174,1,1
45.172204554,1,0
45.180635596,1,1
45.188868562,1,0
45.197287610,1,1
45.205531632,1,0
45.213950758,1,1
45.222184208,1,0
45.230604194,1,1
45.238849138,1,0
45.247268084,1,1
45.255501004,1,0
45.263932112,1,1
45.272165874,1,0
45.280585216,1,1
45.288829826,1,0
45.297248722,1,1
45.305481770,1,0
45.313901160,1,1
45.322145718,1,0
45.330565028,1,1
45.338798654,1,0
45.347229220,1,1
45.355462602,1,0
45.363881968,1,1
45.372126690,1,0
45.380546016,1,1
45.388779566,1,0
45.397209948,1,1
45.405442434,1,0
45.413861622,1,1
45.422094316,1,0
45.430524702,1,1
45.438758086,1,0
45.455623042,1,1
45.463856334,1,0
45.472275504,1,1
45.480519456,1,0
45.488938384,1,1
45.497171016,1,0
45.505600906,1,1
45.513834230,1,0
45.522249976,1,1
45.530479550,1,0
45.538906008,1,1
45.547135304,1,0
45.555550354,1,1
45.563791914,1,0
45.572207736,1,1
45.580437710,1,0
45.588864144,1,1
45.597094154,1,0
45.605509204,1,1
45.613739036,1,0
45.622166308,1,1
45.630399094,1,0
45.638817708,1,1
45.647063094,1,0
45.655481826,1,1
45.663714358,1,0
45.672144044,1,1
45.680376400,1,0
45.688794758,1,1
45.697026884,1,0
45.705456564,1,1
45.713688452,1,0
45.722106730,1,1
45.730350470,1,0
45.738768490,1,1
45.747001510,1,0
45.755431896,1,1
45.763664744,1,0
45.772084200,1,1
45.780317158,1,0
45.788747324,1,1
45.796979604,1,0
45.805398268,1,1
45.813642156,1,0
45.822060722,1,1
45.830292866,1,0
45.838722960,1,1
45.846955492,1,0
45.855374888,1,1
45.863607976,1,0
45.872038210,1,1
45.880270674,1,0
45.888690720,1,1
45.896935434,1,0
45.905355398,1,1
45.913588946,1,0
45.922019262,1,1
45.930252130,1,0
45.938670412,1,1
45.946903196,1,0
45.955333892,1,1
45.963567868,1,0
45.971987114,1,1
45.980231324,1,0
45.988649910,1,1
45.996883442,1,0
46.005314496,1,1
46.013548458,1,0
46.021968312,1,1
46.030201566,1,0
46.038631792,1,1
46.046864798,1,0
46.055284750,1,1
46.063529582,1,0
46.071948172,1,1
46.080181192,1,0
46.088611818,1,1
46.096845044,1,0
46.105264796,1,1
46.113497356,1,0
46.121927610,1,1
46.130160772,1,0
46.138579770,1,1
46.146824668,1,0
46.155243606,1,1
46.163476718,1,0
46.171906828,1,1
46.180139810,1,0
46.188559318,1,1
46.196792912,1,0
46.205223808,1,1
46.213457012,1,0
46.221875958,1,1
46.230119398,1,0
46.238537214,1,1
46.246769858,1,0
46.255199696,1,1
46.263432538,1,0
46.271851612,1,1
46.280084522,1,0
46.288514900,1,1
46.296747994,1,0
46.305167134,1,1
46.313411416,1,0
46.321830750,1,1
46.330064164,1,0
46.338494062,1,1
46.346727032,1,0
46.355145874,1,1
46.363378808,1,0
46.371809248,1,1
46.380042276,1,0
46.388461106,1,1
46.396705722,1,0
46.405124248,1,1
46.413357018,1,0
46.421787232,1,1
46.430020334,1,0
46.438438340,1,1
46.446670582,1,0
46.455100566,1,1
46.463332852,1,0
46.471750768,1,1
46.479994978,1,0
46.488413838,1,1
46.496646582,1,0
46.505077234,1,1
46.513310836,1,0
46.521730148,1,1
46.529962788,1,0
46.538392742,1,1
46.546625494,1,0
46.555044178,1,1
46.563289418,1,0
46.571708568,1,1
46.579941364,1,0
46.588371700,1,1
46.596604534,1,0
46.605023534,1,1
46.613257078,1,0
46.621687236,1,1
46.629920144,1,0
46.638339042,1,1
46.646582806,1,0
46.655001788,1,1
46.663235026,1,0
46.671665664,1,1
46.679898600,1,0
46.688318196,1,1
46.696551864,1,0
46.704981828,1,1
46.713214660,1,0
46.721633498,1,1
46.729877480,1,0
46.738296890,1,1
46.746530538,1,0
46.754961050,1,1
46.763194264,1,0
46.771614008,1,1
46.779847968,1,0
46.788278918,1,1
46.796512172,1,0
46.804931152,1,1
46.813175646,1,0
46.821594528,1,1
46.829828020,1,0
46.838257776,1,1
46.846491222,1,0
46.854909752,1,1
46.863142818,1,0
46.871573094,1,1
46.879806672,1,0
46.888226336,1,1
46.896471462,1,0
46.904891330,1,1
46.913124262,1,0
46.921554582,1,1
46.929787394,1,0
46.938206298,1,1
46.946439344,1,0
46.954869552,1,1
46.963102430,1,0
46.971521504,1,1
46.979765760,1,0
46.988184110,1,1
46.996417114,1,0
47.004846626,1,1
47.013079464,1,0
47.021497834,1,1
47.029731054,1,0
47.038161106,1,1
47.046393300,1,0
47.054812192,1,1
47.063055468,1,0
47.071473788,1,1
47.079706678,1,0
47.088137246,1,1
47.096370084,1,0
47.104788198,1,1
47.113020580,1,0
47.121450610,1,1
47.129683636,1,0
47.138101698,1,1
47.146345548,1,0
47.154763886,1,1
47.162996206,1,0
47.171426040,1,1
47.179659458,1,0
47.188078362,1,1
47.196311644,1,0
47.204741974,1,1
47.212975334,1,0
47.221394916,1,1
47.229640472,1,0
47.238059388,1,1
47.246292760,1,0
47.254723136,1,1
47.262956414,1,0
47.271375270,1,1
47.279609142,1,0
47.288039992,1,1
47.296273134,1,0
47.304691532,1,1
47.312935702,1,0
47.321354066,1,1
47.329587744,1,0
47.338017592,1,1
47.346251368,1,0
47.354671122,1,1
47.362904470,1,0
47.371335136,1,1
47.379568992,1,0
47.387987920,1,1
47.396232934,1,0
47.404652674,1,1
47.412885916,1,0
47.421316842,1,1
47.429550762,1,0
47.437969582,1,1
47.446202854,1,0
47.454632544,1,1
47.462865058,1,0
47.471284414,1,1
47.479529412,1,0
47.487948866,1,1
47.496182424,1,0
47.504613662,1,1
47.512846660,1,0
47.521266474,1,1
47.529500408,1,0
47.546368224,1,1
47.554602608,1,0
47.563033474,1,1
47.571266664,1,0
47.579686492,1,1
47.587931982,1,0
47.596351972,1,1
47.604586144,1,0
47.613016964,1,1
47.621250508,1,0
47.629670804,1,1
47.637904700,1,0
47.646336208,1,1
47.654570068,1,0
47.662988700,1,1
47.671233326,1,0
47.679652926,1,1
47.687886690,1,0
47.696317496,1,1
47.704551004,1,0
47.712969584,1,1
47.721202546,1,0
47.729632856,1,1
47.737865874,1,0
47.746284956,1,1
47.754529270,1,0
47.762947560,1,1
47.771181694,1,0
47.779612328,1,1
47.787845498,1,0
47.796264454,1,1
47.804497048,1,0
47.812926998,1,1
47.821159866,1,0
47.829579454,1,1
47.837824086,1,0
47.846242586,1,1
47.854475810,1,0
47.862906688,1,1
47.871140026,1,0
47.879559194,1,1
47.887792434,1,0
47.896223116,1,1
47.904455678,1,0
47.912875198,1,1
47.921120188,1,0
47.929540250,1,1
47.937774422,1,0
47.946205002,1,1
47.954437856,1,0
47.962856708,1,1
47.971089924,1,0
47.979520182,1,1
47.987753152,1,0
47.996172710,1,1
48.004416918,1,0
48.012835974,1,1
48.021069534,1,0
48.029500536,1,1
48.037734460,1,0
48.046153808,1,1
48.054387288,1,0
48.062817640,1,1
48.071051070,1,0
48.079470474,1,1
48.087714906,1,0
48.096133688,1,1
48.104365764,1,0
48.112795656,1,1
48.121028106,1,0
48.129447292,1,1
48.137680480,1,0
48.146109770,1,1
48.154342284,1,0
48.162761550,1,1
48.171005034,1,0
48.179423136,1,1
48.187655402,1,0
48.196085272,1,1
48.204317422,1,0
48.212735882,1,1
48.220968266,1,0
48.229398020,1,1
48.237631086,1,0
48.246050284,1,1
48.254294438,1,0
48.262713892,1,1
48.270946954,1,0
48.279377612,1,1
48.287610890,1,0
48.296029070,1,1
48.304260706,1,0
48.312690326,1,1
48.320922590,1,0
48.329341036,1,1
48.337584140,1,0
48.346001920,1,1
48.354234326,1,0
48.362664428,1,1
48.370896958,1,0
48.379315034,1,1
48.387547900,1,0
48.395977824,1,1
48.404210976,1,0
48.412630482,1,1
48.420874786,1,0
48.429294446,1,1
48.437527390,1,0
48.445957444,1,1
48.454190512,1,0
48.462610052,1,1
48.470843506,1,0
48.479273630,1,1
48.487506968,1,0
48.495925722,1,1
48.504169416,1,0
48.512587772,1,1
48.520820610,1,0
48.529250838,1,1
48.537484194,1,0
48.545903006,1,1
48.554136590,1,0
48.562566976,1,1
48.570800336,1,0
48.579219270,1,1
48.587463274,1,0
48.595881862,1,1
48.604114274,1,0
48.612544064,1,1
48.620776848,1,0
48.629195738,1,1
48.637429156,1,0
48.645859918,1,1
48.654092570,1,0
48.662511414,1,1
48.670756152,1,0
48.679175484,1,1
48.687408266,1,0
48.695839080,1,1
48.704072592,1,0
48.712491642,1,1
48.720724886,1,0
48.729154934,1,1
48.737388690,1,0
48.745808064,1,1
48.754052470,1,0
48.762471630,1,1
48.770704322,1,0
48.779135082,1,1
48.787368164,1,0
48.795788036,1,1
48.804021632,1,0
48.812452248,1,1
48.820685120,1,0
48.829104184,1,1
48.837348640,1,0
48.845768120,1,1
48.854000964,1,0
48.862431656,1,1
48.870664832,1,0
48.879084028,1,1
48.887317020,1,0
48.895747762,1,1
48.903981466,1,0
48.912400776,1,1
48.920646208,1,0
48.929066404,1,1
48.937300398,1,0
48.945731480,1,1
48.953965584,1,0
48.962384698,1,1
48.970617802,1,0
48.979048476,1,1
48.987281416,1,0
48.995700406,1,1
49.003945062,1,0
49.012364910,1,1
49.020598450,1,0
49.029029276,1,1
49.037262822,1,0
49.045683202,1,1
49.053917096,1,0
49.062348280,1,1
49.070581872,1,0
49.079000668,1,1
49.087245262,1,0
49.095664560,1,1
49.103898160,1,0
49.112328982,1,1
49.120562480,1,0
49.128981206,1,1
49.137214360,1,0
49.145645150,1,1
49.153878430,1,0
49.162297324,1,1
49.170541800,1,0
49.178960184,1,1
49.187193624,1,0
49.195623832,1,1
49.203857286,1,0
49.212277580,1,1
49.220510992,1,0
49.228941962,1,1
49.237175850,1,0
49.245595774,1,1
49.253840440,1,0
49.262260156,1,1
49.270493470,1,0
49.278923788,1,1
49.287157364,1,0
49.295576570,1,1
49.303810118,1,0
49.312241072,1,1
49.320474660,1,0
49.328894338,1,1
49.337139234,1,0
49.345559216,1,1
49.353793072,1,0
49.362224154,1,1
49.370458098,1,0
49.378878650,1,1
49.387112684,1,0
49.395544562,1,1
49.403778504,1,0
49.412197848,1,1
49.420443078,1,0
49.428862496,1,1
49.437096350,1,0
49.445527670,1,1
49.453762046,1,0
49.462182584,1,1
49.470416296,1,0
49.478847744,1,1
49.487081268,1,0
49.495500950,1,1
49.503746300,1,0
49.512166656,1,1
49.520399984,1,0
49.528831074,1,1
49.537064764,1,0
49.545483976,1,1
49.553718090,1,0
49.562149264,1,1
49.570383920,1,0
49.578804436,1,1
49.587050130,1,0
49.595470326,1,1
49.603704802,1,0
49.612135960,1,1
49.620369584,1,0
49.637236758,1,1
49.645470776,1,0
49.653891064,1,1
49.662124844,1,0
49.670555898,1,1
49.678789858,1,0
49.687209264,1,1
49.695454246,1,0
49.703873902,1,1
49.712107860,1,0
49.720538422,1,1
49.728772462,1,0
49.737191610,1,1
49.745425060,1,0
49.753855748,1,1
49.762089038,1,0
49.770507286,1,1
49.778750910,1,0
49.787169736,1,1
49.795401900,1,0
49.803831492,1,1
49.812064954,1,0
49.820483250,1,1
49.828716096,1,0
49.837146426,1,1
49.845379844,1,0
49.853799366,1,1
49.862044560,1,0
49.870464240,1,1
49.878698324,1,0
49.887129300,1,1
49.895363500,1,0
49.903783446,1,1
49.912016430,1,0
49.920446844,1,1
49.928680290,1,0
49.937099378,1,1
49.945344150,1,0
49.953763286,1,1
49.961996294,1,0
49.970427012,1,1
49.978660318,1,0
49.987079902,1,1
49.995313844,1,0
50.003744012,1,1
50.011976848,1,0
50.020396132,1,1
50.028640090,1,0
50.037059022,1,1
50.045292248,1,0
50.053722676,1,1
50.061955246,1,0
50.070374978,1,1
50.078607910,1,0
50.087038488,1,1
50.095272154,1,0
50.103692716,1,1
50.111937280,1,0
50.120356336,1,1
50.128589206,1,0
50.137019414,1,1
50.145252970,1,0
50.153673074,1,1
50.161906922,1,0
50.170337136,1,1
50.178570872,1,0
50.186990766,1,1
50.195236022,1,0
50.203655970,1,1
50.211889634,1,0
50.220320634,1,1
50.228554874,1,0
50.236974426,1,1
50.245207858,1,0
50.253638982,1,1
50.261873172,1,0
50.270293468,1,1
50.278538482,1,0
50.286958768,1,1
50.295192994,1,0
50.303624488,1,1
50.311859010,1,0
50.320279102,1,1
50.328512994,1,0
50.336944160,1,1
50.345177542,1,0
50.353596392,1,1
50.361841284,1,0
50.370261004,1,1
50.378494676,1,0
50.386925532,1,1
50.395159736,1,0
50.403579118,1,1
50.411812080,1,0
50.420242258,1,1
50.428475544,1,0
50.436895136,1,1
50.445139610,1,0
50.453559168,1,1
50.461793078,1,0
50.470224104,1,1
50.478457742,1,0
50.486877266,1,1
50.495110530,1,0
50.503541476,1,1
50.511776238,1,0
50.520196046,1,1
50.528441178,1,0
50.536860506,1,1
50.545094710,1,0
50.553525180,1,1
50.561758686,1,0
50.570177484,1,1
50.578410750,1,0
50.586841772,1,1
50.595074938,1,0
50.603493802,1,1
50.611739406,1,0
50.620159468,1,1
50.628393468,1,0
50.636823896,1,1
50.645057724,1,0
50.653476432,1,1
50.661709550,1,0
50.670140202,1,1
50.678374516,1,0
50.686793996,1,1
50.695039744,1,0
50.703459724,1,1
50.711693486,1,0
50.720124614,1,1
50.728358032,1,0
50.736777800,1,1
50.745011474,1,0
50.753443196,1,1
50.761677248,1,0
50.770097310,1,1
50.778341930,1,0
50.786762100,1,1
50.794996054,1,0
50.803426896,1,1
50.811660592,1,0
50.820080430,1,1
50.828314558,1,0
50.836744674,1,1
50.844977790,1,0
50.853397278,1,1
50.861641690,1,0
50.870061250,1,1
50.878295628,1,0
50.886726584,1,1
50.894960160,1,0
50.903379740,1,1
50.911613622,1,0
50.920044306,1,1
50.928277870,1,0
50.936697962,1,1
50.944942428,1,0
50.953361256,1,1
50.961594422,1,0
50.970025886,1,1
50.978260108,1,0
50.986679882,1,1
50.994913886,1,0
51.003345632,1,1
51.011579954,1,0
51.019999390,1,1
51.028243914,1,0
51.036662806,1,1
51.044896388,1,0
51.053327144,1,1
51.061560384,1,0
51.069979638,1,1
51.078212808,1,0
51.086643668,1,1
51.094876938,1,0
51.103296698,1,1
51.111541112,1,0
51.119960592,1,1
51.128193868,1,0
51.136624786,1,1
51.144857748,1,0
51.153277968,1,1
51.161511520,1,0
51.169942574,1,1
51.178175408,1,0
51.186594834,1,1
51.194839498,1,0
51.203259334,1,1
51.211493702,1,0
51.219925666,1,1
51.228160966,1,0
51.236581702,1,1
51.244815924,1,0
51.253247178,1,1
51.261480464,1,0
51.269900152,1,1
51.278145228,1,0
51.286564946,1,1
51.294798244,1,0
51.303228250,1,1
51.311461866,1,0
51.319881698,1,1
51.328115690,1,0
51.336546736,1,1
51.344780408,1,0
51.353200080,1,1
51.361445094,1,0
51.369865100,1,1
51.378099428,1,0
51.386530330,1,1
51.394764620,1,0
51.403184562,1,1
51.411418882,1,0
51.419850088,1,1
51.428084306,1,0
51.436503944,1,1
51.444748986,1,0
51.453168422,1,1
51.461402168,1,0
51.469832606,1,1
51.478066152,1,0
51.486485864,1,1
51.494720016,1,0
51.503151972,1,1
51.511386356,1,0
51.519806468,1,1
51.528051376,1,0
51.536470708,1,1
51.544704326,1,0
51.553134768,1,1
51.561367778,1,0
51.569787040,1,1
51.578019700,1,0
51.586449958,1,1
51.594683274,1,0
51.603102258,1,1
51.611346298,1,0
51.619765366,1,1
51.627997542,1,0
51.636427246,1,1
51.644659728,1,0
51.653078892,1,1
51.661311974,1,0
51.669742880,1,1
51.677975916,1,0
51.686394998,1,1
51.694640052,1,0
51.703059572,1,1
51.711293242,1,0
51.728158692,1,1
51.736392240,1,0
51.744822686,1,1
51.753055814,1,0
51.761475108,1,1
51.769708024,1,0
51.778138204,1,1
51.786371324,1,0
51.794791238,1,1
51.803035720,1,0
51.811455684,1,1
51.819689178,1,0
51.828119952,1,1
51.836353498,1,0
51.844772984,1,1
51.853007228,1,0
51.861439808,1,1
51.869674904,1,0
51.878094632,1,1
51.886340008,1,0
51.894759166,1,1
51.902992338,1,0
51.911423426,1,1
51.919657256,1,0
51.928076586,1,1
51.936310638,1,0
51.944741612,1,1
51.952975120,1,0
51.961394002,1,1
51.969638310,1,0
51.978056468,1,1
51.986289302,1,0
51.994719160,1,1
52.002951784,1,0
52.011370426,1,1
52.019602668,1,0
52.028032706,1,1
52.036265110,1,0
52.044683698,1,1
52.052928194,1,0
52.061347166,1,1
52.069579916,1,0
52.078009650,1,1
52.086241494,1,0
52.094659768,1,1
52.102892710,1,0
52.111322154,1,1
52.119553840,1,0
52.127972784,1,1
52.136217022,1,0
52.144636056,1,1
52.152868730,1,0
52.161298970,1,1
52.169531436,1,0
52.177950926,1,1
52.186185082,1,0
52.194615322,1,1
52.202847912,1,0
52.211265554,1,1
52.219508848,1,0
52.227927244,1,1
52.236159184,1,0
52.244588882,1,1
52.252821024,1,0
52.261240406,1,1
52.269473356,1,0
52.277903668,1,1
52.286136438,1,0
52.294555270,1,1
52.302798702,1,0
52.311217474,1,1
52.319449874,1,0
52.327879910,1,1
52.336112594,1,0
52.344530634,1,1
52.352762898,1,0
52.361191742,1,1
52.369423212,1,0
52.377840946,1,1
52.386084064,1,0
52.394502264,1,1
52.402735026,1,0
52.411165152,1,1
52.419397870,1,0
52.427816556,1,1
52.436048484,1,0
52.444477674,1,1
52.452710160,1,0
52.461128380,1,1
52.469372808,1,0
52.477791086,1,1
52.486023848,1,0
52.494453994,1,1
52.502687854,1,0
52.511106718,1,1
52.519339972,1,0
52.527770378,1,1
52.536003632,1,0
52.544422684,1,1
52.552666770,1,0
52.561085124,1,1
52.569317206,1,0
52.577746942,1,1
52.585979114,1,0
52.594397424,1,1
52.602630334,1,0
52.611059296,1,1
52.619291936,1,0
52.627710810,1,1
52.635955992,1,0
52.644375116,1,1
52.652607788,1,0
52.661038156,1,1
52.669271716,1,0
52.677690422,1,1
52.685922406,1,0
52.694351972,1,1
52.702585030,1,0
52.711003632,1,1
52.719247564,1,0
52.727667300,1,1
52.735900322,1,0
52.744330804,1,1
52.752564020,1,0
52.760983646,1,1
52.769217112,1,0
52.777648124,1,1
52.785881044,1,0
52.794300520,1,1
52.802545064,1,0
52.810964606,1,1
52.819196922,1,0
52.827627314,1,1
52.835860550,1,0
52.844278818,1,1
52.852511252,1,0
52.860940312,1,1
52.869172336,1,0
52.877590366,1,1
52.885833954,1,0
52.894252406,1,1
52.902483978,1,0
52.910912986,1,1
52.919144928,1,0
52.927563672,1,1
52.935795618,1,0
52.944224720,1,1
52.952456580,1,0
52.960874930,1,1
52.969119048,1,0
52.977537348,1,1
52.985770728,1,0
52.994200630,1,1
53.002432860,1,0
53.010850854,1,1
53.019083932,1,0
53.027514162,1,1
53.035747438,1,0
53.044166794,1,1
53.052411340,1,0
53.060830582,1,1
53.069063380,1,0
53.077493654,1,1
53.085727434,1,0
53.094146810,1,1
53.102378944,1,0
53.110808806,1,1
53.119042222,1,0
53.127461012,1,1
53.135704992,1,0
53.144123672,1,1
53.152356278,1,0
53.160786268,1,1
53.169020014,1,0
53.177439580,1,1
53.185673426,1,0
53.194104284,1,1
53.202336768,1,0
53.210755894,1,1
53.219000240,1,0
53.227419352,1,1
53.235652126,1,0
53.244082272,1,1
53.252314872,1,0
53.260733078,1,1
53.268965376,1,0
53.277395256,1,1
53.285627614,1,0
53.294045432,1,1
53.302289462,1,0
53.310708026,1,1
53.318940270,1,0
53.327370088,1,1
53.335603324,1,0
53.344021892,1,1
53.352254960,1,0
53.360684812,1,1
53.368918170,1,0
53.377337374,1,1
53.385582048,1,0
53.394001204,1,1
53.402233642,1,0
53.410663272,1,1
53.418895934,1,0
53.427314832,1,1
53.435547560,1,0
53.443976312,1,1
53.452208232,1,0
53.460626052,1,1
53.468868510,1,0
53.477286216,1,1
53.485517648,1,0
53.493947170,1,1
53.502180650,1,0
53.510599378,1,1
53.518831674,1,0
53.527260578,1,1
53.535492896,1,0
53.543909982,1,1
53.552152620,1,0
53.560569588,1,1
53.568800740,1,0
53.577229398,1,1
53.585461494,1,0
53.593880334,1,1
53.602112774,1,0
53.610542894,1,1
53.618775950,1,0
53.627195022,1,1
53.635439108,1,0
53.643857240,1,1
53.652089696,1,0
53.660519710,1,1
53.668752760,1,0
53.677172056,1,1
53.685404200,1,0
53.693834174,1,1
53.702067232,1,0
53.710486472,1,1
53.718730990,1,0
53.727149816,1,1
53.735382588,1,0
53.743812626,1,1
53.752045536,1,0
53.760464880,1,1
53.768698682,1,0
53.777128036,1,1
53.785360150,1,0
53.793778364,1,1
53.802022412,1,0
53.818875618,1,1
53.827119964,1,0
53.835538722,1,1
53.843772098,1,0
53.852203690,1,1
53.860436870,1,0
53.868856290,1,1
53.877089016,1,0
53.885519122,1,1
53.893752172,1,0
53.902170480,1,1
53.910414782,1,0
53.918834434,1,1
53.927067968,1,0
53.935498436,1,1
53.943731044,1,0
53.952150044,1,1
53.960381988,1,0
53.968811042,1,1
53.977043612,1,0
53.985461092,1,1
53.993704482,1,0
54.002123292,1,1
54.010356692,1,0
54.018786752,1,1
54.027019322,1,0
54.035437590,1,1
54.043670338,1,0
54.052100634,1,1
54.060333698,1,0
54.068752592,1,1
54.076997358,1,0
54.085416258,1,1
54.093649354,1,0
54.102078982,1,1
54.110311454,1,0
54.118730188,1,1
54.126962668,1,0
54.135392750,1,1
54.143625024,1,0
54.152043198,1,1
54.160287370,1,0
54.168706536,1,1
54.176938890,1,0
54.185368784,1,1
54.193602646,1,0
54.202021614,1,1
54.210253890,1,0
54.218683564,1,1
54.226915418,1,0
54.235333108,1,1
54.243576814,1,0
54.251994934,1,1
54.260227524,1,0
54.268657678,1,1
54.276890366,1,0
54.285308964,1,1
54.293541510,1,0
54.301970906,1,1
54.310203110,1,0
54.318621042,1,1
54.326863772,1,0
54.335281560,1,1
54.343513198,1,0
54.351942168,1,1
54.360174516,1,0
54.368592906,1,1
54.376825360,1,0
54.385255108,1,1
54.393486408,1,0
54.401904600,1,1
54.410148244,1,0
54.418566798,1,1
54.426797946,1,0
54.435226978,1,1
54.442065920,1,1
