Time [s],Channel 0,Channel 1
0.000000000,1,1
17.544970990,0,1
17.544982778,0,0
17.545025322,0,1
17.545048528,1,1
17.545067866,1,0
17.545108922,1,1
17.545151456,1,0
17.545192508,1,1
17.545213918,0,1
17.545234060,0,0
17.545275120,0,1
17.545316680,0,0
17.545357752,0,1
17.545380958,1,1
17.545400298,1,0
17.545441368,1,1
17.545483922,1,0
17.545524992,1,1
17.545546414,0,1
17.545566562,0,0
17.545607636,0,1
17.545649202,0,0
17.545692738,0,1
17.545715948,1,1
17.545735292,1,0
17.545773416,1,1
17.545815970,1,0
17.545860486,1,1
17.597382802,0,1
17.597394592,0,0
17.597437140,0,1
17.597478708,0,0
17.597519782,0,1
17.597561352,0,0
17.597602430,0,1
17.597625638,1,1
17.597644978,1,0
17.597686048,1,1
17.597707474,0,1
17.597727628,0,0
17.597768704,0,1
17.597791916,1,1
17.597811258,1,0
17.597852330,1,1
17.597894880,1,0
17.597935952,1,1
17.597957374,0,1
17.597977522,0,0
17.598018596,0,1
17.598060170,0,0
17.598103704,0,1
17.598145274,0,0
17.598183400,0,1
17.598206608,1,1
17.598225948,1,0
17.598270462,1,1
17.617429246,0,1
17.617441036,0,0
17.617483590,0,1
17.617525162,0,0
17.617566242,0,1
17.617607820,0,0
17.617648902,0,1
17.617690472,0,0
17.617731558,0,1
17.617773132,0,0
17.617814212,0,1
17.617837426,1,1
17.617856768,1,0
17.617897848,1,1
17.617940404,1,0
17.617981484,1,1
17.618024044,1,0
17.618065120,1,1
17.618107676,1,0
17.618151216,1,1
17.618193774,1,0
17.618231898,1,1
17.618274454,1,0
17.618318968,1,1
17.621945142,0,1
17.621956930,0,0
17.621999478,0,1
17.622041048,0,0
17.622082124,0,1
17.622123698,0,0
17.622164784,0,1
17.622187998,1,1
17.622207340,1,0
17.622248414,1,1
17.622269836,0,1
17.622289990,0,0
17.622331066,0,1
17.622354276,1,1
17.622373618,1,0
17.622414690,1,1
17.622457242,1,0
17.622498314,1,1
17.622519736,0,1
17.622539888,0,0
17.622580968,0,1
17.622622538,0,0
17.622666076,0,1
17.622707652,0,0
17.622745782,0,1
17.622768996,1,1
17.622788338,1,0
17.622832860,1,1
17.629610282,0,1
17.629622070,0,0
17.629664622,0,1
17.629706196,0,0
17.629747286,0,1
17.629788862,0,0
17.629829944,0,1
17.629871520,0,0
17.629912602,0,1
17.629954178,0,0
17.629995256,0,1
17.630018470,1,1
17.630037812,1,0
17.630078890,1,1
17.630121446,1,0
17.630162524,1,1
17.630205086,1,0
17.630246160,1,1
17.630288714,1,0
17.630332252,1,1
17.630374804,1,0
17.630412924,1,1
17.630455484,1,0
17.630499996,1,1
17.634125188,0,1
17.634136978,0,0
17.634179534,0,1
17.634202746,1,1
17.634222088,1,0
17.634263162,1,1
17.634305720,1,0
17.634346796,1,1
17.634368222,0,1
17.634388376,0,0
17.634429458,0,1
17.634471032,0,0
17.634512116,0,1
17.634535328,1,1
17.634554670,1,0
17.634595746,1,1
17.634638310,1,0
17.634679390,1,1
17.634700814,0,1
17.634720970,0,0
17.634762056,0,1
17.634803634,0,0
17.634847176,0,1
17.634870388,1,1
17.634889734,1,0
17.634927864,1,1
17.634970422,1,0
17.635014940,1,1
17.701085962,0,1
17.701097752,0,0
17.701140306,0,1
17.701163516,1,1
17.701182860,1,0
17.701223938,1,1
17.701266498,1,0
17.701307578,1,1
17.701329002,0,1
17.701349158,0,0
17.701390238,0,1
17.701431812,0,0
17.701472896,0,1
17.701496108,1,1
17.701515452,1,0
17.701556530,1,1
17.701599090,1,0
17.701640168,1,1
17.701661592,0,1
17.701681746,0,0
17.701722830,0,1
17.701764406,0,0
17.701807948,0,1
17.701831162,1,1
17.701850506,1,0
17.701888634,1,1
17.701931190,1,0
17.701975710,1,1
17.720401108,0,1
17.720412898,0,0
17.720455452,0,1
17.720497024,0,0
17.720538104,0,1
17.720579676,0,0
17.720620760,0,1
17.720643972,1,1
17.720663316,1,0
17.720704390,1,1
17.720725818,0,1
17.720745974,0,0
17.720787056,0,1
17.720810268,1,1
17.720829610,1,0
17.720870688,1,1
17.720913248,1,0
17.720954320,1,1
17.720975744,0,1
17.720995898,0,0
17.721036978,0,1
17.721078550,0,0
17.721122092,0,1
17.721163668,0,0
17.721201796,0,1
17.721225008,1,1
17.721244354,1,0
17.721288882,1,1
17.772804104,0,1
17.772815892,0,0
17.772858442,0,1
17.772900012,0,0
17.772941088,0,1
17.772982656,0,0
17.773023730,0,1
17.773065300,0,0
17.773106376,0,1
17.773147946,0,0
17.773189024,0,1
17.773212236,1,1
17.773231576,1,0
17.773272648,1,1
17.773315206,1,0
17.773356280,1,1
17.773398832,1,0
17.773439908,1,1
17.773482462,1,0
17.773525988,1,1
17.773568546,1,0
17.773606666,1,1
17.773649220,1,0
17.773693738,1,1
17.777319744,0,1
17.777331532,0,0
17.777374080,0,1
17.777415648,0,0
17.777456722,0,1
17.777498294,0,0
17.777539372,0,1
17.777562580,1,1
17.777581922,1,0
17.777622994,1,1
17.777644416,0,1
17.777664568,0,0
17.777705646,0,1
17.777728858,1,1
17.777748202,1,0
17.777789276,1,1
17.777831828,1,0
17.777872896,1,1
17.777894318,0,1
17.777914470,0,0
17.777955540,0,1
17.777997108,0,0
17.778040648,0,1
17.778082216,0,0
17.778120342,0,1
17.778143552,1,1
17.778162894,1,0
17.778207412,1,1
17.784984846,0,1
17.784996636,0,0
17.785039188,0,1
17.785080760,0,0
17.785121844,0,1
17.785163416,0,0
17.785204496,0,1
17.785246070,0,0
17.785287150,0,1
17.785328724,0,0
17.785369810,0,1
17.785393022,1,1
17.785412362,1,0
17.785453440,1,1
17.785495996,1,0
17.785537070,1,1
17.785579626,1,0
17.785620702,1,1
17.785663260,1,0
17.785706792,1,1
17.785749354,1,0
17.785787478,1,1
17.785830036,1,0
17.785874558,1,1
17.789499730,0,1
17.789511518,0,0
17.789554070,0,1
17.789577280,1,1
17.789596618,1,0
17.789637692,1,1
17.789680248,1,0
17.789721322,1,1
17.789742746,0,1
17.789762898,0,0
17.789803978,0,1
17.789845550,0,0
17.789886626,0,1
17.789909836,1,1
17.789929178,1,0
17.789970254,1,1
17.790012810,1,0
17.790053884,1,1
17.790075304,0,1
17.790095458,0,0
17.790136536,0,1
17.790178104,0,0
17.790221644,0,1
17.790244854,1,1
17.790264194,1,0
17.790302310,1,1
17.790344866,1,0
17.790389380,1,1
17.843145906,0,1
17.843157694,0,0
17.843200242,0,1
17.843223446,1,1
17.843242784,1,0
17.843283856,1,1
17.843326404,1,0
17.843367470,1,1
17.843388890,0,1
17.843409038,0,0
17.843450110,0,1
17.843491674,0,0
17.843532746,0,1
17.843555956,1,1
17.843575296,1,0
17.843616368,1,1
17.843658918,1,0
17.843699988,1,1
17.843721410,0,1
17.843741560,0,0
17.843782632,0,1
17.843824200,0,0
17.843867734,0,1
17.843890942,1,1
17.843910282,1,0
17.843948398,1,1
17.843990948,1,0
17.844035452,1,1
17.862455306,0,1
17.862467090,0,0
17.862509626,0,1
17.862551180,0,0
17.862592242,0,1
17.862633794,0,0
17.862674854,0,1
17.862698052,1,1
17.862717388,1,0
17.862758444,1,1
17.862779858,0,1
17.862800002,0,0
17.862841064,0,1
17.862864264,1,1
17.862883598,1,0
17.862924654,1,1
17.862967194,1,0
17.863008248,1,1
17.863029662,0,1
17.863049804,0,0
17.863090864,0,1
17.863132416,0,0
17.863175930,0,1
17.863217482,0,0
17.863255590,0,1
17.863278792,1,1
17.863298124,1,0
17.863342622,1,1
17.917722664,0,1
17.917734454,0,0
17.917777012,0,1
17.917818586,0,0
17.917859670,0,1
17.917901248,0,0
17.917942330,0,1
17.917983900,0,0
17.918024984,0,1
17.918066554,0,0
17.918107632,0,1
17.918130844,1,1
17.918150188,1,0
17.918191266,1,1
17.918233826,1,0
17.918274908,1,1
17.918317466,1,0
17.918358542,1,1
17.918401102,1,0
17.918444636,1,1
17.918487196,1,0
17.918525322,1,1
17.918567880,1,0
17.918612398,1,1
17.922238674,0,1
17.922250464,0,0
17.922293016,0,1
17.922334588,0,0
17.922375668,0,1
17.922417240,0,0
17.922458322,0,1
17.922481534,1,1
17.922500874,1,0
17.922541948,1,1
17.922563368,0,1
17.922583520,0,0
17.922624598,0,1
17.922647806,1,1
17.922667146,1,0
17.922708218,1,1
17.922750780,1,0
17.922791852,1,1
17.922813274,0,1
17.922833426,0,0
17.922874506,0,1
17.922916076,0,0
17.922959614,0,1
17.923001186,0,0
17.923039312,0,1
17.923062522,1,1
17.923081862,1,0
17.923126382,1,1
17.932481810,0,1
17.932493600,0,0
17.932536152,0,1
17.932577724,0,0
17.932618804,0,1
17.932660378,0,0
17.932701462,0,1
17.932743042,0,0
17.932784122,0,1
17.932825698,0,0
17.932866780,0,1
17.932889990,1,1
17.932909332,1,0
17.932950410,1,1
17.932992966,1,0
17.933034040,1,1
17.933076598,1,0
17.933117676,1,1
17.933160236,1,0
17.933203772,1,1
17.933246332,1,0
17.933284454,1,1
17.933327010,1,0
17.933371528,1,1
17.936996844,0,1
17.937008632,0,0
17.937051186,0,1
17.937074396,1,1
17.937093738,1,0
17.937134810,1,1
17.937177370,1,0
17.937218442,1,1
17.937239868,0,1
17.937260022,0,0
17.937301104,0,1
17.937342676,0,0
17.937383754,0,1
17.937406970,1,1
17.937426312,1,0
17.937467388,1,1
17.937509946,1,0
17.937551028,1,1
17.937572452,0,1
17.937592604,0,0
17.937633684,0,1
17.937675262,0,0
17.937718808,0,1
17.937742020,1,1
17.937761362,1,0
17.937799488,1,1
17.937842048,1,0
17.937886566,1,1
18.036342758,0,1
18.036354548,0,0
18.036397104,0,1
18.036438672,0,0
18.036479750,0,1
18.036521322,0,0
18.036562402,0,1
18.036585614,1,1
18.036604956,1,0
18.036646032,1,1
18.036667456,0,1
18.036687608,0,0
18.036728692,0,1
18.036751904,1,1
18.036771248,1,0
18.036812322,1,1
18.036854880,1,0
18.036895956,1,1
18.036917380,0,1
18.036937532,0,0
18.036978610,0,1
18.037020184,0,0
18.037063724,0,1
18.037105294,0,0
18.037143424,0,1
18.037166636,1,1
18.037185980,1,0
18.037230498,1,1
18.040855814,0,1
18.040867604,0,0
18.040910156,0,1
18.040933364,1,1
18.040952706,1,0
18.040993784,1,1
18.041036338,1,0
18.041077414,1,1
18.041098838,0,1
18.041118994,0,0
18.041160072,0,1
18.041183286,1,1
18.041202626,1,0
18.041243702,1,1
18.041265124,0,1
18.041285276,0,0
18.041326356,0,1
18.041349570,1,1
18.041368912,1,0
18.041409990,1,1
18.041431414,0,1
18.041451568,0,0
18.041492648,0,1
18.041534222,0,0
18.041577766,0,1
18.041600980,1,1
18.041620326,1,0
18.041658452,1,1
18.041701010,1,0
18.041745536,1,1
18.061484700,0,1
18.061496490,0,0
18.061539048,0,1
18.061580626,0,0
18.061621708,0,1
18.061663286,0,0
18.061704368,0,1
18.061745950,0,0
18.061787034,0,1
18.061828614,0,0
18.061869698,0,1
18.061892914,1,1
18.061912260,1,0
18.061953340,1,1
18.061995902,1,0
18.062036984,1,1
18.062079544,1,0
18.062120624,1,1
18.062163188,1,0
18.062206728,1,1
18.062249288,1,0
18.062287416,1,1
18.062329976,1,0
18.062374494,1,1
18.066001124,0,1
18.066012914,0,0
18.066055472,0,1
18.066097050,0,0
18.066138134,0,1
18.066179714,0,0
18.066220800,0,1
18.066244014,1,1
18.066263360,1,0
18.066304440,1,1
18.066325866,0,1
18.066346024,0,0
18.066387108,0,1
18.066410324,1,1
18.066429670,1,0
18.066470750,1,1
18.066513312,1,0
18.066554392,1,1
18.066575818,0,1
18.066595974,0,0
18.066637058,0,1
18.066678638,0,0
18.066722184,0,1
18.066763766,0,0
18.066801902,0,1
18.066825114,1,1
18.066844460,1,0
18.066888986,1,1
18.070514658,0,1
18.070526448,0,0
18.070569006,0,1
18.070610582,0,0
18.070651664,0,1
18.070693240,0,0
18.070734328,0,1
18.070775910,0,0
18.070816998,0,1
18.070858578,0,0
18.070899666,0,1
18.070922882,1,1
18.070942226,1,0
18.070983308,1,1
18.071025870,1,0
18.071066952,1,1
18.071109512,1,0
18.071150590,1,1
18.071193152,1,0
18.071236692,1,1
18.071279254,1,0
18.071317378,1,1
18.071359942,1,0
18.071404468,1,1
18.075030044,0,1
18.075041834,0,0
18.075084392,0,1
18.075107606,1,1
18.075126948,1,0
18.075168028,1,1
18.075210588,1,0
18.075251666,1,1
18.075273092,0,1
18.075293246,0,0
18.075334332,0,1
18.075357544,1,1
18.075376888,1,0
18.075417970,1,1
18.075439394,0,1
18.075459548,0,0
18.075500632,0,1
18.075523844,1,1
18.075543188,1,0
18.075584268,1,1
18.075605694,0,1
18.075625848,0,0
18.075666930,0,1
18.075708508,0,0
18.075752056,0,1
18.075775272,1,1
18.075794616,1,0
18.075832746,1,1
18.075875306,1,0
18.075919830,1,1
18.136826924,0,1
18.136838714,0,0
18.136881270,0,1
18.136904482,1,1
18.136923824,1,0
18.136964898,1,1
18.137007452,1,0
18.137048528,1,1
18.137069950,0,1
18.137090100,0,0
18.137131174,0,1
18.137172750,0,0
18.137213828,0,1
18.137237038,1,1
18.137256380,1,0
18.137297456,1,1
18.137340012,1,0
18.137381086,1,1
18.137402508,0,1
18.137422662,0,0
18.137463740,0,1
18.137505310,0,0
18.137548850,0,1
18.137572062,1,1
18.137591406,1,0
18.137629526,1,1
18.137672086,1,0
18.137716606,1,1
18.153273022,0,1
18.153284812,0,0
18.153327366,0,1
18.153368934,0,0
18.153410016,0,1
18.153451590,0,0
18.153492680,0,1
18.153515902,1,1
18.153535258,1,0
18.153576358,1,1
18.153597794,0,1
18.153617960,0,0
18.153659070,0,1
18.153682292,1,1
18.153701640,1,0
18.153742728,1,1
18.153785292,1,0
18.153826374,1,1
18.153847798,0,1
18.153867954,0,0
18.153909036,0,1
18.153950616,0,0
18.153994158,0,1
18.154035734,0,0
18.154073866,0,1
18.154097082,1,1
18.154116424,1,0
18.154160948,1,1
18.192785324,0,1
18.192797112,0,0
18.192839662,0,1
18.192881232,0,0
18.192922308,0,1
18.192963878,0,0
18.193004956,0,1
18.193046526,0,0
18.193087602,0,1
18.193129176,0,0
18.193170256,0,1
18.193193468,1,1
18.193212810,1,0
18.193253886,1,1
18.193296438,1,0
18.193337510,1,1
18.193380064,1,0
18.193421138,1,1
18.193463690,1,0
18.193507224,1,1
18.193549778,1,0
18.193587898,1,1
18.193630448,1,0
18.193674964,1,1
18.197301004,0,1
18.197312792,0,0
18.197355342,0,1
18.197396914,0,0
18.197437992,0,1
18.197479566,0,0
18.197520642,0,1
18.197543854,1,1
18.197563198,1,0
18.197604274,1,1
18.197625694,0,1
18.197645846,0,0
18.197686920,0,1
18.197710130,1,1
18.197729476,1,0
18.197770550,1,1
18.197813104,1,0
18.197854180,1,1
18.197875600,0,1
18.197895754,0,0
18.197936830,0,1
18.197978404,0,0
18.198021946,0,1
18.198063516,0,0
18.198101650,0,1
18.198124862,1,1
18.198144206,1,0
18.198188726,1,1
18.222981340,0,1
18.222993132,0,0
18.223035690,0,1
18.223077264,0,0
18.223118344,0,1
18.223159922,0,0
18.223201006,0,1
18.223242582,0,0
18.223283672,0,1
18.223325248,0,0
18.223366330,0,1
18.223389544,1,1
18.223408888,1,0
18.223449968,1,1
18.223492526,1,0
18.223533604,1,1
18.223576164,1,0
18.223617236,1,1
18.223659794,1,0
18.223703330,1,1
18.223745886,1,0
18.223784010,1,1
18.223826570,1,0
18.223871084,1,1
18.227496310,0,1
18.227508102,0,0
18.227550650,0,1
18.227573860,1,1
18.227593204,1,0
18.227634278,1,1
18.227676834,1,0
18.227717910,1,1
18.227739336,0,1
18.227759490,0,0
18.227800570,0,1
18.227842144,0,0
18.227883224,0,1
18.227906436,1,1
18.227925780,1,0
18.227966860,1,1
18.228009420,1,0
18.228050494,1,1
18.228071916,0,1
18.228092068,0,0
18.228133148,0,1
18.228174726,0,0
18.228218272,0,1
18.228241488,1,1
18.228260832,1,0
18.228298956,1,1
18.228341514,1,0
18.228386034,1,1
18.274642254,0,1
18.274654044,0,0
18.274696596,0,1
18.274719808,1,1
18.274739148,1,0
18.274780224,1,1
18.274822778,1,0
18.274863850,1,1
18.274885272,0,1
18.274905424,0,0
18.274946500,0,1
18.274988072,0,0
18.275029148,0,1
18.275052358,1,1
18.275071702,1,0
18.275112774,1,1
18.275155332,1,0
18.275196404,1,1
18.275217826,0,1
18.275237978,0,0
18.275279054,0,1
18.275320626,0,0
18.275364166,0,1
18.275387376,1,1
18.275406718,1,0
18.275444840,1,1
18.275487396,1,0
18.275531910,1,1
18.279158172,0,1
18.279169960,0,0
18.279212512,0,1
18.279254084,0,0
18.279295164,0,1
18.279336734,0,0
18.279377816,0,1
18.279401030,1,1
18.279420374,1,0
18.279461450,1,1
18.279482874,0,1
18.279503028,0,0
18.279544108,0,1
18.279567318,1,1
18.279586660,1,0
18.279627736,1,1
18.279670294,1,0
18.279711368,1,1
18.279732798,0,1
18.279752956,0,0
18.279794040,0,1
18.279835614,0,0
18.279879156,0,1
18.279920734,0,0
18.279958864,0,1
18.279982078,1,1
18.280001418,1,0
18.280045940,1,1
18.346843836,0,1
18.346855626,0,0
18.346898176,0,1
18.346939746,0,0
18.346980824,0,1
18.347022400,0,0
18.347063482,0,1
18.347105054,0,0
18.347146138,0,1
18.347187712,0,0
18.347228794,0,1
18.347252010,1,1
18.347271354,1,0
18.347312436,1,1
18.347354994,1,0
18.347396074,1,1
18.347438632,1,0
18.347479704,1,1
18.347522262,1,0
18.347565800,1,1
18.347608356,1,0
18.347646488,1,1
18.347689044,1,0
18.347733564,1,1
18.351359760,0,1
18.351371548,0,0
18.351414098,0,1
18.351455670,0,0
18.351496746,0,1
18.351538318,0,0
18.351579396,0,1
18.351602610,1,1
18.351621950,1,0
18.351663022,1,1
18.351684444,0,1
18.351704598,0,0
18.351745682,0,1
18.351768894,1,1
18.351788236,1,0
18.351829312,1,1
18.351871868,1,0
18.351912942,1,1
18.351934364,0,1
18.351954516,0,0
18.351995594,0,1
18.352037166,0,0
18.352080706,0,1
18.352122282,0,0
18.352160412,0,1
18.352183622,1,1
18.352202966,1,0
18.352247482,1,1
18.366747710,0,1
18.366759500,0,0
18.366802060,0,1
18.366843636,0,0
18.366884720,0,1
18.366926292,0,0
18.366967376,0,1
18.367008948,0,0
18.367050034,0,1
18.367091610,0,0
18.367132692,0,1
18.367155904,1,1
18.367175246,1,0
18.367216324,1,1
18.367258882,1,0
18.367299958,1,1
18.367342520,1,0
18.367383598,1,1
18.367426158,1,0
18.367469700,1,1
18.367512256,1,0
18.367550384,1,1
18.367592944,1,0
18.367637466,1,1
18.371262796,0,1
18.371274586,0,0
18.371317140,0,1
18.371340350,1,1
18.371359692,1,0
18.371400774,1,1
18.371443330,1,0
18.371484408,1,1
18.371505832,0,1
18.371525986,0,0
18.371567066,0,1
18.371608638,0,0
18.371649718,0,1
18.371672932,1,1
18.371692272,1,0
18.371733354,1,1
18.371775912,1,0
18.371816988,1,1
18.371838412,0,1
18.371858564,0,0
18.371899642,0,1
18.371941214,0,0
18.371984750,0,1
18.372007956,1,1
18.372027300,1,0
18.372065426,1,1
18.372107986,1,0
18.372152508,1,1
18.390294968,0,1
18.390306756,0,0
18.390349306,0,1
18.390372512,1,1
18.390391854,1,0
18.390432928,1,1
18.390475480,1,0
18.390516554,1,1
18.390537978,0,1
18.390558130,0,0
18.390599208,0,1
18.390640784,0,0
18.390681866,0,1
18.390705078,1,1
18.390724422,1,0
18.390765504,1,1
18.390808062,1,0
18.390849136,1,1
18.390870558,0,1
18.390890710,0,0
18.390931790,0,1
18.390973362,0,0
18.391016902,0,1
18.391040114,1,1
18.391059456,1,0
18.391097574,1,1
18.391140126,1,0
18.391184640,1,1
18.460587570,0,1
18.460599358,0,0
18.460641908,0,1
18.460665120,1,1
18.460684460,1,0
18.460725540,1,1
18.460768118,1,0
18.460809210,1,1
18.460830636,0,1
18.460850790,0,0
18.460891874,0,1
18.460915086,1,1
18.460934430,1,0
18.460975506,1,1
18.460996926,0,1
18.461017078,0,0
18.461058156,0,1
18.461081364,1,1
18.461100706,1,0
18.461141778,1,1
18.461163202,0,1
18.461183356,0,0
18.461224434,0,1
18.461266004,0,0
18.461309542,0,1
18.461332754,1,1
18.461352094,1,0
18.461390212,1,1
18.461432768,1,0
18.461477284,1,1
18.475643856,0,1
18.475655646,0,0
18.475698204,0,1
18.475739784,0,0
18.475780868,0,1
18.475822446,0,0
18.475863532,0,1
18.475905104,0,0
18.475946184,0,1
18.475987758,0,0
18.476028840,0,1
18.476052052,1,1
18.476071394,1,0
18.476112476,1,1
18.476155046,1,0
18.476196132,1,1
18.476238698,1,0
18.476279780,1,1
18.476322342,1,0
18.476365882,1,1
18.476408446,1,0
18.476446570,1,1
18.476489132,1,0
18.476533664,1,1
18.480159108,0,1
18.480170898,0,0
18.480213454,0,1
18.480236662,1,1
18.480256004,1,0
18.480297082,1,1
18.480339640,1,0
18.480380712,1,1
18.480402136,0,1
18.480422290,0,0
18.480463372,0,1
18.480504942,0,0
18.480546022,0,1
18.480569232,1,1
18.480588574,1,0
18.480629648,1,1
18.480672204,1,0
18.480713278,1,1
18.480734704,0,1
18.480754858,0,0
18.480795936,0,1
18.480837514,0,0
18.480881054,0,1
18.480904266,1,1
18.480923610,1,0
18.480961734,1,1
18.481004294,1,0
18.481048814,1,1
18.490425648,0,1
18.490437436,0,0
18.490479990,0,1
18.490521560,0,0
18.490562638,0,1
18.490604208,0,0
18.490645284,0,1
18.490686858,0,0
18.490727940,0,1
18.490769516,0,0
18.490810596,0,1
18.490833810,1,1
18.490853152,1,0
18.490894226,1,1
18.490936784,1,0
18.490977862,1,1
18.491020416,1,0
18.491061490,1,1
18.491104050,1,0
18.491147584,1,1
18.491190144,1,0
18.491228270,1,1
18.491270822,1,0
18.491315340,1,1
18.494940634,0,1
18.494952424,0,0
18.494994978,0,1
18.495018188,1,1
18.495037530,1,0
18.495078602,1,1
18.495121160,1,0
18.495162234,1,1
18.495183658,0,1
18.495203810,0,0
18.495244894,0,1
18.495268106,1,1
18.495287450,1,0
18.495328528,1,1
18.495349950,0,1
18.495370106,0,0
18.495411188,0,1
18.495434400,1,1
18.495453744,1,0
18.495494820,1,1
18.495516246,0,1
18.495536402,0,0
18.495577486,0,1
18.495619060,0,0
18.495662604,0,1
18.495685814,1,1
18.495705158,1,0
18.495743292,1,1
18.495785872,1,0
18.495830414,1,1
18.604505896,0,1
18.604517686,0,0
18.604560238,0,1
18.604601808,0,0
18.604642888,0,1
18.604666098,1,1
18.604685440,1,0
18.604726520,1,1
18.604769076,1,0
18.604810150,1,1
18.604831576,0,1
18.604851730,0,0
18.604892810,0,1
18.604916022,1,1
18.604935366,1,0
18.604976444,1,1
18.605019006,1,0
18.605060084,1,1
18.605081510,0,1
18.605101664,0,0
18.605142744,0,1
18.605184318,0,0
18.605227862,0,1
18.605251074,1,1
18.605270418,1,0
18.605308540,1,1
18.605351098,1,0
18.605395616,1,1
18.689604166,0,1
18.689615954,0,0
18.689658506,0,1
18.689700076,0,0
18.689741158,0,1
18.689782730,0,0
18.689823810,0,1
18.689865380,0,0
18.689906458,0,1
18.689948028,0,0
18.689989104,0,1
18.690012320,1,1
18.690031662,1,0
18.690072738,1,1
18.690115294,1,0
18.690156374,1,1
18.690198932,1,0
18.690240004,1,1
18.690282564,1,0
18.690326096,1,1
18.690368654,1,0
18.690406778,1,1
18.690449334,1,0
18.690493850,1,1
18.694119170,0,1
18.694130962,0,0
18.694173526,0,1
18.694215106,0,0
18.694256190,0,1
18.694279402,1,1
18.694298746,1,0
18.694339820,1,1
18.694382382,1,0
18.694423454,1,1
18.694444874,0,1
18.694465024,0,0
18.694506100,0,1
18.694529314,1,1
18.694548654,1,0
18.694589730,1,1
18.694632290,1,0
18.694673364,1,1
18.694694790,0,1
18.694714944,0,0
18.694756028,0,1
18.694797606,0,0
18.694841146,0,1
18.694864362,1,1
18.694883706,1,0
18.694921834,1,1
18.694964394,1,0
18.695008918,1,1
18.745178066,0,1
18.745189856,0,0
18.745232410,0,1
18.745255618,1,1
18.745274958,1,0
18.745316030,1,1
18.745337454,0,1
18.745357606,0,0
18.745398684,0,1
18.745421894,1,1
18.745441238,1,0
18.745482312,1,1
18.745524864,1,0
18.745565934,1,1
18.745608488,1,0
18.745649562,1,1
18.745692118,1,0
18.745733200,1,1
18.745754622,0,1
18.745774774,0,0
18.745815848,0,1
18.745857422,0,0
18.745900962,0,1
18.745942530,0,0
18.745980656,0,1
18.746003864,1,1
18.746023206,1,0
18.746067718,1,1
18.761283418,0,1
18.761295210,0,0
18.761337766,0,1
18.761379344,0,0
18.761420426,0,1
18.761443640,1,1
18.761462988,1,0
18.761504070,1,1
18.761546630,1,0
18.761587712,1,1
18.761609138,0,1
18.761629294,0,0
18.761670378,0,1
18.761693590,1,1
18.761712936,1,0
18.761754028,1,1
18.761796588,1,0
18.761837672,1,1
18.761859098,0,1
18.761879252,0,0
18.761920334,0,1
18.761961916,0,0
18.762005466,0,1
18.762028682,1,1
18.762048024,1,0
18.762086152,1,1
18.762128714,1,0
18.762173238,1,1
18.826657918,0,1
18.826669710,0,0
18.826712268,0,1
18.826753844,0,0
18.826794926,0,1
18.826836498,0,0
18.826877578,0,1
18.826919148,0,0
18.826960228,0,1
18.827001802,0,0
18.827042884,0,1
18.827066098,1,1
18.827085440,1,0
18.827126520,1,1
18.827169078,1,0
18.827210156,1,1
18.827252716,1,0
18.827293794,1,1
18.827336356,1,0
18.827379892,1,1
18.827422452,1,0
18.827460580,1,1
18.827503138,1,0
18.827547658,1,1
18.831173084,0,1
18.831184872,0,0
18.831227428,0,1
18.831269004,0,0
18.831310088,0,1
18.831333302,1,1
18.831352646,1,0
18.831393726,1,1
18.831436286,1,0
18.831477360,1,1
18.831498784,0,1
18.831518936,0,0
18.831560018,0,1
18.831583232,1,1
18.831602574,1,0
18.831643654,1,1
18.831686212,1,0
18.831727294,1,1
18.831748718,0,1
18.831768872,0,0
18.831809956,0,1
18.831851532,0,0
18.831895078,0,1
18.831918296,1,1
18.831937640,1,0
18.831975772,1,1
18.832018334,1,0
18.832062858,1,1
18.849138540,0,1
18.849150332,0,0
18.849192890,0,1
18.849234468,0,0
18.849275556,0,1
18.849317130,0,0
18.849358218,0,1
18.849399796,0,0
18.849440882,0,1
18.849482460,0,0
18.849523546,0,1
18.849546762,1,1
18.849566108,1,0
18.849607186,1,1
18.849649754,1,0
18.849690840,1,1
18.849733404,1,0
18.849774490,1,1
18.849817052,1,0
18.849860594,1,1
18.849903156,1,0
18.849941284,1,1
18.849983850,1,0
18.850028372,1,1
18.853651060,0,1
18.853662850,0,0
18.853705410,0,1
18.853728628,1,1
18.853747970,1,0
18.853789050,1,1
18.853810476,0,1
18.853830632,0,0
18.853871718,0,1
18.853894932,1,1
18.853914276,1,0
18.853955358,1,1
18.853997922,1,0
18.854039000,1,1
18.854081566,1,0
18.854122650,1,1
18.854165210,1,0
18.854206294,1,1
18.854227718,0,1
18.854247874,0,0
18.854288956,0,1
18.854330528,0,0
18.854374068,0,1
18.854415648,0,0
18.854453782,0,1
18.854476996,1,1
18.854496342,1,0
18.854540868,1,1
18.893971520,0,1
18.893983312,0,0
18.894025868,0,1
18.894067444,0,0
18.894108532,0,1
18.894131744,1,1
18.894151088,1,0
18.894192164,1,1
18.894234724,1,0
18.894275796,1,1
18.894297220,0,1
18.894317374,0,0
18.894358454,0,1
18.894381666,1,1
18.894401008,1,0
18.894442084,1,1
18.894484638,1,0
18.894525712,1,1
18.894547132,0,1
18.894567284,0,0
18.894608360,0,1
18.894649934,0,0
18.894693474,0,1
18.894716686,1,1
18.894736032,1,0
18.894774158,1,1
18.894816714,1,0
18.894861232,1,1
18.902107412,0,1
18.902119204,0,0
18.902161762,0,1
18.902184970,1,1
18.902204314,1,0
18.902245394,1,1
18.902266820,0,1
18.902286972,0,0
18.902328054,0,1
18.902351270,1,1
18.902370614,1,0
18.902411692,1,1
18.902454250,1,0
18.902495328,1,1
18.902537884,1,0
18.902578960,1,1
18.902621522,1,0
18.902662600,1,1
18.902684024,0,1
18.902704178,0,0
18.902745266,0,1
18.902786840,0,0
18.902830382,0,1
18.902871958,0,0
18.902910094,0,1
18.902933308,1,1
18.902952648,1,0
18.902997168,1,1
18.972760854,0,1
18.972772650,0,0
18.972815222,0,1
18.972856800,0,0
18.972897880,0,1
18.972939454,0,0
18.972980534,0,1
18.973022106,0,0
18.973063184,0,1
18.973104758,0,0
18.973145842,0,1
18.973169050,1,1
18.973188392,1,0
18.973229466,1,1
18.973272020,1,0
18.973313092,1,1
18.973355642,1,0
18.973396718,1,1
18.973439270,1,0
18.973482800,1,1
18.973525354,1,0
18.973563474,1,1
18.973606026,1,0
18.973650542,1,1
18.977275644,0,1
18.977287434,0,0
18.977329984,0,1
18.977371552,0,0
18.977412628,0,1
18.977435834,1,1
18.977455176,1,0
18.977496252,1,1
18.977538806,1,0
18.977579878,1,1
18.977601300,0,1
18.977621450,0,0
18.977662526,0,1
18.977685738,1,1
18.977705078,1,0
18.977746156,1,1
18.977788710,1,0
18.977829780,1,1
18.977851202,0,1
18.977871354,0,0
18.977912430,0,1
18.977953996,0,0
18.977997530,0,1
18.978020740,1,1
18.978040080,1,0
18.978078196,1,1
18.978120754,1,0
18.978165268,1,1
18.981790564,0,1
18.981802356,0,0
18.981844910,0,1
18.981886480,0,0
18.981927560,0,1
18.981969132,0,0
18.982010210,0,1
18.982051786,0,0
18.982092866,0,1
18.982134442,0,0
18.982175526,0,1
18.982198740,1,1
18.982218084,1,0
18.982259162,1,1
18.982301720,1,0
18.982342804,1,1
18.982385370,1,0
18.982426442,1,1
18.982468998,1,0
18.982512528,1,1
18.982555084,1,0
18.982593210,1,1
18.982635768,1,0
18.982680288,1,1
18.986302464,0,1
18.986314252,0,0
18.986356808,0,1
18.986380020,1,1
18.986399362,1,0
18.986440438,1,1
18.986461860,0,1
18.986482014,0,0
18.986523096,0,1
18.986546308,1,1
18.986565650,1,0
18.986606728,1,1
18.986649288,1,0
18.986690362,1,1
18.986732920,1,0
18.986774002,1,1
18.986816556,1,0
18.986857626,1,1
18.986879052,0,1
18.986899208,0,0
18.986940290,0,1
18.986981860,0,0
18.987025404,0,1
18.987066980,0,0
18.987105110,0,1
18.987128320,1,1
18.987147664,1,0
18.987192184,1,1
19.034624372,0,1
19.034636162,0,0
19.034678714,0,1
19.034701924,1,1
19.034721268,1,0
19.034762344,1,1
19.034783766,0,1
19.034803918,0,0
19.034844992,0,1
19.034868204,1,1
19.034887544,1,0
19.034928616,1,1
19.034950038,0,1
19.034970190,0,0
19.035011270,0,1
19.035034480,1,1
19.035053822,1,0
19.035094896,1,1
19.035137454,1,0
19.035178530,1,1
19.035199950,0,1
19.035220102,0,0
19.035261176,0,1
19.035302748,0,0
19.035346282,0,1
19.035369494,1,1
19.035388832,1,0
19.035426954,1,1
19.035469510,1,0
19.035514032,1,1
19.127830430,0,1
19.127842220,0,0
19.127884772,0,1
19.127926348,0,0
19.127967430,0,1
19.128009002,0,0
19.128050082,0,1
19.128091658,0,0
19.128132738,0,1
19.128174310,0,0
19.128215392,0,1
19.128238602,1,1
19.128257946,1,0
19.128299024,1,1
19.128341586,1,0
19.128382662,1,1
19.128425216,1,0
19.128466290,1,1
19.128508846,1,0
19.128552382,1,1
19.128594944,1,0
19.128633070,1,1
19.128675630,1,0
19.128720156,1,1
19.132345482,0,1
19.132357272,0,0
19.132399828,0,1
19.132423040,1,1
19.132442382,1,0
19.132483460,1,1
19.132504886,0,1
19.132525042,0,0
19.132566126,0,1
19.132589338,1,1
19.132608682,1,0
19.132649768,1,1
19.132671194,0,1
19.132691348,0,0
19.132732430,0,1
19.132755642,1,1
19.132774984,1,0
19.132816058,1,1
19.132858614,1,0
19.132899688,1,1
19.132921112,0,1
19.132941266,0,0
19.132982346,0,1
19.133023920,0,0
19.133067462,0,1
19.133090674,1,1
19.133110016,1,0
19.133148138,1,1
19.133190700,1,0
19.133235218,1,1
19.180700110,0,1
19.180711898,0,0
19.180754452,0,1
19.180796022,0,0
19.180837100,0,1
19.180878674,0,0
19.180919752,0,1
19.180942962,1,1
19.180962302,1,0
19.181003372,1,1
19.181045928,1,0
19.181086996,1,1
19.181129548,1,0
19.181170618,1,1
19.181213174,1,0
19.181254242,1,1
19.181275664,0,1
19.181295816,0,0
19.181336890,0,1
19.181378456,0,0
19.181421994,0,1
19.181445206,1,1
19.181464546,1,0
19.181502666,1,1
19.181545224,1,0
19.181589742,1,1
19.191493766,0,1
19.191505558,0,0
19.191548114,0,1
19.191571324,1,1
19.191590664,1,0
19.191631740,1,1
19.191653162,0,1
19.191673316,0,0
19.191714396,0,1
19.191737612,1,1
19.191756956,1,0
19.191798034,1,1
19.191819458,0,1
19.191839614,0,0
19.191880700,0,1
19.191903916,1,1
19.191923262,1,0
19.191964346,1,1
19.192006902,1,0
19.192047980,1,1
19.192069402,0,1
19.192089554,0,0
19.192130638,0,1
19.192172214,0,0
19.192215758,0,1
19.192238970,1,1
19.192258312,1,0
19.192296440,1,1
19.192339002,1,0
19.192383520,1,1
19.259722312,0,1
19.259734104,0,0
19.259776660,0,1
19.259818230,0,0
19.259859308,0,1
19.259900876,0,0
19.259941960,0,1
19.259983528,0,0
19.260024604,0,1
19.260066178,0,0
19.260107258,0,1
19.260130474,1,1
19.260149820,1,0
19.260190904,1,1
19.260233464,1,0
19.260274536,1,1
19.260317092,1,0
19.260358168,1,1
19.260400724,1,0
19.260444260,1,1
19.260486816,1,0
19.260524940,1,1
19.260567496,1,0
19.260612016,1,1
19.264237250,0,1
19.264249038,0,0
19.264291592,0,1
19.264333164,0,0
19.264374244,0,1
19.264415816,0,0
19.264456894,0,1
19.264480104,1,1
19.264499446,1,0
19.264540524,1,1
19.264583080,1,0
19.264624158,1,1
19.264666716,1,0
19.264707788,1,1
19.264750350,1,0
19.264791426,1,1
19.264812852,0,1
19.264833004,0,0
19.264874082,0,1
19.264915654,0,0
19.264959190,0,1
19.264982402,1,1
19.265001744,1,0
19.265039868,1,1
19.265082428,1,0
19.265126948,1,1
19.284820644,0,1
19.284832434,0,0
19.284874982,0,1
19.284916552,0,0
19.284957634,0,1
19.284999204,0,0
19.285040284,0,1
19.285081856,0,0
19.285122932,0,1
19.285164502,0,0
19.285205578,0,1
19.285228790,1,1
19.285248130,1,0
19.285289204,1,1
19.285331758,1,0
19.285372830,1,1
19.285415384,1,0
19.285456452,1,1
19.285499006,1,0
19.285542548,1,1
19.285585124,1,0
19.285623260,1,1
19.285665824,1,0
19.285710342,1,1
19.289335548,0,1
19.289347336,0,0
19.289389886,0,1
19.289413102,1,1
19.289432440,1,0
19.289473516,1,1
19.289494938,0,1
19.289515092,0,0
19.289556174,0,1
19.289579384,1,1
19.289598724,1,0
19.289639798,1,1
19.289661222,0,1
19.289681376,0,0
19.289722456,0,1
19.289745678,1,1
19.289765024,1,0
19.289806110,1,1
19.289848672,1,0
19.289889748,1,1
19.289911172,0,1
19.289931326,0,0
19.289972408,0,1
19.290013982,0,0
19.290057524,0,1
19.290080736,1,1
19.290100078,1,0
19.290138202,1,1
19.290180764,1,0
19.290225286,1,1
19.327008482,0,1
19.327020272,0,0
19.327062826,0,1
19.327104400,0,0
19.327145482,0,1
19.327187060,0,0
19.327228142,0,1
19.327251358,1,1
19.327270702,1,0
19.327311780,1,1
19.327354344,1,0
19.327395422,1,1
19.327437986,1,0
19.327479066,1,1
19.327521624,1,0
19.327562702,1,1
19.327584126,0,1
19.327604280,0,0
19.327645358,0,1
19.327686930,0,0
19.327730476,0,1
19.327753688,1,1
19.327773030,1,0
19.327811158,1,1
19.327853720,1,0
19.327898238,1,1
19.345890900,0,1
19.345902692,0,0
19.345945252,0,1
19.345968462,1,1
19.345987804,1,0
19.346028882,1,1
19.346050308,0,1
19.346070462,0,0
19.346111542,0,1
19.346134754,1,1
19.346154098,1,0
19.346195176,1,1
19.346216598,0,1
19.346236752,0,0
19.346277836,0,1
19.346301050,1,1
19.346320392,1,0
19.346361470,1,1
19.346404030,1,0
19.346445108,1,1
19.346466532,0,1
19.346486684,0,0
19.346527762,0,1
19.346569340,0,0
19.346612880,0,1
19.346636092,1,1
19.346655434,1,0
19.346693562,1,1
19.346736124,1,0
19.346780644,1,1
19.414294786,0,1
19.414306576,0,0
19.414349130,0,1
19.414390700,0,0
19.414431778,0,1
19.414473352,0,0
19.414514430,0,1
19.414555998,0,0
19.414597078,0,1
19.414638650,0,0
19.414679728,0,1
19.414702940,1,1
19.414722284,1,0
19.414763364,1,1
19.414805922,1,0
19.414846996,1,1
19.414889558,1,0
19.414930632,1,1
19.414973188,1,0
19.415016722,1,1
19.415059274,1,0
19.415097396,1,1
19.415139950,1,0
19.415184464,1,1
19.418809640,0,1
19.418821430,0,0
19.418863980,0,1
19.418887192,1,1
19.418906532,1,0
19.418947608,1,1
19.418969030,0,1
19.418989182,0,0
19.419030260,0,1
19.419053472,1,1
19.419072814,1,0
19.419113888,1,1
19.419135310,0,1
19.419155464,0,0
19.419196542,0,1
19.419219754,1,1
19.419239096,1,0
19.419280172,1,1
19.419322730,1,0
19.419363802,1,1
19.419385222,0,1
19.419405374,0,0
19.419446454,0,1
19.419488028,0,0
19.419531566,0,1
19.419554776,1,1
19.419574120,1,0
19.419612244,1,1
19.419654798,1,0
19.419699316,1,1
19.444491828,0,1
19.444503616,0,0
19.444546168,0,1
19.444587736,0,0
19.444628816,0,1
19.444670386,0,0
19.444711468,0,1
19.444753046,0,0
19.444794126,0,1
19.444835702,0,0
19.444876786,0,1
19.444899998,1,1
19.444919340,1,0
19.444960416,1,1
19.445002976,1,0
19.445044052,1,1
19.445086608,1,0
19.445127690,1,1
19.445170248,1,0
19.445213782,1,1
19.445256338,1,0
19.445294462,1,1
19.445337020,1,0
19.445381544,1,1
19.449007054,0,1
19.449018844,0,0
19.449061402,0,1
19.449102978,0,0
19.449144062,0,1
19.449185640,0,0
19.449226722,0,1
19.449249932,1,1
19.449269276,1,0
19.449310354,1,1
19.449352916,1,0
19.449393992,1,1
19.449436550,1,0
19.449477628,1,1
19.449520186,1,0
19.449561262,1,1
19.449582688,0,1
19.449602844,0,0
19.449643924,0,1
19.449685502,0,0
19.449729054,0,1
19.449752272,1,1
19.449771616,1,0
19.449809744,1,1
19.449852306,1,0
19.449896828,1,1
19.481385602,0,1
19.481397392,0,0
19.481439950,0,1
19.481481524,0,0
19.481522608,0,1
19.481564188,0,0
19.481605268,0,1
19.481628482,1,1
19.481647826,1,0
19.481688902,1,1
19.481731466,1,0
19.481772542,1,1
19.481815106,1,0
19.481856186,1,1
19.481898744,1,0
19.481939824,1,1
19.481961250,0,1
19.481981406,0,0
19.482022488,0,1
19.482064064,0,0
19.482107608,0,1
19.482130822,1,1
19.482150166,1,0
19.482188292,1,1
19.482230854,1,0
19.482275374,1,1
19.492179724,0,1
19.492191516,0,0
19.492234078,0,1
19.492257292,1,1
19.492276634,1,0
19.492317720,1,1
19.492339140,0,1
19.492359294,0,0
19.492400376,0,1
19.492423592,1,1
19.492442936,1,0
19.492484012,1,1
19.492505438,0,1
19.492525592,0,0
19.492566680,0,1
19.492589892,1,1
19.492609234,1,0
19.492650312,1,1
19.492692870,1,0
19.492733952,1,1
19.492755376,0,1
19.492775528,0,0
19.492816606,0,1
19.492858182,0,0
19.492901726,0,1
19.492924936,1,1
19.492944274,1,0
19.492982388,1,1
19.493024928,1,0
19.493069424,1,1
19.549570692,0,1
19.549582482,0,0
19.549625036,0,1
19.549666606,0,0
19.549707684,0,1
19.549749264,0,0
19.549790348,0,1
19.549831924,0,0
19.549873006,0,1
19.549914576,0,0
19.549955654,0,1
19.549978862,1,1
19.549998206,1,0
19.550039280,1,1
19.550081834,1,0
19.550122910,1,1
19.550165466,1,0
19.550206540,1,1
19.550249098,1,0
19.550292632,1,1
19.550335194,1,0
19.550373324,1,1
19.550415884,1,0
19.550460406,1,1
19.554085542,0,1
19.554097330,0,0
19.554139884,0,1
19.554163094,1,1
19.554182438,1,0
19.554223512,1,1
19.554244936,0,1
19.554265086,0,0
19.554306164,0,1
19.554329374,1,1
19.554348716,1,0
19.554389790,1,1
19.554411210,0,1
19.554431364,0,0
19.554472444,0,1
19.554495654,1,1
19.554514994,1,0
19.554556064,1,1
19.554556068,1,0
19.554556070,1,1
19.554598622,1,0
19.554639696,1,1
19.554661118,0,1
19.554681272,0,0
19.554722352,0,1
19.554763928,0,0
19.554807468,0,1
19.554830682,1,1
19.554850024,1,0
19.554888146,1,1
19.554930700,1,0
19.554975218,1,1
19.572048716,0,1
19.572060504,0,0
19.572103058,0,1
19.572144634,0,0
19.572185716,0,1
19.572227290,0,0
19.572268368,0,1
19.572309942,0,0
19.572351020,0,1
19.572392594,0,0
19.572433676,0,1
19.572456888,1,1
19.572476230,1,0
19.572517304,1,1
19.572559862,1,0
19.572600936,1,1
19.572643492,1,0
19.572684568,1,1
19.572727124,1,0
19.572770662,1,1
19.572813218,1,0
19.572851340,1,1
19.572893896,1,0
19.572938412,1,1
19.576563702,0,1
19.576575492,0,0
19.576618050,0,1
19.576659620,0,0
19.576700698,0,1
19.576742276,0,0
19.576783356,0,1
19.576806570,1,1
19.576825912,1,0
19.576866994,1,1
19.576909552,1,0
19.576950628,1,1
19.576993190,1,0
19.577034266,1,1
19.577076820,1,0
19.577117894,1,1
19.577139318,0,1
19.577159472,0,0
19.577200550,0,1
19.577242122,0,0
19.577285662,0,1
19.577308876,1,1
19.577328218,1,0
19.577366346,1,1
19.577408904,1,0
19.577453422,1,1
19.649756234,0,1
19.649768024,0,0
19.649810580,0,1
19.649852154,0,0
19.649893236,0,1
19.649934810,0,0
19.649975894,0,1
19.649999106,1,1
19.650018452,1,0
19.650059526,1,1
19.650080950,0,1
19.650101104,0,0
19.650142188,0,1
19.650165396,1,1
19.650184738,1,0
19.650225808,1,1
19.650268366,1,0
19.650309436,1,1
19.650330858,0,1
19.650351010,0,0
19.650392086,0,1
19.650433658,0,0
19.650477196,0,1
19.650518768,0,0
19.650556894,0,1
19.650580106,1,1
19.650599446,1,0
19.650643966,1,1
19.654269186,0,1
19.654280976,0,0
19.654323532,0,1
19.654346744,1,1
19.654366086,1,0
19.654407166,1,1
19.654449724,1,0
19.654490804,1,1
19.654512226,0,1
19.654532378,0,0
19.654573458,0,1
19.654596670,1,1
19.654616012,1,0
19.654657088,1,1
19.654678512,0,1
19.654698666,0,0
19.654739752,0,1
19.654762966,1,1
19.654782308,1,0
19.654823388,1,1
19.654844812,0,1
19.654864966,0,0
19.654906046,0,1
19.654947620,0,0
19.654991164,0,1
19.655014376,1,1
19.655033718,1,0
19.655071838,1,1
19.655114398,1,0
19.655158916,1,1
19.724556172,0,1
19.724567960,0,0
19.724610516,0,1
19.724652082,0,0
19.724693160,0,1
19.724734734,0,0
19.724775810,0,1
19.724817382,0,0
19.724858462,0,1
19.724900030,0,0
19.724941106,0,1
19.724964314,1,1
19.724983656,1,0
19.725024730,1,1
19.725067282,1,0
19.725108358,1,1
19.725150910,1,0
19.725191980,1,1
19.725234534,1,0
19.725278064,1,1
19.725320618,1,0
19.725358742,1,1
19.725401298,1,0
19.725445810,1,1
19.729071996,0,1
19.729083786,0,0
19.729126336,0,1
19.729167908,0,0
19.729208986,0,1
19.729250560,0,0
19.729291646,0,1
19.729314860,1,1
19.729334202,1,0
19.729375274,1,1
19.729396700,0,1
19.729416854,0,0
19.729457932,0,1
19.729481146,1,1
19.729500486,1,0
19.729541558,1,1
19.729584116,1,0
19.729625188,1,1
19.729646608,0,1
19.729666760,0,0
19.729707836,0,1
19.729749412,0,0
19.729792954,0,1
19.729834530,0,0
19.729872656,0,1
19.729895864,1,1
19.729915206,1,0
19.729959726,1,1
19.739315318,0,1
19.739327106,0,0
19.739369658,0,1
19.739411232,0,0
19.739452308,0,1
19.739493882,0,0
19.739534966,0,1
19.739576538,0,0
19.739617620,0,1
19.739659194,0,0
19.739700274,0,1
19.739723484,1,1
19.739742832,1,0
19.739783912,1,1
19.739826472,1,0
19.739867546,1,1
19.739910106,1,0
19.739951182,1,1
19.739993736,1,0
19.740037274,1,1
19.740079830,1,0
19.740117950,1,1
19.740160508,1,0
19.740205034,1,1
19.743830338,0,1
19.743842128,0,0
19.743884686,0,1
19.743907896,1,1
19.743927240,1,0
19.743968316,1,1
19.744010876,1,0
19.744051950,1,1
19.744073374,0,1
19.744093532,0,0
19.744134614,0,1
19.744157830,1,1
19.744177170,1,0
19.744218248,1,1
19.744239674,0,1
19.744259830,0,0
19.744300914,0,1
19.744324124,1,1
19.744343468,1,0
19.744384548,1,1
19.744405972,0,1
19.744426126,0,0
19.744467208,0,1
19.744508788,0,0
19.744552330,0,1
19.744575540,1,1
19.744594888,1,0
19.744633016,1,1
19.744675578,1,0
19.744720100,1,1
19.801435088,0,1
19.801446876,0,0
19.801489428,0,1
19.801512640,1,1
19.801531982,1,0
19.801573052,1,1
19.801615604,1,0
19.801656678,1,1
19.801678100,0,1
19.801698252,0,0
19.801739332,0,1
19.801780904,0,0
19.801821984,0,1
19.801845194,1,1
19.801864536,1,0
19.801905610,1,1
19.801948162,1,0
19.801989232,1,1
19.802010650,0,1
19.802030802,0,0
19.802071878,0,1
19.802113446,0,0
19.802156990,0,1
19.802180202,1,1
19.802199548,1,0
19.802237672,1,1
19.802280224,1,0
19.802324740,1,1
19.805950902,0,1
19.805962694,0,0
19.806005250,0,1
19.806046822,0,0
19.806087906,0,1
19.806129482,0,0
19.806170562,0,1
19.806193772,1,1
19.806213114,1,0
19.806254192,1,1
19.806275616,0,1
19.806295770,0,0
19.806336850,0,1
19.806360068,1,1
19.806379412,1,0
19.806420490,1,1
19.806463048,1,0
19.806504124,1,1
19.806525548,0,1
19.806545700,0,0
19.806586778,0,1
19.806628350,0,0
19.806671888,0,1
19.806713460,0,0
19.806751592,0,1
19.806774804,1,1
19.806794148,1,0
19.806838666,1,1
19.900459148,0,1
19.900470936,0,0
19.900513482,0,1
19.900555046,0,0
19.900596128,0,1
19.900637702,0,0
19.900678782,0,1
19.900720358,0,0
19.900761432,0,1
19.900803002,0,0
19.900844076,0,1
19.900867288,1,1
19.900886630,1,0
19.900927702,1,1
19.900970256,1,0
19.901011328,1,1
19.901053886,1,0
19.901094952,1,1
19.901137504,1,0
19.901181032,1,1
19.901223582,1,0
19.901261692,1,1
19.901304238,1,0
19.901348744,1,1
19.904973946,0,1
19.904985734,0,0
19.905028284,0,1
19.905051496,1,1
19.905070836,1,0
19.905111906,1,1
19.905154460,1,0
19.905195532,1,1
19.905216956,0,1
19.905237106,0,0
19.905278182,0,1
19.905319750,0,0
19.905360824,0,1
19.905384032,1,1
19.905403370,1,0
19.905444438,1,1
19.905486990,1,0
19.905528058,1,1
19.905549480,0,1
19.905569632,0,0
19.905610708,0,1
19.905652274,0,0
19.905695810,0,1
19.905719020,1,1
19.905738364,1,0
19.905776484,1,1
19.905819038,1,0
19.905863552,1,1
19.928287370,0,1
19.928299160,0,0
19.928341712,0,1
19.928383284,0,0
19.928424366,0,1
19.928465938,0,0
19.928507020,0,1
19.928548596,0,0
19.928589682,0,1
19.928631256,0,0
19.928672336,0,1
19.928695548,1,1
19.928714892,1,0
19.928755970,1,1
19.928798530,1,0
19.928839606,1,1
19.928882162,1,0
19.928923242,1,1
19.928965800,1,0
19.929009330,1,1
19.929051890,1,0
19.929090010,1,1
19.929132566,1,0
19.929177086,1,1
19.932803444,0,1
19.932815234,0,0
19.932857792,0,1
19.932899366,0,0
19.932940448,0,1
19.932982026,0,0
19.933023112,0,1
19.933046322,1,1
19.933065664,1,0
19.933106742,1,1
19.933128164,0,1
19.933148318,0,0
19.933189398,0,1
19.933212608,1,1
19.933231954,1,0
19.933273032,1,1
19.933315590,1,0
19.933356666,1,1
19.933378094,0,1
19.933398248,0,0
19.933439328,0,1
19.933480900,0,0
19.933524442,0,1
19.933566014,0,0
19.933604144,0,1
19.933627358,1,1
19.933646700,1,0
19.933691222,1,1
19.949243558,0,1
19.949255350,0,0
19.949297906,0,1
19.949321120,1,1
19.949340464,1,0
19.949381548,1,1
19.949424108,1,0
19.949465190,1,1
19.949486614,0,1
19.949506772,0,0
19.949547856,0,1
19.949589432,0,0
19.949630520,0,1
19.949653732,1,1
19.949673074,1,0
19.949714154,1,1
19.949756722,1,0
19.949797802,1,1
19.949819228,0,1
19.949839380,0,0
19.949880460,0,1
19.949922036,0,0
19.949965578,0,1
19.949988792,1,1
19.950008136,1,0
19.950046266,1,1
19.950088828,1,0
19.950133358,1,1
19.962942668,0,1
19.962954456,0,0
19.962997012,0,1
19.963038586,0,0
19.963079666,0,1
19.963121242,0,0
19.963162326,0,1
19.963185536,1,1
19.963204880,1,0
19.963245962,1,1
19.963267388,0,1
19.963287544,0,0
19.963328624,0,1
19.963351838,1,1
19.963371182,1,0
19.963412262,1,1
19.963454822,1,0
19.963495900,1,1
19.963517324,0,1
19.963537480,0,0
19.963578560,0,1
19.963620136,0,0
19.963663680,0,1
19.963705256,0,0
19.963743386,0,1
19.963766602,1,1
19.963785946,1,0
19.963830466,1,1
20.483366880,0,1
20.483378670,0,0
20.483421218,0,1
20.483462786,0,0
20.483503864,0,1
20.483545432,0,0
20.483586510,0,1
20.483628080,0,0
20.483669156,0,1
20.483710726,0,0
20.483751804,0,1
20.483775016,1,1
20.483794358,1,0
20.483835432,1,1
20.483877990,1,0
20.483919066,1,1
20.483961620,1,0
20.484002696,1,1
20.484045248,1,0
20.484088780,1,1
20.484131338,1,0
20.484169462,1,1
20.484212020,1,0
20.484256536,1,1
20.487882896,0,1
20.487894684,0,0
20.487937242,0,1
20.487978816,0,0
20.488019896,0,1
20.488061468,0,0
20.488102550,0,1
20.488125762,1,1
20.488145104,1,0
20.488186182,1,1
20.488207606,0,1
20.488227762,0,0
20.488268842,0,1
20.488292052,1,1
20.488311394,1,0
20.488352468,1,1
20.488395026,1,0
20.488436100,1,1
20.488457522,0,1
20.488477674,0,0
20.488518754,0,1
20.488560328,0,0
20.488603870,0,1
20.488645446,0,0
20.488683572,0,1
20.488706788,1,1
20.488726130,1,0
20.488770654,1,1
20.495548862,0,1
20.495560652,0,0
20.495603204,0,1
20.495644778,0,0
20.495685862,0,1
20.495727438,0,0
20.495768520,0,1
20.495810098,0,0
20.495851182,0,1
20.495892756,0,0
20.495933840,0,1
20.495957052,1,1
20.495976398,1,0
20.496017474,1,1
20.496060032,1,0
20.496101110,1,1
20.496143666,1,0
20.496184746,1,1
20.496227308,1,0
20.496270842,1,1
20.496313394,1,0
20.496351516,1,1
20.496394074,1,0
20.496438592,1,1
20.500064102,0,1
20.500075892,0,0
20.500118450,0,1
20.500141664,1,1
20.500161012,1,0
20.500202096,1,1
20.500244658,1,0
20.500285740,1,1
20.500307164,0,1
20.500327318,0,0
20.500368400,0,1
20.500409978,0,0
20.500451060,0,1
20.500474272,1,1
20.500493614,1,0
20.500534694,1,1
20.500577254,1,0
20.500618324,1,1
20.500639752,0,1
20.500659908,0,0
20.500700990,0,1
20.500742566,0,0
20.500786110,0,1
20.500809324,1,1
20.500828666,1,0
20.500866792,1,1
20.500909350,1,0
20.500953874,1,1
20.570014504,0,1
20.570026294,0,0
20.570068852,0,1
20.570110430,0,0
20.570151514,0,1
20.570193092,0,0
20.570234180,0,1
20.570257396,1,1
20.570276740,1,0
20.570317820,1,1
20.570339246,0,1
20.570359402,0,0
20.570400486,0,1
20.570423706,1,1
20.570443048,1,0
20.570484128,1,1
20.570526692,1,0
20.570567770,1,1
20.570589194,0,1
20.570609350,0,0
20.570650434,0,1
20.570692008,0,0
20.570735554,0,1
20.570777134,0,0
20.570815264,0,1
20.570838476,1,1
20.570857818,1,0
20.570902342,1,1
20.578407286,0,1
20.578419076,0,0
20.578461638,0,1
20.578484854,1,1
20.578504198,1,0
20.578545278,1,1
20.578587842,1,0
20.578628924,1,1
20.578650350,0,1
20.578670504,0,0
20.578711588,0,1
20.578753172,0,0
20.578794258,0,1
20.578817476,1,1
20.578836820,1,0
20.578877904,1,1
20.578920470,1,0
20.578961546,1,1
20.578982974,0,1
20.579003130,0,0
20.579044218,0,1
20.579085796,0,0
20.579129342,0,1
20.579152556,1,1
20.579171900,1,0
20.579210028,1,1
20.579252588,1,0
20.579297114,1,1
21.090458046,0,1
21.090469844,0,0
21.090512428,0,1
21.090554044,0,0
21.090595174,0,1
21.090636780,0,0
21.090677902,0,1
21.090719506,0,0
21.090760618,0,1
21.090802218,0,0
21.090843324,0,1
21.090866550,1,1
21.090885906,1,0
21.090927012,1,1
21.090969592,1,0
21.091010692,1,1
21.091053278,1,0
21.091094380,1,1
21.091136960,1,0
21.091180542,1,1
21.091223136,1,0
21.091261292,1,1
21.091303870,1,0
21.091348422,1,1
21.094976606,0,1
21.094988396,0,0
21.095030944,0,1
21.095072518,0,0
21.095113596,0,1
21.095155166,0,0
21.095196250,0,1
21.095219462,1,1
21.095238804,1,0
21.095279874,1,1
21.095301296,0,1
21.095321450,0,0
21.095362528,0,1
21.095385734,1,1
21.095405076,1,0
21.095446150,1,1
21.095488704,1,0
21.095529774,1,1
21.095551198,0,1
21.095571350,0,0
21.095612428,0,1
21.095654002,0,0
21.095697538,0,1
21.095739118,0,0
21.095777244,0,1
21.095800452,1,1
21.095819794,1,0
21.095864314,1,1
21.123234596,0,1
21.123246396,0,0
21.123288982,0,1
21.123330572,0,0
21.123371668,0,1
21.123413248,0,0
21.123454334,0,1
21.123495914,0,0
21.123537000,0,1
21.123578574,0,0
21.123619656,0,1
21.123642870,1,1
21.123662214,1,0
21.123703290,1,1
21.123745848,1,0
21.123786926,1,1
21.123829486,1,0
21.123870566,1,1
21.123913124,1,0
21.123956656,1,1
21.123999212,1,0
21.124037336,1,1
21.124079892,1,0
21.124124412,1,1
21.127749694,0,1
21.127761480,0,0
21.127804028,0,1
21.127827236,1,1
21.127846578,1,0
21.127887650,1,1
21.127930202,1,0
21.127971278,1,1
21.127992702,0,1
21.128012854,0,0
21.128053930,0,1
21.128095498,0,0
21.128136578,0,1
21.128159788,1,1
21.128179132,1,0
21.128220210,1,1
21.128262770,1,0
21.128303842,1,1
21.128325264,0,1
21.128345418,0,0
21.128386494,0,1
21.128428062,0,0
21.128471602,0,1
21.128494812,1,1
21.128514154,1,0
21.128552276,1,1
21.128594830,1,0
21.128639348,1,1
21.186814364,0,1
21.186826154,0,0
21.186868706,0,1
21.186910272,0,0
21.186951350,0,1
21.186992920,0,0
21.187033994,0,1
21.187057202,1,1
21.187076546,1,0
21.187117620,1,1
21.187160170,1,0
21.187201244,1,1
21.187222664,0,1
21.187242814,0,0
21.187283886,0,1
21.187307094,1,1
21.187326436,1,0
21.187367510,1,1
21.187388930,0,1
21.187409082,0,0
21.187450160,0,1
21.187491734,0,0
21.187535270,0,1
21.187576842,0,0
21.187614970,0,1
21.187638182,1,1
21.187657522,1,0
21.187702038,1,1
21.231662426,0,1
21.231674216,0,0
21.231716774,0,1
21.231739988,1,1
21.231759336,1,0
21.231800420,1,1
21.231821846,0,1
21.231842000,0,0
21.231883080,0,1
21.231906292,1,1
21.231925628,1,0
21.231966686,1,1
21.232009228,1,0
21.232050300,1,1
21.232071718,0,1
21.232091868,0,0
21.232132944,0,1
21.232156156,1,1
21.232175500,1,0
21.232216576,1,1
21.232237998,0,1
21.232258152,0,0
21.232299232,0,1
21.232340804,0,0
21.232384344,0,1
21.232407556,1,1
21.232426900,1,0
21.232465030,1,1
21.232507596,1,0
21.232552126,1,1
21.457009078,0,1
21.457020864,0,0
21.457063414,0,1
21.457104986,0,0
21.457146060,0,1
21.457187628,0,0
21.457228708,0,1
21.457270276,0,0
21.457311350,0,1
21.457352922,0,0
21.457394000,0,1
21.457417210,1,1
21.457436550,1,0
21.457477628,1,1
21.457520182,1,0
21.457561256,1,1
21.457603810,1,0
21.457644886,1,1
21.457687438,1,0
21.457730972,1,1
21.457773530,1,0
21.457811650,1,1
21.457854204,1,0
21.457898720,1,1
21.461523766,0,1
21.461535556,0,0
21.461578112,0,1
21.461601322,1,1
21.461620664,1,0
21.461661738,1,1
21.461683160,0,1
21.461703312,0,0
21.461744390,0,1
21.461767598,1,1
21.461786942,1,0
21.461828022,1,1
21.461870578,1,0
21.461911652,1,1
21.461933076,0,1
21.461953230,0,0
21.461994308,0,1
21.462017518,1,1
21.462036860,1,0
21.462077936,1,1
21.462099356,0,1
21.462119508,0,0
21.462160582,0,1
21.462202154,0,0
21.462245694,0,1
21.462268902,1,1
21.462288244,1,0
21.462326368,1,1
21.462368924,1,0
21.462413436,1,1
21.484633132,0,1
21.484644922,0,0
21.484687480,0,1
21.484729056,0,0
21.484770142,0,1
21.484811718,0,0
21.484852800,0,1
21.484894378,0,0
21.484935464,0,1
21.484977040,0,0
21.485018128,0,1
21.485041342,1,1
21.485060684,1,0
21.485101766,1,1
21.485144328,1,0
21.485185408,1,1
21.485227968,1,0
21.485269048,1,1
21.485311608,1,0
21.485355150,1,1
21.485397710,1,0
21.485435836,1,1
21.485478394,1,0
21.485522914,1,1
21.489149318,0,1
21.489161106,0,0
21.489203660,0,1
21.489245232,0,0
21.489286316,0,1
21.489327894,0,0
21.489368984,0,1
21.489392194,1,1
21.489411540,1,0
21.489452624,1,1
21.489495186,1,0
21.489536266,1,1
21.489557690,0,1
21.489577844,0,0
21.489618926,0,1
21.489642140,1,1
21.489661482,1,0
21.489702562,1,1
21.489723986,0,1
21.489744144,0,0
21.489785228,0,1
21.489826806,0,0
21.489870356,0,1
21.489911934,0,0
21.489950062,0,1
21.489973272,1,1
21.489992618,1,0
21.490037138,1,1
21.772704966,0,1
21.772716758,0,0
21.772759316,0,1
21.772800890,0,0
21.772841974,0,1
21.772865186,1,1
21.772884530,1,0
21.772925606,1,1
21.772968166,1,0
21.773009244,1,1
21.773030666,0,1
21.773050820,0,0
21.773091900,0,1
21.773115114,1,1
21.773134460,1,0
21.773175536,1,1
21.773218098,1,0
21.773259178,1,1
21.773280600,0,1
21.773300754,0,0
21.773341834,0,1
21.773383408,0,0
21.773426948,0,1
21.773450162,1,1
21.773469504,1,0
21.773507632,1,1
21.773550192,1,0
21.773594710,1,1
21.777219954,0,1
21.777231742,0,0
21.777274294,0,1
21.777315866,0,0
21.777356944,0,1
21.777380158,1,1
21.777399500,1,0
21.777440578,1,1
21.777483136,1,0
21.777524212,1,1
21.777566774,1,0
21.777607848,1,1
21.777629272,0,1
21.777649428,0,0
21.777690514,0,1
21.777713726,1,1
21.777733074,1,0
21.777774154,1,1
21.777795580,0,1
21.777815736,0,0
21.777856816,0,1
21.777898384,0,0
21.777941918,0,1
21.777965134,1,1
21.777984476,1,0
21.778022600,1,1
21.778065162,1,0
21.778109686,1,1
21.822691686,0,1
21.822703476,0,0
21.822746030,0,1
21.822787604,0,0
21.822828684,0,1
21.822870258,0,0
21.822911340,0,1
21.822952914,0,0
21.822993992,0,1
21.823035570,0,0
21.823076648,0,1
21.823099860,1,1
21.823119202,1,0
21.823160280,1,1
21.823202840,1,0
21.823243912,1,1
21.823286470,1,0
21.823327548,1,1
21.823370100,1,0
21.823413636,1,1
21.823456194,1,0
21.823494320,1,1
21.823536874,1,0
21.823581392,1,1
21.827206670,0,1
21.827218460,0,0
21.827261014,0,1
21.827302586,0,0
21.827343668,0,1
21.827366882,1,1
21.827386224,1,0
21.827427300,1,1
21.827469860,1,0
21.827510938,1,1
21.827532364,0,1
21.827552516,0,0
21.827593594,0,1
21.827616810,1,1
21.827636150,1,0
21.827677226,1,1
21.827719784,1,0
21.827760864,1,1
21.827782290,0,1
21.827802444,0,0
21.827843526,0,1
21.827885104,0,0
21.827928646,0,1
21.827951860,1,1
21.827971202,1,0
21.828009328,1,1
21.828051886,1,0
21.828096402,1,1
21.831721884,0,1
21.831733674,0,0
21.831776230,0,1
21.831817806,0,0
21.831858890,0,1
21.831900464,0,0
21.831941546,0,1
21.831983122,0,0
21.832024206,0,1
21.832065780,0,0
21.832106864,0,1
21.832130082,1,1
21.832149426,1,0
21.832190506,1,1
21.832233064,1,0
21.832274138,1,1
21.832316698,1,0
21.832357778,1,1
21.832400330,1,0
21.832443862,1,1
21.832486418,1,0
21.832524542,1,1
21.832567098,1,0
21.832611622,1,1
21.836237026,0,1
21.836248816,0,0
21.836291374,0,1
21.836332948,0,0
21.836374024,0,1
21.836397234,1,1
21.836416578,1,0
21.836457656,1,1
21.836500212,1,0
21.836541290,1,1
21.836583844,1,0
21.836624918,1,1
21.836646340,0,1
21.836666494,0,0
21.836707576,0,1
21.836730784,1,1
21.836750128,1,0
21.836791206,1,1
21.836812630,0,1
21.836832782,0,0
21.836873864,0,1
21.836915438,0,0
21.836958982,0,1
21.836982192,1,1
21.837001532,1,0
21.837039652,1,1
21.837082210,1,0
21.837126728,1,1
24.262780850,0,1
24.262792642,0,0
24.262835200,0,1
24.262876774,0,0
24.262917860,0,1
24.262959436,0,0
24.263000520,0,1
24.263023732,1,1
24.263043076,1,0
24.263084156,1,1
24.263105582,0,1
24.263125738,0,0
24.263166822,0,1
24.263190036,1,1
24.263209380,1,0
24.263250458,1,1
24.263293020,1,0
24.263334100,1,1
24.263355526,0,1
24.263375680,0,0
24.263416762,0,1
24.263458338,0,0
24.263501882,0,1
24.263543460,0,0
24.263581592,0,1
24.263604806,1,1
24.263624150,1,0
24.263668672,1,1
24.345173848,0,1
24.345185636,0,0
24.345228192,0,1
24.345269764,0,0
24.345310844,0,1
24.345352416,0,0
24.345393496,0,1
24.345435066,0,0
24.345476144,0,1
24.345517718,0,0
24.345558796,0,1
24.345582004,1,1
24.345601344,1,0
24.345642420,1,1
24.345684976,1,0
24.345726048,1,1
24.345768606,1,0
24.345809682,1,1
24.345852238,1,0
24.345895770,1,1
24.345938328,1,0
24.345976448,1,1
24.346019008,1,0
24.346063528,1,1
24.349689640,0,1
24.349701430,0,0
24.349743982,0,1
24.349785550,0,0
24.349826630,0,1
24.349868206,0,0
24.349909288,0,1
24.349932500,1,1
24.349951842,1,0
24.349992918,1,1
24.350014342,0,1
24.350034494,0,0
24.350075572,0,1
24.350098782,1,1
24.350118124,1,0
24.350159200,1,1
24.350201752,1,0
24.350242826,1,1
24.350264250,0,1
24.350284404,0,0
24.350325482,0,1
24.350367056,0,0
24.350410598,0,1
24.350452170,0,0
24.350490294,0,1
24.350513508,1,1
24.350532848,1,0
24.350577362,1,1
24.473416830,0,1
24.473428620,0,0
24.473471174,0,1
24.473512744,0,0
24.473553824,0,1
24.473595398,0,0
24.473636476,0,1
24.473659688,1,1
24.473679030,1,0
24.473720108,1,1
24.473741532,0,1
24.473761688,0,0
24.473802766,0,1
24.473825974,1,1
24.473845320,1,0
24.473886392,1,1
24.473928948,1,0
24.473970022,1,1
24.473991446,0,1
24.474011598,0,0
24.474052676,0,1
24.474094250,0,0
24.474137794,0,1
24.474179368,0,0
24.474217496,0,1
24.474240708,1,1
24.474260050,1,0
24.474304566,1,1
24.477930052,0,1
24.477941842,0,0
24.477984392,0,1
24.478007604,1,1
24.478026948,1,0
24.478068028,1,1
24.478110590,1,0
24.478151668,1,1
24.478173098,0,1
24.478193252,0,0
24.478234334,0,1
24.478257548,1,1
24.478276892,1,0
24.478317970,1,1
24.478339396,0,1
24.478359548,0,0
24.478400628,0,1
24.478423842,1,1
24.478443184,1,0
24.478484262,1,1
24.478505686,0,1
24.478525840,0,0
24.478566926,0,1
24.478608500,0,0
24.478652040,0,1
24.478675252,1,1
24.478694596,1,0
24.478732726,1,1
24.478775294,1,0
24.478819822,1,1
24.498559736,0,1
24.498571526,0,0
24.498614086,0,1
24.498655664,0,0
24.498696750,0,1
24.498738330,0,0
24.498779420,0,1
24.498821000,0,0
24.498862088,0,1
24.498903666,0,0
24.498944752,0,1
24.498967964,1,1
24.498987312,1,0
24.499028394,1,1
24.499070956,1,0
24.499112036,1,1
24.499154600,1,0
24.499195678,1,1
24.499238238,1,0
24.499281780,1,1
24.499324340,1,0
24.499362464,1,1
24.499405026,1,0
24.499449548,1,1
24.503076202,0,1
24.503087992,0,0
24.503130546,0,1
24.503172120,0,0
24.503213206,0,1
24.503254778,0,0
24.503295858,0,1
24.503319072,1,1
24.503338418,1,0
24.503379496,1,1
24.503400920,0,1
24.503421076,0,0
24.503462158,0,1
24.503485374,1,1
24.503504716,1,0
24.503545792,1,1
24.503588354,1,0
24.503629434,1,1
24.503650856,0,1
24.503671010,0,0
24.503712096,0,1
24.503753676,0,0
24.503797220,0,1
24.503838796,0,0
24.503876930,0,1
24.503900144,1,1
24.503919488,1,0
24.503964012,1,1
24.507588524,0,1
24.507600308,0,0
24.507642844,0,1
24.507684402,0,0
24.507725462,0,1
24.507767026,0,0
24.507808090,0,1
24.507849646,0,0
24.507890708,0,1
24.507932276,0,0
24.507973368,0,1
24.507996582,1,1
24.508015928,1,0
24.508057008,1,1
24.508099566,1,0
24.508140646,1,1
24.508183210,1,0
24.508224294,1,1
24.508266858,1,0
24.508310402,1,1
24.508352972,1,0
24.508391100,1,1
24.508433658,1,0
24.508478178,1,1
24.512103466,0,1
24.512115256,0,0
24.512157816,0,1
24.512181030,1,1
24.512200374,1,0
24.512241456,1,1
24.512284018,1,0
24.512325092,1,1
24.512346518,0,1
24.512366672,0,0
24.512407754,0,1
24.512430966,1,1
24.512450306,1,0
24.512491386,1,1
24.512512812,0,1
24.512532968,0,0
24.512574052,0,1
24.512597268,1,1
24.512616612,1,0
24.512657696,1,1
24.512679122,0,1
24.512699276,0,0
24.512740362,0,1
24.512781944,0,0
24.512825490,0,1
24.512848706,1,1
24.512868050,1,0
24.512906180,1,1
24.512948742,1,0
24.512993260,1,1
24.723009922,0,1
24.723021712,0,0
24.723064264,0,1
24.723087472,1,1
24.723106812,1,0
24.723147886,1,1
24.723190438,1,0
24.723231506,1,1
24.723252930,0,1
24.723273084,0,0
24.723314164,0,1
24.723355736,0,0
24.723396820,0,1
24.723420030,1,1
24.723439372,1,0
24.723480444,1,1
24.723522998,1,0
24.723564074,1,1
24.723585496,0,1
24.723605648,0,0
24.723646726,0,1
24.723688296,0,0
24.723731832,0,1
24.723755046,1,1
24.723774388,1,0
24.723812514,1,1
24.723855068,1,0
24.723899584,1,1
24.790232366,0,1
24.790244156,0,0
24.790286710,0,1
24.790328280,0,0
24.790369364,0,1
24.790410938,0,0
24.790452022,0,1
24.790475232,1,1
24.790494578,1,0
24.790535656,1,1
24.790557078,0,1
24.790577232,0,0
24.790618310,0,1
24.790641520,1,1
24.790660866,1,0
24.790701942,1,1
24.790744502,1,0
24.790785584,1,1
24.790807008,0,1
24.790827162,0,0
24.790868242,0,1
24.790909818,0,0
24.790953356,0,1
24.790994926,0,0
24.791033054,0,1
24.791056268,1,1
24.791075610,1,0
24.791120134,1,1
24.810274646,0,1
24.810286436,0,0
24.810328994,0,1
24.810370568,0,0
24.810411654,0,1
24.810453230,0,0
24.810494310,0,1
24.810535886,0,0
24.810576968,0,1
24.810618546,0,0
24.810659632,0,1
24.810682846,1,1
24.810702194,1,0
24.810743274,1,1
24.810785834,1,0
24.810826914,1,1
24.810869474,1,0
24.810910552,1,1
24.810953114,1,0
24.810996648,1,1
24.811039204,1,0
24.811077330,1,1
24.811119890,1,0
24.811164406,1,1
24.814789934,0,1
24.814801718,0,0
24.814844252,0,1
24.814885810,0,0
24.814926872,0,1
24.814968428,0,0
24.815009492,0,1
24.815032696,1,1
24.815052030,1,0
24.815093084,1,1
24.815114502,0,1
24.815134654,0,0
24.815175746,0,1
24.815198970,1,1
24.815218316,1,0
24.815259400,1,1
24.815301954,1,0
24.815343018,1,1
24.815364432,0,1
24.815384576,0,0
24.815425638,0,1
24.815467194,0,0
24.815510712,0,1
24.815552266,0,0
24.815590378,0,1
24.815613578,1,1
24.815632910,1,0
24.815677406,1,1
24.827605482,0,1
24.827617272,0,0
24.827659828,0,1
24.827701402,0,0
24.827742490,0,1
24.827784070,0,0
24.827825154,0,1
24.827866732,0,0
24.827907818,0,1
24.827949394,0,0
24.827990476,0,1
24.828013690,1,1
24.828033032,1,0
24.828074108,1,1
24.828116672,1,0
24.828157764,1,1
24.828200332,1,0
24.828241416,1,1
24.828283980,1,0
24.828327514,1,1
24.828370070,1,0
24.828408194,1,1
24.828450752,1,0
24.828495270,1,1
24.832120800,0,1
24.832132590,0,0
24.832175144,0,1
24.832198358,1,1
24.832217700,1,0
24.832258778,1,1
24.832301336,1,0
24.832342414,1,1
24.832363840,0,1
24.832383994,0,0
24.832425074,0,1
24.832466652,0,0
24.832507738,0,1
24.832530950,1,1
24.832550294,1,0
24.832591376,1,1
24.832633934,1,0
24.832675010,1,1
24.832696434,0,1
24.832716590,0,0
24.832757674,0,1
24.832799248,0,0
24.832842794,0,1
24.832866008,1,1
24.832885350,1,0
24.832923474,1,1
24.832966034,1,0
24.833010556,1,1
24.885935244,0,1
24.885947034,0,0
24.885989592,0,1
24.886012802,1,1
24.886032146,1,0
24.886073226,1,1
24.886115788,1,0
24.886156866,1,1
24.886178288,0,1
24.886198444,0,0
24.886239524,0,1
24.886281090,0,0
24.886322170,0,1
24.886345382,1,1
24.886364724,1,0
24.886405798,1,1
24.886448358,1,0
24.886489434,1,1
24.886510854,0,1
24.886531006,0,0
24.886572082,0,1
24.886613652,0,0
24.886657190,0,1
24.886680396,1,1
24.886699742,1,0
24.886737870,1,1
24.886780428,1,0
24.886824946,1,1
24.944369684,0,1
24.944381472,0,0
24.944424024,0,1
24.944465594,0,0
24.944506676,0,1
24.944548250,0,0
24.944589328,0,1
24.944612538,1,1
24.944631882,1,0
24.944672958,1,1
24.944694382,0,1
24.944714536,0,0
24.944755620,0,1
24.944778832,1,1
24.944798178,1,0
24.944839258,1,1
24.944881816,1,0
24.944922896,1,1
24.944944318,0,1
24.944964470,0,0
24.945005552,0,1
24.945047126,0,0
24.945090668,0,1
24.945132244,0,0
24.945170374,0,1
24.945193590,1,1
24.945212932,1,0
24.945257454,1,1
24.967412872,0,1
24.967424662,0,0
24.967467218,0,1
24.967508792,0,0
24.967549872,0,1
24.967591448,0,0
24.967632532,0,1
24.967674106,0,0
24.967715188,0,1
24.967756772,0,0
24.967797856,0,1
24.967821066,1,1
24.967840412,1,0
24.967881492,1,1
24.967924052,1,0
24.967965130,1,1
24.968007692,1,0
24.968048768,1,1
24.968091324,1,0
24.968134868,1,1
24.968177426,1,0
24.968215550,1,1
24.968258114,1,0
24.968302634,1,1
24.971929028,0,1
24.971940820,0,0
24.971983378,0,1
24.972024956,0,0
24.972066042,0,1
24.972107616,0,0
24.972148704,0,1
24.972171918,1,1
24.972191264,1,0
24.972232346,1,1
24.972253770,0,1
24.972273926,0,0
24.972315012,0,1
24.972338226,1,1
24.972357570,1,0
24.972398650,1,1
24.972441214,1,0
24.972482294,1,1
24.972503718,0,1
24.972523872,0,0
24.972564956,0,1
24.972606530,0,0
24.972650072,0,1
24.972691648,0,0
24.972729778,0,1
24.972752996,1,1
24.972772338,1,0
24.972816862,1,1
24.989892140,0,1
24.989903930,0,0
24.989946482,0,1
24.989988056,0,0
24.990029136,0,1
24.990070706,0,0
24.990111792,0,1
24.990153370,0,0
24.990194452,0,1
24.990236028,0,0
24.990277112,0,1
24.990300322,1,1
24.990319666,1,0
24.990360744,1,1
24.990403306,1,0
24.990444380,1,1
24.990486938,1,0
24.990528016,1,1
24.990570576,1,0
24.990614110,1,1
24.990656672,1,0
24.990694798,1,1
24.990737356,1,0
24.990781880,1,1
24.994407422,0,1
24.994419212,0,0
24.994461772,0,1
24.994484986,1,1
24.994504328,1,0
24.994545410,1,1
24.994587972,1,0
24.994629054,1,1
24.994650476,0,1
24.994670630,0,0
24.994711716,0,1
24.994753294,0,0
24.994794376,0,1
24.994817592,1,1
24.994836936,1,0
24.994878014,1,1
24.994920578,1,0
24.994961656,1,1
24.994983084,0,1
24.995003240,0,0
24.995044322,0,1
24.995085896,0,0
24.995129438,0,1
24.995152652,1,1
24.995171994,1,0
24.995210120,1,1
24.995252682,1,0
24.995297204,1,1
25.036829510,1,0
25.037085622,0,0
25.037849314,0,1
25.038026068,0,0
25.038027464,1,0
25.038067148,1,1
25.038108726,1,0
25.038109996,0,0
25.038149816,0,1
25.038192372,0,0
25.038194284,1,0
25.038233452,1,1
25.038275030,1,0
25.038316108,1,1
25.038357682,1,0
25.038359318,0,0
25.038398766,0,1
25.038441320,0,0
25.038443596,1,0
25.038482398,1,1
25.038523974,1,0
25.038565046,1,1
25.038606616,1,0
25.038647692,1,1
25.038690736,1,0
25.038731806,1,1
25.038774368,1,0
25.038815442,1,1
25.038848670,0,1
25.038861938,0,0
25.038903036,0,1
25.038926254,1,1
25.039197476,0,1
25.039209264,0,0
25.039251818,0,1
25.039293394,0,0
25.039334476,0,1
25.039357690,1,1
25.039377034,1,0
25.039418118,1,1
25.039439542,0,1
25.039459696,0,0
25.039500774,0,1
25.039523988,1,1
25.039543332,1,0
25.039584408,1,1
25.039626962,1,0
25.039668036,1,1
25.039710590,1,0
25.039751670,1,1
25.039794230,1,0
25.039835308,1,1
25.039877860,1,0
25.039921392,1,1
25.039963944,1,0
25.040002064,1,1
25.040044614,1,0
25.040089130,1,1
25.040150142,1,0
25.040406298,0,0
25.041173678,0,1
25.041216910,0,0
25.041258008,0,1
25.041300578,0,0
25.041341672,0,1
25.041384240,0,0
25.041385718,1,0
25.041425324,1,1
25.041466902,1,0
25.041468176,0,0
25.041507996,0,1
25.041550558,0,0
25.041591650,0,1
25.041634212,0,0
25.041675306,0,1
25.041717868,0,0
25.041758964,0,1
25.041801532,0,0
25.041842628,0,1
25.041886672,0,0
25.041927768,0,1
25.041966888,0,0
25.041969088,1,0
25.042007970,1,1
25.042041206,0,1
25.042054476,0,0
25.042095570,0,1
25.042118786,1,1
25.042457102,0,1
25.042468912,0,0
25.042511546,0,1
25.042553188,0,0
25.042594328,0,1
25.042617572,1,1
25.042636938,1,0
25.042678070,1,1
25.042699522,0,1
25.042719704,0,0
25.042760842,0,1
25.042784086,1,1
25.042803454,1,0
25.042844592,1,1
25.042887204,1,0
25.042928338,1,1
25.042970954,1,0
25.043012084,1,1
25.043054698,1,0
25.043095838,1,1
25.043138460,1,0
25.043182068,1,1
25.043224698,1,0
25.043262892,1,1
25.043305520,1,0
25.043350122,1,1
25.077419786,0,1
25.077431600,0,0
25.077474240,0,1
25.077515890,0,0
25.077557052,0,1
25.077598700,0,0
25.077639858,0,1
25.077663114,1,1
25.077682490,1,0
25.077723646,1,1
25.077745110,0,1
25.077765304,0,0
25.077806472,0,1
25.077829730,1,1
25.077849110,1,0
25.077890272,1,1
25.077932912,1,0
25.077974072,1,1
25.077995534,0,1
25.078015726,0,0
25.078056890,0,1
25.078098542,0,0
25.078142170,0,1
25.078183820,0,0
25.078222028,0,1
25.078245284,1,1
25.078264660,1,0
25.078309266,1,1
25.114890028,0,1
25.114901846,0,0
25.114944506,0,1
25.114967770,1,1
25.114987150,1,0
25.115028316,1,1
25.115070960,1,0
25.115112122,1,1
25.115133586,0,1
25.115153784,0,0
25.115194956,0,1
25.115236610,0,0
25.115277784,0,1
25.115301046,1,1
25.115320424,1,0
25.115361590,1,1
25.115404236,1,0
25.115445400,1,1
25.115466868,0,1
25.115487062,0,0
25.115528230,0,1
25.115569888,0,0
25.115613522,0,1
25.115636782,1,1
25.115656160,1,0
25.115694372,1,1
25.115737020,1,0
25.115781640,1,1
25.132600896,0,1
25.132612710,0,0
25.132655356,0,1
25.132697010,0,0
25.132738186,0,1
25.132779850,0,0
25.132821022,0,1
25.132862684,0,0
25.132903858,0,1
25.132945516,0,0
25.132986690,0,1
25.133009952,1,1
25.133029332,1,0
25.133070498,1,1
25.133113138,1,0
25.133154304,1,1
25.133196946,1,0
25.133238112,1,1
25.133280758,1,0
25.133324390,1,1
25.133367034,1,0
25.133405248,1,1
25.133447890,1,0
25.133492504,1,1
25.137125510,0,1
25.137137324,0,0
25.137179966,0,1
25.137203226,1,1
25.137222602,1,0
25.137263754,1,1
25.137306390,1,0
25.137347548,1,1
25.137369012,0,1
25.137389206,0,0
25.137430376,0,1
25.137472038,0,0
25.137513208,0,1
25.137536466,1,1
25.137555846,1,0
25.137597016,1,1
25.137639660,1,0
25.137680828,1,1
25.137702296,0,1
25.137722494,0,0
25.137763670,0,1
25.137805330,0,0
25.137848968,0,1
25.137872234,1,1
25.137891614,1,0
25.137929822,1,1
25.137972474,1,0
25.138017092,1,1
25.155123806,0,1
25.155135622,0,0
25.155178274,0,1
25.155219932,0,0
25.155261106,0,1
25.155302766,0,0
25.155343942,0,1
25.155385602,0,0
25.155426780,0,1
25.155468444,0,0
25.155509622,0,1
25.155532888,1,1
25.155552270,1,0
25.155593442,1,1
25.155636088,1,0
25.155677258,1,1
25.155719908,1,0
25.155761082,1,1
25.155803730,1,0
25.155847364,1,1
25.155890014,1,0
25.155928226,1,1
25.155970878,1,0
25.156015498,1,1
25.159649830,0,1
25.159661646,0,0
25.159704294,0,1
25.159745954,0,0
25.159787126,0,1
25.159828788,0,0
25.159869964,0,1
25.159893228,1,1
25.159912612,1,0
25.159953786,1,1
25.159975258,0,1
25.159995460,0,0
25.160036642,0,1
25.160059906,1,1
25.160079290,1,0
25.160120470,1,1
25.160163122,1,0
25.160204294,1,1
25.160225764,0,1
25.160245964,0,0
25.160287144,0,1
25.160328806,0,0
25.160372452,0,1
25.160414118,0,0
25.160452336,0,1
25.160475598,1,1
25.160494982,1,0
25.160539608,1,1
25.188795568,1,0
25.189051796,0,0
25.189815938,0,1
25.190009730,0,0
25.190011068,1,0
25.190050910,1,1
25.190092574,1,0
25.190094544,0,0
25.190133764,0,1
25.190176418,0,0
25.190177862,1,0
25.190217594,1,1
25.190259258,1,0
25.190300432,1,1
25.190342098,1,0
25.190343922,0,0
25.190383282,0,1
25.190425934,0,0
25.190428232,1,0
25.190467108,1,1
25.190508772,1,0
25.190549946,1,1
25.190591610,1,0
25.190632778,1,1
25.190675924,1,0
25.190717096,1,1
25.190759748,1,0
25.190800926,1,1
25.190834226,0,1
25.190847526,0,0
25.190888706,0,1
25.190911970,1,1
25.191183800,0,1
25.191195616,0,0
25.191238270,0,1
25.191279934,0,0
25.191321112,0,1
25.191344376,1,1
25.191363758,1,0
25.191404930,1,1
25.191426394,0,1
25.191446594,0,0
25.191487772,0,1
25.191511038,1,1
25.191530420,1,0
25.191571596,1,1
25.191614248,1,0
25.191655420,1,1
25.191698072,1,0
25.191739248,1,1
25.191781898,1,0
25.191823068,1,1
25.191865724,1,0
25.191909362,1,1
25.191952016,1,0
25.191990234,1,1
25.192032882,1,0
25.192077506,1,1
25.192133334,1,0
25.192389520,0,0
25.193157170,0,1
25.193201410,0,0
25.193242604,0,1
25.193285262,0,0
25.193326456,0,1
25.193369112,0,0
25.193410306,0,1
25.193452960,0,0
25.193494148,0,1
25.193536806,0,0
25.193577998,0,1
25.193620654,0,0
25.193661846,0,1
25.193704502,0,0
25.193745694,0,1
25.193788352,0,0
25.193829546,0,1
25.193873682,0,0
25.193875036,1,0
25.193914858,1,1
25.193957514,1,0
25.193998694,1,1
25.194031992,0,1
25.194045292,0,0
25.194086484,0,1
25.194109754,1,1
25.194452908,0,1
25.194464706,0,0
25.194507292,0,1
25.194548890,0,0
25.194590000,0,1
25.194613230,1,1
25.194632582,1,0
25.194673684,1,1
25.194695118,0,1
25.194715284,0,0
25.194756396,0,1
25.194779620,1,1
25.194798970,1,0
25.194840072,1,1
25.194882658,1,0
25.194923760,1,1
25.194966340,1,0
25.195007442,1,1
25.195050020,1,0
25.195091114,1,1
25.195133692,1,0
25.195177250,1,1
25.195219824,1,0
25.195257972,1,1
25.195300550,1,0
25.195345098,1,1
25.211005758,0,1
25.211017552,0,0
25.211060124,0,1
25.211083342,1,1
25.211102690,1,0
25.211143788,1,1
25.211186362,1,0
25.211227458,1,1
25.211248890,0,1
25.211269054,0,0
25.211310156,0,1
25.211351746,0,0
25.211392846,0,1
25.211416068,1,1
25.211435416,1,0
25.211476510,1,1
25.211519086,1,0
25.211560176,1,1
25.211581598,0,1
25.211601752,0,0
25.211642852,0,1
25.211684450,0,0
25.211728014,0,1
25.211751240,1,1
25.211770590,1,0
25.211808732,1,1
25.211851306,1,0
25.211895848,1,1
25.257867286,0,1
25.257879078,0,0
25.257921644,0,1
25.257963222,0,0
25.258004306,0,1
25.258045888,0,0
25.258086976,0,1
25.258110194,1,1
25.258129540,1,0
25.258170630,1,1
25.258192058,0,1
25.258212216,0,0
25.258253304,0,1
25.258276522,1,1
25.258295868,1,0
25.258336954,1,1
25.258379520,1,0
25.258420604,1,1
25.258442036,0,1
25.258462194,0,0
25.258503280,0,1
25.258544858,0,0
25.258588408,0,1
25.258629988,0,0
25.258668126,0,1
25.258691344,1,1
25.258710692,1,0
25.258755226,1,1
25.277914328,0,1
25.277926122,0,0
25.277968690,0,1
25.278010272,0,0
25.278051362,0,1
25.278092948,0,0
25.278134048,0,1
25.278175634,0,0
25.278216730,0,1
25.278258318,0,0
25.278299414,0,1
25.278322634,1,1
25.278341982,1,0
25.278383076,1,1
25.278425642,1,0
25.278466730,1,1
25.278509298,1,0
25.278550384,1,1
25.278592946,1,0
25.278636496,1,1
25.278679060,1,0
25.278717190,1,1
25.278759762,1,0
25.278804298,1,1
25.282431484,0,1
25.282443276,0,0
25.282485836,0,1
25.282527418,0,0
25.282568512,0,1
25.282610096,0,0
25.282651186,0,1
25.282674404,1,1
25.282693752,1,0
25.282734836,1,1
25.282756266,0,1
25.282776426,0,0
25.282817522,0,1
25.282840740,1,1
25.282860086,1,0
25.282901174,1,1
25.282943744,1,0
25.282984828,1,1
25.283006254,0,1
25.283026410,0,0
25.283067496,0,1
25.283109076,0,0
25.283152622,0,1
25.283194206,0,0
25.283232346,0,1
25.283255564,1,1
25.283274910,1,0
25.283319444,1,1
25.295251220,0,1
25.295263014,0,0
25.295305584,0,1
25.295347166,0,0
25.295388260,0,1
25.295429848,0,0
25.295470942,0,1
25.295512526,0,0
25.295553622,0,1
25.295595206,0,0
25.295636300,0,1
25.295659518,1,1
25.295678868,1,0
25.295719956,1,1
25.295762526,1,0
25.295803618,1,1
25.295846186,1,0
25.295887274,1,1
25.295929842,1,0
25.295973394,1,1
25.296015962,1,0
25.296054102,1,1
25.296096670,1,0
25.296141202,1,1
25.299767404,0,1
25.299779196,0,0
25.299821758,0,1
25.299844976,1,1
25.299864322,1,0
25.299905410,1,1
25.299947976,1,0
25.299989062,1,1
25.300010490,0,1
25.300030650,0,0
25.300071742,0,1
25.300113328,0,0
25.300154426,0,1
25.300177648,1,1
25.300196992,1,0
25.300238084,1,1
25.300280654,1,0
25.300321742,1,1
25.300343170,0,1
25.300363330,0,0
25.300404422,0,1
25.300446006,0,0
25.300489560,0,1
25.300512780,1,1
25.300532126,1,0
25.300570258,1,1
25.300612824,1,0
25.300657356,1,1
25.316776724,1,0
25.317032796,0,0
25.317796600,0,1
25.317941902,0,0
25.317943858,1,0
25.317982994,1,1
25.318024582,1,0
25.318026290,0,0
25.318065684,0,1
25.318108260,0,0
25.318110234,1,0
25.318149352,1,1
25.318190942,1,0
25.318232034,1,1
25.318273618,1,0
25.318275250,0,0
25.318314722,0,1
25.318357294,0,0
25.318359538,1,0
25.318398384,1,1
25.318439968,1,0
25.318481058,1,1
25.318522638,1,0
25.318563726,1,1
25.318606786,1,0
25.318647872,1,1
25.318690436,1,0
25.318731528,1,1
25.318764772,0,1
25.318778044,0,0
25.318819148,0,1
25.318842370,1,1
25.319113668,0,1
25.319125460,0,0
25.319168026,0,1
25.319209608,0,0
25.319250704,0,1
25.319273924,1,1
25.319293270,1,0
25.319334354,1,1
25.319355782,0,1
25.319375942,0,0
25.319417034,0,1
25.319440252,1,1
25.319459598,1,0
25.319500690,1,1
25.319543256,1,0
25.319584340,1,1
25.319626906,1,0
25.319667996,1,1
25.319710564,1,0
25.319751654,1,1
25.319794224,1,0
25.319837768,1,1
25.319837772,1,0
25.319837774,1,1
25.319880340,1,0
25.319918474,1,1
25.319961040,1,0
25.320005570,1,1
25.320065170,1,0
25.320321138,0,0
25.321088836,0,1
25.321133622,0,0
25.321174726,0,1
25.321217302,0,0
25.321258406,0,1
25.321300980,0,0
25.321303068,1,0
25.321342072,1,1
25.321383660,1,0
25.321385386,0,0
25.321424760,0,1
25.321467332,0,0
25.321508434,0,1
25.321551018,0,0
25.321592136,0,1
25.321634720,0,0
25.321675826,0,1
25.321718402,0,0
25.321759512,0,1
25.321803564,0,0
25.321844670,0,1
25.321883798,0,0
25.321885562,1,0
25.321924894,1,1
25.321958134,0,1
25.321971408,0,0
25.322012514,0,1
25.322035734,1,1
25.322374122,0,1
25.322385932,0,0
25.322428568,0,1
25.322470208,0,0
25.322511366,0,1
25.322534624,1,1
25.322553998,1,0
25.322595156,1,1
25.322616614,0,1
25.322636808,0,0
25.322677974,0,1
25.322701232,1,1
25.322720608,1,0
25.322761774,1,1
25.322804414,1,0
25.322845574,1,1
25.322888212,1,0
25.322929372,1,1
25.322972010,1,0
25.323013168,1,1
25.323055804,1,0
25.323099426,1,1
25.323142062,1,0
25.323180268,1,1
25.323222906,1,0
25.323267512,1,1
25.346671672,0,1
25.346683486,0,0
25.346726132,0,1
25.346749392,1,1
25.346768774,1,0
25.346809942,1,1
25.346852578,1,0
25.346893742,1,1
25.346915206,0,1
25.346935400,0,0
25.346976570,0,1
25.347018228,0,0
25.347059400,0,1
25.347082660,1,1
25.347102038,1,0
25.347143202,1,1
25.347185842,1,0
25.347227004,1,1
25.347248468,0,1
25.347268664,0,0
25.347309836,0,1
25.347351492,0,0
25.347395126,0,1
25.347418390,1,1
25.347437770,1,0
25.347475974,1,1
25.347518614,1,0
25.347563232,1,1
25.399312102,0,1
25.399323920,0,0
25.399366574,0,1
25.399408232,0,0
25.399449406,0,1
25.399491068,0,0
25.399532242,0,1
25.399555506,1,1
25.399574886,1,0
25.399616062,1,1
25.399637532,0,1
25.399657730,0,0
25.399698906,0,1
25.399722170,1,1
25.399741554,1,0
25.399782728,1,1
25.399825376,1,0
25.399866548,1,1
25.399888014,0,1
25.399908212,0,0
25.399949386,0,1
25.399991048,0,0
25.400034692,0,1
25.400076354,0,0
25.400114578,0,1
25.400137844,1,1
25.400157226,1,0
25.400201848,1,1
25.419393666,0,1
25.419405484,0,0
25.419448140,0,1
25.419489804,0,0
25.419530988,0,1
25.419572650,0,0
25.419613830,0,1
25.419655498,0,0
25.419696680,0,1
25.419738346,0,0
25.419779528,0,1
25.419802796,1,1
25.419822178,1,0
25.419863356,1,1
25.419906006,1,0
25.419947178,1,1
25.419989824,1,0
25.420030996,1,1
25.420073646,1,0
25.420117288,1,1
25.420159946,1,0
25.420198172,1,1
25.420240826,1,0
25.420285456,1,1
25.423920086,0,1
25.423931906,0,0
25.423974586,0,1
25.424016274,0,0
25.424057476,0,1
25.424099148,0,0
25.424140336,0,1
25.424163602,1,1
25.424182984,1,0
25.424224160,1,1
25.424245630,0,1
25.424265832,0,0
25.424307012,0,1
25.424330280,1,1
25.424349664,1,0
25.424390842,1,1
25.424433494,1,0
25.424474670,1,1
25.424496138,0,1
25.424516340,0,0
25.424557520,0,1
25.424599186,0,0
25.424642836,0,1
25.424684500,0,0
25.424722720,0,1
25.424745988,1,1
25.424765376,1,0
25.424810002,1,1
25.434184600,0,1
25.434196418,0,0
25.434239082,0,1
25.434280746,0,0
25.434321932,0,1
25.434363600,0,0
25.434404780,0,1
25.434446448,0,0
25.434487628,0,1
25.434529294,0,0
25.434570478,0,1
25.434593750,1,1
25.434613134,1,0
25.434654312,1,1
25.434696966,1,0
25.434738144,1,1
25.434780800,1,0
25.434821980,1,1
25.434864636,1,0
25.434908278,1,1
25.434950930,1,0
25.434989150,1,1
25.435031806,1,0
25.435076430,1,1
25.438710314,0,1
25.438722132,0,0
25.438764798,0,1
25.438788074,1,1
25.438807458,1,0
25.438848640,1,1
25.438891294,1,0
25.438932476,1,1
25.438953946,0,1
25.438974148,0,0
25.439015330,0,1
25.439056998,0,0
25.439098180,0,1
25.439121446,1,1
25.439140830,1,0
25.439182010,1,1
25.439224662,1,0
25.439265838,1,1
25.439287308,0,1
25.439307510,0,0
25.439348692,0,1
25.439390356,0,0
25.439434002,0,1
25.439457270,1,1
25.439476654,1,0
25.439514870,1,1
25.439557528,1,0
25.439602156,1,1
25.455697204,1,0
25.455952080,0,0
25.456719342,0,1
25.456858522,0,0
25.456860464,1,0
25.456899710,1,1
25.456941384,1,0
25.456943372,0,0
25.456982578,0,1
25.457025236,0,0
25.457026690,1,0
25.457066416,1,1
25.457108086,1,0
25.457149268,1,1
25.457190932,1,0
25.457192226,0,0
25.457232116,0,1
25.457274774,0,0
25.457276098,1,0
25.457315946,1,1
25.457357604,1,0
25.457398792,1,1
25.457440478,1,0
25.457481658,1,1
25.457524810,1,0
25.457565990,1,1
25.457608644,1,0
25.457649822,1,1
25.457683130,0,1
25.457696430,0,0
25.457737620,0,1
25.457760892,1,1
25.458032760,0,1
25.458044578,0,0
25.458087236,0,1
25.458128906,0,0
25.458170092,0,1
25.458193362,1,1
25.458212746,1,0
25.458253928,1,1
25.458275396,0,1
25.458295598,0,0
25.458336782,0,1
25.458360050,1,1
25.458379432,1,0
25.458420608,1,1
25.458463266,1,0
25.458504444,1,1
25.458547096,1,0
25.458588276,1,1
25.458630930,1,0
25.458672106,1,1
25.458714760,1,0
25.458758412,1,1
25.458801068,1,0
25.458839290,1,1
25.458881946,1,0
25.458926574,1,1
25.458990174,1,0
25.459245582,0,0
25.460009540,0,1
25.460056984,0,0
25.460098186,0,1
25.460140852,0,0
25.460182056,0,1
25.460224720,0,0
25.460265918,0,1
25.460308578,0,0
25.460349772,0,1
25.460392430,0,0
25.460433628,0,1
25.460476286,0,0
25.460517480,0,1
25.460560144,0,0
25.460601340,0,1
25.460643998,0,0
25.460685194,0,1
25.460729332,0,0
25.460730816,1,0
25.460770520,1,1
25.460813182,1,0
25.460854366,1,1
25.460887672,0,1
25.460900972,0,0
25.460942170,0,1
25.460965442,1,1
25.461308616,0,1
25.461320418,0,0
25.461363014,0,1
25.461404616,0,0
25.461445730,0,1
25.461468960,1,1
25.461488314,1,0
25.461529422,1,1
25.461550858,0,1
25.461571028,0,0
25.461612140,0,1
25.461635366,1,1
25.461654720,1,0
25.461695824,1,1
25.461738410,1,0
25.461779514,1,1
25.461822096,1,0
25.461863200,1,1
25.461905782,1,0
25.461946884,1,1
25.461989468,1,0
25.462033036,1,1
25.462075616,1,0
25.462113768,1,1
25.462156352,1,0
25.462200904,1,1
25.539983602,0,1
25.539995396,0,0
25.540037962,0,1
25.540061178,1,1
25.540080524,1,0
25.540121618,1,1
25.540164190,1,0
25.540205284,1,1
25.540226714,0,1
25.540246876,0,0
25.540287972,0,1
25.540329554,0,0
25.540370650,0,1
25.540393872,1,1
25.540413216,1,0
25.540454306,1,1
25.540496878,1,0
25.540537968,1,1
25.540559396,0,1
25.540579554,0,0
25.540620646,0,1
25.540662234,0,0
25.540705790,0,1
25.540729010,1,1
25.540748358,1,0
25.540786500,1,1
25.540829066,1,0
25.540873596,1,1
25.544501100,0,1
25.544512892,0,0
25.544555460,0,1
25.544597042,0,0
25.544638136,0,1
25.544679720,0,0
25.544720816,0,1
25.544744034,1,1
25.544763384,1,0
25.544804478,1,1
25.544825906,0,1
25.544846068,0,0
25.544887166,0,1
25.544910384,1,1
25.544929732,1,0
25.544970822,1,1
25.545013396,1,0
25.545054484,1,1
25.545075916,0,1
25.545096078,0,0
25.545137172,0,1
25.545178756,0,0
25.545222320,0,1
25.545263908,0,0
25.545302050,0,1
25.545325274,1,1
25.545344620,1,0
25.545389158,1,1
25.562064994,0,1
25.562076788,0,0
25.562119358,0,1
25.562160950,0,0
25.562202048,0,1
25.562243638,0,0
25.562284738,0,1
25.562326324,0,0
25.562367420,0,1
25.562409008,0,0
25.562450104,0,1
25.562473324,1,1
25.562492672,1,0
25.562533768,1,1
25.562576338,1,0
25.562617428,1,1
25.562660000,1,0
25.562701090,1,1
25.562743662,1,0
25.562787220,1,1
25.562829796,1,0
25.562867934,1,1
25.562910502,1,0
25.562955036,1,1
25.566582524,0,1
25.566594316,0,0
25.566636886,0,1
25.566678470,0,0
25.566719568,0,1
25.566761154,0,0
25.566802248,0,1
25.566825470,1,1
25.566844818,1,0
25.566885914,1,1
25.566907342,0,1
25.566927502,0,0
25.566968602,0,1
25.566991822,1,1
25.567011170,1,0
25.567052264,1,1
25.567094840,1,0
25.567135936,1,1
25.567157362,0,1
25.567177522,0,0
25.567218616,0,1
25.567260206,0,0
25.567303766,0,1
25.567345354,0,0
25.567383500,0,1
25.567406720,1,1
25.567426066,1,0
25.567470602,1,1
25.574250630,0,1
25.574262422,0,0
25.574304992,0,1
25.574346576,0,0
25.574387670,0,1
25.574429256,0,0
25.574470354,0,1
25.574511938,0,0
25.574553034,0,1
25.574594618,0,0
25.574635710,0,1
25.574658928,1,1
25.574678274,1,0
25.574719366,1,1
25.574761936,1,0
25.574803026,1,1
25.574845598,1,0
25.574886688,1,1
25.574929258,1,0
25.574972810,1,1
25.575015378,1,0
25.575053514,1,1
25.575096082,1,0
25.575140616,1,1
25.578767142,0,1
25.578778938,0,0
25.578821512,0,1
25.578844728,1,1
25.578864078,1,0
25.578905170,1,1
25.578947740,1,0
25.578988826,1,1
25.579010258,0,1
25.579030418,0,0
25.579071518,0,1
25.579113104,0,0
25.579154202,0,1
25.579177422,1,1
25.579196770,1,0
25.579237864,1,1
25.579280436,1,0
25.579321530,1,1
25.579342958,0,1
25.579363118,0,0
25.579404210,0,1
25.579445800,0,0
25.579489358,0,1
25.579512578,1,1
25.579531924,1,0
25.579570066,1,1
25.579612638,1,0
25.579657170,1,1
25.594815804,1,0
25.595071868,0,0
25.595835506,0,1
25.595977890,0,0
25.595979796,1,0
25.596018986,1,1
25.596060576,1,0
25.596062226,0,0
25.596101682,0,1
25.596144260,0,0
25.596146350,1,0
25.596185360,1,1
25.596226956,1,0
25.596268054,1,1
25.596309646,1,0
25.596311352,0,0
25.596350752,0,1
25.596393326,0,0
25.596395628,1,0
25.596434420,1,1
25.596476010,1,0
25.596517102,1,1
25.596558686,1,0
25.596599778,1,1
25.596642838,1,0
25.596683928,1,1
25.596726494,1,0
25.596767592,1,1
25.596800830,0,1
25.596814102,0,0
25.596855212,0,1
25.596878440,1,1
25.597149762,0,1
25.597161554,0,0
25.597204126,0,1
25.597245716,0,0
25.597286814,0,1
25.597310036,1,1
25.597329382,1,0
25.597370474,1,1
25.597391906,0,1
25.597412064,0,0
25.597453160,0,1
25.597476380,1,1
25.597495730,1,0
25.597536822,1,1
25.597579396,1,0
25.597620488,1,1
25.597663062,1,0
25.597704154,1,1
25.597746726,1,0
25.597787824,1,1
25.597830394,1,0
25.597873942,1,1
25.597916514,1,0
25.597954652,1,1
25.597997218,1,0
25.598041752,1,1
25.598103924,1,0
25.598359972,0,0
25.599127792,0,1
25.599169924,0,0
25.599211034,0,1
25.599253614,0,0
25.599294718,0,1
25.599337292,0,0
25.599339024,1,0
25.599378386,1,1
25.599419978,1,0
25.599421344,0,0
25.599461084,0,1
25.599503658,0,0
25.599544762,0,1
25.599587334,0,0
25.599628442,0,1
25.599671020,0,0
25.599712124,0,1
25.599754706,0,0
25.599795818,0,1
25.599839868,0,0
25.599880974,0,1
25.599920108,0,0
25.599921470,1,0
25.599961206,1,1
25.599994450,0,1
25.600007724,0,0
25.600048832,0,1
25.600072054,1,1
25.600410486,0,1
25.600422298,0,0
25.600464936,0,1
25.600506584,0,0
25.600547746,0,1
25.600571002,1,1
25.600590376,1,0
25.600631530,1,1
25.600652992,0,1
25.600673184,0,0
25.600714350,0,1
25.600737606,1,1
25.600756988,1,0
25.600798160,1,1
25.600840806,1,0
25.600881968,1,1
25.600924612,1,0
25.600965780,1,1
25.601008418,1,0
25.601049584,1,1
25.601092222,1,0
25.601135846,1,1
25.601178490,1,0
25.601216698,1,1
25.601259334,1,0
25.601303946,1,1
25.627570958,0,1
25.627582774,0,0
25.627625430,0,1
25.627648694,1,1
25.627668076,1,0
25.627709248,1,1
25.627751900,1,0
25.627793080,1,1
25.627814546,0,1
25.627834746,0,0
25.627875924,0,1
25.627917592,0,0
25.627958770,0,1
25.627982036,1,1
25.628001418,1,0
25.628042592,1,1
25.628085242,1,0
25.628126416,1,1
25.628147888,0,1
25.628168090,0,0
25.628209274,0,1
25.628250944,0,0
25.628294592,0,1
25.628317862,1,1
25.628337246,1,0
25.628375462,1,1
25.628418114,1,0
25.628462742,1,1
25.674223140,0,1
25.674234956,0,0
25.674277610,0,1
25.674319278,0,0
25.674360462,0,1
25.674402128,0,0
25.674443314,0,1
25.674466582,1,1
25.674485966,1,0
25.674527146,1,1
25.674548614,0,1
25.674568816,0,0
25.674609996,0,1
25.674633262,1,1
25.674652644,1,0
25.674693822,1,1
25.674736478,1,0
25.674777656,1,1
25.674799128,0,1
25.674819328,0,0
25.674860512,0,1
25.674902182,0,0
25.674945832,0,1
25.674987502,0,0
25.675025724,0,1
25.675048992,1,1
25.675068374,1,0
25.675113006,1,1
25.694306672,0,1
25.694318490,0,0
25.694361150,0,1
25.694402820,0,0
25.694444002,0,1
25.694485666,0,0
25.694526852,0,1
25.694568518,0,0
25.694609696,0,1
25.694651360,0,0
25.694692534,0,1
25.694715798,1,1
25.694735180,1,0
25.694776364,1,1
25.694819016,1,0
25.694860196,1,1
25.694902848,1,0
25.694944022,1,1
25.694986674,1,0
25.695030314,1,1
25.695072968,1,0
25.695111188,1,1
25.695153844,1,0
25.695198474,1,1
25.698833390,0,1
25.698845208,0,0
25.698887872,0,1
25.698929538,0,0
25.698970726,0,1
25.699012392,0,0
25.699053574,0,1
25.699076844,1,1
25.699096230,1,0
25.699137408,1,1
25.699158876,0,1
25.699179078,0,0
25.699220264,0,1
25.699243530,1,1
25.699262916,1,0
25.699304092,1,1
25.699346748,1,0
25.699387928,1,1
25.699409396,0,1
25.699429598,0,0
25.699470780,0,1
25.699512448,0,0
25.699556096,0,1
25.699597766,0,0
25.699635992,0,1
25.699659260,1,1
25.699678642,1,0
25.699723270,1,1
25.711677608,0,1
25.711689426,0,0
25.711732086,0,1
25.711773760,0,0
25.711814950,0,1
25.711856622,0,0
25.711897804,0,1
25.711939464,0,0
25.711980642,0,1
25.712022318,0,0
25.712063516,0,1
25.712086784,1,1
25.712106170,1,0
25.712147350,1,1
25.712190008,1,0
25.712231186,1,1
25.712273840,1,0
25.712315022,1,1
25.712357680,1,0
25.712401328,1,1
25.712443986,1,0
25.712482208,1,1
25.712524864,1,0
25.712569494,1,1
25.716203504,0,1
25.716215324,0,0
25.716257990,0,1
25.716281262,1,1
25.716300646,1,0
25.716341828,1,1
25.716384482,1,0
25.716425664,1,1
25.716447134,0,1
25.716467336,0,0
25.716508522,0,1
25.716550194,0,0
25.716591392,0,1
25.716614664,1,1
25.716634052,1,0
25.716675242,1,1
25.716717906,1,0
25.716759094,1,1
25.716780572,0,1
25.716800780,0,0
25.716841976,0,1
25.716883656,0,0
25.716927318,0,1
25.716950592,1,1
25.716969976,1,0
25.717008200,1,1
25.717050858,1,0
25.717095494,1,1
25.725818644,1,0
25.726073502,0,0
25.726841390,0,1
25.726969136,0,0
25.726970522,1,0
25.727010328,1,1
25.727052006,1,0
25.727053436,0,0
25.727093202,0,1
25.727135862,0,0
25.727137520,1,0
25.727177050,1,1
25.727218718,1,0
25.727259884,1,1
25.727301554,1,0
25.727302736,0,0
25.727342754,0,1
25.727385416,0,0
25.727387636,1,0
25.727426602,1,1
25.727468274,1,0
25.727509456,1,1
25.727551134,1,0
25.727592318,1,1
25.727635470,1,0
25.727676654,1,1
25.727719312,1,0
25.727760496,1,1
25.727793806,0,1
25.727807108,0,0
25.727848308,0,1
25.727871580,1,1
25.728143470,0,1
25.728155288,0,0
25.728197952,0,1
25.728239626,0,0
25.728280810,0,1
25.728304082,1,1
25.728323468,1,0
25.728364656,1,1
25.728386128,0,1
25.728406330,0,0
25.728447518,0,1
25.728470790,1,1
25.728490174,1,0
25.728531356,1,1
25.728574014,1,0
25.728615200,1,1
25.728657856,1,0
25.728699038,1,1
25.728741696,1,0
25.728782884,1,1
25.728825544,1,0
25.728869196,1,1
25.728911856,1,0
25.728950078,1,1
25.728992736,1,0
25.729037366,1,1
25.729096312,1,0
25.729351140,0,0
25.730115104,0,1
25.730159014,0,0
25.730200214,0,1
25.730242882,0,0
25.730284084,0,1
25.730326750,0,0
25.730367946,0,1
25.730410612,0,0
25.730451812,0,1
25.730494470,0,0
25.730535666,0,1
25.730578326,0,0
25.730619520,0,1
25.730662186,0,0
25.730703384,0,1
25.730746044,0,0
25.730787244,0,1
25.730831386,0,0
25.730833692,1,0
25.730872574,1,1
25.730915234,1,0
25.730956420,1,1
25.730989730,0,1
25.731003030,0,0
25.731044226,0,1
25.731067498,1,1
25.731410720,0,1
25.731422522,0,0
25.731465124,0,1
25.731506732,0,0
25.731547854,0,1
25.731571084,1,1
25.731590442,1,0
25.731631560,1,1
25.731653000,0,1
25.731673168,0,0
25.731714282,0,1
25.731737516,1,1
25.731756876,1,0
25.731798010,1,1
25.731840620,1,0
25.731881756,1,1
25.731924364,1,0
25.731965494,1,1
25.732008104,1,0
25.732049234,1,1
25.732091838,1,0
25.732135440,1,1
25.732178056,1,0
25.732216240,1,1
25.732258842,1,0
25.732303408,1,1
25.817129520,0,1
25.817141314,0,0
25.817183880,0,1
25.817225466,0,0
25.817266560,0,1
25.817308144,0,0
25.817349242,0,1
25.817372462,1,1
25.817391808,1,0
25.817432898,1,1
25.817454328,0,1
25.817474488,0,0
25.817515584,0,1
25.817538804,1,1
25.817558152,1,0
25.817599244,1,1
25.817641812,1,0
25.817682900,1,1
25.817704330,0,1
25.817724490,0,0
25.817765588,0,1
25.817807170,0,0
25.817850724,0,1
25.817892312,0,0
25.817930454,0,1
25.817953672,1,1
25.817973022,1,0
25.818017560,1,1
25.821644328,0,1
25.821656124,0,0
25.821698698,0,1
25.821721918,1,1
25.821741268,1,0
25.821782368,1,1
25.821824954,1,0
25.821866062,1,1
25.821887494,0,1
25.821907660,0,0
25.821948758,0,1
25.821971978,1,1
25.821991324,1,0
25.822032420,1,1
25.822053850,0,1
25.822074010,0,0
25.822115106,0,1
25.822138328,1,1
25.822157678,1,0
25.822198776,1,1
25.822220208,0,1
25.822240370,0,0
25.822281470,0,1
25.822323062,0,0
25.822366622,0,1
25.822389844,1,1
25.822409194,1,0
25.822447340,1,1
25.822489914,1,0
25.822534452,1,1
25.839211428,0,1
25.839223228,0,0
25.839265824,0,1
25.839307422,0,0
25.839348532,0,1
25.839390126,0,0
25.839431228,0,1
25.839472822,0,0
25.839513928,0,1
25.839555514,0,0
25.839596616,0,1
25.839619838,1,1
25.839639188,1,0
25.839680284,1,1
25.839722862,1,0
25.839763964,1,1
25.839806540,1,0
25.839847634,1,1
25.839890210,1,0
25.839933768,1,1
25.839976340,1,0
25.840014484,1,1
25.840057054,1,0
25.840101592,1,1
25.843728020,0,1
25.843739814,0,0
25.843782394,0,1
25.843805618,1,1
25.843824966,1,0
25.843866062,1,1
25.843908636,1,0
25.843949732,1,1
25.843971160,0,1
25.843991322,0,0
25.844032422,0,1
25.844055640,1,1
25.844074986,1,0
25.844116072,1,1
25.844137506,0,1
25.844157674,0,0
25.844198794,0,1
25.844222020,1,1
25.844241370,1,0
25.844282466,1,1
25.844303896,0,1
25.844324058,0,0
25.844365154,0,1
25.844406742,0,0
25.844450306,0,1
25.844473528,1,1
25.844492880,1,0
25.844531022,1,1
25.844573598,1,0
25.844618140,1,1
25.851398496,0,1
25.851410290,0,0
25.851452862,0,1
25.851494448,0,0
25.851535546,0,1
25.851577136,0,0
25.851618234,0,1
25.851659826,0,0
25.851700926,0,1
25.851742516,0,0
25.851783620,0,1
25.851806846,1,1
25.851826192,1,0
25.851867284,1,1
25.851909858,1,0
25.851950954,1,1
25.851993526,1,0
25.852034618,1,1
25.852077188,1,0
25.852120728,1,1
25.852163286,1,0
25.852201424,1,1
25.852201428,1,0
25.852201430,1,1
25.852244014,1,0
25.852288574,1,1
25.855916246,0,1
25.855928040,0,0
25.855970614,0,1
25.856012202,0,0
25.856053302,0,1
25.856094890,0,0
25.856135994,0,1
25.856159216,1,1
25.856178564,1,0
25.856219660,1,1
25.856241090,0,1
25.856261254,0,0
25.856302352,0,1
25.856325572,1,1
25.856344920,1,0
25.856386018,1,1
25.856428590,1,0
25.856469684,1,1
25.856491116,0,1
25.856511280,0,0
25.856552378,0,1
25.856593966,0,0
25.856637526,0,1
25.856679114,0,0
25.856717258,0,1
25.856740476,1,1
25.856759826,1,0
25.856804366,1,1
25.873137844,1,0
25.873392578,0,0
25.874156442,0,1
25.874295808,0,0
25.874297516,1,0
25.874336910,1,1
25.874378502,1,0
25.874380390,0,0
25.874419608,0,1
25.874462184,0,0
25.874463670,1,0
25.874503282,1,1
25.874544870,1,0
25.874585964,1,1
25.874627552,1,0
25.874628684,0,0
25.874668656,0,1
25.874711230,0,0
25.874712974,1,0
25.874752330,1,1
25.874793920,1,0
25.874835012,1,1
25.874876604,1,0
25.874917700,1,1
25.874960762,1,0
25.875001858,1,1
25.875044428,1,0
25.875085518,1,1
25.875118760,0,1
25.875132032,0,0
25.875173140,0,1
25.875196362,1,1
25.875467668,0,1
25.875479462,0,0
25.875522034,0,1
25.875563624,0,0
25.875604720,0,1
25.875627942,1,1
25.875647294,1,0
25.875688390,1,1
25.875709822,0,1
25.875729982,0,0
25.875771084,0,1
25.875794308,1,1
25.875813656,1,0
25.875854752,1,1
25.875897326,1,0
25.875938420,1,1
25.875980990,1,0
25.876022084,1,1
25.876064658,1,0
25.876105752,1,1
25.876148326,1,0
25.876191886,1,1
25.876234462,1,0
25.876272600,1,1
25.876315162,1,0
25.876359694,1,1
25.876426428,1,0
25.876682548,0,0
25.877448368,0,1
25.877494262,0,0
25.877535374,0,1
25.877577952,0,0
25.877619064,0,1
25.877661644,0,0
25.877663346,1,0
25.877702742,1,1
25.877744334,1,0
25.877745784,0,0
25.877785442,0,1
25.877828020,0,0
25.877869130,0,1
25.877911706,0,0
25.877952812,0,1
25.877995388,0,0
25.878036496,0,1
25.878079070,0,0
25.878120178,0,1
25.878164234,0,0
25.878205340,0,1
25.878244470,0,0
25.878246456,1,0
25.878285570,1,1
25.878318810,0,1
25.878332084,0,0
25.878373194,0,1
25.878396418,1,1
25.878734850,0,1
25.878746662,0,0
25.878789308,0,1
25.878830960,0,0
25.878872124,0,1
25.878895382,1,1
25.878914758,1,0
25.878955924,1,1
25.878977386,0,1
25.878997580,0,0
25.879038748,0,1
25.879062008,1,1
25.879081388,1,0
25.879122554,1,1
25.879165198,1,0
25.879206366,1,1
25.879249008,1,0
25.879290172,1,1
25.879332816,1,0
25.879373982,1,1
25.879416624,1,0
25.879460258,1,1
25.879502900,1,0
25.879541108,1,1
25.879583752,1,0
25.879628368,1,1
25.903270474,0,1
25.903282290,0,0
25.903324946,0,1
25.903348210,1,1
25.903367590,1,0
25.903408764,1,1
25.903451414,1,0
25.903492582,1,1
25.903514048,0,1
25.903534246,0,0
25.903575418,0,1
25.903617082,0,0
25.903658258,0,1
25.903681524,1,1
25.903700906,1,0
25.903742078,1,1
25.903784730,1,0
25.903825902,1,1
25.903847370,0,1
25.903867568,0,0
25.903908740,0,1
25.903950404,0,0
25.903994046,0,1
25.904017310,1,1
25.904036692,1,0
25.904074908,1,1
25.904117558,1,0
25.904162182,1,1
25.950068912,0,1
25.950080730,0,0
25.950123398,0,1
25.950165066,0,0
25.950206248,0,1
25.950247918,0,0
25.950289100,0,1
25.950312368,1,1
25.950331752,1,0
25.950372932,1,1
25.950394404,0,1
25.950414604,0,0
25.950455786,0,1
25.950479054,1,1
25.950498438,1,0
25.950539616,1,1
25.950582270,1,0
25.950623450,1,1
25.950644922,0,1
25.950665124,0,0
25.950706304,0,1
25.950747976,0,0
25.950791630,0,1
25.950833300,0,0
25.950871528,0,1
25.950894796,1,1
25.950914180,1,0
25.950958808,1,1
25.964771320,1,0
25.965027500,0,0
25.965791650,0,1
25.966819872,0,0
25.966821956,1,0
25.966861062,1,1
25.966902736,1,0
25.966903858,0,0
25.966943926,0,1
25.966986588,0,0
25.966988174,1,0
25.967027774,1,1
25.967069448,1,0
25.967110628,1,1
25.967152306,1,0
25.967153918,0,0
25.967193494,0,1
25.967236154,0,0
25.967237796,1,0
25.967277342,1,1
25.967319016,1,0
25.967360200,1,1
25.967401874,1,0
25.967443056,1,1
25.967486208,1,0
25.967527390,1,1
25.967570048,1,0
25.967611228,1,1
25.967644534,0,1
25.967657836,0,0
25.967699036,0,1
25.967722308,1,1
25.967994206,0,1
25.968006024,0,0
25.968048690,0,1
25.968090360,0,0
25.968131548,0,1
25.968154816,1,1
25.968174204,1,0
25.968215388,1,1
25.968236858,0,1
25.968257058,0,0
25.968298242,0,1
25.968321510,1,1
25.968340894,1,0
25.968382070,1,1
25.968424726,1,0
25.968465910,1,1
25.968508568,1,0
25.968549754,1,1
25.968592414,1,0
25.968633598,1,1
25.968676252,1,0
25.968719900,1,1
25.968762562,1,0
25.968800788,1,1
25.968843444,1,0
25.968888074,1,1
25.968941742,1,0
25.969197362,0,0
25.969961142,0,1
25.970003264,0,0
25.970044466,0,1
25.970087126,0,0
25.970128326,0,1
25.970170992,0,0
25.970212192,0,1
25.970254854,0,0
25.970296056,0,1
25.970338718,0,0
25.970379914,0,1
25.970422580,0,0
25.970463778,0,1
25.970506440,0,0
25.970547638,0,1
25.970590300,0,0
25.970631494,0,1
25.970675638,0,0
25.970676992,1,0
25.970716822,1,1
25.970759482,1,0
25.970800664,1,1
25.970833976,0,1
25.970847278,0,0
25.970888478,0,1
25.970911752,1,1
25.971254974,0,1
25.971266774,0,0
25.971309372,0,1
25.971350982,0,0
25.971392098,0,1
25.971415328,1,1
25.971434682,1,0
25.971475798,1,1
25.971497236,0,1
25.971517406,0,0
25.971558524,0,1
25.971581756,1,1
25.971601112,1,0
25.971642226,1,1
25.971684816,1,0
25.971725928,1,1
25.971768520,1,0
25.971809626,1,1
25.971852220,1,0
25.971893328,1,1
25.971935918,1,0
25.971979488,1,1
25.972022078,1,0
25.972060232,1,1
25.972102818,1,0
25.972147376,1,1
25.978358478,0,1
25.978370276,0,0
25.978412862,0,1
25.978454458,0,0
25.978495568,0,1
25.978537166,0,0
25.978578274,0,1
25.978619868,0,0
25.978660976,0,1
25.978702576,0,0
25.978743686,0,1
25.978766918,1,1
25.978786274,1,0
25.978827386,1,1
25.978869966,1,0
25.978911072,1,1
25.978953654,1,0
25.978994758,1,1
25.979037338,1,0
25.979080902,1,1
25.979123486,1,0
25.979161634,1,1
25.979204214,1,0
25.979248762,1,1
25.982877266,0,1
25.982889062,0,0
25.982931640,0,1
25.982973236,0,0
25.983014342,0,1
25.983055936,0,0
25.983097044,0,1
25.983120270,1,1
25.983139622,1,0
25.983180724,1,1
25.983202158,0,1
25.983222322,0,0
25.983263432,0,1
25.983286656,1,1
25.983306008,1,0
25.983347106,1,1
25.983389686,1,0
25.983430792,1,1
25.983452224,0,1
25.983472388,0,0
25.983513496,0,1
25.983555090,0,0
25.983598660,0,1
25.983640250,0,0
25.983678404,0,1
25.983701626,1,1
25.983720978,1,0
25.983765528,1,1
25.995700986,0,1
25.995712782,0,0
25.995755364,0,1
25.995796960,0,0
25.995838068,0,1
25.995879666,0,0
25.995920768,0,1
25.995962364,0,0
25.996003470,0,1
25.996045062,0,0
25.996086166,0,1
25.996109394,1,1
25.996128746,1,0
25.996169850,1,1
25.996212438,1,0
25.996253546,1,1
25.996296130,1,0
25.996337236,1,1
25.996379820,1,0
25.996423384,1,1
25.996465964,1,0
25.996504112,1,1
25.996546690,1,0
25.996591236,1,1
26.000218616,0,1
26.000230412,0,0
26.000272988,0,1
26.000296214,1,1
26.000315566,1,0
26.000356666,1,1
26.000399246,1,0
26.000440350,1,1
26.000461782,0,1
26.000481946,0,0
26.000523046,0,1
26.000564642,0,0
26.000605742,0,1
26.000628968,1,1
26.000648316,1,0
26.000689416,1,1
26.000731994,1,0
26.000773094,1,1
26.000794524,0,1
26.000814688,0,0
26.000855788,0,1
26.000897380,0,0
26.000940948,0,1
26.000964174,1,1
26.000983524,1,0
26.001021672,1,1
26.001064248,1,0
26.001108794,1,1
26.047086228,0,1
26.047098024,0,0
26.047140592,0,1
26.047182174,0,0
26.047223270,0,1
26.047264856,0,0
26.047305956,0,1
26.047329178,1,1
26.047348528,1,0
26.047389626,1,1
26.047411058,0,1
26.047431222,0,0
26.047472322,0,1
26.047495548,1,1
26.047514902,1,0
26.047556006,1,1
26.047598582,1,0
26.047639672,1,1
26.047661100,0,1
26.047681260,0,0
26.047722356,0,1
26.047763948,0,0
26.047807508,0,1
26.047849098,0,0
26.047887244,0,1
26.047910466,1,1
26.047929812,1,0
26.047974346,1,1
26.051601054,0,1
26.051612848,0,0
26.051655420,0,1
26.051678642,1,1
26.051697988,1,0
26.051739078,1,1
26.051781652,1,0
26.051822742,1,1
26.051844172,0,1
26.051864332,0,0
26.051905430,0,1
26.051928652,1,1
26.051948002,1,0
26.051989094,1,1
26.052010526,0,1
26.052030686,0,0
26.052071790,0,1
26.052095012,1,1
26.052114364,1,0
26.052155466,1,1
26.052176900,0,1
26.052197066,0,0
26.052238172,0,1
26.052279770,0,0
26.052323336,0,1
26.052346562,1,1
26.052365912,1,0
26.052404054,1,1
26.052446630,1,0
26.052491170,1,1
26.092989292,1,0
26.093244590,0,0
26.094008320,0,1
26.094143078,0,0
26.094144982,1,0
26.094184206,1,1
26.094225828,1,0
26.094226878,0,0
26.094266974,0,1
26.094309588,0,0
26.094311186,1,0
26.094350726,1,1
26.094392352,1,0
26.094433486,1,1
26.094475106,1,0
26.094476232,0,0
26.094516246,0,1
26.094558858,0,0
26.094560540,1,0
26.094599976,1,1
26.094641578,1,0
26.094682688,1,1
26.094724282,1,0
26.094765386,1,1
26.094808468,1,0
26.094849604,1,1
26.094892216,1,0
26.094933342,1,1
26.094966612,0,1
26.094979892,0,0
26.095021018,0,1
26.095044250,1,1
26.095315746,0,1
26.095327546,0,0
26.095370152,0,1
26.095411764,0,0
26.095452890,0,1
26.095476128,1,1
26.095495492,1,0
26.095536612,1,1
26.095558054,0,1
26.095578224,0,0
26.095619354,0,1
26.095642586,1,1
26.095661946,1,0
26.095703062,1,1
26.095745668,1,0
26.095786786,1,1
26.095829386,1,0
26.095870514,1,1
26.095913118,1,0
26.095954244,1,1
26.095996852,1,0
26.096040442,1,1
26.096083050,1,0
26.096121226,1,1
26.096163828,1,0
26.096208394,1,1
26.096262274,1,0
26.096518384,0,0
26.097285116,0,1
26.097330976,0,0
26.097372134,0,1
26.097414756,0,0
26.097455898,0,1
26.097498526,0,0
26.097500148,1,0
26.097539672,1,1
26.097581296,1,0
26.097582614,0,0
26.097622436,0,1
26.097665042,0,0
26.097706178,0,1
26.097748778,0,0
26.097789932,0,1
26.097832558,0,0
26.097873682,0,1
26.097916292,0,0
26.097957436,0,1
26.098001532,0,0
26.098042676,0,1
26.098081828,0,0
26.098083560,1,0
26.098122950,1,1
26.098156216,0,1
26.098169496,0,0
26.098210618,0,1
26.098233852,1,1
26.098572490,0,1
26.098584308,0,0
26.098626978,0,1
26.098668652,0,0
26.098709844,0,1
26.098733118,1,1
26.098752508,1,0
26.098793704,1,1
26.098815182,0,1
26.098835392,0,0
26.098876590,0,1
26.098899864,1,1
26.098919254,1,0
26.098960448,1,1
26.099003118,1,0
26.099044312,1,1
26.099086976,1,0
26.099128166,1,1
26.099170832,1,0
26.099212016,1,1
26.099254698,1,0
26.099298382,1,1
26.099341056,1,0
26.099379304,1,1
26.099421992,1,0
26.099466644,1,1
26.123753460,0,1
26.123765282,0,0
26.123807962,0,1
26.123849644,0,0
26.123890848,0,1
26.123932532,0,0
26.123973734,0,1
26.124015418,0,0
26.124056620,0,1
26.124098304,0,0
26.124139508,0,1
26.124162792,1,1
26.124182186,1,0
26.124223388,1,1
26.124266062,1,0
26.124307260,1,1
26.124349932,1,0
26.124391126,1,1
26.124433798,1,0
26.124477460,1,1
26.124520128,1,0
26.124558364,1,1
26.124601036,1,0
26.124645680,1,1
26.128282012,0,1
26.128293834,0,0
26.128336512,0,1
26.128378198,0,0
26.128419398,0,1
26.128461082,0,0
26.128502284,0,1
26.128525562,1,1
26.128544950,1,0
26.128586146,1,1
26.128607626,0,1
26.128627838,0,0
26.128669040,0,1
26.128692316,1,1
26.128711708,1,0
26.128752908,1,1
26.128795580,1,0
26.128836774,1,1
26.128858254,0,1
26.128878462,0,0
26.128919664,0,1
26.128961346,0,0
26.129005016,0,1
26.129046702,0,0
26.129084942,0,1
26.129108218,1,1
26.129127608,1,0
26.129172256,1,1
26.132807604,0,1
26.132819432,0,0
26.132862142,0,1
26.132903858,0,0
26.132945098,0,1
26.132986822,0,0
26.133028064,0,1
26.133069792,0,0
26.133111032,0,1
26.133152754,0,0
26.133193996,0,1
26.133217296,1,1
26.133236704,1,0
26.133277942,1,1
26.133320656,1,0
26.133361896,1,1
26.133404608,1,0
26.133445844,1,1
26.133488558,1,0
26.133532262,1,1
26.133574974,1,0
26.133613252,1,1
26.133655964,1,0
26.133700652,1,1
26.137338872,0,1
26.137350702,0,0
26.137393408,0,1
26.137416700,1,1
26.137436104,1,0
26.137477326,1,1
26.137520024,1,0
26.137561246,1,1
26.137582736,0,1
26.137602956,0,0
26.137644180,0,1
26.137667476,1,1
26.137686880,1,0
26.137728102,1,1
26.137749590,0,1
26.137769814,0,0
26.137811042,0,1
26.137834332,1,1
26.137853736,1,0
26.137894956,1,1
26.137916448,0,1
26.137936672,0,0
26.137977900,0,1
26.138019608,0,0
26.138063304,0,1
26.138086596,1,1
26.138105998,1,0
26.138144244,1,1
26.138186936,1,0
26.138231618,1,1
26.221186336,1,0
26.221441200,0,0
26.222205660,0,1
26.223106360,0,0
26.223108270,1,0
26.223147550,1,1
26.223189220,1,0
26.223190724,0,0
26.223230418,0,1
26.223273080,0,0
26.223274588,1,0
26.223314264,1,1
26.223355938,1,0
26.223397126,1,1
26.223438804,1,0
26.223440766,0,0
26.223479998,0,1
26.223522662,0,0
26.223524628,1,0
26.223563850,1,1
26.223605526,1,0
26.223646716,1,1
26.223688392,1,0
26.223729574,1,1
26.223772730,1,0
26.223813914,1,1
26.223856574,1,0
26.223897762,1,1
26.223931070,0,1
26.223944370,0,0
26.223985560,0,1
26.224008832,1,1
26.224280756,0,1
26.224292576,0,0
26.224335242,0,1
26.224376908,0,0
26.224418094,0,1
26.224441368,1,1
26.224460752,1,0
26.224501936,1,1
26.224523408,0,1
26.224543614,0,0
26.224584802,0,1
26.224608072,1,1
26.224627456,1,0
26.224668638,1,1
26.224711302,1,0
26.224752488,1,1
26.224795144,1,0
26.224836332,1,1
26.224878990,1,0
26.224920174,1,1
26.224962836,1,0
26.225006488,1,1
26.225049146,1,0
26.225087368,1,1
26.225130024,1,0
26.225174658,1,1
26.225228180,1,0
26.225483014,0,0
26.226247656,0,1
26.226289892,0,0
26.226331088,0,1
26.226373750,0,0
26.226414950,0,1
26.226457618,0,0
26.226498814,0,1
26.226541478,0,0
26.226582674,0,1
26.226625334,0,0
26.226666532,0,1
26.226709190,0,0
26.226750378,0,1
26.226793026,0,0
26.226834222,0,1
26.226876894,0,0
26.226918108,0,1
26.226962256,0,0
26.226964218,1,0
26.227003442,1,1
26.227046102,1,0
26.227087288,1,1
26.227120596,0,1
26.227133894,0,0
26.227175080,0,1
26.227198350,1,1
26.227541552,0,1
26.227553354,0,0
26.227595950,0,1
26.227637554,0,0
26.227678672,0,1
26.227701906,1,1
26.227721262,1,0
26.227762380,1,1
26.227783818,0,1
26.227803988,0,0
26.227845106,0,1
26.227868336,1,1
26.227887690,1,0
26.227928798,1,1
26.227971390,1,0
26.228012500,1,1
26.228055084,1,0
26.228096194,1,1
26.228138788,1,0
26.228179896,1,1
26.228222488,1,0
26.228266062,1,1
26.228308650,1,0
26.228346802,1,1
26.228389384,1,0
26.228433936,1,1
26.235696160,0,1
26.235707956,0,0
26.235750540,0,1
26.235773770,1,1
26.235793118,1,0
26.235834228,1,1
26.235876806,1,0
26.235917908,1,1
26.235939338,0,1
26.235959504,0,0
26.236000610,0,1
26.236042204,0,0
26.236083312,0,1
26.236106542,1,1
26.236125894,1,0
26.236167004,1,1
26.236209588,1,0
26.236250696,1,1
26.236272130,0,1
26.236292296,0,0
26.236333400,0,1
26.236375000,0,0
26.236418570,0,1
26.236441794,1,1
26.236461146,1,0
26.236499298,1,1
26.236541878,1,0
26.236586426,1,1
26.259021378,0,1
26.259033176,0,0
26.259075768,0,1
26.259117376,0,0
26.259158488,0,1
26.259200086,0,0
26.259241194,0,1
26.259282792,0,0
26.259323904,0,1
26.259365502,0,0
26.259406612,0,1
26.259429844,1,1
26.259449198,1,0
26.259490304,1,1
26.259532884,1,0
26.259573990,1,1
26.259616570,1,0
26.259657670,1,1
26.259700252,1,0
26.259743816,1,1
26.259786400,1,0
26.259824554,1,1
26.259867140,1,0
26.259911690,1,1
26.263538910,0,1
26.263550706,0,0
26.263593284,0,1
26.263616510,1,1
26.263635860,1,0
26.263676958,1,1
26.263719534,1,0
26.263760636,1,1
26.263782070,0,1
26.263802234,0,0
26.263843338,0,1
26.263884930,0,0
26.263926034,0,1
26.263949256,1,1
26.263968606,1,0
26.264009708,1,1
26.264052286,1,0
26.264093384,1,1
26.264114818,0,1
26.264134982,0,0
26.264176086,0,1
26.264217680,0,0
26.264261244,0,1
26.264284468,1,1
26.264303820,1,0
26.264341964,1,1
26.264384538,1,0
26.264429082,1,1
26.357187094,1,0
26.357441818,0,0
26.358205974,0,1
26.358321330,0,0
26.358323006,1,0
26.358362430,1,1
26.358404020,1,0
26.358405866,0,0
26.358445124,0,1
26.358487700,0,0
26.358489134,1,0
26.358528804,1,1
26.358570400,1,0
26.358611502,1,1
26.358653096,1,0
26.358654142,0,0
26.358694204,0,1
26.358736782,0,0
26.358738412,1,0
26.358777892,1,1
26.358819492,1,0
26.358860596,1,1
26.358902190,1,0
26.358943284,1,1
26.358986350,1,0
26.359027448,1,1
26.359070020,1,0
26.359111114,1,1
26.359144358,0,1
26.359157628,0,0
26.359198728,0,1
26.359221950,1,1
26.359493300,0,1
26.359505094,0,0
26.359547670,0,1
26.359589262,0,0
26.359630362,0,1
26.359653582,1,1
26.359672930,1,0
26.359714024,1,1
26.359735454,0,1
26.359755616,0,0
26.359796716,0,1
26.359819938,1,1
26.359839288,1,0
26.359880384,1,1
26.359922960,1,0
26.359964056,1,1
26.360006626,1,0
26.360047716,1,1
26.360090290,1,0
26.360131390,1,1
26.360173968,1,0
26.360217530,1,1
26.360260106,1,0
26.360298250,1,1
26.360340826,1,0
26.360385368,1,1
26.360443484,1,0
26.360699524,0,0
26.361465008,0,1
26.361504678,0,0
26.361545794,0,1
26.361588376,0,0
26.361629488,0,1
26.361672074,0,0
26.361673978,1,0
26.361713182,1,1
26.361754784,1,0
26.361756424,0,0
26.361795896,0,1
26.361838470,0,0
26.361879574,0,1
26.361922152,0,0
26.361963262,0,1
26.362005834,0,0
26.362046940,0,1
26.362089522,0,0
26.362130632,0,1
26.362174688,0,0
26.362215798,0,1
26.362254928,0,0
26.362257058,1,0
26.362296028,1,1
26.362329274,0,1
26.362342546,0,0
26.362383648,0,1
26.362406868,1,1
26.362745338,0,1
26.362757152,0,0
26.362799796,0,1
26.362841446,0,0
26.362882610,0,1
26.362905866,1,1
26.362925244,1,0
26.362966410,1,1
26.362987874,0,1
26.363008070,0,0
26.363049240,0,1
26.363072498,1,1
26.363091880,1,0
26.363133054,1,1
26.363175696,1,0
26.363216862,1,1
26.363259510,1,0
26.363300674,1,1
26.363343320,1,0
26.363384492,1,1
26.363427136,1,0
26.363470768,1,1
26.363513410,1,0
26.363551622,1,1
26.363594264,1,0
26.363638882,1,1
26.375151338,0,1
26.375163156,0,0
26.375205814,0,1
26.375229082,1,1
26.375248464,1,0
26.375289642,1,1
26.375332296,1,0
26.375373472,1,1
26.375394942,0,1
26.375415146,0,0
26.375456328,0,1
26.375497992,0,0
26.375539174,0,1
26.375562444,1,1
26.375581828,1,0
26.375623004,1,1
26.375665658,1,0
26.375706838,1,1
26.375728308,0,1
26.375748510,0,0
26.375789692,0,1
26.375831364,0,0
26.375875014,0,1
26.375898280,1,1
26.375917664,1,0
26.375955886,1,1
26.375998552,1,0
26.376043196,1,1
26.379678040,0,1
26.379689856,0,0
26.379732510,0,1
26.379774180,0,0
26.379815352,0,1
26.379857002,0,0
26.379898180,0,1
26.379921450,1,1
26.379940836,1,0
26.379982020,1,1
26.380003488,0,1
26.380023688,0,0
26.380064864,0,1
26.380088128,1,1
26.380107512,1,0
26.380148694,1,1
26.380191348,1,0
26.380232522,1,1
26.380253992,0,1
26.380274196,0,0
26.380315382,0,1
26.380357048,0,0
26.380400696,0,1
26.380442364,0,0
26.380480586,0,1
26.380503852,1,1
26.380523238,1,0
26.380567870,1,1
26.400168838,0,1
26.400180656,0,0
26.400223322,0,1
26.400264994,0,0
26.400306184,0,1
26.400347860,0,0
26.400389050,0,1
26.400430724,0,0
26.400471916,0,1
26.400513588,0,0
26.400554774,0,1
26.400578046,1,1
26.400597432,1,0
26.400638612,1,1
26.400681274,1,0
26.400722458,1,1
26.400765122,1,0
26.400806302,1,1
26.400848964,1,0
26.400892614,1,1
26.400935270,1,0
26.400973494,1,1
26.401016150,1,0
26.401060784,1,1
26.404694910,0,1
26.404706728,0,0
26.404749386,0,1
26.404772652,1,1
26.404792038,1,0
26.404833216,1,1
26.404875868,1,0
26.404917050,1,1
26.404938520,0,1
26.404958724,0,0
26.404999906,0,1
26.405041580,0,0
26.405082766,0,1
26.405106032,1,1
26.405125416,1,0
26.405166596,1,1
26.405209256,1,0
26.405250434,1,1
26.405271904,0,1
26.405292106,0,0
26.405333288,0,1
26.405374956,0,0
26.405418598,0,1
26.405441868,1,1
26.405461252,1,0
26.405499468,1,1
26.405542122,1,0
26.405586752,1,1
26.417569074,0,1
26.417580892,0,0
26.417623554,0,1
26.417665224,0,0
26.417706404,0,1
26.417748080,0,0
26.417789272,0,1
26.417830938,0,0
26.417872118,0,1
26.417913792,0,0
26.417954974,0,1
26.417978242,1,1
26.417997628,1,0
26.418038810,1,1
26.418081466,1,0
26.418122646,1,1
26.418165304,1,0
26.418206484,1,1
26.418249140,1,0
26.418292790,1,1
26.418335444,1,0
26.418373658,1,1
26.418373660,1,0
26.418373664,1,1
26.418416316,1,0
26.418460948,1,1
26.422095958,0,1
26.422107776,0,0
26.422150440,0,1
26.422192112,0,0
26.422233302,0,1
26.422274972,0,0
26.422316160,0,1
26.422339432,1,1
26.422358818,1,0
26.422400004,1,1
26.422421478,0,1
26.422441684,0,0
26.422482876,0,1
26.422506144,1,1
26.422525528,1,0
26.422566712,1,1
26.422609370,1,0
26.422650552,1,1
26.422672024,0,1
26.422692226,0,0
26.422733418,0,1
26.422775096,0,0
26.422818750,0,1
26.422860422,0,0
26.422898654,0,1
26.422921922,1,1
26.422941308,1,0
26.422985944,1,1
26.492851570,1,0
26.493107692,0,0
26.493871578,0,1
26.495261002,0,0
26.495262790,1,0
26.495302192,1,1
26.495343870,1,0
26.495345270,0,0
26.495385074,0,1
26.495427736,0,0
26.495429158,1,0
26.495468924,1,1
26.495510604,1,0
26.495551794,1,1
26.495593466,1,0
26.495595388,0,0
26.495634666,0,1
26.495677328,0,0
26.495679280,1,0
26.495718518,1,1
26.495760198,1,0
26.495801388,1,1
26.495843060,1,0
26.495884248,1,1
26.495927398,1,0
26.495968580,1,1
26.496011244,1,0
26.496052428,1,1
26.496085738,0,1
26.496099038,0,0
26.496140228,0,1
26.496163504,1,1
26.496435410,0,1
26.496447230,0,0
26.496489896,0,1
26.496531572,0,0
26.496572768,0,1
26.496596040,1,1
26.496615428,1,0
26.496656618,1,1
26.496678092,0,1
26.496698298,0,0
26.496739488,0,1
26.496762764,1,1
26.496782152,1,0
26.496823340,1,1
26.496866002,1,0
26.496907186,1,1
26.496949852,1,0
26.496991038,1,1
26.497033694,1,0
26.497074880,1,1
26.497117542,1,0
26.497161192,1,1
26.497203852,1,0
26.497242074,1,1
26.497284730,1,0
26.497329364,1,1
26.497388920,1,0
26.497643748,0,0
26.498409332,0,1
26.498451002,0,0
26.498492208,0,1
26.498534876,0,0
26.498576082,0,1
26.498618748,0,0
26.498659954,0,1
26.498702618,0,0
26.498743820,0,1
26.498786494,0,0
26.498827700,0,1
26.498870364,0,0
26.498911572,0,1
26.498954238,0,0
26.498995440,0,1
26.499038108,0,0
26.499079310,0,1
26.499123452,0,0
26.499124792,1,0
26.499164644,1,1
26.499207308,1,0
26.499248498,1,1
26.499281808,0,1
26.499295108,0,0
26.499336294,0,1
26.499359564,1,1
26.499702788,0,1
26.499714590,0,0
26.499757190,0,1
26.499798818,0,0
26.499839964,0,1
26.499863212,1,1
26.499882574,1,0
26.499923694,1,1
26.499945138,0,1
26.499965312,0,0
26.500006434,0,1
26.500029662,1,1
26.500049020,1,0
26.500090136,1,1
26.500132728,1,0
26.500173844,1,1
26.500216440,1,0
26.500257554,1,1
26.500300140,1,0
26.500341252,1,1
26.500383842,1,0
26.500427414,1,1
26.500470006,1,0
26.500508166,1,1
26.500550746,1,0
26.500595296,1,1
26.524637244,0,1
26.524649042,0,0
26.524691626,0,1
26.524714852,1,1
26.524734204,1,0
26.524775314,1,1
26.524817900,1,0
26.524859000,1,1
26.524880428,0,1
26.524900590,0,0
26.524941702,0,1
26.524983312,0,0
26.525024420,0,1
26.525047646,1,1
26.525066996,1,0
26.525108102,1,1
26.525150690,1,0
26.525191796,1,1
26.525213232,0,1
26.525233400,0,0
26.525274510,0,1
26.525316104,0,0
26.525359678,0,1
26.525382906,1,1
26.525402260,1,0
26.525440412,1,1
26.525482996,1,0
26.525527550,1,1
26.529155404,0,1
26.529167202,0,0
26.529209790,0,1
26.529233018,1,1
26.529252370,1,0
26.529293478,1,1
26.529336060,1,0
26.529377166,1,1
26.529398602,0,1
26.529418770,0,0
26.529459880,0,1
26.529483106,1,1
26.529502460,1,0
26.529543566,1,1
26.529565002,0,1
26.529585170,0,0
26.529626280,0,1
26.529649506,1,1
26.529668858,1,0
26.529709966,1,1
26.529731406,0,1
26.529751574,0,0
26.529792688,0,1
26.529834290,0,0
26.529877868,0,1
26.529901096,1,1
26.529920450,1,0
26.529958608,1,1
26.530001194,1,0
26.530045746,1,1
26.547306336,0,1
26.547318132,0,0
26.547360716,0,1
26.547402310,0,0
26.547443416,0,1
26.547485012,0,0
26.547526124,0,1
26.547567720,0,0
26.547608828,0,1
26.547650424,0,0
26.547691538,0,1
26.547714762,1,1
26.547734116,1,0
26.547775226,1,1
26.547817814,1,0
26.547858918,1,1
26.547901500,1,0
26.547942604,1,1
26.547985188,1,0
26.548028758,1,1
26.548071342,1,0
26.548109494,1,1
26.548152078,1,0
26.548196634,1,1
26.551824302,0,1
26.551836100,0,0
26.551878682,0,1
26.551901910,1,1
26.551921260,1,0
26.551962364,1,1
26.552004948,1,0
26.552046052,1,1
26.552067484,0,1
26.552087650,0,0
26.552128760,0,1
26.552170356,0,0
26.552211462,0,1
26.552234688,1,1
26.552254042,1,0
26.552295144,1,1
26.552337722,1,0
26.552378826,1,1
26.552400260,0,1
26.552420426,0,0
26.552461532,0,1
26.552503132,0,0
26.552546706,0,1
26.552569934,1,1
26.552589290,1,0
26.552627446,1,1
26.552670032,1,0
26.552714582,1,1
26.556340974,0,1
26.556352766,0,0
26.556395330,0,1
26.556436908,0,0
26.556477998,0,1
26.556519578,0,0
26.556560668,0,1
26.556602244,0,0
26.556643342,0,1
26.556684930,0,0
26.556726032,0,1
26.556749256,1,1
26.556768604,1,0
26.556809698,1,1
26.556852276,1,0
26.556893374,1,1
26.556935952,1,0
26.556977048,1,1
26.557019626,1,0
26.557063170,1,1
26.557105744,1,0
26.557143900,1,1
26.557186490,1,0
26.557231040,1,1
26.560858226,0,1
26.560870022,0,0
26.560912604,0,1
26.560935828,1,1
26.560955178,1,0
26.560996278,1,1
26.561038860,1,0
26.561079962,1,1
26.561101394,0,1
26.561121560,0,0
26.561162668,0,1
26.561185892,1,1
26.561205244,1,0
26.561246344,1,1
26.561267778,0,1
26.561287944,0,0
26.561329052,0,1
26.561352276,1,1
26.561371624,1,0
26.561412724,1,1
26.561434160,0,1
26.561454324,0,0
26.561495430,0,1
26.561537024,0,0
26.561580594,0,1
26.561603820,1,1
26.561623172,1,0
26.561661324,1,1
26.561703904,1,0
26.561748450,1,1
26.601570330,0,1
26.601582124,0,0
26.601624694,0,1
26.601647918,1,1
26.601667266,1,0
26.601708360,1,1
26.601750936,1,0
26.601792036,1,1
26.601813468,0,1
26.601833632,0,0
26.601874732,0,1
26.601916322,0,0
26.601957424,0,1
26.601980646,1,1
26.601999992,1,0
26.602041092,1,1
26.602083670,1,0
26.602124766,1,1
26.602146198,0,1
26.602166362,0,0
26.602207464,0,1
26.602249054,0,0
26.602292614,0,1
26.602315838,1,1
26.602335188,1,0
26.602373332,1,1
26.602415904,1,0
26.602460448,1,1
26.628877694,1,0
26.629133632,0,0
26.629897276,0,1
26.630021990,0,0
26.630023688,1,0
26.630063090,1,1
26.630104686,1,0
26.630106232,0,0
26.630145798,0,1
26.630188376,0,0
26.630190530,1,0
26.630229476,1,1
26.630271068,1,0
26.630312160,1,1
26.630353752,1,0
26.630355566,0,0
26.630394856,0,1
26.630437434,0,0
26.630438866,1,0
26.630478532,1,1
26.630520124,1,0
26.630561218,1,1
26.630602806,1,0
26.630643906,1,1
26.630686968,1,0
26.630728066,1,1
26.630770640,1,0
26.630811736,1,1
26.630844978,0,1
26.630858250,0,0
26.630899350,0,1
26.630922572,1,1
26.631193910,0,1
26.631205704,0,0
26.631248280,0,1
26.631289872,0,0
26.631330972,0,1
26.631354194,1,1
26.631373544,1,0
26.631414642,1,1
26.631436074,0,1
26.631456236,0,0
26.631497336,0,1
26.631520558,1,1
26.631539908,1,0
26.631581006,1,1
26.631623580,1,0
26.631664674,1,1
26.631707252,1,0
26.631748346,1,1
26.631790922,1,0
26.631832020,1,1
26.631874594,1,0
26.631918150,1,1
26.631960726,1,0
26.631998866,1,1
26.632041436,1,0
26.632085976,1,1
26.632150422,1,0
26.632406540,0,0
26.633173722,0,1
26.633220558,0,0
26.633261672,0,1
26.633304248,0,0
26.633345356,0,1
26.633387938,0,0
26.633389700,1,0
26.633429036,1,1
26.633470624,1,0
26.633472146,0,0
26.633511734,0,1
26.633554306,0,0
26.633595412,0,1
26.633637986,0,0
26.633679094,0,1
26.633721670,0,0
26.633762784,0,1
26.633805366,0,0
26.633846474,0,1
26.633890532,0,0
26.633931646,0,1
26.633970778,0,0
26.633973048,1,0
26.634011882,1,1
26.634045126,0,1
26.634058400,0,0
26.634099500,0,1
26.634122724,1,1
26.634461206,0,1
26.634473020,0,0
26.634515668,0,1
26.634557324,0,0
26.634598498,0,1
26.634621756,1,1
26.634641136,1,0
26.634682304,1,1
26.634703770,0,1
26.634723964,0,0
26.634765134,0,1
26.634788394,1,1
26.634807772,1,0
26.634848938,1,1
26.634891578,1,0
26.634932740,1,1
26.634975388,1,0
26.635016556,1,1
26.635059208,1,0
26.635100384,1,1
26.635143028,1,0
26.635186662,1,1
26.635229308,1,0
26.635267522,1,1
26.635310168,1,0
26.635354792,1,1
26.676149178,0,1
26.676161000,0,0
26.676203672,0,1
26.676245350,0,0
26.676286542,0,1
26.676328216,0,0
26.676369410,0,1
26.676392684,1,1
26.676412070,1,0
26.676453254,1,1
26.676474726,0,1
26.676494932,0,0
26.676536126,0,1
26.676559396,1,1
26.676578782,1,0
26.676619968,1,1
26.676662628,1,0
26.676703812,1,1
26.676725282,0,1
26.676745490,0,0
26.676786686,0,1
26.676828368,0,0
26.676872028,0,1
26.676913704,0,0
26.676951930,0,1
26.676975198,1,1
26.676994580,1,0
26.677039214,1,1
26.710815066,0,1
26.710826886,0,0
26.710869558,0,1
26.710911230,0,0
26.710952422,0,1
26.710994096,0,0
26.711035284,0,1
26.711076956,0,0
26.711118146,0,1
26.711159818,0,0
26.711201010,0,1
26.711224284,1,1
26.711243670,1,0
26.711284856,1,1
26.711327510,1,0
26.711368694,1,1
26.711411352,1,0
26.711452534,1,1
26.711495200,1,0
26.711538856,1,1
26.711581516,1,0
26.711619744,1,1
26.711662408,1,0
26.711707046,1,1
26.715342534,0,1
26.715354352,0,0
26.715397018,0,1
26.715438694,0,0
26.715479880,0,1
26.715521550,0,0
26.715562740,0,1
26.715586010,1,1
26.715605394,1,0
26.715646572,1,1
26.715668046,0,1
26.715688250,0,0
26.715729438,0,1
26.715752708,1,1
26.715772094,1,0
26.715813282,1,1
26.715855940,1,0
26.715897120,1,1
26.715918590,0,1
26.715938794,0,0
26.715979976,0,1
26.716021646,0,0
26.716065302,0,1
26.716106980,0,0
26.716145218,0,1
26.716168492,1,1
26.716187884,1,0
26.716232534,1,1
26.767137592,0,1
26.767149412,0,0
26.767192082,0,1
26.767215356,1,1
26.767234744,1,0
26.767275930,1,1
26.767318594,1,0
26.767359784,1,1
26.767381258,0,1
26.767401464,0,0
26.767442660,0,1
26.767465932,1,1
26.767485318,1,0
26.767526504,1,1
26.767547976,0,1
26.767568182,0,0
26.767609380,0,1
26.767632650,1,1
26.767652040,1,0
26.767693230,1,1
26.767714702,0,1
26.767734908,0,0
26.767776104,0,1
26.767817782,0,0
26.767861444,0,1
26.767884718,1,1
26.767904104,1,0
26.767942324,1,1
26.767984980,1,0
26.768029612,1,1
26.788805658,1,0
26.789061874,0,0
26.789825932,0,1
26.790432334,0,0
26.790434058,1,0
26.790473528,1,1
26.790515210,1,0
26.790516964,0,0
26.790556410,0,1
26.790599074,0,0
26.790601284,1,0
26.790640266,1,1
26.790681942,1,0
26.790723130,1,1
26.790764798,1,0
26.790766352,0,0
26.790805984,0,1
26.790848652,0,0
26.790850678,1,0
26.790889856,1,1
26.790931550,1,0
26.790972738,1,1
26.791014414,1,0
26.791055604,1,1
26.791098758,1,0
26.791139946,1,1
26.791182608,1,0
26.791223794,1,1
26.791257102,0,1
26.791270404,0,0
26.791311610,0,1
26.791334890,1,1
26.791606818,0,1
26.791618638,0,0
26.791661306,0,1
26.791702982,0,0
26.791744176,0,1
26.791767450,1,1
26.791786836,1,0
26.791828028,1,1
26.791849502,0,1
26.791869712,0,0
26.791910906,0,1
26.791934178,1,1
26.791953568,1,0
26.791994758,1,1
26.792037420,1,0
26.792078608,1,1
26.792121272,1,0
26.792162462,1,1
26.792205124,1,0
26.792246316,1,1
26.792288984,1,0
26.792332646,1,1
26.792375308,1,0
26.792413532,1,1
26.792456186,1,0
26.792500828,1,1
26.792559796,1,0
26.792815984,0,0
26.793581320,0,1
26.793622598,0,0
26.793663808,0,1
26.793706480,0,0
26.793747690,0,1
26.793790366,0,0
26.793831580,0,1
26.793874248,0,0
26.793915454,0,1
26.793958126,0,0
26.793999332,0,1
26.794042002,0,0
26.794083210,0,1
26.794125882,0,0
26.794167086,0,1
26.794209758,0,0
26.794250964,0,1
26.794295114,0,0
26.794297238,1,0
26.794336312,1,1
26.794378984,1,0
26.794420176,1,1
26.794453492,0,1
26.794466798,0,0
26.794508004,0,1
26.794531280,1,1
26.794874566,0,1
26.794886370,0,0
26.794928972,0,1
26.794970588,0,0
26.795011716,0,1
26.795034954,1,1
26.795054316,1,0
26.795095440,1,1
26.795116884,0,1
26.795137058,0,0
26.795178186,0,1
26.795201422,1,1
26.795220780,1,0
26.795261902,1,1
26.795304498,1,0
26.795345618,1,1
26.795388216,1,0
26.795429338,1,1
26.795471932,1,0
26.795513054,1,1
26.795555652,1,0
26.795599232,1,1
26.795641830,1,0
26.795679994,1,1
26.795722586,1,0
26.795767156,1,1
26.933187152,1,0
26.933441934,0,0
26.934206102,0,1
26.934332032,0,0
26.934334140,1,0
26.934373136,1,1
26.934414728,1,0
26.934416004,0,0
26.934455838,0,1
26.934498420,0,0
26.934500282,1,0
26.934539522,1,1
26.934581124,1,0
26.934622234,1,1
26.934663832,1,0
26.934665292,0,0
26.934704950,0,1
26.934747532,0,0
26.934749568,1,0
26.934788646,1,1
26.934830248,1,0
26.934871356,1,1
26.934912956,1,0
26.934954060,1,1
26.934997130,1,0
26.935038230,1,1
26.935080806,1,0
26.935121906,1,1
26.935155154,0,1
26.935168430,0,0
26.935209548,0,1
26.935232772,1,1
26.935504146,0,1
26.935515944,0,0
26.935558524,0,1
26.935600116,0,0
26.935641224,0,1
26.935664450,1,1
26.935683802,1,0
26.935724900,1,1
26.935746338,0,1
26.935766506,0,0
26.935807606,0,1
26.935830822,1,1
26.935850174,1,0
26.935891288,1,1
26.935933884,1,0
26.935975004,1,1
26.936017588,1,0
26.936058690,1,1
26.936101274,1,0
26.936142380,1,1
26.936184964,1,0
26.936228526,1,1
26.936271106,1,0
26.936309254,1,1
26.936351830,1,0
26.936396372,1,1
26.936459784,1,0
26.936715830,0,0
26.937481332,0,1
26.937522254,0,0
26.937563376,0,1
26.937605962,0,0
26.937647080,0,1
26.937689664,0,0
26.937691304,1,0
26.937730770,1,1
26.937772370,1,0
26.937773734,0,0
26.937813480,0,1
26.937856060,0,0
26.937897174,0,1
26.937939754,0,0
26.937980870,0,1
26.938023450,0,0
26.938064562,0,1
26.938107142,0,0
26.938148256,0,1
26.938192312,0,0
26.938233426,0,1
26.938272558,0,0
26.938274452,1,0
26.938313662,1,1
26.938346908,0,1
26.938360184,0,0
26.938401302,0,1
26.938424528,1,1
26.938763016,0,1
26.938774830,0,0
26.938817478,0,1
26.938859130,0,0
26.938900304,0,1
26.938923566,1,1
26.938942946,1,0
26.938984118,1,1
26.939005586,0,1
26.939025786,0,0
26.939066968,0,1
26.939090238,1,1
26.939109620,1,0
26.939150800,1,1
26.939193454,1,0
26.939234626,1,1
26.939277276,1,0
26.939318452,1,1
26.939361096,1,0
26.939402264,1,1
26.939444914,1,0
26.939488554,1,1
26.939531204,1,0
26.939569422,1,1
26.939612066,1,0
26.939656686,1,1
26.948342160,0,1
26.948353984,0,0
26.948396660,0,1
26.948438336,0,0
26.948479530,0,1
26.948521200,0,0
26.948562386,0,1
26.948604060,0,0
26.948645246,0,1
26.948686920,0,0
26.948728108,0,1
26.948751378,1,1
26.948770764,1,0
26.948811944,1,1
26.948854602,1,0
26.948895782,1,1
26.948938436,1,0
26.948979616,1,1
26.949022272,1,0
26.949065916,1,1
26.949108572,1,0
26.949146794,1,1
26.949189448,1,0
26.949234078,1,1
26.952868170,0,1
26.952879988,0,0
26.952922650,0,1
26.952945916,1,1
26.952965302,1,0
26.953006484,1,1
26.953049142,1,0
26.953090328,1,1
26.953111798,0,1
26.953132000,0,0
26.953173188,0,1
26.953214856,0,0
26.953256038,0,1
26.953279306,1,1
26.953298692,1,0
26.953339876,1,1
26.953382534,1,0
26.953423716,1,1
26.953445188,0,1
26.953465392,0,0
26.953506576,0,1
26.953548250,0,0
26.953591904,0,1
26.953615172,1,1
26.953634558,1,0
26.953672778,1,1
26.953715436,1,0
26.953760072,1,1
26.973449368,0,1
26.973461188,0,0
26.973503858,0,1
26.973545532,0,0
26.973586724,0,1
26.973628400,0,0
26.973669590,0,1
26.973711264,0,0
26.973752458,0,1
26.973794134,0,0
26.973835326,0,1
26.973858598,1,1
26.973877984,1,0
26.973919172,1,1
26.973961832,1,0
26.974003018,1,1
26.974045676,1,0
26.974086856,1,1
26.974129516,1,0
26.974173164,1,1
26.974215824,1,0
26.974254046,1,1
26.974296708,1,0
26.974341344,1,1
26.977975904,0,1
26.977987722,0,0
26.978030388,0,1
26.978053658,1,1
26.978073044,1,0
26.978114234,1,1
26.978156894,1,0
26.978198078,1,1
26.978219552,0,1
26.978239758,0,0
26.978280948,0,1
26.978304220,1,1
26.978323608,1,0
26.978364796,1,1
26.978386272,0,1
26.978406476,0,0
26.978447670,0,1
26.978470942,1,1
26.978490330,1,0
26.978531518,1,1
26.978552992,0,1
26.978573198,0,0
26.978614392,0,1
26.978656066,0,0
26.978699728,0,1
26.978722998,1,1
26.978742386,1,0
26.978780620,1,1
26.978823286,1,0
26.978867926,1,1
27.029079418,0,1
27.029091240,0,0
27.029133920,0,1
27.029157196,1,1
27.029176586,1,0
27.029217786,1,1
27.029260454,1,0
27.029301650,1,1
27.029323126,0,1
27.029343334,0,0
27.029384532,0,1
27.029426214,0,0
27.029467416,0,1
27.029490692,1,1
27.029510080,1,0
27.029551272,1,1
27.029593942,1,0
27.029635134,1,1
27.029656610,0,1
27.029676816,0,0
27.029718016,0,1
27.029759696,0,0
27.029803366,0,1
27.029826646,1,1
27.029846034,1,0
27.029884270,1,1
27.029926936,1,0
27.029971584,1,1
27.093182922,1,0
27.093437816,0,0
27.094202350,0,1
27.094304212,0,0
27.094306446,1,0
27.094345410,1,1
27.094387094,1,0
27.094388354,0,0
27.094428302,0,1
27.094470968,0,0
27.094472678,1,0
27.094512168,1,1
27.094553856,1,0
27.094595052,1,1
27.094636736,1,0
27.094637776,0,0
27.094677938,0,1
27.094720602,0,0
27.094722094,1,0
27.094761800,1,1
27.094803480,1,0
27.094844672,1,1
27.094886352,1,0
27.094927544,1,1
27.094970702,1,0
27.095011898,1,1
27.095054562,1,0
27.095095752,1,1
27.095129066,0,1
27.095142370,0,0
27.095183582,0,1
27.095206860,1,1
27.095478828,0,1
27.095490648,0,0
27.095533326,0,1
27.095575010,0,0
27.095616208,0,1
27.095639482,1,1
27.095658872,1,0
27.095700064,1,1
27.095721540,0,1
27.095741746,0,0
27.095782948,0,1
27.095806226,1,1
27.095825618,1,0
27.095866812,1,1
27.095909478,1,0
27.095950672,1,1
27.095993338,1,0
27.096034532,1,1
27.096077200,1,0
27.096118394,1,1
27.096161060,1,0
27.096204724,1,1
27.096247390,1,0
27.096285622,1,1
27.096328290,1,0
27.096372936,1,1
27.096425380,1,0
27.096681612,0,0
27.097447770,0,1
27.097488442,0,0
27.097529654,0,1
27.097572328,0,0
27.097613536,0,1
27.097656210,0,0
27.097697418,0,1
27.097740088,0,0
27.097781302,0,1
27.097823972,0,0
27.097865180,0,1
27.097907852,0,0
27.097949060,0,1
27.097991728,0,0
27.098032934,0,1
27.098075604,0,0
27.098116812,0,1
27.098160968,0,0
27.098163114,1,0
27.098202168,1,1
27.098244836,1,0
27.098286030,1,1
27.098319346,0,1
27.098332652,0,0
27.098373856,0,1
27.098397134,1,1
27.098740426,0,1
27.098752232,0,0
27.098794844,0,1
27.098836462,0,0
27.098877592,0,1
27.098900826,1,1
27.098920186,1,0
27.098961308,1,1
27.098982748,0,1
27.099002922,0,0
27.099044046,0,1
27.099067282,1,1
27.099086640,1,0
27.099127764,1,1
27.099170358,1,0
27.099211482,1,1
27.099254078,1,0
27.099295198,1,1
27.099337792,1,0
27.099378912,1,1
27.099421506,1,0
27.099465090,1,1
27.099507684,1,0
27.099545846,1,1
27.099588440,1,0
27.099633004,1,1
27.166486984,0,1
27.166498782,0,0
27.166541370,0,1
27.166564602,1,1
27.166583958,1,0
27.166625072,1,1
27.166646508,0,1
27.166666678,0,0
27.166707794,0,1
27.166731022,1,1
27.166750378,1,0
27.166791488,1,1
27.166834074,1,0
27.166875186,1,1
27.166896620,0,1
27.166916788,0,0
27.166957902,0,1
27.166981130,1,1
27.167000484,1,0
27.167041592,1,1
27.167063028,0,1
27.167083194,0,0
27.167124310,0,1
27.167165910,0,0
27.167209486,0,1
27.167232716,1,1
27.167252072,1,0
27.167290228,1,1
27.167332810,1,0
27.167377366,1,1
27.201626744,0,1
27.201638540,0,0
27.201681114,0,1
27.201722696,0,0
27.201763808,0,1
27.201805412,0,0
27.201846526,0,1
27.201869754,1,1
27.201889102,1,0
27.201930200,1,1
27.201972782,1,0
27.202013886,1,1
27.202035320,0,1
27.202055486,0,0
27.202096596,0,1
27.202119824,1,1
27.202139176,1,0
27.202180276,1,1
27.202201710,0,1
27.202221878,0,0
27.202262986,0,1
27.202304582,0,0
27.202348152,0,1
27.202389750,0,0
27.202427902,0,1
27.202451128,1,1
27.202470478,1,0
27.202515030,1,1
27.217113688,0,1
27.217125486,0,0
27.217168070,0,1
27.217209668,0,0
27.217250778,0,1
27.217292378,0,0
27.217333488,0,1
27.217375086,0,0
27.217416196,0,1
27.217457794,0,0
27.217498900,0,1
27.217522126,1,1
27.217541480,1,0
27.217582588,1,1
27.217625174,1,0
27.217666282,1,1
27.217708868,1,0
27.217749978,1,1
27.217792562,1,0
27.217836136,1,1
27.217878722,1,0
27.217916876,1,1
27.217959462,1,0
27.218004012,1,1
27.221631910,0,1
27.221643708,0,0
27.221686292,0,1
27.221709516,1,1
27.221728868,1,0
27.221769976,1,1
27.221812558,1,0
27.221853662,1,1
27.221875100,0,1
27.221895266,0,0
27.221936372,0,1
27.221977968,0,0
27.222019078,0,1
27.222042306,1,1
27.222061658,1,0
27.222102756,1,1
27.222145340,1,0
27.222186442,1,1
27.222207878,0,1
27.222228042,0,0
27.222269154,0,1
27.222310756,0,0
27.222354330,0,1
27.222377558,1,1
27.222396910,1,0
27.222435062,1,1
27.222477640,1,0
27.222522186,1,1
27.269184720,1,0
27.269439486,0,0
27.270203800,0,1
27.270936170,0,0
27.270938170,1,0
27.270977260,1,1
27.271018842,1,0
27.271020038,0,0
27.271059938,0,1
27.271102498,0,0
27.271104236,1,0
27.271143582,1,1
27.271185164,1,0
27.271226250,1,1
27.271267826,1,0
27.271269372,0,0
27.271308922,0,1
27.271351486,0,0
27.271353210,1,0
27.271392572,1,1
27.271434152,1,0
27.271475238,1,1
27.271516814,1,0
27.271557898,1,1
27.271600952,1,0
27.271642034,1,1
27.271684594,1,0
27.271725678,1,1
27.271758910,0,1
27.271772182,0,0
27.271813284,0,1
27.271836506,1,1
27.272107774,0,1
27.272119568,0,0
27.272162130,0,1
27.272203712,0,0
27.272244800,0,1
27.272268016,1,1
27.272287360,1,0
27.272328448,1,1
27.272349874,0,1
27.272370032,0,0
27.272411124,0,1
27.272434340,1,1
27.272453686,1,0
27.272494774,1,1
27.272537336,1,0
27.272578420,1,1
27.272620986,1,0
27.272662072,1,1
27.272704636,1,0
27.272745724,1,1
27.272788310,1,0
27.272831892,1,1
27.272874492,1,0
27.272912656,1,1
27.272955240,1,0
27.272999792,1,1
27.273065824,1,0
27.273320682,0,0
27.274084260,0,1
27.274125824,0,0
27.274166950,0,1
27.274209538,0,0
27.274250636,0,1
27.274293218,0,0
27.274295312,1,0
27.274334342,1,1
27.274375962,1,0
27.274377214,0,0
27.274417100,0,1
27.274459696,0,0
27.274500826,0,1
27.274543422,0,0
27.274584556,0,1
27.274627152,0,0
27.274668274,0,1
27.274710864,0,0
27.274751986,0,1
27.274796052,0,0
27.274837176,0,1
27.274876318,0,0
27.274877738,1,0
27.274917428,1,1
27.274950682,0,1
27.274963960,0,0
27.275005082,0,1
27.275028314,1,1
27.275366818,0,1
27.275378632,0,0
27.275421282,0,1
27.275462942,0,0
27.275504118,0,1
27.275527382,1,1
27.275546764,1,0
27.275587940,1,1
27.275609408,0,1
27.275629610,0,0
27.275670778,0,1
27.275694036,1,1
27.275713410,1,0
27.275754574,1,1
27.275797212,1,0
27.275838378,1,1
27.275881028,1,0
27.275922202,1,1
27.275964856,1,0
27.276006032,1,1
27.276048688,1,0
27.276092330,1,1
27.276134990,1,0
27.276173216,1,1
27.276215874,1,0
27.276260508,1,1
27.290095738,0,1
27.290107558,0,0
27.290150224,0,1
27.290191896,0,0
27.290233084,0,1
27.290274752,0,0
27.290315942,0,1
27.290357600,0,0
27.290398778,0,1
27.290440460,0,0
27.290481662,0,1
27.290504930,1,1
27.290524316,1,0
27.290565502,1,1
27.290608160,1,0
27.290649342,1,1
27.290692002,1,0
27.290733178,1,1
27.290775842,1,0
27.290819490,1,1
27.290862152,1,0
27.290900378,1,1
27.290943036,1,0
27.290987672,1,1
27.294623296,0,1
27.294635114,0,0
27.294677784,0,1
27.294719456,0,0
27.294760650,0,1
27.294802330,0,0
27.294843522,0,1
27.294866794,1,1
27.294886184,1,0
27.294927372,1,1
27.294970034,1,0
27.295011220,1,1
27.295032696,0,1
27.295052902,0,0
27.295094092,0,1
27.295117366,1,1
27.295136752,1,0
27.295177938,1,1
27.295199414,0,1
27.295219618,0,0
27.295260810,0,1
27.295302486,0,0
27.295346138,0,1
27.295387802,0,0
27.295426022,0,1
27.295449286,1,1
27.295468666,1,0
27.295513290,1,1
27.312626378,0,1
27.312638196,0,0
27.312680862,0,1
27.312722532,0,0
27.312763724,0,1
27.312805396,0,0
27.312846586,0,1
27.312888258,0,0
27.312929444,0,1
27.312971116,0,0
27.313012306,0,1
27.313035574,1,1
27.313054958,1,0
27.313096142,1,1
27.313138800,1,0
27.313179986,1,1
27.313222640,1,0
27.313263824,1,1
27.313306478,1,0
27.313350124,1,1
27.313392784,1,0
27.313431008,1,1
27.313473670,1,0
27.313518312,1,1
27.317152944,0,1
27.317164764,0,0
27.317207438,0,1
27.317230710,1,1
27.317250096,1,0
27.317291286,1,1
27.317312760,0,1
27.317332966,0,0
27.317374154,0,1
27.317397426,1,1
27.317416814,1,0
27.317458006,1,1
27.317500666,1,0
27.317541852,1,1
27.317563328,0,1
27.317583534,0,0
27.317624726,0,1
27.317647994,1,1
27.317667382,1,0
27.317708570,1,1
27.317730042,0,1
27.317750248,0,0
27.317791440,0,1
27.317833120,0,0
27.317876778,0,1
27.317900050,1,1
27.317919436,1,0
27.317957660,1,1
27.318000318,1,0
27.318044952,1,1
27.354907632,0,1
27.354919452,0,0
27.354962122,0,1
27.354985394,1,1
27.355004780,1,0
27.355045970,1,1
27.355067446,0,1
27.355087652,0,0
27.355128842,0,1
27.355152114,1,1
27.355171500,1,0
27.355212690,1,1
27.355255352,1,0
27.355296536,1,1
27.355339204,1,0
27.355380390,1,1
27.355423052,1,0
27.355464242,1,1
27.355485718,0,1
27.355505924,0,0
27.355547116,0,1
27.355588794,0,0
27.355632456,0,1
27.355674134,0,0
27.355712368,0,1
27.355735644,1,1
27.355755034,1,0
27.355799682,1,1
27.398506344,0,1
27.398518164,0,0
27.398560834,0,1
27.398602510,0,0
27.398643704,0,1
27.398666980,1,1
27.398686370,1,0
27.398727568,1,1
27.398770240,1,0
27.398811442,1,1
27.398832918,0,1
27.398853130,0,0
27.398894330,0,1
27.398917606,1,1
27.398936996,1,0
27.398978194,1,1
27.399020858,1,0
27.399062048,1,1
27.399083524,0,1
27.399103734,0,0
27.399144932,0,1
27.399186610,0,0
27.399230276,0,1
27.399253552,1,1
27.399272940,1,0
27.399311172,1,1
27.399353842,1,0
27.399398490,1,1
27.457476404,0,1
27.457488224,0,0
27.457530892,0,1
27.457572568,0,0
27.457613764,0,1
27.457655446,0,0
27.457696650,0,1
27.457738332,0,0
27.457779536,0,1
27.457821218,0,0
27.457862418,0,1
27.457885696,1,1
27.457905084,1,0
27.457946282,1,1
27.457988950,1,0
27.458030140,1,1
27.458072808,1,0
27.458114002,1,1
27.458156670,1,0
27.458200332,1,1
27.458243000,1,0
27.458281234,1,1
27.458323900,1,0
27.458368546,1,1
27.462000740,0,1
27.462012560,0,0
27.462055234,0,1
27.462078506,1,1
27.462097894,1,0
27.462139092,1,1
27.462160566,0,1
27.462180774,0,0
27.462221966,0,1
27.462245242,1,1
27.462264630,1,0
27.462305828,1,1
27.462348494,1,0
27.462389690,1,1
27.462432358,1,0
27.462473550,1,1
27.462516218,1,0
27.462557416,1,1
27.462578890,0,1
27.462599098,0,0
27.462640294,0,1
27.462681976,0,0
27.462725642,0,1
27.462767328,0,0
27.462805570,0,1
27.462828848,1,1
27.462848238,1,0
27.462892886,1,1
27.466528164,0,1
27.466539986,0,0
27.466582664,0,1
27.466624346,0,0
27.466665540,0,1
27.466688810,1,1
27.466708198,1,0
27.466749392,1,1
27.466792060,1,0
27.466833252,1,1
27.466875918,1,0
27.466917110,1,1
27.466938584,0,1
27.466958790,0,0
27.466999988,0,1
27.467023264,1,1
27.467042656,1,0
27.467083852,1,1
27.467105330,0,1
27.467125540,0,0
27.467166740,0,1
27.467208422,0,0
27.467252094,0,1
27.467275372,1,1
27.467294758,1,0
27.467332990,1,1
27.467375658,1,0
27.467420304,1,1
27.471055660,0,1
27.471067482,0,0
27.471110160,0,1
27.471133432,1,1
27.471152822,1,0
27.471194020,1,1
27.471215498,0,1
27.471235708,0,0
27.471276908,0,1
27.471300184,1,1
27.471319574,1,0
27.471360770,1,1
27.471403436,1,0
27.471444634,1,1
27.471466112,0,1
27.471486318,0,0
27.471527516,0,1
27.471550794,1,1
27.471570184,1,0
27.471611380,1,1
27.471632856,0,1
27.471653062,0,0
27.471694260,0,1
27.471735944,0,0
27.471779614,0,1
27.471802890,1,1
27.471822280,1,0
27.471860518,1,1
27.471903190,1,0
27.471947850,1,1
27.488198614,0,1
27.488210436,0,0
27.488253114,0,1
27.488294792,0,0
27.488335992,0,1
27.488377676,0,0
27.488418878,0,1
27.488460558,0,0
27.488501758,0,1
27.488543442,0,0
27.488584640,0,1
27.488607918,1,1
27.488627308,1,0
27.488668504,1,1
27.488711170,1,0
27.488752370,1,1
27.488795044,1,0
27.488836242,1,1
27.488878914,1,0
27.488922578,1,1
27.488965244,1,0
27.489003480,1,1
27.489046150,1,0
27.489090798,1,1
27.492726276,0,1
27.492738098,0,0
27.492780780,0,1
27.492822468,0,0
27.492863670,0,1
27.492886950,1,1
27.492906340,1,0
27.492947538,1,1
27.492990210,1,0
27.493031406,1,1
27.493074076,1,0
27.493115274,1,1
27.493136750,0,1
27.493156960,0,0
27.493198162,0,1
27.493221440,1,1
27.493240830,1,0
27.493282026,1,1
27.493303504,0,1
27.493323714,0,0
27.493364916,0,1
27.493406600,0,0
27.493450270,0,1
27.493473550,1,1
27.493492942,1,0
27.493531178,1,1
27.493573850,1,0
27.493618502,1,1
27.500338696,0,1
27.500350514,0,0
27.500393176,0,1
27.500434844,0,0
27.500476026,0,1
27.500517690,0,0
27.500558876,0,1
27.500600542,0,0
27.500641722,0,1
27.500683388,0,0
27.500724576,0,1
27.500747848,1,1
27.500767236,1,0
27.500808434,1,1
27.500851110,1,0
27.500892306,1,1
27.500934982,1,0
27.500976180,1,1
27.501018850,1,0
27.501062514,1,1
27.501105184,1,0
27.501143418,1,1
27.501186090,1,0
27.501230740,1,1
27.504866202,0,1
27.504878026,0,0
27.504920710,0,1
27.504943988,1,1
27.504963378,1,0
27.505004580,1,1
27.505026056,0,1
27.505046266,0,0
27.505087466,0,1
27.505110746,1,1
27.505130136,1,0
27.505171336,1,1
27.505214006,1,0
27.505255204,1,1
27.505276684,0,1
27.505296894,0,0
27.505338094,0,1
27.505361370,1,1
27.505380760,1,0
27.505421960,1,1
27.505443436,0,1
27.505463646,0,0
27.505504848,0,1
27.505546534,0,0
27.505590202,0,1
27.505613482,1,1
27.505632870,1,0
27.505671110,1,1
27.505713780,1,0
27.505758430,1,1
27.517717528,0,1
27.517729352,0,0
27.517772034,0,1
27.517813716,0,0
27.517854920,0,1
27.517896604,0,0
27.517937802,0,1
27.517979486,0,0
27.518020688,0,1
27.518062370,0,0
27.518103576,0,1
27.518126854,1,1
27.518146244,1,0
27.518187442,1,1
27.518230110,1,0
27.518271306,1,1
27.518313974,1,0
27.518355172,1,1
27.518397844,1,0
27.518441506,1,1
27.518484174,1,0
27.518522410,1,1
27.518565078,1,0
27.518609722,1,1
27.522245062,0,1
27.522256884,0,0
27.522299566,0,1
27.522341252,0,0
27.522382454,0,1
27.522405734,1,1
27.522425126,1,0
27.522466324,1,1
27.522508996,1,0
27.522550192,1,1
27.522571670,0,1
27.522591880,0,0
27.522633080,0,1
27.522656354,1,1
27.522675744,1,0
27.522716938,1,1
27.522759610,1,0
27.522800808,1,1
27.522822286,0,1
27.522842498,0,0
27.522883698,0,1
27.522925378,0,0
27.522969048,0,1
27.522992326,1,1
27.523011714,1,0
27.523049946,1,1
27.523092618,1,0
27.523137270,1,1
27.541323378,0,1
27.541335200,0,0
27.541377880,0,1
27.541401160,1,1
27.541420550,1,0
27.541461752,1,1
27.541483232,0,1
27.541503444,0,0
27.541544650,0,1
27.541567930,1,1
27.541587322,1,0
27.541628522,1,1
27.541671194,1,0
27.541712394,1,1
27.541755068,1,0
27.541796268,1,1
27.541838944,1,0
27.541880144,1,1
27.541901624,0,1
27.541921836,0,0
27.541963044,0,1
27.542004734,0,0
27.542048408,0,1
27.542090096,0,0
27.542128346,0,1
27.542151626,1,1
27.542171016,1,0
27.542215674,1,1
27.565675552,0,1
27.565687376,0,0
27.565730056,0,1
27.565771740,0,0
27.565812946,0,1
27.565836226,1,1
27.565855618,1,0
27.565896822,1,1
27.565939502,1,0
27.565980706,1,1
27.566002188,0,1
27.566022398,0,0
27.566063608,0,1
27.566086892,1,1
27.566106284,1,0
27.566147486,1,1
27.566190162,1,0
27.566231364,1,1
27.566252846,0,1
27.566273058,0,0
27.566314262,0,1
27.566355952,0,0
27.566399628,0,1
27.566422904,1,1
27.566442296,1,0
27.566480540,1,1
27.566523214,1,0
27.566567870,1,1
27.631585110,0,1
27.631596932,0,0
27.631639612,0,1
27.631681292,0,0
27.631722492,0,1
27.631764180,0,0
27.631805382,0,1
27.631847068,0,0
27.631888278,0,1
27.631929964,0,0
27.631971166,0,1
27.631994446,1,1
27.632013836,1,0
27.632055036,1,1
27.632097704,1,0
27.632138906,1,1
27.632181584,1,0
27.632222782,1,1
27.632265458,1,0
27.632309122,1,1
27.632351794,1,0
27.632390034,1,1
27.632432706,1,0
27.632477356,1,1
27.636113062,0,1
27.636124884,0,0
27.636167570,0,1
27.636209260,0,0
27.636250466,0,1
27.636273744,1,1
27.636293132,1,0
27.636334336,1,1
27.636377004,1,0
27.636418198,1,1
27.636439678,0,1
27.636459892,0,0
27.636501098,0,1
27.636524376,1,1
27.636543766,1,0
27.636584964,1,1
27.636627636,1,0
27.636668832,1,1
27.636690306,0,1
27.636710516,0,0
27.636751718,0,1
27.636793404,0,0
27.636837072,0,1
27.636860348,1,1
27.636879742,1,0
27.636917982,1,1
27.636960654,1,0
27.637005308,1,1
27.709059714,1,0
27.709314686,0,0
27.710078510,0,1
27.711045898,0,0
27.711048104,1,0
27.711087110,1,1
27.711128804,1,0
27.711130778,0,0
27.711170020,0,1
27.711212698,0,0
27.711214648,1,0
27.711253904,1,1
27.711295594,1,0
27.711336800,1,1
27.711378488,1,0
27.711379828,0,0
27.711419700,0,1
27.711462378,0,0
27.711463694,1,0
27.711503582,1,1
27.711545274,1,0
27.711586478,1,1
27.711628162,1,0
27.711669364,1,1
27.711712532,1,0
27.711753742,1,1
27.711796418,1,0
27.711837624,1,1
27.711870946,0,1
27.711884252,0,0
27.711925468,0,1
27.711948750,1,1
27.712220770,0,1
27.712232594,0,0
27.712275284,0,1
27.712316972,0,0
27.712358182,0,1
27.712381462,1,1
27.712400854,1,0
27.712442060,1,1
27.712463542,0,1
27.712483754,0,0
27.712524966,0,1
27.712548248,1,1
27.712567640,1,0
27.712608848,1,1
27.712651528,1,0
27.712692730,1,1
27.712735412,1,0
27.712776624,1,1
27.712819300,1,0
27.712860504,1,1
27.712903182,1,0
27.712946852,1,1
27.712989528,1,0
27.713027772,1,1
27.713070446,1,0
27.713115100,1,1
27.713181080,1,0
27.713435884,0,0
27.714200210,0,1
27.714243688,0,0
27.714284914,0,1
27.714327598,0,0
27.714368818,0,1
27.714411500,0,0
27.714452720,0,1
27.714495398,0,0
27.714536614,0,1
27.714579294,0,0
27.714620514,0,1
27.714663198,0,0
27.714704420,0,1
27.714747102,0,0
27.714788324,0,1
27.714831008,0,0
27.714872228,0,1
27.714916394,0,0
27.714918654,1,0
27.714957606,1,1
27.715000292,1,0
27.715041502,1,1
27.715074826,0,1
27.715088136,0,0
27.715129360,0,1
27.715152646,1,1
27.715496048,0,1
27.715507856,0,0
27.715550480,0,1
27.715592106,0,0
27.715633252,0,1
27.715656496,1,1
27.715675858,1,0
27.715716994,1,1
27.715738444,0,1
27.715758626,0,0
27.715799770,0,1
27.715823014,1,1
27.715842378,1,0
27.715883512,1,1
27.715926122,1,0
27.715967256,1,1
27.716009866,1,0
27.716051002,1,1
27.716093612,1,0
27.716134748,1,1
27.716177360,1,0
27.716220960,1,1
27.716263568,1,0
27.716301750,1,1
27.716344356,1,0
27.716388936,1,1
27.769385620,0,1
27.769397420,0,0
27.769440016,0,1
27.769481622,0,0
27.769522746,0,1
27.769545980,1,1
27.769565336,1,0
27.769606456,1,1
27.769649050,1,0
27.769690168,1,1
27.769711606,0,1
27.769731778,0,0
27.769772908,0,1
27.769796142,1,1
27.769815500,1,0
27.769856610,1,1
27.769899198,1,0
27.769940312,1,1
27.769961748,0,1
27.769981912,0,0
27.770023020,0,1
27.770064624,0,0
27.770108216,0,1
27.770131450,1,1
27.770150806,1,0
27.770188972,1,1
27.770231564,1,0
27.770276130,1,1
27.797558766,0,1
27.797570566,0,0
27.797613158,0,1
27.797654762,0,0
27.797695884,0,1
27.797737486,0,0
27.797778606,0,1
27.797820212,0,0
27.797861328,0,1
27.797902930,0,0
27.797944052,0,1
27.797967284,1,1
27.797986638,1,0
27.798027750,1,1
27.798070340,1,0
27.798111454,1,1
27.798154050,1,0
27.798195168,1,1
27.798237762,1,0
27.798281342,1,1
27.798323948,1,0
27.798362130,1,1
27.798404748,1,0
27.798449334,1,1
27.802077876,0,1
27.802089676,0,0
27.802132274,0,1
27.802173870,0,0
27.802214980,0,1
27.802238212,1,1
27.802257574,1,0
27.802298704,1,1
27.802341292,1,0
27.802382408,1,1
27.802403848,0,1
27.802424018,0,0
27.802465138,0,1
27.802488368,1,1
27.802507722,1,0
27.802548840,1,1
27.802591432,1,0
27.802632548,1,1
27.802653988,0,1
27.802674162,0,0
27.802715290,0,1
27.802756900,0,0
27.802800490,0,1
27.802823726,1,1
27.802843084,1,0
27.802881246,1,1
27.802923838,1,0
27.802968402,1,1
27.817482078,0,1
27.817493878,0,0
27.817536472,0,1
27.817578076,0,0
27.817619198,0,1
27.817660800,0,0
27.817701916,0,1
27.817743524,0,0
27.817784648,0,1
27.817826252,0,0
27.817867372,0,1
27.817890606,1,1
27.817909960,1,0
27.817951076,1,1
27.817993668,1,0
27.818034782,1,1
27.818077372,1,0
27.818118488,1,1
27.818161078,1,0
27.818204654,1,1
27.818247242,1,0
27.818285390,1,1
27.818327970,1,0
27.818372534,1,1
27.821997928,0,1
27.822009728,0,0
27.822052322,0,1
27.822075554,1,1
27.822094908,1,0
27.822136022,1,1
27.822157460,0,1
27.822177630,0,0
27.822218746,0,1
27.822241980,1,1
27.822261334,1,0
27.822302446,1,1
27.822345038,1,0
27.822386150,1,1
27.822428740,1,0
27.822469854,1,1
27.822512442,1,0
27.822553554,1,1
27.822574990,0,1
27.822595162,0,0
27.822636280,0,1
27.822677884,0,0
27.822721466,0,1
27.822763074,0,0
27.822801238,0,1
27.822824470,1,1
27.822843826,1,0
27.822888388,1,1
27.854749800,0,1
27.854761600,0,0
27.854804190,0,1
27.854827420,1,1
27.854846772,1,0
27.854887880,1,1
27.854909314,0,1
27.854929480,0,0
27.854970594,0,1
27.854993822,1,1
27.855013178,1,0
27.855054290,1,1
27.855075726,0,1
27.855095896,0,0
27.855137012,0,1
27.855160242,1,1
27.855179594,1,0
27.855220706,1,1
27.855263292,1,0
27.855304402,1,1
27.855325834,0,1
27.855346002,0,0
27.855387116,0,1
27.855428718,0,0
27.855472292,0,1
27.855495522,1,1
27.855514876,1,0
27.855553030,1,1
27.855595614,1,0
27.855640166,1,1
27.863651922,0,1
27.863663722,0,0
27.863706312,0,1
27.863747916,0,0
27.863789036,0,1
27.863830638,0,0
27.863871754,0,1
27.863894986,1,1
27.863914342,1,0
27.863955454,1,1
27.863998044,1,0
27.864039156,1,1
27.864060594,0,1
27.864080764,0,0
27.864121880,0,1
27.864145114,1,1
27.864164466,1,0
27.864205576,1,1
27.864227012,0,1
27.864247180,0,0
27.864288298,0,1
27.864329902,0,0
27.864373478,0,1
27.864415084,0,0
27.864453246,0,1
27.864476474,1,1
27.864495830,1,0
27.864540386,1,1
27.878661646,1,0
27.878917696,0,0
27.879682088,0,1
27.880676690,0,0
27.880678350,1,0
27.880717808,1,1
27.880759418,1,0
27.880761220,0,0
27.880800546,0,1
27.880843142,0,0
27.880844506,1,0
27.880884260,1,1
27.880925870,1,0
27.880966988,1,1
27.881008590,1,0
27.881010520,0,0
27.881049714,0,1
27.881092308,0,0
27.881093758,1,0
27.881133424,1,1
27.881175030,1,0
27.881216146,1,1
27.881257752,1,0
27.881298868,1,1
27.881341950,1,0
27.881383060,1,1
27.881425648,1,0
27.881466762,1,1
27.881500012,0,1
27.881513290,0,0
27.881554416,0,1
27.881577660,1,1
27.881849210,0,1
27.881861012,0,0
27.881903608,0,1
27.881945212,0,0
27.881986332,0,1
27.882009564,1,1
27.882028918,1,0
27.882070032,1,1
27.882091472,0,1
27.882111644,0,0
27.882152762,0,1
27.882175996,1,1
27.882195348,1,0
27.882236464,1,1
27.882279054,1,0
27.882320158,1,1
27.882362750,1,0
27.882403864,1,1
27.882446450,1,0
27.882487562,1,1
27.882530148,1,0
27.882573722,1,1
27.882616310,1,0
27.882654470,1,1
27.882697054,1,0
27.882741612,1,1
27.882797960,1,0
27.883053992,0,0
27.883817662,0,1
27.883863834,0,0
27.883904964,0,1
27.883947562,0,0
27.883988694,0,1
27.884031288,0,0
27.884032622,1,0
27.884072408,1,1
27.884114018,1,0
27.884115208,0,0
27.884155144,0,1
27.884197742,0,0
27.884238874,0,1
27.884281464,0,0
27.884322592,0,1
27.884365186,0,0
27.884406312,0,1
27.884448906,0,0
27.884490036,0,1
27.884534106,0,0
27.884575234,0,1
27.884614382,0,0
27.884616646,1,0
27.884655498,1,1
27.884688752,0,1
27.884702032,0,0
27.884743166,0,1
27.884766398,1,1
27.885104978,0,1
27.885116794,0,0
27.885159454,0,1
27.885201118,0,0
27.885242304,0,1
27.885265572,1,1
27.885284956,1,0
27.885326136,1,1
27.885347608,0,1
27.885367812,0,0
27.885409000,0,1
27.885432266,1,1
27.885451650,1,0
27.885492830,1,1
27.885535490,1,0
27.885576672,1,1
27.885619330,1,0
27.885660518,1,1
27.885703176,1,0
27.885744358,1,1
27.885787024,1,0
27.885830674,1,1
27.885873330,1,0
27.885911554,1,1
27.885954210,1,0
27.885998838,1,1
27.903400418,0,1
27.903412240,0,0
27.903454914,0,1
27.903496596,0,0
27.903537790,0,1
27.903579470,0,0
27.903620668,0,1
27.903662346,0,0
27.903703544,0,1
27.903745226,0,0
27.903786426,0,1
27.903809702,1,1
27.903829092,1,0
27.903870288,1,1
27.903912952,1,0
27.903954140,1,1
27.903996802,1,0
27.904037992,1,1
27.904080656,1,0
27.904124320,1,1
27.904166988,1,0
27.904205220,1,1
27.904247892,1,0
27.904292536,1,1
27.907928534,0,1
27.907940356,0,0
27.907983030,0,1
27.908024710,0,0
27.908065910,0,1
27.908107594,0,0
27.908148798,0,1
27.908172078,1,1
27.908191472,1,0
27.908232672,1,1
27.908275340,1,0
27.908316536,1,1
27.908338014,0,1
27.908358224,0,0
27.908399422,0,1
27.908422698,1,1
27.908442088,1,0
27.908483280,1,1
27.908504756,0,1
27.908524964,0,0
27.908566166,0,1
27.908607846,0,0
27.908651512,0,1
27.908693196,0,0
27.908731436,0,1
27.908754716,1,1
27.908774106,1,0
27.908818756,1,1
27.926438780,0,1
27.926450602,0,0
27.926493278,0,1
27.926534960,0,0
27.926576160,0,1
27.926617838,0,0
27.926659038,0,1
27.926700722,0,0
27.926741920,0,1
27.926783604,0,0
27.926824808,0,1
27.926848080,1,1
27.926867470,1,0
27.926908664,1,1
27.926951336,1,0
27.926992532,1,1
27.927035200,1,0
27.927076396,1,1
27.927119052,1,0
27.927162706,1,1
27.927205384,1,0
27.927243628,1,1
27.927286294,1,0
27.927330940,1,1
27.930966170,0,1
27.930977992,0,0
27.931020668,0,1
27.931043942,1,1
27.931063328,1,0
27.931104520,1,1
27.931125998,0,1
27.931146206,0,0
27.931187402,0,1
27.931210678,1,1
27.931230066,1,0
27.931271260,1,1
27.931292736,0,1
27.931312946,0,0
27.931354142,0,1
27.931377418,1,1
27.931396808,1,0
27.931438002,1,1
27.931480670,1,0
27.931521868,1,1
27.931543344,0,1
27.931563552,0,0
27.931604746,0,1
27.931646428,0,0
27.931690096,0,1
27.931713368,1,1
27.931732758,1,0
27.931770996,1,1
27.931813668,1,0
27.931858314,1,1
28.061195992,1,0
28.061450818,0,0
28.062215212,0,1
28.063788926,0,0
28.063790446,1,0
28.063830122,1,1
28.063871808,1,0
28.063872900,0,0
28.063913020,0,1
28.063955692,0,0
28.063957760,1,0
28.063996888,1,1
28.064038578,1,0
28.064079768,1,1
28.064121440,1,0
28.064123116,0,0
28.064162650,0,1
28.064205338,0,0
28.064207440,1,0
28.064246554,1,1
28.064288248,1,0
28.064329450,1,1
28.064371134,1,0
28.064412334,1,1
28.064455500,1,0
28.064496696,1,1
28.064539366,1,0
28.064580564,1,1
28.064613878,0,1
28.064627182,0,0
28.064668394,0,1
28.064691678,1,1
28.064963672,0,1
28.064975496,0,0
28.065018178,0,1
28.065059864,0,0
28.065101072,0,1
28.065124352,1,1
28.065143742,1,0
28.065184946,1,1
28.065206424,0,1
28.065226638,0,0
28.065267846,0,1
28.065291126,1,1
28.065310518,1,0
28.065351722,1,1
28.065394400,1,0
28.065435600,1,1
28.065478276,1,0
28.065519476,1,1
28.065562144,1,0
28.065603342,1,1
28.065646012,1,0
28.065689672,1,1
28.065732344,1,0
28.065770588,1,1
28.065813262,1,0
28.065857916,1,1
28.065922130,1,0
28.066177424,0,0
28.066945288,0,1
28.066986400,0,0
28.067027620,0,1
28.067070300,0,0
28.067111512,0,1
28.067154186,0,0
28.067195394,0,1
28.067238066,0,0
28.067279274,0,1
28.067321950,0,0
28.067363168,0,1
28.067405846,0,0
28.067447066,0,1
28.067489744,0,0
28.067530960,0,1
28.067573638,0,0
28.067614850,0,1
28.067659006,0,0
28.067660824,1,0
28.067700212,1,1
28.067742884,1,0
28.067784084,1,1
28.067817402,0,1
28.067830708,0,0
28.067871926,0,1
28.067895204,1,1
28.068238572,0,1
28.068250378,0,0
28.068292994,0,1
28.068334618,0,0
28.068375756,0,1
28.068398998,1,1
28.068418356,1,0
28.068459480,1,1
28.068480926,0,1
28.068501102,0,0
28.068542238,0,1
28.068565478,1,1
28.068584838,1,0
28.068625974,1,1
28.068668580,1,0
28.068709712,1,1
28.068752318,1,0
28.068793454,1,1
28.068836058,1,0
28.068877192,1,1
28.068919794,1,0
28.068963386,1,1
28.069005992,1,0
28.069044166,1,1
28.069086768,1,0
28.069131344,1,1
28.245181682,1,0
28.245436436,0,0
28.246200602,0,1
28.246605862,0,0
28.246607752,1,0
28.246646978,1,1
28.246688578,1,0
28.246689616,0,0
28.246729698,0,1
28.246772290,0,0
28.246773894,1,0
28.246813406,1,1
28.246855008,1,0
28.246896118,1,1
28.246937716,1,0
28.246938890,0,0
28.246978830,0,1
28.247021414,0,0
28.247023164,1,0
28.247062520,1,1
28.247104120,1,0
28.247145228,1,1
28.247186826,1,0
28.247227932,1,1
28.247271008,1,0
28.247312114,1,1
28.247354694,1,0
28.247395796,1,1
28.247429048,0,1
28.247442328,0,0
28.247483456,0,1
28.247506686,1,1
28.247778096,0,1
28.247789894,0,0
28.247832488,0,1
28.247874086,0,0
28.247915200,0,1
28.247938428,1,1
28.247957782,1,0
28.247998890,1,1
28.248020322,0,1
28.248040490,0,0
28.248081602,0,1
28.248104832,1,1
28.248124186,1,0
28.248165298,1,1
28.248207886,1,0
28.248248994,1,1
28.248291586,1,0
28.248332710,1,1
28.248375302,1,0
28.248416416,1,1
28.248459004,1,0
28.248502578,1,1
28.248545164,1,0
28.248583322,1,1
28.248625910,1,0
28.248670466,1,1
28.248726390,1,0
28.248982436,0,0
28.249746520,0,1
28.249792618,0,0
28.249833764,0,1
28.249876378,0,0
28.249917518,0,1
28.249960112,0,0
28.249961506,1,0
28.250001226,1,1
28.250042830,1,0
28.250043938,0,0
28.250083950,0,1
28.250126532,0,0
28.250167658,0,1
28.250210246,0,0
28.250251366,0,1
28.250293956,0,0
28.250335076,0,1
28.250377664,0,0
28.250418786,0,1
28.250462852,0,0
28.250503974,0,1
28.250543112,0,0
28.250545112,1,0
28.250584220,1,1
28.250617470,0,1
28.250630748,0,0
28.250671874,0,1
28.250695110,1,1
28.251033686,0,1
28.251045502,0,0
28.251088160,0,1
28.251129826,0,0
28.251171008,0,1
28.251194278,1,1
28.251213664,1,0
28.251254846,1,1
28.251276318,0,1
28.251296520,0,0
28.251337710,0,1
28.251360976,1,1
28.251380362,1,0
28.251421546,1,1
28.251464204,1,0
28.251505390,1,1
28.251548048,1,0
28.251589238,1,1
28.251631896,1,0
28.251673078,1,1
28.251715736,1,0
28.251759386,1,1
28.251802046,1,0
28.251840270,1,1
28.251882936,1,0
28.251927576,1,1
28.396858578,1,0
28.397114622,0,0
28.397878442,0,1
28.398598918,0,0
28.398600798,1,0
28.398640134,1,1
28.398681834,1,0
28.398683698,0,0
28.398723040,0,1
28.398765710,0,0
28.398767988,1,0
28.398806912,1,1
28.398848598,1,0
28.398889794,1,1
28.398931476,1,0
28.398933030,0,0
28.398972682,0,1
28.399015350,0,0
28.399017336,1,0
28.399056546,1,1
28.399098228,1,0
28.399139428,1,1
28.399181130,1,0
28.399222338,1,1
28.399265498,1,0
28.399306698,1,1
28.399349362,1,0
28.399390544,1,1
28.399423846,0,1
28.399437146,0,0
28.399478342,0,1
28.399501612,1,1
28.399773588,0,1
28.399785414,0,0
28.399828108,0,1
28.399869796,0,0
28.399911000,0,1
28.399934282,1,1
28.399953674,1,0
28.399994878,1,1
28.400016358,0,1
28.400036570,0,0
28.400077780,0,1
28.400101062,1,1
28.400120454,1,0
28.400161652,1,1
28.400204326,1,0
28.400245526,1,1
28.400288202,1,0
28.400329398,1,1
28.400372070,1,0
28.400413270,1,1
28.400455944,1,0
28.400499598,1,1
28.400542258,1,0
28.400580490,1,1
28.400623158,1,0
28.400667806,1,1
28.400724076,1,0
28.400980202,0,0
28.401744458,0,1
28.401792140,0,0
28.401833360,0,1
28.401876032,0,0
28.401917232,0,1
28.401959896,0,0
28.402001094,0,1
28.402043750,0,0
28.402084954,0,1
28.402127622,0,0
28.402168834,0,1
28.402211494,0,0
28.402252692,0,1
28.402295364,0,0
28.402336576,0,1
28.402379252,0,0
28.402420462,0,1
28.402464620,0,0
28.402466062,1,0
28.402505824,1,1
28.402548494,1,0
28.402589694,1,1
28.402623014,0,1
28.402636322,0,0
28.402677534,0,1
28.402700814,1,1
28.403044172,0,1
28.403055976,0,0
28.403098588,0,1
28.403140212,0,0
28.403181348,0,1
28.403204588,1,1
28.403223950,1,0
28.403265082,1,1
28.403286526,0,1
28.403306704,0,0
28.403347840,0,1
28.403371082,1,1
28.403390442,1,0
28.403431572,1,1
28.403474172,1,0
28.403515300,1,1
28.403557902,1,0
28.403599028,1,1
28.403641630,1,0
28.403682758,1,1
28.403725360,1,0
28.403768952,1,1
28.403811550,1,0
28.403849716,1,1
28.403892312,1,0
28.403936880,1,1
28.540846476,1,0
28.541102468,0,0
28.541865980,0,1
28.543002930,0,0
28.543005158,1,0
28.543044046,1,1
28.543085656,1,0
28.543087030,0,0
28.543126782,0,1
28.543169370,0,0
28.543170862,1,0
28.543210484,1,1
28.543252094,1,0
28.543293206,1,1
28.543334810,1,0
28.543335992,0,0
28.543375934,0,1
28.543418522,0,0
28.543420814,1,0
28.543459642,1,1
28.543501252,1,0
28.543542354,1,1
28.543583948,1,0
28.543625068,1,1
28.543668158,1,0
28.543709282,1,1
28.543751876,1,0
28.543792994,1,1
28.543826246,0,1
28.543839526,0,0
28.543880660,0,1
28.543903902,1,1
28.544175340,0,1
28.544187138,0,0
28.544229724,0,1
28.544271328,0,0
28.544312446,0,1
28.544335674,1,1
28.544355030,1,0
28.544396148,1,1
28.544417588,0,1
28.544437762,0,0
28.544478882,0,1
28.544502114,1,1
28.544521466,1,0
28.544562582,1,1
28.544605168,1,0
28.544646276,1,1
28.544688866,1,0
28.544729972,1,1
28.544772562,1,0
28.544813678,1,1
28.544856268,1,0
28.544899842,1,1
28.544942428,1,0
28.544980582,1,1
28.545023162,1,0
28.545067714,1,1
28.545126558,1,0
28.545381276,0,0
28.546145094,0,1
28.546187458,0,0
28.546228584,0,1
28.546271180,0,0
28.546312310,0,1
28.546354900,0,0
28.546357182,1,0
28.546396018,1,1
28.546437620,1,0
28.546439050,0,0
28.546478740,0,1
28.546521328,0,0
28.546562448,0,1
28.546605038,0,0
28.546646162,0,1
28.546688752,0,0
28.546729874,0,1
28.546772470,0,0
28.546813598,0,1
28.546857666,0,0
28.546898790,0,1
28.546937934,0,0
28.546939486,1,0
28.546979046,1,1
28.547012300,0,1
28.547025580,0,0
28.547066706,0,1
28.547089936,1,1
28.547428520,0,1
28.547440338,0,0
28.547482998,0,1
28.547524664,0,0
28.547565856,0,1
28.547589122,1,1
28.547608508,1,0
28.547649692,1,1
28.547671166,0,1
28.547691372,0,0
28.547732564,0,1
28.547755834,1,1
28.547775222,1,0
28.547816414,1,1
28.547859074,1,0
28.547900254,1,1
28.547942914,1,0
28.547984100,1,1
28.548026754,1,0
28.548067936,1,1
28.548110596,1,0
28.548154250,1,1
28.548196916,1,0
28.548235142,1,1
28.548277810,1,0
28.548322456,1,1
28.677187476,1,0
28.677442286,0,0
28.678206688,0,1
28.678493564,0,0
28.678494878,1,0
28.678534768,1,1
28.678576454,1,0
28.678577768,0,0
28.678617668,0,1
28.678660344,0,0
28.678662076,1,0
28.678701546,1,1
28.678743234,1,0
28.678784440,1,1
28.678826122,1,0
28.678828120,0,0
28.678867332,0,1
28.678910008,0,0
28.678911434,1,0
28.678951210,1,1
28.678992894,1,0
28.679034098,1,1
28.679075782,1,0
28.679116982,1,1
28.679160148,1,0
28.679201346,1,1
28.679244018,1,0
28.679285220,1,1
28.679318538,0,1
28.679331844,0,0
28.679373064,0,1
28.679396348,1,1
28.679668340,0,1
28.679680164,0,0
28.679722850,0,1
28.679764538,0,0
28.679805752,0,1
28.679829036,1,1
28.679848428,1,0
28.679889632,1,1
28.679911112,0,1
28.679931326,0,0
28.679972536,0,1
28.679995816,1,1
28.680015206,1,0
28.680056412,1,1
28.680099096,1,0
28.680140302,1,1
28.680182982,1,0
28.680224188,1,1
28.680266864,1,0
28.680308064,1,1
28.680350744,1,0
28.680394410,1,1
28.680437082,1,0
28.680475320,1,1
28.680517996,1,0
28.680562650,1,1
28.680621036,1,0
28.680877190,0,0
28.681641972,0,1
28.681684800,0,0
28.681726018,0,1
28.681768704,0,0
28.681809924,0,1
28.681852600,0,0
28.681893814,0,1
28.681936492,0,0
28.681977708,0,1
28.682020386,0,0
28.682061606,0,1
28.682104286,0,0
28.682145502,0,1
28.682188182,0,0
28.682229400,0,1
28.682272080,0,0
28.682313300,0,1
28.682357464,0,0
28.682359036,1,0
28.682398676,1,1
28.682441356,1,0
28.682482562,1,1
28.682515882,0,1
28.682529190,0,0
28.682570412,0,1
28.682593694,1,1
28.682937074,0,1
28.682948882,0,0
28.682991504,0,1
28.683033126,0,0
28.683074268,0,1
28.683097512,1,1
28.683116876,1,0
28.683158010,1,1
28.683179456,0,1
28.683199636,0,0
28.683240776,0,1
28.683264016,1,1
28.683283376,1,0
28.683324504,1,1
28.683367114,1,0
28.683408246,1,1
28.683450852,1,0
28.683491988,1,1
28.683534598,1,0
28.683575734,1,1
28.683618342,1,0
28.683661934,1,1
28.683704538,1,0
28.683742712,1,1
28.683785320,1,0
28.683829896,1,1
28.813179818,1,0
28.813434526,0,0
28.814198600,0,1
28.814309794,0,0
28.814311646,1,0
28.814350910,1,1
28.814392516,1,0
28.814394508,0,0
28.814433640,0,1
28.814476224,0,0
28.814477776,1,0
28.814517336,1,1
28.814558942,1,0
28.814600054,1,1
28.814641658,1,0
28.814642770,0,0
28.814682784,0,1
28.814725372,0,0
28.814727060,1,0
28.814766490,1,1
28.814808094,1,0
28.814849206,1,1
28.814890808,1,0
28.814931922,1,1
28.814975004,1,0
28.815016112,1,1
28.815058698,1,0
28.815099812,1,1
28.815133066,0,1
28.815146344,0,0
28.815187478,0,1
28.815210714,1,1
28.815482158,0,1
28.815493958,0,0
28.815536552,0,1
28.815578160,0,0
28.815619282,0,1
28.815642514,1,1
28.815661866,1,0
28.815702982,1,1
28.815724420,0,1
28.815744590,0,0
28.815785712,0,1
28.815808944,1,1
28.815828298,1,0
28.815869418,1,1
28.815912010,1,0
28.815953122,1,1
28.815995712,1,0
28.816036822,1,1
28.816079408,1,0
28.816120526,1,1
28.816163114,1,0
28.816206684,1,1
28.816249270,1,0
28.816287428,1,1
28.816330014,1,0
28.816374570,1,1
28.816436206,1,0
28.816692258,0,0
28.817457886,0,1
28.817503226,0,0
28.817544356,0,1
28.817586956,0,0
28.817628084,0,1
28.817670680,0,0
28.817672830,1,0
28.817711798,1,1
28.817753400,1,0
28.817755248,0,0
28.817794524,0,1
28.817837112,0,0
28.817878240,0,1
28.817920832,0,0
28.817961960,0,1
28.818004552,0,0
28.818045676,0,1
28.818088270,0,0
28.818129400,0,1
28.818173468,0,0
28.818214596,0,1
28.818253746,0,0
28.818255892,1,0
28.818294864,1,1
28.818328120,0,1
28.818341402,0,0
28.818382530,0,1
28.818405762,1,1
28.818744344,0,1
28.818756164,0,0
28.818798826,0,1
28.818840496,0,0
28.818881684,0,1
28.818904954,1,1
28.818924340,1,0
28.818965520,1,1
28.818986994,0,1
28.819007200,0,0
28.819048390,0,1
28.819071662,1,1
28.819091046,1,0
28.819132236,1,1
28.819174898,1,0
28.819216084,1,1
28.819258748,1,0
28.819299936,1,1
28.819342596,1,0
28.819383782,1,1
28.819426444,1,0
28.819470094,1,1
28.819512756,1,0
28.819550982,1,1
28.819593640,1,0
28.819638278,1,1
28.949195178,1,0
28.949449968,0,0
28.950214320,0,1
28.950325794,0,0
28.950327380,1,0
28.950366998,1,1
28.950408674,1,0
28.950410244,0,0
28.950449872,0,1
28.950492554,0,0
28.950494546,1,0
28.950533772,1,1
28.950575476,1,0
28.950616684,1,1
28.950658366,1,0
28.950659596,0,0
28.950699578,0,1
28.950742256,0,0
28.950743892,1,0
28.950783464,1,1
28.950825152,1,0
28.950866352,1,1
28.950908038,1,0
28.950949230,1,1
28.950992398,1,0
28.951033598,1,1
28.951076266,1,0
28.951117462,1,1
28.951150780,0,1
28.951164086,0,0
28.951205300,0,1
28.951228588,1,1
28.951500594,0,1
28.951512418,0,0
28.951555102,0,1
28.951596786,0,0
28.951637994,0,1
28.951661276,1,1
28.951680668,1,0
28.951721870,1,1
28.951743352,0,1
28.951763568,0,0
28.951804780,0,1
28.951828064,1,1
28.951847456,1,0
28.951888662,1,1
28.951931338,1,0
28.951972536,1,1
28.952015210,1,0
28.952056414,1,1
28.952099090,1,0
28.952140290,1,1
28.952182966,1,0
28.952226630,1,1
28.952269300,1,0
28.952307540,1,1
28.952350212,1,0
28.952394864,1,1
28.952452522,1,0
28.952708644,0,0
28.953474364,0,1
28.953516960,0,0
28.953558174,0,1
28.953600848,0,0
28.953642064,0,1
28.953684736,0,0
28.953725946,0,1
28.953768622,0,0
28.953809834,0,1
28.953852514,0,0
28.953893732,0,1
28.953936410,0,0
28.953977622,0,1
28.954020302,0,0
28.954061518,0,1
28.954104196,0,0
28.954145414,0,1
28.954189572,0,0
28.954191632,1,0
28.954230776,1,1
28.954273456,1,0
28.954314658,1,1
28.954347972,0,1
28.954361276,0,0
28.954402492,0,1
28.954425772,1,1
28.954769116,0,1
28.954780924,0,0
28.954823540,0,1
28.954865158,0,0
28.954906296,0,1
28.954929538,1,1
28.954948898,1,0
28.954990028,1,1
28.955011476,0,1
28.955031654,0,0
28.955072792,0,1
28.955096034,1,1
28.955115392,1,0
28.955156520,1,1
28.955199130,1,0
28.955240264,1,1
28.955282866,1,0
28.955323996,1,1
28.955366598,1,0
28.955407726,1,1
28.955450330,1,0
28.955493924,1,1
28.955536528,1,0
28.955574704,1,1
28.955617308,1,0
28.955661884,1,1
29.076843224,1,0
29.077099140,0,0
29.077862532,0,1
29.078001204,0,0
29.078002824,1,0
29.078042326,1,1
29.078083934,1,0
29.078085246,0,0
29.078125066,0,1
29.078167660,0,0
29.078169526,1,0
29.078208778,1,1
29.078250386,1,0
29.078291504,1,1
29.078333108,1,0
29.078334502,0,0
29.078374230,0,1
29.078416822,0,0
29.078418756,1,0
29.078457938,1,1
29.078499544,1,0
29.078540658,1,1
29.078582264,1,0
29.078623376,1,1
29.078666460,1,0
29.078707572,1,1
29.078750162,1,0
29.078791280,1,1
29.078824534,0,1
29.078837812,0,0
29.078878942,0,1
29.078902180,1,1
29.079173640,0,1
29.079185440,0,0
29.079228034,0,1
29.079269636,0,0
29.079310748,0,1
29.079333968,1,1
29.079353320,1,0
29.079394432,1,1
29.079415874,0,1
29.079436050,0,0
29.079477186,0,1
29.079500420,1,1
29.079519774,1,0
29.079560892,1,1
29.079603482,1,0
29.079644596,1,1
29.079687186,1,0
29.079728300,1,1
29.079770890,1,0
29.079812006,1,1
29.079854596,1,0
29.079898172,1,1
29.079940762,1,0
29.079978922,1,1
29.080021508,1,0
29.080066062,1,1
29.080130768,1,0
29.080386796,0,0
29.081154540,0,1
29.081201126,0,0
29.081242256,0,1
29.081284854,0,0
29.081325980,0,1
29.081368576,0,0
29.081370720,1,0
29.081409702,1,1
29.081451314,1,0
29.081453010,0,0
29.081492440,0,1
29.081535032,0,0
29.081576158,0,1
29.081618750,0,0
29.081659878,0,1
29.081702474,0,0
29.081743600,0,1
29.081786204,0,0
29.081827336,0,1
29.081871410,0,0
29.081912540,0,1
29.081951688,0,0
29.081953964,1,0
29.081992804,1,1
29.082026058,0,1
29.082039338,0,0
29.082080472,0,1
29.082103706,1,1
29.082442292,0,1
29.082454110,0,0
29.082496770,0,1
29.082538438,0,0
29.082579628,0,1
29.082602898,1,1
29.082622286,1,0
29.082663472,1,1
29.082684942,0,1
29.082705146,0,0
29.082746340,0,1
29.082769612,1,1
29.082788998,1,0
29.082830188,1,1
29.082872852,1,0
29.082914038,1,1
29.082956698,1,0
29.082997886,1,1
29.083040546,1,0
29.083081734,1,1
29.083124394,1,0
29.083168046,1,1
29.083210708,1,0
29.083248936,1,1
29.083291598,1,0
29.083336236,1,1
29.101293270,0,1
29.101305092,0,0
29.101347772,0,1
29.101389452,0,0
29.101430652,0,1
29.101472336,0,0
29.101513534,0,1
29.101555214,0,0
29.101596414,0,1
29.101638096,0,0
29.101679292,0,1
29.101720976,0,0
29.101762174,0,1
29.101803856,0,0
29.101845060,0,1
29.101886740,0,0
29.101927938,0,1
29.101969616,0,0
29.102013282,0,1
29.102036556,1,1
29.102055944,1,0
29.102094176,1,1
29.102136844,1,0
29.102181488,1,1
29.212933414,1,0
29.213189074,0,0
29.213952922,0,1
29.214328500,0,0
29.214330552,1,0
29.214369704,1,1
29.214411396,1,0
29.214412448,0,0
29.214452610,0,1
29.214495282,0,0
29.214496756,1,0
29.214536486,1,1
29.214578176,1,0
29.214619382,1,1
29.214661068,1,0
29.214662820,0,0
29.214702282,0,1
29.214744958,0,0
29.214747122,1,0
29.214786166,1,1
29.214827860,1,0
29.214869066,1,1
29.214910750,1,0
29.214951950,1,1
29.214995116,1,0
29.215036320,1,1
29.215078996,1,0
29.215120202,1,1
29.215153520,0,1
29.215166824,0,0
29.215208038,0,1
29.215231324,1,1
29.215503342,0,1
29.215515166,0,0
29.215557854,0,1
29.215599540,0,0
29.215640752,0,1
29.215664032,1,1
29.215683424,1,0
29.215724628,1,1
29.215746108,0,1
29.215766326,0,0
29.215807538,0,1
29.215830820,1,1
29.215850212,1,0
29.215891422,1,1
29.215934100,1,0
29.215975298,1,1
29.216017972,1,0
29.216059176,1,1
29.216101852,1,0
29.216143054,1,1
29.216185714,1,0
29.216229362,1,1
29.216272022,1,0
29.216310248,1,1
29.216352902,1,0
29.216397534,1,1
29.216463018,1,0
29.216719126,0,0
29.217484698,0,1
29.217525606,0,0
29.217566810,0,1
29.217609474,0,0
29.217650672,0,1
29.217693330,0,0
29.217734528,0,1
29.217777188,0,0
29.217818382,0,1
29.217861046,0,0
29.217902246,0,1
29.217944904,0,0
29.217986100,0,1
29.218028764,0,0
29.218069958,0,1
29.218112618,0,0
29.218153818,0,1
29.218197952,0,0
29.218199936,1,0
29.218239136,1,1
29.218281792,1,0
29.218322974,1,1
29.218356276,0,1
29.218369580,0,0
29.218410794,0,1
29.218434084,1,1
29.218777430,0,1
29.218789236,0,0
29.218831838,0,1
29.218873442,0,0
29.218914560,0,1
29.218937790,1,1
29.218957142,1,0
29.218998262,1,1
29.219019706,0,1
29.219039886,0,0
29.219081022,0,1
29.219104260,1,1
29.219123624,1,0
29.219164758,1,1
29.219207366,1,0
29.219248498,1,1
29.219291100,1,0
29.219332232,1,1
29.219374830,1,0
29.219415954,1,1
29.219458540,1,0
29.219502118,1,1
29.219544716,1,0
29.219582886,1,1
29.219625480,1,0
29.219670040,1,1
29.356840738,1,0
29.357096768,0,0
29.357860300,0,1
29.358730456,0,0
29.358732334,1,0
29.358771582,1,1
29.358813192,1,0
29.358815202,0,0
29.358854316,0,1
29.358896908,0,0
29.358898476,1,0
29.358938024,1,1
29.358979628,1,0
29.359020746,1,1
29.359062356,1,0
29.359063480,0,0
29.359103480,0,1
29.359146074,0,0
29.359147440,1,0
29.359187196,1,1
29.359228802,1,0
29.359269918,1,1
29.359311524,1,0
29.359352638,1,1
29.359395724,1,0
29.359436840,1,1
29.359479432,1,0
29.359520550,1,1
29.359553802,0,1
29.359567084,0,0
29.359608214,0,1
29.359631446,1,1
29.359902904,0,1
29.359914704,0,0
29.359957302,0,1
29.359998906,0,0
29.360040024,0,1
29.360063258,1,1
29.360082616,1,0
29.360123732,1,1
29.360145172,0,1
29.360165342,0,0
29.360206466,0,1
29.360229700,1,1
29.360249054,1,0
29.360290172,1,1
29.360332768,1,0
29.360373882,1,1
29.360416474,1,0
29.360457594,1,1
29.360500184,1,0
29.360541300,1,1
29.360583896,1,0
29.360627472,1,1
29.360670066,1,0
29.360708226,1,1
29.360750820,1,0
29.360795382,1,1
29.360849006,1,0
29.361104974,0,0
29.361868530,0,1
29.361908878,0,0
29.361950016,0,1
29.361992614,0,0
29.362033750,0,1
29.362076346,0,0
29.362078518,1,0
29.362117468,1,1
29.362159078,1,0
29.362160344,0,0
29.362200208,0,1
29.362242798,0,0
29.362283930,0,1
29.362326528,0,0
29.362367658,0,1
29.362410254,0,0
29.362451390,0,1
29.362493986,0,0
29.362535116,0,1
29.362579192,0,0
29.362620320,0,1
29.362659464,0,0
29.362661758,1,0
29.362700582,1,1
29.362733838,0,1
29.362747118,0,0
29.362788246,0,1
29.362811482,1,1
29.363150094,0,1
29.363161910,0,0
29.363204574,0,1
29.363246248,0,0
29.363287442,0,1
29.363310714,1,1
29.363330102,1,0
29.363371292,1,1
29.363392764,0,1
29.363412970,0,0
29.363454162,0,1
29.363477434,1,1
29.363496822,1,0
29.363538010,1,1
29.363580672,1,0
29.363621862,1,1
29.363664522,1,0
29.363705706,1,1
29.363748372,1,0
29.363789562,1,1
29.363832220,1,0
29.363875874,1,1
29.363918534,1,0
29.363956758,1,1
29.363999418,1,0
29.364044054,1,1
29.407228994,0,1
29.407240818,0,0
29.407283498,0,1
29.407306776,1,1
29.407326166,1,0
29.407367362,1,1
29.407410038,1,0
29.407451234,1,1
29.407472712,0,1
29.407492926,0,0
29.407534132,0,1
29.407557414,1,1
29.407576806,1,0
29.407618004,1,1
29.407639484,0,1
29.407659694,0,0
29.407700898,0,1
29.407724172,1,1
29.407743564,1,0
29.407784768,1,1
29.407806248,0,1
29.407826460,0,0
29.407867664,0,1
29.407909352,0,0
29.407953028,0,1
29.407976306,1,1
29.407995696,1,0
29.408033940,1,1
29.408076614,1,0
29.408121268,1,1
29.411758036,0,1
29.411769862,0,0
29.411812550,0,1
29.411854236,0,0
29.411895438,0,1
29.411937116,0,0
29.411978320,0,1
29.412001600,1,1
29.412020990,1,0
29.412062186,1,1
29.412083668,0,1
29.412103882,0,0
29.412145092,0,1
29.412168374,1,1
29.412187766,1,0
29.412228974,1,1
29.412271656,1,0
29.412312858,1,1
29.412334340,0,1
29.412354552,0,0
29.412395758,0,1
29.412437444,0,0
29.412481118,0,1
29.412522812,0,0
29.412561058,0,1
29.412584336,1,1
29.412603728,1,0
29.412648386,1,1
29.432559650,0,1
29.432571476,0,0
29.432614160,0,1
29.432655844,0,0
29.432697052,0,1
29.432738738,0,0
29.432779946,0,1
29.432821638,0,0
29.432862848,0,1
29.432904536,0,0
29.432945748,0,1
29.432969030,1,1
29.432988420,1,0
29.433029626,1,1
29.433072302,1,0
29.433113504,1,1
29.433156178,1,0
29.433197378,1,1
29.433240054,1,0
29.433283724,1,1
29.433326400,1,0
29.433364642,1,1
29.433407316,1,0
29.433451972,1,1
29.437088904,0,1
29.437100728,0,0
29.437143416,0,1
29.437185104,0,0
29.437226310,0,1
29.437268000,0,0
29.437309208,0,1
29.437332486,1,1
29.437351880,1,0
29.437393084,1,1
29.437414566,0,1
29.437434780,0,0
29.437475986,0,1
29.437499268,1,1
29.437518660,1,0
29.437559868,1,1
29.437602540,1,0
29.437643746,1,1
29.437665224,0,1
29.437685436,0,0
29.437726638,0,1
29.437768324,0,0
29.437811986,0,1
29.437853660,0,0
29.437891910,0,1
29.437915200,1,1
29.437934596,1,0
29.437979252,1,1
29.455098648,0,1
29.455110474,0,0
29.455153160,0,1
29.455194850,0,0
29.455236064,0,1
29.455277752,0,0
29.455318958,0,1
29.455360646,0,0
29.455401852,0,1
29.455443544,0,0
29.455484754,0,1
29.455508034,1,1
29.455527426,1,0
29.455568628,1,1
29.455611302,1,0
29.455652506,1,1
29.455695178,1,0
29.455736380,1,1
29.455736382,1,0
29.455736386,1,1
29.455779062,1,0
29.455822734,1,1
29.455865412,1,0
29.455903658,1,1
29.455946332,1,0
29.455990988,1,1
29.459626986,0,1
29.459638810,0,0
29.459681500,0,1
29.459704780,1,1
29.459724174,1,0
29.459765380,1,1
29.459808070,1,0
29.459849278,1,1
29.459870758,0,1
29.459890972,0,0
29.459932180,0,1
29.459955464,1,1
29.459974858,1,0
29.460016060,1,1
29.460037542,0,1
29.460057756,0,0
29.460098966,0,1
29.460122252,1,1
29.460141646,1,0
29.460182856,1,1
29.460204340,0,1
29.460224556,0,0
29.460265766,0,1
29.460307454,0,0
29.460351134,0,1
29.460374416,1,1
29.460393808,1,0
29.460432054,1,1
29.460474732,1,0
29.460519390,1,1
29.501399352,1,0
29.501654188,0,0
29.502419696,0,1
29.502574308,0,0
29.502575806,1,0
29.502615508,1,1
29.502657198,1,0
29.502658702,0,0
29.502698412,0,1
29.502741090,0,0
29.502743010,1,0
29.502782302,1,1
29.502823996,1,0
29.502865202,1,1
29.502906894,1,0
29.502908062,0,0
29.502948110,0,1
29.502990786,0,0
29.502992360,1,0
29.503031992,1,1
29.503073686,1,0
29.503114892,1,1
29.503156576,1,0
29.503197780,1,1
29.503240950,1,0
29.503282152,1,1
29.503324822,1,0
29.503366026,1,1
29.503399344,0,1
29.503412650,0,0
29.503453870,0,1
29.503477158,1,1
29.503749178,0,1
29.503761004,0,0
29.503803692,0,1
29.503845382,0,0
29.503886594,0,1
29.503909874,1,1
29.503929268,1,0
29.503970474,1,1
29.503991958,0,1
29.504012172,0,0
29.504053386,0,1
29.504076666,1,1
29.504096058,1,0
29.504137266,1,1
29.504179944,1,0
29.504221148,1,1
29.504263834,1,0
29.504305048,1,1
29.504347724,1,0
29.504388930,1,1
29.504431604,1,0
29.504475268,1,1
29.504517944,1,0
29.504556190,1,1
29.504598866,1,0
29.504643524,1,1
29.504706174,1,0
29.504962322,0,0
29.505726762,0,1
29.505774614,0,0
29.505815834,0,1
29.505858516,0,0
29.505899736,0,1
29.505942420,0,0
29.505983644,0,1
29.506026332,0,0
29.506067558,0,1
29.506110244,0,0
29.506151466,0,1
29.506194152,0,0
29.506235374,0,1
29.506278056,0,0
29.506319272,0,1
29.506361938,0,0
29.506403154,0,1
29.506447318,0,0
29.506449400,1,0
29.506488546,1,1
29.506531236,1,0
29.506572440,1,1
29.506605764,0,1
29.506619072,0,0
29.506660290,0,1
29.506683568,1,1
29.507026956,0,1
29.507038764,0,0
29.507081380,0,1
29.507123006,0,0
29.507164148,0,1
29.507187394,1,1
29.507206758,1,0
29.507247892,1,1
29.507269342,0,1
29.507289522,0,0
29.507330660,0,1
29.507353902,1,1
29.507373262,1,0
29.507414394,1,1
29.507457004,1,0
29.507498132,1,1
29.507540742,1,0
29.507581874,1,1
29.507624478,1,0
29.507665610,1,1
29.507708216,1,0
29.507751810,1,1
29.507794418,1,0
29.507832592,1,1
29.507875190,1,0
29.507919762,1,1
29.571710808,0,1
29.571722608,0,0
29.571765206,0,1
29.571806810,0,0
29.571847928,0,1
29.571889534,0,0
29.571930656,0,1
29.571953884,1,1
29.571973240,1,0
29.572014358,1,1
29.572035796,0,1
29.572055966,0,0
29.572097084,0,1
29.572120318,1,1
29.572139676,1,0
29.572180798,1,1
29.572223392,1,0
29.572264512,1,1
29.572285952,0,1
29.572306124,0,0
29.572347244,0,1
29.572388850,0,0
29.572432434,0,1
29.572474040,0,0
29.572512212,0,1
29.572535446,1,1
29.572554804,1,0
29.572599370,1,1
29.592312242,0,1
29.592324044,0,0
29.592366644,0,1
29.592408250,0,0
29.592449372,0,1
29.592490982,0,0
29.592532106,0,1
29.592573714,0,0
29.592614840,0,1
29.592656450,0,0
29.592697574,0,1
29.592720810,1,1
29.592740166,1,0
29.592781290,1,1
29.592823886,1,0
29.592865008,1,1
29.592907600,1,0
29.592948716,1,1
29.592991314,1,0
29.593034896,1,1
29.593077488,1,0
29.593115648,1,1
29.593158242,1,0
29.593202806,1,1
29.596832530,0,1
29.596844330,0,0
29.596886930,0,1
29.596928538,0,0
29.596969662,0,1
29.597011272,0,0
29.597052402,0,1
29.597075636,1,1
29.597094996,1,0
29.597136116,1,1
29.597157558,0,1
29.597177734,0,0
29.597218858,0,1
29.597242092,1,1
29.597261448,1,0
29.597302570,1,1
29.597345166,1,0
29.597386282,1,1
29.597407722,0,1
29.597427898,0,0
29.597469024,0,1
29.597510634,0,0
29.597554222,0,1
29.597595834,0,0
29.597634004,0,1
29.597657240,1,1
29.597676598,1,0
29.597721166,1,1
29.661312012,1,0
29.661566704,0,0
29.662331456,0,1
29.662540518,0,0
29.662542506,1,0
29.662581644,1,1
29.662623256,1,0
29.662624364,0,0
29.662664384,0,1
29.662706980,0,0
29.662708630,1,0
29.662748098,1,1
29.662789712,1,0
29.662830832,1,1
29.662872440,1,0
29.662873610,0,0
29.662913562,0,1
29.662956154,0,0
29.662957878,1,0
29.662997272,1,1
29.663038882,1,0
29.663080002,1,1
29.663121608,1,0
29.663162722,1,1
29.663205802,1,0
29.663246920,1,1
29.663289512,1,0
29.663330624,1,1
29.663363882,0,1
29.663377164,0,0
29.663418300,0,1
29.663441540,1,1
29.663713006,0,1
29.663724804,0,0
29.663767406,0,1
29.663809014,0,0
29.663850138,0,1
29.663873370,1,1
29.663892728,1,0
29.663933848,1,1
29.663955288,0,1
29.663975458,0,0
29.664016582,0,1
29.664039814,1,1
29.664059170,1,0
29.664100288,1,1
29.664142880,1,0
29.664183996,1,1
29.664226586,1,0
29.664267702,1,1
29.664310296,1,0
29.664351414,1,1
29.664394004,1,0
29.664437584,1,1
29.664480172,1,0
29.664518336,1,1
29.664560926,1,0
29.664605488,1,1
29.664664790,1,0
29.664920784,0,0
29.665685098,0,1
29.665725324,0,0
29.665766462,0,1
29.665809058,0,0
29.665850194,0,1
29.665892792,0,0
29.665895048,1,0
29.665933910,1,1
29.665975522,1,0
29.665977474,0,0
29.666016652,0,1
29.666059244,0,0
29.666100374,0,1
29.666142976,0,0
29.666184106,0,1
29.666226700,0,0
29.666267836,0,1
29.666310430,0,0
29.666351562,0,1
29.666395636,0,0
29.666436764,0,1
29.666475912,0,0
29.666477266,1,0
29.666517034,1,1
29.666550290,0,1
29.666563570,0,0
29.666604698,0,1
29.666627932,1,1
29.666966538,0,1
29.666978354,0,0
29.667021016,0,1
29.667062684,0,0
29.667103870,0,1
29.667127140,1,1
29.667146526,1,0
29.667187710,1,1
29.667209180,0,1
29.667229382,0,0
29.667270568,0,1
29.667293840,1,1
29.667313224,1,0
29.667354410,1,1
29.667397070,1,0
29.667438258,1,1
29.667480924,1,0
29.667522114,1,1
29.667564778,1,0
29.667605968,1,1
29.667648628,1,0
29.667692282,1,1
29.667734942,1,0
29.667773172,1,1
29.667815836,1,0
29.667860476,1,1
29.720643398,0,1
29.720655222,0,0
29.720697902,0,1
29.720721180,1,1
29.720740570,1,0
29.720781774,1,1
29.720824442,1,0
29.720865640,1,1
29.720887116,0,1
29.720907326,0,0
29.720948528,0,1
29.720990210,0,0
29.721031412,0,1
29.721054688,1,1
29.721074078,1,0
29.721115274,1,1
29.721157946,1,0
29.721199138,1,1
29.721220616,0,1
29.721240824,0,0
29.721282024,0,1
29.721323708,0,0
29.721367372,0,1
29.721390650,1,1
29.721410040,1,0
29.721448278,1,1
29.721490948,1,0
29.721535594,1,1
29.725172382,0,1
29.725184206,0,0
29.725226894,0,1
29.725268584,0,0
29.725309794,0,1
29.725351482,0,0
29.725392688,0,1
29.725415968,1,1
29.725435360,1,0
29.725476564,1,1
29.725498044,0,1
29.725518256,0,0
29.725559462,0,1
29.725582744,1,1
29.725602136,1,0
29.725643340,1,1
29.725686014,1,0
29.725727216,1,1
29.725748698,0,1
29.725768914,0,0
29.725810122,0,1
29.725851814,0,0
29.725895492,0,1
29.725937180,0,0
29.725975430,0,1
29.725998712,1,1
29.726018104,1,0
29.726062762,1,1
29.742776072,0,1
29.742787896,0,0
29.742830584,0,1
29.742872272,0,0
29.742913480,0,1
29.742955174,0,0
29.742996386,0,1
29.743038076,0,0
29.743079286,0,1
29.743120978,0,0
29.743162188,0,1
29.743185472,1,1
29.743204864,1,0
29.743246070,1,1
29.743288746,1,0
29.743329950,1,1
29.743372628,1,0
29.743413832,1,1
29.743456508,1,0
29.743500180,1,1
29.743542856,1,0
29.743581102,1,1
29.743623778,1,0
29.743668432,1,1
29.747305470,0,1
29.747317294,0,0
29.747359984,0,1
29.747401674,0,0
29.747442886,0,1
29.747484576,0,0
29.747525786,0,1
29.747549068,1,1
29.747568462,1,0
29.747609668,1,1
29.747631148,0,1
29.747651362,0,0
29.747692574,0,1
29.747715856,1,1
29.747735248,1,0
29.747776460,1,1
29.747819142,1,0
29.747860348,1,1
29.747881826,0,1
29.747902040,0,0
29.747943250,0,1
29.747984940,0,0
29.748028618,0,1
29.748070310,0,0
29.748108562,0,1
29.748131846,1,1
29.748151242,1,0
29.748195910,1,1
29.754992798,0,1
29.755004624,0,0
29.755047312,0,1
29.755089004,0,0
29.755130214,0,1
29.755171908,0,0
29.755213120,0,1
29.755254814,0,0
29.755296024,0,1
29.755337716,0,0
29.755378930,0,1
29.755402212,1,1
29.755421606,1,0
29.755462812,1,1
29.755505494,1,0
29.755546700,1,1
29.755589378,1,0
29.755630586,1,1
29.755673266,1,0
29.755716940,1,1
29.755759622,1,0
29.755797872,1,1
29.755840552,1,0
29.755885212,1,1
29.759521538,0,1
29.759533364,0,0
29.759576050,0,1
29.759599332,1,1
29.759618726,1,0
29.759659934,1,1
29.759702612,1,0
29.759743820,1,1
29.759765302,0,1
29.759785520,0,0
29.759826738,0,1
29.759868430,0,0
29.759909642,0,1
29.759932926,1,1
29.759952320,1,0
29.759993530,1,1
29.760036208,1,0
29.760077414,1,1
29.760098898,0,1
29.760119112,0,0
29.760160322,0,1
29.760202016,0,0
29.760245696,0,1
29.760268980,1,1
29.760288372,1,0
29.760326620,1,1
29.760369298,1,0
29.760413958,1,1
29.811077680,0,1
29.811089506,0,0
29.811132190,0,1
29.811155468,1,1
29.811174858,1,0
29.811216060,1,1
29.811258736,1,0
29.811299936,1,1
29.811321414,0,1
29.811341628,0,0
29.811382836,0,1
29.811424524,0,0
29.811465734,0,1
29.811489016,1,1
29.811508406,1,0
29.811549608,1,1
29.811592286,1,0
29.811633494,1,1
29.811654972,0,1
29.811675184,0,0
29.811716392,0,1
29.811758080,0,0
29.811801756,0,1
29.811825036,1,1
29.811844426,1,0
29.811882670,1,1
29.811925346,1,0
29.811970002,1,1
29.819636492,0,1
29.819648318,0,0
29.819691000,0,1
29.819732690,0,0
29.819773904,0,1
29.819815596,0,0
29.819856808,0,1
29.819880090,1,1
29.819899484,1,0
29.819940692,1,1
29.819983372,1,0
29.820024584,1,1
29.820046066,0,1
29.820066280,0,0
29.820107494,0,1
29.820130778,1,1
29.820150174,1,0
29.820191386,1,1
29.820212868,0,1
29.820233082,0,0
29.820274298,0,1
29.820315990,0,0
29.820359670,0,1
29.820401364,0,0
29.820439614,0,1
29.820462898,1,1
29.820482292,1,0
29.820526960,1,1
29.834742956,1,0
29.834999088,0,0
29.835763326,0,1
29.836290844,0,0
29.836293018,1,0
29.836332056,1,1
29.836373750,1,0
29.836374918,0,0
29.836414976,0,1
29.836457654,0,0
29.836459230,1,0
29.836498866,1,1
29.836540564,1,0
29.836581772,1,1
29.836623464,1,0
29.836625294,0,0
29.836664684,0,1
29.836707366,0,0
29.836709602,1,0
29.836748576,1,1
29.836790278,1,0
29.836831490,1,1
29.836873182,1,0
29.836914394,1,1
29.836957566,1,0
29.836998774,1,1
29.837041454,1,0
29.837082664,1,1
29.837115986,0,1
29.837129294,0,0
29.837170516,0,1
29.837193808,1,1
29.837465844,0,1
29.837477668,0,0
29.837520352,0,1
29.837562044,0,0
29.837603252,0,1
29.837626538,1,1
29.837645930,1,0
29.837687146,1,1
29.837708630,0,1
29.837728844,0,0
29.837770056,0,1
29.837793342,1,1
29.837812736,1,0
29.837853946,1,1
29.837896626,1,0
29.837937834,1,1
29.837980514,1,0
29.838021720,1,1
29.838064400,1,0
29.838105612,1,1
29.838148286,1,0
29.838191960,1,1
29.838234638,1,0
29.838272882,1,1
29.838315560,1,0
29.838360222,1,1
29.838416486,1,0
29.838672680,0,0
29.839438670,0,1
29.839484914,0,0
29.839526144,0,1
29.839568828,0,0
29.839610050,0,1
29.839652732,0,0
29.839693954,0,1
29.839736634,0,0
29.839777862,0,1
29.839820554,0,0
29.839861776,0,1
29.839904456,0,0
29.839945678,0,1
29.839988360,0,0
29.840029584,0,1
29.840072268,0,0
29.840113496,0,1
29.840157664,0,0
29.840159902,1,0
29.840198882,1,1
29.840241564,1,0
29.840282778,1,1
29.840316102,0,1
29.840329412,0,0
29.840370636,0,1
29.840393922,1,1
29.840737304,0,1
29.840749108,0,0
29.840791720,0,1
29.840833352,0,0
29.840874508,0,1
29.840897752,1,1
29.840917114,1,0
29.840958254,1,1
29.840979698,0,1
29.840999880,0,0
29.841041014,0,1
29.841064256,1,1
29.841083616,1,0
29.841124752,1,1
29.841167360,1,0
29.841208494,1,1
29.841251100,1,0
29.841292230,1,1
29.841334836,1,0
29.841375972,1,1
29.841418578,1,0
29.841462172,1,1
29.841504776,1,0
29.841542952,1,1
29.841585552,1,0
29.841630130,1,1
29.885499352,0,1
29.885511150,0,0
29.885553748,0,1
29.885595354,0,0
29.885636472,0,1
29.885678078,0,0
29.885719198,0,1
29.885760806,0,0
29.885801934,0,1
29.885843542,0,0
29.885884664,0,1
29.885907898,1,1
29.885927256,1,0
29.885968378,1,1
29.886010972,1,0
29.886052096,1,1
29.886094692,1,0
29.886135810,1,1
29.886178404,1,0
29.886221986,1,1
29.886264578,1,0
29.886302738,1,1
29.886345334,1,0
29.886389896,1,1
29.890019806,0,1
29.890031608,0,0
29.890074206,0,1
29.890115816,0,0
29.890156940,0,1
29.890198554,0,0
29.890239680,0,1
29.890262916,1,1
29.890282274,1,0
29.890323394,1,1
29.890365988,1,0
29.890407106,1,1
29.890428546,0,1
29.890448718,0,0
29.890489842,0,1
29.890513078,1,1
29.890532436,1,0
29.890573556,1,1
29.890594994,0,1
29.890615166,0,0
29.890656292,0,1
29.890697904,0,0
29.890741492,0,1
29.890783110,0,0
29.890821284,0,1
29.890844518,1,1
29.890863874,1,0
29.890908442,1,1
29.894537370,0,1
29.894549172,0,0
29.894591774,0,1
29.894615006,1,1
29.894634362,1,0
29.894675480,1,1
29.894718074,1,0
29.894759194,1,1
29.894780636,0,1
29.894800808,0,0
29.894841934,0,1
29.894865168,1,1
29.894884524,1,0
29.894925638,1,1
29.894947080,0,1
29.894967254,0,0
29.895008378,0,1
29.895031614,1,1
29.895050968,1,0
29.895092090,1,1
29.895113530,0,1
29.895133704,0,0
29.895174826,0,1
29.895216434,0,0
29.895260018,0,1
29.895283250,1,1
29.895302606,1,0
29.895340770,1,1
29.895383368,1,0
29.895427934,1,1
29.907117644,0,1
29.907129446,0,0
29.907172050,0,1
29.907213658,0,0
29.907254784,0,1
29.907296396,0,0
29.907337520,0,1
29.907379134,0,0
29.907420264,0,1
29.907461878,0,0
29.907503004,0,1
29.907526240,1,1
29.907545596,1,0
29.907586718,1,1
29.907629314,1,0
29.907670438,1,1
29.907713038,1,0
29.907754164,1,1
29.907796764,1,0
29.907840352,1,1
29.907882950,1,0
29.907921116,1,1
29.907963710,1,0
29.908008270,1,1
29.911637150,0,1
29.911648952,0,0
29.911691550,0,1
29.911714782,1,1
29.911734140,1,0
29.911775264,1,1
29.911817858,1,0
29.911858976,1,1
29.911880418,0,1
29.911900590,0,0
29.911941712,0,1
29.911983322,0,0
29.912024448,0,1
29.912047682,1,1
29.912067038,1,0
29.912108160,1,1
29.912150758,1,0
29.912191880,1,1
29.912213318,0,1
29.912233490,0,0
29.912274614,0,1
29.912316224,0,0
29.912359808,0,1
29.912383044,1,1
29.912402400,1,0
29.912440566,1,1
29.912483158,1,0
29.912527726,1,1
29.921913532,0,1
29.921925330,0,0
29.921967930,0,1
29.922009540,0,0
29.922050662,0,1
29.922092272,0,0
29.922133400,0,1
29.922175010,0,0
29.922216136,0,1
29.922257746,0,0
29.922298870,0,1
29.922322102,1,1
29.922341460,1,0
29.922382582,1,1
29.922425176,1,0
29.922466294,1,1
29.922508894,1,0
29.922550012,1,1
29.922592606,1,0
29.922636194,1,1
29.922678790,1,0
29.922716958,1,1
29.922759558,1,0
29.922804126,1,1
29.926432998,0,1
29.926444798,0,0
29.926487396,0,1
29.926510628,1,1
29.926529988,1,0
29.926571108,1,1
29.926613700,1,0
29.926654816,1,1
29.926676256,0,1
29.926696430,0,0
29.926737552,0,1
29.926760788,1,1
29.926780146,1,0
29.926821266,1,1
29.926842708,0,1
29.926862884,0,0
29.926904006,0,1
29.926927242,1,1
29.926946600,1,0
29.926987716,1,1
29.927009156,0,1
29.927029328,0,0
29.927070448,0,1
29.927112058,0,0
29.927155642,0,1
29.927178874,1,1
29.927198232,1,0
29.927236400,1,1
29.927278990,1,0
29.927323556,1,1
29.981001050,1,0
29.981256218,0,0
29.982019688,0,1
29.982233146,0,0
29.982235410,1,0
29.982274274,1,1
29.982315884,1,0
29.982317266,0,0
29.982357012,0,1
29.982399606,0,0
29.982401524,1,0
29.982440726,1,1
29.982482334,1,0
29.982523450,1,1
29.982565058,1,0
29.982566496,0,0
29.982606186,0,1
29.982648780,0,0
29.982650756,1,0
29.982689900,1,1
29.982731506,1,0
29.982772622,1,1
29.982814232,1,0
29.982855352,1,1
29.982898440,1,0
29.982939560,1,1
29.982982154,1,0
29.983023268,1,1
29.983056524,0,1
29.983069804,0,0
29.983110938,0,1
29.983134172,1,1
29.983405646,0,1
29.983417446,0,0
29.983460048,0,1
29.983501660,0,0
29.983542786,0,1
29.983566018,1,1
29.983585378,1,0
29.983626498,1,1
29.983647934,0,1
29.983668106,0,0
29.983709228,0,1
29.983732462,1,1
29.983751818,1,0
29.983792938,1,1
29.983835532,1,0
29.983876646,1,1
29.983919242,1,0
29.983960364,1,1
29.984002964,1,0
29.984044086,1,1
29.984086682,1,0
29.984130268,1,1
29.984172864,1,0
29.984211032,1,1
29.984253626,1,0
29.984298188,1,1
29.984352930,1,0
29.984608994,0,0
29.985374948,0,1
29.985420582,0,0
29.985461716,0,1
29.985504318,0,0
29.985545454,0,1
29.985588052,0,0
29.985589868,1,0
29.985629170,1,1
29.985670784,1,0
29.985672284,0,0
29.985711910,0,1
29.985754504,0,0
29.985795630,0,1
29.985838212,0,0
29.985879344,0,1
29.985921956,0,0
29.985963110,0,1
29.986005712,0,0
29.986046846,0,1
29.986090928,0,0
29.986132060,0,1
29.986171210,0,0
29.986173456,1,0
29.986212334,1,1
29.986245594,0,1
29.986258876,0,0
29.986300008,0,1
29.986323248,1,1
29.986661878,0,1
29.986673694,0,0
29.986716360,0,1
29.986758032,0,0
29.986799222,0,1
29.986822496,1,1
29.986841882,1,0
29.986883070,1,1
29.986904542,0,1
29.986924744,0,0
29.986965938,0,1
29.986989210,1,1
29.987008600,1,0
29.987049788,1,1
29.987092452,1,0
29.987133642,1,1
29.987176304,1,0
29.987217492,1,1
29.987260154,1,0
29.987301334,1,1
29.987343994,1,0
29.987387644,1,1
29.987430304,1,0
29.987468530,1,1
29.987511188,1,0
29.987555826,1,1
30.002621292,0,1
30.002633114,0,0
30.002675794,0,1
30.002717476,0,0
30.002758674,0,1
30.002800358,0,0
30.002841558,0,1
30.002864836,1,1
30.002884226,1,0
30.002925420,1,1
30.002968092,1,0
30.003009286,1,1
30.003051950,1,0
30.003093144,1,1
30.003135812,1,0
30.003177008,1,1
30.003198484,0,1
30.003218692,0,0
30.003259894,0,1
30.003301574,0,0
30.003345242,0,1
30.003368520,1,1
30.003387910,1,0
30.003426144,1,1
30.003468810,1,0
30.003513464,1,1
30.022935994,0,1
30.022947818,0,0
30.022990502,0,1
30.023032190,0,0
30.023073400,0,1
30.023096676,1,1
30.023116070,1,0
30.023157276,1,1
30.023199956,1,0
30.023241160,1,1
30.023262640,0,1
30.023282852,0,0
30.023324058,0,1
30.023347340,1,1
30.023366730,1,0
30.023407934,1,1
30.023450610,1,0
30.023491808,1,1
30.023513286,0,1
30.023533500,0,0
30.023574706,0,1
30.023616394,0,0
30.023660066,0,1
30.023683352,1,1
30.023702744,1,0
30.023740988,1,1
30.023783664,1,0
30.023828322,1,1
30.027464162,0,1
30.027475986,0,0
30.027518668,0,1
30.027541946,1,1
30.027561336,1,0
30.027602534,1,1
30.027624014,0,1
30.027644226,0,0
30.027685430,0,1
30.027708708,1,1
30.027728102,1,0
30.027769310,1,1
30.027811986,1,0
30.027853188,1,1
30.027874668,0,1
30.027894882,0,0
30.027936090,0,1
30.027959370,1,1
30.027978762,1,0
30.028019968,1,1
30.028041444,0,1
30.028061658,0,0
30.028102864,0,1
30.028144560,0,0
30.028188244,0,1
30.028211528,1,1
30.028230922,1,0
30.028269174,1,1
30.028311860,1,0
30.028356516,1,1
30.097080584,0,1
30.097092410,0,0
30.097135094,0,1
30.097176778,0,0
30.097217990,0,1
30.097259676,0,0
30.097300882,0,1
30.097342570,0,0
30.097383776,0,1
30.097425464,0,0
30.097466668,0,1
30.097489950,1,1
30.097509344,1,0
30.097550544,1,1
30.097593220,1,0
30.097634424,1,1
30.097677094,1,0
30.097718296,1,1
30.097760972,1,0
30.097804644,1,1
30.097847320,1,0
30.097885564,1,1
30.097928236,1,0
30.097972888,1,1
30.101609056,0,1
30.101620880,0,0
30.101663568,0,1
30.101705256,0,0
30.101746462,0,1
30.101788150,0,0
30.101829360,0,1
30.101852638,1,1
30.101872030,1,0
30.101913234,1,1
30.101955914,1,0
30.101997112,1,1
30.102039786,1,0
30.102080986,1,1
30.102123666,1,0
30.102164874,1,1
30.102186356,0,1
30.102206572,0,0
30.102247782,0,1
30.102289466,0,0
30.102333142,0,1
30.102356422,1,1
30.102375814,1,0
30.102414058,1,1
30.102456734,1,0
30.102501392,1,1
30.117289430,0,1
30.117301256,0,0
30.117343950,0,1
30.117385642,0,0
30.117426856,0,1
30.117468540,0,0
30.117509750,0,1
30.117551440,0,0
30.117592650,0,1
30.117634340,0,0
30.117675554,0,1
30.117698838,1,1
30.117718230,1,0
30.117759436,1,1
30.117802120,1,0
30.117843326,1,1
30.117886008,1,0
30.117927218,1,1
30.117969898,1,0
30.118013572,1,1
30.118056254,1,0
30.118094504,1,1
30.118137182,1,0
30.118181848,1,1
30.121818042,0,1
30.121829868,0,0
30.121872558,0,1
30.121914248,0,0
30.121955456,0,1
30.121978740,1,1
30.121998132,1,0
30.122039338,1,1
30.122082012,1,0
30.122123220,1,1
30.122144702,0,1
30.122164916,0,0
30.122206124,0,1
30.122229408,1,1
30.122248804,1,0
30.122290014,1,1
30.122332692,1,0
30.122373900,1,1
30.122395382,0,1
30.122415598,0,0
30.122456810,0,1
30.122498502,0,0
30.122542184,0,1
30.122565466,1,1
30.122584858,1,0
30.122623106,1,1
30.122665786,1,0
30.122710444,1,1
30.157189494,1,0
30.157444296,0,0
30.158208632,0,1
30.158374794,0,0
30.158376732,1,0
30.158416006,1,1
30.158457702,1,0
30.158459616,0,0
30.158498920,0,1
30.158541596,0,0
30.158542910,1,0
30.158582806,1,1
30.158624498,1,0
30.158665706,1,1
30.158707404,1,0
30.158708952,0,0
30.158748624,0,1
30.158791310,0,0
30.158793254,1,0
30.158832526,1,1
30.158874220,1,0
30.158915428,1,1
30.158957124,1,0
30.158998338,1,1
30.159041512,1,0
30.159082718,1,1
30.159125398,1,0
30.159166598,1,1
30.159199924,0,1
30.159213232,0,0
30.159254454,0,1
30.159277738,1,1
30.159549794,0,1
30.159561620,0,0
30.159604310,0,1
30.159646004,0,0
30.159687214,0,1
30.159710496,1,1
30.159729890,1,0
30.159771102,1,1
30.159792588,0,1
30.159812802,0,0
30.159854018,0,1
30.159877302,1,1
30.159896696,1,0
30.159937904,1,1
30.159980584,1,0
30.160021792,1,1
30.160064472,1,0
30.160105682,1,1
30.160148364,1,0
30.160189570,1,1
30.160232246,1,0
30.160275914,1,1
30.160318588,1,0
30.160356830,1,1
30.160399506,1,0
30.160444164,1,1
30.160510922,1,0
30.160767080,0,0
30.161532544,0,1
30.161572846,0,0
30.161614072,0,1
30.161656758,0,0
30.161697980,0,1
30.161740664,0,0
30.161781882,0,1
30.161824564,0,0
30.161865782,0,1
30.161908462,0,0
30.161949686,0,1
30.161992370,0,0
30.162033596,0,1
30.162076278,0,0
30.162117504,0,1
30.162160188,0,0
30.162201412,0,1
30.162245578,0,0
30.162247130,1,0
30.162286790,1,1
30.162329472,1,0
30.162370686,1,1
30.162404010,0,1
30.162417320,0,0
30.162458544,0,1
30.162481830,1,1
30.162825134,0,1
30.162836936,0,0
30.162879542,0,1
30.162921150,0,0
30.162962272,0,1
30.162985504,1,1
30.163004858,1,0
30.163045974,1,1
30.163067410,0,1
30.163087574,0,0
30.163128684,0,1
30.163151924,1,1
30.163171286,1,0
30.163212426,1,1
30.163255044,1,0
30.163296180,1,1
30.163338786,1,0
30.163379918,1,1
30.163422522,1,0
30.163463656,1,1
30.163506256,1,0
30.163549854,1,1
30.163592458,1,0
30.163630632,1,1
30.163673234,1,0
30.163717810,1,1
30.195609526,0,1
30.195621328,0,0
30.195663934,0,1
30.195687172,1,1
30.195706532,1,0
30.195747656,1,1
30.195769102,0,1
30.195789280,0,0
30.195830410,0,1
30.195853646,1,1
30.195873004,1,0
30.195914128,1,1
30.195956724,1,0
30.195997844,1,1
30.196040442,1,0
30.196081566,1,1
30.196124162,1,0
30.196165294,1,1
30.196186740,0,1
30.196206920,0,0
30.196248052,0,1
30.196289672,0,0
30.196333270,0,1
30.196374886,0,0
30.196413064,0,1
30.196436300,1,1
30.196455660,1,0
30.196500234,1,1
30.206554406,0,1
30.206566208,0,0
30.206608812,0,1
30.206650422,0,0
30.206691552,0,1
30.206714790,1,1
30.206734148,1,0
30.206775280,1,1
30.206817888,1,0
30.206859016,1,1
30.206880458,0,1
30.206900636,0,0
30.206941772,0,1
30.206965012,1,1
30.206984370,1,0
30.207025500,1,1
30.207068102,1,0
30.207109230,1,1
30.207130672,0,1
30.207150848,0,0
30.207191984,0,1
30.207233604,0,0
30.207277200,0,1
30.207300440,1,1
30.207319800,1,0
30.207357974,1,1
30.207400574,1,0
30.207445148,1,1
30.272924336,0,1
30.272936136,0,0
30.272978738,0,1
30.273020348,0,0
30.273061474,0,1
30.273103084,0,0
30.273144210,0,1
30.273185820,0,0
30.273226948,0,1
30.273268560,0,0
30.273309686,0,1
30.273332920,1,1
30.273352278,1,0
30.273393402,1,1
30.273435996,1,0
30.273477114,1,1
30.273519710,1,0
30.273560824,1,1
30.273603414,1,0
30.273646992,1,1
30.273689588,1,0
30.273727748,1,1
30.273770342,1,0
30.273814906,1,1
30.277440532,0,1
30.277452332,0,0
30.277494924,0,1
30.277518152,1,1
30.277537506,1,0
30.277578624,1,1
30.277600062,0,1
30.277620234,0,0
30.277661352,0,1
30.277684586,1,1
30.277703942,1,0
30.277745064,1,1
30.277787660,1,0
30.277828780,1,1
30.277871372,1,0
30.277912486,1,1
30.277955076,1,0
30.277996194,1,1
30.278017632,0,1
30.278037804,0,0
30.278078924,0,1
30.278120530,0,0
30.278164110,0,1
30.278205712,0,0
30.278243882,0,1
30.278267114,1,1
30.278286472,1,0
30.278331032,1,1
30.285180748,0,1
30.285192550,0,0
30.285235146,0,1
30.285276750,0,0
30.285317874,0,1
30.285359486,0,0
30.285400610,0,1
30.285442220,0,0
30.285483344,0,1
30.285524950,0,0
30.285566078,0,1
30.285589314,1,1
30.285608670,1,0
30.285649788,1,1
30.285692386,1,0
30.285733510,1,1
30.285776110,1,0
30.285817236,1,1
30.285859834,1,0
30.285903416,1,1
30.285946014,1,0
30.285984180,1,1
30.286026774,1,0
30.286071338,1,1
30.289700052,0,1
30.289711852,0,0
30.289754452,0,1
30.289796068,0,0
30.289837196,0,1
30.289860432,1,1
30.289879792,1,0
30.289920914,1,1
30.289963510,1,0
30.290004630,1,1
30.290026072,0,1
30.290046244,0,0
30.290087368,0,1
30.290110600,1,1
30.290129960,1,0
30.290171086,1,1
30.290213682,1,0
30.290254798,1,1
30.290276240,0,1
30.290296414,0,0
30.290337540,0,1
30.290379148,0,0
30.290422742,0,1
30.290445978,1,1
30.290465336,1,0
30.290503504,1,1
30.290546104,1,0
30.290590672,1,1
30.316940076,1,0
30.317195568,0,0
30.317959106,0,1
30.318068826,0,0
30.318070560,1,0
30.318109950,1,1
30.318151556,1,0
30.318153356,0,0
30.318192684,0,1
30.318235284,0,0
30.318236638,1,0
30.318276408,1,1
30.318318020,1,0
30.318359146,1,1
30.318400758,1,0
30.318402670,0,0
30.318441888,0,1
30.318484484,0,0
30.318485960,1,0
30.318525602,1,1
30.318567208,1,0
30.318608330,1,1
30.318649938,1,0
30.318691054,1,1
30.318734140,1,0
30.318775262,1,1
30.318817856,1,0
30.318858974,1,1
30.318892234,0,1
30.318905514,0,0
30.318946646,0,1
30.318969880,1,1
30.319241356,0,1
30.319253158,0,0
30.319295756,0,1
30.319337366,0,0
30.319378490,0,1
30.319401724,1,1
30.319421082,1,0
30.319462200,1,1
30.319483636,0,1
30.319503808,0,0
30.319544924,0,1
30.319568154,1,1
30.319587510,1,0
30.319628624,1,1
30.319671220,1,0
30.319712338,1,1
30.319754930,1,0
30.319796060,1,1
30.319838654,1,0
30.319879774,1,1
30.319922370,1,0
30.319965948,1,1
30.320008540,1,0
30.320046706,1,1
30.320089298,1,0
30.320133864,1,1
30.320196162,1,0
30.320452216,0,0
30.321219004,0,1
30.321262638,0,0
30.321303770,0,1
30.321346372,0,0
30.321387510,0,1
30.321430104,0,0
30.321431968,1,0
30.321471226,1,1
30.321512840,1,0
30.321514390,0,0
30.321553970,0,1
30.321596566,0,0
30.321637700,0,1
30.321680296,0,0
30.321721428,0,1
30.321764030,0,0
30.321805164,0,1
30.321847762,0,0
30.321888900,0,1
30.321932976,0,0
30.321974112,0,1
30.322013264,0,0
30.322015172,1,0
30.322054390,1,1
30.322087648,0,1
30.322100934,0,0
30.322142074,0,1
30.322165312,1,1
30.322503942,0,1
30.322515760,0,0
30.322558426,0,1
30.322600094,0,0
30.322641282,0,1
30.322664554,1,1
30.322683940,1,0
30.322725120,1,1
30.322746594,0,1
30.322766800,0,0
30.322808000,0,1
30.322831272,1,1
30.322850660,1,0
30.322891852,1,1
30.322934518,1,0
30.322975708,1,1
30.323018372,1,0
30.323059566,1,1
30.323102232,1,0
30.323143422,1,1
30.323186088,1,0
30.323229742,1,1
30.323272404,1,0
30.323310636,1,1
30.323353298,1,0
30.323397936,1,1
30.355213410,0,1
30.355225232,0,0
30.355267912,0,1
30.355309596,0,0
30.355350804,0,1
30.355374080,1,1
30.355393472,1,0
30.355434678,1,1
30.355477350,1,0
30.355518548,1,1
30.355540028,0,1
30.355560240,0,0
30.355601444,0,1
30.355624722,1,1
30.355644110,1,0
30.355685308,1,1
30.355727980,1,0
30.355769178,1,1
30.355790658,0,1
30.355810870,0,0
30.355852078,0,1
30.355893760,0,0
30.355937430,0,1
30.355960710,1,1
30.355980102,1,0
30.356018338,1,1
30.356061010,1,0
30.356105664,1,1
30.452780174,1,0
30.453036398,0,0
30.453800534,0,1
30.453924514,0,0
30.453925968,1,0
30.453965724,1,1
30.454007420,1,0
30.454009428,0,0
30.454048636,0,1
30.454091318,0,0
30.454093342,1,0
30.454132530,1,1
30.454174228,1,0
30.454215440,1,1
30.454257134,1,0
30.454258410,0,0
30.454298350,0,1
30.454341024,0,0
30.454342714,1,0
30.454382230,1,1
30.454423924,1,0
30.454465128,1,1
30.454506820,1,0
30.454548026,1,1
30.454591194,1,0
30.454632398,1,1
30.454675082,1,0
30.454716288,1,1
30.454749610,0,1
30.454762920,0,0
30.454804148,0,1
30.454827434,1,1
30.455099474,0,1
30.455111298,0,0
30.455153990,0,1
30.455195680,0,0
30.455236888,0,1
30.455260170,1,1
30.455279564,1,0
30.455320770,1,1
30.455342252,0,1
30.455362464,0,0
30.455403678,0,1
30.455426960,1,1
30.455446352,1,0
30.455487552,1,1
30.455530230,1,0
30.455571432,1,1
30.455614112,1,0
30.455655316,1,1
30.455697996,1,0
30.455739202,1,1
30.455781880,1,0
30.455825552,1,1
30.455868230,1,0
30.455906470,1,1
30.455949150,1,0
30.455993806,1,1
30.456053750,1,0
30.456309754,0,0
30.457077620,0,1
30.457124888,0,0
30.457166114,0,1
30.457208798,0,0
30.457250022,0,1
30.457292706,0,0
30.457333926,0,1
30.457376606,0,0
30.457417826,0,1
30.457460504,0,0
30.457501722,0,1
30.457544408,0,0
30.457585630,0,1
30.457628316,0,0
30.457669540,0,1
30.457712226,0,0
30.457753450,0,1
30.457797622,0,0
30.457799466,1,0
30.457838838,1,1
30.457881516,1,0
30.457922722,1,1
30.457922726,1,0
30.457922730,1,1
30.457956050,0,1
30.457969360,0,0
30.458010584,0,1
30.458033868,1,1
30.458377248,0,1
30.458389056,0,0
30.458431678,0,1
30.458473306,0,0
30.458514446,0,1
30.458537688,1,1
30.458557050,1,0
30.458598188,1,1
30.458619634,0,1
30.458639814,0,0
30.458680950,0,1
30.458704196,1,1
30.458723562,1,0
30.458764698,1,1
30.458807308,1,0
30.458848446,1,1
30.458891056,1,0
30.458932190,1,1
30.458974798,1,0
30.459015928,1,1
30.459058528,1,0
30.459102126,1,1
30.459144732,1,0
30.459182908,1,1
30.459225514,1,0
30.459270094,1,1
30.511048980,0,1
30.511060780,0,0
30.511103376,0,1
30.511144986,0,0
30.511186112,0,1
30.511227722,0,0
30.511268846,0,1
30.511310458,0,0
30.511351580,0,1
30.511393186,0,0
30.511434308,0,1
30.511457542,1,1
30.511476896,1,0
30.511518014,1,1
30.511560610,1,0
30.511601730,1,1
30.511644322,1,0
30.511685442,1,1
30.511728036,1,0
30.511771616,1,1
30.511814214,1,0
30.511852378,1,1
30.511894970,1,0
30.511939538,1,1
30.515568518,0,1
30.515580318,0,0
30.515622916,0,1
30.515646150,1,1
30.515665504,1,0
30.515706624,1,1
30.515728062,0,1
30.515748234,0,0
30.515789360,0,1
30.515812596,1,1
30.515831952,1,0
30.515873072,1,1
30.515915666,1,0
30.515956784,1,1
30.515978224,0,1
30.515998398,0,0
30.516039522,0,1
30.516062752,1,1
30.516082110,1,0
30.516123230,1,1
30.516144672,0,1
30.516164848,0,0
30.516205976,0,1
30.516247592,0,0
30.516291188,0,1
30.516314422,1,1
30.516333782,1,0
30.516371954,1,1
30.516414552,1,0
30.516459118,1,1
30.531008982,0,1
30.531020784,0,0
30.531063390,0,1
30.531105002,0,0
30.531146124,0,1
30.531187736,0,0
30.531228864,0,1
30.531270476,0,0
30.531311610,0,1
30.531353226,0,0
30.531394358,0,1
30.531417598,1,1
30.531436956,1,0
30.531478080,1,1
30.531520680,1,0
30.531561802,1,1
30.531604402,1,0
30.531645522,1,1
30.531688114,1,0
30.531731700,1,1
30.531774298,1,0
30.531812466,1,1
30.531855068,1,0
30.531899636,1,1
30.535528508,0,1
30.535540308,0,0
30.535582904,0,1
30.535624514,0,0
30.535665640,0,1
30.535688874,1,1
30.535708232,1,0
30.535749354,1,1
30.535791956,1,0
30.535833080,1,1
30.535854520,0,1
30.535874694,0,0
30.535915822,0,1
30.535939058,1,1
30.535958414,1,0
30.535999536,1,1
30.536042134,1,0
30.536083254,1,1
30.536104698,0,1
30.536124872,0,0
30.536165996,0,1
30.536207608,0,0
30.536251192,0,1
30.536274430,1,1
30.536293788,1,0
30.536331956,1,1
30.536374552,1,0
30.536419118,1,1
52.730789888,1,1
