Time [s],Channel 0,Channel 1
0.000000000,1,1
19.984210858,0,1
19.984222656,0,0
19.984265232,0,1
19.984288458,1,1
19.984307808,1,0
19.984348908,1,1
19.984391494,1,0
19.984432588,1,1
19.984454020,0,1
19.984474184,0,0
19.984515288,0,1
19.984538514,1,1
19.984557862,1,0
19.984598960,1,1
19.984641536,1,0
19.984682630,1,1
19.984725212,1,0
19.984766312,1,1
19.984787744,0,1
19.984807910,0,0
19.984849012,0,1
19.984890610,0,0
19.984934176,0,1
19.984975772,0,0
19.985013922,0,1
19.985037152,1,1
19.985056502,1,0
19.985101044,1,1
19.985119542,1,0
19.991880524,1,1
19.995172692,0,1
19.995184482,0,0
19.995227042,0,1
19.995268620,0,0
19.995309702,0,1
19.995332918,1,1
19.995352260,1,0
19.995393342,1,1
19.995414766,0,1
19.995434922,0,0
19.995476004,0,1
19.995517580,0,0
19.995558662,0,1
19.995600240,0,0
19.995641330,0,1
19.995682912,0,0
19.995723998,0,1
19.995747214,1,1
19.995766558,1,0
19.995807644,1,1
19.995829070,0,1
19.995849228,0,0
19.995892780,0,1
19.995916002,1,1
19.995935344,1,0
19.995973476,1,1
19.996016036,1,0
19.996060560,1,1
19.996078822,1,0
19.999880464,1,1
20.040211992,0,1
20.040223786,0,0
20.040266358,0,1
20.040307948,0,0
20.040349046,0,1
20.040390654,0,0
20.040431776,0,1
20.040473394,0,0
20.040514510,0,1
20.040556110,0,0
20.040597218,0,1
20.040620446,1,1
20.040639794,1,0
20.040680892,1,1
20.040723474,1,0
20.040764570,1,1
20.040807154,1,0
20.040848252,1,1
20.040890834,1,0
20.040934390,1,1
20.040976968,1,0
20.041015110,1,1
20.041057686,1,0
20.041102230,1,1
20.044733442,0,1
20.044745238,0,0
20.044787816,0,1
20.044829412,0,0
20.044870512,0,1
20.044893738,1,1
20.044913090,1,0
20.044954188,1,1
20.044975624,0,1
20.044995788,0,0
20.045036890,0,1
20.045078486,0,0
20.045119586,0,1
20.045161182,0,0
20.045202288,0,1
20.045243880,0,0
20.045284984,0,1
20.045308214,1,1
20.045327564,1,0
20.045368662,1,1
20.045390096,0,1
20.045410258,0,0
20.045453808,0,1
20.045477026,1,1
20.045496366,1,0
20.045534492,1,1
20.045577052,1,0
20.045621576,1,1
20.052949778,1,0
20.055879584,1,1
20.070429222,0,1
20.070441020,0,0
20.070483602,0,1
20.070525200,0,0
20.070566306,0,1
20.070607912,0,0
20.070649022,0,1
20.070690626,0,0
20.070731742,0,1
20.070773346,0,0
20.070814458,0,1
20.070837688,1,1
20.070857040,1,0
20.070898146,1,1
20.070940726,1,0
20.070981826,1,1
20.071024410,1,0
20.071065510,1,1
20.071108092,1,0
20.071151658,1,1
20.071194238,1,0
20.071232390,1,1
20.071274976,1,0
20.071319526,1,1
20.074944068,0,1
20.074955862,0,0
20.074998442,0,1
20.075021670,1,1
20.075041020,1,0
20.075082122,1,1
20.075124704,1,0
20.075165808,1,1
20.075187242,0,1
20.075207408,0,0
20.075248514,0,1
20.075271738,1,1
20.075291092,1,0
20.075332194,1,1
20.075374780,1,0
20.075415878,1,1
20.075458464,1,0
20.075499564,1,1
20.075520998,0,1
20.075541164,0,0
20.075582272,0,1
20.075623882,0,0
20.075667460,0,1
20.075709062,0,0
20.075747216,0,1
20.075770444,1,1
20.075789792,1,0
20.075834338,1,1
20.083864772,1,0
20.087880166,1,1
20.136618174,0,1
20.136629972,0,0
20.136672558,0,1
20.136695790,1,1
20.136715144,1,0
20.136756262,1,1
20.136798858,1,0
20.136839974,1,1
20.136861416,0,1
20.136881590,0,0
20.136922714,0,1
20.136945950,1,1
20.136965308,1,0
20.137006426,1,1
20.137049026,1,0
20.137090144,1,1
20.137132742,1,0
20.137173860,1,1
20.137195308,0,1
20.137215482,0,0
20.137256604,0,1
20.137298220,0,0
20.137341808,0,1
20.137383422,0,0
20.137421592,0,1
20.137444830,1,1
20.137464190,1,0
20.137508756,1,1
20.137526646,1,0
20.143879860,1,1
20.470640428,0,1
20.470652226,0,0
20.470694806,0,1
20.470736400,0,0
20.470777508,0,1
20.470819102,0,0
20.470860202,0,1
20.470901802,0,0
20.470942906,0,1
20.470984500,0,0
20.471025606,0,1
20.471048836,1,1
20.471068188,1,0
20.471109288,1,1
20.471151878,1,0
20.471192988,1,1
20.471235574,1,0
20.471276674,1,1
20.471319254,1,0
20.471362806,1,1
20.471405386,1,0
20.471443532,1,1
20.471486110,1,0
20.471530654,1,1
20.475155072,0,1
20.475166866,0,0
20.475209436,0,1
20.475232660,1,1
20.475252008,1,0
20.475293102,1,1
20.475335678,1,0
20.475376776,1,1
20.475398210,0,1
20.475418374,0,0
20.475459476,0,1
20.475482700,1,1
20.475502050,1,0
20.475543148,1,1
20.475585728,1,0
20.475626830,1,1
20.475669412,1,0
20.475710510,1,1
20.475731942,0,1
20.475752108,0,0
20.475793214,0,1
20.475834806,0,0
20.475878370,0,1
20.475919966,0,0
20.475958114,0,1
20.475981342,1,1
20.476000692,1,0
20.476045240,1,1
20.483743008,1,0
20.487879636,1,1
20.539499612,0,1
20.539511408,0,0
20.539553988,0,1
20.539577218,1,1
20.539596568,1,0
20.539637668,1,1
20.539680258,1,0
20.539721360,1,1
20.539742798,0,1
20.539762966,0,0
20.539804074,0,1
20.539827300,1,1
20.539846652,1,0
20.539887750,1,1
20.539930330,1,0
20.539971434,1,1
20.540014016,1,0
20.540055114,1,1
20.540076548,0,1
20.540096714,0,0
20.540137818,0,1
20.540179416,0,0
20.540222982,0,1
20.540264578,0,0
20.540302728,0,1
20.540325956,1,1
20.540345312,1,0
20.540389878,1,1
20.540408080,1,0
20.543878728,1,1
20.569653354,0,1
20.569665152,0,0
20.569707738,0,1
20.569749338,0,0
20.569790446,0,1
20.569813676,1,1
20.569833030,1,0
20.569874134,1,1
20.569895572,0,1
20.569915740,0,0
20.569956848,0,1
20.569998448,0,0
20.570039556,0,1
20.570081160,0,0
20.570122270,0,1
20.570163872,0,0
20.570204984,0,1
20.570228216,1,1
20.570247568,1,0
20.570288674,1,1
20.570310112,0,1
20.570330280,0,0
20.570373850,0,1
20.570397080,1,1
20.570416432,1,0
20.570454580,1,1
20.570497168,1,0
20.570541714,1,1
20.570560910,1,0
20.575878458,1,1
20.603809058,0,1
20.603820854,0,0
20.603863432,0,1
20.603905028,0,0
20.603946138,0,1
20.603987736,0,0
20.604028842,0,1
20.604070444,0,0
20.604111550,0,1
20.604153150,0,0
20.604194258,0,1
20.604217488,1,1
20.604236836,1,0
20.604277938,1,1
20.604320520,1,0
20.604361618,1,1
20.604404194,1,0
20.604445292,1,1
20.604487870,1,0
20.604531426,1,1
20.604574008,1,0
20.604612156,1,1
20.604654734,1,0
20.604699280,1,1
20.608330582,0,1
20.608342382,0,0
20.608384986,0,1
20.608426608,0,0
20.608467738,0,1
20.608490970,1,1
20.608510324,1,0
20.608551426,1,1
20.608572866,0,1
20.608593034,0,0
20.608634138,0,1
20.608675738,0,0
20.608716844,0,1
20.608758436,0,0
20.608799542,0,1
20.608841136,0,0
20.608882236,0,1
20.608905464,1,1
20.608924814,1,0
20.608965912,1,1
20.608987344,0,1
20.609007508,0,0
20.609051070,0,1
20.609074296,1,1
20.609093648,1,0
20.609131790,1,1
20.609174370,1,0
20.609218910,1,1
20.616684346,1,0
20.623878660,1,1
20.636599970,0,1
20.636611768,0,0
20.636654350,0,1
20.636695946,0,0
20.636737052,0,1
20.636778650,0,0
20.636819762,0,1
20.636861364,0,0
20.636902472,0,1
20.636944070,0,0
20.636985178,0,1
20.637008410,1,1
20.637027760,1,0
20.637068862,1,1
20.637111448,1,0
20.637152550,1,1
20.637195134,1,0
20.637236236,1,1
20.637278820,1,0
20.637322382,1,1
20.637364964,1,0
20.637403110,1,1
20.637445690,1,0
20.637490240,1,1
20.641114832,0,1
20.641126628,0,0
20.641169202,0,1
20.641192430,1,1
20.641211778,1,0
20.641252874,1,1
20.641295456,1,0
20.641336558,1,1
20.641357990,0,1
20.641378156,0,0
20.641419256,0,1
20.641442486,1,1
20.641461834,1,0
20.641502930,1,1
20.641545512,1,0
20.641586612,1,1
20.641629190,1,0
20.641670296,1,1
20.641691732,0,1
20.641711900,0,0
20.641753006,0,1
20.641794604,0,0
20.641838172,0,1
20.641879770,0,0
20.641917924,0,1
20.641941152,1,1
20.641960502,1,0
20.642005046,1,1
20.649651928,1,0
20.655879666,1,1
20.689465334,0,1
20.689477128,0,0
20.689519706,0,1
20.689542934,1,1
20.689562284,1,0
20.689603382,1,1
20.689645964,1,0
20.689687068,1,1
20.689708506,0,1
20.689728672,0,0
20.689769778,0,1
20.689793004,1,1
20.689812354,1,0
20.689853452,1,1
20.689896032,1,0
20.689937136,1,1
20.689979714,1,0
20.690020814,1,1
20.690042246,0,1
20.690062410,0,0
20.690103510,0,1
20.690145100,0,0
20.690188664,0,1
20.690230256,0,0
20.690268400,0,1
20.690291624,1,1
20.690310974,1,0
20.690355526,1,1
20.690374820,1,0
20.695878666,1,1
20.708796666,0,1
20.708808466,0,0
20.708851048,0,1
20.708892648,0,0
20.708933756,0,1
20.708956984,1,1
20.708976336,1,0
20.709017436,1,1
20.709038872,0,1
20.709059040,0,0
20.709100144,0,1
20.709141744,0,0
20.709182852,0,1
20.709224456,0,0
20.709265564,0,1
20.709307164,0,0
20.709348272,0,1
20.709371500,1,1
20.709390852,1,0
20.709431956,1,1
20.709453392,0,1
20.709473560,0,0
20.709517128,0,1
20.709540354,1,1
20.709559708,1,0
20.709597856,1,1
20.709640442,1,0
20.709684994,1,1
20.709703592,1,0
20.711872436,1,1
20.767605064,0,1
20.767616860,0,0
20.767659442,0,1
20.767701036,0,0
20.767742136,0,1
20.767783734,0,0
20.767824840,0,1
20.767866434,0,0
20.767907540,0,1
20.767949136,0,0
20.767990238,0,1
20.768013468,1,1
20.768032820,1,0
20.768073918,1,1
20.768116494,1,0
20.768157590,1,1
20.768200176,1,0
20.768241274,1,1
20.768283856,1,0
20.768327420,1,1
20.768370002,1,0
20.768408146,1,1
20.768450730,1,0
20.768495272,1,1
20.772126736,0,1
20.772138534,0,0
20.772181112,0,1
20.772222710,0,0
20.772263818,0,1
20.772287046,1,1
20.772306394,1,0
20.772347502,1,1
20.772368940,0,1
20.772389108,0,0
20.772430218,0,1
20.772471814,0,0
20.772512922,0,1
20.772554514,0,0
20.772595616,0,1
20.772637214,0,0
20.772678330,0,1
20.772701564,1,1
20.772720914,1,0
20.772762016,1,1
20.772783454,0,1
20.772803620,0,0
20.772847190,0,1
20.772870420,1,1
20.772889774,1,0
20.772927924,1,1
20.772970508,1,0
20.773015062,1,1
20.780523580,1,0
20.783878278,1,1
20.797823198,0,1
20.797834996,0,0
20.797877572,0,1
20.797919170,0,0
20.797960274,0,1
20.798001866,0,0
20.798042972,0,1
20.798084570,0,0
20.798125674,0,1
20.798167272,0,0
20.798208376,0,1
20.798231604,1,1
20.798250952,1,0
20.798292050,1,1
20.798334630,1,0
20.798375728,1,1
20.798418312,1,0
20.798459414,1,1
20.798501994,1,0
20.798545550,1,1
20.798588132,1,0
20.798626278,1,1
20.798668858,1,0
20.798713408,1,1
20.802337938,0,1
20.802349734,0,0
20.802392316,0,1
20.802415546,1,1
20.802434898,1,0
20.802476000,1,1
20.802518588,1,0
20.802559688,1,1
20.802581124,0,1
20.802601290,0,0
20.802642392,0,1
20.802665624,1,1
20.802684976,1,0
20.802726080,1,1
20.802768664,1,0
20.802809766,1,1
20.802852348,1,0
20.802893452,1,1
20.802914888,0,1
20.802935054,0,0
20.802976158,0,1
20.803017760,0,0
20.803061332,0,1
20.803102934,0,0
20.803141090,0,1
20.803164322,1,1
20.803183676,1,0
20.803228226,1,1
20.811438598,1,0
20.815879122,1,1
20.864007032,0,1
20.864018826,0,0
20.864061400,0,1
20.864084624,1,1
20.864103974,1,0
20.864145070,1,1
20.864187650,1,0
20.864228748,1,1
20.864250178,0,1
20.864270342,0,0
20.864311444,0,1
20.864334670,1,1
20.864354020,1,0
20.864395116,1,1
20.864437694,1,0
20.864478792,1,1
20.864521372,1,0
20.864562468,1,1
20.864583900,0,1
20.864604062,0,0
20.864645156,0,1
20.864686742,0,0
20.864730286,0,1
20.864771866,0,0
20.864810002,0,1
20.864833216,1,1
20.864852558,1,0
20.864897084,1,1
20.864914758,1,0
20.871878218,1,1
20.883339178,0,1
20.883350974,0,0
20.883393558,0,1
20.883435154,0,0
20.883476260,0,1
20.883499490,1,1
20.883518842,1,0
20.883559944,1,1
20.883581378,0,1
20.883601544,0,0
20.883642648,0,1
20.883684250,0,0
20.883725358,0,1
20.883766960,0,0
20.883808072,0,1
20.883849670,0,0
20.883890780,0,1
20.883914010,1,1
20.883933364,1,0
20.883974466,1,1
20.883995902,0,1
20.884016066,0,0
20.884059634,0,1
20.884082862,1,1
20.884102214,1,0
20.884140358,1,1
20.884182942,1,0
20.884227484,1,1
20.884245158,1,0
20.887878006,1,1
20.928131728,0,1
20.928143526,0,0
20.928186098,0,1
20.928227694,0,0
20.928268798,0,1
20.928310390,0,0
20.928351496,0,1
20.928393092,0,0
20.928434196,0,1
20.928475794,0,0
20.928516898,0,1
20.928540124,1,1
20.928559472,1,0
20.928600572,1,1
20.928643154,1,0
20.928684254,1,1
20.928726836,1,0
20.928767936,1,1
20.928810516,1,0
20.928854080,1,1
20.928896664,1,0
20.928934812,1,1
20.928977394,1,0
20.929021944,1,1
20.932653488,0,1
20.932665290,0,0
20.932707876,0,1
20.932749470,0,0
20.932790574,0,1
20.932813802,1,1
20.932833152,1,0
20.932874248,1,1
20.932895682,0,1
20.932915846,0,0
20.932956950,0,1
20.932998540,0,0
20.933039644,0,1
20.933081238,0,0
20.933122340,0,1
20.933163932,0,0
20.933205038,0,1
20.933228264,1,1
20.933247612,1,0
20.933288710,1,1
20.933310144,0,1
20.933330310,0,0
20.933373872,0,1
20.933397098,1,1
20.933416448,1,0
20.933454596,1,1
20.933497180,1,0
20.933541724,1,1
20.941283358,1,0
20.943879062,1,1
20.953199970,0,1
20.953211766,0,0
20.953254346,0,1
20.953295946,0,0
20.953337048,0,1
20.953378644,0,0
20.953419748,0,1
20.953461342,0,0
20.953502448,0,1
20.953544046,0,0
20.953585148,0,1
20.953608376,1,1
20.953627728,1,0
20.953668834,1,1
20.953711416,1,0
20.953752520,1,1
20.953795108,1,0
20.953836206,1,1
20.953878788,1,0
20.953922350,1,1
20.953964932,1,0
20.954003076,1,1
20.954045656,1,0
20.954090198,1,1
20.957714624,0,1
20.957726422,0,0
20.957769004,0,1
20.957792230,1,1
20.957811582,1,0
20.957852684,1,1
20.957895268,1,0
20.957936368,1,1
20.957957806,0,1
20.957977972,0,0
20.958019080,0,1
20.958042306,1,1
20.958061656,1,0
20.958102760,1,1
20.958145344,1,0
20.958186442,1,1
20.958229030,1,0
20.958270132,1,1
20.958291568,0,1
20.958311732,0,0
20.958352838,0,1
20.958394436,0,0
20.958438004,0,1
20.958479602,0,0
20.958517758,0,1
20.958540982,1,1
20.958560332,1,0
20.958604878,1,1
20.966015536,1,0
20.967878166,1,1
21.011710806,0,1
21.011722602,0,0
21.011765182,0,1
21.011806780,0,0
21.011847886,0,1
21.011871112,1,1
21.011890466,1,0
21.011931568,1,1
21.011953002,0,1
21.011973168,0,0
21.012014274,0,1
21.012055868,0,0
21.012096972,0,1
21.012138568,0,0
21.012179672,0,1
21.012221268,0,0
21.012262374,0,1
21.012285600,1,1
21.012304950,1,0
21.012346050,1,1
21.012367484,0,1
21.012387648,0,0
21.012431210,0,1
21.012454436,1,1
21.012473786,1,0
21.012511930,1,1
21.012554512,1,0
21.012599058,1,1
21.012617310,1,0
21.015877876,1,1
21.019915512,0,1
21.019927310,0,0
21.019969892,0,1
21.019993122,1,1
21.020012472,1,0
21.020053572,1,1
21.020096156,1,0
21.020137258,1,1
21.020158694,0,1
21.020178860,0,0
21.020219968,0,1
21.020243200,1,1
21.020262552,1,0
21.020303652,1,1
21.020346238,1,0
21.020387342,1,1
21.020429922,1,0
21.020471024,1,1
21.020492462,0,1
21.020512628,0,0
21.020553734,0,1
21.020595332,0,0
21.020638902,0,1
21.020680506,0,0
21.020718660,0,1
21.020741888,1,1
21.020761240,1,0
21.020805786,1,1
21.020824606,1,0
21.023877660,1,1
21.094834540,0,1
21.094846338,0,0
21.094888918,0,1
21.094930516,0,0
21.094971622,0,1
21.095013218,0,0
21.095054324,0,1
21.095095920,0,0
21.095137018,0,1
21.095178614,0,0
21.095219718,0,1
21.095242944,1,1
21.095262296,1,0
21.095303400,1,1
21.095345984,1,0
21.095387084,1,1
21.095429662,1,0
21.095470762,1,1
21.095513338,1,0
21.095556900,1,1
21.095599484,1,0
21.095637632,1,1
21.095680214,1,0
21.095724760,1,1
21.099356198,0,1
21.099367996,0,0
21.099410580,0,1
21.099452178,0,0
21.099493282,0,1
21.099516514,1,1
21.099535864,1,0
21.099576966,1,1
21.099598404,0,1
21.099618570,0,0
21.099659682,0,1
21.099701280,0,0
21.099742386,0,1
21.099783990,0,0
21.099825102,0,1
21.099866702,0,0
21.099907812,0,1
21.099931042,1,1
21.099950394,1,0
21.099991498,1,1
21.100012934,0,1
21.100033102,0,0
21.100076670,0,1
21.100099896,1,1
21.100119248,1,0
21.100157398,1,1
21.100199980,1,0
21.100244528,1,1
21.103871984,0,1
21.103883780,0,0
21.103926358,0,1
21.103967956,0,0
21.104009062,0,1
21.104050658,0,0
21.104091764,0,1
21.104133362,0,0
21.104174466,0,1
21.104216060,0,0
21.104257166,0,1
21.104280396,1,1
21.104299744,1,0
21.104340846,1,1
21.104383424,1,0
21.104424524,1,1
21.104467102,1,0
21.104508200,1,1
21.104550780,1,0
21.104594336,1,1
21.104636922,1,0
21.104675076,1,1
21.104717658,1,0
21.104762204,1,1
21.108386724,0,1
21.108398520,0,0
21.108441104,0,1
21.108464332,1,1
21.108483684,1,0
21.108524786,1,1
21.108567368,1,0
21.108608470,1,1
21.108629904,0,1
21.108650070,0,0
21.108691180,0,1
21.108714408,1,1
21.108733760,1,0
21.108774868,1,1
21.108817456,1,0
21.108858564,1,1
21.108901148,1,0
21.108942252,1,1
21.108963690,0,1
21.108983858,0,0
21.109024966,0,1
21.109066566,0,0
21.109110134,0,1
21.109151732,0,0
21.109189884,0,1
21.109213116,1,1
21.109232468,1,0
21.109277018,1,1
21.117512152,1,0
21.119877934,1,1
21.252646354,0,1
21.252658152,0,0
21.252700750,0,1
21.252723988,1,1
21.252743350,1,0
21.252784460,1,1
21.252827048,1,0
21.252868150,1,1
21.252889586,0,1
21.252909752,0,0
21.252950854,0,1
21.252974082,1,1
21.252993432,1,0
21.253034532,1,1
21.253077110,1,0
21.253118208,1,1
21.253160782,1,0
21.253201874,1,1
21.253223308,0,1
21.253243472,0,0
21.253284574,0,1
21.253326164,0,0
21.253369724,0,1
21.253411318,0,0
21.253449466,0,1
21.253472692,1,1
21.253492038,1,0
21.253536580,1,1
21.253554804,1,0
21.255876788,1,1
21.293180446,0,1
21.293192240,0,0
21.293234820,0,1
21.293258046,1,1
21.293277396,1,0
21.293318496,1,1
21.293361078,1,0
21.293402180,1,1
21.293423616,0,1
21.293443778,0,0
21.293484882,0,1
21.293526478,0,0
21.293567584,0,1
21.293590812,1,1
21.293610160,1,0
21.293651262,1,1
21.293693846,1,0
21.293734944,1,1
21.293756378,0,1
21.293776544,0,0
21.293817648,0,1
21.293859246,0,0
21.293902814,0,1
21.293926044,1,1
21.293945394,1,0
21.293983536,1,1
21.294026116,1,0
21.294070662,1,1
21.294088126,1,0
21.295877440,1,1
21.355552492,0,1
21.355564288,0,0
21.355606866,0,1
21.355648460,0,0
21.355689562,0,1
21.355731158,0,0
21.355772264,0,1
21.355813862,0,0
21.355854960,0,1
21.355896556,0,0
21.355937660,0,1
21.355960882,1,1
21.355980234,1,0
21.356021332,1,1
21.356063912,1,0
21.356105010,1,1
21.356147592,1,0
21.356188692,1,1
21.356231272,1,0
21.356274828,1,1
21.356317408,1,0
21.356355552,1,1
21.356398128,1,0
21.356442672,1,1
21.360070028,0,1
21.360081824,0,0
21.360124398,0,1
21.360147624,1,1
21.360166970,1,0
21.360208066,1,1
21.360250646,1,0
21.360291744,1,1
21.360313176,0,1
21.360333342,0,0
21.360374444,0,1
21.360416036,0,0
21.360457138,0,1
21.360480364,1,1
21.360499714,1,0
21.360540812,1,1
21.360583392,1,0
21.360624492,1,1
21.360645928,0,1
21.360666098,0,0
21.360707204,0,1
21.360748804,0,0
21.360792372,0,1
21.360815600,1,1
21.360834950,1,0
21.360873100,1,1
21.360915680,1,0
21.360960222,1,1
21.368981932,1,0
21.375876870,1,1
21.376497560,0,1
21.376509358,0,0
21.376551936,0,1
21.376593538,0,0
21.376634646,0,1
21.376676238,0,0
21.376717330,0,1
21.376758918,0,0
21.376800008,0,1
21.376841584,0,0
21.376882672,0,1
21.376905888,1,1
21.376925232,1,0
21.376966310,1,1
21.377008878,1,0
21.377049960,1,1
21.377092520,1,0
21.377133606,1,1
21.377176168,1,0
21.377219704,1,1
21.377262276,1,0
21.377300416,1,1
21.377342994,1,0
21.377387538,1,1
21.381012104,0,1
21.381023902,0,0
21.381066486,0,1
21.381089714,1,1
21.381109064,1,0
21.381150162,1,1
21.381192742,1,0
21.381233844,1,1
21.381255276,0,1
21.381275440,0,0
21.381316544,0,1
21.381339772,1,1
21.381359124,1,0
21.381400224,1,1
21.381442808,1,0
21.381483912,1,1
21.381526492,1,0
21.381567592,1,1
21.381589034,0,1
21.381609200,0,0
21.381650308,0,1
21.381691908,0,0
21.381735480,0,1
21.381777080,0,0
21.381815232,0,1
21.381838464,1,1
21.381857816,1,0
21.381902366,1,1
21.389584860,1,0
21.391877830,1,1
21.424033878,0,1
21.424045676,0,0
21.424088256,0,1
21.424111484,1,1
21.424130836,1,0
21.424171940,1,1
21.424214522,1,0
21.424255620,1,1
21.424277056,0,1
21.424297220,0,0
21.424338326,0,1
21.424361554,1,1
21.424380904,1,0
21.424422008,1,1
21.424464596,1,0
21.424505696,1,1
21.424548280,1,0
21.424589382,1,1
21.424610816,0,1
21.424630982,0,0
21.424672088,0,1
21.424713692,0,0
21.424757264,0,1
21.424798862,0,0
21.424837018,0,1
21.424860244,1,1
21.424879596,1,0
21.424924144,1,1
21.424942968,1,0
21.431876232,1,1
21.536239414,0,1
21.536251210,0,0
21.536293790,0,1
21.536335382,0,0
21.536376486,0,1
21.536418084,0,0
21.536459188,0,1
21.536500786,0,0
21.536541890,0,1
21.536583488,0,0
21.536624592,0,1
21.536647820,1,1
21.536667172,1,0
21.536708274,1,1
21.536750854,1,0
21.536791958,1,1
21.536834538,1,0
21.536875636,1,1
21.536918218,1,0
21.536961778,1,1
21.537004358,1,0
21.537042506,1,1
21.537085090,1,0
21.537129634,1,1
21.540752202,0,1
21.540763992,0,0
21.540806544,0,1
21.540829756,1,1
21.540849098,1,0
21.540890174,1,1
21.540932728,1,0
21.540973808,1,1
21.540995232,0,1
21.541015388,0,0
21.541056466,0,1
21.541079684,1,1
21.541099024,1,0
21.541140098,1,1
21.541182652,1,0
21.541223724,1,1
21.541266278,1,0
21.541307342,1,1
21.541328764,0,1
21.541348916,0,0
21.541389996,0,1
21.541431566,0,0
21.541475118,0,1
21.541516708,0,0
21.541554854,0,1
21.541578078,1,1
21.541597426,1,0
21.541641972,1,1
21.549337722,1,0
21.551877720,1,1
21.586435554,0,1
21.586447352,0,0
21.586489932,0,1
21.586513158,1,1
21.586532508,1,0
21.586573610,1,1
21.586616190,1,0
21.586657292,1,1
21.586678726,0,1
21.586698892,0,0
21.586740000,0,1
21.586763228,1,1
21.586782580,1,0
21.586823680,1,1
21.586866264,1,0
21.586907358,1,1
21.586949938,1,0
21.586991038,1,1
21.587012470,0,1
21.587032634,0,0
21.587073734,0,1
21.587115330,0,0
21.587158894,0,1
21.587200490,0,0
21.587238640,0,1
21.587261870,1,1
21.587281220,1,0
21.587325764,1,1
21.587344004,1,0
21.591876768,1,1
21.621561626,0,1
21.621573422,0,0
21.621615998,0,1
21.621639226,1,1
21.621658578,1,0
21.621699684,1,1
21.621742264,1,0
21.621783364,1,1
21.621804796,0,1
21.621824960,0,0
21.621866064,0,1
21.621907658,0,0
21.621948760,0,1
21.621971988,1,1
21.621991338,1,0
21.622032438,1,1
21.622075018,1,0
21.622116116,1,1
21.622137552,0,1
21.622157716,0,0
21.622198816,0,1
21.622240410,0,0
21.622283972,0,1
21.622307194,1,1
21.622326544,1,0
21.622364692,1,1
21.622407274,1,0
21.622451818,1,1
21.622469976,1,0
21.623876722,1,1
21.686968924,0,1
21.686980718,0,0
21.687023290,0,1
21.687064880,0,0
21.687105982,0,1
21.687147576,0,0
21.687188676,0,1
21.687230270,0,0
21.687271374,0,1
21.687312970,0,0
21.687354074,0,1
21.687377302,1,1
21.687396652,1,0
21.687437750,1,1
21.687480328,1,0
21.687521426,1,1
21.687564004,1,0
21.687605100,1,1
21.687647680,1,0
21.687691244,1,1
21.687733822,1,0
21.687771974,1,1
21.687814558,1,0
21.687859106,1,1
21.691486296,0,1
21.691498090,0,0
21.691540660,0,1
21.691563890,1,1
21.691583238,1,0
21.691624340,1,1
21.691666926,1,0
21.691708036,1,1
21.691729472,0,1
21.691749638,0,0
21.691790746,0,1
21.691832348,0,0
21.691873456,0,1
21.691896682,1,1
21.691916032,1,0
21.691957136,1,1
21.691999722,1,0
21.692040822,1,1
21.692062260,0,1
21.692082428,0,0
21.692123532,0,1
21.692165130,0,0
21.692208694,0,1
21.692231926,1,1
21.692251276,1,0
21.692289424,1,1
21.692332008,1,0
21.692376558,1,1
21.699823612,1,0
21.703875668,1,1
21.709461778,0,1
21.709473576,0,0
21.709516158,0,1
21.709557758,0,0
21.709598880,0,1
21.709640502,0,0
21.709681640,0,1
21.709723252,0,0
21.709764366,0,1
21.709805976,0,0
21.709847084,0,1
21.709870312,1,1
21.709889666,1,0
21.709930770,1,1
21.709973352,1,0
21.710014452,1,1
21.710057036,1,0
21.710098138,1,1
21.710140720,1,0
21.710184284,1,1
21.710226868,1,0
21.710265014,1,1
21.710307592,1,0
21.710352138,1,1
21.713976748,0,1
21.713988544,0,0
21.714031124,0,1
21.714054350,1,1
21.714073702,1,0
21.714114802,1,1
21.714157384,1,0
21.714198484,1,1
21.714219916,0,1
21.714240082,0,0
21.714281188,0,1
21.714304414,1,1
21.714323766,1,0
21.714364866,1,1
21.714407452,1,0
21.714448550,1,1
21.714491130,1,0
21.714532230,1,1
21.714553668,0,1
21.714573834,0,0
21.714614942,0,1
21.714656548,0,0
21.714700120,0,1
21.714741718,0,0
21.714779870,0,1
21.714803100,1,1
21.714822450,1,0
21.714866994,1,1
21.722495956,1,0
21.727876702,1,1
21.743676946,0,1
21.743688734,0,0
21.743731288,0,1
21.743754500,1,1
21.743773842,1,0
21.743814916,1,1
21.743857482,1,0
21.743898562,1,1
21.743919984,0,1
21.743940138,0,0
21.743981222,0,1
21.744004438,1,1
21.744023778,1,0
21.744064856,1,1
21.744107416,1,0
21.744148492,1,1
21.744191048,1,0
21.744232116,1,1
21.744253540,0,1
21.744273694,0,0
21.744314770,0,1
21.744356340,0,0
21.744399882,0,1
21.744441454,0,0
21.744479582,0,1
21.744502794,1,1
21.744522134,1,0
21.744566656,1,1
21.744584662,1,0
21.751876162,1,1
21.853169304,0,1
21.853181102,0,0
21.853223688,0,1
21.853265290,0,0
21.853306402,0,1
21.853347998,0,0
21.853389096,0,1
21.853430690,0,0
21.853471792,0,1
21.853513388,0,0
21.853554492,0,1
21.853577720,1,1
21.853597072,1,0
21.853638172,1,1
21.853680756,1,0
21.853721860,1,1
21.853764440,1,0
21.853805542,1,1
21.853848132,1,0
21.853891696,1,1
21.853934280,1,0
21.853972428,1,1
21.854015008,1,0
21.854059550,1,1
21.857682750,0,1
21.857694546,0,0
21.857737122,0,1
21.857760350,1,1
21.857779700,1,0
21.857820800,1,1
21.857863376,1,0
21.857904472,1,1
21.857925908,0,1
21.857946072,0,0
21.857987176,0,1
21.858010398,1,1
21.858029750,1,0
21.858070850,1,1
21.858113428,1,0
21.858154526,1,1
21.858197106,1,0
21.858238204,1,1
21.858259636,0,1
21.858279804,0,0
21.858320906,0,1
21.858362498,0,0
21.858406060,0,1
21.858447654,0,0
21.858485800,0,1
21.858509026,1,1
21.858528376,1,0
21.858572918,1,1
21.866778926,1,0
21.871877650,1,1
21.876725054,0,1
21.876736852,0,0
21.876779430,0,1
21.876802660,1,1
21.876822010,1,0
21.876863114,1,1
21.876905696,1,0
21.876946796,1,1
21.876968228,0,1
21.876988392,0,0
21.877029486,0,1
21.877052704,1,1
21.877072048,1,0
21.877113150,1,1
21.877155740,1,0
21.877196846,1,1
21.877239424,1,0
21.877280524,1,1
21.877301956,0,1
21.877322120,0,0
21.877363224,0,1
21.877404822,0,0
21.877448390,0,1
21.877489988,0,0
21.877528138,0,1
21.877551366,1,1
21.877570718,1,0
21.877615262,1,1
21.877633194,1,0
21.879875846,1,1
21.966218764,0,1
21.966230562,0,0
21.966273144,0,1
21.966296374,1,1
21.966315728,1,0
21.966356832,1,1
21.966399416,1,0
21.966440522,1,1
21.966461958,0,1
21.966482124,0,0
21.966523230,0,1
21.966564834,0,0
21.966605942,0,1
21.966629170,1,1
21.966648522,1,0
21.966689634,1,1
21.966732220,1,0
21.966773328,1,1
21.966794764,0,1
21.966814932,0,0
21.966856038,0,1
21.966897638,0,0
21.966941212,0,1
21.966964442,1,1
21.966983794,1,0
21.967021946,1,1
21.967064532,1,0
21.967109086,1,1
21.967127238,1,0
21.967876144,1,1
22.364663002,0,1
22.364674800,0,0
22.364717380,0,1
22.364758978,0,0
22.364800084,0,1
22.364841680,0,0
22.364882784,0,1
22.364924380,0,0
22.364965484,0,1
22.365007080,0,0
22.365048186,0,1
22.365071412,1,1
22.365090762,1,0
22.365131864,1,1
22.365174442,1,0
22.365215542,1,1
22.365258126,1,0
22.365299228,1,1
22.365341810,1,0
22.365385376,1,1
22.365427958,1,0
22.365466106,1,1
22.365508684,1,0
22.365553232,1,1
22.369180510,0,1
22.369192308,0,0
22.369234886,0,1
22.369258112,1,1
22.369277462,1,0
22.369318560,1,1
22.369361140,1,0
22.369402236,1,1
22.369423672,0,1
22.369443836,0,0
22.369484936,0,1
22.369526532,0,0
22.369567634,0,1
22.369590860,1,1
22.369610216,1,0
22.369651338,1,1
22.369693942,1,0
22.369735072,1,1
22.369756514,0,1
22.369776686,0,0
22.369817802,0,1
22.369859406,0,0
22.369902982,0,1
22.369926212,1,1
22.369945564,1,0
22.369983718,1,1
22.370026300,1,0
22.370070842,1,1
22.376852946,0,1
22.376864742,0,0
22.376907320,0,1
22.376948916,0,0
22.376990022,0,1
22.377031616,0,0
22.377072726,0,1
22.377114328,0,0
22.377155432,0,1
22.377197030,0,0
22.377238132,0,1
22.377261360,1,1
22.377280710,1,0
22.377321810,1,1
22.377364396,1,0
22.377405492,1,1
22.377448076,1,0
22.377489182,1,1
22.377531762,1,0
22.377575322,1,1
22.377617904,1,0
22.377656052,1,1
22.377698634,1,0
22.377743182,1,1
22.381367678,0,1
22.381379474,0,0
22.381422052,0,1
22.381445282,1,1
22.381464632,1,0
22.381505734,1,1
22.381548318,1,0
22.381589420,1,1
22.381610856,0,1
22.381631024,0,0
22.381672138,0,1
22.381695368,1,1
22.381714720,1,0
22.381755820,1,1
22.381798406,1,0
22.381839512,1,1
22.381882098,1,0
22.381923200,1,1
22.381944638,0,1
22.381964804,0,0
22.382005910,0,1
22.382047508,0,0
22.382091080,0,1
22.382132680,0,0
22.382170840,0,1
22.382194070,1,1
22.382213422,1,0
22.382257972,1,1
22.390369544,1,0
22.391875374,1,1
22.459022042,0,1
22.459033838,0,0
22.459076412,0,1
22.459099640,1,1
22.459118990,1,0
22.459160088,1,1
22.459202664,1,0
22.459243760,1,1
22.459265198,0,1
22.459285362,0,0
22.459326456,0,1
22.459368034,0,0
22.459409116,0,1
22.459432332,1,1
22.459451672,1,0
22.459492742,1,1
22.459535312,1,0
22.459576388,1,1
22.459597810,0,1
22.459617962,0,0
22.459659044,0,1
22.459700618,0,0
22.459744154,0,1
22.459767370,1,1
22.459786716,1,0
22.459824856,1,1
22.459867430,1,0
22.459911956,1,1
22.459930344,1,0
22.463874672,1,1
22.467444576,0,1
22.467456372,0,0
22.467498954,0,1
22.467522184,1,1
22.467541536,1,0
22.467582634,1,1
22.467625216,1,0
22.467666320,1,1
22.467687756,0,1
22.467707922,0,0
22.467749026,0,1
22.467772260,1,1
22.467791612,1,0
22.467832712,1,1
22.467875296,1,0
22.467916406,1,1
22.467958990,1,0
22.468000094,1,1
22.468021530,0,1
22.468041698,0,0
22.468082806,0,1
22.468124404,0,0
22.468167972,0,1
22.468209570,0,0
22.468247720,0,1
22.468270950,1,1
22.468290300,1,0
22.468334854,1,1
22.468352502,1,0
22.471874018,1,1
22.567694430,0,1
22.567706234,0,0
22.567748846,0,1
22.567790480,0,0
22.567831620,0,1
22.567873252,0,0
22.567914396,0,1
22.567956026,0,0
22.567997152,0,1
22.568038778,0,0
22.568079904,0,1
22.568103142,1,1
22.568122504,1,0
22.568163624,1,1
22.568206222,1,0
22.568247336,1,1
22.568289938,1,0
22.568331056,1,1
22.568373656,1,0
22.568417234,1,1
22.568459834,1,0
22.568497998,1,1
22.568540596,1,0
22.568585166,1,1
22.572214102,0,1
22.572225898,0,0
22.572268482,0,1
22.572291706,1,1
22.572311056,1,0
22.572352154,1,1
22.572394734,1,0
22.572435832,1,1
22.572457264,0,1
22.572477426,0,0
22.572518530,0,1
22.572560122,0,0
22.572601224,0,1
22.572624452,1,1
22.572643804,1,0
22.572684906,1,1
22.572727492,1,0
22.572768594,1,1
22.572790028,0,1
22.572810192,0,0
22.572851294,0,1
22.572892890,0,0
22.572936456,0,1
22.572959682,1,1
22.572979030,1,0
22.573017176,1,1
22.573059760,1,0
22.573104300,1,1
22.579888422,0,1
22.579900224,0,0
22.579942818,0,1
22.579984434,0,0
22.580025556,0,1
22.580067168,0,0
22.580108292,0,1
22.580149906,0,0
22.580191030,0,1
22.580232648,0,0
22.580273778,0,1
22.580297014,1,1
22.580316372,1,0
22.580357498,1,1
22.580400100,1,0
22.580441220,1,1
22.580483822,1,0
22.580524948,1,1
22.580567544,1,0
22.580611130,1,1
22.580653730,1,0
22.580691892,1,1
22.580734490,1,0
22.580779056,1,1
22.584405296,0,1
22.584417100,0,0
22.584459704,0,1
22.584482944,1,1
22.584502302,1,0
22.584543426,1,1
22.584586032,1,0
22.584627154,1,1
22.584648596,0,1
22.584668772,0,0
22.584709900,0,1
22.584733138,1,1
22.584752496,1,0
22.584793616,1,1
22.584836216,1,0
22.584877334,1,1
22.584919930,1,0
22.584961050,1,1
22.584982494,0,1
22.585002668,0,0
22.585043794,0,1
22.585085412,0,0
22.585129006,0,1
22.585170620,0,0
22.585208798,0,1
22.585232040,1,1
22.585251400,1,0
22.585295970,1,1
22.593417284,1,0
22.599874952,1,1
22.632778574,0,1
22.632790376,0,0
22.632832978,0,1
22.632856216,1,1
22.632875572,1,0
22.632916690,1,1
22.632959292,1,0
22.633000412,1,1
22.633021856,0,1
22.633042032,0,0
22.633083170,0,1
22.633106414,1,1
22.633125774,1,0
22.633166900,1,1
22.633209500,1,0
22.633250622,1,1
22.633293220,1,0
22.633334340,1,1
22.633355788,0,1
22.633375964,0,0
22.633417086,0,1
22.633458706,0,0
22.633502294,0,1
22.633543910,0,0
22.633582080,0,1
22.633605322,1,1
22.633624682,1,0
22.633669252,1,1
22.633687694,1,0
22.639874172,1,1
22.719190868,0,1
22.719202664,0,0
22.719245242,0,1
22.719268466,1,1
22.719287816,1,0
22.719328920,1,1
22.719371498,1,0
22.719412598,1,1
22.719434036,0,1
22.719454202,0,0
22.719495308,0,1
22.719536906,0,0
22.719578014,0,1
22.719601244,1,1
22.719620596,1,0
22.719661702,1,1
22.719704308,1,0
22.719745426,1,1
22.719766868,0,1
22.719787038,0,0
22.719828156,0,1
22.719869764,0,0
22.719913334,0,1
22.719936562,1,1
22.719955916,1,0
22.719994068,1,1
22.720036648,1,0
22.720081194,1,1
22.720098918,1,0
22.727873948,1,1
23.090449688,0,1
23.090461484,0,0
23.090504064,0,1
23.090545658,0,0
23.090586762,0,1
23.090628358,0,0
23.090669466,0,1
23.090711066,0,0
23.090752170,0,1
23.090793770,0,0
23.090834874,0,1
23.090858102,1,1
23.090877452,1,0
23.090918554,1,1
23.090961134,1,0
23.091002232,1,1
23.091044810,1,0
23.091085908,1,1
23.091128484,1,0
23.091172048,1,1
23.091214626,1,0
23.091252768,1,1
23.091295352,1,0
23.091339896,1,1
23.094967218,0,1
23.094979014,0,0
23.095021590,0,1
23.095044812,1,1
23.095064162,1,0
23.095105262,1,1
23.095147844,1,0
23.095188942,1,1
23.095210378,0,1
23.095230544,0,0
23.095271646,0,1
23.095313238,0,0
23.095354340,0,1
23.095377564,1,1
23.095396914,1,0
23.095438014,1,1
23.095480590,1,0
23.095521688,1,1
23.095543122,0,1
23.095563286,0,0
23.095604388,0,1
23.095645982,0,0
23.095689546,0,1
23.095712774,1,1
23.095732126,1,0
23.095770272,1,1
23.095812856,1,0
23.095857402,1,1
23.103611068,1,0
23.103873338,1,1
23.118093386,0,1
23.118105184,0,0
23.118147762,0,1
23.118189356,0,0
23.118230458,0,1
23.118272052,0,0
23.118313158,0,1
23.118354756,0,0
23.118395866,0,1
23.118437468,0,0
23.118478574,0,1
23.118501802,1,1
23.118521152,1,0
23.118562254,1,1
23.118604838,1,0
23.118645938,1,1
23.118688528,1,0
23.118729630,1,1
23.118772212,1,0
23.118815774,1,1
23.118858356,1,0
23.118896504,1,1
23.118939086,1,0
23.118983634,1,1
23.122608122,0,1
23.122619918,0,0
23.122662494,0,1
23.122685720,1,1
23.122705070,1,0
23.122746168,1,1
23.122788750,1,0
23.122829850,1,1
23.122851282,0,1
23.122871448,0,0
23.122912550,0,1
23.122935780,1,1
23.122955128,1,0
23.122996226,1,1
23.123038808,1,0
23.123079904,1,1
23.123122482,1,0
23.123163582,1,1
23.123185014,0,1
23.123205180,0,0
23.123246282,0,1
23.123287878,0,0
23.123331446,0,1
23.123373042,0,0
23.123411198,0,1
23.123434424,1,1
23.123453776,1,0
23.123498320,1,1
23.131438094,1,0
23.135873748,1,1
23.277653822,0,1
23.277665620,0,0
23.277708200,0,1
23.277731428,1,1
23.277750776,1,0
23.277791878,1,1
23.277834462,1,0
23.277875558,1,1
23.277896990,0,1
23.277917154,0,0
23.277958256,0,1
23.277981484,1,1
23.278000832,1,0
23.278041932,1,1
23.278084512,1,0
23.278125608,1,1
23.278168192,1,0
23.278209294,1,1
23.278230728,0,1
23.278250892,0,0
23.278291990,0,1
23.278333586,0,0
23.278377134,0,1
23.278418712,0,0
23.278456846,0,1
23.278480058,1,1
23.278499398,1,0
23.278543928,1,1
23.278562412,1,0
23.279872402,1,1
23.282170414,0,1
23.282182206,0,0
23.282224768,0,1
23.282247992,1,1
23.282267338,1,0
23.282308438,1,1
23.282351012,1,0
23.282392110,1,1
23.282413548,0,1
23.282433714,0,0
23.282474816,0,1
23.282516414,0,0
23.282557520,0,1
23.282580748,1,1
23.282600096,1,0
23.282641198,1,1
23.282683786,1,0
23.282724888,1,1
23.282746322,0,1
23.282766488,0,0
23.282807594,0,1
23.282849190,0,0
23.282892756,0,1
23.282915986,1,1
23.282935340,1,0
23.282973490,1,1
23.283016070,1,0
23.283060616,1,1
23.283078302,1,0
23.287872088,1,1
23.299985716,0,1
23.299997512,0,0
23.300040092,0,1
23.300081690,0,0
23.300122796,0,1
23.300164394,0,0
23.300205502,0,1
23.300247102,0,0
23.300288210,0,1
23.300329808,0,0
23.300370918,0,1
23.300394146,1,1
23.300413498,1,0
23.300454598,1,1
23.300497184,1,0
23.300538286,1,1
23.300580870,1,0
23.300621976,1,1
23.300664558,1,0
23.300708120,1,1
23.300750700,1,0
23.300788848,1,1
23.300831422,1,0
23.300875966,1,1
23.304503524,0,1
23.304515320,0,0
23.304557904,0,1
23.304581130,1,1
23.304600480,1,0
23.304641580,1,1
23.304684166,1,0
23.304725268,1,1
23.304746702,0,1
23.304766868,0,0
23.304807978,0,1
23.304849576,0,0
23.304890680,0,1
23.304913910,1,1
23.304933260,1,0
23.304974364,1,1
23.305016946,1,0
23.305058048,1,1
23.305079484,0,1
23.305099650,0,0
23.305140756,0,1
23.305182354,0,0
23.305225924,0,1
23.305249150,1,1
23.305268502,1,0
23.305306650,1,1
23.305349236,1,0
23.305393780,1,1
23.312808850,1,0
23.319872574,1,1
23.320419034,0,1
23.320430832,0,0
23.320473414,0,1
23.320515010,0,0
23.320556116,0,1
23.320597718,0,0
23.320638826,0,1
23.320680434,0,0
23.320721542,0,1
23.320763142,0,0
23.320804250,0,1
23.320827478,1,1
23.320846828,1,0
23.320887930,1,1
23.320930516,1,0
23.320971620,1,1
23.321014200,1,0
23.321055304,1,1
23.321097884,1,0
23.321141444,1,1
23.321184026,1,0
23.321222178,1,1
23.321264758,1,0
23.321309306,1,1
23.324933500,0,1
23.324945296,0,0
23.324987876,0,1
23.325011106,1,1
23.325030456,1,0
23.325071556,1,1
23.325114144,1,0
23.325155248,1,1
23.325176682,0,1
23.325196848,0,0
23.325237952,0,1
23.325261180,1,1
23.325280532,1,0
23.325321630,1,1
23.325364214,1,0
23.325405318,1,1
23.325447898,1,0
23.325489002,1,1
23.325510436,0,1
23.325530604,0,0
23.325571710,0,1
23.325613310,0,0
23.325656880,0,1
23.325698480,0,0
23.325736630,0,1
23.325759858,1,1
23.325779212,1,0
23.325823762,1,1
23.333411176,1,0
23.335873268,1,1
23.371018744,0,1
23.371030540,0,0
23.371073122,0,1
23.371096348,1,1
23.371115700,1,0
23.371156802,1,1
23.371199386,1,0
23.371240490,1,1
23.371261926,0,1
23.371282094,0,0
23.371323202,0,1
23.371346430,1,1
23.371365782,1,0
23.371406886,1,1
23.371449468,1,0
23.371490566,1,1
23.371533148,1,0
23.371574248,1,1
23.371595684,0,1
23.371615850,0,0
23.371656956,0,1
23.371698556,0,0
23.371742124,0,1
23.371783724,0,0
23.371821876,0,1
23.371845106,1,1
23.371864456,1,0
23.371909002,1,1
23.371927626,1,0
23.375873480,1,1
23.835594788,0,1
23.835606584,0,0
23.835649158,0,1
23.835690756,0,0
23.835731856,0,1
23.835755084,1,1
23.835774436,1,0
23.835815538,1,1
23.835836976,0,1
23.835857140,0,0
23.835898244,0,1
23.835939838,0,0
23.835980938,0,1
23.836022536,0,0
23.836063640,0,1
23.836105236,0,0
23.836146342,0,1
23.836169568,1,1
23.836188922,1,0
23.836230024,1,1
23.836251458,0,1
23.836271622,0,0
23.836315188,0,1
23.836338414,1,1
23.836357764,1,0
23.836395908,1,1
23.836438496,1,0
23.836483042,1,1
23.836501924,1,0
23.839871742,1,1
23.861282158,0,1
23.861293956,0,0
23.861336538,0,1
23.861378138,0,0
23.861419244,0,1
23.861460842,0,0
23.861501946,0,1
23.861543542,0,0
23.861584646,0,1
23.861626246,0,0
23.861667354,0,1
23.861690588,1,1
23.861709940,1,0
23.861751048,1,1
23.861793630,1,0
23.861834732,1,1
23.861877318,1,0
23.861918420,1,1
23.861961000,1,0
23.862004562,1,1
23.862047146,1,0
23.862085290,1,1
23.862127876,1,0
23.862172418,1,1
23.865803960,0,1
23.865815758,0,0
23.865858340,0,1
23.865899940,0,0
23.865941050,0,1
23.865964280,1,1
23.865983632,1,0
23.866024736,1,1
23.866046174,0,1
23.866066342,0,0
23.866107450,0,1
23.866149048,0,0
23.866190160,0,1
23.866231760,0,0
23.866272868,0,1
23.866314470,0,0
23.866355578,0,1
23.866378810,1,1
23.866398162,1,0
23.866439270,1,1
23.866460706,0,1
23.866480872,0,0
23.866524442,0,1
23.866547670,1,1
23.866567026,1,0
23.866605178,1,1
23.866647762,1,0
23.866692316,1,1
23.874482730,1,0
23.879871326,1,1
23.881204474,0,1
23.881216270,0,0
23.881258852,0,1
23.881300448,0,0
23.881341554,0,1
23.881383156,0,0
23.881424266,0,1
23.881465864,0,0
23.881506972,0,1
23.881548574,0,0
23.881589680,0,1
23.881612908,1,1
23.881632260,1,0
23.881673368,1,1
23.881715950,1,0
23.881757054,1,1
23.881799644,1,0
23.881840748,1,1
23.881883330,1,0
23.881926896,1,1
23.881969480,1,0
23.882007628,1,1
23.882050210,1,0
23.882094758,1,1
23.885719550,0,1
23.885731350,0,0
23.885773932,0,1
23.885797160,1,1
23.885816510,1,0
23.885857612,1,1
23.885900192,1,0
23.885941294,1,1
23.885962730,0,1
23.885982898,0,0
23.886024002,0,1
23.886047230,1,1
23.886066578,1,0
23.886107676,1,1
23.886150258,1,0
23.886191358,1,1
23.886233944,1,0
23.886275048,1,1
23.886296480,0,1
23.886316646,0,0
23.886357750,0,1
23.886399348,0,0
23.886442916,0,1
23.886484516,0,0
23.886522674,0,1
23.886545904,1,1
23.886565254,1,0
23.886609804,1,1
23.894058880,1,0
23.895873296,1,1
24.048947908,0,1
24.048959706,0,0
24.049002284,0,1
24.049025516,1,1
24.049044868,1,0
24.049085970,1,1
24.049128552,1,0
24.049169652,1,1
24.049191088,0,1
24.049211254,0,0
24.049252356,0,1
24.049275584,1,1
24.049294936,1,0
24.049336036,1,1
24.049378620,1,0
24.049419718,1,1
24.049462302,1,0
24.049503402,1,1
24.049524836,0,1
24.049545002,0,0
24.049586110,0,1
24.049627708,0,0
24.049671284,0,1
24.049712888,0,0
24.049751044,0,1
24.049774276,1,1
24.049793628,1,0
24.049838182,1,1
24.049856352,1,0
24.055870440,1,1
24.056505488,0,1
24.056517286,0,0
24.056559866,0,1
24.056583092,1,1
24.056602442,1,0
24.056643542,1,1
24.056686126,1,0
24.056727226,1,1
24.056748664,0,1
24.056768832,0,0
24.056809938,0,1
24.056851538,0,0
24.056892648,0,1
24.056915880,1,1
24.056935230,1,0
24.056976332,1,1
24.057018916,1,0
24.057060020,1,1
24.057081456,0,1
24.057101622,0,0
24.057142730,0,1
24.057184326,0,0
24.057227894,0,1
24.057251122,1,1
24.057270474,1,0
24.057308624,1,1
24.057351206,1,0
24.057395752,1,1
24.057414230,1,0
24.063870436,1,1
24.075042432,0,1
24.075054230,0,0
24.075096814,0,1
24.075138410,0,0
24.075179520,0,1
24.075221120,0,0
24.075262230,0,1
24.075303830,0,0
24.075344934,0,1
24.075386536,0,0
24.075427640,0,1
24.075450866,1,1
24.075470218,1,0
24.075511324,1,1
24.075553914,1,0
24.075595020,1,1
24.075637608,1,0
24.075678718,1,1
24.075721302,1,0
24.075764866,1,1
24.075807452,1,0
24.075845598,1,1
24.075888184,1,0
24.075932736,1,1
24.079560432,0,1
24.079572230,0,0
24.079614812,0,1
24.079638040,1,1
24.079657392,1,0
24.079698504,1,1
24.079741092,1,0
24.079782200,1,1
24.079803642,0,1
24.079823812,0,0
24.079864928,0,1
24.079906530,0,0
24.079947642,0,1
24.079970874,1,1
24.079990228,1,0
24.080031332,1,1
24.080073918,1,0
24.080115022,1,1
24.080136458,0,1
24.080156624,0,0
24.080197724,0,1
24.080239322,0,0
24.080282888,0,1
24.080306116,1,1
24.080325468,1,0
24.080363620,1,1
24.080406210,1,0
24.080450764,1,1
24.087827854,1,0
24.095871998,1,1
24.097345300,0,1
24.097357098,0,0
24.097399680,0,1
24.097441278,0,0
24.097482382,0,1
24.097505612,1,1
24.097524964,1,0
24.097566060,1,1
24.097587486,0,1
24.097607646,0,0
24.097648734,0,1
24.097690318,0,0
24.097731404,0,1
24.097772982,0,0
24.097814072,0,1
24.097855650,0,0
24.097896734,0,1
24.097919950,1,1
24.097939290,1,0
24.097980366,1,1
24.098001788,0,1
24.098021942,0,0
24.098065482,0,1
24.098088700,1,1
24.098108040,1,0
24.098146164,1,1
24.098188726,1,0
24.098233244,1,1
24.098251220,1,0
24.103870552,1,1
24.602268048,0,1
24.602279846,0,0
24.602322426,0,1
24.602364024,0,0
24.602405132,0,1
24.602446734,0,0
24.602487842,0,1
24.602529440,0,0
24.602570548,0,1
24.602612144,0,0
24.602653248,0,1
24.602676480,1,1
24.602695834,1,0
24.602736940,1,1
24.602779522,1,0
24.602820626,1,1
24.602863212,1,0
24.602904316,1,1
24.602946898,1,0
24.602990462,1,1
24.603033038,1,0
24.603071188,1,1
24.603113768,1,0
24.603158316,1,1
24.606782918,0,1
24.606794714,0,0
24.606837292,0,1
24.606860520,1,1
24.606879872,1,0
24.606920974,1,1
24.606963552,1,0
24.607004656,1,1
24.607026088,0,1
24.607046254,0,0
24.607087358,0,1
24.607110588,1,1
24.607129942,1,0
24.607171046,1,1
24.607213626,1,0
24.607254724,1,1
24.607297306,1,0
24.607338406,1,1
24.607359840,0,1
24.607380006,0,0
24.607421110,0,1
24.607462706,0,0
24.607506270,0,1
24.607547870,0,0
24.607586020,0,1
24.607609248,1,1
24.607628600,1,0
24.607673156,1,1
24.611300196,0,1
24.611311986,0,0
24.611354542,0,1
24.611377756,1,1
24.611397096,1,0
24.611438172,1,1
24.611480728,1,0
24.611521816,1,1
24.611543244,0,1
24.611563402,0,0
24.611604486,0,1
24.611646062,0,0
24.611687160,0,1
24.611710386,1,1
24.611729738,1,0
24.611770842,1,1
24.611813424,1,0
24.611854528,1,1
24.611875962,0,1
24.611896128,0,0
24.611937224,0,1
24.611978810,0,0
24.612022358,0,1
24.612045574,1,1
24.612064918,1,0
24.612103044,1,1
24.612145614,1,0
24.612190136,1,1
24.612208894,1,0
24.615869934,1,1
24.631941034,0,1
24.631952830,0,0
24.631995416,0,1
24.632037018,0,0
24.632078132,0,1
24.632119732,0,0
24.632160844,0,1
24.632202450,0,0
24.632243560,0,1
24.632285166,0,0
24.632326280,0,1
24.632349510,1,1
24.632368862,1,0
24.632409970,1,1
24.632452560,1,0
24.632493664,1,1
24.632536252,1,0
24.632577362,1,1
24.632619944,1,0
24.632663510,1,1
24.632706098,1,0
24.632744250,1,1
24.632786834,1,0
24.632831386,1,1
24.636459108,0,1
24.636470904,0,0
24.636513484,0,1
24.636536712,1,1
24.636556062,1,0
24.636597160,1,1
24.636639748,1,0
24.636680856,1,1
24.636702290,0,1
24.636722460,0,0
24.636763572,0,1
24.636805178,0,0
24.636846288,0,1
24.636869520,1,1
24.636888872,1,0
24.636929978,1,1
24.636972564,1,0
24.637013670,1,1
24.637035108,0,1
24.637055276,0,0
24.637096382,0,1
24.637137986,0,0
24.637181558,0,1
24.637204790,1,1
24.637224142,1,0
24.637262296,1,1
24.637304884,1,0
24.637349430,1,1
24.640977172,0,1
24.640988968,0,0
24.641031550,0,1
24.641073152,0,0
24.641114262,0,1
24.641155860,0,0
24.641196968,0,1
24.641238568,0,0
24.641279676,0,1
24.641321274,0,0
24.641362386,0,1
24.641385616,1,1
24.641404970,1,0
24.641446074,1,1
24.641488660,1,0
24.641529764,1,1
24.641572348,1,0
24.641613452,1,1
24.641656036,1,0
24.641699602,1,1
24.641742192,1,0
24.641780346,1,1
24.641822928,1,0
24.641867480,1,1
24.645498934,0,1
24.645510732,0,0
24.645553314,0,1
24.645594912,0,0
24.645636016,0,1
24.645659248,1,1
24.645678602,1,0
24.645719708,1,1
24.645741144,0,1
24.645761310,0,0
24.645802420,0,1
24.645844020,0,0
24.645885126,0,1
24.645926730,0,0
24.645967842,0,1
24.646009440,0,0
24.646050550,0,1
24.646073780,1,1
24.646093132,1,0
24.646134234,1,1
24.646155672,0,1
24.646175840,0,0
24.646219414,0,1
24.646242642,1,1
24.646261996,1,0
24.646300146,1,1
24.646342732,1,0
24.646387280,1,1
24.654640982,1,0
24.655870416,1,1
24.675272946,0,1
24.675284742,0,0
24.675327320,0,1
24.675350544,1,1
24.675369892,1,0
24.675410990,1,1
24.675453570,1,0
24.675494670,1,1
24.675516104,0,1
24.675536270,0,0
24.675577376,0,1
24.675618972,0,0
24.675660078,0,1
24.675683314,1,1
24.675702664,1,0
24.675743764,1,1
24.675786344,1,0
24.675827444,1,1
24.675848880,0,1
24.675869044,0,0
24.675910146,0,1
24.675951746,0,0
24.675995314,0,1
24.676018544,1,1
24.676037894,1,0
24.676076046,1,1
24.676118632,1,0
24.676163174,1,1
24.676181826,1,0
24.679869410,1,1
24.691385348,0,1
24.691397146,0,0
24.691439728,0,1
24.691462956,1,1
24.691482306,1,0
24.691523406,1,1
24.691565990,1,0
24.691607094,1,1
24.691628528,0,1
24.691648696,0,0
24.691689810,0,1
24.691713042,1,1
24.691732394,1,0
24.691773500,1,1
24.691816086,1,0
24.691857190,1,1
24.691899772,1,0
24.691940876,1,1
24.691962312,0,1
24.691982478,0,0
24.692023582,0,1
24.692065184,0,0
24.692108752,0,1
24.692150350,0,0
24.692188504,0,1
24.692211736,1,1
24.692231086,1,0
24.692275634,1,1
24.692293672,1,0
24.695869534,1,1
24.792973926,0,1
24.792985724,0,0
24.793028304,0,1
24.793069898,0,0
24.793111000,0,1
24.793152600,0,0
24.793193704,0,1
24.793235298,0,0
24.793276402,0,1
24.793317996,0,0
24.793359096,0,1
24.793382324,1,1
24.793401674,1,0
24.793442772,1,1
24.793485346,1,0
24.793526444,1,1
24.793569026,1,0
24.793610124,1,1
24.793652706,1,0
24.793696272,1,1
24.793738854,1,0
24.793777010,1,1
24.793819594,1,0
24.793864142,1,1
24.797491450,0,1
24.797503248,0,0
24.797545826,0,1
24.797569054,1,1
24.797588404,1,0
24.797629502,1,1
24.797672086,1,0
24.797713192,1,1
24.797734628,0,1
24.797754794,0,0
24.797795898,0,1
24.797837502,0,0
24.797878612,0,1
24.797901840,1,1
24.797921192,1,0
24.797962294,1,1
24.798004878,1,0
24.798045982,1,1
24.798067414,0,1
24.798087578,0,0
24.798128684,0,1
24.798170284,0,0
24.798213854,0,1
24.798237088,1,1
24.798256440,1,0
24.798294586,1,1
24.798337172,1,0
24.798381722,1,1
24.802013244,0,1
24.802025042,0,0
24.802067620,0,1
24.802109216,0,0
24.802150316,0,1
24.802173546,1,1
24.802192896,1,0
24.802233998,1,1
24.802255432,0,1
24.802275598,0,0
24.802316706,0,1
24.802358308,0,0
24.802399414,0,1
24.802441014,0,0
24.802482120,0,1
24.802523716,0,0
24.802564822,0,1
24.802588050,1,1
24.802607400,1,0
24.802648502,1,1
24.802669940,0,1
24.802690110,0,0
24.802733680,0,1
24.802756910,1,1
24.802776260,1,0
24.802814410,1,1
24.802856994,1,0
24.802901540,1,1
24.802920568,1,0
24.807863176,1,1
24.819576224,0,1
24.819588022,0,0
24.819630604,0,1
24.819672202,0,0
24.819713312,0,1
24.819754916,0,0
24.819796022,0,1
24.819837624,0,0
24.819878734,0,1
24.819920332,0,0
24.819961436,0,1
24.819984664,1,1
24.820004018,1,0
24.820045122,1,1
24.820087704,1,0
24.820128804,1,1
24.820171392,1,0
24.820212492,1,1
24.820255078,1,0
24.820298640,1,1
24.820341220,1,0
24.820379368,1,1
24.820421952,1,0
24.820466500,1,1
24.824097996,0,1
24.824109794,0,0
24.824152374,0,1
24.824193974,0,0
24.824235082,0,1
24.824258310,1,1
24.824277662,1,0
24.824318766,1,1
24.824340202,0,1
24.824360368,0,0
24.824401474,0,1
24.824443072,0,0
24.824484178,0,1
24.824525776,0,0
24.824566884,0,1
24.824608484,0,0
24.824649592,0,1
24.824672824,1,1
24.824692180,1,0
24.824733284,1,1
24.824754724,0,1
24.824774890,0,0
24.824818456,0,1
24.824841688,1,1
24.824861040,1,0
24.824899190,1,1
24.824941772,1,0
24.824986320,1,1
24.832899234,1,0
24.839869222,1,1
24.839905284,0,1
24.839917086,0,0
24.839959674,0,1
24.840001276,0,0
24.840042388,0,1
24.840083988,0,0
24.840125100,0,1
24.840166716,0,0
24.840207836,0,1
24.840249440,0,0
24.840290552,0,1
24.840313784,1,1
24.840333136,1,0
24.840374242,1,1
24.840416824,1,0
24.840457926,1,1
24.840500512,1,0
24.840541616,1,1
24.840584202,1,0
24.840627764,1,1
24.840670352,1,0
24.840708504,1,1
24.840751086,1,0
24.840795632,1,1
24.844420216,0,1
24.844432014,0,0
24.844474590,0,1
24.844497818,1,1
24.844517166,1,0
24.844558266,1,1
24.844600844,1,0
24.844641942,1,1
24.844663380,0,1
24.844683546,0,0
24.844724652,0,1
24.844747880,1,1
24.844767234,1,0
24.844808336,1,1
24.844850920,1,0
24.844892026,1,1
24.844934610,1,0
24.844975708,1,1
24.844997144,0,1
24.845017312,0,0
24.845058420,0,1
24.845100016,0,0
24.845143586,0,1
24.845185184,0,0
24.845223334,0,1
24.845246562,1,1
24.845265914,1,0
24.845310464,1,1
24.852569904,0,1
24.852581700,0,0
24.852624284,0,1
24.852665884,0,0
24.852706994,0,1
24.852730224,1,1
24.852749576,1,0
24.852790684,1,1
24.852812118,0,1
24.852832284,0,0
24.852873392,0,1
24.852914992,0,0
24.852956100,0,1
24.852997700,0,0
24.853038808,0,1
24.853080410,0,0
24.853121518,0,1
24.853144746,1,1
24.853164098,1,0
24.853205202,1,1
24.853226636,0,1
24.853246804,0,0
24.853290376,0,1
24.853313608,1,1
24.853332958,1,0
24.853371106,1,1
24.853413694,1,0
24.853458242,1,1
24.853476488,1,0
24.855863412,1,1
24.983128048,0,1
24.983139846,0,0
24.983182434,0,1
24.983224032,0,0
24.983265138,0,1
24.983306742,0,0
24.983347852,0,1
24.983389452,0,0
24.983430562,0,1
24.983472164,0,0
24.983513276,0,1
24.983536510,1,1
24.983555866,1,0
24.983596974,1,1
24.983639560,1,0
24.983680668,1,1
24.983723252,1,0
24.983764354,1,1
24.983806942,1,0
24.983850514,1,1
24.983893100,1,0
24.983931244,1,1
24.983973828,1,0
24.984018374,1,1
24.987649810,0,1
24.987661608,0,0
24.987704194,0,1
24.987745794,0,0
24.987786908,0,1
24.987810138,1,1
24.987829492,1,0
24.987870600,1,1
24.987892036,0,1
24.987912206,0,0
24.987953310,0,1
24.987994910,0,0
24.988036020,0,1
24.988077620,0,0
24.988118726,0,1
24.988160328,0,0
24.988201438,0,1
24.988224666,1,1
24.988244018,1,0
24.988285124,1,1
24.988306562,0,1
24.988326728,0,0
24.988370296,0,1
24.988393528,1,1
24.988412880,1,0
24.988451030,1,1
24.988493612,1,0
24.988538158,1,1
24.992165896,0,1
24.992177690,0,0
24.992220272,0,1
24.992243496,1,1
24.992262848,1,0
24.992303948,1,1
24.992346538,1,0
24.992387642,1,1
24.992409078,0,1
24.992429244,0,0
24.992470350,0,1
24.992511952,0,0
24.992553058,0,1
24.992576288,1,1
24.992595640,1,0
24.992636746,1,1
24.992679336,1,0
24.992720442,1,1
24.992741880,0,1
24.992762050,0,0
24.992803156,0,1
24.992844758,0,0
24.992888330,0,1
24.992911560,1,1
24.992930914,1,0
24.992969066,1,1
24.993011652,1,0
24.993056202,1,1
24.993074610,1,0
24.999868246,1,1
24.999904510,0,1
24.999916312,0,0
24.999958906,0,1
24.999982138,1,1
25.000001490,1,0
25.000042596,1,1
25.000085180,1,0
25.000126288,1,1
25.000147724,0,1
25.000167890,0,0
25.000209000,0,1
25.000232230,1,1
25.000251582,1,0
25.000292688,1,1
25.000335272,1,0
25.000376376,1,1
25.000418962,1,0
25.000460062,1,1
25.000481502,0,1
25.000501668,0,0
25.000542776,0,1
25.000584374,0,0
25.000627948,0,1
25.000669550,0,0
25.000707706,0,1
25.000730938,1,1
25.000750292,1,0
25.000794844,1,1
25.000812948,1,0
25.007869172,1,1
25.044862922,0,1
25.044874720,0,0
25.044917300,0,1
25.044958902,0,0
25.045000006,0,1
25.045041606,0,0
25.045082714,0,1
25.045124312,0,0
25.045165422,0,1
25.045207020,0,0
25.045248126,0,1
25.045271352,1,1
25.045290702,1,0
25.045331802,1,1
25.045374386,1,0
25.045415484,1,1
25.045458070,1,0
25.045499166,1,1
25.045541746,1,0
25.045585310,1,1
25.045627890,1,0
25.045666036,1,1
25.045708622,1,0
25.045753170,1,1
25.049377778,0,1
25.049389576,0,0
25.049432158,0,1
25.049455386,1,1
25.049474736,1,0
25.049515840,1,1
25.049558428,1,0
25.049599530,1,1
25.049620964,0,1
25.049641130,0,0
25.049682244,0,1
25.049705478,1,1
25.049724828,1,0
25.049765938,1,1
25.049808526,1,0
25.049849624,1,1
25.049892210,1,0
25.049933314,1,1
25.049954748,0,1
25.049974914,0,0
25.050016018,0,1
25.050057614,0,0
25.050101182,0,1
25.050142782,0,0
25.050180940,0,1
25.050204170,1,1
25.050223520,1,0
25.050268074,1,1
25.057527354,1,0
25.063869010,1,1
25.176552832,0,1
25.176564628,0,0
25.176607206,0,1
25.176648808,0,0
25.176689920,0,1
25.176731520,0,0
25.176772626,0,1
25.176795858,1,1
25.176815208,1,0
25.176856312,1,1
25.176898896,1,0
25.176939998,1,1
25.176982580,1,0
25.177023682,1,1
25.177066266,1,0
25.177107360,1,1
25.177128794,0,1
25.177148960,0,0
25.177190066,0,1
25.177231662,0,0
25.177275226,0,1
25.177298456,1,1
25.177317810,1,0
25.177355958,1,1
25.177398536,1,0
25.177443080,1,1
25.177461190,1,0
25.183868410,1,1
25.290495810,0,1
25.290507608,0,0
25.290550186,0,1
25.290591786,0,0
25.290632892,0,1
25.290674496,0,0
25.290715604,0,1
25.290757204,0,0
25.290798310,0,1
25.290839914,0,0
25.290881020,0,1
25.290904248,1,1
25.290923600,1,0
25.290964706,1,1
25.291007290,1,0
25.291048394,1,1
25.291090980,1,0
25.291132080,1,1
25.291174662,1,0
25.291218226,1,1
25.291260810,1,0
25.291298960,1,1
25.291341542,1,0
25.291386084,1,1
25.295013752,0,1
25.295025550,0,0
25.295068132,0,1
25.295091362,1,1
25.295110714,1,0
25.295151822,1,1
25.295194406,1,0
25.295235508,1,1
25.295256946,0,1
25.295277116,0,0
25.295318222,0,1
25.295359822,0,0
25.295400930,0,1
25.295424158,1,1
25.295443508,1,0
25.295484608,1,1
25.295527190,1,0
25.295568294,1,1
25.295589730,0,1
25.295609898,0,0
25.295651012,0,1
25.295692620,0,0
25.295736194,0,1
25.295759426,1,1
25.295778782,1,0
25.295816936,1,1
25.295859528,1,0
25.295904086,1,1
25.303836746,1,0
25.311868376,1,1
25.331468716,0,1
25.331480514,0,0
25.331523092,0,1
25.331564692,0,0
25.331605800,0,1
25.331647398,0,0
25.331688510,0,1
25.331730106,0,0
25.331771212,0,1
25.331812812,0,0
25.331853920,0,1
25.331877150,1,1
25.331896502,1,0
25.331937604,1,1
25.331980188,1,0
25.332021290,1,1
25.332063874,1,0
25.332104978,1,1
25.332147558,1,0
25.332191120,1,1
25.332233702,1,0
25.332271850,1,1
25.332314430,1,0
25.332358974,1,1
25.335986640,0,1
25.335998436,0,0
25.336041020,0,1
25.336082616,0,0
25.336123716,0,1
25.336165316,0,0
25.336206422,0,1
25.336229650,1,1
25.336249000,1,0
25.336290106,1,1
25.336332686,1,0
25.336373790,1,1
25.336416374,1,0
25.336457474,1,1
25.336500058,1,0
25.336541164,1,1
25.336562598,0,1
25.336582766,0,0
25.336623876,0,1
25.336665476,0,0
25.336709050,0,1
25.336732280,1,1
25.336751634,1,0
25.336789784,1,1
25.336832372,1,0
25.336876920,1,1
25.345050130,1,0
25.351868662,1,1
25.356398986,0,1
25.356410782,0,0
25.356453362,0,1
25.356494956,0,0
25.356536062,0,1
25.356559288,1,1
25.356578642,1,0
25.356619742,1,1
25.356662326,1,0
25.356703432,1,1
25.356724868,0,1
25.356745034,0,0
25.356786142,0,1
25.356827738,0,0
25.356868848,0,1
25.356910446,0,0
25.356951552,0,1
25.356974782,1,1
25.356994136,1,0
25.357035238,1,1
25.357056676,0,1
25.357076840,0,0
25.357120408,0,1
25.357162008,0,0
25.357200158,0,1
25.357223388,1,1
25.357242738,1,0
25.357287288,1,1
25.357305716,1,0
25.359868304,1,1
25.360916778,0,1
25.360928574,0,0
25.360971154,0,1
25.360994382,1,1
25.361013730,1,0
25.361054836,1,1
25.361097424,1,0
25.361138528,1,1
25.361159966,0,1
25.361180134,0,0
25.361221244,0,1
25.361262842,0,0
25.361303954,0,1
25.361345556,0,0
25.361386664,0,1
25.361428268,0,0
25.361469380,0,1
25.361492610,1,1
25.361511964,1,0
25.361553066,1,1
25.361574504,0,1
25.361594672,0,0
25.361638242,0,1
25.361679844,0,0
25.361717998,0,1
25.361741230,1,1
25.361760582,1,0
25.361805134,1,1
25.361823808,1,0
25.367867304,1,1
25.383322854,0,1
25.383334654,0,0
25.383377236,0,1
25.383400466,1,1
25.383419818,1,0
25.383460924,1,1
25.383503510,1,0
25.383544612,1,1
25.383566048,0,1
25.383586216,0,0
25.383627324,0,1
25.383668924,0,0
25.383710034,0,1
25.383733266,1,1
25.383752616,1,0
25.383793728,1,1
25.383836314,1,0
25.383877426,1,1
25.383898864,0,1
25.383919032,0,0
25.383960136,0,1
25.384001738,0,0
25.384045312,0,1
25.384068542,1,1
25.384087894,1,0
25.384126046,1,1
25.384168636,1,0
25.384213182,1,1
25.384230684,1,0
25.391868054,1,1
25.402942956,0,1
25.402954752,0,0
25.402997338,0,1
25.403038940,0,0
25.403080048,0,1
25.403121648,0,0
25.403162758,0,1
25.403185986,1,1
25.403205338,1,0
25.403246446,1,1
25.403289036,1,0
25.403330138,1,1
25.403372726,1,0
25.403413832,1,1
25.403456418,1,0
25.403497520,1,1
25.403518956,0,1
25.403539126,0,0
25.403580234,0,1
25.403621832,0,0
25.403665406,0,1
25.403688640,1,1
25.403707990,1,0
25.403746142,1,1
25.403788728,1,0
25.403833282,1,1
25.403851328,1,0
25.407867824,1,1
25.423334114,0,1
25.423345914,0,0
25.423388496,0,1
25.423430092,0,0
25.423471198,0,1
25.423512796,0,0
25.423553904,0,1
25.423595508,0,0
25.423636620,0,1
25.423678224,0,0
25.423719340,0,1
25.423742572,1,1
25.423761926,1,0
25.423803040,1,1
25.423845634,1,0
25.423886748,1,1
25.423929334,1,0
25.423970440,1,1
25.424013026,1,0
25.424056594,1,1
25.424099180,1,0
25.424137332,1,1
25.424179914,1,0
25.424224464,1,1
25.427853014,0,1
25.427864810,0,0
25.427907394,0,1
25.427948992,0,0
25.427990096,0,1
25.428013322,1,1
25.428032672,1,0
25.428073772,1,1
25.428116350,1,0
25.428157454,1,1
25.428178888,0,1
25.428199056,0,0
25.428240162,0,1
25.428281764,0,0
25.428322874,0,1
25.428364476,0,0
25.428405586,0,1
25.428428816,1,1
25.428448170,1,0
25.428489274,1,1
25.428510710,0,1
25.428530878,0,0
25.428574448,0,1
25.428616048,0,0
25.428654200,0,1
25.428677432,1,1
25.428696786,1,0
25.428741334,1,1
25.436744566,1,0
25.439867678,1,1
25.441754358,0,1
25.441766158,0,0
25.441808748,0,1
25.441850348,0,0
25.441891456,0,1
25.441933058,0,0
25.441974164,0,1
25.442015760,0,0
25.442056868,0,1
25.442098462,0,0
25.442139566,0,1
25.442162794,1,1
25.442182144,1,0
25.442223248,1,1
25.442265830,1,0
25.442306932,1,1
25.442349518,1,0
25.442390622,1,1
25.442433206,1,0
25.442476770,1,1
25.442519358,1,0
25.442557504,1,1
25.442600092,1,0
25.442644640,1,1
25.446273304,0,1
25.446285102,0,0
25.446327686,0,1
25.446350910,1,1
25.446370264,1,0
25.446411364,1,1
25.446453946,1,0
25.446495052,1,1
25.446516488,0,1
25.446536656,0,0
25.446577764,0,1
25.446619364,0,0
25.446660470,0,1
25.446702074,0,0
25.446743176,0,1
25.446784778,0,0
25.446825884,0,1
25.446849114,1,1
25.446868466,1,0
25.446909572,1,1
25.446931012,0,1
25.446951180,0,0
25.446994750,0,1
25.447036354,0,0
25.447074510,0,1
25.447097740,1,1
25.447117090,1,0
25.447161642,1,1
25.450789502,0,1
25.450801300,0,0
25.450843886,0,1
25.450885486,0,0
25.450926594,0,1
25.450968196,0,0
25.451009306,0,1
25.451050906,0,0
25.451092016,0,1
25.451133618,0,0
25.451174726,0,1
25.451197954,1,1
25.451217306,1,0
25.451258410,1,1
25.451300994,1,0
25.451342096,1,1
25.451384680,1,0
25.451425778,1,1
25.451468356,1,0
25.451511916,1,1
25.451554502,1,0
25.451592652,1,1
25.451635238,1,0
25.451679792,1,1
25.455307480,0,1
25.455319276,0,0
25.455361858,0,1
25.455403454,0,0
25.455444562,0,1
25.455486160,0,0
25.455527268,0,1
25.455550494,1,1
25.455569848,1,0
25.455610954,1,1
25.455653538,1,0
25.455694650,1,1
25.455737236,1,0
25.455778340,1,1
25.455820928,1,0
25.455862032,1,1
25.455883472,0,1
25.455903638,0,0
25.455944746,0,1
25.455986344,0,0
25.456029912,0,1
25.456053142,1,1
25.456072492,1,0
25.456110644,1,1
25.456153226,1,0
25.456197770,1,1
25.463540504,1,0
25.463867796,1,1
25.631746020,0,1
25.631757818,0,0
25.631800400,0,1
25.631841998,0,0
25.631883106,0,1
25.631924704,0,0
25.631965806,0,1
25.631989036,1,1
25.632008384,1,0
25.632049484,1,1
25.632092064,1,0
25.632133168,1,1
25.632175748,1,0
25.632216842,1,1
25.632259426,1,0
25.632300528,1,1
25.632321962,0,1
25.632342124,0,0
25.632383226,0,1
25.632424822,0,0
25.632468382,0,1
25.632491608,1,1
25.632510958,1,0
25.632549104,1,1
25.632591684,1,0
25.632636230,1,1
25.632654284,1,0
25.639866916,1,1
25.719121366,0,1
25.719133162,0,0
25.719175744,0,1
25.719217344,0,0
25.719258448,0,1
25.719300044,0,0
25.719341144,0,1
25.719382738,0,0
25.719423840,0,1
25.719465434,0,0
25.719506534,0,1
25.719529764,1,1
25.719549114,1,0
25.719590212,1,1
25.719632796,1,0
25.719673904,1,1
25.719716496,1,0
25.719757596,1,1
25.719800184,1,0
25.719843752,1,1
25.719886336,1,0
25.719924484,1,1
25.719967070,1,0
25.720011614,1,1
25.723639226,0,1
25.723651022,0,0
25.723693604,0,1
25.723716832,1,1
25.723736184,1,0
25.723777290,1,1
25.723819872,1,0
25.723860976,1,1
25.723882412,0,1
25.723902578,0,0
25.723943682,0,1
25.723985278,0,0
25.724026386,0,1
25.724049612,1,1
25.724068964,1,0
25.724110062,1,1
25.724152646,1,0
25.724193744,1,1
25.724215180,0,1
25.724235348,0,0
25.724276456,0,1
25.724318052,0,0
25.724361616,0,1
25.724384848,1,1
25.724404196,1,0
25.724442344,1,1
25.724484924,1,0
25.724529474,1,1
25.732561430,1,0
25.735868432,1,1
25.773618642,0,1
25.773630440,0,0
25.773673028,0,1
25.773714630,0,0
25.773755742,0,1
25.773797344,0,0
25.773838458,0,1
25.773880058,0,0
25.773921168,0,1
25.773962768,0,0
25.774003876,0,1
25.774027102,1,1
25.774046456,1,0
25.774087556,1,1
25.774130142,1,0
25.774171246,1,1
25.774213832,1,0
25.774254936,1,1
25.774297520,1,0
25.774341086,1,1
25.774383666,1,0
25.774421812,1,1
25.774464394,1,0
25.774508940,1,1
25.778136370,0,1
25.778148168,0,0
25.778190748,0,1
25.778232346,0,0
25.778273452,0,1
25.778315050,0,0
25.778356158,0,1
25.778379386,1,1
25.778398738,1,0
25.778439844,1,1
25.778482424,1,0
25.778523528,1,1
25.778566110,1,0
25.778607206,1,1
25.778649786,1,0
25.778690888,1,1
25.778712324,0,1
25.778732488,0,0
25.778773596,0,1
25.778815196,0,0
25.778858760,0,1
25.778881988,1,1
25.778901338,1,0
25.778939488,1,1
25.778982066,1,0
25.779026614,1,1
25.787184914,1,0
25.791867310,1,1
27.028473748,0,1
27.028485546,0,0
27.028528124,0,1
27.028551352,1,1
27.028570704,1,0
27.028611808,1,1
27.028654390,1,0
27.028695496,1,1
27.028716934,0,1
27.028737102,0,0
27.028778208,0,1
27.028801440,1,1
27.028820792,1,0
27.028861894,1,1
27.028904480,1,0
27.028945584,1,1
27.028988168,1,0
27.029029270,1,1
27.029050706,0,1
27.029070874,0,0
27.029111978,0,1
27.029153576,0,0
27.029197144,0,1
27.029238744,0,0
27.029276898,0,1
27.029300126,1,1
27.029319480,1,0
27.029364030,1,1
27.029382504,1,0
27.031864870,1,1
27.042185914,0,1
27.042197714,0,0
27.042240298,0,1
27.042281898,0,0
27.042323010,0,1
27.042346238,1,1
27.042365590,1,0
27.042406692,1,1
27.042428132,0,1
27.042448302,0,0
27.042489414,0,1
27.042531018,0,0
27.042572130,0,1
27.042613732,0,0
27.042654842,0,1
27.042696448,0,0
27.042737562,0,1
27.042760792,1,1
27.042780144,1,0
27.042821252,1,1
27.042842686,0,1
27.042862854,0,0
27.042906424,0,1
27.042929652,1,1
27.042949006,1,0
27.042987158,1,1
27.043029744,1,0
27.043074296,1,1
27.043092148,1,0
27.047871218,1,1
27.063660390,1,0
27.063664392,0,0
27.064709608,0,1
27.065463116,0,0
27.065464614,1,0
27.065504228,1,1
27.065545828,1,0
27.065546912,0,0
27.065586944,0,1
27.065629530,0,0
27.065631808,1,0
27.065670640,1,1
27.065712242,1,0
27.065753346,1,1
27.065794950,1,0
27.065796650,0,0
27.065836060,0,1
27.065878642,0,0
27.065880506,1,0
27.065919750,1,1
27.065961350,1,0
27.066002456,1,1
27.066044058,1,0
27.066085162,1,1
27.066128238,1,0
27.066169342,1,1
27.066211928,1,0
27.066253028,1,1
27.066286282,0,1
27.066299562,0,0
27.066340682,0,1
27.066363912,1,1
27.066635296,0,1
27.066647092,0,0
27.066689680,0,1
27.066731278,0,0
27.066772386,0,1
27.066795616,1,1
27.066814968,1,0
27.066856078,1,1
27.066877514,0,1
27.066897680,0,0
27.066938786,0,1
27.066962016,1,1
27.066981370,1,0
27.067022474,1,1
27.067065058,1,0
27.067106158,1,1
27.067148732,1,0
27.067189820,1,1
27.067232384,1,0
27.067273464,1,1
27.067316026,1,0
27.067359566,1,1
27.067402126,1,0
27.067440248,1,1
27.067482810,1,0
27.067527330,1,1
27.067541920,1,0
27.067815208,0,0
27.068590676,0,1
27.068629586,0,0
27.068670684,0,1
27.068713260,0,0
27.068754358,0,1
27.068796924,0,0
27.068798668,1,0
27.068837996,1,1
27.068879572,1,0
27.068880926,0,0
27.068920674,0,1
27.068963242,0,0
27.069004336,0,1
27.069046898,0,0
27.069087994,0,1
27.069130554,0,0
27.069171648,0,1
27.069214214,0,0
27.069255306,0,1
27.069299346,0,0
27.069340442,0,1
27.069379562,0,0
27.069381752,1,0
27.069420648,1,1
27.069453884,0,1
27.069467156,0,0
27.069508250,0,1
27.069531470,1,1
27.069869822,0,1
27.069881632,0,0
27.069924264,0,1
27.069965908,0,0
27.070007068,0,1
27.070030322,1,1
27.070049696,1,0
27.070090848,1,1
27.070112308,0,1
27.070132500,0,0
27.070173656,0,1
27.070196914,1,1
27.070216288,1,0
27.070257444,1,1
27.070300082,1,0
27.070341236,1,1
27.070383872,1,0
27.070425026,1,1
27.070467656,1,0
27.070508810,1,1
27.070551442,1,0
27.070595054,1,1
27.070637690,1,0
27.070675892,1,1
27.070718526,1,0
27.070763136,1,1
27.070778654,1,0
27.070779906,1,1
27.105607360,0,1
27.105619180,0,0
27.105661850,0,1
27.105703534,0,0
27.105744726,0,1
27.105786408,0,0
27.105827598,0,1
27.105869274,0,0
27.105910466,0,1
27.105952142,0,0
27.105993334,0,1
27.106016612,1,1
27.106036000,1,0
27.106077188,1,1
27.106119852,1,0
27.106161040,1,1
27.106203706,1,0
27.106244890,1,1
27.106287554,1,0
27.106331202,1,1
27.106373858,1,0
27.106412080,1,1
27.106454742,1,0
27.106499378,1,1
27.110138152,0,1
27.110149972,0,0
27.110192642,0,1
27.110234324,0,0
27.110275514,0,1
27.110298786,1,1
27.110318174,1,0
27.110359364,1,1
27.110380842,0,1
27.110401050,0,0
27.110442242,0,1
27.110483922,0,0
27.110525118,0,1
27.110566796,0,0
27.110607994,0,1
27.110649672,0,0
27.110690868,0,1
27.110714146,1,1
27.110733534,1,0
27.110774728,1,1
27.110796202,0,1
27.110816406,0,0
27.110860062,0,1
27.110883340,1,1
27.110902728,1,0
27.110940954,1,1
27.110983622,1,0
27.111028266,1,1
27.117823070,0,1
27.117834892,0,0
27.117877566,0,1
27.117919244,0,0
27.117960438,0,1
27.118002116,0,0
27.118043306,0,1
27.118084988,0,0
27.118126188,0,1
27.118167868,0,0
27.118209066,0,1
27.118232346,1,1
27.118251734,1,0
27.118292926,1,1
27.118335598,1,0
27.118376790,1,1
27.118419456,1,0
27.118460648,1,1
27.118503318,1,0
27.118546972,1,1
27.118589642,1,0
27.118627874,1,1
27.118670540,1,0
27.118715184,1,1
27.122347450,0,1
27.122359272,0,0
27.122401948,0,1
27.122425226,1,1
27.122444614,1,0
27.122485804,1,1
27.122528476,1,0
27.122569668,1,1
27.122591146,0,1
27.122611354,0,0
27.122652550,0,1
27.122675830,1,1
27.122695222,1,0
27.122736416,1,1
27.122779084,1,0
27.122820278,1,1
27.122862948,1,0
27.122904138,1,1
27.122925618,0,1
27.122945826,0,0
27.122987022,0,1
27.123028702,0,0
27.123072366,0,1
27.123114050,0,0
27.123152284,0,1
27.123175564,1,1
27.123194954,1,0
27.123239602,1,1
27.131212064,1,0
27.135872328,1,1
27.170953224,0,1
27.170965040,0,0
27.171007688,0,1
27.171030952,1,1
27.171050330,1,0
27.171091498,1,1
27.171134142,1,0
27.171175316,1,1
27.171196784,0,1
27.171216982,0,0
27.171258154,0,1
27.171281422,1,1
27.171300800,1,0
27.171341970,1,1
27.171384618,1,0
27.171425788,1,1
27.171468436,1,0
27.171509604,1,1
27.171531068,0,1
27.171551268,0,0
27.171592444,0,1
27.171634108,0,0
27.171677756,0,1
27.171719422,0,0
27.171757640,0,1
27.171780908,1,1
27.171800288,1,0
27.171844914,1,1
27.171863900,1,0
27.175871494,1,1
27.187444064,0,1
27.187455890,0,0
27.187498570,0,1
27.187540260,0,0
27.187581464,0,1
27.187604748,1,1
27.187624140,1,0
27.187665342,1,1
27.187686830,0,1
27.187707044,0,0
27.187748252,0,1
27.187789946,0,0
27.187831160,0,1
27.187872854,0,0
27.187914062,0,1
27.187955754,0,0
27.187996960,0,1
27.188020244,1,1
27.188039638,1,0
27.188080846,1,1
27.188102330,0,1
27.188122544,0,0
27.188166216,0,1
27.188189504,1,1
27.188208896,1,0
27.188247138,1,1
27.188289814,1,0
27.188334464,1,1
27.188353120,1,0
27.191864042,1,1
27.208017594,1,0
27.208291054,0,0
27.209066882,0,1
27.209308608,0,0
27.209310260,1,0
27.209349816,1,1
27.209391510,1,0
27.209392570,0,0
27.209432724,0,1
27.209475408,0,0
27.209477498,1,0
27.209516612,1,1
27.209558304,1,0
27.209599510,1,1
27.209641198,1,0
27.209642396,0,0
27.209682412,0,1
27.209725094,0,0
27.209727326,1,0
27.209766300,1,1
27.209807992,1,0
27.209849196,1,1
27.209890884,1,0
27.209932080,1,1
27.209975252,1,0
27.210016454,1,1
27.210059132,1,0
27.210100338,1,1
27.210133662,0,1
27.210146970,0,0
27.210188190,0,1
27.210211474,1,1
27.210483482,0,1
27.210495306,0,0
27.210537992,0,1
27.210579678,0,0
27.210620884,0,1
27.210644166,1,1
27.210663558,1,0
27.210704764,1,1
27.210726246,0,1
27.210746462,0,0
27.210787670,0,1
27.210810952,1,1
27.210830344,1,0
27.210871546,1,1
27.210914226,1,0
27.210955426,1,1
27.210998104,1,0
27.211039304,1,1
27.211081982,1,0
27.211123186,1,1
27.211165866,1,0
27.211209532,1,1
27.211252206,1,0
27.211290448,1,1
27.211333120,1,0
27.211377770,1,1
27.211392430,1,0
27.211665914,0,0
27.212441940,0,1
27.212483236,0,0
27.212524456,0,1
27.212567148,0,0
27.212608368,0,1
27.212651056,0,0
27.212692282,0,1
27.212734970,0,0
27.212776190,0,1
27.212818876,0,0
27.212860100,0,1
27.212902786,0,0
27.212944006,0,1
27.212986694,0,0
27.213027916,0,1
27.213070602,0,0
27.213111824,0,1
27.213155992,0,0
27.213158052,1,0
27.213197200,1,1
27.213239890,1,0
27.213281098,1,1
27.213314420,0,1
27.213327730,0,0
27.213368950,0,1
27.213392238,1,1
27.213735532,0,1
27.213747334,0,0
27.213789932,0,1
27.213831526,0,0
27.213872630,0,1
27.213895866,1,1
27.213915220,1,0
27.213956342,1,1
27.213977782,0,1
27.213997952,0,0
27.214039066,0,1
27.214062296,1,1
27.214081652,1,0
27.214122770,1,1
27.214165374,1,0
27.214206500,1,1
27.214249106,1,0
27.214290232,1,1
27.214332834,1,0
27.214373958,1,1
27.214416562,1,0
27.214460150,1,1
27.214502746,1,0
27.214540916,1,1
27.214583522,1,0
27.214628096,1,1
27.214642324,1,0
27.214643580,1,1
27.241540304,0,1
27.241552104,0,0
27.241594694,0,1
27.241636298,0,0
27.241677418,0,1
27.241719030,0,0
27.241760154,0,1
27.241801766,0,0
27.241842888,0,1
27.241884504,0,0
27.241925626,0,1
27.241948864,1,1
27.241968222,1,0
27.242009338,1,1
27.242051932,1,0
27.242093052,1,1
27.242135646,1,0
27.242176760,1,1
27.242219354,1,0
27.242262928,1,1
27.242305522,1,0
27.242343678,1,1
27.242386270,1,0
27.242430830,1,1
27.246063378,0,1
27.246075180,0,0
27.246117784,0,1
27.246159406,0,0
27.246200524,0,1
27.246223760,1,1
27.246243118,1,0
27.246284240,1,1
27.246305684,0,1
27.246325856,0,0
27.246366980,0,1
27.246408596,0,0
27.246449722,0,1
27.246491334,0,0
27.246532460,0,1
27.246574076,0,0
27.246615200,0,1
27.246638436,1,1
27.246657794,1,0
27.246698920,1,1
27.246720362,0,1
27.246740534,0,0
27.246784124,0,1
27.246807362,1,1
27.246826720,1,0
27.246864880,1,1
27.246907478,1,0
27.246952042,1,1
27.254927124,1,0
27.255863524,1,1
27.261466746,0,1
27.261478546,0,0
27.261521142,0,1
27.261562750,0,0
27.261603870,0,1
27.261645482,0,0
27.261686604,0,1
27.261728216,0,0
27.261769340,0,1
27.261810950,0,0
27.261852070,0,1
27.261875308,1,1
27.261894662,1,0
27.261935776,1,1
27.261978370,1,0
27.262019490,1,1
27.262062082,1,0
27.262103198,1,1
27.262145792,1,0
27.262189366,1,1
27.262231960,1,0
27.262270120,1,1
27.262312718,1,0
27.262357270,1,1
27.265982882,0,1
27.265994682,0,0
27.266037276,0,1
27.266060514,1,1
27.266079870,1,0
27.266120986,1,1
27.266163578,1,0
27.266204696,1,1
27.266226136,0,1
27.266246306,0,0
27.266287424,0,1
27.266310660,1,1
27.266330014,1,0
27.266371128,1,1
27.266413720,1,0
27.266454836,1,1
27.266497428,1,0
27.266538540,1,1
27.266559982,0,1
27.266580156,0,0
27.266621274,0,1
27.266662882,0,0
27.266706468,0,1
27.266748082,0,0
27.266786248,0,1
27.266809486,1,1
27.266828840,1,0
27.266873404,1,1
27.274510042,1,0
27.279864428,1,1
27.304004262,0,1
27.304016064,0,0
27.304058662,0,1
27.304100274,0,0
27.304141396,0,1
27.304164632,1,1
27.304183992,1,0
27.304225112,1,1
27.304246556,0,1
27.304266730,0,0
27.304307854,0,1
27.304349470,0,0
27.304390594,0,1
27.304432204,0,0
27.304473326,0,1
27.304514938,0,0
27.304556060,0,1
27.304579300,1,1
27.304598660,1,0
27.304639780,1,1
27.304661226,0,1
27.304681402,0,0
27.304724990,0,1
27.304748230,1,1
27.304767588,1,0
27.304805748,1,1
27.304848348,1,0
27.304892914,1,1
27.304911550,1,0
27.311863796,1,1
27.312211746,0,1
27.312223546,0,0
27.312266138,0,1
27.312289374,1,1
27.312308728,1,0
27.312349848,1,1
27.312392442,1,0
27.312433556,1,1
27.312454998,0,1
27.312475172,0,0
27.312516290,0,1
27.312539524,1,1
27.312558878,1,0
27.312599994,1,1
27.312642586,1,0
27.312683700,1,1
27.312726296,1,0
27.312767412,1,1
27.312788852,0,1
27.312809022,0,0
27.312850142,0,1
27.312891752,0,0
27.312935330,0,1
27.312976940,0,0
27.313015104,0,1
27.313038338,1,1
27.313057692,1,0
27.313102254,1,1
27.313120794,1,0
27.319872282,1,1
27.335806654,1,0
27.335810660,0,0
27.336855756,0,1
27.336999140,0,0
27.337001336,1,0
27.337040260,1,1
27.337081870,1,0
27.337083630,0,0
27.337122998,0,1
27.337165594,0,0
27.337167518,1,0
27.337206710,1,1
27.337248316,1,0
27.337289432,1,1
27.337331038,1,0
27.337332364,0,0
27.337372168,0,1
27.337414762,0,0
27.337416242,1,0
27.337455880,1,1
27.337497490,1,0
27.337538608,1,1
27.337580212,1,0
27.337621324,1,1
27.337664408,1,0
27.337705524,1,1
27.337748114,1,0
27.337789230,1,1
27.337822484,0,1
27.337835764,0,0
27.337876890,0,1
27.337900130,1,1
27.338171594,0,1
27.338183394,0,0
27.338225986,0,1
27.338267592,0,0
27.338308714,0,1
27.338331952,1,1
27.338351308,1,0
27.338392422,1,1
27.338413866,0,1
27.338434038,0,0
27.338475156,0,1
27.338498392,1,1
27.338517748,1,0
27.338558866,1,1
27.338601462,1,0
27.338642578,1,1
27.338685178,1,0
27.338726296,1,1
27.338768888,1,0
27.338810006,1,1
27.338852604,1,0
27.338896180,1,1
27.338938778,1,0
27.338976942,1,1
27.339019534,1,0
27.339064098,1,1
27.339079674,1,0
27.339349026,0,0
27.340124764,0,1
27.340169794,0,0
27.340210932,0,1
27.340253538,0,0
27.340294674,0,1
27.340337278,0,0
27.340338890,1,0
27.340378402,1,1
27.340420018,1,0
27.340421198,0,0
27.340461148,0,1
27.340503748,0,0
27.340544880,0,1
27.340587480,0,0
27.340628612,0,1
27.340671216,0,0
27.340712352,0,1
27.340754956,0,0
27.340796092,0,1
27.340840172,0,0
27.340881306,0,1
27.340920462,0,0
27.340922242,1,0
27.340961582,1,1
27.340994842,0,1
27.341008124,0,0
27.341049256,0,1
27.341072496,1,1
27.341411134,0,1
27.341422954,0,0
27.341465620,0,1
27.341507290,0,0
27.341548482,0,1
27.341571754,1,1
27.341591140,1,0
27.341632324,1,1
27.341653800,0,1
27.341674010,0,0
27.341715208,0,1
27.341738486,1,1
27.341757876,1,0
27.341799070,1,1
27.341841744,1,0
27.341882936,1,1
27.341925604,1,0
27.341966794,1,1
27.342009462,1,0
27.342050650,1,1
27.342093320,1,0
27.342136976,1,1
27.342179640,1,0
27.342217872,1,1
27.342260538,1,0
27.342305180,1,1
27.342317298,1,0
27.342318554,1,1
27.383542634,0,1
27.383554460,0,0
27.383597156,0,1
27.383638858,0,0
27.383680078,0,1
27.383721780,0,0
27.383763004,0,1
27.383804712,0,0
27.383845936,0,1
27.383887644,0,0
27.383928866,0,1
27.383952156,1,1
27.383971554,1,0
27.384012770,1,1
27.384055462,1,0
27.384096676,1,1
27.384139364,1,0
27.384180578,1,1
27.384223268,1,0
27.384266944,1,1
27.384309624,1,0
27.384347862,1,1
27.384390538,1,0
27.384435192,1,1
27.388066880,0,1
27.388078702,0,0
27.388121378,0,1
27.388144658,1,1
27.388164048,1,0
27.388205246,1,1
27.388247922,1,0
27.388289116,1,1
27.388310594,0,1
27.388330804,0,0
27.388372008,0,1
27.388395288,1,1
27.388414678,1,0
27.388455872,1,1
27.388498544,1,0
27.388539738,1,1
27.388582406,1,0
27.388623600,1,1
27.388645080,0,1
27.388665290,0,0
27.388706488,0,1
27.388748180,0,0
27.388791848,0,1
27.388833536,0,0
27.388871778,0,1
27.388895064,1,1
27.388914454,1,0
27.388959104,1,1
27.397166984,1,0
27.399863428,1,1
27.413816398,0,1
27.413828222,0,0
27.413870906,0,1
27.413912596,0,0
27.413953798,0,1
27.413995488,0,0
27.414036692,0,1
27.414078386,0,0
27.414119588,0,1
27.414161278,0,0
27.414202486,0,1
27.414225770,1,1
27.414245162,1,0
27.414286368,1,1
27.414329052,1,0
27.414370258,1,1
27.414412942,1,0
27.414454150,1,1
27.414496832,1,0
27.414540500,1,1
27.414583182,1,0
27.414621424,1,1
27.414664102,1,0
27.414708762,1,1
27.418348860,0,1
27.418360682,0,0
27.418403348,0,1
27.418445020,0,0
27.418486210,0,1
27.418509486,1,1
27.418528868,1,0
27.418570050,1,1
27.418591524,0,1
27.418611730,0,0
27.418652918,0,1
27.418694592,0,0
27.418735780,0,1
27.418777456,0,0
27.418818644,0,1
27.418860312,0,0
27.418901506,0,1
27.418924788,1,1
27.418944178,1,0
27.418985380,1,1
27.419006860,0,1
27.419027072,0,0
27.419070744,0,1
27.419094024,1,1
27.419113416,1,0
27.419151656,1,1
27.419194336,1,0
27.419238990,1,1
27.427069752,1,0
27.431863684,1,1
27.437786618,0,1
27.437798442,0,0
27.437841134,0,1
27.437864414,1,1
27.437883810,1,0
27.437925016,1,1
27.437967696,1,0
27.438008902,1,1
27.438030388,0,1
27.438050604,0,0
27.438091810,0,1
27.438115094,1,1
27.438134486,1,0
27.438175690,1,1
27.438218368,1,0
27.438259568,1,1
27.438302252,1,0
27.438343456,1,1
27.438364938,0,1
27.438385152,0,0
27.438426358,0,1
27.438468050,0,0
27.438511726,0,1
27.438553422,0,0
27.438591672,0,1
27.438614956,1,1
27.438634348,1,0
27.438679010,1,1
27.438697172,1,0
27.439863886,1,1
27.455416902,1,0
27.455690376,0,0
27.456466450,0,1
27.456871664,0,0
27.456873182,1,0
27.456912878,1,1
27.456954572,1,0
27.456956516,0,0
27.456995786,0,1
27.457038472,0,0
27.457040436,1,0
27.457079680,1,1
27.457121372,1,0
27.457162580,1,1
27.457204272,1,0
27.457205340,0,0
27.457245490,0,1
27.457288174,0,0
27.457290266,1,0
27.457329382,1,1
27.457371078,1,0
27.457412284,1,1
27.457453980,1,0
27.457495184,1,1
27.457538358,1,0
27.457579562,1,1
27.457622238,1,0
27.457663440,1,1
27.457696770,0,1
27.457710078,0,0
27.457751300,0,1
27.457774588,1,1
27.458046618,0,1
27.458058444,0,0
27.458101134,0,1
27.458142830,0,0
27.458184034,0,1
27.458207322,1,1
27.458226716,1,0
27.458267924,1,1
27.458289406,0,1
27.458309620,0,0
27.458350834,0,1
27.458374122,1,1
27.458393514,1,0
27.458434720,1,1
27.458477408,1,0
27.458518612,1,1
27.458561294,1,0
27.458602500,1,1
27.458645184,1,0
27.458686388,1,1
27.458729072,1,0
27.458772742,1,1
27.458815424,1,0
27.458853670,1,1
27.458896352,1,0
27.458941008,1,1
27.458953358,1,0
27.459226790,0,0
27.460002778,0,1
27.460049006,0,0
27.460090234,0,1
27.460132926,0,0
27.460174148,0,1
27.460216840,0,0
27.460258060,0,1
27.460300750,0,0
27.460341976,0,1
27.460384658,0,0
27.460425878,0,1
27.460468566,0,0
27.460509786,0,1
27.460552468,0,0
27.460593688,0,1
27.460636368,0,0
27.460677584,0,1
27.460721756,0,0
27.460723832,1,0
27.460762968,1,1
27.460805654,1,0
27.460846870,1,1
27.460880198,0,1
27.460893508,0,0
27.460934734,0,1
27.460958024,1,1
27.461301410,0,1
27.461313214,0,0
27.461355828,0,1
27.461397458,0,0
27.461438594,0,1
27.461461838,1,1
27.461481202,1,0
27.461522338,1,1
27.461543784,0,1
27.461563962,0,0
27.461605100,0,1
27.461628344,1,1
27.461647704,1,0
27.461688838,1,1
27.461731448,1,0
27.461772586,1,1
27.461815196,1,0
27.461856326,1,1
27.461898932,1,0
27.461940058,1,1
27.461982662,1,0
27.462026254,1,1
27.462068862,1,0
27.462107036,1,1
27.462149644,1,0
27.462194224,1,1
27.462207150,1,0
27.462208404,1,1
27.499895370,0,1
27.499907172,0,0
27.499949778,0,1
27.499973022,1,1
27.499992380,1,0
27.500033498,1,1
27.500076094,1,0
27.500117208,1,1
27.500138648,0,1
27.500158822,0,0
27.500199940,0,1
27.500241548,0,0
27.500282672,0,1
27.500305908,1,1
27.500325266,1,0
27.500366388,1,1
27.500408986,1,0
27.500450108,1,1
27.500471552,0,1
27.500491728,0,0
27.500532850,0,1
27.500574460,0,0
27.500618042,0,1
27.500641276,1,1
27.500660630,1,0
27.500698796,1,1
27.500741394,1,0
27.500785956,1,1
27.500804078,1,0
27.503863642,1,1
27.522589408,0,1
27.522601208,0,0
27.522643802,0,1
27.522685412,0,0
27.522726534,0,1
27.522768146,0,0
27.522809268,0,1
27.522850882,0,0
27.522892000,0,1
27.522933612,0,0
27.522974736,0,1
27.522997974,1,1
27.523017328,1,0
27.523058444,1,1
27.523101044,1,0
27.523142160,1,1
27.523184754,1,0
27.523225872,1,1
27.523268468,1,0
27.523312046,1,1
27.523354640,1,0
27.523392800,1,1
27.523435394,1,0
27.523479956,1,1
27.527108912,0,1
27.527120714,0,0
27.527163314,0,1
27.527186552,1,1
27.527205908,1,0
27.527247022,1,1
27.527289620,1,0
27.527330736,1,1
27.527352178,0,1
27.527372350,0,0
27.527413476,0,1
27.527455088,0,0
27.527496210,0,1
27.527519446,1,1
27.527538802,1,0
27.527579920,1,1
27.527622512,1,0
27.527663630,1,1
27.527685076,0,1
27.527705250,0,0
27.527746372,0,1
27.527787988,0,0
27.527831580,0,1
27.527854820,1,1
27.527874178,1,0
27.527912344,1,1
27.527954942,1,0
27.527999506,1,1
27.535306550,1,0
27.535864434,1,1
27.537364708,0,1
27.537376510,0,0
27.537419106,0,1
27.537460716,0,0
27.537501838,0,1
27.537543450,0,0
27.537584574,0,1
27.537626186,0,0
27.537667310,0,1
27.537708928,0,0
27.537750052,0,1
27.537773294,1,1
27.537792650,1,0
27.537833766,1,1
27.537876360,1,0
27.537917476,1,1
27.537960072,1,0
27.538001184,1,1
27.538043780,1,0
27.538087356,1,1
27.538129950,1,0
27.538168112,1,1
27.538210706,1,0
27.538255266,1,1
27.541881082,0,1
27.541892882,0,0
27.541935480,0,1
27.541958716,1,1
27.541978074,1,0
27.542019200,1,1
27.542061798,1,0
27.542102914,1,1
27.542124356,0,1
27.542144528,0,0
27.542185648,0,1
27.542208886,1,1
27.542228244,1,0
27.542269362,1,1
27.542311960,1,0
27.542353076,1,1
27.542395674,1,0
27.542436788,1,1
27.542458228,0,1
27.542478402,0,0
27.542519522,0,1
27.542561134,0,0
27.542604718,0,1
27.542646332,0,0
27.542684504,0,1
27.542707744,1,1
27.542727104,1,0
27.542771674,1,1
27.550769600,1,0
27.551871616,1,1
27.576631776,1,0
27.576905140,0,0
27.577680878,0,1
27.578853198,0,0
27.578855044,1,0
27.578894320,1,1
27.578935936,1,0
27.578937348,0,0
27.578977064,0,1
27.579019666,0,0
27.579021236,1,0
27.579060788,1,1
27.579102400,1,0
27.579143510,1,1
27.579185118,1,0
27.579187100,0,0
27.579226244,0,1
27.579268840,0,0
27.579270992,1,0
27.579309946,1,1
27.579351544,1,0
27.579392642,1,1
27.579434230,1,0
27.579475326,1,1
27.579518402,1,0
27.579559502,1,1
27.579602080,1,0
27.579643174,1,1
27.579676418,0,1
27.579689692,0,0
27.579730808,0,1
27.579754046,1,1
27.580025372,0,1
27.580037164,0,0
27.580079734,0,1
27.580121322,0,0
27.580162416,0,1
27.580185644,1,1
27.580204990,1,0
27.580246086,1,1
27.580267516,0,1
27.580287678,0,0
27.580328772,0,1
27.580351992,1,1
27.580371336,1,0
27.580412422,1,1
27.580455002,1,0
27.580496118,1,1
27.580538728,1,0
27.580579856,1,1
27.580622452,1,0
27.580663566,1,1
27.580706162,1,0
27.580749732,1,1
27.580792322,1,0
27.580830484,1,1
27.580873074,1,0
27.580917636,1,1
27.580932086,1,0
27.581205388,0,0
27.581980964,0,1
27.582020238,0,0
27.582061348,0,1
27.582103930,0,0
27.582145040,0,1
27.582187630,0,0
27.582189004,1,0
27.582228748,1,1
27.582270360,1,0
27.582272310,0,0
27.582311484,0,1
27.582354082,0,0
27.582395208,0,1
27.582437804,0,0
27.582478924,0,1
27.582521506,0,0
27.582562618,0,1
27.582605200,0,0
27.582646310,0,1
27.582690368,0,0
27.582731478,0,1
27.582770612,0,0
27.582772208,1,0
27.582811712,1,1
27.582844954,0,1
27.582858230,0,0
27.582899342,0,1
27.582922576,1,1
27.583261158,0,1
27.583272976,0,0
27.583315640,0,1
27.583357316,0,0
27.583398510,0,1
27.583421788,1,1
27.583441176,1,0
27.583482364,1,1
27.583503844,0,1
27.583524052,0,0
27.583565252,0,1
27.583588526,1,1
27.583607916,1,0
27.583649110,1,1
27.583691782,1,0
27.583732972,1,1
27.583775650,1,0
27.583816846,1,1
27.583859522,1,0
27.583900718,1,1
27.583943390,1,0
27.583987048,1,1
27.584029720,1,0
27.584067954,1,1
27.584110624,1,0
27.584155270,1,1
27.584169402,1,0
27.584170652,1,1
27.584795332,0,1
27.584807154,0,0
27.584849834,0,1
27.584891516,0,0
27.584932716,0,1
27.584955998,1,1
27.584975388,1,0
27.585016580,1,1
27.585038056,0,1
27.585058264,0,0
27.585099462,0,1
27.585141146,0,0
27.585182346,0,1
27.585224034,0,0
27.585265232,0,1
27.585306912,0,0
27.585348110,0,1
27.585371386,1,1
27.585390776,1,0
27.585431968,1,1
27.585453444,0,1
27.585473656,0,0
27.585517322,0,1
27.585540598,1,1
27.585559988,1,0
27.585598222,1,1
27.585640896,1,0
27.585685548,1,1
27.585703818,1,0
27.591863012,1,1
27.604156706,0,1
27.604168530,0,0
27.604211214,0,1
27.604234498,1,1
27.604253892,1,0
27.604295092,1,1
27.604337768,1,0
27.604378972,1,1
27.604400448,0,1
27.604420658,0,0
27.604461860,0,1
27.604485144,1,1
27.604504536,1,0
27.604545736,1,1
27.604588404,1,0
27.604629604,1,1
27.604672292,1,0
27.604713506,1,1
27.604734988,0,1
27.604755202,0,0
27.604796408,0,1
27.604838100,0,0
27.604881774,0,1
27.604923468,0,0
27.604961714,0,1
27.604985000,1,1
27.605004394,1,0
27.605049052,1,1
27.605067448,1,0
27.607862944,1,1
27.676136178,0,1
27.676148002,0,0
27.676190688,0,1
27.676232382,0,0
27.676273586,0,1
27.676315282,0,0
27.676356490,0,1
27.676398178,0,0
27.676439384,0,1
27.676481076,0,0
27.676522284,0,1
27.676545570,1,1
27.676564964,1,0
27.676606174,1,1
27.676648854,1,0
27.676690060,1,1
27.676732746,1,0
27.676773952,1,1
27.676816630,1,0
27.676860300,1,1
27.676902978,1,0
27.676941220,1,1
27.676983900,1,0
27.677028556,1,1
27.680661930,0,1
27.680673756,0,0
27.680716448,0,1
27.680739734,1,1
27.680759130,1,0
27.680800340,1,1
27.680843022,1,0
27.680884228,1,1
27.680905712,0,1
27.680925928,0,0
27.680967138,0,1
27.680990422,1,1
27.681009818,1,0
27.681051024,1,1
27.681093706,1,0
27.681134908,1,1
27.681177590,1,0
27.681218794,1,1
27.681240278,0,1
27.681260492,0,0
27.681301704,0,1
27.681343396,0,0
27.681387068,0,1
27.681428762,0,0
27.681467010,0,1
27.681490292,1,1
27.681509684,1,0
27.681554334,1,1
27.688935234,1,0
27.695863112,1,1
27.697123700,0,1
27.697135526,0,0
27.697178220,0,1
27.697219916,0,0
27.697261124,0,1
27.697302820,0,0
27.697344032,0,1
27.697385728,0,0
27.697426946,0,1
27.697468646,0,0
27.697509862,0,1
27.697533154,1,1
27.697552550,1,0
27.697593762,1,1
27.697636450,1,0
27.697677668,1,1
27.697720358,1,0
27.697761566,1,1
27.697804252,1,0
27.697847932,1,1
27.697890618,1,0
27.697928868,1,1
27.697971552,1,0
27.698016214,1,1
27.701656796,0,1
27.701668620,0,0
27.701711312,0,1
27.701753014,0,0
27.701794228,0,1
27.701817516,1,1
27.701836908,1,0
27.701878120,1,1
27.701899606,0,1
27.701919820,0,0
27.701961030,0,1
27.702002724,0,0
27.702043938,0,1
27.702085634,0,0
27.702126852,0,1
27.702168552,0,0
27.702209766,0,1
27.702233054,1,1
27.702252450,1,0
27.702293664,1,1
27.702315150,0,1
27.702335366,0,0
27.702379048,0,1
27.702402334,1,1
27.702421730,1,0
27.702459978,1,1
27.702502664,1,0
27.702547330,1,1
27.710581052,1,0
27.711871334,1,1
27.723690316,0,1
27.723702148,0,0
27.723744866,0,1
27.723786588,0,0
27.723827826,0,1
27.723851126,1,1
27.723870530,1,0
27.723911762,1,1
27.723933260,0,1
27.723953496,0,0
27.723994758,0,1
27.724036490,0,0
27.724077744,0,1
27.724119492,0,0
27.724160750,0,1
27.724202488,0,0
27.724243740,0,1
27.724267046,1,1
27.724286454,1,0
27.724327692,1,1
27.724349194,0,1
27.724369422,0,0
27.724413134,0,1
27.724436434,1,1
27.724455840,1,0
27.724494116,1,1
27.724536826,1,0
27.724581512,1,1
27.724599904,1,0
27.727862984,1,1
27.734676560,0,1
27.734688394,0,0
27.734731108,0,1
27.734754412,1,1
27.734773814,1,0
27.734815050,1,1
27.734857756,1,0
27.734898992,1,1
27.734920490,0,1
27.734940714,0,0
27.734981950,0,1
27.735005250,1,1
27.735024654,1,0
27.735065888,1,1
27.735108592,1,0
27.735149826,1,1
27.735192534,1,0
27.735233760,1,1
27.735255254,0,1
27.735275480,0,0
27.735316714,0,1
27.735358430,0,0
27.735402136,0,1
27.735443856,0,0
27.735482134,0,1
27.735505432,1,1
27.735524838,1,0
27.735569532,1,1
27.735586900,1,0
27.735862198,1,1
27.752350142,1,0
27.752623732,0,0
27.753399972,0,1
27.753548012,0,0
27.753549666,1,0
27.753589234,1,1
27.753630926,1,0
27.753632978,0,0
27.753672148,0,1
27.753714858,0,0
27.753716930,1,0
27.753756128,1,1
27.753797882,1,0
27.753839152,1,1
27.753880910,1,0
27.753882946,0,0
27.753922194,0,1
27.753964946,0,0
27.753966926,1,0
27.754006226,1,1
27.754047990,1,0
27.754089264,1,1
27.754131026,1,0
27.754172302,1,1
27.754215550,1,0
27.754256828,1,1
27.754299582,1,0
27.754340856,1,1
27.754374232,0,1
27.754387558,0,0
27.754428840,0,1
27.754452164,1,1
27.754724670,0,1
27.754736512,0,0
27.754779272,0,1
27.754821038,0,0
27.754862324,0,1
27.754885650,1,1
27.754905070,1,0
27.754946354,1,1
27.754967872,0,1
27.754988122,0,0
27.755029404,0,1
27.755052730,1,1
27.755072152,1,0
27.755113432,1,1
27.755156180,1,0
27.755197462,1,1
27.755240214,1,0
27.755281490,1,1
27.755324236,1,0
27.755365514,1,1
27.755408260,1,0
27.755452004,1,1
27.755494752,1,0
27.755533058,1,1
27.755575806,1,0
27.755620542,1,1
27.755634116,1,0
27.755903748,0,0
27.756680174,0,1
27.756721140,0,0
27.756762414,0,1
27.756805160,0,0
27.756846444,0,1
27.756889186,0,0
27.756930462,0,1
27.756973194,0,0
27.757014460,0,1
27.757057196,0,0
27.757098468,0,1
27.757141200,0,0
27.757182474,0,1
27.757225208,0,0
27.757266480,0,1
27.757309214,0,0
27.757350488,0,1
27.757394704,0,0
27.757396606,1,0
27.757435970,1,1
27.757478702,1,0
27.757519958,1,1
27.757553324,0,1
27.757566646,0,0
27.757607904,0,1
27.757631218,1,1
27.757975026,0,1
27.757986846,0,0
27.758029514,0,1
27.758071190,0,0
27.758112380,0,1
27.758135658,1,1
27.758155040,1,0
27.758196224,1,1
27.758217698,0,1
27.758237904,0,0
27.758279090,0,1
27.758302362,1,1
27.758321744,1,0
27.758362930,1,1
27.758405588,1,0
27.758446772,1,1
27.758489430,1,0
27.758530612,1,1
27.758573270,1,0
27.758614450,1,1
27.758657108,1,0
27.758700750,1,1
27.758743402,1,0
27.758781622,1,1
27.758824276,1,0
27.758868906,1,1
27.758881652,1,0
27.758882912,1,1
27.815625416,0,1
27.815637220,0,0
27.815679830,0,1
27.815721450,0,0
27.815762586,0,1
27.815804210,0,0
27.815845346,0,1
27.815886970,0,0
27.815928104,0,1
27.815969722,0,0
27.816010850,0,1
27.816034092,1,1
27.816053450,1,0
27.816094572,1,1
27.816137176,1,0
27.816178302,1,1
27.816220908,1,0
27.816262028,1,1
27.816304634,1,0
27.816348224,1,1
27.816390822,1,0
27.816428992,1,1
27.816471590,1,0
27.816516156,1,1
27.820149516,0,1
27.820161318,0,0
27.820203920,0,1
27.820245538,0,0
27.820286664,0,1
27.820309904,1,1
27.820329260,1,0
27.820370386,1,1
27.820391830,0,1
27.820412006,0,0
27.820453132,0,1
27.820494746,0,0
27.820535872,0,1
27.820577488,0,0
27.820618614,0,1
27.820660232,0,0
27.820701364,0,1
27.820724604,1,1
27.820743964,1,0
27.820785090,1,1
27.820806532,0,1
27.820826708,0,0
27.820870296,0,1
27.820893540,1,1
27.820912898,1,0
27.820951066,1,1
27.820993668,1,0
27.821038238,1,1
27.829168808,1,0
27.831869624,1,1
27.848226248,1,0
27.848499566,0,0
27.849275116,0,1
27.849420710,0,0
27.849422690,1,0
27.849461842,1,1
27.849503462,1,0
27.849504978,0,0
27.849544600,0,1
27.849587204,0,0
27.849588854,1,0
27.849628334,1,1
27.849669954,1,0
27.849711084,1,1
27.849752704,1,0
27.849754674,0,0
27.849793838,0,1
27.849836442,0,0
27.849838534,1,0
27.849877572,1,1
27.849919194,1,0
27.849960322,1,1
27.850001946,1,0
27.850043072,1,1
27.850086170,1,0
27.850127302,1,1
27.850169904,1,0
27.850211028,1,1
27.850244296,0,1
27.850257578,0,0
27.850298708,0,1
27.850321942,1,1
27.850593460,0,1
27.850605264,0,0
27.850647874,0,1
27.850689498,0,0
27.850730628,0,1
27.850753874,1,1
27.850773234,1,0
27.850814362,1,1
27.850835808,0,1
27.850855986,0,0
27.850897116,0,1
27.850920358,1,1
27.850939718,1,0
27.850980838,1,1
27.851023444,1,0
27.851064570,1,1
27.851107172,1,0
27.851148296,1,1
27.851190898,1,0
27.851232022,1,1
27.851274624,1,0
27.851318210,1,1
27.851360812,1,0
27.851398980,1,1
27.851441588,1,0
27.851486160,1,1
27.851498610,1,0
27.851767940,0,0
27.852543564,0,1
27.852583164,0,0
27.852624310,0,1
27.852666918,0,0
27.852708058,0,1
27.852750664,0,0
27.852752578,1,0
27.852791788,1,1
27.852833402,1,0
27.852834850,0,0
27.852874530,0,1
27.852917126,0,0
27.852958252,0,1
27.853000848,0,0
27.853041976,0,1
27.853084570,0,0
27.853125710,0,1
27.853168314,0,0
27.853209452,0,1
27.853253536,0,0
27.853294678,0,1
27.853333836,0,0
27.853335740,1,0
27.853374966,1,1
27.853408232,0,1
27.853421514,0,0
27.853462650,0,1
27.853485890,1,1
27.853824534,0,1
27.853836354,0,0
27.853879024,0,1
27.853920704,0,0
27.853961902,0,1
27.853985178,1,1
27.854004566,1,0
27.854045762,1,1
27.854067238,0,1
27.854087446,0,0
27.854128642,0,1
27.854151922,1,1
27.854171312,1,0
27.854212508,1,1
27.854255180,1,0
27.854296378,1,1
27.854339050,1,0
27.854380246,1,1
27.854422920,1,0
27.854464124,1,1
27.854506800,1,0
27.854550460,1,1
27.854593132,1,0
27.854631366,1,1
27.854674032,1,0
27.854718678,1,1
27.854731484,1,0
27.854732738,1,1
27.878309884,0,1
27.878321710,0,0
27.878364394,0,1
27.878406086,0,0
27.878447298,0,1
27.878470586,1,1
27.878489978,1,0
27.878531188,1,1
27.878552674,0,1
27.878572892,0,0
27.878614108,0,1
27.878655806,0,0
27.878697028,0,1
27.878738726,0,0
27.878779942,0,1
27.878821642,0,0
27.878862862,0,1
27.878886148,1,1
27.878905542,1,0
27.878946752,1,1
27.878968240,0,1
27.878988456,0,0
27.879032140,0,1
27.879055424,1,1
27.879074820,1,0
27.879113070,1,1
27.879155752,1,0
27.879200418,1,1
27.879218462,1,0
27.879861654,1,1
27.959858194,0,1
27.959870022,0,0
27.959912714,0,1
27.959954410,0,0
27.959995624,0,1
27.960037316,0,0
27.960078526,0,1
27.960120220,0,0
27.960161430,0,1
27.960203130,0,0
27.960244354,0,1
27.960267646,1,1
27.960287042,1,0
27.960328258,1,1
27.960370940,1,0
27.960412146,1,1
27.960454830,1,0
27.960496040,1,1
27.960538724,1,0
27.960582400,1,1
27.960625086,1,0
27.960663334,1,1
27.960706018,1,0
27.960750686,1,1
27.964391396,0,1
27.964403222,0,0
27.964445918,0,1
27.964487616,0,0
27.964528832,0,1
27.964552118,1,1
27.964571514,1,0
27.964612724,1,1
27.964634208,0,1
27.964654428,0,0
27.964695650,0,1
27.964737348,0,0
27.964778562,0,1
27.964820264,0,0
27.964861482,0,1
27.964903186,0,0
27.964944404,0,1
27.964967696,1,1
27.964987088,1,0
27.965028296,1,1
27.965049782,0,1
27.965070000,0,0
27.965113684,0,1
27.965136970,1,1
27.965156364,1,0
27.965194616,1,1
27.965237302,1,0
27.965281968,1,1
27.968918864,0,1
27.968930692,0,0
27.968973386,0,1
27.969015086,0,0
27.969056304,0,1
27.969098004,0,0
27.969139228,0,1
27.969180932,0,0
27.969222150,0,1
27.969263856,0,0
27.969305076,0,1
27.969328366,1,1
27.969347762,1,0
27.969388978,1,1
27.969431670,1,0
27.969472882,1,1
27.969515574,1,0
27.969556788,1,1
27.969599470,1,0
27.969643150,1,1
27.969685836,1,0
27.969724088,1,1
27.969766778,1,0
27.969811450,1,1
27.973445370,0,1
27.973457198,0,0
27.973499900,0,1
27.973523192,1,1
27.973542588,1,0
27.973583804,1,1
27.973626500,1,0
27.973667716,1,1
27.973689206,0,1
27.973709428,0,0
27.973750650,0,1
27.973773944,1,1
27.973793340,1,0
27.973834560,1,1
27.973877252,1,0
27.973918468,1,1
27.973961158,1,0
27.974002376,1,1
27.974023862,0,1
27.974044082,0,0
27.974085302,0,1
27.974127008,0,0
27.974170700,0,1
27.974212406,0,0
27.974250666,0,1
27.974273958,1,1
27.974293356,1,0
27.974338024,1,1
27.981768230,1,0
27.983868544,1,1
27.995201386,0,1
27.995213216,0,0
27.995255916,0,1
27.995279208,1,1
27.995298600,1,0
27.995339804,1,1
27.995382488,1,0
27.995423712,1,1
27.995445206,0,1
27.995465428,0,0
27.995506646,0,1
27.995529936,1,1
27.995549330,1,0
27.995590542,1,1
27.995633234,1,0
27.995674450,1,1
27.995717140,1,0
27.995758358,1,1
27.995779846,0,1
27.995800064,0,0
27.995841282,0,1
27.995882986,0,0
27.995926672,0,1
27.995968372,0,0
27.996006644,0,1
27.996029948,1,1
27.996049354,1,0
27.996094040,1,1
27.996112260,1,0
27.999863120,1,1
28.075615586,0,1
28.075627412,0,0
28.075670110,0,1
28.075693404,1,1
28.075712800,1,0
28.075754016,1,1
28.075796706,1,0
28.075837922,1,1
28.075859408,0,1
28.075879620,0,0
28.075920820,0,1
28.075962520,0,0
28.076003746,0,1
28.076027036,1,1
28.076046432,1,0
28.076087648,1,1
28.076130342,1,0
28.076171566,1,1
28.076193054,0,1
28.076213278,0,0
28.076254508,0,1
28.076296216,0,0
28.076339912,0,1
28.076363208,1,1
28.076382608,1,0
28.076420868,1,1
28.076463562,1,0
28.076508242,1,1
28.076526422,1,0
28.079862040,1,1
28.095718944,0,1
28.095730776,0,0
28.095773482,0,1
28.095815192,0,0
28.095856422,0,1
28.095898134,0,0
28.095939364,0,1
28.095981074,0,0
28.096022302,0,1
28.096064010,0,0
28.096105234,0,1
28.096128530,1,1
28.096147930,1,0
28.096189150,1,1
28.096231840,1,0
28.096273064,1,1
28.096315756,1,0
28.096356976,1,1
28.096399670,1,0
28.096443360,1,1
28.096486048,1,0
28.096524302,1,1
28.096566992,1,0
28.096611660,1,1
28.100248950,0,1
28.100260778,0,0
28.100303478,0,1
28.100326772,1,1
28.100346170,1,0
28.100387390,1,1
28.100430082,1,0
28.100471300,1,1
28.100492790,0,1
28.100513010,0,0
28.100554230,0,1
28.100595936,0,0
28.100637156,0,1
28.100660446,1,1
28.100679846,1,0
28.100721066,1,1
28.100763762,1,0
28.100804978,1,1
28.100826466,0,1
28.100846690,0,0
28.100887918,0,1
28.100929624,0,0
28.100973318,0,1
28.100996612,1,1
28.101016008,1,0
28.101054266,1,1
28.101096954,1,0
28.101141630,1,1
28.108596492,1,0
28.111862732,1,1
28.113617066,0,1
28.113628896,0,0
28.113671598,0,1
28.113713310,0,0
28.113754538,0,1
28.113796248,0,0
28.113837478,0,1
28.113879188,0,0
28.113920412,0,1
28.113962122,0,0
28.114003348,0,1
28.114026646,1,1
28.114046040,1,0
28.114087266,1,1
28.114129964,1,0
28.114171186,1,1
28.114213882,1,0
28.114255106,1,1
28.114297798,1,0
28.114341486,1,1
28.114384182,1,0
28.114422440,1,1
28.114465134,1,0
28.114509814,1,1
28.118144376,0,1
28.118156204,0,0
28.118198906,0,1
28.118222196,1,1
28.118241592,1,0
28.118282812,1,1
28.118325508,1,0
28.118366726,1,1
28.118388214,0,1
28.118408438,0,0
28.118449664,0,1
28.118472958,1,1
28.118492354,1,0
28.118533574,1,1
28.118576268,1,0
28.118617484,1,1
28.118660178,1,0
28.118701406,1,1
28.118722896,0,1
28.118743118,0,0
28.118784344,0,1
28.118826052,0,0
28.118869748,0,1
28.118911458,0,0
28.118949726,0,1
28.118973020,1,1
28.118992420,1,0
28.119037094,1,1
28.127155616,1,0
28.127861970,1,1
28.342544206,1,0
28.342817602,0,0
28.343593504,0,1
28.344119056,0,0
28.344120962,1,0
28.344160290,1,1
28.344202002,1,0
28.344203264,0,0
28.344243244,0,1
28.344285946,0,0
28.344288176,1,0
28.344327172,1,1
28.344368888,1,0
28.344410118,1,1
28.344451830,1,0
28.344453060,0,0
28.344493064,0,1
28.344535770,0,0
28.344537974,1,0
28.344577000,1,1
28.344618714,1,0
28.344659944,1,1
28.344701664,1,0
28.344742892,1,1
28.344786088,1,0
28.344827320,1,1
28.344870020,1,0
28.344911248,1,1
28.344944592,0,1
28.344957910,0,0
28.344999160,0,1
28.345022466,1,1
28.345294650,0,1
28.345306482,0,0
28.345349194,0,1
28.345390908,0,0
28.345432140,0,1
28.345455440,1,1
28.345474840,1,0
28.345516072,1,1
28.345537566,0,1
28.345557792,0,0
28.345599024,0,1
28.345622322,1,1
28.345641722,1,0
28.345682956,1,1
28.345725660,1,0
28.345766892,1,1
28.345809596,1,0
28.345850826,1,1
28.345893528,1,0
28.345934758,1,1
28.345977456,1,0
28.346021150,1,1
28.346063848,1,0
28.346102116,1,1
28.346144814,1,0
28.346189494,1,1
28.346205134,1,0
28.346474542,0,0
28.347250404,0,1
28.347297952,0,0
28.347339202,0,1
28.347381910,0,0
28.347423152,0,1
28.347465856,0,0
28.347467586,1,0
28.347507088,1,1
28.347548804,1,0
28.347549900,0,0
28.347590044,0,1
28.347632744,0,0
28.347673984,0,1
28.347716690,0,0
28.347757930,0,1
28.347800636,0,0
28.347841876,0,1
28.347884578,0,0
28.347925822,0,1
28.347970006,0,0
28.348011242,0,1
28.348050488,0,0
28.348052016,1,0
28.348091720,1,1
28.348125060,0,1
28.348138374,0,0
28.348179616,0,1
28.348202916,1,1
28.348542240,0,1
28.348554072,0,0
28.348596794,0,1
28.348638518,0,0
28.348679762,0,1
28.348703070,1,1
28.348722476,1,0
28.348763722,1,1
28.348785218,0,1
28.348805450,0,0
28.348846696,0,1
28.348870000,1,1
28.348889404,1,0
28.348930640,1,1
28.348973356,1,0
28.349014594,1,1
28.349057306,1,0
28.349098548,1,1
28.349141260,1,0
28.349182494,1,1
28.349225208,1,0
28.349268914,1,1
28.349311624,1,0
28.349349898,1,1
28.349392608,1,0
28.349437294,1,1
28.349451244,1,0
28.349452502,1,1
28.375345986,1,0
28.375615398,0,0
28.376391390,0,1
28.376627406,0,0
28.376628738,1,0
28.376668648,1,1
28.376710370,1,0
28.376712072,0,0
28.376751618,0,1
28.376794324,0,0
28.376795984,1,0
28.376835556,1,1
28.376877274,1,0
28.376918508,1,1
28.376960220,1,0
28.376961890,0,0
28.377001456,0,1
28.377044162,0,0
28.377045802,1,0
28.377085394,1,1
28.377127112,1,0
28.377168342,1,1
28.377210058,1,0
28.377251292,1,1
28.377294484,1,0
28.377335714,1,1
28.377378412,1,0
28.377419644,1,1
28.377452986,0,1
28.377466300,0,0
28.377507542,0,1
28.377530842,1,1
28.377803028,0,1
28.377814860,0,0
28.377857572,0,1
28.377899284,0,0
28.377940518,0,1
28.377963816,1,1
28.377983216,1,0
28.378024446,1,1
28.378045936,0,1
28.378066164,0,0
28.378107396,0,1
28.378130694,1,1
28.378150094,1,0
28.378191326,1,1
28.378234030,1,0
28.378275260,1,1
28.378317962,1,0
28.378359192,1,1
28.378401892,1,0
28.378443122,1,1
28.378485826,1,0
28.378529522,1,1
28.378572224,1,0
28.378610494,1,1
28.378653190,1,0
28.378697876,1,1
28.378712784,1,0
28.378982286,0,0
28.379758296,0,1
28.379797538,0,0
28.379838784,0,1
28.379881494,0,0
28.379922744,0,1
28.379965452,0,0
28.379967436,1,0
28.380006688,1,1
28.380048408,1,0
28.380049762,0,0
28.380089650,0,1
28.380132354,0,0
28.380173596,0,1
28.380216304,0,0
28.380257546,0,1
28.380300254,0,0
28.380341496,0,1
28.380384202,0,0
28.380425450,0,1
28.380469636,0,0
28.380510876,0,1
28.380550128,0,0
28.380551826,1,0
28.380591358,1,1
28.380624702,0,1
28.380638018,0,0
28.380679264,0,1
28.380702568,1,1
28.381041892,0,1
28.381053724,0,0
28.381096438,0,1
28.381138146,0,0
28.381179376,0,1
28.381202672,1,1
28.381222074,1,0
28.381263304,1,1
28.381284796,0,1
28.381305020,0,0
28.381346254,0,1
28.381369552,1,1
28.381388952,1,0
28.381430180,1,1
28.381472880,1,0
28.381514110,1,1
28.381556806,1,0
28.381598030,1,1
28.381640732,1,0
28.381681960,1,1
28.381724668,1,0
28.381768374,1,1
28.381811078,1,0
28.381849346,1,1
28.381892048,1,0
28.381936732,1,1
28.381951030,1,0
28.381952280,1,1
28.456296526,1,0
28.456565978,0,0
28.457342036,0,1
28.457467000,0,0
28.457468550,1,0
28.457508238,1,1
28.457549958,1,0
28.457551884,0,0
28.457591200,0,1
28.457633906,0,0
28.457635794,1,0
28.457675142,1,1
28.457716860,1,0
28.457758094,1,1
28.457799812,1,0
28.457801716,0,0
28.457841052,0,1
28.457883752,0,0
28.457885630,1,0
28.457924984,1,1
28.457966688,1,0
28.458007904,1,1
28.458049606,1,0
28.458090818,1,1
28.458133994,1,0
28.458175206,1,1
28.458217890,1,0
28.458259094,1,1
28.458292422,0,1
28.458305730,0,0
28.458346956,0,1
28.458370248,1,1
28.458642336,0,1
28.458654166,0,0
28.458696888,0,1
28.458738618,0,0
28.458779866,0,1
28.458803168,1,1
28.458822570,1,0
28.458863802,1,1
28.458885296,0,1
28.458905522,0,0
28.458946758,0,1
28.458970058,1,1
28.458989458,1,0
28.459030686,1,1
28.459073396,1,0
28.459114632,1,1
28.459157336,1,0
28.459198572,1,1
28.459241282,1,0
28.459282516,1,1
28.459325222,1,0
28.459368930,1,1
28.459411636,1,0
28.459449902,1,1
28.459492602,1,0
28.459537286,1,1
28.459550654,1,0
28.459820066,0,0
28.460595906,0,1
28.460636920,0,0
28.460678168,0,1
28.460720876,0,0
28.460762124,0,1
28.460804832,0,0
28.460846072,0,1
28.460888776,0,0
28.460930020,0,1
28.460972728,0,0
28.461013972,0,1
28.461056682,0,0
28.461097926,0,1
28.461140634,0,0
28.461181878,0,1
28.461224582,0,0
28.461265822,0,1
28.461310010,0,0
28.461311874,1,0
28.461351248,1,1
28.461393952,1,0
28.461435190,1,1
28.461468532,0,1
28.461481848,0,0
28.461523094,0,1
28.461546396,1,1
28.461889976,0,1
28.461901788,0,0
28.461944430,0,1
28.461986076,0,0
28.462027234,0,1
28.462050490,1,1
28.462069860,1,0
28.462111016,1,1
28.462132472,0,1
28.462152662,0,0
28.462193816,0,1
28.462217074,1,1
28.462236442,1,0
28.462277596,1,1
28.462320222,1,0
28.462361376,1,1
28.462404000,1,0
28.462445150,1,1
28.462487774,1,0
28.462528926,1,1
28.462571550,1,0
28.462615164,1,1
28.462657788,1,0
28.462695986,1,1
28.462738610,1,0
28.462783210,1,1
28.462795986,1,0
28.462797238,1,1
28.608362692,1,0
28.608636038,0,0
28.609411640,0,1
28.609933706,0,0
28.609935854,1,0
28.609974846,1,1
28.610016474,1,0
28.610018136,0,0
28.610057616,0,1
28.610100232,0,0
28.610102016,1,0
28.610141368,1,1
28.610182992,1,0
28.610224130,1,1
28.610265756,1,0
28.610266838,0,0
28.610306898,0,1
28.610349512,0,0
28.610351712,1,0
28.610390654,1,1
28.610432298,1,0
28.610473460,1,1
28.610515112,1,0
28.610556270,1,1
28.610599388,1,0
28.610640532,1,1
28.610683148,1,0
28.610724288,1,1
28.610757564,0,1
28.610770852,0,0
28.610812008,0,1
28.610835266,1,1
28.611106856,0,1
28.611118662,0,0
28.611161280,0,1
28.611202908,0,0
28.611244050,0,1
28.611267300,1,1
28.611286662,1,0
28.611327802,1,1
28.611349254,0,1
28.611369438,0,0
28.611410584,0,1
28.611433832,1,1
28.611453198,1,0
28.611494336,1,1
28.611536954,1,0
28.611578086,1,1
28.611620700,1,0
28.611661838,1,1
28.611704464,1,0
28.611745622,1,1
28.611788248,1,0
28.611831850,1,1
28.611874462,1,0
28.611912642,1,1
28.611955252,1,0
28.611999836,1,1
28.612013872,1,0
28.612283208,0,0
28.613058864,0,1
28.613106022,0,0
28.613147178,0,1
28.613189798,0,0
28.613230954,0,1
28.613273572,0,0
28.613274942,1,0
28.613314710,1,1
28.613356344,1,0
28.613358236,0,0
28.613397492,0,1
28.613440104,0,0
28.613481252,0,1
28.613523868,0,0
28.613565018,0,1
28.613607634,0,0
28.613648786,0,1
28.613691406,0,0
28.613732558,0,1
28.613776652,0,0
28.613817788,0,1
28.613856946,0,0
28.613859124,1,0
28.613898072,1,1
28.613931332,0,1
28.613944612,0,0
28.613985746,0,1
28.614008984,1,1
28.614347594,0,1
28.614359412,0,0
28.614402078,0,1
28.614443752,0,0
28.614484944,0,1
28.614508222,1,1
28.614527612,1,0
28.614568808,1,1
28.614590284,0,1
28.614610492,0,0
28.614651694,0,1
28.614674976,1,1
28.614694366,1,0
28.614735558,1,1
28.614778230,1,0
28.614819428,1,1
28.614862098,1,0
28.614903294,1,1
28.614945968,1,0
28.614987166,1,1
28.615029838,1,0
28.615073502,1,1
28.615116172,1,0
28.615154404,1,1
28.615197074,1,0
28.615241718,1,1
28.615254990,1,0
28.615256246,1,1
28.744318676,1,0
28.744592162,0,0
28.745368290,0,1
28.746554694,0,0
28.746556176,1,0
28.746595924,1,1
28.746637642,1,0
28.746639508,0,0
28.746678884,0,1
28.746721588,0,0
28.746723426,1,0
28.746762820,1,1
28.746804540,1,0
28.746845768,1,1
28.746887484,1,0
28.746889344,0,0
28.746928726,0,1
28.746971430,0,0
28.746973266,1,0
28.747012660,1,1
28.747054374,1,0
28.747095600,1,1
28.747137312,1,0
28.747178542,1,1
28.747221738,1,0
28.747262966,1,1
28.747305666,1,0
28.747346892,1,1
28.747380234,0,1
28.747393548,0,0
28.747434790,0,1
28.747458092,1,1
28.747730268,0,1
28.747742100,0,0
28.747784812,0,1
28.747826526,0,0
28.747867760,0,1
28.747891056,1,1
28.747910458,1,0
28.747951690,1,1
28.747973182,0,1
28.747993408,0,0
28.748034640,0,1
28.748057938,1,1
28.748077340,1,0
28.748118568,1,1
28.748161270,1,0
28.748202496,1,1
28.748245200,1,0
28.748286428,1,1
28.748329126,1,0
28.748370354,1,1
28.748413050,1,0
28.748456738,1,1
28.748499438,1,0
28.748537702,1,1
28.748580402,1,0
28.748625084,1,1
28.748637396,1,0
28.748910968,0,0
28.749687042,0,1
28.749733546,0,0
28.749774776,0,1
28.749817468,0,0
28.749858696,0,1
28.749901384,0,0
28.749942612,0,1
28.749985294,0,0
28.750026516,0,1
28.750069200,0,0
28.750110430,0,1
28.750153128,0,0
28.750194368,0,1
28.750237074,0,0
28.750278310,0,1
28.750321016,0,0
28.750362258,0,1
28.750406440,0,0
28.750408096,1,0
28.750447672,1,1
28.750490376,1,0
28.750531602,1,1
28.750564942,0,1
28.750578256,0,0
28.750619496,0,1
28.750642796,1,1
28.750986346,0,1
28.750998160,0,0
28.751040798,0,1
28.751082442,0,0
28.751123598,0,1
28.751146850,1,1
28.751166218,1,0
28.751207370,1,1
28.751228826,0,1
28.751249016,0,0
28.751290174,0,1
28.751313432,1,1
28.751332800,1,0
28.751373954,1,1
28.751416584,1,0
28.751457734,1,1
28.751500360,1,0
28.751541508,1,1
28.751584130,1,0
28.751625280,1,1
28.751667904,1,0
28.751711526,1,1
28.751754156,1,0
28.751792352,1,1
28.751834980,1,0
28.751879576,1,1
28.751891378,1,0
28.751892628,1,1
28.872907280,1,0
28.872911288,0,0
28.873956394,0,1
28.874056414,0,0
28.874058638,1,0
28.874097558,1,1
28.874139190,1,0
28.874140914,0,0
28.874180344,0,1
28.874222966,0,0
28.874224796,1,0
28.874264110,1,1
28.874305746,1,0
28.874346890,1,1
28.874388518,1,0
28.874389620,0,0
28.874429670,0,1
28.874472286,0,0
28.874474490,1,0
28.874513424,1,1
28.874555052,1,0
28.874596194,1,1
28.874637822,1,0
28.874678960,1,1
28.874722072,1,0
28.874763210,1,1
28.874805826,1,0
28.874846964,1,1
28.874880240,0,1
28.874893526,0,0
28.874934680,0,1
28.874957936,1,1
28.875229534,0,1
28.875241340,0,0
28.875283954,0,1
28.875325582,0,0
28.875366728,0,1
28.875389974,1,1
28.875409340,1,0
28.875450482,1,1
28.875471932,0,1
28.875492116,0,0
28.875533258,0,1
28.875556506,1,1
28.875575870,1,0
28.875617012,1,1
28.875659630,1,0
28.875700770,1,1
28.875743388,1,0
28.875784530,1,1
28.875827144,1,0
28.875868284,1,1
28.875910898,1,0
28.875954502,1,1
28.875997116,1,0
28.876035298,1,1
28.876077914,1,0
28.876122498,1,1
28.876135502,1,0
28.876408792,0,0
28.877184362,0,1
28.877228694,0,0
28.877269848,0,1
28.877312466,0,0
28.877353622,0,1
28.877396240,0,0
28.877398404,1,0
28.877437378,1,1
28.877479010,1,0
28.877480664,0,0
28.877520156,0,1
28.877562760,0,0
28.877603896,0,1
28.877646516,0,0
28.877687682,0,1
28.877730318,0,0
28.877771476,0,1
28.877814100,0,0
28.877855256,0,1
28.877899354,0,0
28.877940502,0,1
28.877979670,0,0
28.877981556,1,0
28.878020810,1,1
28.878054082,0,1
28.878067370,0,0
28.878108524,0,1
28.878131778,1,1
28.878470552,0,1
28.878482378,0,0
28.878525070,0,1
28.878566762,0,0
28.878607972,0,1
28.878631258,1,1
28.878650656,1,0
28.878691870,1,1
28.878713354,0,1
28.878733572,0,0
28.878774792,0,1
28.878798082,1,1
28.878817476,1,0
28.878858688,1,1
28.878901382,1,0
28.878942598,1,1
28.878985284,1,0
28.879026496,1,1
28.879069184,1,0
28.879110392,1,1
28.879153084,1,0
28.879196766,1,1
28.879239454,1,0
28.879277708,1,1
28.879320396,1,0
28.879365060,1,1
28.879380550,1,0
28.879381798,1,1
29.008907894,1,0
29.009181364,0,0
29.009957352,0,1
29.010650746,0,0
29.010652178,1,0
29.010691980,1,1
29.010733700,1,0
29.010735506,0,0
29.010774944,0,1
29.010817646,0,0
29.010819430,1,0
29.010858876,1,1
29.010900592,1,0
29.010941820,1,1
29.010983530,1,0
29.010985364,0,0
29.011024770,0,1
29.011067474,0,0
29.011069286,1,0
29.011108698,1,1
29.011150418,1,0
29.011191644,1,1
29.011233358,1,0
29.011274584,1,1
29.011317778,1,0
29.011359000,1,1
29.011401700,1,0
29.011442926,1,1
29.011476266,0,1
29.011489580,0,0
29.011530824,0,1
29.011554124,1,1
29.011826310,0,1
29.011838140,0,0
29.011880852,0,1
29.011922568,0,0
29.011963800,0,1
29.011987098,1,1
29.012006498,1,0
29.012047728,1,1
29.012069220,0,1
29.012089446,0,0
29.012130680,0,1
29.012153974,1,1
29.012173376,1,0
29.012214606,1,1
29.012257304,1,0
29.012298532,1,1
29.012341236,1,0
29.012382466,1,1
29.012425164,1,0
29.012466386,1,1
29.012509082,1,0
29.012552774,1,1
29.012595476,1,0
29.012633742,1,1
29.012676440,1,0
29.012721118,1,1
29.012734350,1,0
29.013007764,0,0
29.013783648,0,1
29.013829034,0,0
29.013870256,0,1
29.013912940,0,0
29.013954160,0,1
29.013996836,0,0
29.014038056,0,1
29.014080736,0,0
29.014121952,0,1
29.014164636,0,0
29.014205856,0,1
29.014248534,0,0
29.014289752,0,1
29.014332430,0,0
29.014373646,0,1
29.014416332,0,0
29.014457550,0,1
29.014501708,0,0
29.014503536,1,0
29.014542900,1,1
29.014585576,1,0
29.014626788,1,1
29.014660122,0,1
29.014673436,0,0
29.014714662,0,1
29.014737946,1,1
29.015081296,0,1
29.015093102,0,0
29.015135716,0,1
29.015177334,0,0
29.015218472,0,1
29.015241718,1,1
29.015261080,1,0
29.015302210,1,1
29.015323656,0,1
29.015343836,0,0
29.015384968,0,1
29.015408208,1,1
29.015427566,1,0
29.015468692,1,1
29.015511296,1,0
29.015552420,1,1
29.015595020,1,0
29.015636144,1,1
29.015678744,1,0
29.015719872,1,1
29.015762476,1,0
29.015806068,1,1
29.015848678,1,0
29.015886854,1,1
29.015929462,1,0
29.015974034,1,1
29.015987532,1,0
29.015988790,1,1
29.024466032,0,1
29.024477838,0,0
29.024520460,0,1
29.024543712,1,1
29.024563074,1,0
29.024604216,1,1
29.024646832,1,0
29.024687978,1,1
29.024709432,0,1
29.024729616,0,0
29.024770766,0,1
29.024812402,0,0
29.024853548,0,1
29.024876798,1,1
29.024896160,1,0
29.024937304,1,1
29.024979918,1,0
29.025021054,1,1
29.025042506,0,1
29.025062690,0,0
29.025103834,0,1
29.025145466,0,0
29.025189082,0,1
29.025212332,1,1
29.025231698,1,0
29.025269888,1,1
29.025312510,1,0
29.025357108,1,1
29.025374766,1,0
29.031859592,1,1
29.032202846,0,1
29.032214654,0,0
29.032257284,0,1
29.032298918,0,0
29.032340066,0,1
29.032363318,1,1
29.032382686,1,0
29.032423830,1,1
29.032445282,0,1
29.032465466,0,0
29.032506618,0,1
29.032548254,0,0
29.032589402,0,1
29.032631036,0,0
29.032672192,0,1
29.032713830,0,0
29.032754984,0,1
29.032778240,1,1
29.032797608,1,0
29.032838754,1,1
29.032860204,0,1
29.032880388,0,0
29.032924000,0,1
29.032947252,1,1
29.032966616,1,0
29.033004802,1,1
29.033047424,1,0
29.033092012,1,1
29.033109360,1,0
29.039859634,1,1
29.144784576,1,0
29.145053802,0,0
29.145829258,0,1
29.145956230,0,0
29.145957700,1,0
29.145997376,1,1
29.146039010,1,0
29.146040976,0,0
29.146080160,0,1
29.146122774,0,0
29.146124828,1,0
29.146163914,1,1
29.146205546,1,0
29.146246684,1,1
29.146288314,1,0
29.146289624,0,0
29.146329460,0,1
29.146372072,0,0
29.146373468,1,0
29.146413212,1,1
29.146454838,1,0
29.146495974,1,1
29.146537602,1,0
29.146578740,1,1
29.146621844,1,0
29.146662978,1,1
29.146705594,1,0
29.146746730,1,1
29.146780000,0,1
29.146793288,0,0
29.146834440,0,1
29.146857692,1,1
29.147129270,0,1
29.147141076,0,0
29.147183692,0,1
29.147225322,0,0
29.147266466,0,1
29.147289712,1,1
29.147309074,1,0
29.147350214,1,1
29.147371662,0,1
29.147391844,0,0
29.147432982,0,1
29.147456232,1,1
29.147475594,1,0
29.147516732,1,1
29.147559344,1,0
29.147600484,1,1
29.147643096,1,0
29.147684234,1,1
29.147726848,1,0
29.147767986,1,1
29.147810600,1,0
29.147854198,1,1
29.147896810,1,0
29.147934988,1,1
29.147977598,1,0
29.148022182,1,1
29.148036526,1,0
29.148305844,0,0
29.149081320,0,1
29.149128346,0,0
29.149169502,0,1
29.149212124,0,0
29.149253280,0,1
29.149295900,0,0
29.149297354,1,0
29.149337046,1,1
29.149378676,1,0
29.149380634,0,0
29.149419830,0,1
29.149462448,0,0
29.149503604,0,1
29.149546224,0,0
29.149587382,0,1
29.149630000,0,0
29.149671154,0,1
29.149713780,0,0
29.149754938,0,1
29.149799040,0,0
29.149840196,0,1
29.149879368,0,0
29.149881542,1,0
29.149920508,1,1
29.149953788,0,1
29.149967078,0,0
29.150008234,0,1
29.150031482,1,1
29.150370258,0,1
29.150382082,0,0
29.150424772,0,1
29.150466466,0,0
29.150507686,0,1
29.150530974,1,1
29.150550372,1,0
29.150591584,1,1
29.150613072,0,1
29.150633290,0,0
29.150674508,0,1
29.150697800,1,1
29.150717194,1,0
29.150758410,1,1
29.150801098,1,0
29.150842310,1,1
29.150885002,1,0
29.150926218,1,1
29.150968906,1,0
29.151010120,1,1
29.151052806,1,0
29.151096482,1,1
29.151139174,1,0
29.151177426,1,1
29.151220110,1,0
29.151264780,1,1
29.151277366,1,0
29.151278620,1,1
29.190160668,0,1
29.190172498,0,0
29.190215204,0,1
29.190256910,0,0
29.190298134,0,1
29.190339844,0,0
29.190381068,0,1
29.190422776,0,0
29.190464008,0,1
29.190505714,0,0
29.190546940,0,1
29.190570234,1,1
29.190589632,1,0
29.190630850,1,1
29.190673544,1,0
29.190714766,1,1
29.190757462,1,0
29.190798680,1,1
29.190841374,1,0
29.190885064,1,1
29.190927756,1,0
29.190966012,1,1
29.191008704,1,0
29.191053378,1,1
29.194691024,0,1
29.194702856,0,0
29.194745562,0,1
29.194768854,1,1
29.194788254,1,0
29.194829474,1,1
29.194872168,1,0
29.194913392,1,1
29.194934882,0,1
29.194955102,0,0
29.194996326,0,1
29.195038036,0,0
29.195079264,0,1
29.195102560,1,1
29.195121956,1,0
29.195163182,1,1
29.195205878,1,0
29.195247100,1,1
29.195268588,0,1
29.195288812,0,0
29.195330038,0,1
29.195371746,0,0
29.195415440,0,1
29.195438740,1,1
29.195458138,1,0
29.195496400,1,1
29.195539096,1,0
29.195583776,1,1
29.202785546,0,1
29.202797376,0,0
29.202840080,0,1
29.202863372,1,1
29.202882770,1,0
29.202923992,1,1
29.202966690,1,0
29.203007914,1,1
29.203029402,0,1
29.203049628,0,0
29.203090852,0,1
29.203114144,1,1
29.203133542,1,0
29.203174764,1,1
29.203217462,1,0
29.203258682,1,1
29.203301374,1,0
29.203342594,1,1
29.203364084,0,1
29.203384304,0,0
29.203425528,0,1
29.203467234,0,0
29.203510926,0,1
29.203552636,0,0
29.203590902,0,1
29.203614196,1,1
29.203633592,1,0
29.203678272,1,1
29.203695902,1,0
29.207858816,1,1
29.210520644,0,1
29.210532474,0,0
29.210575180,0,1
29.210616888,0,0
29.210658116,0,1
29.210699830,0,0
29.210741056,0,1
29.210782770,0,0
29.210824002,0,1
29.210865712,0,0
29.210906946,0,1
29.210930244,1,1
29.210949644,1,0
29.210990872,1,1
29.211033574,1,0
29.211074800,1,1
29.211117496,1,0
29.211158720,1,1
29.211201422,1,0
29.211245112,1,1
29.211287810,1,0
29.211326074,1,1
29.211368768,1,0
29.211413446,1,1
29.215055194,0,1
29.215067026,0,0
29.215109734,0,1
29.215151440,0,0
29.215192666,0,1
29.215215960,1,1
29.215235360,1,0
29.215276586,1,1
29.215298074,0,1
29.215318296,0,0
29.215359524,0,1
29.215401236,0,0
29.215442468,0,1
29.215484178,0,0
29.215525410,0,1
29.215567124,0,0
29.215608354,0,1
29.215631652,1,1
29.215651052,1,0
29.215692282,1,1
29.215713772,0,1
29.215733996,0,0
29.215777700,0,1
29.215801000,1,1
29.215820400,1,0
29.215858666,1,1
29.215901368,1,0
29.215946036,1,1
29.224178696,1,0
29.231859450,1,1
29.288782748,1,0
29.289056186,0,0
29.289832086,0,1
29.289932138,0,0
29.289934378,1,0
29.289973376,1,1
29.290015090,1,0
29.290016694,0,0
29.290056330,0,1
29.290099036,0,0
29.290100612,1,0
29.290140262,1,1
29.290181980,1,0
29.290223214,1,1
29.290264928,1,0
29.290266536,0,0
29.290306162,0,1
29.290348866,0,0
29.290350446,1,0
29.290390094,1,1
29.290431804,1,0
29.290473034,1,1
29.290514746,1,0
29.290555972,1,1
29.290599162,1,0
29.290640384,1,1
29.290683080,1,0
29.290724310,1,1
29.290757654,0,1
29.290770972,0,0
29.290812216,0,1
29.290835520,1,1
29.291107692,0,1
29.291119524,0,0
29.291162236,0,1
29.291203944,0,0
29.291245176,0,1
29.291268474,1,1
29.291287876,1,0
29.291329106,1,1
29.291350598,0,1
29.291370824,0,0
29.291412058,0,1
29.291435360,1,1
29.291454760,1,0
29.291495996,1,1
29.291538702,1,0
29.291579932,1,1
29.291622632,1,0
29.291663864,1,1
29.291706572,1,0
29.291747820,1,1
29.291790554,1,0
29.291834274,1,1
29.291876998,1,0
29.291915274,1,1
29.291957982,1,0
29.292002666,1,1
29.292016526,1,0
29.292285992,0,0
29.293061942,0,1
29.293102372,0,0
29.293143630,0,1
29.293186340,0,0
29.293227590,0,1
29.293270298,0,0
29.293311542,0,1
29.293354252,0,0
29.293395500,0,1
29.293438206,0,0
29.293479456,0,1
29.293522162,0,0
29.293563402,0,1
29.293606110,0,0
29.293647358,0,1
29.293690064,0,0
29.293731310,0,1
29.293775502,0,0
29.293776990,1,0
29.293816738,1,1
29.293859446,1,0
29.293900682,1,1
29.293934026,0,1
29.293947344,0,0
29.293988590,0,1
29.294011890,1,1
29.294355442,0,1
29.294367256,0,0
29.294409900,0,1
29.294451548,0,0
29.294492710,0,1
29.294515970,1,1
29.294535338,1,0
29.294576492,1,1
29.294597950,0,1
29.294618138,0,0
29.294659296,0,1
29.294682552,1,1
29.294701924,1,0
29.294743078,1,1
29.294785704,1,0
29.294826856,1,1
29.294869480,1,0
29.294910632,1,1
29.294953258,1,0
29.294994410,1,1
29.295037034,1,0
29.295080648,1,1
29.295123272,1,0
29.295161466,1,1
29.295204094,1,0
29.295248692,1,1
29.295262404,1,0
29.295263662,1,1
29.313419598,0,1
29.313431406,0,0
29.313474034,0,1
29.313515668,0,0
29.313556818,0,1
29.313580068,1,1
29.313599436,1,0
29.313640578,1,1
29.313662032,0,1
29.313682220,0,0
29.313723374,0,1
29.313765016,0,0
29.313806176,0,1
29.313847812,0,0
29.313888966,0,1
29.313930602,0,0
29.313971752,0,1
29.313995004,1,1
29.314014370,1,0
29.314055518,1,1
29.314076970,0,1
29.314097154,0,0
29.314140764,0,1
29.314164014,1,1
29.314183382,1,0
29.314221574,1,1
29.314264192,1,0
29.314308788,1,1
29.314327194,1,0
29.319858898,1,1
29.344847584,0,1
29.344859392,0,0
29.344902016,0,1
29.344943648,0,0
29.344984798,0,1
29.345026432,0,0
29.345067578,0,1
29.345109208,0,0
29.345150352,0,1
29.345191982,0,0
29.345233124,0,1
29.345256374,1,1
29.345275740,1,0
29.345316880,1,1
29.345359502,1,0
29.345400654,1,1
29.345443278,1,0
29.345484422,1,1
29.345527046,1,0
29.345570654,1,1
29.345613272,1,0
29.345651460,1,1
29.345694082,1,0
29.345738672,1,1
29.349373318,0,1
29.349385126,0,0
29.349427744,0,1
29.349469376,0,0
29.349510524,0,1
29.349533770,1,1
29.349553136,1,0
29.349594278,1,1
29.349615730,0,1
29.349635914,0,0
29.349677058,0,1
29.349718690,0,0
29.349759834,0,1
29.349801460,0,0
29.349842604,0,1
29.349884232,0,0
29.349925376,0,1
29.349948626,1,1
29.349967990,1,0
29.350009134,1,1
29.350030588,0,1
29.350050772,0,0
29.350094386,0,1
29.350117638,1,1
29.350137004,1,0
29.350175192,1,1
29.350217808,1,0
29.350262396,1,1
29.358197276,1,0
29.359859936,1,1
29.369938424,0,1
29.369950230,0,0
29.369992846,0,1
29.370034474,0,0
29.370075616,0,1
29.370117242,0,0
29.370158384,0,1
29.370200014,0,0
29.370241152,0,1
29.370282780,0,0
29.370323924,0,1
29.370347172,1,1
29.370366534,1,0
29.370407672,1,1
29.370450282,1,0
29.370491418,1,1
29.370534034,1,0
29.370575176,1,1
29.370617788,1,0
29.370661386,1,1
29.370704006,1,0
29.370742190,1,1
29.370784802,1,0
29.370829388,1,1
29.374456872,0,1
29.374468680,0,0
29.374511298,0,1
29.374534546,1,1
29.374553908,1,0
29.374595046,1,1
29.374637666,1,0
29.374678804,1,1
29.374700256,0,1
29.374720440,0,0
29.374761584,0,1
29.374784834,1,1
29.374804198,1,0
29.374845338,1,1
29.374887954,1,0
29.374929092,1,1
29.374971704,1,0
29.375012840,1,1
29.375034290,0,1
29.375054470,0,0
29.375095612,0,1
29.375137238,0,0
29.375180844,0,1
29.375222468,0,0
29.375260654,0,1
29.375283904,1,1
29.375303268,1,0
29.375347854,1,1
29.382932318,1,0
29.383859330,1,1
29.464784500,1,0
29.464788506,0,0
29.465829410,0,1
29.467162316,0,0
29.467164176,1,0
29.467203452,1,1
29.467245078,1,0
29.467246424,0,0
29.467286220,0,1
29.467328830,0,0
29.467330266,1,0
29.467369960,1,1
29.467411586,1,0
29.467452720,1,1
29.467494344,1,0
29.467496040,0,0
29.467535488,0,1
29.467578098,0,0
29.467579894,1,0
29.467619234,1,1
29.467660858,1,0
29.467701996,1,1
29.467743620,1,0
29.467784758,1,1
29.467827862,1,0
29.467868994,1,1
29.467911602,1,0
29.467952734,1,1
29.467986002,0,1
29.467999286,0,0
29.468040432,0,1
29.468063678,1,1
29.468335252,0,1
29.468347056,0,0
29.468389664,0,1
29.468431282,0,0
29.468472416,0,1
29.468495660,1,1
29.468515020,1,0
29.468556150,1,1
29.468577602,0,1
29.468597784,0,0
29.468638928,0,1
29.468662174,1,1
29.468681538,1,0
29.468722676,1,1
29.468765290,1,0
29.468806422,1,1
29.468849034,1,0
29.468890164,1,1
29.468932770,1,0
29.468973904,1,1
29.469016514,1,0
29.469060108,1,1
29.469102716,1,0
29.469140894,1,1
29.469183500,1,0
29.469228074,1,1
29.469240876,1,0
29.469514208,0,0
29.470289766,0,1
29.470334160,0,0
29.470375312,0,1
29.470417930,0,0
29.470459080,0,1
29.470501698,0,0
29.470503802,1,0
29.470542832,1,1
29.470584454,1,0
29.470586048,0,0
29.470625590,0,1
29.470668196,0,0
29.470709342,0,1
29.470751954,0,0
29.470793100,0,1
29.470835716,0,0
29.470876864,0,1
29.470919478,0,0
29.470960628,0,1
29.471004722,0,0
29.471045870,0,1
29.471085036,0,0
29.471086888,1,0
29.471126174,1,1
29.471159442,0,1
29.471172728,0,0
29.471213880,0,1
29.471237128,1,1
29.471575874,0,1
29.471587696,0,0
29.471630382,0,1
29.471672070,0,0
29.471713284,0,1
29.471736572,1,1
29.471755966,1,0
29.471797180,1,1
29.471818668,0,1
29.471838888,0,0
29.471880108,0,1
29.471903398,1,1
29.471922792,1,0
29.471964002,1,1
29.472006686,1,0
29.472047896,1,1
29.472090576,1,0
29.472131784,1,1
29.472174468,1,0
29.472215674,1,1
29.472258358,1,0
29.472302036,1,1
29.472344712,1,0
29.472382962,1,1
29.472425646,1,0
29.472470306,1,1
29.472485652,1,0
29.472486910,1,1
29.496598684,0,1
29.496610514,0,0
29.496653218,0,1
29.496676512,1,1
29.496695912,1,0
29.496737134,1,1
29.496779832,1,0
29.496821054,1,1
29.496842544,0,1
29.496862764,0,0
29.496903992,0,1
29.496927286,1,1
29.496946686,1,0
29.496987906,1,1
29.497030602,1,0
29.497071826,1,1
29.497114520,1,0
29.497155744,1,1
29.497177232,0,1
29.497197456,0,0
29.497238678,0,1
29.497280386,0,0
29.497324080,0,1
29.497365790,0,0
29.497404054,0,1
29.497427348,1,1
29.497446748,1,0
29.497491422,1,1
29.497509590,1,0
29.503857960,1,1
29.504222662,0,1
29.504234492,0,0
29.504277198,0,1
29.504300490,1,1
29.504319890,1,0
29.504361112,1,1
29.504403810,1,0
29.504445034,1,1
29.504466524,0,1
29.504486748,0,0
29.504527974,0,1
29.504569684,0,0
29.504610908,0,1
29.504634202,1,1
29.504653602,1,0
29.504694830,1,1
29.504737526,1,0
29.504778752,1,1
29.504800244,0,1
29.504820466,0,0
29.504861690,0,1
29.504903400,0,0
29.504947094,0,1
29.504970388,1,1
29.504989788,1,0
29.505028048,1,1
29.505070746,1,0
29.505115420,1,1
29.505133200,1,0
29.511858358,1,1
29.524917406,0,1
29.524929230,0,0
29.524971914,0,1
29.525013600,0,0
29.525054802,0,1
29.525096492,0,0
29.525137694,0,1
29.525179378,0,0
29.525220584,0,1
29.525262272,0,0
29.525303476,0,1
29.525326758,1,1
29.525346148,1,0
29.525387350,1,1
29.525430026,1,0
29.525471228,1,1
29.525513908,1,0
29.525555104,1,1
29.525597778,1,0
29.525641444,1,1
29.525684116,1,0
29.525722358,1,1
29.525765034,1,0
29.525809684,1,1
29.529442866,0,1
29.529454696,0,0
29.529497402,0,1
29.529520696,1,1
29.529540096,1,0
29.529581320,1,1
29.529624014,1,0
29.529665240,1,1
29.529686734,0,1
29.529706960,0,0
29.529748188,0,1
29.529771482,1,1
29.529790884,1,0
29.529832108,1,1
29.529874808,1,0
29.529916030,1,1
29.529958726,1,0
29.529999948,1,1
29.530021438,0,1
29.530041660,0,0
29.530082892,0,1
29.530124600,0,0
29.530168292,0,1
29.530210004,0,0
29.530248266,0,1
29.530271562,1,1
29.530290960,1,0
29.530335642,1,1
29.533973380,0,1
29.533985210,0,0
29.534027916,0,1
29.534069622,0,0
29.534110848,0,1
29.534152546,0,0
29.534193760,0,1
29.534235476,0,0
29.534276720,0,1
29.534318428,0,0
29.534359654,0,1
29.534382952,1,1
29.534402348,1,0
29.534443572,1,1
29.534486268,1,0
29.534527488,1,1
29.534570184,1,0
29.534611406,1,1
29.534654104,1,0
29.534697802,1,1
29.534740494,1,0
29.534778752,1,1
29.534821450,1,0
29.534866130,1,1
29.538503636,0,1
29.538515464,0,0
29.538558166,0,1
29.538581460,1,1
29.538600858,1,0
29.538642076,1,1
29.538684770,1,0
29.538725994,1,1
29.538747480,0,1
29.538767702,0,0
29.538808922,0,1
29.538850630,0,0
29.538891854,0,1
29.538915146,1,1
29.538934540,1,0
29.538975762,1,1
29.539018458,1,0
29.539059676,1,1
29.539081166,0,1
29.539101388,0,0
29.539142616,0,1
29.539184324,0,0
29.539228024,0,1
29.539251318,1,1
29.539270716,1,0
29.539308976,1,1
29.539351674,1,0
29.539396350,1,1
29.546822720,1,0
29.551858864,1,1
29.595162596,0,1
29.595174426,0,0
29.595217136,0,1
29.595258846,0,0
29.595300078,0,1
29.595323374,1,1
29.595342774,1,0
29.595384002,1,1
29.595405490,0,1
29.595425712,0,0
29.595466940,0,1
29.595508654,0,0
29.595549884,0,1
29.595591596,0,0
29.595632832,0,1
29.595674544,0,0
29.595715784,0,1
29.595739084,1,1
29.595758484,1,0
29.595799712,1,1
29.595821200,0,1
29.595841424,0,0
29.595885120,0,1
29.595908412,1,1
29.595927810,1,0
29.595966070,1,1
29.596008770,1,0
29.596053452,1,1
29.596071808,1,0
29.599858388,1,1
29.632301026,1,0
29.632305036,0,0
29.633346662,0,1
29.633450396,0,0
29.633451982,1,0
29.633491638,1,1
29.633533358,1,0
29.633535314,0,0
29.633574602,0,1
29.633617308,0,0
29.633619234,1,0
29.633658544,1,1
29.633700264,1,0
29.633741500,1,1
29.633783222,1,0
29.633785164,0,0
29.633824464,0,1
29.633867172,0,0
29.633869084,1,0
29.633908408,1,1
29.633950126,1,0
29.633991358,1,1
29.634033076,1,0
29.634074306,1,1
29.634117502,1,0
29.634158736,1,1
29.634201438,1,0
29.634242666,1,1
29.634276010,0,1
29.634289328,0,0
29.634330580,0,1
29.634353888,1,1
29.634626200,0,1
29.634638032,0,0
29.634680756,0,1
29.634722480,0,0
29.634763718,0,1
29.634787018,1,1
29.634806420,1,0
29.634847656,1,1
29.634869150,0,1
29.634889376,0,0
29.634930602,0,1
29.634953892,1,1
29.634973294,1,0
29.635014534,1,1
29.635057254,1,0
29.635098502,1,1
29.635141204,1,0
29.635182436,1,1
29.635225138,1,0
29.635266366,1,1
29.635309068,1,0
29.635352766,1,1
29.635395468,1,0
29.635433738,1,1
29.635476440,1,0
29.635521122,1,1
29.635535168,1,0
29.635808642,0,0
29.636584442,0,1
29.636629738,0,0
29.636670988,0,1
29.636713702,0,0
29.636754950,0,1
29.636797662,0,0
29.636838908,0,1
29.636881618,0,0
29.636922866,0,1
29.636965572,0,0
29.637006818,0,1
29.637049526,0,0
29.637090770,0,1
29.637133478,0,0
29.637174724,0,1
29.637217434,0,0
29.637258680,0,1
29.637302872,0,0
29.637304404,1,0
29.637344112,1,1
29.637386814,1,0
29.637428048,1,1
29.637461394,0,1
29.637474712,0,0
29.637515964,0,1
29.637539270,1,1
29.637882832,0,1
29.637894642,0,0
29.637937270,0,1
29.637978902,0,0
29.638020046,0,1
29.638043294,1,1
29.638062658,1,0
29.638103796,1,1
29.638125246,0,1
29.638145428,0,0
29.638186566,0,1
29.638209816,1,1
29.638229178,1,0
29.638270314,1,1
29.638312926,1,0
29.638354062,1,1
29.638396674,1,0
29.638437812,1,1
29.638480422,1,0
29.638521556,1,1
29.638564168,1,0
29.638607762,1,1
29.638650374,1,0
29.638688554,1,1
29.638731168,1,0
29.638775756,1,1
29.638788454,1,0
29.638789706,1,1
29.661164696,0,1
29.661176504,0,0
29.661219130,0,1
29.661242382,1,1
29.661261748,1,0
29.661302898,1,1
29.661345518,1,0
29.661386666,1,1
29.661408122,0,1
29.661428308,0,0
29.661469460,0,1
29.661492712,1,1
29.661512080,1,0
29.661553230,1,1
29.661595854,1,0
29.661637002,1,1
29.661679628,1,0
29.661720784,1,1
29.661742240,0,1
29.661762430,0,0
29.661803584,0,1
29.661845222,0,0
29.661888838,0,1
29.661930476,0,0
29.661968670,0,1
29.661991924,1,1
29.662011290,1,0
29.662055892,1,1
29.662074214,1,0
29.663858216,1,1
29.681365374,0,1
29.681377182,0,0
29.681419808,0,1
29.681461446,0,0
29.681502596,0,1
29.681544232,0,0
29.681585386,0,1
29.681627022,0,0
29.681668172,0,1
29.681709816,0,0
29.681750972,0,1
29.681774228,1,1
29.681793596,1,0
29.681834744,1,1
29.681877366,1,0
29.681918512,1,1
29.681961136,1,0
29.682002284,1,1
29.682044904,1,0
29.682088516,1,1
29.682131138,1,0
29.682169326,1,1
29.682211946,1,0
29.682256542,1,1
29.685884554,0,1
29.685896362,0,0
29.685938986,0,1
29.685962234,1,1
29.685981602,1,0
29.686022748,1,1
29.686065366,1,0
29.686106506,1,1
29.686127958,0,1
29.686148142,0,0
29.686189290,0,1
29.686212538,1,1
29.686231902,1,0
29.686273046,1,1
29.686315666,1,0
29.686356808,1,1
29.686399424,1,0
29.686440568,1,1
29.686462020,0,1
29.686482204,0,0
29.686523350,0,1
29.686564984,0,0
29.686608596,0,1
29.686650226,0,0
29.686688420,0,1
29.686711676,1,1
29.686731042,1,0
29.686775634,1,1
29.694247262,1,0
29.695858274,1,1
29.701300532,0,1
29.701312340,0,0
29.701354964,0,1
29.701396596,0,0
29.701437746,0,1
29.701479378,0,0
29.701520530,0,1
29.701562160,0,0
29.701603310,0,1
29.701644944,0,0
29.701686096,0,1
29.701709348,1,1
29.701728718,1,0
29.701769868,1,1
29.701812488,1,0
29.701853632,1,1
29.701896254,1,0
29.701937398,1,1
29.701980014,1,0
29.702023624,1,1
29.702066242,1,0
29.702104428,1,1
29.702147046,1,0
29.702191638,1,1
29.705826286,0,1
29.705838094,0,0
29.705880714,0,1
29.705922342,0,0
29.705963490,0,1
29.705986736,1,1
29.706006100,1,0
29.706047242,1,1
29.706068692,0,1
29.706088874,0,0
29.706130018,0,1
29.706171648,0,0
29.706212792,0,1
29.706254422,0,0
29.706295568,0,1
29.706337198,0,0
29.706378344,0,1
29.706401592,1,1
29.706420958,1,0
29.706462098,1,1
29.706483550,0,1
29.706503734,0,0
29.706547338,0,1
29.706570580,1,1
29.706589940,1,0
29.706628118,1,1
29.706670724,1,0
29.706715308,1,1
29.714860068,1,0
29.719872838,1,1
29.749111216,0,1
29.749123022,0,0
29.749165634,0,1
29.749207258,0,0
29.749248400,0,1
29.749271646,1,1
29.749291008,1,0
29.749332144,1,1
29.749353596,0,1
29.749373778,0,0
29.749414924,0,1
29.749456552,0,0
29.749497696,0,1
29.749539324,0,0
29.749580466,0,1
29.749622094,0,0
29.749663234,0,1
29.749686482,1,1
29.749705848,1,0
29.749746992,1,1
29.749768442,0,1
29.749788626,0,0
29.749832228,0,1
29.749855476,1,1
29.749874842,1,0
29.749913026,1,1
29.749955638,1,0
29.750000224,1,1
29.750019188,1,0
29.751857636,1,1
29.792623410,1,0
29.792896630,0,0
29.793672254,0,1
29.793818844,0,0
29.793820846,1,0
29.793859990,1,1
29.793901622,1,0
29.793903124,0,0
29.793942774,0,1
29.793985386,0,0
29.793986992,1,0
29.794026522,1,1
29.794068160,1,0
29.794109308,1,1
29.794150938,1,0
29.794152862,0,0
29.794192086,0,1
29.794234696,0,0
29.794236722,1,0
29.794275830,1,1
29.794317458,1,0
29.794358596,1,1
29.794400220,1,0
29.794441358,1,1
29.794484466,1,0
29.794525602,1,1
29.794568218,1,0
29.794609352,1,1
29.794642624,0,1
29.794655908,0,0
29.794697058,0,1
29.794720310,1,1
29.794991896,0,1
29.795003702,0,0
29.795046318,0,1
29.795087946,0,0
29.795129086,0,1
29.795152332,1,1
29.795171696,1,0
29.795212836,1,1
29.795234284,0,1
29.795254466,0,0
29.795295602,0,1
29.795318846,1,1
29.795338208,1,0
29.795379342,1,1
29.795421950,1,0
29.795463084,1,1
29.795505696,1,0
29.795546832,1,1
29.795589444,1,0
29.795630580,1,1
29.795673194,1,0
29.795716798,1,1
29.795759418,1,0
29.795797606,1,1
29.795840222,1,0
29.795884810,1,1
29.795899950,1,0
29.796173328,0,0
29.796949028,0,1
29.796988600,0,0
29.797029760,0,1
29.797072386,0,0
29.797113542,0,1
29.797156164,0,0
29.797158070,1,0
29.797197312,1,1
29.797238946,1,0
29.797240360,0,0
29.797280096,0,1
29.797322714,0,0
29.797363868,0,1
29.797406484,0,0
29.797447636,0,1
29.797490258,0,0
29.797531412,0,1
29.797574034,0,0
29.797615192,0,1
29.797659296,0,0
29.797700458,0,1
29.797739634,0,0
29.797741360,1,0
29.797780784,1,1
29.797814060,0,1
29.797827348,0,0
29.797868508,0,1
29.797891762,1,1
29.798230570,0,1
29.798242394,0,0
29.798285084,0,1
29.798326782,0,0
29.798368002,0,1
29.798391290,1,1
29.798410686,1,0
29.798451902,1,1
29.798473388,0,1
29.798493608,0,0
29.798534830,0,1
29.798558118,1,1
29.798577514,1,0
29.798618730,1,1
29.798661424,1,0
29.798702642,1,1
29.798745336,1,0
29.798786554,1,1
29.798829246,1,0
29.798870462,1,1
29.798913154,1,0
29.798956836,1,1
29.798999524,1,0
29.799037776,1,1
29.799080464,1,0
29.799125134,1,1
29.799137430,1,0
29.799138688,1,1
29.818371700,0,1
29.818383528,0,0
29.818426232,0,1
29.818449524,1,1
29.818468922,1,0
29.818510144,1,1
29.818552838,1,0
29.818594058,1,1
29.818615542,0,1
29.818635760,0,0
29.818676982,0,1
29.818700276,1,1
29.818719674,1,0
29.818760892,1,1
29.818803586,1,0
29.818844808,1,1
29.818887500,1,0
29.818928722,1,1
29.818950214,0,1
29.818970436,0,0
29.819011664,0,1
29.819053376,0,0
29.819097072,0,1
29.819138784,0,0
29.819177050,0,1
29.819200344,1,1
29.819219746,1,0
29.819264426,1,1
29.819282472,1,0
29.823858370,1,1
29.835980044,0,1
29.835991874,0,0
29.836034578,0,1
29.836076282,0,0
29.836117512,0,1
29.836159218,0,0
29.836200440,0,1
29.836242146,0,0
29.836283370,0,1
29.836325072,0,0
29.836366280,0,1
29.836389572,1,1
29.836408970,1,0
29.836450202,1,1
29.836492902,1,0
29.836534124,1,1
29.836576820,1,0
29.836618044,1,1
29.836660744,1,0
29.836704434,1,1
29.836747130,1,0
29.836785392,1,1
29.836828090,1,0
29.836872766,1,1
29.840507672,0,1
29.840519502,0,0
29.840562208,0,1
29.840585502,1,1
29.840604900,1,0
29.840646120,1,1
29.840688818,1,0
29.840730042,1,1
29.840751530,0,1
29.840771750,0,0
29.840812976,0,1
29.840836272,1,1
29.840855668,1,0
29.840896890,1,1
29.840939584,1,0
29.840980810,1,1
29.841023502,1,0
29.841064724,1,1
29.841086212,0,1
29.841106434,0,0
29.841147660,0,1
29.841189366,0,0
29.841233062,0,1
29.841274770,0,0
29.841313030,0,1
29.841336326,1,1
29.841355726,1,0
29.841400404,1,1
29.848861492,1,0
29.855857550,1,1
29.855949068,0,1
29.855960898,0,0
29.856003610,0,1
29.856045328,0,0
29.856086560,0,1
29.856128274,0,0
29.856169504,0,1
29.856211216,0,0
29.856252446,0,1
29.856294160,0,0
29.856335390,0,1
29.856358686,1,1
29.856378084,1,0
29.856419310,1,1
29.856462010,1,0
29.856503234,1,1
29.856545932,1,0
29.856587156,1,1
29.856629856,1,0
29.856673546,1,1
29.856716246,1,0
29.856754508,1,1
29.856797202,1,0
29.856841882,1,1
29.860483588,0,1
29.860495414,0,0
29.860538102,0,1
29.860579806,0,0
29.860621046,0,1
29.860644348,1,1
29.860663752,1,0
29.860704984,1,1
29.860726476,0,1
29.860746704,0,0
29.860787940,0,1
29.860829654,0,0
29.860870886,0,1
29.860912604,0,0
29.860953834,0,1
29.860995546,0,0
29.861036778,0,1
29.861060072,1,1
29.861079474,1,0
29.861120700,1,1
29.861142190,0,1
29.861162414,0,0
29.861206114,0,1
29.861229408,1,1
29.861248808,1,0
29.861287076,1,1
29.861329778,1,0
29.861374456,1,1
29.869475820,1,0
29.871858994,1,1
29.906602714,0,1
29.906614546,0,0
29.906657250,0,1
29.906698958,0,0
29.906740184,0,1
29.906763480,1,1
29.906782880,1,0
29.906824104,1,1
29.906845594,0,1
29.906865816,0,0
29.906907044,0,1
29.906948754,0,0
29.906989982,0,1
29.907031694,0,0
29.907072924,0,1
29.907114640,0,0
29.907155878,0,1
29.907179176,1,1
29.907198578,1,0
29.907239806,1,1
29.907261300,0,1
29.907281524,0,0
29.907325224,0,1
29.907348524,1,1
29.907367920,1,0
29.907406188,1,1
29.907448888,1,0
29.907493568,1,1
29.907512154,1,0
29.911857654,1,1
29.915021384,0,1
29.915033216,0,0
29.915075932,0,1
29.915099230,1,1
29.915118630,1,0
29.915159862,1,1
29.915202566,1,0
29.915243794,1,1
29.915265288,0,1
29.915285514,0,0
29.915326750,0,1
29.915350048,1,1
29.915369450,1,0
29.915410680,1,1
29.915453382,1,0
29.915494608,1,1
29.915537310,1,0
29.915578544,1,1
29.915600036,0,1
29.915620262,0,0
29.915661496,0,1
29.915703214,0,0
29.915746916,0,1
29.915788634,0,0
29.915826908,0,1
29.915850208,1,1
29.915869608,1,0
29.915914292,1,1
29.915932770,1,0
29.919857478,1,1
29.944384490,1,0
29.944657990,0,0
29.945434154,0,1
29.945568224,0,0
29.945569722,1,0
29.945609444,1,1
29.945651144,1,0
29.945653038,0,0
29.945692374,0,1
29.945735064,0,0
29.945736958,1,0
29.945776282,1,1
29.945817984,1,0
29.945859202,1,1
29.945900900,1,0
29.945902890,0,0
29.945942122,0,1
29.945984810,0,0
29.945986814,1,0
29.946026024,1,1
29.946067720,1,0
29.946108934,1,1
29.946150628,1,0
29.946191838,1,1
29.946235010,1,0
29.946276220,1,1
29.946318898,1,0
29.946360112,1,1
29.946393434,0,1
29.946406744,0,0
29.946447966,0,1
29.946471256,1,1
29.946743310,0,1
29.946755138,0,0
29.946797830,0,1
29.946839526,0,0
29.946880744,0,1
29.946904032,1,1
29.946923426,1,0
29.946964636,1,1
29.946986122,0,1
29.947006338,0,0
29.947047552,0,1
29.947070840,1,1
29.947090230,1,0
29.947131442,1,1
29.947174124,1,0
29.947215338,1,1
29.947258042,1,0
29.947299274,1,1
29.947341976,1,0
29.947383206,1,1
29.947425912,1,0
29.947469610,1,1
29.947512312,1,0
29.947550582,1,1
29.947593284,1,0
29.947637970,1,1
29.947651032,1,0
29.947920562,0,0
29.948696640,0,1
29.948737684,0,0
29.948778936,0,1
29.948821648,0,0
29.948862904,0,1
29.948905616,0,0
29.948946868,0,1
29.948989582,0,0
29.949030832,0,1
29.949073546,0,0
29.949114798,0,1
29.949157492,0,0
29.949198734,0,1
29.949241452,0,0
29.949282716,0,1
29.949325438,0,0
29.949366692,0,1
29.949410888,0,0
29.949412920,1,0
29.949452124,1,1
29.949494834,1,0
29.949536068,1,1
29.949569410,0,1
29.949582728,0,0
29.949623978,0,1
29.949647280,1,1
29.949990870,0,1
29.950002684,0,0
29.950045328,0,1
29.950086976,0,0
29.950128142,0,1
29.950151402,1,1
29.950170774,1,0
29.950211934,1,1
29.950233390,0,1
29.950253580,0,0
29.950294742,0,1
29.950318000,1,1
29.950337368,1,0
29.950378518,1,1
29.950421148,1,0
29.950462302,1,1
29.950504932,1,0
29.950546090,1,1
29.950588726,1,0
29.950629882,1,1
29.950672516,1,0
29.950716138,1,1
29.950758772,1,0
29.950796974,1,1
29.950839602,1,0
29.950884202,1,1
29.950897458,1,0
29.950898712,1,1
30.002655390,0,1
30.002667198,0,0
30.002709836,0,1
30.002751490,0,0
30.002792660,0,1
30.002834314,0,0
30.002875486,0,1
30.002917142,0,0
30.002958314,0,1
30.002999968,0,0
30.003041140,0,1
30.003064406,1,1
30.003083784,1,0
30.003124960,1,1
30.003167600,1,0
30.003208756,1,1
30.003251390,1,0
30.003292542,1,1
30.003335164,1,0
30.003378772,1,1
30.003421394,1,0
30.003459580,1,1
30.003502200,1,0
30.003546790,1,1
30.007174406,0,1
30.007186214,0,0
30.007228832,0,1
30.007252078,1,1
30.007271442,1,0
30.007312580,1,1
30.007355194,1,0
30.007396330,1,1
30.007417782,0,1
30.007437968,0,0
30.007479116,0,1
30.007502362,1,1
30.007521726,1,0
30.007562870,1,1
30.007605484,1,0
30.007646624,1,1
30.007689242,1,0
30.007730388,1,1
30.007751840,0,1
30.007772024,0,0
30.007813174,0,1
30.007854808,0,0
30.007898418,0,1
30.007940046,0,0
30.007978234,0,1
30.008001486,1,1
30.008020850,1,0
30.008065436,1,1
30.014852736,0,1
30.014864542,0,0
30.014907160,0,1
30.014948788,0,0
30.014989932,0,1
30.015031560,0,0
30.015072704,0,1
30.015114338,0,0
30.015155488,0,1
30.015197122,0,0
30.015238270,0,1
30.015261518,1,1
30.015280884,1,0
30.015322028,1,1
30.015364646,1,0
30.015405788,1,1
30.015448404,1,0
30.015489544,1,1
30.015532160,1,0
30.015575764,1,1
30.015618382,1,0
30.015656566,1,1
30.015699188,1,0
30.015743780,1,1
30.019378372,0,1
30.019390180,0,0
30.019432794,0,1
30.019474424,0,0
30.019515566,0,1
30.019538814,1,1
30.019558178,1,0
30.019599318,1,1
30.019620770,0,1
30.019640952,0,0
30.019682098,0,1
30.019723730,0,0
30.019764886,0,1
30.019806520,0,0
30.019847668,0,1
30.019889300,0,0
30.019930446,0,1
30.019953692,1,1
30.019973056,1,0
30.020014200,1,1
30.020035652,0,1
30.020055836,0,0
30.020099440,0,1
30.020122686,1,1
30.020142050,1,0
30.020180234,1,1
30.020222846,1,0
30.020267436,1,1
30.028251468,1,0
30.031858108,1,1
30.065414728,0,1
30.065426536,0,0
30.065469152,0,1
30.065510780,0,0
30.065551920,0,1
30.065575168,1,1
30.065594530,1,0
30.065635666,1,1
30.065657114,0,1
30.065677294,0,0
30.065718436,0,1
30.065760066,0,0
30.065801208,0,1
30.065842836,0,0
30.065883980,0,1
30.065925610,0,0
30.065966752,0,1
30.065990000,1,1
30.066009364,1,0
30.066050506,1,1
30.066071958,0,1
30.066092140,0,0
30.066135746,0,1
30.066158994,1,1
30.066178356,1,0
30.066216538,1,1
30.066259152,1,0
30.066303742,1,1
30.066322664,1,0
30.071857028,1,1
30.073817372,0,1
30.073829178,0,0
30.073871798,0,1
30.073895046,1,1
30.073914410,1,0
30.073955546,1,1
30.073998156,1,0
30.074039298,1,1
30.074060744,0,1
30.074080926,0,0
30.074122070,0,1
30.074145318,1,1
30.074164682,1,0
30.074205822,1,1
30.074248434,1,0
30.074289578,1,1
30.074332188,1,0
30.074373326,1,1
30.074394776,0,1
30.074414962,0,0
30.074456104,0,1
30.074497732,0,0
30.074541338,0,1
30.074582966,0,0
30.074621152,0,1
30.074644400,1,1
30.074663766,1,0
30.074708360,1,1
30.074726580,1,0
30.079859916,1,1
30.128295286,1,0
30.128568620,0,0
30.129344424,0,1
30.129525814,0,0
30.129527288,1,0
30.129566956,1,1
30.129608586,1,0
30.129610586,0,0
30.129649738,0,1
30.129692360,0,0
30.129694474,1,0
30.129733506,1,1
30.129775140,1,0
30.129816282,1,1
30.129857910,1,0
30.129859306,0,0
30.129899060,0,1
30.129941674,0,0
30.129943182,1,0
30.129982818,1,1
30.130024448,1,0
30.130065584,1,1
30.130107212,1,0
30.130148350,1,1
30.130191450,1,0
30.130232590,1,1
30.130275200,1,0
30.130316336,1,1
30.130349606,0,1
30.130362892,0,0
30.130404044,0,1
30.130427292,1,1
30.130698894,0,1
30.130710700,0,0
30.130753312,0,1
30.130794940,0,0
30.130836080,0,1
30.130859324,1,1
30.130878688,1,0
30.130919826,1,1
30.130941274,0,1
30.130961454,0,0
30.131002594,0,1
30.131025838,1,1
30.131045202,1,0
30.131086336,1,1
30.131128948,1,0
30.131170084,1,1
30.131212694,1,0
30.131253826,1,1
30.131296436,1,0
30.131337570,1,1
30.131380176,1,0
30.131423770,1,1
30.131466380,1,0
30.131504558,1,1
30.131547166,1,0
30.131591746,1,1
30.131604614,1,0
30.131877954,0,0
30.132653490,0,1
30.132697860,0,0
30.132739022,0,1
30.132781642,0,0
30.132822794,0,1
30.132865414,0,0
30.132867572,1,0
30.132906558,1,1
30.132948188,1,0
30.132949862,0,0
30.132989338,0,1
30.133031952,0,0
30.133073100,0,1
30.133115718,0,0
30.133156870,0,1
30.133199486,0,0
30.133240634,0,1
30.133283252,0,0
30.133324402,0,1
30.133368498,0,0
30.133409650,0,1
30.133448816,0,0
30.133450830,1,0
30.133489956,1,1
30.133523228,0,1
30.133536516,0,0
30.133577668,0,1
30.133600920,1,1
30.133939694,0,1
30.133951518,0,0
30.133994204,0,1
30.134035900,0,0
30.134077112,0,1
30.134100398,1,1
30.134119790,1,0
30.134161000,1,1
30.134182484,0,1
30.134202700,0,0
30.134243910,0,1
30.134267196,1,1
30.134286588,1,0
30.134327798,1,1
30.134370482,1,0
30.134411692,1,1
30.134454380,1,0
30.134495592,1,1
30.134538276,1,0
30.134579488,1,1
30.134622172,1,0
30.134665848,1,1
30.134708536,1,0
30.134746788,1,1
30.134789470,1,0
30.134834138,1,1
30.134845826,1,0
30.134847086,1,1
30.161549744,0,1
30.161561576,0,0
30.161604282,0,1
30.161645992,0,0
30.161687224,0,1
30.161728946,0,0
30.161770178,0,1
30.161811892,0,0
30.161853122,0,1
30.161894828,0,0
30.161936052,0,1
30.161959346,1,1
30.161978748,1,0
30.162019970,1,1
30.162062668,1,0
30.162103896,1,1
30.162146594,1,0
30.162187816,1,1
30.162230516,1,0
30.162274212,1,1
30.162316908,1,0
30.162355176,1,1
30.162397874,1,0
30.162442550,1,1
30.166084258,0,1
30.166096088,0,0
30.166138794,0,1
30.166180504,0,0
30.166221730,0,1
30.166245022,1,1
30.166264422,1,0
30.166305648,1,1
30.166327138,0,1
30.166347360,0,0
30.166388586,0,1
30.166430300,0,0
30.166471532,0,1
30.166513240,0,0
30.166554470,0,1
30.166596180,0,0
30.166637402,0,1
30.166660696,1,1
30.166680096,1,0
30.166721322,1,1
30.166742812,0,1
30.166763034,0,0
30.166806728,0,1
30.166830022,1,1
30.166849420,1,0
30.166887680,1,1
30.166930378,1,0
30.166975060,1,1
30.170612640,0,1
30.170624470,0,0
30.170667174,0,1
30.170708880,0,0
30.170750092,0,1
30.170791800,0,0
30.170833036,0,1
30.170874750,0,0
30.170915978,0,1
30.170957684,0,0
30.170998910,0,1
30.171022206,1,1
30.171041606,1,0
30.171082824,1,1
30.171125520,1,0
30.171166750,1,1
30.171209450,1,0
30.171250674,1,1
30.171293366,1,0
30.171337048,1,1
30.171379738,1,0
30.171417996,1,1
30.171460684,1,0
30.171505352,1,1
30.175140056,0,1
30.175151886,0,0
30.175194592,0,1
30.175217886,1,1
30.175237284,1,0
30.175278504,1,1
30.175321200,1,0
30.175362424,1,1
30.175383914,0,1
30.175404136,0,0
30.175445362,0,1
30.175468658,1,1
30.175488056,1,0
30.175529278,1,1
30.175571978,1,0
30.175613204,1,1
30.175655900,1,0
30.175697126,1,1
30.175718618,0,1
30.175738842,0,0
30.175780072,0,1
30.175821786,0,0
30.175865486,0,1
30.175907200,0,0
30.175945464,0,1
30.175968760,1,1
30.175988160,1,0
30.176032838,1,1
30.183916992,1,0
30.191857804,1,1
30.216901556,0,1
30.216913386,0,0
30.216956092,0,1
30.216979388,1,1
30.216998788,1,0
30.217040018,1,1
30.217082714,1,0
30.217123940,1,1
30.217145430,0,1
30.217165652,0,0
30.217206880,0,1
30.217230176,1,1
30.217249576,1,0
30.217290802,1,1
30.217333500,1,0
30.217374722,1,1
30.217417420,1,0
30.217458644,1,1
30.217480134,0,1
30.217500356,0,0
30.217541588,0,1
30.217583302,0,0
30.217626996,0,1
30.217668706,0,0
30.217706972,0,1
30.217730266,1,1
30.217749664,1,0
30.217794346,1,1
30.217812882,1,0
30.223857298,1,1
30.224714908,0,1
30.224726740,0,0
30.224769458,0,1
30.224811172,0,0
30.224852404,0,1
30.224875702,1,1
30.224895104,1,0
30.224936332,1,1
30.224957826,0,1
30.224978050,0,0
30.225019286,0,1
30.225061000,0,0
30.225102232,0,1
30.225143950,0,0
30.225185186,0,1
30.225226900,0,0
30.225268132,0,1
30.225291432,1,1
30.225310832,1,0
30.225352060,1,1
30.225373548,0,1
30.225393774,0,0
30.225437474,0,1
30.225460768,1,1
30.225480170,1,0
30.225518436,1,1
30.225561140,1,0
30.225605824,1,1
30.225624042,1,0
30.231856794,1,1
30.424780364,1,0
30.425053778,0,0
30.425829756,0,1
30.426086092,0,0
30.426088284,1,0
30.426127336,1,1
30.426169062,1,0
30.426170616,0,0
30.426210310,0,1
30.426253024,0,0
30.426254528,1,0
30.426294264,1,1
30.426335988,1,0
30.426377230,1,1
30.426418950,1,0
30.426420410,0,0
30.426460198,0,1
30.426502912,0,0
30.426504312,1,0
30.426544154,1,1
30.426585880,1,0
30.426627118,1,1
30.426668840,1,0
30.426710084,1,1
30.426753292,1,0
30.426794530,1,1
30.426837240,1,0
30.426878476,1,1
30.426911822,0,1
30.426925140,0,0
30.426966400,0,1
30.426989712,1,1
30.427261974,0,1
30.427273806,0,0
30.427316530,0,1
30.427358248,0,0
30.427399490,0,1
30.427422792,1,1
30.427442196,1,0
30.427483434,1,1
30.427504932,0,1
30.427525160,0,0
30.427566402,0,1
30.427589706,1,1
30.427609112,1,0
30.427650352,1,1
30.427693064,1,0
30.427734304,1,1
30.427777016,1,0
30.427818254,1,1
30.427860966,1,0
30.427902202,1,1
30.427944914,1,0
30.427988620,1,1
30.428031328,1,0
30.428069602,1,1
30.428112308,1,0
30.428157002,1,1
30.428171592,1,0
30.428445056,0,0
30.429220968,0,1
30.429263308,0,0
30.429304564,0,1
30.429347280,0,0
30.429388532,0,1
30.429431248,0,0
30.429472506,0,1
30.429515220,0,0
30.429556472,0,1
30.429599184,0,0
30.429640434,0,1
30.429683148,0,0
30.429724402,0,1
30.429767122,0,0
30.429808372,0,1
30.429851086,0,0
30.429892340,0,1
30.429936538,0,0
30.429937964,1,0
30.429977780,1,1
30.430020494,1,0
30.430061734,1,1
30.430095080,0,1
30.430108398,0,0
30.430149652,0,1
30.430172954,1,1
30.430516574,0,1
30.430528390,0,0
30.430571040,0,1
30.430612692,0,0
30.430653864,0,1
30.430677128,1,1
30.430696500,1,0
30.430737668,1,1
30.430759130,0,1
30.430779326,0,0
30.430820496,0,1
30.430843760,1,1
30.430863130,1,0
30.430904298,1,1
30.430946938,1,0
30.430988100,1,1
30.431030740,1,0
30.431071904,1,1
30.431114540,1,0
30.431155704,1,1
30.431198342,1,0
30.431241968,1,1
30.431284604,1,0
30.431322810,1,1
30.431365446,1,0
30.431410054,1,1
30.431424972,1,0
30.431426228,1,1
30.474953914,0,1
30.474965724,0,0
30.475008354,0,1
30.475049992,0,0
30.475091144,0,1
30.475132782,0,0
30.475173934,0,1
30.475215572,0,0
30.475256728,0,1
30.475298366,0,0
30.475339522,0,1
30.475362776,1,1
30.475382144,1,0
30.475423292,1,1
30.475465916,1,0
30.475507066,1,1
30.475549694,1,0
30.475590844,1,1
30.475633470,1,0
30.475677084,1,1
30.475719708,1,0
30.475757902,1,1
30.475800528,1,0
30.475845124,1,1
30.479473434,0,1
30.479485242,0,0
30.479527868,0,1
30.479551120,1,1
30.479570486,1,0
30.479611632,1,1
30.479654252,1,0
30.479695406,1,1
30.479716858,0,1
30.479737044,0,0
30.479778198,0,1
30.479801454,1,1
30.479820824,1,0
30.479861976,1,1
30.479904598,1,0
30.479945748,1,1
30.479988368,1,0
30.480029514,1,1
30.480050970,0,1
30.480071158,0,0
30.480112310,0,1
30.480153942,0,0
30.480197558,0,1
30.480239198,0,0
30.480277392,0,1
30.480300646,1,1
30.480320012,1,0
30.480364612,1,1
30.487153256,0,1
30.487165066,0,0
30.487207692,0,1
30.487249326,0,0
30.487290480,0,1
30.487332118,0,0
30.487373272,0,1
30.487414912,0,0
30.487456064,0,1
30.487497700,0,0
30.487538852,0,1
30.487562104,1,1
30.487581472,1,0
30.487622620,1,1
30.487665242,1,0
30.487706394,1,1
30.487749018,1,0
30.487790170,1,1
30.487832800,1,0
30.487876412,1,1
30.487919038,1,0
30.487957230,1,1
30.487999854,1,0
30.488044448,1,1
30.491678960,0,1
30.491690768,0,0
30.491733394,0,1
30.491775028,0,0
30.491816178,0,1
30.491839430,1,1
30.491858798,1,0
30.491899946,1,1
30.491921398,0,1
30.491941584,0,0
30.491982732,0,1
30.492024368,0,0
30.492065522,0,1
30.492107158,0,0
30.492148312,0,1
30.492189946,0,0
30.492231094,0,1
30.492254346,1,1
30.492273712,1,0
30.492314856,1,1
30.492336306,0,1
30.492356490,0,0
30.492400106,0,1
30.492423356,1,1
30.492442724,1,0
30.492480910,1,1
30.492523532,1,0
30.492568122,1,1
30.500452280,1,0
30.503858088,1,1
30.582750924,0,1
30.582762730,0,0
30.582805350,0,1
30.582828594,1,1
30.582847958,1,0
30.582889094,1,1
30.582931706,1,0
30.582972844,1,1
30.582994294,0,1
30.583014476,0,0
30.583055618,0,1
30.583078864,1,1
30.583098228,1,0
30.583139366,1,1
30.583181978,1,0
30.583223116,1,1
30.583265730,1,0
30.583306870,1,1
30.583328320,0,1
30.583348504,0,0
30.583389644,0,1
30.583431270,0,0
30.583474872,0,1
30.583516500,0,0
30.583554684,0,1
30.583577930,1,1
30.583597294,1,0
30.583641880,1,1
30.583659904,1,0
30.583855948,1,1
30.616287884,1,0
30.616291892,0,0
30.617332980,0,1
30.617443452,0,0
30.617445318,1,0
30.617484600,1,1
30.617526232,1,0
30.617527600,0,0
30.617567388,0,1
30.617610008,0,0
30.617611480,1,0
30.617651150,1,1
30.617692786,1,0
30.617733932,1,1
30.617775562,1,0
30.617777338,0,0
30.617816714,0,1
30.617859330,0,0
30.617861214,1,0
30.617900474,1,1
30.617942102,1,0
30.617983240,1,1
30.618024870,1,0
30.618066010,1,1
30.618109118,1,0
30.618150260,1,1
30.618192874,1,0
30.618234018,1,1
30.618267290,0,1
30.618280578,0,0
30.618321738,0,1
30.618344996,1,1
30.618616618,0,1
30.618628426,0,0
30.618671050,0,1
30.618712684,0,0
30.618753832,0,1
30.618777084,1,1
30.618796448,1,0
30.618837590,1,1
30.618859038,0,1
30.618879224,0,0
30.618920370,0,1
30.618943616,1,1
30.618962980,1,0
30.619004122,1,1
30.619046736,1,0
30.619087876,1,1
30.619130494,1,0
30.619171636,1,1
30.619214252,1,0
30.619255390,1,1
30.619298008,1,0
30.619341612,1,1
30.619384230,1,0
30.619422418,1,1
30.619465034,1,0
30.619509622,1,1
30.619524662,1,0
30.619793980,0,0
30.620569638,0,1
30.620615886,0,0
30.620657044,0,1
30.620699670,0,0
30.620740830,0,1
30.620783452,0,0
30.620785746,1,0
30.620824598,1,1
30.620866230,1,0
30.620868036,0,0
30.620907380,0,1
30.620949998,0,0
30.620991156,0,1
30.621033774,0,0
30.621074926,0,1
30.621117550,0,0
30.621158702,0,1
30.621201322,0,0
30.621242480,0,1
30.621286576,0,0
30.621327728,0,1
30.621366900,0,0
30.621368980,1,0
30.621408046,1,1
30.621441324,0,1
30.621454612,0,0
30.621495766,0,1
30.621519020,1,1
30.621857828,0,1
30.621869654,0,0
30.621912348,0,1
30.621954034,0,0
30.621995238,0,1
30.622018530,1,1
30.622037930,1,0
30.622079158,1,1
30.622100654,0,1
30.622120880,0,0
30.622162102,0,1
30.622185392,1,1
30.622204792,1,0
30.622246008,1,1
30.622288698,1,0
30.622329914,1,1
30.622372602,1,0
30.622413818,1,1
30.622456510,1,0
30.622497722,1,1
30.622540408,1,0
30.622584092,1,1
30.622626780,1,0
30.622665032,1,1
30.622707728,1,0
30.622752398,1,1
30.622766040,1,0
30.622767290,1,1
30.629848264,0,1
30.629860094,0,0
30.629902800,0,1
30.629944504,0,0
30.629985728,0,1
30.630009014,1,1
30.630028408,1,0
30.630069628,1,1
30.630091122,0,1
30.630111350,0,0
30.630152588,0,1
30.630194294,0,0
30.630235520,0,1
30.630277228,0,0
30.630318454,0,1
30.630360164,0,0
30.630401394,0,1
30.630424688,1,1
30.630444088,1,0
30.630485312,1,1
30.630506804,0,1
30.630527026,0,0
30.630570722,0,1
30.630594018,1,1
30.630613416,1,0
30.630651676,1,1
30.630694376,1,0
30.630739050,1,1
30.630757260,1,0
30.631855840,1,1
30.682660400,0,1
30.682672228,0,0
30.682714938,0,1
30.682756646,0,0
30.682797874,0,1
30.682839586,0,0
30.682880816,0,1
30.682922524,0,0
30.682963752,0,1
30.683005466,0,0
30.683046696,0,1
30.683069988,1,1
30.683089388,1,0
30.683130614,1,1
30.683173312,1,0
30.683214532,1,1
30.683257232,1,0
30.683298452,1,1
30.683341150,1,0
30.683384842,1,1
30.683427538,1,0
30.683465796,1,1
30.683508490,1,0
30.683553168,1,1
30.687195158,0,1
30.687206988,0,0
30.687249698,0,1
30.687291412,0,0
30.687332648,0,1
30.687355944,1,1
30.687375344,1,0
30.687416574,1,1
30.687438064,0,1
30.687458290,0,0
30.687499522,0,1
30.687541238,0,0
30.687582470,0,1
30.687624184,0,0
30.687665412,0,1
30.687707132,0,0
30.687748368,0,1
30.687771670,1,1
30.687791072,1,0
30.687832310,1,1
30.687853806,0,1
30.687874032,0,0
30.687917734,0,1
30.687941030,1,1
30.687960432,1,0
30.687998702,1,1
30.688041400,1,0
30.688086088,1,1
30.696329776,1,0
30.703855972,1,1
30.706246588,0,1
30.706258420,0,0
30.706301134,0,1
30.706342852,0,0
30.706384088,0,1
30.706425804,0,0
30.706467042,0,1
30.706508752,0,0
30.706549986,0,1
30.706591704,0,0
30.706632936,0,1
30.706656236,1,1
30.706675636,1,0
30.706716874,1,1
30.706759578,1,0
30.706800810,1,1
30.706843516,1,0
30.706884744,1,1
30.706927448,1,0
30.706971150,1,1
30.707013852,1,0
30.707052118,1,1
30.707094822,1,0
30.707139506,1,1
30.710774784,0,1
30.710786616,0,0
30.710829330,0,1
30.710852630,1,1
30.710872030,1,0
30.710913262,1,1
30.710955962,1,0
30.710997192,1,1
30.711018686,0,1
30.711038912,0,0
30.711080146,0,1
30.711103442,1,1
30.711122844,1,0
30.711164076,1,1
30.711206778,1,0
30.711248008,1,1
30.711290712,1,0
30.711331944,1,1
30.711353436,0,1
30.711373662,0,0
30.711414900,0,1
30.711456616,0,0
30.711500318,0,1
30.711542032,0,0
30.711580302,0,1
30.711603602,1,1
30.711623002,1,0
30.711667690,1,1
30.719006736,1,0
30.719856382,1,1
30.760270946,1,0
30.760540386,0,0
30.761316422,0,1
30.761415486,0,0
30.761417732,1,0
30.761456726,1,1
30.761498446,1,0
30.761500062,0,0
30.761539690,0,1
30.761582392,0,0
30.761583974,1,0
30.761623630,1,1
30.761665346,1,0
30.761706588,1,1
30.761748312,1,0
30.761749910,0,0
30.761789560,0,1
30.761832268,0,0
30.761833832,1,0
30.761873506,1,1
30.761915224,1,0
30.761956454,1,1
30.761998168,1,0
30.762039402,1,1
30.762082596,1,0
30.762123824,1,1
30.762166530,1,0
30.762207756,1,1
30.762241096,0,1
30.762254412,0,0
30.762295660,0,1
30.762318962,1,1
30.762591162,0,1
30.762602994,0,0
30.762645706,0,1
30.762687426,0,0
30.762728666,0,1
30.762751966,1,1
30.762771372,1,0
30.762812606,1,1
30.762834104,0,1
30.762854328,0,0
30.762895562,0,1
30.762918862,1,1
30.762938262,1,0
30.762979478,1,1
30.763022184,1,0
30.763063430,1,1
30.763106154,1,0
30.763147392,1,1
30.763190100,1,0
30.763231330,1,1
30.763274034,1,0
30.763317734,1,1
30.763360444,1,0
30.763398714,1,1
30.763441420,1,0
30.763486114,1,1
30.763501016,1,0
30.763770440,0,0
30.764546340,0,1
30.764585666,0,0
30.764626894,0,1
30.764669588,0,0
30.764710818,0,1
30.764753510,0,0
30.764794738,0,1
30.764837428,0,0
30.764878656,0,1
30.764921346,0,0
30.764962570,0,1
30.765005260,0,0
30.765046486,0,1
30.765089172,0,0
30.765130398,0,1
30.765173088,0,0
30.765214316,0,1
30.765258482,0,0
30.765260304,1,0
30.765299698,1,1
30.765342380,1,0
30.765383588,1,1
30.765416910,0,1
30.765430222,0,0
30.765471444,0,1
30.765494730,1,1
30.765838162,0,1
30.765849970,0,0
30.765892592,0,1
30.765934218,0,0
30.765975366,0,1
30.765998616,1,1
30.766017978,1,0
30.766059118,1,1
30.766080570,0,1
30.766100752,0,0
30.766141898,0,1
30.766165144,1,1
30.766184504,1,0
30.766225642,1,1
30.766268250,1,0
30.766309386,1,1
30.766351998,1,0
30.766393132,1,1
30.766435754,1,0
30.766476910,1,1
30.766519536,1,0
30.766563146,1,1
30.766605774,1,0
30.766643968,1,1
30.766686592,1,0
30.766731196,1,1
30.766746506,1,0
30.766747764,1,1
30.942137848,0,1
30.942149652,0,0
30.942192262,0,1
30.942215506,1,1
30.942234868,1,0
30.942275998,1,1
30.942318602,1,0
30.942359734,1,1
30.942381184,0,1
30.942401364,0,0
30.942442500,0,1
30.942465744,1,1
30.942485106,1,0
30.942526240,1,1
30.942568846,1,0
30.942609976,1,1
30.942652590,1,0
30.942693728,1,1
30.942715174,0,1
30.942735356,0,0
30.942776500,0,1
30.942818126,0,0
30.942861728,0,1
30.942903350,0,0
30.942941534,0,1
30.942964778,1,1
30.942984140,1,0
30.943028740,1,1
30.943046222,1,0
30.943854590,1,1
31.000791964,0,1
31.000803772,0,0
31.000846390,0,1
31.000869634,1,1
31.000888994,1,0
31.000930130,1,1
31.000972742,1,0
31.001013878,1,1
31.001035326,0,1
31.001055508,0,0
31.001096650,0,1
31.001138278,0,0
31.001179422,0,1
31.001202670,1,1
31.001222032,1,0
31.001263170,1,1
31.001305782,1,0
31.001346920,1,1
31.001368368,0,1
31.001388550,0,0
31.001429690,0,1
31.001471318,0,0
31.001514920,0,1
31.001538168,1,1
31.001557530,1,0
31.001595710,1,1
31.001638318,1,0
31.001682898,1,1
31.001701880,1,0
31.007855090,1,1
31.021613992,0,1
31.021625798,0,0
31.021668414,0,1
31.021710048,0,0
31.021751196,0,1
31.021792828,0,0
31.021833970,0,1
31.021875602,0,0
31.021916748,0,1
31.021958378,0,0
31.021999522,0,1
31.022022770,1,1
31.022042134,1,0
31.022083276,1,1
31.022125888,1,0
31.022167024,1,1
31.022209642,1,0
31.022250780,1,1
31.022293396,1,0
31.022336998,1,1
31.022379612,1,0
31.022417792,1,1
31.022460406,1,0
31.022504988,1,1
31.026135562,0,1
31.026147370,0,0
31.026189992,0,1
31.026213238,1,1
31.026232604,1,0
31.026273748,1,1
31.026316368,1,0
31.026357508,1,1
31.026378962,0,1
31.026399146,0,0
31.026440292,0,1
31.026481928,0,0
31.026523074,0,1
31.026546324,1,1
31.026565690,1,0
31.026606834,1,1
31.026649452,1,0
31.026690596,1,1
31.026712050,0,1
31.026732234,0,0
31.026773384,0,1
31.026815016,0,0
31.026858626,0,1
31.026881876,1,1
31.026901244,1,0
31.026939430,1,1
31.026982046,1,0
31.027026636,1,1
31.034424102,1,0
31.039854626,1,1
31.054433540,0,1
31.054445346,0,0
31.054487962,0,1
31.054529588,0,0
31.054570730,0,1
31.054612356,0,0
31.054653500,0,1
31.054695132,0,0
31.054736276,0,1
31.054777908,0,0
31.054819054,0,1
31.054842300,1,1
31.054861664,1,0
31.054902804,1,1
31.054945418,1,0
31.054986558,1,1
31.055029170,1,0
31.055070308,1,1
31.055112924,1,0
31.055156524,1,1
31.055199138,1,0
31.055237318,1,1
31.055279932,1,0
31.055324518,1,1
31.058952110,0,1
31.058963916,0,0
31.059006538,0,1
31.059029784,1,1
31.059049148,1,0
31.059090288,1,1
31.059132904,1,0
31.059174042,1,1
31.059195492,0,1
31.059215674,0,0
31.059256818,0,1
31.059280066,1,1
31.059299428,1,0
31.059340568,1,1
31.059383186,1,0
31.059424324,1,1
31.059466942,1,0
31.059508080,1,1
31.059529532,0,1
31.059549714,0,0
31.059590856,0,1
31.059632484,0,0
31.059676092,0,1
31.059717726,0,0
31.059755916,0,1
31.059779166,1,1
31.059798530,1,0
31.059843124,1,1
31.067402928,1,0
31.071855772,1,1
31.099611626,0,1
31.099623430,0,0
31.099666038,0,1
31.099707660,0,0
31.099748796,0,1
31.099772042,1,1
31.099791404,1,0
31.099832536,1,1
31.099853984,0,1
31.099874164,0,0
31.099915300,0,1
31.099956920,0,0
31.099998054,0,1
31.100039678,0,0
31.100080816,0,1
31.100122436,0,0
31.100163570,0,1
31.100186814,1,1
31.100206176,1,0
31.100247304,1,1
31.100268750,0,1
31.100288930,0,0
31.100332526,0,1
31.100355766,1,1
31.100375126,1,0
31.100413296,1,1
31.100455902,1,0
31.100500476,1,1
31.100519350,1,0
31.103854530,1,1
31.110763296,0,1
31.110775102,0,0
31.110817718,0,1
31.110840964,1,1
31.110860326,1,0
31.110901458,1,1
31.110944072,1,0
31.110985208,1,1
31.111006652,0,1
31.111026834,0,0
31.111067972,0,1
31.111091218,1,1
31.111110580,1,0
31.111151712,1,1
31.111194326,1,0
31.111235462,1,1
31.111278072,1,0
31.111319206,1,1
31.111340654,0,1
31.111360834,0,0
31.111401970,0,1
31.111443596,0,0
31.111487200,0,1
31.111528826,0,0
31.111567012,0,1
31.111590260,1,1
31.111609622,1,0
31.111654206,1,1
31.111672976,1,0
31.111860282,1,1
31.189165152,0,1
31.189176958,0,0
31.189219574,0,1
31.189261196,0,0
31.189302336,0,1
31.189343962,0,0
31.189385100,0,1
31.189426726,0,0
31.189467864,0,1
31.189509492,0,0
31.189550634,0,1
31.189573882,1,1
31.189593244,1,0
31.189634380,1,1
31.189676988,1,0
31.189718124,1,1
31.189760734,1,0
31.189801862,1,1
31.189844474,1,0
31.189888066,1,1
31.189930676,1,0
31.189968844,1,1
31.190011448,1,0
31.190056042,1,1
31.193683084,0,1
31.193694890,0,0
31.193737504,0,1
31.193760750,1,1
31.193780110,1,0
31.193821238,1,1
31.193863844,1,0
31.193904972,1,1
31.193926416,0,1
31.193946592,0,0
31.193987724,0,1
31.194010966,1,1
31.194030326,1,0
31.194071458,1,1
31.194114064,1,0
31.194155194,1,1
31.194197802,1,0
31.194238928,1,1
31.194260376,0,1
31.194280554,0,0
31.194321690,0,1
31.194363312,0,0
31.194406910,0,1
31.194448532,0,0
31.194486710,0,1
31.194509948,1,1
31.194529308,1,0
31.194573888,1,1
31.201359830,0,1
31.201371636,0,0
31.201414242,0,1
31.201455862,0,0
31.201496996,0,1
31.201538620,0,0
31.201579754,0,1
31.201621378,0,0
31.201662514,0,1
31.201704140,0,0
31.201745276,0,1
31.201768522,1,1
31.201787886,1,0
31.201829020,1,1
31.201871630,1,0
31.201912766,1,1
31.201955374,1,0
31.201996504,1,1
31.202039110,1,0
31.202082700,1,1
31.202125308,1,0
31.202163482,1,1
31.202206092,1,0
31.202250668,1,1
31.205884656,0,1
31.205896460,0,0
31.205939074,0,1
31.205980698,0,0
31.206021838,0,1
31.206045080,1,1
31.206064438,1,0
31.206105560,1,1
31.206127010,0,1
31.206147192,0,0
31.206188340,0,1
31.206229970,0,0
31.206271108,0,1
31.206312730,0,0
31.206353866,0,1
31.206395488,0,0
31.206436624,0,1
31.206459872,1,1
31.206479236,1,0
31.206520372,1,1
31.206541822,0,1
31.206562004,0,0
31.206605606,0,1
31.206628854,1,1
31.206648216,1,0
31.206686398,1,1
31.206729010,1,0
31.206773598,1,1
31.214784436,1,0
31.215855396,1,1
31.246266662,0,1
31.246278466,0,0
31.246321072,0,1
31.246344308,1,1
31.246363660,1,0
31.246404780,1,1
31.246447394,1,0
31.246488536,1,1
31.246509982,0,1
31.246530160,0,0
31.246571292,0,1
31.246594538,1,1
31.246613900,1,0
31.246655030,1,1
31.246697642,1,0
31.246738772,1,1
31.246781380,1,0
31.246822506,1,1
31.246843956,0,1
31.246864136,0,0
31.246905270,0,1
31.246946894,0,0
31.246990496,0,1
31.247032122,0,0
31.247070300,0,1
31.247093542,1,1
31.247112902,1,0
31.247157476,1,1
31.247176086,1,0
31.247854484,1,1
31.265609946,0,1
31.265621746,0,0
31.265664330,0,1
31.265705930,0,0
31.265747046,0,1
31.265770280,1,1
31.265789630,1,0
31.265830738,1,1
31.265852176,0,1
31.265872346,0,0
31.265913460,0,1
31.265955060,0,0
31.265996172,0,1
31.266037770,0,0
31.266078880,0,1
31.266120478,0,0
31.266161584,0,1
31.266184812,1,1
31.266204160,1,0
31.266245268,1,1
31.266266700,0,1
31.266286866,0,0
31.266330434,0,1
31.266353666,1,1
31.266373018,1,0
31.266411176,1,1
31.266453758,1,0
31.266498310,1,1
31.266517588,1,0
31.271854164,1,1
31.287435094,1,0
31.287708406,0,0
31.288483960,0,1
31.289297864,0,0
31.289299300,1,0
31.289339004,1,1
31.289380630,1,0
31.289382578,0,0
31.289421776,0,1
31.289464388,0,0
31.289466454,1,0
31.289505524,1,1
31.289547148,1,0
31.289588282,1,1
31.289629904,1,0
31.289631288,0,0
31.289671042,0,1
31.289713654,0,0
31.289715148,1,0
31.289754790,1,1
31.289796418,1,0
31.289837554,1,1
31.289879180,1,0
31.289920312,1,1
31.289963410,1,0
31.290004542,1,1
31.290047150,1,0
31.290088284,1,1
31.290121556,0,1
31.290134844,0,0
31.290176000,0,1
31.290199256,1,1
31.290470886,0,1
31.290482694,0,0
31.290525308,0,1
31.290566932,0,0
31.290608068,0,1
31.290631314,1,1
31.290650676,1,0
31.290691812,1,1
31.290713262,0,1
31.290733444,0,0
31.290774586,0,1
31.290797832,1,1
31.290817192,1,0
31.290858326,1,1
31.290900940,1,0
31.290942076,1,1
31.290984686,1,0
31.291025820,1,1
31.291068430,1,0
31.291109562,1,1
31.291152172,1,0
31.291195768,1,1
31.291238376,1,0
31.291276552,1,1
31.291319164,1,0
31.291363744,1,1
31.291376302,1,0
31.291645566,0,0
31.292421130,0,1
31.292461128,0,0
31.292502282,0,1
31.292544898,0,0
31.292586048,0,1
31.292628670,0,0
31.292669818,0,1
31.292712438,0,0
31.292753588,0,1
31.292796202,0,0
31.292837350,0,1
31.292879966,0,0
31.292921114,0,1
31.292963726,0,0
31.293004890,0,1
31.293047528,0,0
31.293088692,0,1
31.293132798,0,0
31.293134830,1,0
31.293173940,1,1
31.293216556,1,0
31.293257698,1,1
31.293290970,0,1
31.293304258,0,0
31.293345408,0,1
31.293368656,1,1
31.293711666,0,1
31.293723470,0,0
31.293766086,0,1
31.293807712,0,0
31.293848850,0,1
31.293872096,1,1
31.293891460,1,0
31.293932596,1,1
31.293954044,0,1
31.293974222,0,0
31.294015360,0,1
31.294038606,1,1
31.294057968,1,0
31.294099102,1,1
31.294141714,1,0
31.294182850,1,1
31.294225458,1,0
31.294266592,1,1
31.294309202,1,0
31.294350336,1,1
31.294392942,1,0
31.294436540,1,1
31.294479148,1,0
31.294517320,1,1
31.294559926,1,0
31.294604504,1,1
31.294616926,1,0
31.294618182,1,1
31.299609606,1,0
31.299882924,0,0
31.300658476,0,1
31.300774714,0,0
31.300776826,1,0
31.300815854,1,1
31.300857484,1,0
31.300859102,0,0
31.300898630,0,1
31.300941238,0,0
31.300942956,1,0
31.300982374,1,1
31.301024004,1,0
31.301065138,1,1
31.301106760,1,0
31.301108776,0,0
31.301147906,0,1
31.301190512,0,0
31.301192640,1,0
31.301231644,1,1
31.301273272,1,0
31.301314404,1,1
31.301356026,1,0
31.301397160,1,1
31.301440262,1,0
31.301481396,1,1
31.301524008,1,0
31.301565140,1,1
31.301598412,0,1
31.301611698,0,0
31.301652850,0,1
31.301676094,1,1
31.301947684,0,1
31.301959488,0,0
31.302002102,0,1
31.302043724,0,0
31.302084860,0,1
31.302108104,1,1
31.302127468,1,0
31.302168604,1,1
31.302190054,0,1
31.302210236,0,0
31.302251376,0,1
31.302274620,1,1
31.302293984,1,0
31.302335120,1,1
31.302377732,1,0
31.302418866,1,1
31.302461478,1,0
31.302502610,1,1
31.302545222,1,0
31.302586356,1,1
31.302628962,1,0
31.302672560,1,1
31.302715174,1,0
31.302753340,1,1
31.302795938,1,0
31.302840528,1,1
31.302853868,1,0
31.303127222,0,0
31.303902846,0,1
31.303946668,0,0
31.303987822,0,1
31.304030442,0,0
31.304071590,0,1
31.304114210,0,0
31.304155362,0,1
31.304197978,0,0
31.304239126,0,1
31.304281744,0,0
31.304322890,0,1
31.304365506,0,0
31.304406658,0,1
31.304449270,0,0
31.304490418,0,1
31.304533036,0,0
31.304574180,0,1
31.304618272,0,0
31.304619610,1,0
31.304659414,1,1
31.304702028,1,0
31.304743160,1,1
31.304776432,0,1
31.304789720,0,0
31.304830866,0,1
31.304854114,1,1
31.305197096,0,1
31.305208902,0,0
31.305251512,0,1
31.305293136,0,0
31.305334274,0,1
31.305357516,1,1
31.305376876,1,0
31.305418004,1,1
31.305439454,0,1
31.305459634,0,0
31.305500770,0,1
31.305524012,1,1
31.305543372,1,0
31.305584506,1,1
31.305627114,1,0
31.305668244,1,1
31.305710856,1,0
31.305751992,1,1
31.305794596,1,0
31.305835728,1,1
31.305878334,1,0
31.305921928,1,1
31.305964538,1,0
31.306002714,1,1
31.306045320,1,0
31.306089900,1,1
31.306102554,1,0
31.306103804,1,1
31.330270658,0,1
31.330282464,0,0
31.330325082,0,1
31.330366710,0,0
31.330407848,0,1
31.330449474,0,0
31.330490616,0,1
31.330532238,0,0
31.330573370,0,1
31.330614994,0,0
31.330656130,0,1
31.330679372,1,1
31.330698736,1,0
31.330739870,1,1
31.330782476,1,0
31.330823602,1,1
31.330866212,1,0
31.330907352,1,1
31.330949962,1,0
31.330993554,1,1
31.331036162,1,0
31.331074336,1,1
31.331116944,1,0
31.331161522,1,1
31.334788626,0,1
31.334800432,0,0
31.334843042,0,1
31.334866284,1,1
31.334885644,1,0
31.334926772,1,1
31.334969370,1,0
31.335010478,1,1
31.335031922,0,1
31.335052102,0,0
31.335093248,0,1
31.335116498,1,1
31.335135864,1,0
31.335176996,1,1
31.335219602,1,0
31.335260726,1,1
31.335303328,1,0
31.335344452,1,1
31.335365896,0,1
31.335386072,0,0
31.335427200,0,1
31.335468818,0,0
31.335512410,0,1
31.335554028,0,0
31.335592204,0,1
31.335615446,1,1
31.335634806,1,0
31.335679386,1,1
31.339309026,0,1
31.339320830,0,0
31.339363434,0,1
31.339405052,0,0
31.339446182,0,1
31.339487798,0,0
31.339528934,0,1
31.339570554,0,0
31.339611684,0,1
31.339653308,0,0
31.339694442,0,1
31.339717684,1,1
31.339737044,1,0
31.339778178,1,1
31.339820782,1,0
31.339861908,1,1
31.339904514,1,0
31.339945644,1,1
31.339988248,1,0
31.340031844,1,1
31.340074450,1,0
31.340112622,1,1
31.340155228,1,0
31.340199808,1,1
31.343833434,0,1
31.343845238,0,0
31.343887848,0,1
31.343929466,0,0
31.343970600,0,1
31.343993842,1,1
31.344013204,1,0
31.344054330,1,1
31.344075774,0,1
31.344095954,0,0
31.344137084,0,1
31.344178702,0,0
31.344219832,0,1
31.344261450,0,0
31.344302580,0,1
31.344344196,0,0
31.344385332,0,1
31.344408574,1,1
31.344427932,1,0
31.344469060,1,1
31.344490510,0,1
31.344510686,0,0
31.344554282,0,1
31.344577522,1,1
31.344596880,1,0
31.344635054,1,1
31.344677656,1,0
31.344722232,1,1
31.352889316,1,0
31.359854426,1,1
31.376062912,1,0
31.376336160,0,0
31.377111564,0,1
31.377425648,0,0
31.377427314,1,0
31.377466784,1,1
31.377508412,1,0
31.377509566,0,0
31.377549556,0,1
31.377592168,0,0
31.377594434,1,0
31.377633308,1,1
31.377674932,1,0
31.377716062,1,1
31.377757684,1,0
31.377759238,0,0
31.377798824,0,1
31.377841432,0,0
31.377843102,1,0
31.377882566,1,1
31.377924192,1,0
31.377965324,1,1
31.378006948,1,0
31.378048080,1,1
31.378091184,1,0
31.378132312,1,1
31.378174918,1,0
31.378216050,1,1
31.378249316,0,1
31.378262600,0,0
31.378303744,0,1
31.378326990,1,1
31.378598526,0,1
31.378610328,0,0
31.378652920,0,1
31.378694532,0,0
31.378735652,0,1
31.378758886,1,1
31.378778238,1,0
31.378819350,1,1
31.378840790,0,1
31.378860960,0,0
31.378902076,0,1
31.378925308,1,1
31.378944660,1,0
31.378985772,1,1
31.379028362,1,0
31.379069474,1,1
31.379112064,1,0
31.379153172,1,1
31.379195756,1,0
31.379236870,1,1
31.379279456,1,0
31.379323028,1,1
31.379365618,1,0
31.379403774,1,1
31.379446358,1,0
31.379490924,1,1
31.379503992,1,0
31.379773218,0,0
31.380548488,0,1
31.380587572,0,0
31.380628696,0,1
31.380671292,0,0
31.380712422,0,1
31.380755018,0,0
31.380796148,0,1
31.380838766,0,0
31.380879928,0,1
31.380922562,0,0
31.380963720,0,1
31.381006334,0,0
31.381047478,0,1
31.381090096,0,0
31.381131240,0,1
31.381173850,0,0
31.381214996,0,1
31.381259084,0,0
31.381260962,1,0
31.381300220,1,1
31.381342834,1,0
31.381383966,1,1
31.381417232,0,1
31.381430516,0,0
31.381471664,0,1
31.381494910,1,1
31.381837908,0,1
31.381849712,0,0
31.381892326,0,1
31.381933948,0,0
31.381975086,0,1
31.381998328,1,1
31.382017690,1,0
31.382058820,1,1
31.382080266,0,1
31.382100446,0,0
31.382141584,0,1
31.382164826,1,1
31.382184188,1,0
31.382225320,1,1
31.382267930,1,0
31.382309056,1,1
31.382351664,1,0
31.382392796,1,1
31.382435408,1,0
31.382476536,1,1
31.382519146,1,0
31.382562740,1,1
31.382605346,1,0
31.382643524,1,1
31.382686130,1,0
31.382730708,1,1
31.382743836,1,0
31.382745086,1,1
31.395377902,1,0
31.395651174,0,0
31.396426680,0,1
31.396564274,0,0
31.396566216,1,0
31.396605410,1,1
31.396647038,1,0
31.396648488,0,0
31.396688186,0,1
31.396730798,0,0
31.396732356,1,0
31.396771934,1,1
31.396813560,1,0
31.396854692,1,1
31.396896314,1,0
31.396898198,0,0
31.396937460,0,1
31.396980074,0,0
31.396982072,1,0
31.397021206,1,1
31.397062836,1,0
31.397103970,1,1
31.397145592,1,0
31.397186726,1,1
31.397229826,1,0
31.397270960,1,1
31.397313566,1,0
31.397354698,1,1
31.397387966,0,1
31.397401250,0,0
31.397442398,0,1
31.397465644,1,1
31.397737194,0,1
31.397749000,0,0
31.397791610,0,1
31.397833236,0,0
31.397874378,0,1
31.397897620,1,1
31.397916982,1,0
31.397958116,1,1
31.397979564,0,1
31.397999748,0,0
31.398040888,0,1
31.398064132,1,1
31.398083490,1,0
31.398124618,1,1
31.398167222,1,0
31.398208352,1,1
31.398250960,1,0
31.398292090,1,1
31.398334698,1,0
31.398375828,1,1
31.398418434,1,0
31.398462022,1,1
31.398504632,1,0
31.398542802,1,1
31.398585406,1,0
31.398629978,1,1
31.398642246,1,0
31.398911490,0,0
31.399687046,0,1
31.399727128,0,0
31.399768282,0,1
31.399810906,0,0
31.399852060,0,1
31.399894676,0,0
31.399935828,0,1
31.399978444,0,0
31.400019590,0,1
31.400062204,0,0
31.400103350,0,1
31.400145962,0,0
31.400187110,0,1
31.400229724,0,0
31.400270872,0,1
31.400313484,0,0
31.400354630,0,1
31.400398722,0,0
31.400400634,1,0
31.400439858,1,1
31.400482472,1,0
31.400523602,1,1
31.400556874,0,1
31.400570160,0,0
31.400611310,0,1
31.400634554,1,1
31.400977544,0,1
31.400989348,0,0
31.401031958,0,1
31.401073578,0,0
31.401114716,0,1
31.401137958,1,1
31.401157318,1,0
31.401198446,1,1
31.401219894,0,1
31.401240072,0,0
31.401281206,0,1
31.401304446,1,1
31.401323804,1,0
31.401364932,1,1
31.401407540,1,0
31.401448668,1,1
31.401491274,1,0
31.401532404,1,1
31.401575012,1,0
31.401616142,1,1
31.401658752,1,0
31.401702352,1,1
31.401744966,1,0
31.401783144,1,1
31.401825754,1,0
31.401870334,1,1
31.401882534,1,0
31.401883790,1,1
31.402503528,0,1
31.402515332,0,0
31.402557940,0,1
31.402581184,1,1
31.402600544,1,0
31.402641676,1,1
31.402684284,1,0
31.402725422,1,1
31.402746868,0,1
31.402767048,0,0
31.402808184,0,1
31.402831432,1,1
31.402850792,1,0
31.402891922,1,1
31.402934530,1,0
31.402975662,1,1
31.403018272,1,0
31.403059404,1,1
31.403080854,0,1
31.403101034,0,0
31.403142170,0,1
31.403183792,0,0
31.403227396,0,1
31.403269020,0,0
31.403307202,0,1
31.403330446,1,1
31.403349808,1,0
31.403394390,1,1
31.403413204,1,0
31.407855218,1,1
31.410212416,0,1
31.410224226,0,0
31.410266866,0,1
31.410308522,0,0
31.410349692,0,1
31.410372948,1,1
31.410392316,1,0
31.410433462,1,1
31.410454914,0,1
31.410475096,0,0
31.410516232,0,1
31.410558096,0,0
31.410599790,0,1
31.410641604,0,0
31.410683260,0,1
31.410725484,0,0
31.410766910,0,1
31.410790260,1,1
31.410809686,1,0
31.410850944,1,1
31.410872436,0,1
31.410892656,0,0
31.410936332,0,1
31.410959612,1,1
31.410978998,1,0
31.411017224,1,1
31.411059886,1,0
31.411104520,1,1
31.411122606,1,0
31.415854048,1,1
31.431713594,1,0
31.431717602,0,0
31.432762638,0,1
31.433523302,0,0
31.433525612,1,0
31.433564438,1,1
31.433606062,1,0
31.433607872,0,0
31.433647208,0,1
31.433689820,0,0
31.433691730,1,0
31.433730956,1,1
31.433772588,1,0
31.433813720,1,1
31.433855338,1,0
31.433856546,0,0
31.433896480,0,1
31.433939086,0,0
31.433940416,1,0
31.433980218,1,1
31.434021846,1,0
31.434062980,1,1
31.434104608,1,0
31.434145746,1,1
31.434188852,1,0
31.434229988,1,1
31.434272598,1,0
31.434313734,1,1
31.434347006,0,1
31.434360292,0,0
31.434401448,0,1
31.434424704,1,1
31.434696348,0,1
31.434708154,0,0
31.434750768,0,1
31.434792394,0,0
31.434833536,0,1
31.434856782,1,1
31.434876144,1,0
31.434917278,1,1
31.434938728,0,1
31.434958908,0,0
31.435000046,0,1
31.435023290,1,1
31.435042654,1,0
31.435083788,1,1
31.435126396,1,0
31.435167528,1,1
31.435210138,1,0
31.435251272,1,1
31.435293876,1,0
31.435335006,1,1
31.435377614,1,0
31.435421202,1,1
31.435463812,1,0
31.435501988,1,1
31.435544598,1,0
31.435589178,1,1
31.435602600,1,0
31.435875916,0,0
31.436651484,0,1
31.436695248,0,0
31.436736404,0,1
31.436779022,0,0
31.436820172,0,1
31.436862788,0,0
31.436903938,0,1
31.436946552,0,0
31.436987698,0,1
31.437030314,0,0
31.437071462,0,1
31.437114078,0,0
31.437155226,0,1
31.437197840,0,0
31.437238988,0,1
31.437281602,0,0
31.437322756,0,1
31.437366848,0,0
31.437368174,1,0
31.437407992,1,1
31.437450606,1,0
31.437491742,1,1
31.437525010,0,1
31.437538298,0,0
31.437579450,0,1
31.437602696,1,1
31.437945686,0,1
31.437957492,0,0
31.438000102,0,1
31.438041724,0,0
31.438082862,0,1
31.438106108,1,1
31.438125468,1,0
31.438166598,1,1
31.438188046,0,1
31.438208226,0,0
31.438249366,0,1
31.438272608,1,1
31.438291970,1,0
31.438333106,1,1
31.438375714,1,0
31.438416844,1,1
31.438459452,1,0
31.438500582,1,1
31.438543190,1,0
31.438584316,1,1
31.438626922,1,0
31.438670512,1,1
31.438713122,1,0
31.438751302,1,1
31.438793912,1,0
31.438838494,1,1
31.438851334,1,0
31.438852586,1,1
31.458207188,1,0
31.458480496,0,0
31.459256146,0,1
31.459636154,0,0
31.459637486,1,0
31.459677290,1,1
31.459718924,1,0
31.459720800,0,0
31.459760074,0,1
31.459802684,0,0
31.459804684,1,0
31.459843822,1,1
31.459885448,1,0
31.459926580,1,1
31.459968202,1,0
31.459969542,0,0
31.460009346,0,1
31.460051958,0,0
31.460053436,1,0
31.460093094,1,1
31.460134722,1,0
31.460175858,1,1
31.460217482,1,0
31.460258616,1,1
31.460301718,1,0
31.460342850,1,1
31.460385462,1,0
31.460426592,1,1
31.460459862,0,1
31.460473150,0,0
31.460514300,0,1
31.460537546,1,1
31.460809114,0,1
31.460820918,0,0
31.460863530,0,1
31.460905156,0,0
31.460946292,0,1
31.460969536,1,1
31.460988898,1,0
31.461030034,1,1
31.461051484,0,1
31.461071662,0,0
31.461112794,0,1
31.461136040,1,1
31.461155400,1,0
31.461196532,1,1
31.461239138,1,0
31.461280270,1,1
31.461322878,1,0
31.461364010,1,1
31.461406618,1,0
31.461447750,1,1
31.461490356,1,0
31.461533950,1,1
31.461576554,1,0
31.461614728,1,1
31.461657332,1,0
31.461701912,1,1
31.461713786,1,0
31.461983084,0,0
31.462758738,0,1
31.462799064,0,0
31.462840214,0,1
31.462882828,0,0
31.462923970,0,1
31.462966582,0,0
31.463007728,0,1
31.463050342,0,0
31.463091488,0,1
31.463134104,0,0
31.463175248,0,1
31.463217856,0,0
31.463259000,0,1
31.463301608,0,0
31.463342750,0,1
31.463385366,0,0
31.463426510,0,1
31.463470598,0,0
31.463472424,1,0
31.463511732,1,1
31.463554342,1,0
31.463595470,1,1
31.463628738,0,1
31.463642024,0,0
31.463683166,0,1
31.463706412,1,1
31.464049402,0,1
31.464061208,0,0
31.464103818,0,1
31.464145438,0,0
31.464186574,0,1
31.464209816,1,1
31.464229176,1,0
31.464270308,1,1
31.464291756,0,1
31.464311936,0,0
31.464353070,0,1
31.464376310,1,1
31.464395672,1,0
31.464436810,1,1
31.464479422,1,0
31.464520556,1,1
31.464563164,1,0
31.464604288,1,1
31.464646890,1,0
31.464688018,1,1
31.464730626,1,0
31.464774216,1,1
31.464816826,1,0
31.464854996,1,1
31.464897604,1,0
31.464942180,1,1
31.464954402,1,0
31.464955656,1,1
31.473646628,0,1
31.473658426,0,0
31.473701012,0,1
31.473742612,0,0
31.473783724,0,1
31.473825318,0,0
31.473866430,0,1
31.473908028,0,0
31.473949136,0,1
31.473990738,0,0
31.474031852,0,1
31.474055084,1,1
31.474074434,1,0
31.474115544,1,1
31.474158128,1,0
31.474199242,1,1
31.474241840,1,0
31.474282966,1,1
31.474325566,1,0
31.474369156,1,1
31.474411764,1,0
31.474449936,1,1
31.474492540,1,0
31.474537120,1,1
31.478171062,0,1
31.478182868,0,0
31.478225478,0,1
31.478267098,0,0
31.478308232,0,1
31.478331476,1,1
31.478350836,1,0
31.478391964,1,1
31.478413412,0,1
31.478433590,0,0
31.478474728,0,1
31.478516348,0,0
31.478557484,0,1
31.478599108,0,0
31.478640242,0,1
31.478681866,0,0
31.478723006,0,1
31.478746250,1,1
31.478765612,1,0
31.478806742,1,1
31.478828190,0,1
31.478848372,0,0
31.478891974,0,1
31.478915218,1,1
31.478934578,1,0
31.478972756,1,1
31.479015366,1,0
31.479059940,1,1
31.486861574,1,0
31.487853554,1,1
31.488427476,0,1
31.488439280,0,0
31.488481888,0,1
31.488523504,0,0
31.488564640,0,1
31.488606260,0,0
31.488647394,0,1
31.488689020,0,0
31.488730156,0,1
31.488771778,0,0
31.488812912,0,1
31.488836154,1,1
31.488855516,1,0
31.488896642,1,1
31.488939248,1,0
31.488980376,1,1
31.489022980,1,0
31.489064106,1,1
31.489106712,1,0
31.489150298,1,1
31.489192902,1,0
31.489231074,1,1
31.489273674,1,0
31.489318244,1,1
31.492945096,0,1
31.492956900,0,0
31.492999520,0,1
31.493022772,1,1
31.493042136,1,0
31.493083268,1,1
31.493125880,1,0
31.493167012,1,1
31.493188456,0,1
31.493208634,0,0
31.493249766,0,1
31.493273008,1,1
31.493292370,1,0
31.493333500,1,1
31.493376108,1,0
31.493417240,1,1
31.493459846,1,0
31.493500976,1,1
31.493522424,0,1
31.493542604,0,0
31.493583738,0,1
31.493625360,0,0
31.493668960,0,1
31.493710582,0,0
31.493748762,0,1
31.493772010,1,1
31.493791370,1,0
31.493835946,1,1
31.501290196,1,0
31.503854698,1,1
31.520348056,1,0
31.520621358,0,0
31.521396818,0,1
31.521537902,0,0
31.521539330,1,0
31.521579042,1,1
31.521620670,1,0
31.521622604,0,0
31.521661810,0,1
31.521704428,0,0
31.521706474,1,0
31.521745568,1,1
31.521787196,1,0
31.521828332,1,1
31.521869960,1,0
31.521871294,0,0
31.521911102,0,1
31.521953708,0,0
31.521955162,1,0
31.521994840,1,1
31.522036458,1,0
31.522077588,1,1
31.522119208,1,0
31.522160336,1,1
31.522203430,1,0
31.522244562,1,1
31.522287166,1,0
31.522328296,1,1
31.522361568,0,1
31.522374856,0,0
31.522416002,0,1
31.522439248,1,1
31.522710828,0,1
31.522722634,0,0
31.522765252,0,1
31.522806880,0,0
31.522848018,0,1
31.522871266,1,1
31.522890632,1,0
31.522931768,1,1
31.522953218,0,1
31.522973398,0,0
31.523014542,0,1
31.523037786,1,1
31.523057148,1,0
31.523098282,1,1
31.523140894,1,0
31.523182028,1,1
31.523224638,1,0
31.523265768,1,1
31.523308378,1,0
31.523349510,1,1
31.523392118,1,0
31.523435714,1,1
31.523478322,1,0
31.523516496,1,1
31.523559106,1,0
31.523603684,1,1
31.523616320,1,0
31.523889658,0,0
31.524665194,0,1
31.524709724,0,0
31.524750880,0,1
31.524793494,0,0
31.524834644,0,1
31.524877262,0,0
31.524918414,0,1
31.524961030,0,0
31.525002182,0,1
31.525044798,0,0
31.525085946,0,1
31.525128564,0,0
31.525169712,0,1
31.525212326,0,0
31.525253476,0,1
31.525296090,0,0
31.525337238,0,1
31.525381334,0,0
31.525382950,1,0
31.525422472,1,1
31.525465082,1,0
31.525506216,1,1
31.525539486,0,1
31.525552772,0,0
31.525593918,0,1
31.525617168,1,1
31.525960160,0,1
31.525971966,0,0
31.526014578,0,1
31.526056202,0,0
31.526097340,0,1
31.526120582,1,1
31.526139944,1,0
31.526181078,1,1
31.526202526,0,1
31.526222704,0,0
31.526263840,0,1
31.526287082,1,1
31.526306444,1,0
31.526347574,1,1
31.526390180,1,0
31.526431312,1,1
31.526473922,1,0
31.526515050,1,1
31.526557658,1,0
31.526598790,1,1
31.526641394,1,0
31.526684988,1,1
31.526727596,1,0
31.526765770,1,1
31.526808376,1,0
31.526852950,1,1
31.526864876,1,0
31.526866130,1,1
31.536782158,0,1
31.536793968,0,0
31.536836598,0,1
31.536878238,0,0
31.536919394,0,1
31.536942650,1,1
31.536962016,1,0
31.537003152,1,1
31.537024604,0,1
31.537044788,0,0
31.537085928,0,1
31.537127550,0,0
31.537168690,0,1
31.537210314,0,0
31.537251448,0,1
31.537293074,0,0
31.537334210,0,1
31.537357452,1,1
31.537376814,1,0
31.537417944,1,1
31.537439396,0,1
31.537459574,0,0
31.537503172,0,1
31.537526416,1,1
31.537545776,1,0
31.537583954,1,1
31.537626560,1,0
31.537671134,1,1
31.537689302,1,0
31.543853368,1,1
31.547744122,0,1
31.547755928,0,0
31.547798540,0,1
31.547821784,1,1
31.547841142,1,0
31.547882272,1,1
31.547924878,1,0
31.547966006,1,1
31.547987454,0,1
31.548007630,0,0
31.548048764,0,1
31.548072006,1,1
31.548091368,1,0
31.548132492,1,1
31.548175094,1,0
31.548216222,1,1
31.548258822,1,0
31.548299950,1,1
31.548321398,0,1
31.548341578,0,0
31.548382712,0,1
31.548424336,0,0
31.548467934,0,1
31.548509554,0,0
31.548547732,0,1
31.548570978,1,1
31.548590340,1,0
31.548634916,1,1
31.548653146,1,0
31.551853730,1,1
31.567740488,1,0
31.567744490,0,0
31.568789454,0,1
31.568918894,0,0
31.568920914,1,0
31.568960032,1,1
31.569001660,1,0
31.569003168,0,0
31.569042804,0,1
31.569085412,0,0
31.569087022,1,0
31.569126548,1,1
31.569168174,1,0
31.569209306,1,1
31.569250926,1,0
31.569252828,0,0
31.569292068,0,1
31.569334676,0,0
31.569336690,1,0
31.569375808,1,1
31.569417434,1,0
31.569458568,1,1
31.569500190,1,0
31.569541322,1,1
31.569584424,1,0
31.569625554,1,1
31.569668160,1,0
31.569709292,1,1
31.569742562,0,1
31.569755848,0,0
31.569796994,0,1
31.569820242,1,1
31.570091792,0,1
31.570103594,0,0
31.570146198,0,1
31.570187816,0,0
31.570228950,0,1
31.570252192,1,1
31.570271552,1,0
31.570312682,1,1
31.570334130,0,1
31.570354310,0,0
31.570395446,0,1
31.570418688,1,1
31.570438048,1,0
31.570479178,1,1
31.570521784,1,0
31.570562910,1,1
31.570605514,1,0
31.570646642,1,1
31.570689252,1,0
31.570730388,1,1
31.570772998,1,0
31.570816586,1,1
31.570859194,1,0
31.570897368,1,1
31.570939974,1,0
31.570984548,1,1
31.570996580,1,0
31.571265862,0,0
31.572041368,0,1
31.572081690,0,0
31.572122838,0,1
31.572165456,0,0
31.572206604,0,1
31.572249216,0,0
31.572290362,0,1
31.572332976,0,0
31.572374118,0,1
31.572416732,0,0
31.572457880,0,1
31.572500492,0,0
31.572541638,0,1
31.572584252,0,0
31.572625394,0,1
31.572668008,0,0
31.572709158,0,1
31.572753248,0,0
31.572755036,1,0
31.572794384,1,1
31.572836996,1,0
31.572878122,1,1
31.572911376,0,1
31.572924656,0,0
31.572965786,0,1
31.572989020,1,1
31.573331776,0,1
31.573343574,0,0
31.573386158,0,1
31.573427756,0,0
31.573468868,0,1
31.573492102,1,1
31.573511452,1,0
31.573552560,1,1
31.573573992,0,1
31.573594158,0,0
31.573635268,0,1
31.573658498,1,1
31.573677850,1,0
31.573718962,1,1
31.573761550,1,0
31.573802656,1,1
31.573845240,1,0
31.573886346,1,1
31.573928926,1,0
31.573970028,1,1
31.574012612,1,0
31.574056178,1,1
31.574098758,1,0
31.574136906,1,1
31.574179486,1,0
31.574224034,1,1
31.574236464,1,0
31.574237712,1,1
31.585597378,1,0
31.585870660,0,0
31.586646200,0,1
31.586765644,0,0
31.586767598,1,0
31.586806784,1,1
31.586848412,1,0
31.586849874,0,0
31.586889558,0,1
31.586932166,0,0
31.586933744,1,0
31.586973302,1,1
31.587014928,1,0
31.587056058,1,1
31.587097680,1,0
31.587099570,0,0
31.587138820,0,1
31.587181428,0,0
31.587183428,1,0
31.587222556,1,1
31.587264182,1,0
31.587305314,1,1
31.587346936,1,0
31.587388072,1,1
31.587431176,1,0
31.587472310,1,1
31.587514926,1,0
31.587556058,1,1
31.587589326,0,1
31.587602612,0,0
31.587643762,0,1
31.587667010,1,1
31.587938584,0,1
31.587950388,0,0
31.587993000,0,1
31.588034624,0,0
31.588075760,0,1
31.588099004,1,1
31.588118364,1,0
31.588159496,1,1
31.588180944,0,1
31.588201124,0,0
31.588242256,0,1
31.588265502,1,1
31.588284864,1,0
31.588325994,1,1
31.588368600,1,0
31.588409730,1,1
31.588452338,1,0
31.588493470,1,1
31.588536076,1,0
31.588577208,1,1
31.588619818,1,0
31.588663412,1,1
31.588706022,1,0
31.588744200,1,1
31.588786806,1,0
31.588831388,1,1
31.588845622,1,0
31.589114902,0,0
31.589890448,0,1
31.589937402,0,0
31.589978554,0,1
31.590021168,0,0
31.590062314,0,1
31.590104932,0,0
31.590146084,0,1
31.590188696,0,0
31.590229840,0,1
31.590272458,0,0
31.590313604,0,1
31.590356220,0,0
31.590397368,0,1
31.590439980,0,0
31.590481124,0,1
31.590523740,0,0
31.590564890,0,1
31.590608984,0,0
31.590611272,1,0
31.590650124,1,1
31.590692738,1,0
31.590733874,1,1
31.590767142,0,1
31.590780430,0,0
31.590821574,0,1
31.590844822,1,1
31.591187786,0,1
31.591199592,0,0
31.591242200,0,1
31.591283822,0,0
31.591324960,0,1
31.591348208,1,1
31.591367568,1,0
31.591408702,1,1
31.591430148,0,1
31.591450326,0,0
31.591491456,0,1
31.591514698,1,1
31.591534056,1,0
31.591575186,1,1
31.591617794,1,0
31.591658918,1,1
31.591701534,1,0
31.591742676,1,1
31.591785286,1,0
31.591826420,1,1
31.591869034,1,0
31.591912626,1,1
31.591955236,1,0
31.591993414,1,1
31.592036022,1,0
31.592080602,1,1
31.592094330,1,0
31.592095586,1,1
31.617971068,1,0
31.618240290,0,0
31.619015680,0,1
31.619138752,0,0
31.619141060,1,0
31.619179888,1,1
31.619221512,1,0
31.619223314,0,0
31.619262654,0,1
31.619305260,0,0
31.619307158,1,0
31.619346390,1,1
31.619388014,1,0
31.619429144,1,1
31.619470768,1,0
31.619471944,0,0
31.619511908,0,1
31.619554510,0,0
31.619556808,1,0
31.619595642,1,1
31.619637264,1,0
31.619678392,1,1
31.619720012,1,0
31.619761140,1,1
31.619804238,1,0
31.619845364,1,1
31.619887972,1,0
31.619929100,1,1
31.619962368,0,1
31.619975654,0,0
31.620016806,0,1
31.620040060,1,1
31.620311638,0,1
31.620323440,0,0
31.620366046,0,1
31.620407668,0,0
31.620448802,0,1
31.620472044,1,1
31.620491402,1,0
31.620532532,1,1
31.620553978,0,1
31.620574156,0,0
31.620615288,0,1
31.620638528,1,1
31.620657890,1,0
31.620699020,1,1
31.620741622,1,0
31.620782748,1,1
31.620825356,1,0
31.620866484,1,1
31.620909088,1,0
31.620950214,1,1
31.620992820,1,0
31.621036410,1,1
31.621079018,1,0
31.621117188,1,1
31.621159792,1,0
31.621204364,1,1
31.621218886,1,0
31.621492156,0,0
31.622267676,0,1
31.622307868,0,0
31.622349016,0,1
31.622391630,0,0
31.622432778,0,1
31.622475390,0,0
31.622516538,0,1
31.622559152,0,0
31.622600292,0,1
31.622642904,0,0
31.622684046,0,1
31.622726662,0,0
31.622767806,0,1
31.622810420,0,0
31.622851562,0,1
31.622894172,0,0
31.622935318,0,1
31.622979402,0,0
31.622981320,1,0
31.623020534,1,1
31.623063144,1,0
31.623104274,1,1
31.623137542,0,1
31.623150826,0,0
31.623191970,0,1
31.623215212,1,1
31.623558158,0,1
31.623569962,0,0
31.623612568,0,1
31.623654184,0,0
31.623695320,0,1
31.623718564,1,1
31.623737924,1,0
31.623779054,1,1
31.623800506,0,1
31.623820686,0,0
31.623861824,0,1
31.623885064,1,1
31.623904426,1,0
31.623945558,1,1
31.623988164,1,0
31.624029292,1,1
31.624071898,1,0
31.624113026,1,1
31.624155630,1,0
31.624196754,1,1
31.624239356,1,0
31.624282942,1,1
31.624325548,1,0
31.624363716,1,1
31.624406316,1,0
31.624450886,1,1
31.624463074,1,0
31.624464322,1,1
31.625086984,0,1
31.625098790,0,0
31.625141414,0,1
31.625183050,0,0
31.625224188,0,1
31.625265812,0,0
31.625306946,0,1
31.625348568,0,0
31.625389704,0,1
31.625431330,0,0
31.625472466,0,1
31.625495710,1,1
31.625515072,1,0
31.625556202,1,1
31.625598810,1,0
31.625639940,1,1
31.625682548,1,0
31.625723682,1,1
31.625766294,1,0
31.625809892,1,1
31.625852500,1,0
31.625890676,1,1
31.625933286,1,0
31.625977864,1,1
31.629611530,0,1
31.629623334,0,0
31.629665934,0,1
31.629707556,0,0
31.629748688,0,1
31.629771926,1,1
31.629791288,1,0
31.629832414,1,1
31.629853860,0,1
31.629874036,0,0
31.629915168,0,1
31.629956786,0,0
31.629997918,0,1
31.630039536,0,0
31.630080668,0,1
31.630122290,0,0
31.630163420,0,1
31.630186662,1,1
31.630206018,1,0
31.630247140,1,1
31.630268584,0,1
31.630288758,0,0
31.630332346,0,1
31.630355588,1,1
31.630374948,1,0
31.630413122,1,1
31.630455726,1,0
31.630500306,1,1
31.638342568,1,0
31.639853778,1,1
31.650218380,0,1
31.650230182,0,0
31.650272786,0,1
31.650314402,0,0
31.650355530,0,1
31.650397146,0,0
31.650438282,0,1
31.650479902,0,0
31.650521032,0,1
31.650562652,0,0
31.650603782,0,1
31.650627022,1,1
31.650646382,1,0
31.650687510,1,1
31.650730118,1,0
31.650771240,1,1
31.650813848,1,0
31.650854976,1,1
31.650897578,1,0
31.650941168,1,1
31.650983772,1,0
31.651021942,1,1
31.651064546,1,0
31.651109118,1,1
31.654735728,0,1
31.654747532,0,0
31.654790140,0,1
31.654813382,1,1
31.654832744,1,0
31.654873872,1,1
31.654916480,1,0
31.654957602,1,1
31.654979048,0,1
31.654999226,0,0
31.655040356,0,1
31.655063598,1,1
31.655082958,1,0
31.655124084,1,1
31.655166690,1,0
31.655207818,1,1
31.655250422,1,0
31.655291548,1,1
31.655312994,0,1
31.655333170,0,0
31.655374300,0,1
31.655415920,0,0
31.655459516,0,1
31.655501134,0,0
31.655539312,0,1
31.655562556,1,1
31.655581914,1,0
31.655626486,1,1
31.663079140,1,0
31.663862050,1,1
31.695430168,0,1
31.695441972,0,0
31.695484582,0,1
31.695526200,0,0
31.695567328,0,1
31.695590566,1,1
31.695609924,1,0
31.695651052,1,1
31.695672500,0,1
31.695692678,0,0
31.695733814,0,1
31.695775438,0,0
31.695816578,0,1
31.695858202,0,0
31.695899336,0,1
31.695940956,0,0
31.695982086,0,1
31.696005324,1,1
31.696024684,1,0
31.696065808,1,1
31.696087252,0,1
31.696107428,0,0
31.696151020,0,1
31.696174260,1,1
31.696193618,1,0
31.696231784,1,1
31.696274386,1,0
31.696318958,1,1
31.696337696,1,0
31.703853368,1,1
31.703899420,0,1
31.703911228,0,0
31.703953842,0,1
31.703977082,1,1
31.703996442,1,0
31.704037572,1,1
31.704080180,1,0
31.704121308,1,1
31.704142752,0,1
31.704162930,0,0
31.704204062,0,1
31.704227304,1,1
31.704246662,1,0
31.704287790,1,1
31.704330400,1,0
31.704371526,1,1
31.704414130,1,0
31.704455258,1,1
31.704476704,0,1
31.704496882,0,0
31.704538010,0,1
31.704579632,0,0
31.704623226,0,1
31.704664848,0,0
31.704703028,0,1
31.704726274,1,1
31.704745632,1,0
31.704790210,1,1
31.704809170,1,0
31.711853332,1,1
31.736245112,1,0
31.736514398,0,0
31.737290042,0,1
31.738207774,0,0
31.738209142,1,0
31.738248902,1,1
31.738290524,1,0
31.738292432,0,0
31.738331662,0,1
31.738374268,0,0
31.738376298,1,0
31.738415398,1,1
31.738457016,1,0
31.738498140,1,1
31.738539756,1,0
31.738541102,0,0
31.738580888,0,1
31.738623492,0,0
31.738624966,1,0
31.738664620,1,1
31.738706240,1,0
31.738747366,1,1
31.738788986,1,0
31.738830110,1,1
31.738873204,1,0
31.738914330,1,1
31.738956926,1,0
31.738998050,1,1
31.739031312,0,1
31.739044594,0,0
31.739085732,0,1
31.739108974,1,1
31.739380498,0,1
31.739392302,0,0
31.739434910,0,1
31.739476528,0,0
31.739517654,0,1
31.739540896,1,1
31.739560254,1,0
31.739601382,1,1
31.739622828,0,1
31.739643004,0,0
31.739684140,0,1
31.739707386,1,1
31.739726746,1,0
31.739767878,1,1
31.739810486,1,0
31.739851618,1,1
31.739894220,1,0
31.739935346,1,1
31.739977954,1,0
31.740019080,1,1
31.740061688,1,0
31.740105276,1,1
31.740147876,1,0
31.740186046,1,1
31.740228650,1,0
31.740273224,1,1
31.740287194,1,0
31.740556528,0,0
31.741332060,0,1
31.741379140,0,0
31.741420286,0,1
31.741462892,0,0
31.741504036,0,1
31.741546648,0,0
31.741548144,1,0
31.741587780,1,1
31.741629404,1,0
31.741631448,0,0
31.741670548,0,1
31.741713166,0,0
31.741754320,0,1
31.741796934,0,0
31.741838082,0,1
31.741880690,0,0
31.741921834,0,1
31.741964442,0,0
31.742005584,0,1
31.742049678,0,0
31.742090826,0,1
31.742129992,0,0
31.742131406,1,0
31.742171130,1,1
31.742204404,0,1
31.742217690,0,0
31.742258838,0,1
31.742282084,1,1
31.742620830,0,1
31.742632652,0,0
31.742675334,0,1
31.742717026,0,0
31.742758232,0,1
31.742781514,1,1
31.742800910,1,0
31.742842116,1,1
31.742863598,0,1
31.742883812,0,0
31.742925018,0,1
31.742948302,1,1
31.742967696,1,0
31.743008902,1,1
31.743051588,1,0
31.743092810,1,1
31.743135498,1,0
31.743176708,1,1
31.743219394,1,0
31.743260600,1,1
31.743303286,1,0
31.743346962,1,1
31.743389644,1,0
31.743427890,1,1
31.743470574,1,0
31.743515238,1,1
31.743528690,1,0
31.743529940,1,1
31.776174048,0,1
31.776185874,0,0
31.776228572,0,1
31.776270276,0,0
31.776311496,0,1
31.776353192,0,0
31.776394412,0,1
31.776436114,0,0
31.776477332,0,1
31.776519040,0,0
31.776560258,0,1
31.776583548,1,1
31.776602944,1,0
31.776644162,1,1
31.776686854,1,0
31.776728070,1,1
31.776770764,1,0
31.776811978,1,1
31.776854670,1,0
31.776898350,1,1
31.776941040,1,0
31.776979290,1,1
31.777021980,1,0
31.777066648,1,1
31.780706250,0,1
31.780718074,0,0
31.780760760,0,1
31.780802452,0,0
31.780843656,0,1
31.780866934,1,1
31.780886322,1,0
31.780927512,1,1
31.780948990,0,1
31.780969198,0,0
31.781010396,0,1
31.781052072,0,0
31.781093266,0,1
31.781134950,0,0
31.781176142,0,1
31.781217820,0,0
31.781259022,0,1
31.781282300,1,1
31.781301684,1,0
31.781342876,1,1
31.781364360,0,1
31.781384572,0,0
31.781428252,0,1
31.781451540,1,1
31.781470934,1,0
31.781509188,1,1
31.781551874,1,0
31.781596540,1,1
31.789863278,1,0
31.791852994,1,1
31.798761388,0,1
31.798773218,0,0
31.798815918,0,1
31.798857618,0,0
31.798898834,0,1
31.798940536,0,0
31.798981752,0,1
31.799023452,0,0
31.799064672,0,1
31.799106374,0,0
31.799147594,0,1
31.799170884,1,1
31.799190284,1,0
31.799231504,1,1
31.799274190,1,0
31.799315406,1,1
31.799358098,1,0
31.799399314,1,1
31.799442008,1,0
31.799485692,1,1
31.799528382,1,0
31.799566634,1,1
31.799609328,1,0
31.799654000,1,1
31.803287950,0,1
31.803299778,0,0
31.803342470,0,1
31.803365758,1,1
31.803385154,1,0
31.803426370,1,1
31.803469052,1,0
31.803510268,1,1
31.803531756,0,1
31.803551972,0,0
31.803593186,0,1
31.803616476,1,1
31.803635872,1,0
31.803677082,1,1
31.803719772,1,0
31.803760990,1,1
31.803803680,1,0
31.803844888,1,1
31.803866376,0,1
31.803886594,0,0
31.803927814,0,1
31.803969514,0,0
31.804013200,0,1
31.804054900,0,0
31.804093152,0,1
31.804116442,1,1
31.804135836,1,0
31.804180504,1,1
31.811515792,1,0
31.815853364,1,1
31.861067498,0,1
31.861079326,0,0
31.861122028,0,1
31.861145320,1,1
31.861164714,1,0
31.861205938,1,1
31.861248636,1,0
31.861289860,1,1
31.861311352,0,1
31.861331576,0,0
31.861372804,0,1
31.861396098,1,1
31.861415496,1,0
31.861456722,1,1
31.861499418,1,0
31.861540636,1,1
31.861583334,1,0
31.861624554,1,1
31.861646042,0,1
31.861666264,0,0
31.861707498,0,1
31.861749210,0,0
31.861792906,0,1
31.861834614,0,0
31.861872878,0,1
31.861896170,1,1
31.861915568,1,0
31.861960242,1,1
31.861978260,1,0
31.863853872,1,1
31.865602410,0,1
31.865614240,0,0
31.865656950,0,1
31.865698658,0,0
31.865739886,0,1
31.865763186,1,1
31.865782586,1,0
31.865823808,1,1
31.865845298,0,1
31.865865520,0,0
31.865906750,0,1
31.865948464,0,0
31.865989694,0,1
31.866031408,0,0
31.866072634,0,1
31.866114344,0,0
31.866155576,0,1
31.866178870,1,1
31.866198270,1,0
31.866239496,1,1
31.866260986,0,1
31.866281210,0,0
31.866324908,0,1
31.866348206,1,1
31.866367604,1,0
31.866405866,1,1
31.866448568,1,0
31.866493244,1,1
31.866511784,1,0
31.871853454,1,1
31.928292408,1,0
31.928561816,0,0
31.929337756,0,1
31.930337930,0,0
31.930339988,1,0
31.930379164,1,1
31.930420876,1,0
31.930422318,0,0
31.930462114,0,1
31.930504816,0,0
31.930506246,1,0
31.930546046,1,1
31.930587754,1,0
31.930628980,1,1
31.930670686,1,0
31.930672172,0,0
31.930711926,0,1
31.930754624,0,0
31.930756094,1,0
31.930795860,1,1
31.930837578,1,0
31.930878806,1,1
31.930920520,1,0
31.930961750,1,1
31.931004940,1,0
31.931046172,1,1
31.931088872,1,0
31.931130098,1,1
31.931163436,0,1
31.931176752,0,0
31.931217994,0,1
31.931241294,1,1
31.931513448,0,1
31.931525278,0,0
31.931567990,0,1
31.931609704,0,0
31.931650932,0,1
31.931674226,1,1
31.931693630,1,0
31.931734862,1,1
31.931756356,0,1
31.931776580,0,0
31.931817810,0,1
31.931841110,1,1
31.931860510,1,0
31.931901734,1,1
31.931944432,1,0
31.931985660,1,1
31.932028354,1,0
31.932069576,1,1
31.932112276,1,0
31.932153500,1,1
31.932196196,1,0
31.932239888,1,1
31.932282582,1,0
31.932320842,1,1
31.932363538,1,0
31.932408216,1,1
31.932421238,1,0
31.932694712,0,0
31.933470614,0,1
31.933516688,0,0
31.933557932,0,1
31.933600640,0,0
31.933641882,0,1
31.933684590,0,0
31.933725834,0,1
31.933768538,0,0
31.933809776,0,1
31.933852476,0,0
31.933893712,0,1
31.933936416,0,0
31.933977658,0,1
31.934020360,0,0
31.934061602,0,1
31.934104306,0,0
31.934145546,0,1
31.934189732,0,0
31.934191704,1,0
31.934230962,1,1
31.934273660,1,0
31.934314888,1,1
31.934348228,0,1
31.934361542,0,0
31.934402780,0,1
31.934426080,1,1
31.934769628,0,1
31.934781440,0,0
31.934824078,0,1
31.934865724,0,0
31.934906882,0,1
31.934930140,1,1
31.934949508,1,0
31.934990668,1,1
31.935012126,0,1
31.935032316,0,0
31.935073474,0,1
31.935096732,1,1
31.935116102,1,0
31.935157252,1,1
31.935199874,1,0
31.935241012,1,1
31.935283626,1,0
31.935324776,1,1
31.935367412,1,0
31.935408576,1,1
31.935451196,1,0
31.935494812,1,1
31.935537436,1,0
31.935575624,1,1
31.935618248,1,0
31.935662848,1,1
31.935674808,1,0
31.935676058,1,1
31.959580096,0,1
31.959591902,0,0
31.959634526,0,1
31.959676156,0,0
31.959717306,0,1
31.959758942,0,0
31.959800096,0,1
31.959841734,0,0
31.959882884,0,1
31.959924520,0,0
31.959965666,0,1
31.959988918,1,1
31.960008284,1,0
31.960049428,1,1
31.960092044,1,0
31.960133190,1,1
31.960175808,1,0
31.960216952,1,1
31.960259564,1,0
31.960303168,1,1
31.960345784,1,0
31.960383966,1,1
31.960426582,1,0
31.960471172,1,1
31.964105818,0,1
31.964117624,0,0
31.964160242,0,1
31.964201872,0,0
31.964243018,0,1
31.964266266,1,1
31.964285628,1,0
31.964326772,1,1
31.964348222,0,1
31.964368406,0,0
31.964409550,0,1
31.964451178,0,0
31.964492322,0,1
31.964533950,0,0
31.964575092,0,1
31.964616724,0,0
31.964657868,0,1
31.964681116,1,1
31.964700484,1,0
31.964741628,1,1
31.964763082,0,1
31.964783264,0,0
31.964826872,0,1
31.964850120,1,1
31.964869486,1,0
31.964907670,1,1
31.964950286,1,0
31.964994874,1,1
31.972369316,1,0
31.975852456,1,1
31.977455392,0,1
31.977467200,0,0
31.977509820,0,1
31.977551450,0,0
31.977592596,0,1
31.977634224,0,0
31.977675366,0,1
31.977717004,0,0
31.977758152,0,1
31.977799782,0,0
31.977840928,0,1
31.977864176,1,1
31.977883542,1,0
31.977924682,1,1
31.977967298,1,0
31.978008440,1,1
31.978051052,1,0
31.978092190,1,1
31.978134806,1,0
31.978178408,1,1
31.978221024,1,0
31.978259208,1,1
31.978301820,1,0
31.978346406,1,1
31.981973924,0,1
31.981985728,0,0
31.982028348,0,1
31.982051596,1,1
31.982070962,1,0
31.982112102,1,1
31.982154718,1,0
31.982195856,1,1
31.982217304,0,1
31.982237484,0,0
31.982278624,0,1
31.982301870,1,1
31.982321226,1,0
31.982362348,1,1
31.982404942,1,0
31.982446062,1,1
31.982488654,1,0
31.982529766,1,1
31.982551204,0,1
31.982571376,0,0
31.982612494,0,1
31.982654100,0,0
31.982697686,0,1
31.982739294,0,0
31.982777456,0,1
31.982800690,1,1
31.982820042,1,0
31.982864600,1,1
31.990917366,1,0
31.991853136,1,1
32.031658324,0,1
32.031670130,0,0
32.031712756,0,1
32.031736006,1,1
32.031755372,1,0
32.031796518,1,1
32.031839140,1,0
32.031880268,1,1
32.031901714,0,1
32.031921898,0,0
32.031963052,0,1
32.031986306,1,1
32.032005672,1,0
32.032046808,1,1
32.032089422,1,0
32.032130562,1,1
32.032173174,1,0
32.032214316,1,1
32.032235766,0,1
32.032255948,0,0
32.032297092,0,1
32.032338720,0,0
32.032382326,0,1
32.032423952,0,0
32.032462136,0,1
32.032485384,1,1
32.032504748,1,0
32.032549334,1,1
32.032568392,1,0
32.039852648,1,1
32.042551702,0,1
32.042563508,0,0
32.042606126,0,1
32.042647754,0,0
32.042688898,0,1
32.042712148,1,1
32.042731514,1,0
32.042772656,1,1
32.042794106,0,1
32.042814288,0,0
32.042855432,0,1
32.042897060,0,0
32.042938204,0,1
32.042979834,0,0
32.043020978,0,1
32.043062620,0,0
32.043103780,0,1
32.043127032,1,1
32.043146400,1,0
32.043187542,1,1
32.043208994,0,1
32.043229178,0,0
32.043272786,0,1
32.043296032,1,1
32.043315398,1,0
32.043353582,1,1
32.043396200,1,0
32.043440786,1,1
32.043460096,1,0
32.047853032,1,1
32.088286564,1,0
32.088559812,0,0
32.089335324,0,1
32.089436204,0,0
32.089437578,1,0
32.089477344,1,1
32.089518970,1,0
32.089520868,0,0
32.089560116,0,1
32.089602728,0,0
32.089604736,1,0
32.089643866,1,1
32.089685494,1,0
32.089726628,1,1
32.089768258,1,0
32.089769562,0,0
32.089809402,0,1
32.089852010,0,0
32.089853428,1,0
32.089893146,1,1
32.089934772,1,0
32.089975904,1,1
32.090017526,1,0
32.090058658,1,1
32.090101758,1,0
32.090142890,1,1
32.090185500,1,0
32.090226632,1,1
32.090259900,0,1
32.090273186,0,0
32.090314334,0,1
32.090337580,1,1
32.090609146,0,1
32.090620950,0,0
32.090663562,0,1
32.090705190,0,0
32.090746326,0,1
32.090769572,1,1
32.090788934,1,0
32.090830076,1,1
32.090851530,0,1
32.090871716,0,0
32.090912858,0,1
32.090936106,1,1
32.090955468,1,0
32.090996598,1,1
32.091039204,1,0
32.091080336,1,1
32.091122944,1,0
32.091164076,1,1
32.091206686,1,0
32.091247816,1,1
32.091290426,1,0
32.091334020,1,1
32.091376630,1,0
32.091414808,1,1
32.091457420,1,0
32.091502000,1,1
32.091514690,1,0
32.091787998,0,0
32.092563680,0,1
32.092608214,0,0
32.092649368,0,1
32.092691988,0,0
32.092733140,0,1
32.092775760,0,0
32.092777786,1,0
32.092816902,1,1
32.092858532,1,0
32.092860072,0,0
32.092899680,0,1
32.092942296,0,0
32.092983442,0,1
32.093026058,0,0
32.093067220,0,1
32.093109842,0,0
32.093150992,0,1
32.093193612,0,0
32.093234762,0,1
32.093278856,0,0
32.093320012,0,1
32.093359182,0,0
32.093361016,1,0
32.093400324,1,1
32.093433600,0,1
32.093446888,0,0
32.093488046,0,1
32.093511294,1,1
32.093850066,0,1
32.093861890,0,0
32.093904574,0,1
32.093946264,0,0
32.093987476,0,1
32.094010760,1,1
32.094030154,1,0
32.094071364,1,1
32.094092846,0,1
32.094113062,0,0
32.094154274,0,1
32.094177562,1,1
32.094196956,1,0
32.094238166,1,1
32.094280854,1,0
32.094322062,1,1
32.094364750,1,0
32.094405954,1,1
32.094448636,1,0
32.094489848,1,1
32.094532532,1,0
32.094576210,1,1
32.094618896,1,0
32.094657148,1,1
32.094699834,1,0
32.094744504,1,1
32.094760170,1,0
32.094761424,1,1
32.121317000,0,1
32.121328828,0,0
32.121371532,0,1
32.121413236,0,0
32.121454458,0,1
32.121496164,0,0
32.121537390,0,1
32.121579092,0,0
32.121620320,0,1
32.121662024,0,0
32.121703254,0,1
32.121726550,1,1
32.121745952,1,0
32.121787176,1,1
32.121829868,1,0
32.121871088,1,1
32.121913780,1,0
32.121954998,1,1
32.121997690,1,0
32.122041376,1,1
32.122084066,1,0
32.122122324,1,1
32.122165014,1,0
32.122209684,1,1
32.125851114,0,1
32.125862942,0,0
32.125905646,0,1
32.125947354,0,0
32.125988580,0,1
32.126011872,1,1
32.126031272,1,0
32.126072494,1,1
32.126093984,0,1
32.126114206,0,0
32.126155428,0,1
32.126197138,0,0
32.126238368,0,1
32.126280076,0,0
32.126321302,0,1
32.126363014,0,0
32.126404240,0,1
32.126427532,1,1
32.126446930,1,0
32.126488152,1,1
32.126509640,0,1
32.126529862,0,0
32.126573554,0,1
32.126596852,1,1
32.126616250,1,0
32.126654512,1,1
32.126697208,1,0
32.126741888,1,1
32.134207604,1,0
32.135852588,1,1
32.136127486,0,1
32.136139316,0,0
32.136182022,0,1
32.136223730,0,0
32.136264958,0,1
32.136306668,0,0
32.136347896,0,1
32.136389602,0,0
32.136430828,0,1
32.136472536,0,0
32.136513762,0,1
32.136537056,1,1
32.136556454,1,0
32.136597678,1,1
32.136640368,1,0
32.136681572,1,1
32.136724270,1,0
32.136765502,1,1
32.136808204,1,0
32.136851894,1,1
32.136894586,1,0
32.136932844,1,1
32.136975538,1,0
32.137020214,1,1
32.140654878,0,1
32.140666706,0,0
32.140709410,0,1
32.140732704,1,1
32.140752104,1,0
32.140793328,1,1
32.140836022,1,0
32.140877244,1,1
32.140898734,0,1
32.140918958,0,0
32.140960180,0,1
32.140983472,1,1
32.141002870,1,0
32.141044092,1,1
32.141086788,1,0
32.141128008,1,1
32.141170704,1,0
32.141211924,1,1
32.141233412,0,1
32.141253636,0,0
32.141294862,0,1
32.141336570,0,0
32.141380264,0,1
32.141421972,0,0
32.141460242,0,1
32.141483538,1,1
32.141502936,1,0
32.141547614,1,1
32.149677382,1,0
32.151853222,1,1
32.184102906,0,1
32.184114734,0,0
32.184157438,0,1
32.184199144,0,0
32.184240368,0,1
32.184263660,1,1
32.184283062,1,0
32.184324278,1,1
32.184345766,0,1
32.184365986,0,0
32.184407208,0,1
32.184448916,0,0
32.184490140,0,1
32.184531848,0,0
32.184573074,0,1
32.184614778,0,0
32.184656004,0,1
32.184679298,1,1
32.184698700,1,0
32.184739926,1,1
32.184761416,0,1
32.184781638,0,0
32.184825332,0,1
32.184848620,1,1
32.184868018,1,0
32.184906276,1,1
32.184948968,1,0
32.184993636,1,1
32.185011878,1,0
32.191860364,1,1
32.192328666,0,1
32.192340496,0,0
32.192383204,0,1
32.192406500,1,1
32.192425902,1,0
32.192467128,1,1
32.192509828,1,0
32.192551058,1,1
32.192572550,0,1
32.192592774,0,0
32.192634000,0,1
32.192657300,1,1
32.192676700,1,0
32.192717928,1,1
32.192760626,1,0
32.192801854,1,1
32.192844552,1,0
32.192885774,1,1
32.192907266,0,1
32.192927490,0,0
32.192968720,0,1
32.193010420,0,0
32.193054120,0,1
32.193095848,0,0
32.193134130,0,1
32.193157426,1,1
32.193176828,1,0
32.193221514,1,1
32.193239838,1,0
32.199852394,1,1
32.240216832,1,0
32.240486288,0,0
32.241262358,0,1
32.241405674,0,0
32.241407012,1,0
32.241446912,1,1
32.241488632,1,0
32.241490340,0,0
32.241529874,0,1
32.241572586,0,0
32.241574268,1,0
32.241613824,1,1
32.241655538,1,0
32.241696776,1,1
32.241738496,1,0
32.241740212,0,0
32.241779740,0,1
32.241822446,0,0
32.241824146,1,0
32.241863680,1,1
32.241905396,1,0
32.241946630,1,1
32.241988346,1,0
32.242029578,1,1
32.242072778,1,0
32.242114008,1,1
32.242156710,1,0
32.242197938,1,1
32.242231280,0,1
32.242244598,0,0
32.242285848,0,1
32.242309154,1,1
32.242581346,0,1
32.242593178,0,0
32.242635892,0,1
32.242677608,0,0
32.242718846,0,1
32.242742148,1,1
32.242761550,1,0
32.242802780,1,1
32.242824272,0,1
32.242844498,0,0
32.242885732,0,1
32.242909028,1,1
32.242928428,1,0
32.242969658,1,1
32.243012358,1,0
32.243053584,1,1
32.243096294,1,0
32.243137534,1,1
32.243180234,1,0
32.243221460,1,1
32.243264160,1,0
32.243307854,1,1
32.243350552,1,0
32.243388820,1,1
32.243431520,1,0
32.243476198,1,1
32.243491378,1,0
32.243764858,0,0
32.244540824,0,1
32.244582242,0,0
32.244623486,0,1
32.244666190,0,0
32.244707436,0,1
32.244750144,0,0
32.244791386,0,1
32.244834092,0,0
32.244875334,0,1
32.244918034,0,0
32.244959278,0,1
32.245001988,0,0
32.245043232,0,1
32.245085938,0,0
32.245127184,0,1
32.245169888,0,0
32.245211132,0,1
32.245255322,0,0
32.245256902,1,0
32.245296556,1,1
32.245339258,1,0
32.245380490,1,1
32.245413832,0,1
32.245427144,0,0
32.245468376,0,1
32.245491676,1,1
32.245835276,0,1
32.245847088,0,0
32.245889728,0,1
32.245931372,0,0
32.245972528,0,1
32.245995784,1,1
32.246015152,1,0
32.246056308,1,1
32.246077764,0,1
32.246097952,0,0
32.246139108,0,1
32.246162366,1,1
32.246181734,1,0
32.246222886,1,1
32.246265514,1,0
32.246306668,1,1
32.246349290,1,0
32.246390444,1,1
32.246433074,1,0
32.246474228,1,1
32.246516858,1,0
32.246560478,1,1
32.246603106,1,0
32.246641300,1,1
32.246683926,1,0
32.246728530,1,1
32.246741316,1,0
32.246742570,1,1
32.273698760,0,1
32.273710570,0,0
32.273753192,0,1
32.273794826,0,0
32.273835978,0,1
32.273877610,0,0
32.273918758,0,1
32.273960392,0,0
32.274001538,0,1
32.274043168,0,0
32.274084318,0,1
32.274107570,1,1
32.274126934,1,0
32.274168078,1,1
32.274210696,1,0
32.274251836,1,1
32.274294450,1,0
32.274335594,1,1
32.274378208,1,0
32.274421814,1,1
32.274464436,1,0
32.274502624,1,1
32.274545246,1,0
32.274589842,1,1
32.278224740,0,1
32.278236546,0,0
32.278279174,0,1
32.278320804,0,0
32.278361954,0,1
32.278385206,1,1
32.278404572,1,0
32.278445716,1,1
32.278467166,0,1
32.278487350,0,0
32.278528502,0,1
32.278570134,0,0
32.278611282,0,1
32.278652918,0,0
32.278694068,0,1
32.278735704,0,0
32.278776856,0,1
32.278800106,1,1
32.278819470,1,0
32.278860608,1,1
32.278882060,0,1
32.278902244,0,0
32.278945854,0,1
32.278969106,1,1
32.278988472,1,0
32.279026662,1,1
32.279069282,1,0
32.279113878,1,1
32.286803924,1,0
32.287852346,1,1
32.293669276,0,1
32.293681084,0,0
32.293723710,0,1
32.293765336,0,0
32.293806470,0,1
32.293848102,0,0
32.293889262,0,1
32.293930892,0,0
32.293972040,0,1
32.294013670,0,0
32.294054814,0,1
32.294078066,1,1
32.294097432,1,0
32.294138574,1,1
32.294181190,1,0
32.294222330,1,1
32.294264948,1,0
32.294306084,1,1
32.294348698,1,0
32.294392300,1,1
32.294434916,1,0
32.294473106,1,1
32.294515724,1,0
32.294560316,1,1
32.298188098,0,1
32.298199904,0,0
32.298242520,0,1
32.298265768,1,1
32.298285132,1,0
32.298326272,1,1
32.298368886,1,0
32.298410024,1,1
32.298431472,0,1
32.298451654,0,0
32.298492798,0,1
32.298516046,1,1
32.298535412,1,0
32.298576556,1,1
32.298619172,1,0
32.298660312,1,1
32.298702930,1,0
32.298744070,1,1
32.298765522,0,1
32.298785704,0,0
32.298826852,0,1
32.298868484,0,0
32.298912094,0,1
32.298953726,0,0
32.298991918,0,1
32.299015166,1,1
32.299034528,1,0
32.299079116,1,1
32.306389456,1,0
32.311852248,1,1
32.360142830,0,1
32.360154634,0,0
32.360197248,0,1
32.360238872,0,0
32.360280006,0,1
32.360303252,1,1
32.360322612,1,0
32.360363744,1,1
32.360385188,0,1
32.360405368,0,0
32.360446504,0,1
32.360488128,0,0
32.360529266,0,1
32.360570892,0,0
32.360612030,0,1
32.360653650,0,0
32.360694790,0,1
32.360718036,1,1
32.360737400,1,0
32.360778534,1,1
32.360799984,0,1
32.360820166,0,0
32.360863770,0,1
32.360887014,1,1
32.360906374,1,0
32.360944554,1,1
32.360987164,1,0
32.361031740,1,1
32.361049772,1,0
32.367858974,1,1
32.373857816,0,1
32.373869622,0,0
32.373912242,0,1
32.373935494,1,1
32.373954856,1,0
32.373995996,1,1
32.374038610,1,0
32.374079748,1,1
32.374101198,0,1
32.374121380,0,0
32.374162524,0,1
32.374185772,1,1
32.374205136,1,0
32.374246278,1,1
32.374288886,1,0
32.374330010,1,1
32.374372632,1,0
32.374413782,1,1
32.374435236,0,1
32.374455418,0,0
32.374496562,0,1
32.374538190,0,0
32.374581798,0,1
32.374623426,0,0
32.374661612,0,1
32.374684862,1,1
32.374704230,1,0
32.374748820,1,1
32.374767606,1,0
32.375851592,1,1
32.451827068,0,1
32.451838874,0,0
32.451881484,0,1
32.451923106,0,0
32.451964240,0,1
32.452005860,0,0
32.452046992,0,1
32.452088614,0,0
32.452129746,0,1
32.452171366,0,0
32.452212502,0,1
32.452235746,1,1
32.452255106,1,0
32.452296234,1,1
32.452338844,1,0
32.452379974,1,1
32.452422580,1,0
32.452463710,1,1
32.452506318,1,0
32.452549906,1,1
32.452592512,1,0
32.452630682,1,1
32.452673284,1,0
32.452717858,1,1
32.456351514,0,1
32.456363320,0,0
32.456405930,0,1
32.456447546,0,0
32.456488678,0,1
32.456511922,1,1
32.456531282,1,0
32.456572410,1,1
32.456593856,0,1
32.456614032,0,0
32.456655164,0,1
32.456696788,0,0
32.456737922,0,1
32.456779546,0,0
32.456820682,0,1
32.456862304,0,0
32.456903444,0,1
32.456926686,1,1
32.456946048,1,0
32.456987180,1,1
32.457008628,0,1
32.457028810,0,0
32.457072410,0,1
32.457095652,1,1
32.457115014,1,0
32.457153188,1,1
32.457195798,1,0
32.457240376,1,1
32.465118728,1,0
32.471851186,1,1
32.476961722,0,1
32.476973528,0,0
32.477016140,0,1
32.477057764,0,0
32.477098902,0,1
32.477140526,0,0
32.477181664,0,1
32.477223292,0,0
32.477264430,0,1
32.477306056,0,0
32.477347196,0,1
32.477370440,1,1
32.477389802,1,0
32.477430938,1,1
32.477473546,1,0
32.477514680,1,1
32.477557288,1,0
32.477598420,1,1
32.477641030,1,0
32.477684624,1,1
32.477727236,1,0
32.477765416,1,1
32.477808024,1,0
32.477852602,1,1
32.481479680,0,1
32.481491484,0,0
32.481534100,0,1
32.481557348,1,1
32.481576712,1,0
32.481617848,1,1
32.481660464,1,0
32.481701606,1,1
32.481723058,0,1
32.481743240,0,0
32.481784378,0,1
32.481807628,1,1
32.481826992,1,0
32.481868128,1,1
32.481910736,1,0
32.481951872,1,1
32.481994482,1,0
32.482035616,1,1
32.482057066,0,1
32.482077248,0,0
32.482118384,0,1
32.482160004,0,0
32.482203602,0,1
32.482245224,0,0
32.482283402,0,1
32.482306648,1,1
32.482326012,1,0
32.482370598,1,1
32.489846556,1,0
32.495852152,1,1
32.554174234,0,1
32.554186038,0,0
32.554228646,0,1
32.554270264,0,0
32.554311396,0,1
32.554334638,1,1
32.554353996,1,0
32.554395128,1,1
32.554416574,0,1
32.554436752,0,0
32.554477884,0,1
32.554519502,0,0
32.554560638,0,1
32.554602260,0,0
32.554643392,0,1
32.554685016,0,0
32.554726156,0,1
32.554749398,1,1
32.554768758,1,0
32.554809894,1,1
32.554831340,0,1
32.554851518,0,0
32.554895110,0,1
32.554918348,1,1
32.554937710,1,0
32.554975884,1,1
32.555018490,1,0
32.555063066,1,1
32.555080804,1,0
32.559852792,1,1
32.562385142,0,1
32.562396958,0,0
32.562439608,0,1
32.562462870,1,1
32.562482246,1,0
32.562523414,1,1
32.562566058,1,0
32.562607222,1,1
32.562628678,0,1
32.562648864,0,0
32.562690014,0,1
32.562713268,1,1
32.562732636,1,0
32.562773798,1,1
32.562816460,1,0
32.562857622,1,1
32.562900268,1,0
32.562941442,1,1
32.562962904,0,1
32.562983102,0,0
32.563024264,0,1
32.563065918,0,0
32.563109550,0,1
32.563151192,0,0
32.563189404,0,1
32.563212666,1,1
32.563232040,1,0
32.563276644,1,1
32.563294738,1,0
32.567851644,1,1
32.678740572,0,1
32.678752394,0,0
32.678795070,0,1
32.678836752,0,0
32.678877950,0,1
32.678919634,0,0
32.678960832,0,1
32.679002514,0,0
32.679043712,0,1
32.679085396,0,0
32.679126590,0,1
32.679149870,1,1
32.679169256,1,0
32.679210452,1,1
32.679253120,1,0
32.679294312,1,1
32.679336982,1,0
32.679378178,1,1
32.679420846,1,0
32.679464508,1,1
32.679507176,1,0
32.679545406,1,1
32.679588078,1,0
32.679632724,1,1
32.683271222,0,1
32.683283042,0,0
32.683325704,0,1
32.683367372,0,0
32.683408562,0,1
32.683431832,1,1
32.683451214,1,0
32.683492396,1,1
32.683513870,0,1
32.683534074,0,0
32.683575260,0,1
32.683616934,0,0
32.683658124,0,1
32.683699796,0,0
32.683740984,0,1
32.683782662,0,0
32.683823854,0,1
32.683847126,1,1
32.683866510,1,0
32.683907696,1,1
32.683929170,0,1
32.683949376,0,0
32.683993028,0,1
32.684016304,1,1
32.684035686,1,0
32.684073910,1,1
32.684116570,1,0
32.684161208,1,1
32.691894392,1,0
32.695850414,1,1
32.698734382,0,1
32.698746204,0,0
32.698788868,0,1
32.698830544,0,0
32.698871736,0,1
32.698913412,0,0
32.698954600,0,1
32.698996276,0,0
32.699037466,0,1
32.699079140,0,0
32.699120318,0,1
32.699143582,1,1
32.699162960,1,0
32.699204122,1,1
32.699246764,1,0
32.699287924,1,1
32.699330562,1,0
32.699371722,1,1
32.699414360,1,0
32.699457984,1,1
32.699500622,1,0
32.699538822,1,1
32.699581456,1,0
32.699626058,1,1
32.703255458,0,1
32.703267276,0,0
32.703309934,0,1
32.703333206,1,1
32.703352584,1,0
32.703393766,1,1
32.703436420,1,0
32.703477602,1,1
32.703499074,0,1
32.703519276,0,0
32.703560462,0,1
32.703583732,1,1
32.703603116,1,0
32.703644294,1,1
32.703686950,1,0
32.703728136,1,1
32.703770796,1,0
32.703811980,1,1
32.703833456,0,1
32.703853662,0,0
32.703894852,0,1
32.703936524,0,0
32.703980178,0,1
32.704021852,0,0
32.704060076,0,1
32.704083348,1,1
32.704102732,1,0
32.704147368,1,1
32.711480016,1,0
32.711851544,1,1
55.482253312,1,1
