Time [s],Channel 0,Channel 1
0.000000000,1,1
16.696736370,0,1
16.696748232,0,0
16.696791072,0,1
16.696814436,1,1
16.696833876,1,0
16.696875228,1,1
16.696918034,1,0
16.696959390,1,1
16.696980930,0,1
16.697001212,0,0
16.697042568,0,1
16.697084388,0,0
16.697125750,0,1
16.697149114,1,1
16.697168558,1,0
16.697209916,1,1
16.697252724,1,0
16.697294080,1,1
16.697315620,0,1
16.697335902,0,0
16.697377264,0,1
16.697419086,0,0
16.697462930,0,1
16.697486296,1,1
16.697505740,1,0
16.697544126,1,1
16.697586936,1,0
16.697631758,1,1
16.697650414,1,0
16.698018838,1,1
16.776906668,0,1
16.776918528,0,0
16.776961340,0,1
16.777003146,0,0
16.777044498,0,1
16.777086312,0,0
16.777127652,0,1
16.777169452,0,0
16.777210790,0,1
16.777252582,0,0
16.777293918,0,1
16.777317268,1,1
16.777336702,1,0
16.777378046,1,1
16.777420852,1,0
16.777462208,1,1
16.777505016,1,0
16.777546360,1,1
16.777589160,1,0
16.777632982,1,1
16.777675790,1,0
16.777714174,1,1
16.777756986,1,0
16.777801812,1,1
16.781449894,0,1
16.781461762,0,0
16.781504614,0,1
16.781527976,1,1
16.781547420,1,0
16.781588782,1,1
16.781631592,1,0
16.781672944,1,1
16.781694482,0,1
16.781714762,0,0
16.781756118,0,1
16.781797938,0,0
16.781839296,0,1
16.781862662,1,1
16.781882104,1,0
16.781923462,1,1
16.781966268,1,0
16.782007620,1,1
16.782029160,0,1
16.782049440,0,0
16.782090796,0,1
16.782132618,0,0
16.782176452,0,1
16.782199814,1,1
16.782219256,1,0
16.782257642,1,1
16.782300454,1,0
16.782345272,1,1
16.789694638,1,0
16.794019216,1,1
16.905924536,0,1
16.905936400,0,0
16.905979240,0,1
16.906002606,1,1
16.906022046,1,0
16.906063400,1,1
16.906106202,1,0
16.906147558,1,1
16.906169094,0,1
16.906189374,0,0
16.906230724,0,1
16.906254088,1,1
16.906273530,1,0
16.906314880,1,1
16.906357684,1,0
16.906399038,1,1
16.906441840,1,0
16.906483194,1,1
16.906504732,0,1
16.906525014,0,0
16.906566370,0,1
16.906608186,0,0
16.906652020,0,1
16.906693834,0,0
16.906732220,0,1
16.906755578,1,1
16.906775020,1,0
16.906819838,1,1
16.906837240,1,0
16.914018732,1,1
16.916672710,0,1
16.916684576,0,0
16.916727422,0,1
16.916750792,1,1
16.916770240,1,0
16.916811604,1,1
16.916854418,1,0
16.916895780,1,1
16.916917320,0,1
16.916937606,0,0
16.916978972,0,1
16.917020800,0,0
16.917062170,0,1
16.917085534,1,1
16.917104976,1,0
16.917146338,1,1
16.917189152,1,0
16.917230508,1,1
16.917252050,0,1
16.917272332,0,0
16.917313694,0,1
16.917355512,0,0
16.917399354,0,1
16.917422722,1,1
16.917442164,1,0
16.917480556,1,1
16.917523370,1,0
16.917568190,1,1
16.917586174,1,0
16.922018742,1,1
16.937428674,0,1
16.937440538,0,0
16.937483388,0,1
16.937525210,0,0
16.937566572,0,1
16.937608398,0,0
16.937649760,0,1
16.937691578,0,0
16.937732944,0,1
16.937774760,0,0
16.937816118,0,1
16.937839486,1,1
16.937858930,1,0
16.937900288,1,1
16.937943106,1,0
16.937984490,1,1
16.938027310,1,0
16.938068668,1,1
16.938111482,1,0
16.938155316,1,1
16.938198122,1,0
16.938236512,1,1
16.938279322,1,0
16.938324142,1,1
16.941969610,0,1
16.941981474,0,0
16.942024322,0,1
16.942047688,1,1
16.942067132,1,0
16.942108488,1,1
16.942151302,1,0
16.942192662,1,1
16.942214206,0,1
16.942234488,0,0
16.942275850,0,1
16.942299214,1,1
16.942318662,1,0
16.942360024,1,1
16.942402838,1,0
16.942444198,1,1
16.942487014,1,0
16.942528368,1,1
16.942549910,0,1
16.942570194,0,0
16.942611558,0,1
16.942653380,0,0
16.942697220,0,1
16.942739044,0,0
16.942777438,0,1
16.942800804,1,1
16.942820248,1,0
16.942865078,1,1
16.946513704,0,1
16.946525570,0,0
16.946568414,0,1
16.946610234,0,0
16.946651596,0,1
16.946693414,0,0
16.946734776,0,1
16.946776598,0,0
16.946817958,0,1
16.946859776,0,0
16.946901140,0,1
16.946924504,1,1
16.946943946,1,0
16.946985304,1,1
16.947028114,1,0
16.947069472,1,1
16.947112278,1,0
16.947153636,1,1
16.947196450,1,0
16.947240278,1,1
16.947283092,1,0
16.947321476,1,1
16.947364286,1,0
16.947409108,1,1
16.951057726,0,1
16.951069592,0,0
16.951112440,0,1
16.951135802,1,1
16.951155244,1,0
16.951196604,1,1
16.951239416,1,0
16.951280772,1,1
16.951302312,0,1
16.951322594,0,0
16.951363956,0,1
16.951405776,0,0
16.951447138,0,1
16.951470508,1,1
16.951489952,1,0
16.951531312,1,1
16.951574126,1,0
16.951615488,1,1
16.951637028,0,1
16.951657310,0,0
16.951698670,0,1
16.951740496,0,0
16.951784334,0,1
16.951807700,1,1
16.951827142,1,0
16.951865530,1,1
16.951908346,1,0
16.951953168,1,1
16.959818454,1,0
16.962020610,1,1
17.013096466,0,1
17.013108330,0,0
17.013151170,0,1
17.013174532,1,1
17.013193976,1,0
17.013235334,1,1
17.013278144,1,0
17.013319500,1,1
17.013341042,0,1
17.013361324,0,0
17.013402684,0,1
17.013426046,1,1
17.013445488,1,0
17.013486854,1,1
17.013529664,1,0
17.013571018,1,1
17.013613824,1,0
17.013655176,1,1
17.013676714,0,1
17.013696994,0,0
17.013738356,0,1
17.013780180,0,0
17.013824018,0,1
17.013865844,0,0
17.013904240,0,1
17.013927608,1,1
17.013947050,1,0
17.013991878,1,1
17.014009648,1,0
17.018023466,1,1
17.023958618,0,1
17.023970486,0,0
17.024013332,0,1
17.024036694,1,1
17.024056140,1,0
17.024097500,1,1
17.024140314,1,0
17.024181670,1,1
17.024203212,0,1
17.024223496,0,0
17.024264858,0,1
17.024306678,0,0
17.024348042,0,1
17.024371408,1,1
17.024390852,1,0
17.024432208,1,1
17.024475028,1,0
17.024516390,1,1
17.024537932,0,1
17.024558214,0,0
17.024599578,0,1
17.024641404,0,0
17.024685252,0,1
17.024708626,1,1
17.024728078,1,0
17.024766488,1,1
17.024809322,1,0
17.024854168,1,1
17.024872890,1,0
17.026018748,1,1
17.085846558,0,1
17.085858420,0,0
17.085901240,0,1
17.085943046,0,0
17.085984398,0,1
17.086026212,0,0
17.086067556,0,1
17.086109356,0,0
17.086150692,0,1
17.086192488,0,0
17.086233828,0,1
17.086257186,1,1
17.086276622,1,0
17.086317970,1,1
17.086360776,1,0
17.086402126,1,1
17.086444930,1,0
17.086486288,1,1
17.086529096,1,0
17.086572922,1,1
17.086615732,1,0
17.086654106,1,1
17.086696904,1,0
17.086741720,1,1
17.090386936,0,1
17.090398802,0,0
17.090441644,0,1
17.090465010,1,1
17.090484452,1,0
17.090525806,1,1
17.090568618,1,0
17.090609976,1,1
17.090631516,0,1
17.090651798,0,0
17.090693158,0,1
17.090716518,1,1
17.090735960,1,0
17.090777310,1,1
17.090820116,1,0
17.090861468,1,1
17.090904276,1,0
17.090945634,1,1
17.090967174,0,1
17.090987454,0,0
17.091028812,0,1
17.091070630,0,0
17.091114462,0,1
17.091156278,0,0
17.091194664,0,1
17.091218028,1,1
17.091237468,1,0
17.091282288,1,1
17.094929510,0,1
17.094941374,0,0
17.094984216,0,1
17.095026040,0,0
17.095067402,0,1
17.095109226,0,0
17.095150590,0,1
17.095192412,0,0
17.095233772,0,1
17.095275596,0,0
17.095316960,0,1
17.095340322,1,1
17.095359766,1,0
17.095401128,1,1
17.095443940,1,0
17.095485300,1,1
17.095528112,1,0
17.095569470,1,1
17.095612280,1,0
17.095656114,1,1
17.095698928,1,0
17.095737314,1,1
17.095780126,1,0
17.095824952,1,1
17.099473458,0,1
17.099485324,0,0
17.099528172,0,1
17.099551538,1,1
17.099570982,1,0
17.099612346,1,1
17.099655164,1,0
17.099696526,1,1
17.099718068,0,1
17.099738352,0,0
17.099779714,0,1
17.099821534,0,0
17.099862898,0,1
17.099886266,1,1
17.099905710,1,0
17.099947072,1,1
17.099989890,1,0
17.100031254,1,1
17.100052794,0,1
17.100073076,0,0
17.100114438,0,1
17.100156260,0,0
17.100200098,0,1
17.100223464,1,1
17.100242908,1,0
17.100281298,1,1
17.100324108,1,0
17.100368932,1,1
17.108289228,1,0
17.114018840,1,1
17.156111232,0,1
17.156123096,0,0
17.156165932,0,1
17.156189294,1,1
17.156208734,1,0
17.156250088,1,1
17.156292896,1,0
17.156334250,1,1
17.156355790,0,1
17.156376068,0,0
17.156417422,0,1
17.156459240,0,0
17.156500600,0,1
17.156523962,1,1
17.156543402,1,0
17.156584750,1,1
17.156627558,1,0
17.156668906,1,1
17.156690444,0,1
17.156710724,0,0
17.156752080,0,1
17.156793896,0,0
17.156837728,0,1
17.156861090,1,1
17.156880530,1,0
17.156918914,1,1
17.156961720,1,0
17.157006536,1,1
17.157024522,1,0
17.162018172,1,1
17.164299064,0,1
17.164310928,0,0
17.164353768,0,1
17.164377132,1,1
17.164396572,1,0
17.164437924,1,1
17.164480740,1,0
17.164522102,1,1
17.164543644,0,1
17.164563928,0,0
17.164605294,0,1
17.164628660,1,1
17.164648106,1,0
17.164689466,1,1
17.164732280,1,0
17.164773646,1,1
17.164816462,1,0
17.164857818,1,1
17.164879360,0,1
17.164899642,0,0
17.164941002,0,1
17.164982822,0,0
17.165026664,0,1
17.165068486,0,0
17.165106878,0,1
17.165130242,1,1
17.165149686,1,0
17.165194510,1,1
17.165211914,1,0
17.170018262,1,1
17.237781000,0,1
17.237792862,0,0
17.237835698,0,1
17.237877514,0,0
17.237918872,0,1
17.237960706,0,0
17.238002084,0,1
17.238043912,0,0
17.238085276,0,1
17.238127100,0,0
17.238168460,0,1
17.238191822,1,1
17.238211260,1,0
17.238252616,1,1
17.238295426,1,0
17.238336784,1,1
17.238379594,1,0
17.238420948,1,1
17.238463760,1,0
17.238507590,1,1
17.238550400,1,0
17.238588780,1,1
17.238631588,1,0
17.238676410,1,1
17.242322330,0,1
17.242334198,0,0
17.242377054,0,1
17.242400422,1,1
17.242419868,1,0
17.242461238,1,1
17.242504062,1,0
17.242545428,1,1
17.242566974,0,1
17.242587262,0,0
17.242628634,0,1
17.242652004,1,1
17.242671450,1,0
17.242712820,1,1
17.242755640,1,0
17.242797002,1,1
17.242839818,1,0
17.242881172,1,1
17.242902712,0,1
17.242922992,0,0
17.242964348,0,1
17.243006166,0,0
17.243050000,0,1
17.243091814,0,0
17.243130204,0,1
17.243153564,1,1
17.243173006,1,0
17.243217826,1,1
17.250568228,1,0
17.258018170,1,1
17.258326446,0,1
17.258338312,0,0
17.258381154,0,1
17.258422972,0,0
17.258464342,0,1
17.258506166,0,0
17.258547530,0,1
17.258589352,0,0
17.258630716,0,1
17.258672536,0,0
17.258713900,0,1
17.258737268,1,1
17.258756710,1,0
17.258798068,1,1
17.258840882,1,0
17.258882242,1,1
17.258925050,1,0
17.258966408,1,1
17.259009218,1,0
17.259053050,1,1
17.259095858,1,0
17.259134246,1,1
17.259177058,1,0
17.259221880,1,1
17.262870130,0,1
17.262881994,0,0
17.262924838,0,1
17.262948202,1,1
17.262967642,1,0
17.263009000,1,1
17.263051814,1,0
17.263093174,1,1
17.263114716,0,1
17.263135000,0,0
17.263176364,0,1
17.263218182,0,0
17.263259540,0,1
17.263282904,1,1
17.263302344,1,0
17.263343700,1,1
17.263386506,1,0
17.263427864,1,1
17.263449404,0,1
17.263469692,0,0
17.263511070,0,1
17.263552898,0,0
17.263596740,0,1
17.263620108,1,1
17.263639552,1,0
17.263677942,1,1
17.263720756,1,0
17.263765580,1,1
17.271181696,1,0
17.274018768,1,1
17.314148400,0,1
17.314160266,0,0
17.314203112,0,1
17.314226474,1,1
17.314245916,1,0
17.314287272,1,1
17.314330084,1,0
17.314371438,1,1
17.314392980,0,1
17.314413264,0,0
17.314454626,0,1
17.314496450,0,0
17.314537812,0,1
17.314561180,1,1
17.314580622,1,0
17.314621978,1,1
17.314664794,1,0
17.314706152,1,1
17.314727694,0,1
17.314747974,0,0
17.314789336,0,1
17.314831160,0,0
17.314875000,0,1
17.314898362,1,1
17.314917808,1,0
17.314956196,1,1
17.314999008,1,0
17.315043830,1,1
17.315062546,1,0
17.322018546,1,1
17.322621474,0,1
17.322633338,0,0
17.322676190,0,1
17.322699558,1,1
17.322719000,1,0
17.322760362,1,1
17.322803176,1,0
17.322844534,1,1
17.322866078,0,1
17.322886360,0,0
17.322927728,0,1
17.322951096,1,1
17.322970538,1,0
17.323011896,1,1
17.323054708,1,0
17.323096066,1,1
17.323138880,1,0
17.323180240,1,1
17.323201784,0,1
17.323222068,0,0
17.323263430,0,1
17.323305254,0,0
17.323349096,0,1
17.323390918,0,0
17.323429308,0,1
17.323452676,1,1
17.323472128,1,0
17.323516972,1,1
17.323535292,1,0
17.330018700,1,1
17.389140442,0,1
17.389152306,0,0
17.389195148,0,1
17.389236964,0,0
17.389278324,0,1
17.389320136,0,0
17.389361490,0,1
17.389403310,0,0
17.389444668,0,1
17.389486492,0,0
17.389527856,0,1
17.389551220,1,1
17.389570664,1,0
17.389612020,1,1
17.389654826,1,0
17.389696178,1,1
17.389738982,1,0
17.389780334,1,1
17.389823140,1,0
17.389866970,1,1
17.389909778,1,0
17.389948166,1,1
17.389990972,1,0
17.390035794,1,1
17.393679204,0,1
17.393691060,0,0
17.393733882,0,1
17.393757234,1,1
17.393776666,1,0
17.393818000,1,1
17.393860790,1,0
17.393902126,1,1
17.393923654,0,1
17.393943932,0,0
17.393985282,0,1
17.394008644,1,1
17.394028088,1,0
17.394069438,1,1
17.394112248,1,0
17.394153604,1,1
17.394196408,1,0
17.394237762,1,1
17.394259304,0,1
17.394279586,0,0
17.394320946,0,1
17.394362766,0,0
17.394406604,0,1
17.394448426,0,0
17.394486826,0,1
17.394510194,1,1
17.394529636,1,0
17.394574460,1,1
17.402106652,1,0
17.410017928,1,1
17.412271504,0,1
17.412283368,0,0
17.412326210,0,1
17.412368030,0,0
17.412409388,0,1
17.412451206,0,0
17.412492572,0,1
17.412534388,0,0
17.412575748,0,1
17.412617568,0,0
17.412658928,0,1
17.412682292,1,1
17.412701736,1,0
17.412743094,1,1
17.412785906,1,0
17.412827264,1,1
17.412870074,1,0
17.412911430,1,1
17.412954240,1,0
17.412998076,1,1
17.413040882,1,0
17.413079268,1,1
17.413122078,1,0
17.413166896,1,1
17.416815556,0,1
17.416827420,0,0
17.416870260,0,1
17.416893624,1,1
17.416913068,1,0
17.416954428,1,1
17.416997234,1,0
17.417038592,1,1
17.417060132,0,1
17.417080416,0,0
17.417121776,0,1
17.417163596,0,0
17.417204962,0,1
17.417228324,1,1
17.417247768,1,0
17.417289126,1,1
17.417331938,1,0
17.417373296,1,1
17.417394836,0,1
17.417415116,0,0
17.417456482,0,1
17.417498304,0,0
17.417542142,0,1
17.417565508,1,1
17.417584954,1,0
17.417623346,1,1
17.417666152,1,0
17.417710974,1,1
17.425810712,1,0
17.426018888,1,1
17.454791900,0,1
17.454803766,0,0
17.454846612,0,1
17.454869972,1,1
17.454889414,1,0
17.454930772,1,1
17.454973580,1,0
17.455014932,1,1
17.455036470,0,1
17.455056752,0,0
17.455098112,0,1
17.455121478,1,1
17.455140920,1,0
17.455182280,1,1
17.455225092,1,0
17.455266442,1,1
17.455309254,1,0
17.455350614,1,1
17.455372154,0,1
17.455392438,0,0
17.455433800,0,1
17.455475628,0,0
17.455519474,0,1
17.455561296,0,0
17.455599684,0,1
17.455623046,1,1
17.455642488,1,0
17.455687308,1,1
17.455706304,1,0
17.458017828,1,1
17.525661894,0,1
17.525673758,0,0
17.525716600,0,1
17.525739962,1,1
17.525759402,1,0
17.525800756,1,1
17.525843566,1,0
17.525884916,1,1
17.525906456,0,1
17.525926734,0,0
17.525968090,0,1
17.526009906,0,0
17.526051266,0,1
17.526074628,1,1
17.526094074,1,0
17.526135428,1,1
17.526178230,1,0
17.526219578,1,1
17.526241118,0,1
17.526261398,0,0
17.526302752,0,1
17.526344568,0,0
17.526388404,0,1
17.526411766,1,1
17.526431208,1,0
17.526469596,1,1
17.526512406,1,0
17.526557228,1,1
17.526575804,1,0
17.530017290,1,1
17.546329706,0,1
17.546341570,0,0
17.546384414,0,1
17.546426236,0,0
17.546467600,0,1
17.546509420,0,0
17.546550784,0,1
17.546592608,0,0
17.546633972,0,1
17.546675798,0,0
17.546717164,0,1
17.546740532,1,1
17.546759974,1,0
17.546801332,1,1
17.546844148,1,0
17.546885504,1,1
17.546928320,1,0
17.546969680,1,1
17.547012492,1,0
17.547056328,1,1
17.547099144,1,0
17.547137532,1,1
17.547180348,1,0
17.547225174,1,1
17.550873752,0,1
17.550885616,0,0
17.550928460,0,1
17.550951824,1,1
17.550971266,1,0
17.551012628,1,1
17.551055436,1,0
17.551096792,1,1
17.551118334,0,1
17.551138618,0,0
17.551179980,0,1
17.551221796,0,0
17.551263158,0,1
17.551286522,1,1
17.551305964,1,0
17.551347322,1,1
17.551390130,1,0
17.551431488,1,1
17.551453030,0,1
17.551473316,0,0
17.551514678,0,1
17.551556504,0,0
17.551600340,0,1
17.551623706,1,1
17.551643150,1,0
17.551681540,1,1
17.551724350,1,0
17.551769170,1,1
17.559869384,1,0
17.562017116,1,1
17.610048366,0,1
17.610060230,0,0
17.610103078,0,1
17.610126442,1,1
17.610145884,1,0
17.610187240,1,1
17.610230050,1,0
17.610271408,1,1
17.610292950,0,1
17.610313232,0,0
17.610354596,0,1
17.610396416,0,0
17.610437778,0,1
17.610461146,1,1
17.610480592,1,0
17.610521954,1,1
17.610564762,1,0
17.610606120,1,1
17.610627662,0,1
17.610647944,0,0
17.610689304,0,1
17.610731124,0,0
17.610774962,0,1
17.610798326,1,1
17.610817770,1,0
17.610856156,1,1
17.610898972,1,0
17.610943798,1,1
17.610962916,1,0
17.618017486,1,1
17.699610700,0,1
17.699622560,0,0
17.699665378,0,1
17.699707172,0,0
17.699748508,0,1
17.699790306,0,0
17.699831642,0,1
17.699873434,0,0
17.699914770,0,1
17.699956562,0,0
17.699997894,0,1
17.700021246,1,1
17.700040680,1,0
17.700082016,1,1
17.700124798,1,0
17.700166128,1,1
17.700208918,1,0
17.700250250,1,1
17.700293036,1,0
17.700336840,1,1
17.700379622,1,0
17.700417988,1,1
17.700460774,1,0
17.700505570,1,1
17.704153564,0,1
17.704165428,0,0
17.704208266,0,1
17.704231628,1,1
17.704251070,1,0
17.704292422,1,1
17.704335226,1,0
17.704376580,1,1
17.704398118,0,1
17.704418398,0,0
17.704459754,0,1
17.704501574,0,0
17.704542932,0,1
17.704566296,1,1
17.704585734,1,0
17.704627090,1,1
17.704669900,1,0
17.704711252,1,1
17.704732790,0,1
17.704753070,0,0
17.704794426,0,1
17.704836242,0,0
17.704880076,0,1
17.704903438,1,1
17.704922880,1,0
17.704961260,1,1
17.705004070,1,0
17.705048884,1,1
17.711867394,0,1
17.711879258,0,0
17.711922104,0,1
17.711963928,0,0
17.712005288,0,1
17.712047102,0,0
17.712088460,0,1
17.712130282,0,0
17.712171642,0,1
17.712213462,0,0
17.712254822,0,1
17.712278182,1,1
17.712297624,1,0
17.712338978,1,1
17.712381788,1,0
17.712423142,1,1
17.712465952,1,0
17.712507310,1,1
17.712550120,1,0
17.712593948,1,1
17.712636760,1,0
17.712675140,1,1
17.712717940,1,0
17.712762754,1,1
17.716408342,0,1
17.716420206,0,0
17.716463048,0,1
17.716486414,1,1
17.716505856,1,0
17.716547212,1,1
17.716590022,1,0
17.716631376,1,1
17.716652916,0,1
17.716673198,0,0
17.716714560,0,1
17.716737924,1,1
17.716757368,1,0
17.716798728,1,1
17.716841540,1,0
17.716882896,1,1
17.716925706,1,0
17.716967064,1,1
17.716988604,0,1
17.717008886,0,0
17.717050246,0,1
17.717092068,0,0
17.717135900,0,1
17.717177718,0,0
17.717216110,0,1
17.717239474,1,1
17.717258916,1,0
17.717303734,1,1
17.724865694,1,0
17.730017728,1,1
17.781406438,0,1
17.781418304,0,0
17.781461150,0,1
17.781484514,1,1
17.781503956,1,0
17.781545316,1,1
17.781588126,1,0
17.781629482,1,1
17.781651022,0,1
17.781671304,0,0
17.781712670,0,1
17.781736032,1,1
17.781755476,1,0
17.781796834,1,1
17.781839648,1,0
17.781881006,1,1
17.781923818,1,0
17.781965178,1,1
17.781986722,0,1
17.782007004,0,0
17.782048366,0,1
17.782090190,0,0
17.782134030,0,1
17.782175848,0,0
17.782214244,0,1
17.782237606,1,1
17.782257048,1,0
17.782301868,1,1
17.782320728,1,0
17.786016826,1,1
17.792455290,0,1
17.792467158,0,0
17.792510004,0,1
17.792551826,0,0
17.792593194,0,1
17.792635014,0,0
17.792676380,0,1
17.792699746,1,1
17.792719192,1,0
17.792760554,1,1
17.792782096,0,1
17.792802378,0,0
17.792843742,0,1
17.792867108,1,1
17.792886550,1,0
17.792927912,1,1
17.792970724,1,0
17.793012082,1,1
17.793033624,0,1
17.793053908,0,0
17.793095272,0,1
17.793137096,0,0
17.793180936,0,1
17.793222760,0,0
17.793261154,0,1
17.793284518,1,1
17.793303962,1,0
17.793348788,1,1
17.793367274,1,0
17.794017104,1,1
17.881312116,0,1
17.881323978,0,0
17.881366814,0,1
17.881408614,0,0
17.881449956,0,1
17.881491758,0,0
17.881533096,0,1
17.881574894,0,0
17.881616238,0,1
17.881658052,0,0
17.881699412,0,1
17.881722774,1,1
17.881742218,1,0
17.881783572,1,1
17.881826382,1,0
17.881867726,1,1
17.881910518,1,0
17.881951864,1,1
17.881994662,1,0
17.882038470,1,1
17.882081270,1,0
17.882119652,1,1
17.882162450,1,0
17.882207254,1,1
17.885855632,0,1
17.885867490,0,0
17.885910310,0,1
17.885952110,0,0
17.885993450,0,1
17.886035252,0,0
17.886076598,0,1
17.886099958,1,1
17.886119398,1,0
17.886160756,1,1
17.886182296,0,1
17.886202578,0,0
17.886243926,0,1
17.886267282,1,1
17.886286718,1,0
17.886328054,1,1
17.886370844,1,0
17.886412178,1,1
17.886433716,0,1
17.886453994,0,0
17.886495354,0,1
17.886537160,0,0
17.886580980,0,1
17.886622780,0,0
17.886661154,0,1
17.886684508,1,1
17.886703944,1,0
17.886748746,1,1
17.895012436,1,0
17.898016892,1,1
17.903924432,0,1
17.903936290,0,0
17.903979118,0,1
17.904020916,0,0
17.904062254,0,1
17.904104064,0,0
17.904145424,0,1
17.904187242,0,0
17.904228604,0,1
17.904270412,0,0
17.904311768,0,1
17.904335132,1,1
17.904354576,1,0
17.904395936,1,1
17.904438746,1,0
17.904480110,1,1
17.904522924,1,0
17.904564282,1,1
17.904607092,1,0
17.904650928,1,1
17.904693740,1,0
17.904732126,1,1
17.904774938,1,0
17.904819758,1,1
17.908463688,0,1
17.908475546,0,0
17.908518366,0,1
17.908541718,1,1
17.908561152,1,0
17.908602488,1,1
17.908645276,1,0
17.908686608,1,1
17.908708140,0,1
17.908728412,0,0
17.908769752,0,1
17.908793102,1,1
17.908812538,1,0
17.908853872,1,1
17.908896658,1,0
17.908937986,1,1
17.908980776,1,0
17.909022104,1,1
17.909043632,0,1
17.909063902,0,0
17.909105238,0,1
17.909147036,0,0
17.909190844,0,1
17.909232644,0,0
17.909271012,0,1
17.909294364,1,1
17.909313796,1,0
17.909358594,1,1
17.916664756,1,0
17.922018156,1,1
17.978656838,0,1
17.978668704,0,0
17.978711546,0,1
17.978753360,0,0
17.978794716,0,1
17.978836532,0,0
17.978877892,0,1
17.978901252,1,1
17.978920694,1,0
17.978962048,1,1
17.978983590,0,1
17.979003870,0,0
17.979045226,0,1
17.979068590,1,1
17.979088034,1,0
17.979129390,1,1
17.979172196,1,0
17.979213554,1,1
17.979235094,0,1
17.979255376,0,0
17.979296734,0,1
17.979338552,0,0
17.979382392,0,1
17.979424212,0,0
17.979462606,0,1
17.979485974,1,1
17.979505420,1,0
17.979550242,1,1
17.979568316,1,0
17.986017616,1,1
17.995203988,0,1
17.995215854,0,0
17.995258706,0,1
17.995282074,1,1
17.995301516,1,0
17.995342882,1,1
17.995364424,0,1
17.995384708,0,0
17.995426074,0,1
17.995449440,1,1
17.995468888,1,0
17.995510252,1,1
17.995531794,0,1
17.995552076,0,0
17.995593442,0,1
17.995616806,1,1
17.995636252,1,0
17.995677614,1,1
17.995720428,1,0
17.995761790,1,1
17.995783336,0,1
17.995803618,0,0
17.995844982,0,1
17.995886810,0,0
17.995930652,0,1
17.995954022,1,1
17.995973466,1,0
17.996011860,1,1
17.996054670,1,0
17.996099494,1,1
17.996118450,1,0
18.002016424,1,1
18.167108376,0,1
18.167120238,0,0
18.167163080,0,1
18.167204894,0,0
18.167246250,0,1
18.167288070,0,0
18.167329428,0,1
18.167371246,0,0
18.167412610,0,1
18.167454432,0,0
18.167495800,0,1
18.167519164,1,1
18.167538604,1,0
18.167579962,1,1
18.167622770,1,0
18.167664126,1,1
18.167706936,1,0
18.167748294,1,1
18.167791104,1,0
18.167834934,1,1
18.167877744,1,0
18.167916130,1,1
18.167958936,1,0
18.168003752,1,1
18.171653348,0,1
18.171665218,0,0
18.171708072,0,1
18.171749906,0,0
18.171791284,0,1
18.171833118,0,0
18.171874494,0,1
18.171897868,1,1
18.171917318,1,0
18.171958692,1,1
18.171980242,0,1
18.172000530,0,0
18.172041908,0,1
18.172065280,1,1
18.172084728,1,0
18.172126098,1,1
18.172168922,1,0
18.172210290,1,1
18.172231838,0,1
18.172252126,0,0
18.172293502,0,1
18.172335336,0,0
18.172379186,0,1
18.172421020,0,0
18.172459426,0,1
18.172482798,1,1
18.172502246,1,0
18.172547090,1,1
18.180662496,1,0
18.186015682,1,1
18.188192480,0,1
18.188204348,0,0
18.188247196,0,1
18.188289026,0,0
18.188330398,0,1
18.188372228,0,0
18.188413606,0,1
18.188455442,0,0
18.188496816,0,1
18.188538652,0,0
18.188580028,0,1
18.188603396,1,1
18.188622840,1,0
18.188664202,1,1
18.188707014,1,0
18.188748370,1,1
18.188791186,1,0
18.188832546,1,1
18.188875358,1,0
18.188919190,1,1
18.188961996,1,0
18.189000378,1,1
18.189043188,1,0
18.189088008,1,1
18.192736332,0,1
18.192748196,0,0
18.192791032,0,1
18.192814392,1,1
18.192833832,1,0
18.192875188,1,1
18.192896726,0,1
18.192917008,0,0
18.192958366,0,1
18.192981730,1,1
18.193001174,1,0
18.193042532,1,1
18.193064070,0,1
18.193084352,0,0
18.193125712,0,1
18.193149074,1,1
18.193168516,1,0
18.193209870,1,1
18.193252680,1,0
18.193294032,1,1
18.193315574,0,1
18.193335854,0,0
18.193377210,0,1
18.193419026,0,0
18.193462862,0,1
18.193486228,1,1
18.193505670,1,0
18.193544056,1,1
18.193586864,1,0
18.193631682,1,1
18.201280526,1,0
18.202016354,1,1
18.254759902,0,1
18.254771772,0,0
18.254814632,0,1
18.254856468,0,0
18.254897848,0,1
18.254939686,0,0
18.254981068,0,1
18.255004444,1,1
18.255023894,1,0
18.255065270,1,1
18.255108098,1,0
18.255149478,1,1
18.255192302,1,0
18.255233678,1,1
18.255276504,1,0
18.255317882,1,1
18.255339430,0,1
18.255359720,0,0
18.255401100,0,1
18.255442936,0,0
18.255486790,0,1
18.255510164,1,1
18.255529614,1,0
18.255568014,1,1
18.255610838,1,0
18.255655680,1,1
18.255673846,1,0
18.258016244,1,1
18.292998042,0,1
18.293009912,0,0
18.293052772,0,1
18.293076148,1,1
18.293095600,1,0
18.293136978,1,1
18.293158530,0,1
18.293178820,0,0
18.293220202,0,1
18.293243578,1,1
18.293263032,1,0
18.293304414,1,1
18.293325960,0,1
18.293346250,0,0
18.293387630,0,1
18.293411002,1,1
18.293430454,1,0
18.293471830,1,1
18.293514666,1,0
18.293556056,1,1
18.293577612,0,1
18.293597908,0,0
18.293639296,0,1
18.293681146,0,0
18.293725014,0,1
18.293748396,1,1
18.293767850,1,0
18.293806266,1,1
18.293849102,1,0
18.293893948,1,1
18.293912118,1,0
18.298015552,1,1
18.309449680,0,1
18.309461552,0,0
18.309504424,0,1
18.309546266,0,0
18.309587652,0,1
18.309629496,0,0
18.309670892,0,1
18.309694276,1,1
18.309713732,1,0
18.309755124,1,1
18.309776682,0,1
18.309796984,0,0
18.309838382,0,1
18.309861766,1,1
18.309881226,1,0
18.309922624,1,1
18.309965470,1,0
18.310006860,1,1
18.310028418,0,1
18.310048720,0,0
18.310090114,0,1
18.310131968,0,0
18.310175846,0,1
18.310217706,0,0
18.310256130,0,1
18.310279516,1,1
18.310298976,1,0
18.310343840,1,1
18.310361488,1,0
18.314016450,1,1
18.349919992,0,1
18.349931872,0,0
18.349974768,0,1
18.350016642,0,0
18.350058058,0,1
18.350099926,0,0
18.350141340,0,1
18.350183212,0,0
18.350224622,0,1
18.350266492,0,0
18.350307904,0,1
18.350331294,1,1
18.350350758,1,0
18.350392166,1,1
18.350435030,1,0
18.350476438,1,1
18.350519296,1,0
18.350560706,1,1
18.350603570,1,0
18.350647458,1,1
18.350690322,1,0
18.350728754,1,1
18.350771612,1,0
18.350816492,1,1
18.354467504,0,1
18.354479372,0,0
18.354522236,0,1
18.354564076,0,0
18.354605458,0,1
18.354647302,0,0
18.354688692,0,1
18.354712072,1,1
18.354731530,1,0
18.354772922,1,1
18.354815758,1,0
18.354857148,1,1
18.354899990,1,0
18.354941376,1,1
18.354984216,1,0
18.355025600,1,1
18.355047154,0,1
18.355067454,0,0
18.355108864,0,1
18.355150728,0,0
18.355194596,0,1
18.355217988,1,1
18.355237454,1,0
18.355275886,1,1
18.355318726,1,0
18.355363604,1,1
18.363216324,1,0
18.370016170,1,1
18.382301012,0,1
18.382312878,0,0
18.382355726,0,1
18.382397548,0,0
18.382438914,0,1
18.382480738,0,0
18.382522104,0,1
18.382563930,0,0
18.382605294,0,1
18.382647118,0,0
18.382688482,0,1
18.382711846,1,1
18.382731290,1,0
18.382772652,1,1
18.382815464,1,0
18.382856824,1,1
18.382899636,1,0
18.382940996,1,1
18.382983804,1,0
18.383027630,1,1
18.383070438,1,0
18.383108824,1,1
18.383151634,1,0
18.383196464,1,1
18.386845192,0,1
18.386857058,0,0
18.386899908,0,1
18.386923274,1,1
18.386942720,1,0
18.386984084,1,1
18.387005628,0,1
18.387025912,0,0
18.387067276,0,1
18.387090642,1,1
18.387110086,1,0
18.387151448,1,1
18.387172990,0,1
18.387193274,0,0
18.387234640,0,1
18.387258004,1,1
18.387277448,1,0
18.387318808,1,1
18.387361624,1,0
18.387402984,1,1
18.387424528,0,1
18.387444812,0,0
18.387486180,0,1
18.387528000,0,0
18.387571838,0,1
18.387595202,1,1
18.387614646,1,0
18.387653036,1,1
18.387695844,1,0
18.387740664,1,1
18.394575596,0,1
18.394587462,0,0
18.394630302,0,1
18.394672114,0,0
18.394713474,0,1
18.394755294,0,0
18.394796654,0,1
18.394838480,0,0
18.394879846,0,1
18.394921672,0,0
18.394963038,0,1
18.394986402,1,1
18.395005846,1,0
18.395047206,1,1
18.395090016,1,0
18.395131376,1,1
18.395174186,1,0
18.395215540,1,1
18.395258354,1,0
18.395302186,1,1
18.395344996,1,0
18.395383384,1,1
18.395426194,1,0
18.395471018,1,1
18.399120654,0,1
18.399132520,0,0
18.399175366,0,1
18.399217184,0,0
18.399258546,0,1
18.399300368,0,0
18.399341734,0,1
18.399365098,1,1
18.399384540,1,0
18.399425902,1,1
18.399447446,0,1
18.399467732,0,0
18.399509098,0,1
18.399532462,1,1
18.399551908,1,0
18.399593266,1,1
18.399636080,1,0
18.399677438,1,1
18.399698980,0,1
18.399719264,0,0
18.399760626,0,1
18.399802446,0,0
18.399846288,0,1
18.399888108,0,0
18.399926500,0,1
18.399949870,1,1
18.399969314,1,0
18.400014144,1,1
18.407555250,1,0
18.410015708,1,1
18.437019322,0,1
18.437031188,0,0
18.437074036,0,1
18.437115858,0,0
18.437157222,0,1
18.437199044,0,0
18.437240408,0,1
18.437263772,1,1
18.437283216,1,0
18.437324578,1,1
18.437367390,1,0
18.437408748,1,1
18.437451562,1,0
18.437492922,1,1
18.437535734,1,0
18.437577096,1,1
18.437598638,0,1
18.437618920,0,0
18.437660278,0,1
18.437702098,0,0
18.437745936,0,1
18.437769300,1,1
18.437788744,1,0
18.437827136,1,1
18.437869960,1,0
18.437914808,1,1
18.437933264,1,0
18.442015514,1,1
18.571592670,0,1
18.571604536,0,0
18.571647378,0,1
18.571689196,0,0
18.571730558,0,1
18.571772378,0,0
18.571813744,0,1
18.571855562,0,0
18.571896920,0,1
18.571938742,0,0
18.571980098,0,1
18.572003462,1,1
18.572022904,1,0
18.572064266,1,1
18.572107086,1,0
18.572148450,1,1
18.572191264,1,0
18.572232622,1,1
18.572275426,1,0
18.572319254,1,1
18.572362058,1,0
18.572400432,1,1
18.572443240,1,0
18.572488062,1,1
18.576136562,0,1
18.576148428,0,0
18.576191270,0,1
18.576233090,0,0
18.576274454,0,1
18.576316274,0,0
18.576357634,0,1
18.576381000,1,1
18.576400442,1,0
18.576441798,1,1
18.576484612,1,0
18.576525972,1,1
18.576568780,1,0
18.576610132,1,1
18.576652936,1,0
18.576694290,1,1
18.576715830,0,1
18.576736112,0,0
18.576777474,0,1
18.576819292,0,0
18.576863124,0,1
18.576886486,1,1
18.576905930,1,0
18.576944310,1,1
18.576987112,1,0
18.577031924,1,1
18.584933382,1,0
18.586016266,1,1
18.611441356,0,1
18.611453222,0,0
18.611496070,0,1
18.611537892,0,0
18.611579254,0,1
18.611621074,0,0
18.611662446,0,1
18.611685812,1,1
18.611705260,1,0
18.611746620,1,1
18.611789430,1,0
18.611830786,1,1
18.611873592,1,0
18.611914954,1,1
18.611957762,1,0
18.611999116,1,1
18.612020660,0,1
18.612040942,0,0
18.612082300,0,1
18.612124114,0,0
18.612167952,0,1
18.612191318,1,1
18.612210760,1,0
18.612249146,1,1
18.612291962,1,0
18.612336788,1,1
18.612354474,1,0
18.618015576,1,1
18.624974610,0,1
18.624986476,0,0
18.625029326,0,1
18.625052690,1,1
18.625072132,1,0
18.625113490,1,1
18.625135034,0,1
18.625155316,0,0
18.625196676,0,1
18.625220036,1,1
18.625239482,1,0
18.625280840,1,1
18.625302382,0,1
18.625322666,0,0
18.625364028,0,1
18.625387398,1,1
18.625406842,1,0
18.625448204,1,1
18.625491018,1,0
18.625532380,1,1
18.625553922,0,1
18.625574206,0,0
18.625615568,0,1
18.625657394,0,0
18.625701234,0,1
18.625724602,1,1
18.625744046,1,0
18.625782438,1,1
18.625825252,1,0
18.625870074,1,1
18.625888570,1,0
18.626015662,1,1
18.654977226,0,1
18.654989092,0,0
18.655031938,0,1
18.655073758,0,0
18.655115114,0,1
18.655156934,0,0
18.655198294,0,1
18.655221658,1,1
18.655241102,1,0
18.655282464,1,1
18.655304004,0,1
18.655324286,0,0
18.655365642,0,1
18.655389004,1,1
18.655408446,1,0
18.655449802,1,1
18.655492614,1,0
18.655533972,1,1
18.655555512,0,1
18.655575792,0,0
18.655617148,0,1
18.655658968,0,0
18.655702806,0,1
18.655744624,0,0
18.655783014,0,1
18.655806382,1,1
18.655825822,1,0
18.655870642,1,1
18.655888654,1,0
18.658015370,1,1
18.692362488,0,1
18.692374352,0,0
18.692417198,0,1
18.692459014,0,0
18.692500378,0,1
18.692542200,0,0
18.692583560,0,1
18.692625382,0,0
18.692666744,0,1
18.692708566,0,0
18.692749926,0,1
18.692773292,1,1
18.692792736,1,0
18.692834092,1,1
18.692876900,1,0
18.692918262,1,1
18.692961068,1,0
18.693002422,1,1
18.693045232,1,0
18.693089058,1,1
18.693131862,1,0
18.693170246,1,1
18.693213054,1,0
18.693257874,1,1
18.696906350,0,1
18.696918214,0,0
18.696961062,0,1
18.697002884,0,0
18.697044250,0,1
18.697086074,0,0
18.697127440,0,1
18.697150810,1,1
18.697170252,1,0
18.697211614,1,1
18.697254426,1,0
18.697295780,1,1
18.697338592,1,0
18.697379950,1,1
18.697422760,1,0
18.697464118,1,1
18.697485664,0,1
18.697505948,0,0
18.697547312,0,1
18.697589134,0,0
18.697632978,0,1
18.697656344,1,1
18.697675788,1,0
18.697714172,1,1
18.697756986,1,0
18.697801806,1,1
18.705579042,1,0
18.706015152,1,1
18.719576582,0,1
18.719588446,0,0
18.719631290,0,1
18.719673110,0,0
18.719714474,0,1
18.719756306,0,0
18.719797688,0,1
18.719839526,0,0
18.719880906,0,1
18.719922740,0,0
18.719964112,0,1
18.719987484,1,1
18.720006928,1,0
18.720048296,1,1
18.720091112,1,0
18.720132470,1,1
18.720175282,1,0
18.720216638,1,1
18.720259448,1,0
18.720303282,1,1
18.720346090,1,0
18.720384472,1,1
18.720427284,1,0
18.720472110,1,1
18.724120128,0,1
18.724131988,0,0
18.724174806,0,1
18.724216606,0,0
18.724257942,0,1
18.724299740,0,0
18.724341078,0,1
18.724364432,1,1
18.724383864,1,0
18.724425200,1,1
18.724446730,0,1
18.724467004,0,0
18.724508346,0,1
18.724531698,1,1
18.724551130,1,0
18.724592464,1,1
18.724635252,1,0
18.724676586,1,1
18.724698114,0,1
18.724718384,0,0
18.724759720,0,1
18.724801520,0,0
18.724845334,0,1
18.724887132,0,0
18.724925504,0,1
18.724948854,1,1
18.724968286,1,0
18.725013084,1,1
18.732391104,1,0
18.738014974,1,1
18.740635506,0,1
18.740647370,0,0
18.740690212,0,1
18.740732032,0,0
18.740773396,0,1
18.740815216,0,0
18.740856576,0,1
18.740898398,0,0
18.740939762,0,1
18.740981582,0,0
18.741022948,0,1
18.741046310,1,1
18.741065752,1,0
18.741107110,1,1
18.741149924,1,0
18.741191278,1,1
18.741234088,1,0
18.741275446,1,1
18.741318260,1,0
18.741362090,1,1
18.741404906,1,0
18.741443294,1,1
18.741486106,1,0
18.741530930,1,1
18.745179428,0,1
18.745191294,0,0
18.745234138,0,1
18.745257502,1,1
18.745276946,1,0
18.745318304,1,1
18.745339850,0,1
18.745360134,0,0
18.745401494,0,1
18.745424860,1,1
18.745444306,1,0
18.745485672,1,1
18.745507214,0,1
18.745527498,0,0
18.745568860,0,1
18.745592228,1,1
18.745611672,1,0
18.745653030,1,1
18.745695842,1,0
18.745737200,1,1
18.745758742,0,1
18.745779024,0,0
18.745820384,0,1
18.745862206,0,0
18.745906046,0,1
18.745929414,1,1
18.745948860,1,0
18.745987258,1,1
18.746030074,1,0
18.746074898,1,1
18.754037394,1,0
18.762015168,1,1
18.783157274,0,1
18.783169138,0,0
18.783211980,0,1
18.783253800,0,0
18.783295158,0,1
18.783336978,0,0
18.783378340,0,1
18.783401704,1,1
18.783421146,1,0
18.783462504,1,1
18.783505324,1,0
18.783546684,1,1
18.783589496,1,0
18.783630856,1,1
18.783673666,1,0
18.783715022,1,1
18.783736562,0,1
18.783756846,0,0
18.783798206,0,1
18.783840022,0,0
18.783883864,0,1
18.783907230,1,1
18.783926672,1,0
18.783965060,1,1
18.784007874,1,0
18.784052698,1,1
18.784070252,1,0
18.786021092,1,1
18.799543230,0,1
18.799555096,0,0
18.799597944,0,1
18.799621308,1,1
18.799640752,1,0
18.799682110,1,1
18.799703654,0,1
18.799723938,0,0
18.799765300,0,1
18.799788666,1,1
18.799808108,1,0
18.799849468,1,1
18.799871008,0,1
18.799891290,0,0
18.799932652,0,1
18.799956014,1,1
18.799975456,1,0
18.800016814,1,1
18.800059620,1,0
18.800100970,1,1
18.800122512,0,1
18.800142794,0,0
18.800184152,0,1
18.800225974,0,0
18.800269820,0,1
18.800293186,1,1
18.800312634,1,0
18.800351024,1,1
18.800393842,1,0
18.800438664,1,1
18.800457182,1,0
18.802015164,1,1
18.815985902,0,1
18.815997766,0,0
18.816040610,0,1
18.816082428,0,0
18.816123796,0,1
18.816165616,0,0
18.816206978,0,1
18.816230344,1,1
18.816249788,1,0
18.816291146,1,1
18.816312690,0,1
18.816332972,0,0
18.816374338,0,1
18.816397704,1,1
18.816417146,1,0
18.816458504,1,1
18.816501320,1,0
18.816542678,1,1
18.816564224,0,1
18.816584506,0,0
18.816625870,0,1
18.816667694,0,0
18.816711532,0,1
18.816753358,0,0
18.816791760,0,1
18.816815130,1,1
18.816834574,1,0
18.816879400,1,1
18.816897912,1,0
18.818015666,1,1
18.884655686,0,1
18.884667552,0,0
18.884710394,0,1
18.884752214,0,0
18.884793578,0,1
18.884835398,0,0
18.884876762,0,1
18.884918586,0,0
18.884959948,0,1
18.885001770,0,0
18.885043134,0,1
18.885066502,1,1
18.885085946,1,0
18.885127302,1,1
18.885170118,1,0
18.885211478,1,1
18.885254288,1,0
18.885295646,1,1
18.885338458,1,0
18.885382288,1,1
18.885425100,1,0
18.885463494,1,1
18.885506306,1,0
18.885551128,1,1
18.889200018,0,1
18.889211884,0,0
18.889254734,0,1
18.889296558,0,0
18.889337924,0,1
18.889379754,0,0
18.889421122,0,1
18.889444490,1,1
18.889463938,1,0
18.889505308,1,1
18.889548126,1,0
18.889589492,1,1
18.889632310,1,0
18.889673676,1,1
18.889716490,1,0
18.889757852,1,1
18.889779396,0,1
18.889799682,0,0
18.889841046,0,1
18.889882874,0,0
18.889926722,0,1
18.889950094,1,1
18.889969540,1,0
18.890007938,1,1
18.890050758,1,0
18.890095582,1,1
18.893744258,0,1
18.893756124,0,0
18.893798968,0,1
18.893840792,0,0
18.893882152,0,1
18.893923976,0,0
18.893965342,0,1
18.894007166,0,0
18.894048528,0,1
18.894090356,0,0
18.894131722,0,1
18.894155088,1,1
18.894174534,1,0
18.894215896,1,1
18.894258708,1,0
18.894300064,1,1
18.894342874,1,0
18.894384232,1,1
18.894427046,1,0
18.894470884,1,1
18.894513700,1,0
18.894552090,1,1
18.894594904,1,0
18.894639734,1,1
18.898288468,0,1
18.898300332,0,0
18.898343180,0,1
18.898366542,1,1
18.898385986,1,0
18.898427346,1,1
18.898448890,0,1
18.898469176,0,0
18.898510540,0,1
18.898533908,1,1
18.898553352,1,0
18.898594716,1,1
18.898616258,0,1
18.898636544,0,0
18.898677910,0,1
18.898701278,1,1
18.898720720,1,0
18.898762080,1,1
18.898804892,1,0
18.898846250,1,1
18.898867792,0,1
18.898888074,0,0
18.898929438,0,1
18.898971260,0,0
18.899015100,0,1
18.899038464,1,1
18.899057910,1,0
18.899096296,1,1
18.899139110,1,0
18.899183934,1,1
18.906019134,0,1
18.906031000,0,0
18.906073844,0,1
18.906115662,0,0
18.906157024,0,1
18.906198842,0,0
18.906240204,0,1
18.906282026,0,0
18.906323390,0,1
18.906365214,0,0
18.906406578,0,1
18.906429944,1,1
18.906449390,1,0
18.906490754,1,1
18.906533566,1,0
18.906574928,1,1
18.906617740,1,0
18.906659098,1,1
18.906701912,1,0
18.906745744,1,1
18.906788556,1,0
18.906826944,1,1
18.906869758,1,0
18.906914578,1,1
18.910564186,0,1
18.910576052,0,0
18.910618898,0,1
18.910660718,0,0
18.910702078,0,1
18.910743902,0,0
18.910785264,0,1
18.910808630,1,1
18.910828074,1,0
18.910869438,1,1
18.910890980,0,1
18.910911264,0,0
18.910952626,0,1
18.910975990,1,1
18.910995434,1,0
18.911036794,1,1
18.911079606,1,0
18.911120962,1,1
18.911142502,0,1
18.911162786,0,0
18.911204146,0,1
18.911245966,0,0
18.911289806,0,1
18.911331626,0,0
18.911370018,0,1
18.911393384,1,1
18.911412828,1,0
18.911457652,1,1
18.919006422,1,0
18.922015046,1,1
18.945785648,0,1
18.945797514,0,0
18.945840362,0,1
18.945882186,0,0
18.945923554,0,1
18.945965384,0,0
18.946006754,0,1
18.946030124,1,1
18.946049570,1,0
18.946090934,1,1
18.946133752,1,0
18.946175114,1,1
18.946217928,1,0
18.946259290,1,1
18.946302102,1,0
18.946343460,1,1
18.946365004,0,1
18.946385290,0,0
18.946426654,0,1
18.946468478,0,0
18.946512322,0,1
18.946535690,1,1
18.946555136,1,0
18.946593524,1,1
18.946636340,1,0
18.946681166,1,1
18.946699080,1,0
18.954014172,1,1
18.964787820,0,1
18.964799688,0,0
18.964842538,0,1
18.964865906,1,1
18.964885350,1,0
18.964926710,1,1
18.964948254,0,1
18.964968540,0,0
18.965009908,0,1
18.965033274,1,1
18.965052718,1,0
18.965094080,1,1
18.965115626,0,1
18.965135912,0,0
18.965177280,0,1
18.965200644,1,1
18.965220092,1,0
18.965261456,1,1
18.965304270,1,0
18.965345632,1,1
18.965367174,0,1
18.965387460,0,0
18.965428824,0,1
18.965470652,0,0
18.965514496,0,1
18.965537864,1,1
18.965557310,1,0
18.965595700,1,1
18.965638518,1,0
18.965683346,1,1
18.965701532,1,0
18.970014256,1,1
19.049537002,0,1
19.049548868,0,0
19.049591712,0,1
19.049633526,0,0
19.049674886,0,1
19.049716704,0,0
19.049758062,0,1
19.049799880,0,0
19.049841240,0,1
19.049883058,0,0
19.049924422,0,1
19.049947790,1,1
19.049967234,1,0
19.050008598,1,1
19.050051410,1,0
19.050092772,1,1
19.050135578,1,0
19.050176928,1,1
19.050219736,1,0
19.050263560,1,1
19.050306368,1,0
19.050344750,1,1
19.050387558,1,0
19.050432374,1,1
19.054080746,0,1
19.054092610,0,0
19.054135454,0,1
19.054158816,1,1
19.054178258,1,0
19.054219610,1,1
19.054241148,0,1
19.054261430,0,0
19.054302790,0,1
19.054326150,1,1
19.054345592,1,0
19.054386950,1,1
19.054408490,0,1
19.054428770,0,0
19.054470130,0,1
19.054493494,1,1
19.054512938,1,0
19.054554294,1,1
19.054597102,1,0
19.054638456,1,1
19.054659996,0,1
19.054680278,0,0
19.054721630,0,1
19.054763448,0,0
19.054807284,0,1
19.054830646,1,1
19.054850088,1,0
19.054888472,1,1
19.054931284,1,0
19.054976106,1,1
19.062326184,1,0
19.066014422,1,1
19.077331674,0,1
19.077343540,0,0
19.077386390,0,1
19.077428212,0,0
19.077469580,0,1
19.077511408,0,0
19.077552774,0,1
19.077594598,0,0
19.077635966,0,1
19.077677790,0,0
19.077719158,0,1
19.077742526,1,1
19.077761972,1,0
19.077803330,1,1
19.077846146,1,0
19.077887510,1,1
19.077930326,1,0
19.077971690,1,1
19.078014508,1,0
19.078058346,1,1
19.078101160,1,0
19.078139552,1,1
19.078182364,1,0
19.078227186,1,1
19.081875834,0,1
19.081887700,0,0
19.081930556,0,1
19.081972380,0,0
19.082013748,0,1
19.082055576,0,0
19.082096946,0,1
19.082120310,1,1
19.082139756,1,0
19.082181114,1,1
19.082223928,1,0
19.082265282,1,1
19.082308090,1,0
19.082349446,1,1
19.082392256,1,0
19.082433616,1,1
19.082455162,0,1
19.082475450,0,0
19.082516820,0,1
19.082558644,0,0
19.082602492,0,1
19.082625858,1,1
19.082645302,1,0
19.082683694,1,1
19.082726510,1,0
19.082771336,1,1
19.090165010,1,0
19.098014320,1,1
19.119948878,0,1
19.119960744,0,0
19.120003588,0,1
19.120045404,0,0
19.120086764,0,1
19.120128584,0,0
19.120169946,0,1
19.120193312,1,1
19.120212756,1,0
19.120254110,1,1
19.120275650,0,1
19.120295932,0,0
19.120337298,0,1
19.120360664,1,1
19.120380104,1,0
19.120421464,1,1
19.120464276,1,0
19.120505634,1,1
19.120527176,0,1
19.120547458,0,0
19.120588822,0,1
19.120630640,0,0
19.120674478,0,1
19.120716294,0,0
19.120754684,0,1
19.120778046,1,1
19.120797486,1,0
19.120842304,1,1
19.120860442,1,0
19.122014396,1,1
19.136548558,0,1
19.136560424,0,0
19.136603270,0,1
19.136626634,1,1
19.136646078,1,0
19.136687434,1,1
19.136730248,1,0
19.136771604,1,1
19.136793146,0,1
19.136813430,0,0
19.136854794,0,1
19.136896616,0,0
19.136937978,0,1
19.136961344,1,1
19.136980788,1,0
19.137022152,1,1
19.137064960,1,0
19.137106318,1,1
19.137127862,0,1
19.137148146,0,0
19.137189504,0,1
19.137231326,0,0
19.137275164,0,1
19.137298524,1,1
19.137317968,1,0
19.137356358,1,1
19.137399172,1,0
19.137443994,1,1
19.137461870,1,0
19.138014524,1,1
19.144830414,0,1
19.144842280,0,0
19.144885124,0,1
19.144926946,0,0
19.144968310,0,1
19.145010134,0,0
19.145051496,0,1
19.145074864,1,1
19.145094310,1,0
19.145135672,1,1
19.145178486,1,0
19.145219846,1,1
19.145262662,1,0
19.145304020,1,1
19.145346836,1,0
19.145388204,1,1
19.145409752,0,1
19.145430038,0,0
19.145471408,0,1
19.145513236,0,0
19.145557080,0,1
19.145580448,1,1
19.145599892,1,0
19.145638278,1,1
19.145681088,1,0
19.145725910,1,1
19.145744432,1,0
19.146014916,1,1
19.190314356,0,1
19.190326222,0,0
19.190369064,0,1
19.190410880,0,0
19.190452242,0,1
19.190494066,0,0
19.190535426,0,1
19.190577250,0,0
19.190618616,0,1
19.190660438,0,0
19.190701806,0,1
19.190725172,1,1
19.190744618,1,0
19.190785976,1,1
19.190828794,1,0
19.190870156,1,1
19.190912968,1,0
19.190954324,1,1
19.190997138,1,0
19.191040970,1,1
19.191083780,1,0
19.191122164,1,1
19.191164972,1,0
19.191209790,1,1
19.194858378,0,1
19.194870244,0,0
19.194913096,0,1
19.194936464,1,1
19.194955908,1,0
19.194997268,1,1
19.195040086,1,0
19.195081450,1,1
19.195102994,0,1
19.195123278,0,0
19.195164646,0,1
19.195206472,0,0
19.195247834,0,1
19.195271202,1,1
19.195290646,1,0
19.195332010,1,1
19.195374826,1,0
19.195416188,1,1
19.195437732,0,1
19.195458018,0,0
19.195499392,0,1
19.195541220,0,0
19.195585072,0,1
19.195608440,1,1
19.195627884,1,0
19.195666278,1,1
19.195709100,1,0
19.195753928,1,1
19.203581774,1,0
19.210014754,1,1
19.218408420,0,1
19.218420286,0,0
19.218463126,0,1
19.218504948,0,0
19.218546308,0,1
19.218588128,0,0
19.218629494,0,1
19.218671318,0,0
19.218712684,0,1
19.218754506,0,0
19.218795870,0,1
19.218819234,1,1
19.218838676,1,0
19.218880030,1,1
19.218922842,1,0
19.218964198,1,1
19.219007006,1,0
19.219048364,1,1
19.219091174,1,0
19.219135004,1,1
19.219177816,1,0
19.219216198,1,1
19.219259002,1,0
19.219303822,1,1
19.222952286,0,1
19.222964150,0,0
19.223006992,0,1
19.223048812,0,0
19.223090174,0,1
19.223131998,0,0
19.223173360,0,1
19.223196726,1,1
19.223216174,1,0
19.223257534,1,1
19.223300344,1,0
19.223341700,1,1
19.223384510,1,0
19.223425868,1,1
19.223468686,1,0
19.223510058,1,1
19.223531604,0,1
19.223551888,0,0
19.223593254,0,1
19.223635084,0,0
19.223678922,0,1
19.223702288,1,1
19.223721732,1,0
19.223760122,1,1
19.223802934,1,0
19.223847756,1,1
19.231415252,1,0
19.234015198,1,1
19.274921934,0,1
19.274933796,0,0
19.274976638,0,1
19.275018454,0,0
19.275059810,0,1
19.275101624,0,0
19.275142986,0,1
19.275166348,1,1
19.275185792,1,0
19.275227148,1,1
19.275269962,1,0
19.275311320,1,1
19.275354128,1,0
19.275395484,1,1
19.275438290,1,0
19.275479646,1,1
19.275501192,0,1
19.275521476,0,0
19.275562836,0,1
19.275604650,0,0
19.275648486,0,1
19.275671850,1,1
19.275691294,1,0
19.275729680,1,1
19.275772486,1,0
19.275817308,1,1
19.275835964,1,0
19.282013810,1,1
19.310876734,0,1
19.310888602,0,0
19.310931448,0,1
19.310954814,1,1
19.310974256,1,0
19.311015616,1,1
19.311037160,0,1
19.311057444,0,0
19.311098804,0,1
19.311122168,1,1
19.311141612,1,0
19.311182972,1,1
19.311204512,0,1
19.311224794,0,0
19.311266152,0,1
19.311289520,1,1
19.311308964,1,0
19.311350322,1,1
19.311393130,1,0
19.311434490,1,1
19.311456030,0,1
19.311476316,0,0
19.311517672,0,1
19.311559494,0,0
19.311603332,0,1
19.311626696,1,1
19.311646140,1,0
19.311684534,1,1
19.311727352,1,0
19.311772180,1,1
19.311790106,1,0
19.314013608,1,1
19.381197450,0,1
19.381209312,0,0
19.381252144,0,1
19.381293952,0,0
19.381335300,0,1
19.381377106,0,0
19.381418454,0,1
19.381460258,0,0
19.381501608,0,1
19.381543416,0,0
19.381584762,0,1
19.381608120,1,1
19.381627556,1,0
19.381668900,1,1
19.381711694,1,0
19.381753032,1,1
19.381795828,1,0
19.381837176,1,1
19.381879984,1,0
19.381923818,1,1
19.381966628,1,0
19.382005010,1,1
19.382047816,1,0
19.382092640,1,1
19.385741400,0,1
19.385753266,0,0
19.385796114,0,1
19.385819480,1,1
19.385838926,1,0
19.385880286,1,1
19.385901828,0,1
19.385922114,0,0
19.385963480,0,1
19.385986848,1,1
19.386006294,1,0
19.386047660,1,1
19.386069198,0,1
19.386089482,0,0
19.386130848,0,1
19.386154212,1,1
19.386173656,1,0
19.386215014,1,1
19.386257826,1,0
19.386299186,1,1
19.386320728,0,1
19.386341010,0,0
19.386382372,0,1
19.386424196,0,0
19.386468038,0,1
19.386491404,1,1
19.386510850,1,0
19.386549238,1,1
19.386592050,1,0
19.386636876,1,1
19.394328796,1,0
19.402013604,1,1
19.482394946,0,1
19.482406812,0,0
19.482449656,0,1
19.482473024,1,1
19.482492472,1,0
19.482533830,1,1
19.482555374,0,1
19.482575656,0,0
19.482617018,0,1
19.482640384,1,1
19.482659828,1,0
19.482701186,1,1
19.482722728,0,1
19.482743012,0,0
19.482784374,0,1
19.482807738,1,1
19.482827178,1,0
19.482868538,1,1
19.482911352,1,0
19.482952706,1,1
19.482974250,0,1
19.482994532,0,0
19.483035892,0,1
19.483077712,0,0
19.483121546,0,1
19.483144912,1,1
19.483164356,1,0
19.483202740,1,1
19.483245544,1,0
19.483290358,1,1
19.483308098,1,0
19.490013536,1,1
19.544210154,0,1
19.544222012,0,0
19.544264828,0,1
19.544306626,0,0
19.544347976,0,1
19.544389788,0,0
19.544431142,0,1
19.544472962,0,0
19.544514328,0,1
19.544556146,0,0
19.544597506,0,1
19.544620868,1,1
19.544640314,1,0
19.544681668,1,1
19.544724480,1,0
19.544765838,1,1
19.544808646,1,0
19.544850006,1,1
19.544892822,1,0
19.544936660,1,1
19.544979468,1,0
19.545017854,1,1
19.545060664,1,0
19.545105486,1,1
19.548754200,0,1
19.548766064,0,0
19.548808910,0,1
19.548850730,0,0
19.548892092,0,1
19.548933922,0,0
19.548975290,0,1
19.548998658,1,1
19.549018106,1,0
19.549059478,1,1
19.549102302,1,0
19.549143668,1,1
19.549186492,1,0
19.549227864,1,1
19.549270690,1,0
19.549312058,1,1
19.549333602,0,1
19.549353882,0,0
19.549395236,0,1
19.549437042,0,0
19.549480868,0,1
19.549504226,1,1
19.549523662,1,0
19.549562034,1,1
19.549604828,1,0
19.549649632,1,1
19.557250688,1,0
19.562012716,1,1
19.571560122,0,1
19.571571988,0,0
19.571614838,0,1
19.571656658,0,0
19.571698016,0,1
19.571739834,0,0
19.571781194,0,1
19.571823014,0,0
19.571864378,0,1
19.571906206,0,0
19.571947570,0,1
19.571970938,1,1
19.571990384,1,0
19.572031744,1,1
19.572074558,1,0
19.572115916,1,1
19.572158730,1,0
19.572200088,1,1
19.572242900,1,0
19.572286732,1,1
19.572329540,1,0
19.572367924,1,1
19.572410734,1,0
19.572455556,1,1
19.576104714,0,1
19.576116574,0,0
19.576159398,0,1
19.576201204,0,0
19.576242566,0,1
19.576284400,0,0
19.576325780,0,1
19.576349158,1,1
19.576368604,1,0
19.576409966,1,1
19.576431512,0,1
19.576451796,0,0
19.576493170,0,1
19.576516536,1,1
19.576535980,1,0
19.576577342,1,1
19.576620156,1,0
19.576661514,1,1
19.576683056,0,1
19.576703340,0,0
19.576744706,0,1
19.576786524,0,0
19.576830364,0,1
19.576872188,0,0
19.576910580,0,1
19.576933944,1,1
19.576953390,1,0
19.576998214,1,1
19.585087454,1,0
19.586013362,1,1
19.595499520,0,1
19.595511386,0,0
19.595554234,0,1
19.595596058,0,0
19.595637424,0,1
19.595679248,0,0
19.595720616,0,1
19.595743980,1,1
19.595763426,1,0
19.595804784,1,1
19.595847600,1,0
19.595888962,1,1
19.595931778,1,0
19.595973142,1,1
19.596015960,1,0
19.596057320,1,1
19.596078864,0,1
19.596099150,0,0
19.596140516,0,1
19.596182338,0,0
19.596226178,0,1
19.596249548,1,1
19.596268994,1,0
19.596307386,1,1
19.596350202,1,0
19.596395030,1,1
19.596412606,1,0
19.602013576,1,1
19.603742486,0,1
19.603754352,0,0
19.603797198,0,1
19.603839022,0,0
19.603880388,0,1
19.603922210,0,0
19.603963572,0,1
19.603986940,1,1
19.604006384,1,0
19.604047746,1,1
19.604069290,0,1
19.604089576,0,0
19.604130946,0,1
19.604154312,1,1
19.604173758,1,0
19.604215112,1,1
19.604257926,1,0
19.604299284,1,1
19.604320826,0,1
19.604341108,0,0
19.604382478,0,1
19.604424304,0,0
19.604468152,0,1
19.604509984,0,0
19.604548384,0,1
19.604571752,1,1
19.604591196,1,0
19.604636026,1,1
19.604653648,1,0
19.610013168,1,1
19.711984474,0,1
19.711996340,0,0
19.712039188,0,1
19.712081008,0,0
19.712122374,0,1
19.712164196,0,0
19.712205558,0,1
19.712247382,0,0
19.712288744,0,1
19.712330564,0,0
19.712371924,0,1
19.712395290,1,1
19.712414732,1,0
19.712456090,1,1
19.712498910,1,0
19.712540270,1,1
19.712583080,1,0
19.712624440,1,1
19.712667254,1,0
19.712711088,1,1
19.712753900,1,0
19.712792292,1,1
19.712835102,1,0
19.712879924,1,1
19.716529620,0,1
19.716541486,0,0
19.716584332,0,1
19.716626156,0,0
19.716667522,0,1
19.716709344,0,0
19.716750712,0,1
19.716774074,1,1
19.716793518,1,0
19.716834878,1,1
19.716856422,0,1
19.716876706,0,0
19.716918066,0,1
19.716941432,1,1
19.716960878,1,0
19.717002232,1,1
19.717045042,1,0
19.717086394,1,1
19.717107934,0,1
19.717128214,0,0
19.717169570,0,1
19.717211388,0,0
19.717255230,0,1
19.717297050,0,0
19.717335438,0,1
19.717358806,1,1
19.717378250,1,0
19.717423074,1,1
19.721071484,0,1
19.721083348,0,0
19.721126188,0,1
19.721168008,0,0
19.721209370,0,1
19.721251190,0,0
19.721292552,0,1
19.721334374,0,0
19.721375734,0,1
19.721417556,0,0
19.721458922,0,1
19.721482290,1,1
19.721501734,1,0
19.721543098,1,1
19.721585910,1,0
19.721627268,1,1
19.721670082,1,0
19.721711438,1,1
19.721754248,1,0
19.721798078,1,1
19.721840890,1,0
19.721879276,1,1
19.721922090,1,0
19.721966922,1,1
19.725615310,0,1
19.725627174,0,0
19.725670018,0,1
19.725693384,1,1
19.725712824,1,0
19.725754182,1,1
19.725775724,0,1
19.725796006,0,0
19.725837366,0,1
19.725860730,1,1
19.725880174,1,0
19.725921538,1,1
19.725943080,0,1
19.725963364,0,0
19.726004730,0,1
19.726028094,1,1
19.726047538,1,0
19.726088896,1,1
19.726131710,1,0
19.726173068,1,1
19.726194612,0,1
19.726214894,0,0
19.726256254,0,1
19.726298078,0,0
19.726341918,0,1
19.726365280,1,1
19.726384726,1,0
19.726423116,1,1
19.726465928,1,0
19.726510754,1,1
19.734607184,1,0
19.738013502,1,1
19.742169952,0,1
19.742181818,0,0
19.742224662,0,1
19.742248026,1,1
19.742267474,1,0
19.742308836,1,1
19.742330376,0,1
19.742350660,0,0
19.742392030,0,1
19.742415396,1,1
19.742434842,1,0
19.742476206,1,1
19.742497748,0,1
19.742518034,0,0
19.742559398,0,1
19.742582764,1,1
19.742602210,1,0
19.742643572,1,1
19.742686388,1,0
19.742727744,1,1
19.742749286,0,1
19.742769570,0,0
19.742810932,0,1
19.742852754,0,0
19.742896594,0,1
19.742919960,1,1
19.742939408,1,0
19.742977796,1,1
19.743020612,1,0
19.743065440,1,1
19.743083446,1,0
19.746013630,1,1
19.750411020,0,1
19.750422886,0,0
19.750465734,0,1
19.750507558,0,0
19.750548922,0,1
19.750590746,0,0
19.750632110,0,1
19.750655478,1,1
19.750674922,1,0
19.750716288,1,1
19.750737830,0,1
19.750758118,0,0
19.750799508,0,1
19.750822888,1,1
19.750842346,1,0
19.750883736,1,1
19.750926582,1,0
19.750967956,1,1
19.750989500,0,1
19.751009788,0,0
19.751051156,0,1
19.751092982,0,0
19.751136822,0,1
19.751178652,0,0
19.751217048,0,1
19.751240414,1,1
19.751259856,1,0
19.751304682,1,1
19.751323096,1,0
19.754014144,1,1
19.896051104,0,1
19.896062970,0,0
19.896105816,0,1
19.896147638,0,0
19.896189002,0,1
19.896230822,0,0
19.896272188,0,1
19.896314010,0,0
19.896355372,0,1
19.896397192,0,0
19.896438558,0,1
19.896461924,1,1
19.896481370,1,0
19.896522730,1,1
19.896565540,1,0
19.896606894,1,1
19.896649704,1,0
19.896691062,1,1
19.896733872,1,0
19.896777706,1,1
19.896820518,1,0
19.896858902,1,1
19.896901710,1,0
19.896946530,1,1
19.900595054,0,1
19.900606920,0,0
19.900649766,0,1
19.900691584,0,0
19.900732950,0,1
19.900774772,0,0
19.900816134,0,1
19.900839498,1,1
19.900858942,1,0
19.900900298,1,1
19.900943110,1,0
19.900984466,1,1
19.901027278,1,0
19.901068636,1,1
19.901111446,1,0
19.901152800,1,1
19.901174340,0,1
19.901194620,0,0
19.901235978,0,1
19.901277800,0,0
19.901321636,0,1
19.901344998,1,1
19.901364442,1,0
19.901402830,1,1
19.901445638,1,0
19.901490466,1,1
19.908868316,1,0
19.914012392,1,1
19.914053982,0,1
19.914065852,0,0
19.914108706,0,1
19.914150532,0,0
19.914191896,0,1
19.914233720,0,0
19.914275088,0,1
19.914316908,0,0
19.914358272,0,1
19.914400096,0,0
19.914441460,0,1
19.914464830,1,1
19.914484280,1,0
19.914525644,1,1
19.914568458,1,0
19.914609814,1,1
19.914652628,1,0
19.914693988,1,1
19.914736798,1,0
19.914780636,1,1
19.914823446,1,0
19.914861834,1,1
19.914904646,1,0
19.914949468,1,1
19.918597850,0,1
19.918609714,0,0
19.918652556,0,1
19.918675920,1,1
19.918695362,1,0
19.918736716,1,1
19.918758254,0,1
19.918778534,0,0
19.918819894,0,1
19.918843258,1,1
19.918862700,1,0
19.918904056,1,1
19.918925596,0,1
19.918945878,0,0
19.918987238,0,1
19.919010600,1,1
19.919030042,1,0
19.919071398,1,1
19.919114206,1,0
19.919155562,1,1
19.919177102,0,1
19.919197384,0,0
19.919238744,0,1
19.919280562,0,0
19.919324394,0,1
19.919347760,1,1
19.919367204,1,0
19.919405590,1,1
19.919448394,1,0
19.919493216,1,1
19.927420426,1,0
19.930012856,1,1
19.932032696,0,1
19.932044562,0,0
19.932087408,0,1
19.932129228,0,0
19.932170594,0,1
19.932212414,0,0
19.932253778,0,1
19.932295598,0,0
19.932336964,0,1
19.932378788,0,0
19.932420152,0,1
19.932443518,1,1
19.932462964,1,0
19.932504326,1,1
19.932547136,1,0
19.932588498,1,1
19.932631310,1,0
19.932672664,1,1
19.932715476,1,0
19.932759306,1,1
19.932802114,1,0
19.932840502,1,1
19.932883312,1,0
19.932928136,1,1
19.936577706,0,1
19.936589572,0,0
19.936632418,0,1
19.936674240,0,0
19.936715602,0,1
19.936757424,0,0
19.936798790,0,1
19.936822158,1,1
19.936841600,1,0
19.936882960,1,1
19.936904502,0,1
19.936924786,0,0
19.936966148,0,1
19.936989512,1,1
19.937008956,1,0
19.937050316,1,1
19.937093128,1,0
19.937134484,1,1
19.937156028,0,1
19.937176312,0,0
19.937217676,0,1
19.937259494,0,0
19.937303334,0,1
19.937345156,0,0
19.937383544,0,1
19.937406912,1,1
19.937426356,1,0
19.937471188,1,1
19.944946238,1,0
19.946015042,1,1
19.982511370,0,1
19.982523236,0,0
19.982566082,0,1
19.982607902,0,0
19.982649264,0,1
19.982691088,0,0
19.982732450,0,1
19.982755814,1,1
19.982775260,1,0
19.982816618,1,1
19.982838160,0,1
19.982858442,0,0
19.982899804,0,1
19.982923172,1,1
19.982942616,1,0
19.982983976,1,1
19.983026788,1,0
19.983068146,1,1
19.983089690,0,1
19.983109972,0,0
19.983151330,0,1
19.983193154,0,0
19.983236994,0,1
19.983278818,0,0
19.983317216,0,1
19.983340580,1,1
19.983360026,1,0
19.983404850,1,1
19.983422234,1,0
19.986012894,1,1
20.001945996,0,1
20.001957862,0,0
20.002000714,0,1
20.002024080,1,1
20.002043526,1,0
20.002084890,1,1
20.002127698,1,0
20.002169054,1,1
20.002190598,0,1
20.002210880,0,0
20.002252242,0,1
20.002294062,0,0
20.002335428,0,1
20.002358794,1,1
20.002378238,1,0
20.002419598,1,1
20.002462418,1,0
20.002503780,1,1
20.002525324,0,1
20.002545608,0,0
20.002586974,0,1
20.002628798,0,0
20.002672636,0,1
20.002696004,1,1
20.002715448,1,0
20.002753836,1,1
20.002796646,1,0
20.002841476,1,1
20.002860444,1,0
20.010011950,1,1
20.047365500,0,1
20.047377364,0,0
20.047420208,0,1
20.047462026,0,0
20.047503390,0,1
20.047545212,0,0
20.047586572,0,1
20.047628390,0,0
20.047669750,0,1
20.047711568,0,0
20.047752924,0,1
20.047776290,1,1
20.047795734,1,0
20.047837094,1,1
20.047879900,1,0
20.047921256,1,1
20.047964068,1,0
20.048005422,1,1
20.048048228,1,0
20.048092058,1,1
20.048134860,1,0
20.048173244,1,1
20.048216054,1,0
20.048260870,1,1
20.051909386,0,1
20.051921250,0,0
20.051964092,0,1
20.051987458,1,1
20.052006900,1,0
20.052048258,1,1
20.052091064,1,0
20.052132420,1,1
20.052153958,0,1
20.052174236,0,0
20.052215590,0,1
20.052257408,0,0
20.052298772,0,1
20.052322134,1,1
20.052341576,1,0
20.052382938,1,1
20.052425746,1,0
20.052467094,1,1
20.052488628,0,1
20.052508904,0,0
20.052550248,0,1
20.052592046,0,0
20.052635858,0,1
20.052659206,1,1
20.052678640,1,0
20.052717002,1,1
20.052759788,1,0
20.052804586,1,1
20.060427712,1,0
20.066013536,1,1
20.415924164,0,1
20.415936028,0,0
20.415978868,0,1
20.416002230,1,1
20.416021672,1,0
20.416063026,1,1
20.416105832,1,0
20.416147184,1,1
20.416168724,0,1
20.416189002,0,0
20.416230362,0,1
20.416272180,0,0
20.416313538,0,1
20.416336896,1,1
20.416356340,1,0
20.416397694,1,1
20.416440498,1,0
20.416481848,1,1
20.416503390,0,1
20.416523672,0,0
20.416565028,0,1
20.416606846,0,0
20.416650688,0,1
20.416674052,1,1
20.416693494,1,0
20.416731882,1,1
20.416774692,1,0
20.416819510,1,1
20.416838014,1,0
20.418011920,1,1
20.464292328,0,1
20.464304194,0,0
20.464347032,0,1
20.464388838,0,0
20.464430178,0,1
20.464471980,0,0
20.464513318,0,1
20.464555110,0,0
20.464596448,0,1
20.464638254,0,0
20.464679610,0,1
20.464702972,1,1
20.464722414,1,0
20.464763768,1,1
20.464806578,1,0
20.464847932,1,1
20.464890742,1,0
20.464932098,1,1
20.464974908,1,0
20.465018724,1,1
20.465061514,1,0
20.465099876,1,1
20.465142666,1,0
20.465187460,1,1
20.468836438,0,1
20.468848304,0,0
20.468891148,0,1
20.468932972,0,0
20.468974334,0,1
20.469016152,0,0
20.469057510,0,1
20.469080878,1,1
20.469100324,1,0
20.469141686,1,1
20.469163230,0,1
20.469183514,0,0
20.469224872,0,1
20.469248234,1,1
20.469267674,1,0
20.469309034,1,1
20.469351844,1,0
20.469393198,1,1
20.469414742,0,1
20.469435026,0,0
20.469476394,0,1
20.469518218,0,0
20.469562056,0,1
20.469603882,0,0
20.469642274,0,1
20.469665636,1,1
20.469685080,1,0
20.469729904,1,1
20.477008780,1,0
20.482011990,1,1
20.485048962,0,1
20.485060826,0,0
20.485103670,0,1
20.485127034,1,1
20.485146478,1,0
20.485187840,1,1
20.485230656,1,0
20.485272012,1,1
20.485293556,0,1
20.485313840,0,0
20.485355204,0,1
20.485378570,1,1
20.485398012,1,0
20.485439370,1,1
20.485482190,1,0
20.485523552,1,1
20.485566372,1,0
20.485607734,1,1
20.485629278,0,1
20.485649560,0,0
20.485690924,0,1
20.485732748,0,0
20.485776586,0,1
20.485818408,0,0
20.485856802,0,1
20.485880170,1,1
20.485899616,1,0
20.485944444,1,1
20.485962866,1,0
20.490011602,1,1
20.516651502,0,1
20.516663368,0,0
20.516706214,0,1
20.516748036,0,0
20.516789400,0,1
20.516831222,0,0
20.516872584,0,1
20.516914408,0,0
20.516955770,0,1
20.516997592,0,0
20.517038958,0,1
20.517062324,1,1
20.517081768,1,0
20.517123124,1,1
20.517165936,1,0
20.517207296,1,1
20.517250106,1,0
20.517291462,1,1
20.517334274,1,0
20.517378106,1,1
20.517420918,1,0
20.517459304,1,1
20.517502116,1,0
20.517546936,1,1
20.521192518,0,1
20.521204384,0,0
20.521247232,0,1
20.521270596,1,1
20.521290038,1,0
20.521331396,1,1
20.521374210,1,0
20.521415568,1,1
20.521437112,0,1
20.521457396,0,0
20.521498764,0,1
20.521522132,1,1
20.521541574,1,0
20.521582932,1,1
20.521625746,1,0
20.521667104,1,1
20.521709916,1,0
20.521751276,1,1
20.521772820,0,1
20.521793104,0,0
20.521834464,0,1
20.521876286,0,0
20.521920132,0,1
20.521961956,0,0
20.522000358,0,1
20.522023728,1,1
20.522043172,1,0
20.522087996,1,1
20.529585652,1,0
20.530010994,1,1
20.548767954,0,1
20.548779820,0,0
20.548822656,0,1
20.548864474,0,0
20.548905836,0,1
20.548947656,0,0
20.548989014,0,1
20.549012380,1,1
20.549031824,1,0
20.549073178,1,1
20.549094718,0,1
20.549114998,0,0
20.549156358,0,1
20.549179720,1,1
20.549199160,1,0
20.549240518,1,1
20.549283330,1,0
20.549324684,1,1
20.549346222,0,1
20.549366502,0,0
20.549407860,0,1
20.549449680,0,0
20.549493518,0,1
20.549535336,0,0
20.549573724,0,1
20.549597090,1,1
20.549616530,1,0
20.549661352,1,1
20.549680156,1,0
20.554010882,1,1
20.679248892,0,1
20.679260758,0,0
20.679303604,0,1
20.679345424,0,0
20.679386786,0,1
20.679428606,0,0
20.679469968,0,1
20.679511792,0,0
20.679553156,0,1
20.679594980,0,0
20.679636346,0,1
20.679659712,1,1
20.679679156,1,0
20.679720520,1,1
20.679763332,1,0
20.679804692,1,1
20.679847506,1,0
20.679888862,1,1
20.679931674,1,0
20.679975512,1,1
20.680018326,1,0
20.680056712,1,1
20.680099526,1,0
20.680144348,1,1
20.683792862,0,1
20.683804726,0,0
20.683847568,0,1
20.683870932,1,1
20.683890376,1,0
20.683931732,1,1
20.683974544,1,0
20.684015904,1,1
20.684037446,0,1
20.684057730,0,0
20.684099088,0,1
20.684140914,0,0
20.684182274,0,1
20.684205640,1,1
20.684225080,1,0
20.684266436,1,1
20.684309250,1,0
20.684350606,1,1
20.684372146,0,1
20.684392430,0,0
20.684433792,0,1
20.684475612,0,0
20.684519454,0,1
20.684542820,1,1
20.684562266,1,0
20.684600652,1,1
20.684643458,1,0
20.684688278,1,1
20.692497634,1,0
20.698011138,1,1
20.699824218,0,1
20.699836080,0,0
20.699878922,0,1
20.699920740,0,0
20.699962102,0,1
20.700003920,0,0
20.700045282,0,1
20.700087102,0,0
20.700128466,0,1
20.700170288,0,0
20.700211648,0,1
20.700235010,1,1
20.700254454,1,0
20.700295812,1,1
20.700338620,1,0
20.700379976,1,1
20.700422786,1,0
20.700464140,1,1
20.700506950,1,0
20.700550784,1,1
20.700593594,1,0
20.700631978,1,1
20.700674786,1,0
20.700719606,1,1
20.704369050,0,1
20.704380916,0,0
20.704423754,0,1
20.704465576,0,0
20.704506942,0,1
20.704548768,0,0
20.704590134,0,1
20.704613502,1,1
20.704632948,1,0
20.704674306,1,1
20.704695850,0,1
20.704716134,0,0
20.704757498,0,1
20.704780862,1,1
20.704800306,1,0
20.704841668,1,1
20.704884480,1,0
20.704925840,1,1
20.704947380,0,1
20.704967664,0,0
20.705009028,0,1
20.705050850,0,0
20.705094690,0,1
20.705136514,0,0
20.705174906,0,1
20.705198270,1,1
20.705217714,1,0
20.705262538,1,1
20.713112646,1,0
20.714011144,1,1
20.747794872,0,1
20.747806740,0,0
20.747849594,0,1
20.747891422,0,0
20.747932788,0,1
20.747974616,0,0
20.748015984,0,1
20.748039354,1,1
20.748058798,1,0
20.748100162,1,1
20.748121706,0,1
20.748141992,0,0
20.748183358,0,1
20.748206728,1,1
20.748226174,1,0
20.748267542,1,1
20.748310366,1,0
20.748351734,1,1
20.748373280,0,1
20.748393568,0,0
20.748434938,0,1
20.748476770,0,0
20.748520624,0,1
20.748562454,0,0
20.748600852,0,1
20.748624220,1,1
20.748643664,1,0
20.748688494,1,1
20.748706568,1,0
20.754011292,1,1
20.764341702,0,1
20.764353568,0,0
20.764396416,0,1
20.764419782,1,1
20.764439224,1,0
20.764480592,1,1
20.764523412,1,0
20.764564772,1,1
20.764586312,0,1
20.764606598,0,0
20.764647964,0,1
20.764689788,0,0
20.764731150,0,1
20.764754518,1,1
20.764773964,1,0
20.764815320,1,1
20.764858130,1,0
20.764899492,1,1
20.764921034,0,1
20.764941318,0,0
20.764982680,0,1
20.765024508,0,0
20.765068352,0,1
20.765091718,1,1
20.765111162,1,0
20.765149552,1,1
20.765192370,1,0
20.765237194,1,1
20.765256198,1,0
20.770011062,1,1
21.207817524,0,1
21.207829390,0,0
21.207872238,0,1
21.207914062,0,0
21.207955430,0,1
21.207997252,0,0
21.208038616,0,1
21.208080442,0,0
21.208121810,0,1
21.208163636,0,0
21.208205002,0,1
21.208228370,1,1
21.208247814,1,0
21.208289176,1,1
21.208331992,1,0
21.208373350,1,1
21.208416168,1,0
21.208457530,1,1
21.208500346,1,0
21.208544186,1,1
21.208587000,1,0
21.208625392,1,1
21.208668202,1,0
21.208713032,1,1
21.212361798,0,1
21.212373664,0,0
21.212416512,0,1
21.212439874,1,1
21.212459320,1,0
21.212500686,1,1
21.212543498,1,0
21.212584856,1,1
21.212606402,0,1
21.212626686,0,0
21.212668050,0,1
21.212709874,0,0
21.212751236,0,1
21.212774604,1,1
21.212794048,1,0
21.212835406,1,1
21.212878218,1,0
21.212919580,1,1
21.212941122,0,1
21.212961404,0,0
21.213002770,0,1
21.213044594,0,0
21.213088430,0,1
21.213111798,1,1
21.213131240,1,0
21.213169632,1,1
21.213212442,1,0
21.213257262,1,1
21.221373360,1,0
21.226010124,1,1
21.227851038,0,1
21.227862902,0,0
21.227905748,0,1
21.227947574,0,0
21.227988940,0,1
21.228030764,0,0
21.228072132,0,1
21.228113956,0,0
21.228155320,0,1
21.228197142,0,0
21.228238508,0,1
21.228261874,1,1
21.228281320,1,0
21.228322678,1,1
21.228365498,1,0
21.228406864,1,1
21.228449682,1,0
21.228491046,1,1
21.228533858,1,0
21.228577690,1,1
21.228620508,1,0
21.228658898,1,1
21.228701710,1,0
21.228746536,1,1
21.232396050,0,1
21.232407914,0,0
21.232450760,0,1
21.232492584,0,0
21.232533946,0,1
21.232575766,0,0
21.232617126,0,1
21.232640490,1,1
21.232659932,1,0
21.232701290,1,1
21.232722830,0,1
21.232743112,0,0
21.232784472,0,1
21.232807836,1,1
21.232827280,1,0
21.232868640,1,1
21.232911452,1,0
21.232952812,1,1
21.232974352,0,1
21.232994634,0,0
21.233035994,0,1
21.233077816,0,0
21.233121654,0,1
21.233163474,0,0
21.233201866,0,1
21.233225228,1,1
21.233244672,1,0
21.233289490,1,1
21.240952570,1,0
21.242010442,1,1
21.321428748,0,1
21.321440612,0,0
21.321483454,0,1
21.321506818,1,1
21.321526260,1,0
21.321567618,1,1
21.321610430,1,0
21.321651788,1,1
21.321673330,0,1
21.321693614,0,0
21.321734980,0,1
21.321776802,0,0
21.321818168,0,1
21.321841532,1,1
21.321860974,1,0
21.321902330,1,1
21.321945142,1,0
21.321986504,1,1
21.322008048,0,1
21.322028332,0,0
21.322069694,0,1
21.322111516,0,0
21.322155356,0,1
21.322178720,1,1
21.322198162,1,0
21.322236552,1,1
21.322279362,1,0
21.322324182,1,1
21.322342840,1,0
21.330010518,1,1
21.332399226,0,1
21.332411092,0,0
21.332453942,0,1
21.332495768,0,0
21.332537132,0,1
21.332578958,0,0
21.332620322,0,1
21.332643686,1,1
21.332663130,1,0
21.332704496,1,1
21.332726038,0,1
21.332746322,0,0
21.332787686,0,1
21.332811052,1,1
21.332830498,1,0
21.332871860,1,1
21.332914670,1,0
21.332956030,1,1
21.332977572,0,1
21.332997854,0,0
21.333039210,0,1
21.333081034,0,0
21.333124876,0,1
21.333166696,0,0
21.333205094,0,1
21.333228462,1,1
21.333247908,1,0
21.333292734,1,1
21.333311142,1,0
21.338009946,1,1
21.683970994,0,1
21.683982858,0,0
21.684025702,0,1
21.684067520,0,0
21.684108886,0,1
21.684150706,0,0
21.684192072,0,1
21.684233894,0,0
21.684275260,0,1
21.684317080,0,0
21.684358446,0,1
21.684381812,1,1
21.684401256,1,0
21.684442616,1,1
21.684485434,1,0
21.684526794,1,1
21.684569606,1,0
21.684610966,1,1
21.684653776,1,0
21.684697610,1,1
21.684740422,1,0
21.684778812,1,1
21.684821624,1,0
21.684866450,1,1
21.688516028,0,1
21.688527894,0,0
21.688570738,0,1
21.688612558,0,0
21.688653920,0,1
21.688695742,0,0
21.688737102,0,1
21.688760466,1,1
21.688779908,1,0
21.688821264,1,1
21.688842808,0,1
21.688863092,0,0
21.688904454,0,1
21.688927818,1,1
21.688947262,1,0
21.688988620,1,1
21.689031428,1,0
21.689072788,1,1
21.689094328,0,1
21.689114610,0,0
21.689155970,0,1
21.689197790,0,0
21.689241630,0,1
21.689283452,0,0
21.689321848,0,1
21.689345214,1,1
21.689364658,1,0
21.689409484,1,1
21.696667610,0,1
21.696679478,0,0
21.696722324,0,1
21.696745688,1,1
21.696765132,1,0
21.696806494,1,1
21.696849306,1,0
21.696890664,1,1
21.696912206,0,1
21.696932490,0,0
21.696973852,0,1
21.696997218,1,1
21.697016662,1,0
21.697058024,1,1
21.697100836,1,0
21.697142194,1,1
21.697185006,1,0
21.697226364,1,1
21.697247904,0,1
21.697268184,0,0
21.697309546,0,1
21.697351370,0,0
21.697395210,0,1
21.697437032,0,0
21.697475428,0,1
21.697498798,1,1
21.697518242,1,0
21.697563068,1,1
21.697581130,1,0
21.698009108,1,1
21.709688670,0,1
21.709700536,0,0
21.709743388,0,1
21.709785214,0,0
21.709826578,0,1
21.709868404,0,0
21.709909770,0,1
21.709951598,0,0
21.709992968,0,1
21.710034796,0,0
21.710076164,0,1
21.710099532,1,1
21.710118978,1,0
21.710160344,1,1
21.710203160,1,0
21.710244520,1,1
21.710287338,1,0
21.710328700,1,1
21.710371516,1,0
21.710415354,1,1
21.710458172,1,0
21.710496568,1,1
21.710539384,1,0
21.710584216,1,1
21.714233254,0,1
21.714245120,0,0
21.714287972,0,1
21.714311340,1,1
21.714330784,1,0
21.714372150,1,1
21.714414968,1,0
21.714456332,1,1
21.714477878,0,1
21.714498164,0,0
21.714539536,0,1
21.714581362,0,0
21.714622734,0,1
21.714646102,1,1
21.714665548,1,0
21.714706912,1,1
21.714749730,1,0
21.714791094,1,1
21.714812638,0,1
21.714832922,0,0
21.714874292,0,1
21.714916120,0,0
21.714959964,0,1
21.714983330,1,1
21.715002778,1,0
21.715041172,1,1
21.715083990,1,0
21.715128820,1,1
21.722404454,1,0
21.730008990,1,1
21.767587052,0,1
21.767598916,0,0
21.767641760,0,1
21.767683574,0,0
21.767724934,0,1
21.767766752,0,0
21.767808112,0,1
21.767849930,0,0
21.767891288,0,1
21.767933108,0,0
21.767974466,0,1
21.767997832,1,1
21.768017270,1,0
21.768058622,1,1
21.768101428,1,0
21.768142782,1,1
21.768185588,1,0
21.768226940,1,1
21.768269754,1,0
21.768313586,1,1
21.768356398,1,0
21.768394784,1,1
21.768437594,1,0
21.768482414,1,1
21.772128444,0,1
21.772140310,0,0
21.772183158,0,1
21.772206526,1,1
21.772225970,1,0
21.772267330,1,1
21.772310140,1,0
21.772351500,1,1
21.772373042,0,1
21.772393324,0,0
21.772434686,0,1
21.772458052,1,1
21.772477498,1,0
21.772518856,1,1
21.772561670,1,0
21.772603030,1,1
21.772645842,1,0
21.772687200,1,1
21.772708744,0,1
21.772729026,0,0
21.772770386,0,1
21.772812204,0,0
21.772856044,0,1
21.772897866,0,0
21.772936256,0,1
21.772959624,1,1
21.772979066,1,0
21.773023886,1,1
21.781164150,1,0
21.786011210,1,1
21.823420416,0,1
21.823432282,0,0
21.823475130,0,1
21.823498496,1,1
21.823517942,1,0
21.823559306,1,1
21.823602116,1,0
21.823643470,1,1
21.823665012,0,1
21.823685296,0,0
21.823726660,0,1
21.823750022,1,1
21.823769466,1,0
21.823810826,1,1
21.823853636,1,0
21.823894990,1,1
21.823937802,1,0
21.823979160,1,1
21.824000704,0,1
21.824020984,0,0
21.824062344,0,1
21.824104168,0,0
21.824148002,0,1
21.824189820,0,0
21.824228212,0,1
21.824251576,1,1
21.824271018,1,0
21.824315842,1,1
21.824334022,1,0
21.826009058,1,1
21.908427836,0,1
21.908439700,0,0
21.908482546,0,1
21.908505910,1,1
21.908525350,1,0
21.908566704,1,1
21.908588244,0,1
21.908608526,0,0
21.908649890,0,1
21.908673252,1,1
21.908692692,1,0
21.908734048,1,1
21.908755590,0,1
21.908775872,0,0
21.908817230,0,1
21.908840590,1,1
21.908860032,1,0
21.908901390,1,1
21.908944198,1,0
21.908985548,1,1
21.909007090,0,1
21.909027372,0,0
21.909068728,0,1
21.909110548,0,0
21.909154384,0,1
21.909177748,1,1
21.909197190,1,0
21.909235574,1,1
21.909278380,1,0
21.909323198,1,1
21.909342260,1,0
21.914008332,1,1
21.947761974,0,1
21.947773840,0,0
21.947816692,0,1
21.947858514,0,0
21.947899882,0,1
21.947941710,0,0
21.947983078,0,1
21.948024900,0,0
21.948066268,0,1
21.948108094,0,0
21.948149462,0,1
21.948172830,1,1
21.948192274,1,0
21.948233638,1,1
21.948276450,1,0
21.948317810,1,1
21.948360628,1,0
21.948401986,1,1
21.948444798,1,0
21.948488638,1,1
21.948531448,1,0
21.948569836,1,1
21.948612652,1,0
21.948657480,1,1
21.952306076,0,1
21.952317942,0,0
21.952360788,0,1
21.952384156,1,1
21.952403602,1,0
21.952444960,1,1
21.952466506,0,1
21.952486790,0,0
21.952528156,0,1
21.952551522,1,1
21.952570968,1,0
21.952612324,1,1
21.952633868,0,1
21.952654154,0,0
21.952695516,0,1
21.952718882,1,1
21.952738326,1,0
21.952779684,1,1
21.952822500,1,0
21.952863858,1,1
21.952885402,0,1
21.952905686,0,0
21.952947048,0,1
21.952988870,0,0
21.953032708,0,1
21.953056074,1,1
21.953075518,1,0
21.953113904,1,1
21.953156716,1,0
21.953201542,1,1
21.960545432,1,0
21.962007636,1,1
21.972970482,0,1
21.972982348,0,0
21.973025192,0,1
21.973067012,0,0
21.973108376,0,1
21.973150196,0,0
21.973191558,0,1
21.973233382,0,0
21.973274748,0,1
21.973316570,0,0
21.973357932,0,1
21.973381298,1,1
21.973400744,1,0
21.973442104,1,1
21.973484922,1,0
21.973526290,1,1
21.973569104,1,0
21.973610462,1,1
21.973653272,1,0
21.973697106,1,1
21.973739918,1,0
21.973778308,1,1
21.973821122,1,0
21.973865946,1,1
21.977511648,0,1
21.977523514,0,0
21.977566364,0,1
21.977589732,1,1
21.977609174,1,0
21.977650534,1,1
21.977693346,1,0
21.977734710,1,1
21.977756254,0,1
21.977776536,0,0
21.977817904,0,1
21.977841272,1,1
21.977860716,1,0
21.977902076,1,1
21.977944894,1,0
21.977986264,1,1
21.978029080,1,0
21.978070444,1,1
21.978091988,0,1
21.978112274,0,0
21.978153636,0,1
21.978195460,0,0
21.978239302,0,1
21.978281126,0,0
21.978319518,0,1
21.978342888,1,1
21.978362332,1,0
21.978407158,1,1
21.986319152,1,0
21.994008432,1,1
22.020770220,0,1
22.020782084,0,0
22.020824928,0,1
22.020848292,1,1
22.020867736,1,0
22.020909088,1,1
22.020951900,1,0
22.020993256,1,1
22.021014798,0,1
22.021035080,0,0
22.021076440,0,1
22.021099806,1,1
22.021119246,1,0
22.021160598,1,1
22.021203408,1,0
22.021244766,1,1
22.021287576,1,0
22.021328930,1,1
22.021350472,0,1
22.021370754,0,0
22.021412112,0,1
22.021453930,0,0
22.021497774,0,1
22.021539594,0,0
22.021577986,0,1
22.021601350,1,1
22.021620794,1,0
22.021665616,1,1
22.021684544,1,0
22.026008482,1,1
22.115950570,0,1
22.115962440,0,0
22.116005292,0,1
22.116047120,0,0
22.116088490,0,1
22.116130322,0,0
22.116171692,0,1
22.116195056,1,1
22.116214502,1,0
22.116255870,1,1
22.116277416,0,1
22.116297702,0,0
22.116339072,0,1
22.116362444,1,1
22.116381890,1,0
22.116423254,1,1
22.116466072,1,0
22.116507440,1,1
22.116528988,0,1
22.116549274,0,0
22.116590642,0,1
22.116632472,0,0
22.116676320,0,1
22.116718148,0,0
22.116756550,0,1
22.116779920,1,1
22.116799368,1,0
22.116844202,1,1
22.116862994,1,0
22.122007512,1,1
22.136705714,0,1
22.136717578,0,0
22.136760422,0,1
22.136802240,0,0
22.136843604,0,1
22.136885426,0,0
22.136926786,0,1
22.136968610,0,0
22.137009972,0,1
22.137051790,0,0
22.137093154,0,1
22.137116520,1,1
22.137135964,1,0
22.137177322,1,1
22.137220134,1,0
22.137261492,1,1
22.137304300,1,0
22.137345656,1,1
22.137388466,1,0
22.137432298,1,1
22.137475110,1,0
22.137513498,1,1
22.137556310,1,0
22.137601132,1,1
22.141246854,0,1
22.141258720,0,0
22.141301566,0,1
22.141324928,1,1
22.141344372,1,0
22.141385730,1,1
22.141428544,1,0
22.141469896,1,1
22.141491432,0,1
22.141511710,0,0
22.141553062,0,1
22.141576418,1,1
22.141595854,1,0
22.141637190,1,1
22.141679988,1,0
22.141721326,1,1
22.141764116,1,0
22.141805452,1,1
22.141826986,0,1
22.141847260,0,0
22.141888602,0,1
22.141930408,0,0
22.141974232,0,1
22.142016036,0,0
22.142054418,0,1
22.142077780,1,1
22.142097222,1,0
22.142142038,1,1
22.145790754,0,1
22.145802620,0,0
22.145845470,0,1
22.145887296,0,0
22.145928666,0,1
22.145970496,0,0
22.146011870,0,1
22.146053694,0,0
22.146095058,0,1
22.146136886,0,0
22.146178252,0,1
22.146201616,1,1
22.146221060,1,0
22.146262424,1,1
22.146305236,1,0
22.146346594,1,1
22.146389408,1,0
22.146430766,1,1
22.146473578,1,0
22.146517416,1,1
22.146560230,1,0
22.146598614,1,1
22.146641420,1,0
22.146686238,1,1
22.150335732,0,1
22.150347596,0,0
22.150390442,0,1
22.150432264,0,0
22.150473630,0,1
22.150515454,0,0
22.150556820,0,1
22.150580186,1,1
22.150599630,1,0
22.150640986,1,1
22.150662528,0,1
22.150682812,0,0
22.150724176,0,1
22.150747540,1,1
22.150766982,1,0
22.150808340,1,1
22.150851152,1,0
22.150892512,1,1
22.150914052,0,1
22.150934334,0,0
22.150975696,0,1
22.151017518,0,0
22.151061352,0,1
22.151103176,0,0
22.151141568,0,1
22.151164934,1,1
22.151184376,1,0
22.151229204,1,1
22.158474686,1,0
22.162008660,1,1
22.185555896,0,1
22.185567762,0,0
22.185610612,0,1
22.185633976,1,1
22.185653420,1,0
22.185694778,1,1
22.185737592,1,0
22.185778948,1,1
22.185800492,0,1
22.185820776,0,0
22.185862142,0,1
22.185885508,1,1
22.185904954,1,0
22.185946318,1,1
22.185989138,1,0
22.186030498,1,1
22.186073310,1,0
22.186114672,1,1
22.186136216,0,1
22.186156498,0,0
22.186197862,0,1
22.186239688,0,0
22.186283530,0,1
22.186325352,0,0
22.186363746,0,1
22.186387114,1,1
22.186406556,1,0
22.186451374,1,1
22.186470402,1,0
22.194008024,1,1
22.258209508,0,1
22.258221374,0,0
22.258264216,0,1
22.258287578,1,1
22.258307020,1,0
22.258348376,1,1
22.258369914,0,1
22.258390194,0,0
22.258431550,0,1
22.258454916,1,1
22.258474362,1,0
22.258515722,1,1
22.258537264,0,1
22.258557548,0,0
22.258598912,0,1
22.258622274,1,1
22.258641718,1,0
22.258683074,1,1
22.258725886,1,0
22.258767242,1,1
22.258788780,0,1
22.258809058,0,0
22.258850416,0,1
22.258892232,0,0
22.258936068,0,1
22.258959432,1,1
22.258978876,1,0
22.259017262,1,1
22.259060068,1,0
22.259104892,1,1
22.259123482,1,0
22.266008272,1,1
22.281054706,0,1
22.281066572,0,0
22.281109418,0,1
22.281151240,0,0
22.281192600,0,1
22.281234422,0,0
22.281275788,0,1
22.281317610,0,0
22.281358976,0,1
22.281400800,0,0
22.281442162,0,1
22.281465528,1,1
22.281484976,1,0
22.281526340,1,1
22.281569156,1,0
22.281610514,1,1
22.281653330,1,0
22.281694692,1,1
22.281737504,1,0
22.281781346,1,1
22.281824160,1,0
22.281862550,1,1
22.281905368,1,0
22.281950202,1,1
22.285598896,0,1
22.285610762,0,0
22.285653606,0,1
22.285676968,1,1
22.285696412,1,0
22.285737770,1,1
22.285759312,0,1
22.285779592,0,0
22.285820954,0,1
22.285844322,1,1
22.285863764,1,0
22.285905126,1,1
22.285926666,0,1
22.285946948,0,0
22.285988314,0,1
22.286011678,1,1
22.286031122,1,0
22.286072484,1,1
22.286115296,1,0
22.286156656,1,1
22.286178196,0,1
22.286198480,0,0
22.286239842,0,1
22.286281664,0,0
22.286325500,0,1
22.286348866,1,1
22.286368308,1,0
22.286406696,1,1
22.286449510,1,0
22.286494342,1,1
22.294555478,1,0
22.298006972,1,1
22.298498184,0,1
22.298510050,0,0
22.298552898,0,1
22.298594720,0,0
22.298636082,0,1
22.298677904,0,0
22.298719268,0,1
22.298761092,0,0
22.298802452,0,1
22.298844276,0,0
22.298885638,0,1
22.298909004,1,1
22.298928448,1,0
22.298969814,1,1
22.299012626,1,0
22.299053984,1,1
22.299096800,1,0
22.299138158,1,1
22.299180966,1,0
22.299224806,1,1
22.299267618,1,0
22.299306006,1,1
22.299348818,1,0
22.299393640,1,1
22.303039348,0,1
22.303051214,0,0
22.303094058,0,1
22.303117424,1,1
22.303136868,1,0
22.303178230,1,1
22.303221042,1,0
22.303262400,1,1
22.303283944,0,1
22.303304226,0,0
22.303345588,0,1
22.303368952,1,1
22.303388398,1,0
22.303429756,1,1
22.303472570,1,0
22.303513932,1,1
22.303556750,1,0
22.303598110,1,1
22.303619652,0,1
22.303639938,0,0
22.303681304,0,1
22.303723126,0,0
22.303766962,0,1
22.303808786,0,0
22.303847178,0,1
22.303870540,1,1
22.303889984,1,0
22.303934812,1,1
22.312077956,1,0
22.314008222,1,1
22.327543440,0,1
22.327555306,0,0
22.327598156,0,1
22.327621520,1,1
22.327640962,1,0
22.327682324,1,1
22.327725132,1,0
22.327766484,1,1
22.327788028,0,1
22.327808310,0,0
22.327849674,0,1
22.327873038,1,1
22.327892484,1,0
22.327933848,1,1
22.327976664,1,0
22.328018026,1,1
22.328060840,1,0
22.328102196,1,1
22.328123740,0,1
22.328144022,0,0
22.328185386,0,1
22.328227204,0,0
22.328271040,0,1
22.328312866,0,0
22.328351260,0,1
22.328374626,1,1
22.328394070,1,0
22.328438898,1,1
22.328456944,1,0
22.330007486,1,1
22.352266296,0,1
22.352278162,0,0
22.352321008,0,1
22.352344372,1,1
22.352363814,1,0
22.352405172,1,1
22.352426712,0,1
22.352446996,0,0
22.352488362,0,1
22.352511738,1,1
22.352531190,1,0
22.352572576,1,1
22.352594130,0,1
22.352614422,0,0
22.352655792,0,1
22.352679160,1,1
22.352698608,1,0
22.352739970,1,1
22.352782782,1,0
22.352824144,1,1
22.352845688,0,1
22.352865970,0,0
22.352907332,0,1
22.352949152,0,0
22.352992992,0,1
22.353016354,1,1
22.353035796,1,0
22.353074184,1,1
22.353116998,1,0
22.353161820,1,1
22.353180536,1,0
22.354007318,1,1
22.419872668,0,1
22.419884536,0,0
22.419927390,0,1
22.419969214,0,0
22.420010578,0,1
22.420052398,0,0
22.420093760,0,1
22.420135580,0,0
22.420176936,0,1
22.420218752,0,0
22.420260112,0,1
22.420283474,1,1
22.420302916,1,0
22.420344274,1,1
22.420387088,1,0
22.420428446,1,1
22.420471256,1,0
22.420512618,1,1
22.420555426,1,0
22.420599262,1,1
22.420642072,1,0
22.420680456,1,1
22.420723266,1,0
22.420768088,1,1
22.424413548,0,1
22.424425414,0,0
22.424468258,0,1
22.424491628,1,1
22.424511072,1,0
22.424552432,1,1
22.424595240,1,0
22.424636596,1,1
22.424658138,0,1
22.424678422,0,0
22.424719780,0,1
22.424743144,1,1
22.424762588,1,0
22.424803948,1,1
22.424846762,1,0
22.424888116,1,1
22.424930930,1,0
22.424972286,1,1
22.424993830,0,1
22.425014112,0,0
22.425055476,0,1
22.425097296,0,0
22.425141132,0,1
22.425182958,0,0
22.425221352,0,1
22.425244720,1,1
22.425264164,1,0
22.425308996,1,1
22.432707366,1,0
22.434007300,1,1
22.463729990,0,1
22.463741856,0,0
22.463784700,0,1
22.463826522,0,0
22.463867886,0,1
22.463909710,0,0
22.463951076,0,1
22.463992900,0,0
22.464034262,0,1
22.464076086,0,0
22.464117448,0,1
22.464140816,1,1
22.464160256,1,0
22.464201614,1,1
22.464244428,1,0
22.464285788,1,1
22.464328596,1,0
22.464369956,1,1
22.464412766,1,0
22.464456598,1,1
22.464499416,1,0
22.464537804,1,1
22.464580618,1,0
22.464625440,1,1
22.468274136,0,1
22.468286002,0,0
22.468328848,0,1
22.468352214,1,1
22.468371658,1,0
22.468413020,1,1
22.468434562,0,1
22.468454848,0,0
22.468496212,0,1
22.468519580,1,1
22.468539022,1,0
22.468580384,1,1
22.468601928,0,1
22.468622212,0,0
22.468663574,0,1
22.468686942,1,1
22.468706388,1,0
22.468747748,1,1
22.468790560,1,0
22.468831920,1,1
22.468853462,0,1
22.468873746,0,0
22.468915108,0,1
22.468956934,0,0
22.469000774,0,1
22.469024142,1,1
22.469043586,1,0
22.469081978,1,1
22.469124794,1,0
22.469169620,1,1
22.477038604,1,0
22.482008398,1,1
24.191732556,0,1
24.191744422,0,0
24.191787268,0,1
24.191810630,1,1
24.191830070,1,0
24.191871428,1,1
24.191914246,1,0
24.191955606,1,1
24.191977146,0,1
24.191997430,0,0
24.192038790,0,1
24.192080614,0,0
24.192121978,0,1
24.192145344,1,1
24.192164790,1,0
24.192206148,1,1
24.192248958,1,0
24.192290320,1,1
24.192311864,0,1
24.192332148,0,0
24.192373510,0,1
24.192415330,0,0
24.192459166,0,1
24.192482534,1,1
24.192501982,1,0
24.192540376,1,1
24.192583190,1,0
24.192628014,1,1
24.192646938,1,0
24.194011692,1,1
24.208281266,0,1
24.208293132,0,0
24.208335976,0,1
24.208377796,0,0
24.208419158,0,1
24.208460980,0,0
24.208502346,0,1
24.208525712,1,1
24.208545158,1,0
24.208586520,1,1
24.208608062,0,1
24.208628346,0,0
24.208669712,0,1
24.208693080,1,1
24.208712524,1,0
24.208753884,1,1
24.208796698,1,0
24.208838058,1,1
24.208859596,0,1
24.208879878,0,0
24.208921242,0,1
24.208963066,0,0
24.209006902,0,1
24.209048724,0,0
24.209087116,0,1
24.209110482,1,1
24.209129924,1,0
24.209174748,1,1
24.209193226,1,0
24.210003738,1,1
24.226111202,1,0
24.226384566,0,0
24.227160306,0,1
24.227267106,0,0
24.227268640,1,0
24.227308476,1,1
24.227350298,1,0
24.227351934,0,0
24.227391666,0,1
24.227434484,0,0
24.227435826,1,0
24.227475846,1,1
24.227517672,1,0
24.227559036,1,1
24.227600844,1,0
24.227602642,0,0
24.227642208,0,1
24.227685036,0,0
24.227686546,1,0
24.227726406,1,1
24.227768228,1,0
24.227809594,1,1
24.227851420,1,0
24.227892778,1,1
24.227936084,1,0
24.227977446,1,1
24.228020254,1,0
24.228061610,1,1
24.228095036,0,1
24.228108390,0,0
24.228149766,0,1
24.228173138,1,1
24.228446082,0,1
24.228457948,0,0
24.228500800,0,1
24.228542624,0,0
24.228583990,0,1
24.228607356,1,1
24.228626798,1,0
24.228668156,1,1
24.228689696,0,1
24.228709978,0,0
24.228751342,0,1
24.228774706,1,1
24.228794150,1,0
24.228835510,1,1
24.228878328,1,0
24.228919686,1,1
24.228962498,1,0
24.229003860,1,1
24.229046674,1,0
24.229088032,1,1
24.229130846,1,0
24.229174678,1,1
24.229217488,1,0
24.229255878,1,1
24.229298688,1,0
24.229343512,1,1
24.229355916,1,0
24.229629348,0,0
24.230404992,0,1
24.230446316,0,0
24.230487696,0,1
24.230530518,0,0
24.230571898,0,1
24.230614716,0,0
24.230656092,0,1
24.230698914,0,0
24.230740290,0,1
24.230783108,0,0
24.230824484,0,1
24.230867304,0,0
24.230908678,0,1
24.230951498,0,0
24.230992874,0,1
24.231035690,0,0
24.231077066,0,1
24.231121372,0,0
24.231122794,1,0
24.231162736,1,1
24.231205556,1,0
24.231246918,1,1
24.231280344,0,1
24.231293698,0,0
24.231335074,0,1
24.231358442,1,1
24.231702980,0,1
24.231714826,0,0
24.231757604,0,1
24.231799356,0,0
24.231840644,0,1
24.231863970,1,1
24.231883384,1,0
24.231924668,1,1
24.231946174,0,1
24.231966420,0,0
24.232007708,0,1
24.232031030,1,1
24.232050444,1,0
24.232091730,1,1
24.232134468,1,0
24.232175752,1,1
24.232218486,1,0
24.232259768,1,1
24.232302506,1,0
24.232343788,1,1
24.232386526,1,0
24.232430276,1,1
24.232473012,1,0
24.232511330,1,1
24.232554066,1,0
24.232598806,1,1
24.232612516,1,0
24.232613764,1,1
24.256466358,0,1
24.256478206,0,0
24.256520984,0,1
24.256562734,0,0
24.256604018,0,1
24.256645762,0,0
24.256687042,0,1
24.256728784,0,0
24.256770064,0,1
24.256811808,0,0
24.256853098,0,1
24.256876432,1,1
24.256895852,1,0
24.256937160,1,1
24.256979916,1,0
24.257021206,1,1
24.257063946,1,0
24.257105222,1,1
24.257147956,1,0
24.257191706,1,1
24.257234440,1,0
24.257272752,1,1
24.257315486,1,0
24.257360220,1,1
24.261001970,0,1
24.261013806,0,0
24.261056542,0,1
24.261098266,0,0
24.261139524,0,1
24.261181246,0,0
24.261222504,0,1
24.261245814,1,1
24.261265212,1,0
24.261306466,1,1
24.261327958,0,1
24.261348192,0,0
24.261389452,0,1
24.261412758,1,1
24.261432158,1,0
24.261473412,1,1
24.261516128,1,0
24.261557382,1,1
24.261578874,0,1
24.261599108,0,0
24.261640368,0,1
24.261682092,0,0
24.261725820,0,1
24.261767544,0,0
24.261805838,0,1
24.261829144,1,1
24.261848544,1,0
24.261893258,1,1
24.268700512,0,1
24.268712354,0,0
24.268755110,0,1
24.268796850,0,0
24.268838128,0,1
24.268879870,0,0
24.268921144,0,1
24.268962888,0,0
24.269004166,0,1
24.269045904,0,0
24.269087182,0,1
24.269110500,1,1
24.269129912,1,0
24.269171180,1,1
24.269213912,1,0
24.269255186,1,1
24.269297910,1,0
24.269339182,1,1
24.269381910,1,0
24.269425650,1,1
24.269468378,1,0
24.269506690,1,1
24.269549418,1,0
24.269594146,1,1
24.273235336,0,1
24.273247176,0,0
24.273289930,0,1
24.273313246,1,1
24.273332652,1,0
24.273373920,1,1
24.273416644,1,0
24.273457914,1,1
24.273479414,0,1
24.273499658,0,0
24.273540936,0,1
24.273582676,0,0
24.273623952,0,1
24.273647268,1,1
24.273666676,1,0
24.273707946,1,1
24.273750676,1,0
24.273791944,1,1
24.273813446,0,1
24.273833686,0,0
24.273874960,0,1
24.273916702,0,0
24.273960454,0,1
24.273983778,1,1
24.274003186,1,0
24.274041494,1,1
24.274084226,1,0
24.274128954,1,1
24.282276288,1,0
24.290004310,1,1
24.329788222,0,1
24.329800066,0,0
24.329842826,0,1
24.329866146,1,1
24.329885556,1,0
24.329926838,1,1
24.329969568,1,0
24.330010832,1,1
24.330032332,0,1
24.330052574,0,0
24.330093842,0,1
24.330117158,1,1
24.330136562,1,0
24.330177832,1,1
24.330220554,1,0
24.330261816,1,1
24.330304536,1,0
24.330345798,1,1
24.330367292,0,1
24.330387526,0,0
24.330428790,0,1
24.330470520,0,0
24.330514260,0,1
24.330555990,0,0
24.330594294,0,1
24.330617610,1,1
24.330637012,1,0
24.330681734,1,1
24.330700320,1,0
24.338002768,1,1
24.348751854,0,1
24.348763692,0,0
24.348806442,0,1
24.348829758,1,1
24.348849162,1,0
24.348890430,1,1
24.348933156,1,0
24.348974422,1,1
24.348995922,0,1
24.349016158,0,0
24.349057430,0,1
24.349099168,0,0
24.349140436,0,1
24.349163746,1,1
24.349183154,1,0
24.349224420,1,1
24.349267142,1,0
24.349308410,1,1
24.349329910,0,1
24.349350150,0,0
24.349391416,0,1
24.349433152,0,0
24.349476894,0,1
24.349500212,1,1
24.349519618,1,0
24.349557920,1,1
24.349600644,1,0
24.349645366,1,1
24.349663124,1,0
24.354003180,1,1
24.370344974,1,0
24.370618292,0,0
24.371393890,0,1
24.371522804,0,0
24.371524328,1,0
24.371564082,1,1
24.371605822,1,0
24.371607594,0,0
24.371647104,0,1
24.371689830,0,0
24.371691456,1,0
24.371731102,1,1
24.371772838,1,0
24.371814106,1,1
24.371855842,1,0
24.371857258,0,0
24.371897124,0,1
24.371939852,0,0
24.371942128,1,0
24.371981126,1,1
24.372022866,1,0
24.372064134,1,1
24.372105872,1,0
24.372147144,1,1
24.372190362,1,0
24.372231628,1,1
24.372274352,1,0
24.372315614,1,1
24.372348970,0,1
24.372362294,0,0
24.372403580,0,1
24.372426904,1,1
24.372699268,0,1
24.372711108,0,0
24.372753858,0,1
24.372795594,0,0
24.372836862,0,1
24.372860178,1,1
24.372879584,1,0
24.372920850,1,1
24.372942348,0,1
24.372962588,0,0
24.373003860,0,1
24.373027174,1,1
24.373046578,1,0
24.373087844,1,1
24.373130568,1,0
24.373171834,1,1
24.373214556,1,0
24.373255824,1,1
24.373298548,1,0
24.373339812,1,1
24.373382534,1,0
24.373426272,1,1
24.373468992,1,0
24.373507296,1,1
24.373550020,1,0
24.373594748,1,1
24.373609258,1,0
24.373878546,0,0
24.374654076,0,1
24.374695196,0,0
24.374736484,0,1
24.374779214,0,0
24.374820502,0,1
24.374863232,0,0
24.374865104,1,0
24.374904508,1,1
24.374946250,1,0
24.374947378,0,0
24.374987532,0,1
24.375030260,0,0
24.375071540,0,1
24.375114272,0,0
24.375155556,0,1
24.375198286,0,0
24.375239568,0,1
24.375282302,0,0
24.375323586,0,1
24.375367800,0,0
24.375409082,0,1
24.375448354,0,0
24.375450262,1,0
24.375489630,1,1
24.375522990,0,1
24.375536318,0,0
24.375577606,0,1
24.375600924,1,1
24.375940678,0,1
24.375952536,0,0
24.375995362,0,1
24.376037166,0,0
24.376078510,0,1
24.376101862,1,1
24.376121300,1,0
24.376162644,1,1
24.376184180,0,1
24.376204458,0,0
24.376245806,0,1
24.376269160,1,1
24.376288600,1,0
24.376329942,1,1
24.376372740,1,0
24.376414082,1,1
24.376456882,1,0
24.376498224,1,1
24.376541024,1,0
24.376582370,1,1
24.376625164,1,0
24.376668966,1,1
24.376711766,1,0
24.376750152,1,1
24.376792956,1,0
24.376837762,1,1
24.376850068,1,0
24.376851324,1,1
24.409219894,0,1
24.409231754,0,0
24.409274588,0,1
24.409316400,0,0
24.409357750,0,1
24.409399562,0,0
24.409440914,0,1
24.409482732,0,0
24.409524088,0,1
24.409565904,0,0
24.409607260,0,1
24.409630622,1,1
24.409650060,1,0
24.409691410,1,1
24.409734212,1,0
24.409775558,1,1
24.409818360,1,0
24.409859708,1,1
24.409902512,1,0
24.409946340,1,1
24.409989148,1,0
24.410027528,1,1
24.410070330,1,0
24.410115144,1,1
24.413759986,0,1
24.413771848,0,0
24.413814686,0,1
24.413838046,1,1
24.413857486,1,0
24.413898836,1,1
24.413941642,1,0
24.413982988,1,1
24.414004528,0,1
24.414024808,0,0
24.414066160,0,1
24.414089524,1,1
24.414108962,1,0
24.414150310,1,1
24.414193116,1,0
24.414234464,1,1
24.414277266,1,0
24.414318616,1,1
24.414340154,0,1
24.414360430,0,0
24.414401778,0,1
24.414443594,0,0
24.414487428,0,1
24.414529248,0,0
24.414567634,0,1
24.414590996,1,1
24.414610436,1,0
24.414655248,1,1
24.418303242,0,1
24.418315106,0,0
24.418357944,0,1
24.418399754,0,0
24.418441104,0,1
24.418482920,0,0
24.418524278,0,1
24.418566094,0,0
24.418607446,0,1
24.418649262,0,0
24.418690612,0,1
24.418713970,1,1
24.418733412,1,0
24.418774766,1,1
24.418817566,1,0
24.418858916,1,1
24.418901722,1,0
24.418943070,1,1
24.418985874,1,0
24.419029698,1,1
24.419072502,1,0
24.419110880,1,1
24.419153686,1,0
24.419198504,1,1
24.422846348,0,1
24.422858210,0,0
24.422901044,0,1
24.422924402,1,1
24.422943842,1,0
24.422985188,1,1
24.423027992,1,0
24.423069338,1,1
24.423090878,0,1
24.423111156,0,0
24.423152508,0,1
24.423194322,0,0
24.423235676,0,1
24.423259034,1,1
24.423278474,1,0
24.423319822,1,1
24.423362628,1,0
24.423403974,1,1
24.423425514,0,1
24.423445792,0,0
24.423487144,0,1
24.423528960,0,0
24.423572788,0,1
24.423596148,1,1
24.423615590,1,0
24.423653970,1,1
24.423696772,1,0
24.423741586,1,1
24.431703400,1,0
24.434003842,1,1
24.460821980,0,1
24.460833844,0,0
24.460876678,0,1
24.460900038,1,1
24.460919474,1,0
24.460960816,1,1
24.461003618,1,0
24.461044966,1,1
24.461066502,0,1
24.461086778,0,0
24.461128126,0,1
24.461169940,0,0
24.461211306,0,1
24.461234678,1,1
24.461254128,1,0
24.461295494,1,1
24.461338304,1,0
24.461379656,1,1
24.461401198,0,1
24.461421478,0,0
24.461462830,0,1
24.461504650,0,0
24.461548478,0,1
24.461571838,1,1
24.461591278,1,0
24.461629656,1,1
24.461672460,1,0
24.461717272,1,1
24.461734854,1,0
24.466002608,1,1
24.490429598,1,0
24.490699048,0,0
24.491475084,0,1
24.492004532,0,0
24.492006768,1,0
24.492045890,1,1
24.492087712,1,0
24.492089090,0,0
24.492129072,0,1
24.492171880,0,0
24.492174032,1,0
24.492213230,1,1
24.492255044,1,0
24.492296392,1,1
24.492338210,1,0
24.492339970,0,0
24.492379572,0,1
24.492422376,0,0
24.492423892,1,0
24.492463732,1,1
24.492505554,1,0
24.492546902,1,1
24.492588718,1,0
24.492630068,1,1
24.492673364,1,0
24.492714718,1,1
24.492757520,1,0
24.492798866,1,1
24.492832286,0,1
24.492845638,0,0
24.492887004,0,1
24.492910364,1,1
24.493183246,0,1
24.493195108,0,0
24.493237944,0,1
24.493279758,0,0
24.493321112,0,1
24.493344474,1,1
24.493363918,1,0
24.493405272,1,1
24.493426810,0,1
24.493447088,0,0
24.493488446,0,1
24.493511806,1,1
24.493531248,1,0
24.493572600,1,1
24.493615410,1,0
24.493656764,1,1
24.493699568,1,0
24.493740918,1,1
24.493783726,1,0
24.493825074,1,1
24.493867880,1,0
24.493911708,1,1
24.493954514,1,0
24.493992892,1,1
24.494035702,1,0
24.494080520,1,1
24.494094740,1,0
24.494364160,0,0
24.495139998,0,1
24.495183102,0,0
24.495224478,0,1
24.495267294,0,0
24.495308666,0,1
24.495351478,0,0
24.495392848,0,1
24.495435658,0,0
24.495477028,0,1
24.495519844,0,0
24.495561214,0,1
24.495604028,0,0
24.495645396,0,1
24.495688208,0,0
24.495729576,0,1
24.495772388,0,0
24.495813758,0,1
24.495858058,0,0
24.495860012,1,0
24.495899416,1,1
24.495942230,1,0
24.495983584,1,1
24.496017006,0,1
24.496030358,0,0
24.496071728,0,1
24.496095094,1,1
24.496439574,0,1
24.496451416,0,0
24.496494188,0,1
24.496535940,0,0
24.496577224,0,1
24.496600546,1,1
24.496619956,1,0
24.496661234,1,1
24.496682734,0,1
24.496702974,0,0
24.496744246,0,1
24.496767562,1,1
24.496786964,1,0
24.496828228,1,1
24.496870948,1,0
24.496912210,1,1
24.496954932,1,0
24.496996190,1,1
24.497038908,1,0
24.497080168,1,1
24.497122884,1,0
24.497166618,1,1
24.497209332,1,0
24.497247626,1,1
24.497290350,1,0
24.497335080,1,1
24.497348130,1,0
24.497349378,1,1
24.540232518,0,1
24.540244356,0,0
24.540287102,0,1
24.540328828,0,0
24.540370088,0,1
24.540411818,0,0
24.540453084,0,1
24.540494822,0,0
24.540536092,0,1
24.540577828,0,0
24.540619096,0,1
24.540642410,1,1
24.540661814,1,0
24.540703078,1,1
24.540745800,1,0
24.540787062,1,1
24.540829786,1,0
24.540871048,1,1
24.540913766,1,0
24.540957500,1,1
24.541000218,1,0
24.541038512,1,1
24.541081232,1,0
24.541125952,1,1
24.544766182,0,1
24.544778022,0,0
24.544820764,0,1
24.544844074,1,1
24.544863480,1,0
24.544904740,1,1
24.544947458,1,0
24.544988716,1,1
24.545010214,0,1
24.545030450,0,0
24.545071714,0,1
24.545113442,0,0
24.545154712,0,1
24.545178026,1,1
24.545197430,1,0
24.545238694,1,1
24.545281420,1,0
24.545322680,1,1
24.545344178,0,1
24.545364414,0,0
24.545405680,0,1
24.545447412,0,0
24.545491152,0,1
24.545514468,1,1
24.545533874,1,0
24.545572178,1,1
24.545614898,1,0
24.545659620,1,1
24.553343800,1,0
24.554003342,1,1
24.604015356,0,1
24.604027192,0,0
24.604069928,0,1
24.604093240,1,1
24.604112640,1,0
24.604153896,1,1
24.604196608,1,0
24.604237864,1,1
24.604259360,0,1
24.604279594,0,0
24.604320850,0,1
24.604362578,0,0
24.604403840,0,1
24.604427148,1,1
24.604446548,1,0
24.604487808,1,1
24.604530532,1,0
24.604571790,1,1
24.604593286,0,1
24.604613520,0,0
24.604654784,0,1
24.604696508,0,0
24.604740236,0,1
24.604763546,1,1
24.604782950,1,0
24.604821244,1,1
24.604863956,1,0
24.604908670,1,1
24.604927430,1,0
24.610002738,1,1
24.627282338,1,0
24.627555618,0,0
24.628331314,0,1
24.629148286,0,0
24.629149748,1,0
24.629189556,1,1
24.629231290,1,0
24.629233034,0,0
24.629272566,0,1
24.629315292,0,0
24.629316916,1,0
24.629356558,1,1
24.629398294,1,0
24.629439560,1,1
24.629481292,1,0
24.629482754,0,0
24.629522570,0,1
24.629565292,0,0
24.629566634,1,0
24.629606558,1,1
24.629648290,1,0
24.629689552,1,1
24.629731284,1,0
24.629772550,1,1
24.629815764,1,0
24.629857028,1,1
24.629899750,1,0
24.629941014,1,1
24.629974368,0,1
24.629987694,0,0
24.630028970,0,1
24.630052282,1,1
24.630324604,0,1
24.630336444,0,0
24.630379188,0,1
24.630420920,0,0
24.630462178,0,1
24.630485484,1,1
24.630504890,1,0
24.630546162,1,1
24.630567668,0,1
24.630587916,0,0
24.630629198,0,1
24.630652508,1,1
24.630671914,1,0
24.630713174,1,1
24.630755900,1,0
24.630797162,1,1
24.630839882,1,0
24.630881144,1,1
24.630923864,1,0
24.630965128,1,1
24.631007848,1,0
24.631051578,1,1
24.631094298,1,0
24.631132594,1,1
24.631175314,1,0
24.631220032,1,1
24.631231884,1,0
24.631501226,0,0
24.632276756,0,1
24.632322802,0,0
24.632364080,0,1
24.632406802,0,0
24.632448080,0,1
24.632490808,0,0
24.632492808,1,0
24.632532076,1,1
24.632573812,1,0
24.632575084,0,0
24.632615084,0,1
24.632657806,0,0
24.632699080,0,1
24.632741802,0,0
24.632783076,0,1
24.632825800,0,0
24.632867076,0,1
24.632909798,0,0
24.632951074,0,1
24.632995280,0,0
24.633036554,0,1
24.633075820,0,0
24.633077994,1,0
24.633117088,1,1
24.633150440,0,1
24.633163766,0,0
24.633205042,0,1
24.633228358,1,1
24.633568046,0,1
24.633579902,0,0
24.633622718,0,1
24.633664512,0,0
24.633705848,0,1
24.633729200,1,1
24.633748636,1,0
24.633789968,1,1
24.633811502,0,1
24.633831774,0,0
24.633873116,0,1
24.633896470,1,1
24.633915908,1,0
24.633957250,1,1
24.634000046,1,0
24.634041386,1,1
24.634084178,1,0
24.634125516,1,1
24.634168306,1,0
24.634209640,1,1
24.634252432,1,0
24.634296238,1,1
24.634339034,1,0
24.634377400,1,1
24.634420190,1,0
24.634464988,1,1
24.634477016,1,0
24.634478274,1,1
24.647709012,0,1
24.647720872,0,0
24.647763700,0,1
24.647787056,1,1
24.647806494,1,0
24.647847834,1,1
24.647890634,1,0
24.647931976,1,1
24.647953514,0,1
24.647973788,0,0
24.648015134,0,1
24.648038492,1,1
24.648057930,1,0
24.648099274,1,1
24.648142074,1,0
24.648183416,1,1
24.648226216,1,0
24.648267562,1,1
24.648289098,0,1
24.648309374,0,0
24.648350720,0,1
24.648392526,0,0
24.648436348,0,1
24.648478156,0,0
24.648516536,0,1
24.648539896,1,1
24.648559334,1,0
24.648604144,1,1
24.648621940,1,0
24.650002624,1,1
24.676143794,0,1
24.676155654,0,0
24.676198486,0,1
24.676240292,0,0
24.676281638,0,1
24.676323448,0,0
24.676364798,0,1
24.676406606,0,0
24.676447952,0,1
24.676489766,0,0
24.676531116,0,1
24.676554474,1,1
24.676573912,1,0
24.676615258,1,1
24.676658054,1,0
24.676699396,1,1
24.676742198,1,0
24.676783540,1,1
24.676826338,1,0
24.676870158,1,1
24.676912956,1,0
24.676951326,1,1
24.676994126,1,0
24.677038932,1,1
24.680683668,0,1
24.680695530,0,0
24.680738362,0,1
24.680761720,1,1
24.680781160,1,0
24.680822502,1,1
24.680865304,1,0
24.680906648,1,1
24.680928186,0,1
24.680948464,0,0
24.680989812,0,1
24.681013172,1,1
24.681032612,1,0
24.681073956,1,1
24.681116760,1,0
24.681158100,1,1
24.681200902,1,0
24.681242248,1,1
24.681263782,0,1
24.681284060,0,0
24.681325410,0,1
24.681367220,0,0
24.681411048,0,1
24.681452860,0,0
24.681491244,0,1
24.681514604,1,1
24.681534044,1,0
24.681578856,1,1
24.689405746,1,0
24.690001922,1,1
24.698752596,0,1
24.698764458,0,0
24.698807290,0,1
24.698849098,0,0
24.698890448,0,1
24.698932260,0,0
24.698973610,0,1
24.699015422,0,0
24.699056768,0,1
24.699098580,0,0
24.699139928,0,1
24.699163288,1,1
24.699182726,1,0
24.699224074,1,1
24.699266872,1,0
24.699308214,1,1
24.699351012,1,0
24.699392356,1,1
24.699435160,1,0
24.699478980,1,1
24.699521786,1,0
24.699560164,1,1
24.699602966,1,0
24.699647774,1,1
24.703295140,0,1
24.703306996,0,0
24.703349808,0,1
24.703373156,1,1
24.703392588,1,0
24.703433924,1,1
24.703476718,1,0
24.703518064,1,1
24.703539598,0,1
24.703559872,0,0
24.703601220,0,1
24.703643030,0,0
24.703684376,0,1
24.703707734,1,1
24.703727172,1,0
24.703768514,1,1
24.703811316,1,0
24.703852664,1,1
24.703874202,0,1
24.703894480,0,0
24.703935826,0,1
24.703977636,0,0
24.704021460,0,1
24.704044820,1,1
24.704064258,1,0
24.704102632,1,1
24.704145430,1,0
24.704190234,1,1
24.712090386,1,0
24.714002980,1,1
24.754763058,1,0
24.755032442,0,0
24.755808260,0,1
24.757237276,0,0
24.757239400,1,0
24.757278628,1,1
24.757320442,1,0
24.757321692,0,0
24.757361800,0,1
24.757404606,0,0
24.757406594,1,0
24.757445958,1,1
24.757487780,1,0
24.757529128,1,1
24.757570938,1,0
24.757572454,0,0
24.757612296,0,1
24.757655100,0,0
24.757657344,1,0
24.757696448,1,1
24.757738258,1,0
24.757779602,1,1
24.757821408,1,0
24.757862752,1,1
24.757906044,1,0
24.757947388,1,1
24.757990188,1,0
24.758031532,1,1
24.758064944,0,1
24.758078294,0,0
24.758119652,0,1
24.758143012,1,1
24.758415880,0,1
24.758427742,0,0
24.758470572,0,1
24.758512388,0,0
24.758553740,0,1
24.758577100,1,1
24.758596538,1,0
24.758637886,1,1
24.758659424,0,1
24.758679704,0,0
24.758721058,0,1
24.758744418,1,1
24.758763860,1,0
24.758805208,1,1
24.758848012,1,0
24.758889358,1,1
24.758932160,1,0
24.758973508,1,1
24.759016310,1,0
24.759057662,1,1
24.759100464,1,0
24.759144282,1,1
24.759187084,1,0
24.759225458,1,1
24.759268260,1,0
24.759313068,1,1
24.759325994,1,0
24.759599444,0,0
24.760375324,0,1
24.760415586,0,0
24.760456950,0,1
24.760499764,0,0
24.760541126,0,1
24.760583930,0,0
24.760625292,0,1
24.760668098,0,0
24.760709456,0,1
24.760752260,0,0
24.760793622,0,1
24.760836422,0,0
24.760877782,0,1
24.760920588,0,0
24.760961944,0,1
24.761004748,0,0
24.761046108,0,1
24.761090396,0,0
24.761092276,1,0
24.761131750,1,1
24.761174552,1,0
24.761215898,1,1
24.761249316,0,1
24.761262668,0,0
24.761304028,0,1
24.761327384,1,1
24.761671824,0,1
24.761683668,0,0
24.761726428,0,1
24.761768172,0,0
24.761809456,0,1
24.761832776,1,1
24.761852184,1,0
24.761893460,1,1
24.761914966,0,1
24.761935210,0,0
24.761976492,0,1
24.761999810,1,1
24.762019218,1,0
24.762060496,1,1
24.762103226,1,0
24.762144496,1,1
24.762187224,1,0
24.762228496,1,1
24.762271218,1,0
24.762312488,1,1
24.762355214,1,0
24.762398952,1,1
24.762441678,1,0
24.762479978,1,1
24.762522702,1,0
24.762567426,1,1
24.762579460,1,0
24.762580718,1,1
24.799553064,0,1
24.799564902,0,0
24.799607638,0,1
24.799630936,1,1
24.799650334,1,0
24.799691598,1,1
24.799734326,1,0
24.799775584,1,1
24.799797082,0,1
24.799817320,0,0
24.799858582,0,1
24.799881892,1,1
24.799901296,1,0
24.799942558,1,1
24.799985278,1,0
24.800026540,1,1
24.800069256,1,0
24.800110514,1,1
24.800132010,0,1
24.800152244,0,0
24.800193504,0,1
24.800235234,0,0
24.800278970,0,1
24.800320700,0,0
24.800358998,0,1
24.800382308,1,1
24.800401708,1,0
24.800446418,1,1
24.800463952,1,0
24.802002506,1,1
24.804088004,0,1
24.804099838,0,0
24.804142564,0,1
24.804184274,0,0
24.804225514,0,1
24.804267224,0,0
24.804308470,0,1
24.804331770,1,1
24.804351164,1,0
24.804392404,1,1
24.804413892,0,1
24.804434118,0,0
24.804475364,0,1
24.804498674,1,1
24.804518078,1,0
24.804559338,1,1
24.804602052,1,0
24.804643308,1,1
24.804664802,0,1
24.804685040,0,0
24.804726304,0,1
24.804768032,0,0
24.804811770,0,1
24.804853496,0,0
24.804891796,0,1
24.804915108,1,1
24.804934514,1,0
24.804979238,1,1
24.804997470,1,0
24.810001886,1,1
24.821711454,0,1
24.821723290,0,0
24.821766030,0,1
24.821807754,0,0
24.821849018,0,1
24.821890748,0,0
24.821932010,0,1
24.821973742,0,0
24.822015004,0,1
24.822056732,0,0
24.822097996,0,1
24.822121304,1,1
24.822140710,1,0
24.822181968,1,1
24.822224686,1,0
24.822265948,1,1
24.822308664,1,0
24.822349920,1,1
24.822392640,1,0
24.822436368,1,1
24.822479086,1,0
24.822517388,1,1
24.822560104,1,0
24.822604818,1,1
24.826241988,0,1
24.826253826,0,0
24.826296572,0,1
24.826319884,1,1
24.826339288,1,0
24.826380542,1,1
24.826423264,1,0
24.826464522,1,1
24.826486022,0,1
24.826506260,0,0
24.826547530,0,1
24.826570844,1,1
24.826590248,1,0
24.826631506,1,1
24.826674230,1,0
24.826715500,1,1
24.826758222,1,0
24.826799484,1,1
24.826820982,0,1
24.826841220,0,0
24.826882482,0,1
24.826924212,0,0
24.826967946,0,1
24.827009678,0,0
24.827047976,0,1
24.827071288,1,1
24.827090692,1,0
24.827135410,1,1
24.833955392,0,1
24.833967230,0,0
24.834009976,0,1
24.834051708,0,0
24.834092972,0,1
24.834134704,0,0
24.834175970,0,1
24.834217700,0,0
24.834258960,0,1
24.834300688,0,0
24.834341948,0,1
24.834365256,1,1
24.834384658,1,0
24.834425918,1,1
24.834468634,1,0
24.834509902,1,1
24.834552630,1,0
24.834593896,1,1
24.834636614,1,0
24.834680344,1,1
24.834723060,1,0
24.834761350,1,1
24.834804066,1,0
24.834848780,1,1
24.838489672,0,1
24.838501512,0,0
24.838544252,0,1
24.838585980,0,0
24.838627248,0,1
24.838668982,0,0
24.838710244,0,1
24.838733554,1,1
24.838752954,1,0
24.838794206,1,1
24.838815700,0,1
24.838835934,0,0
24.838877196,0,1
24.838900504,1,1
24.838919906,1,0
24.838961156,1,1
24.839003870,1,0
24.839045126,1,1
24.839066620,0,1
24.839086854,0,0
24.839128116,0,1
24.839169846,0,0
24.839213578,0,1
24.839255310,0,0
24.839293610,0,1
24.839316920,1,1
24.839336322,1,0
24.839381040,1,1
24.847113884,1,0
24.850002598,1,1
24.890800036,1,0
24.891069328,0,0
24.891844938,0,1
24.893338662,0,0
24.893340082,1,0
24.893379918,1,1
24.893421644,1,0
24.893423350,0,0
24.893462906,0,1
24.893505620,0,0
24.893507202,1,0
24.893546874,1,1
24.893588600,1,0
24.893629852,1,1
24.893671574,1,0
24.893673022,0,0
24.893712832,0,1
24.893755540,0,0
24.893756892,1,0
24.893796796,1,1
24.893838522,1,0
24.893879774,1,1
24.893921502,1,0
24.893962750,1,1
24.894005952,1,0
24.894047204,1,1
24.894089914,1,0
24.894131166,1,1
24.894164510,0,1
24.894177830,0,0
24.894219096,0,1
24.894242402,1,1
24.894514660,0,1
24.894526496,0,0
24.894569234,0,1
24.894610956,0,0
24.894652212,0,1
24.894675522,1,1
24.894694922,1,0
24.894736178,1,1
24.894757674,0,1
24.894777908,0,0
24.894819166,0,1
24.894842478,1,1
24.894861880,1,0
24.894903134,1,1
24.894945850,1,0
24.894987102,1,1
24.895029814,1,0
24.895071064,1,1
24.895113772,1,0
24.895155022,1,1
24.895197732,1,0
24.895241458,1,1
24.895284164,1,0
24.895322450,1,1
24.895365162,1,0
24.895409868,1,1
24.895422058,1,0
24.895691344,0,0
24.896466782,0,1
24.896509962,0,0
24.896551236,0,1
24.896593956,0,0
24.896635224,0,1
24.896677940,0,0
24.896679814,1,0
24.896719194,1,1
24.896760918,1,0
24.896762058,0,0
24.896802180,0,1
24.896844892,0,0
24.896886154,0,1
24.896928864,0,0
24.896970130,0,1
24.897012844,0,0
24.897054112,0,1
24.897096832,0,0
24.897138098,0,1
24.897182302,0,0
24.897223570,0,1
24.897262830,0,0
24.897264844,1,0
24.897304088,1,1
24.897337438,0,1
24.897350760,0,0
24.897392028,0,1
24.897415336,1,1
24.897754978,0,1
24.897766834,0,0
24.897809642,0,1
24.897851438,0,0
24.897892768,0,1
24.897916118,1,1
24.897935552,1,0
24.897976888,1,1
24.897998420,0,1
24.898018692,0,0
24.898060026,0,1
24.898083378,1,1
24.898102812,1,0
24.898144146,1,1
24.898186934,1,0
24.898228264,1,1
24.898271054,1,0
24.898312384,1,1
24.898355172,1,0
24.898396508,1,1
24.898439294,1,0
24.898483096,1,1
24.898525890,1,0
24.898564250,1,1
24.898607038,1,0
24.898651834,1,1
24.898666712,1,0
24.898667972,1,1
24.935553488,0,1
24.935565346,0,0
24.935608166,0,1
24.935631518,1,1
24.935650954,1,0
24.935692288,1,1
24.935735078,1,0
24.935776412,1,1
24.935797944,0,1
24.935818214,0,0
24.935859554,0,1
24.935882910,1,1
24.935902348,1,0
24.935943686,1,1
24.935986480,1,0
24.936027818,1,1
24.936070608,1,0
24.936111940,1,1
24.936133474,0,1
24.936153746,0,0
24.936195084,0,1
24.936236886,0,0
24.936280706,0,1
24.936322510,0,0
24.936360878,0,1
24.936384232,1,1
24.936403666,1,0
24.936448458,1,1
24.936467128,1,0
24.938001944,1,1
24.940095798,0,1
24.940107658,0,0
24.940150478,0,1
24.940173832,1,1
24.940193270,1,0
24.940234606,1,1
24.940277398,1,0
24.940318736,1,1
24.940340270,0,1
24.940360544,0,0
24.940401890,0,1
24.940443704,0,0
24.940485054,0,1
24.940508414,1,1
24.940527850,1,0
24.940569194,1,1
24.940611992,1,0
24.940653328,1,1
24.940674866,0,1
24.940695152,0,0
24.940736520,0,1
24.940778336,0,0
24.940822166,0,1
24.940845528,1,1
24.940864970,1,0
24.940903350,1,1
24.940946152,1,0
24.940990968,1,1
24.941009876,1,0
24.946002258,1,1
24.957757366,0,1
24.957769226,0,0
24.957812054,0,1
24.957853858,0,0
24.957895208,0,1
24.957937014,0,0
24.957978360,0,1
24.958020172,0,0
24.958061520,0,1
24.958103324,0,0
24.958144670,0,1
24.958168028,1,1
24.958187468,1,0
24.958228808,1,1
24.958271608,1,0
24.958312954,1,1
24.958355752,1,0
24.958397096,1,1
24.958439894,1,0
24.958483708,1,1
24.958526510,1,0
24.958564882,1,1
24.958607676,1,0
24.958652482,1,1
24.962299810,0,1
24.962311670,0,0
24.962354500,0,1
24.962377854,1,1
24.962397292,1,0
24.962438634,1,1
24.962481432,1,0
24.962522774,1,1
24.962544306,0,1
24.962564580,0,0
24.962605924,0,1
24.962647732,0,0
24.962689078,0,1
24.962712432,1,1
24.962731870,1,0
24.962773214,1,1
24.962816008,1,0
24.962857346,1,1
24.962878884,0,1
24.962899160,0,0
24.962940498,0,1
24.962982306,0,0
24.963026126,0,1
24.963049482,1,1
24.963068920,1,0
24.963107292,1,1
24.963150094,1,0
24.963194898,1,1
24.970011364,0,1
24.970023224,0,0
24.970066050,0,1
24.970107858,0,0
24.970149198,0,1
24.970191008,0,0
24.970232354,0,1
24.970274162,0,0
24.970315506,0,1
24.970357306,0,0
24.970398642,0,1
24.970421992,1,1
24.970441426,1,0
24.970482752,1,1
24.970525532,1,0
24.970566852,1,1
24.970609630,1,0
24.970650960,1,1
24.970693750,1,0
24.970737562,1,1
24.970780354,1,0
24.970818718,1,1
24.970861508,1,0
24.970906296,1,1
24.974550244,0,1
24.974562106,0,0
24.974604932,0,1
24.974628286,1,1
24.974647726,1,0
24.974689068,1,1
24.974731866,1,0
24.974773208,1,1
24.974794746,0,1
24.974815022,0,0
24.974856366,0,1
24.974879724,1,1
24.974899162,1,0
24.974940508,1,1
24.974983302,1,0
24.975024640,1,1
24.975067440,1,0
24.975108778,1,1
24.975130312,0,1
24.975150584,0,0
24.975191928,0,1
24.975233736,0,0
24.975277556,0,1
24.975319364,0,0
24.975357740,0,1
24.975381094,1,1
24.975400532,1,0
24.975445338,1,1
24.983193568,1,0
24.986002710,1,1
25.026449360,1,0
25.026718716,0,0
25.027494420,0,1
25.027682280,0,0
25.027684324,1,0
25.027723622,1,1
25.027765432,1,0
25.027766598,0,0
25.027806782,0,1
25.027849586,0,0
25.027851498,1,0
25.027890934,1,1
25.027932748,1,0
25.027974090,1,1
25.028015892,1,0
25.028017358,0,0
25.028057240,0,1
25.028100036,0,0
25.028102254,1,0
25.028141378,1,1
25.028183186,1,0
25.028224524,1,1
25.028266336,1,0
25.028307678,1,1
25.028350964,1,0
25.028392302,1,1
25.028435098,1,0
25.028476436,1,1
25.028509852,0,1
25.028523200,0,0
25.028564560,0,1
25.028587920,1,1
25.028860760,0,1
25.028872620,0,0
25.028915450,0,1
25.028957260,0,0
25.028998604,0,1
25.029021960,1,1
25.029041400,1,0
25.029082748,1,1
25.029104282,0,1
25.029124556,0,0
25.029165902,0,1
25.029189262,1,1
25.029208702,1,0
25.029250046,1,1
25.029292832,1,0
25.029334160,1,1
25.029376960,1,0
25.029418310,1,1
25.029461120,1,0
25.029502462,1,1
25.029545262,1,0
25.029589084,1,1
25.029631886,1,0
25.029670262,1,1
25.029713062,1,0
25.029757870,1,1
25.029770960,1,0
25.030044368,0,0
25.030820190,0,1
25.030860252,0,0
25.030901614,0,1
25.030944418,0,0
25.030985778,0,1
25.031028586,0,0
25.031069952,0,1
25.031112754,0,0
25.031154118,0,1
25.031196920,0,0
25.031238276,0,1
25.031281082,0,0
25.031322442,0,1
25.031365242,0,0
25.031406600,0,1
25.031449406,0,0
25.031490766,0,1
25.031535058,0,0
25.031537012,1,0
25.031576406,1,1
25.031619204,1,0
25.031660546,1,1
25.031693962,0,1
25.031707312,0,0
25.031748672,0,1
25.031772030,1,1
25.032116450,0,1
25.032128292,0,0
25.032171056,0,1
25.032212804,0,0
25.032254084,0,1
25.032277404,1,1
25.032296812,1,0
25.032338086,1,1
25.032359590,0,1
25.032379834,0,0
25.032421106,0,1
25.032444424,1,1
25.032463830,1,0
25.032505100,1,1
25.032547826,1,0
25.032589098,1,1
25.032631826,1,0
25.032673090,1,1
25.032715820,1,0
25.032757090,1,1
25.032799816,1,0
25.032843560,1,1
25.032886288,1,0
25.032924594,1,1
25.032967316,1,0
25.033012042,1,1
25.033023964,1,0
25.033025222,1,1
25.079411170,0,1
25.079423002,0,0
25.079465718,0,1
25.079489016,1,1
25.079508410,1,0
25.079549644,1,1
25.079592338,1,0
25.079633570,1,1
25.079655054,0,1
25.079675280,0,0
25.079716518,0,1
25.079739814,1,1
25.079759208,1,0
25.079800446,1,1
25.079843144,1,0
25.079884372,1,1
25.079927072,1,0
25.079968304,1,1
25.079989788,0,1
25.080010012,0,0
25.080051252,0,1
25.080092960,0,0
25.080136668,0,1
25.080178374,0,0
25.080216648,0,1
25.080239944,1,1
25.080259336,1,0
25.080304028,1,1
25.080322704,1,0
25.082001022,1,1
25.083944130,0,1
25.083955968,0,0
25.083998710,0,1
25.084022018,1,1
25.084041420,1,0
25.084082676,1,1
25.084125392,1,0
25.084166650,1,1
25.084188144,0,1
25.084208378,0,0
25.084249638,0,1
25.084291364,0,0
25.084332624,0,1
25.084355932,1,1
25.084375334,1,0
25.084416592,1,1
25.084459306,1,0
25.084500566,1,1
25.084522070,0,1
25.084542308,0,0
25.084583574,0,1
25.084625306,0,0
25.084669040,0,1
25.084692346,1,1
25.084711750,1,0
25.084750040,1,1
25.084792758,1,0
25.084837472,1,1
25.084855626,1,0
25.090002218,1,1
25.101576482,0,1
25.101588318,0,0
25.101631052,0,1
25.101672778,0,0
25.101714040,0,1
25.101755752,0,0
25.101797000,0,1
25.101838728,0,0
25.101880000,0,1
25.101921732,0,0
25.101962998,0,1
25.101986308,1,1
25.102005710,1,0
25.102046970,1,1
25.102089684,1,0
25.102130934,1,1
25.102173646,1,0
25.102214900,1,1
25.102257616,1,0
25.102301344,1,1
25.102344060,1,0
25.102382352,1,1
25.102425060,1,0
25.102469770,1,1
25.106109722,0,1
25.106121560,0,0
25.106164302,0,1
25.106187610,1,1
25.106207012,1,0
25.106248268,1,1
25.106290984,1,0
25.106332236,1,1
25.106353728,0,1
25.106373962,0,0
25.106415222,0,1
25.106456948,0,0
25.106498212,0,1
25.106521522,1,1
25.106540924,1,0
25.106582178,1,1
25.106624892,1,0
25.106666148,1,1
25.106687642,0,1
25.106707876,0,0
25.106749134,0,1
25.106790860,0,0
25.106834590,0,1
25.106857898,1,1
25.106877300,1,0
25.106915596,1,1
25.106958312,1,0
25.107003018,1,1
25.113807310,0,1
25.113819146,0,0
25.113861882,0,1
25.113903606,0,0
25.113944868,0,1
25.113986598,0,0
25.114027860,0,1
25.114069584,0,0
25.114110840,0,1
25.114152566,0,0
25.114193820,0,1
25.114217126,1,1
25.114236528,1,0
25.114277782,1,1
25.114320492,1,0
25.114361744,1,1
25.114404454,1,0
25.114445704,1,1
25.114488416,1,0
25.114532144,1,1
25.114574858,1,0
25.114613144,1,1
25.114655858,1,0
25.114700566,1,1
25.118337206,0,1
25.118349044,0,0
25.118391778,0,1
25.118415086,1,1
25.118434486,1,0
25.118475742,1,1
25.118518456,1,0
25.118559712,1,1
25.118581208,0,1
25.118601442,0,0
25.118642698,0,1
25.118666004,1,1
25.118685408,1,0
25.118726664,1,1
25.118769378,1,0
25.118810630,1,1
25.118853344,1,0
25.118894594,1,1
25.118916088,0,1
25.118936322,0,0
25.118977578,0,1
25.119019304,0,0
25.119063028,0,1
25.119104754,0,0
25.119143048,0,1
25.119166356,1,1
25.119185756,1,0
25.119230468,1,1
25.127489104,1,0
25.130001720,1,1
25.162454118,1,0
25.162458122,0,0
25.163498978,0,1
25.164594584,0,0
25.164596304,1,0
25.164635840,1,1
25.164677562,1,0
25.164679578,0,0
25.164718828,0,1
25.164761540,0,0
25.164763448,1,0
25.164802796,1,1
25.164844526,1,0
25.164885782,1,1
25.164927506,1,0
25.164929254,0,0
25.164968772,0,1
25.165011484,0,0
25.165013104,1,0
25.165052740,1,1
25.165094464,1,0
25.165135716,1,1
25.165177440,1,0
25.165218690,1,1
25.165261896,1,0
25.165303148,1,1
25.165345856,1,0
25.165387106,1,1
25.165420454,0,1
25.165433774,0,0
25.165475040,0,1
25.165498350,1,1
25.165770626,0,1
25.165782462,0,0
25.165825196,0,1
25.165866916,0,0
25.165908172,0,1
25.165931478,1,1
25.165950878,1,0
25.165992128,1,1
25.166013622,0,1
25.166033856,0,0
25.166075110,0,1
25.166098414,1,1
25.166117814,1,0
25.166159066,1,1
25.166201778,1,0
25.166243024,1,1
25.166285724,1,0
25.166326966,1,1
25.166369682,1,0
25.166410948,1,1
25.166453672,1,0
25.166497396,1,1
25.166540110,1,0
25.166578398,1,1
25.166621106,1,0
25.166665812,1,1
25.166681220,1,0
25.166950452,0,0
25.167725858,0,1
25.167765878,0,0
25.167807144,0,1
25.167849864,0,0
25.167891134,0,1
25.167933854,0,0
25.167935856,1,0
25.167975114,1,1
25.168016844,1,0
25.168018128,0,0
25.168058106,0,1
25.168100818,0,0
25.168142082,0,1
25.168184798,0,0
25.168226064,0,1
25.168268788,0,0
25.168310058,0,1
25.168352776,0,0
25.168394046,0,1
25.168438246,0,0
25.168479514,0,1
25.168518776,0,0
25.168520914,1,0
25.168560034,1,1
25.168593384,0,1
25.168606706,0,0
25.168647978,0,1
25.168671290,1,1
25.169010904,0,1
25.169022758,0,0
25.169065564,0,1
25.169107352,0,0
25.169148680,0,1
25.169172026,1,1
25.169191458,1,0
25.169232784,1,1
25.169254312,0,1
25.169274580,0,0
25.169315918,0,1
25.169339268,1,1
25.169358702,1,0
25.169400032,1,1
25.169442822,1,0
25.169484152,1,1
25.169526938,1,0
25.169568264,1,1
25.169611052,1,0
25.169652380,1,1
25.169695166,1,0
25.169738966,1,1
25.169781752,1,0
25.169820114,1,1
25.169862898,1,0
25.169907692,1,1
25.169921778,1,0
25.169923036,1,1
25.229223530,0,1
25.229235390,0,0
25.229278204,0,1
25.229301556,1,1
25.229320992,1,0
25.229362326,1,1
25.229405118,1,0
25.229446456,1,1
25.229467990,0,1
25.229488266,0,0
25.229529610,0,1
25.229552966,1,1
25.229572406,1,0
25.229613746,1,1
25.229656542,1,0
25.229697876,1,1
25.229740668,1,0
25.229782004,1,1
25.229803538,0,1
25.229823810,0,0
25.229865148,0,1
25.229906952,0,0
25.229950762,0,1
25.229992560,0,0
25.230030930,0,1
25.230054280,1,1
25.230073714,1,0
25.230118512,1,1
25.230136962,1,0
25.234001852,1,1
25.234039556,0,1
25.234051420,0,0
25.234094256,0,1
25.234136066,0,0
25.234177412,0,1
25.234219224,0,0
25.234260566,0,1
25.234283922,1,1
25.234303358,1,0
25.234344700,1,1
25.234366232,0,1
25.234386506,0,0
25.234427848,0,1
25.234451202,1,1
25.234470638,1,0
25.234511982,1,1
25.234554778,1,0
25.234596120,1,1
25.234617654,0,1
25.234637928,0,0
25.234679268,0,1
25.234721074,0,0
25.234764892,0,1
25.234806694,0,0
25.234845070,0,1
25.234868426,1,1
25.234887862,1,0
25.234932662,1,1
25.234950280,1,0
25.242009258,1,1
25.251699576,0,1
25.251711436,0,0
25.251754262,0,1
25.251796070,0,0
25.251837412,0,1
25.251879220,0,0
25.251920568,0,1
25.251962372,0,0
25.252003718,0,1
25.252045522,0,0
25.252086864,0,1
25.252110216,1,1
25.252129654,1,0
25.252170996,1,1
25.252213788,1,0
25.252255126,1,1
25.252297924,1,0
25.252339260,1,1
25.252382054,1,0
25.252425870,1,1
25.252468664,1,0
25.252507032,1,1
25.252549826,1,0
25.252594624,1,1
25.256242836,0,1
25.256254694,0,0
25.256297516,0,1
25.256339318,0,0
25.256380662,0,1
25.256422466,0,0
25.256463810,0,1
25.256487170,1,1
25.256506608,1,0
25.256547942,1,1
25.256569478,0,1
25.256589754,0,0
25.256631096,0,1
25.256654452,1,1
25.256673888,1,0
25.256715230,1,1
25.256758026,1,0
25.256799366,1,1
25.256820904,0,1
25.256841186,0,0
25.256882556,0,1
25.256924388,0,0
25.256968238,0,1
25.257010054,0,0
25.257048434,0,1
25.257071788,1,1
25.257091226,1,0
25.257136030,1,1
25.263953292,0,1
25.263965154,0,0
25.264007978,0,1
25.264049782,0,0
25.264091126,0,1
25.264132934,0,0
25.264174278,0,1
25.264216088,0,0
25.264257430,0,1
25.264299234,0,0
25.264340578,0,1
25.264363932,1,1
25.264383368,1,0
25.264424702,1,1
25.264467496,1,0
25.264508840,1,1
25.264551644,1,0
25.264592986,1,1
25.264635788,1,0
25.264679604,1,1
25.264722404,1,0
25.264760776,1,1
25.264803570,1,0
25.264848374,1,1
25.268492508,0,1
25.268504370,0,0
25.268547200,0,1
25.268570552,1,1
25.268589992,1,0
25.268631332,1,1
25.268674130,1,0
25.268715468,1,1
25.268737000,0,1
25.268757276,0,0
25.268798622,0,1
25.268821978,1,1
25.268841412,1,0
25.268882754,1,1
25.268925552,1,0
25.268966892,1,1
25.269009686,1,0
25.269051026,1,1
25.269072562,0,1
25.269092836,0,0
25.269134180,0,1
25.269175984,0,0
25.269219806,0,1
25.269261608,0,0
25.269299984,0,1
25.269323342,1,1
25.269342780,1,0
25.269387584,1,1
25.276976820,1,0
25.282001880,1,1
25.311806158,0,1
25.311818020,0,0
25.311860842,0,1
25.311884198,1,1
25.311903634,1,0
25.311944974,1,1
25.311987768,1,0
25.312029106,1,1
25.312050644,0,1
25.312070920,0,0
25.312112252,0,1
25.312135596,1,1
25.312155026,1,0
25.312196368,1,1
25.312239178,1,0
25.312280518,1,1
25.312323314,1,0
25.312364652,1,1
25.312386186,0,1
25.312406460,0,0
25.312447804,0,1
25.312489610,0,0
25.312533426,0,1
25.312575232,0,0
25.312613602,0,1
25.312636956,1,1
25.312656392,1,0
25.312701198,1,1
25.312719418,1,0
25.314009108,1,1
25.330080042,1,0
25.330353520,0,0
25.331129460,0,1
25.331296046,0,0
25.331298290,1,0
25.331337396,1,1
25.331379208,1,0
25.331380598,0,0
25.331420560,0,1
25.331463362,0,0
25.331465518,1,0
25.331504710,1,1
25.331546516,1,0
25.331587860,1,1
25.331629664,1,0
25.331631414,0,0
25.331671016,0,1
25.331713816,0,0
25.331715320,1,0
25.331755164,1,1
25.331796972,1,0
25.331838320,1,1
25.331880134,1,0
25.331921478,1,1
25.331964774,1,0
25.332006116,1,1
25.332048910,1,0
25.332090252,1,1
25.332123666,0,1
25.332137014,0,0
25.332178370,0,1
25.332201732,1,1
25.332474572,0,1
25.332486436,0,0
25.332529270,0,1
25.332571078,0,0
25.332612430,0,1
25.332635784,1,1
25.332655226,1,0
25.332696570,1,1
25.332718104,0,1
25.332738382,0,0
25.332779732,0,1
25.332803090,1,1
25.332822526,1,0
25.332863870,1,1
25.332906670,1,0
25.332948010,1,1
25.332990808,1,0
25.333032152,1,1
25.333074952,1,0
25.333116294,1,1
25.333159094,1,0
25.333202910,1,1
25.333245708,1,0
25.333284080,1,1
25.333326874,1,0
25.333371676,1,1
25.333386374,1,0
25.333655856,0,0
25.334431786,0,1
25.334474060,0,0
25.334515428,0,1
25.334558236,0,0
25.334599600,0,1
25.334642406,0,0
25.334683768,0,1
25.334726576,0,0
25.334767934,0,1
25.334810740,0,0
25.334852098,0,1
25.334894904,0,0
25.334936260,0,1
25.334979058,0,0
25.335020416,0,1
25.335063212,0,0
25.335104568,0,1
25.335148860,0,0
25.335150788,1,0
25.335190208,1,1
25.335233018,1,0
25.335274364,1,1
25.335307780,0,1
25.335321130,0,0
25.335362490,0,1
25.335385848,1,1
25.335730266,0,1
25.335742108,0,0
25.335784870,0,1
25.335826608,0,0
25.335867880,0,1
25.335891200,1,1
25.335910608,1,0
25.335951878,1,1
25.335973380,0,1
25.335993622,0,0
25.336034896,0,1
25.336058212,1,1
25.336077618,1,0
25.336118884,1,1
25.336161610,1,0
25.336202876,1,1
25.336245596,1,0
25.336286860,1,1
25.336329582,1,0
25.336370846,1,1
25.336413572,1,0
25.336457310,1,1
25.336500034,1,0
25.336538338,1,1
25.336581064,1,0
25.336625786,1,1
25.336640108,1,0
25.336641360,1,1
25.383457610,0,1
25.383469448,0,0
25.383512186,0,1
25.383553904,0,0
25.383595156,0,1
25.383636878,0,0
25.383678130,0,1
25.383701436,1,1
25.383720834,1,0
25.383762082,1,1
25.383783566,0,1
25.383803792,0,0
25.383845044,0,1
25.383868356,1,1
25.383887764,1,0
25.383929020,1,1
25.383971728,1,0
25.384012984,1,1
25.384034474,0,1
25.384054706,0,0
25.384095960,0,1
25.384137688,0,0
25.384181418,0,1
25.384223140,0,0
25.384261434,0,1
25.384284746,1,1
25.384304146,1,0
25.384348852,1,1
25.384367034,1,0
25.386000544,1,1
25.401204538,0,1
25.401216372,0,0
25.401259104,0,1
25.401300826,0,0
25.401342086,0,1
25.401383810,0,0
25.401425072,0,1
25.401466800,0,0
25.401508062,0,1
25.401549792,0,0
25.401591054,0,1
25.401614362,1,1
25.401633764,1,0
25.401675020,1,1
25.401717736,1,0
25.401758994,1,1
25.401801704,1,0
25.401842956,1,1
25.401885668,1,0
25.401929392,1,1
25.401972108,1,0
25.402010400,1,1
25.402053110,1,0
25.402097822,1,1
25.405738294,0,1
25.405750130,0,0
25.405792864,0,1
25.405834582,0,0
25.405875838,0,1
25.405917562,0,0
25.405958816,0,1
25.405982120,1,1
25.406001524,1,0
25.406042780,1,1
25.406064272,0,1
25.406084506,0,0
25.406125760,0,1
25.406149068,1,1
25.406168468,1,0
25.406209718,1,1
25.406252426,1,0
25.406293676,1,1
25.406315168,0,1
25.406335402,0,0
25.406376656,0,1
25.406418384,0,0
25.406462114,0,1
25.406503842,0,0
25.406542140,0,1
25.406565450,1,1
25.406584848,1,0
25.406629558,1,1
25.414104032,1,0
25.418001580,1,1
25.423771902,0,1
25.423783738,0,0
25.423826474,0,1
25.423868196,0,0
25.423909452,0,1
25.423951176,0,0
25.423992434,0,1
25.424034156,0,0
25.424075414,0,1
25.424117140,0,0
25.424158400,0,1
25.424181708,1,1
25.424201110,1,0
25.424242368,1,1
25.424285080,1,0
25.424326334,1,1
25.424369048,1,0
25.424410300,1,1
25.424453006,1,0
25.424496726,1,1
25.424539444,1,0
25.424577732,1,1
25.424620444,1,0
25.424665154,1,1
25.428301672,0,1
25.428313506,0,0
25.428356238,0,1
25.428379542,1,1
25.428398940,1,0
25.428440192,1,1
25.428482908,1,0
25.428524164,1,1
25.428545656,0,1
25.428565890,0,0
25.428607146,0,1
25.428630452,1,1
25.428649852,1,0
25.428691102,1,1
25.428733816,1,0
25.428775066,1,1
25.428817776,1,0
25.428859024,1,1
25.428880518,0,1
25.428900748,0,0
25.428942002,0,1
25.428983726,0,0
25.429027446,0,1
25.429069166,0,0
25.429107456,0,1
25.429130762,1,1
25.429150158,1,0
25.429194864,1,1
25.436777732,1,0
25.442008664,1,1
25.463445414,0,1
25.463457248,0,0
25.463499978,0,1
25.463523280,1,1
25.463542678,1,0
25.463583926,1,1
25.463626632,1,0
25.463667876,1,1
25.463689364,0,1
25.463709596,0,0
25.463750844,0,1
25.463774146,1,1
25.463793544,1,0
25.463834790,1,1
25.463877494,1,0
25.463918738,1,1
25.463961442,1,0
25.464002686,1,1
25.464024174,0,1
25.464044402,0,0
25.464085648,0,1
25.464127364,0,0
25.464171082,0,1
25.464212798,0,0
25.464251086,0,1
25.464274392,1,1
25.464293790,1,0
25.464338496,1,1
25.464356110,1,0
25.466000756,1,1
25.482400478,1,0
25.482673788,0,0
25.483449286,0,1
25.483870592,0,0
25.483872864,1,0
25.483911852,1,1
25.483953574,1,0
25.483955150,0,0
25.483994836,0,1
25.484037548,0,0
25.484039030,1,0
25.484078798,1,1
25.484120518,1,0
25.484161770,1,1
25.484203486,1,0
25.484204860,0,0
25.484244740,0,1
25.484287450,0,0
25.484289736,1,0
25.484328700,1,1
25.484370422,1,0
25.484411676,1,1
25.484453402,1,0
25.484494658,1,1
25.484537876,1,0
25.484579138,1,1
25.484621856,1,0
25.484663118,1,1
25.484696468,0,1
25.484709790,0,0
25.484751050,0,1
25.484774356,1,1
25.485046608,0,1
25.485058444,0,0
25.485101180,0,1
25.485142902,0,0
25.485184172,0,1
25.485207490,1,1
25.485226900,1,0
25.485268174,1,1
25.485289678,0,1
25.485309918,0,0
25.485351182,0,1
25.485374490,1,1
25.485393892,1,0
25.485435146,1,1
25.485477862,1,0
25.485519116,1,1
25.485561828,1,0
25.485603082,1,1
25.485645788,1,0
25.485687036,1,1
25.485729744,1,0
25.485773456,1,1
25.485816170,1,0
25.485854458,1,1
25.485897166,1,0
25.485941870,1,1
25.485954998,1,0
25.486224338,0,0
25.486999910,0,1
25.487041902,0,0
25.487083170,0,1
25.487125884,0,0
25.487167144,0,1
25.487209856,0,0
25.487211940,1,0
25.487251110,1,1
25.487292832,1,0
25.487294204,0,0
25.487334094,0,1
25.487376804,0,0
25.487418068,0,1
25.487460778,0,0
25.487502044,0,1
25.487544768,0,0
25.487586040,0,1
25.487628762,0,0
25.487670032,0,1
25.487714234,0,0
25.487755500,0,1
25.487794756,0,0
25.487796148,1,0
25.487836014,1,1
25.487869360,0,1
25.487882682,0,0
25.487923948,0,1
25.487947260,1,1
25.488286866,0,1
25.488298720,0,0
25.488341530,0,1
25.488383318,0,0
25.488424642,0,1
25.488447988,1,1
25.488467420,1,0
25.488508748,1,1
25.488530276,0,1
25.488550544,0,0
25.488591850,0,1
25.488615186,1,1
25.488634612,1,0
25.488675932,1,1
25.488718712,1,0
25.488760034,1,1
25.488802800,1,0
25.488844108,1,1
25.488886874,1,0
25.488928178,1,1
25.488970944,1,0
25.489014730,1,1
25.489057502,1,0
25.489095842,1,1
25.489138606,1,0
25.489183372,1,1
25.489196274,1,0
25.489197532,1,1
25.501843394,0,1
25.501855252,0,0
25.501898070,0,1
25.501939868,0,0
25.501981206,0,1
25.502023004,0,0
25.502064340,0,1
25.502087692,1,1
25.502107130,1,0
25.502148464,1,1
25.502169996,0,1
25.502190268,0,0
25.502231608,0,1
25.502254958,1,1
25.502274396,1,0
25.502315728,1,1
25.502358522,1,0
25.502399854,1,1
25.502421384,0,1
25.502441654,0,0
25.502482992,0,1
25.502524798,0,0
25.502568610,0,1
25.502610410,0,0
25.502648778,0,1
25.502672128,1,1
25.502691562,1,0
25.502736360,1,1
25.502754548,1,0
25.506000910,1,1
25.552768172,0,1
25.552780030,0,0
25.552822854,0,1
25.552864660,0,0
25.552906002,0,1
25.552947808,0,0
25.552989148,0,1
25.553030950,0,0
25.553072290,0,1
25.553114096,0,0
25.553155430,0,1
25.553178776,1,1
25.553198206,1,0
25.553239550,1,1
25.553282354,1,0
25.553323694,1,1
25.553366488,1,0
25.553407822,1,1
25.553450612,1,0
25.553494426,1,1
25.553537220,1,0
25.553575586,1,1
25.553618378,1,0
25.553663172,1,1
25.557310698,0,1
25.557322556,0,0
25.557365374,0,1
25.557407174,0,0
25.557448512,0,1
25.557490312,0,0
25.557531652,0,1
25.557555006,1,1
25.557574442,1,0
25.557615772,1,1
25.557637304,0,1
25.557657574,0,0
25.557698914,0,1
25.557722268,1,1
25.557741700,1,0
25.557783030,1,1
25.557825818,1,0
25.557867146,1,1
25.557888678,0,1
25.557908950,0,0
25.557950292,0,1
25.557992094,0,0
25.558035904,0,1
25.558077708,0,0
25.558116074,0,1
25.558139424,1,1
25.558158858,1,0
25.558203658,1,1
25.565651360,1,0
25.570000454,1,1
25.619667634,0,1
25.619679492,0,0
25.619722312,0,1
25.619745668,1,1
25.619765104,1,0
25.619806448,1,1
25.619827980,0,1
25.619848254,0,0
25.619889596,0,1
25.619912954,1,1
25.619932392,1,0
25.619973732,1,1
25.619995266,0,1
25.620015540,0,0
25.620056886,0,1
25.620080242,1,1
25.620099678,1,0
25.620141018,1,1
25.620183816,1,0
25.620225152,1,1
25.620246686,0,1
25.620266958,0,0
25.620308298,0,1
25.620350104,0,0
25.620393918,0,1
25.620417272,1,1
25.620436710,1,0
25.620475078,1,1
25.620517876,1,0
25.620562680,1,1
25.620581428,1,0
25.626000386,1,1
25.656597818,0,1
25.656609680,0,0
25.656652508,0,1
25.656694308,0,0
25.656735648,0,1
25.656777454,0,0
25.656818798,0,1
25.656860598,0,0
25.656901942,0,1
25.656943746,0,0
25.656985090,0,1
25.657008448,1,1
25.657027886,1,0
25.657069228,1,1
25.657112022,1,0
25.657153366,1,1
25.657196162,1,0
25.657237498,1,1
25.657280294,1,0
25.657324108,1,1
25.657366902,1,0
25.657405270,1,1
25.657448064,1,0
25.657492866,1,1
25.661136976,0,1
25.661148836,0,0
25.661191658,0,1
25.661215014,1,1
25.661234448,1,0
25.661275782,1,1
25.661318572,1,0
25.661359910,1,1
25.661381444,0,1
25.661401716,0,0
25.661443054,0,1
25.661466410,1,1
25.661485848,1,0
25.661527190,1,1
25.661569986,1,0
25.661611332,1,1
25.661654128,1,0
25.661695464,1,1
25.661717000,0,1
25.661737274,0,0
25.661778618,0,1
25.661820424,0,0
25.661864242,0,1
25.661906050,0,0
25.661944424,0,1
25.661967780,1,1
25.661987216,1,0
25.662032022,1,1
25.669795542,1,0
25.674000456,1,1
25.689895012,1,0
25.689899020,0,0
25.690944402,0,1
25.691072240,0,0
25.691073894,1,0
25.691113582,1,1
25.691155386,1,0
25.691157200,0,0
25.691196732,0,1
25.691239526,0,0
25.691241100,1,0
25.691280868,1,1
25.691322668,1,0
25.691364006,1,1
25.691405808,1,0
25.691406980,0,0
25.691447158,0,1
25.691489956,0,0
25.691491892,1,0
25.691531298,1,1
25.691573104,1,0
25.691614442,1,1
25.691656248,1,0
25.691697582,1,1
25.691740866,1,0
25.691782208,1,1
25.691824998,1,0
25.691866334,1,1
25.691899746,0,1
25.691913094,0,0
25.691954446,0,1
25.691977802,1,1
25.692250614,0,1
25.692262476,0,0
25.692305304,0,1
25.692347106,0,0
25.692388446,0,1
25.692411802,1,1
25.692431240,1,0
25.692472580,1,1
25.692494116,0,1
25.692514392,0,0
25.692555744,0,1
25.692579104,1,1
25.692598546,1,0
25.692639898,1,1
25.692682706,1,0
25.692724052,1,1
25.692766858,1,0
25.692808208,1,1
25.692851006,1,0
25.692892346,1,1
25.692935148,1,0
25.692978964,1,1
25.693021756,1,0
25.693060126,1,1
25.693102918,1,0
25.693147720,1,1
25.693160842,1,0
25.693430266,0,0
25.694206062,0,1
25.694249642,0,0
25.694290980,0,1
25.694333762,0,0
25.694375100,0,1
25.694417886,0,0
25.694459222,0,1
25.694502008,0,0
25.694543346,0,1
25.694586128,0,0
25.694627462,0,1
25.694670246,0,0
25.694711576,0,1
25.694754356,0,0
25.694795692,0,1
25.694838472,0,0
25.694879808,0,1
25.694924074,0,0
25.694925892,1,0
25.694965404,1,1
25.695008184,1,0
25.695049510,1,1
25.695082908,0,1
25.695096248,0,0
25.695137584,0,1
25.695160934,1,1
25.695505176,0,1
25.695517014,0,0
25.695559754,0,1
25.695601490,0,0
25.695642776,0,1
25.695666102,1,1
25.695685520,1,0
25.695726800,1,1
25.695748304,0,1
25.695768544,0,0
25.695809816,0,1
25.695833134,1,1
25.695852540,1,0
25.695893808,1,1
25.695936534,1,0
25.695977800,1,1
25.696020524,1,0
25.696061790,1,1
25.696104514,1,0
25.696145778,1,1
25.696188502,1,0
25.696232238,1,1
25.696274960,1,0
25.696313258,1,1
25.696355982,1,0
25.696400700,1,1
25.696414058,1,0
25.696415310,1,1
25.745445886,0,1
25.745457724,0,0
25.745500466,0,1
25.745542194,0,0
25.745583454,0,1
25.745625182,0,0
25.745666444,0,1
25.745708168,0,0
25.745749430,0,1
25.745791154,0,0
25.745832412,0,1
25.745855722,1,1
25.745875122,1,0
25.745916382,1,1
25.745959102,1,0
25.746000364,1,1
25.746043080,1,0
25.746084336,1,1
25.746127048,1,0
25.746170774,1,1
25.746213482,1,0
25.746251770,1,1
25.746294484,1,0
25.746339190,1,1
25.749979008,0,1
25.749990844,0,0
25.750033580,0,1
25.750056886,1,1
25.750076288,1,0
25.750117544,1,1
25.750139036,0,1
25.750159270,0,0
25.750200526,0,1
25.750223834,1,1
25.750243238,1,0
25.750284490,1,1
25.750305984,0,1
25.750326220,0,0
25.750367478,0,1
25.750390788,1,1
25.750410190,1,0
25.750451446,1,1
25.750494164,1,0
25.750535420,1,1
25.750556914,0,1
25.750577148,0,0
25.750618406,0,1
25.750660130,0,0
25.750703856,0,1
25.750727164,1,1
25.750746568,1,0
25.750784860,1,1
25.750827574,1,0
25.750872286,1,1
25.758445844,1,0
25.762000898,1,1
25.782757770,0,1
25.782769606,0,0
25.782812340,0,1
25.782854064,0,0
25.782895324,0,1
25.782937048,0,0
25.782978306,0,1
25.783001614,1,1
25.783021014,1,0
25.783062264,1,1
25.783083758,0,1
25.783103992,0,0
25.783145246,0,1
25.783168554,1,1
25.783187954,1,0
25.783229208,1,1
25.783271920,1,0
25.783313168,1,1
25.783334662,0,1
25.783354896,0,0
25.783396152,0,1
25.783437874,0,0
25.783481600,0,1
25.783523328,0,0
25.783561624,0,1
25.783584934,1,1
25.783604334,1,0
25.783649046,1,1
25.783666820,1,0
25.786000810,1,1
25.794755238,0,1
25.794767076,0,0
25.794809810,0,1
25.794833118,1,1
25.794852518,1,0
25.794893770,1,1
25.794915264,0,1
25.794935498,0,0
25.794976754,0,1
25.795000060,1,1
25.795019464,1,0
25.795060714,1,1
25.795082210,0,1
25.795102444,0,0
25.795143700,0,1
25.795167008,1,1
25.795186410,1,0
25.795227666,1,1
25.795270378,1,0
25.795311632,1,1
25.795333126,0,1
25.795353360,0,0
25.795394616,0,1
25.795436342,0,0
25.795480068,0,1
25.795503380,1,1
25.795522782,1,0
25.795561072,1,1
25.795603786,1,0
25.795648496,1,1
25.795666620,1,0
25.802000054,1,1
25.802446084,0,1
25.802457920,0,0
25.802500662,0,1
25.802542386,0,0
25.802583644,0,1
25.802625370,0,0
25.802666626,0,1
25.802689934,1,1
25.802709336,1,0
25.802750590,1,1
25.802793302,1,0
25.802834550,1,1
25.802877264,1,0
25.802918520,1,1
25.802961230,1,0
25.803002482,1,1
25.803023978,0,1
25.803044212,0,0
25.803085470,0,1
25.803127194,0,0
25.803170922,0,1
25.803194232,1,1
25.803213636,1,0
25.803251924,1,1
25.803294638,1,0
25.803339346,1,1
25.803356724,1,0
25.810008198,1,1
25.825927442,1,0
25.825931442,0,0
25.826976530,0,1
25.827120768,0,0
25.827123098,1,0
25.827162026,1,1
25.827203754,1,0
25.827205368,0,0
25.827245014,0,1
25.827287728,0,0
25.827289234,1,0
25.827328982,1,1
25.827370702,1,0
25.827411950,1,1
25.827453672,1,0
25.827455046,0,0
25.827494934,0,1
25.827537646,0,0
25.827539906,1,0
25.827578902,1,1
25.827620622,1,0
25.827661876,1,1
25.827703598,1,0
25.827744850,1,1
25.827788050,1,0
25.827829302,1,1
25.827872006,1,0
25.827913250,1,1
25.827946590,0,1
25.827959906,0,0
25.828001158,0,1
25.828024456,1,1
25.828296612,0,1
25.828308444,0,0
25.828351162,0,1
25.828392868,0,0
25.828434106,0,1
25.828457402,1,1
25.828476800,1,0
25.828518046,1,1
25.828539538,0,1
25.828559768,0,0
25.828601022,0,1
25.828624328,1,1
25.828643724,1,0
25.828684966,1,1
25.828727670,1,0
25.828768914,1,1
25.828811624,1,0
25.828852876,1,1
25.828895590,1,0
25.828936838,1,1
25.828979552,1,0
25.829023272,1,1
25.829065982,1,0
25.829104266,1,1
25.829146974,1,0
25.829191678,1,1
25.829204232,1,0
25.829477584,0,0
25.830253106,0,1
25.830300598,0,0
25.830341866,0,1
25.830384582,0,0
25.830425846,0,1
25.830468562,0,0
25.830470202,1,0
25.830509818,1,1
25.830551540,1,0
25.830553484,0,0
25.830592812,0,1
25.830635536,0,0
25.830676814,0,1
25.830719548,0,0
25.830760822,0,1
25.830803540,0,0
25.830844810,0,1
25.830887522,0,0
25.830928786,0,1
25.830972984,0,0
25.831014248,0,1
25.831053506,0,0
25.831055426,1,0
25.831094764,1,1
25.831128110,0,1
25.831141428,0,0
25.831182692,0,1
25.831206002,1,1
25.831545598,0,1
25.831557452,0,0
25.831600256,0,1
25.831642044,0,0
25.831683368,0,1
25.831706714,1,1
25.831726146,1,0
25.831767474,1,1
25.831789002,0,1
25.831809268,0,0
25.831850594,0,1
25.831873936,1,1
25.831893372,1,0
25.831934694,1,1
25.831977474,1,0
25.832018798,1,1
25.832061580,1,0
25.832102904,1,1
25.832145684,1,0
25.832187004,1,1
25.832229786,1,0
25.832273586,1,1
25.832316368,1,0
25.832354726,1,1
25.832397508,1,0
25.832442294,1,1
25.832457434,1,0
25.832458692,1,1
25.868458278,0,1
25.868470134,0,0
25.868512948,0,1
25.868554746,0,0
25.868596080,0,1
25.868637880,0,0
25.868679210,0,1
25.868721010,0,0
25.868762344,0,1
25.868804144,0,0
25.868845482,0,1
25.868868834,1,1
25.868888268,1,0
25.868929598,1,1
25.868972386,1,0
25.869013712,1,1
25.869056496,1,0
25.869097828,1,1
25.869140612,1,0
25.869184410,1,1
25.869227198,1,0
25.869265562,1,1
25.869308342,1,0
25.869353132,1,1
25.873000634,0,1
25.873012492,0,0
25.873055314,0,1
25.873097112,0,0
25.873138450,0,1
25.873180252,0,0
25.873221590,0,1
25.873244942,1,1
25.873264378,1,0
25.873305714,1,1
25.873327248,0,1
25.873347518,0,0
25.873388852,0,1
25.873412206,1,1
25.873431642,1,0
25.873472978,1,1
25.873515770,1,0
25.873557106,1,1
25.873578638,0,1
25.873598908,0,0
25.873640244,0,1
25.873682048,0,0
25.873725862,0,1
25.873767662,0,0
25.873806032,0,1
25.873829386,1,1
25.873848820,1,0
25.873893618,1,1
25.882133532,1,0
25.890008170,1,1
25.892111582,0,1
25.892123434,0,0
25.892166234,0,1
25.892208014,0,0
25.892249328,0,1
25.892291108,0,0
25.892332426,0,1
25.892374204,0,0
25.892415522,0,1
25.892457304,0,0
25.892498624,0,1
25.892521968,1,1
25.892541394,1,0
25.892582712,1,1
25.892625484,1,0
25.892666796,1,1
25.892709568,1,0
25.892750876,1,1
25.892793644,1,0
25.892837428,1,1
25.892880202,1,0
25.892918548,1,1
25.892961318,1,0
25.893006092,1,1
25.896652838,0,1
25.896664696,0,0
25.896707514,0,1
25.896730868,1,1
25.896750302,1,0
25.896791638,1,1
25.896813168,0,1
25.896833438,0,0
25.896874772,0,1
25.896898126,1,1
25.896917560,1,0
25.896958892,1,1
25.896980424,0,1
25.897000694,0,0
25.897042030,0,1
25.897065384,1,1
25.897084816,1,0
25.897126152,1,1
25.897168952,1,0
25.897210286,1,1
25.897231818,0,1
25.897252092,0,0
25.897293432,0,1
25.897335236,0,0
25.897379048,0,1
25.897402406,1,1
25.897421842,1,0
25.897460208,1,1
25.897503002,1,0
25.897547802,1,1
25.904807082,1,0
25.905999396,1,1
25.919944740,0,1
25.919956600,0,0
25.919999420,0,1
25.920041224,0,0
25.920082570,0,1
25.920124382,0,0
25.920165734,0,1
25.920207552,0,0
25.920248910,0,1
25.920290726,0,0
25.920332082,0,1
25.920355444,1,1
25.920374884,1,0
25.920416228,1,1
25.920459022,1,0
25.920500364,1,1
25.920543154,1,0
25.920584488,1,1
25.920627280,1,0
25.920671086,1,1
25.920713876,1,0
25.920752242,1,1
25.920795032,1,0
25.920839828,1,1
25.924486630,0,1
25.924498492,0,0
25.924541322,0,1
25.924583124,0,0
25.924624462,0,1
25.924666266,0,0
25.924707608,0,1
25.924730962,1,1
25.924750396,1,0
25.924791728,1,1
25.924834524,1,0
25.924875856,1,1
25.924918650,1,0
25.924959984,1,1
25.925002774,1,0
25.925044110,1,1
25.925065644,0,1
25.925085916,0,0
25.925127256,0,1
25.925169060,0,0
25.925212876,0,1
25.925236230,1,1
25.925255666,1,0
25.925294028,1,1
25.925336820,1,0
25.925381614,1,1
25.932652804,1,0
25.938000800,1,1
25.951660884,0,1
25.951672744,0,0
25.951715568,0,1
25.951738920,1,1
25.951758354,1,0
25.951799692,1,1
25.951821226,0,1
25.951841496,0,0
25.951882834,0,1
25.951906184,1,1
25.951925622,1,0
25.951966962,1,1
25.951988494,0,1
25.952008768,0,0
25.952050112,0,1
25.952073464,1,1
25.952092900,1,0
25.952134234,1,1
25.952177024,1,0
25.952218358,1,1
25.952239890,0,1
25.952260160,0,0
25.952301498,0,1
25.952343300,0,0
25.952387116,0,1
25.952410472,1,1
25.952429906,1,0
25.952468274,1,1
25.952511074,1,0
25.952555878,1,1
25.952573586,1,0
25.953999692,1,1
25.970279664,1,0
25.970553156,0,0
25.971329132,0,1
25.971767574,0,0
25.971768996,1,0
25.971808914,1,1
25.971850726,1,0
25.971852296,0,0
25.971892078,0,1
25.971934876,0,0
25.971937200,1,0
25.971976220,1,1
25.972018016,1,0
25.972059346,1,1
25.972101158,1,0
25.972103094,0,0
25.972142524,0,1
25.972185318,0,0
25.972187010,1,0
25.972226664,1,1
25.972268476,1,0
25.972309822,1,1
25.972351630,1,0
25.972392974,1,1
25.972436262,1,0
25.972477600,1,1
25.972520400,1,0
25.972561738,1,1
25.972595152,0,1
25.972608500,0,0
25.972649856,0,1
25.972673218,1,1
25.972946036,0,1
25.972957896,0,0
25.973000720,0,1
25.973042530,0,0
25.973083876,0,1
25.973107236,1,1
25.973126674,1,0
25.973168018,1,1
25.973189554,0,1
25.973209830,0,0
25.973251174,0,1
25.973274532,1,1
25.973293972,1,0
25.973335316,1,1
25.973378112,1,0
25.973419452,1,1
25.973462250,1,0
25.973503590,1,1
25.973546388,1,0
25.973587732,1,1
25.973630522,1,0
25.973674336,1,1
25.973717136,1,0
25.973755502,1,1
25.973798296,1,0
25.973843102,1,1
25.973856120,1,0
25.974129582,0,0
25.974905612,0,1
25.974945444,0,0
25.974986800,0,1
25.975029598,0,0
25.975070948,0,1
25.975113746,0,0
25.975155100,0,1
25.975197898,0,0
25.975239250,0,1
25.975282052,0,0
25.975323406,0,1
25.975366206,0,0
25.975407562,0,1
25.975450362,0,0
25.975491714,0,1
25.975534516,0,0
25.975575870,0,1
25.975620152,0,0
25.975621622,1,0
25.975661494,1,1
25.975704286,1,0
25.975745620,1,1
25.975779028,0,1
25.975792374,0,0
25.975833722,0,1
25.975857078,1,1
25.976201462,0,1
25.976213304,0,0
25.976256060,0,1
25.976297796,0,0
25.976339070,0,1
25.976362386,1,1
25.976381790,1,0
25.976423052,1,1
25.976444552,0,1
25.976464790,0,0
25.976506062,0,1
25.976529376,1,1
25.976548782,1,0
25.976590048,1,1
25.976632772,1,0
25.976674036,1,1
25.976716760,1,0
25.976758020,1,1
25.976800742,1,0
25.976842004,1,1
25.976884724,1,0
25.976928450,1,1
25.976971170,1,0
25.977009464,1,1
25.977052182,1,0
25.977096904,1,1
25.977109922,1,0
25.977111180,1,1
25.977734904,0,1
25.977746744,0,0
25.977789490,0,1
25.977831220,0,0
25.977872490,0,1
25.977914226,0,0
25.977955498,0,1
25.977978814,1,1
25.977998220,1,0
25.978039488,1,1
25.978082210,1,0
25.978123468,1,1
25.978166194,1,0
25.978207456,1,1
25.978250174,1,0
25.978291436,1,1
25.978312934,0,1
25.978333170,0,0
25.978374434,0,1
25.978416170,0,0
25.978459908,0,1
25.978483222,1,1
25.978502628,1,0
25.978540928,1,1
25.978583652,1,0
25.978628368,1,1
25.978647358,1,0
25.986000094,1,1
25.988588782,0,1
25.988600620,0,0
25.988643362,0,1
25.988685090,0,0
25.988726350,0,1
25.988768078,0,0
25.988809338,0,1
25.988832648,1,1
25.988852052,1,0
25.988893312,1,1
25.988914808,0,1
25.988935044,0,0
25.988976304,0,1
25.988999614,1,1
25.989019016,1,0
25.989060278,1,1
25.989102992,1,0
25.989144248,1,1
25.989165742,0,1
25.989185978,0,0
25.989227238,0,1
25.989268964,0,0
25.989312696,0,1
25.989354426,0,0
25.989392722,0,1
25.989416032,1,1
25.989435436,1,0
25.989480148,1,1
25.989498268,1,0
25.993999058,1,1
26.020611550,0,1
26.020623384,0,0
26.020666118,0,1
26.020707836,0,0
26.020749092,0,1
26.020790812,0,0
26.020832066,0,1
26.020873790,0,0
26.020915046,0,1
26.020956764,0,0
26.020998018,0,1
26.021021326,1,1
26.021040724,1,0
26.021081974,1,1
26.021124684,1,0
26.021165932,1,1
26.021208640,1,0
26.021249892,1,1
26.021292600,1,0
26.021336314,1,1
26.021379020,1,0
26.021417304,1,1
26.021460014,1,0
26.021504724,1,1
26.025144318,0,1
26.025156154,0,0
26.025198888,0,1
26.025240608,0,0
26.025281858,0,1
26.025323578,0,0
26.025364838,0,1
26.025388144,1,1
26.025407544,1,0
26.025448790,1,1
26.025491504,1,0
26.025532750,1,1
26.025575460,1,0
26.025616710,1,1
26.025659418,1,0
26.025700666,1,1
26.025722158,0,1
26.025742388,0,0
26.025783640,0,1
26.025825358,0,0
26.025869080,0,1
26.025892386,1,1
26.025911786,1,0
26.025950076,1,1
26.025992790,1,0
26.026037498,1,1
26.033662358,1,0
26.033999082,1,1
26.052891732,0,1
26.052903566,0,0
26.052946296,0,1
26.052988014,0,0
26.053029266,0,1
26.053070984,0,0
26.053112236,0,1
26.053153952,0,0
26.053195200,0,1
26.053236920,0,0
26.053278172,0,1
26.053301474,1,1
26.053320874,1,0
26.053362120,1,1
26.053404830,1,0
26.053446074,1,1
26.053488780,1,0
26.053530030,1,1
26.053572736,1,0
26.053616446,1,1
26.053659156,1,0
26.053697438,1,1
26.053740146,1,0
26.053784848,1,1
26.057425222,0,1
26.057437060,0,0
26.057479796,0,1
26.057521520,0,0
26.057562778,0,1
26.057604504,0,0
26.057645760,0,1
26.057669066,1,1
26.057688468,1,0
26.057729720,1,1
26.057751214,0,1
26.057771446,0,0
26.057812700,0,1
26.057836006,1,1
26.057855406,1,0
26.057896656,1,1
26.057939368,1,0
26.057980624,1,1
26.058002124,0,1
26.058022364,0,0
26.058063628,0,1
26.058105354,0,0
26.058149078,0,1
26.058190802,0,0
26.058229092,0,1
26.058252402,1,1
26.058271800,1,0
26.058316510,1,1
26.065120008,0,1
26.065131842,0,0
26.065174572,0,1
26.065216290,0,0
26.065257538,0,1
26.065299256,0,0
26.065340510,0,1
26.065382228,0,0
26.065423478,0,1
26.065465196,0,0
26.065506450,0,1
26.065529754,1,1
26.065549154,1,0
26.065590406,1,1
26.065633108,1,0
26.065674354,1,1
26.065717062,1,0
26.065758304,1,1
26.065801006,1,0
26.065844716,1,1
26.065887424,1,0
26.065925710,1,1
26.065968424,1,0
26.066013132,1,1
26.069652308,0,1
26.069664142,0,0
26.069706872,0,1
26.069730174,1,1
26.069749570,1,0
26.069790816,1,1
26.069812304,0,1
26.069832532,0,0
26.069873778,0,1
26.069897086,1,1
26.069916484,1,0
26.069957730,1,1
26.069979222,0,1
26.069999454,0,0
26.070040706,0,1
26.070064014,1,1
26.070083414,1,0
26.070124662,1,1
26.070167376,1,0
26.070208624,1,1
26.070230114,0,1
26.070250344,0,0
26.070291596,0,1
26.070333314,0,0
26.070377032,0,1
26.070400334,1,1
26.070419732,1,0
26.070458022,1,1
26.070500734,1,0
26.070545448,1,1
26.077986660,1,0
26.082000358,1,1
26.096776726,0,1
26.096788554,0,0
26.096831250,0,1
26.096872934,0,0
26.096914156,0,1
26.096955846,0,0
26.096997066,0,1
26.097020354,1,1
26.097039740,1,0
26.097080954,1,1
26.097123642,1,0
26.097164864,1,1
26.097207548,1,0
26.097248764,1,1
26.097291444,1,0
26.097332664,1,1
26.097354144,0,1
26.097374366,0,0
26.097415598,0,1
26.097457292,0,0
26.097500984,0,1
26.097524272,1,1
26.097543662,1,0
26.097581918,1,1
26.097624592,1,0
26.097669276,1,1
26.097687194,1,0
26.097999740,1,1
26.116232740,0,1
26.116244574,0,0
26.116287300,0,1
26.116329016,0,0
26.116370262,0,1
26.116411980,0,0
26.116453234,0,1
26.116476538,1,1
26.116495938,1,0
26.116537184,1,1
26.116558678,0,1
26.116578906,0,0
26.116620156,0,1
26.116643456,1,1
26.116662856,1,0
26.116704104,1,1
26.116746812,1,0
26.116788052,1,1
26.116809540,0,1
26.116829768,0,0
26.116871012,0,1
26.116912726,0,0
26.116956442,0,1
26.116998158,0,0
26.117036442,0,1
26.117059746,1,1
26.117079148,1,0
26.117123854,1,1
26.117142038,1,0
26.121999144,1,1
26.129933936,0,1
26.129945768,0,0
26.129988488,0,1
26.130011796,1,1
26.130031196,1,0
26.130072460,1,1
26.130093950,0,1
26.130114182,0,0
26.130155432,0,1
26.130178736,1,1
26.130198136,1,0
26.130239380,1,1
26.130260870,0,1
26.130281098,0,0
26.130322352,0,1
26.130345656,1,1
26.130365054,1,0
26.130406300,1,1
26.130449010,1,0
26.130490256,1,1
26.130511748,0,1
26.130531980,0,0
26.130573232,0,1
26.130614952,0,0
26.130658670,0,1
26.130681976,1,1
26.130701376,1,0
26.130739656,1,1
26.130782358,1,0
26.130827054,1,1
26.130846168,1,0
26.138011828,1,1
26.153722278,1,0
26.153995576,0,0
26.154771184,0,1
26.154897872,0,0
26.154899630,1,0
26.154939118,1,1
26.154980840,1,0
26.154981900,0,0
26.155022094,0,1
26.155064800,0,0
26.155066788,1,0
26.155106048,1,1
26.155147768,1,0
26.155189008,1,1
26.155230726,1,0
26.155232628,0,0
26.155271978,0,1
26.155314680,0,0
26.155316500,1,0
26.155355926,1,1
26.155397646,1,0
26.155438888,1,1
26.155480604,1,0
26.155521850,1,1
26.155565048,1,0
26.155606290,1,1
26.155648994,1,0
26.155690238,1,1
26.155723578,0,1
26.155736896,0,0
26.155778156,0,1
26.155801460,1,1
26.156073686,0,1
26.156085520,0,0
26.156128244,0,1
26.156169962,0,0
26.156211210,0,1
26.156234512,1,1
26.156253910,1,0
26.156295156,1,1
26.156316648,0,1
26.156336878,0,0
26.156378122,0,1
26.156401424,1,1
26.156420824,1,0
26.156462070,1,1
26.156504772,1,0
26.156546018,1,1
26.156588722,1,0
26.156629966,1,1
26.156672676,1,0
26.156713918,1,1
26.156756622,1,0
26.156800336,1,1
26.156843040,1,0
26.156881318,1,1
26.156924024,1,0
26.156968728,1,1
26.156982736,1,0
26.157256084,0,0
26.158031708,0,1
26.158077560,0,0
26.158118828,0,1
26.158161542,0,0
26.158202804,0,1
26.158245520,0,0
26.158247786,1,0
26.158286774,1,1
26.158328498,1,0
26.158330058,0,0
26.158369760,0,1
26.158412470,0,0
26.158453730,0,1
26.158496448,0,0
26.158537714,0,1
26.158580426,0,0
26.158621690,0,1
26.158664404,0,0
26.158705664,0,1
26.158749854,0,0
26.158791112,0,1
26.158830366,0,0
26.158831922,1,0
26.158871620,1,1
26.158904968,0,1
26.158918290,0,0
26.158959554,0,1
26.158982864,1,1
26.159322468,0,1
26.159334324,0,0
26.159377126,0,1
26.159418912,0,0
26.159460234,0,1
26.159483576,1,1
26.159503008,1,0
26.159544328,1,1
26.159565860,0,1
26.159586124,0,0
26.159627446,0,1
26.159650790,1,1
26.159670222,1,0
26.159711546,1,1
26.159754328,1,0
26.159795646,1,1
26.159838430,1,0
26.159879754,1,1
26.159922534,1,0
26.159963860,1,1
26.160006644,1,0
26.160050436,1,1
26.160093216,1,0
26.160131568,1,1
26.160174344,1,0
26.160219132,1,1
26.160232110,1,0
26.160233364,1,1
26.200664230,0,1
26.200676088,0,0
26.200718904,0,1
26.200760700,0,0
26.200802032,0,1
26.200843830,0,0
26.200885162,0,1
26.200926960,0,0
26.200968292,0,1
26.201010092,0,0
26.201051424,0,1
26.201074776,1,1
26.201094212,1,0
26.201135542,1,1
26.201178328,1,0
26.201219658,1,1
26.201262446,1,0
26.201303774,1,1
26.201346564,1,0
26.201390370,1,1
26.201433154,1,0
26.201471510,1,1
26.201514302,1,0
26.201559092,1,1
26.205206208,0,1
26.205218068,0,0
26.205260886,0,1
26.205284240,1,1
26.205303674,1,0
26.205345004,1,1
26.205366534,0,1
26.205386804,0,0
26.205428138,0,1
26.205451486,1,1
26.205470920,1,0
26.205512256,1,1
26.205533790,0,1
26.205554064,0,0
26.205595398,0,1
26.205618750,1,1
26.205638186,1,0
26.205679518,1,1
26.205722306,1,0
26.205763638,1,1
26.205785170,0,1
26.205805442,0,0
26.205846778,0,1
26.205888578,0,0
26.205932392,0,1
26.205955742,1,1
26.205975178,1,0
26.206013542,1,1
26.206056332,1,0
26.206101128,1,1
26.214056172,1,0
26.217999164,1,1
26.218341914,0,1
26.218353772,0,0
26.218396594,0,1
26.218438392,0,0
26.218479728,0,1
26.218521534,0,0
26.218562872,0,1
26.218604676,0,0
26.218646018,0,1
26.218687820,0,0
26.218729160,0,1
26.218752512,1,1
26.218771948,1,0
26.218813286,1,1
26.218856076,1,0
26.218897412,1,1
26.218940200,1,0
26.218981532,1,1
26.219024322,1,0
26.219068130,1,1
26.219110918,1,0
26.219149282,1,1
26.219192072,1,0
26.219236864,1,1
26.222883700,0,1
26.222895560,0,0
26.222938378,0,1
26.222980180,0,0
26.223021518,0,1
26.223063328,0,0
26.223104666,0,1
26.223128022,1,1
26.223147456,1,0
26.223188792,1,1
26.223231586,1,0
26.223272922,1,1
26.223315712,1,0
26.223357048,1,1
26.223399840,1,0
26.223441172,1,1
26.223462706,0,1
26.223482978,0,0
26.223524318,0,1
26.223566126,0,0
26.223609940,0,1
26.223633292,1,1
26.223652730,1,0
26.223691096,1,1
26.223733888,1,0
26.223778686,1,1
26.231584204,1,0
26.233999510,1,1
26.235775304,0,1
26.235787164,0,0
26.235829986,0,1
26.235871786,0,0
26.235913124,0,1
26.235954924,0,0
26.235996262,0,1
26.236038064,0,0
26.236079404,0,1
26.236121204,0,0
26.236162544,0,1
26.236185896,1,1
26.236205332,1,0
26.236246668,1,1
26.236289456,1,0
26.236330792,1,1
26.236373582,1,0
26.236414914,1,1
26.236457702,1,0
26.236501514,1,1
26.236544304,1,0
26.236582668,1,1
26.236625458,1,0
26.236670254,1,1
26.240317590,0,1
26.240329448,0,0
26.240372268,0,1
26.240414068,0,0
26.240455410,0,1
26.240497216,0,0
26.240538560,0,1
26.240561918,1,1
26.240581354,1,0
26.240622690,1,1
26.240644226,0,1
26.240664500,0,0
26.240705842,0,1
26.240729198,1,1
26.240748634,1,0
26.240789970,1,1
26.240832764,1,0
26.240874096,1,1
26.240895628,0,1
26.240915900,0,0
26.240957240,0,1
26.240999042,0,0
26.241042856,0,1
26.241084660,0,0
26.241123032,0,1
26.241146384,1,1
26.241165820,1,0
26.241210618,1,1
26.249113910,1,0
26.249999816,1,1
26.259768534,0,1
26.259780392,0,0
26.259823216,0,1
26.259865016,0,0
26.259906354,0,1
26.259948160,0,0
26.259989500,0,1
26.260012852,1,1
26.260032286,1,0
26.260073622,1,1
26.260116420,1,0
26.260157754,1,1
26.260200542,1,0
26.260241876,1,1
26.260284664,1,0
26.260325994,1,1
26.260347528,0,1
26.260367802,0,0
26.260409138,0,1
26.260450942,0,0
26.260494760,0,1
26.260518114,1,1
26.260537548,1,0
26.260575914,1,1
26.260618706,1,0
26.260663504,1,1
26.260681552,1,0
26.265999090,1,1
26.273456870,0,1
26.273468730,0,0
26.273511552,0,1
26.273553354,0,0
26.273594696,0,1
26.273636498,0,0
26.273677838,0,1
26.273701192,1,1
26.273720628,1,0
26.273761964,1,1
26.273783496,0,1
26.273803768,0,0
26.273845108,0,1
26.273868462,1,1
26.273887898,1,0
26.273929238,1,1
26.273972038,1,0
26.274013378,1,1
26.274034912,0,1
26.274055184,0,0
26.274096526,0,1
26.274138334,0,0
26.274182148,0,1
26.274223952,0,0
26.274262326,0,1
26.274285678,1,1
26.274305112,1,0
26.274349910,1,1
26.274368336,1,0
26.281998674,1,1
26.284882612,0,1
26.284894472,0,0
26.284937292,0,1
26.284960644,1,1
26.284980080,1,0
26.285021420,1,1
26.285042952,0,1
26.285063224,0,0
26.285104562,0,1
26.285127918,1,1
26.285147352,1,0
26.285188684,1,1
26.285210218,0,1
26.285230490,0,0
26.285271832,0,1
26.285295188,1,1
26.285314622,1,0
26.285355956,1,1
26.285398750,1,0
26.285440084,1,1
26.285461614,0,1
26.285481888,0,0
26.285523234,0,1
26.285565040,0,0
26.285608852,0,1
26.285632204,1,1
26.285651642,1,0
26.285690008,1,1
26.285732802,1,0
26.285777604,1,1
26.285795678,1,0
26.289999072,1,1
26.490922216,1,0
26.491191618,0,0
26.491967464,0,1
26.492100874,0,0
26.492103002,1,0
26.492142220,1,1
26.492184030,1,0
26.492185312,0,0
26.492225388,0,1
26.492268186,0,0
26.492270236,1,0
26.492309532,1,1
26.492351340,1,0
26.492392682,1,1
26.492434486,1,0
26.492436158,0,0
26.492475836,0,1
26.492518640,0,0
26.492520072,1,0
26.492559984,1,1
26.492601792,1,0
26.492643140,1,1
26.492684944,1,0
26.492726288,1,1
26.492769582,1,0
26.492810922,1,1
26.492853716,1,0
26.492895054,1,1
26.492928466,0,1
26.492941814,0,0
26.492983166,0,1
26.493006526,1,1
26.493279364,0,1
26.493291226,0,0
26.493334054,0,1
26.493375860,0,0
26.493417202,0,1
26.493440558,1,1
26.493459996,1,0
26.493501342,1,1
26.493522878,0,1
26.493543154,0,0
26.493584496,0,1
26.493607852,1,1
26.493627292,1,0
26.493668638,1,1
26.493711440,1,0
26.493752784,1,1
26.493795582,1,0
26.493836920,1,1
26.493879716,1,0
26.493921060,1,1
26.493963856,1,0
26.494007670,1,1
26.494050470,1,0
26.494088840,1,1
26.494131634,1,0
26.494176434,1,1
26.494191982,1,0
26.494461436,0,0
26.495237262,0,1
26.495278816,0,0
26.495320172,0,1
26.495362978,0,0
26.495404336,0,1
26.495447140,0,0
26.495488502,0,1
26.495531312,0,0
26.495572670,0,1
26.495615472,0,0
26.495656834,0,1
26.495699636,0,0
26.495740998,0,1
26.495783806,0,0
26.495825162,0,1
26.495867966,0,0
26.495909324,0,1
26.495953610,0,0
26.495955310,1,0
26.495994956,1,1
26.496037760,1,0
26.496079102,1,1
26.496112514,0,1
26.496125864,0,0
26.496167218,0,1
26.496190576,1,1
26.496534974,0,1
26.496546816,0,0
26.496589576,0,1
26.496631314,0,0
26.496672588,0,1
26.496695902,1,1
26.496715308,1,0
26.496756574,1,1
26.496778074,0,1
26.496798314,0,0
26.496839586,0,1
26.496862896,1,1
26.496882296,1,0
26.496923554,1,1
26.496966286,1,0
26.497007564,1,1
26.497050304,1,0
26.497091574,1,1
26.497134296,1,0
26.497175564,1,1
26.497218286,1,0
26.497262020,1,1
26.497304740,1,0
26.497343038,1,1
26.497385760,1,0
26.497430480,1,1
26.497445736,1,0
26.497446988,1,1
26.642409138,1,0
26.642678424,0,0
26.643453916,0,1
26.643705834,0,0
26.643707218,1,0
26.643747084,1,1
26.643788804,1,0
26.643790480,0,0
26.643830058,0,1
26.643872764,0,0
26.643874328,1,0
26.643914014,1,1
26.643955730,1,0
26.643996976,1,1
26.644038688,1,0
26.644040142,0,0
26.644079940,0,1
26.644122648,0,0
26.644124018,1,0
26.644163898,1,1
26.644205610,1,0
26.644246852,1,1
26.644288570,1,0
26.644329812,1,1
26.644373010,1,0
26.644414256,1,1
26.644456956,1,0
26.644498198,1,1
26.644531546,0,1
26.644544866,0,0
26.644586128,0,1
26.644609434,1,1
26.644881656,0,1
26.644893490,0,0
26.644936218,0,1
26.644977932,0,0
26.645019180,0,1
26.645042484,1,1
26.645061882,1,0
26.645103128,1,1
26.645124618,0,1
26.645144848,0,0
26.645186098,0,1
26.645209402,1,1
26.645228800,1,0
26.645270040,1,1
26.645312746,1,0
26.645353990,1,1
26.645396688,1,0
26.645437932,1,1
26.645480634,1,0
26.645521876,1,1
26.645564578,1,0
26.645608292,1,1
26.645650992,1,0
26.645689272,1,1
26.645731974,1,0
26.645776674,1,1
26.645790028,1,0
26.646059332,0,0
26.646834850,0,1
26.646876560,0,0
26.646917824,0,1
26.646960536,0,0
26.647001798,0,1
26.647044514,0,0
26.647045894,1,0
26.647085760,1,1
26.647127468,1,0
26.647129176,0,0
26.647168708,0,1
26.647211400,0,0
26.647252638,0,1
26.647295328,0,0
26.647336564,0,1
26.647379250,0,0
26.647420488,0,1
26.647463176,0,0
26.647504412,0,1
26.647548586,0,0
26.647589822,0,1
26.647629054,0,0
26.647630962,1,0
26.647670282,1,1
26.647703618,0,1
26.647716936,0,0
26.647758190,0,1
26.647781494,1,1
26.648121058,0,1
26.648132910,0,0
26.648175710,0,1
26.648217496,0,0
26.648258820,0,1
26.648282164,1,1
26.648301594,1,0
26.648342914,1,1
26.648364440,0,1
26.648384704,0,0
26.648426024,0,1
26.648449368,1,1
26.648468798,1,0
26.648510122,1,1
26.648552902,1,0
26.648594228,1,1
26.648637004,1,0
26.648678320,1,1
26.648721098,1,0
26.648762418,1,1
26.648805194,1,0
26.648848992,1,1
26.648891766,1,0
26.648930112,1,1
26.648972892,1,0
26.649017674,1,1
26.649030874,1,0
26.649032136,1,1
26.749319290,0,1
26.749331148,0,0
26.749373968,0,1
26.749415768,0,0
26.749457102,0,1
26.749498898,0,0
26.749540224,0,1
26.749582010,0,0
26.749623332,0,1
26.749665118,0,0
26.749706440,0,1
26.749729780,1,1
26.749749208,1,0
26.749790526,1,1
26.749833296,1,0
26.749874610,1,1
26.749917384,1,0
26.749958696,1,1
26.750001468,1,0
26.750045258,1,1
26.750088032,1,0
26.750126388,1,1
26.750169176,1,0
26.750213968,1,1
26.753861696,0,1
26.753873554,0,0
26.753916380,0,1
26.753958188,0,0
26.753999534,0,1
26.754041338,0,0
26.754082682,0,1
26.754106034,1,1
26.754125470,1,0
26.754166808,1,1
26.754188342,0,1
26.754208616,0,0
26.754249956,0,1
26.754273312,1,1
26.754292748,1,0
26.754334086,1,1
26.754376880,1,0
26.754418214,1,1
26.754439748,0,1
26.754460020,0,0
26.754501364,0,1
26.754543170,0,0
26.754586986,0,1
26.754628792,0,0
26.754667162,0,1
26.754690516,1,1
26.754709952,1,0
26.754754750,1,1
26.758401496,0,1
26.758413356,0,0
26.758456178,0,1
26.758497980,0,0
26.758539320,0,1
26.758581126,0,0
26.758622464,0,1
26.758664270,0,0
26.758705610,0,1
26.758747412,0,0
26.758788752,0,1
26.758812106,1,1
26.758831544,1,0
26.758872878,1,1
26.758915674,1,0
26.758957010,1,1
26.758999802,1,0
26.759041136,1,1
26.759083928,1,0
26.759127738,1,1
26.759170528,1,0
26.759208890,1,1
26.759251686,1,0
26.759296482,1,1
26.762943372,0,1
26.762955232,0,0
26.762998058,0,1
26.763021414,1,1
26.763040848,1,0
26.763082186,1,1
26.763103722,0,1
26.763123996,0,0
26.763165338,0,1
26.763188692,1,1
26.763208130,1,0
26.763249468,1,1
26.763271002,0,1
26.763291274,0,0
26.763332614,0,1
26.763355970,1,1
26.763375406,1,0
26.763416746,1,1
26.763459540,1,0
26.763500878,1,1
26.763522414,0,1
26.763542688,0,0
26.763584034,0,1
26.763625842,0,0
26.763669658,0,1
26.763693012,1,1
26.763712450,1,0
26.763750822,1,1
26.763793618,1,0
26.763838424,1,1
26.770882352,0,1
26.770894210,0,0
26.770937036,0,1
26.770978836,0,0
26.771020178,0,1
26.771061980,0,0
26.771103320,0,1
26.771145128,0,0
26.771186466,0,1
26.771228274,0,0
26.771269620,0,1
26.771292974,1,1
26.771312412,1,0
26.771353752,1,1
26.771396546,1,0
26.771437880,1,1
26.771480676,1,0
26.771522024,1,1
26.771564824,1,0
26.771608640,1,1
26.771651438,1,0
26.771689806,1,1
26.771732602,1,0
26.771777404,1,1
26.775424414,0,1
26.775436274,0,0
26.775479096,0,1
26.775520900,0,0
26.775562242,0,1
26.775604048,0,0
26.775645388,0,1
26.775668742,1,1
26.775688178,1,0
26.775729518,1,1
26.775772310,1,0
26.775813648,1,1
26.775856442,1,0
26.775897778,1,1
26.775940572,1,0
26.775981912,1,1
26.776003444,0,1
26.776023718,0,0
26.776065058,0,1
26.776106862,0,0
26.776150674,0,1
26.776174028,1,1
26.776193464,1,0
26.776231832,1,1
26.776274624,1,0
26.776319420,1,1
26.784234954,1,0
26.786006726,1,1
26.792840934,0,1
26.792852796,0,0
26.792895626,0,1
26.792918980,1,1
26.792938418,1,0
26.792979760,1,1
26.793001294,0,1
26.793021570,0,0
26.793062912,0,1
26.793086268,1,1
26.793105708,1,0
26.793147050,1,1
26.793168588,0,1
26.793188866,0,0
26.793230214,0,1
26.793253574,1,1
26.793273010,1,0
26.793314354,1,1
26.793357150,1,0
26.793398494,1,1
26.793420030,0,1
26.793440308,0,0
26.793481656,0,1
26.793523468,0,0
26.793567290,0,1
26.793590648,1,1
26.793610088,1,0
26.793648460,1,1
26.793691262,1,0
26.793736066,1,1
26.793754446,1,0
26.793997538,1,1
26.797383852,0,1
26.797395712,0,0
26.797438540,0,1
26.797480346,0,0
26.797521696,0,1
26.797563504,0,0
26.797604848,0,1
26.797628206,1,1
26.797647646,1,0
26.797688986,1,1
26.797731788,1,0
26.797773128,1,1
26.797815926,1,0
26.797857268,1,1
26.797900066,1,0
26.797941408,1,1
26.797962944,0,1
26.797983220,0,0
26.798024564,0,1
26.798066370,0,0
26.798110190,0,1
26.798133550,1,1
26.798152988,1,0
26.798191362,1,1
26.798234160,1,0
26.798278966,1,1
26.798298202,1,0
26.801998290,1,1
26.811087838,0,1
26.811099690,0,0
26.811142476,0,1
26.811184270,0,0
26.811225618,0,1
26.811267428,0,0
26.811308768,0,1
26.811332120,1,1
26.811351556,1,0
26.811392892,1,1
26.811414420,0,1
26.811434690,0,0
26.811476026,0,1
26.811499378,1,1
26.811518812,1,0
26.811560132,1,1
26.811602908,1,0
26.811644228,1,1
26.811665752,0,1
26.811686016,0,0
26.811727342,0,1
26.811769138,0,0
26.811812952,0,1
26.811854754,0,0
26.811893130,0,1
26.811916484,1,1
26.811935920,1,0
26.811980702,1,1
26.811999758,1,0
26.817998510,1,1
26.834239428,1,0
26.834512950,0,0
26.835289056,0,1
26.835397848,0,0
26.835399468,1,0
26.835439200,1,1
26.835481010,1,0
26.835482826,0,0
26.835522364,0,1
26.835565164,0,0
26.835566762,1,0
26.835606508,1,1
26.835648316,1,0
26.835689656,1,1
26.835731460,1,0
26.835732702,0,0
26.835772812,0,1
26.835815604,0,0
26.835817644,1,0
26.835856944,1,1
26.835898752,1,0
26.835940088,1,1
26.835981892,1,0
26.836023232,1,1
26.836066522,1,0
26.836107860,1,1
26.836150652,1,0
26.836191988,1,1
26.836225398,0,1
26.836238744,0,0
26.836280102,0,1
26.836303460,1,1
26.836576284,0,1
26.836588142,0,0
26.836630968,0,1
26.836672772,0,0
26.836714112,0,1
26.836737466,1,1
26.836756900,1,0
26.836798242,1,1
26.836819776,0,1
26.836840052,0,0
26.836881392,0,1
26.836904750,1,1
26.836924188,1,0
26.836965530,1,1
26.837008324,1,0
26.837049662,1,1
26.837092458,1,0
26.837133792,1,1
26.837176586,1,0
26.837217924,1,1
26.837260714,1,0
26.837304524,1,1
26.837347318,1,0
26.837385682,1,1
26.837428472,1,0
26.837473266,1,1
26.837486190,1,0
26.837759744,0,0
26.838535848,0,1
26.838575622,0,0
26.838616978,0,1
26.838659782,0,0
26.838701140,0,1
26.838743940,0,0
26.838785298,0,1
26.838828098,0,0
26.838869450,0,1
26.838912260,0,0
26.838953618,0,1
26.838996418,0,0
26.839037776,0,1
26.839080578,0,0
26.839121932,0,1
26.839164732,0,0
26.839206090,0,1
26.839250374,0,0
26.839252050,1,0
26.839291720,1,1
26.839334518,1,0
26.839375854,1,1
26.839409272,0,1
26.839422620,0,0
26.839463982,0,1
26.839487342,1,1
26.839831832,0,1
26.839843678,0,0
26.839886446,0,1
26.839928202,0,0
26.839969488,0,1
26.839992806,1,1
26.840012214,1,0
26.840053486,1,1
26.840074988,0,1
26.840095230,0,0
26.840136500,0,1
26.840159812,1,1
26.840179218,1,0
26.840220484,1,1
26.840263206,1,0
26.840304470,1,1
26.840347192,1,0
26.840388454,1,1
26.840431172,1,0
26.840472434,1,1
26.840515158,1,0
26.840558890,1,1
26.840601614,1,0
26.840639912,1,1
26.840682634,1,0
26.840727352,1,1
26.840740854,1,0
26.840742106,1,1
26.883716242,0,1
26.883728076,0,0
26.883770806,0,1
26.883812518,0,0
26.883853766,0,1
26.883895486,0,0
26.883936736,0,1
26.883978456,0,0
26.884019706,0,1
26.884061426,0,0
26.884102684,0,1
26.884125988,1,1
26.884145390,1,0
26.884186640,1,1
26.884229346,1,0
26.884270594,1,1
26.884313302,1,0
26.884354550,1,1
26.884397258,1,0
26.884440970,1,1
26.884483676,1,0
26.884521962,1,1
26.884564672,1,0
26.884609374,1,1
26.888248636,0,1
26.888260470,0,0
26.888303202,0,1
26.888344922,0,0
26.888386174,0,1
26.888427896,0,0
26.888469154,0,1
26.888492460,1,1
26.888511866,1,0
26.888553118,1,1
26.888595830,1,0
26.888637080,1,1
26.888679786,1,0
26.888721040,1,1
26.888763752,1,0
26.888805004,1,1
26.888826500,0,1
26.888846736,0,0
26.888887990,0,1
26.888929712,0,0
26.888973438,0,1
26.888996746,1,1
26.889016146,1,0
26.889054434,1,1
26.889097144,1,0
26.889141850,1,1
26.896620346,1,0
26.898005788,1,1
26.900879066,0,1
26.900890900,0,0
26.900933630,0,1
26.900975346,0,0
26.901016600,0,1
26.901058320,0,0
26.901099566,0,1
26.901141282,0,0
26.901182536,0,1
26.901224256,0,0
26.901265508,0,1
26.901288814,1,1
26.901308214,1,0
26.901349458,1,1
26.901392162,1,0
26.901433408,1,1
26.901476114,1,0
26.901517364,1,1
26.901560074,1,0
26.901603790,1,1
26.901646496,1,0
26.901684782,1,1
26.901727486,1,0
26.901772188,1,1
26.905412298,0,1
26.905424134,0,0
26.905466870,0,1
26.905508596,0,0
26.905549850,0,1
26.905591574,0,0
26.905632828,0,1
26.905656134,1,1
26.905675532,1,0
26.905716780,1,1
26.905738272,0,1
26.905758504,0,0
26.905799756,0,1
26.905823060,1,1
26.905842462,1,0
26.905883716,1,1
26.905926428,1,0
26.905967680,1,1
26.905989176,0,1
26.906009410,0,0
26.906050664,0,1
26.906092380,0,0
26.906136102,0,1
26.906177818,0,0
26.906216104,0,1
26.906239406,1,1
26.906258808,1,0
26.906303514,1,1
26.913107148,0,1
26.913118984,0,0
26.913161716,0,1
26.913203432,0,0
26.913244670,0,1
26.913286370,0,0
26.913327596,0,1
26.913369302,0,0
26.913410544,0,1
26.913452258,0,0
26.913493514,0,1
26.913516818,1,1
26.913536216,1,0
26.913577464,1,1
26.913620176,1,0
26.913661424,1,1
26.913704130,1,0
26.913745380,1,1
26.913788090,1,0
26.913831804,1,1
26.913874514,1,0
26.913912794,1,1
26.913955494,1,0
26.914000190,1,1
26.917638494,0,1
26.917650330,0,0
26.917693062,0,1
26.917716364,1,1
26.917735766,1,0
26.917777014,1,1
26.917798508,0,1
26.917818740,0,0
26.917859992,0,1
26.917883294,1,1
26.917902694,1,0
26.917943946,1,1
26.917965440,0,1
26.917985672,0,0
26.918026924,0,1
26.918050228,1,1
26.918069630,1,0
26.918110878,1,1
26.918153588,1,0
26.918194838,1,1
26.918216334,0,1
26.918236566,0,0
26.918277816,0,1
26.918319538,0,0
26.918363262,0,1
26.918386566,1,1
26.918405968,1,0
26.918444254,1,1
26.918486964,1,0
26.918531670,1,1
26.926516344,1,0
26.929998254,1,1
26.945579072,1,0
26.945852422,0,0
26.946627936,0,1
26.946729606,0,0
26.946731216,1,0
26.946770862,1,1
26.946812584,1,0
26.946814516,0,0
26.946853842,0,1
26.946896550,0,0
26.946898390,1,0
26.946937798,1,1
26.946979516,1,0
26.947020762,1,1
26.947062478,1,0
26.947064230,0,0
26.947103728,0,1
26.947146432,0,0
26.947148078,1,0
26.947187678,1,1
26.947229394,1,0
26.947270642,1,1
26.947312358,1,0
26.947353608,1,1
26.947396802,1,0
26.947438050,1,1
26.947480752,1,0
26.947521998,1,1
26.947555344,0,1
26.947568662,0,0
26.947609918,0,1
26.947633222,1,1
26.947905440,0,1
26.947917272,0,0
26.947960000,0,1
26.948001714,0,0
26.948042962,0,1
26.948066266,1,1
26.948085660,1,0
26.948126898,1,1
26.948148390,0,1
26.948168624,0,0
26.948209884,0,1
26.948233192,1,1
26.948252590,1,0
26.948293832,1,1
26.948336538,1,0
26.948377782,1,1
26.948420484,1,0
26.948461726,1,1
26.948504438,1,0
26.948545684,1,1
26.948588390,1,0
26.948632104,1,1
26.948674810,1,0
26.948713090,1,1
26.948755796,1,0
26.948800494,1,1
26.948815526,1,0
26.949088846,0,0
26.949864474,0,1
26.949906812,0,0
26.949948078,0,1
26.949990790,0,0
26.950032052,0,1
26.950074760,0,0
26.950076540,1,0
26.950116004,1,1
26.950157720,1,0
26.950158818,0,0
26.950198978,0,1
26.950241680,0,0
26.950282932,0,1
26.950325642,0,0
26.950366898,0,1
26.950409604,0,0
26.950450862,0,1
26.950493570,0,0
26.950534828,0,1
26.950579020,0,0
26.950620276,0,1
26.950659526,0,0
26.950661756,1,0
26.950700772,1,1
26.950734116,0,1
26.950747436,0,0
26.950788694,0,1
26.950811998,1,1
26.951151552,0,1
26.951163402,0,0
26.951206196,0,1
26.951247980,0,0
26.951289302,0,1
26.951312644,1,1
26.951332078,1,0
26.951373404,1,1
26.951394932,0,1
26.951415200,0,0
26.951456528,0,1
26.951479874,1,1
26.951499310,1,0
26.951540634,1,1
26.951583414,1,0
26.951624736,1,1
26.951667516,1,0
26.951708834,1,1
26.951751614,1,0
26.951792930,1,1
26.951835708,1,0
26.951879502,1,1
26.951922284,1,0
26.951960632,1,1
26.952003408,1,0
26.952048188,1,1
26.952060706,1,0
26.952061962,1,1
26.961835214,0,1
26.961847072,0,0
26.961889886,0,1
26.961931688,0,0
26.961973024,0,1
26.962014826,0,0
26.962056160,0,1
26.962079512,1,1
26.962098948,1,0
26.962140276,1,1
26.962183062,1,0
26.962224392,1,1
26.962267180,1,0
26.962308510,1,1
26.962351296,1,0
26.962392624,1,1
26.962414154,0,1
26.962434424,0,0
26.962475756,0,1
26.962517556,0,0
26.962561364,0,1
26.962584716,1,1
26.962604150,1,0
26.962642512,1,1
26.962685298,1,0
26.962730088,1,1
26.962748332,1,0
26.969997158,1,1
26.970197218,0,1
26.970209076,0,0
26.970251896,0,1
26.970275246,1,1
26.970294678,1,0
26.970336004,1,1
26.970357536,0,1
26.970377808,0,0
26.970419138,0,1
26.970442486,1,1
26.970461920,1,0
26.970503258,1,1
26.970524790,0,1
26.970545060,0,0
26.970586394,0,1
26.970609744,1,1
26.970629178,1,0
26.970670506,1,1
26.970713292,1,0
26.970754622,1,1
26.970776152,0,1
26.970796422,0,0
26.970837754,0,1
26.970879552,0,0
26.970923358,0,1
26.970946708,1,1
26.970966140,1,0
26.971004502,1,1
26.971047290,1,0
26.971092080,1,1
26.971110544,1,0
26.977998242,1,1
26.983923480,0,1
26.983935338,0,0
26.983978156,0,1
26.984019956,0,0
26.984061294,0,1
26.984103094,0,0
26.984144434,0,1
26.984167784,1,1
26.984187218,1,0
26.984228548,1,1
26.984250082,0,1
26.984270354,0,0
26.984311694,0,1
26.984335044,1,1
26.984354480,1,0
26.984395816,1,1
26.984438610,1,0
26.984479940,1,1
26.984501478,0,1
26.984521754,0,0
26.984563094,0,1
26.984604894,0,0
26.984648706,0,1
26.984690510,0,0
26.984728876,0,1
26.984752226,1,1
26.984771660,1,0
26.984816460,1,1
26.984835004,1,0
26.985997782,1,1
26.992214406,0,1
26.992226266,0,0
26.992269084,0,1
26.992292436,1,1
26.992311868,1,0
26.992353200,1,1
26.992395990,1,0
26.992437320,1,1
26.992458850,0,1
26.992479120,0,0
26.992520462,0,1
26.992543818,1,1
26.992563254,1,0
26.992604590,1,1
26.992626124,0,1
26.992646396,0,0
26.992687732,0,1
26.992711086,1,1
26.992730520,1,0
26.992771856,1,1
26.992793390,0,1
26.992813664,0,0
26.992855002,0,1
26.992896806,0,0
26.992940618,0,1
26.992963970,1,1
26.992983404,1,0
26.993021768,1,1
26.993064560,1,0
26.993109356,1,1
26.993127052,1,0
26.993996906,1,1
27.042145346,0,1
27.042157204,0,0
27.042200022,0,1
27.042241818,0,0
27.042283150,0,1
27.042324948,0,0
27.042366284,0,1
27.042408086,0,0
27.042449426,0,1
27.042491226,0,0
27.042532562,0,1
27.042555910,1,1
27.042575344,1,0
27.042616678,1,1
27.042659464,1,0
27.042700794,1,1
27.042743582,1,0
27.042784908,1,1
27.042827696,1,0
27.042871500,1,1
27.042914284,1,0
27.042952640,1,1
27.042995428,1,0
27.043040218,1,1
27.046686736,0,1
27.046698594,0,0
27.046741408,0,1
27.046783208,0,0
27.046824542,0,1
27.046866338,0,0
27.046907676,0,1
27.046931026,1,1
27.046950462,1,0
27.046991794,1,1
27.047034586,1,0
27.047075922,1,1
27.047118710,1,0
27.047160042,1,1
27.047202830,1,0
27.047244158,1,1
27.047265686,0,1
27.047285958,0,0
27.047327294,0,1
27.047369094,0,0
27.047412906,0,1
27.047436260,1,1
27.047455694,1,0
27.047494058,1,1
27.047536850,1,0
27.047581644,1,1
27.054231252,0,1
27.054243110,0,0
27.054285930,0,1
27.054327724,0,0
27.054369060,0,1
27.054410858,0,0
27.054452190,0,1
27.054493994,0,0
27.054535340,0,1
27.054577142,0,0
27.054618480,0,1
27.054641836,1,1
27.054661272,1,0
27.054702608,1,1
27.054745400,1,0
27.054786734,1,1
27.054829524,1,0
27.054870856,1,1
27.054913648,1,0
27.054957452,1,1
27.055000244,1,0
27.055038608,1,1
27.055081400,1,0
27.055126198,1,1
27.058772556,0,1
27.058784414,0,0
27.058827232,0,1
27.058850582,1,1
27.058870016,1,0
27.058911352,1,1
27.058954142,1,0
27.058995476,1,1
27.059017008,0,1
27.059037278,0,0
27.059078616,0,1
27.059101968,1,1
27.059121404,1,0
27.059162738,1,1
27.059184270,0,1
27.059204542,0,0
27.059245882,0,1
27.059269234,1,1
27.059288668,1,0
27.059329998,1,1
27.059351532,0,1
27.059371804,0,0
27.059413140,0,1
27.059454938,0,0
27.059498752,0,1
27.059522104,1,1
27.059541538,1,0
27.059579902,1,1
27.059622694,1,0
27.059667492,1,1
27.067766156,1,0
27.073997876,1,1
27.074038206,0,1
27.074050070,0,0
27.074092902,0,1
27.074134704,0,0
27.074176050,0,1
27.074217856,0,0
27.074259194,0,1
27.074300998,0,0
27.074342338,0,1
27.074384136,0,0
27.074425470,0,1
27.074448824,1,1
27.074468256,1,0
27.074509594,1,1
27.074552384,1,0
27.074593724,1,1
27.074636522,1,0
27.074677860,1,1
27.074720656,1,0
27.074764468,1,1
27.074807262,1,0
27.074845630,1,1
27.074888420,1,0
27.074933216,1,1
27.078579802,0,1
27.078591662,0,0
27.078634486,0,1
27.078657838,1,1
27.078677272,1,0
27.078718602,1,1
27.078740136,0,1
27.078760408,0,0
27.078801748,0,1
27.078825098,1,1
27.078844534,1,0
27.078885874,1,1
27.078907406,0,1
27.078927678,0,0
27.078969016,0,1
27.078992366,1,1
27.079011802,1,0
27.079053138,1,1
27.079095924,1,0
27.079137258,1,1
27.079158792,0,1
27.079179064,0,0
27.079220402,0,1
27.079262202,0,0
27.079306024,0,1
27.079329378,1,1
27.079348814,1,0
27.079387184,1,1
27.079429984,1,0
27.079474788,1,1
27.087351294,1,0
27.089997044,1,1
27.094246226,0,1
27.094258084,0,0
27.094300900,0,1
27.094342698,0,0
27.094384038,0,1
27.094425836,0,0
27.094467170,0,1
27.094508974,0,0
27.094550310,0,1
27.094592110,0,0
27.094633450,0,1
27.094656798,1,1
27.094676232,1,0
27.094717562,1,1
27.094760354,1,0
27.094801684,1,1
27.094844472,1,0
27.094885806,1,1
27.094928590,1,0
27.094972388,1,1
27.095015178,1,0
27.095053538,1,1
27.095096324,1,0
27.095141116,1,1
27.098788680,0,1
27.098800540,0,0
27.098843364,0,1
27.098885164,0,0
27.098926506,0,1
27.098968308,0,0
27.099009646,0,1
27.099032998,1,1
27.099052436,1,0
27.099093772,1,1
27.099115302,0,1
27.099135572,0,0
27.099176910,0,1
27.099200264,1,1
27.099219700,1,0
27.099261034,1,1
27.099303826,1,0
27.099345160,1,1
27.099366692,0,1
27.099386960,0,0
27.099428294,0,1
27.099470090,0,0
27.099513902,0,1
27.099555704,0,0
27.099594074,0,1
27.099617428,1,1
27.099636864,1,0
27.099681660,1,1
27.106943292,1,0
27.113997618,1,1
27.115888500,0,1
27.115900360,0,0
27.115943182,0,1
27.115966536,1,1
27.115985972,1,0
27.116027312,1,1
27.116048844,0,1
27.116069118,0,0
27.116110456,0,1
27.116133810,1,1
27.116153248,1,0
27.116194582,1,1
27.116216116,0,1
27.116236392,0,0
27.116277730,0,1
27.116301082,1,1
27.116320518,1,0
27.116361858,1,1
27.116404650,1,0
27.116445986,1,1
27.116467518,0,1
27.116487794,0,0
27.116529142,0,1
27.116570944,0,0
27.116614760,0,1
27.116638114,1,1
27.116657550,1,0
27.116695916,1,1
27.116738708,1,0
27.116783508,1,1
27.116802096,1,0
27.122004752,1,1
27.125108986,0,1
27.125120846,0,0
27.125163676,0,1
27.125205482,0,0
27.125246830,0,1
27.125288638,0,0
27.125329980,0,1
27.125353328,1,1
27.125372762,1,0
27.125414100,1,1
27.125456908,1,0
27.125498268,1,1
27.125541080,1,0
27.125582424,1,1
27.125625220,1,0
27.125666564,1,1
27.125688096,0,1
27.125708370,0,0
27.125749712,0,1
27.125791518,0,0
27.125835340,0,1
27.125858694,1,1
27.125878132,1,0
27.125916508,1,1
27.125959306,1,0
27.126004108,1,1
27.126023120,1,0
27.129996718,1,1
27.132815930,0,1
27.132827792,0,0
27.132870620,0,1
27.132912426,0,0
27.132953776,0,1
27.132995594,0,0
27.133036954,0,1
27.133060318,1,1
27.133079764,1,0
27.133121124,1,1
27.133142670,0,1
27.133162954,0,0
27.133204316,0,1
27.133227682,1,1
27.133247128,1,0
27.133288482,1,1
27.133331288,1,0
27.133372632,1,1
27.133394168,0,1
27.133414438,0,0
27.133455772,0,1
27.133497586,0,0
27.133541430,0,1
27.133583242,0,0
27.133621622,0,1
27.133644978,1,1
27.133664418,1,0
27.133709224,1,1
27.133727918,1,0
27.137997964,1,1
27.153831432,1,0
27.153835438,0,0
27.154881096,0,1
27.155002366,0,0
27.155004586,1,0
27.155043716,1,1
27.155085530,1,0
27.155086912,0,0
27.155126884,0,1
27.155169688,0,0
27.155171846,1,0
27.155211036,1,1
27.155252846,1,0
27.155294190,1,1
27.155336000,1,0
27.155337790,0,0
27.155377352,0,1
27.155420154,0,0
27.155421718,1,0
27.155461498,1,1
27.155503312,1,0
27.155544658,1,1
27.155586468,1,0
27.155627812,1,1
27.155671104,1,0
27.155712448,1,1
27.155755244,1,0
27.155796586,1,1
27.155830002,0,1
27.155843350,0,0
27.155884706,0,1
27.155908068,1,1
27.156180908,0,1
27.156192768,0,0
27.156235598,0,1
27.156277406,0,0
27.156318752,0,1
27.156342112,1,1
27.156361550,1,0
27.156402892,1,1
27.156424426,0,1
27.156444702,0,0
27.156486050,0,1
27.156509406,1,1
27.156528846,1,0
27.156570190,1,1
27.156612990,1,0
27.156654332,1,1
27.156697132,1,0
27.156738474,1,1
27.156781274,1,0
27.156822614,1,1
27.156865412,1,0
27.156909228,1,1
27.156952026,1,0
27.156990400,1,1
27.157033196,1,0
27.157078000,1,1
27.157089836,1,0
27.157359260,0,0
27.158135224,0,1
27.158182862,0,0
27.158224222,0,1
27.158267028,0,0
27.158308390,0,1
27.158351196,0,0
27.158392554,0,1
27.158435360,0,0
27.158476720,0,1
27.158519528,0,0
27.158560888,0,1
27.158603696,0,0
27.158645056,0,1
27.158687862,0,0
27.158729222,0,1
27.158772030,0,0
27.158813388,0,1
27.158857682,0,0
27.158859348,1,0
27.158899034,1,1
27.158941840,1,0
27.158983186,1,1
27.159016602,0,1
27.159029952,0,0
27.159071310,0,1
27.159094664,1,1
27.159438942,0,1
27.159450780,0,0
27.159493524,0,1
27.159535248,0,0
27.159576506,0,1
27.159599814,1,1
27.159619214,1,0
27.159660466,1,1
27.159681960,0,1
27.159702196,0,0
27.159743464,0,1
27.159766778,1,1
27.159786182,1,0
27.159827446,1,1
27.159870170,1,0
27.159911440,1,1
27.159954160,1,0
27.159995428,1,1
27.160038152,1,0
27.160079422,1,1
27.160122150,1,0
27.160165890,1,1
27.160208614,1,0
27.160246920,1,1
27.160289648,1,0
27.160334376,1,1
27.160347720,1,0
27.160348976,1,1
27.282397398,1,0
27.282401396,0,0
27.283446500,0,1
27.283562720,0,0
27.283564880,1,0
27.283603970,1,1
27.283645694,1,0
27.283647170,0,0
27.283686948,0,1
27.283729654,0,0
27.283731050,1,0
27.283770902,1,1
27.283812622,1,0
27.283853866,1,1
27.283895586,1,0
27.283896910,0,0
27.283936844,0,1
27.283979550,0,0
27.283981784,1,0
27.284020798,1,1
27.284062520,1,0
27.284103762,1,1
27.284145480,1,0
27.284186722,1,1
27.284229918,1,0
27.284271162,1,1
27.284313868,1,0
27.284355110,1,1
27.284388450,0,1
27.284401770,0,0
27.284443036,0,1
27.284466346,1,1
27.284738604,0,1
27.284750438,0,0
27.284793168,0,1
27.284834890,0,0
27.284876138,0,1
27.284899444,1,1
27.284918846,1,0
27.284960094,1,1
27.284981586,0,1
27.285001818,0,0
27.285043070,0,1
27.285066374,1,1
27.285085776,1,0
27.285127022,1,1
27.285169728,1,0
27.285210976,1,1
27.285253682,1,0
27.285294924,1,1
27.285337630,1,0
27.285378874,1,1
27.285421576,1,0
27.285465290,1,1
27.285507998,1,0
27.285546276,1,1
27.285588978,1,0
27.285633674,1,1
27.285646146,1,0
27.285915470,0,0
27.286691186,0,1
27.286733618,0,0
27.286774884,0,1
27.286817600,0,0
27.286858858,0,1
27.286901572,0,0
27.286903240,1,0
27.286942820,1,1
27.286984538,1,0
27.286986516,0,0
27.287025792,0,1
27.287068500,0,0
27.287109756,0,1
27.287152462,0,0
27.287193718,0,1
27.287236424,0,0
27.287277682,0,1
27.287320388,0,0
27.287361642,0,1
27.287405832,0,0
27.287447090,0,1
27.287486348,0,0
27.287488380,1,0
27.287527606,1,1
27.287560954,0,1
27.287574274,0,0
27.287615534,0,1
27.287638838,1,1
27.287978388,0,1
27.287990240,0,0
27.288033034,0,1
27.288074820,0,0
27.288116144,0,1
27.288139488,1,1
27.288158914,1,0
27.288200236,1,1
27.288221762,0,1
27.288242026,0,0
27.288283346,0,1
27.288306692,1,1
27.288326122,1,0
27.288367442,1,1
27.288410220,1,0
27.288451540,1,1
27.288494322,1,0
27.288535646,1,1
27.288578430,1,0
27.288619754,1,1
27.288662534,1,0
27.288706328,1,1
27.288749108,1,0
27.288787458,1,1
27.288830232,1,0
27.288875014,1,1
27.288887524,1,0
27.288888774,1,1
27.442922312,1,0
27.442926316,0,0
27.443968030,0,1
27.444083262,0,0
27.444085484,1,0
27.444124632,1,1
27.444166466,1,0
27.444167818,0,0
27.444207844,0,1
27.444250918,0,0
27.444252892,1,0
27.444293538,1,1
27.444336108,1,0
27.444377780,1,1
27.444419774,1,0
27.444420964,0,0
27.444461258,0,1
27.444504154,0,0
27.444505960,1,0
27.444545574,1,1
27.444587444,1,0
27.444628834,1,1
27.444670680,1,0
27.444712062,1,1
27.444755392,1,0
27.444796758,1,1
27.444839564,1,0
27.444880908,1,1
27.444914324,0,1
27.444927670,0,0
27.444969030,0,1
27.444992398,1,1
27.445265258,0,1
27.445277116,0,0
27.445319938,0,1
27.445361738,0,0
27.445403078,0,1
27.445426430,1,1
27.445445864,1,0
27.445487202,1,1
27.445508736,0,1
27.445529010,0,0
27.445570350,0,1
27.445593700,1,1
27.445613138,1,0
27.445654474,1,1
27.445697266,1,0
27.445738602,1,1
27.445781394,1,0
27.445822726,1,1
27.445865514,1,0
27.445906850,1,1
27.445949642,1,0
27.445993450,1,1
27.446036244,1,0
27.446074610,1,1
27.446117394,1,0
27.446162184,1,1
27.446174198,1,0
27.446447636,0,0
27.447223690,0,1
27.447264348,0,0
27.447305700,0,1
27.447348500,0,0
27.447389850,0,1
27.447432642,0,0
27.447473988,0,1
27.447516782,0,0
27.447558126,0,1
27.447600922,0,0
27.447642270,0,1
27.447685064,0,0
27.447726416,0,1
27.447769212,0,0
27.447810562,0,1
27.447853360,0,0
27.447894714,0,1
27.447938994,0,0
27.447940856,1,0
27.447980334,1,1
27.448023130,1,0
27.448064468,1,1
27.448097880,0,1
27.448111228,0,0
27.448152578,0,1
27.448175932,1,1
27.448520286,0,1
27.448532126,0,0
27.448574878,0,1
27.448616610,0,0
27.448657880,0,1
27.448681194,1,1
27.448700596,1,0
27.448741854,1,1
27.448763350,0,1
27.448783588,0,0
27.448824854,0,1
27.448848166,1,1
27.448867568,1,0
27.448908828,1,1
27.448951546,1,0
27.448992804,1,1
27.449035526,1,0
27.449076784,1,1
27.449119500,1,0
27.449160756,1,1
27.449203476,1,0
27.449247204,1,1
27.449289920,1,0
27.449328216,1,1
27.449370930,1,0
27.449415640,1,1
27.449428396,1,0
27.449429652,1,1
27.578921500,1,0
27.579190774,0,0
27.579966334,0,1
27.580802856,0,0
27.580804970,1,0
27.580844102,1,1
27.580885822,1,0
27.580887246,0,0
27.580927076,0,1
27.580969778,0,0
27.580971108,1,0
27.581011018,1,1
27.581052734,1,0
27.581093970,1,1
27.581135678,1,0
27.581136922,0,0
27.581176926,0,1
27.581219622,0,0
27.581221796,1,0
27.581260862,1,1
27.581302576,1,0
27.581343812,1,1
27.581385524,1,0
27.581426770,1,1
27.581469962,1,0
27.581511208,1,1
27.581553910,1,0
27.581595148,1,1
27.581628486,0,1
27.581641802,0,0
27.581683058,0,1
27.581706362,1,1
27.581978568,0,1
27.581990400,0,0
27.582033122,0,1
27.582074838,0,0
27.582116082,0,1
27.582139382,1,1
27.582158780,1,0
27.582200024,1,1
27.582221516,0,1
27.582241746,0,0
27.582282996,0,1
27.582306298,1,1
27.582325698,1,0
27.582366942,1,1
27.582409644,1,0
27.582450882,1,1
27.582493590,1,0
27.582534830,1,1
27.582577534,1,0
27.582618776,1,1
27.582661478,1,0
27.582705188,1,1
27.582747896,1,0
27.582786176,1,1
27.582828874,1,0
27.582873572,1,1
27.582887106,1,0
27.583160466,0,0
27.583936090,0,1
27.583982324,0,0
27.584023586,0,1
27.584066298,0,0
27.584107558,0,1
27.584150270,0,0
27.584152198,1,0
27.584191520,1,1
27.584233234,1,0
27.584234484,0,0
27.584274484,0,1
27.584317186,0,0
27.584358442,0,1
27.584401148,0,0
27.584442406,0,1
27.584485112,0,0
27.584526376,0,1
27.584569090,0,0
27.584610356,0,1
27.584654544,0,0
27.584695800,0,1
27.584735050,0,0
27.584736492,1,0
27.584776294,1,1
27.584809638,0,1
27.584822956,0,0
27.584864220,0,1
27.584887526,1,1
27.585227088,0,1
27.585238942,0,0
27.585281738,0,1
27.585323518,0,0
27.585364838,0,1
27.585388180,1,1
27.585407612,1,0
27.585448928,1,1
27.585470456,0,1
27.585490722,0,0
27.585532044,0,1
27.585555388,1,1
27.585574818,1,0
27.585616142,1,1
27.585658918,1,0
27.585700232,1,1
27.585743008,1,0
27.585784328,1,1
27.585827102,1,0
27.585868424,1,1
27.585911204,1,0
27.585954998,1,1
27.585997786,1,0
27.586036144,1,1
27.586078926,1,0
27.586123708,1,1
27.586136646,1,0
27.586137900,1,1
27.672001098,0,1
27.672012956,0,0
27.672055782,0,1
27.672097586,0,0
27.672138926,0,1
27.672180728,0,0
27.672222068,0,1
27.672245420,1,1
27.672264856,1,0
27.672306190,1,1
27.672327722,0,1
27.672347996,0,0
27.672389338,0,1
27.672412690,1,1
27.672432126,1,0
27.672473458,1,1
27.672516254,1,0
27.672557590,1,1
27.672579124,0,1
27.672599398,0,0
27.672640740,0,1
27.672682540,0,0
27.672726354,0,1
27.672768158,0,0
27.672806524,0,1
27.672829880,1,1
27.672849314,1,0
27.672894110,1,1
27.672912634,1,0
27.673915226,1,1
27.700460980,0,1
27.700472838,0,0
27.700515664,0,1
27.700557466,0,0
27.700598806,0,1
27.700640608,0,0
27.700681948,0,1
27.700723754,0,0
27.700765094,0,1
27.700806898,0,0
27.700848236,0,1
27.700871590,1,1
27.700891026,1,0
27.700932364,1,1
27.700975156,1,0
27.701016490,1,1
27.701059284,1,0
27.701100620,1,1
27.701143410,1,0
27.701187216,1,1
27.701230010,1,0
27.701268374,1,1
27.701311164,1,0
27.701355962,1,1
27.705002704,0,1
27.705014564,0,0
27.705057386,0,1
27.705099188,0,0
27.705140530,0,1
27.705182332,0,0
27.705223672,0,1
27.705247026,1,1
27.705266464,1,0
27.705307798,1,1
27.705350590,1,0
27.705391926,1,1
27.705434720,1,0
27.705476056,1,1
27.705518854,1,0
27.705560188,1,1
27.705581722,0,1
27.705601994,0,0
27.705643334,0,1
27.705685136,0,0
27.705728950,0,1
27.705752304,1,1
27.705771740,1,0
27.705810106,1,1
27.705852900,1,0
27.705897704,1,1
27.705916590,1,0
27.713996344,1,1
27.715430174,0,1
27.715442034,0,0
27.715484850,0,1
27.715526654,0,0
27.715567992,0,1
27.715609794,0,0
27.715651130,0,1
27.715692930,0,0
27.715734264,0,1
27.715776068,0,0
27.715817404,0,1
27.715840758,1,1
27.715860192,1,0
27.715901528,1,1
27.715944320,1,0
27.715985650,1,1
27.716028438,1,0
27.716069768,1,1
27.716112558,1,0
27.716156368,1,1
27.716199160,1,0
27.716237526,1,1
27.716280318,1,0
27.716325116,1,1
27.719971772,0,1
27.719983632,0,0
27.720026454,0,1
27.720049804,1,1
27.720069240,1,0
27.720110580,1,1
27.720132112,0,1
27.720152386,0,0
27.720193726,0,1
27.720217080,1,1
27.720236518,1,0
27.720277854,1,1
27.720299388,0,1
27.720319662,0,0
27.720361002,0,1
27.720384356,1,1
27.720403790,1,0
27.720445126,1,1
27.720487920,1,0
27.720529256,1,1
27.720550788,0,1
27.720571058,0,0
27.720612398,0,1
27.720654200,0,0
27.720698014,0,1
27.720721368,1,1
27.720740806,1,0
27.720779178,1,1
27.720821972,1,0
27.720866772,1,1
27.728608468,1,0
27.729995800,1,1
27.745617952,1,0
27.745891472,0,0
27.746667486,0,1
27.746808788,0,0
27.746810152,1,0
27.746850130,1,1
27.746891940,1,0
27.746893500,0,0
27.746933286,0,1
27.746976082,0,0
27.746977440,1,0
27.747017424,1,1
27.747059226,1,0
27.747100562,1,1
27.747142358,1,0
27.747144386,0,0
27.747183702,0,1
27.747226496,0,0
27.747228322,1,0
27.747267834,1,1
27.747309634,1,0
27.747350966,1,1
27.747392768,1,0
27.747434098,1,1
27.747477378,1,0
27.747518712,1,1
27.747561500,1,0
27.747602830,1,1
27.747636236,0,1
27.747649584,0,0
27.747690930,0,1
27.747714284,1,1
27.747987070,0,1
27.747998930,0,0
27.748041754,0,1
27.748083552,0,0
27.748124890,0,1
27.748148244,1,1
27.748167678,1,0
27.748209010,1,1
27.748230544,0,1
27.748250818,0,0
27.748292160,0,1
27.748315516,1,1
27.748334952,1,0
27.748376286,1,1
27.748419086,1,0
27.748460422,1,1
27.748503216,1,0
27.748544552,1,1
27.748587344,1,0
27.748628674,1,1
27.748671468,1,0
27.748715280,1,1
27.748758072,1,0
27.748796440,1,1
27.748839238,1,0
27.748884040,1,1
27.748896848,1,0
27.749170380,0,0
27.749946490,0,1
27.749986306,0,0
27.750027662,0,1
27.750070462,0,0
27.750111820,0,1
27.750154620,0,0
27.750195972,0,1
27.750238770,0,0
27.750280122,0,1
27.750322920,0,0
27.750364276,0,1
27.750407076,0,0
27.750448428,0,1
27.750491234,0,0
27.750532594,0,1
27.750575396,0,0
27.750616752,0,1
27.750661038,0,0
27.750662672,1,0
27.750702382,1,1
27.750745182,1,0
27.750786524,1,1
27.750819936,0,1
27.750833286,0,0
27.750874640,0,1
27.750897996,1,1
27.751242360,0,1
27.751254202,0,0
27.751296958,0,1
27.751338694,0,0
27.751379964,0,1
27.751403278,1,1
27.751422686,1,0
27.751463950,1,1
27.751485450,0,1
27.751505690,0,0
27.751546954,0,1
27.751570268,1,1
27.751589670,1,0
27.751630926,1,1
27.751673648,1,0
27.751714910,1,1
27.751757628,1,0
27.751798888,1,1
27.751841606,1,0
27.751882866,1,1
27.751925582,1,0
27.751969312,1,1
27.752012026,1,0
27.752050316,1,1
27.752093032,1,0
27.752137744,1,1
27.752151224,1,0
27.752152482,1,1
27.788673142,0,1
27.788684978,0,0
27.788727706,0,1
27.788769424,0,0
27.788810674,0,1
27.788852394,0,0
27.788893648,0,1
27.788916956,1,1
27.788936356,1,0
27.788977604,1,1
27.788999096,0,1
27.789019328,0,0
27.789060578,0,1
27.789083882,1,1
27.789103282,1,0
27.789144532,1,1
27.789187242,1,0
27.789228492,1,1
27.789249982,0,1
27.789270212,0,0
27.789311466,0,1
27.789353188,0,0
27.789396908,0,1
27.789438628,0,0
27.789476916,0,1
27.789500226,1,1
27.789519626,1,0
27.789564336,1,1
27.789582806,1,0
27.793996540,1,1
27.866574592,1,0
27.866578592,0,0
27.867623664,0,1
27.867736240,0,0
27.867738014,1,0
27.867777484,1,1
27.867819206,1,0
27.867820292,0,0
27.867860460,0,1
27.867903166,0,0
27.867905166,1,0
27.867944418,1,1
27.867986142,1,0
27.868027388,1,1
27.868069106,1,0
27.868070992,0,0
27.868110358,0,1
27.868153064,0,0
27.868154860,1,0
27.868194312,1,1
27.868236034,1,0
27.868277280,1,1
27.868319000,1,0
27.868360248,1,1
27.868403446,1,0
27.868444692,1,1
27.868487394,1,0
27.868528638,1,1
27.868561978,0,1
27.868575298,0,0
27.868616566,0,1
27.868639880,1,1
27.868912088,0,1
27.868923916,0,0
27.868966642,0,1
27.869008356,0,0
27.869049602,0,1
27.869072902,1,1
27.869092300,1,0
27.869133544,1,1
27.869155034,0,1
27.869175264,0,0
27.869216510,0,1
27.869239812,1,1
27.869259208,1,0
27.869300448,1,1
27.869343148,1,0
27.869384388,1,1
27.869427090,1,0
27.869468330,1,1
27.869511040,1,0
27.869552288,1,1
27.869594994,1,0
27.869638710,1,1
27.869681414,1,0
27.869719694,1,1
27.869762398,1,0
27.869807098,1,1
27.869819168,1,0
27.870092494,0,0
27.870867932,0,1
27.870906958,0,0
27.870948222,0,1
27.870990932,0,0
27.871032190,0,1
27.871074898,0,0
27.871076964,1,0
27.871116146,1,1
27.871157866,1,0
27.871159254,0,0
27.871199122,0,1
27.871241832,0,0
27.871283086,0,1
27.871325792,0,0
27.871367050,0,1
27.871409754,0,0
27.871451008,0,1
27.871493718,0,0
27.871534982,0,1
27.871579172,0,0
27.871620434,0,1
27.871659686,0,0
27.871661160,1,0
27.871700932,1,1
27.871734272,0,1
27.871747592,0,0
27.871788848,0,1
27.871812150,1,1
27.872151708,0,1
27.872163558,0,0
27.872206350,0,1
27.872248130,0,0
27.872289452,0,1
27.872312796,1,1
27.872332222,1,0
27.872373538,1,1
27.872395066,0,1
27.872415332,0,0
27.872456658,0,1
27.872480000,1,1
27.872499434,1,0
27.872540760,1,1
27.872583538,1,0
27.872624850,1,1
27.872667626,1,0
27.872708940,1,1
27.872751712,1,0
27.872793026,1,1
27.872835800,1,0
27.872879588,1,1
27.872922370,1,0
27.872960720,1,1
27.873003490,1,0
27.873048266,1,1
27.873060054,1,0
27.873061314,1,1
27.887748622,0,1
27.887760478,0,0
27.887803288,0,1
27.887845080,0,0
27.887886412,0,1
27.887928206,0,0
27.887969534,0,1
27.887992882,1,1
27.888012318,1,0
27.888053648,1,1
27.888075180,0,1
27.888095448,0,0
27.888136784,0,1
27.888160132,1,1
27.888179566,1,0
27.888220896,1,1
27.888263682,1,0
27.888305008,1,1
27.888326538,0,1
27.888346806,0,0
27.888388138,0,1
27.888429934,0,0
27.888473734,0,1
27.888515532,0,0
27.888553894,0,1
27.888577238,1,1
27.888596672,1,0
27.888641458,1,1
27.888660302,1,0
27.889907040,1,1
27.980204044,0,1
27.980215900,0,0
27.980258718,0,1
27.980300512,0,0
27.980341844,0,1
27.980383642,0,0
27.980424976,0,1
27.980448326,1,1
27.980467760,1,0
27.980509092,1,1
27.980530620,0,1
27.980550892,0,0
27.980592226,0,1
27.980615576,1,1
27.980635010,1,0
27.980676342,1,1
27.980719128,1,0
27.980760454,1,1
27.980781988,0,1
27.980802256,0,0
27.980843586,0,1
27.980885382,0,0
27.980929186,0,1
27.980970984,0,0
27.981009346,0,1
27.981032698,1,1
27.981052132,1,0
27.981096926,1,1
27.981115382,1,0
27.985907696,1,1
28.010419098,1,0
28.010688556,0,0
28.011464628,0,1
28.011613760,0,0
28.011615312,1,0
28.011655086,1,1
28.011696880,1,0
28.011698626,0,0
28.011738234,0,1
28.011781044,0,0
28.011782580,1,0
28.011822394,1,1
28.011864202,1,0
28.011905542,1,1
28.011947342,1,0
28.011948508,0,0
28.011988688,0,1
28.012031480,0,0
28.012033432,1,0
28.012072816,1,1
28.012114618,1,0
28.012155954,1,1
28.012197752,1,0
28.012239084,1,1
28.012282368,1,0
28.012323698,1,1
28.012366488,1,0
28.012407822,1,1
28.012441230,0,1
28.012454576,0,0
28.012495926,0,1
28.012519288,1,1
28.012792082,0,1
28.012803940,0,0
28.012846758,0,1
28.012888558,0,0
28.012929896,0,1
28.012953248,1,1
28.012972684,1,0
28.013014018,1,1
28.013035552,0,1
28.013055824,0,0
28.013097162,0,1
28.013120514,1,1
28.013139948,1,0
28.013181286,1,1
28.013224076,1,0
28.013265408,1,1
28.013308200,1,0
28.013349530,1,1
28.013392318,1,0
28.013433648,1,1
28.013476434,1,0
28.013520238,1,1
28.013563028,1,0
28.013601394,1,1
28.013644180,1,0
28.013688976,1,1
28.013701438,1,0
28.013974894,0,0
28.014750830,0,1
28.014791164,0,0
28.014832510,0,1
28.014875308,0,0
28.014916660,0,1
28.014959458,0,0
28.015000810,0,1
28.015043608,0,0
28.015084958,0,1
28.015127756,0,0
28.015169104,0,1
28.015211900,0,0
28.015253254,0,1
28.015296050,0,0
28.015337398,0,1
28.015380196,0,0
28.015421546,0,1
28.015465828,0,0
28.015467892,1,0
28.015507172,1,1
28.015549970,1,0
28.015591306,1,1
28.015624718,0,1
28.015638066,0,0
28.015679422,0,1
28.015702778,1,1
28.016047138,0,1
28.016058980,0,0
28.016101734,0,1
28.016143466,0,0
28.016184738,0,1
28.016208052,1,1
28.016227458,1,0
28.016268720,1,1
28.016290218,0,1
28.016310458,0,0
28.016351724,0,1
28.016375034,1,1
28.016394440,1,0
28.016435700,1,1
28.016478422,1,0
28.016519686,1,1
28.016562408,1,0
28.016603666,1,1
28.016646386,1,0
28.016687646,1,1
28.016730364,1,0
28.016774092,1,1
28.016816810,1,0
28.016855108,1,1
28.016897826,1,0
28.016942540,1,1
28.016955196,1,0
28.016956446,1,1
28.078049824,0,1
28.078061658,0,0
28.078104384,0,1
28.078146102,0,0
28.078187358,0,1
28.078229082,0,0
28.078270328,0,1
28.078293634,1,1
28.078313036,1,0
28.078354284,1,1
28.078375776,0,1
28.078396006,0,0
28.078437252,0,1
28.078460552,1,1
28.078479948,1,0
28.078521188,1,1
28.078563890,1,0
28.078605130,1,1
28.078626620,0,1
28.078646850,0,0
28.078688096,0,1
28.078729814,0,0
28.078773532,0,1
28.078815252,0,0
28.078853540,0,1
28.078876842,1,1
28.078896240,1,0
28.078940938,1,1
28.078959194,1,0
28.081906904,1,1
28.146476044,1,0
28.146749360,0,0
28.147524872,0,1
28.147672452,0,0
28.147674454,1,0
28.147713702,1,1
28.147755422,1,0
28.147756706,0,0
28.147796674,0,1
28.147839374,0,0
28.147841574,1,0
28.147880614,1,1
28.147922332,1,0
28.147963574,1,1
28.148005282,1,0
28.148006362,0,0
28.148046528,0,1
28.148089228,0,0
28.148091220,1,0
28.148130466,1,1
28.148172174,1,0
28.148213412,1,1
28.148255118,1,0
28.148296354,1,1
28.148339550,1,0
28.148380784,1,1
28.148423482,1,0
28.148464720,1,1
28.148498054,0,1
28.148511370,0,0
28.148552620,0,1
28.148575922,1,1
28.148848128,0,1
28.148859960,0,0
28.148902680,0,1
28.148944394,0,0
28.148985640,0,1
28.149008940,1,1
28.149028336,1,0
28.149069578,1,1
28.149091068,0,1
28.149111298,0,0
28.149152542,0,1
28.149175842,1,1
28.149195240,1,0
28.149236482,1,1
28.149279182,1,0
28.149320420,1,1
28.149363120,1,0
28.149404360,1,1
28.149447054,1,0
28.149488292,1,1
28.149530998,1,0
28.149574706,1,1
28.149617408,1,0
28.149655684,1,1
28.149698380,1,0
28.149743072,1,1
28.149756314,1,0
28.150025566,0,0
28.150800986,0,1
28.150842808,0,0
28.150884066,0,1
28.150926774,0,0
28.150968016,0,1
28.151010706,0,0
28.151012982,1,0
28.151051930,1,1
28.151093628,1,0
28.151095216,0,0
28.151134856,0,1
28.151177536,0,0
28.151218766,0,1
28.151261444,0,0
28.151302676,0,1
28.151345362,0,0
28.151386592,0,1
28.151429272,0,0
28.151470506,0,1
28.151514672,0,0
28.151555902,0,1
28.151595130,0,0
28.151596902,1,0
28.151636352,1,1
28.151669672,0,1
28.151682980,0,0
28.151724216,0,1
28.151747508,1,1
28.152086862,0,1
28.152098708,0,0
28.152141482,0,1
28.152183240,0,0
28.152224536,0,1
28.152247866,1,1
28.152267286,1,0
28.152308578,1,1
28.152330090,0,1
28.152350346,0,0
28.152391646,0,1
28.152414980,1,1
28.152434402,1,0
28.152475698,1,1
28.152518462,1,0
28.152559762,1,1
28.152602518,1,0
28.152643814,1,1
28.152686568,1,0
28.152727860,1,1
28.152770616,1,0
28.152814382,1,1
28.152857136,1,0
28.152895466,1,1
28.152938224,1,0
28.152982982,1,1
28.152996378,1,0
28.152997640,1,1
28.175888874,0,1
28.175900732,0,0
28.175943540,0,1
28.175985334,0,0
28.176026656,0,1
28.176068444,0,0
28.176109772,0,1
28.176133118,1,1
28.176152550,1,0
28.176193876,1,1
28.176215406,0,1
28.176235676,0,0
28.176277006,0,1
28.176300356,1,1
28.176319788,1,0
28.176361118,1,1
28.176403900,1,0
28.176445222,1,1
28.176466754,0,1
28.176487024,0,0
28.176528360,0,1
28.176570154,0,0
28.176613958,0,1
28.176655754,0,0
28.176694114,0,1
28.176717460,1,1
28.176736894,1,0
28.176781684,1,1
28.176799884,1,0
28.177918874,1,1
28.268348086,0,1
28.268359946,0,0
28.268402766,0,1
28.268444568,0,0
28.268485906,0,1
28.268527714,0,0
28.268569054,0,1
28.268592404,1,1
28.268611842,1,0
28.268653176,1,1
28.268674706,0,1
28.268694976,0,0
28.268736314,0,1
28.268759666,1,1
28.268779100,1,0
28.268820432,1,1
28.268863218,1,0
28.268904552,1,1
28.268926082,0,1
28.268946354,0,0
28.268987688,0,1
28.269029490,0,0
28.269073300,0,1
28.269115100,0,0
28.269153468,0,1
28.269176820,1,1
28.269196254,1,0
28.269241050,1,1
28.269259830,1,0
28.273906334,1,1
28.302297722,0,1
28.302309580,0,0
28.302352400,0,1
28.302394200,0,0
28.302435536,0,1
28.302477338,0,0
28.302518682,0,1
28.302560482,0,0
28.302601822,0,1
28.302643624,0,0
28.302684960,0,1
28.302708308,1,1
28.302727744,1,0
28.302769078,1,1
28.302811868,1,0
28.302853204,1,1
28.302895998,1,0
28.302937334,1,1
28.302980128,1,0
28.303023940,1,1
28.303066732,1,0
28.303105098,1,1
28.303147890,1,0
28.303192684,1,1
28.306840474,0,1
28.306852332,0,0
28.306895156,0,1
28.306936960,0,0
28.306978296,0,1
28.307020104,0,0
28.307061448,0,1
28.307084804,1,1
28.307104238,1,0
28.307145574,1,1
28.307167108,0,1
28.307187382,0,0
28.307228720,0,1
28.307252074,1,1
28.307271510,1,0
28.307312848,1,1
28.307355642,1,0
28.307396978,1,1
28.307418510,0,1
28.307438784,0,0
28.307480122,0,1
28.307521928,0,0
28.307565744,0,1
28.307607548,0,0
28.307645918,0,1
28.307669272,1,1
28.307688710,1,0
28.307733510,1,1
28.307751412,1,0
28.321995658,1,1
28.435782446,0,1
28.435794304,0,0
28.435837126,0,1
28.435860476,1,1
28.435879910,1,0
28.435921244,1,1
28.435964034,1,0
28.436005370,1,1
28.436026904,0,1
28.436047176,0,0
28.436088514,0,1
28.436130318,0,0
28.436171662,0,1
28.436195012,1,1
28.436214450,1,0
28.436255782,1,1
28.436298572,1,0
28.436339902,1,1
28.436361432,0,1
28.436381702,0,0
28.436423040,0,1
28.436464844,0,0
28.436508662,0,1
28.436532018,1,1
28.436551456,1,0
28.436589822,1,1
28.436632614,1,0
28.436677416,1,1
28.436695264,1,0
28.441994374,1,1
28.515923602,0,1
28.515935462,0,0
28.515978294,0,1
28.516020104,0,0
28.516061452,0,1
28.516103262,0,0
28.516144610,0,1
28.516186420,0,0
28.516227770,0,1
28.516269578,0,0
28.516310924,0,1
28.516334282,1,1
28.516353722,1,0
28.516395066,1,1
28.516437866,1,0
28.516479208,1,1
28.516522012,1,0
28.516563356,1,1
28.516606154,1,0
28.516649968,1,1
28.516692764,1,0
28.516731134,1,1
28.516773934,1,0
28.516818736,1,1
28.520466056,0,1
28.520477918,0,0
28.520520750,0,1
28.520544106,1,1
28.520563544,1,0
28.520604886,1,1
28.520647682,1,0
28.520689024,1,1
28.520710562,0,1
28.520730838,0,0
28.520772186,0,1
28.520813992,0,0
28.520855340,0,1
28.520878696,1,1
28.520898136,1,0
28.520939478,1,1
28.520982274,1,0
28.521023612,1,1
28.521045150,0,1
28.521065424,0,0
28.521106768,0,1
28.521148572,0,0
28.521192392,0,1
28.521215748,1,1
28.521235188,1,0
28.521273562,1,1
28.521316358,1,0
28.521361162,1,1
28.528675208,1,0
28.529994664,1,1
28.569364316,0,1
28.569376192,0,0
28.569419074,0,1
28.569460932,0,0
28.569502328,0,1
28.569544184,0,0
28.569585586,0,1
28.569608974,1,1
28.569628434,1,0
28.569669830,1,1
28.569691392,0,1
28.569711694,0,0
28.569753090,0,1
28.569776474,1,1
28.569795934,1,0
28.569837328,1,1
28.569880180,1,0
28.569921576,1,1
28.569943142,0,1
28.569963446,0,0
28.570004854,0,1
28.570046712,0,0
28.570090590,0,1
28.570132450,0,0
28.570170876,0,1
28.570194264,1,1
28.570213726,1,0
28.570258594,1,1
28.570277212,1,0
28.577994952,1,1
28.580393292,0,1
28.580405166,0,0
28.580448046,0,1
28.580471428,1,1
28.580490888,1,0
28.580532282,1,1
28.580575130,1,0
28.580616526,1,1
28.580638088,0,1
28.580658388,0,0
28.580699788,0,1
28.580741648,0,0
28.580783044,0,1
28.580806430,1,1
28.580825890,1,0
28.580867282,1,1
28.580910128,1,0
28.580951516,1,1
28.580973080,0,1
28.580993380,0,0
28.581034778,0,1
28.581076634,0,0
28.581120512,0,1
28.581143896,1,1
28.581163356,1,0
28.581201774,1,1
28.581244620,1,0
28.581289480,1,1
28.581308344,1,0
28.585993806,1,1
28.649900596,0,1
28.649912474,0,0
28.649955360,0,1
28.649997218,0,0
28.650038616,0,1
28.650080474,0,0
28.650121870,0,1
28.650163726,0,0
28.650205124,0,1
28.650246980,0,0
28.650288378,0,1
28.650311764,1,1
28.650331226,1,0
28.650372620,1,1
28.650415466,1,0
28.650456860,1,1
28.650499708,1,0
28.650541098,1,1
28.650583946,1,0
28.650627818,1,1
28.650670666,1,0
28.650709086,1,1
28.650751934,1,0
28.650796792,1,1
28.654449104,0,1
28.654460970,0,0
28.654503826,0,1
28.654545674,0,0
28.654587062,0,1
28.654628912,0,0
28.654670292,0,1
28.654693668,1,1
28.654713120,1,0
28.654754492,1,1
28.654776042,0,1
28.654796330,0,0
28.654837702,0,1
28.654861076,1,1
28.654880530,1,0
28.654921908,1,1
28.654964734,1,0
28.655006102,1,1
28.655027654,0,1
28.655047944,0,0
28.655089322,0,1
28.655131160,0,0
28.655175014,0,1
28.655216846,0,0
28.655255244,0,1
28.655278618,1,1
28.655298066,1,0
28.655342900,1,1
28.662758242,1,0
28.665993846,1,1
28.667892466,0,1
28.667904342,0,0
28.667947228,0,1
28.667989086,0,0
28.668030490,0,1
28.668072346,0,0
28.668113748,0,1
28.668155608,0,0
28.668197008,0,1
28.668238870,0,0
28.668280274,0,1
28.668303660,1,1
28.668323120,1,0
28.668364516,1,1
28.668407370,1,0
28.668448768,1,1
28.668491620,1,0
28.668533018,1,1
28.668575868,1,0
28.668619738,1,1
28.668662588,1,0
28.668701010,1,1
28.668743854,1,0
28.668788722,1,1
28.672440616,0,1
28.672452494,0,0
28.672495380,0,1
28.672518766,1,1
28.672538228,1,0
28.672579622,1,1
28.672622476,1,0
28.672663870,1,1
28.672685432,0,1
28.672705732,0,0
28.672747132,0,1
28.672788988,0,0
28.672830386,0,1
28.672853776,1,1
28.672873236,1,0
28.672914632,1,1
28.672957484,1,0
28.672998884,1,1
28.673020446,0,1
28.673040748,0,0
28.673082150,0,1
28.673124010,0,0
28.673167888,0,1
28.673191272,1,1
28.673210734,1,0
28.673249156,1,1
28.673292006,1,0
28.673336870,1,1
28.681322742,1,0
28.681994334,1,1
28.698336852,1,0
28.698610326,0,0
28.699386284,0,1
28.699494638,0,0
28.699496654,1,0
28.699536002,1,1
28.699577826,1,0
28.699578980,0,0
28.699619196,0,1
28.699662010,0,0
28.699663914,1,0
28.699703366,1,1
28.699745192,1,0
28.699786546,1,1
28.699828368,1,0
28.699829848,0,0
28.699869734,0,1
28.699912552,0,0
28.699914788,1,0
28.699953912,1,1
28.699995738,1,0
28.700037094,1,1
28.700078912,1,0
28.700120268,1,1
28.700163578,1,0
28.700204932,1,1
28.700247746,1,0
28.700289102,1,1
28.700322524,0,1
28.700335874,0,0
28.700377232,0,1
28.700400596,1,1
28.700673540,0,1
28.700685404,0,0
28.700728250,0,1
28.700770072,0,0
28.700811436,0,1
28.700834798,1,1
28.700854244,1,0
28.700895602,1,1
28.700917148,0,1
28.700937432,0,0
28.700978794,0,1
28.701002158,1,1
28.701021604,1,0
28.701062962,1,1
28.701105774,1,0
28.701147130,1,1
28.701189944,1,0
28.701231296,1,1
28.701274106,1,0
28.701315458,1,1
28.701358268,1,0
28.701402096,1,1
28.701444908,1,0
28.701483290,1,1
28.701526106,1,0
28.701570934,1,1
28.701582842,1,0
28.701856362,0,0
28.702632400,0,1
28.702673696,0,0
28.702715076,0,1
28.702757900,0,0
28.702799278,0,1
28.702842094,0,0
28.702843552,1,0
28.702883460,1,1
28.702925286,1,0
28.702926888,0,0
28.702966654,0,1
28.703009472,0,0
28.703050842,0,1
28.703093656,0,0
28.703135032,0,1
28.703177850,0,0
28.703219222,0,1
28.703262042,0,0
28.703303414,0,1
28.703347714,0,0
28.703389088,0,1
28.703428440,0,0
28.703430116,1,0
28.703469800,1,1
28.703503234,0,1
28.703516588,0,0
28.703557956,0,1
28.703581324,1,1
28.703921644,0,1
28.703933510,0,0
28.703976362,0,1
28.704018188,0,0
28.704059560,0,1
28.704082934,1,1
28.704102382,1,0
28.704143746,1,1
28.704165292,0,1
28.704185578,0,0
28.704226944,0,1
28.704250308,1,1
28.704269752,1,0
28.704311114,1,1
28.704353930,1,0
28.704395290,1,1
28.704438106,1,0
28.704479470,1,1
28.704522274,1,0
28.704563624,1,1
28.704606444,1,0
28.704650294,1,1
28.704693110,1,0
28.704731504,1,1
28.704774318,1,0
28.704819144,1,1
28.704833562,1,0
28.704834824,1,1
28.711862364,0,1
28.711874230,0,0
28.711917078,0,1
28.711958902,0,0
28.712000260,0,1
28.712042086,0,0
28.712083448,0,1
28.712106816,1,1
28.712126262,1,0
28.712167622,1,1
28.712210438,1,0
28.712251794,1,1
28.712294610,1,0
28.712335970,1,1
28.712378782,1,0
28.712420138,1,1
28.712441682,0,1
28.712461966,0,0
28.712503324,0,1
28.712545144,0,0
28.712588966,0,1
28.712612324,1,1
28.712631766,1,0
28.712670160,1,1
28.712712988,1,0
28.712757812,1,1
28.712776214,1,0
28.713994038,1,1
28.720032892,0,1
28.720044762,0,0
28.720087620,0,1
28.720110992,1,1
28.720130442,1,0
28.720171818,1,1
28.720214644,1,0
28.720256018,1,1
28.720277564,0,1
28.720297848,0,0
28.720339208,0,1
28.720381024,0,0
28.720422380,0,1
28.720445738,1,1
28.720465178,1,0
28.720506528,1,1
28.720549342,1,0
28.720590730,1,1
28.720612288,0,1
28.720632584,0,0
28.720673980,0,1
28.720715850,0,0
28.720759756,0,1
28.720783146,1,1
28.720802614,1,0
28.720841050,1,1
28.720883910,1,0
28.720928784,1,1
28.720946988,1,0
28.721993840,1,1
28.733498818,0,1
28.733510698,0,0
28.733553610,0,1
28.733577008,1,1
28.733596476,1,0
28.733637892,1,1
28.733680766,1,0
28.733722184,1,1
28.733743754,0,1
28.733764064,0,0
28.733805484,0,1
28.733828884,1,1
28.733848352,1,0
28.733889764,1,1
28.733932626,1,0
28.733974030,1,1
28.734016886,1,0
28.734058288,1,1
28.734079852,0,1
28.734100156,0,0
28.734141556,0,1
28.734183418,0,0
28.734227298,0,1
28.734269156,0,0
28.734307586,0,1
28.734330970,1,1
28.734350436,1,0
28.734395298,1,1
28.734412872,1,0
28.737994786,1,1
28.754036480,1,0
28.754310158,0,0
28.755086688,0,1
28.755175476,0,0
28.755176952,1,0
28.755216886,1,1
28.755258752,1,0
28.755260344,0,0
28.755300166,0,1
28.755343022,0,0
28.755345350,1,0
28.755384426,1,1
28.755426306,1,0
28.755467726,1,1
28.755509610,1,0
28.755511430,0,0
28.755551042,0,1
28.755593922,0,0
28.755595438,1,0
28.755635346,1,1
28.755677228,1,0
28.755718640,1,1
28.755760506,1,0
28.755801904,1,1
28.755845258,1,0
28.755886660,1,1
28.755929514,1,0
28.755970914,1,1
28.756004372,0,1
28.756017736,0,0
28.756059138,0,1
28.756082526,1,1
28.756355742,0,1
28.756367616,0,0
28.756410494,0,1
28.756452340,0,0
28.756493722,0,1
28.756517102,1,1
28.756536552,1,0
28.756577926,1,1
28.756599480,0,1
28.756619772,0,0
28.756661154,0,1
28.756684528,1,1
28.756703982,1,0
28.756745362,1,1
28.756788204,1,0
28.756829580,1,1
28.756872416,1,0
28.756913794,1,1
28.756956622,1,0
28.756997998,1,1
28.757040832,1,0
28.757084674,1,1
28.757127498,1,0
28.757165886,1,1
28.757208688,1,0
28.757253480,1,1
28.757268532,1,0
28.757542050,0,0
28.758318368,0,1
28.758362750,0,0
28.758404140,0,1
28.758446972,0,0
28.758488360,0,1
28.758531190,0,0
28.758532602,1,0
28.758572564,1,1
28.758614400,1,0
28.758615946,0,0
28.758655780,0,1
28.758698606,0,0
28.758739990,0,1
28.758782834,0,0
28.758824238,0,1
28.758867072,0,0
28.758908474,0,1
28.758951308,0,0
28.758992690,0,1
28.759037008,0,0
28.759078416,0,1
28.759117790,0,0
28.759119324,1,0
28.759159158,1,1
28.759192598,0,1
28.759205956,0,0
28.759247336,0,1
28.759270694,1,1
28.759610986,0,1
28.759622850,0,0
28.759665692,0,1
28.759707506,0,0
28.759748860,0,1
28.759772220,1,1
28.759791662,1,0
28.759833016,1,1
28.759854560,0,1
28.759874840,0,0
28.759916200,0,1
28.759939556,1,1
28.759959000,1,0
28.760000346,1,1
28.760043150,1,0
28.760084490,1,1
28.760127288,1,0
28.760168634,1,1
28.760211430,1,0
28.760252772,1,1
28.760295602,1,0
28.760339462,1,1
28.760382282,1,0
28.760420694,1,1
28.760463542,1,0
28.760508376,1,1
28.760523886,1,0
28.760525146,1,1
28.786729422,0,1
28.786741282,0,0
28.786784108,0,1
28.786825916,0,0
28.786867262,0,1
28.786909074,0,0
28.786950422,0,1
28.786992230,0,0
28.787033578,0,1
28.787075386,0,0
28.787116732,0,1
28.787140088,1,1
28.787159528,1,0
28.787200870,1,1
28.787243668,1,0
28.787285018,1,1
28.787327820,1,0
28.787369164,1,1
28.787411970,1,0
28.787455796,1,1
28.787498600,1,0
28.787536982,1,1
28.787579790,1,0
28.787624602,1,1
28.791271860,0,1
28.791283718,0,0
28.791326542,0,1
28.791349898,1,1
28.791369336,1,0
28.791410676,1,1
28.791453472,1,0
28.791494814,1,1
28.791516350,0,1
28.791536622,0,0
28.791577962,0,1
28.791619770,0,0
28.791661116,0,1
28.791684472,1,1
28.791703912,1,0
28.791745256,1,1
28.791788054,1,0
28.791829394,1,1
28.791850930,0,1
28.791871208,0,0
28.791912560,0,1
28.791954366,0,0
28.791998186,0,1
28.792021542,1,1
28.792040980,1,0
28.792079346,1,1
28.792122140,1,0
28.792166944,1,1
28.795813994,0,1
28.795825856,0,0
28.795868682,0,1
28.795910486,0,0
28.795951832,0,1
28.795993640,0,0
28.796034988,0,1
28.796076798,0,0
28.796118148,0,1
28.796159956,0,0
28.796201302,0,1
28.796224658,1,1
28.796244094,1,0
28.796285436,1,1
28.796328232,1,0
28.796369570,1,1
28.796412364,1,0
28.796453706,1,1
28.796496508,1,0
28.796540332,1,1
28.796583132,1,0
28.796621508,1,1
28.796664308,1,0
28.796709118,1,1
28.800352900,0,1
28.800364760,0,0
28.800407582,0,1
28.800430934,1,1
28.800450368,1,0
28.800491702,1,1
28.800534500,1,0
28.800575838,1,1
28.800597372,0,1
28.800617646,0,0
28.800658988,0,1
28.800682344,1,1
28.800701778,1,0
28.800743116,1,1
28.800785914,1,0
28.800827252,1,1
28.800870042,1,0
28.800911380,1,1
28.800932916,0,1
28.800953190,0,0
28.800994532,0,1
28.801036338,0,0
28.801080154,0,1
28.801121952,0,0
28.801160324,0,1
28.801183678,1,1
28.801203108,1,0
28.801247896,1,1
28.808065542,0,1
28.808077402,0,0
28.808120230,0,1
28.808162034,0,0
28.808203376,0,1
28.808245184,0,0
28.808286530,0,1
28.808328334,0,0
28.808369674,0,1
28.808411480,0,0
28.808452826,0,1
28.808476184,1,1
28.808495624,1,0
28.808536972,1,1
28.808579772,1,0
28.808621114,1,1
28.808663910,1,0
28.808705246,1,1
28.808748040,1,0
28.808791856,1,1
28.808834652,1,0
28.808873022,1,1
28.808915818,1,0
28.808960622,1,1
28.812607628,0,1
28.812619488,0,0
28.812662310,0,1
28.812704114,0,0
28.812745456,0,1
28.812787256,0,0
28.812828594,0,1
28.812851948,1,1
28.812871382,1,0
28.812912718,1,1
28.812955504,1,0
28.812996838,1,1
28.813039630,1,0
28.813080970,1,1
28.813123766,1,0
28.813165108,1,1
28.813186642,0,1
28.813206918,0,0
28.813248266,0,1
28.813290074,0,0
28.813333894,0,1
28.813357252,1,1
28.813376690,1,0
28.813415062,1,1
28.813457856,1,0
28.813502662,1,1
28.821595164,1,0
28.825993758,1,1
28.841693064,1,0
28.841966444,0,0
28.842742350,0,1
28.844432726,0,0
28.844434854,1,0
28.844474070,1,1
28.844515884,1,0
28.844517156,0,0
28.844557236,0,1
28.844600036,0,0
28.844602066,1,0
28.844641376,1,1
28.844683186,1,0
28.844724530,1,1
28.844766338,1,0
28.844767976,0,0
28.844807692,0,1
28.844850488,0,0
28.844851892,1,0
28.844891830,1,1
28.844933640,1,0
28.844974980,1,1
28.845016786,1,0
28.845058122,1,1
28.845101414,1,0
28.845142756,1,1
28.845185550,1,0
28.845226892,1,1
28.845260304,0,1
28.845273650,0,0
28.845314990,0,1
28.845338346,1,1
28.845611186,0,1
28.845623046,0,0
28.845665870,0,1
28.845707676,0,0
28.845749024,0,1
28.845772380,1,1
28.845791818,1,0
28.845833162,1,1
28.845854700,0,1
28.845874978,0,0
28.845916326,0,1
28.845939684,1,1
28.845959120,1,0
28.846000462,1,1
28.846043258,1,0
28.846084600,1,1
28.846127402,1,0
28.846168744,1,1
28.846211538,1,0
28.846252878,1,1
28.846295676,1,0
28.846339490,1,1
28.846382286,1,0
28.846420654,1,1
28.846463450,1,0
28.846508260,1,1
28.846522984,1,0
28.846792470,0,0
28.847568408,0,1
28.847610606,0,0
28.847651964,0,1
28.847694768,0,0
28.847736126,0,1
28.847778926,0,0
28.847780574,1,0
28.847820270,1,1
28.847862084,1,0
28.847863906,0,0
28.847903436,0,1
28.847946232,0,0
28.847987586,0,1
28.848030388,0,0
28.848071742,0,1
28.848114542,0,0
28.848155900,0,1
28.848198702,0,0
28.848240062,0,1
28.848284348,0,0
28.848325700,0,1
28.848365038,0,0
28.848367078,1,0
28.848406384,1,1
28.848439802,0,1
28.848453148,0,0
28.848494498,0,1
28.848517856,1,1
28.848858002,0,1
28.848869864,0,0
28.848912688,0,1
28.848954494,0,0
28.848995838,0,1
28.849019192,1,1
28.849038632,1,0
28.849079974,1,1
28.849101508,0,1
28.849121782,0,0
28.849163128,0,1
28.849186484,1,1
28.849205922,1,0
28.849247260,1,1
28.849290056,1,0
28.849331394,1,1
28.849374188,1,0
28.849415530,1,1
28.849458324,1,0
28.849499664,1,1
28.849542450,1,0
28.849586254,1,1
28.849629056,1,0
28.849667440,1,1
28.849710238,1,0
28.849755036,1,1
28.849769342,1,0
28.849770606,1,1
28.850393208,0,1
28.850405068,0,0
28.850447896,0,1
28.850471252,1,1
28.850490690,1,0
28.850532032,1,1
28.850574832,1,0
28.850616174,1,1
28.850637710,0,1
28.850657984,0,0
28.850699330,0,1
28.850741140,0,0
28.850782486,0,1
28.850805842,1,1
28.850825282,1,0
28.850866626,1,1
28.850909424,1,0
28.850950764,1,1
28.850972298,0,1
28.850992574,0,0
28.851033918,0,1
28.851075722,0,0
28.851119544,0,1
28.851142900,1,1
28.851162338,1,0
28.851200708,1,1
28.851243506,1,0
28.851288310,1,1
28.851306306,1,0
28.857995078,1,1
28.873649140,1,0
28.873922588,0,0
28.874698530,0,1
28.874831784,0,0
28.874834092,1,0
28.874873136,1,1
28.874914950,1,0
28.874916400,0,0
28.874956306,0,1
28.874999110,0,0
28.875001318,1,0
28.875040456,1,1
28.875082264,1,0
28.875123610,1,1
28.875165416,1,0
28.875167202,0,0
28.875206770,0,1
28.875249574,0,0
28.875251094,1,0
28.875290922,1,1
28.875332734,1,0
28.875374086,1,1
28.875415898,1,0
28.875457242,1,1
28.875500536,1,0
28.875541878,1,1
28.875584674,1,0
28.875626016,1,1
28.875659430,0,1
28.875672774,0,0
28.875714118,0,1
28.875737474,1,1
28.876010348,0,1
28.876022210,0,0
28.876065040,0,1
28.876106846,0,0
28.876148196,0,1
28.876171554,1,1
28.876190994,1,0
28.876232340,1,1
28.876253876,0,1
28.876274154,0,0
28.876315506,0,1
28.876338864,1,1
28.876358302,1,0
28.876399638,1,1
28.876442442,1,0
28.876483786,1,1
28.876526596,1,0
28.876567940,1,1
28.876610738,1,0
28.876652078,1,1
28.876694880,1,0
28.876738698,1,1
28.876781498,1,0
28.876819874,1,1
28.876862676,1,0
28.876907482,1,1
28.876923040,1,0
28.877192500,0,0
28.877968428,0,1
28.878009888,0,0
28.878051248,0,1
28.878094052,0,0
28.878135412,0,1
28.878178220,0,0
28.878179546,1,0
28.878219570,1,1
28.878261384,1,0
28.878262884,0,0
28.878302740,0,1
28.878345538,0,0
28.878386896,0,1
28.878429700,0,0
28.878471054,0,1
28.878513860,0,0
28.878555214,0,1
28.878598012,0,0
28.878639368,0,1
28.878683658,0,0
28.878725012,0,1
28.878764352,0,0
28.878766050,1,0
28.878805702,1,1
28.878839118,0,1
28.878852466,0,0
28.878893820,0,1
28.878917178,1,1
28.879257346,0,1
28.879269208,0,0
28.879312040,0,1
28.879353850,0,0
28.879395196,0,1
28.879418550,1,1
28.879437990,1,0
28.879479328,1,1
28.879500866,0,1
28.879521140,0,0
28.879562488,0,1
28.879585844,1,1
28.879605282,1,0
28.879646620,1,1
28.879689418,1,0
28.879730756,1,1
28.879773552,1,0
28.879814888,1,1
28.879857682,1,0
28.879899020,1,1
28.879941816,1,0
28.879985628,1,1
28.880028422,1,0
28.880066792,1,1
28.880109588,1,0
28.880154392,1,1
28.880169096,1,0
28.880170348,1,1
28.884422478,1,0
28.884691904,0,0
28.885467818,0,1
28.885613504,0,0
28.885615464,1,0
28.885654854,1,1
28.885696668,1,0
28.885697766,0,0
28.885738028,0,1
28.885780826,0,0
28.885782666,1,0
28.885822176,1,1
28.885863986,1,0
28.885905332,1,1
28.885947142,1,0
28.885948566,0,0
28.885988498,0,1
28.886031298,0,0
28.886033478,1,0
28.886072646,1,1
28.886114458,1,0
28.886155802,1,1
28.886197608,1,0
28.886238952,1,1
28.886282246,1,0
28.886323584,1,1
28.886366380,1,0
28.886407722,1,1
28.886441132,0,1
28.886454476,0,0
28.886495820,0,1
28.886519182,1,1
28.886792044,0,1
28.886803904,0,0
28.886846736,0,1
28.886888544,0,0
28.886929896,0,1
28.886953252,1,1
28.886972690,1,0
28.887014036,1,1
28.887035574,0,1
28.887055850,0,0
28.887097200,0,1
28.887120558,1,1
28.887139996,1,0
28.887181342,1,1
28.887224140,1,0
28.887265480,1,1
28.887308280,1,0
28.887349620,1,1
28.887392414,1,0
28.887433760,1,1
28.887476560,1,0
28.887520384,1,1
28.887563188,1,0
28.887601564,1,1
28.887644364,1,0
28.887689174,1,1
28.887704702,1,0
28.887978212,0,0
28.888754224,0,1
28.888798004,0,0
28.888839362,0,1
28.888882170,0,0
28.888923526,0,1
28.888966326,0,0
28.888968354,1,0
28.889007678,1,1
28.889049490,1,0
28.889050668,0,0
28.889090842,0,1
28.889133646,0,0
28.889175002,0,1
28.889217806,0,0
28.889259166,0,1
28.889301968,0,0
28.889343324,0,1
28.889386122,0,0
28.889427476,0,1
28.889471762,0,0
28.889513124,0,1
28.889552462,0,0
28.889554780,1,0
28.889593808,1,1
28.889627224,0,1
28.889640572,0,0
28.889681920,0,1
28.889705276,1,1
28.890045456,0,1
28.890057316,0,0
28.890100146,0,1
28.890141950,0,0
28.890183296,0,1
28.890206652,1,1
28.890226090,1,0
28.890267432,1,1
28.890288964,0,1
28.890309240,0,0
28.890350580,0,1
28.890373932,1,1
28.890393370,1,0
28.890434708,1,1
28.890477504,1,0
28.890518846,1,1
28.890561646,1,0
28.890602988,1,1
28.890645788,1,0
28.890687134,1,1
28.890729934,1,0
28.890773750,1,1
28.890816550,1,0
28.890854930,1,1
28.890897732,1,0
28.890942540,1,1
28.890954806,1,0
28.890956064,1,1
28.900562602,0,1
28.900574458,0,0
28.900617268,0,1
28.900640620,1,1
28.900660054,1,0
28.900701390,1,1
28.900744186,1,0
28.900785528,1,1
28.900807064,0,1
28.900827340,0,0
28.900868678,0,1
28.900892032,1,1
28.900911470,1,0
28.900952812,1,1
28.900995604,1,0
28.901036944,1,1
28.901079740,1,0
28.901121078,1,1
28.901142612,0,1
28.901162888,0,0
28.901204232,0,1
28.901246036,0,0
28.901289852,0,1
28.901331656,0,0
28.901370030,0,1
28.901393388,1,1
28.901412824,1,0
28.901457634,1,1
28.901476230,1,0
28.905993256,1,1
28.922108214,1,0
28.922381736,0,0
28.923157812,0,1
28.923274996,0,0
28.923277256,1,0
28.923316348,1,1
28.923358164,1,0
28.923359588,0,0
28.923399522,0,1
28.923442320,0,0
28.923444518,1,0
28.923483662,1,1
28.923525478,1,0
28.923566822,1,1
28.923608634,1,0
28.923610446,0,0
28.923649990,0,1
28.923692792,0,0
28.923694388,1,0
28.923734140,1,1
28.923775952,1,0
28.923817296,1,1
28.923859108,1,0
28.923900454,1,1
28.923943748,1,0
28.923985090,1,1
28.924027890,1,0
28.924069236,1,1
28.924102652,0,1
28.924116002,0,0
28.924157358,0,1
28.924180716,1,1
28.924453596,0,1
28.924465458,0,0
28.924508288,0,1
28.924550100,0,0
28.924591448,0,1
28.924614806,1,1
28.924634244,1,0
28.924675590,1,1
28.924697130,0,1
28.924717408,0,0
28.924758760,0,1
28.924782122,1,1
28.924801566,1,0
28.924842916,1,1
28.924885720,1,0
28.924927074,1,1
28.924969874,1,0
28.925011218,1,1
28.925054022,1,0
28.925095368,1,1
28.925138170,1,0
28.925181994,1,1
28.925224794,1,0
28.925263168,1,1
28.925305970,1,0
28.925350780,1,1
28.925362676,1,0
28.925636164,0,0
28.926412176,0,1
28.926453216,0,0
28.926494582,0,1
28.926537396,0,0
28.926578756,0,1
28.926621566,0,0
28.926623358,1,0
28.926662914,1,1
28.926704724,1,0
28.926706686,0,0
28.926746082,0,1
28.926788884,0,0
28.926830242,0,1
28.926873050,0,0
28.926914408,0,1
28.926957210,0,0
28.926998578,0,1
28.927041384,0,0
28.927082746,0,1
28.927127042,0,0
28.927168406,0,1
28.927207750,0,0
28.927209890,1,0
28.927249106,1,1
28.927282530,0,1
28.927295882,0,0
28.927337236,0,1
28.927360592,1,1
28.927700760,0,1
28.927712620,0,0
28.927755446,0,1
28.927797250,0,0
28.927838592,0,1
28.927861948,1,1
28.927881386,1,0
28.927922730,1,1
28.927944268,0,1
28.927964544,0,0
28.928005890,0,1
28.928029242,1,1
28.928048682,1,0
28.928090024,1,1
28.928132818,1,0
28.928174158,1,1
28.928216956,1,0
28.928258296,1,1
28.928301094,1,0
28.928342438,1,1
28.928385232,1,0
28.928429046,1,1
28.928471844,1,0
28.928510216,1,1
28.928553010,1,0
28.928597814,1,1
28.928613344,1,0
28.928614602,1,1
28.940347090,0,1
28.940358952,0,0
28.940401782,0,1
28.940443586,0,0
28.940484928,0,1
28.940526738,0,0
28.940568082,0,1
28.940609884,0,0
28.940651230,0,1
28.940693042,0,0
28.940734388,0,1
28.940757744,1,1
28.940777184,1,0
28.940818526,1,1
28.940861324,1,0
28.940902666,1,1
28.940945464,1,0
28.940986804,1,1
28.941029602,1,0
28.941073420,1,1
28.941116214,1,0
28.941154586,1,1
28.941197384,1,0
28.941242186,1,1
28.944886522,0,1
28.944898380,0,0
28.944941202,0,1
28.944964560,1,1
28.944983998,1,0
28.945025338,1,1
28.945068134,1,0
28.945109474,1,1
28.945131008,0,1
28.945151282,0,0
28.945192626,0,1
28.945215986,1,1
28.945235424,1,0
28.945276764,1,1
28.945319560,1,0
28.945360900,1,1
28.945403692,1,0
28.945445028,1,1
28.945466564,0,1
28.945486840,0,0
28.945528190,0,1
28.945569992,0,0
28.945613816,0,1
28.945655624,0,0
28.945694000,0,1
28.945717354,1,1
28.945736790,1,0
28.945781594,1,1
28.953569726,1,0
28.953993110,1,1
28.969548878,1,0
28.969822328,0,0
28.970598214,0,1
28.970766342,0,0
28.970768014,1,0
28.970807672,1,1
28.970849464,1,0
28.970851320,0,0
28.970890796,0,1
28.970933574,0,0
28.970935206,1,0
28.970974890,1,1
28.971016678,1,0
28.971058002,1,1
28.971099790,1,0
28.971101064,0,0
28.971141122,0,1
28.971183902,0,0
28.971185968,1,0
28.971225228,1,1
28.971267018,1,0
28.971308344,1,1
28.971350132,1,0
28.971391450,1,1
28.971434724,1,0
28.971476048,1,1
28.971518826,1,0
28.971560152,1,1
28.971593550,0,1
28.971606890,0,0
28.971648210,0,1
28.971671554,1,1
28.971944270,0,1
28.971956126,0,0
28.971998932,0,1
28.972040716,0,0
28.972082042,0,1
28.972105388,1,1
28.972124816,1,0
28.972166134,1,1
28.972187660,0,1
28.972207924,0,0
28.972249252,0,1
28.972272594,1,1
28.972292024,1,0
28.972333344,1,1
28.972376126,1,0
28.972417464,1,1
28.972460262,1,0
28.972501606,1,1
28.972544400,1,0
28.972585738,1,1
28.972628532,1,0
28.972672348,1,1
28.972715140,1,0
28.972753508,1,1
28.972796304,1,0
28.972841110,1,1
28.972854718,1,0
28.973124174,0,0
28.973900146,0,1
28.973943468,0,0
28.973984826,0,1
28.974027624,0,0
28.974068984,0,1
28.974111784,0,0
28.974113266,1,0
28.974153128,1,1
28.974194940,1,0
28.974196582,0,0
28.974236294,0,1
28.974279092,0,0
28.974320452,0,1
28.974363256,0,0
28.974404614,0,1
28.974447422,0,0
28.974488780,0,1
28.974531586,0,0
28.974572944,0,1
28.974617234,0,0
28.974658592,0,1
28.974697928,0,0
28.974699762,1,0
28.974739276,1,1
28.974772694,0,1
28.974786042,0,0
28.974827392,0,1
28.974850752,1,1
28.975190942,0,1
28.975202804,0,0
28.975245638,0,1
28.975287448,0,0
28.975328798,0,1
28.975352156,1,1
28.975371596,1,0
28.975412940,1,1
28.975434478,0,1
28.975454754,0,0
28.975496104,0,1
28.975519466,1,1
28.975538904,1,0
28.975580246,1,1
28.975623048,1,0
28.975664392,1,1
28.975707188,1,0
28.975748532,1,1
28.975791332,1,0
28.975832676,1,1
28.975875480,1,0
28.975919304,1,1
28.975962106,1,0
28.976000480,1,1
28.976043284,1,0
28.976088092,1,1
28.976101002,1,0
28.976102254,1,1
28.976726300,0,1
28.976738162,0,0
28.976780994,0,1
28.976822808,0,0
28.976864154,0,1
28.976905962,0,0
28.976947308,0,1
28.976989118,0,0
28.977030464,0,1
28.977072280,0,0
28.977113632,0,1
28.977136990,1,1
28.977156428,1,0
28.977197772,1,1
28.977240572,1,0
28.977281916,1,1
28.977324720,1,0
28.977366066,1,1
28.977408868,1,0
28.977452690,1,1
28.977495494,1,0
28.977533874,1,1
28.977576678,1,0
28.977621492,1,1
28.981268872,0,1
28.981280736,0,0
28.981323566,0,1
28.981346920,1,1
28.981366356,1,0
28.981407700,1,1
28.981450498,1,0
28.981491842,1,1
28.981513382,0,1
28.981533660,0,0
28.981575010,0,1
28.981616820,0,0
28.981658176,0,1
28.981681540,1,1
28.981700980,1,0
28.981742334,1,1
28.981785142,1,0
28.981826492,1,1
28.981848030,0,1
28.981868308,0,0
28.981909660,0,1
28.981951482,0,0
28.981995312,0,1
28.982018674,1,1
28.982038114,1,0
28.982076494,1,1
28.982119292,1,0
28.982164100,1,1
28.989661604,1,0
28.993994600,1,1
29.000410602,0,1
29.000422466,0,0
29.000465306,0,1
29.000488668,1,1
29.000508110,1,0
29.000549466,1,1
29.000592272,1,0
29.000633622,1,1
29.000655162,0,1
29.000675444,0,0
29.000716798,0,1
29.000740156,1,1
29.000759598,1,0
29.000800952,1,1
29.000843758,1,0
29.000885108,1,1
29.000927918,1,0
29.000969272,1,1
29.000990814,0,1
29.001011092,0,0
29.001052448,0,1
29.001094264,0,0
29.001138092,0,1
29.001179910,0,0
29.001218294,0,1
29.001241658,1,1
29.001261100,1,0
29.001305916,1,1
29.001324100,1,0
29.001992906,1,1
29.018011332,1,0
29.018284816,0,0
29.019060950,0,1
29.019623366,0,0
29.019624886,1,0
29.019664712,1,1
29.019706528,1,0
29.019708234,0,0
29.019747884,0,1
29.019790686,0,0
29.019792170,1,0
29.019832034,1,1
29.019873848,1,0
29.019915200,1,1
29.019957012,1,0
29.019958144,0,0
29.019998370,0,1
29.020041172,0,0
29.020043090,1,0
29.020082520,1,1
29.020124334,1,0
29.020165680,1,1
29.020207490,1,0
29.020248836,1,1
29.020292134,1,0
29.020333482,1,1
29.020376284,1,0
29.020417630,1,1
29.020451048,0,1
29.020464396,0,0
29.020505750,0,1
29.020529108,1,1
29.020802002,0,1
29.020813864,0,0
29.020856698,0,1
29.020898506,0,0
29.020939854,0,1
29.020963212,1,1
29.020982654,1,0
29.021024000,1,1
29.021045538,0,1
29.021065814,0,0
29.021107164,0,1
29.021130524,1,1
29.021149962,1,0
29.021191306,1,1
29.021234108,1,0
29.021275452,1,1
29.021318252,1,0
29.021359598,1,1
29.021402402,1,0
29.021443748,1,1
29.021486546,1,0
29.021530372,1,1
29.021573170,1,0
29.021611546,1,1
29.021654346,1,0
29.021699154,1,1
29.021713440,1,0
29.021982914,0,0
29.022758942,0,1
29.022801560,0,0
29.022842926,0,1
29.022885728,0,0
29.022927088,0,1
29.022969892,0,0
29.022972126,1,0
29.023011240,1,1
29.023053052,1,0
29.023054456,0,0
29.023094408,0,1
29.023137208,0,0
29.023178562,0,1
29.023221368,0,0
29.023262722,0,1
29.023305526,0,0
29.023346886,0,1
29.023389688,0,0
29.023431040,0,1
29.023475330,0,0
29.023516696,0,1
29.023556034,0,0
29.023557718,1,0
29.023597388,1,1
29.023630806,0,1
29.023644152,0,0
29.023685496,0,1
29.023708852,1,1
29.024049018,0,1
29.024060878,0,0
29.024103704,0,1
29.024145514,0,0
29.024186862,0,1
29.024210218,1,1
29.024229656,1,0
29.024271000,1,1
29.024292534,0,1
29.024312810,0,0
29.024354154,0,1
29.024377510,1,1
29.024396950,1,0
29.024438294,1,1
29.024481090,1,0
29.024522438,1,1
29.024565236,1,0
29.024606578,1,1
29.024649378,1,0
29.024690724,1,1
29.024733524,1,0
29.024777342,1,1
29.024820146,1,0
29.024858522,1,1
29.024901322,1,0
29.024946136,1,1
29.024960106,1,0
29.024961360,1,1
29.025584408,0,1
29.025596270,0,0
29.025639108,0,1
29.025662468,1,1
29.025681910,1,0
29.025723258,1,1
29.025766060,1,0
29.025807408,1,1
29.025828948,0,1
29.025849226,0,0
29.025890582,0,1
29.025932398,0,0
29.025973760,0,1
29.025997122,1,1
29.026016562,1,0
29.026057910,1,1
29.026100716,1,0
29.026142060,1,1
29.026163598,0,1
29.026183876,0,0
29.026225230,0,1
29.026267042,0,0
29.026310868,0,1
29.026334230,1,1
29.026353672,1,0
29.026392050,1,1
29.026434850,1,0
29.026479662,1,1
29.026498392,1,0
29.033993156,1,1
29.049971406,1,0
29.049975418,0,0
29.051021126,0,1
29.051121494,0,0
29.051123480,1,0
29.051162848,1,1
29.051204666,1,0
29.051205796,0,0
29.051246028,0,1
29.051288834,0,0
29.051290730,1,0
29.051330182,1,1
29.051371992,1,0
29.051413336,1,1
29.051455144,1,0
29.051456658,0,0
29.051496500,0,1
29.051539308,0,0
29.051541600,1,0
29.051580658,1,1
29.051622470,1,0
29.051663816,1,1
29.051705628,1,0
29.051746972,1,1
29.051790266,1,0
29.051831610,1,1
29.051874408,1,0
29.051915758,1,1
29.051949172,0,1
29.051962520,0,0
29.052003868,0,1
29.052027222,1,1
29.052300082,0,1
29.052311942,0,0
29.052354774,0,1
29.052396584,0,0
29.052437934,0,1
29.052461290,1,1
29.052480730,1,0
29.052522082,1,1
29.052543620,0,1
29.052563898,0,0
29.052605252,0,1
29.052628610,1,1
29.052648048,1,0
29.052689392,1,1
29.052732188,1,0
29.052773530,1,1
29.052816326,1,0
29.052857670,1,1
29.052900468,1,0
29.052941810,1,1
29.052984610,1,0
29.053028428,1,1
29.053071230,1,0
29.053109606,1,1
29.053152408,1,0
29.053197216,1,1
29.053209840,1,0
29.053483338,0,0
29.054259316,0,1
29.054299774,0,0
29.054341140,0,1
29.054383952,0,0
29.054425322,0,1
29.054468132,0,0
29.054469488,1,0
29.054509492,1,1
29.054551312,1,0
29.054552834,0,0
29.054592674,0,1
29.054635482,0,0
29.054676844,0,1
29.054719652,0,0
29.054761010,0,1
29.054803818,0,0
29.054845182,0,1
29.054887986,0,0
29.054929350,0,1
29.054973642,0,0
29.055015004,0,1
29.055054344,0,0
29.055056082,1,0
29.055095700,1,1
29.055129120,0,1
29.055142470,0,0
29.055183824,0,1
29.055207186,1,1
29.055547384,0,1
29.055559246,0,0
29.055602084,0,1
29.055643894,0,0
29.055685244,0,1
29.055708606,1,1
29.055728048,1,0
29.055769394,1,1
29.055790934,0,1
29.055811212,0,0
29.055852564,0,1
29.055875926,1,1
29.055895366,1,0
29.055936714,1,1
29.055979520,1,0
29.056020868,1,1
29.056063668,1,0
29.056105016,1,1
29.056147816,1,0
29.056189156,1,1
29.056231956,1,0
29.056275778,1,1
29.056318576,1,0
29.056356948,1,1
29.056399750,1,0
29.056444556,1,1
29.056456364,1,0
29.056457624,1,1
29.077300856,1,0
29.077574346,0,0
29.078350446,0,1
29.078470032,0,0
29.078471886,1,0
29.078511392,1,1
29.078553210,1,0
29.078555218,0,0
29.078594570,0,1
29.078637374,0,0
29.078639138,1,0
29.078678726,1,1
29.078720540,1,0
29.078761890,1,1
29.078803704,1,0
29.078805040,0,0
29.078845060,0,1
29.078887862,0,0
29.078889956,1,0
29.078929216,1,1
29.078971026,1,0
29.079012374,1,1
29.079054188,1,0
29.079095534,1,1
29.079138832,1,0
29.079180174,1,1
29.079222974,1,0
29.079264318,1,1
29.079297732,0,1
29.079311080,0,0
29.079352424,0,1
29.079375780,1,1
29.079648640,0,1
29.079660502,0,0
29.079703336,0,1
29.079745150,0,0
29.079786496,0,1
29.079809854,1,1
29.079829294,1,0
29.079870640,1,1
29.079892176,0,1
29.079912452,0,0
29.079953804,0,1
29.079977160,1,1
29.079996600,1,0
29.080037946,1,1
29.080080748,1,0
29.080122094,1,1
29.080164898,1,0
29.080206238,1,1
29.080249042,1,0
29.080290386,1,1
29.080333186,1,0
29.080377010,1,1
29.080419810,1,0
29.080458186,1,1
29.080500992,1,0
29.080545806,1,1
29.080559174,1,0
29.080828702,0,0
29.081604768,0,1
29.081648276,0,0
29.081689638,0,1
29.081732442,0,0
29.081773800,0,1
29.081816606,0,0
29.081817936,1,0
29.081857958,1,1
29.081899772,1,0
29.081901274,0,0
29.081941142,0,1
29.081983950,0,0
29.082025308,0,1
29.082068114,0,0
29.082109474,0,1
29.082152274,0,0
29.082193634,0,1
29.082236440,0,0
29.082277796,0,1
29.082322088,0,0
29.082363450,0,1
29.082402792,0,0
29.082404368,1,0
29.082444148,1,1
29.082477568,0,1
29.082490916,0,0
29.082532268,0,1
29.082555626,1,1
29.082895820,0,1
29.082907680,0,0
29.082950512,0,1
29.082992322,0,0
29.083033670,0,1
29.083057026,1,1
29.083076466,1,0
29.083117810,1,1
29.083139350,0,1
29.083159624,0,0
29.083200954,0,1
29.083224306,1,1
29.083243746,1,0
29.083285096,1,1
29.083327908,1,0
29.083369266,1,1
29.083412062,1,0
29.083453402,1,1
29.083496202,1,0
29.083537546,1,1
29.083580342,1,0
29.083624160,1,1
29.083666958,1,0
29.083705328,1,1
29.083748126,1,0
29.083792930,1,1
29.083805746,1,0
29.083807002,1,1
29.108717114,1,0
29.108990552,0,0
29.109766720,0,1
29.110663572,0,0
29.110665388,1,0
29.110704926,1,1
29.110746740,1,0
29.110748750,0,0
29.110788098,0,1
29.110830900,0,0
29.110832694,1,0
29.110872246,1,1
29.110914062,1,0
29.110955408,1,1
29.110997220,1,0
29.110998650,0,0
29.111038590,0,1
29.111081400,0,0
29.111083614,1,0
29.111122750,1,1
29.111164566,1,0
29.111205916,1,1
29.111247724,1,0
29.111289072,1,1
29.111332364,1,0
29.111373706,1,1
29.111416520,1,0
29.111457876,1,1
29.111491294,0,1
29.111504644,0,0
29.111545998,0,1
29.111569356,1,1
29.111842238,0,1
29.111854100,0,0
29.111896934,0,1
29.111938746,0,0
29.111980100,0,1
29.112003458,1,1
29.112022898,1,0
29.112064244,1,1
29.112085782,0,1
29.112106058,0,0
29.112147408,0,1
29.112170774,1,1
29.112190218,1,0
29.112231572,1,1
29.112274372,1,0
29.112315716,1,1
29.112358518,1,0
29.112399860,1,1
29.112442656,1,0
29.112484000,1,1
29.112526804,1,0
29.112570630,1,1
29.112613442,1,0
29.112651818,1,1
29.112694620,1,0
29.112739428,1,1
29.112754192,1,0
29.113027730,0,0
29.113803926,0,1
29.113850826,0,0
29.113892192,0,1
29.113935002,0,0
29.113976368,0,1
29.114019178,0,0
29.114021096,1,0
29.114060530,1,1
29.114102354,1,0
29.114103436,0,0
29.114143722,0,1
29.114186532,0,0
29.114227890,0,1
29.114270694,0,0
29.114312050,0,1
29.114354856,0,0
29.114396212,0,1
29.114439020,0,0
29.114480386,0,1
29.114524692,0,0
29.114566058,0,1
29.114605398,0,0
29.114606752,1,0
29.114646746,1,1
29.114680164,0,1
29.114693514,0,0
29.114734864,0,1
29.114758222,1,1
29.115098428,0,1
29.115110290,0,0
29.115153116,0,1
29.115194920,0,0
29.115236270,0,1
29.115259638,1,1
29.115279082,1,0
29.115320428,1,1
29.115341968,0,1
29.115362246,0,0
29.115403586,0,1
29.115426934,1,1
29.115446368,1,0
29.115487718,1,1
29.115530534,1,0
29.115571898,1,1
29.115614702,1,0
29.115656060,1,1
29.115698870,1,0
29.115740218,1,1
29.115783018,1,0
29.115826832,1,1
29.115869630,1,0
29.115908004,1,1
29.115950798,1,0
29.115995606,1,1
29.116009422,1,0
29.116010676,1,1
29.156461616,1,0
29.156731014,0,0
29.157507010,0,1
29.157608656,0,0
29.157610336,1,0
29.157650004,1,1
29.157691822,1,0
29.157693662,0,0
29.157733182,0,1
29.157775988,0,0
29.157777584,1,0
29.157817342,1,1
29.157859156,1,0
29.157900506,1,1
29.157942316,1,0
29.157943488,0,0
29.157983672,0,1
29.158026472,0,0
29.158028404,1,0
29.158067820,1,1
29.158109634,1,0
29.158150978,1,1
29.158192788,1,0
29.158234134,1,1
29.158277430,1,0
29.158318772,1,1
29.158361576,1,0
29.158402920,1,1
29.158436334,0,1
29.158449682,0,0
29.158491042,0,1
29.158514404,1,1
29.158787266,0,1
29.158799126,0,0
29.158841960,0,1
29.158883774,0,0
29.158925126,0,1
29.158948484,1,1
29.158967926,1,0
29.159009276,1,1
29.159030814,0,1
29.159051092,0,0
29.159092446,0,1
29.159115808,1,1
29.159135252,1,0
29.159176604,1,1
29.159219410,1,0
29.159260762,1,1
29.159303564,1,0
29.159344906,1,1
29.159387712,1,0
29.159429058,1,1
29.159471860,1,0
29.159515688,1,1
29.159558494,1,0
29.159596874,1,1
29.159639676,1,0
29.159684492,1,1
29.159699498,1,0
29.159968948,0,0
29.160744976,0,1
29.160787038,0,0
29.160828406,0,1
29.160871218,0,0
29.160912586,0,1
29.160955398,0,0
29.160957162,1,0
29.160996754,1,1
29.161038574,1,0
29.161040488,0,0
29.161079934,0,1
29.161122742,0,0
29.161164106,0,1
29.161206914,0,0
29.161248280,0,1
29.161291088,0,0
29.161332450,0,1
29.161375262,0,0
29.161416626,0,1
29.161460920,0,0
29.161502288,0,1
29.161541632,0,0
29.161543658,1,0
29.161582984,1,1
29.161616406,0,1
29.161629758,0,0
29.161671124,0,1
29.161694484,1,1
29.162034704,0,1
29.162046566,0,0
29.162089402,0,1
29.162131214,0,0
29.162172570,0,1
29.162195928,1,1
29.162215370,1,0
29.162256716,1,1
29.162278256,0,1
29.162298534,0,0
29.162339884,0,1
29.162363242,1,1
29.162382680,1,0
29.162424028,1,1
29.162466834,1,0
29.162508184,1,1
29.162550990,1,0
29.162592334,1,1
29.162635132,1,0
29.162676478,1,1
29.162719282,1,0
29.162763100,1,1
29.162805906,1,0
29.162844284,1,1
29.162887082,1,0
29.162931892,1,1
29.162945882,1,0
29.162947144,1,1
29.188589770,1,0
29.188859206,0,0
29.189635134,0,1
29.189758404,0,0
29.189760616,1,0
29.189799766,1,1
29.189841586,1,0
29.189842946,0,0
29.189882950,0,1
29.189925762,0,0
29.189927884,1,0
29.189967116,1,1
29.190008926,1,0
29.190050268,1,1
29.190092080,1,0
29.190093784,0,0
29.190133436,0,1
29.190176242,0,0
29.190177698,1,0
29.190217596,1,1
29.190259412,1,0
29.190300762,1,1
29.190342578,1,0
29.190383924,1,1
29.190427222,1,0
29.190468572,1,1
29.190511378,1,0
29.190552726,1,1
29.190586146,0,1
29.190599496,0,0
29.190640860,0,1
29.190664226,1,1
29.190937098,0,1
29.190948960,0,0
29.190991796,0,1
29.191033606,0,0
29.191074958,0,1
29.191098320,1,1
29.191117762,1,0
29.191159110,1,1
29.191180648,0,1
29.191200926,0,0
29.191242278,0,1
29.191265636,1,1
29.191285076,1,0
29.191326420,1,1
29.191369218,1,0
29.191410566,1,1
29.191453368,1,0
29.191494720,1,1
29.191537526,1,0
29.191578870,1,1
29.191621672,1,0
29.191665492,1,1
29.191708294,1,0
29.191746670,1,1
29.191789472,1,0
29.191834280,1,1
29.191847936,1,0
29.192121422,0,0
29.192897474,0,1
29.192936828,0,0
29.192978198,0,1
29.193021008,0,0
29.193062374,0,1
29.193105186,0,0
29.193106614,1,0
29.193146538,1,1
29.193188354,1,0
29.193189952,0,0
29.193229716,0,1
29.193272522,0,0
29.193313884,0,1
29.193356694,0,0
29.193398056,0,1
29.193440864,0,0
29.193482230,0,1
29.193525042,0,0
29.193566408,0,1
29.193610704,0,0
29.193652070,0,1
29.193691408,0,0
29.193693134,1,0
29.193732764,1,1
29.193766184,0,1
29.193779538,0,0
29.193820902,0,1
29.193844264,1,1
29.194184464,0,1
29.194196326,0,0
29.194239158,0,1
29.194280970,0,0
29.194322322,0,1
29.194345682,1,1
29.194365122,1,0
29.194406472,1,1
29.194428012,0,1
29.194448290,0,0
29.194489644,0,1
29.194513014,1,1
29.194532454,1,0
29.194573802,1,1
29.194616606,1,0
29.194657954,1,1
29.194700754,1,0
29.194742102,1,1
29.194784906,1,0
29.194826252,1,1
29.194869056,1,0
29.194912882,1,1
29.194955684,1,0
29.194994064,1,1
29.195036866,1,0
29.195081680,1,1
29.195094390,1,0
29.195095650,1,1
29.221040570,1,0
29.221314046,0,0
29.222090110,0,1
29.222208846,0,0
29.222210548,1,0
29.222250196,1,1
29.222292012,1,0
29.222293874,0,0
29.222333378,0,1
29.222376188,0,0
29.222377802,1,0
29.222417540,1,1
29.222459354,1,0
29.222500704,1,1
29.222542518,1,0
29.222543732,0,0
29.222583880,0,1
29.222626686,0,0
29.222628676,1,0
29.222668036,1,1
29.222709850,1,0
29.222751196,1,1
29.222793006,1,0
29.222834354,1,1
29.222877650,1,0
29.222918994,1,1
29.222961796,1,0
29.223003140,1,1
29.223036554,0,1
29.223049904,0,0
29.223091268,0,1
29.223114638,1,1
29.223387524,0,1
29.223399386,0,0
29.223442216,0,1
29.223484032,0,0
29.223525390,0,1
29.223548752,1,1
29.223568192,1,0
29.223609544,1,1
29.223631082,0,1
29.223651362,0,0
29.223692714,0,1
29.223716074,1,1
29.223735514,1,0
29.223776868,1,1
29.223819670,1,0
29.223861016,1,1
29.223903818,1,0
29.223945168,1,1
29.223987968,1,0
29.224029314,1,1
29.224072120,1,0
29.224115936,1,1
29.224158744,1,0
29.224197124,1,1
29.224239924,1,0
29.224284736,1,1
29.224298830,1,0
29.224568298,0,0
29.225344326,0,1
29.225387270,0,0
29.225428632,0,1
29.225471438,0,0
29.225512804,0,1
29.225555612,0,0
29.225557482,1,0
29.225596970,1,1
29.225638786,1,0
29.225640810,0,0
29.225680144,0,1
29.225722958,0,0
29.225764326,0,1
29.225807136,0,0
29.225848502,0,1
29.225891312,0,0
29.225932678,0,1
29.225975496,0,0
29.226016862,0,1
29.226061156,0,0
29.226102522,0,1
29.226141868,0,0
29.226143996,1,0
29.226183224,1,1
29.226216642,0,1
29.226229996,0,0
29.226271364,0,1
29.226294732,1,1
29.226634948,0,1
29.226646812,0,0
29.226689648,0,1
29.226731460,0,0
29.226772810,0,1
29.226796168,1,1
29.226815608,1,0
29.226856952,1,1
29.226878490,0,1
29.226898768,0,0
29.226940122,0,1
29.226963480,1,1
29.226982920,1,0
29.227024272,1,1
29.227067078,1,0
29.227108424,1,1
29.227151228,1,0
29.227192578,1,1
29.227235380,1,0
29.227276728,1,1
29.227319532,1,0
29.227363356,1,1
29.227406158,1,0
29.227444536,1,1
29.227487338,1,0
29.227532154,1,1
29.227545298,1,0
29.227546554,1,1
29.252747242,1,0
29.252751246,0,0
29.253792846,0,1
29.254404112,0,0
29.254406130,1,0
29.254445464,1,1
29.254487284,1,0
29.254488456,0,0
29.254528648,0,1
29.254571456,0,0
29.254573386,1,0
29.254612804,1,1
29.254654616,1,0
29.254695960,1,1
29.254737772,1,0
29.254739292,0,0
29.254779126,0,1
29.254821932,0,0
29.254824216,1,0
29.254863286,1,1
29.254905106,1,0
29.254946462,1,1
29.254988280,1,0
29.255029630,1,1
29.255072936,1,0
29.255114290,1,1
29.255157094,1,0
29.255198442,1,1
29.255231862,0,1
29.255245214,0,0
29.255286578,0,1
29.255309942,1,1
29.255582844,0,1
29.255594708,0,0
29.255637548,0,1
29.255679364,0,0
29.255720718,0,1
29.255744082,1,1
29.255763524,1,0
29.255804872,1,1
29.255826412,0,1
29.255846690,0,0
29.255888048,0,1
29.255911408,1,1
29.255930848,1,0
29.255972202,1,1
29.256015014,1,0
29.256056364,1,1
29.256099168,1,0
29.256140518,1,1
29.256183322,1,0
29.256224670,1,1
29.256267476,1,0
29.256311300,1,1
29.256354102,1,0
29.256392482,1,1
29.256435286,1,0
29.256480096,1,1
29.256493626,1,0
29.256763106,0,0
29.257539244,0,1
29.257582812,0,0
29.257624178,0,1
29.257666990,0,0
29.257708360,0,1
29.257751170,0,0
29.257753426,1,0
29.257792524,1,1
29.257834344,1,0
29.257835744,0,0
29.257875706,0,1
29.257918516,0,0
29.257959888,0,1
29.258002702,0,0
29.258044064,0,1
29.258086876,0,0
29.258128244,0,1
29.258171056,0,0
29.258212418,0,1
29.258256714,0,0
29.258298074,0,1
29.258337420,0,0
29.258338900,1,0
29.258378778,1,1
29.258412196,0,1
29.258425548,0,0
29.258466918,0,1
29.258490286,1,1
29.258830484,0,1
29.258842346,0,0
29.258885182,0,1
29.258926996,0,0
29.258968348,0,1
29.258991710,1,1
29.259011150,1,0
29.259052498,1,1
29.259074038,0,1
29.259094314,0,0
29.259135668,0,1
29.259159028,1,1
29.259178468,1,0
29.259219814,1,1
29.259262620,1,0
29.259303964,1,1
29.259346762,1,0
29.259388106,1,1
29.259430910,1,0
29.259472252,1,1
29.259515056,1,0
29.259558878,1,1
29.259601686,1,0
29.259640066,1,1
29.259682876,1,0
29.259727694,1,1
29.259740170,1,0
29.259741430,1,1
29.284444074,1,0
29.284713562,0,0
29.285489584,0,1
29.285605422,0,0
29.285607014,1,0
29.285646780,1,1
29.285688592,1,0
29.285690346,0,0
29.285729954,0,1
29.285772758,0,0
29.285774264,1,0
29.285814104,1,1
29.285855918,1,0
29.285897270,1,1
29.285939084,1,0
29.285940182,0,0
29.285980438,0,1
29.286023244,0,0
29.286025112,1,0
29.286064594,1,1
29.286106406,1,0
29.286147754,1,1
29.286189562,1,0
29.286230904,1,1
29.286274200,1,0
29.286315548,1,1
29.286358348,1,0
29.286399696,1,1
29.286433118,0,1
29.286446470,0,0
29.286487832,0,1
29.286511200,1,1
29.286784108,0,1
29.286795970,0,0
29.286838806,0,1
29.286880618,0,0
29.286921974,0,1
29.286945334,1,1
29.286964774,1,0
29.287006126,1,1
29.287027662,0,1
29.287047942,0,0
29.287089294,0,1
29.287112656,1,1
29.287132094,1,0
29.287173440,1,1
29.287216242,1,0
29.287257588,1,1
29.287300392,1,0
29.287341740,1,1
29.287384542,1,0
29.287425892,1,1
29.287468698,1,0
29.287512526,1,1
29.287555328,1,0
29.287593704,1,1
29.287636504,1,0
29.287681310,1,1
29.287694386,1,0
29.287967950,0,0
29.288744058,0,1
29.288783832,0,0
29.288825198,0,1
29.288868004,0,0
29.288909372,0,1
29.288952184,0,0
29.288954198,1,0
29.288993538,1,1
29.289035352,1,0
29.289036514,0,0
29.289076712,0,1
29.289119512,0,0
29.289160876,0,1
29.289203682,0,0
29.289245042,0,1
29.289287848,0,0
29.289329206,0,1
29.289372010,0,0
29.289413372,0,1
29.289457662,0,0
29.289499020,0,1
29.289538366,0,0
29.289540690,1,0
29.289579720,1,1
29.289613140,0,1
29.289626492,0,0
29.289667858,0,1
29.289691222,1,1
29.290031420,0,1
29.290043284,0,0
29.290086120,0,1
29.290127932,0,0
29.290169282,0,1
29.290192642,1,1
29.290212086,1,0
29.290253436,1,1
29.290274976,0,1
29.290295256,0,0
29.290336612,0,1
29.290359978,1,1
29.290379418,1,0
29.290420772,1,1
29.290463576,1,0
29.290504930,1,1
29.290547736,1,0
29.290589088,1,1
29.290631892,1,0
29.290673238,1,1
29.290716042,1,0
29.290759866,1,1
29.290802666,1,0
29.290841044,1,1
29.290883848,1,0
29.290928658,1,1
29.290940994,1,0
29.290942250,1,1
29.316653358,1,0
29.316926798,0,0
29.317702916,0,1
29.317809230,0,0
29.317811284,1,0
29.317850588,1,1
29.317892408,1,0
29.317893614,0,0
29.317933772,0,1
29.317976576,0,0
29.317978542,1,0
29.318017930,1,1
29.318059746,1,0
29.318101096,1,1
29.318142912,1,0
29.318144488,0,0
29.318184272,0,1
29.318227074,0,0
29.318228416,1,0
29.318268426,1,1
29.318310242,1,0
29.318351590,1,1
29.318393404,1,0
29.318434754,1,1
29.318478050,1,0
29.318519406,1,1
29.318562212,1,0
29.318603560,1,1
29.318636982,0,1
29.318650332,0,0
29.318691696,0,1
29.318715058,1,1
29.318987938,0,1
29.318999800,0,0
29.319042640,0,1
29.319084454,0,0
29.319125808,0,1
29.319149168,1,1
29.319168614,1,0
29.319209966,1,1
29.319231504,0,1
29.319251782,0,0
29.319293138,0,1
29.319316500,1,1
29.319335938,1,0
29.319377286,1,1
29.319420090,1,0
29.319461436,1,1
29.319504242,1,0
29.319545588,1,1
29.319588394,1,0
29.319629742,1,1
29.319672548,1,0
29.319716378,1,1
29.319759182,1,0
29.319797560,1,1
29.319840362,1,0
29.319885176,1,1
29.319899728,1,0
29.320173258,0,0
29.320949288,0,1
29.320996686,0,0
29.321038052,0,1
29.321080862,0,0
29.321122230,0,1
29.321165042,0,0
29.321166496,1,0
29.321206392,1,1
29.321248208,1,0
29.321249816,0,0
29.321289568,0,1
29.321332374,0,0
29.321373732,0,1
29.321416540,0,0
29.321457900,0,1
29.321500708,0,0
29.321542076,0,1
29.321584882,0,0
29.321626242,0,1
29.321670540,0,0
29.321711902,0,1
29.321751242,0,0
29.321752992,1,0
29.321792590,1,1
29.321826012,0,1
29.321839362,0,0
29.321880724,0,1
29.321904088,1,1
29.322244294,0,1
29.322256156,0,0
29.322298990,0,1
29.322340806,0,0
29.322382156,0,1
29.322405518,1,1
29.322424956,1,0
29.322466308,1,1
29.322487846,0,1
29.322508128,0,0
29.322549482,0,1
29.322572844,1,1
29.322592286,1,0
29.322633634,1,1
29.322676434,1,0
29.322717782,1,1
29.322760588,1,0
29.322801932,1,1
29.322844736,1,0
29.322886086,1,1
29.322928888,1,0
29.322972710,1,1
29.323015512,1,0
29.323053888,1,1
29.323096696,1,0
29.323141508,1,1
29.323154078,1,0
29.323155336,1,1
29.348796484,1,0
29.349065914,0,0
29.349841962,0,1
29.349976260,0,0
29.349978558,1,0
29.350017618,1,1
29.350059438,1,0
29.350060884,0,0
29.350100804,0,1
29.350143612,0,0
29.350145826,1,0
29.350184968,1,1
29.350226784,1,0
29.350268132,1,1
29.350309946,1,0
29.350311744,0,0
29.350351304,0,1
29.350394112,0,0
29.350395676,1,0
29.350435464,1,1
29.350477278,1,0
29.350518632,1,1
29.350560440,1,0
29.350601788,1,1
29.350645088,1,0
29.350686436,1,1
29.350729234,1,0
29.350770578,1,1
29.350803994,0,1
29.350817342,0,0
29.350858702,0,1
29.350882064,1,1
29.351154930,0,1
29.351166792,0,0
29.351209626,0,1
29.351251438,0,0
29.351292792,0,1
29.351316150,1,1
29.351335588,1,0
29.351376938,1,1
29.351398476,0,1
29.351418756,0,0
29.351460110,0,1
29.351483472,1,1
29.351502914,1,0
29.351544268,1,1
29.351587074,1,0
29.351628422,1,1
29.351671228,1,0
29.351712578,1,1
29.351755378,1,0
29.351796722,1,1
29.351839524,1,0
29.351883348,1,1
29.351926152,1,0
29.351964536,1,1
29.352007338,1,0
29.352052146,1,1
29.352066686,1,0
29.352336082,0,0
29.353112066,0,1
29.353154778,0,0
29.353196146,0,1
29.353238960,0,0
29.353280326,0,1
29.353323138,0,0
29.353325222,1,0
29.353364494,1,1
29.353406316,1,0
29.353407550,0,0
29.353447678,0,1
29.353490482,0,0
29.353531850,0,1
29.353574658,0,0
29.353616016,0,1
29.353658826,0,0
29.353700188,0,1
29.353742994,0,0
29.353784354,0,1
29.353828646,0,0
29.353870006,0,1
29.353909354,0,0
29.353910738,1,0
29.353950714,1,1
29.353984136,0,1
29.353997488,0,0
29.354038862,0,1
29.354062236,1,1
29.354402444,0,1
29.354414306,0,0
29.354457144,0,1
29.354498956,0,0
29.354540308,0,1
29.354563668,1,1
29.354583108,1,0
29.354624454,1,1
29.354645992,0,1
29.354666274,0,0
29.354707632,0,1
29.354730994,1,1
29.354750438,1,0
29.354791792,1,1
29.354834602,1,0
29.354875952,1,1
29.354918756,1,0
29.354960104,1,1
29.355002908,1,0
29.355044256,1,1
29.355087060,1,0
29.355130886,1,1
29.355173688,1,0
29.355212064,1,1
29.355254868,1,0
29.355299676,1,1
29.355312932,1,0
29.355314194,1,1
29.466768098,1,0
29.467037542,0,0
29.467813588,0,1
29.467932938,0,0
29.467935058,1,0
29.467974292,1,1
29.468016106,1,0
29.468017370,0,0
29.468057466,0,1
29.468100272,0,0
29.468102294,1,0
29.468141622,1,1
29.468183434,1,0
29.468224780,1,1
29.468266592,1,0
29.468268220,0,0
29.468307950,0,1
29.468350758,0,0
29.468352158,1,0
29.468392108,1,1
29.468433920,1,0
29.468475268,1,1
29.468517084,1,0
29.468558430,1,1
29.468601728,1,0
29.468643070,1,1
29.468685870,1,0
29.468727214,1,1
29.468760630,0,1
29.468773982,0,0
29.468815344,0,1
29.468838708,1,1
29.469111594,0,1
29.469123456,0,0
29.469166292,0,1
29.469208106,0,0
29.469249458,0,1
29.469272820,1,1
29.469292262,1,0
29.469333608,1,1
29.469355148,0,1
29.469375426,0,0
29.469416780,0,1
29.469440138,1,1
29.469459580,1,0
29.469500934,1,1
29.469543746,1,0
29.469585098,1,1
29.469627906,1,0
29.469669258,1,1
29.469712058,1,0
29.469753402,1,1
29.469796206,1,0
29.469840024,1,1
29.469882830,1,0
29.469921204,1,1
29.469963990,1,0
29.470008800,1,1
29.470022312,1,0
29.470291784,0,0
29.471067752,0,1
29.471111366,0,0
29.471152734,0,1
29.471195546,0,0
29.471236914,0,1
29.471279716,0,0
29.471321078,0,1
29.471363884,0,0
29.471405244,0,1
29.471448050,0,0
29.471489412,0,1
29.471532224,0,0
29.471573584,0,1
29.471616392,0,0
29.471657750,0,1
29.471700554,0,0
29.471741920,0,1
29.471786212,0,0
29.471787812,1,0
29.471827566,1,1
29.471870376,1,0
29.471911728,1,1
29.471945144,0,1
29.471958494,0,0
29.471999856,0,1
29.472023216,1,1
29.472367662,0,1
29.472379508,0,0
29.472422274,0,1
29.472464020,0,0
29.472505304,0,1
29.472528630,1,1
29.472548040,1,0
29.472589316,1,1
29.472610822,0,1
29.472631068,0,0
29.472672352,0,1
29.472695670,1,1
29.472715078,1,0
29.472756354,1,1
29.472799084,1,0
29.472840360,1,1
29.472883088,1,0
29.472924360,1,1
29.472967088,1,0
29.473008360,1,1
29.473051090,1,0
29.473094832,1,1
29.473137558,1,0
29.473175862,1,1
29.473218574,1,0
29.473263278,1,1
29.473276146,1,0
29.473277404,1,1
29.505886720,0,1
29.505898560,0,0
29.505941312,0,1
29.505983054,0,0
29.506024328,0,1
29.506066064,0,0
29.506107336,0,1
29.506149068,0,0
29.506190336,0,1
29.506232072,0,0
29.506273342,0,1
29.506296658,1,1
29.506316064,1,0
29.506357332,1,1
29.506400054,1,0
29.506441318,1,1
29.506484042,1,0
29.506525314,1,1
29.506568036,1,0
29.506611770,1,1
29.506654492,1,0
29.506692790,1,1
29.506735510,1,0
29.506780228,1,1
29.510420792,0,1
29.510432632,0,0
29.510475372,0,1
29.510498686,1,1
29.510518092,1,0
29.510559356,1,1
29.510602078,1,0
29.510643340,1,1
29.510664838,0,1
29.510685080,0,0
29.510726346,0,1
29.510768082,0,0
29.510809350,0,1
29.510832664,1,1
29.510852070,1,0
29.510893338,1,1
29.510936062,1,0
29.510977326,1,1
29.510998822,0,1
29.511019060,0,0
29.511060326,0,1
29.511102062,0,0
29.511145798,0,1
29.511169112,1,1
29.511188520,1,0
29.511226818,1,1
29.511269538,1,0
29.511314260,1,1
29.518672092,1,0
29.521991738,1,1
29.533630384,0,1
29.533642222,0,0
29.533684960,0,1
29.533726684,0,0
29.533767944,0,1
29.533809664,0,0
29.533850924,0,1
29.533892654,0,0
29.533933914,0,1
29.533975640,0,0
29.534016906,0,1
29.534040220,1,1
29.534059622,1,0
29.534100884,1,1
29.534143608,1,0
29.534184866,1,1
29.534227582,1,0
29.534268838,1,1
29.534311552,1,0
29.534355260,1,1
29.534397970,1,0
29.534436274,1,1
29.534478998,1,0
29.534523714,1,1
29.538160972,0,1
29.538172812,0,0
29.538215558,0,1
29.538238870,1,1
29.538258272,1,0
29.538299532,1,1
29.538342252,1,0
29.538383512,1,1
29.538405006,0,1
29.538425242,0,0
29.538466506,0,1
29.538489820,1,1
29.538509226,1,0
29.538550490,1,1
29.538593212,1,0
29.538634478,1,1
29.538677196,1,0
29.538718456,1,1
29.538739954,0,1
29.538760192,0,0
29.538801456,0,1
29.538843190,0,0
29.538886930,0,1
29.538928660,0,0
29.538966960,0,1
29.538990274,1,1
29.539009678,1,0
29.539054400,1,1
29.546497974,1,0
29.553992952,1,1
29.562624066,0,1
29.562635904,0,0
29.562678646,0,1
29.562701956,1,1
29.562721360,1,0
29.562762618,1,1
29.562805334,1,0
29.562846592,1,1
29.562868092,0,1
29.562888328,0,0
29.562929588,0,1
29.562971320,0,0
29.563012586,0,1
29.563035896,1,1
29.563055302,1,0
29.563096566,1,1
29.563139286,1,0
29.563180544,1,1
29.563202040,0,1
29.563222276,0,0
29.563263536,0,1
29.563305266,0,0
29.563348996,0,1
29.563372304,1,1
29.563391710,1,0
29.563430002,1,1
29.563472722,1,0
29.563517446,1,1
29.563536080,1,0
29.569992548,1,1
29.590163050,0,1
29.590174886,0,0
29.590217628,0,1
29.590259354,0,0
29.590300612,0,1
29.590342340,0,0
29.590383600,0,1
29.590406908,1,1
29.590426310,1,0
29.590467564,1,1
29.590489060,0,1
29.590509298,0,0
29.590550556,0,1
29.590573870,1,1
29.590593272,1,0
29.590634528,1,1
29.590677246,1,0
29.590718500,1,1
29.590739998,0,1
29.590760232,0,0
29.590801492,0,1
29.590843220,0,0
29.590886954,0,1
29.590928680,0,0
29.590966980,0,1
29.590990288,1,1
29.591009690,1,0
29.591054404,1,1
29.591072686,1,0
29.593991204,1,1
29.634775196,1,0
29.635044528,0,0
29.635820146,0,1
29.635934866,0,0
29.635936490,1,0
29.635976126,1,1
29.636017852,1,0
29.636019770,0,0
29.636059112,0,1
29.636101826,0,0
29.636103636,1,0
29.636143084,1,1
29.636184810,1,0
29.636226070,1,1
29.636267796,1,0
29.636269450,0,0
29.636309060,0,1
29.636351776,0,0
29.636353316,1,0
29.636393030,1,1
29.636434758,1,0
29.636476012,1,1
29.636517742,1,0
29.636558996,1,1
29.636602198,1,0
29.636643452,1,1
29.636686164,1,0
29.636727416,1,1
29.636760764,0,1
29.636774086,0,0
29.636815362,0,1
29.636838680,1,1
29.637110980,0,1
29.637122814,0,0
29.637165550,0,1
29.637207276,0,0
29.637248530,0,1
29.637271838,1,1
29.637291240,1,0
29.637332490,1,1
29.637353986,0,1
29.637374220,0,0
29.637415476,0,1
29.637438782,1,1
29.637458186,1,0
29.637499438,1,1
29.637542152,1,0
29.637583406,1,1
29.637626114,1,0
29.637667362,1,1
29.637710076,1,0
29.637751324,1,1
29.637794034,1,0
29.637837752,1,1
29.637880462,1,0
29.637918748,1,1
29.637961460,1,0
29.638006164,1,1
29.638019596,1,0
29.638288972,0,0
29.639064602,0,1
29.639106234,0,0
29.639147490,0,1
29.639190194,0,0
29.639231470,0,1
29.639274204,0,0
29.639275670,1,0
29.639315478,1,1
29.639357210,1,0
29.639358964,0,0
29.639398478,0,1
29.639441196,0,0
29.639482464,0,1
29.639525188,0,0
29.639566454,0,1
29.639609168,0,0
29.639650434,0,1
29.639693150,0,0
29.639734416,0,1
29.639778618,0,0
29.639819882,0,1
29.639859140,0,0
29.639860902,1,0
29.639900400,1,1
29.639933750,0,1
29.639947072,0,0
29.639988338,0,1
29.640011652,1,1
29.640351296,0,1
29.640363150,0,0
29.640405958,0,1
29.640447754,0,0
29.640489084,0,1
29.640512436,1,1
29.640531870,1,0
29.640573202,1,1
29.640594734,0,1
29.640615004,0,0
29.640656336,0,1
29.640679684,1,1
29.640699118,1,0
29.640740442,1,1
29.640783226,1,0
29.640824554,1,1
29.640867346,1,0
29.640908676,1,1
29.640951468,1,0
29.640992796,1,1
29.641035582,1,0
29.641079386,1,1
29.641122174,1,0
29.641160532,1,1
29.641203316,1,0
29.641248108,1,1
29.641261028,1,0
29.641262286,1,1
29.673897830,0,1
29.673909690,0,0
29.673952518,0,1
29.673994324,0,0
29.674035664,0,1
29.674077464,0,0
29.674118806,0,1
29.674160608,0,0
29.674201946,0,1
29.674243752,0,0
29.674285090,0,1
29.674308440,1,1
29.674327878,1,0
29.674369210,1,1
29.674412004,1,0
29.674453338,1,1
29.674496130,1,0
29.674537470,1,1
29.674580262,1,0
29.674624072,1,1
29.674666866,1,0
29.674705230,1,1
29.674748024,1,0
29.674792824,1,1
29.678439364,0,1
29.678451218,0,0
29.678494014,0,1
29.678517358,1,1
29.678536786,1,0
29.678578100,1,1
29.678620870,1,0
29.678662178,1,1
29.678683704,0,1
29.678703966,0,0
29.678745284,0,1
29.678787064,0,0
29.678828384,0,1
29.678851724,1,1
29.678871152,1,0
29.678912466,1,1
29.678955236,1,0
29.678996548,1,1
29.679018070,0,1
29.679038330,0,0
29.679079648,0,1
29.679121430,0,0
29.679165222,0,1
29.679188564,1,1
29.679207992,1,0
29.679246340,1,1
29.679289112,1,0
29.679333884,1,1
29.682979336,0,1
29.682991196,0,0
29.683034022,0,1
29.683075826,0,0
29.683117166,0,1
29.683158970,0,0
29.683200308,0,1
29.683242114,0,0
29.683283460,0,1
29.683325266,0,0
29.683366610,0,1
29.683389966,1,1
29.683409404,1,0
29.683450748,1,1
29.683493544,1,0
29.683534886,1,1
29.683577688,1,0
29.683619042,1,1
29.683661856,1,0
29.683705690,1,1
29.683748496,1,0
29.683786870,1,1
29.683829672,1,0
29.683874478,1,1
29.687522306,0,1
29.687534160,0,0
29.687576974,0,1
29.687618772,0,0
29.687660092,0,1
29.687701878,0,0
29.687743202,0,1
29.687766544,1,1
29.687785974,1,0
29.687827292,1,1
29.687848816,0,1
29.687869084,0,0
29.687910412,0,1
29.687933754,1,1
29.687953184,1,0
29.687994506,1,1
29.688037282,1,0
29.688078596,1,1
29.688100120,0,1
29.688120386,0,0
29.688161710,0,1
29.688203494,0,0
29.688247292,0,1
29.688289080,0,0
29.688327432,0,1
29.688350774,1,1
29.688370202,1,0
29.688414984,1,1
29.695966260,1,0
29.697992360,1,1
29.730761130,0,1
29.730772990,0,0
29.730815820,0,1
29.730839174,1,1
29.730858612,1,0
29.730899956,1,1
29.730942752,1,0
29.730984094,1,1
29.731005630,0,1
29.731025908,0,0
29.731067252,0,1
29.731109058,0,0
29.731150404,0,1
29.731173756,1,1
29.731193194,1,0
29.731234538,1,1
29.731277336,1,0
29.731318678,1,1
29.731340214,0,1
29.731360488,0,0
29.731401832,0,1
29.731443640,0,0
29.731487462,0,1
29.731510822,1,1
29.731530264,1,0
29.731568636,1,1
29.731611432,1,0
29.731656236,1,1
29.731674676,1,0
29.737991346,1,1
29.786425080,1,0
29.786698572,0,0
29.787474700,0,1
29.787597418,0,0
29.787599176,1,0
29.787638772,1,1
29.787680586,1,0
29.787682508,0,0
29.787721940,0,1
29.787764740,0,0
29.787766438,1,0
29.787806082,1,1
29.787847890,1,0
29.787889236,1,1
29.787931044,1,0
29.787932384,0,0
29.787972394,0,1
29.788015196,0,0
29.788017322,1,0
29.788056542,1,1
29.788098348,1,0
29.788139694,1,1
29.788181500,1,0
29.788222826,1,1
29.788266118,1,0
29.788307470,1,1
29.788350284,1,0
29.788391634,1,1
29.788425050,0,1
29.788438400,0,0
29.788479758,0,1
29.788503120,1,1
29.788775964,0,1
29.788787824,0,0
29.788830656,0,1
29.788872460,0,0
29.788913806,0,1
29.788937166,1,1
29.788956606,1,0
29.788997950,1,1
29.789019484,0,1
29.789039762,0,0
29.789081110,0,1
29.789104466,1,1
29.789123906,1,0
29.789165248,1,1
29.789208046,1,0
29.789249390,1,1
29.789292188,1,0
29.789333530,1,1
29.789376320,1,0
29.789417644,1,1
29.789460428,1,0
29.789504224,1,1
29.789547000,1,0
29.789585348,1,1
29.789628122,1,0
29.789672904,1,1
29.789687666,1,0
29.789961152,0,0
29.790737060,0,1
29.790781252,0,0
29.790822594,0,1
29.790865376,0,0
29.790906718,0,1
29.790949504,0,0
29.790990838,0,1
29.791033626,0,0
29.791074966,0,1
29.791117746,0,0
29.791159086,0,1
29.791201870,0,0
29.791243206,0,1
29.791285988,0,0
29.791327324,0,1
29.791370106,0,0
29.791411446,0,1
29.791455718,0,0
29.791457060,1,0
29.791497044,1,1
29.791539828,1,0
29.791581152,1,1
29.791614568,0,1
29.791627916,0,0
29.791669270,0,1
29.791692638,1,1
29.792037066,0,1
29.792048910,0,0
29.792091666,0,1
29.792133402,0,0
29.792174672,0,1
29.792197986,1,1
29.792217392,1,0
29.792258658,1,1
29.792280156,0,1
29.792300394,0,0
29.792341662,0,1
29.792364974,1,1
29.792384380,1,0
29.792425642,1,1
29.792468368,1,0
29.792509644,1,1
29.792552372,1,0
29.792593644,1,1
29.792636372,1,0
29.792677636,1,1
29.792720356,1,0
29.792764088,1,1
29.792806808,1,0
29.792845108,1,1
29.792887832,1,0
29.792932554,1,1
29.792945630,1,0
29.792946878,1,1
29.860905416,0,1
29.860917252,0,0
29.860959988,0,1
29.861001708,0,0
29.861042964,0,1
29.861084688,0,0
29.861125944,0,1
29.861167668,0,0
29.861208924,0,1
29.861250646,0,0
29.861291904,0,1
29.861315210,1,1
29.861334612,1,0
29.861375862,1,1
29.861418576,1,0
29.861459828,1,1
29.861502542,1,0
29.861543794,1,1
29.861586506,1,0
29.861630224,1,1
29.861672936,1,0
29.861711226,1,1
29.861753934,1,0
29.861798642,1,1
29.865438206,0,1
29.865450042,0,0
29.865492778,0,1
29.865516084,1,1
29.865535486,1,0
29.865576736,1,1
29.865619450,1,0
29.865660700,1,1
29.865682192,0,1
29.865702424,0,0
29.865743680,0,1
29.865785404,0,0
29.865826662,0,1
29.865849968,1,1
29.865869370,1,0
29.865910628,1,1
29.865953344,1,0
29.865994602,1,1
29.866016094,0,1
29.866036328,0,0
29.866077582,0,1
29.866119304,0,0
29.866163032,0,1
29.866186338,1,1
29.866205740,1,0
29.866244030,1,1
29.866286738,1,0
29.866331444,1,1
29.874340568,1,0
29.881991504,1,1
29.905932100,0,1
29.905943936,0,0
29.905986670,0,1
29.906009978,1,1
29.906029376,1,0
29.906070626,1,1
29.906113336,1,0
29.906154586,1,1
29.906176078,0,1
29.906196310,0,0
29.906237564,0,1
29.906279286,0,0
29.906320536,0,1
29.906343842,1,1
29.906363242,1,0
29.906404494,1,1
29.906447204,1,0
29.906488454,1,1
29.906509952,0,1
29.906530190,0,0
29.906571446,0,1
29.906613168,0,0
29.906656894,0,1
29.906680200,1,1
29.906699598,1,0
29.906737884,1,1
29.906780596,1,0
29.906825302,1,1
29.906843404,1,0
29.913990838,1,1
29.928038070,0,1
29.928049904,0,0
29.928092630,0,1
29.928134348,0,0
29.928175598,0,1
29.928217314,0,0
29.928258566,0,1
29.928281872,1,1
29.928301272,1,0
29.928342518,1,1
29.928364010,0,1
29.928384242,0,0
29.928425492,0,1
29.928448796,1,1
29.928468194,1,0
29.928509442,1,1
29.928552152,1,0
29.928593402,1,1
29.928614892,0,1
29.928635122,0,0
29.928676372,0,1
29.928718092,0,0
29.928761814,0,1
29.928803534,0,0
29.928841820,0,1
29.928865126,1,1
29.928884526,1,0
29.928929234,1,1
29.928947296,1,0
29.929998254,1,1
29.945955800,1,0
29.945959796,0,0
29.947004832,0,1
29.947114566,0,0
29.947116174,1,0
29.947155828,1,1
29.947197552,1,0
29.947199460,0,0
29.947238812,0,1
29.947281526,0,0
29.947283344,1,0
29.947322778,1,1
29.947364502,1,0
29.947405752,1,1
29.947447474,1,0
29.947449204,0,0
29.947488734,0,1
29.947531448,0,0
29.947533096,1,0
29.947572702,1,1
29.947614426,1,0
29.947655682,1,1
29.947697402,1,0
29.947738650,1,1
29.947781850,1,0
29.947823098,1,1
29.947865804,1,0
29.947907052,1,1
29.947940400,0,1
29.947953720,0,0
29.947994986,0,1
29.948018296,1,1
29.948290550,0,1
29.948302386,0,0
29.948345120,0,1
29.948386842,0,0
29.948428096,0,1
29.948451402,1,1
29.948470804,1,0
29.948512056,1,1
29.948533552,0,1
29.948553784,0,0
29.948595042,0,1
29.948618348,1,1
29.948637748,1,0
29.948679000,1,1
29.948721714,1,0
29.948762966,1,1
29.948805676,1,0
29.948846926,1,1
29.948889638,1,0
29.948930886,1,1
29.948973600,1,0
29.949017318,1,1
29.949060026,1,0
29.949098312,1,1
29.949141020,1,0
29.949185724,1,1
29.949200598,1,0
29.949473958,0,0
29.950249736,0,1
29.950292418,0,0
29.950333694,0,1
29.950376422,0,0
29.950417702,0,1
29.950460430,0,0
29.950461842,1,0
29.950501698,1,1
29.950543438,1,0
29.950545154,0,0
29.950584712,0,1
29.950627428,0,0
29.950668692,0,1
29.950711410,0,0
29.950752672,0,1
29.950795384,0,0
29.950836648,0,1
29.950879360,0,0
29.950920618,0,1
29.950964814,0,0
29.951006078,0,1
29.951045334,0,0
29.951047130,1,0
29.951086588,1,1
29.951119934,0,1
29.951133254,0,0
29.951174516,0,1
29.951197824,1,1
29.951537422,0,1
29.951549274,0,0
29.951592076,0,1
29.951633862,0,0
29.951675180,0,1
29.951698522,1,1
29.951717956,1,0
29.951759278,1,1
29.951780802,0,1
29.951801068,0,0
29.951842392,0,1
29.951865736,1,1
29.951885170,1,0
29.951926492,1,1
29.951969274,1,0
29.952010596,1,1
29.952053374,1,0
29.952094698,1,1
29.952137478,1,0
29.952178802,1,1
29.952221580,1,0
29.952265376,1,1
29.952308158,1,0
29.952346510,1,1
29.952389292,1,0
29.952434076,1,1
29.952446258,1,0
29.952447512,1,1
30.001339368,0,1
30.001351226,0,0
30.001394046,0,1
30.001435840,0,0
30.001477170,0,1
30.001518972,0,0
30.001560312,0,1
30.001602112,0,0
30.001643446,0,1
30.001685248,0,0
30.001726584,0,1
30.001749938,1,1
30.001769374,1,0
30.001810710,1,1
30.001853502,1,0
30.001894838,1,1
30.001937636,1,0
30.001978976,1,1
30.002021766,1,0
30.002065578,1,1
30.002108370,1,0
30.002146732,1,1
30.002189524,1,0
30.002234320,1,1
30.005881776,0,1
30.005893636,0,0
30.005936458,0,1
30.005978256,0,0
30.006019594,0,1
30.006061394,0,0
30.006102730,0,1
30.006126084,1,1
30.006145520,1,0
30.006186852,1,1
30.006208382,0,1
30.006228654,0,0
30.006269992,0,1
30.006293344,1,1
30.006312778,1,0
30.006354110,1,1
30.006396904,1,0
30.006438236,1,1
30.006459768,0,1
30.006480040,0,0
30.006521382,0,1
30.006563188,0,0
30.006607000,0,1
30.006648804,0,0
30.006687176,0,1
30.006710526,1,1
30.006729962,1,0
30.006774758,1,1
30.014536340,1,0
30.017997324,1,1
30.019287410,0,1
30.019299268,0,0
30.019342090,0,1
30.019383890,0,0
30.019425226,0,1
30.019467028,0,0
30.019508370,0,1
30.019550174,0,0
30.019591510,0,1
30.019633316,0,0
30.019674656,0,1
30.019698010,1,1
30.019717446,1,0
30.019758782,1,1
30.019801578,1,0
30.019842912,1,1
30.019885708,1,0
30.019927040,1,1
30.019969834,1,0
30.020013644,1,1
30.020056434,1,0
30.020094798,1,1
30.020137588,1,0
30.020182388,1,1
30.023828942,0,1
30.023840802,0,0
30.023883620,0,1
30.023906972,1,1
30.023926410,1,0
30.023967746,1,1
30.024010538,1,0
30.024051874,1,1
30.024073406,0,1
30.024093678,0,0
30.024135016,0,1
30.024176814,0,0
30.024218152,0,1
30.024241506,1,1
30.024260942,1,0
30.024302276,1,1
30.024345072,1,0
30.024386404,1,1
30.024407938,0,1
30.024428208,0,0
30.024469548,0,1
30.024511356,0,0
30.024555168,0,1
30.024578516,1,1
30.024597954,1,0
30.024636314,1,1
30.024679104,1,0
30.024723898,1,1
30.032063718,1,0
30.033991946,1,1
30.080620672,0,1
30.080632530,0,0
30.080675346,0,1
30.080698696,1,1
30.080718130,1,0
30.080759460,1,1
30.080802248,1,0
30.080843586,1,1
30.080865116,0,1
30.080885390,0,0
30.080926726,0,1
30.080968530,0,0
30.081009868,0,1
30.081033222,1,1
30.081052658,1,0
30.081093992,1,1
30.081136786,1,0
30.081178118,1,1
30.081199654,0,1
30.081219928,0,0
30.081261270,0,1
30.081303070,0,0
30.081346884,0,1
30.081370238,1,1
30.081389674,1,0
30.081428036,1,1
30.081470822,1,0
30.081515620,1,1
30.081533420,1,0
30.081990970,1,1
30.097159594,0,1
30.097171448,0,0
30.097214254,0,1
30.097256038,0,0
30.097297358,0,1
30.097339140,0,0
30.097380460,0,1
30.097403802,1,1
30.097423230,1,0
30.097464550,1,1
30.097486078,0,1
30.097506344,0,0
30.097547668,0,1
30.097571012,1,1
30.097590442,1,0
30.097631764,1,1
30.097674536,1,0
30.097715854,1,1
30.097737380,0,1
30.097757644,0,0
30.097798964,0,1
30.097840744,0,0
30.097884542,0,1
30.097926328,0,0
30.097964688,0,1
30.097988036,1,1
30.098007466,1,0
30.098052250,1,1
30.098070938,1,0
30.105990496,1,1
30.122289648,1,0
30.122563168,0,0
30.123339280,0,1
30.123457302,0,0
30.123458744,1,0
30.123498648,1,1
30.123540462,1,0
30.123542080,0,0
30.123581816,0,1
30.123624618,0,0
30.123626018,1,0
30.123665964,1,1
30.123707774,1,0
30.123749118,1,1
30.123790922,1,0
30.123792970,0,0
30.123832274,0,1
30.123875066,0,0
30.123876898,1,0
30.123916404,1,1
30.123958212,1,0
30.123999552,1,1
30.124041358,1,0
30.124082696,1,1
30.124125988,1,0
30.124167324,1,1
30.124210116,1,0
30.124251452,1,1
30.124284862,0,1
30.124298208,0,0
30.124339560,0,1
30.124362922,1,1
30.124635754,0,1
30.124647616,0,0
30.124690446,0,1
30.124732256,0,0
30.124773604,0,1
30.124796958,1,1
30.124816400,1,0
30.124857746,1,1
30.124879282,0,1
30.124899558,0,0
30.124940902,0,1
30.124964258,1,1
30.124983698,1,0
30.125025042,1,1
30.125067842,1,0
30.125109182,1,1
30.125151980,1,0
30.125193320,1,1
30.125236114,1,0
30.125277452,1,1
30.125320248,1,0
30.125364060,1,1
30.125406858,1,0
30.125445226,1,1
30.125488012,1,0
30.125532814,1,1
30.125548344,1,0
30.125817830,0,0
30.126593854,0,1
30.126635120,0,0
30.126676474,0,1
30.126719278,0,0
30.126760634,0,1
30.126803434,0,0
30.126844790,0,1
30.126887592,0,0
30.126928944,0,1
30.126971750,0,0
30.127013106,0,1
30.127055908,0,0
30.127097262,0,1
30.127140066,0,0
30.127181420,0,1
30.127224224,0,0
30.127265578,0,1
30.127309862,0,0
30.127312038,1,0
30.127351206,1,1
30.127394012,1,0
30.127435352,1,1
30.127468764,0,1
30.127482114,0,0
30.127523466,0,1
30.127546824,1,1
30.127891220,0,1
30.127903064,0,0
30.127945822,0,1
30.127987560,0,0
30.128028836,0,1
30.128052154,1,1
30.128071562,1,0
30.128112828,1,1
30.128134328,0,1
30.128154568,0,0
30.128195836,0,1
30.128219150,1,1
30.128238552,1,0
30.128279818,1,1
30.128322540,1,0
30.128363800,1,1
30.128406520,1,0
30.128447782,1,1
30.128490500,1,0
30.128531770,1,1
30.128574492,1,0
30.128618218,1,1
30.128660934,1,0
30.128699230,1,1
30.128741934,1,0
30.128786636,1,1
30.128798618,1,0
30.128799868,1,1
30.170212392,0,1
30.170224228,0,0
30.170266958,0,1
30.170308674,0,0
30.170349928,0,1
30.170391648,0,0
30.170432898,0,1
30.170474622,0,0
30.170515880,0,1
30.170557602,0,0
30.170598854,0,1
30.170622156,1,1
30.170641558,1,0
30.170682804,1,1
30.170725510,1,0
30.170766758,1,1
30.170809462,1,0
30.170850704,1,1
30.170893412,1,0
30.170937128,1,1
30.170979830,1,0
30.171018116,1,1
30.171060818,1,0
30.171105508,1,1
30.174745702,0,1
30.174757538,0,0
30.174800272,0,1
30.174841994,0,0
30.174883244,0,1
30.174924966,0,0
30.174966218,0,1
30.174989524,1,1
30.175008924,1,0
30.175050174,1,1
30.175071668,0,1
30.175091904,0,0
30.175133162,0,1
30.175156466,1,1
30.175175866,1,0
30.175217118,1,1
30.175259828,1,0
30.175301076,1,1
30.175322570,0,1
30.175342802,0,0
30.175384056,0,1
30.175425774,0,0
30.175469500,0,1
30.175511220,0,0
30.175549510,0,1
30.175572814,1,1
30.175592214,1,0
30.175636914,1,1
30.183638640,1,0
30.185990430,1,1
30.203106820,0,1
30.203118654,0,0
30.203161386,0,1
30.203203108,0,0
30.203244360,0,1
30.203286082,0,0
30.203327336,0,1
30.203369056,0,0
30.203410312,0,1
30.203452032,0,0
30.203493286,0,1
30.203516594,1,1
30.203535994,1,0
30.203577244,1,1
30.203619950,1,0
30.203661200,1,1
30.203703904,1,0
30.203745148,1,1
30.203787858,1,0
30.203831578,1,1
30.203874286,1,0
30.203912574,1,1
30.203955284,1,0
30.203999986,1,1
30.207639232,0,1
30.207651066,0,0
30.207693796,0,1
30.207717100,1,1
30.207736500,1,0
30.207777750,1,1
30.207820458,1,0
30.207861706,1,1
30.207883200,0,1
30.207903430,0,0
30.207944682,0,1
30.207986402,0,0
30.208027654,0,1
30.208050960,1,1
30.208070360,1,0
30.208111610,1,1
30.208154320,1,0
30.208195566,1,1
30.208217058,0,1
30.208237290,0,0
30.208278540,0,1
30.208320258,0,0
30.208363978,0,1
30.208387282,1,1
30.208406682,1,0
30.208444964,1,1
30.208487672,1,0
30.208532382,1,1
30.216623636,1,0
30.217991592,1,1
30.234763740,0,1
30.234775574,0,0
30.234818296,0,1
30.234841596,1,1
30.234860994,1,0
30.234902236,1,1
30.234944938,1,0
30.234986184,1,1
30.235007676,0,1
30.235027906,0,0
30.235069152,0,1
30.235110870,0,0
30.235152122,0,1
30.235175422,1,1
30.235194820,1,0
30.235236066,1,1
30.235278766,1,0
30.235320008,1,1
30.235341498,0,1
30.235361726,0,0
30.235402974,0,1
30.235444686,0,0
30.235488404,0,1
30.235511710,1,1
30.235531110,1,0
30.235569392,1,1
30.235612096,1,0
30.235656800,1,1
30.235676100,1,0
30.241990880,1,1
30.259037644,1,0
30.259306944,0,0
30.260082590,0,1
30.260307884,0,0
30.260309742,1,0
30.260349136,1,1
30.260390856,1,0
30.260392020,0,0
30.260432118,0,1
30.260474824,0,0
30.260476908,1,0
30.260516080,1,1
30.260557808,1,0
30.260599060,1,1
30.260640782,1,0
30.260642766,0,0
30.260682044,0,1
30.260724752,0,0
30.260726634,1,0
30.260765996,1,1
30.260807720,1,0
30.260848964,1,1
30.260890678,1,0
30.260931926,1,1
30.260975126,1,0
30.261016368,1,1
30.261059076,1,0
30.261100326,1,1
30.261133668,0,1
30.261146986,0,0
30.261188252,0,1
30.261211564,1,1
30.261483794,0,1
30.261495630,0,0
30.261538362,0,1
30.261580086,0,0
30.261621340,0,1
30.261644642,1,1
30.261664044,1,0
30.261705294,1,1
30.261726786,0,1
30.261747018,0,0
30.261788268,0,1
30.261811572,1,1
30.261830972,1,0
30.261872220,1,1
30.261914930,1,0
30.261956180,1,1
30.261998886,1,0
30.262040130,1,1
30.262082834,1,0
30.262124082,1,1
30.262166786,1,0
30.262210500,1,1
30.262253208,1,0
30.262291492,1,1
30.262334196,1,0
30.262378900,1,1
30.262390972,1,0
30.262664282,0,0
30.263439796,0,1
30.263478848,0,0
30.263520118,0,1
30.263562838,0,0
30.263604104,0,1
30.263646822,0,0
30.263648834,1,0
30.263688080,1,1
30.263729802,1,0
30.263731098,0,0
30.263771054,0,1
30.263813760,0,0
30.263855018,0,1
30.263897728,0,0
30.263938990,0,1
30.263981704,0,0
30.264022964,0,1
30.264065676,0,0
30.264106934,0,1
30.264151124,0,0
30.264192382,0,1
30.264231636,0,0
30.264233018,1,0
30.264272884,1,1
30.264306230,0,1
30.264319552,0,0
30.264360818,0,1
30.264384124,1,1
30.264723718,0,1
30.264735572,0,0
30.264778372,0,1
30.264820154,0,0
30.264861474,0,1
30.264884820,1,1
30.264904250,1,0
30.264945568,1,1
30.264967100,0,1
30.264987368,0,0
30.265028696,0,1
30.265052040,1,1
30.265071472,1,0
30.265112798,1,1
30.265155580,1,0
30.265196902,1,1
30.265239684,1,0
30.265281010,1,1
30.265323786,1,0
30.265365108,1,1
30.265407886,1,0
30.265451676,1,1
30.265494452,1,0
30.265532808,1,1
30.265575590,1,0
30.265620376,1,1
30.265632132,1,0
30.265633382,1,1
30.355424498,0,1
30.355436356,0,0
30.355479176,0,1
30.355520978,0,0
30.355562314,0,1
30.355604118,0,0
30.355645452,0,1
30.355687254,0,0
30.355728592,0,1
30.355770392,0,0
30.355811734,0,1
30.355835086,1,1
30.355854520,1,0
30.355895854,1,1
30.355938648,1,0
30.355979984,1,1
30.356022776,1,0
30.356064114,1,1
30.356106906,1,0
30.356150716,1,1
30.356193506,1,0
30.356231866,1,1
30.356274640,1,0
30.356319438,1,1
30.359965952,0,1
30.359977808,0,0
30.360020626,0,1
30.360043974,1,1
30.360063406,1,0
30.360104734,1,1
30.360147526,1,0
30.360188858,1,1
30.360210388,0,1
30.360230660,0,0
30.360271996,0,1
30.360313796,0,0
30.360355128,0,1
30.360378474,1,1
30.360397906,1,0
30.360439238,1,1
30.360482024,1,0
30.360523354,1,1
30.360544888,0,1
30.360565158,0,0
30.360606488,0,1
30.360648284,0,0
30.360692092,0,1
30.360715446,1,1
30.360734880,1,0
30.360773240,1,1
30.360816030,1,0
30.360860820,1,1
30.368204354,1,0
30.369991048,1,1
30.410768594,1,0
30.411037996,0,0
30.411814014,0,1
30.412147784,0,0
30.412150050,1,0
30.412189126,1,1
30.412230928,1,0
30.412232358,0,0
30.412272266,0,1
30.412315058,0,0
30.412317262,1,0
30.412356390,1,1
30.412398192,1,0
30.412439524,1,1
30.412481328,1,0
30.412483148,0,0
30.412522674,0,1
30.412565468,0,0
30.412567056,1,0
30.412606810,1,1
30.412648614,1,0
30.412689954,1,1
30.412731760,1,0
30.412773096,1,1
30.412816382,1,0
30.412857718,1,1
30.412900510,1,0
30.412941846,1,1
30.412975258,0,1
30.412988606,0,0
30.413029962,0,1
30.413053316,1,1
30.413326114,0,1
30.413337972,0,0
30.413380798,0,1
30.413422602,0,0
30.413463944,0,1
30.413487298,1,1
30.413506738,1,0
30.413548092,1,1
30.413569638,0,1
30.413589924,0,0
30.413631294,0,1
30.413654662,1,1
30.413674108,1,0
30.413715464,1,1
30.413758284,1,0
30.413799642,1,1
30.413842452,1,0
30.413883810,1,1
30.413926626,1,0
30.413967986,1,1
30.414010806,1,0
30.414054628,1,1
30.414097426,1,0
30.414135792,1,1
30.414178582,1,0
30.414223372,1,1
30.414236418,1,0
30.414509940,0,0
30.415285938,0,1
30.415325594,0,0
30.415366946,0,1
30.415409744,0,0
30.415451098,0,1
30.415493896,0,0
30.415535246,0,1
30.415578042,0,0
30.415619390,0,1
30.415662186,0,0
30.415703536,0,1
30.415746332,0,0
30.415787680,0,1
30.415830470,0,0
30.415871820,0,1
30.415914610,0,0
30.415955958,0,1
30.416000238,0,0
30.416002016,1,0
30.416041574,1,1
30.416084366,1,0
30.416125704,1,1
30.416159112,0,1
30.416172458,0,0
30.416213804,0,1
30.416237160,1,1
30.416581522,0,1
30.416593362,0,0
30.416636116,0,1
30.416677842,0,0
30.416719098,0,1
30.416742414,1,1
30.416761822,1,0
30.416803102,1,1
30.416824608,0,1
30.416844856,0,0
30.416886128,0,1
30.416909444,1,1
30.416928850,1,0
30.416970114,1,1
30.417012832,1,0
30.417054094,1,1
30.417096808,1,0
30.417138062,1,1
30.417180778,1,0
30.417222040,1,1
30.417264754,1,0
30.417308486,1,1
30.417351204,1,0
30.417389496,1,1
30.417432214,1,0
30.417476926,1,1
30.417490402,1,0
30.417491652,1,1
30.430133216,0,1
30.430145054,0,0
30.430187788,0,1
30.430211092,1,1
30.430230496,1,0
30.430271752,1,1
30.430314468,1,0
30.430355722,1,1
30.430377216,0,1
30.430397452,0,0
30.430438714,0,1
30.430480436,0,0
30.430521698,0,1
30.430545008,1,1
30.430564410,1,0
30.430605662,1,1
30.430648376,1,0
30.430689632,1,1
30.430711124,0,1
30.430731358,0,0
30.430772610,0,1
30.430814338,0,0
30.430858064,0,1
30.430881370,1,1
30.430900774,1,0
30.430939064,1,1
30.430981776,1,0
30.431026482,1,1
30.431044794,1,0
30.433990426,1,1
30.441129242,0,1
30.441141080,0,0
30.441183818,0,1
30.441225542,0,0
30.441266798,0,1
30.441308522,0,0
30.441349776,0,1
30.441373082,1,1
30.441392486,1,0
30.441433736,1,1
30.441455232,0,1
30.441475464,0,0
30.441516724,0,1
30.441540030,1,1
30.441559432,1,0
30.441600688,1,1
30.441643400,1,0
30.441684652,1,1
30.441706144,0,1
30.441726378,0,0
30.441767630,0,1
30.441809354,0,0
30.441853076,0,1
30.441894796,0,0
30.441933092,0,1
30.441956402,1,1
30.441975804,1,0
30.442020512,1,1
30.442039430,1,0
30.449989926,1,1
30.510309962,0,1
30.510321794,0,0
30.510364518,0,1
30.510406232,0,0
30.510447476,0,1
30.510489192,0,0
30.510530442,0,1
30.510572156,0,0
30.510613402,0,1
30.510655118,0,0
30.510696362,0,1
30.510719668,1,1
30.510739066,1,0
30.510780308,1,1
30.510823012,1,0
30.510864254,1,1
30.510906958,1,0
30.510948202,1,1
30.510990908,1,0
30.511034622,1,1
30.511077326,1,0
30.511115604,1,1
30.511158304,1,0
30.511203004,1,1
30.514843272,0,1
30.514855108,0,0
30.514897838,0,1
30.514939558,0,0
30.514980810,0,1
30.515022524,0,0
30.515063778,0,1
30.515087082,1,1
30.515106484,1,0
30.515147728,1,1
30.515169218,0,1
30.515189448,0,0
30.515230696,0,1
30.515253996,1,1
30.515273394,1,0
30.515314634,1,1
30.515357342,1,0
30.515398584,1,1
30.515420076,0,1
30.515440310,0,0
30.515481564,0,1
30.515523292,0,0
30.515567016,0,1
30.515608736,0,0
30.515647026,0,1
30.515670330,1,1
30.515689728,1,0
30.515734432,1,1
30.522537792,0,1
30.522549628,0,0
30.522592358,0,1
30.522634074,0,0
30.522675324,0,1
30.522717044,0,0
30.522758294,0,1
30.522800012,0,0
30.522841262,0,1
30.522882978,0,0
30.522924224,0,1
30.522947528,1,1
30.522966928,1,0
30.523008168,1,1
30.523050874,1,0
30.523092120,1,1
30.523134824,1,0
30.523176068,1,1
30.523218772,1,0
30.523262486,1,1
30.523305188,1,0
30.523343468,1,1
30.523386174,1,0
30.523430870,1,1
30.527069796,0,1
30.527081630,0,0
30.527124354,0,1
30.527147654,1,1
30.527167052,1,0
30.527208292,1,1
30.527250990,1,0
30.527292232,1,1
30.527313722,0,1
30.527333952,0,0
30.527375198,0,1
30.527416918,0,0
30.527458164,0,1
30.527481464,1,1
30.527500864,1,0
30.527542112,1,1
30.527584816,1,0
30.527626060,1,1
30.527647552,0,1
30.527667782,0,0
30.527709030,0,1
30.527750742,0,0
30.527794456,0,1
30.527817762,1,1
30.527837158,1,0
30.527875438,1,1
30.527918148,1,0
30.527962846,1,1
30.535198908,1,0
30.537990084,1,1
50.969182208,1,1
