Time [s],Channel 0,Channel 1
0.000000000,1,1
29.608416196,0,1
29.608427990,0,0
29.608470554,0,1
29.608512128,0,0
29.608553214,0,1
29.608594808,0,0
29.608635906,0,1
29.608659122,1,1
29.608678466,1,0
29.608719554,1,1
29.608762126,1,0
29.608803218,1,1
29.608845790,1,0
29.608886882,1,1
29.608929454,1,0
29.608970546,1,1
29.608991978,0,1
29.609012140,0,0
29.609053234,0,1
29.609094830,0,0
29.609138394,0,1
29.609161618,1,1
29.609180966,1,0
29.609219108,1,1
29.609261688,1,0
29.609306230,1,1
29.609324664,1,0
29.610421780,1,1
29.630444974,0,1
29.630456770,0,0
29.630499340,0,1
29.630522564,1,1
29.630541914,1,0
29.630583010,1,1
29.630625592,1,0
29.630666686,1,1
29.630688120,0,1
29.630708284,0,0
29.630749382,0,1
29.630790978,0,0
29.630832078,0,1
29.630873674,0,0
29.630914772,0,1
29.630956366,0,0
29.630997464,0,1
29.631020692,1,1
29.631040040,1,0
29.631081136,1,1
29.631102568,0,1
29.631122734,0,0
29.631166294,0,1
29.631207886,0,0
29.631246030,0,1
29.631269256,1,1
29.631288604,1,0
29.631333138,1,1
29.631351484,1,0
29.634421924,1,1
29.732427144,0,1
29.732438940,0,0
29.732481510,0,1
29.732523102,0,0
29.732564202,0,1
29.732605798,0,0
29.732646904,0,1
29.732688500,0,0
29.732729604,0,1
29.732771200,0,0
29.732812302,0,1
29.732835528,1,1
29.732854878,1,0
29.732895974,1,1
29.732938552,1,0
29.732979646,1,1
29.733022226,1,0
29.733063324,1,1
29.733105906,1,0
29.733149462,1,1
29.733192040,1,0
29.733230180,1,1
29.733272756,1,0
29.733317288,1,1
29.736945158,0,1
29.736956952,0,0
29.736999518,0,1
29.737022740,1,1
29.737042086,1,0
29.737083178,1,1
29.737125750,1,0
29.737166840,1,1
29.737188274,0,1
29.737208436,0,0
29.737249536,0,1
29.737291130,0,0
29.737332232,0,1
29.737373822,0,0
29.737414920,0,1
29.737456516,0,0
29.737497612,0,1
29.737520840,1,1
29.737540188,1,0
29.737581284,1,1
29.737602716,0,1
29.737622878,0,0
29.737666432,0,1
29.737708026,0,0
29.737746172,0,1
29.737769396,1,1
29.737788744,1,0
29.737833284,1,1
29.744613406,0,1
29.744625202,0,0
29.744667772,0,1
29.744709360,0,0
29.744750454,0,1
29.744792044,0,0
29.744833140,0,1
29.744874730,0,0
29.744915828,0,1
29.744957420,0,0
29.744998518,0,1
29.745021744,1,1
29.745041092,1,0
29.745082186,1,1
29.745124760,1,0
29.745165852,1,1
29.745208422,1,0
29.745249512,1,1
29.745292086,1,0
29.745335636,1,1
29.745378208,1,0
29.745416344,1,1
29.745458922,1,0
29.745503460,1,1
29.749130324,0,1
29.749142120,0,0
29.749184692,0,1
29.749226284,0,0
29.749267380,0,1
29.749308970,0,0
29.749350070,0,1
29.749373296,1,1
29.749392644,1,0
29.749433740,1,1
29.749476318,1,0
29.749517416,1,1
29.749559990,1,0
29.749601088,1,1
29.749643662,1,0
29.749684752,1,1
29.749706184,0,1
29.749726346,0,0
29.749767446,0,1
29.749809034,0,0
29.749852590,0,1
29.749875814,1,1
29.749895162,1,0
29.749933300,1,1
29.749975870,1,0
29.750020406,1,1
29.758087420,1,0
29.762421832,1,1
29.781493540,0,1
29.781505334,0,0
29.781547908,0,1
29.781571132,1,1
29.781590482,1,0
29.781631578,1,1
29.781674152,1,0
29.781715246,1,1
29.781736678,0,1
29.781756840,0,0
29.781797934,0,1
29.781839524,0,0
29.781880622,0,1
29.781922214,0,0
29.781963314,0,1
29.782004908,0,0
29.782046004,0,1
29.782069230,1,1
29.782088578,1,0
29.782129674,1,1
29.782151108,0,1
29.782171270,0,0
29.782214828,0,1
29.782256422,0,0
29.782294564,0,1
29.782317788,1,1
29.782337138,1,0
29.782381682,1,1
29.782399472,1,0
29.786423078,1,1
29.811636292,0,1
29.811648084,0,0
29.811690654,0,1
29.811732238,0,0
29.811773332,0,1
29.811814916,0,0
29.811856006,0,1
29.811879228,1,1
29.811898574,1,0
29.811939658,1,1
29.811982228,1,0
29.812023318,1,1
29.812065888,1,0
29.812106974,1,1
29.812149548,1,0
29.812190638,1,1
29.812212066,0,1
29.812232226,0,0
29.812273320,0,1
29.812314904,0,0
29.812358458,0,1
29.812381680,1,1
29.812401026,1,0
29.812439164,1,1
29.812481732,1,0
29.812526264,1,1
29.812544618,1,0
29.818421710,1,1
29.887195050,0,1
29.887206846,0,0
29.887249420,0,1
29.887291014,0,0
29.887332116,0,1
29.887373708,0,0
29.887414810,0,1
29.887456402,0,0
29.887497504,0,1
29.887539098,0,0
29.887580196,0,1
29.887603424,1,1
29.887622774,1,0
29.887663870,1,1
29.887706450,1,0
29.887747546,1,1
29.887790122,1,0
29.887831218,1,1
29.887873792,1,0
29.887917350,1,1
29.887959924,1,0
29.887998060,1,1
29.888040638,1,0
29.888085186,1,1
29.891712986,0,1
29.891724780,0,0
29.891767352,0,1
29.891790570,1,1
29.891809918,1,0
29.891851014,1,1
29.891893586,1,0
29.891934680,1,1
29.891956112,0,1
29.891976276,0,0
29.892017372,0,1
29.892058960,0,0
29.892100066,0,1
29.892141652,0,0
29.892182746,0,1
29.892224334,0,0
29.892265430,0,1
29.892288652,1,1
29.892308000,1,0
29.892349094,1,1
29.892370526,0,1
29.892390688,0,0
29.892434244,0,1
29.892475834,0,0
29.892513982,0,1
29.892537204,1,1
29.892556554,1,0
29.892601096,1,1
29.900197410,1,0
29.906420730,1,1
29.920046312,0,1
29.920058106,0,0
29.920100678,0,1
29.920142272,0,0
29.920183372,0,1
29.920224962,0,0
29.920266062,0,1
29.920307656,0,0
29.920348754,0,1
29.920390346,0,0
29.920431448,0,1
29.920454668,1,1
29.920474016,1,0
29.920515112,1,1
29.920557688,1,0
29.920598782,1,1
29.920641356,1,0
29.920682450,1,1
29.920725024,1,0
29.920768576,1,1
29.920811156,1,0
29.920849294,1,1
29.920891866,1,0
29.920936404,1,1
29.924563402,0,1
29.924575202,0,0
29.924617788,0,1
29.924659390,0,0
29.924700500,0,1
29.924742104,0,0
29.924783216,0,1
29.924806444,1,1
29.924825796,1,0
29.924866904,1,1
29.924909490,1,0
29.924950596,1,1
29.924993186,1,0
29.925034292,1,1
29.925076884,1,0
29.925117992,1,1
29.925139432,0,1
29.925159604,0,0
29.925200710,0,1
29.925242314,0,0
29.925285890,0,1
29.925309118,1,1
29.925328468,1,0
29.925366614,1,1
29.925409192,1,0
29.925453728,1,1
29.933147698,1,0
29.938421440,1,1
29.962253584,0,1
29.962265378,0,0
29.962307954,0,1
29.962349552,0,0
29.962390658,0,1
29.962432256,0,0
29.962473364,0,1
29.962496594,1,1
29.962515944,1,0
29.962557044,1,1
29.962599626,1,0
29.962640724,1,1
29.962683300,1,0
29.962724394,1,1
29.962766972,1,0
29.962808060,1,1
29.962829494,0,1
29.962849656,0,0
29.962890758,0,1
29.962932352,0,0
29.962975914,0,1
29.962999146,1,1
29.963018496,1,0
29.963056644,1,1
29.963099224,1,0
29.963143770,1,1
29.963162322,1,0
29.970421164,1,1
30.077145982,0,1
30.077157776,0,0
30.077200352,0,1
30.077241940,0,0
30.077283036,0,1
30.077324630,0,0
30.077365724,0,1
30.077407314,0,0
30.077448410,0,1
30.077490000,0,0
30.077531092,0,1
30.077554318,1,1
30.077573666,1,0
30.077614758,1,1
30.077657332,1,0
30.077698428,1,1
30.077741004,1,0
30.077782094,1,1
30.077824670,1,0
30.077868218,1,1
30.077910792,1,0
30.077948934,1,1
30.077991508,1,0
30.078036040,1,1
30.081662678,0,1
30.081674474,0,0
30.081717044,0,1
30.081758634,0,0
30.081799734,0,1
30.081841322,0,0
30.081882422,0,1
30.081905648,1,1
30.081924994,1,0
30.081966086,1,1
30.082008660,1,0
30.082049754,1,1
30.082092332,1,0
30.082133428,1,1
30.082176008,1,0
30.082217104,1,1
30.082238536,0,1
30.082258700,0,0
30.082299800,0,1
30.082341396,0,0
30.082384964,0,1
30.082408194,1,1
30.082427542,1,0
30.082465688,1,1
30.082508262,1,0
30.082552804,1,1
30.090708192,1,0
30.098420990,1,1
30.140670226,0,1
30.140682022,0,0
30.140724596,0,1
30.140766190,0,0
30.140807294,0,1
30.140848886,0,0
30.140889986,0,1
30.140913212,1,1
30.140932562,1,0
30.140973658,1,1
30.141016240,1,0
30.141057336,1,1
30.141099920,1,0
30.141141020,1,1
30.141183600,1,0
30.141224694,1,1
30.141246128,0,1
30.141266292,0,0
30.141307394,0,1
30.141348988,0,0
30.141392552,0,1
30.141415778,1,1
30.141435128,1,0
30.141473270,1,1
30.141515848,1,0
30.141560390,1,1
30.141578974,1,0
30.146420094,1,1
30.164973572,0,1
30.164985368,0,0
30.165027942,0,1
30.165051164,1,1
30.165070514,1,0
30.165111614,1,1
30.165133046,0,1
30.165153208,0,0
30.165194308,0,1
30.165217534,1,1
30.165236882,1,0
30.165277982,1,1
30.165299414,0,1
30.165319578,0,0
30.165360678,0,1
30.165383902,1,1
30.165403250,1,0
30.165444346,1,1
30.165486918,1,0
30.165528012,1,1
30.165549446,0,1
30.165569610,0,0
30.165610708,0,1
30.165652304,0,0
30.165695866,0,1
30.165719090,1,1
30.165738440,1,0
30.165776588,1,1
30.165819166,1,0
30.165863708,1,1
30.165881906,1,0
30.170420838,1,1
30.230339554,0,1
30.230351348,0,0
30.230393918,0,1
30.230435502,0,0
30.230476600,0,1
30.230518190,0,0
30.230559290,0,1
30.230600880,0,0
30.230641980,0,1
30.230683570,0,0
30.230724662,0,1
30.230747884,1,1
30.230767234,1,0
30.230808328,1,1
30.230850904,1,0
30.230891994,1,1
30.230934570,1,0
30.230975660,1,1
30.231018232,1,0
30.231061786,1,1
30.231104364,1,0
30.231142502,1,1
30.231185076,1,0
30.231229612,1,1
30.234856684,0,1
30.234868480,0,0
30.234911054,0,1
30.234952646,0,0
30.234993750,0,1
30.235035342,0,0
30.235076446,0,1
30.235099676,1,1
30.235119028,1,0
30.235160128,1,1
30.235202712,1,0
30.235243812,1,1
30.235286392,1,0
30.235327486,1,1
30.235370066,1,0
30.235411158,1,1
30.235432592,0,1
30.235452754,0,0
30.235493854,0,1
30.235535448,0,0
30.235579006,0,1
30.235602232,1,1
30.235621582,1,0
30.235659726,1,1
30.235702306,1,0
30.235746848,1,1
30.239374044,0,1
30.239385840,0,0
30.239428418,0,1
30.239470014,0,0
30.239511114,0,1
30.239552714,0,0
30.239593816,0,1
30.239635410,0,0
30.239676510,0,1
30.239718104,0,0
30.239759204,0,1
30.239782428,1,1
30.239801780,1,0
30.239842876,1,1
30.239885452,1,0
30.239926546,1,1
30.239969124,1,0
30.240010218,1,1
30.240052794,1,0
30.240096354,1,1
30.240138936,1,0
30.240177078,1,1
30.240219658,1,0
30.240264198,1,1
30.243891188,0,1
30.243902986,0,0
30.243945560,0,1
30.243968784,1,1
30.243988134,1,0
30.244029232,1,1
30.244050666,0,1
30.244070828,0,0
30.244111928,0,1
30.244135156,1,1
30.244154506,1,0
30.244195598,1,1
30.244217034,0,1
30.244237194,0,0
30.244278294,0,1
30.244301520,1,1
30.244320870,1,0
30.244361964,1,1
30.244404544,1,0
30.244445642,1,1
30.244467072,0,1
30.244487234,0,0
30.244528336,0,1
30.244569932,0,0
30.244613490,0,1
30.244636718,1,1
30.244656068,1,0
30.244694214,1,1
30.244736788,1,0
30.244781328,1,1
30.252376908,1,0
30.258420300,1,1
30.289885416,0,1
30.289897210,0,0
30.289939782,0,1
30.289981366,0,0
30.290022462,0,1
30.290064058,0,0
30.290105160,0,1
30.290128386,1,1
30.290147734,1,0
30.290188828,1,1
30.290231404,1,0
30.290272498,1,1
30.290315076,1,0
30.290356172,1,1
30.290398752,1,0
30.290439852,1,1
30.290461282,0,1
30.290481444,0,0
30.290522540,0,1
30.290564130,0,0
30.290607688,0,1
30.290630908,1,1
30.290650256,1,0
30.290688398,1,1
30.290730976,1,0
30.290775516,1,1
30.290793370,1,0
30.298420336,1,1
30.301273388,0,1
30.301285186,0,0
30.301327766,0,1
30.301350990,1,1
30.301370342,1,0
30.301411438,1,1
30.301454024,1,0
30.301495120,1,1
30.301516556,0,1
30.301536722,0,0
30.301577826,0,1
30.301619422,0,0
30.301660524,0,1
30.301702122,0,0
30.301743222,0,1
30.301784820,0,0
30.301825934,0,1
30.301849162,1,1
30.301868514,1,0
30.301909612,1,1
30.301931050,0,1
30.301951218,0,0
30.301994784,0,1
30.302036382,0,0
30.302074536,0,1
30.302097770,1,1
30.302117122,1,0
30.302161670,1,1
30.302179568,1,0
30.306420410,1,1
30.367714520,0,1
30.367726316,0,0
30.367768894,0,1
30.367810488,0,0
30.367851590,0,1
30.367893182,0,0
30.367934284,0,1
30.367975876,0,0
30.368016978,0,1
30.368058572,0,0
30.368099678,0,1
30.368122904,1,1
30.368142256,1,0
30.368183354,1,1
30.368225930,1,0
30.368267024,1,1
30.368309602,1,0
30.368350692,1,1
30.368393266,1,0
30.368436824,1,1
30.368479402,1,0
30.368517544,1,1
30.368560122,1,0
30.368604662,1,1
30.372232462,0,1
30.372244258,0,0
30.372286824,0,1
30.372310046,1,1
30.372329396,1,0
30.372370504,1,1
30.372413088,1,0
30.372454182,1,1
30.372475616,0,1
30.372495776,0,0
30.372536874,0,1
30.372578462,0,0
30.372619558,0,1
30.372661148,0,0
30.372702246,0,1
30.372743836,0,0
30.372784928,0,1
30.372808152,1,1
30.372827500,1,0
30.372868594,1,1
30.372890028,0,1
30.372910190,0,0
30.372953742,0,1
30.372995330,0,0
30.373033474,0,1
30.373056696,1,1
30.373076046,1,0
30.373120584,1,1
30.381070150,1,0
30.386419618,1,1
30.388142628,0,1
30.388154416,0,0
30.388196968,0,1
30.388238540,0,0
30.388279618,0,1
30.388321196,0,0
30.388362280,0,1
30.388403852,0,0
30.388444932,0,1
30.388486510,0,0
30.388527598,0,1
30.388550818,1,1
30.388570164,1,0
30.388611254,1,1
30.388653824,1,0
30.388694914,1,1
30.388737486,1,0
30.388778576,1,1
30.388821148,1,0
30.388864698,1,1
30.388907270,1,0
30.388945406,1,1
30.388987980,1,0
30.389032516,1,1
30.392659230,0,1
30.392671026,0,0
30.392713594,0,1
30.392755180,0,0
30.392796278,0,1
30.392837866,0,0
30.392878960,0,1
30.392902184,1,1
30.392921532,1,0
30.392962626,1,1
30.393005200,1,0
30.393046296,1,1
30.393088878,1,0
30.393129972,1,1
30.393172552,1,0
30.393213646,1,1
30.393235080,0,1
30.393255242,0,0
30.393296342,0,1
30.393337936,0,0
30.393381494,0,1
30.393404716,1,1
30.393424066,1,0
30.393462208,1,1
30.393504782,1,0
30.393549324,1,1
30.401658806,1,0
30.402420414,1,1
30.435842370,0,1
30.435854164,0,0
30.435896736,0,1
30.435938324,0,0
30.435979418,0,1
30.436021012,0,0
30.436062116,0,1
30.436085346,1,1
30.436104694,1,0
30.436145792,1,1
30.436188374,1,0
30.436229466,1,1
30.436272044,1,0
30.436313138,1,1
30.436355712,1,0
30.436396804,1,1
30.436418238,0,1
30.436438402,0,0
30.436479496,0,1
30.436521088,0,0
30.436564652,0,1
30.436587876,1,1
30.436607224,1,0
30.436645364,1,1
30.436687940,1,0
30.436732476,1,1
30.436750888,1,0
30.442419864,1,1
30.497139928,0,1
30.497151722,0,0
30.497194292,0,1
30.497217516,1,1
30.497236862,1,0
30.497277958,1,1
30.497299390,0,1
30.497319554,0,0
30.497360652,0,1
30.497383878,1,1
30.497403228,1,0
30.497444320,1,1
30.497465752,0,1
30.497485914,0,0
30.497527012,0,1
30.497550238,1,1
30.497569586,1,0
30.497610678,1,1
30.497653254,1,0
30.497694344,1,1
30.497715774,0,1
30.497735934,0,0
30.497777030,0,1
30.497818614,0,0
30.497862166,0,1
30.497885392,1,1
30.497904740,1,0
30.497942878,1,1
30.497985450,1,0
30.498029990,1,1
30.498047816,1,0
30.498419074,1,1
30.514827024,0,1
30.514838818,0,0
30.514881388,0,1
30.514922982,0,0
30.514964084,0,1
30.515005678,0,0
30.515046776,0,1
30.515088374,0,0
30.515129474,0,1
30.515171066,0,0
30.515212166,0,1
30.515235388,1,1
30.515254734,1,0
30.515295824,1,1
30.515338398,1,0
30.515379492,1,1
30.515422068,1,0
30.515463164,1,1
30.515505738,1,0
30.515549288,1,1
30.515591864,1,0
30.515630004,1,1
30.515672574,1,0
30.515717110,1,1
30.519344080,0,1
30.519355876,0,0
30.519398456,0,1
30.519421680,1,1
30.519441028,1,0
30.519482122,1,1
30.519503554,0,1
30.519523720,0,0
30.519564820,0,1
30.519588044,1,1
30.519607392,1,0
30.519648488,1,1
30.519669924,0,1
30.519690088,0,0
30.519731186,0,1
30.519754410,1,1
30.519773760,1,0
30.519814858,1,1
30.519857438,1,0
30.519898534,1,1
30.519919970,0,1
30.519940134,0,0
30.519981232,0,1
30.520022824,0,0
30.520066388,0,1
30.520089614,1,1
30.520108966,1,0
30.520147104,1,1
30.520189680,1,0
30.520234218,1,1
30.528317716,1,0
30.530419092,1,1
30.537316838,0,1
30.537328632,0,0
30.537371206,0,1
30.537412798,0,0
30.537453896,0,1
30.537495490,0,0
30.537536590,0,1
30.537578178,0,0
30.537619278,0,1
30.537660872,0,0
30.537701970,0,1
30.537725194,1,1
30.537744544,1,0
30.537785640,1,1
30.537828214,1,0
30.537869310,1,1
30.537911888,1,0
30.537952978,1,1
30.537995554,1,0
30.538039112,1,1
30.538081694,1,0
30.538119840,1,1
30.538162418,1,0
30.538206962,1,1
30.541833986,0,1
30.541845780,0,0
30.541888350,0,1
30.541929940,0,0
30.541971038,0,1
30.542012628,0,0
30.542053726,0,1
30.542076954,1,1
30.542096302,1,0
30.542137398,1,1
30.542179972,1,0
30.542221068,1,1
30.542263646,1,0
30.542304740,1,1
30.542347318,1,0
30.542388414,1,1
30.542409846,0,1
30.542430008,0,0
30.542471110,0,1
30.542512700,0,0
30.542556256,0,1
30.542579482,1,1
30.542598828,1,0
30.542636968,1,1
30.542679542,1,0
30.542724078,1,1
30.550968742,1,0
30.554420170,1,1
30.590179748,0,1
30.590191544,0,0
30.590234110,0,1
30.590275700,0,0
30.590316804,0,1
30.590358394,0,0
30.590399488,0,1
30.590422714,1,1
30.590442060,1,0
30.590483154,1,1
30.590525728,1,0
30.590566820,1,1
30.590609396,1,0
30.590650484,1,1
30.590693060,1,0
30.590734154,1,1
30.590755582,0,1
30.590775742,0,0
30.590816836,0,1
30.590858428,0,0
30.590901982,0,1
30.590925206,1,1
30.590944554,1,0
30.590982696,1,1
30.591025270,1,0
30.591069806,1,1
30.591087722,1,0
30.594419200,1,1
30.622594718,0,1
30.622606512,0,0
30.622649080,0,1
30.622672308,1,1
30.622691658,1,0
30.622732752,1,1
30.622754184,0,1
30.622774346,0,0
30.622815444,0,1
30.622838668,1,1
30.622858016,1,0
30.622899108,1,1
30.622920538,0,1
30.622940700,0,0
30.622981794,0,1
30.623005020,1,1
30.623024368,1,0
30.623065468,1,1
30.623108046,1,0
30.623149140,1,1
30.623170572,0,1
30.623190736,0,0
30.623231836,0,1
30.623273428,0,0
30.623316992,0,1
30.623340218,1,1
30.623359568,1,0
30.623397712,1,1
30.623440288,1,0
30.623484830,1,1
30.623503268,1,0
30.626419992,1,1
30.676863832,0,1
30.676875624,0,0
30.676918192,0,1
30.676959782,0,0
30.677000876,0,1
30.677042466,0,0
30.677083568,0,1
30.677125160,0,0
30.677166254,0,1
30.677207846,0,0
30.677248940,0,1
30.677272166,1,1
30.677291512,1,0
30.677332606,1,1
30.677375182,1,0
30.677416274,1,1
30.677458850,1,0
30.677499942,1,1
30.677542518,1,0
30.677586068,1,1
30.677628644,1,0
30.677666780,1,1
30.677709348,1,0
30.677753878,1,1
30.681380614,0,1
30.681392410,0,0
30.681434984,0,1
30.681476570,0,0
30.681517668,0,1
30.681559260,0,0
30.681600356,0,1
30.681623580,1,1
30.681642928,1,0
30.681684022,1,1
30.681726600,1,0
30.681767692,1,1
30.681810268,1,0
30.681851354,1,1
30.681893926,1,0
30.681935016,1,1
30.681956448,0,1
30.681976608,0,0
30.682017702,0,1
30.682059294,0,0
30.682102854,0,1
30.682126082,1,1
30.682145430,1,0
30.682183572,1,1
30.682226144,1,0
30.682270676,1,1
30.689066128,0,1
30.689077924,0,0
30.689120496,0,1
30.689162088,0,0
30.689203182,0,1
30.689244770,0,0
30.689285868,0,1
30.689327458,0,0
30.689368552,0,1
30.689410146,0,0
30.689451242,0,1
30.689474462,1,1
30.689493812,1,0
30.689534906,1,1
30.689577484,1,0
30.689618574,1,1
30.689661152,1,0
30.689702244,1,1
30.689744818,1,0
30.689788368,1,1
30.689830940,1,0
30.689869076,1,1
30.689911648,1,0
30.689956182,1,1
30.693582956,0,1
30.693594752,0,0
30.693637322,0,1
30.693660546,1,1
30.693679890,1,0
30.693720980,1,1
30.693742412,0,1
30.693762572,0,0
30.693803666,0,1
30.693826888,1,1
30.693846234,1,0
30.693887328,1,1
30.693908758,0,1
30.693928918,0,0
30.693970014,0,1
30.693993238,1,1
30.694012586,1,0
30.694053678,1,1
30.694096260,1,0
30.694137356,1,1
30.694158788,0,1
30.694178948,0,0
30.694220042,0,1
30.694261634,0,0
30.694305190,0,1
30.694328410,1,1
30.694347758,1,0
30.694385896,1,1
30.694428470,1,0
30.694473004,1,1
30.702345578,1,0
30.706419326,1,1
30.742094372,0,1
30.742106166,0,0
30.742148732,0,1
30.742190320,0,0
30.742231418,0,1
30.742273006,0,0
30.742314104,0,1
30.742337328,1,1
30.742356676,1,0
30.742397770,1,1
30.742440342,1,0
30.742481430,1,1
30.742524000,1,0
30.742565090,1,1
30.742607664,1,0
30.742648752,1,1
30.742670182,0,1
30.742690342,0,0
30.742731432,0,1
30.742773024,0,0
30.742816580,0,1
30.742839806,1,1
30.742859156,1,0
30.742897298,1,1
30.742939870,1,0
30.742984404,1,1
30.743002570,1,0
30.746418884,1,1
30.758548782,0,1
30.758560578,0,0
30.758603156,0,1
30.758626380,1,1
30.758645728,1,0
30.758686818,1,1
30.758729398,1,0
30.758770492,1,1
30.758791928,0,1
30.758812090,0,0
30.758853188,0,1
30.758894782,0,0
30.758935880,0,1
30.758977474,0,0
30.759018578,0,1
30.759060170,0,0
30.759101276,0,1
30.759124502,1,1
30.759143850,1,0
30.759184944,1,1
30.759206378,0,1
30.759226540,0,0
30.759270100,0,1
30.759311692,0,0
30.759349838,0,1
30.759373062,1,1
30.759392412,1,0
30.759436956,1,1
30.759454958,1,0
30.762418684,1,1
30.813736658,0,1
30.813748452,0,0
30.813791020,0,1
30.813832608,0,0
30.813873702,0,1
30.813915294,0,0
30.813956392,0,1
30.813997982,0,0
30.814039078,0,1
30.814080674,0,0
30.814121768,0,1
30.814144992,1,1
30.814164338,1,0
30.814205430,1,1
30.814248002,1,0
30.814289094,1,1
30.814331672,1,0
30.814372762,1,1
30.814415334,1,0
30.814458886,1,1
30.814501460,1,0
30.814539594,1,1
30.814582166,1,0
30.814626702,1,1
30.818253500,0,1
30.818265294,0,0
30.818307870,0,1
30.818349464,0,0
30.818390572,0,1
30.818432170,0,0
30.818473272,0,1
30.818496500,1,1
30.818515850,1,0
30.818556946,1,1
30.818599528,1,0
30.818640624,1,1
30.818683210,1,0
30.818724318,1,1
30.818766902,1,0
30.818807998,1,1
30.818829430,0,1
30.818849590,0,0
30.818890686,0,1
30.818932280,0,0
30.818975838,0,1
30.818999060,1,1
30.819018408,1,0
30.819056550,1,1
30.819099128,1,0
30.819143670,1,1
30.825938702,0,1
30.825950494,0,0
30.825993058,0,1
30.826034644,0,0
30.826075736,0,1
30.826117330,0,0
30.826158422,0,1
30.826200014,0,0
30.826241114,0,1
30.826282706,0,0
30.826323806,0,1
30.826347032,1,1
30.826366384,1,0
30.826407484,1,1
30.826450060,1,0
30.826491154,1,1
30.826533728,1,0
30.826574816,1,1
30.826617388,1,0
30.826660936,1,1
30.826703506,1,0
30.826741640,1,1
30.826784214,1,0
30.826828748,1,1
30.830456750,0,1
30.830468546,0,0
30.830511118,0,1
30.830534342,1,1
30.830553692,1,0
30.830594786,1,1
30.830637360,1,0
30.830678454,1,1
30.830699884,0,1
30.830720046,0,0
30.830761140,0,1
30.830802732,0,0
30.830843836,0,1
30.830885430,0,0
30.830926532,0,1
30.830968130,0,0
30.831009230,0,1
30.831032456,1,1
30.831051806,1,0
30.831092912,1,1
30.831114346,0,1
30.831134508,0,0
30.831178066,0,1
30.831219662,0,0
30.831257810,0,1
30.831281038,1,1
30.831300386,1,0
30.831344930,1,1
30.839307286,1,0
30.842419524,1,1
30.889681222,0,1
30.889693018,0,0
30.889735586,0,1
30.889777174,0,0
30.889818270,0,1
30.889859860,0,0
30.889900958,0,1
30.889924182,1,1
30.889943534,1,0
30.889984634,1,1
30.890027210,1,0
30.890068308,1,1
30.890110888,1,0
30.890151984,1,1
30.890194564,1,0
30.890235660,1,1
30.890257092,0,1
30.890277254,0,0
30.890318358,0,1
30.890359956,0,0
30.890403522,0,1
30.890426752,1,1
30.890446106,1,0
30.890484250,1,1
30.890526832,1,0
30.890571372,1,1
30.890589510,1,0
30.898418716,1,1
30.903388786,0,1
30.903400580,0,0
30.903443156,0,1
30.903466386,1,1
30.903485734,1,0
30.903526828,1,1
30.903569406,1,0
30.903610500,1,1
30.903631932,0,1
30.903652096,0,0
30.903693198,0,1
30.903734796,0,0
30.903775898,0,1
30.903817496,0,0
30.903858602,0,1
30.903900198,0,0
30.903941300,0,1
30.903964528,1,1
30.903983880,1,0
30.904024978,1,1
30.904046414,0,1
30.904066580,0,0
30.904110148,0,1
30.904151744,0,0
30.904189892,0,1
30.904213122,1,1
30.904232472,1,0
30.904277016,1,1
30.904295398,1,0
30.906418488,1,1
30.983349316,0,1
30.983361110,0,0
30.983403680,0,1
30.983445268,0,0
30.983486364,0,1
30.983527956,0,0
30.983569052,0,1
30.983610644,0,0
30.983651746,0,1
30.983693340,0,0
30.983734438,0,1
30.983757664,1,1
30.983777014,1,0
30.983818112,1,1
30.983860690,1,0
30.983901788,1,1
30.983944364,1,0
30.983985452,1,1
30.984028026,1,0
30.984071580,1,1
30.984114156,1,0
30.984152296,1,1
30.984194874,1,0
30.984239408,1,1
30.987867158,0,1
30.987878954,0,0
30.987921526,0,1
30.987944746,1,1
30.987964096,1,0
30.988005190,1,1
30.988047766,1,0
30.988088868,1,1
30.988110306,0,1
30.988130470,0,0
30.988171566,0,1
30.988213160,0,0
30.988254264,0,1
30.988295862,0,0
30.988336966,0,1
30.988378564,0,0
30.988419666,0,1
30.988442890,1,1
30.988462242,1,0
30.988503340,1,1
30.988524774,0,1
30.988544938,0,0
30.988588496,0,1
30.988630094,0,0
30.988668242,0,1
30.988691466,1,1
30.988710816,1,0
30.988755360,1,1
30.995535872,0,1
30.995547666,0,0
30.995590238,0,1
30.995631830,0,0
30.995672924,0,1
30.995714514,0,0
30.995755612,0,1
30.995797202,0,0
30.995838300,0,1
30.995879894,0,0
30.995920992,0,1
30.995944218,1,1
30.995963568,1,0
30.996004664,1,1
30.996047240,1,0
30.996088340,1,1
30.996130916,1,0
30.996172008,1,1
30.996214580,1,0
30.996258136,1,1
30.996300712,1,0
30.996338854,1,1
30.996381432,1,0
30.996425972,1,1
31.000052900,0,1
31.000064698,0,0
31.000107276,0,1
31.000148866,0,0
31.000189966,0,1
31.000231558,0,0
31.000272660,0,1
31.000295886,1,1
31.000315236,1,0
31.000356334,1,1
31.000398910,1,0
31.000440004,1,1
31.000482584,1,0
31.000523678,1,1
31.000566256,1,0
31.000607352,1,1
31.000628784,0,1
31.000648948,0,0
31.000690046,0,1
31.000731638,0,0
31.000775194,0,1
31.000798420,1,1
31.000817768,1,0
31.000855910,1,1
31.000898488,1,0
31.000943028,1,1
31.008193938,1,0
31.010418402,1,1
31.317573580,0,1
31.317585372,0,0
31.317627942,0,1
31.317651162,1,1
31.317670508,1,0
31.317711596,1,1
31.317754170,1,0
31.317795258,1,1
31.317816688,0,1
31.317836848,0,0
31.317877940,0,1
31.317919526,0,0
31.317960620,0,1
31.317983842,1,1
31.318003190,1,0
31.318044284,1,1
31.318086856,1,0
31.318127944,1,1
31.318149376,0,1
31.318169536,0,0
31.318210628,0,1
31.318252212,0,0
31.318295772,0,1
31.318318996,1,1
31.318338344,1,0
31.318376482,1,1
31.318419054,1,0
31.318463586,1,1
31.318482038,1,0
31.322417732,1,1
31.370250644,0,1
31.370262438,0,0
31.370305010,0,1
31.370346604,0,0
31.370387706,0,1
31.370429298,0,0
31.370470400,0,1
31.370511992,0,0
31.370553090,0,1
31.370594684,0,0
31.370635782,0,1
31.370659008,1,1
31.370678356,1,0
31.370719450,1,1
31.370762028,1,0
31.370803120,1,1
31.370845698,1,0
31.370886790,1,1
31.370929362,1,0
31.370972918,1,1
31.371015494,1,0
31.371053634,1,1
31.371096210,1,0
31.371140750,1,1
31.374767726,0,1
31.374779524,0,0
31.374822098,0,1
31.374845324,1,1
31.374864672,1,0
31.374905768,1,1
31.374948346,1,0
31.374989440,1,1
31.375010872,0,1
31.375031038,0,0
31.375072140,0,1
31.375113740,0,0
31.375154840,0,1
31.375178070,1,1
31.375197420,1,0
31.375238518,1,1
31.375281094,1,0
31.375322194,1,1
31.375343626,0,1
31.375363788,0,0
31.375404888,0,1
31.375446482,0,0
31.375490040,0,1
31.375513266,1,1
31.375532616,1,0
31.375570756,1,1
31.375613338,1,0
31.375657878,1,1
31.383103690,1,0
31.386418126,1,1
31.463383570,0,1
31.463395366,0,0
31.463437938,0,1
31.463479526,0,0
31.463520626,0,1
31.463562216,0,0
31.463603314,0,1
31.463626536,1,1
31.463645886,1,0
31.463686980,1,1
31.463708410,0,1
31.463728574,0,0
31.463769672,0,1
31.463792896,1,1
31.463812246,1,0
31.463853342,1,1
31.463895920,1,0
31.463937014,1,1
31.463958446,0,1
31.463978608,0,0
31.464019702,0,1
31.464061296,0,0
31.464104858,0,1
31.464146452,0,0
31.464184598,0,1
31.464207822,1,1
31.464227170,1,0
31.464271706,1,1
31.464290654,1,0
31.466417362,1,1
31.471590696,0,1
31.471602494,0,0
31.471645072,0,1
31.471668298,1,1
31.471687648,1,0
31.471728748,1,1
31.471771332,1,0
31.471812434,1,1
31.471833868,0,1
31.471854032,0,0
31.471895134,0,1
31.471936732,0,0
31.471977836,0,1
31.472001062,1,1
31.472020414,1,0
31.472061514,1,1
31.472104098,1,0
31.472145198,1,1
31.472166634,0,1
31.472186798,0,0
31.472227900,0,1
31.472269496,0,0
31.472313078,0,1
31.472336320,1,1
31.472355680,1,0
31.472393844,1,1
31.472436436,1,0
31.472480988,1,1
31.472499476,1,0
31.474417382,1,1
31.543848150,0,1
31.543859944,0,0
31.543902508,0,1
31.543944092,0,0
31.543985188,0,1
31.544026780,0,0
31.544067874,0,1
31.544109466,0,0
31.544150564,0,1
31.544192150,0,0
31.544233250,0,1
31.544256476,1,1
31.544275824,1,0
31.544316922,1,1
31.544359500,1,0
31.544400594,1,1
31.544443170,1,0
31.544484262,1,1
31.544526834,1,0
31.544570388,1,1
31.544612962,1,0
31.544651104,1,1
31.544693674,1,0
31.544738208,1,1
31.548365974,0,1
31.548377768,0,0
31.548420336,0,1
31.548461926,0,0
31.548503020,0,1
31.548544604,0,0
31.548585700,0,1
31.548608924,1,1
31.548628272,1,0
31.548669368,1,1
31.548690800,0,1
31.548710964,0,0
31.548752062,0,1
31.548775288,1,1
31.548794634,1,0
31.548835736,1,1
31.548878314,1,0
31.548919410,1,1
31.548940844,0,1
31.548961006,0,0
31.549002108,0,1
31.549043698,0,0
31.549087260,0,1
31.549128858,0,0
31.549167002,0,1
31.549190230,1,1
31.549209578,1,0
31.549254122,1,1
31.557145130,1,0
31.562417320,1,1
31.566379364,0,1
31.566391162,0,0
31.566433738,0,1
31.566475334,0,0
31.566516438,0,1
31.566558036,0,0
31.566599138,0,1
31.566640736,0,0
31.566681840,0,1
31.566723436,0,0
31.566764542,0,1
31.566787770,1,1
31.566807118,1,0
31.566848214,1,1
31.566890794,1,0
31.566931894,1,1
31.566974476,1,0
31.567015572,1,1
31.567058154,1,0
31.567101716,1,1
31.567144294,1,0
31.567182438,1,1
31.567225016,1,0
31.567269558,1,1
31.570896754,0,1
31.570908550,0,0
31.570951124,0,1
31.570974348,1,1
31.570993700,1,0
31.571034796,1,1
31.571077378,1,0
31.571118480,1,1
31.571139914,0,1
31.571160078,0,0
31.571201176,0,1
31.571242770,0,0
31.571283872,0,1
31.571307096,1,1
31.571326444,1,0
31.571367540,1,1
31.571410120,1,0
31.571451216,1,1
31.571472652,0,1
31.571492816,0,0
31.571533918,0,1
31.571575512,0,0
31.571619074,0,1
31.571642302,1,1
31.571661652,1,0
31.571699794,1,1
31.571742370,1,0
31.571786914,1,1
31.579791250,1,0
31.586417264,1,1
31.637924858,0,1
31.637936650,0,0
31.637979220,0,1
31.638002440,1,1
31.638021788,1,0
31.638062874,1,1
31.638105452,1,0
31.638146542,1,1
31.638167972,0,1
31.638188130,0,0
31.638229224,0,1
31.638270810,0,0
31.638311902,0,1
31.638335124,1,1
31.638354472,1,0
31.638395564,1,1
31.638438138,1,0
31.638479232,1,1
31.638500666,0,1
31.638520826,0,0
31.638561920,0,1
31.638603510,0,0
31.638647070,0,1
31.638670292,1,1
31.638689642,1,0
31.638727782,1,1
31.638770358,1,0
31.638814894,1,1
31.638834084,1,0
31.642416566,1,1
31.648721750,0,1
31.648733544,0,0
31.648776118,0,1
31.648799340,1,1
31.648818688,1,0
31.648859786,1,1
31.648902364,1,0
31.648943458,1,1
31.648964894,0,1
31.648985058,0,0
31.649026156,0,1
31.649049378,1,1
31.649068730,1,0
31.649109830,1,1
31.649152408,1,0
31.649193502,1,1
31.649236088,1,0
31.649277196,1,1
31.649298632,0,1
31.649318796,0,0
31.649359900,0,1
31.649401494,0,0
31.649445056,0,1
31.649486650,0,0
31.649524796,0,1
31.649548024,1,1
31.649567372,1,0
31.649611914,1,1
31.649630716,1,0
31.650416186,1,1
31.725372696,0,1
31.725384494,0,0
31.725427066,0,1
31.725468656,0,0
31.725509756,0,1
31.725551348,0,0
31.725592446,0,1
31.725634036,0,0
31.725675138,0,1
31.725716728,0,0
31.725757824,0,1
31.725781052,1,1
31.725800402,1,0
31.725841496,1,1
31.725884072,1,0
31.725925170,1,1
31.725967748,1,0
31.726008842,1,1
31.726051420,1,0
31.726094982,1,1
31.726137560,1,0
31.726175708,1,1
31.726218284,1,0
31.726262824,1,1
31.729889692,0,1
31.729901486,0,0
31.729944052,0,1
31.729967278,1,1
31.729986626,1,0
31.730027720,1,1
31.730070296,1,0
31.730111392,1,1
31.730132826,0,1
31.730152988,0,0
31.730194088,0,1
31.730235678,0,0
31.730276776,0,1
31.730300000,1,1
31.730319352,1,0
31.730360450,1,1
31.730403032,1,0
31.730444128,1,1
31.730465560,0,1
31.730485722,0,0
31.730526824,0,1
31.730568418,0,0
31.730611978,0,1
31.730635204,1,1
31.730654552,1,0
31.730692692,1,1
31.730735266,1,0
31.730779808,1,1
31.738346878,1,0
31.746416952,1,1
31.789492482,0,1
31.789504280,0,0
31.789546854,0,1
31.789570078,1,1
31.789589426,1,0
31.789630524,1,1
31.789673096,1,0
31.789714188,1,1
31.789735620,0,1
31.789755782,0,0
31.789796878,0,1
31.789838468,0,0
31.789879564,0,1
31.789902792,1,1
31.789922140,1,0
31.789963230,1,1
31.790005808,1,0
31.790046902,1,1
31.790068334,0,1
31.790088496,0,0
31.790129592,0,1
31.790171186,0,0
31.790214744,0,1
31.790237968,1,1
31.790257318,1,0
31.790295460,1,1
31.790338036,1,0
31.790382572,1,1
31.790400936,1,0
31.794415806,1,1
31.868688156,0,1
31.868699952,0,0
31.868742518,0,1
31.868784108,0,0
31.868825202,0,1
31.868866792,0,0
31.868907886,0,1
31.868949474,0,0
31.868990566,0,1
31.869032154,0,0
31.869073252,0,1
31.869096476,1,1
31.869115824,1,0
31.869156916,1,1
31.869199488,1,0
31.869240578,1,1
31.869283148,1,0
31.869324242,1,1
31.869366812,1,0
31.869410362,1,1
31.869452940,1,0
31.869491080,1,1
31.869533648,1,0
31.869578184,1,1
31.873202474,0,1
31.873214268,0,0
31.873256838,0,1
31.873280062,1,1
31.873299410,1,0
31.873340496,1,1
31.873383066,1,0
31.873424154,1,1
31.873445582,0,1
31.873465744,0,0
31.873506840,0,1
31.873530068,1,1
31.873549414,1,0
31.873590506,1,1
31.873633080,1,0
31.873674172,1,1
31.873716746,1,0
31.873757834,1,1
31.873779270,0,1
31.873799432,0,0
31.873840526,0,1
31.873882114,0,0
31.873925674,0,1
31.873967260,0,0
31.874005400,0,1
31.874028624,1,1
31.874047976,1,0
31.874092518,1,1
31.881451798,1,0
31.882415248,1,1
31.901536476,0,1
31.901548272,0,0
31.901590848,0,1
31.901632436,0,0
31.901673534,0,1
31.901715132,0,0
31.901756228,0,1
31.901797822,0,0
31.901838926,0,1
31.901880518,0,0
31.901921616,0,1
31.901944842,1,1
31.901964192,1,0
31.902005288,1,1
31.902047862,1,0
31.902088960,1,1
31.902131536,1,0
31.902172632,1,1
31.902215210,1,0
31.902258766,1,1
31.902301342,1,0
31.902339484,1,1
31.902382062,1,0
31.902426596,1,1
31.906053506,0,1
31.906065302,0,0
31.906107878,0,1
31.906131104,1,1
31.906150454,1,0
31.906191550,1,1
31.906234122,1,0
31.906275216,1,1
31.906296650,0,1
31.906316814,0,0
31.906357914,0,1
31.906399512,0,0
31.906440614,0,1
31.906463838,1,1
31.906483184,1,0
31.906524278,1,1
31.906566856,1,0
31.906607946,1,1
31.906629376,0,1
31.906649540,0,0
31.906690638,0,1
31.906732230,0,0
31.906775790,0,1
31.906799016,1,1
31.906818364,1,0
31.906856504,1,1
31.906899078,1,0
31.906943618,1,1
31.914406146,1,0
31.922416514,1,1
31.935751054,0,1
31.935762850,0,0
31.935805426,0,1
31.935828648,1,1
31.935847996,1,0
31.935889092,1,1
31.935931674,1,0
31.935972770,1,1
31.935994202,0,1
31.936014368,0,0
31.936055468,0,1
31.936078696,1,1
31.936098046,1,0
31.936139144,1,1
31.936181724,1,0
31.936222818,1,1
31.936265394,1,0
31.936306494,1,1
31.936327928,0,1
31.936348092,0,0
31.936389192,0,1
31.936430788,0,0
31.936474348,0,1
31.936515940,0,0
31.936554090,0,1
31.936577316,1,1
31.936596662,1,0
31.936641202,1,1
31.936659092,1,0
31.938415536,1,1
31.954642442,0,1
31.954654238,0,0
31.954696810,0,1
31.954720036,1,1
31.954739382,1,0
31.954780482,1,1
31.954823058,1,0
31.954864156,1,1
31.954885588,0,1
31.954905752,0,0
31.954946856,0,1
31.954988448,0,0
31.955029552,0,1
31.955052776,1,1
31.955072128,1,0
31.955113228,1,1
31.955155810,1,0
31.955196908,1,1
31.955218342,0,1
31.955238504,0,0
31.955279606,0,1
31.955321202,0,0
31.955364764,0,1
31.955387988,1,1
31.955407338,1,0
31.955445486,1,1
31.955488062,1,0
31.955532600,1,1
31.955551164,1,0
31.962415512,1,1
32.036863650,0,1
32.036875444,0,0
32.036918008,0,1
32.036959596,0,0
32.037000690,0,1
32.037042278,0,0
32.037083380,0,1
32.037124972,0,0
32.037166068,0,1
32.037207660,0,0
32.037248758,0,1
32.037271982,1,1
32.037291328,1,0
32.037332422,1,1
32.037375004,1,0
32.037416098,1,1
32.037458674,1,0
32.037499770,1,1
32.037542346,1,0
32.037585902,1,1
32.037628480,1,0
32.037666618,1,1
32.037709194,1,0
32.037753734,1,1
32.041377682,0,1
32.041389476,0,0
32.041432052,0,1
32.041455276,1,1
32.041474622,1,0
32.041515716,1,1
32.041558290,1,0
32.041599376,1,1
32.041620806,0,1
32.041640970,0,0
32.041682068,0,1
32.041705292,1,1
32.041724640,1,0
32.041765732,1,1
32.041808308,1,0
32.041849400,1,1
32.041891974,1,0
32.041933068,1,1
32.041954500,0,1
32.041974660,0,0
32.042015752,0,1
32.042057346,0,0
32.042100906,0,1
32.042142498,0,0
32.042180642,0,1
32.042203862,1,1
32.042223210,1,0
32.042267750,1,1
32.045895648,0,1
32.045907444,0,0
32.045950018,0,1
32.045991612,0,0
32.046032712,0,1
32.046074304,0,0
32.046115408,0,1
32.046138634,1,1
32.046157986,1,0
32.046199080,1,1
32.046220514,0,1
32.046240678,0,0
32.046281780,0,1
32.046305006,1,1
32.046324356,1,0
32.046365454,1,1
32.046408034,1,0
32.046449130,1,1
32.046470564,0,1
32.046490728,0,0
32.046531826,0,1
32.046573422,0,0
32.046616984,0,1
32.046658578,0,0
32.046696726,0,1
32.046719952,1,1
32.046739300,1,0
32.046783842,1,1
32.046801534,1,0
32.050414976,1,1
32.055977948,0,1
32.055989744,0,0
32.056032318,0,1
32.056073916,0,0
32.056115022,0,1
32.056156616,0,0
32.056197720,0,1
32.056239314,0,0
32.056280412,0,1
32.056322008,0,0
32.056363112,0,1
32.056386336,1,1
32.056405688,1,0
32.056446780,1,1
32.056489358,1,0
32.056530452,1,1
32.056573030,1,0
32.056614130,1,1
32.056656712,1,0
32.056700266,1,1
32.056742846,1,0
32.056780992,1,1
32.056823568,1,0
32.056868110,1,1
32.060495348,0,1
32.060507142,0,0
32.060549718,0,1
32.060572944,1,1
32.060592294,1,0
32.060633388,1,1
32.060675966,1,0
32.060717062,1,1
32.060738496,0,1
32.060758658,0,0
32.060799758,0,1
32.060841354,0,0
32.060882454,0,1
32.060905680,1,1
32.060925030,1,0
32.060966130,1,1
32.061008710,1,0
32.061049806,1,1
32.061071244,0,1
32.061091410,0,0
32.061132510,0,1
32.061174106,0,0
32.061217672,0,1
32.061240898,1,1
32.061260248,1,0
32.061298390,1,1
32.061340972,1,0
32.061385512,1,1
32.068855118,1,0
32.074415714,1,1
32.075931270,0,1
32.075943066,0,0
32.075985640,0,1
32.076027230,0,0
32.076068330,0,1
32.076109924,0,0
32.076151026,0,1
32.076192616,0,0
32.076233714,0,1
32.076275308,0,0
32.076316408,0,1
32.076339630,1,1
32.076358978,1,0
32.076400076,1,1
32.076442656,1,0
32.076483752,1,1
32.076526334,1,0
32.076567434,1,1
32.076610010,1,0
32.076653570,1,1
32.076696150,1,0
32.076734290,1,1
32.076776870,1,0
32.076821412,1,1
32.080449430,0,1
32.080461226,0,0
32.080503800,0,1
32.080545394,0,0
32.080586490,0,1
32.080628084,0,0
32.080669182,0,1
32.080692406,1,1
32.080711756,1,0
32.080752850,1,1
32.080774284,0,1
32.080794446,0,0
32.080835544,0,1
32.080858772,1,1
32.080878122,1,0
32.080919216,1,1
32.080961788,1,0
32.081002884,1,1
32.081024318,0,1
32.081044480,0,0
32.081085584,0,1
32.081127178,0,0
32.081170740,0,1
32.081212332,0,0
32.081250476,0,1
32.081273706,1,1
32.081293054,1,0
32.081337598,1,1
32.089441250,1,0
32.090416866,1,1
32.156145814,0,1
32.156157608,0,0
32.156200180,0,1
32.156223402,1,1
32.156242754,1,0
32.156283846,1,1
32.156326422,1,0
32.156367518,1,1
32.156388952,0,1
32.156409116,0,0
32.156450212,0,1
32.156491806,0,0
32.156532908,0,1
32.156556130,1,1
32.156575480,1,0
32.156616574,1,1
32.156659152,1,0
32.156700240,1,1
32.156721674,0,1
32.156741836,0,0
32.156782934,0,1
32.156824530,0,0
32.156868098,0,1
32.156891324,1,1
32.156910680,1,0
32.156948828,1,1
32.156991408,1,0
32.157035950,1,1
32.157054240,1,0
32.162415052,1,1
32.163580272,0,1
32.163592068,0,0
32.163634644,0,1
32.163676240,0,0
32.163717344,0,1
32.163758940,0,0
32.163800042,0,1
32.163823270,1,1
32.163842620,1,0
32.163883718,1,1
32.163905150,0,1
32.163925314,0,0
32.163966414,0,1
32.163989642,1,1
32.164008990,1,0
32.164050090,1,1
32.164092678,1,0
32.164133780,1,1
32.164155212,0,1
32.164175378,0,0
32.164216480,0,1
32.164258078,0,0
32.164301644,0,1
32.164343242,0,0
32.164381394,0,1
32.164404620,1,1
32.164423972,1,0
32.164468516,1,1
32.164486496,1,0
32.170415014,1,1
32.178658688,0,1
32.178670486,0,0
32.178713062,0,1
32.178754658,0,0
32.178795762,0,1
32.178837356,0,0
32.178878460,0,1
32.178920056,0,0
32.178961156,0,1
32.179002756,0,0
32.179043860,0,1
32.179067088,1,1
32.179086442,1,0
32.179127544,1,1
32.179170122,1,0
32.179211216,1,1
32.179253796,1,0
32.179294896,1,1
32.179337478,1,0
32.179381038,1,1
32.179423620,1,0
32.179461762,1,1
32.179504342,1,0
32.179548886,1,1
32.183177106,0,1
32.183188902,0,0
32.183231482,0,1
32.183273076,0,0
32.183314178,0,1
32.183355776,0,0
32.183396880,0,1
32.183420108,1,1
32.183439458,1,0
32.183480558,1,1
32.183501996,0,1
32.183522162,0,0
32.183563266,0,1
32.183586496,1,1
32.183605846,1,0
32.183646944,1,1
32.183689526,1,0
32.183730624,1,1
32.183752060,0,1
32.183772222,0,0
32.183813324,0,1
32.183854918,0,0
32.183898482,0,1
32.183940080,0,0
32.183978230,0,1
32.184001458,1,1
32.184020810,1,0
32.184065352,1,1
32.190846546,0,1
32.190858344,0,0
32.190900922,0,1
32.190942520,0,0
32.190983624,0,1
32.191025220,0,0
32.191066326,0,1
32.191107926,0,0
32.191149030,0,1
32.191190632,0,0
32.191231738,0,1
32.191254968,1,1
32.191274318,1,0
32.191315420,1,1
32.191358004,1,0
32.191399102,1,1
32.191441684,1,0
32.191482788,1,1
32.191525370,1,0
32.191568928,1,1
32.191611510,1,0
32.191649658,1,1
32.191692238,1,0
32.191736780,1,1
32.195363992,0,1
32.195375790,0,0
32.195418364,0,1
32.195441590,1,1
32.195460940,1,0
32.195502036,1,1
32.195544614,1,0
32.195585712,1,1
32.195607144,0,1
32.195627308,0,0
32.195668410,0,1
32.195710006,0,0
32.195751108,0,1
32.195774334,1,1
32.195793684,1,0
32.195834784,1,1
32.195877362,1,0
32.195918462,1,1
32.195939896,0,1
32.195960060,0,0
32.196001160,0,1
32.196042756,0,0
32.196086324,0,1
32.196109552,1,1
32.196128904,1,0
32.196167050,1,1
32.196209632,1,0
32.196254170,1,1
32.203733694,1,0
32.210415716,1,1
32.246643608,0,1
32.246655404,0,0
32.246697974,0,1
32.246721198,1,1
32.246740546,1,0
32.246781640,1,1
32.246824214,1,0
32.246865308,1,1
32.246886738,0,1
32.246906904,0,0
32.246948004,0,1
32.246989598,0,0
32.247030700,0,1
32.247053924,1,1
32.247073276,1,0
32.247114374,1,1
32.247156950,1,0
32.247198046,1,1
32.247219480,0,1
32.247239642,0,0
32.247280738,0,1
32.247322332,0,0
32.247365894,0,1
32.247389120,1,1
32.247408466,1,0
32.247446608,1,1
32.247489186,1,0
32.247533722,1,1
32.247552796,1,0
32.250416350,1,1
32.305577292,0,1
32.305589086,0,0
32.305631658,0,1
32.305673248,0,0
32.305714342,0,1
32.305755932,0,0
32.305797030,0,1
32.305820252,1,1
32.305839600,1,0
32.305880694,1,1
32.305902126,0,1
32.305922288,0,0
32.305963388,0,1
32.305986610,1,1
32.306005960,1,0
32.306047056,1,1
32.306089634,1,0
32.306130722,1,1
32.306152156,0,1
32.306172316,0,0
32.306213412,0,1
32.306255002,0,0
32.306298562,0,1
32.306340158,0,0
32.306378304,0,1
32.306401528,1,1
32.306420878,1,0
32.306465420,1,1
32.306484026,1,0
32.314414574,1,1
32.331012324,0,1
32.331024120,0,0
32.331066692,0,1
32.331108288,0,0
32.331149388,0,1
32.331190984,0,0
32.331232090,0,1
32.331273688,0,0
32.331314790,0,1
32.331356390,0,0
32.331397492,0,1
32.331420722,1,1
32.331440072,1,0
32.331481172,1,1
32.331523750,1,0
32.331564846,1,1
32.331607428,1,0
32.331648526,1,1
32.331691102,1,0
32.331734662,1,1
32.331777240,1,0
32.331815382,1,1
32.331857962,1,0
32.331902498,1,1
32.335530266,0,1
32.335542060,0,0
32.335584628,0,1
32.335626214,0,0
32.335667314,0,1
32.335708906,0,0
32.335750004,0,1
32.335773234,1,1
32.335792584,1,0
32.335833682,1,1
32.335855118,0,1
32.335875282,0,0
32.335916382,0,1
32.335939612,1,1
32.335958958,1,0
32.336000054,1,1
32.336042634,1,0
32.336083732,1,1
32.336105164,0,1
32.336125328,0,0
32.336166426,0,1
32.336208022,0,0
32.336251582,0,1
32.336293176,0,0
32.336331326,0,1
32.336354554,1,1
32.336373904,1,0
32.336418444,1,1
32.343755470,1,0
32.346408628,1,1
32.348866506,0,1
32.348878302,0,0
32.348920878,0,1
32.348962472,0,0
32.349003570,0,1
32.349045168,0,0
32.349086266,0,1
32.349127844,0,0
32.349168942,0,1
32.349210544,0,0
32.349251646,0,1
32.349274874,1,1
32.349294220,1,0
32.349335314,1,1
32.349377886,1,0
32.349418980,1,1
32.349461554,1,0
32.349502648,1,1
32.349545224,1,0
32.349588782,1,1
32.349631360,1,0
32.349669506,1,1
32.349712090,1,0
32.349756636,1,1
32.353383800,0,1
32.353395596,0,0
32.353438168,0,1
32.353461392,1,1
32.353480742,1,0
32.353521840,1,1
32.353564418,1,0
32.353605516,1,1
32.353626950,0,1
32.353647114,0,0
32.353688214,0,1
32.353729806,0,0
32.353770906,0,1
32.353794134,1,1
32.353813484,1,0
32.353854582,1,1
32.353897158,1,0
32.353938252,1,1
32.353959684,0,1
32.353979846,0,0
32.354020946,0,1
32.354062536,0,0
32.354106096,0,1
32.354129320,1,1
32.354148668,1,0
32.354186808,1,1
32.354229380,1,0
32.354273918,1,1
32.362285744,1,0
32.362415282,1,1
32.461311144,0,1
32.461322940,0,0
32.461365514,0,1
32.461388740,1,1
32.461408088,1,0
32.461449180,1,1
32.461491758,1,0
32.461532850,1,1
32.461554282,0,1
32.461574444,0,0
32.461615542,0,1
32.461657134,0,0
32.461698232,0,1
32.461721456,1,1
32.461740804,1,0
32.461781900,1,1
32.461824476,1,0
32.461865564,1,1
32.461887000,0,1
32.461907164,0,0
32.461948262,0,1
32.461989852,0,0
32.462033412,0,1
32.462056636,1,1
32.462075984,1,0
32.462114124,1,1
32.462156700,1,0
32.462201236,1,1
32.462219498,1,0
32.466414260,1,1
32.468869266,0,1
32.468881062,0,0
32.468923634,0,1
32.468965230,0,0
32.469006332,0,1
32.469047924,0,0
32.469089030,0,1
32.469112256,1,1
32.469131606,1,0
32.469172702,1,1
32.469194138,0,1
32.469214302,0,0
32.469255404,0,1
32.469278630,1,1
32.469297982,1,0
32.469339080,1,1
32.469381658,1,0
32.469422750,1,1
32.469444182,0,1
32.469464346,0,0
32.469505450,0,1
32.469547044,0,0
32.469590602,0,1
32.469632200,0,0
32.469670348,0,1
32.469693572,1,1
32.469712920,1,0
32.469757464,1,1
32.469775710,1,0
32.474415452,1,1
32.486437128,0,1
32.486448924,0,0
32.486491496,0,1
32.486533092,0,0
32.486574194,0,1
32.486615786,0,0
32.486656888,0,1
32.486698482,0,0
32.486739582,0,1
32.486781178,0,0
32.486822280,0,1
32.486845510,1,1
32.486864858,1,0
32.486905956,1,1
32.486948538,1,0
32.486989634,1,1
32.487032214,1,0
32.487073316,1,1
32.487115896,1,0
32.487159452,1,1
32.487202034,1,0
32.487240174,1,1
32.487282752,1,0
32.487327294,1,1
32.490955360,0,1
32.490967154,0,0
32.491009732,0,1
32.491051322,0,0
32.491092426,0,1
32.491134024,0,0
32.491175122,0,1
32.491198348,1,1
32.491217696,1,0
32.491258794,1,1
32.491280226,0,1
32.491300390,0,0
32.491341488,0,1
32.491364710,1,1
32.491384062,1,0
32.491425158,1,1
32.491467728,1,0
32.491508822,1,1
32.491530252,0,1
32.491550414,0,0
32.491591510,0,1
32.491633100,0,0
32.491676660,0,1
32.491718250,0,0
32.491756394,0,1
32.491779620,1,1
32.491798966,1,0
32.491843502,1,1
32.498624268,0,1
32.498636062,0,0
32.498678636,0,1
32.498720232,0,0
32.498761332,0,1
32.498802922,0,0
32.498844024,0,1
32.498885620,0,0
32.498926720,0,1
32.498968314,0,0
32.499009414,0,1
32.499032642,1,1
32.499051990,1,0
32.499093090,1,1
32.499135672,1,0
32.499176772,1,1
32.499219352,1,0
32.499260450,1,1
32.499303028,1,0
32.499346582,1,1
32.499389164,1,0
32.499427310,1,1
32.499469888,1,0
32.499514432,1,1
32.503141380,0,1
32.503153176,0,0
32.503195754,0,1
32.503218978,1,1
32.503238326,1,0
32.503279422,1,1
32.503321996,1,0
32.503363092,1,1
32.503384522,0,1
32.503404684,0,0
32.503445784,0,1
32.503487376,0,0
32.503528472,0,1
32.503551698,1,1
32.503571048,1,0
32.503612140,1,1
32.503654714,1,0
32.503695806,1,1
32.503717240,0,1
32.503737402,0,0
32.503778498,0,1
32.503820090,0,0
32.503863648,0,1
32.503886870,1,1
32.503906220,1,0
32.503944358,1,1
32.503986936,1,0
32.504031470,1,1
32.511591554,1,0
32.514414338,1,1
32.554512908,0,1
32.554524704,0,0
32.554567276,0,1
32.554590502,1,1
32.554609850,1,0
32.554650944,1,1
32.554693522,1,0
32.554734616,1,1
32.554756046,0,1
32.554776206,0,0
32.554817308,0,1
32.554858900,0,0
32.554899998,0,1
32.554923226,1,1
32.554942574,1,0
32.554983668,1,1
32.555026248,1,0
32.555067344,1,1
32.555088786,0,1
32.555108950,0,0
32.555150046,0,1
32.555191636,0,0
32.555235200,0,1
32.555258428,1,1
32.555277778,1,0
32.555315922,1,1
32.555358504,1,0
32.555403040,1,1
32.555421602,1,0
32.562413680,1,1
32.616433192,0,1
32.616444988,0,0
32.616487560,0,1
32.616529152,0,0
32.616570252,0,1
32.616611844,0,0
32.616652946,0,1
32.616676172,1,1
32.616695522,1,0
32.616736620,1,1
32.616758052,0,1
32.616778216,0,0
32.616819320,0,1
32.616842544,1,1
32.616861894,1,0
32.616902986,1,1
32.616945564,1,0
32.616986658,1,1
32.617008090,0,1
32.617028254,0,0
32.617069352,0,1
32.617110948,0,0
32.617154508,0,1
32.617196106,0,0
32.617234256,0,1
32.617257484,1,1
32.617276834,1,0
32.617321376,1,1
32.617339156,1,0
32.618413848,1,1
32.636733742,0,1
32.636745538,0,0
32.636788114,0,1
32.636829708,0,0
32.636870808,0,1
32.636912406,0,0
32.636953504,0,1
32.636995104,0,0
32.637036210,0,1
32.637077812,0,0
32.637118914,0,1
32.637142140,1,1
32.637161492,1,0
32.637202586,1,1
32.637245166,1,0
32.637286262,1,1
32.637328842,1,0
32.637369940,1,1
32.637412522,1,0
32.637456076,1,1
32.637498654,1,0
32.637536794,1,1
32.637579370,1,0
32.637623910,1,1
32.641251836,0,1
32.641263628,0,0
32.641306188,0,1
32.641347778,0,0
32.641388874,0,1
32.641430468,0,0
32.641471568,0,1
32.641494792,1,1
32.641514142,1,0
32.641555236,1,1
32.641576670,0,1
32.641596836,0,0
32.641637936,0,1
32.641661162,1,1
32.641680508,1,0
32.641721606,1,1
32.641764186,1,0
32.641805282,1,1
32.641826716,0,1
32.641846882,0,0
32.641887984,0,1
32.641929576,0,0
32.641973138,0,1
32.642014734,0,0
32.642052880,0,1
32.642076110,1,1
32.642095460,1,0
32.642140006,1,1
32.649570892,1,0
32.650413190,1,1
32.659222732,0,1
32.659234526,0,0
32.659277098,0,1
32.659318686,0,0
32.659359786,0,1
32.659401380,0,0
32.659442482,0,1
32.659484070,0,0
32.659525168,0,1
32.659566764,0,0
32.659607856,0,1
32.659631080,1,1
32.659650428,1,0
32.659691520,1,1
32.659734094,1,0
32.659775186,1,1
32.659817766,1,0
32.659858860,1,1
32.659901440,1,0
32.659944998,1,1
32.659987576,1,0
32.660025718,1,1
32.660068296,1,0
32.660112836,1,1
32.663739898,0,1
32.663751694,0,0
32.663794268,0,1
32.663817492,1,1
32.663836840,1,0
32.663877936,1,1
32.663920512,1,0
32.663961608,1,1
32.663983040,0,1
32.664003204,0,0
32.664044304,0,1
32.664085900,0,0
32.664127002,0,1
32.664150228,1,1
32.664169574,1,0
32.664210664,1,1
32.664253240,1,0
32.664294332,1,1
32.664315764,0,1
32.664335924,0,0
32.664377018,0,1
32.664418610,0,0
32.664462170,0,1
32.664485394,1,1
32.664504746,1,0
32.664542892,1,1
32.664585470,1,0
32.664630012,1,1
32.672226086,1,0
32.674415320,1,1
32.709501530,0,1
32.709513324,0,0
32.709555894,0,1
32.709579118,1,1
32.709598464,1,0
32.709639558,1,1
32.709682128,1,0
32.709723216,1,1
32.709744648,0,1
32.709764810,0,0
32.709805904,0,1
32.709847488,0,0
32.709888584,0,1
32.709911806,1,1
32.709931154,1,0
32.709972244,1,1
32.710014816,1,0
32.710055906,1,1
32.710077342,0,1
32.710097506,0,0
32.710138600,0,1
32.710180188,0,0
32.710223742,0,1
32.710246964,1,1
32.710266312,1,0
32.710304450,1,1
32.710347022,1,0
32.710391558,1,1
32.710409290,1,0
32.714413636,1,1
32.771274092,0,1
32.771285886,0,0
32.771328460,0,1
32.771370054,0,0
32.771411154,0,1
32.771452746,0,0
32.771493848,0,1
32.771517072,1,1
32.771536420,1,0
32.771577516,1,1
32.771598948,0,1
32.771619112,0,0
32.771660210,0,1
32.771683438,1,1
32.771702786,1,0
32.771743882,1,1
32.771786456,1,0
32.771827548,1,1
32.771848984,0,1
32.771869148,0,0
32.771910246,0,1
32.771951840,0,0
32.771995404,0,1
32.772036998,0,0
32.772075146,0,1
32.772098372,1,1
32.772117722,1,0
32.772162262,1,1
32.772180452,1,0
32.778412886,1,1
32.789335302,0,1
32.789347100,0,0
32.789389676,0,1
32.789431276,0,0
32.789472380,0,1
32.789513974,0,0
32.789555076,0,1
32.789596674,0,0
32.789637774,0,1
32.789679370,0,0
32.789720472,0,1
32.789743698,1,1
32.789763048,1,0
32.789804146,1,1
32.789846728,1,0
32.789887824,1,1
32.789930404,1,0
32.789971506,1,1
32.790014088,1,0
32.790057646,1,1
32.790100232,1,0
32.790138376,1,1
32.790180952,1,0
32.790225494,1,1
32.793853700,0,1
32.793865494,0,0
32.793908066,0,1
32.793949660,0,0
32.793990762,0,1
32.794032360,0,0
32.794073468,0,1
32.794096698,1,1
32.794116050,1,0
32.794157156,1,1
32.794178592,0,1
32.794198758,0,0
32.794239858,0,1
32.794263086,1,1
32.794282440,1,0
32.794323546,1,1
32.794366130,1,0
32.794407238,1,1
32.794428672,0,1
32.794448838,0,0
32.794489942,0,1
32.794531542,0,0
32.794575108,0,1
32.794616704,0,0
32.794654850,0,1
32.794678078,1,1
32.794697430,1,0
32.794741974,1,1
32.802995576,1,0
32.810412896,1,1
32.819549294,0,1
32.819561088,0,0
32.819603658,0,1
32.819645244,0,0
32.819686342,0,1
32.819727936,0,0
32.819769038,0,1
32.819810632,0,0
32.819851740,0,1
32.819893336,0,0
32.819934436,0,1
32.819957660,1,1
32.819977010,1,0
32.820018104,1,1
32.820060678,1,0
32.820101772,1,1
32.820144352,1,0
32.820185442,1,1
32.820228020,1,0
32.820271578,1,1
32.820314156,1,0
32.820352302,1,1
32.820394878,1,0
32.820439416,1,1
32.824066252,0,1
32.824078048,0,0
32.824120618,0,1
32.824143844,1,1
32.824163192,1,0
32.824204286,1,1
32.824246858,1,0
32.824287950,1,1
32.824309382,0,1
32.824329546,0,0
32.824370642,0,1
32.824412236,0,0
32.824453336,0,1
32.824476560,1,1
32.824495908,1,0
32.824537000,1,1
32.824579578,1,0
32.824620672,1,1
32.824642108,0,1
32.824662270,0,0
32.824703370,0,1
32.824744960,0,0
32.824788514,0,1
32.824811738,1,1
32.824831090,1,0
32.824869232,1,1
32.824911808,1,0
32.824956344,1,1
32.832848044,1,0
32.834413494,1,1
32.851101672,0,1
32.851113468,0,0
32.851156046,0,1
32.851179276,1,1
32.851198626,1,0
32.851239724,1,1
32.851282306,1,0
32.851323406,1,1
32.851344838,0,1
32.851365004,0,0
32.851406106,0,1
32.851447700,0,0
32.851488802,0,1
32.851512030,1,1
32.851531378,1,0
32.851572476,1,1
32.851615058,1,0
32.851656156,1,1
32.851677590,0,1
32.851697756,0,0
32.851738854,0,1
32.851780448,0,0
32.851824008,0,1
32.851847232,1,1
32.851866580,1,0
32.851904726,1,1
32.851947304,1,0
32.851991846,1,1
32.852009908,1,0
32.858414020,1,1
32.918873394,0,1
32.918885188,0,0
32.918927764,0,1
32.918969358,0,0
32.919010464,0,1
32.919052060,0,0
32.919093166,0,1
32.919116392,1,1
32.919135742,1,0
32.919176840,1,1
32.919198274,0,1
32.919218438,0,0
32.919259538,0,1
32.919282764,1,1
32.919302114,1,0
32.919343210,1,1
32.919385788,1,0
32.919426884,1,1
32.919448318,0,1
32.919468480,0,0
32.919509582,0,1
32.919551174,0,0
32.919594736,0,1
32.919636330,0,0
32.919674476,0,1
32.919697700,1,1
32.919717050,1,0
32.919761590,1,1
32.919779620,1,0
32.922419854,1,1
32.936559580,0,1
32.936571374,0,0
32.936613948,0,1
32.936655546,0,0
32.936696644,0,1
32.936738236,0,0
32.936779336,0,1
32.936820932,0,0
32.936862032,0,1
32.936903628,0,0
32.936944728,0,1
32.936967954,1,1
32.936987302,1,0
32.937028402,1,1
32.937070980,1,0
32.937112076,1,1
32.937154652,1,0
32.937195746,1,1
32.937238320,1,0
32.937281878,1,1
32.937324460,1,0
32.937362602,1,1
32.937405182,1,0
32.937449724,1,1
32.941077716,0,1
32.941089512,0,0
32.941132086,0,1
32.941173676,0,0
32.941214778,0,1
32.941256372,0,0
32.941297470,0,1
32.941320696,1,1
32.941340044,1,0
32.941381144,1,1
32.941402574,0,1
32.941422736,0,0
32.941463836,0,1
32.941487062,1,1
32.941506410,1,0
32.941547506,1,1
32.941590082,1,0
32.941631176,1,1
32.941652612,0,1
32.941672774,0,0
32.941713876,0,1
32.941755470,0,0
32.941799030,0,1
32.941840618,0,0
32.941878766,0,1
32.941901990,1,1
32.941921338,1,0
32.941965874,1,1
32.949202184,1,0
32.954413720,1,1
32.959050012,0,1
32.959061808,0,0
32.959104382,0,1
32.959145974,0,0
32.959187076,0,1
32.959228670,0,0
32.959269768,0,1
32.959311368,0,0
32.959352472,0,1
32.959394066,0,0
32.959435168,0,1
32.959458398,1,1
32.959477746,1,0
32.959518840,1,1
32.959561422,1,0
32.959602522,1,1
32.959645100,1,0
32.959686196,1,1
32.959728772,1,0
32.959772326,1,1
32.959814908,1,0
32.959853052,1,1
32.959895632,1,0
32.959940172,1,1
32.963567188,0,1
32.963578982,0,0
32.963621558,0,1
32.963644786,1,1
32.963664134,1,0
32.963705226,1,1
32.963747804,1,0
32.963788902,1,1
32.963810332,0,1
32.963830496,0,0
32.963871596,0,1
32.963913194,0,0
32.963954298,0,1
32.963977520,1,1
32.963996870,1,0
32.964037966,1,1
32.964080546,1,0
32.964121644,1,1
32.964143076,0,1
32.964163240,0,0
32.964204340,0,1
32.964245932,0,0
32.964289496,0,1
32.964312730,1,1
32.964332078,1,0
32.964370222,1,1
32.964412802,1,0
32.964457344,1,1
32.971848350,1,0
32.978412958,1,1
33.011946536,0,1
33.011958330,0,0
33.012000898,0,1
33.012024122,1,1
33.012043470,1,0
33.012084562,1,1
33.012127140,1,0
33.012168228,1,1
33.012189662,0,1
33.012209824,0,0
33.012250918,0,1
33.012292510,0,0
33.012333610,0,1
33.012356834,1,1
33.012376182,1,0
33.012417278,1,1
33.012459848,1,0
33.012500936,1,1
33.012522368,0,1
33.012542528,0,0
33.012583618,0,1
33.012625210,0,0
33.012668768,0,1
33.012691992,1,1
33.012711338,1,0
33.012749476,1,1
33.012792050,1,0
33.012836584,1,1
33.012854332,1,0
33.018413368,1,1
33.110751034,0,1
33.110762828,0,0
33.110805394,0,1
33.110846984,0,0
33.110888078,0,1
33.110929666,0,0
33.110970762,0,1
33.111012354,0,0
33.111053448,0,1
33.111095042,0,0
33.111136138,0,1
33.111159360,1,1
33.111178708,1,0
33.111219800,1,1
33.111262374,1,0
33.111303462,1,1
33.111346038,1,0
33.111387128,1,1
33.111429702,1,0
33.111473254,1,1
33.111515832,1,0
33.111553970,1,1
33.111596544,1,0
33.111641082,1,1
33.115268112,0,1
33.115279908,0,0
33.115322486,0,1
33.115345710,1,1
33.115365058,1,0
33.115406152,1,1
33.115448732,1,0
33.115489826,1,1
33.115511258,0,1
33.115531422,0,0
33.115572524,0,1
33.115614116,0,0
33.115655214,0,1
33.115678440,1,1
33.115697788,1,0
33.115738882,1,1
33.115781460,1,0
33.115822554,1,1
33.115843986,0,1
33.115864148,0,0
33.115905244,0,1
33.115946838,0,0
33.115990400,0,1
33.116013624,1,1
33.116032976,1,0
33.116071124,1,1
33.116113704,1,0
33.116158244,1,1
33.124231228,1,0
33.130413072,1,1
33.169299462,0,1
33.169311258,0,0
33.169353832,0,1
33.169377058,1,1
33.169396410,1,0
33.169437512,1,1
33.169480092,1,0
33.169521190,1,1
33.169542622,0,1
33.169562786,0,0
33.169603886,0,1
33.169645478,0,0
33.169686578,0,1
33.169709806,1,1
33.169729154,1,0
33.169770252,1,1
33.169812830,1,0
33.169853928,1,1
33.169875360,0,1
33.169895522,0,0
33.169936624,0,1
33.169978216,0,0
33.170021776,0,1
33.170045002,1,1
33.170064352,1,0
33.170102500,1,1
33.170145074,1,0
33.170189614,1,1
33.170207454,1,0
33.170412634,1,1
33.234149010,0,1
33.234160806,0,0
33.234203376,0,1
33.234244958,0,0
33.234286052,0,1
33.234327642,0,0
33.234368742,0,1
33.234391968,1,1
33.234411318,1,0
33.234452414,1,1
33.234473846,0,1
33.234494008,0,0
33.234535102,0,1
33.234558328,1,1
33.234577676,1,0
33.234618762,1,1
33.234661332,1,0
33.234702420,1,1
33.234723852,0,1
33.234744012,0,0
33.234785106,0,1
33.234826696,0,0
33.234870254,0,1
33.234911838,0,0
33.234949982,0,1
33.234973206,1,1
33.234992552,1,0
33.235037084,1,1
33.235054768,1,0
33.242412240,1,1
33.254450350,0,1
33.254462146,0,0
33.254504722,0,1
33.254546312,0,0
33.254587414,0,1
33.254629004,0,0
33.254670100,0,1
33.254711688,0,0
33.254752790,0,1
33.254794382,0,0
33.254835480,0,1
33.254858710,1,1
33.254878060,1,0
33.254919162,1,1
33.254961740,1,0
33.255002840,1,1
33.255045420,1,0
33.255086520,1,1
33.255129096,1,0
33.255172644,1,1
33.255215208,1,0
33.255253338,1,1
33.255295904,1,0
33.255340432,1,1
33.258968252,0,1
33.258980046,0,0
33.259022618,0,1
33.259064212,0,0
33.259105314,0,1
33.259146908,0,0
33.259188012,0,1
33.259211240,1,1
33.259230588,1,0
33.259271684,1,1
33.259293116,0,1
33.259313282,0,0
33.259354382,0,1
33.259377608,1,1
33.259396956,1,0
33.259438054,1,1
33.259480638,1,0
33.259521734,1,1
33.259543166,0,1
33.259563330,0,0
33.259604428,0,1
33.259646020,0,0
33.259689576,0,1
33.259731174,0,0
33.259769322,0,1
33.259792546,1,1
33.259811894,1,0
33.259856438,1,1
33.267336396,1,0
33.274412220,1,1
33.276941430,0,1
33.276953224,0,0
33.276995798,0,1
33.277037390,0,0
33.277078494,0,1
33.277120106,0,0
33.277161232,0,1
33.277202856,0,0
33.277243984,0,1
33.277285608,0,0
33.277326738,0,1
33.277349980,1,1
33.277369340,1,0
33.277410462,1,1
33.277453062,1,0
33.277494180,1,1
33.277536780,1,0
33.277577906,1,1
33.277620512,1,0
33.277664106,1,1
33.277706718,1,0
33.277744890,1,1
33.277787486,1,0
33.277832036,1,1
33.281459326,0,1
33.281471128,0,0
33.281513722,0,1
33.281536954,1,1
33.281556308,1,0
33.281597410,1,1
33.281639998,1,0
33.281681094,1,1
33.281702530,0,1
33.281722694,0,0
33.281763796,0,1
33.281805392,0,0
33.281846490,0,1
33.281869720,1,1
33.281889068,1,0
33.281930164,1,1
33.281972738,1,0
33.282013838,1,1
33.282035272,0,1
33.282055436,0,0
33.282096542,0,1
33.282138136,0,0
33.282181698,0,1
33.282204922,1,1
33.282224274,1,0
33.282262418,1,1
33.282304998,1,0
33.282349540,1,1
33.289983714,1,0
33.290412490,1,1
33.321894332,0,1
33.321906126,0,0
33.321948696,0,1
33.321971922,1,1
33.321991272,1,0
33.322032364,1,1
33.322074946,1,0
33.322116044,1,1
33.322137482,0,1
33.322157646,0,0
33.322198744,0,1
33.322240340,0,0
33.322281440,0,1
33.322304666,1,1
33.322324018,1,0
33.322365118,1,1
33.322407702,1,0
33.322448798,1,1
33.322470232,0,1
33.322490396,0,0
33.322531496,0,1
33.322573090,0,0
33.322616650,0,1
33.322639874,1,1
33.322659224,1,0
33.322697366,1,1
33.322739942,1,0
33.322784480,1,1
33.322803012,1,0
33.330411654,1,1
33.380773350,0,1
33.380785144,0,0
33.380827720,0,1
33.380869312,0,0
33.380910412,0,1
33.380952000,0,0
33.380993098,0,1
33.381016324,1,1
33.381035672,1,0
33.381076764,1,1
33.381098200,0,1
33.381118364,0,0
33.381159460,0,1
33.381182684,1,1
33.381202030,1,0
33.381243128,1,1
33.381285702,1,0
33.381326792,1,1
33.381348224,0,1
33.381368386,0,0
33.381409484,0,1
33.381451072,0,0
33.381494636,0,1
33.381536230,0,0
33.381574374,0,1
33.381597604,1,1
33.381616954,1,0
33.381661498,1,1
33.381679322,1,0
33.386411788,1,1
33.400950738,0,1
33.400962534,0,0
33.401005110,0,1
33.401046702,0,0
33.401087806,0,1
33.401129404,0,0
33.401170504,0,1
33.401212098,0,0
33.401253196,0,1
33.401294794,0,0
33.401335896,0,1
33.401359124,1,1
33.401378472,1,0
33.401419568,1,1
33.401462144,1,0
33.401503234,1,1
33.401545810,1,0
33.401586908,1,1
33.401629484,1,0
33.401673042,1,1
33.401715622,1,0
33.401753764,1,1
33.401796346,1,0
33.401840892,1,1
33.405469030,0,1
33.405480826,0,0
33.405523400,0,1
33.405564990,0,0
33.405606088,0,1
33.405647682,0,0
33.405688782,0,1
33.405712006,1,1
33.405731358,1,0
33.405772452,1,1
33.405793888,0,1
33.405814052,0,0
33.405855150,0,1
33.405878380,1,1
33.405897728,1,0
33.405938824,1,1
33.405981404,1,0
33.406022502,1,1
33.406043936,0,1
33.406064098,0,0
33.406105200,0,1
33.406146796,0,0
33.406190356,0,1
33.406231952,0,0
33.406270102,0,1
33.406293330,1,1
33.406312680,1,0
33.406357224,1,1
33.414561432,1,0
33.418411394,1,1
33.420867220,0,1
33.420879014,0,0
33.420921588,0,1
33.420963182,0,0
33.421004284,0,1
33.421045878,0,0
33.421086986,0,1
33.421128582,0,0
33.421169684,0,1
33.421211280,0,0
33.421252382,0,1
33.421275606,1,1
33.421294956,1,0
33.421336054,1,1
33.421378632,1,0
33.421419730,1,1
33.421462310,1,0
33.421503404,1,1
33.421545980,1,0
33.421589538,1,1
33.421632120,1,0
33.421670260,1,1
33.421712838,1,0
33.421757380,1,1
33.425384546,0,1
33.425396342,0,0
33.425438918,0,1
33.425462140,1,1
33.425481492,1,0
33.425522588,1,1
33.425565166,1,0
33.425606258,1,1
33.425627694,0,1
33.425647858,0,0
33.425688958,0,1
33.425730550,0,0
33.425771652,0,1
33.425794880,1,1
33.425814230,1,0
33.425855330,1,1
33.425897906,1,0
33.425939002,1,1
33.425939006,1,0
33.425939008,1,1
33.425960440,0,1
33.425980602,0,0
33.426021702,0,1
33.426063296,0,0
33.426106860,0,1
33.426130086,1,1
33.426149436,1,0
33.426187576,1,1
33.426230158,1,0
33.426274696,1,1
33.434121292,1,0
33.434412150,1,1
33.471233258,0,1
33.471245054,0,0
33.471287630,0,1
33.471310858,1,1
33.471330208,1,0
33.471371308,1,1
33.471413888,1,0
33.471454984,1,1
33.471476418,0,1
33.471496582,0,0
33.471537684,0,1
33.471579284,0,0
33.471620386,0,1
33.471643616,1,1
33.471662966,1,0
33.471704066,1,1
33.471746648,1,0
33.471787750,1,1
33.471809186,0,1
33.471829350,0,0
33.471870452,0,1
33.471912050,0,0
33.471955616,0,1
33.471978842,1,1
33.471998188,1,0
33.472036328,1,1
33.472078912,1,0
33.472123454,1,1
33.472142174,1,0
33.474411642,1,1
33.487879204,0,1
33.487891000,0,0
33.487933578,0,1
33.487975178,0,0
33.488016280,0,1
33.488057878,0,0
33.488098984,0,1
33.488122210,1,1
33.488141560,1,0
33.488182658,1,1
33.488204094,0,1
33.488224258,0,0
33.488265358,0,1
33.488288586,1,1
33.488307936,1,0
33.488349040,1,1
33.488391620,1,0
33.488432718,1,1
33.488454154,0,1
33.488474318,0,0
33.488515416,0,1
33.488557010,0,0
33.488600574,0,1
33.488642170,0,0
33.488680318,0,1
33.488703548,1,1
33.488722898,1,0
33.488767438,1,1
33.488784972,1,0
33.490411900,1,1
33.538063100,0,1
33.538074896,0,0
33.538117476,0,1
33.538159066,0,0
33.538200166,0,1
33.538241758,0,0
33.538282862,0,1
33.538324458,0,0
33.538365564,0,1
33.538407164,0,0
33.538448264,0,1
33.538471490,1,1
33.538490838,1,0
33.538531936,1,1
33.538574512,1,0
33.538615604,1,1
33.538658182,1,0
33.538699272,1,1
33.538741848,1,0
33.538785404,1,1
33.538827982,1,0
33.538866124,1,1
33.538908704,1,0
33.538953242,1,1
33.542581098,0,1
33.542592892,0,0
33.542635462,0,1
33.542677048,0,0
33.542718146,0,1
33.542759734,0,0
33.542800828,0,1
33.542824052,1,1
33.542843402,1,0
33.542884496,1,1
33.542905928,0,1
33.542926092,0,0
33.542967188,0,1
33.542990416,1,1
33.543009764,1,0
33.543050854,1,1
33.543093434,1,0
33.543134526,1,1
33.543155956,0,1
33.543176116,0,0
33.543217212,0,1
33.543258802,0,0
33.543302358,0,1
33.543343948,0,0
33.543382094,0,1
33.543405318,1,1
33.543424666,1,0
33.543469206,1,1
33.551509110,1,0
33.554410674,1,1
33.560552528,0,1
33.560564324,0,0
33.560606904,0,1
33.560648502,0,0
33.560689606,0,1
33.560731198,0,0
33.560772300,0,1
33.560813896,0,0
33.560854998,0,1
33.560896590,0,0
33.560937696,0,1
33.560960922,1,1
33.560980272,1,0
33.561021370,1,1
33.561063950,1,0
33.561105048,1,1
33.561147626,1,0
33.561188722,1,1
33.561231300,1,0
33.561274858,1,1
33.561317438,1,0
33.561355582,1,1
33.561398158,1,0
33.561442698,1,1
33.565069496,0,1
33.565081294,0,0
33.565123880,0,1
33.565147110,1,1
33.565166458,1,0
33.565207554,1,1
33.565250134,1,0
33.565291232,1,1
33.565312664,0,1
33.565332826,0,0
33.565373926,0,1
33.565415524,0,0
33.565456624,0,1
33.565479850,1,1
33.565499200,1,0
33.565540296,1,1
33.565582874,1,0
33.565623968,1,1
33.565645406,0,1
33.565665570,0,0
33.565706670,0,1
33.565748264,0,0
33.565791828,0,1
33.565815056,1,1
33.565834404,1,0
33.565872548,1,1
33.565915128,1,0
33.565959670,1,1
33.574159750,1,0
33.578412064,1,1
33.626810024,0,1
33.626821820,0,0
33.626864396,0,1
33.626887624,1,1
33.626906974,1,0
33.626948070,1,1
33.626990648,1,0
33.627031742,1,1
33.627053172,0,1
33.627073332,0,0
33.627114432,0,1
33.627156024,0,0
33.627197122,0,1
33.627220350,1,1
33.627239700,1,0
33.627280796,1,1
33.627323368,1,0
33.627364462,1,1
33.627385894,0,1
33.627406056,0,0
33.627447152,0,1
33.627488744,0,0
33.627532302,0,1
33.627555528,1,1
33.627574874,1,0
33.627613014,1,1
33.627655590,1,0
33.627700122,1,1
33.627718026,1,0
33.634411378,1,1
33.679358186,0,1
33.679369986,0,0
33.679412582,0,1
33.679454198,0,0
33.679495326,0,1
33.679536946,0,0
33.679578076,0,1
33.679601308,1,1
33.679620662,1,0
33.679661766,1,1
33.679683204,0,1
33.679703370,0,0
33.679744470,0,1
33.679767696,1,1
33.679787046,1,0
33.679828144,1,1
33.679870718,1,0
33.679911808,1,1
33.679933242,0,1
33.679953404,0,0
33.679994500,0,1
33.680036094,0,0
33.680079660,0,1
33.680121256,0,0
33.680159398,0,1
33.680182628,1,1
33.680201976,1,0
33.680246516,1,1
33.680264494,1,0
33.682411312,1,1
33.697169388,0,1
33.697181184,0,0
33.697223762,0,1
33.697265370,0,0
33.697306488,0,1
33.697348098,0,0
33.697389208,0,1
33.697430806,0,0
33.697471904,0,1
33.697513502,0,0
33.697554604,0,1
33.697577828,1,1
33.697597176,1,0
33.697638272,1,1
33.697680846,1,0
33.697721940,1,1
33.697764518,1,0
33.697805612,1,1
33.697848184,1,0
33.697891740,1,1
33.697934318,1,0
33.697972460,1,1
33.698015042,1,0
33.698059582,1,1
33.701687660,0,1
33.701699458,0,0
33.701742038,0,1
33.701783634,0,0
33.701824738,0,1
33.701866334,0,0
33.701907434,0,1
33.701930662,1,1
33.701950012,1,0
33.701991114,1,1
33.702012544,0,1
33.702032706,0,0
33.702073812,0,1
33.702097040,1,1
33.702116392,1,0
33.702157492,1,1
33.702200072,1,0
33.702241170,1,1
33.702262604,0,1
33.702282768,0,0
33.702323870,0,1
33.702365464,0,0
33.702409024,0,1
33.702450614,0,0
33.702488760,0,1
33.702511986,1,1
33.702531336,1,0
33.702575878,1,1
33.710083014,1,0
33.714410492,1,1
33.722233510,0,1
33.722245306,0,0
33.722287882,0,1
33.722329478,0,0
33.722370582,0,1
33.722412182,0,0
33.722453288,0,1
33.722494882,0,0
33.722535986,0,1
33.722577584,0,0
33.722618686,0,1
33.722641912,1,1
33.722661264,1,0
33.722702362,1,1
33.722744934,1,0
33.722786028,1,1
33.722828606,1,0
33.722869698,1,1
33.722912270,1,0
33.722955824,1,1
33.722998396,1,0
33.723036536,1,1
33.723079124,1,0
33.723123682,1,1
33.726750876,0,1
33.726762672,0,0
33.726805244,0,1
33.726828468,1,1
33.726847816,1,0
33.726888912,1,1
33.726931490,1,0
33.726972584,1,1
33.726994018,0,1
33.727014182,0,0
33.727055282,0,1
33.727096876,0,0
33.727137982,0,1
33.727161208,1,1
33.727180558,1,0
33.727221656,1,1
33.727264236,1,0
33.727305332,1,1
33.727326768,0,1
33.727346932,0,0
33.727388034,0,1
33.727429630,0,0
33.727473190,0,1
33.727496418,1,1
33.727515768,1,0
33.727553912,1,1
33.727596486,1,0
33.727641022,1,1
33.735824072,1,0
33.738411602,1,1
33.769934172,0,1
33.769945966,0,0
33.769988538,0,1
33.770011760,1,1
33.770031106,1,0
33.770072196,1,1
33.770114774,1,0
33.770155868,1,1
33.770177300,0,1
33.770197460,0,0
33.770238558,0,1
33.770280148,0,0
33.770321244,0,1
33.770344472,1,1
33.770363822,1,0
33.770404922,1,1
33.770447498,1,0
33.770488590,1,1
33.770510022,0,1
33.770530184,0,0
33.770571278,0,1
33.770612866,0,0
33.770656426,0,1
33.770679648,1,1
33.770698996,1,0
33.770737130,1,1
33.770779708,1,0
33.770824242,1,1
33.770842732,1,0
33.778410458,1,1
33.825310344,0,1
33.825322140,0,0
33.825364708,0,1
33.825387928,1,1
33.825407276,1,0
33.825448372,1,1
33.825490948,1,0
33.825532042,1,1
33.825553478,0,1
33.825573640,0,0
33.825614742,0,1
33.825637964,1,1
33.825657314,1,0
33.825698410,1,1
33.825740988,1,0
33.825782082,1,1
33.825824660,1,0
33.825865756,1,1
33.825887186,0,1
33.825907350,0,0
33.825948448,0,1
33.825990042,0,0
33.826033598,0,1
33.826075196,0,0
33.826113346,0,1
33.826136572,1,1
33.826155918,1,0
33.826200464,1,1
33.826218462,1,0
33.826411636,1,1
33.843121856,0,1
33.843133652,0,0
33.843176226,0,1
33.843217814,0,0
33.843258914,0,1
33.843300506,0,0
33.843341604,0,1
33.843383198,0,0
33.843424300,0,1
33.843465892,0,0
33.843506994,0,1
33.843530216,1,1
33.843549566,1,0
33.843590662,1,1
33.843633240,1,0
33.843674332,1,1
33.843716906,1,0
33.843757996,1,1
33.843800572,1,0
33.843844120,1,1
33.843886692,1,0
33.843924830,1,1
33.843967404,1,0
33.844011940,1,1
33.847635846,0,1
33.847647642,0,0
33.847690212,0,1
33.847713438,1,1
33.847732786,1,0
33.847773882,1,1
33.847816456,1,0
33.847857554,1,1
33.847878988,0,1
33.847899152,0,0
33.847940250,0,1
33.847963472,1,1
33.847982824,1,0
33.848023922,1,1
33.848066496,1,0
33.848107598,1,1
33.848150178,1,0
33.848191272,1,1
33.848212706,0,1
33.848232870,0,0
33.848273970,0,1
33.848315562,0,0
33.848359126,0,1
33.848400718,0,0
33.848438868,0,1
33.848462094,1,1
33.848481444,1,0
33.848525988,1,1
33.856306662,1,0
33.858410438,1,1
33.868182750,0,1
33.868194546,0,0
33.868237118,0,1
33.868278710,0,0
33.868319810,0,1
33.868361402,0,0
33.868402500,0,1
33.868444096,0,0
33.868485196,0,1
33.868526790,0,0
33.868567894,0,1
33.868591120,1,1
33.868610470,1,0
33.868651564,1,1
33.868694142,1,0
33.868735232,1,1
33.868777806,1,0
33.868818898,1,1
33.868861472,1,0
33.868905024,1,1
33.868947600,1,0
33.868985738,1,1
33.869028312,1,0
33.869072852,1,1
33.872699480,0,1
33.872711276,0,0
33.872753848,0,1
33.872777072,1,1
33.872796420,1,0
33.872837510,1,1
33.872880088,1,0
33.872921180,1,1
33.872942614,0,1
33.872962776,0,0
33.873003874,0,1
33.873045470,0,0
33.873086580,0,1
33.873109808,1,1
33.873129158,1,0
33.873170254,1,1
33.873212834,1,0
33.873253930,1,1
33.873275364,0,1
33.873295530,0,0
33.873336630,0,1
33.873378226,0,0
33.873421790,0,1
33.873445018,1,1
33.873464366,1,0
33.873502506,1,1
33.873545086,1,0
33.873589622,1,1
33.881021360,1,0
33.882410848,1,1
33.934364792,0,1
33.934376588,0,0
33.934419158,0,1
33.934442380,1,1
33.934461726,1,0
33.934502814,1,1
33.934545384,1,0
33.934586474,1,1
33.934607906,0,1
33.934628068,0,0
33.934669160,0,1
33.934710748,0,0
33.934751846,0,1
33.934775070,1,1
33.934794420,1,0
33.934835510,1,1
33.934878086,1,0
33.934919176,1,1
33.934940606,0,1
33.934960768,0,0
33.935001864,0,1
33.935043456,0,0
33.935087014,0,1
33.935110240,1,1
33.935129586,1,0
33.935167726,1,1
33.935210298,1,0
33.935254834,1,1
33.935272892,1,0
33.938409964,1,1
33.953252776,0,1
33.953264570,0,0
33.953307142,0,1
33.953330366,1,1
33.953349712,1,0
33.953390808,1,1
33.953433380,1,0
33.953474476,1,1
33.953495910,0,1
33.953516072,0,0
33.953557168,0,1
33.953580392,1,1
33.953599738,1,0
33.953640832,1,1
33.953683406,1,0
33.953724502,1,1
33.953767080,1,0
33.953808174,1,1
33.953829606,0,1
33.953849768,0,0
33.953890864,0,1
33.953932456,0,0
33.953976014,0,1
33.954017608,0,0
33.954055752,0,1
33.954078978,1,1
33.954098328,1,0
33.954142864,1,1
33.954161764,1,0
33.954410538,1,1
34.005595484,0,1
34.005607276,0,0
34.005649842,0,1
34.005691428,0,0
34.005732520,0,1
34.005774112,0,0
34.005815212,0,1
34.005856802,0,0
34.005897898,0,1
34.005939488,0,0
34.005980584,0,1
34.006003808,1,1
34.006023154,1,0
34.006064250,1,1
34.006106834,1,0
34.006147948,1,1
34.006190546,1,0
34.006231664,1,1
34.006274256,1,0
34.006317820,1,1
34.006360400,1,0
34.006398538,1,1
34.006441114,1,0
34.006485652,1,1
34.010109620,0,1
34.010121414,0,0
34.010163984,0,1
34.010187204,1,1
34.010206550,1,0
34.010247638,1,1
34.010290210,1,0
34.010331298,1,1
34.010352732,0,1
34.010372896,0,0
34.010413994,0,1
34.010437220,1,1
34.010456568,1,0
34.010497662,1,1
34.010540240,1,0
34.010581334,1,1
34.010623908,1,0
34.010665000,1,1
34.010686430,0,1
34.010706592,0,0
34.010747686,0,1
34.010789276,0,0
34.010832830,0,1
34.010874420,0,0
34.010912560,0,1
34.010935784,1,1
34.010955130,1,0
34.010999664,1,1
34.019024186,1,0
34.026411662,1,1
34.033231458,0,1
34.033243254,0,0
34.033285826,0,1
34.033327422,0,0
34.033368518,0,1
34.033410110,0,0
34.033451212,0,1
34.033492804,0,0
34.033533904,0,1
34.033575500,0,0
34.033616602,0,1
34.033639830,1,1
34.033659182,1,0
34.033700284,1,1
34.033742866,1,0
34.033783964,1,1
34.033826546,1,0
34.033867646,1,1
34.033910224,1,0
34.033953784,1,1
34.033996368,1,0
34.034034510,1,1
34.034077092,1,0
34.034121638,1,1
34.037748846,0,1
34.037760642,0,0
34.037803210,0,1
34.037826430,1,1
34.037845776,1,0
34.037886868,1,1
34.037929442,1,0
34.037970530,1,1
34.037991956,0,1
34.038012118,0,0
34.038053216,0,1
34.038094808,0,0
34.038135906,0,1
34.038159136,1,1
34.038178482,1,0
34.038219580,1,1
34.038262156,1,0
34.038303252,1,1
34.038324686,0,1
34.038344850,0,0
34.038385948,0,1
34.038427540,0,0
34.038471100,0,1
34.038494326,1,1
34.038513674,1,0
34.038551816,1,1
34.038594392,1,0
34.038638928,1,1
34.046821646,1,0
34.050410630,1,1
34.086168428,0,1
34.086180222,0,0
34.086222792,0,1
34.086246016,1,1
34.086265362,1,0
34.086306456,1,1
34.086349026,1,0
34.086390116,1,1
34.086411550,0,1
34.086431712,0,0
34.086472802,0,1
34.086514390,0,0
34.086555484,0,1
34.086578706,1,1
34.086598052,1,0
34.086639144,1,1
34.086681716,1,0
34.086722806,1,1
34.086744238,0,1
34.086764398,0,0
34.086805494,0,1
34.086847084,0,0
34.086890640,0,1
34.086913864,1,1
34.086933212,1,0
34.086971346,1,1
34.087013916,1,0
34.087058452,1,1
34.087076824,1,0
34.090409888,1,1
34.147756214,0,1
34.147768008,0,0
34.147810580,0,1
34.147833808,1,1
34.147853156,1,0
34.147894252,1,1
34.147936824,1,0
34.147977914,1,1
34.147999346,0,1
34.148019506,0,0
34.148060600,0,1
34.148083824,1,1
34.148103170,1,0
34.148144264,1,1
34.148186832,1,0
34.148227922,1,1
34.148270496,1,0
34.148311588,1,1
34.148333020,0,1
34.148353182,0,0
34.148394280,0,1
34.148435874,0,0
34.148479432,0,1
34.148521022,0,0
34.148559164,0,1
34.148582388,1,1
34.148601736,1,0
34.148646274,1,1
34.148664844,1,0
34.154410072,1,1
34.165693856,0,1
34.165705652,0,0
34.165748222,0,1
34.165789810,0,0
34.165830910,0,1
34.165872504,0,0
34.165913602,0,1
34.165955200,0,0
34.165996302,0,1
34.166037894,0,0
34.166078996,0,1
34.166102228,1,1
34.166121576,1,0
34.166162676,1,1
34.166205256,1,0
34.166246354,1,1
34.166288932,1,0
34.166330028,1,1
34.166372610,1,0
34.166416164,1,1
34.166458740,1,0
34.166496882,1,1
34.166539458,1,0
34.166583996,1,1
34.170207944,0,1
34.170219738,0,0
34.170262312,0,1
34.170285538,1,1
34.170304886,1,0
34.170345984,1,1
34.170388568,1,0
34.170429668,1,1
34.170451100,0,1
34.170471264,0,0
34.170512362,0,1
34.170535586,1,1
34.170554936,1,0
34.170596034,1,1
34.170638612,1,0
34.170679710,1,1
34.170722280,1,0
34.170763370,1,1
34.170784802,0,1
34.170804966,0,0
34.170846062,0,1
34.170887650,0,0
34.170931212,0,1
34.170972804,0,0
34.171010952,0,1
34.171034178,1,1
34.171053526,1,0
34.171098070,1,1
34.178630896,1,0
34.186409488,1,1
34.193331200,0,1
34.193342998,0,0
34.193385572,0,1
34.193427166,0,0
34.193468266,0,1
34.193509862,0,0
34.193550964,0,1
34.193592558,0,0
34.193633660,0,1
34.193675256,0,0
34.193716360,0,1
34.193739590,1,1
34.193758940,1,0
34.193800038,1,1
34.193842620,1,0
34.193883714,1,1
34.193926294,1,0
34.193967390,1,1
34.194009966,1,0
34.194053524,1,1
34.194096108,1,0
34.194134254,1,1
34.194176832,1,0
34.194221372,1,1
34.197848398,0,1
34.197860194,0,0
34.197902768,0,1
34.197925996,1,1
34.197945348,1,0
34.197986450,1,1
34.198029028,1,0
34.198070128,1,1
34.198091568,0,1
34.198111734,0,0
34.198152838,0,1
34.198194438,0,0
34.198235540,0,1
34.198258770,1,1
34.198278118,1,0
34.198319220,1,1
34.198361802,1,0
34.198402902,1,1
34.198424338,0,1
34.198444504,0,0
34.198485606,0,1
34.198527202,0,0
34.198570766,0,1
34.198593996,1,1
34.198613346,1,0
34.198651492,1,1
34.198694074,1,0
34.198738616,1,1
34.206427826,1,0
34.210410602,1,1
34.246271508,0,1
34.246283302,0,0
34.246325878,0,1
34.246349104,1,1
34.246368452,1,0
34.246409546,1,1
34.246452126,1,0
34.246493222,1,1
34.246514656,0,1
34.246534818,0,0
34.246575918,0,1
34.246617512,0,0
34.246658612,0,1
34.246681842,1,1
34.246701190,1,0
34.246742286,1,1
34.246784866,1,0
34.246825960,1,1
34.246847396,0,1
34.246867558,0,0
34.246908658,0,1
34.246950252,0,0
34.246993814,0,1
34.247017040,1,1
34.247036390,1,0
34.247074534,1,1
34.247117118,1,0
34.247161658,1,1
34.247179444,1,0
34.250409306,1,1
34.298964760,0,1
34.298976554,0,0
34.299019124,0,1
34.299060710,0,0
34.299101810,0,1
34.299143402,0,0
34.299184498,0,1
34.299207720,1,1
34.299227066,1,0
34.299268158,1,1
34.299289590,0,1
34.299309752,0,0
34.299350842,0,1
34.299374068,1,1
34.299393416,1,0
34.299434510,1,1
34.299477082,1,0
34.299518178,1,1
34.299539608,0,1
34.299559768,0,0
34.299600860,0,1
34.299642450,0,0
34.299686004,0,1
34.299727596,0,0
34.299765744,0,1
34.299788966,1,1
34.299808314,1,0
34.299852850,1,1
34.299870778,1,0
34.306409426,1,1
34.322151964,0,1
34.322163758,0,0
34.322206332,0,1
34.322247916,0,0
34.322289006,0,1
34.322330600,0,0
34.322371696,0,1
34.322413292,0,0
34.322454396,0,1
34.322495986,0,0
34.322537084,0,1
34.322560310,1,1
34.322579660,1,0
34.322620752,1,1
34.322663322,1,0
34.322704412,1,1
34.322746986,1,0
34.322788074,1,1
34.322830648,1,0
34.322874202,1,1
34.322916776,1,0
34.322954912,1,1
34.322997484,1,0
34.323042028,1,1
34.326669884,0,1
34.326681678,0,0
34.326724248,0,1
34.326765842,0,0
34.326806940,0,1
34.326848536,0,0
34.326889636,0,1
34.326912862,1,1
34.326932210,1,0
34.326973306,1,1
34.326994736,0,1
34.327014898,0,0
34.327055994,0,1
34.327079222,1,1
34.327098570,1,0
34.327139664,1,1
34.327182242,1,0
34.327223334,1,1
34.327244766,0,1
34.327264928,0,0
34.327306028,0,1
34.327347620,0,0
34.327391180,0,1
34.327432776,0,0
34.327470924,0,1
34.327494146,1,1
34.327513498,1,0
34.327558040,1,1
34.335137494,1,0
34.338409450,1,1
34.347215834,0,1
34.347227632,0,0
34.347270204,0,1
34.347311796,0,0
34.347352898,0,1
34.347394490,0,0
34.347435590,0,1
34.347477184,0,0
34.347518286,0,1
34.347559880,0,0
34.347600982,0,1
34.347624210,1,1
34.347643560,1,0
34.347684652,1,1
34.347727224,1,0
34.347768316,1,1
34.347810890,1,0
34.347851982,1,1
34.347894560,1,0
34.347938126,1,1
34.347980708,1,0
34.348018854,1,1
34.348061430,1,0
34.348105970,1,1
34.351732890,0,1
34.351744684,0,0
34.351787258,0,1
34.351810480,1,1
34.351829830,1,0
34.351870926,1,1
34.351913504,1,0
34.351954602,1,1
34.351976036,0,1
34.351996200,0,0
34.352037300,0,1
34.352078898,0,0
34.352120000,0,1
34.352143226,1,1
34.352162572,1,0
34.352203668,1,1
34.352246242,1,0
34.352287336,1,1
34.352308768,0,1
34.352328932,0,0
34.352370032,0,1
34.352411626,0,0
34.352455188,0,1
34.352478416,1,1
34.352497766,1,0
34.352535910,1,1
34.352578490,1,0
34.352623032,1,1
34.359849916,1,0
34.362410034,1,1
34.392252120,0,1
34.392263916,0,0
34.392306490,0,1
34.392329714,1,1
34.392349062,1,0
34.392390152,1,1
34.392432730,1,0
34.392473822,1,1
34.392495254,0,1
34.392515416,0,0
34.392556516,0,1
34.392598112,0,0
34.392639212,0,1
34.392662430,1,1
34.392681780,1,0
34.392722876,1,1
34.392765452,1,0
34.392806544,1,1
34.392827978,0,1
34.392848142,0,0
34.392889238,0,1
34.392930828,0,0
34.392974384,0,1
34.392997606,1,1
34.393016950,1,0
34.393055084,1,1
34.393097662,1,0
34.393142198,1,1
34.393160520,1,0
34.394409154,1,1
34.408706124,0,1
34.408717920,0,0
34.408760492,0,1
34.408802084,0,0
34.408843186,0,1
34.408884776,0,0
34.408925874,0,1
34.408949098,1,1
34.408968448,1,0
34.409009542,1,1
34.409030976,0,1
34.409051138,0,0
34.409092242,0,1
34.409115470,1,1
34.409134820,1,0
34.409175918,1,1
34.409218500,1,0
34.409259594,1,1
34.409281030,0,1
34.409301194,0,0
34.409342296,0,1
34.409383892,0,0
34.409427452,0,1
34.409469046,0,0
34.409507194,0,1
34.409530418,1,1
34.409549766,1,0
34.409594302,1,1
34.409612500,1,0
34.410409416,1,1
34.475020974,0,1
34.475032770,0,0
34.475075344,0,1
34.475116944,0,0
34.475158046,0,1
34.475199640,0,0
34.475240742,0,1
34.475282340,0,0
34.475323442,0,1
34.475365040,0,0
34.475406142,0,1
34.475429370,1,1
34.475448720,1,0
34.475489818,1,1
34.475532398,1,0
34.475573496,1,1
34.475616076,1,0
34.475657172,1,1
34.475699750,1,0
34.475743304,1,1
34.475785882,1,0
34.475824024,1,1
34.475866602,1,0
34.475911138,1,1
34.479539300,0,1
34.479551096,0,0
34.479593672,0,1
34.479635268,0,0
34.479676368,0,1
34.479717964,0,0
34.479759068,0,1
34.479782294,1,1
34.479801646,1,0
34.479842744,1,1
34.479864178,0,1
34.479884342,0,0
34.479925442,0,1
34.479948666,1,1
34.479968018,1,0
34.480009116,1,1
34.480051692,1,0
34.480092796,1,1
34.480114230,0,1
34.480134398,0,0
34.480175498,0,1
34.480217096,0,0
34.480260662,0,1
34.480302260,0,0
34.480340412,0,1
34.480363642,1,1
34.480382992,1,0
34.480427540,1,1
34.488563262,1,0
34.490408948,1,1
34.492876078,0,1
34.492887874,0,0
34.492930448,0,1
34.492972044,0,0
34.493013148,0,1
34.493054742,0,0
34.493095852,0,1
34.493137448,0,0
34.493178552,0,1
34.493220146,0,0
34.493261248,0,1
34.493284476,1,1
34.493303826,1,0
34.493344926,1,1
34.493387508,1,0
34.493428606,1,1
34.493471188,1,0
34.493512288,1,1
34.493554866,1,0
34.493598426,1,1
34.493641006,1,0
34.493679146,1,1
34.493721724,1,0
34.493766266,1,1
34.497393674,0,1
34.497405472,0,0
34.497448050,0,1
34.497471278,1,1
34.497490628,1,0
34.497531728,1,1
34.497574312,1,0
34.497615410,1,1
34.497636846,0,1
34.497657012,0,0
34.497698116,0,1
34.497739714,0,0
34.497780818,0,1
34.497804046,1,1
34.497823400,1,0
34.497864502,1,1
34.497907086,1,0
34.497948192,1,1
34.497969630,0,1
34.497989796,0,0
34.498030904,0,1
34.498072506,0,0
34.498116082,0,1
34.498139312,1,1
34.498158664,1,0
34.498196816,1,1
34.498239400,1,0
34.498283948,1,1
34.506069998,1,0
34.506411124,1,1
34.529981036,0,1
34.529992830,0,0
34.530035402,0,1
34.530058632,1,1
34.530077982,1,0
34.530119080,1,1
34.530161660,1,0
34.530202760,1,1
34.530224192,0,1
34.530244354,0,0
34.530285452,0,1
34.530327054,0,0
34.530368160,0,1
34.530391392,1,1
34.530410742,1,0
34.530451844,1,1
34.530494424,1,0
34.530535522,1,1
34.530556956,0,1
34.530577120,0,0
34.530618220,0,1
34.530659818,0,0
34.530703380,0,1
34.530726608,1,1
34.530745956,1,0
34.530784104,1,1
34.530826682,1,0
34.530871228,1,1
34.530890394,1,0
34.538408824,1,1
34.543689880,0,1
34.543701678,0,0
34.543744254,0,1
34.543785852,0,0
34.543826958,0,1
34.543868556,0,0
34.543909660,0,1
34.543932888,1,1
34.543952240,1,0
34.543993342,1,1
34.544014778,0,1
34.544034944,0,0
34.544076050,0,1
34.544099284,1,1
34.544118636,1,0
34.544159738,1,1
34.544202322,1,0
34.544243424,1,1
34.544264856,0,1
34.544285018,0,0
34.544326114,0,1
34.544367706,0,0
34.544411270,0,1
34.544452864,0,0
34.544491016,0,1
34.544514244,1,1
34.544533592,1,0
34.544578132,1,1
34.544597286,1,0
34.546409124,1,1
34.610253120,0,1
34.610264916,0,0
34.610307486,0,1
34.610349078,0,0
34.610390178,0,1
34.610431768,0,0
34.610472862,0,1
34.610514452,0,0
34.610555550,0,1
34.610597138,0,0
34.610638234,0,1
34.610661460,1,1
34.610680810,1,0
34.610721902,1,1
34.610764476,1,0
34.610805570,1,1
34.610848144,1,0
34.610889232,1,1
34.610931808,1,0
34.610975362,1,1
34.611017932,1,0
34.611056068,1,1
34.611098646,1,0
34.611143178,1,1
34.614771052,0,1
34.614782848,0,0
34.614825414,0,1
34.614867002,0,0
34.614908096,0,1
34.614949686,0,0
34.614990782,0,1
34.615014006,1,1
34.615033356,1,0
34.615074446,1,1
34.615095884,0,1
34.615116050,0,0
34.615157148,0,1
34.615180376,1,1
34.615199722,1,0
34.615240814,1,1
34.615283396,1,0
34.615324492,1,1
34.615345930,0,1
34.615366096,0,0
34.615407202,0,1
34.615448798,0,0
34.615492354,0,1
34.615533946,0,0
34.615572092,0,1
34.615595314,1,1
34.615614660,1,0
34.615659200,1,1
34.623464508,1,0
34.626408358,1,1
34.630168230,0,1
34.630180028,0,0
34.630222606,0,1
34.630264196,0,0
34.630305294,0,1
34.630346892,0,0
34.630387992,0,1
34.630429584,0,0
34.630470686,0,1
34.630512282,0,0
34.630553380,0,1
34.630576608,1,1
34.630595962,1,0
34.630637062,1,1
34.630679636,1,0
34.630720732,1,1
34.630763310,1,0
34.630804404,1,1
34.630846978,1,0
34.630890534,1,1
34.630933112,1,0
34.630971256,1,1
34.631013832,1,0
34.631058370,1,1
34.634685356,0,1
34.634697150,0,0
34.634739722,0,1
34.634762946,1,1
34.634782294,1,0
34.634823390,1,1
34.634865964,1,0
34.634907056,1,1
34.634928488,0,1
34.634948650,0,0
34.634989748,0,1
34.635031338,0,0
34.635072442,0,1
34.635095672,1,1
34.635115026,1,0
34.635156124,1,1
34.635198704,1,0
34.635239798,1,1
34.635261232,0,1
34.635281394,0,0
34.635322494,0,1
34.635364084,0,0
34.635407642,0,1
34.635430868,1,1
34.635450218,1,0
34.635488358,1,1
34.635530936,1,0
34.635575478,1,1
34.643027000,1,0
34.650409696,1,1
34.669980458,0,1
34.669992250,0,0
34.670034818,0,1
34.670058040,1,1
34.670077388,1,0
34.670118480,1,1
34.670161054,1,0
34.670202148,1,1
34.670223578,0,1
34.670243738,0,0
34.670284830,0,1
34.670326420,0,0
34.670367516,0,1
34.670390740,1,1
34.670410086,1,0
34.670451178,1,1
34.670493754,1,0
34.670534842,1,1
34.670556274,0,1
34.670576438,0,0
34.670617534,0,1
34.670659122,0,0
34.670702678,0,1
34.670725902,1,1
34.670745252,1,0
34.670783392,1,1
34.670825966,1,0
34.670870504,1,1
34.670888866,1,0
34.674408288,1,1
34.680938786,0,1
34.680950580,0,0
34.680993156,0,1
34.681034748,0,0
34.681075848,0,1
34.681117444,0,0
34.681158544,0,1
34.681181768,1,1
34.681201120,1,0
34.681242214,1,1
34.681263648,0,1
34.681283810,0,0
34.681324914,0,1
34.681348142,1,1
34.681367494,1,0
34.681408590,1,1
34.681451168,1,0
34.681492264,1,1
34.681513696,0,1
34.681533858,0,0
34.681574954,0,1
34.681616550,0,0
34.681660108,0,1
34.681701704,0,0
34.681739850,0,1
34.681763076,1,1
34.681782424,1,0
34.681826960,1,1
34.681845888,1,0
34.682408604,1,1
34.775259182,0,1
34.775270976,0,0
34.775313546,0,1
34.775355132,0,0
34.775396224,0,1
34.775437810,0,0
34.775478906,0,1
34.775520496,0,0
34.775561590,0,1
34.775603182,0,0
34.775644276,0,1
34.775667498,1,1
34.775686844,1,0
34.775727936,1,1
34.775770506,1,0
34.775811598,1,1
34.775854172,1,0
34.775895264,1,1
34.775937836,1,0
34.775981390,1,1
34.776023962,1,0
34.776062098,1,1
34.776104678,1,0
34.776149218,1,1
34.779776116,0,1
34.779787910,0,0
34.779830482,0,1
34.779853706,1,1
34.779873054,1,0
34.779914148,1,1
34.779956724,1,0
34.779997816,1,1
34.780019248,0,1
34.780039410,0,0
34.780080508,0,1
34.780122100,0,0
34.780163202,0,1
34.780186426,1,1
34.780205774,1,0
34.780246868,1,1
34.780289446,1,0
34.780330542,1,1
34.780351974,0,1
34.780372138,0,0
34.780413240,0,1
34.780454832,0,0
34.780498390,0,1
34.780521616,1,1
34.780540966,1,0
34.780579108,1,1
34.780621684,1,0
34.780666220,1,1
34.784293168,0,1
34.784304962,0,0
34.784347538,0,1
34.784389132,0,0
34.784430226,0,1
34.784471818,0,0
34.784512916,0,1
34.784554504,0,0
34.784595600,0,1
34.784637196,0,0
34.784678294,0,1
34.784701522,1,1
34.784720870,1,0
34.784761970,1,1
34.784804546,1,0
34.784845638,1,1
34.784888216,1,0
34.784929310,1,1
34.784971884,1,0
34.785015440,1,1
34.785058014,1,0
34.785096160,1,1
34.785138744,1,0
34.785183286,1,1
34.788811144,0,1
34.788822940,0,0
34.788865514,0,1
34.788907108,0,0
34.788948212,0,1
34.788989804,0,0
34.789030904,0,1
34.789054128,1,1
34.789073478,1,0
34.789114576,1,1
34.789136010,0,1
34.789156174,0,0
34.789197274,0,1
34.789220500,1,1
34.789239850,1,0
34.789280944,1,1
34.789323522,1,0
34.789364618,1,1
34.789386048,0,1
34.789406212,0,0
34.789447310,0,1
34.789488906,0,0
34.789532460,0,1
34.789574056,0,0
34.789612200,0,1
34.789635424,1,1
34.789654772,1,0
34.789699312,1,1
34.797480912,1,0
34.802408164,1,1
34.834801642,0,1
34.834813436,0,0
34.834856008,0,1
34.834879228,1,1
34.834898574,1,0
34.834939666,1,1
34.834982240,1,0
34.835023332,1,1
34.835044766,0,1
34.835064928,0,0
34.835106038,0,1
34.835147632,0,0
34.835188728,0,1
34.835211956,1,1
34.835231306,1,0
34.835272402,1,1
34.835314976,1,0
34.835356070,1,1
34.835377504,0,1
34.835397666,0,0
34.835438762,0,1
34.835480352,0,0
34.835523910,0,1
34.835547136,1,1
34.835566484,1,0
34.835604628,1,1
34.835647202,1,0
34.835691736,1,1
34.835709972,1,0
34.842408594,1,1
34.843011890,0,1
34.843023686,0,0
34.843066262,0,1
34.843107860,0,0
34.843148956,0,1
34.843190554,0,0
34.843231658,0,1
34.843254884,1,1
34.843274234,1,0
34.843315332,1,1
34.843336766,0,1
34.843356930,0,0
34.843398030,0,1
34.843421254,1,1
34.843440604,1,0
34.843481706,1,1
34.843524286,1,0
34.843565378,1,1
34.843586814,0,1
34.843606978,0,0
34.843648074,0,1
34.843689666,0,0
34.843733226,0,1
34.843774820,0,0
34.843812966,0,1
34.843836190,1,1
34.843855540,1,0
34.843900080,1,1
34.843917934,1,0
34.850407612,1,1
34.932270522,0,1
34.932282316,0,0
34.932324890,0,1
34.932366484,0,0
34.932407578,0,1
34.932449168,0,0
34.932490268,0,1
34.932531854,0,0
34.932572944,0,1
34.932614534,0,0
34.932655628,0,1
34.932678846,1,1
34.932698192,1,0
34.932739284,1,1
34.932781856,1,0
34.932822942,1,1
34.932865516,1,0
34.932906606,1,1
34.932949176,1,0
34.932992728,1,1
34.933035302,1,0
34.933073442,1,1
34.933116020,1,0
34.933160556,1,1
34.936788440,0,1
34.936800236,0,0
34.936842810,0,1
34.936884400,0,0
34.936925498,0,1
34.936967090,0,0
34.937008190,0,1
34.937031412,1,1
34.937050764,1,0
34.937091866,1,1
34.937113298,0,1
34.937133462,0,0
34.937174560,0,1
34.937197784,1,1
34.937217136,1,0
34.937258228,1,1
34.937300808,1,0
34.937341904,1,1
34.937363334,0,1
34.937383494,0,0
34.937424586,0,1
34.937466178,0,0
34.937509734,0,1
34.937551326,0,0
34.937589468,0,1
34.937612692,1,1
34.937632040,1,0
34.937676574,1,1
34.944456678,0,1
34.944468472,0,0
34.944511046,0,1
34.944552636,0,0
34.944593732,0,1
34.944635320,0,0
34.944676416,0,1
34.944718004,0,0
34.944759100,0,1
34.944800694,0,0
34.944841790,0,1
34.944865008,1,1
34.944884358,1,0
34.944925454,1,1
34.944968026,1,0
34.945009116,1,1
34.945051690,1,0
34.945092788,1,1
34.945135366,1,0
34.945178920,1,1
34.945221498,1,0
34.945259636,1,1
34.945302212,1,0
34.945346750,1,1
34.948973654,0,1
34.948985450,0,0
34.949028024,0,1
34.949051246,1,1
34.949070598,1,0
34.949111700,1,1
34.949154282,1,0
34.949195376,1,1
34.949216808,0,1
34.949236970,0,0
34.949278070,0,1
34.949319662,0,0
34.949360762,0,1
34.949383990,1,1
34.949403338,1,0
34.949444432,1,1
34.949487006,1,0
34.949528102,1,1
34.949549534,0,1
34.949569696,0,0
34.949610794,0,1
34.949652388,0,0
34.949695950,0,1
34.949719174,1,1
34.949738524,1,0
34.949776670,1,1
34.949819248,1,0
34.949863786,1,1
34.958094914,1,0
34.962409042,1,1
35.002957942,0,1
35.002969736,0,0
35.003012304,0,1
35.003035524,1,1
35.003054870,1,0
35.003095966,1,1
35.003138542,1,0
35.003179632,1,1
35.003201060,0,1
35.003221222,0,0
35.003262316,0,1
35.003303902,0,0
35.003344998,0,1
35.003368222,1,1
35.003387568,1,0
35.003428660,1,1
35.003471230,1,0
35.003512322,1,1
35.003533754,0,1
35.003553914,0,0
35.003595004,0,1
35.003636592,0,0
35.003680146,0,1
35.003703368,1,1
35.003722714,1,0
35.003760854,1,1
35.003803426,1,0
35.003847956,1,1
35.003866458,1,0
35.010407548,1,1
35.011168014,0,1
35.011179810,0,0
35.011222384,0,1
35.011263982,0,0
35.011305084,0,1
35.011346682,0,0
35.011387786,0,1
35.011411012,1,1
35.011430362,1,0
35.011471460,1,1
35.011492894,0,1
35.011513060,0,0
35.011554162,0,1
35.011577386,1,1
35.011596738,1,0
35.011637836,1,1
35.011680416,1,0
35.011721512,1,1
35.011742946,0,1
35.011763110,0,0
35.011804210,0,1
35.011845806,0,0
35.011889374,0,1
35.011930968,0,0
35.011969114,0,1
35.011992342,1,1
35.012011692,1,0
35.012056234,1,1
35.012075128,1,0
35.018407688,1,1
35.094252170,0,1
35.094263964,0,0
35.094306534,0,1
35.094348120,0,0
35.094389216,0,1
35.094430808,0,0
35.094471908,0,1
35.094513500,0,0
35.094554598,0,1
35.094596190,0,0
35.094637290,0,1
35.094660514,1,1
35.094679864,1,0
35.094720960,1,1
35.094763538,1,0
35.094804634,1,1
35.094847210,1,0
35.094888306,1,1
35.094930878,1,0
35.094974432,1,1
35.095017010,1,0
35.095055146,1,1
35.095097730,1,0
35.095142284,1,1
35.098770096,0,1
35.098781888,0,0
35.098824440,0,1
35.098866012,0,0
35.098907090,0,1
35.098948674,0,0
35.098989764,0,1
35.099012986,1,1
35.099032334,1,0
35.099073428,1,1
35.099094862,0,1
35.099115024,0,0
35.099156120,0,1
35.099179346,1,1
35.099198694,1,0
35.099239790,1,1
35.099282362,1,0
35.099323452,1,1
35.099344888,0,1
35.099365050,0,0
35.099406142,0,1
35.099447732,0,0
35.099491290,0,1
35.099532878,0,0
35.099571020,0,1
35.099594244,1,1
35.099613592,1,0
35.099658124,1,1
35.107387838,1,0
35.114406706,1,1
35.114451216,0,1
35.114463016,0,0
35.114505600,0,1
35.114547200,0,0
35.114588304,0,1
35.114629898,0,0
35.114671002,0,1
35.114712598,0,0
35.114753702,0,1
35.114795296,0,0
35.114836396,0,1
35.114859622,1,1
35.114878970,1,0
35.114920066,1,1
35.114962642,1,0
35.115003734,1,1
35.115046320,1,0
35.115087422,1,1
35.115130008,1,0
35.115173570,1,1
35.115216148,1,0
35.115254292,1,1
35.115296872,1,0
35.115341420,1,1
35.118968508,0,1
35.118980302,0,0
35.119022874,0,1
35.119046100,1,1
35.119065448,1,0
35.119106546,1,1
35.119149128,1,0
35.119190224,1,1
35.119211656,0,1
35.119231820,0,0
35.119272920,0,1
35.119314514,0,0
35.119355614,0,1
35.119378840,1,1
35.119398188,1,0
35.119439284,1,1
35.119481862,1,0
35.119522960,1,1
35.119544392,0,1
35.119564552,0,0
35.119605644,0,1
35.119647238,0,0
35.119690798,0,1
35.119714022,1,1
35.119733372,1,0
35.119771518,1,1
35.119814100,1,0
35.119858644,1,1
35.127972026,1,0
35.130408086,1,1
35.170144510,0,1
35.170156308,0,0
35.170198892,0,1
35.170222120,1,1
35.170241474,1,0
35.170282572,1,1
35.170325156,1,0
35.170366258,1,1
35.170387696,0,1
35.170407862,0,0
35.170448964,0,1
35.170490566,0,0
35.170531678,0,1
35.170554906,1,1
35.170574262,1,0
35.170615370,1,1
35.170657956,1,0
35.170699054,1,1
35.170720490,0,1
35.170740656,0,0
35.170781760,0,1
35.170823362,0,0
35.170866932,0,1
35.170890162,1,1
35.170909514,1,0
35.170947662,1,1
35.170990244,1,0
35.171034792,1,1
35.171053380,1,0
35.178407340,1,1
35.186600900,0,1
35.186612696,0,0
35.186655270,0,1
35.186696864,0,0
35.186737968,0,1
35.186779564,0,0
35.186820662,0,1
35.186843888,1,1
35.186863240,1,0
35.186904336,1,1
35.186925768,0,1
35.186945930,0,0
35.186987026,0,1
35.187010252,1,1
35.187029602,1,0
35.187070698,1,1
35.187113278,1,0
35.187154374,1,1
35.187175808,0,1
35.187195970,0,0
35.187237068,0,1
35.187278662,0,0
35.187322224,0,1
35.187363816,0,0
35.187401964,0,1
35.187425190,1,1
35.187444542,1,0
35.187489082,1,1
35.187506774,1,0
35.194407930,1,1
35.267128514,0,1
35.267140312,0,0
35.267182884,0,1
35.267224478,0,0
35.267265578,0,1
35.267307164,0,0
35.267348258,0,1
35.267389848,0,0
35.267430940,0,1
35.267472532,0,0
35.267513632,0,1
35.267536854,1,1
35.267556202,1,0
35.267597300,1,1
35.267639878,1,0
35.267680974,1,1
35.267723550,1,0
35.267764646,1,1
35.267807220,1,0
35.267850772,1,1
35.267893348,1,0
35.267931488,1,1
35.267974062,1,0
35.268018602,1,1
35.271646458,0,1
35.271658252,0,0
35.271700828,0,1
35.271742414,0,0
35.271783508,0,1
35.271825100,0,0
35.271866192,0,1
35.271889418,1,1
35.271908764,1,0
35.271949860,1,1
35.271971288,0,1
35.271991448,0,0
35.272032540,0,1
35.272055762,1,1
35.272075108,1,0
35.272116200,1,1
35.272158774,1,0
35.272199870,1,1
35.272221302,0,1
35.272241464,0,0
35.272282564,0,1
35.272324160,0,0
35.272367724,0,1
35.272409316,0,0
35.272447464,0,1
35.272470684,1,1
35.272490034,1,0
35.272534572,1,1
35.280361890,1,0
35.282406598,1,1
35.289618612,0,1
35.289630406,0,0
35.289672980,0,1
35.289714572,0,0
35.289755672,0,1
35.289797266,0,0
35.289838362,0,1
35.289879956,0,0
35.289921056,0,1
35.289962652,0,0
35.290003752,0,1
35.290026982,1,1
35.290046332,1,0
35.290087430,1,1
35.290130014,1,0
35.290171114,1,1
35.290213692,1,0
35.290254786,1,1
35.290297366,1,0
35.290340930,1,1
35.290383512,1,0
35.290421662,1,1
35.290464236,1,0
35.290508770,1,1
35.294135722,0,1
35.294147518,0,0
35.294190088,0,1
35.294213312,1,1
35.294232660,1,0
35.294273750,1,1
35.294316322,1,0
35.294357418,1,1
35.294378852,0,1
35.294399014,0,0
35.294440110,0,1
35.294481702,0,0
35.294522800,0,1
35.294546028,1,1
35.294565376,1,0
35.294606472,1,1
35.294649050,1,0
35.294690144,1,1
35.294711576,0,1
35.294731740,0,0
35.294772840,0,1
35.294814430,0,0
35.294857990,0,1
35.294881218,1,1
35.294900564,1,0
35.294938706,1,1
35.294981280,1,0
35.295025818,1,1
35.303016710,1,0
35.306407452,1,1
35.409977490,0,1
35.409989286,0,0
35.410031850,0,1
35.410055074,1,1
35.410074420,1,0
35.410115512,1,1
35.410158086,1,0
35.410199176,1,1
35.410220610,0,1
35.410240772,0,0
35.410281868,0,1
35.410323462,0,0
35.410364562,0,1
35.410387788,1,1
35.410407134,1,0
35.410448228,1,1
35.410490800,1,0
35.410531890,1,1
35.410553320,0,1
35.410573480,0,0
35.410614572,0,1
35.410656158,0,0
35.410699714,0,1
35.410722934,1,1
35.410742284,1,0
35.410780426,1,1
35.410822998,1,0
35.410867534,1,1
35.410886024,1,0
35.418412996,1,1
35.420326276,0,1
35.420338070,0,0
35.420380648,0,1
35.420422242,0,0
35.420463342,0,1
35.420504936,0,0
35.420546040,0,1
35.420569268,1,1
35.420588620,1,0
35.420629716,1,1
35.420651148,0,1
35.420671310,0,0
35.420712410,0,1
35.420735634,1,1
35.420754984,1,0
35.420796078,1,1
35.420838662,1,0
35.420879760,1,1
35.420901192,0,1
35.420921358,0,0
35.420962462,0,1
35.421004058,0,0
35.421047620,0,1
35.421089216,0,0
35.421127368,0,1
35.421150594,1,1
35.421169944,1,0
35.421214488,1,1
35.421232886,1,0
35.426406318,1,1
35.435983608,0,1
35.435995404,0,0
35.436037982,0,1
35.436079578,0,0
35.436120680,0,1
35.436162278,0,0
35.436203382,0,1
35.436244976,0,0
35.436286080,0,1
35.436327676,0,0
35.436368782,0,1
35.436392008,1,1
35.436411358,1,0
35.436452456,1,1
35.436495034,1,0
35.436536132,1,1
35.436578710,1,0
35.436619806,1,1
35.436662386,1,0
35.436705946,1,1
35.436748528,1,0
35.436786668,1,1
35.436829250,1,0
35.436873790,1,1
35.440500888,0,1
35.440512684,0,0
35.440555256,0,1
35.440578484,1,1
35.440597832,1,0
35.440638932,1,1
35.440681514,1,0
35.440722614,1,1
35.440744048,0,1
35.440764214,0,0
35.440805316,0,1
35.440846912,0,0
35.440888014,0,1
35.440911244,1,1
35.440930594,1,0
35.440971690,1,1
35.441014274,1,0
35.441055374,1,1
35.441076810,0,1
35.441096978,0,0
35.441138082,0,1
35.441179682,0,0
35.441223250,0,1
35.441246478,1,1
35.441265828,1,0
35.441303976,1,1
35.441346554,1,0
35.441391096,1,1
35.445017308,0,1
35.445029096,0,0
35.445071648,0,1
35.445113238,0,0
35.445154324,0,1
35.445195902,0,0
35.445236986,0,1
35.445278562,0,0
35.445319644,0,1
35.445361244,0,0
35.445402348,0,1
35.445425574,1,1
35.445444924,1,0
35.445486022,1,1
35.445528598,1,0
35.445569690,1,1
35.445612268,1,0
35.445653364,1,1
35.445695940,1,0
35.445739494,1,1
35.445782074,1,0
35.445820214,1,1
35.445862792,1,0
35.445907330,1,1
35.449535364,0,1
35.449547160,0,0
35.449589732,0,1
35.449631322,0,0
35.449672420,0,1
35.449714010,0,0
35.449755114,0,1
35.449778338,1,1
35.449797688,1,0
35.449838790,1,1
35.449860224,0,1
35.449880388,0,0
35.449921488,0,1
35.449944718,1,1
35.449964068,1,0
35.450005162,1,1
35.450047738,1,0
35.450088840,1,1
35.450110274,0,1
35.450130436,0,0
35.450171534,0,1
35.450213136,0,0
35.450256698,0,1
35.450298294,0,0
35.450336450,0,1
35.450359680,1,1
35.450379034,1,0
35.450423582,1,1
35.458495990,1,0
35.466410034,1,1
35.501003318,0,1
35.501015116,0,0
35.501057704,0,1
35.501080940,1,1
35.501100296,1,0
35.501141404,1,1
35.501183998,1,0
35.501225112,1,1
35.501246552,0,1
35.501266724,0,0
35.501307842,0,1
35.501349452,0,0
35.501390568,0,1
35.501413802,1,1
35.501433158,1,0
35.501474272,1,1
35.501516858,1,0
35.501557958,1,1
35.501579394,0,1
35.501599558,0,0
35.501640656,0,1
35.501682252,0,0
35.501725816,0,1
35.501749040,1,1
35.501768392,1,0
35.501806532,1,1
35.501849110,1,0
35.501893650,1,1
35.501912612,1,0
35.506406194,1,1
35.562903606,0,1
35.562915402,0,0
35.562957976,0,1
35.562999570,0,0
35.563040674,0,1
35.563082274,0,0
35.563123382,0,1
35.563146610,1,1
35.563165962,1,0
35.563207062,1,1
35.563228494,0,1
35.563248658,0,0
35.563289760,0,1
35.563312988,1,1
35.563332338,1,0
35.563373438,1,1
35.563416016,1,0
35.563457114,1,1
35.563478548,0,1
35.563498714,0,0
35.563539816,0,1
35.563581412,0,0
35.563624974,0,1
35.563666564,0,0
35.563704712,0,1
35.563727938,1,1
35.563747286,1,0
35.563791826,1,1
35.563810266,1,0
35.570406094,1,1
35.596936094,0,1
35.596947890,0,0
35.596990466,0,1
35.597032060,0,0
35.597073164,0,1
35.597114764,0,0
35.597155870,0,1
35.597197466,0,0
35.597238570,0,1
35.597280168,0,0
35.597321274,0,1
35.597344500,1,1
35.597363852,1,0
35.597404954,1,1
35.597447534,1,0
35.597488630,1,1
35.597531212,1,0
35.597572308,1,1
35.597614886,1,0
35.597658446,1,1
35.597701026,1,0
35.597739172,1,1
35.597781750,1,0
35.597826296,1,1
35.601453566,0,1
35.601465362,0,0
35.601507940,0,1
35.601531166,1,1
35.601550518,1,0
35.601591620,1,1
35.601634202,1,0
35.601675298,1,1
35.601696734,0,1
35.601716900,0,0
35.601758002,0,1
35.601799600,0,0
35.601840704,0,1
35.601863932,1,1
35.601883284,1,0
35.601924384,1,1
35.601966966,1,0
35.602008064,1,1
35.602029496,0,1
35.602049660,0,0
35.602090768,0,1
35.602132364,0,0
35.602175928,0,1
35.602199156,1,1
35.602218508,1,0
35.602256654,1,1
35.602299236,1,0
35.602343784,1,1
35.605971298,0,1
35.605983098,0,0
35.606025686,0,1
35.606067290,0,0
35.606108406,0,1
35.606150014,0,0
35.606191126,0,1
35.606232728,0,0
35.606273842,0,1
35.606315448,0,0
35.606356560,0,1
35.606379794,1,1
35.606399146,1,0
35.606440256,1,1
35.606482844,1,0
35.606523954,1,1
35.606566544,1,0
35.606607646,1,1
35.606650240,1,0
35.606693808,1,1
35.606736400,1,0
35.606774550,1,1
35.606817140,1,0
35.606861690,1,1
35.610489794,0,1
35.610501584,0,0
35.610544138,0,1
35.610585712,0,0
35.610626792,0,1
35.610668368,0,0
35.610709450,0,1
35.610732664,1,1
35.610752006,1,0
35.610793086,1,1
35.610814508,0,1
35.610834662,0,0
35.610875742,0,1
35.610898960,1,1
35.610918302,1,0
35.610959388,1,1
35.611001960,1,0
35.611043056,1,1
35.611064488,0,1
35.611084652,0,0
35.611125748,0,1
35.611167346,0,0
35.611210908,0,1
35.611252500,0,0
35.611290648,0,1
35.611313876,1,1
35.611333224,1,0
35.611377766,1,1
35.619143346,1,0
35.626407604,1,1
35.667139084,0,1
35.667150880,0,0
35.667193450,0,1
35.667235044,0,0
35.667276148,0,1
35.667317742,0,0
35.667358840,0,1
35.667382068,1,1
35.667401418,1,0
35.667442514,1,1
35.667463946,0,1
35.667484110,0,0
35.667525210,0,1
35.667548438,1,1
35.667567786,1,0
35.667608882,1,1
35.667651462,1,0
35.667692560,1,1
35.667713994,0,1
35.667734156,0,0
35.667775258,0,1
35.667816850,0,0
35.667860408,0,1
35.667901996,0,0
35.667940142,0,1
35.667963368,1,1
35.667982716,1,0
35.668027258,1,1
35.668045352,1,0
35.674401792,1,1
35.675346632,0,1
35.675358428,0,0
35.675401006,0,1
35.675424232,1,1
35.675443582,1,0
35.675484676,1,1
35.675527256,1,0
35.675568352,1,1
35.675589788,0,1
35.675609950,0,0
35.675651054,0,1
35.675692646,0,0
35.675733746,0,1
35.675756976,1,1
35.675776328,1,0
35.675817426,1,1
35.675860006,1,0
35.675901106,1,1
35.675922542,0,1
35.675942706,0,0
35.675983806,0,1
35.676025400,0,0
35.676068962,0,1
35.676092192,1,1
35.676111540,1,0
35.676149686,1,1
35.676192266,1,0
35.676236806,1,1
35.676255272,1,0
35.682407690,1,1
35.753388900,0,1
35.753400696,0,0
35.753443268,0,1
35.753484860,0,0
35.753525960,0,1
35.753567554,0,0
35.753608652,0,1
35.753650246,0,0
35.753691344,0,1
35.753732940,0,0
35.753774042,0,1
35.753797268,1,1
35.753816614,1,0
35.753857710,1,1
35.753900288,1,0
35.753941386,1,1
35.753983960,1,0
35.754025056,1,1
35.754067634,1,0
35.754111190,1,1
35.754153770,1,0
35.754191914,1,1
35.754234490,1,0
35.754279028,1,1
35.757906944,0,1
35.757918738,0,0
35.757961310,0,1
35.758002898,0,0
35.758043996,0,1
35.758085592,0,0
35.758126692,0,1
35.758149914,1,1
35.758169262,1,0
35.758210354,1,1
35.758231788,0,1
35.758251950,0,0
35.758293044,0,1
35.758316270,1,1
35.758335618,1,0
35.758376710,1,1
35.758419286,1,0
35.758460380,1,1
35.758481810,0,1
35.758501972,0,0
35.758543066,0,1
35.758584650,0,0
35.758628204,0,1
35.758669792,0,0
35.758707940,0,1
35.758731164,1,1
35.758750512,1,0
35.758795050,1,1
35.766386290,1,0
35.770406008,1,1
35.781078410,0,1
35.781090208,0,0
35.781132784,0,1
35.781174380,0,0
35.781215482,0,1
35.781257070,0,0
35.781298170,0,1
35.781339762,0,0
35.781380858,0,1
35.781422456,0,0
35.781463556,0,1
35.781486780,1,1
35.781506130,1,0
35.781547228,1,1
35.781589804,1,0
35.781630896,1,1
35.781673472,1,0
35.781714568,1,1
35.781757144,1,0
35.781800696,1,1
35.781843272,1,0
35.781881414,1,1
35.781923990,1,0
35.781968528,1,1
35.785595424,0,1
35.785607220,0,0
35.785649796,0,1
35.785673020,1,1
35.785692370,1,0
35.785733472,1,1
35.785776050,1,0
35.785817146,1,1
35.785838582,0,1
35.785858746,0,0
35.785899848,0,1
35.785941444,0,0
35.785982546,0,1
35.786005774,1,1
35.786025126,1,0
35.786066224,1,1
35.786108806,1,0
35.786149906,1,1
35.786171340,0,1
35.786191504,0,0
35.786232604,0,1
35.786274200,0,0
35.786317768,0,1
35.786340998,1,1
35.786360350,1,0
35.786398504,1,1
35.786441084,1,0
35.786485632,1,1
35.794186398,1,0
35.794405686,1,1
35.852587824,0,1
35.852599618,0,0
35.852642184,0,1
35.852665404,1,1
35.852684746,1,0
35.852725822,1,1
35.852768380,1,0
35.852809454,1,1
35.852830876,0,1
35.852851030,0,0
35.852892104,0,1
35.852933674,0,0
35.852974750,0,1
35.852997962,1,1
35.853017302,1,0
35.853058376,1,1
35.853100938,1,0
35.853142012,1,1
35.853163436,0,1
35.853183588,0,0
35.853224666,0,1
35.853266238,0,0
35.853309776,0,1
35.853332988,1,1
35.853352328,1,0
35.853390450,1,1
35.853433004,1,0
35.853477522,1,1
35.853495570,1,0
35.858406072,1,1
36.363482632,0,1
36.363494428,0,0
36.363537000,0,1
36.363560222,1,1
36.363579566,1,0
36.363620656,1,1
36.363663228,1,0
36.363704314,1,1
36.363725746,0,1
36.363745906,0,0
36.363787006,0,1
36.363828596,0,0
36.363869692,0,1
36.363892918,1,1
36.363912268,1,0
36.363953364,1,1
36.363995936,1,0
36.364037028,1,1
36.364058458,0,1
36.364078620,0,0
36.364119716,0,1
36.364161306,0,0
36.364204862,0,1
36.364228086,1,1
36.364247432,1,0
36.364285572,1,1
36.364328148,1,0
36.364372682,1,1
36.364391426,1,0
36.370321978,1,1
36.454948534,0,1
36.454960326,0,0
36.455002898,0,1
36.455026120,1,1
36.455045468,1,0
36.455086560,1,1
36.455129134,1,0
36.455170226,1,1
36.455191658,0,1
36.455211818,0,0
36.455252912,0,1
36.455294500,0,0
36.455335596,0,1
36.455358822,1,1
36.455378170,1,0
36.455419266,1,1
36.455461840,1,0
36.455502932,1,1
36.455524366,0,1
36.455544528,0,0
36.455585622,0,1
36.455627210,0,0
36.455670768,0,1
36.455693988,1,1
36.455713334,1,0
36.455751468,1,1
36.455794046,1,0
36.455838582,1,1
36.455856710,1,0
36.458315400,1,1
36.546412986,0,1
36.546424784,0,0
36.546467362,0,1
36.546490586,1,1
36.546509938,1,0
36.546551030,1,1
36.546593610,1,0
36.546634708,1,1
36.546656142,0,1
36.546676306,0,0
36.546717410,0,1
36.546759008,0,0
36.546800112,0,1
36.546823336,1,1
36.546842686,1,0
36.546883784,1,1
36.546926360,1,0
36.546967454,1,1
36.546988888,0,1
36.547009054,0,0
36.547050160,0,1
36.547091758,0,0
36.547135326,0,1
36.547158554,1,1
36.547177904,1,0
36.547216050,1,1
36.547258630,1,0
36.547303170,1,1
36.547322472,1,0
36.554316226,1,1
36.637879158,0,1
36.637890954,0,0
36.637933526,0,1
36.637956750,1,1
36.637976098,1,0
36.638017192,1,1
36.638059766,1,0
36.638100864,1,1
36.638122298,0,1
36.638142462,0,0
36.638183562,0,1
36.638225154,0,0
36.638266252,0,1
36.638289480,1,1
36.638308828,1,0
36.638349924,1,1
36.638392502,1,0
36.638433592,1,1
36.638455026,0,1
36.638475188,0,0
36.638516284,0,1
36.638557874,0,0
36.638601430,0,1
36.638624656,1,1
36.638644004,1,0
36.638682142,1,1
36.638724714,1,0
36.638769254,1,1
36.638788468,1,0
36.642314994,1,1
36.729343836,0,1
36.729355630,0,0
36.729398204,0,1
36.729421428,1,1
36.729440778,1,0
36.729481878,1,1
36.729524454,1,0
36.729565550,1,1
36.729586984,0,1
36.729607150,0,0
36.729648250,0,1
36.729689840,0,0
36.729730942,0,1
36.729754168,1,1
36.729773518,1,0
36.729814616,1,1
36.729857196,1,0
36.729898290,1,1
36.729919726,0,1
36.729939890,0,0
36.729980990,0,1
36.730022586,0,0
36.730066144,0,1
36.730089372,1,1
36.730108730,1,0
36.730146884,1,1
36.730189468,1,0
36.730234012,1,1
36.730252398,1,0
36.730315108,1,1
36.820805814,0,1
36.820817610,0,0
36.820860180,0,1
36.820883402,1,1
36.820902748,1,0
36.820943842,1,1
36.820986418,1,0
36.821027510,1,1
36.821048942,0,1
36.821069108,0,0
36.821110214,0,1
36.821151806,0,0
36.821192904,0,1
36.821216134,1,1
36.821235482,1,0
36.821276576,1,1
36.821319154,1,0
36.821360248,1,1
36.821381680,0,1
36.821401842,0,0
36.821442938,0,1
36.821484530,0,0
36.821528092,0,1
36.821551314,1,1
36.821570662,1,0
36.821608808,1,1
36.821651382,1,0
36.821695920,1,1
36.821714436,1,0
36.826317652,1,1
36.912269306,0,1
36.912281104,0,0
36.912323678,0,1
36.912346906,1,1
36.912366258,1,0
36.912407354,1,1
36.912449934,1,0
36.912491030,1,1
36.912512462,0,1
36.912532626,0,0
36.912573728,0,1
36.912615322,0,0
36.912656422,0,1
36.912679650,1,1
36.912698998,1,0
36.912740100,1,1
36.912782676,1,0
36.912823772,1,1
36.912845206,0,1
36.912865372,0,0
36.912906472,0,1
36.912948068,0,0
36.912991632,0,1
36.913014858,1,1
36.913034210,1,0
36.913072354,1,1
36.913114936,1,0
36.913159476,1,1
36.913178054,1,0
36.914314044,1,1
37.003734816,0,1
37.003746610,0,0
37.003789186,0,1
37.003812408,1,1
37.003831754,1,0
37.003872842,1,1
37.003915414,1,0
37.003956506,1,1
37.003977934,0,1
37.003998092,0,0
37.004039184,0,1
37.004080778,0,0
37.004121878,0,1
37.004145106,1,1
37.004164454,1,0
37.004205552,1,1
37.004248130,1,0
37.004289222,1,1
37.004310660,0,1
37.004330822,0,0
37.004371922,0,1
37.004413516,0,0
37.004457080,0,1
37.004480304,1,1
37.004499654,1,0
37.004537796,1,1
37.004580372,1,0
37.004624910,1,1
37.004643356,1,0
37.010314366,1,1
37.095199150,0,1
37.095210946,0,0
37.095253518,0,1
37.095276742,1,1
37.095296092,1,0
37.095337182,1,1
37.095379760,1,0
37.095420856,1,1
37.095442288,0,1
37.095462454,0,0
37.095503546,0,1
37.095545138,0,0
37.095586236,0,1
37.095609462,1,1
37.095628808,1,0
37.095669904,1,1
37.095712482,1,0
37.095753574,1,1
37.095775006,0,1
37.095795168,0,0
37.095836268,0,1
37.095877856,0,0
37.095921418,0,1
37.095944642,1,1
37.095963994,1,0
37.096002136,1,1
37.096044710,1,0
37.096089252,1,1
37.096107268,1,0
37.098313774,1,1
37.186662734,0,1
37.186674532,0,0
37.186717102,0,1
37.186740330,1,1
37.186759676,1,0
37.186800772,1,1
37.186843350,1,0
37.186884442,1,1
37.186905878,0,1
37.186926040,0,0
37.186967138,0,1
37.187008728,0,0
37.187049828,0,1
37.187073052,1,1
37.187092404,1,0
37.187133498,1,1
37.187133504,1,0
37.187133506,1,1
37.187176082,1,0
37.187217180,1,1
37.187238612,0,1
37.187258776,0,0
37.187299874,0,1
37.187341466,0,0
37.187385028,0,1
37.187408252,1,1
37.187427602,1,0
37.187465746,1,1
37.187508324,1,0
37.187552864,1,1
37.187571224,1,0
37.194313434,1,1
37.278131460,0,1
37.278143256,0,0
37.278185832,0,1
37.278209052,1,1
37.278228400,1,0
37.278269496,1,1
37.278312074,1,0
37.278353168,1,1
37.278374604,0,1
37.278394768,0,0
37.278435868,0,1
37.278477460,0,0
37.278518562,0,1
37.278541786,1,1
37.278561136,1,0
37.278602234,1,1
37.278644814,1,0
37.278685912,1,1
37.278707344,0,1
37.278727508,0,0
37.278768608,0,1
37.278810204,0,0
37.278853768,0,1
37.278876992,1,1
37.278896342,1,0
37.278934488,1,1
37.278977064,1,0
37.279021608,1,1
37.279039740,1,0
37.282313412,1,1
37.369600852,0,1
37.369612648,0,0
37.369655214,0,1
37.369678440,1,1
37.369697786,1,0
37.369738876,1,1
37.369781454,1,0
37.369822544,1,1
37.369843976,0,1
37.369864138,0,0
37.369905234,0,1
37.369946822,0,0
37.369987918,0,1
37.370011142,1,1
37.370030490,1,0
37.370071584,1,1
37.370114166,1,0
37.370155264,1,1
37.370176698,0,1
37.370196860,0,0
37.370237958,0,1
37.370279552,0,0
37.370323116,0,1
37.370346344,1,1
37.370365694,1,0
37.370403840,1,1
37.370446418,1,0
37.370490958,1,1
37.370509552,1,0
37.378313036,1,1
37.461070108,0,1
37.461081904,0,0
37.461124478,0,1
37.461147704,1,1
37.461167050,1,0
37.461208140,1,1
37.461250720,1,0
37.461291812,1,1
37.461313244,0,1
37.461333408,0,0
37.461374508,0,1
37.461416102,0,0
37.461457202,0,1
37.461480426,1,1
37.461499776,1,0
37.461540872,1,1
37.461583446,1,0
37.461624542,1,1
37.461645976,0,1
37.461666138,0,0
37.461707236,0,1
37.461748826,0,0
37.461792388,0,1
37.461815612,1,1
37.461834958,1,0
37.461873098,1,1
37.461915672,1,0
37.461960208,1,1
37.461978816,1,0
37.466314290,1,1
37.552527292,0,1
37.552539080,0,0
37.552581628,0,1
37.552604840,1,1
37.552624178,1,0
37.552665244,1,1
37.552707798,1,0
37.552748866,1,1
37.552770286,0,1
37.552790436,0,0
37.552831512,0,1
37.552873080,0,0
37.552914156,0,1
37.552937366,1,1
37.552956704,1,0
37.552997772,1,1
37.553040326,1,0
37.553081398,1,1
37.553102824,0,1
37.553122976,0,0
37.553164050,0,1
37.553205620,0,0
37.553249156,0,1
37.553272370,1,1
37.553291706,1,0
37.553329822,1,1
37.553372374,1,0
37.553416886,1,1
37.553435784,1,0
37.554312634,1,1
37.643981716,0,1
37.643993504,0,0
37.644036048,0,1
37.644059262,1,1
37.644078606,1,0
37.644119684,1,1
37.644162238,1,0
37.644203314,1,1
37.644224742,0,1
37.644244900,0,0
37.644285990,0,1
37.644327580,0,0
37.644368678,0,1
37.644391904,1,1
37.644411250,1,0
37.644452344,1,1
37.644494922,1,0
37.644536014,1,1
37.644557444,0,1
37.644577606,0,0
37.644618704,0,1
37.644660296,0,0
37.644703852,0,1
37.644727080,1,1
37.644746430,1,0
37.644784572,1,1
37.644827150,1,0
37.644871690,1,1
37.644890964,1,0
37.650312312,1,1
37.735446348,0,1
37.735458142,0,0
37.735500708,0,1
37.735523928,1,1
37.735543278,1,0
37.735584376,1,1
37.735626954,1,0
37.735668048,1,1
37.735689484,0,1
37.735709652,0,0
37.735750758,0,1
37.735792358,0,0
37.735833468,0,1
37.735856700,1,1
37.735876052,1,0
37.735917154,1,1
37.735959744,1,0
37.736000846,1,1
37.736022286,0,1
37.736042452,0,0
37.736083562,0,1
37.736125170,0,0
37.736168742,0,1
37.736191972,1,1
37.736211326,1,0
37.736249476,1,1
37.736292062,1,0
37.736336610,1,1
37.736354168,1,0
37.738312462,1,1
37.826908600,0,1
37.826920396,0,0
37.826962962,0,1
37.826986186,1,1
37.827005530,1,0
37.827046622,1,1
37.827089196,1,0
37.827130288,1,1
37.827151718,0,1
37.827171882,0,0
37.827212976,0,1
37.827254564,0,0
37.827295658,0,1
37.827318882,1,1
37.827338230,1,0
37.827379320,1,1
37.827421892,1,0
37.827462980,1,1
37.827484412,0,1
37.827504574,0,0
37.827545672,0,1
37.827587264,0,0
37.827630826,0,1
37.827654052,1,1
37.827673400,1,0
37.827711542,1,1
37.827754120,1,0
37.827798654,1,1
37.827817034,1,0
37.834312006,1,1
37.918372060,0,1
37.918383854,0,0
37.918426428,0,1
37.918449652,1,1
37.918468998,1,0
37.918510088,1,1
37.918552662,1,0
37.918593752,1,1
37.918615182,0,1
37.918635342,0,0
37.918676438,0,1
37.918718026,0,0
37.918759124,0,1
37.918782346,1,1
37.918801694,1,0
37.918842790,1,1
37.918885360,1,0
37.918926452,1,1
37.918947884,0,1
37.918968046,0,0
37.919009140,0,1
37.919050726,0,0
37.919094288,0,1
37.919117514,1,1
37.919136866,1,0
37.919175008,1,1
37.919217584,1,0
37.919262120,1,1
37.919280474,1,0
37.922313256,1,1
38.009833692,0,1
38.009845484,0,0
38.009888056,0,1
38.009911280,1,1
38.009930628,1,0
38.009971720,1,1
38.010014290,1,0
38.010055382,1,1
38.010076812,0,1
38.010096978,0,0
38.010138080,0,1
38.010179672,0,0
38.010220768,0,1
38.010243986,1,1
38.010263330,1,0
38.010304422,1,1
38.010346998,1,0
38.010388094,1,1
38.010409528,0,1
38.010429696,0,0
38.010470798,0,1
38.010512390,0,0
38.010555952,0,1
38.010579180,1,1
38.010598528,1,0
38.010636664,1,1
38.010679242,1,0
38.010723782,1,1
38.010741730,1,0
38.018311340,1,1
38.101297410,0,1
38.101309204,0,0
38.101351774,0,1
38.101374998,1,1
38.101394348,1,0
38.101435442,1,1
38.101478014,1,0
38.101519106,1,1
38.101540540,0,1
38.101560700,0,0
38.101601794,0,1
38.101643384,0,0
38.101684480,0,1
38.101707706,1,1
38.101727054,1,0
38.101768148,1,1
38.101810724,1,0
38.101851814,1,1
38.101873248,0,1
38.101893408,0,0
38.101934506,0,1
38.101976096,0,0
38.102019656,0,1
38.102042878,1,1
38.102062228,1,0
38.102100374,1,1
38.102142950,1,0
38.102187488,1,1
38.102205574,1,0
38.106311466,1,1
38.192762262,0,1
38.192774058,0,0
38.192816628,0,1
38.192839850,1,1
38.192859200,1,0
38.192900298,1,1
38.192942870,1,0
38.192983966,1,1
38.193005400,0,1
38.193025564,0,0
38.193066660,0,1
38.193108256,0,0
38.193149358,0,1
38.193172580,1,1
38.193191932,1,0
38.193233024,1,1
38.193275606,1,0
38.193316702,1,1
38.193338134,0,1
38.193358296,0,0
38.193399394,0,1
38.193440986,0,0
38.193484546,0,1
38.193507772,1,1
38.193527122,1,0
38.193565264,1,1
38.193607840,1,0
38.193652378,1,1
38.193669812,1,0
38.194315362,1,1
38.284224708,0,1
38.284236504,0,0
38.284279078,0,1
38.284302302,1,1
38.284321652,1,0
38.284362754,1,1
38.284405330,1,0
38.284446428,1,1
38.284467864,0,1
38.284488030,0,0
38.284529130,0,1
38.284570728,0,0
38.284611830,0,1
38.284635058,1,1
38.284654408,1,0
38.284695504,1,1
38.284738082,1,0
38.284779180,1,1
38.284800612,0,1
38.284820778,0,0
38.284861882,0,1
38.284903478,0,0
38.284947044,0,1
38.284970272,1,1
38.284989620,1,0
38.285027768,1,1
38.285070348,1,0
38.285114894,1,1
38.285132498,1,0
38.290310508,1,1
38.375693252,0,1
38.375705044,0,0
38.375747600,0,1
38.375770822,1,1
38.375790166,1,0
38.375831256,1,1
38.375873826,1,0
38.375914920,1,1
38.375936348,0,1
38.375956512,0,0
38.375997608,0,1
38.376039200,0,0
38.376080296,0,1
38.376103526,1,1
38.376122876,1,0
38.376163972,1,1
38.376206548,1,0
38.376247644,1,1
38.376269076,0,1
38.376289240,0,0
38.376330336,0,1
38.376371934,0,0
38.376415496,0,1
38.376438718,1,1
38.376458068,1,0
38.376496208,1,1
38.376538786,1,0
38.376583322,1,1
38.376601686,1,0
38.378310740,1,1
38.467154238,0,1
38.467166032,0,0
38.467208606,0,1
38.467231826,1,1
38.467251176,1,0
38.467292264,1,1
38.467334840,1,0
38.467375934,1,1
38.467397368,0,1
38.467417530,0,0
38.467458632,0,1
38.467500230,0,0
38.467541330,0,1
38.467564556,1,1
38.467583906,1,0
38.467625002,1,1
38.467667576,1,0
38.467708664,1,1
38.467730096,0,1
38.467750258,0,0
38.467791356,0,1
38.467832946,0,0
38.467876510,0,1
38.467899734,1,1
38.467919082,1,0
38.467957222,1,1
38.467999798,1,0
38.468044336,1,1
38.468062614,1,0
38.474310238,1,1
38.558617256,0,1
38.558629052,0,0
38.558671622,0,1
38.558694848,1,1
38.558714196,1,0
38.558755290,1,1
38.558797864,1,0
38.558838958,1,1
38.558860390,0,1
38.558880552,0,0
38.558921650,0,1
38.558963242,0,0
38.559004340,0,1
38.559027564,1,1
38.559046912,1,0
38.559088010,1,1
38.559130592,1,0
38.559171688,1,1
38.559193120,0,1
38.559213282,0,0
38.559254378,0,1
38.559295968,0,0
38.559339524,0,1
38.559362748,1,1
38.559382096,1,0
38.559420234,1,1
38.559462804,1,0
38.559507340,1,1
38.559526156,1,0
38.562309872,1,1
38.650078754,0,1
38.650090548,0,0
38.650133122,0,1
38.650156342,1,1
38.650175692,1,0
38.650216786,1,1
38.650259358,1,0
38.650300450,1,1
38.650321886,0,1
38.650342050,0,0
38.650383148,0,1
38.650424742,0,0
38.650465844,0,1
38.650489068,1,1
38.650508416,1,0
38.650549512,1,1
38.650592090,1,0
38.650633186,1,1
38.650654618,0,1
38.650674780,0,0
38.650715882,0,1
38.650757472,0,0
38.650801028,0,1
38.650824252,1,1
38.650843602,1,0
38.650881742,1,1
38.650924316,1,0
38.650968854,1,1
38.650987110,1,0
38.658311258,1,1
38.741542746,0,1
38.741554542,0,0
38.741597112,0,1
38.741620334,1,1
38.741639680,1,0
38.741680776,1,1
38.741723354,1,0
38.741764450,1,1
38.741785882,0,1
38.741806044,0,0
38.741847142,0,1
38.741888728,0,0
38.741929828,0,1
38.741953056,1,1
38.741972406,1,0
38.742013502,1,1
38.742056080,1,0
38.742097182,1,1
38.742118616,0,1
38.742138780,0,0
38.742179876,0,1
38.742221472,0,0
38.742265030,0,1
38.742288254,1,1
38.742307606,1,0
38.742345750,1,1
38.742388328,1,0
38.742432868,1,1
38.742451200,1,0
38.746309802,1,1
38.833005946,0,1
38.833017742,0,0
38.833060312,0,1
38.833083538,1,1
38.833102886,1,0
38.833143980,1,1
38.833186554,1,0
38.833227640,1,1
38.833249072,0,1
38.833269232,0,0
38.833310330,0,1
38.833351924,0,0
38.833393022,0,1
38.833416250,1,1
38.833435598,1,0
38.833476698,1,1
38.833519276,1,0
38.833560374,1,1
38.833581808,0,1
38.833601972,0,0
38.833643072,0,1
38.833684664,0,0
38.833728224,0,1
38.833751450,1,1
38.833770798,1,0
38.833808940,1,1
38.833851520,1,0
38.833896062,1,1
38.833913542,1,0
38.834309178,1,1
38.924470534,0,1
38.924482328,0,0
38.924524902,0,1
38.924548128,1,1
38.924567478,1,0
38.924608572,1,1
38.924651146,1,0
38.924692236,1,1
38.924713668,0,1
38.924733826,0,0
38.924774918,0,1
38.924816506,0,0
38.924857600,0,1
38.924880822,1,1
38.924900172,1,0
38.924941266,1,1
38.924983834,1,0
38.925024924,1,1
38.925046356,0,1
38.925066518,0,0
38.925107616,0,1
38.925149204,0,0
38.925192762,0,1
38.925215986,1,1
38.925235334,1,0
38.925273472,1,1
38.925316048,1,0
38.925360580,1,1
38.925379178,1,0
38.930308884,1,1
39.015936900,0,1
39.015948696,0,0
39.015991268,0,1
39.016014492,1,1
39.016033836,1,0
39.016074922,1,1
39.016117494,1,0
39.016158584,1,1
39.016180014,0,1
39.016200174,0,0
39.016241270,0,1
39.016282862,0,0
39.016323958,0,1
39.016347184,1,1
39.016366534,1,0
39.016407628,1,1
39.016450204,1,0
39.016491294,1,1
39.016512722,0,1
39.016532884,0,0
39.016573978,0,1
39.016615564,0,0
39.016659120,0,1
39.016682346,1,1
39.016701690,1,0
39.016739826,1,1
39.016782400,1,0
39.016826938,1,1
39.016845110,1,0
39.018308634,1,1
39.107399550,0,1
39.107411346,0,0
39.107453914,0,1
39.107477136,1,1
39.107496484,1,0
39.107537576,1,1
39.107580146,1,0
39.107621238,1,1
39.107642672,0,1
39.107662834,0,0
39.107703928,0,1
39.107745520,0,0
39.107786618,0,1
39.107809844,1,1
39.107829192,1,0
39.107870290,1,1
39.107912872,1,0
39.107953966,1,1
39.107975400,0,1
39.107995564,0,0
39.108036664,0,1
39.108078256,0,0
39.108121820,0,1
39.108145046,1,1
39.108164396,1,0
39.108202538,1,1
39.108245112,1,0
39.108289654,1,1
39.108307636,1,0
39.114309008,1,1
39.198864290,0,1
39.198876084,0,0
39.198918650,0,1
39.198941870,1,1
39.198961216,1,0
39.199002306,1,1
39.199044878,1,0
39.199085966,1,1
39.199107396,0,1
39.199127558,0,0
39.199168650,0,1
39.199210236,0,0
39.199251328,0,1
39.199274552,1,1
39.199293896,1,0
39.199334984,1,1
39.199377560,1,0
39.199418648,1,1
39.199440080,0,1
39.199460240,0,0
39.199501334,0,1
39.199542922,0,0
39.199586476,0,1
39.199609696,1,1
39.199629042,1,0
39.199667180,1,1
39.199709754,1,0
39.199754288,1,1
39.199772258,1,0
39.202308132,1,1
39.290326528,0,1
39.290338326,0,0
39.290380898,0,1
39.290404126,1,1
39.290423472,1,0
39.290464564,1,1
39.290507140,1,0
39.290548232,1,1
39.290569662,0,1
39.290589824,0,0
39.290630920,0,1
39.290672508,0,0
39.290713604,0,1
39.290736830,1,1
39.290756178,1,0
39.290797270,1,1
39.290839842,1,0
39.290880934,1,1
39.290902368,0,1
39.290922528,0,0
39.290963622,0,1
39.291005214,0,0
39.291048772,0,1
39.291071998,1,1
39.291091346,1,0
39.291129494,1,1
39.291172070,1,0
39.291216600,1,1
39.291235048,1,0
39.298308352,1,1
39.381790614,0,1
39.381802408,0,0
39.381844980,0,1
39.381868204,1,1
39.381887550,1,0
39.381928642,1,1
39.381971214,1,0
39.382012306,1,1
39.382033734,0,1
39.382053894,0,0
39.382094988,0,1
39.382136578,0,0
39.382177674,0,1
39.382200896,1,1
39.382220244,1,0
39.382261340,1,1
39.382303914,1,0
39.382345006,1,1
39.382366442,0,1
39.382386602,0,0
39.382427698,0,1
39.382469286,0,0
39.382512844,0,1
39.382536066,1,1
39.382555412,1,0
39.382593548,1,1
39.382636122,1,0
39.382680658,1,1
39.382699392,1,0
39.386308032,1,1
39.473254110,0,1
39.473265904,0,0
39.473308476,0,1
39.473331698,1,1
39.473351046,1,0
39.473392140,1,1
39.473434714,1,0
39.473475808,1,1
39.473497236,0,1
39.473517394,0,0
39.473558488,0,1
39.473600076,0,0
39.473641168,0,1
39.473664390,1,1
39.473683738,1,0
39.473724834,1,1
39.473767408,1,0
39.473808498,1,1
39.473829930,0,1
39.473850092,0,0
39.473891186,0,1
39.473932774,0,0
39.473976330,0,1
39.473999554,1,1
39.474018900,1,0
39.474057036,1,1
39.474099612,1,0
39.474144154,1,1
39.474161558,1,0
39.474307446,1,1
39.564720872,0,1
39.564732666,0,0
39.564775230,0,1
39.564798452,1,1
39.564817798,1,0
39.564858890,1,1
39.564901460,1,0
39.564942554,1,1
39.564963988,0,1
39.564984152,0,0
39.565025244,0,1
39.565066836,0,0
39.565107934,0,1
39.565131162,1,1
39.565150508,1,0
39.565191604,1,1
39.565234182,1,0
39.565275278,1,1
39.565296710,0,1
39.565316874,0,0
39.565357974,0,1
39.565399564,0,0
39.565443122,0,1
39.565466350,1,1
39.565485700,1,0
39.565523840,1,1
39.565566414,1,0
39.565610954,1,1
39.565629894,1,0
39.570307722,1,1
39.656184958,0,1
39.656196754,0,0
39.656239328,0,1
39.656262550,1,1
39.656281900,1,0
39.656322992,1,1
39.656322996,1,0
39.656322998,1,1
39.656365570,1,0
39.656406660,1,1
39.656428096,0,1
39.656448260,0,0
39.656489356,0,1
39.656530948,0,0
39.656572046,0,1
39.656595274,1,1
39.656614618,1,0
39.656655714,1,1
39.656698290,1,0
39.656739384,1,1
39.656760818,0,1
39.656780980,0,0
39.656822080,0,1
39.656863674,0,0
39.656907234,0,1
39.656930460,1,1
39.656949808,1,0
39.656987950,1,1
39.657030526,1,0
39.657075068,1,1
39.657093204,1,0
39.658306862,1,1
39.747650094,0,1
39.747661888,0,0
39.747704460,0,1
39.747727686,1,1
39.747747032,1,0
39.747788124,1,1
39.747830694,1,0
39.747871780,1,1
39.747893210,0,1
39.747913372,0,0
39.747954466,0,1
39.747996052,0,0
39.748037146,0,1
39.748060370,1,1
39.748079718,1,0
39.748120812,1,1
39.748163384,1,0
39.748204480,1,1
39.748225914,0,1
39.748246076,0,0
39.748287178,0,1
39.748328776,0,0
39.748372338,0,1
39.748395560,1,1
39.748414908,1,0
39.748453048,1,1
39.748495622,1,0
39.748540160,1,1
39.748558308,1,0
39.754307568,1,1
39.838614340,0,1
39.838626138,0,0
39.838668712,0,1
39.838691940,1,1
39.838711288,1,0
39.838752384,1,1
39.838794954,1,0
39.838836038,1,1
39.838857466,0,1
39.838877626,0,0
39.838918720,0,1
39.838960308,0,0
39.839001404,0,1
39.839024630,1,1
39.839043976,1,0
39.839085070,1,1
39.839127648,1,0
39.839168742,1,1
39.839190176,0,1
39.839210340,0,0
39.839251438,0,1
39.839293032,0,0
39.839336590,0,1
39.839359814,1,1
39.839379160,1,0
39.839417300,1,1
39.839459872,1,0
39.839504406,1,1
39.839522106,1,0
39.842306450,1,1
39.856626402,0,1
39.856638198,0,0
39.856680770,0,1
39.856722362,0,0
39.856763460,0,1
39.856805052,0,0
39.856846154,0,1
39.856887746,0,0
39.856928842,0,1
39.856970436,0,0
39.857011534,0,1
39.857034760,1,1
39.857054108,1,0
39.857095206,1,1
39.857137788,1,0
39.857178882,1,1
39.857221456,1,0
39.857262548,1,1
39.857305122,1,0
39.857348676,1,1
39.857391254,1,0
39.857429390,1,1
39.857471968,1,0
39.857516510,1,1
39.861143382,0,1
39.861155178,0,0
39.861197756,0,1
39.861220982,1,1
39.861240328,1,0
39.861281424,1,1
39.861324000,1,0
39.861365094,1,1
39.861386524,0,1
39.861406688,0,0
39.861447786,0,1
39.861489378,0,0
39.861530478,0,1
39.861553704,1,1
39.861573052,1,0
39.861614142,1,1
39.861656718,1,0
39.861697816,1,1
39.861719250,0,1
39.861739412,0,0
39.861780510,0,1
39.861822104,0,0
39.861865662,0,1
39.861888886,1,1
39.861908234,1,0
39.861946376,1,1
39.861988952,1,0
39.862033490,1,1
39.862052024,1,0
39.874395170,1,1
39.938967518,0,1
39.938979312,0,0
39.939021888,0,1
39.939063474,0,0
39.939104572,0,1
39.939146164,0,0
39.939187260,0,1
39.939210482,1,1
39.939229828,1,0
39.939270920,1,1
39.939292352,0,1
39.939312514,0,0
39.939353612,0,1
39.939376834,1,1
39.939396182,1,0
39.939437274,1,1
39.939479848,1,0
39.939520938,1,1
39.939542370,0,1
39.939562532,0,0
39.939603624,0,1
39.939645210,0,0
39.939688768,0,1
39.939730356,0,0
39.939768498,0,1
39.939791724,1,1
39.939811072,1,0
39.939855612,1,1
39.939872944,1,0
39.946395490,1,1
39.955419710,0,1
39.955431504,0,0
39.955474074,0,1
39.955497300,1,1
39.955516648,1,0
39.955557744,1,1
39.955600322,1,0
39.955641414,1,1
39.955662848,0,1
39.955683012,0,0
39.955724108,0,1
39.955765700,0,0
39.955806802,0,1
39.955830028,1,1
39.955849376,1,0
39.955890470,1,1
39.955933052,1,0
39.955974148,1,1
39.955995580,0,1
39.956015744,0,0
39.956056846,0,1
39.956098442,0,0
39.956142000,0,1
39.956165228,1,1
39.956184578,1,0
39.956222722,1,1
39.956265294,1,0
39.956309838,1,1
39.956328170,1,0
39.962394570,1,1
40.038502850,0,1
40.038514642,0,0
40.038557208,0,1
40.038598796,0,0
40.038639896,0,1
40.038681484,0,0
40.038722580,0,1
40.038764168,0,0
40.038805266,0,1
40.038846854,0,0
40.038887952,0,1
40.038911178,1,1
40.038930526,1,0
40.038971620,1,1
40.039014190,1,0
40.039055280,1,1
40.039097858,1,0
40.039138948,1,1
40.039181520,1,0
40.039225068,1,1
40.039267638,1,0
40.039305776,1,1
40.039348346,1,0
40.039392882,1,1
40.043019662,0,1
40.043031456,0,0
40.043074024,0,1
40.043097248,1,1
40.043116596,1,0
40.043157688,1,1
40.043200262,1,0
40.043241354,1,1
40.043262784,0,1
40.043282946,0,0
40.043324040,0,1
40.043365632,0,0
40.043406726,0,1
40.043429948,1,1
40.043449296,1,0
40.043490390,1,1
40.043532964,1,0
40.043574054,1,1
40.043595484,0,1
40.043615646,0,0
40.043656738,0,1
40.043698326,0,0
40.043741886,0,1
40.043765110,1,1
40.043784458,1,0
40.043822598,1,1
40.043865172,1,0
40.043909710,1,1
40.051261360,1,0
40.058388296,1,1
40.058432342,0,1
40.058444142,0,0
40.058486726,0,1
40.058528324,0,0
40.058569430,0,1
40.058611028,0,0
40.058652128,0,1
40.058693722,0,0
40.058734826,0,1
40.058776416,0,0
40.058817518,0,1
40.058840744,1,1
40.058860094,1,0
40.058901190,1,1
40.058943770,1,0
40.058984866,1,1
40.059027442,1,0
40.059068540,1,1
40.059111124,1,0
40.059154678,1,1
40.059197256,1,0
40.059235396,1,1
40.059277972,1,0
40.059322512,1,1
40.062950496,0,1
40.062962292,0,0
40.063004868,0,1
40.063046462,0,0
40.063087564,0,1
40.063129162,0,0
40.063170268,0,1
40.063193492,1,1
40.063212842,1,0
40.063253938,1,1
40.063275374,0,1
40.063295538,0,0
40.063336636,0,1
40.063359864,1,1
40.063379212,1,0
40.063420310,1,1
40.063462890,1,0
40.063503986,1,1
40.063525418,0,1
40.063545582,0,0
40.063586680,0,1
40.063628272,0,0
40.063671834,0,1
40.063713428,0,0
40.063751574,0,1
40.063774796,1,1
40.063794148,1,0
40.063838688,1,1
40.071848694,1,0
40.074394580,1,1
40.165281518,0,1
40.165293314,0,0
40.165335886,0,1
40.165359112,1,1
40.165378462,1,0
40.165419562,1,1
40.165440994,0,1
40.165461156,0,0
40.165502256,0,1
40.165525482,1,1
40.165544832,1,0
40.165585926,1,1
40.165607358,0,1
40.165627522,0,0
40.165668622,0,1
40.165691846,1,1
40.165711192,1,0
40.165752288,1,1
40.165794862,1,0
40.165835956,1,1
40.165857386,0,1
40.165877550,0,0
40.165918650,0,1
40.165960240,0,0
40.166003802,0,1
40.166027030,1,1
40.166046380,1,0
40.166084522,1,1
40.166127100,1,0
40.166171642,1,1
40.166189544,1,0
40.170393772,1,1
40.172915360,0,1
40.172927156,0,0
40.172969730,0,1
40.173011326,0,0
40.173052424,0,1
40.173094016,0,0
40.173135120,0,1
40.173158342,1,1
40.173177694,1,0
40.173218788,1,1
40.173240224,0,1
40.173260388,0,0
40.173301486,0,1
40.173324712,1,1
40.173344060,1,0
40.173385156,1,1
40.173427730,1,0
40.173468824,1,1
40.173490256,0,1
40.173510420,0,0
40.173551518,0,1
40.173593110,0,0
40.173636670,0,1
40.173678264,0,0
40.173716408,0,1
40.173739632,1,1
40.173758982,1,0
40.173803526,1,1
40.173822134,1,0
40.178394044,1,1
40.180545870,0,1
40.180557664,0,0
40.180600240,0,1
40.180623466,1,1
40.180642812,1,0
40.180683906,1,1
40.180726482,1,0
40.180767578,1,1
40.180789010,0,1
40.180809170,0,0
40.180850270,0,1
40.180891864,0,0
40.180932962,0,1
40.180956190,1,1
40.180975538,1,0
40.181016636,1,1
40.181059210,1,0
40.181100310,1,1
40.181121750,0,1
40.181141918,0,0
40.181183020,0,1
40.181224616,0,0
40.181268178,0,1
40.181291402,1,1
40.181310750,1,0
40.181348894,1,1
40.181391472,1,0
40.181436010,1,1
40.181454026,1,0
40.186394216,1,1
40.193002846,0,1
40.193014642,0,0
40.193057220,0,1
40.193098812,0,0
40.193139918,0,1
40.193181512,0,0
40.193222612,0,1
40.193264204,0,0
40.193305306,0,1
40.193346902,0,0
40.193388000,0,1
40.193411228,1,1
40.193430580,1,0
40.193471678,1,1
40.193514254,1,0
40.193555352,1,1
40.193597930,1,0
40.193639024,1,1
40.193681602,1,0
40.193725164,1,1
40.193767742,1,0
40.193805884,1,1
40.193848464,1,0
40.193893000,1,1
40.197520108,0,1
40.197531904,0,0
40.197574480,0,1
40.197597704,1,1
40.197617056,1,0
40.197658154,1,1
40.197679586,0,1
40.197699752,0,0
40.197740854,0,1
40.197764080,1,1
40.197783430,1,0
40.197824526,1,1
40.197845962,0,1
40.197866126,0,0
40.197907228,0,1
40.197930456,1,1
40.197949804,1,0
40.197990902,1,1
40.198033482,1,0
40.198074578,1,1
40.198096012,0,1
40.198116178,0,0
40.198157282,0,1
40.198198878,0,0
40.198242440,0,1
40.198265666,1,1
40.198285022,1,0
40.198323168,1,1
40.198365746,1,0
40.198410292,1,1
40.205706176,1,0
40.210394480,1,1
40.213692208,0,1
40.213704006,0,0
40.213746582,0,1
40.213788178,0,0
40.213829278,0,1
40.213870876,0,0
40.213911980,0,1
40.213953572,0,0
40.213994674,0,1
40.214036270,0,0
40.214077370,0,1
40.214100596,1,1
40.214119948,1,0
40.214161046,1,1
40.214203628,1,0
40.214244732,1,1
40.214287318,1,0
40.214328418,1,1
40.214370994,1,0
40.214414548,1,1
40.214457124,1,0
40.214495262,1,1
40.214537842,1,0
40.214582382,1,1
40.218210482,0,1
40.218222278,0,0
40.218264856,0,1
40.218306452,0,0
40.218347560,0,1
40.218389154,0,0
40.218430244,0,1
40.218453464,1,1
40.218472806,1,0
40.218513888,1,1
40.218535310,0,1
40.218555464,0,0
40.218596550,0,1
40.218619768,1,1
40.218639108,1,0
40.218680182,1,1
40.218722744,1,0
40.218763822,1,1
40.218785246,0,1
40.218805398,0,0
40.218846478,0,1
40.218888052,0,0
40.218931588,0,1
40.218973168,0,0
40.219011308,0,1
40.219034532,1,1
40.219053880,1,0
40.219098422,1,1
40.222725438,0,1
40.222737232,0,0
40.222779816,0,1
40.222821416,0,0
40.222862514,0,1
40.222904110,0,0
40.222945210,0,1
40.222986804,0,0
40.223027900,0,1
40.223069494,0,0
40.223110600,0,1
40.223133826,1,1
40.223153176,1,0
40.223194276,1,1
40.223236856,1,0
40.223277948,1,1
40.223320528,1,0
40.223361624,1,1
40.223404196,1,0
40.223447752,1,1
40.223490330,1,0
40.223528474,1,1
40.223571052,1,0
40.223615592,1,1
40.227242546,0,1
40.227254344,0,0
40.227296920,0,1
40.227320142,1,1
40.227339488,1,0
40.227380584,1,1
40.227423162,1,0
40.227464254,1,1
40.227485688,0,1
40.227505854,0,0
40.227546954,0,1
40.227588546,0,0
40.227629648,0,1
40.227652874,1,1
40.227672224,1,0
40.227713316,1,1
40.227755898,1,0
40.227796994,1,1
40.227818428,0,1
40.227838592,0,0
40.227879692,0,1
40.227921288,0,0
40.227964850,0,1
40.227988072,1,1
40.228007424,1,0
40.228045568,1,1
40.228088146,1,0
40.228132690,1,1
40.235566062,1,0
40.242400098,1,1
40.294237016,0,1
40.294248812,0,0
40.294291384,0,1
40.294314608,1,1
40.294333956,1,0
40.294375050,1,1
40.294417626,1,0
40.294458718,1,1
40.294480150,0,1
40.294500312,0,0
40.294541408,0,1
40.294582992,0,0
40.294624086,0,1
40.294647308,1,1
40.294666656,1,0
40.294707746,1,1
40.294750326,1,0
40.294791418,1,1
40.294812852,0,1
40.294833014,0,0
40.294874112,0,1
40.294915702,0,0
40.294959254,0,1
40.294982476,1,1
40.295001824,1,0
40.295039962,1,1
40.295082532,1,0
40.295127070,1,1
40.295145054,1,0
40.298393940,1,1
40.313752656,0,1
40.313764450,0,0
40.313807022,0,1
40.313848612,0,0
40.313889710,0,1
40.313931304,0,0
40.313972402,0,1
40.313995628,1,1
40.314014978,1,0
40.314056072,1,1
40.314077502,0,1
40.314097666,0,0
40.314138768,0,1
40.314161994,1,1
40.314181346,1,0
40.314222440,1,1
40.314265016,1,0
40.314306112,1,1
40.314327546,0,1
40.314347712,0,0
40.314388816,0,1
40.314430410,0,0
40.314473972,0,1
40.314515566,0,0
40.314553714,0,1
40.314576940,1,1
40.314596286,1,0
40.314640826,1,1
40.314659024,1,0
40.322393460,1,1
40.374538434,0,1
40.374550226,0,0
40.374592796,0,1
40.374634384,0,0
40.374675476,0,1
40.374717070,0,0
40.374758166,0,1
40.374799752,0,0
40.374840852,0,1
40.374882440,0,0
40.374923536,0,1
40.374946758,1,1
40.374966108,1,0
40.375007200,1,1
40.375049770,1,0
40.375090860,1,1
40.375133438,1,0
40.375174530,1,1
40.375217102,1,0
40.375260658,1,1
40.375303230,1,0
40.375341370,1,1
40.375383944,1,0
40.375428484,1,1
40.379056182,0,1
40.379067976,0,0
40.379110544,0,1
40.379152136,0,0
40.379193234,0,1
40.379234822,0,0
40.379275920,0,1
40.379299146,1,1
40.379318494,1,0
40.379359584,1,1
40.379381016,0,1
40.379401176,0,0
40.379442274,0,1
40.379465498,1,1
40.379484844,1,0
40.379525930,1,1
40.379568504,1,0
40.379609592,1,1
40.379631024,0,1
40.379651184,0,0
40.379692282,0,1
40.379733874,0,0
40.379777430,0,1
40.379819026,0,0
40.379857170,0,1
40.379880394,1,1
40.379899742,1,0
40.379944282,1,1
40.387947264,1,0
40.394392872,1,1
40.394454048,0,1
40.394465848,0,0
40.394508432,0,1
40.394550026,0,0
40.394591126,0,1
40.394632724,0,0
40.394673824,0,1
40.394715414,0,0
40.394756510,0,1
40.394798104,0,0
40.394839204,0,1
40.394862430,1,1
40.394881782,1,0
40.394922882,1,1
40.394965464,1,0
40.395006562,1,1
40.395049142,1,0
40.395090240,1,1
40.395132820,1,0
40.395176380,1,1
40.395218958,1,0
40.395257100,1,1
40.395299682,1,0
40.395344224,1,1
40.398970966,0,1
40.398982760,0,0
40.399025328,0,1
40.399048548,1,1
40.399067896,1,0
40.399108990,1,1
40.399151564,1,0
40.399192658,1,1
40.399214090,0,1
40.399234254,0,0
40.399275348,0,1
40.399316940,0,0
40.399358040,0,1
40.399381266,1,1
40.399400610,1,0
40.399441702,1,1
40.399484278,1,0
40.399525376,1,1
40.399546808,0,1
40.399566970,0,0
40.399608068,0,1
40.399649666,0,0
40.399693234,0,1
40.399716462,1,1
40.399735814,1,0
40.399773962,1,1
40.399816536,1,0
40.399861078,1,1
40.407504632,1,0
40.410394160,1,1
40.431332764,0,1
40.431344558,0,0
40.431387130,0,1
40.431410352,1,1
40.431429702,1,0
40.431470792,1,1
40.431513364,1,0
40.431554450,1,1
40.431575882,0,1
40.431596044,0,0
40.431637138,0,1
40.431678728,0,0
40.431719830,0,1
40.431743056,1,1
40.431762408,1,0
40.431803504,1,1
40.431846088,1,0
40.431887184,1,1
40.431908620,0,1
40.431928780,0,0
40.431969882,0,1
40.432011478,0,0
40.432055036,0,1
40.432078266,1,1
40.432097616,1,0
40.432135766,1,1
40.432178342,1,0
40.432222880,1,1
40.432241342,1,0
40.434393394,1,1
40.450848500,0,1
40.450860296,0,0
40.450902872,0,1
40.450944466,0,0
40.450985566,0,1
40.451027160,0,0
40.451068258,0,1
40.451091486,1,1
40.451110838,1,0
40.451151938,1,1
40.451173374,0,1
40.451193536,0,0
40.451234638,0,1
40.451257866,1,1
40.451277216,1,0
40.451318314,1,1
40.451360892,1,0
40.451401988,1,1
40.451423420,0,1
40.451443584,0,0
40.451484680,0,1
40.451526276,0,0
40.451569838,0,1
40.451611430,0,0
40.451649576,0,1
40.451672804,1,1
40.451692152,1,0
40.451736690,1,1
40.451754720,1,0
40.458393040,1,1
40.512275248,0,1
40.512287044,0,0
40.512329622,0,1
40.512371216,0,0
40.512412312,0,1
40.512453908,0,0
40.512495012,0,1
40.512536602,0,0
40.512577702,0,1
40.512619296,0,0
40.512660394,0,1
40.512683618,1,1
40.512702966,1,0
40.512744066,1,1
40.512786640,1,0
40.512827732,1,1
40.512870306,1,0
40.512911400,1,1
40.512953976,1,0
40.512997532,1,1
40.513040108,1,0
40.513078246,1,1
40.513120824,1,0
40.513165360,1,1
40.516793054,0,1
40.516804848,0,0
40.516847418,0,1
40.516889004,0,0
40.516930100,0,1
40.516971688,0,0
40.517012782,0,1
40.517036000,1,1
40.517055350,1,0
40.517096444,1,1
40.517117880,0,1
40.517138042,0,0
40.517179142,0,1
40.517202370,1,1
40.517221720,1,0
40.517262812,1,1
40.517305390,1,0
40.517346480,1,1
40.517367914,0,1
40.517388076,0,0
40.517429178,0,1
40.517470770,0,0
40.517514328,0,1
40.517555924,0,0
40.517594074,0,1
40.517617296,1,1
40.517636646,1,0
40.517681182,1,1
40.525931778,1,0
40.530392394,1,1
40.537337476,0,1
40.537349272,0,0
40.537391848,0,1
40.537433444,0,0
40.537474544,0,1
40.537516140,0,0
40.537557236,0,1
40.537598826,0,0
40.537639924,0,1
40.537681516,0,0
40.537722616,0,1
40.537745844,1,1
40.537765192,1,0
40.537806292,1,1
40.537848874,1,0
40.537889974,1,1
40.537932556,1,0
40.537973652,1,1
40.538016234,1,0
40.538059792,1,1
40.538102368,1,0
40.538140506,1,1
40.538183084,1,0
40.538227622,1,1
40.541855134,0,1
40.541866930,0,0
40.541909508,0,1
40.541932736,1,1
40.541952088,1,0
40.541993182,1,1
40.542035760,1,0
40.542076854,1,1
40.542098288,0,1
40.542118452,0,0
40.542159548,0,1
40.542201140,0,0
40.542242236,0,1
40.542265462,1,1
40.542284810,1,0
40.542325908,1,1
40.542368488,1,0
40.542409586,1,1
40.542431022,0,1
40.542451190,0,0
40.542492294,0,1
40.542533890,0,0
40.542577452,0,1
40.542600680,1,1
40.542620028,1,0
40.542658170,1,1
40.542700750,1,0
40.542745294,1,1
40.550641216,1,0
40.554393116,1,1
40.576881464,0,1
40.576893260,0,0
40.576935834,0,1
40.576959060,1,1
40.576978408,1,0
40.577019498,1,1
40.577062076,1,0
40.577103174,1,1
40.577124606,0,1
40.577144768,0,0
40.577185866,0,1
40.577227458,0,0
40.577268554,0,1
40.577291780,1,1
40.577311128,1,0
40.577352224,1,1
40.577394802,1,0
40.577435892,1,1
40.577457330,0,1
40.577477492,0,0
40.577518596,0,1
40.577560184,0,0
40.577603742,0,1
40.577626968,1,1
40.577646316,1,0
40.577684460,1,1
40.577727034,1,0
40.577771574,1,1
40.577790166,1,0
40.578393754,1,1
40.638742526,0,1
40.638754320,0,0
40.638796894,0,1
40.638838482,0,0
40.638879576,0,1
40.638921164,0,0
40.638962262,0,1
40.638985482,1,1
40.639004830,1,0
40.639045920,1,1
40.639067352,0,1
40.639087514,0,0
40.639128616,0,1
40.639151840,1,1
40.639171188,1,0
40.639212284,1,1
40.639254862,1,0
40.639295958,1,1
40.639317394,0,1
40.639337560,0,0
40.639378664,0,1
40.639420258,0,0
40.639463824,0,1
40.639505420,0,0
40.639543566,0,1
40.639566796,1,1
40.639586144,1,0
40.639630684,1,1
40.639649326,1,0
40.642392862,1,1
40.659541252,0,1
40.659553048,0,0
40.659595622,0,1
40.659637216,0,0
40.659678320,0,1
40.659719914,0,0
40.659761012,0,1
40.659802608,0,0
40.659843706,0,1
40.659885300,0,0
40.659926400,0,1
40.659949626,1,1
40.659968974,1,0
40.660010068,1,1
40.660052646,1,0
40.660093744,1,1
40.660136322,1,0
40.660177420,1,1
40.660220000,1,0
40.660263556,1,1
40.660306138,1,0
40.660344280,1,1
40.660386854,1,0
40.660431394,1,1
40.664059418,0,1
40.664071214,0,0
40.664113790,0,1
40.664155384,0,0
40.664196482,0,1
40.664238074,0,0
40.664279174,0,1
40.664302400,1,1
40.664321746,1,0
40.664362842,1,1
40.664384274,0,1
40.664404436,0,0
40.664445530,0,1
40.664468756,1,1
40.664488104,1,0
40.664529196,1,1
40.664571770,1,0
40.664612862,1,1
40.664634296,0,1
40.664654458,0,0
40.664695552,0,1
40.664737144,0,0
40.664780704,0,1
40.664822296,0,0
40.664860438,0,1
40.664883660,1,1
40.664903008,1,0
40.664947546,1,1
40.673185814,1,0
40.674392312,1,1
40.692325642,0,1
40.692337438,0,0
40.692380012,0,1
40.692421604,0,0
40.692462706,0,1
40.692504298,0,0
40.692545402,0,1
40.692586996,0,0
40.692628096,0,1
40.692669692,0,0
40.692710792,0,1
40.692734020,1,1
40.692753370,1,0
40.692794464,1,1
40.692837044,1,0
40.692878138,1,1
40.692920716,1,0
40.692961812,1,1
40.693004388,1,0
40.693047942,1,1
40.693090520,1,0
40.693128666,1,1
40.693171244,1,0
40.693215784,1,1
40.696842786,0,1
40.696854582,0,0
40.696897154,0,1
40.696920384,1,1
40.696939732,1,0
40.696980828,1,1
40.697023408,1,0
40.697064502,1,1
40.697085934,0,1
40.697106100,0,0
40.697147200,0,1
40.697188796,0,0
40.697229894,0,1
40.697253120,1,1
40.697272470,1,0
40.697313566,1,1
40.697356142,1,0
40.697397236,1,1
40.697418670,0,1
40.697438834,0,0
40.697479932,0,1
40.697521526,0,0
40.697565088,0,1
40.697588312,1,1
40.697607662,1,0
40.697645804,1,1
40.697688380,1,0
40.697732920,1,1
40.705107328,1,0
40.706393350,1,1
40.715884424,0,1
40.715896220,0,0
40.715938794,0,1
40.715962020,1,1
40.715981368,1,0
40.716022464,1,1
40.716065042,1,0
40.716106142,1,1
40.716127578,0,1
40.716147742,0,0
40.716188842,0,1
40.716230436,0,0
40.716271536,0,1
40.716294764,1,1
40.716314112,1,0
40.716355210,1,1
40.716397786,1,0
40.716438880,1,1
40.716460314,0,1
40.716480476,0,0
40.716521574,0,1
40.716563168,0,0
40.716606730,0,1
40.716629952,1,1
40.716649302,1,0
40.716687446,1,1
40.716730024,1,0
40.716774564,1,1
40.716793604,1,0
40.722393620,1,1
40.795120236,0,1
40.795132030,0,0
40.795174604,0,1
40.795197826,1,1
40.795217174,1,0
40.795258268,1,1
40.795300848,1,0
40.795341940,1,1
40.795363372,0,1
40.795383532,0,0
40.795424626,0,1
40.795447852,1,1
40.795467200,1,0
40.795508290,1,1
40.795550866,1,0
40.795591958,1,1
40.795634528,1,0
40.795675620,1,1
40.795697050,0,1
40.795717212,0,0
40.795758306,0,1
40.795799892,0,0
40.795843446,0,1
40.795885038,0,0
40.795923182,0,1
40.795946406,1,1
40.795965754,1,0
40.796010294,1,1
40.796029048,1,0
40.802392038,1,1
40.813306966,0,1
40.813318760,0,0
40.813361330,0,1
40.813402920,0,0
40.813444018,0,1
40.813485610,0,0
40.813526712,0,1
40.813568306,0,0
40.813609404,0,1
40.813651000,0,0
40.813692100,0,1
40.813715326,1,1
40.813734674,1,0
40.813775770,1,1
40.813818348,1,0
40.813859442,1,1
40.813902018,1,0
40.813943112,1,1
40.813985690,1,0
40.814029244,1,1
40.814071822,1,0
40.814109962,1,1
40.814152536,1,0
40.814197072,1,1
40.817821092,0,1
40.817832888,0,0
40.817875462,0,1
40.817898686,1,1
40.817918034,1,0
40.817959126,1,1
40.818001704,1,0
40.818042796,1,1
40.818064230,0,1
40.818084392,0,0
40.818125498,0,1
40.818148728,1,1
40.818168076,1,0
40.818209172,1,1
40.818251746,1,0
40.818292842,1,1
40.818335418,1,0
40.818376520,1,1
40.818397954,0,1
40.818418118,0,0
40.818459220,0,1
40.818500814,0,0
40.818544376,0,1
40.818585970,0,0
40.818624118,0,1
40.818647344,1,1
40.818666692,1,0
40.818711230,1,1
40.826610222,1,0
40.834391740,1,1
40.846091780,0,1
40.846103576,0,0
40.846146152,0,1
40.846187750,0,0
40.846228850,0,1
40.846270444,0,0
40.846311548,0,1
40.846353140,0,0
40.846394238,0,1
40.846435828,0,0
40.846476926,0,1
40.846500152,1,1
40.846519498,1,0
40.846560592,1,1
40.846603172,1,0
40.846644266,1,1
40.846686850,1,0
40.846727946,1,1
40.846770524,1,0
40.846814082,1,1
40.846856660,1,0
40.846894806,1,1
40.846937382,1,0
40.846981924,1,1
40.850609078,0,1
40.850620874,0,0
40.850663450,0,1
40.850686676,1,1
40.850706026,1,0
40.850747124,1,1
40.850789706,1,0
40.850830802,1,1
40.850852234,0,1
40.850872400,0,0
40.850913500,0,1
40.850955090,0,0
40.850996186,0,1
40.851019414,1,1
40.851038762,1,0
40.851079856,1,1
40.851122442,1,0
40.851163544,1,1
40.851184980,0,1
40.851205144,0,0
40.851246248,0,1
40.851287846,0,0
40.851331414,0,1
40.851354640,1,1
40.851373992,1,0
40.851412140,1,1
40.851454718,1,0
40.851499260,1,1
40.859552154,1,0
40.866392276,1,1
40.874981378,0,1
40.874993174,0,0
40.875035748,0,1
40.875058972,1,1
40.875078320,1,0
40.875119422,1,1
40.875162000,1,0
40.875203096,1,1
40.875224526,0,1
40.875244690,0,0
40.875285790,0,1
40.875327378,0,0
40.875368472,0,1
40.875391700,1,1
40.875411048,1,0
40.875452144,1,1
40.875494720,1,0
40.875535814,1,1
40.875557248,0,1
40.875577410,0,0
40.875618508,0,1
40.875660100,0,0
40.875703660,0,1
40.875726886,1,1
40.875746234,1,0
40.875784378,1,1
40.875826952,1,0
40.875871488,1,1
40.875889724,1,0
40.882391830,1,1
40.951310186,0,1
40.951321982,0,0
40.951364554,0,1
40.951406150,0,0
40.951447252,0,1
40.951488842,0,0
40.951529940,0,1
40.951553168,1,1
40.951572516,1,0
40.951613608,1,1
40.951635042,0,1
40.951655204,0,0
40.951696304,0,1
40.951719530,1,1
40.951738880,1,0
40.951779976,1,1
40.951822554,1,0
40.951863650,1,1
40.951885080,0,1
40.951905242,0,0
40.951946338,0,1
40.951987930,0,0
40.952031488,0,1
40.952073086,0,0
40.952111236,0,1
40.952134466,1,1
40.952153814,1,0
40.952198356,1,1
40.952216048,1,0
40.954392524,1,1
40.969494186,0,1
40.969505980,0,0
40.969548552,0,1
40.969590136,0,0
40.969631230,0,1
40.969672816,0,0
40.969713910,0,1
40.969755498,0,0
40.969796596,0,1
40.969838186,0,0
40.969879280,0,1
40.969902508,1,1
40.969921852,1,0
40.969962942,1,1
40.970005514,1,0
40.970046608,1,1
40.970089186,1,0
40.970130282,1,1
40.970172860,1,0
40.970216414,1,1
40.970258990,1,0
40.970297134,1,1
40.970339714,1,0
40.970384254,1,1
40.974012080,0,1
40.974023874,0,0
40.974066442,0,1
40.974108038,0,0
40.974149132,0,1
40.974190718,0,0
40.974231816,0,1
40.974255038,1,1
40.974274384,1,0
40.974315476,1,1
40.974336912,0,1
40.974357076,0,0
40.974398172,0,1
40.974421394,1,1
40.974440740,1,0
40.974481832,1,1
40.974524406,1,0
40.974565496,1,1
40.974586930,0,1
40.974607092,0,0
40.974648192,0,1
40.974689782,0,0
40.974733342,0,1
40.974774934,0,0
40.974813078,0,1
40.974836304,1,1
40.974855650,1,0
40.974900192,1,1
40.983105046,1,0
40.986391422,1,1
41.002278702,0,1
41.002290496,0,0
41.002333070,0,1
41.002374664,0,0
41.002415764,0,1
41.002457358,0,0
41.002498458,0,1
41.002540054,0,0
41.002581154,0,1
41.002622746,0,0
41.002663846,0,1
41.002687072,1,1
41.002706420,1,0
41.002747516,1,1
41.002790092,1,0
41.002831188,1,1
41.002873764,1,0
41.002914860,1,1
41.002957434,1,0
41.003000986,1,1
41.003043562,1,0
41.003081702,1,1
41.003124278,1,0
41.003168812,1,1
41.006795952,0,1
41.006807748,0,0
41.006850330,0,1
41.006873552,1,1
41.006892902,1,0
41.006934002,1,1
41.006976582,1,0
41.007017684,1,1
41.007039118,0,1
41.007059282,0,0
41.007100388,0,1
41.007141986,0,0
41.007183088,0,1
41.007206316,1,1
41.007225668,1,0
41.007266770,1,1
41.007309350,1,0
41.007350450,1,1
41.007371886,0,1
41.007392052,0,0
41.007433152,0,1
41.007474750,0,0
41.007518316,0,1
41.007541544,1,1
41.007560894,1,0
41.007599038,1,1
41.007641620,1,0
41.007686164,1,1
41.015024458,1,0
41.018392266,1,1
41.025839780,0,1
41.025851578,0,0
41.025894154,0,1
41.025917380,1,1
41.025936730,1,0
41.025977830,1,1
41.026020410,1,0
41.026061510,1,1
41.026082944,0,1
41.026103112,0,0
41.026144220,0,1
41.026185820,0,0
41.026226924,0,1
41.026250152,1,1
41.026269504,1,0
41.026310606,1,1
41.026353194,1,0
41.026394302,1,1
41.026415736,0,1
41.026435902,0,0
41.026477004,0,1
41.026518602,0,0
41.026562168,0,1
41.026585394,1,1
41.026604746,1,0
41.026642894,1,1
41.026685474,1,0
41.026730018,1,1
41.026748680,1,0
41.034391052,1,1
41.105461456,0,1
41.105473252,0,0
41.105515824,0,1
41.105557420,0,0
41.105598522,0,1
41.105640112,0,0
41.105681212,0,1
41.105704438,1,1
41.105723788,1,0
41.105764882,1,1
41.105786312,0,1
41.105806476,0,0
41.105847576,0,1
41.105870800,1,1
41.105890150,1,0
41.105931244,1,1
41.105973822,1,0
41.106014912,1,1
41.106036346,0,1
41.106056508,0,0
41.106097612,0,1
41.106139204,0,0
41.106182762,0,1
41.106224354,0,0
41.106262496,0,1
41.106285722,1,1
41.106305072,1,0
41.106349620,1,1
41.106367502,1,0
41.114391460,1,1
41.129015410,0,1
41.129027204,0,0
41.129069778,0,1
41.129111370,0,0
41.129152474,0,1
41.129194070,0,0
41.129235170,0,1
41.129276766,0,0
41.129317866,0,1
41.129359460,0,0
41.129400558,0,1
41.129423782,1,1
41.129443134,1,0
41.129484228,1,1
41.129526802,1,0
41.129567898,1,1
41.129610470,1,0
41.129651562,1,1
41.129694138,1,0
41.129737692,1,1
41.129780264,1,0
41.129818406,1,1
41.129860978,1,0
41.129905514,1,1
41.133533324,0,1
41.133545118,0,0
41.133587688,0,1
41.133629282,0,0
41.133670378,0,1
41.133711972,0,0
41.133753070,0,1
41.133776292,1,1
41.133795640,1,0
41.133836732,1,1
41.133858162,0,1
41.133878326,0,0
41.133919424,0,1
41.133942644,1,1
41.133961992,1,0
41.134003088,1,1
41.134045666,1,0
41.134086756,1,1
41.134108196,0,1
41.134128360,0,0
41.134169458,0,1
41.134211050,0,0
41.134254614,0,1
41.134296210,0,0
41.134334360,0,1
41.134357586,1,1
41.134376934,1,0
41.134421480,1,1
41.141665472,1,0
41.146392122,1,1
41.161801676,0,1
41.161813470,0,0
41.161856042,0,1
41.161897634,0,0
41.161938736,0,1
41.161980324,0,0
41.162021418,0,1
41.162063010,0,0
41.162104112,0,1
41.162145706,0,0
41.162186810,0,1
41.162210038,1,1
41.162229386,1,0
41.162270482,1,1
41.162313068,1,0
41.162354170,1,1
41.162396750,1,0
41.162437846,1,1
41.162480426,1,0
41.162523978,1,1
41.162566558,1,0
41.162604698,1,1
41.162647274,1,0
41.162691818,1,1
41.166318690,0,1
41.166330484,0,0
41.166373058,0,1
41.166396282,1,1
41.166415632,1,0
41.166456728,1,1
41.166499306,1,0
41.166540402,1,1
41.166561834,0,1
41.166581996,0,0
41.166623096,0,1
41.166664688,0,0
41.166705788,0,1
41.166729010,1,1
41.166748362,1,0
41.166789460,1,1
41.166832038,1,0
41.166873132,1,1
41.166894566,0,1
41.166914728,0,0
41.166955826,0,1
41.166997418,0,0
41.167040986,0,1
41.167064214,1,1
41.167083564,1,0
41.167121712,1,1
41.167164294,1,0
41.167208836,1,1
41.174613266,1,0
41.178385894,1,1
41.190689860,0,1
41.190701656,0,0
41.190744232,0,1
41.190767456,1,1
41.190786808,1,0
41.190827904,1,1
41.190870484,1,0
41.190911586,1,1
41.190933018,0,1
41.190953182,0,0
41.190994284,0,1
41.191035878,0,0
41.191076978,0,1
41.191100206,1,1
41.191119560,1,0
41.191160666,1,1
41.191203246,1,0
41.191244348,1,1
41.191265782,0,1
41.191285948,0,0
41.191327052,0,1
41.191368646,0,0
41.191412210,0,1
41.191435438,1,1
41.191454788,1,0
41.191492932,1,1
41.191535512,1,0
41.191580054,1,1
41.191599010,1,0
41.194390918,1,1
41.263292202,0,1
41.263303996,0,0
41.263346564,0,1
41.263388154,0,0
41.263429248,0,1
41.263470838,0,0
41.263511938,0,1
41.263535164,1,1
41.263554510,1,0
41.263595602,1,1
41.263617038,0,1
41.263637202,0,0
41.263678306,0,1
41.263701530,1,1
41.263720878,1,0
41.263761972,1,1
41.263804552,1,0
41.263845644,1,1
41.263867076,0,1
41.263887240,0,0
41.263928338,0,1
41.263969932,0,0
41.264013494,0,1
41.264055090,0,0
41.264093238,0,1
41.264116466,1,1
41.264135814,1,0
41.264180360,1,1
41.264198592,1,0
41.266390450,1,1
41.297854474,0,1
41.297866270,0,0
41.297908842,0,1
41.297950432,0,0
41.297991532,0,1
41.298033120,0,0
41.298074216,0,1
41.298115814,0,0
41.298156914,0,1
41.298198506,0,0
41.298239610,0,1
41.298262834,1,1
41.298282184,1,0
41.298323282,1,1
41.298365870,1,0
41.298406970,1,1
41.298449550,1,0
41.298490648,1,1
41.298533230,1,0
41.298576786,1,1
41.298619366,1,0
41.298657510,1,1
41.298700086,1,0
41.298744624,1,1
41.302372594,0,1
41.302384390,0,0
41.302426968,0,1
41.302468566,0,0
41.302509668,0,1
41.302551266,0,0
41.302592370,0,1
41.302615596,1,1
41.302634944,1,0
41.302676042,1,1
41.302697476,0,1
41.302717642,0,0
41.302758738,0,1
41.302781966,1,1
41.302801316,1,0
41.302842418,1,1
41.302884996,1,0
41.302926094,1,1
41.302947530,0,1
41.302967696,0,0
41.303008796,0,1
41.303050390,0,0
41.303093960,0,1
41.303135564,0,0
41.303173716,0,1
41.303196942,1,1
41.303216294,1,0
41.303260836,1,1
41.310532072,1,0
41.314390620,1,1
41.330639912,0,1
41.330651706,0,0
41.330694274,0,1
41.330735868,0,0
41.330776964,0,1
41.330818552,0,0
41.330859648,0,1
41.330901238,0,0
41.330942330,0,1
41.330983922,0,0
41.331025020,0,1
41.331048244,1,1
41.331067590,1,0
41.331108686,1,1
41.331151266,1,0
41.331192362,1,1
41.331234936,1,0
41.331276032,1,1
41.331318606,1,0
41.331362154,1,1
41.331404726,1,0
41.331442866,1,1
41.331485436,1,0
41.331529976,1,1
41.335157462,0,1
41.335169266,0,0
41.335211888,0,1
41.335235136,1,1
41.335254496,1,0
41.335295614,1,1
41.335338236,1,0
41.335379358,1,1
41.335400806,0,1
41.335420980,0,0
41.335462108,0,1
41.335503726,0,0
41.335544842,0,1
41.335568078,1,1
41.335587438,1,0
41.335628560,1,1
41.335671158,1,0
41.335712282,1,1
41.335733728,0,1
41.335753902,0,0
41.335795020,0,1
41.335836628,0,0
41.335880216,0,1
41.335903454,1,1
41.335922810,1,0
41.335960972,1,1
41.336003578,1,0
41.336048146,1,1
41.343482630,1,0
41.346391688,1,1
41.354209092,0,1
41.354220892,0,0
41.354263484,0,1
41.354286718,1,1
41.354306076,1,0
41.354347198,1,1
41.354389796,1,0
41.354430916,1,1
41.354452356,0,1
41.354472530,0,0
41.354513650,0,1
41.354555260,0,0
41.354596384,0,1
41.354619616,1,1
41.354638974,1,0
41.354680090,1,1
41.354722688,1,0
41.354763804,1,1
41.354785246,0,1
41.354805420,0,0
41.354846538,0,1
41.354888148,0,0
41.354931728,0,1
41.354954958,1,1
41.354974312,1,0
41.355012470,1,1
41.355055062,1,0
41.355099624,1,1
41.355117848,1,0
41.362393130,1,1
41.386938266,0,1
41.386950076,0,0
41.386992704,0,1
41.387015958,1,1
41.387035328,1,0
41.387076474,1,1
41.387119100,1,0
41.387160244,1,1
41.387181698,0,1
41.387201884,0,0
41.387243036,0,1
41.387266290,1,1
41.387285660,1,0
41.387326806,1,1
41.387369436,1,0
41.387410582,1,1
41.387453206,1,0
41.387494352,1,1
41.387515810,0,1
41.387535998,0,0
41.387577146,0,1
41.387618790,0,0
41.387662404,0,1
41.387704048,0,0
41.387742242,0,1
41.387765500,1,1
41.387784874,1,0
41.387829476,1,1
41.387846994,1,0
41.394391194,1,1
41.454077650,0,1
41.454089456,0,0
41.454132072,0,1
41.454173706,0,0
41.454214850,0,1
41.454256486,0,0
41.454297632,0,1
41.454339270,0,0
41.454380412,0,1
41.454422044,0,0
41.454463186,0,1
41.454486436,1,1
41.454505802,1,0
41.454546942,1,1
41.454589564,1,0
41.454630706,1,1
41.454673324,1,0
41.454714456,1,1
41.454757076,1,0
41.454800684,1,1
41.454843310,1,0
41.454881508,1,1
41.454924140,1,0
41.454968744,1,1
41.458597694,0,1
41.458609506,0,0
41.458652136,0,1
41.458675392,1,1
41.458694764,1,0
41.458735912,1,1
41.458778548,1,0
41.458819700,1,1
41.458841162,0,1
41.458861350,0,0
41.458902502,0,1
41.458925760,1,1
41.458945132,1,0
41.458986282,1,1
41.459028914,1,0
41.459070066,1,1
41.459112698,1,0
41.459153848,1,1
41.459175308,0,1
41.459195500,0,0
41.459236652,0,1
41.459278294,0,0
41.459321912,0,1
41.459363558,0,0
41.459401756,0,1
41.459425012,1,1
41.459444384,1,0
41.459488990,1,1
41.467090926,1,0
41.474390050,1,1
41.622690868,0,1
41.622702660,0,0
41.622745230,0,1
41.622786820,0,0
41.622827912,0,1
41.622869502,0,0
41.622910600,0,1
41.622952192,0,0
41.622993288,0,1
41.623034876,0,0
41.623075972,0,1
41.623099196,1,1
41.623118542,1,0
41.623159638,1,1
41.623202212,1,0
41.623243304,1,1
41.623285876,1,0
41.623326970,1,1
41.623369542,1,0
41.623413092,1,1
41.623455666,1,0
41.623493800,1,1
41.623536370,1,0
41.623580910,1,1
41.627207730,0,1
41.627219528,0,0
41.627262100,0,1
41.627285326,1,1
41.627304674,1,0
41.627345768,1,1
41.627388348,1,0
41.627429440,1,1
41.627450874,0,1
41.627471036,0,0
41.627512134,0,1
41.627553726,0,0
41.627594826,0,1
41.627618052,1,1
41.627637400,1,0
41.627678496,1,1
41.627721072,1,0
41.627762170,1,1
41.627783602,0,1
41.627803764,0,0
41.627844860,0,1
41.627886452,0,0
41.627930012,0,1
41.627953236,1,1
41.627972584,1,0
41.628010722,1,1
41.628053296,1,0
41.628097828,1,1
41.635985156,1,0
41.642391018,1,1
41.686211898,0,1
41.686223692,0,0
41.686266260,0,1
41.686289482,1,1
41.686308830,1,0
41.686349924,1,1
41.686392500,1,0
41.686433590,1,1
41.686455024,0,1
41.686475188,0,0
41.686516286,0,1
41.686557876,0,0
41.686598972,0,1
41.686622198,1,1
41.686641542,1,0
41.686682632,1,1
41.686725208,1,0
41.686766302,1,1
41.686787734,0,1
41.686807894,0,0
41.686848988,0,1
41.686890576,0,0
41.686934130,0,1
41.686957350,1,1
41.686976698,1,0
41.687014836,1,1
41.687057412,1,0
41.687101948,1,1
41.687119946,1,0
41.690390398,1,1
41.744999648,0,1
41.745011440,0,0
41.745054008,0,1
41.745095596,0,0
41.745136694,0,1
41.745178286,0,0
41.745219388,0,1
41.745242612,1,1
41.745261962,1,0
41.745303060,1,1
41.745324494,0,1
41.745344656,0,0
41.745385750,0,1
41.745408972,1,1
41.745428320,1,0
41.745469412,1,1
41.745511986,1,0
41.745553076,1,1
41.745574508,0,1
41.745594670,0,0
41.745635766,0,1
41.745677356,0,0
41.745720918,0,1
41.745762508,0,0
41.745800648,0,1
41.745823876,1,1
41.745843224,1,0
41.745887760,1,1
41.745906526,1,0
41.746389498,1,1
41.787888306,0,1
41.787900102,0,0
41.787942674,0,1
41.787984260,0,0
41.788025352,0,1
41.788066940,0,0
41.788108038,0,1
41.788149630,0,0
41.788190730,0,1
41.788232324,0,0
41.788273422,0,1
41.788296650,1,1
41.788315998,1,0
41.788357094,1,1
41.788399666,1,0
41.788440754,1,1
41.788483330,1,0
41.788524420,1,1
41.788566992,1,0
41.788610542,1,1
41.788653114,1,0
41.788691250,1,1
41.788733824,1,0
41.788778356,1,1
41.792406150,0,1
41.792417944,0,0
41.792460514,0,1
41.792502104,0,0
41.792543200,0,1
41.792584788,0,0
41.792625886,0,1
41.792649108,1,1
41.792668456,1,0
41.792709548,1,1
41.792730978,0,1
41.792751140,0,0
41.792792238,0,1
41.792815462,1,1
41.792834810,1,0
41.792875904,1,1
41.792918482,1,0
41.792959576,1,1
41.792981004,0,1
41.793001164,0,0
41.793042260,0,1
41.793083846,0,0
41.793127402,0,1
41.793168992,0,0
41.793207134,0,1
41.793230358,1,1
41.793249704,1,0
41.793294242,1,1
41.800742816,1,0
41.802389954,1,1
41.820676560,0,1
41.820688354,0,0
41.820730926,0,1
41.820772516,0,0
41.820813614,0,1
41.820855210,0,0
41.820896306,0,1
41.820937900,0,0
41.820979000,0,1
41.821020592,0,0
41.821061694,0,1
41.821084918,1,1
41.821104270,1,0
41.821145368,1,1
41.821187946,1,0
41.821229042,1,1
41.821271616,1,0
41.821312706,1,1
41.821355282,1,0
41.821398836,1,1
41.821441412,1,0
41.821479556,1,1
41.821522132,1,0
41.821566672,1,1
41.825193508,0,1
41.825205304,0,0
41.825247872,0,1
41.825271100,1,1
41.825290446,1,0
41.825331538,1,1
41.825374118,1,0
41.825415214,1,1
41.825436648,0,1
41.825456812,0,0
41.825497910,0,1
41.825539502,0,0
41.825580604,0,1
41.825603828,1,1
41.825623176,1,0
41.825664272,1,1
41.825706852,1,0
41.825747948,1,1
41.825769382,0,1
41.825789546,0,0
41.825830646,0,1
41.825872240,0,0
41.825915806,0,1
41.825939032,1,1
41.825958382,1,0
41.825996526,1,1
41.826039102,1,0
41.826083642,1,1
41.833697278,1,0
41.834390352,1,1
41.844234270,0,1
41.844246066,0,0
41.844288646,0,1
41.844311872,1,1
41.844331220,1,0
41.844372316,1,1
41.844414896,1,0
41.844455992,1,1
41.844477424,0,1
41.844497586,0,0
41.844538688,0,1
41.844580282,0,0
41.844621378,0,1
41.844644606,1,1
41.844663956,1,0
41.844705054,1,1
41.844747634,1,0
41.844788728,1,1
41.844810164,0,1
41.844830328,0,0
41.844871430,0,1
41.844913022,0,0
41.844956584,0,1
41.844979808,1,1
41.844999156,1,0
41.845037298,1,1
41.845079880,1,0
41.845124428,1,1
41.845142948,1,0
41.850391048,1,1
41.933431142,0,1
41.933442936,0,0
41.933485504,0,1
41.933527092,0,0
41.933568190,0,1
41.933609776,0,0
41.933650870,0,1
41.933674092,1,1
41.933693442,1,0
41.933734532,1,1
41.933755960,0,1
41.933776122,0,0
41.933817214,0,1
41.933840438,1,1
41.933859782,1,0
41.933900866,1,1
41.933943438,1,0
41.933984524,1,1
41.934005954,0,1
41.934026114,0,0
41.934067212,0,1
41.934108804,0,0
41.934152362,0,1
41.934193958,0,0
41.934232106,0,1
41.934255332,1,1
41.934274680,1,0
41.934319218,1,1
41.934337396,1,0
41.938389100,1,1
41.962513640,0,1
41.962525434,0,0
41.962568010,0,1
41.962609600,0,0
41.962650704,0,1
41.962692300,0,0
41.962733402,0,1
41.962775002,0,0
41.962816110,0,1
41.962857720,0,0
41.962898836,0,1
41.962922068,1,1
41.962941420,1,0
41.962982520,1,1
41.963025100,1,0
41.963066198,1,1
41.963108780,1,0
41.963149878,1,1
41.963192458,1,0
41.963236010,1,1
41.963278586,1,0
41.963316726,1,1
41.963359298,1,0
41.963403832,1,1
41.967031356,0,1
41.967043150,0,0
41.967085720,0,1
41.967127312,0,0
41.967168408,0,1
41.967210002,0,0
41.967251102,0,1
41.967274326,1,1
41.967293670,1,0
41.967334758,1,1
41.967356192,0,1
41.967376354,0,0
41.967417444,0,1
41.967440668,1,1
41.967460014,1,0
41.967501104,1,1
41.967543680,1,0
41.967584768,1,1
41.967606202,0,1
41.967626364,0,0
41.967667460,0,1
41.967709052,0,0
41.967752612,0,1
41.967794204,0,0
41.967832346,0,1
41.967855570,1,1
41.967874920,1,0
41.967919462,1,1
41.975790970,1,0
41.978389298,1,1
42.092767538,0,1
42.092779332,0,0
42.092821902,0,1
42.092863490,0,0
42.092904584,0,1
42.092946174,0,0
42.092987270,0,1
42.093010492,1,1
42.093029840,1,0
42.093070936,1,1
42.093092368,0,1
42.093112534,0,0
42.093153630,0,1
42.093176856,1,1
42.093196206,1,0
42.093237300,1,1
42.093279872,1,0
42.093320968,1,1
42.093342400,0,1
42.093362560,0,0
42.093403652,0,1
42.093445246,0,0
42.093488806,0,1
42.093530396,0,0
42.093568542,0,1
42.093591768,1,1
42.093611116,1,0
42.093655656,1,1
42.093674722,1,0
42.098388892,1,1
42.143444844,0,1
42.143456638,0,0
42.143499206,0,1
42.143540794,0,0
42.143581890,0,1
42.143623476,0,0
42.143664574,0,1
42.143706164,0,0
42.143747260,0,1
42.143788856,0,0
42.143829952,0,1
42.143853174,1,1
42.143872522,1,0
42.143913614,1,1
42.143956190,1,0
42.143997280,1,1
42.144039852,1,0
42.144080944,1,1
42.144123522,1,0
42.144167078,1,1
42.144209652,1,0
42.144247788,1,1
42.144290362,1,0
42.144334902,1,1
42.147962872,0,1
42.147974670,0,0
42.148017242,0,1
42.148058834,0,0
42.148099934,0,1
42.148141532,0,0
42.148182632,0,1
42.148205860,1,1
42.148225210,1,0
42.148266306,1,1
42.148287742,0,1
42.148307906,0,0
42.148349006,0,1
42.148372234,1,1
42.148391582,1,0
42.148432678,1,1
42.148475254,1,0
42.148516350,1,1
42.148537782,0,1
42.148557944,0,0
42.148599040,0,1
42.148640634,0,0
42.148684196,0,1
42.148725794,0,0
42.148763944,0,1
42.148787172,1,1
42.148806522,1,0
42.148851066,1,1
42.157026528,1,0
42.162388560,1,1
42.165935278,0,1
42.165947072,0,0
42.165989644,0,1
42.166031232,0,0
42.166072334,0,1
42.166113932,0,0
42.166155030,0,1
42.166196624,0,0
42.166237722,0,1
42.166279312,0,0
42.166320412,0,1
42.166343636,1,1
42.166362984,1,0
42.166404076,1,1
42.166446652,1,0
42.166487746,1,1
42.166530324,1,0
42.166571422,1,1
42.166614000,1,0
42.166657558,1,1
42.166700132,1,0
42.166738274,1,1
42.166780850,1,0
42.166825390,1,1
42.170452424,0,1
42.170464218,0,0
42.170506790,0,1
42.170530016,1,1
42.170549364,1,0
42.170590458,1,1
42.170633034,1,0
42.170674126,1,1
42.170695560,0,1
42.170715722,0,0
42.170756818,0,1
42.170798410,0,0
42.170839508,0,1
42.170862730,1,1
42.170882080,1,0
42.170923176,1,1
42.170965750,1,0
42.171006842,1,1
42.171028272,0,1
42.171048436,0,0
42.171089534,0,1
42.171131128,0,0
42.171174686,0,1
42.171197910,1,1
42.171217260,1,0
42.171255396,1,1
42.171297972,1,0
42.171342512,1,1
42.178647602,1,0
42.186389666,1,1
42.218966112,0,1
42.218977906,0,0
42.219020482,0,1
42.219043706,1,1
42.219063056,1,0
42.219104154,1,1
42.219146736,1,0
42.219187832,1,1
42.219209264,0,1
42.219229428,0,0
42.219270530,0,1
42.219312126,0,0
42.219353226,0,1
42.219376454,1,1
42.219395802,1,0
42.219436898,1,1
42.219479472,1,0
42.219520564,1,1
42.219542000,0,1
42.219562162,0,0
42.219603262,0,1
42.219644856,0,0
42.219688420,0,1
42.219711650,1,1
42.219731002,1,0
42.219769148,1,1
42.219811726,1,0
42.219856266,1,1
42.219875032,1,0
42.226387906,1,1
42.277303792,0,1
42.277315588,0,0
42.277358166,0,1
42.277399760,0,0
42.277440862,0,1
42.277482460,0,0
42.277523566,0,1
42.277546792,1,1
42.277566142,1,0
42.277607244,1,1
42.277628680,0,1
42.277648844,0,0
42.277689944,0,1
42.277713170,1,1
42.277732522,1,0
42.277773620,1,1
42.277816202,1,0
42.277857300,1,1
42.277878738,0,1
42.277898902,0,0
42.277940004,0,1
42.277981600,0,0
42.278025168,0,1
42.278066764,0,0
42.278104916,0,1
42.278128144,1,1
42.278147496,1,0
42.278192044,1,1
42.278210466,1,0
42.282388302,1,1
42.319594186,0,1
42.319605980,0,0
42.319648552,0,1
42.319690146,0,0
42.319731242,0,1
42.319772834,0,0
42.319813936,0,1
42.319855524,0,0
42.319896618,0,1
42.319938206,0,0
42.319979302,0,1
42.320002524,1,1
42.320021872,1,0
42.320062970,1,1
42.320105548,1,0
42.320146644,1,1
42.320189220,1,0
42.320230316,1,1
42.320272894,1,0
42.320316448,1,1
42.320359024,1,0
42.320397162,1,1
42.320439738,1,0
42.320484276,1,1
42.324111218,0,1
42.324123016,0,0
42.324165592,0,1
42.324188820,1,1
42.324208170,1,0
42.324249268,1,1
42.324291850,1,0
42.324332944,1,1
42.324354378,0,1
42.324374542,0,0
42.324415646,0,1
42.324457242,0,0
42.324498342,0,1
42.324521572,1,1
42.324540922,1,0
42.324582024,1,1
42.324624602,1,0
42.324665700,1,1
42.324687134,0,1
42.324707298,0,0
42.324748398,0,1
42.324789992,0,0
42.324833556,0,1
42.324856780,1,1
42.324876128,1,0
42.324914272,1,1
42.324956850,1,0
42.325001388,1,1
42.328628434,0,1
42.328640228,0,0
42.328682796,0,1
42.328724386,0,0
42.328765482,0,1
42.328807070,0,0
42.328848168,0,1
42.328889762,0,0
42.328930862,0,1
42.328972456,0,0
42.329013556,0,1
42.329036782,1,1
42.329056130,1,0
42.329097232,1,1
42.329139816,1,0
42.329180912,1,1
42.329223492,1,0
42.329264592,1,1
42.329307172,1,0
42.329350728,1,1
42.329393310,1,0
42.329431454,1,1
42.329474030,1,0
42.329518574,1,1
42.333146514,0,1
42.333158312,0,0
42.333200880,0,1
42.333242470,0,0
42.333283568,0,1
42.333325162,0,0
42.333366260,0,1
42.333389482,1,1
42.333408830,1,0
42.333449926,1,1
42.333471360,0,1
42.333491522,0,0
42.333532622,0,1
42.333555846,1,1
42.333575194,1,0
42.333616290,1,1
42.333658860,1,0
42.333699954,1,1
42.333721386,0,1
42.333741548,0,0
42.333782644,0,1
42.333824238,0,0
42.333867796,0,1
42.333909386,0,0
42.333947532,0,1
42.333970754,1,1
42.333990104,1,0
42.334034640,1,1
42.341351010,1,0
42.346389282,1,1
42.376165130,0,1
42.376176926,0,0
42.376219502,0,1
42.376242726,1,1
42.376262076,1,0
42.376303176,1,1
42.376345754,1,0
42.376386850,1,1
42.376408282,0,1
42.376428446,0,0
42.376469544,0,1
42.376511134,0,0
42.376552236,0,1
42.376575462,1,1
42.376594812,1,0
42.376635906,1,1
42.376678482,1,0
42.376719574,1,1
42.376741008,0,1
42.376761172,0,0
42.376802270,0,1
42.376843864,0,0
42.376887424,0,1
42.376910648,1,1
42.376929998,1,0
42.376968140,1,1
42.377010722,1,0
42.377055260,1,1
42.377073334,1,0
42.378387502,1,1
42.395337506,0,1
42.395349302,0,0
42.395391878,0,1
42.395415104,1,1
42.395434454,1,0
42.395475552,1,1
42.395518132,1,0
42.395559230,1,1
42.395580666,0,1
42.395600830,0,0
42.395641928,0,1
42.395665158,1,1
42.395684508,1,0
42.395725606,1,1
42.395768186,1,0
42.395809284,1,1
42.395851864,1,0
42.395892962,1,1
42.395914396,0,1
42.395934562,0,0
42.395975666,0,1
42.396017260,0,0
42.396060824,0,1
42.396102420,0,0
42.396140570,0,1
42.396163798,1,1
42.396183148,1,0
42.396227696,1,1
42.396245598,1,0
42.402387494,1,1
42.453608192,0,1
42.453619988,0,0
42.453662558,0,1
42.453704144,0,0
42.453745240,0,1
42.453786832,0,0
42.453827928,0,1
42.453869516,0,0
42.453910612,0,1
42.453952204,0,0
42.453993298,0,1
42.454016526,1,1
42.454035874,1,0
42.454076962,1,1
42.454119538,1,0
42.454160628,1,1
42.454203202,1,0
42.454244292,1,1
42.454286868,1,0
42.454330424,1,1
42.454372996,1,0
42.454411134,1,1
42.454453714,1,0
42.454498252,1,1
42.458122230,0,1
42.458134024,0,0
42.458176594,0,1
42.458199820,1,1
42.458219168,1,0
42.458260262,1,1
42.458302836,1,0
42.458343936,1,1
42.458365370,0,1
42.458385534,0,0
42.458426634,0,1
42.458449856,1,1
42.458469208,1,0
42.458510302,1,1
42.458552878,1,0
42.458593974,1,1
42.458636548,1,0
42.458677638,1,1
42.458699070,0,1
42.458719232,0,0
42.458760326,0,1
42.458801920,0,0
42.458845478,0,1
42.458887070,0,0
42.458925216,0,1
42.458948442,1,1
42.458967790,1,0
42.459012332,1,1
42.466984500,1,0
42.474387670,1,1
42.486392524,0,1
42.486404320,0,0
42.486446890,0,1
42.486488482,0,0
42.486529582,0,1
42.486571178,0,0
42.486612280,0,1
42.486653872,0,0
42.486694974,0,1
42.486736568,0,0
42.486777666,0,1
42.486800894,1,1
42.486820244,1,0
42.486861340,1,1
42.486903916,1,0
42.486945012,1,1
42.486987588,1,0
42.487028680,1,1
42.487071258,1,0
42.487114812,1,1
42.487157390,1,0
42.487195532,1,1
42.487238108,1,0
42.487282646,1,1
42.490910072,0,1
42.490921868,0,0
42.490964440,0,1
42.490987666,1,1
42.491007016,1,0
42.491048114,1,1
42.491090694,1,0
42.491131802,1,1
42.491153238,0,1
42.491173402,0,0
42.491214502,0,1
42.491256100,0,0
42.491297202,0,1
42.491320426,1,1
42.491339778,1,0
42.491380878,1,1
42.491423456,1,0
42.491464550,1,1
42.491485986,0,1
42.491506152,0,0
42.491547254,0,1
42.491588848,0,0
42.491632410,0,1
42.491655638,1,1
42.491674988,1,0
42.491713132,1,1
42.491755706,1,0
42.491800252,1,1
42.499927034,1,0
42.506389398,1,1
42.510177148,0,1
42.510188936,0,0
42.510231486,0,1
42.510254698,1,1
42.510274040,1,0
42.510315116,1,1
42.510357670,1,0
42.510398746,1,1
42.510420172,0,1
42.510440326,0,0
42.510481404,0,1
42.510522982,0,0
42.510564064,0,1
42.510587278,1,1
42.510606616,1,0
42.510647692,1,1
42.510690250,1,0
42.510731324,1,1
42.510752748,0,1
42.510772902,0,0
42.510813984,0,1
42.510855556,0,0
42.510899096,0,1
42.510922320,1,1
42.510941672,1,0
42.510979818,1,1
42.511022396,1,0
42.511066940,1,1
42.511084960,1,0
42.514387240,1,1
42.571810456,0,1
42.571822250,0,0
42.571864820,0,1
42.571906406,0,0
42.571947496,0,1
42.571989084,0,0
42.572030182,0,1
42.572053410,1,1
42.572072756,1,0
42.572113856,1,1
42.572135290,0,1
42.572155454,0,0
42.572196550,0,1
42.572219776,1,1
42.572239122,1,0
42.572280218,1,1
42.572322792,1,0
42.572363880,1,1
42.572385314,0,1
42.572405474,0,0
42.572446572,0,1
42.572488164,0,0
42.572531726,0,1
42.572573314,0,0
42.572611456,0,1
42.572634680,1,1
42.572654030,1,0
42.572698570,1,1
42.572716778,1,0
42.578386784,1,1
42.616397650,0,1
42.616409446,0,0
42.616452020,0,1
42.616493610,0,0
42.616534706,0,1
42.616576302,0,0
42.616617398,0,1
42.616658990,0,0
42.616700094,0,1
42.616741686,0,0
42.616782784,0,1
42.616806010,1,1
42.616825362,1,0
42.616866460,1,1
42.616909034,1,0
42.616950128,1,1
42.616992706,1,0
42.617033802,1,1
42.617076376,1,0
42.617119934,1,1
42.617162514,1,0
42.617200658,1,1
42.617243236,1,0
42.617287774,1,1
42.620915954,0,1
42.620927744,0,0
42.620970288,0,1
42.621011856,0,0
42.621052930,0,1
42.621094496,0,0
42.621135570,0,1
42.621158782,1,1
42.621178118,1,0
42.621219184,1,1
42.621240604,0,1
42.621260754,0,0
42.621301828,0,1
42.621325034,1,1
42.621344368,1,0
42.621385430,1,1
42.621427982,1,0
42.621469044,1,1
42.621490466,0,1
42.621510620,0,0
42.621551712,0,1
42.621593300,0,0
42.621636856,0,1
42.621678450,0,0
42.621716594,0,1
42.621739818,1,1
42.621759166,1,0
42.621803710,1,1
42.628584098,0,1
42.628595894,0,0
42.628638472,0,1
42.628680062,0,0
42.628721164,0,1
42.628762758,0,0
42.628803858,0,1
42.628845450,0,0
42.628886552,0,1
42.628928146,0,0
42.628969242,0,1
42.628992468,1,1
42.629011816,1,0
42.629052908,1,1
42.629095486,1,0
42.629136592,1,1
42.629179172,1,0
42.629220272,1,1
42.629262850,1,0
42.629306410,1,1
42.629348988,1,0
42.629387132,1,1
42.629429712,1,0
42.629474254,1,1
42.633101290,0,1
42.633113088,0,0
42.633155664,0,1
42.633178890,1,1
42.633198238,1,0
42.633239334,1,1
42.633281914,1,0
42.633323012,1,1
42.633344448,0,1
42.633364614,0,0
42.633405714,0,1
42.633447308,0,0
42.633488408,0,1
42.633511634,1,1
42.633530984,1,0
42.633572078,1,1
42.633614660,1,0
42.633655754,1,1
42.633677186,0,1
42.633697348,0,0
42.633738448,0,1
42.633780042,0,0
42.633823604,0,1
42.633846832,1,1
42.633866182,1,0
42.633904328,1,1
42.633946906,1,0
42.633991450,1,1
42.642020516,1,0
42.642387678,1,1
42.705730362,0,1
42.705742154,0,0
42.705784718,0,1
42.705807938,1,1
42.705827284,1,0
42.705868374,1,1
42.705910940,1,0
42.705952034,1,1
42.705973466,0,1
42.705993626,0,0
42.706034720,0,1
42.706076312,0,0
42.706117414,0,1
42.706140638,1,1
42.706159986,1,0
42.706201084,1,1
42.706243664,1,0
42.706284758,1,1
42.706306190,0,1
42.706326354,0,0
42.706367454,0,1
42.706409052,0,0
42.706452614,0,1
42.706475840,1,1
42.706495190,1,0
42.706533332,1,1
42.706575912,1,0
42.706620454,1,1
42.706638646,1,0
42.714388318,1,1
42.717117588,0,1
42.717129384,0,0
42.717171956,0,1
42.717213548,0,0
42.717254648,0,1
42.717296242,0,0
42.717337342,0,1
42.717360574,1,1
42.717379922,1,0
42.717421018,1,1
42.717442450,0,1
42.717462614,0,0
42.717503716,0,1
42.717526942,1,1
42.717546288,1,0
42.717587382,1,1
42.717629964,1,0
42.717671060,1,1
42.717692490,0,1
42.717712654,0,0
42.717753756,0,1
42.717795348,0,0
42.717838910,0,1
42.717880504,0,0
42.717918650,0,1
42.717941876,1,1
42.717961222,1,0
42.718005764,1,1
42.718023786,1,0
42.722388132,1,1
42.794331098,0,1
42.794342894,0,0
42.794385468,0,1
42.794427062,0,0
42.794468156,0,1
42.794509742,0,0
42.794550840,0,1
42.794592428,0,0
42.794633522,0,1
42.794675108,0,0
42.794716200,0,1
42.794739426,1,1
42.794758772,1,0
42.794799864,1,1
42.794842436,1,0
42.794883526,1,1
42.794926100,1,0
42.794967190,1,1
42.795009768,1,0
42.795053320,1,1
42.795095896,1,0
42.795134044,1,1
42.795176616,1,0
42.795221154,1,1
42.798847846,0,1
42.798859642,0,0
42.798902214,0,1
42.798925440,1,1
42.798944788,1,0
42.798985876,1,1
42.799028454,1,0
42.799069548,1,1
42.799090978,0,1
42.799111142,0,0
42.799152242,0,1
42.799193832,0,0
42.799234928,0,1
42.799258156,1,1
42.799277506,1,0
42.799318600,1,1
42.799361174,1,0
42.799402266,1,1
42.799423698,0,1
42.799443860,0,0
42.799484958,0,1
42.799526550,0,0
42.799570112,0,1
42.799593340,1,1
42.799612690,1,0
42.799650836,1,1
42.799693412,1,0
42.799737950,1,1
42.806533256,0,1
42.806545052,0,0
42.806587628,0,1
42.806629222,0,0
42.806670318,0,1
42.806711910,0,0
42.806753010,0,1
42.806794602,0,0
42.806835700,0,1
42.806877294,0,0
42.806918394,0,1
42.806941624,1,1
42.806960974,1,0
42.807002076,1,1
42.807044668,1,0
42.807085774,1,1
42.807128376,1,0
42.807169496,1,1
42.807212094,1,0
42.807255678,1,1
42.807298276,1,0
42.807336428,1,1
42.807379010,1,0
42.807423554,1,1
42.811051582,0,1
42.811063378,0,0
42.811105952,0,1
42.811147542,0,0
42.811188640,0,1
42.811230236,0,0
42.811271332,0,1
42.811294556,1,1
42.811313904,1,0
42.811354998,1,1
42.811376430,0,1
42.811396590,0,0
42.811437684,0,1
42.811460912,1,1
42.811480260,1,0
42.811521352,1,1
42.811563926,1,0
42.811605024,1,1
42.811626456,0,1
42.811646618,0,0
42.811687714,0,1
42.811729308,0,0
42.811772868,0,1
42.811814456,0,0
42.811852600,0,1
42.811875822,1,1
42.811895168,1,0
42.811939700,1,1
42.820154522,1,0
42.826386910,1,1
42.920663800,0,1
42.920675596,0,0
42.920718168,0,1
42.920759754,0,0
42.920800850,0,1
42.920842442,0,0
42.920883534,0,1
42.920906760,1,1
42.920926106,1,0
42.920967196,1,1
42.920988626,0,1
42.921008786,0,0
42.921049882,0,1
42.921073108,1,1
42.921092454,1,0
42.921133546,1,1
42.921176120,1,0
42.921217206,1,1
42.921238638,0,1
42.921258798,0,0
42.921299894,0,1
42.921341482,0,0
42.921385034,0,1
42.921426626,0,0
42.921464768,0,1
42.921487990,1,1
42.921507336,1,0
42.921551872,1,1
42.921569248,1,0
42.922386892,1,1
42.939985094,0,1
42.939996890,0,0
42.940039464,0,1
42.940062688,1,1
42.940082038,1,0
42.940123138,1,1
42.940144568,0,1
42.940164732,0,0
42.940205836,0,1
42.940229060,1,1
42.940248410,1,0
42.940289508,1,1
42.940310940,0,1
42.940331104,0,0
42.940372204,0,1
42.940395428,1,1
42.940414776,1,0
42.940455872,1,1
42.940498448,1,0
42.940539540,1,1
42.940560976,0,1
42.940581140,0,0
42.940622236,0,1
42.940663828,0,0
42.940707390,0,1
42.940730618,1,1
42.940749970,1,0
42.940788114,1,1
42.940830692,1,0
42.940875232,1,1
42.940892660,1,0
42.946387244,1,1
42.990765676,0,1
42.990777472,0,0
42.990820044,0,1
42.990861636,0,0
42.990902738,0,1
42.990944328,0,0
42.990985426,0,1
42.991027018,0,0
42.991068118,0,1
42.991109712,0,0
42.991150814,0,1
42.991174044,1,1
42.991193394,1,0
42.991234486,1,1
42.991277064,1,0
42.991318158,1,1
42.991360730,1,0
42.991401820,1,1
42.991444396,1,0
42.991487948,1,1
42.991530520,1,0
42.991568660,1,1
42.991611232,1,0
42.991655764,1,1
42.995283714,0,1
42.995295510,0,0
42.995338086,0,1
42.995379686,0,0
42.995420792,0,1
42.995462388,0,0
42.995503494,0,1
42.995526722,1,1
42.995546072,1,0
42.995587172,1,1
42.995608606,0,1
42.995628770,0,0
42.995669872,0,1
42.995693098,1,1
42.995712448,1,0
42.995753548,1,1
42.995796128,1,0
42.995837222,1,1
42.995858658,0,1
42.995878822,0,0
42.995919922,0,1
42.995961518,0,0
42.996005082,0,1
42.996046678,0,0
42.996084826,0,1
42.996108056,1,1
42.996127406,1,0
42.996171952,1,1
43.003432442,1,0
43.010386320,1,1
43.064316206,0,1
43.064328002,0,0
43.064370572,0,1
43.064412158,0,0
43.064453252,0,1
43.064494838,0,0
43.064535934,0,1
43.064577526,0,0
43.064618620,0,1
43.064660210,0,0
43.064701308,0,1
43.064724534,1,1
43.064743878,1,0
43.064784972,1,1
43.064827546,1,0
43.064868640,1,1
43.064911214,1,0
43.064952304,1,1
43.064994874,1,0
43.065038422,1,1
43.065081000,1,0
43.065119148,1,1
43.065161726,1,0
43.065206262,1,1
43.068833246,0,1
43.068845042,0,0
43.068887616,0,1
43.068910842,1,1
43.068930188,1,0
43.068971282,1,1
43.068992710,0,1
43.069012874,0,0
43.069053976,0,1
43.069077198,1,1
43.069096548,1,0
43.069137644,1,1
43.069159080,0,1
43.069179242,0,0
43.069220340,0,1
43.069243566,1,1
43.069262914,1,0
43.069304014,1,1
43.069346590,1,0
43.069387680,1,1
43.069409116,0,1
43.069429280,0,0
43.069470376,0,1
43.069511966,0,0
43.069555528,0,1
43.069578752,1,1
43.069598104,1,0
43.069636246,1,1
43.069678830,1,0
43.069723370,1,1
43.077567512,1,0
43.082386198,1,1
43.128740260,0,1
43.128752054,0,0
43.128794626,0,1
43.128817850,1,1
43.128837196,1,0
43.128878282,1,1
43.128899714,0,1
43.128919878,0,0
43.128960972,0,1
43.128984192,1,1
43.129003538,1,0
43.129044628,1,1
43.129066060,0,1
43.129086222,0,0
43.129127318,0,1
43.129150542,1,1
43.129169890,1,0
43.129210984,1,1
43.129253556,1,0
43.129294646,1,1
43.129316078,0,1
43.129336238,0,0
43.129377334,0,1
43.129418920,0,0
43.129462476,0,1
43.129485700,1,1
43.129505048,1,0
43.129543188,1,1
43.129585762,1,0
43.129630296,1,1
43.129648568,1,0
43.130386152,1,1
43.133257692,0,1
43.133269488,0,0
43.133312062,0,1
43.133353660,0,0
43.133394766,0,1
43.133436368,0,0
43.133477474,0,1
43.133500702,1,1
43.133520052,1,0
43.133561144,1,1
43.133603714,1,0
43.133644808,1,1
43.133687380,1,0
43.133728470,1,1
43.133771052,1,0
43.133812148,1,1
43.133833582,0,1
43.133853746,0,0
43.133894850,0,1
43.133936446,0,0
43.133980006,0,1
43.134003232,1,1
43.134022580,1,0
43.134060726,1,1
43.134103304,1,0
43.134147852,1,1
43.134165864,1,0
43.138385888,1,1
43.222487120,0,1
43.222498912,0,0
43.222541476,0,1
43.222583062,0,0
43.222624152,0,1
43.222665742,0,0
43.222706834,0,1
43.222748426,0,0
43.222789530,0,1
43.222831128,0,0
43.222872232,0,1
43.222895460,1,1
43.222914812,1,0
43.222955908,1,1
43.222998482,1,0
43.223039576,1,1
43.223082152,1,0
43.223123246,1,1
43.223165826,1,0
43.223209382,1,1
43.223251956,1,0
43.223290098,1,1
43.223332674,1,0
43.223377210,1,1
43.227003998,0,1
43.227015792,0,0
43.227058360,0,1
43.227099946,0,0
43.227141040,0,1
43.227182626,0,0
43.227223724,0,1
43.227246948,1,1
43.227266298,1,0
43.227307392,1,1
43.227349970,1,0
43.227391064,1,1
43.227433642,1,0
43.227474736,1,1
43.227517312,1,0
43.227558402,1,1
43.227579832,0,1
43.227599994,0,0
43.227641090,0,1
43.227682678,0,0
43.227726246,0,1
43.227749482,1,1
43.227768840,1,0
43.227807008,1,1
43.227849594,1,0
43.227894140,1,1
43.235138212,1,0
43.242385552,1,1
43.242429528,0,1
43.242441328,0,0
43.242483914,0,1
43.242525514,0,0
43.242566626,0,1
43.242608222,0,0
43.242649326,0,1
43.242690918,0,0
43.242732018,0,1
43.242773610,0,0
43.242814712,0,1
43.242837938,1,1
43.242857288,1,0
43.242898382,1,1
43.242940966,1,0
43.242982062,1,1
43.243024642,1,0
43.243065738,1,1
43.243108322,1,0
43.243151880,1,1
43.243194458,1,0
43.243232604,1,1
43.243275184,1,0
43.243319726,1,1
43.246946800,0,1
43.246958596,0,0
43.247001170,0,1
43.247024398,1,1
43.247043744,1,0
43.247084840,1,1
43.247106274,0,1
43.247126440,0,0
43.247167542,0,1
43.247190768,1,1
43.247210116,1,0
43.247251212,1,1
43.247272650,0,1
43.247292814,0,0
43.247333914,0,1
43.247357138,1,1
43.247376486,1,0
43.247417582,1,1
43.247460160,1,0
43.247501252,1,1
43.247522684,0,1
43.247542850,0,0
43.247583948,0,1
43.247625540,0,0
43.247669106,0,1
43.247692332,1,1
43.247711682,1,0
43.247749828,1,1
43.247792406,1,0
43.247836946,1,1
43.255725132,1,0
43.258386438,1,1
43.290189678,0,1
43.290201474,0,0
43.290244042,0,1
43.290267268,1,1
43.290286618,1,0
43.290327714,1,1
43.290349148,0,1
43.290369310,0,0
43.290410410,0,1
43.290433628,1,1
43.290452972,1,0
43.290494050,1,1
43.290515474,0,1
43.290535628,0,0
43.290576708,0,1
43.290599924,1,1
43.290619266,1,0
43.290660346,1,1
43.290702904,1,0
43.290743982,1,1
43.290765404,0,1
43.290785560,0,0
43.290826644,0,1
43.290868218,0,0
43.290911758,0,1
43.290934974,1,1
43.290954316,1,0
43.290992442,1,1
43.291035012,1,0
43.291079548,1,1
43.291097300,1,0
43.298385238,1,1
43.303929958,0,1
43.303941754,0,0
43.303984330,0,1
43.304025930,0,0
43.304067032,0,1
43.304108632,0,0
43.304149738,0,1
43.304172970,1,1
43.304192322,1,0
43.304233422,1,1
43.304254856,0,1
43.304275024,0,0
43.304316134,0,1
43.304339360,1,1
43.304358712,1,0
43.304399812,1,1
43.304442394,1,0
43.304483492,1,1
43.304504926,0,1
43.304525092,0,0
43.304566198,0,1
43.304607798,0,0
43.304651364,0,1
43.304692964,0,0
43.304731116,0,1
43.304754342,1,1
43.304773692,1,0
43.304818238,1,1
43.304836024,1,0
43.306384966,1,1
43.314866852,0,1
43.314878648,0,0
43.314921228,0,1
43.314962820,0,0
43.315003918,0,1
43.315045514,0,0
43.315086612,0,1
43.315109844,1,1
43.315129196,1,0
43.315170300,1,1
43.315212882,1,0
43.315253980,1,1
43.315296560,1,0
43.315337660,1,1
43.315380238,1,0
43.315421336,1,1
43.315442772,0,1
43.315462936,0,0
43.315504036,0,1
43.315545632,0,0
43.315589194,0,1
43.315612422,1,1
43.315631770,1,0
43.315669912,1,1
43.315712494,1,0
43.315757032,1,1
43.315776176,1,0
43.322385964,1,1
43.381447576,0,1
43.381459370,0,0
43.381501936,0,1
43.381543524,0,0
43.381584620,0,1
43.381626210,0,0
43.381667306,0,1
43.381708892,0,0
43.381749986,0,1
43.381791574,0,0
43.381832666,0,1
43.381855890,1,1
43.381875238,1,0
43.381916334,1,1
43.381958908,1,0
43.382000002,1,1
43.382042576,1,0
43.382083662,1,1
43.382126238,1,0
43.382169794,1,1
43.382212366,1,0
43.382250502,1,1
43.382293078,1,0
43.382337614,1,1
43.385964434,0,1
43.385976228,0,0
43.386018802,0,1
43.386060394,0,0
43.386101496,0,1
43.386143096,0,0
43.386184198,0,1
43.386207422,1,1
43.386226774,1,0
43.386267874,1,1
43.386310452,1,0
43.386351556,1,1
43.386394140,1,0
43.386435238,1,1
43.386477820,1,0
43.386518916,1,1
43.386540354,0,1
43.386560518,0,0
43.386601622,0,1
43.386643220,0,0
43.386686780,0,1
43.386710006,1,1
43.386729354,1,0
43.386767496,1,1
43.386810074,1,0
43.386854616,1,1
43.394726932,1,0
43.402385058,1,1
43.404682682,0,1
43.404694480,0,0
43.404737054,0,1
43.404778648,0,0
43.404819752,0,1
43.404861348,0,0
43.404902446,0,1
43.404944042,0,0
43.404985144,0,1
43.405026742,0,0
43.405067844,0,1
43.405091072,1,1
43.405110426,1,0
43.405151530,1,1
43.405194110,1,0
43.405235210,1,1
43.405277788,1,0
43.405318880,1,1
43.405361464,1,0
43.405405024,1,1
43.405447602,1,0
43.405485748,1,1
43.405528326,1,0
43.405572866,1,1
43.409199956,0,1
43.409211754,0,0
43.409254330,0,1
43.409277556,1,1
43.409296906,1,0
43.409338002,1,1
43.409359434,0,1
43.409379598,0,0
43.409420696,0,1
43.409443922,1,1
43.409463272,1,0
43.409504366,1,1
43.409525798,0,1
43.409545962,0,0
43.409587062,0,1
43.409610288,1,1
43.409629636,1,0
43.409670736,1,1
43.409713314,1,0
43.409754412,1,1
43.409775844,0,1
43.409796010,0,0
43.409837110,0,1
43.409878702,0,0
43.409922262,0,1
43.409945490,1,1
43.409964838,1,0
43.410002978,1,1
43.410002982,1,0
43.410002984,1,1
43.410045560,1,0
43.410090104,1,1
43.417373872,1,0
43.418385230,1,1
43.447140194,0,1
43.447151988,0,0
43.447194558,0,1
43.447217780,1,1
43.447237126,1,0
43.447278216,1,1
43.447299646,0,1
43.447319808,0,0
43.447360906,0,1
43.447384126,1,1
43.447403476,1,0
43.447444570,1,1
43.447466000,0,1
43.447486162,0,0
43.447527258,0,1
43.447550484,1,1
43.447569832,1,0
43.447610922,1,1
43.447653494,1,0
43.447694588,1,1
43.447716016,0,1
43.447736176,0,0
43.447777268,0,1
43.447818856,0,0
43.447862410,0,1
43.447885634,1,1
43.447904980,1,0
43.447943120,1,1
43.447985698,1,0
43.448030238,1,1
43.448047942,1,0
43.450385484,1,1
43.463515272,0,1
43.463527068,0,0
43.463569646,0,1
43.463611238,0,0
43.463652340,0,1
43.463693934,0,0
43.463735034,0,1
43.463758258,1,1
43.463777608,1,0
43.463818708,1,1
43.463861286,1,0
43.463902380,1,1
43.463944960,1,0
43.463986056,1,1
43.464028636,1,0
43.464069736,1,1
43.464091170,0,1
43.464111338,0,0
43.464152440,0,1
43.464194040,0,0
43.464237604,0,1
43.464260832,1,1
43.464280182,1,0
43.464318330,1,1
43.464360910,1,0
43.464405448,1,1
43.464424226,1,0
43.466385550,1,1
43.538249502,0,1
43.538261296,0,0
43.538303870,0,1
43.538345464,0,0
43.538386568,0,1
43.538428160,0,0
43.538469250,0,1
43.538510842,0,0
43.538551942,0,1
43.538593532,0,0
43.538634632,0,1
43.538657856,1,1
43.538677206,1,0
43.538718302,1,1
43.538760874,1,0
43.538801970,1,1
43.538844548,1,0
43.538885646,1,1
43.538928234,1,0
43.538971802,1,1
43.539014396,1,0
43.539052554,1,1
43.539095146,1,0
43.539139706,1,1
43.542766452,0,1
43.542778244,0,0
43.542820810,0,1
43.542862400,0,0
43.542903494,0,1
43.542945078,0,0
43.542986178,0,1
43.543009398,1,1
43.543028748,1,0
43.543069838,1,1
43.543112414,1,0
43.543153506,1,1
43.543196080,1,0
43.543237172,1,1
43.543279748,1,0
43.543320840,1,1
43.543342274,0,1
43.543362436,0,0
43.543403534,0,1
43.543445118,0,0
43.543488676,0,1
43.543511900,1,1
43.543531246,1,0
43.543569384,1,1
43.543611956,1,0
43.543656494,1,1
43.551267486,1,0
43.554384514,1,1
43.560873896,0,1
43.560885690,0,0
43.560928262,0,1
43.560969850,0,0
43.561010944,0,1
43.561052534,0,0
43.561093634,0,1
43.561135232,0,0
43.561176332,0,1
43.561217928,0,0
43.561259026,0,1
43.561282250,1,1
43.561301598,1,0
43.561342694,1,1
43.561385272,1,0
43.561426366,1,1
43.561468942,1,0
43.561510036,1,1
43.561552614,1,0
43.561596172,1,1
43.561638746,1,0
43.561676886,1,1
43.561719462,1,0
43.561764002,1,1
43.565391030,0,1
43.565402830,0,0
43.565445418,0,1
43.565468646,1,1
43.565487996,1,0
43.565529094,1,1
43.565550530,0,1
43.565570692,0,0
43.565611788,0,1
43.565635012,1,1
43.565654360,1,0
43.565695456,1,1
43.565716886,0,1
43.565737048,0,0
43.565778146,0,1
43.565801372,1,1
43.565820720,1,0
43.565861816,1,1
43.565904388,1,0
43.565945482,1,1
43.565966916,0,1
43.565987078,0,0
43.566028178,0,1
43.566069772,0,0
43.566113336,0,1
43.566136558,1,1
43.566155908,1,0
43.566194050,1,1
43.566236626,1,0
43.566281164,1,1
43.569908188,0,1
43.569919982,0,0
43.569962556,0,1
43.570004152,0,0
43.570045250,0,1
43.570086842,0,0
43.570127946,0,1
43.570169538,0,0
43.570210638,0,1
43.570252236,0,0
43.570293340,0,1
43.570316568,1,1
43.570335918,1,0
43.570377026,1,1
43.570419604,1,0
43.570460702,1,1
43.570503282,1,0
43.570544378,1,1
43.570586956,1,0
43.570630516,1,1
43.570673094,1,0
43.570711238,1,1
43.570753814,1,0
43.570798360,1,1
43.574426470,0,1
43.574438266,0,0
43.574480842,0,1
43.574522432,0,0
43.574563538,0,1
43.574605134,0,0
43.574646236,0,1
43.574669464,1,1
43.574688816,1,0
43.574729916,1,1
43.574751350,0,1
43.574771514,0,0
43.574812620,0,1
43.574835848,1,1
43.574855198,1,0
43.574896294,1,1
43.574938874,1,0
43.574979972,1,1
43.575001404,0,1
43.575021568,0,0
43.575062666,0,1
43.575104266,0,0
43.575147842,0,1
43.575189450,0,0
43.575227616,0,1
43.575250852,1,1
43.575270204,1,0
43.575314750,1,1
43.583189550,1,0
43.586385910,1,1
43.612550210,0,1
43.612562006,0,0
43.612604582,0,1
43.612627804,1,1
43.612647150,1,0
43.612688246,1,1
43.612709678,0,1
43.612729840,0,0
43.612770936,0,1
43.612794158,1,1
43.612813504,1,0
43.612854596,1,1
43.612876030,0,1
43.612896192,0,0
43.612937286,0,1
43.612960510,1,1
43.612979856,1,0
43.613020948,1,1
43.613063524,1,0
43.613104616,1,1
43.613126052,0,1
43.613146212,0,0
43.613187308,0,1
43.613228900,0,0
43.613272452,0,1
43.613295676,1,1
43.613315020,1,0
43.613353158,1,1
43.613395730,1,0
43.613440264,1,1
43.613458894,1,0
43.618384378,1,1
43.620739932,0,1
43.620751728,0,0
43.620794300,0,1
43.620835892,0,0
43.620876994,0,1
43.620918588,0,0
43.620959690,0,1
43.620982918,1,1
43.621002268,1,0
43.621043362,1,1
43.621064796,0,1
43.621084960,0,0
43.621126066,0,1
43.621149292,1,1
43.621168640,1,0
43.621209736,1,1
43.621252318,1,0
43.621293416,1,1
43.621314848,0,1
43.621335012,0,0
43.621376116,0,1
43.621417712,0,0
43.621461272,0,1
43.621502866,0,0
43.621541014,0,1
43.621564238,1,1
43.621583590,1,0
43.621628132,1,1
43.621646404,1,0
43.626384430,1,1
43.631677774,0,1
43.631689570,0,0
43.631732148,0,1
43.631773738,0,0
43.631814834,0,1
43.631856428,0,0
43.631897530,0,1
43.631920758,1,1
43.631940108,1,0
43.631981210,1,1
43.632023790,1,0
43.632064884,1,1
43.632107470,1,0
43.632148574,1,1
43.632191154,1,0
43.632232250,1,1
43.632253682,0,1
43.632273846,0,0
43.632314944,0,1
43.632356536,0,0
43.632400100,0,1
43.632423324,1,1
43.632442674,1,0
43.632480820,1,1
43.632523400,1,0
43.632567940,1,1
43.632586314,1,0
43.634384546,1,1
43.707048814,0,1
43.707060610,0,0
43.707103186,0,1
43.707144780,0,0
43.707185882,0,1
43.707227474,0,0
43.707268572,0,1
43.707310164,0,0
43.707351262,0,1
43.707392856,0,0
43.707433952,0,1
43.707457180,1,1
43.707476528,1,0
43.707517624,1,1
43.707560200,1,0
43.707601292,1,1
43.707643870,1,0
43.707684966,1,1
43.707727540,1,0
43.707771098,1,1
43.707813670,1,0
43.707851810,1,1
43.707894386,1,0
43.707938920,1,1
43.711565776,0,1
43.711577574,0,0
43.711620150,0,1
43.711661744,0,0
43.711702844,0,1
43.711744434,0,0
43.711785532,0,1
43.711808762,1,1
43.711828112,1,0
43.711869210,1,1
43.711911790,1,0
43.711952888,1,1
43.711995468,1,0
43.712036568,1,1
43.712079148,1,0
43.712120246,1,1
43.712141682,0,1
43.712161848,0,0
43.712202954,0,1
43.712244548,0,0
43.712288110,0,1
43.712311334,1,1
43.712330684,1,0
43.712368828,1,1
43.712411404,1,0
43.712455944,1,1
43.720153798,1,0
43.722383800,1,1
43.739609954,0,1
43.739621750,0,0
43.739664324,0,1
43.739705926,0,0
43.739747040,0,1
43.739788636,0,0
43.739829740,0,1
43.739871338,0,0
43.739912440,0,1
43.739954040,0,0
43.739995144,0,1
43.740018370,1,1
43.740037720,1,0
43.740078818,1,1
43.740121404,1,0
43.740162502,1,1
43.740205086,1,0
43.740246186,1,1
43.740288764,1,0
43.740332318,1,1
43.740374902,1,0
43.740413044,1,1
43.740455622,1,0
43.740500164,1,1
43.744127304,0,1
43.744139100,0,0
43.744181678,0,1
43.744204904,1,1
43.744224254,1,0
43.744265356,1,1
43.744286790,0,1
43.744306958,0,0
43.744348060,0,1
43.744371286,1,1
43.744390638,1,0
43.744431736,1,1
43.744453170,0,1
43.744473334,0,0
43.744514434,0,1
43.744537658,1,1
43.744557008,1,0
43.744598108,1,1
43.744640680,1,0
43.744681774,1,1
43.744703208,0,1
43.744723372,0,0
43.744764470,0,1
43.744806062,0,0
43.744849626,0,1
43.744872852,1,1
43.744892200,1,0
43.744930342,1,1
43.744972922,1,0
43.745017462,1,1
43.748644528,0,1
43.748656324,0,0
43.748698894,0,1
43.748740484,0,0
43.748781584,0,1
43.748823178,0,0
43.748864276,0,1
43.748905870,0,0
43.748946966,0,1
43.748988562,0,0
43.749029662,0,1
43.749052888,1,1
43.749072238,1,0
43.749113336,1,1
43.749155914,1,0
43.749197008,1,1
43.749239582,1,0
43.749280676,1,1
43.749323252,1,0
43.749366806,1,1
43.749409382,1,0
43.749447522,1,1
43.749490102,1,0
43.749534642,1,1
43.753162528,0,1
43.753174324,0,0
43.753216900,0,1
43.753258490,0,0
43.753299588,0,1
43.753341182,0,0
43.753382284,0,1
43.753405510,1,1
43.753424858,1,0
43.753465954,1,1
43.753487388,0,1
43.753507550,0,0
43.753548644,0,1
43.753571868,1,1
43.753591216,1,0
43.753632308,1,1
43.753674884,1,0
43.753715980,1,1
43.753737412,0,1
43.753757576,0,0
43.753798672,0,1
43.753840266,0,0
43.753883828,0,1
43.753925420,0,0
43.753963564,0,1
43.753986790,1,1
43.754006140,1,0
43.754050680,1,1
43.761350944,1,0
43.762384860,1,1
44.163837038,0,1
44.163848832,0,0
44.163891406,0,1
44.163914630,1,1
44.163933978,1,0
44.163975074,1,1
44.164017648,1,0
44.164058740,1,1
44.164080170,0,1
44.164100332,0,0
44.164141434,0,1
44.164164656,1,1
44.164184004,1,0
44.164225096,1,1
44.164246532,0,1
44.164266696,0,0
44.164307794,0,1
44.164331018,1,1
44.164350368,1,0
44.164391464,1,1
44.164412896,0,1
44.164433060,0,0
44.164474156,0,1
44.164515748,0,0
44.164559310,0,1
44.164582532,1,1
44.164601880,1,0
44.164640024,1,1
44.164682602,1,0
44.164727136,1,1
44.164745622,1,0
44.170383176,1,1
44.281428406,0,1
44.281440202,0,0
44.281482774,0,1
44.281524364,0,0
44.281565460,0,1
44.281607050,0,0
44.281648144,0,1
44.281689738,0,0
44.281730836,0,1
44.281772428,0,0
44.281813528,0,1
44.281836754,1,1
44.281856102,1,0
44.281897198,1,1
44.281939770,1,0
44.281980866,1,1
44.282023440,1,0
44.282064530,1,1
44.282107110,1,0
44.282150668,1,1
44.282193246,1,0
44.282231388,1,1
44.282273964,1,0
44.282318504,1,1
44.285945440,0,1
44.285957234,0,0
44.285999806,0,1
44.286023030,1,1
44.286042380,1,0
44.286083474,1,1
44.286126054,1,0
44.286167150,1,1
44.286188584,0,1
44.286208748,0,0
44.286249842,0,1
44.286273072,1,1
44.286292422,1,0
44.286333520,1,1
44.286354950,0,1
44.286375114,0,0
44.286416212,0,1
44.286439436,1,1
44.286458786,1,0
44.286499878,1,1
44.286521312,0,1
44.286541476,0,0
44.286582576,0,1
44.286624162,0,0
44.286667720,0,1
44.286690948,1,1
44.286710294,1,0
44.286748434,1,1
44.286791010,1,0
44.286835546,1,1
44.294845080,1,0
44.298383208,1,1
44.352938256,0,1
44.352950048,0,0
44.352992614,0,1
44.353015836,1,1
44.353035182,1,0
44.353076264,1,1
44.353118840,1,0
44.353159934,1,1
44.353181362,0,1
44.353201524,0,0
44.353242616,0,1
44.353265836,1,1
44.353285186,1,0
44.353326274,1,1
44.353347706,0,1
44.353367868,0,0
44.353408960,0,1
44.353432182,1,1
44.353451530,1,0
44.353492616,1,1
44.353514048,0,1
44.353534208,0,0
44.353575300,0,1
44.353616884,0,0
44.353660440,0,1
44.353683664,1,1
44.353703008,1,0
44.353741146,1,1
44.353783722,1,0
44.353828254,1,1
44.353846374,1,0
44.354383620,1,1
44.435369552,0,1
44.435381346,0,0
44.435423922,0,1
44.435465516,0,0
44.435506618,0,1
44.435548212,0,0
44.435589314,0,1
44.435630910,0,0
44.435672014,0,1
44.435713612,0,0
44.435754714,0,1
44.435777942,1,1
44.435797292,1,0
44.435838388,1,1
44.435880970,1,0
44.435922062,1,1
44.435964644,1,0
44.436005740,1,1
44.436048314,1,0
44.436091870,1,1
44.436134448,1,0
44.436172588,1,1
44.436215166,1,0
44.436259714,1,1
44.439886502,0,1
44.439898298,0,0
44.439940870,0,1
44.439964092,1,1
44.439983440,1,0
44.440024536,1,1
44.440067112,1,0
44.440108208,1,1
44.440129642,0,1
44.440149804,0,0
44.440190902,0,1
44.440214126,1,1
44.440233472,1,0
44.440274568,1,1
44.440296000,0,1
44.440316164,0,0
44.440357262,0,1
44.440380488,1,1
44.440399832,1,0
44.440440928,1,1
44.440462358,0,1
44.440482520,0,0
44.440523612,0,1
44.440565202,0,0
44.440608758,0,1
44.440631980,1,1
44.440651328,1,0
44.440689468,1,1
44.440732044,1,0
44.440776582,1,1
44.448295938,1,0
44.450382966,1,1
44.485568502,0,1
44.485580296,0,0
44.485622862,0,1
44.485646084,1,1
44.485665432,1,0
44.485706518,1,1
44.485749092,1,0
44.485790186,1,1
44.485811616,0,1
44.485831778,0,0
44.485872870,0,1
44.485896094,1,1
44.485915442,1,0
44.485956532,1,1
44.485977960,0,1
44.485998122,0,0
44.486039216,0,1
44.486062442,1,1
44.486081788,1,0
44.486122878,1,1
44.486144312,0,1
44.486164476,0,0
44.486205572,0,1
44.486247160,0,0
44.486290718,0,1
44.486313942,1,1
44.486333290,1,0
44.486371428,1,1
44.486414000,1,0
44.486458534,1,1
44.486476726,1,0
44.490382746,1,1
44.996302498,0,1
44.996314292,0,0
44.996356862,0,1
44.996380086,1,1
44.996399432,1,0
44.996440526,1,1
44.996483102,1,0
44.996524194,1,1
44.996545626,0,1
44.996565788,0,0
44.996606884,0,1
44.996630108,1,1
44.996649456,1,0
44.996690550,1,1
44.996711984,0,1
44.996732146,0,0
44.996773238,0,1
44.996796462,1,1
44.996815810,1,0
44.996856904,1,1
44.996878338,0,1
44.996898500,0,0
44.996939600,0,1
44.996981196,0,0
44.997024756,0,1
44.997047980,1,1
44.997067330,1,0
44.997105478,1,1
44.997148054,1,0
44.997192594,1,1
44.997211388,1,0
45.002292618,1,1
45.087767844,0,1
45.087779640,0,0
45.087822216,0,1
45.087845442,1,1
45.087864790,1,0
45.087905890,1,1
45.087948466,1,0
45.087989560,1,1
45.088010992,0,1
45.088031154,0,0
45.088072252,0,1
45.088095474,1,1
45.088114824,1,0
45.088155920,1,1
45.088177352,0,1
45.088197516,0,0
45.088238616,0,1
45.088261838,1,1
45.088281190,1,0
45.088322288,1,1
45.088343720,0,1
45.088363884,0,0
45.088404982,0,1
45.088446576,0,0
45.088490140,0,1
45.088513366,1,1
45.088532714,1,0
45.088570858,1,1
45.088613434,1,0
45.088657972,1,1
45.088676028,1,0
45.090292332,1,1
45.179238290,0,1
45.179250086,0,0
45.179292658,0,1
45.179315878,1,1
45.179335226,1,0
45.179376314,1,1
45.179418888,1,0
45.179459976,1,1
45.179481406,0,1
45.179501566,0,0
45.179542660,0,1
45.179565884,1,1
45.179585230,1,0
45.179626320,1,1
45.179647750,0,1
45.179667912,0,0
45.179709008,0,1
45.179732228,1,1
45.179751574,1,0
45.179792664,1,1
45.179814094,0,1
45.179834256,0,0
45.179875352,0,1
45.179916944,0,0
45.179960504,0,1
45.179983730,1,1
45.180003076,1,0
45.180041214,1,1
45.180083792,1,0
45.180128332,1,1
45.180146766,1,0
45.186292122,1,1
45.270704668,0,1
45.270716460,0,0
45.270759030,0,1
45.270782252,1,1
45.270801598,1,0
45.270842684,1,1
45.270885256,1,0
45.270926342,1,1
45.270947774,0,1
45.270967936,0,0
45.271009030,0,1
45.271032254,1,1
45.271051602,1,0
45.271092690,1,1
45.271114126,0,1
45.271134290,0,0
45.271175392,0,1
45.271198618,1,1
45.271217966,1,0
45.271259066,1,1
45.271280502,0,1
45.271300668,0,0
45.271341768,0,1
45.271383362,0,0
45.271426928,0,1
45.271450154,1,1
45.271469502,1,0
45.271507646,1,1
45.271550224,1,0
45.271594766,1,1
45.271613190,1,0
45.274292734,1,1
45.362167494,0,1
45.362179290,0,0
45.362221862,0,1
45.362245088,1,1
45.362264436,1,0
45.362305538,1,1
45.362348118,1,0
45.362389218,1,1
45.362410648,0,1
45.362430810,0,0
45.362471906,0,1
45.362495130,1,1
45.362514482,1,0
45.362555584,1,1
45.362577014,0,1
45.362597178,0,0
45.362638278,0,1
45.362661506,1,1
45.362680852,1,0
45.362721944,1,1
45.362743378,0,1
45.362763540,0,0
45.362804638,0,1
45.362846228,0,0
45.362889788,0,1
45.362913016,1,1
45.362932366,1,0
45.362970508,1,1
45.363013084,1,0
45.363057626,1,1
45.363076548,1,0
45.370291858,1,1
45.453633572,0,1
45.453645368,0,0
45.453687940,0,1
45.453711166,1,1
45.453730516,1,0
45.453771610,1,1
45.453814188,1,0
45.453855284,1,1
45.453876716,0,1
45.453896882,0,0
45.453937982,0,1
45.453961204,1,1
45.453980554,1,0
45.454021654,1,1
45.454043086,0,1
45.454063248,0,0
45.454104348,0,1
45.454127580,1,1
45.454146932,1,0
45.454188028,1,1
45.454209462,0,1
45.454229626,0,0
45.454270736,0,1
45.454312334,0,0
45.454355896,0,1
45.454379126,1,1
45.454398478,1,0
45.454436624,1,1
45.454479202,1,0
45.454523744,1,1
45.454541928,1,0
45.458292022,1,1
45.545098102,0,1
45.545109896,0,0
45.545152466,0,1
45.545175690,1,1
45.545195036,1,0
45.545236130,1,1
45.545278702,1,0
45.545319790,1,1
45.545341222,0,1
45.545361384,0,0
45.545402478,0,1
45.545425702,1,1
45.545445048,1,0
45.545486142,1,1
45.545507572,0,1
45.545527734,0,0
45.545568826,0,1
45.545592046,1,1
45.545611394,1,0
45.545652484,1,1
45.545673912,0,1
45.545694072,0,0
45.545735168,0,1
45.545776762,0,0
45.545820318,0,1
45.545843538,1,1
45.545862888,1,0
45.545901026,1,1
45.545943600,1,0
45.545988132,1,1
45.546005978,1,0
45.546291366,1,1
45.636561100,0,1
45.636572898,0,0
45.636615470,0,1
45.636638694,1,1
45.636658040,1,0
45.636699132,1,1
45.636741714,1,0
45.636782808,1,1
45.636804240,0,1
45.636824400,0,0
45.636865500,0,1
45.636888722,1,1
45.636908070,1,0
45.636949158,1,1
45.636970590,0,1
45.636990750,0,0
45.637031846,0,1
45.637055066,1,1
45.637074412,1,0
45.637115508,1,1
45.637136940,0,1
45.637157102,0,0
45.637198200,0,1
45.637239798,0,0
45.637283362,0,1
45.637306590,1,1
45.637325938,1,0
45.637364084,1,1
45.637406666,1,0
45.637451208,1,1
45.637470468,1,0
45.642290838,1,1
45.728024932,0,1
45.728036728,0,0
45.728079302,0,1
45.728102526,1,1
45.728121878,1,0
45.728162970,1,1
45.728205546,1,0
45.728246638,1,1
45.728268070,0,1
45.728288230,0,0
45.728329328,0,1
45.728352550,1,1
45.728371898,1,0
45.728412992,1,1
45.728434426,0,1
45.728454590,0,0
45.728495692,0,1
45.728518920,1,1
45.728538268,1,0
45.728579366,1,1
45.728600796,0,1
45.728620960,0,0
45.728662054,0,1
45.728703646,0,0
45.728747210,0,1
45.728770434,1,1
45.728789784,1,0
45.728827924,1,1
45.728870500,1,0
45.728915040,1,1
45.728934160,1,0
45.730299982,1,1
45.819488396,0,1
45.819500192,0,0
45.819542764,0,1
45.819565988,1,1
45.819585336,1,0
45.819626428,1,1
45.819669006,1,0
45.819710100,1,1
45.819731534,0,1
45.819751696,0,0
45.819792790,0,1
45.819816014,1,1
45.819835362,1,0
45.819876460,1,1
45.819897892,0,1
45.819918054,0,0
45.819959158,0,1
45.819982384,1,1
45.820001734,1,0
45.820042824,1,1
45.820064256,0,1
45.820084420,0,0
45.820125522,0,1
45.820167114,0,0
45.820210674,0,1
45.820233900,1,1
45.820253248,1,0
45.820291394,1,1
45.820333972,1,0
45.820378512,1,1
45.820397136,1,0
45.826290152,1,1
45.910954758,0,1
45.910966552,0,0
45.911009122,0,1
45.911032346,1,1
45.911051696,1,0
45.911092788,1,1
45.911135374,1,0
45.911176490,1,1
45.911197936,0,1
45.911218110,0,0
45.911259224,0,1
45.911282454,1,1
45.911301804,1,0
45.911342906,1,1
45.911364342,0,1
45.911384506,0,0
45.911425606,0,1
45.911448836,1,1
45.911468186,1,0
45.911509284,1,1
45.911530718,0,1
45.911550882,0,0
45.911591986,0,1
45.911633576,0,0
45.911677134,0,1
45.911700360,1,1
45.911719710,1,0
45.911757854,1,1
45.911800432,1,0
45.911844974,1,1
45.911863484,1,0
45.914291934,1,1
46.002420574,0,1
46.002432368,0,0
46.002474934,0,1
46.002498154,1,1
46.002517500,1,0
46.002558592,1,1
46.002601164,1,0
46.002642256,1,1
46.002663686,0,1
46.002683850,0,0
46.002724946,0,1
46.002748170,1,1
46.002767518,1,0
46.002808610,1,1
46.002830044,0,1
46.002850206,0,0
46.002891300,0,1
46.002914522,1,1
46.002933870,1,0
46.002974962,1,1
46.002996392,0,1
46.003016552,0,0
46.003057646,0,1
46.003099234,0,0
46.003142796,0,1
46.003166020,1,1
46.003185368,1,0
46.003223512,1,1
46.003266084,1,0
46.003310622,1,1
46.003329848,1,0
46.010290326,1,1
46.093891464,0,1
46.093903258,0,0
46.093945832,0,1
46.093969054,1,1
46.093988400,1,0
46.094029494,1,1
46.094072066,1,0
46.094113156,1,1
46.094134588,0,1
46.094154752,0,0
46.094195848,0,1
46.094219068,1,1
46.094238414,1,0
46.094279508,1,1
46.094300938,0,1
46.094321100,0,0
46.094362192,0,1
46.094385412,1,1
46.094404762,1,0
46.094445852,1,1
46.094467282,0,1
46.094487444,0,0
46.094528538,0,1
46.094570130,0,0
46.094613690,0,1
46.094636912,1,1
46.094656258,1,0
46.094694402,1,1
46.094736976,1,0
46.094781508,1,1
46.094800204,1,0
46.098289516,1,1
46.185358064,0,1
46.185369858,0,0
46.185412432,0,1
46.185435654,1,1
46.185455002,1,0
46.185496098,1,1
46.185538676,1,0
46.185579768,1,1
46.185601200,0,1
46.185621364,0,0
46.185662460,0,1
46.185685684,1,1
46.185705030,1,0
46.185746120,1,1
46.185767554,0,1
46.185787718,0,0
46.185828816,0,1
46.185852040,1,1
46.185871388,1,0
46.185912486,1,1
46.185933918,0,1
46.185954078,0,0
46.185995170,0,1
46.186036760,0,0
46.186080314,0,1
46.186103540,1,1
46.186122892,1,0
46.186161040,1,1
46.186203622,1,0
46.186248164,1,1
46.186265584,1,0
46.186289762,1,1
46.276821316,0,1
46.276833110,0,0
46.276875680,0,1
46.276898898,1,1
46.276918246,1,0
46.276959334,1,1
46.277001906,1,0
46.277042994,1,1
46.277064426,0,1
46.277084586,0,0
46.277125684,0,1
46.277148910,1,1
46.277168258,1,0
46.277209352,1,1
46.277230782,0,1
46.277250944,0,0
46.277292040,0,1
46.277315262,1,1
46.277334610,1,0
46.277375704,1,1
46.277397136,0,1
46.277417300,0,0
46.277458396,0,1
46.277499988,0,0
46.277543546,0,1
46.277566770,1,1
46.277586116,1,0
46.277624254,1,1
46.277666826,1,0
46.277711360,1,1
46.277729314,1,0
46.282289052,1,1
46.363774370,0,1
46.363786164,0,0
46.363828734,0,1
46.363870324,0,0
46.363911426,0,1
46.363953016,0,0
46.363994110,0,1
46.364017336,1,1
46.364036684,1,0
46.364077776,1,1
46.364120354,1,0
46.364161450,1,1
46.364204026,1,0
46.364245118,1,1
46.364266552,0,1
46.364286716,0,0
46.364327816,0,1
46.364369408,0,0
46.364410506,0,1
46.364452098,0,0
46.364495656,0,1
46.364537250,0,0
46.364575400,0,1
46.364598624,1,1
46.364617974,1,0
46.364662518,1,1
46.364680862,1,0
46.370377526,1,1
46.504806142,0,1
46.504817942,0,0
46.504860536,0,1
46.504902146,0,0
46.504943270,0,1
46.504984878,0,0
46.505025996,0,1
46.505067608,0,0
46.505108728,0,1
46.505150340,0,0
46.505191460,0,1
46.505214696,1,1
46.505234052,1,0
46.505275172,1,1
46.505317766,1,0
46.505358880,1,1
46.505401476,1,0
46.505442588,1,1
46.505485186,1,0
46.505528762,1,1
46.505571358,1,0
46.505609524,1,1
46.505652120,1,0
46.505696686,1,1
46.509326454,0,1
46.509338256,0,0
46.509380850,0,1
46.509422462,0,0
46.509463578,0,1
46.509505192,0,0
46.509546312,0,1
46.509569550,1,1
46.509588908,1,0
46.509630020,1,1
46.509672620,1,0
46.509713734,1,1
46.509756332,1,0
46.509797444,1,1
46.509818888,0,1
46.509839062,0,0
46.509880182,0,1
46.509921796,0,0
46.509962912,0,1
46.510004524,0,0
46.510048102,0,1
46.510089712,0,0
46.510127874,0,1
46.510151108,1,1
46.510170468,1,0
46.510215028,1,1
46.518218674,1,0
46.522377330,1,1
46.527306784,0,1
46.527318586,0,0
46.527361188,0,1
46.527402804,0,0
46.527443924,0,1
46.527485538,0,0
46.527526664,0,1
46.527568276,0,0
46.527609398,0,1
46.527651012,0,0
46.527692128,0,1
46.527715364,1,1
46.527734720,1,0
46.527775832,1,1
46.527818424,1,0
46.527859540,1,1
46.527902136,1,0
46.527943246,1,1
46.527985836,1,0
46.528029408,1,1
46.528072000,1,0
46.528110156,1,1
46.528152750,1,0
46.528197302,1,1
46.531826988,0,1
46.531838800,0,0
46.531881432,0,1
46.531904686,1,1
46.531924060,1,0
46.531965214,1,1
46.532007846,1,0
46.532048998,1,1
46.532070460,0,1
46.532090652,0,0
46.532131812,0,1
46.532155068,1,1
46.532174440,1,0
46.532215596,1,1
46.532237058,0,1
46.532257248,0,0
46.532298402,0,1
46.532321660,1,1
46.532341036,1,0
46.532382190,1,1
46.532403648,0,1
46.532423836,0,0
46.532464990,0,1
46.532506632,0,0
46.532550238,0,1
46.532573496,1,1
46.532592864,1,0
46.532631050,1,1
46.532673676,1,0
46.532718266,1,1
46.540879334,1,0
46.546377304,1,1
46.561563490,0,1
46.561575298,0,0
46.561617924,0,1
46.561659566,0,0
46.561700720,0,1
46.561742368,0,0
46.561783524,0,1
46.561806782,1,1
46.561826156,1,0
46.561867306,1,1
46.561909936,1,0
46.561951086,1,1
46.561993716,1,0
46.562034864,1,1
46.562056322,0,1
46.562076514,0,0
46.562117668,0,1
46.562159310,0,0
46.562200466,0,1
46.562242108,0,0
46.562285728,0,1
46.562327380,0,0
46.562365580,0,1
46.562388838,1,1
46.562408210,1,0
46.562452806,1,1
46.562470808,1,0
46.570376628,1,1
46.651235022,0,1
46.651246818,0,0
46.651289396,0,1
46.651312622,1,1
46.651331968,1,0
46.651373064,1,1
46.651415640,1,0
46.651456736,1,1
46.651478170,0,1
46.651498332,0,0
46.651539432,0,1
46.651562656,1,1
46.651582008,1,0
46.651623102,1,1
46.651644536,0,1
46.651664698,0,0
46.651705794,0,1
46.651729016,1,1
46.651748366,1,0
46.651789460,1,1
46.651810892,0,1
46.651831056,0,0
46.651872158,0,1
46.651913748,0,0
46.651957310,0,1
46.651980538,1,1
46.651999888,1,0
46.652038032,1,1
46.652080606,1,0
46.652125144,1,1
46.652143726,1,0
46.658376082,1,1
46.745219228,0,1
46.745231024,0,0
46.745273596,0,1
46.745315188,0,0
46.745356290,0,1
46.745397882,0,0
46.745438982,0,1
46.745480578,0,0
46.745521676,0,1
46.745544900,1,1
46.745564250,1,0
46.745605342,1,1
46.745647920,1,0
46.745689014,1,1
46.745710446,0,1
46.745730608,0,0
46.745771704,0,1
46.745794928,1,1
46.745814274,1,0
46.745855368,1,1
46.745876800,0,1
46.745896964,0,0
46.745940518,0,1
46.745982108,0,0
46.746020254,0,1
46.746043480,1,1
46.746062826,1,0
46.746107364,1,1
46.746126290,1,0
46.746376354,1,1
46.762831430,1,0
46.763104450,0,0
46.763879264,0,1
46.764010178,0,0
46.764011622,1,0
46.764051282,1,1
46.764092878,1,0
46.764094850,0,0
46.764133992,0,1
46.764176574,0,0
46.764178652,1,0
46.764217674,1,1
46.764259274,1,0
46.764300376,1,1
46.764341974,1,0
46.764343358,0,0
46.764383084,0,1
46.764425668,0,0
46.764427176,1,0
46.764466768,1,1
46.764508368,1,0
46.764549468,1,1
46.764591064,1,0
46.764632164,1,1
46.764675230,1,0
46.764716328,1,1
46.764758908,1,0
46.764800004,1,1
46.764833250,0,1
46.764846524,0,0
46.764887632,0,1
46.764910862,1,1
46.765182248,0,1
46.765194042,0,0
46.765236614,0,1
46.765278210,0,0
46.765319314,0,1
46.765342540,1,1
46.765361890,1,0
46.765402992,1,1
46.765424424,0,1
46.765444588,0,0
46.765485688,0,1
46.765508914,1,1
46.765528264,1,0
46.765569362,1,1
46.765611940,1,0
46.765653040,1,1
46.765695618,1,0
46.765736718,1,1
46.765779298,1,0
46.765820394,1,1
46.765862974,1,0
46.765906534,1,1
46.765949114,1,0
46.765987256,1,1
46.766029834,1,0
46.766074378,1,1
46.766089208,1,0
46.766362354,0,0
46.767137400,0,1
46.767177156,0,0
46.767218276,0,1
46.767260866,0,0
46.767301980,0,1
46.767344570,0,0
46.767346312,1,0
46.767385678,1,1
46.767427274,1,0
46.767428528,0,0
46.767468386,0,1
46.767510970,0,0
46.767552080,0,1
46.767594664,0,0
46.767635778,0,1
46.767678358,0,0
46.767719470,0,1
46.767762054,0,0
46.767803164,0,1
46.767847226,0,0
46.767888338,0,1
46.767927478,0,0
46.767929054,1,0
46.767968576,1,1
46.768001828,0,1
46.768015102,0,0
46.768056208,0,1
46.768079438,1,1
46.768417960,0,1
46.768429772,0,0
46.768472416,0,1
46.768514074,0,0
46.768555246,0,1
46.768578508,1,1
46.768597886,1,0
46.768639054,1,1
46.768660522,0,1
46.768680720,0,0
46.768721890,0,1
46.768745154,1,1
46.768764534,1,0
46.768805706,1,1
46.768848356,1,0
46.768889524,1,1
46.768932176,1,0
46.768973346,1,1
46.769015996,1,0
46.769057170,1,1
46.769099818,1,0
46.769143452,1,1
46.769186106,1,0
46.769224322,1,1
46.769266972,1,0
46.769311592,1,1
46.769323928,1,0
46.769325184,1,1
46.820035900,0,1
46.820047720,0,0
46.820090382,0,1
46.820132058,0,0
46.820173250,0,1
46.820214924,0,0
46.820256112,0,1
46.820297790,0,0
46.820338978,0,1
46.820380652,0,0
46.820421838,0,1
46.820445112,1,1
46.820464496,1,0
46.820505678,1,1
46.820548338,1,0
46.820589520,1,1
46.820632180,1,0
46.820673360,1,1
46.820716022,1,0
46.820759664,1,1
46.820802322,1,0
46.820840544,1,1
46.820883206,1,0
46.820927840,1,1
46.824562276,0,1
46.824574094,0,0
46.824616754,0,1
46.824640026,1,1
46.824659412,1,0
46.824700594,1,1
46.824743252,1,0
46.824784434,1,1
46.824805908,0,1
46.824826110,0,0
46.824867290,0,1
46.824890566,1,1
46.824909948,1,0
46.824951128,1,1
46.824972600,0,1
46.824992804,0,0
46.825033996,0,1
46.825057278,1,1
46.825076668,1,0
46.825117860,1,1
46.825139338,0,1
46.825159542,0,0
46.825200730,0,1
46.825242406,0,0
46.825286064,0,1
46.825309340,1,1
46.825328724,1,0
46.825366954,1,1
46.825409618,1,0
46.825454252,1,1
46.833419334,1,0
46.834375486,1,1
46.853444596,0,1
46.853456416,0,0
46.853499086,0,1
46.853540760,0,0
46.853581948,0,1
46.853623628,0,0
46.853664818,0,1
46.853706498,0,0
46.853747692,0,1
46.853789370,0,0
46.853830562,0,1
46.853853838,1,1
46.853873226,1,0
46.853914416,1,1
46.853957074,1,0
46.853998258,1,1
46.854040928,1,0
46.854082116,1,1
46.854124788,1,0
46.854168444,1,1
46.854211108,1,0
46.854249336,1,1
46.854292000,1,0
46.854336636,1,1
46.857972442,0,1
46.857984262,0,0
46.858026930,0,1
46.858068610,0,0
46.858109804,0,1
46.858151484,0,0
46.858192682,0,1
46.858215954,1,1
46.858235340,1,0
46.858276528,1,1
46.858319198,1,0
46.858360392,1,1
46.858403056,1,0
46.858444244,1,1
46.858465718,0,1
46.858485926,0,0
46.858527118,0,1
46.858568800,0,0
46.858609994,0,1
46.858651676,0,0
46.858695338,0,1
46.858737016,0,0
46.858775248,0,1
46.858798526,1,1
46.858817914,1,0
46.858862556,1,1
46.866391116,1,0
46.874369712,1,1
46.877375954,0,1
46.877387774,0,0
46.877430446,0,1
46.877472134,0,0
46.877513336,0,1
46.877555016,0,0
46.877596212,0,1
46.877619490,1,1
46.877638878,1,0
46.877680070,1,1
46.877722744,1,0
46.877763936,1,1
46.877806602,1,0
46.877847798,1,1
46.877869274,0,1
46.877889482,0,0
46.877930676,0,1
46.877972364,0,0
46.878013558,0,1
46.878055244,0,0
46.878098904,0,1
46.878140596,0,0
46.878178836,0,1
46.878202114,1,1
46.878221504,1,0
46.878266152,1,1
46.878285274,1,0
46.882376368,1,1
47.019134186,0,1
47.019146010,0,0
47.019188684,0,1
47.019230362,0,0
47.019271562,0,1
47.019313248,0,0
47.019354448,0,1
47.019396134,0,0
47.019437336,0,1
47.019479024,0,0
47.019520228,0,1
47.019543510,1,1
47.019562898,1,0
47.019604090,1,1
47.019646760,1,0
47.019687956,1,1
47.019730626,1,0
47.019771824,1,1
47.019814500,1,0
47.019858164,1,1
47.019900842,1,0
47.019939082,1,1
47.019981754,1,0
47.020026406,1,1
47.023663378,0,1
47.023675202,0,0
47.023717884,0,1
47.023759570,0,0
47.023800770,0,1
47.023842456,0,0
47.023883656,0,1
47.023925336,0,0
47.023966534,0,1
47.023989816,1,1
47.024009208,1,0
47.024050410,1,1
47.024093086,1,0
47.024134290,1,1
47.024155772,0,1
47.024175984,0,0
47.024217188,0,1
47.024240470,1,1
47.024259862,1,0
47.024301060,1,1
47.024322542,0,1
47.024342752,0,0
47.024386420,0,1
47.024428110,0,0
47.024466352,0,1
47.024489632,1,1
47.024509020,1,0
47.024553672,1,1
47.032265560,1,0
47.034375634,1,1
47.044299554,0,1
47.044311382,0,0
47.044354074,0,1
47.044395772,0,0
47.044436990,0,1
47.044478688,0,0
47.044519904,0,1
47.044561604,0,0
47.044602820,0,1
47.044644516,0,0
47.044685724,0,1
47.044709010,1,1
47.044728402,1,0
47.044769606,1,1
47.044812286,1,0
47.044853488,1,1
47.044896168,1,0
47.044937368,1,1
47.044980046,1,0
47.045023712,1,1
47.045066388,1,0
47.045104632,1,1
47.045147312,1,0
47.045191966,1,1
47.048829024,0,1
47.048840848,0,0
47.048883532,0,1
47.048925222,0,0
47.048966426,0,1
47.049008118,0,0
47.049049326,0,1
47.049072608,1,1
47.049091998,1,0
47.049133206,1,1
47.049175886,1,0
47.049217086,1,1
47.049259764,1,0
47.049300970,1,1
47.049322450,0,1
47.049342662,0,0
47.049383866,0,1
47.049425558,0,0
47.049466766,0,1
47.049508454,0,0
47.049552128,0,1
47.049593822,0,0
47.049632066,0,1
47.049655348,1,1
47.049674742,1,0
47.049719396,1,1
47.056992146,1,0
47.058376244,1,1
47.098575898,0,1
47.098587722,0,0
47.098630400,0,1
47.098672088,0,0
47.098713290,0,1
47.098754978,0,0
47.098796180,0,1
47.098837868,0,0
47.098879068,0,1
47.098902348,1,1
47.098921738,1,0
47.098962934,1,1
47.099005608,1,0
47.099046802,1,1
47.099068282,0,1
47.099088494,0,0
47.099129696,0,1
47.099152976,1,1
47.099172366,1,0
47.099213566,1,1
47.099235044,0,1
47.099255256,0,0
47.099298922,0,1
47.099340608,0,0
47.099378850,0,1
47.099402132,1,1
47.099421518,1,0
47.099466168,1,1
47.099484854,1,0
47.106375562,1,1
47.106412236,0,1
47.106424064,0,0
47.106466756,0,1
47.106508450,0,0
47.106549658,0,1
47.106591350,0,0
47.106632558,0,1
47.106655840,1,1
47.106675232,1,0
47.106716440,1,1
47.106759118,1,0
47.106800322,1,1
47.106843006,1,0
47.106884214,1,1
47.106905698,0,1
47.106925916,0,0
47.106967130,0,1
47.107008828,0,0
47.107050042,0,1
47.107091742,0,0
47.107135432,0,1
47.107177138,0,0
47.107215394,0,1
47.107238682,1,1
47.107258074,1,0
47.107302734,1,1
47.107320976,1,0
47.114375524,1,1
47.130634238,1,0
47.130907478,0,0
47.131682770,0,1
47.132482498,0,0
47.132484734,1,0
47.132523708,1,1
47.132565404,1,0
47.132566982,0,0
47.132606618,0,1
47.132649300,0,0
47.132650824,1,0
47.132690506,1,1
47.132732200,1,0
47.132773408,1,1
47.132815098,1,0
47.132816600,0,0
47.132856312,0,1
47.132898996,0,0
47.132900452,1,0
47.132940202,1,1
47.132981892,1,0
47.133023094,1,1
47.133064786,1,0
47.133105988,1,1
47.133149164,1,0
47.133190370,1,1
47.133233046,1,0
47.133274246,1,1
47.133307572,0,1
47.133320876,0,0
47.133362090,0,1
47.133385384,1,1
47.133657442,0,1
47.133669266,0,0
47.133711950,0,1
47.133753636,0,0
47.133794844,0,1
47.133818132,1,1
47.133837524,1,0
47.133878728,1,1
47.133900208,0,1
47.133920420,0,0
47.133961628,0,1
47.133984912,1,1
47.134004304,1,0
47.134045504,1,1
47.134088184,1,0
47.134129388,1,1
47.134172068,1,0
47.134213276,1,1
47.134255956,1,0
47.134297162,1,1
47.134339844,1,0
47.134383516,1,1
47.134426194,1,0
47.134464438,1,1
47.134507116,1,0
47.134551772,1,1
47.134566164,1,0
47.134835418,0,0
47.135610788,0,1
47.135650804,0,0
47.135692028,0,1
47.135734716,0,0
47.135775938,0,1
47.135818624,0,0
47.135859844,0,1
47.135902530,0,0
47.135943752,0,1
47.135986436,0,0
47.136027656,0,1
47.136070340,0,0
47.136111560,0,1
47.136154250,0,0
47.136195470,0,1
47.136238156,0,0
47.136279372,0,1
47.136323542,0,0
47.136325258,1,0
47.136364752,1,1
47.136407436,1,0
47.136448644,1,1
47.136481970,0,1
47.136495276,0,0
47.136536488,0,1
47.136559780,1,1
47.136903188,0,1
47.136914994,0,0
47.136957616,0,1
47.136999242,0,0
47.137040378,0,1
47.137063626,1,1
47.137082988,1,0
47.137124128,1,1
47.137145584,0,1
47.137165768,0,0
47.137206906,0,1
47.137230154,1,1
47.137249518,1,0
47.137290652,1,1
47.137333262,1,0
47.137374398,1,1
47.137417006,1,0
47.137458132,1,1
47.137500742,1,0
47.137541876,1,1
47.137584480,1,0
47.137628072,1,1
47.137670682,1,0
47.137708854,1,1
47.137751462,1,0
47.137796036,1,1
47.137809494,1,0
47.137810744,1,1
47.191886650,0,1
47.191898450,0,0
47.191941042,0,1
47.191982648,0,0
47.192023770,0,1
47.192065378,0,0
47.192106494,0,1
47.192148106,0,0
47.192189226,0,1
47.192230834,0,0
47.192271956,0,1
47.192295190,1,1
47.192314546,1,0
47.192355658,1,1
47.192398254,1,0
47.192439368,1,1
47.192481960,1,0
47.192523072,1,1
47.192565662,1,0
47.192609236,1,1
47.192651826,1,0
47.192689986,1,1
47.192732580,1,0
47.192777140,1,1
47.196406998,0,1
47.196418802,0,0
47.196461402,0,1
47.196503012,0,0
47.196544134,0,1
47.196585742,0,0
47.196626866,0,1
47.196668474,0,0
47.196709594,0,1
47.196732834,1,1
47.196752190,1,0
47.196793308,1,1
47.196835904,1,0
47.196877022,1,1
47.196898466,0,1
47.196918638,0,0
47.196959760,0,1
47.196982998,1,1
47.197002352,1,0
47.197043468,1,1
47.197064906,0,1
47.197085078,0,0
47.197128666,0,1
47.197170282,0,0
47.197208454,0,1
47.197231692,1,1
47.197251048,1,0
47.197295614,1,1
47.204093568,0,1
47.204105368,0,0
47.204147966,0,1
47.204189572,0,0
47.204230690,0,1
47.204272300,0,0
47.204313418,0,1
47.204355032,0,0
47.204396150,0,1
47.204437758,0,0
47.204478880,0,1
47.204502116,1,1
47.204521472,1,0
47.204562588,1,1
47.204605180,1,0
47.204646294,1,1
47.204688884,1,0
47.204729998,1,1
47.204772592,1,0
47.204816162,1,1
47.204858756,1,0
47.204896916,1,1
47.204939506,1,0
47.204984066,1,1
47.208613466,0,1
47.208625264,0,0
47.208667852,0,1
47.208709456,0,0
47.208750568,0,1
47.208792172,0,0
47.208833290,0,1
47.208856522,1,1
47.208875874,1,0
47.208916984,1,1
47.208959570,1,0
47.209000674,1,1
47.209043258,1,0
47.209084364,1,1
47.209105802,0,1
47.209125974,0,0
47.209167090,0,1
47.209208700,0,0
47.209249820,0,1
47.209291426,0,0
47.209335006,0,1
47.209376612,0,0
47.209414772,0,1
47.209438008,1,1
47.209457362,1,0
47.209501922,1,1
47.217669800,1,0
47.218375004,1,1
47.238885864,0,1
47.238897662,0,0
47.238940254,0,1
47.238981858,0,0
47.239022968,0,1
47.239064574,0,0
47.239105696,0,1
47.239128936,1,1
47.239148290,1,0
47.239189404,1,1
47.239232002,1,0
47.239273114,1,1
47.239315704,1,0
47.239356818,1,1
47.239378256,0,1
47.239398426,0,0
47.239439536,0,1
47.239481144,0,0
47.239522258,0,1
47.239563864,0,0
47.239607444,0,1
47.239649052,0,0
47.239687212,0,1
47.239710446,1,1
47.239729802,1,0
47.239774358,1,1
47.239793106,1,0
47.242374170,1,1
47.247167374,0,1
47.247179176,0,0
47.247221776,0,1
47.247245012,1,1
47.247264370,1,0
47.247305486,1,1
47.247348086,1,0
47.247389204,1,1
47.247410644,0,1
47.247430818,0,0
47.247471938,0,1
47.247495172,1,1
47.247514528,1,0
47.247555646,1,1
47.247577086,0,1
47.247597258,0,0
47.247638380,0,1
47.247661614,1,1
47.247680968,1,0
47.247722084,1,1
47.247743524,0,1
47.247763696,0,0
47.247804816,0,1
47.247846426,0,0
47.247890006,0,1
47.247913244,1,1
47.247932598,1,0
47.247970762,1,1
47.248013358,1,0
47.248057920,1,1
47.248076942,1,0
47.250374496,1,1
47.258269212,0,1
47.258281014,0,0
47.258323614,0,1
47.258365230,0,0
47.258406354,0,1
47.258447964,0,0
47.258489086,0,1
47.258530696,0,0
47.258571816,0,1
47.258595054,1,1
47.258614410,1,0
47.258655526,1,1
47.258698122,1,0
47.258739238,1,1
47.258760680,0,1
47.258780852,0,0
47.258821970,0,1
47.258845208,1,1
47.258864564,1,0
47.258905680,1,1
47.258927122,0,1
47.258947296,0,0
47.258990878,0,1
47.259032490,0,0
47.259070654,0,1
47.259093892,1,1
47.259113248,1,0
47.259157814,1,1
47.259175996,1,0
47.266374326,1,1
47.282021106,1,0
47.282294240,0,0
47.283069264,0,1
47.283182190,0,0
47.283183548,1,0
47.283223314,1,1
47.283264930,1,0
47.283266800,0,0
47.283306060,0,1
47.283348660,0,0
47.283350642,1,0
47.283389784,1,1
47.283431396,1,0
47.283472514,1,1
47.283514126,1,0
47.283515390,0,0
47.283555252,0,1
47.283597850,0,0
47.283599218,1,0
47.283638970,1,1
47.283680582,1,0
47.283721698,1,1
47.283763308,1,0
47.283804424,1,1
47.283847506,1,0
47.283888624,1,1
47.283931214,1,0
47.283972330,1,1
47.284005586,0,1
47.284018862,0,0
47.284059976,0,1
47.284083206,1,1
47.284354576,0,1
47.284366370,0,0
47.284408938,0,1
47.284450526,0,0
47.284491622,0,1
47.284514850,1,1
47.284534196,1,0
47.284575294,1,1
47.284596724,0,1
47.284616888,0,0
47.284657998,0,1
47.284681232,1,1
47.284700586,1,0
47.284741696,1,1
47.284784288,1,0
47.284825402,1,1
47.284867994,1,0
47.284909108,1,1
47.284951702,1,0
47.284992816,1,1
47.285035412,1,0
47.285078986,1,1
47.285121580,1,0
47.285159740,1,1
47.285202336,1,0
47.285246896,1,1
47.285259216,1,0
47.285528342,0,0
47.286303330,0,1
47.286343706,0,0
47.286384844,0,1
47.286427446,0,0
47.286468578,0,1
47.286511182,0,0
47.286513234,1,0
47.286552306,1,1
47.286593920,1,0
47.286595458,0,0
47.286635052,0,1
47.286677652,0,0
47.286718780,0,1
47.286761382,0,0
47.286802512,0,1
47.286845112,0,0
47.286886246,0,1
47.286928848,0,0
47.286969978,0,1
47.287014058,0,0
47.287055192,0,1
47.287094344,0,0
47.287096014,1,0
47.287135474,1,1
47.287168744,0,1
47.287182026,0,0
47.287223156,0,1
47.287246402,1,1
47.287585076,0,1
47.287596892,0,0
47.287639558,0,1
47.287681236,0,0
47.287722428,0,1
47.287745706,1,1
47.287765092,1,0
47.287806288,1,1
47.287827762,0,1
47.287847970,0,0
47.287889166,0,1
47.287912440,1,1
47.287931830,1,0
47.287973022,1,1
47.288015690,1,0
47.288056882,1,1
47.288099554,1,0
47.288140750,1,1
47.288183420,1,0
47.288224612,1,1
47.288267284,1,0
47.288310946,1,1
47.288353614,1,0
47.288391844,1,1
47.288434514,1,0
47.288479164,1,1
47.288494070,1,0
47.288495326,1,1
47.332721950,0,1
47.332733772,0,0
47.332776448,0,1
47.332818136,0,0
47.332859334,0,1
47.332901020,0,0
47.332942218,0,1
47.332983902,0,0
47.333025102,0,1
47.333066788,0,0
47.333107988,0,1
47.333131268,1,1
47.333150656,1,0
47.333191852,1,1
47.333234526,1,0
47.333275720,1,1
47.333318394,1,0
47.333359588,1,1
47.333402260,1,0
47.333445922,1,1
47.333488594,1,0
47.333526826,1,1
47.333569496,1,0
47.333614144,1,1
47.337250746,0,1
47.337262570,0,0
47.337305248,0,1
47.337346932,0,0
47.337388138,0,1
47.337429824,0,0
47.337471022,0,1
47.337512708,0,0
47.337553908,0,1
47.337577190,1,1
47.337596580,1,0
47.337637780,1,1
47.337680454,1,0
47.337721648,1,1
47.337743126,0,1
47.337763338,0,0
47.337804540,0,1
47.337827824,1,1
47.337847212,1,0
47.337888406,1,1
47.337909888,0,1
47.337930098,0,0
47.337973762,0,1
47.338015446,0,0
47.338053684,0,1
47.338076960,1,1
47.338096348,1,0
47.338141004,1,1
47.345402606,1,0
47.346374404,1,1
47.350240386,0,1
47.350252210,0,0
47.350294888,0,1
47.350336578,0,0
47.350377778,0,1
47.350419462,0,0
47.350460662,0,1
47.350502350,0,0
47.350543552,0,1
47.350585236,0,0
47.350626440,0,1
47.350649722,1,1
47.350669112,1,0
47.350710312,1,1
47.350752986,1,0
47.350794182,1,1
47.350836852,1,0
47.350878048,1,1
47.350920722,1,0
47.350964384,1,1
47.351007058,1,0
47.351045296,1,1
47.351087968,1,0
47.351132622,1,1
47.354769274,0,1
47.354781098,0,0
47.354823782,0,1
47.354865466,0,0
47.354906668,0,1
47.354948360,0,0
47.354989566,0,1
47.355012846,1,1
47.355032240,1,0
47.355073444,1,1
47.355116124,1,0
47.355157322,1,1
47.355200006,1,0
47.355241208,1,1
47.355262690,0,1
47.355282902,0,0
47.355324110,0,1
47.355365802,0,0
47.355407006,0,1
47.355448698,0,0
47.355492372,0,1
47.355534060,0,0
47.355572304,0,1
47.355595592,1,1
47.355614982,1,0
47.355659636,1,1
47.362920970,1,0
47.370374386,1,1
47.393408116,0,1
47.393419940,0,0
47.393462620,0,1
47.393504306,0,0
47.393545506,0,1
47.393587196,0,0
47.393628400,0,1
47.393651684,1,1
47.393671072,1,0
47.393712272,1,1
47.393754948,1,0
47.393796146,1,1
47.393838822,1,0
47.393880020,1,1
47.393901502,0,1
47.393921712,0,0
47.393962914,0,1
47.394004604,0,0
47.394045806,0,1
47.394087496,0,0
47.394131172,0,1
47.394172862,0,0
47.394211104,0,1
47.394234386,1,1
47.394253778,1,0
47.394298436,1,1
47.394316854,1,0
47.402374204,1,1
47.404530280,0,1
47.404542104,0,0
47.404584790,0,1
47.404626480,0,0
47.404667688,0,1
47.404709378,0,0
47.404750588,0,1
47.404792278,0,0
47.404833484,0,1
47.404856770,1,1
47.404876162,1,0
47.404917366,1,1
47.404960048,1,0
47.405001252,1,1
47.405022736,0,1
47.405042950,0,0
47.405084158,0,1
47.405107444,1,1
47.405126840,1,0
47.405168048,1,1
47.405189530,0,1
47.405209744,0,0
47.405253418,0,1
47.405295110,0,0
47.405333358,0,1
47.405356640,1,1
47.405376030,1,0
47.405420688,1,1
47.405439110,1,0
47.410374262,1,1
47.426265878,1,0
47.426269886,0,0
47.427314876,0,1
47.427404014,0,0
47.427406056,1,0
47.427445232,1,1
47.427486928,1,0
47.427488344,0,0
47.427528146,0,1
47.427570828,0,0
47.427572222,1,0
47.427612038,1,1
47.427653732,1,0
47.427694940,1,1
47.427736632,1,0
47.427738044,0,0
47.427777846,0,1
47.427820532,0,0
47.427821918,1,0
47.427861740,1,1
47.427903430,1,0
47.427944636,1,1
47.427986330,1,0
47.428027536,1,1
47.428070712,1,0
47.428111916,1,1
47.428154596,1,0
47.428195802,1,1
47.428229128,0,1
47.428242432,0,0
47.428283658,0,1
47.428306952,1,1
47.428579012,0,1
47.428590836,0,0
47.428633518,0,1
47.428675206,0,0
47.428716414,0,1
47.428739698,1,1
47.428759092,1,0
47.428800298,1,1
47.428821782,0,1
47.428841996,0,0
47.428883208,0,1
47.428906492,1,1
47.428925884,1,0
47.428967088,1,1
47.429009772,1,0
47.429050978,1,1
47.429093658,1,0
47.429134870,1,1
47.429177550,1,0
47.429218754,1,1
47.429261438,1,0
47.429305108,1,1
47.429347790,1,0
47.429386034,1,1
47.429428716,1,0
47.429473368,1,1
47.429485952,1,0
47.429759270,0,0
47.430534728,0,1
47.430581344,0,0
47.430622568,0,1
47.430665252,0,0
47.430706478,0,1
47.430749164,0,0
47.430790386,0,1
47.430833074,0,0
47.430874296,0,1
47.430916984,0,0
47.430958206,0,1
47.431000896,0,0
47.431042114,0,1
47.431084802,0,0
47.431126030,0,1
47.431168716,0,0
47.431209936,0,1
47.431254108,0,0
47.431255442,1,0
47.431295316,1,1
47.431338004,1,0
47.431379212,1,1
47.431412544,0,1
47.431425850,0,0
47.431467066,0,1
47.431490358,1,1
47.431833768,0,1
47.431845574,0,0
47.431888196,0,1
47.431929824,0,0
47.431970962,0,1
47.431994210,1,1
47.432013574,1,0
47.432054712,1,1
47.432076160,0,1
47.432096340,0,0
47.432137482,0,1
47.432160730,1,1
47.432180090,1,0
47.432221224,1,1
47.432263834,1,0
47.432304966,1,1
47.432347576,1,0
47.432388704,1,1
47.432431316,1,0
47.432472446,1,1
47.432515054,1,0
47.432558646,1,1
47.432601252,1,0
47.432639426,1,1
47.432682038,1,0
47.432726616,1,1
47.432741884,1,0
47.432743132,1,1
47.474217084,0,1
47.474228886,0,0
47.474271482,0,1
47.474313100,0,0
47.474354234,0,1
47.474395854,0,0
47.474436982,0,1
47.474478598,0,0
47.474519726,0,1
47.474561338,0,0
47.474602464,0,1
47.474625702,1,1
47.474645058,1,0
47.474686174,1,1
47.474728770,1,0
47.474769888,1,1
47.474812484,1,0
47.474853600,1,1
47.474896194,1,0
47.474939772,1,1
47.474982368,1,0
47.475020544,1,1
47.475063154,1,0
47.475107724,1,1
47.478737584,0,1
47.478749388,0,0
47.478791988,0,1
47.478833602,0,0
47.478874724,0,1
47.478916332,0,0
47.478957454,0,1
47.478999066,0,0
47.479040184,0,1
47.479063422,1,1
47.479082782,1,0
47.479123906,1,1
47.479166508,1,0
47.479207632,1,1
47.479229076,0,1
47.479249252,0,0
47.479290374,0,1
47.479313614,1,1
47.479332970,1,0
47.479374090,1,1
47.479395536,0,1
47.479415710,0,0
47.479459302,0,1
47.479500918,0,0
47.479539086,0,1
47.479562326,1,1
47.479581684,1,0
47.479626252,1,1
47.487562214,1,0
47.490373640,1,1
47.494330116,0,1
47.494341918,0,0
47.494384514,0,1
47.494426126,0,0
47.494467246,0,1
47.494508856,0,0
47.494549978,0,1
47.494591586,0,0
47.494632708,0,1
47.494674320,0,0
47.494715438,0,1
47.494738674,1,1
47.494758028,1,0
47.494799146,1,1
47.494841742,1,0
47.494882858,1,1
47.494925454,1,0
47.494966570,1,1
47.495009162,1,0
47.495052742,1,1
47.495095340,1,0
47.495133502,1,1
47.495176100,1,0
47.495220664,1,1
47.498850564,0,1
47.498862366,0,0
47.498904962,0,1
47.498946572,0,0
47.498987696,0,1
47.499029308,0,0
47.499070430,0,1
47.499093666,1,1
47.499113024,1,0
47.499154148,1,1
47.499196744,1,0
47.499237864,1,1
47.499280460,1,0
47.499321578,1,1
47.499343018,0,1
47.499363194,0,0
47.499404316,0,1
47.499445928,0,0
47.499487046,0,1
47.499528660,0,0
47.499572242,0,1
47.499613854,0,0
47.499652022,0,1
47.499675258,1,1
47.499694616,1,0
47.499739180,1,1
47.507128174,1,0
47.514375860,1,1
47.537424274,0,1
47.537436076,0,0
47.537478668,0,1
47.537520280,0,0
47.537561400,0,1
47.537603008,0,0
47.537644128,0,1
47.537667364,1,1
47.537686720,1,0
47.537727834,1,1
47.537770428,1,0
47.537811544,1,1
47.537854138,1,0
47.537895250,1,1
47.537916692,0,1
47.537936864,0,0
47.537977982,0,1
47.538019592,0,0
47.538060712,0,1
47.538102322,0,0
47.538145906,0,1
47.538187516,0,0
47.538225686,0,1
47.538248922,1,1
47.538268280,1,0
47.538312850,1,1
47.538330664,1,0
47.546374450,1,1
47.548525822,0,1
47.548537622,0,0
47.548580220,0,1
47.548621830,0,0
47.548662954,0,1
47.548704564,0,0
47.548745688,0,1
47.548787298,0,0
47.548828422,0,1
47.548851658,1,1
47.548871014,1,0
47.548912132,1,1
47.548954730,1,0
47.548995848,1,1
47.549017286,0,1
47.549037460,0,0
47.549078584,0,1
47.549101820,1,1
47.549121180,1,0
47.549162300,1,1
47.549183744,0,1
47.549203920,0,0
47.549247504,0,1
47.549289116,0,0
47.549327286,0,1
47.549350526,1,1
47.549369880,1,0
47.549414444,1,1
47.549433448,1,0
47.554373812,1,1
47.570440518,1,0
47.570713654,0,0
47.571488684,0,1
47.572373084,0,0
47.572375032,1,0
47.572414206,1,1
47.572455816,1,0
47.572457264,0,0
47.572496946,0,1
47.572539542,0,0
47.572541080,1,0
47.572580662,1,1
47.572622274,1,0
47.572663390,1,1
47.572704998,1,0
47.572706802,0,0
47.572746124,0,1
47.572788724,0,0
47.572790624,1,0
47.572829850,1,1
47.572871464,1,0
47.572912580,1,1
47.572954188,1,0
47.572995300,1,1
47.573038386,1,0
47.573079500,1,1
47.573122100,1,0
47.573163216,1,1
47.573196476,0,1
47.573209754,0,0
47.573250882,0,1
47.573274120,1,1
47.573545610,0,1
47.573557410,0,0
47.573600002,0,1
47.573641610,0,0
47.573682728,0,1
47.573705964,1,1
47.573725320,1,0
47.573766436,1,1
47.573787874,0,1
47.573808048,0,0
47.573849168,0,1
47.573872402,1,1
47.573891758,1,0
47.573932874,1,1
47.573975468,1,0
47.574016588,1,1
47.574059180,1,0
47.574100298,1,1
47.574142898,1,0
47.574184012,1,1
47.574226612,1,0
47.574270190,1,1
47.574312786,1,0
47.574350952,1,1
47.574393546,1,0
47.574438106,1,1
47.574451898,1,0
47.574721042,0,0
47.575496116,0,1
47.575543790,0,0
47.575584926,0,1
47.575627530,0,0
47.575668668,0,1
47.575711272,0,0
47.575713118,1,0
47.575752394,1,1
47.575794006,1,0
47.575795356,0,0
47.575835136,0,1
47.575877728,0,0
47.575918856,0,1
47.575961454,0,0
47.576002582,0,1
47.576045180,0,0
47.576086308,0,1
47.576128910,0,0
47.576170056,0,1
47.576214154,0,0
47.576255308,0,1
47.576294484,0,0
47.576296006,1,0
47.576335634,1,1
47.576368912,0,1
47.576382198,0,0
47.576423336,0,1
47.576446588,1,1
47.576785378,0,1
47.576797200,0,0
47.576839874,0,1
47.576881552,0,0
47.576922744,0,1
47.576946020,1,1
47.576965406,1,0
47.577006598,1,1
47.577028074,0,1
47.577048282,0,0
47.577089476,0,1
47.577112756,1,1
47.577132150,1,0
47.577173350,1,1
47.577216018,1,0
47.577257214,1,1
47.577299882,1,0
47.577341072,1,1
47.577383742,1,0
47.577424932,1,1
47.577467596,1,0
47.577511250,1,1
47.577553918,1,0
47.577592146,1,1
47.577634814,1,0
47.577679456,1,1
47.577691354,1,0
47.577692614,1,1
47.610846514,0,1
47.610858336,0,0
47.610901018,0,1
47.610942702,0,0
47.610983900,0,1
47.611025584,0,0
47.611066786,0,1
47.611108474,0,0
47.611149678,0,1
47.611191366,0,0
47.611232566,0,1
47.611255848,1,1
47.611275236,1,0
47.611316434,1,1
47.611359108,1,0
47.611400304,1,1
47.611442978,1,0
47.611484172,1,1
47.611526848,1,0
47.611570510,1,1
47.611613180,1,0
47.611651414,1,1
47.611694088,1,0
47.611738740,1,1
47.615375514,0,1
47.615387340,0,0
47.615430022,0,1
47.615471712,0,0
47.615512918,0,1
47.615554608,0,0
47.615595812,0,1
47.615619092,1,1
47.615638482,1,0
47.615679686,1,1
47.615722360,1,0
47.615763558,1,1
47.615806234,1,0
47.615847436,1,1
47.615868916,0,1
47.615889130,0,0
47.615930336,0,1
47.615972024,0,0
47.616013228,0,1
47.616054918,0,0
47.616098590,0,1
47.616140284,0,0
47.616178528,0,1
47.616201812,1,1
47.616221204,1,0
47.616265858,1,1
47.619901586,0,1
47.619913408,0,0
47.619956092,0,1
47.619997780,0,0
47.620038982,0,1
47.620080668,0,0
47.620121876,0,1
47.620163564,0,0
47.620204768,0,1
47.620246460,0,0
47.620287664,0,1
47.620310948,1,1
47.620330342,1,0
47.620371552,1,1
47.620414236,1,0
47.620455440,1,1
47.620498124,1,0
47.620539332,1,1
47.620582016,1,0
47.620625698,1,1
47.620668392,1,0
47.620706646,1,1
47.620749338,1,0
47.620793998,1,1
47.624430862,0,1
47.624442688,0,0
47.624485374,0,1
47.624527062,0,0
47.624568266,0,1
47.624609950,0,0
47.624651148,0,1
47.624692836,0,0
47.624734034,0,1
47.624757312,1,1
47.624776700,1,0
47.624817896,1,1
47.624860570,1,0
47.624901764,1,1
47.624923244,0,1
47.624943456,0,0
47.624984660,0,1
47.625007938,1,1
47.625027328,1,0
47.625068522,1,1
47.625090000,0,1
47.625110208,0,0
47.625153876,0,1
47.625195558,0,0
47.625233800,0,1
47.625257080,1,1
47.625276470,1,0
47.625321120,1,1
47.632796280,1,0
47.634374376,1,1
47.673976550,0,1
47.673988376,0,0
47.674031058,0,1
47.674072748,0,0
47.674113954,0,1
47.674155650,0,0
47.674196856,0,1
47.674220142,1,1
47.674239534,1,0
47.674280742,1,1
47.674323426,1,0
47.674364636,1,1
47.674407316,1,0
47.674448518,1,1
47.674469998,0,1
47.674490212,0,0
47.674531422,0,1
47.674573110,0,0
47.674614322,0,1
47.674656016,0,0
47.674699692,0,1
47.674741386,0,0
47.674779638,0,1
47.674802920,1,1
47.674822310,1,0
47.674866968,1,1
47.674885412,1,0
47.682373146,1,1
47.682417728,0,1
47.682429556,0,0
47.682472256,0,1
47.682513956,0,0
47.682555168,0,1
47.682596862,0,0
47.682638074,0,1
47.682679770,0,0
47.682720984,0,1
47.682744270,1,1
47.682763666,1,0
47.682804872,1,1
47.682847552,1,0
47.682888764,1,1
47.682910246,0,1
47.682930462,0,0
47.682971670,0,1
47.682994956,1,1
47.683014350,1,0
47.683055558,1,1
47.683077042,0,1
47.683097256,0,0
47.683140938,0,1
47.683182636,0,0
47.683220886,0,1
47.683244172,1,1
47.683263566,1,0
47.683308230,1,1
47.683326196,1,0
47.690373458,1,1
47.706452900,1,0
47.706726250,0,0
47.707501838,0,1
47.707629508,0,0
47.707631282,1,0
47.707670730,1,1
47.707712436,1,0
47.707713552,0,0
47.707753660,0,1
47.707796350,0,0
47.707798428,1,0
47.707837564,1,1
47.707879264,1,0
47.707920478,1,1
47.707962178,1,0
47.707963254,0,0
47.708003398,0,1
47.708046086,0,0
47.708048140,1,0
47.708087302,1,1
47.708129006,1,0
47.708170218,1,1
47.708211920,1,0
47.708253130,1,1
47.708296312,1,0
47.708337526,1,1
47.708380212,1,0
47.708421420,1,1
47.708454750,0,1
47.708468056,0,0
47.708509272,0,1
47.708532564,1,1
47.708804646,0,1
47.708816474,0,0
47.708859166,0,1
47.708900860,0,0
47.708942074,0,1
47.708965360,1,1
47.708984756,1,0
47.709025966,1,1
47.709047452,0,1
47.709067668,0,0
47.709108884,0,1
47.709132170,1,1
47.709151564,1,0
47.709192772,1,1
47.709235460,1,0
47.709276668,1,1
47.709319354,1,0
47.709360566,1,1
47.709403252,1,0
47.709444458,1,1
47.709487142,1,0
47.709530822,1,1
47.709573504,1,0
47.709611752,1,1
47.709654434,1,0
47.709699096,1,1
47.709713362,1,0
47.709986702,0,0
47.710762234,0,1
47.710804706,0,0
47.710845936,0,1
47.710888626,0,0
47.710929852,0,1
47.710972542,0,0
47.711013766,0,1
47.711056456,0,0
47.711097680,0,1
47.711140368,0,0
47.711181594,0,1
47.711224282,0,0
47.711265502,0,1
47.711308190,0,0
47.711349414,0,1
47.711392100,0,0
47.711433320,0,1
47.711477490,0,0
47.711478844,1,0
47.711518700,1,1
47.711561384,1,0
47.711602594,1,1
47.711635922,0,1
47.711649228,0,0
47.711690446,0,1
47.711713734,1,1
47.712057146,0,1
47.712068950,0,0
47.712111570,0,1
47.712153200,0,0
47.712194340,0,1
47.712217590,1,1
47.712236950,1,0
47.712278086,1,1
47.712299534,0,1
47.712319714,0,0
47.712360850,0,1
47.712384096,1,1
47.712403458,1,0
47.712444588,1,1
47.712487200,1,0
47.712528332,1,1
47.712570940,1,0
47.712612068,1,1
47.712654678,1,0
47.712695806,1,1
47.712738408,1,0
47.712782002,1,1
47.712824612,1,0
47.712862788,1,1
47.712905396,1,0
47.712949972,1,1
47.712965092,1,0
47.712966346,1,1
47.754192978,0,1
47.754204780,0,0
47.754247382,0,1
47.754288996,0,0
47.754330128,0,1
47.754371744,0,0
47.754412870,0,1
47.754454484,0,0
47.754495608,0,1
47.754537220,0,0
47.754578346,0,1
47.754601586,1,1
47.754620944,1,0
47.754662068,1,1
47.754704666,1,0
47.754745780,1,1
47.754788376,1,0
47.754829498,1,1
47.754872100,1,0
47.754915684,1,1
47.754958284,1,0
47.754996450,1,1
47.755039054,1,0
47.755083622,1,1
47.758713750,0,1
47.758725550,0,0
47.758768144,0,1
47.758809754,0,0
47.758850876,0,1
47.758892486,0,0
47.758933614,0,1
47.758975226,0,0
47.759016356,0,1
47.759039596,1,1
47.759058954,1,0
47.759100074,1,1
47.759142676,1,0
47.759183798,1,1
47.759205240,0,1
47.759225414,0,0
47.759266538,0,1
47.759289776,1,1
47.759309132,1,0
47.759350254,1,1
47.759371692,0,1
47.759391866,0,0
47.759435454,0,1
47.759477068,0,0
47.759515234,0,1
47.759538474,1,1
47.759557832,1,0
47.759602400,1,1
47.767749424,1,0
47.770374168,1,1
47.772191002,0,1
47.772202804,0,0
47.772245406,0,1
47.772287020,0,0
47.772328142,0,1
47.772369756,0,0
47.772410882,0,1
47.772452500,0,0
47.772493626,0,1
47.772535244,0,0
47.772576372,0,1
47.772599614,1,1
47.772618970,1,0
47.772660094,1,1
47.772702696,1,0
47.772743814,1,1
47.772786414,1,0
47.772827536,1,1
47.772870134,1,0
47.772913716,1,1
47.772956318,1,0
47.772994486,1,1
47.773037082,1,0
47.773081652,1,1
47.776711568,0,1
47.776723368,0,0
47.776765964,0,1
47.776807572,0,0
47.776848692,0,1
47.776890304,0,0
47.776931426,0,1
47.776954664,1,1
47.776974022,1,0
47.777015140,1,1
47.777057734,1,0
47.777098852,1,1
47.777141460,1,0
47.777182600,1,1
47.777204052,0,1
47.777224236,0,0
47.777265384,0,1
47.777307018,0,0
47.777348162,0,1
47.777389796,0,0
47.777433404,0,1
47.777475040,0,0
47.777513232,0,1
47.777536484,1,1
47.777555850,1,0
47.777600444,1,1
47.785257836,1,0
47.786373844,1,1
47.826061668,0,1
47.826073470,0,0
47.826116074,0,1
47.826157690,0,0
47.826198816,0,1
47.826240432,0,0
47.826281564,0,1
47.826304804,1,1
47.826324166,1,0
47.826365294,1,1
47.826407896,1,0
47.826449014,1,1
47.826491610,1,0
47.826532732,1,1
47.826554174,0,1
47.826574348,0,0
47.826615470,0,1
47.826657084,0,0
47.826698206,0,1
47.826739820,0,0
47.826783406,0,1
47.826825018,0,0
47.826863184,0,1
47.826886418,1,1
47.826905776,1,0
47.826950344,1,1
47.826969294,1,0
47.834366930,1,1
47.839975774,0,1
47.839987576,0,0
47.840030178,0,1
47.840071790,0,0
47.840112918,0,1
47.840154534,0,0
47.840195662,0,1
47.840237278,0,0
47.840278406,0,1
47.840301644,1,1
47.840321004,1,0
47.840362126,1,1
47.840404726,1,0
47.840445848,1,1
47.840467290,0,1
47.840487464,0,0
47.840528588,0,1
47.840551828,1,1
47.840571186,1,0
47.840612308,1,1
47.840633750,0,1
47.840653924,0,0
47.840697514,0,1
47.840739126,0,0
47.840777300,0,1
47.840800536,1,1
47.840819894,1,0
47.840864462,1,1
47.840882462,1,0
47.842372996,1,1
47.857867912,1,0
47.858141106,0,0
47.858916254,0,1
47.859020812,0,0
47.859022494,1,0
47.859061946,1,1
47.859103570,1,0
47.859104742,0,0
47.859144714,0,1
47.859187326,0,0
47.859189604,1,0
47.859228460,1,1
47.859270088,1,0
47.859311220,1,1
47.859352840,1,0
47.859354382,0,0
47.859393976,0,1
47.859436578,0,0
47.859438216,1,0
47.859477700,1,1
47.859519312,1,0
47.859560432,1,1
47.859602048,1,0
47.859643170,1,1
47.859686258,1,0
47.859727374,1,1
47.859769972,1,0
47.859811092,1,1
47.859844352,0,1
47.859857632,0,0
47.859898762,0,1
47.859922002,1,1
47.860193518,0,1
47.860205320,0,0
47.860247914,0,1
47.860289524,0,0
47.860330648,0,1
47.860353888,1,1
47.860373242,1,0
47.860414362,1,1
47.860435804,0,1
47.860455978,0,0
47.860497102,0,1
47.860520338,1,1
47.860539696,1,0
47.860580816,1,1
47.860623416,1,0
47.860664536,1,1
47.860707134,1,0
47.860748256,1,1
47.860790852,1,0
47.860831970,1,1
47.860874568,1,0
47.860918146,1,1
47.860960742,1,0
47.860998904,1,1
47.861041504,1,0
47.861086064,1,1
47.861098610,1,0
47.861367814,0,0
47.862143040,0,1
47.862182960,0,0
47.862224102,0,1
47.862266706,0,0
47.862307848,0,1
47.862350454,0,0
47.862351976,1,0
47.862391580,1,1
47.862433200,1,0
47.862435216,0,0
47.862474336,0,1
47.862516938,0,0
47.862558074,0,1
47.862600676,0,0
47.862641812,0,1
47.862684416,0,0
47.862725552,0,1
47.862768156,0,0
47.862809292,0,1
47.862853376,0,0
47.862894512,0,1
47.862933668,0,0
47.862935878,1,0
47.862974796,1,1
47.863008060,0,1
47.863021340,0,0
47.863062470,0,1
47.863085714,1,1
47.863424398,0,1
47.863436216,0,0
47.863478884,0,1
47.863520564,0,0
47.863561760,0,1
47.863585038,1,1
47.863604426,1,0
47.863645620,1,1
47.863667100,0,1
47.863687310,0,0
47.863728506,0,1
47.863751788,1,1
47.863771176,1,0
47.863812372,1,1
47.863855042,1,0
47.863896236,1,1
47.863938910,1,0
47.863980108,1,1
47.864022778,1,0
47.864063972,1,1
47.864106644,1,0
47.864150310,1,1
47.864192984,1,0
47.864231218,1,1
47.864273892,1,0
47.864318542,1,1
47.864334172,1,0
47.864335428,1,1
47.917251252,0,1
47.917263076,0,0
47.917305764,0,1
47.917347452,0,0
47.917388660,0,1
47.917430350,0,0
47.917471554,0,1
47.917513244,0,0
47.917554452,0,1
47.917596142,0,0
47.917637350,0,1
47.917660632,1,1
47.917680024,1,0
47.917721226,1,1
47.917763906,1,0
47.917805106,1,1
47.917847780,1,0
47.917888978,1,1
47.917931652,1,0
47.917975314,1,1
47.918017990,1,0
47.918056234,1,1
47.918098916,1,0
47.918143576,1,1
47.921780606,0,1
47.921792430,0,0
47.921835114,0,1
47.921876802,0,0
47.921918006,0,1
47.921959694,0,0
47.922000902,0,1
47.922024184,1,1
47.922043574,1,0
47.922084774,1,1
47.922127458,1,0
47.922168662,1,1
47.922211342,1,0
47.922252546,1,1
47.922274028,0,1
47.922294242,0,0
47.922335454,0,1
47.922377148,0,0
47.922418354,0,1
47.922460046,0,0
47.922503720,0,1
47.922545416,0,0
47.922583660,0,1
47.922606944,1,1
47.922626334,1,0
47.922670990,1,1
47.930526744,1,0
47.938372150,1,1
47.940556272,0,1
47.940568096,0,0
47.940610786,0,1
47.940652478,0,0
47.940693690,0,1
47.940735384,0,0
47.940776590,0,1
47.940818286,0,0
47.940859496,0,1
47.940901188,0,0
47.940942396,0,1
47.940965682,1,1
47.940985078,1,0
47.941026282,1,1
47.941068964,1,0
47.941110172,1,1
47.941152854,1,0
47.941194058,1,1
47.941236742,1,0
47.941280412,1,1
47.941323094,1,0
47.941361340,1,1
47.941404020,1,0
47.941448678,1,1
47.945085892,0,1
47.945097718,0,0
47.945140404,0,1
47.945182098,0,0
47.945223308,0,1
47.945265002,0,0
47.945306212,0,1
47.945347906,0,0
47.945389118,0,1
47.945412404,1,1
47.945431796,1,0
47.945473002,1,1
47.945515682,1,0
47.945556886,1,1
47.945578370,0,1
47.945598584,0,0
47.945639794,0,1
47.945663074,1,1
47.945682468,1,0
47.945723672,1,1
47.945745154,0,1
47.945765368,0,0
47.945809044,0,1
47.945850738,0,0
47.945888988,0,1
47.945912274,1,1
47.945931666,1,0
47.945976328,1,1
47.954216446,1,0
47.954372218,1,1
48.009217208,0,1
48.009229034,0,0
48.009271726,0,1
48.009313418,0,0
48.009354626,0,1
48.009396322,0,0
48.009437532,0,1
48.009479220,0,0
48.009520426,0,1
48.009543708,1,1
48.009563100,1,0
48.009604302,1,1
48.009646982,1,0
48.009688182,1,1
48.009709662,0,1
48.009729874,0,0
48.009771084,0,1
48.009794370,1,1
48.009813766,1,0
48.009854972,1,1
48.009876452,0,1
48.009896668,0,0
48.009940348,0,1
48.009982044,0,0
48.010020292,0,1
48.010043578,1,1
48.010062970,1,0
48.010107630,1,1
48.010125384,1,0
48.010372318,1,1
48.013745510,0,1
48.013757336,0,0
48.013800022,0,1
48.013841722,0,0
48.013882948,0,1
48.013924652,0,0
48.013965868,0,1
48.013989156,1,1
48.014008550,1,0
48.014049758,1,1
48.014092446,1,0
48.014133658,1,1
48.014176344,1,0
48.014217558,1,1
48.014239044,0,1
48.014259264,0,0
48.014300480,0,1
48.014342182,0,0
48.014383402,0,1
48.014425104,0,0
48.014468788,0,1
48.014510488,0,0
48.014548744,0,1
48.014572034,1,1
48.014591428,1,0
48.014636096,1,1
48.014654130,1,0
48.018373506,1,1
48.034070802,1,0
48.034343998,0,0
48.035119396,0,1
48.035258012,0,0
48.035259874,1,0
48.035299232,1,1
48.035340938,1,0
48.035342126,0,0
48.035382164,0,1
48.035424852,0,0
48.035426992,1,0
48.035466072,1,1
48.035507774,1,0
48.035548986,1,1
48.035590684,1,0
48.035591798,0,0
48.035631910,0,1
48.035674596,0,0
48.035676646,1,0
48.035715814,1,1
48.035757518,1,0
48.035798734,1,1
48.035840436,1,0
48.035881650,1,1
48.035924832,1,0
48.035966042,1,1
48.036008734,1,0
48.036049948,1,1
48.036083276,0,1
48.036096586,0,0
48.036137814,0,1
48.036161112,1,1
48.036433236,0,1
48.036445062,0,0
48.036487756,0,1
48.036529456,0,0
48.036570670,0,1
48.036593958,1,1
48.036613352,1,0
48.036654562,1,1
48.036676052,0,1
48.036696270,0,0
48.036737488,0,1
48.036760780,1,1
48.036780176,1,0
48.036821392,1,1
48.036864082,1,0
48.036905300,1,1
48.036947992,1,0
48.036989202,1,1
48.037031892,1,0
48.037073102,1,1
48.037115794,1,0
48.037159492,1,1
48.037202192,1,0
48.037240444,1,1
48.037283136,1,0
48.037327806,1,1
48.037342656,1,0
48.037611948,0,0
48.038387390,0,1
48.038427076,0,0
48.038468304,0,1
48.038510994,0,0
48.038552216,0,1
48.038594910,0,0
48.038636140,0,1
48.038678826,0,0
48.038720052,0,1
48.038762742,0,0
48.038803966,0,1
48.038846654,0,0
48.038887882,0,1
48.038930568,0,0
48.038971792,0,1
48.039014482,0,0
48.039055704,0,1
48.039099874,0,0
48.039101946,1,0
48.039141096,1,1
48.039183784,1,0
48.039224994,1,1
48.039258326,0,1
48.039271634,0,0
48.039312856,0,1
48.039336142,1,1
48.039679576,0,1
48.039691384,0,0
48.039734004,0,1
48.039775636,0,0
48.039816778,0,1
48.039840026,1,1
48.039859390,1,0
48.039900526,1,1
48.039921976,0,1
48.039942158,0,0
48.039983298,0,1
48.040006546,1,1
48.040025908,1,0
48.040067044,1,1
48.040109658,1,0
48.040150796,1,1
48.040193406,1,0
48.040234540,1,1
48.040277150,1,0
48.040318286,1,1
48.040360898,1,0
48.040404496,1,1
48.040447108,1,0
48.040485296,1,1
48.040527924,1,0
48.040572528,1,1
48.040586322,1,0
48.040587574,1,1
48.078924250,0,1
48.078936052,0,0
48.078978654,0,1
48.079020272,0,0
48.079061398,0,1
48.079103014,0,0
48.079144148,0,1
48.079185764,0,0
48.079226894,0,1
48.079268512,0,0
48.079309642,0,1
48.079332880,1,1
48.079352238,1,0
48.079393362,1,1
48.079435964,1,0
48.079477088,1,1
48.079519690,1,0
48.079560814,1,1
48.079603414,1,0
48.079647002,1,1
48.079689604,1,0
48.079727768,1,1
48.079770366,1,0
48.079814936,1,1
48.083445256,0,1
48.083457058,0,0
48.083499662,0,1
48.083541278,0,0
48.083582414,0,1
48.083624036,0,0
48.083665172,0,1
48.083706794,0,0
48.083747924,0,1
48.083771168,1,1
48.083790526,1,0
48.083831656,1,1
48.083874262,1,0
48.083915388,1,1
48.083936832,0,1
48.083957010,0,0
48.083998142,0,1
48.084021384,1,1
48.084040744,1,0
48.084081872,1,1
48.084103316,0,1
48.084123496,0,0
48.084167094,0,1
48.084208712,0,0
48.084246890,0,1
48.084270130,1,1
48.084289490,1,0
48.084334066,1,1
48.087963436,0,1
48.087975238,0,0
48.088017842,0,1
48.088059456,0,0
48.088100584,0,1
48.088142204,0,0
48.088183330,0,1
48.088224948,0,0
48.088266074,0,1
48.088307692,0,0
48.088348816,0,1
48.088372054,1,1
48.088391412,1,0
48.088432534,1,1
48.088475136,1,0
48.088516258,1,1
48.088558858,1,0
48.088599978,1,1
48.088642578,1,0
48.088686164,1,1
48.088728766,1,0
48.088766930,1,1
48.088809532,1,0
48.088854100,1,1
48.092484338,0,1
48.092496140,0,0
48.092538746,0,1
48.092580360,0,0
48.092621490,0,1
48.092663108,0,0
48.092704236,0,1
48.092727474,1,1
48.092746836,1,0
48.092787960,1,1
48.092830564,1,0
48.092871686,1,1
48.092914292,1,0
48.092955414,1,1
48.092976858,0,1
48.092997032,0,0
48.093038160,0,1
48.093079772,0,0
48.093120902,0,1
48.093162524,0,0
48.093206114,0,1
48.093247728,0,0
48.093285902,0,1
48.093309140,1,1
48.093328498,1,0
48.093373068,1,1
48.101541954,1,0
48.106372240,1,1
48.113042976,0,1
48.113054778,0,0
48.113097380,0,1
48.113138994,0,0
48.113180122,0,1
48.113221736,0,0
48.113262862,0,1
48.113304476,0,0
48.113345606,0,1
48.113387222,0,0
48.113428350,0,1
48.113451592,1,1
48.113470950,1,0
48.113512072,1,1
48.113554670,1,0
48.113595792,1,1
48.113638390,1,0
48.113679512,1,1
48.113722114,1,0
48.113765698,1,1
48.113808296,1,0
48.113846462,1,1
48.113889064,1,0
48.113933628,1,1
48.117563142,0,1
48.117574944,0,0
48.117617548,0,1
48.117640788,1,1
48.117660148,1,0
48.117701272,1,1
48.117743876,1,0
48.117785004,1,1
48.117806450,0,1
48.117826626,0,0
48.117867754,0,1
48.117890996,1,1
48.117910354,1,0
48.117951480,1,1
48.117972924,0,1
48.117993100,0,0
48.118034228,0,1
48.118057466,1,1
48.118076828,1,0
48.118117954,1,1
48.118139400,0,1
48.118159578,0,0
48.118200710,0,1
48.118242326,0,0
48.118285922,0,1
48.118309164,1,1
48.118328526,1,0
48.118366696,1,1
48.118409298,1,0
48.118453868,1,1
48.126255726,1,0
48.130372370,1,1
48.136617746,0,1
48.136629546,0,0
48.136672146,0,1
48.136695386,1,1
48.136714746,1,0
48.136755870,1,1
48.136798480,1,0
48.136839604,1,1
48.136861048,0,1
48.136881224,0,0
48.136922356,0,1
48.136945596,1,1
48.136964956,1,0
48.137006078,1,1
48.137027524,0,1
48.137047702,0,0
48.137088830,0,1
48.137112070,1,1
48.137131432,1,0
48.137172566,1,1
48.137194012,0,1
48.137214190,0,0
48.137255318,0,1
48.137296938,0,0
48.137340530,0,1
48.137363770,1,1
48.137383130,1,0
48.137421302,1,1
48.137463908,1,0
48.137508478,1,1
48.137527180,1,0
48.138373130,1,1
48.161367180,0,1
48.161378982,0,0
48.161421584,0,1
48.161463200,0,0
48.161504324,0,1
48.161545938,0,0
48.161587066,0,1
48.161628680,0,0
48.161669806,0,1
48.161693046,1,1
48.161712404,1,0
48.161753528,1,1
48.161796126,1,0
48.161837246,1,1
48.161858692,0,1
48.161878866,0,0
48.161919990,0,1
48.161943228,1,1
48.161962584,1,0
48.162003706,1,1
48.162025148,0,1
48.162045324,0,0
48.162088910,0,1
48.162130528,0,0
48.162168698,0,1
48.162191938,1,1
48.162211296,1,0
48.162255864,1,1
48.162273878,1,0
48.162372672,1,1
48.178258396,1,0
48.178262394,0,0
48.179306554,0,1
48.179406042,0,0
48.179407734,1,0
48.179447194,1,1
48.179488830,1,0
48.179489952,0,0
48.179529988,0,1
48.179572620,0,0
48.179574772,1,0
48.179613778,1,1
48.179655426,1,0
48.179696572,1,1
48.179738198,1,0
48.179739480,0,0
48.179779338,0,1
48.179821944,0,0
48.179823270,1,0
48.179863070,1,1
48.179904688,1,0
48.179945814,1,1
48.179987426,1,0
48.180028550,1,1
48.180071640,1,0
48.180112762,1,1
48.180155364,1,0
48.180196484,1,1
48.180229746,0,1
48.180243026,0,0
48.180284162,0,1
48.180307412,1,1
48.180578952,0,1
48.180590754,0,0
48.180633348,0,1
48.180674954,0,0
48.180716074,0,1
48.180739312,1,1
48.180758668,1,0
48.180799788,1,1
48.180821232,0,1
48.180841408,0,0
48.180882530,0,1
48.180905768,1,1
48.180925124,1,0
48.180966246,1,1
48.181008842,1,0
48.181049960,1,1
48.181092562,1,0
48.181133688,1,1
48.181176284,1,0
48.181217404,1,1
48.181260000,1,0
48.181303580,1,1
48.181346180,1,0
48.181384344,1,1
48.181426938,1,0
48.181471502,1,1
48.181484050,1,0
48.181757152,0,0
48.182532064,0,1
48.182577286,0,0
48.182618424,0,1
48.182661030,0,0
48.182702170,0,1
48.182744774,0,0
48.182746950,1,0
48.182785902,1,1
48.182827520,1,0
48.182829168,0,0
48.182868652,0,1
48.182911256,0,0
48.182952390,0,1
48.182994992,0,0
48.183036130,0,1
48.183078734,0,0
48.183119872,0,1
48.183162476,0,0
48.183203614,0,1
48.183247694,0,0
48.183288832,0,1
48.183327990,0,0
48.183329688,1,0
48.183369116,1,1
48.183402378,0,1
48.183415660,0,0
48.183456794,0,1
48.183480038,1,1
48.183818718,0,1
48.183830538,0,0
48.183873208,0,1
48.183914884,0,0
48.183956082,0,1
48.183979360,1,1
48.183998752,1,0
48.184039944,1,1
48.184061420,0,1
48.184081630,0,0
48.184122834,0,1
48.184146114,1,1
48.184165506,1,0
48.184206706,1,1
48.184249380,1,0
48.184290578,1,1
48.184333250,1,0
48.184374450,1,1
48.184417122,1,0
48.184458320,1,1
48.184500994,1,0
48.184544658,1,1
48.184587328,1,0
48.184625564,1,1
48.184668236,1,0
48.184712882,1,1
48.184726544,1,0
48.184727802,1,1
48.196466592,0,1
48.196478416,0,0
48.196521096,0,1
48.196562790,0,0
48.196604002,0,1
48.196645694,0,0
48.196686900,0,1
48.196728588,0,0
48.196769788,0,1
48.196811478,0,0
48.196852684,0,1
48.196875966,1,1
48.196895354,1,0
48.196936556,1,1
48.196979238,1,0
48.197020436,1,1
48.197063114,1,0
48.197104316,1,1
48.197147000,1,0
48.197190672,1,1
48.197233352,1,0
48.197271594,1,1
48.197314268,1,0
48.197358922,1,1
48.200994844,0,1
48.201006668,0,0
48.201049352,0,1
48.201072632,1,1
48.201092024,1,0
48.201133232,1,1
48.201175912,1,0
48.201217112,1,1
48.201238594,0,1
48.201258806,0,0
48.201300014,0,1
48.201323298,1,1
48.201342688,1,0
48.201383892,1,1
48.201405374,0,1
48.201425588,0,0
48.201466796,0,1
48.201490078,1,1
48.201509470,1,0
48.201550676,1,1
48.201572156,0,1
48.201592370,0,0
48.201633574,0,1
48.201675268,0,0
48.201718942,0,1
48.201742226,1,1
48.201761618,1,0
48.201799862,1,1
48.201842544,1,0
48.201887196,1,1
48.209690572,1,0
48.210372178,1,1
48.223086312,0,1
48.223098136,0,0
48.223140826,0,1
48.223164114,1,1
48.223183506,1,0
48.223224712,1,1
48.223267394,1,0
48.223308600,1,1
48.223330082,0,1
48.223350296,0,0
48.223391502,0,1
48.223414788,1,1
48.223434180,1,0
48.223475388,1,1
48.223496870,0,1
48.223517086,0,0
48.223558298,0,1
48.223581584,1,1
48.223600976,1,0
48.223642178,1,1
48.223663660,0,1
48.223683874,0,0
48.223725084,0,1
48.223766778,0,0
48.223810458,0,1
48.223833744,1,1
48.223853136,1,0
48.223891380,1,1
48.223934060,1,0
48.223978724,1,1
48.223996646,1,0
48.226365798,1,1
48.251062208,0,1
48.251074036,0,0
48.251116728,0,1
48.251158428,0,0
48.251199646,0,1
48.251241344,0,0
48.251282558,0,1
48.251305846,1,1
48.251325240,1,0
48.251366450,1,1
48.251409138,1,0
48.251450346,1,1
48.251493034,1,0
48.251534242,1,1
48.251555726,0,1
48.251575942,0,0
48.251617154,0,1
48.251658850,0,0
48.251700060,0,1
48.251741758,0,0
48.251785438,0,1
48.251827132,0,0
48.251865388,0,1
48.251888678,1,1
48.251908074,1,0
48.251952738,1,1
48.251971874,1,0
48.258372400,1,1
48.313098416,0,1
48.313110242,0,0
48.313152936,0,1
48.313194634,0,0
48.313235848,0,1
48.313277544,0,0
48.313318760,0,1
48.313360458,0,0
48.313401674,0,1
48.313443370,0,0
48.313484586,0,1
48.313507874,1,1
48.313527266,1,0
48.313568474,1,1
48.313611160,1,0
48.313652370,1,1
48.313695050,1,0
48.313736262,1,1
48.313778942,1,0
48.313822614,1,1
48.313865296,1,0
48.313903542,1,1
48.313946224,1,0
48.313990886,1,1
48.317628602,0,1
48.317640428,0,0
48.317683122,0,1
48.317724822,0,0
48.317766040,0,1
48.317807742,0,0
48.317848956,0,1
48.317872244,1,1
48.317891638,1,0
48.317932850,1,1
48.317975536,1,0
48.318016746,1,1
48.318059434,1,0
48.318100644,1,1
48.318122132,0,1
48.318142350,0,0
48.318183566,0,1
48.318225266,0,0
48.318266480,0,1
48.318308186,0,0
48.318351870,0,1
48.318393570,0,0
48.318431826,0,1
48.318455114,1,1
48.318474510,1,0
48.318519178,1,1
48.326124900,1,0
48.330372234,1,1
48.331102172,0,1
48.331114000,0,0
48.331156700,0,1
48.331198404,0,0
48.331239622,0,1
48.331281320,0,0
48.331322540,0,1
48.331364242,0,0
48.331405462,0,1
48.331447168,0,0
48.331488384,0,1
48.331511674,1,1
48.331531072,1,0
48.331572290,1,1
48.331614978,1,0
48.331656192,1,1
48.331698880,1,0
48.331740092,1,1
48.331782778,1,0
48.331826462,1,1
48.331869148,1,0
48.331907398,1,1
48.331950088,1,0
48.331994752,1,1
48.335632630,0,1
48.335644458,0,0
48.335687156,0,1
48.335728856,0,0
48.335770078,0,1
48.335811780,0,0
48.335852996,0,1
48.335894698,0,0
48.335935916,0,1
48.335959204,1,1
48.335978600,1,0
48.336019818,1,1
48.336062506,1,0
48.336103722,1,1
48.336125212,0,1
48.336145438,0,0
48.336186664,0,1
48.336209954,1,1
48.336229348,1,0
48.336270562,1,1
48.336292048,0,1
48.336312264,0,0
48.336355946,0,1
48.336397648,0,0
48.336435908,0,1
48.336459202,1,1
48.336478598,1,0
48.336523270,1,1
48.344667556,1,0
48.346372588,1,1
48.382026620,0,1
48.382038446,0,0
48.382081138,0,1
48.382122836,0,0
48.382164054,0,1
48.382205750,0,0
48.382246964,0,1
48.382288666,0,0
48.382329886,0,1
48.382353174,1,1
48.382372568,1,0
48.382413780,1,1
48.382456468,1,0
48.382497680,1,1
48.382519164,0,1
48.382539380,0,0
48.382580596,0,1
48.382603882,1,1
48.382623274,1,0
48.382664484,1,1
48.382685970,0,1
48.382706188,0,0
48.382749872,0,1
48.382791570,0,0
48.382829824,0,1
48.382853110,1,1
48.382872504,1,0
48.382917168,1,1
48.382935138,1,0
48.386371114,1,1
48.401842842,1,0
48.402116118,0,0
48.402891480,0,1
48.403015414,0,0
48.403016880,1,0
48.403056638,1,1
48.403098346,1,0
48.403100138,0,0
48.403139584,0,1
48.403182280,0,0
48.403183988,1,0
48.403223498,1,1
48.403265210,1,0
48.403306428,1,1
48.403348130,1,0
48.403349776,0,0
48.403389358,0,1
48.403432052,0,0
48.403433628,1,0
48.403473270,1,1
48.403514978,1,0
48.403556198,1,1
48.403597900,1,0
48.403639118,1,1
48.403682302,1,0
48.403723520,1,1
48.403766210,1,0
48.403807428,1,1
48.403840756,0,1
48.403854064,0,0
48.403895292,0,1
48.403918590,1,1
48.404190716,0,1
48.404202544,0,0
48.404245238,0,1
48.404286938,0,0
48.404328162,0,1
48.404351458,1,1
48.404370856,1,0
48.404412072,1,1
48.404433560,0,1
48.404453780,0,0
48.404495000,0,1
48.404518290,1,1
48.404537688,1,0
48.404578906,1,1
48.404621592,1,0
48.404662808,1,1
48.404705498,1,0
48.404746714,1,1
48.404789404,1,0
48.404830622,1,1
48.404873316,1,0
48.404917002,1,1
48.404959688,1,0
48.404997940,1,1
48.405040626,1,0
48.405085296,1,1
48.405098494,1,0
48.405367774,0,0
48.406143204,0,1
48.406184638,0,0
48.406225876,0,1
48.406268572,0,0
48.406309804,0,1
48.406352496,0,0
48.406393728,0,1
48.406436424,0,0
48.406477650,0,1
48.406520340,0,0
48.406561568,0,1
48.406604260,0,0
48.406645490,0,1
48.406688186,0,0
48.406729414,0,1
48.406772106,0,0
48.406813340,0,1
48.406857514,0,0
48.406859718,1,0
48.406898732,1,1
48.406941426,1,0
48.406982644,1,1
48.407015972,0,1
48.407029282,0,0
48.407070504,0,1
48.407093796,1,1
48.407437276,0,1
48.407449088,0,0
48.407491716,0,1
48.407533348,0,0
48.407574498,0,1
48.407597746,1,1
48.407617112,1,0
48.407658252,1,1
48.407679704,0,1
48.407699888,0,0
48.407741036,0,1
48.407764288,1,1
48.407783652,1,0
48.407824794,1,1
48.407867412,1,0
48.407908550,1,1
48.407951168,1,0
48.407992310,1,1
48.408034922,1,0
48.408076056,1,1
48.408118670,1,0
48.408162276,1,1
48.408204890,1,0
48.408243078,1,1
48.408285696,1,0
48.408330284,1,1
48.408341942,1,0
48.408343198,1,1
48.421024384,0,1
48.421036190,0,0
48.421078806,0,1
48.421120432,0,0
48.421161574,0,1
48.421203204,0,0
48.421244348,0,1
48.421267596,1,1
48.421286958,1,0
48.421328096,1,1
48.421370708,1,0
48.421411842,1,1
48.421454456,1,0
48.421495590,1,1
48.421517038,0,1
48.421537218,0,0
48.421578356,0,1
48.421619984,0,0
48.421661122,0,1
48.421702748,0,0
48.421746358,0,1
48.421787988,0,0
48.421826180,0,1
48.421849428,1,1
48.421868794,1,0
48.421913382,1,1
48.421930830,1,0
48.426371732,1,1
48.445916620,0,1
48.445928426,0,0
48.445971038,0,1
48.446012662,0,0
48.446053796,0,1
48.446095420,0,0
48.446136562,0,1
48.446178186,0,0
48.446219324,0,1
48.446260952,0,0
48.446302092,0,1
48.446325338,1,1
48.446344700,1,0
48.446385838,1,1
48.446428446,1,0
48.446469578,1,1
48.446512186,1,0
48.446553318,1,1
48.446595926,1,0
48.446639520,1,1
48.446682128,1,0
48.446720302,1,1
48.446762914,1,0
48.446807494,1,1
48.450438230,0,1
48.450450034,0,0
48.450492644,0,1
48.450534262,0,0
48.450575396,0,1
48.450617018,0,0
48.450658154,0,1
48.450681394,1,1
48.450700758,1,0
48.450741892,1,1
48.450784496,1,0
48.450825626,1,1
48.450868230,1,0
48.450909358,1,1
48.450930802,0,1
48.450950980,0,0
48.450992114,0,1
48.451033734,0,0
48.451074864,0,1
48.451116484,0,0
48.451160082,0,1
48.451201704,0,0
48.451239882,0,1
48.451263128,1,1
48.451282490,1,0
48.451327072,1,1
48.458022950,0,1
48.458034754,0,0
48.458077364,0,1
48.458118982,0,0
48.458160116,0,1
48.458201738,0,0
48.458242868,0,1
48.458284490,0,0
48.458325630,0,1
48.458367256,0,0
48.458408394,0,1
48.458431636,1,1
48.458450998,1,0
48.458492126,1,1
48.458534730,1,0
48.458575860,1,1
48.458618470,1,0
48.458659600,1,1
48.458702206,1,0
48.458745796,1,1
48.458788400,1,0
48.458826574,1,1
48.458869178,1,0
48.458913750,1,1
48.462543458,0,1
48.462555262,0,0
48.462597868,0,1
48.462621110,1,1
48.462640468,1,0
48.462681600,1,1
48.462724206,1,0
48.462765336,1,1
48.462786784,0,1
48.462806964,0,0
48.462848096,0,1
48.462871338,1,1
48.462890698,1,0
48.462931826,1,1
48.462953270,0,1
48.462973448,0,0
48.463014580,0,1
48.463037826,1,1
48.463057184,1,0
48.463098312,1,1
48.463119762,0,1
48.463139944,0,0
48.463181078,0,1
48.463222700,0,0
48.463266296,0,1
48.463289540,1,1
48.463308900,1,0
48.463347074,1,1
48.463389682,1,0
48.463434262,1,1
48.471365872,1,0
48.474372102,1,1
48.477954400,0,1
48.477966206,0,0
48.478008814,0,1
48.478050432,0,0
48.478091562,0,1
48.478133188,0,0
48.478174320,0,1
48.478215940,0,0
48.478257076,0,1
48.478298694,0,0
48.478339824,0,1
48.478363070,1,1
48.478382430,1,0
48.478423558,1,1
48.478466164,1,0
48.478507294,1,1
48.478549898,1,0
48.478591020,1,1
48.478633626,1,0
48.478677214,1,1
48.478719816,1,0
48.478757990,1,1
48.478800594,1,0
48.478845166,1,1
48.482475728,0,1
48.482487530,0,0
48.482530138,0,1
48.482571754,0,0
48.482612882,0,1
48.482654498,0,0
48.482695630,0,1
48.482737250,0,0
48.482778384,0,1
48.482801628,1,1
48.482820990,1,0
48.482862116,1,1
48.482904720,1,0
48.482945844,1,1
48.482967290,0,1
48.482987466,0,0
48.483028596,0,1
48.483051838,1,1
48.483071198,1,0
48.483112328,1,1
48.483133776,0,1
48.483153952,0,0
48.483197546,0,1
48.483239170,0,0
48.483277348,0,1
48.483300592,1,1
48.483319952,1,0
48.483364530,1,1
48.490928114,1,0
48.498371682,1,1
50.018437652,0,1
50.018449454,0,0
50.018492046,0,1
50.018515280,1,1
50.018534634,1,0
50.018575750,1,1
50.018618344,1,0
50.018659456,1,1
50.018680896,0,1
50.018701068,0,0
50.018742184,0,1
50.018783792,0,0
50.018824910,0,1
50.018848144,1,1
50.018867498,1,0
50.018908608,1,1
50.018951198,1,0
50.018992312,1,1
50.019013754,0,1
50.019033924,0,0
50.019075038,0,1
50.019116648,0,0
50.019160232,0,1
50.019183468,1,1
50.019202822,1,0
50.019240978,1,1
50.019283574,1,0
50.019328134,1,1
50.019347018,1,0
50.026367644,1,1
50.026650502,0,1
50.026662302,0,0
50.026704892,0,1
50.026746498,0,0
50.026787618,0,1
50.026829232,0,0
50.026870358,0,1
50.026893594,1,1
50.026912952,1,0
50.026954070,1,1
50.026975514,0,1
50.026995690,0,0
50.027036814,0,1
50.027060050,1,1
50.027079410,1,0
50.027120532,1,1
50.027163148,1,0
50.027204276,1,1
50.027225722,0,1
50.027245898,0,0
50.027287024,0,1
50.027328640,0,0
50.027372228,0,1
50.027413844,0,0
50.027452014,0,1
50.027475254,1,1
50.027494612,1,0
50.027539180,1,1
50.027558452,1,0
50.034367212,1,1
50.050886262,1,0
50.051155294,0,0
50.051930030,0,1
50.052673828,0,0
50.052676144,1,0
50.052714944,1,1
50.052756550,1,0
50.052758330,0,0
50.052797672,0,1
50.052840260,0,0
50.052842112,1,0
50.052881372,1,1
50.052922978,1,0
50.052964088,1,1
50.053005686,1,0
50.053006766,0,0
50.053046802,0,1
50.053089392,0,0
50.053091550,1,0
50.053130492,1,1
50.053172080,1,0
50.053213168,1,1
50.053254748,1,0
50.053295830,1,1
50.053338882,1,0
50.053379962,1,1
50.053422522,1,0
50.053463600,1,1
50.053496832,0,1
50.053510098,0,0
50.053551192,0,1
50.053574414,1,1
50.053845742,0,1
50.053857538,0,0
50.053900114,0,1
50.053941710,0,0
50.053982818,0,1
50.054006044,1,1
50.054025396,1,0
50.054066500,1,1
50.054087938,0,1
50.054108106,0,0
50.054149218,0,1
50.054172448,1,1
50.054191800,1,0
50.054232908,1,1
50.054275502,1,0
50.054316608,1,1
50.054359194,1,0
50.054400300,1,1
50.054442884,1,0
50.054483992,1,1
50.054526584,1,0
50.054570152,1,1
50.054612736,1,0
50.054650888,1,1
50.054693482,1,0
50.054738034,1,1
50.054751072,1,0
50.055024176,0,0
50.055798984,0,1
50.055843458,0,0
50.055884582,0,1
50.055927176,0,0
50.055968300,0,1
50.056010892,0,0
50.056012822,1,0
50.056052004,1,1
50.056093612,1,0
50.056095028,0,0
50.056134736,0,1
50.056177332,0,0
50.056218456,0,1
50.056261048,0,0
50.056302170,0,1
50.056344760,0,0
50.056385884,0,1
50.056428476,0,0
50.056469602,0,1
50.056513674,0,0
50.056554800,0,1
50.056593946,0,0
50.056595428,1,0
50.056635060,1,1
50.056668316,0,1
50.056681594,0,0
50.056722714,0,1
50.056745950,1,1
50.057084528,0,1
50.057096346,0,0
50.057139008,0,1
50.057180696,0,0
50.057221890,0,1
50.057245166,1,1
50.057264554,1,0
50.057305740,1,1
50.057327214,0,1
50.057347420,0,0
50.057388610,0,1
50.057411884,1,1
50.057431270,1,0
50.057472452,1,1
50.057515116,1,0
50.057556300,1,1
50.057598960,1,0
50.057640142,1,1
50.057682788,1,0
50.057723962,1,1
50.057766630,1,0
50.057810290,1,1
50.057852958,1,0
50.057891184,1,1
50.057933846,1,0
50.057978478,1,1
50.057993064,1,0
50.057994322,1,1
50.090484294,0,1
50.090496114,0,0
50.090538780,0,1
50.090580458,0,0
50.090621652,0,1
50.090663334,0,0
50.090704530,0,1
50.090746218,0,0
50.090787416,0,1
50.090829102,0,0
50.090870296,0,1
50.090893574,1,1
50.090912964,1,0
50.090954158,1,1
50.090996828,1,0
50.091038018,1,1
50.091080686,1,0
50.091121878,1,1
50.091164550,1,0
50.091208210,1,1
50.091250882,1,0
50.091289112,1,1
50.091331782,1,0
50.091376424,1,1
50.095011578,0,1
50.095023400,0,0
50.095066072,0,1
50.095089344,1,1
50.095108736,1,0
50.095149928,1,1
50.095192600,1,0
50.095233790,1,1
50.095255266,0,1
50.095275474,0,0
50.095316670,0,1
50.095358350,0,0
50.095399546,0,1
50.095422824,1,1
50.095442210,1,0
50.095483402,1,1
50.095526072,1,0
50.095567264,1,1
50.095588740,0,1
50.095608946,0,0
50.095650140,0,1
50.095691822,0,0
50.095735486,0,1
50.095758764,1,1
50.095778154,1,0
50.095816386,1,1
50.095859054,1,0
50.095903692,1,1
50.103461402,1,0
50.106367192,1,1
50.110476198,0,1
50.110488020,0,0
50.110530700,0,1
50.110572384,0,0
50.110613586,0,1
50.110655266,0,0
50.110696460,0,1
50.110738146,0,0
50.110779346,0,1
50.110821036,0,0
50.110862240,0,1
50.110885520,1,1
50.110904910,1,0
50.110946106,1,1
50.110988780,1,0
50.111029976,1,1
50.111072646,1,0
50.111113844,1,1
50.111156518,1,0
50.111200184,1,1
50.111242858,1,0
50.111281092,1,1
50.111323760,1,0
50.111368406,1,1
50.115004902,0,1
50.115016724,0,0
50.115059404,0,1
50.115101092,0,0
50.115142296,0,1
50.115183986,0,0
50.115225190,0,1
50.115248472,1,1
50.115267862,1,0
50.115309064,1,1
50.115330542,0,1
50.115350754,0,0
50.115391956,0,1
50.115415232,1,1
50.115434626,1,0
50.115475824,1,1
50.115518500,1,0
50.115559692,1,1
50.115581176,0,1
50.115601388,0,0
50.115642586,0,1
50.115684270,0,0
50.115727936,0,1
50.115769622,0,0
50.115807862,0,1
50.115831144,1,1
50.115850532,1,0
50.115895182,1,1
50.124064296,1,0
50.130367844,1,1
50.162081064,0,1
50.162092886,0,0
50.162135572,0,1
50.162158850,1,1
50.162178240,1,0
50.162219438,1,1
50.162262114,1,0
50.162303320,1,1
50.162324802,0,1
50.162345016,0,0
50.162386224,0,1
50.162427918,0,0
50.162469122,0,1
50.162492406,1,1
50.162511796,1,0
50.162552998,1,1
50.162595676,1,0
50.162636880,1,1
50.162658360,0,1
50.162678568,0,0
50.162719764,0,1
50.162761454,0,0
50.162805128,0,1
50.162828412,1,1
50.162847802,1,0
50.162886044,1,1
50.162928722,1,0
50.162973374,1,1
50.162991852,1,0
50.170366880,1,1
50.172980488,0,1
50.172992316,0,0
50.173035002,0,1
50.173076694,0,0
50.173117908,0,1
50.173159606,0,0
50.173200814,0,1
50.173224098,1,1
50.173243490,1,0
50.173284692,1,1
50.173284694,1,0
50.173284696,1,1
50.173306176,0,1
50.173326388,0,0
50.173367594,0,1
50.173390880,1,1
50.173410270,1,0
50.173451474,1,1
50.173494154,1,0
50.173535358,1,1
50.173556842,0,1
50.173577054,0,0
50.173618260,0,1
50.173659952,0,0
50.173703626,0,1
50.173745320,0,0
50.173783572,0,1
50.173806856,1,1
50.173826246,1,0
50.173870898,1,1
50.173889750,1,0
50.178367106,1,1
50.194610666,1,0
50.194883898,0,0
50.195659088,0,1
50.196288244,0,0
50.196289952,1,0
50.196329458,1,1
50.196371152,1,0
50.196372222,0,0
50.196412366,0,1
50.196455052,0,0
50.196457082,1,0
50.196496264,1,1
50.196537956,1,0
50.196579162,1,1
50.196620858,1,0
50.196622878,0,0
50.196662074,0,1
50.196704754,0,0
50.196706736,1,0
50.196745960,1,1
50.196787654,1,0
50.196828860,1,1
50.196870552,1,0
50.196911754,1,1
50.196954924,1,0
50.196996128,1,1
50.197038808,1,0
50.197080012,1,1
50.197113336,0,1
50.197126640,0,0
50.197167854,0,1
50.197191148,1,1
50.197463350,0,1
50.197475182,0,0
50.197517882,0,1
50.197559578,0,0
50.197600788,0,1
50.197624072,1,1
50.197643470,1,0
50.197684674,1,1
50.197706158,0,1
50.197726372,0,0
50.197767584,0,1
50.197790870,1,1
50.197810262,1,0
50.197851464,1,1
50.197894146,1,0
50.197935352,1,1
50.197978028,1,0
50.198019232,1,1
50.198061908,1,0
50.198103110,1,1
50.198145794,1,0
50.198189470,1,1
50.198232148,1,0
50.198270394,1,1
50.198313082,1,0
50.198357742,1,1
50.198369518,1,0
50.198642796,0,0
50.199418120,0,1
50.199465720,0,0
50.199506946,0,1
50.199549632,0,0
50.199590854,0,1
50.199633542,0,0
50.199674760,0,1
50.199717450,0,0
50.199758670,0,1
50.199801358,0,0
50.199842574,0,1
50.199885262,0,0
50.199926482,0,1
50.199969170,0,0
50.200010394,0,1
50.200053074,0,0
50.200094292,0,1
50.200138464,0,0
50.200140568,1,0
50.200179674,1,1
50.200222364,1,0
50.200263576,1,1
50.200296904,0,1
50.200310212,0,0
50.200351426,0,1
50.200374714,1,1
50.200718132,0,1
50.200729938,0,0
50.200772558,0,1
50.200814188,0,0
50.200855326,0,1
50.200878576,1,1
50.200897936,1,0
50.200939072,1,1
50.200960520,0,1
50.200980700,0,0
50.201021836,0,1
50.201045084,1,1
50.201064444,1,0
50.201105574,1,1
50.201148188,1,0
50.201189322,1,1
50.201231932,1,0
50.201273062,1,1
50.201315674,1,0
50.201356806,1,1
50.201399414,1,0
50.201443010,1,1
50.201485616,1,0
50.201523792,1,1
50.201566398,1,0
50.201610974,1,1
50.201624738,1,0
50.201625986,1,1
50.236872448,0,1
50.236884248,0,0
50.236926846,0,1
50.236968458,0,0
50.237009578,0,1
50.237051188,0,0
50.237092312,0,1
50.237133928,0,0
50.237175056,0,1
50.237216672,0,0
50.237257798,0,1
50.237281034,1,1
50.237300390,1,0
50.237341510,1,1
50.237384108,1,0
50.237425226,1,1
50.237467822,1,0
50.237508940,1,1
50.237551538,1,0
50.237595116,1,1
50.237637712,1,0
50.237675870,1,1
50.237718464,1,0
50.237763028,1,1
50.241391944,0,1
50.241403746,0,0
50.241446344,0,1
50.241469580,1,1
50.241488934,1,0
50.241530054,1,1
50.241572650,1,0
50.241613768,1,1
50.241635208,0,1
50.241655382,0,0
50.241696502,0,1
50.241738112,0,0
50.241779236,0,1
50.241802474,1,1
50.241821832,1,0
50.241862950,1,1
50.241905540,1,0
50.241946658,1,1
50.241968100,0,1
50.241988272,0,0
50.242029390,0,1
50.242071004,0,0
50.242114590,0,1
50.242137828,1,1
50.242157186,1,0
50.242195356,1,1
50.242237952,1,0
50.242282520,1,1
50.245911186,0,1
50.245922986,0,0
50.245965580,0,1
50.246007192,0,0
50.246048310,0,1
50.246089922,0,0
50.246131046,0,1
50.246172660,0,0
50.246213780,0,1
50.246255394,0,0
50.246296518,0,1
50.246319752,1,1
50.246339108,1,0
50.246380226,1,1
50.246422824,1,0
50.246463940,1,1
50.246506536,1,0
50.246547652,1,1
50.246590248,1,0
50.246633828,1,1
50.246676424,1,0
50.246714588,1,1
50.246757180,1,0
50.246801746,1,1
50.250431652,0,1
50.250443456,0,0
50.250486056,0,1
50.250527668,0,0
50.250568792,0,1
50.250610410,0,0
50.250651534,0,1
50.250674774,1,1
50.250694130,1,0
50.250735252,1,1
50.250756696,0,1
50.250776870,0,0
50.250817996,0,1
50.250841236,1,1
50.250860592,1,0
50.250901712,1,1
50.250944312,1,0
50.250985424,1,1
50.251006860,0,1
50.251027030,0,0
50.251068158,0,1
50.251109784,0,0
50.251153376,0,1
50.251194988,0,0
50.251233160,0,1
50.251256398,1,1
50.251275756,1,0
50.251320324,1,1
50.258983588,1,0
50.266367560,1,1
50.280455376,0,1
50.280467178,0,0
50.280509776,0,1
50.280551384,0,0
50.280592500,0,1
50.280634112,0,0
50.280675234,0,1
50.280698470,1,1
50.280717828,1,0
50.280758942,1,1
50.280780384,0,1
50.280800556,0,0
50.280841678,0,1
50.280864914,1,1
50.280884270,1,0
50.280925386,1,1
50.280967982,1,0
50.281009098,1,1
50.281030540,0,1
50.281050712,0,0
50.281091832,0,1
50.281133448,0,0
50.281177032,0,1
50.281218646,0,0
50.281256818,0,1
50.281280056,1,1
50.281299412,1,0
50.281343974,1,1
50.281362358,1,0
50.282367470,1,1
50.288665250,0,1
50.288677052,0,0
50.288719650,0,1
50.288742888,1,1
50.288762244,1,0
50.288803360,1,1
50.288845954,1,0
50.288887072,1,1
50.288908512,0,1
50.288928686,0,0
50.288969808,0,1
50.289011422,0,0
50.289052542,0,1
50.289075778,1,1
50.289095134,1,0
50.289136256,1,1
50.289178852,1,0
50.289219970,1,1
50.289241414,0,1
50.289261590,0,0
50.289302712,0,1
50.289344324,0,0
50.289387912,0,1
50.289411154,1,1
50.289430514,1,0
50.289468682,1,1
50.289511280,1,0
50.289555840,1,1
50.289574980,1,0
50.290366532,1,1
50.314772010,1,0
50.315041040,0,0
50.315815826,0,1
50.315951752,0,0
50.315953212,1,0
50.315992874,1,1
50.316034480,1,0
50.316036412,0,0
50.316075606,0,1
50.316118202,0,0
50.316120182,1,0
50.316159322,1,1
50.316200932,1,0
50.316242044,1,1
50.316283656,1,0
50.316284832,0,0
50.316324778,0,1
50.316367376,0,0
50.316369634,1,0
50.316408496,1,1
50.316450106,1,0
50.316491224,1,1
50.316532834,1,0
50.316573954,1,1
50.316617038,1,0
50.316658156,1,1
50.316700748,1,0
50.316741860,1,1
50.316775118,0,1
50.316788396,0,0
50.316829524,0,1
50.316852768,1,1
50.317124268,0,1
50.317136072,0,0
50.317178678,0,1
50.317220288,0,0
50.317261412,0,1
50.317284650,1,1
50.317304004,1,0
50.317345120,1,1
50.317366564,0,1
50.317386734,0,0
50.317427854,0,1
50.317451090,1,1
50.317470446,1,0
50.317511562,1,1
50.317554156,1,0
50.317595272,1,1
50.317637864,1,0
50.317678980,1,1
50.317721574,1,0
50.317762688,1,1
50.317805282,1,0
50.317848860,1,1
50.317891456,1,0
50.317929616,1,1
50.317972212,1,0
50.318016774,1,1
50.318029524,1,0
50.318298594,0,0
50.319073570,0,1
50.319113560,0,0
50.319154700,0,1
50.319197304,0,0
50.319238436,0,1
50.319281034,0,0
50.319282428,1,0
50.319322154,1,1
50.319363766,1,0
50.319365634,0,0
50.319404894,0,1
50.319447492,0,0
50.319488626,0,1
50.319531224,0,0
50.319572356,0,1
50.319614954,0,0
50.319656082,0,1
50.319698682,0,0
50.319739812,0,1
50.319783888,0,0
50.319825020,0,1
50.319864170,0,0
50.319866130,1,0
50.319905292,1,1
50.319938550,0,1
50.319951828,0,0
50.319992952,0,1
50.320016188,1,1
50.320354802,0,1
50.320366618,0,0
50.320409280,0,1
50.320450956,0,0
50.320492148,0,1
50.320515424,1,1
50.320534812,1,0
50.320576002,1,1
50.320597480,0,1
50.320617686,0,0
50.320658878,0,1
50.320682154,1,1
50.320701542,1,0
50.320742732,1,1
50.320785396,1,0
50.320826584,1,1
50.320869248,1,0
50.320910436,1,1
50.320953100,1,0
50.320994288,1,1
50.321036956,1,0
50.321080606,1,1
50.321123276,1,0
50.321161506,1,1
50.321204176,1,0
50.321248816,1,1
50.321263944,1,0
50.321265194,1,1
50.367142184,0,1
50.367154008,0,0
50.367196696,0,1
50.367238386,0,0
50.367279594,0,1
50.367321282,0,0
50.367362490,0,1
50.367404180,0,0
50.367445388,0,1
50.367487080,0,0
50.367528288,0,1
50.367551572,1,1
50.367570962,1,0
50.367612166,1,1
50.367654846,1,0
50.367696046,1,1
50.367738724,1,0
50.367779930,1,1
50.367822612,1,0
50.367866278,1,1
50.367908960,1,0
50.367947200,1,1
50.367989876,1,0
50.368034532,1,1
50.371671492,0,1
50.371683316,0,0
50.371726000,0,1
50.371767684,0,0
50.371808888,0,1
50.371850578,0,0
50.371891770,0,1
50.371915046,1,1
50.371934436,1,0
50.371975640,1,1
50.371997126,0,1
50.372017340,0,0
50.372058534,0,1
50.372081812,1,1
50.372101204,1,0
50.372142408,1,1
50.372185082,1,0
50.372226284,1,1
50.372247766,0,1
50.372267978,0,0
50.372309180,0,1
50.372350868,0,0
50.372394540,0,1
50.372436230,0,0
50.372474476,0,1
50.372497756,1,1
50.372517148,1,0
50.372561796,1,1
50.379372876,0,1
50.379384698,0,0
50.379427380,0,1
50.379469068,0,0
50.379510268,0,1
50.379551958,0,0
50.379593164,0,1
50.379634856,0,0
50.379676060,0,1
50.379717750,0,0
50.379758956,0,1
50.379782236,1,1
50.379801626,1,0
50.379842830,1,1
50.379885500,1,0
50.379926682,1,1
50.379969362,1,0
50.380010566,1,1
50.380053236,1,0
50.380096894,1,1
50.380139566,1,0
50.380177800,1,1
50.380220476,1,0
50.380265128,1,1
50.383901040,0,1
50.383912864,0,0
50.383955546,0,1
50.383978828,1,1
50.383998218,1,0
50.384039420,1,1
50.384082098,1,0
50.384123302,1,1
50.384144786,0,1
50.384165000,0,0
50.384206208,0,1
50.384247900,0,0
50.384289112,0,1
50.384312396,1,1
50.384331788,1,0
50.384372988,1,1
50.384415668,1,0
50.384456870,1,1
50.384478354,0,1
50.384498566,0,0
50.384539776,0,1
50.384581470,0,0
50.384625146,0,1
50.384648434,1,1
50.384667828,1,0
50.384706070,1,1
50.384748746,1,0
50.384793398,1,1
50.392888178,1,0
50.394366842,1,1
50.419274236,0,1
50.419286062,0,0
50.419328744,0,1
50.419370434,0,0
50.419411646,0,1
50.419453348,0,0
50.419494566,0,1
50.419517858,1,1
50.419537256,1,0
50.419578476,1,1
50.419599960,0,1
50.419620176,0,0
50.419661388,0,1
50.419684676,1,1
50.419704066,1,0
50.419745268,1,1
50.419787948,1,0
50.419829150,1,1
50.419850632,0,1
50.419870844,0,0
50.419912052,0,1
50.419953744,0,0
50.419997414,0,1
50.420039098,0,0
50.420077344,0,1
50.420100626,1,1
50.420120020,1,0
50.420164682,1,1
50.420183470,1,0
50.426366780,1,1
50.430256334,0,1
50.430268160,0,0
50.430310852,0,1
50.430334138,1,1
50.430353526,1,0
50.430394736,1,1
50.430437420,1,0
50.430478624,1,1
50.430500106,0,1
50.430520322,0,0
50.430561530,0,1
50.430603224,0,0
50.430644432,0,1
50.430667722,1,1
50.430687114,1,0
50.430728322,1,1
50.430771004,1,0
50.430812214,1,1
50.430833698,0,1
50.430853914,0,0
50.430895120,0,1
50.430936818,0,0
50.430980500,0,1
50.431003786,1,1
50.431023178,1,0
50.431061426,1,1
50.431104108,1,0
50.431148770,1,1
50.431167124,1,0
50.434373828,1,1
50.450054124,1,0
50.450327330,0,0
50.451102582,0,1
50.451219656,0,0
50.451221892,1,0
50.451260874,1,1
50.451302576,1,0
50.451304126,0,0
50.451343798,0,1
50.451386486,0,0
50.451387958,1,0
50.451427698,1,1
50.451469396,1,0
50.451510606,1,1
50.451552308,1,0
50.451553708,0,0
50.451593526,0,1
50.451636210,0,0
50.451637544,1,0
50.451677424,1,1
50.451719120,1,0
50.451760332,1,1
50.451802030,1,0
50.451843240,1,1
50.451886416,1,0
50.451927624,1,1
50.451970310,1,0
50.452011516,1,1
50.452044844,0,1
50.452058148,0,0
50.452099364,0,1
50.452122656,1,1
50.452394730,0,1
50.452406552,0,0
50.452449226,0,1
50.452490912,0,0
50.452532130,0,1
50.452555424,1,1
50.452574814,1,0
50.452616012,1,1
50.452637496,0,1
50.452657710,0,0
50.452698922,0,1
50.452722208,1,1
50.452741600,1,0
50.452782806,1,1
50.452825492,1,0
50.452866700,1,1
50.452909380,1,0
50.452950590,1,1
50.452993274,1,0
50.453034478,1,1
50.453077164,1,0
50.453120842,1,1
50.453163528,1,0
50.453201774,1,1
50.453244456,1,0
50.453289114,1,1
50.453300938,1,0
50.453570166,0,0
50.454345318,0,1
50.454390732,0,0
50.454431958,0,1
50.454474648,0,0
50.454515870,0,1
50.454558560,0,0
50.454599782,0,1
50.454642472,0,0
50.454683700,0,1
50.454726388,0,0
50.454767612,0,1
50.454810302,0,0
50.454851530,0,1
50.454894216,0,0
50.454935444,0,1
50.454978134,0,0
50.455019358,0,1
50.455063530,0,0
50.455065656,1,0
50.455104742,1,1
50.455147430,1,0
50.455188644,1,1
50.455221972,0,1
50.455235278,0,0
50.455276496,0,1
50.455299786,1,1
50.455643210,0,1
50.455655016,0,0
50.455697638,0,1
50.455739268,0,0
50.455780406,0,1
50.455803654,1,1
50.455823018,1,0
50.455864154,1,1
50.455885604,0,1
50.455905782,0,0
50.455946918,0,1
50.455970168,1,1
50.455989526,1,0
50.456030662,1,1
50.456073270,1,0
50.456114406,1,1
50.456157020,1,0
50.456198154,1,1
50.456240768,1,0
50.456281906,1,1
50.456324514,1,0
50.456368110,1,1
50.456410720,1,0
50.456448898,1,1
50.456491508,1,0
50.456536088,1,1
50.456551488,1,0
50.456552736,1,1
50.519754440,0,1
50.519766244,0,0
50.519808846,0,1
50.519850464,0,0
50.519891594,0,1
50.519933222,0,0
50.519974362,0,1
50.520015988,0,0
50.520057128,0,1
50.520098756,0,0
50.520139894,0,1
50.520163140,1,1
50.520182500,1,0
50.520223628,1,1
50.520266226,1,0
50.520307348,1,1
50.520349950,1,0
50.520391070,1,1
50.520433670,1,0
50.520477250,1,1
50.520519848,1,0
50.520558010,1,1
50.520600608,1,0
50.520645168,1,1
50.524273954,0,1
50.524285756,0,0
50.524328350,0,1
50.524351586,1,1
50.524370942,1,0
50.524412064,1,1
50.524454660,1,0
50.524495774,1,1
50.524517220,0,1
50.524537392,0,0
50.524578516,0,1
50.524620122,0,0
50.524661246,0,1
50.524684482,1,1
50.524703836,1,0
50.524744948,1,1
50.524787542,1,0
50.524828656,1,1
50.524850096,0,1
50.524870268,0,0
50.524911392,0,1
50.524953004,0,0
50.524996588,0,1
50.525019826,1,1
50.525039182,1,0
50.525077338,1,1
50.525119920,1,0
50.525164488,1,1
50.532961760,1,0
50.538367306,1,1
50.549983462,0,1
50.549995266,0,0
50.550037866,0,1
50.550079480,0,0
50.550120606,0,1
50.550162224,0,0
50.550203352,0,1
50.550244966,0,0
50.550286092,0,1
50.550327708,0,0
50.550368836,0,1
50.550392076,1,1
50.550411432,1,0
50.550452556,1,1
50.550495158,1,0
50.550536282,1,1
50.550578882,1,0
50.550620006,1,1
50.550662604,1,0
50.550706188,1,1
50.550748788,1,0
50.550786952,1,1
50.550829552,1,0
50.550874120,1,1
50.554504144,0,1
50.554515946,0,0
50.554558546,0,1
50.554600162,0,0
50.554641286,0,1
50.554682900,0,0
50.554724022,0,1
50.554747262,1,1
50.554766620,1,0
50.554807740,1,1
50.554829184,0,1
50.554849360,0,0
50.554890484,0,1
50.554913722,1,1
50.554933080,1,0
50.554974200,1,1
50.555016796,1,0
50.555057916,1,1
50.555079358,0,1
50.555099530,0,0
50.555140658,0,1
50.555182274,0,0
50.555225862,0,1
50.555267478,0,0
50.555305648,0,1
50.555328888,1,1
50.555348244,1,0
50.555392814,1,1
50.562820698,1,0
50.570366080,1,1
50.573557356,0,1
50.573569158,0,0
50.573611756,0,1
50.573653372,0,0
50.573694498,0,1
50.573736114,0,0
50.573777240,0,1
50.573800482,1,1
50.573819840,1,0
50.573860960,1,1
50.573882404,0,1
50.573902580,0,0
50.573943708,0,1
50.573966946,1,1
50.573986304,1,0
50.574027426,1,1
50.574070028,1,0
50.574111150,1,1
50.574132596,0,1
50.574152774,0,0
50.574193904,0,1
50.574235520,0,0
50.574279112,0,1
50.574320730,0,0
50.574358902,0,1
50.574382142,1,1
50.574401498,1,0
50.574446070,1,1
50.574464580,1,0
50.578365800,1,1
50.592891222,0,1
50.592903026,0,0
50.592945624,0,1
50.592968862,1,1
50.592988220,1,0
50.593029342,1,1
50.593071936,1,0
50.593113052,1,1
50.593134496,0,1
50.593154670,0,0
50.593195796,0,1
50.593237408,0,0
50.593278542,0,1
50.593301790,1,1
50.593321156,1,0
50.593362286,1,1
50.593404886,1,0
50.593445994,1,1
50.593467434,0,1
50.593487608,0,0
50.593528740,0,1
50.593570352,0,0
50.593613932,0,1
50.593637168,1,1
50.593656524,1,0
50.593694688,1,1
50.593737286,1,0
50.593781850,1,1
50.593800968,1,0
50.594367796,1,1
50.610688800,1,0
50.610961884,0,0
50.611736772,0,1
50.611914736,0,0
50.611916426,1,0
50.611955858,1,1
50.611997470,1,0
50.611998632,0,0
50.612038594,0,1
50.612081188,0,0
50.612083424,1,0
50.612122304,1,1
50.612163918,1,0
50.612205036,1,1
50.612246646,1,0
50.612248094,0,0
50.612287772,0,1
50.612330368,0,0
50.612331894,1,0
50.612371488,1,1
50.612413094,1,0
50.612454206,1,1
50.612495814,1,0
50.612536928,1,1
50.612580010,1,0
50.612621126,1,1
50.612621128,1,0
50.612621130,1,1
50.612663722,1,0
50.612704836,1,1
50.612738094,0,1
50.612751372,0,0
50.612792498,0,1
50.612815738,1,1
50.613087262,0,1
50.613099064,0,0
50.613141674,0,1
50.613183298,0,0
50.613224432,0,1
50.613247680,1,1
50.613267042,1,0
50.613308178,1,1
50.613329624,0,1
50.613349804,0,0
50.613390938,0,1
50.613414186,1,1
50.613433548,1,0
50.613474678,1,1
50.613517288,1,0
50.613558420,1,1
50.613601026,1,0
50.613642158,1,1
50.613684768,1,0
50.613725898,1,1
50.613768506,1,0
50.613812100,1,1
50.613854710,1,0
50.613892886,1,1
50.613935492,1,0
50.613980066,1,1
50.613994844,1,0
50.614267994,0,0
50.615042884,0,1
50.615083450,0,0
50.615124588,0,1
50.615167188,0,0
50.615208322,0,1
50.615250922,0,0
50.615252728,1,0
50.615292042,1,1
50.615333654,1,0
50.615334936,0,0
50.615374780,0,1
50.615417374,0,0
50.615458502,0,1
50.615501098,0,0
50.615542226,0,1
50.615584824,0,0
50.615625956,0,1
50.615668558,0,0
50.615709690,0,1
50.615753768,0,0
50.615794898,0,1
50.615834048,0,0
50.615835420,1,0
50.615875170,1,1
50.615908430,0,1
50.615921710,0,0
50.615962838,0,1
50.615986078,1,1
50.616324746,0,1
50.616336564,0,0
50.616379228,0,1
50.616420908,0,0
50.616462102,0,1
50.616485376,1,1
50.616504764,1,0
50.616545958,1,1
50.616567432,0,1
50.616587642,0,0
50.616628832,0,1
50.616652108,1,1
50.616671496,1,0
50.616712686,1,1
50.616755354,1,0
50.616796552,1,1
50.616839220,1,0
50.616880408,1,1
50.616923076,1,0
50.616964270,1,1
50.617006936,1,0
50.617050596,1,1
50.617093268,1,0
50.617131504,1,1
50.617174190,1,0
50.617218844,1,1
50.617233284,1,0
50.617234532,1,1
50.691120618,1,0
50.691389808,0,0
50.692165168,0,1
50.692313614,0,0
50.692315718,1,0
50.692354824,1,1
50.692396522,1,0
50.692397974,0,0
50.692437742,0,1
50.692480424,0,0
50.692481818,1,0
50.692521628,1,1
50.692563322,1,0
50.692604526,1,1
50.692646210,1,0
50.692647580,0,0
50.692687420,0,1
50.692730098,0,0
50.692731422,1,0
50.692771304,1,1
50.692813000,1,0
50.692854210,1,1
50.692895904,1,0
50.692937108,1,1
50.692980278,1,0
50.693021482,1,1
50.693064156,1,0
50.693105356,1,1
50.693138682,0,1
50.693151988,0,0
50.693193200,0,1
50.693216490,1,1
50.693488544,0,1
50.693500368,0,0
50.693543056,0,1
50.693584748,0,0
50.693625960,0,1
50.693649242,1,1
50.693668636,1,0
50.693709842,1,1
50.693731328,0,1
50.693751546,0,0
50.693792764,0,1
50.693816050,1,1
50.693835444,1,0
50.693876652,1,1
50.693919334,1,0
50.693960540,1,1
50.694003220,1,0
50.694044424,1,1
50.694087104,1,0
50.694128302,1,1
50.694170972,1,0
50.694214646,1,1
50.694257342,1,0
50.694295604,1,1
50.694338286,1,0
50.694382948,1,1
50.694396262,1,0
50.694665464,0,0
50.695440928,0,1
50.695482042,0,0
50.695523268,0,1
50.695565956,0,0
50.695607180,0,1
50.695649864,0,0
50.695691098,0,1
50.695733808,0,0
50.695775044,0,1
50.695817734,0,0
50.695858958,0,1
50.695901644,0,0
50.695942864,0,1
50.695985552,0,0
50.696026770,0,1
50.696069458,0,0
50.696110682,0,1
50.696154858,0,0
50.696156482,1,0
50.696196074,1,1
50.696238760,1,0
50.696279968,1,1
50.696313300,0,1
50.696326606,0,0
50.696367828,0,1
50.696391120,1,1
50.696734544,0,1
50.696746352,0,0
50.696788970,0,1
50.696830596,0,0
50.696871734,0,1
50.696894978,1,1
50.696914342,1,0
50.696955474,1,1
50.696976924,0,1
50.696997104,0,0
50.697038244,0,1
50.697061490,1,1
50.697080852,1,0
50.697121986,1,1
50.697164614,1,0
50.697205750,1,1
50.697248362,1,0
50.697289496,1,1
50.697332104,1,0
50.697373236,1,1
50.697415846,1,0
50.697459440,1,1
50.697502048,1,0
50.697540224,1,1
50.697582830,1,0
50.697627406,1,1
50.697639778,1,0
50.697641032,1,1
50.698263556,0,1
50.698275362,0,0
50.698317980,0,1
50.698359606,0,0
50.698400742,0,1
50.698442366,0,0
50.698483506,0,1
50.698525130,0,0
50.698566268,0,1
50.698607890,0,0
50.698649026,0,1
50.698672274,1,1
50.698691634,1,0
50.698732766,1,1
50.698732770,1,0
50.698732772,1,1
50.698775374,1,0
50.698816500,1,1
50.698859106,1,0
50.698900236,1,1
50.698942844,1,0
50.698986438,1,1
50.699029044,1,0
50.699067218,1,1
50.699109826,1,0
50.699154406,1,1
50.702784036,0,1
50.702795840,0,0
50.702838446,0,1
50.702861690,1,1
50.702881056,1,0
50.702922200,1,1
50.702964814,1,0
50.703005944,1,1
50.703027394,0,1
50.703047572,0,0
50.703088706,0,1
50.703130328,0,0
50.703171462,0,1
50.703194706,1,1
50.703214064,1,0
50.703255192,1,1
50.703297796,1,0
50.703338922,1,1
50.703360366,0,1
50.703380542,0,0
50.703421674,0,1
50.703463292,0,0
50.703506892,0,1
50.703530132,1,1
50.703549494,1,0
50.703587670,1,1
50.703630276,1,0
50.703674852,1,1
50.711150766,1,0
50.714366522,1,1
50.725919656,0,1
50.725931458,0,0
50.725974058,0,1
50.726015670,0,0
50.726056796,0,1
50.726098418,0,0
50.726139558,0,1
50.726181180,0,0
50.726222310,0,1
50.726263928,0,0
50.726305058,0,1
50.726328294,1,1
50.726347648,1,0
50.726388758,1,1
50.726431360,1,0
50.726472492,1,1
50.726515094,1,0
50.726556212,1,1
50.726598812,1,0
50.726642400,1,1
50.726685000,1,0
50.726723162,1,1
50.726765760,1,0
50.726810328,1,1
50.730440366,0,1
50.730452168,0,0
50.730494768,0,1
50.730536380,0,0
50.730577506,0,1
50.730619118,0,0
50.730660244,0,1
50.730683482,1,1
50.730702838,1,0
50.730743958,1,1
50.730765398,0,1
50.730785572,0,0
50.730826698,0,1
50.730849936,1,1
50.730869292,1,0
50.730910414,1,1
50.730953012,1,0
50.730994134,1,1
50.731015576,0,1
50.731035752,0,0
50.731076878,0,1
50.731118490,0,0
50.731162080,0,1
50.731203692,0,0
50.731241860,0,1
50.731265100,1,1
50.731284456,1,0
50.731329024,1,1
50.738952944,1,0
50.746360680,1,1
50.771126866,0,1
50.771138670,0,0
50.771181272,0,1
50.771204512,1,1
50.771223872,1,0
50.771264998,1,1
50.771307598,1,0
50.771348718,1,1
50.771370158,0,1
50.771390330,0,0
50.771431452,0,1
50.771473068,0,0
50.771514192,0,1
50.771537430,1,1
50.771556786,1,0
50.771597908,1,1
50.771640508,1,0
50.771681624,1,1
50.771703068,0,1
50.771723242,0,0
50.771764364,0,1
50.771805970,0,0
50.771849554,0,1
50.771872790,1,1
50.771892144,1,0
50.771930304,1,1
50.771972896,1,0
50.772017462,1,1
50.772035452,1,0
50.778373562,1,1
50.779341526,0,1
50.779353328,0,0
50.779395928,0,1
50.779437546,0,0
50.779478672,0,1
50.779520290,0,0
50.779561418,0,1
50.779584656,1,1
50.779604016,1,0
50.779645142,1,1
50.779666586,0,1
50.779686762,0,0
50.779727890,0,1
50.779751130,1,1
50.779770486,1,0
50.779811608,1,1
50.779854210,1,0
50.779895330,1,1
50.779916776,0,1
50.779936950,0,0
50.779978076,0,1
50.780019694,0,0
50.780063286,0,1
50.780104904,0,0
50.780143080,0,1
50.780166320,1,1
50.780185680,1,0
50.780230250,1,1
50.780248014,1,0
50.786374528,1,1
50.818848412,1,0
50.818852410,0,0
50.819892692,0,1
50.820014316,0,0
50.820016012,1,0
50.820055440,1,1
50.820097056,1,0
50.820098234,0,0
50.820138190,0,1
50.820180792,0,0
50.820183058,1,0
50.820221916,1,1
50.820263530,1,0
50.820304646,1,1
50.820346256,1,0
50.820347736,0,0
50.820387384,0,1
50.820429984,0,0
50.820431538,1,0
50.820471110,1,1
50.820512728,1,0
50.820553850,1,1
50.820595460,1,0
50.820636582,1,1
50.820679670,1,0
50.820720788,1,1
50.820763384,1,0
50.820804500,1,1
50.820837758,0,1
50.820851036,0,0
50.820892168,0,1
50.820915412,1,1
50.821186946,0,1
50.821198748,0,0
50.821241344,0,1
50.821282956,0,0
50.821324078,0,1
50.821347316,1,1
50.821366672,1,0
50.821407794,1,1
50.821429234,0,1
50.821449408,0,0
50.821490528,0,1
50.821513764,1,1
50.821533122,1,0
50.821574242,1,1
50.821616836,1,0
50.821657956,1,1
50.821700550,1,0
50.821741668,1,1
50.821784266,1,0
50.821825382,1,1
50.821867978,1,0
50.821911554,1,1
50.821954150,1,0
50.821992310,1,1
50.822034906,1,0
50.822079474,1,1
50.822094720,1,0
50.822367874,0,0
50.823142868,0,1
50.823182758,0,0
50.823223900,0,1
50.823266508,0,0
50.823307646,0,1
50.823350250,0,0
50.823351748,1,0
50.823391380,1,1
50.823432992,1,0
50.823434968,0,0
50.823474126,0,1
50.823516728,0,0
50.823557862,0,1
50.823600462,0,0
50.823641596,0,1
50.823684200,0,0
50.823725330,0,1
50.823767934,0,0
50.823809070,0,1
50.823853148,0,0
50.823894284,0,1
50.823933442,0,0
50.823935498,1,0
50.823974568,1,1
50.824007830,0,1
50.824021110,0,0
50.824062240,0,1
50.824085482,1,1
50.824424146,0,1
50.824435966,0,0
50.824478634,0,1
50.824520312,0,0
50.824561508,0,1
50.824584784,1,1
50.824604172,1,0
50.824645366,1,1
50.824666842,0,1
50.824687054,0,0
50.824728250,0,1
50.824751528,1,1
50.824770918,1,0
50.824812116,1,1
50.824854788,1,0
50.824895980,1,1
50.824938650,1,0
50.824979848,1,1
50.825022518,1,0
50.825063714,1,1
50.825106388,1,0
50.825150054,1,1
50.825192724,1,0
50.825230962,1,1
50.825273634,1,0
50.825318280,1,1
50.825333572,1,0
50.825334828,1,1
50.860452340,0,1
50.860464164,0,0
50.860506844,0,1
50.860548530,0,0
50.860589734,0,1
50.860631422,0,0
50.860672632,0,1
50.860714324,0,0
50.860755530,0,1
50.860797216,0,0
50.860838420,0,1
50.860861704,1,1
50.860881096,1,0
50.860922296,1,1
50.860964972,1,0
50.861006174,1,1
50.861048846,1,0
50.861090044,1,1
50.861132726,1,0
50.861176396,1,1
50.861219072,1,0
50.861257316,1,1
50.861299990,1,0
50.861344642,1,1
50.864980568,0,1
50.864992394,0,0
50.865035078,0,1
50.865058360,1,1
50.865077754,1,0
50.865118952,1,1
50.865161634,1,0
50.865202840,1,1
50.865224322,0,1
50.865244534,0,0
50.865285740,0,1
50.865327430,0,0
50.865368636,0,1
50.865391922,1,1
50.865411312,1,0
50.865452512,1,1
50.865495190,1,0
50.865536394,1,1
50.865557874,0,1
50.865578088,0,0
50.865619294,0,1
50.865660984,0,0
50.865704660,0,1
50.865727946,1,1
50.865747336,1,0
50.865785576,1,1
50.865828254,1,0
50.865872906,1,1
50.873873822,1,0
50.874365202,1,1
50.877861608,0,1
50.877873432,0,0
50.877916118,0,1
50.877957806,0,0
50.877999014,0,1
50.878040708,0,0
50.878081914,0,1
50.878123606,0,0
50.878164818,0,1
50.878206510,0,0
50.878247718,0,1
50.878271004,1,1
50.878290396,1,0
50.878331602,1,1
50.878374282,1,0
50.878415486,1,1
50.878458168,1,0
50.878499370,1,1
50.878542048,1,0
50.878585720,1,1
50.878628398,1,0
50.878666642,1,1
50.878709322,1,0
50.878753978,1,1
50.882391492,0,1
50.882403320,0,0
50.882446010,0,1
50.882487710,0,0
50.882528928,0,1
50.882570622,0,0
50.882611834,0,1
50.882635124,1,1
50.882654516,1,0
50.882695724,1,1
50.882717208,0,1
50.882737424,0,0
50.882778634,0,1
50.882801922,1,1
50.882821316,1,0
50.882862522,1,1
50.882905206,1,0
50.882946412,1,1
50.882967892,0,1
50.882988108,0,0
50.883029318,0,1
50.883071014,0,0
50.883114690,0,1
50.883156392,0,0
50.883194642,0,1
50.883217932,1,1
50.883237326,1,0
50.883281990,1,1
50.891393724,1,0
50.898365036,1,1
50.920392910,0,1
50.920404736,0,0
50.920447426,0,1
50.920489124,0,0
50.920530336,0,1
50.920572030,0,0
50.920613242,0,1
50.920636532,1,1
50.920655926,1,0
50.920697132,1,1
50.920718616,0,1
50.920738834,0,0
50.920780046,0,1
50.920803332,1,1
50.920822724,1,0
50.920863932,1,1
50.920906614,1,0
50.920947818,1,1
50.920969298,0,1
50.920989510,0,0
50.921030718,0,1
50.921072412,0,0
50.921116094,0,1
50.921157798,0,0
50.921196056,0,1
50.921219342,1,1
50.921238738,1,0
50.921283406,1,1
50.921301554,1,0
50.922365570,1,1
50.934129184,0,1
50.934141012,0,0
50.934183704,0,1
50.934206994,1,1
50.934226386,1,0
50.934267600,1,1
50.934310284,1,0
50.934351494,1,1
50.934372978,0,1
50.934393198,0,0
50.934434414,0,1
50.934476106,0,0
50.934517324,0,1
50.934540612,1,1
50.934560004,1,0
50.934601212,1,1
50.934643898,1,0
50.934685106,1,1
50.934706592,0,1
50.934726810,0,0
50.934768026,0,1
50.934809726,0,0
50.934853410,0,1
50.934876696,1,1
50.934896092,1,0
50.934934342,1,1
50.934977026,1,0
50.935021694,1,1
50.935040032,1,0
50.938364686,1,1
50.954747116,1,0
50.955020370,0,0
50.955795744,0,1
50.955950498,0,0
50.955952354,1,0
50.955991716,1,1
50.956033424,1,0
50.956034614,0,0
50.956074646,0,1
50.956117334,0,0
50.956119478,1,0
50.956158556,1,1
50.956200258,1,0
50.956241470,1,1
50.956283176,1,0
50.956284264,0,0
50.956324404,0,1
50.956367088,0,0
50.956369118,1,0
50.956408308,1,1
50.956450012,1,0
50.956491226,1,1
50.956532926,1,0
50.956574140,1,1
50.956617318,1,0
50.956658532,1,1
50.956701218,1,0
50.956742428,1,1
50.956775758,0,1
50.956789066,0,0
50.956830292,0,1
50.956853582,1,1
50.957125674,0,1
50.957137504,0,0
50.957180206,0,1
50.957221908,0,0
50.957263124,0,1
50.957286412,1,1
50.957305806,1,0
50.957347022,1,1
50.957368510,0,1
50.957388728,0,0
50.957429944,0,1
50.957453236,1,1
50.957472632,1,0
50.957513844,1,1
50.957556528,1,0
50.957597740,1,1
50.957640428,1,0
50.957681636,1,1
50.957724322,1,0
50.957765534,1,1
50.957808220,1,0
50.957851902,1,1
50.957894588,1,0
50.957932840,1,1
50.957975526,1,0
50.958020190,1,1
50.958035184,1,0
50.958304464,0,0
50.959079932,0,1
50.959119432,0,0
50.959160666,0,1
50.959203362,0,0
50.959244590,0,1
50.959287288,0,0
50.959328520,0,1
50.959371210,0,0
50.959412434,0,1
50.959455128,0,0
50.959496352,0,1
50.959539044,0,0
50.959580274,0,1
50.959622966,0,0
50.959664190,0,1
50.959706888,0,0
50.959748110,0,1
50.959792284,0,0
50.959794434,1,0
50.959833504,1,1
50.959876190,1,0
50.959917400,1,1
50.959950730,0,1
50.959964038,0,0
50.960005250,0,1
50.960028530,1,1
50.960371974,0,1
50.960383782,0,0
50.960426406,0,1
50.960468038,0,0
50.960509186,0,1
50.960532434,1,1
50.960551802,1,0
50.960592956,1,1
50.960614414,0,1
50.960634604,0,0
50.960675760,0,1
50.960699016,1,1
50.960718386,1,0
50.960759540,1,1
50.960802172,1,0
50.960843324,1,1
50.960885954,1,0
50.960927100,1,1
50.960969728,1,0
50.961010878,1,1
50.961053506,1,0
50.961097120,1,1
50.961139750,1,0
50.961177948,1,1
50.961220572,1,0
50.961265176,1,1
50.961278772,1,0
50.961280024,1,1
51.013222388,0,1
51.013234190,0,0
51.013276796,0,1
51.013318410,0,0
51.013359534,0,1
51.013401146,0,0
51.013442274,0,1
51.013483888,0,0
51.013525016,0,1
51.013566632,0,0
51.013607760,0,1
51.013630998,1,1
51.013650352,1,0
51.013691474,1,1
51.013734070,1,0
51.013775184,1,1
51.013817780,1,0
51.013858894,1,1
51.013901494,1,0
51.013945082,1,1
51.013987682,1,0
51.014025850,1,1
51.014068450,1,0
51.014113024,1,1
51.017742478,0,1
51.017754282,0,0
51.017796880,0,1
51.017820120,1,1
51.017839476,1,0
51.017880602,1,1
51.017923204,1,0
51.017964332,1,1
51.017985776,0,1
51.018005956,0,0
51.018047086,0,1
51.018088704,0,0
51.018129838,0,1
51.018153080,1,1
51.018172440,1,0
51.018213568,1,1
51.018256174,1,0
51.018297308,1,1
51.018318754,0,1
51.018338934,0,0
51.018380066,0,1
51.018421686,0,0
51.018465276,0,1
51.018488518,1,1
51.018507876,1,0
51.018546048,1,1
51.018588650,1,0
51.018633222,1,1
51.026340358,1,0
51.034373400,1,1
51.038304654,0,1
51.038316458,0,0
51.038359066,0,1
51.038400682,0,0
51.038441812,0,1
51.038483432,0,0
51.038524562,0,1
51.038566176,0,0
51.038607308,0,1
51.038648922,0,0
51.038690052,0,1
51.038713294,1,1
51.038732652,1,0
51.038773778,1,1
51.038816380,1,0
51.038857506,1,1
51.038900108,1,0
51.038941230,1,1
51.038983834,1,0
51.039027420,1,1
51.039070020,1,0
51.039108190,1,1
51.039150794,1,0
51.039195366,1,1
51.042825462,0,1
51.042837264,0,0
51.042879868,0,1
51.042921484,0,0
51.042962610,0,1
51.043004222,0,0
51.043045350,0,1
51.043068588,1,1
51.043087946,1,0
51.043129068,1,1
51.043150516,0,1
51.043170694,0,0
51.043211818,0,1
51.043235058,1,1
51.043254414,1,0
51.043295536,1,1
51.043338138,1,0
51.043379262,1,1
51.043400704,0,1
51.043420880,0,0
51.043462006,0,1
51.043503622,0,0
51.043547212,0,1
51.043588828,0,0
51.043626996,0,1
51.043650234,1,1
51.043669588,1,0
51.043714158,1,1
51.051048134,1,0
51.058365066,1,1
51.083290110,1,0
51.083563206,0,0
51.084338144,0,1
51.084444546,0,0
51.084446356,1,0
51.084485674,1,1
51.084527292,1,0
51.084528566,0,0
51.084568428,0,1
51.084611028,0,0
51.084612372,1,0
51.084652148,1,1
51.084693760,1,0
51.084734882,1,1
51.084776494,1,0
51.084778050,0,0
51.084817626,0,1
51.084860226,0,0
51.084861846,1,0
51.084901340,1,1
51.084942948,1,0
51.084984074,1,1
51.085025696,1,0
51.085066820,1,1
51.085109908,1,0
51.085151032,1,1
51.085193630,1,0
51.085234750,1,1
51.085268014,0,1
51.085281292,0,0
51.085322426,0,1
51.085345670,1,1
51.085617198,0,1
51.085629000,0,0
51.085671598,0,1
51.085713208,0,0
51.085754330,0,1
51.085777572,1,1
51.085796928,1,0
51.085838048,1,1
51.085859496,0,1
51.085879672,0,0
51.085920802,0,1
51.085944042,1,1
51.085963400,1,0
51.086004526,1,1
51.086047132,1,0
51.086088260,1,1
51.086130864,1,0
51.086171994,1,1
51.086214596,1,0
51.086255714,1,1
51.086298312,1,0
51.086341892,1,1
51.086384490,1,0
51.086422656,1,1
51.086465260,1,0
51.086509830,1,1
51.086523710,1,0
51.086796806,0,0
51.087571712,0,1
51.087613240,0,0
51.087654380,0,1
51.087696990,0,0
51.087738134,0,1
51.087780748,0,0
51.087782592,1,0
51.087821878,1,1
51.087863498,1,0
51.087864798,0,0
51.087904636,0,1
51.087947240,0,0
51.087988382,0,1
51.088030990,0,0
51.088072130,0,1
51.088114734,0,0
51.088155880,0,1
51.088198488,0,0
51.088239628,0,1
51.088283716,0,0
51.088324856,0,1
51.088364014,0,0
51.088366210,1,0
51.088405148,1,1
51.088438418,0,1
51.088451700,0,0
51.088492838,0,1
51.088516084,1,1
51.088854782,0,1
51.088866602,0,0
51.088909274,0,1
51.088950956,0,0
51.088992154,0,1
51.089015436,1,1
51.089034824,1,0
51.089076022,1,1
51.089097500,0,1
51.089117712,0,0
51.089158914,0,1
51.089182200,1,1
51.089201590,1,0
51.089242786,1,1
51.089285464,1,0
51.089326662,1,1
51.089369338,1,0
51.089410536,1,1
51.089453210,1,0
51.089494404,1,1
51.089537078,1,0
51.089580744,1,1
51.089623418,1,0
51.089661654,1,1
51.089704332,1,0
51.089748982,1,1
51.089761922,1,0
51.089763170,1,1
51.090386200,0,1
51.090398024,0,0
51.090440704,0,1
51.090482394,0,0
51.090523600,0,1
51.090565288,0,0
51.090606490,0,1
51.090629774,1,1
51.090649166,1,0
51.090690364,1,1
51.090711844,0,1
51.090732054,0,0
51.090773254,0,1
51.090796532,1,1
51.090815924,1,0
51.090857120,1,1
51.090899798,1,0
51.090940990,1,1
51.090962470,0,1
51.090982680,0,0
51.091023882,0,1
51.091065568,0,0
51.091109238,0,1
51.091150930,0,0
51.091189174,0,1
51.091212454,1,1
51.091231842,1,0
51.091276494,1,1
51.091294676,1,0
51.098365168,1,1
51.101367360,0,1
51.101379186,0,0
51.101421874,0,1
51.101445156,1,1
51.101464550,1,0
51.101505756,1,1
51.101548438,1,0
51.101589638,1,1
51.101611122,0,1
51.101631338,0,0
51.101672550,0,1
51.101714244,0,0
51.101755454,0,1
51.101778740,1,1
51.101798134,1,0
51.101839340,1,1
51.101882018,1,0
51.101923224,1,1
51.101944708,0,1
51.101964922,0,0
51.102006130,0,1
51.102047826,0,0
51.102091500,0,1
51.102114784,1,1
51.102134180,1,0
51.102172432,1,1
51.102215110,1,0
51.102259768,1,1
51.102277094,1,0
51.106364420,1,1
51.178997516,0,1
51.179009340,0,0
51.179052030,0,1
51.179093728,0,0
51.179134946,0,1
51.179176648,0,0
51.179217868,0,1
51.179259570,0,0
51.179300784,0,1
51.179342482,0,0
51.179383698,0,1
51.179406986,1,1
51.179426380,1,0
51.179467592,1,1
51.179510280,1,0
51.179551490,1,1
51.179594174,1,0
51.179635382,1,1
51.179678064,1,0
51.179721736,1,1
51.179764424,1,0
51.179802670,1,1
51.179845354,1,0
51.179890020,1,1
51.183526598,0,1
51.183538426,0,0
51.183581118,0,1
51.183604404,1,1
51.183623796,1,0
51.183665004,1,1
51.183707688,1,0
51.183748896,1,1
51.183770378,0,1
51.183790594,0,0
51.183831808,0,1
51.183873506,0,0
51.183914718,0,1
51.183938010,1,1
51.183957404,1,0
51.183998616,1,1
51.184041296,1,0
51.184082510,1,1
51.184103992,0,1
51.184124210,0,0
51.184165424,0,1
51.184207124,0,0
51.184250808,0,1
51.184274094,1,1
51.184293490,1,0
51.184331742,1,1
51.184374424,1,0
51.184419082,1,1
51.192173310,1,0
51.194365236,1,1
51.196383292,0,1
51.196395120,0,0
51.196437816,0,1
51.196479512,0,0
51.196520728,0,1
51.196562428,0,0
51.196603646,0,1
51.196645346,0,0
51.196686568,0,1
51.196728274,0,0
51.196769492,0,1
51.196792780,1,1
51.196812176,1,0
51.196853388,1,1
51.196896078,1,0
51.196937292,1,1
51.196979978,1,0
51.197021190,1,1
51.197063876,1,0
51.197107552,1,1
51.197150244,1,0
51.197188498,1,1
51.197231186,1,0
51.197275846,1,1
51.200913544,0,1
51.200925368,0,0
51.200968060,0,1
51.201009760,0,0
51.201050976,0,1
51.201092676,0,0
51.201133894,0,1
51.201157182,1,1
51.201176578,1,0
51.201217788,1,1
51.201239274,0,1
51.201259492,0,0
51.201300708,0,1
51.201323996,1,1
51.201343392,1,0
51.201384602,1,1
51.201427290,1,0
51.201468500,1,1
51.201489984,0,1
51.201510200,0,0
51.201551414,0,1
51.201593112,0,0
51.201636792,0,1
51.201678494,0,0
51.201716748,0,1
51.201740036,1,1
51.201759430,1,0
51.201804098,1,1
51.209688104,1,0
51.210364932,1,1
51.226683410,1,0
51.226956646,0,0
51.227731904,0,1
51.227864606,0,0
51.227866328,1,0
51.227905824,1,1
51.227947530,1,0
51.227948578,0,0
51.227988756,0,1
51.228031448,0,0
51.228033426,1,0
51.228072668,1,1
51.228114374,1,0
51.228155596,1,1
51.228197294,1,0
51.228199176,0,0
51.228238518,0,1
51.228281210,0,0
51.228283002,1,0
51.228322428,1,1
51.228364130,1,0
51.228405346,1,1
51.228447048,1,0
51.228488262,1,1
51.228531446,1,0
51.228572660,1,1
51.228615344,1,0
51.228656560,1,1
51.228689886,0,1
51.228703194,0,0
51.228744420,0,1
51.228767720,1,1
51.229039856,0,1
51.229051684,0,0
51.229094378,0,1
51.229136076,0,0
51.229177296,0,1
51.229200586,1,1
51.229219980,1,0
51.229261192,1,1
51.229282678,0,1
51.229302896,0,0
51.229344118,0,1
51.229367408,1,1
51.229386804,1,0
51.229428022,1,1
51.229470710,1,0
51.229511922,1,1
51.229554614,1,0
51.229595828,1,1
51.229638514,1,0
51.229679726,1,1
51.229722412,1,0
51.229766096,1,1
51.229808782,1,0
51.229847034,1,1
51.229889720,1,0
51.229934370,1,1
51.229946608,1,0
51.230215830,0,0
51.230991102,0,1
51.231033656,0,0
51.231074888,0,1
51.231117582,0,0
51.231158818,0,1
51.231201514,0,0
51.231242746,0,1
51.231285442,0,0
51.231326670,0,1
51.231369360,0,0
51.231410590,0,1
51.231453286,0,0
51.231494518,0,1
51.231537214,0,0
51.231578446,0,1
51.231621140,0,0
51.231662370,0,1
51.231706548,0,0
51.231708440,1,0
51.231747770,1,1
51.231790464,1,0
51.231831682,1,1
51.231865014,0,1
51.231878324,0,0
51.231919550,0,1
51.231942848,1,1
51.232286332,0,1
51.232298142,0,0
51.232340772,0,1
51.232382410,0,0
51.232423556,0,1
51.232446808,1,1
51.232466176,1,0
51.232507320,1,1
51.232528770,0,1
51.232548956,0,0
51.232590106,0,1
51.232613354,1,1
51.232632720,1,0
51.232673858,1,1
51.232716480,1,0
51.232757620,1,1
51.232800236,1,0
51.232841378,1,1
51.232883994,1,0
51.232925136,1,1
51.232967752,1,0
51.233011354,1,1
51.233053970,1,0
51.233092152,1,1
51.233134774,1,0
51.233179360,1,1
51.233193474,1,0
51.233194722,1,1
51.243107158,0,1
51.243118964,0,0
51.243161580,0,1
51.243203204,0,0
51.243244342,0,1
51.243285966,0,0
51.243327106,0,1
51.243350352,1,1
51.243369714,1,0
51.243410842,1,1
51.243432288,0,1
51.243452468,0,0
51.243493602,0,1
51.243516844,1,1
51.243536204,1,0
51.243577340,1,1
51.243619950,1,0
51.243661088,1,1
51.243682534,0,1
51.243702718,0,0
51.243743858,0,1
51.243785480,0,0
51.243829076,0,1
51.243870702,0,0
51.243908884,0,1
51.243932128,1,1
51.243951490,1,0
51.243996072,1,1
51.244014358,1,0
51.250364656,1,1
51.254072398,0,1
51.254084200,0,0
51.254126800,0,1
51.254150046,1,1
51.254169408,1,0
51.254210550,1,1
51.254253156,1,0
51.254294286,1,1
51.254315732,0,1
51.254335912,0,0
51.254377050,0,1
51.254418674,0,0
51.254459810,0,1
51.254483056,1,1
51.254502416,1,0
51.254543548,1,1
51.254586158,1,0
51.254627288,1,1
51.254648736,0,1
51.254668914,0,0
51.254710050,0,1
51.254751676,0,0
51.254795280,0,1
51.254818524,1,1
51.254837884,1,0
51.254876062,1,1
51.254918670,1,0
51.254963250,1,1
51.254981462,1,0
51.258363384,1,1
51.326197614,0,1
51.326209418,0,0
51.326252032,0,1
51.326293666,0,0
51.326334802,0,1
51.326376426,0,0
51.326417560,0,1
51.326459180,0,0
51.326500310,0,1
51.326541928,0,0
51.326583056,0,1
51.326606298,1,1
51.326625658,1,0
51.326666784,1,1
51.326709388,1,0
51.326750510,1,1
51.326793114,1,0
51.326834240,1,1
51.326876842,1,0
51.326920430,1,1
51.326963032,1,0
51.327001198,1,1
51.327043800,1,0
51.327088372,1,1
51.330717718,0,1
51.330729522,0,0
51.330772128,0,1
51.330795368,1,1
51.330814724,1,0
51.330855850,1,1
51.330898452,1,0
51.330939578,1,1
51.330961020,0,1
51.330981196,0,0
51.331022322,0,1
51.331063936,0,0
51.331105058,0,1
51.331128298,1,1
51.331147660,1,0
51.331188788,1,1
51.331231392,1,0
51.331272518,1,1
51.331293964,0,1
51.331314140,0,0
51.331355268,0,1
51.331396886,0,0
51.331440478,0,1
51.331463716,1,1
51.331483076,1,0
51.331521244,1,1
51.331563848,1,0
51.331608414,1,1
51.339453632,1,0
51.346364056,1,1
51.346399080,0,1
51.346410884,0,0
51.346453494,0,1
51.346495118,0,0
51.346536248,0,1
51.346577866,0,0
51.346619000,0,1
51.346660616,0,0
51.346701746,0,1
51.346743370,0,0
51.346784498,0,1
51.346807738,1,1
51.346827096,1,0
51.346868222,1,1
51.346910826,1,0
51.346951952,1,1
51.346994556,1,0
51.347035682,1,1
51.347078282,1,0
51.347121870,1,1
51.347164484,1,0
51.347202652,1,1
51.347245248,1,0
51.347289818,1,1
51.350920132,0,1
51.350931936,0,0
51.350974538,0,1
51.351016152,0,0
51.351057284,0,1
51.351098900,0,0
51.351140028,0,1
51.351163272,1,1
51.351182632,1,0
51.351223760,1,1
51.351245204,0,1
51.351265380,0,0
51.351306510,0,1
51.351329752,1,1
51.351349110,1,0
51.351390234,1,1
51.351432838,1,0
51.351473964,1,1
51.351495408,0,1
51.351515582,0,0
51.351556708,0,1
51.351598328,0,0
51.351641920,0,1
51.351683538,0,0
51.351721714,0,1
51.351744954,1,1
51.351764312,1,0
51.351808880,1,1
51.360043714,1,0
51.362371392,1,1
51.378061838,1,0
51.378334942,0,0
51.379109932,0,1
51.379241898,0,0
51.379243320,1,0
51.379283028,1,1
51.379324642,1,0
51.379326554,0,0
51.379365778,0,1
51.379408384,0,0
51.379410386,1,0
51.379449510,1,1
51.379491130,1,0
51.379532256,1,1
51.379573870,1,0
51.379575120,0,0
51.379615004,0,1
51.379657604,0,0
51.379658930,1,0
51.379698732,1,1
51.379740346,1,0
51.379781472,1,1
51.379823086,1,0
51.379864208,1,1
51.379907302,1,0
51.379948426,1,1
51.379991022,1,0
51.380032142,1,1
51.380065402,0,1
51.380078678,0,0
51.380119796,0,1
51.380143034,1,1
51.380414476,0,1
51.380426274,0,0
51.380468858,0,1
51.380510456,0,0
51.380551566,0,1
51.380574798,1,1
51.380594150,1,0
51.380635254,1,1
51.380656694,0,1
51.380676868,0,0
51.380717990,0,1
51.380741228,1,1
51.380760584,1,0
51.380801704,1,1
51.380844304,1,0
51.380885424,1,1
51.380928026,1,0
51.380969152,1,1
51.381011748,1,0
51.381052866,1,1
51.381095468,1,0
51.381139056,1,1
51.381181660,1,0
51.381219830,1,1
51.381262432,1,0
51.381306998,1,1
51.381319780,1,0
51.381592944,0,0
51.382367908,0,1
51.382412858,0,0
51.382454004,0,1
51.382496610,0,0
51.382537756,0,1
51.382580362,0,0
51.382581826,1,0
51.382621494,1,1
51.382663116,1,0
51.382665058,0,0
51.382704258,0,1
51.382746860,0,0
51.382788002,0,1
51.382830608,0,0
51.382871746,0,1
51.382914354,0,0
51.382955492,0,1
51.382998090,0,0
51.383039222,0,1
51.383083312,0,0
51.383124462,0,1
51.383163626,0,0
51.383165562,1,0
51.383204758,1,1
51.383238024,0,1
51.383251306,0,0
51.383292440,0,1
51.383315686,1,1
51.383654400,0,1
51.383666220,0,0
51.383708896,0,1
51.383750580,0,0
51.383791782,0,1
51.383815058,1,1
51.383834450,1,0
51.383875646,1,1
51.383897124,0,1
51.383917334,0,0
51.383958538,0,1
51.383981818,1,1
51.384001208,1,0
51.384042406,1,1
51.384085086,1,0
51.384126288,1,1
51.384168968,1,0
51.384210168,1,1
51.384252848,1,0
51.384294048,1,1
51.384336724,1,0
51.384380394,1,1
51.384423068,1,0
51.384461308,1,1
51.384503984,1,0
51.384548634,1,1
51.384562502,1,0
51.384563760,1,1
51.400053844,0,1
51.400065670,0,0
51.400108358,0,1
51.400150056,0,0
51.400191266,0,1
51.400232964,0,0
51.400274178,0,1
51.400297464,1,1
51.400316856,1,0
51.400358062,1,1
51.400379546,0,1
51.400399760,0,0
51.400440968,0,1
51.400464252,1,1
51.400483644,1,0
51.400524852,1,1
51.400567532,1,0
51.400608740,1,1
51.400630224,0,1
51.400650438,0,0
51.400691642,0,1
51.400733334,0,0
51.400777010,0,1
51.400818706,0,0
51.400856958,0,1
51.400880248,1,1
51.400899644,1,0
51.400944306,1,1
51.400962292,1,0
51.402364582,1,1
51.408279930,0,1
51.408291756,0,0
51.408334448,0,1
51.408357736,1,1
51.408377128,1,0
51.408418330,1,1
51.408461014,1,0
51.408502222,1,1
51.408523704,0,1
51.408543920,0,0
51.408585130,0,1
51.408626828,0,0
51.408668036,0,1
51.408691322,1,1
51.408710712,1,0
51.408751918,1,1
51.408794600,1,0
51.408835804,1,1
51.408857290,0,1
51.408877508,0,0
51.408918718,0,1
51.408960414,0,0
51.409004096,0,1
51.409027382,1,1
51.409046774,1,0
51.409085020,1,1
51.409127706,1,0
51.409172370,1,1
51.409190750,1,0
51.410363516,1,1
51.475125120,0,1
51.475136948,0,0
51.475179644,0,1
51.475221342,0,0
51.475262558,0,1
51.475304258,0,0
51.475345474,0,1
51.475387172,0,0
51.475428384,0,1
51.475470084,0,0
51.475511298,0,1
51.475534584,1,1
51.475553978,1,0
51.475595194,1,1
51.475637878,1,0
51.475679084,1,1
51.475721774,1,0
51.475762984,1,1
51.475805664,1,0
51.475849340,1,1
51.475892020,1,0
51.475930264,1,1
51.475972950,1,0
51.476017616,1,1
51.479654508,0,1
51.479666334,0,0
51.479709030,0,1
51.479732318,1,1
51.479751712,1,0
51.479792928,1,1
51.479835616,1,0
51.479876828,1,1
51.479898314,0,1
51.479918532,0,0
51.479959746,0,1
51.480001446,0,0
51.480042664,0,1
51.480065954,1,1
51.480085350,1,0
51.480126560,1,1
51.480169252,1,0
51.480210466,1,1
51.480231950,0,1
51.480252168,0,0
51.480293388,0,1
51.480335090,0,0
51.480378776,0,1
51.480402066,1,1
51.480421462,1,0
51.480459716,1,1
51.480502404,1,0
51.480547074,1,1
51.487809102,1,0
51.490363834,1,1
51.497672108,0,1
51.497683938,0,0
51.497726646,0,1
51.497768358,0,0
51.497809584,0,1
51.497851294,0,0
51.497892514,0,1
51.497934216,0,0
51.497975436,0,1
51.498017138,0,0
51.498058356,0,1
51.498081646,1,1
51.498101040,1,0
51.498142260,1,1
51.498184950,1,0
51.498226162,1,1
51.498268856,1,0
51.498310078,1,1
51.498352772,1,0
51.498396458,1,1
51.498439148,1,0
51.498477400,1,1
51.498520090,1,0
51.498564762,1,1
51.502202782,0,1
51.502214610,0,0
51.502257308,0,1
51.502299014,0,0
51.502340238,0,1
51.502381942,0,0
51.502423166,0,1
51.502446456,1,1
51.502465856,1,0
51.502507074,1,1
51.502528558,0,1
51.502548776,0,0
51.502590000,0,1
51.502613290,1,1
51.502632688,1,0
51.502673902,1,1
51.502716596,1,0
51.502757812,1,1
51.502779300,0,1
51.502799518,0,0
51.502840738,0,1
51.502882442,0,0
51.502926126,0,1
51.502967834,0,0
51.503006098,0,1
51.503029388,1,1
51.503048782,1,0
51.503093452,1,1
51.510477722,1,0
51.514371142,1,1
51.530561268,1,0
51.530834538,0,0
51.531609874,0,1
51.531720892,0,0
51.531723176,1,0
51.531762110,1,1
51.531803820,1,0
51.531805430,0,0
51.531845052,0,1
51.531887742,0,0
51.531889274,1,0
51.531928964,1,1
51.531970668,1,0
51.532011886,1,1
51.532053580,1,0
51.532055042,0,0
51.532094792,0,1
51.532137486,0,0
51.532138886,1,0
51.532178718,1,1
51.532220424,1,0
51.532261640,1,1
51.532303342,1,0
51.532344556,1,1
51.532387740,1,0
51.532428954,1,1
51.532471646,1,0
51.532512864,1,1
51.532546196,0,1
51.532559504,0,0
51.532600732,0,1
51.532624028,1,1
51.532896154,0,1
51.532907982,0,0
51.532950684,0,1
51.532992392,0,0
51.533033618,0,1
51.533056904,1,1
51.533076302,1,0
51.533117516,1,1
51.533139006,0,1
51.533159226,0,0
51.533200446,0,1
51.533223736,1,1
51.533243132,1,0
51.533284350,1,1
51.533327040,1,0
51.533368256,1,1
51.533410952,1,0
51.533452168,1,1
51.533494858,1,0
51.533536074,1,1
51.533578760,1,0
51.533622442,1,1
51.533665134,1,0
51.533703388,1,1
51.533746074,1,0
51.533790744,1,1
51.533804850,1,0
51.534078122,0,0
51.534853596,0,1
51.534898978,0,0
51.534940210,0,1
51.534982910,0,0
51.535024142,0,1
51.535066836,0,0
51.535108068,0,1
51.535150768,0,0
51.535192000,0,1
51.535234698,0,0
51.535275930,0,1
51.535318624,0,0
51.535359856,0,1
51.535402550,0,0
51.535443780,0,1
51.535486474,0,0
51.535527704,0,1
51.535571878,0,0
51.535574122,1,0
51.535613100,1,1
51.535655794,1,0
51.535697008,1,1
51.535730344,0,1
51.535743654,0,0
51.535784882,0,1
51.535808176,1,1
51.536151656,0,1
51.536163466,0,0
51.536206092,0,1
51.536247728,0,0
51.536288880,0,1
51.536312130,1,1
51.536331494,1,0
51.536372636,1,1
51.536394090,0,1
51.536414274,0,0
51.536455420,0,1
51.536478668,1,1
51.536498030,1,0
51.536539176,1,1
51.536581790,1,0
51.536622930,1,1
51.536665544,1,0
51.536706682,1,1
51.536749298,1,0
51.536790438,1,1
51.536833056,1,0
51.536876658,1,1
51.536919274,1,0
51.536957460,1,1
51.537000072,1,0
51.537044656,1,1
51.537056374,1,0
51.537057630,1,1
51.557551728,0,1
51.557563534,0,0
51.557606148,0,1
51.557647774,0,0
51.557688910,0,1
51.557730536,0,0
51.557771674,0,1
51.557794918,1,1
51.557814280,1,0
51.557855410,1,1
51.557876856,0,1
51.557897036,0,0
51.557938174,0,1
51.557961416,1,1
51.557980778,1,0
51.558021912,1,1
51.558064528,1,0
51.558105660,1,1
51.558127112,0,1
51.558147296,0,0
51.558188436,0,1
51.558230060,0,0
51.558273660,0,1
51.558315288,0,0
51.558353470,0,1
51.558376718,1,1
51.558396078,1,0
51.558440664,1,1
51.558458848,1,0
51.562363444,1,1
51.642800472,0,1
51.642812290,0,0
51.642854956,0,1
51.642896628,0,0
51.642937812,0,1
51.642979486,0,0
51.643020668,0,1
51.643062340,0,0
51.643103526,0,1
51.643145196,0,0
51.643186380,0,1
51.643209652,1,1
51.643229032,1,0
51.643270214,1,1
51.643312870,1,0
51.643354056,1,1
51.643396716,1,0
51.643437898,1,1
51.643480554,1,0
51.643524202,1,1
51.643566858,1,0
51.643605078,1,1
51.643647734,1,0
51.643692364,1,1
51.647327060,0,1
51.647338876,0,0
51.647381526,0,1
51.647423192,0,0
51.647464374,0,1
51.647506038,0,0
51.647547220,0,1
51.647570488,1,1
51.647589868,1,0
51.647631042,1,1
51.647652510,0,1
51.647672710,0,0
51.647713890,0,1
51.647737158,1,1
51.647756536,1,0
51.647797710,1,1
51.647840362,1,0
51.647881534,1,1
51.647903004,0,1
51.647923204,0,0
51.647964386,0,1
51.648006048,0,0
51.648049692,0,1
51.648091358,0,0
51.648129578,0,1
51.648152848,1,1
51.648172228,1,0
51.648216860,1,1
51.655743400,1,0
51.658364160,1,1
51.674794308,1,0
51.675067478,0,0
51.675842646,0,1
51.675975668,0,0
51.675977070,1,0
51.676016814,1,1
51.676058448,1,0
51.676060322,0,0
51.676099600,0,1
51.676142222,0,0
51.676144158,1,0
51.676183364,1,1
51.676225002,1,0
51.676266156,1,1
51.676307794,1,0
51.676308906,0,0
51.676348948,0,1
51.676391582,0,0
51.676393748,1,0
51.676432740,1,1
51.676474380,1,0
51.676515526,1,1
51.676557158,1,0
51.676598296,1,1
51.676641404,1,0
51.676682544,1,1
51.676725156,1,0
51.676766302,1,1
51.676799576,0,1
51.676812862,0,0
51.676854006,0,1
51.676877254,1,1
51.677148864,0,1
51.677160672,0,0
51.677203290,0,1
51.677244916,0,0
51.677286054,0,1
51.677309302,1,1
51.677328668,1,0
51.677369808,1,1
51.677391260,0,1
51.677411444,0,0
51.677452586,0,1
51.677475832,1,1
51.677495196,1,0
51.677536332,1,1
51.677578950,1,0
51.677620084,1,1
51.677662698,1,0
51.677703834,1,1
51.677746450,1,0
51.677787588,1,1
51.677830206,1,0
51.677873806,1,1
51.677916426,1,0
51.677954612,1,1
51.677997232,1,0
51.678041820,1,1
51.678056996,1,0
51.678326136,0,0
51.679101272,0,1
51.679147860,0,0
51.679189000,0,1
51.679231606,0,0
51.679272744,0,1
51.679315348,0,0
51.679317206,1,0
51.679356480,1,1
51.679398110,1,0
51.679399450,0,0
51.679439262,0,1
51.679481882,0,0
51.679523036,0,1
51.679565662,0,0
51.679606816,0,1
51.679649434,0,0
51.679690580,0,1
51.679733196,0,0
51.679774340,0,1
51.679818432,0,0
51.679859574,0,1
51.679898740,0,0
51.679901054,1,0
51.679939876,1,1
51.679973148,0,1
51.679986432,0,0
51.680027560,0,1
51.680050802,1,1
51.680389532,0,1
51.680401356,0,0
51.680444046,0,1
51.680485746,0,0
51.680526962,0,1
51.680550248,1,1
51.680569648,1,0
51.680610864,1,1
51.680632354,0,1
51.680652576,0,0
51.680693796,0,1
51.680717086,1,1
51.680736488,1,0
51.680777710,1,1
51.680820402,1,0
51.680861620,1,1
51.680904314,1,0
51.680945532,1,1
51.680988226,1,0
51.681029442,1,1
51.681072134,1,0
51.681115810,1,1
51.681158490,1,0
51.681196742,1,1
51.681239446,1,0
51.681284112,1,1
51.681296236,1,0
51.681297492,1,1
51.707176086,0,1
51.707187928,0,0
51.707230676,0,1
51.707272422,0,0
51.707313686,0,1
51.707355432,0,0
51.707396696,0,1
51.707420014,1,1
51.707439430,1,0
51.707480694,1,1
51.707502202,0,1
51.707522444,0,0
51.707563708,0,1
51.707587026,1,1
51.707606442,1,0
51.707647702,1,1
51.707690440,1,0
51.707731702,1,1
51.707753212,0,1
51.707773452,0,0
51.707814714,0,1
51.707856462,0,0
51.707900198,0,1
51.707941946,0,0
51.707980246,0,1
51.708003562,1,1
51.708022978,1,0
51.708067702,1,1
51.708085928,1,0
51.714362708,1,1
51.795300190,0,1
51.795312032,0,0
51.795354778,0,1
51.795396530,0,0
51.795437800,0,1
51.795479550,0,0
51.795520822,0,1
51.795562572,0,0
51.795603838,0,1
51.795645586,0,0
51.795686860,0,1
51.795710178,1,1
51.795729600,1,0
51.795770872,1,1
51.795813618,1,0
51.795854888,1,1
51.795897634,1,0
51.795938904,1,1
51.795981642,1,0
51.796025378,1,1
51.796068122,1,0
51.796106424,1,1
51.796149166,1,0
51.796193898,1,1
51.799836318,0,1
51.799848162,0,0
51.799890914,0,1
51.799932666,0,0
51.799973938,0,1
51.800015690,0,0
51.800056960,0,1
51.800080276,1,1
51.800099694,1,0
51.800140960,1,1
51.800162474,0,1
51.800182716,0,0
51.800223982,0,1
51.800247302,1,1
51.800266720,1,0
51.800307988,1,1
51.800350728,1,0
51.800391992,1,1
51.800413504,0,1
51.800433746,0,0
51.800475012,0,1
51.800516766,0,0
51.800560510,0,1
51.800602258,0,0
51.800640566,0,1
51.800663884,1,1
51.800683302,1,0
51.800728022,1,1
51.808274412,1,0
51.810362798,1,1
51.826305174,1,0
51.826309180,0,0
51.827354018,0,1
51.827609278,0,0
51.827611364,1,0
51.827650536,1,1
51.827692272,1,0
51.827693634,0,0
51.827733548,0,1
51.827776280,0,0
51.827778520,1,0
51.827817536,1,1
51.827859266,1,0
51.827900522,1,1
51.827942258,1,0
51.827944310,0,0
51.827983522,0,1
51.828026252,0,0
51.828028182,1,0
51.828067502,1,1
51.828109244,1,0
51.828150518,1,1
51.828192260,1,0
51.828233516,1,1
51.828276758,1,0
51.828318016,1,1
51.828360744,1,0
51.828402016,1,1
51.828435380,0,1
51.828448698,0,0
51.828489954,0,1
51.828513264,1,1
51.828785572,0,1
51.828797412,0,0
51.828840142,0,1
51.828881866,0,0
51.828923112,0,1
51.828946418,1,1
51.828965826,1,0
51.829007066,1,1
51.829028564,0,1
51.829048802,0,0
51.829090058,0,1
51.829113366,1,1
51.829132774,1,0
51.829174020,1,1
51.829216742,1,0
51.829257990,1,1
51.829300706,1,0
51.829341948,1,1
51.829384664,1,0
51.829425906,1,1
51.829468628,1,0
51.829512340,1,1
51.829555072,1,0
51.829593376,1,1
51.829636104,1,0
51.829680808,1,1
51.829694304,1,0
51.829967550,0,0
51.830742998,0,1
51.830790020,0,0
51.830831296,0,1
51.830874044,0,0
51.830915314,0,1
51.830958044,0,0
51.830999304,0,1
51.831042026,0,0
51.831083294,0,1
51.831126014,0,0
51.831167270,0,1
51.831209994,0,0
51.831251250,0,1
51.831293972,0,0
51.831335232,0,1
51.831377952,0,0
51.831419210,0,1
51.831463416,0,0
51.831465620,1,0
51.831504662,1,1
51.831547384,1,0
51.831588634,1,1
51.831621984,0,1
51.831635302,0,0
51.831676544,0,1
51.831699848,1,1
51.832043562,0,1
51.832055378,0,0
51.832098038,0,1
51.832139706,0,0
51.832180886,0,1
51.832204152,1,1
51.832223528,1,0
51.832264712,1,1
51.832286192,0,1
51.832306404,0,0
51.832347596,0,1
51.832370866,1,1
51.832390248,1,0
51.832431440,1,1
51.832474104,1,0
51.832515278,1,1
51.832557950,1,0
51.832599142,1,1
51.832641796,1,0
51.832682976,1,1
51.832725624,1,0
51.832769256,1,1
51.832811904,1,0
51.832850136,1,1
51.832892788,1,0
51.832937418,1,1
51.832949988,1,0
51.832951240,1,1
51.861456828,0,1
51.861468640,0,0
51.861511286,0,1
51.861552936,0,0
51.861594102,0,1
51.861635754,0,0
51.861676900,0,1
51.861700148,1,1
51.861719512,1,0
51.861760650,1,1
51.861782100,0,1
51.861802284,0,0
51.861843428,0,1
51.861866674,1,1
51.861886036,1,0
51.861927168,1,1
51.861969782,1,0
51.862010914,1,1
51.862032362,0,1
51.862052544,0,0
51.862093680,0,1
51.862135310,0,0
51.862178922,0,1
51.862220584,0,0
51.862258818,0,1
51.862282094,1,1
51.862301484,1,0
51.862346130,1,1
51.862364566,1,0
51.866363308,1,1
51.947139966,1,0
51.947143970,0,0
51.948188126,0,1
51.948521116,0,0
51.948522770,1,0
51.948562252,1,1
51.948603876,1,0
51.948604984,0,0
51.948645020,0,1
51.948687630,0,0
51.948689794,1,0
51.948728764,1,1
51.948770388,1,0
51.948811516,1,1
51.948853138,1,0
51.948854476,0,0
51.948894280,0,1
51.948936888,0,0
51.948938284,1,0
51.948978018,1,1
51.949019640,1,0
51.949060772,1,1
51.949102388,1,0
51.949143518,1,1
51.949186616,1,0
51.949227744,1,1
51.949270346,1,0
51.949311474,1,1
51.949344738,0,1
51.949358020,0,0
51.949399150,0,1
51.949422394,1,1
51.949693936,0,1
51.949705740,0,0
51.949748346,0,1
51.949789962,0,0
51.949831092,0,1
51.949854334,1,1
51.949873692,1,0
51.949914818,1,1
51.949936268,0,1
51.949956444,0,0
51.949997570,0,1
51.950020812,1,1
51.950040172,1,0
51.950081300,1,1
51.950123902,1,0
51.950165030,1,1
51.950207634,1,0
51.950248760,1,1
51.950291366,1,0
51.950332494,1,1
51.950375098,1,0
51.950418686,1,1
51.950461292,1,0
51.950499460,1,1
51.950542062,1,0
51.950586636,1,1
51.950598944,1,0
51.950872044,0,0
51.951647010,0,1
51.951692562,0,0
51.951733706,0,1
51.951776320,0,0
51.951817466,0,1
51.951860078,0,0
51.951861904,1,0
51.951901212,1,1
51.951942836,1,0
51.951944112,0,0
51.951983974,0,1
51.952026580,0,0
51.952067718,0,1
51.952110326,0,0
51.952151472,0,1
51.952194084,0,0
51.952235228,0,1
51.952277840,0,0
51.952318986,0,1
51.952363074,0,0
51.952404218,0,1
51.952443382,0,0
51.952445594,1,0
51.952484514,1,1
51.952517784,0,1
51.952531066,0,0
51.952572202,0,1
51.952595444,1,1
51.952934168,0,1
51.952945990,0,0
51.952988668,0,1
51.953030354,0,0
51.953071558,0,1
51.953094842,1,1
51.953114230,1,0
51.953155432,1,1
51.953176914,0,1
51.953197128,0,0
51.953238336,0,1
51.953261618,1,1
51.953281010,1,0
51.953322214,1,1
51.953364892,1,0
51.953406094,1,1
51.953448772,1,0
51.953489974,1,1
51.953532652,1,0
51.953573856,1,1
51.953616534,1,0
51.953660206,1,1
51.953702884,1,0
51.953741130,1,1
51.953783806,1,0
51.953828464,1,1
51.953841494,1,0
51.953842744,1,1
51.962818020,0,1
51.962829846,0,0
51.962872532,0,1
51.962914226,0,0
51.962955436,0,1
51.962997130,0,0
51.963038340,0,1
51.963080036,0,0
51.963121246,0,1
51.963162946,0,0
51.963204158,0,1
51.963227442,1,1
51.963246836,1,0
51.963288044,1,1
51.963330728,1,0
51.963371930,1,1
51.963414612,1,0
51.963455820,1,1
51.963498500,1,0
51.963542176,1,1
51.963584858,1,0
51.963623102,1,1
51.963665782,1,0
51.963710440,1,1
51.967347810,0,1
51.967359634,0,0
51.967402320,0,1
51.967444014,0,0
51.967485226,0,1
51.967526918,0,0
51.967568128,0,1
51.967591414,1,1
51.967610808,1,0
51.967652020,1,1
51.967673504,0,1
51.967693722,0,0
51.967734936,0,1
51.967758222,1,1
51.967777614,1,0
51.967818822,1,1
51.967861504,1,0
51.967902712,1,1
51.967924194,0,1
51.967944410,0,0
51.967985620,0,1
51.968027316,0,0
51.968070996,0,1
51.968112690,0,0
51.968150950,0,1
51.968174236,1,1
51.968193632,1,0
51.968238294,1,1
51.976184346,1,0
51.978362114,1,1
52.026486196,0,1
52.026498024,0,0
52.026540722,0,1
52.026582420,0,0
52.026623638,0,1
52.026665336,0,0
52.026706552,0,1
52.026729844,1,1
52.026749242,1,0
52.026790458,1,1
52.026811942,0,1
52.026832158,0,0
52.026873386,0,1
52.026896686,1,1
52.026916090,1,0
52.026957326,1,1
52.027000030,1,0
52.027041250,1,1
52.027062736,0,1
52.027082954,0,0
52.027124176,0,1
52.027165886,0,0
52.027209574,0,1
52.027251280,0,0
52.027289540,0,1
52.027312830,1,1
52.027332228,1,0
52.027376898,1,1
52.027395018,1,0
52.034362004,1,1
52.107128270,1,0
52.107401436,0,0
52.108176552,0,1
52.108983832,0,0
52.108985486,1,0
52.109025050,1,1
52.109066762,1,0
52.109068724,0,0
52.109107992,0,1
52.109150692,0,0
52.109152550,1,0
52.109191918,1,1
52.109233622,1,0
52.109274842,1,1
52.109316546,1,0
52.109318288,0,0
52.109357774,0,1
52.109400466,0,0
52.109402134,1,0
52.109441690,1,1
52.109483398,1,0
52.109524618,1,1
52.109566324,1,0
52.109607540,1,1
52.109650724,1,0
52.109691944,1,1
52.109734634,1,0
52.109775852,1,1
52.109809182,0,1
52.109822492,0,0
52.109863714,0,1
52.109887000,1,1
52.110159116,0,1
52.110170946,0,0
52.110213650,0,1
52.110255358,0,0
52.110296582,0,1
52.110319874,1,1
52.110339270,1,0
52.110380490,1,1
52.110401980,0,1
52.110422200,0,0
52.110463424,0,1
52.110486716,1,1
52.110506114,1,0
52.110547334,1,1
52.110590026,1,0
52.110631248,1,1
52.110673942,1,0
52.110715162,1,1
52.110757860,1,0
52.110799080,1,1
52.110841774,1,0
52.110885462,1,1
52.110928158,1,0
52.110966412,1,1
52.111009106,1,0
52.111053782,1,1
52.111067686,1,0
52.111336886,0,0
52.112112148,0,1
52.112153178,0,0
52.112194418,0,1
52.112237114,0,0
52.112278352,0,1
52.112321048,0,0
52.112362284,0,1
52.112404982,0,0
52.112446216,0,1
52.112488918,0,0
52.112530154,0,1
52.112572854,0,0
52.112614086,0,1
52.112656782,0,0
52.112698016,0,1
52.112740710,0,0
52.112781942,0,1
52.112826118,0,0
52.112827530,1,0
52.112867340,1,1
52.112910034,1,0
52.112951250,1,1
52.112984584,0,1
52.112997894,0,0
52.113039116,0,1
52.113062406,1,1
52.113405914,0,1
52.113417724,0,0
52.113460350,0,1
52.113501988,0,0
52.113543136,0,1
52.113566388,1,1
52.113585752,1,0
52.113626898,1,1
52.113648350,0,1
52.113668536,0,0
52.113709686,0,1
52.113732940,1,1
52.113752304,1,0
52.113793446,1,1
52.113793450,1,0
52.113793452,1,1
52.113836068,1,0
52.113877212,1,1
52.113919828,1,0
52.113960970,1,1
52.114003584,1,0
52.114044728,1,1
52.114087346,1,0
52.114130952,1,1
52.114173572,1,0
52.114211758,1,1
52.114254376,1,0
52.114298972,1,1
52.114314224,1,0
52.114315480,1,1
52.149602582,0,1
52.149614388,0,0
52.149657002,0,1
52.149698626,0,0
52.149739764,0,1
52.149781388,0,0
52.149822526,0,1
52.149864150,0,0
52.149905286,0,1
52.149946912,0,0
52.149988048,0,1
52.150011296,1,1
52.150030656,1,0
52.150071790,1,1
52.150114398,1,0
52.150155532,1,1
52.150198140,1,0
52.150239276,1,1
52.150281888,1,0
52.150325486,1,1
52.150368100,1,0
52.150406280,1,1
52.150448892,1,0
52.150493476,1,1
52.154124386,0,1
52.154136194,0,0
52.154178808,0,1
52.154220426,0,0
52.154261564,0,1
52.154303194,0,0
52.154344336,0,1
52.154367584,1,1
52.154386948,1,0
52.154428088,1,1
52.154449536,0,1
52.154469716,0,0
52.154510852,0,1
52.154534098,1,1
52.154553462,1,0
52.154594598,1,1
52.154637206,1,0
52.154678344,1,1
52.154699788,0,1
52.154719968,0,0
52.154761108,0,1
52.154802732,0,0
52.154846336,0,1
52.154887958,0,0
52.154926144,0,1
52.154949388,1,1
52.154968748,1,0
52.155013328,1,1
52.162635004,1,0
52.170361988,1,1
52.175847780,0,1
52.175859582,0,0
52.175902186,0,1
52.175943806,0,0
52.175984936,0,1
52.176026558,0,0
52.176067694,0,1
52.176090936,1,1
52.176110294,1,0
52.176151426,1,1
52.176172870,0,1
52.176193048,0,0
52.176234180,0,1
52.176257422,1,1
52.176276780,1,0
52.176317914,1,1
52.176360518,1,0
52.176401644,1,1
52.176423088,0,1
52.176443266,0,0
52.176484394,0,1
52.176526008,0,0
52.176569602,0,1
52.176611218,0,0
52.176649394,0,1
52.176672636,1,1
52.176691996,1,0
52.176736576,1,1
52.176754580,1,0
52.178361494,1,1
52.195184236,0,1
52.195196040,0,0
52.195238648,0,1
52.195261890,1,1
52.195281250,1,0
52.195322380,1,1
52.195364986,1,0
52.195406116,1,1
52.195427562,0,1
52.195447740,0,0
52.195488876,0,1
52.195530498,0,0
52.195571636,0,1
52.195594880,1,1
52.195614238,1,0
52.195655368,1,1
52.195697978,1,0
52.195739106,1,1
52.195760552,0,1
52.195780732,0,0
52.195821866,0,1
52.195863490,0,0
52.195907084,0,1
52.195930324,1,1
52.195949684,1,0
52.195987856,1,1
52.196030462,1,0
52.196075040,1,1
52.196093548,1,0
52.202361372,1,1
52.251513648,0,1
52.251525452,0,0
52.251568060,0,1
52.251609674,0,0
52.251650806,0,1
52.251692426,0,0
52.251733556,0,1
52.251775174,0,0
52.251816306,0,1
52.251857926,0,0
52.251899058,0,1
52.251922300,1,1
52.251941660,1,0
52.251982788,1,1
52.252025392,1,0
52.252066516,1,1
52.252109122,1,0
52.252150250,1,1
52.252192854,1,0
52.252236444,1,1
52.252279048,1,0
52.252317224,1,1
52.252359828,1,0
52.252404400,1,1
52.256034848,0,1
52.256046650,0,0
52.256089254,0,1
52.256130872,0,0
52.256172004,0,1
52.256213622,0,0
52.256254754,0,1
52.256277996,1,1
52.256297356,1,0
52.256338482,1,1
52.256359928,0,1
52.256380106,0,0
52.256421236,0,1
52.256444474,1,1
52.256463832,1,0
52.256504958,1,1
52.256547558,1,0
52.256588678,1,1
52.256610122,0,1
52.256630298,0,0
52.256671428,0,1
52.256713042,0,0
52.256756636,0,1
52.256798254,0,0
52.256836430,0,1
52.256859668,1,1
52.256879028,1,0
52.256923604,1,1
52.264569672,1,0
52.266368744,1,1
52.282584444,1,0
52.282857546,0,0
52.283632360,0,1
52.283737476,0,0
52.283739546,1,0
52.283778604,1,1
52.283820224,1,0
52.283821746,0,0
52.283861360,0,1
52.283903964,0,0
52.283905536,1,0
52.283945092,1,1
52.283986706,1,0
52.284027832,1,1
52.284069448,1,0
52.284071208,0,0
52.284110580,0,1
52.284153182,0,0
52.284155002,1,0
52.284194308,1,1
52.284235926,1,0
52.284277052,1,1
52.284318670,1,0
52.284359790,1,1
52.284402882,1,0
52.284444002,1,1
52.284444006,1,0
52.284444010,1,1
52.284486606,1,0
52.284527726,1,1
52.284560990,0,1
52.284574270,0,0
52.284615400,0,1
52.284638644,1,1
52.284910166,0,1
52.284921966,0,0
52.284964566,0,1
52.285006176,0,0
52.285047302,0,1
52.285070542,1,1
52.285089902,1,0
52.285131030,1,1
52.285152478,0,1
52.285172654,0,0
52.285213790,0,1
52.285237030,1,1
52.285256390,1,0
52.285297520,1,1
52.285340124,1,0
52.285381248,1,1
52.285423838,1,0
52.285464952,1,1
52.285507558,1,0
52.285548688,1,1
52.285591282,1,0
52.285634864,1,1
52.285677464,1,0
52.285715628,1,1
52.285758230,1,0
52.285802798,1,1
52.285817786,1,0
52.286090882,0,0
52.286865790,0,1
52.286906366,0,0
52.286947532,0,1
52.286990162,0,0
52.287031324,0,1
52.287073952,0,0
52.287075682,1,0
52.287115096,1,1
52.287156736,1,0
52.287157888,0,0
52.287197892,0,1
52.287240506,0,0
52.287281650,0,1
52.287324264,0,0
52.287365404,0,1
52.287408014,0,0
52.287449156,0,1
52.287491764,0,0
52.287532904,0,1
52.287576990,0,0
52.287618132,0,1
52.287657288,0,0
52.287659312,1,0
52.287698416,1,1
52.287731682,0,1
52.287744962,0,0
52.287786092,0,1
52.287809334,1,1
52.288148034,0,1
52.288159860,0,0
52.288202542,0,1
52.288244230,0,0
52.288285434,0,1
52.288308716,1,1
52.288328104,1,0
52.288369304,1,1
52.288390784,0,1
52.288410996,0,0
52.288452200,0,1
52.288475480,1,1
52.288494874,1,0
52.288536076,1,1
52.288578752,1,0
52.288619954,1,1
52.288662630,1,0
52.288703830,1,1
52.288746506,1,0
52.288787710,1,1
52.288830384,1,0
52.288874050,1,1
52.288916724,1,0
52.288954962,1,1
52.288997638,1,0
52.289042290,1,1
52.289056178,1,0
52.289057434,1,1
52.289678512,0,1
52.289690338,0,0
52.289733020,0,1
52.289774710,0,0
52.289815918,0,1
52.289857608,0,0
52.289898814,0,1
52.289940506,0,0
52.289981716,0,1
52.290023406,0,0
52.290064614,0,1
52.290087900,1,1
52.290107290,1,0
52.290148498,1,1
52.290191176,1,0
52.290232378,1,1
52.290275060,1,0
52.290316268,1,1
52.290358948,1,0
52.290402608,1,1
52.290445284,1,0
52.290483524,1,1
52.290526198,1,0
52.290570852,1,1
52.294206990,0,1
52.294218816,0,0
52.294261510,0,1
52.294284796,1,1
52.294304190,1,0
52.294345396,1,1
52.294388082,1,0
52.294429290,1,1
52.294450776,0,1
52.294470992,0,0
52.294512206,0,1
52.294553902,0,0
52.294595116,0,1
52.294618404,1,1
52.294637798,1,0
52.294679006,1,1
52.294721688,1,0
52.294762896,1,1
52.294784380,0,1
52.294804596,0,0
52.294845810,0,1
52.294887508,0,0
52.294931190,0,1
52.294954476,1,1
52.294973870,1,0
52.295012118,1,1
52.295054802,1,0
52.295099462,1,1
52.302676974,1,0
52.306361662,1,1
52.372043424,0,1
52.372055252,0,0
52.372097946,0,1
52.372121238,1,1
52.372140636,1,0
52.372181850,1,1
52.372224540,1,0
52.372265754,1,1
52.372287244,0,1
52.372307462,0,0
52.372348678,0,1
52.372390382,0,0
52.372431600,0,1
52.372454888,1,1
52.372474282,1,0
52.372515500,1,1
52.372558192,1,0
52.372599408,1,1
52.372620898,0,1
52.372641118,0,0
52.372682338,0,1
52.372724036,0,0
52.372767722,0,1
52.372791012,1,1
52.372810408,1,0
52.372848662,1,1
52.372891348,1,0
52.372936018,1,1
52.372953632,1,0
52.378360666,1,1
52.410787044,1,0
52.410791036,0,0
52.411831724,0,1
52.411938030,0,0
52.411939970,1,0
52.411979252,1,1
52.412020962,1,0
52.412022212,0,0
52.412062194,0,1
52.412104888,0,0
52.412107062,1,0
52.412146116,1,1
52.412187826,1,0
52.412229048,1,1
52.412270756,1,0
52.412271846,0,0
52.412311986,0,1
52.412354682,0,0
52.412356694,1,0
52.412395906,1,1
52.412437610,1,0
52.412478832,1,1
52.412520540,1,0
52.412561754,1,1
52.412604940,1,0
52.412646158,1,1
52.412688846,1,0
52.412730062,1,1
52.412763396,0,1
52.412776706,0,0
52.412817938,0,1
52.412841238,1,1
52.413113404,0,1
52.413125232,0,0
52.413167934,0,1
52.413209640,0,0
52.413250866,0,1
52.413274158,1,1
52.413293554,1,0
52.413334772,1,1
52.413356262,0,1
52.413376484,0,0
52.413417708,0,1
52.413440998,1,1
52.413460394,1,0
52.413501608,1,1
52.413544302,1,0
52.413585520,1,1
52.413628208,1,0
52.413669428,1,1
52.413712124,1,0
52.413753346,1,1
52.413796040,1,0
52.413839728,1,1
52.413882422,1,0
52.413920682,1,1
52.413963372,1,0
52.414008046,1,1
52.414022458,1,0
52.414291704,0,0
52.415067040,0,1
52.415107466,0,0
52.415148708,0,1
52.415191410,0,0
52.415232650,0,1
52.415275354,0,0
52.415316592,0,1
52.415359296,0,0
52.415400534,0,1
52.415443232,0,0
52.415484474,0,1
52.415527174,0,0
52.415568410,0,1
52.415611110,0,0
52.415652348,0,1
52.415695052,0,0
52.415736288,0,1
52.415780472,0,0
52.415782522,1,0
52.415821698,1,1
52.415864394,1,0
52.415905620,1,1
52.415938956,0,1
52.415952266,0,0
52.415993492,0,1
52.416016790,1,1
52.416360330,0,1
52.416372140,0,0
52.416414776,0,1
52.416456416,0,0
52.416497572,0,1
52.416520824,1,1
52.416540194,1,0
52.416581346,1,1
52.416602798,0,1
52.416622986,0,0
52.416664136,0,1
52.416687390,1,1
52.416706756,1,0
52.416747902,1,1
52.416790526,1,0
52.416831672,1,1
52.416874294,1,0
52.416915438,1,1
52.416958058,1,0
52.416999202,1,1
52.417041824,1,0
52.417085434,1,1
52.417128054,1,0
52.417166244,1,1
52.417208868,1,0
52.417253460,1,1
52.417265704,1,0
52.417266950,1,1
52.579144080,1,0
52.579413100,0,0
52.580188056,0,1
52.580335944,0,0
52.580337538,1,0
52.580377082,1,1
52.580418706,1,0
52.580419758,0,0
52.580459846,0,1
52.580502448,0,0
52.580504564,1,0
52.580543578,1,1
52.580585196,1,0
52.580626324,1,1
52.580667946,1,0
52.580669258,0,0
52.580709080,0,1
52.580751684,0,0
52.580753064,1,0
52.580792818,1,1
52.580834436,1,0
52.580875564,1,1
52.580917182,1,0
52.580958308,1,1
52.581001400,1,0
52.581042524,1,1
52.581085124,1,0
52.581126246,1,1
52.581159518,0,1
52.581172800,0,0
52.581213944,0,1
52.581237194,1,1
52.581508760,0,1
52.581520564,0,0
52.581563168,0,1
52.581604786,0,0
52.581645916,0,1
52.581669158,1,1
52.581688518,1,0
52.581729646,1,1
52.581751092,0,1
52.581771268,0,0
52.581812398,0,1
52.581835642,1,1
52.581855002,1,0
52.581896126,1,1
52.581938734,1,0
52.581979864,1,1
52.582022468,1,0
52.582063592,1,1
52.582106198,1,0
52.582147330,1,1
52.582189932,1,0
52.582233524,1,1
52.582276132,1,0
52.582314306,1,1
52.582356916,1,0
52.582401488,1,1
52.582413810,1,0
52.582686888,0,0
52.583461630,0,1
52.583507412,0,0
52.583548560,0,1
52.583591172,0,0
52.583632318,0,1
52.583674926,0,0
52.583676482,1,0
52.583716058,1,1
52.583757678,1,0
52.583759692,0,0
52.583798818,0,1
52.583841426,0,0
52.583882566,0,1
52.583925178,0,0
52.583966320,0,1
52.584008928,0,0
52.584050074,0,1
52.584092682,0,0
52.584133824,0,1
52.584177914,0,0
52.584219062,0,1
52.584258222,0,0
52.584260138,1,0
52.584299356,1,1
52.584332628,0,1
52.584345912,0,0
52.584387048,0,1
52.584410292,1,1
52.584749024,0,1
52.584760846,0,0
52.584803520,0,1
52.584845208,0,0
52.584886410,0,1
52.584909692,1,1
52.584929082,1,0
52.584970284,1,1
52.584991760,0,1
52.585011970,0,0
52.585053168,0,1
52.585076446,1,1
52.585095836,1,0
52.585137044,1,1
52.585179726,1,0
52.585220934,1,1
52.585263616,1,0
52.585304816,1,1
52.585347498,1,0
52.585388702,1,1
52.585431384,1,0
52.585475054,1,1
52.585517734,1,0
52.585555976,1,1
52.585598650,1,0
52.585643312,1,1
52.585655896,1,0
52.585657154,1,1
52.747135848,1,0
52.747409066,0,0
52.748184394,0,1
52.748327238,0,0
52.748328904,1,0
52.748368466,1,1
52.748410174,1,0
52.748412172,0,0
52.748451404,0,1
52.748494102,0,0
52.748496032,1,0
52.748535326,1,1
52.748577034,1,0
52.748618254,1,1
52.748659954,1,0
52.748661806,0,0
52.748701170,0,1
52.748743856,0,0
52.748745632,1,0
52.748785082,1,1
52.748826806,1,0
52.748868040,1,1
52.748909742,1,0
52.748950964,1,1
52.748994148,1,0
52.749035362,1,1
52.749078056,1,0
52.749119270,1,1
52.749152604,0,1
52.749165912,0,0
52.749207144,0,1
52.749230444,1,1
52.749502608,0,1
52.749514436,0,0
52.749557132,0,1
52.749598834,0,0
52.749640060,0,1
52.749663354,1,1
52.749682750,1,0
52.749723970,1,1
52.749745464,0,1
52.749765684,0,0
52.749806910,0,1
52.749830204,1,1
52.749849602,1,0
52.749890824,1,1
52.749933516,1,0
52.749974734,1,1
52.750017424,1,0
52.750058640,1,1
52.750101330,1,0
52.750142546,1,1
52.750185236,1,0
52.750228922,1,1
52.750271620,1,0
52.750309884,1,1
52.750352578,1,0
52.750397260,1,1
52.750411406,1,0
52.750684660,0,0
52.751460028,0,1
52.751505594,0,0
52.751546832,0,1
52.751589534,0,0
52.751630770,0,1
52.751673468,0,0
52.751714704,0,1
52.751757404,0,0
52.751798638,0,1
52.751841342,0,0
52.751882576,0,1
52.751925276,0,0
52.751966514,0,1
52.752009210,0,0
52.752050442,0,1
52.752093142,0,0
52.752134380,0,1
52.752178556,0,0
52.752180502,1,0
52.752219786,1,1
52.752262482,1,0
52.752303706,1,1
52.752337042,0,1
52.752350354,0,0
52.752391586,0,1
52.752414878,1,1
52.752758394,0,1
52.752770204,0,0
52.752812836,0,1
52.752854474,0,0
52.752895628,0,1
52.752918882,1,1
52.752938250,1,0
52.752979400,1,1
52.753000856,0,1
52.753021044,0,0
52.753062192,0,1
52.753085442,1,1
52.753104810,1,0
52.753145958,1,1
52.753145962,1,0
52.753145964,1,1
52.753188584,1,0
52.753229728,1,1
52.753272348,1,0
52.753313492,1,1
52.753356112,1,0
52.753397260,1,1
52.753439878,1,0
52.753483484,1,1
52.753526100,1,0
52.753564292,1,1
52.753606906,1,0
52.753651492,1,1
52.753666478,1,0
52.753667732,1,1
52.900880930,0,1
52.900892734,0,0
52.900935346,0,1
52.900958588,1,1
52.900977950,1,0
52.901019080,1,1
52.901061682,1,0
52.901102806,1,1
52.901124254,0,1
52.901144436,0,0
52.901185568,0,1
52.901227192,0,0
52.901268330,0,1
52.901291572,1,1
52.901310934,1,0
52.901352062,1,1
52.901394670,1,0
52.901435798,1,1
52.901457244,0,1
52.901477424,0,0
52.901518558,0,1
52.901560180,0,0
52.901603776,0,1
52.901627016,1,1
52.901646376,1,0
52.901684552,1,1
52.901727158,1,0
52.901771734,1,1
52.901789932,1,0
52.906271172,1,1
52.922240888,1,0
52.922244888,0,0
52.923289036,0,1
52.923678472,0,0
52.923680060,1,0
52.923719606,1,1
52.923761228,1,0
52.923763266,0,0
52.923802372,0,1
52.923844982,0,0
52.923847058,1,0
52.923886114,1,1
52.923927736,1,0
52.923968868,1,1
52.924010488,1,0
52.924011726,0,0
52.924051634,0,1
52.924094244,0,0
52.924096534,1,0
52.924135376,1,1
52.924177002,1,0
52.924218136,1,1
52.924259760,1,0
52.924300892,1,1
52.924343992,1,0
52.924385122,1,1
52.924427726,1,0
52.924468858,1,1
52.924502122,0,1
52.924515402,0,0
52.924556546,0,1
52.924579800,1,1
52.924851376,0,1
52.924863178,0,0
52.924905782,0,1
52.924947402,0,0
52.924988536,0,1
52.925011784,1,1
52.925031146,1,0
52.925072276,1,1
52.925093720,0,1
52.925113900,0,0
52.925155034,0,1
52.925178278,1,1
52.925197638,1,0
52.925238772,1,1
52.925281378,1,0
52.925322502,1,1
52.925365108,1,0
52.925406236,1,1
52.925448840,1,0
52.925489968,1,1
52.925532578,1,0
52.925576166,1,1
52.925618774,1,0
52.925656948,1,1
52.925699548,1,0
52.925744124,1,1
52.925756544,1,0
52.926029700,0,0
52.926804736,0,1
52.926850108,0,0
52.926891256,0,1
52.926933868,0,0
52.926975016,0,1
52.927017624,0,0
52.927019644,1,0
52.927058764,1,1
52.927100390,1,0
52.927101868,0,0
52.927141536,0,1
52.927184144,0,0
52.927225288,0,1
52.927267900,0,0
52.927309044,0,1
52.927351662,0,0
52.927392808,0,1
52.927435424,0,0
52.927476574,0,1
52.927520664,0,0
52.927561810,0,1
52.927600976,0,0
52.927602418,1,0
52.927642112,1,1
52.927675378,0,1
52.927688660,0,0
52.927729802,0,1
52.927753048,1,1
52.928091782,0,1
52.928103602,0,0
52.928146288,0,1
52.928187984,0,0
52.928229194,0,1
52.928252482,1,1
52.928271876,1,0
52.928313080,1,1
52.928334562,0,1
52.928354774,0,0
52.928395978,0,1
52.928419264,1,1
52.928438652,1,0
52.928479856,1,1
52.928522534,1,0
52.928563736,1,1
52.928606418,1,0
52.928647640,1,1
52.928690328,1,0
52.928731534,1,1
52.928774218,1,0
52.928817890,1,1
52.928860570,1,0
52.928898818,1,1
52.928941502,1,0
52.928986160,1,1
52.928999588,1,0
52.929000844,1,1
52.997796532,0,1
52.997808358,0,0
52.997851052,0,1
52.997874344,1,1
52.997893740,1,0
52.997934960,1,1
52.997977654,1,0
52.998018870,1,1
52.998040358,0,1
52.998060580,0,0
52.998101804,0,1
52.998143512,0,0
52.998184740,0,1
52.998208034,1,1
52.998227430,1,0
52.998268650,1,1
52.998311344,1,0
52.998352560,1,1
52.998374050,0,1
52.998394270,0,0
52.998435492,0,1
52.998477190,0,0
52.998520882,0,1
52.998544172,1,1
52.998563568,1,0
52.998601824,1,1
52.998644520,1,0
52.998689192,1,1
52.998707624,1,0
53.002271662,1,1
53.067062974,1,0
53.067332218,0,0
53.068107608,0,1
53.068246554,0,0
53.068248116,1,0
53.068287782,1,1
53.068329494,1,0
53.068331386,0,0
53.068370728,0,1
53.068413426,0,0
53.068415230,1,0
53.068454650,1,1
53.068496360,1,0
53.068537584,1,1
53.068579288,1,0
53.068580988,0,0
53.068620518,0,1
53.068663216,0,0
53.068664830,1,0
53.068704438,1,1
53.068746148,1,0
53.068787370,1,1
53.068829076,1,0
53.068870298,1,1
53.068913486,1,0
53.068954704,1,1
53.068997394,1,0
53.069038616,1,1
53.069071950,0,1
53.069085258,0,0
53.069126492,0,1
53.069149794,1,1
53.069421966,0,1
53.069433794,0,0
53.069476494,0,1
53.069518194,0,0
53.069559420,0,1
53.069582714,1,1
53.069602112,1,0
53.069643334,1,1
53.069664824,0,1
53.069685048,0,0
53.069726274,0,1
53.069749566,1,1
53.069768966,1,0
53.069810188,1,1
53.069852882,1,0
53.069894102,1,1
53.069936796,1,0
53.069978016,1,1
53.070020710,1,0
53.070061940,1,1
53.070104650,1,0
53.070148352,1,1
53.070191062,1,0
53.070229332,1,1
53.070272040,1,0
53.070316734,1,1
53.070330644,1,0
53.070599908,0,0
53.071375174,0,1
53.071416258,0,0
53.071457492,0,1
53.071500190,0,0
53.071541424,0,1
53.071584120,0,0
53.071625354,0,1
53.071668054,0,0
53.071709286,0,1
53.071751982,0,0
53.071793218,0,1
53.071835912,0,0
53.071877148,0,1
53.071919846,0,0
53.071961080,0,1
53.072003772,0,0
53.072045004,0,1
53.072089180,0,0
53.072090618,1,0
53.072130400,1,1
53.072173098,1,0
53.072214316,1,1
53.072247652,0,1
53.072260962,0,0
53.072302194,0,1
53.072325490,1,1
53.072669002,0,1
53.072680812,0,0
53.072723446,0,1
53.072765084,0,0
53.072806236,0,1
53.072829492,1,1
53.072848858,1,0
53.072890008,1,1
53.072911462,0,1
53.072931646,0,0
53.072972798,0,1
53.072996054,1,1
53.073015418,1,0
53.073056562,1,1
53.073099184,1,0
53.073140332,1,1
53.073182952,1,0
53.073224100,1,1
53.073266720,1,0
53.073307864,1,1
53.073350488,1,0
53.073394094,1,1
53.073436712,1,0
53.073474900,1,1
53.073517516,1,0
53.073562106,1,1
53.073573854,1,0
53.073575112,1,1
53.096246948,0,1
53.096258752,0,0
53.096301368,0,1
53.096324612,1,1
53.096343976,1,0
53.096385116,1,1
53.096427730,1,0
53.096468868,1,1
53.096490318,0,1
53.096510500,0,0
53.096551642,0,1
53.096593270,0,0
53.096634410,0,1
53.096657658,1,1
53.096677022,1,0
53.096718158,1,1
53.096760774,1,0
53.096801910,1,1
53.096823358,0,1
53.096843540,0,0
53.096884678,0,1
53.096926306,0,0
53.096969914,0,1
53.096993160,1,1
53.097012524,1,0
53.097050706,1,1
53.097093320,1,0
53.097137906,1,1
53.097155820,1,0
53.098270512,1,1
53.187790962,0,1
53.187802768,0,0
53.187845376,0,1
53.187868618,1,1
53.187887980,1,0
53.187929112,1,1
53.187971720,1,0
53.188012854,1,1
53.188034300,0,1
53.188054480,0,0
53.188095612,0,1
53.188137236,0,0
53.188178382,0,1
53.188201630,1,1
53.188220990,1,0
53.188262126,1,1
53.188304738,1,0
53.188345868,1,1
53.188367316,0,1
53.188387492,0,0
53.188428630,0,1
53.188470252,0,0
53.188513848,0,1
53.188537092,1,1
53.188556452,1,0
53.188594628,1,1
53.188637236,1,0
53.188681816,1,1
53.188699644,1,0
53.194270094,1,1
53.211739756,1,0
53.212012748,0,0
53.212787576,0,1
53.213287366,0,0
53.213289250,1,0
53.213328504,1,1
53.213370130,1,0
53.213371452,0,0
53.213411276,0,1
53.213453888,0,0
53.213455254,1,0
53.213495024,1,1
53.213536646,1,0
53.213577776,1,1
53.213619398,1,0
53.213620920,0,0
53.213660542,0,1
53.213703148,0,0
53.213704704,1,0
53.213744286,1,1
53.213785906,1,0
53.213827038,1,1
53.213868660,1,0
53.213909792,1,1
53.213952888,1,0
53.213994022,1,1
53.214036628,1,0
53.214077752,1,1
53.214111022,0,1
53.214124304,0,0
53.214165446,0,1
53.214188696,1,1
53.214460280,0,1
53.214472084,0,0
53.214514694,0,1
53.214556316,0,0
53.214597454,0,1
53.214620698,1,1
53.214640060,1,0
53.214681194,1,1
53.214702642,0,1
53.214722820,0,0
53.214763956,0,1
53.214787202,1,1
53.214806562,1,0
53.214847692,1,1
53.214890296,1,0
53.214931432,1,1
53.214974040,1,0
53.215015170,1,1
53.215057778,1,0
53.215098908,1,1
53.215141518,1,0
53.215185116,1,1
53.215227724,1,0
53.215265900,1,1
53.215308508,1,0
53.215353090,1,1
53.215367390,1,0
53.215640516,0,0
53.216415376,0,1
53.216456672,0,0
53.216497824,0,1
53.216540438,0,0
53.216581584,0,1
53.216624204,0,0
53.216626236,1,0
53.216665344,1,1
53.216706970,1,0
53.216708444,0,0
53.216748118,0,1
53.216790732,0,0
53.216831876,0,1
53.216874488,0,0
53.216915634,0,1
53.216958240,0,0
53.216999384,0,1
53.217041996,0,0
53.217083142,0,1
53.217127238,0,0
53.217168392,0,1
53.217207558,0,0
53.217208880,1,0
53.217248698,1,1
53.217281970,0,1
53.217295254,0,0
53.217336398,0,1
53.217359642,1,1
53.217698416,0,1
53.217710240,0,0
53.217752930,0,1
53.217794638,0,0
53.217835862,0,1
53.217859152,1,1
53.217878550,1,0
53.217919766,1,1
53.217941252,0,1
53.217961468,0,0
53.218002682,0,1
53.218025966,1,1
53.218045358,1,0
53.218086564,1,1
53.218129248,1,0
53.218170468,1,1
53.218213158,1,0
53.218254368,1,1
53.218297052,1,0
53.218338266,1,1
53.218380952,1,0
53.218424630,1,1
53.218467312,1,0
53.218505558,1,1
53.218548236,1,0
53.218592898,1,1
53.218605526,1,0
53.218606782,1,1
53.284695508,0,1
53.284707336,0,0
53.284750036,0,1
53.284773330,1,1
53.284792726,1,0
53.284833948,1,1
53.284876642,1,0
53.284917860,1,1
53.284939348,0,1
53.284959570,0,0
53.285000796,0,1
53.285042502,0,0
53.285083726,0,1
53.285107018,1,1
53.285126418,1,0
53.285167646,1,1
53.285210340,1,0
53.285251564,1,1
53.285273050,0,1
53.285293272,0,0
53.285334494,0,1
53.285376204,0,0
53.285419902,0,1
53.285443194,1,1
53.285462592,1,0
53.285500852,1,1
53.285543546,1,0
53.285588222,1,1
53.285607174,1,0
53.290270026,1,1
53.347787692,1,0
53.348056898,0,0
53.348832250,0,1
53.348932706,0,0
53.348934456,1,0
53.348973920,1,1
53.349015630,1,0
53.349016706,0,0
53.349056874,0,1
53.349099586,0,0
53.349101604,1,0
53.349140820,1,1
53.349182530,1,0
53.349223752,1,1
53.349265462,1,0
53.349267378,0,0
53.349306694,0,1
53.349349388,0,0
53.349351226,1,0
53.349390614,1,1
53.349432322,1,0
53.349473544,1,1
53.349515252,1,0
53.349556474,1,1
53.349599658,1,0
53.349640882,1,1
53.349683576,1,0
53.349724796,1,1
53.349758126,0,1
53.349771438,0,0
53.349812666,0,1
53.349835962,1,1
53.350108124,0,1
53.350119952,0,0
53.350162660,0,1
53.350204368,0,0
53.350245594,0,1
53.350268888,1,1
53.350288286,1,0
53.350329508,1,1
53.350350998,0,1
53.350371220,0,0
53.350412446,0,1
53.350435742,1,1
53.350455140,1,0
53.350496362,1,1
53.350539056,1,0
53.350580276,1,1
53.350622970,1,0
53.350664186,1,1
53.350706882,1,0
53.350748102,1,1
53.350790792,1,0
53.350834480,1,1
53.350877174,1,0
53.350915436,1,1
53.350958128,1,0
53.351002806,1,1
53.351014868,1,0
53.351284124,0,0
53.352059378,0,1
53.352102262,0,0
53.352143506,0,1
53.352186210,0,0
53.352227448,0,1
53.352270154,0,0
53.352311394,0,1
53.352354098,0,0
53.352395346,0,1
53.352438052,0,0
53.352479290,0,1
53.352521992,0,0
53.352563238,0,1
53.352605946,0,0
53.352647194,0,1
53.352689910,0,0
53.352731154,0,1
53.352775338,0,0
53.352776834,1,0
53.352816574,1,1
53.352859268,1,0
53.352900490,1,1
53.352933828,0,1
53.352947140,0,0
53.352988376,0,1
53.353011674,1,1
53.353355212,0,1
53.353367022,0,0
53.353409658,0,1
53.353451300,0,0
53.353492456,0,1
53.353515710,1,1
53.353535076,1,0
53.353576228,1,1
53.353597682,0,1
53.353617870,0,0
53.353659022,0,1
53.353682274,1,1
53.353701640,1,0
53.353742788,1,1
53.353785404,1,0
53.353826544,1,1
53.353869168,1,0
53.353910312,1,1
53.353952936,1,0
53.353994088,1,1
53.354036712,1,0
53.354080322,1,1
53.354122946,1,0
53.354161138,1,1
53.354203760,1,0
53.354248354,1,1
53.354261878,1,0
53.354263134,1,1
53.382350702,0,1
53.382362510,0,0
53.382405132,0,1
53.382428380,1,1
53.382447742,1,0
53.382488880,1,1
53.382531494,1,0
53.382572634,1,1
53.382594082,0,1
53.382614266,0,0
53.382655408,0,1
53.382697040,0,0
53.382738182,0,1
53.382761428,1,1
53.382780792,1,0
53.382821934,1,1
53.382864548,1,0
53.382905686,1,1
53.382927136,0,1
53.382947318,0,0
53.382988462,0,1
53.383030092,0,0
53.383073700,0,1
53.383096946,1,1
53.383116310,1,0
53.383154498,1,1
53.383197112,1,0
53.383241702,1,1
53.383259910,1,0
53.386269752,1,1
53.473894928,0,1
53.473906730,0,0
53.473949334,0,1
53.473972576,1,1
53.473991932,1,0
53.474033056,1,1
53.474075664,1,0
53.474116794,1,1
53.474138242,0,1
53.474158424,0,0
53.474199558,0,1
53.474241180,0,0
53.474282318,0,1
53.474305564,1,1
53.474324924,1,0
53.474366054,1,1
53.474408662,1,0
53.474449788,1,1
53.474471234,0,1
53.474491412,0,0
53.474532540,0,1
53.474574158,0,0
53.474617748,0,1
53.474640986,1,1
53.474660346,1,0
53.474698514,1,1
53.474741118,1,0
53.474785690,1,1
53.474804330,1,0
53.482270222,1,1
53.498073716,1,0
53.498077720,0,0
53.499121942,0,1
53.499395968,0,0
53.499398230,1,0
53.499437104,1,1
53.499478730,1,0
53.499480444,0,0
53.499519872,0,1
53.499562482,0,0
53.499564246,1,0
53.499603620,1,1
53.499645244,1,0
53.499686380,1,1
53.499728004,1,0
53.499729956,0,0
53.499769148,0,1
53.499811756,0,0
53.499813750,1,0
53.499852890,1,1
53.499894516,1,0
53.499935646,1,1
53.499977274,1,0
53.500018406,1,1
53.500061506,1,0
53.500102638,1,1
53.500145248,1,0
53.500186380,1,1
53.500219648,0,1
53.500232932,0,0
53.500274074,0,1
53.500297324,1,1
53.500568902,0,1
53.500580706,0,0
53.500623310,0,1
53.500664932,0,0
53.500706068,0,1
53.500729310,1,1
53.500748672,1,0
53.500789802,1,1
53.500811250,0,1
53.500831428,0,0
53.500872562,0,1
53.500895804,1,1
53.500915166,1,0
53.500956298,1,1
53.500998906,1,0
53.501040038,1,1
53.501082646,1,0
53.501123776,1,1
53.501166388,1,0
53.501207516,1,1
53.501250122,1,0
53.501293718,1,1
53.501336326,1,0
53.501374498,1,1
53.501417102,1,0
53.501461678,1,1
53.501476718,1,0
53.501749820,0,0
53.502524736,0,1
53.502565232,0,0
53.502606382,0,1
53.502648994,0,0
53.502690136,0,1
53.502732748,0,0
53.502734592,1,0
53.502773886,1,1
53.502815514,1,0
53.502816814,0,0
53.502856662,0,1
53.502899272,0,0
53.502940418,0,1
53.502983032,0,0
53.503024180,0,1
53.503066792,0,0
53.503107938,0,1
53.503150554,0,0
53.503191698,0,1
53.503235790,0,0
53.503276940,0,1
53.503316104,0,0
53.503318336,1,0
53.503357238,1,1
53.503390510,0,1
53.503403794,0,0
53.503444936,0,1
53.503468182,1,1
53.503806944,0,1
53.503818766,0,0
53.503861444,0,1
53.503903136,0,0
53.503944342,0,1
53.503967626,1,1
53.503987018,1,0
53.504028222,1,1
53.504049704,0,1
53.504069918,0,0
53.504111128,0,1
53.504134414,1,1
53.504153810,1,0
53.504195024,1,1
53.504237706,1,0
53.504278912,1,1
53.504321596,1,0
53.504362802,1,1
53.504405484,1,0
53.504446698,1,1
53.504489378,1,0
53.504533052,1,1
53.504575734,1,0
53.504613982,1,1
53.504656660,1,0
53.504701318,1,1
53.504715266,1,0
53.504716520,1,1
53.570800884,0,1
53.570812712,0,0
53.570855410,0,1
53.570878698,1,1
53.570898094,1,0
53.570939308,1,1
53.570981994,1,0
53.571023208,1,1
53.571044694,0,1
53.571064912,0,0
53.571106126,0,1
53.571147830,0,0
53.571189050,0,1
53.571212338,1,1
53.571231730,1,0
53.571272944,1,1
53.571315634,1,0
53.571356852,1,1
53.571378344,0,1
53.571398566,0,0
53.571439790,0,1
53.571481494,0,0
53.571525182,0,1
53.571548476,1,1
53.571567874,1,0
53.571606130,1,1
53.571648822,1,0
53.571693492,1,1
53.571712646,1,0
53.578269216,1,1
53.626991088,1,0
53.627264344,0,0
53.628039844,0,1
53.628912168,0,0
53.628914396,1,0
53.628953396,1,1
53.628995104,1,0
53.628996652,0,0
53.629036338,0,1
53.629079034,0,0
53.629080510,1,0
53.629120260,1,1
53.629161970,1,0
53.629203190,1,1
53.629244900,1,0
53.629246298,0,0
53.629286132,0,1
53.629328826,0,0
53.629330150,1,0
53.629370052,1,1
53.629411756,1,0
53.629452974,1,1
53.629494682,1,0
53.629535900,1,1
53.629579086,1,0
53.629620308,1,1
53.629663000,1,0
53.629704216,1,1
53.629737546,0,1
53.629750856,0,0
53.629792086,0,1
53.629815382,1,1
53.630087518,0,1
53.630099344,0,0
53.630142046,0,1
53.630183752,0,0
53.630224980,0,1
53.630248278,1,1
53.630267678,1,0
53.630308902,1,1
53.630330390,0,1
53.630350612,0,0
53.630391838,0,1
53.630415134,1,1
53.630434532,1,0
53.630475754,1,1
53.630518454,1,0
53.630559680,1,1
53.630602374,1,0
53.630643594,1,1
53.630686290,1,0
53.630727510,1,1
53.630770204,1,0
53.630813900,1,1
53.630856596,1,0
53.630894852,1,1
53.630937552,1,0
53.630982230,1,1
53.630995796,1,0
53.631265082,0,0
53.632040472,0,1
53.632081730,0,0
53.632122974,0,1
53.632165680,0,0
53.632206918,0,1
53.632249622,0,0
53.632290858,0,1
53.632333556,0,0
53.632374794,0,1
53.632417492,0,0
53.632458726,0,1
53.632501426,0,0
53.632542662,0,1
53.632585358,0,0
53.632626592,0,1
53.632669288,0,0
53.632710520,0,1
53.632754698,0,0
53.632756996,1,0
53.632795928,1,1
53.632838624,1,0
53.632879844,1,1
53.632913174,0,1
53.632926480,0,0
53.632967694,0,1
53.632990980,1,1
53.633334358,0,1
53.633346162,0,0
53.633388778,0,1
53.633430400,0,0
53.633471538,0,1
53.633494786,1,1
53.633514150,1,0
53.633555296,1,1
53.633576748,0,1
53.633596932,0,0
53.633638080,0,1
53.633661330,1,1
53.633680698,1,0
53.633721844,1,1
53.633764460,1,0
53.633805602,1,1
53.633848218,1,0
53.633889360,1,1
53.633931978,1,0
53.633973124,1,1
53.634015744,1,0
53.634059348,1,1
53.634101966,1,0
53.634140154,1,1
53.634182772,1,0
53.634227360,1,1
53.634242984,1,0
53.634244238,1,1
53.667755718,0,1
53.667767524,0,0
53.667810136,0,1
53.667833382,1,1
53.667852744,1,0
53.667893882,1,1
53.667936496,1,0
53.667977634,1,1
53.667999080,0,1
53.668019262,0,0
53.668060402,0,1
53.668102026,0,0
53.668143172,0,1
53.668166428,1,1
53.668185794,1,0
53.668226938,1,1
53.668269552,1,0
53.668310690,1,1
53.668332136,0,1
53.668352316,0,0
53.668393454,0,1
53.668435080,0,0
53.668478684,0,1
53.668501934,1,1
53.668521294,1,0
53.668559476,1,1
53.668602088,1,0
53.668646668,1,1
53.668664174,1,0
53.674268892,1,1
53.759300888,0,1
53.759312690,0,0
53.759355300,0,1
53.759378540,1,1
53.759397900,1,0
53.759439028,1,1
53.759481630,1,0
53.759522758,1,1
53.759544200,0,1
53.759564378,0,0
53.759605510,0,1
53.759647130,0,0
53.759688260,0,1
53.759711502,1,1
53.759730860,1,0
53.759771988,1,1
53.759814592,1,0
53.759855716,1,1
53.759877160,0,1
53.759897338,0,0
53.759938468,0,1
53.759980086,0,0
53.760023680,0,1
53.760046922,1,1
53.760066282,1,0
53.760104454,1,1
53.760147060,1,0
53.760191638,1,1
53.760210278,1,0
53.762276736,1,1
53.778233864,1,0
53.778237866,0,0
53.779281850,0,1
53.779424456,0,0
53.779426276,1,0
53.779465594,1,1
53.779507224,1,0
53.779508472,0,0
53.779548368,0,1
53.779590980,0,0
53.779593272,1,0
53.779632116,1,1
53.779673742,1,0
53.779714878,1,1
53.779756502,1,0
53.779757950,0,0
53.779797646,0,1
53.779840252,0,0
53.779841744,1,0
53.779881386,1,1
53.779923010,1,0
53.779964144,1,1
53.780005756,1,0
53.780046878,1,1
53.780089982,1,0
53.780131118,1,1
53.780173720,1,0
53.780214846,1,1
53.780248114,0,1
53.780261394,0,0
53.780302536,0,1
53.780325782,1,1
53.780597376,0,1
53.780609180,0,0
53.780651788,0,1
53.780693410,0,0
53.780734544,0,1
53.780757790,1,1
53.780777152,1,0
53.780818282,1,1
53.780839730,0,1
53.780859910,0,0
53.780901046,0,1
53.780924288,1,1
53.780943648,1,0
53.780984782,1,1
53.781027394,1,0
53.781068526,1,1
53.781111132,1,0
53.781152266,1,1
53.781194876,1,0
53.781236008,1,1
53.781278618,1,0
53.781322210,1,1
53.781364816,1,0
53.781402990,1,1
53.781445598,1,0
53.781490172,1,1
53.781503360,1,0
53.781772458,0,0
53.782547332,0,1
53.782587342,0,0
53.782628492,0,1
53.782671106,0,0
53.782712256,0,1
53.782754868,0,0
53.782757184,1,0
53.782796006,1,1
53.782837634,1,0
53.782839378,0,0
53.782878782,0,1
53.782921390,0,0
53.782962536,0,1
53.783005146,0,0
53.783046292,0,1
53.783088904,0,0
53.783130052,0,1
53.783172672,0,0
53.783213820,0,1
53.783257914,0,0
53.783299060,0,1
53.783338222,0,0
53.783339820,1,0
53.783379360,1,1
53.783412630,0,1
53.783425916,0,0
53.783467056,0,1
53.783490306,1,1
53.783829080,0,1
53.783840902,0,0
53.783883580,0,1
53.783925270,0,0
53.783966476,0,1
53.783989758,1,1
53.784009152,1,0
53.784050360,1,1
53.784071842,0,1
53.784092058,0,0
53.784133272,0,1
53.784156560,1,1
53.784175956,1,0
53.784217164,1,1
53.784259848,1,0
53.784301058,1,1
53.784343740,1,0
53.784384946,1,1
53.784427632,1,0
53.784468836,1,1
53.784511516,1,0
53.784555192,1,1
53.784597876,1,0
53.784636122,1,1
53.784678802,1,0
53.784723466,1,1
53.784737618,1,0
53.784738874,1,1
53.856250374,0,1
53.856262206,0,0
53.856304910,0,1
53.856328200,1,1
53.856347594,1,0
53.856388816,1,1
53.856431506,1,0
53.856472722,1,1
53.856494210,0,1
53.856514432,0,0
53.856555656,0,1
53.856597362,0,0
53.856638588,0,1
53.856661880,1,1
53.856681278,1,0
53.856722496,1,1
53.856765188,1,0
53.856806408,1,1
53.856827896,0,1
53.856848116,0,0
53.856889338,0,1
53.856931042,0,0
53.856974730,0,1
53.856998020,1,1
53.857017416,1,0
53.857055678,1,1
53.857098374,1,0
53.857143054,1,1
53.857162000,1,0
53.858275946,1,1
53.898890090,1,0
53.898894090,0,0
53.899934632,0,1
53.900811972,0,0
53.900814016,1,0
53.900853180,1,1
53.900894884,1,0
53.900896234,0,0
53.900936122,0,1
53.900978828,0,0
53.900981100,1,0
53.901020052,1,1
53.901061762,1,0
53.901102982,1,1
53.901144682,1,0
53.901145854,0,0
53.901185912,0,1
53.901228602,0,0
53.901230688,1,0
53.901269820,1,1
53.901311520,1,0
53.901352740,1,1
53.901394446,1,0
53.901435666,1,1
53.901478858,1,0
53.901520076,1,1
53.901562770,1,0
53.901603994,1,1
53.901637326,0,1
53.901650636,0,0
53.901691864,0,1
53.901715162,1,1
53.901987312,0,1
53.901999140,0,0
53.902041842,0,1
53.902083544,0,0
53.902124768,0,1
53.902148064,1,1
53.902167460,1,0
53.902208682,1,1
53.902230172,0,1
53.902250398,0,0
53.902291626,0,1
53.902314922,1,1
53.902334318,1,0
53.902375542,1,1
53.902418238,1,0
53.902459458,1,1
53.902502154,1,0
53.902543378,1,1
53.902586068,1,0
53.902627290,1,1
53.902669980,1,0
53.902713668,1,1
53.902756360,1,0
53.902794620,1,1
53.902837312,1,0
53.902881988,1,1
53.902894310,1,0
53.903167532,0,0
53.903942694,0,1
53.903990326,0,0
53.904031564,0,1
53.904074266,0,0
53.904115506,0,1
53.904158206,0,0
53.904199446,0,1
53.904242146,0,0
53.904283384,0,1
53.904326086,0,0
53.904367324,0,1
53.904410024,0,0
53.904451258,0,1
53.904493958,0,0
53.904535194,0,1
53.904577892,0,0
53.904619128,0,1
53.904663304,0,0
53.904665106,1,0
53.904704528,1,1
53.904747226,1,0
53.904788446,1,1
53.904821778,0,1
53.904835088,0,0
53.904876318,0,1
53.904899612,1,1
53.905243120,0,1
53.905254932,0,0
53.905297566,0,1
53.905339202,0,0
53.905380360,0,1
53.905403616,1,1
53.905422982,1,0
53.905464134,1,1
53.905485590,0,1
53.905505780,0,0
53.905546934,0,1
53.905570188,1,1
53.905589552,1,0
53.905630700,1,1
53.905673324,1,0
53.905714472,1,1
53.905757094,1,0
53.905798242,1,1
53.905840866,1,0
53.905882012,1,1
53.905924636,1,0
53.905968246,1,1
53.906010866,1,0
53.906049056,1,1
53.906091678,1,0
53.906136270,1,1
53.906149030,1,0
53.906150282,1,1
53.953192748,0,1
53.953204556,0,0
53.953247176,0,1
53.953270424,1,1
53.953289784,1,0
53.953330916,1,1
53.953373530,1,0
53.953414668,1,1
53.953436120,0,1
53.953456302,0,0
53.953497448,0,1
53.953539074,0,0
53.953580210,0,1
53.953603458,1,1
53.953622820,1,0
53.953663956,1,1
53.953706568,1,0
53.953747704,1,1
53.953769156,0,1
53.953789338,0,0
53.953830480,0,1
53.953872108,0,0
53.953915720,0,1
53.953938966,1,1
53.953958330,1,0
53.953996512,1,1
53.954039126,1,0
53.954083712,1,1
53.954101768,1,0
53.954268414,1,1
54.018867588,1,0
54.019140610,0,0
54.019915376,0,1
54.020063518,0,0
54.020065812,1,0
54.020104656,1,1
54.020146282,1,0
54.020148004,0,0
54.020187426,0,1
54.020230042,0,0
54.020231796,1,0
54.020271180,1,1
54.020312804,1,0
54.020353942,1,1
54.020395566,1,0
54.020397442,0,0
54.020436708,0,1
54.020479320,0,0
54.020481216,1,0
54.020520458,1,1
54.020562084,1,0
54.020603218,1,1
54.020644840,1,0
54.020685970,1,1
54.020729072,1,0
54.020770206,1,1
54.020812812,1,0
54.020853944,1,1
54.020887210,0,1
54.020900492,0,0
54.020941634,0,1
54.020964886,1,1
54.021236512,0,1
54.021248318,0,0
54.021290926,0,1
54.021332542,0,0
54.021373674,0,1
54.021396920,1,1
54.021416282,1,0
54.021457416,1,1
54.021478866,0,1
54.021499048,0,0
54.021540184,0,1
54.021563428,1,1
54.021582790,1,0
54.021623920,1,1
54.021666524,1,0
54.021707642,1,1
54.021750240,1,0
54.021791376,1,1
54.021833994,1,0
54.021875130,1,1
54.021917732,1,0
54.021961322,1,1
54.022003922,1,0
54.022042092,1,1
54.022084698,1,0
54.022129268,1,1
54.022144696,1,0
54.022413752,0,0
54.023188524,0,1
54.023235292,0,0
54.023276442,0,1
54.023319056,0,0
54.023360210,0,1
54.023402820,0,0
54.023404364,1,0
54.023443958,1,1
54.023485584,1,0
54.023487562,0,0
54.023526728,0,1
54.023569344,0,0
54.023610490,0,1
54.023653106,0,0
54.023694252,0,1
54.023736866,0,0
54.023778014,0,1
54.023820628,0,0
54.023861776,0,1
54.023905866,0,0
54.023947012,0,1
54.023986174,0,0
54.023987936,1,0
54.024027310,1,1
54.024060580,0,1
54.024073864,0,0
54.024115004,0,1
54.024138256,1,1
54.024477016,0,1
54.024488838,0,0
54.024531520,0,1
54.024573212,0,0
54.024614418,0,1
54.024637702,1,1
54.024657094,1,0
54.024698298,1,1
54.024719778,0,1
54.024739992,0,0
54.024781202,0,1
54.024804490,1,1
54.024823884,1,0
54.024865092,1,1
54.024907772,1,0
54.024948980,1,1
54.024991658,1,0
54.025032860,1,1
54.025075542,1,0
54.025116750,1,1
54.025159434,1,0
54.025203110,1,1
54.025245790,1,0
54.025284036,1,1
54.025326720,1,0
54.025371382,1,1
54.025386522,1,0
54.025387778,1,1
54.050799380,0,1
54.050811208,0,0
54.050853904,0,1
54.050877198,1,1
54.050896594,1,0
54.050937810,1,1
54.050980502,1,0
54.051021720,1,1
54.051043206,0,1
54.051063424,0,0
54.051104642,0,1
54.051146346,0,0
54.051187568,0,1
54.051210854,1,1
54.051230252,1,0
54.051271470,1,1
54.051314160,1,0
54.051355376,1,1
54.051376864,0,1
54.051397084,0,0
54.051438302,0,1
54.051480006,0,0
54.051523696,0,1
54.051546986,1,1
54.051566384,1,0
54.051604642,1,1
54.051647332,1,0
54.051692000,1,1
54.051710758,1,0
54.058267742,1,1
54.139159728,1,0
54.139163728,0,0
54.140208290,0,1
54.140338346,0,0
54.140339690,1,0
54.140379576,1,1
54.140421292,1,0
54.140422936,0,0
54.140462532,0,1
54.140505232,0,0
54.140506774,1,0
54.140546462,1,1
54.140588176,1,0
54.140629398,1,1
54.140671112,1,0
54.140672516,0,0
54.140712350,0,1
54.140755046,0,0
54.140757350,1,0
54.140796274,1,1
54.140837986,1,0
54.140879210,1,1
54.140920918,1,0
54.140962148,1,1
54.141005338,1,0
54.141046562,1,1
54.141089264,1,0
54.141130494,1,1
54.141163834,0,1
54.141177148,0,0
54.141218390,0,1
54.141241690,1,1
54.141513890,0,1
54.141525718,0,0
54.141568422,0,1
54.141610132,0,0
54.141651360,0,1
54.141674654,1,1
54.141694054,1,0
54.141735284,1,1
54.141756774,0,1
54.141776998,0,0
54.141818228,0,1
54.141841524,1,1
54.141860924,1,0
54.141902150,1,1
54.141944846,1,0
54.141986072,1,1
54.142028770,1,0
54.142069992,1,1
54.142112694,1,0
54.142153924,1,1
54.142196624,1,0
54.142240322,1,1
54.142283020,1,0
54.142321282,1,1
54.142363982,1,0
54.142408664,1,1
54.142422682,1,0
54.142691918,0,0
54.143467166,0,1
54.143508302,0,0
54.143549556,0,1
54.143592268,0,0
54.143633518,0,1
54.143676232,0,0
54.143717486,0,1
54.143760196,0,0
54.143801448,0,1
54.143844160,0,0
54.143885410,0,1
54.143928120,0,0
54.143969372,0,1
54.144012082,0,0
54.144053334,0,1
54.144096044,0,0
54.144137294,0,1
54.144181492,0,0
54.144183596,1,0
54.144222736,1,1
54.144265448,1,0
54.144306682,1,1
54.144340032,0,1
54.144353348,0,0
54.144394592,0,1
54.144417894,1,1
54.144761530,0,1
54.144773344,0,0
54.144815990,0,1
54.144857642,0,0
54.144898794,0,1
54.144922046,1,1
54.144941406,1,0
54.144982544,1,1
54.145003994,0,1
54.145024174,0,0
54.145065310,0,1
54.145088554,1,1
54.145107914,1,0
54.145149050,1,1
54.145191654,1,0
54.145232784,1,1
54.145275392,1,0
54.145316520,1,1
54.145359124,1,0
54.145400254,1,1
54.145442856,1,0
54.145486446,1,1
54.145529060,1,0
54.145567244,1,1
54.145609856,1,0
54.145654448,1,1
54.145669306,1,0
54.145670558,1,1
54.149383534,0,1
54.149395340,0,0
54.149437962,0,1
54.149461208,1,1
54.149480574,1,0
54.149521716,1,1
54.149564334,1,0
54.149605480,1,1
54.149626930,0,1
54.149647114,0,0
54.149688258,0,1
54.149729888,0,0
54.149771030,0,1
54.149794284,1,1
54.149813648,1,0
54.149854792,1,1
54.149897408,1,0
54.149938544,1,1
54.149959994,0,1
54.149980178,0,0
54.150021320,0,1
54.150062948,0,0
54.150106556,0,1
54.150129808,1,1
54.150149178,1,0
54.150187364,1,1
54.150229980,1,0
54.150274572,1,1
54.150293190,1,0
54.154267784,1,1
54.240935170,0,1
54.240946974,0,0
54.240989586,0,1
54.241012828,1,1
54.241032188,1,0
54.241073322,1,1
54.241115934,1,0
54.241157072,1,1
54.241178520,0,1
54.241198702,0,0
54.241239842,0,1
54.241281466,0,0
54.241322604,0,1
54.241345850,1,1
54.241365212,1,0
54.241406342,1,1
54.241448952,1,0
54.241490084,1,1
54.241511530,0,1
54.241531708,0,0
54.241572840,0,1
54.241614466,0,0
54.241658064,0,1
54.241681308,1,1
54.241700670,1,0
54.241738850,1,1
54.241781460,1,0
54.241826036,1,1
54.241844178,1,0
54.242269496,1,1
54.266773962,1,0
54.267042992,0,0
54.267817882,0,1
54.267948660,0,0
54.267950236,1,0
54.267989804,1,1
54.268031434,1,0
54.268033444,0,0
54.268072584,0,1
54.268115200,0,0
54.268117246,1,0
54.268156344,1,1
54.268197976,1,0
54.268239114,1,1
54.268280742,1,0
54.268281928,0,0
54.268321890,0,1
54.268364504,0,0
54.268366734,1,0
54.268405640,1,1
54.268447268,1,0
54.268488404,1,1
54.268530030,1,0
54.268571162,1,1
54.268614266,1,0
54.268655398,1,1
54.268698006,1,0
54.268739138,1,1
54.268772406,0,1
54.268785690,0,0
54.268826834,0,1
54.268850084,1,1
54.269121682,0,1
54.269133488,0,0
54.269176102,0,1
54.269217722,0,0
54.269258864,0,1
54.269282112,1,1
54.269301474,1,0
54.269342606,1,1
54.269364056,0,1
54.269384238,0,0
54.269425378,0,1
54.269448622,1,1
54.269467984,1,0
54.269509120,1,1
54.269551730,1,0
54.269592866,1,1
54.269635476,1,0
54.269676610,1,1
54.269719218,1,0
54.269760350,1,1
54.269802962,1,0
54.269846560,1,1
54.269889168,1,0
54.269927346,1,1
54.269969958,1,0
54.270014538,1,1
54.270027446,1,0
54.270300536,0,0
54.271075278,0,1
54.271120584,0,0
54.271161738,0,1
54.271204356,0,0
54.271245506,0,1
54.271288118,0,0
54.271290118,1,0
54.271329256,1,1
54.271370884,1,0
54.271372316,0,0
54.271412026,0,1
54.271454628,0,0
54.271495764,0,1
54.271538374,0,0
54.271579532,0,1
54.271622154,0,0
54.271663292,0,1
54.271705898,0,0
54.271747040,0,1
54.271791130,0,0
54.271832278,0,1
54.271871444,0,0
54.271873770,1,0
54.271912582,1,1
54.271945854,0,1
54.271959138,0,0
54.272000282,0,1
54.272023530,1,1
54.272362294,0,1
54.272374118,0,0
54.272416800,0,1
54.272458494,0,0
54.272499698,0,1
54.272522982,1,1
54.272542372,1,0
54.272583574,1,1
54.272605054,0,1
54.272625268,0,0
54.272666476,0,1
54.272689760,1,1
54.272709152,1,0
54.272750356,1,1
54.272793038,1,0
54.272834242,1,1
54.272876924,1,0
54.272918132,1,1
54.272960810,1,0
54.273002012,1,1
54.273044690,1,0
54.273088368,1,1
54.273131050,1,0
54.273169302,1,1
54.273211986,1,0
54.273256646,1,1
54.273269456,1,0
54.273270712,1,1
54.339363228,0,1
54.339375056,0,0
54.339417760,0,1
54.339441052,1,1
54.339460450,1,0
54.339501676,1,1
54.339544370,1,0
54.339585592,1,1
54.339607078,0,1
54.339627302,0,0
54.339668530,0,1
54.339710236,0,0
54.339751462,0,1
54.339774758,1,1
54.339794160,1,0
54.339835390,1,1
54.339878080,1,0
54.339919300,1,1
54.339940786,0,1
54.339961006,0,0
54.340002228,0,1
54.340043934,0,0
54.340087622,0,1
54.340110916,1,1
54.340130312,1,0
54.340168578,1,1
54.340211276,1,0
54.340255960,1,1
54.340275160,1,0
54.346266982,1,1
54.403698110,1,0
54.403971300,0,0
54.404746494,0,1
54.405613090,0,0
54.405614992,1,0
54.405654322,1,1
54.405696036,1,0
54.405697232,0,0
54.405737274,0,1
54.405779972,0,0
54.405782070,1,0
54.405821200,1,1
54.405862912,1,0
54.405904138,1,1
54.405945846,1,0
54.405947806,0,0
54.405987082,0,1
54.406029782,0,0
54.406031642,1,0
54.406071014,1,1
54.406112730,1,0
54.406153960,1,1
54.406195670,1,0
54.406236900,1,1
54.406280092,1,0
54.406321316,1,1
54.406364016,1,0
54.406405240,1,1
54.406438576,0,1
54.406451886,0,0
54.406493124,0,1
54.406516424,1,1
54.406788606,0,1
54.406800436,0,0
54.406843140,0,1
54.406884848,0,0
54.406926080,0,1
54.406949374,1,1
54.406968772,1,0
54.407010002,1,1
54.407031492,0,1
54.407051716,0,0
54.407092944,0,1
54.407116240,1,1
54.407135642,1,0
54.407176876,1,1
54.407219574,1,0
54.407260800,1,1
54.407303502,1,0
54.407344730,1,1
54.407387430,1,0
54.407428656,1,1
54.407471352,1,0
54.407515040,1,1
54.407557736,1,0
54.407595998,1,1
54.407638694,1,0
54.407683372,1,1
54.407698176,1,0
54.407971392,0,0
54.408746552,0,1
54.408789364,0,0
54.408830606,0,1
54.408873308,0,0
54.408914548,0,1
54.408957254,0,0
54.408998496,0,1
54.409041202,0,0
54.409082446,0,1
54.409125154,0,0
54.409166402,0,1
54.409209106,0,0
54.409250348,0,1
54.409293054,0,0
54.409334294,0,1
54.409377004,0,0
54.409418248,0,1
54.409462436,0,0
54.409463830,1,0
54.409503670,1,1
54.409546372,1,0
54.409587600,1,1
54.409620942,0,1
54.409634254,0,0
54.409675498,0,1
54.409698796,1,1
54.410042372,0,1
54.410054184,0,0
54.410096824,0,1
54.410138466,0,0
54.410179630,0,1
54.410202888,1,1
54.410222256,1,0
54.410263412,1,1
54.410284870,0,1
54.410305064,0,0
54.410346224,0,1
54.410369480,1,1
54.410388850,1,0
54.410430004,1,1
54.410472630,1,0
54.410513780,1,1
54.410556406,1,0
54.410597554,1,1
54.410640180,1,0
54.410681330,1,1
54.410723960,1,0
54.410767574,1,1
54.410810198,1,0
54.410848390,1,1
54.410891018,1,0
54.410935620,1,1
54.410948606,1,0
54.410949860,1,1
54.436331254,0,1
54.436343062,0,0
54.436385686,0,1
54.436408934,1,1
54.436428298,1,0
54.436469438,1,1
54.436512052,1,0
54.436553190,1,1
54.436574640,0,1
54.436594822,0,0
54.436635970,0,1
54.436677598,0,0
54.436718736,0,1
54.436741986,1,1
54.436761352,1,0
54.436802496,1,1
54.436845112,1,0
54.436886256,1,1
54.436907708,0,1
54.436927892,0,0
54.436969036,0,1
54.437010668,0,0
54.437054278,0,1
54.437077524,1,1
54.437096888,1,0
54.437135074,1,1
54.437177694,1,0
54.437222286,1,1
54.437239960,1,0
54.442266932,1,1
54.523103542,1,0
54.523107542,0,0
54.524151558,0,1
54.524291728,0,0
54.524293962,1,0
54.524332870,1,1
54.524374498,1,0
54.524376150,0,0
54.524415638,0,1
54.524458250,0,0
54.524459940,1,0
54.524499388,1,1
54.524541010,1,0
54.524582148,1,1
54.524623768,1,0
54.524625608,0,0
54.524664908,0,1
54.524707522,0,0
54.524709394,1,0
54.524748658,1,1
54.524790278,1,0
54.524831410,1,1
54.524873030,1,0
54.524914162,1,1
54.524957262,1,0
54.524998398,1,1
54.525041010,1,0
54.525082144,1,1
54.525115416,0,1
54.525128698,0,0
54.525169842,0,1
54.525193096,1,1
54.525464690,0,1
54.525476494,0,0
54.525519106,0,1
54.525560730,0,0
54.525601868,0,1
54.525625114,1,1
54.525644478,1,0
54.525685612,1,1
54.525707062,0,1
54.525727244,0,0
54.525768386,0,1
54.525791632,1,1
54.525810994,1,0
54.525852130,1,1
54.525894744,1,0
54.525935882,1,1
54.525978494,1,0
54.526019630,1,1
54.526062238,1,0
54.526103370,1,1
54.526145984,1,0
54.526189584,1,1
54.526232196,1,0
54.526270380,1,1
54.526312992,1,0
54.526357570,1,1
54.526373016,1,0
54.526642048,0,0
54.527416824,0,1
54.527463706,0,0
54.527504860,0,1
54.527547476,0,0
54.527588630,0,1
54.527631250,0,0
54.527632636,1,0
54.527672388,1,1
54.527714022,1,0
54.527715820,0,0
54.527755168,0,1
54.527797780,0,0
54.527838926,0,1
54.527881542,0,0
54.527922690,0,1
54.527965304,0,0
54.528006452,0,1
54.528049068,0,0
54.528090214,0,1
54.528134310,0,0
54.528175474,0,1
54.528214644,0,0
54.528216142,1,0
54.528255792,1,1
54.528289068,0,1
54.528302352,0,0
54.528343494,0,1
54.528366740,1,1
54.528705556,0,1
54.528717386,0,0
54.528760088,0,1
54.528801784,0,0
54.528842996,0,1
54.528866280,1,1
54.528885674,1,0
54.528926880,1,1
54.528948364,0,1
54.528968578,0,0
54.529009788,0,1
54.529033074,1,1
54.529052468,1,0
54.529093676,1,1
54.529136358,1,0
54.529177568,1,1
54.529220252,1,0
54.529261460,1,1
54.529304142,1,0
54.529345350,1,1
54.529388030,1,0
54.529431708,1,1
54.529474394,1,0
54.529512646,1,1
54.529555334,1,0
54.529599996,1,1
54.529614634,1,0
54.529615892,1,1
54.533333364,0,1
54.533345192,0,0
54.533387892,0,1
54.533411188,1,1
54.533430588,1,0
54.533471798,1,1
54.533514486,1,0
54.533555698,1,1
54.533577184,0,1
54.533597404,0,0
54.533638622,0,1
54.533680326,0,0
54.533721546,0,1
54.533744838,1,1
54.533764236,1,0
54.533805456,1,1
54.533848148,1,0
54.533889366,1,1
54.533910852,0,1
54.533931072,0,0
54.533972292,0,1
54.534013996,0,0
54.534057686,0,1
54.534080976,1,1
54.534100372,1,0
54.534138632,1,1
54.534181324,1,0
54.534225996,1,1
54.534244290,1,0
54.538266694,1,1
54.625035060,0,1
54.625046888,0,0
54.625089592,0,1
54.625112886,1,1
54.625132284,1,0
54.625173506,1,1
54.625216200,1,0
54.625257422,1,1
54.625278910,0,1
54.625299130,0,0
54.625340352,0,1
54.625382060,0,0
54.625423284,0,1
54.625446580,1,1
54.625465978,1,0
54.625507204,1,1
54.625549898,1,0
54.625591120,1,1
54.625612608,0,1
54.625632832,0,0
54.625674058,0,1
54.625715764,0,0
54.625759454,0,1
54.625782748,1,1
54.625802144,1,0
54.625840400,1,1
54.625883088,1,0
54.625927760,1,1
54.625945098,1,0
54.626266830,1,1
54.658795892,1,0
54.659064970,0,0
54.659840002,0,1
54.659981078,0,0
54.659982450,1,0
54.660022314,1,1
54.660064034,1,0
54.660065692,0,0
54.660105278,0,1
54.660147986,0,0
54.660149530,1,0
54.660189222,1,1
54.660230940,1,0
54.660272174,1,1
54.660313888,1,0
54.660315270,0,0
54.660355132,0,1
54.660397836,0,0
54.660400106,1,0
54.660439072,1,1
54.660480792,1,0
54.660522026,1,1
54.660563744,1,0
54.660604976,1,1
54.660648174,1,0
54.660689402,1,1
54.660732104,1,0
54.660773332,1,1
54.660806674,0,1
54.660819986,0,0
54.660861232,0,1
54.660884542,1,1
54.661156774,0,1
54.661168610,0,0
54.661211348,0,1
54.661253084,0,0
54.661294334,0,1
54.661317638,1,1
54.661337042,1,0
54.661378280,1,1
54.661399774,0,1
54.661420002,0,0
54.661461238,0,1
54.661484536,1,1
54.661503940,1,0
54.661545172,1,1
54.661587874,1,0
54.661629100,1,1
54.661671808,1,0
54.661713038,1,1
54.661755742,1,0
54.661796976,1,1
54.661839672,1,0
54.661883370,1,1
54.661926070,1,0
54.661964336,1,1
54.662007036,1,0
54.662051722,1,1
54.662066436,1,0
54.662339652,0,0
54.663114850,0,1
54.663157818,0,0
54.663199066,0,1
54.663241778,0,0
54.663283026,0,1
54.663325736,0,0
54.663366984,0,1
54.663409692,0,0
54.663450938,0,1
54.663493646,0,0
54.663534890,0,1
54.663577598,0,0
54.663618844,0,1
54.663661552,0,0
54.663702798,0,1
54.663745506,0,0
54.663786752,0,1
54.663830942,0,0
54.663833204,1,0
54.663872176,1,1
54.663914882,1,0
54.663956114,1,1
54.663989458,0,1
54.664002772,0,0
54.664044012,0,1
54.664067314,1,1
54.664410914,0,1
54.664422728,0,0
54.664465370,0,1
54.664507018,0,0
54.664548182,0,1
54.664571438,1,1
54.664590812,1,0
54.664631968,1,1
54.664653426,0,1
54.664673616,0,0
54.664714778,0,1
54.664738038,1,1
54.664757406,1,0
54.664798564,1,1
54.664841194,1,0
54.664882346,1,1
54.664924976,1,0
54.664966130,1,1
54.665008758,1,0
54.665049910,1,1
54.665092542,1,0
54.665136158,1,1
54.665178792,1,0
54.665216992,1,1
54.665259618,1,0
54.665304222,1,1
54.665317084,1,0
54.665318342,1,1
54.723195362,0,1
54.723207168,0,0
54.723249784,0,1
54.723273030,1,1
54.723292392,1,0
54.723333526,1,1
54.723376134,1,0
54.723417266,1,1
54.723438714,0,1
54.723458894,0,0
54.723500032,0,1
54.723541660,0,0
54.723582798,0,1
54.723606046,1,1
54.723625406,1,0
54.723666542,1,1
54.723709154,1,0
54.723750290,1,1
54.723771734,0,1
54.723791916,0,0
54.723833056,0,1
54.723874684,0,0
54.723918288,0,1
54.723941534,1,1
54.723960896,1,0
54.723999078,1,1
54.724041690,1,0
54.724086274,1,1
54.724104392,1,0
54.730265966,1,1
54.803037552,1,0
54.803310538,0,0
54.804085198,0,1
54.804213264,0,0
54.804215522,1,0
54.804254406,1,1
54.804296040,1,0
54.804297724,0,0
54.804337188,0,1
54.804379802,0,0
54.804381512,1,0
54.804420940,1,1
54.804462568,1,0
54.804503704,1,1
54.804545328,1,0
54.804547186,0,0
54.804586472,0,1
54.804629082,0,0
54.804630974,1,0
54.804670220,1,1
54.804711848,1,0
54.804752984,1,1
54.804794608,1,0
54.804835740,1,1
54.804878840,1,0
54.804919970,1,1
54.804962580,1,0
54.805003712,1,1
54.805036980,0,1
54.805050262,0,0
54.805091406,0,1
54.805114650,1,1
54.805386232,0,1
54.805398036,0,0
54.805440642,0,1
54.805482266,0,0
54.805523402,0,1
54.805546644,1,1
54.805566006,1,0
54.805607140,1,1
54.805628586,0,1
54.805648766,0,0
54.805689902,0,1
54.805713150,1,1
54.805732512,1,0
54.805773644,1,1
54.805816252,1,0
54.805857386,1,1
54.805899998,1,0
54.805941136,1,1
54.805983744,1,0
54.806024874,1,1
54.806067480,1,0
54.806111074,1,1
54.806153686,1,0
54.806191858,1,1
54.806234466,1,0
54.806279050,1,1
54.806294670,1,0
54.806567732,0,0
54.807342498,0,1
54.807382634,0,0
54.807423784,0,1
54.807466402,0,0
54.807507550,0,1
54.807550164,0,0
54.807552266,1,0
54.807591302,1,1
54.807632926,1,0
54.807634444,0,0
54.807674072,0,1
54.807716684,0,0
54.807757830,0,1
54.807800444,0,0
54.807841592,0,1
54.807884204,0,0
54.807925350,0,1
54.807967962,0,0
54.808009106,0,1
54.808053196,0,0
54.808094344,0,1
54.808133506,0,0
54.808135782,1,0
54.808174654,1,1
54.808207934,0,1
54.808221220,0,0
54.808262370,0,1
54.808285618,1,1
54.808624392,0,1
54.808636214,0,0
54.808678890,0,1
54.808720574,0,0
54.808761782,0,1
54.808785066,1,1
54.808804458,1,0
54.808845664,1,1
54.808867148,0,1
54.808887364,0,0
54.808928580,0,1
54.808951862,1,1
54.808971258,1,0
54.809012470,1,1
54.809055152,1,0
54.809096362,1,1
54.809139048,1,0
54.809180260,1,1
54.809222940,1,0
54.809264148,1,1
54.809306828,1,0
54.809350502,1,1
54.809393184,1,0
54.809431428,1,1
54.809474108,1,0
54.809518770,1,1
54.809532266,1,0
54.809533520,1,1
54.821387104,0,1
54.821398932,0,0
54.821441634,0,1
54.821464926,1,1
54.821484322,1,0
54.821525536,1,1
54.821568226,1,0
54.821609440,1,1
54.821630928,0,1
54.821651148,0,0
54.821692368,0,1
54.821734066,0,0
54.821775274,0,1
54.821798550,1,1
54.821817938,1,0
54.821859134,1,1
54.821901800,1,0
54.821942986,1,1
54.821964462,0,1
54.821984670,0,0
54.822025862,0,1
54.822067540,0,0
54.822111198,0,1
54.822134474,1,1
54.822153862,1,0
54.822192092,1,1
54.822234756,1,0
54.822279398,1,1
54.822298040,1,0
54.826265950,1,1
54.913084458,0,1
54.913096288,0,0
54.913138992,0,1
54.913162290,1,1
54.913181686,1,0
54.913222910,1,1
54.913265608,1,0
54.913306832,1,1
54.913328324,0,1
54.913348548,0,0
54.913389774,0,1
54.913431486,0,0
54.913472716,0,1
54.913496010,1,1
54.913515410,1,0
54.913556632,1,1
54.913599330,1,0
54.913640556,1,1
54.913662044,0,1
54.913682266,0,0
54.913723496,0,1
54.913765206,0,0
54.913808900,0,1
54.913832196,1,1
54.913851596,1,0
54.913889858,1,1
54.913932554,1,0
54.913977234,1,1
54.913996348,1,0
54.914267010,1,1
54.939912078,1,0
54.940181222,0,0
54.940956500,0,1
54.941330516,0,0
54.941332512,1,0
54.941371750,1,1
54.941413464,1,0
54.941414756,0,0
54.941454702,0,1
54.941497406,0,0
54.941499598,1,0
54.941538636,1,1
54.941580350,1,0
54.941621576,1,1
54.941663292,1,0
54.941664352,0,0
54.941704528,0,1
54.941747232,0,0
54.941749204,1,0
54.941788466,1,1
54.941830182,1,0
54.941871412,1,1
54.941913128,1,0
54.941954368,1,1
54.941997576,1,0
54.942038824,1,1
54.942081538,1,0
54.942122780,1,1
54.942156138,0,1
54.942169458,0,0
54.942210712,0,1
54.942234022,1,1
54.942506316,0,1
54.942518148,0,0
54.942560862,0,1
54.942602576,0,0
54.942643804,0,1
54.942667098,1,1
54.942686498,1,0
54.942727718,1,1
54.942749206,0,1
54.942769428,0,0
54.942810652,0,1
54.942833950,1,1
54.942853350,1,0
54.942894574,1,1
54.942937274,1,0
54.942978502,1,1
54.943021198,1,0
54.943062424,1,1
54.943105122,1,0
54.943146348,1,1
54.943189050,1,0
54.943232744,1,1
54.943275444,1,0
54.943313706,1,1
54.943356406,1,0
54.943401084,1,1
54.943413024,1,0
54.943682266,0,0
54.944457572,0,1
54.944500650,0,0
54.944541894,0,1
54.944584600,0,0
54.944625842,0,1
54.944668548,0,0
54.944709784,0,1
54.944752486,0,0
54.944793724,0,1
54.944836428,0,0
54.944877666,0,1
54.944920368,0,0
54.944961612,0,1
54.945004312,0,0
54.945045554,0,1
54.945088254,0,0
54.945129494,0,1
54.945173684,0,0
54.945175030,1,0
54.945214916,1,1
54.945257616,1,0
54.945298842,1,1
54.945332182,0,1
54.945345492,0,0
54.945386726,0,1
54.945410022,1,1
54.945753570,0,1
54.945765380,0,0
54.945808016,0,1
54.945849660,0,0
54.945890820,0,1
54.945914076,1,1
54.945933444,1,0
54.945974600,1,1
54.945996054,0,1
54.946016244,0,0
54.946057398,0,1
54.946080652,1,1
54.946100020,1,0
54.946141174,1,1
54.946183800,1,0
54.946224952,1,1
54.946267580,1,0
54.946308734,1,1
54.946351366,1,0
54.946392524,1,1
54.946435148,1,0
54.946478764,1,1
54.946521390,1,0
54.946559582,1,1
54.946602206,1,0
54.946646806,1,1
54.946659988,1,0
54.946661244,1,1
55.009951390,0,1
55.009963196,0,0
55.010005812,0,1
55.010029058,1,1
55.010048420,1,0
55.010089560,1,1
55.010132172,1,0
55.010173306,1,1
55.010194758,0,1
55.010214940,0,0
55.010256082,0,1
55.010297712,0,0
55.010338862,0,1
55.010362112,1,1
55.010381476,1,0
55.010422614,1,1
55.010465230,1,0
55.010506368,1,1
55.010527814,0,1
55.010547994,0,0
55.010589136,0,1
55.010630760,0,0
55.010674364,0,1
55.010697610,1,1
55.010716972,1,0
55.010755154,1,1
55.010797762,1,0
55.010842342,1,1
55.010860760,1,0
55.018265102,1,1
55.082789134,1,0
55.083058084,0,0
55.083832690,0,1
55.084178124,0,0
55.084180330,1,0
55.084219264,1,1
55.084260898,1,0
55.084262530,0,0
55.084302044,0,1
55.084344656,0,0
55.084346312,1,0
55.084385792,1,1
55.084427418,1,0
55.084468548,1,1
55.084510168,1,0
55.084511948,0,0
55.084551308,0,1
55.084593914,0,0
55.084595712,1,0
55.084635048,1,1
55.084676672,1,0
55.084717808,1,1
55.084759430,1,0
55.084800562,1,1
55.084843666,1,0
55.084884800,1,1
55.084927410,1,0
55.084968542,1,1
55.085001808,0,1
55.085015092,0,0
55.085056238,0,1
55.085079492,1,1
55.085351116,0,1
55.085362924,0,0
55.085405530,0,1
55.085447152,0,0
55.085488290,0,1
55.085511534,1,1
55.085530894,1,0
55.085572028,1,1
55.085593476,0,1
55.085613656,0,0
55.085654794,0,1
55.085678042,1,1
55.085697402,1,0
55.085738540,1,1
55.085781150,1,0
55.085822286,1,1
55.085864894,1,0
55.085906028,1,1
55.085948640,1,0
55.085989774,1,1
55.086032382,1,0
55.086075976,1,1
55.086118586,1,0
55.086156768,1,1
55.086199376,1,0
55.086243956,1,1
55.086259202,1,0
55.086532226,0,0
55.087306944,0,1
55.087347546,0,0
55.087388700,0,1
55.087431320,0,0
55.087472470,0,1
55.087515090,0,0
55.087516732,1,0
55.087556234,1,1
55.087597864,1,0
55.087599916,0,0
55.087639010,0,1
55.087681624,0,0
55.087722768,0,1
55.087765384,0,0
55.087806532,0,1
55.087849144,0,0
55.087890292,0,1
55.087932904,0,0
55.087974054,0,1
55.088018142,0,0
55.088059292,0,1
55.088098460,0,0
55.088100246,1,0
55.088139598,1,1
55.088172884,0,1
55.088186172,0,0
55.088227318,0,1
55.088250570,1,1
55.088589344,0,1
55.088601166,0,0
55.088643842,0,1
55.088685526,0,0
55.088726736,0,1
55.088750022,1,1
55.088769416,1,0
55.088810624,1,1
55.088832110,0,1
55.088852328,0,0
55.088893542,0,1
55.088916828,1,1
55.088936222,1,0
55.088977432,1,1
55.089020120,1,0
55.089061328,1,1
55.089104012,1,0
55.089145222,1,1
55.089187906,1,0
55.089229112,1,1
55.089271798,1,0
55.089315474,1,1
55.089358160,1,0
55.089396408,1,1
55.089439092,1,0
55.089483752,1,1
55.089496762,1,0
55.089498022,1,1
55.106775774,0,1
55.106787602,0,0
55.106830304,0,1
55.106853594,1,1
55.106872990,1,0
55.106914204,1,1
55.106956896,1,0
55.106998110,1,1
55.107019598,0,1
55.107039816,0,0
55.107081040,0,1
55.107122740,0,0
55.107163966,0,1
55.107187258,1,1
55.107206656,1,0
55.107247870,1,1
55.107290564,1,0
55.107331782,1,1
55.107353270,0,1
55.107373488,0,0
55.107414708,0,1
55.107456416,0,0
55.107500110,0,1
55.107523402,1,1
55.107542798,1,0
55.107581060,1,1
55.107623754,1,0
55.107668426,1,1
55.107686648,1,0
55.114265114,1,1
55.197977346,0,1
55.197989176,0,0
55.198031882,0,1
55.198055178,1,1
55.198074574,1,0
55.198115796,1,1
55.198158498,1,0
55.198199726,1,1
55.198221216,0,1
55.198241440,0,0
55.198282668,0,1
55.198324380,0,0
55.198365608,0,1
55.198388904,1,1
55.198408304,1,0
55.198449530,1,1
55.198492228,1,0
55.198533450,1,1
55.198554942,0,1
55.198575164,0,0
55.198616388,0,1
55.198658094,0,0
55.198701794,0,1
55.198725090,1,1
55.198744490,1,0
55.198782748,1,1
55.198825450,1,0
55.198870130,1,1
55.198888774,1,0
55.202264570,1,1
55.216039422,0,1
55.216051250,0,0
55.216093956,0,1
55.216135668,0,0
55.216176902,0,1
55.216218614,0,0
55.216259852,0,1
55.216301564,0,0
55.216342794,0,1
55.216384506,0,0
55.216425736,0,1
55.216449032,1,1
55.216468430,1,0
55.216509658,1,1
55.216552354,1,0
55.216593570,1,1
55.216636266,1,0
55.216677486,1,1
55.216720186,1,0
55.216763882,1,1
55.216806582,1,0
55.216844842,1,1
55.216887544,1,0
55.216932226,1,1
55.220570248,0,1
55.220582080,0,0
55.220624788,0,1
55.220648084,1,1
55.220667482,1,0
55.220708708,1,1
55.220751402,1,0
55.220792626,1,1
55.220814116,0,1
55.220834340,0,0
55.220875572,0,1
55.220917282,0,0
55.220958512,0,1
55.220981808,1,1
55.221001206,1,0
55.221042434,1,1
55.221085132,1,0
55.221126360,1,1
55.221147850,0,1
55.221168076,0,0
55.221209310,0,1
55.221251022,0,0
55.221294720,0,1
55.221318018,1,1
55.221337418,1,0
55.221375682,1,1
55.221418376,1,0
55.221463052,1,1
55.221481344,1,0
55.234360948,1,1
55.250030638,1,0
55.250303792,0,0
55.251078910,0,1
55.251208628,0,0
55.251210316,1,0
55.251249866,1,1
55.251291588,1,0
55.251293580,0,0
55.251332830,0,1
55.251375532,0,0
55.251377420,1,0
55.251416764,1,1
55.251458476,1,0
55.251499708,1,1
55.251541422,1,0
55.251543186,0,0
55.251582660,0,1
55.251625364,0,0
55.251627026,1,0
55.251666594,1,1
55.251708304,1,0
55.251749532,1,1
55.251791246,1,0
55.251832472,1,1
55.251875664,1,0
55.251916890,1,1
55.251959586,1,0
55.252000810,1,1
55.252034150,0,1
55.252047462,0,0
55.252088702,0,1
55.252112008,1,1
55.252384232,0,1
55.252396062,0,0
55.252438772,0,1
55.252480480,0,0
55.252521712,0,1
55.252545012,1,1
55.252564410,1,0
55.252605640,1,1
55.252627132,0,1
55.252647356,0,0
55.252688590,0,1
55.252711888,1,1
55.252731288,1,0
55.252772512,1,1
55.252815216,1,0
55.252856444,1,1
55.252899140,1,0
55.252940368,1,1
55.252983068,1,0
55.253024296,1,1
55.253066992,1,0
55.253110684,1,1
55.253153384,1,0
55.253191648,1,1
55.253234346,1,0
55.253279028,1,1
55.253293420,1,0
55.253562592,0,0
55.254337858,0,1
55.254378594,0,0
55.254419824,0,1
55.254462528,0,0
55.254503780,0,1
55.254546484,0,0
55.254587720,0,1
55.254630416,0,0
55.254671652,0,1
55.254714352,0,0
55.254755592,0,1
55.254798294,0,0
55.254839534,0,1
55.254882236,0,0
55.254923474,0,1
55.254966176,0,0
55.255007416,0,1
55.255051598,0,0
55.255053184,1,0
55.255092828,1,1
55.255135526,1,0
55.255176756,1,1
55.255210096,0,1
55.255223406,0,0
55.255264640,0,1
55.255287940,1,1
55.255631488,0,1
55.255643300,0,0
55.255685938,0,1
55.255727584,0,0
55.255768744,0,1
55.255792000,1,1
55.255811368,1,0
55.255852524,1,1
55.255873980,0,1
55.255894170,0,0
55.255935326,0,1
55.255958584,1,1
55.255977950,1,0
55.256019104,1,1
55.256061730,1,0
55.256102880,1,1
55.256145510,1,0
55.256186666,1,1
55.256229290,1,0
55.256270442,1,1
55.256313066,1,0
55.256356680,1,1
55.256399304,1,0
55.256437496,1,1
55.256480118,1,0
55.256524718,1,1
55.256540136,1,0
55.256541380,1,1
55.279707422,0,1
55.279719230,0,0
55.279761850,0,1
55.279803484,0,0
55.279844628,0,1
55.279886260,0,0
55.279927410,0,1
55.279950660,1,1
55.279970028,1,0
55.280011174,1,1
55.280032626,0,1
55.280052812,0,0
55.280093964,0,1
55.280117216,1,1
55.280136580,1,0
55.280177730,1,1
55.280220350,1,0
55.280261496,1,1
55.280282946,0,1
55.280303128,0,0
55.280344276,0,1
55.280385910,0,0
55.280429526,0,1
55.280471160,0,0
55.280509354,0,1
55.280532604,1,1
55.280551968,1,0
55.280596568,1,1
55.280615030,1,0
55.282353106,1,1
55.299049956,0,1
55.299061764,0,0
55.299104384,0,1
55.299127638,1,1
55.299147002,1,0
55.299188144,1,1
55.299230768,1,0
55.299271912,1,1
55.299293360,0,1
55.299313544,0,0
55.299354690,0,1
55.299396324,0,0
55.299437466,0,1
55.299460714,1,1
55.299480076,1,0
55.299521216,1,1
55.299563834,1,0
55.299604976,1,1
55.299626430,0,1
55.299646614,0,0
55.299687756,0,1
55.299729386,0,0
55.299772996,0,1
55.299796246,1,1
55.299815608,1,0
55.299853794,1,1
55.299896412,1,0
55.299941000,1,1
55.299959064,1,0
55.306353784,1,1
55.346639986,0,1
55.346651794,0,0
55.346694414,0,1
55.346736040,0,0
55.346777182,0,1
55.346818812,0,0
55.346859954,0,1
55.346901584,0,0
55.346942728,0,1
55.346984356,0,0
55.347025500,0,1
55.347048748,1,1
55.347068112,1,0
55.347109254,1,1
55.347151866,1,0
55.347193006,1,1
55.347235620,1,0
55.347276758,1,1
55.347319376,1,0
55.347362974,1,1
55.347405588,1,0
55.347443768,1,1
55.347486380,1,0
55.347530960,1,1
55.351161308,0,1
55.351173114,0,0
55.351215732,0,1
55.351238982,1,1
55.351258342,1,0
55.351299478,1,1
55.351342090,1,0
55.351383230,1,1
55.351404678,0,1
55.351424860,0,0
55.351465998,0,1
55.351507628,0,0
55.351548770,0,1
55.351572018,1,1
55.351591378,1,0
55.351632514,1,1
55.351675126,1,0
55.351716260,1,1
55.351737706,0,1
55.351757886,0,0
55.351799026,0,1
55.351840652,0,0
55.351884250,0,1
55.351907498,1,1
55.351926860,1,0
55.351965038,1,1
55.352007650,1,0
55.352052236,1,1
55.359695804,1,0
55.362353186,1,1
55.371726728,0,1
55.371738536,0,0
55.371781150,0,1
55.371822774,0,0
55.371863916,0,1
55.371905544,0,0
55.371946686,0,1
55.371988312,0,0
55.372029454,0,1
55.372071080,0,0
55.372112220,0,1
55.372135466,1,1
55.372154830,1,0
55.372195966,1,1
55.372238578,1,0
55.372279714,1,1
55.372322324,1,0
55.372363460,1,1
55.372406068,1,0
55.372449664,1,1
55.372492272,1,0
55.372530450,1,1
55.372573058,1,0
55.372617642,1,1
55.376248748,0,1
55.376260554,0,0
55.376303168,0,1
55.376344790,0,0
55.376385926,0,1
55.376427554,0,0
55.376468696,0,1
55.376491940,1,1
55.376511300,1,0
55.376552438,1,1
55.376573884,0,1
55.376594064,0,0
55.376635200,0,1
55.376658446,1,1
55.376677812,1,0
55.376718946,1,1
55.376761554,1,0
55.376802686,1,1
55.376824134,0,1
55.376844312,0,0
55.376885448,0,1
55.376927072,0,0
55.376970674,0,1
55.377012294,0,0
55.377050472,0,1
55.377073716,1,1
55.377093078,1,0
55.377137662,1,1
55.384406044,1,0
55.386353552,1,1
55.435612202,0,1
55.435624008,0,0
55.435666620,0,1
55.435708240,0,0
55.435749374,0,1
55.435790998,0,0
55.435832134,0,1
55.435855376,1,1
55.435874734,1,0
55.435915862,1,1
55.435937306,0,1
55.435957482,0,0
55.435998610,0,1
55.436021850,1,1
55.436041212,1,0
55.436082346,1,1
55.436124950,1,0
55.436166090,1,1
55.436187548,0,1
55.436207740,0,0
55.436248900,0,1
55.436290550,0,0
55.436334176,0,1
55.436375820,0,0
55.436414018,0,1
55.436437272,1,1
55.436456642,1,0
55.436501246,1,1
55.436520254,1,0
55.442352956,1,1
55.443826310,0,1
55.443838116,0,0
55.443880726,0,1
55.443903974,1,1
55.443923336,1,0
55.443964470,1,1
55.444007076,1,0
55.444048210,1,1
55.444069658,0,1
55.444089838,0,0
55.444130974,0,1
55.444172604,0,0
55.444213746,0,1
55.444236990,1,1
55.444256350,1,0
55.444297486,1,1
55.444340098,1,0
55.444381230,1,1
55.444402676,0,1
55.444422856,0,0
55.444464000,0,1
55.444505628,0,0
55.444549230,0,1
55.444572476,1,1
55.444591838,1,0
55.444630016,1,1
55.444672624,1,0
55.444717206,1,1
55.444735258,1,0
55.450345888,1,1
55.466249102,1,0
55.466253104,0,0
55.467297352,0,1
55.467464372,0,0
55.467465940,1,0
55.467505516,1,1
55.467547146,1,0
55.467549158,0,0
55.467588290,0,1
55.467630906,0,0
55.467632956,1,0
55.467672044,1,1
55.467713672,1,0
55.467754808,1,1
55.467796436,1,0
55.467797654,0,0
55.467837580,0,1
55.467880192,0,0
55.467882468,1,0
55.467921326,1,1
55.467962936,1,0
55.468004066,1,1
55.468045698,1,0
55.468086848,1,1
55.468129952,1,0
55.468171098,1,1
55.468213712,1,0
55.468254846,1,1
55.468288118,0,1
55.468301404,0,0
55.468342548,0,1
55.468365796,1,1
55.468637402,0,1
55.468649208,0,0
55.468691822,0,1
55.468733444,0,0
55.468774582,0,1
55.468797824,1,1
55.468817186,1,0
55.468858320,1,1
55.468879768,0,1
55.468899946,0,0
55.468941084,0,1
55.468964330,1,1
55.468983690,1,0
55.469024826,1,1
55.469067436,1,0
55.469108574,1,1
55.469151188,1,0
55.469192322,1,1
55.469234934,1,0
55.469276068,1,1
55.469318674,1,0
55.469362272,1,1
55.469404880,1,0
55.469443060,1,1
55.469485670,1,0
55.469530250,1,1
55.469543570,1,0
55.469812706,0,0
55.470587708,0,1
55.470627492,0,0
55.470668648,0,1
55.470711266,0,0
55.470752412,0,1
55.470795030,0,0
55.470796586,1,0
55.470836170,1,1
55.470877792,1,0
55.470879810,0,0
55.470918936,0,1
55.470961550,0,0
55.471002696,0,1
55.471045314,0,0
55.471086468,0,1
55.471129082,0,0
55.471170238,0,1
55.471212856,0,0
55.471254006,0,1
55.471298100,0,0
55.471339248,0,1
55.471378416,0,0
55.471380366,1,0
55.471419554,1,1
55.471452828,0,1
55.471466112,0,0
55.471507254,0,1
55.471530504,1,1
55.471869282,0,1
55.471881106,0,0
55.471923784,0,1
55.471965478,0,0
55.472006686,0,1
55.472029972,1,1
55.472049364,1,0
55.472090572,1,1
55.472112054,0,1
55.472132270,0,0
55.472173488,0,1
55.472196774,1,1
55.472216170,1,0
55.472257382,1,1
55.472300066,1,0
55.472341276,1,1
55.472383964,1,0
55.472425176,1,1
55.472467858,1,0
55.472509070,1,1
55.472551752,1,0
55.472595430,1,1
55.472638116,1,0
55.472676366,1,1
55.472719050,1,0
55.472763718,1,1
55.472778270,1,0
55.472779524,1,1
55.835402272,1,0
55.835671440,0,0
55.836446660,0,1
55.837261100,0,0
55.837262614,1,0
55.837302336,1,1
55.837344052,1,0
55.837345852,0,0
55.837385296,0,1
55.837428002,0,0
55.837429680,1,0
55.837469238,1,1
55.837510956,1,0
55.837552190,1,1
55.837593902,1,0
55.837595432,0,0
55.837635146,0,1
55.837677848,0,0
55.837679254,1,0
55.837719078,1,1
55.837760790,1,0
55.837802022,1,1
55.837843736,1,0
55.837884968,1,1
55.837928166,1,0
55.837969398,1,1
55.838012100,1,0
55.838053328,1,1
55.838086672,0,1
55.838099984,0,0
55.838141226,0,1
55.838164532,1,1
55.838436884,0,1
55.838448722,0,0
55.838491458,0,1
55.838533192,0,0
55.838574452,0,1
55.838597766,1,1
55.838617180,1,0
55.838658444,1,1
55.838679950,0,1
55.838700192,0,0
55.838741460,0,1
55.838764770,1,1
55.838784174,1,0
55.838825414,1,1
55.838868124,1,0
55.838909356,1,1
55.838952064,1,0
55.838993300,1,1
55.839036000,1,0
55.839077232,1,1
55.839119936,1,0
55.839163640,1,1
55.839206338,1,0
55.839244608,1,1
55.839287310,1,0
55.839331994,1,1
55.839345744,1,0
55.839614932,0,0
55.840390086,0,1
55.840431728,0,0
55.840472976,0,1
55.840515686,0,0
55.840556936,0,1
55.840599640,0,0
55.840640880,0,1
55.840683584,0,0
55.840724830,0,1
55.840767536,0,0
55.840808784,0,1
55.840851488,0,0
55.840892730,0,1
55.840935430,0,0
55.840976672,0,1
55.841019370,0,0
55.841060612,0,1
55.841104802,0,0
55.841106330,1,0
55.841146042,1,1
55.841188754,1,0
55.841229992,1,1
55.841263334,0,1
55.841276646,0,0
55.841317886,0,1
55.841341190,1,1
55.841684780,0,1
55.841696594,0,0
55.841739238,0,1
55.841780888,0,0
55.841822050,0,1
55.841845310,1,1
55.841864682,1,0
55.841905840,1,1
55.841927300,0,1
55.841947492,0,0
55.841988660,0,1
55.842011918,1,1
55.842031288,1,0
55.842072444,1,1
55.842115074,1,0
55.842156234,1,1
55.842198866,1,0
55.842240024,1,1
55.842282660,1,0
55.842323820,1,1
55.842366454,1,0
55.842410074,1,1
55.842452702,1,0
55.842490898,1,1
55.842533532,1,0
55.842578124,1,1
55.842592034,1,0
55.842593288,1,1
55.975912726,0,1
55.975924532,0,0
55.975967150,0,1
55.975990394,1,1
55.976009758,1,0
55.976050892,1,1
55.976093504,1,0
55.976134638,1,1
55.976156088,0,1
55.976176270,0,0
55.976217412,0,1
55.976259044,0,0
55.976300186,0,1
55.976323432,1,1
55.976342794,1,0
55.976383930,1,1
55.976426540,1,0
55.976467678,1,1
55.976489126,0,1
55.976509306,0,0
55.976550446,0,1
55.976592072,0,0
55.976635678,0,1
55.976658920,1,1
55.976678282,1,0
55.976716460,1,1
55.976759070,1,0
55.976803650,1,1
55.976821274,1,0
55.978262770,1,1
55.994687308,1,0
55.994960500,0,0
55.995735468,0,1
55.996441578,0,0
55.996443546,1,0
55.996482728,1,1
55.996524364,1,0
55.996525762,0,0
55.996565518,0,1
55.996608138,0,0
55.996609574,1,0
55.996649284,1,1
55.996690920,1,0
55.996732064,1,1
55.996773698,1,0
55.996775284,0,0
55.996814852,0,1
55.996857482,0,0
55.996859094,1,0
55.996898644,1,1
55.996940286,1,0
55.996981446,1,1
55.997023096,1,0
55.997064260,1,1
55.997107392,1,0
55.997148558,1,1
55.997191198,1,0
55.997232362,1,1
55.997265652,0,1
55.997278946,0,0
55.997320120,0,1
55.997343386,1,1
55.997615056,0,1
55.997626862,0,0
55.997669484,0,1
55.997711110,0,0
55.997752258,0,1
55.997775506,1,1
55.997794870,1,0
55.997836010,1,1
55.997857462,0,1
55.997877644,0,0
55.997918790,0,1
55.997942038,1,1
55.997961404,1,0
55.998002546,1,1
55.998045162,1,0
55.998086302,1,1
55.998128922,1,0
55.998170074,1,1
55.998212696,1,0
55.998253844,1,1
55.998296464,1,0
55.998340072,1,1
55.998382692,1,0
55.998420876,1,1
55.998463496,1,0
55.998508086,1,1
55.998521090,1,0
55.998790228,0,0
55.999565282,0,1
55.999605560,0,0
55.999646722,0,1
55.999689330,0,0
55.999730476,0,1
55.999773102,0,0
55.999775156,1,0
55.999814260,1,1
55.999855890,1,0
55.999857376,0,0
55.999897038,0,1
55.999939656,0,0
55.999980810,0,1
56.000023436,0,0
56.000064596,0,1
56.000107216,0,0
56.000148376,0,1
56.000191000,0,0
56.000232156,0,1
56.000276258,0,0
56.000317418,0,1
56.000356592,0,0
56.000357954,1,0
56.000397740,1,1
56.000431020,0,1
56.000444306,0,0
56.000485458,0,1
56.000508714,1,1
56.000847568,0,1
56.000859394,0,0
56.000902086,0,1
56.000943786,0,0
56.000985006,0,1
56.001008296,1,1
56.001027690,1,0
56.001068908,1,1
56.001090396,0,1
56.001110616,0,0
56.001151838,0,1
56.001175132,1,1
56.001194530,1,0
56.001235752,1,1
56.001278446,1,0
56.001319666,1,1
56.001362360,1,0
56.001403580,1,1
56.001446272,1,0
56.001487488,1,1
56.001530182,1,0
56.001573872,1,1
56.001616562,1,0
56.001654820,1,1
56.001697514,1,0
56.001742186,1,1
56.001756134,1,0
56.001757394,1,1
56.074541388,0,1
56.074553218,0,0
56.074595924,0,1
56.074619222,1,1
56.074638622,1,0
56.074679850,1,1
56.074722546,1,0
56.074763772,1,1
56.074785264,0,1
56.074805488,0,0
56.074846716,0,1
56.074888428,0,0
56.074929658,0,1
56.074952952,1,1
56.074972354,1,0
56.075013582,1,1
56.075056280,1,0
56.075097508,1,1
56.075118998,0,1
56.075139224,0,0
56.075180464,0,1
56.075222174,0,0
56.075265874,0,1
56.075289168,1,1
56.075308570,1,0
56.075346834,1,1
56.075389532,1,0
56.075434218,1,1
56.075452472,1,0
56.082270052,1,1
56.147097278,1,0
56.147366382,0,0
56.148141510,0,1
56.148259386,0,0
56.148260820,1,0
56.148300626,1,1
56.148342344,1,0
56.148344056,0,0
56.148383584,0,1
56.148426292,0,0
56.148427878,1,0
56.148467526,1,1
56.148509236,1,0
56.148550466,1,1
56.148592176,1,0
56.148593602,0,0
56.148633410,0,1
56.148676104,0,0
56.148678414,1,0
56.148717330,1,1
56.148759032,1,0
56.148800256,1,1
56.148841978,1,0
56.148883220,1,1
56.148926420,1,0
56.148967648,1,1
56.149010342,1,0
56.149051566,1,1
56.149084904,0,1
56.149098216,0,0
56.149139458,0,1
56.149162764,1,1
56.149434990,0,1
56.149446820,0,0
56.149489530,0,1
56.149531240,0,0
56.149572472,0,1
56.149595770,1,1
56.149615172,1,0
56.149656402,1,1
56.149677896,0,1
56.149698124,0,0
56.149739360,0,1
56.149762662,1,1
56.149782064,1,0
56.149823294,1,1
56.149866000,1,0
56.149907236,1,1
56.149949938,1,0
56.149991172,1,1
56.150033880,1,0
56.150075112,1,1
56.150117814,1,0
56.150161520,1,1
56.150204224,1,0
56.150242496,1,1
56.150285200,1,0
56.150329886,1,1
56.150343762,1,0
56.150616990,0,0
56.151392172,0,1
56.151438494,0,0
56.151479748,0,1
56.151522456,0,0
56.151563704,0,1
56.151606418,0,0
56.151647666,0,1
56.151690376,0,0
56.151731628,0,1
56.151774338,0,0
56.151815584,0,1
56.151858296,0,0
56.151899542,0,1
56.151942248,0,0
56.151983498,0,1
56.152026208,0,0
56.152067452,0,1
56.152111646,0,0
56.152113598,1,0
56.152152884,1,1
56.152195596,1,0
56.152236836,1,1
56.152270180,0,1
56.152283494,0,0
56.152324730,0,1
56.152348036,1,1
56.152691648,0,1
56.152703460,0,0
56.152746108,0,1
56.152787758,0,0
56.152828924,0,1
56.152852182,1,1
56.152871554,1,0
56.152912716,1,1
56.152934172,0,1
56.152954362,0,0
56.152995522,0,1
56.153018780,1,1
56.153038148,1,0
56.153079302,1,1
56.153121930,1,0
56.153163088,1,1
56.153205720,1,0
56.153246874,1,1
56.153289504,1,0
56.153330660,1,1
56.153373288,1,0
56.153416910,1,1
56.153459540,1,0
56.153497736,1,1
56.153540366,1,0
56.153584972,1,1
56.153598708,1,0
56.153599962,1,1
56.173905168,0,1
56.173916978,0,0
56.173959606,0,1
56.173982860,1,1
56.174002228,1,0
56.174043378,1,1
56.174085998,1,0
56.174127148,1,1
56.174148604,0,1
56.174168792,0,0
56.174209946,0,1
56.174251584,0,0
56.174292742,0,1
56.174315994,1,1
56.174335358,1,0
56.174376506,1,1
56.174419130,1,0
56.174460278,1,1
56.174481732,0,1
56.174501920,0,0
56.174543072,0,1
56.174584706,0,0
56.174628322,0,1
56.174651576,1,1
56.174670942,1,0
56.174709132,1,1
56.174751748,1,0
56.174796338,1,1
56.174814456,1,0
56.178261906,1,1
56.267015872,0,1
56.267027676,0,0
56.267070296,0,1
56.267093540,1,1
56.267112902,1,0
56.267154042,1,1
56.267196660,1,0
56.267237800,1,1
56.267259248,0,1
56.267279430,0,0
56.267320570,0,1
56.267362196,0,0
56.267403334,0,1
56.267426582,1,1
56.267445944,1,0
56.267487084,1,1
56.267529696,1,0
56.267570836,1,1
56.267592286,0,1
56.267612472,0,0
56.267653616,0,1
56.267695244,0,0
56.267738850,0,1
56.267762094,1,1
56.267781458,1,0
56.267819640,1,1
56.267862254,1,0
56.267906838,1,1
56.267925496,1,0
56.274261874,1,1
56.290898842,1,0
56.291171926,0,0
56.291946858,0,1
56.292059924,0,0
56.292062108,1,0
56.292101076,1,1
56.292142712,1,0
56.292144314,0,0
56.292183868,0,1
56.292226492,0,0
56.292228116,1,0
56.292267644,1,1
56.292309276,1,0
56.292350420,1,1
56.292392054,1,0
56.292393802,0,0
56.292433206,0,1
56.292475832,0,0
56.292477616,1,0
56.292516978,1,1
56.292558612,1,0
56.292599754,1,1
56.292641388,1,0
56.292682528,1,1
56.292725636,1,0
56.292766782,1,1
56.292809398,1,0
56.292850538,1,1
56.292883814,0,1
56.292897098,0,0
56.292938252,0,1
56.292961504,1,1
56.293233150,0,1
56.293244956,0,0
56.293287574,0,1
56.293329198,0,0
56.293370338,0,1
56.293393586,1,1
56.293412952,1,0
56.293454096,1,1
56.293475546,0,1
56.293495730,0,0
56.293536876,0,1
56.293560126,1,1
56.293579490,1,0
56.293620630,1,1
56.293663250,1,0
56.293704390,1,1
56.293747004,1,0
56.293788146,1,1
56.293830760,1,0
56.293871898,1,1
56.293914516,1,0
56.293958118,1,1
56.294000730,1,0
56.294038914,1,1
56.294081528,1,0
56.294126114,1,1
56.294140488,1,0
56.294413594,0,0
56.295188584,0,1
56.295229926,0,0
56.295271086,0,1
56.295313708,0,0
56.295354858,0,1
56.295397470,0,0
56.295399484,1,0
56.295438602,1,1
56.295480226,1,0
56.295481704,0,0
56.295521366,0,1
56.295563970,0,0
56.295605108,0,1
56.295647714,0,0
56.295688854,0,1
56.295731458,0,0
56.295772600,0,1
56.295815210,0,0
56.295856348,0,1
56.295900438,0,0
56.295941586,0,1
56.295980752,0,0
56.295982158,1,0
56.296021900,1,1
56.296055176,0,1
56.296068462,0,0
56.296109612,0,1
56.296132868,1,1
56.296471696,0,1
56.296483520,0,0
56.296526212,0,1
56.296567910,0,0
56.296609122,0,1
56.296632410,1,1
56.296651806,1,0
56.296693020,1,1
56.296714506,0,1
56.296734724,0,0
56.296775944,0,1
56.296799232,1,1
56.296818628,1,0
56.296859842,1,1
56.296902532,1,0
56.296943750,1,1
56.296986440,1,0
56.297027656,1,1
56.297070348,1,0
56.297111562,1,1
56.297154252,1,0
56.297197940,1,1
56.297240634,1,0
56.297278888,1,1
56.297321580,1,0
56.297366250,1,1
56.297379254,1,0
56.297380510,1,1
56.367405244,0,1
56.367417072,0,0
56.367459778,0,1
56.367483074,1,1
56.367502472,1,0
56.367543694,1,1
56.367586392,1,0
56.367627616,1,1
56.367649106,0,1
56.367669328,0,0
56.367710556,0,1
56.367752270,0,0
56.367793498,0,1
56.367816798,1,1
56.367836196,1,0
56.367877422,1,1
56.367920116,1,0
56.367961338,1,1
56.367982828,0,1
56.368003050,0,0
56.368044280,0,1
56.368085988,0,0
56.368129688,0,1
56.368152986,1,1
56.368172386,1,0
56.368210650,1,1
56.368253352,1,0
56.368298032,1,1
56.368316794,1,0
56.370261438,1,1
56.450805094,1,0
56.451078308,0,0
56.451853566,0,1
56.451968686,0,0
56.451970880,1,0
56.452009926,1,1
56.452051642,1,0
56.452053120,0,0
56.452092882,0,1
56.452135588,0,0
56.452136958,1,0
56.452176824,1,1
56.452218540,1,0
56.452259774,1,1
56.452301488,1,0
56.452302730,0,0
56.452342726,0,1
56.452385424,0,0
56.452387566,1,0
56.452426658,1,1
56.452468368,1,0
56.452509596,1,1
56.452551310,1,0
56.452592536,1,1
56.452635734,1,0
56.452676970,1,1
56.452719678,1,0
56.452760910,1,1
56.452794252,0,1
56.452807566,0,0
56.452848810,0,1
56.452872120,1,1
56.453144360,0,1
56.453156194,0,0
56.453198912,0,1
56.453240630,0,0
56.453281868,0,1
56.453305170,1,1
56.453324574,1,0
56.453365810,1,1
56.453387302,0,1
56.453407528,0,0
56.453448766,0,1
56.453472068,1,1
56.453491468,1,0
56.453532700,1,1
56.453575406,1,0
56.453616636,1,1
56.453659338,1,0
56.453700572,1,1
56.453743274,1,0
56.453784502,1,1
56.453827204,1,0
56.453870904,1,1
56.453913604,1,0
56.453951868,1,1
56.453994564,1,0
56.454039244,1,1
56.454052036,1,0
56.454321236,0,0
56.455096498,0,1
56.455139112,0,0
56.455180376,0,1
56.455223094,0,0
56.455264354,0,1
56.455307074,0,0
56.455348332,0,1
56.455391054,0,0
56.455432314,0,1
56.455475030,0,0
56.455516290,0,1
56.455559014,0,0
56.455600270,0,1
56.455642988,0,0
56.455684244,0,1
56.455726962,0,0
56.455768218,0,1
56.455812420,0,0
56.455813952,1,0
56.455853662,1,1
56.455896370,1,0
56.455937608,1,1
56.455970950,0,1
56.455984264,0,0
56.456025506,0,1
56.456048808,1,1
56.456392434,0,1
56.456404248,0,0
56.456446896,0,1
56.456488546,0,0
56.456529708,0,1
56.456552966,1,1
56.456572336,1,0
56.456613496,1,1
56.456634954,0,1
56.456655146,0,0
56.456696314,0,1
56.456719574,1,1
56.456738944,1,0
56.456780100,1,1
56.456822736,1,0
56.456863896,1,1
56.456906530,1,0
56.456947688,1,1
56.456990322,1,0
56.457031482,1,1
56.457074112,1,0
56.457117738,1,1
56.457160372,1,0
56.457198572,1,1
56.457241206,1,0
56.457285814,1,1
56.457299040,1,0
56.457300296,1,1
56.466578524,0,1
56.466590334,0,0
56.466632968,0,1
56.466656222,1,1
56.466675592,1,0
56.466716744,1,1
56.466759372,1,0
56.466800524,1,1
56.466821978,0,1
56.466842168,0,0
56.466883322,0,1
56.466924962,0,0
56.466966118,0,1
56.466989372,1,1
56.467008734,1,0
56.467049880,1,1
56.467092508,1,0
56.467133670,1,1
56.467155126,0,1
56.467175312,0,0
56.467216464,0,1
56.467258104,0,0
56.467301726,0,1
56.467324980,1,1
56.467344350,1,0
56.467382546,1,1
56.467425174,1,0
56.467469778,1,1
56.467487458,1,0
56.474261784,1,1
56.559692344,0,1
56.559704152,0,0
56.559746776,0,1
56.559770024,1,1
56.559789388,1,0
56.559830532,1,1
56.559873152,1,0
56.559914298,1,1
56.559935748,0,1
56.559955932,0,0
56.559997082,0,1
56.560038716,0,0
56.560079862,0,1
56.560103112,1,1
56.560122478,1,0
56.560163626,1,1
56.560206248,1,0
56.560247396,1,1
56.560268848,0,1
56.560289034,0,0
56.560330178,0,1
56.560371810,0,0
56.560415420,0,1
56.560438672,1,1
56.560458036,1,0
56.560496222,1,1
56.560538844,1,0
56.560583434,1,1
56.560600744,1,0
56.562260908,1,1
56.587873098,1,0
56.588142150,0,0
56.588917132,0,1
56.589031470,0,0
56.589033376,1,0
56.589072618,1,1
56.589114256,1,0
56.589115584,0,0
56.589155410,0,1
56.589198028,0,0
56.589199390,1,0
56.589239174,1,1
56.589280808,1,0
56.589321950,1,1
56.589363588,1,0
56.589365074,0,0
56.589404744,0,1
56.589447362,0,0
56.589448858,1,0
56.589488510,1,1
56.589530142,1,0
56.589571284,1,1
56.589612916,1,0
56.589654060,1,1
56.589697166,1,0
56.589738308,1,1
56.589780926,1,0
56.589822068,1,1
56.589855342,0,1
56.589868628,0,0
56.589909784,0,1
56.589933038,1,1
56.590204692,0,1
56.590216500,0,0
56.590259120,0,1
56.590300752,0,0
56.590341898,0,1
56.590365146,1,1
56.590384510,1,0
56.590425652,1,1
56.590447106,0,1
56.590467288,0,0
56.590508436,0,1
56.590531686,1,1
56.590551050,1,0
56.590592192,1,1
56.590634808,1,0
56.590675954,1,1
56.590718572,1,0
56.590759714,1,1
56.590802332,1,0
56.590843476,1,1
56.590886090,1,0
56.590929700,1,1
56.590972318,1,0
56.591010502,1,1
56.591053120,1,0
56.591097710,1,1
56.591110590,1,0
56.591383670,0,0
56.592158520,0,1
56.592204026,0,0
56.592245192,0,1
56.592287820,0,0
56.592328976,0,1
56.592371608,0,0
56.592373430,1,0
56.592412758,1,1
56.592454392,1,0
56.592455624,0,0
56.592495550,0,1
56.592538172,0,0
56.592579330,0,1
56.592621952,0,0
56.592663114,0,1
56.592705736,0,0
56.592746898,0,1
56.592789524,0,0
56.592830682,0,1
56.592874786,0,0
56.592915944,0,1
56.592955120,0,0
56.592957036,1,0
56.592996266,1,1
56.593029548,0,1
56.593042836,0,0
56.593083988,0,1
56.593107240,1,1
56.593446094,0,1
56.593457918,0,0
56.593500614,0,1
56.593542314,0,0
56.593583536,0,1
56.593606822,1,1
56.593626218,1,0
56.593667432,1,1
56.593688920,0,1
56.593709138,0,0
56.593750358,0,1
56.593773646,1,1
56.593793046,1,0
56.593834266,1,1
56.593876954,1,0
56.593918170,1,1
56.593960864,1,0
56.594002082,1,1
56.594044774,1,0
56.594085996,1,1
56.594128686,1,0
56.594172376,1,1
56.594215072,1,0
56.594253330,1,1
56.594296022,1,0
56.594340702,1,1
56.594352632,1,0
56.594353888,1,1
56.658863708,0,1
56.658875554,0,0
56.658918298,0,1
56.658941614,1,1
56.658961034,1,0
56.659002312,1,1
56.659045044,1,0
56.659086310,1,1
56.659107816,0,1
56.659128052,0,0
56.659169304,0,1
56.659211062,0,0
56.659252348,0,1
56.659275660,1,1
56.659295070,1,0
56.659336346,1,1
56.659379098,1,0
56.659420354,1,1
56.659441864,0,1
56.659462114,0,0
56.659503400,0,1
56.659545144,0,0
56.659588884,0,1
56.659612198,1,1
56.659631610,1,0
56.659669898,1,1
56.659712624,1,0
56.659757336,1,1
56.659775426,1,0
56.666261354,1,1
56.747900724,1,0
56.748173996,0,0
56.748949468,0,1
56.749063822,0,0
56.749065798,1,0
56.749105082,1,1
56.749146824,1,0
56.749148064,0,0
56.749188094,0,1
56.749230818,0,0
56.749232922,1,0
56.749272076,1,1
56.749313812,1,0
56.749355070,1,1
56.749396806,1,0
56.749398716,0,0
56.749438072,0,1
56.749480796,0,0
56.749482574,1,0
56.749522056,1,1
56.749563796,1,0
56.749605052,1,1
56.749646786,1,0
56.749688040,1,1
56.749731256,1,0
56.749772506,1,1
56.749815232,1,0
56.749856482,1,1
56.749889840,0,1
56.749903160,0,0
56.749944412,0,1
56.749967722,1,1
56.750240092,0,1
56.750251932,0,0
56.750294676,0,1
56.750336414,0,0
56.750377672,0,1
56.750400984,1,1
56.750420394,1,0
56.750461650,1,1
56.750483154,0,1
56.750503390,0,0
56.750544646,0,1
56.750567962,1,1
56.750587374,1,0
56.750628626,1,1
56.750671348,1,0
56.750712602,1,1
56.750755326,1,0
56.750796578,1,1
56.750839302,1,0
56.750880552,1,1
56.750923274,1,0
56.750967000,1,1
56.751009720,1,0
56.751048008,1,1
56.751090734,1,0
56.751135446,1,1
56.751148534,1,0
56.751417786,0,0
56.752193242,0,1
56.752235652,0,0
56.752276926,0,1
56.752319658,0,0
56.752360924,0,1
56.752403654,0,0
56.752444922,0,1
56.752487648,0,0
56.752528914,0,1
56.752571642,0,0
56.752612908,0,1
56.752655638,0,0
56.752696906,0,1
56.752739638,0,0
56.752780902,0,1
56.752823634,0,0
56.752864900,0,1
56.752909110,0,0
56.752910744,1,0
56.752950368,1,1
56.752993094,1,0
56.753034338,1,1
56.753067686,0,1
56.753081008,0,0
56.753122258,0,1
56.753145574,1,1
56.753489326,0,1
56.753501146,0,0
56.753543810,0,1
56.753585482,0,0
56.753626676,0,1
56.753649952,1,1
56.753669332,1,0
56.753710512,1,1
56.753731978,0,1
56.753752182,0,0
56.753793362,0,1
56.753816630,1,1
56.753836010,1,0
56.753877188,1,1
56.753919838,1,0
56.753961014,1,1
56.754003666,1,0
56.754044840,1,1
56.754087482,1,0
56.754128654,1,1
56.754171296,1,0
56.754214936,1,1
56.754257598,1,0
56.754295822,1,1
56.754338480,1,0
56.754383114,1,1
56.754396100,1,0
56.754397354,1,1
56.758162958,0,1
56.758174774,0,0
56.758217426,0,1
56.758240692,1,1
56.758260068,1,0
56.758301244,1,1
56.758343898,1,0
56.758385074,1,1
56.758406540,0,1
56.758426740,0,0
56.758467920,0,1
56.758509584,0,0
56.758550766,0,1
56.758574034,1,1
56.758593412,1,0
56.758634588,1,1
56.758677238,1,0
56.758718412,1,1
56.758739880,0,1
56.758760080,0,0
56.758801252,0,1
56.758842916,0,0
56.758886558,0,1
56.758909824,1,1
56.758929202,1,0
56.758967420,1,1
56.759010068,1,0
56.759054688,1,1
56.759072596,1,0
56.762260584,1,1
56.851357252,0,1
56.851369066,0,0
56.851411710,0,1
56.851434970,1,1
56.851454342,1,0
56.851495508,1,1
56.851538142,1,0
56.851579298,1,1
56.851600758,0,1
56.851620950,0,0
56.851662118,0,1
56.851703766,0,0
56.851744934,0,1
56.851768196,1,1
56.851787570,1,0
56.851828736,1,1
56.851871372,1,0
56.851912536,1,1
56.851933996,0,1
56.851954188,0,0
56.851995354,0,1
56.852037004,0,0
56.852080634,0,1
56.852103892,1,1
56.852123262,1,0
56.852161468,1,1
56.852204104,1,0
56.852248714,1,1
56.852267174,1,0
56.858260404,1,1
56.890761778,1,0
56.891035022,0,0
56.891810398,0,1
56.891928916,0,0
56.891930726,1,0
56.891970118,1,1
56.892011810,1,0
56.892012980,0,0
56.892053020,0,1
56.892095696,0,0
56.892097838,1,0
56.892136896,1,1
56.892136898,1,0
56.892136902,1,1
56.892178588,1,0
56.892219784,1,1
56.892261476,1,0
56.892262634,0,0
56.892302684,0,1
56.892345360,0,0
56.892347490,1,0
56.892386564,1,1
56.892428252,1,0
56.892469450,1,1
56.892511138,1,0
56.892552338,1,1
56.892595502,1,0
56.892636694,1,1
56.892679368,1,0
56.892720550,1,1
56.892753850,0,1
56.892767146,0,0
56.892808320,0,1
56.892831582,1,1
56.893103352,0,1
56.893115160,0,0
56.893157788,0,1
56.893199438,0,0
56.893240608,0,1
56.893263868,1,1
56.893283240,1,0
56.893324406,1,1
56.893345872,0,1
56.893366068,0,0
56.893407238,0,1
56.893430504,1,1
56.893449880,1,0
56.893491046,1,1
56.893533688,1,0
56.893574854,1,1
56.893617498,1,0
56.893658664,1,1
56.893701302,1,0
56.893742490,1,1
56.893785150,1,0
56.893828786,1,1
56.893871448,1,0
56.893909682,1,1
56.893952328,1,0
56.893996970,1,1
56.894008950,1,0
56.894278100,0,0
56.895053242,0,1
56.895095170,0,0
56.895136364,0,1
56.895179038,0,0
56.895220242,0,1
56.895262896,0,0
56.895265216,1,0
56.895304094,1,1
56.895345776,1,0
56.895347450,0,0
56.895386964,0,1
56.895429632,0,0
56.895470826,0,1
56.895513474,0,0
56.895554658,0,1
56.895597312,0,0
56.895638492,0,1
56.895681146,0,0
56.895722328,0,1
56.895766456,0,0
56.895807644,0,1
56.895846840,0,0
56.895849078,1,0
56.895888010,1,1
56.895921312,0,1
56.895934608,0,0
56.895975774,0,1
56.895999038,1,1
56.896338088,0,1
56.896349920,0,0
56.896392640,0,1
56.896434364,0,0
56.896475610,0,1
56.896498916,1,1
56.896518324,1,0
56.896559560,1,1
56.896581058,0,1
56.896601294,0,0
56.896642562,0,1
56.896665880,1,1
56.896685292,1,0
56.896726546,1,1
56.896769262,1,0
56.896810504,1,1
56.896853244,1,0
56.896894504,1,1
56.896937226,1,0
56.896978496,1,1
56.897021238,1,0
56.897064954,1,1
56.897107694,1,0
56.897146000,1,1
56.897188720,1,0
56.897233444,1,1
56.897248310,1,0
56.897249564,1,1
56.950710800,0,1
56.950722632,0,0
56.950765340,0,1
56.950788636,1,1
56.950808032,1,0
56.950849260,1,1
56.950891956,1,0
56.950933180,1,1
56.950954670,0,1
56.950974892,0,0
56.951016122,0,1
56.951057828,0,0
56.951099054,0,1
56.951122348,1,1
56.951141746,1,0
56.951182970,1,1
56.951225666,1,0
56.951266892,1,1
56.951288380,0,1
56.951308602,0,0
56.951349828,0,1
56.951391538,0,0
56.951435238,0,1
56.951458534,1,1
56.951477934,1,0
56.951516198,1,1
56.951558896,1,0
56.951603574,1,1
56.951621458,1,0
56.954254122,1,1
57.043270928,1,0
57.043274936,0,0
57.044315696,0,1
57.044581380,0,0
57.044583174,1,0
57.044622648,1,1
57.044664392,1,0
57.044665458,0,0
57.044705668,0,1
57.044748410,0,0
57.044750330,1,0
57.044789682,1,1
57.044831432,1,0
57.044872700,1,1
57.044914436,1,0
57.044916144,0,0
57.044955696,0,1
57.044998412,0,0
57.044999990,1,0
57.045039654,1,1
57.045081376,1,0
57.045122610,1,1
57.045164334,1,0
57.045205574,1,1
57.045248774,1,0
57.045290010,1,1
57.045332716,1,0
57.045373958,1,1
57.045407302,0,1
57.045420616,0,0
57.045461868,0,1
57.045485180,1,1
57.045757474,0,1
57.045769308,0,0
57.045812024,0,1
57.045853744,0,0
57.045894986,0,1
57.045918288,1,1
57.045937692,1,0
57.045978926,1,1
57.046000422,0,1
57.046020650,0,0
57.046061888,0,1
57.046085190,1,1
57.046104592,1,0
57.046145830,1,1
57.046188540,1,0
57.046229778,1,1
57.046272486,1,0
57.046313720,1,1
57.046356424,1,0
57.046397660,1,1
57.046440368,1,0
57.046484068,1,1
57.046526774,1,0
57.046565042,1,1
57.046607748,1,0
57.046652436,1,1
57.046667854,1,0
57.046937116,0,0
57.047712446,0,1
57.047752220,0,0
57.047793464,0,1
57.047836176,0,0
57.047877430,0,1
57.047920142,0,0
57.047961396,0,1
57.048004110,0,0
57.048045364,0,1
57.048088080,0,0
57.048129350,0,1
57.048172082,0,0
57.048213358,0,1
57.048256094,0,0
57.048297354,0,1
57.048340068,0,0
57.048381322,0,1
57.048425518,0,0
57.048426978,1,0
57.048466762,1,1
57.048509472,1,0
57.048550710,1,1
57.048584054,0,1
57.048597368,0,0
57.048638616,0,1
57.048661928,1,1
57.049005560,0,1
57.049017376,0,0
57.049060022,0,1
57.049101674,0,0
57.049142846,0,1
57.049166110,1,1
57.049185482,1,0
57.049226644,1,1
57.049248106,0,1
57.049268300,0,0
57.049309466,0,1
57.049332724,1,1
57.049352094,1,0
57.049393252,1,1
57.049435878,1,0
57.049477024,1,1
57.049519638,1,0
57.049560778,1,1
57.049603392,1,0
57.049644530,1,1
57.049687144,1,0
57.049730744,1,1
57.049773356,1,0
57.049811538,1,1
57.049854146,1,0
57.049898726,1,1
57.049911016,1,0
57.049912264,1,1
57.050534974,0,1
57.050546780,0,0
57.050589396,0,1
57.050612644,1,1
57.050632006,1,0
57.050673144,1,1
57.050715752,1,0
57.050756890,1,1
57.050778334,0,1
57.050798516,0,0
57.050839652,0,1
57.050881278,0,0
57.050922422,0,1
57.050945668,1,1
57.050965030,1,0
57.051006170,1,1
57.051048782,1,0
57.051089918,1,1
57.051111366,0,1
57.051131546,0,0
57.051172674,0,1
57.051214296,0,0
57.051257908,0,1
57.051281164,1,1
57.051300534,1,0
57.051338728,1,1
57.051381342,1,0
57.051425928,1,1
57.051444292,1,0
57.058259438,1,1
57.143654674,0,1
57.143666482,0,0
57.143709106,0,1
57.143732352,1,1
57.143751720,1,0
57.143792870,1,1
57.143835498,1,0
57.143876646,1,1
57.143898106,0,1
57.143918294,0,0
57.143959452,0,1
57.144001094,0,0
57.144042252,0,1
57.144065506,1,1
57.144084876,1,0
57.144126026,1,1
57.144168650,1,0
57.144209798,1,1
57.144231250,0,1
57.144251436,0,0
57.144292584,0,1
57.144334216,0,0
57.144377830,0,1
57.144401080,1,1
57.144420448,1,0
57.144458638,1,1
57.144501260,1,0
57.144545856,1,1
57.144563934,1,0
57.146260240,1,1
57.187419388,1,0
57.187688436,0,0
57.188463388,0,1
57.188976514,0,0
57.188978258,1,0
57.189017666,1,1
57.189059302,1,0
57.189060472,0,0
57.189100458,0,1
57.189143080,0,0
57.189145288,1,0
57.189184230,1,1
57.189225866,1,0
57.189267008,1,1
57.189308642,1,0
57.189310008,0,0
57.189349798,0,1
57.189392414,0,0
57.189393822,1,0
57.189433562,1,1
57.189475194,1,0
57.189516340,1,1
57.189557976,1,0
57.189599120,1,1
57.189642228,1,0
57.189683374,1,1
57.189725990,1,0
57.189767132,1,1
57.189800408,0,1
57.189813696,0,0
57.189854854,0,1
57.189878112,1,1
57.190149792,0,1
57.190161600,0,0
57.190204226,0,1
57.190245856,0,0
57.190287006,0,1
57.190310256,1,1
57.190329624,1,0
57.190370768,1,1
57.190392222,0,1
57.190412406,0,0
57.190453552,0,1
57.190476802,1,1
57.190496166,1,0
57.190537308,1,1
57.190579928,1,0
57.190621072,1,1
57.190663688,1,0
57.190704830,1,1
57.190747452,1,0
57.190788594,1,1
57.190831210,1,0
57.190874816,1,1
57.190917434,1,0
57.190955620,1,1
57.190998234,1,0
57.191042826,1,1
57.191055970,1,0
57.191325140,0,0
57.192100110,0,1
57.192140242,0,0
57.192181418,0,1
57.192224044,0,0
57.192265206,0,1
57.192307834,0,0
57.192309998,1,0
57.192348984,1,1
57.192390618,1,0
57.192392224,0,0
57.192431770,0,1
57.192474384,0,0
57.192515532,0,1
57.192558148,0,0
57.192599298,0,1
57.192641916,0,0
57.192683076,0,1
57.192725700,0,0
57.192766858,0,1
57.192810962,0,0
57.192852118,0,1
57.192891286,0,0
57.192892734,1,0
57.192932432,1,1
57.192965710,0,1
57.192978996,0,0
57.193020146,0,1
57.193043402,1,1
57.193382244,0,1
57.193394070,0,0
57.193436766,0,1
57.193478468,0,0
57.193519694,0,1
57.193542986,1,1
57.193562384,1,0
57.193603610,1,1
57.193625100,0,1
57.193645326,0,0
57.193686554,0,1
57.193709848,1,1
57.193729248,1,0
57.193770468,1,1
57.193813160,1,0
57.193854378,1,1
57.193897070,1,0
57.193938288,1,1
57.193980978,1,0
57.194022200,1,1
57.194064886,1,0
57.194108574,1,1
57.194151268,1,0
57.194189524,1,1
57.194232214,1,0
57.194276890,1,1
57.194290626,1,0
57.194291878,1,1
57.242232672,0,1
57.242244504,0,0
57.242287218,0,1
57.242310518,1,1
57.242329920,1,0
57.242371152,1,1
57.242413852,1,0
57.242455076,1,1
57.242476572,0,1
57.242496798,0,0
57.242538032,0,1
57.242579746,0,0
57.242620980,0,1
57.242644276,1,1
57.242663678,1,0
57.242704904,1,1
57.242747610,1,0
57.242788836,1,1
57.242810328,0,1
57.242830554,0,0
57.242871788,0,1
57.242913502,0,0
57.242957200,0,1
57.242980498,1,1
57.242999900,1,0
57.243038166,1,1
57.243080870,1,0
57.243125554,1,1
57.243143262,1,0
57.250258982,1,1
57.335505758,0,1
57.335517592,0,0
57.335560312,0,1
57.335583614,1,1
57.335603018,1,0
57.335644258,1,1
57.335686964,1,0
57.335728202,1,1
57.335749696,0,1
57.335769926,0,0
57.335811168,0,1
57.335852888,0,0
57.335894128,0,1
57.335917436,1,1
57.335936838,1,0
57.335978076,1,1
57.336020790,1,0
57.336062026,1,1
57.336083522,0,1
57.336103750,0,0
57.336144990,0,1
57.336186716,0,0
57.336230430,0,1
57.336253732,1,1
57.336273136,1,0
57.336311412,1,1
57.336354122,1,0
57.336398812,1,1
57.336417794,1,0
57.338266998,1,1
57.354542520,1,0
57.354815724,0,0
57.355590966,0,1
57.356059450,0,0
57.356061714,1,0
57.356100692,1,1
57.356142422,1,0
57.356143942,0,0
57.356183676,0,1
57.356226390,0,0
57.356227782,1,0
57.356267634,1,1
57.356309360,1,0
57.356350598,1,1
57.356392322,1,0
57.356393564,0,0
57.356433570,0,1
57.356476282,0,0
57.356478414,1,0
57.356517522,1,1
57.356559244,1,0
57.356600476,1,1
57.356642192,1,0
57.356683426,1,1
57.356726622,1,0
57.356767854,1,1
57.356810560,1,0
57.356851788,1,1
57.356885132,0,1
57.356898446,0,0
57.356939692,0,1
57.356962996,1,1
57.357235234,0,1
57.357247064,0,0
57.357289782,0,1
57.357331490,0,0
57.357372714,0,1
57.357396014,1,1
57.357415420,1,0
57.357456670,1,1
57.357478168,0,1
57.357498394,0,0
57.357539636,0,1
57.357562938,1,1
57.357582342,1,0
57.357623576,1,1
57.357666284,1,0
57.357707522,1,1
57.357750228,1,0
57.357791460,1,1
57.357834168,1,0
57.357875406,1,1
57.357918112,1,0
57.357961818,1,1
57.358004522,1,0
57.358042792,1,1
57.358085494,1,0
57.358130180,1,1
57.358144132,1,0
57.358413354,0,0
57.359188656,0,1
57.359230030,0,0
57.359271288,0,1
57.359314000,0,0
57.359355254,0,1
57.359397968,0,0
57.359439220,0,1
57.359481934,0,0
57.359523188,0,1
57.359565900,0,0
57.359607150,0,1
57.359649864,0,0
57.359691114,0,1
57.359733826,0,0
57.359775074,0,1
57.359817786,0,0
57.359859032,0,1
57.359903226,0,0
57.359905118,1,0
57.359944468,1,1
57.359987174,1,0
57.360028408,1,1
57.360061754,0,1
57.360075070,0,0
57.360116312,0,1
57.360139620,1,1
57.360483260,0,1
57.360495074,0,0
57.360537722,0,1
57.360579376,0,0
57.360620546,0,1
57.360643808,1,1
57.360663180,1,0
57.360704344,1,1
57.360725808,0,1
57.360746002,0,0
57.360787170,0,1
57.360810432,1,1
57.360829806,1,0
57.360870968,1,1
57.360913606,1,0
57.360954772,1,1
57.360997408,1,0
57.361038570,1,1
57.361081210,1,0
57.361122376,1,1
57.361165014,1,0
57.361208642,1,1
57.361251282,1,0
57.361289490,1,1
57.361332124,1,0
57.361376736,1,1
57.361391240,1,0
57.361392490,1,1
57.434079370,0,1
57.434091180,0,0
57.434133812,0,1
57.434157066,1,1
57.434176434,1,0
57.434217584,1,1
57.434260212,1,0
57.434301366,1,1
57.434322820,0,1
57.434343008,0,0
57.434384164,0,1
57.434425800,0,0
57.434466946,0,1
57.434490196,1,1
57.434509566,1,0
57.434550714,1,1
57.434593336,1,0
57.434634484,1,1
57.434655936,0,1
57.434676122,0,0
57.434717266,0,1
57.434758896,0,0
57.434802510,0,1
57.434825758,1,1
57.434845124,1,0
57.434883314,1,1
57.434925938,1,0
57.434970536,1,1
57.434988694,1,0
57.442258416,1,1
57.498859852,1,0
57.499133006,0,0
57.499908092,0,1
57.500023538,0,0
57.500025362,1,0
57.500064686,1,1
57.500106320,1,0
57.500107570,0,0
57.500147474,0,1
57.500190100,0,0
57.500192386,1,0
57.500231252,1,1
57.500272888,1,0
57.500314034,1,1
57.500355666,1,0
57.500357066,0,0
57.500396818,0,1
57.500439436,0,0
57.500440862,1,0
57.500480580,1,1
57.500522212,1,0
57.500563356,1,1
57.500604988,1,0
57.500646130,1,1
57.500689238,1,0
57.500730380,1,1
57.500772992,1,0
57.500814132,1,1
57.500847410,0,1
57.500860700,0,0
57.500901854,0,1
57.500925112,1,1
57.501196806,0,1
57.501208616,0,0
57.501251240,0,1
57.501292870,0,0
57.501334016,0,1
57.501357268,1,1
57.501376632,1,0
57.501417774,1,1
57.501439224,0,1
57.501459408,0,0
57.501500556,0,1
57.501523806,1,1
57.501543172,1,0
57.501584312,1,1
57.501626936,1,0
57.501668078,1,1
57.501710694,1,0
57.501751836,1,1
57.501794454,1,0
57.501835594,1,1
57.501878210,1,0
57.501921814,1,1
57.501964426,1,0
57.502002608,1,1
57.502045224,1,0
57.502089810,1,1
57.502101938,1,0
57.502375114,0,0
57.503150228,0,1
57.503196126,0,0
57.503237290,0,1
57.503279910,0,0
57.503321070,0,1
57.503363694,0,0
57.503365164,1,0
57.503404838,1,1
57.503446474,1,0
57.503448400,0,0
57.503487628,0,1
57.503530246,0,0
57.503571398,0,1
57.503614018,0,0
57.503655168,0,1
57.503697788,0,0
57.503738946,0,1
57.503781564,0,0
57.503822720,0,1
57.503866820,0,0
57.503907972,0,1
57.503947144,0,0
57.503948968,1,0
57.503988290,1,1
57.504021566,0,1
57.504034854,0,0
57.504076002,0,1
57.504099252,1,1
57.504438088,0,1
57.504449914,0,0
57.504492610,0,1
57.504534306,0,0
57.504575524,0,1
57.504598812,1,1
57.504618208,1,0
57.504659424,1,1
57.504680910,0,1
57.504701130,0,0
57.504742350,0,1
57.504765642,1,1
57.504785038,1,0
57.504826256,1,1
57.504868950,1,0
57.504910166,1,1
57.504952856,1,0
57.504994072,1,1
57.505036764,1,0
57.505077982,1,1
57.505120668,1,0
57.505164360,1,1
57.505207050,1,0
57.505245308,1,1
57.505288000,1,0
57.505332672,1,1
57.505344954,1,0
57.505346202,1,1
57.533962768,0,1
57.533974598,0,0
57.534017310,0,1
57.534040606,1,1
57.534060004,1,0
57.534101228,1,1
57.534143930,1,0
57.534185156,1,1
57.534206646,0,1
57.534226870,0,0
57.534268104,0,1
57.534309816,0,0
57.534351042,0,1
57.534374340,1,1
57.534393738,1,0
57.534434960,1,1
57.534477656,1,0
57.534518886,1,1
57.534540378,0,1
57.534560600,0,0
57.534601830,0,1
57.534643542,0,0
57.534687242,0,1
57.534710538,1,1
57.534729934,1,0
57.534768200,1,1
57.534810896,1,0
57.534855574,1,1
57.534873668,1,0
57.538258212,1,1
57.627232826,0,1
57.627244658,0,0
57.627287374,0,1
57.627310674,1,1
57.627330080,1,0
57.627371314,1,1
57.627414014,1,0
57.627455244,1,1
57.627476740,0,1
57.627496968,0,0
57.627538204,0,1
57.627579922,0,0
57.627621162,0,1
57.627644462,1,1
57.627663864,1,0
57.627705100,1,1
57.627747806,1,0
57.627789036,1,1
57.627810530,0,1
57.627830756,0,0
57.627871994,0,1
57.627913710,0,0
57.627957414,0,1
57.627980716,1,1
57.628000120,1,0
57.628038388,1,1
57.628081088,1,0
57.628125776,1,1
57.628144486,1,0
57.634258388,1,1
57.658877688,1,0
57.659150950,0,0
57.659926230,0,1
57.660109770,0,0
57.660112040,1,0
57.660151012,1,1
57.660192736,1,0
57.660194300,0,0
57.660233988,0,1
57.660276700,0,0
57.660278160,1,0
57.660317942,1,1
57.660359664,1,0
57.660400902,1,1
57.660442622,1,0
57.660443960,0,0
57.660483870,0,1
57.660526580,0,0
57.660528818,1,0
57.660567820,1,1
57.660609542,1,0
57.660650780,1,1
57.660692496,1,0
57.660733736,1,1
57.660776938,1,0
57.660818174,1,1
57.660860882,1,0
57.660902118,1,1
57.660935460,0,1
57.660948774,0,0
57.660990022,0,1
57.661013336,1,1
57.661285664,0,1
57.661297498,0,0
57.661340220,0,1
57.661381940,0,0
57.661423184,0,1
57.661446486,1,1
57.661465892,1,0
57.661507128,1,1
57.661528626,0,1
57.661548856,0,0
57.661590094,0,1
57.661613396,1,1
57.661632798,1,0
57.661674034,1,1
57.661716744,1,0
57.661757984,1,1
57.661800696,1,0
57.661841932,1,1
57.661884638,1,0
57.661925880,1,1
57.661968590,1,0
57.662012294,1,1
57.662055006,1,0
57.662093284,1,1
57.662135992,1,0
57.662180700,1,1
57.662193934,1,0
57.662467264,0,0
57.663242572,0,1
57.663289394,0,0
57.663330646,0,1
57.663373358,0,0
57.663414610,0,1
57.663457316,0,0
57.663498568,0,1
57.663541262,0,0
57.663582502,0,1
57.663625218,0,0
57.663666482,0,1
57.663709200,0,0
57.663750450,0,1
57.663793164,0,0
57.663834414,0,1
57.663877124,0,0
57.663918374,0,1
57.663962564,0,0
57.663964088,1,0
57.664003804,1,1
57.664046512,1,0
57.664087744,1,1
57.664121086,0,1
57.664134400,0,0
57.664175644,0,1
57.664198952,1,1
57.664542598,0,1
57.664554420,0,0
57.664597078,0,1
57.664638738,0,0
57.664679908,0,1
57.664703170,1,1
57.664722542,1,0
57.664763706,1,1
57.664785166,0,1
57.664805360,0,0
57.664846528,0,1
57.664869788,1,1
57.664889158,1,0
57.664930322,1,1
57.664972956,1,0
57.665014116,1,1
57.665056752,1,0
57.665097914,1,1
57.665140548,1,0
57.665181712,1,1
57.665224348,1,0
57.665267968,1,1
57.665310604,1,0
57.665348812,1,1
57.665391446,1,0
57.665436056,1,1
57.665449258,1,0
57.665450510,1,1
57.727109424,0,1
57.727121232,0,0
57.727163862,0,1
57.727187118,1,1
57.727206484,1,0
57.727247630,1,1
57.727290254,1,0
57.727331406,1,1
57.727352858,0,1
57.727373048,0,0
57.727414198,0,1
57.727455834,0,0
57.727496986,0,1
57.727520238,1,1
57.727539604,1,0
57.727580754,1,1
57.727623384,1,0
57.727664534,1,1
57.727685988,0,1
57.727706176,0,0
57.727747330,0,1
57.727788968,0,0
57.727832582,0,1
57.727855836,1,1
57.727875204,1,0
57.727913394,1,1
57.727956002,1,0
57.728000594,1,1
57.728019046,1,0
57.730257620,1,1
57.811272598,1,0
57.811545672,0,0
57.812320606,0,1
57.812453986,0,0
57.812455996,1,0
57.812495144,1,1
57.812536788,1,0
57.812538214,0,0
57.812577940,0,1
57.812620548,0,0
57.812621996,1,0
57.812661698,1,1
57.812703338,1,0
57.812744496,1,1
57.812786128,1,0
57.812787726,0,0
57.812827276,0,1
57.812869888,0,0
57.812871512,1,0
57.812911028,1,1
57.812952654,1,0
57.812993792,1,1
57.813035418,1,0
57.813076558,1,1
57.813119664,1,0
57.813160812,1,1
57.813203430,1,0
57.813244572,1,1
57.813277844,0,1
57.813291130,0,0
57.813332280,0,1
57.813355534,1,1
57.813627174,0,1
57.813638980,0,0
57.813681596,0,1
57.813723226,0,0
57.813764370,0,1
57.813787622,1,1
57.813806986,1,0
57.813848132,1,1
57.813869584,0,1
57.813889768,0,0
57.813930916,0,1
57.813954164,1,1
57.813973532,1,0
57.814014676,1,1
57.814057292,1,0
57.814098436,1,1
57.814141052,1,0
57.814182196,1,1
57.814224818,1,0
57.814265964,1,1
57.814308582,1,0
57.814352188,1,1
57.814394808,1,0
57.814432990,1,1
57.814475606,1,0
57.814520198,1,1
57.814534212,1,0
57.814803284,0,0
57.815578132,0,1
57.815617624,0,0
57.815658790,0,1
57.815701414,0,0
57.815742572,0,1
57.815785198,0,0
57.815786940,1,0
57.815826348,1,1
57.815867978,1,0
57.815869120,0,0
57.815909126,0,1
57.815951742,0,0
57.815992898,0,1
57.816035524,0,0
57.816076686,0,1
57.816119308,0,0
57.816160468,0,1
57.816203092,0,0
57.816244250,0,1
57.816288350,0,0
57.816329510,0,1
57.816368684,0,0
57.816370512,1,0
57.816409828,1,1
57.816443104,0,1
57.816456392,0,0
57.816497546,0,1
57.816520798,1,1
57.816859640,0,1
57.816871464,0,0
57.816914154,0,1
57.816955852,0,0
57.816997070,0,1
57.817020358,1,1
57.817039752,1,0
57.817080964,1,1
57.817102452,0,1
57.817122672,0,0
57.817163896,0,1
57.817187182,1,1
57.817206582,1,0
57.817247806,1,1
57.817290498,1,0
57.817331710,1,1
57.817374404,1,0
57.817415622,1,1
57.817458312,1,0
57.817499530,1,1
57.817542222,1,0
57.817585904,1,1
57.817628598,1,0
57.817666854,1,1
57.817709546,1,0
57.817754220,1,1
57.817768396,1,0
57.817769650,1,1
57.827057290,0,1
57.827069122,0,0
57.827111832,0,1
57.827135126,1,1
57.827154528,1,0
57.827195754,1,1
57.827238452,1,0
57.827279676,1,1
57.827301164,0,1
57.827321388,0,0
57.827362620,0,1
57.827404330,0,0
57.827445558,0,1
57.827468854,1,1
57.827488254,1,0
57.827529480,1,1
57.827572176,1,0
57.827613402,1,1
57.827634894,0,1
57.827655116,0,0
57.827696348,0,1
57.827738060,0,0
57.827781758,0,1
57.827805054,1,1
57.827824452,1,0
57.827862716,1,1
57.827905414,1,0
57.827950088,1,1
57.827968230,1,0
57.834258002,1,1
57.920322450,0,1
57.920334280,0,0
57.920376998,0,1
57.920400298,1,1
57.920419694,1,0
57.920460924,1,1
57.920503620,1,0
57.920544846,1,1
57.920566338,0,1
57.920586562,0,0
57.920627792,0,1
57.920669512,0,0
57.920710750,0,1
57.920734048,1,1
57.920753454,1,0
57.920794692,1,1
57.920837394,1,0
57.920878626,1,1
57.920900120,0,1
57.920920350,0,0
57.920961584,0,1
57.921003298,0,0
57.921047004,0,1
57.921070304,1,1
57.921089704,1,0
57.921127972,1,1
57.921170680,1,0
57.921215368,1,1
57.921234582,1,0
57.922257138,1,1
57.971065952,1,0
57.971069958,0,0
57.972114716,0,1
57.972246994,0,0
57.972249180,1,0
57.972288238,1,1
57.972329960,1,0
57.972331456,0,0
57.972371208,0,1
57.972413914,0,0
57.972415308,1,0
57.972455154,1,1
57.972496876,1,0
57.972538114,1,1
57.972579834,1,0
57.972581106,0,0
57.972621076,0,1
57.972663782,0,0
57.972665980,1,0
57.972705018,1,1
57.972746736,1,0
57.972787966,1,1
57.972829684,1,0
57.972870920,1,1
57.972914120,1,0
57.972955358,1,1
57.972998062,1,0
57.973039298,1,1
57.973072640,0,1
57.973085952,0,0
57.973127200,0,1
57.973150506,1,1
57.973422746,0,1
57.973434578,0,0
57.973477296,0,1
57.973519008,0,0
57.973560248,0,1
57.973583544,1,1
57.973602950,1,0
57.973644186,1,1
57.973665680,0,1
57.973685906,0,0
57.973727142,0,1
57.973750446,1,1
57.973769848,1,0
57.973811082,1,1
57.973853790,1,0
57.973895024,1,1
57.973937730,1,0
57.973978966,1,1
57.974021674,1,0
57.974062910,1,1
57.974105614,1,0
57.974149322,1,1
57.974192028,1,0
57.974230300,1,1
57.974273008,1,0
57.974317700,1,1
57.974330012,1,0
57.974599288,0,0
57.975374786,0,1
57.975417754,0,0
57.975459008,0,1
57.975501722,0,0
57.975542976,0,1
57.975585688,0,0
57.975626940,0,1
57.975669652,0,0
57.975710902,0,1
57.975753614,0,0
57.975794862,0,1
57.975837574,0,0
57.975878824,0,1
57.975921532,0,0
57.975962780,0,1
57.976005490,0,0
57.976046740,0,1
57.976090938,0,0
57.976092428,1,0
57.976132180,1,1
57.976174896,1,0
57.976216136,1,1
57.976249484,0,1
57.976262800,0,0
57.976304046,0,1
57.976327350,1,1
57.976670976,0,1
57.976682792,0,0
57.976725442,0,1
57.976767096,0,0
57.976808266,0,1
57.976831526,1,1
57.976850896,1,0
57.976892060,1,1
57.976913520,0,1
57.976933714,0,0
57.976974878,0,1
57.976998140,1,1
57.977017512,1,0
57.977058672,1,1
57.977101306,1,0
57.977142466,1,1
57.977185102,1,0
57.977226264,1,1
57.977268898,1,0
57.977310060,1,1
57.977352696,1,0
57.977396322,1,1
57.977438952,1,0
57.977477154,1,1
57.977519782,1,0
57.977564390,1,1
57.977577926,1,0
57.977579178,1,1
58.019941460,0,1
58.019953266,0,0
58.019995892,0,1
58.020019144,1,1
58.020038510,1,0
58.020079656,1,1
58.020122272,1,0
58.020163424,1,1
58.020184874,0,1
58.020205060,0,0
58.020246212,0,1
58.020287850,0,0
58.020328998,0,1
58.020352248,1,1
58.020371610,1,0
58.020412758,1,1
58.020455374,1,0
58.020496518,1,1
58.020517972,0,1
58.020538158,0,0
58.020579310,0,1
58.020620942,0,0
58.020664556,0,1
58.020687810,1,1
58.020707176,1,0
58.020745364,1,1
58.020787982,1,0
58.020832576,1,1
58.020851018,1,0
58.026256742,1,1
58.113055662,0,1
58.113067468,0,0
58.113110090,0,1
58.113133340,1,1
58.113152704,1,0
58.113193848,1,1
58.113236468,1,0
58.113277608,1,1
58.113299060,0,1
58.113319246,0,0
58.113360394,0,1
58.113402022,0,0
58.113443168,0,1
58.113466416,1,1
58.113485782,1,0
58.113526922,1,1
58.113569536,1,0
58.113610676,1,1
58.113632124,0,1
58.113652304,0,0
58.113693446,0,1
58.113735080,0,0
58.113778694,0,1
58.113801942,1,1
58.113821308,1,0
58.113859500,1,1
58.113902114,1,0
58.113946706,1,1
58.113964984,1,0
58.114256602,1,1
58.130775174,1,0
58.131048234,0,0
58.131823270,0,1
58.132088960,0,0
58.132090530,1,0
58.132130108,1,1
58.132171750,1,0
58.132173752,0,0
58.132212910,0,1
58.132255536,0,0
58.132257570,1,0
58.132296686,1,1
58.132338322,1,0
58.132379466,1,1
58.132421098,1,0
58.132422296,0,0
58.132462252,0,1
58.132504874,0,0
58.132507116,1,0
58.132546018,1,1
58.132587652,1,0
58.132628794,1,1
58.132670422,1,0
58.132711560,1,1
58.132754668,1,0
58.132795810,1,1
58.132838426,1,0
58.132879568,1,1
58.132912844,0,1
58.132926128,0,0
58.132967282,0,1
58.132990540,1,1
58.133262198,0,1
58.133274008,0,0
58.133316638,0,1
58.133358276,0,0
58.133399432,0,1
58.133422684,1,1
58.133442052,1,0
58.133483198,1,1
58.133504654,0,1
58.133524844,0,0
58.133565996,0,1
58.133589250,1,1
58.133608616,1,0
58.133649770,1,1
58.133692394,1,0
58.133733538,1,1
58.133776154,1,0
58.133817298,1,1
58.133859916,1,0
58.133901060,1,1
58.133943684,1,0
58.133987288,1,1
58.134029906,1,0
58.134068092,1,1
58.134110708,1,0
58.134155298,1,1
58.134170296,1,0
58.134443460,0,0
58.135218522,0,1
58.135259160,0,0
58.135300322,0,1
58.135342948,0,0
58.135384108,0,1
58.135426732,0,0
58.135428402,1,0
58.135467880,1,1
58.135509518,1,0
58.135510630,0,0
58.135550676,0,1
58.135593296,0,0
58.135634456,0,1
58.135677078,0,0
58.135718240,0,1
58.135760862,0,0
58.135802022,0,1
58.135844646,0,0
58.135885808,0,1
58.135929912,0,0
58.135971070,0,1
58.136010244,0,0
58.136012240,1,0
58.136051392,1,1
58.136084670,0,1
58.136097956,0,0
58.136139112,0,1
58.136162368,1,1
58.136501224,0,1
58.136513050,0,0
58.136555742,0,1
58.136597442,0,0
58.136638664,0,1
58.136661954,1,1
58.136681350,1,0
58.136722568,1,1
58.136744054,0,1
58.136764272,0,0
58.136805494,0,1
58.136828784,1,1
58.136848176,1,0
58.136889390,1,1
58.136932080,1,0
58.136973298,1,1
58.137015990,1,0
58.137057210,1,1
58.137099902,1,0
58.137141122,1,1
58.137183816,1,0
58.137227502,1,1
58.137270194,1,0
58.137308450,1,1
58.137351142,1,0
58.137395814,1,1
58.137409362,1,0
58.137410612,1,1
58.212959816,0,1
58.212971648,0,0
58.213014360,0,1
58.213037656,1,1
58.213057054,1,0
58.213098284,1,1
58.213140988,1,0
58.213182224,1,1
58.213203720,0,1
58.213223950,0,0
58.213265182,0,1
58.213306896,0,0
58.213348128,0,1
58.213371428,1,1
58.213390828,1,0
58.213432058,1,1
58.213474760,1,0
58.213515992,1,1
58.213537486,0,1
58.213557710,0,0
58.213598948,0,1
58.213640662,0,0
58.213684366,0,1
58.213707666,1,1
58.213727066,1,0
58.213765336,1,1
58.213808036,1,0
58.213852724,1,1
58.213871582,1,0
58.218256354,1,1
58.274680920,1,0
58.274950122,0,0
58.275725462,0,1
58.275850660,0,0
58.275852864,1,0
58.275891898,1,1
58.275933620,1,0
58.275935130,0,0
58.275974864,0,1
58.276017572,0,0
58.276018986,1,0
58.276058806,1,1
58.276100524,1,0
58.276141756,1,1
58.276183472,1,0
58.276184768,0,0
58.276224714,0,1
58.276267422,0,0
58.276269636,1,0
58.276308658,1,1
58.276350376,1,0
58.276391614,1,1
58.276433334,1,0
58.276474566,1,1
58.276517766,1,0
58.276559002,1,1
58.276601706,1,0
58.276642940,1,1
58.276676280,0,1
58.276689592,0,0
58.276730832,0,1
58.276754142,1,1
58.277026400,0,1
58.277038232,0,0
58.277080948,0,1
58.277122662,0,0
58.277163902,0,1
58.277187206,1,1
58.277206608,1,0
58.277247842,1,1
58.277269336,0,1
58.277289562,0,0
58.277330798,0,1
58.277354096,1,1
58.277373498,1,0
58.277414730,1,1
58.277457438,1,0
58.277498670,1,1
58.277541374,1,0
58.277582608,1,1
58.277625312,1,0
58.277666542,1,1
58.277709248,1,0
58.277752948,1,1
58.277795652,1,0
58.277833926,1,1
58.277876628,1,0
58.277921314,1,1
58.277936432,1,0
58.278209728,0,0
58.278985088,0,1
58.279027510,0,0
58.279068768,0,1
58.279111486,0,0
58.279152742,0,1
58.279195454,0,0
58.279236704,0,1
58.279279418,0,0
58.279320670,0,1
58.279363382,0,0
58.279404634,0,1
58.279447344,0,0
58.279488590,0,1
58.279531302,0,0
58.279572552,0,1
58.279615260,0,0
58.279656510,0,1
58.279700698,0,0
58.279702608,1,0
58.279741936,1,1
58.279784642,1,0
58.279825874,1,1
58.279859214,0,1
58.279872526,0,0
58.279913768,0,1
58.279937066,1,1
58.280280692,0,1
58.280292506,0,0
58.280335152,0,1
58.280376804,0,0
58.280417968,0,1
58.280441230,1,1
58.280460600,1,0
58.280501760,1,1
58.280523218,0,1
58.280543408,0,0
58.280584576,0,1
58.280607836,1,1
58.280627204,1,0
58.280668364,1,1
58.280711000,1,0
58.280752170,1,1
58.280794808,1,0
58.280835968,1,1
58.280878598,1,0
58.280919754,1,1
58.280962386,1,0
58.281006006,1,1
58.281048636,1,0
58.281086840,1,1
58.281129472,1,0
58.281174082,1,1
58.281187734,1,0
58.281188990,1,1
58.312524284,0,1
58.312536092,0,0
58.312578722,0,1
58.312601972,1,1
58.312621342,1,0
58.312662490,1,1
58.312705114,1,0
58.312746262,1,1
58.312767716,0,1
58.312787904,0,0
58.312829058,0,1
58.312870698,0,0
58.312911852,0,1
58.312935106,1,1
58.312954472,1,0
58.312995626,1,1
58.313038248,1,0
58.313079398,1,1
58.313100856,0,1
58.313121042,0,0
58.313162196,0,1
58.313203838,0,0
58.313247458,0,1
58.313270712,1,1
58.313290080,1,0
58.313328274,1,1
58.313370902,1,0
58.313415502,1,1
58.313434266,1,0
58.314256580,1,1
58.405637008,0,1
58.405648816,0,0
58.405691438,0,1
58.405714690,1,1
58.405734054,1,0
58.405775198,1,1
58.405817814,1,0
58.405858956,1,1
58.405880408,0,1
58.405900594,0,0
58.405941740,0,1
58.405983370,0,0
58.406024520,0,1
58.406047768,1,1
58.406067134,1,0
58.406108276,1,1
58.406150896,1,0
58.406192040,1,1
58.406213494,0,1
58.406233680,0,0
58.406274830,0,1
58.406316466,0,0
58.406360076,0,1
58.406383326,1,1
58.406402690,1,0
58.406440874,1,1
58.406483490,1,0
58.406528080,1,1
58.406546536,1,0
58.410255752,1,1
58.450798328,1,0
58.450802330,0,0
58.451842592,0,1
58.451980458,0,0
58.451981996,1,0
58.452021610,1,1
58.452063242,1,0
58.452065210,0,0
58.452104398,0,1
58.452147018,0,0
58.452149012,1,0
58.452188174,1,1
58.452229808,1,0
58.452270952,1,1
58.452312586,1,0
58.452313698,0,0
58.452353738,0,1
58.452396356,0,0
58.452398500,1,0
58.452437506,1,1
58.452479138,1,0
58.452520282,1,1
58.452561914,1,0
58.452603054,1,1
58.452646160,1,0
58.452687302,1,1
58.452729914,1,0
58.452771052,1,1
58.452804326,0,1
58.452817612,0,0
58.452858764,0,1
58.452882022,1,1
58.453153696,0,1
58.453165506,0,0
58.453208128,0,1
58.453249760,0,0
58.453290904,0,1
58.453314154,1,1
58.453333520,1,0
58.453374662,1,1
58.453396114,0,1
58.453416296,0,0
58.453457440,0,1
58.453480688,1,1
58.453500052,1,0
58.453541190,1,1
58.453583806,1,0
58.453624948,1,1
58.453667562,1,0
58.453708702,1,1
58.453751320,1,0
58.453792458,1,1
58.453835072,1,0
58.453878678,1,1
58.453921298,1,0
58.453959480,1,1
58.454002100,1,0
58.454046692,1,1
58.454060174,1,0
58.454333288,0,0
58.455108064,0,1
58.455152952,0,0
58.455194116,0,1
58.455236736,0,0
58.455277890,0,1
58.455320512,0,0
58.455321920,1,0
58.455361652,1,1
58.455403282,1,0
58.455405114,0,0
58.455444430,0,1
58.455487046,0,0
58.455528196,0,1
58.455570816,0,0
58.455611974,0,1
58.455654594,0,0
58.455695752,0,1
58.455738374,0,0
58.455779530,0,1
58.455823632,0,0
58.455864790,0,1
58.455903960,0,0
58.455905520,1,0
58.455945104,1,1
58.455978380,0,1
58.455991664,0,0
58.456032810,0,1
58.456056058,1,1
58.456394890,0,1
58.456406714,0,0
58.456449406,0,1
58.456491100,0,0
58.456532314,0,1
58.456555602,1,1
58.456574998,1,0
58.456616216,1,1
58.456637700,0,1
58.456657920,0,0
58.456699140,0,1
58.456722434,1,1
58.456741832,1,0
58.456783054,1,1
58.456825742,1,0
58.456866964,1,1
58.456909656,1,0
58.456950876,1,1
58.456993570,1,0
58.457034792,1,1
58.457077482,1,0
58.457121168,1,1
58.457163864,1,0
58.457202114,1,1
58.457244792,1,0
58.457289466,1,1
58.457302114,1,0
58.457303370,1,1
58.505246984,0,1
58.505258818,0,0
58.505301534,0,1
58.505324832,1,1
58.505344236,1,0
58.505385468,1,1
58.505428168,1,0
58.505469400,1,1
58.505490888,0,1
58.505511110,0,0
58.505552336,0,1
58.505594058,0,0
58.505635308,0,1
58.505658604,1,1
58.505678006,1,0
58.505719240,1,1
58.505761942,1,0
58.505803174,1,1
58.505824668,0,1
58.505844894,0,0
58.505886128,0,1
58.505927844,0,0
58.505971548,0,1
58.505994848,1,1
58.506014252,1,0
58.506052522,1,1
58.506095226,1,0
58.506139916,1,1
58.506157272,1,0
58.506255872,1,1
58.598515288,0,1
58.598527122,0,0
58.598569842,0,1
58.598593142,1,1
58.598612542,1,0
58.598653772,1,1
58.598696478,1,0
58.598737712,1,1
58.598759202,0,1
58.598779430,0,0
58.598820666,0,1
58.598862382,0,0
58.598903616,0,1
58.598926914,1,1
58.598946316,1,0
58.598987548,1,1
58.599030252,1,0
58.599071488,1,1
58.599092980,0,1
58.599113208,0,0
58.599154448,0,1
58.599196168,0,0
58.599239876,0,1
58.599263174,1,1
58.599282576,1,0
58.599320846,1,1
58.599363550,1,0
58.599408238,1,1
58.599425980,1,0
58.602255366,1,1
58.619105024,1,0
58.619109030,0,0
58.620149774,0,1
58.620346384,0,0
58.620348678,1,0
58.620387622,1,1
58.620429344,1,0
58.620430938,0,0
58.620470592,0,1
58.620513304,0,0
58.620514794,1,0
58.620554542,1,1
58.620596262,1,0
58.620637498,1,1
58.620679214,1,0
58.620680550,0,0
58.620720462,0,1
58.620763166,0,0
58.620765392,1,0
58.620804400,1,1
58.620846120,1,0
58.620887354,1,1
58.620929070,1,0
58.620970304,1,1
58.621013504,1,0
58.621054740,1,1
58.621097444,1,0
58.621138682,1,1
58.621172028,0,1
58.621185340,0,0
58.621226588,0,1
58.621249894,1,1
58.621522120,0,1
58.621533952,0,0
58.621576664,0,1
58.621618384,0,0
58.621659624,0,1
58.621682926,1,1
58.621702330,1,0
58.621743566,1,1
58.621765060,0,1
58.621785288,0,0
58.621826524,0,1
58.621849824,1,1
58.621869228,1,0
58.621910464,1,1
58.621953166,1,0
58.621994398,1,1
58.622037104,1,0
58.622078336,1,1
58.622121042,1,0
58.622162282,1,1
58.622204990,1,0
58.622248690,1,1
58.622291398,1,0
58.622329668,1,1
58.622372370,1,0
58.622417058,1,1
58.622429190,1,0
58.622698444,0,0
58.623473802,0,1
58.623516794,0,0
58.623558040,0,1
58.623600752,0,0
58.623642002,0,1
58.623684706,0,0
58.623725956,0,1
58.623768662,0,0
58.623809908,0,1
58.623852620,0,0
58.623893868,0,1
58.623936574,0,0
58.623977818,0,1
58.624020526,0,0
58.624061770,0,1
58.624104476,0,0
58.624145726,0,1
58.624189914,0,0
58.624191280,1,0
58.624231152,1,1
58.624273858,1,0
58.624315090,1,1
58.624348426,0,1
58.624361738,0,0
58.624402978,0,1
58.624426278,1,1
58.624769886,0,1
58.624781702,0,0
58.624824348,0,1
58.624865994,0,0
58.624907162,0,1
58.624930422,1,1
58.624949792,1,0
58.624990952,1,1
58.625012414,0,1
58.625032608,0,0
58.625073772,0,1
58.625097030,1,1
58.625116398,1,0
58.625157556,1,1
58.625200196,1,0
58.625241354,1,1
58.625283986,1,0
58.625325142,1,1
58.625367776,1,0
58.625408936,1,1
58.625451566,1,0
58.625495184,1,1
58.625537814,1,0
58.625576016,1,1
58.625618642,1,0
58.625663242,1,1
58.625676398,1,0
58.625677654,1,1
58.698360424,0,1
58.698372232,0,0
58.698414864,0,1
58.698438116,1,1
58.698457482,1,0
58.698498626,1,1
58.698541246,1,0
58.698582392,1,1
58.698603846,0,1
58.698624034,0,0
58.698665182,0,1
58.698706818,0,0
58.698747968,0,1
58.698771216,1,1
58.698790584,1,0
58.698831728,1,1
58.698874350,1,0
58.698915496,1,1
58.698936948,0,1
58.698957136,0,0
58.698998286,0,1
58.699039920,0,0
58.699083536,0,1
58.699106790,1,1
58.699126154,1,0
58.699164350,1,1
58.699206974,1,0
58.699251572,1,1
58.699270458,1,0
58.706263876,1,1
58.791473180,0,1
58.791484988,0,0
58.791527614,0,1
58.791550862,1,1
58.791570228,1,0
58.791611372,1,1
58.791653994,1,0
58.791695138,1,1
58.791716586,0,1
58.791736768,0,0
58.791777912,0,1
58.791819538,0,0
58.791860680,0,1
58.791883928,1,1
58.791903292,1,0
58.791944432,1,1
58.791987050,1,0
58.792028190,1,1
58.792049642,0,1
58.792069826,0,0
58.792110972,0,1
58.792152604,0,0
58.792196224,0,1
58.792219478,1,1
58.792238842,1,0
58.792277032,1,1
58.792319654,1,0
58.792364246,1,1
58.792383176,1,0
58.794262616,1,1
58.810100520,1,0
58.810104522,0,0
58.811148434,0,1
58.812016572,0,0
58.812018408,1,0
58.812057720,1,1
58.812099358,1,0
58.812100622,0,0
58.812140512,0,1
58.812183142,0,0
58.812185430,1,0
58.812224294,1,1
58.812265930,1,0
58.812307074,1,1
58.812348710,1,0
58.812350100,0,0
58.812389862,0,1
58.812432486,0,0
58.812433898,1,0
58.812473634,1,1
58.812515272,1,0
58.812556412,1,1
58.812598046,1,0
58.812639190,1,1
58.812682298,1,0
58.812723444,1,1
58.812766060,1,0
58.812807202,1,1
58.812840476,0,1
58.812853764,0,0
58.812894916,0,1
58.812918170,1,1
58.813189812,0,1
58.813201618,0,0
58.813244236,0,1
58.813285866,0,0
58.813327014,0,1
58.813350262,1,1
58.813369628,1,0
58.813410774,1,1
58.813432224,0,1
58.813452408,0,0
58.813493556,0,1
58.813516806,1,1
58.813536170,1,0
58.813577310,1,1
58.813619926,1,0
58.813661066,1,1
58.813703682,1,0
58.813744820,1,1
58.813787436,1,0
58.813828576,1,1
58.813871192,1,0
58.813914796,1,1
58.813957414,1,0
58.813995596,1,1
58.814038214,1,0
58.814082802,1,1
58.814094606,1,0
58.814363696,0,0
58.815138654,0,1
58.815180258,0,0
58.815221422,0,1
58.815264052,0,0
58.815305210,0,1
58.815347836,0,0
58.815349510,1,0
58.815388986,1,1
58.815430620,1,0
58.815431710,0,0
58.815471774,0,1
58.815514394,0,0
58.815555548,0,1
58.815598170,0,0
58.815639328,0,1
58.815681944,0,0
58.815723102,0,1
58.815765718,0,0
58.815806858,0,1
58.815850954,0,0
58.815892118,0,1
58.815931290,0,0
58.815933130,1,0
58.815972430,1,1
58.816005704,0,1
58.816018990,0,0
58.816060140,0,1
58.816083390,1,1
58.816422218,0,1
58.816434042,0,0
58.816476728,0,1
58.816518426,0,0
58.816559644,0,1
58.816582930,1,1
58.816602326,1,0
58.816643542,1,1
58.816665028,0,1
58.816685248,0,0
58.816726468,0,1
58.816749758,1,1
58.816769154,1,0
58.816810372,1,1
58.816853062,1,0
58.816894278,1,1
58.816936970,1,0
58.816978186,1,1
58.817020874,1,0
58.817062092,1,1
58.817104782,1,0
58.817148468,1,1
58.817191160,1,0
58.817229416,1,1
58.817272102,1,0
58.817316772,1,1
58.817328894,1,0
58.817330146,1,1
58.857991496,0,1
58.858003328,0,0
58.858046036,0,1
58.858087752,0,0
58.858128982,0,1
58.858170698,0,0
58.858211932,0,1
58.858253650,0,0
58.858294888,0,1
58.858336610,0,0
58.858377848,0,1
58.858401146,1,1
58.858420546,1,0
58.858461774,1,1
58.858504476,1,0
58.858545702,1,1
58.858588402,1,0
58.858629632,1,1
58.858672330,1,0
58.858716020,1,1
58.858758720,1,0
58.858796978,1,1
58.858839676,1,0
58.858884356,1,1
58.862523382,0,1
58.862535214,0,0
58.862577922,0,1
58.862619632,0,0
58.862660864,0,1
58.862702576,0,0
58.862743802,0,1
58.862767100,1,1
58.862786500,1,0
58.862827728,1,1
58.862849218,0,1
58.862869440,0,0
58.862910670,0,1
58.862933968,1,1
58.862953366,1,0
58.862994592,1,1
58.863037290,1,0
58.863078516,1,1
58.863100008,0,1
58.863120232,0,0
58.863161464,0,1
58.863203178,0,0
58.863246878,0,1
58.863288586,0,0
58.863326856,0,1
58.863350152,1,1
58.863369550,1,0
58.863414230,1,1
58.863433088,1,0
58.874342842,1,1
58.875414146,0,1
58.875425978,0,0
58.875468684,0,1
58.875510398,0,0
58.875551628,0,1
58.875593340,0,0
58.875634570,0,1
58.875676284,0,0
58.875717516,0,1
58.875759228,0,0
58.875800462,0,1
58.875823756,1,1
58.875843156,1,0
58.875884384,1,1
58.875927084,1,0
58.875968310,1,1
58.876011006,1,0
58.876052238,1,1
58.876094938,1,0
58.876138632,1,1
58.876181336,1,0
58.876219604,1,1
58.876262306,1,0
58.876306992,1,1
58.879945050,0,1
58.879956882,0,0
58.879999594,0,1
58.880022888,1,1
58.880042286,1,0
58.880083512,1,1
58.880126212,1,0
58.880167444,1,1
58.880188934,0,1
58.880209160,0,0
58.880250396,0,1
58.880292108,0,0
58.880333340,0,1
58.880356640,1,1
58.880376040,1,0
58.880417264,1,1
58.880459950,1,0
58.880501176,1,1
58.880522672,0,1
58.880542900,0,0
58.880584128,0,1
58.880625840,0,0
58.880669536,0,1
58.880692834,1,1
58.880712232,1,0
58.880750498,1,1
58.880793198,1,0
58.880837876,1,1
58.888903810,1,0
58.890343412,1,1
58.944445664,0,1
58.944457496,0,0
58.944500212,0,1
58.944523508,1,1
58.944542910,1,0
58.944584144,1,1
58.944626850,1,0
58.944668080,1,1
58.944689572,0,1
58.944709798,0,0
58.944751032,0,1
58.944774328,1,1
58.944793728,1,0
58.944834956,1,1
58.944856448,0,1
58.944876672,0,0
58.944917904,0,1
58.944941198,1,1
58.944960600,1,0
58.945001830,1,1
58.945023320,0,1
58.945043544,0,0
58.945084774,0,1
58.945126488,0,0
58.945170194,0,1
58.945193490,1,1
58.945212894,1,0
58.945251162,1,1
58.945293864,1,0
58.945338546,1,1
58.945356978,1,0
58.946343214,1,1
58.952614064,0,1
58.952625896,0,0
58.952668612,0,1
58.952710334,0,0
58.952751576,0,1
58.952793292,0,0
58.952834532,0,1
58.952857832,1,1
58.952877234,1,0
58.952918470,1,1
58.952939962,0,1
58.952960190,0,0
58.953001432,0,1
58.953024734,1,1
58.953044136,1,0
58.953085370,1,1
58.953128078,1,0
58.953169314,1,1
58.953190808,0,1
58.953211034,0,0
58.953252278,0,1
58.953293996,0,0
58.953337702,0,1
58.953379420,0,0
58.953417696,0,1
58.953440998,1,1
58.953460400,1,0
58.953505090,1,1
58.953523188,1,0
58.954342662,1,1
58.979265614,1,0
58.979538812,0,0
58.980314126,0,1
58.980605702,0,0
58.980607672,1,0
58.980646942,1,1
58.980688664,1,0
58.980689918,0,0
58.980729910,0,1
58.980772622,0,0
58.980774772,1,0
58.980813860,1,1
58.980855578,1,0
58.980896814,1,1
58.980938532,1,0
58.980940512,0,0
58.980979776,0,1
58.981022486,0,0
58.981024340,1,0
58.981063722,1,1
58.981105442,1,0
58.981146680,1,1
58.981188404,1,0
58.981229640,1,1
58.981272840,1,0
58.981314078,1,1
58.981356782,1,0
58.981398014,1,1
58.981431356,0,1
58.981444670,0,0
58.981485916,0,1
58.981509224,1,1
58.981781460,0,1
58.981793292,0,0
58.981836010,0,1
58.981877728,0,0
58.981918966,0,1
58.981942270,1,1
58.981961674,1,0
58.982002908,1,1
58.982024404,0,1
58.982044630,0,0
58.982085876,0,1
58.982109176,1,1
58.982128578,1,0
58.982169818,1,1
58.982212532,1,0
58.982253774,1,1
58.982296484,1,0
58.982337728,1,1
58.982380438,1,0
58.982421676,1,1
58.982464386,1,0
58.982508092,1,1
58.982550802,1,0
58.982589078,1,1
58.982631786,1,0
58.982676478,1,1
58.982689920,1,0
58.982959164,0,0
58.983734520,0,1
58.983776320,0,0
58.983817572,0,1
58.983860284,0,0
58.983901536,0,1
58.983944248,0,0
58.983985500,0,1
58.984028212,0,0
58.984069464,0,1
58.984112176,0,0
58.984153426,0,1
58.984196144,0,0
58.984237398,0,1
58.984280110,0,0
58.984321360,0,1
58.984364076,0,0
58.984405324,0,1
58.984449518,0,0
58.984450844,1,0
58.984490758,1,1
58.984533464,1,0
58.984574704,1,1
58.984608048,0,1
58.984621364,0,0
58.984662610,0,1
58.984685914,1,1
58.985029526,0,1
58.985041338,0,0
58.985083988,0,1
58.985125648,0,0
58.985166830,0,1
58.985190090,1,1
58.985209460,1,0
58.985250620,1,1
58.985272076,0,1
58.985292268,0,0
58.985333430,0,1
58.985356690,1,1
58.985376062,1,0
58.985417224,1,1
58.985459856,1,0
58.985501012,1,1
58.985543642,1,0
58.985584802,1,1
58.985627434,1,0
58.985668590,1,1
58.985711224,1,0
58.985754848,1,1
58.985797476,1,0
58.985835676,1,1
58.985878304,1,0
58.985922912,1,1
58.985936878,1,0
58.985938128,1,1
59.034695238,0,1
59.034707046,0,0
59.034749674,0,1
59.034791308,0,0
59.034832460,0,1
59.034874090,0,0
59.034915242,0,1
59.034956874,0,0
59.034998026,0,1
59.035039664,0,0
59.035080818,0,1
59.035104070,1,1
59.035123436,1,0
59.035164590,1,1
59.035207212,1,0
59.035248358,1,1
59.035290980,1,0
59.035332124,1,1
59.035374744,1,0
59.035418356,1,1
59.035460976,1,0
59.035499164,1,1
59.035541780,1,0
59.035586374,1,1
59.039218428,0,1
59.039230238,0,0
59.039272866,0,1
59.039314506,0,0
59.039355660,0,1
59.039397298,0,0
59.039438450,0,1
59.039461706,1,1
59.039481072,1,0
59.039522224,1,1
59.039543678,0,1
59.039563864,0,0
59.039605020,0,1
59.039628274,1,1
59.039647640,1,0
59.039688790,1,1
59.039731414,1,0
59.039772562,1,1
59.039794018,0,1
59.039814204,0,0
59.039855356,0,1
59.039896992,0,0
59.039940610,0,1
59.039982248,0,0
59.040020448,0,1
59.040043702,1,1
59.040063070,1,0
59.040107668,1,1
59.047536360,1,0
59.050342934,1,1
59.067517732,0,1
59.067529540,0,0
59.067572164,0,1
59.067613796,0,0
59.067654946,0,1
59.067696580,0,0
59.067737730,0,1
59.067779362,0,0
59.067820512,0,1
59.067862148,0,0
59.067903300,0,1
59.067926554,1,1
59.067945918,1,0
59.067987060,1,1
59.068029680,1,0
59.068070824,1,1
59.068113446,1,0
59.068154592,1,1
59.068197214,1,0
59.068240826,1,1
59.068283446,1,0
59.068321636,1,1
59.068364252,1,0
59.068408846,1,1
59.072039932,0,1
59.072051740,0,0
59.072094368,0,1
59.072117620,1,1
59.072136986,1,0
59.072178146,1,1
59.072220780,1,0
59.072261934,1,1
59.072283390,0,1
59.072303576,0,0
59.072344726,0,1
59.072367978,1,1
59.072387346,1,0
59.072428496,1,1
59.072449946,0,1
59.072470132,0,0
59.072511284,0,1
59.072534536,1,1
59.072553906,1,0
59.072595056,1,1
59.072616506,0,1
59.072636694,0,0
59.072677848,0,1
59.072719482,0,0
59.072763098,0,1
59.072786352,1,1
59.072805720,1,0
59.072843914,1,1
59.072886536,1,0
59.072931134,1,1
59.080486796,1,0
59.082342504,1,1
59.133939238,0,1
59.133951042,0,0
59.133993660,0,1
59.134035286,0,0
59.134076426,0,1
59.134118058,0,0
59.134159208,0,1
59.134182458,1,1
59.134201822,1,0
59.134242966,1,1
59.134264416,0,1
59.134284602,0,0
59.134325744,0,1
59.134348992,1,1
59.134368356,1,0
59.134409494,1,1
59.134452106,1,0
59.134493244,1,1
59.134514696,0,1
59.134534880,0,0
59.134576022,0,1
59.134617650,0,0
59.134661256,0,1
59.134702884,0,0
59.134741068,0,1
59.134764312,1,1
59.134783678,1,0
59.134828262,1,1
59.134847022,1,0
59.138342400,1,1
59.150407984,0,1
59.150419792,0,0
59.150462410,0,1
59.150485662,1,1
59.150505024,1,0
59.150546168,1,1
59.150588784,1,0
59.150629926,1,1
59.150651376,0,1
59.150671562,0,0
59.150712706,0,1
59.150754340,0,0
59.150795486,0,1
59.150818736,1,1
59.150838100,1,0
59.150879244,1,1
59.150921862,1,0
59.150963002,1,1
59.150984452,0,1
59.151004638,0,0
59.151045788,0,1
59.151087422,0,0
59.151131034,0,1
59.151154290,1,1
59.151173658,1,0
59.151211846,1,1
59.151254464,1,0
59.151299056,1,1
59.151317924,1,0
59.154350248,1,1
59.170572650,1,0
59.170845728,0,0
59.171620468,0,1
59.171750294,0,0
59.171751816,1,0
59.171791444,1,1
59.171833078,1,0
59.171835028,0,0
59.171874238,0,1
59.171916856,0,0
59.171918822,1,0
59.171958000,1,1
59.171999634,1,0
59.172040778,1,1
59.172082406,1,0
59.172083506,0,0
59.172123558,0,1
59.172166186,0,0
59.172168308,1,0
59.172207332,1,1
59.172248972,1,0
59.172290118,1,1
59.172331748,1,0
59.172372890,1,1
59.172416004,1,0
59.172457146,1,1
59.172499762,1,0
59.172540906,1,1
59.172574182,0,1
59.172587468,0,0
59.172628622,0,1
59.172651880,1,1
59.172923540,0,1
59.172935346,0,0
59.172977966,0,1
59.173019594,0,0
59.173060742,0,1
59.173083992,1,1
59.173103358,1,0
59.173144504,1,1
59.173165956,0,1
59.173186144,0,0
59.173227292,0,1
59.173250540,1,1
59.173269908,1,0
59.173311056,1,1
59.173353676,1,0
59.173394816,1,1
59.173437438,1,0
59.173478584,1,1
59.173521198,1,0
59.173562346,1,1
59.173604964,1,0
59.173648572,1,1
59.173691192,1,0
59.173729380,1,1
59.173771998,1,0
59.173816590,1,1
59.173830050,1,0
59.174103136,0,0
59.174878074,0,1
59.174922944,0,0
59.174964104,0,1
59.175006732,0,0
59.175047894,0,1
59.175090516,0,0
59.175091936,1,0
59.175131664,1,1
59.175173304,1,0
59.175175166,0,0
59.175214460,0,1
59.175257084,0,0
59.175298240,0,1
59.175340866,0,0
59.175382030,0,1
59.175424656,0,0
59.175465814,0,1
59.175508438,0,0
59.175549600,0,1
59.175593700,0,0
59.175634858,0,1
59.175674032,0,0
59.175675692,1,0
59.175715180,1,1
59.175748458,0,1
59.175761746,0,0
59.175802902,0,1
59.175826160,1,1
59.176165008,0,1
59.176176836,0,0
59.176219532,0,1
59.176261234,0,0
59.176302452,0,1
59.176325746,1,1
59.176345144,1,0
59.176386360,1,1
59.176407846,0,1
59.176428068,0,0
59.176469288,0,1
59.176492582,1,1
59.176511978,1,0
59.176553196,1,1
59.176595894,1,0
59.176637110,1,1
59.176679806,1,0
59.176721026,1,1
59.176763718,1,0
59.176804932,1,1
59.176847626,1,0
59.176891314,1,1
59.176934008,1,0
59.176972270,1,1
59.177014966,1,0
59.177059642,1,1
59.177072560,1,0
59.177073818,1,1
59.291268120,1,0
59.291537270,0,0
59.292312532,0,1
59.292552004,0,0
59.292553652,1,0
59.292593244,1,1
59.292634964,1,0
59.292636898,0,0
59.292676208,0,1
59.292718916,0,0
59.292720736,1,0
59.292760152,1,1
59.292801868,1,0
59.292843102,1,1
59.292884820,1,0
59.292886468,0,0
59.292926058,0,1
59.292968766,0,0
59.292970292,1,0
59.293009998,1,1
59.293051718,1,0
59.293092952,1,1
59.293134672,1,0
59.293175908,1,1
59.293219108,1,0
59.293260342,1,1
59.293303046,1,0
59.293344278,1,1
59.293377620,0,1
59.293390936,0,0
59.293432180,0,1
59.293455484,1,1
59.293727730,0,1
59.293739562,0,0
59.293782278,0,1
59.293823990,0,0
59.293865224,0,1
59.293888524,1,1
59.293907924,1,0
59.293949158,1,1
59.293970652,0,1
59.293990880,0,0
59.294032118,0,1
59.294055420,1,1
59.294074822,1,0
59.294116054,1,1
59.294158762,1,0
59.294200000,1,1
59.294242704,1,0
59.294283938,1,1
59.294326642,1,0
59.294367872,1,1
59.294410574,1,0
59.294454274,1,1
59.294496976,1,0
59.294535244,1,1
59.294577944,1,0
59.294622628,1,1
59.294635712,1,0
59.294908948,0,0
59.295684198,0,1
59.295731286,0,0
59.295772536,0,1
59.295815248,0,0
59.295856496,0,1
59.295899210,0,0
59.295940460,0,1
59.295983172,0,0
59.296024422,0,1
59.296067132,0,0
59.296108380,0,1
59.296151092,0,0
59.296192346,0,1
59.296235058,0,0
59.296276314,0,1
59.296319026,0,0
59.296360278,0,1
59.296404472,0,0
59.296406690,1,0
59.296445714,1,1
59.296488420,1,0
59.296529660,1,1
59.296563004,0,1
59.296576320,0,0
59.296617562,0,1
59.296640868,1,1
59.296984506,0,1
59.296996320,0,0
59.297038964,0,1
59.297080620,0,0
59.297121786,0,1
59.297145046,1,1
59.297164422,1,0
59.297205586,1,1
59.297227044,0,1
59.297247236,0,0
59.297288410,0,1
59.297311682,1,1
59.297331066,1,0
59.297372252,1,1
59.297414912,1,0
59.297456102,1,1
59.297498756,1,0
59.297539926,1,1
59.297582568,1,0
59.297623728,1,1
59.297666364,1,0
59.297709990,1,1
59.297752624,1,0
59.297790826,1,1
59.297833462,1,0
59.297878074,1,1
59.297890594,1,0
59.297891844,1,1
59.547121236,1,0
59.547394262,0,0
59.548169118,0,1
59.549081508,0,0
59.549083330,1,0
59.549122656,1,1
59.549164290,1,0
59.549165524,0,0
59.549205442,0,1
59.549248060,0,0
59.549250330,1,0
59.549289200,1,1
59.549330832,1,0
59.549371970,1,1
59.549413598,1,0
59.549415018,0,0
59.549454742,0,1
59.549497358,0,0
59.549498820,1,0
59.549538498,1,1
59.549580126,1,0
59.549621262,1,1
59.549662884,1,0
59.549704016,1,1
59.549747116,1,0
59.549788250,1,1
59.549830856,1,0
59.549871988,1,1
59.549905260,0,1
59.549918544,0,0
59.549959686,0,1
59.549982936,1,1
59.550254556,0,1
59.550266362,0,0
59.550308978,0,1
59.550350604,0,0
59.550391746,0,1
59.550414994,1,1
59.550434358,1,0
59.550475494,1,1
59.550496944,0,1
59.550517126,0,0
59.550558268,0,1
59.550581516,1,1
59.550600878,1,0
59.550642016,1,1
59.550684630,1,0
59.550725770,1,1
59.550768382,1,0
59.550809524,1,1
59.550852138,1,0
59.550893276,1,1
59.550935890,1,0
59.550979488,1,1
59.551022098,1,0
59.551060278,1,1
59.551102882,1,0
59.551147452,1,1
59.551159402,1,0
59.551432520,0,0
59.552207308,0,1
59.552253664,0,0
59.552294818,0,1
59.552337436,0,0
59.552378592,0,1
59.552421214,0,0
59.552423162,1,0
59.552462354,1,1
59.552503984,1,0
59.552505348,0,0
59.552545134,0,1
59.552587748,0,0
59.552628904,0,1
59.552671532,0,0
59.552712694,0,1
59.552755320,0,0
59.552796484,0,1
59.552839108,0,0
59.552880270,0,1
59.552924376,0,0
59.552965538,0,1
59.553004718,0,0
59.553006832,1,0
59.553045874,1,1
59.553079158,0,1
59.553092448,0,0
59.553133608,0,1
59.553156866,1,1
59.553495790,0,1
59.553507618,0,0
59.553550320,0,1
59.553592026,0,0
59.553633252,0,1
59.553656546,1,1
59.553675946,1,0
59.553717168,1,1
59.553738658,0,1
59.553758880,0,0
59.553800106,0,1
59.553823396,1,1
59.553842790,1,0
59.553884008,1,1
59.553926698,1,0
59.553967914,1,1
59.554010604,1,0
59.554051820,1,1
59.554094508,1,0
59.554135724,1,1
59.554178418,1,0
59.554222104,1,1
59.554264800,1,0
59.554303058,1,1
59.554345752,1,0
59.554390426,1,1
59.554405698,1,0
59.554406958,1,1
59.699743690,1,0
59.700016872,0,0
59.700792148,0,1
59.700893506,0,0
59.700895364,1,0
59.700934748,1,1
59.700976466,1,0
59.700977618,0,0
59.701017714,0,1
59.701060418,0,0
59.701062476,1,0
59.701101652,1,1
59.701143376,1,0
59.701184610,1,1
59.701226326,1,0
59.701228244,0,0
59.701267570,0,1
59.701310276,0,0
59.701312078,1,0
59.701351512,1,1
59.701393232,1,0
59.701434470,1,1
59.701476184,1,0
59.701517418,1,1
59.701560614,1,0
59.701601844,1,1
59.701644546,1,0
59.701685778,1,1
59.701719116,0,1
59.701732428,0,0
59.701773670,0,1
59.701796978,1,1
59.702069200,0,1
59.702081032,0,0
59.702123744,0,1
59.702165466,0,0
59.702206714,0,1
59.702230016,1,1
59.702249420,1,0
59.702290654,1,1
59.702312148,0,1
59.702332376,0,0
59.702373618,0,1
59.702396916,1,1
59.702416318,1,0
59.702457554,1,1
59.702500260,1,0
59.702541492,1,1
59.702584198,1,0
59.702625430,1,1
59.702668136,1,0
59.702709368,1,1
59.702752072,1,0
59.702795772,1,1
59.702838478,1,0
59.702876746,1,1
59.702919450,1,0
59.702964140,1,1
59.702978710,1,0
59.703251964,0,0
59.704027306,0,1
59.704070326,0,0
59.704111574,0,1
59.704154290,0,0
59.704195530,0,1
59.704238234,0,0
59.704279496,0,1
59.704322218,0,0
59.704363478,0,1
59.704406188,0,0
59.704447436,0,1
59.704490142,0,0
59.704531390,0,1
59.704574104,0,0
59.704615356,0,1
59.704658064,0,0
59.704699316,0,1
59.704743510,0,0
59.704744850,1,0
59.704784752,1,1
59.704827464,1,0
59.704868696,1,1
59.704902040,0,1
59.704915356,0,0
59.704956604,0,1
59.704979908,1,1
59.705323546,0,1
59.705335362,0,0
59.705378012,0,1
59.705419662,0,0
59.705460830,0,1
59.705484090,1,1
59.705503464,1,0
59.705544628,1,1
59.705566088,0,1
59.705586282,0,0
59.705627450,0,1
59.705650710,1,1
59.705670082,1,0
59.705711242,1,1
59.705753878,1,0
59.705795030,1,1
59.705837662,1,0
59.705878826,1,1
59.705921458,1,0
59.705962618,1,1
59.706005252,1,0
59.706048874,1,1
59.706091506,1,0
59.706129708,1,1
59.706172338,1,0
59.706216946,1,1
59.706230104,1,0
59.706231360,1,1
59.851098872,1,0
59.851367928,0,0
59.852142852,0,1
59.852280036,0,0
59.852282266,1,0
59.852321182,1,1
59.852362816,1,0
59.852364482,0,0
59.852403970,0,1
59.852446586,0,0
59.852448294,1,0
59.852487724,1,1
59.852529354,1,0
59.852570494,1,1
59.852612120,1,0
59.852613978,0,0
59.852653270,0,1
59.852695884,0,0
59.852697778,1,0
59.852737022,1,1
59.852778652,1,0
59.852819790,1,1
59.852861420,1,0
59.852902558,1,1
59.852945664,1,0
59.852986800,1,1
59.853029410,1,0
59.853070548,1,1
59.853103818,0,1
59.853117102,0,0
59.853158246,0,1
59.853181500,1,1
59.853453120,0,1
59.853464924,0,0
59.853507536,0,1
59.853549160,0,0
59.853590302,0,1
59.853613550,1,1
59.853632912,1,0
59.853674050,1,1
59.853695502,0,1
59.853715686,0,0
59.853756830,0,1
59.853780076,1,1
59.853799438,1,0
59.853840582,1,1
59.853883198,1,0
59.853924336,1,1
59.853966954,1,0
59.854008092,1,1
59.854050704,1,0
59.854091840,1,1
59.854134452,1,0
59.854178054,1,1
59.854220670,1,0
59.854258856,1,1
59.854301464,1,0
59.854346046,1,1
59.854360596,1,0
59.854633684,0,0
59.855408624,0,1
59.855449796,0,0
59.855490952,0,1
59.855533576,0,0
59.855574734,0,1
59.855617352,0,0
59.855619488,1,0
59.855658492,1,1
59.855700122,1,0
59.855701694,0,0
59.855741272,0,1
59.855783886,0,0
59.855825042,0,1
59.855867658,0,0
59.855908812,0,1
59.855951430,0,0
59.855992582,0,1
59.856035198,0,0
59.856076354,0,1
59.856120452,0,0
59.856161612,0,1
59.856200784,0,0
59.856202154,1,0
59.856241928,1,1
59.856275206,0,1
59.856288492,0,0
59.856329644,0,1
59.856352896,1,1
59.856691712,0,1
59.856703538,0,0
59.856746230,0,1
59.856787926,0,0
59.856829144,0,1
59.856852432,1,1
59.856871828,1,0
59.856913036,1,1
59.856934520,0,1
59.856954738,0,0
59.856995958,0,1
59.857019246,1,1
59.857038642,1,0
59.857079858,1,1
59.857122554,1,0
59.857163770,1,1
59.857206458,1,0
59.857247672,1,1
59.857290356,1,0
59.857331570,1,1
59.857374254,1,0
59.857417936,1,1
59.857460618,1,0
59.857498868,1,1
59.857541554,1,0
59.857586222,1,1
59.857598894,1,0
59.857600152,1,1
60.019387342,1,0
60.019656464,0,0
60.020431710,0,1
60.020669364,0,0
60.020670838,1,0
60.020710610,1,1
60.020752332,1,0
60.020754080,0,0
60.020793584,0,1
60.020836294,0,0
60.020837912,1,0
60.020877536,1,1
60.020919254,1,0
60.020960492,1,1
60.021002212,1,0
60.021003676,0,0
60.021043452,0,1
60.021086162,0,0
60.021087520,1,0
60.021127400,1,1
60.021169124,1,0
60.021210362,1,1
60.021252084,1,0
60.021293320,1,1
60.021336524,1,0
60.021377768,1,1
60.021420474,1,0
60.021461710,1,1
60.021495052,0,1
60.021508366,0,0
60.021549612,0,1
60.021572922,1,1
60.021845182,0,1
60.021857016,0,0
60.021899732,0,1
60.021941448,0,0
60.021982690,0,1
60.022005992,1,1
60.022025394,1,0
60.022066630,1,1
60.022088122,0,1
60.022108350,0,0
60.022149590,0,1
60.022172898,1,1
60.022192306,1,0
60.022233548,1,1
60.022276264,1,0
60.022317502,1,1
60.022360208,1,0
60.022401442,1,1
60.022444150,1,0
60.022485382,1,1
60.022528090,1,0
60.022571790,1,1
60.022614492,1,0
60.022652764,1,1
60.022695468,1,0
60.022740156,1,1
60.022755248,1,0
60.023028512,0,0
60.023803754,0,1
60.023846358,0,0
60.023887610,0,1
60.023930324,0,0
60.023971574,0,1
60.024014286,0,0
60.024055530,0,1
60.024098242,0,0
60.024139490,0,1
60.024182206,0,0
60.024223462,0,1
60.024266174,0,0
60.024307426,0,1
60.024350138,0,0
60.024391388,0,1
60.024434098,0,0
60.024475350,0,1
60.024519546,0,0
60.024521144,1,0
60.024560784,1,1
60.024603492,1,0
60.024644728,1,1
60.024678074,0,1
60.024691388,0,0
60.024732632,0,1
60.024755938,1,1
60.025099560,0,1
60.025111374,0,0
60.025154022,0,1
60.025195680,0,0
60.025236848,0,1
60.025260108,1,1
60.025279482,1,0
60.025320646,1,1
60.025342104,0,1
60.025362298,0,0
60.025403464,0,1
60.025426722,1,1
60.025446094,1,0
60.025487252,1,1
60.025529890,1,0
60.025571046,1,1
60.025613680,1,0
60.025654842,1,1
60.025697476,1,0
60.025738634,1,1
60.025781266,1,0
60.025824890,1,1
60.025867522,1,0
60.025905722,1,1
60.025948356,1,0
60.025992962,1,1
60.026005970,1,0
60.026007226,1,1
60.153458916,0,1
60.153470724,0,0
60.153513342,0,1
60.153554970,0,0
60.153596118,0,1
60.153637750,0,0
60.153678892,0,1
60.153720524,0,0
60.153761670,0,1
60.153803298,0,0
60.153844442,0,1
60.153886074,0,0
60.153927218,0,1
60.153968846,0,0
60.154009992,0,1
60.154051620,0,0
60.154092764,0,1
60.154134396,0,0
60.154178008,0,1
60.154201258,1,1
60.154220622,1,0
60.154258814,1,1
60.154301434,1,0
60.154346028,1,1
60.170761796,1,0
60.171034868,0,0
60.171809792,0,1
60.172282882,0,0
60.172284390,1,0
60.172324034,1,1
60.172365670,1,0
60.172367612,0,0
60.172406824,0,1
60.172449448,0,0
60.172451414,1,0
60.172490596,1,1
60.172532230,1,0
60.172573372,1,1
60.172615006,1,0
60.172616104,0,0
60.172656160,0,1
60.172698774,0,0
60.172700910,1,0
60.172739920,1,1
60.172781554,1,0
60.172822696,1,1
60.172864334,1,0
60.172905478,1,1
60.172948584,1,0
60.172989728,1,1
60.173032344,1,0
60.173073486,1,1
60.173106760,0,1
60.173120046,0,0
60.173161198,0,1
60.173184456,1,1
60.173456128,0,1
60.173467934,0,0
60.173510552,0,1
60.173552186,0,0
60.173593328,0,1
60.173616580,1,1
60.173635944,1,0
60.173677090,1,1
60.173698540,0,1
60.173718726,0,0
60.173759872,0,1
60.173783124,1,1
60.173802488,1,0
60.173843630,1,1
60.173886248,1,0
60.173927388,1,1
60.173970006,1,0
60.174011146,1,1
60.174053766,1,0
60.174094906,1,1
60.174137518,1,0
60.174181126,1,1
60.174223744,1,0
60.174261930,1,1
60.174304552,1,0
60.174349148,1,1
60.174361906,1,0
60.174631024,0,0
60.175405938,0,1
60.175446594,0,0
60.175487756,0,1
60.175530378,0,0
60.175571520,0,1
60.175614142,0,0
60.175615768,1,0
60.175655300,1,1
60.175696938,1,0
60.175697996,0,0
60.175738092,0,1
60.175780708,0,0
60.175821860,0,1
60.175864476,0,0
60.175905632,0,1
60.175948254,0,0
60.175989414,0,1
60.176032040,0,0
60.176073198,0,1
60.176117302,0,0
60.176158464,0,1
60.176197640,0,0
60.176199470,1,0
60.176238790,1,1
60.176272072,0,1
60.176285360,0,0
60.176326518,0,1
60.176349770,1,1
60.176688616,0,1
60.176700442,0,0
60.176743134,0,1
60.176784830,0,0
60.176826052,0,1
60.176849340,1,1
60.176868736,1,0
60.176909952,1,1
60.176931438,0,1
60.176951660,0,0
60.176992882,0,1
60.177016174,1,1
60.177035570,1,0
60.177076792,1,1
60.177119484,1,0
60.177160702,1,1
60.177203400,1,0
60.177244620,1,1
60.177287308,1,0
60.177328526,1,1
60.177371218,1,0
60.177414902,1,1
60.177457596,1,0
60.177495852,1,1
60.177538540,1,0
60.177583210,1,1
60.177596414,1,0
60.177597664,1,1
60.307262176,1,0
60.307531274,0,0
60.308306420,0,1
60.308479504,0,0
60.308481094,1,0
60.308520746,1,1
60.308562466,1,0
60.308564334,0,0
60.308603716,0,1
60.308646428,0,0
60.308648168,1,0
60.308687666,1,1
60.308729384,1,0
60.308770620,1,1
60.308812338,1,0
60.308813912,0,0
60.308853584,0,1
60.308896292,0,0
60.308897744,1,0
60.308937534,1,1
60.308979258,1,0
60.309020494,1,1
60.309062214,1,0
60.309103448,1,1
60.309146648,1,0
60.309187884,1,1
60.309230594,1,0
60.309271828,1,1
60.309305172,0,1
60.309318486,0,0
60.309359732,0,1
60.309383040,1,1
60.309655270,0,1
60.309667102,0,0
60.309709816,0,1
60.309751528,0,0
60.309792768,0,1
60.309816066,1,1
60.309835472,1,0
60.309876706,1,1
60.309898198,0,1
60.309918426,0,0
60.309959660,0,1
60.309982960,1,1
60.310002360,1,0
60.310043594,1,1
60.310086300,1,0
60.310127532,1,1
60.310170236,1,0
60.310211470,1,1
60.310254180,1,0
60.310295418,1,1
60.310338120,1,0
60.310381818,1,1
60.310424520,1,0
60.310462788,1,1
60.310505494,1,0
60.310550178,1,1
60.310565176,1,0
60.310838372,0,0
60.311613490,0,1
60.311656354,0,0
60.311697606,0,1
60.311740320,0,0
60.311781570,0,1
60.311824280,0,0
60.311865528,0,1
60.311908240,0,0
60.311949494,0,1
60.311992202,0,0
60.312033454,0,1
60.312076166,0,0
60.312117414,0,1
60.312160124,0,0
60.312201384,0,1
60.312244104,0,0
60.312285356,0,1
60.312329554,0,0
60.312330944,1,0
60.312370794,1,1
60.312413504,1,0
60.312454740,1,1
60.312488082,0,1
60.312501392,0,0
60.312542616,0,1
60.312565914,1,1
60.312909540,0,1
60.312921354,0,0
60.312964002,0,1
60.313005652,0,0
60.313046816,0,1
60.313070076,1,1
60.313089446,1,0
60.313130606,1,1
60.313152064,0,1
60.313172258,0,0
60.313213426,0,1
60.313236684,1,1
60.313256056,1,0
60.313297218,1,1
60.313339850,1,0
60.313381008,1,1
60.313423638,1,0
60.313464794,1,1
60.313507426,1,0
60.313548586,1,1
60.313591216,1,0
60.313634838,1,1
60.313677466,1,0
60.313715664,1,1
60.313758292,1,0
60.313802900,1,1
60.313816086,1,0
60.313817338,1,1
60.459264088,1,0
60.459533088,0,0
60.460307988,0,1
60.461328024,0,0
60.461329914,1,0
60.461369202,1,1
60.461410866,1,0
60.461412148,0,0
60.461452044,0,1
60.461494692,0,0
60.461496970,1,0
60.461535860,1,1
60.461577518,1,0
60.461618686,1,1
60.461660346,1,0
60.461661682,0,0
60.461701526,0,1
60.461744180,0,0
60.461746498,1,0
60.461785360,1,1
60.461827022,1,0
60.461868182,1,1
60.461909824,1,0
60.461950970,1,1
60.461994088,1,0
60.462035236,1,1
60.462077854,1,0
60.462118998,1,1
60.462152272,0,1
60.462165560,0,0
60.462206712,0,1
60.462229974,1,1
60.462501704,0,1
60.462513512,0,0
60.462556134,0,1
60.462597762,0,0
60.462638908,0,1
60.462662162,1,1
60.462681528,1,0
60.462722668,1,1
60.462744118,0,1
60.462764302,0,0
60.462805452,0,1
60.462828700,1,1
60.462848064,1,0
60.462889202,1,1
60.462931824,1,0
60.462972964,1,1
60.463015578,1,0
60.463056722,1,1
60.463099338,1,0
60.463140478,1,1
60.463183100,1,0
60.463226706,1,1
60.463269320,1,0
60.463307508,1,1
60.463350126,1,0
60.463394718,1,1
60.463407142,1,0
60.463676206,0,0
60.464450964,0,1
60.464492178,0,0
60.464533340,0,1
60.464575964,0,0
60.464617122,0,1
60.464659748,0,0
60.464661780,1,0
60.464700894,1,1
60.464742530,1,0
60.464743974,0,0
60.464783684,0,1
60.464826304,0,0
60.464867462,0,1
60.464910084,0,0
60.464951244,0,1
60.464993864,0,0
60.465035028,0,1
60.465077650,0,0
60.465118808,0,1
60.465162914,0,0
60.465204072,0,1
60.465243242,0,0
60.465245368,1,0
60.465284388,1,1
60.465317668,0,1
60.465330956,0,0
60.465372108,0,1
60.465395364,1,1
60.465734206,0,1
60.465746034,0,0
60.465788732,0,1
60.465830430,0,0
60.465871648,0,1
60.465894938,1,1
60.465914334,1,0
60.465955550,1,1
60.465977036,0,1
60.465997254,0,0
60.466038472,0,1
60.466061762,1,1
60.466081158,1,0
60.466122378,1,1
60.466165068,1,0
60.466206288,1,1
60.466248984,1,0
60.466290206,1,1
60.466332904,1,0
60.466374124,1,1
60.466416816,1,0
60.466460506,1,1
60.466503200,1,0
60.466541458,1,1
60.466584148,1,0
60.466628822,1,1
60.466640880,1,0
60.466642136,1,1
60.602733894,1,0
60.603007072,0,0
60.603782348,0,1
60.603981306,0,0
60.603983220,1,0
60.604022546,1,1
60.604064264,1,0
60.604065456,0,0
60.604105514,0,1
60.604148220,0,0
60.604150296,1,0
60.604189462,1,1
60.604231184,1,0
60.604272418,1,1
60.604314132,1,0
60.604316046,0,0
60.604355378,0,1
60.604398084,0,0
60.604399882,1,0
60.604439320,1,1
60.604481042,1,0
60.604522278,1,1
60.604563994,1,0
60.604605230,1,1
60.604648428,1,0
60.604689656,1,1
60.604689660,1,0
60.604689664,1,1
60.604732364,1,0
60.604773600,1,1
60.604806938,0,1
60.604820250,0,0
60.604861496,0,1
60.604884800,1,1
60.605157038,0,1
60.605168870,0,0
60.605211582,0,1
60.605253298,0,0
60.605294536,0,1
60.605317838,1,1
60.605337238,1,0
60.605378470,1,1
60.605399968,0,1
60.605420196,0,0
60.605461434,0,1
60.605484732,1,1
60.605504138,1,0
60.605545376,1,1
60.605588082,1,0
60.605629314,1,1
60.605672020,1,0
60.605713254,1,1
60.605755960,1,0
60.605797198,1,1
60.605839904,1,0
60.605883604,1,1
60.605926308,1,0
60.605964576,1,1
60.606007278,1,0
60.606051962,1,1
60.606065396,1,0
60.606338656,0,0
60.607113958,0,1
60.607160652,0,0
60.607201908,0,1
60.607244626,0,0
60.607285878,0,1
60.607328588,0,0
60.607369842,0,1
60.607412554,0,0
60.607453806,0,1
60.607496524,0,0
60.607537778,0,1
60.607580490,0,0
60.607621744,0,1
60.607664458,0,0
60.607705708,0,1
60.607748418,0,0
60.607789672,0,1
60.607833862,0,0
60.607835300,1,0
60.607875104,1,1
60.607917814,1,0
60.607959052,1,1
60.607992400,0,1
60.608005716,0,0
60.608046962,0,1
60.608070266,1,1
60.608413934,0,1
60.608425750,0,0
60.608468402,0,1
60.608510054,0,0
60.608551224,0,1
60.608574484,1,1
60.608593858,1,0
60.608635022,1,1
60.608656482,0,1
60.608676678,0,0
60.608717844,0,1
60.608741104,1,1
60.608760478,1,0
60.608801640,1,1
60.608844276,1,0
60.608885436,1,1
60.608928074,1,0
60.608969236,1,1
60.609011868,1,0
60.609053030,1,1
60.609095662,1,0
60.609139282,1,1
60.609181916,1,0
60.609220120,1,1
60.609262756,1,0
60.609307368,1,1
60.609320268,1,0
60.609321522,1,1
60.755937744,1,0
60.755941744,0,0
60.756985798,0,1
60.757095718,0,0
60.757097996,1,0
60.757136864,1,1
60.757178504,1,0
60.757180196,0,0
60.757219662,0,1
60.757262280,0,0
60.757263984,1,0
60.757303430,1,1
60.757345064,1,0
60.757386210,1,1
60.757427842,1,0
60.757429670,0,0
60.757468998,0,1
60.757511618,0,0
60.757513470,1,0
60.757552760,1,1
60.757594394,1,0
60.757635538,1,1
60.757677168,1,0
60.757718310,1,1
60.757761422,1,0
60.757802564,1,1
60.757845184,1,0
60.757886330,1,1
60.757919604,0,1
60.757932890,0,0
60.757974052,0,1
60.757997310,1,1
60.758268994,0,1
60.758280802,0,0
60.758323424,0,1
60.758365054,0,0
60.758406202,0,1
60.758429452,1,1
60.758448816,1,0
60.758489960,1,1
60.758511412,0,1
60.758531598,0,0
60.758572746,0,1
60.758595998,1,1
60.758615364,1,0
60.758656514,1,1
60.758699126,1,0
60.758740266,1,1
60.758782886,1,0
60.758824030,1,1
60.758866652,1,0
60.758907802,1,1
60.758950422,1,0
60.758994028,1,1
60.759036648,1,0
60.759074836,1,1
60.759117452,1,0
60.759162048,1,1
60.759175228,1,0
60.759444354,0,0
60.760219294,0,1
60.760259550,0,0
60.760300714,0,1
60.760343342,0,0
60.760384502,0,1
60.760427128,0,0
60.760429148,1,0
60.760468280,1,1
60.760509916,1,0
60.760511350,0,0
60.760551070,0,1
60.760593694,0,0
60.760634854,0,1
60.760677476,0,0
60.760718636,0,1
60.760761266,0,0
60.760802426,0,1
60.760845048,0,0
60.760886206,0,1
60.760930308,0,0
60.760971464,0,1
60.761010642,0,0
60.761012814,1,0
60.761051792,1,1
60.761085068,0,1
60.761098356,0,0
60.761139510,0,1
60.761162766,1,1
60.761501622,0,1
60.761513446,0,0
60.761556138,0,1
60.761597836,0,0
60.761639052,0,1
60.761662342,1,1
60.761681738,1,0
60.761722952,1,1
60.761744438,0,1
60.761764658,0,0
60.761805882,0,1
60.761829170,1,1
60.761848564,1,0
60.761889784,1,1
60.761932474,1,0
60.761973692,1,1
60.762016382,1,0
60.762057602,1,1
60.762100290,1,0
60.762141506,1,1
60.762184208,1,0
60.762227900,1,1
60.762270596,1,0
60.762308858,1,1
60.762351554,1,0
60.762396230,1,1
60.762409500,1,0
60.762410748,1,1
60.881402444,0,1
60.881414276,0,0
60.881456990,0,1
60.881498704,0,0
60.881539938,0,1
60.881581654,0,0
60.881622886,0,1
60.881664602,0,0
60.881705838,0,1
60.881747550,0,0
60.881788780,0,1
60.881830492,0,0
60.881871730,0,1
60.881913446,0,0
60.881954684,0,1
60.881996404,0,0
60.882037640,0,1
60.882079356,0,0
60.882123062,0,1
60.882146362,1,1
60.882165768,1,0
60.882204052,1,1
60.882246766,1,0
60.882291458,1,1
60.915622528,1,0
60.915626530,0,0
60.916671130,0,1
60.917622960,0,0
60.917625024,1,0
60.917664204,1,1
60.917705928,1,0
60.917707260,0,0
60.917747184,0,1
60.917789892,0,0
60.917792102,1,0
60.917831130,1,1
60.917872850,1,0
60.917914086,1,1
60.917955808,1,0
60.917957838,0,0
60.917997056,0,1
60.918039762,0,0
60.918041652,1,0
60.918080998,1,1
60.918122720,1,0
60.918163964,1,1
60.918205684,1,0
60.918246924,1,1
60.918290124,1,0
60.918331358,1,1
60.918374064,1,0
60.918415300,1,1
60.918448648,0,1
60.918461962,0,0
60.918503210,0,1
60.918526524,1,1
60.918798798,0,1
60.918810632,0,0
60.918853352,0,1
60.918895070,0,0
60.918936310,0,1
60.918959610,1,1
60.918979012,1,0
60.919020244,1,1
60.919041738,0,1
60.919061966,0,0
60.919103208,0,1
60.919126506,1,1
60.919145910,1,0
60.919187154,1,1
60.919229864,1,0
60.919271100,1,1
60.919313808,1,0
60.919355044,1,1
60.919397750,1,0
60.919438988,1,1
60.919481696,1,0
60.919525402,1,1
60.919568108,1,0
60.919606378,1,1
60.919649086,1,0
60.919693778,1,1
60.919706950,1,0
60.919976120,0,0
60.920751288,0,1
60.920793604,0,0
60.920834852,0,1
60.920877550,0,0
60.920918800,0,1
60.920961520,0,0
60.921002786,0,1
60.921045502,0,0
60.921086754,0,1
60.921129466,0,0
60.921170724,0,1
60.921213436,0,0
60.921254686,0,1
60.921297398,0,0
60.921338648,0,1
60.921381360,0,0
60.921422614,0,1
60.921466810,0,0
60.921468586,1,0
60.921508052,1,1
60.921550762,1,0
60.921592000,1,1
60.921625340,0,1
60.921638656,0,0
60.921679902,0,1
60.921703206,1,1
60.922046832,0,1
60.922058648,0,0
60.922101296,0,1
60.922142944,0,0
60.922184124,0,1
60.922207394,1,1
60.922226770,1,0
60.922267944,1,1
60.922289406,0,1
60.922309604,0,0
60.922350780,0,1
60.922374042,1,1
60.922393414,1,0
60.922434578,1,1
60.922477214,1,0
60.922518376,1,1
60.922561008,1,0
60.922602170,1,1
60.922644804,1,0
60.922685966,1,1
60.922728596,1,0
60.922772216,1,1
60.922814848,1,0
60.922853052,1,1
60.922895684,1,0
60.922940292,1,1
60.922953364,1,0
60.922954612,1,1
61.058937098,1,0
61.059210100,0,0
61.059984946,0,1
61.060130834,0,0
61.060132386,1,0
61.060171988,1,1
61.060213626,1,0
61.060215596,0,0
61.060254784,0,1
61.060297402,0,0
61.060299376,1,0
61.060338546,1,1
61.060380182,1,0
61.060421328,1,1
61.060462962,1,0
61.060464026,0,0
61.060504118,0,1
61.060546738,0,0
61.060548822,1,0
61.060587884,1,1
61.060629518,1,0
61.060670662,1,1
61.060712292,1,0
61.060753436,1,1
61.060796542,1,0
61.060837686,1,1
61.060880302,1,0
61.060921446,1,1
61.060954720,0,1
61.060968006,0,0
61.061009166,0,1
61.061032426,1,1
61.061304116,0,1
61.061315924,0,0
61.061358546,0,1
61.061400178,0,0
61.061441326,0,1
61.061464574,1,1
61.061483940,1,0
61.061525082,1,1
61.061546534,0,1
61.061566718,0,0
61.061607866,0,1
61.061631120,1,1
61.061650486,1,0
61.061691630,1,1
61.061734242,1,0
61.061775382,1,1
61.061817998,1,0
61.061859126,1,1
61.061901732,1,0
61.061942878,1,1
61.061985504,1,0
61.062029120,1,1
61.062071736,1,0
61.062109918,1,1
61.062152532,1,0
61.062197136,1,1
61.062210324,1,0
61.062483382,0,0
61.063258130,0,1
61.063303464,0,0
61.063344626,0,1
61.063387252,0,0
61.063428412,0,1
61.063471038,0,0
61.063472954,1,0
61.063512186,1,1
61.063553820,1,0
61.063555144,0,0
61.063594972,0,1
61.063637590,0,0
61.063678744,0,1
61.063721364,0,0
61.063762524,0,1
61.063805144,0,0
61.063846302,0,1
61.063888928,0,0
61.063930088,0,1
61.063974190,0,0
61.064015350,0,1
61.064054522,0,0
61.064056564,1,0
61.064095668,1,1
61.064128948,0,1
61.064142236,0,0
61.064183390,0,1
61.064206644,1,1
61.064545660,0,1
61.064557492,0,0
61.064600206,0,1
61.064641924,0,0
61.064683168,0,1
61.064706478,1,1
61.064725884,1,0
61.064767132,1,1
61.064788630,0,1
61.064808866,0,0
61.064850114,0,1
61.064873410,1,1
61.064892810,1,0
61.064934034,1,1
61.064976730,1,0
61.065017948,1,1
61.065060644,1,0
61.065101864,1,1
61.065144552,1,0
61.065185772,1,1
61.065228466,1,0
61.065272152,1,1
61.065314844,1,0
61.065353102,1,1
61.065395790,1,0
61.065440460,1,1
61.065452372,1,0
61.065453624,1,1
61.219387080,1,0
61.219391076,0,0
61.220431846,0,1
61.220569930,0,0
61.220571344,1,0
61.220611170,1,1
61.220652892,1,0
61.220654604,0,0
61.220694142,0,1
61.220736852,0,0
61.220738456,1,0
61.220778092,1,1
61.220819818,1,0
61.220861058,1,1
61.220902776,1,0
61.220904252,0,0
61.220944024,0,1
61.220986730,0,0
61.220988096,1,0
61.221027970,1,1
61.221069694,1,0
61.221110932,1,1
61.221152648,1,0
61.221193890,1,1
61.221237096,1,0
61.221278328,1,1
61.221321042,1,0
61.221362280,1,1
61.221395626,0,1
61.221408942,0,0
61.221450198,0,1
61.221473508,1,1
61.221745780,0,1
61.221757612,0,0
61.221800332,0,1
61.221842052,0,0
61.221883296,0,1
61.221906598,1,1
61.221926004,1,0
61.221967244,1,1
61.221988740,0,1
61.222008972,0,0
61.222050216,0,1
61.222073518,1,1
61.222092924,1,0
61.222134168,1,1
61.222176884,1,0
61.222218134,1,1
61.222260850,1,0
61.222302090,1,1
61.222344800,1,0
61.222386040,1,1
61.222428752,1,0
61.222472462,1,1
61.222515176,1,0
61.222553454,1,1
61.222596164,1,0
61.222640864,1,1
61.222655112,1,0
61.222924376,0,0
61.223699802,0,1
61.223740800,0,0
61.223782060,0,1
61.223824780,0,0
61.223866036,0,1
61.223908754,0,0
61.223950012,0,1
61.223992730,0,0
61.224033990,0,1
61.224076710,0,0
61.224117966,0,1
61.224160682,0,0
61.224201944,0,1
61.224244662,0,0
61.224285918,0,1
61.224328634,0,0
61.224369888,0,1
61.224414086,0,0
61.224416406,1,0
61.224455338,1,1
61.224498050,1,0
61.224539292,1,1
61.224572642,0,1
61.224585962,0,0
61.224627212,0,1
61.224650518,1,1
61.224994186,0,1
61.225006002,0,0
61.225048652,0,1
61.225090304,0,0
61.225131478,0,1
61.225154742,1,1
61.225174118,1,0
61.225215284,1,1
61.225236748,0,1
61.225256944,0,0
61.225298116,0,1
61.225321378,1,1
61.225340752,1,0
61.225381918,1,1
61.225424556,1,0
61.225465716,1,1
61.225508354,1,0
61.225549516,1,1
61.225592152,1,0
61.225633318,1,1
61.225675956,1,0
61.225719584,1,1
61.225762218,1,0
61.225800422,1,1
61.225843054,1,0
61.225887668,1,1
61.225902558,1,0
61.225903812,1,1
61.354984618,1,0
61.354988618,0,0
61.356028828,0,1
61.356147742,0,0
61.356149132,1,0
61.356188900,1,1
61.356230542,1,0
61.356232358,0,0
61.356271702,0,1
61.356314324,0,0
61.356316162,1,0
61.356355474,1,1
61.356397110,1,0
61.356438260,1,1
61.356479894,1,0
61.356481836,0,0
61.356521048,0,1
61.356563670,0,0
61.356565628,1,0
61.356604820,1,1
61.356646456,1,0
61.356687600,1,1
61.356729236,1,0
61.356770380,1,1
61.356813492,1,0
61.356854640,1,1
61.356897258,1,0
61.356938402,1,1
61.356971678,0,1
61.356984964,0,0
61.357026124,0,1
61.357049384,1,1
61.357321078,0,1
61.357332884,0,0
61.357375508,0,1
61.357417138,0,0
61.357458286,0,1
61.357481538,1,1
61.357500904,1,0
61.357542052,1,1
61.357563504,0,1
61.357583688,0,0
61.357624842,0,1
61.357648096,1,1
61.357667460,1,0
61.357708604,1,1
61.357751226,1,0
61.357792374,1,1
61.357834986,1,0
61.357876126,1,1
61.357918742,1,0
61.357959884,1,1
61.358002508,1,0
61.358046122,1,1
61.358088740,1,0
61.358126926,1,1
61.358169546,1,0
61.358214140,1,1
61.358226696,1,0
61.358495840,0,0
61.359270840,0,1
61.359311660,0,0
61.359352828,0,1
61.359395454,0,0
61.359436616,0,1
61.359479242,0,0
61.359480698,1,0
61.359520388,1,1
61.359562030,1,0
61.359563908,0,0
61.359603188,0,1
61.359645812,0,0
61.359686970,0,1
61.359729594,0,0
61.359770756,0,1
61.359813378,0,0
61.359854540,0,1
61.359897168,0,0
61.359938328,0,1
61.359982432,0,0
61.360023592,0,1
61.360062766,0,0
61.360064414,1,0
61.360103918,1,1
61.360137196,0,1
61.360150484,0,0
61.360191636,0,1
61.360214892,1,1
61.360553754,0,1
61.360565580,0,0
61.360608272,0,1
61.360649976,0,0
61.360691196,0,1
61.360714484,1,1
61.360733878,1,0
61.360775100,1,1
61.360796586,0,1
61.360816808,0,0
61.360858032,0,1
61.360881324,1,1
61.360900724,1,0
61.360941948,1,1
61.360984636,1,0
61.361025860,1,1
61.361068552,1,0
61.361109770,1,1
61.361152462,1,0
61.361193686,1,1
61.361236378,1,0
61.361280064,1,1
61.361322756,1,0
61.361361014,1,1
61.361403706,1,0
61.361448384,1,1
61.361461288,1,0
61.361462540,1,1
61.515935146,1,0
61.516208336,0,0
61.516983690,0,1
61.517870538,0,0
61.517872354,1,0
61.517911762,1,1
61.517953468,1,0
61.517954592,0,0
61.517994698,0,1
61.518037390,0,0
61.518039440,1,0
61.518078612,1,1
61.518120316,1,0
61.518161536,1,1
61.518203242,1,0
61.518205200,0,0
61.518244474,0,1
61.518287164,0,0
61.518289028,1,0
61.518328388,1,1
61.518370106,1,0
61.518411338,1,1
61.518453054,1,0
61.518494290,1,1
61.518537486,1,0
61.518578724,1,1
61.518621430,1,0
61.518662660,1,1
61.518696000,0,1
61.518709314,0,0
61.518750562,0,1
61.518773868,1,1
61.519046120,0,1
61.519057952,0,0
61.519100668,0,1
61.519142388,0,0
61.519183630,0,1
61.519206932,1,1
61.519226338,1,0
61.519267580,1,1
61.519289074,0,1
61.519309304,0,0
61.519350548,0,1
61.519373848,1,1
61.519393252,1,0
61.519434486,1,1
61.519477192,1,0
61.519518428,1,1
61.519561136,1,0
61.519602372,1,1
61.519645084,1,0
61.519686320,1,1
61.519729024,1,0
61.519772730,1,1
61.519815436,1,0
61.519853710,1,1
61.519896416,1,0
61.519941110,1,1
61.519955820,1,0
61.520225072,0,0
61.521000408,0,1
61.521040952,0,0
61.521082208,0,1
61.521124924,0,0
61.521166180,0,1
61.521208896,0,0
61.521250150,0,1
61.521292862,0,0
61.521334116,0,1
61.521376832,0,0
61.521418084,0,1
61.521460798,0,0
61.521502052,0,1
61.521544766,0,0
61.521586016,0,1
61.521628730,0,0
61.521669982,0,1
61.521714178,0,0
61.521715896,1,0
61.521755422,1,1
61.521798132,1,0
61.521839370,1,1
61.521872714,0,1
61.521886030,0,0
61.521927276,0,1
61.521950578,1,1
61.522294246,0,1
61.522306064,0,0
61.522348720,0,1
61.522390384,0,0
61.522431558,0,1
61.522454822,1,1
61.522474194,1,0
61.522515358,1,1
61.522536818,0,1
61.522557010,0,0
61.522598176,0,1
61.522621434,1,1
61.522640806,1,0
61.522681966,1,1
61.522724598,1,0
61.522765756,1,1
61.522808392,1,0
61.522849552,1,1
61.522892188,1,0
61.522933350,1,1
61.522975986,1,0
61.523019612,1,1
61.523062248,1,0
61.523100452,1,1
61.523143084,1,0
61.523187700,1,1
61.523203026,1,0
61.523204280,1,1
61.610316354,0,1
61.610328164,0,0
61.610370796,0,1
61.610412430,0,0
61.610453584,0,1
61.610495224,0,0
61.610536378,0,1
61.610578016,0,0
61.610619172,0,1
61.610660808,0,0
61.610701962,0,1
61.610743600,0,0
61.610784754,0,1
61.610826386,0,0
61.610867544,0,1
61.610909182,0,0
61.610950336,0,1
61.610991972,0,0
61.611035586,0,1
61.611058838,1,1
61.611078202,1,0
61.611116392,1,1
61.611159018,1,0
61.611203620,1,1
61.658796908,1,0
61.659069922,0,0
61.659844856,0,1
61.660871754,0,0
61.660873940,1,0
61.660912904,1,1
61.660954542,1,0
61.660956156,0,0
61.660995698,0,1
61.661038322,0,0
61.661039958,1,0
61.661079468,1,1
61.661121104,1,0
61.661162248,1,1
61.661203898,1,0
61.661205672,0,0
61.661245074,0,1
61.661287714,0,0
61.661289486,1,0
61.661328870,1,1
61.661370508,1,0
61.661411656,1,1
61.661453292,1,0
61.661494440,1,1
61.661537552,1,0
61.661578698,1,1
61.661621314,1,0
61.661662454,1,1
61.661695730,0,1
61.661709016,0,0
61.661750174,0,1
61.661773434,1,1
61.662045094,0,1
61.662056902,0,0
61.662099524,0,1
61.662141146,0,0
61.662182294,0,1
61.662205552,1,1
61.662224928,1,0
61.662266092,1,1
61.662287554,0,1
61.662307746,0,0
61.662348894,0,1
61.662372148,1,1
61.662391516,1,0
61.662432664,1,1
61.662475282,1,0
61.662516428,1,1
61.662559048,1,0
61.662600190,1,1
61.662642812,1,0
61.662683958,1,1
61.662726576,1,0
61.662770182,1,1
61.662812798,1,0
61.662850984,1,1
61.662893604,1,0
61.662938194,1,1
61.662952452,1,0
61.663221556,0,0
61.663996516,0,1
61.664035686,0,0
61.664076852,0,1
61.664119476,0,0
61.664160636,0,1
61.664203266,0,0
61.664205376,1,0
61.664244420,1,1
61.664286056,1,0
61.664287588,0,0
61.664327210,0,1
61.664369828,0,0
61.664410978,0,1
61.664453600,0,0
61.664494762,0,1
61.664537386,0,0
61.664578544,0,1
61.664621172,0,0
61.664662330,0,1
61.664706434,0,0
61.664747594,0,1
61.664786768,0,0
61.664789056,1,0
61.664827916,1,1
61.664861194,0,1
61.664874482,0,0
61.664915632,0,1
61.664938886,1,1
61.665277742,0,1
61.665289568,0,0
61.665332262,0,1
61.665373966,0,0
61.665415190,0,1
61.665438478,1,1
61.665457876,1,0
61.665499098,1,1
61.665520590,0,1
61.665540812,0,0
61.665582036,0,1
61.665605330,1,1
61.665624726,1,0
61.665665948,1,1
61.665708640,1,0
61.665749860,1,1
61.665792558,1,0
61.665833782,1,1
61.665876488,1,0
61.665917720,1,1
61.665960424,1,0
61.666004126,1,1
61.666046834,1,0
61.666085102,1,1
61.666127802,1,0
61.666172490,1,1
61.666186998,1,0
61.666188256,1,1
61.803084100,1,0
61.803353292,0,0
61.804128688,0,1
61.805290676,0,0
61.805292306,1,0
61.805331916,1,1
61.805373638,1,0
61.805375558,0,0
61.805414888,0,1
61.805457598,0,0
61.805459408,1,0
61.805498842,1,1
61.805540564,1,0
61.805581800,1,1
61.805623520,1,0
61.805625200,0,0
61.805664766,0,1
61.805707470,0,0
61.805709032,1,0
61.805748710,1,1
61.805790430,1,0
61.805831664,1,1
61.805873382,1,0
61.805914616,1,1
61.805957810,1,0
61.805999042,1,1
61.806041744,1,0
61.806082976,1,1
61.806116316,0,1
61.806129630,0,0
61.806170876,0,1
61.806194182,1,1
61.806466410,0,1
61.806478242,0,0
61.806520958,0,1
61.806562674,0,0
61.806603914,0,1
61.806627216,1,1
61.806646616,1,0
61.806687856,1,1
61.806709348,0,1
61.806729574,0,0
61.806770812,0,1
61.806794114,1,1
61.806813518,1,0
61.806854754,1,1
61.806897462,1,0
61.806938700,1,1
61.806981412,1,0
61.807022648,1,1
61.807065354,1,0
61.807106590,1,1
61.807149296,1,0
61.807192992,1,1
61.807235698,1,0
61.807273976,1,1
61.807316696,1,0
61.807361398,1,1
61.807374788,1,0
61.807644038,0,0
61.808419376,0,1
61.808461230,0,0
61.808502488,0,1
61.808545202,0,0
61.808586456,0,1
61.808629172,0,0
61.808670428,0,1
61.808713140,0,0
61.808754392,0,1
61.808797108,0,0
61.808838356,0,1
61.808881066,0,0
61.808922320,0,1
61.808965028,0,0
61.809006276,0,1
61.809048986,0,0
61.809090232,0,1
61.809134424,0,0
61.809135808,1,0
61.809175668,1,1
61.809218378,1,0
61.809259614,1,1
61.809292958,0,1
61.809306274,0,0
61.809347520,0,1
61.809370824,1,1
61.809714462,0,1
61.809726278,0,0
61.809768928,0,1
61.809810580,0,0
61.809851750,0,1
61.809875014,1,1
61.809894384,1,0
61.809935546,1,1
61.809957006,0,1
61.809977200,0,0
61.810018366,0,1
61.810041626,1,1
61.810060994,1,0
61.810102158,1,1
61.810144788,1,0
61.810185952,1,1
61.810228592,1,0
61.810269756,1,1
61.810312396,1,0
61.810353560,1,1
61.810396196,1,0
61.810439818,1,1
61.810482454,1,0
61.810520656,1,1
61.810563282,1,0
61.810607892,1,1
61.810621900,1,0
61.810623150,1,1
61.954951142,1,0
61.955224328,0,0
61.955999516,0,1
61.956197030,0,0
61.956198354,1,0
61.956238232,1,1
61.956279910,1,0
61.956281568,0,0
61.956321124,0,1
61.956363810,0,0
61.956365414,1,0
61.956405026,1,1
61.956446712,1,0
61.956487914,1,1
61.956529602,1,0
61.956531160,0,0
61.956570816,0,1
61.956613486,0,0
61.956614994,1,0
61.956654690,1,1
61.956696374,1,0
61.956737574,1,1
61.956779266,1,0
61.956820466,1,1
61.956863630,1,0
61.956904834,1,1
61.956947506,1,0
61.956988706,1,1
61.957022026,0,1
61.957035330,0,0
61.957076536,0,1
61.957099820,1,1
61.957371828,0,1
61.957383652,0,0
61.957426336,0,1
61.957468026,0,0
61.957509230,0,1
61.957532516,1,1
61.957551904,1,0
61.957593102,1,1
61.957614580,0,1
61.957634790,0,0
61.957675994,0,1
61.957699274,1,1
61.957718664,1,0
61.957759864,1,1
61.957802538,1,0
61.957843738,1,1
61.957886410,1,0
61.957927612,1,1
61.957970288,1,0
61.958011486,1,1
61.958054156,1,0
61.958097820,1,1
61.958140488,1,0
61.958178722,1,1
61.958221394,1,0
61.958266044,1,1
61.958278438,1,0
61.958547642,0,0
61.959322806,0,1
61.959364882,0,0
61.959406100,0,1
61.959448774,0,0
61.959489986,0,1
61.959532668,0,0
61.959534778,1,0
61.959573872,1,1
61.959615564,1,0
61.959617036,0,0
61.959656780,0,1
61.959699454,0,0
61.959740666,0,1
61.959783340,0,0
61.959824554,0,1
61.959867230,0,0
61.959908442,0,1
61.959951118,0,0
61.959992328,0,1
61.960036484,0,0
61.960077692,0,1
61.960116916,0,0
61.960118730,1,0
61.960158122,1,1
61.960191442,0,1
61.960204748,0,0
61.960245952,0,1
61.960269234,1,1
61.960608500,0,1
61.960620340,0,0
61.960663088,0,1
61.960704834,0,0
61.960746106,0,1
61.960769422,1,1
61.960788836,1,0
61.960830104,1,1
61.960851616,0,1
61.960871856,0,0
61.960913126,0,1
61.960936446,1,1
61.960955866,1,0
61.960997140,1,1
61.961039882,1,0
61.961081152,1,1
61.961123894,1,0
61.961165164,1,1
61.961207910,1,0
61.961249182,1,1
61.961291924,1,0
61.961335666,1,1
61.961378410,1,0
61.961416712,1,1
61.961459456,1,0
61.961504186,1,1
61.961518100,1,0
61.961519358,1,1
62.099091880,1,0
62.099095886,0,0
62.100136534,0,1
62.100700562,0,0
62.100701950,1,0
62.100741804,1,1
62.100783530,1,0
62.100785216,0,0
62.100824784,0,1
62.100867490,0,0
62.100869066,1,0
62.100908730,1,1
62.100950452,1,0
62.100991690,1,1
62.101033412,1,0
62.101034862,0,0
62.101074660,0,1
62.101117368,0,0
62.101118718,1,0
62.101158606,1,1
62.101200330,1,0
62.101241568,1,1
62.101283292,1,0
62.101324530,1,1
62.101367730,1,0
62.101408964,1,1
62.101451674,1,0
62.101492910,1,1
62.101526248,0,1
62.101539562,0,0
62.101580812,0,1
62.101604124,1,1
62.101876390,0,1
62.101888224,0,0
62.101930940,0,1
62.101972658,0,0
62.102013898,0,1
62.102037200,1,1
62.102056602,1,0
62.102097836,1,1
62.102119332,0,1
62.102139560,0,0
62.102180804,0,1
62.102204104,1,1
62.102223508,1,0
62.102264750,1,1
62.102307456,1,0
62.102348692,1,1
62.102391400,1,0
62.102432636,1,1
62.102475340,1,0
62.102516578,1,1
62.102559282,1,0
62.102602984,1,1
62.102645692,1,0
62.102683964,1,1
62.102726672,1,0
62.102771364,1,1
62.102786558,1,0
62.103055844,0,0
62.103831154,0,1
62.103871226,0,0
62.103912480,0,1
62.103955198,0,0
62.103996454,0,1
62.104039166,0,0
62.104080418,0,1
62.104123128,0,0
62.104164374,0,1
62.104207090,0,0
62.104248346,0,1
62.104291056,0,0
62.104332310,0,1
62.104375026,0,0
62.104416278,0,1
62.104458992,0,0
62.104500246,0,1
62.104544442,0,0
62.104546696,1,0
62.104585686,1,1
62.104628400,1,0
62.104669640,1,1
62.104702984,0,1
62.104716298,0,0
62.104757550,0,1
62.104780856,1,1
62.105124504,0,1
62.105136320,0,0
62.105178974,0,1
62.105220624,0,0
62.105261798,0,1
62.105285054,1,1
62.105304422,1,0
62.105345576,1,1
62.105367038,0,1
62.105387234,0,0
62.105428412,0,1
62.105451680,1,1
62.105471050,1,0
62.105512210,1,1
62.105554842,1,0
62.105596000,1,1
62.105638636,1,0
62.105679802,1,1
62.105722436,1,0
62.105763598,1,1
62.105806232,1,0
62.105849854,1,1
62.105892488,1,0
62.105930692,1,1
62.105973322,1,0
62.106017932,1,1
62.106029648,1,0
62.106030896,1,1
62.251105770,1,0
62.251374710,0,0
62.252149378,0,1
62.252299430,0,0
62.252300802,1,0
62.252340576,1,1
62.252382208,1,0
62.252383988,0,0
62.252423360,0,1
62.252465980,0,0
62.252467756,1,0
62.252507126,1,1
62.252548754,1,0
62.252589896,1,1
62.252631528,1,0
62.252633350,0,0
62.252672682,0,1
62.252715302,0,0
62.252717100,1,0
62.252756448,1,1
62.252798076,1,0
62.252839218,1,1
62.252880850,1,0
62.252921988,1,1
62.252965098,1,0
62.253006242,1,1
62.253048858,1,0
62.253090000,1,1
62.253123276,0,1
62.253136562,0,0
62.253177714,0,1
62.253200968,1,1
62.253472612,0,1
62.253484418,0,0
62.253527040,0,1
62.253568668,0,0
62.253609816,0,1
62.253633062,1,1
62.253652428,1,0
62.253693570,1,1
62.253715020,0,1
62.253735204,0,0
62.253776354,0,1
62.253799606,1,1
62.253818972,1,0
62.253860114,1,1
62.253902734,1,0
62.253943876,1,1
62.253986496,1,0
62.254027640,1,1
62.254070258,1,0
62.254111400,1,1
62.254154016,1,0
62.254197622,1,1
62.254240234,1,0
62.254278420,1,1
62.254321038,1,0
62.254365630,1,1
62.254378256,1,0
62.254647248,0,0
62.255421938,0,1
62.255463106,0,0
62.255504272,0,1
62.255546900,0,0
62.255588062,0,1
62.255630688,0,0
62.255632776,1,0
62.255671838,1,1
62.255713472,1,0
62.255714982,0,0
62.255754630,0,1
62.255797250,0,0
62.255838402,0,1
62.255881026,0,0
62.255922180,0,1
62.255964804,0,0
62.256005964,0,1
62.256048588,0,0
62.256089746,0,1
62.256133852,0,0
62.256175018,0,1
62.256214194,0,0
62.256216384,1,0
62.256255350,1,1
62.256288630,0,1
62.256301918,0,0
62.256343072,0,1
62.256366330,1,1
62.256705198,0,1
62.256717022,0,0
62.256759718,0,1
62.256801422,0,0
62.256842642,0,1
62.256865934,1,1
62.256885330,1,0
62.256926550,1,1
62.256948038,0,1
62.256968260,0,0
62.257009486,0,1
62.257032780,1,1
62.257052180,1,0
62.257093402,1,1
62.257136094,1,0
62.257177322,1,1
62.257220016,1,0
62.257261240,1,1
62.257303934,1,0
62.257345158,1,1
62.257387852,1,0
62.257431542,1,1
62.257474238,1,0
62.257512498,1,1
62.257555192,1,0
62.257599868,1,1
62.257612078,1,0
62.257613332,1,1
62.339087362,0,1
62.339099192,0,0
62.339141906,0,1
62.339183624,0,0
62.339224866,0,1
62.339266584,0,0
62.339307824,0,1
62.339349542,0,0
62.339390780,0,1
62.339432500,0,0
62.339473740,0,1
62.339515460,0,0
62.339556698,0,1
62.339598418,0,0
62.339639658,0,1
62.339681374,0,0
62.339722614,0,1
62.339764330,0,0
62.339808040,0,1
62.339831342,1,1
62.339850744,1,0
62.339889016,1,1
62.339931722,1,0
62.339976410,1,1
62.411769898,1,0
62.412043128,0,0
62.412818584,0,1
62.413043824,0,0
62.413045694,1,0
62.413085072,1,1
62.413126798,1,0
62.413127952,0,0
62.413168054,0,1
62.413210772,0,0
62.413212818,1,0
62.413252018,1,1
62.413293746,1,0
62.413334986,1,1
62.413376712,1,0
62.413378598,0,0
62.413417964,0,1
62.413460678,0,0
62.413462438,1,0
62.413501920,1,1
62.413543648,1,0
62.413584888,1,1
62.413626612,1,0
62.413667856,1,1
62.413711058,1,0
62.413752300,1,1
62.413795010,1,0
62.413836250,1,1
62.413869598,0,1
62.413882912,0,0
62.413924172,0,1
62.413947486,1,1
62.414219796,0,1
62.414231630,0,0
62.414274352,0,1
62.414316076,0,0
62.414357320,0,1
62.414380626,1,1
62.414400028,1,0
62.414441268,1,1
62.414462766,0,1
62.414482996,0,0
62.414524240,0,1
62.414547544,1,1
62.414566950,1,0
62.414608192,1,1
62.414650902,1,0
62.414692140,1,1
62.414734852,1,0
62.414776090,1,1
62.414818802,1,0
62.414860042,1,1
62.414902750,1,0
62.414946458,1,1
62.414989172,1,0
62.415027450,1,1
62.415070162,1,0
62.415114858,1,1
62.415130234,1,0
62.415399538,0,0
62.416174952,0,1
62.416214838,0,0
62.416256104,0,1
62.416298826,0,0
62.416340088,0,1
62.416382808,0,0
62.416424066,0,1
62.416466784,0,0
62.416508040,0,1
62.416550758,0,0
62.416592016,0,1
62.416634736,0,0
62.416675994,0,1
62.416718714,0,0
62.416759972,0,1
62.416802692,0,0
62.416843952,0,1
62.416888150,0,0
62.416890470,1,0
62.416929400,1,1
62.416972116,1,0
62.417013364,1,1
62.417046712,0,1
62.417060030,0,0
62.417101284,0,1
62.417124592,1,1
62.417468280,0,1
62.417480094,0,0
62.417522752,0,1
62.417564406,0,0
62.417605582,0,1
62.417628844,1,1
62.417648220,1,0
62.417689386,1,1
62.417710848,0,1
62.417731044,0,0
62.417772214,0,1
62.417795474,1,1
62.417814846,1,0
62.417856016,1,1
62.417898654,1,0
62.417939820,1,1
62.417982454,1,0
62.418023618,1,1
62.418066254,1,0
62.418107420,1,1
62.418150058,1,0
62.418193690,1,1
62.418236332,1,0
62.418274546,1,1
62.418317190,1,0
62.418361808,1,1
62.418373674,1,0
62.418374928,1,1
62.554920800,1,0
62.555189844,0,0
62.555964736,0,1
62.557261346,0,0
62.557263564,1,0
62.557302504,1,1
62.557344146,1,0
62.557345776,0,0
62.557385308,0,1
62.557427932,0,0
62.557429584,1,0
62.557469086,1,1
62.557510728,1,0
62.557551880,1,1
62.557593520,1,0
62.557595274,0,0
62.557634680,0,1
62.557677304,0,0
62.557679062,1,0
62.557718458,1,1
62.557760096,1,0
62.557801242,1,1
62.557842884,1,0
62.557884034,1,1
62.557927148,1,0
62.557968298,1,1
62.558010922,1,0
62.558052068,1,1
62.558085346,0,1
62.558098634,0,0
62.558139794,0,1
62.558163052,1,1
62.558434726,0,1
62.558446532,0,0
62.558489154,0,1
62.558530784,0,0
62.558571934,0,1
62.558595190,1,1
62.558614556,1,0
62.558655706,1,1
62.558677158,0,1
62.558697344,0,0
62.558738494,0,1
62.558761742,1,1
62.558781110,1,0
62.558822254,1,1
62.558864874,1,0
62.558906016,1,1
62.558948636,1,0
62.558989778,1,1
62.559032398,1,0
62.559073544,1,1
62.559116164,1,0
62.559159774,1,1
62.559202396,1,0
62.559240580,1,1
62.559283202,1,0
62.559327796,1,1
62.559341706,1,0
62.559614742,0,0
62.560389444,0,1
62.560434202,0,0
62.560475368,0,1
62.560518000,0,0
62.560559160,0,1
62.560601792,0,0
62.560603294,1,0
62.560642946,1,1
62.560684582,1,0
62.560686488,0,0
62.560725738,0,1
62.560768360,0,0
62.560809518,0,1
62.560852142,0,0
62.560893302,0,1
62.560935922,0,0
62.560977078,0,1
62.561019700,0,0
62.561060858,0,1
62.561104962,0,0
62.561146124,0,1
62.561185302,0,0
62.561186822,1,0
62.561226450,1,1
62.561259730,0,1
62.561273018,0,0
62.561314174,0,1
62.561337430,1,1
62.561676298,0,1
62.561688124,0,0
62.561730818,0,1
62.561772518,0,0
62.561813736,0,1
62.561837030,1,1
62.561856426,1,0
62.561897646,1,1
62.561919136,0,1
62.561939360,0,0
62.561980584,0,1
62.562003878,1,1
62.562023276,1,0
62.562064500,1,1
62.562107188,1,0
62.562148406,1,1
62.562191102,1,0
62.562232324,1,1
62.562275020,1,0
62.562316248,1,1
62.562358942,1,0
62.562402632,1,1
62.562445328,1,0
62.562483592,1,1
62.562526284,1,0
62.562570964,1,1
62.562583332,1,0
62.562584582,1,1
62.698953622,1,0
62.698957620,0,0
62.700002332,0,1
62.700144686,0,0
62.700146844,1,0
62.700185942,1,1
62.700227674,1,0
62.700229094,0,0
62.700268932,0,1
62.700311650,0,0
62.700313946,1,0
62.700352898,1,1
62.700394624,1,0
62.700435868,1,1
62.700477592,1,0
62.700478714,0,0
62.700518842,0,1
62.700561556,0,0
62.700563574,1,0
62.700602800,1,1
62.700644526,1,0
62.700685768,1,1
62.700727492,1,0
62.700768734,1,1
62.700811936,1,0
62.700853180,1,1
62.700895890,1,0
62.700937130,1,1
62.700970478,0,1
62.700983794,0,0
62.701025050,0,1
62.701048360,1,1
62.701320634,0,1
62.701332468,0,0
62.701375192,0,1
62.701416912,0,0
62.701458158,0,1
62.701481460,1,1
62.701500864,1,0
62.701542108,1,1
62.701563604,0,1
62.701583834,0,0
62.701625078,0,1
62.701648382,1,1
62.701667788,1,0
62.701709028,1,1
62.701751742,1,0
62.701792984,1,1
62.701835692,1,0
62.701876936,1,1
62.701919644,1,0
62.701960886,1,1
62.702003596,1,0
62.702047304,1,1
62.702090014,1,0
62.702128292,1,1
62.702171002,1,0
62.702215700,1,1
62.702229162,1,0
62.702502392,0,0
62.703277648,0,1
62.703324540,0,0
62.703365798,0,1
62.703408520,0,0
62.703449778,0,1
62.703492494,0,0
62.703533752,0,1
62.703576470,0,0
62.703617726,0,1
62.703660444,0,0
62.703701700,0,1
62.703744418,0,0
62.703785676,0,1
62.703828392,0,0
62.703869652,0,1
62.703912370,0,0
62.703953630,0,1
62.703997828,0,0
62.704000010,1,0
62.704039072,1,1
62.704081790,1,0
62.704123034,1,1
62.704156386,0,1
62.704169704,0,0
62.704210956,0,1
62.704234264,1,1
62.704577950,0,1
62.704589768,0,0
62.704632422,0,1
62.704674080,0,0
62.704715250,0,1
62.704738516,1,1
62.704757890,1,0
62.704799058,1,1
62.704820522,0,1
62.704840718,0,0
62.704881890,0,1
62.704905154,1,1
62.704924528,1,0
62.704965692,1,1
62.705008332,1,0
62.705049502,1,1
62.705092138,1,0
62.705133306,1,1
62.705175950,1,0
62.705217116,1,1
62.705259754,1,0
62.705303384,1,1
62.705346024,1,0
62.705384230,1,1
62.705426868,1,0
62.705471482,1,1
62.705483956,1,0
62.705485212,1,1
62.850818586,1,0
62.851087624,0,0
62.851862454,0,1
62.853016588,0,0
62.853018302,1,0
62.853057742,1,1
62.853099382,1,0
62.853100500,0,0
62.853140544,0,1
62.853183176,0,0
62.853185310,1,0
62.853224330,1,1
62.853265968,1,0
62.853307118,1,1
62.853348756,1,0
62.853349978,0,0
62.853389918,0,1
62.853432544,0,0
62.853434790,1,0
62.853473696,1,1
62.853515336,1,0
62.853556484,1,1
62.853598130,1,0
62.853639288,1,1
62.853682412,1,0
62.853723566,1,1
62.853766192,1,0
62.853807346,1,1
62.853840626,0,1
62.853853916,0,0
62.853895078,0,1
62.853918342,1,1
62.854190066,0,1
62.854201874,0,0
62.854244504,0,1
62.854286140,0,0
62.854327296,0,1
62.854350548,1,1
62.854369916,1,0
62.854411064,1,1
62.854432518,0,1
62.854452704,0,0
62.854493858,0,1
62.854517110,1,1
62.854536476,1,0
62.854577626,1,1
62.854620250,1,0
62.854661384,1,1
62.854704004,1,0
62.854745156,1,1
62.854787790,1,0
62.854828940,1,1
62.854871560,1,0
62.854915170,1,1
62.854957788,1,0
62.854995976,1,1
62.855038594,1,0
62.855083182,1,1
62.855098784,1,0
62.855367878,0,0
62.856142798,0,1
62.856189636,0,0
62.856230808,0,1
62.856273440,0,0
62.856314608,0,1
62.856357238,0,0
62.856358706,1,0
62.856398394,1,1
62.856440036,1,0
62.856441922,0,0
62.856481196,0,1
62.856523824,0,0
62.856564988,0,1
62.856607616,0,0
62.856648780,0,1
62.856691406,0,0
62.856732568,0,1
62.856775200,0,0
62.856816366,0,1
62.856860474,0,0
62.856901640,0,1
62.856940820,0,0
62.856942364,1,0
62.856981978,1,1
62.857015260,0,1
62.857028550,0,0
62.857069712,0,1
62.857092968,1,1
62.857431850,0,1
62.857443676,0,0
62.857486372,0,1
62.857528074,0,0
62.857569294,0,1
62.857592588,1,1
62.857611986,1,0
62.857653210,1,1
62.857674698,0,1
62.857694922,0,0
62.857736150,0,1
62.857759444,1,1
62.857778842,1,0
62.857820064,1,1
62.857862764,1,0
62.857903988,1,1
62.857946682,1,0
62.857987906,1,1
62.858030602,1,0
62.858071822,1,1
62.858114518,1,0
62.858158212,1,1
62.858200908,1,0
62.858239176,1,1
62.858281876,1,0
62.858326556,1,1
62.858341014,1,0
62.858342266,1,1
62.987096042,1,0
62.987369154,0,0
62.988144284,0,1
62.988751200,0,0
62.988752774,1,0
62.988792434,1,1
62.988834154,1,0
62.988836024,0,0
62.988875402,0,1
62.988918110,0,0
62.988919868,1,0
62.988959350,1,1
62.989001070,1,0
62.989042308,1,1
62.989084026,1,0
62.989085622,0,0
62.989125270,0,1
62.989167978,0,0
62.989169450,1,0
62.989209222,1,1
62.989250944,1,0
62.989292180,1,1
62.989333904,1,0
62.989375154,1,1
62.989418358,1,0
62.989459600,1,1
62.989502312,1,0
62.989543552,1,1
62.989576898,0,1
62.989590214,0,0
62.989631462,0,1
62.989654772,1,1
62.989927038,0,1
62.989938870,0,0
62.989981590,0,1
62.990023312,0,0
62.990064556,0,1
62.990087860,1,1
62.990107262,1,0
62.990148502,1,1
62.990170000,0,1
62.990190238,0,0
62.990231494,0,1
62.990254802,1,1
62.990274208,1,0
62.990315452,1,1
62.990358160,1,0
62.990399400,1,1
62.990442106,1,0
62.990483342,1,1
62.990526050,1,0
62.990567288,1,1
62.990609996,1,0
62.990653704,1,1
62.990696414,1,0
62.990734684,1,1
62.990777394,1,0
62.990822088,1,1
62.990833896,1,0
62.991103082,0,0
62.991878142,0,1
62.991924378,0,0
62.991965630,0,1
62.992008342,0,0
62.992049590,0,1
62.992092300,0,0
62.992133550,0,1
62.992176260,0,0
62.992217510,0,1
62.992260220,0,0
62.992301466,0,1
62.992344176,0,0
62.992385426,0,1
62.992428134,0,0
62.992469382,0,1
62.992512094,0,0
62.992553342,0,1
62.992597532,0,0
62.992599426,1,0
62.992638772,1,1
62.992681482,1,0
62.992722720,1,1
62.992756064,0,1
62.992769380,0,0
62.992810622,0,1
62.992833922,1,1
62.993177548,0,1
62.993189362,0,0
62.993232012,0,1
62.993273668,0,0
62.993314836,0,1
62.993338096,1,1
62.993357464,1,0
62.993398630,1,1
62.993420090,0,1
62.993440282,0,0
62.993481448,0,1
62.993504708,1,1
62.993524084,1,0
62.993565248,1,1
62.993607880,1,0
62.993649038,1,1
62.993691672,1,0
62.993732832,1,1
62.993775464,1,0
62.993816624,1,1
62.993859254,1,0
62.993902876,1,1
62.993945510,1,0
62.993983712,1,1
62.994026342,1,0
62.994070952,1,1
62.994084206,1,0
62.994085456,1,1
63.066791482,0,1
63.066803296,0,0
63.066845934,0,1
63.066887578,0,0
63.066928748,0,1
63.066970404,0,0
63.067011578,0,1
63.067053238,0,0
63.067094418,0,1
63.067136076,0,0
63.067177256,0,1
63.067218918,0,0
63.067260094,0,1
63.067301752,0,0
63.067342920,0,1
63.067384566,0,0
63.067425722,0,1
63.067467364,0,0
63.067510988,0,1
63.067534242,1,1
63.067553610,1,0
63.067591810,1,1
63.067634434,1,0
63.067679032,1,1
63.131677846,1,0
63.131950888,0,0
63.132725708,0,1
63.132890954,0,0
63.132892292,1,0
63.132932106,1,1
63.132973746,1,0
63.132975504,0,0
63.133014908,0,1
63.133057532,0,0
63.133059298,1,0
63.133098680,1,1
63.133140320,1,0
63.133181470,1,1
63.133223102,1,0
63.133224970,0,0
63.133264260,0,1
63.133306882,0,0
63.133308772,1,0
63.133348030,1,1
63.133389668,1,0
63.133430816,1,1
63.133472442,1,0
63.133513586,1,1
63.133556698,1,0
63.133597846,1,1
63.133640468,1,0
63.133681614,1,1
63.133714890,0,1
63.133728176,0,0
63.133769332,0,1
63.133792594,1,1
63.134064270,0,1
63.134076078,0,0
63.134118698,0,1
63.134160330,0,0
63.134201484,0,1
63.134224738,1,1
63.134244104,1,0
63.134285254,1,1
63.134306706,0,1
63.134326894,0,0
63.134368040,0,1
63.134391292,1,1
63.134410656,1,0
63.134451806,1,1
63.134494428,1,0
63.134535572,1,1
63.134578194,1,0
63.134619340,1,1
63.134661956,1,0
63.134703104,1,1
63.134745724,1,0
63.134789334,1,1
63.134831960,1,0
63.134870148,1,1
63.134912766,1,0
63.134957356,1,1
63.134971506,1,0
63.135240576,0,0
63.136015468,0,1
63.136054880,0,0
63.136096044,0,1
63.136138672,0,0
63.136179838,0,1
63.136222466,0,0
63.136224352,1,0
63.136263622,1,1
63.136305258,1,0
63.136306578,0,0
63.136346416,0,1
63.136389038,0,0
63.136430200,0,1
63.136472826,0,0
63.136513986,0,1
63.136556614,0,0
63.136597776,0,1
63.136640392,0,0
63.136681542,0,1
63.136725652,0,0
63.136766822,0,1
63.136806012,0,0
63.136808132,1,0
63.136847166,1,1
63.136880444,0,1
63.136893732,0,0
63.136934890,0,1
63.136958146,1,1
63.137297034,0,1
63.137308860,0,0
63.137351560,0,1
63.137393260,0,0
63.137434482,0,1
63.137457780,1,1
63.137477178,1,0
63.137518402,1,1
63.137539890,0,1
63.137560112,0,0
63.137601336,0,1
63.137624632,1,1
63.137644028,1,0
63.137685250,1,1
63.137727950,1,0
63.137769174,1,1
63.137811868,1,0
63.137853094,1,1
63.137895790,1,0
63.137937012,1,1
63.137979710,1,0
63.138023402,1,1
63.138066094,1,0
63.138104354,1,1
63.138147052,1,0
63.138191728,1,1
63.138205964,1,0
63.138207220,1,1
63.265611200,0,1
63.265623034,0,0
63.265665756,0,1
63.265707474,0,0
63.265748714,0,1
63.265790434,0,0
63.265831676,0,1
63.265873394,0,0
63.265914636,0,1
63.265956356,0,0
63.265997596,0,1
63.266020900,1,1
63.266040304,1,0
63.266081540,1,1
63.266124246,1,0
63.266165486,1,1
63.266208198,1,0
63.266249438,1,1
63.266292152,1,0
63.266335862,1,1
63.266378570,1,0
63.266416842,1,1
63.266459548,1,0
63.266504238,1,1
63.270144140,0,1
63.270155974,0,0
63.270198710,0,1
63.270240442,0,0
63.270281690,0,1
63.270323416,0,0
63.270364668,0,1
63.270387974,1,1
63.270407382,1,0
63.270448618,1,1
63.270470116,0,1
63.270490346,0,0
63.270531588,0,1
63.270554892,1,1
63.270574294,1,0
63.270615534,1,1
63.270658246,1,0
63.270699482,1,1
63.270720978,0,1
63.270741206,0,0
63.270782450,0,1
63.270824172,0,0
63.270867880,0,1
63.270909600,0,0
63.270947874,0,1
63.270971172,1,1
63.270990576,1,0
63.271035264,1,1
63.274674198,0,1
63.274686032,0,0
63.274728752,0,1
63.274752052,1,1
63.274771454,1,0
63.274812692,1,1
63.274855394,1,0
63.274896628,1,1
63.274918122,0,1
63.274938352,0,0
63.274979594,0,1
63.275002894,1,1
63.275022296,1,0
63.275063530,1,1
63.275063532,1,0
63.275063534,1,1
63.275085028,0,1
63.275105258,0,0
63.275146498,0,1
63.275169804,1,1
63.275189216,1,0
63.275230478,1,1
63.275251988,0,1
63.275272230,0,0
63.275313498,0,1
63.275355248,0,0
63.275398992,0,1
63.275422306,1,1
63.275441722,1,0
63.275480022,1,1
63.275522750,1,0
63.275567464,1,1
63.275586288,1,0
63.282337794,1,1
63.287749740,0,1
63.287761572,0,0
63.287804298,0,1
63.287846022,0,0
63.287887264,0,1
63.287928990,0,0
63.287970234,0,1
63.288011958,0,0
63.288053208,0,1
63.288094934,0,0
63.288136178,0,1
63.288159482,1,1
63.288178888,1,0
63.288220132,1,1
63.288262844,1,0
63.288304082,1,1
63.288346794,1,0
63.288388034,1,1
63.288430742,1,0
63.288474448,1,1
63.288517158,1,0
63.288555432,1,1
63.288598144,1,0
63.288642840,1,1
63.292282110,0,1
63.292293944,0,0
63.292336664,0,1
63.292359968,1,1
63.292379374,1,0
63.292420612,1,1
63.292463320,1,0
63.292504562,1,1
63.292526060,0,1
63.292546292,0,0
63.292587536,0,1
63.292629258,0,0
63.292670500,0,1
63.292693802,1,1
63.292713206,1,0
63.292754446,1,1
63.292797156,1,0
63.292838392,1,1
63.292859888,0,1
63.292880120,0,0
63.292921368,0,1
63.292963096,0,0
63.293006820,0,1
63.293030132,1,1
63.293049538,1,0
63.293087826,1,1
63.293130542,1,0
63.293175246,1,1
63.300786794,1,0
63.306331730,1,1
63.321894202,1,0
63.322167366,0,0
63.322942524,0,1
63.323518336,0,0
63.323519938,1,0
63.323559584,1,1
63.323601310,1,0
63.323603174,0,0
63.323642560,0,1
63.323685278,0,0
63.323687010,1,0
63.323726522,1,1
63.323726526,1,0
63.323726528,1,1
63.323768252,1,0
63.323809496,1,1
63.323851224,1,0
63.323852758,0,0
63.323892474,0,1
63.323935188,0,0
63.323936580,1,0
63.323976432,1,1
63.324018156,1,0
63.324059392,1,1
63.324059398,1,0
63.324059402,1,1
63.324101122,1,0
63.324142364,1,1
63.324185574,1,0
63.324226816,1,1
63.324269526,1,0
63.324310762,1,1
63.324344112,0,1
63.324357428,0,0
63.324398678,0,1
63.324421988,1,1
63.324694252,0,1
63.324706086,0,0
63.324748806,0,1
63.324790528,0,0
63.324831770,0,1
63.324855074,1,1
63.324874478,1,0
63.324915718,1,1
63.324937214,0,1
63.324957444,0,0
63.324998690,0,1
63.325021992,1,1
63.325041396,1,0
63.325082636,1,1
63.325125348,1,0
63.325166590,1,1
63.325209304,1,0
63.325250546,1,1
63.325293256,1,0
63.325334496,1,1
63.325377206,1,0
63.325420916,1,1
63.325463628,1,0
63.325501902,1,1
63.325544614,1,0
63.325589308,1,1
63.325604028,1,0
63.325877294,0,0
63.326652576,0,1
63.326695622,0,0
63.326736882,0,1
63.326779598,0,0
63.326820854,0,1
63.326863572,0,0
63.326904824,0,1
63.326947538,0,0
63.326988796,0,1
63.327031512,0,0
63.327072766,0,1
63.327115484,0,0
63.327156742,0,1
63.327199466,0,0
63.327240730,0,1
63.327283448,0,0
63.327324704,0,1
63.327368904,0,0
63.327370964,1,0
63.327410154,1,1
63.327452868,1,0
63.327494110,1,1
63.327527460,0,1
63.327540776,0,0
63.327582026,0,1
63.327605336,1,1
63.327949024,0,1
63.327960840,0,0
63.328003498,0,1
63.328045158,0,0
63.328086330,0,1
63.328109592,1,1
63.328128966,1,0
63.328170140,1,1
63.328191604,0,1
63.328211800,0,0
63.328252974,0,1
63.328276240,1,1
63.328295612,1,0
63.328336782,1,1
63.328379418,1,0
63.328420586,1,1
63.328463222,1,0
63.328504386,1,1
63.328547024,1,0
63.328588188,1,1
63.328630828,1,0
63.328674458,1,1
63.328717098,1,0
63.328755304,1,1
63.328797942,1,0
63.328842556,1,1
63.328854910,1,0
63.328856156,1,1
63.437201144,0,1
63.437212954,0,0
63.437255584,0,1
63.437297220,0,0
63.437338374,0,1
63.437380010,0,0
63.437421160,0,1
63.437444412,1,1
63.437463782,1,0
63.437504928,1,1
63.437526380,0,1
63.437546566,0,0
63.437587720,0,1
63.437610974,1,1
63.437630340,1,0
63.437671490,1,1
63.437714114,1,0
63.437755262,1,1
63.437776716,0,1
63.437796902,0,0
63.437838054,0,1
63.437879692,0,0
63.437923310,0,1
63.437964950,0,0
63.438003150,0,1
63.438026406,1,1
63.438045774,1,0
63.438090374,1,1
63.438109178,1,0
63.442329808,1,1
63.457817064,1,0
63.458090100,0,0
63.458864852,0,1
63.459091454,0,0
63.459092824,1,0
63.459132614,1,1
63.459174256,1,0
63.459176028,0,0
63.459215420,0,1
63.459258046,0,0
63.459259832,1,0
63.459299204,1,1
63.459340844,1,0
63.459381998,1,1
63.459423632,1,0
63.459425514,0,0
63.459464792,0,1
63.459507420,0,0
63.459509322,1,0
63.459548574,1,1
63.459590216,1,0
63.459631370,1,1
63.459673012,1,0
63.459714160,1,1
63.459757276,1,0
63.459798428,1,1
63.459841048,1,0
63.459882200,1,1
63.459915482,0,1
63.459928770,0,0
63.459969924,0,1
63.459993180,1,1
63.460264896,0,1
63.460276706,0,0
63.460319332,0,1
63.460360970,0,0
63.460402126,0,1
63.460425378,1,1
63.460444748,1,0
63.460485894,1,1
63.460507348,0,1
63.460527536,0,0
63.460568690,0,1
63.460591942,1,1
63.460611312,1,0
63.460652464,1,1
63.460695094,1,0
63.460736246,1,1
63.460778872,1,0
63.460820024,1,1
63.460862646,1,0
63.460903798,1,1
63.460946420,1,0
63.460990034,1,1
63.461032658,1,0
63.461070854,1,1
63.461113478,1,0
63.461158074,1,1
63.461158078,1,0
63.461158080,1,1
63.461171058,1,0
63.461444162,0,0
63.462219094,0,1
63.462264608,0,0
63.462305776,0,1
63.462348410,0,0
63.462389578,0,1
63.462432208,0,0
63.462433978,1,0
63.462473366,1,1
63.462515008,1,0
63.462516190,0,0
63.462556172,0,1
63.462598798,0,0
63.462639966,0,1
63.462682594,0,0
63.462723756,0,1
63.462766382,0,0
63.462807548,0,1
63.462850174,0,0
63.462891340,0,1
63.462935450,0,0
63.462976614,0,1
63.463015792,0,0
63.463017616,1,0
63.463056946,1,1
63.463090230,0,1
63.463103518,0,0
63.463144678,0,1
63.463167936,1,1
63.463506808,0,1
63.463518632,0,0
63.463561322,0,1
63.463603016,0,0
63.463644230,0,1
63.463667516,1,1
63.463686908,1,0
63.463728120,1,1
63.463749600,0,1
63.463769816,0,0
63.463811032,0,1
63.463834318,1,1
63.463853710,1,0
63.463894920,1,1
63.463937600,1,0
63.463978808,1,1
63.464021490,1,0
63.464062704,1,1
63.464105398,1,0
63.464146624,1,1
63.464189324,1,0
63.464233024,1,1
63.464275720,1,0
63.464313982,1,1
63.464356682,1,0
63.464401364,1,1
63.464413308,1,0
63.464414566,1,1
63.503741718,0,1
63.503753550,0,0
63.503796264,0,1
63.503837978,0,0
63.503879212,0,1
63.503920930,0,0
63.503962166,0,1
63.504003882,0,0
63.504045114,0,1
63.504086830,0,0
63.504128064,0,1
63.504151360,1,1
63.504170766,1,0
63.504212004,1,1
63.504254706,1,0
63.504295938,1,1
63.504338638,1,0
63.504379866,1,1
63.504422568,1,0
63.504466264,1,1
63.504508966,1,0
63.504547232,1,1
63.504589932,1,0
63.504634616,1,1
63.508273160,0,1
63.508284994,0,0
63.508327710,0,1
63.508351012,1,1
63.508370414,1,0
63.508411652,1,1
63.508454356,1,0
63.508495590,1,1
63.508517086,0,1
63.508537312,0,0
63.508578550,0,1
63.508601848,1,1
63.508621250,1,0
63.508662486,1,1
63.508683982,0,1
63.508704210,0,0
63.508745444,0,1
63.508768748,1,1
63.508788152,1,0
63.508829386,1,1
63.508850880,0,1
63.508871106,0,0
63.508912346,0,1
63.508954064,0,0
63.508997774,0,1
63.509021076,1,1
63.509040480,1,0
63.509078756,1,1
63.509121462,1,0
63.509166152,1,1
63.516389218,0,1
63.516401052,0,0
63.516443770,0,1
63.516467072,1,1
63.516486474,1,0
63.516527714,1,1
63.516570424,1,0
63.516611658,1,1
63.516633154,0,1
63.516653384,0,0
63.516694624,0,1
63.516736344,0,0
63.516777586,0,1
63.516800888,1,1
63.516820292,1,0
63.516861522,1,1
63.516904234,1,0
63.516945472,1,1
63.516966968,0,1
63.516987196,0,0
63.517028436,0,1
63.517070158,0,0
63.517113868,0,1
63.517137170,1,1
63.517156572,1,0
63.517194852,1,1
63.517237558,1,0
63.517282252,1,1
63.517299614,1,0
63.522330426,1,1
63.542661022,0,1
63.542672856,0,0
63.542715570,0,1
63.542757284,0,0
63.542798522,0,1
63.542840238,0,0
63.542881480,0,1
63.542923194,0,0
63.542964430,0,1
63.543006150,0,0
63.543047388,0,1
63.543070690,1,1
63.543090092,1,0
63.543131326,1,1
63.543174032,1,0
63.543215266,1,1
63.543257974,1,0
63.543299212,1,1
63.543341910,1,0
63.543385612,1,1
63.543428318,1,0
63.543466586,1,1
63.543509292,1,0
63.543553982,1,1
63.547193584,0,1
63.547205416,0,0
63.547248132,0,1
63.547289850,0,0
63.547331090,0,1
63.547372806,0,0
63.547414042,0,1
63.547437342,1,1
63.547456746,1,0
63.547497978,1,1
63.547519470,0,1
63.547539696,0,0
63.547580918,0,1
63.547604214,1,1
63.547623614,1,0
63.547664846,1,1
63.547707558,1,0
63.547748784,1,1
63.547770274,0,1
63.547790498,0,0
63.547831732,0,1
63.547873452,0,0
63.547917156,0,1
63.547958876,0,0
63.547997152,0,1
63.548020452,1,1
63.548039854,1,0
63.548084542,1,1
63.556196468,1,0
63.562329874,1,1
63.604832104,0,1
63.604843940,0,0
63.604886668,0,1
63.604928394,0,0
63.604969640,0,1
63.605011366,0,0
63.605052610,0,1
63.605075912,1,1
63.605095320,1,0
63.605136562,1,1
63.605158060,0,1
63.605178292,0,0
63.605219538,0,1
63.605242842,1,1
63.605262248,1,0
63.605303490,1,1
63.605346200,1,0
63.605387444,1,1
63.605408942,0,1
63.605429172,0,0
63.605470416,0,1
63.605512144,0,0
63.605555860,0,1
63.605597586,0,0
63.605635866,0,1
63.605659172,1,1
63.605678576,1,0
63.605723272,1,1
63.605742200,1,0
63.610329644,1,1
63.626757514,1,0
63.627030804,0,0
63.627806110,0,1
63.629010512,0,0
63.629011972,1,0
63.629051758,1,1
63.629093488,1,0
63.629095248,0,0
63.629134742,0,1
63.629177458,0,0
63.629179094,1,0
63.629218704,1,1
63.629260432,1,0
63.629301676,1,1
63.629343398,1,0
63.629344860,0,0
63.629384650,0,1
63.629427360,0,0
63.629428686,1,0
63.629468602,1,1
63.629510324,1,0
63.629551564,1,1
63.629593282,1,0
63.629634518,1,1
63.629677720,1,0
63.629718958,1,1
63.629761668,1,0
63.629802906,1,1
63.629836250,0,1
63.629849564,0,0
63.629890808,0,1
63.629914106,1,1
63.630186382,0,1
63.630198220,0,0
63.630240960,0,1
63.630282690,0,0
63.630323932,0,1
63.630347234,1,1
63.630366638,1,0
63.630407876,1,1
63.630429374,0,1
63.630449602,0,0
63.630490842,0,1
63.630514142,1,1
63.630533548,1,0
63.630574788,1,1
63.630617498,1,0
63.630658740,1,1
63.630701452,1,0
63.630742692,1,1
63.630785404,1,0
63.630826646,1,1
63.630869354,1,0
63.630913062,1,1
63.630955772,1,0
63.630994048,1,1
63.631036758,1,0
63.631081454,1,1
63.631096234,1,0
63.631369478,0,0
63.632144764,0,1
63.632187772,0,0
63.632229034,0,1
63.632271756,0,0
63.632313014,0,1
63.632355732,0,0
63.632396990,0,1
63.632439702,0,0
63.632480958,0,1
63.632523672,0,0
63.632564926,0,1
63.632607636,0,0
63.632648892,0,1
63.632691604,0,0
63.632732856,0,1
63.632775570,0,0
63.632816826,0,1
63.632861014,0,0
63.632863210,1,0
63.632902256,1,1
63.632944970,1,0
63.632986214,1,1
63.633019564,0,1
63.633032882,0,0
63.633074132,0,1
63.633097440,1,1
63.633441108,0,1
63.633452924,0,0
63.633495580,0,1
63.633537236,0,0
63.633578412,0,1
63.633601676,1,1
63.633621048,1,0
63.633662214,1,1
63.633683678,0,1
63.633703872,0,0
63.633745044,0,1
63.633768304,1,1
63.633787678,1,0
63.633828848,1,1
63.633871484,1,0
63.633912650,1,1
63.633955288,1,0
63.633996454,1,1
63.634039090,1,0
63.634080250,1,1
63.634122886,1,0
63.634166512,1,1
63.634209148,1,0
63.634247358,1,1
63.634289998,1,0
63.634334620,1,1
63.634347258,1,0
63.634348514,1,1
63.678726432,0,1
63.678738242,0,0
63.678780876,0,1
63.678822516,0,0
63.678863670,0,1
63.678905312,0,0
63.678946468,0,1
63.678988106,0,0
63.679029262,0,1
63.679070904,0,0
63.679112062,0,1
63.679135314,1,1
63.679154684,1,0
63.679195840,1,1
63.679238466,1,0
63.679279620,1,1
63.679322248,1,0
63.679363400,1,1
63.679406028,1,0
63.679449648,1,1
63.679492274,1,0
63.679530466,1,1
63.679573096,1,0
63.679617698,1,1
63.683249588,0,1
63.683261398,0,0
63.683304032,0,1
63.683327288,1,1
63.683346656,1,0
63.683387814,1,1
63.683430438,1,0
63.683471590,1,1
63.683493046,0,1
63.683513236,0,0
63.683554392,0,1
63.683596034,0,0
63.683637190,0,1
63.683660448,1,1
63.683679814,1,0
63.683720968,1,1
63.683763596,1,0
63.683804748,1,1
63.683826204,0,1
63.683846392,0,0
63.683887548,0,1
63.683929190,0,0
63.683972810,0,1
63.683996066,1,1
63.684015434,1,0
63.684053630,1,1
63.684096254,1,0
63.684140854,1,1
63.687772666,0,1
63.687784478,0,0
63.687827114,0,1
63.687850368,1,1
63.687869736,1,0
63.687910888,1,1
63.687953518,1,0
63.687994676,1,1
63.688016132,0,1
63.688036322,0,0
63.688077484,0,1
63.688100740,1,1
63.688120108,1,0
63.688161262,1,1
63.688182720,0,1
63.688202910,0,0
63.688244076,0,1
63.688267334,1,1
63.688286704,1,0
63.688327862,1,1
63.688349322,0,1
63.688369514,0,0
63.688410676,0,1
63.688452318,0,0
63.688495946,0,1
63.688519204,1,1
63.688538574,1,0
63.688576770,1,1
63.688619402,1,0
63.688664006,1,1
63.688682582,1,0
63.690330040,1,1
63.707857900,0,1
63.707869712,0,0
63.707912348,0,1
63.707953988,0,0
63.707995146,0,1
63.708036788,0,0
63.708077944,0,1
63.708119586,0,0
63.708160746,0,1
63.708202388,0,0
63.708243546,0,1
63.708266802,1,1
63.708286172,1,0
63.708327326,1,1
63.708369950,1,0
63.708411102,1,1
63.708453728,1,0
63.708494882,1,1
63.708537506,1,0
63.708581122,1,1
63.708623746,1,0
63.708661932,1,1
63.708704544,1,0
63.708749142,1,1
63.712380666,0,1
63.712392474,0,0
63.712435102,0,1
63.712458358,1,1
63.712477724,1,0
63.712518878,1,1
63.712561504,1,0
63.712602660,1,1
63.712624116,0,1
63.712644304,0,0
63.712685458,0,1
63.712708712,1,1
63.712728080,1,0
63.712769230,1,1
63.712790684,0,1
63.712810870,0,0
63.712852024,0,1
63.712875280,1,1
63.712894644,1,0
63.712935796,1,1
63.712957248,0,1
63.712977438,0,0
63.713018596,0,1
63.713060232,0,0
63.713103850,0,1
63.713127104,1,1
63.713146470,1,0
63.713184666,1,1
63.713227290,1,0
63.713271886,1,1
63.720061162,0,1
63.720072972,0,0
63.720115600,0,1
63.720157236,0,0
63.720198404,0,1
63.720240052,0,0
63.720281212,0,1
63.720322854,0,0
63.720364012,0,1
63.720405650,0,0
63.720446808,0,1
63.720470066,1,1
63.720489434,1,0
63.720530584,1,1
63.720573212,1,0
63.720614362,1,1
63.720656988,1,0
63.720698138,1,1
63.720740766,1,0
63.720784380,1,1
63.720827002,1,0
63.720865200,1,1
63.720907824,1,0
63.720952420,1,1
63.724584910,0,1
63.724596718,0,0
63.724639348,0,1
63.724680988,0,0
63.724722142,0,1
63.724763778,0,0
63.724804934,0,1
63.724828186,1,1
63.724847552,1,0
63.724888700,1,1
63.724910156,0,1
63.724930346,0,0
63.724971498,0,1
63.724994750,1,1
63.725014116,1,0
63.725055264,1,1
63.725097888,1,0
63.725139032,1,1
63.725160486,0,1
63.725180678,0,0
63.725221834,0,1
63.725263472,0,0
63.725307090,0,1
63.725348726,0,0
63.725386924,0,1
63.725410172,1,1
63.725429540,1,0
63.725474140,1,1
63.733364760,1,0
63.738323714,1,1
63.759734498,0,1
63.759746308,0,0
63.759788934,0,1
63.759830570,0,0
63.759871716,0,1
63.759913352,0,0
63.759954502,0,1
63.759977752,1,1
63.759997118,1,0
63.760038264,1,1
63.760059718,0,1
63.760079904,0,0
63.760121054,0,1
63.760144306,1,1
63.760163670,1,0
63.760204824,1,1
63.760247446,1,0
63.760288592,1,1
63.760310046,0,1
63.760330232,0,0
63.760371382,0,1
63.760413014,0,0
63.760456630,0,1
63.760498266,0,0
63.760536460,0,1
63.760559714,1,1
63.760579080,1,0
63.760623672,1,1
63.760641646,1,0
63.762329794,1,1
63.778771626,1,0
63.779044766,0,0
63.779819838,0,1
63.779930106,0,0
63.779932074,1,0
63.779971260,1,1
63.780012902,1,0
63.780014290,0,0
63.780054074,0,1
63.780096708,0,0
63.780098120,1,0
63.780137864,1,1
63.780179508,1,0
63.780220666,1,1
63.780262310,1,0
63.780263870,0,0
63.780303472,0,1
63.780346092,0,0
63.780347690,1,0
63.780387238,1,1
63.780428868,1,0
63.780470008,1,1
63.780511634,1,0
63.780552768,1,1
63.780595868,1,0
63.780637004,1,1
63.780679610,1,0
63.780720742,1,1
63.780754008,0,1
63.780767292,0,0
63.780808436,0,1
63.780831686,1,1
63.781103334,0,1
63.781115142,0,0
63.781157766,0,1
63.781199400,0,0
63.781240546,0,1
63.781263790,1,1
63.781283152,1,0
63.781324296,1,1
63.781345754,0,1
63.781365942,0,0
63.781407108,0,1
63.781430360,1,1
63.781449726,1,0
63.781490872,1,1
63.781533494,1,0
63.781574642,1,1
63.781617258,1,0
63.781658406,1,1
63.781701032,1,0
63.781742180,1,1
63.781784806,1,0
63.781828422,1,1
63.781871046,1,0
63.781909236,1,1
63.781951860,1,0
63.781996458,1,1
63.782009644,1,0
63.782278788,0,0
63.783053722,0,1
63.783094100,0,0
63.783135272,0,1
63.783177906,0,0
63.783219074,0,1
63.783261708,0,0
63.783263624,1,0
63.783302866,1,1
63.783344510,1,0
63.783345850,0,0
63.783385674,0,1
63.783428304,0,0
63.783469472,0,1
63.783512102,0,0
63.783553274,0,1
63.783595908,0,0
63.783637076,0,1
63.783679708,0,0
63.783720872,0,1
63.783764982,0,0
63.783806144,0,1
63.783845324,0,0
63.783847458,1,0
63.783886478,1,1
63.783919762,0,1
63.783933050,0,0
63.783974214,0,1
63.783997472,1,1
63.784336380,0,1
63.784348208,0,0
63.784390906,0,1
63.784432614,0,0
63.784473842,0,1
63.784497132,1,1
63.784516532,1,0
63.784557754,1,1
63.784579244,0,1
63.784599466,0,0
63.784640692,0,1
63.784663986,1,1
63.784683386,1,0
63.784724608,1,1
63.784767308,1,0
63.784808538,1,1
63.784851238,1,0
63.784892462,1,1
63.784935164,1,0
63.784976392,1,1
63.785019092,1,0
63.785062788,1,1
63.785105488,1,0
63.785143748,1,1
63.785186454,1,0
63.785231138,1,1
63.785244462,1,0
63.785245714,1,1
63.823218324,0,1
63.823230156,0,0
63.823272870,0,1
63.823296166,1,1
63.823315568,1,0
63.823356802,1,1
63.823399506,1,0
63.823440736,1,1
63.823462228,0,1
63.823482456,0,0
63.823523690,0,1
63.823565406,0,0
63.823606648,0,1
63.823629950,1,1
63.823649354,1,0
63.823690590,1,1
63.823733296,1,0
63.823774534,1,1
63.823796026,0,1
63.823816254,0,0
63.823857490,0,1
63.823899210,0,0
63.823942916,0,1
63.823966214,1,1
63.823985614,1,0
63.824023886,1,1
63.824066588,1,0
63.824111274,1,1
63.824130246,1,0
63.826328992,1,1
63.851913210,0,1
63.851925042,0,0
63.851967762,0,1
63.852009474,0,0
63.852050710,0,1
63.852092428,0,0
63.852133666,0,1
63.852175386,0,0
63.852216626,0,1
63.852258346,0,0
63.852299586,0,1
63.852322888,1,1
63.852342288,1,0
63.852383522,1,1
63.852426230,1,0
63.852467464,1,1
63.852510170,1,0
63.852551404,1,1
63.852594112,1,0
63.852637814,1,1
63.852680518,1,0
63.852718792,1,1
63.852761496,1,0
63.852806184,1,1
63.856444888,0,1
63.856456720,0,0
63.856499442,0,1
63.856522746,1,1
63.856542148,1,0
63.856583384,1,1
63.856626092,1,0
63.856667330,1,1
63.856688826,0,1
63.856709054,0,0
63.856750296,0,1
63.856792020,0,0
63.856833260,0,1
63.856856562,1,1
63.856875966,1,0
63.856917202,1,1
63.856959912,1,0
63.857001146,1,1
63.857022642,0,1
63.857042870,0,0
63.857084112,0,1
63.857125832,0,0
63.857169550,0,1
63.857192856,1,1
63.857212262,1,0
63.857250536,1,1
63.857293248,1,0
63.857337942,1,1
63.865227518,1,0
63.866329696,1,1
63.874471016,0,1
63.874482850,0,0
63.874525572,0,1
63.874567296,0,0
63.874608540,0,1
63.874650258,0,0
63.874691500,0,1
63.874733224,0,0
63.874774472,0,1
63.874816194,0,0
63.874857438,0,1
63.874880742,1,1
63.874900146,1,0
63.874941384,1,1
63.874984096,1,0
63.875025336,1,1
63.875068046,1,0
63.875109286,1,1
63.875151994,1,0
63.875195704,1,1
63.875238414,1,0
63.875276690,1,1
63.875319400,1,0
63.875364094,1,1
63.879003958,0,1
63.879015792,0,0
63.879058512,0,1
63.879100232,0,0
63.879141474,0,1
63.879183198,0,0
63.879224442,0,1
63.879247746,1,1
63.879267150,1,0
63.879308392,1,1
63.879329888,0,1
63.879350118,0,0
63.879391362,0,1
63.879414664,1,1
63.879434068,1,0
63.879475304,1,1
63.879518014,1,0
63.879559248,1,1
63.879580744,0,1
63.879600972,0,0
63.879642210,0,1
63.879683928,0,0
63.879727640,0,1
63.879769360,0,0
63.879807638,0,1
63.879830940,1,1
63.879850344,1,0
63.879895036,1,1
63.887897840,1,0
63.890329148,1,1
63.898102280,0,1
63.898114116,0,0
63.898156846,0,1
63.898180158,1,1
63.898199566,1,0
63.898240816,1,1
63.898283536,1,0
63.898324788,1,1
63.898346284,0,1
63.898366516,0,0
63.898407760,0,1
63.898449486,0,0
63.898490732,0,1
63.898514034,1,1
63.898533440,1,0
63.898574678,1,1
63.898617390,1,0
63.898658626,1,1
63.898680122,0,1
63.898700352,0,0
63.898741594,0,1
63.898783312,0,0
63.898827024,0,1
63.898850324,1,1
63.898869730,1,0
63.898908004,1,1
63.898950712,1,0
63.898995404,1,1
63.899012964,1,0
63.906328374,1,1
63.920201250,0,1
63.920213088,0,0
63.920255818,0,1
63.920297540,0,0
63.920338790,0,1
63.920380514,0,0
63.920421760,0,1
63.920445066,1,1
63.920464470,1,0
63.920505710,1,1
63.920527208,0,1
63.920547436,0,0
63.920588682,0,1
63.920611986,1,1
63.920631390,1,0
63.920672630,1,1
63.920715344,1,0
63.920756584,1,1
63.920778082,0,1
63.920798310,0,0
63.920839552,0,1
63.920881278,0,0
63.920924992,0,1
63.920966714,0,0
63.921004998,0,1
63.921028304,1,1
63.921047704,1,0
63.921092400,1,1
63.921110426,1,0
63.922328146,1,1
63.937860316,1,0
63.938133606,0,0
63.938908962,0,1
63.939087304,0,0
63.939088734,1,0
63.939128550,1,1
63.939170280,1,0
63.939171986,0,0
63.939211540,0,1
63.939254260,0,0
63.939255842,1,0
63.939295508,1,1
63.939337238,1,0
63.939378486,1,1
63.939420210,1,0
63.939421628,0,0
63.939461464,0,1
63.939504178,0,0
63.939506472,1,0
63.939545422,1,1
63.939587144,1,0
63.939628390,1,1
63.939670118,1,0
63.939711360,1,1
63.939754568,1,0
63.939795810,1,1
63.939838520,1,0
63.939879764,1,1
63.939913110,0,1
63.939926426,0,0
63.939967674,0,1
63.939990986,1,1
63.940263292,0,1
63.940275128,0,0
63.940317852,0,1
63.940359574,0,0
63.940400822,0,1
63.940424124,1,1
63.940443530,1,0
63.940484770,1,1
63.940506268,0,1
63.940526500,0,0
63.940567746,0,1
63.940591050,1,1
63.940610452,1,0
63.940651696,1,1
63.940694408,1,0
63.940735646,1,1
63.940778358,1,0
63.940819600,1,1
63.940862312,1,0
63.940903556,1,1
63.940946266,1,0
63.940989978,1,1
63.941032692,1,0
63.941070974,1,1
63.941113686,1,0
63.941158384,1,1
63.941172486,1,0
63.941441762,0,0
63.942217046,0,1
63.942258340,0,0
63.942299600,0,1
63.942342314,0,0
63.942383568,0,1
63.942426270,0,0
63.942467516,0,1
63.942510242,0,0
63.942551504,0,1
63.942594216,0,0
63.942635472,0,1
63.942678186,0,0
63.942719442,0,1
63.942762160,0,0
63.942803416,0,1
63.942846132,0,0
63.942887390,0,1
63.942931588,0,0
63.942933596,1,0
63.942972838,1,1
63.943015554,1,0
63.943056800,1,1
63.943090146,0,1
63.943103464,0,0
63.943144716,0,1
63.943168024,1,1
63.943511704,0,1
63.943523520,0,0
63.943566176,0,1
63.943607832,0,0
63.943649008,0,1
63.943672274,1,1
63.943691648,1,0
63.943732818,1,1
63.943754280,0,1
63.943774476,0,0
63.943815648,0,1
63.943838914,1,1
63.943858288,1,0
63.943899456,1,1
63.943942094,1,0
63.943983262,1,1
63.944025900,1,0
63.944067070,1,1
63.944109708,1,0
63.944150874,1,1
63.944193520,1,0
63.944237154,1,1
63.944279792,1,0
63.944318002,1,1
63.944360640,1,0
63.944405254,1,1
63.944420032,1,0
63.944421290,1,1
64.043740996,0,1
64.043752806,0,0
64.043795430,0,1
64.043837062,0,0
64.043878212,0,1
64.043919848,0,0
64.043961004,0,1
64.044002640,0,0
64.044043788,0,1
64.044085422,0,0
64.044126572,0,1
64.044149822,1,1
64.044169188,1,0
64.044210340,1,1
64.044252966,1,0
64.044294116,1,1
64.044336744,1,0
64.044377892,1,1
64.044420510,1,0
64.044464120,1,1
64.044506744,1,0
64.044544938,1,1
64.044587558,1,0
64.044632158,1,1
64.048263424,0,1
64.048275238,0,0
64.048317878,0,1
64.048341132,1,1
64.048360496,1,0
64.048401648,1,1
64.048444272,1,0
64.048485422,1,1
64.048506874,0,1
64.048527062,0,0
64.048568214,0,1
64.048609852,0,0
64.048651006,0,1
64.048674260,1,1
64.048693624,1,0
64.048734772,1,1
64.048777390,1,0
64.048818536,1,1
64.048839988,0,1
64.048860174,0,0
64.048901324,0,1
64.048942960,0,0
64.048986576,0,1
64.049009826,1,1
64.049029192,1,0
64.049067384,1,1
64.049110006,1,0
64.049154600,1,1
64.056828076,1,0
64.058328196,1,1
64.081196630,0,1
64.081208440,0,0
64.081251064,0,1
64.081274316,1,1
64.081293682,1,0
64.081334830,1,1
64.081377450,1,0
64.081418602,1,1
64.081440054,0,1
64.081460242,0,0
64.081501392,0,1
64.081543030,0,0
64.081584186,0,1
64.081607438,1,1
64.081626804,1,0
64.081667952,1,1
64.081710574,1,0
64.081751720,1,1
64.081773172,0,1
64.081793358,0,0
64.081834512,0,1
64.081876148,0,0
64.081919766,0,1
64.081943022,1,1
64.081962388,1,0
64.082000580,1,1
64.082043206,1,0
64.082087808,1,1
64.082106056,1,0
64.082328060,1,1
64.106746340,1,0
64.107015418,0,0
64.107790428,0,1
64.107907234,0,0
64.107908736,1,0
64.107948390,1,1
64.107990030,1,0
64.107991976,0,0
64.108031192,0,1
64.108073822,0,0
64.108075786,1,0
64.108114974,1,1
64.108156616,1,0
64.108197772,1,1
64.108239414,1,0
64.108240502,0,0
64.108280576,0,1
64.108323204,0,0
64.108325338,1,0
64.108364356,1,1
64.108405998,1,0
64.108447152,1,1
64.108488792,1,0
64.108529940,1,1
64.108573060,1,0
64.108614210,1,1
64.108656828,1,0
64.108697978,1,1
64.108731256,0,1
64.108744544,0,0
64.108785704,0,1
64.108808964,1,1
64.109080650,0,1
64.109092458,0,0
64.109135090,0,1
64.109176728,0,0
64.109217890,0,1
64.109241146,1,1
64.109260514,1,0
64.109301666,1,1
64.109323122,0,1
64.109343310,0,0
64.109384462,0,1
64.109407714,1,1
64.109427082,1,0
64.109468230,1,1
64.109510856,1,0
64.109552006,1,1
64.109594632,1,0
64.109635780,1,1
64.109678406,1,0
64.109719554,1,1
64.109762180,1,0
64.109805790,1,1
64.109848414,1,0
64.109886606,1,1
64.109929228,1,0
64.109973826,1,1
64.109988506,1,0
64.110257688,0,0
64.111032778,0,1
64.111080440,0,0
64.111121602,0,1
64.111164232,0,0
64.111205400,0,1
64.111248026,0,0
64.111249720,1,0
64.111289174,1,1
64.111330814,1,0
64.111331946,0,0
64.111371970,0,1
64.111414590,0,0
64.111455752,0,1
64.111498378,0,0
64.111539542,0,1
64.111582174,0,0
64.111623338,0,1
64.111665966,0,0
64.111707132,0,1
64.111751236,0,0
64.111792398,0,1
64.111831574,0,0
64.111833482,1,0
64.111872728,1,1
64.111906008,0,1
64.111919298,0,0
64.111960464,0,1
64.111983724,1,1
64.112322616,0,1
64.112334442,0,0
64.112377144,0,1
64.112418848,0,0
64.112460070,0,1
64.112483364,1,1
64.112502762,1,0
64.112543980,1,1
64.112565466,0,1
64.112585688,0,0
64.112626912,0,1
64.112650204,1,1
64.112669600,1,0
64.112710820,1,1
64.112753514,1,0
64.112794734,1,1
64.112837430,1,0
64.112878654,1,1
64.112921350,1,0
64.112962570,1,1
64.113005264,1,0
64.113048954,1,1
64.113091646,1,0
64.113129906,1,1
64.113172604,1,0
64.113217284,1,1
64.113231358,1,0
64.113232614,1,1
64.216628808,0,1
64.216640640,0,0
64.216683360,0,1
64.216725076,0,0
64.216766318,0,1
64.216808038,0,0
64.216849278,0,1
64.216891000,0,0
64.216932240,0,1
64.216973960,0,0
64.217015200,0,1
64.217038502,1,1
64.217057906,1,0
64.217099144,1,1
64.217141852,1,0
64.217183094,1,1
64.217225802,1,0
64.217267038,1,1
64.217309742,1,0
64.217353446,1,1
64.217396154,1,0
64.217434426,1,1
64.217477134,1,0
64.217521824,1,1
64.221161934,0,1
64.221173770,0,0
64.221216494,0,1
64.221239796,1,1
64.221259200,1,0
64.221300438,1,1
64.221343144,1,0
64.221384382,1,1
64.221405880,0,1
64.221426110,0,0
64.221467354,0,1
64.221509080,0,0
64.221550324,0,1
64.221573630,1,1
64.221593034,1,0
64.221634274,1,1
64.221676988,1,0
64.221718228,1,1
64.221739724,0,1
64.221759952,0,0
64.221801198,0,1
64.221842920,0,0
64.221886634,0,1
64.221909936,1,1
64.221929342,1,0
64.221967618,1,1
64.222010328,1,0
64.222055028,1,1
64.229916104,1,0
64.234328702,1,1
64.241771636,0,1
64.241783470,0,0
64.241826190,0,1
64.241867916,0,0
64.241909158,0,1
64.241950874,0,0
64.241992114,0,1
64.242033838,0,0
64.242075080,0,1
64.242116800,0,0
64.242158044,0,1
64.242181350,1,1
64.242200754,1,0
64.242242002,1,1
64.242284720,1,0
64.242325962,1,1
64.242368676,1,0
64.242409918,1,1
64.242452628,1,0
64.242496336,1,1
64.242539044,1,0
64.242577314,1,1
64.242620024,1,0
64.242664718,1,1
64.246304542,0,1
64.246316380,0,0
64.246359104,0,1
64.246400828,0,0
64.246442074,0,1
64.246483800,0,0
64.246525042,0,1
64.246548346,1,1
64.246567754,1,0
64.246608998,1,1
64.246630492,0,1
64.246650720,0,0
64.246691962,0,1
64.246715264,1,1
64.246734668,1,0
64.246775908,1,1
64.246818616,1,0
64.246859856,1,1
64.246881352,0,1
64.246901582,0,0
64.246942824,0,1
64.246984550,0,0
64.247028264,0,1
64.247069986,0,0
64.247108266,0,1
64.247131570,1,1
64.247150972,1,0
64.247195668,1,1
64.254639836,1,0
64.258328874,1,1
64.284375956,0,1
64.284387790,0,0
64.284430512,0,1
64.284472234,0,0
64.284513476,0,1
64.284555194,0,0
64.284596438,0,1
64.284619740,1,1
64.284639144,1,0
64.284680382,1,1
64.284701874,0,1
64.284722104,0,0
64.284763346,0,1
64.284786648,1,1
64.284806048,1,0
64.284847286,1,1
64.284889994,1,0
64.284931226,1,1
64.284952724,0,1
64.284972952,0,0
64.285014192,0,1
64.285055908,0,0
64.285099612,0,1
64.285141334,0,0
64.285179618,0,1
64.285202920,1,1
64.285222324,1,0
64.285267022,1,1
64.285285934,1,0
64.290329582,1,1
64.295366408,0,1
64.295378244,0,0
64.295420970,0,1
64.295444278,1,1
64.295463684,1,0
64.295504928,1,1
64.295547638,1,0
64.295588882,1,1
64.295610380,0,1
64.295630612,0,0
64.295671860,0,1
64.295713586,0,0
64.295754840,0,1
64.295778144,1,1
64.295797550,1,0
64.295838796,1,1
64.295881512,1,0
64.295922756,1,1
64.295944254,0,1
64.295964486,0,0
64.296005734,0,1
64.296047462,0,0
64.296091180,0,1
64.296114488,1,1
64.296133892,1,0
64.296172178,1,1
64.296214890,1,0
64.296259594,1,1
64.296278454,1,0
64.298327712,1,1
64.313870098,1,0
64.314143350,0,0
64.314918706,0,1
64.315028870,0,0
64.315031034,1,0
64.315070148,1,1
64.315111894,1,0
64.315113310,0,0
64.315153166,0,1
64.315195890,0,0
64.315198186,1,0
64.315237142,1,1
64.315278874,1,0
64.315320124,1,1
64.315361848,1,0
64.315362962,0,0
64.315403104,0,1
64.315445818,0,0
64.315447814,1,0
64.315487064,1,1
64.315528790,1,0
64.315570038,1,1
64.315611760,1,0
64.315653006,1,1
64.315696212,1,0
64.315737454,1,1
64.315780164,1,0
64.315821406,1,1
64.315854756,0,1
64.315868070,0,0
64.315909328,0,1
64.315932638,1,1
64.316204924,0,1
64.316216760,0,0
64.316259484,0,1
64.316301206,0,0
64.316342458,0,1
64.316365760,1,1
64.316385164,1,0
64.316426402,1,1
64.316447900,0,1
64.316468130,0,0
64.316509378,0,1
64.316532682,1,1
64.316552088,1,0
64.316593336,1,1
64.316636048,1,0
64.316677290,1,1
64.316720002,1,0
64.316761242,1,1
64.316803952,1,0
64.316845194,1,1
64.316887906,1,0
64.316931614,1,1
64.316974326,1,0
64.317012604,1,1
64.317055312,1,0
64.317099996,1,1
64.317113724,1,0
64.317387040,0,0
64.318162498,0,1
64.318208852,0,0
64.318250112,0,1
64.318292830,0,0
64.318334090,0,1
64.318376810,0,0
64.318418070,0,1
64.318460788,0,0
64.318502048,0,1
64.318544764,0,0
64.318586020,0,1
64.318628738,0,0
64.318669996,0,1
64.318712714,0,0
64.318753970,0,1
64.318796686,0,0
64.318837942,0,1
64.318882134,0,0
64.318883982,1,0
64.318923378,1,1
64.318966094,1,0
64.319007334,1,1
64.319040684,0,1
64.319054000,0,0
64.319095252,0,1
64.319118560,1,1
64.319462238,0,1
64.319474056,0,0
64.319516710,0,1
64.319558366,0,0
64.319599542,0,1
64.319622804,1,1
64.319642178,1,0
64.319683342,1,1
64.319704804,0,1
64.319725002,0,0
64.319766174,0,1
64.319789436,1,1
64.319808808,1,0
64.319849976,1,1
64.319892614,1,0
64.319933778,1,1
64.319976418,1,0
64.320017586,1,1
64.320060220,1,0
64.320101384,1,1
64.320144020,1,0
64.320187654,1,1
64.320230314,1,0
64.320268532,1,1
64.320311176,1,0
64.320355792,1,1
64.320369166,1,0
64.320370424,1,1
64.379585306,0,1
64.379597114,0,0
64.379639748,0,1
64.379681382,0,0
64.379722538,0,1
64.379764178,0,0
64.379805332,0,1
64.379846968,0,0
64.379888126,0,1
64.379929764,0,0
64.379970920,0,1
64.379994178,1,1
64.380013552,1,0
64.380054722,1,1
64.380097352,1,0
64.380138508,1,1
64.380181138,1,0
64.380222298,1,1
64.380264928,1,0
64.380308544,1,1
64.380351172,1,0
64.380389364,1,1
64.380431990,1,0
64.380476590,1,1
64.384108094,0,1
64.384119904,0,0
64.384162536,0,1
64.384185792,1,1
64.384205160,1,0
64.384246314,1,1
64.384288938,1,0
64.384330092,1,1
64.384351548,0,1
64.384371738,0,0
64.384412896,0,1
64.384454536,0,0
64.384495688,0,1
64.384518942,1,1
64.384538308,1,0
64.384579460,1,1
64.384622082,1,0
64.384663230,1,1
64.384684680,0,1
64.384704866,0,0
64.384746016,0,1
64.384787654,0,0
64.384831272,0,1
64.384854528,1,1
64.384873896,1,0
64.384912092,1,1
64.384954718,1,0
64.384999324,1,1
64.392670022,1,0
64.394328074,1,1
64.404680386,0,1
64.404692198,0,0
64.404734830,0,1
64.404776470,0,0
64.404817626,0,1
64.404859266,0,0
64.404900424,0,1
64.404942068,0,0
64.404983226,0,1
64.405024868,0,0
64.405066028,0,1
64.405089282,1,1
64.405108652,1,0
64.405149806,1,1
64.405192438,1,0
64.405233594,1,1
64.405276222,1,0
64.405317374,1,1
64.405360002,1,0
64.405403620,1,1
64.405446248,1,0
64.405484446,1,1
64.405527068,1,0
64.405571672,1,1
64.409204306,0,1
64.409216116,0,0
64.409258750,0,1
64.409300390,0,0
64.409341548,0,1
64.409383190,0,0
64.409424346,0,1
64.409447602,1,1
64.409466970,1,0
64.409508124,1,1
64.409529578,0,1
64.409549766,0,0
64.409590920,0,1
64.409614178,1,1
64.409633546,1,0
64.409674698,1,1
64.409717322,1,0
64.409758472,1,1
64.409779928,0,1
64.409800116,0,0
64.409841272,0,1
64.409882914,0,0
64.409926534,0,1
64.409968176,0,0
64.410006374,0,1
64.410029628,1,1
64.410048994,1,0
64.410093598,1,1
64.417387572,1,0
64.418327964,1,1
64.449606758,0,1
64.449618566,0,0
64.449661192,0,1
64.449702826,0,0
64.449743978,0,1
64.449785612,0,0
64.449826764,0,1
64.449850014,1,1
64.449869380,1,0
64.449910524,1,1
64.449931976,0,1
64.449952160,0,0
64.449993306,0,1
64.450016558,1,1
64.450035924,1,0
64.450077068,1,1
64.450119688,1,0
64.450160836,1,1
64.450182290,0,1
64.450202480,0,0
64.450243632,0,1
64.450285276,0,0
64.450328896,0,1
64.450370536,0,0
64.450408736,0,1
64.450431986,1,1
64.450451352,1,0
64.450495946,1,1
64.450514154,1,0
64.458328498,1,1
64.474718234,1,0
64.474991364,0,0
64.475766344,0,1
64.475912090,0,0
64.475913828,1,0
64.475953250,1,1
64.475994892,1,0
64.475996054,0,0
64.476036056,0,1
64.476078684,0,0
64.476080882,1,0
64.476119840,1,1
64.476161478,1,0
64.476202632,1,1
64.476244278,1,0
64.476245598,0,0
64.476285436,0,1
64.476328064,0,0
64.476329404,1,0
64.476369218,1,1
64.476410856,1,0
64.476452010,1,1
64.476493648,1,0
64.476534796,1,1
64.476577912,1,0
64.476619060,1,1
64.476661684,1,0
64.476702830,1,1
64.476736110,0,1
64.476749398,0,0
64.476790560,0,1
64.476813818,1,1
64.477085498,0,1
64.477097306,0,0
64.477139932,0,1
64.477181568,0,0
64.477222718,0,1
64.477245976,1,1
64.477265342,1,0
64.477306494,1,1
64.477327950,0,1
64.477348140,0,0
64.477389298,0,1
64.477412554,1,1
64.477431924,1,0
64.477473076,1,1
64.477515704,1,0
64.477556854,1,1
64.477599476,1,0
64.477640626,1,1
64.477683250,1,0
64.477724402,1,1
64.477767024,1,0
64.477810640,1,1
64.477853264,1,0
64.477891456,1,1
64.477934080,1,0
64.477978678,1,1
64.477992514,1,0
64.478265666,0,0
64.479040740,0,1
64.479085228,0,0
64.479126400,0,1
64.479169036,0,0
64.479210212,0,1
64.479252846,0,0
64.479254706,1,0
64.479294008,1,1
64.479335656,1,0
64.479336946,0,0
64.479376822,0,1
64.479419452,0,0
64.479460618,0,1
64.479503252,0,0
64.479544422,0,1
64.479587052,0,0
64.479628220,0,1
64.479670850,0,0
64.479712016,0,1
64.479756124,0,0
64.479797292,0,1
64.479836470,0,0
64.479838566,1,0
64.479877626,1,1
64.479910910,0,1
64.479924200,0,0
64.479965352,0,1
64.479988614,1,1
64.480327584,0,1
64.480339412,0,0
64.480382114,0,1
64.480423816,0,0
64.480465040,0,1
64.480488334,1,1
64.480507732,1,0
64.480548958,1,1
64.480570446,0,1
64.480590670,0,0
64.480631898,0,1
64.480655194,1,1
64.480674594,1,0
64.480715822,1,1
64.480758516,1,0
64.480799744,1,1
64.480842440,1,0
64.480883664,1,1
64.480926362,1,0
64.480967586,1,1
64.481010286,1,0
64.481053978,1,1
64.481096678,1,0
64.481134942,1,1
64.481177640,1,0
64.481222344,1,1
64.481235712,1,0
64.481236970,1,1
64.559995758,0,1
64.560007594,0,0
64.560050316,0,1
64.560092040,0,0
64.560133280,0,1
64.560175006,0,0
64.560216258,0,1
64.560257984,0,0
64.560299230,0,1
64.560340952,0,0
64.560382200,0,1
64.560405504,1,1
64.560424908,1,0
64.560466150,1,1
64.560508862,1,0
64.560550098,1,1
64.560592806,1,0
64.560634044,1,1
64.560676754,1,0
64.560720466,1,1
64.560763176,1,0
64.560801450,1,1
64.560844160,1,0
64.560888856,1,1
64.564528742,0,1
64.564540576,0,0
64.564583300,0,1
64.564625016,0,0
64.564666258,0,1
64.564707978,0,0
64.564749218,0,1
64.564772518,1,1
64.564791920,1,0
64.564833154,1,1
64.564854652,0,1
64.564874880,0,0
64.564916118,0,1
64.564939420,1,1
64.564958822,1,0
64.565000060,1,1
64.565042766,1,0
64.565084002,1,1
64.565105498,0,1
64.565125726,0,0
64.565166964,0,1
64.565208686,0,0
64.565252400,0,1
64.565294118,0,0
64.565332396,0,1
64.565355696,1,1
64.565375100,1,0
64.565419790,1,1
64.572948244,1,0
64.578327176,1,1
64.618632766,0,1
64.618644598,0,0
64.618687322,0,1
64.618729044,0,0
64.618770284,0,1
64.618812006,0,0
64.618853248,0,1
64.618876552,1,1
64.618895958,1,0
64.618937200,1,1
64.618958694,0,1
64.618978922,0,0
64.619020162,0,1
64.619043464,1,1
64.619062868,1,0
64.619104106,1,1
64.619146812,1,0
64.619188054,1,1
64.619209550,0,1
64.619229782,0,0
64.619271024,0,1
64.619312746,0,0
64.619356458,0,1
64.619398186,0,0
64.619436468,0,1
64.619459774,1,1
64.619479180,1,0
64.619523880,1,1
64.619542154,1,0
64.626327196,1,1
64.629624238,0,1
64.629636074,0,0
64.629678796,0,1
64.629702098,1,1
64.629721502,1,0
64.629762744,1,1
64.629805456,1,0
64.629846696,1,1
64.629868194,0,1
64.629888424,0,0
64.629929662,0,1
64.629971390,0,0
64.630012650,0,1
64.630035964,1,1
64.630055374,1,0
64.630096626,1,1
64.630139342,1,0
64.630180588,1,1
64.630202094,0,1
64.630222332,0,0
64.630263584,0,1
64.630305312,0,0
64.630349032,0,1
64.630372340,1,1
64.630391744,1,0
64.630430024,1,1
64.630472736,1,0
64.630517436,1,1
64.630535548,1,0
64.634326864,1,1
64.650720656,1,0
64.650993926,0,0
64.651769332,0,1
64.651946654,0,0
64.651948066,1,0
64.651987904,1,1
64.652029632,1,0
64.652031328,0,0
64.652070888,0,1
64.652113602,0,0
64.652115182,1,0
64.652154856,1,1
64.652196584,1,0
64.652237832,1,1
64.652279558,1,0
64.652280958,0,0
64.652320810,0,1
64.652363526,0,0
64.652365810,1,0
64.652404770,1,1
64.652446496,1,0
64.652487736,1,1
64.652529462,1,0
64.652570704,1,1
64.652613910,1,0
64.652655152,1,1
64.652697862,1,0
64.652739100,1,1
64.652772446,0,1
64.652785762,0,0
64.652827014,0,1
64.652850322,1,1
64.653122592,0,1
64.653134426,0,0
64.653177150,0,1
64.653218874,0,0
64.653260118,0,1
64.653283422,1,1
64.653302826,1,0
64.653344068,1,1
64.653365562,0,1
64.653385792,0,0
64.653427040,0,1
64.653450344,1,1
64.653469750,1,0
64.653510992,1,1
64.653553708,1,0
64.653594948,1,1
64.653637660,1,0
64.653678900,1,1
64.653721610,1,0
64.653762854,1,1
64.653805564,1,0
64.653849276,1,1
64.653891986,1,0
64.653930260,1,1
64.653972972,1,0
64.654017666,1,1
64.654032498,1,0
64.654301744,0,0
64.655077068,0,1
64.655117674,0,0
64.655158934,0,1
64.655201658,0,0
64.655242922,0,1
64.655285640,0,0
64.655326902,0,1
64.655369618,0,0
64.655410876,0,1
64.655453594,0,0
64.655494852,0,1
64.655537572,0,0
64.655578830,0,1
64.655621548,0,0
64.655662808,0,1
64.655705526,0,0
64.655746782,0,1
64.655790982,0,0
64.655792604,1,0
64.655832232,1,1
64.655874944,1,0
64.655916190,1,1
64.655949540,0,1
64.655962858,0,0
64.656004108,0,1
64.656027416,1,1
64.656371120,0,1
64.656382938,0,0
64.656425592,0,1
64.656467250,0,0
64.656508424,0,1
64.656531688,1,1
64.656551060,1,0
64.656592230,1,1
64.656613692,0,1
64.656633888,0,0
64.656675060,0,1
64.656698324,1,1
64.656717698,1,0
64.656758866,1,1
64.656801510,1,0
64.656842678,1,1
64.656885320,1,0
64.656926486,1,1
64.656969124,1,0
64.657010290,1,1
64.657052926,1,0
64.657096554,1,1
64.657139194,1,0
64.657177402,1,1
64.657220040,1,0
64.657264654,1,1
64.657279834,1,0
64.657281090,1,1
64.724712696,0,1
64.724724510,0,0
64.724767150,0,1
64.724808790,0,0
64.724849954,0,1
64.724891610,0,0
64.724932780,0,1
64.724974438,0,0
64.725015612,0,1
64.725057270,0,0
64.725098444,0,1
64.725121710,1,1
64.725141088,1,0
64.725182260,1,1
64.725224906,1,0
64.725266080,1,1
64.725308724,1,0
64.725349892,1,1
64.725392530,1,0
64.725436152,1,1
64.725478780,1,0
64.725516976,1,1
64.725559602,1,0
64.725604200,1,1
64.729235868,0,1
64.729247678,0,0
64.729290308,0,1
64.729313562,1,1
64.729332930,1,0
64.729374078,1,1
64.729416702,1,0
64.729457852,1,1
64.729479304,0,1
64.729499492,0,0
64.729540642,0,1
64.729582276,0,0
64.729623428,0,1
64.729646682,1,1
64.729666048,1,0
64.729707196,1,1
64.729749822,1,0
64.729790968,1,1
64.729812420,0,1
64.729832608,0,0
64.729873760,0,1
64.729915396,0,0
64.729959012,0,1
64.729982272,1,1
64.730001644,1,0
64.730039850,1,1
64.730082478,1,0
64.730127082,1,1
64.737756772,1,0
64.738327468,1,1
64.759365920,0,1
64.759377730,0,0
64.759420364,0,1
64.759443614,1,1
64.759462984,1,0
64.759504134,1,1
64.759546762,1,0
64.759587912,1,1
64.759609364,0,1
64.759629552,0,0
64.759670706,0,1
64.759712348,0,0
64.759753506,0,1
64.759776762,1,1
64.759796128,1,0
64.759837278,1,1
64.759879900,1,0
64.759921050,1,1
64.759942500,0,1
64.759962688,0,0
64.760003844,0,1
64.760045480,0,0
64.760089098,0,1
64.760112352,1,1
64.760131720,1,0
64.760169914,1,1
64.760212548,1,0
64.760257150,1,1
64.760274686,1,0
64.762326874,1,1
64.802760100,1,0
64.803029204,0,0
64.803804280,0,1
64.803932680,0,0
64.803934626,1,0
64.803973838,1,1
64.804015478,1,0
64.804016822,0,0
64.804056640,0,1
64.804099266,0,0
64.804100608,1,0
64.804140420,1,1
64.804182066,1,0
64.804223222,1,1
64.804264860,1,0
64.804266294,0,0
64.804306024,0,1
64.804348650,0,0
64.804350088,1,0
64.804389802,1,1
64.804431446,1,0
64.804472600,1,1
64.804514240,1,0
64.804555382,1,1
64.804598486,1,0
64.804639636,1,1
64.804682270,1,0
64.804723432,1,1
64.804756710,0,1
64.804769996,0,0
64.804811158,0,1
64.804834418,1,1
64.805106116,0,1
64.805117924,0,0
64.805160552,0,1
64.805202192,0,0
64.805243350,0,1
64.805266604,1,1
64.805285970,1,0
64.805327122,1,1
64.805348576,0,1
64.805368766,0,0
64.805409920,0,1
64.805433174,1,1
64.805452542,1,0
64.805493696,1,1
64.805536322,1,0
64.805577470,1,1
64.805620104,1,0
64.805661258,1,1
64.805703884,1,0
64.805745038,1,1
64.805787666,1,0
64.805831282,1,1
64.805873912,1,0
64.805912108,1,1
64.805954732,1,0
64.805999336,1,1
64.806014074,1,0
64.806287204,0,0
64.807062070,0,1
64.807103422,0,0
64.807144592,0,1
64.807187232,0,0
64.807228402,0,1
64.807271034,0,0
64.807272968,1,0
64.807312192,1,1
64.807353840,1,0
64.807355188,0,0
64.807395002,0,1
64.807437634,0,0
64.807478800,0,1
64.807521428,0,0
64.807562598,0,1
64.807605230,0,0
64.807646398,0,1
64.807689030,0,0
64.807730202,0,1
64.807774312,0,0
64.807815480,0,1
64.807854662,0,0
64.807856756,1,0
64.807895820,1,1
64.807929104,0,1
64.807942394,0,0
64.807983560,0,1
64.808006818,1,1
64.808345750,0,1
64.808357578,0,0
64.808400282,0,1
64.808441988,0,0
64.808483216,0,1
64.808506516,1,1
64.808525916,1,0
64.808567142,1,1
64.808588634,0,1
64.808608858,0,0
64.808650090,0,1
64.808673390,1,1
64.808692790,1,0
64.808734018,1,1
64.808776722,1,0
64.808817950,1,1
64.808860650,1,0
64.808901880,1,1
64.808944580,1,0
64.808985804,1,1
64.809028508,1,0
64.809072202,1,1
64.809114900,1,0
64.809153168,1,1
64.809195866,1,0
64.809240544,1,1
64.809252914,1,0
64.809254176,1,1
64.879720920,0,1
64.879732752,0,0
64.879775472,0,1
64.879817190,0,0
64.879858430,0,1
64.879900148,0,0
64.879941390,0,1
64.879983116,0,0
64.880024372,0,1
64.880066096,0,0
64.880107342,0,1
64.880130644,1,1
64.880150046,1,0
64.880191292,1,1
64.880234006,1,0
64.880275242,1,1
64.880317948,1,0
64.880359182,1,1
64.880401886,1,0
64.880445592,1,1
64.880488302,1,0
64.880526574,1,1
64.880569284,1,0
64.880613980,1,1
64.884253062,0,1
64.884264896,0,0
64.884307610,0,1
64.884330910,1,1
64.884350310,1,0
64.884391548,1,1
64.884434252,1,0
64.884475482,1,1
64.884496974,0,1
64.884517202,0,0
64.884558436,0,1
64.884600154,0,0
64.884641392,0,1
64.884664694,1,1
64.884684094,1,0
64.884725326,1,1
64.884768028,1,0
64.884809260,1,1
64.884830750,0,1
64.884850976,0,0
64.884892212,0,1
64.884933932,0,0
64.884977638,0,1
64.885000936,1,1
64.885020340,1,0
64.885058614,1,1
64.885101320,1,0
64.885146010,1,1
64.893324470,1,0
64.898326308,1,1
64.902280410,0,1
64.902292242,0,0
64.902334966,0,1
64.902376686,0,0
64.902417922,0,1
64.902459642,0,0
64.902500886,0,1
64.902542608,0,0
64.902583854,0,1
64.902625580,0,0
64.902666824,0,1
64.902690124,1,1
64.902709530,1,0
64.902750766,1,1
64.902793476,1,0
64.902834712,1,1
64.902877426,1,0
64.902918666,1,1
64.902961376,1,0
64.903005084,1,1
64.903047798,1,0
64.903086072,1,1
64.903128784,1,0
64.903173480,1,1
64.906813404,0,1
64.906825238,0,0
64.906867952,0,1
64.906909674,0,0
64.906950918,0,1
64.906992640,0,0
64.907033884,0,1
64.907057190,1,1
64.907076594,1,0
64.907117834,1,1
64.907139330,0,1
64.907159560,0,0
64.907200806,0,1
64.907224110,1,1
64.907243512,1,0
64.907284746,1,1
64.907327458,1,0
64.907368696,1,1
64.907390194,0,1
64.907410424,0,0
64.907451670,0,1
64.907493394,0,0
64.907537108,0,1
64.907578832,0,0
64.907617112,0,1
64.907640420,1,1
64.907659822,1,0
64.907704520,1,1
64.914956530,1,0
64.922327108,1,1
64.951261502,0,1
64.951273336,0,0
64.951316062,0,1
64.951339366,1,1
64.951358772,1,0
64.951400020,1,1
64.951442732,1,0
64.951483978,1,1
64.951505478,0,1
64.951525710,0,0
64.951566954,0,1
64.951608680,0,0
64.951649928,0,1
64.951673238,1,1
64.951692642,1,0
64.951733888,1,1
64.951776604,1,0
64.951817846,1,1
64.951839344,0,1
64.951859576,0,0
64.951900824,0,1
64.951942548,0,0
64.951986264,0,1
64.952009572,1,1
64.952028978,1,0
64.952067256,1,1
64.952109966,1,0
64.952154662,1,1
64.952173218,1,0
64.954326472,1,1
64.955795582,0,1
64.955807418,0,0
64.955850144,0,1
64.955891868,0,0
64.955933116,0,1
64.955974838,0,0
64.956016084,0,1
64.956039392,1,1
64.956058796,1,0
64.956100042,1,1
64.956121536,0,1
64.956141766,0,0
64.956183012,0,1
64.956206318,1,1
64.956225726,1,0
64.956266968,1,1
64.956309684,1,0
64.956350930,1,1
64.956372428,0,1
64.956392658,0,0
64.956433906,0,1
64.956475632,0,0
64.956519346,0,1
64.956561070,0,0
64.956599354,0,1
64.956622658,1,1
64.956642066,1,0
64.956686766,1,1
64.956704612,1,0
64.962325402,1,1
64.978299664,1,0
64.978303668,0,0
64.979348410,0,1
64.979984754,0,0
64.979986338,1,0
64.980026016,1,1
64.980067750,1,0
64.980069602,0,0
64.980109012,0,1
64.980151730,0,0
64.980153432,1,0
64.980192992,1,1
64.980234730,1,0
64.980275982,1,1
64.980317714,1,0
64.980319242,0,0
64.980358974,0,1
64.980401690,0,0
64.980403096,1,0
64.980442938,1,1
64.980484668,1,0
64.980525912,1,1
64.980567640,1,0
64.980608888,1,1
64.980652094,1,0
64.980693336,1,1
64.980736052,1,0
64.980777294,1,1
64.980810642,0,1
64.980823958,0,0
64.980865214,0,1
64.980888526,1,1
64.981160816,0,1
64.981172652,0,0
64.981215378,0,1
64.981257104,0,0
64.981298352,0,1
64.981321654,1,1
64.981341060,1,0
64.981382308,1,1
64.981403806,0,1
64.981424038,0,0
64.981465282,0,1
64.981488590,1,1
64.981507996,1,0
64.981549238,1,1
64.981591950,1,0
64.981633190,1,1
64.981675904,1,0
64.981717146,1,1
64.981759860,1,0
64.981801100,1,1
64.981843798,1,0
64.981887502,1,1
64.981930222,1,0
64.981968504,1,1
64.982011212,1,0
64.982055910,1,1
64.982070882,1,0
64.982340150,0,0
64.983115440,0,1
64.983155900,0,0
64.983197168,0,1
64.983239894,0,0
64.983281156,0,1
64.983323878,0,0
64.983365142,0,1
64.983407860,0,0
64.983449120,0,1
64.983491844,0,0
64.983533106,0,1
64.983575828,0,0
64.983617094,0,1
64.983659812,0,0
64.983701066,0,1
64.983743784,0,0
64.983785046,0,1
64.983829250,0,0
64.983830930,1,0
64.983870508,1,1
64.983913226,1,0
64.983954474,1,1
64.983987828,0,1
64.984001148,0,0
64.984042400,0,1
64.984065706,1,1
64.984409422,0,1
64.984421238,0,0
64.984463896,0,1
64.984505556,0,0
64.984546736,0,1
64.984570002,1,1
64.984589376,1,0
64.984630544,1,1
64.984652012,0,1
64.984672208,0,0
64.984713382,0,1
64.984736648,1,1
64.984756022,1,0
64.984797196,1,1
64.984839840,1,0
64.984881006,1,1
64.984923650,1,0
64.984964816,1,1
64.985007458,1,0
64.985048630,1,1
64.985091270,1,0
64.985134898,1,1
64.985177544,1,0
64.985215754,1,1
64.985258398,1,0
64.985303018,1,1
64.985318006,1,0
64.985319262,1,1
65.042007804,0,1
65.042019614,0,0
65.042062248,0,1
65.042103890,0,0
65.042145046,0,1
65.042186690,0,0
65.042227856,0,1
65.042269500,0,0
65.042310664,0,1
65.042352308,0,0
65.042393468,0,1
65.042416724,1,1
65.042436092,1,0
65.042477244,1,1
65.042477246,1,0
65.042477250,1,1
65.042519870,1,0
65.042561018,1,1
65.042603646,1,0
65.042644800,1,1
65.042687424,1,0
65.042731038,1,1
65.042773662,1,0
65.042811854,1,1
65.042854478,1,0
65.042899076,1,1
65.046530716,0,1
65.046542526,0,0
65.046585160,0,1
65.046608414,1,1
65.046627782,1,0
65.046668940,1,1
65.046711568,1,0
65.046752724,1,1
65.046774180,0,1
65.046794372,0,0
65.046835530,0,1
65.046877172,0,0
65.046918334,0,1
65.046941592,1,1
65.046960962,1,0
65.047002116,1,1
65.047044746,1,0
65.047085900,1,1
65.047107356,0,1
65.047127546,0,0
65.047168706,0,1
65.047210350,0,0
65.047253974,0,1
65.047277232,1,1
65.047296602,1,0
65.047334798,1,1
65.047377422,1,0
65.047422024,1,1
65.055038004,1,0
65.058332648,1,1
65.074836018,0,1
65.074847830,0,0
65.074890460,0,1
65.074932096,0,0
65.074973254,0,1
65.075014890,0,0
65.075056046,0,1
65.075097686,0,0
65.075138844,0,1
65.075180488,0,0
65.075221644,0,1
65.075244904,1,1
65.075264270,1,0
65.075305424,1,1
65.075348050,1,0
65.075389202,1,1
65.075431826,1,0
65.075472976,1,1
65.075515600,1,0
65.075559218,1,1
65.075601840,1,0
65.075640032,1,1
65.075682658,1,0
65.075727254,1,1
65.079359876,0,1
65.079371686,0,0
65.079414318,0,1
65.079455958,0,0
65.079497112,0,1
65.079538754,0,0
65.079579912,0,1
65.079603166,1,1
65.079622532,1,0
65.079663686,1,1
65.079685140,0,1
65.079705328,0,0
65.079746482,0,1
65.079769736,1,1
65.079789104,1,0
65.079830256,1,1
65.079872882,1,0
65.079914030,1,1
65.079935488,0,1
65.079955680,0,0
65.079996850,0,1
65.080038498,0,0
65.080082126,0,1
65.080123770,0,0
65.080161972,0,1
65.080185232,1,1
65.080204610,1,0
65.080249228,1,1
65.087992496,1,0
65.090325600,1,1
65.106593932,0,1
65.106605738,0,0
65.106648356,0,1
65.106689990,0,0
65.106731140,0,1
65.106772770,0,0
65.106813924,0,1
65.106837178,1,1
65.106856546,1,0
65.106897698,1,1
65.106919154,0,1
65.106939342,0,0
65.106980500,0,1
65.107003752,1,1
65.107023118,1,0
65.107064270,1,1
65.107106896,1,0
65.107148040,1,1
65.107169498,0,1
65.107189688,0,0
65.107230844,0,1
65.107272486,0,0
65.107316110,0,1
65.107357750,0,0
65.107395950,0,1
65.107419204,1,1
65.107438574,1,0
65.107483176,1,1
65.107501088,1,0
65.114325904,1,1
65.138851914,1,0
65.139124946,0,0
65.139899956,0,1
65.140522516,0,0
65.140524626,1,0
65.140563666,1,1
65.140605300,1,0
65.140606838,0,0
65.140646462,0,1
65.140689086,0,0
65.140690656,1,0
65.140730240,1,1
65.140771884,1,0
65.140813036,1,1
65.140854674,1,0
65.140856382,0,0
65.140895838,0,1
65.140938462,0,0
65.140940188,1,0
65.140979614,1,1
65.141021254,1,0
65.141062404,1,1
65.141104042,1,0
65.141145194,1,1
65.141188310,1,0
65.141229460,1,1
65.141272082,1,0
65.141313230,1,1
65.141346510,0,1
65.141359796,0,0
65.141400962,0,1
65.141424224,1,1
65.141695928,0,1
65.141707736,0,0
65.141750364,0,1
65.141792002,0,0
65.141833158,0,1
65.141856412,1,1
65.141875780,1,0
65.141916928,1,1
65.141938386,0,1
65.141958576,0,0
65.141999730,0,1
65.142022984,1,1
65.142042350,1,0
65.142083506,1,1
65.142126132,1,0
65.142167286,1,1
65.142209920,1,0
65.142251080,1,1
65.142293710,1,0
65.142334862,1,1
65.142377486,1,0
65.142421096,1,1
65.142463722,1,0
65.142501916,1,1
65.142544538,1,0
65.142589140,1,1
65.142601236,1,0
65.142874414,0,0
65.143649460,0,1
65.143695650,0,0
65.143736814,0,1
65.143779448,0,0
65.143820616,0,1
65.143863246,0,0
65.143865384,1,0
65.143904404,1,1
65.143946048,1,0
65.143947606,0,0
65.143987212,0,1
65.144029838,0,0
65.144071004,0,1
65.144113630,0,0
65.144154794,0,1
65.144197430,0,0
65.144238594,0,1
65.144281226,0,0
65.144322396,0,1
65.144366504,0,0
65.144407670,0,1
65.144446850,0,0
65.144448184,1,0
65.144488006,1,1
65.144521286,0,1
65.144534576,0,0
65.144575740,0,1
65.144598998,1,1
65.144937898,0,1
65.144949726,0,0
65.144992426,0,1
65.145034126,0,0
65.145075350,0,1
65.145098646,1,1
65.145118042,1,0
65.145159266,1,1
65.145180756,0,1
65.145200980,0,0
65.145242212,0,1
65.145265506,1,1
65.145284908,1,0
65.145326140,1,1
65.145368838,1,0
65.145410064,1,1
65.145452764,1,0
65.145493992,1,1
65.145536690,1,0
65.145577916,1,1
65.145620616,1,0
65.145664312,1,1
65.145707008,1,0
65.145745272,1,1
65.145787968,1,0
65.145832648,1,1
65.145848154,1,0
65.145849404,1,1
65.180282842,0,1
65.180294676,0,0
65.180337396,0,1
65.180360696,1,1
65.180380098,1,0
65.180421330,1,1
65.180464036,1,0
65.180505268,1,1
65.180526768,0,1
65.180546994,0,0
65.180588236,0,1
65.180611538,1,1
65.180630940,1,0
65.180672174,1,1
65.180693666,0,1
65.180713892,0,0
65.180755128,0,1
65.180778428,1,1
65.180797830,1,0
65.180839064,1,1
65.180860560,0,1
65.180880790,0,0
65.180922030,0,1
65.180963750,0,0
65.181007466,0,1
65.181030766,1,1
65.181050168,1,0
65.181088436,1,1
65.181131144,1,0
65.181175838,1,1
65.181194024,1,0
65.186325452,1,1
65.203331536,0,1
65.203343366,0,0
65.203386070,0,1
65.203427788,0,0
65.203469034,0,1
65.203510756,0,0
65.203551996,0,1
65.203593712,0,0
65.203634952,0,1
65.203676672,0,0
65.203717916,0,1
65.203741220,1,1
65.203760622,1,0
65.203801860,1,1
65.203844570,1,0
65.203885804,1,1
65.203928514,1,0
65.203969754,1,1
65.204012464,1,0
65.204056170,1,1
65.204098880,1,0
65.204137152,1,1
65.204179856,1,0
65.204224540,1,1
65.207863040,0,1
65.207874874,0,0
65.207917588,0,1
65.207940888,1,1
65.207960288,1,0
65.208001526,1,1
65.208044230,1,0
65.208085462,1,1
65.208106956,0,1
65.208127184,0,0
65.208168428,0,1
65.208191730,1,1
65.208211134,1,0
65.208252374,1,1
65.208273872,0,1
65.208294102,0,0
65.208335342,0,1
65.208358644,1,1
65.208378046,1,0
65.208419284,1,1
65.208440780,0,1
65.208461008,0,0
65.208502246,0,1
65.208543970,0,0
65.208587682,0,1
65.208610982,1,1
65.208630388,1,0
65.208668668,1,1
65.208711374,1,0
65.208756068,1,1
65.216756804,1,0
65.218334054,1,1
65.225890086,0,1
65.225901918,0,0
65.225944642,0,1
65.225986364,0,0
65.226027606,0,1
65.226069330,0,0
65.226110576,0,1
65.226152298,0,0
65.226193546,0,1
65.226235274,0,0
65.226276524,0,1
65.226299830,1,1
65.226319236,1,0
65.226360480,1,1
65.226403192,1,0
65.226444434,1,1
65.226487144,1,0
65.226528380,1,1
65.226571090,1,0
65.226614798,1,1
65.226657508,1,0
65.226695784,1,1
65.226738496,1,0
65.226783190,1,1
65.230423164,0,1
65.230434998,0,0
65.230477718,0,1
65.230519442,0,0
65.230560688,0,1
65.230602406,0,0
65.230643650,0,1
65.230666954,1,1
65.230686356,1,0
65.230727594,1,1
65.230749092,0,1
65.230769322,0,0
65.230810568,0,1
65.230833870,1,1
65.230853274,1,0
65.230894514,1,1
65.230937226,1,0
65.230978466,1,1
65.230999960,0,1
65.231020190,0,0
65.231061434,0,1
65.231103156,0,0
65.231146866,0,1
65.231188594,0,0
65.231226878,0,1
65.231250180,1,1
65.231269586,1,0
65.231314282,1,1
65.239426726,1,0
65.242326264,1,1
65.271210254,0,1
65.271222088,0,0
65.271264808,0,1
65.271288110,1,1
65.271307514,1,0
65.271348754,1,1
65.271391458,1,0
65.271432694,1,1
65.271454192,0,1
65.271474422,0,0
65.271515662,0,1
65.271557386,0,0
65.271598630,0,1
65.271621934,1,1
65.271641338,1,0
65.271682582,1,1
65.271725294,1,0
65.271766532,1,1
65.271788026,0,1
65.271808256,0,0
65.271849500,0,1
65.271891218,0,0
65.271934930,0,1
65.271958236,1,1
65.271977640,1,0
65.272015918,1,1
65.272058628,1,0
65.272103322,1,1
65.272121926,1,0
65.274325356,1,1
65.279636964,0,1
65.279648798,0,0
65.279691522,0,1
65.279733244,0,0
65.279774486,0,1
65.279816212,0,0
65.279857462,0,1
65.279880770,1,1
65.279900174,1,0
65.279941418,1,1
65.279962920,0,1
65.279983158,0,0
65.280024416,0,1
65.280047722,1,1
65.280067128,1,0
65.280108374,1,1
65.280151090,1,0
65.280192342,1,1
65.280213846,0,1
65.280234082,0,0
65.280275332,0,1
65.280317058,0,0
65.280360778,0,1
65.280402504,0,0
65.280440786,0,1
65.280464092,1,1
65.280483498,1,0
65.280528200,1,1
65.280546176,1,0
65.282324834,1,1
65.298885466,1,0
65.299154690,0,0
65.299930106,0,1
65.300872164,0,0
65.300874246,1,0
65.300913412,1,1
65.300955142,1,0
65.300956494,0,0
65.300996398,0,1
65.301039118,0,0
65.301041342,1,0
65.301080366,1,1
65.301122094,1,0
65.301163340,1,1
65.301205072,1,0
65.301206132,0,0
65.301246328,0,1
65.301289042,0,0
65.301290984,1,0
65.301330290,1,1
65.301372016,1,0
65.301413254,1,1
65.301454982,1,0
65.301496226,1,1
65.301539434,1,0
65.301580680,1,1
65.301623396,1,0
65.301664638,1,1
65.301697990,0,1
65.301711308,0,0
65.301752568,0,1
65.301775882,1,1
65.302048200,0,1
65.302060036,0,0
65.302102762,0,1
65.302144488,0,0
65.302185736,0,1
65.302209042,1,1
65.302228454,1,0
65.302269700,1,1
65.302291196,0,1
65.302311428,0,0
65.302352678,0,1
65.302375984,1,1
65.302395390,1,0
65.302436636,1,1
65.302479350,1,0
65.302520598,1,1
65.302563314,1,0
65.302604560,1,1
65.302647278,1,0
65.302688522,1,1
65.302731240,1,0
65.302774956,1,1
65.302817672,1,0
65.302855952,1,1
65.302898666,1,0
65.302943366,1,1
65.302958876,1,0
65.303228148,0,0
65.304003576,0,1
65.304043422,0,0
65.304084688,0,1
65.304127406,0,0
65.304168656,0,1
65.304211382,0,0
65.304252652,0,1
65.304295384,0,0
65.304336646,0,1
65.304379364,0,0
65.304420622,0,1
65.304463342,0,0
65.304504602,0,1
65.304547322,0,0
65.304588584,0,1
65.304631310,0,0
65.304672570,0,1
65.304716770,0,0
65.304718232,1,0
65.304758016,1,1
65.304800736,1,0
65.304841986,1,1
65.304875338,0,1
65.304888658,0,0
65.304929914,0,1
65.304953224,1,1
65.305296932,0,1
65.305308748,0,0
65.305351408,0,1
65.305393070,0,0
65.305434246,0,1
65.305457514,1,1
65.305476888,1,0
65.305518060,1,1
65.305539524,0,1
65.305559722,0,0
65.305600896,0,1
65.305624160,1,1
65.305643536,1,0
65.305684704,1,1
65.305727348,1,0
65.305768518,1,1
65.305811160,1,0
65.305852330,1,1
65.305894968,1,0
65.305936136,1,1
65.305978778,1,0
65.306022412,1,1
65.306065054,1,0
65.306103264,1,1
65.306145902,1,0
65.306190522,1,1
65.306202482,1,0
65.306203740,1,1
65.376359672,0,1
65.376371482,0,0
65.376414116,0,1
65.376455758,0,0
65.376496912,0,1
65.376538556,0,0
65.376579712,0,1
65.376621338,0,0
65.376662488,0,1
65.376704134,0,0
65.376745296,0,1
65.376768546,1,1
65.376787912,1,0
65.376829064,1,1
65.376871686,1,0
65.376912836,1,1
65.376955460,1,0
65.376996610,1,1
65.377039230,1,0
65.377082842,1,1
65.377125466,1,0
65.377163658,1,1
65.377206284,1,0
65.377250884,1,1
65.380882412,0,1
65.380894224,0,0
65.380936854,0,1
65.380960110,1,1
65.380979478,1,0
65.381020632,1,1
65.381063256,1,0
65.381104408,1,1
65.381125866,0,1
65.381146056,0,0
65.381187216,0,1
65.381228856,0,0
65.381270018,0,1
65.381293276,1,1
65.381312644,1,0
65.381353798,1,1
65.381396424,1,0
65.381437576,1,1
65.381459032,0,1
65.381479220,0,0
65.381520376,0,1
65.381562020,0,0
65.381605644,0,1
65.381628900,1,1
65.381648268,1,0
65.381686466,1,1
65.381729094,1,0
65.381773696,1,1
65.389816436,1,0
65.394325214,1,1
65.401456350,0,1
65.401468160,0,0
65.401510792,0,1
65.401552428,0,0
65.401593584,0,1
65.401635224,0,0
65.401676382,0,1
65.401718022,0,0
65.401759180,0,1
65.401800820,0,0
65.401841978,0,1
65.401865232,1,1
65.401884602,1,0
65.401925752,1,1
65.401968376,1,0
65.402009534,1,1
65.402052156,1,0
65.402093308,1,1
65.402135932,1,0
65.402179556,1,1
65.402222182,1,0
65.402260382,1,1
65.402303010,1,0
65.402347616,1,1
65.405980260,0,1
65.405992068,0,0
65.406034702,0,1
65.406076340,0,0
65.406117494,0,1
65.406159134,0,0
65.406200296,0,1
65.406223554,1,1
65.406242924,1,0
65.406284076,1,1
65.406305532,0,1
65.406325720,0,0
65.406366876,0,1
65.406390130,1,1
65.406409498,1,0
65.406450650,1,1
65.406493272,1,0
65.406534422,1,1
65.406555874,0,1
65.406576062,0,0
65.406617218,0,1
65.406658858,0,0
65.406702480,0,1
65.406744120,0,0
65.406782320,0,1
65.406805574,1,1
65.406824944,1,0
65.406869544,1,1
65.414524292,1,0
65.418325754,1,1
65.425312444,0,1
65.425324256,0,0
65.425366894,0,1
65.425390148,1,1
65.425409516,1,0
65.425450672,1,1
65.425493302,1,0
65.425534458,1,1
65.425555914,0,1
65.425576106,0,0
65.425617262,0,1
65.425658902,0,0
65.425700062,0,1
65.425723320,1,1
65.425742688,1,0
65.425783842,1,1
65.425826474,1,0
65.425867630,1,1
65.425889084,0,1
65.425909270,0,0
65.425950426,0,1
65.425992064,0,0
65.426035682,0,1
65.426058936,1,1
65.426078300,1,0
65.426116496,1,1
65.426159122,1,0
65.426203728,1,1
65.426222044,1,0
65.426324844,1,1
65.436474206,0,1
65.436486016,0,0
65.436528648,0,1
65.436570290,0,0
65.436611448,0,1
65.436653084,0,0
65.436694242,0,1
65.436717496,1,1
65.436736864,1,0
65.436778016,1,1
65.436799470,0,1
65.436819660,0,0
65.436860820,0,1
65.436884076,1,1
65.436903444,1,0
65.436944596,1,1
65.436987226,1,0
65.437028380,1,1
65.437049836,0,1
65.437070024,0,0
65.437111182,0,1
65.437152824,0,0
65.437196452,0,1
65.437238094,0,0
65.437276296,0,1
65.437299550,1,1
65.437318920,1,0
65.437363526,1,1
65.437381858,1,0
65.442323936,1,1
65.499250398,1,0
65.499519540,0,0
65.500294668,0,1
65.500861824,0,0
65.500863882,1,0
65.500902978,1,1
65.500944620,1,0
65.500946104,0,0
65.500985780,0,1
65.501028402,0,0
65.501029914,1,0
65.501069556,1,1
65.501111194,1,0
65.501152338,1,1
65.501193980,1,0
65.501195628,0,0
65.501235140,0,1
65.501277760,0,0
65.501279424,1,0
65.501318912,1,1
65.501360550,1,0
65.501401700,1,1
65.501443336,1,0
65.501484486,1,1
65.501527598,1,0
65.501568746,1,1
65.501611366,1,0
65.501652512,1,1
65.501685788,0,1
65.501699076,0,0
65.501740238,0,1
65.501763500,1,1
65.502035192,0,1
65.502047002,0,0
65.502089626,0,1
65.502131266,0,0
65.502172420,0,1
65.502195674,1,1
65.502215044,1,0
65.502256198,1,1
65.502277652,0,1
65.502297840,0,0
65.502338988,0,1
65.502362242,1,1
65.502381608,1,0
65.502422754,1,1
65.502465374,1,0
65.502506522,1,1
65.502549148,1,0
65.502590298,1,1
65.502632922,1,0
65.502674072,1,1
65.502716694,1,0
65.502760304,1,1
65.502802926,1,0
65.502841118,1,1
65.502883736,1,0
65.502928328,1,1
65.502943448,1,0
65.503212574,0,0
65.503987518,0,1
65.504034740,0,0
65.504075910,0,1
65.504118540,0,0
65.504159704,0,1
65.504202336,0,0
65.504204440,1,0
65.504243494,1,1
65.504285132,1,0
65.504286658,0,0
65.504326290,0,1
65.504368914,0,0
65.504410074,0,1
65.504452698,0,0
65.504493860,0,1
65.504536484,0,0
65.504577642,0,1
65.504620270,0,0
65.504661428,0,1
65.504705528,0,0
65.504746690,0,1
65.504785864,0,0
65.504788170,1,0
65.504827012,1,1
65.504860292,0,1
65.504873580,0,0
65.504914734,0,1
65.504937988,1,1
65.505276856,0,1
65.505288684,0,0
65.505331380,0,1
65.505373082,0,0
65.505414306,0,1
65.505437598,1,1
65.505456992,1,0
65.505498210,1,1
65.505519698,0,1
65.505539920,0,0
65.505581144,0,1
65.505604436,1,1
65.505623830,1,0
65.505665040,1,1
65.505707730,1,0
65.505748958,1,1
65.505791666,1,0
65.505832894,1,1
65.505875584,1,0
65.505916804,1,1
65.505959496,1,0
65.506003182,1,1
65.506045876,1,0
65.506084138,1,1
65.506126830,1,0
65.506171508,1,1
65.506186122,1,0
65.506187368,1,1
65.544404208,0,1
65.544416042,0,0
65.544458762,0,1
65.544500480,0,0
65.544541722,0,1
65.544583442,0,0
65.544624682,0,1
65.544666404,0,0
65.544707646,0,1
65.544749366,0,0
65.544790602,0,1
65.544813904,1,1
65.544833308,1,0
65.544874546,1,1
65.544917254,1,0
65.544958490,1,1
65.545001198,1,0
65.545042434,1,1
65.545085142,1,0
65.545128846,1,1
65.545171552,1,0
65.545209828,1,1
65.545252534,1,0
65.545297228,1,1
65.548935930,0,1
65.548947764,0,0
65.548990480,0,1
65.549013784,1,1
65.549033184,1,0
65.549074420,1,1
65.549117124,1,0
65.549158360,1,1
65.549179860,0,1
65.549200088,0,0
65.549241332,0,1
65.549283052,0,0
65.549324292,0,1
65.549347602,1,1
65.549367012,1,0
65.549408266,1,1
65.549450984,1,0
65.549492224,1,1
65.549513722,0,1
65.549533954,0,0
65.549575200,0,1
65.549616922,0,0
65.549660636,0,1
65.549683938,1,1
65.549703344,1,0
65.549741620,1,1
65.549784330,1,0
65.549829026,1,1
65.557693526,1,0
65.562324578,1,1
65.562364706,0,1
65.562376542,0,0
65.562419272,0,1
65.562460992,0,0
65.562502238,0,1
65.562543960,0,0
65.562585206,0,1
65.562626930,0,0
65.562668176,0,1
65.562709898,0,0
65.562751140,0,1
65.562774446,1,1
65.562793850,1,0
65.562835090,1,1
65.562877800,1,0
65.562919038,1,1
65.562961748,1,0
65.563002986,1,1
65.563045696,1,0
65.563089400,1,1
65.563132108,1,0
65.563170384,1,1
65.563213094,1,0
65.563257788,1,1
65.566897768,0,1
65.566909604,0,0
65.566952322,0,1
65.566994048,0,0
65.567035292,0,1
65.567077016,0,0
65.567118262,0,1
65.567141564,1,1
65.567160970,1,0
65.567202214,1,1
65.567223712,0,1
65.567243944,0,0
65.567285192,0,1
65.567308494,1,1
65.567327900,1,0
65.567369144,1,1
65.567411856,1,0
65.567453094,1,1
65.567474592,0,1
65.567494822,0,0
65.567536064,0,1
65.567577788,0,0
65.567621506,0,1
65.567663230,0,0
65.567701510,0,1
65.567724816,1,1
65.567744220,1,0
65.567788918,1,1
65.575205552,1,0
65.578325866,1,1
65.586264714,0,1
65.586276550,0,0
65.586319278,0,1
65.586342578,1,1
65.586361982,1,0
65.586403222,1,1
65.586445930,1,0
65.586487170,1,1
65.586508664,0,1
65.586528894,0,0
65.586570138,0,1
65.586611860,0,0
65.586653104,0,1
65.586676406,1,1
65.586695808,1,0
65.586737046,1,1
65.586779756,1,0
65.586820996,1,1
65.586842490,0,1
65.586862718,0,0
65.586903964,0,1
65.586945688,0,0
65.586989406,0,1
65.587012712,1,1
65.587032116,1,0
65.587070394,1,1
65.587113104,1,0
65.587157800,1,1
65.587176002,1,0
65.594324514,1,1
65.597258740,0,1
65.597270580,0,0
65.597313318,0,1
65.597355052,0,0
65.597396310,0,1
65.597438046,0,0
65.597479302,0,1
65.597502610,1,1
65.597522016,1,0
65.597563264,1,1
65.597584762,0,1
65.597604994,0,0
65.597646240,0,1
65.597669544,1,1
65.597688950,1,0
65.597730192,1,1
65.597772904,1,0
65.597814146,1,1
65.597835642,0,1
65.597855872,0,0
65.597897118,0,1
65.597938844,0,0
65.597982558,0,1
65.598024284,0,0
65.598062568,0,1
65.598085870,1,1
65.598105272,1,0
65.598149970,1,1
65.598168126,1,0
65.602323982,1,1
65.626746300,1,0
65.627015450,0,0
65.627790684,0,1
65.628107338,0,0
65.628109386,1,0
65.628148584,1,1
65.628190318,1,0
65.628191636,0,0
65.628231576,0,1
65.628274294,0,0
65.628276494,1,0
65.628315536,1,1
65.628357268,1,0
65.628398514,1,1
65.628440234,1,0
65.628442256,0,0
65.628481486,0,1
65.628524196,0,0
65.628526094,1,0
65.628565442,1,1
65.628607166,1,0
65.628648410,1,1
65.628690130,1,0
65.628731374,1,1
65.628774576,1,0
65.628815814,1,1
65.628858524,1,0
65.628899764,1,1
65.628933108,0,1
65.628946422,0,0
65.628987672,0,1
65.629010982,1,1
65.629283258,0,1
65.629295092,0,0
65.629337812,0,1
65.629379532,0,0
65.629420776,0,1
65.629444082,1,1
65.629463484,1,0
65.629504722,1,1
65.629526222,0,1
65.629546452,0,0
65.629587694,0,1
65.629610996,1,1
65.629630400,1,0
65.629671646,1,1
65.629714358,1,0
65.629755598,1,1
65.629798306,1,0
65.629839542,1,1
65.629882250,1,0
65.629923494,1,1
65.629966214,1,0
65.630009930,1,1
65.630052644,1,0
65.630090922,1,1
65.630133630,1,0
65.630178332,1,1
65.630190612,1,0
65.630459830,0,0
65.631235266,0,1
65.631278296,0,0
65.631319556,0,1
65.631362280,0,0
65.631403536,0,1
65.631446254,0,0
65.631487514,0,1
65.631530232,0,0
65.631571484,0,1
65.631614200,0,0
65.631655456,0,1
65.631698172,0,0
65.631739424,0,1
65.631782144,0,0
65.631823400,0,1
65.631866116,0,0
65.631907372,0,1
65.631951570,0,0
65.631953734,1,0
65.631992820,1,1
65.632035536,1,0
65.632076778,1,1
65.632110128,0,1
65.632123446,0,0
65.632164696,0,1
65.632188006,1,1
65.632531684,0,1
65.632543500,0,0
65.632586152,0,1
65.632627806,0,0
65.632668980,0,1
65.632692244,1,1
65.632711618,1,0
65.632752782,1,1
65.632774248,0,1
65.632794446,0,0
65.632835616,0,1
65.632858878,1,1
65.632878250,1,0
65.632919418,1,1
65.632962058,1,0
65.633003222,1,1
65.633045860,1,0
65.633087026,1,1
65.633129664,1,0
65.633170830,1,1
65.633213470,1,0
65.633257102,1,1
65.633299738,1,0
65.633337948,1,1
65.633380580,1,0
65.633425196,1,1
65.633437924,1,0
65.633439172,1,1
65.711034132,0,1
65.711045940,0,0
65.711088570,0,1
65.711130204,0,0
65.711171358,0,1
65.711213002,0,0
65.711254154,0,1
65.711295780,0,0
65.711336918,0,1
65.711378552,0,0
65.711419710,0,1
65.711442962,1,1
65.711462326,1,0
65.711503466,1,1
65.711546080,1,0
65.711587226,1,1
65.711629846,1,0
65.711670994,1,1
65.711713618,1,0
65.711757232,1,1
65.711799852,1,0
65.711838044,1,1
65.711880666,1,0
65.711925260,1,1
65.715556742,0,1
65.715568550,0,0
65.715611178,0,1
65.715634432,1,1
65.715653802,1,0
65.715694956,1,1
65.715737578,1,0
65.715778732,1,1
65.715800188,0,1
65.715820376,0,0
65.715861530,0,1
65.715903170,0,0
65.715944324,0,1
65.715967578,1,1
65.715986942,1,0
65.716028094,1,1
65.716070716,1,0
65.716111860,1,1
65.716133314,0,1
65.716153500,0,0
65.716194652,0,1
65.716236280,0,0
65.716279888,0,1
65.716303136,1,1
65.716322498,1,0
65.716360676,1,1
65.716403286,1,0
65.716447868,1,1
65.724547208,1,0
65.730323516,1,1
65.743015360,0,1
65.743027168,0,0
65.743069800,0,1
65.743093048,1,1
65.743112414,1,0
65.743153566,1,1
65.743196192,1,0
65.743237338,1,1
65.743258792,0,1
65.743278980,0,0
65.743320136,0,1
65.743361774,0,0
65.743402934,0,1
65.743426188,1,1
65.743445556,1,0
65.743486708,1,1
65.743529330,1,0
65.743570478,1,1
65.743591934,0,1
65.743612118,0,0
65.743653266,0,1
65.743694906,0,0
65.743738526,0,1
65.743761782,1,1
65.743781148,1,0
65.743819344,1,1
65.743861968,1,0
65.743906566,1,1
65.743924744,1,0
65.746323612,1,1
65.786886300,1,0
65.786890302,0,0
65.787930328,0,1
65.788788942,0,0
65.788790290,1,0
65.788830096,1,1
65.788871736,1,0
65.788873502,0,0
65.788912898,0,1
65.788955518,0,0
65.788957304,1,0
65.788996670,1,1
65.789038306,1,0
65.789079460,1,1
65.789121092,1,0
65.789122992,0,0
65.789162254,0,1
65.789204884,0,0
65.789206798,1,0
65.789246038,1,1
65.789287680,1,0
65.789328828,1,1
65.789370468,1,0
65.789411616,1,1
65.789454732,1,0
65.789495880,1,1
65.789538500,1,0
65.789579650,1,1
65.789612928,0,1
65.789626216,0,0
65.789667378,0,1
65.789690636,1,1
65.789962324,0,1
65.789974134,0,0
65.790016758,0,1
65.790058390,0,0
65.790099544,0,1
65.790122796,1,1
65.790142164,1,0
65.790183314,1,1
65.790204778,0,1
65.790224970,0,0
65.790266132,0,1
65.790289388,1,1
65.790308754,1,0
65.790349908,1,1
65.790392536,1,0
65.790433684,1,1
65.790476308,1,0
65.790517456,1,1
65.790560078,1,0
65.790601226,1,1
65.790643852,1,0
65.790687462,1,1
65.790730080,1,0
65.790768268,1,1
65.790810890,1,0
65.790855484,1,1
65.790868560,1,0
65.791137592,0,0
65.791912454,0,1
65.791953122,0,0
65.791994288,0,1
65.792036920,0,0
65.792078088,0,1
65.792120716,0,0
65.792122282,1,0
65.792161868,1,1
65.792203516,1,0
65.792205490,0,0
65.792244682,0,1
65.792287308,0,0
65.792328472,0,1
65.792371096,0,0
65.792412256,0,1
65.792454880,0,0
65.792496040,0,1
65.792538664,0,0
65.792579826,0,1
65.792623928,0,0
65.792665086,0,1
65.792704264,0,0
65.792705858,1,0
65.792745418,1,1
65.792778700,0,1
65.792791988,0,0
65.792833144,0,1
65.792856398,1,1
65.793195276,0,1
65.793207104,0,0
65.793249804,0,1
65.793291506,0,0
65.793332728,0,1
65.793356024,1,1
65.793375420,1,0
65.793416642,1,1
65.793438132,0,1
65.793458356,0,0
65.793499588,0,1
65.793522880,1,1
65.793542282,1,0
65.793583504,1,1
65.793626200,1,0
65.793667428,1,1
65.793710122,1,0
65.793751348,1,1
65.793794042,1,0
65.793835262,1,1
65.793877956,1,0
65.793921648,1,1
65.793964342,1,0
65.794002604,1,1
65.794045302,1,0
65.794089982,1,1
65.794102534,1,0
65.794103786,1,1
65.867807212,0,1
65.867819046,0,0
65.867861766,0,1
65.867903486,0,0
65.867944726,0,1
65.867986448,0,0
65.868027688,0,1
65.868069412,0,0
65.868110652,0,1
65.868152374,0,0
65.868193610,0,1
65.868216906,1,1
65.868236308,1,0
65.868277548,1,1
65.868320262,1,0
65.868361496,1,1
65.868404200,1,0
65.868445434,1,1
65.868488142,1,0
65.868531844,1,1
65.868574552,1,0
65.868612826,1,1
65.868655530,1,0
65.868700218,1,1
65.872339990,0,1
65.872351824,0,0
65.872394544,0,1
65.872436264,0,0
65.872477504,0,1
65.872519226,0,0
65.872560466,0,1
65.872583768,1,1
65.872603172,1,0
65.872644406,1,1
65.872665902,0,1
65.872686130,0,0
65.872727366,0,1
65.872750666,1,1
65.872770070,1,0
65.872811306,1,1
65.872854008,1,0
65.872895238,1,1
65.872916732,0,1
65.872936960,0,0
65.872978200,0,1
65.873019916,0,0
65.873063626,0,1
65.873105340,0,0
65.873143614,0,1
65.873166916,1,1
65.873186322,1,0
65.873231018,1,1
65.881109018,1,0
65.882331312,1,1
65.882641300,0,1
65.882653136,0,0
65.882695856,0,1
65.882737576,0,0
65.882778822,0,1
65.882820546,0,0
65.882861788,0,1
65.882903514,0,0
65.882944758,0,1
65.882986480,0,0
65.883027724,0,1
65.883051024,1,1
65.883070428,1,0
65.883111668,1,1
65.883154376,1,0
65.883195622,1,1
65.883238332,1,0
65.883279572,1,1
65.883322280,1,0
65.883365986,1,1
65.883408696,1,0
65.883446972,1,1
65.883489680,1,0
65.883534374,1,1
65.887173194,0,1
65.887185028,0,0
65.887227754,0,1
65.887251056,1,1
65.887270460,1,0
65.887311700,1,1
65.887354414,1,0
65.887395650,1,1
65.887417146,0,1
65.887437376,0,0
65.887478620,0,1
65.887520342,0,0
65.887561586,0,1
65.887584890,1,1
65.887604292,1,0
65.887645532,1,1
65.887688242,1,0
65.887729482,1,1
65.887750980,0,1
65.887771210,0,0
65.887812450,0,1
65.887854172,0,0
65.887897886,0,1
65.887921184,1,1
65.887940586,1,0
65.887978862,1,1
65.888021570,1,0
65.888066262,1,1
65.895530852,1,0
65.898324062,1,1
65.925289662,0,1
65.925301498,0,0
65.925344222,0,1
65.925385944,0,0
65.925427186,0,1
65.925468910,0,0
65.925510154,0,1
65.925533456,1,1
65.925552858,1,0
65.925594096,1,1
65.925615594,0,1
65.925635826,0,0
65.925677066,0,1
65.925700372,1,1
65.925719776,1,0
65.925761018,1,1
65.925803730,1,0
65.925844966,1,1
65.925866466,0,1
65.925886698,0,0
65.925927942,0,1
65.925969664,0,0
65.926013382,0,1
65.926055110,0,0
65.926093394,0,1
65.926116698,1,1
65.926136104,1,0
65.926180806,1,1
65.926199966,1,0
65.930323706,1,1
65.933522796,0,1
65.933534630,0,0
65.933577356,0,1
65.933600660,1,1
65.933620068,1,0
65.933661310,1,1
65.933704024,1,0
65.933745274,1,1
65.933766770,0,1
65.933787002,0,0
65.933828246,0,1
65.933869976,0,0
65.933911222,0,1
65.933934526,1,1
65.933953930,1,0
65.933995172,1,1
65.934037890,1,0
65.934079130,1,1
65.934100630,0,1
65.934120862,0,0
65.934162112,0,1
65.934203838,0,0
65.934247558,0,1
65.934270868,1,1
65.934290274,1,0
65.934328552,1,1
65.934371268,1,0
65.934415970,1,1
65.934433652,1,0
65.938322818,1,1
65.970873854,1,0
65.971147024,0,0
65.971922304,0,1
65.972022322,0,0
65.972024516,1,0
65.972063574,1,1
65.972105304,1,0
65.972106774,0,0
65.972146564,0,1
65.972189284,0,0
65.972190622,1,0
65.972230536,1,1
65.972272264,1,0
65.972313514,1,1
65.972355240,1,0
65.972356426,0,0
65.972396500,0,1
65.972439214,0,0
65.972441280,1,0
65.972480458,1,1
65.972522188,1,0
65.972563432,1,1
65.972605160,1,0
65.972646402,1,1
65.972689608,1,0
65.972730846,1,1
65.972773556,1,0
65.972814800,1,1
65.972848146,0,1
65.972861462,0,0
65.972902716,0,1
65.972926030,1,1
65.973198332,0,1
65.973210166,0,0
65.973252890,0,1
65.973294610,0,0
65.973335860,0,1
65.973359166,1,1
65.973378572,1,0
65.973419820,1,1
65.973441320,0,1
65.973461554,0,0
65.973502804,0,1
65.973526106,1,1
65.973545510,1,0
65.973586754,1,1
65.973629466,1,0
65.973670708,1,1
65.973713424,1,0
65.973754670,1,1
65.973797382,1,0
65.973838628,1,1
65.973881338,1,0
65.973925046,1,1
65.973967756,1,0
65.974006036,1,1
65.974048746,1,0
65.974093444,1,1
65.974105130,1,0
65.974374346,0,0
65.975149696,0,1
65.975195870,0,0
65.975237132,0,1
65.975279850,0,0
65.975321110,0,1
65.975363828,0,0
65.975405084,0,1
65.975447798,0,0
65.975489052,0,1
65.975531766,0,0
65.975573020,0,1
65.975615732,0,0
65.975656990,0,1
65.975699706,0,0
65.975740960,0,1
65.975783678,0,0
65.975824934,0,1
65.975869132,0,0
65.975871202,1,0
65.975910376,1,1
65.975953094,1,0
65.975994334,1,1
65.976027678,0,1
65.976040994,0,0
65.976082242,0,1
65.976105548,1,1
65.976449218,0,1
65.976461034,0,0
65.976503688,0,1
65.976545342,0,0
65.976586516,0,1
65.976609778,1,1
65.976629152,1,0
65.976670316,1,1
65.976691780,0,1
65.976711976,0,0
65.976753148,0,1
65.976776412,1,1
65.976795786,1,0
65.976836950,1,1
65.976879590,1,0
65.976920756,1,1
65.976963394,1,0
65.977004560,1,1
65.977047188,1,0
65.977088354,1,1
65.977130996,1,0
65.977174640,1,1
65.977217280,1,0
65.977255484,1,1
65.977298122,1,0
65.977342738,1,1
65.977356434,1,0
65.977357682,1,1
66.049526082,0,1
66.049537890,0,0
66.049580524,0,1
66.049622166,0,0
66.049663314,0,1
66.049704946,0,0
66.049746098,0,1
66.049787734,0,0
66.049828886,0,1
66.049870522,0,0
66.049911676,0,1
66.049934928,1,1
66.049954294,1,0
66.049995444,1,1
66.050038066,1,0
66.050079214,1,1
66.050121836,1,0
66.050162986,1,1
66.050205624,1,0
66.050249260,1,1
66.050291896,1,0
66.050330098,1,1
66.050372724,1,0
66.050417326,1,1
66.054049074,0,1
66.054060886,0,0
66.054103522,0,1
66.054126778,1,1
66.054146146,1,0
66.054187306,1,1
66.054229936,1,0
66.054271096,1,1
66.054292552,0,1
66.054312744,0,0
66.054353908,0,1
66.054395550,0,0
66.054436710,0,1
66.054459968,1,1
66.054479338,1,0
66.054520494,1,1
66.054563124,1,0
66.054604280,1,1
66.054625738,0,1
66.054645926,0,0
66.054687084,0,1
66.054728728,0,0
66.054772352,0,1
66.054795612,1,1
66.054814980,1,0
66.054853180,1,1
66.054895810,1,0
66.054940416,1,1
66.062390784,1,0
66.066331956,1,1
66.066890542,0,1
66.066902352,0,0
66.066944988,0,1
66.066986622,0,0
66.067027778,0,1
66.067069420,0,0
66.067110574,0,1
66.067152216,0,0
66.067193380,0,1
66.067235022,0,0
66.067276178,0,1
66.067299436,1,1
66.067318804,1,0
66.067359956,1,1
66.067402582,1,0
66.067443736,1,1
66.067486362,1,0
66.067527514,1,1
66.067570140,1,0
66.067613756,1,1
66.067656382,1,0
66.067694578,1,1
66.067737204,1,0
66.067781802,1,1
66.071414430,0,1
66.071426238,0,0
66.071468868,0,1
66.071510508,0,0
66.071551668,0,1
66.071593308,0,0
66.071634466,0,1
66.071657724,1,1
66.071677092,1,0
66.071718244,1,1
66.071739698,0,1
66.071759890,0,0
66.071801046,0,1
66.071824300,1,1
66.071843668,1,0
66.071884826,1,1
66.071927454,1,0
66.071968604,1,1
66.071990060,0,1
66.072010252,0,0
66.072051410,0,1
66.072093052,0,0
66.072136676,0,1
66.072178318,0,0
66.072216522,0,1
66.072239778,1,1
66.072259148,1,0
66.072303752,1,1
66.079891026,1,0
66.082323610,1,1
66.122796336,0,1
66.122808146,0,0
66.122850770,0,1
66.122874022,1,1
66.122893388,1,0
66.122934538,1,1
66.122977160,1,0
66.123018310,1,1
66.123039764,0,1
66.123059950,0,0
66.123101098,0,1
66.123142736,0,0
66.123183890,0,1
66.123207146,1,1
66.123226512,1,0
66.123267664,1,1
66.123310286,1,0
66.123351430,1,1
66.123372882,0,1
66.123393068,0,0
66.123434220,0,1
66.123475858,0,0
66.123519478,0,1
66.123542732,1,1
66.123562098,1,0
66.123600292,1,1
66.123642914,1,0
66.123687512,1,1
66.123705524,1,0
66.130322504,1,1
66.131206936,0,1
66.131218746,0,0
66.131261380,0,1
66.131303018,0,0
66.131344176,0,1
66.131385814,0,0
66.131426974,0,1
66.131450228,1,1
66.131469596,1,0
66.131510748,1,1
66.131532204,0,1
66.131552394,0,0
66.131593548,0,1
66.131616804,1,1
66.131636172,1,0
66.131677324,1,1
66.131719950,1,0
66.131761104,1,1
66.131782556,0,1
66.131802744,0,0
66.131843898,0,1
66.131885538,0,0
66.131929156,0,1
66.131970796,0,0
66.132008992,0,1
66.132032246,1,1
66.132051614,1,0
66.132096216,1,1
66.132114888,1,0
66.138323384,1,1
66.154523826,1,0
66.154796854,0,0
66.155571720,0,1
66.155743480,0,0
66.155745370,1,0
66.155784640,1,1
66.155826286,1,0
66.155827584,0,0
66.155867446,0,1
66.155910076,0,0
66.155912394,1,0
66.155951232,1,1
66.155992876,1,0
66.156034030,1,1
66.156075672,1,0
66.156077078,0,0
66.156116834,0,1
66.156159464,0,0
66.156160890,1,0
66.156200624,1,1
66.156242274,1,0
66.156283430,1,1
66.156325076,1,0
66.156366228,1,1
66.156409346,1,0
66.156450500,1,1
66.156493126,1,0
66.156534276,1,1
66.156567562,0,1
66.156580852,0,0
66.156622014,0,1
66.156645274,1,1
66.156916978,0,1
66.156928786,0,0
66.156971418,0,1
66.157013056,0,0
66.157054208,0,1
66.157077466,1,1
66.157096832,1,0
66.157137984,1,1
66.157159436,0,1
66.157179626,0,0
66.157220784,0,1
66.157244040,1,1
66.157263408,1,0
66.157304560,1,1
66.157347184,1,0
66.157388340,1,1
66.157430966,1,0
66.157472120,1,1
66.157514746,1,0
66.157555896,1,1
66.157598520,1,0
66.157642132,1,1
66.157684754,1,0
66.157722948,1,1
66.157765572,1,0
66.157810170,1,1
66.157821900,1,0
66.158095074,0,0
66.158870104,0,1
66.158916814,0,0
66.158957982,0,1
66.159000616,0,0
66.159041784,0,1
66.159084418,0,0
66.159086016,1,0
66.159125580,1,1
66.159167222,1,0
66.159169242,0,0
66.159208392,0,1
66.159251018,0,0
66.159292180,0,1
66.159334810,0,0
66.159375972,0,1
66.159418604,0,0
66.159459772,0,1
66.159502402,0,0
66.159543568,0,1
66.159587678,0,0
66.159628848,0,1
66.159668024,0,0
66.159669792,1,0
66.159709180,1,1
66.159742464,0,1
66.159755754,0,0
66.159796916,0,1
66.159820174,1,1
66.160159068,0,1
66.160170896,0,0
66.160213612,0,1
66.160255334,0,0
66.160296564,0,1
66.160319860,1,1
66.160339262,1,0
66.160380488,1,1
66.160401980,0,1
66.160422204,0,0
66.160463432,0,1
66.160486726,1,1
66.160506128,1,0
66.160547356,1,1
66.160590054,1,0
66.160631280,1,1
66.160673978,1,0
66.160715202,1,1
66.160757900,1,0
66.160799122,1,1
66.160841820,1,0
66.160885514,1,1
66.160928210,1,0
66.160966474,1,1
66.161009168,1,0
66.161053850,1,1
66.161068834,1,0
66.161070090,1,1
66.239387372,0,1
66.239399206,0,0
66.239441928,0,1
66.239483650,0,0
66.239524896,0,1
66.239566618,0,0
66.239607860,0,1
66.239649584,0,0
66.239690828,0,1
66.239732548,0,0
66.239773794,0,1
66.239797098,1,1
66.239816502,1,0
66.239857738,1,1
66.239900442,1,0
66.239941678,1,1
66.239984384,1,0
66.240025620,1,1
66.240068330,1,0
66.240112040,1,1
66.240154748,1,0
66.240193028,1,1
66.240235744,1,0
66.240280436,1,1
66.243919304,0,1
66.243931138,0,0
66.243973862,0,1
66.243997164,1,1
66.244016570,1,0
66.244057812,1,1
66.244100524,1,0
66.244141764,1,1
66.244163262,0,1
66.244183494,0,0
66.244224744,0,1
66.244266472,0,0
66.244307720,0,1
66.244331022,1,1
66.244350426,1,0
66.244391670,1,1
66.244434380,1,0
66.244475622,1,1
66.244497118,0,1
66.244517348,0,0
66.244558590,0,1
66.244600316,0,0
66.244644032,0,1
66.244667336,1,1
66.244686740,1,0
66.244725016,1,1
66.244767728,1,0
66.244812426,1,1
66.248451330,0,1
66.248463164,0,0
66.248505886,0,1
66.248529184,1,1
66.248548590,1,0
66.248589828,1,1
66.248632536,1,0
66.248673776,1,1
66.248695270,0,1
66.248715500,0,0
66.248756740,0,1
66.248780044,1,1
66.248799446,1,0
66.248840686,1,1
66.248862180,0,1
66.248882410,0,0
66.248923654,0,1
66.248946956,1,1
66.248966360,1,0
66.249007596,1,1
66.249029092,0,1
66.249049322,0,0
66.249090566,0,1
66.249132294,0,0
66.249176018,0,1
66.249199330,1,1
66.249218738,1,0
66.249257026,1,1
66.249299748,1,0
66.249344456,1,1
66.249362946,1,0
66.250322382,1,1
66.307370176,1,0
66.307374176,0,0
66.308414946,0,1
66.308515402,0,0
66.308517178,1,0
66.308556646,1,1
66.308598366,1,0
66.308599422,0,0
66.308639616,0,1
66.308682326,0,0
66.308684270,1,0
66.308723572,1,1
66.308765296,1,0
66.308806536,1,1
66.308848258,1,0
66.308850052,0,0
66.308889506,0,1
66.308932214,0,0
66.308933894,1,0
66.308973448,1,1
66.308973452,1,0
66.308973456,1,1
66.309015174,1,0
66.309056410,1,1
66.309098132,1,0
66.309139374,1,1
66.309182582,1,0
66.309223820,1,1
66.309266528,1,0
66.309307770,1,1
66.309341112,0,1
66.309354430,0,0
66.309395688,0,1
66.309419002,1,1
66.309691286,0,1
66.309703120,0,0
66.309745842,0,1
66.309787568,0,0
66.309828818,0,1
66.309852120,1,1
66.309871526,1,0
66.309912766,1,1
66.309934262,0,1
66.309954494,0,0
66.309995736,0,1
66.310019042,1,1
66.310038446,1,0
66.310079688,1,1
66.310122394,1,0
66.310163634,1,1
66.310206358,1,0
66.310247606,1,1
66.310290318,1,0
66.310331564,1,1
66.310374272,1,0
66.310417978,1,1
66.310460680,1,0
66.310498948,1,1
66.310541652,1,0
66.310586348,1,1
66.310601704,1,0
66.310874992,0,0
66.311650286,0,1
66.311692710,0,0
66.311733968,0,1
66.311776686,0,0
66.311817942,0,1
66.311860658,0,0
66.311901914,0,1
66.311944626,0,0
66.311985876,0,1
66.312028594,0,0
66.312069848,0,1
66.312112562,0,0
66.312153818,0,1
66.312196536,0,0
66.312237794,0,1
66.312280508,0,0
66.312321760,0,1
66.312365960,0,0
66.312367730,1,0
66.312407206,1,1
66.312449916,1,0
66.312491154,1,1
66.312524502,0,1
66.312537818,0,0
66.312579068,0,1
66.312602374,1,1
66.312946034,0,1
66.312957852,0,0
66.313000512,0,1
66.313042174,0,0
66.313083354,0,1
66.313106622,1,1
66.313125998,1,0
66.313167176,1,1
66.313188648,0,1
66.313208848,0,0
66.313250034,0,1
66.313273298,1,1
66.313292674,1,0
66.313333844,1,1
66.313376484,1,0
66.313417652,1,1
66.313460292,1,0
66.313501458,1,1
66.313544092,1,0
66.313585258,1,1
66.313627894,1,0
66.313671522,1,1
66.313714158,1,0
66.313752364,1,1
66.313795002,1,0
66.313839616,1,1
66.313852984,1,0
66.313854234,1,1
66.362007318,0,1
66.362019128,0,0
66.362061758,0,1
66.362103400,0,0
66.362144560,0,1
66.362186202,0,0
66.362227366,0,1
66.362269012,0,0
66.362310174,0,1
66.362351820,0,0
66.362392980,0,1
66.362416238,1,1
66.362435606,1,0
66.362476760,1,1
66.362519386,1,0
66.362560538,1,1
66.362603166,1,0
66.362644314,1,1
66.362686938,1,0
66.362730556,1,1
66.362773178,1,0
66.362811368,1,1
66.362853992,1,0
66.362898600,1,1
66.366530194,0,1
66.366542002,0,0
66.366584630,0,1
66.366607880,1,1
66.366627246,1,0
66.366668396,1,1
66.366711018,1,0
66.366752168,1,1
66.366773622,0,1
66.366793810,0,0
66.366834964,0,1
66.366858218,1,1
66.366877582,1,0
66.366918734,1,1
66.366940188,0,1
66.366960376,0,0
66.367001528,0,1
66.367024782,1,1
66.367044148,1,0
66.367085298,1,1
66.367106752,0,1
66.367126940,0,0
66.367168090,0,1
66.367209734,0,0
66.367253354,0,1
66.367276608,1,1
66.367295974,1,0
66.367334166,1,1
66.367376794,1,0
66.367421392,1,1
66.374766220,0,1
66.374778030,0,0
66.374820664,0,1
66.374843922,1,1
66.374863288,1,0
66.374904444,1,1
66.374947076,1,0
66.374988230,1,1
66.375009684,0,1
66.375029874,0,0
66.375071034,0,1
66.375112678,0,0
66.375153836,0,1
66.375177094,1,1
66.375196466,1,0
66.375237622,1,1
66.375280250,1,0
66.375321406,1,1
66.375342862,0,1
66.375363052,0,0
66.375404206,0,1
66.375445850,0,0
66.375489472,0,1
66.375512726,1,1
66.375532094,1,0
66.375570290,1,1
66.375612920,1,0
66.375657520,1,1
66.375676454,1,0
66.378321782,1,1
66.409179662,0,1
66.409191472,0,0
66.409234096,0,1
66.409275732,0,0
66.409316888,0,1
66.409358520,0,0
66.409399676,0,1
66.409441312,0,0
66.409482464,0,1
66.409524102,0,0
66.409565256,0,1
66.409588506,1,1
66.409607874,1,0
66.409649024,1,1
66.409691648,1,0
66.409732796,1,1
66.409775418,1,0
66.409816566,1,1
66.409859184,1,0
66.409902794,1,1
66.409945414,1,0
66.409983602,1,1
66.410026224,1,0
66.410070818,1,1
66.413703108,0,1
66.413714918,0,0
66.413757544,0,1
66.413799178,0,0
66.413840332,0,1
66.413881970,0,0
66.413923124,0,1
66.413946374,1,1
66.413965742,1,0
66.414006896,1,1
66.414028344,0,1
66.414048528,0,0
66.414089676,0,1
66.414112928,1,1
66.414132294,1,0
66.414173444,1,1
66.414216068,1,0
66.414257218,1,1
66.414278672,0,1
66.414298858,0,0
66.414340008,0,1
66.414381642,0,0
66.414425258,0,1
66.414466896,0,0
66.414505092,0,1
66.414528348,1,1
66.414547714,1,0
66.414592310,1,1
66.421858686,1,0
66.426316258,1,1
66.474817486,1,0
66.475086542,0,0
66.475861516,0,1
66.475994658,0,0
66.475996890,1,0
66.476035812,1,1
66.476077448,1,0
66.476079090,0,0
66.476118610,0,1
66.476161234,0,0
66.476162886,1,0
66.476202392,1,1
66.476244032,1,0
66.476285180,1,1
66.476326816,1,0
66.476328578,0,0
66.476367976,0,1
66.476410602,0,0
66.476412376,1,0
66.476451748,1,1
66.476493384,1,0
66.476534536,1,1
66.476576168,1,0
66.476617300,1,1
66.476660406,1,0
66.476701554,1,1
66.476744182,1,0
66.476785334,1,1
66.476818612,0,1
66.476831898,0,0
66.476873054,0,1
66.476896314,1,1
66.477167988,0,1
66.477179798,0,0
66.477222426,0,1
66.477264062,0,0
66.477305218,0,1
66.477328472,1,1
66.477347838,1,0
66.477388984,1,1
66.477410438,0,1
66.477430626,0,0
66.477471780,0,1
66.477495034,1,1
66.477514402,1,0
66.477555556,1,1
66.477598178,1,0
66.477639328,1,1
66.477681952,1,0
66.477723104,1,1
66.477765728,1,0
66.477806874,1,1
66.477849494,1,0
66.477893104,1,1
66.477935724,1,0
66.477973918,1,1
66.478016538,1,0
66.478061134,1,1
66.478075298,1,0
66.478344424,0,0
66.479119440,0,1
66.479158710,0,0
66.479199876,0,1
66.479242506,0,0
66.479283674,0,1
66.479326304,0,0
66.479328306,1,0
66.479367460,1,1
66.479409100,1,0
66.479410534,0,0
66.479450262,0,1
66.479492884,0,0
66.479534044,0,1
66.479576668,0,0
66.479617826,0,1
66.479660454,0,0
66.479701614,0,1
66.479744238,0,0
66.479785400,0,1
66.479829504,0,0
66.479870662,0,1
66.479909848,0,0
66.479912054,1,0
66.479951014,1,1
66.479984298,0,1
66.479997586,0,0
66.480038746,0,1
66.480062002,1,1
66.480400924,0,1
66.480412750,0,0
66.480455450,0,1
66.480497152,0,0
66.480538372,0,1
66.480561664,1,1
66.480581062,1,0
66.480622284,1,1
66.480643772,0,1
66.480663994,0,0
66.480705222,0,1
66.480728518,1,1
66.480747918,1,0
66.480789142,1,1
66.480831838,1,0
66.480873060,1,1
66.480915754,1,0
66.480956978,1,1
66.480999676,1,0
66.481040900,1,1
66.481083596,1,0
66.481127292,1,1
66.481169988,1,0
66.481208254,1,1
66.481250954,1,0
66.481295636,1,1
66.481310002,1,0
66.481311260,1,1
66.635096176,1,0
66.635365354,0,0
66.636140740,0,1
66.636239840,0,0
66.636241962,1,0
66.636281092,1,1
66.636322818,1,0
66.636324224,0,0
66.636364068,0,1
66.636406782,0,0
66.636409086,1,0
66.636448028,1,1
66.636489750,1,0
66.636530992,1,1
66.636572714,1,0
66.636573870,0,0
66.636613962,0,1
66.636656672,0,0
66.636658724,1,0
66.636697918,1,1
66.636739640,1,0
66.636780880,1,1
66.636822604,1,0
66.636863842,1,1
66.636907042,1,0
66.636948280,1,1
66.636990988,1,0
66.637032230,1,1
66.637065574,0,1
66.637078890,0,0
66.637120142,0,1
66.637143450,1,1
66.637415708,0,1
66.637427540,0,0
66.637470264,0,1
66.637511984,0,0
66.637553226,0,1
66.637576528,1,1
66.637595932,1,0
66.637637172,1,1
66.637658668,0,1
66.637678898,0,0
66.637720140,0,1
66.637743440,1,1
66.637762838,1,0
66.637804070,1,1
66.637846788,1,0
66.637888042,1,1
66.637930764,1,0
66.637972002,1,1
66.638014714,1,0
66.638055952,1,1
66.638098660,1,0
66.638142368,1,1
66.638185076,1,0
66.638223354,1,1
66.638266066,1,0
66.638310762,1,1
66.638323466,1,0
66.638592712,0,0
66.639368076,0,1
66.639410694,0,0
66.639451960,0,1
66.639494680,0,0
66.639535938,0,1
66.639578658,0,0
66.639619916,0,1
66.639662632,0,0
66.639703892,0,1
66.639746606,0,0
66.639787858,0,1
66.639830570,0,0
66.639871824,0,1
66.639914536,0,0
66.639955796,0,1
66.639998518,0,0
66.640039782,0,1
66.640083988,0,0
66.640085588,1,0
66.640125238,1,1
66.640167954,1,0
66.640209214,1,1
66.640242572,0,1
66.640255892,0,0
66.640297150,0,1
66.640320460,1,1
66.640664156,0,1
66.640675972,0,0
66.640718632,0,1
66.640760292,0,0
66.640801466,0,1
66.640824732,1,1
66.640844106,1,0
66.640885280,1,1
66.640906744,0,1
66.640926942,0,0
66.640968114,0,1
66.640991378,1,1
66.641010754,1,0
66.641051924,1,1
66.641094564,1,0
66.641135736,1,1
66.641178378,1,0
66.641219548,1,1
66.641262192,1,0
66.641303362,1,1
66.641346000,1,0
66.641389630,1,1
66.641432270,1,0
66.641470480,1,1
66.641513120,1,0
66.641557732,1,1
66.641570646,1,0
66.641571900,1,1
66.664061384,0,1
66.664073196,0,0
66.664115834,0,1
66.664157478,0,0
66.664198646,0,1
66.664240292,0,0
66.664281456,0,1
66.664304714,1,1
66.664324084,1,0
66.664365242,1,1
66.664386700,0,1
66.664406892,0,0
66.664448052,0,1
66.664471312,1,1
66.664490682,1,0
66.664531838,1,1
66.664574470,1,0
66.664615628,1,1
66.664637082,0,1
66.664657274,0,0
66.664698432,0,1
66.664740078,0,0
66.664783704,0,1
66.664825348,0,0
66.664863554,0,1
66.664886814,1,1
66.664906180,1,0
66.664950788,1,1
66.664968966,1,0
66.666321466,1,1
66.701319036,0,1
66.701330848,0,0
66.701373476,0,1
66.701415112,0,0
66.701456266,0,1
66.701497904,0,0
66.701539060,0,1
66.701580704,0,0
66.701621860,0,1
66.701663498,0,0
66.701704656,0,1
66.701727908,1,1
66.701747276,1,0
66.701788424,1,1
66.701831052,1,0
66.701872204,1,1
66.701914826,1,0
66.701955976,1,1
66.701998598,1,0
66.702042206,1,1
66.702084828,1,0
66.702123018,1,1
66.702165624,1,0
66.702210216,1,1
66.705842930,0,1
66.705854742,0,0
66.705897378,0,1
66.705939020,0,0
66.705980176,0,1
66.706021818,0,0
66.706062978,0,1
66.706086232,1,1
66.706105604,1,0
66.706146760,1,1
66.706168218,0,1
66.706188410,0,0
66.706229574,0,1
66.706252836,1,1
66.706272206,1,0
66.706313366,1,1
66.706355998,1,0
66.706397152,1,1
66.706418608,0,1
66.706438796,0,0
66.706479954,0,1
66.706521596,0,0
66.706565222,0,1
66.706606862,0,0
66.706645064,0,1
66.706668320,1,1
66.706687690,1,0
66.706732290,1,1
66.714410900,1,0
66.722328088,1,1
66.724352560,0,1
66.724364372,0,0
66.724407012,0,1
66.724448658,0,0
66.724489820,0,1
66.724531466,0,0
66.724572628,0,1
66.724614274,0,0
66.724655438,0,1
66.724697084,0,0
66.724738246,0,1
66.724761506,1,1
66.724780876,1,0
66.724822032,1,1
66.724864666,1,0
66.724905824,1,1
66.724948450,1,0
66.724989608,1,1
66.725032234,1,0
66.725075856,1,1
66.725118484,1,0
66.725156682,1,1
66.725199316,1,0
66.725243920,1,1
66.728875592,0,1
66.728887402,0,0
66.728930034,0,1
66.728953290,1,1
66.728972658,1,0
66.729013810,1,1
66.729056434,1,0
66.729097586,1,1
66.729119040,0,1
66.729139228,0,0
66.729180384,0,1
66.729222028,0,0
66.729263188,0,1
66.729286444,1,1
66.729305812,1,0
66.729346968,1,1
66.729389596,1,0
66.729430746,1,1
66.729452200,0,1
66.729472390,0,0
66.729513542,0,1
66.729555182,0,0
66.729598804,0,1
66.729622058,1,1
66.729641426,1,0
66.729679620,1,1
66.729722244,1,0
66.729766842,1,1
66.737052214,1,0
66.738321820,1,1
66.787949232,0,1
66.787961040,0,0
66.788003666,0,1
66.788026920,1,1
66.788046284,1,0
66.788087432,1,1
66.788130056,1,0
66.788171206,1,1
66.788192664,0,1
66.788212852,0,0
66.788254006,0,1
66.788295646,0,0
66.788336802,0,1
66.788360052,1,1
66.788379418,1,0
66.788420560,1,1
66.788463184,1,0
66.788504332,1,1
66.788525782,0,1
66.788545970,0,0
66.788587124,0,1
66.788628764,0,0
66.788672386,0,1
66.788695640,1,1
66.788715010,1,0
66.788753208,1,1
66.788795830,1,0
66.788840430,1,1
66.788858486,1,0
66.794320638,1,1
66.807299088,0,1
66.807310896,0,0
66.807353524,0,1
66.807395162,0,0
66.807436316,0,1
66.807477952,0,0
66.807519104,0,1
66.807542358,1,1
66.807561724,1,0
66.807602872,1,1
66.807624330,0,1
66.807644518,0,0
66.807685672,0,1
66.807708926,1,1
66.807728292,1,0
66.807769446,1,1
66.807812064,1,0
66.807853216,1,1
66.807874668,0,1
66.807894856,0,0
66.807936010,0,1
66.807977648,0,0
66.808021268,0,1
66.808062904,0,0
66.808101102,0,1
66.808124358,1,1
66.808143726,1,0
66.808188328,1,1
66.808206850,1,0
66.810320756,1,1
66.826114488,1,0
66.826118492,0,0
66.827162644,0,1
66.827841802,0,0
66.827843560,1,0
66.827882956,1,1
66.827924598,1,0
66.827925784,0,0
66.827965760,0,1
66.828008384,0,0
66.828010596,1,0
66.828049540,1,1
66.828091178,1,0
66.828132330,1,1
66.828173972,1,0
66.828175302,0,0
66.828215138,0,1
66.828257766,0,0
66.828259128,1,0
66.828298922,1,1
66.828340564,1,0
66.828381714,1,1
66.828423354,1,0
66.828464502,1,1
66.828507620,1,0
66.828548768,1,1
66.828591390,1,0
66.828632534,1,1
66.828665812,0,1
66.828679100,0,0
66.828720260,0,1
66.828743518,1,1
66.829015206,0,1
66.829027016,0,0
66.829069640,0,1
66.829111276,0,0
66.829152430,0,1
66.829175686,1,1
66.829195056,1,0
66.829236208,1,1
66.829257664,0,1
66.829277850,0,0
66.829319000,0,1
66.829342256,1,1
66.829361622,1,0
66.829402772,1,1
66.829445396,1,0
66.829486544,1,1
66.829529164,1,0
66.829570312,1,1
66.829612934,1,0
66.829654080,1,1
66.829696702,1,0
66.829740314,1,1
66.829782932,1,0
66.829821120,1,1
66.829863742,1,0
66.829908350,1,1
66.829920020,1,0
66.830193104,0,0
66.830967948,0,1
66.831014980,0,0
66.831056160,0,1
66.831098802,0,0
66.831139966,0,1
66.831182588,0,0
66.831184802,1,0
66.831223748,1,1
66.831265402,1,0
66.831267030,0,0
66.831306562,0,1
66.831349188,0,0
66.831390350,0,1
66.831432978,0,0
66.831474144,0,1
66.831516770,0,0
66.831557934,0,1
66.831600564,0,0
66.831641730,0,1
66.831685836,0,0
66.831727000,0,1
66.831766180,0,0
66.831768446,1,0
66.831807332,1,1
66.831840614,0,1
66.831853904,0,0
66.831895068,0,1
66.831918326,1,1
66.832257226,0,1
66.832269054,0,0
66.832311752,0,1
66.832353458,0,0
66.832394686,0,1
66.832417980,1,1
66.832437378,1,0
66.832478600,1,1
66.832500092,0,1
66.832520314,0,0
66.832561546,0,1
66.832584840,1,1
66.832604240,1,0
66.832645464,1,1
66.832688164,1,0
66.832729386,1,1
66.832772084,1,0
66.832813308,1,1
66.832856004,1,0
66.832897234,1,1
66.832939936,1,0
66.832983638,1,1
66.833026346,1,0
66.833064614,1,1
66.833107316,1,0
66.833152000,1,1
66.833166122,1,0
66.833167380,1,1
66.907660902,0,1
66.907672736,0,0
66.907715460,0,1
66.907757178,0,0
66.907798418,0,1
66.907840136,0,0
66.907881382,0,1
66.907923104,0,0
66.907964348,0,1
66.908006074,0,0
66.908047318,0,1
66.908070624,1,1
66.908090028,1,0
66.908131268,1,1
66.908173982,1,0
66.908215228,1,1
66.908257940,1,0
66.908299178,1,1
66.908299182,1,0
66.908299184,1,1
66.908341894,1,0
66.908385604,1,1
66.908428318,1,0
66.908466594,1,1
66.908509306,1,0
66.908554004,1,1
66.912193056,0,1
66.912204892,0,0
66.912247614,0,1
66.912270916,1,1
66.912290320,1,0
66.912331560,1,1
66.912374268,1,0
66.912415506,1,1
66.912437004,0,1
66.912457236,0,0
66.912498478,0,1
66.912540202,0,0
66.912581448,0,1
66.912604750,1,1
66.912624154,1,0
66.912665394,1,1
66.912708106,1,0
66.912749348,1,1
66.912770844,0,1
66.912791072,0,0
66.912832318,0,1
66.912874040,0,0
66.912917754,0,1
66.912941060,1,1
66.912960462,1,0
66.912998742,1,1
66.913041450,1,0
66.913086148,1,1
66.920403608,1,0
66.922320340,1,1
66.938025320,0,1
66.938037154,0,0
66.938079876,0,1
66.938121600,0,0
66.938162844,0,1
66.938204574,0,0
66.938245824,0,1
66.938287554,0,0
66.938328804,0,1
66.938370528,0,0
66.938411772,0,1
66.938435076,1,1
66.938454480,1,0
66.938495722,1,1
66.938538436,1,0
66.938579678,1,1
66.938622386,1,0
66.938663626,1,1
66.938706336,1,0
66.938750044,1,1
66.938792754,1,0
66.938831028,1,1
66.938873740,1,0
66.938918432,1,1
66.942558606,0,1
66.942570440,0,0
66.942613164,0,1
66.942654890,0,0
66.942696136,0,1
66.942737862,0,0
66.942779110,0,1
66.942802414,1,1
66.942821822,1,0
66.942863066,1,1
66.942884564,0,1
66.942904794,0,0
66.942946040,0,1
66.942969344,1,1
66.942988752,1,0
66.943029998,1,1
66.943072710,1,0
66.943113956,1,1
66.943135452,0,1
66.943155682,0,0
66.943196934,0,1
66.943238660,0,0
66.943282378,0,1
66.943324102,0,0
66.943362386,0,1
66.943385692,1,1
66.943405098,1,0
66.943449796,1,1
66.951314226,1,0
66.954321752,1,1
67.000366270,0,1
67.000378104,0,0
67.000420828,0,1
67.000444130,1,1
67.000463532,1,0
67.000504770,1,1
67.000547480,1,0
67.000588722,1,1
67.000610216,0,1
67.000630446,0,0
67.000671690,0,1
67.000713412,0,0
67.000754656,0,1
67.000777958,1,1
67.000797362,1,0
67.000838602,1,1
67.000881310,1,0
67.000922546,1,1
67.000944034,0,1
67.000964260,0,0
67.001005500,0,1
67.001047230,0,0
67.001090938,0,1
67.001114238,1,1
67.001133640,1,0
67.001171916,1,1
67.001214628,1,0
67.001259322,1,1
67.001277206,1,0
67.002320498,1,1
67.004899944,0,1
67.004911778,0,0
67.004954506,0,1
67.004996230,0,0
67.005037478,0,1
67.005079206,0,0
67.005120456,0,1
67.005143766,1,1
67.005163172,1,0
67.005204420,1,1
67.005225920,0,1
67.005246154,0,0
67.005287400,0,1
67.005310706,1,1
67.005330112,1,0
67.005371358,1,1
67.005414074,1,0
67.005455314,1,1
67.005476812,0,1
67.005497046,0,0
67.005538298,0,1
67.005580024,0,0
67.005623744,0,1
67.005665470,0,0
67.005703758,0,1
67.005727060,1,1
67.005746464,1,0
67.005791166,1,1
67.005809334,1,0
67.010320596,1,1
67.026004048,1,0
67.026277306,0,0
67.027052658,0,1
67.027346756,0,0
67.027348248,1,0
67.027388010,1,1
67.027429738,1,0
67.027431520,0,0
67.027470994,0,1
67.027513708,0,0
67.027515360,1,0
67.027554958,1,1
67.027596686,1,0
67.027637934,1,1
67.027679660,1,0
67.027681120,0,0
67.027720914,0,1
67.027763626,0,0
67.027764966,1,0
67.027804874,1,1
67.027846602,1,0
67.027887846,1,1
67.027929572,1,0
67.027970814,1,1
67.028014022,1,0
67.028055266,1,1
67.028097980,1,0
67.028139220,1,1
67.028172570,0,1
67.028185890,0,0
67.028227148,0,1
67.028250466,1,1
67.028522756,0,1
67.028534590,0,0
67.028577302,0,1
67.028619018,0,0
67.028660266,0,1
67.028683576,1,1
67.028702986,1,0
67.028744226,1,1
67.028765718,0,1
67.028785948,0,0
67.028827192,0,1
67.028850498,1,1
67.028869902,1,0
67.028911146,1,1
67.028953858,1,0
67.028995102,1,1
67.029037812,1,0
67.029079056,1,1
67.029121768,1,0
67.029163010,1,1
67.029205724,1,0
67.029249440,1,1
67.029292154,1,0
67.029330434,1,1
67.029373148,1,0
67.029417846,1,1
67.029432870,1,0
67.029706122,0,0
67.030481532,0,1
67.030524294,0,0
67.030565554,0,1
67.030608274,0,0
67.030649534,0,1
67.030692256,0,0
67.030733516,0,1
67.030776234,0,0
67.030817494,0,1
67.030860210,0,0
67.030901466,0,1
67.030944186,0,0
67.030985444,0,1
67.031028162,0,0
67.031069424,0,1
67.031112140,0,0
67.031153396,0,1
67.031197600,0,0
67.031199056,1,0
67.031238858,1,1
67.031281578,1,0
67.031322826,1,1
67.031356182,0,1
67.031369500,0,0
67.031410754,0,1
67.031434066,1,1
67.031777774,0,1
67.031789590,0,0
67.031832246,0,1
67.031873906,0,0
67.031915080,0,1
67.031938348,1,1
67.031957720,1,0
67.031998894,1,1
67.032020356,0,1
67.032040552,0,0
67.032081726,0,1
67.032104990,1,1
67.032124364,1,0
67.032165536,1,1
67.032208180,1,0
67.032249350,1,1
67.032291990,1,0
67.032333156,1,1
67.032375796,1,0
67.032416964,1,1
67.032459600,1,0
67.032503232,1,1
67.032545868,1,0
67.032584076,1,1
67.032626712,1,0
67.032671330,1,1
67.032684262,1,0
67.032685512,1,1
67.113792272,0,1
67.113804086,0,0
67.113846732,0,1
67.113888382,0,0
67.113929550,0,1
67.113971206,0,0
67.114012382,0,1
67.114054044,0,0
67.114095220,0,1
67.114136876,0,0
67.114178052,0,1
67.114201318,1,1
67.114220696,1,0
67.114261872,1,1
67.114304522,1,0
67.114345696,1,1
67.114388342,1,0
67.114429510,1,1
67.114472156,1,0
67.114515790,1,1
67.114558436,1,0
67.114596644,1,1
67.114639288,1,0
67.114683908,1,1
67.118317006,0,1
67.118328822,0,0
67.118371474,0,1
67.118394740,1,1
67.118414114,1,0
67.118455280,1,1
67.118497924,1,0
67.118539096,1,1
67.118560562,0,1
67.118580758,0,0
67.118621936,0,1
67.118663600,0,0
67.118704776,0,1
67.118728042,1,1
67.118747416,1,0
67.118788590,1,1
67.118831234,1,0
67.118872400,1,1
67.118893870,0,1
67.118914068,0,0
67.118955248,0,1
67.118996904,0,0
67.119040550,0,1
67.119063816,1,1
67.119083192,1,0
67.119121402,1,1
67.119164046,1,0
67.119208668,1,1
67.122842042,0,1
67.122853856,0,0
67.122896506,0,1
67.122919772,1,1
67.122939148,1,0
67.122980320,1,1
67.123022962,1,0
67.123064132,1,1
67.123085596,0,1
67.123105794,0,0
67.123146966,0,1
67.123170232,1,1
67.123189606,1,0
67.123230780,1,1
67.123252244,0,1
67.123272442,0,0
67.123313614,0,1
67.123336878,1,1
67.123356256,1,0
67.123397428,1,1
67.123418892,0,1
67.123439090,0,0
67.123480266,0,1
67.123521924,0,0
67.123565564,0,1
67.123588830,1,1
67.123608206,1,0
67.123646418,1,1
67.123689060,1,0
67.123733682,1,1
67.123751680,1,0
67.130320300,1,1
67.232044240,0,1
67.232056068,0,0
67.232098756,0,1
67.232140454,0,0
67.232181668,0,1
67.232223362,0,0
67.232264576,0,1
67.232306268,0,0
67.232347474,0,1
67.232389164,0,0
67.232430372,0,1
67.232453654,1,1
67.232473042,1,0
67.232514242,1,1
67.232556912,1,0
67.232598110,1,1
67.232640778,1,0
67.232681976,1,1
67.232724648,1,0
67.232768310,1,1
67.232810982,1,0
67.232849220,1,1
67.232891890,1,0
67.232936544,1,1
67.236573008,0,1
67.236584832,0,0
67.236627512,0,1
67.236669194,0,0
67.236710396,0,1
67.236752080,0,0
67.236793282,0,1
67.236816558,1,1
67.236835946,1,0
67.236877142,1,1
67.236898620,0,1
67.236918830,0,0
67.236960032,0,1
67.236983316,1,1
67.237002704,1,0
67.237043902,1,1
67.237086570,1,0
67.237127768,1,1
67.237149244,0,1
67.237169454,0,0
67.237210654,0,1
67.237252340,0,0
67.237296012,0,1
67.237337696,0,0
67.237375942,0,1
67.237399220,1,1
67.237418608,1,0
67.237463258,1,1
67.244909474,1,0
67.250320498,1,1
67.253035680,0,1
67.253047504,0,0
67.253090184,0,1
67.253131870,0,0
67.253173074,0,1
67.253214760,0,0
67.253255966,0,1
67.253297652,0,0
67.253338854,0,1
67.253380544,0,0
67.253421750,0,1
67.253445032,1,1
67.253464422,1,0
67.253505624,1,1
67.253548298,1,0
67.253589496,1,1
67.253632172,1,0
67.253673376,1,1
67.253716050,1,0
67.253759718,1,1
67.253802394,1,0
67.253840636,1,1
67.253883310,1,0
67.253927968,1,1
67.257563406,0,1
67.257575230,0,0
67.257617914,0,1
67.257641192,1,1
67.257660580,1,0
67.257701782,1,1
67.257744456,1,0
67.257785654,1,1
67.257807134,0,1
67.257827346,0,0
67.257868548,0,1
67.257891830,1,1
67.257911214,1,0
67.257952416,1,1
67.257973896,0,1
67.257994108,0,0
67.258035312,0,1
67.258058592,1,1
67.258077980,1,0
67.258119184,1,1
67.258140660,0,1
67.258160870,0,0
67.258202076,0,1
67.258243772,0,0
67.258287454,0,1
67.258310740,1,1
67.258330130,1,0
67.258368374,1,1
67.258411048,1,0
67.258455700,1,1
67.266537190,1,0
67.274320106,1,1
67.319345136,0,1
67.319356960,0,0
67.319399650,0,1
67.319422934,1,1
67.319442326,1,0
67.319483534,1,1
67.319526210,1,0
67.319567418,1,1
67.319588900,0,1
67.319609112,0,0
67.319650318,0,1
67.319673606,1,1
67.319692996,1,0
67.319734204,1,1
67.319755686,0,1
67.319775900,0,0
67.319817110,0,1
67.319840394,1,1
67.319859786,1,0
67.319900992,1,1
67.319922470,0,1
67.319942684,0,0
67.319983892,0,1
67.320025584,0,0
67.320069260,0,1
67.320092546,1,1
67.320111936,1,0
67.320150180,1,1
67.320192856,1,0
67.320237512,1,1
67.320255894,1,0
67.322320792,1,1
67.369477124,0,1
67.369488940,0,0
67.369531586,0,1
67.369554848,1,1
67.369574222,1,0
67.369615386,1,1
67.369636850,0,1
67.369657046,0,0
67.369698216,0,1
67.369721480,1,1
67.369740854,1,0
67.369782024,1,1
67.369803486,0,1
67.369823684,0,0
67.369864852,0,1
67.369888114,1,1
67.369907492,1,0
67.369948656,1,1
67.369991294,1,0
67.370032458,1,1
67.370053920,0,1
67.370074116,0,0
67.370115284,0,1
67.370156938,0,0
67.370200574,0,1
67.370223838,1,1
67.370243214,1,0
67.370281428,1,1
67.370324072,1,0
67.370368684,1,1
67.370386582,1,0
67.378319048,1,1
67.380307968,0,1
67.380319780,0,0
67.380362424,0,1
67.380404076,0,0
67.380445240,0,1
67.380486894,0,0
67.380528064,0,1
67.380551322,1,1
67.380570696,1,0
67.380611858,1,1
67.380654496,1,0
67.380695660,1,1
67.380717120,0,1
67.380737314,0,0
67.380778480,0,1
67.380801746,1,1
67.380821120,1,0
67.380862284,1,1
67.380883744,0,1
67.380903942,0,0
67.380945108,0,1
67.380986760,0,0
67.381030390,0,1
67.381072048,0,0
67.381110258,0,1
67.381133522,1,1
67.381152896,1,0
67.381197512,1,1
67.381215484,1,0
67.386319292,1,1
67.427890816,0,1
67.427902638,0,0
67.427945322,0,1
67.427987006,0,0
67.428028204,0,1
67.428069890,0,0
67.428111094,0,1
67.428152780,0,0
67.428193988,0,1
67.428235678,0,0
67.428276886,0,1
67.428300168,1,1
67.428319558,1,0
67.428360762,1,1
67.428403436,1,0
67.428444634,1,1
67.428487310,1,0
67.428528510,1,1
67.428571182,1,0
67.428614852,1,1
67.428657524,1,0
67.428695764,1,1
67.428738440,1,0
67.428783092,1,1
67.432418490,0,1
67.432430304,0,0
67.432472958,0,1
67.432496222,1,1
67.432515598,1,0
67.432556766,1,1
67.432578230,0,1
67.432598426,0,0
67.432639596,0,1
67.432662858,1,1
67.432682234,1,0
67.432723396,1,1
67.432744862,0,1
67.432765066,0,0
67.432806262,0,1
67.432829530,1,1
67.432848906,1,0
67.432890088,1,1
67.432932758,1,0
67.432973942,1,1
67.432995406,0,1
67.433015612,0,0
67.433056810,0,1
67.433098478,0,0
67.433142124,0,1
67.433165390,1,1
67.433184766,1,0
67.433222978,1,1
67.433265616,1,0
67.433310238,1,1
67.436943814,0,1
67.436955626,0,0
67.436998278,0,1
67.437039936,0,0
67.437081106,0,1
67.437122762,0,0
67.437163954,0,1
67.437205634,0,0
67.437246814,0,1
67.437288494,0,0
67.437329694,0,1
67.437352964,1,1
67.437372342,1,0
67.437413534,1,1
67.437456204,1,0
67.437497382,1,1
67.437540046,1,0
67.437581244,1,1
67.437623898,1,0
67.437667538,1,1
67.437710188,1,0
67.437748400,1,1
67.437791044,1,0
67.437835666,1,1
67.441469868,0,1
67.441481676,0,0
67.441524302,0,1
67.441565938,0,0
67.441607086,0,1
67.441648720,0,0
67.441689870,0,1
67.441713124,1,1
67.441732488,1,0
67.441773632,1,1
67.441816252,1,0
67.441857398,1,1
67.441878848,0,1
67.441899032,0,0
67.441940180,0,1
67.441963428,1,1
67.441982794,1,0
67.442023936,1,1
67.442045390,0,1
67.442065572,0,0
67.442106722,0,1
67.442148356,0,0
67.442191972,0,1
67.442233614,0,0
67.442271810,0,1
67.442295064,1,1
67.442314432,1,0
67.442359030,1,1
67.449902768,1,0
67.450319006,1,1
67.469765698,0,1
67.469777506,0,0
67.469820128,0,1
67.469861756,0,0
67.469902900,0,1
67.469944532,0,0
67.469985678,0,1
67.470027312,0,0
67.470068462,0,1
67.470110094,0,0
67.470151244,0,1
67.470174494,1,1
67.470193862,1,0
67.470235012,1,1
67.470277622,1,0
67.470318764,1,1
67.470361378,1,0
67.470402516,1,1
67.470445134,1,0
67.470488736,1,1
67.470531352,1,0
67.470569540,1,1
67.470612158,1,0
67.470656746,1,1
67.474287374,0,1
67.474299182,0,0
67.474341808,0,1
67.474365058,1,1
67.474384424,1,0
67.474425566,1,1
67.474468180,1,0
67.474509322,1,1
67.474530772,0,1
67.474550956,0,0
67.474592100,0,1
67.474615350,1,1
67.474634714,1,0
67.474675856,1,1
67.474697308,0,1
67.474717490,0,0
67.474758638,0,1
67.474781888,1,1
67.474801254,1,0
67.474842396,1,1
67.474863846,0,1
67.474884032,0,0
67.474925178,0,1
67.474966808,0,0
67.475010420,0,1
67.475033666,1,1
67.475053034,1,0
67.475091218,1,1
67.475133836,1,0
67.475178426,1,1
67.482861948,1,0
67.490319538,1,1
67.512328744,0,1
67.512340552,0,0
67.512383174,0,1
67.512406424,1,1
67.512425788,1,0
67.512466926,1,1
67.512509544,1,0
67.512550686,1,1
67.512572136,0,1
67.512592320,0,0
67.512633468,0,1
67.512656716,1,1
67.512676082,1,0
67.512717224,1,1
67.512738676,0,1
67.512758860,0,0
67.512800004,0,1
67.512823256,1,1
67.512842620,1,0
67.512883764,1,1
67.512905216,0,1
67.512925400,0,0
67.512966546,0,1
67.513008174,0,0
67.513051786,0,1
67.513075036,1,1
67.513094396,1,0
67.513132580,1,1
67.513175204,1,0
67.513219798,1,1
67.513238832,1,0
67.514319004,1,1
67.520633206,0,1
67.520645014,0,0
67.520687638,0,1
67.520729268,0,0
67.520770414,0,1
67.520812042,0,0
67.520853186,0,1
67.520876436,1,1
67.520895802,1,0
67.520936944,1,1
67.520979560,1,0
67.521020702,1,1
67.521063322,1,0
67.521104464,1,1
67.521147082,1,0
67.521188228,1,1
67.521209682,0,1
67.521229866,0,0
67.521271016,0,1
67.521312648,0,0
67.521356258,0,1
67.521379504,1,1
67.521398870,1,0
67.521437062,1,1
67.521479682,1,0
67.521524276,1,1
67.521542620,1,0
67.522318306,1,1
67.537040242,0,1
67.537052050,0,0
67.537094672,0,1
67.537117922,1,1
67.537137288,1,0
67.537178432,1,1
67.537199888,0,1
67.537220070,0,0
67.537261214,0,1
67.537284464,1,1
67.537303830,1,0
67.537344970,1,1
67.537366422,0,1
67.537386604,0,0
67.537427752,0,1
67.537451000,1,1
67.537470364,1,0
67.537511506,1,1
67.537554126,1,0
67.537595270,1,1
67.537616720,0,1
67.537636904,0,0
67.537678050,0,1
67.537719682,0,0
67.537763292,0,1
67.537786542,1,1
67.537805908,1,0
67.537844092,1,1
67.537886706,1,0
67.537931294,1,1
67.537949148,1,0
67.538319076,1,1
67.617938384,0,1
67.617950190,0,0
67.617992808,0,1
67.618034438,0,0
67.618075590,0,1
67.618117224,0,0
67.618158368,0,1
67.618200002,0,0
67.618241148,0,1
67.618282784,0,0
67.618323936,0,1
67.618347186,1,1
67.618366552,1,0
67.618407700,1,1
67.618450318,1,0
67.618491460,1,1
67.618534076,1,0
67.618575218,1,1
67.618617834,1,0
67.618661440,1,1
67.618704054,1,0
67.618742234,1,1
67.618784846,1,0
67.618829432,1,1
67.622459764,0,1
67.622471570,0,0
67.622514186,0,1
67.622537430,1,1
67.622556790,1,0
67.622597926,1,1
67.622619374,0,1
67.622639556,0,0
67.622680694,0,1
67.622703940,1,1
67.622723302,1,0
67.622764442,1,1
67.622785890,0,1
67.622806072,0,0
67.622847212,0,1
67.622870460,1,1
67.622889824,1,0
67.622930958,1,1
67.622973566,1,0
67.623014704,1,1
67.623036150,0,1
67.623056330,0,0
67.623097470,0,1
67.623139098,0,0
67.623182706,0,1
67.623205954,1,1
67.623225316,1,0
67.623263500,1,1
67.623306112,1,0
67.623350696,1,1
67.631155432,1,0
67.634317774,1,1
67.641684434,0,1
67.641696240,0,0
67.641738858,0,1
67.641762106,1,1
67.641781468,1,0
67.641822606,1,1
67.641844052,0,1
67.641864234,0,0
67.641905378,0,1
67.641928626,1,1
67.641947988,1,0
67.641989128,1,1
67.642010576,0,1
67.642030758,0,0
67.642071898,0,1
67.642095146,1,1
67.642114510,1,0
67.642155644,1,1
67.642198256,1,0
67.642239396,1,1
67.642260846,0,1
67.642281032,0,0
67.642322180,0,1
67.642363806,0,0
67.642407412,0,1
67.642430658,1,1
67.642450020,1,0
67.642488200,1,1
67.642530810,1,0
67.642575392,1,1
67.642594452,1,0
67.650325066,1,1
67.730885184,1,0
67.731154242,0,0
67.731929246,0,1
67.732027918,0,0
67.732029420,1,0
67.732069066,1,1
67.732110700,1,0
67.732112638,0,0
67.732151852,0,1
67.732194474,0,0
67.732196438,1,0
67.732235622,1,1
67.732277252,1,0
67.732318398,1,1
67.732360026,1,0
67.732361150,0,0
67.732401176,0,1
67.732443792,0,0
67.732445954,1,0
67.732484930,1,1
67.732526552,1,0
67.732567686,1,1
67.732609312,1,0
67.732650450,1,1
67.732693556,1,0
67.732734702,1,1
67.732777314,1,0
67.732818456,1,1
67.732851730,0,1
67.732865014,0,0
67.732906160,0,1
67.732929410,1,1
67.733201026,0,1
67.733212834,0,0
67.733255456,0,1
67.733297082,0,0
67.733338222,0,1
67.733361470,1,1
67.733380834,1,0
67.733421974,1,1
67.733443424,0,1
67.733463608,0,0
67.733504752,0,1
67.733528000,1,1
67.733547364,1,0
67.733588496,1,1
67.733631108,1,0
67.733672242,1,1
67.733714856,1,0
67.733755994,1,1
67.733798610,1,0
67.733839746,1,1
67.733882348,1,0
67.733925936,1,1
67.733968554,1,0
67.734006746,1,1
67.734049370,1,0
67.734093954,1,1
67.734106688,1,0
67.734379742,0,0
67.735154598,0,1
67.735200162,0,0
67.735241324,0,1
67.735283948,0,0
67.735325108,0,1
67.735367730,0,0
67.735369526,1,0
67.735408872,1,1
67.735450506,1,0
67.735451740,0,0
67.735491658,0,1
67.735534270,0,0
67.735575422,0,1
67.735618040,0,0
67.735659192,0,1
67.735701812,0,0
67.735742962,0,1
67.735785578,0,0
67.735826730,0,1
67.735870828,0,0
67.735911982,0,1
67.735951152,0,0
67.735953228,1,0
67.735992296,1,1
67.736025570,0,1
67.736038854,0,0
67.736079996,0,1
67.736103242,1,1
67.736442020,0,1
67.736453842,0,0
67.736496526,0,1
67.736538214,0,0
67.736579422,0,1
67.736602708,1,1
67.736622104,1,0
67.736663318,1,1
67.736684802,0,1
67.736705018,0,0
67.736746234,0,1
67.736769522,1,1
67.736788916,1,0
67.736830130,1,1
67.736872816,1,0
67.736914028,1,1
67.736956712,1,0
67.736997918,1,1
67.737040606,1,0
67.737081816,1,1
67.737124500,1,0
67.737168180,1,1
67.737210868,1,0
67.737249116,1,1
67.737291802,1,0
67.737336468,1,1
67.737348926,1,0
67.737350184,1,1
67.764427880,0,1
67.764439706,0,0
67.764482392,0,1
67.764524082,0,0
67.764565290,0,1
67.764606980,0,0
67.764648184,0,1
67.764689874,0,0
67.764731084,0,1
67.764772774,0,0
67.764813996,0,1
67.764837290,1,1
67.764856686,1,0
67.764897904,1,1
67.764940602,1,0
67.764981824,1,1
67.765024520,1,0
67.765065742,1,1
67.765108440,1,0
67.765152128,1,1
67.765194828,1,0
67.765233092,1,1
67.765275786,1,0
67.765320464,1,1
67.768958158,0,1
67.768969990,0,0
67.769012700,0,1
67.769035994,1,1
67.769055392,1,0
67.769096612,1,1
67.769139310,1,0
67.769180532,1,1
67.769202028,0,1
67.769222250,0,0
67.769263476,0,1
67.769286770,1,1
67.769306168,1,0
67.769347386,1,1
67.769368876,0,1
67.769389098,0,0
67.769430324,0,1
67.769453620,1,1
67.769473022,1,0
67.769514242,1,1
67.769535732,0,1
67.769555956,0,0
67.769597182,0,1
67.769638888,0,0
67.769682584,0,1
67.769705878,1,1
67.769725276,1,0
67.769763532,1,1
67.769806232,1,0
67.769850906,1,1
67.777393474,1,0
67.778317436,1,1
67.784604198,0,1
67.784616028,0,0
67.784658736,0,1
67.784700442,0,0
67.784741668,0,1
67.784783380,0,0
67.784824608,0,1
67.784866322,0,0
67.784907554,0,1
67.784949264,0,0
67.784990494,0,1
67.785013790,1,1
67.785033190,1,0
67.785074416,1,1
67.785117116,1,0
67.785158340,1,1
67.785201042,1,0
67.785242270,1,1
67.785284976,1,0
67.785328674,1,1
67.785371372,1,0
67.785409634,1,1
67.785452332,1,0
67.785497014,1,1
67.789134808,0,1
67.789146638,0,0
67.789189346,0,1
67.789212638,1,1
67.789232036,1,0
67.789273262,1,1
67.789294750,0,1
67.789314972,0,0
67.789356202,0,1
67.789379496,1,1
67.789398894,1,0
67.789440118,1,1
67.789461608,0,1
67.789481830,0,0
67.789523056,0,1
67.789546350,1,1
67.789565748,1,0
67.789606974,1,1
67.789649664,1,0
67.789690884,1,1
67.789712374,0,1
67.789732596,0,0
67.789773822,0,1
67.789815528,0,0
67.789859226,0,1
67.789882518,1,1
67.789901918,1,0
67.789940178,1,1
67.789982874,1,0
67.790027554,1,1
67.797999334,1,0
67.802318392,1,1
67.821641212,0,1
67.821653040,0,0
67.821695748,0,1
67.821719042,1,1
67.821738442,1,0
67.821779666,1,1
67.821801154,0,1
67.821821380,0,0
67.821862610,0,1
67.821885904,1,1
67.821905304,1,0
67.821946528,1,1
67.821968022,0,1
67.821988248,0,0
67.822029478,0,1
67.822052772,1,1
67.822072172,1,0
67.822113402,1,1
67.822156100,1,0
67.822197326,1,1
67.822218822,0,1
67.822239048,0,0
67.822280280,0,1
67.822321992,0,0
67.822365696,0,1
67.822388992,1,1
67.822408394,1,0
67.822446654,1,1
67.822489348,1,0
67.822534014,1,1
67.822551966,1,0
67.826317304,1,1
67.880914056,0,1
67.880925888,0,0
67.880968606,0,1
67.880991904,1,1
67.881011306,1,0
67.881052540,1,1
67.881095246,1,0
67.881136476,1,1
67.881157966,0,1
67.881178194,0,0
67.881219440,0,1
67.881242742,1,1
67.881262148,1,0
67.881303386,1,1
67.881324884,0,1
67.881345116,0,0
67.881386354,0,1
67.881409656,1,1
67.881429058,1,0
67.881470290,1,1
67.881491786,0,1
67.881512016,0,0
67.881553250,0,1
67.881594972,0,0
67.881638680,0,1
67.881661976,1,1
67.881681378,1,0
67.881719648,1,1
67.881762356,1,0
67.881807046,1,1
67.881824974,1,0
67.882318220,1,1
67.898776776,1,0
67.899046056,0,0
67.899821552,0,1
67.900588398,0,0
67.900590446,1,0
67.900629644,1,1
67.900671368,1,0
67.900672708,0,0
67.900712616,0,1
67.900755330,0,0
67.900757562,1,0
67.900796572,1,1
67.900838292,1,0
67.900879530,1,1
67.900921252,1,0
67.900922340,0,0
67.900962496,0,1
67.901005210,0,0
67.901007204,1,0
67.901046450,1,1
67.901088168,1,0
67.901129404,1,1
67.901171122,1,0
67.901212372,1,1
67.901255584,1,0
67.901296822,1,1
67.901339532,1,0
67.901380768,1,1
67.901414118,0,1
67.901427434,0,0
67.901468686,0,1
67.901492000,1,1
67.901764294,0,1
67.901776128,0,0
67.901818846,0,1
67.901860568,0,0
67.901901808,0,1
67.901925112,1,1
67.901944518,1,0
67.901985752,1,1
67.902007248,0,1
67.902027476,0,0
67.902068718,0,1
67.902092018,1,1
67.902111424,1,0
67.902152660,1,1
67.902195376,1,0
67.902236616,1,1
67.902279326,1,0
67.902320560,1,1
67.902363264,1,0
67.902404498,1,1
67.902447206,1,0
67.902490910,1,1
67.902533614,1,0
67.902571886,1,1
67.902614594,1,0
67.902659286,1,1
67.902673110,1,0
67.902942330,0,0
67.903717658,0,1
67.903759084,0,0
67.903800338,0,1
67.903843050,0,0
67.903884300,0,1
67.903927014,0,0
67.903968262,0,1
67.904010976,0,0
67.904052228,0,1
67.904094936,0,0
67.904136188,0,1
67.904178904,0,0
67.904220156,0,1
67.904262868,0,0
67.904304120,0,1
67.904346832,0,0
67.904388080,0,1
67.904432272,0,0
67.904434100,1,0
67.904473514,1,1
67.904516222,1,0
67.904557470,1,1
67.904590830,0,1
67.904604148,0,0
67.904645402,0,1
67.904668712,1,1
67.905012378,0,1
67.905024194,0,0
67.905066846,0,1
67.905108498,0,0
67.905149666,0,1
67.905172928,1,1
67.905192304,1,0
67.905233468,1,1
67.905254926,0,1
67.905275118,0,0
67.905316280,0,1
67.905339542,1,1
67.905358914,1,0
67.905400078,1,1
67.905442716,1,0
67.905483884,1,1
67.905526520,1,0
67.905567680,1,1
67.905610316,1,0
67.905651476,1,1
67.905694110,1,0
67.905737734,1,1
67.905780370,1,0
67.905818572,1,1
67.905861204,1,0
67.905905814,1,1
67.905920402,1,0
67.905921656,1,1
67.916750924,0,1
67.916762734,0,0
67.916805370,0,1
67.916847012,0,0
67.916888172,0,1
67.916929816,0,0
67.916970976,0,1
67.917012622,0,0
67.917053780,0,1
67.917095424,0,0
67.917136586,0,1
67.917159842,1,1
67.917179212,1,0
67.917220376,1,1
67.917263006,1,0
67.917304158,1,1
67.917346784,1,0
67.917387942,1,1
67.917430570,1,0
67.917474190,1,1
67.917516824,1,0
67.917555026,1,1
67.917597652,1,0
67.917642254,1,1
67.921274232,0,1
67.921286040,0,0
67.921328678,0,1
67.921351928,1,1
67.921371294,1,0
67.921412436,1,1
67.921455056,1,0
67.921496208,1,1
67.921517662,0,1
67.921537850,0,0
67.921579012,0,1
67.921602268,1,1
67.921621636,1,0
67.921662792,1,1
67.921684246,0,1
67.921704438,0,0
67.921745592,0,1
67.921768844,1,1
67.921788212,1,0
67.921829364,1,1
67.921850820,0,1
67.921871010,0,0
67.921912166,0,1
67.921953804,0,0
67.921997426,0,1
67.922020680,1,1
67.922040048,1,0
67.922078246,1,1
67.922120872,1,0
67.922165478,1,1
67.929864638,1,0
67.930311468,1,1
67.933844680,0,1
67.933856492,0,0
67.933899128,0,1
67.933940766,0,0
67.933981922,0,1
67.934023564,0,0
67.934064720,0,1
67.934106358,0,0
67.934147514,0,1
67.934189154,0,0
67.934230312,0,1
67.934253568,1,1
67.934272936,1,0
67.934314092,1,1
67.934356714,1,0
67.934397864,1,1
67.934440490,1,0
67.934481638,1,1
67.934524262,1,0
67.934567874,1,1
67.934610500,1,0
67.934648696,1,1
67.934691324,1,0
67.934735926,1,1
67.938367500,0,1
67.938379310,0,0
67.938421946,0,1
67.938463588,0,0
67.938504750,0,1
67.938546392,0,0
67.938587550,0,1
67.938610810,1,1
67.938630180,1,0
67.938671338,1,1
67.938713966,1,0
67.938755124,1,1
67.938797754,1,0
67.938838906,1,1
67.938881538,1,0
67.938922692,1,1
67.938944148,0,1
67.938964338,0,0
67.939005500,0,1
67.939047142,0,0
67.939090766,0,1
67.939114022,1,1
67.939133394,1,0
67.939171594,1,1
67.939214228,1,0
67.939258834,1,1
67.947374122,1,0
67.954316914,1,1
67.954814328,0,1
67.954826140,0,0
67.954868776,0,1
67.954910414,0,0
67.954951568,0,1
67.954993208,0,0
67.955034364,0,1
67.955076004,0,0
67.955117160,0,1
67.955158800,0,0
67.955199960,0,1
67.955223218,1,1
67.955242588,1,0
67.955283744,1,1
67.955326370,1,0
67.955367520,1,1
67.955410148,1,0
67.955451294,1,1
67.955493904,1,0
67.955537522,1,1
67.955580154,1,0
67.955618342,1,1
67.955660964,1,0
67.955705562,1,1
67.959337028,0,1
67.959348840,0,0
67.959391472,0,1
67.959414724,1,1
67.959434094,1,0
67.959475246,1,1
67.959496698,0,1
67.959516886,0,0
67.959558038,0,1
67.959581290,1,1
67.959600658,1,0
67.959641808,1,1
67.959663260,0,1
67.959683446,0,0
67.959724602,0,1
67.959747854,1,1
67.959767222,1,0
67.959808374,1,1
67.959850998,1,0
67.959892146,1,1
67.959913600,0,1
67.959933788,0,0
67.959974942,0,1
67.960016580,0,0
67.960060198,0,1
67.960083450,1,1
67.960102820,1,0
67.960141012,1,1
67.960183640,1,0
67.960228244,1,1
67.967962212,1,0
67.970317508,1,1
68.045411212,0,1
68.045423020,0,0
68.045465646,0,1
68.045488896,1,1
68.045508260,1,0
68.045549400,1,1
68.045570850,0,1
68.045591036,0,0
68.045632182,0,1
68.045655432,1,1
68.045674796,1,0
68.045715940,1,1
68.045758556,1,0
68.045799694,1,1
68.045821146,0,1
68.045841328,0,0
68.045882472,0,1
68.045905716,1,1
68.045925078,1,0
68.045966220,1,1
68.045987672,0,1
68.046007856,0,0
68.046049004,0,1
68.046090644,0,0
68.046134260,0,1
68.046157510,1,1
68.046176878,1,0
68.046215072,1,1
68.046257696,1,0
68.046302284,1,1
68.046320584,1,0
68.050316862,1,1
68.056383352,0,1
68.056395160,0,0
68.056437784,0,1
68.056479420,0,0
68.056520570,0,1
68.056543822,1,1
68.056563188,1,0
68.056604336,1,1
68.056646960,1,0
68.056688108,1,1
68.056709562,0,1
68.056729748,0,0
68.056770896,0,1
68.056794148,1,1
68.056813514,1,0
68.056854662,1,1
68.056897286,1,0
68.056938434,1,1
68.056959886,0,1
68.056980076,0,0
68.057021226,0,1
68.057062860,0,0
68.057106476,0,1
68.057129730,1,1
68.057149098,1,0
68.057187292,1,1
68.057229916,1,0
68.057274508,1,1
68.057292186,1,0
68.058317032,1,1
68.064625068,0,1
68.064636876,0,0
68.064679502,0,1
68.064702756,1,1
68.064722122,1,0
68.064763268,1,1
68.064784722,0,1
68.064804906,0,0
68.064846054,0,1
68.064869308,1,1
68.064888672,1,0
68.064929818,1,1
68.064972440,1,0
68.065013584,1,1
68.065056204,1,0
68.065097348,1,1
68.065139970,1,0
68.065181118,1,1
68.065202572,0,1
68.065222758,0,0
68.065263910,0,1
68.065305546,0,0
68.065349164,0,1
68.065390800,0,0
68.065428992,0,1
68.065452244,1,1
68.065471614,1,0
68.065516210,1,1
68.065533788,1,0
68.066316856,1,1
68.115076214,1,0
68.115080218,0,0
68.116124354,0,1
68.116930344,0,0
68.116932092,1,0
68.116971494,1,1
68.117013132,1,0
68.117014308,0,0
68.117054288,0,1
68.117096910,0,0
68.117099126,1,0
68.117138058,1,1
68.117179696,1,0
68.117220842,1,1
68.117262474,1,0
68.117263834,0,0
68.117303630,0,1
68.117346246,0,0
68.117347642,1,0
68.117387392,1,1
68.117429030,1,0
68.117470174,1,1
68.117511806,1,0
68.117552952,1,1
68.117596062,1,0
68.117637208,1,1
68.117679830,1,0
68.117720972,1,1
68.117754248,0,1
68.117767534,0,0
68.117808696,0,1
68.117831960,1,1
68.118103664,0,1
68.118115472,0,0
68.118158090,0,1
68.118199724,0,0
68.118240876,0,1
68.118264126,1,1
68.118283496,1,0
68.118324648,1,1
68.118346104,0,1
68.118366292,0,0
68.118407442,0,1
68.118430694,1,1
68.118450062,1,0
68.118491208,1,1
68.118533826,1,0
68.118574970,1,1
68.118617590,1,0
68.118658734,1,1
68.118701354,1,0
68.118742500,1,1
68.118785120,1,0
68.118828726,1,1
68.118871348,1,0
68.118909536,1,1
68.118952156,1,0
68.118996754,1,1
68.119010626,1,0
68.119283794,0,0
68.120058842,0,1
68.120103118,0,0
68.120144282,0,1
68.120186908,0,0
68.120228070,0,1
68.120270694,0,0
68.120272774,1,0
68.120311846,1,1
68.120353482,1,0
68.120355002,0,0
68.120394640,0,1
68.120437260,0,0
68.120478418,0,1
68.120521040,0,0
68.120562200,0,1
68.120604822,0,0
68.120645980,0,1
68.120688604,0,0
68.120729758,0,1
68.120773858,0,0
68.120815018,0,1
68.120854188,0,0
68.120855562,1,0
68.120895332,1,1
68.120928610,0,1
68.120941898,0,0
68.120983052,0,1
68.121006304,1,1
68.121345160,0,1
68.121356986,0,0
68.121399678,0,1
68.121441380,0,0
68.121482598,0,1
68.121505890,1,1
68.121525284,1,0
68.121566500,1,1
68.121587990,0,1
68.121608210,0,0
68.121649432,0,1
68.121672722,1,1
68.121692120,1,0
68.121733342,1,1
68.121776032,1,0
68.121817248,1,1
68.121859940,1,0
68.121901160,1,1
68.121943852,1,0
68.121985074,1,1
68.122027764,1,0
68.122071450,1,1
68.122114140,1,0
68.122152396,1,1
68.122195084,1,0
68.122239756,1,1
68.122253604,1,0
68.122254864,1,1
68.130690466,0,1
68.130702298,0,0
68.130745008,0,1
68.130786722,0,0
68.130827952,0,1
68.130869664,0,0
68.130910894,0,1
68.130952606,0,0
68.130993836,0,1
68.131035548,0,0
68.131076776,0,1
68.131100072,1,1
68.131119470,1,0
68.131160696,1,1
68.131203404,1,0
68.131244634,1,1
68.131287334,1,0
68.131328560,1,1
68.131371260,1,0
68.131414958,1,1
68.131457660,1,0
68.131495920,1,1
68.131538620,1,0
68.131583300,1,1
68.135218274,0,1
68.135230106,0,0
68.135272814,0,1
68.135296110,1,1
68.135315510,1,0
68.135356736,1,1
68.135378230,0,1
68.135398454,0,0
68.135439682,0,1
68.135462980,1,1
68.135482382,1,0
68.135523610,1,1
68.135566310,1,0
68.135607538,1,1
68.135650240,1,0
68.135691464,1,1
68.135734162,1,0
68.135775384,1,1
68.135796874,0,1
68.135817096,0,0
68.135858322,0,1
68.135900034,0,0
68.135943730,0,1
68.135985438,0,0
68.136023706,0,1
68.136047006,1,1
68.136066406,1,0
68.136111092,1,1
68.144084928,1,0
68.146317230,1,1
68.148322226,0,1
68.148334056,0,0
68.148376764,0,1
68.148418474,0,0
68.148459706,0,1
68.148501420,0,0
68.148542652,0,1
68.148584364,0,0
68.148625596,0,1
68.148667306,0,0
68.148708536,0,1
68.148731830,1,1
68.148751232,1,0
68.148792454,1,1
68.148835138,1,0
68.148876362,1,1
68.148919066,1,0
68.148960292,1,1
68.149002984,1,0
68.149046676,1,1
68.149089370,1,0
68.149127632,1,1
68.149170330,1,0
68.149215016,1,1
68.152853396,0,1
68.152865228,0,0
68.152907952,0,1
68.152949678,0,0
68.152990918,0,1
68.153014220,1,1
68.153033626,1,0
68.153074866,1,1
68.153117576,1,0
68.153158814,1,1
68.153180316,0,1
68.153200548,0,0
68.153241790,0,1
68.153265094,1,1
68.153284500,1,0
68.153325744,1,1
68.153368454,1,0
68.153409692,1,1
68.153431186,0,1
68.153451416,0,0
68.153492660,0,1
68.153534382,0,0
68.153578100,0,1
68.153601402,1,1
68.153620808,1,0
68.153659084,1,1
68.153701798,1,0
68.153746492,1,1
68.161600198,1,0
68.162317282,1,1
68.165714306,0,1
68.165726138,0,0
68.165768852,0,1
68.165810566,0,0
68.165851800,0,1
68.165893512,0,0
68.165934744,0,1
68.165976458,0,0
68.166017692,0,1
68.166059406,0,0
68.166100640,0,1
68.166123940,1,1
68.166143340,1,0
68.166184576,1,1
68.166227280,1,0
68.166268508,1,1
68.166311212,1,0
68.166352438,1,1
68.166395130,1,0
68.166438826,1,1
68.166481526,1,0
68.166519792,1,1
68.166562494,1,0
68.166607182,1,1
68.170245436,0,1
68.170257270,0,0
68.170299988,0,1
68.170323288,1,1
68.170342692,1,0
68.170383924,1,1
68.170405414,0,1
68.170425640,0,0
68.170466876,0,1
68.170490176,1,1
68.170509576,1,0
68.170550810,1,1
68.170593518,1,0
68.170634756,1,1
68.170656250,0,1
68.170676478,0,0
68.170717714,0,1
68.170741014,1,1
68.170760416,1,0
68.170801646,1,1
68.170823140,0,1
68.170843366,0,0
68.170884602,0,1
68.170926318,0,0
68.170970020,0,1
68.170993322,1,1
68.171012724,1,0
68.171050994,1,1
68.171093694,1,0
68.171138378,1,1
68.179118086,1,0
68.186317610,1,1
68.219032220,0,1
68.219044052,0,0
68.219086768,0,1
68.219110066,1,1
68.219129470,1,0
68.219170706,1,1
68.219192200,0,1
68.219212428,0,0
68.219253670,0,1
68.219276970,1,1
68.219296372,1,0
68.219337606,1,1
68.219380316,1,0
68.219421552,1,1
68.219443046,0,1
68.219463274,0,0
68.219504516,0,1
68.219527814,1,1
68.219547218,1,0
68.219588450,1,1
68.219609944,0,1
68.219630172,0,0
68.219671412,0,1
68.219713130,0,0
68.219756840,0,1
68.219780138,1,1
68.219799542,1,0
68.219837808,1,1
68.219880514,1,0
68.219925204,1,1
68.219943988,1,0
68.226316170,1,1
68.231025330,0,1
68.231037164,0,0
68.231079882,0,1
68.231103184,1,1
68.231122584,1,0
68.231163824,1,1
68.231185318,0,1
68.231205552,0,0
68.231246790,0,1
68.231270094,1,1
68.231289496,1,0
68.231330734,1,1
68.231373440,1,0
68.231414676,1,1
68.231457384,1,0
68.231498622,1,1
68.231541330,1,0
68.231582566,1,1
68.231604060,0,1
68.231624288,0,0
68.231665526,0,1
68.231707248,0,0
68.231750962,0,1
68.231792684,0,0
68.231830966,0,1
68.231854270,1,1
68.231873674,1,0
68.231918366,1,1
68.231937560,1,0
68.234316652,1,1
68.235558142,0,1
68.235569974,0,0
68.235612694,0,1
68.235654416,0,0
68.235695662,0,1
68.235718962,1,1
68.235738368,1,0
68.235779612,1,1
68.235822324,1,0
68.235863564,1,1
68.235885066,0,1
68.235905298,0,0
68.235946546,0,1
68.235969854,1,1
68.235989260,1,0
68.236030506,1,1
68.236073220,1,0
68.236114458,1,1
68.236135954,0,1
68.236156182,0,0
68.236197426,0,1
68.236239152,0,0
68.236282868,0,1
68.236306172,1,1
68.236325578,1,0
68.236363852,1,1
68.236406560,1,0
68.236451252,1,1
68.236469360,1,0
68.242317100,1,1
68.351283924,0,1
68.351295758,0,0
68.351338482,0,1
68.351380206,0,0
68.351421454,0,1
68.351463176,0,0
68.351504426,0,1
68.351546150,0,0
68.351587396,0,1
68.351629118,0,0
68.351670364,0,1
68.351693666,1,1
68.351713070,1,0
68.351754310,1,1
68.351797024,1,0
68.351838264,1,1
68.351880976,1,0
68.351922216,1,1
68.351964924,1,0
68.352008630,1,1
68.352051338,1,0
68.352089610,1,1
68.352132320,1,0
68.352177020,1,1
68.355816062,0,1
68.355827898,0,0
68.355870624,0,1
68.355893924,1,1
68.355913330,1,0
68.355954570,1,1
68.355976066,0,1
68.355996294,0,0
68.356037532,0,1
68.356060836,1,1
68.356080240,1,0
68.356121478,1,1
68.356164186,1,0
68.356205432,1,1
68.356226930,0,1
68.356247160,0,0
68.356288404,0,1
68.356311708,1,1
68.356331112,1,0
68.356372354,1,1
68.356393850,0,1
68.356414078,0,0
68.356455320,0,1
68.356497044,0,0
68.356540758,0,1
68.356564060,1,1
68.356583462,1,0
68.356621742,1,1
68.356664450,1,0
68.356709146,1,1
68.364568738,1,0
68.370316104,1,1
68.396550738,0,1
68.396562574,0,0
68.396605300,0,1
68.396628602,1,1
68.396648002,1,0
68.396689234,1,1
68.396710732,0,1
68.396730960,0,0
68.396772202,0,1
68.396795504,1,1
68.396814908,1,0
68.396856150,1,1
68.396898858,1,0
68.396940092,1,1
68.396961586,0,1
68.396981816,0,0
68.397023060,0,1
68.397046358,1,1
68.397065764,1,0
68.397107004,1,1
68.397128500,0,1
68.397148730,0,0
68.397189976,0,1
68.397231702,0,0
68.397275414,0,1
68.397298714,1,1
68.397318118,1,0
68.397356390,1,1
68.397399098,1,0
68.397443790,1,1
68.397462270,1,0
68.402315730,1,1
68.485800212,0,1
68.485812048,0,0
68.485854770,0,1
68.485896496,0,0
68.485937748,0,1
68.485979474,0,0
68.486020722,0,1
68.486062450,0,0
68.486103696,0,1
68.486145426,0,0
68.486186674,0,1
68.486209984,1,1
68.486229388,1,0
68.486270634,1,1
68.486313348,1,0
68.486354592,1,1
68.486397304,1,0
68.486438544,1,1
68.486481258,1,0
68.486524976,1,1
68.486567688,1,0
68.486605968,1,1
68.486648682,1,0
68.486693378,1,1
68.490332272,0,1
68.490344106,0,0
68.490386830,0,1
68.490428554,0,0
68.490469798,0,1
68.490493106,1,1
68.490512508,1,0
68.490553750,1,1
68.490596464,1,0
68.490637704,1,1
68.490659202,0,1
68.490679432,0,0
68.490720680,0,1
68.490743984,1,1
68.490763386,1,0
68.490804624,1,1
68.490847338,1,0
68.490888580,1,1
68.490910074,0,1
68.490930304,0,0
68.490971548,0,1
68.491013268,0,0
68.491056982,0,1
68.491080284,1,1
68.491099690,1,0
68.491137968,1,1
68.491180676,1,0
68.491225386,1,1
68.498494318,1,0
68.506316570,1,1
68.556573526,0,1
68.556585360,0,0
68.556628086,0,1
68.556669812,0,0
68.556711054,0,1
68.556734362,1,1
68.556753766,1,0
68.556795006,1,1
68.556837718,1,0
68.556878962,1,1
68.556900458,0,1
68.556920690,0,0
68.556961940,0,1
68.556985244,1,1
68.557004648,1,0
68.557045896,1,1
68.557088608,1,0
68.557129850,1,1
68.557151350,0,1
68.557171580,0,0
68.557212828,0,1
68.557254554,0,0
68.557298270,0,1
68.557321574,1,1
68.557340980,1,0
68.557379260,1,1
68.557421974,1,0
68.557466676,1,1
68.557485626,1,0
68.562316768,1,1
68.647338304,0,1
68.647350140,0,0
68.647392870,0,1
68.647434602,0,0
68.647475852,0,1
68.647517578,0,0
68.647558828,0,1
68.647600556,0,0
68.647641810,0,1
68.647683536,0,0
68.647724794,0,1
68.647748102,1,1
68.647767510,1,0
68.647808754,1,1
68.647851468,1,0
68.647892718,1,1
68.647935428,1,0
68.647976672,1,1
68.648019386,1,0
68.648063096,1,1
68.648105812,1,0
68.648144092,1,1
68.648186804,1,0
68.648231506,1,1
68.651870996,0,1
68.651882832,0,0
68.651925562,0,1
68.651948870,1,1
68.651968272,1,0
68.652009518,1,1
68.652031016,0,1
68.652051248,0,0
68.652092496,0,1
68.652115804,1,1
68.652135208,1,0
68.652176456,1,1
68.652219172,1,0
68.652260416,1,1
68.652281912,0,1
68.652302144,0,0
68.652343392,0,1
68.652366698,1,1
68.652386102,1,0
68.652427350,1,1
68.652448848,0,1
68.652469082,0,0
68.652510332,0,1
68.652552060,0,0
68.652595778,0,1
68.652619086,1,1
68.652638488,1,0
68.652676768,1,1
68.652719484,1,0
68.652764186,1,1
68.656403788,0,1
68.656415624,0,0
68.656458354,0,1
68.656500080,0,0
68.656541326,0,1
68.656583050,0,0
68.656624302,0,1
68.656666028,0,0
68.656707274,0,1
68.656749002,0,0
68.656790254,0,1
68.656813558,1,1
68.656832964,1,0
68.656874212,1,1
68.656916928,1,0
68.656958174,1,1
68.657000890,1,0
68.657042138,1,1
68.657084850,1,0
68.657128564,1,1
68.657171280,1,0
68.657209566,1,1
68.657252280,1,0
68.657296984,1,1
68.660936566,0,1
68.660948404,0,0
68.660991138,0,1
68.661032870,0,0
68.661074120,0,1
68.661097430,1,1
68.661116838,1,0
68.661158086,1,1
68.661200812,1,0
68.661242068,1,1
68.661263570,0,1
68.661283804,0,0
68.661325058,0,1
68.661348368,1,1
68.661367776,1,0
68.661409024,1,1
68.661451740,1,0
68.661492990,1,1
68.661514488,0,1
68.661534724,0,0
68.661575984,0,1
68.661617714,0,0
68.661661442,0,1
68.661684748,1,1
68.661704154,1,0
68.661742438,1,1
68.661785154,1,0
68.661829858,1,1
68.669511452,1,0
68.674315074,1,1
68.676386916,0,1
68.676398752,0,0
68.676441486,0,1
68.676483214,0,0
68.676524466,0,1
68.676566196,0,0
68.676607448,0,1
68.676649176,0,0
68.676690430,0,1
68.676732158,0,0
68.676773410,0,1
68.676796716,1,1
68.676816124,1,0
68.676857372,1,1
68.676900086,1,0
68.676941334,1,1
68.676984052,1,0
68.677025300,1,1
68.677068022,1,0
68.677111740,1,1
68.677154456,1,0
68.677192744,1,1
68.677235464,1,0
68.677280166,1,1
68.680916874,0,1
68.680928708,0,0
68.680971442,0,1
68.680994752,1,1
68.681014162,1,0
68.681055414,1,1
68.681076914,0,1
68.681097148,0,0
68.681138404,0,1
68.681161710,1,1
68.681181118,1,0
68.681222386,1,1
68.681265130,1,0
68.681306404,1,1
68.681349142,1,0
68.681390398,1,1
68.681433118,1,0
68.681474368,1,1
68.681495866,0,1
68.681516100,0,0
68.681557356,0,1
68.681599086,0,0
68.681642806,0,1
68.681684540,0,0
68.681722834,0,1
68.681746148,1,1
68.681765554,1,0
68.681810266,1,1
68.689080980,1,0
68.690315546,1,1
68.702771794,0,1
68.702783634,0,0
68.702826370,0,1
68.702849678,1,1
68.702869086,1,0
68.702910340,1,1
68.702931840,0,1
68.702952076,0,0
68.702993330,0,1
68.703016640,1,1
68.703036050,1,0
68.703077304,1,1
68.703120020,1,0
68.703161270,1,1
68.703203994,1,0
68.703245244,1,1
68.703287962,1,0
68.703329210,1,1
68.703350706,0,1
68.703370938,0,0
68.703412192,0,1
68.703453924,0,0
68.703497648,0,1
68.703539378,0,0
68.703577668,0,1
68.703600978,1,1
68.703620382,1,0
68.703665090,1,1
68.703683492,1,0
68.706315090,1,1
68.716658176,0,1
68.716670012,0,0
68.716712750,0,1
68.716754482,0,0
68.716795740,0,1
68.716819048,1,1
68.716838458,1,0
68.716879708,1,1
68.716922434,1,0
68.716963684,1,1
68.716985182,0,1
68.717005414,0,0
68.717046670,0,1
68.717069978,1,1
68.717089386,1,0
68.717130638,1,1
68.717173360,1,0
68.717214622,1,1
68.717236124,0,1
68.717256360,0,0
68.717297618,0,1
68.717339354,0,0
68.717383080,0,1
68.717406390,1,1
68.717425798,1,0
68.717464086,1,1
68.717506808,1,0
68.717551518,1,1
68.717569510,1,0
68.722314758,1,1
68.728686794,0,1
68.728698632,0,0
68.728741370,0,1
68.728764678,1,1
68.728784084,1,0
68.728825334,1,1
68.728846832,0,1
68.728867068,0,0
68.728908318,0,1
68.728931626,1,1
68.728951034,1,0
68.728992286,1,1
68.729035000,1,0
68.729076244,1,1
68.729097744,0,1
68.729117978,0,0
68.729159234,0,1
68.729182548,1,1
68.729201958,1,0
68.729243212,1,1
68.729264714,0,1
68.729284950,0,0
68.729326204,0,1
68.729367936,0,0
68.729411662,0,1
68.729434972,1,1
68.729454380,1,0
68.729492666,1,1
68.729535388,1,0
68.729580094,1,1
68.729597946,1,0
68.730319658,1,1
68.733221574,0,1
68.733233410,0,0
68.733276146,0,1
68.733317880,0,0
68.733359136,0,1
68.733400866,0,0
68.733442124,0,1
68.733465434,1,1
68.733484840,1,0
68.733526088,1,1
68.733568812,1,0
68.733610066,1,1
68.733631566,0,1
68.733651798,0,0
68.733693068,0,1
68.733716386,1,1
68.733735798,1,0
68.733777054,1,1
68.733798558,0,1
68.733818792,0,0
68.733860050,0,1
68.733901784,0,0
68.733945512,0,1
68.733987250,0,0
68.734025542,0,1
68.734048850,1,1
68.734068258,1,0
68.734112970,1,1
68.734131524,1,0
68.738315728,1,1
68.795784582,0,1
68.795796418,0,0
68.795839152,0,1
68.795880882,0,0
68.795922134,0,1
68.795963866,0,0
68.796005122,0,1
68.796046850,0,0
68.796088104,0,1
68.796129832,0,0
68.796171084,0,1
68.796194394,1,1
68.796213806,1,0
68.796255060,1,1
68.796297778,1,0
68.796339032,1,1
68.796381752,1,0
68.796423000,1,1
68.796465718,1,0
68.796509438,1,1
68.796552158,1,0
68.796590444,1,1
68.796633162,1,0
68.796677866,1,1
68.800318614,0,1
68.800330450,0,0
68.800373182,0,1
68.800414912,0,0
68.800456166,0,1
68.800497898,0,0
68.800539154,0,1
68.800562464,1,1
68.800581870,1,0
68.800623114,1,1
68.800665834,1,0
68.800707088,1,1
68.800728588,0,1
68.800748822,0,0
68.800790076,0,1
68.800813382,1,1
68.800832790,1,0
68.800874040,1,1
68.800895540,0,1
68.800915776,0,0
68.800957034,0,1
68.800998764,0,0
68.801042490,0,1
68.801084226,0,0
68.801122520,0,1
68.801145830,1,1
68.801165238,1,0
68.801209960,1,1
68.808582734,1,0
68.810314994,1,1
68.813229274,0,1
68.813241112,0,0
68.813283846,0,1
68.813325572,0,0
68.813366818,0,1
68.813408546,0,0
68.813449794,0,1
68.813491520,0,0
68.813532776,0,1
68.813574510,0,0
68.813615766,0,1
68.813639076,1,1
68.813658484,1,0
68.813699734,1,1
68.813742454,1,0
68.813783708,1,1
68.813826428,1,0
68.813867674,1,1
68.813910390,1,0
68.813954106,1,1
68.813996822,1,0
68.814035108,1,1
68.814077822,1,0
68.814122524,1,1
68.817759310,0,1
68.817771148,0,0
68.817813886,0,1
68.817837200,1,1
68.817856610,1,0
68.817897864,1,1
68.817919366,0,1
68.817939602,0,0
68.817980858,0,1
68.818004172,1,1
68.818023578,1,0
68.818064832,1,1
68.818107556,1,0
68.818148812,1,1
68.818191534,1,0
68.818232796,1,1
68.818275524,1,0
68.818316782,1,1
68.818338286,0,1
68.818358524,0,0
68.818399788,0,1
68.818441526,0,0
68.818485258,0,1
68.818526994,0,0
68.818565292,0,1
68.818588600,1,1
68.818608012,1,0
68.818652726,1,1
68.822292934,0,1
68.822304772,0,0
68.822347506,0,1
68.822389238,0,0
68.822430494,0,1
68.822472226,0,0
68.822513482,0,1
68.822555216,0,0
68.822596470,0,1
68.822638204,0,0
68.822679462,0,1
68.822702770,1,1
68.822722180,1,0
68.822763432,1,1
68.822806152,1,0
68.822847404,1,1
68.822890124,1,0
68.822931376,1,1
68.822974096,1,0
68.823017818,1,1
68.823060536,1,0
68.823098826,1,1
68.823141542,1,0
68.823186252,1,1
68.826826238,0,1
68.826838074,0,0
68.826880806,0,1
68.826922536,0,0
68.826963786,0,1
68.826987094,1,1
68.827006504,1,0
68.827047756,1,1
68.827090474,1,0
68.827131720,1,1
68.827153220,0,1
68.827173454,0,0
68.827214708,0,1
68.827238018,1,1
68.827257424,1,0
68.827298674,1,1
68.827341392,1,0
68.827382640,1,1
68.827404144,0,1
68.827424380,0,0
68.827465634,0,1
68.827507362,0,0
68.827551082,0,1
68.827574392,1,1
68.827593800,1,0
68.827632100,1,1
68.827674826,1,0
68.827719536,1,1
68.835368804,1,0
68.842315356,1,1
68.843489358,0,1
68.843501196,0,0
68.843543932,0,1
68.843585664,0,0
68.843626918,0,1
68.843668654,0,0
68.843709910,0,1
68.843751634,0,0
68.843792882,0,1
68.843834612,0,0
68.843875864,0,1
68.843899178,1,1
68.843918588,1,0
68.843959844,1,1
68.844002566,1,0
68.844043818,1,1
68.844086538,1,0
68.844127786,1,1
68.844170504,1,0
68.844214230,1,1
68.844256948,1,0
68.844295234,1,1
68.844337956,1,0
68.844382662,1,1
68.848022608,0,1
68.848034446,0,0
68.848077180,0,1
68.848100486,1,1
68.848119888,1,0
68.848161128,1,1
68.848182630,0,1
68.848202870,0,0
68.848244144,0,1
68.848267456,1,1
68.848286864,1,0
68.848328118,1,1
68.848370840,1,0
68.848412092,1,1
68.848433592,0,1
68.848453824,0,0
68.848495078,0,1
68.848518390,1,1
68.848537800,1,0
68.848579052,1,1
68.848600548,0,1
68.848620784,0,0
68.848662042,0,1
68.848703774,0,0
68.848747498,0,1
68.848770808,1,1
68.848790216,1,0
68.848828504,1,1
68.848871224,1,0
68.848915932,1,1
68.856994546,1,0
68.858315812,1,1
68.861630066,0,1
68.861641902,0,0
68.861684632,0,1
68.861707938,1,1
68.861727346,1,0
68.861768600,1,1
68.861790102,0,1
68.861810338,0,0
68.861851594,0,1
68.861874902,1,1
68.861894312,1,0
68.861935562,1,1
68.861978284,1,0
68.862019538,1,1
68.862062258,1,0
68.862103506,1,1
68.862146226,1,0
68.862187480,1,1
68.862208982,0,1
68.862229218,0,0
68.862270474,0,1
68.862312206,0,0
68.862355934,0,1
68.862397666,0,0
68.862435958,0,1
68.862459268,1,1
68.862478676,1,0
68.862523382,1,1
68.862542476,1,0
68.866314244,1,1
68.872467550,0,1
68.872479388,0,0
68.872522124,0,1
68.872563856,0,0
68.872605112,0,1
68.872628424,1,1
68.872647834,1,0
68.872689088,1,1
68.872731808,1,0
68.872773062,1,1
68.872794562,0,1
68.872814798,0,0
68.872856052,0,1
68.872879364,1,1
68.872898774,1,0
68.872940030,1,1
68.872982752,1,0
68.873024004,1,1
68.873045510,0,1
68.873065746,0,0
68.873107002,0,1
68.873148736,0,0
68.873192472,0,1
68.873215784,1,1
68.873235194,1,0
68.873273484,1,1
68.873316210,1,0
68.873360920,1,1
68.873379378,1,0
68.874314872,1,1
68.890469304,1,0
68.890742498,0,0
68.891517758,0,1
68.891647146,0,0
68.891649182,1,0
68.891688408,1,1
68.891730144,1,0
68.891731434,0,0
68.891771412,0,1
68.891814134,0,0
68.891816288,1,0
68.891855386,1,1
68.891897120,1,0
68.891938374,1,1
68.891980110,1,0
68.891982054,0,0
68.892021378,0,1
68.892064104,0,0
68.892065904,1,0
68.892105364,1,1
68.892147100,1,0
68.892188360,1,1
68.892230100,1,0
68.892271360,1,1
68.892314580,1,0
68.892355838,1,1
68.892398562,1,0
68.892439816,1,1
68.892473176,0,1
68.892486496,0,0
68.892527762,0,1
68.892551078,1,1
68.892823432,0,1
68.892835270,0,0
68.892878002,0,1
68.892919736,0,0
68.892960996,0,1
68.892984308,1,1
68.893003716,1,0
68.893044970,1,1
68.893066472,0,1
68.893086710,0,0
68.893127976,0,1
68.893151284,1,1
68.893170694,1,0
68.893211950,1,1
68.893254678,1,0
68.893295930,1,1
68.893338658,1,0
68.893379912,1,1
68.893422636,1,0
68.893463890,1,1
68.893506616,1,0
68.893550340,1,1
68.893593064,1,0
68.893631358,1,1
68.893674080,1,0
68.893718794,1,1
68.893732718,1,0
68.894001952,0,0
68.894777240,0,1
68.894819078,0,0
68.894860342,0,1
68.894903066,0,0
68.894944328,0,1
68.894987042,0,0
68.895028302,0,1
68.895071020,0,0
68.895112276,0,1
68.895154990,0,0
68.895196250,0,1
68.895238966,0,0
68.895280220,0,1
68.895322936,0,0
68.895364190,0,1
68.895406904,0,0
68.895448162,0,1
68.895492366,0,0
68.895494650,1,0
68.895533620,1,1
68.895576346,1,0
68.895617600,1,1
68.895650958,0,1
68.895664278,0,0
68.895705542,0,1
68.895728852,1,1
68.896072618,0,1
68.896084438,0,0
68.896127106,0,1
68.896168772,0,0
68.896209962,0,1
68.896233236,1,1
68.896252614,1,0
68.896293796,1,1
68.896315264,0,1
68.896335466,0,0
68.896376656,0,1
68.896399920,1,1
68.896419292,1,0
68.896460456,1,1
68.896503106,1,0
68.896544290,1,1
68.896586938,1,0
68.896628118,1,1
68.896670766,1,0
68.896711942,1,1
68.896754590,1,0
68.896798232,1,1
68.896840880,1,0
68.896879100,1,1
68.896921748,1,0
68.896966376,1,1
68.896979654,1,0
68.896980910,1,1
68.904009022,0,1
68.904020840,0,0
68.904063500,0,1
68.904086766,1,1
68.904106144,1,0
68.904147322,1,1
68.904168788,0,1
68.904188990,0,0
68.904230178,0,1
68.904253448,1,1
68.904272826,1,0
68.904314004,1,1
68.904356654,1,0
68.904397830,1,1
68.904419298,0,1
68.904439496,0,0
68.904480676,0,1
68.904503946,1,1
68.904523324,1,0
68.904564500,1,1
68.904585966,0,1
68.904606166,0,0
68.904647350,0,1
68.904689010,0,0
68.904732638,0,1
68.904755904,1,1
68.904775278,1,0
68.904813500,1,1
68.904856148,1,0
68.904900768,1,1
68.904918454,1,0
68.906321848,1,1
68.940488328,0,1
68.940500142,0,0
68.940542792,0,1
68.940584444,0,0
68.940625616,0,1
68.940667272,0,0
68.940708444,0,1
68.940750094,0,0
68.940791266,0,1
68.940832920,0,0
68.940874090,0,1
68.940897350,1,1
68.940916722,1,0
68.940957890,1,1
68.941000522,1,0
68.941041684,1,1
68.941084320,1,0
68.941125482,1,1
68.941168116,1,0
68.941211756,1,1
68.941254398,1,0
68.941292608,1,1
68.941335244,1,0
68.941379854,1,1
68.945012196,0,1
68.945024008,0,0
68.945066646,0,1
68.945089908,1,1
68.945109278,1,0
68.945150442,1,1
68.945171900,0,1
68.945192094,0,0
68.945233262,0,1
68.945256524,1,1
68.945275896,1,0
68.945317056,1,1
68.945359686,1,0
68.945400848,1,1
68.945422306,0,1
68.945442498,0,0
68.945483664,0,1
68.945506928,1,1
68.945526302,1,0
68.945567466,1,1
68.945588926,0,1
68.945609120,0,0
68.945650288,0,1
68.945691938,0,0
68.945735570,0,1
68.945758834,1,1
68.945778208,1,0
68.945816416,1,1
68.945859052,1,0
68.945903668,1,1
68.953809748,1,0
68.954308172,1,1
68.972760494,0,1
68.972772308,0,0
68.972814948,0,1
68.972856592,0,0
68.972897758,0,1
68.972939406,0,0
68.972980572,0,1
68.973022222,0,0
68.973063390,0,1
68.973105038,0,0
68.973146204,0,1
68.973169464,1,1
68.973188838,1,0
68.973230002,1,1
68.973272636,1,0
68.973313800,1,1
68.973356434,1,0
68.973397596,1,1
68.973440228,1,0
68.973483852,1,1
68.973526486,1,0
68.973564692,1,1
68.973607322,1,0
68.973651932,1,1
68.977284268,0,1
68.977296080,0,0
68.977338722,0,1
68.977380368,0,0
68.977421534,0,1
68.977444792,1,1
68.977464162,1,0
68.977505326,1,1
68.977547958,1,0
68.977589116,1,1
68.977610574,0,1
68.977630766,0,0
68.977671928,0,1
68.977695188,1,1
68.977714556,1,0
68.977755716,1,1
68.977798350,1,0
68.977839512,1,1
68.977860970,0,1
68.977881164,0,0
68.977922330,0,1
68.977963980,0,0
68.978007612,0,1
68.978030872,1,1
68.978050244,1,0
68.978088444,1,1
68.978131080,1,0
68.978175692,1,1
68.985735328,1,0
68.986314730,1,1
68.996176306,0,1
68.996188120,0,0
68.996230768,0,1
68.996272414,0,0
68.996313584,0,1
68.996336844,1,1
68.996356216,1,0
68.996397378,1,1
68.996440012,1,0
68.996481172,1,1
68.996502630,0,1
68.996522824,0,0
68.996563986,0,1
68.996587248,1,1
68.996606618,1,0
68.996647782,1,1
68.996690416,1,0
68.996731582,1,1
68.996753040,0,1
68.996773234,0,0
68.996814400,0,1
68.996856046,0,0
68.996899674,0,1
68.996922936,1,1
68.996942308,1,0
68.996980512,1,1
68.997023150,1,0
68.997067760,1,1
68.997086178,1,0
69.002314146,1,1
69.018161870,1,0
69.018165874,0,0
69.019210064,0,1
69.019371210,0,0
69.019372622,1,0
69.019412378,1,1
69.019454030,1,0
69.019455836,0,0
69.019495202,0,1
69.019537834,0,0
69.019539630,1,0
69.019579002,1,1
69.019620648,1,0
69.019661810,1,1
69.019703460,1,0
69.019705326,0,0
69.019744628,0,1
69.019787262,0,0
69.019789138,1,0
69.019828424,1,1
69.019870074,1,0
69.019911236,1,1
69.019952886,1,0
69.019994046,1,1
69.020037170,1,0
69.020078326,1,1
69.020120958,1,0
69.020162120,1,1
69.020195410,0,1
69.020208704,0,0
69.020249880,0,1
69.020273148,1,1
69.020544896,0,1
69.020556706,0,0
69.020599340,0,1
69.020640982,0,0
69.020682144,0,1
69.020705406,1,1
69.020724776,1,0
69.020765940,1,1
69.020787400,0,1
69.020807592,0,0
69.020848756,0,1
69.020872014,1,1
69.020891384,1,0
69.020932546,1,1
69.020975178,1,0
69.021016336,1,1
69.021058970,1,0
69.021100128,1,1
69.021142760,1,0
69.021183918,1,1
69.021226562,1,0
69.021270190,1,1
69.021312824,1,0
69.021351024,1,1
69.021393658,1,0
69.021438268,1,1
69.021451986,1,0
69.021725066,0,0
69.022499850,0,1
69.022545000,0,0
69.022586182,0,1
69.022628824,0,0
69.022670002,0,1
69.022712642,0,0
69.022714732,1,0
69.022753808,1,1
69.022795458,1,0
69.022796926,0,0
69.022836634,0,1
69.022879270,0,0
69.022920444,0,1
69.022963084,0,0
69.023004262,0,1
69.023046898,0,0
69.023088076,0,1
69.023130714,0,0
69.023171890,0,1
69.023216012,0,0
69.023257192,0,1
69.023296376,0,0
69.023298338,1,0
69.023337542,1,1
69.023370834,0,1
69.023384128,0,0
69.023425298,0,1
69.023448558,1,1
69.023787540,0,1
69.023799370,0,0
69.023842080,0,1
69.023883796,0,0
69.023925034,0,1
69.023948334,1,1
69.023967736,1,0
69.024008974,1,1
69.024030468,0,1
69.024050694,0,0
69.024091930,0,1
69.024115228,1,1
69.024134630,1,0
69.024175868,1,1
69.024218580,1,0
69.024259818,1,1
69.024302528,1,0
69.024343762,1,1
69.024386470,1,0
69.024427706,1,1
69.024470414,1,0
69.024514116,1,1
69.024556822,1,0
69.024595090,1,1
69.024637796,1,0
69.024682490,1,1
69.024698072,1,0
69.024699324,1,1
69.124463048,0,1
69.124474884,0,0
69.124517612,0,1
69.124559340,0,0
69.124600590,0,1
69.124642316,0,0
69.124683568,0,1
69.124725296,0,0
69.124766544,0,1
69.124808272,0,0
69.124849520,0,1
69.124872826,1,1
69.124892232,1,0
69.124933482,1,1
69.124976196,1,0
69.125017442,1,1
69.125060158,1,0
69.125101404,1,1
69.125144118,1,0
69.125187834,1,1
69.125230554,1,0
69.125268840,1,1
69.125311550,1,0
69.125356250,1,1
69.128992886,0,1
69.129004722,0,0
69.129047446,0,1
69.129070748,1,1
69.129090152,1,0
69.129131396,1,1
69.129152894,0,1
69.129173128,0,0
69.129214380,0,1
69.129237686,1,1
69.129257094,1,0
69.129298338,1,1
69.129341048,1,0
69.129382288,1,1
69.129425000,1,0
69.129466242,1,1
69.129508952,1,0
69.129550198,1,1
69.129571698,0,1
69.129591930,0,0
69.129633178,0,1
69.129674906,0,0
69.129718620,0,1
69.129760344,0,0
69.129798628,0,1
69.129821934,1,1
69.129841338,1,0
69.129886036,1,1
69.137165986,1,0
69.138313706,1,1
69.153403158,0,1
69.153414994,0,0
69.153457720,0,1
69.153481028,1,1
69.153500434,1,0
69.153541684,1,1
69.153563184,0,1
69.153583416,0,0
69.153624664,0,1
69.153647974,1,1
69.153667380,1,0
69.153708628,1,1
69.153751344,1,0
69.153792596,1,1
69.153835314,1,0
69.153876562,1,1
69.153919284,1,0
69.153960536,1,1
69.153982032,0,1
69.154002266,0,0
69.154043522,0,1
69.154085252,0,0
69.154128970,0,1
69.154170700,0,0
69.154208996,0,1
69.154232308,1,1
69.154251716,1,0
69.154296428,1,1
69.154314226,1,0
69.162321784,1,1
69.177844720,1,0
69.178117962,0,0
69.178893244,0,1
69.179012284,0,0
69.179014610,1,0
69.179053540,1,1
69.179095280,1,0
69.179096868,0,0
69.179136542,0,1
69.179179258,0,0
69.179180706,1,0
69.179220514,1,1
69.179262246,1,0
69.179303496,1,1
69.179345228,1,0
69.179346502,0,0
69.179386488,0,1
69.179429210,0,0
69.179431354,1,0
69.179470462,1,1
69.179512198,1,0
69.179553450,1,1
69.179595182,1,0
69.179636432,1,1
69.179679646,1,0
69.179720896,1,1
69.179763616,1,0
69.179804866,1,1
69.179838220,0,1
69.179851538,0,0
69.179892800,0,1
69.179916114,1,1
69.180188432,0,1
69.180200270,0,0
69.180243004,0,1
69.180284734,0,0
69.180325990,0,1
69.180349300,1,1
69.180368706,1,0
69.180409958,1,1
69.180431458,0,1
69.180451694,0,0
69.180492946,0,1
69.180516254,1,1
69.180535662,1,0
69.180576914,1,1
69.180619632,1,0
69.180660882,1,1
69.180703602,1,0
69.180744848,1,1
69.180787570,1,0
69.180828820,1,1
69.180871538,1,0
69.180915258,1,1
69.180957982,1,0
69.180996266,1,1
69.181038986,1,0
69.181083696,1,1
69.181095970,1,0
69.181369264,0,0
69.182144530,0,1
69.182183984,0,0
69.182225260,0,1
69.182267990,0,0
69.182309258,0,1
69.182351984,0,0
69.182393248,0,1
69.182435972,0,0
69.182477238,0,1
69.182519952,0,0
69.182561204,0,1
69.182603932,0,0
69.182645206,0,1
69.182687926,0,0
69.182729186,0,1
69.182771908,0,0
69.182813176,0,1
69.182857380,0,0
69.182858912,1,0
69.182898640,1,1
69.182941362,1,0
69.182982614,1,1
69.183015970,0,1
69.183029292,0,0
69.183070556,0,1
69.183093872,1,1
69.183437644,0,1
69.183449462,0,0
69.183492126,0,1
69.183533792,0,0
69.183574976,0,1
69.183598244,1,1
69.183617620,1,0
69.183658796,1,1
69.183680262,0,1
69.183700462,0,0
69.183741640,0,1
69.183764908,1,1
69.183784282,1,0
69.183825458,1,1
69.183868106,1,0
69.183909280,1,1
69.183951932,1,0
69.183993120,1,1
69.184035770,1,0
69.184076952,1,1
69.184119600,1,0
69.184163238,1,1
69.184205890,1,0
69.184244106,1,1
69.184286752,1,0
69.184331378,1,1
69.184347010,1,0
69.184348264,1,1
69.199664584,0,1
69.199676400,0,0
69.199719048,0,1
69.199760696,0,0
69.199801868,0,1
69.199843520,0,0
69.199884690,0,1
69.199907954,1,1
69.199927328,1,0
69.199968494,1,1
69.200011134,1,0
69.200052304,1,1
69.200073764,0,1
69.200093960,0,0
69.200135132,0,1
69.200158394,1,1
69.200177770,1,0
69.200218948,1,1
69.200240410,0,1
69.200260608,0,0
69.200301782,0,1
69.200343436,0,0
69.200387074,0,1
69.200428730,0,0
69.200466948,0,1
69.200490212,1,1
69.200509586,1,0
69.200554208,1,1
69.200572960,1,0
69.202313168,1,1
69.285372036,0,1
69.285383848,0,0
69.285426480,0,1
69.285468118,0,0
69.285509278,0,1
69.285550920,0,0
69.285592082,0,1
69.285633724,0,0
69.285674888,0,1
69.285716532,0,0
69.285757694,0,1
69.285780952,1,1
69.285800320,1,0
69.285841478,1,1
69.285884110,1,0
69.285925268,1,1
69.285967900,1,0
69.286009054,1,1
69.286051688,1,0
69.286095306,1,1
69.286137934,1,0
69.286176134,1,1
69.286218766,1,0
69.286263372,1,1
69.289892254,0,1
69.289904064,0,0
69.289946698,0,1
69.289969958,1,1
69.289989328,1,0
69.290030482,1,1
69.290051938,0,1
69.290072130,0,0
69.290113292,0,1
69.290136548,1,1
69.290155918,1,0
69.290197080,1,1
69.290239716,1,0
69.290280878,1,1
69.290323510,1,0
69.290364674,1,1
69.290407304,1,0
69.290448464,1,1
69.290469918,0,1
69.290490112,0,0
69.290531274,0,1
69.290572918,0,0
69.290616546,0,1
69.290658192,0,0
69.290696398,0,1
69.290719650,1,1
69.290739022,1,0
69.290783628,1,1
69.298859458,1,0
69.306314544,1,1
69.309231356,0,1
69.309243168,0,0
69.309285806,0,1
69.309327450,0,0
69.309368614,0,1
69.309410258,0,0
69.309451418,0,1
69.309493064,0,0
69.309534226,0,1
69.309575868,0,0
69.309617032,0,1
69.309640288,1,1
69.309659658,1,0
69.309700816,1,1
69.309743444,1,0
69.309784602,1,1
69.309827228,1,0
69.309868386,1,1
69.309911016,1,0
69.309954634,1,1
69.309997262,1,0
69.310035460,1,1
69.310078090,1,0
69.310122696,1,1
69.313755862,0,1
69.313767672,0,0
69.313810312,0,1
69.313851958,0,0
69.313893120,0,1
69.313934762,0,0
69.313975930,0,1
69.313999186,1,1
69.314018556,1,0
69.314059714,1,1
69.314102350,1,0
69.314143508,1,1
69.314164966,0,1
69.314185158,0,0
69.314226328,0,1
69.314249590,1,1
69.314268962,1,0
69.314310126,1,1
69.314331588,0,1
69.314351780,0,0
69.314392948,0,1
69.314434590,0,0
69.314478218,0,1
69.314519866,0,0
69.314558070,0,1
69.314581328,1,1
69.314600700,1,0
69.314645310,1,1
69.322532792,1,0
69.330320516,1,1
69.332966476,0,1
69.332978286,0,0
69.333020924,0,1
69.333044180,1,1
69.333063548,1,0
69.333104706,1,1
69.333126164,0,1
69.333146352,0,0
69.333187514,0,1
69.333210772,1,1
69.333230140,1,0
69.333271294,1,1
69.333313920,1,0
69.333355076,1,1
69.333397704,1,0
69.333438860,1,1
69.333481488,1,0
69.333522644,1,1
69.333544100,0,1
69.333564290,0,0
69.333605448,0,1
69.333647092,0,0
69.333690714,0,1
69.333732354,0,0
69.333770556,0,1
69.333793810,1,1
69.333813180,1,0
69.333857786,1,1
69.333875140,1,0
69.338314076,1,1
69.353916002,1,0
69.354189154,0,0
69.354964082,0,1
69.355608808,0,0
69.355610860,1,0
69.355649970,1,1
69.355691616,1,0
69.355693072,0,0
69.355732780,0,1
69.355775398,0,0
69.355776846,1,0
69.355816556,1,1
69.355858202,1,0
69.355899362,1,1
69.355941002,1,0
69.355942570,0,0
69.355982160,0,1
69.356024786,0,0
69.356026354,1,0
69.356065944,1,1
69.356107588,1,0
69.356148742,1,1
69.356190390,1,0
69.356231550,1,1
69.356274674,1,0
69.356315834,1,1
69.356358460,1,0
69.356399614,1,1
69.356432898,0,1
69.356446188,0,0
69.356487354,0,1
69.356510616,1,1
69.356782342,0,1
69.356794152,0,0
69.356836788,0,1
69.356878426,0,0
69.356919584,0,1
69.356942844,1,1
69.356962212,1,0
69.357003368,1,1
69.357024822,0,1
69.357045012,0,0
69.357086174,0,1
69.357109428,1,1
69.357128796,1,0
69.357169948,1,1
69.357212582,1,0
69.357253740,1,1
69.357296370,1,0
69.357337530,1,1
69.357380160,1,0
69.357421314,1,1
69.357463944,1,0
69.357507566,1,1
69.357550192,1,0
69.357588392,1,1
69.357631020,1,0
69.357675622,1,1
69.357689096,1,0
69.357962190,0,0
69.358737036,0,1
69.358782262,0,0
69.358823442,0,1
69.358866076,0,0
69.358907252,0,1
69.358949888,0,0
69.358951916,1,0
69.358991050,1,1
69.359032698,1,0
69.359034122,0,0
69.359073866,0,1
69.359116498,0,0
69.359157666,0,1
69.359200304,0,0
69.359241480,0,1
69.359284116,0,0
69.359325290,0,1
69.359367926,0,0
69.359409100,0,1
69.359453218,0,0
69.359494392,0,1
69.359533578,0,0
69.359535558,1,0
69.359574742,1,1
69.359608032,0,1
69.359621324,0,0
69.359662494,0,1
69.359685756,1,1
69.360024716,0,1
69.360036544,0,0
69.360079248,0,1
69.360120958,0,0
69.360162190,0,1
69.360185488,1,1
69.360204894,1,0
69.360246128,1,1
69.360267620,0,1
69.360287846,0,0
69.360329080,0,1
69.360352380,1,1
69.360371784,1,0
69.360413014,1,1
69.360455720,1,0
69.360496954,1,1
69.360539658,1,0
69.360580886,1,1
69.360623594,1,0
69.360664830,1,1
69.360707530,1,0
69.360751236,1,1
69.360793938,1,0
69.360832208,1,1
69.360874918,1,0
69.360919610,1,1
69.360935184,1,0
69.360936436,1,1
69.376271084,0,1
69.376282916,0,0
69.376325638,0,1
69.376367360,0,0
69.376408602,0,1
69.376450324,0,0
69.376491568,0,1
69.376514870,1,1
69.376534274,1,0
69.376575514,1,1
69.376618224,1,0
69.376659460,1,1
69.376680958,0,1
69.376701186,0,0
69.376742432,0,1
69.376765736,1,1
69.376785138,1,0
69.376826376,1,1
69.376847872,0,1
69.376868102,0,0
69.376909344,0,1
69.376951066,0,0
69.376994778,0,1
69.377036498,0,0
69.377074774,0,1
69.377098074,1,1
69.377117478,1,0
69.377162170,1,1
69.377180114,1,0
69.378313190,1,1
69.472745354,0,1
69.472757188,0,0
69.472799912,0,1
69.472841634,0,0
69.472882880,0,1
69.472924604,0,0
69.472965850,0,1
69.473007574,0,0
69.473048820,0,1
69.473090544,0,0
69.473131792,0,1
69.473155094,1,1
69.473174498,1,0
69.473215742,1,1
69.473258454,1,0
69.473299696,1,1
69.473342410,1,0
69.473383654,1,1
69.473426364,1,0
69.473470076,1,1
69.473512788,1,0
69.473551064,1,1
69.473593780,1,0
69.473638482,1,1
69.477279186,0,1
69.477291022,0,0
69.477333750,0,1
69.477375476,0,0
69.477416724,0,1
69.477458450,0,0
69.477499698,0,1
69.477523008,1,1
69.477542414,1,0
69.477583660,1,1
69.477626376,1,0
69.477667622,1,1
69.477689120,0,1
69.477709354,0,0
69.477750602,0,1
69.477773908,1,1
69.477793314,1,0
69.477834562,1,1
69.477856060,0,1
69.477876290,0,0
69.477917544,0,1
69.477959268,0,0
69.478002984,0,1
69.478044710,0,0
69.478082994,0,1
69.478106298,1,1
69.478125702,1,0
69.478170402,1,1
69.486310520,1,0
69.490312918,1,1
69.497346698,0,1
69.497358534,0,0
69.497401264,0,1
69.497442992,0,0
69.497484246,0,1
69.497525972,0,0
69.497567224,0,1
69.497608952,0,0
69.497650204,0,1
69.497691932,0,0
69.497733184,0,1
69.497756490,1,1
69.497775894,1,0
69.497817138,1,1
69.497859852,1,0
69.497901098,1,1
69.497943810,1,0
69.497985058,1,1
69.498027776,1,0
69.498071490,1,1
69.498114208,1,0
69.498152494,1,1
69.498195210,1,0
69.498239920,1,1
69.501879598,0,1
69.501891434,0,0
69.501934166,0,1
69.501975896,0,0
69.502017148,0,1
69.502040456,1,1
69.502059864,1,0
69.502101110,1,1
69.502143826,1,0
69.502185078,1,1
69.502206582,0,1
69.502226816,0,0
69.502268070,0,1
69.502291378,1,1
69.502310786,1,0
69.502352034,1,1
69.502394748,1,0
69.502435996,1,1
69.502457496,0,1
69.502477728,0,0
69.502518978,0,1
69.502560708,0,0
69.502604432,0,1
69.502627738,1,1
69.502647146,1,0
69.502685434,1,1
69.502728152,1,0
69.502772854,1,1
69.511031726,1,0
69.514313644,1,1
69.514746574,0,1
69.514758410,0,0
69.514801140,0,1
69.514842866,0,0
69.514884116,0,1
69.514925846,0,0
69.514967096,0,1
69.515008826,0,0
69.515050076,0,1
69.515091802,0,0
69.515133050,0,1
69.515156356,1,1
69.515175764,1,0
69.515217016,1,1
69.515259734,1,0
69.515300982,1,1
69.515343698,1,0
69.515384946,1,1
69.515427662,1,0
69.515471378,1,1
69.515514092,1,0
69.515552378,1,1
69.515595090,1,0
69.515639792,1,1
69.519276468,0,1
69.519288302,0,0
69.519331028,0,1
69.519354330,1,1
69.519373738,1,0
69.519414982,1,1
69.519436480,0,1
69.519456714,0,0
69.519497964,0,1
69.519521270,1,1
69.519540678,1,0
69.519581924,1,1
69.519624638,1,0
69.519665878,1,1
69.519708590,1,0
69.519749834,1,1
69.519792546,1,0
69.519833790,1,1
69.519855290,0,1
69.519875524,0,0
69.519916774,0,1
69.519958498,0,0
69.520002218,0,1
69.520043944,0,0
69.520082230,0,1
69.520105536,1,1
69.520124942,1,0
69.520169648,1,1
69.527510764,1,0
69.530314378,1,1
69.546376868,0,1
69.546388708,0,0
69.546431448,0,1
69.546454760,1,1
69.546474168,1,0
69.546515416,1,1
69.546536910,0,1
69.546557142,0,0
69.546621708,1,0
69.546879062,0,0
69.547654222,0,1
69.547930190,0,0
69.547931598,1,0
69.547971446,1,1
69.548013176,1,0
69.548014836,0,0
69.548054438,0,1
69.548097158,0,0
69.548098672,1,0
69.548138414,1,1
69.548180148,1,0
69.548221406,1,1
69.548263132,1,0
69.548264434,0,0
69.548304392,0,1
69.548347110,0,0
69.548349272,1,0
69.548388364,1,1
69.548430096,1,0
69.548471346,1,1
69.548513080,1,0
69.548554328,1,1
69.548597544,1,0
69.548638796,1,1
69.548681510,1,0
69.548722762,1,1
69.548756114,0,1
69.548769432,0,0
69.548810692,0,1
69.548834012,1,1
69.549106324,0,1
69.549118156,0,0
69.549160872,0,1
69.549202602,0,0
69.549243868,0,1
69.549267180,1,1
69.549286584,1,0
69.549327826,1,1
69.549349326,0,1
69.549369558,0,0
69.549410810,0,1
69.549434116,1,1
69.549453522,1,0
69.549494770,1,1
69.549537486,1,0
69.549578734,1,1
69.549621452,1,0
69.549662700,1,1
69.549705416,1,0
69.549746666,1,1
69.549789388,1,0
69.549833106,1,1
69.549875826,1,0
69.549914114,1,1
69.549956834,1,0
69.550001536,1,1
69.550013920,1,0
69.550287174,0,0
69.551062392,0,1
69.551101706,0,0
69.551142972,0,1
69.551185700,0,0
69.551226984,0,1
69.551269712,0,0
69.551310978,0,1
69.551353704,0,0
69.551394970,0,1
69.551437694,0,0
69.551478960,0,1
69.551521686,0,0
69.551562952,0,1
69.551605676,0,0
69.551646934,0,1
69.551689652,0,0
69.551730916,0,1
69.551775122,0,0
69.551776770,1,0
69.551816376,1,1
69.551859102,1,0
69.551900362,1,1
69.551933720,0,1
69.551947040,0,0
69.551988296,0,1
69.552011608,1,1
69.552355342,0,1
69.552367162,0,0
69.552409826,0,1
69.552451488,0,0
69.552492670,0,1
69.552515938,1,1
69.552535314,1,0
69.552576490,1,1
69.552597956,0,1
69.552618156,0,0
69.552659338,0,1
69.552682606,1,1
69.552701984,1,0
69.552743160,1,1
69.552785806,1,0
69.552826978,1,1
69.552869624,1,0
69.552910794,1,1
69.552953440,1,0
69.552994612,1,1
69.553037256,1,0
69.553080896,1,1
69.553123542,1,0
69.553161758,1,1
69.553204408,1,0
69.553249030,1,1
69.553260832,1,0
69.553262086,1,1
69.553882826,0,1
69.553894642,0,0
69.553937294,0,1
69.553960560,1,1
69.553979934,1,0
69.554021104,1,1
69.554042570,0,1
69.554062768,0,0
69.554103948,0,1
69.554127212,1,1
69.554146588,1,0
69.554187764,1,1
69.554230412,1,0
69.554271590,1,1
69.554314236,1,0
69.554355412,1,1
69.554398058,1,0
69.554439232,1,1
69.554460696,0,1
69.554480894,0,0
69.554522072,0,1
69.554563730,0,0
69.554607376,0,1
69.554649036,0,0
69.554687256,0,1
69.554710522,1,1
69.554729898,1,0
69.554774522,1,1
69.554792828,1,0
69.562312570,1,1
69.564825490,0,1
69.564837306,0,0
69.564879956,0,1
69.564921610,0,0
69.564962786,0,1
69.564986052,1,1
69.565005426,1,0
69.565046590,1,1
69.565089230,1,0
69.565130400,1,1
69.565151862,0,1
69.565172058,0,0
69.565213240,0,1
69.565236502,1,1
69.565255872,1,0
69.565297034,1,1
69.565339680,1,0
69.565380858,1,1
69.565402318,0,1
69.565422512,0,0
69.565463680,0,1
69.565505332,0,0
69.565548970,0,1
69.565572234,1,1
69.565591606,1,0
69.565629820,1,1
69.565672460,1,0
69.565717080,1,1
69.565736370,1,0
69.570313268,1,1
69.578479704,0,1
69.578491518,0,0
69.578534168,0,1
69.578575822,0,0
69.578616994,0,1
69.578658650,0,0
69.578699824,0,1
69.578723090,1,1
69.578742464,1,0
69.578783634,1,1
69.578826276,1,0
69.578867448,1,1
69.578888910,0,1
69.578909106,0,0
69.578950280,0,1
69.578973544,1,1
69.578992920,1,0
69.579034090,1,1
69.579055554,0,1
69.579075750,0,0
69.579116922,0,1
69.579158574,0,0
69.579202218,0,1
69.579243876,0,0
69.579282092,0,1
69.579305358,1,1
69.579324732,1,0
69.579369356,1,1
69.579387608,1,0
69.586312706,1,1
69.650315690,0,1
69.650327504,0,0
69.650370146,0,1
69.650411792,0,0
69.650452958,0,1
69.650494604,0,0
69.650535770,0,1
69.650577416,0,0
69.650618580,0,1
69.650660228,0,0
69.650701390,0,1
69.650724652,1,1
69.650744020,1,0
69.650785182,1,1
69.650827814,1,0
69.650868970,1,1
69.650911602,1,0
69.650952760,1,1
69.650995388,1,0
69.651039008,1,1
69.651081640,1,0
69.651119840,1,1
69.651162468,1,0
69.651207086,1,1
69.654836158,0,1
69.654847970,0,0
69.654890608,0,1
69.654913866,1,1
69.654933234,1,0
69.654974392,1,1
69.654995848,0,1
69.655016040,0,0
69.655057200,0,1
69.655080458,1,1
69.655099826,1,0
69.655140984,1,1
69.655183614,1,0
69.655224774,1,1
69.655267408,1,0
69.655308566,1,1
69.655351196,1,0
69.655392354,1,1
69.655413810,0,1
69.655434000,0,0
69.655475162,0,1
69.655516806,0,0
69.655560434,0,1
69.655602078,0,0
69.655640282,0,1
69.655663544,1,1
69.655682912,1,0
69.655727520,1,1
69.663428058,1,0
69.666312634,1,1
69.673010402,0,1
69.673022214,0,0
69.673064854,0,1
69.673106498,0,0
69.673147660,0,1
69.673189308,0,0
69.673230476,0,1
69.673272122,0,0
69.673313288,0,1
69.673354936,0,0
69.673396100,0,1
69.673419358,1,1
69.673438726,1,0
69.673479886,1,1
69.673522522,1,0
69.673563682,1,1
69.673606318,1,0
69.673647478,1,1
69.673690108,1,0
69.673733734,1,1
69.673776366,1,0
69.673814566,1,1
69.673857198,1,0
69.673901808,1,1
69.677534110,0,1
69.677545924,0,0
69.677588568,0,1
69.677630216,0,0
69.677671382,0,1
69.677694642,1,1
69.677714014,1,0
69.677755176,1,1
69.677797810,1,0
69.677838970,1,1
69.677860430,0,1
69.677880622,0,0
69.677921790,0,1
69.677945046,1,1
69.677964418,1,0
69.678005578,1,1
69.678048214,1,0
69.678089372,1,1
69.678110834,0,1
69.678131028,0,0
69.678172192,0,1
69.678213844,0,0
69.678257476,0,1
69.678280738,1,1
69.678300110,1,0
69.678338318,1,1
69.678380952,1,0
69.678425564,1,1
69.682057592,0,1
69.682069404,0,0
69.682112044,0,1
69.682153686,0,0
69.682194852,0,1
69.682236502,0,0
69.682277672,0,1
69.682319322,0,0
69.682360488,0,1
69.682402136,0,0
69.682443298,0,1
69.682466556,1,1
69.682485926,1,0
69.682527086,1,1
69.682569720,1,0
69.682610876,1,1
69.682653508,1,0
69.682694664,1,1
69.682737292,1,0
69.682780912,1,1
69.682823540,1,0
69.682861738,1,1
69.682904368,1,0
69.682948972,1,1
69.686581904,0,1
69.686593716,0,0
69.686636352,0,1
69.686677994,0,0
69.686719152,0,1
69.686760798,0,0
69.686801958,0,1
69.686825216,1,1
69.686844586,1,0
69.686885742,1,1
69.686928372,1,0
69.686969524,1,1
69.686990982,0,1
69.687011172,0,0
69.687052330,0,1
69.687075584,1,1
69.687094952,1,0
69.687136108,1,1
69.687157568,0,1
69.687177758,0,0
69.687218922,0,1
69.687260568,0,0
69.687304194,0,1
69.687345838,0,0
69.687384040,0,1
69.687407300,1,1
69.687426668,1,0
69.687471274,1,1
69.695349534,1,0
69.698313364,1,1
69.723071164,1,0
69.723340260,0,0
69.724115320,0,1
69.724246014,0,0
69.724247696,1,0
69.724287176,1,1
69.724328826,1,0
69.724329928,0,0
69.724369996,0,1
69.724412626,0,0
69.724414730,1,0
69.724453782,1,1
69.724495430,1,0
69.724536588,1,1
69.724578232,1,0
69.724579422,0,0
69.724619400,0,1
69.724662030,0,0
69.724664212,1,0
69.724703186,1,1
69.724744832,1,0
69.724785986,1,1
69.724827626,1,0
69.724868782,1,1
69.724911904,1,0
69.724953058,1,1
69.724995686,1,0
69.725036838,1,1
69.725070118,0,1
69.725083406,0,0
69.725124572,0,1
69.725147836,1,1
69.725419598,0,1
69.725431406,0,0
69.725474040,0,1
69.725515678,0,0
69.725556836,0,1
69.725580094,1,1
69.725599462,1,0
69.725640620,1,1
69.725662076,0,1
69.725682268,0,0
69.725723426,0,1
69.725746682,1,1
69.725766050,1,0
69.725807204,1,1
69.725849828,1,0
69.725890980,1,1
69.725933610,1,0
69.725974764,1,1
69.726017394,1,0
69.726058548,1,1
69.726101176,1,0
69.726144794,1,1
69.726187424,1,0
69.726225624,1,1
69.726268252,1,0
69.726312858,1,1
69.726325032,1,0
69.726598102,0,0
69.727372968,0,1
69.727419470,0,0
69.727460644,0,1
69.727503282,0,0
69.727544456,0,1
69.727587090,0,0
69.727588876,1,0
69.727628256,1,1
69.727669902,1,0
69.727671084,0,0
69.727711068,0,1
69.727753702,0,0
69.727794872,0,1
69.727837504,0,0
69.727878674,0,1
69.727921306,0,0
69.727962472,0,1
69.728005110,0,0
69.728046282,0,1
69.728090392,0,0
69.728131560,0,1
69.728170742,0,0
69.728172568,1,0
69.728211902,1,1
69.728245190,0,1
69.728258484,0,0
69.728299652,0,1
69.728322914,1,1
69.728661834,0,1
69.728673662,0,0
69.728716364,0,1
69.728758074,0,0
69.728799304,0,1
69.728822604,1,1
69.728842004,1,0
69.728883234,1,1
69.728904728,0,1
69.728924954,0,0
69.728966188,0,1
69.728989482,1,1
69.729008884,1,0
69.729050112,1,1
69.729092814,1,0
69.729134042,1,1
69.729176744,1,0
69.729217976,1,1
69.729260680,1,0
69.729301908,1,1
69.729344610,1,0
69.729388310,1,1
69.729431010,1,0
69.729469280,1,1
69.729511984,1,0
69.729556668,1,1
69.729571378,1,0
69.729572628,1,1
69.742229734,0,1
69.742241568,0,0
69.742284298,0,1
69.742326024,0,0
69.742367260,0,1
69.742390564,1,1
69.742409968,1,0
69.742451210,1,1
69.742493918,1,0
69.742535156,1,1
69.742556650,0,1
69.742576882,0,0
69.742618122,0,1
69.742641424,1,1
69.742660826,1,0
69.742702066,1,1
69.742744772,1,0
69.742786006,1,1
69.742807502,0,1
69.742827732,0,0
69.742868972,0,1
69.742910690,0,0
69.742954404,0,1
69.742977704,1,1
69.742997108,1,0
69.743035382,1,1
69.743078094,1,0
69.743122788,1,1
69.743141394,1,0
69.746312652,1,1
69.750468572,0,1
69.750480406,0,0
69.750523128,0,1
69.750546432,1,1
69.750565836,1,0
69.750607076,1,1
69.750628570,0,1
69.750648800,0,0
69.750690044,0,1
69.750713346,1,1
69.750732750,1,0
69.750773988,1,1
69.750816698,1,0
69.750857940,1,1
69.750900648,1,0
69.750941888,1,1
69.750984598,1,0
69.751025836,1,1
69.751047330,0,1
69.751067558,0,0
69.751108802,0,1
69.751150520,0,0
69.751194238,0,1
69.751235980,0,0
69.751274270,0,1
69.751297578,1,1
69.751316982,1,0
69.751361684,1,1
69.751380000,1,0
69.754313116,1,1
69.758688806,0,1
69.758700642,0,0
69.758743372,0,1
69.758785092,0,0
69.758826338,0,1
69.758868062,0,0
69.758909310,0,1
69.758932616,1,1
69.758952020,1,0
69.758993264,1,1
69.759035974,1,0
69.759077218,1,1
69.759098714,0,1
69.759118946,0,0
69.759160188,0,1
69.759183492,1,1
69.759202900,1,0
69.759244140,1,1
69.759265638,0,1
69.759285866,0,0
69.759327114,0,1
69.759368836,0,0
69.759412548,0,1
69.759454274,0,0
69.759492560,0,1
69.759515862,1,1
69.759535268,1,0
69.759579964,1,1
69.759598056,1,0
69.762312526,1,1
69.831665838,0,1
69.831677674,0,0
69.831720398,0,1
69.831762122,0,0
69.831803370,0,1
69.831845094,0,0
69.831886340,0,1
69.831928066,0,0
69.831969316,0,1
69.832011044,0,0
69.832052290,0,1
69.832075596,1,1
69.832094998,1,0
69.832136242,1,1
69.832178952,1,0
69.832220202,1,1
69.832262916,1,0
69.832304160,1,1
69.832346874,1,0
69.832390586,1,1
69.832433300,1,0
69.832471580,1,1
69.832514294,1,0
69.832558990,1,1
69.836195254,0,1
69.836207090,0,0
69.836249812,0,1
69.836273118,1,1
69.836292524,1,0
69.836333764,1,1
69.836355260,0,1
69.836375490,0,0
69.836416734,0,1
69.836440040,1,1
69.836459444,1,0
69.836500686,1,1
69.836543398,1,0
69.836584638,1,1
69.836627348,1,0
69.836668592,1,1
69.836711302,1,0
69.836752542,1,1
69.836774036,0,1
69.836794266,0,0
69.836835510,0,1
69.836877232,0,0
69.836920948,0,1
69.836962674,0,0
69.837000956,0,1
69.837024264,1,1
69.837043668,1,0
69.837088366,1,1
69.844721322,1,0
69.850312046,1,1
69.864393410,0,1
69.864405244,0,0
69.864447976,0,1
69.864489702,0,0
69.864530950,0,1
69.864572676,0,0
69.864613924,0,1
69.864655652,0,0
69.864696898,0,1
69.864738624,0,0
69.864779872,0,1
69.864803178,1,1
69.864822586,1,0
69.864863834,1,1
69.864906548,1,0
69.864947790,1,1
69.864990502,1,0
69.865031746,1,1
69.865074460,1,0
69.865118176,1,1
69.865160888,1,0
69.865199172,1,1
69.865241884,1,0
69.865286586,1,1
69.868926162,0,1
69.868938000,0,0
69.868980728,0,1
69.869022456,0,0
69.869063708,0,1
69.869087014,1,1
69.869106420,1,0
69.869147664,1,1
69.869190382,1,0
69.869231626,1,1
69.869253124,0,1
69.869273356,0,0
69.869314608,0,1
69.869337914,1,1
69.869357320,1,0
69.869398564,1,1
69.869441282,1,0
69.869482528,1,1
69.869504026,0,1
69.869524258,0,0
69.869565508,0,1
69.869607236,0,0
69.869650954,0,1
69.869674262,1,1
69.869693666,1,0
69.869731948,1,1
69.869774664,1,0
69.869819368,1,1
69.873458942,0,1
69.873470778,0,0
69.873513510,0,1
69.873555242,0,0
69.873596492,0,1
69.873638224,0,0
69.873679478,0,1
69.873721206,0,0
69.873762464,0,1
69.873804194,0,0
69.873845444,0,1
69.873868754,1,1
69.873888162,1,0
69.873929412,1,1
69.873972128,1,0
69.874013372,1,1
69.874056090,1,0
69.874097340,1,1
69.874140056,1,0
69.874183776,1,1
69.874226502,1,0
69.874264792,1,1
69.874307514,1,0
69.874352222,1,1
69.877992846,0,1
69.878004682,0,0
69.878047412,0,1
69.878089142,0,0
69.878130392,0,1
69.878172122,0,0
69.878213384,0,1
69.878236694,1,1
69.878256100,1,0
69.878297346,1,1
69.878340066,1,0
69.878381316,1,1
69.878402816,0,1
69.878423050,0,0
69.878464300,0,1
69.878487610,1,1
69.878507016,1,0
69.878548260,1,1
69.878569754,0,1
69.878589986,0,0
69.878631230,0,1
69.878672952,0,0
69.878716672,0,1
69.878758406,0,0
69.878796698,0,1
69.878820006,1,1
69.878839412,1,0
69.878884120,1,1
69.886960380,1,0
69.890312462,1,1
69.898500650,0,1
69.898512486,0,0
69.898555220,0,1
69.898596948,0,0
69.898638200,0,1
69.898661510,1,1
69.898680920,1,0
69.898722168,1,1
69.898764884,1,0
69.898806132,1,1
69.898827632,0,1
69.898847866,0,0
69.898889124,0,1
69.898912434,1,1
69.898931844,1,0
69.898973098,1,1
69.899015820,1,0
69.899057072,1,1
69.899078572,0,1
69.899098806,0,0
69.899140060,0,1
69.899181792,0,0
69.899225524,0,1
69.899248832,1,1
69.899268240,1,0
69.899306526,1,1
69.899349244,1,0
69.899393948,1,1
69.899412560,1,0
69.906319624,1,1
69.906362294,0,1
69.906374134,0,0
69.906416882,0,1
69.906458616,0,0
69.906499872,0,1
69.906541604,0,0
69.906582860,0,1
69.906606170,1,1
69.906625580,1,0
69.906666838,1,1
69.906709570,1,0
69.906750828,1,1
69.906772332,0,1
69.906792572,0,0
69.906833838,0,1
69.906857150,1,1
69.906876564,1,0
69.906917824,1,1
69.906939328,0,1
69.906959568,0,0
69.907000832,0,1
69.907042568,0,0
69.907086302,0,1
69.907128038,0,0
69.907166328,0,1
69.907189642,1,1
69.907209054,1,0
69.907253766,1,1
69.907271762,1,0
69.914312270,1,1
69.914607954,0,1
69.914619794,0,0
69.914662542,0,1
69.914685856,1,1
69.914705268,1,0
69.914746524,1,1
69.914768032,0,1
69.914788274,0,0
69.914829536,0,1
69.914852850,1,1
69.914872258,1,0
69.914913516,1,1
69.914956248,1,0
69.914997508,1,1
69.915040240,1,0
69.915081498,1,1
69.915124226,1,0
69.915165488,1,1
69.915186992,0,1
69.915207236,0,0
69.915248500,0,1
69.915290242,0,0
69.915333982,0,1
69.915375722,0,0
69.915414022,0,1
69.915437338,1,1
69.915456750,1,0
69.915501468,1,1
69.915518832,1,0
69.922311812,1,1
69.937923826,1,0
69.938197114,0,0
69.938972486,0,1
69.939074144,0,0
69.939075732,1,0
69.939115400,1,1
69.939157136,1,0
69.939159004,0,0
69.939198406,0,1
69.939241130,0,0
69.939242858,1,0
69.939282386,1,1
69.939324120,1,0
69.939365372,1,1
69.939407102,1,0
69.939408644,0,0
69.939448364,0,1
69.939491088,0,0
69.939492504,1,0
69.939532340,1,1
69.939574078,1,0
69.939615334,1,1
69.939657068,1,0
69.939698322,1,1
69.939741538,1,0
69.939782792,1,1
69.939825512,1,0
69.939866764,1,1
69.939900120,0,1
69.939913438,0,0
69.939954686,0,1
69.939977994,1,1
69.940250362,0,1
69.940262200,0,0
69.940304936,0,1
69.940346670,0,0
69.940387934,0,1
69.940411244,1,1
69.940430650,1,0
69.940471904,1,1
69.940493406,0,1
69.940513642,0,0
69.940554898,0,1
69.940578206,1,1
69.940597616,1,0
69.940638870,1,1
69.940681592,1,0
69.940722844,1,1
69.940765568,1,0
69.940806822,1,1
69.940849542,1,0
69.940890796,1,1
69.940933518,1,0
69.940977242,1,1
69.941019964,1,0
69.941058252,1,1
69.941100970,1,0
69.941145678,1,1
69.941159476,1,0
69.941432766,0,0
69.942208134,0,1
69.942254790,0,0
69.942296060,0,1
69.942338790,0,0
69.942380058,0,1
69.942422780,0,0
69.942464050,0,1
69.942506778,0,0
69.942548046,0,1
69.942590776,0,0
69.942632042,0,1
69.942674762,0,0
69.942716030,0,1
69.942758750,0,0
69.942800014,0,1
69.942842740,0,0
69.942884000,0,1
69.942928202,0,0
69.942929586,1,0
69.942969452,1,1
69.943012170,1,0
69.943053420,1,1
69.943086776,0,1
69.943100096,0,0
69.943141356,0,1
69.943164672,1,1
69.943508414,0,1
69.943520232,0,0
69.943562896,0,1
69.943604554,0,0
69.943645736,0,1
69.943669006,1,1
69.943688382,1,0
69.943729558,1,1
69.943751024,0,1
69.943771226,0,0
69.943812410,0,1
69.943835680,1,1
69.943855056,1,0
69.943896234,1,1
69.943938884,1,0
69.943980062,1,1
69.944022708,1,0
69.944063884,1,1
69.944106528,1,0
69.944147704,1,1
69.944190350,1,0
69.944233992,1,1
69.944276638,1,0
69.944314856,1,1
69.944357498,1,0
69.944402122,1,1
69.944414538,1,0
69.944415794,1,1
69.992745104,0,1
69.992756918,0,0
69.992799564,0,1
69.992841216,0,0
69.992882384,0,1
69.992924034,0,0
69.992965202,0,1
69.993006850,0,0
69.993048020,0,1
69.993089670,0,0
69.993130834,0,1
69.993154096,1,1
69.993173470,1,0
69.993214638,1,1
69.993257274,1,0
69.993298436,1,1
69.993341072,1,0
69.993382230,1,1
69.993424864,1,0
69.993468490,1,1
69.993511120,1,0
69.993549320,1,1
69.993591952,1,0
69.993636560,1,1
69.997265996,0,1
69.997277810,0,0
69.997320460,0,1
69.997343722,1,1
69.997363094,1,0
69.997404258,1,1
69.997425718,0,1
69.997445912,0,0
69.997487080,0,1
69.997510338,1,1
69.997529714,1,0
69.997570874,1,1
69.997613510,1,0
69.997654674,1,1
69.997697312,1,0
69.997738474,1,1
69.997781108,1,0
69.997822266,1,1
69.997843722,0,1
69.997863916,0,0
69.997905082,0,1
69.997946726,0,0
69.997990354,0,1
69.998032002,0,0
69.998070212,0,1
69.998093470,1,1
69.998112842,1,0
69.998157458,1,1
70.005386712,1,0
70.010319002,1,1
70.013428046,0,1
70.013439858,0,0
70.013482502,0,1
70.013524150,0,0
70.013565318,0,1
70.013606964,0,0
70.013648134,0,1
70.013689780,0,0
70.013730944,0,1
70.013772596,0,0
70.013813762,0,1
70.013837022,1,1
70.013856394,1,0
70.013897556,1,1
70.013940192,1,0
70.013981352,1,1
70.014023988,1,0
70.014065150,1,1
70.014107784,1,0
70.014151414,1,1
70.014194052,1,0
70.014232260,1,1
70.014274900,1,0
70.014319512,1,1
70.017951626,0,1
70.017963438,0,0
70.018006076,0,1
70.018047722,0,0
70.018088888,0,1
70.018112146,1,1
70.018131514,1,0
70.018172670,1,1
70.018215312,1,0
70.018256480,1,1
70.018277942,0,1
70.018298138,0,0
70.018339310,0,1
70.018362572,1,1
70.018381944,1,0
70.018423108,1,1
70.018465744,1,0
70.018506908,1,1
70.018528366,0,1
70.018548560,0,0
70.018589730,0,1
70.018631380,0,0
70.018675014,0,1
70.018698272,1,1
70.018717644,1,0
70.018755852,1,1
70.018798484,1,0
70.018843092,1,1
70.022475340,0,1
70.022487152,0,0
70.022529796,0,1
70.022571442,0,0
70.022612614,0,1
70.022654272,0,0
70.022695450,0,1
70.022737110,0,0
70.022778290,0,1
70.022819956,0,0
70.022861136,0,1
70.022884404,1,1
70.022903782,1,0
70.022944962,1,1
70.022987610,1,0
70.023028782,1,1
70.023071426,1,0
70.023112600,1,1
70.023155244,1,0
70.023198890,1,1
70.023241534,1,0
70.023279748,1,1
70.023322388,1,0
70.023366996,1,1
70.027000346,0,1
70.027012156,0,0
70.027054794,0,1
70.027096440,0,0
70.027137608,0,1
70.027179254,0,0
70.027220424,0,1
70.027243684,1,1
70.027263056,1,0
70.027304216,1,1
70.027346846,1,0
70.027388004,1,1
70.027409458,0,1
70.027429646,0,0
70.027470804,0,1
70.027494060,1,1
70.027513434,1,0
70.027554596,1,1
70.027576054,0,1
70.027596248,0,0
70.027637416,0,1
70.027679066,0,0
70.027722698,0,1
70.027764352,0,0
70.027802560,0,1
70.027825818,1,1
70.027845188,1,0
70.027889798,1,1
70.035244092,1,0
70.042311920,1,1
70.064956072,0,1
70.064967882,0,0
70.065010522,0,1
70.065052166,0,0
70.065093328,0,1
70.065116586,1,1
70.065135956,1,0
70.065177116,1,1
70.065219750,1,0
70.065260908,1,1
70.065282362,0,1
70.065302552,0,0
70.065343710,0,1
70.065366964,1,1
70.065386334,1,0
70.065427488,1,1
70.065470114,1,0
70.065511268,1,1
70.065532722,0,1
70.065552912,0,0
70.065594074,0,1
70.065635716,0,0
70.065679342,0,1
70.065702598,1,1
70.065721964,1,0
70.065760158,1,1
70.065802786,1,0
70.065847392,1,1
70.065866122,1,0
70.066310970,1,1
70.075896938,0,1
70.075908750,0,0
70.075951394,0,1
70.075974652,1,1
70.075994026,1,0
70.076035188,1,1
70.076056646,0,1
70.076076838,0,0
70.076118004,0,1
70.076141266,1,1
70.076160640,1,0
70.076201810,1,1
70.076244446,1,0
70.076285608,1,1
70.076328240,1,0
70.076369398,1,1
70.076412036,1,0
70.076453200,1,1
70.076474660,0,1
70.076494854,0,0
70.076536022,0,1
70.076577672,0,0
70.076621302,0,1
70.076662954,0,0
70.076701164,0,1
70.076724424,1,1
70.076743794,1,0
70.076788404,1,1
70.076807628,1,0
70.082311168,1,1
70.086826168,0,1
70.086837978,0,0
70.086880618,0,1
70.086922262,0,0
70.086963424,0,1
70.087005070,0,0
70.087046234,0,1
70.087069494,1,1
70.087088862,1,0
70.087130018,1,1
70.087172652,1,0
70.087213816,1,1
70.087235274,0,1
70.087255466,0,0
70.087296630,0,1
70.087319888,1,1
70.087339258,1,0
70.087380416,1,1
70.087401876,0,1
70.087422068,0,0
70.087463230,0,1
70.087504872,0,0
70.087548498,0,1
70.087590142,0,0
70.087628346,0,1
70.087651604,1,1
70.087670978,1,0
70.087715588,1,1
70.087733784,1,0
70.090318784,1,1
70.106788470,1,0
70.107061558,0,0
70.107836396,0,1
70.107969732,0,0
70.107971764,1,0
70.108010900,1,1
70.108052550,1,0
70.108053976,0,0
70.108093722,0,1
70.108136354,0,0
70.108137770,1,0
70.108177516,1,1
70.108219168,1,0
70.108260330,1,1
70.108301978,1,0
70.108303458,0,0
70.108343148,0,1
70.108385778,0,0
70.108387250,1,0
70.108426938,1,1
70.108468584,1,0
70.108509744,1,1
70.108551388,1,0
70.108592546,1,1
70.108635670,1,0
70.108676830,1,1
70.108719458,1,0
70.108760614,1,1
70.108793900,0,1
70.108807190,0,0
70.108848358,0,1
70.108871620,1,1
70.109143356,0,1
70.109155166,0,0
70.109197804,0,1
70.109239464,0,0
70.109280648,0,1
70.109303922,1,1
70.109323304,1,0
70.109364492,1,1
70.109385962,0,1
70.109406164,0,0
70.109447352,0,1
70.109470622,1,1
70.109490002,1,0
70.109531182,1,1
70.109573836,1,0
70.109615018,1,1
70.109657676,1,0
70.109698862,1,1
70.109741526,1,0
70.109782702,1,1
70.109825344,1,0
70.109868974,1,1
70.109911616,1,0
70.109949828,1,1
70.109992474,1,0
70.110037094,1,1
70.110050080,1,0
70.110319214,0,0
70.111094102,0,1
70.111135208,0,0
70.111176386,0,1
70.111219036,0,0
70.111260224,0,1
70.111302870,0,0
70.111304954,1,0
70.111344034,1,1
70.111385684,1,0
70.111387150,0,0
70.111426858,0,1
70.111469490,0,0
70.111510662,0,1
70.111553300,0,0
70.111594474,0,1
70.111637106,0,0
70.111678278,0,1
70.111720914,0,0
70.111762086,0,1
70.111806202,0,0
70.111847372,0,1
70.111886556,0,0
70.111888538,1,0
70.111927720,1,1
70.111961008,0,1
70.111974302,0,0
70.112015476,0,1
70.112038740,1,1
70.112377714,0,1
70.112389544,0,0
70.112432250,0,1
70.112473962,0,0
70.112515194,0,1
70.112538490,1,1
70.112557890,1,0
70.112599120,1,1
70.112620610,0,1
70.112640836,0,0
70.112682068,0,1
70.112705366,1,1
70.112724768,1,0
70.112765998,1,1
70.112808698,1,0
70.112849932,1,1
70.112892634,1,0
70.112933866,1,1
70.112976568,1,0
70.113017802,1,1
70.113060506,1,0
70.113104208,1,1
70.113146912,1,0
70.113185172,1,1
70.113227870,1,0
70.113272564,1,1
70.113288194,1,0
70.113289450,1,1
70.157646804,0,1
70.157658638,0,0
70.157701360,0,1
70.157743078,0,0
70.157784322,0,1
70.157826046,0,0
70.157867286,0,1
70.157909010,0,0
70.157950256,0,1
70.157991976,0,0
70.158033218,0,1
70.158056524,1,1
70.158075924,1,0
70.158117162,1,1
70.158159870,1,0
70.158201112,1,1
70.158243822,1,0
70.158285060,1,1
70.158327770,1,0
70.158371476,1,1
70.158414184,1,0
70.158452462,1,1
70.158495170,1,0
70.158539866,1,1
70.162176136,0,1
70.162187972,0,0
70.162230706,0,1
70.162254016,1,1
70.162273422,1,0
70.162314668,1,1
70.162336168,0,1
70.162356400,0,0
70.162397648,0,1
70.162420954,1,1
70.162440358,1,0
70.162481602,1,1
70.162524320,1,0
70.162565560,1,1
70.162608274,1,0
70.162649522,1,1
70.162692232,1,0
70.162733470,1,1
70.162754968,0,1
70.162775200,0,0
70.162816450,0,1
70.162858176,0,0
70.162901896,0,1
70.162943622,0,0
70.162981908,0,1
70.163005214,1,1
70.163024622,1,0
70.163069324,1,1
70.171184846,1,0
70.178312828,1,1
70.187286554,0,1
70.187298390,0,0
70.187341116,0,1
70.187382838,0,0
70.187424086,0,1
70.187465812,0,0
70.187507058,0,1
70.187548784,0,0
70.187590032,0,1
70.187631758,0,0
70.187673006,0,1
70.187696312,1,1
70.187715718,1,0
70.187756960,1,1
70.187799674,1,0
70.187840920,1,1
70.187883630,1,0
70.187924870,1,1
70.187967586,1,0
70.188011296,1,1
70.188054010,1,0
70.188092290,1,1
70.188135004,1,0
70.188179698,1,1
70.191819090,0,1
70.191830924,0,0
70.191873650,0,1
70.191915376,0,0
70.191956624,0,1
70.191979930,1,1
70.191999334,1,0
70.192040578,1,1
70.192083290,1,0
70.192124528,1,1
70.192146026,0,1
70.192166256,0,0
70.192207504,0,1
70.192230806,1,1
70.192250210,1,0
70.192291460,1,1
70.192334176,1,0
70.192375424,1,1
70.192396924,0,1
70.192417158,0,0
70.192458404,0,1
70.192500130,0,0
70.192543850,0,1
70.192567154,1,1
70.192586560,1,0
70.192624838,1,1
70.192667556,1,0
70.192712256,1,1
70.199530084,0,1
70.199541920,0,0
70.199584648,0,1
70.199626378,0,0
70.199667626,0,1
70.199709354,0,0
70.199750608,0,1
70.199792336,0,0
70.199833590,0,1
70.199875320,0,0
70.199916574,0,1
70.199939878,1,1
70.199959284,1,0
70.200000534,1,1
70.200043250,1,0
70.200084492,1,1
70.200127210,1,0
70.200168456,1,1
70.200211174,1,0
70.200254886,1,1
70.200297598,1,0
70.200335876,1,1
70.200378588,1,0
70.200423292,1,1
70.204063866,0,1
70.204075702,0,0
70.204118428,0,1
70.204160150,0,0
70.204201404,0,1
70.204243130,0,0
70.204284372,0,1
70.204307676,1,1
70.204327080,1,0
70.204368320,1,1
70.204411036,1,0
70.204452284,1,1
70.204473780,0,1
70.204494014,0,0
70.204535264,0,1
70.204558570,1,1
70.204577976,1,0
70.204619222,1,1
70.204640720,0,1
70.204660952,0,0
70.204702200,0,1
70.204743928,0,0
70.204787646,0,1
70.204829370,0,0
70.204867652,0,1
70.204890960,1,1
70.204910362,1,0
70.204955062,1,1
70.212388972,1,0
70.218312102,1,1
70.259365368,1,0
70.259634502,0,0
70.260409726,0,1
70.261243258,0,0
70.261244816,1,0
70.261284528,1,1
70.261326284,1,0
70.261328086,0,0
70.261367574,0,1
70.261410314,0,0
70.261411942,1,0
70.261451592,1,1
70.261493352,1,0
70.261534630,1,1
70.261576384,1,0
70.261577754,0,0
70.261617676,0,1
70.261660424,0,0
70.261662638,1,0
70.261701706,1,1
70.261743466,1,0
70.261784744,1,1
70.261826504,1,0
70.261867784,1,1
70.261911024,1,0
70.261952304,1,1
70.261995052,1,0
70.262036332,1,1
70.262069702,0,1
70.262083024,0,0
70.262124298,0,1
70.262147622,1,1
70.262420098,0,1
70.262431942,0,0
70.262474702,0,1
70.262516456,0,0
70.262557740,0,1
70.262581066,1,1
70.262600484,1,0
70.262641766,1,1
70.262663282,0,1
70.262683532,0,0
70.262724820,0,1
70.262748136,1,1
70.262767552,1,0
70.262808814,1,1
70.262851540,1,0
70.262892792,1,1
70.262935514,1,0
70.262976760,1,1
70.263019476,1,0
70.263060724,1,1
70.263103440,1,0
70.263147156,1,1
70.263189878,1,0
70.263228168,1,1
70.263270886,1,0
70.263315594,1,1
70.263329496,1,0
70.263602700,0,0
70.264378002,0,1
70.264424672,0,0
70.264465940,0,1
70.264508668,0,0
70.264549928,0,1
70.264592646,0,0
70.264633904,0,1
70.264676624,0,0
70.264717886,0,1
70.264760610,0,0
70.264801880,0,1
70.264844602,0,0
70.264885868,0,1
70.264928592,0,0
70.264969852,0,1
70.265012578,0,0
70.265053838,0,1
70.265098042,0,0
70.265099524,1,0
70.265139296,1,1
70.265182018,1,0
70.265223270,1,1
70.265256624,0,1
70.265269944,0,0
70.265311204,0,1
70.265334518,1,1
70.265678248,0,1
70.265690066,0,0
70.265732726,0,1
70.265774390,0,0
70.265815570,0,1
70.265838842,1,1
70.265858218,1,0
70.265899396,1,1
70.265920862,0,1
70.265941062,0,0
70.265982244,0,1
70.266005510,1,1
70.266024884,1,0
70.266066060,1,1
70.266108704,1,0
70.266149874,1,1
70.266192524,1,0
70.266233704,1,1
70.266276346,1,0
70.266317514,1,1
70.266360162,1,0
70.266403810,1,1
70.266446468,1,0
70.266484680,1,1
70.266527318,1,0
70.266571936,1,1
70.266584478,1,0
70.266585726,1,1
70.297765258,0,1
70.297777072,0,0
70.297819716,0,1
70.297842978,1,1
70.297862350,1,0
70.297903518,1,1
70.297924976,0,1
70.297945172,0,0
70.297986340,0,1
70.298009604,1,1
70.298028974,1,0
70.298070142,1,1
70.298091602,0,1
70.298111796,0,0
70.298152964,0,1
70.298176226,1,1
70.298195602,1,0
70.298236774,1,1
70.298279418,1,0
70.298320590,1,1
70.298342052,0,1
70.298362246,0,0
70.298403418,0,1
70.298445070,0,0
70.298488700,0,1
70.298511948,1,1
70.298531314,1,0
70.298569520,1,1
70.298612164,1,0
70.298656776,1,1
70.298675658,1,0
70.306310396,1,1
70.318069582,0,1
70.318081396,0,0
70.318124038,0,1
70.318165686,0,0
70.318206856,0,1
70.318248510,0,0
70.318289678,0,1
70.318312936,1,1
70.318332306,1,0
70.318373468,1,1
70.318416102,1,0
70.318457264,1,1
70.318499898,1,0
70.318541062,1,1
70.318583696,1,0
70.318624860,1,1
70.318646320,0,1
70.318666514,0,0
70.318707680,0,1
70.318749330,0,0
70.318792962,0,1
70.318816222,1,1
70.318835594,1,0
70.318873796,1,1
70.318916432,1,0
70.318961042,1,1
70.318979630,1,0
70.322311416,1,1
70.322595648,0,1
70.322607460,0,0
70.322650094,0,1
70.322691742,0,0
70.322732918,0,1
70.322774572,0,0
70.322815740,0,1
70.322838998,1,1
70.322858370,1,0
70.322899528,1,1
70.322920986,0,1
70.322941182,0,0
70.322982350,0,1
70.323005612,1,1
70.323024984,1,0
70.323066150,1,1
70.323108788,1,0
70.323149950,1,1
70.323171410,0,1
70.323191606,0,0
70.323232778,0,1
70.323274432,0,0
70.323318066,0,1
70.323359714,0,0
70.323397922,0,1
70.323421182,1,1
70.323440552,1,0
70.323485166,1,1
70.323503208,1,0
70.330310682,1,1
70.386243888,0,1
70.386255702,0,0
70.386298344,0,1
70.386339988,0,0
70.386381152,0,1
70.386422798,0,0
70.386463958,0,1
70.386505604,0,0
70.386546764,0,1
70.386588406,0,0
70.386629564,0,1
70.386652822,1,1
70.386672194,1,0
70.386713352,1,1
70.386755980,1,0
70.386797140,1,1
70.386839766,1,0
70.386880920,1,1
70.386923546,1,0
70.386967168,1,1
70.387009802,1,0
70.387048006,1,1
70.387090636,1,0
70.387135242,1,1
70.390768384,0,1
70.390780194,0,0
70.390822828,0,1
70.390864468,0,0
70.390905628,0,1
70.390947272,0,0
70.390988436,0,1
70.391011694,1,1
70.391031062,1,0
70.391072214,1,1
70.391093670,0,1
70.391113860,0,0
70.391155020,0,1
70.391178276,1,1
70.391197646,1,0
70.391238804,1,1
70.391281436,1,0
70.391322588,1,1
70.391344046,0,1
70.391364236,0,0
70.391405398,0,1
70.391447042,0,0
70.391490666,0,1
70.391532308,0,0
70.391570506,0,1
70.391593760,1,1
70.391613132,1,0
70.391657738,1,1
70.399815684,1,0
70.402310826,1,1
70.413287458,0,1
70.413299268,0,0
70.413341900,0,1
70.413383544,0,0
70.413424704,0,1
70.413466344,0,0
70.413507506,0,1
70.413549152,0,0
70.413590316,0,1
70.413631964,0,0
70.413673126,0,1
70.413696384,1,1
70.413715754,1,0
70.413756912,1,1
70.413799540,1,0
70.413840698,1,1
70.413883328,1,0
70.413924488,1,1
70.413967116,1,0
70.414010734,1,1
70.414053364,1,0
70.414091564,1,1
70.414134192,1,0
70.414178798,1,1
70.417810778,0,1
70.417822590,0,0
70.417865230,0,1
70.417906870,0,0
70.417948028,0,1
70.417989670,0,0
70.418030828,0,1
70.418054086,1,1
70.418073452,1,0
70.418114608,1,1
70.418157240,1,0
70.418198398,1,1
70.418241036,1,0
70.418282200,1,1
70.418324836,1,0
70.418365996,1,1
70.418387454,0,1
70.418407646,0,0
70.418448806,0,1
70.418490454,0,0
70.418534082,0,1
70.418557338,1,1
70.418576710,1,0
70.418614914,1,1
70.418657546,1,0
70.418702156,1,1
70.426590128,1,0
70.434310338,1,1
70.434346038,0,1
70.434357854,0,0
70.434400504,0,1
70.434442152,0,0
70.434483320,0,1
70.434524968,0,0
70.434566130,0,1
70.434607776,0,0
70.434648944,0,1
70.434690590,0,0
70.434731752,0,1
70.434755010,1,1
70.434774384,1,0
70.434815544,1,1
70.434858178,1,0
70.434899338,1,1
70.434941968,1,0
70.434983126,1,1
70.435025758,1,0
70.435069382,1,1
70.435112010,1,0
70.435150210,1,1
70.435192840,1,0
70.435237448,1,1
70.438869496,0,1
70.438881308,0,0
70.438923952,0,1
70.438947210,1,1
70.438966582,1,0
70.439007742,1,1
70.439029198,0,1
70.439049390,0,0
70.439090554,0,1
70.439113814,1,1
70.439133184,1,0
70.439174344,1,1
70.439195806,0,1
70.439216000,0,0
70.439257166,0,1
70.439280426,1,1
70.439299796,1,0
70.439340956,1,1
70.439383590,1,0
70.439424748,1,1
70.439446206,0,1
70.439466398,0,0
70.439507556,0,1
70.439549188,0,0
70.439592822,0,1
70.439616088,1,1
70.439635466,1,0
70.439673668,1,1
70.439716302,1,0
70.439760910,1,1
70.447177330,1,0
70.450311166,1,1
70.466219914,1,0
70.466223918,0,0
70.467267990,0,1
70.467448286,0,0
70.467449654,1,0
70.467489446,1,1
70.467531094,1,0
70.467532870,0,0
70.467572260,0,1
70.467614892,0,0
70.467616668,1,0
70.467656052,1,1
70.467697700,1,0
70.467738856,1,1
70.467780504,1,0
70.467782382,0,0
70.467821670,0,1
70.467864300,0,0
70.467866190,1,0
70.467905460,1,1
70.467947106,1,0
70.467988260,1,1
70.468029902,1,0
70.468071056,1,1
70.468114176,1,0
70.468155330,1,1
70.468197962,1,0
70.468239120,1,1
70.468272402,0,1
70.468285692,0,0
70.468326862,0,1
70.468350126,1,1
70.468621844,0,1
70.468633654,0,0
70.468676288,0,1
70.468717930,0,0
70.468759090,0,1
70.468782340,1,1
70.468801712,1,0
70.468842868,1,1
70.468864326,0,1
70.468884516,0,0
70.468925676,0,1
70.468948932,1,1
70.468968300,1,0
70.469009454,1,1
70.469052082,1,0
70.469093236,1,1
70.469135868,1,0
70.469177026,1,1
70.469219660,1,0
70.469260816,1,1
70.469303442,1,0
70.469347062,1,1
70.469389690,1,0
70.469427886,1,1
70.469470510,1,0
70.469515112,1,1
70.469529992,1,0
70.469799096,0,0
70.470573996,0,1
70.470621718,0,0
70.470662894,0,1
70.470705530,0,0
70.470746702,0,1
70.470789334,0,0
70.470790870,1,0
70.470830494,1,1
70.470872138,1,0
70.470874086,0,0
70.470913306,0,1
70.470955940,0,0
70.470997108,0,1
70.471039740,0,0
70.471080912,0,1
70.471123542,0,0
70.471164712,0,1
70.471207350,0,0
70.471248522,0,1
70.471292636,0,0
70.471333808,0,1
70.471372994,0,0
70.471374574,1,0
70.471414154,1,1
70.471447440,0,1
70.471460732,0,0
70.471501896,0,1
70.471525154,1,1
70.471864082,0,1
70.471875910,0,0
70.471918610,0,1
70.471960316,0,0
70.472001546,0,1
70.472024840,1,1
70.472044240,1,0
70.472085468,1,1
70.472106958,0,1
70.472127184,0,0
70.472168416,0,1
70.472191716,1,1
70.472211128,1,0
70.472252372,1,1
70.472295076,1,0
70.472336308,1,1
70.472379018,1,0
70.472420252,1,1
70.472462950,1,0
70.472504182,1,1
70.472546886,1,0
70.472590588,1,1
70.472633292,1,0
70.472671564,1,1
70.472714264,1,0
70.472758948,1,1
70.472772528,1,0
70.472773784,1,1
70.483318250,0,1
70.483330082,0,0
70.483372804,0,1
70.483396108,1,1
70.483415510,1,0
70.483456748,1,1
70.483478244,0,1
70.483498474,0,0
70.483539718,0,1
70.483563020,1,1
70.483582422,1,0
70.483623656,1,1
70.483645154,0,1
70.483665382,0,0
70.483706620,0,1
70.483729922,1,1
70.483749326,1,0
70.483790564,1,1
70.483833276,1,0
70.483874510,1,1
70.483896016,0,1
70.483916252,0,0
70.483957504,0,1
70.483999226,0,0
70.484042942,0,1
70.484066246,1,1
70.484085650,1,0
70.484123926,1,1
70.484166636,1,0
70.484211334,1,1
70.484228856,1,0
70.490310148,1,1
70.491125598,0,1
70.491137434,0,0
70.491180156,0,1
70.491221882,0,0
70.491263128,0,1
70.491304848,0,0
70.491346094,0,1
70.491369396,1,1
70.491388800,1,0
70.491430038,1,1
70.491472748,1,0
70.491513988,1,1
70.491556694,1,0
70.491597932,1,1
70.491640642,1,0
70.491681878,1,1
70.491703372,0,1
70.491723600,0,0
70.491764842,0,1
70.491806566,0,0
70.491850276,0,1
70.491873578,1,1
70.491892986,1,0
70.491931264,1,1
70.491973972,1,0
70.492018664,1,1
70.492037034,1,0
70.498310016,1,1
70.507525950,0,1
70.507537784,0,0
70.507580506,0,1
70.507622228,0,0
70.507663472,0,1
70.507705194,0,0
70.507746440,0,1
70.507769746,1,1
70.507789152,1,0
70.507830388,1,1
70.507851886,0,1
70.507872114,0,0
70.507913358,0,1
70.507936664,1,1
70.507956066,1,0
70.507997306,1,1
70.508040016,1,0
70.508081254,1,1
70.508102750,0,1
70.508122980,0,0
70.508164224,0,1
70.508205952,0,0
70.508249670,0,1
70.508291396,0,0
70.508329678,0,1
70.508352982,1,1
70.508372386,1,0
70.508417084,1,1
70.508435856,1,0
70.514309832,1,1
70.577001084,0,1
70.577012920,0,0
70.577055646,0,1
70.577097370,0,0
70.577138618,0,1
70.577180340,0,0
70.577221588,0,1
70.577263316,0,0
70.577304562,0,1
70.577346286,0,0
70.577387534,0,1
70.577410840,1,1
70.577430242,1,0
70.577471486,1,1
70.577514200,1,0
70.577555442,1,1
70.577598152,1,0
70.577639394,1,1
70.577682102,1,0
70.577725810,1,1
70.577768520,1,0
70.577806804,1,1
70.577849524,1,0
70.577894236,1,1
70.581533980,0,1
70.581545814,0,0
70.581588542,0,1
70.581630262,0,0
70.581671508,0,1
70.581713234,0,0
70.581754478,0,1
70.581777782,1,1
70.581797188,1,0
70.581838434,1,1
70.581881148,1,0
70.581922394,1,1
70.581965110,1,0
70.582006354,1,1
70.582049066,1,0
70.582090310,1,1
70.582111808,0,1
70.582132038,0,0
70.582173282,0,1
70.582215024,0,0
70.582258756,0,1
70.582282066,1,1
70.582301474,1,0
70.582339764,1,1
70.582382482,1,0
70.582427182,1,1
70.586066812,0,1
70.586078648,0,0
70.586121376,0,1
70.586163104,0,0
70.586204354,0,1
70.586246084,0,0
70.586287336,0,1
70.586329066,0,0
70.586370318,0,1
70.586412052,0,0
70.586453304,0,1
70.586476612,1,1
70.586496018,1,0
70.586537268,1,1
70.586579986,1,0
70.586621232,1,1
70.586663948,1,0
70.586705194,1,1
70.586747910,1,0
70.586791624,1,1
70.586834340,1,0
70.586872624,1,1
70.586915340,1,0
70.586960044,1,1
70.590600474,0,1
70.590612310,0,0
70.590655040,0,1
70.590696768,0,0
70.590738020,0,1
70.590779748,0,0
70.590820996,0,1
70.590844300,1,1
70.590863708,1,0
70.590904952,1,1
70.590926450,0,1
70.590946682,0,0
70.590987932,0,1
70.591011236,1,1
70.591030642,1,0
70.591071882,1,1
70.591114600,1,0
70.591155844,1,1
70.591177342,0,1
70.591197574,0,0
70.591238824,0,1
70.591280554,0,0
70.591324272,0,1
70.591366000,0,0
70.591404286,0,1
70.591427592,1,1
70.591446996,1,0
70.591491702,1,1
70.599633540,1,0
70.602317904,1,1
70.618685832,1,0
70.618959042,0,0
70.619734370,0,1
70.619868886,0,0
70.619870832,1,0
70.619910136,1,1
70.619951868,1,0
70.619953086,0,0
70.619993126,0,1
70.620035846,0,0
70.620037948,1,0
70.620077094,1,1
70.620118826,1,0
70.620160074,1,1
70.620201808,1,0
70.620203740,0,0
70.620243068,0,1
70.620285788,0,0
70.620287582,1,0
70.620327038,1,1
70.620368770,1,0
70.620410018,1,1
70.620451744,1,0
70.620492992,1,1
70.620536200,1,0
70.620577444,1,1
70.620620162,1,0
70.620661410,1,1
70.620694758,0,1
70.620708076,0,0
70.620749334,0,1
70.620772644,1,1
70.621044918,0,1
70.621056752,0,0
70.621099472,0,1
70.621141198,0,0
70.621182448,0,1
70.621205758,1,1
70.621225162,1,0
70.621266414,1,1
70.621287912,0,1
70.621308146,0,0
70.621349396,0,1
70.621372702,1,1
70.621392108,1,0
70.621433356,1,1
70.621476070,1,0
70.621517318,1,1
70.621560032,1,0
70.621601276,1,1
70.621643990,1,0
70.621685238,1,1
70.621727952,1,0
70.621771664,1,1
70.621814380,1,0
70.621852660,1,1
70.621895374,1,0
70.621940080,1,1
70.621953326,1,0
70.622226576,0,0
70.623001828,0,1
70.623049066,0,0
70.623090330,0,1
70.623133052,0,0
70.623174316,0,1
70.623217046,0,0
70.623258312,0,1
70.623301032,0,0
70.623342294,0,1
70.623385012,0,0
70.623426270,0,1
70.623468990,0,0
70.623510252,0,1
70.623552972,0,0
70.623594232,0,1
70.623636954,0,0
70.623678212,0,1
70.623722414,0,0
70.623724326,1,0
70.623763664,1,1
70.623806384,1,0
70.623847630,1,1
70.623880982,0,1
70.623894302,0,0
70.623935558,0,1
70.623958866,1,1
70.624302578,0,1
70.624314394,0,0
70.624357052,0,1
70.624398716,0,0
70.624439894,0,1
70.624463162,1,1
70.624482536,1,0
70.624523708,1,1
70.624545172,0,1
70.624565370,0,0
70.624606546,0,1
70.624629812,1,1
70.624649186,1,0
70.624690362,1,1
70.624733002,1,0
70.624774172,1,1
70.624816814,1,0
70.624857982,1,1
70.624900622,1,0
70.624941792,1,1
70.624984434,1,0
70.625028068,1,1
70.625070712,1,0
70.625108922,1,1
70.625151562,1,0
70.625196188,1,1
70.625208332,1,0
70.625209586,1,1
70.625832872,0,1
70.625844686,0,0
70.625887334,0,1
70.625928986,0,0
70.625970158,0,1
70.626011814,0,0
70.626052988,0,1
70.626094642,0,0
70.626135816,0,1
70.626177472,0,0
70.626218652,0,1
70.626241926,1,1
70.626261302,1,0
70.626302488,1,1
70.626345138,1,0
70.626386312,1,1
70.626428950,1,0
70.626470116,1,1
70.626512752,1,0
70.626556386,1,1
70.626599024,1,0
70.626637236,1,1
70.626679878,1,0
70.626724498,1,1
70.630357380,0,1
70.630369194,0,0
70.630411838,0,1
70.630435098,1,1
70.630454472,1,0
70.630495638,1,1
70.630517100,0,1
70.630537296,0,0
70.630578470,0,1
70.630601734,1,1
70.630621108,1,0
70.630662276,1,1
70.630683738,0,1
70.630703934,0,0
70.630745106,0,1
70.630768366,1,1
70.630787738,1,0
70.630828908,1,1
70.630871546,1,0
70.630912712,1,1
70.630934174,0,1
70.630954372,0,0
70.630995542,0,1
70.631037194,0,0
70.631080830,0,1
70.631104092,1,1
70.631123464,1,0
70.631161674,1,1
70.631204316,1,0
70.631248934,1,1
70.638774756,1,0
70.642310964,1,1
70.650815374,0,1
70.650827188,0,0
70.650869834,0,1
70.650893094,1,1
70.650912468,1,0
70.650953634,1,1
70.650975090,0,1
70.650995286,0,0
70.651036456,0,1
70.651059718,1,1
70.651079090,1,0
70.651120252,1,1
70.651141712,0,1
70.651161908,0,0
70.651203080,0,1
70.651226342,1,1
70.651245714,1,0
70.651286882,1,1
70.651329520,1,0
70.651370686,1,1
70.651392144,0,1
70.651412340,0,0
70.651453510,0,1
70.651495160,0,0
70.651538794,0,1
70.651562058,1,1
70.651581428,1,0
70.651619634,1,1
70.651662268,1,0
70.651706882,1,1
70.651725712,1,0
70.658316526,1,1
70.658489298,0,1
70.658501110,0,0
70.658543752,0,1
70.658585398,0,0
70.658626568,0,1
70.658668220,0,0
70.658709388,0,1
70.658732652,1,1
70.658752026,1,0
70.658793192,1,1
70.658814650,0,1
70.658834844,0,0
70.658876014,0,1
70.658899274,1,1
70.658918646,1,0
70.658959810,1,1
70.659002448,1,0
70.659043612,1,1
70.659065072,0,1
70.659085264,0,0
70.659126434,0,1
70.659168084,0,0
70.659211720,0,1
70.659253372,0,0
70.659291584,0,1
70.659314846,1,1
70.659334218,1,0
70.659378830,1,1
70.659397216,1,0
70.666310094,1,1
70.672165508,0,1
70.672177322,0,0
70.672219980,0,1
70.672261636,0,0
70.672302804,0,1
70.672344452,0,0
70.672385622,0,1
70.672408882,1,1
70.672428254,1,0
70.672469416,1,1
70.672512052,1,0
70.672553216,1,1
70.672595852,1,0
70.672637016,1,1
70.672679648,1,0
70.672720810,1,1
70.672742268,0,1
70.672762462,0,0
70.672803628,0,1
70.672845278,0,0
70.672888908,0,1
70.672912168,1,1
70.672931540,1,0
70.672969742,1,1
70.673012374,1,0
70.673056988,1,1
70.673074362,1,0
70.674310046,1,1
70.725109260,0,1
70.725121068,0,0
70.725163686,0,1
70.725205314,0,0
70.725246462,0,1
70.725288086,0,0
70.725329234,0,1
70.725370862,0,0
70.725412004,0,1
70.725453640,0,0
70.725494798,0,1
70.725518052,1,1
70.725537418,1,0
70.725578572,1,1
70.725621200,1,0
70.725662356,1,1
70.725704976,1,0
70.725746128,1,1
70.725788750,1,0
70.725832360,1,1
70.725874988,1,0
70.725913186,1,1
70.725955816,1,0
70.726000424,1,1
70.729633320,0,1
70.729645132,0,0
70.729687768,0,1
70.729729410,0,0
70.729770568,0,1
70.729812214,0,0
70.729853374,0,1
70.729876626,1,1
70.729895996,1,0
70.729937152,1,1
70.729958608,0,1
70.729978798,0,0
70.730019956,0,1
70.730043214,1,1
70.730062586,1,0
70.730103742,1,1
70.730146372,1,0
70.730187534,1,1
70.730208996,0,1
70.730229190,0,0
70.730270354,0,1
70.730312000,0,0
70.730355630,0,1
70.730397276,0,0
70.730435482,0,1
70.730458742,1,1
70.730478110,1,0
70.730522716,1,1
70.738653864,1,0
70.746310156,1,1
70.757780790,0,1
70.757792600,0,0
70.757835230,0,1
70.757876868,0,0
70.757918022,0,1
70.757959666,0,0
70.758000830,0,1
70.758042476,0,0
70.758083640,0,1
70.758125286,0,0
70.758166448,0,1
70.758189706,1,1
70.758209080,1,0
70.758250242,1,1
70.758292870,1,0
70.758334024,1,1
70.758376652,1,0
70.758417808,1,1
70.758460434,1,0
70.758504054,1,1
70.758546684,1,0
70.758584876,1,1
70.758627506,1,0
70.758672110,1,1
70.762303962,0,1
70.762315774,0,0
70.762358414,0,1
70.762381666,1,1
70.762401034,1,0
70.762442194,1,1
70.762463650,0,1
70.762483838,0,0
70.762524996,0,1
70.762548256,1,1
70.762567626,1,0
70.762608782,1,1
70.762630238,0,1
70.762650426,0,0
70.762691588,0,1
70.762714842,1,1
70.762734212,1,0
70.762775366,1,1
70.762817998,1,0
70.762859156,1,1
70.762880612,0,1
70.762900802,0,0
70.762941960,0,1
70.762983604,0,0
70.763027228,0,1
70.763050482,1,1
70.763069848,1,0
70.763108044,1,1
70.763150668,1,0
70.763195272,1,1
70.766827370,0,1
70.766839182,0,0
70.766881822,0,1
70.766923466,0,0
70.766964626,0,1
70.767006272,0,0
70.767047434,0,1
70.767089078,0,0
70.767130238,0,1
70.767171882,0,0
70.767213048,0,1
70.767236308,1,1
70.767255680,1,0
70.767296844,1,1
70.767339478,1,0
70.767380638,1,1
70.767423268,1,0
70.767464424,1,1
70.767507056,1,0
70.767550682,1,1
70.767593312,1,0
70.767631510,1,1
70.767674144,1,0
70.767718754,1,1
70.771350444,0,1
70.771362258,0,0
70.771404906,0,1
70.771446558,0,0
70.771487728,0,1
70.771529382,0,0
70.771570544,0,1
70.771593806,1,1
70.771613182,1,0
70.771654344,1,1
70.771696968,1,0
70.771738116,1,1
70.771780730,1,0
70.771821870,1,1
70.771864484,1,0
70.771905624,1,1
70.771927074,0,1
70.771947256,0,0
70.771988402,0,1
70.772030030,0,0
70.772073634,0,1
70.772096882,1,1
70.772116244,1,0
70.772154430,1,1
70.772197048,1,0
70.772241656,1,1
70.779837794,1,0
70.786309556,1,1
70.791323030,0,1
70.791334842,0,0
70.791377476,0,1
70.791400728,1,1
70.791420098,1,0
70.791461256,1,1
70.791482710,0,1
70.791502900,0,0
70.791544062,0,1
70.791567320,1,1
70.791586690,1,0
70.791627846,1,1
70.791649300,0,1
70.791669490,0,0
70.791710650,0,1
70.791733904,1,1
70.791753272,1,0
70.791794428,1,1
70.791837058,1,0
70.791878214,1,1
70.791899668,0,1
70.791919860,0,0
70.791961018,0,1
70.792002660,0,0
70.792046284,0,1
70.792069542,1,1
70.792088912,1,0
70.792127110,1,1
70.792169736,1,0
70.792214354,1,1
70.792232032,1,0
70.794309268,1,1
70.795846972,0,1
70.795858784,0,0
70.795901420,0,1
70.795943062,0,0
70.795984226,0,1
70.796025870,0,0
70.796067032,0,1
70.796090294,1,1
70.796109662,1,0
70.796150820,1,1
70.796193454,1,0
70.796234614,1,1
70.796277250,1,0
70.796318406,1,1
70.796361038,1,0
70.796402198,1,1
70.796423656,0,1
70.796443846,0,0
70.796485006,0,1
70.796526654,0,0
70.796570284,0,1
70.796593544,1,1
70.796612914,1,0
70.796651116,1,1
70.796693746,1,0
70.796738350,1,1
70.796756498,1,0
70.802308714,1,1
70.815064458,0,1
70.815076268,0,0
70.815118906,0,1
70.815160548,0,0
70.815201710,0,1
70.815243352,0,0
70.815284516,0,1
70.815307772,1,1
70.815327138,1,0
70.815368292,1,1
70.815389748,0,1
70.815409938,0,0
70.815451094,0,1
70.815474348,1,1
70.815493718,1,0
70.815534880,1,1
70.815577512,1,0
70.815618668,1,1
70.815640126,0,1
70.815660316,0,0
70.815701476,0,1
70.815743120,0,0
70.815786744,0,1
70.815828386,0,0
70.815866588,0,1
70.815889846,1,1
70.815909216,1,0
70.815953824,1,1
70.815971708,1,0
70.818309330,1,1
70.833883240,1,0
70.834156414,0,0
70.834931382,0,1
70.835549668,0,0
70.835551856,1,0
70.835590838,1,1
70.835632486,1,0
70.835634050,0,0
70.835673656,0,1
70.835716292,0,0
70.835717830,1,0
70.835757454,1,1
70.835799098,1,0
70.835840260,1,1
70.835881906,1,0
70.835883510,0,0
70.835923072,0,1
70.835965708,0,0
70.835967310,1,0
70.836006868,1,1
70.836048512,1,0
70.836089674,1,1
70.836131320,1,0
70.836172474,1,1
70.836215602,1,0
70.836256764,1,1
70.836299390,1,0
70.836340550,1,1
70.836373834,0,1
70.836387124,0,0
70.836428290,0,1
70.836451550,1,1
70.836723290,0,1
70.836735102,0,0
70.836777738,0,1
70.836819378,0,0
70.836860538,0,1
70.836883796,1,1
70.836903164,1,0
70.836944318,1,1
70.836965772,0,1
70.836985964,0,0
70.837027122,0,1
70.837050380,1,1
70.837069748,1,0
70.837110902,1,1
70.837153536,1,0
70.837194692,1,1
70.837237320,1,0
70.837278476,1,1
70.837321102,1,0
70.837362256,1,1
70.837404886,1,0
70.837448506,1,1
70.837491136,1,0
70.837529334,1,1
70.837571964,1,0
70.837616568,1,1
70.837632218,1,0
70.837905336,0,0
70.838680246,0,1
70.838720728,0,0
70.838761906,0,1
70.838804538,0,0
70.838845710,0,1
70.838888346,0,0
70.838890112,1,0
70.838929504,1,1
70.838971150,1,0
70.838972336,0,0
70.839012318,0,1
70.839054950,0,0
70.839096122,0,1
70.839138756,0,0
70.839179924,0,1
70.839222562,0,0
70.839263734,0,1
70.839306364,0,0
70.839347534,0,1
70.839391648,0,0
70.839432818,0,1
70.839472002,0,0
70.839473824,1,0
70.839513168,1,1
70.839546454,0,1
70.839559744,0,0
70.839600910,0,1
70.839624170,1,1
70.839963096,0,1
70.839974924,0,0
70.840017630,0,1
70.840059338,0,0
70.840100564,0,1
70.840123858,1,1
70.840143260,1,0
70.840184490,1,1
70.840205984,0,1
70.840226208,0,0
70.840267440,0,1
70.840290740,1,1
70.840310142,1,0
70.840351372,1,1
70.840394076,1,0
70.840435310,1,1
70.840478006,1,0
70.840519236,1,1
70.840561936,1,0
70.840603166,1,1
70.840645870,1,0
70.840689572,1,1
70.840732270,1,0
70.840770534,1,1
70.840813236,1,0
70.840857924,1,1
70.840870620,1,0
70.840871872,1,1
70.886637656,0,1
70.886649490,0,0
70.886692216,0,1
70.886733938,0,0
70.886775184,0,1
70.886816908,0,0
70.886858154,0,1
70.886899874,0,0
70.886941122,0,1
70.886982848,0,0
70.887024096,0,1
70.887047402,1,1
70.887066804,1,0
70.887108046,1,1
70.887150750,1,0
70.887191986,1,1
70.887234700,1,0
70.887275938,1,1
70.887318644,1,0
70.887362352,1,1
70.887405058,1,0
70.887443334,1,1
70.887486042,1,0
70.887530736,1,1
70.891169522,0,1
70.891181356,0,0
70.891224074,0,1
70.891265794,0,0
70.891307036,0,1
70.891348758,0,0
70.891390002,0,1
70.891413306,1,1
70.891432708,1,0
70.891473944,1,1
70.891516652,1,0
70.891557888,1,1
70.891600592,1,0
70.891641822,1,1
70.891684526,1,0
70.891725758,1,1
70.891747248,0,1
70.891767474,0,0
70.891808712,0,1
70.891850428,0,0
70.891894136,0,1
70.891917438,1,1
70.891936844,1,0
70.891975122,1,1
70.892017830,1,0
70.892062522,1,1
70.898780726,0,1
70.898792560,0,0
70.898835288,0,1
70.898877014,0,0
70.898918260,0,1
70.898959984,0,0
70.899001230,0,1
70.899042958,0,0
70.899084202,0,1
70.899125926,0,0
70.899167176,0,1
70.899190480,1,1
70.899209890,1,0
70.899251130,1,1
70.899293846,1,0
70.899335088,1,1
70.899377796,1,0
70.899419042,1,1
70.899461750,1,0
70.899505456,1,1
70.899548168,1,0
70.899586444,1,1
70.899629154,1,0
70.899673854,1,1
70.903313078,0,1
70.903324912,0,0
70.903367638,0,1
70.903390942,1,1
70.903410346,1,0
70.903451590,1,1
70.903473086,0,1
70.903493318,0,0
70.903534560,0,1
70.903557862,1,1
70.903577268,1,0
70.903618508,1,1
70.903640006,0,1
70.903660234,0,0
70.903701476,0,1
70.903724778,1,1
70.903744184,1,0
70.903785424,1,1
70.903828134,1,0
70.903869374,1,1
70.903890870,0,1
70.903911100,0,0
70.903952340,0,1
70.903994062,0,0
70.904037776,0,1
70.904061080,1,1
70.904080484,1,0
70.904118760,1,1
70.904161472,1,0
70.904206172,1,1
70.911676216,1,0
70.914309082,1,1
70.921382026,0,1
70.921393862,0,0
70.921436590,0,1
70.921478314,0,0
70.921519560,0,1
70.921561288,0,0
70.921602538,0,1
70.921644260,0,0
70.921685508,0,1
70.921727234,0,0
70.921768478,0,1
70.921791784,1,1
70.921811190,1,0
70.921852432,1,1
70.921895142,1,0
70.921936384,1,1
70.921979098,1,0
70.922020336,1,1
70.922063050,1,0
70.922106764,1,1
70.922149476,1,0
70.922187758,1,1
70.922230486,1,0
70.922275194,1,1
70.925915496,0,1
70.925927332,0,0
70.925970056,0,1
70.926011780,0,0
70.926053026,0,1
70.926094752,0,0
70.926135998,0,1
70.926159302,1,1
70.926178708,1,0
70.926219956,1,1
70.926241454,0,1
70.926261688,0,0
70.926302936,0,1
70.926326240,1,1
70.926345646,1,0
70.926386888,1,1
70.926429604,1,0
70.926470846,1,1
70.926492342,0,1
70.926512574,0,0
70.926553824,0,1
70.926595550,0,0
70.926639264,0,1
70.926680992,0,0
70.926719274,0,1
70.926742578,1,1
70.926761984,1,0
70.926806684,1,1
70.934343314,1,0
70.938309742,1,1
70.954425184,1,0
70.954698434,0,0
70.955473716,0,1
70.955709328,0,0
70.955710888,1,0
70.955750580,1,1
70.955792306,1,0
70.955794142,0,0
70.955833560,0,1
70.955876274,0,0
70.955877982,1,0
70.955917524,1,1
70.955959248,1,0
70.956000486,1,1
70.956042212,1,0
70.956043752,0,0
70.956083462,0,1
70.956126174,0,0
70.956127588,1,0
70.956167424,1,1
70.956209160,1,0
70.956250412,1,1
70.956292142,1,0
70.956333390,1,1
70.956376596,1,0
70.956417842,1,1
70.956460554,1,0
70.956501798,1,1
70.956535148,0,1
70.956548466,0,0
70.956589720,0,1
70.956613028,1,1
70.956885314,0,1
70.956897146,0,0
70.956939870,0,1
70.956981596,0,0
70.957022844,0,1
70.957046150,1,1
70.957065558,1,0
70.957106806,1,1
70.957128304,0,1
70.957148536,0,0
70.957189790,0,1
70.957213098,1,1
70.957232506,1,0
70.957273752,1,1
70.957316468,1,0
70.957357716,1,1
70.957400428,1,0
70.957441672,1,1
70.957484388,1,0
70.957525630,1,1
70.957568346,1,0
70.957612062,1,1
70.957654778,1,0
70.957693060,1,1
70.957735774,1,0
70.957780474,1,1
70.957793490,1,0
70.958062742,0,0
70.958838074,0,1
70.958880564,0,0
70.958921838,0,1
70.958964564,0,0
70.959005834,0,1
70.959048556,0,0
70.959089820,0,1
70.959132542,0,0
70.959173804,0,1
70.959216522,0,0
70.959257766,0,1
70.959300486,0,0
70.959341752,0,1
70.959384472,0,0
70.959425730,0,1
70.959468444,0,0
70.959509702,0,1
70.959553904,0,0
70.959555578,1,0
70.959595152,1,1
70.959637870,1,0
70.959679116,1,1
70.959712468,0,1
70.959725786,0,0
70.959767038,0,1
70.959790348,1,1
70.960134030,0,1
70.960145846,0,0
70.960188508,0,1
70.960230176,0,0
70.960271358,0,1
70.960294626,1,1
70.960313998,1,0
70.960355172,1,1
70.960376636,0,1
70.960396834,0,0
70.960438014,0,1
70.960461282,1,1
70.960480658,1,0
70.960521832,1,1
70.960564474,1,0
70.960605646,1,1
70.960648292,1,0
70.960689460,1,1
70.960732102,1,0
70.960773274,1,1
70.960815912,1,0
70.960859546,1,1
70.960902190,1,0
70.960940400,1,1
70.960983042,1,0
70.961027662,1,1
70.961040830,1,0
70.961042086,1,1
70.961664380,0,1
70.961676196,0,0
70.961718846,0,1
70.961760500,0,0
70.961801678,0,1
70.961843336,0,0
70.961884514,0,1
70.961907780,1,1
70.961927154,1,0
70.961968324,1,1
70.962010966,1,0
70.962052134,1,1
70.962094776,1,0
70.962135946,1,1
70.962178588,1,0
70.962219770,1,1
70.962241238,0,1
70.962261440,0,0
70.962302622,0,1
70.962344280,0,0
70.962387924,0,1
70.962411188,1,1
70.962430564,1,0
70.962468782,1,1
70.962511424,1,0
70.962556044,1,1
70.962574560,1,0
70.970308760,1,1
70.975304714,0,1
70.975316528,0,0
70.975359158,0,1
70.975400806,0,0
70.975441986,0,1
70.975483646,0,0
70.975524812,0,1
70.975548076,1,1
70.975567450,1,0
70.975608620,1,1
70.975630078,0,1
70.975650272,0,0
70.975691442,0,1
70.975714704,1,1
70.975734072,1,0
70.975775224,1,1
70.975817848,1,0
70.975858998,1,1
70.975880448,0,1
70.975900632,0,0
70.975941778,0,1
70.975983412,0,0
70.976027022,0,1
70.976068654,0,0
70.976106844,0,1
70.976130092,1,1
70.976149452,1,0
70.976194048,1,1
70.976212968,1,0
70.978308658,1,1
70.983534050,0,1
70.983545862,0,0
70.983588498,0,1
70.983611756,1,1
70.983631124,1,0
70.983672284,1,1
70.983693744,0,1
70.983713936,0,0
70.983755098,0,1
70.983778360,1,1
70.983797730,1,0
70.983838890,1,1
70.983860350,0,1
70.983880550,0,0
70.983921730,0,1
70.983944994,1,1
70.983964368,1,0
70.984005532,1,1
70.984048164,1,0
70.984089324,1,1
70.984110784,0,1
70.984130978,0,0
70.984172148,0,1
70.984213806,0,0
70.984257442,0,1
70.984280704,1,1
70.984300076,1,0
70.984338284,1,1
70.984380920,1,0
70.984425528,1,1
70.984444068,1,0
70.986308582,1,1
71.058640766,0,1
71.058652580,0,0
71.058695220,0,1
71.058736864,0,0
71.058778028,0,1
71.058819674,0,0
71.058860836,0,1
71.058902484,0,0
71.058943650,0,1
71.058985298,0,0
71.059026462,0,1
71.059049720,1,1
71.059069094,1,0
71.059110254,1,1
71.059152886,1,0
71.059194050,1,1
71.059236682,1,0
71.059277842,1,1
71.059320474,1,0
71.059364094,1,1
71.059406726,1,0
71.059444926,1,1
71.059487556,1,0
71.059532162,1,1
71.063164074,0,1
71.063175884,0,0
71.063218522,0,1
71.063241778,1,1
71.063261146,1,0
71.063302298,1,1
71.063323752,0,1
71.063343938,0,0
71.063385096,0,1
71.063408352,1,1
71.063427718,1,0
71.063468874,1,1
71.063490332,0,1
71.063510524,0,0
71.063551684,0,1
71.063574940,1,1
71.063594308,1,0
71.063635466,1,1
71.063678092,1,0
71.063719246,1,1
71.063740702,0,1
71.063760892,0,0
71.063802052,0,1
71.063843694,0,0
71.063887316,0,1
71.063910572,1,1
71.063929942,1,0
71.063968138,1,1
71.064010764,1,0
71.064055366,1,1
71.071323168,1,0
71.074308492,1,1
71.083197472,0,1
71.083209282,0,0
71.083251918,0,1
71.083293562,0,0
71.083334722,0,1
71.083376366,0,0
71.083417528,0,1
71.083459174,0,0
71.083500334,0,1
71.083541976,0,0
71.083583140,0,1
71.083606396,1,1
71.083625766,1,0
71.083666918,1,1
71.083709550,1,0
71.083750704,1,1
71.083793328,1,0
71.083834484,1,1
71.083877120,1,0
71.083920752,1,1
71.083963390,1,0
71.084001590,1,1
71.084044222,1,0
71.084088828,1,1
71.087720576,0,1
71.087732386,0,0
71.087775022,0,1
71.087816662,0,0
71.087857818,0,1
71.087899460,0,0
71.087940620,0,1
71.087963874,1,1
71.087983240,1,0
71.088024394,1,1
71.088067022,1,0
71.088108174,1,1
71.088150804,1,0
71.088191962,1,1
71.088234592,1,0
71.088275748,1,1
71.088297204,0,1
71.088317392,0,0
71.088358548,0,1
71.088400192,0,0
71.088443818,0,1
71.088467074,1,1
71.088486444,1,0
71.088524642,1,1
71.088567274,1,0
71.088611876,1,1
71.096039234,1,0
71.098309066,1,1
71.100562290,0,1
71.100574100,0,0
71.100616736,0,1
71.100658378,0,0
71.100699534,0,1
71.100741176,0,0
71.100782336,0,1
71.100823980,0,0
71.100865144,0,1
71.100906790,0,0
71.100947950,0,1
71.100971206,1,1
71.100990578,1,0
71.101031734,1,1
71.101074364,1,0
71.101115522,1,1
71.101158150,1,0
71.101199306,1,1
71.101241936,1,0
71.101285556,1,1
71.101328184,1,0
71.101366380,1,1
71.101409012,1,0
71.101453614,1,1
71.105086344,0,1
71.105098152,0,0
71.105140782,0,1
71.105182424,0,0
71.105223586,0,1
71.105265228,0,0
71.105306388,0,1
71.105329642,1,1
71.105349012,1,0
71.105390166,1,1
71.105411618,0,1
71.105431808,0,0
71.105472966,0,1
71.105496220,1,1
71.105515588,1,0
71.105556740,1,1
71.105599368,1,0
71.105640516,1,1
71.105661976,0,1
71.105682164,0,0
71.105723320,0,1
71.105764962,0,0
71.105808584,0,1
71.105850226,0,0
71.105888426,0,1
71.105911682,1,1
71.105931048,1,0
71.105975648,1,1
71.113545180,1,0
71.114310038,1,1
71.129752174,0,1
71.129763980,0,0
71.129806604,0,1
71.129848240,0,0
71.129889392,0,1
71.129931026,0,0
71.129972180,0,1
71.129995432,1,1
71.130014796,1,0
71.130055944,1,1
71.130098570,1,0
71.130139722,1,1
71.130182340,1,0
71.130223494,1,1
71.130266124,1,0
71.130307280,1,1
71.130328740,0,1
71.130348932,0,0
71.130390088,0,1
71.130431724,0,0
71.130475342,0,1
71.130498598,1,1
71.130517964,1,0
71.130556158,1,1
71.130598782,1,0
71.130643384,1,1
71.130661708,1,0
71.138310586,1,1
71.140725274,0,1
71.140737084,0,0
71.140779716,0,1
71.140821350,0,0
71.140862508,0,1
71.140904148,0,0
71.140945308,0,1
71.140968566,1,1
71.140987936,1,0
71.141029094,1,1
71.141050550,0,1
71.141070740,0,0
71.141111902,0,1
71.141135156,1,1
71.141154526,1,0
71.141195684,1,1
71.141238314,1,0
71.141279466,1,1
71.141300922,0,1
71.141321108,0,0
71.141362264,0,1
71.141403906,0,0
71.141447530,0,1
71.141489174,0,0
71.141527376,0,1
71.141550630,1,1
71.141569996,1,0
71.141614600,1,1
71.141633122,1,0
71.146308504,1,1
71.159965158,0,1
71.159976970,0,0
71.160019604,0,1
71.160042858,1,1
71.160062224,1,0
71.160103376,1,1
71.160124832,0,1
71.160145020,0,0
71.160186180,0,1
71.160209438,1,1
71.160228808,1,0
71.160269964,1,1
71.160291420,0,1
71.160311608,0,0
71.160352764,0,1
71.160376020,1,1
71.160395388,1,0
71.160436538,1,1
71.160479166,1,0
71.160520320,1,1
71.160541772,0,1
71.160561960,0,0
71.160603116,0,1
71.160644756,0,0
71.160688376,0,1
71.160711632,1,1
71.160731002,1,0
71.160769202,1,1
71.160811828,1,0
71.160856428,1,1
71.160874430,1,0
71.162308812,1,1
71.177893388,1,0
71.178166558,0,0
71.178941592,0,1
71.179081516,0,0
71.179083052,1,0
71.179122676,1,1
71.179164318,1,0
71.179166296,0,0
71.179205488,0,1
71.179248120,0,0
71.179250130,1,0
71.179289280,1,1
71.179330924,1,0
71.179372084,1,1
71.179413728,1,0
71.179414852,0,0
71.179454892,0,1
71.179497524,0,0
71.179499664,1,0
71.179538684,1,1
71.179580328,1,0
71.179621482,1,1
71.179663126,1,0
71.179704276,1,1
71.179747394,1,0
71.179788550,1,1
71.179831178,1,0
71.179872332,1,1
71.179905616,0,1
71.179918906,0,0
71.179960072,0,1
71.179983336,1,1
71.180255088,0,1
71.180266900,0,0
71.180309536,0,1
71.180351178,0,0
71.180392334,0,1
71.180415594,1,1
71.180434960,1,0
71.180476116,1,1
71.180497570,0,1
71.180517758,0,0
71.180558904,0,1
71.180582152,1,1
71.180601514,1,0
71.180642646,1,1
71.180685254,1,0
71.180726384,1,1
71.180768990,1,0
71.180810110,1,1
71.180852706,1,0
71.180893842,1,1
71.180936458,1,0
71.180980052,1,1
71.181022652,1,0
71.181060824,1,1
71.181103430,1,0
71.181148008,1,1
71.181163494,1,0
71.181432554,0,0
71.182207258,0,1
71.182254156,0,0
71.182295320,0,1
71.182337938,0,0
71.182379092,0,1
71.182421710,0,0
71.182423166,1,0
71.182462852,1,1
71.182504478,1,0
71.182506376,0,0
71.182545624,0,1
71.182588236,0,0
71.182629382,0,1
71.182671994,0,0
71.182713142,0,1
71.182755754,0,0
71.182796930,0,1
71.182839576,0,0
71.182880758,0,1
71.182924872,0,0
71.182966040,0,1
71.183005222,0,0
71.183006916,1,0
71.183046380,1,1
71.183079670,0,1
71.183092962,0,0
71.183134130,0,1
71.183157398,1,1
71.183496336,0,1
71.183508164,0,0
71.183550866,0,1
71.183592574,0,0
71.183633800,0,1
71.183657094,1,1
71.183676494,1,0
71.183717724,1,1
71.183739216,0,1
71.183759438,0,0
71.183800670,0,1
71.183823966,1,1
71.183843366,1,0
71.183884596,1,1
71.183927290,1,0
71.183968518,1,1
71.184011218,1,0
71.184052458,1,1
71.184095170,1,0
71.184136404,1,1
71.184179104,1,0
71.184222810,1,1
71.184265520,1,0
71.184303788,1,1
71.184346490,1,0
71.184391176,1,1
71.184405938,1,0
71.184407188,1,1
71.243653576,0,1
71.243665410,0,0
71.243708134,0,1
71.243749856,0,0
71.243791096,0,1
71.243832816,0,0
71.243874062,0,1
71.243915782,0,0
71.243957022,0,1
71.243998744,0,0
71.244039984,0,1
71.244063282,1,1
71.244082684,1,0
71.244123922,1,1
71.244166628,1,0
71.244207868,1,1
71.244250572,1,0
71.244291812,1,1
71.244334516,1,0
71.244378224,1,1
71.244420930,1,0
71.244459198,1,1
71.244501902,1,0
71.244546590,1,1
71.248185128,0,1
71.248196964,0,0
71.248239684,0,1
71.248281404,0,0
71.248322648,0,1
71.248364372,0,0
71.248405614,0,1
71.248428918,1,1
71.248448322,1,0
71.248489562,1,1
71.248532270,1,0
71.248573510,1,1
71.248616220,1,0
71.248657460,1,1
71.248700172,1,0
71.248741410,1,1
71.248762906,0,1
71.248783138,0,0
71.248824382,0,1
71.248866106,0,0
71.248909816,0,1
71.248933122,1,1
71.248952526,1,0
71.248990804,1,1
71.249033514,1,0
71.249078210,1,1
71.256730710,1,0
71.258308800,1,1
71.261393270,0,1
71.261405104,0,0
71.261447824,0,1
71.261489540,0,0
71.261530782,0,1
71.261572506,0,0
71.261613752,0,1
71.261655474,0,0
71.261696718,0,1
71.261738440,0,0
71.261779680,0,1
71.261802984,1,1
71.261822390,1,0
71.261863632,1,1
71.261906338,1,0
71.261947580,1,1
71.261990288,1,0
71.262031526,1,1
71.262074232,1,0
71.262117938,1,1
71.262160644,1,0
71.262198922,1,1
71.262241638,1,0
71.262286332,1,1
71.265926326,0,1
71.265938158,0,0
71.265980882,0,1
71.266022606,0,0
71.266063852,0,1
71.266105572,0,0
71.266146818,0,1
71.266170124,1,1
71.266189530,1,0
71.266230778,1,1
71.266252278,0,1
71.266272512,0,0
71.266313762,0,1
71.266337068,1,1
71.266356472,1,0
71.266397712,1,1
71.266440426,1,0
71.266481662,1,1
71.266503158,0,1
71.266523388,0,0
71.266564632,0,1
71.266606354,0,0
71.266650070,0,1
71.266691794,0,0
71.266730074,0,1
71.266753378,1,1
71.266772784,1,0
71.266817486,1,1
71.270456682,0,1
71.270468518,0,0
71.270511244,0,1
71.270552964,0,0
71.270594212,0,1
71.270635936,0,0
71.270677178,0,1
71.270718904,0,0
71.270760152,0,1
71.270801874,0,0
71.270843118,0,1
71.270866426,1,1
71.270885832,1,0
71.270927074,1,1
71.270969788,1,0
71.271011028,1,1
71.271053742,1,0
71.271094982,1,1
71.271137696,1,0
71.271181404,1,1
71.271224118,1,0
71.271262398,1,1
71.271305110,1,0
71.271349804,1,1
71.274988976,0,1
71.275000810,0,0
71.275043530,0,1
71.275066838,1,1
71.275086240,1,0
71.275127482,1,1
71.275148976,0,1
71.275169206,0,0
71.275210456,0,1
71.275233758,1,1
71.275253162,1,0
71.275294404,1,1
71.275315902,0,1
71.275336134,0,0
71.275377382,0,1
71.275400686,1,1
71.275420094,1,0
71.275461340,1,1
71.275504054,1,0
71.275545294,1,1
71.275566794,0,1
71.275587028,0,0
71.275628274,0,1
71.275669996,0,0
71.275713714,0,1
71.275737016,1,1
71.275756422,1,0
71.275794700,1,1
71.275837414,1,0
71.275882114,1,1
71.283525304,1,0
71.290308490,1,1
71.302108216,0,1
71.302120052,0,0
71.302162772,0,1
71.302204500,0,0
71.302245750,0,1
71.302287474,0,0
71.302328718,0,1
71.302352022,1,1
71.302371426,1,0
71.302412662,1,1
71.302455372,1,0
71.302496608,1,1
71.302539312,1,0
71.302580548,1,1
71.302623260,1,0
71.302664496,1,1
71.302685994,0,1
71.302706224,0,0
71.302747470,0,1
71.302789192,0,0
71.302832904,0,1
71.302856208,1,1
71.302875612,1,0
71.302913886,1,1
71.302956594,1,0
71.303001290,1,1
71.303019420,1,0
71.306308060,1,1
71.321058418,0,1
71.321070250,0,0
71.321112972,0,1
71.321136276,1,1
71.321155678,1,0
71.321196920,1,1
71.321218418,0,1
71.321238648,0,0
71.321279892,0,1
71.321303194,1,1
71.321322600,1,0
71.321363840,1,1
71.321385334,0,1
71.321405564,0,0
71.321446810,0,1
71.321470114,1,1
71.321489520,1,0
71.321530762,1,1
71.321573474,1,0
71.321614716,1,1
71.321636210,0,1
71.321656438,0,0
71.321697680,0,1
71.321739404,0,0
71.321783118,0,1
71.321806422,1,1
71.321825830,1,0
71.321864108,1,1
71.321906824,1,0
71.321951518,1,1
71.321970380,1,0
71.322314396,1,1
71.338635390,1,0
71.338908658,0,0
71.339684004,0,1
71.340016384,0,0
71.340017844,1,0
71.340057640,1,1
71.340099370,1,0
71.340101092,0,0
71.340140624,0,1
71.340183344,0,0
71.340184938,1,0
71.340224598,1,1
71.340266330,1,0
71.340307578,1,1
71.340349306,1,0
71.340350708,0,0
71.340390558,0,1
71.340433272,0,0
71.340435552,1,0
71.340474520,1,1
71.340516248,1,0
71.340557492,1,1
71.340599224,1,0
71.340640468,1,1
71.340683676,1,0
71.340724922,1,1
71.340767636,1,0
71.340808878,1,1
71.340842228,0,1
71.340855548,0,0
71.340896804,0,1
71.340920114,1,1
71.341192414,0,1
71.341204250,0,0
71.341246982,0,1
71.341288706,0,0
71.341329954,0,1
71.341353260,1,1
71.341372668,1,0
71.341413916,1,1
71.341435414,0,1
71.341455644,0,0
71.341496894,0,1
71.341520200,1,1
71.341539606,1,0
71.341580848,1,1
71.341623566,1,0
71.341664812,1,1
71.341707524,1,0
71.341748768,1,1
71.341791488,1,0
71.341832736,1,1
71.341875448,1,0
71.341919164,1,1
71.341961866,1,0
71.342000134,1,1
71.342042850,1,0
71.342087560,1,1
71.342100144,1,0
71.342369376,0,0
71.343144766,0,1
71.343187602,0,0
71.343228872,0,1
71.343271594,0,0
71.343312858,0,1
71.343355580,0,0
71.343396840,0,1
71.343439562,0,0
71.343480826,0,1
71.343523544,0,0
71.343564804,0,1
71.343607526,0,0
71.343648784,0,1
71.343648788,0,0
71.343648790,0,1
71.343691506,0,0
71.343732764,0,1
71.343775482,0,0
71.343816742,0,1
71.343860944,0,0
71.343863256,1,0
71.343902196,1,1
71.343944914,1,0
71.343986162,1,1
71.344019514,0,1
71.344032832,0,0
71.344074086,0,1
71.344097396,1,1
71.344441118,0,1
71.344452936,0,0
71.344495592,0,1
71.344537256,0,0
71.344578434,0,1
71.344601700,1,1
71.344621074,1,0
71.344662248,1,1
71.344683712,0,1
71.344703908,0,0
71.344745084,0,1
71.344768350,1,1
71.344787724,1,0
71.344828896,1,1
71.344871536,1,0
71.344912708,1,1
71.344955350,1,0
71.344996520,1,1
71.345039164,1,0
71.345080336,1,1
71.345122974,1,0
71.345166610,1,1
71.345209254,1,0
71.345247468,1,1
71.345290106,1,0
71.345334728,1,1
71.345347536,1,0
71.345348784,1,1
71.345972386,0,1
71.345984202,0,0
71.346026856,0,1
71.346068512,0,0
71.346109688,0,1
71.346151342,0,0
71.346192518,0,1
71.346215788,1,1
71.346235164,1,0
71.346276338,1,1
71.346297802,0,1
71.346317998,0,0
71.346359174,0,1
71.346382442,1,1
71.346401816,1,0
71.346442988,1,1
71.346485626,1,0
71.346526792,1,1
71.346548254,0,1
71.346568448,0,0
71.346609620,0,1
71.346651276,0,0
71.346694914,0,1
71.346736570,0,0
71.346774788,0,1
71.346798050,1,1
71.346817424,1,0
71.346862042,1,1
71.346881076,1,0
71.354307868,1,1
71.415566436,0,1
71.415578246,0,0
71.415620876,0,1
71.415662512,0,0
71.415703666,0,1
71.415745306,0,0
71.415786462,0,1
71.415828102,0,0
71.415869258,0,1
71.415910898,0,0
71.415952058,0,1
71.415975312,1,1
71.415994680,1,0
71.416035836,1,1
71.416078464,1,0
71.416119616,1,1
71.416162240,1,0
71.416203398,1,1
71.416246026,1,0
71.416289644,1,1
71.416332272,1,0
71.416370470,1,1
71.416413094,1,0
71.416457696,1,1
71.420089308,0,1
71.420101116,0,0
71.420143752,0,1
71.420185390,0,0
71.420226552,0,1
71.420268192,0,0
71.420309354,0,1
71.420332608,1,1
71.420351976,1,0
71.420393128,1,1
71.420435756,1,0
71.420476906,1,1
71.420519530,1,0
71.420560684,1,1
71.420603308,1,0
71.420644458,1,1
71.420665912,0,1
71.420686100,0,0
71.420727260,0,1
71.420768902,0,0
71.420812532,0,1
71.420835788,1,1
71.420855158,1,0
71.420893354,1,1
71.420935984,1,0
71.420980590,1,1
71.424612384,0,1
71.424624194,0,0
71.424666830,0,1
71.424708468,0,0
71.424749624,0,1
71.424791264,0,0
71.424832420,0,1
71.424874062,0,0
71.424915220,0,1
71.424956860,0,0
71.424998022,0,1
71.425021278,1,1
71.425040646,1,0
71.425081798,1,1
71.425124428,1,0
71.425165582,1,1
71.425208214,1,0
71.425249372,1,1
71.425292000,1,0
71.425335620,1,1
71.425378248,1,0
71.425416446,1,1
71.425459072,1,0
71.425503674,1,1
71.429135470,0,1
71.429147280,0,0
71.429189920,0,1
71.429213178,1,1
71.429232548,1,0
71.429273704,1,1
71.429295158,0,1
71.429315350,0,0
71.429356510,0,1
71.429379764,1,1
71.429399134,1,0
71.429440290,1,1
71.429461744,0,1
71.429481936,0,0
71.429523094,0,1
71.429546348,1,1
71.429565718,1,0
71.429606878,1,1
71.429649508,1,0
71.429690666,1,1
71.429712122,0,1
71.429732312,0,0
71.429773470,0,1
71.429815112,0,0
71.429858738,0,1
71.429881992,1,1
71.429901360,1,0
71.429939556,1,1
71.429982182,1,0
71.430026786,1,1
71.438018814,1,0
71.442308076,1,1
71.467071140,1,0
71.467340268,0,0
71.468115292,0,1
71.468256610,0,0
71.468258726,1,0
71.468297812,1,1
71.468339496,1,0
71.468340972,0,0
71.468380688,0,1
71.468423370,0,0
71.468424812,1,0
71.468464574,1,1
71.468506248,1,0
71.468547452,1,1
71.468589140,1,0
71.468590572,0,0
71.468630338,0,1
71.468673014,0,0
71.468674418,1,0
71.468714206,1,1
71.468755882,1,0
71.468797064,1,1
71.468838726,1,0
71.468879910,1,1
71.468923054,1,0
71.468964226,1,1
71.469006878,1,0
71.469048058,1,1
71.469081356,0,1
71.469094652,0,0
71.469135850,0,1
71.469159122,1,1
71.469431002,0,1
71.469442822,0,0
71.469485490,0,1
71.469527158,0,0
71.469568340,0,1
71.469591604,1,1
71.469610980,1,0
71.469652154,1,1
71.469673620,0,1
71.469693826,0,0
71.469735006,0,1
71.469758278,1,1
71.469777658,1,0
71.469818840,1,1
71.469861498,1,0
71.469902680,1,1
71.469945336,1,0
71.469986510,1,1
71.470029168,1,0
71.470070366,1,1
71.470113028,1,0
71.470156682,1,1
71.470199360,1,0
71.470237590,1,1
71.470280248,1,0
71.470324900,1,1
71.470337796,1,0
71.470606948,0,0
71.471381944,0,1
71.471423282,0,0
71.471464484,0,1
71.471507148,0,0
71.471548346,0,1
71.471591016,0,0
71.471592910,1,0
71.471632228,1,1
71.471673904,1,0
71.471675162,0,0
71.471715110,0,1
71.471757790,0,0
71.471798998,0,1
71.471841666,0,0
71.471882888,0,1
71.471925566,0,0
71.471966778,0,1
71.472009458,0,0
71.472050658,0,1
71.472094798,0,0
71.472136002,0,1
71.472175204,0,0
71.472176940,1,0
71.472216396,1,1
71.472249708,0,1
71.472263008,0,0
71.472304192,0,1
71.472327466,1,1
71.472666604,0,1
71.472678440,0,0
71.472721176,0,1
71.472762908,0,0
71.472804158,0,1
71.472827472,1,1
71.472846880,1,0
71.472888138,1,1
71.472909638,0,1
71.472929872,0,0
71.472971132,0,1
71.472994440,1,1
71.473013852,1,0
71.473055108,1,1
71.473097832,1,0
71.473139088,1,1
71.473181812,1,0
71.473223064,1,1
71.473265790,1,0
71.473307066,1,1
71.473349806,1,0
71.473393542,1,1
71.473436290,1,0
71.473474600,1,1
71.473517332,1,0
71.473562072,1,1
71.473577312,1,0
71.473578564,1,1
71.487078986,0,1
71.487090826,0,0
71.487133570,0,1
71.487156878,1,1
71.487176288,1,0
71.487217538,1,1
71.487239038,0,1
71.487259276,0,0
71.487300534,0,1
71.487323848,1,1
71.487343256,1,0
71.487384512,1,1
71.487406016,0,1
71.487426254,0,0
71.487467506,0,1
71.487490816,1,1
71.487510226,1,0
71.487551482,1,1
71.487594204,1,0
71.487635454,1,1
71.487656958,0,1
71.487677196,0,0
71.487718448,0,1
71.487760184,0,0
71.487803910,0,1
71.487827222,1,1
71.487846632,1,0
71.487884920,1,1
71.487927648,1,0
71.487972358,1,1
71.487991096,1,0
71.490306710,1,1
71.491613434,0,1
71.491625276,0,0
71.491668024,0,1
71.491709768,0,0
71.491751038,0,1
71.491792784,0,0
71.491834060,0,1
71.491857378,1,1
71.491876792,1,0
71.491918058,1,1
71.491960792,1,0
71.492002056,1,1
71.492044792,1,0
71.492086054,1,1
71.492128786,1,0
71.492170040,1,1
71.492191544,0,1
71.492211782,0,0
71.492253048,0,1
71.492294796,0,0
71.492338528,0,1
71.492361842,1,1
71.492381256,1,0
71.492419550,1,1
71.492462278,1,0
71.492506994,1,1
71.492526256,1,0
71.498307894,1,1
71.569230846,0,1
71.569242684,0,0
71.569285424,0,1
71.569327162,0,0
71.569368424,0,1
71.569410162,0,0
71.569451426,0,1
71.569493164,0,0
71.569534428,0,1
71.569576168,0,0
71.569617432,0,1
71.569640748,1,1
71.569660156,1,0
71.569701420,1,1
71.569744144,1,0
71.569785400,1,1
71.569828128,1,0
71.569869386,1,1
71.569912114,1,0
71.569955840,1,1
71.569998564,1,0
71.570036858,1,1
71.570079586,1,0
71.570124302,1,1
71.573765216,0,1
71.573777058,0,0
71.573819804,0,1
71.573861544,0,0
71.573902812,0,1
71.573944552,0,0
71.573985816,0,1
71.574009132,1,1
71.574028546,1,0
71.574069810,1,1
71.574112540,1,0
71.574153802,1,1
71.574196534,1,0
71.574237796,1,1
71.574280528,1,0
71.574321794,1,1
71.574343296,0,1
71.574363538,0,0
71.574404804,0,1
71.574446548,0,0
71.574490284,0,1
71.574513602,1,1
71.574533016,1,0
71.574571316,1,1
71.574614048,1,0
71.574658768,1,1
71.582283220,1,0
71.586306938,1,1
71.586365952,0,1
71.586377796,0,0
71.586420548,0,1
71.586462290,0,0
71.586503562,0,1
71.586545308,0,0
71.586586578,0,1
71.586628326,0,0
71.586669596,0,1
71.586711340,0,0
71.586752610,0,1
71.586775926,1,1
71.586795340,1,0
71.586836604,1,1
71.586879336,1,0
71.586920602,1,1
71.586963332,1,0
71.587004594,1,1
71.587047324,1,0
71.587091054,1,1
71.587133788,1,0
71.587172086,1,1
71.587214822,1,0
71.587259546,1,1
71.590900550,0,1
71.590912390,0,0
71.590955136,0,1
71.590978448,1,1
71.590997860,1,0
71.591039122,1,1
71.591060630,0,1
71.591080874,0,0
71.591122144,0,1
71.591145458,1,1
71.591164876,1,0
71.591206142,1,1
71.591227650,0,1
71.591247892,0,0
71.591289154,0,1
71.591312472,1,1
71.591331886,1,0
71.591373150,1,1
71.591415884,1,0
71.591457148,1,1
71.591478654,0,1
71.591498896,0,0
71.591540158,0,1
71.591581908,0,0
71.591625650,0,1
71.591648964,1,1
71.591668378,1,0
71.591706678,1,1
71.591749410,1,0
71.591794126,1,1
71.599797502,1,0
71.602307728,1,1
71.606365178,0,1
71.606377026,0,0
71.606419810,0,1
71.606461584,0,0
71.606502886,0,1
71.606544662,0,0
71.606585964,0,1
71.606627742,0,0
71.606669050,0,1
71.606710830,0,0
71.606752130,0,1
71.606775468,1,1
71.606794896,1,0
71.606836194,1,1
71.606878958,1,0
71.606920254,1,1
71.606963018,1,0
71.607004308,1,1
71.607047070,1,0
71.607090838,1,1
71.607133604,1,0
71.607171934,1,1
71.607214700,1,0
71.607259460,1,1
71.610904136,0,1
71.610915984,0,0
71.610958764,0,1
71.611000536,0,0
71.611041832,0,1
71.611083598,0,0
71.611124894,0,1
71.611148228,1,1
71.611167652,1,0
71.611208948,1,1
71.611230470,0,1
71.611250726,0,0
71.611292024,0,1
71.611315356,1,1
71.611334780,1,0
71.611376076,1,1
71.611418838,1,0
71.611460134,1,1
71.611481654,0,1
71.611501910,0,0
71.611543206,0,1
71.611584978,0,0
71.611628746,0,1
71.611670524,0,0
71.611708854,0,1
71.611732184,1,1
71.611751608,1,0
71.611796362,1,1
71.619381222,1,0
71.626307424,1,1
71.640727214,0,1
71.640739058,0,0
71.640781808,0,1
71.640823564,0,0
71.640864842,0,1
71.640906590,0,0
71.640947870,0,1
71.640971190,1,1
71.640990606,1,0
71.641031880,1,1
71.641074620,1,0
71.641115890,1,1
71.641158632,1,0
71.641199902,1,1
71.641242646,1,0
71.641283926,1,1
71.641305434,0,1
71.641325674,0,0
71.641366956,0,1
71.641408730,0,0
71.641452494,0,1
71.641475816,1,1
71.641495238,1,0
71.641533570,1,1
71.641576336,1,0
71.641621072,1,1
71.641639174,1,0
71.642306754,1,1
71.658019666,1,0
71.658292912,0,0
71.659068356,0,1
71.659201582,0,0
71.659203826,1,0
71.659242860,1,1
71.659284612,1,0
71.659286092,0,0
71.659325892,0,1
71.659368634,0,0
71.659370954,1,0
71.659409906,1,1
71.659451656,1,0
71.659492928,1,1
71.659534668,1,0
71.659535772,0,0
71.659575930,0,1
71.659618652,0,0
71.659620632,1,0
71.659659898,1,1
71.659701626,1,0
71.659742872,1,1
71.659784596,1,0
71.659825836,1,1
71.659869038,1,0
71.659910282,1,1
71.659952988,1,0
71.659994228,1,1
71.660027576,0,1
71.660040894,0,0
71.660082128,0,1
71.660105434,1,1
71.660377814,0,1
71.660389660,0,0
71.660432408,0,1
71.660474150,0,0
71.660515418,0,1
71.660538736,1,1
71.660558152,1,0
71.660599416,1,1
71.660620924,0,1
71.660641168,0,0
71.660682442,0,1
71.660705762,1,1
71.660725174,1,0
71.660766440,1,1
71.660809178,1,0
71.660850446,1,1
71.660893180,1,0
71.660934448,1,1
71.660977184,1,0
71.661018444,1,1
71.661061182,1,0
71.661104922,1,1
71.661147656,1,0
71.661185958,1,1
71.661228694,1,0
71.661273426,1,1
71.661287510,1,0
71.661560802,0,0
71.662336206,0,1
71.662382888,0,0
71.662424168,0,1
71.662466908,0,0
71.662508192,0,1
71.662550936,0,0
71.662592216,0,1
71.662634958,0,0
71.662676238,0,1
71.662718976,0,0
71.662760254,0,1
71.662802994,0,0
71.662844268,0,1
71.662887006,0,0
71.662928288,0,1
71.662971024,0,0
71.663012308,0,1
71.663056526,0,0
71.663058792,1,0
71.663097796,1,1
71.663140532,1,0
71.663181800,1,1
71.663215168,0,1
71.663228486,0,0
71.663269748,0,1
71.663293062,1,1
71.663636892,0,1
71.663648714,0,0
71.663691390,0,1
71.663733074,0,0
71.663774272,0,1
71.663797552,1,1
71.663816934,1,0
71.663858126,1,1
71.663879602,0,1
71.663899810,0,0
71.663941008,0,1
71.663964288,1,1
71.663983672,1,0
71.664024866,1,1
71.664067528,1,0
71.664108720,1,1
71.664151384,1,0
71.664192572,1,1
71.664235238,1,0
71.664276428,1,1
71.664319088,1,0
71.664362744,1,1
71.664405400,1,0
71.664443626,1,1
71.664486290,1,0
71.664530930,1,1
71.664543112,1,0
71.664544360,1,1
71.665167896,0,1
71.665179718,0,0
71.665222388,0,1
71.665245672,1,1
71.665265052,1,0
71.665306242,1,1
71.665327714,0,1
71.665347922,0,0
71.665389120,0,1
71.665412396,1,1
71.665431780,1,0
71.665472972,1,1
71.665494444,0,1
71.665514652,0,0
71.665555850,0,1
71.665579126,1,1
71.665598504,1,0
71.665639696,1,1
71.665682358,1,0
71.665723550,1,1
71.665745022,0,1
71.665765230,0,0
71.665806426,0,1
71.665848096,0,0
71.665891760,0,1
71.665915036,1,1
71.665934418,1,0
71.665972650,1,1
71.666015312,1,0
71.666059956,1,1
71.666078440,1,0
71.666306524,1,1
71.669695818,0,1
71.669707640,0,0
71.669750314,0,1
71.669791984,0,0
71.669833178,0,1
71.669874850,0,0
71.669916042,0,1
71.669939316,1,1
71.669958698,1,0
71.669999888,1,1
71.670021360,0,1
71.670041564,0,0
71.670082756,0,1
71.670106032,1,1
71.670125414,1,0
71.670166604,1,1
71.670209260,1,0
71.670250452,1,1
71.670271922,0,1
71.670292126,0,0
71.670333318,0,1
71.670374990,0,0
71.670418650,0,1
71.670460320,0,0
71.670498554,0,1
71.670521826,1,1
71.670541208,1,0
71.670585848,1,1
71.670604138,1,0
71.674307052,1,1
71.752645850,0,1
71.752657668,0,0
71.752700322,0,1
71.752741984,0,0
71.752783156,0,1
71.752824820,0,0
71.752865998,0,1
71.752907656,0,0
71.752948838,0,1
71.752990500,0,0
71.753031676,0,1
71.753054944,1,1
71.753074320,1,0
71.753115490,1,1
71.753158138,1,0
71.753199312,1,1
71.753241958,1,0
71.753283130,1,1
71.753325780,1,0
71.753369418,1,1
71.753412066,1,0
71.753450280,1,1
71.753492928,1,0
71.753537548,1,1
71.757171216,0,1
71.757183034,0,0
71.757225690,0,1
71.757248958,1,1
71.757268336,1,0
71.757309514,1,1
71.757330982,0,1
71.757351182,0,0
71.757392362,0,1
71.757415632,1,1
71.757435008,1,0
71.757476184,1,1
71.757497648,0,1
71.757517850,0,0
71.757559032,0,1
71.757582298,1,1
71.757601676,1,0
71.757642852,1,1
71.757685506,1,0
71.757726684,1,1
71.757748146,0,1
71.757768348,0,0
71.757809528,0,1
71.757851184,0,0
71.757894816,0,1
71.757918076,1,1
71.757937450,1,0
71.757975654,1,1
71.758018288,1,0
71.758062896,1,1
71.765682038,1,0
71.770307814,1,1
71.772782388,0,1
71.772794214,0,0
71.772836910,0,1
71.772878610,0,0
71.772919828,0,1
71.772961526,0,0
71.773002750,0,1
71.773044452,0,0
71.773085674,0,1
71.773127382,0,0
71.773168612,0,1
71.773191910,1,1
71.773211306,1,0
71.773252532,1,1
71.773295230,1,0
71.773336454,1,1
71.773379154,1,0
71.773420380,1,1
71.773463078,1,0
71.773506768,1,1
71.773549464,1,0
71.773587722,1,1
71.773630414,1,0
71.773675088,1,1
71.777311422,0,1
71.777323246,0,0
71.777365936,0,1
71.777407628,0,0
71.777448840,0,1
71.777490534,0,0
71.777531746,0,1
71.777555032,1,1
71.777574424,1,0
71.777615634,1,1
71.777658316,1,0
71.777699526,1,1
71.777742208,1,0
71.777783418,1,1
71.777826098,1,0
71.777867304,1,1
71.777888786,0,1
71.777909000,0,0
71.777950210,0,1
71.777991904,0,0
71.778035584,0,1
71.778058872,1,1
71.778078262,1,0
71.778116510,1,1
71.778159190,1,0
71.778203852,1,1
71.786285366,1,0
71.794312244,1,1
71.796062968,0,1
71.796074794,0,0
71.796117486,0,1
71.796159178,0,0
71.796200394,0,1
71.796242088,0,0
71.796283300,0,1
71.796324994,0,0
71.796366210,0,1
71.796407902,0,0
71.796449112,0,1
71.796472400,1,1
71.796491792,1,0
71.796532998,1,1
71.796575678,1,0
71.796616888,1,1
71.796659566,1,0
71.796700774,1,1
71.796743454,1,0
71.796787130,1,1
71.796829806,1,0
71.796868060,1,1
71.796910738,1,0
71.796955398,1,1
71.800592930,0,1
71.800604756,0,0
71.800647452,0,1
71.800689150,0,0
71.800730364,0,1
71.800772060,0,0
71.800813276,0,1
71.800836566,1,1
71.800855958,1,0
71.800897172,1,1
71.800918658,0,1
71.800938874,0,0
71.800980088,0,1
71.801003376,1,1
71.801022768,1,0
71.801063980,1,1
71.801106664,1,0
71.801147876,1,1
71.801169358,0,1
71.801189576,0,0
71.801230788,0,1
71.801272464,0,0
71.801316128,0,1
71.801357804,0,0
71.801396038,0,1
71.801419314,1,1
71.801438698,1,0
71.801483344,1,1
71.808940848,1,0
71.810307518,1,1
71.814502538,0,1
71.814514348,0,0
71.814556984,0,1
71.814598622,0,0
71.814639778,0,1
71.814681418,0,0
71.814722576,0,1
71.814745834,1,1
71.814765200,1,0
71.814806354,1,1
71.814827810,0,1
71.814848000,0,0
71.814889156,0,1
71.814912412,1,1
71.814931782,1,0
71.814972936,1,1
71.815015564,1,0
71.815056718,1,1
71.815078174,0,1
71.815098364,0,0
71.815139522,0,1
71.815181162,0,0
71.815224790,0,1
71.815266434,0,0
71.815304636,0,1
71.815327892,1,1
71.815347260,1,0
71.815391864,1,1
71.815410512,1,0
71.818306858,1,1
71.825473072,0,1
71.825484882,0,0
71.825527516,0,1
71.825569160,0,0
71.825610320,0,1
71.825651964,0,0
71.825693124,0,1
71.825716382,1,1
71.825735752,1,0
71.825776908,1,1
71.825819540,1,0
71.825860696,1,1
71.825903322,1,0
71.825944478,1,1
71.825987106,1,0
71.826028260,1,1
71.826049716,0,1
71.826069908,0,0
71.826111072,0,1
71.826152712,0,0
71.826196340,0,1
71.826219602,1,1
71.826238972,1,0
71.826277178,1,1
71.826319812,1,0
71.826364420,1,1
71.826382678,1,0
71.834313654,1,1
71.836443574,0,1
71.836455386,0,0
71.836498016,0,1
71.836521272,1,1
71.836540640,1,0
71.836581796,1,1
71.836603250,0,1
71.836623438,0,0
71.836664594,0,1
71.836687848,1,1
71.836707218,1,0
71.836748372,1,1
71.836769828,0,1
71.836790018,0,0
71.836831178,0,1
71.836854430,1,1
71.836873800,1,0
71.836914952,1,1
71.836957580,1,0
71.836998736,1,1
71.837020190,0,1
71.837040380,0,0
71.837081538,0,1
71.837123178,0,0
71.837166798,0,1
71.837190054,1,1
71.837209426,1,0
71.837247624,1,1
71.837290250,1,0
71.837334854,1,1
71.837353682,1,0
71.842306430,1,1
71.857835942,1,0
71.858109094,0,0
71.858884060,0,1
71.859667102,0,0
71.859668618,1,0
71.859708260,1,1
71.859749904,1,0
71.859751830,0,0
71.859791068,0,1
71.859833698,0,0
71.859835638,1,0
71.859874852,1,1
71.859916498,1,0
71.859957650,1,1
71.859999292,1,0
71.860001340,0,0
71.860040454,0,1
71.860083082,0,0
71.860085148,1,0
71.860124236,1,1
71.860165880,1,0
71.860207040,1,1
71.860248680,1,0
71.860289834,1,1
71.860332950,1,0
71.860374102,1,1
71.860416728,1,0
71.860457886,1,1
71.860491166,0,1
71.860504454,0,0
71.860545610,0,1
71.860568862,1,1
71.860840544,0,1
71.860852352,0,0
71.860894984,0,1
71.860936622,0,0
71.860977776,0,1
71.861001032,1,1
71.861020398,1,0
71.861061546,1,1
71.861083000,0,1
71.861103188,0,0
71.861144342,0,1
71.861167590,1,1
71.861186964,1,0
71.861228130,1,1
71.861270766,1,0
71.861311932,1,1
71.861354566,1,0
71.861395728,1,1
71.861438364,1,0
71.861479528,1,1
71.861522164,1,0
71.861565792,1,1
71.861608432,1,0
71.861646638,1,1
71.861689268,1,0
71.861733876,1,1
71.861746226,1,0
71.862019372,0,0
71.862794406,0,1
71.862840442,0,0
71.862881612,0,1
71.862924244,0,0
71.862965412,0,1
71.863008040,0,0
71.863010346,1,0
71.863049200,1,1
71.863090840,1,0
71.863092570,0,0
71.863132004,0,1
71.863174628,0,0
71.863215800,0,1
71.863258430,0,0
71.863299596,0,1
71.863342226,0,0
71.863383392,0,1
71.863426026,0,0
71.863467198,0,1
71.863511308,0,0
71.863552476,0,1
71.863591660,0,0
71.863593130,1,0
71.863632816,1,1
71.863666100,0,1
71.863679390,0,0
71.863720550,0,1
71.863743806,1,1
71.864082698,0,1
71.864094526,0,0
71.864137224,0,1
71.864178918,0,0
71.864220144,0,1
71.864243434,1,1
71.864262832,1,0
71.864304054,1,1
71.864325542,0,1
71.864345766,0,0
71.864387002,0,1
71.864410300,1,1
71.864429702,1,0
71.864470932,1,1
71.864513636,1,0
71.864554864,1,1
71.864597560,1,0
71.864638790,1,1
71.864681490,1,0
71.864722718,1,1
71.864765422,1,0
71.864809116,1,1
71.864851818,1,0
71.864890088,1,1
71.864932790,1,0
71.864977476,1,1
71.864992988,1,0
71.864994238,1,1
71.909471596,0,1
71.909483430,0,0
71.909526150,0,1
71.909567872,0,0
71.909609110,0,1
71.909650830,0,0
71.909692072,0,1
71.909733792,0,0
71.909775032,0,1
71.909816750,0,0
71.909857996,0,1
71.909881296,1,1
71.909900700,1,0
71.909941938,1,1
71.909984648,1,0
71.910025888,1,1
71.910068598,1,0
71.910109836,1,1
71.910152546,1,0
71.910196256,1,1
71.910238970,1,0
71.910277246,1,1
71.910319952,1,0
71.910364644,1,1
71.914003406,0,1
71.914015234,0,0
71.914057950,0,1
71.914099674,0,0
71.914140914,0,1
71.914182630,0,0
71.914223872,0,1
71.914247176,1,1
71.914266580,1,0
71.914307820,1,1
71.914350530,1,0
71.914391768,1,1
71.914434476,1,0
71.914475714,1,1
71.914518420,1,0
71.914559656,1,1
71.914581154,0,1
71.914601384,0,0
71.914642624,0,1
71.914684348,0,0
71.914728060,0,1
71.914751362,1,1
71.914770766,1,0
71.914809046,1,1
71.914851756,1,0
71.914896454,1,1
71.922245566,1,0
71.930314636,1,1
71.941741868,0,1
71.941753700,0,0
71.941796424,0,1
71.941838146,0,0
71.941879390,0,1
71.941921114,0,0
71.941962362,0,1
71.942004084,0,0
71.942045328,0,1
71.942087052,0,0
71.942128300,0,1
71.942151602,1,1
71.942171006,1,0
71.942212252,1,1
71.942254966,1,0
71.942296206,1,1
71.942338920,1,0
71.942380160,1,1
71.942422868,1,0
71.942466574,1,1
71.942509286,1,0
71.942547562,1,1
71.942590268,1,0
71.942634964,1,1
71.946274288,0,1
71.946286124,0,0
71.946328848,0,1
71.946352150,1,1
71.946371552,1,0
71.946412792,1,1
71.946434286,0,1
71.946454516,0,0
71.946495756,0,1
71.946519058,1,1
71.946538460,1,0
71.946579694,1,1
71.946601188,0,1
71.946621416,0,0
71.946662658,0,1
71.946685962,1,1
71.946705366,1,0
71.946746602,1,1
71.946789314,1,0
71.946830552,1,1
71.946852046,0,1
71.946872274,0,0
71.946913514,0,1
71.946955234,0,0
71.946998946,0,1
71.947022246,1,1
71.947041652,1,0
71.947079928,1,1
71.947122636,1,0
71.947167330,1,1
71.953969416,0,1
71.953981250,0,0
71.954023974,0,1
71.954065696,0,0
71.954106936,0,1
71.954148658,0,0
71.954189902,0,1
71.954231630,0,0
71.954272880,0,1
71.954314608,0,0
71.954355852,0,1
71.954379160,1,1
71.954398566,1,0
71.954439808,1,1
71.954482518,1,0
71.954523760,1,1
71.954566468,1,0
71.954607708,1,1
71.954650420,1,0
71.954694132,1,1
71.954736840,1,0
71.954775118,1,1
71.954817832,1,0
71.954862530,1,1
71.958502542,0,1
71.958514376,0,0
71.958557098,0,1
71.958598822,0,0
71.958640070,0,1
71.958681794,0,0
71.958723042,0,1
71.958746348,1,1
71.958765754,1,0
71.958806998,1,1
71.958828496,0,1
71.958848730,0,0
71.958889978,0,1
71.958913280,1,1
71.958932686,1,0
71.958973928,1,1
71.959016638,1,0
71.959057878,1,1
71.959079376,0,1
71.959099606,0,0
71.959140856,0,1
71.959182580,0,0
71.959226306,0,1
71.959268036,0,0
71.959306322,0,1
71.959329626,1,1
71.959349032,1,0
71.959393734,1,1
71.967575980,1,0
71.970306362,1,1
72.002731034,1,0
72.002735030,0,0
72.003779826,0,1
72.004140888,0,0
72.004142838,1,0
72.004182134,1,1
72.004223870,1,0
72.004225100,0,0
72.004265128,0,1
72.004307840,0,0
72.004309950,1,0
72.004349088,1,1
72.004390816,1,0
72.004432060,1,1
72.004473786,1,0
72.004475740,0,0
72.004515040,0,1
72.004557754,0,0
72.004559584,1,0
72.004599000,1,1
72.004640726,1,0
72.004681966,1,1
72.004723688,1,0
72.004764930,1,1
72.004808132,1,0
72.004849370,1,1
72.004892082,1,0
72.004933320,1,1
72.004966662,0,1
72.004979980,0,0
72.005021226,0,1
72.005044528,1,1
72.005316800,0,1
72.005328634,0,0
72.005371358,0,1
72.005413082,0,0
72.005454330,0,1
72.005477632,1,1
72.005497036,1,0
72.005538280,1,1
72.005559774,0,1
72.005580004,0,0
72.005621250,0,1
72.005644554,1,1
72.005663960,1,0
72.005705202,1,1
72.005747914,1,0
72.005789158,1,1
72.005831870,1,0
72.005873104,1,1
72.005915818,1,0
72.005957058,1,1
72.005999770,1,0
72.006043484,1,1
72.006086198,1,0
72.006124474,1,1
72.006167186,1,0
72.006211892,1,1
72.006224410,1,0
72.006497696,0,0
72.007273090,0,1
72.007320820,0,0
72.007362080,0,1
72.007404802,0,0
72.007446058,0,1
72.007488782,0,0
72.007530038,0,1
72.007572756,0,0
72.007614016,0,1
72.007656732,0,0
72.007697992,0,1
72.007740710,0,0
72.007781970,0,1
72.007824686,0,0
72.007865948,0,1
72.007908664,0,0
72.007949920,0,1
72.007994120,0,0
72.007995580,1,0
72.008035370,1,1
72.008078086,1,0
72.008119332,1,1
72.008152684,0,1
72.008166002,0,0
72.008207256,0,1
72.008230560,1,1
72.008574268,0,1
72.008586084,0,0
72.008628738,0,1
72.008670398,0,0
72.008711578,0,1
72.008734842,1,1
72.008754218,1,0
72.008795394,1,1
72.008816858,0,1
72.008837056,0,0
72.008878228,0,1
72.008901490,1,1
72.008920864,1,0
72.008962032,1,1
72.009004674,1,0
72.009045844,1,1
72.009088490,1,0
72.009129662,1,1
72.009172306,1,0
72.009213482,1,1
72.009256124,1,0
72.009299758,1,1
72.009342402,1,0
72.009380610,1,1
72.009423252,1,0
72.009467872,1,1
72.009479702,1,0
72.009480958,1,1
72.010104526,0,1
72.010116340,0,0
72.010158990,0,1
72.010182252,1,1
72.010201626,1,0
72.010242802,1,1
72.010264266,0,1
72.010284464,0,0
72.010325638,0,1
72.010348904,1,1
72.010368278,1,0
72.010409448,1,1
72.010430908,0,1
72.010451104,0,0
72.010492274,0,1
72.010515536,1,1
72.010534908,1,0
72.010576074,1,1
72.010618712,1,0
72.010659878,1,1
72.010681338,0,1
72.010701532,0,0
72.010742688,0,1
72.010784330,0,0
72.010827970,0,1
72.010851238,1,1
72.010870616,1,0
72.010908838,1,1
72.010951476,1,0
72.010996092,1,1
72.011014612,1,0
72.018305820,1,1
72.023832866,0,1
72.023844680,0,0
72.023887326,0,1
72.023928972,0,0
72.023970140,0,1
72.024011792,0,0
72.024052962,0,1
72.024076224,1,1
72.024095598,1,0
72.024136764,1,1
72.024158224,0,1
72.024178418,0,0
72.024219592,0,1
72.024242852,1,1
72.024262226,1,0
72.024303394,1,1
72.024346030,1,0
72.024387196,1,1
72.024408656,0,1
72.024428852,0,0
72.024470018,0,1
72.024511668,0,0
72.024555308,0,1
72.024596960,0,0
72.024635174,0,1
72.024658434,1,1
72.024677810,1,0
72.024722426,1,1
72.024740990,1,0
72.026307526,1,1
72.120813404,0,1
72.120825214,0,0
72.120867848,0,1
72.120909484,0,0
72.120950636,0,1
72.120992272,0,0
72.121033432,0,1
72.121075070,0,0
72.121116226,0,1
72.121157866,0,0
72.121199024,0,1
72.121222282,1,1
72.121241650,1,0
72.121282804,1,1
72.121325424,1,0
72.121366570,1,1
72.121409194,1,0
72.121450342,1,1
72.121492964,1,0
72.121536576,1,1
72.121579202,1,0
72.121617396,1,1
72.121660022,1,0
72.121704620,1,1
72.125336984,0,1
72.125348794,0,0
72.125391420,0,1
72.125433056,0,0
72.125474212,0,1
72.125515852,0,0
72.125557010,0,1
72.125580268,1,1
72.125599638,1,0
72.125640796,1,1
72.125662252,0,1
72.125682442,0,0
72.125723600,0,1
72.125746860,1,1
72.125766226,1,0
72.125807382,1,1
72.125850010,1,0
72.125891162,1,1
72.125912618,0,1
72.125932808,0,0
72.125973968,0,1
72.126015610,0,0
72.126059234,0,1
72.126100876,0,0
72.126139078,0,1
72.126162332,1,1
72.126181700,1,0
72.126226314,1,1
72.134435110,1,0
72.138305194,1,1
72.140754880,0,1
72.140766690,0,0
72.140809324,0,1
72.140850960,0,0
72.140892116,0,1
72.140933756,0,0
72.140974914,0,1
72.141016554,0,0
72.141057712,0,1
72.141099352,0,0
72.141140506,0,1
72.141163764,1,1
72.141183132,1,0
72.141224292,1,1
72.141266918,1,0
72.141308070,1,1
72.141350694,1,0
72.141391842,1,1
72.141434464,1,0
72.141478072,1,1
72.141520688,1,0
72.141558878,1,1
72.141601504,1,0
72.141646104,1,1
72.145277714,0,1
72.145289532,0,0
72.145332190,0,1
72.145355462,1,1
72.145374842,1,0
72.145416020,1,1
72.145437484,0,1
72.145457682,0,0
72.145498858,0,1
72.145522126,1,1
72.145541502,1,0
72.145582672,1,1
72.145604138,0,1
72.145624340,0,0
72.145665526,0,1
72.145688798,1,1
72.145708178,1,0
72.145749356,1,1
72.145791994,1,0
72.145833150,1,1
72.145854606,0,1
72.145874796,0,0
72.145915958,0,1
72.145957600,0,0
72.146001222,0,1
72.146024478,1,1
72.146043846,1,0
72.146082044,1,1
72.146124664,1,0
72.146169264,1,1
72.153999172,1,0
72.154306828,1,1
72.178734126,1,0
72.179003228,0,0
72.179778296,0,1
72.179889440,0,0
72.179891568,1,0
72.179930600,1,1
72.179972236,1,0
72.179973778,0,0
72.180013400,0,1
72.180013402,0,0
72.180013406,0,1
72.180056042,0,0
72.180057616,1,0
72.180097218,1,1
72.180138872,1,0
72.180180028,1,1
72.180221674,1,0
72.180223344,0,0
72.180262840,0,1
72.180305472,0,0
72.180307160,1,0
72.180346628,1,1
72.180388276,1,0
72.180429432,1,1
72.180471074,1,0
72.180512230,1,1
72.180555346,1,0
72.180596496,1,1
72.180639122,1,0
72.180680274,1,1
72.180713554,0,1
72.180726844,0,0
72.180768006,0,1
72.180791260,1,1
72.181062970,0,1
72.181074780,0,0
72.181117414,0,1
72.181159054,0,0
72.181200220,0,1
72.181223480,1,1
72.181242852,1,0
72.181284008,1,1
72.181305466,0,1
72.181325656,0,0
72.181366810,0,1
72.181390066,1,1
72.181409436,1,0
72.181450588,1,1
72.181493218,1,0
72.181534376,1,1
72.181577004,1,0
72.181618154,1,1
72.181660776,1,0
72.181701922,1,1
72.181744544,1,0
72.181788150,1,1
72.181830778,1,0
72.181868974,1,1
72.181911606,1,0
72.181956224,1,1
72.181968208,1,0
72.182237352,0,0
72.183012344,0,1
72.183054124,0,0
72.183095302,0,1
72.183137946,0,0
72.183179128,0,1
72.183221774,0,0
72.183223232,1,0
72.183262946,1,1
72.183304602,1,0
72.183306464,0,0
72.183345780,0,1
72.183388420,0,0
72.183429596,0,1
72.183472228,0,0
72.183513400,0,1
72.183556034,0,0
72.183597202,0,1
72.183639834,0,0
72.183680998,0,1
72.183725106,0,0
72.183766268,0,1
72.183805452,0,0
72.183806974,1,0
72.183846608,1,1
72.183879888,0,1
72.183893176,0,0
72.183934338,0,1
72.183957592,1,1
72.184296492,0,1
72.184308320,0,0
72.184351018,0,1
72.184392718,0,0
72.184433948,0,1
72.184457240,1,1
72.184476640,1,0
72.184517868,1,1
72.184539360,0,1
72.184559586,0,0
72.184600818,0,1
72.184624114,1,1
72.184643512,1,0
72.184684740,1,1
72.184727440,1,0
72.184768664,1,1
72.184811362,1,0
72.184852584,1,1
72.184895284,1,0
72.184936512,1,1
72.184979212,1,0
72.185022906,1,1
72.185065600,1,0
72.185103866,1,1
72.185146566,1,0
72.185191250,1,1
72.185206752,1,0
72.185208010,1,1
72.200392346,0,1
72.200404178,0,0
72.200446898,0,1
72.200470196,1,1
72.200489594,1,0
72.200530826,1,1
72.200552322,0,1
72.200572548,0,0
72.200613784,0,1
72.200637084,1,1
72.200656486,1,0
72.200697720,1,1
72.200719212,0,1
72.200739438,0,0
72.200780674,0,1
72.200803972,1,1
72.200823374,1,0
72.200864608,1,1
72.200907312,1,0
72.200948544,1,1
72.200970038,0,1
72.200990264,0,0
72.201031498,0,1
72.201073216,0,0
72.201116922,0,1
72.201140224,1,1
72.201159626,1,0
72.201197902,1,1
72.201240614,1,0
72.201285302,1,1
72.201303658,1,0
72.202305418,1,1
72.219775486,0,1
72.219787318,0,0
72.219830036,0,1
72.219871754,0,0
72.219912992,0,1
72.219954712,0,0
72.219995952,0,1
72.220019254,1,1
72.220038656,1,0
72.220079892,1,1
72.220101388,0,1
72.220121616,0,0
72.220162852,0,1
72.220186150,1,1
72.220205554,1,0
72.220246780,1,1
72.220289480,1,0
72.220330724,1,1
72.220352224,0,1
72.220372452,0,0
72.220413684,0,1
72.220455400,0,0
72.220499110,0,1
72.220540830,0,0
72.220579106,0,1
72.220602408,1,1
72.220621812,1,0
72.220666504,1,1
72.220684862,1,0
72.226305536,1,1
72.292563232,0,1
72.292575068,0,0
72.292617806,0,1
72.292659538,0,0
72.292700790,0,1
72.292742514,0,0
72.292783758,0,1
72.292825488,0,0
72.292866740,0,1
72.292908466,0,0
72.292949712,0,1
72.292973018,1,1
72.292992424,1,0
72.293033674,1,1
72.293076400,1,0
72.293117658,1,1
72.293160374,1,0
72.293201622,1,1
72.293244334,1,0
72.293288044,1,1
72.293330758,1,0
72.293369036,1,1
72.293411744,1,0
72.293456438,1,1
72.297096970,0,1
72.297108804,0,0
72.297151528,0,1
72.297193254,0,0
72.297234508,0,1
72.297276246,0,0
72.297317510,0,1
72.297340818,1,1
72.297360226,1,0
72.297401470,1,1
72.297422966,0,1
72.297443198,0,0
72.297484442,0,1
72.297507744,1,1
72.297527148,1,0
72.297568392,1,1
72.297611104,1,0
72.297652346,1,1
72.297673844,0,1
72.297694080,0,0
72.297735332,0,1
72.297777070,0,0
72.297820796,0,1
72.297862524,0,0
72.297900812,0,1
72.297924118,1,1
72.297943524,1,0
72.297988224,1,1
72.305460890,1,0
72.306305294,1,1
72.322870150,0,1
72.322881986,0,0
72.322924716,0,1
72.322966442,0,0
72.323007694,0,1
72.323049416,0,0
72.323090666,0,1
72.323132396,0,0
72.323173644,0,1
72.323215376,0,0
72.323256628,0,1
72.323279932,1,1
72.323299338,1,0
72.323340588,1,1
72.323383306,1,0
72.323424550,1,1
72.323467262,1,0
72.323508510,1,1
72.323551224,1,0
72.323594936,1,1
72.323637656,1,0
72.323675936,1,1
72.323718646,1,0
72.323763346,1,1
72.327402796,0,1
72.327414632,0,0
72.327457360,0,1
72.327480666,1,1
72.327500068,1,0
72.327541316,1,1
72.327562816,0,1
72.327583048,0,0
72.327624300,0,1
72.327647608,1,1
72.327667016,1,0
72.327708266,1,1
72.327729762,0,1
72.327749996,0,0
72.327791246,0,1
72.327814554,1,1
72.327833962,1,0
72.327875210,1,1
72.327917926,1,0
72.327959176,1,1
72.327980678,0,1
72.328000910,0,0
72.328042160,0,1
72.328083892,0,0
72.328127614,0,1
72.328150922,1,1
72.328170330,1,0
72.328208618,1,1
72.328251342,1,0
72.328296046,1,1
72.336374516,1,0
72.338306008,1,1
72.354734680,1,0
72.355003896,0,0
72.355779268,0,1
72.355916098,0,0
72.355917748,1,0
72.355957352,1,1
72.355999088,1,0
72.356001008,0,0
72.356040350,0,1
72.356083070,0,0
72.356084858,1,0
72.356124324,1,1
72.356166052,1,0
72.356207306,1,1
72.356249040,1,0
72.356250656,0,0
72.356290304,0,1
72.356333024,0,0
72.356334510,1,0
72.356374278,1,1
72.356416010,1,0
72.356457260,1,1
72.356498990,1,0
72.356540244,1,1
72.356583454,1,0
72.356624704,1,1
72.356667422,1,0
72.356708670,1,1
72.356742024,0,1
72.356755342,0,0
72.356796602,0,1
72.356819922,1,1
72.357092252,0,1
72.357104086,0,0
72.357146818,0,1
72.357188544,0,0
72.357229786,0,1
72.357253092,1,1
72.357272496,1,0
72.357313752,1,1
72.357335254,0,1
72.357355494,0,0
72.357396754,0,1
72.357420062,1,1
72.357439468,1,0
72.357480716,1,1
72.357523438,1,0
72.357564686,1,1
72.357607406,1,0
72.357648654,1,1
72.357691376,1,0
72.357732626,1,1
72.357775346,1,0
72.357819062,1,1
72.357861782,1,0
72.357900064,1,1
72.357942784,1,0
72.357987488,1,1
72.358002284,1,0
72.358271488,0,0
72.359046852,0,1
72.359087640,0,0
72.359128904,0,1
72.359171630,0,0
72.359212900,0,1
72.359255626,0,0
72.359296890,0,1
72.359339612,0,0
72.359380876,0,1
72.359423600,0,0
72.359464864,0,1
72.359507590,0,0
72.359548852,0,1
72.359591574,0,0
72.359632834,0,1
72.359675558,0,0
72.359716826,0,1
72.359761028,0,0
72.359762422,1,0
72.359802282,1,1
72.359845004,1,0
72.359886256,1,1
72.359919608,0,1
72.359932926,0,0
72.359974184,0,1
72.359997494,1,1
72.360341224,0,1
72.360353040,0,0
72.360395704,0,1
72.360437366,0,0
72.360478550,0,1
72.360501820,1,1
72.360521194,1,0
72.360562374,1,1
72.360583838,0,1
72.360604038,0,0
72.360645220,0,1
72.360668488,1,1
72.360687864,1,0
72.360729040,1,1
72.360771686,1,0
72.360812858,1,1
72.360855504,1,0
72.360896676,1,1
72.360939322,1,0
72.360980496,1,1
72.361023142,1,0
72.361066778,1,1
72.361109426,1,0
72.361147642,1,1
72.361190286,1,0
72.361234924,1,1
72.361249748,1,0
72.361251004,1,1
72.376493668,0,1
72.376505484,0,0
72.376548128,0,1
72.376571390,1,1
72.376590760,1,0
72.376631924,1,1
72.376653384,0,1
72.376673578,0,0
72.376714748,0,1
72.376738008,1,1
72.376757382,1,0
72.376798548,1,1
72.376820008,0,1
72.376840204,0,0
72.376881376,0,1
72.376904642,1,1
72.376924016,1,0
72.376965190,1,1
72.377007828,1,0
72.377048996,1,1
72.377070456,0,1
72.377090652,0,0
72.377131828,0,1
72.377173482,0,0
72.377217128,0,1
72.377240390,1,1
72.377259768,1,0
72.377297980,1,1
72.377340620,1,0
72.377385242,1,1
72.377403028,1,0
72.378304656,1,1
72.392998964,0,1
72.393010776,0,0
72.393053424,0,1
72.393095074,0,0
72.393136238,0,1
72.393177890,0,0
72.393219062,0,1
72.393242324,1,1
72.393261698,1,0
72.393302862,1,1
72.393345502,1,0
72.393386668,1,1
72.393429306,1,0
72.393470474,1,1
72.393513110,1,0
72.393554274,1,1
72.393575732,0,1
72.393595926,0,0
72.393637094,0,1
72.393678744,0,0
72.393722378,0,1
72.393745642,1,1
72.393765016,1,0
72.393803224,1,1
72.393845862,1,0
72.393890482,1,1
72.393908486,1,0
72.394305262,1,1
72.401205218,0,1
72.401217036,0,0
72.401259690,0,1
72.401301342,0,0
72.401342510,0,1
72.401384168,0,0
72.401425340,0,1
72.401448604,1,1
72.401467978,1,0
72.401509144,1,1
72.401530606,0,1
72.401550800,0,0
72.401591972,0,1
72.401615232,1,1
72.401634604,1,0
72.401675770,1,1
72.401718412,1,0
72.401759582,1,1
72.401781044,0,1
72.401801240,0,0
72.401842414,0,1
72.401884070,0,0
72.401927706,0,1
72.401969360,0,0
72.402007574,0,1
72.402030836,1,1
72.402050210,1,0
72.402094828,1,1
72.402113436,1,0
72.402304684,1,1
72.485985430,0,1
72.485997242,0,0
72.486039876,0,1
72.486081516,0,0
72.486122674,0,1
72.486164316,0,0
72.486205480,0,1
72.486247124,0,0
72.486288286,0,1
72.486329932,0,0
72.486371090,0,1
72.486394350,1,1
72.486413718,1,0
72.486454874,1,1
72.486497500,1,0
72.486538652,1,1
72.486581282,1,0
72.486622434,1,1
72.486665064,1,0
72.486708684,1,1
72.486751310,1,0
72.486789508,1,1
72.486832134,1,0
72.486876740,1,1
72.490509432,0,1
72.490521244,0,0
72.490563878,0,1
72.490605520,0,0
72.490646680,0,1
72.490688324,0,0
72.490729486,0,1
72.490752742,1,1
72.490772112,1,0
72.490813270,1,1
72.490834726,0,1
72.490854918,0,0
72.490896082,0,1
72.490919340,1,1
72.490938710,1,0
72.490979868,1,1
72.491022496,1,0
72.491063654,1,1
72.491085108,0,1
72.491105298,0,0
72.491146460,0,1
72.491188100,0,0
72.491231734,0,1
72.491273384,0,0
72.491311590,0,1
72.491334846,1,1
72.491354216,1,0
72.491398826,1,1
72.499133028,1,0
72.506304610,1,1
72.506345402,0,1
72.506357216,0,0
72.506399860,0,1
72.506441508,0,0
72.506482674,0,1
72.506524318,0,0
72.506565474,0,1
72.506607116,0,0
72.506648276,0,1
72.506689920,0,0
72.506731084,0,1
72.506754340,1,1
72.506773708,1,0
72.506814868,1,1
72.506857498,1,0
72.506898656,1,1
72.506941300,1,0
72.506982474,1,1
72.507025112,1,0
72.507068738,1,1
72.507111368,1,0
72.507149570,1,1
72.507192202,1,0
72.507236810,1,1
72.510868376,0,1
72.510880184,0,0
72.510922818,0,1
72.510964460,0,0
72.511005616,0,1
72.511047258,0,0
72.511088418,0,1
72.511111674,1,1
72.511131042,1,0
72.511172198,1,1
72.511214836,1,0
72.511255998,1,1
72.511298626,1,0
72.511339786,1,1
72.511382414,1,0
72.511423568,1,1
72.511445026,0,1
72.511465218,0,0
72.511506376,0,1
72.511548014,0,0
72.511591640,0,1
72.511614898,1,1
72.511634268,1,0
72.511672468,1,1
72.511715100,1,0
72.511759704,1,1
72.518549246,0,1
72.518561058,0,0
72.518603694,0,1
72.518645332,0,0
72.518686490,0,1
72.518728132,0,0
72.518769290,0,1
72.518810932,0,0
72.518852090,0,1
72.518893732,0,0
72.518934892,0,1
72.518958148,1,1
72.518977516,1,0
72.519018668,1,1
72.519061296,1,0
72.519102448,1,1
72.519145076,1,0
72.519186234,1,1
72.519228868,1,0
72.519272486,1,1
72.519315116,1,0
72.519353310,1,1
72.519395930,1,0
72.519440532,1,1
72.523072228,0,1
72.523084038,0,0
72.523126672,0,1
72.523149928,1,1
72.523169296,1,0
72.523210450,1,1
72.523231910,0,1
72.523252098,0,0
72.523293258,0,1
72.523316512,1,1
72.523335876,1,0
72.523377030,1,1
72.523398484,0,1
72.523418674,0,0
72.523459830,0,1
72.523483088,1,1
72.523502456,1,0
72.523543612,1,1
72.523586234,1,0
72.523627384,1,1
72.523648840,0,1
72.523669028,0,0
72.523710182,0,1
72.523751822,0,0
72.523795444,0,1
72.523818698,1,1
72.523838066,1,0
72.523876262,1,1
72.523918888,1,0
72.523963488,1,1
72.532087156,1,0
72.538305172,1,1
72.547507078,0,1
72.547518894,0,0
72.547561546,0,1
72.547603208,0,0
72.547644398,0,1
72.547686068,0,0
72.547727248,0,1
72.547750512,1,1
72.547769882,1,0
72.547811044,1,1
72.547853672,1,0
72.547894828,1,1
72.547937458,1,0
72.547978610,1,1
72.548021234,1,0
72.548062388,1,1
72.548083844,0,1
72.548104034,0,0
72.548145190,0,1
72.548186836,0,0
72.548230462,0,1
72.548253720,1,1
72.548273090,1,0
72.548311290,1,1
72.548353914,1,0
72.548398512,1,1
72.548416984,1,0
72.554304452,1,1
72.558574094,0,1
72.558585902,0,0
72.558628536,0,1
72.558651784,1,1
72.558671146,1,0
72.558712290,1,1
72.558733744,0,1
72.558753936,0,0
72.558795102,0,1
72.558818354,1,1
72.558837720,1,0
72.558878870,1,1
72.558900326,0,1
72.558920514,0,0
72.558961668,0,1
72.558984920,1,1
72.559004288,1,0
72.559045442,1,1
72.559088068,1,0
72.559129216,1,1
72.559150672,0,1
72.559170862,0,0
72.559212022,0,1
72.559253660,0,0
72.559297284,0,1
72.559320542,1,1
72.559339910,1,0
72.559378106,1,1
72.559420734,1,0
72.559465334,1,1
72.559484636,1,0
72.562303918,1,1
72.572222364,0,1
72.572234174,0,0
72.572276812,0,1
72.572318454,0,0
72.572359610,0,1
72.572401252,0,0
72.572442410,0,1
72.572465666,1,1
72.572485032,1,0
72.572526184,1,1
72.572547640,0,1
72.572567832,0,0
72.572608986,0,1
72.572632240,1,1
72.572651610,1,0
72.572692766,1,1
72.572735394,1,0
72.572776550,1,1
72.572798008,0,1
72.572818196,0,0
72.572859352,0,1
72.572900994,0,0
72.572944616,0,1
72.572986258,0,0
72.573024460,0,1
72.573047716,1,1
72.573067088,1,0
72.573111694,1,1
72.573129634,1,0
72.578303652,1,1
72.594371896,1,0
72.594645026,0,0
72.595420136,0,1
72.595555500,0,0
72.595557560,1,0
72.595596658,1,1
72.595638304,1,0
72.595639792,0,0
72.595679466,0,1
72.595722088,0,0
72.595723612,1,0
72.595763242,1,1
72.595804882,1,0
72.595846036,1,1
72.595887680,1,0
72.595889364,0,0
72.595928842,0,1
72.595971472,0,0
72.595973194,1,0
72.596012632,1,1
72.596054276,1,0
72.596095430,1,1
72.596137074,1,0
72.596178228,1,1
72.596221350,1,0
72.596262506,1,1
72.596305130,1,0
72.596346282,1,1
72.596379562,0,1
72.596392852,0,0
72.596434014,0,1
72.596457270,1,1
72.596728980,0,1
72.596740788,0,0
72.596783418,0,1
72.596825058,0,0
72.596866216,0,1
72.596889472,1,1
72.596908840,1,0
72.596949992,1,1
72.596971448,0,1
72.596991634,0,0
72.597032792,0,1
72.597056048,1,1
72.597075416,1,0
72.597116568,1,1
72.597159194,1,0
72.597200350,1,1
72.597242980,1,0
72.597284128,1,1
72.597326752,1,0
72.597367900,1,1
72.597410524,1,0
72.597454144,1,1
72.597496772,1,0
72.597534968,1,1
72.597577596,1,0
72.597622198,1,1
72.597634460,1,0
72.597903628,0,0
72.598678752,0,1
72.598719906,0,0
72.598761080,0,1
72.598803714,0,0
72.598844884,0,1
72.598887516,0,0
72.598889658,1,0
72.598928664,1,1
72.598970304,1,0
72.598971890,0,0
72.599011480,0,1
72.599054108,0,0
72.599095270,0,1
72.599137898,0,0
72.599179064,0,1
72.599221698,0,0
72.599262872,0,1
72.599305506,0,0
72.599346672,0,1
72.599390786,0,0
72.599431958,0,1
72.599471140,0,0
72.599472496,1,0
72.599512300,1,1
72.599545586,0,1
72.599558878,0,0
72.599600040,0,1
72.599623302,1,1
72.599962224,0,1
72.599974052,0,0
72.600016756,0,1
72.600058466,0,0
72.600099692,0,1
72.600122986,1,1
72.600142384,1,0
72.600183612,1,1
72.600205110,0,1
72.600225336,0,0
72.600266572,0,1
72.600289870,1,1
72.600309272,1,0
72.600350500,1,1
72.600393204,1,0
72.600434434,1,1
72.600477136,1,0
72.600518362,1,1
72.600561064,1,0
72.600602298,1,1
72.600644998,1,0
72.600688696,1,1
72.600731398,1,0
72.600769664,1,1
72.600812364,1,0
72.600857044,1,1
72.600869610,1,0
72.600870866,1,1
72.638752386,0,1
72.638764220,0,0
72.638806944,0,1
72.638848664,0,0
72.638889908,0,1
72.638931626,0,0
72.638972866,0,1
72.639014588,0,0
72.639055828,0,1
72.639097550,0,0
72.639138792,0,1
72.639162098,1,1
72.639181500,1,0
72.639222742,1,1
72.639265454,1,0
72.639306690,1,1
72.639349396,1,0
72.639390630,1,1
72.639433338,1,0
72.639477044,1,1
72.639519750,1,0
72.639558022,1,1
72.639600728,1,0
72.639645422,1,1
72.643285620,0,1
72.643297454,0,0
72.643340174,0,1
72.643381894,0,0
72.643423136,0,1
72.643464860,0,0
72.643506102,0,1
72.643529406,1,1
72.643548808,1,0
72.643590050,1,1
72.643611544,0,1
72.643631772,0,0
72.643673012,0,1
72.643696314,1,1
72.643715718,1,0
72.643756956,1,1
72.643799662,1,0
72.643840900,1,1
72.643862394,0,1
72.643882620,0,0
72.643923854,0,1
72.643965568,0,0
72.644009278,0,1
72.644050996,0,0
72.644089280,0,1
72.644112584,1,1
72.644131988,1,0
72.644176688,1,1
72.651571022,1,0
72.658303750,1,1
72.658883886,0,1
72.658895722,0,0
72.658938442,0,1
72.658980164,0,0
72.659021408,0,1
72.659063132,0,0
72.659104378,0,1
72.659146102,0,0
72.659187352,0,1
72.659229082,0,0
72.659270328,0,1
72.659293632,1,1
72.659313038,1,0
72.659354278,1,1
72.659396990,1,0
72.659438230,1,1
72.659480940,1,0
72.659522178,1,1
72.659564892,1,0
72.659608606,1,1
72.659651316,1,0
72.659689592,1,1
72.659732306,1,0
72.659777002,1,1
72.663416128,0,1
72.663427962,0,0
72.663470684,0,1
72.663512408,0,0
72.663553650,0,1
72.663595374,0,0
72.663636620,0,1
72.663659924,1,1
72.663679330,1,0
72.663720570,1,1
72.663763284,1,0
72.663804526,1,1
72.663847236,1,0
72.663888476,1,1
72.663931190,1,0
72.663972426,1,1
72.663993924,0,1
72.664014154,0,0
72.664055400,0,1
72.664097122,0,0
72.664140836,0,1
72.664164144,1,1
72.664183552,1,0
72.664221840,1,1
72.664264552,1,0
72.664309254,1,1
72.672171306,1,0
72.674303698,1,1
72.681443864,0,1
72.681455700,0,0
72.681498426,0,1
72.681540146,0,0
72.681581394,0,1
72.681623124,0,0
72.681664372,0,1
72.681706096,0,0
72.681747342,0,1
72.681789066,0,0
72.681830314,0,1
72.681853624,1,1
72.681873028,1,0
72.681914272,1,1
72.681956984,1,0
72.681998226,1,1
72.682040938,1,0
72.682082178,1,1
72.682124894,1,0
72.682168606,1,1
72.682211322,1,0
72.682249612,1,1
72.682292328,1,0
72.682337026,1,1
72.685976164,0,1
72.685987998,0,0
72.686030722,0,1
72.686054026,1,1
72.686073430,1,0
72.686114668,1,1
72.686136164,0,1
72.686156394,0,0
72.686197644,0,1
72.686220952,1,1
72.686240356,1,0
72.686281600,1,1
72.686303098,0,1
72.686323330,0,0
72.686364574,0,1
72.686387878,1,1
72.686407282,1,0
72.686448524,1,1
72.686491238,1,0
72.686532478,1,1
72.686553976,0,1
72.686574206,0,0
72.686615452,0,1
72.686657174,0,0
72.686700888,0,1
72.686724190,1,1
72.686743594,1,0
72.686781870,1,1
72.686824582,1,0
72.686869280,1,1
72.694838710,1,0
72.698312738,1,1
72.713893898,1,0
72.714167196,0,0
72.714942648,0,1
72.715868300,0,0
72.715869698,1,0
72.715909560,1,1
72.715951292,1,0
72.715952992,0,0
72.715992546,0,1
72.716035262,0,0
72.716036866,1,0
72.716076510,1,1
72.716118238,1,0
72.716159482,1,1
72.716201212,1,0
72.716202696,0,0
72.716242466,0,1
72.716285178,0,0
72.716286552,1,0
72.716326428,1,1
72.716368158,1,0
72.716409404,1,1
72.716451134,1,0
72.716492378,1,1
72.716535580,1,0
72.716576820,1,1
72.716619532,1,0
72.716660770,1,1
72.716694114,0,1
72.716707428,0,0
72.716748682,0,1
72.716771996,1,1
72.717044284,0,1
72.717056118,0,0
72.717098842,0,1
72.717140562,0,0
72.717181806,0,1
72.717205110,1,1
72.717224518,1,0
72.717265764,1,1
72.717287260,0,1
72.717307492,0,0
72.717348740,0,1
72.717372046,1,1
72.717391450,1,0
72.717432694,1,1
72.717475404,1,0
72.717516646,1,1
72.717559358,1,0
72.717600602,1,1
72.717643312,1,0
72.717684552,1,1
72.717727262,1,0
72.717770974,1,1
72.717813686,1,0
72.717851962,1,1
72.717894676,1,0
72.717939374,1,1
72.717951400,1,0
72.718224706,0,0
72.719000234,0,1
72.719039380,0,0
72.719080642,0,1
72.719123358,0,0
72.719164614,0,1
72.719207336,0,0
72.719248598,0,1
72.719291320,0,0
72.719332584,0,1
72.719375304,0,0
72.719416562,0,1
72.719459282,0,0
72.719500540,0,1
72.719543258,0,0
72.719584518,0,1
72.719627238,0,0
72.719668494,0,1
72.719712696,0,0
72.719714846,1,0
72.719753946,1,1
72.719796662,1,0
72.719837910,1,1
72.719871262,0,1
72.719884580,0,0
72.719925836,0,1
72.719949144,1,1
72.720292838,0,1
72.720304654,0,0
72.720347308,0,1
72.720388970,0,0
72.720430150,0,1
72.720453416,1,1
72.720472792,1,0
72.720513966,1,1
72.720535430,0,1
72.720555630,0,0
72.720596804,0,1
72.720620066,1,1
72.720639442,1,0
72.720680612,1,1
72.720723254,1,0
72.720764424,1,1
72.720807066,1,0
72.720848234,1,1
72.720890878,1,0
72.720932050,1,1
72.720974690,1,0
72.721018322,1,1
72.721060962,1,0
72.721099170,1,1
72.721141810,1,0
72.721186426,1,1
72.721199242,1,0
72.721200490,1,1
72.721823152,0,1
72.721834968,0,0
72.721877620,0,1
72.721900882,1,1
72.721920254,1,0
72.721961424,1,1
72.721982888,0,1
72.722003084,0,0
72.722044256,0,1
72.722067518,1,1
72.722086892,1,0
72.722128060,1,1
72.722149522,0,1
72.722169718,0,0
72.722210896,0,1
72.722234166,1,1
72.722253540,1,0
72.722294716,1,1
72.722337360,1,0
72.722378532,1,1
72.722399992,0,1
72.722420190,0,0
72.722461360,0,1
72.722503016,0,0
72.722546658,0,1
72.722569920,1,1
72.722589296,1,0
72.722627508,1,1
72.722670150,1,0
72.722714766,1,1
72.722733128,1,0
72.730304140,1,1
72.742127696,0,1
72.742139514,0,0
72.742182174,0,1
72.742223840,0,0
72.742265026,0,1
72.742306686,0,0
72.742347864,0,1
72.742371132,1,1
72.742390506,1,0
72.742431682,1,1
72.742474326,1,0
72.742515498,1,1
72.742558144,1,0
72.742599318,1,1
72.742641960,1,0
72.742683136,1,1
72.742704598,0,1
72.742724796,0,0
72.742765972,0,1
72.742807636,0,0
72.742851288,0,1
72.742874554,1,1
72.742893932,1,0
72.742932146,1,1
72.742974794,1,0
72.743019414,1,1
72.743037726,1,0
72.746304182,1,1
72.746654106,0,1
72.746665918,0,0
72.746708560,0,1
72.746750210,0,0
72.746791374,0,1
72.746833022,0,0
72.746874188,0,1
72.746897446,1,1
72.746916818,1,0
72.746957976,1,1
72.746979438,0,1
72.746999632,0,0
72.747040798,0,1
72.747064058,1,1
72.747083428,1,0
72.747124590,1,1
72.747167226,1,0
72.747208390,1,1
72.747229848,0,1
72.747250042,0,0
72.747291210,0,1
72.747332858,0,0
72.747376490,0,1
72.747418138,0,0
72.747456344,0,1
72.747479598,1,1
72.747498972,1,0
72.747543584,1,1
72.747561878,1,0
72.754303662,1,1
72.812379080,0,1
72.812390892,0,0
72.812433524,0,1
72.812475160,0,0
72.812516318,0,1
72.812557958,0,0
72.812599112,0,1
72.812640748,0,0
72.812681902,0,1
72.812723538,0,0
72.812764690,0,1
72.812787946,1,1
72.812807314,1,0
72.812848470,1,1
72.812891102,1,0
72.812932260,1,1
72.812974886,1,0
72.813016040,1,1
72.813058664,1,0
72.813102280,1,1
72.813144902,1,0
72.813183100,1,1
72.813225734,1,0
72.813270338,1,1
72.816903456,0,1
72.816915270,0,0
72.816957918,0,1
72.816999570,0,0
72.817040736,0,1
72.817082386,0,0
72.817123556,0,1
72.817146816,1,1
72.817166190,1,0
72.817207358,1,1
72.817228818,0,1
72.817249016,0,0
72.817290186,0,1
72.817313444,1,1
72.817332818,1,0
72.817373980,1,1
72.817416618,1,0
72.817457778,1,1
72.817479238,0,1
72.817499432,0,0
72.817540598,0,1
72.817582248,0,0
72.817625882,0,1
72.817667534,0,0
72.817705742,0,1
72.817729000,1,1
72.817748374,1,0
72.817792990,1,1
72.824492094,0,1
72.824503904,0,0
72.824546532,0,1
72.824588172,0,0
72.824629326,0,1
72.824670964,0,0
72.824712118,0,1
72.824753758,0,0
72.824794912,0,1
72.824836546,0,0
72.824877700,0,1
72.824900952,1,1
72.824920318,1,0
72.824961470,1,1
72.825004098,1,0
72.825045254,1,1
72.825087886,1,0
72.825129040,1,1
72.825171668,1,0
72.825215288,1,1
72.825257916,1,0
72.825296110,1,1
72.825338736,1,0
72.825383338,1,1
72.829014952,0,1
72.829026762,0,0
72.829069396,0,1
72.829111032,0,0
72.829152186,0,1
72.829193826,0,0
72.829234988,0,1
72.829258240,1,1
72.829277608,1,0
72.829318760,1,1
72.829361388,1,0
72.829402538,1,1
72.829445164,1,0
72.829486314,1,1
72.829528934,1,0
72.829570086,1,1
72.829591540,0,1
72.829611728,0,0
72.829652880,0,1
72.829694522,0,0
72.829738144,0,1
72.829761398,1,1
72.829780766,1,0
72.829818960,1,1
72.829861586,1,0
72.829906188,1,1
72.837994956,1,0
72.842303476,1,1
72.847011566,0,1
72.847023376,0,0
72.847066006,0,1
72.847107646,0,0
72.847148808,0,1
72.847190448,0,0
72.847231612,0,1
72.847273254,0,0
72.847314410,0,1
72.847356052,0,0
72.847397214,0,1
72.847420468,1,1
72.847439836,1,0
72.847480990,1,1
72.847523618,1,0
72.847564772,1,1
72.847607394,1,0
72.847648550,1,1
72.847691174,1,0
72.847734788,1,1
72.847777416,1,0
72.847815612,1,1
72.847858238,1,0
72.847902834,1,1
72.847902838,1,0
72.847902842,1,1
72.851534490,0,1
72.851546300,0,0
72.851588936,0,1
72.851612192,1,1
72.851631560,1,0
72.851672708,1,1
72.851694164,0,1
72.851714354,0,0
72.851755512,0,1
72.851778768,1,1
72.851798136,1,0
72.851839290,1,1
72.851860746,0,1
72.851880934,0,0
72.851922090,0,1
72.851945346,1,1
72.851964712,1,0
72.852005868,1,1
72.852048492,1,0
72.852089644,1,1
72.852111100,0,1
72.852131288,0,0
72.852172446,0,1
72.852214090,0,0
72.852257714,0,1
72.852280970,1,1
72.852300340,1,0
72.852338536,1,1
72.852381162,1,0
72.852425764,1,1
72.860647138,1,0
72.866311620,1,1
72.882778988,1,0
72.883052106,0,0
72.883827080,0,1
72.883931054,0,0
72.883933268,1,0
72.883972212,1,1
72.884013858,1,0
72.884015486,0,0
72.884055024,0,1
72.884097654,0,0
72.884099300,1,0
72.884138810,1,1
72.884180452,1,0
72.884221612,1,1
72.884263250,1,0
72.884264994,0,0
72.884304412,0,1
72.884347038,0,0
72.884348780,1,0
72.884388194,1,1
72.884429832,1,0
72.884470984,1,1
72.884512622,1,0
72.884553772,1,1
72.884596886,1,0
72.884638036,1,1
72.884680660,1,0
72.884721804,1,1
72.884755086,0,1
72.884768372,0,0
72.884809528,0,1
72.884832782,1,1
72.885104442,0,1
72.885116252,0,0
72.885158878,0,1
72.885200508,0,0
72.885241666,0,1
72.885264922,1,1
72.885284290,1,0
72.885325444,1,1
72.885346898,0,1
72.885367088,0,0
72.885408246,0,1
72.885431504,1,1
72.885450874,1,0
72.885492026,1,1
72.885534656,1,0
72.885575804,1,1
72.885618430,1,0
72.885659582,1,1
72.885702204,1,0
72.885743356,1,1
72.885785982,1,0
72.885829600,1,1
72.885872222,1,0
72.885910416,1,1
72.885953040,1,0
72.885997640,1,1
72.886012540,1,0
72.886285692,0,0
72.887060724,0,1
72.887101710,0,0
72.887142890,0,1
72.887185534,0,0
72.887226716,0,1
72.887269354,0,0
72.887271648,1,0
72.887310510,1,1
72.887352154,1,0
72.887353868,0,0
72.887393320,0,1
72.887435946,0,0
72.887477112,0,1
72.887519742,0,0
72.887560908,0,1
72.887603534,0,0
72.887644704,0,1
72.887687336,0,0
72.887728506,0,1
72.887772616,0,0
72.887813782,0,1
72.887852960,0,0
72.887854424,1,0
72.887894118,1,1
72.887927404,0,1
72.887940694,0,0
72.887981854,0,1
72.888005116,1,1
72.888344044,0,1
72.888355874,0,0
72.888398578,0,1
72.888440286,0,0
72.888481506,0,1
72.888504796,1,1
72.888524190,1,0
72.888565404,1,1
72.888586886,0,1
72.888607100,0,0
72.888648314,0,1
72.888671600,1,1
72.888690992,1,0
72.888732204,1,1
72.888774882,1,0
72.888816090,1,1
72.888858772,1,0
72.888899980,1,1
72.888942660,1,0
72.888983872,1,1
72.889026550,1,0
72.889070228,1,1
72.889112916,1,0
72.889151170,1,1
72.889193866,1,0
72.889238548,1,1
72.889251086,1,0
72.889252342,1,1
72.896440546,0,1
72.896452376,0,0
72.896495088,0,1
72.896518386,1,1
72.896537786,1,0
72.896579016,1,1
72.896600510,0,1
72.896620736,0,0
72.896661972,0,1
72.896685268,1,1
72.896704672,1,0
72.896745902,1,1
72.896767394,0,1
72.896787620,0,0
72.896828858,0,1
72.896852158,1,1
72.896871560,1,0
72.896912794,1,1
72.896955500,1,0
72.896996730,1,1
72.897018226,0,1
72.897038450,0,0
72.897079688,0,1
72.897121402,0,0
72.897165110,0,1
72.897188412,1,1
72.897207816,1,0
72.897246094,1,1
72.897288802,1,0
72.897333494,1,1
72.897351846,1,0
72.898303436,1,1
72.911084218,0,1
72.911096052,0,0
72.911138768,0,1
72.911180486,0,0
72.911221734,0,1
72.911263454,0,0
72.911304694,0,1
72.911327996,1,1
72.911347398,1,0
72.911388634,1,1
72.911410130,0,1
72.911430358,0,0
72.911471596,0,1
72.911494900,1,1
72.911514302,1,0
72.911555538,1,1
72.911598242,1,0
72.911639478,1,1
72.911660972,0,1
72.911681198,0,0
72.911722436,0,1
72.911764156,0,0
72.911807864,0,1
72.911849582,0,0
72.911887860,0,1
72.911911164,1,1
72.911930566,1,0
72.911975256,1,1
72.911994380,1,0
72.914303796,1,1
72.915614878,0,1
72.915626710,0,0
72.915669436,0,1
72.915711160,0,0
72.915752400,0,1
72.915794124,0,0
72.915835368,0,1
72.915858672,1,1
72.915878074,1,0
72.915919316,1,1
72.915962026,1,0
72.916003264,1,1
72.916045976,1,0
72.916087218,1,1
72.916129926,1,0
72.916171160,1,1
72.916192658,0,1
72.916212892,0,0
72.916254138,0,1
72.916295860,0,0
72.916339572,0,1
72.916362878,1,1
72.916382282,1,0
72.916420554,1,1
72.916463266,1,0
72.916507962,1,1
72.916526298,1,0
72.922304154,1,1
72.976736162,0,1
72.976747996,0,0
72.976790716,0,1
72.976832434,0,0
72.976873676,0,1
72.976915396,0,0
72.976956638,0,1
72.976998356,0,0
72.977039600,0,1
72.977081320,0,0
72.977122560,0,1
72.977145864,1,1
72.977165266,1,0
72.977206508,1,1
72.977249218,1,0
72.977290456,1,1
72.977333166,1,0
72.977374398,1,1
72.977417104,1,0
72.977460802,1,1
72.977503504,1,0
72.977541776,1,1
72.977584482,1,0
72.977629178,1,1
72.981269020,0,1
72.981280858,0,0
72.981323598,0,1
72.981365332,0,0
72.981406586,0,1
72.981448316,0,0
72.981489572,0,1
72.981512884,1,1
72.981532288,1,0
72.981573536,1,1
72.981616260,1,0
72.981657512,1,1
72.981657514,1,0
72.981657516,1,1
72.981700236,1,0
72.981741490,1,1
72.981784214,1,0
72.981825462,1,1
72.981846962,0,1
72.981867200,0,0
72.981908456,0,1
72.981950188,0,0
72.981993918,0,1
72.982017228,1,1
72.982036636,1,0
72.982074922,1,1
72.982117644,1,0
72.982162352,1,1
72.989423884,1,0
72.994302526,1,1
72.996355032,0,1
72.996366866,0,0
72.996409592,0,1
72.996451318,0,0
72.996492564,0,1
72.996534288,0,0
72.996575534,0,1
72.996617260,0,0
72.996658508,0,1
72.996700236,0,0
72.996741488,0,1
72.996764792,1,1
72.996784198,1,0
72.996825446,1,1
72.996868160,1,0
72.996909404,1,1
72.996952120,1,0
72.996993362,1,1
72.997036078,1,0
72.997079792,1,1
72.997122508,1,0
72.997160788,1,1
72.997203508,1,0
72.997248212,1,1
73.000888782,0,1
73.000900618,0,0
73.000943348,0,1
73.000985072,0,0
73.001026322,0,1
73.001068050,0,0
73.001109298,0,1
73.001132606,1,1
73.001152010,1,0
73.001193256,1,1
73.001214760,0,1
73.001234996,0,0
73.001276250,0,1
73.001299556,1,1
73.001318964,1,0
73.001360206,1,1
73.001402918,1,0
73.001444164,1,1
73.001465660,0,1
73.001485892,0,0
73.001527140,0,1
73.001568866,0,0
73.001612578,0,1
73.001654302,0,0
73.001692584,0,1
73.001715886,1,1
73.001735290,1,0
73.001779986,1,1
73.010023990,1,0
73.010303006,1,1
73.016334098,0,1
73.016345936,0,0
73.016388668,0,1
73.016430390,0,0
73.016471640,0,1
73.016513368,0,0
73.016554614,0,1
73.016596338,0,0
73.016637586,0,1
73.016679308,0,0
73.016720554,0,1
73.016743862,1,1
73.016763270,1,0
73.016804518,1,1
73.016847232,1,0
73.016888480,1,1
73.016931194,1,0
73.016972440,1,1
73.017015156,1,0
73.017058866,1,1
73.017101580,1,0
73.017139864,1,1
73.017182580,1,0
73.017227286,1,1
73.020866782,0,1
73.020878616,0,0
73.020921338,0,1
73.020944644,1,1
73.020964050,1,0
73.021005296,1,1
73.021026792,0,1
73.021047026,0,0
73.021088274,0,1
73.021111580,1,1
73.021130984,1,0
73.021172228,1,1
73.021193728,0,1
73.021213968,0,0
73.021255228,0,1
73.021278536,1,1
73.021297942,1,0
73.021339190,1,1
73.021381908,1,0
73.021423150,1,1
73.021444648,0,1
73.021464880,0,0
73.021506128,0,1
73.021547850,0,0
73.021591572,0,1
73.021614878,1,1
73.021634282,1,0
73.021672562,1,1
73.021715274,1,0
73.021759974,1,1
73.029602714,1,0
73.034303594,1,1
73.048151416,0,1
73.048163258,0,0
73.048206018,0,1
73.048229342,1,1
73.048248758,1,0
73.048290024,1,1
73.048311526,0,1
73.048331762,0,0
73.048373020,0,1
73.048396328,1,1
73.048415732,1,0
73.048456980,1,1
73.048478478,0,1
73.048498710,0,0
73.048539958,0,1
73.048563266,1,1
73.048582674,1,0
73.048623922,1,1
73.048666640,1,0
73.048707884,1,1
73.048729384,0,1
73.048749616,0,0
73.048790862,0,1
73.048832588,0,0
73.048876308,0,1
73.048899616,1,1
73.048919020,1,0
73.048957302,1,1
73.049000020,1,0
73.049044722,1,1
73.049063924,1,0
73.050303342,1,1
73.064657118,0,1
73.064668952,0,0
73.064711682,0,1
73.064753410,0,0
73.064794662,0,1
73.064836390,0,0
73.064877644,0,1
73.064900952,1,1
73.064920356,1,0
73.064961602,1,1
73.064983104,0,1
73.065003338,0,0
73.065044586,0,1
73.065067892,1,1
73.065087298,1,0
73.065128546,1,1
73.065171260,1,0
73.065212512,1,1
73.065234012,0,1
73.065254246,0,0
73.065295496,0,1
73.065337226,0,0
73.065380948,0,1
73.065422672,0,0
73.065460958,0,1
73.065484268,1,1
73.065503674,1,0
73.065548382,1,1
73.065566028,1,0
73.066302548,1,1
73.072902044,0,1
73.072913878,0,0
73.072956610,0,1
73.072998336,0,0
73.073039584,0,1
73.073081312,0,0
73.073122566,0,1
73.073145870,1,1
73.073165276,1,0
73.073206524,1,1
73.073249244,1,0
73.073290490,1,1
73.073333206,1,0
73.073374452,1,1
73.073417166,1,0
73.073458408,1,1
73.073479908,0,1
73.073500142,0,0
73.073541392,0,1
73.073583120,0,0
73.073626842,0,1
73.073650148,1,1
73.073669556,1,0
73.073707840,1,1
73.073750556,1,0
73.073795258,1,1
73.073813590,1,0
73.074302892,1,1
73.089865540,1,0
73.090138752,0,0
73.090914102,0,1
73.091046414,0,0
73.091048558,1,0
73.091087670,1,1
73.091129398,1,0
73.091130802,0,0
73.091170660,0,1
73.091213390,0,0
73.091215662,1,0
73.091254650,1,1
73.091296388,1,0
73.091337642,1,1
73.091379370,1,0
73.091380456,0,0
73.091420630,0,1
73.091463352,0,0
73.091465322,1,0
73.091504604,1,1
73.091546334,1,0
73.091587586,1,1
73.091629314,1,0
73.091670562,1,1
73.091713776,1,0
73.091755024,1,1
73.091797740,1,0
73.091838990,1,1
73.091872342,0,1
73.091885662,0,0
73.091926920,0,1
73.091950232,1,1
73.092222560,0,1
73.092234398,0,0
73.092277128,0,1
73.092318854,0,0
73.092360112,0,1
73.092383418,1,1
73.092402826,1,0
73.092444076,1,1
73.092465578,0,1
73.092485814,0,0
73.092527072,0,1
73.092550380,1,1
73.092569786,1,0
73.092611036,1,1
73.092653752,1,0
73.092695000,1,1
73.092737716,1,0
73.092778966,1,1
73.092821684,1,0
73.092862930,1,1
73.092905652,1,0
73.092949374,1,1
73.092992090,1,0
73.093030370,1,1
73.093073080,1,0
73.093117770,1,1
73.093133188,1,0
73.093406456,0,0
73.094181892,0,1
73.094224170,0,0
73.094265442,0,1
73.094308170,0,0
73.094349440,0,1
73.094392164,0,0
73.094433430,0,1
73.094476142,0,0
73.094517402,0,1
73.094560136,0,0
73.094601412,0,1
73.094644136,0,0
73.094685400,0,1
73.094728126,0,0
73.094769392,0,1
73.094812114,0,0
73.094853378,0,1
73.094897578,0,0
73.094899360,1,0
73.094938832,1,1
73.094981554,1,0
73.095022806,1,1
73.095056160,0,1
73.095069478,0,0
73.095110738,0,1
73.095134048,1,1
73.095477780,0,1
73.095489598,0,0
73.095532260,0,1
73.095573922,0,0
73.095615102,0,1
73.095638372,1,1
73.095657746,1,0
73.095698918,1,1
73.095720380,0,1
73.095740578,0,0
73.095781756,0,1
73.095805022,1,1
73.095824398,1,0
73.095865570,1,1
73.095908212,1,0
73.095949384,1,1
73.095992026,1,0
73.096033198,1,1
73.096075842,1,0
73.096117012,1,1
73.096159656,1,0
73.096203296,1,1
73.096245944,1,0
73.096284160,1,1
73.096326802,1,0
73.096371420,1,1
73.096384560,1,0
73.096385810,1,1
73.140144104,0,1
73.140155916,0,0
73.140198556,0,1
73.140240204,0,0
73.140281368,0,1
73.140323014,0,0
73.140364180,0,1
73.140405822,0,0
73.140446982,0,1
73.140488626,0,0
73.140529786,0,1
73.140553046,1,1
73.140572414,1,0
73.140613578,1,1
73.140656208,1,0
73.140697368,1,1
73.140740000,1,0
73.140781160,1,1
73.140823790,1,0
73.140867410,1,1
73.140910042,1,0
73.140948240,1,1
73.140990868,1,0
73.141035476,1,1
73.144667530,0,1
73.144679342,0,0
73.144721980,0,1
73.144763622,0,0
73.144804790,0,1
73.144846436,0,0
73.144887596,0,1
73.144910856,1,1
73.144930226,1,0
73.144971390,1,1
73.145014018,1,0
73.145055176,1,1
73.145097810,1,0
73.145138966,1,1
73.145181596,1,0
73.145222758,1,1
73.145244214,0,1
73.145264406,0,0
73.145305568,0,1
73.145347212,0,0
73.145390840,0,1
73.145414098,1,1
73.145433468,1,0
73.145471672,1,1
73.145514300,1,0
73.145558904,1,1
73.153214500,1,0
73.154303218,1,1
73.162214966,0,1
73.162226780,0,0
73.162269424,0,1
73.162311066,0,0
73.162352226,0,1
73.162393866,0,0
73.162435024,0,1
73.162476664,0,0
73.162517828,0,1
73.162559476,0,0
73.162600642,0,1
73.162623902,1,1
73.162643272,1,0
73.162684432,1,1
73.162727058,1,0
73.162768216,1,1
73.162810844,1,0
73.162851998,1,1
73.162894628,1,0
73.162938252,1,1
73.162980880,1,0
73.163019078,1,1
73.163061710,1,0
73.163106314,1,1
73.166739512,0,1
73.166751324,0,0
73.166793962,0,1
73.166835608,0,0
73.166876774,0,1
73.166918418,0,0
73.166959584,0,1
73.166982842,1,1
73.167002212,1,0
73.167043370,1,1
73.167064828,0,1
73.167085018,0,0
73.167126182,0,1
73.167149440,1,1
73.167168808,1,0
73.167209972,1,1
73.167252606,1,0
73.167293764,1,1
73.167315222,0,1
73.167335416,0,0
73.167376578,0,1
73.167418220,0,0
73.167461848,0,1
73.167503492,0,0
73.167541696,0,1
73.167564954,1,1
73.167584322,1,0
73.167628930,1,1
73.175871262,1,0
73.178296306,1,1
73.188766194,0,1
73.188778006,0,0
73.188820638,0,1
73.188862282,0,0
73.188903444,0,1
73.188945088,0,0
73.188986250,0,1
73.189009504,1,1
73.189028874,1,0
73.189070032,1,1
73.189091490,0,1
73.189111682,0,0
73.189152842,0,1
73.189176102,1,1
73.189195472,1,0
73.189236638,1,1
73.189279270,1,0
73.189320426,1,1
73.189341882,0,1
73.189362076,0,0
73.189403240,0,1
73.189444880,0,0
73.189488506,0,1
73.189530154,0,0
73.189568360,0,1
73.189591616,1,1
73.189610988,1,0
73.189655598,1,1
73.189674450,1,0
73.194310182,1,1
73.208007976,0,1
73.208019786,0,0
73.208062420,0,1
73.208104060,0,0
73.208145220,0,1
73.208186860,0,0
73.208228026,0,1
73.208251284,1,1
73.208270654,1,0
73.208311812,1,1
73.208354440,1,0
73.208395598,1,1
73.208438220,1,0
73.208479374,1,1
73.208522004,1,0
73.208563160,1,1
73.208584616,0,1
73.208604806,0,0
73.208645968,0,1
73.208687612,0,0
73.208731236,0,1
73.208754494,1,1
73.208773864,1,0
73.208812064,1,1
73.208854686,1,0
73.208899290,1,1
73.208917368,1,0
73.210302102,1,1
73.225804156,1,0
73.226077248,0,0
73.226851988,0,1
73.226971516,0,0
73.226973276,1,0
73.227012682,1,1
73.227054328,1,0
73.227055490,0,0
73.227095500,0,1
73.227138134,0,0
73.227140296,1,0
73.227179296,1,1
73.227220944,1,0
73.227262104,1,1
73.227303750,1,0
73.227304970,0,0
73.227344916,0,1
73.227387550,0,0
73.227389760,1,0
73.227428706,1,1
73.227470338,1,0
73.227511496,1,1
73.227553150,1,0
73.227594318,1,1
73.227637438,1,0
73.227678594,1,1
73.227721224,1,0
73.227762380,1,1
73.227795666,0,1
73.227808956,0,0
73.227850122,0,1
73.227873386,1,1
73.228145144,0,1
73.228156956,0,0
73.228199598,0,1
73.228241240,0,0
73.228282402,0,1
73.228305662,1,1
73.228325034,1,0
73.228366190,1,1
73.228387648,0,1
73.228407840,0,0
73.228449004,0,1
73.228472258,1,1
73.228491626,1,0
73.228532780,1,1
73.228575408,1,0
73.228616560,1,1
73.228659184,1,0
73.228700336,1,1
73.228742960,1,0
73.228784110,1,1
73.228826738,1,0
73.228870358,1,1
73.228912982,1,0
73.228951178,1,1
73.228993806,1,0
73.229038408,1,1
73.229053512,1,0
73.229326592,0,0
73.230101404,0,1
73.230142524,0,0
73.230183698,0,1
73.230226336,0,0
73.230267514,0,1
73.230310148,0,0
73.230312250,1,0
73.230351310,1,1
73.230392956,1,0
73.230394456,0,0
73.230434128,0,1
73.230476758,0,0
73.230517932,0,1
73.230560564,0,0
73.230601730,0,1
73.230644364,0,0
73.230685534,0,1
73.230728170,0,0
73.230769352,0,1
73.230813488,0,0
73.230854684,0,1
73.230893898,0,0
73.230895916,1,0
73.230935090,1,1
73.230968402,0,1
73.230981700,0,0
73.231022886,0,1
73.231046164,1,1
73.231385344,0,1
73.231397182,0,0
73.231439930,0,1
73.231481672,0,0
73.231522938,0,1
73.231546256,1,1
73.231565674,1,0
73.231606940,1,1
73.231628446,0,1
73.231648688,0,0
73.231689960,0,1
73.231713278,1,1
73.231732692,1,0
73.231773958,1,1
73.231816694,1,0
73.231857962,1,1
73.231900696,1,0
73.231941964,1,1
73.231984702,1,0
73.232025964,1,1
73.232068700,1,0
73.232112440,1,1
73.232155174,1,0
73.232193478,1,1
73.232236216,1,0
73.232280928,1,1
73.232296080,1,0
73.232297336,1,1
73.307860756,0,1
73.307872590,0,0
73.307915312,0,1
73.307957030,0,0
73.307998278,0,1
73.308039990,0,0
73.308081234,0,1
73.308122962,0,0
73.308164210,0,1
73.308205928,0,0
73.308247170,0,1
73.308270470,1,1
73.308289872,1,0
73.308331108,1,1
73.308373822,1,0
73.308415062,1,1
73.308457774,1,0
73.308499014,1,1
73.308541724,1,0
73.308585428,1,1
73.308628140,1,0
73.308666420,1,1
73.308709130,1,0
73.308753826,1,1
73.312392912,0,1
73.312404746,0,0
73.312447468,0,1
73.312489188,0,0
73.312530430,0,1
73.312572154,0,0
73.312613396,0,1
73.312636698,1,1
73.312656102,1,0
73.312697342,1,1
73.312740052,1,0
73.312781290,1,1
73.312823998,1,0
73.312865238,1,1
73.312907948,1,0
73.312949188,1,1
73.312970686,0,1
73.312990916,0,0
73.313032164,0,1
73.313073888,0,0
73.313117606,0,1
73.313140910,1,1
73.313160316,1,0
73.313198600,1,1
73.313241314,1,0
73.313286014,1,1
73.321113506,1,0
73.322301596,1,1
73.322501122,0,1
73.322512958,0,0
73.322555688,0,1
73.322597414,0,0
73.322638662,0,1
73.322680386,0,0
73.322721636,0,1
73.322763358,0,0
73.322804608,0,1
73.322846336,0,0
73.322887584,0,1
73.322910892,1,1
73.322930300,1,0
73.322971546,1,1
73.323014256,1,0
73.323055504,1,1
73.323098216,1,0
73.323139456,1,1
73.323182168,1,0
73.323225884,1,1
73.323268598,1,0
73.323306880,1,1
73.323349596,1,0
73.323394298,1,1
73.327033902,0,1
73.327045738,0,0
73.327088464,0,1
73.327111770,1,1
73.327131174,1,0
73.327172422,1,1
73.327193918,0,1
73.327214152,0,0
73.327255406,0,1
73.327278712,1,1
73.327298118,1,0
73.327339360,1,1
73.327360860,0,1
73.327381092,0,0
73.327422340,0,1
73.327445644,1,1
73.327465050,1,0
73.327506296,1,1
73.327549012,1,0
73.327590250,1,1
73.327611748,0,1
73.327631978,0,0
73.327673230,0,1
73.327714954,0,0
73.327758670,0,1
73.327781976,1,1
73.327801384,1,0
73.327839664,1,1
73.327882376,1,0
73.327927078,1,1
73.334730000,0,1
73.334741836,0,0
73.334784562,0,1
73.334826290,0,0
73.334867544,0,1
73.334909274,0,0
73.334950524,0,1
73.334992252,0,0
73.335033502,0,1
73.335075230,0,0
73.335116482,0,1
73.335139788,1,1
73.335159192,1,0
73.335200436,1,1
73.335243150,1,0
73.335284402,1,1
73.335327116,1,0
73.335368364,1,1
73.335411084,1,0
73.335454800,1,1
73.335497518,1,0
73.335535802,1,1
73.335578514,1,0
73.335623214,1,1
73.339263722,0,1
73.339275558,0,0
73.339318286,0,1
73.339360014,0,0
73.339401266,0,1
73.339442994,0,0
73.339484246,0,1
73.339507548,1,1
73.339526952,1,0
73.339568198,1,1
73.339589694,0,1
73.339609928,0,0
73.339651174,0,1
73.339674478,1,1
73.339693884,1,0
73.339735126,1,1
73.339777840,1,0
73.339819086,1,1
73.339840582,0,1
73.339860812,0,0
73.339902056,0,1
73.339943782,0,0
73.339987498,0,1
73.340029220,0,0
73.340067504,0,1
73.340090810,1,1
73.340110214,1,0
73.340154916,1,1
73.347905330,1,0
73.354303140,1,1
73.370852268,1,0
73.371121418,0,0
73.371896660,0,1
73.372734988,0,0
73.372736928,1,0
73.372776240,1,1
73.372817966,1,0
73.372819168,0,0
73.372859224,0,1
73.372901944,0,0
73.372904006,1,0
73.372943194,1,1
73.372984922,1,0
73.373026170,1,1
73.373067896,1,0
73.373069728,0,0
73.373109150,0,1
73.373151866,0,0
73.373153550,1,0
73.373193110,1,1
73.373234840,1,0
73.373276090,1,1
73.373317814,1,0
73.373359052,1,1
73.373359054,1,0
73.373359058,1,1
73.373402262,1,0
73.373443504,1,1
73.373486216,1,0
73.373527460,1,1
73.373560806,0,1
73.373574122,0,0
73.373615380,0,1
73.373638698,1,1
73.373911010,0,1
73.373922846,0,0
73.373965572,0,1
73.374007294,0,0
73.374048544,0,1
73.374071852,1,1
73.374091258,1,0
73.374132504,1,1
73.374154006,0,1
73.374174240,0,0
73.374215498,0,1
73.374238804,1,1
73.374258212,1,0
73.374299466,1,1
73.374342182,1,0
73.374383428,1,1
73.374426146,1,0
73.374467396,1,1
73.374510110,1,0
73.374551356,1,1
73.374594070,1,0
73.374637782,1,1
73.374680496,1,0
73.374718778,1,1
73.374761492,1,0
73.374806194,1,1
73.374820152,1,0
73.375089390,0,0
73.375864598,0,1
73.375906280,0,0
73.375947542,0,1
73.375990264,0,0
73.376031532,0,1
73.376074254,0,0
73.376115518,0,1
73.376158240,0,0
73.376199504,0,1
73.376242230,0,0
73.376283498,0,1
73.376326218,0,0
73.376367480,0,1
73.376410200,0,0
73.376451460,0,1
73.376494178,0,0
73.376535422,0,1
73.376579620,0,0
73.376580990,1,0
73.376620880,1,1
73.376663610,1,0
73.376704862,1,1
73.376738212,0,1
73.376751528,0,0
73.376792782,0,1
73.376816088,1,1
73.377159824,0,1
73.377171646,0,0
73.377214318,0,1
73.377255990,0,0
73.377297180,0,1
73.377320452,1,1
73.377339830,1,0
73.377381010,1,1
73.377402476,0,1
73.377422680,0,0
73.377463870,0,1
73.377487142,1,1
73.377506522,1,0
73.377547706,1,1
73.377590360,1,0
73.377631542,1,1
73.377674198,1,0
73.377715382,1,1
73.377758034,1,0
73.377799212,1,1
73.377841866,1,0
73.377885516,1,1
73.377928168,1,0
73.377966386,1,1
73.378009030,1,0
73.378053656,1,1
73.378067316,1,0
73.378068566,1,1
73.385246314,0,1
73.385258130,0,0
73.385300776,0,1
73.385324042,1,1
73.385343414,1,0
73.385384580,1,1
73.385406040,0,1
73.385426236,0,0
73.385467408,0,1
73.385490672,1,1
73.385510042,1,0
73.385551210,1,1
73.385572670,0,1
73.385592864,0,0
73.385634038,0,1
73.385657302,1,1
73.385676674,1,0
73.385717842,1,1
73.385760484,1,0
73.385801650,1,1
73.385823112,0,1
73.385843308,0,0
73.385884480,0,1
73.385926130,0,0
73.385969762,0,1
73.385993024,1,1
73.386012398,1,0
73.386050602,1,1
73.386093242,1,0
73.386137854,1,1
73.386156302,1,0
73.386302644,1,1
73.398972766,0,1
73.398984580,0,0
73.399027224,0,1
73.399068876,0,0
73.399110046,0,1
73.399151694,0,0
73.399192862,0,1
73.399216126,1,1
73.399235500,1,0
73.399276666,1,1
73.399298124,0,1
73.399318320,0,0
73.399359492,0,1
73.399382750,1,1
73.399402122,1,0
73.399443284,1,1
73.399485918,1,0
73.399527078,1,1
73.399548536,0,1
73.399568730,0,0
73.399609902,0,1
73.399651556,0,0
73.399695190,0,1
73.399736842,0,0
73.399775052,0,1
73.399798318,1,1
73.399817688,1,0
73.399862304,1,1
73.399880930,1,0
73.402302714,1,1
73.426488324,0,1
73.426500140,0,0
73.426542784,0,1
73.426584434,0,0
73.426625604,0,1
73.426667254,0,0
73.426708422,0,1
73.426731682,1,1
73.426751056,1,0
73.426792218,1,1
73.426834852,1,0
73.426876014,1,1
73.426918652,1,0
73.426959814,1,1
73.427002448,1,0
73.427043612,1,1
73.427065072,0,1
73.427085266,0,0
73.427126432,0,1
73.427168082,0,0
73.427211718,0,1
73.427234978,1,1
73.427254352,1,0
73.427292560,1,1
73.427335192,1,0
73.427379804,1,1
73.427398420,1,0
73.434301762,1,1
73.506701912,0,1
73.506713722,0,0
73.506756356,0,1
73.506797994,0,0
73.506839154,0,1
73.506880796,0,0
73.506921954,0,1
73.506963602,0,0
73.507004764,0,1
73.507046406,0,0
73.507087568,0,1
73.507110824,1,1
73.507130196,1,0
73.507171354,1,1
73.507213996,1,0
73.507255160,1,1
73.507297796,1,0
73.507338958,1,1
73.507381600,1,0
73.507425232,1,1
73.507467868,1,0
73.507506070,1,1
73.507548698,1,0
73.507593306,1,1
73.511226252,0,1
73.511238062,0,0
73.511280700,0,1
73.511322346,0,0
73.511363504,0,1
73.511405150,0,0
73.511446312,0,1
73.511469570,1,1
73.511488940,1,0
73.511530096,1,1
73.511551554,0,1
73.511571744,0,0
73.511612902,0,1
73.511636156,1,1
73.511655528,1,0
73.511696692,1,1
73.511739318,1,0
73.511780476,1,1
73.511801936,0,1
73.511822126,0,0
73.511863290,0,1
73.511904930,0,0
73.511948556,0,1
73.511990200,0,0
73.512028400,0,1
73.512051656,1,1
73.512071024,1,0
73.512115626,1,1
73.519889982,1,0
73.522300986,1,1
73.535785770,0,1
73.535797582,0,0
73.535840216,0,1
73.535881852,0,0
73.535923006,0,1
73.535964644,0,0
73.536005798,0,1
73.536029054,1,1
73.536048422,1,0
73.536089572,1,1
73.536111024,0,1
73.536131210,0,0
73.536172368,0,1
73.536195628,1,1
73.536214998,1,0
73.536256154,1,1
73.536298786,1,0
73.536339942,1,1
73.536361398,0,1
73.536381586,0,0
73.536422742,0,1
73.536464384,0,0
73.536508006,0,1
73.536549646,0,0
73.536587850,0,1
73.536611102,1,1
73.536630470,1,0
73.536675070,1,1
73.536694130,1,0
73.538301160,1,1
73.570723276,1,0
73.570727280,0,0
73.571771492,0,1
73.572654276,0,0
73.572655764,1,0
73.572695432,1,1
73.572737076,1,0
73.572739000,0,0
73.572778240,0,1
73.572820872,0,0
73.572822824,1,0
73.572862030,1,1
73.572903674,1,0
73.572944828,1,1
73.572986464,1,0
73.572987532,0,0
73.573027626,0,1
73.573070256,0,0
73.573072344,1,0
73.573111412,1,1
73.573153058,1,0
73.573194216,1,1
73.573235860,1,0
73.573277016,1,1
73.573320138,1,0
73.573361290,1,1
73.573403916,1,0
73.573445068,1,1
73.573478348,0,1
73.573491636,0,0
73.573532802,0,1
73.573556068,1,1
73.573827798,0,1
73.573839608,0,0
73.573882236,0,1
73.573923872,0,0
73.573965028,0,1
73.573988284,1,1
73.574007652,1,0
73.574048804,1,1
73.574070262,0,1
73.574090450,0,0
73.574131610,0,1
73.574154864,1,1
73.574174234,1,0
73.574215396,1,1
73.574258028,1,0
73.574299186,1,1
73.574341814,1,0
73.574382966,1,1
73.574425596,1,0
73.574466750,1,1
73.574509374,1,0
73.574552988,1,1
73.574595616,1,0
73.574633808,1,1
73.574676428,1,0
73.574721030,1,1
73.574734124,1,0
73.575003204,0,0
73.575778100,0,1
73.575818708,0,0
73.575859878,0,1
73.575902514,0,0
73.575943680,0,1
73.575986310,0,0
73.575987954,1,0
73.576027470,1,1
73.576069114,1,0
73.576070164,0,0
73.576110278,0,1
73.576152902,0,0
73.576194072,0,1
73.576236702,0,0
73.576277866,0,1
73.576320492,0,0
73.576361656,0,1
73.576404284,0,0
73.576445454,0,1
73.576489564,0,0
73.576530732,0,1
73.576569916,0,0
73.576571630,1,0
73.576611074,1,1
73.576644358,0,1
73.576657648,0,0
73.576698814,0,1
73.576722072,1,1
73.577060980,0,1
73.577072808,0,0
73.577115510,0,1
73.577157214,0,0
73.577198448,0,1
73.577221746,1,1
73.577241146,1,0
73.577282370,1,1
73.577303862,0,1
73.577324086,0,0
73.577365322,0,1
73.577388620,1,1
73.577408020,1,0
73.577449252,1,1
73.577491954,1,0
73.577533182,1,1
73.577575882,1,0
73.577617112,1,1
73.577659812,1,0
73.577701036,1,1
73.577743736,1,0
73.577787428,1,1
73.577830122,1,0
73.577868390,1,1
73.577911078,1,0
73.577955742,1,1
73.577968568,1,0
73.577969820,1,1
73.668765702,0,1
73.668777534,0,0
73.668820256,0,1
73.668861982,0,0
73.668903226,0,1
73.668944956,0,0
73.668986204,0,1
73.669027928,0,0
73.669069174,0,1
73.669110902,0,0
73.669152148,0,1
73.669175450,1,1
73.669194858,1,0
73.669236106,1,1
73.669278822,1,0
73.669320064,1,1
73.669362778,1,0
73.669404018,1,1
73.669446728,1,0
73.669490442,1,1
73.669533148,1,0
73.669571426,1,1
73.669614138,1,0
73.669658836,1,1
73.673298224,0,1
73.673310060,0,0
73.673352786,0,1
73.673394510,0,0
73.673435758,0,1
73.673477484,0,0
73.673518728,0,1
73.673542034,1,1
73.673561440,1,0
73.673602676,1,1
73.673645390,1,0
73.673686632,1,1
73.673729342,1,0
73.673770580,1,1
73.673813294,1,0
73.673854536,1,1
73.673876032,0,1
73.673896260,0,0
73.673937508,0,1
73.673979232,0,0
73.674022946,0,1
73.674046254,1,1
73.674065662,1,0
73.674103942,1,1
73.674146654,1,0
73.674191358,1,1
73.681631220,1,0
73.682301242,1,1
73.701314186,0,1
73.701326022,0,0
73.701368750,0,1
73.701410476,0,0
73.701451724,0,1
73.701493450,0,0
73.701534696,0,1
73.701576422,0,0
73.701617670,0,1
73.701659392,0,0
73.701700636,0,1
73.701723944,1,1
73.701743350,1,0
73.701784594,1,1
73.701827306,1,0
73.701868550,1,1
73.701911260,1,0
73.701952500,1,1
73.701995212,1,0
73.702038922,1,1
73.702081634,1,0
73.702119912,1,1
73.702162624,1,0
73.702207326,1,1
73.705846728,0,1
73.705858564,0,0
73.705901292,0,1
73.705924596,1,1
73.705944004,1,0
73.705985248,1,1
73.706006746,0,1
73.706026980,0,0
73.706068234,0,1
73.706091538,1,1
73.706110944,1,0
73.706152188,1,1
73.706173686,0,1
73.706193922,0,0
73.706235180,0,1
73.706258488,1,1
73.706277898,1,0
73.706319154,1,1
73.706361872,1,0
73.706403118,1,1
73.706424618,0,1
73.706444852,0,0
73.706486102,0,1
73.706527830,0,0
73.706571550,0,1
73.706594858,1,1
73.706614264,1,0
73.706652548,1,1
73.706695262,1,0
73.706739966,1,1
73.714599800,1,0
73.722301274,1,1
73.724935788,0,1
73.724947624,0,0
73.724990358,0,1
73.725032088,0,0
73.725073340,0,1
73.725115072,0,0
73.725156330,0,1
73.725198060,0,0
73.725239316,0,1
73.725281048,0,0
73.725322302,0,1
73.725345612,1,1
73.725365018,1,0
73.725406268,1,1
73.725448984,1,0
73.725490234,1,1
73.725532952,1,0
73.725574204,1,1
73.725616920,1,0
73.725660640,1,1
73.725703358,1,0
73.725741640,1,1
73.725784358,1,0
73.725829064,1,1
73.729469528,0,1
73.729481366,0,0
73.729524096,0,1
73.729565828,0,0
73.729607078,0,1
73.729648808,0,0
73.729690058,0,1
73.729713364,1,1
73.729732770,1,0
73.729774020,1,1
73.729795520,0,1
73.729815754,0,0
73.729857006,0,1
73.729880316,1,1
73.729899722,1,0
73.729940972,1,1
73.729983690,1,0
73.730024938,1,1
73.730046438,0,1
73.730066672,0,0
73.730107926,0,1
73.730149658,0,0
73.730193384,0,1
73.730235124,0,0
73.730273420,0,1
73.730296732,1,1
73.730316142,1,0
73.730360850,1,1
73.738287734,1,0
73.746301234,1,1
73.762488660,1,0
73.762761984,0,0
73.763537478,0,1
73.763671356,0,0
73.763672960,1,0
73.763712610,1,1
73.763754348,1,0
73.763756242,0,0
73.763795610,0,1
73.763838332,0,0
73.763840114,1,0
73.763879586,1,1
73.763921318,1,0
73.763962570,1,1
73.764004300,1,0
73.764005906,0,0
73.764045556,0,1
73.764088274,0,0
73.764089764,1,0
73.764129524,1,1
73.764171258,1,0
73.764212514,1,1
73.764254246,1,0
73.764295496,1,1
73.764338708,1,0
73.764379962,1,1
73.764422678,1,0
73.764463930,1,1
73.764497282,0,1
73.764510600,0,0
73.764551864,0,1
73.764575180,1,1
73.764847518,0,1
73.764859354,0,0
73.764902086,0,1
73.764943814,0,0
73.764985070,0,1
73.765008376,1,1
73.765027786,1,0
73.765069038,1,1
73.765090538,0,1
73.765110772,0,0
73.765152028,0,1
73.765175340,1,1
73.765194748,1,0
73.765236002,1,1
73.765278726,1,0
73.765319978,1,1
73.765362698,1,0
73.765403946,1,1
73.765446666,1,0
73.765487914,1,1
73.765530632,1,0
73.765574352,1,1
73.765617070,1,0
73.765655356,1,1
73.765698072,1,0
73.765742778,1,1
73.765756812,1,0
73.766030120,0,0
73.766805624,0,1
73.766851810,0,0
73.766893074,0,1
73.766935800,0,0
73.766977068,0,1
73.767019794,0,0
73.767061058,0,1
73.767103782,0,0
73.767145046,0,1
73.767187770,0,0
73.767229038,0,1
73.767271764,0,0
73.767313030,0,1
73.767355754,0,0
73.767397020,0,1
73.767439744,0,0
73.767481004,0,1
73.767525212,0,0
73.767527262,1,0
73.767566464,1,1
73.767609186,1,0
73.767650436,1,1
73.767683790,0,1
73.767697108,0,0
73.767738366,0,1
73.767761680,1,1
73.768105408,0,1
73.768117226,0,0
73.768159890,0,1
73.768201558,0,0
73.768242744,0,1
73.768266012,1,1
73.768285388,1,0
73.768326568,1,1
73.768348034,0,1
73.768368234,0,0
73.768409416,0,1
73.768432686,1,1
73.768452062,1,0
73.768493244,1,1
73.768535892,1,0
73.768577068,1,1
73.768619714,1,0
73.768660890,1,1
73.768703538,1,0
73.768744714,1,1
73.768787358,1,0
73.768830998,1,1
73.768873644,1,0
73.768911862,1,1
73.768954506,1,0
73.768999130,1,1
73.769012662,1,0
73.769013916,1,1
73.955578922,1,0
73.955847964,0,0
73.956622922,0,1
73.956742846,0,0
73.956744222,1,0
73.956784010,1,1
73.956825652,1,0
73.956827432,0,0
73.956866814,0,1
73.956909442,0,0
73.956911228,1,0
73.956950598,1,1
73.956992242,1,0
73.957033396,1,1
73.957075042,1,0
73.957076926,0,0
73.957116206,0,1
73.957158834,0,0
73.957160728,1,0
73.957199994,1,1
73.957241642,1,0
73.957282800,1,1
73.957324450,1,0
73.957365604,1,1
73.957408722,1,0
73.957449880,1,1
73.957492506,1,0
73.957533660,1,1
73.957566944,0,1
73.957580234,0,0
73.957621406,0,1
73.957644672,1,1
73.957916442,0,1
73.957928252,0,0
73.957970886,0,1
73.958012522,0,0
73.958053676,0,1
73.958076930,1,1
73.958096300,1,0
73.958137450,1,1
73.958158904,0,1
73.958179092,0,0
73.958220258,0,1
73.958243516,1,1
73.958262886,1,0
73.958304044,1,1
73.958346674,1,0
73.958387830,1,1
73.958430458,1,0
73.958471612,1,1
73.958514242,1,0
73.958555398,1,1
73.958598026,1,0
73.958641648,1,1
73.958684274,1,0
73.958722470,1,1
73.958765098,1,0
73.958809694,1,1
73.958824742,1,0
73.959097842,0,0
73.959872696,0,1
73.959913784,0,0
73.959954956,0,1
73.959997590,0,0
73.960038758,0,1
73.960081392,0,0
73.960083580,1,0
73.960122550,1,1
73.960164194,1,0
73.960165802,0,0
73.960205362,0,1
73.960247994,0,0
73.960289160,0,1
73.960331792,0,0
73.960372958,0,1
73.960415586,0,0
73.960456758,0,1
73.960499386,0,0
73.960540554,0,1
73.960584666,0,0
73.960625832,0,1
73.960665012,0,0
73.960666368,1,0
73.960706168,1,1
73.960739452,0,1
73.960752742,0,0
73.960793902,0,1
73.960817162,1,1
73.961156068,0,1
73.961167896,0,0
73.961210598,0,1
73.961252306,0,0
73.961293532,0,1
73.961316826,1,1
73.961336224,1,0
73.961377454,1,1
73.961398944,0,1
73.961419168,0,0
73.961460398,0,1
73.961483692,1,1
73.961503094,1,0
73.961544322,1,1
73.961587022,1,0
73.961628250,1,1
73.961670948,1,0
73.961712172,1,1
73.961754870,1,0
73.961796098,1,1
73.961838796,1,0
73.961882490,1,1
73.961925190,1,0
73.961963456,1,1
73.962006152,1,0
73.962050838,1,1
73.962063226,1,0
73.962064484,1,1
74.038883478,0,1
74.038895312,0,0
74.038938040,0,1
74.038961342,1,1
74.038980748,1,0
74.039021988,1,1
74.039064700,1,0
74.039105940,1,1
74.039127440,0,1
74.039147670,0,0
74.039188916,0,1
74.039212224,1,1
74.039231630,1,0
74.039272872,1,1
74.039315584,1,0
74.039356826,1,1
74.039378324,0,1
74.039398554,0,0
74.039439798,0,1
74.039481524,0,0
74.039522772,0,1
74.039564494,0,0
74.039608210,0,1
74.039631516,1,1
74.039650922,1,0
74.039689198,1,1
74.039731906,1,0
74.039776602,1,1
74.039794670,1,0
74.042300154,1,1
74.055389528,0,1
74.055401364,0,0
74.055444088,0,1
74.055467390,1,1
74.055486798,1,0
74.055528044,1,1
74.055570752,1,0
74.055611994,1,1
74.055633494,0,1
74.055653726,0,0
74.055694974,0,1
74.055736702,0,0
74.055777954,0,1
74.055819676,0,0
74.055860926,0,1
74.055884230,1,1
74.055903636,1,0
74.055944878,1,1
74.055966376,0,1
74.055986608,0,0
74.056027856,0,1
74.056069582,0,0
74.056113296,0,1
74.056155024,0,0
74.056193310,0,1
74.056216624,1,1
74.056236036,1,0
74.056280754,1,1
74.056299174,1,0
74.058301572,1,1
74.094474292,0,1
74.094486126,0,0
74.094528854,0,1
74.094570580,0,0
74.094611826,0,1
74.094653552,0,0
74.094694800,0,1
74.094718104,1,1
74.094737506,1,0
74.094778750,1,1
74.094821464,1,0
74.094862704,1,1
74.094905412,1,0
74.094946648,1,1
74.094968144,0,1
74.094988372,0,0
74.095029614,0,1
74.095071344,0,0
74.095112592,0,1
74.095154318,0,0
74.095198040,0,1
74.095239768,0,0
74.095278054,0,1
74.095301362,1,1
74.095320764,1,0
74.095365470,1,1
74.095382840,1,0
74.098300226,1,1
74.122538806,0,1
74.122550642,0,0
74.122593372,0,1
74.122635098,0,0
74.122676348,0,1
74.122718078,0,0
74.122759326,0,1
74.122801044,0,0
74.122842284,0,1
74.122883998,0,0
74.122925232,0,1
74.122948528,1,1
74.122967924,1,0
74.123009150,1,1
74.123051840,1,0
74.123093064,1,1
74.123135762,1,0
74.123176990,1,1
74.123219692,1,0
74.123263392,1,1
74.123306090,1,0
74.123344350,1,1
74.123344354,1,0
74.123344358,1,1
74.123387060,1,0
74.123431752,1,1
74.127072534,0,1
74.127084370,0,0
74.127127096,0,1
74.127168826,0,0
74.127210086,0,1
74.127251816,0,0
74.127293070,0,1
74.127316380,1,1
74.127335786,1,0
74.127377032,1,1
74.127419750,1,0
74.127461000,1,1
74.127503712,1,0
74.127544954,1,1
74.127566452,0,1
74.127586688,0,0
74.127627934,0,1
74.127669662,0,0
74.127710916,0,1
74.127752644,0,0
74.127796364,0,1
74.127838094,0,0
74.127876386,0,1
74.127899694,1,1
74.127919100,1,0
74.127963802,1,1
74.134676714,0,1
74.134688550,0,0
74.134731276,0,1
74.134773002,0,0
74.134814254,0,1
74.134855982,0,0
74.134897234,0,1
74.134938964,0,0
74.134980212,0,1
74.135021936,0,0
74.135063190,0,1
74.135086496,1,1
74.135105902,1,0
74.135147154,1,1
74.135189876,1,0
74.135231130,1,1
74.135273848,1,0
74.135315096,1,1
74.135357812,1,0
74.135401530,1,1
74.135444248,1,0
74.135482532,1,1
74.135525246,1,0
74.135569952,1,1
74.139210618,0,1
74.139222456,0,0
74.139265192,0,1
74.139288500,1,1
74.139307906,1,0
74.139349158,1,1
74.139391876,1,0
74.139433124,1,1
74.139454624,0,1
74.139474858,0,0
74.139516112,0,1
74.139557842,0,0
74.139599094,0,1
74.139640826,0,0
74.139682078,0,1
74.139705386,1,1
74.139724792,1,0
74.139766044,1,1
74.139787544,0,1
74.139807778,0,0
74.139849028,0,1
74.139890760,0,0
74.139934480,0,1
74.139976210,0,0
74.140014500,0,1
74.140037812,1,1
74.140057218,1,0
74.140101922,1,1
74.148288592,1,0
74.154299770,1,1
74.164987340,0,1
74.164999176,0,0
74.165041904,0,1
74.165083634,0,0
74.165124884,0,1
74.165166608,0,0
74.165207860,0,1
74.165249590,0,0
74.165290838,0,1
74.165332568,0,0
74.165373818,0,1
74.165397124,1,1
74.165416530,1,0
74.165457780,1,1
74.165500492,1,0
74.165541736,1,1
74.165584452,1,0
74.165625694,1,1
74.165668408,1,0
74.165712122,1,1
74.165754836,1,0
74.165793116,1,1
74.165835830,1,0
74.165880530,1,1
74.169520072,0,1
74.169531908,0,0
74.169574638,0,1
74.169597944,1,1
74.169617346,1,0
74.169658592,1,1
74.169701302,1,0
74.169742544,1,1
74.169764040,0,1
74.169784274,0,0
74.169825520,0,1
74.169848826,1,1
74.169868230,1,0
74.169909474,1,1
74.169952194,1,0
74.169993442,1,1
74.170014942,0,1
74.170035176,0,0
74.170076426,0,1
74.170118150,0,0
74.170159398,0,1
74.170201134,0,0
74.170244860,0,1
74.170268168,1,1
74.170287576,1,0
74.170325862,1,1
74.170368578,1,0
74.170413282,1,1
74.178162122,1,0
74.178299826,1,1
74.307349418,1,0
74.307618624,0,0
74.308393896,0,1
74.308526624,0,0
74.308528318,1,0
74.308567880,1,1
74.308609618,1,0
74.308611572,0,0
74.308650882,0,1
74.308693606,0,0
74.308695416,1,0
74.308734862,1,1
74.308776594,1,0
74.308817844,1,1
74.308859574,1,0
74.308861158,0,0
74.308900836,0,1
74.308943554,0,0
74.308944986,1,0
74.308984808,1,1
74.309026540,1,0
74.309067790,1,1
74.309109522,1,0
74.309150770,1,1
74.309193982,1,0
74.309235240,1,1
74.309277954,1,0
74.309319204,1,1
74.309352560,0,1
74.309365880,0,0
74.309407144,0,1
74.309430460,1,1
74.309702778,0,1
74.309714614,0,0
74.309757344,0,1
74.309799074,0,0
74.309840330,0,1
74.309863638,1,1
74.309883046,1,0
74.309924298,1,1
74.309945798,0,1
74.309966034,0,0
74.310007288,0,1
74.310030598,1,1
74.310050006,1,0
74.310091260,1,1
74.310133978,1,0
74.310175228,1,1
74.310217950,1,0
74.310259202,1,1
74.310301920,1,0
74.310343170,1,1
74.310385886,1,0
74.310429604,1,1
74.310472320,1,0
74.310510604,1,1
74.310553322,1,0
74.310598022,1,1
74.310612552,1,0
74.310885816,0,0
74.311661124,0,1
74.311704586,0,0
74.311745856,0,1
74.311788578,0,0
74.311829842,0,1
74.311872566,0,0
74.311913826,0,1
74.311956546,0,0
74.311997808,0,1
74.312040532,0,0
74.312081794,0,1
74.312124518,0,0
74.312165786,0,1
74.312208518,0,0
74.312249790,0,1
74.312292514,0,0
74.312333782,0,1
74.312377990,0,0
74.312379610,1,0
74.312419248,1,1
74.312461968,1,0
74.312503222,1,1
74.312536578,0,1
74.312549898,0,0
74.312591160,0,1
74.312614470,1,1
74.312958196,0,1
74.312970014,0,0
74.313012678,0,1
74.313054344,0,0
74.313095528,0,1
74.313118796,1,1
74.313138172,1,0
74.313179354,1,1
74.313200820,0,1
74.313221022,0,0
74.313262202,0,1
74.313285470,1,1
74.313304846,1,0
74.313346024,1,1
74.313388670,1,0
74.313429844,1,1
74.313472492,1,0
74.313513664,1,1
74.313556310,1,0
74.313597484,1,1
74.313640126,1,0
74.313683766,1,1
74.313726410,1,0
74.313764624,1,1
74.313807268,1,0
74.313851892,1,1
74.313863602,1,0
74.313864854,1,1
74.329037332,0,1
74.329049150,0,0
74.329091804,0,1
74.329133458,0,0
74.329174634,0,1
74.329216296,0,0
74.329257474,0,1
74.329299130,0,0
74.329340306,0,1
74.329363570,1,1
74.329382944,1,0
74.329424116,1,1
74.329466760,1,0
74.329507930,1,1
74.329529390,0,1
74.329549586,0,0
74.329590762,0,1
74.329614026,1,1
74.329633398,1,0
74.329674570,1,1
74.329696034,0,1
74.329716230,0,0
74.329759870,0,1
74.329801526,0,0
74.329839746,0,1
74.329863014,1,1
74.329882386,1,0
74.329927008,1,1
74.329944842,1,0
74.330299374,1,1
74.346609750,1,0
74.346882848,0,0
74.347657798,0,1
74.347841404,0,0
74.347843502,1,0
74.347882578,1,1
74.347924234,1,0
74.347925710,0,0
74.347965414,0,1
74.348008050,0,0
74.348009492,1,0
74.348049224,1,1
74.348090874,1,0
74.348132044,1,1
74.348173698,1,0
74.348175158,0,0
74.348214884,0,1
74.348257532,0,0
74.348258958,1,0
74.348298708,1,1
74.348340366,1,0
74.348381536,1,1
74.348423192,1,0
74.348464360,1,1
74.348507492,1,0
74.348548660,1,1
74.348591300,1,0
74.348632466,1,1
74.348665758,0,1
74.348679052,0,0
74.348720230,0,1
74.348743496,1,1
74.349015286,0,1
74.349027098,0,0
74.349069744,0,1
74.349111392,0,0
74.349152560,0,1
74.349175822,1,1
74.349195196,1,0
74.349236370,1,1
74.349257830,0,1
74.349278026,0,0
74.349319198,0,1
74.349342462,1,1
74.349361834,1,0
74.349403002,1,1
74.349445642,1,0
74.349486810,1,1
74.349529450,1,0
74.349570614,1,1
74.349613254,1,0
74.349654422,1,1
74.349697058,1,0
74.349740690,1,1
74.349783328,1,0
74.349821536,1,1
74.349864176,1,0
74.349908792,1,1
74.349923666,1,0
74.350196778,0,0
74.350971632,0,1
74.351013330,0,0
74.351054516,0,1
74.351097158,0,0
74.351138342,0,1
74.351180986,0,0
74.351222174,0,1
74.351264814,0,0
74.351306000,0,1
74.351348644,0,0
74.351389826,0,1
74.351432468,0,0
74.351473648,0,1
74.351516292,0,0
74.351557476,0,1
74.351600118,0,0
74.351641302,0,1
74.351685424,0,0
74.351687700,1,0
74.351726598,1,1
74.351769240,1,0
74.351810408,1,1
74.351843700,0,1
74.351856994,0,0
74.351898168,0,1
74.351921434,1,1
74.352264688,0,1
74.352276502,0,0
74.352319150,0,1
74.352360808,0,0
74.352401980,0,1
74.352425244,1,1
74.352444616,1,0
74.352485786,1,1
74.352507248,0,1
74.352527446,0,0
74.352568620,0,1
74.352591882,1,1
74.352611256,1,0
74.352652422,1,1
74.352695062,1,0
74.352736230,1,1
74.352778866,1,0
74.352820032,1,1
74.352862670,1,0
74.352903840,1,1
74.352946478,1,0
74.352990110,1,1
74.353032750,1,0
74.353070960,1,1
74.353113596,1,0
74.353158214,1,1
74.353173606,1,0
74.353174862,1,1
74.418709680,1,0
74.418982744,0,0
74.419757714,0,1
74.419891408,0,0
74.419893100,1,0
74.419932572,1,1
74.419974218,1,0
74.419975320,0,0
74.420015386,0,1
74.420058014,0,0
74.420060120,1,0
74.420099170,1,1
74.420140816,1,0
74.420181978,1,1
74.420223622,1,0
74.420224822,0,0
74.420264794,0,1
74.420307424,0,0
74.420309634,1,0
74.420348580,1,1
74.420390228,1,0
74.420431386,1,1
74.420473030,1,0
74.420514186,1,1
74.420557308,1,0
74.420598462,1,1
74.420641090,1,0
74.420682248,1,1
74.420715528,0,1
74.420728816,0,0
74.420769980,0,1
74.420793242,1,1
74.421064984,0,1
74.421076796,0,0
74.421119430,0,1
74.421161070,0,0
74.421202234,0,1
74.421225498,1,1
74.421244870,1,0
74.421286036,1,1
74.421307492,0,1
74.421327686,0,0
74.421368850,0,1
74.421392106,1,1
74.421411476,1,0
74.421452640,1,1
74.421495270,1,0
74.421536432,1,1
74.421579062,1,0
74.421620220,1,1
74.421662850,1,0
74.421704006,1,1
74.421746638,1,0
74.421790258,1,1
74.421832890,1,0
74.421871090,1,1
74.421913718,1,0
74.421958324,1,1
74.421971446,1,0
74.422240526,0,0
74.423015422,0,1
74.423056146,0,0
74.423097306,0,1
74.423139936,0,0
74.423181116,0,1
74.423223766,0,0
74.423225334,1,0
74.423264944,1,1
74.423306588,1,0
74.423308566,0,0
74.423347756,0,1
74.423390390,0,0
74.423431558,0,1
74.423474190,0,0
74.423515356,0,1
74.423557990,0,0
74.423599160,0,1
74.423641792,0,0
74.423682970,0,1
74.423727084,0,0
74.423768258,0,1
74.423807442,0,0
74.423809044,1,0
74.423848606,1,1
74.423881894,0,1
74.423895188,0,0
74.423936358,0,1
74.423959624,1,1
74.424298596,0,1
74.424310426,0,0
74.424353138,0,1
74.424394852,0,0
74.424436086,0,1
74.424459384,1,1
74.424478790,1,0
74.424520028,1,1
74.424541522,0,1
74.424561750,0,0
74.424602990,0,1
74.424626292,1,1
74.424645694,1,0
74.424686930,1,1
74.424729640,1,0
74.424770876,1,1
74.424813582,1,0
74.424854818,1,1
74.424897524,1,0
74.424938760,1,1
74.424981472,1,0
74.425025178,1,1
74.425067882,1,0
74.425106152,1,1
74.425148862,1,0
74.425193554,1,1
74.425205960,1,0
74.425207208,1,1
74.479560604,0,1
74.479572440,0,0
74.479615178,0,1
74.479656900,0,0
74.479698148,0,1
74.479739874,0,0
74.479781120,0,1
74.479822852,0,0
74.479864098,0,1
74.479905832,0,0
74.479947080,0,1
74.479970386,1,1
74.479989792,1,0
74.480031042,1,1
74.480073752,1,0
74.480114998,1,1
74.480157716,1,0
74.480198962,1,1
74.480241680,1,0
74.480285396,1,1
74.480328114,1,0
74.480366394,1,1
74.480409110,1,0
74.480453812,1,1
74.484094300,0,1
74.484106138,0,0
74.484148866,0,1
74.484190598,0,0
74.484231856,0,1
74.484273584,0,0
74.484314836,0,1
74.484356566,0,0
74.484397816,0,1
74.484421122,1,1
74.484440528,1,0
74.484481776,1,1
74.484524492,1,0
74.484565736,1,1
74.484587232,0,1
74.484607464,0,0
74.484648710,0,1
74.484672010,1,1
74.484691414,1,0
74.484732658,1,1
74.484754158,0,1
74.484774392,0,0
74.484818114,0,1
74.484859840,0,0
74.484898126,0,1
74.484921430,1,1
74.484940834,1,0
74.484985536,1,1
74.492386430,1,0
74.498299738,1,1
74.559314916,0,1
74.559326752,0,0
74.559369488,0,1
74.559411218,0,0
74.559452474,0,1
74.559494206,0,0
74.559535462,0,1
74.559577196,0,0
74.559618458,0,1
74.559641768,1,1
74.559661176,1,0
74.559702424,1,1
74.559745138,1,0
74.559786382,1,1
74.559807880,0,1
74.559828112,0,0
74.559869360,0,1
74.559892670,1,1
74.559912074,1,0
74.559953320,1,1
74.559974818,0,1
74.559995052,0,0
74.560038772,0,1
74.560080494,0,0
74.560118782,0,1
74.560142088,1,1
74.560161492,1,0
74.560206196,1,1
74.560224356,1,0
74.562298616,1,1
74.578419038,1,0
74.578692298,0,0
74.579467666,0,1
74.579567630,0,0
74.579569900,1,0
74.579608890,1,1
74.579650632,1,0
74.579652168,0,0
74.579691898,0,1
74.579734620,0,0
74.579736022,1,0
74.579775880,1,1
74.579817610,1,0
74.579858864,1,1
74.579900596,1,0
74.579901812,0,0
74.579941858,0,1
74.579984578,0,0
74.579986656,1,0
74.580025834,1,1
74.580067570,1,0
74.580108820,1,1
74.580150554,1,0
74.580191804,1,1
74.580235006,1,0
74.580276262,1,1
74.580318990,1,0
74.580360256,1,1
74.580393612,0,1
74.580406930,0,0
74.580448194,0,1
74.580471510,1,1
74.580743846,0,1
74.580755682,0,0
74.580798414,0,1
74.580840142,0,0
74.580881400,0,1
74.580904710,1,1
74.580924118,1,0
74.580965378,1,1
74.580986880,0,1
74.581007118,0,0
74.581048374,0,1
74.581071684,1,1
74.581091094,1,0
74.581132346,1,1
74.581175064,1,0
74.581216320,1,1
74.581259044,1,0
74.581300294,1,1
74.581343018,1,0
74.581384266,1,1
74.581426986,1,0
74.581470708,1,1
74.581513434,1,0
74.581551722,1,1
74.581594446,1,0
74.581639154,1,1
74.581654432,1,0
74.581927698,0,0
74.582703016,0,1
74.582745828,0,0
74.582787102,0,1
74.582829832,0,0
74.582871100,0,1
74.582913830,0,0
74.582955100,0,1
74.582997828,0,0
74.583039098,0,1
74.583081826,0,0
74.583123092,0,1
74.583165822,0,0
74.583207098,0,1
74.583249826,0,0
74.583291096,0,1
74.583333826,0,0
74.583375096,0,1
74.583419306,0,0
74.583421532,1,0
74.583460568,1,1
74.583503292,1,0
74.583544548,1,1
74.583577906,0,1
74.583591224,0,0
74.583632488,0,1
74.583655800,1,1
74.583999574,0,1
74.584011394,0,0
74.584054062,0,1
74.584095730,0,0
74.584136914,0,1
74.584160186,1,1
74.584179562,1,0
74.584220750,1,1
74.584242216,0,1
74.584262420,0,0
74.584303608,0,1
74.584326882,1,1
74.584346260,1,0
74.584387442,1,1
74.584430094,1,0
74.584471274,1,1
74.584513924,1,0
74.584555102,1,1
74.584597748,1,0
74.584638924,1,1
74.584681572,1,0
74.584725212,1,1
74.584767866,1,0
74.584806082,1,1
74.584848730,1,0
74.584893358,1,1
74.584905940,1,0
74.584907192,1,1
74.647314500,0,1
74.647326312,0,0
74.647368958,0,1
74.647410606,0,0
74.647451776,0,1
74.647493426,0,0
74.647534596,0,1
74.647576246,0,0
74.647617416,0,1
74.647659068,0,0
74.647700236,0,1
74.647723500,1,1
74.647742872,1,0
74.647784038,1,1
74.647826676,1,0
74.647867836,1,1
74.647910472,1,0
74.647951638,1,1
74.647994270,1,0
74.648037900,1,1
74.648080536,1,0
74.648118740,1,1
74.648161374,1,0
74.648205994,1,1
74.651839434,0,1
74.651851248,0,0
74.651893890,0,1
74.651935536,0,0
74.651976702,0,1
74.652018352,0,0
74.652059518,0,1
74.652101166,0,0
74.652142332,0,1
74.652165592,1,1
74.652184964,1,0
74.652226130,1,1
74.652268766,1,0
74.652309926,1,1
74.652331384,0,1
74.652351576,0,0
74.652392742,0,1
74.652416002,1,1
74.652435372,1,0
74.652476536,1,1
74.652497994,0,1
74.652518188,0,0
74.652561818,0,1
74.652603466,0,0
74.652641678,0,1
74.652664928,1,1
74.652684292,1,0
74.652728898,1,1
74.660316556,1,0
74.666306322,1,1
74.689584968,0,1
74.689596778,0,0
74.689639412,0,1
74.689681050,0,0
74.689722210,0,1
74.689763856,0,0
74.689805018,0,1
74.689846666,0,0
74.689887832,0,1
74.689911092,1,1
74.689930460,1,0
74.689971618,1,1
74.690014248,1,0
74.690055406,1,1
74.690076862,0,1
74.690097052,0,0
74.690138216,0,1
74.690161474,1,1
74.690180844,1,0
74.690222012,1,1
74.690243472,0,1
74.690263668,0,0
74.690307298,0,1
74.690348944,0,0
74.690387148,0,1
74.690410410,1,1
74.690429778,1,0
74.690474388,1,1
74.690492412,1,0
74.698297744,1,1
74.714367222,1,0
74.714640372,0,0
74.715415400,0,1
74.715515358,0,0
74.715517576,1,0
74.715556526,1,1
74.715598174,1,0
74.715599802,0,0
74.715639346,0,1
74.715681982,0,0
74.715683616,1,0
74.715723144,1,1
74.715764794,1,0
74.715805956,1,1
74.715847602,1,0
74.715849340,0,0
74.715888770,0,1
74.715931402,0,0
74.715933146,1,0
74.715972564,1,1
74.716014210,1,0
74.716055364,1,1
74.716097012,1,0
74.716138174,1,1
74.716181294,1,0
74.716222466,1,1
74.716265104,1,0
74.716306260,1,1
74.716339548,0,1
74.716352840,0,0
74.716394014,0,1
74.716417284,1,1
74.716689040,0,1
74.716700850,0,0
74.716743486,0,1
74.716785128,0,0
74.716826290,0,1
74.716849550,1,1
74.716868920,1,0
74.716910080,1,1
74.716931540,0,1
74.716951732,0,0
74.716992898,0,1
74.717016158,1,1
74.717035526,1,0
74.717076686,1,1
74.717119318,1,0
74.717160478,1,1
74.717203108,1,0
74.717244270,1,1
74.717286904,1,0
74.717328064,1,1
74.717370694,1,0
74.717414320,1,1
74.717456954,1,0
74.717495156,1,1
74.717537788,1,0
74.717582396,1,1
74.717597318,1,0
74.717866366,0,0
74.718641388,0,1
74.718689134,0,0
74.718730314,0,1
74.718772950,0,0
74.718814128,0,1
74.718856766,0,0
74.718858328,1,0
74.718897934,1,1
74.718939582,1,0
74.718941562,0,0
74.718980758,0,1
74.719023392,0,0
74.719064566,0,1
74.719107204,0,0
74.719148376,0,1
74.719191012,0,0
74.719232192,0,1
74.719274830,0,0
74.719316006,0,1
74.719360124,0,0
74.719401300,0,1
74.719440488,0,0
74.719442110,1,0
74.719481654,1,1
74.719514944,0,1
74.719528236,0,0
74.719569404,0,1
74.719592668,1,1
74.719931634,0,1
74.719943464,0,0
74.719986174,0,1
74.720027886,0,0
74.720069120,0,1
74.720092418,1,1
74.720111818,1,0
74.720153052,1,1
74.720174544,0,1
74.720194770,0,0
74.720236008,0,1
74.720259308,1,1
74.720278710,1,0
74.720319948,1,1
74.720362650,1,0
74.720403888,1,1
74.720446594,1,0
74.720487826,1,1
74.720530534,1,0
74.720571770,1,1
74.720614476,1,0
74.720658180,1,1
74.720700884,1,0
74.720739156,1,1
74.720781860,1,0
74.720826552,1,1
74.720840138,1,0
74.720841390,1,1
74.722893352,1,0
74.723162608,0,0
74.723938186,0,1
74.724086506,0,0
74.724088780,1,0
74.724127754,1,1
74.724169480,1,0
74.724171052,0,0
74.724210740,0,1
74.724253456,0,0
74.724254936,1,0
74.724294704,1,1
74.724336432,1,0
74.724377678,1,1
74.724419402,1,0
74.724420772,0,0
74.724460656,0,1
74.724503370,0,0
74.724505656,1,0
74.724544616,1,1
74.724586342,1,0
74.724627586,1,1
74.724669310,1,0
74.724710552,1,1
74.724753758,1,0
74.724794998,1,1
74.724837708,1,0
74.724878950,1,1
74.724912296,0,1
74.724925612,0,0
74.724966858,0,1
74.724990164,1,1
74.725262434,0,1
74.725274268,0,0
74.725316990,0,1
74.725358712,0,0
74.725399958,0,1
74.725423262,1,1
74.725442666,1,0
74.725483906,1,1
74.725505402,0,1
74.725525634,0,0
74.725566882,0,1
74.725590186,1,1
74.725609590,1,0
74.725650830,1,1
74.725693542,1,0
74.725734778,1,1
74.725777488,1,0
74.725818728,1,1
74.725861440,1,0
74.725902680,1,1
74.725945390,1,0
74.725989100,1,1
74.726031812,1,0
74.726070088,1,1
74.726112796,1,0
74.726157490,1,1
74.726169670,1,0
74.726438974,0,0
74.727214420,0,1
74.727257448,0,0
74.727298710,0,1
74.727341426,0,0
74.727382688,0,1
74.727425402,0,0
74.727427434,1,0
74.727466646,1,1
74.727508376,1,0
74.727509700,0,0
74.727549632,0,1
74.727592346,0,0
74.727633602,0,1
74.727676314,0,0
74.727717566,0,1
74.727760280,0,0
74.727801536,0,1
74.727844246,0,0
74.727885502,0,1
74.727929700,0,0
74.727970952,0,1
74.728010210,0,0
74.728011540,1,0
74.728051456,1,1
74.728084806,0,1
74.728098124,0,0
74.728139378,0,1
74.728162686,1,1
74.728502116,0,1
74.728513950,0,0
74.728556678,0,1
74.728598402,0,0
74.728639646,0,1
74.728662950,1,1
74.728682356,1,0
74.728723600,1,1
74.728745096,0,1
74.728765328,0,0
74.728806574,0,1
74.728829880,1,1
74.728849282,1,0
74.728890520,1,1
74.728933232,1,0
74.728974476,1,1
74.729017186,1,0
74.729058428,1,1
74.729101140,1,0
74.729142380,1,1
74.729185092,1,0
74.729228804,1,1
74.729271504,1,0
74.729309776,1,1
74.729352494,1,0
74.729397202,1,1
74.729409738,1,0
74.729410998,1,1
74.791906278,0,1
74.791918114,0,0
74.791960840,0,1
74.792002566,0,0
74.792043812,0,1
74.792085532,0,0
74.792126782,0,1
74.792168504,0,0
74.792209758,0,1
74.792251486,0,0
74.792292736,0,1
74.792316042,1,1
74.792335446,1,0
74.792376692,1,1
74.792419408,1,0
74.792460650,1,1
74.792503366,1,0
74.792544610,1,1
74.792587320,1,0
74.792631032,1,1
74.792673742,1,0
74.792712016,1,1
74.792754728,1,0
74.792799430,1,1
74.796439946,0,1
74.796451782,0,0
74.796494508,0,1
74.796536230,0,0
74.796577478,0,1
74.796619204,0,0
74.796660450,0,1
74.796702178,0,0
74.796743428,0,1
74.796766736,1,1
74.796786140,1,0
74.796827388,1,1
74.796870104,1,0
74.796911342,1,1
74.796932840,0,1
74.796953072,0,0
74.796994322,0,1
74.797017626,1,1
74.797037030,1,0
74.797078276,1,1
74.797099772,0,1
74.797120006,0,0
74.797163720,0,1
74.797205446,0,0
74.797243732,0,1
74.797267036,1,1
74.797286442,1,0
74.797331142,1,1
74.805573104,1,0
74.810298538,1,1
74.834248596,0,1
74.834260432,0,0
74.834303170,0,1
74.834344898,0,0
74.834386146,0,1
74.834427878,0,0
74.834469134,0,1
74.834510866,0,0
74.834552120,0,1
74.834575428,1,1
74.834594838,1,0
74.834636088,1,1
74.834678802,1,0
74.834720052,1,1
74.834741552,0,1
74.834761786,0,0
74.834803038,0,1
74.834826346,1,1
74.834845754,1,0
74.834887000,1,1
74.834908502,0,1
74.834928734,0,0
74.834972456,0,1
74.835014188,0,0
74.835052478,0,1
74.835075786,1,1
74.835095192,1,0
74.835139902,1,1
74.835157924,1,0
74.842297922,1,1
74.858621894,1,0
74.858895124,0,0
74.859670564,0,1
74.859787400,0,0
74.859788928,1,0
74.859828652,1,1
74.859870386,1,0
74.859872172,0,0
74.859911650,0,1
74.859954374,0,0
74.859956014,1,0
74.859995630,1,1
74.860037362,1,0
74.860078614,1,1
74.860120346,1,0
74.860121776,0,0
74.860161612,0,1
74.860204336,0,0
74.860206624,1,0
74.860245594,1,1
74.860287332,1,0
74.860328586,1,1
74.860370318,1,0
74.860411572,1,1
74.860454784,1,0
74.860496036,1,1
74.860538754,1,0
74.860580004,1,1
74.860613354,0,1
74.860626674,0,0
74.860667934,0,1
74.860691252,1,1
74.860963580,0,1
74.860975416,0,0
74.861018144,0,1
74.861059876,0,0
74.861101132,0,1
74.861124442,1,1
74.861143850,1,0
74.861185104,1,1
74.861206604,0,1
74.861226838,0,0
74.861268096,0,1
74.861291404,1,1
74.861310814,1,0
74.861352066,1,1
74.861394786,1,0
74.861436040,1,1
74.861478762,1,0
74.861520016,1,1
74.861562734,1,0
74.861603986,1,1
74.861646704,1,0
74.861690426,1,1
74.861733150,1,0
74.861771434,1,1
74.861814152,1,0
74.861858862,1,1
74.861873548,1,0
74.862146866,0,0
74.862922394,0,1
74.862965552,0,0
74.863006822,0,1
74.863049548,0,0
74.863090818,0,1
74.863133546,0,0
74.863174812,0,1
74.863217542,0,0
74.863258810,0,1
74.863301542,0,0
74.863342812,0,1
74.863385538,0,0
74.863426806,0,1
74.863469536,0,0
74.863510802,0,1
74.863553528,0,0
74.863594792,0,1
74.863639000,0,0
74.863640952,1,0
74.863680256,1,1
74.863722980,1,0
74.863764234,1,1
74.863797588,0,1
74.863810908,0,0
74.863852166,0,1
74.863875478,1,1
74.864219286,0,1
74.864231104,0,0
74.864273768,0,1
74.864315432,0,0
74.864356616,0,1
74.864379884,1,1
74.864399258,1,0
74.864440436,1,1
74.864461900,0,1
74.864482100,0,0
74.864523282,0,1
74.864546548,1,1
74.864565928,1,0
74.864607110,1,1
74.864649760,1,0
74.864690934,1,1
74.864733584,1,0
74.864774760,1,1
74.864817408,1,0
74.864858586,1,1
74.864901230,1,0
74.864944866,1,1
74.864987514,1,0
74.865025730,1,1
74.865068374,1,0
74.865113002,1,1
74.865125180,1,0
74.865126430,1,1
74.867056302,1,0
74.867329386,0,0
74.868104492,0,1
74.868251868,0,0
74.868253998,1,0
74.868293050,1,1
74.868334708,1,0
74.868336224,0,0
74.868375894,0,1
74.868418536,0,0
74.868420036,1,0
74.868459708,1,1
74.868501364,1,0
74.868542540,1,1
74.868584194,1,0
74.868585766,0,0
74.868625374,0,1
74.868668016,0,0
74.868669576,1,0
74.868709188,1,1
74.868750844,1,0
74.868792016,1,1
74.868833670,1,0
74.868874838,1,1
74.868917970,1,0
74.868959144,1,1
74.869001780,1,0
74.869042946,1,1
74.869076238,0,1
74.869089528,0,0
74.869130704,0,1
74.869153974,1,1
74.869425816,0,1
74.869437632,0,0
74.869480284,0,1
74.869521936,0,0
74.869563112,0,1
74.869586376,1,1
74.869605750,1,0
74.869646920,1,1
74.869668384,0,1
74.869688582,0,0
74.869729756,0,1
74.869753020,1,1
74.869772392,1,0
74.869813560,1,1
74.869856202,1,0
74.869897370,1,1
74.869940012,1,0
74.869981180,1,1
74.870023822,1,0
74.870064990,1,1
74.870107632,1,0
74.870151268,1,1
74.870193910,1,0
74.870232124,1,1
74.870274764,1,0
74.870319380,1,1
74.870334664,1,0
74.870603810,0,0
74.871378770,0,1
74.871426372,0,0
74.871467562,0,1
74.871510208,0,0
74.871551396,0,1
74.871594042,0,0
74.871635228,0,1
74.871677874,0,0
74.871719062,0,1
74.871761708,0,0
74.871802896,0,1
74.871845542,0,0
74.871886728,0,1
74.871929376,0,0
74.871970566,0,1
74.872013210,0,0
74.872054394,0,1
74.872098520,0,0
74.872100008,1,0
74.872139696,1,1
74.872182338,1,0
74.872223514,1,1
74.872256810,0,1
74.872270104,0,0
74.872311284,0,1
74.872334550,1,1
74.872677832,0,1
74.872689646,0,0
74.872732292,0,1
74.872773946,0,0
74.872815116,0,1
74.872838380,1,1
74.872857754,1,0
74.872898922,1,1
74.872920384,0,1
74.872940578,0,0
74.872981754,0,1
74.873005018,1,1
74.873024392,1,0
74.873065564,1,1
74.873108206,1,0
74.873149376,1,1
74.873192014,1,0
74.873233188,1,1
74.873275832,1,0
74.873317000,1,1
74.873359640,1,0
74.873403276,1,1
74.873445916,1,0
74.873484130,1,1
74.873526768,1,0
74.873571388,1,1
74.873585192,1,0
74.873586446,1,1
74.935988716,0,1
74.936000528,0,0
74.936043168,0,1
74.936084810,0,0
74.936125970,0,1
74.936167618,0,0
74.936208786,0,1
74.936250440,0,0
74.936291606,0,1
74.936333256,0,0
74.936374422,0,1
74.936397680,1,1
74.936417050,1,0
74.936458212,1,1
74.936500840,1,0
74.936541998,1,1
74.936584632,1,0
74.936625786,1,1
74.936668418,1,0
74.936712040,1,1
74.936754670,1,0
74.936792870,1,1
74.936835500,1,0
74.936880104,1,1
74.940513018,0,1
74.940524828,0,0
74.940567466,0,1
74.940609112,0,0
74.940650278,0,1
74.940691922,0,0
74.940733086,0,1
74.940774736,0,0
74.940815904,0,1
74.940839160,1,1
74.940858534,1,0
74.940899694,1,1
74.940942328,1,0
74.940983490,1,1
74.941004948,0,1
74.941025144,0,0
74.941066306,0,1
74.941089564,1,1
74.941108934,1,0
74.941150100,1,1
74.941171560,0,1
74.941191754,0,0
74.941235386,0,1
74.941277036,0,0
74.941315240,0,1
74.941338498,1,1
74.941357870,1,0
74.941402484,1,1
74.948766912,1,0
74.954298856,1,1
74.994264300,0,1
74.994276112,0,0
74.994318758,0,1
74.994360406,0,0
74.994401568,0,1
74.994443212,0,0
74.994484372,0,1
74.994526020,0,0
74.994567184,0,1
74.994590446,1,1
74.994609814,1,0
74.994650976,1,1
74.994693610,1,0
74.994734774,1,1
74.994756228,0,1
74.994776420,0,0
74.994817582,0,1
74.994840840,1,1
74.994860214,1,0
74.994901378,1,1
74.994922838,0,1
74.994943030,0,0
74.994986658,0,1
74.995028306,0,0
74.995066504,0,1
74.995089762,1,1
74.995109128,1,0
74.995153738,1,1
74.995172268,1,0
75.002298020,1,1
75.018271114,1,0
75.018275114,0,0
75.019319496,0,1
75.019788770,0,0
75.019790250,1,0
75.019829936,1,1
75.019871582,1,0
75.019873484,0,0
75.019912752,0,1
75.019955386,0,0
75.019957306,1,0
75.019996546,1,1
75.020038196,1,0
75.020079358,1,1
75.020120998,1,0
75.020123030,0,0
75.020162166,0,1
75.020204800,0,0
75.020206842,1,0
75.020245964,1,1
75.020287612,1,0
75.020328772,1,1
75.020370416,1,0
75.020411568,1,1
75.020454690,1,0
75.020495850,1,1
75.020538478,1,0
75.020579638,1,1
75.020612922,0,1
75.020626212,0,0
75.020667384,0,1
75.020690652,1,1
75.020962402,0,1
75.020974212,0,0
75.021016846,0,1
75.021058486,0,0
75.021099650,0,1
75.021122910,1,1
75.021142278,1,0
75.021183436,1,1
75.021204894,0,1
75.021225088,0,0
75.021266252,0,1
75.021289508,1,1
75.021308878,1,0
75.021350036,1,1
75.021392668,1,0
75.021433824,1,1
75.021476456,1,0
75.021517616,1,1
75.021560242,1,0
75.021601400,1,1
75.021644034,1,0
75.021687658,1,1
75.021730290,1,0
75.021768492,1,1
75.021811118,1,0
75.021855724,1,1
75.021868072,1,0
75.022141256,0,0
75.022916256,0,1
75.022962428,0,0
75.023003608,0,1
75.023046246,0,0
75.023087422,0,1
75.023130056,0,0
75.023132170,1,0
75.023171218,1,1
75.023212870,1,0
75.023214390,0,0
75.023254040,0,1
75.023296676,0,0
75.023337850,0,1
75.023380486,0,0
75.023421656,0,1
75.023464292,0,0
75.023505466,0,1
75.023548102,0,0
75.023589274,0,1
75.023633390,0,0
75.023674560,0,1
75.023713746,0,0
75.023715916,1,0
75.023754908,1,1
75.023788196,0,1
75.023801488,0,0
75.023842658,0,1
75.023865920,1,1
75.024204878,0,1
75.024216708,0,0
75.024259418,0,1
75.024301126,0,0
75.024342358,0,1
75.024365654,1,1
75.024385058,1,0
75.024426290,1,1
75.024447780,0,1
75.024468004,0,0
75.024509240,0,1
75.024532542,1,1
75.024551942,1,0
75.024593176,1,1
75.024635880,1,0
75.024677112,1,1
75.024719816,1,0
75.024761052,1,1
75.024803756,1,0
75.024844990,1,1
75.024887694,1,0
75.024931396,1,1
75.024974098,1,0
75.025012368,1,1
75.025055070,1,0
75.025099758,1,1
75.025114976,1,0
75.025116226,1,1
75.087607196,0,1
75.087619040,0,0
75.087661794,0,1
75.087703528,0,0
75.087744784,0,1
75.087786516,0,0
75.087827768,0,1
75.087869498,0,0
75.087910750,0,1
75.087952474,0,0
75.087993722,0,1
75.088017030,1,1
75.088036434,1,0
75.088077680,1,1
75.088120392,1,0
75.088161634,1,1
75.088204352,1,0
75.088245600,1,1
75.088288310,1,0
75.088332024,1,1
75.088374736,1,0
75.088413014,1,1
75.088455728,1,0
75.088500428,1,1
75.092141158,0,1
75.092152996,0,0
75.092195730,0,1
75.092237464,0,0
75.092278716,0,1
75.092320444,0,0
75.092361696,0,1
75.092403424,0,0
75.092444670,0,1
75.092467976,1,1
75.092487384,1,0
75.092528628,1,1
75.092571338,1,0
75.092612582,1,1
75.092634080,0,1
75.092654314,0,0
75.092695560,0,1
75.092718864,1,1
75.092738270,1,0
75.092779514,1,1
75.092801012,0,1
75.092821244,0,0
75.092864962,0,1
75.092906690,0,0
75.092944974,0,1
75.092968280,1,1
75.092987686,1,0
75.093032386,1,1
75.101241066,1,0
75.106298194,1,1
75.137969736,0,1
75.137981572,0,0
75.138024306,0,1
75.138066036,0,0
75.138107288,0,1
75.138149022,0,0
75.138190278,0,1
75.138232014,0,0
75.138273276,0,1
75.138296586,1,1
75.138315996,1,0
75.138357250,1,1
75.138399970,1,0
75.138441220,1,1
75.138462718,0,1
75.138482952,0,0
75.138524206,0,1
75.138547514,1,1
75.138566920,1,0
75.138608172,1,1
75.138629672,0,1
75.138649908,0,0
75.138693634,0,1
75.138735364,0,0
75.138773656,0,1
75.138796966,1,1
75.138816374,1,0
75.138861084,1,1
75.138879824,1,0
75.146296776,1,1
75.162537756,1,0
75.162811076,0,0
75.163586464,0,1
75.163687048,0,0
75.163688692,1,0
75.163728304,1,1
75.163770036,1,0
75.163771950,0,0
75.163811296,0,1
75.163854022,0,0
75.163855810,1,0
75.163895278,1,1
75.163895282,1,0
75.163895286,1,1
75.163937020,1,0
75.163978276,1,1
75.164020008,1,0
75.164021618,0,0
75.164061270,0,1
75.164103994,0,0
75.164105478,1,0
75.164145248,1,1
75.164186986,1,0
75.164228244,1,1
75.164269978,1,0
75.164311228,1,1
75.164354444,1,0
75.164395698,1,1
75.164438416,1,0
75.164479668,1,1
75.164513022,0,1
75.164526342,0,0
75.164567604,0,1
75.164590922,1,1
75.164863280,0,1
75.164875116,0,0
75.164917848,0,1
75.164959576,0,0
75.165000832,0,1
75.165024142,1,1
75.165043552,1,0
75.165084800,1,1
75.165106298,0,1
75.165126530,0,0
75.165167770,0,1
75.165191076,1,1
75.165210484,1,0
75.165251746,1,1
75.165294482,1,0
75.165335734,1,1
75.165378450,1,0
75.165419700,1,1
75.165462418,1,0
75.165503668,1,1
75.165546390,1,0
75.165590108,1,1
75.165632828,1,0
75.165671120,1,1
75.165713848,1,0
75.165758558,1,1
75.165773496,1,0
75.166046816,0,0
75.166822298,0,1
75.166865256,0,0
75.166906526,0,1
75.166949252,0,0
75.166990522,0,1
75.167033250,0,0
75.167074518,0,1
75.167117246,0,0
75.167158512,0,1
75.167201242,0,0
75.167242516,0,1
75.167285244,0,0
75.167326510,0,1
75.167369234,0,0
75.167410498,0,1
75.167453222,0,0
75.167494492,0,1
75.167538700,0,0
75.167540842,1,0
75.167579960,1,1
75.167622686,1,0
75.167663942,1,1
75.167697296,0,1
75.167710616,0,0
75.167751878,0,1
75.167775198,1,1
75.168118952,0,1
75.168130772,0,0
75.168173436,0,1
75.168215108,0,0
75.168256296,0,1
75.168279566,1,1
75.168298944,1,0
75.168340124,1,1
75.168361590,0,1
75.168381790,0,0
75.168422974,0,1
75.168446242,1,1
75.168465620,1,0
75.168506798,1,1
75.168549444,1,0
75.168590618,1,1
75.168633266,1,0
75.168674440,1,1
75.168717088,1,0
75.168758266,1,1
75.168800912,1,0
75.168844552,1,1
75.168887196,1,0
75.168925408,1,1
75.168968056,1,0
75.169012682,1,1
75.169025010,1,0
75.169026260,1,1
75.170972366,1,0
75.171245486,0,0
75.172020500,0,1
75.172169428,0,0
75.172170988,1,0
75.172210614,1,1
75.172252280,1,0
75.172254220,0,0
75.172293466,0,1
75.172336118,0,0
75.172338024,1,0
75.172377296,1,1
75.172418944,1,0
75.172460124,1,1
75.172501792,1,0
75.172503732,0,0
75.172542994,0,1
75.172585648,0,0
75.172587570,1,0
75.172626826,1,1
75.172668488,1,0
75.172709660,1,1
75.172751322,1,0
75.172792496,1,1
75.172835634,1,0
75.172876810,1,1
75.172919454,1,0
75.172960624,1,1
75.172993922,0,1
75.173007216,0,0
75.173048400,0,1
75.173071674,1,1
75.173343532,0,1
75.173355348,0,0
75.173398004,0,1
75.173439662,0,0
75.173480836,0,1
75.173504102,1,1
75.173523478,1,0
75.173564652,1,1
75.173586114,0,1
75.173606312,0,0
75.173647492,0,1
75.173670760,1,1
75.173690136,1,0
75.173731310,1,1
75.173773954,1,0
75.173815130,1,1
75.173857774,1,0
75.173898944,1,1
75.173941592,1,0
75.173982766,1,1
75.174025408,1,0
75.174069050,1,1
75.174111692,1,0
75.174149904,1,1
75.174192546,1,0
75.174237172,1,1
75.174250750,1,0
75.174519894,0,0
75.175294978,0,1
75.175335274,0,0
75.175376464,0,1
75.175419108,0,0
75.175460294,0,1
75.175502942,0,0
75.175544128,0,1
75.175586766,0,0
75.175627950,0,1
75.175670592,0,0
75.175711772,0,1
75.175754416,0,0
75.175795600,0,1
75.175838242,0,0
75.175879424,0,1
75.175922070,0,0
75.175963256,0,1
75.176007378,0,0
75.176009166,1,0
75.176048554,1,1
75.176091198,1,0
75.176132366,1,1
75.176165658,0,1
75.176178952,0,0
75.176220130,0,1
75.176243402,1,1
75.176586790,0,1
75.176598606,0,0
75.176641260,0,1
75.176682918,0,0
75.176724096,0,1
75.176747358,1,1
75.176766734,1,0
75.176807908,1,1
75.176829370,0,1
75.176849568,0,0
75.176890744,0,1
75.176914010,1,1
75.176933384,1,0
75.176974556,1,1
75.177017200,1,0
75.177058372,1,1
75.177101018,1,0
75.177142188,1,1
75.177184826,1,0
75.177226000,1,1
75.177268644,1,0
75.177312278,1,1
75.177354920,1,0
75.177393132,1,1
75.177435770,1,0
75.177480390,1,1
75.177493146,1,0
75.177494394,1,1
75.226352092,0,1
75.226363904,0,0
75.226406546,0,1
75.226448192,0,0
75.226489358,0,1
75.226531002,0,0
75.226572164,0,1
75.226613812,0,0
75.226654980,0,1
75.226696626,0,0
75.226737790,0,1
75.226761052,1,1
75.226780422,1,0
75.226821582,1,1
75.226864212,1,0
75.226905372,1,1
75.226948000,1,0
75.226989154,1,1
75.227031784,1,0
75.227075404,1,1
75.227118032,1,0
75.227156238,1,1
75.227198870,1,0
75.227243488,1,1
75.230876766,0,1
75.230888578,0,0
75.230931218,0,1
75.230972864,0,0
75.231014028,0,1
75.231055676,0,0
75.231096842,0,1
75.231138488,0,0
75.231179652,0,1
75.231202914,1,1
75.231222286,1,0
75.231263450,1,1
75.231306090,1,0
75.231347254,1,1
75.231368716,0,1
75.231388910,0,0
75.231430074,0,1
75.231453340,1,1
75.231472710,1,0
75.231513872,1,1
75.231535332,0,1
75.231555526,0,0
75.231599156,0,1
75.231640802,0,0
75.231679006,0,1
75.231702264,1,1
75.231721634,1,0
75.231766248,1,1
75.239275944,1,0
75.242296880,1,1
75.284627226,0,1
75.284639038,0,0
75.284681676,0,1
75.284723318,0,0
75.284764476,0,1
75.284806120,0,0
75.284847280,0,1
75.284888922,0,0
75.284930084,0,1
75.284953344,1,1
75.284972712,1,0
75.285013872,1,1
75.285056500,1,0
75.285097654,1,1
75.285119108,0,1
75.285139296,0,0
75.285180444,0,1
75.285203692,1,1
75.285223058,1,0
75.285264216,1,1
75.285285672,0,1
75.285305868,0,0
75.285349490,0,1
75.285391128,0,0
75.285429326,0,1
75.285452578,1,1
75.285471946,1,0
75.285516548,1,1
75.285535538,1,0
75.290296552,1,1
75.306717150,1,0
75.306990276,0,0
75.307765398,0,1
75.307864490,0,0
75.307866590,1,0
75.307905656,1,1
75.307947302,1,0
75.307948832,0,0
75.307988472,0,1
75.308031102,0,0
75.308032644,1,0
75.308072262,1,1
75.308113908,1,0
75.308155068,1,1
75.308196714,1,0
75.308198376,0,0
75.308237888,0,1
75.308280522,0,0
75.308282200,1,0
75.308321684,1,1
75.308363332,1,0
75.308404490,1,1
75.308446132,1,0
75.308487286,1,1
75.308530406,1,0
75.308571564,1,1
75.308614192,1,0
75.308655348,1,1
75.308688636,0,1
75.308701926,0,0
75.308743094,0,1
75.308766354,1,1
75.309038090,0,1
75.309049900,0,0
75.309092536,0,1
75.309134176,0,0
75.309175336,0,1
75.309198594,1,1
75.309217966,1,0
75.309259124,1,1
75.309280582,0,1
75.309300772,0,0
75.309341934,0,1
75.309365190,1,1
75.309384562,1,0
75.309425718,1,1
75.309468348,1,0
75.309509502,1,1
75.309552126,1,0
75.309593282,1,1
75.309635912,1,0
75.309677070,1,1
75.309719700,1,0
75.309763324,1,1
75.309805954,1,0
75.309844154,1,1
75.309886782,1,0
75.309931386,1,1
75.309943338,1,0
75.310216524,0,0
75.310991530,0,1
75.311038008,0,0
75.311079184,0,1
75.311121816,0,0
75.311162988,0,1
75.311205628,0,0
75.311207444,1,0
75.311246792,1,1
75.311288442,1,0
75.311289658,0,0
75.311329612,0,1
75.311372242,0,0
75.311413412,0,1
75.311456046,0,0
75.311497214,0,1
75.311539848,0,0
75.311581016,0,1
75.311623648,0,0
75.311664820,0,1
75.311708932,0,0
75.311750104,0,1
75.311789286,0,0
75.311791168,1,0
75.311830450,1,1
75.311863738,0,1
75.311877028,0,0
75.311918194,0,1
75.311941456,1,1
75.312280410,0,1
75.312292240,0,0
75.312334946,0,1
75.312376656,0,0
75.312417884,0,1
75.312441182,1,1
75.312460582,1,0
75.312501814,1,1
75.312523306,0,1
75.312543530,0,0
75.312584762,0,1
75.312608062,1,1
75.312627464,1,0
75.312668698,1,1
75.312711400,1,0
75.312752636,1,1
75.312795338,1,0
75.312836568,1,1
75.312879272,1,0
75.312920504,1,1
75.312963206,1,0
75.313006910,1,1
75.313049612,1,0
75.313087882,1,1
75.313130586,1,0
75.313175272,1,1
75.313190018,1,0
75.313191276,1,1
75.338727380,1,0
75.338996566,0,0
75.339771870,0,1
75.340256098,0,0
75.340257684,1,0
75.340297342,1,1
75.340339064,1,0
75.340340922,0,0
75.340380314,0,1
75.340423022,0,0
75.340424754,1,0
75.340464260,1,1
75.340505982,1,0
75.340547220,1,1
75.340588934,1,0
75.340590532,0,0
75.340630178,0,1
75.340672884,0,0
75.340674362,1,0
75.340714120,1,1
75.340755842,1,0
75.340797086,1,1
75.340838808,1,0
75.340880048,1,1
75.340923248,1,0
75.340964488,1,1
75.341007198,1,0
75.341048452,1,1
75.341081816,0,1
75.341095134,0,0
75.341136398,0,1
75.341159710,1,1
75.341432100,0,1
75.341443942,0,0
75.341486692,0,1
75.341528436,0,0
75.341569696,0,1
75.341593002,1,1
75.341612408,1,0
75.341653650,1,1
75.341675146,0,1
75.341695378,0,0
75.341736624,0,1
75.341759930,1,1
75.341779332,1,0
75.341820574,1,1
75.341863282,1,0
75.341904514,1,1
75.341947224,1,0
75.341988466,1,1
75.342031172,1,0
75.342072410,1,1
75.342115118,1,0
75.342158824,1,1
75.342201534,1,0
75.342239812,1,1
75.342282520,1,0
75.342327210,1,1
75.342341276,1,0
75.342610538,0,0
75.343385942,0,1
75.343427130,0,0
75.343468388,0,1
75.343511102,0,0
75.343552356,0,1
75.343595070,0,0
75.343596918,1,0
75.343636316,1,1
75.343678042,1,0
75.343679170,0,0
75.343719292,0,1
75.343762002,0,0
75.343803258,0,1
75.343845970,0,0
75.343887226,0,1
75.343929940,0,0
75.343971192,0,1
75.344013908,0,0
75.344055164,0,1
75.344099360,0,0
75.344140612,0,1
75.344179870,0,0
75.344181986,1,0
75.344221120,1,1
75.344254470,0,1
75.344267786,0,0
75.344309036,0,1
75.344332344,1,1
75.344671752,0,1
75.344683586,0,0
75.344726310,0,1
75.344768032,0,0
75.344809276,0,1
75.344832582,1,1
75.344851986,1,0
75.344893226,1,1
75.344914724,0,1
75.344934954,0,0
75.344976200,0,1
75.344999504,1,1
75.345018908,1,0
75.345060148,1,1
75.345102860,1,0
75.345144100,1,1
75.345186810,1,0
75.345228056,1,1
75.345270772,1,0
75.345312014,1,1
75.345354726,1,0
75.345398436,1,1
75.345441146,1,0
75.345479420,1,1
75.345522134,1,0
75.345566828,1,1
75.345581160,1,0
75.345582410,1,1
75.391798162,0,1
75.391809996,0,0
75.391852718,0,1
75.391894442,0,0
75.391935690,0,1
75.391977414,0,0
75.392018666,0,1
75.392060390,0,0
75.392101632,0,1
75.392143356,0,0
75.392184604,0,1
75.392207916,1,1
75.392227320,1,0
75.392268562,1,1
75.392311278,1,0
75.392352518,1,1
75.392395228,1,0
75.392436468,1,1
75.392479182,1,0
75.392522894,1,1
75.392565606,1,0
75.392603884,1,1
75.392646598,1,0
75.392691296,1,1
75.396331764,0,1
75.396343602,0,0
75.396386332,0,1
75.396428058,0,0
75.396469306,0,1
75.396511034,0,0
75.396552282,0,1
75.396594012,0,0
75.396635266,0,1
75.396658572,1,1
75.396677978,1,0
75.396719224,1,1
75.396761936,1,0
75.396803180,1,1
75.396824672,0,1
75.396844904,0,0
75.396886156,0,1
75.396909462,1,1
75.396928866,1,0
75.396970102,1,1
75.396991600,0,1
75.397011832,0,0
75.397055550,0,1
75.397097280,0,0
75.397135570,0,1
75.397158878,1,1
75.397178286,1,0
75.397222994,1,1
75.405130786,1,0
75.410296994,1,1
75.439484728,0,1
75.439496564,0,0
75.439539290,0,1
75.439581012,0,0
75.439622258,0,1
75.439663984,0,0
75.439705234,0,1
75.439746962,0,0
75.439788212,0,1
75.439811518,1,1
75.439830922,1,0
75.439872168,1,1
75.439914888,1,0
75.439956136,1,1
75.439977632,0,1
75.439997864,0,0
75.440039110,0,1
75.440062412,1,1
75.440081814,1,0
75.440123056,1,1
75.440144554,0,1
75.440164788,0,0
75.440208508,0,1
75.440250236,0,0
75.440288522,0,1
75.440311828,1,1
75.440331232,1,0
75.440375934,1,1
75.440393996,1,0
75.442304152,1,1
75.458186980,1,0
75.458190988,0,0
75.459235742,0,1
75.459622760,0,0
75.459624996,1,0
75.459664016,1,1
75.459705752,1,0
75.459707266,0,0
75.459747016,0,1
75.459789738,0,0
75.459791126,1,0
75.459830994,1,1
75.459872726,1,0
75.459913980,1,1
75.459955710,1,0
75.459956928,0,0
75.459996970,0,1
75.460039688,0,0
75.460041788,1,0
75.460080944,1,1
75.460122674,1,0
75.460163924,1,1
75.460205662,1,0
75.460246914,1,1
75.460290128,1,0
75.460331380,1,1
75.460374098,1,0
75.460415348,1,1
75.460448702,0,1
75.460462022,0,0
75.460503280,0,1
75.460526590,1,1
75.460798904,0,1
75.460810740,0,0
75.460853472,0,1
75.460895200,0,0
75.460936456,0,1
75.460959764,1,1
75.460979174,1,0
75.461020426,1,1
75.461041924,0,1
75.461062160,0,0
75.461103416,0,1
75.461126726,1,1
75.461146132,1,0
75.461187382,1,1
75.461230106,1,0
75.461271356,1,1
75.461314072,1,0
75.461355322,1,1
75.461398042,1,0
75.461439294,1,1
75.461482014,1,0
75.461525734,1,1
75.461568454,1,0
75.461606744,1,1
75.461649464,1,0
75.461694172,1,1
75.461708908,1,0
75.461978204,0,0
75.462753646,0,1
75.462794360,0,0
75.462835626,0,1
75.462878354,0,0
75.462919620,0,1
75.462962348,0,0
75.463003612,0,1
75.463046340,0,0
75.463087610,0,1
75.463130334,0,0
75.463171600,0,1
75.463214332,0,0
75.463255598,0,1
75.463298324,0,0
75.463339592,0,1
75.463382318,0,0
75.463423582,0,1
75.463467790,0,0
75.463469148,1,0
75.463509048,1,1
75.463551768,1,0
75.463593026,1,1
75.463626380,0,1
75.463639700,0,0
75.463680960,0,1
75.463704272,1,1
75.464048012,0,1
75.464059828,0,0
75.464102492,0,1
75.464144162,0,0
75.464185344,0,1
75.464208616,1,1
75.464228002,1,0
75.464269206,1,1
75.464290684,0,1
75.464310896,0,0
75.464352104,0,1
75.464375384,1,1
75.464394766,1,0
75.464435952,1,1
75.464478602,1,0
75.464519786,1,1
75.464562432,1,0
75.464603606,1,1
75.464646258,1,0
75.464687434,1,1
75.464730080,1,0
75.464773716,1,1
75.464816366,1,0
75.464854582,1,1
75.464897232,1,0
75.464941860,1,1
75.464956344,1,0
75.464957596,1,1
75.498730260,1,0
75.499003390,0,0
75.499778440,0,1
75.500104766,0,0
75.500106094,1,0
75.500145938,1,1
75.500187594,1,0
75.500189324,0,0
75.500228778,0,1
75.500271420,0,0
75.500273138,1,0
75.500312592,1,1
75.500354244,1,0
75.500395408,1,1
75.500437064,1,0
75.500438884,0,0
75.500478240,0,1
75.500520874,0,0
75.500522700,1,0
75.500562046,1,1
75.500603694,1,0
75.500644862,1,1
75.500686512,1,0
75.500727680,1,1
75.500770806,1,0
75.500811974,1,1
75.500854608,1,0
75.500895770,1,1
75.500929058,0,1
75.500942350,0,0
75.500983526,0,1
75.501006794,1,1
75.501278584,0,1
75.501290396,0,0
75.501333036,0,1
75.501374684,0,0
75.501415846,0,1
75.501439108,1,1
75.501458480,1,0
75.501499648,1,1
75.501521110,0,1
75.501541306,0,0
75.501582476,0,1
75.501605740,1,1
75.501625114,1,0
75.501666280,1,1
75.501708916,1,0
75.501750084,1,1
75.501792718,1,0
75.501833880,1,1
75.501876520,1,0
75.501917682,1,1
75.501960318,1,0
75.502003948,1,1
75.502046582,1,0
75.502084780,1,1
75.502127416,1,0
75.502172030,1,1
75.502185814,1,0
75.502454982,0,0
75.503230026,0,1
75.503269968,0,0
75.503311158,0,1
75.503353804,0,0
75.503394990,0,1
75.503437634,0,0
75.503478816,0,1
75.503521458,0,0
75.503562640,0,1
75.503605282,0,0
75.503646460,0,1
75.503689100,0,0
75.503730280,0,1
75.503772916,0,0
75.503814092,0,1
75.503856736,0,0
75.503897916,0,1
75.503942038,0,0
75.503944268,1,0
75.503983208,1,1
75.504025846,1,0
75.504067008,1,1
75.504100296,0,1
75.504113590,0,0
75.504154760,0,1
75.504178022,1,1
75.504521262,0,1
75.504533076,0,0
75.504575724,0,1
75.504617378,0,0
75.504658548,0,1
75.504681808,1,1
75.504701180,1,0
75.504742346,1,1
75.504763804,0,1
75.504783998,0,0
75.504825166,0,1
75.504848428,1,1
75.504867802,1,0
75.504908970,1,1
75.504951608,1,0
75.504992774,1,1
75.505035412,1,0
75.505076576,1,1
75.505119212,1,0
75.505160380,1,1
75.505203018,1,0
75.505246652,1,1
75.505289294,1,0
75.505327504,1,1
75.505370138,1,0
75.505414752,1,1
75.505428232,1,0
75.505429478,1,1
75.548864602,0,1
75.548876414,0,0
75.548919056,0,1
75.548960700,0,0
75.549001862,0,1
75.549043508,0,0
75.549084674,0,1
75.549126322,0,0
75.549167490,0,1
75.549209140,0,0
75.549250304,0,1
75.549273566,1,1
75.549292936,1,0
75.549334098,1,1
75.549376728,1,0
75.549417882,1,1
75.549460518,1,0
75.549501676,1,1
75.549544308,1,0
75.549587932,1,1
75.549630558,1,0
75.549668752,1,1
75.549711380,1,0
75.549755984,1,1
75.553388990,0,1
75.553400802,0,0
75.553443444,0,1
75.553485092,0,0
75.553526258,0,1
75.553567906,0,0
75.553609070,0,1
75.553650718,0,0
75.553691878,0,1
75.553715134,1,1
75.553734502,1,0
75.553775664,1,1
75.553818296,1,0
75.553859458,1,1
75.553880916,0,1
75.553901110,0,0
75.553942278,0,1
75.553965536,1,1
75.553984906,1,0
75.554026066,1,1
75.554047522,0,1
75.554067714,0,0
75.554111342,0,1
75.554152988,0,0
75.554191200,0,1
75.554214462,1,1
75.554233836,1,0
75.554278452,1,1
75.561709746,1,0
75.562296010,1,1
75.604468172,0,1
75.604479982,0,0
75.604522618,0,1
75.604564258,0,0
75.604605416,0,1
75.604647058,0,0
75.604688216,0,1
75.604729856,0,0
75.604771012,0,1
75.604794266,1,1
75.604813636,1,0
75.604854788,1,1
75.604897416,1,0
75.604938572,1,1
75.604960024,0,1
75.604980212,0,0
75.605021370,0,1
75.605044622,1,1
75.605063990,1,0
75.605105140,1,1
75.605126596,0,1
75.605146786,0,0
75.605190406,0,1
75.605232050,0,0
75.605270252,0,1
75.605293508,1,1
75.605312876,1,0
75.605357486,1,1
75.605375934,1,0
75.610296342,1,1
75.626066154,1,0
75.626070156,0,0
75.627114288,0,1
75.627263460,0,0
75.627265784,1,0
75.627304624,1,1
75.627346270,1,0
75.627347986,0,0
75.627387438,0,1
75.627430070,0,0
75.627431770,1,0
75.627471228,1,1
75.627512872,1,0
75.627554028,1,1
75.627595670,1,0
75.627597446,0,0
75.627636834,0,1
75.627679462,0,0
75.627681242,1,0
75.627720622,1,1
75.627762268,1,0
75.627803432,1,1
75.627845076,1,0
75.627886232,1,1
75.627929352,1,0
75.627970512,1,1
75.628013140,1,0
75.628054294,1,1
75.628087582,0,1
75.628100872,0,0
75.628142040,0,1
75.628165300,1,1
75.628437062,0,1
75.628448876,0,0
75.628491530,0,1
75.628533192,0,0
75.628574366,0,1
75.628597626,1,1
75.628617000,1,0
75.628658164,1,1
75.628679620,0,1
75.628699812,0,0
75.628740978,0,1
75.628764236,1,1
75.628783606,1,0
75.628824764,1,1
75.628867394,1,0
75.628908552,1,1
75.628951182,1,0
75.628992340,1,1
75.629034970,1,0
75.629076128,1,1
75.629118758,1,0
75.629162380,1,1
75.629205010,1,0
75.629243210,1,1
75.629285840,1,0
75.629330444,1,1
75.629344022,1,0
75.629613140,0,0
75.630388068,0,1
75.630428270,0,0
75.630469448,0,1
75.630512086,0,0
75.630553260,0,1
75.630595894,0,0
75.630597938,1,0
75.630637052,1,1
75.630678702,1,0
75.630680162,0,0
75.630719872,0,1
75.630762506,0,0
75.630803676,0,1
75.630846310,0,0
75.630887484,0,1
75.630930118,0,0
75.630971288,0,1
75.631013924,0,0
75.631055096,0,1
75.631099206,0,0
75.631140376,0,1
75.631179562,0,0
75.631181688,1,0
75.631220728,1,1
75.631254022,0,1
75.631267314,0,0
75.631308484,0,1
75.631331744,1,1
75.631670692,0,1
75.631682522,0,0
75.631725230,0,1
75.631766942,0,0
75.631808174,0,1
75.631831470,1,1
75.631850868,1,0
75.631892100,1,1
75.631913594,0,1
75.631933820,0,0
75.631975058,0,1
75.631998356,1,1
75.632017756,1,0
75.632058994,1,1
75.632101700,1,0
75.632142934,1,1
75.632185640,1,0
75.632226878,1,1
75.632269584,1,0
75.632310816,1,1
75.632353520,1,0
75.632397222,1,1
75.632439930,1,0
75.632478202,1,1
75.632520906,1,0
75.632565598,1,1
75.632578528,1,0
75.632579788,1,1
75.658725868,1,0
75.658729876,0,0
75.659770728,0,1
75.659880688,0,0
75.659883010,1,0
75.659921934,1,1
75.659963660,1,0
75.659965280,0,0
75.660004912,0,1
75.660047626,0,0
75.660049158,1,0
75.660088868,1,1
75.660130596,1,0
75.660171842,1,1
75.660213572,1,0
75.660214994,0,0
75.660254830,0,1
75.660297542,0,0
75.660298870,1,0
75.660338790,1,1
75.660380514,1,0
75.660421756,1,1
75.660463480,1,0
75.660504726,1,1
75.660547928,1,0
75.660589170,1,1
75.660631882,1,0
75.660673120,1,1
75.660706470,0,1
75.660719786,0,0
75.660761036,0,1
75.660784346,1,1
75.661056620,0,1
75.661068452,0,0
75.661111176,0,1
75.661152898,0,0
75.661194146,0,1
75.661217456,1,1
75.661236862,1,0
75.661278106,1,1
75.661299606,0,1
75.661319838,0,0
75.661361088,0,1
75.661384394,1,1
75.661403802,1,0
75.661445046,1,1
75.661487758,1,0
75.661529002,1,1
75.661571718,1,0
75.661612960,1,1
75.661655676,1,0
75.661696920,1,1
75.661739634,1,0
75.661783348,1,1
75.661826060,1,0
75.661864336,1,1
75.661907048,1,0
75.661951750,1,1
75.661965872,1,0
75.662239120,0,0
75.663014516,0,1
75.663060630,0,0
75.663101894,0,1
75.663144618,0,0
75.663185880,0,1
75.663228606,0,0
75.663230560,1,0
75.663269858,1,1
75.663311588,1,0
75.663312812,0,0
75.663352846,0,1
75.663395560,0,0
75.663436810,0,1
75.663436812,0,0
75.663436816,0,1
75.663479530,0,0
75.663520788,0,1
75.663563508,0,0
75.663604766,0,1
75.663647488,0,0
75.663688746,0,1
75.663732946,0,0
75.663774206,0,1
75.663813468,0,0
75.663815656,1,0
75.663854714,1,1
75.663888056,0,1
75.663901370,0,0
75.663942618,0,1
75.663965928,1,1
75.664305398,0,1
75.664317232,0,0
75.664359960,0,1
75.664401688,0,0
75.664442938,0,1
75.664466242,1,1
75.664485648,1,0
75.664526892,1,1
75.664548390,0,1
75.664568622,0,0
75.664609866,0,1
75.664633172,1,1
75.664652580,1,0
75.664693826,1,1
75.664736538,1,0
75.664777780,1,1
75.664820496,1,0
75.664861736,1,1
75.664904452,1,0
75.664945696,1,1
75.664988408,1,0
75.665032120,1,1
75.665074836,1,0
75.665113116,1,1
75.665155828,1,0
75.665200532,1,1
75.665214010,1,0
75.665215270,1,1
75.708718678,0,1
75.708730514,0,0
75.708773242,0,1
75.708814970,0,0
75.708856222,0,1
75.708897944,0,0
75.708939190,0,1
75.708980920,0,0
75.709022170,0,1
75.709063900,0,0
75.709105156,0,1
75.709128462,1,1
75.709147868,1,0
75.709189114,1,1
75.709231838,1,0
75.709273086,1,1
75.709315802,1,0
75.709357052,1,1
75.709399770,1,0
75.709443484,1,1
75.709486200,1,0
75.709524484,1,1
75.709567196,1,0
75.709611898,1,1
75.713252426,0,1
75.713264264,0,0
75.713306994,0,1
75.713348722,0,0
75.713389972,0,1
75.713431702,0,0
75.713472952,0,1
75.713514682,0,0
75.713555936,0,1
75.713579242,1,1
75.713598648,1,0
75.713639894,1,1
75.713682608,1,0
75.713723854,1,1
75.713745352,0,1
75.713765584,0,0
75.713806836,0,1
75.713830144,1,1
75.713849550,1,0
75.713890798,1,1
75.713912298,0,1
75.713932532,0,0
75.713976250,0,1
75.714017976,0,0
75.714056266,0,1
75.714079570,1,1
75.714098978,1,0
75.714143678,1,1
75.721390688,1,0
75.722295974,1,1
75.767094274,0,1
75.767106112,0,0
75.767148848,0,1
75.767190578,0,0
75.767231838,0,1
75.767273572,0,0
75.767314830,0,1
75.767356560,0,0
75.767397816,0,1
75.767421126,1,1
75.767440534,1,0
75.767481784,1,1
75.767524500,1,0
75.767565750,1,1
75.767587248,0,1
75.767607484,0,0
75.767648736,0,1
75.767672044,1,1
75.767691454,1,0
75.767732702,1,1
75.767754202,0,1
75.767774434,0,0
75.767818160,0,1
75.767859890,0,0
75.767898178,0,1
75.767921488,1,1
75.767940892,1,0
75.767985598,1,1
75.768004186,1,0
75.770288934,1,1
75.785785898,1,0
75.786059126,0,0
75.786834306,0,1
75.787214836,0,0
75.787216482,1,0
75.787256092,1,1
75.787297828,1,0
75.787299736,0,0
75.787339088,0,1
75.787381810,0,0
75.787383586,1,0
75.787423056,1,1
75.787464790,1,0
75.787506038,1,1
75.787547766,1,0
75.787549382,0,0
75.787589020,0,1
75.787631742,0,0
75.787633236,1,0
75.787672990,1,1
75.787714718,1,0
75.787755970,1,1
75.787797696,1,0
75.787838942,1,1
75.787882152,1,0
75.787923400,1,1
75.787966116,1,0
75.788007360,1,1
75.788040712,0,1
75.788054028,0,0
75.788095286,0,1
75.788118600,1,1
75.788390928,0,1
75.788402764,0,0
75.788445490,0,1
75.788487216,0,0
75.788528462,0,1
75.788551768,1,1
75.788571172,1,0
75.788612416,1,1
75.788633918,0,1
75.788654150,0,0
75.788695402,0,1
75.788718708,1,1
75.788738114,1,0
75.788779362,1,1
75.788822078,1,0
75.788863322,1,1
75.788906036,1,0
75.788947282,1,1
75.788989994,1,0
75.789031240,1,1
75.789073956,1,0
75.789117668,1,1
75.789160380,1,0
75.789198662,1,1
75.789241380,1,0
75.789286082,1,1
75.789299098,1,0
75.789568316,0,0
75.790343580,0,1
75.790386128,0,0
75.790427390,0,1
75.790470110,0,0
75.790511372,0,1
75.790554092,0,0
75.790595352,0,1
75.790638074,0,0
75.790679336,0,1
75.790722054,0,0
75.790763326,0,1
75.790806058,0,0
75.790847322,0,1
75.790890048,0,0
75.790931310,0,1
75.790974034,0,0
75.791015302,0,1
75.791059508,0,0
75.791061018,1,0
75.791100762,1,1
75.791143484,1,0
75.791184732,1,1
75.791218088,0,1
75.791231406,0,0
75.791272668,0,1
75.791295982,1,1
75.791639702,0,1
75.791651520,0,0
75.791694182,0,1
75.791735846,0,0
75.791777026,0,1
75.791800294,1,1
75.791819668,1,0
75.791860846,1,1
75.791882310,0,1
75.791902508,0,0
75.791943690,0,1
75.791966958,1,1
75.791986332,1,0
75.792027504,1,1
75.792070150,1,0
75.792111320,1,1
75.792153966,1,0
75.792195144,1,1
75.792237794,1,0
75.792278968,1,1
75.792321610,1,0
75.792365248,1,1
75.792407890,1,0
75.792446100,1,1
75.792488744,1,0
75.792533362,1,1
75.792546150,1,0
75.792547404,1,1
75.818736968,1,0
75.818740968,0,0
75.819781338,0,1
75.819922122,0,0
75.819923796,1,0
75.819963318,1,1
75.820004990,1,0
75.820007040,0,0
75.820046186,0,1
75.820088844,0,0
75.820090856,1,0
75.820130034,1,1
75.820171702,1,0
75.820212890,1,1
75.820254564,1,0
75.820256576,0,0
75.820295764,0,1
75.820338420,0,0
75.820340398,1,0
75.820379610,1,1
75.820421282,1,0
75.820462462,1,1
75.820504132,1,0
75.820545318,1,1
75.820588464,1,0
75.820629646,1,1
75.820672308,1,0
75.820713488,1,1
75.820746794,0,1
75.820760092,0,0
75.820801278,0,1
75.820824552,1,1
75.821096450,0,1
75.821108270,0,0
75.821150952,0,1
75.821192620,0,0
75.821233810,0,1
75.821257084,1,1
75.821276462,1,0
75.821317650,1,1
75.821339118,0,1
75.821359322,0,0
75.821400514,0,1
75.821423784,1,1
75.821443166,1,0
75.821484352,1,1
75.821527004,1,0
75.821568192,1,1
75.821610846,1,0
75.821652030,1,1
75.821694686,1,0
75.821735868,1,1
75.821778524,1,0
75.821822170,1,1
75.821864828,1,0
75.821903050,1,1
75.821945708,1,0
75.821990340,1,1
75.822003564,1,0
75.822272696,0,0
75.823047760,0,1
75.823088746,0,0
75.823129950,0,1
75.823172616,0,0
75.823213814,0,1
75.823256478,0,0
75.823297678,0,1
75.823340340,0,0
75.823381538,0,1
75.823424200,0,0
75.823465400,0,1
75.823508062,0,0
75.823549260,0,1
75.823591924,0,0
75.823633124,0,1
75.823675788,0,0
75.823716986,0,1
75.823761128,0,0
75.823763148,1,0
75.823802322,1,1
75.823844982,1,0
75.823886174,1,1
75.823919478,0,1
75.823932774,0,0
75.823973960,0,1
75.823997226,1,1
75.824340616,0,1
75.824352432,0,0
75.824395098,0,1
75.824436766,0,0
75.824477958,0,1
75.824501234,1,1
75.824520612,1,0
75.824561798,1,1
75.824583272,0,1
75.824603474,0,0
75.824644666,0,1
75.824667938,1,1
75.824687316,1,0
75.824728506,1,1
75.824771160,1,0
75.824812348,1,1
75.824855002,1,0
75.824896188,1,1
75.824938844,1,0
75.824980026,1,1
75.825022682,1,0
75.825066332,1,1
75.825108986,1,0
75.825147208,1,1
75.825189866,1,0
75.825234502,1,1
75.825246276,1,0
75.825247526,1,1
75.874130338,0,1
75.874142154,0,0
75.874184818,0,1
75.874226484,0,0
75.874267676,0,1
75.874309342,0,0
75.874350530,0,1
75.874392194,0,0
75.874433374,0,1
75.874475032,0,0
75.874516216,0,1
75.874539486,1,1
75.874558864,1,0
75.874600048,1,1
75.874642700,1,0
75.874683882,1,1
75.874726524,1,0
75.874767702,1,1
75.874810346,1,0
75.874853986,1,1
75.874896632,1,0
75.874934852,1,1
75.874977498,1,0
75.875022130,1,1
75.878658920,0,1
75.878670746,0,0
75.878713438,0,1
75.878755126,0,0
75.878796334,0,1
75.878838026,0,0
75.878879236,0,1
75.878920920,0,0
75.878962124,0,1
75.878985408,1,1
75.879004796,1,0
75.879045998,1,1
75.879088674,1,0
75.879129878,1,1
75.879151356,0,1
75.879171566,0,0
75.879212774,0,1
75.879236056,1,1
75.879255442,1,0
75.879296638,1,1
75.879318116,0,1
75.879338326,0,0
75.879381996,0,1
75.879423682,0,0
75.879461932,0,1
75.879485214,1,1
75.879504608,1,0
75.879549268,1,1
75.887262990,1,0
75.890295980,1,1
75.924455016,0,1
75.924466838,0,0
75.924509506,0,1
75.924551172,0,0
75.924592364,0,1
75.924634034,0,0
75.924675218,0,1
75.924716892,0,0
75.924758078,0,1
75.924781342,1,1
75.924800720,1,0
75.924841914,1,1
75.924884592,1,0
75.924925778,1,1
75.924947252,0,1
75.924967466,0,0
75.925008680,0,1
75.925031958,1,1
75.925051342,1,0
75.925092542,1,1
75.925114018,0,1
75.925134224,0,0
75.925177880,0,1
75.925219550,0,0
75.925257780,0,1
75.925281050,1,1
75.925300428,1,0
75.925345064,1,1
75.925362688,1,0
75.930288752,1,1
75.946487534,1,0
75.946760664,0,0
75.947535698,0,1
75.947684396,0,0
75.947686206,1,0
75.947725582,1,1
75.947767246,1,0
75.947768438,0,0
75.947808436,0,1
75.947851082,0,0
75.947853266,1,0
75.947892260,1,1
75.947933920,1,0
75.947975094,1,1
75.948016752,1,0
75.948017986,0,0
75.948057940,0,1
75.948100588,0,0
75.948102792,1,0
75.948141766,1,1
75.948183430,1,0
75.948224608,1,1
75.948266268,1,0
75.948307448,1,1
75.948350590,1,0
75.948391768,1,1
75.948434416,1,0
75.948475596,1,1
75.948508894,0,1
75.948522190,0,0
75.948563372,0,1
75.948586640,1,1
75.948858490,0,1
75.948870308,0,0
75.948912962,0,1
75.948954626,0,0
75.948995804,0,1
75.949019072,1,1
75.949038452,1,0
75.949079628,1,1
75.949101094,0,1
75.949121296,0,0
75.949162476,0,1
75.949185746,1,1
75.949205124,1,0
75.949246300,1,1
75.949288948,1,0
75.949330122,1,1
75.949372768,1,0
75.949413940,1,1
75.949456588,1,0
75.949497762,1,1
75.949497764,1,0
75.949497766,1,1
75.949540412,1,0
75.949584052,1,1
75.949626702,1,0
75.949664914,1,1
75.949707558,1,0
75.949752182,1,1
75.949765726,1,0
75.950034828,0,0
75.950809868,0,1
75.950850430,0,0
75.950891624,0,1
75.950934282,0,0
75.950975474,0,1
75.951018130,0,0
75.951019776,1,0
75.951059314,1,1
75.951100984,1,0
75.951103020,0,0
75.951142174,0,1
75.951184828,0,0
75.951226016,0,1
75.951268666,0,0
75.951309854,0,1
75.951352510,0,0
75.951393698,0,1
75.951436356,0,0
75.951477552,0,1
75.951521692,0,0
75.951562892,0,1
75.951602096,0,0
75.951603572,1,0
75.951643280,1,1
75.951676582,0,1
75.951689882,0,0
75.951731072,0,1
75.951754342,1,1
75.952093444,0,1
75.952105278,0,0
75.952148000,0,1
75.952189730,0,0
75.952230984,0,1
75.952254286,1,1
75.952273698,1,0
75.952314944,1,1
75.952336444,0,1
75.952356682,0,0
75.952397936,0,1
75.952421244,1,1
75.952440654,1,0
75.952481904,1,1
75.952524628,1,0
75.952565876,1,1
75.952608592,1,0
75.952649840,1,1
75.952692560,1,0
75.952733808,1,1
75.952776534,1,0
75.952820254,1,1
75.952862978,1,0
75.952901266,1,1
75.952943988,1,0
75.952988698,1,1
75.953000562,1,0
75.953001822,1,1
75.970796272,1,0
75.971065686,0,0
75.971841494,0,1
75.971978654,0,0
75.971980026,1,0
75.972019954,1,1
75.972061730,1,0
75.972063328,0,0
75.972103038,0,1
75.972145802,0,0
75.972147214,1,0
75.972187102,1,1
75.972228876,1,0
75.972270174,1,1
75.972311950,1,0
75.972313092,0,0
75.972353252,0,1
75.972396014,0,0
75.972397998,1,0
75.972437306,1,1
75.972479076,1,0
75.972520366,1,1
75.972562142,1,0
75.972603428,1,1
75.972646684,1,0
75.972687976,1,1
75.972730734,1,0
75.972772016,1,1
75.972805402,0,1
75.972818734,0,0
75.972860028,0,1
75.972883356,1,1
75.973155918,0,1
75.973167768,0,0
75.973210546,0,1
75.973252316,0,0
75.973293610,0,1
75.973316938,1,1
75.973336364,1,0
75.973377654,1,1
75.973399174,0,1
75.973419426,0,0
75.973460722,0,1
75.973484056,1,1
75.973503482,1,0
75.973544776,1,1
75.973587542,1,0
75.973628840,1,1
75.973671600,1,0
75.973712894,1,1
75.973755652,1,0
75.973796942,1,1
75.973839698,1,0
75.973883462,1,1
75.973926218,1,0
75.973964542,1,1
75.974007296,1,0
75.974052040,1,1
75.974065384,1,0
75.974334724,0,0
75.975110286,0,1
75.975153204,0,0
75.975194512,0,1
75.975237276,0,0
75.975278580,0,1
75.975321346,0,0
75.975323384,1,0
75.975362638,1,1
75.975404410,1,0
75.975405676,0,0
75.975445714,0,1
75.975488476,0,0
75.975529780,0,1
75.975572548,0,0
75.975613852,0,1
75.975656616,0,0
75.975697922,0,1
75.975740682,0,0
75.975781982,0,1
75.975826224,0,0
75.975867528,0,1
75.975906828,0,0
75.975908612,1,0
75.975948126,1,1
75.975981520,0,1
75.975994852,0,0
75.976036152,0,1
75.976059482,1,1
75.976399302,0,1
75.976411150,0,0
75.976453924,0,1
75.976495698,0,0
75.976536990,0,1
75.976560322,1,1
75.976579746,1,0
75.976621036,1,1
75.976642558,0,1
75.976662812,0,0
75.976704106,0,1
75.976727438,1,1
75.976746866,1,0
75.976788160,1,1
75.976830918,1,0
75.976872212,1,1
75.976914972,1,0
75.976956260,1,1
75.976999020,1,0
75.977040308,1,1
75.977083068,1,0
75.977126832,1,1
75.977169588,1,0
75.977207906,1,1
75.977250662,1,0
75.977295412,1,1
75.977310196,1,0
75.977311448,1,1
76.023568082,0,1
76.023579922,0,0
76.023622674,0,1
76.023664420,0,0
76.023705688,0,1
76.023747436,0,0
76.023788708,0,1
76.023830462,0,0
76.023871734,0,1
76.023913486,0,0
76.023954756,0,1
76.023978070,1,1
76.023997484,1,0
76.024038746,1,1
76.024081478,1,0
76.024122744,1,1
76.024165478,1,0
76.024206748,1,1
76.024249482,1,0
76.024293220,1,1
76.024335956,1,0
76.024374254,1,1
76.024416988,1,0
76.024461712,1,1
76.028103506,0,1
76.028115348,0,0
76.028158098,0,1
76.028199840,0,0
76.028241108,0,1
76.028282850,0,0
76.028324112,0,1
76.028365852,0,0
76.028407120,0,1
76.028430434,1,1
76.028449848,1,0
76.028491110,1,1
76.028533842,1,0
76.028575102,1,1
76.028596608,0,1
76.028616846,0,0
76.028658114,0,1
76.028681428,1,1
76.028700840,1,0
76.028742100,1,1
76.028763606,0,1
76.028783844,0,0
76.028827578,0,1
76.028869318,0,0
76.028907618,0,1
76.028930934,1,1
76.028950346,1,0
76.028995068,1,1
76.036679234,1,0
76.042295110,1,1
76.087343478,0,1
76.087355328,0,0
76.087398112,0,1
76.087439886,0,0
76.087481190,0,1
76.087522966,0,0
76.087564272,0,1
76.087606052,0,0
76.087647356,0,1
76.087670692,1,1
76.087690120,1,0
76.087731420,1,1
76.087774182,1,0
76.087815466,1,1
76.087836980,0,1
76.087857228,0,0
76.087898506,0,1
76.087921828,1,1
76.087941238,1,0
76.087982494,1,1
76.088003996,0,1
76.088024232,0,0
76.088067956,0,1
76.088109686,0,0
76.088147978,0,1
76.088171284,1,1
76.088190694,1,0
76.088235404,1,1
76.088253486,1,0
76.090294846,1,1
76.106239876,1,0
76.106243878,0,0
76.107288924,0,1
76.107484762,0,0
76.107486862,1,0
76.107526048,1,1
76.107567830,1,0
76.107569150,0,0
76.107609126,0,1
76.107651878,0,0
76.107654020,1,0
76.107693178,1,1
76.107734946,1,0
76.107776228,1,1
76.107818004,1,0
76.107819856,0,0
76.107859302,0,1
76.107902050,0,0
76.107903722,1,0
76.107943328,1,1
76.107985084,1,0
76.108026354,1,1
76.108068106,1,0
76.108109380,1,1
76.108152606,1,0
76.108193876,1,1
76.108236612,1,0
76.108277876,1,1
76.108311242,0,1
76.108324564,0,0
76.108365822,0,1
76.108389132,1,1
76.108661434,0,1
76.108673268,0,0
76.108716000,0,1
76.108757726,0,0
76.108798976,0,1
76.108822282,1,1
76.108841688,1,0
76.108882934,1,1
76.108904432,0,1
76.108924666,0,0
76.108965912,0,1
76.108989222,1,1
76.109008626,1,0
76.109049870,1,1
76.109092582,1,0
76.109133826,1,1
76.109176540,1,0
76.109217786,1,1
76.109260516,1,0
76.109301782,1,1
76.109344522,1,0
76.109388272,1,1
76.109431014,1,0
76.109469314,1,1
76.109512056,1,0
76.109556786,1,1
76.109568540,1,0
76.109837790,0,0
76.110613184,0,1
76.110659780,0,0
76.110701066,0,1
76.110743810,0,0
76.110785090,0,1
76.110827834,0,0
76.110869116,0,1
76.110911854,0,0
76.110953136,0,1
76.110995876,0,0
76.111037158,0,1
76.111079902,0,0
76.111121194,0,1
76.111163936,0,0
76.111205218,0,1
76.111247958,0,0
76.111289238,0,1
76.111333458,0,0
76.111334854,1,0
76.111374732,1,1
76.111417468,1,0
76.111458734,1,1
76.111492098,0,1
76.111505422,0,0
76.111546690,0,1
76.111570004,1,1
76.111913836,0,1
76.111925658,0,0
76.111968344,0,1
76.112010034,0,0
76.112051238,0,1
76.112074512,1,1
76.112093894,1,0
76.112135088,1,1
76.112156562,0,1
76.112176768,0,0
76.112217966,0,1
76.112241238,1,1
76.112260620,1,0
76.112301810,1,1
76.112344466,1,0
76.112385654,1,1
76.112428314,1,0
76.112469504,1,1
76.112512166,1,0
76.112553360,1,1
76.112596020,1,0
76.112639680,1,1
76.112682344,1,0
76.112720574,1,1
76.112763232,1,0
76.112807876,1,1
76.112820260,1,0
76.112821512,1,1
76.115415754,1,0
76.115688882,0,0
76.116464010,0,1
76.116565352,0,0
76.116567222,1,0
76.116606552,1,1
76.116648232,1,0
76.116649476,0,0
76.116689436,0,1
76.116732104,0,0
76.116734314,1,0
76.116773298,1,1
76.116814970,1,0
76.116856164,1,1
76.116897832,1,0
76.116899054,0,0
76.116939030,0,1
76.116981688,0,0
76.116983892,1,0
76.117022880,1,1
76.117064552,1,0
76.117105744,1,1
76.117147412,1,0
76.117188604,1,1
76.117231758,1,0
76.117272954,1,1
76.117315612,1,0
76.117356800,1,1
76.117390108,0,1
76.117403408,0,0
76.117444598,0,1
76.117467870,1,1
76.117739794,0,1
76.117751612,0,0
76.117794286,0,1
76.117835956,0,0
76.117877144,0,1
76.117900418,1,1
76.117919798,1,0
76.117960986,1,1
76.117982454,0,1
76.118002656,0,0
76.118043852,0,1
76.118067124,1,1
76.118086502,1,0
76.118127686,1,1
76.118170346,1,0
76.118211536,1,1
76.118254192,1,0
76.118295380,1,1
76.118338040,1,0
76.118379230,1,1
76.118421890,1,0
76.118465546,1,1
76.118508204,1,0
76.118546432,1,1
76.118589092,1,0
76.118633732,1,1
76.118646170,1,0
76.118915308,0,0
76.119690464,0,1
76.119732340,0,0
76.119773552,0,1
76.119816218,0,0
76.119857428,0,1
76.119900096,0,0
76.119941302,0,1
76.119983970,0,0
76.120025174,0,1
76.120067838,0,0
76.120109042,0,1
76.120151710,0,0
76.120192914,0,1
76.120235582,0,0
76.120276788,0,1
76.120319452,0,0
76.120360654,0,1
76.120404800,0,0
76.120406770,1,0
76.120445996,1,1
76.120488652,1,0
76.120529844,1,1
76.120563154,0,1
76.120576454,0,0
76.120617650,0,1
76.120640924,1,1
76.120984360,0,1
76.120996176,0,0
76.121038846,0,1
76.121080516,0,0
76.121121708,0,1
76.121144988,1,1
76.121164370,1,0
76.121205562,1,1
76.121227034,0,1
76.121247238,0,0
76.121288434,0,1
76.121311706,1,1
76.121331088,1,0
76.121372278,1,1
76.121414940,1,0
76.121456132,1,1
76.121498792,1,0
76.121539986,1,1
76.121582644,1,0
76.121623834,1,1
76.121666490,1,0
76.121710148,1,1
76.121752804,1,0
76.121791034,1,1
76.121833696,1,0
76.121878338,1,1
76.121893004,1,0
76.121894258,1,1
76.211437708,0,1
76.211449520,0,0
76.211492164,0,1
76.211533810,0,0
76.211574972,0,1
76.211616618,0,0
76.211657782,0,1
76.211699428,0,0
76.211740594,0,1
76.211782244,0,0
76.211823408,0,1
76.211846670,1,1
76.211866040,1,0
76.211907204,1,1
76.211949836,1,0
76.211990994,1,1
76.212033630,1,0
76.212074788,1,1
76.212117420,1,0
76.212161042,1,1
76.212203676,1,0
76.212241880,1,1
76.212284516,1,0
76.212329124,1,1
76.215961980,0,1
76.215973792,0,0
76.216016430,0,1
76.216058068,0,0
76.216099230,0,1
76.216140874,0,0
76.216182038,0,1
76.216223690,0,0
76.216264854,0,1
76.216288110,1,1
76.216307480,1,0
76.216348640,1,1
76.216391270,1,0
76.216432424,1,1
76.216453880,0,1
76.216474072,0,0
76.216515234,0,1
76.216538492,1,1
76.216557860,1,0
76.216599022,1,1
76.216620478,0,1
76.216640668,0,0
76.216684294,0,1
76.216725940,0,0
76.216764146,0,1
76.216787400,1,1
76.216806770,1,0
76.216851374,1,1
76.224192664,1,0
76.226294438,1,1
76.261704380,0,1
76.261716194,0,0
76.261758832,0,1
76.261800472,0,0
76.261841636,0,1
76.261883278,0,0
76.261924440,0,1
76.261966082,0,0
76.262007238,0,1
76.262030494,1,1
76.262049864,1,0
76.262091020,1,1
76.262133646,1,0
76.262174798,1,1
76.262196254,0,1
76.262216450,0,0
76.262257612,0,1
76.262280870,1,1
76.262300238,1,0
76.262341396,1,1
76.262362850,0,1
76.262383042,0,0
76.262426666,0,1
76.262468310,0,0
76.262506510,0,1
76.262529768,1,1
76.262549134,1,0
76.262593736,1,1
76.262612496,1,0
76.266293320,1,1
76.282363892,1,0
76.282637008,0,0
76.283411886,0,1
76.283562016,0,0
76.283563364,1,0
76.283603178,1,1
76.283644818,1,0
76.283646582,0,0
76.283685986,0,1
76.283728616,0,0
76.283730386,1,0
76.283769774,1,1
76.283811416,1,0
76.283852572,1,1
76.283894212,1,0
76.283896076,0,0
76.283935372,0,1
76.283977996,0,0
76.283979864,1,0
76.284019152,1,1
76.284060792,1,0
76.284101952,1,1
76.284143592,1,0
76.284184746,1,1
76.284227868,1,0
76.284269024,1,1
76.284311636,1,0
76.284352788,1,1
76.284386078,0,1
76.284399370,0,0
76.284440528,0,1
76.284463778,1,1
76.284735448,0,1
76.284747260,0,0
76.284789896,0,1
76.284831538,0,0
76.284872698,0,1
76.284895956,1,1
76.284915324,1,0
76.284956474,1,1
76.284977928,0,1
76.284998114,0,0
76.285039270,0,1
76.285062524,1,1
76.285081890,1,0
76.285123042,1,1
76.285165664,1,0
76.285206816,1,1
76.285249442,1,0
76.285290596,1,1
76.285333226,1,0
76.285374382,1,1
76.285417012,1,0
76.285460630,1,1
76.285503256,1,0
76.285541456,1,1
76.285584084,1,0
76.285628686,1,1
76.285641564,1,0
76.285910626,0,0
76.286685574,0,1
76.286726426,0,0
76.286767602,0,1
76.286810240,0,0
76.286851416,0,1
76.286894054,0,0
76.286895408,1,0
76.286935218,1,1
76.286976864,1,0
76.286978608,0,0
76.287018036,0,1
76.287060664,0,0
76.287101832,0,1
76.287144468,0,0
76.287185638,0,1
76.287228278,0,0
76.287269452,0,1
76.287312086,0,0
76.287353256,0,1
76.287397372,0,0
76.287438546,0,1
76.287477728,0,0
76.287480028,1,0
76.287518894,1,1
76.287552180,0,1
76.287565470,0,0
76.287606634,0,1
76.287629892,1,1
76.287968818,0,1
76.287980646,0,0
76.288023350,0,1
76.288065058,0,0
76.288106288,0,1
76.288129584,1,1
76.288148980,1,0
76.288190214,1,1
76.288211706,0,1
76.288231934,0,0
76.288273168,0,1
76.288296468,1,1
76.288315868,1,0
76.288357096,1,1
76.288399796,1,0
76.288441030,1,1
76.288483732,1,0
76.288524962,1,1
76.288567666,1,0
76.288608896,1,1
76.288651596,1,0
76.288695292,1,1
76.288737994,1,0
76.288776256,1,1
76.288818958,1,0
76.288863642,1,1
76.288875780,1,0
76.288877030,1,1
76.359505886,0,1
76.359517720,0,0
76.359560444,0,1
76.359602166,0,0
76.359643414,0,1
76.359685138,0,0
76.359726384,0,1
76.359768106,0,0
76.359809350,0,1
76.359851072,0,0
76.359892320,0,1
76.359915622,1,1
76.359935024,1,0
76.359976266,1,1
76.360018978,1,0
76.360060220,1,1
76.360102932,1,0
76.360144178,1,1
76.360186892,1,0
76.360230612,1,1
76.360273326,1,0
76.360311608,1,1
76.360354318,1,0
76.360399018,1,1
76.364039338,0,1
76.364051174,0,0
76.364093902,0,1
76.364135626,0,0
76.364176874,0,1
76.364218606,0,0
76.364259854,0,1
76.364301578,0,0
76.364342826,0,1
76.364366132,1,1
76.364385536,1,0
76.364426782,1,1
76.364469498,1,0
76.364510740,1,1
76.364532236,0,1
76.364552466,0,0
76.364593712,0,1
76.364617018,1,1
76.364636420,1,0
76.364677662,1,1
76.364699158,0,1
76.364719392,0,0
76.364763108,0,1
76.364804820,0,0
76.364843094,0,1
76.364866394,1,1
76.364885802,1,0
76.364930508,1,1
76.372520104,1,0
76.378295204,1,1
76.391157502,0,1
76.391169338,0,0
76.391212068,0,1
76.391253794,0,0
76.391295042,0,1
76.391336770,0,0
76.391378020,0,1
76.391419748,0,0
76.391460996,0,1
76.391484302,1,1
76.391503706,1,0
76.391544942,1,1
76.391587656,1,0
76.391628898,1,1
76.391650394,0,1
76.391670626,0,0
76.391711876,0,1
76.391735182,1,1
76.391754588,1,0
76.391795832,1,1
76.391817328,0,1
76.391837562,0,0
76.391881280,0,1
76.391923006,0,0
76.391961292,0,1
76.391984598,1,1
76.392004002,1,0
76.392048702,1,1
76.392067328,1,0
76.394294076,1,1
76.410113184,1,0
76.410117192,0,0
76.411161866,0,1
76.411279054,0,0
76.411281202,1,0
76.411320310,1,1
76.411362044,1,0
76.411363442,0,0
76.411403308,0,1
76.411446030,0,0
76.411448294,1,0
76.411487284,1,1
76.411529018,1,0
76.411570270,1,1
76.411612000,1,0
76.411614050,0,0
76.411653260,0,1
76.411695980,0,0
76.411697898,1,0
76.411737232,1,1
76.411778964,1,0
76.411820212,1,1
76.411861944,1,0
76.411903196,1,1
76.411946410,1,0
76.411987656,1,1
76.412030378,1,0
76.412071628,1,1
76.412104978,0,1
76.412118298,0,0
76.412159554,0,1
76.412182862,1,1
76.412455184,0,1
76.412467020,0,0
76.412509750,0,1
76.412551476,0,0
76.412592730,0,1
76.412616036,1,1
76.412635442,1,0
76.412676692,1,1
76.412698194,0,1
76.412718428,0,0
76.412759680,0,1
76.412782988,1,1
76.412802396,1,0
76.412843646,1,1
76.412886364,1,0
76.412927618,1,1
76.412970340,1,0
76.413011594,1,1
76.413054316,1,0
76.413095566,1,1
76.413138284,1,0
76.413181998,1,1
76.413224720,1,0
76.413263004,1,1
76.413305722,1,0
76.413350430,1,1
76.413364628,1,0
76.413637858,0,0
76.414413120,0,1
76.414459470,0,0
76.414500740,0,1
76.414543466,0,0
76.414584734,0,1
76.414627456,0,0
76.414668722,0,1
76.414711448,0,0
76.414752710,0,1
76.414795436,0,0
76.414836700,0,1
76.414879424,0,0
76.414920692,0,1
76.414963414,0,0
76.415004678,0,1
76.415047402,0,0
76.415088662,0,1
76.415132868,0,0
76.415134528,1,0
76.415174122,1,1
76.415216846,1,0
76.415258098,1,1
76.415291454,0,1
76.415304772,0,0
76.415346030,0,1
76.415369340,1,1
76.415713076,0,1
76.415724894,0,0
76.415767554,0,1
76.415809216,0,0
76.415850396,0,1
76.415873666,1,1
76.415893046,1,0
76.415934222,1,1
76.415955688,0,1
76.415975890,0,0
76.416017070,0,1
76.416040336,1,1
76.416059710,1,0
76.416100886,1,1
76.416143532,1,0
76.416184706,1,1
76.416227356,1,0
76.416268532,1,1
76.416311178,1,0
76.416352356,1,1
76.416394998,1,0
76.416438634,1,1
76.416481278,1,0
76.416519494,1,1
76.416562136,1,0
76.416606760,1,1
76.416619634,1,0
76.416620888,1,1
76.426716972,1,0
76.426986014,0,0
76.427760898,0,1
76.427908854,0,0
76.427910358,1,0
76.427950026,1,1
76.427991684,1,0
76.427993570,0,0
76.428032870,0,1
76.428075512,0,0
76.428077370,1,0
76.428116684,1,1
76.428158344,1,0
76.428199516,1,1
76.428241182,1,0
76.428243042,0,0
76.428282368,0,1
76.428325012,0,0
76.428326838,1,0
76.428366186,1,1
76.428407846,1,0
76.428449018,1,1
76.428490668,1,0
76.428531838,1,1
76.428574978,1,0
76.428616158,1,1
76.428658802,1,0
76.428699970,1,1
76.428733260,0,1
76.428746552,0,0
76.428787728,0,1
76.428810996,1,1
76.429082796,0,1
76.429094608,0,0
76.429137256,0,1
76.429178906,0,0
76.429220086,0,1
76.429243348,1,1
76.429262722,1,0
76.429303892,1,1
76.429325356,0,1
76.429345552,0,0
76.429386724,0,1
76.429409986,1,1
76.429429360,1,0
76.429470528,1,1
76.429513172,1,0
76.429554342,1,1
76.429596984,1,0
76.429638150,1,1
76.429680784,1,0
76.429721946,1,1
76.429764582,1,0
76.429808212,1,1
76.429850854,1,0
76.429889064,1,1
76.429931704,1,0
76.429976324,1,1
76.429990508,1,0
76.430259602,0,0
76.431034506,0,1
76.431074364,0,0
76.431115546,0,1
76.431158192,0,0
76.431199378,0,1
76.431242028,0,0
76.431283214,0,1
76.431325862,0,0
76.431367048,0,1
76.431409694,0,0
76.431450882,0,1
76.431493526,0,0
76.431534712,0,1
76.431577358,0,0
76.431618538,0,1
76.431661184,0,0
76.431702370,0,1
76.431746494,0,0
76.431748652,1,0
76.431787666,1,1
76.431830306,1,0
76.431871476,1,1
76.431904770,0,1
76.431918062,0,0
76.431959244,0,1
76.431982510,1,1
76.432325770,0,1
76.432337584,0,0
76.432380232,0,1
76.432421886,0,0
76.432463058,0,1
76.432486322,1,1
76.432505694,1,0
76.432546862,1,1
76.432568320,0,1
76.432588518,0,0
76.432629690,0,1
76.432652954,1,1
76.432672326,1,0
76.432713498,1,1
76.432756138,1,0
76.432797306,1,1
76.432839944,1,0
76.432881114,1,1
76.432923752,1,0
76.432964918,1,1
76.433007560,1,0
76.433051188,1,1
76.433093822,1,0
76.433132028,1,1
76.433174664,1,0
76.433219280,1,1
76.433232490,1,0
76.433233746,1,1
76.511888066,0,1
76.511899878,0,0
76.511942516,0,1
76.511984156,0,0
76.512025316,0,1
76.512066958,0,0
76.512108116,0,1
76.512149758,0,0
76.512190920,0,1
76.512232572,0,0
76.512273736,0,1
76.512296994,1,1
76.512316366,1,0
76.512357524,1,1
76.512400152,1,0
76.512441312,1,1
76.512483940,1,0
76.512525092,1,1
76.512567726,1,0
76.512611348,1,1
76.512653978,1,0
76.512692176,1,1
76.512734806,1,0
76.512779408,1,1
76.516412432,0,1
76.516424244,0,0
76.516466886,0,1
76.516508532,0,0
76.516549692,0,1
76.516591332,0,0
76.516632492,0,1
76.516674140,0,0
76.516715302,0,1
76.516738562,1,1
76.516757934,1,0
76.516799094,1,1
76.516841722,1,0
76.516882880,1,1
76.516904336,0,1
76.516924528,0,0
76.516965684,0,1
76.516988944,1,1
76.517008314,1,0
76.517049474,1,1
76.517070930,0,1
76.517091120,0,0
76.517134746,0,1
76.517176392,0,0
76.517214602,0,1
76.517237860,1,1
76.517257232,1,0
76.517301846,1,1
76.524956310,1,0
76.530293202,1,1
76.575494194,0,1
76.575506004,0,0
76.575548634,0,1
76.575590272,0,0
76.575631428,0,1
76.575673068,0,0
76.575714222,0,1
76.575755864,0,0
76.575797018,0,1
76.575820272,1,1
76.575839640,1,0
76.575880794,1,1
76.575923420,1,0
76.575964570,1,1
76.575986026,0,1
76.576006214,0,0
76.576047370,0,1
76.576070622,1,1
76.576089990,1,0
76.576131140,1,1
76.576152596,0,1
76.576172784,0,0
76.576216408,0,1
76.576258050,0,0
76.576296252,0,1
76.576319506,1,1
76.576338874,1,0
76.576383476,1,1
76.576402200,1,0
76.578293496,1,1
76.594460178,1,0
76.594733306,0,0
76.595508288,0,1
76.595616852,0,0
76.595618524,1,0
76.595658012,1,1
76.595699658,1,0
76.595700752,0,0
76.595740828,0,1
76.595783460,0,0
76.595785584,1,0
76.595824620,1,1
76.595866264,1,0
76.595907422,1,1
76.595949066,1,0
76.595950312,0,0
76.595990230,0,1
76.596032860,0,0
76.596035144,1,0
76.596074016,1,1
76.596115660,1,0
76.596156818,1,1
76.596198462,1,0
76.596239624,1,1
76.596282746,1,0
76.596323900,1,1
76.596366528,1,0
76.596407682,1,1
76.596440966,0,1
76.596454254,0,0
76.596495418,0,1
76.596518678,1,1
76.596790404,0,1
76.596802212,0,0
76.596844844,0,1
76.596886484,0,0
76.596927642,0,1
76.596950900,1,1
76.596970268,1,0
76.597011424,1,1
76.597032880,0,1
76.597053070,0,0
76.597094228,0,1
76.597117484,1,1
76.597136852,1,0
76.597178004,1,1
76.597220638,1,0
76.597261794,1,1
76.597304426,1,0
76.597345580,1,1
76.597388208,1,0
76.597429362,1,1
76.597471988,1,0
76.597515604,1,1
76.597558232,1,0
76.597596428,1,1
76.597639058,1,0
76.597683662,1,1
76.597698146,1,0
76.597967230,0,0
76.598742150,0,1
76.598781330,0,0
76.598822506,0,1
76.598865140,0,0
76.598906310,0,1
76.598948946,0,0
76.598951034,1,0
76.598990106,1,1
76.599031752,1,0
76.599033264,0,0
76.599072920,0,1
76.599115550,0,0
76.599156718,0,1
76.599199350,0,0
76.599240522,0,1
76.599283154,0,0
76.599324324,0,1
76.599366958,0,0
76.599408126,0,1
76.599452238,0,0
76.599493408,0,1
76.599532588,0,0
76.599534850,1,0
76.599573748,1,1
76.599607036,0,1
76.599620328,0,0
76.599661488,0,1
76.599684748,1,1
76.600023676,0,1
76.600035506,0,0
76.600078208,0,1
76.600119918,0,0
76.600161146,0,1
76.600184446,1,1
76.600203844,1,0
76.600245076,1,1
76.600266568,0,1
76.600286794,0,0
76.600328028,0,1
76.600351328,1,1
76.600370730,1,0
76.600411960,1,1
76.600454664,1,0
76.600495898,1,1
76.600538600,1,0
76.600579826,1,1
76.600622532,1,0
76.600663766,1,1
76.600706464,1,0
76.600750162,1,1
76.600792866,1,0
76.600831136,1,1
76.600873836,1,0
76.600918522,1,1
76.600932876,1,0
76.600934132,1,1
76.682411200,0,1
76.682423034,0,0
76.682465760,0,1
76.682507484,0,0
76.682548734,0,1
76.682590460,0,0
76.682631710,0,1
76.682673434,0,0
76.682714686,0,1
76.682756412,0,0
76.682797660,0,1
76.682820970,1,1
76.682840378,1,0
76.682881630,1,1
76.682924340,1,0
76.682965580,1,1
76.683008290,1,0
76.683049526,1,1
76.683092236,1,0
76.683135946,1,1
76.683178656,1,0
76.683216940,1,1
76.683259662,1,0
76.683304362,1,1
76.686944726,0,1
76.686956560,0,0
76.686999282,0,1
76.687041000,0,0
76.687082240,0,1
76.687123964,0,0
76.687165200,0,1
76.687206924,0,0
76.687248184,0,1
76.687271496,1,1
76.687290904,1,0
76.687332140,1,1
76.687374848,1,0
76.687416088,1,1
76.687437584,0,1
76.687457816,0,0
76.687499060,0,1
76.687522364,1,1
76.687541768,1,0
76.687583012,1,1
76.687604510,0,1
76.687624738,0,0
76.687668454,0,1
76.687710176,0,0
76.687748456,0,1
76.687771760,1,1
76.687791164,1,0
76.687835862,1,1
76.695962734,1,0
76.698293448,1,1
76.706045270,0,1
76.706057106,0,0
76.706099834,0,1
76.706141558,0,0
76.706182808,0,1
76.706224544,0,0
76.706265798,0,1
76.706307532,0,0
76.706348782,0,1
76.706372088,1,1
76.706391492,1,0
76.706432736,1,1
76.706475450,1,0
76.706516690,1,1
76.706538188,0,1
76.706558420,0,0
76.706599668,0,1
76.706622974,1,1
76.706642378,1,0
76.706683624,1,1
76.706705126,0,1
76.706725358,0,0
76.706769074,0,1
76.706810798,0,0
76.706849084,0,1
76.706872390,1,1
76.706891792,1,0
76.706936496,1,1
76.706955358,1,0
76.714292360,1,1
76.730461828,1,0
76.730735044,0,0
76.731510272,0,1
76.731632564,0,0
76.731634638,1,0
76.731673816,1,1
76.731715548,1,0
76.731716882,0,0
76.731756808,0,1
76.731799526,0,0
76.731801726,1,0
76.731840778,1,1
76.731882506,1,0
76.731923754,1,1
76.731965480,1,0
76.731967490,0,0
76.732006738,0,1
76.732049456,0,0
76.732051336,1,0
76.732090708,1,1
76.732132440,1,0
76.732173688,1,1
76.732215420,1,0
76.732256672,1,1
76.732299884,1,0
76.732341130,1,1
76.732383848,1,0
76.732425094,1,1
76.732458448,0,1
76.732471764,0,0
76.732513024,0,1
76.732536334,1,1
76.732808632,0,1
76.732820466,0,0
76.732863196,0,1
76.732904922,0,0
76.732946174,0,1
76.732969482,1,1
76.732988890,1,0
76.733030142,1,1
76.733051640,0,1
76.733071874,0,0
76.733113124,0,1
76.733136432,1,1
76.733155840,1,0
76.733197090,1,1
76.733239810,1,0
76.733281058,1,1
76.733323774,1,0
76.733365024,1,1
76.733407740,1,0
76.733448990,1,1
76.733491704,1,0
76.733535420,1,1
76.733578140,1,0
76.733616424,1,1
76.733659144,1,0
76.733703848,1,1
76.733716988,1,0
76.733986196,0,0
76.734761500,0,1
76.734803962,0,0
76.734845232,0,1
76.734887958,0,0
76.734929220,0,1
76.734971948,0,0
76.735013214,0,1
76.735055936,0,0
76.735097198,0,1
76.735139918,0,0
76.735181176,0,1
76.735223896,0,0
76.735265156,0,1
76.735307876,0,0
76.735349132,0,1
76.735391860,0,0
76.735433126,0,1
76.735477334,0,0
76.735478988,1,0
76.735518588,1,1
76.735561308,1,0
76.735602556,1,1
76.735635908,0,1
76.735649228,0,0
76.735690486,0,1
76.735713798,1,1
76.736057522,0,1
76.736069340,0,0
76.736111998,0,1
76.736153658,0,0
76.736194838,0,1
76.736218106,1,1
76.736237484,1,0
76.736278660,1,1
76.736300118,0,1
76.736320310,0,0
76.736361480,0,1
76.736384746,1,1
76.736404124,1,0
76.736445310,1,1
76.736487962,1,0
76.736529134,1,1
76.736571772,1,0
76.736612942,1,1
76.736655582,1,0
76.736696754,1,1
76.736739396,1,0
76.736783030,1,1
76.736825672,1,0
76.736863882,1,1
76.736906520,1,0
76.736951140,1,1
76.736964160,1,0
76.736965412,1,1
76.738794732,1,0
76.739063798,0,0
76.739838802,0,1
76.739945040,0,0
76.739947020,1,0
76.739986240,1,1
76.740027920,1,0
76.740029252,0,0
76.740069122,0,1
76.740111786,0,0
76.740114084,1,0
76.740152978,1,1
76.740194658,1,0
76.740235852,1,1
76.740277514,1,0
76.740278812,0,0
76.740318700,0,1
76.740361344,0,0
76.740363622,1,0
76.740402516,1,1
76.740444174,1,0
76.740485348,1,1
76.740527008,1,0
76.740568178,1,1
76.740611312,1,0
76.740652482,1,1
76.740695122,1,0
76.740736290,1,1
76.740769582,0,1
76.740782876,0,0
76.740824050,0,1
76.740847318,1,1
76.741119124,0,1
76.741130938,0,0
76.741173588,0,1
76.741215242,0,0
76.741256416,0,1
76.741279682,1,1
76.741299056,1,0
76.741340224,1,1
76.741361686,0,1
76.741381882,0,0
76.741423056,0,1
76.741446318,1,1
76.741465692,1,0
76.741506858,1,1
76.741549500,1,0
76.741590670,1,1
76.741633310,1,0
76.741674480,1,1
76.741717118,1,0
76.741758286,1,1
76.741800926,1,0
76.741844560,1,1
76.741887198,1,0
76.741925408,1,1
76.741968052,1,0
76.742012670,1,1
76.742024614,1,0
76.742297790,0,0
76.743072776,0,1
76.743119640,0,0
76.743160832,0,1
76.743203480,0,0
76.743244672,0,1
76.743287320,0,0
76.743328502,0,1
76.743371146,0,0
76.743412330,0,1
76.743454974,0,0
76.743496162,0,1
76.743538810,0,0
76.743579976,0,1
76.743622608,0,0
76.743663800,0,1
76.743706454,0,0
76.743747646,0,1
76.743791768,0,0
76.743793100,1,0
76.743832940,1,1
76.743875582,1,0
76.743916754,1,1
76.743950046,0,1
76.743963340,0,0
76.744004518,0,1
76.744027786,1,1
76.744371092,0,1
76.744382906,0,0
76.744425556,0,1
76.744467210,0,0
76.744508384,0,1
76.744531646,1,1
76.744551020,1,0
76.744592190,1,1
76.744613650,0,1
76.744633846,0,0
76.744675016,0,1
76.744698280,1,1
76.744717654,1,0
76.744758822,1,1
76.744801462,1,0
76.744842630,1,1
76.744885270,1,0
76.744926440,1,1
76.744969080,1,0
76.745010248,1,1
76.745052888,1,0
76.745096520,1,1
76.745139160,1,0
76.745177370,1,1
76.745220012,1,0
76.745264634,1,1
76.745279232,1,0
76.745280482,1,1
76.832053626,0,1
76.832065438,0,0
76.832108074,0,1
76.832149714,0,0
76.832190872,0,1
76.832232520,0,0
76.832273682,0,1
76.832315326,0,0
76.832356482,0,1
76.832398110,0,0
76.832439266,0,1
76.832462528,1,1
76.832481898,1,0
76.832523058,1,1
76.832565680,1,0
76.832606828,1,1
76.832649452,1,0
76.832690606,1,1
76.832733230,1,0
76.832776852,1,1
76.832819480,1,0
76.832857678,1,1
76.832900308,1,0
76.832944912,1,1
76.836577946,0,1
76.836589758,0,0
76.836632392,0,1
76.836674032,0,0
76.836715198,0,1
76.836756842,0,0
76.836797998,0,1
76.836839642,0,0
76.836880800,0,1
76.836904054,1,1
76.836923420,1,0
76.836964576,1,1
76.837007204,1,0
76.837048362,1,1
76.837069820,0,1
76.837090012,0,0
76.837131176,0,1
76.837154434,1,1
76.837173802,1,0
76.837214960,1,1
76.837236418,0,1
76.837256610,0,0
76.837300236,0,1
76.837341880,0,0
76.837380084,0,1
76.837403340,1,1
76.837422708,1,0
76.837467314,1,1
76.845312412,1,0
76.850293578,1,1
76.900993030,0,1
76.901004842,0,0
76.901047478,0,1
76.901089118,0,0
76.901130276,0,1
76.901171920,0,0
76.901213086,0,1
76.901254730,0,0
76.901295888,0,1
76.901319144,1,1
76.901338516,1,0
76.901379674,1,1
76.901422308,1,0
76.901463466,1,1
76.901484922,0,1
76.901505112,0,0
76.901546270,0,1
76.901569526,1,1
76.901588896,1,0
76.901630050,1,1
76.901651508,0,1
76.901671698,0,0
76.901715324,0,1
76.901756968,0,0
76.901795166,0,1
76.901818420,1,1
76.901837792,1,0
76.901882392,1,1
76.901901094,1,0
76.906299322,1,1
76.922033746,1,0
76.922037750,0,0
76.923081968,0,1
76.923819856,0,0
76.923821276,1,0
76.923861020,1,1
76.923902668,1,0
76.923904502,0,0
76.923943834,0,1
76.923986466,0,0
76.923988306,1,0
76.924027626,1,1
76.924069270,1,0
76.924110430,1,1
76.924152074,1,0
76.924154008,0,0
76.924193236,0,1
76.924235876,0,0
76.924237826,1,0
76.924277040,1,1
76.924318688,1,0
76.924359844,1,1
76.924401494,1,0
76.924442654,1,1
76.924485774,1,0
76.924526932,1,1
76.924569562,1,0
76.924610716,1,1
76.924644002,0,1
76.924657292,0,0
76.924698462,0,1
76.924721724,1,1
76.924993464,0,1
76.925005276,0,0
76.925047910,0,1
76.925089552,0,0
76.925130708,0,1
76.925153968,1,1
76.925173338,1,0
76.925214496,1,1
76.925235956,0,1
76.925256146,0,0
76.925297308,0,1
76.925320572,1,1
76.925339940,1,0
76.925381096,1,1
76.925423730,1,0
76.925464888,1,1
76.925507516,1,0
76.925548674,1,1
76.925591304,1,0
76.925632458,1,1
76.925675086,1,0
76.925718708,1,1
76.925761338,1,0
76.925799538,1,1
76.925842170,1,0
76.925886776,1,1
76.925899880,1,0
76.926169048,0,0
76.926944122,0,1
76.926984570,0,0
76.927025752,0,1
76.927068388,0,0
76.927109562,0,1
76.927152198,0,0
76.927154030,1,0
76.927193366,1,1
76.927235016,1,0
76.927236270,0,0
76.927276192,0,1
76.927318826,0,0
76.927359996,0,1
76.927402634,0,0
76.927443808,0,1
76.927486442,0,0
76.927527620,0,1
76.927570258,0,0
76.927611432,0,1
76.927655548,0,0
76.927696730,0,1
76.927735914,0,0
76.927737860,1,0
76.927777076,1,1
76.927810362,0,1
76.927823652,0,0
76.927864816,0,1
76.927888076,1,1
76.928227022,0,1
76.928238854,0,0
76.928281566,0,1
76.928323284,0,0
76.928364522,0,1
76.928387820,1,1
76.928407224,1,0
76.928448458,1,1
76.928469950,0,1
76.928490176,0,0
76.928531410,0,1
76.928554710,1,1
76.928574112,1,0
76.928615348,1,1
76.928658048,1,0
76.928699282,1,1
76.928741986,1,0
76.928783216,1,1
76.928825918,1,0
76.928867144,1,1
76.928909832,1,0
76.928953532,1,1
76.928996246,1,0
76.929034514,1,1
76.929077216,1,0
76.929121902,1,1
76.929135038,1,0
76.929136288,1,1
76.997049418,0,1
76.997061254,0,0
76.997103980,0,1
76.997145706,0,0
76.997186952,0,1
76.997228678,0,0
76.997269926,0,1
76.997311650,0,0
76.997352896,0,1
76.997394626,0,0
76.997435874,0,1
76.997459180,1,1
76.997478584,1,0
76.997519828,1,1
76.997562540,1,0
76.997603776,1,1
76.997646486,1,0
76.997687730,1,1
76.997730440,1,0
76.997774152,1,1
76.997816864,1,0
76.997855138,1,1
76.997897850,1,0
76.997942548,1,1
77.001582894,0,1
77.001594732,0,0
77.001637466,0,1
77.001679184,0,0
77.001720424,0,1
77.001762148,0,0
77.001803394,0,1
77.001845122,0,0
77.001886372,0,1
77.001909676,1,1
77.001929080,1,0
77.001970320,1,1
77.002013036,1,0
77.002054278,1,1
77.002075776,0,1
77.002096010,0,0
77.002137260,0,1
77.002160564,1,1
77.002179966,1,0
77.002221216,1,1
77.002242720,0,1
77.002262956,0,0
77.002306678,0,1
77.002348408,0,0
77.002386696,0,1
77.002409998,1,1
77.002429404,1,0
77.002474102,1,1
77.010148934,1,0
77.010300038,1,1
77.091071198,1,0
77.091075202,0,0
77.092115738,0,1
77.092222016,0,0
77.092224004,1,0
77.092263272,1,1
77.092305008,1,0
77.092306258,0,0
77.092346268,0,1
77.092388982,0,0
77.092391114,1,0
77.092430226,1,1
77.092471942,1,0
77.092513174,1,1
77.092554888,1,0
77.092556886,0,0
77.092596128,0,1
77.092638826,0,0
77.092640718,1,0
77.092680060,1,1
77.092721772,1,0
77.092763000,1,1
77.092804710,1,0
77.092845936,1,1
77.092889120,1,0
77.092930344,1,1
77.092973044,1,0
77.093014298,1,1
77.093047658,0,1
77.093060980,0,0
77.093102242,0,1
77.093125558,1,1
77.093397898,0,1
77.093409734,0,0
77.093452462,0,1
77.093494194,0,0
77.093535448,0,1
77.093558756,1,1
77.093578166,1,0
77.093619420,1,1
77.093640920,0,1
77.093661156,0,0
77.093702408,0,1
77.093725720,1,1
77.093745128,1,0
77.093786378,1,1
77.093829096,1,0
77.093870348,1,1
77.093913066,1,0
77.093954312,1,1
77.093997030,1,0
77.094038278,1,1
77.094080994,1,0
77.094124714,1,1
77.094167432,1,0
77.094205720,1,1
77.094248454,1,0
77.094293172,1,1
77.094306308,1,0
77.094575566,0,0
77.095350876,0,1
77.095393406,0,0
77.095434676,0,1
77.095477408,0,0
77.095518670,0,1
77.095561398,0,0
77.095602664,0,1
77.095645388,0,0
77.095686654,0,1
77.095729380,0,0
77.095770646,0,1
77.095813370,0,0
77.095854636,0,1
77.095897362,0,0
77.095938628,0,1
77.095981356,0,0
77.096022618,0,1
77.096066828,0,0
77.096068366,1,0
77.096108088,1,1
77.096150808,1,0
77.096192058,1,1
77.096225420,0,1
77.096238740,0,0
77.096280002,0,1
77.096303312,1,1
77.096647050,0,1
77.096658868,0,0
77.096701528,0,1
77.096743196,0,0
77.096784376,0,1
77.096807646,1,1
77.096827020,1,0
77.096868192,1,1
77.096889656,0,1
77.096909854,0,0
77.096951030,0,1
77.096974296,1,1
77.096993672,1,0
77.097034852,1,1
77.097077502,1,0
77.097118680,1,1
77.097161328,1,0
77.097202498,1,1
77.097245144,1,0
77.097286316,1,1
77.097328964,1,0
77.097372596,1,1
77.097415242,1,0
77.097453458,1,1
77.097496098,1,0
77.097540720,1,1
77.097553532,1,0
77.097554784,1,1
77.218206178,0,1
77.218217994,0,0
77.218260640,0,1
77.218302290,0,0
77.218343454,0,1
77.218385102,0,0
77.218426268,0,1
77.218449526,1,1
77.218468898,1,0
77.218510056,1,1
77.218552688,1,0
77.218593842,1,1
77.218615300,0,1
77.218635492,0,0
77.218676654,0,1
77.218699912,1,1
77.218719282,1,0
77.218760446,1,1
77.218781902,0,1
77.218802096,0,0
77.218843258,0,1
77.218884906,0,0
77.218928534,0,1
77.218970180,0,0
77.219008388,0,1
77.219031646,1,1
77.219051016,1,0
77.219095624,1,1
77.219113500,1,0
77.226290828,1,1
77.229108698,0,1
77.229120512,0,0
77.229163150,0,1
77.229186406,1,1
77.229205778,1,0
77.229246940,1,1
77.229268398,0,1
77.229288590,0,0
77.229329754,0,1
77.229353014,1,1
77.229372384,1,0
77.229413546,1,1
77.229435002,0,1
77.229455194,0,0
77.229496354,0,1
77.229519612,1,1
77.229538982,1,0
77.229580138,1,1
77.229622772,1,0
77.229663938,1,1
77.229685396,0,1
77.229705588,0,0
77.229746748,0,1
77.229788398,0,0
77.229832026,0,1
77.229855284,1,1
77.229874654,1,0
77.229912860,1,1
77.229955494,1,0
77.230000102,1,1
77.230018158,1,0
77.234290900,1,1
77.259063030,1,0
77.259336138,0,0
77.260111164,0,1
77.260752852,0,0
77.260754868,1,0
77.260794016,1,1
77.260835668,1,0
77.260837108,0,0
77.260876840,0,1
77.260919476,0,0
77.260920942,1,0
77.260960638,1,1
77.261002290,1,0
77.261043450,1,1
77.261085094,1,0
77.261086678,0,0
77.261126264,0,1
77.261168898,0,0
77.261170482,1,0
77.261210058,1,1
77.261251712,1,0
77.261292874,1,1
77.261334518,1,0
77.261375678,1,1
77.261418802,1,0
77.261459962,1,1
77.261502596,1,0
77.261543754,1,1
77.261577042,0,1
77.261590332,0,0
77.261631502,0,1
77.261654766,1,1
77.261926526,0,1
77.261938338,0,0
77.261980974,0,1
77.262022618,0,0
77.262063780,0,1
77.262087038,1,1
77.262106408,1,0
77.262147566,1,1
77.262169022,0,1
77.262189214,0,0
77.262230380,0,1
77.262253638,1,1
77.262273008,1,0
77.262314172,1,1
77.262356802,1,0
77.262397962,1,1
77.262440596,1,0
77.262481754,1,1
77.262524384,1,0
77.262565542,1,1
77.262608172,1,0
77.262651792,1,1
77.262694424,1,0
77.262732626,1,1
77.262775258,1,0
77.262819866,1,1
77.262832582,1,0
77.263101636,0,0
77.263876558,0,1
77.263917680,0,0
77.263958854,0,1
77.264001492,0,0
77.264042662,0,1
77.264085294,0,0
77.264087398,1,0
77.264126458,1,1
77.264168106,1,0
77.264169598,0,0
77.264209274,0,1
77.264251918,0,0
77.264293094,0,1
77.264335730,0,0
77.264376904,0,1
77.264419538,0,0
77.264460704,0,1
77.264503336,0,0
77.264544506,0,1
77.264588616,0,0
77.264629784,0,1
77.264668970,0,0
77.264671094,1,0
77.264710128,1,1
77.264743416,0,1
77.264756708,0,0
77.264797880,0,1
77.264821142,1,1
77.265160096,0,1
77.265171924,0,0
77.265214638,0,1
77.265256348,0,0
77.265297578,0,1
77.265320880,1,1
77.265340280,1,0
77.265381512,1,1
77.265403002,0,1
77.265423228,0,0
77.265464462,0,1
77.265487760,1,1
77.265507162,1,0
77.265548396,1,1
77.265591100,1,0
77.265632326,1,1
77.265675024,1,0
77.265716254,1,1
77.265758952,1,0
77.265800182,1,1
77.265842890,1,0
77.265886596,1,1
77.265929300,1,0
77.265967574,1,1
77.266010276,1,0
77.266054960,1,1
77.266066940,1,0
77.266068190,1,1
77.288538708,0,1
77.288550542,0,0
77.288593264,0,1
77.288634990,0,0
77.288676234,0,1
77.288717958,0,0
77.288759200,0,1
77.288800926,0,0
77.288842170,0,1
77.288883894,0,0
77.288925142,0,1
77.288948448,1,1
77.288967854,1,0
77.289009096,1,1
77.289051806,1,0
77.289093046,1,1
77.289135758,1,0
77.289176996,1,1
77.289219712,1,0
77.289263420,1,1
77.289306136,1,0
77.289344412,1,1
77.289387122,1,0
77.289431820,1,1
77.293072020,0,1
77.293083854,0,0
77.293126584,0,1
77.293168306,0,0
77.293209558,0,1
77.293251288,0,0
77.293292538,0,1
77.293315842,1,1
77.293335250,1,0
77.293376496,1,1
77.293419212,1,0
77.293460452,1,1
77.293481950,0,1
77.293502182,0,0
77.293543430,0,1
77.293566734,1,1
77.293586138,1,0
77.293627384,1,1
77.293648880,0,1
77.293669112,0,0
77.293710358,0,1
77.293752086,0,0
77.293795802,0,1
77.293837526,0,0
77.293875812,0,1
77.293899120,1,1
77.293918524,1,0
77.293963226,1,1
77.301662152,1,0
77.306292112,1,1
77.311292184,0,1
77.311304020,0,0
77.311346748,0,1
77.311388472,0,0
77.311429720,0,1
77.311471448,0,0
77.311512696,0,1
77.311554416,0,0
77.311595650,0,1
77.311637372,0,0
77.311678630,0,1
77.311701938,1,1
77.311721344,1,0
77.311762582,1,1
77.311805296,1,0
77.311846536,1,1
77.311889252,1,0
77.311930494,1,1
77.311973210,1,0
77.312016922,1,1
77.312059634,1,0
77.312097918,1,1
77.312140630,1,0
77.312185330,1,1
77.315824704,0,1
77.315836538,0,0
77.315879264,0,1
77.315902570,1,1
77.315921974,1,0
77.315963212,1,1
77.315984710,0,1
77.316004940,0,0
77.316046186,0,1
77.316069490,1,1
77.316088894,1,0
77.316130136,1,1
77.316151632,0,1
77.316171864,0,0
77.316213112,0,1
77.316236420,1,1
77.316255826,1,0
77.316297072,1,1
77.316339786,1,0
77.316381028,1,1
77.316402524,0,1
77.316422756,0,0
77.316464002,0,1
77.316505726,0,0
77.316549446,0,1
77.316572752,1,1
77.316592158,1,0
77.316630440,1,1
77.316673156,1,0
77.316717858,1,1
77.324325708,1,0
77.330290984,1,1
77.332103976,0,1
77.332115814,0,0
77.332158544,0,1
77.332181852,1,1
77.332201256,1,0
77.332242504,1,1
77.332264006,0,1
77.332284242,0,0
77.332325492,0,1
77.332348800,1,1
77.332368204,1,0
77.332409454,1,1
77.332430952,0,1
77.332451184,0,0
77.332492432,0,1
77.332515740,1,1
77.332535146,1,0
77.332576392,1,1
77.332619110,1,0
77.332660354,1,1
77.332681856,0,1
77.332702088,0,0
77.332743336,0,1
77.332785062,0,0
77.332828784,0,1
77.332852090,1,1
77.332871494,1,0
77.332909778,1,1
77.332952498,1,0
77.332997200,1,1
77.333015300,1,0
77.338298246,1,1
77.351492364,0,1
77.351504200,0,0
77.351546936,0,1
77.351588664,0,0
77.351629914,0,1
77.351671644,0,0
77.351712896,0,1
77.351736202,1,1
77.351755610,1,0
77.351796856,1,1
77.351839576,1,0
77.351880820,1,1
77.351902310,0,1
77.351922536,0,0
77.351963786,0,1
77.351987094,1,1
77.352006504,1,0
77.352047750,1,1
77.352069250,0,1
77.352089484,0,0
77.352130732,0,1
77.352172458,0,0
77.352216184,0,1
77.352257916,0,0
77.352296204,0,1
77.352319508,1,1
77.352338916,1,0
77.352383622,1,1
77.352401272,1,0
77.354290410,1,1
77.410947082,1,0
77.411220276,0,0
77.411995676,0,1
77.412507984,0,0
77.412509810,1,0
77.412549240,1,1
77.412590972,1,0
77.412592052,0,0
77.412632236,0,1
77.412674958,0,0
77.412676906,1,0
77.412716212,1,1
77.412757946,1,0
77.412799198,1,1
77.412840928,1,0
77.412842686,0,0
77.412882186,0,1
77.412924906,0,0
77.412926534,1,0
77.412966160,1,1
77.413007894,1,0
77.413049148,1,1
77.413090878,1,0
77.413132126,1,1
77.413175340,1,0
77.413216594,1,1
77.413259314,1,0
77.413300564,1,1
77.413333918,0,1
77.413347236,0,0
77.413388502,0,1
77.413411822,1,1
77.413684150,0,1
77.413695986,0,0
77.413738718,0,1
77.413780450,0,0
77.413821706,0,1
77.413845014,1,1
77.413864422,1,0
77.413905674,1,1
77.413927176,0,1
77.413947412,0,0
77.413988670,0,1
77.414011980,1,1
77.414031388,1,0
77.414072640,1,1
77.414115358,1,0
77.414156606,1,1
77.414199328,1,0
77.414240596,1,1
77.414283326,1,0
77.414324580,1,1
77.414367304,1,0
77.414411026,1,1
77.414453748,1,0
77.414492034,1,1
77.414534750,1,0
77.414579460,1,1
77.414593536,1,0
77.414866834,0,0
77.415642264,0,1
77.415688558,0,0
77.415729826,0,1
77.415772550,0,0
77.415813816,0,1
77.415856538,0,0
77.415897804,0,1
77.415940530,0,0
77.415981794,0,1
77.416024518,0,0
77.416065786,0,1
77.416108510,0,0
77.416149774,0,1
77.416192504,0,0
77.416233772,0,1
77.416276498,0,0
77.416317768,0,1
77.416361976,0,0
77.416363886,1,0
77.416403232,1,1
77.416445958,1,0
77.416487212,1,1
77.416520568,0,1
77.416533888,0,0
77.416575152,0,1
77.416598464,1,1
77.416942206,0,1
77.416954024,0,0
77.416996688,0,1
77.417038352,0,0
77.417079536,0,1
77.417102806,1,1
77.417122182,1,0
77.417163360,1,1
77.417184824,0,1
77.417205024,0,0
77.417246210,0,1
77.417269480,1,1
77.417288856,1,0
77.417330034,1,1
77.417372680,1,0
77.417413852,1,1
77.417456494,1,0
77.417497666,1,1
77.417540312,1,0
77.417581486,1,1
77.417624132,1,0
77.417667768,1,1
77.417710414,1,0
77.417748632,1,1
77.417791274,1,0
77.417835892,1,1
77.417849190,1,0
77.417850436,1,1
77.424056560,0,1
77.424068376,0,0
77.424111024,0,1
77.424152676,0,0
77.424193854,0,1
77.424235520,0,0
77.424276702,0,1
77.424318366,0,0
77.424359542,0,1
77.424401200,0,0
77.424442380,0,1
77.424465646,1,1
77.424485018,1,0
77.424526186,1,1
77.424568832,1,0
77.424610004,1,1
77.424652642,1,0
77.424693812,1,1
77.424736456,1,0
77.424780086,1,1
77.424822732,1,0
77.424860942,1,1
77.424903582,1,0
77.424948202,1,1
77.428582162,0,1
77.428593976,0,0
77.428636624,0,1
77.428678272,0,0
77.428719440,0,1
77.428761092,0,0
77.428802266,0,1
77.428825526,1,1
77.428844896,1,0
77.428886066,1,1
77.428928706,1,0
77.428969870,1,1
77.428991330,0,1
77.429011526,0,0
77.429052700,0,1
77.429075960,1,1
77.429095332,1,0
77.429136502,1,1
77.429157974,0,1
77.429178178,0,0
77.429219370,0,1
77.429261040,0,0
77.429304692,0,1
77.429346352,0,0
77.429384572,0,1
77.429407836,1,1
77.429427212,1,0
77.429471830,1,1
77.437654264,1,0
77.442289896,1,1
77.451738758,0,1
77.451750572,0,0
77.451793220,0,1
77.451834876,0,0
77.451876048,0,1
77.451917698,0,0
77.451958870,0,1
77.452000522,0,0
77.452041690,0,1
77.452083342,0,0
77.452124514,0,1
77.452147776,1,1
77.452167148,1,0
77.452208322,1,1
77.452250960,1,0
77.452292128,1,1
77.452334766,1,0
77.452375932,1,1
77.452418572,1,0
77.452462202,1,1
77.452504840,1,0
77.452543044,1,1
77.452585676,1,0
77.452630276,1,1
77.456262790,0,1
77.456274602,0,0
77.456317252,0,1
77.456340516,1,1
77.456359888,1,0
77.456401056,1,1
77.456422516,0,1
77.456442712,0,0
77.456483882,0,1
77.456507146,1,1
77.456526520,1,0
77.456567688,1,1
77.456589150,0,1
77.456609346,0,0
77.456650516,0,1
77.456673778,1,1
77.456693154,1,0
77.456734318,1,1
77.456776958,1,0
77.456818126,1,1
77.456839586,0,1
77.456859780,0,0
77.456900950,0,1
77.456942600,0,0
77.456986234,0,1
77.457009496,1,1
77.457028868,1,0
77.457067078,1,1
77.457109718,1,0
77.457154332,1,1
77.464425972,1,0
77.466290846,1,1
77.486276280,0,1
77.486288094,0,0
77.486330738,0,1
77.486372386,0,0
77.486413554,0,1
77.486455204,0,0
77.486496374,0,1
77.486519636,1,1
77.486539008,1,0
77.486580170,1,1
77.486622808,1,0
77.486663972,1,1
77.486685432,0,1
77.486705626,0,0
77.486746792,0,1
77.486770050,1,1
77.486789424,1,0
77.486830588,1,1
77.486852046,0,1
77.486872240,0,0
77.486913406,0,1
77.486955056,0,0
77.486998688,0,1
77.487040340,0,0
77.487078552,0,1
77.487101814,1,1
77.487121186,1,0
77.487165796,1,1
77.487184080,1,0
77.490299788,1,1
77.536157002,0,1
77.536168812,0,0
77.536211452,0,1
77.536234708,1,1
77.536254078,1,0
77.536295236,1,1
77.536316692,0,1
77.536336884,0,0
77.536378046,0,1
77.536401304,1,1
77.536420672,1,0
77.536461824,1,1
77.536483282,0,1
77.536503472,0,0
77.536544630,0,1
77.536567884,1,1
77.536587250,1,0
77.536628406,1,1
77.536671034,1,0
77.536712184,1,1
77.536733640,0,1
77.536753830,0,0
77.536794988,0,1
77.536836628,0,0
77.536880250,0,1
77.536903508,1,1
77.536922876,1,0
77.536961072,1,1
77.537003698,1,0
77.537048300,1,1
77.537066908,1,0
77.538289844,1,1
77.562737022,1,0
77.563010072,0,0
77.563784998,0,1
77.564463808,0,0
77.564465816,1,0
77.564504972,1,1
77.564546618,1,0
77.564548014,0,0
77.564587790,0,1
77.564630422,0,0
77.564631812,1,0
77.564671588,1,1
77.564713238,1,0
77.564754396,1,1
77.564796038,1,0
77.564797498,0,0
77.564837208,0,1
77.564879838,0,0
77.564881282,1,0
77.564920998,1,1
77.564962646,1,0
77.565003804,1,1
77.565045450,1,0
77.565086608,1,1
77.565129732,1,0
77.565170892,1,1
77.565213524,1,0
77.565254686,1,1
77.565287970,0,1
77.565301264,0,0
77.565342436,0,1
77.565365698,1,1
77.565637454,0,1
77.565649264,0,0
77.565691898,0,1
77.565733542,0,0
77.565774704,0,1
77.565797960,1,1
77.565817330,1,0
77.565858490,1,1
77.565879946,0,1
77.565900138,0,0
77.565941304,0,1
77.565964566,1,1
77.565983938,1,0
77.566025098,1,1
77.566067730,1,0
77.566108888,1,1
77.566151520,1,0
77.566192680,1,1
77.566235316,1,0
77.566276482,1,1
77.566319110,1,0
77.566362732,1,1
77.566405366,1,0
77.566443566,1,1
77.566486198,1,0
77.566530810,1,1
77.566545994,1,0
77.566815100,0,0
77.567590068,0,1
77.567637548,0,0
77.567678728,0,1
77.567721368,0,0
77.567762546,0,1
77.567805186,0,0
77.567806972,1,0
77.567846356,1,1
77.567888006,1,0
77.567889196,0,0
77.567929178,0,1
77.567971816,0,0
77.568012990,0,1
77.568055624,0,0
77.568096800,0,1
77.568139438,0,0
77.568180614,0,1
77.568223258,0,0
77.568264434,0,1
77.568308552,0,0
77.568349728,0,1
77.568388914,0,0
77.568390732,1,0
77.568430080,1,1
77.568463368,0,1
77.568476660,0,0
77.568517830,0,1
77.568541090,1,1
77.568880054,0,1
77.568891884,0,0
77.568934594,0,1
77.568976304,0,0
77.569017540,0,1
77.569040836,1,1
77.569060234,1,0
77.569101466,1,1
77.569122958,0,1
77.569143186,0,0
77.569184424,0,1
77.569207722,1,1
77.569227124,1,0
77.569268360,1,1
77.569311066,1,0
77.569352294,1,1
77.569395000,1,0
77.569436230,1,1
77.569478920,1,0
77.569520152,1,1
77.569562866,1,0
77.569606580,1,1
77.569649288,1,0
77.569687560,1,1
77.569730264,1,0
77.569774952,1,1
77.569788438,1,0
77.569789692,1,1
77.584175754,0,1
77.584187590,0,0
77.584230320,0,1
77.584272046,0,0
77.584313294,0,1
77.584355016,0,0
77.584396264,0,1
77.584437986,0,0
77.584479230,0,1
77.584520958,0,0
77.584562198,0,1
77.584585500,1,1
77.584604906,1,0
77.584646146,1,1
77.584688856,1,0
77.584730098,1,1
77.584772808,1,0
77.584814044,1,1
77.584856754,1,0
77.584900462,1,1
77.584943172,1,0
77.584981452,1,1
77.585024162,1,0
77.585068856,1,1
77.588708922,0,1
77.588720758,0,0
77.588763482,0,1
77.588805204,0,0
77.588846448,0,1
77.588888170,0,0
77.588929414,0,1
77.588952718,1,1
77.588972120,1,0
77.589013362,1,1
77.589056078,1,0
77.589097320,1,1
77.589118820,0,1
77.589139050,0,0
77.589180294,0,1
77.589203600,1,1
77.589223010,1,0
77.589264252,1,1
77.589285748,0,1
77.589305980,0,0
77.589347228,0,1
77.589388952,0,0
77.589432670,0,1
77.589474396,0,0
77.589512678,0,1
77.589535984,1,1
77.589555390,1,0
77.589600090,1,1
77.597297644,1,0
77.602290516,1,1
77.608093362,0,1
77.608105196,0,0
77.608147924,0,1
77.608189652,0,0
77.608230906,0,1
77.608272632,0,0
77.608313884,0,1
77.608337194,1,1
77.608356600,1,0
77.608397846,1,1
77.608440564,1,0
77.608481810,1,1
77.608503310,0,1
77.608523542,0,0
77.608564792,0,1
77.608588100,1,1
77.608607506,1,0
77.608648748,1,1
77.608670246,0,1
77.608690476,0,0
77.608731722,0,1
77.608773446,0,0
77.608817160,0,1
77.608858894,0,0
77.608897184,0,1
77.608920490,1,1
77.608939898,1,0
77.608984604,1,1
77.609002602,1,0
77.610289644,1,1
77.707050796,1,0
77.707323968,0,0
77.708099290,0,1
77.708701142,0,0
77.708702958,1,0
77.708742400,1,1
77.708784130,1,0
77.708785198,0,0
77.708825388,0,1
77.708868108,0,0
77.708870050,1,0
77.708909360,1,1
77.708951090,1,0
77.708992342,1,1
77.709034076,1,0
77.709035834,0,0
77.709075338,0,1
77.709118060,0,0
77.709119686,1,0
77.709159314,1,1
77.709201042,1,0
77.709242296,1,1
77.709284032,1,0
77.709325284,1,1
77.709368500,1,0
77.709409756,1,1
77.709452476,1,0
77.709493726,1,1
77.709527084,0,1
77.709540404,0,0
77.709581668,0,1
77.709604984,1,1
77.709877334,0,1
77.709889172,0,0
77.709931908,0,1
77.709973636,0,0
77.710014894,0,1
77.710038206,1,1
77.710057616,1,0
77.710098866,1,1
77.710120366,0,1
77.710140602,0,0
77.710181862,0,1
77.710205176,1,1
77.710224586,1,0
77.710265840,1,1
77.710308566,1,0
77.710349818,1,1
77.710392536,1,0
77.710433786,1,1
77.710476490,1,0
77.710517732,1,1
77.710560454,1,0
77.710604186,1,1
77.710646906,1,0
77.710685190,1,1
77.710727910,1,0
77.710772616,1,1
77.710785314,1,0
77.711058574,0,0
77.711833826,0,1
77.711881744,0,0
77.711923014,0,1
77.711965742,0,0
77.712007014,0,1
77.712049744,0,0
77.712091008,0,1
77.712133738,0,0
77.712175010,0,1
77.712217740,0,0
77.712259012,0,1
77.712301744,0,0
77.712343014,0,1
77.712385742,0,0
77.712427014,0,1
77.712469740,0,0
77.712511010,0,1
77.712555222,0,0
77.712557366,1,0
77.712596482,1,1
77.712639208,1,0
77.712680468,1,1
77.712713822,0,1
77.712727142,0,0
77.712768404,0,1
77.712791720,1,1
77.713135486,0,1
77.713147306,0,0
77.713189976,0,1
77.713231648,0,0
77.713272834,0,1
77.713296108,1,1
77.713315486,1,0
77.713356668,1,1
77.713378134,0,1
77.713398334,0,0
77.713439518,0,1
77.713462788,1,1
77.713482164,1,0
77.713523342,1,1
77.713565990,1,0
77.713607172,1,1
77.713649820,1,0
77.713690998,1,1
77.713733648,1,0
77.713774826,1,1
77.713817472,1,0
77.713861116,1,1
77.713903760,1,0
77.713941976,1,1
77.713984624,1,0
77.714029252,1,1
77.714044636,1,0
77.714045890,1,1
77.759768860,0,1
77.759780674,0,0
77.759823320,0,1
77.759864968,0,0
77.759906134,0,1
77.759947782,0,0
77.759988950,0,1
77.760030600,0,0
77.760071768,0,1
77.760113420,0,0
77.760154590,0,1
77.760177850,1,1
77.760197222,1,0
77.760238392,1,1
77.760281028,1,0
77.760322192,1,1
77.760364828,1,0
77.760405992,1,1
77.760448624,1,0
77.760492252,1,1
77.760534888,1,0
77.760573092,1,1
77.760615726,1,0
77.760660342,1,1
77.764293074,0,1
77.764304888,0,0
77.764347538,0,1
77.764370802,1,1
77.764390174,1,0
77.764431342,1,1
77.764452800,0,1
77.764472994,0,0
77.764514162,0,1
77.764537422,1,1
77.764556794,1,0
77.764597958,1,1
77.764619416,0,1
77.764639610,0,0
77.764680780,0,1
77.764704042,1,1
77.764723414,1,0
77.764764578,1,1
77.764807214,1,0
77.764848380,1,1
77.764869838,0,1
77.764890032,0,0
77.764931202,0,1
77.764972854,0,0
77.765016488,0,1
77.765039748,1,1
77.765059120,1,0
77.765097330,1,1
77.765139968,1,0
77.765184582,1,1
77.772434852,1,0
77.778289572,1,1
77.792605012,0,1
77.792616824,0,0
77.792659462,0,1
77.792701106,0,0
77.792742270,0,1
77.792783914,0,0
77.792825076,0,1
77.792866720,0,0
77.792907882,0,1
77.792949532,0,0
77.792990712,0,1
77.793013974,1,1
77.793033346,1,0
77.793074510,1,1
77.793117146,1,0
77.793158306,1,1
77.793200938,1,0
77.793242102,1,1
77.793284734,1,0
77.793328360,1,1
77.793370990,1,0
77.793409194,1,1
77.793451822,1,0
77.793496430,1,1
77.797129726,0,1
77.797141538,0,0
77.797184182,0,1
77.797225838,0,0
77.797267006,0,1
77.797308656,0,0
77.797349830,0,1
77.797373088,1,1
77.797392460,1,0
77.797433624,1,1
77.797476258,1,0
77.797517420,1,1
77.797538882,0,1
77.797559074,0,0
77.797600244,0,1
77.797623506,1,1
77.797642876,1,0
77.797684038,1,1
77.797705496,0,1
77.797725690,0,0
77.797766854,0,1
77.797808502,0,0
77.797852134,0,1
77.797893782,0,0
77.797931988,0,1
77.797955246,1,1
77.797974620,1,0
77.798019232,1,1
77.805384028,1,0
77.810289682,1,1
100.076093440,1,1
