Time [s],Channel 0,Channel 1
0.000000000,1,1
19.480040326,0,1
19.480052124,0,0
19.480094710,0,1
19.480136312,0,0
19.480177424,0,1
19.480219022,0,0
19.480260132,0,1
19.480283360,1,1
19.480302718,1,0
19.480343824,1,1
19.480365264,0,1
19.480385432,0,0
19.480426542,0,1
19.480449770,1,1
19.480469126,1,0
19.480510230,1,1
19.480552818,1,0
19.480593918,1,1
19.480615360,0,1
19.480635530,0,0
19.480676648,0,1
19.480718258,0,0
19.480761834,0,1
19.480803442,0,0
19.480841600,0,1
19.480864828,1,1
19.480884184,1,0
19.480928736,1,1
19.480946502,1,0
19.488718430,1,1
19.491269458,0,1
19.491281258,0,0
19.491323840,0,1
19.491347072,1,1
19.491366428,1,0
19.491407534,1,1
19.491450122,1,0
19.491491228,1,1
19.491512666,0,1
19.491532836,0,0
19.491573956,0,1
19.491597196,1,1
19.491616558,1,0
19.491657682,1,1
19.491679130,0,1
19.491699308,0,0
19.491740438,0,1
19.491763682,1,1
19.491783048,1,0
19.491824178,1,1
19.491845624,0,1
19.491865798,0,0
19.491906924,0,1
19.491948544,0,0
19.491992134,0,1
19.492015376,1,1
19.492034740,1,0
19.492072908,1,1
19.492072912,1,0
19.492072916,1,1
19.492115518,1,0
19.492160090,1,1
19.492178316,1,0
19.496717752,1,1
19.548668076,0,1
19.548679874,0,0
19.548722464,0,1
19.548764064,0,0
19.548805180,0,1
19.548846782,0,0
19.548887892,0,1
19.548929500,0,0
19.548970614,0,1
19.549012214,0,0
19.549053322,0,1
19.549076556,1,1
19.549095912,1,0
19.549137020,1,1
19.549179604,1,0
19.549220706,1,1
19.549263296,1,0
19.549304404,1,1
19.549346998,1,0
19.549390564,1,1
19.549433148,1,0
19.549471298,1,1
19.549513882,1,0
19.549558426,1,1
19.553187210,0,1
19.553199006,0,0
19.553241588,0,1
19.553283190,0,0
19.553324298,0,1
19.553365898,0,0
19.553407010,0,1
19.553430240,1,1
19.553449596,1,0
19.553490700,1,1
19.553512136,0,1
19.553532302,0,0
19.553573406,0,1
19.553596636,1,1
19.553615988,1,0
19.553657092,1,1
19.553699678,1,0
19.553740780,1,1
19.553762216,0,1
19.553782384,0,0
19.553823490,0,1
19.553865090,0,0
19.553908658,0,1
19.553950260,0,0
19.553988412,0,1
19.554011640,1,1
19.554030996,1,0
19.554075546,1,1
19.557703458,0,1
19.557715256,0,0
19.557757840,0,1
19.557799438,0,0
19.557840546,0,1
19.557882152,0,0
19.557923256,0,1
19.557964858,0,0
19.558005966,0,1
19.558047570,0,0
19.558088680,0,1
19.558111914,1,1
19.558131268,1,0
19.558172376,1,1
19.558214962,1,0
19.558256072,1,1
19.558298662,1,0
19.558339766,1,1
19.558382360,1,0
19.558425930,1,1
19.558468518,1,0
19.558506674,1,1
19.558549262,1,0
19.558593812,1,1
19.562221998,0,1
19.562233796,0,0
19.562276382,0,1
19.562299620,1,1
19.562318976,1,0
19.562360086,1,1
19.562402680,1,0
19.562443792,1,1
19.562465234,0,1
19.562485404,0,0
19.562526516,0,1
19.562549748,1,1
19.562569106,1,0
19.562610220,1,1
19.562631660,0,1
19.562651830,0,0
19.562692944,0,1
19.562716174,1,1
19.562735532,1,0
19.562776638,1,1
19.562798076,0,1
19.562818246,0,0
19.562859358,0,1
19.562900964,0,0
19.562944538,0,1
19.562967768,1,1
19.562987126,1,0
19.563025278,1,1
19.563067870,1,0
19.563112424,1,1
19.570853978,1,0
19.576717468,1,1
19.695345792,0,1
19.695357592,0,0
19.695400180,0,1
19.695441784,0,0
19.695482896,0,1
19.695524504,0,0
19.695565616,0,1
19.695588846,1,1
19.695608204,1,0
19.695649312,1,1
19.695670752,0,1
19.695690920,0,0
19.695732032,0,1
19.695755262,1,1
19.695774618,1,0
19.695815726,1,1
19.695858314,1,0
19.695899424,1,1
19.695920862,0,1
19.695941032,0,0
19.695982146,0,1
19.696023752,0,0
19.696067326,0,1
19.696108934,0,0
19.696147090,0,1
19.696170320,1,1
19.696189680,1,0
19.696234232,1,1
19.696252026,1,0
19.696718526,1,1
19.699862592,0,1
19.699874390,0,0
19.699916978,0,1
19.699940206,1,1
19.699959562,1,0
19.700000668,1,1
19.700043258,1,0
19.700084366,1,1
19.700105806,0,1
19.700125972,0,0
19.700167082,0,1
19.700208690,0,0
19.700249814,0,1
19.700273058,1,1
19.700292424,1,0
19.700333560,1,1
19.700376172,1,0
19.700417288,1,1
19.700438730,0,1
19.700458900,0,0
19.700500014,0,1
19.700541618,0,0
19.700585192,0,1
19.700608426,1,1
19.700627782,1,0
19.700665938,1,1
19.700708532,1,0
19.700753092,1,1
19.700771648,1,0
19.704710566,1,1
19.717437160,0,1
19.717448958,0,0
19.717491548,0,1
19.717533156,0,0
19.717574268,0,1
19.717615876,0,0
19.717656990,0,1
19.717698598,0,0
19.717739710,0,1
19.717781318,0,0
19.717822428,0,1
19.717845660,1,1
19.717865016,1,0
19.717906128,1,1
19.717948718,1,0
19.717989828,1,1
19.718032426,1,0
19.718073534,1,1
19.718116126,1,0
19.718159696,1,1
19.718202286,1,0
19.718240436,1,1
19.718283026,1,0
19.718327582,1,1
19.721955660,0,1
19.721967460,0,0
19.722010044,0,1
19.722033276,1,1
19.722052630,1,0
19.722093740,1,1
19.722136328,1,0
19.722177436,1,1
19.722198876,0,1
19.722219046,0,0
19.722260156,0,1
19.722301760,0,0
19.722342870,0,1
19.722366102,1,1
19.722385458,1,0
19.722426566,1,1
19.722469152,1,0
19.722510258,1,1
19.722531698,0,1
19.722551864,0,0
19.722592976,0,1
19.722634584,0,0
19.722678158,0,1
19.722701390,1,1
19.722720748,1,0
19.722758904,1,1
19.722801494,1,0
19.722846044,1,1
19.729628888,0,1
19.729640686,0,0
19.729683274,0,1
19.729724880,0,0
19.729765992,0,1
19.729807598,0,0
19.729848710,0,1
19.729890318,0,0
19.729931436,0,1
19.729973044,0,0
19.730014158,0,1
19.730037388,1,1
19.730056744,1,0
19.730097852,1,1
19.730140446,1,0
19.730181556,1,1
19.730224148,1,0
19.730265254,1,1
19.730307852,1,0
19.730351428,1,1
19.730394020,1,0
19.730432174,1,1
19.730474766,1,0
19.730519322,1,1
19.734148508,0,1
19.734160306,0,0
19.734202890,0,1
19.734244492,0,0
19.734285606,0,1
19.734327216,0,0
19.734368334,0,1
19.734391566,1,1
19.734410924,1,0
19.734452032,1,1
19.734473474,0,1
19.734493642,0,0
19.734534758,0,1
19.734557988,1,1
19.734577346,1,0
19.734618454,1,1
19.734661046,1,0
19.734702156,1,1
19.734723594,0,1
19.734743764,0,0
19.734784878,0,1
19.734826488,0,0
19.734870064,0,1
19.734911668,0,0
19.734949828,0,1
19.734973062,1,1
19.734992418,1,0
19.735036972,1,1
19.742384052,1,0
19.744720184,1,1
19.809154070,0,1
19.809165868,0,0
19.809208450,0,1
19.809250054,0,0
19.809291162,0,1
19.809332770,0,0
19.809373880,0,1
19.809397110,1,1
19.809416464,1,0
19.809457562,1,1
19.809478998,0,1
19.809499166,0,0
19.809540272,0,1
19.809563496,1,1
19.809582852,1,0
19.809623958,1,1
19.809666544,1,0
19.809707644,1,1
19.809729084,0,1
19.809749252,0,0
19.809790364,0,1
19.809831960,0,0
19.809875528,0,1
19.809917132,0,0
19.809955286,0,1
19.809978518,1,1
19.809997874,1,0
19.810042430,1,1
19.810060360,1,0
19.816717108,1,1
19.855791564,0,1
19.855803362,0,0
19.855845944,0,1
19.855869174,1,1
19.855888528,1,0
19.855929634,1,1
19.855972220,1,0
19.856013324,1,1
19.856034760,0,1
19.856054928,0,0
19.856096032,0,1
19.856137634,0,0
19.856178744,0,1
19.856201972,1,1
19.856221324,1,0
19.856262426,1,1
19.856305016,1,0
19.856346126,1,1
19.856367564,0,1
19.856387730,0,0
19.856428842,0,1
19.856470446,0,0
19.856514020,0,1
19.856537248,1,1
19.856556606,1,0
19.856594760,1,1
19.856637358,1,0
19.856681918,1,1
19.856700276,1,0
19.864716042,1,1
19.875852636,0,1
19.875864436,0,0
19.875907022,0,1
19.875948624,0,0
19.875989742,0,1
19.876031348,0,0
19.876072456,0,1
19.876114066,0,0
19.876155180,0,1
19.876196784,0,0
19.876237902,0,1
19.876261132,1,1
19.876280488,1,0
19.876321604,1,1
19.876364198,1,0
19.876405310,1,1
19.876447900,1,0
19.876489010,1,1
19.876531602,1,0
19.876575170,1,1
19.876617764,1,0
19.876655918,1,1
19.876698508,1,0
19.876743068,1,1
19.880371118,0,1
19.880382916,0,0
19.880425504,0,1
19.880448736,1,1
19.880468092,1,0
19.880509196,1,1
19.880551786,1,0
19.880592892,1,1
19.880614334,0,1
19.880634506,0,0
19.880675628,0,1
19.880717242,0,0
19.880758358,0,1
19.880781588,1,1
19.880800948,1,0
19.880842058,1,1
19.880884646,1,0
19.880925752,1,1
19.880947196,0,1
19.880967364,0,0
19.881008476,0,1
19.881050078,0,0
19.881093658,0,1
19.881116886,1,1
19.881136240,1,0
19.881174394,1,1
19.881216982,1,0
19.881261536,1,1
19.889241412,1,0
19.896717062,1,1
19.899377210,0,1
19.899389006,0,0
19.899431594,0,1
19.899473196,0,0
19.899514308,0,1
19.899555910,0,0
19.899597022,0,1
19.899638622,0,0
19.899679740,0,1
19.899721358,0,0
19.899762472,0,1
19.899785704,1,1
19.899805062,1,0
19.899846174,1,1
19.899888762,1,0
19.899929868,1,1
19.899972456,1,0
19.900013560,1,1
19.900056152,1,0
19.900099720,1,1
19.900142310,1,0
19.900180462,1,1
19.900223054,1,0
19.900267606,1,1
19.903896698,0,1
19.903908496,0,0
19.903951078,0,1
19.903992676,0,0
19.904033784,0,1
19.904075386,0,0
19.904116496,0,1
19.904139730,1,1
19.904159082,1,0
19.904200188,1,1
19.904221626,0,1
19.904241794,0,0
19.904282904,0,1
19.904306136,1,1
19.904325490,1,0
19.904366594,1,1
19.904409184,1,0
19.904450288,1,1
19.904471724,0,1
19.904491892,0,0
19.904532998,0,1
19.904574606,0,0
19.904618174,0,1
19.904659786,0,0
19.904697952,0,1
19.904721180,1,1
19.904740538,1,0
19.904785092,1,1
19.912851778,1,0
19.920718016,1,1
19.973657428,0,1
19.973669232,0,0
19.973711830,0,1
19.973753448,0,0
19.973794574,0,1
19.973836194,0,0
19.973877322,0,1
19.973900566,1,1
19.973919928,1,0
19.973961046,1,1
19.973982496,0,1
19.974002672,0,0
19.974043800,0,1
19.974067040,1,1
19.974086400,1,0
19.974127526,1,1
19.974170132,1,0
19.974211252,1,1
19.974232694,0,1
19.974252866,0,0
19.974293984,0,1
19.974335592,0,0
19.974379172,0,1
19.974420780,0,0
19.974458938,0,1
19.974482166,1,1
19.974501524,1,0
19.974546084,1,1
19.974563610,1,0
19.976716996,1,1
19.987398360,0,1
19.987410158,0,0
19.987452750,0,1
19.987475980,1,1
19.987495338,1,0
19.987536450,1,1
19.987579038,1,0
19.987620150,1,1
19.987641592,0,1
19.987661762,0,0
19.987702872,0,1
19.987726106,1,1
19.987745462,1,0
19.987786572,1,1
19.987808014,0,1
19.987828182,0,0
19.987869298,0,1
19.987892528,1,1
19.987911884,1,0
19.987952992,1,1
19.987974432,0,1
19.987994600,0,0
19.988035710,0,1
19.988077320,0,0
19.988120896,0,1
19.988144126,1,1
19.988163484,1,0
19.988201640,1,1
19.988244228,1,0
19.988288784,1,1
19.988307048,1,0
19.992716498,1,1
20.045410834,0,1
20.045422632,0,0
20.045465222,0,1
20.045506828,0,0
20.045547942,0,1
20.045589548,0,0
20.045630662,0,1
20.045672268,0,0
20.045713384,0,1
20.045754992,0,0
20.045796108,0,1
20.045819338,1,1
20.045838694,1,0
20.045879800,1,1
20.045922390,1,0
20.045963500,1,1
20.046006094,1,0
20.046047200,1,1
20.046089790,1,0
20.046133360,1,1
20.046175946,1,0
20.046214096,1,1
20.046256692,1,0
20.046301252,1,1
20.049930334,0,1
20.049942138,0,0
20.049984742,0,1
20.050026366,0,0
20.050067498,0,1
20.050109108,0,0
20.050150226,0,1
20.050173460,1,1
20.050192818,1,0
20.050233922,1,1
20.050255364,0,1
20.050275534,0,0
20.050316650,0,1
20.050339880,1,1
20.050359236,1,0
20.050400346,1,1
20.050442942,1,0
20.050484048,1,1
20.050505490,0,1
20.050525660,0,0
20.050566772,0,1
20.050608380,0,0
20.050651956,0,1
20.050693572,0,0
20.050731730,0,1
20.050754964,1,1
20.050774318,1,0
20.050818878,1,1
20.058692886,1,0
20.064716338,1,1
20.066358786,0,1
20.066370584,0,0
20.066413170,0,1
20.066454774,0,0
20.066495888,0,1
20.066537494,0,0
20.066578606,0,1
20.066620210,0,0
20.066661322,0,1
20.066702926,0,0
20.066744036,0,1
20.066767264,1,1
20.066786618,1,0
20.066827724,1,1
20.066870310,1,0
20.066911416,1,1
20.066954008,1,0
20.066995120,1,1
20.067037708,1,0
20.067081280,1,1
20.067123872,1,0
20.067162022,1,1
20.067204610,1,0
20.067249162,1,1
20.070877084,0,1
20.070888882,0,0
20.070931466,0,1
20.070954692,1,1
20.070974044,1,0
20.071015148,1,1
20.071057734,1,0
20.071098836,1,1
20.071120276,0,1
20.071140444,0,0
20.071181552,0,1
20.071204782,1,1
20.071224134,1,0
20.071265242,1,1
20.071286680,0,1
20.071306852,0,0
20.071347962,0,1
20.071371194,1,1
20.071390548,1,0
20.071431654,1,1
20.071453092,0,1
20.071473258,0,0
20.071514370,0,1
20.071555972,0,0
20.071599546,0,1
20.071622772,1,1
20.071642130,1,0
20.071680284,1,1
20.071722868,1,0
20.071767416,1,1
20.079224774,1,0
20.080717846,1,1
20.193894616,0,1
20.193906416,0,0
20.193949004,0,1
20.193990608,0,0
20.194031718,0,1
20.194073326,0,0
20.194114438,0,1
20.194137666,1,1
20.194157022,1,0
20.194198132,1,1
20.194219574,0,1
20.194239746,0,0
20.194280860,0,1
20.194304094,1,1
20.194323452,1,0
20.194364560,1,1
20.194407148,1,0
20.194448258,1,1
20.194469702,0,1
20.194489872,0,0
20.194530984,0,1
20.194572596,0,0
20.194616178,0,1
20.194657784,0,0
20.194695946,0,1
20.194719178,1,1
20.194738538,1,0
20.194783096,1,1
20.194801666,1,0
20.200717070,1,1
20.201327266,0,1
20.201339066,0,0
20.201381660,0,1
20.201404892,1,1
20.201424248,1,0
20.201465360,1,1
20.201507954,1,0
20.201549066,1,1
20.201570508,0,1
20.201590678,0,0
20.201631798,0,1
20.201655030,1,1
20.201674386,1,0
20.201715496,1,1
20.201736940,0,1
20.201757112,0,0
20.201798226,0,1
20.201821460,1,1
20.201840818,1,0
20.201881928,1,1
20.201903370,0,1
20.201923542,0,0
20.201964654,0,1
20.202006262,0,0
20.202049842,0,1
20.202073072,1,1
20.202092434,1,0
20.202130592,1,1
20.202173184,1,0
20.202217740,1,1
20.202234866,1,0
20.208716764,1,1
20.216413666,0,1
20.216425464,0,0
20.216468054,0,1
20.216509660,0,0
20.216550774,0,1
20.216592382,0,0
20.216633500,0,1
20.216675114,0,0
20.216716234,0,1
20.216757844,0,0
20.216798960,0,1
20.216822196,1,1
20.216841554,1,0
20.216882664,1,1
20.216925256,1,0
20.216966368,1,1
20.217008960,1,0
20.217050070,1,1
20.217092662,1,0
20.217136234,1,1
20.217178826,1,0
20.217216982,1,1
20.217259570,1,0
20.217304130,1,1
20.220933672,0,1
20.220945472,0,0
20.220988066,0,1
20.221011298,1,1
20.221030656,1,0
20.221071770,1,1
20.221114364,1,0
20.221155480,1,1
20.221176920,0,1
20.221197090,0,0
20.221238208,0,1
20.221261440,1,1
20.221280798,1,0
20.221321916,1,1
20.221343360,0,1
20.221363532,0,0
20.221404650,0,1
20.221427882,1,1
20.221447240,1,0
20.221488352,1,1
20.221509796,0,1
20.221529966,0,0
20.221571084,0,1
20.221612696,0,0
20.221656276,0,1
20.221679510,1,1
20.221698870,1,0
20.221737030,1,1
20.221779624,1,0
20.221824186,1,1
20.228607900,0,1
20.228619700,0,0
20.228662292,0,1
20.228703898,0,0
20.228745016,0,1
20.228786624,0,0
20.228827740,0,1
20.228869346,0,0
20.228910460,0,1
20.228952066,0,0
20.228993178,0,1
20.229016410,1,1
20.229035768,1,0
20.229076880,1,1
20.229119470,1,0
20.229160576,1,1
20.229203170,1,0
20.229244276,1,1
20.229286870,1,0
20.229330446,1,1
20.229373038,1,0
20.229411192,1,1
20.229453784,1,0
20.229498338,1,1
20.233127674,0,1
20.233139472,0,0
20.233182062,0,1
20.233223668,0,0
20.233264786,0,1
20.233306396,0,0
20.233347512,0,1
20.233370744,1,1
20.233390102,1,0
20.233431212,1,1
20.233452654,0,1
20.233472826,0,0
20.233513942,0,1
20.233537170,1,1
20.233556528,1,0
20.233597642,1,1
20.233640238,1,0
20.233681352,1,1
20.233702792,0,1
20.233722962,0,0
20.233764076,0,1
20.233805688,0,0
20.233849262,0,1
20.233890874,0,0
20.233929034,0,1
20.233952270,1,1
20.233971628,1,0
20.234016188,1,1
20.241503442,1,0
20.248717390,1,1
20.302791222,0,1
20.302803020,0,0
20.302845608,0,1
20.302887214,0,0
20.302928322,0,1
20.302969926,0,0
20.303011040,0,1
20.303034270,1,1
20.303053624,1,0
20.303094736,1,1
20.303116178,0,1
20.303136350,0,0
20.303177458,0,1
20.303200688,1,1
20.303220042,1,0
20.303261148,1,1
20.303303736,1,0
20.303344840,1,1
20.303366280,0,1
20.303386448,0,0
20.303427556,0,1
20.303469160,0,0
20.303512740,0,1
20.303554346,0,0
20.303592506,0,1
20.303615736,1,1
20.303635094,1,0
20.303679652,1,1
20.303698434,1,0
20.304717532,1,1
20.310934516,0,1
20.310946314,0,0
20.310988902,0,1
20.311012136,1,1
20.311031492,1,0
20.311072600,1,1
20.311115192,1,0
20.311156302,1,1
20.311177742,0,1
20.311197910,0,0
20.311239024,0,1
20.311262256,1,1
20.311281614,1,0
20.311322728,1,1
20.311344168,0,1
20.311364338,0,0
20.311405454,0,1
20.311428688,1,1
20.311448042,1,0
20.311489148,1,1
20.311510590,0,1
20.311530760,0,0
20.311571872,0,1
20.311613476,0,0
20.311657054,0,1
20.311680284,1,1
20.311699638,1,0
20.311737790,1,1
20.311780380,1,0
20.311824932,1,1
20.311842396,1,0
20.312716752,1,1
20.392176278,0,1
20.392188074,0,0
20.392230656,0,1
20.392272260,0,0
20.392313376,0,1
20.392354980,0,0
20.392396106,0,1
20.392437724,0,0
20.392478846,0,1
20.392520458,0,0
20.392561572,0,1
20.392584808,1,1
20.392604166,1,0
20.392645280,1,1
20.392687876,1,0
20.392728984,1,1
20.392771576,1,0
20.392812682,1,1
20.392855274,1,0
20.392898846,1,1
20.392941436,1,0
20.392979584,1,1
20.393022176,1,0
20.393066730,1,1
20.396695660,0,1
20.396707460,0,0
20.396750044,0,1
20.396791648,0,0
20.396832758,0,1
20.396874360,0,0
20.396915468,0,1
20.396938698,1,1
20.396958054,1,0
20.396999160,1,1
20.397020598,0,1
20.397040766,0,0
20.397081872,0,1
20.397105106,1,1
20.397124462,1,0
20.397165568,1,1
20.397208156,1,0
20.397249266,1,1
20.397270704,0,1
20.397290874,0,0
20.397331988,0,1
20.397373598,0,0
20.397417174,0,1
20.397458778,0,0
20.397496938,0,1
20.397520168,1,1
20.397539522,1,0
20.397584072,1,1
20.404821598,1,0
20.408716144,1,1
20.412098336,0,1
20.412110134,0,0
20.412152722,0,1
20.412194326,0,0
20.412235440,0,1
20.412277046,0,0
20.412318170,0,1
20.412359776,0,0
20.412400890,0,1
20.412442500,0,0
20.412483614,0,1
20.412506846,1,1
20.412526202,1,0
20.412567314,1,1
20.412609908,1,0
20.412651016,1,1
20.412693610,1,0
20.412734720,1,1
20.412777306,1,0
20.412820878,1,1
20.412863468,1,0
20.412901618,1,1
20.412944210,1,0
20.412988766,1,1
20.416616954,0,1
20.416628754,0,0
20.416671346,0,1
20.416694580,1,1
20.416713938,1,0
20.416755052,1,1
20.416797644,1,0
20.416838756,1,1
20.416860194,0,1
20.416880364,0,0
20.416921476,0,1
20.416944706,1,1
20.416964062,1,0
20.417005168,1,1
20.417026610,0,1
20.417046790,0,0
20.417087922,0,1
20.417111168,1,1
20.417130536,1,0
20.417171664,1,1
20.417193108,0,1
20.417213280,0,0
20.417254396,0,1
20.417296008,0,0
20.417339588,0,1
20.417362820,1,1
20.417382174,1,0
20.417420334,1,1
20.417462926,1,0
20.417507476,1,1
20.425357874,1,0
20.432716642,1,1
20.486298548,0,1
20.486310350,0,0
20.486352940,0,1
20.486394548,0,0
20.486435658,0,1
20.486477266,0,0
20.486518384,0,1
20.486541614,1,1
20.486560972,1,0
20.486602084,1,1
20.486623524,0,1
20.486643694,0,0
20.486684806,0,1
20.486708038,1,1
20.486727396,1,0
20.486768502,1,1
20.486768504,1,0
20.486768508,1,1
20.486811096,1,0
20.486852202,1,1
20.486873642,0,1
20.486893812,0,0
20.486934924,0,1
20.486976528,0,0
20.487020106,0,1
20.487061708,0,0
20.487099868,0,1
20.487123096,1,1
20.487142454,1,0
20.487187006,1,1
20.487204608,1,0
20.488716936,1,1
20.544851192,0,1
20.544862990,0,0
20.544905574,0,1
20.544928804,1,1
20.544948160,1,0
20.544989262,1,1
20.544989268,1,0
20.544989272,1,1
20.545031846,1,0
20.545072950,1,1
20.545094392,0,1
20.545114560,0,0
20.545155670,0,1
20.545178900,1,1
20.545198256,1,0
20.545239364,1,1
20.545260800,0,1
20.545280968,0,0
20.545322078,0,1
20.545345308,1,1
20.545364664,1,0
20.545405764,1,1
20.545427196,0,1
20.545447356,0,0
20.545488452,0,1
20.545530038,0,0
20.545573586,0,1
20.545596812,1,1
20.545616162,1,0
20.545654298,1,1
20.545696868,1,0
20.545741406,1,1
20.545758908,1,0
20.552715888,1,1
20.578471232,0,1
20.578483032,0,0
20.578525622,0,1
20.578567228,0,0
20.578608342,0,1
20.578649950,0,0
20.578691068,0,1
20.578732676,0,0
20.578773792,0,1
20.578815398,0,0
20.578856512,0,1
20.578879744,1,1
20.578899104,1,0
20.578940216,1,1
20.578982810,1,0
20.579023916,1,1
20.579066508,1,0
20.579107616,1,1
20.579150208,1,0
20.579193780,1,1
20.579236370,1,0
20.579274524,1,1
20.579317126,1,0
20.579361680,1,1
20.582990224,0,1
20.583002022,0,0
20.583044612,0,1
20.583067842,1,1
20.583087200,1,0
20.583128312,1,1
20.583170902,1,0
20.583212012,1,1
20.583233454,0,1
20.583253624,0,0
20.583294736,0,1
20.583317972,1,1
20.583337330,1,0
20.583378438,1,1
20.583399880,0,1
20.583420050,0,0
20.583461162,0,1
20.583484392,1,1
20.583503750,1,0
20.583544858,1,1
20.583566300,0,1
20.583586472,0,0
20.583627586,0,1
20.583669194,0,0
20.583712766,0,1
20.583736002,1,1
20.583755358,1,0
20.583793514,1,1
20.583836108,1,0
20.583880664,1,1
20.591743634,1,0
20.592718004,1,1
20.600969008,0,1
20.600980806,0,0
20.601023392,0,1
20.601065000,0,0
20.601106108,0,1
20.601147716,0,0
20.601188832,0,1
20.601230440,0,0
20.601271552,0,1
20.601313164,0,0
20.601354280,0,1
20.601377510,1,1
20.601396868,1,0
20.601437978,1,1
20.601480574,1,0
20.601521684,1,1
20.601564272,1,0
20.601605382,1,1
20.601647974,1,0
20.601691548,1,1
20.601734142,1,0
20.601772298,1,1
20.601814886,1,0
20.601859442,1,1
20.605488754,0,1
20.605500560,0,0
20.605543174,0,1
20.605584798,0,0
20.605625932,0,1
20.605667558,0,0
20.605708696,0,1
20.605731946,1,1
20.605751314,1,0
20.605792458,1,1
20.605813910,0,1
20.605834084,0,0
20.605875200,0,1
20.605898438,1,1
20.605917796,1,0
20.605958910,1,1
20.606001500,1,0
20.606042612,1,1
20.606064052,0,1
20.606084222,0,0
20.606125334,0,1
20.606166940,0,0
20.606210514,0,1
20.606252118,0,0
20.606290276,0,1
20.606313512,1,1
20.606332872,1,0
20.606377426,1,1
20.614342704,1,0
20.616719932,1,1
20.685825156,0,1
20.685836952,0,0
20.685879536,0,1
20.685921136,0,0
20.685962246,0,1
20.686003848,0,0
20.686044956,0,1
20.686068186,1,1
20.686087540,1,0
20.686128644,1,1
20.686150082,0,1
20.686170246,0,0
20.686211352,0,1
20.686234578,1,1
20.686253932,1,0
20.686295036,1,1
20.686337630,1,0
20.686378740,1,1
20.686400178,0,1
20.686420348,0,0
20.686461456,0,1
20.686503062,0,0
20.686546640,0,1
20.686588242,0,0
20.686626404,0,1
20.686649636,1,1
20.686668992,1,0
20.686713544,1,1
20.686731024,1,0
20.688716208,1,1
20.707426026,0,1
20.707437824,0,0
20.707480416,0,1
20.707503646,1,1
20.707523000,1,0
20.707564106,1,1
20.707606702,1,0
20.707647812,1,1
20.707669252,0,1
20.707689422,0,0
20.707730536,0,1
20.707753766,1,1
20.707773126,1,0
20.707814234,1,1
20.707835676,0,1
20.707855846,0,0
20.707896962,0,1
20.707920194,1,1
20.707939548,1,0
20.707980660,1,1
20.708002102,0,1
20.708022272,0,0
20.708063386,0,1
20.708104990,0,0
20.708148568,0,1
20.708171802,1,1
20.708191160,1,0
20.708229318,1,1
20.708271912,1,0
20.708316472,1,1
20.708334736,1,0
20.712715456,1,1
20.773756424,0,1
20.773768220,0,0
20.773810802,0,1
20.773852408,0,0
20.773893518,0,1
20.773935126,0,0
20.773976232,0,1
20.774017834,0,0
20.774058942,0,1
20.774100548,0,0
20.774141654,0,1
20.774164884,1,1
20.774184238,1,0
20.774225344,1,1
20.774267932,1,0
20.774309042,1,1
20.774351630,1,0
20.774392736,1,1
20.774435318,1,0
20.774478884,1,1
20.774521470,1,0
20.774559616,1,1
20.774602202,1,0
20.774646750,1,1
20.778274904,0,1
20.778286704,0,0
20.778329296,0,1
20.778352528,1,1
20.778371886,1,0
20.778412996,1,1
20.778455590,1,0
20.778496696,1,1
20.778518140,0,1
20.778538310,0,0
20.778579426,0,1
20.778602656,1,1
20.778622016,1,0
20.778663128,1,1
20.778684572,0,1
20.778704742,0,0
20.778745862,0,1
20.778769094,1,1
20.778788452,1,0
20.778829562,1,1
20.778851002,0,1
20.778871170,0,0
20.778912280,0,1
20.778953890,0,0
20.778997466,0,1
20.779020696,1,1
20.779040054,1,0
20.779078212,1,1
20.779120800,1,0
20.779165356,1,1
20.786907726,1,0
20.792715978,1,1
20.796254484,0,1
20.796266284,0,0
20.796308874,0,1
20.796350490,0,0
20.796391610,0,1
20.796433220,0,0
20.796474336,0,1
20.796515944,0,0
20.796557054,0,1
20.796598660,0,0
20.796639774,0,1
20.796663010,1,1
20.796682368,1,0
20.796723480,1,1
20.796766072,1,0
20.796807180,1,1
20.796849774,1,0
20.796890882,1,1
20.796933476,1,0
20.796977046,1,1
20.797019638,1,0
20.797057792,1,1
20.797100382,1,0
20.797144938,1,1
20.800774224,0,1
20.800786022,0,0
20.800828612,0,1
20.800870214,0,0
20.800911326,0,1
20.800952930,0,0
20.800994042,0,1
20.801017268,1,1
20.801036626,1,0
20.801077734,1,1
20.801099174,0,1
20.801119342,0,0
20.801160454,0,1
20.801183686,1,1
20.801203042,1,0
20.801244150,1,1
20.801286740,1,0
20.801327854,1,1
20.801349296,0,1
20.801369466,0,0
20.801410578,0,1
20.801452190,0,0
20.801495766,0,1
20.801537372,0,0
20.801575530,0,1
20.801598764,1,1
20.801618120,1,0
20.801662674,1,1
20.809499886,1,0
20.816716572,1,1
20.889109074,0,1
20.889120872,0,0
20.889163464,0,1
20.889205068,0,0
20.889246180,0,1
20.889287788,0,0
20.889328904,0,1
20.889352132,1,1
20.889371490,1,0
20.889412600,1,1
20.889434042,0,1
20.889454210,0,0
20.889495320,0,1
20.889518554,1,1
20.889537910,1,0
20.889579014,1,1
20.889621600,1,0
20.889662706,1,1
20.889684148,0,1
20.889704318,0,0
20.889745428,0,1
20.889787032,0,0
20.889830606,0,1
20.889872208,0,0
20.889910364,0,1
20.889933592,1,1
20.889952950,1,0
20.889997496,1,1
20.889997498,1,0
20.889997502,1,1
20.890015392,1,0
20.896715610,1,1
20.916123702,0,1
20.916135500,0,0
20.916178084,0,1
20.916201316,1,1
20.916220670,1,0
20.916261778,1,1
20.916304372,1,0
20.916345486,1,1
20.916366926,0,1
20.916387098,0,0
20.916428214,0,1
20.916451446,1,1
20.916470802,1,0
20.916511910,1,1
20.916533352,0,1
20.916553520,0,0
20.916594628,0,1
20.916617860,1,1
20.916637214,1,0
20.916678322,1,1
20.916699760,0,1
20.916719926,0,0
20.916761036,0,1
20.916802642,0,0
20.916846218,0,1
20.916869444,1,1
20.916888802,1,0
20.916926960,1,1
20.916969554,1,0
20.917014108,1,1
20.917031306,1,0
20.920715512,1,1
20.995104720,0,1
20.995116518,0,0
20.995159100,0,1
20.995200704,0,0
20.995241812,0,1
20.995283412,0,0
20.995324526,0,1
20.995366132,0,0
20.995407244,0,1
20.995448848,0,0
20.995489954,0,1
20.995513184,1,1
20.995532538,1,0
20.995573646,1,1
20.995616236,1,0
20.995657338,1,1
20.995699930,1,0
20.995741036,1,1
20.995783624,1,0
20.995827186,1,1
20.995869776,1,0
20.995907924,1,1
20.995950512,1,0
20.995995060,1,1
20.995995062,1,0
20.995995066,1,1
20.999623020,0,1
20.999634820,0,0
20.999677416,0,1
20.999700650,1,1
20.999720008,1,0
20.999761120,1,1
20.999803714,1,0
20.999844820,1,1
20.999866258,0,1
20.999886426,0,0
20.999927536,0,1
20.999950768,1,1
20.999970122,1,0
21.000011232,1,1
21.000032670,0,1
21.000052840,0,0
21.000093946,0,1
21.000117176,1,1
21.000136530,1,0
21.000177638,1,1
21.000199076,0,1
21.000219244,0,0
21.000260352,0,1
21.000301956,0,0
21.000345532,0,1
21.000368764,1,1
21.000388120,1,0
21.000426276,1,1
21.000468862,1,0
21.000513412,1,1
21.007730642,1,0
21.008716452,1,1
21.022750844,0,1
21.022762642,0,0
21.022805232,0,1
21.022846838,0,0
21.022887954,0,1
21.022929560,0,0
21.022970678,0,1
21.023012286,0,0
21.023053400,0,1
21.023095010,0,0
21.023136126,0,1
21.023159358,1,1
21.023178716,1,0
21.023219830,1,1
21.023262424,1,0
21.023303532,1,1
21.023346126,1,0
21.023387236,1,1
21.023429828,1,0
21.023473398,1,1
21.023515992,1,0
21.023554148,1,1
21.023596742,1,0
21.023641298,1,1
21.027270540,0,1
21.027282338,0,0
21.027324930,0,1
21.027366532,0,0
21.027407644,0,1
21.027449250,0,0
21.027490360,0,1
21.027513590,1,1
21.027532950,1,0
21.027574060,1,1
21.027595500,0,1
21.027615668,0,0
21.027656776,0,1
21.027680008,1,1
21.027699366,1,0
21.027740474,1,1
21.027783062,1,0
21.027824170,1,1
21.027845612,0,1
21.027865782,0,0
21.027906892,0,1
21.027948496,0,0
21.027992070,0,1
21.028033674,0,0
21.028071834,0,1
21.028095064,1,1
21.028114422,1,0
21.028158974,1,1
21.035464890,1,0
21.040717024,1,1
21.112940570,0,1
21.112952368,0,0
21.112994954,0,1
21.113036556,0,0
21.113077662,0,1
21.113119264,0,0
21.113160374,0,1
21.113183602,1,1
21.113202960,1,0
21.113244066,1,1
21.113265504,0,1
21.113285674,0,0
21.113326788,0,1
21.113350016,1,1
21.113369372,1,0
21.113410478,1,1
21.113453064,1,0
21.113494162,1,1
21.113515604,0,1
21.113535770,0,0
21.113576880,0,1
21.113618484,0,0
21.113662058,0,1
21.113703664,0,0
21.113741818,0,1
21.113765046,1,1
21.113784402,1,0
21.113828952,1,1
21.113847032,1,0
21.120716306,1,1
21.225162582,0,1
21.225174380,0,0
21.225216968,0,1
21.225258570,0,0
21.225299684,0,1
21.225341294,0,0
21.225382410,0,1
21.225424014,0,0
21.225465130,0,1
21.225506736,0,0
21.225547850,0,1
21.225571082,1,1
21.225590438,1,0
21.225631552,1,1
21.225674140,1,0
21.225715248,1,1
21.225757844,1,0
21.225798952,1,1
21.225841542,1,0
21.225885110,1,1
21.225927698,1,0
21.225965852,1,1
21.226008442,1,0
21.226052994,1,1
21.229681952,0,1
21.229693750,0,0
21.229736330,0,1
21.229777932,0,0
21.229819042,0,1
21.229860644,0,0
21.229901754,0,1
21.229924984,1,1
21.229944340,1,0
21.229985442,1,1
21.230006880,0,1
21.230027048,0,0
21.230068158,0,1
21.230091388,1,1
21.230110740,1,0
21.230151842,1,1
21.230194430,1,0
21.230235534,1,1
21.230256974,0,1
21.230277138,0,0
21.230318250,0,1
21.230359854,0,0
21.230403424,0,1
21.230445028,0,0
21.230483186,0,1
21.230506414,1,1
21.230525768,1,0
21.230570318,1,1
21.237798634,1,0
21.240715402,1,1
21.320677766,0,1
21.320689566,0,0
21.320732154,0,1
21.320773762,0,0
21.320814878,0,1
21.320856480,0,0
21.320897590,0,1
21.320920820,1,1
21.320940176,1,0
21.320981280,1,1
21.321002716,0,1
21.321022886,0,0
21.321063998,0,1
21.321087228,1,1
21.321106582,1,0
21.321147688,1,1
21.321190276,1,0
21.321231380,1,1
21.321252814,0,1
21.321272980,0,0
21.321314094,0,1
21.321355700,0,0
21.321399274,0,1
21.321440880,0,0
21.321479034,0,1
21.321502262,1,1
21.321521614,1,0
21.321566170,1,1
21.321584372,1,0
21.328716000,1,1
21.339574742,0,1
21.339586542,0,0
21.339629132,0,1
21.339652364,1,1
21.339671720,1,0
21.339712830,1,1
21.339755426,1,0
21.339796536,1,1
21.339817976,0,1
21.339838146,0,0
21.339879260,0,1
21.339902490,1,1
21.339921850,1,0
21.339962958,1,1
21.339984400,0,1
21.340004572,0,0
21.340045686,0,1
21.340068918,1,1
21.340088274,1,0
21.340129384,1,1
21.340150826,0,1
21.340170996,0,0
21.340212110,0,1
21.340253718,0,0
21.340297298,0,1
21.340320532,1,1
21.340339888,1,0
21.340378046,1,1
21.340420638,1,0
21.340465194,1,1
21.340484096,1,0
21.344714832,1,1
21.444436756,0,1
21.444448554,0,0
21.444491140,0,1
21.444532742,0,0
21.444573854,0,1
21.444615458,0,0
21.444656574,0,1
21.444698176,0,0
21.444739288,0,1
21.444780894,0,0
21.444822004,0,1
21.444845234,1,1
21.444864588,1,0
21.444905694,1,1
21.444948282,1,0
21.444989386,1,1
21.445031978,1,0
21.445073080,1,1
21.445115668,1,0
21.445159236,1,1
21.445201822,1,0
21.445239974,1,1
21.445282562,1,0
21.445327114,1,1
21.448955192,0,1
21.448966992,0,0
21.449009572,0,1
21.449032800,1,1
21.449052154,1,0
21.449093258,1,1
21.449135842,1,0
21.449176942,1,1
21.449198382,0,1
21.449218550,0,0
21.449259660,0,1
21.449282886,1,1
21.449302242,1,0
21.449343352,1,1
21.449364788,0,1
21.449384956,0,0
21.449426060,0,1
21.449449290,1,1
21.449468646,1,0
21.449509752,1,1
21.449531192,0,1
21.449551358,0,0
21.449592468,0,1
21.449634088,0,0
21.449677672,0,1
21.449700900,1,1
21.449720260,1,0
21.449758414,1,1
21.449801004,1,0
21.449845554,1,1
21.456628150,0,1
21.456639948,0,0
21.456682542,0,1
21.456724150,0,0
21.456765258,0,1
21.456806866,0,0
21.456847984,0,1
21.456889584,0,0
21.456930698,0,1
21.456972304,0,0
21.457013410,0,1
21.457036638,1,1
21.457055994,1,0
21.457097102,1,1
21.457139690,1,0
21.457180796,1,1
21.457223384,1,0
21.457264488,1,1
21.457307074,1,0
21.457350642,1,1
21.457393232,1,0
21.457431376,1,1
21.457473964,1,0
21.457518514,1,1
21.461147574,0,1
21.461159372,0,0
21.461201958,0,1
21.461243560,0,0
21.461284680,0,1
21.461326288,0,0
21.461367400,0,1
21.461390634,1,1
21.461409990,1,0
21.461451096,1,1
21.461472536,0,1
21.461492704,0,0
21.461533818,0,1
21.461557050,1,1
21.461576408,1,0
21.461617520,1,1
21.461660112,1,0
21.461701218,1,1
21.461722660,0,1
21.461742828,0,0
21.461783944,0,1
21.461825552,0,0
21.461869130,0,1
21.461910736,0,0
21.461948896,0,1
21.461972126,1,1
21.461991482,1,0
21.462036040,1,1
21.469888296,1,0
21.472715322,1,1
21.533572278,0,1
21.533584074,0,0
21.533626656,0,1
21.533668258,0,0
21.533709360,0,1
21.533750964,0,0
21.533792072,0,1
21.533815298,1,1
21.533834652,1,0
21.533875756,1,1
21.533897196,0,1
21.533917362,0,0
21.533958472,0,1
21.533981700,1,1
21.534001054,1,0
21.534042162,1,1
21.534084748,1,0
21.534125850,1,1
21.534147290,0,1
21.534167456,0,0
21.534208562,0,1
21.534250162,0,0
21.534293732,0,1
21.534335336,0,0
21.534373490,0,1
21.534396722,1,1
21.534416076,1,0
21.534460626,1,1
21.534479140,1,0
21.536715562,1,1
21.547030548,0,1
21.547042346,0,0
21.547084936,0,1
21.547108172,1,1
21.547127524,1,0
21.547168634,1,1
21.547211228,1,0
21.547252340,1,1
21.547273780,0,1
21.547293952,0,0
21.547335070,0,1
21.547358302,1,1
21.547377662,1,0
21.547418774,1,1
21.547440214,0,1
21.547460386,0,0
21.547501500,0,1
21.547524734,1,1
21.547544092,1,0
21.547585200,1,1
21.547585202,1,0
21.547585206,1,1
21.547606644,0,1
21.547626814,0,0
21.547667928,0,1
21.547709534,0,0
21.547753114,0,1
21.547776346,1,1
21.547795702,1,0
21.547833856,1,1
21.547876450,1,0
21.547921006,1,1
21.547938896,1,0
21.552721156,1,1
21.638719652,0,1
21.638731450,0,0
21.638774036,0,1
21.638815636,0,0
21.638856744,0,1
21.638898348,0,0
21.638939456,0,1
21.638981056,0,0
21.639022162,0,1
21.639063766,0,0
21.639104872,0,1
21.639128102,1,1
21.639147456,1,0
21.639188560,1,1
21.639231146,1,0
21.639272254,1,1
21.639314846,1,0
21.639355952,1,1
21.639398540,1,0
21.639442108,1,1
21.639484694,1,0
21.639522844,1,1
21.639565428,1,0
21.639609976,1,1
21.643238876,0,1
21.643250674,0,0
21.643293258,0,1
21.643334868,0,0
21.643375982,0,1
21.643417586,0,0
21.643458704,0,1
21.643481934,1,1
21.643501290,1,0
21.643542398,1,1
21.643563836,0,1
21.643584006,0,0
21.643625120,0,1
21.643648352,1,1
21.643667708,1,0
21.643708816,1,1
21.643751410,1,0
21.643792518,1,1
21.643813958,0,1
21.643834128,0,0
21.643875242,0,1
21.643916850,0,0
21.643960424,0,1
21.644002034,0,0
21.644040190,0,1
21.644063426,1,1
21.644082780,1,0
21.644127340,1,1
21.651668996,1,0
21.656714282,1,1
21.656749152,0,1
21.656760954,0,0
21.656803550,0,1
21.656845162,0,0
21.656886280,0,1
21.656927886,0,0
21.656969006,0,1
21.657010616,0,0
21.657051732,0,1
21.657093338,0,0
21.657134454,0,1
21.657157684,1,1
21.657177040,1,0
21.657218152,1,1
21.657260746,1,0
21.657301854,1,1
21.657344446,1,0
21.657385556,1,1
21.657428148,1,0
21.657471720,1,1
21.657514312,1,0
21.657552468,1,1
21.657595058,1,0
21.657639616,1,1
21.661267908,0,1
21.661279708,0,0
21.661322300,0,1
21.661345532,1,1
21.661364888,1,0
21.661405998,1,1
21.661448590,1,0
21.661489696,1,1
21.661511136,0,1
21.661531306,0,0
21.661572420,0,1
21.661595656,1,1
21.661615012,1,0
21.661656122,1,1
21.661677564,0,1
21.661697734,0,0
21.661738848,0,1
21.661762076,1,1
21.661781434,1,0
21.661822544,1,1
21.661843986,0,1
21.661864156,0,0
21.661905268,0,1
21.661946878,0,0
21.661990456,0,1
21.662013684,1,1
21.662033040,1,0
21.662071196,1,1
21.662113786,1,0
21.662158340,1,1
21.670150438,1,0
21.672714794,1,1
21.730947500,0,1
21.730959298,0,0
21.731001884,0,1
21.731043486,0,0
21.731084600,0,1
21.731126200,0,0
21.731167310,0,1
21.731190540,1,1
21.731209896,1,0
21.731251006,1,1
21.731272444,0,1
21.731292614,0,0
21.731333726,0,1
21.731356952,1,1
21.731376308,1,0
21.731417414,1,1
21.731460000,1,0
21.731501100,1,1
21.731522538,0,1
21.731542704,0,0
21.731583812,0,1
21.731625418,0,0
21.731668994,0,1
21.731710598,0,0
21.731748754,0,1
21.731771980,1,1
21.731791338,1,0
21.731835894,1,1
21.731853884,1,0
21.736714826,1,1
21.749843224,0,1
21.749855024,0,0
21.749897612,0,1
21.749920846,1,1
21.749940202,1,0
21.749981306,1,1
21.750023900,1,0
21.750065010,1,1
21.750086450,0,1
21.750106616,0,0
21.750147730,0,1
21.750170964,1,1
21.750190320,1,0
21.750231426,1,1
21.750252866,0,1
21.750273036,0,0
21.750314152,0,1
21.750337386,1,1
21.750356744,1,0
21.750397854,1,1
21.750419296,0,1
21.750439468,0,0
21.750480578,0,1
21.750522184,0,0
21.750565760,0,1
21.750588990,1,1
21.750608346,1,0
21.750646498,1,1
21.750689088,1,0
21.750733646,1,1
21.750751334,1,0
21.752716154,1,1
21.823126630,0,1
21.823138428,0,0
21.823181012,0,1
21.823222612,0,0
21.823263722,0,1
21.823305328,0,0
21.823346444,0,1
21.823388046,0,0
21.823429160,0,1
21.823470766,0,0
21.823511872,0,1
21.823535102,1,1
21.823554458,1,0
21.823595560,1,1
21.823638148,1,0
21.823679252,1,1
21.823721840,1,0
21.823762944,1,1
21.823805538,1,0
21.823849108,1,1
21.823891692,1,0
21.823929840,1,1
21.823972428,1,0
21.824016978,1,1
21.827645222,0,1
21.827657020,0,0
21.827699606,0,1
21.827722838,1,1
21.827742198,1,0
21.827783308,1,1
21.827825900,1,0
21.827867014,1,1
21.827888452,0,1
21.827908620,0,0
21.827949730,0,1
21.827972962,1,1
21.827992318,1,0
21.828033428,1,1
21.828054870,0,1
21.828075040,0,0
21.828116152,0,1
21.828139382,1,1
21.828158740,1,0
21.828199846,1,1
21.828221288,0,1
21.828241458,0,0
21.828282572,0,1
21.828324182,0,0
21.828367756,0,1
21.828390990,1,1
21.828410348,1,0
21.828448506,1,1
21.828491096,1,0
21.828535648,1,1
21.836534532,1,0
21.840708664,1,1
21.843049678,0,1
21.843061476,0,0
21.843104068,0,1
21.843145672,0,0
21.843186784,0,1
21.843228390,0,0
21.843269508,0,1
21.843311114,0,0
21.843352234,0,1
21.843393840,0,0
21.843434952,0,1
21.843458186,1,1
21.843477544,1,0
21.843518654,1,1
21.843561246,1,0
21.843602362,1,1
21.843644954,1,0
21.843686062,1,1
21.843728652,1,0
21.843772224,1,1
21.843814816,1,0
21.843852974,1,1
21.843895566,1,0
21.843940120,1,1
21.847569446,0,1
21.847581246,0,0
21.847623830,0,1
21.847665438,0,0
21.847706554,0,1
21.847748158,0,0
21.847789276,0,1
21.847812506,1,1
21.847831864,1,0
21.847872976,1,1
21.847894414,0,1
21.847914584,0,0
21.847955700,0,1
21.847978932,1,1
21.847998288,1,0
21.848039398,1,1
21.848081992,1,0
21.848123100,1,1
21.848144540,0,1
21.848164708,0,0
21.848205820,0,1
21.848247430,0,0
21.848291004,0,1
21.848332620,0,0
21.848370782,0,1
21.848394014,1,1
21.848413370,1,0
21.848457930,1,1
21.856042754,1,0
21.856715364,1,1
21.909333230,0,1
21.909345028,0,0
21.909387612,0,1
21.909429222,0,0
21.909470334,0,1
21.909511938,0,0
21.909553054,0,1
21.909576284,1,1
21.909595638,1,0
21.909636746,1,1
21.909658186,0,1
21.909678356,0,0
21.909719464,0,1
21.909742696,1,1
21.909762050,1,0
21.909803156,1,1
21.909803162,1,0
21.909803164,1,1
21.909845750,1,0
21.909886856,1,1
21.909908296,0,1
21.909928468,0,0
21.909969580,0,1
21.910011186,0,0
21.910054762,0,1
21.910096368,0,0
21.910134524,0,1
21.910157754,1,1
21.910177112,1,0
21.910221664,1,1
21.910239952,1,0
21.912714038,1,1
21.922791622,0,1
21.922803422,0,0
21.922846010,0,1
21.922869240,1,1
21.922888598,1,0
21.922929710,1,1
21.922972302,1,0
21.923013412,1,1
21.923034854,0,1
21.923055026,0,0
21.923096138,0,1
21.923119370,1,1
21.923138726,1,0
21.923179840,1,1
21.923201280,0,1
21.923221448,0,0
21.923262560,0,1
21.923285790,1,1
21.923305148,1,0
21.923346256,1,1
21.923346258,1,0
21.923346262,1,1
21.923367700,0,1
21.923387868,0,0
21.923428980,0,1
21.923470590,0,0
21.923514160,0,1
21.923537396,1,1
21.923556752,1,0
21.923594908,1,1
21.923637498,1,0
21.923682054,1,1
21.923699968,1,0
21.928713452,1,1
22.006597874,0,1
22.006609674,0,0
22.006652260,0,1
22.006693866,0,0
22.006734970,0,1
22.006776572,0,0
22.006817682,0,1
22.006859286,0,0
22.006900398,0,1
22.006942004,0,0
22.006983118,0,1
22.007006348,1,1
22.007025704,1,0
22.007066814,1,1
22.007109406,1,0
22.007150510,1,1
22.007193102,1,0
22.007234210,1,1
22.007276798,1,0
22.007320374,1,1
22.007362962,1,0
22.007401114,1,1
22.007443704,1,0
22.007488258,1,1
22.011116286,0,1
22.011128084,0,0
22.011170672,0,1
22.011193900,1,1
22.011213256,1,0
22.011254362,1,1
22.011296950,1,0
22.011338058,1,1
22.011359498,0,1
22.011379666,0,0
22.011420774,0,1
22.011444002,1,1
22.011463356,1,0
22.011504456,1,1
22.011525896,0,1
22.011546062,0,0
22.011587168,0,1
22.011610396,1,1
22.011629752,1,0
22.011670858,1,1
22.011692298,0,1
22.011712468,0,0
22.011753582,0,1
22.011795192,0,0
22.011838768,0,1
22.011861996,1,1
22.011881352,1,0
22.011919512,1,1
22.011962100,1,0
22.012006654,1,1
22.019349852,1,0
22.024714598,1,1
22.027034358,0,1
22.027046156,0,0
22.027088746,0,1
22.027130354,0,0
22.027171470,0,1
22.027213076,0,0
22.027254190,0,1
22.027295800,0,0
22.027336920,0,1
22.027378530,0,0
22.027419646,0,1
22.027442880,1,1
22.027462236,1,0
22.027503348,1,1
22.027503356,1,0
22.027503358,1,1
22.027545942,1,0
22.027587052,1,1
22.027629642,1,0
22.027670754,1,1
22.027713340,1,0
22.027756912,1,1
22.027799504,1,0
22.027837660,1,1
22.027880250,1,0
22.027924810,1,1
22.031554014,0,1
22.031565814,0,0
22.031608402,0,1
22.031650010,0,0
22.031691128,0,1
22.031732736,0,0
22.031773850,0,1
22.031797080,1,1
22.031816438,1,0
22.031857548,1,1
22.031878990,0,1
22.031899156,0,0
22.031940270,0,1
22.031963506,1,1
22.031982862,1,0
22.032023968,1,1
22.032066562,1,0
22.032107678,1,1
22.032129122,0,1
22.032149296,0,0
22.032190412,0,1
22.032190414,0,0
22.032190418,0,1
22.032232024,0,0
22.032275598,0,1
22.032317206,0,0
22.032355368,0,1
22.032378600,1,1
22.032397958,1,0
22.032442510,1,1
22.039885964,1,0
22.040714238,1,1
22.082652430,0,1
22.082664230,0,0
22.082706816,0,1
22.082748420,0,0
22.082789528,0,1
22.082831132,0,0
22.082872244,0,1
22.082895472,1,1
22.082914826,1,0
22.082955934,1,1
22.082977374,0,1
22.082997542,0,0
22.083038652,0,1
22.083061886,1,1
22.083081244,1,0
22.083122356,1,1
22.083164948,1,0
22.083206054,1,1
22.083227496,0,1
22.083247666,0,0
22.083288778,0,1
22.083330386,0,0
22.083373962,0,1
22.083415568,0,0
22.083453728,0,1
22.083476958,1,1
22.083496314,1,0
22.083540870,1,1
22.083558924,1,0
22.088713626,1,1
22.098769074,0,1
22.098780874,0,0
22.098823470,0,1
22.098846700,1,1
22.098866058,1,0
22.098907170,1,1
22.098949764,1,0
22.098990874,1,1
22.099012312,0,1
22.099032482,0,0
22.099073596,0,1
22.099096832,1,1
22.099116190,1,0
22.099157302,1,1
22.099178744,0,1
22.099198918,0,0
22.099240032,0,1
22.099263266,1,1
22.099282622,1,0
22.099323736,1,1
22.099345180,0,1
22.099365352,0,0
22.099406468,0,1
22.099448074,0,0
22.099491654,0,1
22.099514886,1,1
22.099534242,1,0
22.099572404,1,1
22.099615014,1,0
22.099659578,1,1
22.099677588,1,0
22.104713192,1,1
22.198673532,0,1
22.198685332,0,0
22.198727918,0,1
22.198769518,0,0
22.198810630,0,1
22.198852234,0,0
22.198893344,0,1
22.198934950,0,0
22.198976064,0,1
22.199017668,0,0
22.199058774,0,1
22.199082008,1,1
22.199101364,1,0
22.199142470,1,1
22.199185058,1,0
22.199226166,1,1
22.199268756,1,0
22.199309864,1,1
22.199352456,1,0
22.199396022,1,1
22.199438608,1,0
22.199476764,1,1
22.199519348,1,0
22.199563900,1,1
22.203192004,0,1
22.203203802,0,0
22.203246388,0,1
22.203269614,1,1
22.203288972,1,0
22.203330084,1,1
22.203372670,1,0
22.203413782,1,1
22.203435222,0,1
22.203455390,0,0
22.203496504,0,1
22.203519736,1,1
22.203539092,1,0
22.203580202,1,1
22.203601640,0,1
22.203621808,0,0
22.203662918,0,1
22.203686144,1,1
22.203705500,1,0
22.203746602,1,1
22.203768040,0,1
22.203788210,0,0
22.203829322,0,1
22.203870922,0,0
22.203914498,0,1
22.203937728,1,1
22.203957082,1,0
22.203995234,1,1
22.204037824,1,0
22.204082380,1,1
22.211427876,1,0
22.216714954,1,1
22.221323400,0,1
22.221335200,0,0
22.221377792,0,1
22.221419400,0,0
22.221460514,0,1
22.221502122,0,0
22.221543236,0,1
22.221584836,0,0
22.221625948,0,1
22.221667552,0,0
22.221708668,0,1
22.221731896,1,1
22.221751252,1,0
22.221792362,1,1
22.221834954,1,0
22.221876062,1,1
22.221918654,1,0
22.221959758,1,1
22.222002350,1,0
22.222045920,1,1
22.222088514,1,0
22.222126668,1,1
22.222169258,1,0
22.222213810,1,1
22.225843114,0,1
22.225854914,0,0
22.225897502,0,1
22.225939108,0,0
22.225980222,0,1
22.226021826,0,0
22.226062942,0,1
22.226086176,1,1
22.226105530,1,0
22.226146638,1,1
22.226168078,0,1
22.226188246,0,0
22.226229362,0,1
22.226252592,1,1
22.226271948,1,0
22.226313064,1,1
22.226355660,1,0
22.226396766,1,1
22.226396772,1,0
22.226396774,1,1
22.226418208,0,1
22.226438380,0,0
22.226479496,0,1
22.226521106,0,0
22.226564678,0,1
22.226606290,0,0
22.226644450,0,1
22.226667680,1,1
22.226687036,1,0
22.226731592,1,1
22.234020010,1,0
22.240715056,1,1
22.242059178,0,1
22.242070978,0,0
22.242113566,0,1
22.242155168,0,0
22.242196286,0,1
22.242237894,0,0
22.242279004,0,1
22.242302240,1,1
22.242321600,1,0
22.242362716,1,1
22.242384158,0,1
22.242404332,0,0
22.242445450,0,1
22.242468686,1,1
22.242488046,1,0
22.242529162,1,1
22.242571756,1,0
22.242612870,1,1
22.242634314,0,1
22.242654484,0,0
22.242695598,0,1
22.242737212,0,0
22.242780788,0,1
22.242822392,0,0
22.242860556,0,1
22.242883790,1,1
22.242903148,1,0
22.242947712,1,1
22.242965870,1,0
22.248714648,1,1
22.250204336,0,1
22.250216136,0,0
22.250258724,0,1
22.250281956,1,1
22.250301316,1,0
22.250342432,1,1
22.250385022,1,0
22.250426132,1,1
22.250447572,0,1
22.250467742,0,0
22.250508854,0,1
22.250532086,1,1
22.250551440,1,0
22.250592552,1,1
22.250613994,0,1
22.250634164,0,0
22.250675274,0,1
22.250698506,1,1
22.250717862,1,0
22.250758970,1,1
22.250758974,1,0
22.250758976,1,1
22.250780416,0,1
22.250800586,0,0
22.250841702,0,1
22.250883314,0,0
22.250926892,0,1
22.250950122,1,1
22.250969478,1,0
22.251007636,1,1
22.251050226,1,0
22.251094776,1,1
22.251113202,1,0
22.256718010,1,1
22.352406800,0,1
22.352418600,0,0
22.352461184,0,1
22.352502788,0,0
22.352543896,0,1
22.352585502,0,0
22.352626610,0,1
22.352668218,0,0
22.352709338,0,1
22.352750944,0,0
22.352792054,0,1
22.352815288,1,1
22.352834642,1,0
22.352875746,1,1
22.352918328,1,0
22.352959432,1,1
22.353002018,1,0
22.353043116,1,1
22.353085706,1,0
22.353129274,1,1
22.353171856,1,0
22.353210006,1,1
22.353252592,1,0
22.353297140,1,1
22.356926002,0,1
22.356937800,0,0
22.356980390,0,1
22.357021994,0,0
22.357063106,0,1
22.357104708,0,0
22.357145824,0,1
22.357169054,1,1
22.357188414,1,0
22.357229530,1,1
22.357250966,0,1
22.357271138,0,0
22.357312256,0,1
22.357335482,1,1
22.357354838,1,0
22.357395944,1,1
22.357438530,1,0
22.357479632,1,1
22.357501072,0,1
22.357521240,0,0
22.357562354,0,1
22.357603960,0,0
22.357647532,0,1
22.357689136,0,0
22.357727292,0,1
22.357750520,1,1
22.357769876,1,0
22.357814432,1,1
22.364611520,0,1
22.364623320,0,0
22.364665910,0,1
22.364707512,0,0
22.364748622,0,1
22.364790228,0,0
22.364831340,0,1
22.364872944,0,0
22.364914056,0,1
22.364955664,0,0
22.364996774,0,1
22.365020008,1,1
22.365039364,1,0
22.365080472,1,1
22.365123060,1,0
22.365164168,1,1
22.365206756,1,0
22.365247862,1,1
22.365290456,1,0
22.365334026,1,1
22.365334030,1,0
22.365334034,1,1
22.365376618,1,0
22.365414772,1,1
22.365457362,1,0
22.365501916,1,1
22.369130002,0,1
22.369141800,0,0
22.369184386,0,1
22.369207620,1,1
22.369226980,1,0
22.369268088,1,1
22.369310684,1,0
22.369351800,1,1
22.369373240,0,1
22.369393408,0,0
22.369434518,0,1
22.369457752,1,1
22.369477108,1,0
22.369518220,1,1
22.369539658,0,1
22.369559828,0,0
22.369600942,0,1
22.369624172,1,1
22.369643528,1,0
22.369684636,1,1
22.369706074,0,1
22.369726244,0,0
22.369767354,0,1
22.369808958,0,0
22.369852532,0,1
22.369875764,1,1
22.369895122,1,0
22.369933272,1,1
22.369975860,1,0
22.370020414,1,1
22.377806288,1,0
22.384714418,1,1
22.432303512,0,1
22.432315314,0,0
22.432357912,0,1
22.432381150,1,1
22.432400510,1,0
22.432441628,1,1
22.432484230,1,0
22.432525352,1,1
22.432546794,0,1
22.432566968,0,0
22.432608088,0,1
22.432649710,0,0
22.432690842,0,1
22.432714080,1,1
22.432733442,1,0
22.432774560,1,1
22.432817164,1,0
22.432858278,1,1
22.432879720,0,1
22.432899894,0,0
22.432941012,0,1
22.432982622,0,0
22.433026204,0,1
22.433049442,1,1
22.433068802,1,0
22.433106968,1,1
22.433149568,1,0
22.433194138,1,1
22.433211394,1,0
22.440713932,1,1
22.443068856,0,1
22.443080654,0,0
22.443123244,0,1
22.443164850,0,0
22.443205964,0,1
22.443247568,0,0
22.443288684,0,1
22.443311920,1,1
22.443331276,1,0
22.443372386,1,1
22.443393830,0,1
22.443414000,0,0
22.443455116,0,1
22.443478344,1,1
22.443497702,1,0
22.443538812,1,1
22.443581402,1,0
22.443622510,1,1
22.443643950,0,1
22.443664118,0,0
22.443705230,0,1
22.443746836,0,0
22.443790412,0,1
22.443832020,0,0
22.443870174,0,1
22.443893402,1,1
22.443912762,1,0
22.443957316,1,1
22.443976256,1,0
22.448720182,1,1
22.497591284,0,1
22.497603080,0,0
22.497645664,0,1
22.497687268,0,0
22.497728376,0,1
22.497769978,0,0
22.497811090,0,1
22.497852690,0,0
22.497893794,0,1
22.497935394,0,0
22.497976500,0,1
22.497999728,1,1
22.498019080,1,0
22.498060188,1,1
22.498102776,1,0
22.498143878,1,1
22.498186468,1,0
22.498227572,1,1
22.498270160,1,0
22.498313728,1,1
22.498356322,1,0
22.498394474,1,1
22.498437062,1,0
22.498481616,1,1
22.502109574,0,1
22.502121370,0,0
22.502163954,0,1
22.502187182,1,1
22.502206536,1,0
22.502247644,1,1
22.502290232,1,0
22.502331340,1,1
22.502352782,0,1
22.502372952,0,0
22.502414062,0,1
22.502455664,0,0
22.502496774,0,1
22.502520000,1,1
22.502539358,1,0
22.502580466,1,1
22.502623054,1,0
22.502664164,1,1
22.502685602,0,1
22.502705768,0,0
22.502746880,0,1
22.502788482,0,0
22.502832054,0,1
22.502855280,1,1
22.502874634,1,0
22.502912784,1,1
22.502955370,1,0
22.502999920,1,1
22.510287408,1,0
22.512707120,1,1
22.527812076,0,1
22.527823876,0,0
22.527866464,0,1
22.527908068,0,0
22.527949184,0,1
22.527990792,0,0
22.528031906,0,1
22.528073512,0,0
22.528114624,0,1
22.528156228,0,0
22.528197342,0,1
22.528220574,1,1
22.528239930,1,0
22.528281038,1,1
22.528323632,1,0
22.528364742,1,1
22.528407334,1,0
22.528448438,1,1
22.528491032,1,0
22.528534600,1,1
22.528577190,1,0
22.528615348,1,1
22.528657946,1,0
22.528702508,1,1
22.532331676,0,1
22.532343474,0,0
22.532386064,0,1
22.532427672,0,0
22.532468780,0,1
22.532510388,0,0
22.532551500,0,1
22.532574732,1,1
22.532594090,1,0
22.532635198,1,1
22.532656638,0,1
22.532676808,0,0
22.532717918,0,1
22.532741148,1,1
22.532760504,1,0
22.532801610,1,1
22.532844198,1,0
22.532885306,1,1
22.532906746,0,1
22.532926916,0,0
22.532968032,0,1
22.533009636,0,0
22.533053212,0,1
22.533094820,0,0
22.533132978,0,1
22.533156208,1,1
22.533175566,1,0
22.533220120,1,1
22.541100918,1,0
22.544713924,1,1
22.650687726,0,1
22.650699524,0,0
22.650742114,0,1
22.650783720,0,0
22.650824834,0,1
22.650866442,0,0
22.650907558,0,1
22.650930788,1,1
22.650950144,1,0
22.650991250,1,1
22.650991254,1,0
22.650991258,1,1
22.651012694,0,1
22.651032864,0,0
22.651073974,0,1
22.651097206,1,1
22.651116560,1,0
22.651157664,1,1
22.651200254,1,0
22.651241360,1,1
22.651262800,0,1
22.651282968,0,0
22.651324080,0,1
22.651365682,0,0
22.651409250,0,1
22.651450854,0,0
22.651489010,0,1
22.651512242,1,1
22.651531598,1,0
22.651576156,1,1
22.651593930,1,0
22.656715298,1,1
22.658120772,0,1
22.658132572,0,0
22.658175158,0,1
22.658198390,1,1
22.658217746,1,0
22.658258858,1,1
22.658301446,1,0
22.658342558,1,1
22.658364002,0,1
22.658384170,0,0
22.658425282,0,1
22.658448514,1,1
22.658467870,1,0
22.658508982,1,1
22.658530422,0,1
22.658550590,0,0
22.658591704,0,1
22.658614940,1,1
22.658634298,1,0
22.658675410,1,1
22.658696848,0,1
22.658717018,0,0
22.658758134,0,1
22.658799740,0,0
22.658843312,0,1
22.658866546,1,1
22.658885904,1,0
22.658924060,1,1
22.658966648,1,0
22.659011206,1,1
22.659029344,1,0
22.664719528,1,1
22.676276486,0,1
22.676288292,0,0
22.676330906,0,1
22.676372536,0,0
22.676413670,0,1
22.676455294,0,0
22.676496424,0,1
22.676538046,0,0
22.676579178,0,1
22.676620800,0,0
22.676661930,0,1
22.676685168,1,1
22.676704528,1,0
22.676745646,1,1
22.676788246,1,0
22.676829362,1,1
22.676871958,1,0
22.676913070,1,1
22.676955662,1,0
22.676999236,1,1
22.677041828,1,0
22.677079986,1,1
22.677122578,1,0
22.677167130,1,1
22.680796470,0,1
22.680808268,0,0
22.680850858,0,1
22.680892462,0,0
22.680933576,0,1
22.680975184,0,0
22.681016300,0,1
22.681039534,1,1
22.681058892,1,0
22.681100006,1,1
22.681121448,0,1
22.681141620,0,0
22.681182738,0,1
22.681205972,1,1
22.681225328,1,0
22.681266440,1,1
22.681309040,1,0
22.681350154,1,1
22.681371598,0,1
22.681391768,0,0
22.681432888,0,1
22.681474498,0,0
22.681518078,0,1
22.681559688,0,0
22.681597852,0,1
22.681621084,1,1
22.681640442,1,0
22.681685004,1,1
22.685313256,0,1
22.685325056,0,0
22.685367650,0,1
22.685409256,0,0
22.685450368,0,1
22.685491978,0,0
22.685533094,0,1
22.685574698,0,0
22.685615816,0,1
22.685657424,0,0
22.685698536,0,1
22.685721770,1,1
22.685741126,1,0
22.685782238,1,1
22.685824828,1,0
22.685865936,1,1
22.685908526,1,0
22.685949632,1,1
22.685992222,1,0
22.686035792,1,1
22.686035796,1,0
22.686035798,1,1
22.686078388,1,0
22.686116542,1,1
22.686159136,1,0
22.686203692,1,1
22.689831800,0,1
22.689843598,0,0
22.689886180,0,1
22.689909410,1,1
22.689928768,1,0
22.689969878,1,1
22.690012466,1,0
22.690053574,1,1
22.690075014,0,1
22.690095182,0,0
22.690136292,0,1
22.690159520,1,1
22.690178876,1,0
22.690219986,1,1
22.690241424,0,1
22.690261592,0,0
22.690302702,0,1
22.690325938,1,1
22.690345294,1,0
22.690386402,1,1
22.690407844,0,1
22.690428012,0,0
22.690469126,0,1
22.690510732,0,0
22.690554300,0,1
22.690577536,1,1
22.690596892,1,0
22.690635052,1,1
22.690677640,1,0
22.690722196,1,1
22.698251346,1,0
22.704714608,1,1
22.816098636,0,1
22.816110434,0,0
22.816153026,0,1
22.816194634,0,0
22.816235744,0,1
22.816277348,0,0
22.816318470,0,1
22.816341712,1,1
22.816361080,1,0
22.816402212,1,1
22.816423670,0,1
22.816443852,0,0
22.816484986,0,1
22.816508226,1,1
22.816527592,1,0
22.816568722,1,1
22.816611334,1,0
22.816652466,1,1
22.816673920,0,1
22.816694106,0,0
22.816735250,0,1
22.816776882,0,0
22.816820480,0,1
22.816862102,0,0
22.816900268,0,1
22.816923506,1,1
22.816942866,1,0
22.816987424,1,1
22.817005966,1,0
22.824713826,1,1
22.826712478,0,1
22.826724278,0,0
22.826766864,0,1
22.826790096,1,1
22.826809450,1,0
22.826850558,1,1
22.826893150,1,0
22.826934266,1,1
22.826955708,0,1
22.826975880,0,0
22.827016994,0,1
22.827040232,1,1
22.827059590,1,0
22.827100704,1,1
22.827122144,0,1
22.827142314,0,0
22.827183434,0,1
22.827206668,1,1
22.827226026,1,0
22.827267138,1,1
22.827288582,0,1
22.827308754,0,0
22.827349872,0,1
22.827391482,0,0
22.827435064,0,1
22.827458300,1,1
22.827477658,1,0
22.827515816,1,1
22.827558410,1,0
22.827602970,1,1
22.827621794,1,0
22.832712928,1,1
22.841791796,0,1
22.841803594,0,0
22.841846186,0,1
22.841887798,0,0
22.841928916,0,1
22.841970530,0,0
22.842011646,0,1
22.842053256,0,0
22.842094370,0,1
22.842094372,0,0
22.842094376,0,1
22.842135984,0,0
22.842177104,0,1
22.842200336,1,1
22.842219692,1,0
22.842260808,1,1
22.842303404,1,0
22.842344518,1,1
22.842387112,1,0
22.842428228,1,1
22.842470820,1,0
22.842514396,1,1
22.842556990,1,0
22.842595150,1,1
22.842637748,1,0
22.842682306,1,1
22.846310586,0,1
22.846322388,0,0
22.846364982,0,1
22.846388214,1,1
22.846407572,1,0
22.846448684,1,1
22.846491276,1,0
22.846532382,1,1
22.846553824,0,1
22.846573996,0,0
22.846615114,0,1
22.846638348,1,1
22.846657706,1,0
22.846698820,1,1
22.846720260,0,1
22.846740430,0,0
22.846781546,0,1
22.846804778,1,1
22.846824134,1,0
22.846865244,1,1
22.846865248,1,0
22.846865252,1,1
22.846886690,0,1
22.846906858,0,0
22.846947972,0,1
22.846989580,0,0
22.847033154,0,1
22.847056386,1,1
22.847075746,1,0
22.847113902,1,1
22.847156492,1,0
22.847201048,1,1
22.855388192,1,0
22.856713672,1,1
22.856749478,0,1
22.856761280,0,0
22.856803884,0,1
22.856845496,0,0
22.856886612,0,1
22.856928228,0,0
22.856969344,0,1
22.857010954,0,0
22.857052072,0,1
22.857093684,0,0
22.857134796,0,1
22.857158030,1,1
22.857177390,1,0
22.857218502,1,1
22.857261092,1,0
22.857302204,1,1
22.857344802,1,0
22.857385916,1,1
22.857428510,1,0
22.857472086,1,1
22.857514680,1,0
22.857552834,1,1
22.857595430,1,0
22.857639986,1,1
22.861269264,0,1
22.861281062,0,0
22.861323650,0,1
22.861365256,0,0
22.861406372,0,1
22.861447982,0,0
22.861489096,0,1
22.861512330,1,1
22.861531686,1,0
22.861572790,1,1
22.861572796,1,0
22.861572798,1,1
22.861594234,0,1
22.861614404,0,0
22.861655518,0,1
22.861678752,1,1
22.861698108,1,0
22.861739218,1,1
22.861781814,1,0
22.861822928,1,1
22.861844366,0,1
22.861864536,0,0
22.861905646,0,1
22.861905650,0,0
22.861905654,0,1
22.861947256,0,0
22.861990828,0,1
22.862032436,0,0
22.862070590,0,1
22.862093824,1,1
22.862113180,1,0
22.862157734,1,1
22.869766112,1,0
22.872714620,1,1
23.100427142,0,1
23.100438942,0,0
23.100481526,0,1
23.100504754,1,1
23.100524110,1,0
23.100565216,1,1
23.100607806,1,0
23.100648910,1,1
23.100648912,1,0
23.100648914,1,1
23.100670348,0,1
23.100690516,0,0
23.100731626,0,1
23.100773226,0,0
23.100814334,0,1
23.100837562,1,1
23.100856918,1,0
23.100898026,1,1
23.100940608,1,0
23.100981710,1,1
23.101003150,0,1
23.101023318,0,0
23.101064428,0,1
23.101106030,0,0
23.101149600,0,1
23.101172830,1,1
23.101192184,1,0
23.101230334,1,1
23.101272920,1,0
23.101317468,1,1
23.101336016,1,0
23.104713858,1,1
23.104947750,0,1
23.104959548,0,0
23.105002134,0,1
23.105043748,0,0
23.105084866,0,1
23.105126472,0,0
23.105167584,0,1
23.105167588,0,0
23.105167592,0,1
23.105190822,1,1
23.105210180,1,0
23.105251286,1,1
23.105272726,0,1
23.105292894,0,0
23.105334010,0,1
23.105357244,1,1
23.105376600,1,0
23.105417710,1,1
23.105460296,1,0
23.105501398,1,1
23.105522832,0,1
23.105542994,0,0
23.105584094,0,1
23.105625690,0,0
23.105669248,0,1
23.105710840,0,0
23.105748982,0,1
23.105772204,1,1
23.105791554,1,0
23.105836088,1,1
23.105854016,1,0
23.112713802,1,1
23.122649314,0,1
23.122661114,0,0
23.122703706,0,1
23.122745318,0,0
23.122786438,0,1
23.122828044,0,0
23.122869162,0,1
23.122910774,0,0
23.122951884,0,1
23.122993490,0,0
23.123034606,0,1
23.123057840,1,1
23.123077198,1,0
23.123118312,1,1
23.123160908,1,0
23.123202024,1,1
23.123244620,1,0
23.123285736,1,1
23.123328338,1,0
23.123371914,1,1
23.123414510,1,0
23.123452670,1,1
23.123495264,1,0
23.123539826,1,1
23.127169188,0,1
23.127180988,0,0
23.127223578,0,1
23.127265182,0,0
23.127306296,0,1
23.127347908,0,0
23.127389022,0,1
23.127412256,1,1
23.127431612,1,0
23.127472724,1,1
23.127494170,0,1
23.127514340,0,0
23.127555458,0,1
23.127578688,1,1
23.127598046,1,0
23.127639158,1,1
23.127681750,1,0
23.127722862,1,1
23.127744304,0,1
23.127764474,0,0
23.127805590,0,1
23.127847198,0,0
23.127890780,0,1
23.127932386,0,0
23.127970550,0,1
23.127993782,1,1
23.128013140,1,0
23.128057694,1,1
23.135774870,1,0
23.136712372,1,1
23.137573188,0,1
23.137584986,0,0
23.137627574,0,1
23.137669182,0,0
23.137710294,0,1
23.137751902,0,0
23.137793016,0,1
23.137834626,0,0
23.137875738,0,1
23.137917346,0,0
23.137958458,0,1
23.137981690,1,1
23.138001046,1,0
23.138042156,1,1
23.138084748,1,0
23.138125858,1,1
23.138168448,1,0
23.138209556,1,1
23.138252150,1,0
23.138295718,1,1
23.138338316,1,0
23.138376474,1,1
23.138419062,1,0
23.138463618,1,1
23.142091936,0,1
23.142103736,0,0
23.142146328,0,1
23.142169562,1,1
23.142188918,1,0
23.142230030,1,1
23.142272622,1,0
23.142313734,1,1
23.142335176,0,1
23.142355346,0,0
23.142396466,0,1
23.142438076,0,0
23.142479188,0,1
23.142502422,1,1
23.142521776,1,0
23.142562894,1,1
23.142605484,1,0
23.142646594,1,1
23.142668036,0,1
23.142688206,0,0
23.142729322,0,1
23.142770930,0,0
23.142814508,0,1
23.142837740,1,1
23.142857098,1,0
23.142895254,1,1
23.142937846,1,0
23.142982402,1,1
23.151180036,1,0
23.152713716,1,1
23.158323720,0,1
23.158335518,0,0
23.158378102,0,1
23.158401334,1,1
23.158420690,1,0
23.158461798,1,1
23.158504388,1,0
23.158545498,1,1
23.158566940,0,1
23.158587110,0,0
23.158628230,0,1
23.158669842,0,0
23.158710954,0,1
23.158734190,1,1
23.158753546,1,0
23.158794658,1,1
23.158837252,1,0
23.158878362,1,1
23.158899802,0,1
23.158919972,0,0
23.158961088,0,1
23.159002692,0,0
23.159046268,0,1
23.159069500,1,1
23.159088856,1,0
23.159127010,1,1
23.159169604,1,0
23.159214160,1,1
23.159231498,1,0
23.160713120,1,1
23.682594032,0,1
23.682605828,0,0
23.682648410,0,1
23.682690018,0,0
23.682731126,0,1
23.682772728,0,0
23.682813836,0,1
23.682837064,1,1
23.682856420,1,0
23.682897522,1,1
23.682918962,0,1
23.682939130,0,0
23.682980242,0,1
23.683003468,1,1
23.683022824,1,0
23.683063926,1,1
23.683106516,1,0
23.683147614,1,1
23.683169054,0,1
23.683189220,0,0
23.683230330,0,1
23.683271928,0,0
23.683315498,0,1
23.683357104,0,0
23.683395260,0,1
23.683418488,1,1
23.683437840,1,0
23.683482388,1,1
23.683482390,1,0
23.683482394,1,1
23.683500484,1,0
23.688711244,1,1
23.708551366,0,1
23.708563164,0,0
23.708605752,0,1
23.708647364,0,0
23.708688482,0,1
23.708730090,0,0
23.708771210,0,1
23.708812822,0,0
23.708853942,0,1
23.708895552,0,0
23.708936668,0,1
23.708959902,1,1
23.708979262,1,0
23.709020372,1,1
23.709062970,1,0
23.709104076,1,1
23.709146668,1,0
23.709187776,1,1
23.709230366,1,0
23.709273934,1,1
23.709316534,1,0
23.709354692,1,1
23.709397284,1,0
23.709441840,1,1
23.713070996,0,1
23.713082796,0,0
23.713125382,0,1
23.713166986,0,0
23.713208096,0,1
23.713249704,0,0
23.713290814,0,1
23.713314046,1,1
23.713333402,1,0
23.713374514,1,1
23.713395952,0,1
23.713416122,0,0
23.713457234,0,1
23.713480468,1,1
23.713499824,1,0
23.713540932,1,1
23.713583522,1,0
23.713624632,1,1
23.713646072,0,1
23.713666242,0,0
23.713707356,0,1
23.713748962,0,0
23.713792536,0,1
23.713834138,0,0
23.713872298,0,1
23.713895528,1,1
23.713914884,1,0
23.713959438,1,1
23.721257482,1,0
23.728711986,1,1
23.733624354,0,1
23.733636156,0,0
23.733678762,0,1
23.733720382,0,0
23.733761500,0,1
23.733803108,0,0
23.733844222,0,1
23.733885828,0,0
23.733926940,0,1
23.733968550,0,0
23.734009662,0,1
23.734032892,1,1
23.734052248,1,0
23.734093354,1,1
23.734135942,1,0
23.734177048,1,1
23.734219636,1,0
23.734260736,1,1
23.734303322,1,0
23.734346892,1,1
23.734389480,1,0
23.734427626,1,1
23.734470222,1,0
23.734514776,1,1
23.738142712,0,1
23.738154510,0,0
23.738197094,0,1
23.738220324,1,1
23.738239678,1,0
23.738280784,1,1
23.738323376,1,0
23.738364480,1,1
23.738385922,0,1
23.738406090,0,0
23.738447200,0,1
23.738488804,0,0
23.738529912,0,1
23.738553148,1,1
23.738572504,1,0
23.738613612,1,1
23.738656204,1,0
23.738697310,1,1
23.738718750,0,1
23.738738918,0,0
23.738780030,0,1
23.738821636,0,0
23.738865206,0,1
23.738888436,1,1
23.738907792,1,0
23.738945946,1,1
23.738988536,1,0
23.739033092,1,1
23.746927012,1,0
23.752712470,1,1
24.034668872,0,1
24.034680668,0,0
24.034723248,0,1
24.034746480,1,1
24.034765834,1,0
24.034806940,1,1
24.034849526,1,0
24.034890632,1,1
24.034912072,0,1
24.034932242,0,0
24.034973356,0,1
24.034996588,1,1
24.035015944,1,0
24.035057050,1,1
24.035078492,0,1
24.035098660,0,0
24.035139768,0,1
24.035163000,1,1
24.035182354,1,0
24.035223456,1,1
24.035244896,0,1
24.035265062,0,0
24.035306170,0,1
24.035347772,0,0
24.035391344,0,1
24.035414574,1,1
24.035433930,1,0
24.035472078,1,1
24.035514666,1,0
24.035559220,1,1
24.035576956,1,0
24.040712578,1,1
24.042229770,0,1
24.042241570,0,0
24.042284160,0,1
24.042325768,0,0
24.042366886,0,1
24.042408494,0,0
24.042449606,0,1
24.042472842,1,1
24.042492198,1,0
24.042533310,1,1
24.042554752,0,1
24.042574920,0,0
24.042616036,0,1
24.042639272,1,1
24.042658626,1,0
24.042699734,1,1
24.042742330,1,0
24.042783440,1,1
24.042804880,0,1
24.042825048,0,0
24.042866164,0,1
24.042907774,0,0
24.042951346,0,1
24.042992958,0,0
24.043031118,0,1
24.043054348,1,1
24.043073704,1,0
24.043118260,1,1
24.043118264,1,0
24.043118268,1,1
24.043136900,1,0
24.048712206,1,1
24.059803836,0,1
24.059815638,0,0
24.059858230,0,1
24.059899844,0,0
24.059940968,0,1
24.059982584,0,0
24.060023708,0,1
24.060065324,0,0
24.060106448,0,1
24.060148064,0,0
24.060189188,0,1
24.060189192,0,0
24.060189196,0,1
24.060212430,1,1
24.060231792,1,0
24.060272908,1,1
24.060315512,1,0
24.060356632,1,1
24.060399234,1,0
24.060440358,1,1
24.060482958,1,0
24.060526536,1,1
24.060569136,1,0
24.060607302,1,1
24.060649904,1,0
24.060694472,1,1
24.064324474,0,1
24.064336274,0,0
24.064378866,0,1
24.064420470,0,0
24.064461584,0,1
24.064503200,0,0
24.064544316,0,1
24.064567550,1,1
24.064586908,1,0
24.064628024,1,1
24.064628028,1,0
24.064628032,1,1
24.064649474,0,1
24.064669650,0,0
24.064710770,0,1
24.064734006,1,1
24.064753368,1,0
24.064794482,1,1
24.064837074,1,0
24.064878188,1,1
24.064899632,0,1
24.064919802,0,0
24.064960918,0,1
24.065002528,0,0
24.065046110,0,1
24.065087718,0,0
24.065125878,0,1
24.065149110,1,1
24.065168468,1,0
24.065213024,1,1
24.071996192,0,1
24.072007992,0,0
24.072050582,0,1
24.072092186,0,0
24.072133296,0,1
24.072174900,0,0
24.072216016,0,1
24.072257626,0,0
24.072298738,0,1
24.072340348,0,0
24.072381464,0,1
24.072404696,1,1
24.072424052,1,0
24.072465164,1,1
24.072507756,1,0
24.072548864,1,1
24.072591456,1,0
24.072632572,1,1
24.072675170,1,0
24.072718742,1,1
24.072761342,1,0
24.072799496,1,1
24.072842086,1,0
24.072886644,1,1
24.076514902,0,1
24.076526702,0,0
24.076569296,0,1
24.076592526,1,1
24.076611884,1,0
24.076652994,1,1
24.076695592,1,0
24.076736700,1,1
24.076758140,0,1
24.076778310,0,0
24.076819426,0,1
24.076842658,1,1
24.076862014,1,0
24.076903122,1,1
24.076924564,0,1
24.076944734,0,0
24.076985850,0,1
24.077009080,1,1
24.077028436,1,0
24.077069548,1,1
24.077090992,0,1
24.077111160,0,0
24.077152274,0,1
24.077193884,0,0
24.077237462,0,1
24.077260694,1,1
24.077280050,1,0
24.077318210,1,1
24.077360808,1,0
24.077405360,1,1
24.084864364,1,0
24.088711336,1,1
24.124862416,0,1
24.124874214,0,0
24.124916802,0,1
24.124958406,0,0
24.124999514,0,1
24.125041122,0,0
24.125082236,0,1
24.125105460,1,1
24.125124816,1,0
24.125165922,1,1
24.125187362,0,1
24.125207532,0,0
24.125248640,0,1
24.125271872,1,1
24.125291228,1,0
24.125332336,1,1
24.125374926,1,0
24.125416030,1,1
24.125437468,0,1
24.125457636,0,0
24.125498746,0,1
24.125540346,0,0
24.125583926,0,1
24.125625526,0,0
24.125663682,0,1
24.125686912,1,1
24.125706268,1,0
24.125750820,1,1
24.125768680,1,0
24.128711170,1,1
24.133006272,0,1
24.133018074,0,0
24.133060676,0,1
24.133083912,1,1
24.133103272,1,0
24.133144388,1,1
24.133186992,1,0
24.133228112,1,1
24.133249556,0,1
24.133269730,0,0
24.133310862,0,1
24.133334104,1,1
24.133353464,1,0
24.133394582,1,1
24.133416026,0,1
24.133436198,0,0
24.133477316,0,1
24.133500548,1,1
24.133519902,1,0
24.133561012,1,1
24.133582456,0,1
24.133602626,0,0
24.133643742,0,1
24.133685348,0,0
24.133728926,0,1
24.133752160,1,1
24.133771514,1,0
24.133809672,1,1
24.133852270,1,0
24.133896824,1,1
24.133915840,1,0
24.136710990,1,1
24.212238886,0,1
24.212250694,0,0
24.212293318,0,1
24.212334958,0,0
24.212376108,0,1
24.212417744,0,0
24.212458898,0,1
24.212500538,0,0
24.212541686,0,1
24.212583328,0,0
24.212624484,0,1
24.212647734,1,1
24.212667108,1,0
24.212708252,1,1
24.212750876,1,0
24.212792012,1,1
24.212834616,1,0
24.212875734,1,1
24.212918328,1,0
24.212961898,1,1
24.213004492,1,0
24.213042648,1,1
24.213085234,1,0
24.213129784,1,1
24.216758188,0,1
24.216769986,0,0
24.216812570,0,1
24.216835802,1,1
24.216855156,1,0
24.216896262,1,1
24.216938858,1,0
24.216979970,1,1
24.217001412,0,1
24.217021582,0,0
24.217062694,0,1
24.217085930,1,1
24.217105290,1,0
24.217146402,1,1
24.217167846,0,1
24.217188018,0,0
24.217229132,0,1
24.217252364,1,1
24.217271720,1,0
24.217312836,1,1
24.217334278,0,1
24.217354450,0,0
24.217395564,0,1
24.217437174,0,0
24.217480752,0,1
24.217503986,1,1
24.217523342,1,0
24.217561498,1,1
24.217604094,1,0
24.217648650,1,1
24.225568666,1,0
24.232712116,1,1
24.245038904,0,1
24.245050702,0,0
24.245093294,0,1
24.245134902,0,0
24.245176016,0,1
24.245217618,0,0
24.245258736,0,1
24.245300342,0,0
24.245341458,0,1
24.245383066,0,0
24.245424180,0,1
24.245447410,1,1
24.245466766,1,0
24.245507880,1,1
24.245550476,1,0
24.245591586,1,1
24.245634180,1,0
24.245675286,1,1
24.245717876,1,0
24.245761446,1,1
24.245804040,1,0
24.245842194,1,1
24.245884790,1,0
24.245929344,1,1
24.249558450,0,1
24.249570250,0,0
24.249612840,0,1
24.249654444,0,0
24.249695560,0,1
24.249737166,0,0
24.249778274,0,1
24.249801508,1,1
24.249820862,1,0
24.249861968,1,1
24.249883408,0,1
24.249903576,0,0
24.249944688,0,1
24.249967920,1,1
24.249987276,1,0
24.250028382,1,1
24.250028388,1,0
24.250028390,1,1
24.250070974,1,0
24.250112082,1,1
24.250133522,0,1
24.250153690,0,0
24.250194804,0,1
24.250236408,0,0
24.250279978,0,1
24.250321586,0,0
24.250359746,0,1
24.250382980,1,1
24.250402334,1,0
24.250446888,1,1
24.258424612,1,0
24.264712734,1,1
24.287262088,0,1
24.287273888,0,0
24.287316484,0,1
24.287339716,1,1
24.287359074,1,0
24.287400186,1,1
24.287442782,1,0
24.287483896,1,1
24.287505334,0,1
24.287525504,0,0
24.287566618,0,1
24.287608228,0,0
24.287649344,0,1
24.287672578,1,1
24.287691934,1,0
24.287733042,1,1
24.287733046,1,0
24.287733048,1,1
24.287775638,1,0
24.287816750,1,1
24.287838192,0,1
24.287858362,0,0
24.287899478,0,1
24.287941086,0,0
24.287984664,0,1
24.288007896,1,1
24.288027254,1,0
24.288065412,1,1
24.288108008,1,0
24.288152564,1,1
24.288171020,1,0
24.288710766,1,1
24.370304682,0,1
24.370316482,0,0
24.370359066,0,1
24.370382294,1,1
24.370401648,1,0
24.370442756,1,1
24.370485344,1,0
24.370526450,1,1
24.370547890,0,1
24.370568058,0,0
24.370609164,0,1
24.370632394,1,1
24.370651752,1,0
24.370692860,1,1
24.370714300,0,1
24.370734468,0,0
24.370775578,0,1
24.370798808,1,1
24.370818166,1,0
24.370859274,1,1
24.370880716,0,1
24.370900884,0,0
24.370941998,0,1
24.370983602,0,0
24.371027174,0,1
24.371050404,1,1
24.371069758,1,0
24.371107910,1,1
24.371150498,1,0
24.371195046,1,1
24.371213724,1,0
24.376710412,1,1
24.388373462,0,1
24.388385262,0,0
24.388427856,0,1
24.388469460,0,0
24.388510580,0,1
24.388552186,0,0
24.388593302,0,1
24.388634912,0,0
24.388676028,0,1
24.388717636,0,0
24.388758754,0,1
24.388781986,1,1
24.388801344,1,0
24.388842458,1,1
24.388885050,1,0
24.388926164,1,1
24.388968754,1,0
24.389009862,1,1
24.389052456,1,0
24.389096028,1,1
24.389138620,1,0
24.389176772,1,1
24.389219366,1,0
24.389263920,1,1
24.392892250,0,1
24.392904050,0,0
24.392946638,0,1
24.392969872,1,1
24.392989228,1,0
24.393030330,1,1
24.393030334,1,0
24.393030338,1,1
24.393072924,1,0
24.393114034,1,1
24.393135474,0,1
24.393155646,0,0
24.393196760,0,1
24.393219992,1,1
24.393239350,1,0
24.393280462,1,1
24.393301902,0,1
24.393322074,0,0
24.393363188,0,1
24.393386424,1,1
24.393405780,1,0
24.393446890,1,1
24.393468332,0,1
24.393488500,0,0
24.393529614,0,1
24.393571222,0,0
24.393614798,0,1
24.393638032,1,1
24.393657390,1,0
24.393695548,1,1
24.393738142,1,0
24.393782698,1,1
24.401184544,1,0
24.408710136,1,1
24.418598684,0,1
24.418610484,0,0
24.418653074,0,1
24.418694686,0,0
24.418735800,0,1
24.418777410,0,0
24.418818526,0,1
24.418860134,0,0
24.418901248,0,1
24.418942856,0,0
24.418983968,0,1
24.419007206,1,1
24.419026562,1,0
24.419067672,1,1
24.419110268,1,0
24.419151380,1,1
24.419193974,1,0
24.419235084,1,1
24.419277672,1,0
24.419321248,1,1
24.419363846,1,0
24.419402004,1,1
24.419444588,1,0
24.419489140,1,1
24.423117576,0,1
24.423129376,0,0
24.423171966,0,1
24.423195198,1,1
24.423214556,1,0
24.423255670,1,1
24.423298262,1,0
24.423339380,1,1
24.423360822,0,1
24.423380992,0,0
24.423422110,0,1
24.423463720,0,0
24.423504842,0,1
24.423528074,1,1
24.423547432,1,0
24.423588546,1,1
24.423631146,1,0
24.423672262,1,1
24.423693704,0,1
24.423713874,0,0
24.423754992,0,1
24.423796608,0,0
24.423840188,0,1
24.423863424,1,1
24.423882784,1,0
24.423920942,1,1
24.423963532,1,0
24.424008088,1,1
24.431984634,1,0
24.432711944,1,1
24.479473232,0,1
24.479485030,0,0
24.479527618,0,1
24.479550848,1,1
24.479570202,1,0
24.479611314,1,1
24.479653900,1,0
24.479695002,1,1
24.479716440,0,1
24.479736608,0,0
24.479777718,0,1
24.479800950,1,1
24.479820306,1,0
24.479861418,1,1
24.479882860,0,1
24.479903030,0,0
24.479944144,0,1
24.479967374,1,1
24.479986732,1,0
24.480027844,1,1
24.480049284,0,1
24.480069454,0,0
24.480110566,0,1
24.480152172,0,0
24.480195748,0,1
24.480218976,1,1
24.480238334,1,0
24.480276490,1,1
24.480319082,1,0
24.480363638,1,1
24.480381738,1,0
24.480711880,1,1
24.639504824,0,1
24.639516624,0,0
24.639559214,0,1
24.639600820,0,0
24.639641938,0,1
24.639665170,1,1
24.639684528,1,0
24.639725640,1,1
24.639768236,1,0
24.639809350,1,1
24.639830790,0,1
24.639850960,0,0
24.639892072,0,1
24.639915304,1,1
24.639934660,1,0
24.639975762,1,1
24.640018354,1,0
24.640059462,1,1
24.640080902,0,1
24.640101072,0,0
24.640142182,0,1
24.640183792,0,0
24.640227372,0,1
24.640250602,1,1
24.640269962,1,0
24.640308126,1,1
24.640350720,1,0
24.640395278,1,1
24.640412664,1,0
24.640710764,1,1
24.703523244,0,1
24.703535040,0,0
24.703577622,0,1
24.703619224,0,0
24.703660332,0,1
24.703701938,0,0
24.703743048,0,1
24.703784656,0,0
24.703825762,0,1
24.703867368,0,0
24.703908476,0,1
24.703931704,1,1
24.703951058,1,0
24.703992162,1,1
24.704034754,1,0
24.704075858,1,1
24.704118448,1,0
24.704159552,1,1
24.704202144,1,0
24.704245710,1,1
24.704288300,1,0
24.704326450,1,1
24.704369034,1,0
24.704413580,1,1
24.708041574,0,1
24.708053372,0,0
24.708095960,0,1
24.708119188,1,1
24.708138544,1,0
24.708179648,1,1
24.708222238,1,0
24.708263340,1,1
24.708284776,0,1
24.708304944,0,0
24.708346054,0,1
24.708369284,1,1
24.708388640,1,0
24.708429742,1,1
24.708451184,0,1
24.708471352,0,0
24.708512458,0,1
24.708535688,1,1
24.708555042,1,0
24.708596150,1,1
24.708617592,0,1
24.708637760,0,0
24.708678866,0,1
24.708720472,0,0
24.708764044,0,1
24.708787270,1,1
24.708806626,1,0
24.708844778,1,1
24.708887368,1,0
24.708931918,1,1
24.716457650,1,0
24.720711210,1,1
24.726060732,0,1
24.726072532,0,0
24.726115120,0,1
24.726156728,0,0
24.726197846,0,1
24.726239452,0,0
24.726280568,0,1
24.726322180,0,0
24.726363294,0,1
24.726404906,0,0
24.726446022,0,1
24.726469258,1,1
24.726488612,1,0
24.726529728,1,1
24.726572322,1,0
24.726613428,1,1
24.726656022,1,0
24.726697136,1,1
24.726739724,1,0
24.726783296,1,1
24.726825888,1,0
24.726864042,1,1
24.726906634,1,0
24.726951190,1,1
24.730579450,0,1
24.730591250,0,0
24.730633844,0,1
24.730675450,0,0
24.730716564,0,1
24.730739796,1,1
24.730759154,1,0
24.730800264,1,1
24.730842860,1,0
24.730883972,1,1
24.730905410,0,1
24.730925580,0,0
24.730966694,0,1
24.730989926,1,1
24.731009284,1,0
24.731050392,1,1
24.731092982,1,0
24.731134096,1,1
24.731155534,0,1
24.731175704,0,0
24.731216818,0,1
24.731258422,0,0
24.731302000,0,1
24.731325236,1,1
24.731344594,1,0
24.731382754,1,1
24.731425346,1,0
24.731469898,1,1
24.739044482,1,0
24.744711912,1,1
24.799339110,0,1
24.799350910,0,0
24.799393502,0,1
24.799416730,1,1
24.799436090,1,0
24.799477206,1,1
24.799498650,0,1
24.799518820,0,0
24.799559936,0,1
24.799583166,1,1
24.799602522,1,0
24.799643626,1,1
24.799686214,1,0
24.799727318,1,1
24.799769906,1,0
24.799811020,1,1
24.799853612,1,0
24.799894720,1,1
24.799916162,0,1
24.799936334,0,0
24.799977448,0,1
24.800019052,0,0
24.800062626,0,1
24.800104230,0,0
24.800142388,0,1
24.800165620,1,1
24.800184974,1,0
24.800229534,1,1
24.800247712,1,0
24.800709940,1,1
24.803854988,0,1
24.803866788,0,0
24.803909380,0,1
24.803950984,0,0
24.803992100,0,1
24.804015334,1,1
24.804034694,1,0
24.804075804,1,1
24.804118402,1,0
24.804159512,1,1
24.804202106,1,0
24.804243212,1,1
24.804285806,1,0
24.804326916,1,1
24.804369504,1,0
24.804410614,1,1
24.804432052,0,1
24.804452218,0,0
24.804493328,0,1
24.804534934,0,0
24.804578510,0,1
24.804620122,0,0
24.804658290,0,1
24.804681524,1,1
24.804700888,1,0
24.804745456,1,1
24.804763274,1,0
24.808710860,1,1
24.812364634,0,1
24.812376432,0,0
24.812419020,0,1
24.812460626,0,0
24.812501742,0,1
24.812543350,0,0
24.812584464,0,1
24.812607696,1,1
24.812627056,1,0
24.812668170,1,1
24.812710758,1,0
24.812751866,1,1
24.812773306,0,1
24.812793476,0,0
24.812834592,0,1
24.812857820,1,1
24.812877176,1,0
24.812918286,1,1
24.812939728,0,1
24.812959900,0,0
24.813001012,0,1
24.813042618,0,0
24.813086194,0,1
24.813127800,0,0
24.813165962,0,1
24.813189196,1,1
24.813208554,1,0
24.813253108,1,1
24.813271508,1,0
24.816711442,1,1
24.843328782,0,1
24.843340580,0,0
24.843383170,0,1
24.843424772,0,0
24.843465886,0,1
24.843507488,0,0
24.843548596,0,1
24.843590202,0,0
24.843631320,0,1
24.843672924,0,0
24.843714038,0,1
24.843737268,1,1
24.843756626,1,0
24.843797732,1,1
24.843840326,1,0
24.843881436,1,1
24.843924024,1,0
24.843965134,1,1
24.844007728,1,0
24.844051296,1,1
24.844093886,1,0
24.844132040,1,1
24.844174630,1,0
24.844219180,1,1
24.847844120,0,1
24.847855916,0,0
24.847898504,0,1
24.847940108,0,0
24.847981216,0,1
24.848004448,1,1
24.848023806,1,0
24.848064914,1,1
24.848107504,1,0
24.848148610,1,1
24.848191206,1,0
24.848232314,1,1
24.848274902,1,0
24.848316016,1,1
24.848358606,1,0
24.848399714,1,1
24.848421156,0,1
24.848441326,0,0
24.848482442,0,1
24.848524044,0,0
24.848567622,0,1
24.848609230,0,0
24.848647392,0,1
24.848670630,1,1
24.848689992,1,0
24.848734556,1,1
24.852362844,0,1
24.852374644,0,0
24.852417234,0,1
24.852458838,0,0
24.852499952,0,1
24.852523186,1,1
24.852542544,1,0
24.852583652,1,1
24.852626250,1,0
24.852667362,1,1
24.852688802,0,1
24.852708972,0,0
24.852750086,0,1
24.852773316,1,1
24.852792674,1,0
24.852833776,1,1
24.852876368,1,0
24.852917478,1,1
24.852938918,0,1
24.852959088,0,0
24.853000210,0,1
24.853041824,0,0
24.853085402,0,1
24.853108630,1,1
24.853127986,1,0
24.853166140,1,1
24.853208732,1,0
24.853253286,1,1
24.853270458,1,0
24.856709766,1,1
24.869731046,0,1
24.869742846,0,0
24.869785434,0,1
24.869827044,0,0
24.869868158,0,1
24.869909768,0,0
24.869950888,0,1
24.869992496,0,0
24.870033608,0,1
24.870075218,0,0
24.870116332,0,1
24.870139560,1,1
24.870158918,1,0
24.870200028,1,1
24.870242622,1,0
24.870283732,1,1
24.870326330,1,0
24.870367442,1,1
24.870410032,1,0
24.870453604,1,1
24.870496196,1,0
24.870534348,1,1
24.870576944,1,0
24.870621502,1,1
24.874249020,0,1
24.874260818,0,0
24.874303404,0,1
24.874345014,0,0
24.874386126,0,1
24.874409360,1,1
24.874428712,1,0
24.874469810,1,1
24.874512388,1,0
24.874553480,1,1
24.874574912,0,1
24.874595074,0,0
24.874636170,0,1
24.874659396,1,1
24.874678744,1,0
24.874719838,1,1
24.874762414,1,0
24.874803508,1,1
24.874824940,0,1
24.874845102,0,0
24.874886196,0,1
24.874927786,0,0
24.874971334,0,1
24.874994552,1,1
24.875013900,1,0
24.875052034,1,1
24.875094604,1,0
24.875139148,1,1
24.882797062,1,0
24.888709502,1,1
24.889806644,0,1
24.889818444,0,0
24.889861032,0,1
24.889902638,0,0
24.889943748,0,1
24.889985360,0,0
24.890026478,0,1
24.890068084,0,0
24.890109204,0,1
24.890150812,0,0
24.890191928,0,1
24.890215160,1,1
24.890234520,1,0
24.890275634,1,1
24.890318232,1,0
24.890359348,1,1
24.890401942,1,0
24.890443052,1,1
24.890485646,1,0
24.890529218,1,1
24.890571810,1,0
24.890609968,1,1
24.890652564,1,0
24.890697118,1,1
24.894326378,0,1
24.894338180,0,0
24.894380778,0,1
24.894380782,0,0
24.894380784,0,1
24.894422394,0,0
24.894463514,0,1
24.894505122,0,0
24.894546236,0,1
24.894569470,1,1
24.894588830,1,0
24.894629942,1,1
24.894672536,1,0
24.894713650,1,1
24.894735088,0,1
24.894755256,0,0
24.894796368,0,1
24.894819596,1,1
24.894838956,1,0
24.894880064,1,1
24.894901504,0,1
24.894921672,0,0
24.894962788,0,1
24.895004396,0,0
24.895047966,0,1
24.895089570,0,0
24.895127726,0,1
24.895150958,1,1
24.895170314,1,0
24.895214870,1,1
24.903324478,1,0
24.904709714,1,1
24.904750960,0,1
24.904762762,0,0
24.904805364,0,1
24.904846976,0,0
24.904888094,0,1
24.904929704,0,0
24.904970822,0,1
24.905012432,0,0
24.905053548,0,1
24.905095158,0,0
24.905136276,0,1
24.905159506,1,1
24.905178866,1,0
24.905219982,1,1
24.905262572,1,0
24.905303682,1,1
24.905346280,1,0
24.905387388,1,1
24.905429984,1,0
24.905473560,1,1
24.905516152,1,0
24.905554304,1,1
24.905596898,1,0
24.905641456,1,1
24.909266730,0,1
24.909278528,0,0
24.909321116,0,1
24.909344354,1,1
24.909363710,1,0
24.909404820,1,1
24.909426262,0,1
24.909446432,0,0
24.909487542,0,1
24.909510774,1,1
24.909530130,1,0
24.909571238,1,1
24.909613826,1,0
24.909654934,1,1
24.909697526,1,0
24.909738634,1,1
24.909781226,1,0
24.909822338,1,1
24.909843778,0,1
24.909863948,0,0
24.909905060,0,1
24.909946668,0,0
24.909990240,0,1
24.910031850,0,0
24.910070012,0,1
24.910093242,1,1
24.910112596,1,0
24.910157152,1,1
24.917701180,1,0
24.920710880,1,1
24.939238006,0,1
24.939249806,0,0
24.939292394,0,1
24.939334010,0,0
24.939375126,0,1
24.939398360,1,1
24.939417720,1,0
24.939458828,1,1
24.939501418,1,0
24.939542528,1,1
24.939585120,1,0
24.939626228,1,1
24.939668824,1,0
24.939709938,1,1
24.939752528,1,0
24.939793642,1,1
24.939815082,0,1
24.939835252,0,0
24.939876364,0,1
24.939917970,0,0
24.939961546,0,1
24.940003156,0,0
24.940041318,0,1
24.940064550,1,1
24.940083908,1,0
24.940128466,1,1
24.940146942,1,0
24.944710666,1,1
24.953281816,0,1
24.953293616,0,0
24.953336210,0,1
24.953359442,1,1
24.953378800,1,0
24.953419914,1,1
24.953441358,0,1
24.953461528,0,0
24.953502644,0,1
24.953525874,1,1
24.953545232,1,0
24.953586346,1,1
24.953628940,1,0
24.953670054,1,1
24.953712648,1,0
24.953753760,1,1
24.953796352,1,0
24.953837464,1,1
24.953858904,0,1
24.953879074,0,0
24.953920188,0,1
24.953961798,0,0
24.954005380,0,1
24.954046984,0,0
24.954085150,0,1
24.954108386,1,1
24.954127744,1,0
24.954172302,1,1
24.954190628,1,0
24.960710042,1,1
24.964383942,0,1
24.964395740,0,0
24.964438330,0,1
24.964479938,0,0
24.964521054,0,1
24.964562668,0,0
24.964603790,0,1
24.964627020,1,1
24.964646382,1,0
24.964687496,1,1
24.964730092,1,0
24.964771200,1,1
24.964792646,0,1
24.964812818,0,0
24.964853938,0,1
24.964877168,1,1
24.964896526,1,0
24.964937638,1,1
24.964959078,0,1
24.964979250,0,0
24.965020364,0,1
24.965061970,0,0
24.965105550,0,1
24.965147160,0,0
24.965185322,0,1
24.965208558,1,1
24.965227914,1,0
24.965272476,1,1
24.965291014,1,0
24.968711218,1,1
25.018595276,0,1
25.018607074,0,0
25.018649658,0,1
25.018691262,0,0
25.018732372,0,1
25.018773974,0,0
25.018815084,0,1
25.018856690,0,0
25.018897796,0,1
25.018939400,0,0
25.018980510,0,1
25.019003740,1,1
25.019023094,1,0
25.019064200,1,1
25.019106790,1,0
25.019147894,1,1
25.019190476,1,0
25.019231580,1,1
25.019274166,1,0
25.019317734,1,1
25.019360330,1,0
25.019398482,1,1
25.019441068,1,0
25.019485616,1,1
25.019485620,1,0
25.019485624,1,1
25.023110652,0,1
25.023122450,0,0
25.023165036,0,1
25.023206646,0,0
25.023247756,0,1
25.023270992,1,1
25.023290348,1,0
25.023331462,1,1
25.023374052,1,0
25.023415162,1,1
25.023457752,1,0
25.023498856,1,1
25.023541452,1,0
25.023582562,1,1
25.023625152,1,0
25.023666258,1,1
25.023687696,0,1
25.023707866,0,0
25.023748976,0,1
25.023790580,0,0
25.023834150,0,1
25.023875756,0,0
25.023913914,0,1
25.023937144,1,1
25.023956500,1,0
25.024001054,1,1
25.031676664,1,0
25.032709708,1,1
25.043435588,0,1
25.043447386,0,0
25.043489976,0,1
25.043531578,0,0
25.043572688,0,1
25.043614294,0,0
25.043655406,0,1
25.043697006,0,0
25.043738122,0,1
25.043779734,0,0
25.043820848,0,1
25.043844078,1,1
25.043863436,1,0
25.043904542,1,1
25.043947130,1,0
25.043988238,1,1
25.044030826,1,0
25.044071930,1,1
25.044114518,1,0
25.044158092,1,1
25.044200680,1,0
25.044238836,1,1
25.044281428,1,0
25.044325986,1,1
25.047955112,0,1
25.047966912,0,0
25.048009496,0,1
25.048051102,0,0
25.048092216,0,1
25.048133820,0,0
25.048174930,0,1
25.048198166,1,1
25.048217522,1,0
25.048258632,1,1
25.048301222,1,0
25.048342338,1,1
25.048363776,0,1
25.048383946,0,0
25.048425058,0,1
25.048448288,1,1
25.048467644,1,0
25.048508754,1,1
25.048530190,0,1
25.048550358,0,0
25.048591472,0,1
25.048633086,0,0
25.048676668,0,1
25.048718286,0,0
25.048756448,0,1
25.048779680,1,1
25.048799036,1,0
25.048843596,1,1
25.056322174,1,0
25.056709658,1,1
25.065931830,0,1
25.065943628,0,0
25.065986212,0,1
25.066027816,0,0
25.066068930,0,1
25.066110536,0,0
25.066151650,0,1
25.066193256,0,0
25.066234368,0,1
25.066275976,0,0
25.066317090,0,1
25.066340328,1,1
25.066359682,1,0
25.066400792,1,1
25.066443384,1,0
25.066484490,1,1
25.066527080,1,0
25.066568190,1,1
25.066610782,1,0
25.066654354,1,1
25.066696946,1,0
25.066735096,1,1
25.066777684,1,0
25.066822238,1,1
25.070447494,0,1
25.070459294,0,0
25.070501882,0,1
25.070525114,1,1
25.070544468,1,0
25.070585576,1,1
25.070607018,0,1
25.070627188,0,0
25.070668298,0,1
25.070691532,1,1
25.070710888,1,0
25.070752002,1,1
25.070794592,1,0
25.070835700,1,1
25.070878290,1,0
25.070919398,1,1
25.070961984,1,0
25.071003092,1,1
25.071024532,0,1
25.071044702,0,0
25.071085810,0,1
25.071127418,0,0
25.071170996,0,1
25.071212598,0,0
25.071250760,0,1
25.071273992,1,1
25.071293348,1,0
25.071337906,1,1
25.078916674,1,0
25.080710380,1,1
25.134873364,0,1
25.134885162,0,0
25.134927746,0,1
25.134969352,0,0
25.135010466,0,1
25.135052070,0,0
25.135093188,0,1
25.135116422,1,1
25.135135778,1,0
25.135176884,1,1
25.135219478,1,0
25.135260584,1,1
25.135282026,0,1
25.135302194,0,0
25.135343314,0,1
25.135366546,1,1
25.135385904,1,0
25.135427014,1,1
25.135448456,0,1
25.135468628,0,0
25.135509754,0,1
25.135551368,0,0
25.135594946,0,1
25.135636556,0,0
25.135674714,0,1
25.135697940,1,1
25.135717296,1,0
25.135761854,1,1
25.135780594,1,0
25.136710066,1,1
25.176481748,0,1
25.176493548,0,0
25.176536136,0,1
25.176577738,0,0
25.176618856,0,1
25.176660472,0,0
25.176701592,0,1
25.176743202,0,0
25.176784318,0,1
25.176825924,0,0
25.176867036,0,1
25.176890268,1,1
25.176909624,1,0
25.176950734,1,1
25.176993320,1,0
25.177034428,1,1
25.177077016,1,0
25.177118116,1,1
25.177160704,1,0
25.177204270,1,1
25.177246860,1,0
25.177285010,1,1
25.177327604,1,0
25.177372152,1,1
25.181001264,0,1
25.181013064,0,0
25.181055650,0,1
25.181097260,0,0
25.181138372,0,1
25.181179982,0,0
25.181221100,0,1
25.181244336,1,1
25.181263694,1,0
25.181304802,1,1
25.181347400,1,0
25.181388516,1,1
25.181409956,0,1
25.181430126,0,0
25.181471238,0,1
25.181494474,1,1
25.181513832,1,0
25.181554944,1,1
25.181576384,0,1
25.181596556,0,0
25.181637672,0,1
25.181679280,0,0
25.181722854,0,1
25.181764462,0,0
25.181802624,0,1
25.181825860,1,1
25.181845214,1,0
25.181889776,1,1
25.185519006,0,1
25.185530806,0,0
25.185573402,0,1
25.185615008,0,0
25.185656118,0,1
25.185697728,0,0
25.185738844,0,1
25.185762074,1,1
25.185781432,1,0
25.185822542,1,1
25.185843984,0,1
25.185864154,0,0
25.185905270,0,1
25.185928502,1,1
25.185947860,1,0
25.185988972,1,1
25.186031562,1,0
25.186072674,1,1
25.186094116,0,1
25.186114286,0,0
25.186155400,0,1
25.186197006,0,0
25.186240582,0,1
25.186282192,0,0
25.186320358,0,1
25.186343592,1,1
25.186362950,1,0
25.186407508,1,1
25.186425490,1,0
25.192710448,1,1
25.192994938,0,1
25.193006738,0,0
25.193049334,0,1
25.193090940,0,0
25.193132060,0,1
25.193173668,0,0
25.193214784,0,1
25.193238016,1,1
25.193257372,1,0
25.193298488,1,1
25.193341082,1,0
25.193382196,1,1
25.193424788,1,0
25.193465900,1,1
25.193508490,1,0
25.193549600,1,1
25.193571040,0,1
25.193591210,0,0
25.193632320,0,1
25.193673928,0,0
25.193717508,0,1
25.193740742,1,1
25.193760102,1,0
25.193798266,1,1
25.193840858,1,0
25.193885414,1,1
25.193903762,1,0
25.200710360,1,1
25.200756154,0,1
25.200767960,0,0
25.200810566,0,1
25.200833800,1,1
25.200853160,1,0
25.200894282,1,1
25.200915724,0,1
25.200935896,0,0
25.200977012,0,1
25.201000246,1,1
25.201019606,1,0
25.201060718,1,1
25.201082160,0,1
25.201102328,0,0
25.201143446,0,1
25.201166678,1,1
25.201186038,1,0
25.201227146,1,1
25.201269744,1,0
25.201310860,1,1
25.201332304,0,1
25.201352474,0,0
25.201393592,0,1
25.201435200,0,0
25.201478776,0,1
25.201502006,1,1
25.201521364,1,0
25.201559524,1,1
25.201602116,1,0
25.201646674,1,1
25.201664744,1,0
25.208710294,1,1
25.216593042,0,1
25.216604844,0,0
25.216647446,0,1
25.216689058,0,0
25.216730174,0,1
25.216771786,0,0
25.216812900,0,1
25.216854508,0,0
25.216895628,0,1
25.216937238,0,0
25.216978352,0,1
25.217001588,1,1
25.217020946,1,0
25.217062058,1,1
25.217104652,1,0
25.217145764,1,1
25.217188360,1,0
25.217229470,1,1
25.217272066,1,0
25.217315640,1,1
25.217358236,1,0
25.217396394,1,1
25.217438988,1,0
25.217483542,1,1
25.221112320,0,1
25.221124124,0,0
25.221166734,0,1
25.221208358,0,0
25.221249494,0,1
25.221291116,0,0
25.221332252,0,1
25.221355498,1,1
25.221374862,1,0
25.221415990,1,1
25.221415996,1,0
25.221416000,1,1
25.221458606,1,0
25.221499736,1,1
25.221542340,1,0
25.221583464,1,1
25.221626062,1,0
25.221667180,1,1
25.221688622,0,1
25.221708794,0,0
25.221749914,0,1
25.221791526,0,0
25.221835108,0,1
25.221858342,1,1
25.221877702,1,0
25.221915864,1,1
25.221958460,1,0
25.222003020,1,1
25.225631630,0,1
25.225643430,0,0
25.225686024,0,1
25.225727634,0,0
25.225768754,0,1
25.225810360,0,0
25.225851476,0,1
25.225893088,0,0
25.225934210,0,1
25.225975820,0,0
25.226016944,0,1
25.226040176,1,1
25.226059538,1,0
25.226100654,1,1
25.226143248,1,0
25.226184362,1,1
25.226226956,1,0
25.226268068,1,1
25.226310668,1,0
25.226354244,1,1
25.226396840,1,0
25.226435000,1,1
25.226477594,1,0
25.226522150,1,1
25.230151422,0,1
25.230163222,0,0
25.230205820,0,1
25.230229052,1,1
25.230248412,1,0
25.230289524,1,1
25.230310970,0,1
25.230331144,0,0
25.230372264,0,1
25.230395502,1,1
25.230414860,1,0
25.230455976,1,1
25.230477420,0,1
25.230497592,0,0
25.230538708,0,1
25.230561942,1,1
25.230581300,1,0
25.230622418,1,1
25.230665014,1,0
25.230706128,1,1
25.230727570,0,1
25.230747742,0,0
25.230788860,0,1
25.230830468,0,0
25.230874050,0,1
25.230897286,1,1
25.230916644,1,0
25.230954804,1,1
25.230997398,1,0
25.231041958,1,1
25.239107294,1,0
25.240710052,1,1
25.250707658,0,1
25.250719458,0,0
25.250762048,0,1
25.250803660,0,0
25.250844778,0,1
25.250886392,0,0
25.250927512,0,1
25.250969124,0,0
25.251010242,0,1
25.251051854,0,0
25.251092974,0,1
25.251116206,1,1
25.251135566,1,0
25.251176682,1,1
25.251219278,1,0
25.251260392,1,1
25.251302986,1,0
25.251344104,1,1
25.251386698,1,0
25.251430276,1,1
25.251472872,1,0
25.251511028,1,1
25.251553624,1,0
25.251598184,1,1
25.255227682,0,1
25.255239482,0,0
25.255282074,0,1
25.255323688,0,0
25.255364806,0,1
25.255406418,0,0
25.255447536,0,1
25.255470770,1,1
25.255490128,1,0
25.255531244,1,1
25.255552686,0,1
25.255572856,0,0
25.255613974,0,1
25.255637208,1,1
25.255656568,1,0
25.255697684,1,1
25.255740280,1,0
25.255781396,1,1
25.255802840,0,1
25.255823012,0,0
25.255864122,0,1
25.255905722,0,0
25.255949288,0,1
25.255990886,0,0
25.256029034,0,1
25.256052260,1,1
25.256071612,1,0
25.256116152,1,1
25.263758802,1,0
25.264703882,1,1
25.301330484,0,1
25.301342284,0,0
25.301384872,0,1
25.301408104,1,1
25.301427460,1,0
25.301468570,1,1
25.301511158,1,0
25.301552270,1,1
25.301573710,0,1
25.301593880,0,0
25.301634990,0,1
25.301676596,0,0
25.301717708,0,1
25.301759314,0,0
25.301800428,0,1
25.301842034,0,0
25.301883148,0,1
25.301906376,1,1
25.301925734,1,0
25.301966844,1,1
25.301988286,0,1
25.302008456,0,0
25.302052030,0,1
25.302093636,0,0
25.302131792,0,1
25.302155022,1,1
25.302174376,1,0
25.302218930,1,1
25.302237554,1,0
25.304710094,1,1
25.315225936,0,1
25.315237734,0,0
25.315280318,0,1
25.315321932,0,0
25.315363050,0,1
25.315404656,0,0
25.315445774,0,1
25.315469008,1,1
25.315488364,1,0
25.315529476,1,1
25.315550912,0,1
25.315571082,0,0
25.315612196,0,1
25.315635426,1,1
25.315654784,1,0
25.315695898,1,1
25.315738490,1,0
25.315779602,1,1
25.315801044,0,1
25.315821218,0,0
25.315862334,0,1
25.315903948,0,0
25.315947526,0,1
25.315989138,0,0
25.316027304,0,1
25.316050536,1,1
25.316069892,1,0
25.316114452,1,1
25.316132568,1,0
25.320709034,1,1
25.323512606,0,1
25.323524406,0,0
25.323567000,0,1
25.323608610,0,0
25.323649728,0,1
25.323691338,0,0
25.323732456,0,1
25.323755688,1,1
25.323775048,1,0
25.323816158,1,1
25.323858756,1,0
25.323899862,1,1
25.323942456,1,0
25.323983564,1,1
25.324026160,1,0
25.324067268,1,1
25.324088712,0,1
25.324108882,0,0
25.324150004,0,1
25.324191618,0,0
25.324235214,0,1
25.324258452,1,1
25.324277816,1,0
25.324315984,1,1
25.324358592,1,0
25.324403166,1,1
25.324422046,1,0
25.328709536,1,1
25.390388234,0,1
25.390400032,0,0
25.390442620,0,1
25.390484222,0,0
25.390525330,0,1
25.390566936,0,0
25.390608050,0,1
25.390649652,0,0
25.390690766,0,1
25.390732370,0,0
25.390773480,0,1
25.390796710,1,1
25.390816068,1,0
25.390857180,1,1
25.390899766,1,0
25.390940870,1,1
25.390983458,1,0
25.391024556,1,1
25.391067146,1,0
25.391110716,1,1
25.391153302,1,0
25.391191456,1,1
25.391234044,1,0
25.391278592,1,1
25.394907654,0,1
25.394919454,0,0
25.394962040,0,1
25.394985270,1,1
25.395004626,1,0
25.395045730,1,1
25.395045734,1,0
25.395045738,1,1
25.395088322,1,0
25.395129430,1,1
25.395150870,0,1
25.395171040,0,0
25.395212152,0,1
25.395253758,0,0
25.395294872,0,1
25.395336482,0,0
25.395377596,0,1
25.395419204,0,0
25.395460318,0,1
25.395483550,1,1
25.395502908,1,0
25.395544024,1,1
25.395565464,0,1
25.395585634,0,0
25.395629210,0,1
25.395670818,0,0
25.395708980,0,1
25.395732214,1,1
25.395751570,1,0
25.395796134,1,1
25.403431382,1,0
25.408710238,1,1
25.408751860,0,1
25.408763662,0,0
25.408806264,0,1
25.408847874,0,0
25.408888998,0,1
25.408930612,0,0
25.408971728,0,1
25.409013340,0,0
25.409054460,0,1
25.409096066,0,0
25.409137184,0,1
25.409160414,1,1
25.409179774,1,0
25.409220888,1,1
25.409263480,1,0
25.409304592,1,1
25.409347196,1,0
25.409388312,1,1
25.409430904,1,0
25.409474476,1,1
25.409517066,1,0
25.409555220,1,1
25.409597810,1,0
25.409642360,1,1
25.413271592,0,1
25.413283392,0,0
25.413325984,0,1
25.413367590,0,0
25.413408706,0,1
25.413450312,0,0
25.413491430,0,1
25.413514660,1,1
25.413534016,1,0
25.413575126,1,1
25.413596568,0,1
25.413616738,0,0
25.413657852,0,1
25.413681088,1,1
25.413700444,1,0
25.413741554,1,1
25.413784150,1,0
25.413825260,1,1
25.413846700,0,1
25.413866870,0,0
25.413907988,0,1
25.413949594,0,0
25.413993172,0,1
25.414034782,0,0
25.414072942,0,1
25.414096172,1,1
25.414115530,1,0
25.414160086,1,1
25.417788366,0,1
25.417800166,0,0
25.417842760,0,1
25.417884368,0,0
25.417925484,0,1
25.417967092,0,0
25.418008204,0,1
25.418049814,0,0
25.418090932,0,1
25.418132544,0,0
25.418173658,0,1
25.418196894,1,1
25.418216256,1,0
25.418257366,1,1
25.418299958,1,0
25.418341074,1,1
25.418383668,1,0
25.418424776,1,1
25.418467370,1,0
25.418510944,1,1
25.418553536,1,0
25.418591692,1,1
25.418634282,1,0
25.418678838,1,1
25.422307118,0,1
25.422318918,0,0
25.422361506,0,1
25.422403118,0,0
25.422444236,0,1
25.422485842,0,0
25.422526958,0,1
25.422550190,1,1
25.422569548,1,0
25.422610658,1,1
25.422653254,1,0
25.422694368,1,1
25.422736958,1,0
25.422778068,1,1
25.422820662,1,0
25.422861768,1,1
25.422883206,0,1
25.422903376,0,0
25.422944494,0,1
25.422986100,0,0
25.423029676,0,1
25.423052910,1,1
25.423072270,1,0
25.423110426,1,1
25.423153014,1,0
25.423197574,1,1
25.431156044,1,0
25.432711054,1,1
25.481497204,0,1
25.481509004,0,0
25.481551598,0,1
25.481593204,0,0
25.481634316,0,1
25.481675920,0,0
25.481717030,0,1
25.481740258,1,1
25.481759616,1,0
25.481800728,1,1
25.481822164,0,1
25.481842334,0,0
25.481883440,0,1
25.481906674,1,1
25.481926030,1,0
25.481967134,1,1
25.482009720,1,0
25.482050826,1,1
25.482072264,0,1
25.482092430,0,0
25.482133538,0,1
25.482175140,0,0
25.482218716,0,1
25.482260318,0,0
25.482298474,0,1
25.482321708,1,1
25.482341064,1,0
25.482385618,1,1
25.482403596,1,0
25.488710490,1,1
25.970449652,0,1
25.970461450,0,0
25.970504034,0,1
25.970527264,1,1
25.970546620,1,0
25.970587724,1,1
25.970587730,1,0
25.970587732,1,1
25.970630318,1,0
25.970671424,1,1
25.970692864,0,1
25.970713032,0,0
25.970754138,0,1
25.970777366,1,1
25.970796722,1,0
25.970837834,1,1
25.970880422,1,0
25.970921530,1,1
25.970964120,1,0
25.971005226,1,1
25.971026662,0,1
25.971046828,0,0
25.971087942,0,1
25.971129546,0,0
25.971173118,0,1
25.971214722,0,0
25.971252882,0,1
25.971276112,1,1
25.971295468,1,0
25.971340030,1,1
25.971357200,1,0
25.976709428,1,1
25.998798070,0,1
25.998809868,0,0
25.998852460,0,1
25.998894068,0,0
25.998935184,0,1
25.998976798,0,0
25.999017914,0,1
25.999059524,0,0
25.999100644,0,1
25.999142258,0,0
25.999183376,0,1
25.999206606,1,1
25.999225964,1,0
25.999267076,1,1
25.999309672,1,0
25.999350790,1,1
25.999393388,1,0
25.999434500,1,1
25.999477090,1,0
25.999520664,1,1
25.999563260,1,0
25.999601412,1,1
25.999644012,1,0
25.999688580,1,1
26.003314124,0,1
26.003325928,0,0
26.003368528,0,1
26.003391762,1,1
26.003411120,1,0
26.003452236,1,1
26.003494834,1,0
26.003535946,1,1
26.003557388,0,1
26.003577560,0,0
26.003618678,0,1
26.003641908,1,1
26.003661268,1,0
26.003702384,1,1
26.003744980,1,0
26.003786092,1,1
26.003828688,1,0
26.003869800,1,1
26.003891242,0,1
26.003911412,0,0
26.003952526,0,1
26.003994136,0,0
26.004037714,0,1
26.004079320,0,0
26.004117484,0,1
26.004140716,1,1
26.004160072,1,0
26.004204632,1,1
26.011478900,1,0
26.016709404,1,1
26.019232598,0,1
26.019244398,0,0
26.019286982,0,1
26.019328596,0,0
26.019369714,0,1
26.019411324,0,0
26.019452440,0,1
26.019494048,0,0
26.019535164,0,1
26.019576772,0,0
26.019617888,0,1
26.019641122,1,1
26.019660476,1,0
26.019701590,1,1
26.019744182,1,0
26.019785290,1,1
26.019827882,1,0
26.019868992,1,1
26.019911584,1,0
26.019955152,1,1
26.019997746,1,0
26.020035900,1,1
26.020078492,1,0
26.020123046,1,1
26.023752502,0,1
26.023764302,0,0
26.023806894,0,1
26.023848500,0,0
26.023889618,0,1
26.023931228,0,0
26.023972340,0,1
26.023995574,1,1
26.024014932,1,0
26.024056042,1,1
26.024077486,0,1
26.024097658,0,0
26.024138776,0,1
26.024162006,1,1
26.024181366,1,0
26.024222478,1,1
26.024265072,1,0
26.024306182,1,1
26.024327628,0,1
26.024347798,0,0
26.024388914,0,1
26.024430528,0,0
26.024474106,0,1
26.024515714,0,0
26.024553880,0,1
26.024577112,1,1
26.024596468,1,0
26.024641036,1,1
26.032015656,1,0
26.032709914,1,1
27.713893132,0,1
27.713904924,0,0
27.713947490,0,1
27.713970710,1,1
27.713990056,1,0
27.714031140,1,1
27.714073712,1,0
27.714114806,1,1
27.714136244,0,1
27.714156408,0,0
27.714197520,0,1
27.714239122,0,0
27.714280230,0,1
27.714303458,1,1
27.714322816,1,0
27.714363926,1,1
27.714406520,1,0
27.714447630,1,1
27.714469076,0,1
27.714489248,0,0
27.714530362,0,1
27.714571972,0,0
27.714615556,0,1
27.714638794,1,1
27.714658156,1,0
27.714696318,1,1
27.714738924,1,0
27.714783492,1,1
27.714801982,1,0
27.720706208,1,1
27.782824362,0,1
27.782836160,0,0
27.782878744,0,1
27.782920350,0,0
27.782961458,0,1
27.783003060,0,0
27.783044170,0,1
27.783085772,0,0
27.783126886,0,1
27.783168486,0,0
27.783209594,0,1
27.783232826,1,1
27.783252180,1,0
27.783293290,1,1
27.783335884,1,0
27.783376994,1,1
27.783419582,1,0
27.783460690,1,1
27.783503280,1,0
27.783546854,1,1
27.783589440,1,0
27.783627590,1,1
27.783670184,1,0
27.783714736,1,1
27.787342762,0,1
27.787354562,0,0
27.787397146,0,1
27.787420378,1,1
27.787439734,1,0
27.787480842,1,1
27.787523432,1,0
27.787564544,1,1
27.787585984,0,1
27.787606156,0,0
27.787647270,0,1
27.787688878,0,0
27.787729992,0,1
27.787753226,1,1
27.787772582,1,0
27.787813690,1,1
27.787856284,1,0
27.787897394,1,1
27.787918834,0,1
27.787939002,0,0
27.787980116,0,1
27.788021722,0,0
27.788065296,0,1
27.788088524,1,1
27.788107880,1,0
27.788146036,1,1
27.788188626,1,0
27.788233180,1,1
27.795620324,1,0
27.800706110,1,1
27.851763166,0,1
27.851774964,0,0
27.851817552,0,1
27.851840782,1,1
27.851860140,1,0
27.851901244,1,1
27.851943834,1,0
27.851984944,1,1
27.852006384,0,1
27.852026552,0,0
27.852067664,0,1
27.852090898,1,1
27.852110252,1,0
27.852151360,1,1
27.852193954,1,0
27.852235066,1,1
27.852277658,1,0
27.852318766,1,1
27.852340210,0,1
27.852360380,0,0
27.852401492,0,1
27.852443100,0,0
27.852486676,0,1
27.852528280,0,0
27.852566434,0,1
27.852589670,1,1
27.852609026,1,0
27.852653582,1,1
27.852672596,1,0
27.856706660,1,1
27.910395182,0,1
27.910406982,0,0
27.910449568,0,1
27.910472794,1,1
27.910492146,1,0
27.910533248,1,1
27.910575836,1,0
27.910616940,1,1
27.910638378,0,1
27.910658546,0,0
27.910699660,0,1
27.910741266,0,0
27.910782374,0,1
27.910805604,1,1
27.910824958,1,0
27.910866058,1,1
27.910908640,1,0
27.910949744,1,1
27.910971182,0,1
27.910991350,0,0
27.911032456,0,1
27.911074060,0,0
27.911117632,0,1
27.911140862,1,1
27.911160216,1,0
27.911198366,1,1
27.911240950,1,0
27.911285496,1,1
27.911302810,1,0
27.912699792,1,1
27.927963010,0,1
27.927974808,0,0
27.928017394,0,1
27.928058994,0,0
27.928100102,0,1
27.928141708,0,0
27.928182818,0,1
27.928224422,0,0
27.928265536,0,1
27.928307138,0,0
27.928348256,0,1
27.928371486,1,1
27.928390842,1,0
27.928431950,1,1
27.928474538,1,0
27.928515644,1,1
27.928558234,1,0
27.928599340,1,1
27.928641934,1,0
27.928685510,1,1
27.928728102,1,0
27.928766258,1,1
27.928808852,1,0
27.928853402,1,1
27.932481466,0,1
27.932493264,0,0
27.932535854,0,1
27.932559086,1,1
27.932578442,1,0
27.932619554,1,1
27.932662146,1,0
27.932703254,1,1
27.932724694,0,1
27.932744862,0,0
27.932785972,0,1
27.932827576,0,0
27.932868692,0,1
27.932891920,1,1
27.932911274,1,0
27.932952380,1,1
27.932994970,1,0
27.933036076,1,1
27.933057516,0,1
27.933077686,0,0
27.933118798,0,1
27.933160400,0,0
27.933203976,0,1
27.933227206,1,1
27.933246562,1,0
27.933284714,1,1
27.933327304,1,0
27.933371854,1,1
27.941457094,1,0
27.944706922,1,1
27.945824040,0,1
27.945835840,0,0
27.945878428,0,1
27.945920032,0,0
27.945961144,0,1
27.946002748,0,0
27.946043858,0,1
27.946085462,0,0
27.946126570,0,1
27.946126574,0,0
27.946126576,0,1
27.946168182,0,0
27.946209300,0,1
27.946232536,1,1
27.946251892,1,0
27.946293008,1,1
27.946335608,1,0
27.946376718,1,1
27.946419312,1,0
27.946460424,1,1
27.946503018,1,0
27.946546594,1,1
27.946589186,1,0
27.946627346,1,1
27.946669936,1,0
27.946714498,1,1
27.950339630,0,1
27.950351426,0,0
27.950394010,0,1
27.950417240,1,1
27.950436594,1,0
27.950477696,1,1
27.950520284,1,0
27.950561386,1,1
27.950582822,0,1
27.950602990,0,0
27.950644094,0,1
27.950667324,1,1
27.950686674,1,0
27.950727774,1,1
27.950770360,1,0
27.950811462,1,1
27.950854048,1,0
27.950895156,1,1
27.950916598,0,1
27.950936770,0,0
27.950977884,0,1
27.951019492,0,0
27.951063074,0,1
27.951104684,0,0
27.951142844,0,1
27.951166078,1,1
27.951185434,1,0
27.951229992,1,1
27.958912206,1,0
27.960706820,1,1
27.982709698,0,1
27.982721498,0,0
27.982764088,0,1
27.982787320,1,1
27.982806676,1,0
27.982847784,1,1
27.982890374,1,0
27.982931480,1,1
27.982952916,0,1
27.982973086,0,0
27.983014194,0,1
27.983037426,1,1
27.983056780,1,0
27.983097880,1,1
27.983140464,1,0
27.983181568,1,1
27.983224154,1,0
27.983265260,1,1
27.983286700,0,1
27.983306870,0,0
27.983347984,0,1
27.983389596,0,0
27.983433174,0,1
27.983474782,0,0
27.983512942,0,1
27.983536172,1,1
27.983555528,1,0
27.983600084,1,1
27.983618924,1,0
27.984706650,1,1
28.015135004,0,1
28.015146804,0,0
28.015189390,0,1
28.015212620,1,1
28.015231974,1,0
28.015273080,1,1
28.015315674,1,0
28.015356780,1,1
28.015378224,0,1
28.015398394,0,0
28.015439506,0,1
28.015481106,0,0
28.015522218,0,1
28.015545448,1,1
28.015564802,1,0
28.015605906,1,1
28.015648496,1,0
28.015689600,1,1
28.015711042,0,1
28.015731212,0,0
28.015772324,0,1
28.015813932,0,0
28.015857510,0,1
28.015880740,1,1
28.015900098,1,0
28.015938256,1,1
28.015980846,1,0
28.016025396,1,1
28.016043826,1,0
28.016706374,1,1
28.078143796,0,1
28.078155592,0,0
28.078198174,0,1
28.078239772,0,0
28.078280876,0,1
28.078322484,0,0
28.078363596,0,1
28.078405198,0,0
28.078446308,0,1
28.078487910,0,0
28.078529014,0,1
28.078552246,1,1
28.078571604,1,0
28.078612716,1,1
28.078655302,1,0
28.078696410,1,1
28.078739000,1,0
28.078780104,1,1
28.078822694,1,0
28.078866262,1,1
28.078908850,1,0
28.078947004,1,1
28.078989594,1,0
28.079034148,1,1
28.082662138,0,1
28.082673938,0,0
28.082716522,0,1
28.082739752,1,1
28.082759108,1,0
28.082800214,1,1
28.082842802,1,0
28.082883908,1,1
28.082905344,0,1
28.082925512,0,0
28.082966618,0,1
28.083008216,0,0
28.083049326,0,1
28.083072552,1,1
28.083091906,1,0
28.083133010,1,1
28.083175598,1,0
28.083216702,1,1
28.083238144,0,1
28.083258312,0,0
28.083299424,0,1
28.083341028,0,0
28.083384596,0,1
28.083407828,1,1
28.083427184,1,0
28.083465336,1,1
28.083507924,1,0
28.083552478,1,1
28.091400912,1,0
28.096706506,1,1
28.105791090,0,1
28.105802890,0,0
28.105845482,0,1
28.105887092,0,0
28.105928208,0,1
28.105969820,0,0
28.106010936,0,1
28.106052546,0,0
28.106093664,0,1
28.106135272,0,0
28.106176386,0,1
28.106199616,1,1
28.106218976,1,0
28.106260090,1,1
28.106302684,1,0
28.106343798,1,1
28.106386390,1,0
28.106427498,1,1
28.106470088,1,0
28.106513664,1,1
28.106556254,1,0
28.106594412,1,1
28.106637006,1,0
28.106681564,1,1
28.110306900,0,1
28.110318700,0,0
28.110361296,0,1
28.110384526,1,1
28.110403884,1,0
28.110444994,1,1
28.110444998,1,0
28.110445000,1,1
28.110487588,1,0
28.110528696,1,1
28.110550136,0,1
28.110570306,0,0
28.110611426,0,1
28.110634656,1,1
28.110654014,1,0
28.110695126,1,1
28.110737718,1,0
28.110778826,1,1
28.110821420,1,0
28.110862532,1,1
28.110883970,0,1
28.110904138,0,0
28.110945254,0,1
28.110986862,0,0
28.111030436,0,1
28.111072048,0,0
28.111110208,0,1
28.111133440,1,1
28.111152796,1,0
28.111197354,1,1
28.119121536,1,0
28.120712628,1,1
28.132016434,0,1
28.132028232,0,0
28.132070818,0,1
28.132094046,1,1
28.132113404,1,0
28.132154512,1,1
28.132197106,1,0
28.132238218,1,1
28.132259658,0,1
28.132279828,0,0
28.132320946,0,1
28.132344182,1,1
28.132363538,1,0
28.132404642,1,1
28.132447236,1,0
28.132488344,1,1
28.132530932,1,0
28.132572042,1,1
28.132593482,0,1
28.132613652,0,0
28.132654766,0,1
28.132696374,0,0
28.132739950,0,1
28.132781554,0,0
28.132819712,0,1
28.132842942,1,1
28.132862298,1,0
28.132906848,1,1
28.132925406,1,0
28.136706810,1,1
28.164442304,0,1
28.164454102,0,0
28.164496682,0,1
28.164519908,1,1
28.164539262,1,0
28.164580366,1,1
28.164622950,1,0
28.164664050,1,1
28.164685490,0,1
28.164705658,0,0
28.164746762,0,1
28.164788364,0,0
28.164829474,0,1
28.164852706,1,1
28.164872060,1,0
28.164913158,1,1
28.164913160,1,0
28.164913164,1,1
28.164955748,1,0
28.164996852,1,1
28.165018294,0,1
28.165038462,0,0
28.165079576,0,1
28.165121178,0,0
28.165164744,0,1
28.165187972,1,1
28.165207328,1,0
28.165245482,1,1
28.165288070,1,0
28.165332626,1,1
28.165350732,1,0
28.168706724,1,1
28.241010322,0,1
28.241022118,0,0
28.241064700,0,1
28.241106300,0,0
28.241147410,0,1
28.241189010,0,0
28.241230118,0,1
28.241271722,0,0
28.241312828,0,1
28.241354436,0,0
28.241395550,0,1
28.241418780,1,1
28.241438132,1,0
28.241479238,1,1
28.241521826,1,0
28.241562928,1,1
28.241605516,1,0
28.241646626,1,1
28.241689210,1,0
28.241732776,1,1
28.241775364,1,0
28.241813514,1,1
28.241856096,1,0
28.241900648,1,1
28.245529100,0,1
28.245540898,0,0
28.245583486,0,1
28.245606716,1,1
28.245626070,1,0
28.245667174,1,1
28.245709760,1,0
28.245750862,1,1
28.245772298,0,1
28.245792466,0,0
28.245833576,0,1
28.245875178,0,0
28.245916286,0,1
28.245939514,1,1
28.245958870,1,0
28.245999974,1,1
28.246042556,1,0
28.246083660,1,1
28.246105100,0,1
28.246125268,0,0
28.246166374,0,1
28.246207976,0,0
28.246251546,0,1
28.246274770,1,1
28.246294124,1,0
28.246332278,1,1
28.246374868,1,0
28.246419418,1,1
28.253646910,1,0
28.256705146,1,1
28.386372110,0,1
28.386383908,0,0
28.386426500,0,1
28.386468108,0,0
28.386509222,0,1
28.386550828,0,0
28.386591948,0,1
28.386615180,1,1
28.386634538,1,0
28.386675650,1,1
28.386697090,0,1
28.386717262,0,0
28.386758380,0,1
28.386781610,1,1
28.386800968,1,0
28.386842082,1,1
28.386884676,1,0
28.386925784,1,1
28.386947222,0,1
28.386967392,0,0
28.387008508,0,1
28.387050116,0,0
28.387093692,0,1
28.387135302,0,0
28.387173462,0,1
28.387196700,1,1
28.387216060,1,0
28.387260618,1,1
28.387278628,1,0
28.392706448,1,1
28.425498082,1,0
28.425770360,0,0
28.426541350,0,1
28.426662262,0,0
28.426664034,1,0
28.426703378,1,1
28.426744986,1,0
28.426747028,0,0
28.426786106,0,1
28.426828698,0,0
28.426830386,1,0
28.426869808,1,1
28.426911414,1,0
28.426952524,1,1
28.426994132,1,0
28.426995668,0,0
28.427035244,0,1
28.427077836,0,0
28.427080044,1,0
28.427118948,1,1
28.427160556,1,0
28.427201666,1,1
28.427243274,1,0
28.427284380,1,1
28.427327464,1,0
28.427368576,1,1
28.427411170,1,0
28.427452278,1,1
28.427485534,0,1
28.427498814,0,0
28.427539944,0,1
28.427563182,1,1
28.427834624,0,1
28.427846422,0,0
28.427889008,0,1
28.427889012,0,0
28.427889016,0,1
28.427930618,0,0
28.427971730,0,1
28.427994962,1,1
28.428014318,1,0
28.428055430,1,1
28.428076872,0,1
28.428097044,0,0
28.428138166,0,1
28.428161398,1,1
28.428180754,1,0
28.428221868,1,1
28.428264462,1,0
28.428305574,1,1
28.428348168,1,0
28.428389282,1,1
28.428431878,1,0
28.428472986,1,1
28.428515580,1,0
28.428559152,1,1
28.428601744,1,0
28.428639890,1,1
28.428639896,1,0
28.428639898,1,1
28.428682486,1,0
28.428727036,1,1
28.428740738,1,0
28.429009076,0,0
28.429780056,0,1
28.429823738,0,0
28.429864866,0,1
28.429907464,0,0
28.429948586,0,1
28.429991184,0,0
28.429992872,1,0
28.430032298,1,1
28.430073908,1,0
28.430075862,0,0
28.430115030,0,1
28.430157624,0,0
28.430198744,0,1
28.430241336,0,0
28.430282456,0,1
28.430325038,0,0
28.430366152,0,1
28.430408734,0,0
28.430449844,0,1
28.430493894,0,0
28.430535000,0,1
28.430574124,0,0
28.430575832,1,0
28.430615210,1,1
28.430648452,0,1
28.430661728,0,0
28.430702846,0,1
28.430726078,1,1
28.431064604,0,1
28.431076420,0,0
28.431119078,0,1
28.431160750,0,0
28.431201934,0,1
28.431225204,1,1
28.431244592,1,0
28.431285778,1,1
28.431307254,0,1
28.431327462,0,0
28.431368652,0,1
28.431391920,1,1
28.431411310,1,0
28.431452494,1,1
28.431495158,1,0
28.431536338,1,1
28.431579008,1,0
28.431620192,1,1
28.431662852,1,0
28.431704034,1,1
28.431746690,1,0
28.431790334,1,1
28.431833000,1,0
28.431871224,1,1
28.431913882,1,0
28.431958520,1,1
28.431971102,1,0
28.431972352,1,1
28.443667644,0,1
28.443679464,0,0
28.443722134,0,1
28.443763818,0,0
28.443805010,0,1
28.443846692,0,0
28.443887884,0,1
28.443929568,0,0
28.443970760,0,1
28.444012444,0,0
28.444053638,0,1
28.444076914,1,1
28.444096304,1,0
28.444137496,1,1
28.444180166,1,0
28.444221352,1,1
28.444264022,1,0
28.444305210,1,1
28.444347886,1,0
28.444391564,1,1
28.444434258,1,0
28.444472512,1,1
28.444515200,1,0
28.444559868,1,1
28.448196140,0,1
28.448207962,0,0
28.448250628,0,1
28.448250634,0,0
28.448250636,0,1
28.448292314,0,0
28.448333512,0,1
28.448375198,0,0
28.448416394,0,1
28.448439672,1,1
28.448459062,1,0
28.448500256,1,1
28.448521736,0,1
28.448541944,0,0
28.448583142,0,1
28.448606422,1,1
28.448625816,1,0
28.448667014,1,1
28.448709694,1,0
28.448750892,1,1
28.448772370,0,1
28.448792578,0,0
28.448833774,0,1
28.448875460,0,0
28.448919120,0,1
28.448960804,0,0
28.448999042,0,1
28.449022320,1,1
28.449041710,1,0
28.449086354,1,1
28.457007032,1,0
28.464705456,1,1
28.526590582,0,1
28.526602406,0,0
28.526645086,0,1
28.526668368,1,1
28.526687764,1,0
28.526728966,1,1
28.526771644,1,0
28.526812844,1,1
28.526834326,0,1
28.526854540,0,0
28.526895744,0,1
28.526937434,0,0
28.526978644,0,1
28.527001926,1,1
28.527021322,1,0
28.527062524,1,1
28.527105208,1,0
28.527146406,1,1
28.527167890,0,1
28.527188102,0,0
28.527229294,0,1
28.527270980,0,0
28.527314660,0,1
28.527337954,1,1
28.527357352,1,0
28.527395590,1,1
28.527438270,1,0
28.527482928,1,1
28.527501202,1,0
28.528705242,1,1
28.559883426,0,1
28.559895252,0,0
28.559937942,0,1
28.559979640,0,0
28.560020850,0,1
28.560062546,0,0
28.560103752,0,1
28.560103756,0,0
28.560103760,0,1
28.560145454,0,0
28.560186656,0,1
28.560228352,0,0
28.560269558,0,1
28.560292842,1,1
28.560312238,1,0
28.560353442,1,1
28.560396126,1,0
28.560437332,1,1
28.560480012,1,0
28.560521214,1,1
28.560563896,1,0
28.560607562,1,1
28.560607568,1,0
28.560607570,1,1
28.560650254,1,0
28.560688506,1,1
28.560731190,1,0
28.560775848,1,1
28.564412102,0,1
28.564423928,0,0
28.564466612,0,1
28.564489894,1,1
28.564509290,1,0
28.564550492,1,1
28.564593176,1,0
28.564634382,1,1
28.564655864,0,1
28.564676078,0,0
28.564717288,0,1
28.564758984,0,0
28.564800192,0,1
28.564823476,1,1
28.564842872,1,0
28.564884078,1,1
28.564926760,1,0
28.564967966,1,1
28.564989448,0,1
28.565009662,0,0
28.565050868,0,1
28.565092564,0,0
28.565136240,0,1
28.565159522,1,1
28.565178918,1,0
28.565217162,1,1
28.565259844,1,0
28.565304500,1,1
28.573128856,1,0
28.576705792,1,1
28.577267728,0,1
28.577279552,0,0
28.577322246,0,1
28.577363944,0,0
28.577405158,0,1
28.577446856,0,0
28.577488066,0,1
28.577529760,0,0
28.577570976,0,1
28.577612672,0,0
28.577653882,0,1
28.577677168,1,1
28.577696564,1,0
28.577737772,1,1
28.577780452,1,0
28.577821658,1,1
28.577864342,1,0
28.577905544,1,1
28.577948226,1,0
28.577991900,1,1
28.578034578,1,0
28.578072818,1,1
28.578115502,1,0
28.578160156,1,1
28.581793380,0,1
28.581805204,0,0
28.581847888,0,1
28.581871172,1,1
28.581890566,1,0
28.581931772,1,1
28.581974448,1,0
28.582015654,1,1
28.582037138,0,1
28.582057352,0,0
28.582098560,0,1
28.582121844,1,1
28.582141240,1,0
28.582182448,1,1
28.582225128,1,0
28.582266330,1,1
28.582309010,1,0
28.582350212,1,1
28.582371698,0,1
28.582391912,0,0
28.582433120,0,1
28.582474814,0,0
28.582518488,0,1
28.582560186,0,0
28.582598438,0,1
28.582621722,1,1
28.582641120,1,0
28.582685782,1,1
28.590593118,1,0
28.592706806,1,1
28.609172860,1,0
28.609445406,0,0
28.610216866,0,1
28.610351882,0,0
28.610353670,1,0
28.610393094,1,1
28.610434794,1,0
28.610436708,0,0
28.610476010,0,1
28.610518698,0,0
28.610520140,1,0
28.610559904,1,1
28.610601610,1,0
28.610642820,1,1
28.610684518,1,0
28.610686476,0,0
28.610725734,0,1
28.610768420,0,0
28.610769886,1,0
28.610809628,1,1
28.610851326,1,0
28.610892532,1,1
28.610934222,1,0
28.610975424,1,1
28.611018596,1,0
28.611059796,1,1
28.611102478,1,0
28.611143688,1,1
28.611177014,0,1
28.611190326,0,0
28.611231550,0,1
28.611254840,1,1
28.611526896,0,1
28.611538722,0,0
28.611581412,0,1
28.611623108,0,0
28.611664324,0,1
28.611687610,1,1
28.611707006,1,0
28.611748212,1,1
28.611769698,0,1
28.611789916,0,0
28.611831128,0,1
28.611854412,1,1
28.611873808,1,0
28.611915012,1,1
28.611915018,1,0
28.611915022,1,1
28.611957702,1,0
28.611998910,1,1
28.612041598,1,0
28.612082806,1,1
28.612125490,1,0
28.612166696,1,1
28.612209382,1,0
28.612253056,1,1
28.612295738,1,0
28.612333990,1,1
28.612376678,1,0
28.612421342,1,1
28.612433350,1,0
28.612701838,0,0
28.613473258,0,1
28.613514080,0,0
28.613555300,0,1
28.613597996,0,0
28.613639224,0,1
28.613681914,0,0
28.613723138,0,1
28.613765830,0,0
28.613807048,0,1
28.613849740,0,0
28.613890966,0,1
28.613933652,0,0
28.613974872,0,1
28.614017562,0,0
28.614058780,0,1
28.614101468,0,0
28.614142690,0,1
28.614186858,0,0
28.614188244,1,0
28.614228068,1,1
28.614270760,1,0
28.614311972,1,1
28.614345300,0,1
28.614358606,0,0
28.614399832,0,1
28.614423118,1,1
28.614766560,0,1
28.614778370,0,0
28.614820998,0,1
28.614862634,0,0
28.614903780,0,1
28.614927024,1,1
28.614946390,1,0
28.614987526,1,1
28.615008976,0,1
28.615029158,0,0
28.615070302,0,1
28.615093546,1,1
28.615112912,1,0
28.615154042,1,1
28.615196658,1,0
28.615237792,1,1
28.615280404,1,0
28.615321540,1,1
28.615364154,1,0
28.615405286,1,1
28.615447902,1,0
28.615491500,1,1
28.615534108,1,0
28.615572286,1,1
28.615614900,1,0
28.615659478,1,1
28.615672596,1,0
28.615673834,1,1
28.689283380,0,1
28.689295182,0,0
28.689337786,0,1
28.689361028,1,1
28.689380390,1,0
28.689421512,1,1
28.689464110,1,0
28.689505234,1,1
28.689526676,0,1
28.689546852,0,0
28.689587978,0,1
28.689611216,1,1
28.689630580,1,0
28.689671704,1,1
28.689714302,1,0
28.689755426,1,1
28.689798030,1,0
28.689839150,1,1
28.689860594,0,1
28.689880770,0,0
28.689921894,0,1
28.689963506,0,0
28.690007096,0,1
28.690048714,0,0
28.690086884,0,1
28.690110124,1,1
28.690129484,1,0
28.690174056,1,1
28.690192836,1,0
28.696712610,1,1
28.696746672,0,1
28.696758480,0,0
28.696801096,0,1
28.696842720,0,0
28.696883852,0,1
28.696925470,0,0
28.696966596,0,1
28.696989838,1,1
28.697009198,1,0
28.697050320,1,1
28.697071764,0,1
28.697091940,0,0
28.697133068,0,1
28.697156306,1,1
28.697175666,1,0
28.697216788,1,1
28.697259394,1,0
28.697300514,1,1
28.697321960,0,1
28.697342136,0,0
28.697383264,0,1
28.697424884,0,0
28.697468472,0,1
28.697510094,0,0
28.697548264,0,1
28.697571500,1,1
28.697590862,1,0
28.697635434,1,1
28.697653676,1,0
28.704705012,1,1
28.704705016,1,0
28.704705018,1,1
28.714905796,0,1
28.714917596,0,0
28.714960194,0,1
28.715001804,0,0
28.715042922,0,1
28.715084540,0,0
28.715125660,0,1
28.715167272,0,0
28.715208398,0,1
28.715250012,0,0
28.715291134,0,1
28.715314374,1,1
28.715333736,1,0
28.715374864,1,1
28.715417470,1,0
28.715458596,1,1
28.715501196,1,0
28.715542316,1,1
28.715584918,1,0
28.715628500,1,1
28.715671100,1,0
28.715709266,1,1
28.715751864,1,0
28.715796426,1,1
28.719422786,0,1
28.719434588,0,0
28.719477192,0,1
28.719500432,1,1
28.719519792,1,0
28.719560916,1,1
28.719603516,1,0
28.719644640,1,1
28.719666086,0,1
28.719686260,0,0
28.719727386,0,1
28.719750622,1,1
28.719769986,1,0
28.719811114,1,1
28.719853718,1,0
28.719894844,1,1
28.719937452,1,0
28.719978578,1,1
28.720000020,0,1
28.720020196,0,0
28.720061322,0,1
28.720102940,0,0
28.720146530,0,1
28.720188152,0,0
28.720226326,0,1
28.720249562,1,1
28.720268922,1,0
28.720313494,1,1
28.723942842,0,1
28.723954646,0,0
28.723997252,0,1
28.724038870,0,0
28.724079998,0,1
28.724121618,0,0
28.724162746,0,1
28.724204358,0,0
28.724245488,0,1
28.724287104,0,0
28.724328230,0,1
28.724351470,1,1
28.724370832,1,0
28.724411958,1,1
28.724454566,1,0
28.724495694,1,1
28.724538302,1,0
28.724579426,1,1
28.724622034,1,0
28.724665624,1,1
28.724708224,1,0
28.724746394,1,1
28.724788996,1,0
28.724833560,1,1
28.724833564,1,0
28.724833568,1,1
28.728463744,0,1
28.728475544,0,0
28.728518134,0,1
28.728559750,0,0
28.728600874,0,1
28.728642496,0,0
28.728683630,0,1
28.728706870,1,1
28.728726234,1,0
28.728767358,1,1
28.728788802,0,1
28.728808978,0,0
28.728850100,0,1
28.728873342,1,1
28.728892700,1,0
28.728933820,1,1
28.728976422,1,0
28.729017538,1,1
28.729038980,0,1
28.729059152,0,0
28.729100276,0,1
28.729141892,0,0
28.729185478,0,1
28.729227098,0,0
28.729265268,0,1
28.729288506,1,1
28.729307866,1,0
28.729352444,1,1
28.737451130,1,0
28.744704806,1,1
28.760544248,1,0
28.760548240,0,0
28.761586952,0,1
28.762790278,0,0
28.762792250,1,0
28.762831398,1,1
28.762873014,1,0
28.762874250,0,0
28.762914146,0,1
28.762956742,0,0
28.762958620,1,0
28.762997860,1,1
28.763039478,1,0
28.763080598,1,1
28.763122208,1,0
28.763123872,0,0
28.763163336,0,1
28.763205934,0,0
28.763208234,1,0
28.763247052,1,1
28.763288670,1,0
28.763329792,1,1
28.763371404,1,0
28.763412524,1,1
28.763455614,1,0
28.763496728,1,1
28.763539324,1,0
28.763580440,1,1
28.763613698,0,1
28.763626976,0,0
28.763668102,0,1
28.763691340,1,1
28.763962834,0,1
28.763974636,0,0
28.764017234,0,1
28.764058846,0,0
28.764099970,0,1
28.764123206,1,1
28.764142564,1,0
28.764183684,1,1
28.764205132,0,1
28.764225308,0,0
28.764266434,0,1
28.764289672,1,1
28.764309034,1,0
28.764350158,1,1
28.764392760,1,0
28.764433878,1,1
28.764476480,1,0
28.764517602,1,1
28.764560200,1,0
28.764601318,1,1
28.764643918,1,0
28.764687498,1,1
28.764730098,1,0
28.764768264,1,1
28.764810862,1,0
28.764855426,1,1
28.764867680,1,0
28.765135994,0,0
28.765906856,0,1
28.765952376,0,0
28.765993508,0,1
28.766036114,0,0
28.766077246,0,1
28.766119852,0,0
28.766121664,1,0
28.766160982,1,1
28.766202606,1,0
28.766203666,0,0
28.766243744,0,1
28.766286346,0,0
28.766327488,0,1
28.766370096,0,0
28.766411232,0,1
28.766453838,0,0
28.766494972,0,1
28.766537574,0,0
28.766578708,0,1
28.766622792,0,0
28.766663926,0,1
28.766703086,0,0
28.766704632,1,0
28.766744212,1,1
28.766777478,0,1
28.766790760,0,0
28.766831898,0,1
28.766855138,1,1
28.767193798,0,1
28.767205620,0,0
28.767248290,0,1
28.767289970,0,0
28.767331166,0,1
28.767354446,1,1
28.767373840,1,0
28.767415036,1,1
28.767436516,0,1
28.767456726,0,0
28.767497926,0,1
28.767521204,1,1
28.767540598,1,0
28.767581790,1,1
28.767624464,1,0
28.767665658,1,1
28.767708326,1,0
28.767749518,1,1
28.767792184,1,0
28.767833372,1,1
28.767876044,1,0
28.767919704,1,1
28.767962378,1,0
28.768000608,1,1
28.768043280,1,0
28.768087920,1,1
28.768101692,1,0
28.768102936,1,1
28.768721188,0,1
28.768733012,0,0
28.768775692,0,1
28.768798976,1,1
28.768818368,1,0
28.768859566,1,1
28.768902244,1,0
28.768943446,1,1
28.768964928,0,1
28.768985138,0,0
28.769026338,0,1
28.769049616,1,1
28.769069010,1,0
28.769110204,1,1
28.769152878,1,0
28.769194072,1,1
28.769236746,1,0
28.769277936,1,1
28.769299414,0,1
28.769319626,0,0
28.769360826,0,1
28.769402510,0,0
28.769446168,0,1
28.769487854,0,0
28.769526090,0,1
28.769549364,1,1
28.769568756,1,0
28.769613406,1,1
28.769632502,1,0
28.776705366,1,1
28.865466858,0,1
28.865478684,0,0
28.865521370,0,1
28.865563064,0,0
28.865604278,0,1
28.865645974,0,0
28.865687188,0,1
28.865728884,0,0
28.865770094,0,1
28.865811792,0,0
28.865853000,0,1
28.865876284,1,1
28.865895678,1,0
28.865936890,1,1
28.865979572,1,0
28.866020778,1,1
28.866063462,1,0
28.866104666,1,1
28.866147348,1,0
28.866191026,1,1
28.866233708,1,0
28.866271950,1,1
28.866314630,1,0
28.866359294,1,1
28.869993020,0,1
28.870004844,0,0
28.870047528,0,1
28.870070808,1,1
28.870090202,1,0
28.870131406,1,1
28.870174088,1,0
28.870215292,1,1
28.870236778,0,1
28.870256992,0,0
28.870298202,0,1
28.870321484,1,1
28.870340884,1,0
28.870382094,1,1
28.870424776,1,0
28.870465978,1,1
28.870508662,1,0
28.870549868,1,1
28.870571350,0,1
28.870591562,0,0
28.870632774,0,1
28.870674470,0,0
28.870718146,0,1
28.870759842,0,0
28.870798094,0,1
28.870821378,1,1
28.870840772,1,0
28.870885436,1,1
28.878186430,1,0
28.880705442,1,1
28.897141836,1,0
28.897414310,0,0
28.898185566,0,1
28.898318164,0,0
28.898320320,1,0
28.898359380,1,1
28.898401086,1,0
28.898402334,0,0
28.898442316,0,1
28.898485008,0,0
28.898486732,1,0
28.898526226,1,1
28.898567934,1,0
28.898609150,1,1
28.898650854,1,0
28.898652058,0,0
28.898692082,0,1
28.898734770,0,0
28.898736468,1,0
28.898775974,1,1
28.898817678,1,0
28.898858890,1,1
28.898900590,1,0
28.898941804,1,1
28.898984990,1,0
28.899026200,1,1
28.899068892,1,0
28.899110106,1,1
28.899143438,0,1
28.899156746,0,0
28.899197964,0,1
28.899221252,1,1
28.899493356,0,1
28.899505186,0,0
28.899547896,0,1
28.899589606,0,0
28.899630834,0,1
28.899654128,1,1
28.899673526,1,0
28.899714742,1,1
28.899736230,0,1
28.899756450,0,0
28.899797664,0,1
28.899820950,1,1
28.899840348,1,0
28.899881564,1,1
28.899924254,1,0
28.899965472,1,1
28.900008162,1,0
28.900049372,1,1
28.900092058,1,0
28.900133272,1,1
28.900175960,1,0
28.900219642,1,1
28.900262336,1,0
28.900300590,1,1
28.900343282,1,0
28.900387952,1,1
28.900401636,1,0
28.900670090,0,0
28.901441566,0,1
28.901487540,0,0
28.901528778,0,1
28.901571490,0,0
28.901612732,0,1
28.901655440,0,0
28.901696684,0,1
28.901739392,0,0
28.901780634,0,1
28.901823338,0,0
28.901864580,0,1
28.901907284,0,0
28.901948522,0,1
28.901991230,0,0
28.902032468,0,1
28.902075178,0,0
28.902116420,0,1
28.902160612,0,0
28.902162538,1,0
28.902201842,1,1
28.902244550,1,0
28.902285780,1,1
28.902319120,0,1
28.902332438,0,0
28.902373684,0,1
28.902396984,1,1
28.902740502,0,1
28.902752312,0,0
28.902794940,0,1
28.902836578,0,0
28.902877728,0,1
28.902900980,1,1
28.902920348,1,0
28.902961490,1,1
28.902982942,0,1
28.903003126,0,0
28.903044272,0,1
28.903067520,1,1
28.903086886,1,0
28.903128026,1,1
28.903170644,1,0
28.903211782,1,1
28.903254396,1,0
28.903295538,1,1
28.903338158,1,0
28.903379296,1,1
28.903421920,1,0
28.903465518,1,1
28.903508134,1,0
28.903546318,1,1
28.903588932,1,0
28.903633516,1,1
28.903648680,1,0
28.903649926,1,1
28.918884784,0,1
28.918896588,0,0
28.918939196,0,1
28.918962436,1,1
28.918981798,1,0
28.919022930,1,1
28.919065542,1,0
28.919106676,1,1
28.919128130,0,1
28.919148316,0,0
28.919189462,0,1
28.919212708,1,1
28.919232072,1,0
28.919273202,1,1
28.919315810,1,0
28.919356952,1,1
28.919399568,1,0
28.919440702,1,1
28.919462154,0,1
28.919482334,0,0
28.919523470,0,1
28.919565098,0,0
28.919608696,0,1
28.919650324,0,0
28.919688504,0,1
28.919711744,1,1
28.919731108,1,0
28.919775692,1,1
28.919793608,1,0
28.920704498,1,1
28.990032332,0,1
28.990044136,0,0
28.990086744,0,1
28.990128360,0,0
28.990169488,0,1
28.990211106,0,0
28.990252230,0,1
28.990252232,0,0
28.990252234,0,1
28.990275468,1,1
28.990294832,1,0
28.990335960,1,1
28.990357408,0,1
28.990377584,0,0
28.990418712,0,1
28.990441954,1,1
28.990461316,1,0
28.990502438,1,1
28.990545042,1,0
28.990586166,1,1
28.990607614,0,1
28.990627792,0,0
28.990668920,0,1
28.990710540,0,0
28.990754132,0,1
28.990795752,0,0
28.990833926,0,1
28.990857170,1,1
28.990876530,1,0
28.990921094,1,1
28.990939096,1,0
28.992703894,1,1
29.007608756,0,1
29.007620572,0,0
29.007663214,0,1
29.007704862,0,0
29.007746026,0,1
29.007787668,0,0
29.007828818,0,1
29.007870464,0,0
29.007911620,0,1
29.007953254,0,0
29.007994408,0,1
29.008017668,1,1
29.008037044,1,0
29.008078196,1,1
29.008120826,1,0
29.008161984,1,1
29.008204610,1,0
29.008245760,1,1
29.008288390,1,0
29.008332002,1,1
29.008374626,1,0
29.008412820,1,1
29.008455440,1,0
29.008500028,1,1
29.012132134,0,1
29.012143940,0,0
29.012186562,0,1
29.012228200,0,0
29.012269342,0,1
29.012310978,0,0
29.012352128,0,1
29.012375378,1,1
29.012394746,1,0
29.012435888,1,1
29.012457348,0,1
29.012477536,0,0
29.012518686,0,1
29.012541936,1,1
29.012561304,1,0
29.012602452,1,1
29.012645076,1,0
29.012686216,1,1
29.012707672,0,1
29.012727856,0,0
29.012769002,0,1
29.012810636,0,0
29.012854246,0,1
29.012895884,0,0
29.012934076,0,1
29.012957324,1,1
29.012976692,1,0
29.013021284,1,1
29.020957562,1,0
29.024712026,1,1
29.024970084,0,1
29.024981894,0,0
29.025024518,0,1
29.025066162,0,0
29.025107310,0,1
29.025148952,0,0
29.025190114,0,1
29.025231766,0,0
29.025272928,0,1
29.025314582,0,0
29.025355744,0,1
29.025378996,1,1
29.025398372,1,0
29.025439530,1,1
29.025482162,1,0
29.025523308,1,1
29.025565944,1,0
29.025607098,1,1
29.025649728,1,0
29.025693348,1,1
29.025735978,1,0
29.025774170,1,1
29.025816798,1,0
29.025861400,1,1
29.029489574,0,1
29.029501382,0,0
29.029544006,0,1
29.029567258,1,1
29.029586626,1,0
29.029627772,1,1
29.029670396,1,0
29.029711536,1,1
29.029732994,0,1
29.029753180,0,0
29.029794324,0,1
29.029794326,0,0
29.029794330,0,1
29.029817578,1,1
29.029836946,1,0
29.029878088,1,1
29.029920714,1,0
29.029961856,1,1
29.030004478,1,0
29.030045624,1,1
29.030067078,0,1
29.030087260,0,0
29.030128404,0,1
29.030170042,0,0
29.030213656,0,1
29.030255288,0,0
29.030293486,0,1
29.030316736,1,1
29.030336108,1,0
29.030380700,1,1
29.038416182,1,0
29.040705932,1,1
29.056392124,1,0
29.056664588,0,0
29.057435848,0,1
29.057717346,0,0
29.057718884,1,0
29.057758528,1,1
29.057800196,1,0
29.057801912,0,0
29.057841380,0,1
29.057841386,0,0
29.057841388,0,1
29.057884038,0,0
29.057886332,1,0
29.057925216,1,1
29.057966886,1,0
29.058008064,1,1
29.058049734,1,0
29.058051660,0,0
29.058090922,0,1
29.058133576,0,0
29.058135066,1,0
29.058174756,1,1
29.058216426,1,0
29.058257606,1,1
29.058299274,1,0
29.058340452,1,1
29.058383600,1,0
29.058424774,1,1
29.058467434,1,0
29.058508608,1,1
29.058541914,0,1
29.058555210,0,0
29.058596390,0,1
29.058619660,1,1
29.058891526,0,1
29.058903342,0,0
29.058946002,0,1
29.058987672,0,0
29.059028856,0,1
29.059052124,1,1
29.059071510,1,0
29.059112690,1,1
29.059134166,0,1
29.059154368,0,0
29.059195550,0,1
29.059218820,1,1
29.059238204,1,0
29.059279380,1,1
29.059322038,1,0
29.059363214,1,1
29.059405870,1,0
29.059447044,1,1
29.059489702,1,0
29.059530882,1,1
29.059573540,1,0
29.059617186,1,1
29.059659842,1,0
29.059698060,1,1
29.059740716,1,0
29.059785346,1,1
29.059800244,1,0
29.060072642,0,0
29.060843916,0,1
29.060890090,0,0
29.060931284,0,1
29.060973946,0,0
29.061015134,0,1
29.061057792,0,0
29.061059794,1,0
29.061098972,1,1
29.061140642,1,0
29.061141806,0,0
29.061181830,0,1
29.061224490,0,0
29.061265680,0,1
29.061308342,0,0
29.061349538,0,1
29.061392206,0,0
29.061433404,0,1
29.061476066,0,0
29.061517260,0,1
29.061561406,0,0
29.061602600,0,1
29.061641808,0,0
29.061643936,1,0
29.061682988,1,1
29.061716292,0,1
29.061729592,0,0
29.061770776,0,1
29.061794044,1,1
29.062133160,0,1
29.062144996,0,0
29.062187724,0,1
29.062229458,0,0
29.062270708,0,1
29.062294018,1,1
29.062313436,1,0
29.062354686,1,1
29.062376190,0,1
29.062396428,0,0
29.062437682,0,1
29.062460988,1,1
29.062480400,1,0
29.062521648,1,1
29.062564374,1,0
29.062605622,1,1
29.062648348,1,0
29.062689598,1,1
29.062732328,1,0
29.062773582,1,1
29.062816310,1,0
29.062860026,1,1
29.062902756,1,0
29.062941040,1,1
29.062983768,1,0
29.063028474,1,1
29.063043614,1,0
29.063044870,1,1
29.123007724,0,1
29.123019564,0,0
29.123062314,0,1
29.123085634,1,1
29.123105054,1,0
29.123146322,1,1
29.123189062,1,0
29.123230332,1,1
29.123251846,0,1
29.123272090,0,0
29.123313358,0,1
29.123355116,0,0
29.123396386,0,1
29.123419706,1,1
29.123439124,1,0
29.123480390,1,1
29.123523128,1,0
29.123564386,1,1
29.123585898,0,1
29.123606138,0,0
29.123647404,0,1
29.123689154,0,0
29.123732898,0,1
29.123756216,1,1
29.123775640,1,0
29.123813940,1,1
29.123856682,1,0
29.123901404,1,1
29.123920050,1,0
29.128704386,1,1
29.143677232,0,1
29.143689074,0,0
29.143731822,0,1
29.143773570,0,0
29.143814836,0,1
29.143856586,0,0
29.143897854,0,1
29.143939606,0,0
29.143980876,0,1
29.144022628,0,0
29.144063900,0,1
29.144087216,1,1
29.144106636,1,0
29.144147900,1,1
29.144190642,1,0
29.144231902,1,1
29.144231906,1,0
29.144231910,1,1
29.144274642,1,0
29.144315908,1,1
29.144358646,1,0
29.144402380,1,1
29.144445120,1,0
29.144483414,1,1
29.144483418,1,0
29.144483422,1,1
29.144526154,1,0
29.144570878,1,1
29.148211858,0,1
29.148223700,0,0
29.148266450,0,1
29.148289764,1,1
29.148309182,1,0
29.148350442,1,1
29.148393182,1,0
29.148434446,1,1
29.148455958,0,1
29.148476200,0,0
29.148517468,0,1
29.148559218,0,0
29.148600484,0,1
29.148623802,1,1
29.148643222,1,0
29.148684484,1,1
29.148727222,1,0
29.148768482,1,1
29.148789996,0,1
29.148810238,0,0
29.148851506,0,1
29.148893254,0,0
29.148936988,0,1
29.148960306,1,1
29.148979724,1,0
29.149018016,1,1
29.149060754,1,0
29.149105472,1,1
29.156612024,1,0
29.160713240,1,1
29.176642020,1,0
29.176646006,0,0
29.177684978,0,1
29.177768256,0,0
29.177769626,1,0
29.177809472,1,1
29.177851180,1,0
29.177852636,0,0
29.177892406,0,1
29.177935100,0,0
29.177937032,1,0
29.177976314,1,1
29.178018020,1,0
29.178059234,1,1
29.178100938,1,0
29.178102342,0,0
29.178142162,0,1
29.178184852,0,0
29.178186736,1,0
29.178226068,1,1
29.178267768,1,0
29.178308976,1,1
29.178350680,1,0
29.178391890,1,1
29.178435074,1,0
29.178476286,1,1
29.178518976,1,0
29.178560188,1,1
29.178593524,0,1
29.178606834,0,0
29.178648054,0,1
29.178671344,1,1
29.178943432,0,1
29.178955260,0,0
29.178997954,0,1
29.179039654,0,0
29.179080870,0,1
29.179104160,1,1
29.179123556,1,0
29.179164766,1,1
29.179186256,0,1
29.179206472,0,0
29.179247688,0,1
29.179270974,1,1
29.179290370,1,0
29.179331586,1,1
29.179374274,1,0
29.179415486,1,1
29.179458176,1,0
29.179499386,1,1
29.179542072,1,0
29.179583282,1,1
29.179625972,1,0
29.179669646,1,1
29.179712338,1,0
29.179750588,1,1
29.179793272,1,0
29.179837940,1,1
29.179852698,1,0
29.180121110,0,0
29.180892298,0,1
29.180937172,0,0
29.180978398,0,1
29.181021098,0,0
29.181062328,0,1
29.181105022,0,0
29.181146250,0,1
29.181188948,0,0
29.181230178,0,1
29.181272872,0,0
29.181314100,0,1
29.181356802,0,0
29.181398034,0,1
29.181440730,0,0
29.181481960,0,1
29.181524654,0,0
29.181565884,0,1
29.181610058,0,0
29.181612042,1,0
29.181651278,1,1
29.181693970,1,0
29.181735186,1,1
29.181768520,0,1
29.181781828,0,0
29.181823046,0,1
29.181846334,1,1
29.182189792,0,1
29.182201602,0,0
29.182244230,0,1
29.182285866,0,0
29.182327014,0,1
29.182350268,1,1
29.182369638,1,0
29.182410778,1,1
29.182432232,0,1
29.182452420,0,0
29.182493570,0,1
29.182516822,1,1
29.182536192,1,0
29.182577332,1,1
29.182619954,1,0
29.182661088,1,1
29.182703704,1,0
29.182744844,1,1
29.182787456,1,0
29.182828588,1,1
29.182871200,1,0
29.182914796,1,1
29.182957408,1,0
29.182995588,1,1
29.183038204,1,0
29.183082788,1,1
29.183094922,1,0
29.183096168,1,1
29.206614810,0,1
29.206626614,0,0
29.206669216,0,1
29.206692462,1,1
29.206711824,1,0
29.206752956,1,1
29.206795560,1,0
29.206836690,1,1
29.206858138,0,1
29.206878318,0,0
29.206919448,0,1
29.206942690,1,1
29.206962052,1,0
29.207003180,1,1
29.207045786,1,0
29.207086912,1,1
29.207129524,1,0
29.207170648,1,1
29.207192096,0,1
29.207212274,0,0
29.207253404,0,1
29.207295028,0,0
29.207338628,0,1
29.207380252,0,0
29.207418428,0,1
29.207441670,1,1
29.207461032,1,0
29.207505612,1,1
29.207523398,1,0
29.208704396,1,1
29.281195382,0,1
29.281207184,0,0
29.281249790,0,1
29.281291412,0,0
29.281332556,0,1
29.281374190,0,0
29.281415336,0,1
29.281429830,0,0
29.281453866,1,0
29.281714134,0,0
29.282484890,0,1
29.282572564,0,0
29.282574506,1,0
29.282613700,1,1
29.282655322,1,0
29.282656474,0,0
29.282696456,0,1
29.282739066,0,0
29.282740828,1,0
29.282780196,1,1
29.282821818,1,0
29.282862946,1,1
29.282904568,1,0
29.282906038,0,0
29.282945704,0,1
29.282988314,0,0
29.282990390,1,0
29.283029442,1,1
29.283071062,1,0
29.283112190,1,1
29.283153808,1,0
29.283194930,1,1
29.283238022,1,0
29.283279146,1,1
29.283321750,1,0
29.283362878,1,1
29.283396144,0,1
29.283409426,0,0
29.283450558,0,1
29.283473798,1,1
29.283745346,0,1
29.283757150,0,0
29.283799760,0,1
29.283841378,0,0
29.283882508,0,1
29.283905748,1,1
29.283925112,1,0
29.283966240,1,1
29.283987686,0,1
29.284007862,0,0
29.284048994,0,1
29.284072232,1,1
29.284091596,1,0
29.284132720,1,1
29.284175328,1,0
29.284216454,1,1
29.284259052,1,0
29.284300170,1,1
29.284342776,1,0
29.284383898,1,1
29.284426508,1,0
29.284470096,1,1
29.284512698,1,0
29.284550864,1,1
29.284550870,1,0
29.284550874,1,1
29.284593474,1,0
29.284638040,1,1
29.284651382,1,0
29.284923660,0,0
29.285694438,0,1
29.285735080,0,0
29.285776224,0,1
29.285818830,0,0
29.285859968,0,1
29.285902576,0,0
29.285904192,1,0
29.285943700,1,1
29.285943704,1,0
29.285943706,1,1
29.285985322,1,0
29.285987160,0,0
29.286026460,0,1
29.286069072,0,0
29.286110210,0,1
29.286152820,0,0
29.286193958,0,1
29.286236564,0,0
29.286277702,0,1
29.286320304,0,0
29.286361442,0,1
29.286405528,0,0
29.286446666,0,1
29.286485822,0,0
29.286488006,1,0
29.286526956,1,1
29.286560222,0,1
29.286573504,0,0
29.286614636,0,1
29.286637876,1,1
29.286976576,0,1
29.286988394,0,0
29.287031066,0,1
29.287072748,0,0
29.287113944,0,1
29.287137218,1,1
29.287156608,1,0
29.287197806,1,1
29.287219286,0,1
29.287239496,0,0
29.287280696,0,1
29.287303974,1,1
29.287323366,1,0
29.287364564,1,1
29.287407240,1,0
29.287448438,1,1
29.287491112,1,0
29.287532306,1,1
29.287574982,1,0
29.287616184,1,1
29.287658856,1,0
29.287702522,1,1
29.287745196,1,0
29.287783434,1,1
29.287826104,1,0
29.287870754,1,1
29.287884934,1,0
29.287886182,1,1
29.288506918,0,1
29.288518744,0,0
29.288561422,0,1
29.288603118,0,0
29.288644334,0,1
29.288686032,0,0
29.288727242,0,1
29.288768940,0,0
29.288810148,0,1
29.288851838,0,0
29.288893042,0,1
29.288916324,1,1
29.288935716,1,0
29.288976916,1,1
29.289019594,1,0
29.289060792,1,1
29.289103474,1,0
29.289144678,1,1
29.289187356,1,0
29.289231022,1,1
29.289273696,1,0
29.289311934,1,1
29.289354612,1,0
29.289399264,1,1
29.293032136,0,1
29.293043960,0,0
29.293086642,0,1
29.293109922,1,1
29.293129314,1,0
29.293170516,1,1
29.293213202,1,0
29.293254406,1,1
29.293275888,0,1
29.293296100,0,0
29.293337300,0,1
29.293360574,1,1
29.293379964,1,0
29.293421168,1,1
29.293463858,1,0
29.293505064,1,1
29.293547738,1,0
29.293588936,1,1
29.293610422,0,1
29.293630638,0,0
29.293671844,0,1
29.293713538,0,0
29.293757216,0,1
29.293798914,0,0
29.293837160,0,1
29.293860448,1,1
29.293879844,1,0
29.293924500,1,1
29.301420608,1,0
29.304706228,1,1
29.410619890,0,1
29.410631716,0,0
29.410674412,0,1
29.410697706,1,1
29.410717102,1,0
29.410758316,1,1
29.410801010,1,0
29.410842220,1,1
29.410863710,0,1
29.410883930,0,0
29.410925150,0,1
29.410948442,1,1
29.410967840,1,0
29.411009058,1,1
29.411051750,1,0
29.411092968,1,1
29.411135662,1,0
29.411176878,1,1
29.411198368,0,1
29.411218588,0,0
29.411259810,0,1
29.411301516,0,0
29.411345212,0,1
29.411386924,0,0
29.411425188,0,1
29.411448480,1,1
29.411467880,1,0
29.411512554,1,1
29.411530540,1,0
29.416711616,1,1
29.432420824,1,0
29.432424820,0,0
29.433463986,0,1
29.433582152,0,0
29.433583724,1,0
29.433623376,1,1
29.433665082,1,0
29.433666748,0,0
29.433706294,0,1
29.433706296,0,0
29.433706300,0,1
29.433748984,0,0
29.433751130,1,0
29.433790208,1,1
29.433831922,1,0
29.433873136,1,1
29.433914848,1,0
29.433916448,0,0
29.433956084,0,1
29.433998780,0,0
29.434000846,1,0
29.434040000,1,1
29.434081706,1,0
29.434122926,1,1
29.434164636,1,0
29.434205856,1,1
29.434249044,1,0
29.434290264,1,1
29.434332954,1,0
29.434374172,1,1
29.434407506,0,1
29.434420814,0,0
29.434462030,0,1
29.434485324,1,1
29.434757436,0,1
29.434769264,0,0
29.434811962,0,1
29.434853662,0,0
29.434894884,0,1
29.434918178,1,1
29.434937580,1,0
29.434978796,1,1
29.435000286,0,1
29.435020506,0,0
29.435061732,0,1
29.435085022,1,1
29.435104422,1,0
29.435145640,1,1
29.435188338,1,0
29.435229552,1,1
29.435272248,1,0
29.435313468,1,1
29.435356168,1,0
29.435397384,1,1
29.435440082,1,0
29.435483770,1,1
29.435526462,1,0
29.435564724,1,1
29.435607422,1,0
29.435652098,1,1
29.435663834,1,0
29.435932274,0,0
29.436703430,0,1
29.436745128,0,0
29.436786362,0,1
29.436829062,0,0
29.436870298,0,1
29.436912998,0,0
29.436954230,0,1
29.436996930,0,0
29.437038164,0,1
29.437080858,0,0
29.437122090,0,1
29.437164788,0,0
29.437206020,0,1
29.437248718,0,0
29.437289952,0,1
29.437332646,0,0
29.437373876,0,1
29.437418058,0,0
29.437420194,1,0
29.437459278,1,1
29.437501966,1,0
29.437543186,1,1
29.437576522,0,1
29.437589834,0,0
29.437631056,0,1
29.437654348,1,1
29.437997818,0,1
29.438009628,0,0
29.438052258,0,1
29.438093898,0,0
29.438135050,0,1
29.438158298,1,1
29.438177670,1,0
29.438218818,1,1
29.438240272,0,1
29.438260456,0,0
29.438301604,0,1
29.438324854,1,1
29.438344226,1,0
29.438385368,1,1
29.438427988,1,0
29.438469130,1,1
29.438511748,1,0
29.438552890,1,1
29.438595512,1,0
29.438636658,1,1
29.438679274,1,0
29.438722880,1,1
29.438765498,1,0
29.438803682,1,1
29.438846302,1,0
29.438890892,1,1
29.438906046,1,0
29.438907288,1,1
29.545629032,1,0
29.545901290,0,0
29.546672086,0,1
29.546917266,0,0
29.546918858,1,0
29.546958406,1,1
29.547000028,1,0
29.547001826,0,0
29.547041168,0,1
29.547083774,0,0
29.547085152,1,0
29.547124908,1,1
29.547166530,1,0
29.547207662,1,1
29.547249290,1,0
29.547250372,0,0
29.547290432,0,1
29.547333042,0,0
29.547334730,1,0
29.547374176,1,1
29.547415798,1,0
29.547456926,1,1
29.547498554,1,0
29.547539686,1,1
29.547582788,1,0
29.547623920,1,1
29.547666532,1,0
29.547707662,1,1
29.547740932,0,1
29.547754216,0,0
29.547795352,0,1
29.547818594,1,1
29.548090168,0,1
29.548101970,0,0
29.548144580,0,1
29.548186208,0,0
29.548227342,0,1
29.548250584,1,1
29.548269948,1,0
29.548311082,1,1
29.548332536,0,1
29.548352718,0,0
29.548393852,0,1
29.548417098,1,1
29.548436462,1,0
29.548477592,1,1
29.548520202,1,0
29.548561336,1,1
29.548603946,1,0
29.548645074,1,1
29.548687688,1,0
29.548728816,1,1
29.548771426,1,0
29.548815022,1,1
29.548857628,1,0
29.548895800,1,1
29.548938406,1,0
29.548982980,1,1
29.548994868,1,0
29.549267126,0,0
29.550037796,0,1
29.550080054,0,0
29.550121204,0,1
29.550163818,0,0
29.550204962,0,1
29.550247572,0,0
29.550249582,1,0
29.550288708,1,1
29.550330330,1,0
29.550331566,0,0
29.550371468,0,1
29.550414080,0,0
29.550455220,0,1
29.550497828,0,0
29.550538954,0,1
29.550581560,0,0
29.550622712,0,1
29.550665336,0,0
29.550706484,0,1
29.550750568,0,0
29.550791710,0,1
29.550830874,0,0
29.550832438,1,0
29.550872002,1,1
29.550905274,0,1
29.550918558,0,0
29.550959690,0,1
29.550982932,1,1
29.551321650,0,1
29.551333474,0,0
29.551376156,0,1
29.551417848,0,0
29.551459054,0,1
29.551482334,1,1
29.551501726,1,0
29.551542930,1,1
29.551564412,0,1
29.551584624,0,0
29.551625830,0,1
29.551649112,1,1
29.551668506,1,0
29.551709708,1,1
29.551752390,1,0
29.551793596,1,1
29.551836276,1,0
29.551877474,1,1
29.551920152,1,0
29.551961356,1,1
29.552004042,1,0
29.552047714,1,1
29.552090398,1,0
29.552128642,1,1
29.552128648,1,0
29.552128652,1,1
29.552171328,1,0
29.552215990,1,1
29.552228394,1,0
29.552229646,1,1
29.559404352,0,1
29.559416178,0,0
29.559458868,0,1
29.559500562,0,0
29.559541772,0,1
29.559583470,0,0
29.559624678,0,1
29.559647962,1,1
29.559667358,1,0
29.559708566,1,1
29.559730048,0,1
29.559750260,0,0
29.559791464,0,1
29.559814754,1,1
29.559834148,1,0
29.559875354,1,1
29.559918032,1,0
29.559959242,1,1
29.559980728,0,1
29.560000942,0,0
29.560042154,0,1
29.560083848,0,0
29.560127522,0,1
29.560169212,0,0
29.560207464,0,1
29.560230748,1,1
29.560250148,1,0
29.560294808,1,1
29.560313364,1,0
29.560703666,1,1
29.577012512,0,1
29.577024340,0,0
29.577067036,0,1
29.577108740,0,0
29.577149960,0,1
29.577191662,0,0
29.577232880,0,1
29.577274584,0,0
29.577315802,0,1
29.577357504,0,0
29.577398722,0,1
29.577422012,1,1
29.577441410,1,0
29.577482622,1,1
29.577525308,1,0
29.577566518,1,1
29.577609206,1,0
29.577650422,1,1
29.577693114,1,0
29.577736796,1,1
29.577779488,1,0
29.577817744,1,1
29.577860432,1,0
29.577905102,1,1
29.581543278,0,1
29.581555106,0,0
29.581597804,0,1
29.581639504,0,0
29.581680724,0,1
29.581722432,0,0
29.581763652,0,1
29.581786942,1,1
29.581806340,1,0
29.581847556,1,1
29.581869044,0,1
29.581889264,0,0
29.581930482,0,1
29.581953772,1,1
29.581973170,1,0
29.582014382,1,1
29.582057066,1,0
29.582098274,1,1
29.582119762,0,1
29.582139978,0,0
29.582181190,0,1
29.582222896,0,0
29.582266584,0,1
29.582308286,0,0
29.582346544,0,1
29.582369834,1,1
29.582389232,1,0
29.582433900,1,1
29.589232616,0,1
29.589244444,0,0
29.589287138,0,1
29.589328844,0,0
29.589370064,0,1
29.589411770,0,0
29.589452990,0,1
29.589494688,0,0
29.589535906,0,1
29.589577608,0,0
29.589618826,0,1
29.589642114,1,1
29.589661512,1,0
29.589702732,1,1
29.589745420,1,0
29.589786632,1,1
29.589829326,1,0
29.589870542,1,1
29.589913228,1,0
29.589956908,1,1
29.589999602,1,0
29.590037854,1,1
29.590080546,1,0
29.590125218,1,1
29.593759270,0,1
29.593771098,0,0
29.593813794,0,1
29.593837080,1,1
29.593856476,1,0
29.593897690,1,1
29.593940382,1,0
29.593981592,1,1
29.594003076,0,1
29.594023298,0,0
29.594064514,0,1
29.594087798,1,1
29.594107196,1,0
29.594148410,1,1
29.594191100,1,0
29.594232312,1,1
29.594275002,1,0
29.594316218,1,1
29.594337708,0,1
29.594357926,0,0
29.594399140,0,1
29.594440846,0,0
29.594484528,0,1
29.594526234,0,0
29.594564492,0,1
29.594587784,1,1
29.594607184,1,0
29.594651852,1,1
29.602413816,1,0
29.608704560,1,1
29.689135788,1,0
29.689408248,0,0
29.690179592,0,1
29.691281278,0,0
29.691283280,1,0
29.691322502,1,1
29.691364220,1,0
29.691365298,0,0
29.691405454,0,1
29.691448156,0,0
29.691449700,1,0
29.691489378,1,1
29.691531090,1,0
29.691572314,1,1
29.691614022,1,0
29.691616018,0,0
29.691655256,0,1
29.691697956,0,0
29.691699430,1,0
29.691739176,1,1
29.691780890,1,0
29.691822112,1,1
29.691863822,1,0
29.691905038,1,1
29.691948222,1,0
29.691989442,1,1
29.692032132,1,0
29.692073356,1,1
29.692106692,0,1
29.692120006,0,0
29.692161246,0,1
29.692184546,1,1
29.692456720,0,1
29.692468550,0,0
29.692511258,0,1
29.692552966,0,0
29.692594198,0,1
29.692617494,1,1
29.692636894,1,0
29.692678118,1,1
29.692699610,0,1
29.692719832,0,0
29.692761058,0,1
29.692784352,1,1
29.692803750,1,0
29.692844970,1,1
29.692887670,1,0
29.692928892,1,1
29.692971590,1,0
29.693012812,1,1
29.693055506,1,0
29.693096728,1,1
29.693139424,1,0
29.693183112,1,1
29.693225808,1,0
29.693264064,1,1
29.693306760,1,0
29.693351434,1,1
29.693365690,1,0
29.693634118,0,0
29.694405412,0,1
29.694450916,0,0
29.694492152,0,1
29.694534854,0,0
29.694576092,0,1
29.694618796,0,0
29.694660030,0,1
29.694702728,0,0
29.694743960,0,1
29.694786656,0,0
29.694827890,0,1
29.694870586,0,0
29.694911816,0,1
29.694954516,0,0
29.694995750,0,1
29.695038450,0,0
29.695079688,0,1
29.695123868,0,0
29.695125248,1,0
29.695165088,1,1
29.695207784,1,0
29.695249002,1,1
29.695249006,1,0
29.695249008,1,1
29.695282340,0,1
29.695295650,0,0
29.695336884,0,1
29.695360180,1,1
29.695703660,0,1
29.695715474,0,0
29.695758108,0,1
29.695799750,0,0
29.695840900,0,1
29.695864154,1,1
29.695883524,1,0
29.695924670,1,1
29.695946124,0,1
29.695966310,0,0
29.696007464,0,1
29.696030724,1,1
29.696050096,1,0
29.696091246,1,1
29.696133870,1,0
29.696175010,1,1
29.696217632,1,0
29.696258776,1,1
29.696301402,1,0
29.696342550,1,1
29.696385174,1,0
29.696428784,1,1
29.696471406,1,0
29.696509594,1,1
29.696552218,1,0
29.696596816,1,1
29.696612262,1,0
29.696613512,1,1
29.704928354,0,1
29.704940162,0,0
29.704982776,0,1
29.705006022,1,1
29.705025384,1,0
29.705066524,1,1
29.705109138,1,0
29.705150274,1,1
29.705171726,0,1
29.705191910,0,0
29.705233054,0,1
29.705274684,0,0
29.705315830,0,1
29.705339078,1,1
29.705358444,1,0
29.705399578,1,1
29.705442194,1,0
29.705483330,1,1
29.705504782,0,1
29.705524962,0,0
29.705566104,0,1
29.705607736,0,0
29.705651346,0,1
29.705674592,1,1
29.705693956,1,0
29.705732138,1,1
29.705774754,1,0
29.705819344,1,1
29.705837854,1,0
29.712704682,1,1
29.712742624,0,1
29.712754436,0,0
29.712797070,0,1
29.712838710,0,0
29.712879862,0,1
29.712921500,0,0
29.712962650,0,1
29.712985898,1,1
29.713005264,1,0
29.713046410,1,1
29.713067862,0,1
29.713088048,0,0
29.713129196,0,1
29.713152448,1,1
29.713171816,1,0
29.713212962,1,1
29.713255582,1,0
29.713296724,1,1
29.713318180,0,1
29.713338368,0,0
29.713379516,0,1
29.713421152,0,0
29.713464764,0,1
29.713506400,0,0
29.713544590,0,1
29.713567840,1,1
29.713587208,1,0
29.713631802,1,1
29.713649918,1,0
29.720705194,1,1
29.730321334,0,1
29.730333144,0,0
29.730375768,0,1
29.730417404,0,0
29.730458554,0,1
29.730500190,0,0
29.730541336,0,1
29.730582976,0,0
29.730624124,0,1
29.730665762,0,0
29.730706914,0,1
29.730730166,1,1
29.730749532,1,0
29.730790674,1,1
29.730833296,1,0
29.730874440,1,1
29.730917064,1,0
29.730958206,1,1
29.731000828,1,0
29.731044436,1,1
29.731087056,1,0
29.731125242,1,1
29.731167866,1,0
29.731212456,1,1
29.734843440,0,1
29.734855248,0,0
29.734897874,0,1
29.734921124,1,1
29.734940492,1,0
29.734981636,1,1
29.735024254,1,0
29.735065398,1,1
29.735086852,0,1
29.735107038,0,0
29.735148190,0,1
29.735189830,0,0
29.735230986,0,1
29.735254246,1,1
29.735273620,1,0
29.735314780,1,1
29.735357424,1,0
29.735398586,1,1
29.735420048,0,1
29.735440242,0,0
29.735481420,0,1
29.735523090,0,0
29.735566750,0,1
29.735590024,1,1
29.735609412,1,0
29.735647630,1,1
29.735690274,1,0
29.735734888,1,1
29.742537728,0,1
29.742549538,0,0
29.742592162,0,1
29.742633796,0,0
29.742674946,0,1
29.742716580,0,0
29.742757728,0,1
29.742799366,0,0
29.742840512,0,1
29.742882148,0,0
29.742923296,0,1
29.742946542,1,1
29.742965910,1,0
29.743007058,1,1
29.743049676,1,0
29.743090820,1,1
29.743133438,1,0
29.743174580,1,1
29.743217198,1,0
29.743260808,1,1
29.743303424,1,0
29.743341614,1,1
29.743384232,1,0
29.743428822,1,1
29.747060566,0,1
29.747072374,0,0
29.747114998,0,1
29.747156630,0,0
29.747197774,0,1
29.747239410,0,0
29.747280556,0,1
29.747303804,1,1
29.747323170,1,0
29.747364314,1,1
29.747385768,0,1
29.747405952,0,0
29.747447098,0,1
29.747470348,1,1
29.747489716,1,0
29.747530860,1,1
29.747573474,1,0
29.747614616,1,1
29.747636068,0,1
29.747656252,0,0
29.747697398,0,1
29.747739030,0,0
29.747782640,0,1
29.747824276,0,0
29.747862466,0,1
29.747885714,1,1
29.747905082,1,0
29.747949674,1,1
29.755462094,1,0
29.760705264,1,1
29.801098268,0,1
29.801110070,0,0
29.801152676,0,1
29.801175920,1,1
29.801195282,1,0
29.801236414,1,1
29.801279026,1,0
29.801320156,1,1
29.801341606,0,1
29.801361786,0,0
29.801402926,0,1
29.801444550,0,0
29.801485684,0,1
29.801508934,1,1
29.801528296,1,0
29.801569432,1,1
29.801612040,1,0
29.801653172,1,1
29.801674622,0,1
29.801694802,0,0
29.801735938,0,1
29.801777562,0,0
29.801821160,0,1
29.801844402,1,1
29.801863764,1,0
29.801901944,1,1
29.801944554,1,0
29.801989130,1,1
29.802007720,1,0
29.808697540,1,1
29.825510988,1,0
29.825514976,0,0
29.826553788,0,1
29.826689658,0,0
29.826691492,1,0
29.826730798,1,1
29.826772424,1,0
29.826773478,0,0
29.826813572,0,1
29.826856190,0,0
29.826857854,1,0
29.826897322,1,1
29.826938946,1,0
29.826980072,1,1
29.827021696,1,0
29.827023060,0,0
29.827062834,0,1
29.827105446,0,0
29.827107416,1,0
29.827146578,1,1
29.827188204,1,0
29.827229342,1,1
29.827270968,1,0
29.827312104,1,1
29.827355212,1,0
29.827396346,1,1
29.827438958,1,0
29.827480090,1,1
29.827513362,0,1
29.827526646,0,0
29.827567790,0,1
29.827591036,1,1
29.827862602,0,1
29.827874406,0,0
29.827917018,0,1
29.827958642,0,0
29.827999778,0,1
29.828023024,1,1
29.828042388,1,0
29.828083522,1,1
29.828104970,0,1
29.828125150,0,0
29.828166286,0,1
29.828189528,1,1
29.828208892,1,0
29.828250026,1,1
29.828292634,1,0
29.828333768,1,1
29.828376378,1,0
29.828417508,1,1
29.828417512,1,0
29.828417516,1,1
29.828460120,1,0
29.828501240,1,1
29.828543842,1,0
29.828587440,1,1
29.828630064,1,0
29.828668252,1,1
29.828710856,1,0
29.828755434,1,1
29.828768608,1,0
29.829036916,0,0
29.829807744,0,1
29.829852586,0,0
29.829893738,0,1
29.829936352,0,0
29.829977506,0,1
29.830020118,0,0
29.830021524,1,0
29.830061250,1,1
29.830102880,1,0
29.830104506,0,0
29.830144024,0,1
29.830186634,0,0
29.830227782,0,1
29.830270402,0,0
29.830311546,0,1
29.830354168,0,0
29.830395316,0,1
29.830437928,0,0
29.830479076,0,1
29.830523170,0,0
29.830564314,0,1
29.830603484,0,0
29.830605414,1,0
29.830644626,1,1
29.830677896,0,1
29.830691182,0,0
29.830732336,0,1
29.830755582,1,1
29.831094332,0,1
29.831106152,0,0
29.831148834,0,1
29.831190520,0,0
29.831231720,0,1
29.831255002,1,1
29.831274396,1,0
29.831315598,1,1
29.831337082,0,1
29.831357300,0,0
29.831398512,0,1
29.831421800,1,1
29.831441196,1,0
29.831482402,1,1
29.831525082,1,0
29.831566288,1,1
29.831608964,1,0
29.831650168,1,1
29.831692850,1,0
29.831734050,1,1
29.831776730,1,0
29.831820402,1,1
29.831863084,1,0
29.831901330,1,1
29.831944016,1,0
29.831988676,1,1
29.832002336,1,0
29.832003586,1,1
29.860370098,0,1
29.860381926,0,0
29.860424622,0,1
29.860466320,0,0
29.860507538,0,1
29.860549236,0,0
29.860590452,0,1
29.860613742,1,1
29.860633142,1,0
29.860674354,1,1
29.860695836,0,1
29.860716048,0,0
29.860757254,0,1
29.860780546,1,1
29.860799944,1,0
29.860841168,1,1
29.860883858,1,0
29.860925070,1,1
29.860946558,0,1
29.860966774,0,0
29.861007986,0,1
29.861049690,0,0
29.861093374,0,1
29.861135074,0,0
29.861173332,0,1
29.861196618,1,1
29.861216016,1,0
29.861260682,1,1
29.861279222,1,0
29.864703350,1,1
29.881058572,0,1
29.881070400,0,0
29.881113100,0,1
29.881154804,0,0
29.881196026,0,1
29.881237730,0,0
29.881278950,0,1
29.881320658,0,0
29.881361888,0,1
29.881403596,0,0
29.881444822,0,1
29.881468116,1,1
29.881487514,1,0
29.881528734,1,1
29.881571424,1,0
29.881612642,1,1
29.881655332,1,0
29.881696542,1,1
29.881739238,1,0
29.881782920,1,1
29.881825612,1,0
29.881863872,1,1
29.881906562,1,0
29.881951232,1,1
29.885588382,0,1
29.885600210,0,0
29.885642910,0,1
29.885666200,1,1
29.885685598,1,0
29.885726816,1,1
29.885769506,1,0
29.885810726,1,1
29.885832214,0,1
29.885852432,0,0
29.885893648,0,1
29.885935352,0,0
29.885976568,0,1
29.885999860,1,1
29.886019256,1,0
29.886060474,1,1
29.886103170,1,0
29.886144388,1,1
29.886165876,0,1
29.886186096,0,0
29.886227318,0,1
29.886269022,0,0
29.886312712,0,1
29.886336006,1,1
29.886355406,1,0
29.886393660,1,1
29.886436356,1,0
29.886481028,1,1
29.890118056,0,1
29.890129884,0,0
29.890172588,0,1
29.890214292,0,0
29.890255524,0,1
29.890297238,0,0
29.890338470,0,1
29.890380186,0,0
29.890421420,0,1
29.890463134,0,0
29.890504368,0,1
29.890527664,1,1
29.890547066,1,0
29.890588288,1,1
29.890630992,1,0
29.890672222,1,1
29.890714918,1,0
29.890756140,1,1
29.890798848,1,0
29.890842542,1,1
29.890885242,1,0
29.890923506,1,1
29.890966208,1,0
29.891010890,1,1
29.894649396,0,1
29.894661222,0,0
29.894703914,0,1
29.894745622,0,0
29.894786844,0,1
29.894828552,0,0
29.894869768,0,1
29.894893056,1,1
29.894912454,1,0
29.894953666,1,1
29.894975154,0,1
29.894995372,0,0
29.895036588,0,1
29.895059872,1,1
29.895079274,1,0
29.895120488,1,1
29.895163174,1,0
29.895204380,1,1
29.895225868,0,1
29.895246086,0,0
29.895287298,0,1
29.895328996,0,0
29.895372682,0,1
29.895414386,0,0
29.895452644,0,1
29.895475930,1,1
29.895495330,1,0
29.895540002,1,1
29.903382030,1,0
29.904710290,1,1
29.949642934,0,1
29.949654766,0,0
29.949697470,0,1
29.949720762,1,1
29.949740162,1,0
29.949781388,1,1
29.949824082,1,0
29.949865298,1,1
29.949886792,0,1
29.949907016,0,0
29.949948242,0,1
29.949971532,1,1
29.949990932,1,0
29.950032152,1,1
29.950074850,1,0
29.950116070,1,1
29.950158754,1,0
29.950199966,1,1
29.950221458,0,1
29.950241684,0,0
29.950282924,0,1
29.950324630,0,0
29.950368322,0,1
29.950410034,0,0
29.950448300,0,1
29.950471592,1,1
29.950490992,1,0
29.950535666,1,1
29.950554054,1,0
29.952712300,1,1
29.954174116,0,1
29.954185944,0,0
29.954228644,0,1
29.954251938,1,1
29.954271338,1,0
29.954312558,1,1
29.954355254,1,0
29.954396470,1,1
29.954417958,0,1
29.954438178,0,0
29.954479404,0,1
29.954521110,0,0
29.954562332,0,1
29.954585624,1,1
29.954605024,1,0
29.954646248,1,1
29.954688944,1,0
29.954730164,1,1
29.954751654,0,1
29.954771878,0,0
29.954813102,0,1
29.954854810,0,0
29.954898504,0,1
29.954921796,1,1
29.954941196,1,0
29.954979454,1,1
29.955022148,1,0
29.955066822,1,1
29.955084954,1,0
29.960702904,1,1
29.976836848,1,0
29.977109288,0,0
29.977880480,0,1
29.978571586,0,0
29.978573232,1,0
29.978612820,1,1
29.978654532,1,0
29.978656262,0,0
29.978695762,0,1
29.978738466,0,0
29.978740680,1,0
29.978779690,1,1
29.978821400,1,0
29.978862624,1,1
29.978904334,1,0
29.978906002,0,0
29.978945566,0,1
29.978988264,0,0
29.978990412,1,0
29.979029490,1,1
29.979071198,1,0
29.979112422,1,1
29.979154132,1,0
29.979195352,1,1
29.979238544,1,0
29.979279770,1,1
29.979322466,1,0
29.979363692,1,1
29.979397032,0,1
29.979410346,0,0
29.979451584,0,1
29.979474878,1,1
29.979747018,0,1
29.979758848,0,0
29.979801554,0,1
29.979843260,0,0
29.979884480,0,1
29.979907770,1,1
29.979927172,1,0
29.979968388,1,1
29.979989876,0,1
29.980010096,0,0
29.980051320,0,1
29.980074610,1,1
29.980094010,1,0
29.980135234,1,1
29.980177936,1,0
29.980219164,1,1
29.980261858,1,0
29.980303088,1,1
29.980345784,1,0
29.980387006,1,1
29.980429704,1,0
29.980473392,1,1
29.980516090,1,0
29.980554354,1,1
29.980597050,1,0
29.980641724,1,1
29.980653530,1,0
29.980926030,0,0
29.981697374,0,1
29.981741304,0,0
29.981782544,0,1
29.981825244,0,0
29.981866480,0,1
29.981909184,0,0
29.981950418,0,1
29.981993124,0,0
29.982034362,0,1
29.982077062,0,0
29.982118298,0,1
29.982161000,0,0
29.982202234,0,1
29.982244936,0,0
29.982286176,0,1
29.982328876,0,0
29.982370114,0,1
29.982414302,0,0
29.982416294,1,0
29.982455530,1,1
29.982498228,1,0
29.982539454,1,1
29.982572792,0,1
29.982586106,0,0
29.982627344,0,1
29.982650642,1,1
29.982994168,0,1
29.983005978,0,0
29.983048614,0,1
29.983090258,0,0
29.983131414,0,1
29.983154668,1,1
29.983174040,1,0
29.983215194,1,1
29.983236650,0,1
29.983256838,0,0
29.983297996,0,1
29.983321252,1,1
29.983340626,1,0
29.983381780,1,1
29.983424408,1,0
29.983465562,1,1
29.983508188,1,0
29.983549336,1,1
29.983591962,1,0
29.983633110,1,1
29.983675734,1,0
29.983719346,1,1
29.983761972,1,0
29.983800162,1,1
29.983842790,1,0
29.983887392,1,1
29.983900308,1,0
29.983901548,1,1
30.023469036,0,1
30.023480846,0,0
30.023523472,0,1
30.023565110,0,0
30.023606266,0,1
30.023647904,0,0
30.023689058,0,1
30.023730696,0,0
30.023771838,0,1
30.023813476,0,0
30.023854622,0,1
30.023877870,1,1
30.023897232,1,0
30.023938368,1,1
30.023980982,1,0
30.024022118,1,1
30.024064728,1,0
30.024105860,1,1
30.024148478,1,0
30.024192080,1,1
30.024234694,1,0
30.024272872,1,1
30.024315486,1,0
30.024360078,1,1
30.027990586,0,1
30.028002394,0,0
30.028045010,0,1
30.028068254,1,1
30.028087616,1,0
30.028128750,1,1
30.028171364,1,0
30.028212498,1,1
30.028233946,0,1
30.028254128,0,0
30.028295266,0,1
30.028336896,0,0
30.028378040,0,1
30.028401286,1,1
30.028420654,1,0
30.028461792,1,1
30.028504404,1,0
30.028545542,1,1
30.028566992,0,1
30.028587174,0,0
30.028628312,0,1
30.028669942,0,0
30.028713546,0,1
30.028736790,1,1
30.028756154,1,0
30.028794336,1,1
30.028836950,1,0
30.028881532,1,1
30.036922184,1,0
30.040703592,1,1
30.041341302,0,1
30.041353112,0,0
30.041395736,0,1
30.041437364,0,0
30.041478502,0,1
30.041520132,0,0
30.041561274,0,1
30.041602900,0,0
30.041644040,0,1
30.041685672,0,0
30.041726812,0,1
30.041750058,1,1
30.041769426,1,0
30.041810562,1,1
30.041853174,1,0
30.041894312,1,1
30.041936926,1,0
30.041978056,1,1
30.042020670,1,0
30.042064270,1,1
30.042106878,1,0
30.042145058,1,1
30.042187670,1,0
30.042232252,1,1
30.045859584,0,1
30.045871390,0,0
30.045914004,0,1
30.045937248,1,1
30.045956614,1,0
30.045997752,1,1
30.046040362,1,0
30.046081494,1,1
30.046102942,0,1
30.046123120,0,0
30.046164242,0,1
30.046187480,1,1
30.046206844,1,0
30.046247986,1,1
30.046290612,1,0
30.046331742,1,1
30.046374362,1,0
30.046415494,1,1
30.046436944,0,1
30.046457124,0,0
30.046498262,0,1
30.046539890,0,0
30.046583492,0,1
30.046625124,0,0
30.046663308,0,1
30.046686550,1,1
30.046705914,1,0
30.046750494,1,1
30.054376642,1,0
30.056703552,1,1
30.081458634,1,0
30.081726900,0,0
30.082497724,0,1
30.082631048,0,0
30.082632406,1,0
30.082672190,1,1
30.082713818,1,0
30.082715394,0,0
30.082754958,0,1
30.082797572,0,0
30.082799762,1,0
30.082838708,1,1
30.082880334,1,0
30.082921466,1,1
30.082963094,1,0
30.082965022,0,0
30.083004234,0,1
30.083046848,0,0
30.083048394,1,0
30.083087986,1,1
30.083129610,1,0
30.083170744,1,1
30.083212370,1,0
30.083253502,1,1
30.083296602,1,0
30.083337732,1,1
30.083380338,1,0
30.083421464,1,1
30.083454736,0,1
30.083468022,0,0
30.083509168,0,1
30.083532414,1,1
30.083803990,0,1
30.083815796,0,0
30.083858408,0,1
30.083900032,0,0
30.083941164,0,1
30.083964406,1,1
30.083983772,1,0
30.084024906,1,1
30.084046354,0,1
30.084066532,0,0
30.084107672,0,1
30.084130914,1,1
30.084150278,1,0
30.084191404,1,1
30.084191408,1,0
30.084191410,1,1
30.084234020,1,0
30.084275148,1,1
30.084317756,1,0
30.084358892,1,1
30.084401504,1,0
30.084442638,1,1
30.084485250,1,0
30.084528848,1,1
30.084571458,1,0
30.084609636,1,1
30.084652252,1,0
30.084696830,1,1
30.084708742,1,0
30.084981082,0,0
30.085752064,0,1
30.085794098,0,0
30.085835256,0,1
30.085877878,0,0
30.085919034,0,1
30.085961660,0,0
30.085963906,1,0
30.086002802,1,1
30.086044438,1,0
30.086045896,0,0
30.086085586,0,1
30.086128206,0,0
30.086169358,0,1
30.086211976,0,0
30.086253126,0,1
30.086295740,0,0
30.086336882,0,1
30.086379502,0,0
30.086420660,0,1
30.086464770,0,0
30.086505922,0,1
30.086545094,0,0
30.086546902,1,0
30.086586234,1,1
30.086619512,0,1
30.086632798,0,0
30.086673948,0,1
30.086697192,1,1
30.087035964,0,1
30.087047786,0,0
30.087090474,0,1
30.087132164,0,0
30.087173372,0,1
30.087196652,1,1
30.087216048,1,0
30.087257258,1,1
30.087278744,0,1
30.087298960,0,0
30.087340172,0,1
30.087363460,1,1
30.087382858,1,0
30.087424070,1,1
30.087466754,1,0
30.087507964,1,1
30.087550646,1,0
30.087591850,1,1
30.087634536,1,0
30.087675742,1,1
30.087675746,1,0
30.087675748,1,1
30.087718426,1,0
30.087762100,1,1
30.087804784,1,0
30.087843032,1,1
30.087885712,1,0
30.087930372,1,1
30.087943178,1,0
30.087944432,1,1
30.152019576,0,1
30.152031406,0,0
30.152074104,0,1
30.152097396,1,1
30.152116796,1,0
30.152158018,1,1
30.152200712,1,0
30.152241930,1,1
30.152263420,0,1
30.152283640,0,0
30.152324858,0,1
30.152348154,1,1
30.152367550,1,0
30.152408772,1,1
30.152451460,1,0
30.152492678,1,1
30.152535374,1,0
30.152576596,1,1
30.152598086,0,1
30.152618308,0,0
30.152659542,0,1
30.152701256,0,0
30.152744950,0,1
30.152786658,0,0
30.152824920,0,1
30.152848210,1,1
30.152867608,1,0
30.152912280,1,1
30.152930362,1,0
30.160704030,1,1
30.162396120,0,1
30.162407948,0,0
30.162450648,0,1
30.162492358,0,0
30.162533582,0,1
30.162575288,0,0
30.162616516,0,1
30.162639810,1,1
30.162659210,1,0
30.162700432,1,1
30.162721922,0,1
30.162742144,0,0
30.162783368,0,1
30.162806660,1,1
30.162826060,1,0
30.162867284,1,1
30.162909980,1,0
30.162951200,1,1
30.162972688,0,1
30.162992910,0,0
30.163034136,0,1
30.163075842,0,0
30.163119536,0,1
30.163161244,0,0
30.163199506,0,1
30.163222800,1,1
30.163242200,1,0
30.163286880,1,1
30.163304790,1,0
30.168703278,1,1
30.175008486,0,1
30.175020314,0,0
30.175063014,0,1
30.175104720,0,0
30.175145946,0,1
30.175187656,0,0
30.175228884,0,1
30.175270594,0,0
30.175311822,0,1
30.175353538,0,0
30.175394766,0,1
30.175418060,1,1
30.175437464,1,0
30.175478688,1,1
30.175521386,1,0
30.175562610,1,1
30.175605308,1,0
30.175646530,1,1
30.175689228,1,0
30.175732920,1,1
30.175775616,1,0
30.175813876,1,1
30.175856572,1,0
30.175901250,1,1
30.179536098,0,1
30.179547930,0,0
30.179590636,0,1
30.179613930,1,1
30.179633332,1,0
30.179674552,1,1
30.179717246,1,0
30.179758464,1,1
30.179779956,0,1
30.179800178,0,0
30.179841404,0,1
30.179864700,1,1
30.179884100,1,0
30.179925326,1,1
30.179968022,1,0
30.180009246,1,1
30.180051946,1,0
30.180093164,1,1
30.180114656,0,1
30.180134878,0,0
30.180176104,0,1
30.180217812,0,0
30.180261506,0,1
30.180303218,0,0
30.180341488,0,1
30.180364780,1,1
30.180384180,1,0
30.180428860,1,1
30.187243796,0,1
30.187255628,0,0
30.187298334,0,1
30.187340048,0,0
30.187381282,0,1
30.187422994,0,0
30.187464222,0,1
30.187505936,0,0
30.187547166,0,1
30.187588878,0,0
30.187630112,0,1
30.187653404,1,1
30.187672806,1,0
30.187714030,1,1
30.187756732,1,0
30.187797956,1,1
30.187840660,1,0
30.187881884,1,1
30.187924582,1,0
30.187968274,1,1
30.188010974,1,0
30.188049236,1,1
30.188091934,1,0
30.188136614,1,1
30.191775556,0,1
30.191787388,0,0
30.191830098,0,1
30.191871814,0,0
30.191913048,0,1
30.191954760,0,0
30.191995988,0,1
30.192019284,1,1
30.192038688,1,0
30.192079916,1,1
30.192101408,0,1
30.192121634,0,0
30.192162862,0,1
30.192186158,1,1
30.192205562,1,0
30.192246790,1,1
30.192289494,1,0
30.192330724,1,1
30.192352218,0,1
30.192372444,0,0
30.192413678,0,1
30.192455394,0,0
30.192499094,0,1
30.192540808,0,0
30.192579078,0,1
30.192602376,1,1
30.192621782,1,0
30.192666478,1,1
30.200246156,1,0
30.200704000,1,1
30.234113098,1,0
30.234117094,0,0
30.235156186,0,1
30.235267436,0,0
30.235268880,1,0
30.235308668,1,1
30.235350380,1,0
30.235351882,0,0
30.235391606,0,1
30.235434310,0,0
30.235436274,1,0
30.235475550,1,1
30.235517284,1,0
30.235558510,1,1
30.235600222,1,0
30.235601602,0,0
30.235641458,0,1
30.235684158,0,0
30.235685982,1,0
30.235725382,1,1
30.235767096,1,0
30.235808320,1,1
30.235850028,1,0
30.235891254,1,1
30.235934444,1,0
30.235975662,1,1
30.236018362,1,0
30.236059582,1,1
30.236092918,0,1
30.236106230,0,0
30.236147470,0,1
30.236170770,1,1
30.236442920,0,1
30.236454748,0,0
30.236497456,0,1
30.236539170,0,0
30.236580400,0,1
30.236603698,1,1
30.236623100,1,0
30.236664326,1,1
30.236685816,0,1
30.236706040,0,0
30.236747262,0,1
30.236770558,1,1
30.236789958,1,0
30.236831188,1,1
30.236873886,1,0
30.236915110,1,1
30.236957810,1,0
30.236999036,1,1
30.237041732,1,0
30.237082960,1,1
30.237125654,1,0
30.237169344,1,1
30.237212044,1,0
30.237250306,1,1
30.237293002,1,0
30.237337690,1,1
30.237351948,1,0
30.237624370,0,0
30.238395606,0,1
30.238437214,0,0
30.238478448,0,1
30.238478452,0,0
30.238478454,0,1
30.238521158,0,0
30.238562396,0,1
30.238605098,0,0
30.238646336,0,1
30.238689040,0,0
30.238730278,0,1
30.238772982,0,0
30.238814222,0,1
30.238856924,0,0
30.238898160,0,1
30.238940864,0,0
30.238982100,0,1
30.239024804,0,0
30.239066042,0,1
30.239110226,0,0
30.239112414,1,0
30.239151456,1,1
30.239194156,1,0
30.239235376,1,1
30.239268714,0,1
30.239282028,0,0
30.239323266,0,1
30.239346562,1,1
30.239690068,0,1
30.239701878,0,0
30.239744514,0,1
30.239786154,0,0
30.239827314,0,1
30.239850568,1,1
30.239869938,1,0
30.239911092,1,1
30.239932552,0,1
30.239952742,0,0
30.239993902,0,1
30.240017154,1,1
30.240036526,1,0
30.240077682,1,1
30.240120308,1,0
30.240161458,1,1
30.240204086,1,0
30.240245238,1,1
30.240287864,1,0
30.240329012,1,1
30.240371640,1,0
30.240415252,1,1
30.240457874,1,0
30.240496064,1,1
30.240538686,1,0
30.240583280,1,1
30.240598552,1,0
30.240599798,1,1
30.241216742,0,1
30.241228550,0,0
30.241271184,0,1
30.241294436,1,1
30.241313804,1,0
30.241354958,1,1
30.241397588,1,0
30.241438738,1,1
30.241460190,0,1
30.241480376,0,0
30.241521526,0,1
30.241544778,1,1
30.241564146,1,0
30.241605294,1,1
30.241647918,1,0
30.241689064,1,1
30.241731682,1,0
30.241772828,1,1
30.241794280,0,1
30.241814466,0,0
30.241855614,0,1
30.241897246,0,0
30.241940858,0,1
30.241982494,0,0
30.242020684,0,1
30.242043934,1,1
30.242063308,1,0
30.242107898,1,1
30.242125782,1,0
30.248702648,1,1
30.300275060,0,1
30.300286866,0,0
30.300329490,0,1
30.300371126,0,0
30.300412276,0,1
30.300453910,0,0
30.300495060,0,1
30.300518310,1,1
30.300537678,1,0
30.300578822,1,1
30.300600282,0,1
30.300620468,0,0
30.300661616,0,1
30.300684864,1,1
30.300704232,1,0
30.300745376,1,1
30.300788000,1,0
30.300829140,1,1
30.300850596,0,1
30.300870782,0,0
30.300911930,0,1
30.300953568,0,0
30.300997184,0,1
30.301038820,0,0
30.301077012,0,1
30.301100262,1,1
30.301119630,1,0
30.301164224,1,1
30.301181936,1,0
30.304702400,1,1
30.317855156,0,1
30.317866964,0,0
30.317909588,0,1
30.317951220,0,0
30.317992364,0,1
30.318034002,0,0
30.318075150,0,1
30.318116786,0,0
30.318157932,0,1
30.318199566,0,0
30.318240708,0,1
30.318263962,1,1
30.318283328,1,0
30.318324474,1,1
30.318367096,1,0
30.318408240,1,1
30.318450858,1,0
30.318492000,1,1
30.318534618,1,0
30.318578222,1,1
30.318620846,1,0
30.318659034,1,1
30.318701652,1,0
30.318746242,1,1
30.322378032,0,1
30.322389840,0,0
30.322432458,0,1
30.322474092,0,0
30.322515238,0,1
30.322556870,0,0
30.322598016,0,1
30.322621268,1,1
30.322640636,1,0
30.322681778,1,1
30.322703230,0,1
30.322723414,0,0
30.322764556,0,1
30.322787806,1,1
30.322807174,1,0
30.322848316,1,1
30.322890932,1,0
30.322932070,1,1
30.322953522,0,1
30.322973706,0,0
30.323014852,0,1
30.323056484,0,0
30.323100096,0,1
30.323141728,0,0
30.323179918,0,1
30.323203168,1,1
30.323222534,1,0
30.323267124,1,1
30.330680090,1,0
30.336702550,1,1
30.337791142,0,1
30.337802948,0,0
30.337845568,0,1
30.337887198,0,0
30.337928340,0,1
30.337969968,0,0
30.338011110,0,1
30.338052744,0,0
30.338093884,0,1
30.338135518,0,0
30.338176660,0,1
30.338199902,1,1
30.338219266,1,0
30.338260406,1,1
30.338303018,1,0
30.338344154,1,1
30.338386772,1,0
30.338427912,1,1
30.338470530,1,0
30.338514136,1,1
30.338556752,1,0
30.338594934,1,1
30.338637550,1,0
30.338682138,1,1
30.342309428,0,1
30.342321234,0,0
30.342363856,0,1
30.342387102,1,1
30.342406466,1,0
30.342447604,1,1
30.342490220,1,0
30.342531354,1,1
30.342552806,0,1
30.342572988,0,0
30.342614130,0,1
30.342637380,1,1
30.342656746,1,0
30.342697884,1,1
30.342740498,1,0
30.342781634,1,1
30.342824246,1,0
30.342865378,1,1
30.342865380,1,0
30.342865384,1,1
30.342886832,0,1
30.342907014,0,0
30.342948152,0,1
30.342989780,0,0
30.343033380,0,1
30.343075006,0,0
30.343113190,0,1
30.343136434,1,1
30.343155800,1,0
30.343200382,1,1
30.351212956,1,0
30.352704020,1,1
30.377363204,0,1
30.377375010,0,0
30.377417618,0,1
30.377440864,1,1
30.377460228,1,0
30.377501360,1,1
30.377543972,1,0
30.377585108,1,1
30.377606556,0,1
30.377626736,0,0
30.377667872,0,1
30.377691116,1,1
30.377710480,1,0
30.377751616,1,1
30.377794224,1,0
30.377835356,1,1
30.377877966,1,0
30.377919096,1,1
30.377940544,0,1
30.377960722,0,0
30.378001860,0,1
30.378043482,0,0
30.378087082,0,1
30.378128706,0,0
30.378166886,0,1
30.378190130,1,1
30.378209494,1,0
30.378254078,1,1
30.378271744,1,0
30.384703278,1,1
30.401014302,1,0
30.401286702,0,0
30.402057690,0,1
30.402426628,0,0
30.402428786,1,0
30.402467770,1,1
30.402509406,1,0
30.402510792,0,0
30.402550554,0,1
30.402593172,0,0
30.402595174,1,0
30.402634316,1,1
30.402675946,1,0
30.402717082,1,1
30.402758712,1,0
30.402760442,0,0
30.402799858,0,1
30.402842474,0,0
30.402843808,1,0
30.402883614,1,1
30.402925244,1,0
30.402966382,1,1
30.403008012,1,0
30.403049146,1,1
30.403092250,1,0
30.403133382,1,1
30.403175996,1,0
30.403217130,1,1
30.403250408,0,1
30.403263696,0,0
30.403304848,0,1
30.403328096,1,1
30.403599688,0,1
30.403611494,0,0
30.403654112,0,1
30.403695744,0,0
30.403736880,0,1
30.403760128,1,1
30.403779494,1,0
30.403820634,1,1
30.403842084,0,1
30.403862264,0,0
30.403903404,0,1
30.403926650,1,1
30.403946016,1,0
30.403987154,1,1
30.404029770,1,0
30.404070906,1,1
30.404113520,1,0
30.404154654,1,1
30.404197270,1,0
30.404238404,1,1
30.404281016,1,0
30.404324616,1,1
30.404367236,1,0
30.404405414,1,1
30.404448032,1,0
30.404492618,1,1
30.404505272,1,0
30.404773598,0,0
30.405544410,0,1
30.405589852,0,0
30.405631008,0,1
30.405673630,0,0
30.405714774,0,1
30.405757394,0,0
30.405759186,1,0
30.405798532,1,1
30.405840162,1,0
30.405842176,0,0
30.405881308,0,1
30.405923926,0,0
30.405965074,0,1
30.406007692,0,0
30.406048848,0,1
30.406091472,0,0
30.406132616,0,1
30.406175232,0,0
30.406216378,0,1
30.406260472,0,0
30.406301622,0,1
30.406340790,0,0
30.406342126,1,0
30.406381928,1,1
30.406415204,0,1
30.406428492,0,0
30.406469644,0,1
30.406492886,1,1
30.406831638,0,1
30.406843462,0,0
30.406886144,0,1
30.406927840,0,0
30.406969050,0,1
30.406992334,1,1
30.407011728,1,0
30.407052938,1,1
30.407074420,0,1
30.407094634,0,0
30.407135840,0,1
30.407159124,1,1
30.407178520,1,0
30.407219730,1,1
30.407262412,1,0
30.407303620,1,1
30.407346310,1,0
30.407387518,1,1
30.407430202,1,0
30.407471412,1,1
30.407514096,1,0
30.407557770,1,1
30.407600460,1,0
30.407638706,1,1
30.407681388,1,0
30.407726050,1,1
30.407739186,1,0
30.407740434,1,1
30.454644812,0,1
30.454656640,0,0
30.454699338,0,1
30.454722626,1,1
30.454742022,1,0
30.454783236,1,1
30.454825924,1,0
30.454867136,1,1
30.454888620,0,1
30.454908838,0,0
30.454950054,0,1
30.454991754,0,0
30.455032974,0,1
30.455056262,1,1
30.455075662,1,0
30.455116872,1,1
30.455159558,1,0
30.455200772,1,1
30.455222260,0,1
30.455242476,0,0
30.455283694,0,1
30.455325398,0,0
30.455369092,0,1
30.455392378,1,1
30.455411776,1,0
30.455450030,1,1
30.455492718,1,0
30.455537382,1,1
30.455556006,1,0
30.456703276,1,1
30.472377796,0,1
30.472389626,0,0
30.472432328,0,1
30.472474034,0,0
30.472515254,0,1
30.472556960,0,0
30.472598188,0,1
30.472639906,0,0
30.472681136,0,1
30.472722852,0,0
30.472764078,0,1
30.472787368,1,1
30.472806770,1,0
30.472847994,1,1
30.472890688,1,0
30.472931908,1,1
30.472974602,1,0
30.473015822,1,1
30.473058512,1,0
30.473102198,1,1
30.473144896,1,0
30.473183152,1,1
30.473225840,1,0
30.473270518,1,1
30.476907874,0,1
30.476919700,0,0
30.476962398,0,1
30.476985690,1,1
30.477005086,1,0
30.477046300,1,1
30.477088994,1,0
30.477130210,1,1
30.477151696,0,1
30.477171916,0,0
30.477213140,0,1
30.477254836,0,0
30.477296042,0,1
30.477319328,1,1
30.477338732,1,0
30.477379958,1,1
30.477422652,1,0
30.477463866,1,1
30.477485356,0,1
30.477505574,0,0
30.477546794,0,1
30.477588498,0,0
30.477632186,0,1
30.477655476,1,1
30.477674872,1,0
30.477713126,1,1
30.477755820,1,0
30.477800492,1,1
30.485795912,1,0
30.488702640,1,1
30.494927590,0,1
30.494939418,0,0
30.494982112,0,1
30.495023820,0,0
30.495065044,0,1
30.495106754,0,0
30.495147984,0,1
30.495189692,0,0
30.495230914,0,1
30.495272622,0,0
30.495313850,0,1
30.495337146,1,1
30.495356546,1,0
30.495397772,1,1
30.495440466,1,0
30.495481686,1,1
30.495524380,1,0
30.495565602,1,1
30.495608294,1,0
30.495651980,1,1
30.495694672,1,0
30.495732924,1,1
30.495775618,1,0
30.495820292,1,1
30.499454824,0,1
30.499466654,0,0
30.499509360,0,1
30.499532652,1,1
30.499552052,1,0
30.499593274,1,1
30.499635974,1,0
30.499677198,1,1
30.499698690,0,1
30.499718914,0,0
30.499760142,0,1
30.499783436,1,1
30.499802836,1,0
30.499844060,1,1
30.499886756,1,0
30.499927976,1,1
30.499970672,1,0
30.500011894,1,1
30.500033382,0,1
30.500053602,0,0
30.500094826,0,1
30.500136534,0,0
30.500180226,0,1
30.500221932,0,0
30.500260194,0,1
30.500283488,1,1
30.500302888,1,0
30.500347564,1,1
30.508403880,1,0
30.512703482,1,1
30.545441930,1,0
30.545710344,0,0
30.546481714,0,1
30.546583034,0,0
30.546584440,1,0
30.546624260,1,1
30.546665970,1,0
30.546667480,0,0
30.546707202,0,1
30.546749894,0,0
30.546751886,1,0
30.546791116,1,1
30.546832828,1,0
30.546874054,1,1
30.546915764,1,0
30.546917220,0,0
30.546957002,0,1
30.546999702,0,0
30.547001642,1,0
30.547040938,1,1
30.547082656,1,0
30.547123884,1,1
30.547165606,1,0
30.547206844,1,1
30.547250044,1,0
30.547291284,1,1
30.547333994,1,0
30.547375230,1,1
30.547408576,0,1
30.547421892,0,0
30.547463142,0,1
30.547486444,1,1
30.547758638,0,1
30.547770468,0,0
30.547813184,0,1
30.547854904,0,0
30.547896140,0,1
30.547919440,1,1
30.547938844,1,0
30.547980082,1,1
30.548001580,0,1
30.548021806,0,0
30.548063044,0,1
30.548086346,1,1
30.548105752,1,0
30.548146982,1,1
30.548189680,1,0
30.548230910,1,1
30.548273604,1,0
30.548314820,1,1
30.548357518,1,0
30.548398738,1,1
30.548441432,1,0
30.548485122,1,1
30.548527818,1,0
30.548566070,1,1
30.548608764,1,0
30.548653436,1,1
30.548666082,1,0
30.548934568,0,0
30.549705872,0,1
30.549752908,0,0
30.549794144,0,1
30.549836842,0,0
30.549878076,0,1
30.549920776,0,0
30.549962012,0,1
30.550004712,0,0
30.550045950,0,1
30.550088656,0,0
30.550129890,0,1
30.550172588,0,0
30.550213824,0,1
30.550256522,0,0
30.550297756,0,1
30.550340458,0,0
30.550381694,0,1
30.550425872,0,0
30.550427658,1,0
30.550467096,1,1
30.550509794,1,0
30.550551012,1,1
30.550584354,0,1
30.550597670,0,0
30.550638910,0,1
30.550662206,1,1
30.551005732,0,1
30.551017542,0,0
30.551060182,0,1
30.551101828,0,0
30.551142986,0,1
30.551166244,1,1
30.551185614,1,0
30.551226768,1,1
30.551248226,0,1
30.551268412,0,0
30.551309568,0,1
30.551332824,1,1
30.551352196,1,0
30.551393350,1,1
30.551435978,1,0
30.551477126,1,1
30.551519754,1,0
30.551560904,1,1
30.551603526,1,0
30.551644678,1,1
30.551687304,1,0
30.551730916,1,1
30.551773542,1,0
30.551811736,1,1
30.551854356,1,0
30.551898958,1,1
30.551912734,1,0
30.551913980,1,1
30.558819058,0,1
30.558830866,0,0
30.558873486,0,1
30.558896736,1,1
30.558916104,1,0
30.558957246,1,1
30.558999866,1,0
30.559041008,1,1
30.559062458,0,1
30.559082642,0,0
30.559123790,0,1
30.559147038,1,1
30.559166404,1,0
30.559207546,1,1
30.559250166,1,0
30.559291308,1,1
30.559333928,1,0
30.559375074,1,1
30.559396528,0,1
30.559416714,0,0
30.559457860,0,1
30.559499494,0,0
30.559543106,0,1
30.559584736,0,0
30.559622932,0,1
30.559646180,1,1
30.559665544,1,0
30.559710132,1,1
30.559728760,1,0
30.560702504,1,1
30.569630354,0,1
30.569642162,0,0
30.569684786,0,1
30.569708036,1,1
30.569727402,1,0
30.569768528,1,1
30.569811142,1,0
30.569852294,1,1
30.569873750,0,1
30.569893936,0,0
30.569935078,0,1
30.569976710,0,0
30.570017860,0,1
30.570041110,1,1
30.570060476,1,0
30.570101620,1,1
30.570144248,1,0
30.570185390,1,1
30.570206844,0,1
30.570227028,0,0
30.570268182,0,1
30.570309816,0,0
30.570353430,0,1
30.570376678,1,1
30.570396046,1,0
30.570434238,1,1
30.570476856,1,0
30.570521450,1,1
30.570539470,1,0
30.576703068,1,1
30.634275804,0,1
30.634287610,0,0
30.634330220,0,1
30.634371838,0,0
30.634412976,0,1
30.634454608,0,0
30.634495744,0,1
30.634537366,0,0
30.634578502,0,1
30.634620130,0,0
30.634661268,0,1
30.634684510,1,1
30.634703872,1,0
30.634745010,1,1
30.634787620,1,0
30.634828750,1,1
30.634871364,1,0
30.634912496,1,1
30.634955108,1,0
30.634998708,1,1
30.635041318,1,0
30.635079494,1,1
30.635122102,1,0
30.635166680,1,1
30.638794018,0,1
30.638805826,0,0
30.638848444,0,1
30.638871692,1,1
30.638891058,1,0
30.638932202,1,1
30.638974820,1,0
30.639015958,1,1
30.639037412,0,1
30.639057596,0,0
30.639098738,0,1
30.639121984,1,1
30.639141350,1,0
30.639182486,1,1
30.639225104,1,0
30.639266240,1,1
30.639308852,1,0
30.639349994,1,1
30.639371444,0,1
30.639391626,0,0
30.639432766,0,1
30.639474394,0,0
30.639517994,0,1
30.639559620,0,0
30.639597804,0,1
30.639621050,1,1
30.639640414,1,0
30.639684996,1,1
30.647065838,1,0
30.648702304,1,1
30.656783454,0,1
30.656795260,0,0
30.656837874,0,1
30.656879498,0,0
30.656920638,0,1
30.656962266,0,0
30.657003408,0,1
30.657045038,0,0
30.657086184,0,1
30.657127830,0,0
30.657168978,0,1
30.657192226,1,1
30.657211590,1,0
30.657252724,1,1
30.657295342,1,0
30.657336480,1,1
30.657379096,1,0
30.657420238,1,1
30.657462850,1,0
30.657506450,1,1
30.657549064,1,0
30.657587242,1,1
30.657629856,1,0
30.657674438,1,1
30.661304702,0,1
30.661316506,0,0
30.661359130,0,1
30.661382380,1,1
30.661401742,1,0
30.661442880,1,1
30.661485490,1,0
30.661526622,1,1
30.661526624,1,0
30.661526626,1,1
30.661548074,0,1
30.661568252,0,0
30.661609392,0,1
30.661651018,0,0
30.661692152,0,1
30.661715398,1,1
30.661734760,1,0
30.661775896,1,1
30.661818508,1,0
30.661859640,1,1
30.661881092,0,1
30.661901272,0,0
30.661942404,0,1
30.661984028,0,0
30.662027634,0,1
30.662050876,1,1
30.662070242,1,0
30.662108424,1,1
30.662151036,1,0
30.662195618,1,1
30.669661776,1,0
30.672703974,1,1
30.697299148,1,0
30.697571472,0,0
30.698342442,0,1
30.699284784,0,0
30.699286342,1,0
30.699325922,1,1
30.699367558,1,0
30.699369340,0,0
30.699408702,0,1
30.699451314,0,0
30.699452714,1,0
30.699492454,1,1
30.699534100,1,0
30.699575256,1,1
30.699616896,1,0
30.699617996,0,0
30.699658050,0,1
30.699700664,0,0
30.699702360,1,0
30.699741804,1,1
30.699783438,1,0
30.699824574,1,1
30.699866202,1,0
30.699907342,1,1
30.699950448,1,0
30.699991590,1,1
30.700034202,1,0
30.700075338,1,1
30.700108608,0,1
30.700121894,0,0
30.700163048,0,1
30.700186298,1,1
30.700457906,0,1
30.700469710,0,0
30.700512326,0,1
30.700553954,0,0
30.700595094,0,1
30.700618340,1,1
30.700637704,1,0
30.700678844,1,1
30.700700294,0,1
30.700720474,0,0
30.700761612,0,1
30.700784858,1,1
30.700804224,1,0
30.700845356,1,1
30.700887966,1,0
30.700929100,1,1
30.700971712,1,0
30.701012842,1,1
30.701055454,1,0
30.701096588,1,1
30.701139200,1,0
30.701182796,1,1
30.701225406,1,0
30.701263580,1,1
30.701306190,1,0
30.701350776,1,1
30.701363030,1,0
30.701635394,0,0
30.702406296,0,1
30.702448008,0,0
30.702489164,0,1
30.702531786,0,0
30.702572936,0,1
30.702615552,0,0
30.702617078,1,0
30.702656690,1,1
30.702698308,1,0
30.702700040,0,0
30.702739442,0,1
30.702782062,0,0
30.702823224,0,1
30.702865854,0,0
30.702907008,0,1
30.702949624,0,0
30.702990776,0,1
30.703033394,0,0
30.703074550,0,1
30.703118642,0,0
30.703159794,0,1
30.703198964,0,0
30.703201046,1,0
30.703240104,1,1
30.703273380,0,1
30.703286666,0,0
30.703327818,0,1
30.703351066,1,1
30.703689840,0,1
30.703701664,0,0
30.703744348,0,1
30.703786040,0,0
30.703827254,0,1
30.703850536,1,1
30.703869932,1,0
30.703911136,1,1
30.703932622,0,1
30.703952836,0,0
30.703994050,0,1
30.704017330,1,1
30.704036726,1,0
30.704077936,1,1
30.704120618,1,0
30.704161826,1,1
30.704204514,1,0
30.704245718,1,1
30.704288402,1,0
30.704329614,1,1
30.704372302,1,0
30.704415976,1,1
30.704458660,1,0
30.704496908,1,1
30.704539590,1,0
30.704584254,1,1
30.704597378,1,0
30.704598624,1,1
30.705217648,0,1
30.705229472,0,0
30.705272166,0,1
30.705295450,1,1
30.705314844,1,0
30.705356052,1,1
30.705398734,1,0
30.705439942,1,1
30.705461424,0,1
30.705481640,0,0
30.705522856,0,1
30.705546140,1,1
30.705565540,1,0
30.705606748,1,1
30.705649432,1,0
30.705690638,1,1
30.705733322,1,0
30.705774530,1,1
30.705796018,0,1
30.705816236,0,0
30.705857446,0,1
30.705899144,0,0
30.705942824,0,1
30.705984516,0,0
30.706022764,0,1
30.706046048,1,1
30.706065440,1,0
30.706110098,1,1
30.706128476,1,0
30.712702780,1,1
30.772061104,0,1
30.772072934,0,0
30.772115634,0,1
30.772157342,0,0
30.772198560,0,1
30.772240270,0,0
30.772281500,0,1
30.772323208,0,0
30.772364440,0,1
30.772406152,0,0
30.772447378,0,1
30.772470672,1,1
30.772490072,1,0
30.772531296,1,1
30.772573994,1,0
30.772615222,1,1
30.772657922,1,0
30.772699142,1,1
30.772741838,1,0
30.772785532,1,1
30.772828230,1,0
30.772866490,1,1
30.772909188,1,0
30.772953864,1,1
30.776588436,0,1
30.776600268,0,0
30.776642976,0,1
30.776666272,1,1
30.776685678,1,0
30.776726904,1,1
30.776769598,1,0
30.776810816,1,1
30.776810820,1,0
30.776810822,1,1
30.776832310,0,1
30.776852532,0,0
30.776893756,0,1
30.776917048,1,1
30.776936450,1,0
30.776977674,1,1
30.777020370,1,0
30.777061590,1,1
30.777104288,1,0
30.777145512,1,1
30.777167000,0,1
30.777187222,0,0
30.777228450,0,1
30.777270160,0,0
30.777313850,0,1
30.777355564,0,0
30.777393828,0,1
30.777417120,1,1
30.777436520,1,0
30.777481196,1,1
30.784726682,1,0
30.792702854,1,1
30.825092872,1,0
30.825096864,0,0
30.826132326,0,1
30.826515722,0,0
30.826517690,1,0
30.826556952,1,1
30.826598668,1,0
30.826599736,0,0
30.826639904,0,1
30.826682602,0,0
30.826684152,1,0
30.826723826,1,1
30.826765538,1,0
30.826806760,1,1
30.826848470,1,0
30.826850474,0,0
30.826889710,0,1
30.826932408,0,0
30.826933882,1,0
30.826973630,1,1
30.827015344,1,0
30.827056570,1,1
30.827098280,1,0
30.827139504,1,1
30.827182694,1,0
30.827223912,1,1
30.827266608,1,0
30.827307832,1,1
30.827341170,0,1
30.827354484,0,0
30.827395720,0,1
30.827419016,1,1
30.827691138,0,1
30.827702972,0,0
30.827745692,0,1
30.827787398,0,0
30.827828630,0,1
30.827851920,1,1
30.827871324,1,0
30.827912546,1,1
30.827934042,0,1
30.827954266,0,0
30.827995494,0,1
30.828018784,1,1
30.828038186,1,0
30.828079408,1,1
30.828122110,1,0
30.828163332,1,1
30.828206036,1,0
30.828247258,1,1
30.828289956,1,0
30.828331180,1,1
30.828373882,1,0
30.828417574,1,1
30.828460274,1,0
30.828498536,1,1
30.828541234,1,0
30.828585916,1,1
30.828601302,1,0
30.828873824,0,0
30.829645254,0,1
30.829691852,0,0
30.829733086,0,1
30.829775794,0,0
30.829817034,0,1
30.829859736,0,0
30.829900978,0,1
30.829943678,0,0
30.829984914,0,1
30.830027620,0,0
30.830068862,0,1
30.830111560,0,0
30.830152798,0,1
30.830195496,0,0
30.830236730,0,1
30.830279428,0,0
30.830320666,0,1
30.830364862,0,0
30.830367160,1,0
30.830406090,1,1
30.830448788,1,0
30.830490004,1,1
30.830523338,0,1
30.830536650,0,0
30.830577890,0,1
30.830601194,1,1
30.830944842,0,1
30.830956660,0,0
30.830999316,0,1
30.831040978,0,0
30.831082158,0,1
30.831105424,1,1
30.831124802,1,0
30.831165972,1,1
30.831187434,0,1
30.831207626,0,0
30.831248788,0,1
30.831272044,1,1
30.831291414,1,0
30.831332566,1,1
30.831375200,1,0
30.831416348,1,1
30.831458968,1,0
30.831500114,1,1
30.831542734,1,0
30.831583878,1,1
30.831626500,1,0
30.831670108,1,1
30.831712726,1,0
30.831750916,1,1
30.831793536,1,0
30.831838126,1,1
30.831852494,1,0
30.831853746,1,1
30.892475410,0,1
30.892487214,0,0
30.892529830,0,1
30.892553076,1,1
30.892572444,1,0
30.892613584,1,1
30.892656200,1,0
30.892697340,1,1
30.892718792,0,1
30.892738974,0,0
30.892780116,0,1
30.892821746,0,0
30.892862888,0,1
30.892886136,1,1
30.892905502,1,0
30.892946642,1,1
30.892989260,1,0
30.893030394,1,1
30.893051844,0,1
30.893072026,0,0
30.893113168,0,1
30.893154798,0,0
30.893198402,0,1
30.893221650,1,1
30.893241016,1,0
30.893279196,1,1
30.893321808,1,0
30.893366400,1,1
30.893384312,1,0
30.896702318,1,1
30.896998792,0,1
30.897010598,0,0
30.897053216,0,1
30.897094844,0,0
30.897135988,0,1
30.897177616,0,0
30.897218758,0,1
30.897242002,1,1
30.897261368,1,0
30.897302510,1,1
30.897323962,0,1
30.897344148,0,0
30.897385294,0,1
30.897408542,1,1
30.897427908,1,0
30.897469046,1,1
30.897511662,1,0
30.897552802,1,1
30.897574254,0,1
30.897594436,0,0
30.897635576,0,1
30.897677206,0,0
30.897720812,0,1
30.897762440,0,0
30.897800628,0,1
30.897823872,1,1
30.897843240,1,0
30.897887822,1,1
30.897906154,1,0
30.904702630,1,1
30.914575296,0,1
30.914587104,0,0
30.914629726,0,1
30.914671354,0,0
30.914712500,0,1
30.914754132,0,0
30.914795276,0,1
30.914836908,0,0
30.914878050,0,1
30.914919678,0,0
30.914960824,0,1
30.914984074,1,1
30.915003442,1,0
30.915044584,1,1
30.915087198,1,0
30.915128338,1,1
30.915170958,1,0
30.915212094,1,1
30.915212100,1,0
30.915212102,1,1
30.915254716,1,0
30.915298318,1,1
30.915340936,1,0
30.915379124,1,1
30.915421738,1,0
30.915466324,1,1
30.919096842,0,1
30.919108648,0,0
30.919151266,0,1
30.919174512,1,1
30.919193878,1,0
30.919235016,1,1
30.919277630,1,0
30.919318772,1,1
30.919340226,0,1
30.919360408,0,0
30.919401546,0,1
30.919443176,0,0
30.919484318,0,1
30.919507562,1,1
30.919526926,1,0
30.919568066,1,1
30.919610680,1,0
30.919651816,1,1
30.919673268,0,1
30.919693450,0,0
30.919734596,0,1
30.919776226,0,0
30.919819838,0,1
30.919843082,1,1
30.919862450,1,0
30.919900634,1,1
30.919943248,1,0
30.919987836,1,1
30.926789718,0,1
30.926801522,0,0
30.926844136,0,1
30.926885768,0,0
30.926926912,0,1
30.926968540,0,0
30.927009682,0,1
30.927051318,0,0
30.927092462,0,1
30.927134090,0,0
30.927175234,0,1
30.927198478,1,1
30.927217844,1,0
30.927258982,1,1
30.927301598,1,0
30.927342736,1,1
30.927385346,1,0
30.927426484,1,1
30.927469098,1,0
30.927512694,1,1
30.927555308,1,0
30.927593486,1,1
30.927636102,1,0
30.927680690,1,1
30.931312042,0,1
30.931323850,0,0
30.931366478,0,1
30.931408108,0,0
30.931449252,0,1
30.931490884,0,0
30.931532028,0,1
30.931555270,1,1
30.931574636,1,0
30.931615774,1,1
30.931637224,0,1
30.931657406,0,0
30.931698544,0,1
30.931721788,1,1
30.931741154,1,0
30.931782294,1,1
30.931824914,1,0
30.931866050,1,1
30.931887504,0,1
30.931907686,0,0
30.931948830,0,1
30.931990460,0,0
30.932034070,0,1
30.932075698,0,0
30.932113880,0,1
30.932137128,1,1
30.932156492,1,0
30.932201078,1,1
30.939807070,1,0
30.944702724,1,1
30.961136876,1,0
30.961409194,0,0
30.962180038,0,1
30.962314346,0,0
30.962315718,1,0
30.962355488,1,1
30.962397122,1,0
30.962398696,0,0
30.962438272,0,1
30.962480886,0,0
30.962483052,1,0
30.962522022,1,1
30.962563650,1,0
30.962604788,1,1
30.962646416,1,0
30.962648252,0,0
30.962687558,0,1
30.962730174,0,0
30.962731594,1,0
30.962771312,1,1
30.962812940,1,0
30.962854078,1,1
30.962895702,1,0
30.962936838,1,1
30.962979940,1,0
30.963021074,1,1
30.963063686,1,0
30.963104820,1,1
30.963138092,0,1
30.963151378,0,0
30.963192528,0,1
30.963215774,1,1
30.963487340,0,1
30.963499142,0,0
30.963541758,0,1
30.963583386,0,0
30.963624530,0,1
30.963647776,1,1
30.963667140,1,0
30.963708280,1,1
30.963729730,0,1
30.963749912,0,0
30.963791052,0,1
30.963814294,1,1
30.963833658,1,0
30.963874794,1,1
30.963917406,1,0
30.963958542,1,1
30.964001158,1,0
30.964042294,1,1
30.964084904,1,0
30.964126040,1,1
30.964168654,1,0
30.964212250,1,1
30.964254864,1,0
30.964293060,1,1
30.964335692,1,0
30.964380302,1,1
30.964394772,1,0
30.964663044,0,0
30.965433798,0,1
30.965477590,0,0
30.965518742,0,1
30.965561364,0,0
30.965602520,0,1
30.965645134,0,0
30.965646570,1,0
30.965686276,1,1
30.965727910,1,0
30.965729558,0,0
30.965769054,0,1
30.965811672,0,0
30.965852824,0,1
30.965895436,0,0
30.965936588,0,1
30.965979206,0,0
30.966020358,0,1
30.966062974,0,0
30.966104124,0,1
30.966148224,0,0
30.966189376,0,1
30.966228548,0,0
30.966230426,1,0
30.966269690,1,1
30.966302962,0,1
30.966316248,0,0
30.966357402,0,1
30.966380652,1,1
30.966719432,0,1
30.966731256,0,0
30.966773944,0,1
30.966815636,0,0
30.966856846,0,1
30.966880132,1,1
30.966899528,1,0
30.966940732,1,1
30.966962218,0,1
30.966982434,0,0
30.967023648,0,1
30.967046932,1,1
30.967066326,1,0
30.967107528,1,1
30.967150210,1,0
30.967191414,1,1
30.967234096,1,0
30.967275310,1,1
30.967317996,1,0
30.967359208,1,1
30.967401896,1,0
30.967445574,1,1
30.967488260,1,0
30.967526510,1,1
30.967569196,1,0
30.967613854,1,1
30.967628282,1,0
30.967629536,1,1
31.033914206,0,1
31.033926034,0,0
31.033968734,0,1
31.033992026,1,1
31.034011428,1,0
31.034052648,1,1
31.034095342,1,0
31.034136562,1,1
31.034158054,0,1
31.034178274,0,0
31.034219496,0,1
31.034242790,1,1
31.034262190,1,0
31.034303410,1,1
31.034346108,1,0
31.034387332,1,1
31.034430028,1,0
31.034471248,1,1
31.034492738,0,1
31.034512960,0,0
31.034554182,0,1
31.034595890,0,0
31.034639584,0,1
31.034681294,0,0
31.034719556,0,1
31.034742850,1,1
31.034762252,1,0
31.034806928,1,1
31.034824986,1,0
31.040701410,1,1
31.041366758,0,1
31.041378588,0,0
31.041421290,0,1
31.041444584,1,1
31.041463986,1,0
31.041505204,1,1
31.041547902,1,0
31.041589128,1,1
31.041610622,0,1
31.041630844,0,0
31.041672070,0,1
31.041713778,0,0
31.041755004,0,1
31.041778296,1,1
31.041797694,1,0
31.041838918,1,1
31.041881624,1,0
31.041922854,1,1
31.041944350,0,1
31.041964578,0,0
31.042005812,0,1
31.042047526,0,0
31.042091232,0,1
31.042114532,1,1
31.042133936,1,0
31.042172200,1,1
31.042214896,1,0
31.042259570,1,1
31.042277902,1,0
31.048701852,1,1
31.059565312,0,1
31.059577142,0,0
31.059619850,0,1
31.059661560,0,0
31.059702792,0,1
31.059744502,0,0
31.059785734,0,1
31.059827448,0,0
31.059868676,0,1
31.059910384,0,0
31.059951618,0,1
31.059974912,1,1
31.059994314,1,0
31.060035538,1,1
31.060078238,1,0
31.060119462,1,1
31.060162156,1,0
31.060203382,1,1
31.060246078,1,0
31.060289770,1,1
31.060332472,1,0
31.060370736,1,1
31.060413434,1,0
31.060458114,1,1
31.064093088,0,1
31.064104918,0,0
31.064147632,0,1
31.064170926,1,1
31.064190328,1,0
31.064231552,1,1
31.064274250,1,0
31.064315470,1,1
31.064336962,0,1
31.064357184,0,0
31.064398412,0,1
31.064421706,1,1
31.064441104,1,0
31.064482324,1,1
31.064525020,1,0
31.064566244,1,1
31.064608942,1,0
31.064650172,1,1
31.064671666,0,1
31.064691894,0,0
31.064733126,0,1
31.064774838,0,0
31.064818536,0,1
31.064860244,0,0
31.064898506,0,1
31.064921802,1,1
31.064941204,1,0
31.064985878,1,1
31.068623686,0,1
31.068635516,0,0
31.068678226,0,1
31.068719938,0,0
31.068761166,0,1
31.068802878,0,0
31.068844108,0,1
31.068885820,0,0
31.068927050,0,1
31.068968764,0,0
31.069009996,0,1
31.069033294,1,1
31.069052694,1,0
31.069093920,1,1
31.069136616,1,0
31.069177842,1,1
31.069220538,1,0
31.069261764,1,1
31.069304448,1,0
31.069348138,1,1
31.069390848,1,0
31.069429118,1,1
31.069471812,1,0
31.069516496,1,1
31.073154220,0,1
31.073166050,0,0
31.073208758,0,1
31.073232050,1,1
31.073251450,1,0
31.073292674,1,1
31.073335378,1,0
31.073376606,1,1
31.073398098,0,1
31.073418320,0,0
31.073459550,0,1
31.073501260,0,0
31.073542488,0,1
31.073565788,1,1
31.073585188,1,0
31.073626414,1,1
31.073669112,1,0
31.073710340,1,1
31.073731832,0,1
31.073752054,0,0
31.073793280,0,1
31.073834990,0,0
31.073878690,0,1
31.073901984,1,1
31.073921386,1,0
31.073959650,1,1
31.074002350,1,0
31.074047026,1,1
31.081559332,1,0
31.088704066,1,1
31.105750832,1,0
31.106019276,0,0
31.106790582,0,1
31.107447392,0,0
31.107449310,1,0
31.107488624,1,1
31.107530342,1,0
31.107532344,0,0
31.107571582,0,1
31.107614288,0,0
31.107615754,1,0
31.107655520,1,1
31.107697236,1,0
31.107738468,1,1
31.107780184,1,0
31.107782114,0,0
31.107821418,0,1
31.107864124,0,0
31.107865542,1,0
31.107905358,1,1
31.107947074,1,0
31.107988302,1,1
31.108030014,1,0
31.108071244,1,1
31.108114436,1,0
31.108155668,1,1
31.108198368,1,0
31.108239596,1,1
31.108272936,0,1
31.108286252,0,0
31.108327496,0,1
31.108350796,1,1
31.108622968,0,1
31.108634798,0,0
31.108677510,0,1
31.108719224,0,0
31.108760456,0,1
31.108783750,1,1
31.108803152,1,0
31.108844382,1,1
31.108865872,0,1
31.108886096,0,0
31.108927328,0,1
31.108950622,1,1
31.108970026,1,0
31.109011254,1,1
31.109053956,1,0
31.109095186,1,1
31.109137890,1,0
31.109179120,1,1
31.109221826,1,0
31.109263054,1,1
31.109305756,1,0
31.109349456,1,1
31.109392156,1,0
31.109430422,1,1
31.109473124,1,0
31.109517808,1,1
31.109531692,1,0
31.109804154,0,0
31.110575360,0,1
31.110617490,0,0
31.110658738,0,1
31.110701448,0,0
31.110742694,0,1
31.110785404,0,0
31.110826650,0,1
31.110869356,0,0
31.110910602,0,1
31.110953308,0,0
31.110994552,0,1
31.111037262,0,0
31.111078506,0,1
31.111121210,0,0
31.111162454,0,1
31.111205162,0,0
31.111246404,0,1
31.111290598,0,0
31.111292154,1,0
31.111331834,1,1
31.111374548,1,0
31.111415780,1,1
31.111449126,0,1
31.111462442,0,0
31.111503690,0,1
31.111526988,1,1
31.111870568,0,1
31.111882382,0,0
31.111925032,0,1
31.111966682,0,0
31.112007850,0,1
31.112031110,1,1
31.112050482,1,0
31.112091644,1,1
31.112113102,0,1
31.112133296,0,0
31.112174454,0,1
31.112197714,1,1
31.112217086,1,0
31.112258246,1,1
31.112300878,1,0
31.112342038,1,1
31.112384672,1,0
31.112425830,1,1
31.112468462,1,0
31.112509618,1,1
31.112552252,1,0
31.112595876,1,1
31.112638514,1,0
31.112676722,1,1
31.112719358,1,0
31.112763966,1,1
31.112778120,1,0
31.112779362,1,1
31.177378988,0,1
31.177390794,0,0
31.177433414,0,1
31.177456656,1,1
31.177476022,1,0
31.177517158,1,1
31.177559772,1,0
31.177600908,1,1
31.177622356,0,1
31.177642540,0,0
31.177683684,0,1
31.177706926,1,1
31.177726290,1,0
31.177767428,1,1
31.177810042,1,0
31.177851178,1,1
31.177893790,1,0
31.177934926,1,1
31.177956380,0,1
31.177976560,0,0
31.178017700,0,1
31.178059332,0,0
31.178102936,0,1
31.178144568,0,0
31.178182752,0,1
31.178206004,1,1
31.178225366,1,0
31.178269950,1,1
31.178288240,1,0
31.184701652,1,1
31.184820314,0,1
31.184832124,0,0
31.184874752,0,1
31.184916382,0,0
31.184957526,0,1
31.184999160,0,0
31.185040304,0,1
31.185063550,1,1
31.185082918,1,0
31.185124060,1,1
31.185145512,0,1
31.185165694,0,0
31.185206838,0,1
31.185230088,1,1
31.185249454,1,0
31.185290596,1,1
31.185333214,1,0
31.185374360,1,1
31.185395812,0,1
31.185415994,0,0
31.185457140,0,1
31.185498772,0,0
31.185542382,0,1
31.185584014,0,0
31.185622204,0,1
31.185645452,1,1
31.185664818,1,0
31.185709410,1,1
31.185727572,1,0
31.192701682,1,1
31.202987554,0,1
31.202999362,0,0
31.203041986,0,1
31.203083618,0,0
31.203124766,0,1
31.203166400,0,0
31.203207546,0,1
31.203249180,0,0
31.203290328,0,1
31.203331964,0,0
31.203373114,0,1
31.203396362,1,1
31.203415730,1,0
31.203456874,1,1
31.203499492,1,0
31.203540632,1,1
31.203583252,1,0
31.203624396,1,1
31.203667014,1,0
31.203710618,1,1
31.203753236,1,0
31.203791420,1,1
31.203834038,1,0
31.203878624,1,1
31.207506388,0,1
31.207518196,0,0
31.207560818,0,1
31.207584068,1,1
31.207603434,1,0
31.207644580,1,1
31.207687194,1,0
31.207728336,1,1
31.207749788,0,1
31.207769972,0,0
31.207811118,0,1
31.207834366,1,1
31.207853732,1,0
31.207894874,1,1
31.207937492,1,0
31.207978632,1,1
31.208021252,1,0
31.208062396,1,1
31.208083846,0,1
31.208104028,0,0
31.208145174,0,1
31.208186808,0,0
31.208230418,0,1
31.208272048,0,0
31.208310240,0,1
31.208333488,1,1
31.208352856,1,0
31.208397452,1,1
31.212028266,0,1
31.212040072,0,0
31.212082690,0,1
31.212124322,0,0
31.212165466,0,1
31.212207096,0,0
31.212248238,0,1
31.212248240,0,0
31.212248244,0,1
31.212289874,0,0
31.212331018,0,1
31.212372654,0,0
31.212413802,0,1
31.212437046,1,1
31.212456414,1,0
31.212497554,1,1
31.212540172,1,0
31.212581314,1,1
31.212623932,1,0
31.212665072,1,1
31.212707690,1,0
31.212751296,1,1
31.212793914,1,0
31.212832094,1,1
31.212874712,1,0
31.212919298,1,1
31.216550910,0,1
31.216562716,0,0
31.216605340,0,1
31.216605342,0,0
31.216605346,0,1
31.216646982,0,0
31.216688136,0,1
31.216729774,0,0
31.216770920,0,1
31.216794170,1,1
31.216813538,1,0
31.216854684,1,1
31.216876136,0,1
31.216896320,0,0
31.216937466,0,1
31.216960718,1,1
31.216980084,1,0
31.217021224,1,1
31.217063844,1,0
31.217104984,1,1
31.217126438,0,1
31.217146622,0,0
31.217187768,0,1
31.217229400,0,0
31.217273010,0,1
31.217314644,0,0
31.217352840,0,1
31.217376090,1,1
31.217395456,1,0
31.217440048,1,1
31.225319048,1,0
31.232701458,1,1
31.257441926,0,1
31.257453732,0,0
31.257496350,0,1
31.257519594,1,1
31.257538956,1,0
31.257580090,1,1
31.257622704,1,0
31.257663832,1,1
31.257663836,1,0
31.257663840,1,1
31.257685284,0,1
31.257705466,0,0
31.257746606,0,1
31.257769850,1,1
31.257789212,1,0
31.257830338,1,1
31.257830340,1,0
31.257830344,1,1
31.257872952,1,0
31.257914082,1,1
31.257956690,1,0
31.257997824,1,1
31.258019274,0,1
31.258039454,0,0
31.258080594,0,1
31.258122224,0,0
31.258165826,0,1
31.258207450,0,0
31.258245630,0,1
31.258268876,1,1
31.258288240,1,0
31.258332818,1,1
31.258351226,1,0
31.264701186,1,1
31.280238678,1,0
31.280511002,0,0
31.281281892,0,1
31.282648986,0,0
31.282651300,1,0
31.282690128,1,1
31.282731754,1,0
31.282733290,0,0
31.282772904,0,1
31.282815512,0,0
31.282817658,1,0
31.282856634,1,1
31.282898266,1,0
31.282939414,1,1
31.282981054,1,0
31.282982950,0,0
31.283022208,0,1
31.283064826,0,0
31.283066328,1,0
31.283105966,1,1
31.283147598,1,0
31.283188732,1,1
31.283230360,1,0
31.283271496,1,1
31.283314596,1,0
31.283355734,1,1
31.283398364,1,0
31.283439524,1,1
31.283472812,0,1
31.283486104,0,0
31.283527268,0,1
31.283550526,1,1
31.283822280,0,1
31.283834094,0,0
31.283876738,0,1
31.283918372,0,0
31.283959520,0,1
31.283982766,1,1
31.284002134,1,0
31.284043276,1,1
31.284064730,0,1
31.284084914,0,0
31.284126056,0,1
31.284149302,1,1
31.284168670,1,0
31.284209808,1,1
31.284252422,1,0
31.284293550,1,1
31.284336168,1,0
31.284377306,1,1
31.284419920,1,0
31.284461058,1,1
31.284503672,1,0
31.284547274,1,1
31.284589890,1,0
31.284628076,1,1
31.284670688,1,0
31.284715272,1,1
31.284727002,1,0
31.284999344,0,0
31.285770288,0,1
31.285812578,0,0
31.285853730,0,1
31.285896354,0,0
31.285937506,0,1
31.285980124,0,0
31.285982132,1,0
31.286021266,1,1
31.286062898,1,0
31.286064140,0,0
31.286104048,0,1
31.286146664,0,0
31.286187812,0,1
31.286187816,0,0
31.286187820,0,1
31.286230432,0,0
31.286271582,0,1
31.286314204,0,0
31.286355358,0,1
31.286397974,0,0
31.286439128,0,1
31.286483224,0,0
31.286524372,0,1
31.286563542,0,0
31.286565112,1,0
31.286604684,1,1
31.286637960,0,1
31.286651246,0,0
31.286692400,0,1
31.286715650,1,1
31.287054414,0,1
31.287066238,0,0
31.287108922,0,1
31.287150608,0,0
31.287191814,0,1
31.287215096,1,1
31.287234492,1,0
31.287275700,1,1
31.287297180,0,1
31.287317394,0,0
31.287358612,0,1
31.287381896,1,1
31.287401292,1,0
31.287442500,1,1
31.287485182,1,0
31.287526388,1,1
31.287569070,1,0
31.287610280,1,1
31.287652964,1,0
31.287694170,1,1
31.287736854,1,0
31.287780528,1,1
31.287823208,1,0
31.287861456,1,1
31.287904138,1,0
31.287948800,1,1
31.287961332,1,0
31.287962584,1,1
31.331932586,0,1
31.331944414,0,0
31.331987116,0,1
31.332028820,0,0
31.332070044,0,1
31.332111748,0,0
31.332152970,0,1
31.332176264,1,1
31.332195664,1,0
31.332236884,1,1
31.332258374,0,1
31.332278594,0,0
31.332319820,0,1
31.332343116,1,1
31.332362514,1,0
31.332403736,1,1
31.332446432,1,0
31.332487654,1,1
31.332509142,0,1
31.332529362,0,0
31.332570588,0,1
31.332612298,0,0
31.332655992,0,1
31.332697704,0,0
31.332735968,0,1
31.332759258,1,1
31.332778654,1,0
31.332823328,1,1
31.332841646,1,0
31.336702156,1,1
31.352624294,0,1
31.352636122,0,0
31.352678830,0,1
31.352720540,0,0
31.352761770,0,1
31.352803476,0,0
31.352844694,0,1
31.352886402,0,0
31.352927622,0,1
31.352969322,0,0
31.353010542,0,1
31.353033832,1,1
31.353053230,1,0
31.353094444,1,1
31.353137136,1,0
31.353178358,1,1
31.353221052,1,0
31.353262274,1,1
31.353304968,1,0
31.353348658,1,1
31.353391350,1,0
31.353429608,1,1
31.353472298,1,0
31.353516968,1,1
31.357151476,0,1
31.357163306,0,0
31.357206012,0,1
31.357229306,1,1
31.357248710,1,0
31.357289932,1,1
31.357332630,1,0
31.357373856,1,1
31.357395346,0,1
31.357415570,0,0
31.357456796,0,1
31.357480090,1,1
31.357499490,1,0
31.357540710,1,1
31.357583404,1,0
31.357624628,1,1
31.357667324,1,0
31.357708546,1,1
31.357730036,0,1
31.357750260,0,0
31.357791488,0,1
31.357833198,0,0
31.357876900,0,1
31.357918616,0,0
31.357956884,0,1
31.357980176,1,1
31.357999578,1,0
31.358044254,1,1
31.361681710,0,1
31.361693538,0,0
31.361736242,0,1
31.361777950,0,0
31.361819174,0,1
31.361860882,0,0
31.361902102,0,1
31.361943814,0,0
31.361985038,0,1
31.362026746,0,0
31.362067974,0,1
31.362091268,1,1
31.362110666,1,0
31.362151884,1,1
31.362194582,1,0
31.362235800,1,1
31.362278490,1,0
31.362319706,1,1
31.362362402,1,0
31.362406082,1,1
31.362448774,1,0
31.362487028,1,1
31.362529724,1,0
31.362574400,1,1
31.366212966,0,1
31.366224796,0,0
31.366267502,0,1
31.366309210,0,0
31.366350438,0,1
31.366392152,0,0
31.366433380,0,1
31.366456674,1,1
31.366476076,1,0
31.366517304,1,1
31.366538798,0,1
31.366559022,0,0
31.366600252,0,1
31.366623548,1,1
31.366642952,1,0
31.366684180,1,1
31.366726874,1,0
31.366768098,1,1
31.366789590,0,1
31.366809814,0,0
31.366851044,0,1
31.366892758,0,0
31.366936460,0,1
31.366978170,0,0
31.367016436,0,1
31.367039732,1,1
31.367059134,1,0
31.367103816,1,1
31.375281674,1,0
31.376709910,1,1
31.393482874,0,1
31.393494702,0,0
31.393537410,0,1
31.393560704,1,1
31.393580106,1,0
31.393621334,1,1
31.393664030,1,0
31.393705252,1,1
31.393705256,1,0
31.393705258,1,1
31.393726748,0,1
31.393746970,0,0
31.393788200,0,1
31.393811492,1,1
31.393830896,1,0
31.393872122,1,1
31.393914822,1,0
31.393956044,1,1
31.393998744,1,0
31.394039968,1,1
31.394061462,0,1
31.394081686,0,0
31.394122912,0,1
31.394164628,0,0
31.394208328,0,1
31.394250036,0,0
31.394288304,0,1
31.394311594,1,1
31.394330996,1,0
31.394375676,1,1
31.394394492,1,0
31.400701238,1,1
31.433752906,1,0
31.434021370,0,0
31.434792712,0,1
31.434959382,0,0
31.434961538,1,0
31.435000618,1,1
31.435042342,1,0
31.435043568,0,0
31.435083586,0,1
31.435126292,0,0
31.435127988,1,0
31.435167530,1,1
31.435209250,1,0
31.435250480,1,1
31.435292198,1,0
31.435293304,0,0
31.435333440,0,1
31.435376150,0,0
31.435377716,1,0
31.435417382,1,1
31.435459102,1,0
31.435500330,1,1
31.435542046,1,0
31.435583276,1,1
31.435626472,1,0
31.435667698,1,1
31.435710400,1,0
31.435751626,1,1
31.435784962,0,1
31.435798276,0,0
31.435839524,0,1
31.435862822,1,1
31.436134996,0,1
31.436146824,0,0
31.436189534,0,1
31.436231246,0,0
31.436272480,0,1
31.436295772,1,1
31.436315176,1,0
31.436356410,1,1
31.436377902,0,1
31.436398128,0,0
31.436439362,0,1
31.436462656,1,1
31.436482060,1,0
31.436523290,1,1
31.436565992,1,0
31.436607222,1,1
31.436649926,1,0
31.436691154,1,1
31.436733856,1,0
31.436775084,1,1
31.436817782,1,0
31.436861476,1,1
31.436904172,1,0
31.436942436,1,1
31.436985130,1,0
31.437029810,1,1
31.437044692,1,0
31.437317108,0,0
31.438088292,0,1
31.438129462,0,0
31.438170710,0,1
31.438213418,0,0
31.438254662,0,1
31.438297366,0,0
31.438338612,0,1
31.438381322,0,0
31.438422570,0,1
31.438465276,0,0
31.438506518,0,1
31.438549224,0,0
31.438590470,0,1
31.438633178,0,0
31.438674420,0,1
31.438717130,0,0
31.438758372,0,1
31.438802558,0,0
31.438804086,1,0
31.438843788,1,1
31.438886490,1,0
31.438927716,1,1
31.438961058,0,1
31.438974374,0,0
31.439015616,0,1
31.439038916,1,1
31.439382476,0,1
31.439394290,0,0
31.439436932,0,1
31.439478580,0,0
31.439519746,0,1
31.439543002,1,1
31.439562374,1,0
31.439603534,1,1
31.439624994,0,1
31.439645186,0,0
31.439686346,0,1
31.439709602,1,1
31.439728974,1,0
31.439770134,1,1
31.439812766,1,0
31.439853922,1,1
31.439896550,1,0
31.439937696,1,1
31.439980314,1,0
31.440021470,1,1
31.440064114,1,0
31.440107750,1,1
31.440150382,1,0
31.440188580,1,1
31.440231206,1,0
31.440275806,1,1
31.440291086,1,0
31.440292328,1,1
31.475126236,0,1
31.475138044,0,0
31.475180670,0,1
31.475222304,0,0
31.475263454,0,1
31.475305092,0,0
31.475346248,0,1
31.475369496,1,1
31.475388868,1,0
31.475430014,1,1
31.475451472,0,1
31.475471658,0,0
31.475512806,0,1
31.475536056,1,1
31.475555428,1,0
31.475596578,1,1
31.475639202,1,0
31.475680346,1,1
31.475701806,0,1
31.475721990,0,0
31.475763140,0,1
31.475804776,0,0
31.475848392,0,1
31.475890032,0,0
31.475928224,0,1
31.475951478,1,1
31.475970848,1,0
31.476015442,1,1
31.476033582,1,0
31.480701588,1,1
31.495327176,0,1
31.495338986,0,0
31.495381614,0,1
31.495423248,0,0
31.495464396,0,1
31.495506032,0,0
31.495547182,0,1
31.495588818,0,0
31.495629970,0,1
31.495671606,0,0
31.495712754,0,1
31.495736006,1,1
31.495755372,1,0
31.495796512,1,1
31.495839134,1,0
31.495880282,1,1
31.495922902,1,0
31.495964048,1,1
31.496006672,1,0
31.496050284,1,1
31.496092906,1,0
31.496131092,1,1
31.496173716,1,0
31.496218306,1,1
31.499850264,0,1
31.499862074,0,0
31.499904698,0,1
31.499946338,0,0
31.499987490,0,1
31.500029128,0,0
31.500070282,0,1
31.500093532,1,1
31.500112902,1,0
31.500154046,1,1
31.500175498,0,1
31.500195682,0,0
31.500236834,0,1
31.500260084,1,1
31.500279452,1,0
31.500320602,1,1
31.500363236,1,0
31.500404382,1,1
31.500425836,0,1
31.500446024,0,0
31.500487178,0,1
31.500528816,0,0
31.500572428,0,1
31.500614070,0,0
31.500652268,0,1
31.500675518,1,1
31.500694886,1,0
31.500739482,1,1
31.508814818,1,0
31.512700640,1,1
31.535224446,0,1
31.535236252,0,0
31.535278864,0,1
31.535302108,1,1
31.535321472,1,0
31.535362616,1,1
31.535405234,1,0
31.535446374,1,1
31.535467826,0,1
31.535488008,0,0
31.535529152,0,1
31.535570778,0,0
31.535611922,0,1
31.535635170,1,1
31.535654534,1,0
31.535695672,1,1
31.535738292,1,0
31.535779430,1,1
31.535800884,0,1
31.535821066,0,0
31.535862212,0,1
31.535903844,0,0
31.535947448,0,1
31.535970696,1,1
31.535990062,1,0
31.536028246,1,1
31.536070860,1,0
31.536115448,1,1
31.536133334,1,0
31.536701108,1,1
31.624646742,0,1
31.624658548,0,0
31.624701170,0,1
31.624742798,0,0
31.624783936,0,1
31.624825564,0,0
31.624866706,0,1
31.624908336,0,0
31.624949472,0,1
31.624991100,0,0
31.625032240,0,1
31.625055480,1,1
31.625074844,1,0
31.625115980,1,1
31.625158596,1,0
31.625199734,1,1
31.625242344,1,0
31.625283480,1,1
31.625326088,1,0
31.625369688,1,1
31.625412304,1,0
31.625450488,1,1
31.625493100,1,0
31.625537686,1,1
31.629168004,0,1
31.629179810,0,0
31.629222424,0,1
31.629245666,1,1
31.629265028,1,0
31.629306158,1,1
31.629348776,1,0
31.629389906,1,1
31.629411352,0,1
31.629431532,0,0
31.629472670,0,1
31.629514294,0,0
31.629555430,0,1
31.629578672,1,1
31.629598038,1,0
31.629639170,1,1
31.629681780,1,0
31.629722914,1,1
31.629744364,0,1
31.629764542,0,0
31.629805678,0,1
31.629847302,0,0
31.629890900,0,1
31.629914146,1,1
31.629933508,1,0
31.629971688,1,1
31.630014294,1,0
31.630058872,1,1
31.638215102,1,0
31.640700900,1,1
31.697461522,1,0
31.697733736,0,0
31.698504504,0,1
31.698786800,0,0
31.698788398,1,0
31.698827938,1,1
31.698869564,1,0
31.698871382,0,0
31.698910710,0,1
31.698953322,0,0
31.698954744,1,0
31.698994452,1,1
31.699036080,1,0
31.699077212,1,1
31.699118836,1,0
31.699119982,0,0
31.699159978,0,1
31.699202588,0,0
31.699204340,1,0
31.699243720,1,1
31.699285342,1,0
31.699326474,1,1
31.699368100,1,0
31.699409224,1,1
31.699452330,1,0
31.699493478,1,1
31.699536112,1,0
31.699577264,1,1
31.699610544,0,1
31.699623834,0,0
31.699664992,0,1
31.699688246,1,1
31.699959842,0,1
31.699971648,0,0
31.700014262,0,1
31.700055890,0,0
31.700097034,0,1
31.700120280,1,1
31.700139644,1,0
31.700180780,1,1
31.700202226,0,1
31.700222408,0,0
31.700263548,0,1
31.700286790,1,1
31.700306152,1,0
31.700347288,1,1
31.700389906,1,0
31.700431042,1,1
31.700473656,1,0
31.700514794,1,1
31.700557404,1,0
31.700598538,1,1
31.700641154,1,0
31.700684746,1,1
31.700727356,1,0
31.700765530,1,1
31.700808138,1,0
31.700852710,1,1
31.700867632,1,0
31.701139916,0,0
31.701910810,0,1
31.701956364,0,0
31.701997528,0,1
31.702040142,0,0
31.702081294,0,1
31.702123912,0,0
31.702125636,1,0
31.702165048,1,1
31.702206674,1,0
31.702208616,0,0
31.702247820,0,1
31.702290432,0,0
31.702331580,0,1
31.702374198,0,0
31.702415344,0,1
31.702457960,0,0
31.702499106,0,1
31.702541716,0,0
31.702582864,0,1
31.702626960,0,0
31.702668106,0,1
31.702707270,0,0
31.702709512,1,0
31.702748402,1,1
31.702781674,0,1
31.702794960,0,0
31.702836112,0,1
31.702859360,1,1
31.703198124,0,1
31.703209948,0,0
31.703252632,0,1
31.703294324,0,0
31.703335532,0,1
31.703358818,1,1
31.703378212,1,0
31.703419422,1,1
31.703440906,0,1
31.703461120,0,0
31.703502332,0,1
31.703525616,1,1
31.703545012,1,0
31.703586214,1,1
31.703628898,1,0
31.703670106,1,1
31.703712788,1,0
31.703753994,1,1
31.703796680,1,0
31.703837886,1,1
31.703880570,1,0
31.703924240,1,1
31.703966922,1,0
31.704005166,1,1
31.704047850,1,0
31.704092506,1,1
31.704105630,1,0
31.704106872,1,1
31.865323844,1,0
31.865592260,0,0
31.866363500,0,1
31.867253834,0,0
31.867255578,1,0
31.867295062,1,1
31.867336780,1,0
31.867338600,0,0
31.867378022,0,1
31.867420722,0,0
31.867423012,1,0
31.867461948,1,1
31.867503658,1,0
31.867544886,1,1
31.867586594,1,0
31.867588334,0,0
31.867627830,0,1
31.867670528,0,0
31.867672744,1,0
31.867711748,1,1
31.867753460,1,0
31.867794682,1,1
31.867836392,1,0
31.867877616,1,1
31.867920806,1,0
31.867962030,1,1
31.868004730,1,0
31.868045958,1,1
31.868079296,0,1
31.868092612,0,0
31.868133858,0,1
31.868157156,1,1
31.868429332,0,1
31.868441162,0,0
31.868483870,0,1
31.868525588,0,0
31.868566818,0,1
31.868590114,1,1
31.868609520,1,0
31.868650750,1,1
31.868672246,0,1
31.868692470,0,0
31.868733706,0,1
31.868757004,1,1
31.868776408,1,0
31.868817638,1,1
31.868860336,1,0
31.868901564,1,1
31.868944266,1,0
31.868985492,1,1
31.869028192,1,0
31.869069420,1,1
31.869112116,1,0
31.869155804,1,1
31.869198508,1,0
31.869236770,1,1
31.869279470,1,0
31.869324152,1,1
31.869336948,1,0
31.869609428,0,0
31.870380750,0,1
31.870423762,0,0
31.870465002,0,1
31.870507706,0,0
31.870548940,0,1
31.870591640,0,0
31.870632884,0,1
31.870675584,0,0
31.870716822,0,1
31.870759526,0,0
31.870800768,0,1
31.870843470,0,0
31.870884712,0,1
31.870927416,0,0
31.870968650,0,1
31.871011352,0,0
31.871052592,0,1
31.871096758,0,0
31.871098588,1,0
31.871137980,1,1
31.871180686,1,0
31.871221922,1,1
31.871255272,0,1
31.871268586,0,0
31.871309824,0,1
31.871333118,1,1
31.871676654,0,1
31.871688466,0,0
31.871731106,0,1
31.871772752,0,0
31.871813912,0,1
31.871837166,1,1
31.871856534,1,0
31.871897682,1,1
31.871919138,0,1
31.871939324,0,0
31.871980480,0,1
31.872003736,1,1
31.872023106,1,0
31.872064266,1,1
31.872106898,1,0
31.872148056,1,1
31.872190688,1,0
31.872231844,1,1
31.872274466,1,0
31.872315614,1,1
31.872358246,1,0
31.872401860,1,1
31.872444484,1,0
31.872482678,1,1
31.872525306,1,0
31.872569908,1,1
31.872583650,1,0
31.872584892,1,1
32.009471014,1,0
32.009743274,0,0
32.010514156,0,1
32.011003118,0,0
32.011005268,1,0
32.011044262,1,1
32.011085894,1,0
32.011087258,0,0
32.011127044,0,1
32.011169664,0,0
32.011171628,1,0
32.011210804,1,1
32.011252436,1,0
32.011293576,1,1
32.011335204,1,0
32.011336854,0,0
32.011376358,0,1
32.011418978,0,0
32.011421220,1,0
32.011460118,1,1
32.011501746,1,0
32.011542888,1,1
32.011584518,1,0
32.011625656,1,1
32.011668766,1,0
32.011709906,1,1
32.011752520,1,0
32.011793662,1,1
32.011826940,0,1
32.011840228,0,0
32.011881384,0,1
32.011904640,1,1
32.012176254,0,1
32.012188060,0,0
32.012230680,0,1
32.012272310,0,0
32.012313454,0,1
32.012336702,1,1
32.012356072,1,0
32.012397212,1,1
32.012418662,0,1
32.012438846,0,0
32.012479988,0,1
32.012503232,1,1
32.012522598,1,0
32.012563740,1,1
32.012606358,1,0
32.012647498,1,1
32.012690116,1,0
32.012731258,1,1
32.012773872,1,0
32.012815008,1,1
32.012857622,1,0
32.012901218,1,1
32.012943828,1,0
32.012982010,1,1
32.013024624,1,0
32.013069212,1,1
32.013081406,1,0
32.013349718,0,0
32.014120582,0,1
32.014160142,0,0
32.014201298,0,1
32.014243924,0,0
32.014285080,0,1
32.014327696,0,0
32.014329370,1,0
32.014368828,1,1
32.014410450,1,0
32.014412336,0,0
32.014451584,0,1
32.014494180,0,0
32.014535314,0,1
32.014577914,0,0
32.014619050,0,1
32.014661652,0,0
32.014702784,0,1
32.014745384,0,0
32.014786514,0,1
32.014830592,0,0
32.014871722,0,1
32.014910878,0,0
32.014913092,1,0
32.014952012,1,1
32.014985280,0,1
32.014998566,0,0
32.015039716,0,1
32.015062964,1,1
32.015401734,0,1
32.015413556,0,0
32.015456240,0,1
32.015497934,0,0
32.015539142,0,1
32.015562430,1,1
32.015581826,1,0
32.015623038,1,1
32.015644522,0,1
32.015664738,0,0
32.015705952,0,1
32.015729240,1,1
32.015748638,1,0
32.015789846,1,1
32.015832536,1,0
32.015873752,1,1
32.015916436,1,0
32.015957646,1,1
32.016000332,1,0
32.016041542,1,1
32.016084222,1,0
32.016127882,1,1
32.016170558,1,0
32.016208808,1,1
32.016251500,1,0
32.016296170,1,1
32.016311088,1,0
32.016312332,1,1
32.169626150,1,0
32.169894512,0,0
32.170665744,0,1
32.170814034,0,0
32.170815538,1,0
32.170855266,1,1
32.170896980,1,0
32.170898564,0,0
32.170938218,0,1
32.170980918,0,0
32.170982962,1,0
32.171022146,1,1
32.171063862,1,0
32.171105088,1,1
32.171146800,1,0
32.171148254,0,0
32.171188038,0,1
32.171230736,0,0
32.171232644,1,0
32.171271962,1,1
32.171313674,1,0
32.171354904,1,1
32.171396618,1,0
32.171437844,1,1
32.171481036,1,0
32.171522254,1,1
32.171564954,1,0
32.171606180,1,1
32.171639516,0,1
32.171652828,0,0
32.171694074,0,1
32.171717378,1,1
32.171989556,0,1
32.172001386,0,0
32.172044096,0,1
32.172085808,0,0
32.172127038,0,1
32.172150334,1,1
32.172169736,1,0
32.172210964,1,1
32.172232460,0,1
32.172252686,0,0
32.172293920,0,1
32.172317216,1,1
32.172336622,1,0
32.172377856,1,1
32.172420556,1,0
32.172461784,1,1
32.172504484,1,0
32.172545712,1,1
32.172588410,1,0
32.172629640,1,1
32.172672342,1,0
32.172716036,1,1
32.172758738,1,0
32.172797000,1,1
32.172839692,1,0
32.172884370,1,1
32.172897546,1,0
32.173165934,0,0
32.173937144,0,1
32.173983966,0,0
32.174025220,0,1
32.174067930,0,0
32.174109174,0,1
32.174151876,0,0
32.174193118,0,1
32.174235816,0,0
32.174277054,0,1
32.174319758,0,0
32.174361004,0,1
32.174403704,0,0
32.174444942,0,1
32.174487644,0,0
32.174528886,0,1
32.174571592,0,0
32.174612838,0,1
32.174657026,0,0
32.174658928,1,0
32.174698256,1,1
32.174740960,1,0
32.174782186,1,1
32.174815526,0,1
32.174828842,0,0
32.174870082,0,1
32.174893380,1,1
32.175236944,0,1
32.175248758,0,0
32.175291400,0,1
32.175333046,0,0
32.175374218,0,1
32.175397478,1,1
32.175416850,1,0
32.175458010,1,1
32.175479470,0,1
32.175499662,0,0
32.175540828,0,1
32.175564082,1,1
32.175583454,1,0
32.175624610,1,1
32.175667244,1,0
32.175708396,1,1
32.175751028,1,0
32.175792184,1,1
32.175834810,1,0
32.175875962,1,1
32.175918592,1,0
32.175962210,1,1
32.176004832,1,0
32.176043024,1,1
32.176085650,1,0
32.176130250,1,1
32.176143716,1,0
32.176144958,1,1
32.289466008,1,0
32.289469998,0,0
32.290508772,0,1
32.290625442,0,0
32.290627438,1,0
32.290666584,1,1
32.290708220,1,0
32.290709408,0,0
32.290749370,0,1
32.290791986,0,0
32.290793764,1,0
32.290833124,1,1
32.290874756,1,0
32.290915894,1,1
32.290957520,1,0
32.290958968,0,0
32.290998670,0,1
32.291041286,0,0
32.291043320,1,0
32.291082426,1,1
32.291124056,1,0
32.291165188,1,1
32.291206816,1,0
32.291247952,1,1
32.291291060,1,0
32.291332194,1,1
32.291374818,1,0
32.291415960,1,1
32.291449232,0,1
32.291462520,0,0
32.291503686,0,1
32.291526946,1,1
32.291798602,0,1
32.291810410,0,0
32.291853032,0,1
32.291894664,0,0
32.291935810,0,1
32.291959058,1,1
32.291978424,1,0
32.292019568,1,1
32.292041018,0,1
32.292061202,0,0
32.292102344,0,1
32.292125590,1,1
32.292144956,1,0
32.292186094,1,1
32.292228708,1,0
32.292269848,1,1
32.292312466,1,0
32.292353608,1,1
32.292396230,1,0
32.292437368,1,1
32.292479978,1,0
32.292523576,1,1
32.292566188,1,0
32.292604370,1,1
32.292646982,1,0
32.292691564,1,1
32.292703582,1,0
32.292975870,0,0
32.293746686,0,1
32.293788940,0,0
32.293830098,0,1
32.293872722,0,0
32.293913876,0,1
32.293956496,0,0
32.293958442,1,0
32.293997644,1,1
32.294039278,1,0
32.294040432,0,0
32.294080424,0,1
32.294123030,0,0
32.294164182,0,1
32.294206810,0,0
32.294247980,0,1
32.294290608,0,0
32.294331764,0,1
32.294374394,0,0
32.294415554,0,1
32.294459656,0,0
32.294500810,0,1
32.294539986,0,0
32.294541418,1,0
32.294581128,1,1
32.294614406,0,1
32.294627696,0,0
32.294668856,0,1
32.294692108,1,1
32.295030924,0,1
32.295042748,0,0
32.295085442,0,1
32.295127142,0,0
32.295168360,0,1
32.295191650,1,1
32.295211046,1,0
32.295252256,1,1
32.295273744,0,1
32.295293962,0,0
32.295335178,0,1
32.295358472,1,1
32.295377870,1,0
32.295419086,1,1
32.295461774,1,0
32.295503002,1,1
32.295545714,1,0
32.295586952,1,1
32.295629670,1,0
32.295670910,1,1
32.295713618,1,0
32.295757312,1,1
32.295800004,1,0
32.295838260,1,1
32.295880954,1,0
32.295925624,1,1
32.295937450,1,0
32.295938700,1,1
32.433227588,1,0
32.433500042,0,0
32.434271220,0,1
32.434683836,0,0
32.434685452,1,0
32.434725070,1,1
32.434766784,1,0
32.434768466,0,0
32.434808024,0,1
32.434850724,0,0
32.434852858,1,0
32.434891958,1,1
32.434933672,1,0
32.434974894,1,1
32.435016604,1,0
32.435018142,0,0
32.435057834,0,1
32.435100518,0,0
32.435102502,1,0
32.435141742,1,1
32.435183462,1,0
32.435224700,1,1
32.435266420,1,0
32.435307648,1,1
32.435350846,1,0
32.435392076,1,1
32.435434778,1,0
32.435476002,1,1
32.435509342,0,1
32.435522658,0,0
32.435563906,0,1
32.435587214,1,1
32.435859408,0,1
32.435871240,0,0
32.435913948,0,1
32.435955658,0,0
32.435996888,0,1
32.436020188,1,1
32.436039592,1,0
32.436080830,1,1
32.436102322,0,1
32.436122546,0,0
32.436163774,0,1
32.436187074,1,1
32.436206478,1,0
32.436247704,1,1
32.436290404,1,0
32.436331634,1,1
32.436374338,1,0
32.436415566,1,1
32.436458272,1,0
32.436499500,1,1
32.436542200,1,0
32.436585892,1,1
32.436585898,1,0
32.436585900,1,1
32.436628600,1,0
32.436666862,1,1
32.436709562,1,0
32.436754240,1,1
32.436767556,1,0
32.437035996,0,0
32.437807246,0,1
32.437853888,0,0
32.437895136,0,1
32.437937848,0,0
32.437979090,0,1
32.438021794,0,0
32.438063040,0,1
32.438105746,0,0
32.438146986,0,1
32.438189692,0,0
32.438230932,0,1
32.438273632,0,0
32.438314868,0,1
32.438357570,0,0
32.438398814,0,1
32.438441520,0,0
32.438482762,0,1
32.438526948,0,0
32.438529030,1,0
32.438568184,1,1
32.438610892,1,0
32.438652122,1,1
32.438685464,0,1
32.438698782,0,0
32.438740026,0,1
32.438763322,1,1
32.439106870,0,1
32.439118682,0,0
32.439161322,0,1
32.439202970,0,0
32.439244132,0,1
32.439267388,1,1
32.439286758,1,0
32.439327918,1,1
32.439349380,0,1
32.439369570,0,0
32.439410732,0,1
32.439433992,1,1
32.439453364,1,0
32.439494524,1,1
32.439537156,1,0
32.439578308,1,1
32.439620940,1,0
32.439662098,1,1
32.439704728,1,0
32.439745888,1,1
32.439788518,1,0
32.439832134,1,1
32.439874762,1,0
32.439912960,1,1
32.439955586,1,0
32.440000188,1,1
32.440014250,1,0
32.440015494,1,1
32.569749296,1,0
32.570017568,0,0
32.570788366,0,1
32.570940064,0,0
32.570942046,1,0
32.570981214,1,1
32.571022852,1,0
32.571024004,0,0
32.571064006,0,1
32.571106626,0,0
32.571108350,1,0
32.571147760,1,1
32.571189388,1,0
32.571230528,1,1
32.571272158,1,0
32.571273556,0,0
32.571313308,0,1
32.571355940,0,0
32.571357922,1,0
32.571397090,1,1
32.571438732,1,0
32.571479876,1,1
32.571479878,1,0
32.571479882,1,1
32.571521510,1,0
32.571562650,1,1
32.571605760,1,0
32.571646898,1,1
32.571689512,1,0
32.571730652,1,1
32.571763926,0,1
32.571777214,0,0
32.571818370,0,1
32.571841630,1,1
32.572113264,0,1
32.572125074,0,0
32.572167698,0,1
32.572209328,0,0
32.572250476,0,1
32.572273726,1,1
32.572293094,1,0
32.572334238,1,1
32.572355694,0,1
32.572375880,0,0
32.572417030,0,1
32.572440282,1,1
32.572459648,1,0
32.572500792,1,1
32.572543416,1,0
32.572584560,1,1
32.572627186,1,0
32.572668332,1,1
32.572710952,1,0
32.572752088,1,1
32.572794710,1,0
32.572838312,1,1
32.572880926,1,0
32.572919112,1,1
32.572961726,1,0
32.573006320,1,1
32.573018950,1,0
32.573287220,0,0
32.574057972,0,1
32.574103796,0,0
32.574144954,0,1
32.574187576,0,0
32.574228730,0,1
32.574271348,0,0
32.574272702,1,0
32.574312488,1,1
32.574354128,1,0
32.574355670,0,0
32.574395284,0,1
32.574437904,0,0
32.574479060,0,1
32.574521684,0,0
32.574562838,0,1
32.574605464,0,0
32.574646618,0,1
32.574689242,0,0
32.574730398,0,1
32.574774500,0,0
32.574815654,0,1
32.574854826,0,0
32.574856508,1,0
32.574895972,1,1
32.574929250,0,1
32.574942536,0,0
32.574983694,0,1
32.575006944,1,1
32.575345770,0,1
32.575357598,0,0
32.575400290,0,1
32.575441988,0,0
32.575483204,0,1
32.575506494,1,1
32.575525892,1,0
32.575567108,1,1
32.575588600,0,1
32.575608818,0,0
32.575650040,0,1
32.575673332,1,1
32.575692732,1,0
32.575733946,1,1
32.575776642,1,0
32.575817856,1,1
32.575860546,1,0
32.575901758,1,1
32.575944452,1,0
32.575985668,1,1
32.576028356,1,0
32.576072034,1,1
32.576114704,1,0
32.576152954,1,1
32.576195650,1,0
32.576240330,1,1
32.576252390,1,0
32.576253640,1,1
32.607569628,0,1
32.607581456,0,0
32.607624156,0,1
32.607665862,0,0
32.607707084,0,1
32.607748794,0,0
32.607790022,0,1
32.607831734,0,0
32.607872956,0,1
32.607914668,0,0
32.607955888,0,1
32.607997594,0,0
32.608038820,0,1
32.608080530,0,0
32.608121756,0,1
32.608163466,0,0
32.608204690,0,1
32.608246396,0,0
32.608290086,0,1
32.608313380,1,1
32.608332780,1,0
32.608371054,1,1
32.608413766,1,0
32.608458450,1,1
32.705479316,1,0
32.705483304,0,0
32.706518610,0,1
32.707228508,0,0
32.707230446,1,0
32.707269738,1,1
32.707311452,1,0
32.707313474,0,0
32.707352690,0,1
32.707395394,0,0
32.707396886,1,0
32.707436624,1,1
32.707478338,1,0
32.707519566,1,1
32.707561282,1,0
32.707563212,0,0
32.707602518,0,1
32.707645222,0,0
32.707646628,1,0
32.707686452,1,1
32.707728164,1,0
32.707769396,1,1
32.707811106,1,0
32.707852330,1,1
32.707895526,1,0
32.707936756,1,1
32.707979458,1,0
32.708020686,1,1
32.708054030,0,1
32.708067344,0,0
32.708108588,0,1
32.708131886,1,1
32.708404082,0,1
32.708415914,0,0
32.708458626,0,1
32.708500336,0,0
32.708541566,0,1
32.708564864,1,1
32.708584268,1,0
32.708625504,1,1
32.708646996,0,1
32.708667224,0,0
32.708708462,0,1
32.708731758,1,1
32.708751164,1,0
32.708792396,1,1
32.708835100,1,0
32.708876332,1,1
32.708919032,1,0
32.708960264,1,1
32.709002968,1,0
32.709044194,1,1
32.709086898,1,0
32.709130594,1,1
32.709173296,1,0
32.709211562,1,1
32.709254262,1,0
32.709298944,1,1
32.709311928,1,0
32.709580388,0,0
32.710351566,0,1
32.710398612,0,0
32.710439858,0,1
32.710482560,0,0
32.710523804,0,1
32.710566512,0,0
32.710607762,0,1
32.710650474,0,0
32.710691720,0,1
32.710734436,0,0
32.710775702,0,1
32.710818424,0,0
32.710859670,0,1
32.710902384,0,0
32.710943634,0,1
32.710986340,0,0
32.711027584,0,1
32.711071776,0,0
32.711073484,1,0
32.711113010,1,1
32.711155716,1,0
32.711196952,1,1
32.711230294,0,1
32.711243610,0,0
32.711284854,0,1
32.711308154,1,1
32.711651756,0,1
32.711663568,0,0
32.711706216,0,1
32.711747874,0,0
32.711789040,0,1
32.711812298,1,1
32.711831672,1,0
32.711872832,1,1
32.711894290,0,1
32.711914480,0,0
32.711955642,0,1
32.711978896,1,1
32.711998270,1,0
32.712039430,1,1
32.712082064,1,0
32.712123226,1,1
32.712165862,1,0
32.712207022,1,1
32.712249658,1,0
32.712290818,1,1
32.712333450,1,0
32.712377074,1,1
32.712419712,1,0
32.712457912,1,1
32.712500546,1,0
32.712545154,1,1
32.712558740,1,0
32.712559988,1,1
32.744542920,0,1
32.744554730,0,0
32.744597362,0,1
32.744639008,0,0
32.744680174,0,1
32.744721822,0,0
32.744762982,0,1
32.744786234,1,1
32.744805606,1,0
32.744846756,1,1
32.744868212,0,1
32.744888398,0,0
32.744929554,0,1
32.744952806,1,1
32.744972174,1,0
32.745013322,1,1
32.745055948,1,0
32.745097094,1,1
32.745118550,0,1
32.745138738,0,0
32.745179890,0,1
32.745221524,0,0
32.745265138,0,1
32.745306764,0,0
32.745344960,0,1
32.745368218,1,1
32.745387594,1,0
32.745432194,1,1
32.745450490,1,0
32.752699876,1,1
32.765244300,0,1
32.765256110,0,0
32.765298744,0,1
32.765340386,0,0
32.765381546,0,1
32.765423188,0,0
32.765464348,0,1
32.765505990,0,0
32.765547144,0,1
32.765588788,0,0
32.765629946,0,1
32.765653196,1,1
32.765672566,1,0
32.765713724,1,1
32.765756348,1,0
32.765797494,1,1
32.765840126,1,0
32.765881282,1,1
32.765923908,1,0
32.765967522,1,1
32.766010150,1,0
32.766048344,1,1
32.766090970,1,0
32.766135568,1,1
32.769768048,0,1
32.769779858,0,0
32.769822486,0,1
32.769864124,0,0
32.769905282,0,1
32.769946926,0,0
32.769988080,0,1
32.770011334,1,1
32.770030706,1,0
32.770071858,1,1
32.770093314,0,1
32.770113502,0,0
32.770154654,0,1
32.770177906,1,1
32.770197278,1,0
32.770238426,1,1
32.770281050,1,0
32.770322202,1,1
32.770343656,0,1
32.770363846,0,0
32.770404998,0,1
32.770446642,0,0
32.770490262,0,1
32.770531904,0,0
32.770570102,0,1
32.770593360,1,1
32.770612732,1,0
32.770657330,1,1
32.778508008,1,0
32.784699886,1,1
32.790338502,0,1
32.790350312,0,0
32.790392944,0,1
32.790434580,0,0
32.790475728,0,1
32.790517370,0,0
32.790558522,0,1
32.790600164,0,0
32.790641318,0,1
32.790682958,0,0
32.790724108,0,1
32.790747362,1,1
32.790766728,1,0
32.790807872,1,1
32.790850492,1,0
32.790891636,1,1
32.790934258,1,0
32.790975404,1,1
32.791018028,1,0
32.791061640,1,1
32.791104264,1,0
32.791142456,1,1
32.791185082,1,0
32.791229676,1,1
32.794857898,0,1
32.794869708,0,0
32.794912336,0,1
32.794935586,1,1
32.794954954,1,0
32.794996104,1,1
32.795038726,1,0
32.795079872,1,1
32.795101328,0,1
32.795121512,0,0
32.795162660,0,1
32.795185914,1,1
32.795205282,1,0
32.795246430,1,1
32.795289050,1,0
32.795330198,1,1
32.795372824,1,0
32.795413970,1,1
32.795435422,0,1
32.795455610,0,0
32.795496760,0,1
32.795538394,0,0
32.795582008,0,1
32.795623648,0,0
32.795661842,0,1
32.795685092,1,1
32.795704462,1,0
32.795749054,1,1
32.795749058,1,0
32.795749062,1,1
32.803148780,1,0
32.808707892,1,1
32.815476728,0,1
32.815488536,0,0
32.815531168,0,1
32.815554420,1,1
32.815573788,1,0
32.815614938,1,1
32.815657564,1,0
32.815698712,1,1
32.815720166,0,1
32.815740350,0,0
32.815781498,0,1
32.815804750,1,1
32.815824118,1,0
32.815865262,1,1
32.815907886,1,0
32.815949034,1,1
32.815991654,1,0
32.816032800,1,1
32.816054258,0,1
32.816074444,0,0
32.816115588,0,1
32.816157228,0,0
32.816200848,0,1
32.816242482,0,0
32.816280678,0,1
32.816303932,1,1
32.816323302,1,0
32.816367900,1,1
32.816385628,1,0
32.816699770,1,1
32.820000348,0,1
32.820012158,0,0
32.820054786,0,1
32.820096426,0,0
32.820137578,0,1
32.820179214,0,0
32.820220368,0,1
32.820243624,1,1
32.820262994,1,0
32.820304140,1,1
32.820325598,0,1
32.820345786,0,0
32.820386944,0,1
32.820410198,1,1
32.820429568,1,0
32.820470716,1,1
32.820513344,1,0
32.820554490,1,1
32.820575946,0,1
32.820596134,0,0
32.820637292,0,1
32.820678934,0,0
32.820722548,0,1
32.820764190,0,0
32.820802388,0,1
32.820825638,1,1
32.820845008,1,0
32.820889608,1,1
32.820907214,1,0
32.824699248,1,1
32.889623464,1,0
32.889895740,0,0
32.890666642,0,1
32.891195404,0,0
32.891196852,1,0
32.891236550,1,1
32.891278188,1,0
32.891279840,0,0
32.891319338,0,1
32.891361964,0,0
32.891364214,1,0
32.891403126,1,1
32.891444780,1,0
32.891485940,1,1
32.891527592,1,0
32.891529508,0,0
32.891568770,0,1
32.891611410,0,0
32.891612894,1,0
32.891652574,1,1
32.891694232,1,0
32.891735398,1,1
32.891777052,1,0
32.891818214,1,1
32.891861336,1,0
32.891902486,1,1
32.891945108,1,0
32.891986250,1,1
32.892019524,0,1
32.892032810,0,0
32.892073972,0,1
32.892097228,1,1
32.892368874,0,1
32.892380682,0,0
32.892423310,0,1
32.892464946,0,0
32.892506096,0,1
32.892529342,1,1
32.892548710,1,0
32.892589858,1,1
32.892611310,0,1
32.892631496,0,0
32.892672640,0,1
32.892695892,1,1
32.892715260,1,0
32.892756406,1,1
32.892799026,1,0
32.892840166,1,1
32.892882786,1,0
32.892923924,1,1
32.892923928,1,0
32.892923932,1,1
32.892966544,1,0
32.893007690,1,1
32.893050308,1,0
32.893093918,1,1
32.893136540,1,0
32.893174726,1,1
32.893217342,1,0
32.893261934,1,1
32.893274390,1,0
32.893542674,0,0
32.894313536,0,1
32.894359388,0,0
32.894400546,0,1
32.894443166,0,0
32.894484316,0,1
32.894526940,0,0
32.894528352,1,0
32.894568086,1,1
32.894609730,1,0
32.894611356,0,0
32.894650888,0,1
32.894693514,0,0
32.894734676,0,1
32.894777302,0,0
32.894818466,0,1
32.894861092,0,0
32.894902250,0,1
32.894944876,0,0
32.894986032,0,1
32.895030134,0,0
32.895071292,0,1
32.895110472,0,0
32.895112352,1,0
32.895151620,1,1
32.895184902,0,1
32.895198192,0,0
32.895239356,0,1
32.895262606,1,1
32.895601454,0,1
32.895613282,0,0
32.895655976,0,1
32.895697678,0,0
32.895738900,0,1
32.895762188,1,1
32.895781586,1,0
32.895822798,1,1
32.895844284,0,1
32.895864502,0,0
32.895905720,0,1
32.895929010,1,1
32.895948408,1,0
32.895989626,1,1
32.896032320,1,0
32.896073534,1,1
32.896116224,1,0
32.896157444,1,1
32.896200134,1,0
32.896241352,1,1
32.896284048,1,0
32.896327730,1,1
32.896370428,1,0
32.896408688,1,1
32.896451378,1,0
32.896496048,1,1
32.896508620,1,0
32.896509864,1,1
32.916053184,0,1
32.916065016,0,0
32.916107726,0,1
32.916149440,0,0
32.916190678,0,1
32.916232394,0,0
32.916273626,0,1
32.916315344,0,0
32.916356588,0,1
32.916398306,0,0
32.916439544,0,1
32.916462840,1,1
32.916482246,1,0
32.916523470,1,1
32.916566176,1,0
32.916607404,1,1
32.916650108,1,0
32.916691334,1,1
32.916734038,1,0
32.916777732,1,1
32.916820436,1,0
32.916858704,1,1
32.916901406,1,0
32.916946086,1,1
32.920581312,0,1
32.920593142,0,0
32.920635856,0,1
32.920659154,1,1
32.920678562,1,0
32.920719790,1,1
32.920762496,1,0
32.920803730,1,1
32.920825222,0,1
32.920845448,0,0
32.920886682,0,1
32.920909976,1,1
32.920929382,1,0
32.920970610,1,1
32.921013312,1,0
32.921054544,1,1
32.921097244,1,0
32.921138468,1,1
32.921159964,0,1
32.921180190,0,0
32.921221420,0,1
32.921263132,0,0
32.921306838,0,1
32.921348554,0,0
32.921386836,0,1
32.921410136,1,1
32.921429542,1,0
32.921474230,1,1
32.929480590,1,0
32.936698842,1,1
32.938605924,0,1
32.938617752,0,0
32.938660450,0,1
32.938702166,0,0
32.938743412,0,1
32.938785124,0,0
32.938826352,0,1
32.938868068,0,0
32.938909304,0,1
32.938951018,0,0
32.938992256,0,1
32.939015552,1,1
32.939034954,1,0
32.939076178,1,1
32.939118882,1,0
32.939160110,1,1
32.939202806,1,0
32.939244032,1,1
32.939286736,1,0
32.939330432,1,1
32.939373142,1,0
32.939411414,1,1
32.939454118,1,0
32.939498804,1,1
32.943137932,0,1
32.943149762,0,0
32.943192474,0,1
32.943234186,0,0
32.943275418,0,1
32.943317134,0,0
32.943358370,0,1
32.943381668,1,1
32.943401070,1,0
32.943442300,1,1
32.943463794,0,1
32.943484018,0,0
32.943525250,0,1
32.943548544,1,1
32.943567950,1,0
32.943609182,1,1
32.943651884,1,0
32.943693112,1,1
32.943714606,0,1
32.943734828,0,0
32.943776058,0,1
32.943817766,0,0
32.943861466,0,1
32.943903176,0,0
32.943941444,0,1
32.943964742,1,1
32.943984144,1,0
32.944028826,1,1
32.952077512,1,0
32.952700384,1,1
33.048129656,0,1
33.048141488,0,0
33.048184202,0,1
33.048225914,0,0
33.048267144,0,1
33.048308862,0,0
33.048350100,0,1
33.048373398,1,1
33.048392806,1,0
33.048434044,1,1
33.048434048,1,0
33.048434050,1,1
33.048455544,0,1
33.048475772,0,0
33.048517006,0,1
33.048540300,1,1
33.048559708,1,0
33.048600944,1,1
33.048643658,1,0
33.048684902,1,1
33.048706402,0,1
33.048726630,0,0
33.048767864,0,1
33.048809588,0,0
33.048853296,0,1
33.048895016,0,0
33.048933288,0,1
33.048956588,1,1
33.048975992,1,0
33.049020682,1,1
33.049038636,1,0
33.056699828,1,1
33.058504822,0,1
33.058516656,0,0
33.058559374,0,1
33.058582672,1,1
33.058602078,1,0
33.058643312,1,1
33.058643316,1,0
33.058643318,1,1
33.058686024,1,0
33.058727260,1,1
33.058748756,0,1
33.058768984,0,0
33.058810222,0,1
33.058851940,0,0
33.058893178,0,1
33.058916476,1,1
33.058935880,1,0
33.058977114,1,1
33.059019818,1,0
33.059061056,1,1
33.059082552,0,1
33.059102780,0,0
33.059144020,0,1
33.059185748,0,0
33.059229462,0,1
33.059252762,1,1
33.059272168,1,0
33.059310446,1,1
33.059353158,1,0
33.059397850,1,1
33.059416080,1,0
33.064699098,1,1
33.071131718,0,1
33.071143550,0,0
33.071186262,0,1
33.071227986,0,0
33.071269226,0,1
33.071310948,0,0
33.071352198,0,1
33.071393926,0,0
33.071435168,0,1
33.071476890,0,0
33.071518132,0,1
33.071541434,1,1
33.071560842,1,0
33.071602080,1,1
33.071644792,1,0
33.071686026,1,1
33.071728732,1,0
33.071769968,1,1
33.071812678,1,0
33.071856378,1,1
33.071899090,1,0
33.071937358,1,1
33.071980066,1,0
33.072024758,1,1
33.075663608,0,1
33.075675442,0,0
33.075718166,0,1
33.075741466,1,1
33.075760874,1,0
33.075802112,1,1
33.075844828,1,0
33.075886066,1,1
33.075907562,0,1
33.075927790,0,0
33.075969034,0,1
33.076010760,0,0
33.076052004,0,1
33.076075308,1,1
33.076094716,1,0
33.076135956,1,1
33.076178668,1,0
33.076219908,1,1
33.076241408,0,1
33.076261638,0,0
33.076302878,0,1
33.076344604,0,0
33.076388318,0,1
33.076411620,1,1
33.076431026,1,0
33.076469304,1,1
33.076512014,1,0
33.076556702,1,1
33.083358550,0,1
33.083370384,0,0
33.083413108,0,1
33.083454830,0,0
33.083496072,0,1
33.083537792,0,0
33.083579036,0,1
33.083620758,0,0
33.083661998,0,1
33.083703720,0,0
33.083744960,0,1
33.083768262,1,1
33.083787668,1,0
33.083828910,1,1
33.083871620,1,0
33.083912854,1,1
33.083955564,1,0
33.083996796,1,1
33.084039504,1,0
33.084083212,1,1
33.084125922,1,0
33.084164194,1,1
33.084206906,1,0
33.084251600,1,1
33.087891412,0,1
33.087903244,0,0
33.087945960,0,1
33.087987676,0,0
33.088028918,0,1
33.088070640,0,0
33.088111878,0,1
33.088135178,1,1
33.088154584,1,0
33.088195818,1,1
33.088217312,0,1
33.088237538,0,0
33.088278778,0,1
33.088302078,1,1
33.088321484,1,0
33.088362722,1,1
33.088362724,1,0
33.088362728,1,1
33.088405438,1,0
33.088446674,1,1
33.088468170,0,1
33.088488396,0,0
33.088529636,0,1
33.088571358,0,0
33.088615076,0,1
33.088656806,0,0
33.088695096,0,1
33.088718398,1,1
33.088737804,1,0
33.088782502,1,1
33.096963154,1,0
33.104693584,1,1
33.110079310,0,1
33.110091142,0,0
33.110133858,0,1
33.110175580,0,0
33.110216816,0,1
33.110258534,0,0
33.110299776,0,1
33.110323070,1,1
33.110342478,1,0
33.110383710,1,1
33.110405210,0,1
33.110425438,0,0
33.110466680,0,1
33.110489980,1,1
33.110509380,1,0
33.110550616,1,1
33.110593324,1,0
33.110634556,1,1
33.110656052,0,1
33.110676280,0,0
33.110717522,0,1
33.110759240,0,0
33.110802950,0,1
33.110844666,0,0
33.110882938,0,1
33.110906238,1,1
33.110925642,1,0
33.110970338,1,1
33.110989242,1,0
33.112699352,1,1
33.128285504,1,0
33.128557914,0,0
33.129329114,0,1
33.129468818,0,0
33.129470884,1,0
33.129510064,1,1
33.129551792,1,0
33.129552916,0,0
33.129593054,0,1
33.129635768,0,0
33.129637322,1,0
33.129677012,1,1
33.129677018,1,0
33.129677022,1,1
33.129718746,1,0
33.129759988,1,1
33.129801716,1,0
33.129803646,0,0
33.129842966,0,1
33.129885682,0,0
33.129887050,1,0
33.129926928,1,1
33.129968658,1,0
33.130009900,1,1
33.130051624,1,0
33.130092870,1,1
33.130136074,1,0
33.130177310,1,1
33.130220026,1,0
33.130261268,1,1
33.130294614,0,1
33.130307932,0,0
33.130349184,0,1
33.130349188,0,0
33.130349192,0,1
33.130372496,1,1
33.130644758,0,1
33.130656592,0,0
33.130699316,0,1
33.130741038,0,0
33.130782286,0,1
33.130805584,1,1
33.130824990,1,0
33.130866230,1,1
33.130887728,0,1
33.130907958,0,0
33.130949200,0,1
33.130972498,1,1
33.130991904,1,0
33.131033144,1,1
33.131075854,1,0
33.131117090,1,1
33.131159802,1,0
33.131201038,1,1
33.131243748,1,0
33.131284988,1,1
33.131327702,1,0
33.131371418,1,1
33.131414134,1,0
33.131452416,1,1
33.131495130,1,0
33.131539828,1,1
33.131553146,1,0
33.131821572,0,0
33.132592848,0,1
33.132639766,0,0
33.132681020,0,1
33.132723744,0,0
33.132765000,0,1
33.132807720,0,0
33.132848978,0,1
33.132891696,0,0
33.132932948,0,1
33.132975668,0,0
33.133016920,0,1
33.133059636,0,0
33.133100886,0,1
33.133143600,0,0
33.133184848,0,1
33.133227564,0,0
33.133268816,0,1
33.133313016,0,0
33.133314778,1,0
33.133354264,1,1
33.133396980,1,0
33.133438218,1,1
33.133471566,0,1
33.133484884,0,0
33.133526138,0,1
33.133549442,1,1
33.133893086,0,1
33.133904902,0,0
33.133947554,0,1
33.133989208,0,0
33.134030380,0,1
33.134053644,1,1
33.134073020,1,0
33.134114190,1,1
33.134135656,0,1
33.134155852,0,0
33.134197026,0,1
33.134220286,1,1
33.134239660,1,0
33.134280828,1,1
33.134323468,1,0
33.134364636,1,1
33.134407278,1,0
33.134448442,1,1
33.134491080,1,0
33.134532240,1,1
33.134532244,1,0
33.134532248,1,1
33.134574882,1,0
33.134618510,1,1
33.134661148,1,0
33.134699350,1,1
33.134741986,1,0
33.134786596,1,1
33.134799744,1,0
33.134800984,1,1
33.193581110,0,1
33.193592918,0,0
33.193635546,0,1
33.193658798,1,1
33.193678170,1,0
33.193719316,1,1
33.193761944,1,0
33.193803094,1,1
33.193824550,0,1
33.193844740,0,0
33.193885892,0,1
33.193909148,1,1
33.193928518,1,0
33.193969670,1,1
33.194012292,1,0
33.194053446,1,1
33.194096068,1,0
33.194137212,1,1
33.194158670,0,1
33.194178858,0,0
33.194220014,0,1
33.194261656,0,0
33.194305280,0,1
33.194346928,0,0
33.194385136,0,1
33.194408390,1,1
33.194427764,1,0
33.194472376,1,1
33.194490708,1,0
33.200707570,1,1
33.213786280,0,1
33.213798090,0,0
33.213840722,0,1
33.213882366,0,0
33.213923528,0,1
33.213965172,0,0
33.214006324,0,1
33.214047960,0,0
33.214089108,0,1
33.214130746,0,0
33.214171896,0,1
33.214195148,1,1
33.214214518,1,0
33.214255670,1,1
33.214298296,1,0
33.214339444,1,1
33.214382074,1,0
33.214423226,1,1
33.214465850,1,0
33.214509466,1,1
33.214552090,1,0
33.214590280,1,1
33.214632910,1,0
33.214677510,1,1
33.218306132,0,1
33.218317940,0,0
33.218360576,0,1
33.218383828,1,1
33.218403198,1,0
33.218444350,1,1
33.218486980,1,0
33.218528128,1,1
33.218549586,0,1
33.218569776,0,0
33.218610934,0,1
33.218634190,1,1
33.218653560,1,0
33.218694712,1,1
33.218737342,1,0
33.218778492,1,1
33.218821120,1,0
33.218862270,1,1
33.218883724,0,1
33.218903910,0,0
33.218945064,0,1
33.218986706,0,0
33.219030326,0,1
33.219071970,0,0
33.219110168,0,1
33.219133422,1,1
33.219152792,1,0
33.219197396,1,1
33.227386912,1,0
33.232699830,1,1
33.233726378,0,1
33.233738188,0,0
33.233780824,0,1
33.233822464,0,0
33.233863616,0,1
33.233905260,0,0
33.233946418,0,1
33.233988058,0,0
33.234029216,0,1
33.234070860,0,0
33.234112014,0,1
33.234135266,1,1
33.234154638,1,0
33.234195790,1,1
33.234238414,1,0
33.234279566,1,1
33.234322194,1,0
33.234363348,1,1
33.234405972,1,0
33.234449586,1,1
33.234492212,1,0
33.234530406,1,1
33.234573036,1,0
33.234617636,1,1
33.238250198,0,1
33.238262008,0,0
33.238304636,0,1
33.238346274,0,0
33.238387436,0,1
33.238429076,0,0
33.238470234,0,1
33.238493488,1,1
33.238512856,1,0
33.238554008,1,1
33.238575464,0,1
33.238595654,0,0
33.238636810,0,1
33.238660064,1,1
33.238679434,1,0
33.238720584,1,1
33.238763212,1,0
33.238804356,1,1
33.238804358,1,0
33.238804362,1,1
33.238825816,0,1
33.238846002,0,0
33.238887158,0,1
33.238928798,0,0
33.238972414,0,1
33.239014056,0,0
33.239052258,0,1
33.239075508,1,1
33.239094876,1,0
33.239139476,1,1
33.246895724,1,0
33.248699408,1,1
33.264866440,1,0
33.265138794,0,0
33.265909766,0,1
33.266036410,0,0
33.266038486,1,0
33.266077560,1,1
33.266119200,1,0
33.266120488,0,0
33.266160358,0,1
33.266202982,0,0
33.266204870,1,0
33.266244128,1,1
33.266285764,1,0
33.266326912,1,1
33.266368552,1,0
33.266370148,0,0
33.266409708,0,1
33.266409714,0,0
33.266409716,0,1
33.266452336,0,0
33.266454522,1,0
33.266493480,1,1
33.266535122,1,0
33.266576270,1,1
33.266617904,1,0
33.266659048,1,1
33.266702164,1,0
33.266743308,1,1
33.266785928,1,0
33.266827074,1,1
33.266860352,0,1
33.266873640,0,0
33.266914800,0,1
33.266938054,1,1
33.267209714,0,1
33.267221524,0,0
33.267264146,0,1
33.267305784,0,0
33.267346938,0,1
33.267370192,1,1
33.267389562,1,0
33.267430716,1,1
33.267452172,0,1
33.267472360,0,0
33.267513512,0,1
33.267536764,1,1
33.267556134,1,0
33.267597286,1,1
33.267639910,1,0
33.267681058,1,1
33.267723680,1,0
33.267764826,1,1
33.267807448,1,0
33.267848598,1,1
33.267891218,1,0
33.267934828,1,1
33.267977450,1,0
33.268015632,1,1
33.268015636,1,0
33.268015638,1,1
33.268058252,1,0
33.268102840,1,1
33.268117134,1,0
33.268385486,0,0
33.269156506,0,1
33.269200442,0,0
33.269241608,0,1
33.269284242,0,0
33.269325412,0,1
33.269368044,0,0
33.269370340,1,0
33.269409200,1,1
33.269450846,1,0
33.269452328,0,0
33.269492006,0,1
33.269534638,0,0
33.269575804,0,1
33.269618438,0,0
33.269659606,0,1
33.269702242,0,0
33.269743412,0,1
33.269786042,0,0
33.269827210,0,1
33.269871326,0,0
33.269912494,0,1
33.269951676,0,0
33.269953310,1,0
33.269992832,1,1
33.270026120,0,1
33.270039414,0,0
33.270080586,0,1
33.270103844,1,1
33.270442752,0,1
33.270454580,0,0
33.270497282,0,1
33.270538982,0,0
33.270580202,0,1
33.270603498,1,1
33.270622900,1,0
33.270664126,1,1
33.270685618,0,1
33.270705842,0,0
33.270747074,0,1
33.270770368,1,1
33.270789772,1,0
33.270830996,1,1
33.270873698,1,0
33.270914922,1,1
33.270957618,1,0
33.270998842,1,1
33.271041544,1,0
33.271082770,1,1
33.271125470,1,0
33.271169164,1,1
33.271211862,1,0
33.271250126,1,1
33.271292828,1,0
33.271337506,1,1
33.271351662,1,0
33.271352912,1,1
33.325310232,0,1
33.325322066,0,0
33.325364790,0,1
33.325406516,0,0
33.325447756,0,1
33.325471056,1,1
33.325490460,1,0
33.325531696,1,1
33.325574406,1,0
33.325615642,1,1
33.325637136,0,1
33.325657366,0,0
33.325698604,0,1
33.325721902,1,1
33.325741308,1,0
33.325782546,1,1
33.325825256,1,0
33.325866486,1,1
33.325887984,0,1
33.325908212,0,0
33.325949450,0,1
33.325991168,0,0
33.326034876,0,1
33.326058178,1,1
33.326077582,1,0
33.326115854,1,1
33.326158560,1,0
33.326203252,1,1
33.326221538,1,0
33.328699504,1,1
33.329842756,0,1
33.329854590,0,0
33.329897310,0,1
33.329920608,1,1
33.329940014,1,0
33.329981250,1,1
33.330002742,0,1
33.330022968,0,0
33.330064204,0,1
33.330087502,1,1
33.330106910,1,0
33.330148144,1,1
33.330190850,1,0
33.330232082,1,1
33.330253578,0,1
33.330273806,0,0
33.330315044,0,1
33.330338346,1,1
33.330357756,1,0
33.330398992,1,1
33.330420488,0,1
33.330440712,0,0
33.330481950,0,1
33.330523672,0,0
33.330567376,0,1
33.330590678,1,1
33.330610084,1,0
33.330648362,1,1
33.330691072,1,0
33.330735764,1,1
33.330753916,1,0
33.336699412,1,1
33.338106186,0,1
33.338118020,0,0
33.338160738,0,1
33.338202460,0,0
33.338243704,0,1
33.338285426,0,0
33.338326664,0,1
33.338349966,1,1
33.338369372,1,0
33.338410612,1,1
33.338453320,1,0
33.338494560,1,1
33.338516056,0,1
33.338536284,0,0
33.338577526,0,1
33.338600826,1,1
33.338620234,1,0
33.338661470,1,1
33.338682964,0,1
33.338703190,0,0
33.338744428,0,1
33.338786152,0,0
33.338829862,0,1
33.338871582,0,0
33.338909858,0,1
33.338933160,1,1
33.338952564,1,0
33.338997254,1,1
33.339014650,1,0
33.344698410,1,1
33.386183548,1,0
33.386187542,0,0
33.387226904,0,1
33.388200816,0,0
33.388202268,1,0
33.388242062,1,1
33.388283790,1,0
33.388285314,0,0
33.388325046,0,1
33.388367766,0,0
33.388369744,1,0
33.388409010,1,1
33.388450738,1,0
33.388491980,1,1
33.388533702,1,0
33.388535080,0,0
33.388574954,0,1
33.388617670,0,0
33.388619496,1,0
33.388658912,1,1
33.388700640,1,0
33.388741880,1,1
33.388783602,1,0
33.388824844,1,1
33.388868056,1,0
33.388909304,1,1
33.388952020,1,0
33.388993262,1,1
33.389026612,0,1
33.389039932,0,0
33.389081194,0,1
33.389104496,1,1
33.389376760,0,1
33.389388594,0,0
33.389431318,0,1
33.389473044,0,0
33.389514290,0,1
33.389537594,1,1
33.389557002,1,0
33.389598244,1,1
33.389619744,0,1
33.389639976,0,0
33.389681222,0,1
33.389704524,1,1
33.389723936,1,0
33.389765180,1,1
33.389807892,1,0
33.389849134,1,1
33.389891850,1,0
33.389933088,1,1
33.389975802,1,0
33.390017044,1,1
33.390059758,1,0
33.390103470,1,1
33.390146186,1,0
33.390184462,1,1
33.390227176,1,0
33.390271874,1,1
33.390284812,1,0
33.390553316,0,0
33.391324686,0,1
33.391371886,0,0
33.391413148,0,1
33.391455872,0,0
33.391497132,0,1
33.391539854,0,0
33.391581114,0,1
33.391623836,0,0
33.391665096,0,1
33.391707816,0,0
33.391749074,0,1
33.391791792,0,0
33.391833046,0,1
33.391875768,0,0
33.391917026,0,1
33.391959748,0,0
33.392001004,0,1
33.392045208,0,0
33.392046532,1,0
33.392086454,1,1
33.392129174,1,0
33.392170418,1,1
33.392203768,0,1
33.392217088,0,0
33.392258350,0,1
33.392281654,1,1
33.392625354,0,1
33.392637174,0,0
33.392679836,0,1
33.392721502,0,0
33.392762684,0,1
33.392785948,1,1
33.392805328,1,0
33.392846500,1,1
33.392867966,0,1
33.392888164,0,0
33.392929336,0,1
33.392952598,1,1
33.392971974,1,0
33.393013142,1,1
33.393055788,1,0
33.393096954,1,1
33.393139598,1,0
33.393180766,1,1
33.393223406,1,0
33.393264572,1,1
33.393307214,1,0
33.393350850,1,1
33.393393492,1,0
33.393431700,1,1
33.393474340,1,0
33.393518956,1,1
33.393531548,1,0
33.393532800,1,1
33.407743886,0,1
33.407755700,0,0
33.407798342,0,1
33.407839996,0,0
33.407881158,0,1
33.407922808,0,0
33.407963978,0,1
33.408005626,0,0
33.408046794,0,1
33.408088446,0,0
33.408129612,0,1
33.408152868,1,1
33.408172240,1,0
33.408213404,1,1
33.408256040,1,0
33.408297196,1,1
33.408339834,1,0
33.408381010,1,1
33.408423672,1,0
33.408467328,1,1
33.408509984,1,0
33.408548194,1,1
33.408590840,1,0
33.408635462,1,1
33.412267986,0,1
33.412279798,0,0
33.412322438,0,1
33.412364086,0,0
33.412405250,0,1
33.412428510,1,1
33.412447884,1,0
33.412489046,1,1
33.412531678,1,0
33.412572836,1,1
33.412594298,0,1
33.412614490,0,0
33.412655656,0,1
33.412678916,1,1
33.412698288,1,0
33.412739446,1,1
33.412782082,1,0
33.412823244,1,1
33.412844706,0,1
33.412864898,0,0
33.412906062,0,1
33.412947710,0,0
33.412991340,0,1
33.413014594,1,1
33.413033970,1,0
33.413072176,1,1
33.413114812,1,0
33.413159420,1,1
33.420518178,1,0
33.424699200,1,1
33.440098374,0,1
33.440110184,0,0
33.440152820,0,1
33.440194466,0,0
33.440235628,0,1
33.440277272,0,0
33.440318434,0,1
33.440360082,0,0
33.440401242,0,1
33.440442890,0,0
33.440484050,0,1
33.440507308,1,1
33.440526678,1,0
33.440567834,1,1
33.440610474,1,0
33.440651638,1,1
33.440694276,1,0
33.440735438,1,1
33.440778072,1,0
33.440821696,1,1
33.440864328,1,0
33.440902524,1,1
33.440945154,1,0
33.440989760,1,1
33.444622694,0,1
33.444634508,0,0
33.444677148,0,1
33.444718790,0,0
33.444759952,0,1
33.444801598,0,0
33.444842758,0,1
33.444866010,1,1
33.444885384,1,0
33.444926540,1,1
33.444969172,1,0
33.445010328,1,1
33.445031788,0,1
33.445051978,0,0
33.445093136,0,1
33.445116390,1,1
33.445135764,1,0
33.445176918,1,1
33.445198376,0,1
33.445218568,0,0
33.445259728,0,1
33.445301378,0,0
33.445345008,0,1
33.445386656,0,0
33.445424864,0,1
33.445448118,1,1
33.445467492,1,0
33.445512098,1,1
33.453384084,1,0
33.456699052,1,1
33.458183740,0,1
33.458195550,0,0
33.458238174,0,1
33.458279808,0,0
33.458320962,0,1
33.458362602,0,0
33.458403758,0,1
33.458445400,0,0
33.458486552,0,1
33.458528188,0,0
33.458569338,0,1
33.458592590,1,1
33.458611960,1,0
33.458653112,1,1
33.458695742,1,0
33.458736898,1,1
33.458779526,1,0
33.458820678,1,1
33.458863310,1,0
33.458906928,1,1
33.458949558,1,0
33.458987750,1,1
33.459030376,1,0
33.459074976,1,1
33.462706944,0,1
33.462718754,0,0
33.462761390,0,1
33.462784640,1,1
33.462804012,1,0
33.462845164,1,1
33.462866620,0,1
33.462886810,0,0
33.462927966,0,1
33.462951222,1,1
33.462970590,1,0
33.463011746,1,1
33.463054372,1,0
33.463095520,1,1
33.463116978,0,1
33.463137168,0,0
33.463178324,0,1
33.463201574,1,1
33.463220942,1,0
33.463262088,1,1
33.463283546,0,1
33.463303734,0,0
33.463344890,0,1
33.463386536,0,0
33.463430158,0,1
33.463453412,1,1
33.463472784,1,0
33.463510980,1,1
33.463553614,1,0
33.463598218,1,1
33.470842208,1,0
33.472699420,1,1
33.477563896,0,1
33.477575706,0,0
33.477618338,0,1
33.477641590,1,1
33.477660962,1,0
33.477702118,1,1
33.477723574,0,1
33.477743764,0,0
33.477784918,0,1
33.477808172,1,1
33.477827542,1,0
33.477868694,1,1
33.477911320,1,0
33.477952476,1,1
33.477973934,0,1
33.477994122,0,0
33.478035274,0,1
33.478058530,1,1
33.478077900,1,0
33.478119054,1,1
33.478140510,0,1
33.478160698,0,0
33.478201856,0,1
33.478243500,0,0
33.478287118,0,1
33.478310374,1,1
33.478329746,1,0
33.478367950,1,1
33.478410576,1,0
33.478455176,1,1
33.478473244,1,0
33.480697902,1,1
33.482088660,0,1
33.482100472,0,0
33.482143110,0,1
33.482184752,0,0
33.482225912,0,1
33.482267558,0,0
33.482308716,0,1
33.482331974,1,1
33.482351350,1,0
33.482392506,1,1
33.482435138,1,0
33.482476298,1,1
33.482497756,0,1
33.482517946,0,0
33.482559104,0,1
33.482582362,1,1
33.482601736,1,0
33.482642894,1,1
33.482664356,0,1
33.482684548,0,0
33.482725706,0,1
33.482767352,0,0
33.482810980,0,1
33.482852626,0,0
33.482890830,0,1
33.482914088,1,1
33.482933462,1,0
33.482978066,1,1
33.482995222,1,0
33.488699556,1,1
33.534132806,0,1
33.534144616,0,0
33.534187252,0,1
33.534228890,0,0
33.534270040,0,1
33.534293296,1,1
33.534312666,1,0
33.534353820,1,1
33.534396450,1,0
33.534437600,1,1
33.534459058,0,1
33.534479246,0,0
33.534520402,0,1
33.534543658,1,1
33.534563028,1,0
33.534604182,1,1
33.534646808,1,0
33.534687962,1,1
33.534709416,0,1
33.534729604,0,0
33.534770758,0,1
33.534812402,0,0
33.534856018,0,1
33.534879272,1,1
33.534898642,1,0
33.534936838,1,1
33.534979462,1,0
33.535024056,1,1
33.535042208,1,0
33.536698230,1,1
33.538653318,0,1
33.538665128,0,0
33.538707760,0,1
33.538731014,1,1
33.538750384,1,0
33.538791538,1,1
33.538812994,0,1
33.538833182,0,0
33.538874338,0,1
33.538897594,1,1
33.538916964,1,0
33.538958114,1,1
33.539000742,1,0
33.539041892,1,1
33.539084522,1,0
33.539125670,1,1
33.539168300,1,0
33.539209454,1,1
33.539230908,0,1
33.539251092,0,0
33.539292236,0,1
33.539333876,0,0
33.539377510,0,1
33.539419152,0,0
33.539457346,0,1
33.539480600,1,1
33.539499972,1,0
33.539544576,1,1
33.539562992,1,0
33.544706064,1,1
33.546286886,0,1
33.546298700,0,0
33.546341340,0,1
33.546382992,0,0
33.546424154,0,1
33.546465804,0,0
33.546506964,0,1
33.546548612,0,0
33.546589770,0,1
33.546631410,0,0
33.546672566,0,1
33.546695816,1,1
33.546715186,1,0
33.546756340,1,1
33.546798970,1,0
33.546840126,1,1
33.546882758,1,0
33.546923916,1,1
33.546966548,1,0
33.547010162,1,1
33.547052794,1,0
33.547090984,1,1
33.547133600,1,0
33.547178188,1,1
33.550809670,0,1
33.550821480,0,0
33.550864110,0,1
33.550887358,1,1
33.550906730,1,0
33.550947882,1,1
33.550969340,0,1
33.550989530,0,0
33.551030682,0,1
33.551053930,1,1
33.551073302,1,0
33.551114452,1,1
33.551157076,1,0
33.551198218,1,1
33.551198222,1,0
33.551198224,1,1
33.551219678,0,1
33.551239866,0,0
33.551281016,0,1
33.551304264,1,1
33.551323634,1,0
33.551364786,1,1
33.551386244,0,1
33.551406430,0,0
33.551447582,0,1
33.551489228,0,0
33.551532854,0,1
33.551556102,1,1
33.551575476,1,0
33.551613670,1,1
33.551656300,1,0
33.551700896,1,1
33.559155868,1,0
33.560698292,1,1
33.563128692,0,1
33.563140504,0,0
33.563183142,0,1
33.563224774,0,0
33.563265912,0,1
33.563307548,0,0
33.563348714,0,1
33.563390358,0,0
33.563431514,0,1
33.563473152,0,0
33.563514304,0,1
33.563537556,1,1
33.563556928,1,0
33.563598074,1,1
33.563640702,1,0
33.563681852,1,1
33.563724480,1,0
33.563765630,1,1
33.563808258,1,0
33.563851868,1,1
33.563894492,1,0
33.563932684,1,1
33.563975308,1,0
33.564019902,1,1
33.567652252,0,1
33.567664062,0,0
33.567706686,0,1
33.567748328,0,0
33.567789484,0,1
33.567831122,0,0
33.567872280,0,1
33.567895532,1,1
33.567914904,1,0
33.567956050,1,1
33.567998674,1,0
33.568039824,1,1
33.568061278,0,1
33.568081464,0,0
33.568122616,0,1
33.568145870,1,1
33.568165240,1,0
33.568206388,1,1
33.568227842,0,1
33.568248030,0,0
33.568289186,0,1
33.568330824,0,0
33.568374446,0,1
33.568416090,0,0
33.568454288,0,1
33.568477540,1,1
33.568496910,1,0
33.568541514,1,1
33.576615824,1,0
33.584700544,1,1
33.587016816,0,1
33.587028628,0,0
33.587071260,0,1
33.587112902,0,0
33.587154056,0,1
33.587195698,0,0
33.587236854,0,1
33.587278496,0,0
33.587319650,0,1
33.587361292,0,0
33.587402436,0,1
33.587425690,1,1
33.587445062,1,0
33.587486226,1,1
33.587528854,1,0
33.587570002,1,1
33.587612626,1,0
33.587653776,1,1
33.587696400,1,0
33.587740014,1,1
33.587782644,1,0
33.587820840,1,1
33.587863464,1,0
33.587908064,1,1
33.591539674,0,1
33.591551484,0,0
33.591594120,0,1
33.591635762,0,0
33.591676916,0,1
33.591700172,1,1
33.591719542,1,0
33.591760698,1,1
33.591803324,1,0
33.591844476,1,1
33.591865932,0,1
33.591886120,0,0
33.591927274,0,1
33.591950528,1,1
33.591969900,1,0
33.592011050,1,1
33.592053676,1,0
33.592094826,1,1
33.592116284,0,1
33.592136472,0,0
33.592177626,0,1
33.592219266,0,0
33.592262888,0,1
33.592286140,1,1
33.592305512,1,0
33.592343706,1,1
33.592386336,1,0
33.592430936,1,1
33.596062354,0,1
33.596074162,0,0
33.596116792,0,1
33.596158430,0,0
33.596199584,0,1
33.596241224,0,0
33.596282378,0,1
33.596324022,0,0
33.596365180,0,1
33.596406822,0,0
33.596447980,0,1
33.596471232,1,1
33.596490602,1,0
33.596531752,1,1
33.596531758,1,0
33.596531760,1,1
33.596574380,1,0
33.596615532,1,1
33.596658158,1,0
33.596699310,1,1
33.596741938,1,0
33.596785554,1,1
33.596828182,1,0
33.596866374,1,1
33.596909000,1,0
33.596953598,1,1
33.600582158,0,1
33.600593970,0,0
33.600636608,0,1
33.600659864,1,1
33.600679232,1,0
33.600720388,1,1
33.600741846,0,1
33.600762036,0,0
33.600803194,0,1
33.600826448,1,1
33.600845818,1,0
33.600886970,1,1
33.600929600,1,0
33.600970752,1,1
33.601013380,1,0
33.601054528,1,1
33.601097154,1,0
33.601138304,1,1
33.601159762,0,1
33.601179950,0,0
33.601221100,0,1
33.601262744,0,0
33.601306362,0,1
33.601348008,0,0
33.601386210,0,1
33.601409466,1,1
33.601428840,1,0
33.601473442,1,1
33.609474452,1,0
33.616705854,1,1
33.624982314,0,1
33.624994124,0,0
33.625036754,0,1
33.625078392,0,0
33.625119546,0,1
33.625142796,1,1
33.625162168,1,0
33.625203318,1,1
33.625245944,1,0
33.625287096,1,1
33.625329722,1,0
33.625370876,1,1
33.625413502,1,0
33.625454648,1,1
33.625497276,1,0
33.625538428,1,1
33.625559884,0,1
33.625580072,0,0
33.625621226,0,1
33.625662868,0,0
33.625706488,0,1
33.625748126,0,0
33.625786322,0,1
33.625809576,1,1
33.625828948,1,0
33.625873548,1,1
33.625891672,1,0
33.632698542,1,1
33.645738486,0,1
33.645750294,0,0
33.645792920,0,1
33.645816170,1,1
33.645835540,1,0
33.645876688,1,1
33.645898142,0,1
33.645918328,0,0
33.645959480,0,1
33.645982734,1,1
33.646002104,1,0
33.646043250,1,1
33.646085876,1,0
33.646127022,1,1
33.646169644,1,0
33.646210788,1,1
33.646253416,1,0
33.646294562,1,1
33.646316016,0,1
33.646336202,0,0
33.646377360,0,1
33.646418998,0,0
33.646462610,0,1
33.646504250,0,0
33.646542444,0,1
33.646565692,1,1
33.646585062,1,0
33.646629654,1,1
33.646647218,1,0
33.648698510,1,1
33.650262640,0,1
33.650274448,0,0
33.650317070,0,1
33.650358710,0,0
33.650399860,0,1
33.650441498,0,0
33.650482652,0,1
33.650505904,1,1
33.650525272,1,0
33.650566422,1,1
33.650609048,1,0
33.650650196,1,1
33.650671650,0,1
33.650691838,0,0
33.650732992,0,1
33.650756244,1,1
33.650775614,1,0
33.650816760,1,1
33.650838218,0,1
33.650858406,0,0
33.650899558,0,1
33.650941194,0,0
33.650984812,0,1
33.651026446,0,0
33.651064640,0,1
33.651087892,1,1
33.651107262,1,0
33.651151858,1,1
33.651170180,1,0
33.656698322,1,1
33.672611528,1,0
33.672615514,0,0
33.673654310,0,1
33.674123994,0,0
33.674125444,1,0
33.674165148,1,1
33.674206790,1,0
33.674208428,0,0
33.674247948,0,1
33.674290574,0,0
33.674292782,1,0
33.674331728,1,1
33.674373372,1,0
33.674414518,1,1
33.674456162,1,0
33.674458024,0,0
33.674497322,0,1
33.674539950,0,0
33.674541392,1,0
33.674581106,1,1
33.674622750,1,0
33.674663894,1,1
33.674705538,1,0
33.674746688,1,1
33.674789806,1,0
33.674830958,1,1
33.674873582,1,0
33.674914726,1,1
33.674948012,0,1
33.674961304,0,0
33.675002478,0,1
33.675025740,1,1
33.675297434,0,1
33.675309244,0,0
33.675351876,0,1
33.675393522,0,0
33.675434676,0,1
33.675457926,1,1
33.675477296,1,0
33.675518446,1,1
33.675539902,0,1
33.675560088,0,0
33.675601242,0,1
33.675624498,1,1
33.675643870,1,0
33.675685020,1,1
33.675727646,1,0
33.675768798,1,1
33.675811420,1,0
33.675852566,1,1
33.675895190,1,0
33.675936336,1,1
33.675978960,1,0
33.676022574,1,1
33.676065202,1,0
33.676103396,1,1
33.676146022,1,0
33.676190618,1,1
33.676205912,1,0
33.676474248,0,0
33.677245136,0,1
33.677288268,0,0
33.677329436,0,1
33.677372076,0,0
33.677413244,0,1
33.677455880,0,0
33.677457940,1,0
33.677497036,1,1
33.677538682,1,0
33.677539936,0,0
33.677579846,0,1
33.677622476,0,0
33.677663642,0,1
33.677706274,0,0
33.677747436,0,1
33.677790070,0,0
33.677831236,0,1
33.677873868,0,0
33.677915032,0,1
33.677959144,0,0
33.678000312,0,1
33.678039494,0,0
33.678040930,1,0
33.678080650,1,1
33.678113936,0,1
33.678127228,0,0
33.678168396,0,1
33.678191654,1,1
33.678530558,0,1
33.678542384,0,0
33.678585084,0,1
33.678626792,0,0
33.678668016,0,1
33.678691306,1,1
33.678710708,1,0
33.678751934,1,1
33.678773424,0,1
33.678793646,0,0
33.678834874,0,1
33.678858168,1,1
33.678877570,1,0
33.678918794,1,1
33.678961490,1,0
33.679002716,1,1
33.679045418,1,0
33.679086642,1,1
33.679129342,1,0
33.679170566,1,1
33.679213266,1,0
33.679256958,1,1
33.679299660,1,0
33.679337924,1,1
33.679380628,1,0
33.679425306,1,1
33.679440286,1,0
33.679441530,1,1
33.689622390,1,0
33.689894862,0,0
33.690666280,0,1
33.690803130,0,0
33.690805066,1,0
33.690844366,1,1
33.690886082,1,0
33.690888118,0,0
33.690927328,0,1
33.690970032,0,0
33.690971554,1,0
33.691011264,1,1
33.691052986,1,0
33.691094220,1,1
33.691135938,1,0
33.691137938,0,0
33.691177184,0,1
33.691219892,0,0
33.691221364,1,0
33.691261126,1,1
33.691302846,1,0
33.691344084,1,1
33.691385810,1,0
33.691427042,1,1
33.691470248,1,0
33.691511478,1,1
33.691554188,1,0
33.691595420,1,1
33.691628766,0,1
33.691642082,0,0
33.691683330,0,1
33.691706628,1,1
33.691978830,0,1
33.691990662,0,0
33.692033376,0,1
33.692075092,0,0
33.692116330,0,1
33.692139628,1,1
33.692159032,1,0
33.692200262,1,1
33.692221758,0,1
33.692241984,0,0
33.692283222,0,1
33.692306522,1,1
33.692325926,1,0
33.692367160,1,1
33.692409868,1,0
33.692451098,1,1
33.692493804,1,0
33.692535030,1,1
33.692577738,1,0
33.692618970,1,1
33.692661680,1,0
33.692705382,1,1
33.692748086,1,0
33.692786354,1,1
33.692829062,1,0
33.692873748,1,1
33.692886848,1,0
33.693159396,0,0
33.693930822,0,1
33.693973472,0,0
33.694014720,0,1
33.694057428,0,0
33.694098676,0,1
33.694141384,0,0
33.694182628,0,1
33.694225340,0,0
33.694266584,0,1
33.694309298,0,0
33.694350548,0,1
33.694393258,0,0
33.694434502,0,1
33.694477214,0,0
33.694518456,0,1
33.694561168,0,0
33.694602420,0,1
33.694646614,0,0
33.694648844,1,0
33.694687852,1,1
33.694730558,1,0
33.694771788,1,1
33.694805136,0,1
33.694818452,0,0
33.694859698,0,1
33.694882998,1,1
33.695226592,0,1
33.695238406,0,0
33.695281050,0,1
33.695322700,0,0
33.695363872,0,1
33.695387142,1,1
33.695406526,1,0
33.695447712,1,1
33.695469184,0,1
33.695489390,0,0
33.695530582,0,1
33.695553850,1,1
33.695573236,1,0
33.695614416,1,1
33.695657072,1,0
33.695698250,1,1
33.695740906,1,0
33.695782090,1,1
33.695824750,1,0
33.695865936,1,1
33.695908582,1,0
33.695952212,1,1
33.695994848,1,0
33.696033048,1,1
33.696075684,1,0
33.696120290,1,1
33.696134404,1,0
33.696135656,1,1
33.715467650,0,1
33.715479462,0,0
33.715522094,0,1
33.715563734,0,0
33.715604890,0,1
33.715646530,0,0
33.715687684,0,1
33.715729326,0,0
33.715770480,0,1
33.715812124,0,0
33.715853284,0,1
33.715876532,1,1
33.715895904,1,0
33.715937056,1,1
33.715979686,1,0
33.716020834,1,1
33.716063462,1,0
33.716104614,1,1
33.716147242,1,0
33.716190852,1,1
33.716233484,1,0
33.716271678,1,1
33.716314302,1,0
33.716358904,1,1
33.719987550,0,1
33.719999358,0,0
33.720041992,0,1
33.720083630,0,0
33.720124784,0,1
33.720148040,1,1
33.720167410,1,0
33.720208564,1,1
33.720251188,1,0
33.720292338,1,1
33.720334964,1,0
33.720376108,1,1
33.720418722,1,0
33.720459874,1,1
33.720502508,1,0
33.720543654,1,1
33.720565110,0,1
33.720585298,0,0
33.720626458,0,1
33.720668106,0,0
33.720711726,0,1
33.720753370,0,0
33.720791568,0,1
33.720814822,1,1
33.720834192,1,0
33.720878792,1,1
33.728592640,1,0
33.728697826,1,1
33.740069994,0,1
33.740081804,0,0
33.740124432,0,1
33.740166070,0,0
33.740207224,0,1
33.740248868,0,0
33.740290018,0,1
33.740331658,0,0
33.740372814,0,1
33.740414460,0,0
33.740455616,0,1
33.740478870,1,1
33.740498240,1,0
33.740539390,1,1
33.740582018,1,0
33.740623170,1,1
33.740665798,1,0
33.740706948,1,1
33.740749578,1,0
33.740793188,1,1
33.740835812,1,0
33.740874002,1,1
33.740916626,1,0
33.740961226,1,1
33.744593590,0,1
33.744605402,0,0
33.744648034,0,1
33.744689674,0,0
33.744730826,0,1
33.744772462,0,0
33.744813616,0,1
33.744836870,1,1
33.744856238,1,0
33.744897382,1,1
33.744940004,1,0
33.744981150,1,1
33.745002604,0,1
33.745022788,0,0
33.745063938,0,1
33.745087186,1,1
33.745106558,1,0
33.745147706,1,1
33.745169160,0,1
33.745189348,0,0
33.745230498,0,1
33.745272136,0,0
33.745315750,0,1
33.745357392,0,0
33.745395586,0,1
33.745418836,1,1
33.745438204,1,0
33.745482800,1,1
33.752271214,0,1
33.752283022,0,0
33.752325650,0,1
33.752367292,0,0
33.752408444,0,1
33.752450086,0,0
33.752491236,0,1
33.752532876,0,0
33.752574018,0,1
33.752615656,0,0
33.752656818,0,1
33.752680080,1,1
33.752699452,1,0
33.752740598,1,1
33.752783216,1,0
33.752824362,1,1
33.752866982,1,0
33.752908126,1,1
33.752950748,1,0
33.752994356,1,1
33.753036980,1,0
33.753075168,1,1
33.753117792,1,0
33.753162386,1,1
33.756790428,0,1
33.756802236,0,0
33.756844862,0,1
33.756868114,1,1
33.756887482,1,0
33.756928628,1,1
33.756950082,0,1
33.756970268,0,0
33.757011422,0,1
33.757034670,1,1
33.757054040,1,0
33.757095188,1,1
33.757137810,1,0
33.757178956,1,1
33.757221580,1,0
33.757262728,1,1
33.757305350,1,0
33.757346500,1,1
33.757367954,0,1
33.757388142,0,0
33.757429292,0,1
33.757470932,0,0
33.757514546,0,1
33.757556188,0,0
33.757594382,0,1
33.757617634,1,1
33.757637006,1,0
33.757681606,1,1
33.765576170,1,0
33.768698304,1,1
33.790487244,0,1
33.790499054,0,0
33.790541682,0,1
33.790564932,1,1
33.790584304,1,0
33.790625452,1,1
33.790646906,0,1
33.790667094,0,0
33.790708244,0,1
33.790731496,1,1
33.790750864,1,0
33.790792012,1,1
33.790834636,1,0
33.790875782,1,1
33.790918404,1,0
33.790959552,1,1
33.791002174,1,0
33.791043320,1,1
33.791064776,0,1
33.791084962,0,0
33.791126116,0,1
33.791167754,0,0
33.791211374,0,1
33.791253010,0,0
33.791291206,0,1
33.791314456,1,1
33.791333826,1,0
33.791378430,1,1
33.791396274,1,0
33.792698424,1,1
33.795011058,0,1
33.795022866,0,0
33.795065492,0,1
33.795107126,0,0
33.795148278,0,1
33.795189912,0,0
33.795231064,0,1
33.795254312,1,1
33.795273682,1,0
33.795314828,1,1
33.795357454,1,0
33.795398602,1,1
33.795420058,0,1
33.795440244,0,0
33.795481396,0,1
33.795504646,1,1
33.795524016,1,0
33.795565162,1,1
33.795586618,0,1
33.795606804,0,0
33.795647954,0,1
33.795689592,0,0
33.795733206,0,1
33.795774844,0,0
33.795813036,0,1
33.795836290,1,1
33.795855660,1,0
33.795900256,1,1
33.795918970,1,0
33.800698028,1,1
33.825708626,0,1
33.825720434,0,0
33.825763060,0,1
33.825786308,1,1
33.825805676,1,0
33.825846822,1,1
33.825889442,1,0
33.825930588,1,1
33.825952044,0,1
33.825972230,0,0
33.826013378,0,1
33.826055014,0,0
33.826096166,0,1
33.826137804,0,0
33.826178950,0,1
33.826220590,0,0
33.826261738,0,1
33.826284990,1,1
33.826304358,1,0
33.826345506,1,1
33.826366964,0,1
33.826387150,0,0
33.826430766,0,1
33.826472404,0,0
33.826510594,0,1
33.826533848,1,1
33.826553218,1,0
33.826597820,1,1
33.826615868,1,0
33.832698470,1,1
33.848239570,1,0
33.848511866,0,0
33.849282778,0,1
33.849416978,0,0
33.849418514,1,0
33.849458146,1,1
33.849499798,1,0
33.849501522,0,0
33.849540958,0,1
33.849583586,0,0
33.849584904,1,0
33.849624742,1,1
33.849666382,1,0
33.849707528,1,1
33.849749168,1,0
33.849751166,0,0
33.849790324,0,1
33.849832952,0,0
33.849834538,1,0
33.849874100,1,1
33.849915742,1,0
33.849956892,1,1
33.849998526,1,0
33.850039676,1,1
33.850082790,1,0
33.850123936,1,1
33.850166560,1,0
33.850207708,1,1
33.850240988,0,1
33.850254278,0,0
33.850295436,0,1
33.850318692,1,1
33.850590350,0,1
33.850602158,0,0
33.850644784,0,1
33.850686422,0,0
33.850727574,0,1
33.850750820,1,1
33.850770190,1,0
33.850811336,1,1
33.850832792,0,1
33.850852978,0,0
33.850894130,0,1
33.850917380,1,1
33.850936748,1,0
33.850977898,1,1
33.851020518,1,0
33.851061664,1,1
33.851104288,1,0
33.851145432,1,1
33.851188052,1,0
33.851229196,1,1
33.851271818,1,0
33.851315426,1,1
33.851358054,1,0
33.851396246,1,1
33.851438874,1,0
33.851483472,1,1
33.851498164,1,0
33.851766538,0,0
33.852537412,0,1
33.852581026,0,0
33.852622192,0,1
33.852664828,0,0
33.852705992,0,1
33.852748624,0,0
33.852750196,1,0
33.852789782,1,1
33.852831426,1,0
33.852833182,0,0
33.852872588,0,1
33.852915214,0,0
33.852956374,0,1
33.852999002,0,0
33.853040162,0,1
33.853082790,0,0
33.853123950,0,1
33.853166580,0,0
33.853207744,0,1
33.853251848,0,0
33.853293006,0,1
33.853332186,0,0
33.853334032,1,0
33.853373346,1,1
33.853406630,0,1
33.853419920,0,0
33.853461086,0,1
33.853484340,1,1
33.853823206,0,1
33.853835032,0,0
33.853877730,0,1
33.853919430,0,0
33.853960650,0,1
33.853983944,1,1
33.854003342,1,0
33.854044558,1,1
33.854066048,0,1
33.854086268,0,0
33.854127494,0,1
33.854150784,1,1
33.854170184,1,0
33.854211404,1,1
33.854254102,1,0
33.854295318,1,1
33.854338012,1,0
33.854379232,1,1
33.854421932,1,0
33.854463152,1,1
33.854505850,1,0
33.854549536,1,1
33.854592234,1,0
33.854630494,1,1
33.854673192,1,0
33.854717866,1,1
33.854732222,1,0
33.854733472,1,1
33.872926146,0,1
33.872937976,0,0
33.872980688,0,1
33.873022398,0,0
33.873063620,0,1
33.873105324,0,0
33.873146554,0,1
33.873188262,0,0
33.873229490,0,1
33.873271202,0,0
33.873312432,0,1
33.873335724,1,1
33.873355126,1,0
33.873396358,1,1
33.873439056,1,0
33.873480264,1,1
33.873522950,1,0
33.873564178,1,1
33.873606884,1,0
33.873650568,1,1
33.873693264,1,0
33.873731520,1,1
33.873774218,1,0
33.873818896,1,1
33.877453938,0,1
33.877465770,0,0
33.877508478,0,1
33.877531772,1,1
33.877551172,1,0
33.877592398,1,1
33.877613892,0,1
33.877634116,0,0
33.877675342,0,1
33.877698634,1,1
33.877718038,1,0
33.877759264,1,1
33.877801960,1,0
33.877843184,1,1
33.877885884,1,0
33.877927106,1,1
33.877969806,1,0
33.878011034,1,1
33.878032528,0,1
33.878052752,0,0
33.878093982,0,1
33.878135698,0,0
33.878179394,0,1
33.878221104,0,0
33.878259372,0,1
33.878282666,1,1
33.878302066,1,0
33.878346748,1,1
33.885749406,1,0
33.888698612,1,1
33.891166532,0,1
33.891178362,0,0
33.891221070,0,1
33.891262782,0,0
33.891304008,0,1
33.891345726,0,0
33.891386966,0,1
33.891428680,0,0
33.891469910,0,1
33.891511630,0,0
33.891552866,0,1
33.891576162,1,1
33.891595564,1,0
33.891636798,1,1
33.891679498,1,0
33.891720724,1,1
33.891763424,1,0
33.891804648,1,1
33.891847346,1,0
33.891891042,1,1
33.891933742,1,0
33.891972004,1,1
33.892014708,1,0
33.892059394,1,1
33.895698500,0,1
33.895710330,0,0
33.895753036,0,1
33.895776334,1,1
33.895795738,1,0
33.895836968,1,1
33.895879672,1,0
33.895920898,1,1
33.895942394,0,1
33.895962620,0,0
33.896003852,0,1
33.896045570,0,0
33.896086806,0,1
33.896128522,0,0
33.896169754,0,1
33.896211474,0,0
33.896252706,0,1
33.896276002,1,1
33.896295406,1,0
33.896336638,1,1
33.896358140,0,1
33.896378374,0,0
33.896422096,0,1
33.896463836,0,0
33.896502130,0,1
33.896525440,1,1
33.896544850,1,0
33.896589560,1,1
33.900227832,0,1
33.900239662,0,0
33.900282378,0,1
33.900324092,0,0
33.900365328,0,1
33.900407048,0,0
33.900448284,0,1
33.900490000,0,0
33.900531236,0,1
33.900572954,0,0
33.900614192,0,1
33.900637490,1,1
33.900656896,1,0
33.900698128,1,1
33.900740830,1,0
33.900782062,1,1
33.900824766,1,0
33.900865998,1,1
33.900908698,1,0
33.900952396,1,1
33.900995096,1,0
33.901033360,1,1
33.901076064,1,0
33.901120740,1,1
33.904759890,0,1
33.904771722,0,0
33.904814432,0,1
33.904814434,0,0
33.904814438,0,1
33.904856152,0,0
33.904897384,0,1
33.904939100,0,0
33.904980334,0,1
33.905003630,1,1
33.905023034,1,0
33.905064256,1,1
33.905106960,1,0
33.905148184,1,1
33.905169678,0,1
33.905189900,0,0
33.905231132,0,1
33.905254428,1,1
33.905273832,1,0
33.905315062,1,1
33.905336552,0,1
33.905356782,0,0
33.905398022,0,1
33.905439738,0,0
33.905483440,0,1
33.905525158,0,0
33.905563428,0,1
33.905586722,1,1
33.905606128,1,0
33.905650804,1,1
33.913499750,1,0
33.920698248,1,1
33.932045478,0,1
33.932057314,0,0
33.932100044,0,1
33.932141782,0,0
33.932183036,0,1
33.932224774,0,0
33.932266030,0,1
33.932289338,1,1
33.932308752,1,0
33.932349996,1,1
33.932371502,0,1
33.932391740,0,0
33.932432996,0,1
33.932456302,1,1
33.932475712,1,0
33.932516970,1,1
33.932559698,1,0
33.932600954,1,1
33.932622460,0,1
33.932642702,0,0
33.932683960,0,1
33.932725704,0,0
33.932769438,0,1
33.932811184,0,0
33.932849484,0,1
33.932872796,1,1
33.932892216,1,0
33.932936940,1,1
33.932955734,1,0
33.936692484,1,1
33.948608242,0,1
33.948620082,0,0
33.948662830,0,1
33.948686144,1,1
33.948705558,1,0
33.948746806,1,1
33.948768308,0,1
33.948788540,0,0
33.948829782,0,1
33.948853082,1,1
33.948872486,1,0
33.948913720,1,1
33.948935216,0,1
33.948955442,0,0
33.948996676,0,1
33.949019974,1,1
33.949039380,1,0
33.949080614,1,1
33.949123314,1,0
33.949164546,1,1
33.949186042,0,1
33.949206268,0,0
33.949247500,0,1
33.949289216,0,0
33.949332922,0,1
33.949356224,1,1
33.949375636,1,0
33.949413924,1,1
33.949456650,1,0
33.949501366,1,1
33.949518852,1,0
33.952697404,1,1
33.956877618,0,1
33.956889464,0,0
33.956932224,0,1
33.956973980,0,0
33.957015258,0,1
33.957057020,0,0
33.957098306,0,1
33.957121634,1,1
33.957141062,1,0
33.957182352,1,1
33.957225112,1,0
33.957266404,1,1
33.957309168,1,0
33.957350460,1,1
33.957393222,1,0
33.957434512,1,1
33.957456038,0,1
33.957476292,0,0
33.957517582,0,1
33.957559360,0,0
33.957603130,0,1
33.957626460,1,1
33.957645890,1,0
33.957684220,1,1
33.957726984,1,0
33.957771732,1,1
33.957789956,1,0
33.960698576,1,1
34.007194784,0,1
34.007206622,0,0
34.007249364,0,1
34.007291098,0,0
34.007332356,0,1
34.007374096,0,0
34.007415358,0,1
34.007457096,0,0
34.007498362,0,1
34.007540098,0,0
34.007581356,0,1
34.007604668,1,1
34.007624080,1,0
34.007665336,1,1
34.007708060,1,0
34.007749318,1,1
34.007792044,1,0
34.007833298,1,1
34.007876026,1,0
34.007919754,1,1
34.007962478,1,0
34.008000770,1,1
34.008043496,1,0
34.008088204,1,1
34.011728728,0,1
34.011740566,0,0
34.011783300,0,1
34.011806610,1,1
34.011826022,1,0
34.011867270,1,1
34.011867272,1,0
34.011867276,1,1
34.011888776,0,1
34.011909012,0,0
34.011950272,0,1
34.011973584,1,1
34.011992998,1,0
34.012034254,1,1
34.012055762,0,1
34.012075998,0,0
34.012117256,0,1
34.012140568,1,1
34.012159978,1,0
34.012201234,1,1
34.012243954,1,0
34.012285206,1,1
34.012306710,0,1
34.012326948,0,0
34.012368210,0,1
34.012409946,0,0
34.012453676,0,1
34.012476986,1,1
34.012496398,1,0
34.012534684,1,1
34.012534686,1,0
34.012534688,1,1
34.012577410,1,0
34.012622128,1,1
34.020400200,1,0
34.024697890,1,1
34.029351700,0,1
34.029363534,0,0
34.029406272,0,1
34.029448032,0,0
34.029489322,0,1
34.029531100,0,0
34.029572394,0,1
34.029614164,0,0
34.029655464,0,1
34.029697242,0,0
34.029738540,0,1
34.029761872,1,1
34.029781302,1,0
34.029822594,1,1
34.029865360,1,0
34.029906662,1,1
34.029949430,1,0
34.029990726,1,1
34.030033494,1,0
34.030077264,1,1
34.030120026,1,0
34.030158354,1,1
34.030201122,1,0
34.030245880,1,1
34.033888992,0,1
34.033900836,0,0
34.033943606,0,1
34.033985372,0,0
34.034026658,0,1
34.034068424,0,0
34.034109710,0,1
34.034133034,1,1
34.034152458,1,0
34.034193732,1,1
34.034236488,1,0
34.034277766,1,1
34.034320518,1,0
34.034361800,1,1
34.034404552,1,0
34.034445830,1,1
34.034467350,0,1
34.034487602,0,0
34.034528882,0,1
34.034570646,0,0
34.034614406,0,1
34.034637724,1,1
34.034657142,1,0
34.034695450,1,1
34.034738212,1,0
34.034782960,1,1
34.043013882,1,0
34.048700000,1,1
34.050384618,0,1
34.050396466,0,0
34.050439240,0,1
34.050481014,0,0
34.050522310,0,1
34.050564080,0,0
34.050605380,0,1
34.050647154,0,0
34.050688448,0,1
34.050730226,0,0
34.050771512,0,1
34.050794836,1,1
34.050814262,1,0
34.050855562,1,1
34.050898332,1,0
34.050939614,1,1
34.050982370,1,0
34.051023662,1,1
34.051066422,1,0
34.051110184,1,1
34.051152946,1,0
34.051191266,1,1
34.051234028,1,0
34.051278782,1,1
34.054923146,0,1
34.054934996,0,0
34.054977774,0,1
34.055019544,0,0
34.055060842,0,1
34.055102618,0,0
34.055143916,0,1
34.055167240,1,1
34.055186668,1,0
34.055227960,1,1
34.055249480,0,1
34.055269734,0,0
34.055311028,0,1
34.055334362,1,1
34.055353790,1,0
34.055395080,1,1
34.055437840,1,0
34.055479132,1,1
34.055500654,0,1
34.055520908,0,0
34.055562202,0,1
34.055603974,0,0
34.055647738,0,1
34.055689510,0,0
34.055727836,0,1
34.055751168,1,1
34.055770594,1,0
34.055815344,1,1
34.063572668,1,0
34.064699256,1,1
34.080532634,1,0
34.080536624,0,0
34.081576486,0,1
34.083208848,0,0
34.083210876,1,0
34.083250112,1,1
34.083291876,1,0
34.083292966,0,0
34.083333150,0,1
34.083375880,0,0
34.083377414,1,0
34.083417146,1,1
34.083458890,1,0
34.083500148,1,1
34.083541894,1,0
34.083543802,0,0
34.083583162,0,1
34.083625896,0,0
34.083627232,1,0
34.083667162,1,1
34.083708914,1,0
34.083750178,1,1
34.083791928,1,0
34.083833190,1,1
34.083876414,1,0
34.083917678,1,1
34.083960408,1,0
34.084001662,1,1
34.084035026,0,1
34.084048346,0,0
34.084089606,0,1
34.084112916,1,1
34.084385288,0,1
34.084397126,0,0
34.084439868,0,1
34.084481610,0,0
34.084522868,0,1
34.084546184,1,1
34.084565598,1,0
34.084606858,1,1
34.084628362,0,1
34.084648598,0,0
34.084689860,0,1
34.084713170,1,1
34.084732584,1,0
34.084773840,1,1
34.084816572,1,0
34.084857830,1,1
34.084900560,1,0
34.084941822,1,1
34.084984552,1,0
34.085025812,1,1
34.085068542,1,0
34.085112272,1,1
34.085155002,1,0
34.085193294,1,1
34.085236022,1,0
34.085280736,1,1
34.085293068,1,0
34.085561614,0,0
34.086333288,0,1
34.086374650,0,0
34.086415930,0,1
34.086458664,0,0
34.086499940,0,1
34.086542674,0,0
34.086583946,0,1
34.086626684,0,0
34.086667958,0,1
34.086710692,0,0
34.086751960,0,1
34.086794696,0,0
34.086835966,0,1
34.086878700,0,0
34.086919974,0,1
34.086962710,0,0
34.087003982,0,1
34.087048200,0,0
34.087050494,1,0
34.087089460,1,1
34.087132188,1,0
34.087173444,1,1
34.087206804,0,1
34.087220122,0,0
34.087261374,0,1
34.087284684,1,1
34.087628498,0,1
34.087640316,0,0
34.087682990,0,1
34.087724666,0,0
34.087765860,0,1
34.087789134,1,1
34.087808518,1,0
34.087849710,1,1
34.087871184,0,1
34.087891388,0,0
34.087932580,0,1
34.087955854,1,1
34.087975238,1,0
34.088016428,1,1
34.088059082,1,0
34.088100266,1,1
34.088142924,1,0
34.088184108,1,1
34.088226764,1,0
34.088267944,1,1
34.088310602,1,0
34.088354252,1,1
34.088396906,1,0
34.088435124,1,1
34.088477784,1,0
34.088522416,1,1
34.088537168,1,0
34.088538412,1,1
34.089159372,0,1
34.089171190,0,0
34.089213854,0,1
34.089255522,0,0
34.089296714,0,1
34.089338384,0,0
34.089379568,0,1
34.089402842,1,1
34.089422226,1,0
34.089463404,1,1
34.089506062,1,0
34.089547248,1,1
34.089589908,1,0
34.089631090,1,1
34.089673752,1,0
34.089714936,1,1
34.089736408,0,1
34.089756612,0,0
34.089797800,0,1
34.089839472,0,0
34.089883126,0,1
34.089906396,1,1
34.089925782,1,0
34.089964006,1,1
34.090006664,1,0
34.090051300,1,1
34.090069148,1,0
34.096698056,1,1
34.096959702,0,1
34.096971520,0,0
34.097014180,0,1
34.097055844,0,0
34.097097028,0,1
34.097138696,0,0
34.097179882,0,1
34.097203152,1,1
34.097222532,1,0
34.097263714,1,1
34.097285182,0,1
34.097305384,0,0
34.097346564,0,1
34.097369834,1,1
34.097389220,1,0
34.097430410,1,1
34.097473074,1,0
34.097514268,1,1
34.097535740,0,1
34.097555948,0,0
34.097597140,0,1
34.097638818,0,0
34.097682480,0,1
34.097724156,0,0
34.097762384,0,1
34.097785652,1,1
34.097805036,1,0
34.097849670,1,1
34.097867632,1,0
34.104699484,1,1
34.113237674,0,1
34.113249496,0,0
34.113292180,0,1
34.113315460,1,1
34.113334850,1,0
34.113376050,1,1
34.113418726,1,0
34.113459922,1,1
34.113481400,0,1
34.113501612,0,0
34.113542816,0,1
34.113584504,0,0
34.113625708,0,1
34.113648992,1,1
34.113668384,1,0
34.113709584,1,1
34.113752258,1,0
34.113793462,1,1
34.113814942,0,1
34.113835152,0,0
34.113876352,0,1
34.113918042,0,0
34.113961714,0,1
34.113984992,1,1
34.114004382,1,0
34.114042626,1,1
34.114085302,1,0
34.114129956,1,1
34.114147390,1,0
34.120697844,1,1
34.131832618,0,1
34.131844444,0,0
34.131887138,0,1
34.131928832,0,0
34.131970040,0,1
34.132011740,0,0
34.132052950,0,1
34.132094646,0,0
34.132135862,0,1
34.132177560,0,0
34.132218776,0,1
34.132242058,1,1
34.132261456,1,0
34.132302668,1,1
34.132345352,1,0
34.132386564,1,1
34.132429248,1,0
34.132470456,1,1
34.132513136,1,0
34.132556810,1,1
34.132599496,1,0
34.132637744,1,1
34.132680426,1,0
34.132725084,1,1
34.136361336,0,1
34.136373160,0,0
34.136415844,0,1
34.136457538,0,0
34.136498748,0,1
34.136540442,0,0
34.136581658,0,1
34.136604946,1,1
34.136624342,1,0
34.136665554,1,1
34.136708240,1,0
34.136749450,1,1
34.136792130,1,0
34.136833336,1,1
34.136876020,1,0
34.136917226,1,1
34.136938706,0,1
34.136958920,0,0
34.137000134,0,1
34.137041826,0,0
34.137085502,0,1
34.137108788,1,1
34.137128180,1,0
34.137166426,1,1
34.137209106,1,0
34.137253766,1,1
34.144726854,1,0
34.152696824,1,1
34.168856486,1,0
34.169128898,0,0
34.169900024,0,1
34.170313070,0,0
34.170315312,1,0
34.170354248,1,1
34.170395912,1,0
34.170397332,0,0
34.170437102,0,1
34.170479752,0,0
34.170481730,1,0
34.170520928,1,1
34.170562592,1,0
34.170603766,1,1
34.170645428,1,0
34.170647008,0,0
34.170686614,0,1
34.170729264,0,0
34.170731384,1,0
34.170770436,1,1
34.170812098,1,0
34.170853264,1,1
34.170894930,1,0
34.170936104,1,1
34.170979244,1,0
34.171020412,1,1
34.171063062,1,0
34.171104234,1,1
34.171137534,0,1
34.171150828,0,0
34.171192008,0,1
34.171215274,1,1
34.171487088,0,1
34.171498902,0,0
34.171541550,0,1
34.171583210,0,0
34.171624388,0,1
34.171647654,1,1
34.171667032,1,0
34.171708206,1,1
34.171729672,0,1
34.171749872,0,0
34.171791048,0,1
34.171814310,1,1
34.171833692,1,0
34.171874866,1,1
34.171917514,1,0
34.171958686,1,1
34.172001334,1,0
34.172042508,1,1
34.172085154,1,0
34.172126326,1,1
34.172168972,1,0
34.172212602,1,1
34.172255252,1,0
34.172293462,1,1
34.172336106,1,0
34.172380728,1,1
34.172396340,1,0
34.172664764,0,0
34.173435934,0,1
34.173478868,0,0
34.173520054,0,1
34.173562710,0,0
34.173603908,0,1
34.173646564,0,0
34.173648810,1,0
34.173687742,1,1
34.173729402,1,0
34.173730816,0,0
34.173770582,0,1
34.173813228,0,0
34.173854414,0,1
34.173897058,0,0
34.173938246,0,1
34.173980896,0,0
34.174022080,0,1
34.174064726,0,0
34.174105910,0,1
34.174150038,0,0
34.174191222,0,1
34.174230424,0,0
34.174231932,1,0
34.174271598,1,1
34.174304898,0,1
34.174318196,0,0
34.174359374,0,1
34.174382632,1,1
34.174721700,0,1
34.174733534,0,0
34.174776256,0,1
34.174817978,0,0
34.174859224,0,1
34.174882524,1,1
34.174901934,1,0
34.174943172,1,1
34.174964670,0,1
34.174984904,0,0
34.175026152,0,1
34.175049458,1,1
34.175068868,1,0
34.175110106,1,1
34.175152824,1,0
34.175194062,1,1
34.175236776,1,0
34.175278022,1,1
34.175320742,1,0
34.175361992,1,1
34.175404712,1,0
34.175448426,1,1
34.175491142,1,0
34.175529424,1,1
34.175572140,1,0
34.175616840,1,1
34.175631442,1,0
34.175632686,1,1
34.194927950,0,1
34.194939794,0,0
34.194982552,0,1
34.195024312,0,0
34.195065592,0,1
34.195107350,0,0
34.195148628,0,1
34.195190390,0,0
34.195231674,0,1
34.195273434,0,0
34.195314716,0,1
34.195338044,1,1
34.195357466,1,0
34.195398742,1,1
34.195441494,1,0
34.195482768,1,1
34.195525514,1,0
34.195566790,1,1
34.195609538,1,0
34.195653280,1,1
34.195696024,1,0
34.195734336,1,1
34.195777078,1,0
34.195821814,1,1
34.199465794,0,1
34.199477642,0,0
34.199520416,0,1
34.199562184,0,0
34.199603476,0,1
34.199645248,0,0
34.199686538,0,1
34.199709868,1,1
34.199729294,1,0
34.199770574,1,1
34.199792086,0,1
34.199812334,0,0
34.199853628,0,1
34.199876962,1,1
34.199896396,1,0
34.199937680,1,1
34.199980434,1,0
34.200021720,1,1
34.200043240,0,1
34.200063488,0,0
34.200104778,0,1
34.200146546,0,0
34.200190308,0,1
34.200232074,0,0
34.200270396,0,1
34.200293724,1,1
34.200313150,1,0
34.200357892,1,1
34.204000922,0,1
34.204012770,0,0
34.204055540,0,1
34.204097308,0,0
34.204138594,0,1
34.204180362,0,0
34.204221654,0,1
34.204263428,0,0
34.204304718,0,1
34.204346486,0,0
34.204387778,0,1
34.204411102,1,1
34.204430530,1,0
34.204471820,1,1
34.204514580,1,0
34.204555866,1,1
34.204598628,1,0
34.204639914,1,1
34.204682670,1,0
34.204726422,1,1
34.204769180,1,0
34.204807496,1,1
34.204850250,1,0
34.204894998,1,1
34.208537962,0,1
34.208549808,0,0
34.208592582,0,1
34.208615912,1,1
34.208635340,1,0
34.208676638,1,1
34.208719400,1,0
34.208760684,1,1
34.208782200,0,1
34.208802452,0,0
34.208843744,0,1
34.208885510,0,0
34.208926800,0,1
34.208950130,1,1
34.208969560,1,0
34.209010844,1,1
34.209053604,1,0
34.209094888,1,1
34.209116408,0,1
34.209136658,0,0
34.209177946,0,1
34.209219714,0,0
34.209263472,0,1
34.209286802,1,1
34.209306228,1,0
34.209344550,1,1
34.209387310,1,0
34.209432054,1,1
34.216659412,1,0
34.224706004,1,1
39.881162502,1,0
39.881434858,0,0
39.882205964,0,1
39.882343892,0,0
39.882345694,1,0
39.882385192,1,1
39.882426962,1,0
39.882428700,0,0
39.882468264,0,1
39.882511018,0,0
39.882513080,1,0
39.882552310,1,1
39.882594078,1,0
39.882635370,1,1
39.882677134,1,0
39.882678362,0,0
39.882718430,0,1
39.882761184,0,0
39.882762750,1,0
39.882802474,1,1
39.882844242,1,0
39.882885532,1,1
39.882927296,1,0
39.882968584,1,1
39.883011824,1,0
39.883053112,1,1
39.883095864,1,0
39.883137146,1,1
39.883170528,0,1
39.883183860,0,0
39.883225168,0,1
39.883248502,1,1
39.883521036,0,1
39.883532880,0,0
39.883575652,0,1
39.883617414,0,0
39.883658702,0,1
39.883682030,1,1
39.883701450,1,0
39.883742740,1,1
39.883764258,0,1
39.883784510,0,0
39.883825804,0,1
39.883849132,1,1
39.883868554,1,0
39.883909840,1,1
39.883952594,1,0
39.883993882,1,1
39.884036636,1,0
39.884077918,1,1
39.884120668,1,0
39.884161946,1,1
39.884161948,1,0
39.884161952,1,1
39.884204696,1,0
39.884248454,1,1
39.884291202,1,0
39.884329522,1,1
39.884372274,1,0
39.884417018,1,1
39.884429302,1,0
39.884697686,0,0
39.885468774,0,1
39.885511634,0,0
39.885552936,0,1
39.885595698,0,0
39.885637000,0,1
39.885679760,0,0
39.885721058,0,1
39.885763808,0,0
39.885805106,0,1
39.885847862,0,0
39.885889158,0,1
39.885931914,0,0
39.885973214,0,1
39.886015966,0,0
39.886057262,0,1
39.886100016,0,0
39.886141310,0,1
39.886185548,0,0
39.886187344,1,0
39.886226840,1,1
39.886269594,1,0
39.886310884,1,1
39.886344266,0,1
39.886357600,0,0
39.886398902,0,1
39.886422230,1,1
39.886766244,0,1
39.886778072,0,0
39.886820774,0,1
39.886862474,0,0
39.886903694,0,1
39.886926984,1,1
39.886946374,1,0
39.886987590,1,1
39.887009070,0,1
39.887029286,0,0
39.887070502,0,1
39.887093790,1,1
39.887113180,1,0
39.887154396,1,1
39.887197074,1,0
39.887238284,1,1
39.887280962,1,0
39.887322168,1,1
39.887364846,1,0
39.887406066,1,1
39.887448750,1,0
39.887492430,1,1
39.887535110,1,0
39.887573360,1,1
39.887616038,1,0
39.887660704,1,1
39.887674844,1,0
39.887676086,1,1
73.282879488,1,1
