Time [s],Channel 0,Channel 1
0.000000000,1,1
58.309633986,0,1
58.309645784,0,0
58.309688368,0,1
58.309711592,1,1
58.309730948,1,0
58.309772052,1,1
58.309814640,1,0
58.309855746,1,1
58.309877186,0,1
58.309897356,0,0
58.309938474,0,1
58.309980080,0,0
58.310021192,0,1
58.310044420,1,1
58.310063778,1,0
58.310104888,1,1
58.310147474,1,0
58.310188584,1,1
58.310210024,0,1
58.310230192,0,0
58.310271300,0,1
58.310312900,0,0
58.310356476,0,1
58.310379706,1,1
58.310399060,1,0
58.310437210,1,1
58.310479800,1,0
58.310524356,1,1
58.310542970,1,0
58.317961228,1,1
58.413728774,0,1
58.413740570,0,0
58.413783150,0,1
58.413824746,0,0
58.413865850,0,1
58.413907460,0,0
58.413948570,0,1
58.413990172,0,0
58.414031280,0,1
58.414072882,0,0
58.414113986,0,1
58.414137216,1,1
58.414156570,1,0
58.414197674,1,1
58.414240252,1,0
58.414281352,1,1
58.414323936,1,0
58.414365036,1,1
58.414407624,1,0
58.414451186,1,1
58.414493768,1,0
58.414531918,1,1
58.414574502,1,0
58.414619046,1,1
58.418246594,0,1
58.418258392,0,0
58.418300972,0,1
58.418324196,1,1
58.418343552,1,0
58.418384656,1,1
58.418427242,1,0
58.418468346,1,1
58.418489784,0,1
58.418509952,0,0
58.418551060,0,1
58.418592662,0,0
58.418633770,0,1
58.418657000,1,1
58.418676356,1,0
58.418717462,1,1
58.418760050,1,0
58.418801152,1,1
58.418822592,0,1
58.418842760,0,0
58.418883870,0,1
58.418925472,0,0
58.418969044,0,1
58.418992272,1,1
58.419011630,1,0
58.419049782,1,1
58.419092368,1,0
58.419136916,1,1
58.426986720,1,0
58.429961612,1,1
58.549332258,0,1
58.549344054,0,0
58.549386640,0,1
58.549409868,1,1
58.549429222,1,0
58.549470328,1,1
58.549512914,1,0
58.549554022,1,1
58.549575462,0,1
58.549595630,0,0
58.549636740,0,1
58.549678332,0,0
58.549719428,0,1
58.549742660,1,1
58.549762018,1,0
58.549803138,1,1
58.549845728,1,0
58.549886838,1,1
58.549908282,0,1
58.549928454,0,0
58.549969572,0,1
58.550011174,0,0
58.550054750,0,1
58.550077984,1,1
58.550097338,1,0
58.550135494,1,1
58.550178080,1,0
58.550222630,1,1
58.550240768,1,0
58.557960708,1,1
58.567352874,0,1
58.567364672,0,0
58.567407258,0,1
58.567448860,0,0
58.567489970,0,1
58.567531576,0,0
58.567572688,0,1
58.567614294,0,0
58.567655404,0,1
58.567697012,0,0
58.567738126,0,1
58.567761356,1,1
58.567780714,1,0
58.567821824,1,1
58.567864412,1,0
58.567905522,1,1
58.567948112,1,0
58.567989216,1,1
58.568031806,1,0
58.568075376,1,1
58.568117962,1,0
58.568156120,1,1
58.568198706,1,0
58.568243256,1,1
58.571871278,0,1
58.571883074,0,0
58.571925658,0,1
58.571948890,1,1
58.571968244,1,0
58.572009352,1,1
58.572051942,1,0
58.572093050,1,1
58.572114488,0,1
58.572134656,0,0
58.572175762,0,1
58.572217368,0,0
58.572258480,0,1
58.572281708,1,1
58.572301066,1,0
58.572342174,1,1
58.572384760,1,0
58.572425866,1,1
58.572447304,0,1
58.572467472,0,0
58.572508584,0,1
58.572550192,0,0
58.572593770,0,1
58.572617002,1,1
58.572636356,1,0
58.572674506,1,1
58.572717096,1,0
58.572761652,1,1
58.580010920,1,0
58.581962312,1,1
58.672041222,0,1
58.672053022,0,0
58.672095604,0,1
58.672118836,1,1
58.672138190,1,0
58.672179286,1,1
58.672221874,1,0
58.672262978,1,1
58.672284414,0,1
58.672304582,0,0
58.672345690,0,1
58.672368924,1,1
58.672388282,1,0
58.672429388,1,1
58.672471976,1,0
58.672513086,1,1
58.672555676,1,0
58.672596780,1,1
58.672618222,0,1
58.672638390,0,0
58.672679496,0,1
58.672721098,0,0
58.672764672,0,1
58.672806274,0,0
58.672844430,0,1
58.672867662,1,1
58.672887022,1,0
58.672931574,1,1
58.672950154,1,0
58.677961800,1,1
58.679681658,0,1
58.679693458,0,0
58.679736046,0,1
58.679759274,1,1
58.679778626,1,0
58.679819734,1,1
58.679862322,1,0
58.679903422,1,1
58.679924864,0,1
58.679945032,0,0
58.679986146,0,1
58.680027754,0,0
58.680068864,0,1
58.680092096,1,1
58.680111452,1,0
58.680152558,1,1
58.680195148,1,0
58.680236254,1,1
58.680257694,0,1
58.680277862,0,0
58.680318970,0,1
58.680360580,0,0
58.680404152,0,1
58.680427382,1,1
58.680446738,1,0
58.680484894,1,1
58.680527486,1,0
58.680572038,1,1
58.680590540,1,0
58.685960246,1,1
58.738810768,0,1
58.738822566,0,0
58.738865150,0,1
58.738906756,0,0
58.738947866,0,1
58.738989472,0,0
58.739030582,0,1
58.739072186,0,0
58.739113300,0,1
58.739154902,0,0
58.739196018,0,1
58.739219246,1,1
58.739238602,1,0
58.739279706,1,1
58.739322294,1,0
58.739363402,1,1
58.739405988,1,0
58.739447092,1,1
58.739489680,1,0
58.739533248,1,1
58.739575840,1,0
58.739613998,1,1
58.739656582,1,0
58.739701134,1,1
58.743326010,0,1
58.743337806,0,0
58.743380388,0,1
58.743403616,1,1
58.743422970,1,0
58.743464072,1,1
58.743506656,1,0
58.743547766,1,1
58.743569202,0,1
58.743589370,0,0
58.743630480,0,1
58.743653710,1,1
58.743673066,1,0
58.743714174,1,1
58.743756760,1,0
58.743797870,1,1
58.743840456,1,0
58.743881564,1,1
58.743903004,0,1
58.743923172,0,0
58.743964282,0,1
58.744005882,0,0
58.744049454,0,1
58.744091060,0,0
58.744129216,0,1
58.744152446,1,1
58.744171806,1,0
58.744216362,1,1
58.747844206,0,1
58.747856004,0,0
58.747898590,0,1
58.747940186,0,0
58.747981296,0,1
58.748022896,0,0
58.748064002,0,1
58.748105602,0,0
58.748146710,0,1
58.748188308,0,0
58.748229412,0,1
58.748252638,1,1
58.748271992,1,0
58.748313096,1,1
58.748355682,1,0
58.748396784,1,1
58.748439368,1,0
58.748480470,1,1
58.748523058,1,0
58.748566622,1,1
58.748609202,1,0
58.748647348,1,1
58.748689932,1,0
58.748734478,1,1
58.752362456,0,1
58.752374252,0,0
58.752416828,0,1
58.752440054,1,1
58.752459406,1,0
58.752500506,1,1
58.752543090,1,0
58.752584194,1,1
58.752605634,0,1
58.752625798,0,0
58.752666906,0,1
58.752708508,0,0
58.752749618,0,1
58.752772846,1,1
58.752792202,1,0
58.752833302,1,1
58.752875888,1,0
58.752916988,1,1
58.752938426,0,1
58.752958594,0,0
58.752999700,0,1
58.753041298,0,0
58.753084864,0,1
58.753108096,1,1
58.753127450,1,0
58.753165596,1,1
58.753208186,1,0
58.753252736,1,1
58.760763406,1,0
58.765960676,1,1
58.817611594,0,1
58.817623394,0,0
58.817665980,0,1
58.817689210,1,1
58.817708566,1,0
58.817749674,1,1
58.817792262,1,0
58.817833368,1,1
58.817854810,0,1
58.817874978,0,0
58.817916086,0,1
58.817939314,1,1
58.817958672,1,0
58.817999780,1,1
58.818042372,1,0
58.818083482,1,1
58.818126074,1,0
58.818167184,1,1
58.818188626,0,1
58.818208796,0,0
58.818249912,0,1
58.818291518,0,0
58.818335090,0,1
58.818376698,0,0
58.818414856,0,1
58.818438086,1,1
58.818457444,1,0
58.818502002,1,1
58.818520088,1,0
58.821960352,1,1
58.822130870,0,1
58.822142670,0,0
58.822185260,0,1
58.822208492,1,1
58.822227848,1,0
58.822268958,1,1
58.822311550,1,0
58.822352652,1,1
58.822374094,0,1
58.822394262,0,0
58.822435372,0,1
58.822476976,0,0
58.822518088,0,1
58.822541324,1,1
58.822560680,1,0
58.822601788,1,1
58.822644382,1,0
58.822685490,1,1
58.822706930,0,1
58.822727100,0,0
58.822768212,0,1
58.822809818,0,0
58.822853392,0,1
58.822876622,1,1
58.822895978,1,0
58.822934134,1,1
58.822976726,1,0
58.823021280,1,1
58.823039894,1,0
58.829960522,1,1
58.871334370,0,1
58.871346168,0,0
58.871388752,0,1
58.871430352,0,0
58.871471460,0,1
58.871513064,0,0
58.871554178,0,1
58.871595788,0,0
58.871636896,0,1
58.871678500,0,0
58.871719612,0,1
58.871742844,1,1
58.871762200,1,0
58.871803306,1,1
58.871845894,1,0
58.871887000,1,1
58.871929586,1,0
58.871970688,1,1
58.872013278,1,0
58.872056842,1,1
58.872099432,1,0
58.872137582,1,1
58.872180160,1,0
58.872224696,1,1
58.875852586,0,1
58.875864384,0,0
58.875906970,0,1
58.875930200,1,1
58.875949556,1,0
58.875990660,1,1
58.876033254,1,0
58.876074360,1,1
58.876095800,0,1
58.876115966,0,0
58.876157072,0,1
58.876198680,0,0
58.876239790,0,1
58.876263020,1,1
58.876282376,1,0
58.876323484,1,1
58.876366076,1,0
58.876407182,1,1
58.876428624,0,1
58.876448794,0,0
58.876489906,0,1
58.876531510,0,0
58.876575084,0,1
58.876598316,1,1
58.876617672,1,0
58.876655826,1,1
58.876698418,1,0
58.876742974,1,1
58.883995598,1,0
58.885960574,1,1
58.888681280,0,1
58.888693078,0,0
58.888735666,0,1
58.888777270,0,0
58.888818380,0,1
58.888859988,0,0
58.888901100,0,1
58.888942704,0,0
58.888983818,0,1
58.889025424,0,0
58.889066536,0,1
58.889089770,1,1
58.889109124,1,0
58.889150234,1,1
58.889192824,1,0
58.889233930,1,1
58.889233934,1,0
58.889233938,1,1
58.889276526,1,0
58.889317630,1,1
58.889360220,1,0
58.889403790,1,1
58.889446378,1,0
58.889484530,1,1
58.889527122,1,0
58.889571678,1,1
58.893196742,0,1
58.893208540,0,0
58.893251130,0,1
58.893274360,1,1
58.893293716,1,0
58.893334822,1,1
58.893377414,1,0
58.893418524,1,1
58.893439962,0,1
58.893460132,0,0
58.893501244,0,1
58.893524474,1,1
58.893543832,1,0
58.893584942,1,1
58.893627534,1,0
58.893668638,1,1
58.893711228,1,0
58.893752336,1,1
58.893773772,0,1
58.893793938,0,0
58.893835046,0,1
58.893876658,0,0
58.893920242,0,1
58.893961852,0,0
58.894000018,0,1
58.894023250,1,1
58.894042608,1,0
58.894087162,1,1
58.901454172,1,0
58.901961188,1,1
58.952193828,0,1
58.952205626,0,0
58.952248210,0,1
58.952271436,1,1
58.952290790,1,0
58.952331894,1,1
58.952374480,1,0
58.952415584,1,1
58.952437020,0,1
58.952457188,0,0
58.952498298,0,1
58.952521530,1,1
58.952540886,1,0
58.952581994,1,1
58.952624584,1,0
58.952665686,1,1
58.952708274,1,0
58.952749374,1,1
58.952770814,0,1
58.952790976,0,0
58.952832064,0,1
58.952873666,0,0
58.952917248,0,1
58.952958858,0,0
58.952997014,0,1
58.953020244,1,1
58.953039600,1,0
58.953084152,1,1
58.953102540,1,0
58.957960520,1,1
58.960622396,0,1
58.960634194,0,0
58.960676776,0,1
58.960700006,1,1
58.960719362,1,0
58.960760470,1,1
58.960803058,1,0
58.960844168,1,1
58.960865608,0,1
58.960885778,0,0
58.960926892,0,1
58.960968496,0,0
58.961009606,0,1
58.961032836,1,1
58.961052188,1,0
58.961093294,1,1
58.961135884,1,0
58.961176988,1,1
58.961198428,0,1
58.961218594,0,0
58.961259702,0,1
58.961301306,0,0
58.961344880,0,1
58.961368112,1,1
58.961387468,1,0
58.961425620,1,1
58.961468208,1,0
58.961512762,1,1
58.961530562,1,0
58.965960624,1,1
59.016642114,0,1
59.016653912,0,0
59.016696498,0,1
59.016738096,0,0
59.016779198,0,1
59.016820802,0,0
59.016861912,0,1
59.016903512,0,0
59.016944624,0,1
59.016986226,0,0
59.017027338,0,1
59.017050568,1,1
59.017069924,1,0
59.017111028,1,1
59.017153618,1,0
59.017194722,1,1
59.017237314,1,0
59.017278414,1,1
59.017321004,1,0
59.017364570,1,1
59.017407154,1,0
59.017445304,1,1
59.017487892,1,0
59.017532442,1,1
59.021160326,0,1
59.021172126,0,0
59.021214712,0,1
59.021237938,1,1
59.021257294,1,0
59.021298396,1,1
59.021340982,1,0
59.021382086,1,1
59.021403526,0,1
59.021423692,0,0
59.021464800,0,1
59.021506402,0,0
59.021547518,0,1
59.021570744,1,1
59.021590104,1,0
59.021631210,1,1
59.021673798,1,0
59.021714904,1,1
59.021736338,0,1
59.021756504,0,0
59.021797612,0,1
59.021839214,0,0
59.021882794,0,1
59.021906026,1,1
59.021925386,1,0
59.021963542,1,1
59.022006130,1,0
59.022050674,1,1
59.029820418,1,0
59.029960312,1,1
59.033987414,0,1
59.033999208,0,0
59.034041782,0,1
59.034083376,0,0
59.034124478,0,1
59.034166078,0,0
59.034207186,0,1
59.034248788,0,0
59.034289898,0,1
59.034331498,0,0
59.034372610,0,1
59.034395842,1,1
59.034415194,1,0
59.034456294,1,1
59.034498876,1,0
59.034539982,1,1
59.034582566,1,0
59.034623668,1,1
59.034666252,1,0
59.034709820,1,1
59.034752404,1,0
59.034790550,1,1
59.034833138,1,0
59.034877688,1,1
59.038502494,0,1
59.038514292,0,0
59.038556878,0,1
59.038580106,1,1
59.038599462,1,0
59.038640568,1,1
59.038683156,1,0
59.038724258,1,1
59.038745698,0,1
59.038765864,0,0
59.038806974,0,1
59.038830204,1,1
59.038849560,1,0
59.038890660,1,1
59.038933244,1,0
59.038974348,1,1
59.039016934,1,0
59.039058038,1,1
59.039079474,0,1
59.039099642,0,0
59.039140750,0,1
59.039182352,0,0
59.039225926,0,1
59.039267530,0,0
59.039305686,0,1
59.039328916,1,1
59.039348270,1,0
59.039392820,1,1
59.047283180,1,0
59.053960986,1,1
59.089558610,0,1
59.089570410,0,0
59.089612998,0,1
59.089636226,1,1
59.089655584,1,0
59.089696690,1,1
59.089739280,1,0
59.089780386,1,1
59.089801826,0,1
59.089821996,0,0
59.089863110,0,1
59.089886342,1,1
59.089905698,1,0
59.089946808,1,1
59.089989396,1,0
59.090030506,1,1
59.090073096,1,0
59.090114204,1,1
59.090135644,0,1
59.090155814,0,0
59.090196924,0,1
59.090238534,0,0
59.090282110,0,1
59.090323716,0,0
59.090361874,0,1
59.090385106,1,1
59.090404462,1,0
59.090449018,1,1
59.090467308,1,0
59.093960632,1,1
59.100362650,0,1
59.100374450,0,0
59.100417036,0,1
59.100440270,1,1
59.100459624,1,0
59.100500732,1,1
59.100543328,1,0
59.100584440,1,1
59.100605882,0,1
59.100626052,0,0
59.100667166,0,1
59.100708774,0,0
59.100749886,0,1
59.100773120,1,1
59.100792474,1,0
59.100833588,1,1
59.100876178,1,0
59.100917286,1,1
59.100938726,0,1
59.100958894,0,0
59.101000006,0,1
59.101041614,0,0
59.101085192,0,1
59.101108424,1,1
59.101127780,1,0
59.101165936,1,1
59.101208526,1,0
59.101253078,1,1
59.101270956,1,0
59.101960874,1,1
59.166671574,0,1
59.166683372,0,0
59.166725952,0,1
59.166767556,0,0
59.166808664,0,1
59.166850264,0,0
59.166891374,0,1
59.166932978,0,0
59.166974088,0,1
59.167015690,0,0
59.167056800,0,1
59.167080026,1,1
59.167099382,1,0
59.167140484,1,1
59.167183072,1,0
59.167224170,1,1
59.167266752,1,0
59.167307852,1,1
59.167350440,1,0
59.167394008,1,1
59.167436594,1,0
59.167474740,1,1
59.167517326,1,0
59.167561880,1,1
59.171186732,0,1
59.171198530,0,0
59.171241112,0,1
59.171264340,1,1
59.171283694,1,0
59.171324796,1,1
59.171367382,1,0
59.171408486,1,1
59.171429924,0,1
59.171450090,0,0
59.171491198,0,1
59.171514430,1,1
59.171533786,1,0
59.171574894,1,1
59.171617484,1,0
59.171658590,1,1
59.171701176,1,0
59.171742282,1,1
59.171742288,1,0
59.171742292,1,1
59.171763724,0,1
59.171783892,0,0
59.171825002,0,1
59.171866608,0,0
59.171910186,0,1
59.171951788,0,0
59.171989946,0,1
59.172013176,1,1
59.172032530,1,0
59.172077082,1,1
59.175705018,0,1
59.175716816,0,0
59.175759398,0,1
59.175800998,0,0
59.175842108,0,1
59.175883710,0,0
59.175924824,0,1
59.175966424,0,0
59.176007532,0,1
59.176049134,0,0
59.176090244,0,1
59.176113474,1,1
59.176132830,1,0
59.176173940,1,1
59.176216530,1,0
59.176257638,1,1
59.176300228,1,0
59.176341334,1,1
59.176383922,1,0
59.176427490,1,1
59.176470078,1,0
59.176508230,1,1
59.176550822,1,0
59.176595372,1,1
59.180223146,0,1
59.180234944,0,0
59.180277530,0,1
59.180300758,1,1
59.180320110,1,0
59.180361214,1,1
59.180403802,1,0
59.180444906,1,1
59.180466344,0,1
59.180486514,0,0
59.180527634,0,1
59.180569248,0,0
59.180610364,0,1
59.180633604,1,1
59.180652964,1,0
59.180694080,1,1
59.180736674,1,0
59.180777786,1,1
59.180799228,0,1
59.180819400,0,0
59.180860512,0,1
59.180902114,0,0
59.180945684,0,1
59.180968914,1,1
59.180988268,1,0
59.181026422,1,1
59.181069010,1,0
59.181113558,1,1
59.189002538,1,0
59.189961296,1,1
59.255256604,0,1
59.255268402,0,0
59.255310986,0,1
59.255334212,1,1
59.255353566,1,0
59.255394668,1,1
59.255437254,1,0
59.255478356,1,1
59.255499794,0,1
59.255519962,0,0
59.255561070,0,1
59.255584298,1,1
59.255603652,1,0
59.255644756,1,1
59.255687344,1,0
59.255728444,1,1
59.255771034,1,0
59.255812134,1,1
59.255833570,0,1
59.255853738,0,0
59.255894848,0,1
59.255936448,0,0
59.255980018,0,1
59.256021618,0,0
59.256059772,0,1
59.256083000,1,1
59.256102352,1,0
59.256146904,1,1
59.256165246,1,0
59.261959484,1,1
59.266060134,0,1
59.266071932,0,0
59.266114518,0,1
59.266137746,1,1
59.266157100,1,0
59.266198206,1,1
59.266240794,1,0
59.266281900,1,1
59.266303336,0,1
59.266323506,0,0
59.266364616,0,1
59.266406222,0,0
59.266447332,0,1
59.266470560,1,1
59.266489918,1,0
59.266531028,1,1
59.266573618,1,0
59.266614724,1,1
59.266636166,0,1
59.266656334,0,0
59.266697440,0,1
59.266739036,0,0
59.266782610,0,1
59.266805840,1,1
59.266825196,1,0
59.266863348,1,1
59.266905942,1,0
59.266950494,1,1
59.266968432,1,0
59.269960996,1,1
59.323120708,0,1
59.323132506,0,0
59.323175088,0,1
59.323216690,0,0
59.323257798,0,1
59.323299400,0,0
59.323340508,0,1
59.323382110,0,0
59.323423220,0,1
59.323464824,0,0
59.323505934,0,1
59.323529168,1,1
59.323548524,1,0
59.323589632,1,1
59.323632222,1,0
59.323673328,1,1
59.323715918,1,0
59.323757024,1,1
59.323799614,1,0
59.323843178,1,1
59.323885764,1,0
59.323923914,1,1
59.323966500,1,0
59.324011046,1,1
59.327639132,0,1
59.327650930,0,0
59.327693520,0,1
59.327716750,1,1
59.327736110,1,0
59.327777220,1,1
59.327819810,1,0
59.327860920,1,1
59.327882364,0,1
59.327902532,0,0
59.327943648,0,1
59.327985254,0,0
59.328026368,0,1
59.328049598,1,1
59.328068952,1,0
59.328110064,1,1
59.328152656,1,0
59.328193766,1,1
59.328215206,0,1
59.328235374,0,0
59.328276484,0,1
59.328318090,0,0
59.328361666,0,1
59.328384898,1,1
59.328404254,1,0
59.328442408,1,1
59.328484998,1,0
59.328529554,1,1
59.335868392,1,0
59.341960774,1,1
59.344068680,0,1
59.344080478,0,0
59.344123064,0,1
59.344164668,0,0
59.344205782,0,1
59.344247390,0,0
59.344288504,0,1
59.344330106,0,0
59.344371222,0,1
59.344412828,0,0
59.344453938,0,1
59.344477172,1,1
59.344496528,1,0
59.344537644,1,1
59.344580232,1,0
59.344621344,1,1
59.344663936,1,0
59.344705042,1,1
59.344747634,1,0
59.344791208,1,1
59.344833796,1,0
59.344871950,1,1
59.344914540,1,0
59.344959092,1,1
59.348584124,0,1
59.348595922,0,0
59.348638508,0,1
59.348661738,1,1
59.348681094,1,0
59.348722200,1,1
59.348764786,1,0
59.348805888,1,1
59.348827328,0,1
59.348847498,0,0
59.348888604,0,1
59.348911836,1,1
59.348931192,1,0
59.348972298,1,1
59.349014886,1,0
59.349055992,1,1
59.349098582,1,0
59.349139688,1,1
59.349161126,0,1
59.349181296,0,0
59.349222406,0,1
59.349264008,0,0
59.349307578,0,1
59.349349186,0,0
59.349387342,0,1
59.349410568,1,1
59.349429926,1,0
59.349474484,1,1
59.357427258,1,0
59.357960240,1,1
59.423900526,0,1
59.423912324,0,0
59.423954912,0,1
59.423978140,1,1
59.423997496,1,0
59.424038604,1,1
59.424081196,1,0
59.424122304,1,1
59.424143742,0,1
59.424163912,0,0
59.424205026,0,1
59.424228258,1,1
59.424247614,1,0
59.424288722,1,1
59.424331314,1,0
59.424372420,1,1
59.424415006,1,0
59.424456116,1,1
59.424477554,0,1
59.424497718,0,0
59.424538828,0,1
59.424580434,0,0
59.424624010,0,1
59.424665614,0,0
59.424703774,0,1
59.424727004,1,1
59.424746358,1,0
59.424790904,1,1
59.424808908,1,0
59.429960396,1,1
59.467678420,0,1
59.467690220,0,0
59.467732804,0,1
59.467756036,1,1
59.467775390,1,0
59.467816496,1,1
59.467859088,1,0
59.467900194,1,1
59.467921632,0,1
59.467941802,0,0
59.467982912,0,1
59.468024516,0,0
59.468065624,0,1
59.468088856,1,1
59.468108214,1,0
59.468149322,1,1
59.468191910,1,0
59.468233018,1,1
59.468254456,0,1
59.468274626,0,0
59.468315738,0,1
59.468357340,0,0
59.468400910,0,1
59.468424142,1,1
59.468443496,1,0
59.468481648,1,1
59.468524238,1,0
59.468568786,1,1
59.468586578,1,0
59.469959444,1,1
59.487861988,0,1
59.487873792,0,0
59.487916406,0,1
59.487958038,0,0
59.487999180,0,1
59.488040808,0,0
59.488081928,0,1
59.488123536,0,0
59.488164648,0,1
59.488206252,0,0
59.488247362,0,1
59.488270596,1,1
59.488289952,1,0
59.488331062,1,1
59.488373652,1,0
59.488414760,1,1
59.488457348,1,0
59.488498450,1,1
59.488541042,1,0
59.488584610,1,1
59.488627198,1,0
59.488665350,1,1
59.488707936,1,0
59.488752484,1,1
59.492380358,0,1
59.492392156,0,0
59.492434740,0,1
59.492457970,1,1
59.492477324,1,0
59.492518434,1,1
59.492561024,1,0
59.492602138,1,1
59.492623584,0,1
59.492643754,0,0
59.492684868,0,1
59.492726476,0,0
59.492767592,0,1
59.492790822,1,1
59.492810178,1,0
59.492851290,1,1
59.492893880,1,0
59.492934984,1,1
59.492956426,0,1
59.492976596,0,0
59.493017706,0,1
59.493059310,0,0
59.493102884,0,1
59.493126120,1,1
59.493145476,1,0
59.493183628,1,1
59.493226220,1,0
59.493270774,1,1
59.501215672,1,0
59.501960264,1,1
59.507782832,0,1
59.507794632,0,0
59.507837216,0,1
59.507878820,0,0
59.507919928,0,1
59.507961530,0,0
59.508002636,0,1
59.508044242,0,0
59.508085354,0,1
59.508126956,0,0
59.508168070,0,1
59.508191298,1,1
59.508210656,1,0
59.508251760,1,1
59.508294350,1,0
59.508335454,1,1
59.508378044,1,0
59.508419144,1,1
59.508461736,1,0
59.508505306,1,1
59.508547894,1,0
59.508586048,1,1
59.508628636,1,0
59.508673188,1,1
59.512298388,0,1
59.512310186,0,0
59.512352774,0,1
59.512376004,1,1
59.512395360,1,0
59.512436466,1,1
59.512479052,1,0
59.512520162,1,1
59.512541606,0,1
59.512561774,0,0
59.512602884,0,1
59.512626118,1,1
59.512645472,1,0
59.512686580,1,1
59.512729168,1,0
59.512770276,1,1
59.512812866,1,0
59.512853970,1,1
59.512875408,0,1
59.512895576,0,0
59.512936686,0,1
59.512978290,0,0
59.513021864,0,1
59.513063470,0,0
59.513101628,0,1
59.513124856,1,1
59.513144214,1,0
59.513188768,1,1
59.520730452,1,0
59.525960238,1,1
59.600707622,0,1
59.600719420,0,0
59.600762002,0,1
59.600785224,1,1
59.600804578,1,0
59.600845676,1,1
59.600888260,1,0
59.600929356,1,1
59.600950794,0,1
59.600970958,0,0
59.601012064,0,1
59.601053662,0,0
59.601094768,0,1
59.601117998,1,1
59.601137350,1,0
59.601178456,1,1
59.601221036,1,0
59.601262136,1,1
59.601283572,0,1
59.601303738,0,0
59.601344842,0,1
59.601386436,0,0
59.601430006,0,1
59.601453232,1,1
59.601472588,1,0
59.601510738,1,1
59.601553330,1,0
59.601597882,1,1
59.601616340,1,0
59.605960276,1,1
59.614164784,0,1
59.614176584,0,0
59.614219176,0,1
59.614242408,1,1
59.614261764,1,0
59.614302870,1,1
59.614345460,1,0
59.614386570,1,1
59.614408010,0,1
59.614428178,0,0
59.614469286,0,1
59.614492518,1,1
59.614511874,1,0
59.614552986,1,1
59.614595574,1,0
59.614636682,1,1
59.614679272,1,0
59.614720378,1,1
59.614741820,0,1
59.614761990,0,0
59.614803106,0,1
59.614844712,0,0
59.614888290,0,1
59.614929898,0,0
59.614968056,0,1
59.614991286,1,1
59.615010644,1,0
59.615055198,1,1
59.615072970,1,0
59.621959476,1,1
59.660458908,0,1
59.660470706,0,0
59.660513294,0,1
59.660554906,0,0
59.660596020,0,1
59.660637630,0,0
59.660678742,0,1
59.660720346,0,0
59.660761460,0,1
59.660803068,0,0
59.660844178,0,1
59.660867412,1,1
59.660886772,1,0
59.660927880,1,1
59.660970472,1,0
59.661011578,1,1
59.661054168,1,0
59.661095270,1,1
59.661137862,1,0
59.661181428,1,1
59.661181432,1,0
59.661181436,1,1
59.661224024,1,0
59.661262178,1,1
59.661304766,1,0
59.661349318,1,1
59.664974372,0,1
59.664986172,0,0
59.665028756,0,1
59.665051986,1,1
59.665071340,1,0
59.665112444,1,1
59.665155034,1,0
59.665196136,1,1
59.665217578,0,1
59.665237746,0,0
59.665278858,0,1
59.665302086,1,1
59.665321442,1,0
59.665362552,1,1
59.665405138,1,0
59.665446244,1,1
59.665488832,1,0
59.665529940,1,1
59.665551382,0,1
59.665571550,0,0
59.665612662,0,1
59.665654266,0,0
59.665697840,0,1
59.665739442,0,0
59.665777602,0,1
59.665800832,1,1
59.665820188,1,0
59.665864746,1,1
59.672647136,0,1
59.672658934,0,0
59.672701520,0,1
59.672743128,0,0
59.672784236,0,1
59.672825840,0,0
59.672866950,0,1
59.672908556,0,0
59.672949668,0,1
59.672991272,0,0
59.673032384,0,1
59.673055612,1,1
59.673074968,1,0
59.673116074,1,1
59.673116080,1,0
59.673116084,1,1
59.673158664,1,0
59.673199766,1,1
59.673242356,1,0
59.673283458,1,1
59.673326046,1,0
59.673369612,1,1
59.673412200,1,0
59.673450346,1,1
59.673450350,1,0
59.673450354,1,1
59.673492938,1,0
59.673537492,1,1
59.677165422,0,1
59.677177220,0,0
59.677219806,0,1
59.677243034,1,1
59.677262392,1,0
59.677303502,1,1
59.677346092,1,0
59.677387198,1,1
59.677408640,0,1
59.677428810,0,0
59.677469922,0,1
59.677511526,0,0
59.677552642,0,1
59.677575876,1,1
59.677595234,1,0
59.677636342,1,1
59.677678934,1,0
59.677720044,1,1
59.677741482,0,1
59.677761650,0,0
59.677802762,0,1
59.677844370,0,0
59.677887950,0,1
59.677911184,1,1
59.677930544,1,0
59.677968708,1,1
59.678011300,1,0
59.678055854,1,1
59.686060766,1,0
59.693959958,1,1
59.693959960,1,0
59.693959964,1,1
59.755200074,0,1
59.755211870,0,0
59.755254450,0,1
59.755277678,1,1
59.755297030,1,0
59.755338134,1,1
59.755380718,1,0
59.755421820,1,1
59.755443260,0,1
59.755463426,0,0
59.755504530,0,1
59.755546134,0,0
59.755587242,0,1
59.755610466,1,1
59.755629822,1,0
59.755670924,1,1
59.755713506,1,0
59.755754604,1,1
59.755776040,0,1
59.755796208,0,0
59.755837310,0,1
59.755878908,0,0
59.755922478,0,1
59.755945704,1,1
59.755965060,1,0
59.756003208,1,1
59.756045796,1,0
59.756090342,1,1
59.756107644,1,0
59.757959440,1,1
59.801655980,0,1
59.801667778,0,0
59.801710360,0,1
59.801751960,0,0
59.801793068,0,1
59.801834670,0,0
59.801875778,0,1
59.801899006,1,1
59.801918362,1,0
59.801959466,1,1
59.801980908,0,1
59.802001076,0,0
59.802042184,0,1
59.802065414,1,1
59.802084770,1,0
59.802125878,1,1
59.802168462,1,0
59.802209566,1,1
59.802231004,0,1
59.802251170,0,0
59.802292276,0,1
59.802333878,0,0
59.802377446,0,1
59.802419046,0,0
59.802457200,0,1
59.802480428,1,1
59.802499782,1,0
59.802544336,1,1
59.802562010,1,0
59.805958764,1,1
59.819223026,0,1
59.819234824,0,0
59.819277410,0,1
59.819319016,0,0
59.819360130,0,1
59.819401736,0,0
59.819442850,0,1
59.819484458,0,0
59.819525576,0,1
59.819567182,0,0
59.819608298,0,1
59.819631530,1,1
59.819650884,1,0
59.819691992,1,1
59.819734586,1,0
59.819775692,1,1
59.819818282,1,0
59.819859390,1,1
59.819901984,1,0
59.819945554,1,1
59.819988148,1,0
59.820026304,1,1
59.820068894,1,0
59.820113450,1,1
59.823742512,0,1
59.823754310,0,0
59.823796900,0,1
59.823838498,0,0
59.823879610,0,1
59.823921216,0,0
59.823962330,0,1
59.823985558,1,1
59.824004914,1,0
59.824046020,1,1
59.824067462,0,1
59.824087630,0,0
59.824128742,0,1
59.824151970,1,1
59.824171328,1,0
59.824212436,1,1
59.824255024,1,0
59.824296128,1,1
59.824317568,0,1
59.824337740,0,0
59.824378864,0,1
59.824420474,0,0
59.824464048,0,1
59.824505656,0,0
59.824543818,0,1
59.824567052,1,1
59.824586408,1,0
59.824630964,1,1
59.831889534,1,0
59.837959292,1,1
59.839658582,0,1
59.839670378,0,0
59.839712948,0,1
59.839754550,0,0
59.839795672,0,1
59.839837284,0,0
59.839878396,0,1
59.839920006,0,0
59.839961116,0,1
59.839961120,0,0
59.839961124,0,1
59.840002726,0,0
59.840043834,0,1
59.840067064,1,1
59.840086420,1,0
59.840127520,1,1
59.840170108,1,0
59.840211216,1,1
59.840253806,1,0
59.840294910,1,1
59.840337502,1,0
59.840381070,1,1
59.840423658,1,0
59.840461808,1,1
59.840504394,1,0
59.840548954,1,1
59.844176582,0,1
59.844188378,0,0
59.844230958,0,1
59.844254184,1,1
59.844273540,1,0
59.844314650,1,1
59.844357236,1,0
59.844398344,1,1
59.844419786,0,1
59.844439954,0,0
59.844481064,0,1
59.844522672,0,0
59.844563788,0,1
59.844587018,1,1
59.844606374,1,0
59.844647484,1,1
59.844690074,1,0
59.844731182,1,1
59.844752624,0,1
59.844772792,0,0
59.844813906,0,1
59.844855508,0,0
59.844899082,0,1
59.844922310,1,1
59.844941666,1,0
59.844979820,1,1
59.845022406,1,0
59.845066962,1,1
59.852424478,1,0
59.853959604,1,1
59.913879398,0,1
59.913891196,0,0
59.913933784,0,1
59.913957014,1,1
59.913976368,1,0
59.914017476,1,1
59.914060060,1,0
59.914101162,1,1
59.914122602,0,1
59.914142770,0,0
59.914183876,0,1
59.914207100,1,1
59.914226454,1,0
59.914267558,1,1
59.914310142,1,0
59.914351240,1,1
59.914393830,1,0
59.914434936,1,1
59.914456374,0,1
59.914476542,0,0
59.914517650,0,1
59.914559262,0,0
59.914602832,0,1
59.914644434,0,0
59.914682588,0,1
59.914705816,1,1
59.914725172,1,0
59.914769720,1,1
59.914788070,1,0
59.917959264,1,1
59.960678702,0,1
59.960690502,0,0
59.960733088,0,1
59.960756318,1,1
59.960775676,1,0
59.960816782,1,1
59.960859374,1,0
59.960900478,1,1
59.960921918,0,1
59.960942086,0,0
59.960983194,0,1
59.961024794,0,0
59.961065906,0,1
59.961089136,1,1
59.961108488,1,0
59.961149594,1,1
59.961192182,1,0
59.961233288,1,1
59.961254728,0,1
59.961274894,0,0
59.961316006,0,1
59.961357610,0,0
59.961401184,0,1
59.961424412,1,1
59.961443768,1,0
59.961481924,1,1
59.961524510,1,0
59.961569062,1,1
59.961586210,1,0
59.965959622,1,1
59.980738220,0,1
59.980750016,0,0
59.980792602,0,1
59.980834206,0,0
59.980875320,0,1
59.980916924,0,0
59.980958032,0,1
59.980999642,0,0
59.981040750,0,1
59.981082360,0,0
59.981123474,0,1
59.981146704,1,1
59.981166060,1,0
59.981207166,1,1
59.981249758,1,0
59.981290862,1,1
59.981290868,1,0
59.981290870,1,1
59.981333454,1,0
59.981374560,1,1
59.981417148,1,0
59.981460712,1,1
59.981503306,1,0
59.981541460,1,1
59.981584048,1,0
59.981628598,1,1
59.985256472,0,1
59.985268268,0,0
59.985310852,0,1
59.985334084,1,1
59.985353438,1,0
59.985394540,1,1
59.985437128,1,0
59.985478230,1,1
59.985499666,0,1
59.985519834,0,0
59.985560946,0,1
59.985602552,0,0
59.985643660,0,1
59.985666888,1,1
59.985686244,1,0
59.985727350,1,1
59.985769928,1,0
59.985811028,1,1
59.985832466,0,1
59.985852634,0,0
59.985893748,0,1
59.985935354,0,0
59.985978926,0,1
59.986002156,1,1
59.986021514,1,0
59.986059666,1,1
59.986102254,1,0
59.986146804,1,1
59.994158220,1,0
59.997959984,1,1
59.998598522,0,1
59.998610322,0,0
59.998652908,0,1
59.998694514,0,0
59.998735624,0,1
59.998777230,0,0
59.998818344,0,1
59.998859946,0,0
59.998901056,0,1
59.998942666,0,0
59.998983780,0,1
59.999007012,1,1
59.999026368,1,0
59.999067478,1,1
59.999110068,1,0
59.999151172,1,1
59.999193762,1,0
59.999234868,1,1
59.999277458,1,0
59.999321028,1,1
59.999363620,1,0
59.999401772,1,1
59.999444362,1,0
59.999488914,1,1
60.003113894,0,1
60.003125692,0,0
60.003168282,0,1
60.003191512,1,1
60.003210868,1,0
60.003251980,1,1
60.003294570,1,0
60.003335670,1,1
60.003357110,0,1
60.003377278,0,0
60.003418394,0,1
60.003441620,1,1
60.003460978,1,0
60.003502084,1,1
60.003544674,1,0
60.003585778,1,1
60.003628364,1,0
60.003669474,1,1
60.003690912,0,1
60.003711080,0,0
60.003752190,0,1
60.003793794,0,0
60.003837366,0,1
60.003878972,0,0
60.003917130,0,1
60.003940360,1,1
60.003959716,1,0
60.004004266,1,1
60.011615122,1,0
60.013960244,1,1
60.080860566,0,1
60.080872362,0,0
60.080914944,0,1
60.080938170,1,1
60.080957524,1,0
60.080998628,1,1
60.081041216,1,0
60.081082316,1,1
60.081103758,0,1
60.081123928,0,0
60.081165042,0,1
60.081188270,1,1
60.081207626,1,0
60.081248734,1,1
60.081291322,1,0
60.081332426,1,1
60.081332428,1,0
60.081332432,1,1
60.081375020,1,0
60.081416128,1,1
60.081437564,0,1
60.081457732,0,0
60.081498840,0,1
60.081540444,0,0
60.081583998,0,1
60.081625600,0,0
60.081663766,0,1
60.081687004,1,1
60.081706356,1,0
60.081750908,1,1
60.081768782,1,0
60.085958960,1,1
60.112289976,0,1
60.112301774,0,0
60.112344358,0,1
60.112367584,1,1
60.112386938,1,0
60.112428046,1,1
60.112470634,1,0
60.112511738,1,1
60.112533178,0,1
60.112553346,0,0
60.112594456,0,1
60.112636058,0,0
60.112677168,0,1
60.112700398,1,1
60.112719754,1,0
60.112760860,1,1
60.112803446,1,0
60.112844554,1,1
60.112865990,0,1
60.112886158,0,0
60.112927260,0,1
60.112968868,0,0
60.113012442,0,1
60.113035670,1,1
60.113055024,1,0
60.113093174,1,1
60.113135762,1,0
60.113180306,1,1
60.113180308,1,0
60.113180312,1,1
60.113199398,1,0
60.117959540,1,1
60.132348866,0,1
60.132360664,0,0
60.132403248,0,1
60.132444850,0,0
60.132485962,0,1
60.132527566,0,0
60.132568678,0,1
60.132610284,0,0
60.132651400,0,1
60.132693004,0,0
60.132734118,0,1
60.132757350,1,1
60.132776706,1,0
60.132817812,1,1
60.132860404,1,0
60.132901510,1,1
60.132944100,1,0
60.132985204,1,1
60.133027796,1,0
60.133071364,1,1
60.133113948,1,0
60.133152100,1,1
60.133194690,1,0
60.133239236,1,1
60.136867276,0,1
60.136879072,0,0
60.136921654,0,1
60.136921656,0,0
60.136921660,0,1
60.136944886,1,1
60.136964240,1,0
60.137005344,1,1
60.137047934,1,0
60.137089040,1,1
60.137110476,0,1
60.137130644,0,0
60.137171750,0,1
60.137213354,0,0
60.137254462,0,1
60.137277688,1,1
60.137297042,1,0
60.137338150,1,1
60.137380738,1,0
60.137421848,1,1
60.137443286,0,1
60.137463458,0,0
60.137504572,0,1
60.137546176,0,0
60.137589746,0,1
60.137612978,1,1
60.137632334,1,0
60.137670484,1,1
60.137713070,1,0
60.137757620,1,1
60.145119216,1,0
60.149958888,1,1
60.152784184,0,1
60.152795982,0,0
60.152838566,0,1
60.152880170,0,0
60.152921276,0,1
60.152962882,0,0
60.153003994,0,1
60.153045596,0,0
60.153086708,0,1
60.153128312,0,0
60.153169422,0,1
60.153192652,1,1
60.153212008,1,0
60.153253114,1,1
60.153295696,1,0
60.153336800,1,1
60.153379386,1,0
60.153420492,1,1
60.153463080,1,0
60.153506650,1,1
60.153549242,1,0
60.153587398,1,1
60.153629988,1,0
60.153674542,1,1
60.157299474,0,1
60.157311272,0,0
60.157353852,0,1
60.157377082,1,1
60.157396436,1,0
60.157437548,1,1
60.157480130,1,0
60.157521238,1,1
60.157542680,0,1
60.157562846,0,0
60.157603952,0,1
60.157627182,1,1
60.157646538,1,0
60.157687642,1,1
60.157730226,1,0
60.157771332,1,1
60.157813920,1,0
60.157855030,1,1
60.157876470,0,1
60.157896642,0,0
60.157937762,0,1
60.157979370,0,0
60.158022942,0,1
60.158064548,0,0
60.158102704,0,1
60.158125932,1,1
60.158145286,1,0
60.158189838,1,1
60.165653938,1,0
60.165959386,1,1
60.237899656,0,1
60.237911454,0,0
60.237954038,0,1
60.237977266,1,1
60.237996618,1,0
60.238037718,1,1
60.238080298,1,0
60.238121398,1,1
60.238142836,0,1
60.238163004,0,0
60.238204112,0,1
60.238245714,0,0
60.238286822,0,1
60.238310052,1,1
60.238329406,1,0
60.238370508,1,1
60.238413098,1,0
60.238454198,1,1
60.238475634,0,1
60.238495798,0,0
60.238536904,0,1
60.238578506,0,0
60.238622066,0,1
60.238645290,1,1
60.238664646,1,0
60.238702792,1,1
60.238745378,1,0
60.238789928,1,1
60.238808364,1,0
60.245959278,1,1
60.284556140,0,1
60.284567936,0,0
60.284610518,0,1
60.284652118,0,0
60.284693222,0,1
60.284734826,0,0
60.284775934,0,1
60.284799164,1,1
60.284818520,1,0
60.284859626,1,1
60.284881060,0,1
60.284901226,0,0
60.284942330,0,1
60.284965560,1,1
60.284984914,1,0
60.285026016,1,1
60.285068604,1,0
60.285109704,1,1
60.285131138,0,1
60.285151300,0,0
60.285192406,0,1
60.285234008,0,0
60.285277574,0,1
60.285319176,0,0
60.285357332,0,1
60.285380562,1,1
60.285399914,1,0
60.285444466,1,1
60.285462068,1,0
60.285959150,1,1
60.302121444,0,1
60.302133242,0,0
60.302175826,0,1
60.302217428,0,0
60.302258538,0,1
60.302300140,0,0
60.302341248,0,1
60.302382856,0,0
60.302423966,0,1
60.302465572,0,0
60.302506682,0,1
60.302529916,1,1
60.302549274,1,0
60.302590382,1,1
60.302632968,1,0
60.302674070,1,1
60.302716654,1,0
60.302757760,1,1
60.302800348,1,0
60.302843916,1,1
60.302886510,1,0
60.302924664,1,1
60.302967256,1,0
60.303011810,1,1
60.306640690,0,1
60.306652488,0,0
60.306695070,0,1
60.306736666,0,0
60.306777768,0,1
60.306819368,0,0
60.306860474,0,1
60.306883706,1,1
60.306903058,1,0
60.306944164,1,1
60.306965606,0,1
60.306985774,0,0
60.307026884,0,1
60.307050114,1,1
60.307069470,1,0
60.307110578,1,1
60.307153166,1,0
60.307194270,1,1
60.307215710,0,1
60.307235878,0,0
60.307276990,0,1
60.307318590,0,0
60.307362162,0,1
60.307403762,0,0
60.307441916,0,1
60.307465146,1,1
60.307484504,1,0
60.307529058,1,1
60.315599386,1,0
60.317958484,1,1
60.319467358,0,1
60.319479154,0,0
60.319521742,0,1
60.319563346,0,0
60.319604454,0,1
60.319646054,0,0
60.319687162,0,1
60.319728764,0,0
60.319769876,0,1
60.319811484,0,0
60.319852598,0,1
60.319875830,1,1
60.319895186,1,0
60.319936296,1,1
60.319978884,1,0
60.320019992,1,1
60.320062584,1,0
60.320103692,1,1
60.320146278,1,0
60.320189844,1,1
60.320232432,1,0
60.320270578,1,1
60.320313168,1,0
60.320357716,1,1
60.323985684,0,1
60.323997484,0,0
60.324040066,0,1
60.324063296,1,1
60.324082650,1,0
60.324123756,1,1
60.324166346,1,0
60.324207452,1,1
60.324228890,0,1
60.324249060,0,0
60.324290168,0,1
60.324331772,0,0
60.324372884,0,1
60.324396114,1,1
60.324415470,1,0
60.324456576,1,1
60.324499166,1,0
60.324540274,1,1
60.324561716,0,1
60.324581882,0,0
60.324622992,0,1
60.324664596,0,0
60.324708170,0,1
60.324731400,1,1
60.324750756,1,0
60.324788910,1,1
60.324831496,1,0
60.324876048,1,1
60.333057736,1,0
60.333959250,1,1
60.422971596,0,1
60.422983394,0,0
60.423025972,0,1
60.423049202,1,1
60.423068554,1,0
60.423109658,1,1
60.423152246,1,0
60.423193350,1,1
60.423214786,0,1
60.423234952,0,0
60.423276056,0,1
60.423317658,0,0
60.423358768,0,1
60.423381998,1,1
60.423401352,1,0
60.423442458,1,1
60.423485048,1,0
60.423526152,1,1
60.423547594,0,1
60.423567762,0,0
60.423608870,0,1
60.423608874,0,0
60.423608878,0,1
60.423650478,0,0
60.423694048,0,1
60.423717276,1,1
60.423736632,1,0
60.423774784,1,1
60.423817372,1,0
60.423861922,1,1
60.423880084,1,0
60.429961378,1,1
60.441865960,0,1
60.441877760,0,0
60.441920350,0,1
60.441943582,1,1
60.441962938,1,0
60.442004044,1,1
60.442046638,1,0
60.442087746,1,1
60.442109186,0,1
60.442129358,0,0
60.442170484,0,1
60.442193728,1,1
60.442213094,1,0
60.442254220,1,1
60.442296814,1,0
60.442337928,1,1
60.442380522,1,0
60.442421636,1,1
60.442443076,0,1
60.442463248,0,0
60.442504364,0,1
60.442545974,0,0
60.442589554,0,1
60.442631164,0,0
60.442669326,0,1
60.442692560,1,1
60.442711918,1,0
60.442756476,1,1
60.442773934,1,0
60.445958810,1,1
60.493980528,0,1
60.493992328,0,0
60.494034922,0,1
60.494076522,0,0
60.494117634,0,1
60.494159234,0,0
60.494200344,0,1
60.494241946,0,0
60.494283056,0,1
60.494324662,0,0
60.494365774,0,1
60.494389008,1,1
60.494408364,1,0
60.494449476,1,1
60.494492062,1,0
60.494533172,1,1
60.494575766,1,0
60.494616874,1,1
60.494659466,1,0
60.494703032,1,1
60.494745618,1,0
60.494783772,1,1
60.494826358,1,0
60.494870910,1,1
60.498495760,0,1
60.498507558,0,0
60.498550142,0,1
60.498573372,1,1
60.498592728,1,0
60.498633836,1,1
60.498676424,1,0
60.498717534,1,1
60.498738974,0,1
60.498759144,0,0
60.498800256,0,1
60.498823490,1,1
60.498842848,1,0
60.498883960,1,1
60.498926550,1,0
60.498967662,1,1
60.499010252,1,0
60.499051360,1,1
60.499072798,0,1
60.499092966,0,0
60.499134076,0,1
60.499175680,0,0
60.499219252,0,1
60.499260862,0,0
60.499299020,0,1
60.499322250,1,1
60.499341606,1,0
60.499386160,1,1
60.506642914,1,0
60.509958986,1,1
60.516473748,0,1
60.516485548,0,0
60.516528140,0,1
60.516569746,0,0
60.516610856,0,1
60.516652462,0,0
60.516693576,0,1
60.516735180,0,0
60.516776294,0,1
60.516817904,0,0
60.516859014,0,1
60.516882246,1,1
60.516901604,1,0
60.516942716,1,1
60.516985310,1,0
60.517026418,1,1
60.517069012,1,0
60.517110122,1,1
60.517152710,1,0
60.517196280,1,1
60.517238870,1,0
60.517277020,1,1
60.517319612,1,0
60.517364164,1,1
60.520992042,0,1
60.521003840,0,0
60.521046420,0,1
60.521069648,1,1
60.521089002,1,0
60.521130110,1,1
60.521172696,1,0
60.521213798,1,1
60.521235232,0,1
60.521255400,0,0
60.521296506,0,1
60.521338106,0,0
60.521379214,0,1
60.521402446,1,1
60.521421802,1,0
60.521462912,1,1
60.521505500,1,0
60.521546610,1,1
60.521568052,0,1
60.521588220,0,0
60.521629330,0,1
60.521670930,0,0
60.521714500,0,1
60.521737726,1,1
60.521757082,1,0
60.521795234,1,1
60.521837820,1,0
60.521882368,1,1
60.529234644,1,0
60.533952786,1,1
60.590983620,0,1
60.590995418,0,0
60.591037998,0,1
60.591061224,1,1
60.591080580,1,0
60.591121684,1,1
60.591164272,1,0
60.591205372,1,1
60.591226810,0,1
60.591246976,0,0
60.591288082,0,1
60.591329680,0,0
60.591370786,0,1
60.591394016,1,1
60.591413368,1,0
60.591454468,1,1
60.591497052,1,0
60.591538158,1,1
60.591559596,0,1
60.591579760,0,0
60.591620864,0,1
60.591662464,0,0
60.591706028,0,1
60.591729248,1,1
60.591748600,1,0
60.591786744,1,1
60.591829326,1,0
60.591873874,1,1
60.591892220,1,0
60.597964758,1,1
60.640706000,0,1
60.640717796,0,0
60.640760380,0,1
60.640801980,0,0
60.640843086,0,1
60.640884684,0,0
60.640925792,0,1
60.640949022,1,1
60.640968372,1,0
60.641009470,1,1
60.641009472,1,0
60.641009476,1,1
60.641030908,0,1
60.641051074,0,0
60.641092178,0,1
60.641115406,1,1
60.641134756,1,0
60.641175862,1,1
60.641218450,1,0
60.641259552,1,1
60.641280990,0,1
60.641301156,0,0
60.641342262,0,1
60.641383856,0,0
60.641427420,0,1
60.641469022,0,0
60.641507174,0,1
60.641530404,1,1
60.641549758,1,0
60.641594306,1,1
60.641612470,1,0
60.645958460,1,1
60.658397008,0,1
60.658408806,0,0
60.658451392,0,1
60.658493000,0,0
60.658534116,0,1
60.658575718,0,0
60.658616828,0,1
60.658658434,0,0
60.658699546,0,1
60.658741154,0,0
60.658782270,0,1
60.658805508,1,1
60.658824864,1,0
60.658865974,1,1
60.658908570,1,0
60.658949680,1,1
60.658992272,1,0
60.659033384,1,1
60.659075974,1,0
60.659119546,1,1
60.659162138,1,0
60.659200290,1,1
60.659242882,1,0
60.659287440,1,1
60.662916198,0,1
60.662927996,0,0
60.662970580,0,1
60.663012178,0,0
60.663053284,0,1
60.663094892,0,0
60.663136000,0,1
60.663159230,1,1
60.663178584,1,0
60.663219690,1,1
60.663241128,0,1
60.663261296,0,0
60.663302400,0,1
60.663325630,1,1
60.663344984,1,0
60.663386090,1,1
60.663428676,1,0
60.663469786,1,1
60.663491224,0,1
60.663511390,0,0
60.663552502,0,1
60.663594104,0,0
60.663637676,0,1
60.663679280,0,0
60.663717438,0,1
60.663740670,1,1
60.663760026,1,0
60.663804574,1,1
60.672002414,1,0
60.677958888,1,1
60.680893272,0,1
60.680905070,0,0
60.680947656,0,1
60.680989258,0,0
60.681030370,0,1
60.681071974,0,0
60.681113086,0,1
60.681154690,0,0
60.681195804,0,1
60.681237410,0,0
60.681278524,0,1
60.681301758,1,1
60.681321112,1,0
60.681362220,1,1
60.681404810,1,0
60.681445916,1,1
60.681488506,1,0
60.681529612,1,1
60.681572204,1,0
60.681615772,1,1
60.681658360,1,0
60.681696512,1,1
60.681739100,1,0
60.681783648,1,1
60.685411688,0,1
60.685423486,0,0
60.685466076,0,1
60.685489306,1,1
60.685508660,1,0
60.685549772,1,1
60.685592360,1,0
60.685633470,1,1
60.685654908,0,1
60.685675074,0,0
60.685716186,0,1
60.685757792,0,0
60.685798902,0,1
60.685822136,1,1
60.685841492,1,0
60.685882606,1,1
60.685925206,1,0
60.685966316,1,1
60.685987758,0,1
60.686007928,0,0
60.686049038,0,1
60.686090642,0,0
60.686134216,0,1
60.686157450,1,1
60.686176806,1,0
60.686214960,1,1
60.686257552,1,0
60.686302106,1,1
60.693569142,1,0
60.693960284,1,1
60.755396966,0,1
60.755408762,0,0
60.755451348,0,1
60.755474578,1,1
60.755493934,1,0
60.755535044,1,1
60.755577632,1,0
60.755618740,1,1
60.755640178,0,1
60.755660346,0,0
60.755701452,0,1
60.755743054,0,0
60.755784166,0,1
60.755807396,1,1
60.755826752,1,0
60.755867864,1,1
60.755910456,1,0
60.755951562,1,1
60.755972996,0,1
60.755993164,0,0
60.756034276,0,1
60.756075878,0,0
60.756119454,0,1
60.756142686,1,1
60.756162042,1,0
60.756200194,1,1
60.756242780,1,0
60.756287330,1,1
60.756304988,1,0
60.757958278,1,1
60.763607864,0,1
60.763619662,0,0
60.763662242,0,1
60.763703842,0,0
60.763744952,0,1
60.763786554,0,0
60.763827658,0,1
60.763850882,1,1
60.763870232,1,0
60.763911328,1,1
60.763932758,0,1
60.763952918,0,0
60.763994014,0,1
60.764017232,1,1
60.764036580,1,0
60.764077666,1,1
60.764120234,1,0
60.764161318,1,1
60.764182750,0,1
60.764202908,0,0
60.764244002,0,1
60.764285586,0,0
60.764329138,0,1
60.764370724,0,0
60.764408874,0,1
60.764432102,1,1
60.764451454,1,0
60.764496002,1,1
60.764514258,1,0
60.765996570,1,1
60.829956584,0,1
60.829968382,0,0
60.830010962,0,1
60.830052560,0,0
60.830093664,0,1
60.830093668,0,0
60.830093670,0,1
60.830135268,0,0
60.830176382,0,1
60.830217980,0,0
60.830259086,0,1
60.830300684,0,0
60.830341792,0,1
60.830365018,1,1
60.830384372,1,0
60.830425470,1,1
60.830468056,1,0
60.830509156,1,1
60.830551742,1,0
60.830592848,1,1
60.830635436,1,0
60.830678998,1,1
60.830721590,1,0
60.830759742,1,1
60.830802328,1,0
60.830846880,1,1
60.834474698,0,1
60.834486496,0,0
60.834529088,0,1
60.834552320,1,1
60.834571678,1,0
60.834612786,1,1
60.834655378,1,0
60.834696486,1,1
60.834717926,0,1
60.834738094,0,0
60.834779210,0,1
60.834820816,0,0
60.834861926,0,1
60.834885160,1,1
60.834904518,1,0
60.834945632,1,1
60.834988218,1,0
60.835029326,1,1
60.835050768,0,1
60.835070940,0,0
60.835112056,0,1
60.835153658,0,0
60.835197228,0,1
60.835220454,1,1
60.835239808,1,0
60.835277950,1,1
60.835320538,1,0
60.835365086,1,1
60.843557014,1,0
60.845958656,1,1
60.847836588,0,1
60.847848388,0,0
60.847890976,0,1
60.847932580,0,0
60.847973688,0,1
60.848015294,0,0
60.848056402,0,1
60.848098006,0,0
60.848139116,0,1
60.848180720,0,0
60.848221832,0,1
60.848245060,1,1
60.848264420,1,0
60.848305530,1,1
60.848348132,1,0
60.848389258,1,1
60.848431864,1,0
60.848472986,1,1
60.848515588,1,0
60.848559180,1,1
60.848601784,1,0
60.848639954,1,1
60.848682558,1,0
60.848727132,1,1
60.852357696,0,1
60.852369498,0,0
60.852412104,0,1
60.852453728,0,0
60.852494856,0,1
60.852494858,0,0
60.852494862,0,1
60.852536478,0,0
60.852577608,0,1
60.852600852,1,1
60.852620218,1,0
60.852661342,1,1
60.852682792,0,1
60.852702968,0,0
60.852744096,0,1
60.852767334,1,1
60.852786696,1,0
60.852827814,1,1
60.852870424,1,0
60.852911548,1,1
60.852932998,0,1
60.852953176,0,0
60.852994308,0,1
60.853035930,0,0
60.853079518,0,1
60.853121140,0,0
60.853159314,0,1
60.853182552,1,1
60.853201918,1,0
60.853246492,1,1
60.861020076,1,0
60.861958638,1,1
60.922065784,0,1
60.922077586,0,0
60.922120192,0,1
60.922161808,0,0
60.922202938,0,1
60.922226180,1,1
60.922245540,1,0
60.922286662,1,1
60.922308108,0,1
60.922328282,0,0
60.922369414,0,1
60.922411028,0,0
60.922452152,0,1
60.922493774,0,0
60.922534898,0,1
60.922576518,0,0
60.922617648,0,1
60.922640882,1,1
60.922660242,1,0
60.922701362,1,1
60.922722810,0,1
60.922742986,0,0
60.922786580,0,1
60.922809816,1,1
60.922829180,1,0
60.922867352,1,1
60.922909956,1,0
60.922954522,1,1
60.922973460,1,0
60.925958110,1,1
60.941408892,0,1
60.941420702,0,0
60.941463344,0,1
60.941486602,1,1
60.941505980,1,0
60.941547138,1,1
60.941589782,1,0
60.941630946,1,1
60.941652410,0,1
60.941672602,0,0
60.941713760,0,1
60.941737022,1,1
60.941756402,1,0
60.941797562,1,1
60.941840204,1,0
60.941881372,1,1
60.941924022,1,0
60.941965184,1,1
60.941986652,0,1
60.942006848,0,0
60.942048016,0,1
60.942089672,0,0
60.942133308,0,1
60.942174962,0,0
60.942213168,0,1
60.942236428,1,1
60.942255808,1,0
60.942300418,1,1
60.942319354,1,0
60.949958386,1,1
61.007799830,0,1
61.007811638,0,0
61.007854266,0,1
61.007895912,0,0
61.007937066,0,1
61.007978714,0,0
61.008019868,0,1
61.008061516,0,0
61.008102666,0,1
61.008144306,0,0
61.008185460,0,1
61.008208714,1,1
61.008228086,1,0
61.008269234,1,1
61.008311860,1,0
61.008353004,1,1
61.008395634,1,0
61.008436784,1,1
61.008479414,1,0
61.008523024,1,1
61.008565656,1,0
61.008603854,1,1
61.008646486,1,0
61.008691084,1,1
61.012320294,0,1
61.012332104,0,0
61.012374740,0,1
61.012397998,1,1
61.012417378,1,0
61.012458538,1,1
61.012501176,1,0
61.012542334,1,1
61.012563798,0,1
61.012583990,0,0
61.012625150,0,1
61.012648408,1,1
61.012667784,1,0
61.012708938,1,1
61.012751572,1,0
61.012792726,1,1
61.012835362,1,0
61.012876518,1,1
61.012897982,0,1
61.012918174,0,0
61.012959332,0,1
61.013000978,0,0
61.013044608,0,1
61.013086256,0,0
61.013124460,0,1
61.013147722,1,1
61.013167098,1,0
61.013211702,1,1
61.013211706,1,0
61.013211710,1,1
61.021307900,1,0
61.021957578,1,1
61.022586010,0,1
61.022597826,0,0
61.022640468,0,1
61.022682118,0,0
61.022723284,0,1
61.022764942,0,0
61.022806106,0,1
61.022847764,0,0
61.022888932,0,1
61.022930588,0,0
61.022971754,0,1
61.022995014,1,1
61.023014392,1,0
61.023055550,1,1
61.023098190,1,0
61.023139348,1,1
61.023181990,1,0
61.023223150,1,1
61.023265794,1,0
61.023309424,1,1
61.023352066,1,0
61.023390270,1,1
61.023432916,1,0
61.023477522,1,1
61.027114020,0,1
61.027125832,0,0
61.027168476,0,1
61.027210132,0,0
61.027251298,0,1
61.027274558,1,1
61.027293938,1,0
61.027335106,1,1
61.027356572,0,1
61.027376766,0,0
61.027417936,0,1
61.027459596,0,0
61.027500766,0,1
61.027542424,0,0
61.027583594,0,1
61.027625248,0,0
61.027666412,0,1
61.027689672,1,1
61.027709052,1,0
61.027750218,1,1
61.027771682,0,1
61.027791876,0,0
61.027835506,0,1
61.027858770,1,1
61.027878150,1,0
61.027916352,1,1
61.027958990,1,0
61.028003600,1,1
61.035697050,1,0
61.037958772,1,1
61.086551590,0,1
61.086563390,0,0
61.086605980,0,1
61.086629210,1,1
61.086648564,1,0
61.086689672,1,1
61.086732262,1,0
61.086773368,1,1
61.086794806,0,1
61.086814974,0,0
61.086856084,0,1
61.086879312,1,1
61.086898666,1,0
61.086939772,1,1
61.086961214,0,1
61.086981382,0,0
61.087022492,0,1
61.087064100,0,0
61.087105212,0,1
61.087128442,1,1
61.087147798,1,0
61.087188898,1,1
61.087210338,0,1
61.087230508,0,0
61.087274078,0,1
61.087297308,1,1
61.087316666,1,0
61.087354824,1,1
61.087397412,1,0
61.087441964,1,1
61.087460676,1,0
61.093959524,1,1
61.138067714,0,1
61.138079512,0,0
61.138122096,0,1
61.138145322,1,1
61.138164674,1,0
61.138205780,1,1
61.138248368,1,0
61.138289466,1,1
61.138310906,0,1
61.138331070,0,0
61.138372176,0,1
61.138413778,0,0
61.138454886,0,1
61.138478116,1,1
61.138497472,1,0
61.138538584,1,1
61.138581176,1,0
61.138622284,1,1
61.138643724,0,1
61.138663890,0,0
61.138704998,0,1
61.138746600,0,0
61.138790168,0,1
61.138813398,1,1
61.138832750,1,0
61.138870904,1,1
61.138913488,1,0
61.138958036,1,1
61.138976392,1,0
61.141959192,1,1
61.142591026,0,1
61.142602824,0,0
61.142645414,0,1
61.142687020,0,0
61.142728132,0,1
61.142751362,1,1
61.142770718,1,0
61.142811826,1,1
61.142833268,0,1
61.142853436,0,0
61.142894546,0,1
61.142936154,0,0
61.142977266,0,1
61.143018868,0,0
61.143059982,0,1
61.143101586,0,0
61.143142694,0,1
61.143165926,1,1
61.143185282,1,0
61.143226390,1,1
61.143247832,0,1
61.143268000,0,0
61.143311574,0,1
61.143334806,1,1
61.143354162,1,0
61.143392318,1,1
61.143434908,1,0
61.143479462,1,1
61.143496806,1,0
61.149958386,1,1
61.162251804,0,1
61.162263600,0,0
61.162306180,0,1
61.162347780,0,0
61.162388888,0,1
61.162430490,0,0
61.162471604,0,1
61.162513210,0,0
61.162554326,0,1
61.162595934,0,0
61.162637048,0,1
61.162660278,1,1
61.162679634,1,0
61.162720744,1,1
61.162763332,1,0
61.162804436,1,1
61.162847028,1,0
61.162888138,1,1
61.162930724,1,0
61.162974290,1,1
61.163016876,1,0
61.163055028,1,1
61.163097612,1,0
61.163142164,1,1
61.166774158,0,1
61.166785956,0,0
61.166828546,0,1
61.166870148,0,0
61.166911262,0,1
61.166934496,1,1
61.166953852,1,0
61.166994958,1,1
61.167016400,0,1
61.167036570,0,0
61.167077682,0,1
61.167119286,0,0
61.167160398,0,1
61.167202004,0,0
61.167243116,0,1
61.167284720,0,0
61.167325834,0,1
61.167349062,1,1
61.167368418,1,0
61.167409526,1,1
61.167430968,0,1
61.167451138,0,0
61.167494710,0,1
61.167494714,0,0
61.167494716,0,1
61.167517940,1,1
61.167537300,1,0
61.167575452,1,1
61.167618044,1,0
61.167662600,1,1
61.174354908,0,1
61.174366706,0,0
61.174409290,0,1
61.174450892,0,0
61.174492002,0,1
61.174533608,0,0
61.174574720,0,1
61.174616322,0,0
61.174657430,0,1
61.174699034,0,0
61.174740140,0,1
61.174763370,1,1
61.174782726,1,0
61.174823828,1,1
61.174866414,1,0
61.174907520,1,1
61.174950106,1,0
61.174991212,1,1
61.175033798,1,0
61.175077364,1,1
61.175119952,1,0
61.175158104,1,1
61.175200694,1,0
61.175245246,1,1
61.178873212,0,1
61.178885012,0,0
61.178927594,0,1
61.178950828,1,1
61.178970182,1,0
61.179011288,1,1
61.179053872,1,0
61.179094974,1,1
61.179094980,1,0
61.179094984,1,1
61.179116416,0,1
61.179136582,0,0
61.179177686,0,1
61.179219284,0,0
61.179260388,0,1
61.179283614,1,1
61.179302966,1,0
61.179344068,1,1
61.179386654,1,0
61.179427760,1,1
61.179449200,0,1
61.179469372,0,0
61.179510484,0,1
61.179552096,0,0
61.179595670,0,1
61.179618902,1,1
61.179638256,1,0
61.179676410,1,1
61.179718998,1,0
61.179763552,1,1
61.187696500,1,0
61.189957864,1,1
61.192213852,0,1
61.192225650,0,0
61.192268234,0,1
61.192309838,0,0
61.192350948,0,1
61.192392552,0,0
61.192433670,0,1
61.192475284,0,0
61.192516402,0,1
61.192558012,0,0
61.192599128,0,1
61.192622362,1,1
61.192641718,1,0
61.192682828,1,1
61.192725418,1,0
61.192766532,1,1
61.192809120,1,0
61.192850228,1,1
61.192892822,1,0
61.192936388,1,1
61.192978980,1,0
61.193017136,1,1
61.193059724,1,0
61.193104274,1,1
61.196732318,0,1
61.196744118,0,0
61.196786704,0,1
61.196809936,1,1
61.196829290,1,0
61.196870392,1,1
61.196912984,1,0
61.196954090,1,1
61.196975530,0,1
61.196995696,0,0
61.197036806,0,1
61.197060036,1,1
61.197079392,1,0
61.197120500,1,1
61.197141936,0,1
61.197162102,0,0
61.197203214,0,1
61.197244816,0,0
61.197285930,0,1
61.197309158,1,1
61.197328516,1,0
61.197369622,1,1
61.197391062,0,1
61.197411228,0,0
61.197454802,0,1
61.197478030,1,1
61.197497388,1,0
61.197535546,1,1
61.197578136,1,0
61.197622684,1,1
61.205156532,1,0
61.205959480,1,1
61.215778602,0,1
61.215790398,0,0
61.215832980,0,1
61.215856210,1,1
61.215875566,1,0
61.215916670,1,1
61.215959260,1,0
61.216000364,1,1
61.216021802,0,1
61.216041972,0,0
61.216083086,0,1
61.216106316,1,1
61.216125672,1,0
61.216166776,1,1
61.216166780,1,0
61.216166782,1,1
61.216188222,0,1
61.216208394,0,0
61.216249506,0,1
61.216291112,0,0
61.216332224,0,1
61.216355458,1,1
61.216374812,1,0
61.216415918,1,1
61.216437358,0,1
61.216457528,0,0
61.216501102,0,1
61.216524332,1,1
61.216543690,1,0
61.216581848,1,1
61.216624440,1,0
61.216668990,1,1
61.216686318,1,0
61.221958584,1,1
61.357747002,0,1
61.357758800,0,0
61.357801380,0,1
61.357842978,0,0
61.357884094,0,1
61.357925704,0,0
61.357966820,0,1
61.358008426,0,0
61.358049536,0,1
61.358091134,0,0
61.358132234,0,1
61.358155458,1,1
61.358174806,1,0
61.358215894,1,1
61.358258464,1,0
61.358299554,1,1
61.358342124,1,0
61.358383210,1,1
61.358425780,1,0
61.358469324,1,1
61.358511892,1,0
61.358550038,1,1
61.358592612,1,0
61.358637140,1,1
61.362264236,0,1
61.362276034,0,0
61.362318620,0,1
61.362341854,1,1
61.362361208,1,0
61.362402314,1,1
61.362444898,1,0
61.362486000,1,1
61.362507440,0,1
61.362527608,0,0
61.362568720,0,1
61.362591952,1,1
61.362611308,1,0
61.362652420,1,1
61.362673856,0,1
61.362694022,0,0
61.362735128,0,1
61.362776732,0,0
61.362817838,0,1
61.362841064,1,1
61.362860420,1,0
61.362901522,1,1
61.362922960,0,1
61.362943124,0,0
61.362986694,0,1
61.363009926,1,1
61.363029280,1,0
61.363067432,1,1
61.363110026,1,0
61.363154586,1,1
61.370557314,1,0
61.373957750,1,1
61.421276562,0,1
61.421288358,0,0
61.421330934,0,1
61.421372532,0,0
61.421413632,0,1
61.421436856,1,1
61.421456214,1,0
61.421497318,1,1
61.421539910,1,0
61.421581016,1,1
61.421623604,1,0
61.421664708,1,1
61.421707294,1,0
61.421748396,1,1
61.421790984,1,0
61.421832084,1,1
61.421853522,0,1
61.421873694,0,0
61.421914804,0,1
61.421914810,0,0
61.421914812,0,1
61.421956416,0,0
61.421999994,0,1
61.422041596,0,0
61.422079752,0,1
61.422102984,1,1
61.422122342,1,0
61.422166890,1,1
61.422166896,1,0
61.422166898,1,1
61.422185456,1,0
61.429951878,1,1
61.533489354,0,1
61.533501152,0,0
61.533543740,0,1
61.533585340,0,0
61.533626444,0,1
61.533668046,0,0
61.533709154,0,1
61.533750752,0,0
61.533791866,0,1
61.533833472,0,0
61.533874588,0,1
61.533897826,1,1
61.533917184,1,0
61.533958298,1,1
61.534000884,1,0
61.534041990,1,1
61.534084576,1,0
61.534125678,1,1
61.534168264,1,0
61.534211830,1,1
61.534254414,1,0
61.534292564,1,1
61.534335150,1,0
61.534379698,1,1
61.538004506,0,1
61.538016302,0,0
61.538058874,0,1
61.538100474,0,0
61.538141578,0,1
61.538164802,1,1
61.538184154,1,0
61.538225252,1,1
61.538267836,1,0
61.538308936,1,1
61.538351518,1,0
61.538392620,1,1
61.538435202,1,0
61.538476300,1,1
61.538518886,1,0
61.538559994,1,1
61.538581432,0,1
61.538601598,0,0
61.538642710,0,1
61.538684312,0,0
61.538727880,0,1
61.538769484,0,0
61.538807638,0,1
61.538830864,1,1
61.538850216,1,0
61.538894766,1,1
61.546212804,1,0
61.549959214,1,1
61.613002596,0,1
61.613014392,0,0
61.613056968,0,1
61.613080194,1,1
61.613099546,1,0
61.613140646,1,1
61.613162080,0,1
61.613182244,0,0
61.613223350,0,1
61.613246578,1,1
61.613265932,1,0
61.613307030,1,1
61.613349612,1,0
61.613390716,1,1
61.613433298,1,0
61.613474398,1,1
61.613516982,1,0
61.613558086,1,1
61.613579524,0,1
61.613599692,0,0
61.613640796,0,1
61.613682396,0,0
61.613725964,0,1
61.613767564,0,0
61.613805714,0,1
61.613828940,1,1
61.613848294,1,0
61.613892846,1,1
61.613910874,1,0
61.621963434,1,1
61.651273460,0,1
61.651285258,0,0
61.651327838,0,1
61.651369436,0,0
61.651410546,0,1
61.651452144,0,0
61.651493256,0,1
61.651516486,1,1
61.651535846,1,0
61.651576954,1,1
61.651619544,1,0
61.651660652,1,1
61.651682092,0,1
61.651702260,0,0
61.651743370,0,1
61.651766598,1,1
61.651785952,1,0
61.651827058,1,1
61.651848498,0,1
61.651868668,0,0
61.651909780,0,1
61.651951382,0,0
61.651994952,0,1
61.652036556,0,0
61.652074710,0,1
61.652097942,1,1
61.652117298,1,0
61.652161848,1,1
61.652179912,1,0
61.653963452,1,1
61.693690922,0,1
61.693702720,0,0
61.693745300,0,1
61.693786898,0,0
61.693828008,0,1
61.693869614,0,0
61.693910730,0,1
61.693952342,0,0
61.693993452,0,1
61.694035056,0,0
61.694076162,0,1
61.694099394,1,1
61.694118746,1,0
61.694159852,1,1
61.694202436,1,0
61.694243538,1,1
61.694286124,1,0
61.694327230,1,1
61.694369818,1,0
61.694413384,1,1
61.694455966,1,0
61.694494120,1,1
61.694536712,1,0
61.694581270,1,1
61.698210210,0,1
61.698222006,0,0
61.698264590,0,1
61.698306192,0,0
61.698347300,0,1
61.698388902,0,0
61.698430012,0,1
61.698453240,1,1
61.698472594,1,0
61.698513694,1,1
61.698556294,1,0
61.698597422,1,1
61.698618868,0,1
61.698639048,0,0
61.698680182,0,1
61.698703424,1,1
61.698722790,1,0
61.698763918,1,1
61.698785366,0,1
61.698805544,0,0
61.698846672,0,1
61.698888298,0,0
61.698931900,0,1
61.698973532,0,0
61.699011710,0,1
61.699034946,1,1
61.699054304,1,0
61.699098864,1,1
61.706437698,1,0
61.709956504,1,1
61.726484904,0,1
61.726496702,0,0
61.726539288,0,1
61.726580894,0,0
61.726622004,0,1
61.726663606,0,0
61.726704716,0,1
61.726746320,0,0
61.726787428,0,1
61.726829032,0,0
61.726870142,0,1
61.726893372,1,1
61.726912728,1,0
61.726953832,1,1
61.726996420,1,0
61.727037524,1,1
61.727080106,1,0
61.727121206,1,1
61.727121210,1,0
61.727121214,1,1
61.727163794,1,0
61.727207356,1,1
61.727249944,1,0
61.727288098,1,1
61.727330688,1,0
61.727375244,1,1
61.731000178,0,1
61.731011974,0,0
61.731054558,0,1
61.731077792,1,1
61.731097152,1,0
61.731138260,1,1
61.731159698,0,1
61.731179866,0,0
61.731220976,0,1
61.731244200,1,1
61.731263554,1,0
61.731304654,1,1
61.731347240,1,0
61.731388338,1,1
61.731430926,1,0
61.731472028,1,1
61.731514612,1,0
61.731555718,1,1
61.731577158,0,1
61.731597326,0,0
61.731638432,0,1
61.731680038,0,0
61.731723610,0,1
61.731765214,0,0
61.731803368,0,1
61.731826598,1,1
61.731845956,1,0
61.731890510,1,1
61.739304148,1,0
61.741957586,1,1
61.760703174,0,1
61.760714970,0,0
61.760757552,0,1
61.760780784,1,1
61.760800136,1,0
61.760841244,1,1
61.760862686,0,1
61.760882850,0,0
61.760923960,0,1
61.760947190,1,1
61.760966544,1,0
61.761007646,1,1
61.761050236,1,0
61.761091338,1,1
61.761091342,1,0
61.761091344,1,1
61.761133928,1,0
61.761175034,1,1
61.761217620,1,0
61.761258722,1,1
61.761280160,0,1
61.761300326,0,0
61.761341436,0,1
61.761383040,0,0
61.761426614,0,1
61.761468226,0,0
61.761506394,0,1
61.761529630,1,1
61.761548990,1,0
61.761593554,1,1
61.761611916,1,0
61.765956710,1,1
61.856688668,0,1
61.856700464,0,0
61.856743046,0,1
61.856784646,0,0
61.856825752,0,1
61.856867356,0,0
61.856908464,0,1
61.856950064,0,0
61.856991172,0,1
61.857032774,0,0
61.857073884,0,1
61.857097112,1,1
61.857116466,1,0
61.857157570,1,1
61.857200158,1,0
61.857241260,1,1
61.857283844,1,0
61.857324946,1,1
61.857367530,1,0
61.857411094,1,1
61.857453682,1,0
61.857491832,1,1
61.857534422,1,0
61.857578972,1,1
61.861203930,0,1
61.861215728,0,0
61.861258308,0,1
61.861281534,1,1
61.861300888,1,0
61.861341998,1,1
61.861363436,0,1
61.861383602,0,0
61.861424710,0,1
61.861447940,1,1
61.861467294,1,0
61.861508400,1,1
61.861550988,1,0
61.861592090,1,1
61.861634680,1,0
61.861675782,1,1
61.861718362,1,0
61.861759462,1,1
61.861780898,0,1
61.861801064,0,0
61.861842172,0,1
61.861883780,0,0
61.861927354,0,1
61.861968962,0,0
61.862007118,0,1
61.862030352,1,1
61.862049708,1,0
61.862094260,1,1
61.869757642,1,0
61.869956892,1,1
61.925856472,0,1
61.925868270,0,0
61.925910862,0,1
61.925934092,1,1
61.925953452,1,0
61.925994560,1,1
61.926016000,0,1
61.926036168,0,0
61.926077280,0,1
61.926100508,1,1
61.926119862,1,0
61.926160966,1,1
61.926182404,0,1
61.926202572,0,0
61.926243680,0,1
61.926266908,1,1
61.926286260,1,0
61.926327362,1,1
61.926369948,1,0
61.926411050,1,1
61.926432490,0,1
61.926452656,0,0
61.926493766,0,1
61.926535372,0,0
61.926578944,0,1
61.926602170,1,1
61.926621526,1,0
61.926659678,1,1
61.926702262,1,0
61.926746810,1,1
61.926763900,1,0
61.933956472,1,1
61.936845362,0,1
61.936857158,0,0
61.936899742,0,1
61.936922974,1,1
61.936942330,1,0
61.936983436,1,1
61.937026024,1,0
61.937067128,1,1
61.937088566,0,1
61.937108734,0,0
61.937149840,0,1
61.937191442,0,0
61.937232556,0,1
61.937274160,0,0
61.937315270,0,1
61.937356872,0,0
61.937397986,0,1
61.937421214,1,1
61.937440568,1,0
61.937481676,1,1
61.937503114,0,1
61.937523282,0,0
61.937566856,0,1
61.937608460,0,0
61.937646616,0,1
61.937669846,1,1
61.937689198,1,0
61.937733746,1,1
61.937751560,1,0
61.941957110,1,1
61.956500020,0,1
61.956511820,0,0
61.956554410,0,1
61.956596012,0,0
61.956637124,0,1
61.956678726,0,0
61.956719836,0,1
61.956743068,1,1
61.956762426,1,0
61.956803532,1,1
61.956846120,1,0
61.956887224,1,1
61.956908664,0,1
61.956928830,0,0
61.956969936,0,1
61.956993164,1,1
61.957012520,1,0
61.957053630,1,1
61.957075070,0,1
61.957095238,0,0
61.957136352,0,1
61.957177960,0,0
61.957221530,0,1
61.957263134,0,0
61.957301288,0,1
61.957324520,1,1
61.957343874,1,0
61.957388426,1,1
61.957407286,1,0
61.957963122,1,1
61.998348714,0,1
61.998360510,0,0
61.998403092,0,1
61.998444690,0,0
61.998485796,0,1
61.998527398,0,0
61.998568510,0,1
61.998610114,0,0
61.998651218,0,1
61.998692822,0,0
61.998733928,0,1
61.998757160,1,1
61.998776512,1,0
61.998817620,1,1
61.998860210,1,0
61.998901310,1,1
61.998943894,1,0
61.998984996,1,1
61.999027580,1,0
61.999071144,1,1
61.999113734,1,0
61.999151886,1,1
61.999194472,1,0
61.999239028,1,1
62.002868316,0,1
62.002880116,0,0
62.002922696,0,1
62.002964294,0,0
62.003005402,0,1
62.003047004,0,0
62.003088110,0,1
62.003111340,1,1
62.003130696,1,0
62.003171800,1,1
62.003214384,1,0
62.003255484,1,1
62.003276922,0,1
62.003297088,0,0
62.003338196,0,1
62.003361426,1,1
62.003380782,1,0
62.003421888,1,1
62.003443328,0,1
62.003463496,0,0
62.003504600,0,1
62.003546208,0,0
62.003589784,0,1
62.003631386,0,0
62.003669544,0,1
62.003692778,1,1
62.003712132,1,0
62.003756686,1,1
62.011482680,1,0
62.013956796,1,1
62.018494152,0,1
62.018505948,0,0
62.018548532,0,1
62.018590136,0,0
62.018631242,0,1
62.018672840,0,0
62.018713944,0,1
62.018755546,0,0
62.018796652,0,1
62.018838256,0,0
62.018879364,0,1
62.018902592,1,1
62.018921946,1,0
62.018963048,1,1
62.019005634,1,0
62.019046740,1,1
62.019089326,1,0
62.019130432,1,1
62.019173016,1,0
62.019216582,1,1
62.019259170,1,0
62.019297322,1,1
62.019339910,1,0
62.019384460,1,1
62.023012236,0,1
62.023024032,0,0
62.023066608,0,1
62.023066610,0,0
62.023066614,0,1
62.023089840,1,1
62.023109192,1,0
62.023150292,1,1
62.023171730,0,1
62.023191896,0,0
62.023233004,0,1
62.023256230,1,1
62.023275582,1,0
62.023316682,1,1
62.023338120,0,1
62.023358286,0,0
62.023399388,0,1
62.023422610,1,1
62.023441962,1,0
62.023483058,1,1
62.023525638,1,0
62.023566738,1,1
62.023588176,0,1
62.023608342,0,0
62.023649450,0,1
62.023691050,0,0
62.023734622,0,1
62.023757850,1,1
62.023777206,1,0
62.023815352,1,1
62.023857940,1,0
62.023902490,1,1
62.027530374,0,1
62.027542174,0,0
62.027584762,0,1
62.027626368,0,0
62.027667484,0,1
62.027709088,0,0
62.027750204,0,1
62.027791814,0,0
62.027832934,0,1
62.027874542,0,0
62.027915654,0,1
62.027938886,1,1
62.027958242,1,0
62.027999348,1,1
62.028041932,1,0
62.028083036,1,1
62.028125630,1,0
62.028166738,1,1
62.028209332,1,0
62.028252906,1,1
62.028295494,1,0
62.028333646,1,1
62.028376232,1,0
62.028420780,1,1
62.032049700,0,1
62.032061496,0,0
62.032104082,0,1
62.032127312,1,1
62.032146668,1,0
62.032187774,1,1
62.032230364,1,0
62.032271472,1,1
62.032292912,0,1
62.032313080,0,0
62.032354186,0,1
62.032395794,0,0
62.032436902,0,1
62.032478500,0,0
62.032519606,0,1
62.032561214,0,0
62.032602324,0,1
62.032625554,1,1
62.032644912,1,0
62.032686024,1,1
62.032707462,0,1
62.032727632,0,0
62.032771206,0,1
62.032812808,0,0
62.032850962,0,1
62.032874192,1,1
62.032893550,1,0
62.032938106,1,1
62.040236068,1,0
62.045957786,1,1
62.083070680,0,1
62.083082476,0,0
62.083125058,0,1
62.083148288,1,1
62.083167640,1,0
62.083208738,1,1
62.083230178,0,1
62.083250344,0,0
62.083291448,0,1
62.083314676,1,1
62.083334028,1,0
62.083375132,1,1
62.083396570,0,1
62.083416738,0,0
62.083457844,0,1
62.083481072,1,1
62.083500426,1,0
62.083541532,1,1
62.083584112,1,0
62.083625216,1,1
62.083646652,0,1
62.083666820,0,0
62.083707924,0,1
62.083749528,0,0
62.083793096,0,1
62.083816320,1,1
62.083835674,1,0
62.083873822,1,1
62.083916412,1,0
62.083960962,1,1
62.083979558,1,0
62.085956894,1,1
62.110392754,0,1
62.110404550,0,0
62.110447136,0,1
62.110470366,1,1
62.110489724,1,0
62.110530836,1,1
62.110573428,1,0
62.110614540,1,1
62.110635980,0,1
62.110656150,0,0
62.110697264,0,1
62.110738868,0,0
62.110779982,0,1
62.110803214,1,1
62.110822570,1,0
62.110863680,1,1
62.110906272,1,0
62.110947380,1,1
62.110968822,0,1
62.110988990,0,0
62.111030102,0,1
62.111071712,0,0
62.111115286,0,1
62.111138518,1,1
62.111157876,1,0
62.111196032,1,1
62.111238616,1,0
62.111283166,1,1
62.111300700,1,0
62.117957064,1,1
62.121309942,0,1
62.121321742,0,0
62.121364324,0,1
62.121405928,0,0
62.121447040,0,1
62.121488648,0,0
62.121529762,0,1
62.121552996,1,1
62.121572354,1,0
62.121613460,1,1
62.121634904,0,1
62.121655074,0,0
62.121696182,0,1
62.121719416,1,1
62.121738770,1,0
62.121779884,1,1
62.121822474,1,0
62.121863586,1,1
62.121885028,0,1
62.121905200,0,0
62.121946314,0,1
62.121987920,0,0
62.122031498,0,1
62.122073106,0,0
62.122111266,0,1
62.122134496,1,1
62.122153852,1,0
62.122198408,1,1
62.122216282,1,0
62.125955858,1,1
62.159936140,0,1
62.159947938,0,0
62.159990524,0,1
62.160032124,0,0
62.160073236,0,1
62.160114836,0,0
62.160155946,0,1
62.160197552,0,0
62.160238662,0,1
62.160280260,0,0
62.160321370,0,1
62.160344602,1,1
62.160363956,1,0
62.160405058,1,1
62.160447650,1,0
62.160488752,1,1
62.160531342,1,0
62.160572448,1,1
62.160615034,1,0
62.160658600,1,1
62.160701184,1,0
62.160739338,1,1
62.160781922,1,0
62.160826470,1,1
62.164455292,0,1
62.164467088,0,0
62.164509672,0,1
62.164551278,0,0
62.164592390,0,1
62.164633998,0,0
62.164675108,0,1
62.164698340,1,1
62.164717696,1,0
62.164758806,1,1
62.164780246,0,1
62.164800414,0,0
62.164841524,0,1
62.164864752,1,1
62.164884108,1,0
62.164925214,1,1
62.164967798,1,0
62.165008898,1,1
62.165030338,0,1
62.165050506,0,0
62.165091614,0,1
62.165133216,0,0
62.165176790,0,1
62.165218394,0,0
62.165256544,0,1
62.165279776,1,1
62.165299132,1,0
62.165343686,1,1
62.172703728,1,0
62.173956976,1,1
62.177010548,0,1
62.177022346,0,0
62.177064930,0,1
62.177106534,0,0
62.177147642,0,1
62.177189244,0,0
62.177230356,0,1
62.177271960,0,0
62.177313054,0,1
62.177354650,0,0
62.177395750,0,1
62.177418968,1,1
62.177438316,1,0
62.177479408,1,1
62.177521978,1,0
62.177563070,1,1
62.177605642,1,0
62.177646728,1,1
62.177689300,1,0
62.177732852,1,1
62.177775424,1,0
62.177813556,1,1
62.177856132,1,0
62.177900666,1,1
62.181527970,0,1
62.181539772,0,0
62.181582366,0,1
62.181605596,1,1
62.181624954,1,0
62.181666064,1,1
62.181708658,1,0
62.181749766,1,1
62.181771206,0,1
62.181791376,0,0
62.181832492,0,1
62.181874102,0,0
62.181915222,0,1
62.181938456,1,1
62.181957814,1,0
62.181998928,1,1
62.182041516,1,0
62.182082628,1,1
62.182104070,0,1
62.182124240,0,0
62.182165352,0,1
62.182206962,0,0
62.182250540,0,1
62.182273770,1,1
62.182293124,1,0
62.182331280,1,1
62.182373872,1,0
62.182418426,1,1
62.190163364,1,0
62.197956426,1,1
62.200020472,0,1
62.200032270,0,0
62.200074856,0,1
62.200116454,0,0
62.200157564,0,1
62.200199166,0,0
62.200240274,0,1
62.200281878,0,0
62.200322992,0,1
62.200364592,0,0
62.200405704,0,1
62.200428934,1,1
62.200448290,1,0
62.200489396,1,1
62.200531986,1,0
62.200573092,1,1
62.200615682,1,0
62.200656790,1,1
62.200699376,1,0
62.200742944,1,1
62.200785532,1,0
62.200823684,1,1
62.200866270,1,0
62.200910820,1,1
62.204538684,0,1
62.204550482,0,0
62.204593066,0,1
62.204616294,1,1
62.204635650,1,0
62.204676758,1,1
62.204698196,0,1
62.204718364,0,0
62.204759476,0,1
62.204782708,1,1
62.204802062,1,0
62.204843170,1,1
62.204864608,0,1
62.204884778,0,0
62.204925888,0,1
62.204949116,1,1
62.204968470,1,0
62.205009578,1,1
62.205052166,1,0
62.205093266,1,1
62.205114704,0,1
62.205134872,0,0
62.205175980,0,1
62.205217580,0,0
62.205261152,0,1
62.205284384,1,1
62.205303738,1,0
62.205341888,1,1
62.205384476,1,0
62.205429032,1,1
62.212751134,1,0
62.213957388,1,1
62.293570286,0,1
62.293582084,0,0
62.293624666,0,1
62.293666268,0,0
62.293707374,0,1
62.293748970,0,0
62.293790078,0,1
62.293813302,1,1
62.293832656,1,0
62.293873764,1,1
62.293895206,0,1
62.293915376,0,0
62.293956492,0,1
62.293979724,1,1
62.293999082,1,0
62.294040188,1,1
62.294082776,1,0
62.294123880,1,1
62.294123884,1,0
62.294123888,1,1
62.294145324,0,1
62.294165492,0,0
62.294206602,0,1
62.294248206,0,0
62.294291776,0,1
62.294333378,0,0
62.294371532,0,1
62.294394762,1,1
62.294414118,1,0
62.294458672,1,1
62.294476112,1,0
62.301957220,1,1
62.304475796,0,1
62.304487596,0,0
62.304530184,0,1
62.304553416,1,1
62.304572770,1,0
62.304613878,1,1
62.304656468,1,0
62.304697570,1,1
62.304719008,0,1
62.304739178,0,0
62.304780294,0,1
62.304821900,0,0
62.304863026,0,1
62.304886264,1,1
62.304905626,1,0
62.304946750,1,1
62.304989352,1,0
62.305030478,1,1
62.305051924,0,1
62.305072096,0,0
62.305113212,0,1
62.305154822,0,0
62.305198400,0,1
62.305221630,1,1
62.305240984,1,0
62.305279140,1,1
62.305321726,1,0
62.305366274,1,1
62.305366280,1,0
62.305366282,1,1
62.305384626,1,0
62.309956376,1,1
62.327450074,0,1
62.327461874,0,0
62.327504456,0,1
62.327546066,0,0
62.327587178,0,1
62.327628786,0,0
62.327669900,0,1
62.327711504,0,0
62.327752616,0,1
62.327794226,0,0
62.327835342,0,1
62.327858578,1,1
62.327877934,1,0
62.327919040,1,1
62.327961636,1,0
62.328002746,1,1
62.328045336,1,0
62.328086448,1,1
62.328129040,1,0
62.328172608,1,1
62.328215202,1,0
62.328253358,1,1
62.328295948,1,0
62.328340508,1,1
62.331969468,0,1
62.331981266,0,0
62.332023848,0,1
62.332065452,0,0
62.332106562,0,1
62.332148164,0,0
62.332189276,0,1
62.332212504,1,1
62.332231856,1,0
62.332272962,1,1
62.332294402,0,1
62.332314570,0,0
62.332355680,0,1
62.332378906,1,1
62.332398262,1,0
62.332439368,1,1
62.332481956,1,0
62.332523062,1,1
62.332544502,0,1
62.332564672,0,0
62.332605780,0,1
62.332647378,0,0
62.332690952,0,1
62.332732558,0,0
62.332770714,0,1
62.332793946,1,1
62.332813300,1,0
62.332857852,1,1
62.339655010,0,1
62.339666808,0,0
62.339709392,0,1
62.339750996,0,0
62.339792108,0,1
62.339833710,0,0
62.339874826,0,1
62.339916432,0,0
62.339957544,0,1
62.339999150,0,0
62.340040264,0,1
62.340063494,1,1
62.340082848,1,0
62.340123954,1,1
62.340166542,1,0
62.340207646,1,1
62.340250234,1,0
62.340291340,1,1
62.340333926,1,0
62.340377494,1,1
62.340420082,1,0
62.340458230,1,1
62.340500818,1,0
62.340545374,1,1
62.344173308,0,1
62.344185104,0,0
62.344227686,0,1
62.344250914,1,1
62.344270270,1,0
62.344311376,1,1
62.344353966,1,0
62.344395074,1,1
62.344416512,0,1
62.344436682,0,0
62.344477796,0,1
62.344519402,0,0
62.344560516,0,1
62.344583748,1,1
62.344603104,1,0
62.344644208,1,1
62.344686800,1,0
62.344727908,1,1
62.344749350,0,1
62.344769518,0,0
62.344810628,0,1
62.344852236,0,0
62.344895810,0,1
62.344919042,1,1
62.344938396,1,0
62.344976552,1,1
62.345019146,1,0
62.345063698,1,1
62.352435760,1,0
62.357957356,1,1
62.365883240,0,1
62.365895038,0,0
62.365937632,0,1
62.365960866,1,1
62.365980224,1,0
62.366021330,1,1
62.366063918,1,0
62.366105028,1,1
62.366126468,0,1
62.366146636,0,0
62.366187740,0,1
62.366210974,1,1
62.366230330,1,0
62.366271434,1,1
62.366314020,1,0
62.366355130,1,1
62.366397716,1,0
62.366438822,1,1
62.366460262,0,1
62.366480430,0,0
62.366521546,0,1
62.366563162,0,0
62.366606760,0,1
62.366648386,0,0
62.366686546,0,1
62.366709780,1,1
62.366729136,1,0
62.366773688,1,1
62.366791296,1,0
62.373956546,1,1
62.504259512,0,1
62.504271310,0,0
62.504313890,0,1
62.504355494,0,0
62.504396606,0,1
62.504438204,0,0
62.504479310,0,1
62.504502540,1,1
62.504521894,1,0
62.504562998,1,1
62.504605580,1,0
62.504646674,1,1
62.504668106,0,1
62.504688264,0,0
62.504729354,0,1
62.504752576,1,1
62.504771924,1,0
62.504813010,1,1
62.504834438,0,1
62.504854596,0,0
62.504895686,0,1
62.504937268,0,0
62.504980816,0,1
62.505022400,0,0
62.505060538,0,1
62.505083752,1,1
62.505103098,1,0
62.505147624,1,1
62.505165512,1,0
62.509956792,1,1
62.542628004,0,1
62.542639804,0,0
62.542682394,0,1
62.542723998,0,0
62.542765114,0,1
62.542806720,0,0
62.542847830,0,1
62.542889434,0,0
62.542930542,0,1
62.542972144,0,0
62.543013248,0,1
62.543036480,1,1
62.543055836,1,0
62.543096942,1,1
62.543139530,1,0
62.543180638,1,1
62.543223226,1,0
62.543264328,1,1
62.543306918,1,0
62.543350486,1,1
62.543393072,1,0
62.543431226,1,1
62.543473812,1,0
62.543518360,1,1
62.547143274,0,1
62.547155072,0,0
62.547197654,0,1
62.547220882,1,1
62.547240236,1,0
62.547281340,1,1
62.547323922,1,0
62.547365026,1,1
62.547386466,0,1
62.547406634,0,0
62.547447744,0,1
62.547470972,1,1
62.547490330,1,0
62.547531438,1,1
62.547574026,1,0
62.547615130,1,1
62.547657718,1,0
62.547698818,1,1
62.547720258,0,1
62.547740426,0,0
62.547781532,0,1
62.547823140,0,0
62.547866714,0,1
62.547908322,0,0
62.547946478,0,1
62.547969708,1,1
62.547989062,1,0
62.548033620,1,1
62.551661322,0,1
62.551673120,0,0
62.551715704,0,1
62.551738930,1,1
62.551758282,1,0
62.551799384,1,1
62.551820822,0,1
62.551840990,0,0
62.551882102,0,1
62.551905328,1,1
62.551924680,1,0
62.551965786,1,1
62.551987224,0,1
62.552007392,0,0
62.552048496,0,1
62.552071726,1,1
62.552091082,1,0
62.552132180,1,1
62.552132184,1,0
62.552132188,1,1
62.552174766,1,0
62.552215866,1,1
62.552237304,0,1
62.552257472,0,0
62.552298576,0,1
62.552340178,0,0
62.552383748,0,1
62.552406976,1,1
62.552426332,1,0
62.552464482,1,1
62.552507072,1,0
62.552551624,1,1
62.552570170,1,0
62.557956406,1,1
62.594242266,0,1
62.594254060,0,0
62.594296640,0,1
62.594338240,0,0
62.594379340,0,1
62.594379344,0,0
62.594379348,0,1
62.594420944,0,0
62.594462052,0,1
62.594503652,0,0
62.594544764,0,1
62.594586368,0,0
62.594627474,0,1
62.594650700,1,1
62.594670056,1,0
62.594711160,1,1
62.594753746,1,0
62.594794852,1,1
62.594837438,1,0
62.594878540,1,1
62.594921126,1,0
62.594964690,1,1
62.595007272,1,0
62.595045414,1,1
62.595088002,1,0
62.595132550,1,1
62.598760458,0,1
62.598772258,0,0
62.598814846,0,1
62.598838074,1,1
62.598857430,1,0
62.598898538,1,1
62.598919978,0,1
62.598940146,0,0
62.598981258,0,1
62.599004490,1,1
62.599023850,1,0
62.599064962,1,1
62.599086400,0,1
62.599106570,0,0
62.599147684,0,1
62.599170916,1,1
62.599190272,1,0
62.599231378,1,1
62.599273964,1,0
62.599315068,1,1
62.599336506,0,1
62.599356672,0,0
62.599397784,0,1
62.599439386,0,0
62.599482956,0,1
62.599506184,1,1
62.599525538,1,0
62.599563692,1,1
62.599606280,1,0
62.599650834,1,1
62.607139388,1,0
62.613949796,1,1
62.623526600,0,1
62.623538400,0,0
62.623580990,0,1
62.623622590,0,0
62.623663706,0,1
62.623705312,0,0
62.623746426,0,1
62.623769658,1,1
62.623789016,1,0
62.623830128,1,1
62.623872722,1,0
62.623913832,1,1
62.623956426,1,0
62.623997534,1,1
62.624040126,1,0
62.624081238,1,1
62.624102678,0,1
62.624122846,0,0
62.624163958,0,1
62.624205568,0,0
62.624249142,0,1
62.624272370,1,1
62.624291730,1,0
62.624329888,1,1
62.624372480,1,0
62.624417034,1,1
62.624435202,1,0
62.629956242,1,1
62.674203374,0,1
62.674215172,0,0
62.674257756,0,1
62.674299358,0,0
62.674340468,0,1
62.674382076,0,0
62.674423186,0,1
62.674464792,0,0
62.674505906,0,1
62.674547518,0,0
62.674588626,0,1
62.674611860,1,1
62.674631216,1,0
62.674672326,1,1
62.674714912,1,0
62.674756018,1,1
62.674798612,1,0
62.674839718,1,1
62.674882308,1,0
62.674925878,1,1
62.674968464,1,0
62.675006618,1,1
62.675049210,1,0
62.675093766,1,1
62.678722582,0,1
62.678734380,0,0
62.678776962,0,1
62.678818562,0,0
62.678859674,0,1
62.678901274,0,0
62.678942380,0,1
62.678965610,1,1
62.678984966,1,0
62.679026066,1,1
62.679068648,1,0
62.679109752,1,1
62.679131186,0,1
62.679151350,0,0
62.679192456,0,1
62.679215684,1,1
62.679235038,1,0
62.679276140,1,1
62.679297578,0,1
62.679317746,0,0
62.679358854,0,1
62.679400454,0,0
62.679444020,0,1
62.679485626,0,0
62.679523782,0,1
62.679547014,1,1
62.679566366,1,0
62.679610916,1,1
62.687241492,1,0
62.693956548,1,1
62.773624588,0,1
62.773636386,0,0
62.773678970,0,1
62.773720572,0,0
62.773761682,0,1
62.773803278,0,0
62.773844386,0,1
62.773886002,0,0
62.773927120,0,1
62.773968736,0,0
62.774009858,0,1
62.774033088,1,1
62.774052446,1,0
62.774093552,1,1
62.774136144,1,0
62.774177248,1,1
62.774219838,1,0
62.774260946,1,1
62.774303534,1,0
62.774347100,1,1
62.774389688,1,0
62.774427840,1,1
62.774470426,1,0
62.774514980,1,1
62.778142778,0,1
62.778154574,0,0
62.778197160,0,1
62.778238756,0,0
62.778279864,0,1
62.778321474,0,0
62.778362590,0,1
62.778385816,1,1
62.778405170,1,0
62.778446272,1,1
62.778488858,1,0
62.778529960,1,1
62.778572554,1,0
62.778613662,1,1
62.778656250,1,0
62.778697362,1,1
62.778718798,0,1
62.778738966,0,0
62.778780072,0,1
62.778821670,0,0
62.778865238,0,1
62.778888470,1,1
62.778907824,1,0
62.778945976,1,1
62.778988564,1,0
62.779033112,1,1
62.782660998,0,1
62.782672796,0,0
62.782715378,0,1
62.782738604,1,1
62.782757960,1,0
62.782799066,1,1
62.782820502,0,1
62.782840670,0,0
62.782881784,0,1
62.782905016,1,1
62.782924372,1,0
62.782965474,1,1
62.782965478,1,0
62.782965482,1,1
62.782986916,0,1
62.783007082,0,0
62.783048194,0,1
62.783071422,1,1
62.783090778,1,0
62.783131886,1,1
62.783174478,1,0
62.783215588,1,1
62.783237026,0,1
62.783257194,0,0
62.783298306,0,1
62.783339912,0,0
62.783383486,0,1
62.783406720,1,1
62.783426074,1,0
62.783464228,1,1
62.783506814,1,0
62.783551368,1,1
62.783569852,1,0
62.789955308,1,1
62.790890554,0,1
62.790902352,0,0
62.790944934,0,1
62.790986536,0,0
62.791027648,0,1
62.791069258,0,0
62.791110368,0,1
62.791133600,1,1
62.791152960,1,0
62.791194070,1,1
62.791236662,1,0
62.791277772,1,1
62.791299214,0,1
62.791319382,0,0
62.791360496,0,1
62.791383724,1,1
62.791403080,1,0
62.791444192,1,1
62.791465630,0,1
62.791485800,0,0
62.791526914,0,1
62.791568524,0,0
62.791612100,0,1
62.791653706,0,0
62.791691866,0,1
62.791715090,1,1
62.791734442,1,0
62.791778982,1,1
62.791796542,1,0
62.797955754,1,1
62.869450178,0,1
62.869461976,0,0
62.869504556,0,1
62.869546162,0,0
62.869587268,0,1
62.869628870,0,0
62.869669982,0,1
62.869711590,0,0
62.869752698,0,1
62.869794302,0,0
62.869835412,0,1
62.869858644,1,1
62.869878000,1,0
62.869919114,1,1
62.869961712,1,0
62.870002818,1,1
62.870045404,1,0
62.870086508,1,1
62.870129094,1,0
62.870172660,1,1
62.870215248,1,0
62.870253398,1,1
62.870295984,1,0
62.870340534,1,1
62.873969338,0,1
62.873981138,0,0
62.874023724,0,1
62.874065326,0,0
62.874106438,0,1
62.874148042,0,0
62.874189158,0,1
62.874212390,1,1
62.874231746,1,0
62.874272850,1,1
62.874315432,1,0
62.874356534,1,1
62.874377970,0,1
62.874398138,0,0
62.874439242,0,1
62.874462468,1,1
62.874481822,1,0
62.874522928,1,1
62.874544370,0,1
62.874564536,0,0
62.874605644,0,1
62.874647248,0,0
62.874690820,0,1
62.874732424,0,0
62.874770582,0,1
62.874793812,1,1
62.874813168,1,0
62.874857720,1,1
62.882125396,0,1
62.882137194,0,0
62.882179778,0,1
62.882221378,0,0
62.882262492,0,1
62.882304094,0,0
62.882345202,0,1
62.882368434,1,1
62.882387792,1,0
62.882428904,1,1
62.882471492,1,0
62.882512598,1,1
62.882555194,1,0
62.882596300,1,1
62.882638892,1,0
62.882679998,1,1
62.882701440,0,1
62.882721608,0,0
62.882762720,0,1
62.882804324,0,0
62.882847898,0,1
62.882871126,1,1
62.882890484,1,0
62.882928638,1,1
62.882971228,1,0
62.883015780,1,1
62.883033734,1,0
62.885955462,1,1
62.942823826,0,1
62.942835626,0,0
62.942878212,0,1
62.942919820,0,0
62.942960940,0,1
62.943002554,0,0
62.943043672,0,1
62.943085280,0,0
62.943126394,0,1
62.943167996,0,0
62.943209108,0,1
62.943232342,1,1
62.943251696,1,0
62.943292798,1,1
62.943335392,1,0
62.943376496,1,1
62.943419088,1,0
62.943460198,1,1
62.943502790,1,0
62.943546362,1,1
62.943588960,1,0
62.943627118,1,1
62.943669708,1,0
62.943714262,1,1
62.947342048,0,1
62.947353844,0,0
62.947396428,0,1
62.947419658,1,1
62.947439014,1,0
62.947480118,1,1
62.947501556,0,1
62.947521724,0,0
62.947562834,0,1
62.947586066,1,1
62.947605420,1,0
62.947646528,1,1
62.947667968,0,1
62.947688136,0,0
62.947729240,0,1
62.947752468,1,1
62.947771824,1,0
62.947812928,1,1
62.947855516,1,0
62.947896618,1,1
62.947918056,0,1
62.947938222,0,0
62.947979330,0,1
62.948020930,0,0
62.948064502,0,1
62.948087730,1,1
62.948107084,1,0
62.948145236,1,1
62.948187820,1,0
62.948232374,1,1
62.951861260,0,1
62.951873058,0,0
62.951915642,0,1
62.951938870,1,1
62.951958222,1,0
62.951999324,1,1
62.952041908,1,0
62.952083010,1,1
62.952104448,0,1
62.952124616,0,0
62.952165724,0,1
62.952207328,0,0
62.952248436,0,1
62.952290040,0,0
62.952331146,0,1
62.952372748,0,0
62.952413858,0,1
62.952437084,1,1
62.952456436,1,0
62.952497540,1,1
62.952518978,0,1
62.952539146,0,0
62.952582714,0,1
62.952624316,0,0
62.952662472,0,1
62.952685700,1,1
62.952705054,1,0
62.952749596,1,1
62.952767366,1,0
62.957957072,1,1
63.042499934,0,1
63.042511730,0,0
63.042554316,0,1
63.042595912,0,0
63.042637028,0,1
63.042660260,1,1
63.042679622,1,0
63.042720738,1,1
63.042763324,1,0
63.042804430,1,1
63.042825870,0,1
63.042846038,0,0
63.042887146,0,1
63.042910378,1,1
63.042929730,1,0
63.042970838,1,1
63.043013420,1,0
63.043054522,1,1
63.043075962,0,1
63.043096130,0,0
63.043137238,0,1
63.043178838,0,0
63.043222414,0,1
63.043245642,1,1
63.043264998,1,0
63.043303154,1,1
63.043345738,1,0
63.043390286,1,1
63.043408724,1,0
63.045955130,1,1
63.050565448,0,1
63.050577248,0,0
63.050619836,0,1
63.050643068,1,1
63.050662424,1,0
63.050703532,1,1
63.050724970,0,1
63.050745140,0,0
63.050786250,0,1
63.050809484,1,1
63.050828842,1,0
63.050869952,1,1
63.050912542,1,0
63.050953650,1,1
63.050996238,1,0
63.051037344,1,1
63.051079936,1,0
63.051121040,1,1
63.051121044,1,0
63.051121048,1,1
63.051142484,0,1
63.051162652,0,0
63.051203760,0,1
63.051245366,0,0
63.051288934,0,1
63.051330542,0,0
63.051368702,0,1
63.051391932,1,1
63.051411288,1,0
63.051455842,1,1
63.051473446,1,0
63.053955332,1,1
63.060743132,0,1
63.060754930,0,0
63.060797518,0,1
63.060839122,0,0
63.060880234,0,1
63.060921840,0,0
63.060962952,0,1
63.061004550,0,0
63.061045660,0,1
63.061087266,0,0
63.061128372,0,1
63.061151600,1,1
63.061170958,1,0
63.061212066,1,1
63.061254654,1,0
63.061295764,1,1
63.061338348,1,0
63.061379448,1,1
63.061422034,1,0
63.061465600,1,1
63.061508182,1,0
63.061546336,1,1
63.061588928,1,0
63.061633478,1,1
63.065262460,0,1
63.065274258,0,0
63.065316842,0,1
63.065340070,1,1
63.065359426,1,0
63.065400530,1,1
63.065443118,1,0
63.065484228,1,1
63.065505670,0,1
63.065525840,0,0
63.065566956,0,1
63.065608562,0,0
63.065649678,0,1
63.065691284,0,0
63.065732394,0,1
63.065774002,0,0
63.065815114,0,1
63.065838346,1,1
63.065857704,1,0
63.065898820,1,1
63.065920260,0,1
63.065940430,0,0
63.065984006,0,1
63.066025610,0,0
63.066063770,0,1
63.066087000,1,1
63.066106356,1,0
63.066150914,1,1
63.073400250,1,0
63.077954818,1,1
63.083393674,0,1
63.083405472,0,0
63.083448058,0,1
63.083489664,0,0
63.083530774,0,1
63.083572382,0,0
63.083613496,0,1
63.083655102,0,0
63.083696212,0,1
63.083737820,0,0
63.083778932,0,1
63.083802158,1,1
63.083821516,1,0
63.083862628,1,1
63.083905218,1,0
63.083946324,1,1
63.083988916,1,0
63.084030020,1,1
63.084072610,1,0
63.084116186,1,1
63.084158776,1,0
63.084196930,1,1
63.084239522,1,0
63.084284078,1,1
63.087912176,0,1
63.087923974,0,0
63.087966558,0,1
63.088008156,0,0
63.088049268,0,1
63.088090870,0,0
63.088131978,0,1
63.088155204,1,1
63.088174560,1,0
63.088215666,1,1
63.088258252,1,0
63.088299358,1,1
63.088341942,1,0
63.088383044,1,1
63.088425632,1,0
63.088466740,1,1
63.088488178,0,1
63.088508344,0,0
63.088549454,0,1
63.088591064,0,0
63.088634634,0,1
63.088657860,1,1
63.088677218,1,0
63.088715372,1,1
63.088757958,1,0
63.088802508,1,1
63.097019030,1,0
63.101956156,1,1
63.165190382,0,1
63.165202180,0,0
63.165244770,0,1
63.165286376,0,0
63.165327486,0,1
63.165369098,0,0
63.165410210,0,1
63.165451818,0,0
63.165492932,0,1
63.165534542,0,0
63.165575660,0,1
63.165598892,1,1
63.165618248,1,0
63.165659358,1,1
63.165701948,1,0
63.165743054,1,1
63.165785646,1,0
63.165826752,1,1
63.165869344,1,0
63.165912920,1,1
63.165955516,1,0
63.165993670,1,1
63.166036260,1,0
63.166080804,1,1
63.169708992,0,1
63.169720796,0,0
63.169763402,0,1
63.169805026,0,0
63.169846160,0,1
63.169869404,1,1
63.169888768,1,0
63.169929900,1,1
63.169972514,1,0
63.170013642,1,1
63.170035088,0,1
63.170055260,0,0
63.170096380,0,1
63.170119614,1,1
63.170138970,1,0
63.170180080,1,1
63.170222670,1,0
63.170263780,1,1
63.170285220,0,1
63.170305388,0,0
63.170346502,0,1
63.170388106,0,0
63.170431678,0,1
63.170454910,1,1
63.170474268,1,0
63.170512418,1,1
63.170512420,1,0
63.170512424,1,1
63.170555016,1,0
63.170599568,1,1
63.178164364,1,0
63.181957856,1,1
63.200100928,0,1
63.200112728,0,0
63.200155314,0,1
63.200196920,0,0
63.200238034,0,1
63.200261264,1,1
63.200280622,1,0
63.200321732,1,1
63.200364324,1,0
63.200405430,1,1
63.200448022,1,0
63.200489134,1,1
63.200531722,1,0
63.200572832,1,1
63.200615424,1,0
63.200656534,1,1
63.200677974,0,1
63.200698142,0,0
63.200739254,0,1
63.200780862,0,0
63.200824434,0,1
63.200866042,0,0
63.200904204,0,1
63.200927434,1,1
63.200946790,1,0
63.200991346,1,1
63.201009132,1,0
63.205955346,1,1
63.286537440,0,1
63.286549238,0,0
63.286591818,0,1
63.286633420,0,0
63.286674526,0,1
63.286716128,0,0
63.286757242,0,1
63.286798846,0,0
63.286839960,0,1
63.286881564,0,0
63.286922676,0,1
63.286945908,1,1
63.286965262,1,0
63.287006372,1,1
63.287048958,1,0
63.287090064,1,1
63.287132656,1,0
63.287173762,1,1
63.287216344,1,0
63.287259908,1,1
63.287302492,1,0
63.287340640,1,1
63.287340644,1,0
63.287340646,1,1
63.287383232,1,0
63.287427782,1,1
63.291052622,0,1
63.291064420,0,0
63.291107000,0,1
63.291130230,1,1
63.291149586,1,0
63.291190694,1,1
63.291212132,0,1
63.291232300,0,0
63.291273404,0,1
63.291296634,1,1
63.291315990,1,0
63.291357092,1,1
63.291399684,1,0
63.291440788,1,1
63.291483376,1,0
63.291524474,1,1
63.291567060,1,0
63.291608166,1,1
63.291629602,0,1
63.291649766,0,0
63.291690866,0,1
63.291732466,0,0
63.291776034,0,1
63.291817632,0,0
63.291855788,0,1
63.291879018,1,1
63.291898372,1,0
63.291942918,1,1
63.299361100,1,0
63.301955120,1,1
63.314179400,0,1
63.314191196,0,0
63.314233780,0,1
63.314275382,0,0
63.314316492,0,1
63.314358094,0,0
63.314399208,0,1
63.314440812,0,0
63.314481924,0,1
63.314523534,0,0
63.314564658,0,1
63.314587888,1,1
63.314607246,1,0
63.314648356,1,1
63.314690948,1,0
63.314732056,1,1
63.314774644,1,0
63.314815756,1,1
63.314858348,1,0
63.314901920,1,1
63.314944512,1,0
63.314982666,1,1
63.315025254,1,0
63.315069808,1,1
63.318695070,0,1
63.318706870,0,0
63.318749460,0,1
63.318791066,0,0
63.318832180,0,1
63.318855414,1,1
63.318874770,1,0
63.318915882,1,1
63.318958470,1,0
63.318999582,1,1
63.319042172,1,0
63.319083278,1,1
63.319125872,1,0
63.319166980,1,1
63.319209572,1,0
63.319250678,1,1
63.319272120,0,1
63.319292290,0,0
63.319333404,0,1
63.319375010,0,0
63.319418586,0,1
63.319460190,0,0
63.319498352,0,1
63.319521588,1,1
63.319540948,1,0
63.319585502,1,1
63.327093240,1,0
63.333955566,1,1
63.366177590,0,1
63.366189386,0,0
63.366231966,0,1
63.366255198,1,1
63.366274548,1,0
63.366315652,1,1
63.366337090,0,1
63.366357256,0,0
63.366398360,0,1
63.366421590,1,1
63.366440944,1,0
63.366482048,1,1
63.366524632,1,0
63.366565750,1,1
63.366608362,1,0
63.366649488,1,1
63.366692082,1,0
63.366733190,1,1
63.366754630,0,1
63.366774794,0,0
63.366815904,0,1
63.366857510,0,0
63.366901082,0,1
63.366942686,0,0
63.366980838,0,1
63.367004070,1,1
63.367023422,1,0
63.367067972,1,1
63.367085642,1,0
63.373956550,1,1
63.373992372,0,1
63.374004176,0,0
63.374046776,0,1
63.374088384,0,0
63.374129494,0,1
63.374152728,1,1
63.374172086,1,0
63.374213194,1,1
63.374255788,1,0
63.374296898,1,1
63.374339492,1,0
63.374380604,1,1
63.374423192,1,0
63.374464300,1,1
63.374506888,1,0
63.374548000,1,1
63.374569442,0,1
63.374589612,0,0
63.374630724,0,1
63.374672328,0,0
63.374715908,0,1
63.374757510,0,0
63.374795666,0,1
63.374818902,1,1
63.374838260,1,0
63.374882820,1,1
63.374900638,1,0
63.381956008,1,1
63.421966574,0,1
63.421978374,0,0
63.422020962,0,1
63.422062566,0,0
63.422103676,0,1
63.422145282,0,0
63.422186392,0,1
63.422227994,0,0
63.422269102,0,1
63.422310708,0,0
63.422351816,0,1
63.422375046,1,1
63.422394404,1,0
63.422435514,1,1
63.422478096,1,0
63.422519198,1,1
63.422519202,1,0
63.422519204,1,1
63.422561794,1,0
63.422602896,1,1
63.422645488,1,0
63.422689058,1,1
63.422731644,1,0
63.422769790,1,1
63.422769792,1,0
63.422769796,1,1
63.422812380,1,0
63.422856934,1,1
63.426481932,0,1
63.426493726,0,0
63.426536296,0,1
63.426577884,0,0
63.426618976,0,1
63.426642198,1,1
63.426661544,1,0
63.426702634,1,1
63.426745206,1,0
63.426786292,1,1
63.426828864,1,0
63.426869958,1,1
63.426912540,1,0
63.426953638,1,1
63.426996222,1,0
63.427037324,1,1
63.427058758,0,1
63.427078924,0,0
63.427120032,0,1
63.427161634,0,0
63.427205206,0,1
63.427246808,0,0
63.427284962,0,1
63.427308192,1,1
63.427327548,1,0
63.427372098,1,1
63.434931504,1,0
63.437954794,1,1
63.439310200,0,1
63.439322000,0,0
63.439364582,0,1
63.439364586,0,0
63.439364588,0,1
63.439406190,0,0
63.439447300,0,1
63.439488906,0,0
63.439530016,0,1
63.439571620,0,0
63.439612734,0,1
63.439654338,0,0
63.439695452,0,1
63.439718688,1,1
63.439738044,1,0
63.439779150,1,1
63.439821742,1,0
63.439862852,1,1
63.439905444,1,0
63.439946550,1,1
63.439989142,1,0
63.440032712,1,1
63.440075294,1,0
63.440113446,1,1
63.440156032,1,0
63.440200580,1,1
63.443825576,0,1
63.443837374,0,0
63.443879960,0,1
63.443903188,1,1
63.443922546,1,0
63.443963652,1,1
63.443985090,0,1
63.444005258,0,0
63.444046370,0,1
63.444069602,1,1
63.444088958,1,0
63.444130062,1,1
63.444172650,1,0
63.444213762,1,1
63.444256346,1,0
63.444297452,1,1
63.444340040,1,0
63.444381142,1,1
63.444402578,0,1
63.444422746,0,0
63.444463854,0,1
63.444505450,0,0
63.444549020,0,1
63.444590618,0,0
63.444628770,0,1
63.444652000,1,1
63.444671354,1,0
63.444715908,1,1
63.452388932,1,0
63.453956140,1,1
63.500741486,0,1
63.500753284,0,0
63.500795870,0,1
63.500837476,0,0
63.500878588,0,1
63.500901820,1,1
63.500921180,1,0
63.500962292,1,1
63.501004884,1,0
63.501045992,1,1
63.501067434,0,1
63.501087604,0,0
63.501128716,0,1
63.501170326,0,0
63.501211440,0,1
63.501253046,0,0
63.501294158,0,1
63.501317390,1,1
63.501336748,1,0
63.501377854,1,1
63.501399294,0,1
63.501419464,0,0
63.501463036,0,1
63.501504642,0,0
63.501542802,0,1
63.501566038,1,1
63.501585396,1,0
63.501629952,1,1
63.501647546,1,0
63.501955012,1,1
63.509074978,0,1
63.509086770,0,0
63.509129334,0,1
63.509152550,1,1
63.509171898,1,0
63.509212984,1,1
63.509234416,0,1
63.509254574,0,0
63.509295670,0,1
63.509318892,1,1
63.509338240,1,0
63.509379330,1,1
63.509421900,1,0
63.509462990,1,1
63.509505556,1,0
63.509546646,1,1
63.509589220,1,0
63.509630306,1,1
63.509651736,0,1
63.509671896,0,0
63.509712996,0,1
63.509754584,0,0
63.509798136,0,1
63.509839726,0,0
63.509877874,0,1
63.509901092,1,1
63.509920444,1,0
63.509964992,1,1
63.509983212,1,0
63.517954798,1,1
63.520091684,0,1
63.520103484,0,0
63.520146070,0,1
63.520187682,0,0
63.520228800,0,1
63.520252034,1,1
63.520271390,1,0
63.520312504,1,1
63.520355100,1,0
63.520396210,1,1
63.520438804,1,0
63.520479916,1,1
63.520522504,1,0
63.520563616,1,1
63.520606210,1,0
63.520647316,1,1
63.520668758,0,1
63.520688930,0,0
63.520730046,0,1
63.520771654,0,0
63.520815234,0,1
63.520856842,0,0
63.520895002,0,1
63.520918234,1,1
63.520937592,1,0
63.520982148,1,1
63.521000210,1,0
63.525954488,1,1
63.546717920,0,1
63.546729720,0,0
63.546772304,0,1
63.546813908,0,0
63.546855022,0,1
63.546896624,0,0
63.546937740,0,1
63.546979344,0,0
63.547020454,0,1
63.547062062,0,0
63.547103174,0,1
63.547126404,1,1
63.547145756,1,0
63.547186864,1,1
63.547229454,1,0
63.547270560,1,1
63.547313150,1,0
63.547354262,1,1
63.547396848,1,0
63.547440420,1,1
63.547483006,1,0
63.547521156,1,1
63.547563744,1,0
63.547608294,1,1
63.551237742,0,1
63.551249540,0,0
63.551292126,0,1
63.551333730,0,0
63.551374844,0,1
63.551398074,1,1
63.551417428,1,0
63.551458536,1,1
63.551501126,1,0
63.551542240,1,1
63.551563678,0,1
63.551583848,0,0
63.551624962,0,1
63.551666572,0,0
63.551707686,0,1
63.551749296,0,0
63.551790412,0,1
63.551813640,1,1
63.551832996,1,0
63.551874108,1,1
63.551895548,0,1
63.551915718,0,0
63.551959288,0,1
63.552000888,0,0
63.552039046,0,1
63.552062278,1,1
63.552081642,1,0
63.552126208,1,1
63.560223588,1,0
63.565955766,1,1
63.579965572,0,1
63.579977370,0,0
63.580019958,0,1
63.580061558,0,0
63.580102668,0,1
63.580144270,0,0
63.580185378,0,1
63.580226986,0,0
63.580268100,0,1
63.580309708,0,0
63.580350824,0,1
63.580374056,1,1
63.580393412,1,0
63.580434520,1,1
63.580477112,1,0
63.580518220,1,1
63.580560812,1,0
63.580601920,1,1
63.580644516,1,0
63.580688084,1,1
63.580730680,1,0
63.580768832,1,1
63.580811422,1,0
63.580855974,1,1
63.584480828,0,1
63.584492624,0,0
63.584535210,0,1
63.584576810,0,0
63.584617916,0,1
63.584641146,1,1
63.584660500,1,0
63.584701608,1,1
63.584744190,1,0
63.584785294,1,1
63.584827880,1,0
63.584868986,1,1
63.584911570,1,0
63.584952678,1,1
63.584995260,1,0
63.585036360,1,1
63.585057800,0,1
63.585077966,0,0
63.585119070,0,1
63.585160672,0,0
63.585204244,0,1
63.585245844,0,0
63.585283994,0,1
63.585307226,1,1
63.585326582,1,0
63.585371134,1,1
63.593089334,1,0
63.597954718,1,1
63.647301212,0,1
63.647313010,0,0
63.647355592,0,1
63.647397190,0,0
63.647438300,0,1
63.647461530,1,1
63.647480884,1,0
63.647521988,1,1
63.647543428,0,1
63.647563596,0,0
63.647604706,0,1
63.647646308,0,0
63.647687414,0,1
63.647729016,0,0
63.647770118,0,1
63.647770122,0,0
63.647770126,0,1
63.647811724,0,0
63.647852834,0,1
63.647852836,0,0
63.647852840,0,1
63.647876068,1,1
63.647895422,1,0
63.647936528,1,1
63.647957966,0,1
63.647978134,0,0
63.648021704,0,1
63.648044932,1,1
63.648064288,1,0
63.648102434,1,1
63.648145024,1,0
63.648189574,1,1
63.648208552,1,0
63.653955496,1,1
63.769697154,0,1
63.769708950,0,0
63.769751532,0,1
63.769793128,0,0
63.769834236,0,1
63.769875842,0,0
63.769916952,0,1
63.769958552,0,0
63.769999660,0,1
63.770041260,0,0
63.770082362,0,1
63.770105592,1,1
63.770124948,1,0
63.770166054,1,1
63.770208638,1,0
63.770249742,1,1
63.770292332,1,0
63.770333440,1,1
63.770376030,1,0
63.770419600,1,1
63.770462188,1,0
63.770500336,1,1
63.770542926,1,0
63.770587476,1,1
63.774212552,0,1
63.774224348,0,0
63.774266934,0,1
63.774290164,1,1
63.774309518,1,0
63.774350624,1,1
63.774372062,0,1
63.774392230,0,0
63.774433336,0,1
63.774456568,1,1
63.774475924,1,0
63.774517030,1,1
63.774559626,1,0
63.774600734,1,1
63.774643324,1,0
63.774684424,1,1
63.774727018,1,0
63.774768128,1,1
63.774789566,0,1
63.774809734,0,0
63.774850844,0,1
63.774892446,0,0
63.774936018,0,1
63.774977624,0,0
63.775015784,0,1
63.775039014,1,1
63.775058370,1,0
63.775102926,1,1
63.783123604,1,0
63.789954446,1,1
63.868275358,0,1
63.868287154,0,0
63.868329736,0,1
63.868352962,1,1
63.868372312,1,0
63.868413408,1,1
63.868455992,1,0
63.868497092,1,1
63.868518528,0,1
63.868538696,0,0
63.868579820,0,1
63.868603052,1,1
63.868622406,1,0
63.868663510,1,1
63.868684952,0,1
63.868705120,0,0
63.868746226,0,1
63.868769454,1,1
63.868788812,1,0
63.868829914,1,1
63.868851352,0,1
63.868871518,0,0
63.868912622,0,1
63.868954224,0,0
63.868997794,0,1
63.869021020,1,1
63.869040374,1,0
63.869078520,1,1
63.869078524,1,0
63.869078526,1,1
63.869121112,1,0
63.869165658,1,1
63.869183998,1,0
63.869954826,1,1
63.876268800,0,1
63.876280598,0,0
63.876323184,0,1
63.876346418,1,1
63.876365772,1,0
63.876406884,1,1
63.876428320,0,1
63.876448490,0,0
63.876489602,0,1
63.876512832,1,1
63.876532188,1,0
63.876573302,1,1
63.876615892,1,0
63.876657000,1,1
63.876699592,1,0
63.876740702,1,1
63.876783292,1,0
63.876824402,1,1
63.876845844,0,1
63.876866012,0,0
63.876907122,0,1
63.876948728,0,0
63.876992300,0,1
63.877033906,0,0
63.877072066,0,1
63.877095296,1,1
63.877114656,1,0
63.877159208,1,1
63.877178056,1,0
63.877955578,1,1
63.891480506,0,1
63.891492304,0,0
63.891534896,0,1
63.891576504,0,0
63.891617614,0,1
63.891659222,0,0
63.891700336,0,1
63.891741938,0,0
63.891783054,0,1
63.891824660,0,0
63.891865772,0,1
63.891889002,1,1
63.891908358,1,0
63.891949466,1,1
63.891992056,1,0
63.892033162,1,1
63.892075756,1,0
63.892116864,1,1
63.892159454,1,0
63.892203024,1,1
63.892245612,1,0
63.892283764,1,1
63.892326352,1,0
63.892370902,1,1
63.895999192,0,1
63.896010992,0,0
63.896053582,0,1
63.896076812,1,1
63.896096170,1,0
63.896137280,1,1
63.896179868,1,0
63.896220980,1,1
63.896242416,0,1
63.896262586,0,0
63.896303690,0,1
63.896326920,1,1
63.896346278,1,0
63.896387390,1,1
63.896408830,0,1
63.896428998,0,0
63.896470112,0,1
63.896493342,1,1
63.896512702,1,0
63.896553812,1,1
63.896575254,0,1
63.896595426,0,0
63.896636542,0,1
63.896678152,0,0
63.896721728,0,1
63.896744960,1,1
63.896764316,1,0
63.896802474,1,1
63.896845062,1,0
63.896889622,1,1
63.903721546,0,1
63.903733346,0,0
63.903775928,0,1
63.903817532,0,0
63.903858648,0,1
63.903900254,0,0
63.903941370,0,1
63.903982978,0,0
63.904024096,0,1
63.904065706,0,0
63.904106826,0,1
63.904130060,1,1
63.904149416,1,0
63.904190524,1,1
63.904233116,1,0
63.904274224,1,1
63.904316816,1,0
63.904357926,1,1
63.904400518,1,0
63.904444090,1,1
63.904486682,1,0
63.904524840,1,1
63.904567430,1,0
63.904611984,1,1
63.908237048,0,1
63.908248846,0,0
63.908291430,0,1
63.908314660,1,1
63.908334014,1,0
63.908375120,1,1
63.908396558,0,1
63.908416728,0,0
63.908457840,0,1
63.908481070,1,1
63.908500426,1,0
63.908541534,1,1
63.908584126,1,0
63.908625232,1,1
63.908667822,1,0
63.908708928,1,1
63.908751518,1,0
63.908792626,1,1
63.908814066,0,1
63.908834234,0,0
63.908875342,0,1
63.908916950,0,0
63.908960524,0,1
63.909002126,0,0
63.909040282,0,1
63.909063514,1,1
63.909082872,1,0
63.909127424,1,1
63.916662092,1,0
63.917954984,1,1
64.017060964,0,1
64.017072760,0,0
64.017115354,0,1
64.017138586,1,1
64.017157948,1,0
64.017199058,1,1
64.017220498,0,1
64.017240666,0,0
64.017281774,0,1
64.017305004,1,1
64.017324358,1,0
64.017365460,1,1
64.017408046,1,0
64.017449150,1,1
64.017491734,1,0
64.017532836,1,1
64.017575426,1,0
64.017616530,1,1
64.017637968,0,1
64.017658134,0,0
64.017699238,0,1
64.017740844,0,0
64.017784414,0,1
64.017826014,0,0
64.017864174,0,1
64.017887404,1,1
64.017906758,1,0
64.017951306,1,1
64.017969974,1,0
64.021960252,1,1
64.035127808,0,1
64.035139608,0,0
64.035182196,0,1
64.035223798,0,0
64.035264906,0,1
64.035306512,0,0
64.035347620,0,1
64.035389228,0,0
64.035430340,0,1
64.035471944,0,0
64.035513054,0,1
64.035536286,1,1
64.035555642,1,0
64.035596752,1,1
64.035639340,1,0
64.035680446,1,1
64.035723028,1,0
64.035764130,1,1
64.035806712,1,0
64.035850280,1,1
64.035892866,1,0
64.035931020,1,1
64.035973608,1,0
64.036018166,1,1
64.039643270,0,1
64.039655068,0,0
64.039697652,0,1
64.039720882,1,1
64.039740238,1,0
64.039781352,1,1
64.039802790,0,1
64.039822960,0,0
64.039864078,0,1
64.039887312,1,1
64.039906670,1,0
64.039947778,1,1
64.039990370,1,0
64.040031478,1,1
64.040074070,1,0
64.040115172,1,1
64.040157768,1,0
64.040198876,1,1
64.040220316,0,1
64.040240486,0,0
64.040281600,0,1
64.040323204,0,0
64.040366778,0,1
64.040408384,0,0
64.040446544,0,1
64.040469776,1,1
64.040489132,1,0
64.040533694,1,1
64.048159898,1,0
64.053954858,1,1
64.162242872,0,1
64.162254670,0,0
64.162297250,0,1
64.162320478,1,1
64.162339832,1,0
64.162380932,1,1
64.162402366,0,1
64.162422532,0,0
64.162463638,0,1
64.162486866,1,1
64.162506220,1,0
64.162547328,1,1
64.162589918,1,0
64.162631024,1,1
64.162673606,1,0
64.162714710,1,1
64.162757294,1,0
64.162798394,1,1
64.162819834,0,1
64.162840002,0,0
64.162881108,0,1
64.162922708,0,0
64.162966278,0,1
64.163007882,0,0
64.163046036,0,1
64.163069266,1,1
64.163088620,1,0
64.163133172,1,1
64.163151254,1,0
64.165953848,1,1
64.180060368,0,1
64.180072164,0,0
64.180114748,0,1
64.180156352,0,0
64.180197460,0,1
64.180239060,0,0
64.180280170,0,1
64.180321776,0,0
64.180362882,0,1
64.180404490,0,0
64.180445600,0,1
64.180468828,1,1
64.180488184,1,0
64.180529294,1,1
64.180571882,1,0
64.180612986,1,1
64.180655572,1,0
64.180696676,1,1
64.180739262,1,0
64.180782826,1,1
64.180825406,1,0
64.180863554,1,1
64.180906140,1,0
64.180950690,1,1
64.184575494,0,1
64.184587294,0,0
64.184629876,0,1
64.184653102,1,1
64.184672454,1,0
64.184713554,1,1
64.184734996,0,1
64.184755162,0,0
64.184796268,0,1
64.184819496,1,1
64.184838850,1,0
64.184879958,1,1
64.184922546,1,0
64.184963644,1,1
64.185006234,1,0
64.185047334,1,1
64.185089918,1,0
64.185131020,1,1
64.185152458,0,1
64.185172624,0,0
64.185213730,0,1
64.185255340,0,0
64.185298910,0,1
64.185340516,0,0
64.185378676,0,1
64.185401906,1,1
64.185421262,1,0
64.185465810,1,1
64.193010680,1,0
64.197954042,1,1
64.202553900,0,1
64.202565700,0,0
64.202608284,0,1
64.202649888,0,0
64.202690996,0,1
64.202732602,0,0
64.202773718,0,1
64.202815326,0,0
64.202856440,0,1
64.202898042,0,0
64.202939152,0,1
64.202962386,1,1
64.202981738,1,0
64.203022842,1,1
64.203065434,1,0
64.203106540,1,1
64.203149128,1,0
64.203190232,1,1
64.203232822,1,0
64.203276394,1,1
64.203318982,1,0
64.203357136,1,1
64.203399724,1,0
64.203444278,1,1
64.207076260,0,1
64.207088058,0,0
64.207130646,0,1
64.207172252,0,0
64.207213360,0,1
64.207236590,1,1
64.207255948,1,0
64.207297058,1,1
64.207318496,0,1
64.207338666,0,0
64.207379776,0,1
64.207421384,0,0
64.207462498,0,1
64.207504100,0,0
64.207545220,0,1
64.207586826,0,0
64.207627940,0,1
64.207651174,1,1
64.207670532,1,0
64.207711638,1,1
64.207733080,0,1
64.207753250,0,0
64.207796822,0,1
64.207820054,1,1
64.207839410,1,0
64.207877562,1,1
64.207920152,1,0
64.207964706,1,1
64.215605472,1,0
64.221954640,1,1
64.221954644,1,0
64.221954648,1,1
64.231523280,0,1
64.231535080,0,0
64.231577666,0,1
64.231600896,1,1
64.231620254,1,0
64.231661366,1,1
64.231703956,1,0
64.231745062,1,1
64.231766502,0,1
64.231786670,0,0
64.231827780,0,1
64.231851012,1,1
64.231870368,1,0
64.231911482,1,1
64.231954072,1,0
64.231995178,1,1
64.232037766,1,0
64.232078868,1,1
64.232100304,0,1
64.232120470,0,0
64.232161578,0,1
64.232203182,0,0
64.232246752,0,1
64.232288356,0,0
64.232326520,0,1
64.232349752,1,1
64.232369108,1,0
64.232413662,1,1
64.232431972,1,0
64.237953368,1,1
64.247636628,0,1
64.247648426,0,0
64.247691016,0,1
64.247714246,1,1
64.247733602,1,0
64.247774708,1,1
64.247796150,0,1
64.247816318,0,0
64.247857432,0,1
64.247880662,1,1
64.247900022,1,0
64.247941130,1,1
64.247983720,1,0
64.248024830,1,1
64.248067420,1,0
64.248108524,1,1
64.248151112,1,0
64.248192218,1,1
64.248213656,0,1
64.248233824,0,0
64.248274936,0,1
64.248316542,0,0
64.248360112,0,1
64.248401718,0,0
64.248439880,0,1
64.248463110,1,1
64.248482464,1,0
64.248527018,1,1
64.248545444,1,0
64.253954408,1,1
64.255768396,0,1
64.255780194,0,0
64.255822782,0,1
64.255864388,0,0
64.255905508,0,1
64.255928740,1,1
64.255948098,1,0
64.255989210,1,1
64.256031806,1,0
64.256072916,1,1
64.256094356,0,1
64.256114526,0,0
64.256155642,0,1
64.256178874,1,1
64.256198230,1,0
64.256239338,1,1
64.256281928,1,0
64.256323032,1,1
64.256344474,0,1
64.256364642,0,0
64.256405760,0,1
64.256447368,0,0
64.256490938,0,1
64.256514172,1,1
64.256533532,1,0
64.256571690,1,1
64.256614282,1,0
64.256658840,1,1
64.256676678,1,0
64.261953988,1,1
64.310304332,0,1
64.310316128,0,0
64.310358710,0,1
64.310400310,0,0
64.310441418,0,1
64.310483024,0,0
64.310524136,0,1
64.310565740,0,0
64.310606848,0,1
64.310648448,0,0
64.310689560,0,1
64.310712790,1,1
64.310732144,1,0
64.310773250,1,1
64.310815840,1,0
64.310856946,1,1
64.310899534,1,0
64.310940640,1,1
64.310983228,1,0
64.311026792,1,1
64.311069374,1,0
64.311107522,1,1
64.311150100,1,0
64.311194648,1,1
64.314820018,0,1
64.314831814,0,0
64.314874394,0,1
64.314897624,1,1
64.314916980,1,0
64.314958080,1,1
64.315000670,1,0
64.315041776,1,1
64.315063214,0,1
64.315083382,0,0
64.315124496,0,1
64.315147726,1,1
64.315167082,1,0
64.315208184,1,1
64.315250770,1,0
64.315291874,1,1
64.315334458,1,0
64.315375560,1,1
64.315396998,0,1
64.315417164,0,0
64.315458270,0,1
64.315499874,0,0
64.315543450,0,1
64.315585056,0,0
64.315623210,0,1
64.315646444,1,1
64.315665800,1,0
64.315710354,1,1
64.323442456,1,0
64.325955052,1,1
64.327398270,0,1
64.327410068,0,0
64.327452658,0,1
64.327494262,0,0
64.327535372,0,1
64.327576978,0,0
64.327618096,0,1
64.327659698,0,0
64.327700810,0,1
64.327742410,0,0
64.327783520,0,1
64.327806748,1,1
64.327826104,1,0
64.327867216,1,1
64.327909802,1,0
64.327950906,1,1
64.327993496,1,0
64.328034600,1,1
64.328077188,1,0
64.328120756,1,1
64.328163344,1,0
64.328201492,1,1
64.328244080,1,0
64.328288632,1,1
64.331913700,0,1
64.331925498,0,0
64.331968086,0,1
64.331991314,1,1
64.332010670,1,0
64.332051778,1,1
64.332073218,0,1
64.332093386,0,0
64.332134494,0,1
64.332157726,1,1
64.332177082,1,0
64.332218190,1,1
64.332260780,1,0
64.332301888,1,1
64.332344476,1,0
64.332385578,1,1
64.332428170,1,0
64.332469276,1,1
64.332490716,0,1
64.332510884,0,0
64.332551998,0,1
64.332593606,0,0
64.332637178,0,1
64.332678784,0,0
64.332716942,0,1
64.332740170,1,1
64.332759526,1,0
64.332804080,1,1
64.340900956,1,0
64.341954806,1,1
64.352513402,0,1
64.352525200,0,0
64.352567788,0,1
64.352609398,0,0
64.352650516,0,1
64.352692116,0,0
64.352733230,0,1
64.352774840,0,0
64.352815954,0,1
64.352857562,0,0
64.352898676,0,1
64.352921912,1,1
64.352941268,1,0
64.352982378,1,1
64.353024968,1,0
64.353066076,1,1
64.353108664,1,0
64.353149768,1,1
64.353192360,1,0
64.353235930,1,1
64.353278520,1,0
64.353316674,1,1
64.353359260,1,0
64.353403808,1,1
64.357031838,0,1
64.357043636,0,0
64.357086226,0,1
64.357127830,0,0
64.357168940,0,1
64.357192172,1,1
64.357211528,1,0
64.357252634,1,1
64.357295224,1,0
64.357336330,1,1
64.357357772,0,1
64.357377940,0,0
64.357419048,0,1
64.357442282,1,1
64.357461636,1,0
64.357502748,1,1
64.357545340,1,0
64.357586448,1,1
64.357607892,0,1
64.357628062,0,0
64.357669176,0,1
64.357710780,0,0
64.357754358,0,1
64.357777590,1,1
64.357796948,1,0
64.357835102,1,1
64.357877702,1,0
64.357922262,1,1
64.357922266,1,0
64.357922270,1,1
64.365553622,1,0
64.365954570,1,1
64.402706946,0,1
64.402718744,0,0
64.402761324,0,1
64.402784554,1,1
64.402803910,1,0
64.402845022,1,1
64.402887616,1,0
64.402928722,1,1
64.402950164,0,1
64.402970330,0,0
64.403011434,0,1
64.403034660,1,1
64.403054012,1,0
64.403095114,1,1
64.403137698,1,0
64.403178804,1,1
64.403221392,1,0
64.403262494,1,1
64.403283932,0,1
64.403304100,0,0
64.403345208,0,1
64.403386808,0,0
64.403430376,0,1
64.403471974,0,0
64.403510128,0,1
64.403533356,1,1
64.403552712,1,0
64.403597266,1,1
64.403616162,1,0
64.405954480,1,1
64.410852418,0,1
64.410864216,0,0
64.410906804,0,1
64.410948412,0,0
64.410989526,0,1
64.411012758,1,1
64.411032114,1,0
64.411073226,1,1
64.411115816,1,0
64.411156916,1,1
64.411178356,0,1
64.411198526,0,0
64.411239640,0,1
64.411262870,1,1
64.411282224,1,0
64.411323334,1,1
64.411365926,1,0
64.411407032,1,1
64.411428470,0,1
64.411448640,0,0
64.411489754,0,1
64.411531360,0,0
64.411574934,0,1
64.411598168,1,1
64.411617524,1,0
64.411655676,1,1
64.411698270,1,0
64.411742824,1,1
64.411760678,1,0
64.413954206,1,1
64.430047944,0,1
64.430059744,0,0
64.430102332,0,1
64.430125560,1,1
64.430144914,1,0
64.430186020,1,1
64.430207458,0,1
64.430227628,0,0
64.430268740,0,1
64.430291980,1,1
64.430311344,1,0
64.430352476,1,1
64.430395092,1,0
64.430436216,1,1
64.430457658,0,1
64.430477832,0,0
64.430518944,0,1
64.430542176,1,1
64.430561534,1,0
64.430602646,1,1
64.430624086,0,1
64.430644254,0,0
64.430685360,0,1
64.430726962,0,0
64.430770532,0,1
64.430793760,1,1
64.430813114,1,0
64.430851264,1,1
64.430893848,1,0
64.430938394,1,1
64.430956770,1,0
64.437954796,1,1
64.464666978,0,1
64.464678778,0,0
64.464721364,0,1
64.464762962,0,0
64.464804072,0,1
64.464845676,0,0
64.464886788,0,1
64.464928394,0,0
64.464969506,0,1
64.465011108,0,0
64.465052212,0,1
64.465075444,1,1
64.465094798,1,0
64.465135904,1,1
64.465178492,1,0
64.465219598,1,1
64.465262186,1,0
64.465303282,1,1
64.465345866,1,0
64.465389428,1,1
64.465432008,1,0
64.465470154,1,1
64.465512732,1,0
64.465557284,1,1
64.469182094,0,1
64.469193890,0,0
64.469236472,0,1
64.469259702,1,1
64.469279056,1,0
64.469320160,1,1
64.469362742,1,0
64.469403848,1,1
64.469425284,0,1
64.469445454,0,0
64.469486560,0,1
64.469509788,1,1
64.469529144,1,0
64.469570250,1,1
64.469612840,1,0
64.469653944,1,1
64.469696530,1,0
64.469737632,1,1
64.469759068,0,1
64.469779234,0,0
64.469820342,0,1
64.469861946,0,0
64.469905526,0,1
64.469947140,0,0
64.469985298,0,1
64.470008528,1,1
64.470027884,1,0
64.470072440,1,1
64.477513350,1,0
64.477955036,1,1
64.494228408,0,1
64.494240206,0,0
64.494282792,0,1
64.494324398,0,0
64.494365510,0,1
64.494407112,0,0
64.494448222,0,1
64.494489830,0,0
64.494530938,0,1
64.494530940,0,0
64.494530944,0,1
64.494572550,0,0
64.494613664,0,1
64.494636896,1,1
64.494656252,1,0
64.494697368,1,1
64.494739960,1,0
64.494781070,1,1
64.494823666,1,0
64.494864776,1,1
64.494907366,1,0
64.494950938,1,1
64.494993532,1,0
64.495031686,1,1
64.495074276,1,0
64.495118830,1,1
64.498746996,0,1
64.498758794,0,0
64.498801382,0,1
64.498824612,1,1
64.498843966,1,0
64.498885078,1,1
64.498906520,0,1
64.498926690,0,0
64.498967806,0,1
64.498991034,1,1
64.499010392,1,0
64.499051504,1,1
64.499094094,1,0
64.499135202,1,1
64.499156642,0,1
64.499176810,0,0
64.499217922,0,1
64.499241150,1,1
64.499260506,1,0
64.499301614,1,1
64.499323052,0,1
64.499343222,0,0
64.499384330,0,1
64.499425940,0,0
64.499469516,0,1
64.499492748,1,1
64.499512106,1,0
64.499550270,1,1
64.499592868,1,0
64.499637422,1,1
64.506420324,0,1
64.506432120,0,0
64.506474708,0,1
64.506516314,0,0
64.506557432,0,1
64.506599036,0,0
64.506640156,0,1
64.506681766,0,0
64.506722880,0,1
64.506764486,0,0
64.506805598,0,1
64.506828834,1,1
64.506848190,1,0
64.506889302,1,1
64.506931898,1,0
64.506973008,1,1
64.507015604,1,0
64.507056716,1,1
64.507099306,1,0
64.507142876,1,1
64.507185470,1,0
64.507223620,1,1
64.507266210,1,0
64.507310768,1,1
64.510938952,0,1
64.510950752,0,0
64.510993342,0,1
64.511034944,0,0
64.511076056,0,1
64.511099286,1,1
64.511118642,1,0
64.511159748,1,1
64.511202338,1,0
64.511243446,1,1
64.511264884,0,1
64.511285052,0,0
64.511326162,0,1
64.511349396,1,1
64.511368754,1,0
64.511409862,1,1
64.511452456,1,0
64.511493568,1,1
64.511515010,0,1
64.511535182,0,0
64.511576298,0,1
64.511617910,0,0
64.511661488,0,1
64.511684720,1,1
64.511704076,1,0
64.511742234,1,1
64.511784826,1,0
64.511829382,1,1
64.519635592,1,0
64.525954526,1,1
64.543345500,0,1
64.543357300,0,0
64.543399892,0,1
64.543423118,1,1
64.543442478,1,0
64.543483588,1,1
64.543505030,0,1
64.543525200,0,0
64.543566324,0,1
64.543589558,1,1
64.543608916,1,0
64.543650026,1,1
64.543692624,1,0
64.543733738,1,1
64.543776330,1,0
64.543817440,1,1
64.543860036,1,0
64.543901146,1,1
64.543922590,0,1
64.543942760,0,0
64.543983876,0,1
64.544025490,0,0
64.544069072,0,1
64.544110682,0,0
64.544148842,0,1
64.544172078,1,1
64.544191434,1,0
64.544235996,1,1
64.544253880,1,0
64.549953610,1,1
64.611383890,0,1
64.611395688,0,0
64.611438272,0,1
64.611479880,0,0
64.611520994,0,1
64.611544232,1,1
64.611563592,1,0
64.611604702,1,1
64.611647296,1,0
64.611688406,1,1
64.611709844,0,1
64.611730014,0,0
64.611771124,0,1
64.611794352,1,1
64.611813708,1,0
64.611854814,1,1
64.611897402,1,0
64.611938504,1,1
64.611959944,0,1
64.611980112,0,0
64.612021226,0,1
64.612062832,0,0
64.612106406,0,1
64.612129638,1,1
64.612148994,1,0
64.612187150,1,1
64.612229742,1,0
64.612274298,1,1
64.612292482,1,0
64.613953258,1,1
64.628952020,0,1
64.628963818,0,0
64.629006404,0,1
64.629048008,0,0
64.629089120,0,1
64.629130722,0,0
64.629171834,0,1
64.629213442,0,0
64.629254554,0,1
64.629296156,0,0
64.629337264,0,1
64.629360498,1,1
64.629379852,1,0
64.629420958,1,1
64.629463548,1,0
64.629504648,1,1
64.629547236,1,0
64.629588342,1,1
64.629630928,1,0
64.629674494,1,1
64.629717088,1,0
64.629755236,1,1
64.629797826,1,0
64.629842380,1,1
64.633470370,0,1
64.633482166,0,0
64.633524746,0,1
64.633566350,0,0
64.633607454,0,1
64.633630682,1,1
64.633650038,1,0
64.633691138,1,1
64.633733726,1,0
64.633774834,1,1
64.633796272,0,1
64.633816438,0,0
64.633857546,0,1
64.633880774,1,1
64.633900128,1,0
64.633941230,1,1
64.633983818,1,0
64.634024924,1,1
64.634046362,0,1
64.634066528,0,0
64.634107640,0,1
64.634149244,0,0
64.634192814,0,1
64.634216044,1,1
64.634235400,1,0
64.634273550,1,1
64.634316136,1,0
64.634360680,1,1
64.641863770,1,0
64.645953042,1,1
64.646812702,0,1
64.646824502,0,0
64.646867092,0,1
64.646908698,0,0
64.646949812,0,1
64.646991416,0,0
64.647032540,0,1
64.647074158,0,0
64.647115276,0,1
64.647156892,0,0
64.647198008,0,1
64.647221238,1,1
64.647240596,1,0
64.647281706,1,1
64.647324292,1,0
64.647365400,1,1
64.647407996,1,0
64.647449106,1,1
64.647491692,1,0
64.647535264,1,1
64.647577856,1,0
64.647616006,1,1
64.647658596,1,0
64.647703146,1,1
64.651328290,0,1
64.651340090,0,0
64.651382678,0,1
64.651405904,1,1
64.651425260,1,0
64.651466368,1,1
64.651487810,0,1
64.651507978,0,0
64.651549092,0,1
64.651572324,1,1
64.651591682,1,0
64.651632790,1,1
64.651675382,1,0
64.651716492,1,1
64.651759084,1,0
64.651800186,1,1
64.651842780,1,0
64.651883892,1,1
64.651905330,0,1
64.651925498,0,0
64.651966610,0,1
64.652008214,0,0
64.652051790,0,1
64.652093394,0,0
64.652131554,0,1
64.652154784,1,1
64.652174138,1,0
64.652218692,1,1
64.660348106,1,0
64.661954298,1,1
64.689383974,0,1
64.689395772,0,0
64.689438362,0,1
64.689461594,1,1
64.689480952,1,0
64.689522064,1,1
64.689543508,0,1
64.689563680,0,0
64.689604798,0,1
64.689628032,1,1
64.689647390,1,0
64.689688496,1,1
64.689731090,1,0
64.689772200,1,1
64.689814784,1,0
64.689855898,1,1
64.689898492,1,0
64.689939604,1,1
64.689961042,0,1
64.689981210,0,0
64.690022322,0,1
64.690063928,0,0
64.690107502,0,1
64.690149110,0,0
64.690187262,0,1
64.690210492,1,1
64.690229846,1,0
64.690274400,1,1
64.690292790,1,0
64.693953474,1,1
64.732924438,0,1
64.732936234,0,0
64.732978818,0,1
64.733020424,0,0
64.733061534,0,1
64.733084762,1,1
64.733104122,1,0
64.733145234,1,1
64.733187826,1,0
64.733228930,1,1
64.733250370,0,1
64.733270540,0,0
64.733311650,0,1
64.733334880,1,1
64.733354236,1,0
64.733395344,1,1
64.733437934,1,0
64.733479038,1,1
64.733500476,0,1
64.733520644,0,0
64.733561762,0,1
64.733603366,0,0
64.733646940,0,1
64.733670176,1,1
64.733689532,1,0
64.733727684,1,1
64.733770274,1,0
64.733814830,1,1
64.733833520,1,0
64.733952760,1,1
64.777097682,0,1
64.777109482,0,0
64.777152070,0,1
64.777193676,0,0
64.777234792,0,1
64.777276400,0,0
64.777317518,0,1
64.777359126,0,0
64.777400242,0,1
64.777441850,0,0
64.777482966,0,1
64.777506198,1,1
64.777525554,1,0
64.777566674,1,1
64.777609266,1,0
64.777650378,1,1
64.777692974,1,0
64.777734082,1,1
64.777776674,1,0
64.777820244,1,1
64.777862840,1,0
64.777900996,1,1
64.777943590,1,0
64.777988140,1,1
64.781613518,0,1
64.781625316,0,0
64.781667902,0,1
64.781691134,1,1
64.781710492,1,0
64.781751602,1,1
64.781773044,0,1
64.781793212,0,0
64.781834326,0,1
64.781857562,1,1
64.781876922,1,0
64.781918038,1,1
64.781960636,1,0
64.782001748,1,1
64.782044344,1,0
64.782085452,1,1
64.782128048,1,0
64.782169158,1,1
64.782190598,0,1
64.782210768,0,0
64.782251882,0,1
64.782293488,0,0
64.782337060,0,1
64.782378670,0,0
64.782416832,0,1
64.782440062,1,1
64.782459418,1,0
64.782503974,1,1
64.789301880,0,1
64.789313680,0,0
64.789356268,0,1
64.789397874,0,0
64.789438988,0,1
64.789480596,0,0
64.789521710,0,1
64.789563324,0,0
64.789604440,0,1
64.789646050,0,0
64.789687164,0,1
64.789710398,1,1
64.789729754,1,0
64.789770868,1,1
64.789813460,1,0
64.789854576,1,1
64.789897176,1,0
64.789938292,1,1
64.789980892,1,0
64.790024468,1,1
64.790067062,1,0
64.790105220,1,1
64.790147814,1,0
64.790192372,1,1
64.793820646,0,1
64.793832446,0,0
64.793875036,0,1
64.793916646,0,0
64.793957764,0,1
64.793980994,1,1
64.794000350,1,0
64.794041462,1,1
64.794084054,1,0
64.794125162,1,1
64.794146602,0,1
64.794166772,0,0
64.794207888,0,1
64.794231118,1,1
64.794250478,1,0
64.794291588,1,1
64.794334182,1,0
64.794375292,1,1
64.794396732,0,1
64.794416904,0,0
64.794458020,0,1
64.794499626,0,0
64.794543206,0,1
64.794566442,1,1
64.794585800,1,0
64.794623958,1,1
64.794666554,1,0
64.794711112,1,1
64.802102036,1,0
64.805954340,1,1
64.842263598,0,1
64.842275394,0,0
64.842317974,0,1
64.842359572,0,0
64.842400676,0,1
64.842423910,1,1
64.842443266,1,0
64.842484376,1,1
64.842526958,1,0
64.842568064,1,1
64.842589502,0,1
64.842609666,0,0
64.842650772,0,1
64.842674000,1,1
64.842693354,1,0
64.842734470,1,1
64.842777068,1,0
64.842818176,1,1
64.842839614,0,1
64.842859782,0,0
64.842900890,0,1
64.842942492,0,0
64.842986066,0,1
64.843009298,1,1
64.843028652,1,0
64.843066804,1,1
64.843109392,1,0
64.843153940,1,1
64.843172126,1,0
64.845953802,1,1
64.855720932,0,1
64.855732730,0,0
64.855775320,0,1
64.855798550,1,1
64.855817908,1,0
64.855859016,1,1
64.855880456,0,1
64.855900624,0,0
64.855941738,0,1
64.855964974,1,1
64.855984330,1,0
64.856025436,1,1
64.856068032,1,0
64.856109142,1,1
64.856151730,1,0
64.856192842,1,1
64.856235438,1,0
64.856276544,1,1
64.856297984,0,1
64.856318154,0,0
64.856359266,0,1
64.856400872,0,0
64.856444444,0,1
64.856486052,0,0
64.856524206,0,1
64.856547442,1,1
64.856566800,1,0
64.856611360,1,1
64.856628728,1,0
64.861952862,1,1
64.929002214,0,1
64.929014012,0,0
64.929056596,0,1
64.929098202,0,0
64.929139310,0,1
64.929180912,0,0
64.929222024,0,1
64.929263628,0,0
64.929304740,0,1
64.929346344,0,0
64.929387452,0,1
64.929410680,1,1
64.929430036,1,0
64.929471144,1,1
64.929513734,1,0
64.929554844,1,1
64.929597438,1,0
64.929638546,1,1
64.929681130,1,0
64.929724700,1,1
64.929767288,1,0
64.929805438,1,1
64.929848024,1,0
64.929892572,1,1
64.933517460,0,1
64.933529256,0,0
64.933571840,0,1
64.933595066,1,1
64.933614420,1,0
64.933655526,1,1
64.933676966,0,1
64.933697134,0,0
64.933738244,0,1
64.933761472,1,1
64.933780828,1,0
64.933821936,1,1
64.933864526,1,0
64.933905638,1,1
64.933948234,1,0
64.933989342,1,1
64.934031932,1,0
64.934073040,1,1
64.934094480,0,1
64.934114646,0,0
64.934155748,0,1
64.934197354,0,0
64.934240926,0,1
64.934282526,0,0
64.934320684,0,1
64.934343914,1,1
64.934363268,1,0
64.934407820,1,1
64.941797206,1,0
64.941953142,1,1
64.948922068,0,1
64.948933866,0,0
64.948976456,0,1
64.949018060,0,0
64.949059174,0,1
64.949100778,0,0
64.949141894,0,1
64.949183500,0,0
64.949224612,0,1
64.949266220,0,0
64.949307330,0,1
64.949330564,1,1
64.949349918,1,0
64.949391028,1,1
64.949433620,1,0
64.949474722,1,1
64.949517308,1,0
64.949558418,1,1
64.949601002,1,0
64.949644572,1,1
64.949687160,1,0
64.949725310,1,1
64.949767898,1,0
64.949812450,1,1
64.953440602,0,1
64.953452402,0,0
64.953494988,0,1
64.953536594,0,0
64.953577712,0,1
64.953600948,1,1
64.953620304,1,0
64.953661412,1,1
64.953704002,1,0
64.953745110,1,1
64.953766552,0,1
64.953786720,0,0
64.953827832,0,1
64.953851068,1,1
64.953870426,1,0
64.953911538,1,1
64.953954128,1,0
64.953995238,1,1
64.954016680,0,1
64.954036850,0,0
64.954077960,0,1
64.954119564,0,0
64.954163136,0,1
64.954186366,1,1
64.954205724,1,0
64.954243884,1,1
64.954286474,1,0
64.954331024,1,1
64.962343072,1,0
64.965953772,1,1
65.008149608,0,1
65.008161406,0,0
65.008203988,0,1
65.008245592,0,0
65.008286700,0,1
65.008309930,1,1
65.008329286,1,0
65.008370392,1,1
65.008412982,1,0
65.008454084,1,1
65.008475524,0,1
65.008495690,0,0
65.008536806,0,1
65.008560042,1,1
65.008579400,1,0
65.008620512,1,1
65.008663108,1,0
65.008704212,1,1
65.008725652,0,1
65.008745820,0,0
65.008786932,0,1
65.008828536,0,0
65.008872108,0,1
65.008895340,1,1
65.008914696,1,0
65.008952848,1,1
65.008995432,1,0
65.009039980,1,1
65.009058446,1,0
65.013953700,1,1
65.016697318,0,1
65.016709116,0,0
65.016751702,0,1
65.016793308,0,0
65.016834418,0,1
65.016876024,0,0
65.016917138,0,1
65.016940370,1,1
65.016959722,1,0
65.017000826,1,1
65.017043418,1,0
65.017084524,1,1
65.017127110,1,0
65.017168220,1,1
65.017210810,1,0
65.017251916,1,1
65.017273354,0,1
65.017293522,0,0
65.017334634,0,1
65.017376236,0,0
65.017419812,0,1
65.017443044,1,1
65.017462400,1,0
65.017500554,1,1
65.017543146,1,0
65.017587700,1,1
65.017606202,1,0
65.021953918,1,1
65.024244996,0,1
65.024256796,0,0
65.024299382,0,1
65.024322608,1,1
65.024341964,1,0
65.024383070,1,1
65.024404510,0,1
65.024424678,0,0
65.024465788,0,1
65.024489018,1,1
65.024508376,1,0
65.024549486,1,1
65.024592074,1,0
65.024633180,1,1
65.024675770,1,0
65.024716878,1,1
65.024759468,1,0
65.024800582,1,1
65.024822018,0,1
65.024842188,0,0
65.024883302,0,1
65.024924906,0,0
65.024968478,0,1
65.025010082,0,0
65.025048246,0,1
65.025071476,1,1
65.025090834,1,0
65.025135390,1,1
65.025153112,1,0
65.029953176,1,1
65.034986028,0,1
65.034997826,0,0
65.035040410,0,1
65.035063640,1,1
65.035082996,1,0
65.035124106,1,1
65.035145544,0,1
65.035165714,0,0
65.035206822,0,1
65.035230054,1,1
65.035249410,1,0
65.035290520,1,1
65.035311956,0,1
65.035332124,0,0
65.035373236,0,1
65.035396472,1,1
65.035415832,1,0
65.035456948,1,1
65.035499544,1,0
65.035540652,1,1
65.035562090,0,1
65.035582256,0,0
65.035623368,0,1
65.035664972,0,0
65.035708544,0,1
65.035731778,1,1
65.035751132,1,0
65.035789286,1,1
65.035831874,1,0
65.035876426,1,1
65.035894148,1,0
65.037952718,1,1
65.078259028,0,1
65.078270826,0,0
65.078313412,0,1
65.078355016,0,0
65.078396130,0,1
65.078437736,0,0
65.078478852,0,1
65.078520456,0,0
65.078561576,0,1
65.078603184,0,0
65.078644302,0,1
65.078667532,1,1
65.078686890,1,0
65.078727996,1,1
65.078770586,1,0
65.078811694,1,1
65.078854278,1,0
65.078895382,1,1
65.078937972,1,0
65.078981538,1,1
65.079024132,1,0
65.079062288,1,1
65.079104874,1,0
65.079149428,1,1
65.082777730,0,1
65.082789528,0,0
65.082832114,0,1
65.082873718,0,0
65.082914824,0,1
65.082956428,0,0
65.082997536,0,1
65.083020764,1,1
65.083040118,1,0
65.083081226,1,1
65.083123816,1,0
65.083164918,1,1
65.083207506,1,0
65.083248616,1,1
65.083291202,1,0
65.083332308,1,1
65.083353748,0,1
65.083373918,0,0
65.083415024,0,1
65.083456626,0,0
65.083500198,0,1
65.083523428,1,1
65.083542786,1,0
65.083580938,1,1
65.083623530,1,0
65.083668082,1,1
65.087296176,0,1
65.087307978,0,0
65.087350572,0,1
65.087392178,0,0
65.087433290,0,1
65.087474890,0,0
65.087516000,0,1
65.087557610,0,0
65.087598718,0,1
65.087640328,0,0
65.087681442,0,1
65.087704672,1,1
65.087724030,1,0
65.087765140,1,1
65.087807730,1,0
65.087848840,1,1
65.087891426,1,0
65.087932532,1,1
65.087975122,1,0
65.088018688,1,1
65.088061282,1,0
65.088099442,1,1
65.088142032,1,0
65.088186590,1,1
65.091811730,0,1
65.091823528,0,0
65.091866118,0,1
65.091889344,1,1
65.091908702,1,0
65.091949810,1,1
65.091971252,0,1
65.091991424,0,0
65.092032542,0,1
65.092055774,1,1
65.092075132,1,0
65.092116246,1,1
65.092158846,1,0
65.092199958,1,1
65.092242548,1,0
65.092283654,1,1
65.092326240,1,0
65.092367342,1,1
65.092388780,0,1
65.092408948,0,0
65.092450060,0,1
65.092491662,0,0
65.092535238,0,1
65.092576844,0,0
65.092614998,0,1
65.092638234,1,1
65.092657590,1,0
65.092702150,1,1
65.096330070,0,1
65.096341870,0,0
65.096384454,0,1
65.096426056,0,0
65.096467168,0,1
65.096508772,0,0
65.096549884,0,1
65.096591496,0,0
65.096632612,0,1
65.096674216,0,0
65.096715330,0,1
65.096738562,1,1
65.096757918,1,0
65.096799030,1,1
65.096841618,1,0
65.096882724,1,1
65.096925314,1,0
65.096966422,1,1
65.097009012,1,0
65.097052578,1,1
65.097095168,1,0
65.097133326,1,1
65.097175914,1,0
65.097220464,1,1
65.100848536,0,1
65.100860332,0,0
65.100902918,0,1
65.100926146,1,1
65.100945500,1,0
65.100986604,1,1
65.101008044,0,1
65.101028214,0,0
65.101069328,0,1
65.101092558,1,1
65.101111914,1,0
65.101153018,1,1
65.101174462,0,1
65.101194630,0,0
65.101235744,0,1
65.101258972,1,1
65.101278328,1,0
65.101319436,1,1
65.101362026,1,0
65.101403130,1,1
65.101424572,0,1
65.101444742,0,0
65.101485856,0,1
65.101527458,0,0
65.101571036,0,1
65.101571038,0,0
65.101571040,0,1
65.101594270,1,1
65.101613628,1,0
65.101651782,1,1
65.101694370,1,0
65.101738926,1,1
65.109208086,1,0
65.109959476,1,1
65.116251704,0,1
65.116263502,0,0
65.116306088,0,1
65.116347688,0,0
65.116388800,0,1
65.116430404,0,0
65.116471518,0,1
65.116513128,0,0
65.116554250,0,1
65.116595872,0,0
65.116637010,0,1
65.116660252,1,1
65.116679610,1,0
65.116720724,1,1
65.116763320,1,0
65.116804428,1,1
65.116847022,1,0
65.116888130,1,1
65.116930716,1,0
65.116974282,1,1
65.117016866,1,0
65.117055018,1,1
65.117097604,1,0
65.117142154,1,1
65.120770082,0,1
65.120781878,0,0
65.120824464,0,1
65.120866064,0,0
65.120907174,0,1
65.120930402,1,1
65.120949758,1,0
65.120990866,1,1
65.121033454,1,0
65.121074558,1,1
65.121095998,0,1
65.121116166,0,0
65.121157274,0,1
65.121180502,1,1
65.121199854,1,0
65.121240958,1,1
65.121283548,1,0
65.121324648,1,1
65.121346090,0,1
65.121366260,0,0
65.121407368,0,1
65.121448970,0,0
65.121492544,0,1
65.121515776,1,1
65.121535132,1,0
65.121573290,1,1
65.121615882,1,0
65.121660434,1,1
65.129754922,1,0
65.133953814,1,1
65.148033088,0,1
65.148044878,0,0
65.148087440,0,1
65.148087444,0,0
65.148087446,0,1
65.148129028,0,0
65.148170120,0,1
65.148193340,1,1
65.148212690,1,0
65.148253782,1,1
65.148296354,1,0
65.148337440,1,1
65.148380012,1,0
65.148421096,1,1
65.148463664,1,0
65.148504752,1,1
65.148547328,1,0
65.148588422,1,1
65.148609852,0,1
65.148630014,0,0
65.148671108,0,1
65.148712696,0,0
65.148756246,0,1
65.148797836,0,0
65.148835972,0,1
65.148859194,1,1
65.148878542,1,0
65.148923074,1,1
65.148940568,1,0
65.149953060,1,1
65.197658990,0,1
65.197670788,0,0
65.197713372,0,1
65.197754972,0,0
65.197796086,0,1
65.197819312,1,1
65.197838668,1,0
65.197879780,1,1
65.197922380,1,0
65.197963490,1,1
65.197984930,0,1
65.198005100,0,0
65.198046214,0,1
65.198069444,1,1
65.198088800,1,0
65.198129900,1,1
65.198172488,1,0
65.198213590,1,1
65.198235026,0,1
65.198255192,0,0
65.198296300,0,1
65.198337902,0,0
65.198381472,0,1
65.198404700,1,1
65.198424058,1,0
65.198462212,1,1
65.198504800,1,0
65.198549354,1,1
65.198567714,1,0
65.205952994,1,1
65.217719646,0,1
65.217731446,0,0
65.217774030,0,1
65.217815632,0,0
65.217856744,0,1
65.217898352,0,0
65.217939468,0,1
65.217981076,0,0
65.218022192,0,1
65.218063798,0,0
65.218104916,0,1
65.218128146,1,1
65.218147502,1,0
65.218188608,1,1
65.218231202,1,0
65.218272312,1,1
65.218314904,1,0
65.218356012,1,1
65.218398604,1,0
65.218442174,1,1
65.218484768,1,0
65.218522920,1,1
65.218565516,1,0
65.218610066,1,1
65.218610068,1,0
65.218610072,1,1
65.222238222,0,1
65.222250022,0,0
65.222292608,0,1
65.222334212,0,0
65.222375322,0,1
65.222398556,1,1
65.222417912,1,0
65.222459022,1,1
65.222501608,1,0
65.222542718,1,1
65.222564164,0,1
65.222584334,0,0
65.222625448,0,1
65.222648680,1,1
65.222668036,1,0
65.222709148,1,1
65.222751742,1,0
65.222792850,1,1
65.222814294,0,1
65.222834466,0,0
65.222875582,0,1
65.222917186,0,0
65.222960758,0,1
65.222983992,1,1
65.223003348,1,0
65.223041500,1,1
65.223084092,1,0
65.223128640,1,1
65.230411902,1,0
65.237953456,1,1
65.238156218,0,1
65.238168018,0,0
65.238210610,0,1
65.238252218,0,0
65.238293336,0,1
65.238334942,0,0
65.238376054,0,1
65.238417662,0,0
65.238458778,0,1
65.238500382,0,0
65.238541508,0,1
65.238564746,1,1
65.238584104,1,0
65.238625212,1,1
65.238667804,1,0
65.238708914,1,1
65.238751506,1,0
65.238792616,1,1
65.238835210,1,0
65.238878780,1,1
65.238921370,1,0
65.238959528,1,1
65.239002114,1,0
65.239046666,1,1
65.242671734,0,1
65.242683534,0,0
65.242726134,0,1
65.242767744,0,0
65.242808860,0,1
65.242832092,1,1
65.242851448,1,0
65.242892562,1,1
65.242935158,1,0
65.242976270,1,1
65.243018866,1,0
65.243059974,1,1
65.243102558,1,0
65.243143664,1,1
65.243186252,1,0
65.243227354,1,1
65.243248794,0,1
65.243268964,0,0
65.243310072,0,1
65.243351672,0,0
65.243395242,0,1
65.243436848,0,0
65.243475010,0,1
65.243498242,1,1
65.243517600,1,0
65.243562162,1,1
65.243562164,1,0
65.243562166,1,1
65.250944934,1,0
65.253953958,1,1
65.302039860,0,1
65.302051658,0,0
65.302094240,0,1
65.302135842,0,0
65.302176950,0,1
65.302200178,1,1
65.302219534,1,0
65.302260642,1,1
65.302303228,1,0
65.302344330,1,1
65.302386918,1,0
65.302428018,1,1
65.302470604,1,0
65.302511710,1,1
65.302554300,1,0
65.302595400,1,1
65.302616842,0,1
65.302637008,0,0
65.302678116,0,1
65.302719712,0,0
65.302763284,0,1
65.302804886,0,0
65.302843040,0,1
65.302866266,1,1
65.302885622,1,0
65.302930176,1,1
65.302948788,1,0
65.309952152,1,1
65.310278644,0,1
65.310290442,0,0
65.310333024,0,1
65.310374632,0,0
65.310415746,0,1
65.310438980,1,1
65.310458336,1,0
65.310499448,1,1
65.310542042,1,0
65.310583156,1,1
65.310625746,1,0
65.310666856,1,1
65.310688294,0,1
65.310708462,0,0
65.310749576,0,1
65.310772806,1,1
65.310792164,1,0
65.310833266,1,1
65.310854706,0,1
65.310874874,0,0
65.310915982,0,1
65.310957586,0,0
65.311001158,0,1
65.311024394,1,1
65.311043752,1,0
65.311081908,1,1
65.311124498,1,0
65.311169056,1,1
65.311187158,1,0
65.317952422,1,1
65.359937366,0,1
65.359949164,0,0
65.359991748,0,1
65.360014978,1,1
65.360034334,1,0
65.360075440,1,1
65.360096874,0,1
65.360117040,0,0
65.360158148,0,1
65.360181376,1,1
65.360200732,1,0
65.360241836,1,1
65.360284422,1,0
65.360325526,1,1
65.360368114,1,0
65.360409218,1,1
65.360451804,1,0
65.360492908,1,1
65.360514348,0,1
65.360534516,0,0
65.360575630,0,1
65.360617232,0,0
65.360660804,0,1
65.360702410,0,0
65.360740568,0,1
65.360763798,1,1
65.360783152,1,0
65.360827710,1,1
65.360846026,1,0
65.365952986,1,1
65.377056120,0,1
65.377067918,0,0
65.377110504,0,1
65.377152108,0,0
65.377193218,0,1
65.377234826,0,0
65.377275938,0,1
65.377317544,0,0
65.377358658,0,1
65.377400264,0,0
65.377441378,0,1
65.377464608,1,1
65.377483964,1,0
65.377525074,1,1
65.377567666,1,0
65.377608776,1,1
65.377651364,1,0
65.377692468,1,1
65.377735062,1,0
65.377778636,1,1
65.377821228,1,0
65.377859394,1,1
65.377901990,1,0
65.377946542,1,1
65.381571678,0,1
65.381583478,0,0
65.381626064,0,1
65.381649294,1,1
65.381668654,1,0
65.381709762,1,1
65.381731202,0,1
65.381751370,0,0
65.381792486,0,1
65.381815718,1,1
65.381835076,1,0
65.381876192,1,1
65.381918792,1,0
65.381959906,1,1
65.382002504,1,0
65.382043616,1,1
65.382086210,1,0
65.382127322,1,1
65.382148760,0,1
65.382168930,0,0
65.382210048,0,1
65.382251654,0,0
65.382295228,0,1
65.382336838,0,0
65.382374998,0,1
65.382398228,1,1
65.382417588,1,0
65.382462148,1,1
65.390628226,1,0
65.397952642,1,1
65.400290260,0,1
65.400302060,0,0
65.400344642,0,1
65.400386250,0,0
65.400427368,0,1
65.400468972,0,0
65.400510082,0,1
65.400551692,0,0
65.400592810,0,1
65.400634422,0,0
65.400675548,0,1
65.400698784,1,1
65.400718142,1,0
65.400759258,1,1
65.400801856,1,0
65.400842980,1,1
65.400885578,1,0
65.400926700,1,1
65.400969304,1,0
65.401012884,1,1
65.401055486,1,0
65.401093650,1,1
65.401136244,1,0
65.401180798,1,1
65.404806026,0,1
65.404817824,0,0
65.404860414,0,1
65.404902018,0,0
65.404943130,0,1
65.404966362,1,1
65.404985720,1,0
65.405026834,1,1
65.405069422,1,0
65.405110534,1,1
65.405153128,1,0
65.405194236,1,1
65.405236828,1,0
65.405277938,1,1
65.405320528,1,0
65.405361636,1,1
65.405383076,0,1
65.405403246,0,0
65.405444360,0,1
65.405485962,0,0
65.405529540,0,1
65.405571150,0,0
65.405609310,0,1
65.405632542,1,1
65.405651900,1,0
65.405696454,1,1
65.409324704,0,1
65.409336504,0,0
65.409379092,0,1
65.409420696,0,0
65.409461812,0,1
65.409503418,0,0
65.409544532,0,1
65.409586146,0,0
65.409627262,0,1
65.409668868,0,0
65.409709982,0,1
65.409733212,1,1
65.409752570,1,0
65.409793678,1,1
65.409836268,1,0
65.409877378,1,1
65.409919968,1,0
65.409961074,1,1
65.410003666,1,0
65.410047230,1,1
65.410089820,1,0
65.410127974,1,1
65.410170562,1,0
65.410215116,1,1
65.413843310,0,1
65.413855108,0,0
65.413897702,0,1
65.413939318,0,0
65.413980438,0,1
65.414003672,1,1
65.414023032,1,0
65.414064144,1,1
65.414106738,1,0
65.414147846,1,1
65.414190440,1,0
65.414231546,1,1
65.414252988,0,1
65.414273154,0,0
65.414314266,0,1
65.414337496,1,1
65.414356852,1,0
65.414397958,1,1
65.414419400,0,1
65.414439570,0,0
65.414480682,0,1
65.414522290,0,0
65.414565868,0,1
65.414589104,1,1
65.414608462,1,0
65.414646616,1,1
65.414689212,1,0
65.414733770,1,1
65.422466394,1,0
65.429953966,1,1
65.441330304,0,1
65.441342100,0,0
65.441384690,0,1
65.441426290,0,0
65.441467404,0,1
65.441490630,1,1
65.441509984,1,0
65.441551094,1,1
65.441593686,1,0
65.441634790,1,1
65.441677378,1,0
65.441718484,1,1
65.441761070,1,0
65.441802178,1,1
65.441844766,1,0
65.441885876,1,1
65.441907316,0,1
65.441927484,0,0
65.441968594,0,1
65.442010194,0,0
65.442053766,0,1
65.442095370,0,0
65.442133526,0,1
65.442156756,1,1
65.442176108,1,0
65.442220662,1,1
65.442238344,1,0
65.445952872,1,1
65.455254000,0,1
65.455265798,0,0
65.455308384,0,1
65.455349992,0,0
65.455391104,0,1
65.455414332,1,1
65.455433690,1,0
65.455474800,1,1
65.455517392,1,0
65.455558500,1,1
65.455601096,1,0
65.455642204,1,1
65.455663644,0,1
65.455683812,0,0
65.455724930,0,1
65.455748164,1,1
65.455767520,1,0
65.455808628,1,1
65.455830070,0,1
65.455850242,0,0
65.455891356,0,1
65.455932960,0,0
65.455976536,0,1
65.455999766,1,1
65.456019124,1,0
65.456057276,1,1
65.456099868,1,0
65.456144424,1,1
65.456161914,1,0
65.461954002,1,1
65.463567134,0,1
65.463578934,0,0
65.463621526,0,1
65.463644758,1,1
65.463664114,1,0
65.463705228,1,1
65.463726668,0,1
65.463746838,0,0
65.463787954,0,1
65.463811182,1,1
65.463830540,1,0
65.463871656,1,1
65.463914246,1,0
65.463955358,1,1
65.463997952,1,0
65.464039062,1,1
65.464081654,1,0
65.464122762,1,1
65.464144204,0,1
65.464164374,0,0
65.464205490,0,1
65.464247096,0,0
65.464290676,0,1
65.464332280,0,0
65.464370440,0,1
65.464393676,1,1
65.464413032,1,0
65.464457586,1,1
65.464474994,1,0
65.469954088,1,1
65.527445764,0,1
65.527457562,0,0
65.527500150,0,1
65.527541756,0,0
65.527582874,0,1
65.527624478,0,0
65.527665590,0,1
65.527707198,0,0
65.527748310,0,1
65.527789918,0,0
65.527831036,0,1
65.527854270,1,1
65.527873626,1,0
65.527914736,1,1
65.527957330,1,0
65.527998442,1,1
65.528041032,1,0
65.528082142,1,1
65.528124728,1,0
65.528168294,1,1
65.528210886,1,0
65.528249034,1,1
65.528291616,1,0
65.528336164,1,1
65.531961136,0,1
65.531972932,0,0
65.532015522,0,1
65.532038754,1,1
65.532058110,1,0
65.532099220,1,1
65.532120660,0,1
65.532140832,0,0
65.532181944,0,1
65.532205176,1,1
65.532224532,1,0
65.532265648,1,1
65.532308244,1,0
65.532349350,1,1
65.532349354,1,0
65.532349356,1,1
65.532391946,1,0
65.532433058,1,1
65.532475648,1,0
65.532516758,1,1
65.532538202,0,1
65.532558372,0,0
65.532599486,0,1
65.532641096,0,0
65.532684674,0,1
65.532726284,0,0
65.532764442,0,1
65.532787678,1,1
65.532807032,1,0
65.532851588,1,1
65.539544398,0,1
65.539556198,0,0
65.539598788,0,1
65.539640394,0,0
65.539681506,0,1
65.539723114,0,0
65.539764230,0,1
65.539805834,0,0
65.539846950,0,1
65.539888560,0,0
65.539929676,0,1
65.539952906,1,1
65.539972264,1,0
65.540013378,1,1
65.540055968,1,0
65.540097078,1,1
65.540139672,1,0
65.540180784,1,1
65.540223376,1,0
65.540266948,1,1
65.540309538,1,0
65.540347688,1,1
65.540390280,1,0
65.540434836,1,1
65.544060088,0,1
65.544071888,0,0
65.544114474,0,1
65.544156076,0,0
65.544197186,0,1
65.544220420,1,1
65.544239774,1,0
65.544280876,1,1
65.544323470,1,0
65.544364580,1,1
65.544407166,1,0
65.544448270,1,1
65.544490862,1,0
65.544531968,1,1
65.544574560,1,0
65.544615674,1,1
65.544637110,0,1
65.544657278,0,0
65.544698390,0,1
65.544740000,0,0
65.544783572,0,1
65.544825176,0,0
65.544863334,0,1
65.544886566,1,1
65.544905922,1,0
65.544950476,1,1
65.552919382,1,0
65.557952224,1,1
65.560491060,0,1
65.560502860,0,0
65.560545450,0,1
65.560587064,0,0
65.560628182,0,1
65.560669788,0,0
65.560710902,0,1
65.560752512,0,0
65.560793624,0,1
65.560835234,0,0
65.560876352,0,1
65.560899586,1,1
65.560918944,1,0
65.560960058,1,1
65.561002652,1,0
65.561043760,1,1
65.561086356,1,0
65.561127470,1,1
65.561170062,1,0
65.561213636,1,1
65.561256228,1,0
65.561294382,1,1
65.561336974,1,0
65.561381534,1,1
65.565009798,0,1
65.565021598,0,0
65.565064190,0,1
65.565105796,0,0
65.565146912,0,1
65.565170150,1,1
65.565189508,1,0
65.565230618,1,1
65.565273206,1,0
65.565314314,1,1
65.565356906,1,0
65.565398012,1,1
65.565419456,0,1
65.565439628,0,0
65.565480746,0,1
65.565503976,1,1
65.565523334,1,0
65.565564450,1,1
65.565585894,0,1
65.565606066,0,0
65.565647180,0,1
65.565688790,0,0
65.565732368,0,1
65.565755600,1,1
65.565774956,1,0
65.565813116,1,1
65.565855712,1,0
65.565900274,1,1
65.573458170,1,0
65.573952602,1,1
65.589829708,0,1
65.589841508,0,0
65.589884100,0,1
65.589925714,0,0
65.589966836,0,1
65.589966838,0,0
65.589966842,0,1
65.589990072,1,1
65.590009430,1,0
65.590050540,1,1
65.590093136,1,0
65.590134242,1,1
65.590176828,1,0
65.590217938,1,1
65.590260528,1,0
65.590301632,1,1
65.590344224,1,0
65.590385332,1,1
65.590406770,0,1
65.590426936,0,0
65.590468050,0,1
65.590509652,0,0
65.590553224,0,1
65.590594830,0,0
65.590632986,0,1
65.590656212,1,1
65.590675568,1,0
65.590720120,1,1
65.590738020,1,0
65.597952414,1,1
65.603751904,0,1
65.603763706,0,0
65.603806296,0,1
65.603829530,1,1
65.603848890,1,0
65.603890002,1,1
65.603911440,0,1
65.603931612,0,0
65.603972730,0,1
65.603995962,1,1
65.604015320,1,0
65.604056428,1,1
65.604099022,1,0
65.604140132,1,1
65.604182722,1,0
65.604223834,1,1
65.604266428,1,0
65.604307538,1,1
65.604328978,0,1
65.604349150,0,0
65.604390268,0,1
65.604431876,0,0
65.604475456,0,1
65.604517066,0,0
65.604555232,0,1
65.604578462,1,1
65.604597820,1,0
65.604642382,1,1
65.604660464,1,0
65.605952044,1,1
65.612066556,0,1
65.612078356,0,0
65.612120946,0,1
65.612162552,0,0
65.612203668,0,1
65.612226902,1,1
65.612246260,1,0
65.612287372,1,1
65.612329962,1,0
65.612371074,1,1
65.612413668,1,0
65.612454776,1,1
65.612476216,0,1
65.612496388,0,0
65.612537500,0,1
65.612560734,1,1
65.612580090,1,0
65.612621202,1,1
65.612642644,0,1
65.612662814,0,0
65.612703924,0,1
65.612745528,0,0
65.612789106,0,1
65.612812334,1,1
65.612831692,1,0
65.612869846,1,1
65.612912440,1,0
65.612956992,1,1
65.612974606,1,0
65.613952332,1,1
65.678948344,0,1
65.678960142,0,0
65.679002724,0,1
65.679044320,0,0
65.679085416,0,1
65.679127004,0,0
65.679168094,0,1
65.679209684,0,0
65.679250774,0,1
65.679292362,0,0
65.679333452,0,1
65.679356672,1,1
65.679376020,1,0
65.679417106,1,1
65.679459676,1,0
65.679500756,1,1
65.679500762,1,0
65.679500764,1,1
65.679543328,1,0
65.679584412,1,1
65.679626984,1,0
65.679670538,1,1
65.679713120,1,0
65.679751268,1,1
65.679793850,1,0
65.679838396,1,1
65.683463340,0,1
65.683475138,0,0
65.683517726,0,1
65.683559336,0,0
65.683600444,0,1
65.683623676,1,1
65.683643032,1,0
65.683684144,1,1
65.683726732,1,0
65.683767840,1,1
65.683810432,1,0
65.683851540,1,1
65.683894130,1,0
65.683935236,1,1
65.683977826,1,0
65.684018932,1,1
65.684040374,0,1
65.684060544,0,0
65.684101652,0,1
65.684143254,0,0
65.684186830,0,1
65.684228436,0,0
65.684266590,0,1
65.684289818,1,1
65.684309176,1,0
65.684353730,1,1
65.687981692,0,1
65.687993490,0,0
65.688036074,0,1
65.688077678,0,0
65.688118796,0,1
65.688160404,0,0
65.688201518,0,1
65.688243120,0,0
65.688284232,0,1
65.688325836,0,0
65.688366950,0,1
65.688390180,1,1
65.688409536,1,0
65.688450638,1,1
65.688493224,1,0
65.688534330,1,1
65.688576922,1,0
65.688618030,1,1
65.688660622,1,0
65.688704192,1,1
65.688746782,1,0
65.688784934,1,1
65.688827522,1,0
65.688872074,1,1
65.692496996,0,1
65.692508794,0,0
65.692551384,0,1
65.692574618,1,1
65.692593976,1,0
65.692635084,1,1
65.692656522,0,1
65.692676696,0,0
65.692717824,0,1
65.692741056,1,1
65.692760412,1,0
65.692801522,1,1
65.692844116,1,0
65.692885226,1,1
65.692927812,1,0
65.692968922,1,1
65.693011514,1,0
65.693052622,1,1
65.693074060,0,1
65.693094232,0,0
65.693135342,0,1
65.693176944,0,0
65.693220516,0,1
65.693262124,0,0
65.693300282,0,1
65.693323514,1,1
65.693342872,1,0
65.693387430,1,1
65.700185096,0,1
65.700196894,0,0
65.700239478,0,1
65.700281078,0,0
65.700322194,0,1
65.700363798,0,0
65.700404912,0,1
65.700446522,0,0
65.700487636,0,1
65.700529246,0,0
65.700570368,0,1
65.700593602,1,1
65.700612960,1,0
65.700654074,1,1
65.700696668,1,0
65.700737776,1,1
65.700780366,1,0
65.700821476,1,1
65.700864066,1,0
65.700907634,1,1
65.700950220,1,0
65.700988376,1,1
65.701030964,1,0
65.701075518,1,1
65.704703732,0,1
65.704715532,0,0
65.704758118,0,1
65.704799722,0,0
65.704840834,0,1
65.704864066,1,1
65.704883424,1,0
65.704924538,1,1
65.704967128,1,0
65.705008238,1,1
65.705050830,1,0
65.705091938,1,1
65.705113380,0,1
65.705133548,0,0
65.705174660,0,1
65.705197896,1,1
65.705217252,1,0
65.705258360,1,1
65.705279804,0,1
65.705299976,0,0
65.705341084,0,1
65.705382688,0,0
65.705426266,0,1
65.705449496,1,1
65.705468854,1,0
65.705507010,1,1
65.705549608,1,0
65.705594162,1,1
65.713154330,1,0
65.717953736,1,1
65.745673108,0,1
65.745684906,0,0
65.745727488,0,1
65.745769088,0,0
65.745810196,0,1
65.745833428,1,1
65.745852784,1,0
65.745893888,1,1
65.745936478,1,0
65.745977584,1,1
65.746020168,1,0
65.746061274,1,1
65.746103862,1,0
65.746144968,1,1
65.746187556,1,0
65.746228662,1,1
65.746250098,0,1
65.746270266,0,0
65.746311374,0,1
65.746352980,0,0
65.746396550,0,1
65.746438154,0,0
65.746476310,0,1
65.746499538,1,1
65.746518894,1,0
65.746563452,1,1
65.746580974,1,0
65.749953086,1,1
65.753979810,0,1
65.753991606,0,0
65.754034192,0,1
65.754057426,1,1
65.754076782,1,0
65.754117888,1,1
65.754139326,0,1
65.754159494,0,0
65.754200608,0,1
65.754223838,1,1
65.754243192,1,0
65.754284300,1,1
65.754326892,1,0
65.754367998,1,1
65.754410584,1,0
65.754451694,1,1
65.754494278,1,0
65.754535382,1,1
65.754556826,0,1
65.754576996,0,0
65.754618110,0,1
65.754659714,0,0
65.754703292,0,1
65.754744898,0,0
65.754783058,0,1
65.754806292,1,1
65.754825650,1,0
65.754870208,1,1
65.754870214,1,0
65.754870216,1,1
65.754887662,1,0
65.757951990,1,1
65.765106430,0,1
65.765118228,0,0
65.765160812,0,1
65.765202416,0,0
65.765243530,0,1
65.765266760,1,1
65.765286116,1,0
65.765327230,1,1
65.765369820,1,0
65.765410924,1,1
65.765453516,1,0
65.765494620,1,1
65.765516060,0,1
65.765536228,0,0
65.765577346,0,1
65.765600578,1,1
65.765619936,1,0
65.765661050,1,1
65.765682490,0,1
65.765702662,0,0
65.765743778,0,1
65.765785382,0,0
65.765828960,0,1
65.765852198,1,1
65.765871556,1,0
65.765909720,1,1
65.765952320,1,0
65.765996882,1,1
65.766015218,1,0
65.773952274,1,1
65.815373050,0,1
65.815384850,0,0
65.815427434,0,1
65.815469036,0,0
65.815510146,0,1
65.815551756,0,0
65.815592866,0,1
65.815634468,0,0
65.815675578,0,1
65.815717180,0,0
65.815758292,0,1
65.815781526,1,1
65.815800882,1,0
65.815841992,1,1
65.815884582,1,0
65.815925688,1,1
65.815968278,1,0
65.816009386,1,1
65.816051978,1,0
65.816095544,1,1
65.816138132,1,0
65.816176284,1,1
65.816176286,1,0
65.816176290,1,1
65.816218876,1,0
65.816263424,1,1
65.819888550,0,1
65.819900350,0,0
65.819942936,0,1
65.819984538,0,0
65.820025646,0,1
65.820048874,1,1
65.820068228,1,0
65.820109340,1,1
65.820151926,1,0
65.820193030,1,1
65.820235622,1,0
65.820276734,1,1
65.820319320,1,0
65.820360434,1,1
65.820403022,1,0
65.820444128,1,1
65.820465570,0,1
65.820485742,0,0
65.820526858,0,1
65.820568466,0,0
65.820612040,0,1
65.820653652,0,0
65.820691810,0,1
65.820715040,1,1
65.820734398,1,0
65.820778956,1,1
65.828177606,1,0
65.829951884,1,1
65.832471576,0,1
65.832483374,0,0
65.832525956,0,1
65.832567562,0,0
65.832608672,0,1
65.832650278,0,0
65.832691392,0,1
65.832732994,0,0
65.832774102,0,1
65.832815706,0,0
65.832856818,0,1
65.832880046,1,1
65.832899402,1,0
65.832940510,1,1
65.832983100,1,0
65.833024202,1,1
65.833066788,1,0
65.833107892,1,1
65.833150476,1,0
65.833194046,1,1
65.833236632,1,0
65.833274780,1,1
65.833317366,1,0
65.833361916,1,1
65.836987038,0,1
65.836998836,0,0
65.837041418,0,1
65.837064646,1,1
65.837084000,1,0
65.837125104,1,1
65.837146544,0,1
65.837166714,0,0
65.837207822,0,1
65.837231052,1,1
65.837250406,1,0
65.837291512,1,1
65.837291518,1,0
65.837291520,1,1
65.837334104,1,0
65.837375208,1,1
65.837417800,1,0
65.837458908,1,1
65.837501500,1,0
65.837542612,1,1
65.837564056,0,1
65.837584226,0,0
65.837625338,0,1
65.837666944,0,0
65.837710522,0,1
65.837752128,0,0
65.837790288,0,1
65.837813520,1,1
65.837832876,1,0
65.837877434,1,1
65.844674888,0,1
65.844686686,0,0
65.844729270,0,1
65.844770870,0,0
65.844811978,0,1
65.844853580,0,0
65.844894694,0,1
65.844936298,0,0
65.844977410,0,1
65.845019018,0,0
65.845060132,0,1
65.845083360,1,1
65.845102714,1,0
65.845143822,1,1
65.845186406,1,0
65.845227512,1,1
65.845270098,1,0
65.845311206,1,1
65.845353790,1,0
65.845397358,1,1
65.845439950,1,0
65.845478100,1,1
65.845520692,1,0
65.845565248,1,1
65.849193264,0,1
65.849205064,0,0
65.849247654,0,1
65.849289258,0,0
65.849330372,0,1
65.849353602,1,1
65.849372958,1,0
65.849414062,1,1
65.849456648,1,0
65.849497752,1,1
65.849540340,1,0
65.849581446,1,1
65.849602888,0,1
65.849623056,0,0
65.849664166,0,1
65.849687396,1,1
65.849706754,1,0
65.849747864,1,1
65.849769304,0,1
65.849789472,0,0
65.849830582,0,1
65.849872192,0,0
65.849915762,0,1
65.849938992,1,1
65.849958346,1,0
65.849996498,1,1
65.850039088,1,0
65.850083634,1,1
65.857968276,1,0
65.861953084,1,1
65.892755148,0,1
65.892766950,0,0
65.892809546,0,1
65.892851160,0,0
65.892892278,0,1
65.892915510,1,1
65.892934868,1,0
65.892975982,1,1
65.893018580,1,0
65.893059688,1,1
65.893102282,1,0
65.893143390,1,1
65.893185984,1,0
65.893227096,1,1
65.893269686,1,0
65.893310794,1,1
65.893332234,0,1
65.893352406,0,0
65.893393520,0,1
65.893435128,0,0
65.893478706,0,1
65.893520316,0,0
65.893558478,0,1
65.893581712,1,1
65.893601070,1,0
65.893645628,1,1
65.893664138,1,0
65.893952268,1,1
65.901061880,0,1
65.901073680,0,0
65.901116270,0,1
65.901139500,1,1
65.901158858,1,0
65.901199972,1,1
65.901221412,0,1
65.901241582,0,0
65.901282698,0,1
65.901305930,1,1
65.901325288,1,0
65.901366400,1,1
65.901408994,1,0
65.901450100,1,1
65.901492698,1,0
65.901533810,1,1
65.901576406,1,0
65.901617514,1,1
65.901638958,0,1
65.901659130,0,0
65.901700244,0,1
65.901741856,0,0
65.901785438,0,1
65.901827046,0,0
65.901865212,0,1
65.901888454,1,1
65.901907812,1,0
65.901952380,1,1
65.901969862,1,0
65.909953464,1,1
65.915002496,0,1
65.915014294,0,0
65.915056886,0,1
65.915098492,0,0
65.915139606,0,1
65.915162840,1,1
65.915182196,1,0
65.915223312,1,1
65.915265904,1,0
65.915307014,1,1
65.915349606,1,0
65.915390718,1,1
65.915412160,0,1
65.915432332,0,0
65.915473448,0,1
65.915496680,1,1
65.915516038,1,0
65.915557156,1,1
65.915578596,0,1
65.915598768,0,0
65.915639884,0,1
65.915681494,0,0
65.915725072,0,1
65.915748304,1,1
65.915767662,1,0
65.915805818,1,1
65.915848416,1,0
65.915892976,1,1
65.915910868,1,0
65.917952720,1,1
65.967363930,0,1
65.967375726,0,0
65.967418310,0,1
65.967459910,0,0
65.967501018,0,1
65.967542620,0,0
65.967583730,0,1
65.967625334,0,0
65.967666440,0,1
65.967708044,0,0
65.967749152,0,1
65.967772380,1,1
65.967791734,1,0
65.967832838,1,1
65.967875422,1,0
65.967916520,1,1
65.967959106,1,0
65.968000208,1,1
65.968042790,1,0
65.968086358,1,1
65.968128950,1,0
65.968167104,1,1
65.968209692,1,0
65.968254244,1,1
65.971879414,0,1
65.971891212,0,0
65.971933802,0,1
65.971975406,0,0
65.972016524,0,1
65.972039756,1,1
65.972059114,1,0
65.972100220,1,1
65.972142816,1,0
65.972183924,1,1
65.972226516,1,0
65.972267626,1,1
65.972310218,1,0
65.972351326,1,1
65.972393918,1,0
65.972435028,1,1
65.972456468,0,1
65.972476638,0,0
65.972517746,0,1
65.972559358,0,0
65.972602930,0,1
65.972644536,0,0
65.972682696,0,1
65.972705928,1,1
65.972725284,1,0
65.972769836,1,1
65.980057236,0,1
65.980069034,0,0
65.980111622,0,1
65.980153232,0,0
65.980194348,0,1
65.980235954,0,0
65.980277072,0,1
65.980318678,0,0
65.980359794,0,1
65.980401400,0,0
65.980442518,0,1
65.980465750,1,1
65.980485106,1,0
65.980526212,1,1
65.980526216,1,0
65.980526220,1,1
65.980568808,1,0
65.980609916,1,1
65.980652500,1,0
65.980693606,1,1
65.980736190,1,0
65.980779754,1,1
65.980822342,1,0
65.980860494,1,1
65.980903084,1,0
65.980947640,1,1
65.984572870,0,1
65.984584668,0,0
65.984627256,0,1
65.984650484,1,1
65.984669838,1,0
65.984710942,1,1
65.984732382,0,1
65.984752548,0,0
65.984793658,0,1
65.984816886,1,1
65.984836242,1,0
65.984877348,1,1
65.984919942,1,0
65.984961050,1,1
65.985003644,1,0
65.985044750,1,1
65.985087334,1,0
65.985128440,1,1
65.985149878,0,1
65.985170046,0,0
65.985211152,0,1
65.985252760,0,0
65.985296338,0,1
65.985337942,0,0
65.985376102,0,1
65.985399334,1,1
65.985418692,1,0
65.985463246,1,1
65.989091002,0,1
65.989102798,0,0
65.989145384,0,1
65.989186990,0,0
65.989228102,0,1
65.989269704,0,0
65.989310820,0,1
65.989352428,0,0
65.989393538,0,1
65.989435144,0,0
65.989476256,0,1
65.989499486,1,1
65.989518844,1,0
65.989559954,1,1
65.989602550,1,0
65.989643656,1,1
65.989686246,1,0
65.989727358,1,1
65.989769948,1,0
65.989813512,1,1
65.989856106,1,0
65.989894264,1,1
65.989936862,1,0
65.989981424,1,1
65.993609344,0,1
65.993621140,0,0
65.993663724,0,1
65.993705324,0,0
65.993746432,0,1
65.993769662,1,1
65.993789018,1,0
65.993830126,1,1
65.993872714,1,0
65.993913820,1,1
65.993956404,1,0
65.993997504,1,1
65.994018944,0,1
65.994039112,0,0
65.994080224,0,1
65.994103450,1,1
65.994122804,1,0
65.994163912,1,1
65.994185350,0,1
65.994205518,0,0
65.994246624,0,1
65.994288226,0,0
65.994331796,0,1
65.994355026,1,1
65.994374380,1,0
65.994412530,1,1
65.994455118,1,0
65.994499666,1,1
66.001780512,1,0
66.005946866,1,1
66.031617084,0,1
66.031628882,0,0
66.031671468,0,1
66.031713070,0,0
66.031754176,0,1
66.031777404,1,1
66.031796758,1,0
66.031837864,1,1
66.031880450,1,0
66.031921558,1,1
66.031964144,1,0
66.032005248,1,1
66.032047838,1,0
66.032088946,1,1
66.032131536,1,0
66.032172646,1,1
66.032194086,0,1
66.032214254,0,0
66.032255362,0,1
66.032296968,0,0
66.032340542,0,1
66.032382144,0,0
66.032420302,0,1
66.032443532,1,1
66.032462888,1,0
66.032507440,1,1
66.032526000,1,0
66.037945568,1,1
66.042602300,0,1
66.042614098,0,0
66.042656690,0,1
66.042679928,1,1
66.042699288,1,0
66.042740396,1,1
66.042761838,0,1
66.042782008,0,0
66.042823122,0,1
66.042846354,1,1
66.042865708,1,0
66.042906818,1,1
66.042949406,1,0
66.042990514,1,1
66.043033106,1,0
66.043074218,1,1
66.043116808,1,0
66.043157916,1,1
66.043179354,0,1
66.043199524,0,0
66.043240636,0,1
66.043282236,0,0
66.043325814,0,1
66.043367420,0,0
66.043405578,0,1
66.043428810,1,1
66.043448166,1,0
66.043492722,1,1
66.043511058,1,0
66.045951636,1,1
66.186330782,0,1
66.186342596,0,0
66.186385236,0,1
66.186426896,0,0
66.186468066,0,1
66.186491328,1,1
66.186510710,1,0
66.186551874,1,1
66.186594520,1,0
66.186635684,1,1
66.186678330,1,0
66.186719498,1,1
66.186740966,0,1
66.186761162,0,0
66.186802330,0,1
66.186825592,1,1
66.186844976,1,0
66.186886144,1,1
66.186907608,0,1
66.186927802,0,0
66.186968964,0,1
66.187010622,0,0
66.187054254,0,1
66.187077514,1,1
66.187096896,1,0
66.187135108,1,1
66.187177750,1,0
66.187222370,1,1
66.187239962,1,0
66.189950826,1,1
66.717962302,0,1
66.717974102,0,0
66.718016686,0,1
66.718058292,0,0
66.718099402,0,1
66.718122630,1,1
66.718141982,1,0
66.718183086,1,1
66.718225676,1,0
66.718266778,1,1
66.718309368,1,0
66.718350474,1,1
66.718371914,0,1
66.718392082,0,0
66.718433188,0,1
66.718456418,1,1
66.718475774,1,0
66.718516878,1,1
66.718538318,0,1
66.718558490,0,0
66.718599606,0,1
66.718641212,0,0
66.718684784,0,1
66.718708014,1,1
66.718727368,1,0
66.718765522,1,1
66.718808110,1,0
66.718852660,1,1
66.718870808,1,0
66.725862774,1,1
66.747054170,0,1
66.747065970,0,0
66.747108554,0,1
66.747150156,0,0
66.747191266,0,1
66.747232874,0,0
66.747273986,0,1
66.747315592,0,0
66.747356698,0,1
66.747398304,0,0
66.747439416,0,1
66.747462644,1,1
66.747482000,1,0
66.747523108,1,1
66.747565702,1,0
66.747606812,1,1
66.747649404,1,0
66.747690514,1,1
66.747733106,1,0
66.747776672,1,1
66.747819262,1,0
66.747857422,1,1
66.747900010,1,0
66.747944562,1,1
66.751572638,0,1
66.751584436,0,0
66.751627022,0,1
66.751668624,0,0
66.751709734,0,1
66.751732964,1,1
66.751752320,1,0
66.751793428,1,1
66.751793432,1,0
66.751793434,1,1
66.751836022,1,0
66.751877130,1,1
66.751919724,1,0
66.751960832,1,1
66.751982270,0,1
66.752002440,0,0
66.752043552,0,1
66.752066778,1,1
66.752086134,1,0
66.752127238,1,1
66.752148674,0,1
66.752168842,0,0
66.752209952,0,1
66.752251554,0,0
66.752295130,0,1
66.752318360,1,1
66.752337716,1,0
66.752375870,1,1
66.752418460,1,0
66.752463016,1,1
66.752481278,1,0
66.765950710,1,1
66.779175198,0,1
66.779186996,0,0
66.779229580,0,1
66.779271182,0,0
66.779312296,0,1
66.779353900,0,0
66.779395012,0,1
66.779436620,0,0
66.779477732,0,1
66.779519340,0,0
66.779560458,0,1
66.779583690,1,1
66.779603044,1,0
66.779644148,1,1
66.779686740,1,0
66.779727846,1,1
66.779770434,1,0
66.779811540,1,1
66.779854132,1,0
66.779897700,1,1
66.779940288,1,0
66.779978444,1,1
66.780021028,1,0
66.780065584,1,1
66.783690896,0,1
66.783702694,0,0
66.783745282,0,1
66.783745286,0,0
66.783745288,0,1
66.783768514,1,1
66.783787870,1,0
66.783828978,1,1
66.783850420,0,1
66.783870590,0,0
66.783911702,0,1
66.783934936,1,1
66.783954290,1,0
66.783995398,1,1
66.784037992,1,0
66.784079098,1,1
66.784121688,1,0
66.784162794,1,1
66.784205382,1,0
66.784246492,1,1
66.784267932,0,1
66.784288102,0,0
66.784329212,0,1
66.784370818,0,0
66.784414396,0,1
66.784456000,0,0
66.784494158,0,1
66.784517388,1,1
66.784536748,1,0
66.784581304,1,1
66.791364054,0,1
66.791375856,0,0
66.791418448,0,1
66.791460058,0,0
66.791501174,0,1
66.791542784,0,0
66.791583902,0,1
66.791625518,0,0
66.791666632,0,1
66.791708240,0,0
66.791749358,0,1
66.791772594,1,1
66.791791952,1,0
66.791833066,1,1
66.791875664,1,0
66.791916776,1,1
66.791959366,1,0
66.792000476,1,1
66.792043072,1,0
66.792086642,1,1
66.792129236,1,0
66.792167388,1,1
66.792167392,1,0
66.792167396,1,1
66.792209982,1,0
66.792254536,1,1
66.795879844,0,1
66.795891642,0,0
66.795934232,0,1
66.795975834,0,0
66.796016946,0,1
66.796040176,1,1
66.796059534,1,0
66.796100646,1,1
66.796143242,1,0
66.796184358,1,1
66.796226952,1,0
66.796268060,1,1
66.796310652,1,0
66.796351762,1,1
66.796394356,1,0
66.796435462,1,1
66.796456904,0,1
66.796477074,0,0
66.796518188,0,1
66.796559796,0,0
66.796603374,0,1
66.796644982,0,0
66.796683142,0,1
66.796706370,1,1
66.796725730,1,0
66.796770282,1,1
66.804053920,1,0
66.805953226,1,1
66.871204536,0,1
66.871216332,0,0
66.871258912,0,1
66.871282142,1,1
66.871301498,1,0
66.871342606,1,1
66.871364044,0,1
66.871384210,0,0
66.871425320,0,1
66.871448552,1,1
66.871467908,1,0
66.871509008,1,1
66.871551598,1,0
66.871592706,1,1
66.871635292,1,0
66.871676402,1,1
66.871718988,1,0
66.871760094,1,1
66.871781534,0,1
66.871801702,0,0
66.871842816,0,1
66.871884424,0,0
66.871927998,0,1
66.871969600,0,0
66.872007756,0,1
66.872030982,1,1
66.872050336,1,0
66.872094890,1,1
66.872112482,1,0
66.877951074,1,1
66.882190464,0,1
66.882202262,0,0
66.882244850,0,1
66.882286452,0,0
66.882327564,0,1
66.882350796,1,1
66.882370150,1,0
66.882411260,1,1
66.882453852,1,0
66.882494962,1,1
66.882537552,1,0
66.882578666,1,1
66.882621258,1,0
66.882662366,1,1
66.882704954,1,0
66.882746066,1,1
66.882767502,0,1
66.882787670,0,0
66.882828784,0,1
66.882870394,0,0
66.882913972,0,1
66.882955578,0,0
66.882993738,0,1
66.883016968,1,1
66.883036322,1,0
66.883080876,1,1
66.883098854,1,0
66.885951702,1,1
66.965387668,0,1
66.965399466,0,0
66.965442050,0,1
66.965483648,0,0
66.965524758,0,1
66.965566364,0,0
66.965607474,0,1
66.965649072,0,0
66.965690182,0,1
66.965731784,0,0
66.965772890,0,1
66.965796124,1,1
66.965815478,1,0
66.965856588,1,1
66.965899184,1,0
66.965940302,1,1
66.965982894,1,0
66.966024002,1,1
66.966066594,1,0
66.966110164,1,1
66.966152748,1,0
66.966190900,1,1
66.966233486,1,0
66.966278036,1,1
66.969902996,0,1
66.969914794,0,0
66.969957380,0,1
66.969980606,1,1
66.969999966,1,0
66.970041076,1,1
66.970062512,0,1
66.970082682,0,0
66.970123798,0,1
66.970147032,1,1
66.970166388,1,0
66.970207496,1,1
66.970250088,1,0
66.970291196,1,1
66.970333782,1,0
66.970374890,1,1
66.970417480,1,0
66.970458584,1,1
66.970480020,0,1
66.970500190,0,0
66.970541304,0,1
66.970582910,0,0
66.970626482,0,1
66.970668086,0,0
66.970706240,0,1
66.970729464,1,1
66.970748820,1,0
66.970793368,1,1
66.974421306,0,1
66.974433104,0,0
66.974475688,0,1
66.974517292,0,0
66.974558408,0,1
66.974600016,0,0
66.974641132,0,1
66.974682736,0,0
66.974723850,0,1
66.974765458,0,0
66.974806572,0,1
66.974829806,1,1
66.974849164,1,0
66.974890274,1,1
66.974932864,1,0
66.974973968,1,1
66.975016558,1,0
66.975057658,1,1
66.975100248,1,0
66.975143818,1,1
66.975186406,1,0
66.975224558,1,1
66.975267150,1,0
66.975311704,1,1
66.978936866,0,1
66.978948666,0,0
66.978991246,0,1
66.979032852,0,0
66.979073966,0,1
66.979097196,1,1
66.979116552,1,0
66.979157660,1,1
66.979200256,1,0
66.979241362,1,1
66.979283952,1,0
66.979325064,1,1
66.979367656,1,0
66.979408770,1,1
66.979451364,1,0
66.979492472,1,1
66.979513910,0,1
66.979534078,0,0
66.979575198,0,1
66.979616808,0,0
66.979660382,0,1
66.979701992,0,0
66.979740154,0,1
66.979763388,1,1
66.979782742,1,0
66.979827298,1,1
66.987907420,1,0
66.989951360,1,1
67.072771496,0,1
67.072783296,0,0
67.072825882,0,1
67.072867486,0,0
67.072908602,0,1
67.072950208,0,0
67.072991320,0,1
67.073014552,1,1
67.073033910,1,0
67.073075018,1,1
67.073117606,1,0
67.073158712,1,1
67.073201302,1,0
67.073242406,1,1
67.073284996,1,0
67.073326098,1,1
67.073347538,0,1
67.073367704,0,0
67.073408814,0,1
67.073450420,0,0
67.073493992,0,1
67.073517224,1,1
67.073536586,1,0
67.073574748,1,1
67.073617344,1,0
67.073661902,1,1
67.073680652,1,0
67.077951320,1,1
67.089231838,0,1
67.089243646,0,0
67.089286256,0,1
67.089309494,1,1
67.089328852,1,0
67.089369962,1,1
67.089412560,1,0
67.089453670,1,1
67.089475110,0,1
67.089495280,0,0
67.089536396,0,1
67.089578010,0,0
67.089619126,0,1
67.089660736,0,0
67.089701848,0,1
67.089743456,0,0
67.089784570,0,1
67.089807802,1,1
67.089827160,1,0
67.089868270,1,1
67.089889712,0,1
67.089909884,0,0
67.089953466,0,1
67.089995074,0,0
67.090033238,0,1
67.090056470,1,1
67.090075826,1,0
67.090120378,1,1
67.090138984,1,0
67.093950962,1,1
67.579590028,0,1
67.579601828,0,0
67.579644416,0,1
67.579686018,0,0
67.579727130,0,1
67.579768738,0,0
67.579809850,0,1
67.579851456,0,0
67.579892572,0,1
67.579934178,0,0
67.579975290,0,1
67.579998520,1,1
67.580017878,1,0
67.580058982,1,1
67.580101572,1,0
67.580142688,1,1
67.580185276,1,0
67.580226384,1,1
67.580268974,1,0
67.580312544,1,1
67.580355130,1,0
67.580393282,1,1
67.580435876,1,0
67.580480428,1,1
67.584108416,0,1
67.584120212,0,0
67.584162790,0,1
67.584204386,0,0
67.584245494,0,1
67.584287096,0,0
67.584328206,0,1
67.584351436,1,1
67.584370792,1,0
67.584411896,1,1
67.584454480,1,0
67.584495584,1,1
67.584538172,1,0
67.584579280,1,1
67.584621868,1,0
67.584662968,1,1
67.584684404,0,1
67.584704570,0,0
67.584745680,0,1
67.584787278,0,0
67.584830846,0,1
67.584854076,1,1
67.584873430,1,0
67.584911580,1,1
67.584954166,1,0
67.584998718,1,1
67.591796584,0,1
67.591808382,0,0
67.591850972,0,1
67.591892572,0,0
67.591933682,0,1
67.591975286,0,0
67.592016396,0,1
67.592057996,0,0
67.592099106,0,1
67.592140708,0,0
67.592181816,0,1
67.592205050,1,1
67.592224404,1,0
67.592265510,1,1
67.592308096,1,0
67.592349204,1,1
67.592391788,1,0
67.592432890,1,1
67.592475480,1,0
67.592519042,1,1
67.592561636,1,0
67.592599802,1,1
67.592642404,1,0
67.592686964,1,1
67.596315966,0,1
67.596327764,0,0
67.596370354,0,1
67.596393584,1,1
67.596412942,1,0
67.596454050,1,1
67.596496638,1,0
67.596537750,1,1
67.596559194,0,1
67.596579362,0,0
67.596620476,0,1
67.596662086,0,0
67.596703198,0,1
67.596744808,0,0
67.596785926,0,1
67.596827532,0,0
67.596868646,0,1
67.596891880,1,1
67.596911246,1,0
67.596952372,1,1
67.596973818,0,1
67.596993994,0,0
67.597037588,0,1
67.597079202,0,0
67.597117362,0,1
67.597140592,1,1
67.597159952,1,0
67.597204506,1,1
67.605216454,1,0
67.605950426,1,1
67.652986984,0,1
67.652998784,0,0
67.653041372,0,1
67.653082978,0,0
67.653124092,0,1
67.653165702,0,0
67.653206816,0,1
67.653230046,1,1
67.653249402,1,0
67.653290512,1,1
67.653333098,1,0
67.653374198,1,1
67.653416788,1,0
67.653457890,1,1
67.653500478,1,0
67.653541590,1,1
67.653563034,0,1
67.653583206,0,0
67.653624318,0,1
67.653665928,0,0
67.653709502,0,1
67.653732736,1,1
67.653752096,1,0
67.653790252,1,1
67.653832846,1,0
67.653877410,1,1
67.653896212,1,0
67.661949794,1,1
67.664377822,0,1
67.664389620,0,0
67.664432208,0,1
67.664432210,0,0
67.664432214,0,1
67.664455442,1,1
67.664474798,1,0
67.664515906,1,1
67.664558502,1,0
67.664599608,1,1
67.664621048,0,1
67.664641218,0,0
67.664682332,0,1
67.664723938,0,0
67.664765048,0,1
67.664806656,0,0
67.664847772,0,1
67.664889378,0,0
67.664930492,0,1
67.664953728,1,1
67.664973084,1,0
67.665014194,1,1
67.665035634,0,1
67.665055804,0,0
67.665099380,0,1
67.665140984,0,0
67.665179144,0,1
67.665202376,1,1
67.665221732,1,0
67.665266286,1,1
67.665284680,1,0
67.669949892,1,1
67.744482694,0,1
67.744494492,0,0
67.744537072,0,1
67.744578672,0,0
67.744619778,0,1
67.744661382,0,0
67.744702494,0,1
67.744744104,0,0
67.744785222,0,1
67.744826826,0,0
67.744867936,0,1
67.744891164,1,1
67.744910524,1,0
67.744951632,1,1
67.744994220,1,0
67.745035328,1,1
67.745077918,1,0
67.745119026,1,1
67.745161616,1,0
67.745205182,1,1
67.745247768,1,0
67.745285918,1,1
67.745328506,1,0
67.745373054,1,1
67.749002166,0,1
67.749013964,0,0
67.749056554,0,1
67.749079786,1,1
67.749099142,1,0
67.749140248,1,1
67.749182840,1,0
67.749223952,1,1
67.749245392,0,1
67.749265562,0,0
67.749306668,0,1
67.749348276,0,0
67.749389388,0,1
67.749430992,0,0
67.749472104,0,1
67.749513714,0,0
67.749554832,0,1
67.749578066,1,1
67.749597426,1,0
67.749638542,1,1
67.749659986,0,1
67.749680156,0,0
67.749723732,0,1
67.749765338,0,0
67.749803498,0,1
67.749826728,1,1
67.749846088,1,0
67.749890652,1,1
67.757228330,1,0
67.757949668,1,1
67.759254184,0,1
67.759265982,0,0
67.759308568,0,1
67.759350172,0,0
67.759391284,0,1
67.759432892,0,0
67.759474004,0,1
67.759515612,0,0
67.759556726,0,1
67.759598336,0,0
67.759639446,0,1
67.759662676,1,1
67.759682032,1,0
67.759723140,1,1
67.759765732,1,0
67.759806836,1,1
67.759849428,1,0
67.759890538,1,1
67.759933124,1,0
67.759976690,1,1
67.760019278,1,0
67.760057430,1,1
67.760100016,1,0
67.760144570,1,1
67.763772646,0,1
67.763784444,0,0
67.763827030,0,1
67.763868636,0,0
67.763909752,0,1
67.763951358,0,0
67.763992468,0,1
67.764015702,1,1
67.764035058,1,0
67.764076170,1,1
67.764118760,1,0
67.764159870,1,1
67.764202464,1,0
67.764243570,1,1
67.764286162,1,0
67.764327268,1,1
67.764348710,0,1
67.764368878,0,0
67.764409986,0,1
67.764451594,0,0
67.764495170,0,1
67.764518400,1,1
67.764537760,1,0
67.764575918,1,1
67.764618506,1,0
67.764663060,1,1
67.772634860,1,0
67.773950448,1,1
67.846937712,0,1
67.846949510,0,0
67.846992096,0,1
67.847033700,0,0
67.847074810,0,1
67.847098040,1,1
67.847117394,1,0
67.847158502,1,1
67.847201092,1,0
67.847242204,1,1
67.847284796,1,0
67.847325908,1,1
67.847368500,1,0
67.847409616,1,1
67.847452212,1,0
67.847493320,1,1
67.847514762,0,1
67.847534932,0,0
67.847576048,0,1
67.847617658,0,0
67.847661242,0,1
67.847702850,0,0
67.847741010,0,1
67.847764240,1,1
67.847783600,1,0
67.847828160,1,1
67.847846326,1,0
67.853949152,1,1
67.863421776,0,1
67.863433576,0,0
67.863476164,0,1
67.863499394,1,1
67.863518754,1,0
67.863559870,1,1
67.863581308,0,1
67.863601478,0,0
67.863642594,0,1
67.863665828,1,1
67.863685184,1,0
67.863726292,1,1
67.863768888,1,0
67.863810002,1,1
67.863852596,1,0
67.863893710,1,1
67.863936306,1,0
67.863977420,1,1
67.863998860,0,1
67.864019032,0,0
67.864060148,0,1
67.864101756,0,0
67.864145332,0,1
67.864186944,0,0
67.864225106,0,1
67.864248336,1,1
67.864267694,1,0
67.864312254,1,1
67.864330780,1,0
67.869949312,1,1
67.911355816,0,1
67.911367616,0,0
67.911410200,0,1
67.911451796,0,0
67.911492904,0,1
67.911534504,0,0
67.911575614,0,1
67.911617220,0,0
67.911658328,0,1
67.911699932,0,0
67.911741034,0,1
67.911764254,1,1
67.911783604,1,0
67.911824690,1,1
67.911867264,1,0
67.911908350,1,1
67.911950918,1,0
67.911992000,1,1
67.912034568,1,0
67.912078114,1,1
67.912120682,1,0
67.912158814,1,1
67.912201382,1,0
67.912245914,1,1
67.915870120,0,1
67.915881918,0,0
67.915924506,0,1
67.915947736,1,1
67.915967096,1,0
67.916008204,1,1
67.916029642,0,1
67.916049810,0,0
67.916090924,0,1
67.916114156,1,1
67.916133508,1,0
67.916174612,1,1
67.916217204,1,0
67.916258308,1,1
67.916300896,1,0
67.916342002,1,1
67.916384592,1,0
67.916425698,1,1
67.916447138,0,1
67.916467308,0,0
67.916508420,0,1
67.916550022,0,0
67.916593598,0,1
67.916635204,0,0
67.916673362,0,1
67.916696594,1,1
67.916715954,1,0
67.916760516,1,1
67.924653674,1,0
67.925949454,1,1
67.944147062,0,1
67.944158860,0,0
67.944201446,0,1
67.944243046,0,0
67.944284156,0,1
67.944325760,0,0
67.944366868,0,1
67.944408474,0,0
67.944449584,0,1
67.944491186,0,0
67.944532300,0,1
67.944555534,1,1
67.944574888,1,0
67.944615996,1,1
67.944658586,1,0
67.944699694,1,1
67.944742278,1,0
67.944783384,1,1
67.944825970,1,0
67.944869536,1,1
67.944912126,1,0
67.944950278,1,1
67.944992864,1,0
67.945037414,1,1
67.948662364,0,1
67.948674162,0,0
67.948716754,0,1
67.948758358,0,0
67.948799466,0,1
67.948822696,1,1
67.948842054,1,0
67.948883158,1,1
67.948925742,1,0
67.948966846,1,1
67.949009432,1,0
67.949050534,1,1
67.949093122,1,0
67.949134230,1,1
67.949176818,1,0
67.949217928,1,1
67.949239372,0,1
67.949259542,0,0
67.949300662,0,1
67.949342274,0,0
67.949385858,0,1
67.949427472,0,0
67.949465638,0,1
67.949488876,1,1
67.949508234,1,0
67.949552798,1,1
67.957526832,1,0
67.957951150,1,1
68.005174318,0,1
68.005186114,0,0
68.005228698,0,1
68.005270294,0,0
68.005311400,0,1
68.005334632,1,1
68.005353986,1,0
68.005395086,1,1
68.005437668,1,0
68.005478768,1,1
68.005500204,0,1
68.005520370,0,0
68.005561478,0,1
68.005584708,1,1
68.005604060,1,0
68.005645164,1,1
68.005687746,1,0
68.005728850,1,1
68.005750290,0,1
68.005770456,0,0
68.005811564,0,1
68.005853170,0,0
68.005896750,0,1
68.005919984,1,1
68.005939340,1,0
68.005977494,1,1
68.006020078,1,0
68.006064624,1,1
68.006082066,1,0
68.013948952,1,1
68.021629322,0,1
68.021641120,0,0
68.021683706,0,1
68.021725306,0,0
68.021766416,0,1
68.021789646,1,1
68.021808998,1,0
68.021850112,1,1
68.021892712,1,0
68.021933824,1,1
68.021976424,1,0
68.022017538,1,1
68.022060132,1,0
68.022101246,1,1
68.022143842,1,0
68.022184952,1,1
68.022206390,0,1
68.022226560,0,0
68.022267670,0,1
68.022309276,0,0
68.022352848,0,1
68.022394454,0,0
68.022432614,0,1
68.022455848,1,1
68.022475206,1,0
68.022519774,1,1
68.022537826,1,0
68.029948772,1,1
68.112628888,0,1
68.112640686,0,0
68.112683264,0,1
68.112724862,0,0
68.112765964,0,1
68.112807564,0,0
68.112848672,0,1
68.112890274,0,0
68.112931384,0,1
68.112972984,0,0
68.113014092,0,1
68.113037322,1,1
68.113056674,1,0
68.113097778,1,1
68.113140370,1,0
68.113181490,1,1
68.113224084,1,0
68.113265192,1,1
68.113307780,1,0
68.113351344,1,1
68.113393926,1,0
68.113432070,1,1
68.113474656,1,0
68.113519202,1,1
68.117147142,0,1
68.117158942,0,0
68.117201530,0,1
68.117243130,0,0
68.117284242,0,1
68.117307470,1,1
68.117326822,1,0
68.117367922,1,1
68.117410510,1,0
68.117451616,1,1
68.117473052,0,1
68.117493218,0,0
68.117534328,0,1
68.117557562,1,1
68.117576920,1,0
68.117618024,1,1
68.117660614,1,0
68.117701720,1,1
68.117723158,0,1
68.117743326,0,0
68.117784440,0,1
68.117826044,0,0
68.117869624,0,1
68.117892858,1,1
68.117912220,1,0
68.117950386,1,1
68.117992980,1,0
68.118037536,1,1
68.124834796,0,1
68.124846594,0,0
68.124889182,0,1
68.124930786,0,0
68.124971894,0,1
68.125013500,0,0
68.125054614,0,1
68.125096210,0,0
68.125137320,0,1
68.125178924,0,0
68.125220030,0,1
68.125243260,1,1
68.125262616,1,0
68.125303722,1,1
68.125346310,1,0
68.125387414,1,1
68.125430004,1,0
68.125471104,1,1
68.125513690,1,0
68.125557262,1,1
68.125599850,1,0
68.125638000,1,1
68.125680590,1,0
68.125725140,1,1
68.129350140,0,1
68.129361938,0,0
68.129404522,0,1
68.129446124,0,0
68.129487236,0,1
68.129510466,1,1
68.129529820,1,0
68.129570926,1,1
68.129613520,1,0
68.129654626,1,1
68.129697212,1,0
68.129738320,1,1
68.129780912,1,0
68.129822016,1,1
68.129864610,1,0
68.129905714,1,1
68.129927152,0,1
68.129947318,0,0
68.129988428,0,1
68.130030036,0,0
68.130073608,0,1
68.130115214,0,0
68.130153372,0,1
68.130176602,1,1
68.130195958,1,0
68.130240510,1,1
68.138285052,1,0
68.141949636,1,1
68.243012836,0,1
68.243024634,0,0
68.243067212,0,1
68.243090442,1,1
68.243109796,1,0
68.243150900,1,1
68.243172338,0,1
68.243192506,0,0
68.243233614,0,1
68.243256842,1,1
68.243276198,1,0
68.243317300,1,1
68.243359888,1,0
68.243400992,1,1
68.243443578,1,0
68.243484690,1,1
68.243527282,1,0
68.243568394,1,1
68.243589836,0,1
68.243610006,0,0
68.243651118,0,1
68.243692722,0,0
68.243736294,0,1
68.243777902,0,0
68.243816058,0,1
68.243839290,1,1
68.243858648,1,0
68.243903202,1,1
68.243921954,1,0
68.245949188,1,1
68.247529190,0,1
68.247540988,0,0
68.247583582,0,1
68.247625190,0,0
68.247666302,0,1
68.247689538,1,1
68.247708896,1,0
68.247750004,1,1
68.247792598,1,0
68.247833712,1,1
68.247876304,1,0
68.247917412,1,1
68.247960008,1,0
68.248001120,1,1
68.248043708,1,0
68.248084818,1,1
68.248106262,0,1
68.248126432,0,0
68.248167546,0,1
68.248209154,0,0
68.248252732,0,1
68.248294340,0,0
68.248332500,0,1
68.248355736,1,1
68.248375092,1,0
68.248419648,1,1
68.248437876,1,0
68.253949250,1,1
68.322000190,0,1
68.322011988,0,0
68.322054574,0,1
68.322096174,0,0
68.322137286,0,1
68.322178888,0,0
68.322219996,0,1
68.322261596,0,0
68.322302708,0,1
68.322344310,0,0
68.322385418,0,1
68.322408648,1,1
68.322428000,1,0
68.322469100,1,1
68.322511690,1,0
68.322552798,1,1
68.322595386,1,0
68.322636494,1,1
68.322679082,1,0
68.322722650,1,1
68.322765234,1,0
68.322803386,1,1
68.322845972,1,0
68.322890520,1,1
68.326515500,0,1
68.326527296,0,0
68.326569882,0,1
68.326611488,0,0
68.326652598,0,1
68.326675826,1,1
68.326695182,1,0
68.326736294,1,1
68.326778880,1,0
68.326819988,1,1
68.326862580,1,0
68.326903686,1,1
68.326946272,1,0
68.326987376,1,1
68.327029962,1,0
68.327071062,1,1
68.327092500,0,1
68.327112670,0,0
68.327153780,0,1
68.327195386,0,0
68.327238960,0,1
68.327280562,0,0
68.327318716,0,1
68.327341940,1,1
68.327361298,1,0
68.327405854,1,1
68.334187578,0,1
68.334199376,0,0
68.334241966,0,1
68.334283570,0,0
68.334324686,0,1
68.334366292,0,0
68.334407402,0,1
68.334449006,0,0
68.334490118,0,1
68.334531722,0,0
68.334572836,0,1
68.334596070,1,1
68.334615426,1,0
68.334656530,1,1
68.334699118,1,0
68.334740222,1,1
68.334782808,1,0
68.334823912,1,1
68.334866506,1,0
68.334910078,1,1
68.334952664,1,0
68.334990818,1,1
68.335033406,1,0
68.335077956,1,1
68.338703110,0,1
68.338714906,0,0
68.338757492,0,1
68.338780722,1,1
68.338800078,1,0
68.338841184,1,1
68.338862624,0,1
68.338882792,0,0
68.338923906,0,1
68.338947136,1,1
68.338966490,1,0
68.339007594,1,1
68.339050184,1,0
68.339091290,1,1
68.339133876,1,0
68.339174988,1,1
68.339217578,1,0
68.339258682,1,1
68.339280122,0,1
68.339300290,0,0
68.339341400,0,1
68.339383000,0,0
68.339426572,0,1
68.339468180,0,0
68.339506338,0,1
68.339529566,1,1
68.339548926,1,0
68.339593486,1,1
68.347806620,1,0
68.349948718,1,1
68.448293482,0,1
68.448305280,0,0
68.448347864,0,1
68.448371094,1,1
68.448390450,1,0
68.448431552,1,1
68.448452992,0,1
68.448473160,0,0
68.448514270,0,1
68.448537496,1,1
68.448556852,1,0
68.448597968,1,1
68.448640558,1,0
68.448681664,1,1
68.448724254,1,0
68.448765364,1,1
68.448807952,1,0
68.448849056,1,1
68.448870496,0,1
68.448890666,0,0
68.448931776,0,1
68.448973382,0,0
68.449016954,0,1
68.449058558,0,0
68.449096708,0,1
68.449119938,1,1
68.449139294,1,0
68.449183846,1,1
68.449201212,1,0
68.453949056,1,1
68.455727526,0,1
68.455739324,0,0
68.455781912,0,1
68.455823518,0,0
68.455864638,0,1
68.455887870,1,1
68.455907228,1,0
68.455948338,1,1
68.455990932,1,0
68.456032040,1,1
68.456053480,0,1
68.456073648,0,0
68.456114762,0,1
68.456137994,1,1
68.456157350,1,0
68.456198464,1,1
68.456241058,1,0
68.456282164,1,1
68.456303604,0,1
68.456323772,0,0
68.456364882,0,1
68.456406488,0,0
68.456450058,0,1
68.456473290,1,1
68.456492646,1,0
68.456530798,1,1
68.456573394,1,0
68.456617952,1,1
68.456635966,1,0
68.461948810,1,1
68.473883076,0,1
68.473894876,0,0
68.473937468,0,1
68.473979070,0,0
68.474020180,0,1
68.474061786,0,0
68.474102894,0,1
68.474144498,0,0
68.474185612,0,1
68.474227220,0,0
68.474268332,0,1
68.474291564,1,1
68.474310922,1,0
68.474352038,1,1
68.474394628,1,0
68.474435736,1,1
68.474435740,1,0
68.474435744,1,1
68.474478332,1,0
68.474519440,1,1
68.474562036,1,0
68.474605608,1,1
68.474648196,1,0
68.474686346,1,1
68.474728936,1,0
68.474773492,1,1
68.478398724,0,1
68.478410522,0,0
68.478453106,0,1
68.478476338,1,1
68.478495694,1,0
68.478536806,1,1
68.478558250,0,1
68.478578424,0,0
68.478619544,0,1
68.478642782,1,1
68.478662144,1,0
68.478703256,1,1
68.478745848,1,0
68.478786956,1,1
68.478829548,1,0
68.478870658,1,1
68.478913252,1,0
68.478954362,1,1
68.478975802,0,1
68.478995970,0,0
68.479037086,0,1
68.479078688,0,0
68.479122258,0,1
68.479163866,0,0
68.479202022,0,1
68.479225254,1,1
68.479244612,1,0
68.479289170,1,1
68.482917266,0,1
68.482929064,0,0
68.482971654,0,1
68.483013266,0,0
68.483054382,0,1
68.483096004,0,0
68.483137134,0,1
68.483178752,0,0
68.483219882,0,1
68.483261502,0,0
68.483302626,0,1
68.483325866,1,1
68.483345230,1,0
68.483386356,1,1
68.483428956,1,0
68.483470078,1,1
68.483512682,1,0
68.483553800,1,1
68.483596404,1,0
68.483639992,1,1
68.483682592,1,0
68.483720754,1,1
68.483763356,1,0
68.483807916,1,1
68.487436416,0,1
68.487448214,0,0
68.487490804,0,1
68.487532410,0,0
68.487573530,0,1
68.487596764,1,1
68.487616120,1,0
68.487657232,1,1
68.487699828,1,0
68.487740938,1,1
68.487762376,0,1
68.487782548,0,0
68.487823664,0,1
68.487846900,1,1
68.487866256,1,0
68.487907362,1,1
68.487949960,1,0
68.487991070,1,1
68.488012510,0,1
68.488032680,0,0
68.488073796,0,1
68.488115406,0,0
68.488158982,0,1
68.488182218,1,1
68.488201576,1,0
68.488239734,1,1
68.488282324,1,0
68.488326876,1,1
68.495710056,1,0
68.501949610,1,1
68.501949616,1,0
68.501949620,1,1
70.713638566,0,1
70.713650362,0,0
70.713692942,0,1
70.713716172,1,1
70.713735526,1,0
70.713776626,1,1
70.713819216,1,0
70.713860320,1,1
70.713881758,0,1
70.713901924,0,0
70.713943032,0,1
70.713966258,1,1
70.713985612,1,0
70.714026710,1,1
70.714069296,1,0
70.714110394,1,1
70.714152976,1,0
70.714194078,1,1
70.714215516,0,1
70.714235680,0,0
70.714276782,0,1
70.714318384,0,0
70.714361950,0,1
70.714403548,0,0
70.714441696,0,1
70.714464928,1,1
70.714484280,1,0
70.714528828,1,1
70.714546516,1,0
70.717945770,1,1
70.766092170,0,1
70.766103970,0,0
70.766146552,0,1
70.766169782,1,1
70.766189136,1,0
70.766230242,1,1
70.766272832,1,0
70.766313940,1,1
70.766335376,0,1
70.766355546,0,0
70.766396660,0,1
70.766438262,0,0
70.766479372,0,1
70.766502602,1,1
70.766521956,1,0
70.766563066,1,1
70.766605652,1,0
70.766646762,1,1
70.766668202,0,1
70.766688370,0,0
70.766729480,0,1
70.766771088,0,0
70.766814660,0,1
70.766837892,1,1
70.766857246,1,0
70.766895402,1,1
70.766937988,1,0
70.766982542,1,1
70.767001028,1,0
70.773945632,1,1
70.783785744,0,1
70.783797544,0,0
70.783840130,0,1
70.783881734,0,0
70.783922850,0,1
70.783964458,0,0
70.784005570,0,1
70.784047178,0,0
70.784088292,0,1
70.784129902,0,0
70.784171018,0,1
70.784194248,1,1
70.784213610,1,0
70.784254718,1,1
70.784297306,1,0
70.784338414,1,1
70.784381004,1,0
70.784422110,1,1
70.784464702,1,0
70.784508270,1,1
70.784550858,1,0
70.784589014,1,1
70.784631600,1,0
70.784676152,1,1
70.788304260,0,1
70.788316058,0,0
70.788358640,0,1
70.788381874,1,1
70.788401230,1,0
70.788442336,1,1
70.788484924,1,0
70.788526038,1,1
70.788547478,0,1
70.788567650,0,0
70.788608762,0,1
70.788650374,0,0
70.788691484,0,1
70.788714716,1,1
70.788734070,1,0
70.788775180,1,1
70.788817772,1,0
70.788858880,1,1
70.788880320,0,1
70.788900490,0,0
70.788941604,0,1
70.788983208,0,0
70.789026782,0,1
70.789050016,1,1
70.789069372,1,0
70.789107528,1,1
70.789150120,1,0
70.789194678,1,1
70.796591234,1,0
70.797945532,1,1
70.806282204,0,1
70.806294002,0,0
70.806336588,0,1
70.806378192,0,0
70.806419300,0,1
70.806460900,0,0
70.806502010,0,1
70.806543614,0,0
70.806584726,0,1
70.806626334,0,0
70.806667444,0,1
70.806690676,1,1
70.806710030,1,0
70.806751140,1,1
70.806793732,1,0
70.806834840,1,1
70.806877434,1,0
70.806918542,1,1
70.806961132,1,0
70.807004700,1,1
70.807047292,1,0
70.807085440,1,1
70.807128030,1,0
70.807172578,1,1
70.810797580,0,1
70.810809378,0,0
70.810851962,0,1
70.810875194,1,1
70.810894548,1,0
70.810935654,1,1
70.810978246,1,0
70.811019352,1,1
70.811040790,0,1
70.811060960,0,0
70.811102072,0,1
70.811125302,1,1
70.811144656,1,0
70.811185766,1,1
70.811228354,1,0
70.811269458,1,1
70.811312044,1,0
70.811353150,1,1
70.811374588,0,1
70.811394756,0,0
70.811435864,0,1
70.811477470,0,0
70.811521042,0,1
70.811562648,0,0
70.811600808,0,1
70.811624036,1,1
70.811643392,1,0
70.811687940,1,1
70.819188308,1,0
70.821945868,1,1
70.864657164,0,1
70.864668964,0,0
70.864711546,0,1
70.864753150,0,0
70.864794260,0,1
70.864817490,1,1
70.864836846,1,0
70.864877948,1,1
70.864899388,0,1
70.864919556,0,0
70.864960666,0,1
70.865002268,0,0
70.865043380,0,1
70.865084984,0,0
70.865126092,0,1
70.865167700,0,0
70.865208814,0,1
70.865232046,1,1
70.865251400,1,0
70.865292500,1,1
70.865313942,0,1
70.865334108,0,0
70.865377680,0,1
70.865400908,1,1
70.865420264,1,0
70.865458416,1,1
70.865458420,1,0
70.865458424,1,1
70.865501010,1,0
70.865545564,1,1
70.865564274,1,0
70.869945588,1,1
70.881111306,0,1
70.881123102,0,0
70.881165690,0,1
70.881188920,1,1
70.881208276,1,0
70.881249384,1,1
70.881291972,1,0
70.881333072,1,1
70.881354508,0,1
70.881374668,0,0
70.881415762,0,1
70.881438984,1,1
70.881458334,1,0
70.881499422,1,1
70.881541992,1,0
70.881583088,1,1
70.881625656,1,0
70.881666744,1,1
70.881688174,0,1
70.881708334,0,0
70.881749426,0,1
70.881791010,0,0
70.881834566,0,1
70.881876154,0,0
70.881914296,0,1
70.881937518,1,1
70.881956866,1,0
70.882001404,1,1
70.882019182,1,0
70.885945266,1,1
70.939796598,0,1
70.939808394,0,0
70.939850978,0,1
70.939892578,0,0
70.939933690,0,1
70.939975290,0,0
70.940016396,0,1
70.940057998,0,0
70.940099104,0,1
70.940140708,0,0
70.940181818,0,1
70.940205048,1,1
70.940224402,1,0
70.940265504,1,1
70.940308096,1,0
70.940349200,1,1
70.940391790,1,0
70.940432896,1,1
70.940475482,1,0
70.940519042,1,1
70.940561634,1,0
70.940599788,1,1
70.940642372,1,0
70.940686922,1,1
70.944318656,0,1
70.944330452,0,0
70.944373034,0,1
70.944414634,0,0
70.944455744,0,1
70.944478974,1,1
70.944498334,1,0
70.944539442,1,1
70.944560884,0,1
70.944581062,0,0
70.944622194,0,1
70.944663822,0,0
70.944704958,0,1
70.944746586,0,0
70.944787720,0,1
70.944829340,0,0
70.944870470,0,1
70.944893714,1,1
70.944913080,1,0
70.944954208,1,1
70.944975658,0,1
70.944995840,0,0
70.945039444,0,1
70.945062686,1,1
70.945082044,1,0
70.945120200,1,1
70.945120206,1,0
70.945120210,1,1
70.945162802,1,0
70.945207354,1,1
70.952709694,1,0
70.957939202,1,1
70.960747306,0,1
70.960759106,0,0
70.960801692,0,1
70.960843294,0,0
70.960884408,0,1
70.960926016,0,0
70.960967128,0,1
70.961008740,0,0
70.961049856,0,1
70.961091466,0,0
70.961132578,0,1
70.961155810,1,1
70.961175166,1,0
70.961216274,1,1
70.961258866,1,0
70.961299976,1,1
70.961342564,1,0
70.961383668,1,1
70.961426256,1,0
70.961469820,1,1
70.961512404,1,0
70.961550556,1,1
70.961593148,1,0
70.961637698,1,1
70.965262724,0,1
70.965274522,0,0
70.965317114,0,1
70.965340346,1,1
70.965359704,1,0
70.965400816,1,1
70.965443404,1,0
70.965484516,1,1
70.965505956,0,1
70.965526124,0,0
70.965567240,0,1
70.965590474,1,1
70.965609832,1,0
70.965650944,1,1
70.965693532,1,0
70.965734644,1,1
70.965777238,1,0
70.965818346,1,1
70.965839790,0,1
70.965859964,0,0
70.965901086,0,1
70.965942698,0,0
70.965986284,0,1
70.966027894,0,0
70.966066052,0,1
70.966066056,0,0
70.966066058,0,1
70.966089290,1,1
70.966108646,1,0
70.966153202,1,1
70.974272180,1,0
70.981946280,1,1
71.026943942,0,1
71.026955740,0,0
71.026998322,0,1
71.027021550,1,1
71.027040904,1,0
71.027082008,1,1
71.027124590,1,0
71.027165686,1,1
71.027187124,0,1
71.027207292,0,0
71.027248396,0,1
71.027271626,1,1
71.027290980,1,0
71.027332084,1,1
71.027374672,1,0
71.027415774,1,1
71.027458358,1,0
71.027499458,1,1
71.027520892,0,1
71.027541058,0,0
71.027582166,0,1
71.027623770,0,0
71.027667340,0,1
71.027708942,0,0
71.027747098,0,1
71.027770326,1,1
71.027789678,1,0
71.027834226,1,1
71.027851424,1,0
71.029945768,1,1
71.045840488,0,1
71.045852288,0,0
71.045894884,0,1
71.045918120,1,1
71.045937480,1,0
71.045978598,1,1
71.046021184,1,0
71.046062294,1,1
71.046083734,0,1
71.046103904,0,0
71.046145016,0,1
71.046186622,0,0
71.046227734,0,1
71.046250964,1,1
71.046270322,1,0
71.046311432,1,1
71.046354020,1,0
71.046395124,1,1
71.046416564,0,1
71.046436732,0,0
71.046477846,0,1
71.046519454,0,0
71.046563028,0,1
71.046586266,1,1
71.046605624,1,0
71.046643782,1,1
71.046686372,1,0
71.046730924,1,1
71.046730928,1,0
71.046730930,1,1
71.046748680,1,0
71.053945208,1,1
71.087181494,0,1
71.087193286,0,0
71.087235848,0,1
71.087277432,0,0
71.087318524,0,1
71.087360114,0,0
71.087401210,0,1
71.087442798,0,0
71.087483892,0,1
71.087525482,0,0
71.087566578,0,1
71.087589794,1,1
71.087609144,1,0
71.087650230,1,1
71.087692800,1,0
71.087733888,1,1
71.087776462,1,0
71.087817552,1,1
71.087860126,1,0
71.087903674,1,1
71.087946244,1,0
71.087984374,1,1
71.088026950,1,0
71.088071480,1,1
71.091699218,0,1
71.091711016,0,0
71.091753598,0,1
71.091776828,1,1
71.091796182,1,0
71.091837294,1,1
71.091879882,1,0
71.091920988,1,1
71.091942428,0,1
71.091962598,0,0
71.092003706,0,1
71.092045308,0,0
71.092086416,0,1
71.092109646,1,1
71.092129000,1,0
71.092170102,1,1
71.092212690,1,0
71.092253792,1,1
71.092275230,0,1
71.092295394,0,0
71.092336504,0,1
71.092378110,0,0
71.092421690,0,1
71.092444928,1,1
71.092464290,1,0
71.092502450,1,1
71.092545040,1,0
71.092589596,1,1
71.100589216,1,0
71.101945284,1,1
71.107102668,0,1
71.107114466,0,0
71.107157050,0,1
71.107198652,0,0
71.107239758,0,1
71.107281362,0,0
71.107322474,0,1
71.107364076,0,0
71.107405186,0,1
71.107446790,0,0
71.107487904,0,1
71.107511138,1,1
71.107530498,1,0
71.107571622,1,1
71.107614226,1,0
71.107655342,1,1
71.107697946,1,0
71.107739062,1,1
71.107781662,1,0
71.107825244,1,1
71.107867850,1,0
71.107906010,1,1
71.107948608,1,0
71.107993168,1,1
71.111618950,0,1
71.111630750,0,0
71.111673340,0,1
71.111696572,1,1
71.111715928,1,0
71.111757040,1,1
71.111799632,1,0
71.111840742,1,1
71.111862184,0,1
71.111882354,0,0
71.111923464,0,1
71.111946696,1,1
71.111966052,1,0
71.112007160,1,1
71.112049752,1,0
71.112090860,1,1
71.112133452,1,0
71.112174558,1,1
71.112196000,0,1
71.112216168,0,0
71.112257282,0,1
71.112298886,0,0
71.112342460,0,1
71.112384068,0,0
71.112422226,0,1
71.112445460,1,1
71.112464816,1,0
71.112509372,1,1
71.112509374,1,0
71.112509378,1,1
71.120103576,1,0
71.125940164,1,1
71.150424310,1,0
71.150696628,0,0
71.151467464,0,1
71.151614516,0,0
71.151616150,1,0
71.151655638,1,1
71.151697252,1,0
71.151699126,0,0
71.151738380,0,1
71.151780978,0,0
71.151782468,1,0
71.151822096,1,1
71.151863714,1,0
71.151904830,1,1
71.151946444,1,0
71.151947700,0,0
71.151987572,0,1
71.152030168,0,0
71.152032058,1,0
71.152071286,1,1
71.152112900,1,0
71.152154016,1,1
71.152195630,1,0
71.152236748,1,1
71.152279832,1,0
71.152320946,1,1
71.152363542,1,0
71.152404662,1,1
71.152437922,0,1
71.152451204,0,0
71.152492340,0,1
71.152515582,1,1
71.152787064,0,1
71.152798862,0,0
71.152841456,0,1
71.152883070,0,0
71.152924186,0,1
71.152947424,1,1
71.152966782,1,0
71.153007898,1,1
71.153029342,0,1
71.153049514,0,0
71.153090632,0,1
71.153113862,1,1
71.153133222,1,0
71.153174340,1,1
71.153216936,1,0
71.153258052,1,1
71.153300650,1,0
71.153341764,1,1
71.153384360,1,0
71.153425476,1,1
71.153468070,1,0
71.153511652,1,1
71.153554262,1,0
71.153592432,1,1
71.153635030,1,0
71.153679596,1,1
71.153694480,1,0
71.153966784,0,0
71.154737670,0,1
71.154782796,0,0
71.154823928,0,1
71.154866532,0,0
71.154907662,0,1
71.154950266,0,0
71.154952510,1,0
71.154991388,1,1
71.155033002,1,0
71.155034510,0,0
71.155074128,0,1
71.155116730,0,0
71.155157860,0,1
71.155200458,0,0
71.155241586,0,1
71.155284184,0,0
71.155325314,0,1
71.155367916,0,0
71.155409046,0,1
71.155453122,0,0
71.155494250,0,1
71.155533406,0,0
71.155535526,1,0
71.155574528,1,1
71.155607788,0,1
71.155621068,0,0
71.155662200,0,1
71.155685438,1,1
71.156024048,0,1
71.156035866,0,0
71.156078526,0,1
71.156120200,0,0
71.156161390,0,1
71.156184660,1,1
71.156204048,1,0
71.156245234,1,1
71.156266712,0,1
71.156286920,0,0
71.156328110,0,1
71.156351388,1,1
71.156370778,1,0
71.156411966,1,1
71.156454636,1,0
71.156495824,1,1
71.156538490,1,0
71.156579678,1,1
71.156622346,1,0
71.156663542,1,1
71.156706218,1,0
71.156749880,1,1
71.156792558,1,0
71.156830798,1,1
71.156873474,1,0
71.156918126,1,1
71.156932958,1,0
71.156934206,1,1
71.169792926,0,1
71.169804748,0,0
71.169847432,0,1
71.169889122,0,0
71.169930332,0,1
71.169953612,1,1
71.169973006,1,0
71.170014208,1,1
71.170035692,0,1
71.170055904,0,0
71.170097110,0,1
71.170138800,0,0
71.170180004,0,1
71.170221700,0,0
71.170262906,0,1
71.170304600,0,0
71.170345804,0,1
71.170369088,1,1
71.170388482,1,0
71.170429680,1,1
71.170451166,0,1
71.170471376,0,0
71.170515048,0,1
71.170538328,1,1
71.170557724,1,0
71.170595962,1,1
71.170638642,1,0
71.170683296,1,1
71.170701654,1,0
71.173945384,1,1
71.198568220,0,1
71.198580044,0,0
71.198622726,0,1
71.198646010,1,1
71.198665406,1,0
71.198706606,1,1
71.198749284,1,0
71.198790482,1,1
71.198811964,0,1
71.198832176,0,0
71.198873378,0,1
71.198896662,1,1
71.198916056,1,0
71.198957252,1,1
71.198999932,1,0
71.199041130,1,1
71.199083810,1,0
71.199125006,1,1
71.199146488,0,1
71.199166700,0,0
71.199207904,0,1
71.199249590,0,0
71.199293262,0,1
71.199334956,0,0
71.199373198,0,1
71.199396482,1,1
71.199415874,1,0
71.199460528,1,1
71.199478150,1,0
71.205945208,1,1
71.218667120,0,1
71.218678946,0,0
71.218721634,0,1
71.218763326,0,0
71.218804534,0,1
71.218846230,0,0
71.218887438,0,1
71.218929132,0,0
71.218970342,0,1
71.219012036,0,0
71.219053238,0,1
71.219076524,1,1
71.219095918,1,0
71.219137124,1,1
71.219179802,1,0
71.219221008,1,1
71.219263690,1,0
71.219304890,1,1
71.219347572,1,0
71.219391238,1,1
71.219433916,1,0
71.219472156,1,1
71.219514840,1,0
71.219559496,1,1
71.223192750,0,1
71.223204574,0,0
71.223247254,0,1
71.223270536,1,1
71.223289936,1,0
71.223331140,1,1
71.223373818,1,0
71.223415022,1,1
71.223436504,0,1
71.223456716,0,0
71.223497916,0,1
71.223521200,1,1
71.223540596,1,0
71.223581802,1,1
71.223624484,1,0
71.223665684,1,1
71.223708368,1,0
71.223749570,1,1
71.223771052,0,1
71.223791266,0,0
71.223832472,0,1
71.223874168,0,0
71.223917842,0,1
71.223959538,0,0
71.223997784,0,1
71.224021066,1,1
71.224040460,1,0
71.224085118,1,1
71.232083882,1,0
71.237945160,1,1
71.239142718,0,1
71.239154542,0,0
71.239197232,0,1
71.239238926,0,0
71.239280142,0,1
71.239321836,0,0
71.239363042,0,1
71.239404742,0,0
71.239445954,0,1
71.239487648,0,0
71.239528860,0,1
71.239552148,1,1
71.239571548,1,0
71.239612758,1,1
71.239655446,1,0
71.239696656,1,1
71.239739338,1,0
71.239780542,1,1
71.239823228,1,0
71.239866904,1,1
71.239909588,1,0
71.239947834,1,1
71.239990516,1,0
71.240035172,1,1
71.243675438,0,1
71.243687262,0,0
71.243729952,0,1
71.243771646,0,0
71.243812854,0,1
71.243836140,1,1
71.243855538,1,0
71.243896744,1,1
71.243918230,0,1
71.243938442,0,0
71.243979650,0,1
71.244021348,0,0
71.244062558,0,1
71.244104252,0,0
71.244145464,0,1
71.244187160,0,0
71.244228368,0,1
71.244251654,1,1
71.244271050,1,0
71.244312254,1,1
71.244333738,0,1
71.244353952,0,0
71.244397628,0,1
71.244420916,1,1
71.244440312,1,0
71.244478550,1,1
71.244521234,1,0
71.244565894,1,1
71.252632302,1,0
71.253952008,1,1
71.310680874,1,0
71.310953462,0,0
71.311725126,0,1
71.311860552,0,0
71.311861972,1,0
71.311901798,1,1
71.311943534,1,0
71.311945066,0,0
71.311984784,0,1
71.312027496,0,0
71.312029524,1,0
71.312068728,1,1
71.312110444,1,0
71.312151674,1,1
71.312193394,1,0
71.312194942,0,0
71.312234624,0,1
71.312277334,0,0
71.312279388,1,0
71.312318564,1,1
71.312360280,1,0
71.312401510,1,1
71.312443224,1,0
71.312484446,1,1
71.312527640,1,0
71.312568862,1,1
71.312611558,1,0
71.312652780,1,1
71.312686122,0,1
71.312699434,0,0
71.312740666,0,1
71.312763966,1,1
71.313036136,0,1
71.313047968,0,0
71.313090680,0,1
71.313132392,0,0
71.313173622,0,1
71.313196920,1,1
71.313216324,1,0
71.313257550,1,1
71.313279044,0,1
71.313299268,0,0
71.313340504,0,1
71.313363800,1,1
71.313383206,1,0
71.313424436,1,1
71.313467142,1,0
71.313508370,1,1
71.313551072,1,0
71.313592300,1,1
71.313635000,1,0
71.313676224,1,1
71.313718928,1,0
71.313762626,1,1
71.313805326,1,0
71.313843594,1,1
71.313886300,1,0
71.313930980,1,1
71.313946344,1,0
71.314218918,0,0
71.314990642,0,1
71.315037038,0,0
71.315078284,0,1
71.315120994,0,0
71.315162238,0,1
71.315204940,0,0
71.315246178,0,1
71.315288882,0,0
71.315330124,0,1
71.315372826,0,0
71.315414064,0,1
71.315456772,0,0
71.315498012,0,1
71.315540722,0,0
71.315581964,0,1
71.315624674,0,0
71.315665914,0,1
71.315710104,0,0
71.315711912,1,0
71.315751330,1,1
71.315794030,1,0
71.315835260,1,1
71.315868602,0,1
71.315881914,0,0
71.315923144,0,1
71.315946440,1,1
71.316290004,0,1
71.316301816,0,0
71.316344460,0,1
71.316386108,0,0
71.316427270,0,1
71.316450526,1,1
71.316469902,1,0
71.316511062,1,1
71.316532522,0,1
71.316552714,0,0
71.316593880,0,1
71.316617140,1,1
71.316636518,1,0
71.316677682,1,1
71.316720324,1,0
71.316761482,1,1
71.316804120,1,0
71.316845274,1,1
71.316887906,1,0
71.316929054,1,1
71.316971682,1,0
71.317015298,1,1
71.317057932,1,0
71.317096126,1,1
71.317138762,1,0
71.317183362,1,1
71.317198690,1,0
71.317199934,1,1
71.344451466,0,1
71.344463286,0,0
71.344505954,0,1
71.344529228,1,1
71.344548614,1,0
71.344589800,1,1
71.344632462,1,0
71.344673646,1,1
71.344695120,0,1
71.344715326,0,0
71.344756514,0,1
71.344779788,1,1
71.344799174,1,0
71.344840358,1,1
71.344883024,1,0
71.344924210,1,1
71.344966872,1,0
71.345008058,1,1
71.345029536,0,1
71.345049740,0,0
71.345090930,0,1
71.345132606,0,0
71.345176262,0,1
71.345217936,0,0
71.345256168,0,1
71.345279442,1,1
71.345298830,1,0
71.345343466,1,1
71.345361612,1,0
71.349944880,1,1
71.351898612,0,1
71.351910432,0,0
71.351953100,0,1
71.351976372,1,1
71.351995760,1,0
71.352036944,1,1
71.352079610,1,0
71.352120798,1,1
71.352142270,0,1
71.352162476,0,0
71.352203664,0,1
71.352245342,0,0
71.352286534,0,1
71.352309806,1,1
71.352329194,1,0
71.352370380,1,1
71.352413044,1,0
71.352454228,1,1
71.352475702,0,1
71.352495908,0,0
71.352537096,0,1
71.352578774,0,0
71.352622428,0,1
71.352645706,1,1
71.352665094,1,0
71.352703320,1,1
71.352745982,1,0
71.352790618,1,1
71.352808900,1,0
71.357945418,1,1
71.367005196,0,1
71.367017014,0,0
71.367059676,0,1
71.367101336,0,0
71.367142514,0,1
71.367184178,0,0
71.367225346,0,1
71.367267002,0,0
71.367308150,0,1
71.367349800,0,0
71.367390976,0,1
71.367414238,1,1
71.367433616,1,0
71.367474774,1,1
71.367517412,1,0
71.367558562,1,1
71.367601196,1,0
71.367642354,1,1
71.367684988,1,0
71.367728608,1,1
71.367771238,1,0
71.367809432,1,1
71.367852068,1,0
71.367896670,1,1
71.371529152,0,1
71.371540968,0,0
71.371583604,0,1
71.371606864,1,1
71.371626240,1,0
71.371667394,1,1
71.371710026,1,0
71.371751184,1,1
71.371772646,0,1
71.371792836,0,0
71.371833992,0,1
71.371875640,0,0
71.371916796,0,1
71.371940050,1,1
71.371959428,1,0
71.372000580,1,1
71.372043212,1,0
71.372084364,1,1
71.372105824,0,1
71.372126018,0,0
71.372167182,0,1
71.372208834,0,0
71.372252462,0,1
71.372275722,1,1
71.372295100,1,0
71.372333306,1,1
71.372375946,1,0
71.372420542,1,1
71.379206468,0,1
71.379218270,0,0
71.379260876,0,1
71.379302496,0,0
71.379343624,0,1
71.379385246,0,0
71.379426378,0,1
71.379468002,0,0
71.379509136,0,1
71.379550758,0,0
71.379591904,0,1
71.379615150,1,1
71.379634516,1,0
71.379675648,1,1
71.379718260,1,0
71.379759386,1,1
71.379802000,1,0
71.379843130,1,1
71.379885736,1,0
71.379929326,1,1
71.379971930,1,0
71.380010096,1,1
71.380052704,1,0
71.380097272,1,1
71.383724000,0,1
71.383735802,0,0
71.383778410,0,1
71.383801652,1,1
71.383821018,1,0
71.383862150,1,1
71.383904760,1,0
71.383945888,1,1
71.383967336,0,1
71.383987514,0,0
71.384028644,0,1
71.384051884,1,1
71.384071248,1,0
71.384112378,1,1
71.384154988,1,0
71.384196116,1,1
71.384238724,1,0
71.384279852,1,1
71.384301300,0,1
71.384321480,0,0
71.384362610,0,1
71.384404236,0,0
71.384447834,0,1
71.384489458,0,0
71.384527636,0,1
71.384550878,1,1
71.384570244,1,0
71.384614824,1,1
71.392393694,1,0
71.397953560,1,1
71.470700702,1,0
71.470973046,0,0
71.471744092,0,1
71.473261940,0,0
71.473264004,1,0
71.473303068,1,1
71.473344688,1,0
71.473346006,0,0
71.473385824,0,1
71.473428430,0,0
71.473430384,1,0
71.473469552,1,1
71.473511170,1,0
71.473552296,1,1
71.473593910,1,0
71.473595646,0,0
71.473635042,0,1
71.473677646,0,0
71.473679024,1,0
71.473718762,1,1
71.473760386,1,0
71.473801508,1,1
71.473801514,1,0
71.473801516,1,1
71.473843132,1,0
71.473884258,1,1
71.473927354,1,0
71.473968476,1,1
71.474011078,1,0
71.474052200,1,1
71.474085464,0,1
71.474098746,0,0
71.474139884,0,1
71.474163130,1,1
71.474434636,0,1
71.474446438,0,0
71.474489038,0,1
71.474530654,0,0
71.474571782,0,1
71.474595024,1,1
71.474614382,1,0
71.474655500,1,1
71.474676948,0,1
71.474697122,0,0
71.474738244,0,1
71.474761478,1,1
71.474780838,1,0
71.474821960,1,1
71.474864562,1,0
71.474905678,1,1
71.474948274,1,0
71.474989388,1,1
71.475031986,1,0
71.475073102,1,1
71.475115704,1,0
71.475159284,1,1
71.475201886,1,0
71.475240052,1,1
71.475282656,1,0
71.475327226,1,1
71.475341852,1,0
71.475614284,0,0
71.476385240,0,1
71.476430636,0,0
71.476471780,0,1
71.476514390,0,0
71.476555530,0,1
71.476598140,0,0
71.476600066,1,0
71.476639266,1,1
71.476680890,1,0
71.476682064,0,0
71.476722024,0,1
71.476764630,0,0
71.476805768,0,1
71.476848374,0,0
71.476889510,0,1
71.476932120,0,0
71.476973258,0,1
71.477015868,0,0
71.477057012,0,1
71.477101096,0,0
71.477142232,0,1
71.477181394,0,0
71.477183052,1,0
71.477222528,1,1
71.477255794,0,1
71.477269076,0,0
71.477310222,0,1
71.477333460,1,1
71.477672148,0,1
71.477683970,0,0
71.477726640,0,1
71.477768318,0,0
71.477809512,0,1
71.477832790,1,1
71.477852184,1,0
71.477893384,1,1
71.477914864,0,1
71.477935078,0,0
71.477976282,0,1
71.477999564,1,1
71.478018954,1,0
71.478060148,1,1
71.478102822,1,0
71.478144016,1,1
71.478186684,1,0
71.478227878,1,1
71.478270548,1,0
71.478311738,1,1
71.478354412,1,0
71.478398068,1,1
71.478440738,1,0
71.478478972,1,1
71.478521642,1,0
71.478566290,1,1
71.478579926,1,0
71.478581176,1,1
71.490027296,0,1
71.490039118,0,0
71.490081798,0,1
71.490105076,1,1
71.490124470,1,0
71.490165672,1,1
71.490208348,1,0
71.490249548,1,1
71.490271032,0,1
71.490291246,0,0
71.490332452,0,1
71.490355730,1,1
71.490375124,1,0
71.490416322,1,1
71.490458996,1,0
71.490500192,1,1
71.490542870,1,0
71.490584072,1,1
71.490605554,0,1
71.490625766,0,0
71.490666970,0,1
71.490708660,0,0
71.490752330,0,1
71.490794020,0,0
71.490832268,0,1
71.490855546,1,1
71.490874940,1,0
71.490919594,1,1
71.490938538,1,0
71.493944742,1,1
71.494556532,0,1
71.494568358,0,0
71.494611048,0,1
71.494634332,1,1
71.494653726,1,0
71.494694928,1,1
71.494737614,1,0
71.494778812,1,1
71.494800296,0,1
71.494820508,0,0
71.494861716,0,1
71.494903406,0,0
71.494944612,0,1
71.494967896,1,1
71.494987292,1,0
71.495028496,1,1
71.495071174,1,0
71.495112372,1,1
71.495133856,0,1
71.495154072,0,0
71.495195274,0,1
71.495236962,0,0
71.495280640,0,1
71.495303920,1,1
71.495323314,1,0
71.495361554,1,1
71.495404234,1,0
71.495448884,1,1
71.495467202,1,0
71.501944732,1,1
71.515243206,0,1
71.515255030,0,0
71.515297714,0,1
71.515339412,0,0
71.515380620,0,1
71.515422314,0,0
71.515463526,0,1
71.515505220,0,0
71.515546428,0,1
71.515588132,0,0
71.515629342,0,1
71.515652624,1,1
71.515672022,1,0
71.515713232,1,1
71.515755912,1,0
71.515797116,1,1
71.515839798,1,0
71.515881004,1,1
71.515923676,1,0
71.515967342,1,1
71.516010010,1,0
71.516048238,1,1
71.516090904,1,0
71.516135546,1,1
71.519768804,0,1
71.519780632,0,0
71.519823332,0,1
71.519846616,1,1
71.519866016,1,0
71.519907222,1,1
71.519949902,1,0
71.519991100,1,1
71.520012582,0,1
71.520032798,0,0
71.520074008,0,1
71.520097290,1,1
71.520116686,1,0
71.520157890,1,1
71.520200574,1,0
71.520241776,1,1
71.520284458,1,0
71.520325662,1,1
71.520347148,0,1
71.520367362,0,0
71.520408570,0,1
71.520450268,0,0
71.520493942,0,1
71.520535636,0,0
71.520573892,0,1
71.520597174,1,1
71.520616572,1,0
71.520661230,1,1
71.524297510,0,1
71.524309334,0,0
71.524352020,0,1
71.524393712,0,0
71.524434904,0,1
71.524476602,0,0
71.524517824,0,1
71.524559530,0,0
71.524600744,0,1
71.524642442,0,0
71.524683652,0,1
71.524706938,1,1
71.524726332,1,0
71.524767542,1,1
71.524810228,1,0
71.524851432,1,1
71.524894116,1,0
71.524935322,1,1
71.524978004,1,0
71.525021676,1,1
71.525064360,1,0
71.525102602,1,1
71.525145286,1,0
71.525189942,1,1
71.528826218,0,1
71.528838044,0,0
71.528880728,0,1
71.528904010,1,1
71.528923404,1,0
71.528964610,1,1
71.529007288,1,0
71.529048494,1,1
71.529069978,0,1
71.529090192,0,0
71.529131400,0,1
71.529173098,0,0
71.529214310,0,1
71.529237592,1,1
71.529256986,1,0
71.529298186,1,1
71.529340870,1,0
71.529382070,1,1
71.529403554,0,1
71.529423768,0,0
71.529464978,0,1
71.529506672,0,0
71.529550350,0,1
71.529573638,1,1
71.529593036,1,0
71.529631280,1,1
71.529673962,1,0
71.529718620,1,1
71.537235664,1,0
71.541945660,1,1
71.606374612,1,0
71.606647140,0,0
71.607418564,0,1
71.608028832,0,0
71.608030458,1,0
71.608070046,1,1
71.608111756,1,0
71.608113520,0,0
71.608152984,0,1
71.608195678,0,0
71.608197958,1,0
71.608236900,1,1
71.608278604,1,0
71.608319818,1,1
71.608361524,1,0
71.608363344,0,0
71.608402748,0,1
71.608445438,0,0
71.608446782,1,0
71.608486652,1,1
71.608528358,1,0
71.608569576,1,1
71.608611276,1,0
71.608652494,1,1
71.608695674,1,0
71.608736882,1,1
71.608779568,1,0
71.608820782,1,1
71.608854112,0,1
71.608867422,0,0
71.608908658,0,1
71.608931954,1,1
71.609204052,0,1
71.609215884,0,0
71.609258590,0,1
71.609300292,0,0
71.609341508,0,1
71.609364794,1,1
71.609384194,1,0
71.609425404,1,1
71.609446892,0,1
71.609467110,0,0
71.609508328,0,1
71.609531614,1,1
71.609551014,1,0
71.609592242,1,1
71.609634934,1,0
71.609676150,1,1
71.609718844,1,0
71.609760056,1,1
71.609802748,1,0
71.609843964,1,1
71.609886654,1,0
71.609930338,1,1
71.609973030,1,0
71.610011280,1,1
71.610053964,1,0
71.610098634,1,1
71.610112488,1,0
71.610385046,0,0
71.611156574,0,1
71.611197928,0,0
71.611239160,0,1
71.611281860,0,0
71.611323092,0,1
71.611365790,0,0
71.611407024,0,1
71.611449718,0,0
71.611490948,0,1
71.611533646,0,0
71.611574874,0,1
71.611617570,0,0
71.611658804,0,1
71.611701498,0,0
71.611742722,0,1
71.611785416,0,0
71.611826644,0,1
71.611870818,0,0
71.611872674,1,0
71.611912036,1,1
71.611954732,1,0
71.611995942,1,1
71.612029272,0,1
71.612042586,0,0
71.612083808,0,1
71.612107096,1,1
71.612450540,0,1
71.612462350,0,0
71.612504974,0,1
71.612546612,0,0
71.612587766,0,1
71.612611016,1,1
71.612630384,1,0
71.612671526,1,1
71.612692980,0,1
71.612713164,0,0
71.612754310,0,1
71.612777556,1,1
71.612796922,1,0
71.612838062,1,1
71.612880680,1,0
71.612921818,1,1
71.612964434,1,0
71.613005568,1,1
71.613048180,1,0
71.613089318,1,1
71.613131934,1,0
71.613175528,1,1
71.613218140,1,0
71.613256316,1,1
71.613298928,1,0
71.613343508,1,1
71.613356098,1,0
71.613357338,1,1
71.640730790,0,1
71.640742594,0,0
71.640785208,0,1
71.640826830,0,0
71.640867968,0,1
71.640891208,1,1
71.640910572,1,0
71.640951708,1,1
71.640973156,0,1
71.640993334,0,0
71.641034472,0,1
71.641076096,0,0
71.641117228,0,1
71.641158854,0,0
71.641199986,0,1
71.641199990,0,0
71.641199992,0,1
71.641241612,0,0
71.641282744,0,1
71.641305978,1,1
71.641325334,1,0
71.641366466,1,1
71.641387920,0,1
71.641408106,0,0
71.641451708,0,1
71.641474950,1,1
71.641494314,1,0
71.641532490,1,1
71.641575104,1,0
71.641619682,1,1
71.641638358,1,0
71.645944692,1,1
71.648160600,0,1
71.648172404,0,0
71.648215012,0,1
71.648238252,1,1
71.648257616,1,0
71.648298746,1,1
71.648341354,1,0
71.648382484,1,1
71.648403930,0,1
71.648424108,0,0
71.648465242,0,1
71.648488482,1,1
71.648507848,1,0
71.648548976,1,1
71.648591586,1,0
71.648632720,1,1
71.648675328,1,0
71.648716454,1,1
71.648737902,0,1
71.648758082,0,0
71.648799212,0,1
71.648840836,0,0
71.648884434,0,1
71.648926060,0,0
71.648964238,0,1
71.648987476,1,1
71.649006842,1,0
71.649051418,1,1
71.649069126,1,0
71.653944644,1,1
71.666323962,0,1
71.666335764,0,0
71.666378372,0,1
71.666419996,0,0
71.666461132,0,1
71.666502754,0,0
71.666543886,0,1
71.666585516,0,0
71.666626654,0,1
71.666668276,0,0
71.666709410,0,1
71.666732654,1,1
71.666752016,1,0
71.666793146,1,1
71.666835758,1,0
71.666876890,1,1
71.666919498,1,0
71.666960628,1,1
71.667003236,1,0
71.667046824,1,1
71.667089430,1,0
71.667127604,1,1
71.667170212,1,0
71.667214790,1,1
71.670848554,0,1
71.670860356,0,0
71.670902966,0,1
71.670944592,0,0
71.670985726,0,1
71.671008970,1,1
71.671028334,1,0
71.671069462,1,1
71.671090908,0,1
71.671111086,0,0
71.671152224,0,1
71.671193850,0,0
71.671234986,0,1
71.671276608,0,0
71.671317742,0,1
71.671359364,0,0
71.671400502,0,1
71.671423746,1,1
71.671443110,1,0
71.671484242,1,1
71.671505690,0,1
71.671525868,0,0
71.671569470,0,1
71.671592712,1,1
71.671612076,1,0
71.671650250,1,1
71.671692864,1,0
71.671737442,1,1
71.675367164,0,1
71.675378968,0,0
71.675421576,0,1
71.675463198,0,0
71.675504334,0,1
71.675545952,0,0
71.675587088,0,1
71.675628716,0,0
71.675669850,0,1
71.675711472,0,0
71.675752610,0,1
71.675775850,1,1
71.675795216,1,0
71.675836346,1,1
71.675878952,1,0
71.675920086,1,1
71.675962690,1,0
71.676003816,1,1
71.676046426,1,0
71.676090014,1,1
71.676132620,1,0
71.676170792,1,1
71.676213396,1,0
71.676257978,1,1
71.679884824,0,1
71.679896626,0,0
71.679939234,0,1
71.679962474,1,1
71.679981836,1,0
71.680022964,1,1
71.680065570,1,0
71.680106700,1,1
71.680128146,0,1
71.680148324,0,0
71.680189456,0,1
71.680212700,1,1
71.680232060,1,0
71.680273184,1,1
71.680315790,1,0
71.680356916,1,1
71.680399520,1,0
71.680440646,1,1
71.680462094,0,1
71.680482272,0,0
71.680523406,0,1
71.680565032,0,0
71.680608634,0,1
71.680650260,0,0
71.680688434,0,1
71.680711676,1,1
71.680731040,1,0
71.680775616,1,1
71.688270510,1,0
71.693952640,1,1
71.742392874,1,0
71.742665306,0,0
71.743436454,0,1
71.744020678,0,0
71.744022010,1,0
71.744061808,1,1
71.744103428,1,0
71.744105026,0,0
71.744144564,0,1
71.744187170,0,0
71.744189412,1,0
71.744228298,1,1
71.744269914,1,0
71.744311040,1,1
71.744352658,1,0
71.744354700,0,0
71.744393790,0,1
71.744436400,0,0
71.744438086,1,0
71.744477524,1,1
71.744519144,1,0
71.744560270,1,1
71.744601890,1,0
71.744643010,1,1
71.744686102,1,0
71.744727228,1,1
71.744769832,1,0
71.744810954,1,1
71.744844220,0,1
71.744857504,0,0
71.744898642,0,1
71.744921880,1,1
71.745193386,0,1
71.745205190,0,0
71.745247798,0,1
71.745289414,0,0
71.745330542,0,1
71.745353782,1,1
71.745373142,1,0
71.745414266,1,1
71.745435710,0,1
71.745455890,0,0
71.745497024,0,1
71.745520264,1,1
71.745539626,1,0
71.745580754,1,1
71.745623362,1,0
71.745664484,1,1
71.745707088,1,0
71.745748210,1,1
71.745790812,1,0
71.745831930,1,1
71.745874542,1,0
71.745918134,1,1
71.745960738,1,0
71.745998908,1,1
71.746041500,1,0
71.746086056,1,1
71.746100786,1,0
71.746369238,0,0
71.747140276,0,1
71.747183234,0,0
71.747224370,0,1
71.747266974,0,0
71.747308108,0,1
71.747350714,0,0
71.747352076,1,0
71.747391842,1,1
71.747433464,1,0
71.747435084,0,0
71.747474606,0,1
71.747517214,0,0
71.747558358,0,1
71.747600974,0,0
71.747642118,0,1
71.747684728,0,0
71.747725874,0,1
71.747768482,0,0
71.747809622,0,1
71.747853716,0,0
71.747894860,0,1
71.747934024,0,0
71.747936126,1,0
71.747975158,1,1
71.748008432,0,1
71.748021716,0,0
71.748062862,0,1
71.748086104,1,1
71.748424826,0,1
71.748436648,0,0
71.748479324,0,1
71.748521010,0,0
71.748562212,0,1
71.748585492,1,1
71.748604890,1,0
71.748646088,1,1
71.748667570,0,1
71.748687780,0,0
71.748728980,0,1
71.748752260,1,1
71.748771654,1,0
71.748812852,1,1
71.748855526,1,0
71.748896730,1,1
71.748939406,1,0
71.748980604,1,1
71.749023284,1,0
71.749064482,1,1
71.749107160,1,0
71.749150828,1,1
71.749193508,1,0
71.749231744,1,1
71.749231750,1,0
71.749231752,1,1
71.749274428,1,0
71.749319082,1,1
71.749331462,1,0
71.749332714,1,1
71.749959282,0,1
71.749971108,0,0
71.750013792,0,1
71.750055486,0,0
71.750096692,0,1
71.750119972,1,1
71.750139366,1,0
71.750180570,1,1
71.750202054,0,1
71.750222268,0,0
71.750263472,0,1
71.750305166,0,0
71.750346376,0,1
71.750388068,0,0
71.750429276,0,1
71.750470970,0,0
71.750512174,0,1
71.750535454,1,1
71.750554850,1,0
71.750596056,1,1
71.750617538,0,1
71.750637750,0,0
71.750681420,0,1
71.750704700,1,1
71.750724096,1,0
71.750762332,1,1
71.750805008,1,0
71.750849662,1,1
71.750867934,1,0
71.757944066,1,1
71.810518782,0,1
71.810530610,0,0
71.810573320,0,1
71.810615026,0,0
71.810656242,0,1
71.810697940,0,0
71.810739160,0,1
71.810780862,0,0
71.810822076,0,1
71.810863772,0,0
71.810904986,0,1
71.810928272,1,1
71.810947666,1,0
71.810988874,1,1
71.811031560,1,0
71.811072764,1,1
71.811115452,1,0
71.811156660,1,1
71.811199348,1,0
71.811243022,1,1
71.811285708,1,0
71.811323960,1,1
71.811366644,1,0
71.811411308,1,1
71.815052078,0,1
71.815063906,0,0
71.815106602,0,1
71.815148300,0,0
71.815189514,0,1
71.815212804,1,1
71.815232200,1,0
71.815273408,1,1
71.815294898,0,1
71.815315116,0,0
71.815356332,0,1
71.815398034,0,0
71.815439250,0,1
71.815480954,0,0
71.815522176,0,1
71.815563874,0,0
71.815605098,0,1
71.815628386,1,1
71.815647786,1,0
71.815689002,1,1
71.815710492,0,1
71.815730710,0,0
71.815774398,0,1
71.815797688,1,1
71.815817086,1,0
71.815855340,1,1
71.815898034,1,0
71.815942704,1,1
71.823887552,1,0
71.829953632,1,1
71.886869600,1,0
71.886873592,0,0
71.887908986,0,1
71.888493156,0,0
71.888494628,1,0
71.888534378,1,1
71.888576090,1,0
71.888577658,0,0
71.888617320,0,1
71.888660016,0,0
71.888662078,1,0
71.888701236,1,1
71.888742942,1,0
71.888784158,1,1
71.888825858,1,0
71.888827392,0,0
71.888867086,0,1
71.888909776,0,0
71.888911802,1,0
71.888950990,1,1
71.888992696,1,0
71.889033910,1,1
71.889075612,1,0
71.889116826,1,1
71.889160006,1,0
71.889201214,1,1
71.889243902,1,0
71.889285110,1,1
71.889318440,0,1
71.889331750,0,0
71.889372980,0,1
71.889396280,1,1
71.889668390,0,1
71.889680218,0,0
71.889722920,0,1
71.889764620,0,0
71.889805836,0,1
71.889829126,1,1
71.889848526,1,0
71.889889742,1,1
71.889911236,0,1
71.889931458,0,0
71.889972680,0,1
71.889995972,1,1
71.890015372,1,0
71.890056592,1,1
71.890099284,1,0
71.890140500,1,1
71.890183196,1,0
71.890224414,1,1
71.890267106,1,0
71.890308326,1,1
71.890351014,1,0
71.890394696,1,1
71.890437390,1,0
71.890475646,1,1
71.890518334,1,0
71.890563004,1,1
71.890578096,1,0
71.890850578,0,0
71.891622018,0,1
71.891668772,0,0
71.891710006,0,1
71.891752710,0,0
71.891793948,0,1
71.891836650,0,0
71.891877890,0,1
71.891920590,0,0
71.891961824,0,1
71.892004528,0,0
71.892045762,0,1
71.892088456,0,0
71.892129686,0,1
71.892172384,0,0
71.892213616,0,1
71.892256312,0,0
71.892297548,0,1
71.892341726,0,0
71.892343132,1,0
71.892382950,1,1
71.892425646,1,0
71.892466872,1,1
71.892500216,0,1
71.892513528,0,0
71.892554764,0,1
71.892578060,1,1
71.892921580,0,1
71.892933390,0,0
71.892976020,0,1
71.893017658,0,0
71.893058810,0,1
71.893082060,1,1
71.893101428,1,0
71.893142568,1,1
71.893164026,0,1
71.893184212,0,0
71.893225362,0,1
71.893248614,1,1
71.893267980,1,0
71.893309124,1,1
71.893351746,1,0
71.893392886,1,1
71.893435508,1,0
71.893476654,1,1
71.893519274,1,0
71.893560420,1,1
71.893603046,1,0
71.893646654,1,1
71.893689276,1,0
71.893727464,1,1
71.893770084,1,0
71.893814674,1,1
71.893829638,1,0
71.893830882,1,1
71.940735020,0,1
71.940746826,0,0
71.940789442,0,1
71.940831066,0,0
71.940872200,0,1
71.940895444,1,1
71.940914808,1,0
71.940955942,1,1
71.940977390,0,1
71.940997570,0,0
71.941038712,0,1
71.941080340,0,0
71.941121478,0,1
71.941163104,0,0
71.941204240,0,1
71.941245866,0,0
71.941287002,0,1
71.941310250,1,1
71.941329614,1,0
71.941370744,1,1
71.941392196,0,1
71.941412378,0,0
71.941455982,0,1
71.941479224,1,1
71.941498592,1,0
71.941536768,1,1
71.941579388,1,0
71.941623970,1,1
71.941642228,1,0
71.941944398,1,1
71.958761218,0,1
71.958773022,0,0
71.958815632,0,1
71.958857258,0,0
71.958898394,0,1
71.958940016,0,0
71.958981154,0,1
71.959022778,0,0
71.959063916,0,1
71.959105546,0,0
71.959146684,0,1
71.959169926,1,1
71.959189290,1,0
71.959230422,1,1
71.959273028,1,0
71.959314156,1,1
71.959356768,1,0
71.959397900,1,1
71.959440506,1,0
71.959484094,1,1
71.959526690,1,0
71.959564854,1,1
71.959607476,1,0
71.959652068,1,1
71.963286058,0,1
71.963297862,0,0
71.963340468,0,1
71.963382090,0,0
71.963423222,0,1
71.963446464,1,1
71.963465828,1,0
71.963506956,1,1
71.963528402,0,1
71.963548580,0,0
71.963589720,0,1
71.963631346,0,0
71.963672480,0,1
71.963714106,0,0
71.963755242,0,1
71.963796862,0,0
71.963838000,0,1
71.963861246,1,1
71.963880608,1,0
71.963921738,1,1
71.963943190,0,1
71.963963372,0,0
71.964006974,0,1
71.964030216,1,1
71.964049580,1,0
71.964087756,1,1
71.964130364,1,0
71.964174938,1,1
71.971836130,1,0
71.973952284,1,1
72.030704618,1,0
72.030972960,0,0
72.031744106,0,1
72.032064800,0,0
72.032066220,1,0
72.032105940,1,1
72.032147576,1,0
72.032149252,0,0
72.032188738,0,1
72.032231364,0,0
72.032232686,1,0
72.032272518,1,1
72.032314146,1,0
72.032355276,1,1
72.032396900,1,0
72.032397996,0,0
72.032438038,0,1
72.032480644,0,0
72.032482372,1,0
72.032521776,1,1
72.032563400,1,0
72.032604530,1,1
72.032646150,1,0
72.032687276,1,1
72.032730370,1,0
72.032771496,1,1
72.032814102,1,0
72.032855226,1,1
72.032888492,0,1
72.032901776,0,0
72.032942924,0,1
72.032966172,1,1
72.033237728,0,1
72.033249530,0,0
72.033292138,0,1
72.033333758,0,0
72.033374886,0,1
72.033398124,1,1
72.033417486,1,0
72.033458620,1,1
72.033480072,0,1
72.033500252,0,0
72.033541392,0,1
72.033564636,1,1
72.033584002,1,0
72.033625136,1,1
72.033667744,1,0
72.033708876,1,1
72.033751486,1,0
72.033792614,1,1
72.033835224,1,0
72.033876356,1,1
72.033918958,1,0
72.033962550,1,1
72.034005156,1,0
72.034043326,1,1
72.034085934,1,0
72.034130504,1,1
72.034144214,1,0
72.034412616,0,0
72.035183742,0,1
72.035227686,0,0
72.035268832,0,1
72.035311446,0,0
72.035352584,0,1
72.035395196,0,0
72.035396606,1,0
72.035436324,1,1
72.035477944,1,0
72.035479618,0,0
72.035519080,0,1
72.035561686,0,0
72.035602826,0,1
72.035645436,0,0
72.035686578,0,1
72.035729182,0,0
72.035770324,0,1
72.035812938,0,0
72.035854080,0,1
72.035898164,0,0
72.035939306,0,1
72.035978466,0,0
72.035980646,1,0
72.036019596,1,1
72.036052870,0,1
72.036066154,0,0
72.036107302,0,1
72.036130542,1,1
72.036469248,0,1
72.036481068,0,0
72.036523738,0,1
72.036565428,0,0
72.036606632,0,1
72.036629918,1,1
72.036649314,1,0
72.036690522,1,1
72.036712014,0,1
72.036732234,0,0
72.036773450,0,1
72.036796742,1,1
72.036816142,1,0
72.036857364,1,1
72.036900060,1,0
72.036941280,1,1
72.036983972,1,0
72.037025180,1,1
72.037067858,1,0
72.037109062,1,1
72.037151744,1,0
72.037195412,1,1
72.037238096,1,0
72.037276340,1,1
72.037319024,1,0
72.037363686,1,1
72.037379082,1,0
72.037380328,1,1
72.078324960,0,1
72.078336786,0,0
72.078379480,0,1
72.078402764,1,1
72.078422160,1,0
72.078463368,1,1
72.078506052,1,0
72.078547262,1,1
72.078568754,0,1
72.078588970,0,0
72.078630180,0,1
72.078671878,0,0
72.078713092,0,1
72.078736378,1,1
72.078755772,1,0
72.078796982,1,1
72.078839670,1,0
72.078880874,1,1
72.078902364,0,1
72.078922582,0,0
72.078963796,0,1
72.079005492,0,0
72.079049178,0,1
72.079072458,1,1
72.079091858,1,0
72.079130106,1,1
72.079172790,1,0
72.079217454,1,1
72.079235580,1,0
72.085944192,1,1
72.098971180,0,1
72.098983008,0,0
72.099025706,0,1
72.099067404,0,0
72.099108628,0,1
72.099150332,0,0
72.099191550,0,1
72.099233258,0,0
72.099274478,0,1
72.099316180,0,0
72.099357400,0,1
72.099380690,1,1
72.099400088,1,0
72.099441300,1,1
72.099483988,1,0
72.099525206,1,1
72.099567900,1,0
72.099609122,1,1
72.099651816,1,0
72.099695502,1,1
72.099738192,1,0
72.099776444,1,1
72.099819136,1,0
72.099863804,1,1
72.103501048,0,1
72.103512874,0,0
72.103555566,0,1
72.103555570,0,0
72.103555574,0,1
72.103578862,1,1
72.103598260,1,0
72.103639472,1,1
72.103682164,1,0
72.103723378,1,1
72.103744866,0,1
72.103765084,0,0
72.103806298,0,1
72.103848006,0,0
72.103889226,0,1
72.103912514,1,1
72.103931912,1,0
72.103973132,1,1
72.104015824,1,0
72.104057036,1,1
72.104078526,0,1
72.104098746,0,0
72.104139962,0,1
72.104181662,0,0
72.104225346,0,1
72.104248634,1,1
72.104268034,1,0
72.104306282,1,1
72.104348970,1,0
72.104393634,1,1
72.112606888,1,0
72.117952982,1,1
72.174711060,1,0
72.174983626,0,0
72.175755298,0,1
72.176673826,0,0
72.176675868,1,0
72.176715056,1,1
72.176756766,1,0
72.176757940,0,0
72.176797996,0,1
72.176840694,0,0
72.176842392,1,0
72.176881916,1,1
72.176923624,1,0
72.176964846,1,1
72.177006552,1,0
72.177007776,0,0
72.177047778,0,1
72.177090472,0,0
72.177092208,1,0
72.177131690,1,1
72.177173394,1,0
72.177214614,1,1
72.177256318,1,0
72.177297534,1,1
72.177340716,1,0
72.177381936,1,1
72.177424624,1,0
72.177465838,1,1
72.177499172,0,1
72.177512484,0,0
72.177553720,0,1
72.177577020,1,1
72.177849156,0,1
72.177860986,0,0
72.177903690,0,1
72.177945396,0,0
72.177986616,0,1
72.178009908,1,1
72.178029308,1,0
72.178070526,1,1
72.178092018,0,1
72.178112238,0,0
72.178153460,0,1
72.178176752,1,1
72.178196152,1,0
72.178237366,1,1
72.178280062,1,0
72.178321278,1,1
72.178363970,1,0
72.178405190,1,1
72.178447884,1,0
72.178489100,1,1
72.178531800,1,0
72.178575490,1,1
72.178618186,1,0
72.178656444,1,1
72.178699142,1,0
72.178743816,1,1
72.178757906,1,0
72.179026486,0,0
72.179798046,0,1
72.179843284,0,0
72.179884522,0,1
72.179927222,0,0
72.179968456,0,1
72.180011158,0,0
72.180052388,0,1
72.180095084,0,0
72.180136316,0,1
72.180179008,0,0
72.180220236,0,1
72.180262932,0,0
72.180304166,0,1
72.180346866,0,0
72.180388102,0,1
72.180430798,0,0
72.180472028,0,1
72.180516208,0,0
72.180518132,1,0
72.180557436,1,1
72.180600136,1,0
72.180641362,1,1
72.180674702,0,1
72.180688016,0,0
72.180729250,0,1
72.180752548,1,1
72.181096052,0,1
72.181107862,0,0
72.181150486,0,1
72.181192120,0,0
72.181233280,0,1
72.181256542,1,1
72.181275920,1,0
72.181317090,1,1
72.181338548,0,1
72.181358734,0,0
72.181399886,0,1
72.181423140,1,1
72.181442512,1,0
72.181483658,1,1
72.181526280,1,0
72.181567430,1,1
72.181610058,1,0
72.181651212,1,1
72.181693844,1,0
72.181734998,1,1
72.181777628,1,0
72.181821250,1,1
72.181863888,1,0
72.181902092,1,1
72.181944732,1,0
72.181989338,1,1
72.182001800,1,0
72.182003042,1,1
72.226367320,0,1
72.226379126,0,0
72.226421740,0,1
72.226463366,0,0
72.226504508,0,1
72.226527758,1,1
72.226547124,1,0
72.226588266,1,1
72.226609716,0,1
72.226629900,0,0
72.226671044,0,1
72.226712670,0,0
72.226753814,0,1
72.226795446,0,0
72.226836588,0,1
72.226878218,0,0
72.226919360,0,1
72.226942602,1,1
72.226961966,1,0
72.227003098,1,1
72.227024550,0,1
72.227044732,0,0
72.227088334,0,1
72.227111578,1,1
72.227130944,1,0
72.227169124,1,1
72.227211738,1,0
72.227256316,1,1
72.227274270,1,0
72.229943508,1,1
72.230884642,0,1
72.230896448,0,0
72.230939066,0,1
72.230962310,1,1
72.230981676,1,0
72.231022814,1,1
72.231065432,1,0
72.231106574,1,1
72.231128026,0,1
72.231148208,0,0
72.231189346,0,1
72.231212592,1,1
72.231231960,1,0
72.231273100,1,1
72.231315714,1,0
72.231356850,1,1
72.231399464,1,0
72.231440598,1,1
72.231462048,0,1
72.231482230,0,0
72.231523372,0,1
72.231565004,0,0
72.231608614,0,1
72.231650242,0,0
72.231688426,0,1
72.231711670,1,1
72.231731034,1,0
72.231775614,1,1
72.231793962,1,0
72.237943606,1,1
72.249050556,0,1
72.249062360,0,0
72.249104976,0,1
72.249146604,0,0
72.249187746,0,1
72.249229374,0,0
72.249270512,0,1
72.249312142,0,0
72.249353284,0,1
72.249394912,0,0
72.249436050,0,1
72.249459296,1,1
72.249478662,1,0
72.249519798,1,1
72.249562410,1,0
72.249603552,1,1
72.249646166,1,0
72.249687298,1,1
72.249729916,1,0
72.249773514,1,1
72.249816130,1,0
72.249854314,1,1
72.249896930,1,0
72.249941512,1,1
72.253575798,0,1
72.253587602,0,0
72.253630206,0,1
72.253671834,0,0
72.253712984,0,1
72.253736238,1,1
72.253755604,1,0
72.253796740,1,1
72.253818190,0,1
72.253838372,0,0
72.253879520,0,1
72.253921160,0,0
72.253962304,0,1
72.254003934,0,0
72.254045078,0,1
72.254086708,0,0
72.254127850,0,1
72.254151094,1,1
72.254170460,1,0
72.254211598,1,1
72.254233048,0,1
72.254253228,0,0
72.254296832,0,1
72.254320078,1,1
72.254339440,1,0
72.254377616,1,1
72.254420232,1,0
72.254464816,1,1
72.258095126,0,1
72.258106932,0,0
72.258149550,0,1
72.258191176,0,0
72.258232316,0,1
72.258273944,0,0
72.258315082,0,1
72.258356714,0,0
72.258397854,0,1
72.258439478,0,0
72.258480616,0,1
72.258503864,1,1
72.258523228,1,0
72.258564364,1,1
72.258606984,1,0
72.258648118,1,1
72.258690732,1,0
72.258731866,1,1
72.258774480,1,0
72.258818076,1,1
72.258860690,1,0
72.258898872,1,1
72.258941484,1,0
72.258986066,1,1
72.262613560,0,1
72.262625364,0,0
72.262667980,0,1
72.262691226,1,1
72.262710592,1,0
72.262751730,1,1
72.262794346,1,0
72.262835484,1,1
72.262856934,0,1
72.262877116,0,0
72.262918256,0,1
72.262941504,1,1
72.262960872,1,0
72.263002008,1,1
72.263044626,1,0
72.263085762,1,1
72.263128378,1,0
72.263169512,1,1
72.263190966,0,1
72.263211148,0,0
72.263252288,0,1
72.263293918,0,0
72.263337526,0,1
72.263379156,0,0
72.263417342,0,1
72.263440586,1,1
72.263459956,1,0
72.263504540,1,1
72.270834066,1,0
72.277946460,1,1
72.310556246,1,0
72.310828606,0,0
72.311599726,0,1
72.311728006,0,0
72.311729450,1,0
72.311769148,1,1
72.311810784,1,0
72.311812466,0,0
72.311851940,0,1
72.311894558,0,0
72.311896864,1,0
72.311935702,1,1
72.311977334,1,0
72.312018470,1,1
72.312060102,1,0
72.312061154,0,0
72.312101252,0,1
72.312143868,0,0
72.312145532,1,0
72.312185008,1,1
72.312226642,1,0
72.312267780,1,1
72.312309408,1,0
72.312350544,1,1
72.312393650,1,0
72.312434788,1,1
72.312477400,1,0
72.312518538,1,1
72.312551812,0,1
72.312565100,0,0
72.312606252,0,1
72.312629500,1,1
72.312901092,0,1
72.312912898,0,0
72.312955514,0,1
72.312997140,0,0
72.313038280,0,1
72.313061524,1,1
72.313080892,1,0
72.313122028,1,1
72.313143480,0,1
72.313163662,0,0
72.313204798,0,1
72.313228044,1,1
72.313247408,1,0
72.313288544,1,1
72.313331158,1,0
72.313372292,1,1
72.313414906,1,0
72.313456038,1,1
72.313498654,1,0
72.313539786,1,1
72.313539790,1,0
72.313539794,1,1
72.313582406,1,0
72.313626002,1,1
72.313668620,1,0
72.313706800,1,1
72.313749412,1,0
72.313793992,1,1
72.313793994,1,0
72.313793996,1,1
72.313807214,1,0
72.314075582,0,0
72.314846724,0,1
72.314891262,0,0
72.314932408,0,1
72.314975018,0,0
72.315016156,0,1
72.315058758,0,0
72.315060584,1,0
72.315099882,1,1
72.315141496,1,0
72.315142574,0,0
72.315182628,0,1
72.315225226,0,0
72.315266356,0,1
72.315308956,0,0
72.315350088,0,1
72.315392688,0,0
72.315433816,0,1
72.315476418,0,0
72.315517552,0,1
72.315561630,0,0
72.315602764,0,1
72.315641918,0,0
72.315643552,1,0
72.315683042,1,1
72.315716304,0,1
72.315729586,0,0
72.315770720,0,1
72.315793958,1,1
72.316132588,0,1
72.316144406,0,0
72.316187070,0,1
72.316228742,0,0
72.316269932,0,1
72.316293204,1,1
72.316312594,1,0
72.316353784,1,1
72.316375260,0,1
72.316395468,0,0
72.316436664,0,1
72.316459938,1,1
72.316479328,1,0
72.316520518,1,1
72.316563190,1,0
72.316604382,1,1
72.316647048,1,0
72.316688236,1,1
72.316688238,1,0
72.316688244,1,1
72.316730906,1,0
72.316772096,1,1
72.316814760,1,0
72.316858414,1,1
72.316901080,1,0
72.316939308,1,1
72.316981976,1,0
72.317026620,1,1
72.317041642,1,0
72.317042894,1,1
72.370303000,0,1
72.370314830,0,0
72.370357534,0,1
72.370399244,0,0
72.370440470,0,1
72.370463762,1,1
72.370483162,1,0
72.370524374,1,1
72.370545866,0,1
72.370566088,0,0
72.370607314,0,1
72.370649020,0,0
72.370690240,0,1
72.370731950,0,0
72.370773174,0,1
72.370814880,0,0
72.370856102,0,1
72.370879394,1,1
72.370898792,1,0
72.370940010,1,1
72.370961502,0,1
72.370981722,0,0
72.371025408,0,1
72.371048696,1,1
72.371068096,1,0
72.371106354,1,1
72.371149048,1,0
72.371193714,1,1
72.371212702,1,0
72.373944182,1,1
72.390947726,0,1
72.390959558,0,0
72.391002260,0,1
72.391043968,0,0
72.391085184,0,1
72.391126890,0,0
72.391168108,0,1
72.391209814,0,0
72.391251038,0,1
72.391292746,0,0
72.391333964,0,1
72.391357254,1,1
72.391376654,1,0
72.391417872,1,1
72.391460562,1,0
72.391501776,1,1
72.391544468,1,0
72.391585688,1,1
72.391628378,1,0
72.391672062,1,1
72.391714754,1,0
72.391753008,1,1
72.391795702,1,0
72.391840374,1,1
72.395481712,0,1
72.395493540,0,0
72.395536240,0,1
72.395577948,0,0
72.395619172,0,1
72.395642462,1,1
72.395661864,1,0
72.395703084,1,1
72.395724574,0,1
72.395744796,0,0
72.395786016,0,1
72.395827724,0,0
72.395868952,0,1
72.395910656,0,0
72.395951878,0,1
72.395993588,0,0
72.396034812,0,1
72.396058104,1,1
72.396077504,1,0
72.396118724,1,1
72.396140214,0,1
72.396160432,0,0
72.396204116,0,1
72.396227404,1,1
72.396246806,1,0
72.396285062,1,1
72.396327756,1,0
72.396372430,1,1
72.404408182,1,0
72.405944218,1,1
72.454298206,1,0
72.454570712,0,0
72.455342150,0,1
72.455479694,0,0
72.455481950,1,0
72.455520922,1,1
72.455562628,1,0
72.455563990,0,0
72.455603858,0,1
72.455646556,0,0
72.455648410,1,0
72.455687774,1,1
72.455729480,1,0
72.455770702,1,1
72.455812406,1,0
72.455813764,0,0
72.455853636,0,1
72.455896330,0,0
72.455898184,1,0
72.455937548,1,1
72.455979252,1,0
72.456020472,1,1
72.456062178,1,0
72.456103394,1,1
72.456146580,1,0
72.456187800,1,1
72.456230488,1,0
72.456271704,1,1
72.456305038,0,1
72.456318352,0,0
72.456359586,0,1
72.456382880,1,1
72.456655006,0,1
72.456666836,0,0
72.456709538,0,1
72.456751246,0,0
72.456792474,0,1
72.456815764,1,1
72.456835166,1,0
72.456876388,1,1
72.456897880,0,1
72.456918104,0,0
72.456959336,0,1
72.456982628,1,1
72.457002028,1,0
72.457043252,1,1
72.457085954,1,0
72.457127174,1,1
72.457169870,1,0
72.457211092,1,1
72.457253786,1,0
72.457295000,1,1
72.457337698,1,0
72.457381386,1,1
72.457424080,1,0
72.457462338,1,1
72.457505030,1,0
72.457549700,1,1
72.457562674,1,0
72.457835166,0,0
72.458606578,0,1
72.458649190,0,0
72.458690426,0,1
72.458733126,0,0
72.458774366,0,1
72.458817070,0,0
72.458858306,0,1
72.458901010,0,0
72.458942248,0,1
72.458984944,0,0
72.459026182,0,1
72.459068880,0,0
72.459110112,0,1
72.459152810,0,0
72.459194044,0,1
72.459236738,0,0
72.459277972,0,1
72.459322156,0,0
72.459323492,1,0
72.459363384,1,1
72.459406084,1,0
72.459447304,1,1
72.459480642,0,1
72.459493954,0,0
72.459535190,0,1
72.459558484,1,1
72.459902020,0,1
72.459913832,0,0
72.459956466,0,1
72.459998110,0,0
72.460039266,0,1
72.460062522,1,1
72.460081896,1,0
72.460123052,1,1
72.460144510,0,1
72.460164696,0,0
72.460205850,0,1
72.460229104,1,1
72.460248476,1,0
72.460289624,1,1
72.460332252,1,0
72.460373402,1,1
72.460416024,1,0
72.460457170,1,1
72.460499796,1,0
72.460540940,1,1
72.460540942,1,0
72.460540948,1,1
72.460583570,1,0
72.460627184,1,1
72.460669808,1,0
72.460707994,1,1
72.460750610,1,0
72.460795200,1,1
72.460809850,1,0
72.460811098,1,1
72.517545936,0,1
72.517557742,0,0
72.517600364,0,1
72.517641994,0,0
72.517683130,0,1
72.517706378,1,1
72.517725742,1,0
72.517766878,1,1
72.517788330,0,1
72.517808510,0,0
72.517849654,0,1
72.517891290,0,0
72.517932438,0,1
72.517974066,0,0
72.518015204,0,1
72.518056830,0,0
72.518097968,0,1
72.518121208,1,1
72.518140576,1,0
72.518181710,1,1
72.518203160,0,1
72.518223340,0,0
72.518266944,0,1
72.518290188,1,1
72.518309552,1,0
72.518347730,1,1
72.518390342,1,0
72.518434924,1,1
72.518452586,1,0
72.525937688,1,1
72.527891012,0,1
72.527902818,0,0
72.527945434,0,1
72.527968678,1,1
72.527988042,1,0
72.528029176,1,1
72.528071788,1,0
72.528112926,1,1
72.528134378,0,1
72.528154558,0,0
72.528195696,0,1
72.528218946,1,1
72.528238314,1,0
72.528279454,1,1
72.528322068,1,0
72.528363206,1,1
72.528405824,1,0
72.528446958,1,1
72.528468408,0,1
72.528488592,0,0
72.528529734,0,1
72.528571366,0,0
72.528614976,0,1
72.528656610,0,0
72.528694796,0,1
72.528718042,1,1
72.528737406,1,0
72.528781992,1,1
72.528800976,1,0
72.533944036,1,1
72.540491826,0,1
72.540503628,0,0
72.540546238,0,1
72.540587868,0,0
72.540629010,0,1
72.540670638,0,0
72.540711780,0,1
72.540753410,0,0
72.540794550,0,1
72.540836182,0,0
72.540877324,0,1
72.540900566,1,1
72.540919932,1,0
72.540961068,1,1
72.541003682,1,0
72.541044816,1,1
72.541087430,1,0
72.541128568,1,1
72.541171180,1,0
72.541214778,1,1
72.541257396,1,0
72.541295580,1,1
72.541338192,1,0
72.541382776,1,1
72.545010266,0,1
72.545022072,0,0
72.545064686,0,1
72.545087930,1,1
72.545107294,1,0
72.545148430,1,1
72.545191042,1,0
72.545232174,1,1
72.545253624,0,1
72.545273806,0,0
72.545314946,0,1
72.545338188,1,1
72.545357552,1,0
72.545398692,1,1
72.545441308,1,0
72.545482442,1,1
72.545525056,1,0
72.545566196,1,1
72.545587648,0,1
72.545607830,0,0
72.545648970,0,1
72.545690602,0,0
72.545734206,0,1
72.545775838,0,0
72.545814024,0,1
72.545837272,1,1
72.545856638,1,0
72.545901220,1,1
72.552688182,0,1
72.552699988,0,0
72.552742602,0,1
72.552784228,0,0
72.552825366,0,1
72.552866996,0,0
72.552908146,0,1
72.552949782,0,0
72.552990924,0,1
72.553032552,0,0
72.553073688,0,1
72.553096932,1,1
72.553116296,1,0
72.553157434,1,1
72.553200046,1,0
72.553241180,1,1
72.553283796,1,0
72.553324932,1,1
72.553367544,1,0
72.553411146,1,1
72.553453758,1,0
72.553491934,1,1
72.553534550,1,0
72.553579138,1,1
72.557213184,0,1
72.557224990,0,0
72.557267602,0,1
72.557309224,0,0
72.557350362,0,1
72.557373608,1,1
72.557392972,1,0
72.557434106,1,1
72.557455556,0,1
72.557475738,0,0
72.557516878,0,1
72.557558504,0,0
72.557599646,0,1
72.557641276,0,0
72.557682414,0,1
72.557724040,0,0
72.557765176,0,1
72.557788418,1,1
72.557807784,1,0
72.557848926,1,1
72.557870380,0,1
72.557890564,0,0
72.557934170,0,1
72.557957416,1,1
72.557976784,1,0
72.558014966,1,1
72.558057580,1,0
72.558102160,1,1
72.565698418,1,0
72.565945230,1,1
72.598420376,1,0
72.598692794,0,0
72.599463976,0,1
72.599607880,0,0
72.599609732,1,0
72.599649022,1,1
72.599690658,1,0
72.599691744,0,0
72.599731806,0,1
72.599774422,0,0
72.599776154,1,0
72.599815562,1,1
72.599857196,1,0
72.599898332,1,1
72.599939960,1,0
72.599941468,0,0
72.599981100,0,1
72.600023710,0,0
72.600025864,1,0
72.600064846,1,1
72.600106474,1,0
72.600147594,1,1
72.600189204,1,0
72.600230342,1,1
72.600273456,1,0
72.600314608,1,1
72.600357228,1,0
72.600398364,1,1
72.600431638,0,1
72.600444924,0,0
72.600486074,0,1
72.600509326,1,1
72.600780892,0,1
72.600792696,0,0
72.600835306,0,1
72.600876930,0,0
72.600918066,0,1
72.600941308,1,1
72.600960674,1,0
72.601001810,1,1
72.601023258,0,1
72.601043436,0,0
72.601084574,0,1
72.601107818,1,1
72.601127186,1,0
72.601168318,1,1
72.601210932,1,0
72.601252070,1,1
72.601294680,1,0
72.601335812,1,1
72.601378426,1,0
72.601419560,1,1
72.601462172,1,0
72.601505770,1,1
72.601548378,1,0
72.601586556,1,1
72.601629168,1,0
72.601673750,1,1
72.601687746,1,0
72.601956142,0,0
72.602727252,0,1
72.602770978,0,0
72.602812130,0,1
72.602854754,0,0
72.602895906,0,1
72.602938522,0,0
72.602940060,1,0
72.602979664,1,1
72.603021292,1,0
72.603023070,0,0
72.603062434,0,1
72.603105052,0,0
72.603146196,0,1
72.603188808,0,0
72.603229950,0,1
72.603272560,0,0
72.603313704,0,1
72.603356316,0,0
72.603397462,0,1
72.603441554,0,0
72.603482702,0,1
72.603521868,0,0
72.603524080,1,0
72.603563000,1,1
72.603596270,0,1
72.603609556,0,0
72.603650698,0,1
72.603673944,1,1
72.604012690,0,1
72.604024514,0,0
72.604067196,0,1
72.604108886,0,0
72.604150094,0,1
72.604173376,1,1
72.604192772,1,0
72.604233976,1,1
72.604255460,0,1
72.604275674,0,0
72.604316884,0,1
72.604340166,1,1
72.604359564,1,0
72.604400776,1,1
72.604443456,1,0
72.604484660,1,1
72.604527350,1,0
72.604568552,1,1
72.604611236,1,0
72.604652444,1,1
72.604695128,1,0
72.604738798,1,1
72.604781482,1,0
72.604819726,1,1
72.604862406,1,0
72.604907064,1,1
72.604922600,1,0
72.604923850,1,1
72.663710488,0,1
72.663722316,0,0
72.663765018,0,1
72.663806722,0,0
72.663847942,0,1
72.663871234,1,1
72.663890636,1,0
72.663931856,1,1
72.663953346,0,1
72.663973562,0,0
72.664014784,0,1
72.664056492,0,0
72.664097710,0,1
72.664139414,0,0
72.664180636,0,1
72.664222340,0,0
72.664263564,0,1
72.664286854,1,1
72.664306256,1,0
72.664347470,1,1
72.664368958,0,1
72.664389178,0,0
72.664432870,0,1
72.664456156,1,1
72.664475556,1,0
72.664513810,1,1
72.664556494,1,0
72.664601162,1,1
72.664619578,1,0
72.669943004,1,1
72.681769816,0,1
72.681781644,0,0
72.681824346,0,1
72.681866062,0,0
72.681907290,0,1
72.681948996,0,0
72.681990224,0,1
72.682031932,0,0
72.682073158,0,1
72.682114870,0,0
72.682156100,0,1
72.682179392,1,1
72.682198792,1,0
72.682240010,1,1
72.682282708,1,0
72.682323930,1,1
72.682366628,1,0
72.682407850,1,1
72.682450544,1,0
72.682494232,1,1
72.682536932,1,0
72.682575190,1,1
72.682617884,1,0
72.682662564,1,1
72.686304222,0,1
72.686316050,0,0
72.686358750,0,1
72.686400458,0,0
72.686441682,0,1
72.686464978,1,1
72.686484380,1,0
72.686525604,1,1
72.686547098,0,1
72.686567326,0,0
72.686608556,0,1
72.686650268,0,0
72.686691498,0,1
72.686733212,0,0
72.686774434,0,1
72.686816148,0,0
72.686857378,0,1
72.686880674,1,1
72.686900070,1,0
72.686941288,1,1
72.686962780,0,1
72.686983002,0,0
72.687026696,0,1
72.687049988,1,1
72.687069388,1,0
72.687107648,1,1
72.687150346,1,0
72.687195022,1,1
72.695181074,1,0
72.701943494,1,1
72.742346378,1,0
72.742350368,0,0
72.743390092,0,1
72.743521320,0,0
72.743522902,1,0
72.743562556,1,1
72.743604272,1,0
72.743605950,0,0
72.743645510,0,1
72.743688214,0,0
72.743690390,1,0
72.743729446,1,1
72.743771162,1,0
72.743812390,1,1
72.743854104,1,0
72.743855780,0,0
72.743895344,0,1
72.743938040,0,0
72.743940218,1,0
72.743979266,1,1
72.744020978,1,0
72.744062202,1,1
72.744103914,1,0
72.744145142,1,1
72.744188334,1,0
72.744229560,1,1
72.744272256,1,0
72.744313478,1,1
72.744346818,0,1
72.744360132,0,0
72.744401372,0,1
72.744424670,1,1
72.744696836,0,1
72.744708666,0,0
72.744751378,0,1
72.744793084,0,0
72.744834306,0,1
72.744857590,1,1
72.744876988,1,0
72.744918200,1,1
72.744939684,0,1
72.744959900,0,0
72.745001114,0,1
72.745024400,1,1
72.745043796,1,0
72.745085004,1,1
72.745127690,1,0
72.745168896,1,1
72.745211580,1,0
72.745252790,1,1
72.745295472,1,0
72.745336680,1,1
72.745379364,1,0
72.745423052,1,1
72.745465748,1,0
72.745504008,1,1
72.745546708,1,0
72.745591390,1,1
72.745606798,1,0
72.745875324,0,0
72.746646936,0,1
72.746690998,0,0
72.746732244,0,1
72.746774952,0,0
72.746816198,0,1
72.746858904,0,0
72.746900148,0,1
72.746942854,0,0
72.746984098,0,1
72.747026806,0,0
72.747068050,0,1
72.747110758,0,0
72.747152000,0,1
72.747194706,0,0
72.747235950,0,1
72.747278656,0,0
72.747319898,0,1
72.747364088,0,0
72.747366158,1,0
72.747405320,1,1
72.747448022,1,0
72.747489252,1,1
72.747522596,0,1
72.747535910,0,0
72.747577152,0,1
72.747600452,1,1
72.747944022,0,1
72.747955834,0,0
72.747998476,0,1
72.748040128,0,0
72.748081292,0,1
72.748104548,1,1
72.748123922,1,0
72.748165080,1,1
72.748186538,0,1
72.748206730,0,0
72.748247888,0,1
72.748271146,1,1
72.748290518,1,0
72.748331674,1,1
72.748374304,1,0
72.748415456,1,1
72.748458084,1,0
72.748499234,1,1
72.748541864,1,0
72.748583020,1,1
72.748625646,1,0
72.748669260,1,1
72.748711888,1,0
72.748750080,1,1
72.748792706,1,0
72.748837308,1,1
72.748850804,1,0
72.748852056,1,1
72.805025226,0,1
72.805037034,0,0
72.805079656,0,1
72.805121286,0,0
72.805162432,0,1
72.805185680,1,1
72.805205048,1,0
72.805246192,1,1
72.805267644,0,1
72.805287828,0,0
72.805328974,0,1
72.805370614,0,0
72.805411766,0,1
72.805453402,0,0
72.805494548,0,1
72.805536180,0,0
72.805577316,0,1
72.805600560,1,1
72.805619928,1,0
72.805661078,1,1
72.805682538,0,1
72.805702726,0,0
72.805746334,0,1
72.805769586,1,1
72.805788952,1,0
72.805827142,1,1
72.805869774,1,0
72.805914372,1,1
72.805932914,1,0
72.813942654,1,1
72.825639286,0,1
72.825651092,0,0
72.825693712,0,1
72.825735340,0,0
72.825776486,0,1
72.825818118,0,0
72.825859264,0,1
72.825900896,0,0
72.825942038,0,1
72.825983670,0,0
72.826024820,0,1
72.826048068,1,1
72.826067434,1,0
72.826108574,1,1
72.826151192,1,0
72.826192336,1,1
72.826234952,1,0
72.826276092,1,1
72.826318710,1,0
72.826362310,1,1
72.826404928,1,0
72.826443112,1,1
72.826485730,1,0
72.826530314,1,1
72.830163848,0,1
72.830175654,0,0
72.830218272,0,1
72.830259902,0,0
72.830301038,0,1
72.830324284,1,1
72.830343650,1,0
72.830384788,1,1
72.830406240,0,1
72.830426422,0,0
72.830467562,0,1
72.830509190,0,0
72.830550332,0,1
72.830591962,0,0
72.830633110,0,1
72.830674740,0,0
72.830715884,0,1
72.830739130,1,1
72.830758498,1,0
72.830799640,1,1
72.830821092,0,1
72.830841276,0,0
72.830884884,0,1
72.830908136,1,1
72.830927502,1,0
72.830965686,1,1
72.831008298,1,0
72.831052886,1,1
72.839017900,1,0
72.845943168,1,1
72.870713022,1,0
72.870981402,0,0
72.871752650,0,1
72.871887658,0,0
72.871889388,1,0
72.871928804,1,1
72.871970434,1,0
72.871972404,0,0
72.872011582,0,1
72.872054200,0,0
72.872055788,1,0
72.872095336,1,1
72.872136960,1,0
72.872178090,1,1
72.872219716,1,0
72.872221072,0,0
72.872260862,0,1
72.872303476,0,0
72.872305462,1,0
72.872344614,1,1
72.872386242,1,0
72.872427382,1,1
72.872469010,1,0
72.872510144,1,1
72.872553252,1,0
72.872594392,1,1
72.872637002,1,0
72.872678138,1,1
72.872711408,0,1
72.872724694,0,0
72.872765848,0,1
72.872789098,1,1
72.873060680,0,1
72.873072486,0,0
72.873115106,0,1
72.873156734,0,0
72.873197880,0,1
72.873221126,1,1
72.873240496,1,0
72.873281634,1,1
72.873303086,0,1
72.873323270,0,0
72.873364412,0,1
72.873387658,1,1
72.873407024,1,0
72.873448160,1,1
72.873490776,1,0
72.873531916,1,1
72.873574528,1,0
72.873615668,1,1
72.873658282,1,0
72.873699416,1,1
72.873742030,1,0
72.873785628,1,1
72.873828238,1,0
72.873866414,1,1
72.873909032,1,0
72.873953616,1,1
72.873968288,1,0
72.874236716,0,0
72.875007974,0,1
72.875051128,0,0
72.875092294,0,1
72.875134926,0,0
72.875176088,0,1
72.875218720,0,0
72.875220906,1,0
72.875259870,1,1
72.875301512,1,0
72.875302940,0,0
72.875342672,0,1
72.875385298,0,0
72.875426454,0,1
72.875469076,0,0
72.875510228,0,1
72.875552842,0,0
72.875593994,0,1
72.875636614,0,0
72.875677766,0,1
72.875721862,0,0
72.875763010,0,1
72.875802178,0,0
72.875804072,1,0
72.875843320,1,1
72.875876596,0,1
72.875889884,0,0
72.875931032,0,1
72.875954280,1,1
72.876293046,0,1
72.876304868,0,0
72.876347552,0,1
72.876389244,0,0
72.876430456,0,1
72.876453738,1,1
72.876473136,1,0
72.876514350,1,1
72.876535838,0,1
72.876556056,0,0
72.876597276,0,1
72.876620566,1,1
72.876639966,1,0
72.876681176,1,1
72.876723862,1,0
72.876765072,1,1
72.876807760,1,0
72.876848968,1,1
72.876891652,1,0
72.876932862,1,1
72.876975546,1,0
72.877019224,1,1
72.877061906,1,0
72.877100148,1,1
72.877142828,1,0
72.877187484,1,1
72.877199648,1,0
72.877200900,1,1
72.957575056,0,1
72.957586886,0,0
72.957629586,0,1
72.957652878,1,1
72.957672276,1,0
72.957713494,1,1
72.957756190,1,0
72.957797412,1,1
72.957818904,0,1
72.957839128,0,0
72.957880362,0,1
72.957922080,0,0
72.957963312,0,1
72.957986606,1,1
72.958006006,1,0
72.958047230,1,1
72.958089926,1,0
72.958131146,1,1
72.958152638,0,1
72.958172860,0,0
72.958214082,0,1
72.958255784,0,0
72.958299474,0,1
72.958322764,1,1
72.958342164,1,0
72.958380418,1,1
72.958423114,1,0
72.958467786,1,1
72.958485746,1,0
72.965951284,1,1
72.967961840,0,1
72.967973678,0,0
72.968016414,0,1
72.968058148,0,0
72.968099388,0,1
72.968122690,1,1
72.968142096,1,0
72.968183324,1,1
72.968204818,0,1
72.968225044,0,0
72.968266276,0,1
72.968307992,0,0
72.968349224,0,1
72.968390942,0,0
72.968432172,0,1
72.968473884,0,0
72.968515114,0,1
72.968538410,1,1
72.968557814,1,0
72.968599040,1,1
72.968620530,0,1
72.968640754,0,0
72.968684452,0,1
72.968707744,1,1
72.968727148,1,0
72.968765416,1,1
72.968808124,1,0
72.968852812,1,1
72.968871454,1,0
72.973944526,1,1
72.981165690,0,1
72.981177520,0,0
72.981220228,0,1
72.981261942,0,0
72.981303172,0,1
72.981344888,0,0
72.981386124,0,1
72.981427838,0,0
72.981469074,0,1
72.981510794,0,0
72.981552026,0,1
72.981575324,1,1
72.981594728,1,0
72.981635956,1,1
72.981678662,1,0
72.981719886,1,1
72.981762592,1,0
72.981803818,1,1
72.981846520,1,0
72.981890228,1,1
72.981932938,1,0
72.981971206,1,1
72.982013910,1,0
72.982058594,1,1
72.985696676,0,1
72.985708506,0,0
72.985751214,0,1
72.985774506,1,1
72.985793908,1,0
72.985835136,1,1
72.985877836,1,0
72.985919062,1,1
72.985940554,0,1
72.985960778,0,0
72.986002006,0,1
72.986043718,0,0
72.986084946,0,1
72.986108242,1,1
72.986127646,1,0
72.986168872,1,1
72.986211572,1,0
72.986252796,1,1
72.986274286,0,1
72.986294508,0,0
72.986335740,0,1
72.986377456,0,0
72.986421154,0,1
72.986444450,1,1
72.986463852,1,0
72.986502116,1,1
72.986544816,1,0
72.986589502,1,1
72.990227548,0,1
72.990239378,0,0
72.990282090,0,1
72.990323804,0,0
72.990365036,0,1
72.990406754,0,0
72.990447988,0,1
72.990489698,0,0
72.990530930,0,1
72.990572646,0,0
72.990613878,0,1
72.990637176,1,1
72.990656582,1,0
72.990697810,1,1
72.990740510,1,0
72.990781736,1,1
72.990824440,1,0
72.990865666,1,1
72.990908370,1,0
72.990952068,1,1
72.990994768,1,0
72.991033032,1,1
72.991075740,1,0
72.991120422,1,1
72.994762508,0,1
72.994774338,0,0
72.994817050,0,1
72.994858768,0,0
72.994900006,0,1
72.994923302,1,1
72.994942706,1,0
72.994983934,1,1
72.995005430,0,1
72.995025654,0,0
72.995066880,0,1
72.995108598,0,0
72.995149834,0,1
72.995191546,0,0
72.995232782,0,1
72.995274498,0,0
72.995315730,0,1
72.995339024,1,1
72.995358428,1,0
72.995399658,1,1
72.995421152,0,1
72.995441376,0,0
72.995485076,0,1
72.995508372,1,1
72.995527776,1,0
72.995566046,1,1
72.995608746,1,0
72.995653434,1,1
73.003441672,1,0
73.005943424,1,1
73.021424336,1,0
73.021696886,0,0
73.022468492,0,1
73.022591850,0,0
73.022593304,1,0
73.022633086,1,1
73.022674808,1,0
73.022676378,0,0
73.022716048,0,1
73.022758756,0,0
73.022760830,1,0
73.022799990,1,1
73.022841706,1,0
73.022882936,1,1
73.022924652,1,0
73.022926242,0,0
73.022965886,0,1
73.023008588,0,0
73.023010688,1,0
73.023049820,1,1
73.023091532,1,0
73.023132756,1,1
73.023174458,1,0
73.023215686,1,1
73.023258892,1,0
73.023300144,1,1
73.023342854,1,0
73.023384080,1,1
73.023417428,0,1
73.023430744,0,0
73.023471988,0,1
73.023495286,1,1
73.023767468,0,1
73.023779298,0,0
73.023822014,0,1
73.023863734,0,0
73.023904970,0,1
73.023928264,1,1
73.023947670,1,0
73.023988904,1,1
73.024010396,0,1
73.024030622,0,0
73.024071856,0,1
73.024095150,1,1
73.024114554,1,0
73.024155784,1,1
73.024198488,1,0
73.024239718,1,1
73.024282422,1,0
73.024323652,1,1
73.024366356,1,0
73.024407584,1,1
73.024450288,1,0
73.024493988,1,1
73.024536694,1,0
73.024574964,1,1
73.024617668,1,0
73.024662352,1,1
73.024677558,1,0
73.024946134,0,0
73.025717750,0,1
73.025762014,0,0
73.025803264,0,1
73.025845974,0,0
73.025887218,0,1
73.025929930,0,0
73.025971172,0,1
73.026013876,0,0
73.026055122,0,1
73.026097830,0,0
73.026139074,0,1
73.026181784,0,0
73.026223030,0,1
73.026265734,0,0
73.026306980,0,1
73.026349688,0,0
73.026390932,0,1
73.026435120,0,0
73.026436940,1,0
73.026476354,1,1
73.026519056,1,0
73.026560288,1,1
73.026593634,0,1
73.026606950,0,0
73.026648190,0,1
73.026671490,1,1
73.027015050,0,1
73.027026862,0,0
73.027069504,0,1
73.027111154,0,0
73.027152312,0,1
73.027175570,1,1
73.027194944,1,0
73.027236108,1,1
73.027257566,0,1
73.027277756,0,0
73.027318918,0,1
73.027342176,1,1
73.027361550,1,0
73.027402710,1,1
73.027445338,1,0
73.027486496,1,1
73.027529128,1,0
73.027570284,1,1
73.027612922,1,0
73.027654080,1,1
73.027696714,1,0
73.027740334,1,1
73.027782966,1,0
73.027821164,1,1
73.027863796,1,0
73.027908400,1,1
73.027921630,1,0
73.027922878,1,1
73.166426454,1,0
73.166698838,0,0
73.167469968,0,1
73.167605204,0,0
73.167606730,1,0
73.167646350,1,1
73.167687982,1,0
73.167689736,0,0
73.167729134,0,1
73.167771754,0,0
73.167773124,1,0
73.167812894,1,1
73.167854530,1,0
73.167895674,1,1
73.167937304,1,0
73.167938424,0,0
73.167978450,0,1
73.168021070,0,0
73.168022818,1,0
73.168062208,1,1
73.168103840,1,0
73.168144978,1,1
73.168186604,1,0
73.168227738,1,1
73.168270844,1,0
73.168311976,1,1
73.168354588,1,0
73.168395726,1,1
73.168429004,0,1
73.168442292,0,0
73.168483448,0,1
73.168506700,1,1
73.168778426,0,1
73.168790238,0,0
73.168832878,0,1
73.168874524,0,0
73.168915688,0,1
73.168938950,1,1
73.168958326,1,0
73.168999490,1,1
73.169020954,0,1
73.169041146,0,0
73.169082298,0,1
73.169105550,1,1
73.169124916,1,0
73.169166058,1,1
73.169208682,1,0
73.169249818,1,1
73.169292434,1,0
73.169333570,1,1
73.169376182,1,0
73.169417318,1,1
73.169459936,1,0
73.169503532,1,1
73.169546142,1,0
73.169584328,1,1
73.169626944,1,0
73.169671528,1,1
73.169685798,1,0
73.169954168,0,0
73.170725214,0,1
73.170768856,0,0
73.170810016,0,1
73.170852640,0,0
73.170893798,0,1
73.170936422,0,0
73.170938106,1,0
73.170977564,1,1
73.171019200,1,0
73.171021124,0,0
73.171060352,0,1
73.171102968,0,0
73.171144122,0,1
73.171186744,0,0
73.171227892,0,1
73.171270512,0,0
73.171311664,0,1
73.171354280,0,0
73.171395432,0,1
73.171439532,0,0
73.171480684,0,1
73.171519860,0,0
73.171521232,1,0
73.171561008,1,1
73.171594290,0,1
73.171607578,0,0
73.171648734,0,1
73.171671984,1,1
73.172010788,0,1
73.172022612,0,0
73.172065300,0,1
73.172106994,0,0
73.172148204,0,1
73.172171490,1,1
73.172190884,1,0
73.172232080,1,1
73.172253560,0,1
73.172273776,0,0
73.172315000,0,1
73.172338296,1,1
73.172357702,1,0
73.172398930,1,1
73.172441618,1,0
73.172482830,1,1
73.172525518,1,0
73.172566732,1,1
73.172609422,1,0
73.172650632,1,1
73.172693318,1,0
73.172736998,1,1
73.172779686,1,0
73.172817934,1,1
73.172860624,1,0
73.172905290,1,1
73.172920744,1,0
73.172921992,1,1
73.310869404,1,0
73.311141954,0,0
73.311913588,0,1
73.312881712,0,0
73.312883124,1,0
73.312922938,1,1
73.312964654,1,0
73.312966168,0,0
73.313005890,0,1
73.313048588,0,0
73.313050594,1,0
73.313089818,1,1
73.313131530,1,0
73.313172754,1,1
73.313214454,1,0
73.313215948,0,0
73.313255674,0,1
73.313298382,0,0
73.313300388,1,0
73.313339636,1,1
73.313381378,1,0
73.313422610,1,1
73.313464324,1,0
73.313505552,1,1
73.313548746,1,0
73.313589972,1,1
73.313632672,1,0
73.313673896,1,1
73.313707234,0,1
73.313720548,0,0
73.313761788,0,1
73.313785082,1,1
73.314057260,0,1
73.314069090,0,0
73.314111802,0,1
73.314153510,0,0
73.314194740,0,1
73.314218032,1,1
73.314237434,1,0
73.314278660,1,1
73.314300152,0,1
73.314320376,0,0
73.314361602,0,1
73.314384904,1,1
73.314404308,1,0
73.314445542,1,1
73.314488250,1,0
73.314529484,1,1
73.314572192,1,0
73.314613420,1,1
73.314656124,1,0
73.314697356,1,1
73.314740056,1,0
73.314783750,1,1
73.314826456,1,0
73.314864720,1,1
73.314907418,1,0
73.314952100,1,1
73.314964280,1,0
73.315232862,0,0
73.316004516,0,1
73.316045374,0,0
73.316086626,0,1
73.316129338,0,0
73.316170582,0,1
73.316213292,0,0
73.316254542,0,1
73.316297252,0,0
73.316338498,0,1
73.316381204,0,0
73.316422450,0,1
73.316465156,0,0
73.316506406,0,1
73.316549116,0,0
73.316590364,0,1
73.316633074,0,0
73.316674320,0,1
73.316718510,0,0
73.316720644,1,0
73.316759748,1,1
73.316802460,1,0
73.316843692,1,1
73.316877038,0,1
73.316890354,0,0
73.316931602,0,1
73.316954902,1,1
73.317298464,0,1
73.317310278,0,0
73.317352924,0,1
73.317394570,0,0
73.317435732,0,1
73.317458988,1,1
73.317478360,1,0
73.317519514,1,1
73.317540974,0,1
73.317561168,0,0
73.317602332,0,1
73.317625590,1,1
73.317644964,1,0
73.317686122,1,1
73.317728760,1,0
73.317769914,1,1
73.317812552,1,0
73.317853714,1,1
73.317896350,1,0
73.317937514,1,1
73.317980152,1,0
73.318023770,1,1
73.318066402,1,0
73.318104600,1,1
73.318147228,1,0
73.318191832,1,1
73.318204358,1,0
73.318205600,1,1
73.349601864,0,1
73.349613676,0,0
73.349656308,0,1
73.349679562,1,1
73.349698934,1,0
73.349740080,1,1
73.349782704,1,0
73.349823852,1,1
73.349845312,0,1
73.349865502,0,0
73.349906660,0,1
73.349948304,0,0
73.349989458,0,1
73.350031098,0,0
73.350072252,0,1
73.350113890,0,0
73.350155040,0,1
73.350178294,1,1
73.350197666,1,0
73.350238814,1,1
73.350260266,0,1
73.350280452,0,0
73.350324070,0,1
73.350365722,0,0
73.350403922,0,1
73.350427174,1,1
73.350446544,1,0
73.350491140,1,1
73.350508592,1,0
73.357942406,1,1
73.363411672,0,1
73.363423482,0,0
73.363466108,0,1
73.363507744,0,0
73.363548892,0,1
73.363590534,0,0
73.363631682,0,1
73.363654932,1,1
73.363674300,1,0
73.363715448,1,1
73.363758068,1,0
73.363799212,1,1
73.363841836,1,0
73.363882982,1,1
73.363925602,1,0
73.363966746,1,1
73.363988202,0,1
73.364008388,0,0
73.364049534,0,1
73.364091176,0,0
73.364134792,0,1
73.364158040,1,1
73.364177410,1,0
73.364215598,1,1
73.364215604,1,0
73.364215606,1,1
73.364258224,1,0
73.364302818,1,1
73.364321040,1,0
73.365942738,1,1
73.389093498,0,1
73.389105306,0,0
73.389147928,0,1
73.389189560,0,0
73.389230706,0,1
73.389253956,1,1
73.389273328,1,0
73.389314468,1,1
73.389335922,0,1
73.389356106,0,0
73.389397252,0,1
73.389438888,0,0
73.389480036,0,1
73.389521674,0,0
73.389562822,0,1
73.389604468,0,0
73.389645632,0,1
73.389668892,1,1
73.389688272,1,0
73.389729440,1,1
73.389750908,0,1
73.389771104,0,0
73.389814728,0,1
73.389837982,1,1
73.389857350,1,0
73.389895542,1,1
73.389938174,1,0
73.389982762,1,1
73.390001096,1,0
73.397942462,1,1
73.409156780,0,1
73.409168588,0,0
73.409211210,0,1
73.409252842,0,0
73.409293992,0,1
73.409335622,0,0
73.409376766,0,1
73.409418394,0,0
73.409459538,0,1
73.409501170,0,0
73.409542316,0,1
73.409565564,1,1
73.409584938,1,0
73.409626086,1,1
73.409668708,1,0
73.409709852,1,1
73.409752474,1,0
73.409793614,1,1
73.409836232,1,0
73.409879820,1,1
73.409922440,1,0
73.409960634,1,1
73.410003266,1,0
73.410047852,1,1
73.413679638,0,1
73.413691446,0,0
73.413734066,0,1
73.413757316,1,1
73.413776684,1,0
73.413817826,1,1
73.413860446,1,0
73.413901594,1,1
73.413923050,0,1
73.413943234,0,0
73.413984380,0,1
73.414026020,0,0
73.414067164,0,1
73.414108792,0,0
73.414149936,0,1
73.414191568,0,0
73.414232712,0,1
73.414255960,1,1
73.414275328,1,0
73.414316474,1,1
73.414337928,0,1
73.414358110,0,0
73.414401718,0,1
73.414443354,0,0
73.414481544,0,1
73.414504794,1,1
73.414524160,1,0
73.414568756,1,1
73.421272922,0,1
73.421284728,0,0
73.421327348,0,1
73.421368982,0,0
73.421410126,0,1
73.421451752,0,0
73.421492892,0,1
73.421534526,0,0
73.421575672,0,1
73.421617306,0,0
73.421658458,0,1
73.421681704,1,1
73.421701072,1,0
73.421742216,1,1
73.421784842,1,0
73.421825984,1,1
73.421868610,1,0
73.421909760,1,1
73.421952382,1,0
73.421995990,1,1
73.422038614,1,0
73.422076798,1,1
73.422119414,1,0
73.422164002,1,1
73.425794676,0,1
73.425806482,0,0
73.425849108,0,1
73.425890738,0,0
73.425931884,0,1
73.425973520,0,0
73.426014666,0,1
73.426037914,1,1
73.426057282,1,0
73.426098422,1,1
73.426141040,1,0
73.426182176,1,1
73.426224800,1,0
73.426265936,1,1
73.426308548,1,0
73.426349684,1,1
73.426371136,0,1
73.426391318,0,0
73.426432462,0,1
73.426474096,0,0
73.426517708,0,1
73.426540958,1,1
73.426560326,1,0
73.426598520,1,1
73.426641144,1,0
73.426685730,1,1
73.433997300,1,0
73.437941998,1,1
73.439168184,0,1
73.439179990,0,0
73.439222610,0,1
73.439264236,0,0
73.439305378,0,1
73.439347012,0,0
73.439388158,0,1
73.439429792,0,0
73.439470940,0,1
73.439512572,0,0
73.439553718,0,1
73.439576968,1,1
73.439596346,1,0
73.439637506,1,1
73.439680132,1,0
73.439721276,1,1
73.439763896,1,0
73.439805036,1,1
73.439847656,1,0
73.439891262,1,1
73.439933876,1,0
73.439972060,1,1
73.440014676,1,0
73.440059262,1,1
73.443692882,0,1
73.443704688,0,0
73.443747308,0,1
73.443788938,0,0
73.443830084,0,1
73.443853332,1,1
73.443872700,1,0
73.443913840,1,1
73.443935294,0,1
73.443955476,0,0
73.443996616,0,1
73.444038250,0,0
73.444079396,0,1
73.444121024,0,0
73.444162172,0,1
73.444203802,0,0
73.444244944,0,1
73.444268194,1,1
73.444287560,1,0
73.444328696,1,1
73.444350148,0,1
73.444370328,0,0
73.444413932,0,1
73.444437180,1,1
73.444456546,1,0
73.444494728,1,1
73.444537346,1,0
73.444581940,1,1
73.452484558,1,0
73.453942658,1,1
73.470379254,1,0
73.470651706,0,0
73.471422900,0,1
73.471558956,0,0
73.471560674,1,0
73.471600106,1,1
73.471641742,1,0
73.471643692,0,0
73.471682894,0,1
73.471725518,0,0
73.471727076,1,0
73.471766658,1,1
73.471808292,1,0
73.471849434,1,1
73.471891064,1,0
73.471892394,0,0
73.471932214,0,1
73.471974834,0,0
73.471976804,1,0
73.472015974,1,1
73.472057604,1,0
73.472098746,1,1
73.472140380,1,0
73.472181514,1,1
73.472224624,1,0
73.472265758,1,1
73.472308378,1,0
73.472349520,1,1
73.472382794,0,1
73.472396082,0,0
73.472437232,0,1
73.472460480,1,1
73.472732086,0,1
73.472743894,0,0
73.472786514,0,1
73.472828148,0,0
73.472869294,0,1
73.472892540,1,1
73.472911906,1,0
73.472953040,1,1
73.472974492,0,1
73.472994676,0,0
73.473035818,0,1
73.473059062,1,1
73.473078428,1,0
73.473119566,1,1
73.473162184,1,0
73.473203322,1,1
73.473245934,1,0
73.473287074,1,1
73.473329688,1,0
73.473370822,1,1
73.473413438,1,0
73.473457040,1,1
73.473499654,1,0
73.473537836,1,1
73.473580456,1,0
73.473625042,1,1
73.473638940,1,0
73.473907382,0,0
73.474678628,0,1
73.474722504,0,0
73.474763664,0,1
73.474806290,0,0
73.474847452,0,1
73.474890074,0,0
73.474891532,1,0
73.474931220,1,1
73.474972858,1,0
73.474974568,0,0
73.475014010,0,1
73.475056626,0,0
73.475097782,0,1
73.475140408,0,0
73.475181562,0,1
73.475224190,0,0
73.475265348,0,1
73.475307976,0,0
73.475349134,0,1
73.475393236,0,0
73.475434392,0,1
73.475473568,0,0
73.475475746,1,0
73.475514716,1,1
73.475547992,0,1
73.475561278,0,0
73.475602428,0,1
73.475625686,1,1
73.475964512,0,1
73.475976336,0,0
73.476019028,0,1
73.476060726,0,0
73.476101942,0,1
73.476125226,1,1
73.476144626,1,0
73.476185838,1,1
73.476207322,0,1
73.476227540,0,0
73.476268758,0,1
73.476292048,1,1
73.476311444,1,0
73.476352658,1,1
73.476395348,1,0
73.476436566,1,1
73.476479254,1,0
73.476520470,1,1
73.476563160,1,0
73.476604376,1,1
73.476647064,1,0
73.476690748,1,1
73.476733440,1,0
73.476771694,1,1
73.476814386,1,0
73.476859054,1,1
73.476874420,1,0
73.476875664,1,1
73.552283904,0,1
73.552295734,0,0
73.552338448,0,1
73.552361742,1,1
73.552381144,1,0
73.552422374,1,1
73.552443866,0,1
73.552464090,0,0
73.552505318,0,1
73.552528614,1,1
73.552548016,1,0
73.552589248,1,1
73.552610744,0,1
73.552630968,0,0
73.552672198,0,1
73.552695500,1,1
73.552714902,1,0
73.552756130,1,1
73.552798832,1,0
73.552840060,1,1
73.552861556,0,1
73.552881780,0,0
73.552923010,0,1
73.552964724,0,0
73.553008424,0,1
73.553031718,1,1
73.553051120,1,0
73.553089388,1,1
73.553132090,1,0
73.553176770,1,1
73.553195862,1,0
73.557943164,1,1
73.575665858,0,1
73.575677688,0,0
73.575720396,0,1
73.575762108,0,0
73.575803338,0,1
73.575845054,0,0
73.575886286,0,1
73.575928004,0,0
73.575969232,0,1
73.576010950,0,0
73.576052180,0,1
73.576075480,1,1
73.576094880,1,0
73.576136104,1,1
73.576136108,1,0
73.576136112,1,1
73.576178810,1,0
73.576220038,1,1
73.576262738,1,0
73.576303964,1,1
73.576346662,1,0
73.576390356,1,1
73.576433060,1,0
73.576471322,1,1
73.576514020,1,0
73.576558706,1,1
73.580196762,0,1
73.580208594,0,0
73.580251306,0,1
73.580274598,1,1
73.580294002,1,0
73.580335226,1,1
73.580356720,0,1
73.580376944,0,0
73.580418168,0,1
73.580441466,1,1
73.580460868,1,0
73.580502098,1,1
73.580523588,0,1
73.580543812,0,0
73.580585044,0,1
73.580608342,1,1
73.580627744,1,0
73.580668972,1,1
73.580711672,1,0
73.580752902,1,1
73.580774396,0,1
73.580794620,0,0
73.580835854,0,1
73.580877570,0,0
73.580921276,0,1
73.580944568,1,1
73.580963970,1,0
73.581002238,1,1
73.581044940,1,0
73.581089622,1,1
73.589188494,1,0
73.589943888,1,1
73.630699906,1,0
73.630972450,0,0
73.631744104,0,1
73.632274214,0,0
73.632275770,1,0
73.632315446,1,1
73.632357162,1,0
73.632358838,0,0
73.632398404,0,1
73.632441106,0,0
73.632443296,1,0
73.632482334,1,1
73.632524048,1,0
73.632565278,1,1
73.632606996,1,0
73.632608688,0,0
73.632648234,0,1
73.632690938,0,0
73.632693134,1,0
73.632732168,1,1
73.632773880,1,0
73.632815112,1,1
73.632856822,1,0
73.632898050,1,1
73.632941242,1,0
73.632982468,1,1
73.633025172,1,0
73.633066402,1,1
73.633099742,0,1
73.633113056,0,0
73.633154302,0,1
73.633177604,1,1
73.633449782,0,1
73.633461612,0,0
73.633504322,0,1
73.633546036,0,0
73.633587274,0,1
73.633610576,1,1
73.633629980,1,0
73.633671214,1,1
73.633692712,0,1
73.633712938,0,0
73.633754178,0,1
73.633777474,1,1
73.633796878,1,0
73.633838118,1,1
73.633880820,1,0
73.633922048,1,1
73.633964746,1,0
73.634005974,1,1
73.634048672,1,0
73.634089900,1,1
73.634132604,1,0
73.634176300,1,1
73.634219002,1,0
73.634257270,1,1
73.634299968,1,0
73.634344654,1,1
73.634358034,1,0
73.634630622,0,0
73.635402222,0,1
73.635444358,0,0
73.635485608,0,1
73.635528324,0,0
73.635569576,0,1
73.635612286,0,0
73.635653534,0,1
73.635696246,0,0
73.635737490,0,1
73.635780196,0,0
73.635821444,0,1
73.635864152,0,0
73.635905400,0,1
73.635948118,0,0
73.635989370,0,1
73.636032086,0,0
73.636073334,0,1
73.636117530,0,0
73.636119392,1,0
73.636158766,1,1
73.636201478,1,0
73.636242710,1,1
73.636276058,0,1
73.636289376,0,0
73.636330628,0,1
73.636353930,1,1
73.636697530,0,1
73.636709344,0,0
73.636751990,0,1
73.636793642,0,0
73.636834810,0,1
73.636858070,1,1
73.636877444,1,0
73.636918606,1,1
73.636940064,0,1
73.636960258,0,0
73.637001424,0,1
73.637024680,1,1
73.637044056,1,0
73.637085216,1,1
73.637127854,1,0
73.637169008,1,1
73.637211644,1,0
73.637252804,1,1
73.637295436,1,0
73.637336592,1,1
73.637379228,1,0
73.637422848,1,1
73.637465478,1,0
73.637503676,1,1
73.637546306,1,0
73.637590914,1,1
73.637605994,1,0
73.637607244,1,1
73.657385224,0,1
73.657397034,0,0
73.657439666,0,1
73.657462916,1,1
73.657482288,1,0
73.657523436,1,1
73.657566070,1,0
73.657607222,1,1
73.657628676,0,1
73.657648862,0,0
73.657690018,0,1
73.657713272,1,1
73.657732642,1,0
73.657773792,1,1
73.657795250,0,1
73.657815440,0,0
73.657856598,0,1
73.657879848,1,1
73.657899218,1,0
73.657940372,1,1
73.657961828,0,1
73.657982016,0,0
73.658023170,0,1
73.658064812,0,0
73.658108434,0,1
73.658131684,1,1
73.658151058,1,0
73.658189256,1,1
73.658231886,1,0
73.658276484,1,1
73.658294452,1,0
73.661943716,1,1
73.692295604,0,1
73.692307410,0,0
73.692350030,0,1
73.692373276,1,1
73.692392642,1,0
73.692433786,1,1
73.692455236,0,1
73.692475422,0,0
73.692516564,0,1
73.692539814,1,1
73.692559180,1,0
73.692600322,1,1
73.692642946,1,0
73.692684100,1,1
73.692726724,1,0
73.692767866,1,1
73.692810492,1,0
73.692851636,1,1
73.692873088,0,1
73.692893272,0,0
73.692934418,0,1
73.692976052,0,0
73.693019662,0,1
73.693061300,0,0
73.693099496,0,1
73.693122744,1,1
73.693142110,1,0
73.693186698,1,1
73.693204950,1,0
73.693943272,1,1
73.696815174,0,1
73.696826984,0,0
73.696869612,0,1
73.696911250,0,0
73.696952396,0,1
73.696975648,1,1
73.696995018,1,0
73.697036164,1,1
73.697078784,1,0
73.697119930,1,1
73.697162552,1,0
73.697203696,1,1
73.697246318,1,0
73.697287466,1,1
73.697330088,1,0
73.697371236,1,1
73.697392690,0,1
73.697412876,0,0
73.697454024,0,1
73.697495658,0,0
73.697539278,0,1
73.697580920,0,0
73.697619116,0,1
73.697642370,1,1
73.697661740,1,0
73.697706340,1,1
73.697724590,1,0
73.701948704,1,1
73.717522916,0,1
73.717534722,0,0
73.717577350,0,1
73.717618988,0,0
73.717660136,0,1
73.717701772,0,0
73.717742920,0,1
73.717784554,0,0
73.717825702,0,1
73.717867344,0,0
73.717908498,0,1
73.717931754,1,1
73.717951126,1,0
73.717992276,1,1
73.718034900,1,0
73.718076046,1,1
73.718118670,1,0
73.718159816,1,1
73.718202432,1,0
73.718246038,1,1
73.718288658,1,0
73.718326842,1,1
73.718369462,1,0
73.718414048,1,1
73.718414052,1,0
73.718414056,1,1
73.722042132,0,1
73.722053940,0,0
73.722096560,0,1
73.722119812,1,1
73.722139180,1,0
73.722180324,1,1
73.722201778,0,1
73.722221964,0,0
73.722263112,0,1
73.722286362,1,1
73.722305732,1,0
73.722346878,1,1
73.722389500,1,0
73.722430642,1,1
73.722473266,1,0
73.722514410,1,1
73.722557030,1,0
73.722598180,1,1
73.722619636,0,1
73.722639820,0,0
73.722680968,0,1
73.722722606,0,0
73.722766218,0,1
73.722807854,0,0
73.722846050,0,1
73.722869300,1,1
73.722888670,1,0
73.722933262,1,1
73.726564370,0,1
73.726576178,0,0
73.726618804,0,1
73.726660440,0,0
73.726701588,0,1
73.726743222,0,0
73.726784372,0,1
73.726826006,0,0
73.726867158,0,1
73.726908796,0,0
73.726949950,0,1
73.726973198,1,1
73.726992568,1,0
73.727033714,1,1
73.727076334,1,0
73.727117478,1,1
73.727160098,1,0
73.727201244,1,1
73.727243864,1,0
73.727287468,1,1
73.727330094,1,0
73.727368276,1,1
73.727410894,1,0
73.727455482,1,1
73.731083504,0,1
73.731095312,0,0
73.731137938,0,1
73.731179572,0,0
73.731220718,0,1
73.731243972,1,1
73.731263340,1,0
73.731304486,1,1
73.731347108,1,0
73.731388250,1,1
73.731430870,1,0
73.731472016,1,1
73.731514640,1,0
73.731555782,1,1
73.731598408,1,0
73.731639554,1,1
73.731661010,0,1
73.731681196,0,0
73.731722346,0,1
73.731763986,0,0
73.731807600,0,1
73.731849240,0,0
73.731887438,0,1
73.731910688,1,1
73.731930056,1,0
73.731974650,1,1
73.735605672,0,1
73.735617478,0,0
73.735660102,0,1
73.735701734,0,0
73.735742880,0,1
73.735784518,0,0
73.735825670,0,1
73.735867310,0,0
73.735908458,0,1
73.735950100,0,0
73.735991250,0,1
73.736014498,1,1
73.736033866,1,0
73.736075016,1,1
73.736117636,1,0
73.736158780,1,1
73.736201402,1,0
73.736242546,1,1
73.736285164,1,0
73.736328772,1,1
73.736371394,1,0
73.736409570,1,1
73.736452178,1,0
73.736496774,1,1
73.740127622,0,1
73.740139430,0,0
73.740182050,0,1
73.740205296,1,1
73.740224664,1,0
73.740265806,1,1
73.740308418,1,0
73.740349554,1,1
73.740371006,0,1
73.740391190,0,0
73.740432332,0,1
73.740455578,1,1
73.740474944,1,0
73.740516084,1,1
73.740537536,0,1
73.740557718,0,0
73.740598866,0,1
73.740622112,1,1
73.740641484,1,0
73.740682632,1,1
73.740704084,0,1
73.740724268,0,0
73.740765408,0,1
73.740807046,0,0
73.740850652,0,1
73.740873902,1,1
73.740893270,1,0
73.740931454,1,1
73.740974074,1,0
73.741018658,1,1
73.748464778,1,0
73.749943526,1,1
73.810677764,0,1
73.810689570,0,0
73.810732190,0,1
73.810773828,0,0
73.810814974,0,1
73.810838226,1,1
73.810857596,1,0
73.810898742,1,1
73.810941362,1,0
73.810982500,1,1
73.811003952,0,1
73.811024136,0,0
73.811065282,0,1
73.811106910,0,0
73.811148052,0,1
73.811189688,0,0
73.811230832,0,1
73.811254082,1,1
73.811273452,1,0
73.811314596,1,1
73.811336052,0,1
73.811356236,0,0
73.811399846,0,1
73.811441478,0,0
73.811479666,0,1
73.811502912,1,1
73.811522278,1,0
73.811566868,1,1
73.811584220,1,0
73.813941776,1,1
73.862567738,0,1
73.862579546,0,0
73.862622168,0,1
73.862663800,0,0
73.862704944,0,1
73.862728196,1,1
73.862747562,1,0
73.862788698,1,1
73.862831316,1,0
73.862872456,1,1
73.862915070,1,0
73.862956214,1,1
73.862998830,1,0
73.863039964,1,1
73.863082580,1,0
73.863123718,1,1
73.863145170,0,1
73.863165352,0,0
73.863206500,0,1
73.863248136,0,0
73.863291744,0,1
73.863333374,0,0
73.863371566,0,1
73.863394812,1,1
73.863414178,1,0
73.863458766,1,1
73.863477446,1,0
73.869941874,1,1
73.869985620,0,1
73.869997432,0,0
73.870040062,0,1
73.870063310,1,1
73.870082678,1,0
73.870123818,1,1
73.870145272,0,1
73.870165456,0,0
73.870206600,0,1
73.870229846,1,1
73.870249212,1,0
73.870290354,1,1
73.870332970,1,0
73.870374108,1,1
73.870416724,1,0
73.870457864,1,1
73.870500482,1,0
73.870541622,1,1
73.870563076,0,1
73.870583262,0,0
73.870624404,0,1
73.870666040,0,0
73.870709644,0,1
73.870751280,0,0
73.870789466,0,1
73.870812716,1,1
73.870832082,1,0
73.870876672,1,1
73.870895448,1,0
73.877943926,1,1
73.885885444,0,1
73.885897254,0,0
73.885939878,0,1
73.885981514,0,0
73.886022668,0,1
73.886064298,0,0
73.886105436,0,1
73.886147072,0,0
73.886188214,0,1
73.886229846,0,0
73.886270992,0,1
73.886294240,1,1
73.886313608,1,0
73.886354746,1,1
73.886397362,1,0
73.886438500,1,1
73.886481116,1,0
73.886522256,1,1
73.886564876,1,0
73.886608480,1,1
73.886651102,1,0
73.886689286,1,1
73.886731902,1,0
73.886776486,1,1
73.890408080,0,1
73.890419888,0,0
73.890462510,0,1
73.890504144,0,0
73.890545290,0,1
73.890568540,1,1
73.890587910,1,0
73.890629056,1,1
73.890671678,1,0
73.890712822,1,1
73.890734276,0,1
73.890754460,0,0
73.890795606,0,1
73.890837238,0,0
73.890878386,0,1
73.890920020,0,0
73.890961164,0,1
73.890984414,1,1
73.891003784,1,0
73.891044928,1,1
73.891066380,0,1
73.891086562,0,0
73.891130172,0,1
73.891171808,0,0
73.891209994,0,1
73.891233244,1,1
73.891252612,1,0
73.891297206,1,1
73.894927928,0,1
73.894939736,0,0
73.894982356,0,1
73.895023986,0,0
73.895065132,0,1
73.895106766,0,0
73.895147910,0,1
73.895189546,0,0
73.895230694,0,1
73.895272328,0,0
73.895313474,0,1
73.895336724,1,1
73.895356092,1,0
73.895397232,1,1
73.895439850,1,0
73.895480990,1,1
73.895523606,1,0
73.895564744,1,1
73.895607364,1,0
73.895650964,1,1
73.895693584,1,0
73.895731772,1,1
73.895774392,1,0
73.895818982,1,1
73.899446720,0,1
73.899458526,0,0
73.899501148,0,1
73.899542784,0,0
73.899583930,0,1
73.899607180,1,1
73.899626548,1,0
73.899667692,1,1
73.899710310,1,0
73.899751450,1,1
73.899794070,1,0
73.899835210,1,1
73.899877830,1,0
73.899918974,1,1
73.899961590,1,0
73.900002732,1,1
73.900024182,0,1
73.900044368,0,0
73.900085514,0,1
73.900127146,0,0
73.900170756,0,1
73.900212390,0,0
73.900250578,0,1
73.900273826,1,1
73.900293196,1,0
73.900337786,1,1
73.903968416,0,1
73.903980224,0,0
73.904022844,0,1
73.904064472,0,0
73.904105616,0,1
73.904147250,0,0
73.904188394,0,1
73.904230026,0,0
73.904271170,0,1
73.904312802,0,0
73.904353946,0,1
73.904377198,1,1
73.904396566,1,0
73.904437706,1,1
73.904480326,1,0
73.904521470,1,1
73.904564086,1,0
73.904605232,1,1
73.904647850,1,0
73.904691452,1,1
73.904734068,1,0
73.904772254,1,1
73.904814870,1,0
73.904859458,1,1
73.908487154,0,1
73.908498962,0,0
73.908541572,0,1
73.908564822,1,1
73.908584190,1,0
73.908625330,1,1
73.908646780,0,1
73.908666962,0,0
73.908708102,0,1
73.908731348,1,1
73.908750714,1,0
73.908791852,1,1
73.908834470,1,0
73.908875606,1,1
73.908918222,1,0
73.908959362,1,1
73.909001978,1,0
73.909043116,1,1
73.909064566,0,1
73.909084750,0,0
73.909125890,0,1
73.909167520,0,0
73.909211126,0,1
73.909252752,0,0
73.909290940,0,1
73.909314186,1,1
73.909333554,1,0
73.909378142,1,1
73.916948102,1,0
73.917942688,1,1
73.962289126,0,1
73.962300932,0,0
73.962343550,0,1
73.962366792,1,1
73.962386158,1,0
73.962427296,1,1
73.962448746,0,1
73.962468926,0,0
73.962510060,0,1
73.962533304,1,1
73.962552668,1,0
73.962593802,1,1
73.962636414,1,0
73.962677548,1,1
73.962720162,1,0
73.962761298,1,1
73.962803912,1,0
73.962845048,1,1
73.962866500,0,1
73.962886680,0,0
73.962927818,0,1
73.962969448,0,0
73.963013050,0,1
73.963054678,0,0
73.963092864,0,1
73.963116110,1,1
73.963135474,1,0
73.963180052,1,1
73.963197664,1,0
73.965940968,1,1
73.975758210,0,1
73.975770016,0,0
73.975812636,0,1
73.975854268,0,0
73.975895410,0,1
73.975918656,1,1
73.975938022,1,0
73.975979160,1,1
73.976021774,1,0
73.976062918,1,1
73.976084370,0,1
73.976104552,0,0
73.976145694,0,1
73.976168942,1,1
73.976188308,1,0
73.976229444,1,1
73.976272060,1,0
73.976313198,1,1
73.976334652,0,1
73.976354836,0,0
73.976395974,0,1
73.976437604,0,0
73.976481212,0,1
73.976504454,1,1
73.976523820,1,0
73.976562000,1,1
73.976604616,1,0
73.976649198,1,1
73.976666682,1,0
73.981941460,1,1
74.013612518,0,1
74.013624322,0,0
74.013666938,0,1
74.013708566,0,0
74.013749706,0,1
74.013791338,0,0
74.013832488,0,1
74.013855734,1,1
74.013875106,1,0
74.013916254,1,1
74.013958878,1,0
74.014000016,1,1
74.014021470,0,1
74.014041654,0,0
74.014082800,0,1
74.014106044,1,1
74.014125410,1,0
74.014166546,1,1
74.014188000,0,1
74.014208182,0,0
74.014249322,0,1
74.014290952,0,0
74.014334560,0,1
74.014376192,0,0
74.014414374,0,1
74.014437620,1,1
74.014456988,1,0
74.014501576,1,1
74.014518944,1,0
74.021949006,1,1
74.037649340,1,0
74.037653326,0,0
74.038692654,0,1
74.039567410,0,0
74.039568750,1,0
74.039608562,1,1
74.039650200,1,0
74.039651772,0,0
74.039691352,0,1
74.039733970,0,0
74.039736168,1,0
74.039775110,1,1
74.039816742,1,0
74.039857884,1,1
74.039899518,1,0
74.039901454,0,0
74.039940666,0,1
74.039983282,0,0
74.039984846,1,0
74.040024424,1,1
74.040066054,1,0
74.040107192,1,1
74.040148824,1,0
74.040189966,1,1
74.040233076,1,0
74.040274216,1,1
74.040316836,1,0
74.040357974,1,1
74.040391246,0,1
74.040404532,0,0
74.040445686,0,1
74.040468934,1,1
74.040740554,0,1
74.040752360,0,0
74.040794978,0,1
74.040836610,0,0
74.040877754,0,1
74.040901002,1,1
74.040920370,1,0
74.040961512,1,1
74.040982964,0,1
74.041003146,0,0
74.041044286,0,1
74.041067536,1,1
74.041086904,1,0
74.041128046,1,1
74.041170662,1,0
74.041211802,1,1
74.041254420,1,0
74.041295558,1,1
74.041338180,1,0
74.041379318,1,1
74.041421936,1,0
74.041465542,1,1
74.041508160,1,0
74.041546338,1,1
74.041588958,1,0
74.041633546,1,1
74.041645884,1,0
74.041914290,0,0
74.042685524,0,1
74.042730974,0,0
74.042772138,0,1
74.042814766,0,0
74.042855922,0,1
74.042898546,0,0
74.042900452,1,0
74.042939696,1,1
74.042981328,1,0
74.042982478,0,0
74.043022484,0,1
74.043065108,0,0
74.043106264,0,1
74.043148888,0,0
74.043190046,0,1
74.043232668,0,0
74.043273826,0,1
74.043316452,0,0
74.043357608,0,1
74.043401714,0,0
74.043442872,0,1
74.043482048,0,0
74.043483600,1,0
74.043523190,1,1
74.043556476,0,1
74.043569764,0,0
74.043610920,0,1
74.043634174,1,1
74.043973008,0,1
74.043984836,0,0
74.044027534,0,1
74.044069240,0,0
74.044110454,0,1
74.044133742,1,1
74.044153136,1,0
74.044194344,1,1
74.044215832,0,1
74.044236048,0,0
74.044277266,0,1
74.044300552,1,1
74.044319952,1,0
74.044361170,1,1
74.044403862,1,0
74.044445074,1,1
74.044487766,1,0
74.044528982,1,1
74.044571674,1,0
74.044612892,1,1
74.044655584,1,0
74.044699262,1,1
74.044741952,1,0
74.044780202,1,1
74.044822892,1,0
74.044867562,1,1
74.044881262,1,0
74.044882514,1,1
74.264754482,0,1
74.264766316,0,0
74.264809032,0,1
74.264850748,0,0
74.264891982,0,1
74.264933696,0,0
74.264974932,0,1
74.265016648,0,0
74.265057884,0,1
74.265099604,0,0
74.265140838,0,1
74.265164138,1,1
74.265183542,1,0
74.265224772,1,1
74.265267484,1,0
74.265308714,1,1
74.265351420,1,0
74.265392650,1,1
74.265435352,1,0
74.265479052,1,1
74.265521756,1,0
74.265560024,1,1
74.265602734,1,0
74.265647422,1,1
74.269286880,0,1
74.269298712,0,0
74.269341424,0,1
74.269383140,0,0
74.269424376,0,1
74.269466096,0,0
74.269507330,0,1
74.269530632,1,1
74.269550036,1,0
74.269591278,1,1
74.269633994,1,0
74.269675234,1,1
74.269696728,0,1
74.269716956,0,0
74.269758190,0,1
74.269781488,1,1
74.269800894,1,0
74.269842130,1,1
74.269863630,0,1
74.269883860,0,0
74.269925108,0,1
74.269966830,0,0
74.270010536,0,1
74.270052258,0,0
74.270090534,0,1
74.270113834,1,1
74.270133236,1,0
74.270177924,1,1
74.277703680,1,0
74.277948576,1,1
74.279385400,0,1
74.279397232,0,0
74.279439950,0,1
74.279481672,0,0
74.279522912,0,1
74.279564630,0,0
74.279605880,0,1
74.279647604,0,0
74.279688848,0,1
74.279730566,0,0
74.279771806,0,1
74.279795108,1,1
74.279814514,1,0
74.279855750,1,1
74.279898458,1,0
74.279939688,1,1
74.279982390,1,0
74.280023622,1,1
74.280066328,1,0
74.280110022,1,1
74.280152732,1,0
74.280191000,1,1
74.280233704,1,0
74.280278394,1,1
74.283916746,0,1
74.283928580,0,0
74.283971302,0,1
74.284013022,0,0
74.284054260,0,1
74.284077564,1,1
74.284096968,1,0
74.284138206,1,1
74.284180910,1,0
74.284222142,1,1
74.284243634,0,1
74.284263850,0,0
74.284305078,0,1
74.284328378,1,1
74.284347790,1,0
74.284389036,1,1
74.284431742,1,0
74.284472976,1,1
74.284494472,0,1
74.284514698,0,0
74.284555934,0,1
74.284597656,0,0
74.284641366,0,1
74.284664662,1,1
74.284684066,1,0
74.284722336,1,1
74.284765040,1,0
74.284809726,1,1
74.292095772,1,0
74.293941452,1,1
74.304524534,0,1
74.304536368,0,0
74.304579090,0,1
74.304620812,0,0
74.304662056,0,1
74.304703774,0,0
74.304745008,0,1
74.304786730,0,0
74.304827972,0,1
74.304869696,0,0
74.304910938,0,1
74.304934238,1,1
74.304953646,1,0
74.304994880,1,1
74.305037592,1,0
74.305078828,1,1
74.305121534,1,0
74.305162762,1,1
74.305162766,1,0
74.305162768,1,1
74.305205476,1,0
74.305249180,1,1
74.305291890,1,0
74.305330166,1,1
74.305372876,1,0
74.305417564,1,1
74.309053368,0,1
74.309065200,0,0
74.309107920,0,1
74.309131220,1,1
74.309150628,1,0
74.309191862,1,1
74.309213358,0,1
74.309233586,0,0
74.309274826,0,1
74.309298126,1,1
74.309317532,1,0
74.309358764,1,1
74.309401476,1,0
74.309442710,1,1
74.309485414,1,0
74.309526646,1,1
74.309569352,1,0
74.309610596,1,1
74.309632094,0,1
74.309652326,0,0
74.309693566,0,1
74.309735288,0,0
74.309779000,0,1
74.309820724,0,0
74.309859006,0,1
74.309882310,1,1
74.309901722,1,0
74.309946422,1,1
74.317792304,1,0
74.317942348,1,1
74.350191792,0,1
74.350203624,0,0
74.350246338,0,1
74.350288058,0,0
74.350329298,0,1
74.350371018,0,0
74.350412262,0,1
74.350435562,1,1
74.350454968,1,0
74.350496202,1,1
74.350538914,1,0
74.350580156,1,1
74.350622878,1,0
74.350664126,1,1
74.350706846,1,0
74.350748086,1,1
74.350769588,0,1
74.350789820,0,0
74.350831062,0,1
74.350872790,0,0
74.350916510,0,1
74.350939816,1,1
74.350959228,1,0
74.350997508,1,1
74.351040220,1,0
74.351084918,1,1
74.351102970,1,0
74.357941826,1,1
74.358528056,0,1
74.358539890,0,0
74.358582614,0,1
74.358624332,0,0
74.358665574,0,1
74.358707296,0,0
74.358748534,0,1
74.358771834,1,1
74.358791242,1,0
74.358832476,1,1
74.358875188,1,0
74.358916424,1,1
74.358937922,0,1
74.358958148,0,0
74.358999388,0,1
74.359022686,1,1
74.359042094,1,0
74.359083334,1,1
74.359104828,0,1
74.359125056,0,0
74.359166298,0,1
74.359208020,0,0
74.359251730,0,1
74.359293454,0,0
74.359331734,0,1
74.359355036,1,1
74.359374442,1,0
74.359419136,1,1
74.359437130,1,0
74.365942256,1,1
74.366838782,0,1
74.366850616,0,0
74.366893340,0,1
74.366916644,1,1
74.366936050,1,0
74.366977290,1,1
74.367020002,1,0
74.367061244,1,1
74.367082744,0,1
74.367102974,0,0
74.367144214,0,1
74.367185944,0,0
74.367227192,0,1
74.367268918,0,0
74.367310168,0,1
74.367351900,0,0
74.367393144,0,1
74.367416450,1,1
74.367435862,1,0
74.367477108,1,1
74.367498608,0,1
74.367518840,0,0
74.367562554,0,1
74.367604288,0,0
74.367642572,0,1
74.367665874,1,1
74.367685286,1,0
74.367729990,1,1
74.367747102,1,0
74.373942072,1,1
74.390231662,1,0
74.390504204,0,0
74.391275826,0,1
74.391415056,0,0
74.391416662,1,0
74.391456300,1,1
74.391498030,1,0
74.391499730,0,0
74.391539286,0,1
74.391582004,0,0
74.391584186,1,0
74.391623246,1,1
74.391664976,1,0
74.391706216,1,1
74.391747940,1,0
74.391749590,0,0
74.391789186,0,1
74.391831904,0,0
74.391834040,1,0
74.391873146,1,1
74.391914872,1,0
74.391956114,1,1
74.391997838,1,0
74.392039078,1,1
74.392082282,1,0
74.392123522,1,1
74.392166230,1,0
74.392207468,1,1
74.392240816,0,1
74.392254130,0,0
74.392295370,0,1
74.392318670,1,1
74.392590914,0,1
74.392602752,0,0
74.392645494,0,1
74.392687236,0,0
74.392728500,0,1
74.392751814,1,1
74.392771222,1,0
74.392812466,1,1
74.392833964,0,1
74.392854198,0,0
74.392895442,0,1
74.392918744,1,1
74.392938150,1,0
74.392979388,1,1
74.393022100,1,0
74.393063334,1,1
74.393106046,1,0
74.393147286,1,1
74.393189994,1,0
74.393231228,1,1
74.393273942,1,0
74.393317648,1,1
74.393360358,1,0
74.393398632,1,1
74.393441344,1,0
74.393486038,1,1
74.393500962,1,0
74.393769526,0,0
74.394541230,0,1
74.394586084,0,0
74.394627346,0,1
74.394670070,0,0
74.394711334,0,1
74.394754052,0,0
74.394795306,0,1
74.394838026,0,0
74.394879280,0,1
74.394921992,0,0
74.394963242,0,1
74.395005958,0,0
74.395047212,0,1
74.395089930,0,0
74.395131186,0,1
74.395173904,0,0
74.395215164,0,1
74.395259366,0,0
74.395261406,1,0
74.395300612,1,1
74.395343326,1,0
74.395384568,1,1
74.395417916,0,1
74.395431234,0,0
74.395472488,0,1
74.395495790,1,1
74.395839440,0,1
74.395851256,0,0
74.395893914,0,1
74.395935574,0,0
74.395976744,0,1
74.396000010,1,1
74.396019388,1,0
74.396060554,1,1
74.396082022,0,1
74.396102218,0,0
74.396143392,0,1
74.396166656,1,1
74.396186032,1,0
74.396227198,1,1
74.396269838,1,0
74.396311004,1,1
74.396353642,1,0
74.396394806,1,1
74.396437448,1,0
74.396478612,1,1
74.396521252,1,0
74.396564880,1,1
74.396607522,1,0
74.396645732,1,1
74.396688370,1,0
74.396732982,1,1
74.396745050,1,0
74.396746304,1,1
74.421288096,0,1
74.421299902,0,0
74.421342530,0,1
74.421384178,0,0
74.421425348,0,1
74.421466990,0,0
74.421508146,0,1
74.421549788,0,0
74.421590952,0,1
74.421632598,0,0
74.421673758,0,1
74.421697014,1,1
74.421716388,1,0
74.421757542,1,1
74.421800172,1,0
74.421841330,1,1
74.421883970,1,0
74.421925130,1,1
74.421967764,1,0
74.422011380,1,1
74.422054010,1,0
74.422092208,1,1
74.422134838,1,0
74.422179440,1,1
74.425812358,0,1
74.425824170,0,0
74.425866806,0,1
74.425890060,1,1
74.425909434,1,0
74.425950588,1,1
74.425993218,1,0
74.426034380,1,1
74.426055844,0,1
74.426076038,0,0
74.426117204,0,1
74.426158856,0,0
74.426200018,0,1
74.426241666,0,0
74.426282830,0,1
74.426324482,0,0
74.426365648,0,1
74.426388906,1,1
74.426408280,1,0
74.426449440,1,1
74.426470898,0,1
74.426491090,0,0
74.426534714,0,1
74.426576362,0,0
74.426614564,0,1
74.426637822,1,1
74.426657196,1,0
74.426701806,1,1
74.434933506,1,0
74.437941742,1,1
74.443357584,0,1
74.443369396,0,0
74.443412032,0,1
74.443453684,0,0
74.443494850,0,1
74.443536492,0,0
74.443577652,0,1
74.443619300,0,0
74.443660458,0,1
74.443702102,0,0
74.443743270,0,1
74.443766528,1,1
74.443785902,1,0
74.443827062,1,1
74.443869704,1,0
74.443910866,1,1
74.443953496,1,0
74.443994660,1,1
74.444037294,1,0
74.444080916,1,1
74.444123554,1,0
74.444161756,1,1
74.444204388,1,0
74.444248994,1,1
74.447882238,0,1
74.447894050,0,0
74.447936692,0,1
74.447978338,0,0
74.448019494,0,1
74.448061142,0,0
74.448102300,0,1
74.448125558,1,1
74.448144930,1,0
74.448186088,1,1
74.448228724,1,0
74.448269876,1,1
74.448291338,0,1
74.448311530,0,0
74.448352692,0,1
74.448375948,1,1
74.448395320,1,0
74.448436482,1,1
74.448457942,0,1
74.448478134,0,0
74.448519294,0,1
74.448560942,0,0
74.448604572,0,1
74.448646216,0,0
74.448684422,0,1
74.448707680,1,1
74.448727056,1,0
74.448771662,1,1
74.456508278,1,0
74.461940588,1,1
74.463814568,0,1
74.463826378,0,0
74.463869010,0,1
74.463910656,0,0
74.463951816,0,1
74.463993458,0,0
74.464034622,0,1
74.464076266,0,0
74.464117422,0,1
74.464159070,0,0
74.464200228,0,1
74.464223484,1,1
74.464242856,1,0
74.464284012,1,1
74.464326642,1,0
74.464367794,1,1
74.464410426,1,0
74.464451580,1,1
74.464494208,1,0
74.464537824,1,1
74.464580460,1,0
74.464618656,1,1
74.464661288,1,0
74.464705892,1,1
74.468336724,0,1
74.468348534,0,0
74.468391170,0,1
74.468432814,0,0
74.468473972,0,1
74.468515618,0,0
74.468556774,0,1
74.468580030,1,1
74.468599402,1,0
74.468640558,1,1
74.468683186,1,0
74.468724336,1,1
74.468766966,1,0
74.468808118,1,1
74.468850748,1,0
74.468891904,1,1
74.468913362,0,1
74.468933552,0,0
74.468974712,0,1
74.469016356,0,0
74.469059976,0,1
74.469083232,1,1
74.469102604,1,0
74.469140800,1,1
74.469183432,1,0
74.469228030,1,1
74.477051232,1,0
74.477949170,1,1
74.510522234,1,0
74.510794694,0,0
74.511565938,0,1
74.512729790,0,0
74.512731562,1,0
74.512770942,1,1
74.512812592,1,0
74.512814596,0,0
74.512853754,0,1
74.512896380,0,0
74.512898004,1,0
74.512937532,1,1
74.512979176,1,0
74.513020324,1,1
74.513061966,1,0
74.513063316,0,0
74.513103124,0,1
74.513145754,0,0
74.513147726,1,0
74.513186906,1,1
74.513228548,1,0
74.513269700,1,1
74.513311346,1,0
74.513352498,1,1
74.513395616,1,0
74.513436764,1,1
74.513479394,1,0
74.513520542,1,1
74.513553826,0,1
74.513567116,0,0
74.513608278,0,1
74.513631540,1,1
74.513903230,0,1
74.513915038,0,0
74.513957660,0,1
74.513999290,0,0
74.514040452,0,1
74.514063712,1,1
74.514083092,1,0
74.514124262,1,1
74.514145718,0,1
74.514165906,0,0
74.514207058,0,1
74.514230310,1,1
74.514249680,1,0
74.514290832,1,1
74.514333454,1,0
74.514374602,1,1
74.514417234,1,0
74.514458384,1,1
74.514501012,1,0
74.514542162,1,1
74.514584788,1,0
74.514628398,1,1
74.514671022,1,0
74.514709210,1,1
74.514751834,1,0
74.514796434,1,1
74.514811722,1,0
74.515084144,0,0
74.515855372,0,1
74.515900448,0,0
74.515941614,0,1
74.515984246,0,0
74.516025402,0,1
74.516068034,0,0
74.516070250,1,0
74.516109186,1,1
74.516150824,1,0
74.516152278,0,0
74.516191982,0,1
74.516234610,0,0
74.516275770,0,1
74.516318394,0,0
74.516359560,0,1
74.516402188,0,0
74.516443350,0,1
74.516485982,0,0
74.516527142,0,1
74.516571248,0,0
74.516612412,0,1
74.516651588,0,0
74.516653410,1,0
74.516692734,1,1
74.516726020,0,1
74.516739310,0,0
74.516780476,0,1
74.516803728,1,1
74.517142626,0,1
74.517154454,0,0
74.517197152,0,1
74.517238856,0,0
74.517280078,0,1
74.517303370,1,1
74.517322772,1,0
74.517363992,1,1
74.517385486,0,1
74.517405708,0,0
74.517446936,0,1
74.517470228,1,1
74.517489632,1,0
74.517530858,1,1
74.517573558,1,0
74.517614780,1,1
74.517657482,1,0
74.517698702,1,1
74.517741400,1,0
74.517782622,1,1
74.517825322,1,0
74.517869016,1,1
74.517911724,1,0
74.517949992,1,1
74.517992692,1,0
74.518037370,1,1
74.518050978,1,0
74.518052224,1,1
74.518673922,0,1
74.518685752,0,0
74.518728462,0,1
74.518770172,0,0
74.518811402,0,1
74.518853120,0,0
74.518894352,0,1
74.518917644,1,1
74.518937048,1,0
74.518978276,1,1
74.519020968,1,0
74.519062188,1,1
74.519104888,1,0
74.519146112,1,1
74.519188812,1,0
74.519230040,1,1
74.519251530,0,1
74.519271750,0,0
74.519312974,0,1
74.519354688,0,0
74.519398384,0,1
74.519421674,1,1
74.519441074,1,0
74.519479336,1,1
74.519522036,1,0
74.519566712,1,1
74.519585284,1,0
74.525940514,1,1
74.526358236,0,1
74.526370066,0,0
74.526412782,0,1
74.526436076,1,1
74.526455480,1,0
74.526496708,1,1
74.526539410,1,0
74.526580644,1,1
74.526602140,0,1
74.526622366,0,0
74.526663598,0,1
74.526705320,0,0
74.526746554,0,1
74.526788270,0,0
74.526829508,0,1
74.526871224,0,0
74.526912454,0,1
74.526935752,1,1
74.526955158,1,0
74.526996390,1,1
74.527017880,0,1
74.527038106,0,0
74.527081808,0,1
74.527123524,0,0
74.527161792,0,1
74.527185088,1,1
74.527204492,1,0
74.527249176,1,1
74.527267546,1,0
74.533940484,1,1
74.537629398,0,1
74.537641230,0,0
74.537683948,0,1
74.537725672,0,0
74.537766908,0,1
74.537790206,1,1
74.537809610,1,0
74.537850846,1,1
74.537872344,0,1
74.537892570,0,0
74.537933804,0,1
74.537975526,0,0
74.538016760,0,1
74.538058476,0,0
74.538099708,0,1
74.538141412,0,0
74.538182648,0,1
74.538205952,1,1
74.538225364,1,0
74.538266606,1,1
74.538288102,0,1
74.538308328,0,0
74.538352036,0,1
74.538375338,1,1
74.538394744,1,0
74.538433012,1,1
74.538475720,1,0
74.538520408,1,1
74.538538818,1,0
74.541940610,1,1
74.551495542,0,1
74.551507374,0,0
74.551550088,0,1
74.551591806,0,0
74.551633042,0,1
74.551674760,0,0
74.551715998,0,1
74.551739302,1,1
74.551758710,1,0
74.551799944,1,1
74.551821442,0,1
74.551841672,0,0
74.551882912,0,1
74.551906212,1,1
74.551925616,1,0
74.551966850,1,1
74.552009560,1,0
74.552050792,1,1
74.552072288,0,1
74.552092516,0,0
74.552133756,0,1
74.552175474,0,0
74.552219178,0,1
74.552260902,0,0
74.552299176,0,1
74.552322474,1,1
74.552341882,1,0
74.552386574,1,1
74.552404284,1,0
74.557940888,1,1
74.577091424,0,1
74.577103258,0,0
74.577145978,0,1
74.577187698,0,0
74.577228938,0,1
74.577270662,0,0
74.577311902,0,1
74.577353628,0,0
74.577394872,0,1
74.577436598,0,0
74.577477838,0,1
74.577501138,1,1
74.577520546,1,0
74.577561786,1,1
74.577604498,1,0
74.577645734,1,1
74.577688450,1,0
74.577729688,1,1
74.577772402,1,0
74.577816112,1,1
74.577858824,1,0
74.577897100,1,1
74.577939814,1,0
74.577984510,1,1
74.581624636,0,1
74.581636470,0,0
74.581679192,0,1
74.581702494,1,1
74.581721902,1,0
74.581763142,1,1
74.581805852,1,0
74.581847094,1,1
74.581868596,0,1
74.581888830,0,0
74.581930084,0,1
74.581971814,0,0
74.582013062,0,1
74.582054786,0,0
74.582096030,0,1
74.582137756,0,0
74.582179000,0,1
74.582202302,1,1
74.582221710,1,0
74.582262948,1,1
74.582284448,0,1
74.582304676,0,0
74.582348388,0,1
74.582390112,0,0
74.582428392,0,1
74.582451692,1,1
74.582471098,1,0
74.582515792,1,1
74.590078920,1,0
74.597940970,1,1
74.600391952,0,1
74.600403786,0,0
74.600446506,0,1
74.600488232,0,0
74.600529474,0,1
74.600571196,0,0
74.600612440,0,1
74.600654166,0,0
74.600695408,0,1
74.600737134,0,0
74.600778376,0,1
74.600801674,1,1
74.600821080,1,0
74.600862316,1,1
74.600862320,1,0
74.600862324,1,1
74.600905030,1,0
74.600946266,1,1
74.600988976,1,0
74.601030212,1,1
74.601072918,1,0
74.601116624,1,1
74.601159334,1,0
74.601197608,1,1
74.601240322,1,0
74.601285018,1,1
74.604924948,0,1
74.604936786,0,0
74.604979526,0,1
74.605021270,0,0
74.605062532,0,1
74.605104280,0,0
74.605145544,0,1
74.605168858,1,1
74.605188276,1,0
74.605229536,1,1
74.605251044,0,1
74.605271282,0,0
74.605312546,0,1
74.605335854,1,1
74.605355264,1,0
74.605396510,1,1
74.605439224,1,0
74.605480460,1,1
74.605480464,1,0
74.605480468,1,1
74.605501962,0,1
74.605522192,0,0
74.605563432,0,1
74.605605162,0,0
74.605648878,0,1
74.605690602,0,0
74.605728886,0,1
74.605752184,1,1
74.605771592,1,0
74.605816288,1,1
74.609455306,0,1
74.609467140,0,0
74.609509862,0,1
74.609551588,0,0
74.609592836,0,1
74.609634568,0,0
74.609675816,0,1
74.609717542,0,0
74.609758790,0,1
74.609800514,0,0
74.609841762,0,1
74.609865066,1,1
74.609884476,1,0
74.609925722,1,1
74.609968434,1,0
74.610009676,1,1
74.610052390,1,0
74.610093628,1,1
74.610136344,1,0
74.610180054,1,1
74.610222766,1,0
74.610261040,1,1
74.610303756,1,0
74.610348454,1,1
74.613991534,0,1
74.614003368,0,0
74.614046092,0,1
74.614087820,0,0
74.614129066,0,1
74.614152366,1,1
74.614171776,1,0
74.614213012,1,1
74.614234512,0,1
74.614254744,0,0
74.614295984,0,1
74.614337712,0,0
74.614378958,0,1
74.614420682,0,0
74.614461928,0,1
74.614503658,0,0
74.614544902,0,1
74.614568208,1,1
74.614587616,1,0
74.614628860,1,1
74.614650358,0,1
74.614670590,0,0
74.614714302,0,1
74.614737604,1,1
74.614757014,1,0
74.614795290,1,1
74.614838008,1,0
74.614882708,1,1
74.622963420,1,0
74.629940420,1,1
74.632533164,0,1
74.632544998,0,0
74.632587728,0,1
74.632629452,0,0
74.632670696,0,1
74.632712424,0,0
74.632753672,0,1
74.632795398,0,0
74.632836640,0,1
74.632878368,0,0
74.632919612,0,1
74.632942914,1,1
74.632962322,1,0
74.633003562,1,1
74.633046278,1,0
74.633087516,1,1
74.633130232,1,0
74.633171470,1,1
74.633214182,1,0
74.633257890,1,1
74.633300602,1,0
74.633338876,1,1
74.633381586,1,0
74.633426280,1,1
74.637065142,0,1
74.637076976,0,0
74.637119698,0,1
74.637161418,0,0
74.637202662,0,1
74.637244386,0,0
74.637285632,0,1
74.637308934,1,1
74.637328342,1,0
74.637369584,1,1
74.637412292,1,0
74.637453532,1,1
74.637496240,1,0
74.637537474,1,1
74.637580190,1,0
74.637621428,1,1
74.637642928,0,1
74.637663154,0,0
74.637704398,0,1
74.637746120,0,0
74.637789826,0,1
74.637813126,1,1
74.637832538,1,0
74.637870820,1,1
74.637913544,1,0
74.637958244,1,1
74.645567646,1,0
74.645941554,1,1
74.667120770,0,1
74.667132608,0,0
74.667175330,0,1
74.667217052,0,0
74.667258296,0,1
74.667300020,0,0
74.667341264,0,1
74.667364564,1,1
74.667383970,1,0
74.667425202,1,1
74.667467916,1,0
74.667509154,1,1
74.667551858,1,0
74.667593096,1,1
74.667635810,1,0
74.667677044,1,1
74.667698542,0,1
74.667718772,0,0
74.667760010,0,1
74.667801740,0,0
74.667845462,0,1
74.667868766,1,1
74.667888176,1,0
74.667926454,1,1
74.667969174,1,0
74.668013878,1,1
74.668032596,1,0
74.669940514,1,1
74.678200474,0,1
74.678212308,0,0
74.678255032,0,1
74.678278332,1,1
74.678297740,1,0
74.678338984,1,1
74.678381700,1,0
74.678422944,1,1
74.678444444,0,1
74.678464676,0,0
74.678505924,0,1
74.678547650,0,0
74.678588900,0,1
74.678630630,0,0
74.678671876,0,1
74.678713606,0,0
74.678754858,0,1
74.678778162,1,1
74.678797572,1,0
74.678838814,1,1
74.678860312,0,1
74.678880542,0,0
74.678924254,0,1
74.678965982,0,0
74.679004266,0,1
74.679027572,1,1
74.679046980,1,0
74.679091678,1,1
74.679109010,1,0
74.685940686,1,1
74.694645356,0,1
74.694657190,0,0
74.694699916,0,1
74.694741646,0,0
74.694782890,0,1
74.694806190,1,1
74.694825596,1,0
74.694866834,1,1
74.694888334,0,1
74.694908564,0,0
74.694949806,0,1
74.694991536,0,0
74.695032784,0,1
74.695074510,0,0
74.695115758,0,1
74.695157486,0,0
74.695198728,0,1
74.695222032,1,1
74.695241442,1,0
74.695282684,1,1
74.695304182,0,1
74.695324410,0,0
74.695368122,0,1
74.695391426,1,1
74.695410834,1,0
74.695449112,1,1
74.695491820,1,0
74.695536518,1,1
74.695554628,1,0
74.701940124,1,1
74.728475488,0,1
74.728487320,0,0
74.728530042,0,1
74.728571772,0,0
74.728613022,0,1
74.728654748,0,0
74.728695996,0,1
74.728737720,0,0
74.728778962,0,1
74.728820688,0,0
74.728861934,0,1
74.728885234,1,1
74.728904644,1,0
74.728945892,1,1
74.728988608,1,0
74.729029848,1,1
74.729072564,1,0
74.729113804,1,1
74.729156516,1,0
74.729200226,1,1
74.729242938,1,0
74.729281210,1,1
74.729323924,1,0
74.729368614,1,1
74.733008774,0,1
74.733020608,0,0
74.733063328,0,1
74.733086632,1,1
74.733106038,1,0
74.733147274,1,1
74.733189986,1,0
74.733231222,1,1
74.733252722,0,1
74.733272952,0,0
74.733314196,0,1
74.733355918,0,0
74.733397164,0,1
74.733438884,0,0
74.733480124,0,1
74.733521852,0,0
74.733563098,0,1
74.733586402,1,1
74.733605808,1,0
74.733647050,1,1
74.733668550,0,1
74.733688780,0,0
74.733732490,0,1
74.733774214,0,0
74.733812496,0,1
74.733835800,1,1
74.733855212,1,0
74.733899914,1,1
74.741147292,1,0
74.741947472,1,1
74.745628012,0,1
74.745639846,0,0
74.745682572,0,1
74.745724302,0,0
74.745765546,0,1
74.745807270,0,0
74.745848520,0,1
74.745890246,0,0
74.745931486,0,1
74.745973214,0,0
74.746014460,0,1
74.746037762,1,1
74.746057170,1,0
74.746098412,1,1
74.746141122,1,0
74.746182360,1,1
74.746225074,1,0
74.746266316,1,1
74.746309026,1,0
74.746352730,1,1
74.746395442,1,0
74.746433718,1,1
74.746476430,1,0
74.746521128,1,1
74.750164456,0,1
74.750176292,0,0
74.750219020,0,1
74.750260748,0,0
74.750301996,0,1
74.750325298,1,1
74.750344708,1,0
74.750385948,1,1
74.750407446,0,1
74.750427678,0,0
74.750468924,0,1
74.750510654,0,0
74.750551904,0,1
74.750593638,0,0
74.750634884,0,1
74.750676614,0,0
74.750717864,0,1
74.750741166,1,1
74.750760576,1,0
74.750801814,1,1
74.750823318,0,1
74.750843550,0,0
74.750887268,0,1
74.750910570,1,1
74.750929980,1,0
74.750968260,1,1
74.751010974,1,0
74.751055670,1,1
74.758624378,1,0
74.765940064,1,1
74.770774288,0,1
74.770786120,0,0
74.770828838,0,1
74.770870562,0,0
74.770911808,0,1
74.770953530,0,0
74.770994776,0,1
74.771036504,0,0
74.771077752,0,1
74.771119482,0,0
74.771160732,0,1
74.771184034,1,1
74.771203442,1,0
74.771244682,1,1
74.771287398,1,0
74.771328634,1,1
74.771371342,1,0
74.771412582,1,1
74.771455288,1,0
74.771498992,1,1
74.771541710,1,0
74.771579994,1,1
74.771622714,1,0
74.771667414,1,1
74.775306694,0,1
74.775318528,0,0
74.775361250,0,1
74.775402974,0,0
74.775444218,0,1
74.775485944,0,0
74.775527184,0,1
74.775550484,1,1
74.775569892,1,0
74.775611132,1,1
74.775653842,1,0
74.775695076,1,1
74.775737788,1,0
74.775779026,1,1
74.775821738,1,0
74.775862984,1,1
74.775884486,0,1
74.775904718,0,0
74.775945962,0,1
74.775987692,0,0
74.776031408,0,1
74.776054710,1,1
74.776074120,1,0
74.776112400,1,1
74.776155114,1,0
74.776199806,1,1
74.784311446,1,0
74.789942210,1,1
74.825425348,0,1
74.825437182,0,0
74.825479900,0,1
74.825503202,1,1
74.825522612,1,0
74.825563850,1,1
74.825606562,1,0
74.825647804,1,1
74.825669300,0,1
74.825689528,0,0
74.825730770,0,1
74.825754072,1,1
74.825773480,1,0
74.825814722,1,1
74.825857432,1,0
74.825898670,1,1
74.825941382,1,0
74.825982622,1,1
74.826004118,0,1
74.826024346,0,0
74.826065592,0,1
74.826107314,0,0
74.826151028,0,1
74.826192752,0,0
74.826231032,0,1
74.826254334,1,1
74.826273740,1,0
74.826318440,1,1
74.826337166,1,0
74.829945378,1,1
74.829987556,0,1
74.829999392,0,0
74.830042130,0,1
74.830083864,0,0
74.830125114,0,1
74.830148422,1,1
74.830167830,1,0
74.830209072,1,1
74.830230574,0,1
74.830250806,0,0
74.830292054,0,1
74.830333780,0,0
74.830375030,0,1
74.830416758,0,0
74.830458008,0,1
74.830499738,0,0
74.830540986,0,1
74.830564290,1,1
74.830583702,1,0
74.830624948,1,1
74.830646448,0,1
74.830666680,0,0
74.830710396,0,1
74.830733700,1,1
74.830753112,1,0
74.830791396,1,1
74.830834112,1,0
74.830878816,1,1
74.830896714,1,0
74.837946560,1,1
74.843965816,0,1
74.843977650,0,0
74.844020374,0,1
74.844062098,0,0
74.844103344,0,1
74.844145070,0,0
74.844186316,0,1
74.844209620,1,1
74.844229028,1,0
74.844270270,1,1
74.844291774,0,1
74.844312006,0,0
74.844353254,0,1
74.844376558,1,1
74.844395966,1,0
74.844437212,1,1
74.844479924,1,0
74.844521166,1,1
74.844542666,0,1
74.844562898,0,0
74.844604148,0,1
74.844645874,0,0
74.844689594,0,1
74.844731320,0,0
74.844769602,0,1
74.844792908,1,1
74.844812316,1,0
74.844857016,1,1
74.844875266,1,0
74.845943832,1,1
74.871222824,1,0
74.871491338,0,0
74.872262850,0,1
74.872379926,0,0
74.872381608,1,0
74.872421174,1,1
74.872462908,1,0
74.872464666,0,0
74.872504166,0,1
74.872546880,0,0
74.872549108,1,0
74.872588128,1,1
74.872629858,1,0
74.872671102,1,1
74.872712828,1,0
74.872714488,0,0
74.872754082,0,1
74.872796796,0,0
74.872798918,1,0
74.872838042,1,1
74.872879774,1,0
74.872921014,1,1
74.872962738,1,0
74.873003980,1,1
74.873047182,1,0
74.873088418,1,1
74.873131126,1,0
74.873172366,1,1
74.873205710,0,1
74.873219028,0,0
74.873260290,0,1
74.873283606,1,1
74.873555896,0,1
74.873567730,0,0
74.873610460,0,1
74.873652194,0,0
74.873693444,0,1
74.873716744,1,1
74.873736154,1,0
74.873777400,1,1
74.873798898,0,1
74.873819128,0,0
74.873860372,0,1
74.873883678,1,1
74.873903088,1,0
74.873944330,1,1
74.873987042,1,0
74.874028286,1,1
74.874071000,1,0
74.874112238,1,1
74.874154950,1,0
74.874196192,1,1
74.874238902,1,0
74.874282610,1,1
74.874325326,1,0
74.874363604,1,1
74.874406314,1,0
74.874451010,1,1
74.874463654,1,0
74.874732208,0,0
74.875503632,0,1
74.875544344,0,0
74.875585588,0,1
74.875628290,0,0
74.875669528,0,1
74.875712230,0,0
74.875753468,0,1
74.875796170,0,0
74.875837412,0,1
74.875880124,0,0
74.875921366,0,1
74.875964070,0,0
74.876005312,0,1
74.876048018,0,0
74.876089258,0,1
74.876131964,0,0
74.876173206,0,1
74.876217386,0,0
74.876219502,1,0
74.876258616,1,1
74.876258618,1,0
74.876258622,1,1
74.876301320,1,0
74.876342546,1,1
74.876375884,0,1
74.876389198,0,0
74.876430438,0,1
74.876453730,1,1
74.876797278,0,1
74.876809088,0,0
74.876851730,0,1
74.876893370,0,0
74.876934536,0,1
74.876957790,1,1
74.876977158,1,0
74.877018310,1,1
74.877039770,0,1
74.877059958,0,0
74.877101116,0,1
74.877124366,1,1
74.877143734,1,0
74.877184900,1,1
74.877227556,1,0
74.877268732,1,1
74.877311376,1,0
74.877352546,1,1
74.877352552,1,0
74.877352554,1,1
74.877395188,1,0
74.877436354,1,1
74.877478996,1,0
74.877522628,1,1
74.877565266,1,0
74.877603482,1,1
74.877646122,1,0
74.877690738,1,1
74.877702660,1,0
74.877703906,1,1
74.905467894,0,1
74.905479704,0,0
74.905522344,0,1
74.905563990,0,0
74.905605158,0,1
74.905646810,0,0
74.905687976,0,1
74.905729624,0,0
74.905770792,0,1
74.905812438,0,0
74.905853602,0,1
74.905876860,1,1
74.905896236,1,0
74.905937396,1,1
74.905980028,1,0
74.906021186,1,1
74.906063816,1,0
74.906104968,1,1
74.906147600,1,0
74.906191218,1,1
74.906233850,1,0
74.906272052,1,1
74.906314688,1,0
74.906359300,1,1
74.909992276,0,1
74.910004086,0,0
74.910046718,0,1
74.910088364,0,0
74.910129526,0,1
74.910171170,0,0
74.910212332,0,1
74.910235586,1,1
74.910254958,1,0
74.910296112,1,1
74.910317570,0,1
74.910337762,0,0
74.910378922,0,1
74.910402178,1,1
74.910421550,1,0
74.910462714,1,1
74.910505348,1,0
74.910546502,1,1
74.910567964,0,1
74.910588160,0,0
74.910629322,0,1
74.910670968,0,0
74.910714592,0,1
74.910756240,0,0
74.910794446,0,1
74.910817704,1,1
74.910837078,1,0
74.910881690,1,1
74.918922828,1,0
74.925939934,1,1
74.932513382,0,1
74.932525192,0,0
74.932567828,0,1
74.932609476,0,0
74.932650640,0,1
74.932692282,0,0
74.932733442,0,1
74.932775090,0,0
74.932816250,0,1
74.932857900,0,0
74.932899066,0,1
74.932922322,1,1
74.932941692,1,0
74.932982840,1,1
74.933025458,1,0
74.933066610,1,1
74.933109252,1,0
74.933150418,1,1
74.933193048,1,0
74.933236666,1,1
74.933279296,1,0
74.933317496,1,1
74.933360124,1,0
74.933404732,1,1
74.937040582,0,1
74.937052394,0,0
74.937095030,0,1
74.937136672,0,0
74.937177830,0,1
74.937201088,1,1
74.937220462,1,0
74.937261618,1,1
74.937283074,0,1
74.937303264,0,0
74.937344424,0,1
74.937386070,0,0
74.937427224,0,1
74.937468872,0,0
74.937510032,0,1
74.937551678,0,0
74.937592842,0,1
74.937616098,1,1
74.937635470,1,0
74.937676624,1,1
74.937698082,0,1
74.937718274,0,0
74.937761900,0,1
74.937785152,1,1
74.937804524,1,0
74.937842724,1,1
74.937885358,1,0
74.937929960,1,1
74.945623466,1,0
74.949939742,1,1
74.950395124,0,1
74.950406936,0,0
74.950449574,0,1
74.950491222,0,0
74.950532380,0,1
74.950574030,0,0
74.950615192,0,1
74.950656838,0,0
74.950698002,0,1
74.950739648,0,0
74.950780808,0,1
74.950804062,1,1
74.950823438,1,0
74.950864592,1,1
74.950907224,1,0
74.950948380,1,1
74.950991010,1,0
74.951032162,1,1
74.951074786,1,0
74.951118404,1,1
74.951161032,1,0
74.951199228,1,1
74.951241864,1,0
74.951286470,1,1
74.954915344,0,1
74.954927154,0,0
74.954969790,0,1
74.954993044,1,1
74.955012420,1,0
74.955053582,1,1
74.955096216,1,0
74.955137376,1,1
74.955158836,0,1
74.955179028,0,0
74.955220192,0,1
74.955243448,1,1
74.955262820,1,0
74.955303978,1,1
74.955346608,1,0
74.955387764,1,1
74.955430392,1,0
74.955471546,1,1
74.955493006,0,1
74.955513196,0,0
74.955554358,0,1
74.955596008,0,0
74.955639632,0,1
74.955681278,0,0
74.955719482,0,1
74.955742738,1,1
74.955762110,1,0
74.955806714,1,1
74.963081366,1,0
74.965941076,1,1
74.975277632,0,1
74.975289442,0,0
74.975332074,0,1
74.975355328,1,1
74.975374698,1,0
74.975415850,1,1
74.975458470,1,0
74.975499618,1,1
74.975521074,0,1
74.975541260,0,0
74.975582416,0,1
74.975605674,1,1
74.975625044,1,0
74.975666198,1,1
74.975708824,1,0
74.975749978,1,1
74.975792604,1,0
74.975833752,1,1
74.975855212,0,1
74.975875402,0,0
74.975916556,0,1
74.975958196,0,0
74.976001816,0,1
74.976043460,0,0
74.976081656,0,1
74.976104906,1,1
74.976124278,1,0
74.976168882,1,1
74.976187044,1,0
74.981947666,1,1
74.982989800,0,1
74.983001610,0,0
74.983044242,0,1
74.983085886,0,0
74.983127046,0,1
74.983150300,1,1
74.983169670,1,0
74.983210826,1,1
74.983232286,0,1
74.983252474,0,0
74.983293634,0,1
74.983335276,0,0
74.983376438,0,1
74.983418082,0,0
74.983459240,0,1
74.983500888,0,0
74.983542046,0,1
74.983565302,1,1
74.983584676,1,0
74.983625836,1,1
74.983647296,0,1
74.983667486,0,0
74.983711108,0,1
74.983734362,1,1
74.983753736,1,0
74.983791934,1,1
74.983834566,1,0
74.983879170,1,1
74.983897130,1,0
74.989940008,1,1
75.094375470,1,0
75.094647812,0,0
75.095418928,0,1
75.095917800,0,0
75.095919240,1,0
75.095958954,1,1
75.096000600,1,0
75.096002250,0,0
75.096041760,0,1
75.096084388,0,0
75.096086640,1,0
75.096125538,1,1
75.096167178,1,0
75.096208328,1,1
75.096249970,1,0
75.096251922,0,0
75.096291126,0,1
75.096333754,0,0
75.096335296,1,0
75.096374910,1,1
75.096416548,1,0
75.096457702,1,1
75.096499340,1,0
75.096540484,1,1
75.096583604,1,0
75.096624754,1,1
75.096667372,1,0
75.096708514,1,1
75.096741794,0,1
75.096755084,0,0
75.096796248,0,1
75.096819500,1,1
75.097091168,0,1
75.097102978,0,0
75.097145610,0,1
75.097187246,0,0
75.097228400,0,1
75.097251648,1,1
75.097271018,1,0
75.097312160,1,1
75.097333616,0,1
75.097353800,0,0
75.097394952,0,1
75.097418202,1,1
75.097437570,1,0
75.097478716,1,1
75.097521348,1,0
75.097562496,1,1
75.097605126,1,0
75.097646278,1,1
75.097688902,1,0
75.097730050,1,1
75.097772674,1,0
75.097816282,1,1
75.097858908,1,0
75.097897096,1,1
75.097939722,1,0
75.097984316,1,1
75.097998970,1,0
75.098271372,0,0
75.099042336,0,1
75.099081878,0,0
75.099123048,0,1
75.099165678,0,0
75.099206848,0,1
75.099249478,0,0
75.099251162,1,0
75.099290632,1,1
75.099332276,1,0
75.099334154,0,0
75.099373436,0,1
75.099416060,0,0
75.099457220,0,1
75.099499850,0,0
75.099541012,0,1
75.099583646,0,0
75.099624822,0,1
75.099667452,0,0
75.099708616,0,1
75.099752724,0,0
75.099793888,0,1
75.099833068,0,0
75.099835090,1,0
75.099874226,1,1
75.099907512,0,1
75.099920800,0,0
75.099961956,0,1
75.099985204,1,1
75.100323942,0,1
75.100335762,0,0
75.100378446,0,1
75.100420136,0,0
75.100461338,0,1
75.100484620,1,1
75.100504014,1,0
75.100545224,1,1
75.100566710,0,1
75.100586932,0,0
75.100628152,0,1
75.100651448,1,1
75.100670850,1,0
75.100712068,1,1
75.100754764,1,0
75.100795984,1,1
75.100838678,1,0
75.100879888,1,1
75.100879892,1,0
75.100879896,1,1
75.100922586,1,0
75.100963804,1,1
75.101006500,1,0
75.101050190,1,1
75.101092890,1,0
75.101131150,1,1
75.101173848,1,0
75.101218526,1,1
75.101233168,1,0
75.101234422,1,1
75.123365532,0,1
75.123377362,0,0
75.123420074,0,1
75.123461792,0,0
75.123503026,0,1
75.123544740,0,0
75.123585974,0,1
75.123627696,0,0
75.123668930,0,1
75.123710648,0,0
75.123751882,0,1
75.123775180,1,1
75.123794582,1,0
75.123835812,1,1
75.123878514,1,0
75.123919744,1,1
75.123962446,1,0
75.124003682,1,1
75.124046382,1,0
75.124090078,1,1
75.124132786,1,0
75.124171050,1,1
75.124213748,1,0
75.124258434,1,1
75.127900748,0,1
75.127912580,0,0
75.127955296,0,1
75.127997010,0,0
75.128038248,0,1
75.128061548,1,1
75.128080950,1,0
75.128122180,1,1
75.128143674,0,1
75.128163902,0,0
75.128205140,0,1
75.128246854,0,0
75.128288086,0,1
75.128329810,0,0
75.128371044,0,1
75.128412762,0,0
75.128453998,0,1
75.128477298,1,1
75.128496700,1,0
75.128537928,1,1
75.128559426,0,1
75.128579656,0,0
75.128623362,0,1
75.128646658,1,1
75.128666064,1,0
75.128704336,1,1
75.128747046,1,0
75.128791734,1,1
75.136694440,1,0
75.141940152,1,1
75.147257198,0,1
75.147269028,0,0
75.147311744,0,1
75.147353466,0,0
75.147394702,0,1
75.147418002,1,1
75.147437408,1,0
75.147478642,1,1
75.147500136,0,1
75.147520362,0,0
75.147561596,0,1
75.147603320,0,0
75.147644554,0,1
75.147686274,0,0
75.147727512,0,1
75.147769230,0,0
75.147810466,0,1
75.147833768,1,1
75.147853176,1,0
75.147894410,1,1
75.147915904,0,1
75.147936132,0,0
75.147979838,0,1
75.148003140,1,1
75.148022544,1,0
75.148060812,1,1
75.148103516,1,0
75.148148204,1,1
75.148166128,1,0
75.149947562,1,1
75.326716328,1,0
75.326984806,0,0
75.327756258,0,1
75.327923076,0,0
75.327925092,1,0
75.327964328,1,1
75.328006074,1,0
75.328007168,0,0
75.328047352,0,1
75.328090078,0,0
75.328091618,1,0
75.328131326,1,1
75.328173050,1,0
75.328214292,1,1
75.328256016,1,0
75.328257948,0,0
75.328297262,0,1
75.328339980,0,0
75.328341360,1,0
75.328381218,1,1
75.328422938,1,0
75.328464180,1,1
75.328505912,1,0
75.328547156,1,1
75.328590366,1,0
75.328631608,1,1
75.328674314,1,0
75.328715552,1,1
75.328748904,0,1
75.328762224,0,0
75.328803478,0,1
75.328826780,1,1
75.329099034,0,1
75.329110866,0,0
75.329153590,0,1
75.329195312,0,0
75.329236560,0,1
75.329259864,1,1
75.329279270,1,0
75.329320512,1,1
75.329342012,0,1
75.329362244,0,0
75.329403494,0,1
75.329426798,1,1
75.329446208,1,0
75.329487452,1,1
75.329530170,1,0
75.329571412,1,1
75.329614132,1,0
75.329655378,1,1
75.329698092,1,0
75.329739332,1,1
75.329782048,1,0
75.329825760,1,1
75.329868476,1,0
75.329906760,1,1
75.329949472,1,0
75.329994172,1,1
75.330008900,1,0
75.330281440,0,0
75.331052980,0,1
75.331094182,0,0
75.331135442,0,1
75.331178160,0,0
75.331219420,0,1
75.331262140,0,0
75.331303394,0,1
75.331346118,0,0
75.331387380,0,1
75.331430098,0,0
75.331471358,0,1
75.331514084,0,0
75.331555340,0,1
75.331598070,0,0
75.331639336,0,1
75.331682052,0,0
75.331723308,0,1
75.331767510,0,0
75.331769060,1,0
75.331808756,1,1
75.331851480,1,0
75.331892726,1,1
75.331926076,0,1
75.331939396,0,0
75.331980654,0,1
75.332003960,1,1
75.332347650,0,1
75.332359468,0,0
75.332402126,0,1
75.332443788,0,0
75.332484964,0,1
75.332508228,1,1
75.332527608,1,0
75.332568778,1,1
75.332590246,0,1
75.332610442,0,0
75.332651616,0,1
75.332674882,1,1
75.332694260,1,0
75.332735428,1,1
75.332778072,1,0
75.332819242,1,1
75.332861880,1,0
75.332903046,1,1
75.332945688,1,0
75.332986852,1,1
75.333029496,1,0
75.333073130,1,1
75.333115766,1,0
75.333153972,1,1
75.333196608,1,0
75.333241220,1,1
75.333256424,1,0
75.333257672,1,1
75.376004056,0,1
75.376015866,0,0
75.376058504,0,1
75.376100148,0,0
75.376141308,0,1
75.376182942,0,0
75.376224092,0,1
75.376265740,0,0
75.376306916,0,1
75.376348560,0,0
75.376389718,0,1
75.376412974,1,1
75.376432348,1,0
75.376473504,1,1
75.376516132,1,0
75.376557286,1,1
75.376599926,1,0
75.376641082,1,1
75.376683710,1,0
75.376727328,1,1
75.376769956,1,0
75.376808154,1,1
75.376850788,1,0
75.376895394,1,1
75.380524806,0,1
75.380536616,0,0
75.380579250,0,1
75.380602506,1,1
75.380621878,1,0
75.380663036,1,1
75.380705668,1,0
75.380746832,1,1
75.380768292,0,1
75.380788486,0,0
75.380829650,0,1
75.380852910,1,1
75.380872282,1,0
75.380913440,1,1
75.380956076,1,0
75.380997238,1,1
75.381039872,1,0
75.381081030,1,1
75.381102488,0,1
75.381122680,0,0
75.381163842,0,1
75.381205488,0,0
75.381249114,0,1
75.381290766,0,0
75.381328970,0,1
75.381352228,1,1
75.381371602,1,0
75.381416216,1,1
75.389505976,1,0
75.389939646,1,1
75.526863292,1,0
75.527135644,0,0
75.527906580,0,1
75.528041088,0,0
75.528043292,1,0
75.528082242,1,1
75.528123878,1,0
75.528125292,0,0
75.528165034,0,1
75.528207658,0,0
75.528209672,1,0
75.528248808,1,1
75.528290444,1,0
75.528331590,1,1
75.528373228,1,0
75.528374944,0,0
75.528414384,0,1
75.528457006,0,0
75.528459316,1,0
75.528498152,1,1
75.528539788,1,0
75.528580932,1,1
75.528622568,1,0
75.528663710,1,1
75.528706822,1,0
75.528747968,1,1
75.528790590,1,0
75.528831730,1,1
75.528865010,0,1
75.528878300,0,0
75.528919462,0,1
75.528942720,1,1
75.529214378,0,1
75.529226186,0,0
75.529268814,0,1
75.529310446,0,0
75.529351594,0,1
75.529374846,1,1
75.529394216,1,0
75.529435362,1,1
75.529456820,0,1
75.529477008,0,0
75.529518164,0,1
75.529541416,1,1
75.529560786,1,0
75.529601944,1,1
75.529644574,1,0
75.529685724,1,1
75.529728348,1,0
75.529769494,1,1
75.529812116,1,0
75.529853266,1,1
75.529895888,1,0
75.529939502,1,1
75.529982126,1,0
75.530020316,1,1
75.530062944,1,0
75.530107542,1,1
75.530121960,1,0
75.530390338,0,0
75.531161332,0,1
75.531205154,0,0
75.531246328,0,1
75.531288962,0,0
75.531330130,0,1
75.531372766,0,0
75.531374204,1,0
75.531413922,1,1
75.531455566,1,0
75.531457216,0,0
75.531496728,0,1
75.531539364,0,0
75.531580532,0,1
75.531623166,0,0
75.531664334,0,1
75.531706966,0,0
75.531748136,0,1
75.531790766,0,0
75.531831934,0,1
75.531876048,0,0
75.531917210,0,1
75.531956394,0,0
75.531958324,1,0
75.531997546,1,1
75.532030832,0,1
75.532044124,0,0
75.532085290,0,1
75.532108544,1,1
75.532447436,0,1
75.532459264,0,0
75.532501962,0,1
75.532543668,0,0
75.532584896,0,1
75.532608188,1,1
75.532627590,1,0
75.532668816,1,1
75.532690308,0,1
75.532710532,0,0
75.532751760,0,1
75.532775054,1,1
75.532794456,1,0
75.532835680,1,1
75.532878372,1,0
75.532919590,1,1
75.532962288,1,0
75.533003512,1,1
75.533046206,1,0
75.533087434,1,1
75.533130134,1,0
75.533173830,1,1
75.533216534,1,0
75.533254796,1,1
75.533297494,1,0
75.533342176,1,1
75.533356864,1,0
75.533358106,1,1
75.533978810,0,1
75.533990640,0,0
75.534033350,0,1
75.534056644,1,1
75.534076046,1,0
75.534117272,1,1
75.534159974,1,0
75.534201196,1,1
75.534222688,0,1
75.534242914,0,0
75.534284144,0,1
75.534325854,0,0
75.534367088,0,1
75.534390382,1,1
75.534409786,1,0
75.534451014,1,1
75.534493712,1,0
75.534534938,1,1
75.534534944,1,0
75.534534948,1,1
75.534556430,0,1
75.534576652,0,0
75.534617886,0,1
75.534659602,0,0
75.534703302,0,1
75.534726598,1,1
75.534746002,1,0
75.534784268,1,1
75.534826964,1,0
75.534871640,1,1
75.534889670,1,0
75.541939630,1,1
75.544534678,0,1
75.544546510,0,0
75.544589228,0,1
75.544630950,0,0
75.544672186,0,1
75.544713904,0,0
75.544755140,0,1
75.544796856,0,0
75.544838090,0,1
75.544879812,0,0
75.544921044,0,1
75.544944338,1,1
75.544963742,1,0
75.545004974,1,1
75.545047676,1,0
75.545088906,1,1
75.545131610,1,0
75.545172840,1,1
75.545215544,1,0
75.545259240,1,1
75.545301944,1,0
75.545340210,1,1
75.545382912,1,0
75.545427594,1,1
75.549069816,0,1
75.549081648,0,0
75.549124358,0,1
75.549166072,0,0
75.549207306,0,1
75.549230602,1,1
75.549250006,1,0
75.549291234,1,1
75.549312728,0,1
75.549332954,0,0
75.549374188,0,1
75.549415900,0,0
75.549457138,0,1
75.549498846,0,0
75.549540068,0,1
75.549581792,0,0
75.549623048,0,1
75.549646346,1,1
75.549665748,1,0
75.549706980,1,1
75.549728478,0,1
75.549748702,0,0
75.549792402,0,1
75.549815702,1,1
75.549835108,1,0
75.549873384,1,1
75.549916096,1,0
75.549960786,1,1
75.557986900,1,0
75.565939706,1,1
75.567642996,0,1
75.567654828,0,0
75.567697546,0,1
75.567739260,0,0
75.567780496,0,1
75.567822216,0,0
75.567863454,0,1
75.567905172,0,0
75.567946412,0,1
75.567988130,0,0
75.568029364,0,1
75.568052662,1,1
75.568072066,1,0
75.568113294,1,1
75.568113298,1,0
75.568113302,1,1
75.568156002,1,0
75.568197234,1,1
75.568239942,1,0
75.568281174,1,1
75.568323880,1,0
75.568367580,1,1
75.568410284,1,0
75.568448552,1,1
75.568491256,1,0
75.568535942,1,1
75.572174320,0,1
75.572186150,0,0
75.572228860,0,1
75.572252158,1,1
75.572271560,1,0
75.572312790,1,1
75.572355494,1,0
75.572396728,1,1
75.572418220,0,1
75.572438446,0,0
75.572479678,0,1
75.572521396,0,0
75.572562636,0,1
75.572585932,1,1
75.572605336,1,0
75.572646566,1,1
75.572689270,1,0
75.572730498,1,1
75.572751992,0,1
75.572772218,0,0
75.572813454,0,1
75.572855170,0,0
75.572898876,0,1
75.572922174,1,1
75.572941580,1,0
75.572979844,1,1
75.573022548,1,0
75.573067234,1,1
75.580586968,1,0
75.581939712,1,1
75.758864812,1,0
75.759133360,0,0
75.759904894,0,1
75.760039230,0,0
75.760040696,1,0
75.760080478,1,1
75.760122206,1,0
75.760123750,0,0
75.760163452,0,1
75.760206162,0,0
75.760208168,1,0
75.760247406,1,1
75.760289130,1,0
75.760330374,1,1
75.760372104,1,0
75.760373526,0,0
75.760413358,0,1
75.760456076,0,0
75.760457942,1,0
75.760497320,1,1
75.760539046,1,0
75.760580288,1,1
75.760622014,1,0
75.760663256,1,1
75.760706458,1,0
75.760747698,1,1
75.760790408,1,0
75.760831644,1,1
75.760864996,0,1
75.760878314,0,0
75.760919576,0,1
75.760942886,1,1
75.761215154,0,1
75.761226988,0,0
75.761269714,0,1
75.761311442,0,0
75.761352688,0,1
75.761375992,1,1
75.761395400,1,0
75.761436646,1,1
75.761458146,0,1
75.761478378,0,0
75.761519630,0,1
75.761542930,1,1
75.761562340,1,0
75.761603582,1,1
75.761646298,1,0
75.761687540,1,1
75.761730250,1,0
75.761771492,1,1
75.761814206,1,0
75.761855452,1,1
75.761898168,1,0
75.761941886,1,1
75.761984600,1,0
75.762022878,1,1
75.762065590,1,0
75.762110282,1,1
75.762125422,1,0
75.762397910,0,0
75.763169334,0,1
75.763210268,0,0
75.763251542,0,1
75.763294258,0,0
75.763335518,0,1
75.763378242,0,0
75.763419496,0,1
75.763462214,0,0
75.763503474,0,1
75.763546190,0,0
75.763587448,0,1
75.763630170,0,0
75.763671428,0,1
75.763714142,0,0
75.763755398,0,1
75.763798118,0,0
75.763839378,0,1
75.763883578,0,0
75.763885310,1,0
75.763924826,1,1
75.763967540,1,0
75.764008784,1,1
75.764042134,0,1
75.764055452,0,0
75.764096708,0,1
75.764120016,1,1
75.764463684,0,1
75.764475500,0,0
75.764518158,0,1
75.764559820,0,0
75.764601002,0,1
75.764624268,1,1
75.764643644,1,0
75.764684818,1,1
75.764706282,0,1
75.764726478,0,0
75.764767652,0,1
75.764790918,1,1
75.764810296,1,0
75.764851468,1,1
75.764894110,1,0
75.764935282,1,1
75.764977922,1,0
75.765019088,1,1
75.765061732,1,0
75.765102902,1,1
75.765145544,1,0
75.765189178,1,1
75.765231820,1,0
75.765270030,1,1
75.765312674,1,0
75.765357298,1,1
75.765372804,1,0
75.765374050,1,1
75.847344850,0,1
75.847356660,0,0
75.847399296,0,1
75.847422552,1,1
75.847441920,1,0
75.847483072,1,1
75.847525700,1,0
75.847566848,1,1
75.847588308,0,1
75.847608498,0,0
75.847649658,0,1
75.847672914,1,1
75.847692282,1,0
75.847733434,1,1
75.847776062,1,0
75.847817212,1,1
75.847859838,1,0
75.847900990,1,1
75.847922450,0,1
75.847942638,0,0
75.847983794,0,1
75.848025438,0,0
75.848069060,0,1
75.848110704,0,0
75.848148908,0,1
75.848172164,1,1
75.848191536,1,0
75.848236138,1,1
75.848253598,1,0
75.853939016,1,1
75.867963964,0,1
75.867975772,0,0
75.868018388,0,1
75.868060012,0,0
75.868101154,0,1
75.868142784,0,0
75.868183930,0,1
75.868225560,0,0
75.868266706,0,1
75.868308332,0,0
75.868349478,0,1
75.868372724,1,1
75.868392088,1,0
75.868433224,1,1
75.868475840,1,0
75.868516976,1,1
75.868559590,1,0
75.868600734,1,1
75.868643348,1,0
75.868686950,1,1
75.868729562,1,0
75.868767742,1,1
75.868810356,1,0
75.868854942,1,1
75.872483782,0,1
75.872495592,0,0
75.872538230,0,1
75.872561484,1,1
75.872580860,1,0
75.872622016,1,1
75.872664648,1,0
75.872705804,1,1
75.872727260,0,1
75.872747450,0,0
75.872788608,0,1
75.872811864,1,1
75.872831234,1,0
75.872872382,1,1
75.872915012,1,0
75.872956170,1,1
75.872998796,1,0
75.873039946,1,1
75.873061404,0,1
75.873081594,0,0
75.873122748,0,1
75.873164390,0,0
75.873208012,0,1
75.873249654,0,0
75.873287850,0,1
75.873311104,1,1
75.873330476,1,0
75.873375080,1,1
75.880654644,1,0
75.885939158,1,1
76.166490454,1,0
76.166762884,0,0
76.167534126,0,1
76.168058208,0,0
76.168059538,1,0
76.168099358,1,1
76.168140998,1,0
76.168142566,0,0
76.168182156,0,1
76.168224782,0,0
76.168226970,1,0
76.168265930,1,1
76.168307566,1,0
76.168348708,1,1
76.168390342,1,0
76.168392268,0,0
76.168431494,0,1
76.168474114,0,0
76.168475660,1,0
76.168515260,1,1
76.168556902,1,0
76.168598050,1,1
76.168639688,1,0
76.168680828,1,1
76.168723940,1,0
76.168765082,1,1
76.168807704,1,0
76.168848850,1,1
76.168882134,0,1
76.168895424,0,0
76.168936588,0,1
76.168959844,1,1
76.169231490,0,1
76.169243298,0,0
76.169285926,0,1
76.169327562,0,0
76.169368708,0,1
76.169391956,1,1
76.169411324,1,0
76.169452468,1,1
76.169473922,0,1
76.169494106,0,0
76.169535256,0,1
76.169558504,1,1
76.169577876,1,0
76.169619026,1,1
76.169661656,1,0
76.169702806,1,1
76.169745426,1,0
76.169786572,1,1
76.169829196,1,0
76.169870346,1,1
76.169912968,1,0
76.169956576,1,1
76.169956580,1,0
76.169956582,1,1
76.169999204,1,0
76.170037390,1,1
76.170080016,1,0
76.170124610,1,1
76.170138462,1,0
76.170410828,0,0
76.171181888,0,1
76.171222182,0,0
76.171263348,0,1
76.171305982,0,0
76.171347142,0,1
76.171389778,0,0
76.171391710,1,0
76.171430932,1,1
76.171472572,1,0
76.171473728,0,0
76.171513732,0,1
76.171556360,0,0
76.171597522,0,1
76.171640152,0,0
76.171681316,0,1
76.171723942,0,0
76.171765104,0,1
76.171807734,0,0
76.171848896,0,1
76.171893008,0,0
76.171934172,0,1
76.171973352,0,0
76.171974762,1,0
76.172014506,1,1
76.172047790,0,1
76.172061080,0,0
76.172102240,0,1
76.172125492,1,1
76.172464356,0,1
76.172476182,0,0
76.172518878,0,1
76.172560582,0,0
76.172601810,0,1
76.172625096,1,1
76.172644496,1,0
76.172685718,1,1
76.172707206,0,1
76.172727426,0,0
76.172768646,0,1
76.172791938,1,1
76.172811338,1,0
76.172852562,1,1
76.172895254,1,0
76.172936472,1,1
76.172979170,1,0
76.173020388,1,1
76.173063080,1,0
76.173104300,1,1
76.173146994,1,0
76.173190682,1,1
76.173233376,1,0
76.173271634,1,1
76.173314322,1,0
76.173358994,1,1
76.173373062,1,0
76.173374310,1,1
76.248526582,0,1
76.248538412,0,0
76.248581126,0,1
76.248604426,1,1
76.248623832,1,0
76.248665064,1,1
76.248707772,1,0
76.248749000,1,1
76.248770496,0,1
76.248790720,0,0
76.248831956,0,1
76.248855250,1,1
76.248874654,1,0
76.248915884,1,1
76.248958590,1,0
76.248999822,1,1
76.249042528,1,0
76.249083758,1,1
76.249105254,0,1
76.249125482,0,0
76.249166716,0,1
76.249208432,0,0
76.249252142,0,1
76.249293862,0,0
76.249332134,0,1
76.249355432,1,1
76.249374838,1,0
76.249419530,1,1
76.249437400,1,0
76.253938168,1,1
76.256113774,0,1
76.256125606,0,0
76.256168326,0,1
76.256210048,0,0
76.256251282,0,1
76.256274584,1,1
76.256293988,1,0
76.256335224,1,1
76.256356722,0,1
76.256376950,0,0
76.256418186,0,1
76.256459908,0,0
76.256501144,0,1
76.256542862,0,0
76.256584106,0,1
76.256625828,0,0
76.256667068,0,1
76.256690368,1,1
76.256709776,1,0
76.256751010,1,1
76.256772504,0,1
76.256792732,0,0
76.256836444,0,1
76.256859746,1,1
76.256879152,1,0
76.256917422,1,1
76.256960132,1,0
76.257004820,1,1
76.257023266,1,0
76.261938522,1,1
76.273732598,0,1
76.273744430,0,0
76.273787146,0,1
76.273828862,0,0
76.273870104,0,1
76.273911828,0,0
76.273953068,0,1
76.273994786,0,0
76.274036028,0,1
76.274077748,0,0
76.274118988,0,1
76.274142290,1,1
76.274161696,1,0
76.274202932,1,1
76.274245638,1,0
76.274286876,1,1
76.274329584,1,0
76.274370818,1,1
76.274413530,1,0
76.274457234,1,1
76.274499940,1,0
76.274538216,1,1
76.274580924,1,0
76.274625618,1,1
76.278268222,0,1
76.278280056,0,0
76.278322776,0,1
76.278364498,0,0
76.278405734,0,1
76.278429036,1,1
76.278448442,1,0
76.278489688,1,1
76.278511186,0,1
76.278531416,0,0
76.278572656,0,1
76.278614384,0,0
76.278655624,0,1
76.278697348,0,0
76.278738590,0,1
76.278780312,0,0
76.278821554,0,1
76.278844858,1,1
76.278864264,1,0
76.278905500,1,1
76.278926998,0,1
76.278947224,0,0
76.278990934,0,1
76.279014240,1,1
76.279033646,1,0
76.279071916,1,1
76.279114626,1,0
76.279159318,1,1
76.285961024,0,1
76.285972858,0,0
76.286015580,0,1
76.286057306,0,0
76.286098550,0,1
76.286140274,0,0
76.286181518,0,1
76.286223246,0,0
76.286264488,0,1
76.286306214,0,0
76.286347458,0,1
76.286370758,1,1
76.286390164,1,0
76.286431400,1,1
76.286474108,1,0
76.286515338,1,1
76.286558046,1,0
76.286599290,1,1
76.286642002,1,0
76.286685710,1,1
76.286728426,1,0
76.286766704,1,1
76.286809418,1,0
76.286854114,1,1
76.290489878,0,1
76.290501710,0,0
76.290544424,0,1
76.290567722,1,1
76.290587128,1,0
76.290628360,1,1
76.290671074,1,0
76.290712308,1,1
76.290733804,0,1
76.290754030,0,0
76.290795274,0,1
76.290818574,1,1
76.290837978,1,0
76.290879214,1,1
76.290921922,1,0
76.290963156,1,1
76.291005860,1,0
76.291047088,1,1
76.291068578,0,1
76.291088796,0,0
76.291130028,0,1
76.291171754,0,0
76.291215458,0,1
76.291257174,0,0
76.291295446,0,1
76.291318746,1,1
76.291338150,1,0
76.291382840,1,1
76.298826244,1,0
76.301939228,1,1
76.350705086,1,0
76.350709078,0,0
76.351748642,0,1
76.351919610,0,0
76.351921500,1,0
76.351960850,1,1
76.352002574,1,0
76.352004550,0,0
76.352043826,0,1
76.352086534,0,0
76.352087978,1,0
76.352127770,1,1
76.352169494,1,0
76.352210732,1,1
76.352252454,1,0
76.352254350,0,0
76.352293700,0,1
76.352336402,0,0
76.352337770,1,0
76.352377636,1,1
76.352419356,1,0
76.352460590,1,1
76.352502304,1,0
76.352543542,1,1
76.352586744,1,0
76.352627980,1,1
76.352670686,1,0
76.352711920,1,1
76.352745264,0,1
76.352758580,0,0
76.352799832,0,1
76.352823138,1,1
76.353095360,0,1
76.353107192,0,0
76.353149908,0,1
76.353191632,0,0
76.353232872,0,1
76.353256170,1,1
76.353275574,1,0
76.353316814,1,1
76.353338312,0,1
76.353358540,0,0
76.353399782,0,1
76.353423086,1,1
76.353442494,1,0
76.353483730,1,1
76.353526440,1,0
76.353567680,1,1
76.353610390,1,0
76.353651624,1,1
76.353694330,1,0
76.353735566,1,1
76.353778272,1,0
76.353821974,1,1
76.353864686,1,0
76.353902958,1,1
76.353945668,1,0
76.353990364,1,1
76.354005324,1,0
76.354273830,0,0
76.355045258,0,1
76.355090216,0,0
76.355131474,0,1
76.355174188,0,0
76.355215440,0,1
76.355258156,0,0
76.355299410,0,1
76.355342124,0,0
76.355383378,0,1
76.355426094,0,0
76.355467348,0,1
76.355510060,0,0
76.355551312,0,1
76.355594032,0,0
76.355635284,0,1
76.355678002,0,0
76.355719258,0,1
76.355763454,0,0
76.355765318,1,0
76.355804696,1,1
76.355847412,1,0
76.355888650,1,1
76.355921998,0,1
76.355935318,0,0
76.355976570,0,1
76.355999872,1,1
76.356343498,0,1
76.356355314,0,0
76.356397964,0,1
76.356439620,0,0
76.356480792,0,1
76.356504056,1,1
76.356523432,1,0
76.356564596,1,1
76.356586060,0,1
76.356606256,0,0
76.356647424,0,1
76.356670684,1,1
76.356690058,1,0
76.356731224,1,1
76.356773862,1,0
76.356815018,1,1
76.356857660,1,0
76.356898820,1,1
76.356941456,1,0
76.356982616,1,1
76.357025252,1,0
76.357068874,1,1
76.357111512,1,0
76.357149714,1,1
76.357192348,1,0
76.357236956,1,1
76.357248620,1,0
76.357249872,1,1
76.534863460,1,0
76.535131834,0,0
76.535903150,0,1
76.536430846,0,0
76.536432624,1,0
76.536472016,1,1
76.536513696,1,0
76.536515642,0,0
76.536554902,0,1
76.536597552,0,0
76.536599050,1,0
76.536638734,1,1
76.536680416,1,0
76.536721600,1,1
76.536763266,1,0
76.536764362,0,0
76.536804470,0,1
76.536847110,0,0
76.536848744,1,0
76.536888270,1,1
76.536929930,1,0
76.536971114,1,1
76.537012794,1,0
76.537053972,1,1
76.537097116,1,0
76.537138288,1,1
76.537180932,1,0
76.537222108,1,1
76.537255404,0,1
76.537268700,0,0
76.537309874,0,1
76.537333136,1,1
76.537604964,0,1
76.537616780,0,0
76.537659436,0,1
76.537701098,0,0
76.537742280,0,1
76.537765544,1,1
76.537784924,1,0
76.537826094,1,1
76.537847562,0,1
76.537867762,0,0
76.537908936,0,1
76.537932210,1,1
76.537951602,1,0
76.537992802,1,1
76.538035452,1,0
76.538076642,1,1
76.538119316,1,0
76.538160498,1,1
76.538203164,1,0
76.538244348,1,1
76.538286998,1,0
76.538330640,1,1
76.538373288,1,0
76.538411498,1,1
76.538454146,1,0
76.538498768,1,1
76.538511724,1,0
76.538780136,0,0
76.539551354,0,1
76.539597176,0,0
76.539638362,0,1
76.539681018,0,0
76.539722212,0,1
76.539764860,0,0
76.539766194,1,0
76.539806044,1,1
76.539847714,1,0
76.539849206,0,0
76.539888900,0,1
76.539931550,0,0
76.539972736,0,1
76.540015390,0,0
76.540056574,0,1
76.540099234,0,0
76.540140424,0,1
76.540183076,0,0
76.540224276,0,1
76.540268436,0,0
76.540309630,0,1
76.540348844,0,0
76.540350288,1,0
76.540390048,1,1
76.540423366,0,1
76.540436664,0,0
76.540477862,0,1
76.540501138,1,1
76.540840200,0,1
76.540852032,0,0
76.540894756,0,1
76.540936474,0,0
76.540977732,0,1
76.541001048,1,1
76.541020468,1,0
76.541061714,1,1
76.541083222,0,1
76.541103464,0,0
76.541144732,0,1
76.541168042,1,1
76.541187454,1,0
76.541228696,1,1
76.541271422,1,0
76.541312688,1,1
76.541355422,1,0
76.541396674,1,1
76.541439420,1,0
76.541480680,1,1
76.541480684,1,0
76.541480688,1,1
76.541523410,1,0
76.541567144,1,1
76.541609866,1,0
76.541648152,1,1
76.541690872,1,0
76.541735566,1,1
76.541750780,1,0
76.541752020,1,1
76.599907514,0,1
76.599919358,0,0
76.599962118,0,1
76.599985448,1,1
76.600004872,1,0
76.600046152,1,1
76.600088908,1,0
76.600130194,1,1
76.600151714,0,1
76.600171962,0,0
76.600213242,0,1
76.600236572,1,1
76.600255998,1,0
76.600297276,1,1
76.600340028,1,0
76.600381312,1,1
76.600424066,1,0
76.600465344,1,1
76.600486862,0,1
76.600507114,0,0
76.600548400,0,1
76.600590166,0,0
76.600633924,0,1
76.600675692,0,0
76.600714012,0,1
76.600737336,1,1
76.600756762,1,0
76.600801508,1,1
76.600819600,1,0
76.605938096,1,1
76.620578334,0,1
76.620590176,0,0
76.620632932,0,1
76.620674678,0,0
76.620715948,0,1
76.620757702,0,0
76.620798964,0,1
76.620840710,0,0
76.620881994,0,1
76.620923760,0,0
76.620965036,0,1
76.620988354,1,1
76.621007780,1,0
76.621049068,1,1
76.621091814,1,0
76.621133094,1,1
76.621175832,1,0
76.621217092,1,1
76.621259832,1,0
76.621303586,1,1
76.621346336,1,0
76.621384640,1,1
76.621427394,1,0
76.621472132,1,1
76.625110558,0,1
76.625122400,0,0
76.625165162,0,1
76.625188490,1,1
76.625207918,1,0
76.625249186,1,1
76.625291926,1,0
76.625333194,1,1
76.625354704,0,1
76.625374944,0,0
76.625416208,0,1
76.625439524,1,1
76.625458946,1,0
76.625500208,1,1
76.625542942,1,0
76.625584200,1,1
76.625626938,1,0
76.625668208,1,1
76.625689724,0,1
76.625709972,0,0
76.625751268,0,1
76.625793036,0,0
76.625836788,0,1
76.625878550,0,0
76.625916854,0,1
76.625940170,1,1
76.625959588,1,0
76.626004304,1,1
76.633885574,1,0
76.637938504,1,1
76.726362174,1,0
76.726634740,0,0
76.727406354,0,1
76.727841882,0,0
76.727843816,1,0
76.727883128,1,1
76.727924862,1,0
76.727926886,0,0
76.727966118,0,1
76.728008834,0,0
76.728010330,1,0
76.728050082,1,1
76.728091812,1,0
76.728133056,1,1
76.728174790,1,0
76.728176726,0,0
76.728216048,0,1
76.728258762,0,0
76.728260152,1,0
76.728300004,1,1
76.728341734,1,0
76.728382976,1,1
76.728424708,1,0
76.728465952,1,1
76.728509162,1,0
76.728550404,1,1
76.728593126,1,0
76.728634372,1,1
76.728667724,0,1
76.728681044,0,0
76.728722310,0,1
76.728745626,1,1
76.729017930,0,1
76.729029764,0,0
76.729072494,0,1
76.729114224,0,0
76.729155472,0,1
76.729178774,1,1
76.729198182,1,0
76.729239432,1,1
76.729260932,0,1
76.729281164,0,0
76.729322414,0,1
76.729345718,1,1
76.729365128,1,0
76.729406374,1,1
76.729449086,1,0
76.729490334,1,1
76.729533052,1,0
76.729574296,1,1
76.729617022,1,0
76.729658270,1,1
76.729700986,1,0
76.729744700,1,1
76.729787416,1,0
76.729825690,1,1
76.729868408,1,0
76.729913112,1,1
76.729927902,1,0
76.730196444,0,0
76.730968010,0,1
76.731013166,0,0
76.731054428,0,1
76.731097150,0,0
76.731138406,0,1
76.731181126,0,0
76.731222382,0,1
76.731265100,0,0
76.731306356,0,1
76.731349078,0,0
76.731390332,0,1
76.731433054,0,0
76.731474314,0,1
76.731517032,0,0
76.731558288,0,1
76.731601010,0,0
76.731642270,0,1
76.731686466,0,0
76.731688086,1,0
76.731727714,1,1
76.731770434,1,0
76.731811676,1,1
76.731845032,0,1
76.731858354,0,0
76.731899614,0,1
76.731922920,1,1
76.732266584,0,1
76.732278400,0,0
76.732321054,0,1
76.732362712,0,0
76.732403890,0,1
76.732427158,1,1
76.732446534,1,0
76.732487706,1,1
76.732509172,0,1
76.732529370,0,0
76.732570542,0,1
76.732593806,1,1
76.732613186,1,0
76.732654356,1,1
76.732697002,1,0
76.732738170,1,1
76.732780812,1,0
76.732821978,1,1
76.732864622,1,0
76.732905788,1,1
76.732948426,1,0
76.732992056,1,1
76.733034698,1,0
76.733072906,1,1
76.733115546,1,0
76.733160160,1,1
76.733175412,1,0
76.733176654,1,1
76.798692006,0,1
76.798703818,0,0
76.798746456,0,1
76.798788100,0,0
76.798829262,0,1
76.798852518,1,1
76.798871890,1,0
76.798913046,1,1
76.798934510,0,1
76.798954702,0,0
76.798995866,0,1
76.799037510,0,0
76.799078672,0,1
76.799120320,0,0
76.799161482,0,1
76.799203130,0,0
76.799244290,0,1
76.799267544,1,1
76.799286916,1,0
76.799328070,1,1
76.799349532,0,1
76.799369724,0,0
76.799413348,0,1
76.799436604,1,1
76.799455976,1,0
76.799494174,1,1
76.799536808,1,0
76.799581414,1,1
76.799600102,1,0
76.805937880,1,1
76.806126556,0,1
76.806138368,0,0
76.806181008,0,1
76.806204262,1,1
76.806223634,1,0
76.806264794,1,1
76.806307428,1,0
76.806348584,1,1
76.806370044,0,1
76.806390234,0,0
76.806431394,0,1
76.806454652,1,1
76.806474026,1,0
76.806515184,1,1
76.806557816,1,0
76.806598978,1,1
76.806641614,1,0
76.806682774,1,1
76.806704232,0,1
76.806724424,0,0
76.806765586,0,1
76.806807236,0,0
76.806850866,0,1
76.806892512,0,0
76.806930716,0,1
76.806953972,1,1
76.806973346,1,0
76.807017956,1,1
76.807035766,1,0
76.813937266,1,1
76.824301184,0,1
76.824312996,0,0
76.824355630,0,1
76.824397274,0,0
76.824438432,0,1
76.824480078,0,0
76.824521238,0,1
76.824562882,0,0
76.824604044,0,1
76.824645696,0,0
76.824686858,0,1
76.824710116,1,1
76.824729490,1,0
76.824770654,1,1
76.824813286,1,0
76.824854442,1,1
76.824897076,1,0
76.824938236,1,1
76.824980864,1,0
76.825024488,1,1
76.825067120,1,0
76.825105318,1,1
76.825147954,1,0
76.825192562,1,1
76.828828536,0,1
76.828840348,0,0
76.828882988,0,1
76.828924634,0,0
76.828965800,0,1
76.828989056,1,1
76.829008430,1,0
76.829049592,1,1
76.829071052,0,1
76.829091246,0,0
76.829132406,0,1
76.829174056,0,0
76.829215220,0,1
76.829256870,0,0
76.829298030,0,1
76.829339680,0,0
76.829380842,0,1
76.829404104,1,1
76.829423478,1,0
76.829464638,1,1
76.829486096,0,1
76.829506288,0,0
76.829549914,0,1
76.829573170,1,1
76.829592550,1,0
76.829630762,1,1
76.829673400,1,0
76.829718006,1,1
76.833350178,0,1
76.833361988,0,0
76.833404626,0,1
76.833446270,0,0
76.833487430,0,1
76.833529078,0,0
76.833570236,0,1
76.833611888,0,0
76.833653054,0,1
76.833694704,0,0
76.833735868,0,1
76.833759126,1,1
76.833778498,1,0
76.833819656,1,1
76.833862292,1,0
76.833903448,1,1
76.833946082,1,0
76.833987240,1,1
76.834029872,1,0
76.834073492,1,1
76.834116126,1,0
76.834154322,1,1
76.834196958,1,0
76.834241560,1,1
76.837870590,0,1
76.837882404,0,0
76.837925048,0,1
76.837948308,1,1
76.837967680,1,0
76.838008838,1,1
76.838051474,1,0
76.838092632,1,1
76.838114090,0,1
76.838134282,0,0
76.838175440,0,1
76.838198696,1,1
76.838218068,1,0
76.838259220,1,1
76.838301854,1,0
76.838343008,1,1
76.838385640,1,0
76.838426794,1,1
76.838448254,0,1
76.838468442,0,0
76.838509602,0,1
76.838551244,0,0
76.838594868,0,1
76.838636514,0,0
76.838674718,0,1
76.838697972,1,1
76.838717346,1,0
76.838761954,1,1
76.846590690,1,0
76.853939476,1,1
76.961854296,0,1
76.961866106,0,0
76.961908732,0,1
76.961931978,1,1
76.961951346,1,0
76.961992482,1,1
76.962035100,1,0
76.962076232,1,1
76.962097686,0,1
76.962117870,0,0
76.962159020,0,1
76.962182270,1,1
76.962201636,1,0
76.962242776,1,1
76.962285398,1,0
76.962326538,1,1
76.962369156,1,0
76.962410298,1,1
76.962431754,0,1
76.962451940,0,0
76.962493090,0,1
76.962534726,0,0
76.962578340,0,1
76.962619978,0,0
76.962658172,0,1
76.962681424,1,1
76.962700794,1,0
76.962745384,1,1
76.962745388,1,0
76.962745390,1,1
76.962763332,1,0
76.965944974,1,1
76.966377590,0,1
76.966389398,0,0
76.966432026,0,1
76.966455274,1,1
76.966474644,1,0
76.966515790,1,1
76.966558418,1,0
76.966599586,1,1
76.966621048,0,1
76.966641240,0,0
76.966682398,0,1
76.966724046,0,0
76.966765208,0,1
76.966788460,1,1
76.966807834,1,0
76.966848994,1,1
76.966891624,1,0
76.966932780,1,1
76.966954240,0,1
76.966974432,0,0
76.967015598,0,1
76.967057242,0,0
76.967100862,0,1
76.967124116,1,1
76.967143488,1,0
76.967181680,1,1
76.967224306,1,0
76.967268904,1,1
76.967286070,1,0
76.973936890,1,1
76.987041896,0,1
76.987053706,0,0
76.987096330,0,1
76.987137966,0,0
76.987179120,0,1
76.987220760,0,0
76.987261912,0,1
76.987303546,0,0
76.987344694,0,1
76.987386328,0,0
76.987427480,0,1
76.987450728,1,1
76.987470098,1,0
76.987511242,1,1
76.987553864,1,0
76.987595014,1,1
76.987637636,1,0
76.987678784,1,1
76.987721410,1,0
76.987765022,1,1
76.987807648,1,0
76.987845844,1,1
76.987888466,1,0
76.987933062,1,1
76.991561338,0,1
76.991573148,0,0
76.991615778,0,1
76.991639032,1,1
76.991658402,1,0
76.991699548,1,1
76.991742172,1,0
76.991783316,1,1
76.991804772,0,1
76.991824960,0,0
76.991866114,0,1
76.991889368,1,1
76.991908738,1,0
76.991949884,1,1
76.991992508,1,0
76.992033660,1,1
76.992076284,1,0
76.992117428,1,1
76.992138882,0,1
76.992159068,0,0
76.992200216,0,1
76.992241848,0,0
76.992285464,0,1
76.992327100,0,0
76.992365290,0,1
76.992388536,1,1
76.992407906,1,0
76.992452500,1,1
76.996083736,0,1
76.996095546,0,0
76.996138174,0,1
76.996179804,0,0
76.996220942,0,1
76.996262580,0,0
76.996303740,0,1
76.996345382,0,0
76.996386534,0,1
76.996428170,0,0
76.996469322,0,1
76.996492572,1,1
76.996511942,1,0
76.996553084,1,1
76.996595708,1,0
76.996636856,1,1
76.996679478,1,0
76.996720624,1,1
76.996763250,1,0
76.996806864,1,1
76.996849486,1,0
76.996887676,1,1
76.996930302,1,0
76.996974896,1,1
77.000606038,0,1
77.000617846,0,0
77.000660470,0,1
77.000683724,1,1
77.000703094,1,0
77.000744242,1,1
77.000786862,1,0
77.000828006,1,1
77.000849460,0,1
77.000869644,0,0
77.000910794,0,1
77.000952434,0,0
77.000993586,0,1
77.001016838,1,1
77.001036210,1,0
77.001077364,1,1
77.001119992,1,0
77.001161140,1,1
77.001182596,0,1
77.001202784,0,0
77.001243938,0,1
77.001285580,0,0
77.001329202,0,1
77.001352454,1,1
77.001371828,1,0
77.001410016,1,1
77.001452646,1,0
77.001497248,1,1
77.008866540,1,0
77.013932464,1,1
77.029913524,1,0
77.030185858,0,0
77.030956860,0,1
77.031060384,0,0
77.031062522,1,0
77.031101536,1,1
77.031143174,1,0
77.031144526,0,0
77.031184334,0,1
77.031226962,0,0
77.031228916,1,0
77.031268112,1,1
77.031309756,1,0
77.031350906,1,1
77.031392546,1,0
77.031394188,0,0
77.031433698,0,1
77.031476324,0,0
77.031478566,1,0
77.031517474,1,1
77.031559110,1,0
77.031600260,1,1
77.031641910,1,0
77.031683058,1,1
77.031726178,1,0
77.031767324,1,1
77.031809940,1,0
77.031851082,1,1
77.031884360,0,1
77.031897648,0,0
77.031938810,0,1
77.031962070,1,1
77.032233752,0,1
77.032245562,0,0
77.032288190,0,1
77.032329830,0,0
77.032370984,0,1
77.032394236,1,1
77.032413606,1,0
77.032454750,1,1
77.032476206,0,1
77.032496392,0,0
77.032537548,0,1
77.032560800,1,1
77.032580168,1,0
77.032621314,1,1
77.032663940,1,0
77.032705090,1,1
77.032747710,1,0
77.032788858,1,1
77.032831484,1,0
77.032872628,1,1
77.032915252,1,0
77.032958862,1,1
77.033001486,1,0
77.033039678,1,1
77.033082304,1,0
77.033126900,1,1
77.033140218,1,0
77.033408580,0,0
77.034179604,0,1
77.034224514,0,0
77.034265680,0,1
77.034308310,0,0
77.034349478,0,1
77.034392112,0,0
77.034393482,1,0
77.034433264,1,1
77.034474908,1,0
77.034476502,0,0
77.034516074,0,1
77.034558700,0,0
77.034599866,0,1
77.034642500,0,0
77.034683658,0,1
77.034726290,0,0
77.034767458,0,1
77.034810086,0,0
77.034851246,0,1
77.034895360,0,0
77.034936526,0,1
77.034975704,0,0
77.034977516,1,0
77.035016860,1,1
77.035050142,0,1
77.035063432,0,0
77.035104594,0,1
77.035127848,1,1
77.035466716,0,1
77.035478542,0,0
77.035521236,0,1
77.035562940,0,0
77.035604162,0,1
77.035627452,1,1
77.035646854,1,0
77.035688074,1,1
77.035709564,0,1
77.035729784,0,0
77.035771002,0,1
77.035794296,1,1
77.035813696,1,0
77.035854922,1,1
77.035897618,1,0
77.035938842,1,1
77.035981538,1,0
77.036022758,1,1
77.036065456,1,0
77.036106676,1,1
77.036149370,1,0
77.036193060,1,1
77.036235756,1,0
77.036274008,1,1
77.036316702,1,0
77.036361376,1,1
77.036374952,1,0
77.036376204,1,1
77.230426100,1,0
77.230694482,0,0
77.231465934,0,1
77.233034830,0,0
77.233036574,1,0
77.233076074,1,1
77.233076076,1,0
77.233076080,1,1
77.233117804,1,0
77.233119616,0,0
77.233159050,0,1
77.233201764,0,0
77.233204024,1,0
77.233243008,1,1
77.233284728,1,0
77.233325968,1,1
77.233367694,1,0
77.233369386,0,0
77.233408940,0,1
77.233451654,0,0
77.233453814,1,0
77.233492894,1,1
77.233534618,1,0
77.233575856,1,1
77.233617584,1,0
77.233658822,1,1
77.233702028,1,0
77.233743264,1,1
77.233785972,1,0
77.233827210,1,1
77.233860558,0,1
77.233873878,0,0
77.233915134,0,1
77.233938442,1,1
77.234210736,0,1
77.234222570,0,0
77.234265294,0,1
77.234307016,0,0
77.234348258,0,1
77.234371556,1,1
77.234390968,1,0
77.234432206,1,1
77.234453702,0,1
77.234473932,0,0
77.234515176,0,1
77.234538476,1,1
77.234557882,1,0
77.234599120,1,1
77.234641834,1,0
77.234683074,1,1
77.234725784,1,0
77.234767026,1,1
77.234809738,1,0
77.234850976,1,1
77.234893686,1,0
77.234937394,1,1
77.234980102,1,0
77.235018376,1,1
77.235061088,1,0
77.235105776,1,1
77.235117490,1,0
77.235385998,0,0
77.236157462,0,1
77.236199278,0,0
77.236240536,0,1
77.236283254,0,0
77.236324512,0,1
77.236367230,0,0
77.236408484,0,1
77.236451198,0,0
77.236492452,0,1
77.236535168,0,0
77.236576420,0,1
77.236619140,0,0
77.236660388,0,1
77.236703100,0,0
77.236744354,0,1
77.236787070,0,0
77.236828326,0,1
77.236872530,0,0
77.236874476,1,0
77.236913776,1,1
77.236956490,1,0
77.236997732,1,1
77.237031084,0,1
77.237044402,0,0
77.237085658,0,1
77.237108960,1,1
77.237452582,0,1
77.237464396,0,0
77.237507044,0,1
77.237548706,0,0
77.237589884,0,1
77.237613148,1,1
77.237632524,1,0
77.237673694,1,1
77.237673700,1,0
77.237673704,1,1
77.237695160,0,1
77.237715356,0,0
77.237756528,0,1
77.237779788,1,1
77.237799166,1,0
77.237840332,1,1
77.237882976,1,0
77.237924146,1,1
77.237966796,1,0
77.238007960,1,1
77.238050606,1,0
77.238091772,1,1
77.238134408,1,0
77.238178040,1,1
77.238220678,1,0
77.238258882,1,1
77.238301518,1,0
77.238346130,1,1
77.238360754,1,0
77.238361998,1,1
77.285061032,0,1
77.285072844,0,0
77.285115488,0,1
77.285138744,1,1
77.285158116,1,0
77.285199276,1,1
77.285241908,1,0
77.285283062,1,1
77.285304522,0,1
77.285324714,0,0
77.285365876,0,1
77.285389132,1,1
77.285408506,1,0
77.285449666,1,1
77.285492298,1,0
77.285533460,1,1
77.285576094,1,0
77.285617258,1,1
77.285638722,0,1
77.285658916,0,0
77.285700084,0,1
77.285741734,0,0
77.285785366,0,1
77.285827018,0,0
77.285865232,0,1
77.285888496,1,1
77.285907874,1,0
77.285952484,1,1
77.285970572,1,0
77.293937530,1,1
77.295433718,0,1
77.295445532,0,0
77.295488174,0,1
77.295529826,0,0
77.295570992,0,1
77.295594252,1,1
77.295613628,1,0
77.295654790,1,1
77.295676250,0,1
77.295696444,0,0
77.295737610,0,1
77.295779262,0,0
77.295820428,0,1
77.295862084,0,0
77.295903252,0,1
77.295944904,0,0
77.295986072,0,1
77.296009330,1,1
77.296028706,1,0
77.296069870,1,1
77.296091332,0,1
77.296111528,0,0
77.296155160,0,1
77.296178418,1,1
77.296197796,1,0
77.296236002,1,1
77.296278638,1,0
77.296323250,1,1
77.296341904,1,0
77.301939106,1,1
77.311114478,0,1
77.311126292,0,0
77.311168938,0,1
77.311210590,0,0
77.311251754,0,1
77.311293406,0,0
77.311334574,0,1
77.311376228,0,0
77.311417394,0,1
77.311459048,0,0
77.311500214,0,1
77.311523474,1,1
77.311542848,1,0
77.311584014,1,1
77.311626652,1,0
77.311667814,1,1
77.311710456,1,0
77.311751618,1,1
77.311794258,1,0
77.311837888,1,1
77.311880526,1,0
77.311918734,1,1
77.311961372,1,0
77.312005984,1,1
77.315635474,0,1
77.315647288,0,0
77.315689930,0,1
77.315713190,1,1
77.315732566,1,0
77.315773728,1,1
77.315816364,1,0
77.315857530,1,1
77.315878990,0,1
77.315899184,0,0
77.315940352,0,1
77.315963610,1,1
77.315982988,1,0
77.316024150,1,1
77.316066788,1,0
77.316107948,1,1
77.316150586,1,0
77.316191746,1,1
77.316213208,0,1
77.316233402,0,0
77.316274568,0,1
77.316316220,0,0
77.316359850,0,1
77.316401504,0,0
77.316439712,0,1
77.316462974,1,1
77.316482350,1,0
77.316526966,1,1
77.320159424,0,1
77.320171236,0,0
77.320213874,0,1
77.320255524,0,0
77.320296684,0,1
77.320338336,0,0
77.320379496,0,1
77.320421146,0,0
77.320462314,0,1
77.320503966,0,0
77.320545132,0,1
77.320568392,1,1
77.320587770,1,0
77.320628934,1,1
77.320671570,1,0
77.320712732,1,1
77.320755370,1,0
77.320796530,1,1
77.320839164,1,0
77.320882792,1,1
77.320925428,1,0
77.320963632,1,1
77.321006266,1,0
77.321050876,1,1
77.324687020,0,1
77.324698832,0,0
77.324741468,0,1
77.324783114,0,0
77.324824278,0,1
77.324847536,1,1
77.324866910,1,0
77.324908066,1,1
77.324929528,0,1
77.324949720,0,0
77.324990882,0,1
77.325032528,0,0
77.325073690,0,1
77.325115340,0,0
77.325156504,0,1
77.325198154,0,0
77.325239320,0,1
77.325262580,1,1
77.325281954,1,0
77.325323112,1,1
77.325344574,0,1
77.325364764,0,0
77.325408390,0,1
77.325431650,1,1
77.325451022,1,0
77.325489226,1,1
77.325531856,1,0
77.325576466,1,1
77.333560268,1,0
77.333937940,1,1
77.454739966,0,1
77.454751774,0,0
77.454794396,0,1
77.454817646,1,1
77.454837014,1,0
77.454878162,1,1
77.454920786,1,0
77.454961932,1,1
77.454983388,0,1
77.455003572,0,0
77.455044720,0,1
77.455067968,1,1
77.455087340,1,0
77.455128488,1,1
77.455171110,1,0
77.455212258,1,1
77.455254882,1,0
77.455296028,1,1
77.455317482,0,1
77.455337668,0,0
77.455378822,0,1
77.455420458,0,0
77.455464072,0,1
77.455505712,0,0
77.455543906,0,1
77.455567158,1,1
77.455586528,1,0
77.455631130,1,1
77.455648762,1,0
77.461937392,1,1
77.462351486,0,1
77.462363296,0,0
77.462405924,0,1
77.462429178,1,1
77.462448548,1,0
77.462489694,1,1
77.462532316,1,0
77.462573462,1,1
77.462573464,1,0
77.462573468,1,1
77.462594924,0,1
77.462615112,0,0
77.462656258,0,1
77.462697900,0,0
77.462739052,0,1
77.462762302,1,1
77.462781672,1,0
77.462822820,1,1
77.462865452,1,0
77.462906604,1,1
77.462928062,0,1
77.462948252,0,0
77.462989412,0,1
77.463031054,0,0
77.463074676,0,1
77.463097932,1,1
77.463117302,1,0
77.463155498,1,1
77.463198126,1,0
77.463242728,1,1
77.463260672,1,0
77.469936582,1,1
77.483114838,0,1
77.483126650,0,0
77.483169282,0,1
77.483210922,0,0
77.483252074,0,1
77.483293720,0,0
77.483334874,0,1
77.483376516,0,0
77.483417676,0,1
77.483459316,0,0
77.483500470,0,1
77.483523724,1,1
77.483543096,1,0
77.483584250,1,1
77.483626880,1,0
77.483668034,1,1
77.483710654,1,0
77.483751790,1,1
77.483794420,1,0
77.483838048,1,1
77.483880672,1,0
77.483918860,1,1
77.483961486,1,0
77.484006082,1,1
77.487634474,0,1
77.487646284,0,0
77.487688912,0,1
77.487712160,1,1
77.487731530,1,0
77.487772678,1,1
77.487815298,1,0
77.487856444,1,1
77.487877902,0,1
77.487898090,0,0
77.487939240,0,1
77.487962490,1,1
77.487981858,1,0
77.488023006,1,1
77.488065630,1,0
77.488106776,1,1
77.488149402,1,0
77.488190548,1,1
77.488212002,0,1
77.488232186,0,0
77.488273338,0,1
77.488314976,0,0
77.488358592,0,1
77.488400236,0,0
77.488438436,0,1
77.488461686,1,1
77.488481056,1,0
77.488525656,1,1
77.495858018,1,0
77.501936658,1,1
77.505670392,0,1
77.505682204,0,0
77.505724832,0,1
77.505766468,0,0
77.505807618,0,1
77.505849264,0,0
77.505890420,0,1
77.505932056,0,0
77.505973210,0,1
77.506014848,0,0
77.506056000,0,1
77.506079254,1,1
77.506098624,1,0
77.506139772,1,1
77.506182394,1,0
77.506223542,1,1
77.506266168,1,0
77.506307310,1,1
77.506349936,1,0
77.506393544,1,1
77.506436168,1,0
77.506474360,1,1
77.506516982,1,0
77.506561572,1,1
77.510192746,0,1
77.510204552,0,0
77.510247178,0,1
77.510270428,1,1
77.510289798,1,0
77.510330944,1,1
77.510373562,1,0
77.510414708,1,1
77.510436162,0,1
77.510456346,0,0
77.510497496,0,1
77.510539130,0,0
77.510580280,0,1
77.510603530,1,1
77.510622898,1,0
77.510664046,1,1
77.510706672,1,0
77.510747816,1,1
77.510769266,0,1
77.510789454,0,0
77.510830604,0,1
77.510872240,0,0
77.510915856,0,1
77.510939108,1,1
77.510958478,1,0
77.510996670,1,1
77.511039290,1,0
77.511083888,1,1
77.518451638,1,0
77.525939178,1,1
77.618823538,0,1
77.618835346,0,0
77.618877968,0,1
77.618901222,1,1
77.618920590,1,0
77.618961736,1,1
77.619004356,1,0
77.619045498,1,1
77.619066954,0,1
77.619087138,0,0
77.619128286,0,1
77.619151536,1,1
77.619170904,1,0
77.619212048,1,1
77.619254674,1,0
77.619295820,1,1
77.619338442,1,0
77.619379588,1,1
77.619401042,0,1
77.619421228,0,0
77.619462376,0,1
77.619504016,0,0
77.619547628,0,1
77.619589268,0,0
77.619627480,0,1
77.619650740,1,1
77.619670118,1,0
77.619714726,1,1
77.619733118,1,0
77.621937612,1,1
77.623346950,0,1
77.623358758,0,0
77.623401390,0,1
77.623424638,1,1
77.623444008,1,0
77.623485154,1,1
77.623527774,1,0
77.623568918,1,1
77.623590378,0,1
77.623610564,0,0
77.623651714,0,1
77.623693354,0,0
77.623734504,0,1
77.623757754,1,1
77.623777126,1,0
77.623818280,1,1
77.623860906,1,0
77.623902058,1,1
77.623923514,0,1
77.623943702,0,0
77.623984852,0,1
77.624026490,0,0
77.624070108,0,1
77.624093360,1,1
77.624112730,1,0
77.624150922,1,1
77.624193546,1,0
77.624238142,1,1
77.624256226,1,0
77.629936488,1,1
77.641518202,0,1
77.641530006,0,0
77.641572618,0,1
77.641614244,0,0
77.641655380,0,1
77.641697000,0,0
77.641738130,0,1
77.641779752,0,0
77.641820886,0,1
77.641862512,0,0
77.641903652,0,1
77.641926896,1,1
77.641946260,1,0
77.641987404,1,1
77.642030046,1,0
77.642071214,1,1
77.642113850,1,0
77.642155000,1,1
77.642197626,1,0
77.642241236,1,1
77.642283866,1,0
77.642322056,1,1
77.642364676,1,0
77.642409274,1,1
77.646037730,0,1
77.646049540,0,0
77.646092168,0,1
77.646115422,1,1
77.646134792,1,0
77.646175944,1,1
77.646218572,1,0
77.646259722,1,1
77.646281178,0,1
77.646301366,0,0
77.646342520,0,1
77.646365774,1,1
77.646385142,1,0
77.646426292,1,1
77.646468920,1,0
77.646510074,1,1
77.646552698,1,0
77.646593854,1,1
77.646615310,0,1
77.646635500,0,0
77.646676652,0,1
77.646718294,0,0
77.646761912,0,1
77.646803552,0,0
77.646841748,0,1
77.646865002,1,1
77.646884374,1,0
77.646928972,1,1
77.650560442,0,1
77.650572252,0,0
77.650614892,0,1
77.650656536,0,0
77.650697692,0,1
77.650739334,0,0
77.650780492,0,1
77.650822136,0,0
77.650863290,0,1
77.650904934,0,0
77.650946088,0,1
77.650969340,1,1
77.650988710,1,0
77.651029858,1,1
77.651072486,1,0
77.651113634,1,1
77.651156258,1,0
77.651197410,1,1
77.651240038,1,0
77.651283652,1,1
77.651326278,1,0
77.651364468,1,1
77.651407092,1,0
77.651451690,1,1
77.655083048,0,1
77.655094858,0,0
77.655137492,0,1
77.655160742,1,1
77.655180110,1,0
77.655221258,1,1
77.655263886,1,0
77.655305030,1,1
77.655326486,0,1
77.655346672,0,0
77.655387824,0,1
77.655429466,0,0
77.655470616,0,1
77.655493870,1,1
77.655513238,1,0
77.655554386,1,1
77.655597012,1,0
77.655638162,1,1
77.655659616,0,1
77.655679804,0,0
77.655720954,0,1
77.655762592,0,0
77.655806208,0,1
77.655829464,1,1
77.655848834,1,0
77.655887030,1,1
77.655929658,1,0
77.655974256,1,1
77.663286842,1,0
77.669936990,1,1
77.779403354,0,1
77.779415166,0,0
77.779457798,0,1
77.779481054,1,1
77.779500426,1,0
77.779541582,1,1
77.779584212,1,0
77.779625368,1,1
77.779646828,0,1
77.779667018,0,0
77.779708176,0,1
77.779731430,1,1
77.779750806,1,0
77.779791962,1,1
77.779834600,1,0
77.779875754,1,1
77.779875758,1,0
77.779875762,1,1
77.779918392,1,0
77.779959546,1,1
77.779981004,0,1
77.780001196,0,0
77.780042354,0,1
77.780083994,0,0
77.780127606,0,1
77.780169246,0,0
77.780207440,0,1
77.780230690,1,1
77.780250056,1,0
77.780294652,1,1
77.780312922,1,0
77.781945222,1,1
77.783926434,0,1
77.783938242,0,0
77.783980868,0,1
77.784004112,1,1
77.784023472,1,0
77.784064614,1,1
77.784107248,1,0
77.784148410,1,1
77.784169868,0,1
77.784190050,0,0
77.784231198,0,1
77.784272830,0,0
77.784313980,0,1
77.784337232,1,1
77.784356602,1,0
77.784397750,1,1
77.784440370,1,0
77.784481514,1,1
77.784502968,0,1
77.784523152,0,0
77.784564298,0,1
77.784605942,0,0
77.784649556,0,1
77.784672806,1,1
77.784692176,1,0
77.784730366,1,1
77.784772990,1,0
77.784817582,1,1
77.784835802,1,0
77.789937044,1,1
77.804589760,0,1
77.804601570,0,0
77.804644194,0,1
77.804685836,0,0
77.804726988,0,1
77.804768626,0,0
77.804809780,0,1
77.804851418,0,0
77.804892568,0,1
77.804934208,0,0
77.804975360,0,1
77.804998610,1,1
77.805017978,1,0
77.805059124,1,1
77.805101750,1,0
77.805142896,1,1
77.805185516,1,0
77.805226662,1,1
77.805269286,1,0
77.805312894,1,1
77.805355520,1,0
77.805393706,1,1
77.805436326,1,0
77.805480920,1,1
77.809108966,0,1
77.809120776,0,0
77.809163402,0,1
77.809186652,1,1
77.809206020,1,0
77.809247168,1,1
77.809289786,1,0
77.809330928,1,1
77.809352380,0,1
77.809372564,0,0
77.809413712,0,1
77.809436962,1,1
77.809456328,1,0
77.809497468,1,1
77.809540090,1,0
77.809581234,1,1
77.809623858,1,0
77.809665008,1,1
77.809686464,0,1
77.809706650,0,0
77.809747802,0,1
77.809789440,0,0
77.809833050,0,1
77.809874692,0,0
77.809912888,0,1
77.809936142,1,1
77.809955512,1,0
77.810000106,1,1
77.813631274,0,1
77.813643090,0,0
77.813685742,0,1
77.813727410,0,0
77.813768590,0,1
77.813810258,0,0
77.813851446,0,1
77.813893118,0,0
77.813934300,0,1
77.813975966,0,0
77.814017144,0,1
77.814040410,1,1
77.814059790,1,0
77.814100968,1,1
77.814143630,1,0
77.814184808,1,1
77.814227464,1,0
77.814268634,1,1
77.814311264,1,0
77.814354880,1,1
77.814397508,1,0
77.814435696,1,1
77.814478320,1,0
77.814522920,1,1
77.818153958,0,1
77.818165768,0,0
77.818208392,0,1
77.818231644,1,1
77.818251010,1,0
77.818292150,1,1
77.818334774,1,0
77.818375914,1,1
77.818397366,0,1
77.818417550,0,0
77.818458696,0,1
77.818500326,0,0
77.818541474,0,1
77.818564726,1,1
77.818584096,1,0
77.818625240,1,1
77.818667866,1,0
77.818709014,1,1
77.818730466,0,1
77.818750650,0,0
77.818791794,0,1
77.818833428,0,0
77.818877038,0,1
77.818900284,1,1
77.818919652,1,0
77.818957838,1,1
77.819000458,1,0
77.819045046,1,1
77.826627210,1,0
77.829930620,1,1
77.845623812,1,0
77.845627796,0,0
77.846666618,0,1
77.846787622,0,0
77.846789304,1,0
77.846828778,1,1
77.846870432,1,0
77.846872340,0,0
77.846911592,0,1
77.846954222,0,0
77.846955748,1,0
77.846995372,1,1
77.847037014,1,0
77.847078158,1,1
77.847119796,1,0
77.847121068,0,0
77.847160956,0,1
77.847203578,0,0
77.847205470,1,0
77.847244724,1,1
77.847286364,1,0
77.847327510,1,1
77.847369144,1,0
77.847410292,1,1
77.847453406,1,0
77.847494546,1,1
77.847537170,1,0
77.847578314,1,1
77.847611596,0,1
77.847624884,0,0
77.847666044,0,1
77.847689300,1,1
77.847960962,0,1
77.847972768,0,0
77.848015396,0,1
77.848057032,0,0
77.848098184,0,1
77.848121434,1,1
77.848140802,1,0
77.848181946,1,1
77.848203400,0,1
77.848223586,0,0
77.848264732,0,1
77.848287984,1,1
77.848307354,1,0
77.848348502,1,1
77.848391124,1,0
77.848432266,1,1
77.848474878,1,0
77.848516022,1,1
77.848558650,1,0
77.848599802,1,1
77.848642422,1,0
77.848686030,1,1
77.848728658,1,0
77.848766848,1,1
77.848809472,1,0
77.848854074,1,1
77.848866456,1,0
77.849134878,0,0
77.849906096,0,1
77.849951666,0,0
77.849992832,0,1
77.850035472,0,0
77.850076638,0,1
77.850119268,0,0
77.850120984,1,0
77.850160422,1,1
77.850160426,1,0
77.850160428,1,1
77.850202068,1,0
77.850204010,0,0
77.850243226,0,1
77.850285856,0,0
77.850327020,0,1
77.850369648,0,0
77.850410814,0,1
77.850453444,0,0
77.850494602,0,1
77.850537232,0,0
77.850578392,0,1
77.850622512,0,0
77.850663676,0,1
77.850702858,0,0
77.850705148,1,0
77.850744012,1,1
77.850777294,0,1
77.850790588,0,0
77.850831760,0,1
77.850855018,1,1
77.851193904,0,1
77.851205732,0,0
77.851248428,0,1
77.851290130,0,0
77.851331356,0,1
77.851354646,1,1
77.851374048,1,0
77.851415266,1,1
77.851436756,0,1
77.851456978,0,0
77.851498202,0,1
77.851521496,1,1
77.851540894,1,0
77.851582114,1,1
77.851624818,1,0
77.851666038,1,1
77.851708736,1,0
77.851749960,1,1
77.851792656,1,0
77.851833878,1,1
77.851876576,1,0
77.851920260,1,1
77.851920262,1,0
77.851920266,1,1
77.851962960,1,0
77.852001226,1,1
77.852043924,1,0
77.852088598,1,1
77.852101628,1,0
77.852102876,1,1
77.936929360,0,1
77.936941192,0,0
77.936983906,0,1
77.937007200,1,1
77.937026606,1,0
77.937067838,1,1
77.937110544,1,0
77.937151772,1,1
77.937173268,0,1
77.937193492,0,0
77.937234724,0,1
77.937258022,1,1
77.937277426,1,0
77.937318658,1,1
77.937361364,1,0
77.937402598,1,1
77.937445306,1,0
77.937486542,1,1
77.937508038,0,1
77.937528264,0,0
77.937569500,0,1
77.937611224,0,0
77.937654932,0,1
77.937696656,0,0
77.937734934,0,1
77.937758230,1,1
77.937777634,1,0
77.937822324,1,1
77.937840152,1,0
77.941936406,1,1
77.944563534,0,1
77.944575366,0,0
77.944618090,0,1
77.944641392,1,1
77.944660798,1,0
77.944702034,1,1
77.944744738,1,0
77.944785974,1,1
77.944807468,0,1
77.944827694,0,0
77.944868930,0,1
77.944910654,0,0
77.944951896,0,1
77.944975194,1,1
77.944994598,1,0
77.945035834,1,1
77.945078546,1,0
77.945119782,1,1
77.945141276,0,1
77.945161504,0,0
77.945202744,0,1
77.945244462,0,0
77.945288168,0,1
77.945311470,1,1
77.945330876,1,0
77.945369150,1,1
77.945411858,1,0
77.945456550,1,1
77.945473944,1,0
77.949936894,1,1
77.964807520,0,1
77.964819354,0,0
77.964862074,0,1
77.964903796,0,0
77.964945038,0,1
77.964986762,0,0
77.965028006,0,1
77.965069730,0,0
77.965110978,0,1
77.965152700,0,0
77.965193942,0,1
77.965217242,1,1
77.965236652,1,0
77.965277894,1,1
77.965320602,1,0
77.965361838,1,1
77.965404552,1,0
77.965445788,1,1
77.965488498,1,0
77.965532202,1,1
77.965574910,1,0
77.965613188,1,1
77.965655902,1,0
77.965700594,1,1
77.969339248,0,1
77.969351082,0,0
77.969393796,0,1
77.969417098,1,1
77.969436504,1,0
77.969477740,1,1
77.969520450,1,0
77.969561688,1,1
77.969583188,0,1
77.969603420,0,0
77.969644656,0,1
77.969686382,0,0
77.969727624,0,1
77.969750922,1,1
77.969770328,1,0
77.969811566,1,1
77.969854278,1,0
77.969895514,1,1
77.969917008,0,1
77.969937236,0,0
77.969978476,0,1
77.970020200,0,0
77.970063914,0,1
77.970087216,1,1
77.970106624,1,0
77.970144894,1,1
77.970187602,1,0
77.970232294,1,1
77.977034392,0,1
77.977046224,0,0
77.977088946,0,1
77.977130668,0,0
77.977171912,0,1
77.977213636,0,0
77.977254876,0,1
77.977296602,0,0
77.977337844,0,1
77.977379562,0,0
77.977420806,0,1
77.977444110,1,1
77.977463516,1,0
77.977504756,1,1
77.977547470,1,0
77.977588718,1,1
77.977631430,1,0
77.977672670,1,1
77.977715388,1,0
77.977759096,1,1
77.977801810,1,0
77.977840092,1,1
77.977882802,1,0
77.977927498,1,1
77.981563450,0,1
77.981575284,0,0
77.981618008,0,1
77.981641312,1,1
77.981660716,1,0
77.981701952,1,1
77.981744664,1,0
77.981785902,1,1
77.981807398,0,1
77.981827628,0,0
77.981868878,0,1
77.981892184,1,1
77.981911594,1,0
77.981952838,1,1
77.981995552,1,0
77.982036798,1,1
77.982079514,1,0
77.982120750,1,1
77.982142248,0,1
77.982162476,0,0
77.982203710,0,1
77.982245424,0,0
77.982289132,0,1
77.982330850,0,0
77.982369124,0,1
77.982392426,1,1
77.982411834,1,0
77.982456530,1,1
77.990036270,1,0
77.997939010,1,1
78.032943262,0,1
78.032955096,0,0
78.032997820,0,1
78.033021118,1,1
78.033040522,1,0
78.033081756,1,1
78.033124464,1,0
78.033165702,1,1
78.033187198,0,1
78.033207428,0,0
78.033248670,0,1
78.033290396,0,0
78.033331634,0,1
78.033373356,0,0
78.033414602,0,1
78.033456330,0,0
78.033497574,0,1
78.033520878,1,1
78.033540286,1,0
78.033581524,1,1
78.033603022,0,1
78.033623252,0,0
78.033666966,0,1
78.033708688,0,0
78.033746966,0,1
78.033770268,1,1
78.033789678,1,0
78.033834374,1,1
78.033851958,1,0
78.037937148,1,1
78.044260382,0,1
78.044272216,0,0
78.044314942,0,1
78.044356666,0,0
78.044397916,0,1
78.044421220,1,1
78.044440628,1,0
78.044481868,1,1
78.044503368,0,1
78.044523600,0,0
78.044564852,0,1
78.044606580,0,0
78.044647830,0,1
78.044689564,0,0
78.044730814,0,1
78.044772540,0,0
78.044813794,0,1
78.044837100,1,1
78.044856508,1,0
78.044897754,1,1
78.044919256,0,1
78.044939490,0,0
78.044983212,0,1
78.045006512,1,1
78.045025922,1,0
78.045064204,1,1
78.045106918,1,0
78.045151616,1,1
78.045169140,1,0
78.045942496,1,1
78.118310442,0,1
78.118322274,0,0
78.118364998,0,1
78.118406720,0,0
78.118447970,0,1
78.118489696,0,0
78.118530938,0,1
78.118572662,0,0
78.118613912,0,1
78.118655638,0,0
78.118696880,0,1
78.118720184,1,1
78.118739592,1,0
78.118780832,1,1
78.118823540,1,0
78.118864782,1,1
78.118907496,1,0
78.118948734,1,1
78.118991452,1,0
78.119035162,1,1
78.119077878,1,0
78.119116158,1,1
78.119158874,1,0
78.119203570,1,1
78.122844082,0,1
78.122855914,0,0
78.122898638,0,1
78.122921944,1,1
78.122941352,1,0
78.122982594,1,1
78.123025308,1,0
78.123066552,1,1
78.123088052,0,1
78.123108284,0,0
78.123149532,0,1
78.123191260,0,0
78.123232510,0,1
78.123274236,0,0
78.123315484,0,1
78.123357210,0,0
78.123398452,0,1
78.123421754,1,1
78.123441162,1,0
78.123482404,1,1
78.123503902,0,1
78.123524132,0,0
78.123567852,0,1
78.123609582,0,0
78.123647868,0,1
78.123671174,1,1
78.123690586,1,0
78.123735292,1,1
78.127374880,0,1
78.127386716,0,0
78.127429442,0,1
78.127471172,0,0
78.127512420,0,1
78.127554148,0,0
78.127595396,0,1
78.127637128,0,0
78.127678382,0,1
78.127720112,0,0
78.127761366,0,1
78.127784672,1,1
78.127804084,1,0
78.127845330,1,1
78.127888052,1,0
78.127929298,1,1
78.127972018,1,0
78.128013264,1,1
78.128055986,1,0
78.128099698,1,1
78.128142420,1,0
78.128180702,1,1
78.128223416,1,0
78.128268116,1,1
78.131911612,0,1
78.131923448,0,0
78.131966172,0,1
78.132007896,0,0
78.132049140,0,1
78.132072446,1,1
78.132091856,1,0
78.132133096,1,1
78.132154598,0,1
78.132174830,0,0
78.132216082,0,1
78.132257814,0,0
78.132299064,0,1
78.132340798,0,0
78.132382048,0,1
78.132423776,0,0
78.132465026,0,1
78.132488332,1,1
78.132507742,1,0
78.132548984,1,1
78.132570488,0,1
78.132590724,0,0
78.132634446,0,1
78.132657754,1,1
78.132677164,1,0
78.132715448,1,1
78.132758168,1,0
78.132802870,1,1
78.140105114,1,0
78.141936658,1,1
78.207355510,0,1
78.207367346,0,0
78.207410078,0,1
78.207433384,1,1
78.207452794,1,0
78.207494042,1,1
78.207536760,1,0
78.207578010,1,1
78.207599514,0,1
78.207619748,0,0
78.207661004,0,1
78.207702736,0,0
78.207743988,0,1
78.207767294,1,1
78.207786702,1,0
78.207827950,1,1
78.207870672,1,0
78.207911918,1,1
78.207933420,0,1
78.207953654,0,0
78.207994906,0,1
78.208036636,0,0
78.208080356,0,1
78.208103662,1,1
78.208123072,1,0
78.208161358,1,1
78.208204078,1,0
78.208248782,1,1
78.208267506,1,0
78.213936674,1,1
78.221108030,0,1
78.221119868,0,0
78.221162600,0,1
78.221185908,1,1
78.221205318,1,0
78.221246568,1,1
78.221289290,1,0
78.221330536,1,1
78.221352040,0,1
78.221372276,0,0
78.221413526,0,1
78.221455256,0,0
78.221496512,0,1
78.221538244,0,0
78.221579496,0,1
78.221621236,0,0
78.221662492,0,1
78.221685796,1,1
78.221705208,1,0
78.221746458,1,1
78.221767962,0,1
78.221788194,0,0
78.221831918,0,1
78.221873660,0,0
78.221911958,0,1
78.221935268,1,1
78.221954680,1,0
78.221999388,1,1
78.222017236,1,0
78.229936754,1,1
78.246399466,1,0
78.246672016,0,0
78.247443636,0,1
78.247560802,0,0
78.247562388,1,0
78.247602054,1,1
78.247643792,1,0
78.247645458,0,0
78.247685066,0,1
78.247727796,0,0
78.247729916,1,0
78.247769044,1,1
78.247810778,1,0
78.247852032,1,1
78.247893768,1,0
78.247895308,0,0
78.247935030,0,1
78.247977752,0,0
78.247979758,1,0
78.248019004,1,1
78.248060738,1,0
78.248101990,1,1
78.248143724,1,0
78.248184972,1,1
78.248228186,1,0
78.248269432,1,1
78.248312148,1,0
78.248353394,1,1
78.248386748,0,1
78.248400068,0,0
78.248441328,0,1
78.248464636,1,1
78.248736934,0,1
78.248748770,0,0
78.248791496,0,1
78.248833230,0,0
78.248874484,0,1
78.248897788,1,1
78.248917200,1,0
78.248958446,1,1
78.248979946,0,1
78.249000182,0,0
78.249041434,0,1
78.249064742,1,1
78.249084148,1,0
78.249125398,1,1
78.249168118,1,0
78.249209362,1,1
78.249209366,1,0
78.249209368,1,1
78.249252088,1,0
78.249293338,1,1
78.249336056,1,0
78.249377302,1,1
78.249420020,1,0
78.249463734,1,1
78.249506454,1,0
78.249544744,1,1
78.249587466,1,0
78.249632172,1,1
78.249644488,1,0
78.249913042,0,0
78.250684676,0,1
78.250725940,0,0
78.250767212,0,1
78.250809956,0,0
78.250851250,0,1
78.250894000,0,0
78.250935276,0,1
78.250978008,0,0
78.251019276,0,1
78.251062004,0,0
78.251103274,0,1
78.251146004,0,0
78.251187268,0,1
78.251229994,0,0
78.251271254,0,1
78.251313980,0,0
78.251355242,0,1
78.251399454,0,0
78.251400890,1,0
78.251440706,1,1
78.251483432,1,0
78.251524688,1,1
78.251558042,0,1
78.251571364,0,0
78.251612630,0,1
78.251635944,1,1
78.251979664,0,1
78.251991482,0,0
78.252034146,0,1
78.252075814,0,0
78.252116990,0,1
78.252140260,1,1
78.252159640,1,0
78.252200816,1,1
78.252222284,0,1
78.252242482,0,0
78.252283664,0,1
78.252306930,1,1
78.252326310,1,0
78.252367482,1,1
78.252410128,1,0
78.252451302,1,1
78.252493948,1,0
78.252535120,1,1
78.252577772,1,0
78.252618948,1,1
78.252661594,1,0
78.252705236,1,1
78.252747884,1,0
78.252786094,1,1
78.252828746,1,0
78.252873368,1,1
78.252888646,1,0
78.252889892,1,1
78.304501018,0,1
78.304512828,0,0
78.304555466,0,1
78.304597116,0,0
78.304638278,0,1
78.304679930,0,0
78.304721098,0,1
78.304762746,0,0
78.304803908,0,1
78.304845556,0,0
78.304886720,0,1
78.304909976,1,1
78.304929348,1,0
78.304970506,1,1
78.305013142,1,0
78.305054296,1,1
78.305096932,1,0
78.305138090,1,1
78.305180724,1,0
78.305224348,1,1
78.305266980,1,0
78.305305178,1,1
78.305347808,1,0
78.305392416,1,1
78.309025654,0,1
78.309037466,0,0
78.309080108,0,1
78.309103362,1,1
78.309122736,1,0
78.309163898,1,1
78.309206532,1,0
78.309247690,1,1
78.309269152,0,1
78.309289344,0,0
78.309330510,0,1
78.309372160,0,0
78.309413328,0,1
78.309454980,0,0
78.309496146,0,1
78.309537798,0,0
78.309578966,0,1
78.309602226,1,1
78.309621602,1,0
78.309662764,1,1
78.309684224,0,1
78.309704416,0,0
78.309748042,0,1
78.309789690,0,0
78.309827902,0,1
78.309851164,1,1
78.309870544,1,0
78.309915168,1,1
78.317877128,1,0
78.325936368,1,1
78.328051952,0,1
78.328063764,0,0
78.328106402,0,1
78.328148050,0,0
78.328189218,0,1
78.328230870,0,0
78.328272036,0,1
78.328313692,0,0
78.328354862,0,1
78.328396512,0,0
78.328437682,0,1
78.328460946,1,1
78.328480320,1,0
78.328521486,1,1
78.328564126,1,0
78.328605296,1,1
78.328647932,1,0
78.328689096,1,1
78.328731730,1,0
78.328775350,1,1
78.328817988,1,0
78.328856194,1,1
78.328898826,1,0
78.328943438,1,1
78.332575760,0,1
78.332587572,0,0
78.332630218,0,1
78.332653474,1,1
78.332672850,1,0
78.332714010,1,1
78.332756644,1,0
78.332797802,1,1
78.332819258,0,1
78.332839448,0,0
78.332880606,0,1
78.332922254,0,0
78.332963412,0,1
78.332986668,1,1
78.333006040,1,0
78.333047198,1,1
78.333089828,1,0
78.333130986,1,1
78.333152448,0,1
78.333172640,0,0
78.333213808,0,1
78.333255462,0,0
78.333299098,0,1
78.333322356,1,1
78.333341730,1,0
78.333379930,1,1
78.333422566,1,0
78.333467174,1,1
78.341494902,1,0
78.341936048,1,1
78.381302262,0,1
78.381314072,0,0
78.381356706,0,1
78.381398350,0,0
78.381439508,0,1
78.381462762,1,1
78.381482132,1,0
78.381523286,1,1
78.381565916,1,0
78.381607070,1,1
78.381628530,0,1
78.381648722,0,0
78.381689882,0,1
78.381731528,0,0
78.381772690,0,1
78.381814334,0,0
78.381855500,0,1
78.381878762,1,1
78.381898140,1,0
78.381939306,1,1
78.381960766,0,1
78.381980958,0,0
78.382024584,0,1
78.382066232,0,0
78.382104436,0,1
78.382127694,1,1
78.382147064,1,0
78.382191672,1,1
78.382209306,1,0
78.389936368,1,1
78.389982450,0,1
78.389994264,0,0
78.390036918,0,1
78.390078570,0,0
78.390119734,0,1
78.390142992,1,1
78.390162368,1,0
78.390203528,1,1
78.390246162,1,0
78.390287320,1,1
78.390329954,1,0
78.390371114,1,1
78.390413746,1,0
78.390454908,1,1
78.390497540,1,0
78.390538700,1,1
78.390560162,0,1
78.390580354,0,0
78.390621528,0,1
78.390663182,0,0
78.390706816,0,1
78.390748466,0,0
78.390786672,0,1
78.390809930,1,1
78.390829306,1,0
78.390873918,1,1
78.390892460,1,0
78.397935834,1,1
78.672086540,0,1
78.672098350,0,0
78.672140978,0,1
78.672182618,0,0
78.672223772,0,1
78.672265410,0,0
78.672306564,0,1
78.672348200,0,0
78.672389354,0,1
78.672430990,0,0
78.672472142,0,1
78.672495394,1,1
78.672514764,1,0
78.672555910,1,1
78.672598538,1,0
78.672639688,1,1
78.672682312,1,0
78.672723456,1,1
78.672766082,1,0
78.672809694,1,1
78.672852318,1,0
78.672890512,1,1
78.672933134,1,0
78.672977724,1,1
78.676610032,0,1
78.676621842,0,0
78.676664472,0,1
78.676706116,0,0
78.676747274,0,1
78.676770524,1,1
78.676789896,1,0
78.676831050,1,1
78.676873678,1,0
78.676914824,1,1
78.676936282,0,1
78.676956470,0,0
78.676997624,0,1
78.677039262,0,0
78.677080420,0,1
78.677122058,0,0
78.677163208,0,1
78.677186458,1,1
78.677205828,1,0
78.677246974,1,1
78.677268430,0,1
78.677288616,0,0
78.677332232,0,1
78.677373874,0,0
78.677412068,0,1
78.677435318,1,1
78.677454688,1,0
78.677499290,1,1
78.681134602,0,1
78.681146412,0,0
78.681189042,0,1
78.681230682,0,0
78.681271836,0,1
78.681313480,0,0
78.681354634,0,1
78.681377886,1,1
78.681397256,1,0
78.681438410,1,1
78.681459870,0,1
78.681480058,0,0
78.681521216,0,1
78.681562860,0,0
78.681604018,0,1
78.681645660,0,0
78.681686822,0,1
78.681710078,1,1
78.681729450,1,0
78.681770602,1,1
78.681792060,0,1
78.681812250,0,0
78.681855868,0,1
78.681879124,1,1
78.681898492,1,0
78.681936686,1,1
78.681979316,1,0
78.682023914,1,1
78.682042164,1,0
78.685934826,1,1
78.774699894,1,0
78.774703888,0,0
78.775743094,0,1
78.775870000,0,0
78.775871840,1,0
78.775911154,1,1
78.775911158,1,0
78.775911160,1,1
78.775952798,1,0
78.775953862,0,0
78.775993956,0,1
78.776036580,0,0
78.776038256,1,0
78.776077730,1,1
78.776119364,1,0
78.776160514,1,1
78.776202152,1,0
78.776203542,0,0
78.776243310,0,1
78.776285940,0,0
78.776287944,1,0
78.776327094,1,1
78.776368744,1,0
78.776409894,1,1
78.776451538,1,0
78.776492688,1,1
78.776535806,1,0
78.776576962,1,1
78.776619586,1,0
78.776660718,1,1
78.776693998,0,1
78.776707292,0,0
78.776748468,0,1
78.776771734,1,1
78.777043426,0,1
78.777055234,0,0
78.777097864,0,1
78.777139502,0,0
78.777180656,0,1
78.777203914,1,1
78.777223286,1,0
78.777264440,1,1
78.777285896,0,1
78.777306084,0,0
78.777347240,0,1
78.777370490,1,1
78.777389862,1,0
78.777431010,1,1
78.777473634,1,0
78.777514788,1,1
78.777557422,1,0
78.777598576,1,1
78.777641204,1,0
78.777682354,1,1
78.777724976,1,0
78.777768592,1,1
78.777811218,1,0
78.777849414,1,1
78.777892042,1,0
78.777936642,1,1
78.777950844,1,0
78.778219256,0,0
78.778990446,0,1
78.779034282,0,0
78.779075454,0,1
78.779118088,0,0
78.779159256,0,1
78.779201892,0,0
78.779203338,1,0
78.779243052,1,1
78.779284692,1,0
78.779286352,0,0
78.779325856,0,1
78.779368482,0,0
78.779409644,0,1
78.779452276,0,0
78.779493440,0,1
78.779536074,0,0
78.779577240,0,1
78.779619878,0,0
78.779661044,0,1
78.779705158,0,0
78.779746326,0,1
78.779785504,0,0
78.779787492,1,0
78.779826656,1,1
78.779859946,0,1
78.779873240,0,0
78.779914408,0,1
78.779937664,1,1
78.780276560,0,1
78.780288388,0,0
78.780331086,0,1
78.780372798,0,0
78.780414024,0,1
78.780437318,1,1
78.780456716,1,0
78.780497938,1,1
78.780519430,0,1
78.780539652,0,0
78.780580878,0,1
78.780604176,1,1
78.780623582,1,0
78.780664810,1,1
78.780707508,1,0
78.780748732,1,1
78.780791428,1,0
78.780832650,1,1
78.780875348,1,0
78.780916572,1,1
78.780959266,1,0
78.781002954,1,1
78.781045652,1,0
78.781083910,1,1
78.781126604,1,0
78.781171286,1,1
78.781186174,1,0
78.781187426,1,1
78.859142994,0,1
78.859154826,0,0
78.859197544,0,1
78.859220842,1,1
78.859240246,1,0
78.859281482,1,1
78.859302980,0,1
78.859323206,0,0
78.859364440,0,1
78.859387740,1,1
78.859407144,1,0
78.859448380,1,1
78.859469874,0,1
78.859490102,0,0
78.859531348,0,1
78.859554650,1,1
78.859574056,1,0
78.859615300,1,1
78.859658014,1,0
78.859699254,1,1
78.859720750,0,1
78.859740976,0,0
78.859782214,0,1
78.859823936,0,0
78.859867648,0,1
78.859890948,1,1
78.859910354,1,0
78.859948630,1,1
78.859991342,1,0
78.860036034,1,1
78.860054256,1,0
78.861934758,1,1
78.879887766,0,1
78.879899600,0,0
78.879942322,0,1
78.879984050,0,0
78.880025294,0,1
78.880067020,0,0
78.880108268,0,1
78.880149998,0,0
78.880191242,0,1
78.880232970,0,0
78.880274216,0,1
78.880297520,1,1
78.880316928,1,0
78.880358166,1,1
78.880400880,1,0
78.880442114,1,1
78.880484826,1,0
78.880526064,1,1
78.880568774,1,0
78.880612486,1,1
78.880655204,1,0
78.880693478,1,1
78.880736190,1,0
78.880780884,1,1
78.884416932,0,1
78.884428766,0,0
78.884471484,0,1
78.884513208,0,0
78.884554448,0,1
78.884577750,1,1
78.884597158,1,0
78.884638396,1,1
78.884681110,1,0
78.884722350,1,1
78.884765060,1,0
78.884806296,1,1
78.884849008,1,0
78.884890242,1,1
78.884932950,1,0
78.884974190,1,1
78.884995688,0,1
78.885015916,0,0
78.885057156,0,1
78.885098880,0,0
78.885142590,0,1
78.885184312,0,0
78.885222592,0,1
78.885245894,1,1
78.885265298,1,0
78.885309990,1,1
78.888949018,0,1
78.888960848,0,0
78.889003552,0,1
78.889045262,0,0
78.889086486,0,1
78.889128196,0,0
78.889169422,0,1
78.889211128,0,0
78.889252350,0,1
78.889294060,0,0
78.889335286,0,1
78.889358578,1,1
78.889377982,1,0
78.889419210,1,1
78.889461906,1,0
78.889503140,1,1
78.889545858,1,0
78.889587100,1,1
78.889629810,1,0
78.889673514,1,1
78.889716230,1,0
78.889754502,1,1
78.889797212,1,0
78.889841906,1,1
78.893480912,0,1
78.893492746,0,0
78.893535470,0,1
78.893558772,1,1
78.893578180,1,0
78.893619426,1,1
78.893640926,0,1
78.893661160,0,0
78.893702402,0,1
78.893725706,1,1
78.893745114,1,0
78.893786356,1,1
78.893807854,0,1
78.893828086,0,0
78.893869342,0,1
78.893892648,1,1
78.893912060,1,0
78.893953306,1,1
78.893996024,1,0
78.894037264,1,1
78.894058764,0,1
78.894078994,0,0
78.894120240,0,1
78.894161964,0,0
78.894205678,0,1
78.894228978,1,1
78.894248386,1,0
78.894286662,1,1
78.894329378,1,0
78.894374074,1,1
78.898013134,0,1
78.898024976,0,0
78.898067724,0,1
78.898109466,0,0
78.898150726,0,1
78.898192472,0,0
78.898233740,0,1
78.898275482,0,0
78.898316744,0,1
78.898358476,0,0
78.898399726,0,1
78.898423028,1,1
78.898442436,1,0
78.898483682,1,1
78.898526394,1,0
78.898567632,1,1
78.898610352,1,0
78.898651590,1,1
78.898694304,1,0
78.898738016,1,1
78.898780728,1,0
78.898819002,1,1
78.898861718,1,0
78.898906412,1,1
78.902549416,0,1
78.902561248,0,0
78.902603968,0,1
78.902645692,0,0
78.902686934,0,1
78.902728654,0,0
78.902769896,0,1
78.902793198,1,1
78.902812606,1,0
78.902853846,1,1
78.902875344,0,1
78.902895574,0,0
78.902936822,0,1
78.902978548,0,0
78.903019796,0,1
78.903061526,0,0
78.903102770,0,1
78.903126074,1,1
78.903145484,1,0
78.903186726,1,1
78.903208226,0,1
78.903228456,0,0
78.903272170,0,1
78.903295470,1,1
78.903314880,1,0
78.903353158,1,1
78.903395866,1,0
78.903440564,1,1
78.910735902,1,0
78.917935600,1,1
78.938587744,0,1
78.938599580,0,0
78.938642304,0,1
78.938684028,0,0
78.938725278,0,1
78.938767004,0,0
78.938808246,0,1
78.938831552,1,1
78.938850960,1,0
78.938892198,1,1
78.938913696,0,1
78.938933926,0,0
78.938975168,0,1
78.939016898,0,0
78.939058142,0,1
78.939099874,0,0
78.939141122,0,1
78.939164426,1,1
78.939183832,1,0
78.939225074,1,1
78.939246576,0,1
78.939266808,0,0
78.939310524,0,1
78.939333826,1,1
78.939353236,1,0
78.939391518,1,1
78.939434228,1,0
78.939478922,1,1
78.939496024,1,0
78.941935704,1,1
78.958362990,1,0
78.958635558,0,0
78.959407056,0,1
78.960079124,0,0
78.960080960,1,0
78.960120376,1,1
78.960162106,1,0
78.960164008,0,0
78.960203366,0,1
78.960246084,0,0
78.960247446,1,0
78.960287330,1,1
78.960329062,1,0
78.960370310,1,1
78.960412036,1,0
78.960413804,0,0
78.960453292,0,1
78.960496010,0,0
78.960498238,1,0
78.960537258,1,1
78.960578988,1,0
78.960620242,1,1
78.960661976,1,0
78.960703224,1,1
78.960746434,1,0
78.960787678,1,1
78.960830394,1,0
78.960871636,1,1
78.960871642,1,0
78.960871644,1,1
78.960904992,0,1
78.960918314,0,0
78.960959570,0,1
78.960982880,1,1
78.961255142,0,1
78.961266978,0,0
78.961309706,0,1
78.961351434,0,0
78.961392686,0,1
78.961415990,1,1
78.961435400,1,0
78.961476640,1,1
78.961498142,0,1
78.961518374,0,0
78.961559620,0,1
78.961582926,1,1
78.961602336,1,0
78.961643580,1,1
78.961686300,1,0
78.961727542,1,1
78.961770262,1,0
78.961811504,1,1
78.961854220,1,0
78.961895464,1,1
78.961938180,1,0
78.961981878,1,1
78.962024586,1,0
78.962062872,1,1
78.962105598,1,0
78.962150312,1,1
78.962164974,1,0
78.962437508,0,0
78.963209028,0,1
78.963250332,0,0
78.963291590,0,1
78.963334312,0,0
78.963375576,0,1
78.963418296,0,0
78.963459552,0,1
78.963502274,0,0
78.963543530,0,1
78.963586252,0,0
78.963627514,0,1
78.963670236,0,0
78.963711492,0,1
78.963754210,0,0
78.963795466,0,1
78.963838190,0,0
78.963879452,0,1
78.963923656,0,0
78.963925054,1,0
78.963964900,1,1
78.964007614,1,0
78.964048852,1,1
78.964048858,1,0
78.964048860,1,1
78.964082204,0,1
78.964095524,0,0
78.964136780,0,1
78.964160090,1,1
78.964503786,0,1
78.964515602,0,0
78.964558258,0,1
78.964599916,0,0
78.964641090,0,1
78.964664352,1,1
78.964683732,1,0
78.964724898,1,1
78.964746362,0,1
78.964766558,0,0
78.964807732,0,1
78.964830998,1,1
78.964850374,1,0
78.964891544,1,1
78.964934190,1,0
78.964975356,1,1
78.965018000,1,0
78.965059166,1,1
78.965101806,1,0
78.965142972,1,1
78.965185614,1,0
78.965229244,1,1
78.965271886,1,0
78.965310094,1,1
78.965352738,1,0
78.965397354,1,1
78.965412424,1,0
78.965413672,1,1
79.004654564,0,1
79.004666376,0,0
79.004709014,0,1
79.004732270,1,1
79.004751642,1,0
79.004792798,1,1
79.004814256,0,1
79.004834446,0,0
79.004875606,0,1
79.004898864,1,1
79.004918238,1,0
79.004959392,1,1
79.004980850,0,1
79.005001042,0,0
79.005042208,0,1
79.005065462,1,1
79.005084838,1,0
79.005125998,1,1
79.005168632,1,0
79.005209794,1,1
79.005231254,0,1
79.005251446,0,0
79.005292612,0,1
79.005334262,0,0
79.005377888,0,1
79.005401148,1,1
79.005420522,1,0
79.005458724,1,1
79.005501358,1,0
79.005545966,1,1
79.005564700,1,0
79.005935008,1,1
79.009179268,0,1
79.009191078,0,0
79.009233718,0,1
79.009256972,1,1
79.009276342,1,0
79.009317496,1,1
79.009360132,1,0
79.009401292,1,1
79.009422748,0,1
79.009442940,0,0
79.009484104,0,1
79.009525750,0,0
79.009566908,0,1
79.009608556,0,0
79.009649722,0,1
79.009691370,0,0
79.009732532,0,1
79.009755790,1,1
79.009775166,1,0
79.009816322,1,1
79.009837780,0,1
79.009857972,0,0
79.009901600,0,1
79.009943244,0,0
79.009981446,0,1
79.010004706,1,1
79.010024080,1,0
79.010068688,1,1
79.010087212,1,0
79.013928840,1,1
79.058410310,0,1
79.058422120,0,0
79.058464746,0,1
79.058506384,0,0
79.058547538,0,1
79.058589178,0,0
79.058630338,0,1
79.058671972,0,0
79.058713126,0,1
79.058754780,0,0
79.058795948,0,1
79.058819202,1,1
79.058838572,1,0
79.058879726,1,1
79.058922356,1,0
79.058963510,1,1
79.059006138,1,0
79.059047292,1,1
79.059089918,1,0
79.059133532,1,1
79.059176160,1,0
79.059214356,1,1
79.059256982,1,0
79.059301586,1,1
79.062933424,0,1
79.062945236,0,0
79.062987872,0,1
79.063011128,1,1
79.063030500,1,0
79.063071656,1,1
79.063093112,0,1
79.063113302,0,0
79.063154458,0,1
79.063177710,1,1
79.063197082,1,0
79.063238234,1,1
79.063259694,0,1
79.063279882,0,0
79.063321038,0,1
79.063344290,1,1
79.063363660,1,0
79.063404812,1,1
79.063447438,1,0
79.063488590,1,1
79.063510048,0,1
79.063530238,0,0
79.063571396,0,1
79.063613048,0,0
79.063656676,0,1
79.063679932,1,1
79.063699306,1,0
79.063737504,1,1
79.063780132,1,0
79.063824736,1,1
79.072029316,1,0
79.077936052,1,1
79.080519830,0,1
79.080531642,0,0
79.080574274,0,1
79.080615928,0,0
79.080657092,0,1
79.080698738,0,0
79.080739896,0,1
79.080781544,0,0
79.080822706,0,1
79.080864350,0,0
79.080905512,0,1
79.080928770,1,1
79.080948142,1,0
79.080989298,1,1
79.081031930,1,0
79.081073084,1,1
79.081115716,1,0
79.081156868,1,1
79.081199500,1,0
79.081243118,1,1
79.081285748,1,0
79.081323948,1,1
79.081366580,1,0
79.081411180,1,1
79.085044170,0,1
79.085055982,0,0
79.085098620,0,1
79.085121876,1,1
79.085141248,1,0
79.085182402,1,1
79.085225032,1,0
79.085266188,1,1
79.085287650,0,1
79.085307838,0,0
79.085348998,0,1
79.085390644,0,0
79.085431806,0,1
79.085473448,0,0
79.085514610,0,1
79.085556256,0,0
79.085597416,0,1
79.085620676,1,1
79.085640050,1,0
79.085681206,1,1
79.085702666,0,1
79.085722856,0,0
79.085766482,0,1
79.085808134,0,0
79.085846338,0,1
79.085869600,1,1
79.085888976,1,0
79.085933588,1,1
79.093592574,1,0
79.093934714,1,1
79.100460154,0,1
79.100471962,0,0
79.100514592,0,1
79.100556230,0,0
79.100597386,0,1
79.100639036,0,0
79.100680192,0,1
79.100721834,0,0
79.100762988,0,1
79.100804630,0,0
79.100845788,0,1
79.100869042,1,1
79.100888410,1,0
79.100929562,1,1
79.100972190,1,0
79.101013342,1,1
79.101055970,1,0
79.101097120,1,1
79.101139746,1,0
79.101183354,1,1
79.101225982,1,0
79.101264174,1,1
79.101306800,1,0
79.101351396,1,1
79.104987008,0,1
79.104998818,0,0
79.105041452,0,1
79.105083094,0,0
79.105124248,0,1
79.105165892,0,0
79.105207046,0,1
79.105230298,1,1
79.105249668,1,0
79.105290820,1,1
79.105312280,0,1
79.105332468,0,0
79.105373622,0,1
79.105415264,0,0
79.105456422,0,1
79.105498062,0,0
79.105539216,0,1
79.105562472,1,1
79.105581844,1,0
79.105622998,1,1
79.105644456,0,1
79.105664644,0,0
79.105708266,0,1
79.105731520,1,1
79.105750894,1,0
79.105789084,1,1
79.105831714,1,0
79.105876312,1,1
79.113111984,1,0
79.117935696,1,1
79.143039122,0,1
79.143050934,0,0
79.143093564,0,1
79.143135206,0,0
79.143176362,0,1
79.143218008,0,0
79.143259160,0,1
79.143282418,1,1
79.143301790,1,0
79.143342944,1,1
79.143364402,0,1
79.143384590,0,0
79.143425748,0,1
79.143467398,0,0
79.143508552,0,1
79.143550196,0,0
79.143591358,0,1
79.143614616,1,1
79.143633986,1,0
79.143675140,1,1
79.143696602,0,1
79.143716792,0,0
79.143760414,0,1
79.143783666,1,1
79.143803038,1,0
79.143841238,1,1
79.143883868,1,0
79.143928470,1,1
79.143947454,1,0
79.149935464,1,1
79.151257602,0,1
79.151269412,0,0
79.151312048,0,1
79.151335304,1,1
79.151354676,1,0
79.151395828,1,1
79.151438462,1,0
79.151479614,1,1
79.151501074,0,1
79.151521262,0,0
79.151562418,0,1
79.151604068,0,0
79.151645230,0,1
79.151686874,0,0
79.151728034,0,1
79.151769676,0,0
79.151810832,0,1
79.151834090,1,1
79.151853462,1,0
79.151894618,1,1
79.151916076,0,1
79.151936266,0,0
79.151979890,0,1
79.152021534,0,0
79.152059736,0,1
79.152082990,1,1
79.152102364,1,0
79.152146968,1,1
79.152165450,1,0
79.157943074,1,1
79.262384524,1,0
79.262652870,0,0
79.263423958,0,1
79.264083322,0,0
79.264085536,1,0
79.264124474,1,1
79.264166116,1,0
79.264167540,0,0
79.264207276,0,1
79.264249900,0,0
79.264251938,1,0
79.264291048,1,1
79.264332688,1,0
79.264373834,1,1
79.264415470,1,0
79.264417210,0,0
79.264456630,0,1
79.264499252,0,0
79.264500594,1,0
79.264540402,1,1
79.264582048,1,0
79.264623200,1,1
79.264664840,1,0
79.264705988,1,1
79.264749108,1,0
79.264790258,1,1
79.264832886,1,0
79.264874034,1,1
79.264907314,0,1
79.264920604,0,0
79.264961768,0,1
79.264985024,1,1
79.265256684,0,1
79.265268492,0,0
79.265311120,0,1
79.265352756,0,0
79.265393906,0,1
79.265417156,1,1
79.265436524,1,0
79.265477674,1,1
79.265499130,0,1
79.265519316,0,0
79.265560464,0,1
79.265583716,1,1
79.265603092,1,0
79.265644244,1,1
79.265686866,1,0
79.265728018,1,1
79.265770642,1,0
79.265811786,1,1
79.265854410,1,0
79.265895556,1,1
79.265938176,1,0
79.265981780,1,1
79.266024406,1,0
79.266062590,1,1
79.266105214,1,0
79.266149810,1,1
79.266164414,1,0
79.266436826,0,0
79.267207896,0,1
79.267247382,0,0
79.267288546,0,1
79.267331178,0,0
79.267372338,0,1
79.267414968,0,0
79.267416720,1,0
79.267456126,1,1
79.267497768,1,0
79.267499732,0,0
79.267538926,0,1
79.267581560,0,0
79.267622726,0,1
79.267665354,0,0
79.267706518,0,1
79.267749146,0,0
79.267790306,0,1
79.267832940,0,0
79.267874102,0,1
79.267918206,0,0
79.267959368,0,1
79.267998546,0,0
79.268000740,1,0
79.268039690,1,1
79.268039694,1,0
79.268039698,1,1
79.268072976,0,1
79.268086266,0,0
79.268127418,0,1
79.268150664,1,1
79.268489566,0,1
79.268501394,0,0
79.268544090,0,1
79.268585792,0,0
79.268627020,0,1
79.268650314,1,1
79.268669714,1,0
79.268710934,1,1
79.268732428,0,1
79.268752652,0,0
79.268793872,0,1
79.268817166,1,1
79.268836566,1,0
79.268877790,1,1
79.268920488,1,0
79.268961702,1,1
79.268961706,1,0
79.268961708,1,1
79.269004402,1,0
79.269045622,1,1
79.269088318,1,0
79.269129540,1,1
79.269172234,1,0
79.269215920,1,1
79.269258618,1,0
79.269296880,1,1
79.269339574,1,0
79.269384254,1,1
79.269399270,1,0
79.269400518,1,1
79.275601216,0,1
79.275613048,0,0
79.275655754,0,1
79.275697474,0,0
79.275738704,0,1
79.275780416,0,0
79.275821650,0,1
79.275863368,0,0
79.275904598,0,1
79.275946320,0,0
79.275987558,0,1
79.276010854,1,1
79.276030256,1,0
79.276071488,1,1
79.276114192,1,0
79.276155414,1,1
79.276198100,1,0
79.276239324,1,1
79.276282028,1,0
79.276325726,1,1
79.276368428,1,0
79.276406688,1,1
79.276449392,1,0
79.276494078,1,1
79.280135552,0,1
79.280147378,0,0
79.280190072,0,1
79.280231768,0,0
79.280272982,0,1
79.280314682,0,0
79.280355896,0,1
79.280379186,1,1
79.280398588,1,0
79.280439826,1,1
79.280461326,0,1
79.280481556,0,0
79.280522792,0,1
79.280564512,0,0
79.280605750,0,1
79.280647476,0,0
79.280688712,0,1
79.280712012,1,1
79.280731414,1,0
79.280772642,1,1
79.280794138,0,1
79.280814364,0,0
79.280858068,0,1
79.280881364,1,1
79.280900766,1,0
79.280939036,1,1
79.280981738,1,0
79.281026418,1,1
79.288761902,1,0
79.293934032,1,1
79.296120708,0,1
79.296132542,0,0
79.296175254,0,1
79.296216970,0,0
79.296258204,0,1
79.296299924,0,0
79.296341154,0,1
79.296382872,0,0
79.296424108,0,1
79.296465822,0,0
79.296507054,0,1
79.296530352,1,1
79.296549756,1,0
79.296590986,1,1
79.296633692,1,0
79.296674926,1,1
79.296717630,1,0
79.296758856,1,1
79.296801566,1,0
79.296845268,1,1
79.296887974,1,0
79.296926238,1,1
79.296968940,1,0
79.297013620,1,1
79.300652476,0,1
79.300664306,0,0
79.300707014,0,1
79.300730308,1,1
79.300749712,1,0
79.300790938,1,1
79.300833642,1,0
79.300874870,1,1
79.300896366,0,1
79.300916590,0,0
79.300957822,0,1
79.300999540,0,0
79.301040774,0,1
79.301082486,0,0
79.301123714,0,1
79.301165432,0,0
79.301206666,0,1
79.301229962,1,1
79.301249366,1,0
79.301290596,1,1
79.301312088,0,1
79.301332312,0,0
79.301376012,0,1
79.301417726,0,0
79.301455994,0,1
79.301479290,1,1
79.301498692,1,0
79.301543378,1,1
79.309312976,1,0
79.309934746,1,1
79.336092782,0,1
79.336104616,0,0
79.336147334,0,1
79.336189052,0,0
79.336230290,0,1
79.336272012,0,0
79.336313252,0,1
79.336336552,1,1
79.336355960,1,0
79.336397200,1,1
79.336418696,0,1
79.336438926,0,0
79.336480162,0,1
79.336521890,0,0
79.336563134,0,1
79.336604858,0,0
79.336646098,0,1
79.336669398,1,1
79.336688806,1,0
79.336730044,1,1
79.336751540,0,1
79.336771772,0,0
79.336815482,0,1
79.336838784,1,1
79.336858188,1,0
79.336896456,1,1
79.336939164,1,0
79.336983854,1,1
79.337001352,1,0
79.341934564,1,1
79.344326486,0,1
79.344338322,0,0
79.344381042,0,1
79.344404344,1,1
79.344423750,1,0
79.344464984,1,1
79.344507698,1,0
79.344548934,1,1
79.344570428,0,1
79.344590656,0,0
79.344631900,0,1
79.344673624,0,0
79.344714862,0,1
79.344756586,0,0
79.344797832,0,1
79.344839554,0,0
79.344880798,0,1
79.344904102,1,1
79.344923508,1,0
79.344964744,1,1
79.344986240,0,1
79.345006468,0,0
79.345050182,0,1
79.345091904,0,0
79.345130186,0,1
79.345153486,1,1
79.345172896,1,0
79.345217590,1,1
79.345234764,1,0
79.349936718,1,1
79.436124852,0,1
79.436136686,0,0
79.436179408,0,1
79.436221126,0,0
79.436262370,0,1
79.436304094,0,0
79.436345334,0,1
79.436387058,0,0
79.436428300,0,1
79.436470024,0,0
79.436511270,0,1
79.436534574,1,1
79.436553984,1,0
79.436595224,1,1
79.436637936,1,0
79.436679176,1,1
79.436721884,1,0
79.436763120,1,1
79.436805830,1,0
79.436849538,1,1
79.436892246,1,0
79.436930520,1,1
79.436973228,1,0
79.437017916,1,1
79.440661254,0,1
79.440673088,0,0
79.440715814,0,1
79.440757540,0,0
79.440798782,0,1
79.440840512,0,0
79.440881758,0,1
79.440905062,1,1
79.440924470,1,0
79.440965712,1,1
79.440987212,0,1
79.441007444,0,0
79.441048688,0,1
79.441090416,0,0
79.441131664,0,1
79.441173392,0,0
79.441214636,0,1
79.441237942,1,1
79.441257350,1,0
79.441298590,1,1
79.441320088,0,1
79.441340320,0,0
79.441384022,0,1
79.441407320,1,1
79.441426728,1,0
79.441465012,1,1
79.441507740,1,0
79.441552450,1,1
79.449090038,1,0
79.453933644,1,1
79.458729464,0,1
79.458741298,0,0
79.458784026,0,1
79.458825756,0,0
79.458867000,0,1
79.458908732,0,0
79.458949982,0,1
79.458991708,0,0
79.459032954,0,1
79.459074684,0,0
79.459115930,0,1
79.459139234,1,1
79.459158644,1,0
79.459199894,1,1
79.459242612,1,0
79.459283854,1,1
79.459326572,1,0
79.459367814,1,1
79.459410532,1,0
79.459454246,1,1
79.459496960,1,0
79.459535240,1,1
79.459577956,1,0
79.459622662,1,1
79.463262976,0,1
79.463274812,0,0
79.463317534,0,1
79.463340834,1,1
79.463360242,1,0
79.463401488,1,1
79.463444198,1,0
79.463485436,1,1
79.463506934,0,1
79.463527166,0,0
79.463568412,0,1
79.463610140,0,0
79.463651390,0,1
79.463651392,0,0
79.463651396,0,1
79.463693126,0,0
79.463734374,0,1
79.463776110,0,0
79.463817364,0,1
79.463840672,1,1
79.463860078,1,0
79.463901320,1,1
79.463922824,0,1
79.463943054,0,0
79.463986770,0,1
79.464028498,0,0
79.464066780,0,1
79.464090082,1,1
79.464109492,1,0
79.464154196,1,1
79.471694176,1,0
79.477935356,1,1
79.493778888,1,0
79.493782882,0,0
79.494822426,0,1
79.494923138,0,0
79.494925160,1,0
79.494964388,1,1
79.495006122,1,0
79.495007208,0,0
79.495047382,0,1
79.495090104,0,0
79.495091654,1,0
79.495131356,1,1
79.495173088,1,0
79.495214338,1,1
79.495256070,1,0
79.495258030,0,0
79.495297326,0,1
79.495340044,0,0
79.495341460,1,0
79.495381296,1,1
79.495423024,1,0
79.495464268,1,1
79.495506002,1,0
79.495547250,1,1
79.495590462,1,0
79.495631712,1,1
79.495674430,1,0
79.495715676,1,1
79.495749034,0,1
79.495762356,0,0
79.495803622,0,1
79.495826930,1,1
79.496099220,0,1
79.496111056,0,0
79.496153788,0,1
79.496195518,0,0
79.496236766,0,1
79.496260074,1,1
79.496279484,1,0
79.496320732,1,1
79.496342232,0,1
79.496362466,0,0
79.496403714,0,1
79.496427022,1,1
79.496446430,1,0
79.496487674,1,1
79.496530392,1,0
79.496571636,1,1
79.496614356,1,0
79.496655602,1,1
79.496698320,1,0
79.496739560,1,1
79.496782276,1,0
79.496825990,1,1
79.496868706,1,0
79.496906982,1,1
79.496949698,1,0
79.496994400,1,1
79.497007276,1,0
79.497275810,0,0
79.498047376,0,1
79.498094434,0,0
79.498135698,0,1
79.498178416,0,0
79.498219674,0,1
79.498262394,0,0
79.498303654,0,1
79.498346374,0,0
79.498387634,0,1
79.498430352,0,0
79.498471606,0,1
79.498514328,0,0
79.498555586,0,1
79.498598308,0,0
79.498639570,0,1
79.498682294,0,0
79.498723552,0,1
79.498767756,0,0
79.498769430,1,0
79.498809004,1,1
79.498851722,1,0
79.498892968,1,1
79.498926320,0,1
79.498939640,0,0
79.498980896,0,1
79.499004200,1,1
79.499347894,0,1
79.499359712,0,0
79.499402368,0,1
79.499444032,0,0
79.499485212,0,1
79.499508476,1,1
79.499527856,1,0
79.499569034,1,1
79.499590502,0,1
79.499610702,0,0
79.499651876,0,1
79.499675142,1,1
79.499694520,1,0
79.499735692,1,1
79.499778336,1,0
79.499819510,1,1
79.499862156,1,0
79.499903326,1,1
79.499945974,1,0
79.499987146,1,1
79.500029788,1,0
79.500073424,1,1
79.500116070,1,0
79.500154276,1,1
79.500196914,1,0
79.500241534,1,1
79.500254978,1,0
79.500256222,1,1
79.512919672,0,1
79.512931486,0,0
79.512974130,0,1
79.513015784,0,0
79.513056956,0,1
79.513098614,0,0
79.513139784,0,1
79.513163046,1,1
79.513182424,1,0
79.513223594,1,1
79.513245056,0,1
79.513265250,0,0
79.513306418,0,1
79.513348074,0,0
79.513389244,0,1
79.513430900,0,0
79.513472074,0,1
79.513495332,1,1
79.513514710,1,0
79.513555874,1,1
79.513577338,0,1
79.513597536,0,0
79.513641170,0,1
79.513664434,1,1
79.513683810,1,0
79.513722018,1,1
79.513764658,1,0
79.513809272,1,1
79.513828130,1,0
79.517933554,1,1
79.521140410,0,1
79.521152224,0,0
79.521194870,0,1
79.521218132,1,1
79.521237506,1,0
79.521278670,1,1
79.521321312,1,0
79.521362476,1,1
79.521383938,0,1
79.521404134,0,0
79.521445304,0,1
79.521486956,0,0
79.521528126,0,1
79.521569782,0,0
79.521610958,0,1
79.521652614,0,0
79.521693788,0,1
79.521717050,1,1
79.521736426,1,0
79.521777592,1,1
79.521799056,0,1
79.521819252,0,0
79.521862890,0,1
79.521904534,0,0
79.521942738,0,1
79.521966006,1,1
79.521985384,1,0
79.522030012,1,1
79.522047772,1,0
79.525934168,1,1
79.604253706,0,1
79.604265518,0,0
79.604308152,0,1
79.604349790,0,0
79.604390940,0,1
79.604432584,0,0
79.604473742,0,1
79.604515384,0,0
79.604556542,0,1
79.604598186,0,0
79.604639344,0,1
79.604662600,1,1
79.604681972,1,0
79.604723128,1,1
79.604765758,1,0
79.604806910,1,1
79.604849542,1,0
79.604890692,1,1
79.604933316,1,0
79.604976932,1,1
79.605019560,1,0
79.605057754,1,1
79.605100384,1,0
79.605144982,1,1
79.608780508,0,1
79.608792320,0,0
79.608834954,0,1
79.608876604,0,0
79.608917768,0,1
79.608959416,0,0
79.609000580,0,1
79.609023838,1,1
79.609043212,1,0
79.609084368,1,1
79.609105830,0,1
79.609126020,0,0
79.609167180,0,1
79.609208824,0,0
79.609249982,0,1
79.609291626,0,0
79.609332788,0,1
79.609356042,1,1
79.609375414,1,0
79.609416576,1,1
79.609438038,0,1
79.609458230,0,0
79.609501856,0,1
79.609525116,1,1
79.609544490,1,0
79.609582690,1,1
79.609625322,1,0
79.609669930,1,1
79.617563924,1,0
79.621934124,1,1
79.624740122,0,1
79.624751932,0,0
79.624794564,0,1
79.624836208,0,0
79.624877370,0,1
79.624919020,0,0
79.624960182,0,1
79.625001830,0,0
79.625042990,0,1
79.625084634,0,0
79.625125798,0,1
79.625149052,1,1
79.625168424,1,0
79.625209576,1,1
79.625252206,1,0
79.625293366,1,1
79.625335994,1,0
79.625377146,1,1
79.625419778,1,0
79.625463398,1,1
79.625506030,1,0
79.625544230,1,1
79.625586862,1,0
79.625631468,1,1
79.629264490,0,1
79.629276300,0,0
79.629318936,0,1
79.629342196,1,1
79.629361568,1,0
79.629402724,1,1
79.629445354,1,0
79.629486510,1,1
79.629507964,0,1
79.629528152,0,0
79.629569312,0,1
79.629610962,0,0
79.629652122,0,1
79.629693768,0,0
79.629734932,0,1
79.629776582,0,0
79.629817742,0,1
79.629841004,1,1
79.629860380,1,0
79.629901546,1,1
79.629923008,0,1
79.629943200,0,0
79.629986828,0,1
79.630028478,0,0
79.630066682,0,1
79.630089936,1,1
79.630109310,1,0
79.630153920,1,1
79.638103968,1,0
79.645934650,1,1
79.662228836,1,0
79.662501240,0,0
79.663272288,0,1
79.664221786,0,0
79.664223160,1,0
79.664262942,1,1
79.664304588,1,0
79.664306154,0,0
79.664345756,0,1
79.664388382,0,0
79.664390528,1,0
79.664429536,1,1
79.664471184,1,0
79.664512340,1,1
79.664553980,1,0
79.664555794,0,0
79.664595142,0,1
79.664637774,0,0
79.664639168,1,0
79.664678928,1,1
79.664720574,1,0
79.664761726,1,1
79.664803364,1,0
79.664844514,1,1
79.664887632,1,0
79.664928780,1,1
79.664928784,1,0
79.664928786,1,1
79.664971414,1,0
79.665012568,1,1
79.665045850,0,1
79.665059140,0,0
79.665100308,0,1
79.665123562,1,1
79.665395254,0,1
79.665407064,0,0
79.665449696,0,1
79.665491336,0,0
79.665532490,0,1
79.665555740,1,1
79.665575112,1,0
79.665616272,1,1
79.665637730,0,1
79.665657922,0,0
79.665699082,0,1
79.665722338,1,1
79.665741706,1,0
79.665782858,1,1
79.665825486,1,0
79.665866638,1,1
79.665909266,1,0
79.665950414,1,1
79.665993042,1,0
79.666034196,1,1
79.666076828,1,0
79.666120444,1,1
79.666163076,1,0
79.666201270,1,1
79.666243894,1,0
79.666288494,1,1
79.666300948,1,0
79.666573340,0,0
79.667344336,0,1
79.667386174,0,0
79.667427344,0,1
79.667469986,0,0
79.667511154,0,1
79.667553784,0,0
79.667555166,1,0
79.667594942,1,1
79.667636590,1,0
79.667638178,0,0
79.667677750,0,1
79.667720378,0,0
79.667761542,0,1
79.667804170,0,0
79.667845340,0,1
79.667887974,0,0
79.667929140,0,1
79.667971772,0,0
79.668012942,0,1
79.668057050,0,0
79.668098214,0,1
79.668137396,0,0
79.668139250,1,0
79.668178552,1,1
79.668211836,0,1
79.668225128,0,0
79.668266296,0,1
79.668289550,1,1
79.668628448,0,1
79.668640278,0,0
79.668682978,0,1
79.668724682,0,0
79.668765910,0,1
79.668789206,1,1
79.668808608,1,0
79.668849834,1,1
79.668871324,0,1
79.668891550,0,0
79.668932786,0,1
79.668956078,1,1
79.668975480,1,0
79.669016708,1,1
79.669059410,1,0
79.669100638,1,1
79.669143336,1,0
79.669184564,1,1
79.669227260,1,0
79.669268482,1,1
79.669311182,1,0
79.669354874,1,1
79.669397570,1,0
79.669435830,1,1
79.669478526,1,0
79.669523202,1,1
79.669535620,1,0
79.669536868,1,1
79.670160820,0,1
79.670172652,0,0
79.670215362,0,1
79.670238660,1,1
79.670258062,1,0
79.670299288,1,1
79.670341988,1,0
79.670383218,1,1
79.670404710,0,1
79.670424934,0,0
79.670466162,0,1
79.670507878,0,0
79.670549108,0,1
79.670590826,0,0
79.670632070,0,1
79.670673784,0,0
79.670715012,0,1
79.670738308,1,1
79.670757712,1,0
79.670798938,1,1
79.670820430,0,1
79.670840654,0,0
79.670884356,0,1
79.670926068,0,0
79.670964332,0,1
79.670987630,1,1
79.671007034,1,0
79.671051714,1,1
79.671069566,1,0
79.677934382,1,1
79.681153256,0,1
79.681165090,0,0
79.681207806,0,1
79.681249528,0,0
79.681290766,0,1
79.681332484,0,0
79.681373726,0,1
79.681397026,1,1
79.681416432,1,0
79.681457668,1,1
79.681479168,0,1
79.681499396,0,0
79.681540632,0,1
79.681582350,0,0
79.681623592,0,1
79.681665312,0,0
79.681706546,0,1
79.681729846,1,1
79.681749254,1,0
79.681790488,1,1
79.681811984,0,1
79.681832214,0,0
79.681875922,0,1
79.681899226,1,1
79.681918634,1,0
79.681956908,1,1
79.681999620,1,0
79.682044314,1,1
79.682062634,1,0
79.685933828,1,1
79.764568846,0,1
79.764580680,0,0
79.764623408,0,1
79.764665130,0,0
79.764706376,0,1
79.764748102,0,0
79.764789346,0,1
79.764831070,0,0
79.764872320,0,1
79.764914054,0,0
79.764955302,0,1
79.764978608,1,1
79.764998016,1,0
79.765039250,1,1
79.765081954,1,0
79.765123192,1,1
79.765165904,1,0
79.765207142,1,1
79.765249858,1,0
79.765293566,1,1
79.765336276,1,0
79.765374552,1,1
79.765417264,1,0
79.765461956,1,1
79.769102372,0,1
79.769114206,0,0
79.769156930,0,1
79.769180232,1,1
79.769199642,1,0
79.769240882,1,1
79.769283592,1,0
79.769324834,1,1
79.769346332,0,1
79.769366560,0,0
79.769407802,0,1
79.769449526,0,0
79.769490770,0,1
79.769532498,0,0
79.769573750,0,1
79.769615484,0,0
79.769656736,0,1
79.769680042,1,1
79.769699450,1,0
79.769740698,1,1
79.769762198,0,1
79.769782428,0,0
79.769826148,0,1
79.769867878,0,0
79.769906158,0,1
79.769929460,1,1
79.769948872,1,0
79.769993574,1,1
79.773632900,0,1
79.773644734,0,0
79.773687458,0,1
79.773729186,0,0
79.773770432,0,1
79.773812158,0,0
79.773853406,0,1
79.773895144,0,0
79.773936402,0,1
79.773978130,0,0
79.774019380,0,1
79.774042684,1,1
79.774062094,1,0
79.774103334,1,1
79.774146052,1,0
79.774187296,1,1
79.774230010,1,0
79.774271248,1,1
79.774313964,1,0
79.774357674,1,1
79.774400386,1,0
79.774438670,1,1
79.774481380,1,0
79.774526080,1,1
79.778169404,0,1
79.778181240,0,0
79.778223968,0,1
79.778265692,0,0
79.778306938,0,1
79.778348670,0,0
79.778389918,0,1
79.778413222,1,1
79.778432630,1,0
79.778473874,1,1
79.778495374,0,1
79.778515606,0,0
79.778556854,0,1
79.778598588,0,0
79.778639840,0,1
79.778681570,0,0
79.778722818,0,1
79.778746124,1,1
79.778765534,1,0
79.778806780,1,1
79.778828276,0,1
79.778848508,0,0
79.778892226,0,1
79.778915528,1,1
79.778934936,1,0
79.778973216,1,1
79.779015932,1,0
79.779060630,1,1
79.787105898,1,0
79.789935544,1,1
84.686712372,1,0
84.686984844,0,0
84.687756368,0,1
84.687859366,0,0
84.687861116,1,0
84.687900684,1,1
84.687942474,1,0
84.687944170,0,0
84.687983796,0,1
84.688026576,0,0
84.688028614,1,0
84.688067888,1,1
84.688109674,1,0
84.688150984,1,1
84.688192770,1,0
84.688193984,0,0
84.688234082,0,1
84.688276846,0,0
84.688278412,1,0
84.688318144,1,1
84.688359914,1,0
84.688401210,1,1
84.688442982,1,0
84.688484262,1,1
84.688527506,1,0
84.688568804,1,1
84.688611582,1,0
84.688652906,1,1
84.688686294,0,1
84.688699630,0,0
84.688740946,0,1
84.688764288,1,1
84.689036874,0,1
84.689048722,0,0
84.689091502,0,1
84.689133268,0,0
84.689174568,0,1
84.689197894,1,1
84.689217320,1,0
84.689258612,1,1
84.689280130,0,1
84.689300382,0,0
84.689341678,0,1
84.689365008,1,1
84.689384434,1,0
84.689425728,1,1
84.689468486,1,0
84.689509778,1,1
84.689552534,1,0
84.689593820,1,1
84.689636582,1,0
84.689677876,1,1
84.689720632,1,0
84.689764394,1,1
84.689807146,1,0
84.689845470,1,1
84.689888228,1,0
84.689932976,1,1
84.689944860,1,0
84.690217348,0,0
84.690988754,0,1
84.691034158,0,0
84.691075470,0,1
84.691118234,0,0
84.691159544,0,1
84.691202310,0,0
84.691243616,0,1
84.691286382,0,0
84.691327694,0,1
84.691370456,0,0
84.691411762,0,1
84.691454526,0,0
84.691495832,0,1
84.691538598,0,0
84.691579910,0,1
84.691622678,0,0
84.691663988,0,1
84.691708240,0,0
84.691709708,1,0
84.691749534,1,1
84.691792298,1,0
84.691833598,1,1
84.691866986,0,1
84.691880318,0,0
84.691921618,0,1
84.691944948,1,1
84.692289052,0,1
84.692300886,0,0
84.692343604,0,1
84.692385314,0,0
84.692426540,0,1
84.692449832,1,1
84.692469230,1,0
84.692510450,1,1
84.692531934,0,1
84.692552152,0,0
84.692593376,0,1
84.692616670,1,1
84.692636066,1,0
84.692677288,1,1
84.692719976,1,0
84.692761194,1,1
84.692803880,1,0
84.692845094,1,1
84.692887784,1,0
84.692929006,1,1
84.692971688,1,0
84.693015374,1,1
84.693058060,1,0
84.693096314,1,1
84.693139000,1,0
84.693183666,1,1
84.693195872,1,0
84.693197116,1,1
100.076093440,1,1
