Time [s],Channel 0,Channel 1
0.000000000,1,0
0.004621260,1,1
0.012852994,1,0
0.021269794,1,1
0.021269798,1,0
0.021269800,1,1
0.029501368,1,0
0.037930214,1,1
0.046161844,1,0
0.054579392,1,1
0.054579394,1,0
0.054579398,1,1
0.062821670,1,0
0.071238486,1,1
0.079470704,1,0
0.087899172,1,1
0.096131522,1,0
0.104549116,1,1
0.112780522,1,0
0.121208756,1,1
0.129440388,1,0
0.137858012,1,1
0.146101248,1,0
0.154518402,1,1
0.162749496,1,0
0.171177784,1,1
0.179409386,1,0
0.187826782,1,1
0.196058558,1,0
0.204486798,1,1
0.212718490,1,0
0.221135180,1,1
0.229377802,1,0
0.237794868,1,1
0.246026020,1,0
0.254454010,1,1
0.262685928,1,0
0.271102706,1,1
0.279333972,1,0
0.287762468,1,1
0.295993434,1,0
0.304410406,1,1
0.312653250,1,0
0.321069518,1,1
0.329300402,1,0
0.337728150,1,1
0.345959452,1,0
0.354376572,1,1
0.362606772,1,0
0.371034368,1,1
0.379264710,1,0
0.387682000,1,1
0.395924616,1,0
0.404341234,1,1
0.412571656,1,0
0.420999896,1,1
0.429230928,1,0
0.437647606,1,1
0.445879038,1,0
0.454307702,1,1
0.462538402,1,0
0.470955966,1,1
0.479199188,1,0
0.487616982,1,1
0.495848382,1,0
0.504276932,1,1
0.512507686,1,0
0.520924510,1,1
0.529155984,1,0
0.537584664,1,1
0.545816030,1,0
0.554233226,1,1
0.562475078,1,0
0.570892178,1,1
0.579123580,1,0
0.587552322,1,1
0.595783314,1,0
0.604200930,1,1
0.612432016,1,0
0.620861036,1,1
0.629092970,1,0
0.637510234,1,1
0.637510238,1,0
0.637510242,1,1
0.645752714,1,0
0.654169650,1,1
0.662400628,1,0
0.670829276,1,1
0.679060588,1,0
0.687478356,1,1
0.695709730,1,0
0.704137978,1,1
0.712369042,1,0
0.720785542,1,1
0.729027644,1,0
0.737444336,1,1
0.745674908,1,0
0.754102796,1,1
0.762332646,1,0
0.770748862,1,1
0.778979614,1,0
0.787407318,1,1
0.795638458,1,0
0.804055336,1,1
0.804055340,1,0
0.804055344,1,1
0.812298216,1,0
0.820715212,1,1
0.828945832,1,0
0.837373480,1,1
0.845604268,1,0
0.854020896,1,1
0.862251580,1,0
0.870680022,1,1
0.878911074,1,0
0.887327004,1,1
0.895568874,1,0
0.903985422,1,1
0.912216634,1,0
0.920644670,1,1
0.928875060,1,0
0.937291042,1,1
0.945521702,1,0
0.953948552,1,1
0.962178758,1,0
0.970595092,1,1
0.978837428,1,0
0.987254544,1,1
0.995485682,1,0
1.003914056,1,1
1.003914062,1,0
1.003914064,1,1
1.012145204,1,0
1.020562758,1,1
1.028794156,1,0
1.037223164,1,1
1.045454730,1,0
1.053871328,1,1
1.062113768,1,0
1.070530560,1,1
1.078761288,1,0
1.087189026,1,1
1.095419292,1,0
1.103835834,1,1
1.112066508,1,0
1.120494828,1,1
1.128726238,1,0
1.137143898,1,1
1.145386748,1,0
1.153803156,1,1
1.162033954,1,0
1.170461620,1,1
1.178693196,1,0
1.187111014,1,1
1.195341988,1,0
1.203770830,1,1
1.212002624,1,0
1.220419872,1,1
1.228663050,1,0
1.237080332,1,1
1.245311060,1,0
1.253738584,1,1
1.261969258,1,0
1.270385370,1,1
1.278616290,1,0
1.287044402,1,1
1.295274520,1,0
1.303691452,1,1
1.311933558,1,0
1.320350154,1,1
1.328581106,1,0
1.337010074,1,1
1.345241174,1,0
1.353657916,1,1
1.361889192,1,0
1.370317492,1,1
1.378548776,1,0
1.386965954,1,1
1.395208082,1,0
1.412058548,1,1
1.412058550,1,0
1.412058556,1,1
1.420301470,1,0
1.428719366,1,1
1.436951208,1,0
1.445379166,1,1
1.453611084,1,0
1.462028446,1,1
1.470259456,1,0
1.478688296,1,1
1.486919950,1,0
1.495336320,1,1
1.503578402,1,0
1.511995326,1,1
1.520226182,1,0
1.528654742,1,1
1.536885892,1,0
1.545302374,1,1
1.553533150,1,0
1.561961124,1,1
1.570192008,1,0
1.578609828,1,1
1.586851580,1,0
1.595267922,1,1
1.603499158,1,0
1.611926592,1,1
1.620156484,1,0
1.628572872,1,1
1.628572878,1,0
1.628572880,1,1
1.636803072,1,0
1.645230882,1,1
1.653461074,1,0
1.661877586,1,1
1.670120832,1,0
1.678538290,1,1
1.686768900,1,0
1.695197008,1,1
1.703427800,1,0
1.711844434,1,1
1.720075418,1,0
1.728503054,1,1
1.736733566,1,0
1.745150256,1,1
1.753392186,1,0
1.761809036,1,1
1.770040164,1,0
1.778468194,1,1
1.786698534,1,0
1.795114874,1,1
1.803345184,1,0
1.811772470,1,1
1.820002298,1,0
1.828418364,1,1
1.836659972,1,0
1.845076588,1,1
1.853307376,1,0
1.861735118,1,1
1.869966304,1,0
1.878382770,1,1
1.886613226,1,0
1.895040802,1,1
1.903271310,1,0
1.911688600,1,1
1.919930764,1,0
1.928347868,1,1
1.936578662,1,0
1.945006922,1,1
1.953237372,1,0
1.961654822,1,1
1.969885678,1,0
1.978314526,1,1
1.986545756,1,0
1.994963078,1,1
2.003205946,1,0
2.011623656,1,1
2.011623660,1,0
2.011623662,1,1
2.019855372,1,0
2.028283876,1,1
2.036514884,1,0
2.044932104,1,1
2.053163492,1,0
2.061591866,1,1
2.069822736,1,0
2.078239584,1,1
2.086482026,1,0
2.094898924,1,1
2.103130184,1,0
2.111557734,1,1
2.119788244,1,0
2.128204184,1,1
2.136435006,1,0
2.144863636,1,1
2.153094608,1,0
2.161512348,1,1
2.169754830,1,0
2.178171290,1,1
2.186402410,1,0
2.194831160,1,1
2.203062596,1,0
2.211479872,1,1
2.219711154,1,0
2.228139984,1,1
2.236371994,1,0
2.244789432,1,1
2.253032174,1,0
2.261449748,1,1
2.269681288,1,0
2.278109752,1,1
2.286340978,1,0
2.294758490,1,1
2.302990152,1,0
2.311419042,1,1
2.319650572,1,0
2.328067398,1,1
2.336309874,1,0
2.344726964,1,1
2.352958592,1,0
2.361388058,1,1
2.369619990,1,0
2.378036972,1,1
2.386269002,1,0
2.394697300,1,1
2.402928950,1,0
2.411346642,1,1
2.419589528,1,0
2.428006572,1,1
2.436238072,1,0
2.444666468,1,1
2.452898094,1,0
2.461315428,1,1
2.469547114,1,0
2.477975404,1,1
2.486207376,1,0
2.494624812,1,1
2.502867798,1,0
2.511284920,1,1
2.519516012,1,0
2.527945146,1,1
2.536176926,1,0
2.544594708,1,1
2.552827014,1,0
2.561256378,1,1
2.569488060,1,0
2.577905846,1,1
2.586149414,1,0
2.594567312,1,1
2.602799808,1,0
2.611229082,1,1
2.619461164,1,0
2.627878458,1,1
2.636109850,1,0
2.644538174,1,1
2.652770066,1,0
2.661187692,1,1
2.669430126,1,0
2.677847790,1,1
2.686079162,1,0
2.694508338,1,1
2.702739968,1,0
2.711157244,1,1
2.719388486,1,0
2.727817290,1,1
2.736048568,1,0
2.744465506,1,1
2.752708982,1,0
2.761126748,1,1
2.769358536,1,0
2.777788220,1,1
2.786020664,1,0
2.794437926,1,1
2.802669244,1,0
2.811098006,1,1
2.819329324,1,0
2.827747252,1,1
2.835990130,1,0
2.844408614,1,1
2.852640916,1,0
2.861070256,1,1
2.869301338,1,0
2.877718818,1,1
2.877718820,1,0
2.877718826,1,1
2.885950438,1,0
2.894379772,1,1
2.902611314,1,0
2.911028754,1,1
2.919271238,1,0
2.927689120,1,1
2.935921282,1,0
2.944351780,1,1
2.952585000,1,0
2.961003832,1,1
2.969236060,1,0
2.977665150,1,1
2.985896874,1,0
2.994314536,1,1
3.002557302,1,0
3.010974290,1,1
3.019205930,1,0
3.027635434,1,1
3.035867752,1,0
3.044285030,1,1
3.052516376,1,0
3.060944672,1,1
3.069176652,1,0
3.077593160,1,1
3.085835976,1,0
3.094253006,1,1
3.102484192,1,0
3.110912578,1,1
3.119144488,1,0
3.127561964,1,1
3.135793474,1,0
3.144222342,1,1
3.152454472,1,0
3.160871680,1,1
3.169114174,1,0
3.177531278,1,1
3.185762280,1,0
3.194190912,1,1
3.202421576,1,0
3.210838296,1,1
3.219069748,1,0
3.227499130,1,1
3.235731354,1,0
3.244149456,1,1
3.252392318,1,0
3.260809672,1,1
3.269040896,1,0
3.277470472,1,1
3.285702152,1,0
3.294119780,1,1
3.302351692,1,0
3.310781026,1,1
3.319012846,1,0
3.327430356,1,1
3.335673624,1,0
3.344091892,1,1
3.352324084,1,0
3.360753702,1,1
3.368986164,1,0
3.377403218,1,1
3.377403224,1,0
3.377403226,1,1
3.385634010,1,0
3.394062328,1,1
3.402293632,1,0
3.410711552,1,1
3.418954740,1,0
3.427372546,1,1
3.435603736,1,0
3.444032454,1,1
3.452263886,1,0
3.460681442,1,1
3.468913038,1,0
3.477343032,1,1
3.485575496,1,0
3.502439080,1,1
3.510671458,1,0
3.519089478,1,1
3.527333172,1,0
3.535750704,1,1
3.543982298,1,0
3.552410822,1,1
3.560642214,1,0
3.569059848,1,1
3.577291592,1,0
3.585720760,1,1
3.593952478,1,0
3.602370172,1,1
3.610613386,1,0
3.619030864,1,1
3.627262762,1,0
3.635692002,1,1
3.643923492,1,0
3.652340498,1,1
3.660571472,1,0
3.668999672,1,1
3.677230674,1,0
3.685647806,1,1
3.693889606,1,0
3.702305816,1,1
3.710536632,1,0
3.718964690,1,1
3.727196392,1,0
3.735613452,1,1
3.743843762,1,0
3.752271956,1,1
3.760502004,1,0
3.768918644,1,1
3.777160792,1,0
3.785577224,1,1
3.793808044,1,0
3.802236510,1,1
3.810468746,1,0
3.818886614,1,1
3.827117614,1,0
3.835545908,1,1
3.843776720,1,0
3.852193438,1,1
3.860436248,1,0
3.868853118,1,1
3.877084106,1,0
3.885512262,1,1
3.893743036,1,0
3.902159884,1,1
3.910390766,1,0
3.918818848,1,1
3.927050554,1,0
3.935467730,1,1
3.943710266,1,0
3.952127956,1,1
3.960359368,1,0
3.968787566,1,1
3.977018788,1,0
3.985435760,1,1
3.993666440,1,0
4.002095182,1,1
4.010326488,1,0
4.018743624,1,1
4.026986160,1,0
4.035402750,1,1
4.043633466,1,0
4.052061198,1,1
4.060291878,1,0
4.068708616,1,1
4.076940208,1,0
4.085368568,1,1
4.093598908,1,0
4.102016564,1,1
4.110259560,1,0
4.118676788,1,1
4.126909280,1,0
4.135338564,1,1
4.143569420,1,0
4.151986256,1,1
4.160218000,1,0
4.168646430,1,1
4.176877642,1,0
4.185295068,1,1
4.193538096,1,0
4.201955628,1,1
4.210187720,1,0
4.218616426,1,1
4.226848330,1,0
4.235265224,1,1
4.243496458,1,0
4.251925332,1,1
4.260157084,1,0
4.268574204,1,1
4.276816820,1,0
4.285233470,1,1
4.293464790,1,0
4.301894504,1,1
4.310125324,1,0
4.318541812,1,1
4.326772460,1,0
4.335199294,1,1
4.343429642,1,0
4.351846422,1,1
4.360087574,1,0
4.368504024,1,1
4.376734708,1,0
4.385161536,1,1
4.393391384,1,0
4.401806844,1,1
4.410037176,1,0
4.418464658,1,1
4.426695190,1,0
4.435110698,1,1
4.443351938,1,0
4.451768392,1,1
4.459998822,1,0
4.468426988,1,1
4.476657992,1,0
4.485074346,1,1
4.493304578,1,0
4.501731632,1,1
4.509962500,1,0
4.518378972,1,1
4.526620954,1,0
4.535036704,1,1
4.543267026,1,0
4.551694006,1,1
4.559924114,1,0
4.568340546,1,1
4.576571780,1,0
4.584999824,1,1
4.593230800,1,0
4.601647686,1,1
4.609889892,1,0
4.618306488,1,1
4.618306492,1,0
4.618306494,1,1
4.626537096,1,0
4.634964896,1,1
4.643195098,1,0
4.651612478,1,1
4.659844278,1,0
4.668272798,1,1
4.676504318,1,0
4.684921490,1,1
4.693164620,1,0
4.701581686,1,1
4.709812360,1,0
4.718240214,1,1
4.726470068,1,0
4.734886860,1,1
4.743116906,1,0
4.751544524,1,1
4.759775354,1,0
4.768192564,1,1
4.776434194,1,0
4.784851482,1,1
4.793083004,1,0
4.801511494,1,1
4.809742214,1,0
4.818158668,1,1
4.826389378,1,0
4.834817262,1,1
4.843047892,1,0
4.851465156,1,1
4.859707842,1,0
4.868124318,1,1
4.876354322,1,0
4.884782186,1,1
4.893013628,1,0
4.901430848,1,1
4.909661470,1,0
4.918089184,1,1
4.926319772,1,0
4.934737518,1,1
4.942980078,1,0
4.951396910,1,1
4.959628144,1,0
4.968057216,1,1
4.976288118,1,0
4.984704860,1,1
4.992935250,1,0
5.001363156,1,1
5.009594728,1,0
5.018012028,1,1
5.026255202,1,0
5.034672602,1,1
5.042903658,1,0
5.051332116,1,1
5.059563144,1,0
5.067979502,1,1
5.076210098,1,0
5.084638028,1,1
5.092868586,1,0
5.101285404,1,1
5.109528218,1,0
5.117945436,1,1
5.126176842,1,0
5.134605578,1,1
5.142836676,1,0
5.151254034,1,1
5.159485120,1,0
5.167913404,1,1
5.176144500,1,0
5.184561680,1,1
5.192804012,1,0
5.201220880,1,1
5.209452218,1,0
5.217880254,1,1
5.226110852,1,0
5.234527690,1,1
5.242758676,1,0
5.251186808,1,1
5.259416730,1,0
5.267832828,1,1
5.276074476,1,0
5.284491262,1,1
5.292722030,1,0
5.301150072,1,1
5.309381088,1,0
5.317797454,1,1
5.326028532,1,0
5.334457604,1,1
5.342688928,1,0
5.351105892,1,1
5.359347946,1,0
5.367764648,1,1
5.375995504,1,0
5.384423820,1,1
5.392654592,1,0
5.401072200,1,1
5.409303384,1,0
5.417730702,1,1
5.425961120,1,0
5.434377374,1,1
5.442619918,1,0
5.451036988,1,1
5.451036990,1,0
5.451036994,1,1
5.459267042,1,0
5.467694246,1,1
5.475924256,1,0
5.484340420,1,1
5.492570672,1,0
5.500998396,1,1
5.509228552,1,0
5.517645566,1,1
5.517645568,1,0
5.517645570,1,1
5.525887868,1,0
5.534304052,1,1
5.542534016,1,0
5.550961590,1,1
5.559192730,1,0
5.567610912,1,1
5.575842680,1,0
5.592705612,1,1
5.600936958,1,0
5.609365078,1,1
5.617596716,1,0
5.626014152,1,1
5.634257598,1,0
5.642675106,1,1
5.650907436,1,0
5.659336646,1,1
5.667568512,1,0
5.675985506,1,1
5.684215834,1,0
5.692643566,1,1
5.700875266,1,0
5.709292692,1,1
5.717536250,1,0
5.725954870,1,1
5.734188136,1,0
5.742616834,1,1
5.750848144,1,0
5.759265602,1,1
5.767497444,1,0
5.775926034,1,1
5.784157024,1,0
5.792574412,1,1
5.800816638,1,0
5.809233942,1,1
5.817465792,1,0
5.825894082,1,1
5.834126030,1,0
5.842543586,1,1
5.850774736,1,0
5.859202162,1,1
5.867433132,1,0
5.875849802,1,1
5.884091824,1,0
5.892508190,1,1
5.900738612,1,0
5.909167186,1,1
5.917398246,1,0
5.925815472,1,1
5.934046798,1,0
5.942475142,1,1
5.950705984,1,0
5.959123888,1,1
5.967366168,1,0
5.975783234,1,1
5.984014818,1,0
5.992444388,1,1
6.000676280,1,0
6.009094106,1,1
6.017326170,1,0
6.025754586,1,1
6.033985788,1,0
6.042403046,1,1
6.050645794,1,0
6.059063378,1,1
6.067295058,1,0
6.075724388,1,1
6.083956632,1,0
6.092375080,1,1
6.100607544,1,0
6.109036982,1,1
6.117268546,1,0
6.125686248,1,1
6.133929656,1,0
6.142346678,1,1
6.150577876,1,0
6.159006462,1,1
6.167237700,1,0
6.175653982,1,1
6.183885030,1,0
6.192313496,1,1
6.200544478,1,0
6.208961470,1,1
6.217204166,1,0
6.225621570,1,1
6.233852544,1,0
6.242280620,1,1
6.250511420,1,0
6.258928896,1,1
6.267161278,1,0
6.275590020,1,1
6.283821366,1,0
6.292238378,1,1
6.300481046,1,0
6.308898182,1,1
6.317129852,1,0
6.325557756,1,1
6.333788536,1,0
6.342205248,1,1
6.350437152,1,0
6.358865604,1,1
6.367096514,1,0
6.375513986,1,1
6.383757244,1,0
6.392173882,1,1
6.400404548,1,0
6.408833302,1,1
6.417064082,1,0
6.425481274,1,1
6.433712292,1,0
6.442139662,1,1
6.450370672,1,0
6.458788040,1,1
6.467030072,1,0
6.475446856,1,1
6.483677508,1,0
6.492104728,1,1
6.500334996,1,0
6.508752020,1,1
6.516982594,1,0
6.525410982,1,1
6.533642066,1,0
6.542058544,1,1
6.542058548,1,0
6.542058550,1,1
6.550300866,1,0
6.558717484,1,1
6.566947960,1,0
6.575376018,1,1
6.583606618,1,0
6.592023568,1,1
6.600253926,1,0
6.608681030,1,1
6.616911150,1,0
6.625327400,1,1
6.633569012,1,0
6.641985526,1,1
6.650215384,1,0
6.658642832,1,1
6.666872432,1,0
6.675288420,1,1
6.683518462,1,0
6.691945864,1,1
6.700176746,1,0
6.708593036,1,1
6.716834884,1,0
6.725252030,1,1
6.733482632,1,0
6.741909932,1,1
6.750139892,1,0
6.758555540,1,1
6.766785738,1,0
6.775213844,1,1
6.783443994,1,0
6.791860354,1,1
6.800101796,1,0
6.808518372,1,1
6.816749174,1,0
6.825178194,1,1
6.833408698,1,0
6.841825246,1,1
6.850055084,1,0
6.858482564,1,1
6.866713670,1,0
6.875130050,1,1
6.883372186,1,0
6.891789684,1,1
6.900020828,1,0
6.908449410,1,1
6.908449414,1,0
6.908449418,1,1
6.916680812,1,0
6.925097982,1,1
6.933328100,1,0
6.941755798,1,1
6.949986852,1,0
6.958403756,1,1
6.966646376,1,0
6.975063392,1,1
6.983294350,1,0
6.991723248,1,1
6.999954980,1,0
7.008373034,1,1
7.016603714,1,0
7.025031910,1,1
7.033262990,1,0
7.041680016,1,1
7.049921882,1,0
7.058339006,1,1
7.066570260,1,0
7.074998320,1,1
7.083229126,1,0
7.091645954,1,1
7.099877098,1,0
7.108305800,1,1
7.116537396,1,0
7.124954068,1,1
7.133196730,1,0
7.141613260,1,1
7.149844204,1,0
7.158272318,1,1
7.166503422,1,0
7.174920490,1,1
7.183151412,1,0
7.191579152,1,1
7.199810246,1,0
7.208226762,1,1
7.216468266,1,0
7.224883924,1,1
7.233114872,1,0
7.241542482,1,1
7.249772308,1,0
7.258188560,1,1
7.266418594,1,0
7.274845826,1,1
7.283076188,1,0
7.291491952,1,1
7.299733448,1,0
7.308149730,1,1
7.308149734,1,0
7.308149736,1,1
7.316379984,1,0
7.324807688,1,1
7.333038682,1,0
7.341455042,1,1
7.349685936,1,0
7.358114030,1,1
7.366344572,1,0
7.374760238,1,1
7.383002412,1,0
7.391419688,1,1
7.399651332,1,0
7.408080092,1,1
7.408080096,1,0
7.408080100,1,1
7.416311028,1,0
7.424727882,1,1
7.432959344,1,0
7.441387398,1,1
7.449618108,1,0
7.458034224,1,1
7.466276526,1,0
7.474692756,1,1
7.482923288,1,0
7.491352002,1,1
7.499583860,1,0
7.508001308,1,1
7.516232356,1,0
7.524660810,1,1
7.532891774,1,0
7.541308826,1,1
7.549551410,1,0
7.557968806,1,1
7.566199970,1,0
7.574628574,1,1
7.582859976,1,0
7.591277570,1,1
7.599509542,1,0
7.607938954,1,1
7.616169830,1,0
7.624586412,1,1
7.632828404,1,0
7.641244674,1,1
7.649475272,1,0
7.657902804,1,1
7.666132992,1,0
7.682992562,1,1
7.691222798,1,0
7.699639404,1,1
7.707870330,1,0
7.716297898,1,1
7.724528106,1,0
7.732944534,1,1
7.741186308,1,0
7.749602810,1,1
7.757833550,1,0
7.766260958,1,1
7.774491522,1,0
7.782908240,1,1
7.791139104,1,0
7.799566770,1,1
7.807797314,1,0
7.816212872,1,1
7.824454732,1,0
7.832870970,1,1
7.841102110,1,0
7.849531430,1,1
7.857763108,1,0
7.866179930,1,1
7.874411960,1,0
7.882841102,1,1
7.891072264,1,0
7.899490082,1,1
7.899490084,1,0
7.899490086,1,1
7.907732158,1,0
7.916149098,1,1
7.924380608,1,0
7.932808830,1,1
7.941039806,1,0
7.949456928,1,1
7.957686856,1,0
7.966114936,1,1
7.974345048,1,0
7.982761950,1,1
7.991004440,1,0
7.999420750,1,1
8.007651448,1,0
8.016079324,1,1
8.024310408,1,0
8.032727218,1,1
8.040958248,1,0
8.049385998,1,1
8.057616116,1,0
8.066032764,1,1
8.074275404,1,0
8.082692684,1,1
8.090923628,1,0
8.099351666,1,1
8.107582376,1,0
8.115999434,1,1
8.124230686,1,0
8.132658862,1,1
8.140889748,1,0
8.149305556,1,1
8.157547386,1,0
8.165964062,1,1
8.174194434,1,0
8.182622162,1,1
8.190853136,1,0
8.199269712,1,1
8.207500484,1,0
8.215928594,1,1
8.224159270,1,0
8.232575892,1,1
8.240818150,1,0
8.249235262,1,1
8.257465930,1,0
8.265894046,1,1
8.274124348,1,0
8.282541190,1,1
8.290771694,1,0
8.299199512,1,1
8.307430474,1,0
8.315848080,1,1
8.324091038,1,0
8.332507872,1,1
8.340738602,1,0
8.349166128,1,1
8.349166132,1,0
8.349166136,1,1
8.357396524,1,0
8.365813780,1,1
8.374045028,1,0
8.382472962,1,1
8.390703414,1,0
8.399119982,1,1
8.407362512,1,0
8.415779364,1,1
8.424010896,1,0
8.432440128,1,1
8.440671380,1,0
8.449088340,1,1
8.457319246,1,0
8.465747330,1,1
8.473978288,1,0
8.482395022,1,1
8.490637620,1,0
8.499054410,1,1
8.499054414,1,0
8.499054418,1,1
8.507285420,1,0
8.515714114,1,1
8.523945234,1,0
8.532362366,1,1
8.540592584,1,0
8.549021086,1,1
8.557252012,1,0
8.565668940,1,1
8.573911700,1,0
8.582328692,1,1
8.590559878,1,0
8.598988370,1,1
8.607220114,1,0
8.615637712,1,1
8.623869778,1,0
8.632298734,1,1
8.640530450,1,0
8.648947228,1,1
8.657190154,1,0
8.665608534,1,1
8.673840422,1,0
8.682269372,1,1
8.690501488,1,0
8.698918368,1,1
8.707149262,1,0
8.715577050,1,1
8.723807944,1,0
8.732224812,1,1
8.740466280,1,0
8.748882346,1,1
8.757112912,1,0
8.765540480,1,1
8.773771014,1,0
8.782188004,1,1
8.790418196,1,0
8.798846306,1,1
8.807077458,1,0
8.815494568,1,1
8.823736550,1,0
8.832153182,1,1
8.840384226,1,0
8.848812606,1,1
8.857042624,1,0
8.865458980,1,1
8.873689820,1,0
8.882117984,1,1
8.890348198,1,0
8.898764780,1,1
8.907007244,1,0
8.915424434,1,1
8.923656108,1,0
8.932084358,1,1
8.940314912,1,0
8.948731298,1,1
8.956962716,1,0
8.965390942,1,1
8.973622216,1,0
8.982039094,1,1
8.990280364,1,0
8.998696850,1,1
9.006927082,1,0
9.015355586,1,1
9.023586738,1,0
9.032003710,1,1
9.040234358,1,0
9.048662164,1,1
9.056893390,1,0
9.065309630,1,1
9.073552270,1,0
9.081969414,1,1
9.090200752,1,0
9.098629636,1,1
9.106861454,1,0
9.115278852,1,1
9.123510426,1,0
9.131938428,1,1
9.140168900,1,0
9.148586262,1,1
9.156828454,1,0
9.165245526,1,1
9.173476522,1,0
9.181904244,1,1
9.190135030,1,0
9.198552382,1,1
9.206783868,1,0
9.215212052,1,1
9.223442474,1,0
9.231859174,1,1
9.240101584,1,0
9.248519126,1,1
9.256750622,1,0
9.265179674,1,1
9.273410784,1,0
9.281827818,1,1
9.290059160,1,0
9.298487524,1,1
9.306718238,1,0
9.315135098,1,1
9.323376918,1,0
9.331792944,1,1
9.340023620,1,0
9.348451856,1,1
9.356682942,1,0
9.365099620,1,1
9.373330794,1,0
9.381758776,1,1
9.389990160,1,0
9.398407090,1,1
9.406649018,1,0
9.415065372,1,1
9.423295978,1,0
9.431723736,1,1
9.439954288,1,0
9.448371526,1,1
9.456602924,1,0
9.465031630,1,1
9.465031636,1,0
9.465031638,1,1
9.473262340,1,0
9.481679070,1,1
9.489920660,1,0
9.498337374,1,1
9.506568250,1,0
9.514996322,1,1
9.514996324,1,0
9.514996330,1,1
9.523227292,1,0
9.531644186,1,1
9.539875658,1,0
9.548304314,1,1
9.556535572,1,0
9.564952778,1,1
9.573195618,1,0
9.581612518,1,1
9.589844094,1,0
9.598272910,1,1
9.606504110,1,0
9.614921126,1,1
9.623151742,1,0
9.631580260,1,1
9.639810704,1,0
9.648228158,1,1
9.656470610,1,0
9.664887332,1,1
9.673117464,1,0
9.681545574,1,1
9.689776106,1,0
9.698192766,1,1
9.706423924,1,0
9.714851906,1,1
9.723082354,1,0
9.731499546,1,1
9.739742758,1,0
9.748160432,1,1
9.756392112,1,0
9.773253930,1,1
9.781484998,1,0
9.789912878,1,1
9.798143402,1,0
9.806559968,1,1
9.814791968,1,0
9.823220104,1,1
9.831450950,1,0
9.839867366,1,1
9.839867370,1,0
9.839867372,1,1
9.848109400,1,0
9.856525950,1,1
9.864756436,1,0
9.873184154,1,1
9.881415626,1,0
9.889832826,1,1
9.898064544,1,0
9.906492708,1,1
9.914723946,1,0
9.923140898,1,1
9.923140902,1,0
9.923140904,1,1
9.931383612,1,0
9.939801750,1,1
9.948032866,1,0
9.956461730,1,1
9.964693634,1,0
9.973110820,1,1
9.981342082,1,0
9.989771126,1,1
9.998003138,1,0
10.006420836,1,1
10.014663992,1,0
10.023081792,1,1
10.031313224,1,0
10.039741312,1,1
10.047973086,1,0
10.056389946,1,1
10.064620800,1,0
10.073049396,1,1
10.081280376,1,0
10.089696780,1,1
10.097939052,1,0
10.106355992,1,1
10.114586718,1,0
10.123014572,1,1
10.131245146,1,0
10.139661826,1,1
10.147892706,1,0
10.156320966,1,1
10.164551852,1,0
10.172968274,1,1
10.181210150,1,0
10.189626416,1,1
10.197856454,1,0
10.206283706,1,1
10.214513946,1,0
10.222930550,1,1
10.231161402,1,0
10.239588898,1,1
10.247819516,1,0
10.256235906,1,1
10.264477158,1,0
10.272893696,1,1
10.281124442,1,0
10.289552008,1,1
10.297782634,1,0
10.306199152,1,1
10.314429824,1,0
10.322857412,1,1
10.331087570,1,0
10.339503826,1,1
10.347744784,1,0
10.356160256,1,1
10.364390178,1,0
10.372817424,1,1
10.381048398,1,0
10.389465632,1,1
10.397696486,1,0
10.406124644,1,1
10.414355864,1,0
10.422772918,1,1
10.431015286,1,0
10.439432408,1,1
10.447663224,1,0
10.456091664,1,1
10.464323062,1,0
10.472739646,1,1
10.480970294,1,0
10.489398456,1,1
10.497629798,1,0
10.506046848,1,1
10.506046850,1,0
10.506046856,1,1
10.514289994,1,0
10.522707640,1,1
10.530939746,1,0
10.539368302,1,1
10.547599796,1,0
10.556017064,1,1
10.564248516,1,0
10.572677546,1,1
10.580908994,1,0
10.589326296,1,1
10.597568498,1,0
10.605985582,1,1
10.605985586,1,0
10.605985590,1,1
10.614216528,1,0
10.622644570,1,1
10.630875996,1,0
10.639293352,1,1
10.647524246,1,0
10.655952636,1,1
10.664184728,1,0
10.672602190,1,1
10.680844994,1,0
10.689261960,1,1
10.697493322,1,0
10.705921710,1,1
10.714153782,1,0
10.722571278,1,1
10.730802788,1,0
10.739231162,1,1
10.747462362,1,0
10.755879050,1,1
10.764121982,1,0
10.772539672,1,1
10.780771018,1,0
10.789199662,1,1
10.797431840,1,0
10.805849178,1,1
10.814080458,1,0
10.822509118,1,1
10.830739996,1,0
10.839157310,1,1
10.847400334,1,0
10.855816948,1,1
10.864048314,1,0
10.872477552,1,1
10.880708830,1,0
10.889125750,1,1
10.897355632,1,0
10.905783538,1,1
10.914014644,1,0
10.922431568,1,1
10.930673760,1,0
10.939090458,1,1
10.947321152,1,0
10.955749416,1,1
10.963980440,1,0
10.972398220,1,1
10.972398224,1,0
10.972398228,1,1
10.980630010,1,0
10.989058886,1,1
10.997290228,1,0
11.005706904,1,1
11.013949692,1,0
11.022367348,1,1
11.030598814,1,0
11.039027404,1,1
11.047258402,1,0
11.055674360,1,1
11.063905012,1,0
11.072333358,1,1
11.080564848,1,0
11.088982358,1,1
11.097224626,1,0
11.105641824,1,1
11.113872508,1,0
11.122299916,1,1
11.130530714,1,0
11.138947302,1,1
11.147177738,1,0
11.155606064,1,1
11.163837728,1,0
11.172253698,1,1
11.180495304,1,0
11.188911108,1,1
11.197141730,1,0
11.205569118,1,1
11.213799784,1,0
11.222216378,1,1
11.230447266,1,0
11.238875890,1,1
11.247107612,1,0
11.255526088,1,1
11.263769928,1,0
11.272187242,1,1
11.280418792,1,0
11.288847442,1,1
11.297078614,1,0
11.305495502,1,1
11.313726752,1,0
11.322155370,1,1
11.330386458,1,0
11.338803620,1,1
11.338803622,1,0
11.338803626,1,1
11.347045892,1,0
11.355462716,1,1
11.363694362,1,0
11.372122338,1,1
11.380353536,1,0
11.388770332,1,1
11.397001464,1,0
11.405430334,1,1
11.413662000,1,0
11.422079842,1,1
11.430321958,1,0
11.438738738,1,1
11.446970276,1,0
11.455398854,1,1
11.463629792,1,0
11.472047222,1,1
11.480277510,1,0
11.488704688,1,1
11.496935234,1,0
11.505351650,1,1
11.513593468,1,0
11.522010596,1,1
11.530240536,1,0
11.538667508,1,1
11.546898156,1,0
11.555314820,1,1
11.563545818,1,0
11.571973904,1,1
11.580204666,1,0
11.588621734,1,1
11.596864006,1,0
11.605281378,1,1
11.613513142,1,0
11.621941850,1,1
11.630173302,1,0
11.638590354,1,1
11.646821934,1,0
11.655250606,1,1
11.663482192,1,0
11.671899598,1,1
11.680142396,1,0
11.688558646,1,1
11.696789532,1,0
11.705217654,1,1
11.713447544,1,0
11.721864536,1,1
11.721864540,1,0
11.721864544,1,1
11.730095488,1,0
11.738523468,1,1
11.746754520,1,0
11.755171742,1,1
11.763414116,1,0
11.771830662,1,1
11.780061402,1,0
11.788490144,1,1
11.796721928,1,0
11.805139570,1,1
11.813370530,1,0
11.821798822,1,1
11.830029686,1,0
11.838447238,1,1
11.846689786,1,0
11.863540784,1,1
11.871783346,1,0
11.880200498,1,1
11.888431882,1,0
11.896860418,1,1
11.905091934,1,0
11.913509372,1,1
11.921741288,1,0
11.930169518,1,1
11.938400986,1,0
11.946818608,1,1
11.955061356,1,0
11.963478928,1,1
11.971710658,1,0
11.980139630,1,1
11.988371382,1,0
11.996788430,1,1
12.005019958,1,0
12.013447890,1,1
12.021678792,1,0
12.030096316,1,1
12.038339290,1,0
12.046757690,1,1
12.054989632,1,0
12.063418460,1,1
12.071650082,1,0
12.080066736,1,1
12.088297892,1,0
12.096726458,1,1
12.104958452,1,0
12.113376172,1,1
12.121619646,1,0
12.130036812,1,1
12.138267964,1,0
12.146696440,1,1
12.154928304,1,0
12.163345550,1,1
12.171576486,1,0
12.180005124,1,1
12.188236480,1,0
12.196653058,1,1
12.204895704,1,0
12.213313036,1,1
12.221544392,1,0
12.229973440,1,1
12.238205774,1,0
12.246623298,1,1
12.254855572,1,0
12.263284372,1,1
12.271515882,1,0
12.279933482,1,1
12.288176274,1,0
12.296593588,1,1
12.304825566,1,0
12.313254306,1,1
12.321485968,1,0
12.329902750,1,1
12.338134140,1,0
12.346562800,1,1
12.354794032,1,0
12.363211492,1,1
12.371453958,1,0
12.379871484,1,1
12.388103206,1,0
12.396531964,1,1
12.404763686,1,0
12.413181752,1,1
12.421412922,1,0
12.429842080,1,1
12.438074176,1,0
12.446492268,1,1
12.446492272,1,0
12.446492276,1,1
12.454736184,1,0
12.463154844,1,1
12.471387148,1,0
12.479816896,1,1
12.488049270,1,0
12.496467562,1,1
12.504699804,1,0
12.513129428,1,1
12.521361658,1,0
12.529779538,1,1
12.538023032,1,0
12.546440580,1,1
12.554672772,1,0
12.563102272,1,1
12.571333956,1,0
12.579751052,1,1
12.587983014,1,0
12.596412808,1,1
12.604645188,1,0
12.613063394,1,1
12.621307618,1,0
12.629726190,1,1
12.637958732,1,0
12.646387958,1,1
12.654620418,1,0
12.663038716,1,1
12.671270942,1,0
12.679701010,1,1
12.687933722,1,0
12.696351668,1,1
12.704595370,1,0
12.713013794,1,1
12.721246368,1,0
12.729675922,1,1
12.737907684,1,0
12.746325722,1,1
12.754557672,1,0
12.762986848,1,1
12.771219782,1,0
12.779638162,1,1
12.787882554,1,0
12.796301540,1,1
12.804534652,1,0
12.812964972,1,1
12.821197748,1,0
12.829615926,1,1
12.837848218,1,0
12.846278096,1,1
12.854510538,1,0
12.862927888,1,1
12.871171236,1,0
12.879589784,1,1
12.887821968,1,0
12.896251348,1,1
12.904483630,1,0
12.912902060,1,1
12.921134548,1,0
12.929563944,1,1
12.937796580,1,0
12.946215348,1,1
12.954459734,1,0
12.962878764,1,1
12.971111810,1,0
12.979541552,1,1
12.987774024,1,0
12.996192312,1,1
13.004424620,1,0
13.012854120,1,1
13.021087038,1,0
13.029505896,1,1
13.037749704,1,0
13.046167880,1,1
13.046167884,1,0
13.046167888,1,1
13.054400202,1,0
13.062830080,1,1
13.071062654,1,0
13.079480924,1,1
13.087713176,1,0
13.096142656,1,1
13.104374572,1,0
13.112792636,1,1
13.121035186,1,0
13.129452480,1,1
13.137684200,1,0
13.146114138,1,1
13.154346704,1,0
13.162765012,1,1
13.162765018,1,0
13.162765020,1,1
13.170997458,1,0
13.179426694,1,1
13.187658488,1,0
13.196075840,1,1
13.204318998,1,0
13.212737316,1,1
13.220969954,1,0
13.229399722,1,1
13.237632096,1,0
13.246051114,1,1
13.254283502,1,0
13.262713474,1,1
13.270946640,1,0
13.279365298,1,1
13.287609202,1,0
13.296027920,1,1
13.304260690,1,0
13.312690040,1,1
13.320922240,1,0
13.329340210,1,1
13.337572234,1,0
13.346001748,1,1
13.346001752,1,0
13.346001756,1,1
13.354233132,1,0
13.362651150,1,1
13.370895004,1,0
13.379314308,1,1
13.387547406,1,0
13.395977332,1,1
13.404209256,1,0
13.412627308,1,1
13.420859356,1,0
13.429289162,1,1
13.437521552,1,0
13.445940364,1,1
13.454184480,1,0
13.462603064,1,1
13.470835830,1,0
13.479265154,1,1
13.479265158,1,0
13.479265160,1,1
13.487497500,1,0
13.495915978,1,1
13.504148390,1,0
13.512577312,1,1
13.520809408,1,0
13.529227588,1,1
13.537470884,1,0
13.545888708,1,1
13.554121102,1,0
13.562550396,1,1
13.570782344,1,0
13.579200774,1,1
13.587433638,1,0
13.595862810,1,1
13.604096066,1,0
13.612515262,1,1
13.620758956,1,0
13.629177898,1,1
13.637411086,1,0
13.645840528,1,1
13.654072986,1,0
13.662491534,1,1
13.670723466,1,0
13.679152510,1,1
13.687384694,1,0
13.695802006,1,1
13.704045550,1,0
13.712463856,1,1
13.720697058,1,0
13.729126784,1,1
13.737359062,1,0
13.745775904,1,1
13.754007134,1,0
13.762436844,1,1
13.762436850,1,0
13.762436852,1,1
13.770668672,1,0
13.779086152,1,1
13.787329224,1,0
13.795746696,1,1
13.803978560,1,0
13.812408088,1,1
13.820640840,1,0
13.829059832,1,1
13.837291678,1,0
13.845720518,1,1
13.853952146,1,0
13.862369934,1,1
13.870613956,1,0
13.879032224,1,1
13.887264966,1,0
13.895695480,1,1
13.903929228,1,0
13.912348142,1,1
13.920580508,1,0
13.929010322,1,1
13.937242700,1,0
13.954106646,1,1
13.962339278,1,0
13.970757292,1,1
13.979000532,1,0
13.987417380,1,1
13.995648964,1,0
14.004077752,1,1
14.012309136,1,0
14.020726758,1,1
14.028958462,1,0
14.037387422,1,1
14.045619720,1,0
14.054038036,1,1
14.062281378,1,0
14.070698418,1,1
14.078929890,1,0
14.087358850,1,1
14.095590912,1,0
14.104008830,1,1
14.112240724,1,0
14.120669360,1,1
14.128901402,1,0
14.137318650,1,1
14.145561476,1,0
14.153979152,1,1
14.162210586,1,0
14.170639480,1,1
14.178871348,1,0
14.187288888,1,1
14.195521270,1,0
14.203951098,1,1
14.212183412,1,0
14.220601292,1,1
14.228845632,1,0
14.237263364,1,1
14.245495554,1,0
14.253924872,1,1
14.262157460,1,0
14.270575222,1,1
14.278807090,1,0
14.287237058,1,1
14.295470890,1,0
14.303890090,1,1
14.312134298,1,0
14.320553392,1,1
14.328785958,1,0
14.337216480,1,1
14.345450016,1,0
14.353869458,1,1
14.362102618,1,0
14.370533510,1,1
14.378766452,1,0
14.387185470,1,1
14.395430324,1,0
14.403849564,1,1
14.412083260,1,0
14.420513540,1,1
14.428747128,1,0
14.437166846,1,1
14.445400058,1,0
14.453830094,1,1
14.462063204,1,0
14.470481594,1,1
14.478726466,1,0
14.487145826,1,1
14.495379312,1,0
14.503809312,1,1
14.512042440,1,0
14.520461026,1,1
14.528693292,1,0
14.537124012,1,1
14.545356716,1,0
14.553775544,1,1
14.562019402,1,0
14.570438058,1,1
14.578669664,1,0
14.587099030,1,1
14.587099034,1,0
14.587099036,1,1
14.595330150,1,0
14.603747950,1,1
14.611979638,1,0
14.620409550,1,1
14.628641954,1,0
14.637060686,1,1
14.645305254,1,0
14.653723876,1,1
14.661956604,1,0
14.670386294,1,1
14.678618508,1,0
14.687037870,1,1
14.695270384,1,0
14.703699814,1,1
14.711931874,1,0
14.720349052,1,1
14.728593050,1,0
14.737011638,1,1
14.745243398,1,0
14.753673330,1,1
14.761905854,1,0
14.770323846,1,1
14.770323852,1,0
14.770323856,1,1
14.778557204,1,0
14.786987184,1,1
14.795219644,1,0
14.803638160,1,1
14.811881658,1,0
14.820300022,1,1
14.828532906,1,0
14.836962562,1,1
14.845195022,1,0
14.853613224,1,1
14.861845516,1,0
14.870275026,1,1
14.878507868,1,0
14.886926750,1,1
14.895170184,1,0
14.903588786,1,1
14.911820786,1,0
14.920250504,1,1
14.928482174,1,0
14.936900874,1,1
14.945133718,1,0
14.953563654,1,1
14.961797300,1,0
14.970215826,1,1
14.978460146,1,0
14.986879016,1,1
14.995111176,1,0
15.003540620,1,1
15.011773444,1,0
15.020191262,1,1
15.028423276,1,0
15.036852278,1,1
15.045084548,1,0
15.053502736,1,1
15.061746428,1,0
15.070164362,1,1
15.078396718,1,0
15.086826354,1,1
15.095058136,1,0
15.103475904,1,1
15.111707640,1,0
15.120136748,1,1
15.128368908,1,0
15.136786870,1,1
15.145030384,1,0
15.153448574,1,1
15.161680656,1,0
15.170110516,1,1
15.178342792,1,0
15.186761044,1,1
15.194993110,1,0
15.203422706,1,1
15.211655456,1,0
15.220073578,1,1
15.228316524,1,0
15.236734170,1,1
15.244965920,1,0
15.253394866,1,1
15.261626390,1,0
15.270043734,1,1
15.278276146,1,0
15.286705702,1,1
15.294938450,1,0
15.303357188,1,1
15.311599942,1,0
15.320017454,1,1
15.328249536,1,0
15.336678776,1,1
15.344910772,1,0
15.353328428,1,1
15.361559844,1,0
15.369988876,1,1
15.378221218,1,0
15.386640258,1,1
15.394883734,1,0
15.403302250,1,1
15.411534470,1,0
15.419963876,1,1
15.428195216,1,0
15.436612606,1,1
15.444845254,1,0
15.453274528,1,1
15.461505992,1,0
15.469924464,1,1
15.478168074,1,0
15.486586758,1,1
15.494819194,1,0
15.503248576,1,1
15.511480086,1,0
15.519898168,1,1
15.528130394,1,0
15.536559502,1,1
15.544791204,1,0
15.553208270,1,1
15.561450904,1,0
15.569868444,1,1
15.578100016,1,0
15.586528198,1,1
15.594760888,1,0
15.603178164,1,1
15.603178170,1,0
15.603178172,1,1
15.611410206,1,0
15.619840116,1,1
15.628071570,1,0
15.636489622,1,1
15.644732672,1,0
15.653149546,1,1
15.661381318,1,0
15.669810882,1,1
15.678043206,1,0
15.686461344,1,1
15.694693860,1,0
15.703123220,1,1
15.711355042,1,0
15.719773192,1,1
15.728017128,1,0
15.736435660,1,1
15.737942722,0,1
15.737954522,0,0
15.737997302,0,1
15.738020540,1,1
15.738039700,1,0
15.738080998,1,1
15.738102246,0,1
15.738122414,0,0
15.738163720,0,1
15.738186954,1,1
15.738206112,1,0
15.738247414,1,1
15.738289812,1,0
15.738331112,1,1
15.738352358,0,1
15.738372526,0,0
15.738413830,0,1
15.738437064,1,1
15.738456222,1,0
15.738497522,1,1
15.738518768,0,1
15.738538938,0,0
15.738580246,0,1
15.738621654,0,0
15.738665420,0,1
15.738688654,1,1
15.738707816,1,0
15.738746160,1,1
15.738788556,1,0
15.738833302,1,1
15.738868322,1,0
15.748903686,1,1
15.757135994,1,0
15.765553900,1,1
15.773786350,1,0
15.782215730,1,1
15.790448070,1,0
15.798865984,1,1
15.806882664,0,1
15.806894462,0,0
15.806937240,0,1
15.806978658,0,0
15.807019958,0,1
15.807061364,0,0
15.807102664,0,1
15.807144070,0,0
15.807185372,0,1
15.807226782,0,0
15.807268086,0,1
15.807291318,1,1
15.807310478,1,0
15.807351782,1,1
15.807394184,1,0
15.807435480,1,1
15.807477882,1,0
15.807519182,1,1
15.807561578,1,0
15.807605340,1,1
15.807647738,1,0
15.807686086,1,1
15.807728484,1,0
15.807773226,1,1
15.811400944,0,1
15.811412744,0,0
15.811455522,0,1
15.811478748,1,1
15.811497910,1,0
15.811539206,1,1
15.811560454,0,1
15.811580622,0,0
15.811621922,0,1
15.811645154,1,1
15.811664314,1,0
15.811705612,1,1
15.811748008,1,0
15.811789304,1,1
15.811810552,0,1
15.811830720,0,0
15.811872022,0,1
15.811895252,1,1
15.811914412,1,0
15.811955708,1,1
15.811976958,0,1
15.811997124,0,0
15.812038420,0,1
15.812079832,0,0
15.812123596,0,1
15.812146828,1,1
15.812165986,1,0
15.812204332,1,1
15.812246728,1,0
15.812291468,1,1
15.812307650,1,0
15.828891548,1,1
15.837122928,1,0
15.845550566,1,1
15.853781898,1,0
15.862199552,1,1
15.870431304,1,0
15.878860772,1,1
15.881560700,0,1
15.881572494,0,0
15.881615250,0,1
15.881638468,1,1
15.881657620,1,0
15.881698898,1,1
15.881720138,0,1
15.881740296,0,0
15.881781578,0,1
15.881804800,1,1
15.881823952,1,0
15.881865230,1,1
15.881907608,1,0
15.881948886,1,1
15.881970126,0,1
15.881990284,0,0
15.882031564,0,1
15.882054784,1,1
15.882073934,1,0
15.882115210,1,1
15.882136450,0,1
15.882156608,0,0
15.882197894,0,1
15.882239284,0,0
15.882283024,0,1
15.882306248,1,1
15.882325398,1,0
15.882363728,1,1
15.882406102,1,0
15.882450822,1,1
15.882474552,1,0
15.892901996,1,1
15.901132944,1,0
15.909550410,1,1
15.912196780,0,1
15.912208580,0,0
15.912251360,0,1
15.912292762,0,0
15.912334064,0,1
15.912375474,0,0
15.912416772,0,1
15.912440000,1,1
15.912459164,1,0
15.912500460,1,1
15.912521710,0,1
15.912541876,0,0
15.912583180,0,1
15.912624590,0,0
15.912665894,0,1
15.912689128,1,1
15.912708286,1,0
15.912749590,1,1
15.912770838,0,1
15.912791008,0,0
15.912832312,0,1
15.912873724,0,0
15.912917486,0,1
15.912940718,1,1
15.912959880,1,0
15.912998232,1,1
15.913040634,1,0
15.913085382,1,1
15.913120752,1,0
15.924891142,1,1
15.933123458,1,0
15.941552596,1,1
15.949783530,1,0
15.958200502,1,1
15.959887964,0,1
15.959899762,0,0
15.959942540,0,1
15.959983950,0,0
15.960025250,0,1
15.960066656,0,0
15.960107958,0,1
15.960149364,0,0
15.960190664,0,1
15.960232076,0,0
15.960273374,0,1
15.960296608,1,1
15.960315766,1,0
15.960357066,1,1
15.960399458,1,0
15.960440758,1,1
15.960483154,1,0
15.960524450,1,1
15.960566846,1,0
15.960610604,1,1
15.960653002,1,0
15.960691344,1,1
15.960733742,1,0
15.960778484,1,1
15.964410632,0,1
15.964422434,0,0
15.964465220,0,1
15.964506640,0,0
15.964547950,0,1
15.964589366,0,0
15.964630672,0,1
15.964653910,1,1
15.964673070,1,0
15.964714370,1,1
15.964735620,0,1
15.964755792,0,0
15.964797102,0,1
15.964838518,0,0
15.964879824,0,1
15.964903062,1,1
15.964922224,1,0
15.964963530,1,1
15.964984778,0,1
15.965004950,0,0
15.965046260,0,1
15.965087676,0,0
15.965131444,0,1
15.965154680,1,1
15.965173842,1,0
15.965212192,1,1
15.965254590,1,0
15.965299334,1,1
15.965299338,1,0
15.965299342,1,1
15.965315526,1,0
15.980890432,1,1
15.987541622,0,1
15.987553416,0,0
15.987596176,0,1
15.987637568,0,0
15.987678848,0,1
15.987720246,0,0
15.987761532,0,1
15.987802922,0,0
15.987844206,0,1
15.987885596,0,0
15.987926878,0,1
15.987950106,1,1
15.987969258,1,0
15.988010538,1,1
15.988052920,1,0
15.988094202,1,1
15.988136582,1,0
15.988177862,1,1
15.988220240,1,0
15.988263982,1,1
15.988306362,1,0
15.988344688,1,1
15.988387072,1,0
15.988431798,1,1
15.992059916,0,1
15.992071716,0,0
15.992114494,0,1
15.992137730,1,1
15.992156888,1,0
15.992198190,1,1
15.992219436,0,1
15.992239606,0,0
15.992280908,0,1
15.992304138,1,1
15.992323300,1,0
15.992364600,1,1
15.992406996,1,0
15.992448296,1,1
15.992469544,0,1
15.992489712,0,0
15.992531014,0,1
15.992554248,1,1
15.992573406,1,0
15.992614700,1,1
15.992635946,0,1
15.992656112,0,0
15.992697412,0,1
15.992738822,0,0
15.992782588,0,1
15.992805824,1,1
15.992824982,1,0
15.992863328,1,1
15.992905730,1,0
15.992950476,1,1
15.992966994,1,0
16.004891336,1,1
16.013135012,1,0
16.021553388,1,1
16.029785544,1,0
16.038214192,1,1
16.046445562,1,0
16.054863048,1,1
16.061755384,0,1
16.061767182,0,0
16.061809962,0,1
16.061833194,1,1
16.061852354,1,0
16.061893652,1,1
16.061914904,0,1
16.061935072,0,0
16.061976376,0,1
16.061999610,1,1
16.062018772,1,0
16.062060070,1,1
16.062102470,1,0
16.062143768,1,1
16.062165018,0,1
16.062185188,0,0
16.062226486,0,1
16.062249718,1,1
16.062268878,1,0
16.062310178,1,1
16.062331424,0,1
16.062351592,0,0
16.062392894,0,1
16.062434308,0,0
16.062478072,0,1
16.062501308,1,1
16.062520470,1,0
16.062558818,1,1
16.062601218,1,0
16.062645960,1,1
16.062681196,1,0
16.076900922,1,1
16.080658130,0,1
16.080669932,0,0
16.080712712,0,1
16.080754126,0,0
16.080795432,0,1
16.080836846,0,0
16.080878148,0,1
16.080901388,1,1
16.080920548,1,0
16.080961854,1,1
16.081004266,1,0
16.081045576,1,1
16.081066830,0,1
16.081087002,0,0
16.081128314,0,1
16.081151550,1,1
16.081170716,1,0
16.081212026,1,1
16.081233274,0,1
16.081253446,0,0
16.081294760,0,1
16.081336174,0,0
16.081379944,0,1
16.081421364,0,0
16.081459718,0,1
16.081482956,1,1
16.081502118,1,0
16.081546868,1,1
16.081582268,1,0
16.092903666,1,1
16.101135456,1,0
16.109552850,1,1
16.117797426,1,0
16.126216504,1,1
16.134449218,1,0
16.142878774,1,1
16.151111196,1,0
16.159529112,1,1
16.167761062,1,0
16.176190086,1,1
16.176378152,0,1
16.176389952,0,0
16.176432738,0,1
16.176474156,0,0
16.176515464,0,1
16.176556876,0,0
16.176598186,0,1
16.176639600,0,0
16.176680906,0,1
16.176722320,0,0
16.176763624,0,1
16.176786856,1,1
16.176806018,1,0
16.176847322,1,1
16.176889724,1,0
16.176931028,1,1
16.176973434,1,0
16.177014740,1,1
16.177057140,1,0
16.177100902,1,1
16.177100906,1,0
16.177100908,1,1
16.177143308,1,0
16.177181652,1,1
16.177224052,1,0
16.177268798,1,1
16.180897984,0,1
16.180909784,0,0
16.180952566,0,1
16.180993990,0,0
16.181035298,0,1
16.181076714,0,0
16.181118018,0,1
16.181141256,1,1
16.181160414,1,0
16.181201718,1,1
16.181244118,1,0
16.181285418,1,1
16.181306666,0,1
16.181326836,0,0
16.181368144,0,1
16.181391374,1,1
16.181410536,1,0
16.181451838,1,1
16.181473088,0,1
16.181493256,0,0
16.181534558,0,1
16.181575972,0,0
16.181619734,0,1
16.181661142,0,0
16.181699494,0,1
16.181722732,1,1
16.181741890,1,0
16.181786640,1,1
16.181802894,1,0
16.196901844,1,1
16.199609806,0,1
16.199621606,0,0
16.199664390,0,1
16.199705806,0,0
16.199747112,0,1
16.199788528,0,0
16.199829836,0,1
16.199853070,1,1
16.199872232,1,0
16.199913536,1,1
16.199955944,1,0
16.199997254,1,1
16.200018500,0,1
16.200038674,0,0
16.200079984,0,1
16.200103216,1,1
16.200122378,1,0
16.200163684,1,1
16.200184932,0,1
16.200205102,0,0
16.200246406,0,1
16.200287822,0,0
16.200331590,0,1
16.200373006,0,0
16.200411356,0,1
16.200434596,1,1
16.200453754,1,0
16.200498504,1,1
16.200533986,1,0
16.212902660,1,1
16.221134444,1,0
16.229551394,1,1
16.237794422,1,0
16.246212100,1,1
16.254444396,1,0
16.262873840,1,1
16.271105584,1,0
16.279523432,1,1
16.287755652,1,0
16.296184862,1,1
16.304416806,1,0
16.312833648,1,1
16.321076276,1,0
16.329493992,1,1
16.337726136,1,0
16.346155752,1,1
16.354387806,1,0
16.362805820,1,1
16.364372334,0,1
16.364384136,0,0
16.364426932,0,1
16.364468352,0,0
16.364509660,0,1
16.364551078,0,0
16.364592386,0,1
16.364633796,0,0
16.364675104,0,1
16.364716522,0,0
16.364757824,0,1
16.364757826,0,0
16.364757830,0,1
16.364781062,1,1
16.364800224,1,0
16.364841528,1,1
16.364883928,1,0
16.364925230,1,1
16.364967638,1,0
16.365008942,1,1
16.365051348,1,0
16.365095114,1,1
16.365137518,1,0
16.365175872,1,1
16.365218270,1,0
16.365263016,1,1
16.368892192,0,1
16.368903990,0,0
16.368946770,0,1
16.368988190,0,0
16.369029496,0,1
16.369070912,0,0
16.369112224,0,1
16.369135466,1,1
16.369154626,1,0
16.369195930,1,1
16.369238334,1,0
16.369279636,1,1
16.369300886,0,1
16.369321058,0,0
16.369362366,0,1
16.369385600,1,1
16.369404764,1,0
16.369446062,1,1
16.369467310,0,1
16.369487480,0,0
16.369528786,0,1
16.369570202,0,0
16.369613970,0,1
16.369655382,0,0
16.369693734,0,1
16.369716972,1,1
16.369736128,1,0
16.369780880,1,1
16.369797478,1,0
16.380904204,1,1
16.389136700,1,0
16.397555496,1,1
16.398202302,0,1
16.398214100,0,0
16.398256878,0,1
16.398298286,0,0
16.398339588,0,1
16.398380998,0,0
16.398422300,0,1
16.398463712,0,0
16.398505018,0,1
16.398546432,0,0
16.398587740,0,1
16.398610978,1,1
16.398630138,1,0
16.398671436,1,1
16.398713838,1,0
16.398755142,1,1
16.398797542,1,0
16.398838838,1,1
16.398881238,1,0
16.398924998,1,1
16.398925000,1,0
16.398925004,1,1
16.398967406,1,0
16.399005754,1,1
16.399048156,1,0
16.399092904,1,1
16.402721060,0,1
16.402732858,0,0
16.402775638,0,1
16.402798874,1,1
16.402818032,1,0
16.402859328,1,1
16.402880578,0,1
16.402900746,0,0
16.402942052,0,1
16.402965290,1,1
16.402984450,1,0
16.403025750,1,1
16.403068154,1,0
16.403109456,1,1
16.403130706,0,1
16.403150876,0,0
16.403192186,0,1
16.403215424,1,1
16.403234582,1,0
16.403275884,1,1
16.403297128,0,1
16.403317298,0,0
16.403358602,0,1
16.403400014,0,0
16.403443782,0,1
16.403467014,1,1
16.403486178,1,0
16.403524526,1,1
16.403566926,1,0
16.403611680,1,1
16.403628064,1,0
16.412902960,1,1
16.421135052,1,0
16.429552912,1,1
16.437796418,1,0
16.446213994,1,1
16.451078630,0,1
16.451090430,0,0
16.451133206,0,1
16.451174618,0,0
16.451215914,0,1
16.451257320,0,0
16.451298614,0,1
16.451321846,1,1
16.451341008,1,0
16.451382300,1,1
16.451424702,1,0
16.451466006,1,1
16.451487254,0,1
16.451507422,0,0
16.451548726,0,1
16.451571962,1,1
16.451591122,1,0
16.451632422,1,1
16.451653672,0,1
16.451673842,0,0
16.451715146,0,1
16.451756554,0,0
16.451800318,0,1
16.451841726,0,0
16.451880076,0,1
16.451903308,1,1
16.451922466,1,0
16.451967214,1,1
16.452002300,1,0
16.460890466,1,1
16.462309976,0,1
16.462321778,0,0
16.462364568,0,1
16.462387800,1,1
16.462406964,1,0
16.462448274,1,1
16.462469526,0,1
16.462489698,0,0
16.462531002,0,1
16.462554242,1,1
16.462573402,1,0
16.462614708,1,1
16.462657112,1,0
16.462698418,1,1
16.462719670,0,1
16.462739840,0,0
16.462781142,0,1
16.462804376,1,1
16.462823536,1,0
16.462864840,1,1
16.462886088,0,1
16.462906260,0,0
16.462947570,0,1
16.462988994,0,0
16.463032766,0,1
16.463056006,1,1
16.463075168,1,0
16.463113522,1,1
16.463155930,1,0
16.463200684,1,1
16.463235754,1,0
16.476890470,1,1
16.485122008,1,0
16.493550956,1,1
16.501783912,1,0
16.510202066,1,1
16.518445512,1,0
16.526862736,1,1
16.526862738,1,0
16.526862740,1,1
16.535093942,1,0
16.543522512,1,1
16.545132146,0,1
16.545143944,0,0
16.545186726,0,1
16.545228136,0,0
16.545269436,0,1
16.545310848,0,0
16.545352150,0,1
16.545393558,0,0
16.545434864,0,1
16.545476278,0,0
16.545517584,0,1
16.545540822,1,1
16.545559984,1,0
16.545601290,1,1
16.545643690,1,0
16.545684994,1,1
16.545727394,1,0
16.545768688,1,1
16.545811088,1,0
16.545854848,1,1
16.545897250,1,0
16.545935594,1,1
16.545978004,1,0
16.546022752,1,1
16.549652084,0,1
16.549663888,0,0
16.549706680,0,1
16.549748102,0,0
16.549789418,0,1
16.549830840,0,0
16.549872160,0,1
16.549895406,1,1
16.549914572,1,0
16.549955880,1,1
16.549998290,1,0
16.550039602,1,1
16.550060852,0,1
16.550081024,0,0
16.550122336,0,1
16.550145572,1,1
16.550164736,1,0
16.550206042,1,1
16.550227288,0,1
16.550247460,0,0
16.550288768,0,1
16.550330184,0,0
16.550373958,0,1
16.550415374,0,0
16.550453730,0,1
16.550476966,1,1
16.550496128,1,0
16.550540882,1,1
16.550557458,1,0
16.564900138,1,1
16.566525996,0,1
16.566537796,0,0
16.566580578,0,1
16.566621992,0,0
16.566663302,0,1
16.566704716,0,0
16.566746022,0,1
16.566787442,0,0
16.566828754,0,1
16.566870164,0,0
16.566911476,0,1
16.566934712,1,1
16.566953872,1,0
16.566995176,1,1
16.567037580,1,0
16.567078882,1,1
16.567078886,1,0
16.567078890,1,1
16.567121288,1,0
16.567162592,1,1
16.567204998,1,0
16.567248762,1,1
16.567291162,1,0
16.567329512,1,1
16.567371914,1,0
16.567416664,1,1
16.571044994,0,1
16.571056794,0,0
16.571099578,0,1
16.571122818,1,1
16.571141976,1,0
16.571183280,1,1
16.571204530,0,1
16.571224700,0,0
16.571266010,0,1
16.571289246,1,1
16.571308404,1,0
16.571349706,1,1
16.571392112,1,0
16.571433414,1,1
16.571454662,0,1
16.571474832,0,0
16.571516140,0,1
16.571539376,1,1
16.571558536,1,0
16.571599836,1,1
16.571621086,0,1
16.571641258,0,0
16.571682566,0,1
16.571723978,0,0
16.571767750,0,1
16.571790986,1,1
16.571810146,1,0
16.571848490,1,1
16.571890894,1,0
16.571935644,1,1
16.571951864,1,0
16.580890200,1,1
16.589133778,1,0
16.597552416,1,1
16.605784538,1,0
16.614214282,1,1
16.622446722,1,0
16.630865182,1,1
16.639097424,1,0
16.647527442,1,1
16.655759600,1,0
16.664177552,1,1
16.672420896,1,0
16.680839342,1,1
16.689071790,1,0
16.697501170,1,1
16.700310522,0,1
16.700322316,0,0
16.700365076,0,1
16.700388304,1,1
16.700407456,1,0
16.700448738,1,1
16.700491126,1,0
16.700532410,1,1
16.700553650,0,1
16.700573810,0,0
16.700615096,0,1
16.700638320,1,1
16.700657470,1,0
16.700698750,1,1
16.700719992,0,1
16.700740154,0,0
16.700781438,0,1
16.700804662,1,1
16.700823814,1,0
16.700865094,1,1
16.700886334,0,1
16.700906492,0,0
16.700947774,0,1
16.700989176,0,0
16.701032926,0,1
16.701056150,1,1
16.701075302,1,0
16.701113628,1,1
16.701156010,1,0
16.701200736,1,1
16.701236600,1,0
16.716890590,1,1
16.716993148,0,1
16.717004952,0,0
16.717047740,0,1
16.717070978,1,1
16.717090138,1,0
16.717131446,1,1
16.717173852,1,0
16.717215158,1,1
16.717236412,0,1
16.717256586,0,0
16.717297900,0,1
16.717339314,0,0
16.717380626,0,1
16.717422042,0,0
16.717463354,0,1
16.717486590,1,1
16.717505754,1,0
16.717547060,1,1
16.717568312,0,1
16.717588484,0,0
16.717629794,0,1
16.717671216,0,0
16.717714986,0,1
16.717756402,0,0
16.717794760,0,1
16.717817998,1,1
16.717837160,1,0
16.717881908,1,1
16.717916878,1,0
16.732889970,1,1
16.733087868,0,1
16.733099670,0,0
16.733142462,0,1
16.733183878,0,0
16.733225188,0,1
16.733266606,0,0
16.733307912,0,1
16.733349330,0,0
16.733390642,0,1
16.733432058,0,0
16.733473362,0,1
16.733496596,1,1
16.733515760,1,0
16.733557068,1,1
16.733599470,1,0
16.733640782,1,1
16.733683188,1,0
16.733724494,1,1
16.733766896,1,0
16.733810664,1,1
16.733853070,1,0
16.733891426,1,1
16.733933828,1,0
16.733978584,1,1
16.737608414,0,1
16.737620216,0,0
16.737663002,0,1
16.737686238,1,1
16.737705402,1,0
16.737746714,1,1
16.737789126,1,0
16.737830430,1,1
16.737851682,0,1
16.737871852,0,0
16.737913154,0,1
16.737954572,0,0
16.737995886,0,1
16.738037302,0,0
16.738078612,0,1
16.738101850,1,1
16.738121014,1,0
16.738162316,1,1
16.738162320,1,0
16.738162322,1,1
16.738183568,0,1
16.738203742,0,0
16.738245056,0,1
16.738286470,0,0
16.738330242,0,1
16.738371660,0,0
16.738410014,0,1
16.738433248,1,1
16.738452410,1,0
16.738497164,1,1
16.738513418,1,0
16.748901526,1,1
16.750952684,0,1
16.750964486,0,0
16.751007272,0,1
16.751048686,0,0
16.751089994,0,1
16.751131410,0,0
16.751172718,0,1
16.751214136,0,0
16.751255446,0,1
16.751296858,0,0
16.751338170,0,1
16.751361408,1,1
16.751380570,1,0
16.751421872,1,1
16.751464282,1,0
16.751505586,1,1
16.751547994,1,0
16.751589302,1,1
16.751631704,1,0
16.751675472,1,1
16.751717872,1,0
16.751756222,1,1
16.751798622,1,0
16.751843372,1,1
16.755471776,0,1
16.755483576,0,0
16.755526358,0,1
16.755549596,1,1
16.755568754,1,0
16.755610058,1,1
16.755652460,1,0
16.755693766,1,1
16.755715012,0,1
16.755735182,0,0
16.755776492,0,1
16.755799732,1,1
16.755818892,1,0
16.755860190,1,1
16.755881440,0,1
16.755901612,0,0
16.755942918,0,1
16.755966156,1,1
16.755985320,1,0
16.756026628,1,1
16.756047880,0,1
16.756068054,0,0
16.756109366,0,1
16.756150782,0,0
16.756194556,0,1
16.756217794,1,1
16.756236958,1,0
16.756275304,1,1
16.756317710,1,0
16.756362464,1,1
16.756378480,1,0
16.772890128,1,1
16.781122782,1,0
16.789552274,1,1
16.797784930,1,0
16.806202838,1,1
16.814434530,1,0
16.822863604,1,1
16.831095544,1,0
16.839513752,1,1
16.847757720,1,0
16.856176076,1,1
16.864323850,0,1
16.864335654,0,0
16.864378444,0,1
16.864419862,0,0
16.864461172,0,1
16.864502588,0,0
16.864543898,0,1
16.864567138,1,1
16.864586298,1,0
16.864627600,1,1
16.864648852,0,1
16.864669020,0,0
16.864710330,0,1
16.864733570,1,1
16.864752732,1,0
16.864794036,1,1
16.864836440,1,0
16.864877748,1,1
16.864899002,0,1
16.864919180,0,0
16.864960504,0,1
16.865001924,0,0
16.865045700,0,1
16.865087120,0,0
16.865125478,0,1
16.865148716,1,1
16.865167878,1,0
16.865212634,1,1
16.865247722,1,0
16.876890926,1,1
16.877592512,0,1
16.877604314,0,0
16.877647104,0,1
16.877670342,1,1
16.877689502,1,0
16.877730812,1,1
16.877773216,1,0
16.877814526,1,1
16.877835776,0,1
16.877855950,0,0
16.877897262,0,1
16.877938676,0,0
16.877979994,0,1
16.878021414,0,0
16.878062732,0,1
16.878085966,1,1
16.878105128,1,0
16.878146434,1,1
16.878167688,0,1
16.878187864,0,0
16.878229178,0,1
16.878270596,0,0
16.878314368,0,1
16.878355792,0,0
16.878394148,0,1
16.878417390,1,1
16.878436554,1,0
16.878481308,1,1
16.878516716,1,0
16.892900716,1,1
16.894370260,0,1
16.894382062,0,0
16.894424852,0,1
16.894466270,0,0
16.894507584,0,1
16.894549000,0,0
16.894590312,0,1
16.894631726,0,0
16.894673036,0,1
16.894714456,0,0
16.894755768,0,1
16.894779008,1,1
16.894798170,1,0
16.894839480,1,1
16.894881888,1,0
16.894923194,1,1
16.894965604,1,0
16.895006912,1,1
16.895049320,1,0
16.895093094,1,1
16.895135498,1,0
16.895173850,1,1
16.895216258,1,0
16.895261014,1,1
16.898890864,0,1
16.898902666,0,0
16.898945458,0,1
16.898986880,0,0
16.899028196,0,1
16.899069616,0,0
16.899110930,0,1
16.899134168,1,1
16.899153332,1,0
16.899194644,1,1
16.899215896,0,1
16.899236070,0,0
16.899277380,0,1
16.899300622,1,1
16.899319786,1,0
16.899361096,1,1
16.899403510,1,0
16.899444820,1,1
16.899466072,0,1
16.899486248,0,0
16.899527564,0,1
16.899568986,0,0
16.899612764,0,1
16.899654184,0,0
16.899692546,0,1
16.899715784,1,1
16.899734946,1,0
16.899779700,1,1
16.899795908,1,0
16.908900754,1,1
16.909585416,0,1
16.909597218,0,0
16.909640006,0,1
16.909681420,0,0
16.909722728,0,1
16.909764142,0,0
16.909805452,0,1
16.909846866,0,0
16.909888174,0,1
16.909929594,0,0
16.909970906,0,1
16.909994146,1,1
16.910013308,1,0
16.910054616,1,1
16.910097020,1,0
16.910138326,1,1
16.910180730,1,0
16.910222038,1,1
16.910264446,1,0
16.910308214,1,1
16.910350622,1,0
16.910388976,1,1
16.910431382,1,0
16.910476136,1,1
16.914105938,0,1
16.914117740,0,0
16.914160526,0,1
16.914183770,1,1
16.914202930,1,0
16.914244240,1,1
16.914286664,1,0
16.914327990,1,1
16.914349246,0,1
16.914369422,0,0
16.914410740,0,1
16.914452160,0,0
16.914493478,0,1
16.914534900,0,0
16.914576216,0,1
16.914599452,1,1
16.914618618,1,0
16.914659928,1,1
16.914681180,0,1
16.914701352,0,0
16.914742666,0,1
16.914784088,0,0
16.914827862,0,1
16.914869280,0,0
16.914907640,0,1
16.914930874,1,1
16.914950040,1,0
16.914994798,1,1
16.915011368,1,0
16.924889348,1,1
16.933131776,1,0
16.941549590,1,1
16.943992162,0,1
16.944003964,0,0
16.944046752,0,1
16.944088166,0,0
16.944129478,0,1
16.944152712,1,1
16.944171876,1,0
16.944213180,1,1
16.944234428,0,1
16.944254602,0,0
16.944295912,0,1
16.944337328,0,0
16.944378642,0,1
16.944420062,0,0
16.944461370,0,1
16.944484606,1,1
16.944503766,1,0
16.944545068,1,1
16.944566322,0,1
16.944586492,0,0
16.944627796,0,1
16.944669214,0,0
16.944712984,0,1
16.944736218,1,1
16.944755382,1,0
16.944793732,1,1
16.944836134,1,0
16.944880882,1,1
16.944916642,1,0
16.956889628,1,1
16.965132538,1,0
16.973550100,1,1
16.981782272,1,0
16.990211604,1,1
16.998443968,1,0
17.006861494,1,1
17.015092500,1,0
17.023521042,1,1
17.025725628,0,1
17.025737428,0,0
17.025780208,0,1
17.025803444,1,1
17.025822602,1,0
17.025863900,1,1
17.025906300,1,0
17.025947602,1,1
17.025968850,0,1
17.025989020,0,0
17.026030322,0,1
17.026071734,0,0
17.026113040,0,1
17.026154454,0,0
17.026195762,0,1
17.026218998,1,1
17.026238160,1,0
17.026279460,1,1
17.026300708,0,1
17.026320880,0,0
17.026362188,0,1
17.026403604,0,0
17.026447376,0,1
17.026488790,0,0
17.026527138,0,1
17.026550374,1,1
17.026569536,1,0
17.026614286,1,1
17.026649346,1,0
17.036898786,1,1
17.039248402,0,1
17.039260204,0,0
17.039302994,0,1
17.039344408,0,0
17.039385714,0,1
17.039427132,0,0
17.039468444,0,1
17.039491676,1,1
17.039510840,1,0
17.039552146,1,1
17.039573396,0,1
17.039593568,0,0
17.039634876,0,1
17.039658110,1,1
17.039677274,1,0
17.039718582,1,1
17.039760988,1,0
17.039802296,1,1
17.039823546,0,1
17.039843718,0,0
17.039885026,0,1
17.039926442,0,0
17.039970218,0,1
17.040011632,0,0
17.040049982,0,1
17.040073222,1,1
17.040092384,1,0
17.040137136,1,1
17.040172152,1,0
17.052888478,1,1
17.055316424,0,1
17.055328224,0,0
17.055371006,0,1
17.055412422,0,0
17.055453732,0,1
17.055495148,0,0
17.055536458,0,1
17.055577874,0,0
17.055619180,0,1
17.055660592,0,0
17.055701904,0,1
17.055725140,1,1
17.055725144,0,1
17.055725146,1,1
17.055744304,1,0
17.055785610,1,1
17.055828016,1,0
17.055869316,1,1
17.055911718,1,0
17.055953026,1,1
17.055995434,1,0
17.056039198,1,1
17.056081604,1,0
17.056119956,1,1
17.056162358,1,0
17.056207112,1,1
17.059836624,0,1
17.059848428,0,0
17.059891216,0,1
17.059914458,1,1
17.059933616,1,0
17.059974924,1,1
17.060017332,1,0
17.060058642,1,1
17.060079894,0,1
17.060100066,0,0
17.060141374,0,1
17.060182798,0,0
17.060224108,0,1
17.060265530,0,0
17.060306844,0,1
17.060330084,1,1
17.060349246,1,0
17.060390558,1,1
17.060411812,0,1
17.060431988,0,0
17.060473300,0,1
17.060514722,0,0
17.060558498,0,1
17.060599912,0,0
17.060638268,0,1
17.060661506,1,1
17.060680670,1,0
17.060725422,1,1
17.060741926,1,0
17.076899718,1,1
17.079515484,0,1
17.079527286,0,0
17.079570074,0,1
17.079611492,0,0
17.079652804,0,1
17.079694218,0,0
17.079735530,0,1
17.079776944,0,0
17.079818252,0,1
17.079859668,0,0
17.079900978,0,1
17.079924222,1,1
17.079943382,1,0
17.079984698,1,1
17.080027100,1,0
17.080068410,1,1
17.080110814,1,0
17.080152118,1,1
17.080194526,1,0
17.080238290,1,1
17.080280690,1,0
17.080319046,1,1
17.080361450,1,0
17.080406196,1,1
17.080406200,1,0
17.080406202,1,1
17.084035746,0,1
17.084047546,0,0
17.084090326,0,1
17.084131742,0,0
17.084173054,0,1
17.084214466,0,0
17.084255780,0,1
17.084279018,1,1
17.084298178,1,0
17.084339482,1,1
17.084360734,0,1
17.084380910,0,0
17.084422226,0,1
17.084445462,1,1
17.084464626,1,0
17.084505934,1,1
17.084548338,1,0
17.084589644,1,1
17.084610894,0,1
17.084631066,0,0
17.084672376,0,1
17.084713792,0,0
17.084757562,0,1
17.084798982,0,0
17.084837336,0,1
17.084860572,1,1
17.084879734,1,0
17.084924484,1,1
17.084940824,1,0
17.100890488,1,1
17.101803464,0,1
17.101815266,0,0
17.101858052,0,1
17.101899472,0,0
17.101940786,0,1
17.101982210,0,0
17.102023520,0,1
17.102064940,0,0
17.102106250,0,1
17.102147666,0,0
17.102188976,0,1
17.102212212,1,1
17.102231374,1,0
17.102272680,1,1
17.102315080,1,0
17.102356390,1,1
17.102398796,1,0
17.102440102,1,1
17.102482508,1,0
17.102526280,1,1
17.102568684,1,0
17.102607034,1,1
17.102649442,1,0
17.102694188,1,1
17.106326734,0,1
17.106338534,0,0
17.106381318,0,1
17.106422736,0,0
17.106464044,0,1
17.106487278,1,1
17.106506440,1,0
17.106547748,1,1
17.106568998,0,1
17.106589168,0,0
17.106630476,0,1
17.106671892,0,0
17.106713202,0,1
17.106754614,0,0
17.106795924,0,1
17.106819160,1,1
17.106838322,1,0
17.106879622,1,1
17.106900874,0,1
17.106921044,0,0
17.106962356,0,1
17.107003770,0,0
17.107047542,0,1
17.107070780,1,1
17.107089940,1,0
17.107128288,1,1
17.107170692,1,0
17.107215442,1,1
17.107231534,1,0
17.116890034,1,1
17.118132308,0,1
17.118144106,0,0
17.118186892,0,1
17.118210126,1,1
17.118229286,1,0
17.118270590,1,1
17.118312992,1,0
17.118354298,1,1
17.118375550,0,1
17.118395724,0,0
17.118437030,0,1
17.118478446,0,0
17.118519754,0,1
17.118542988,1,1
17.118562148,1,0
17.118603452,1,1
17.118645856,1,0
17.118687158,1,1
17.118708406,0,1
17.118728578,0,0
17.118769888,0,1
17.118811300,0,0
17.118855068,0,1
17.118878306,1,1
17.118897468,1,0
17.118935818,1,1
17.118978220,1,0
17.119022970,1,1
17.119057890,1,0
17.132888990,1,1
17.135737116,0,1
17.135748918,0,0
17.135791706,0,1
17.135833118,0,0
17.135874430,0,1
17.135897666,1,1
17.135916832,1,0
17.135958140,1,1
17.135979392,0,1
17.135999566,0,0
17.136040882,0,1
17.136082300,0,0
17.136123610,0,1
17.136165026,0,0
17.136206334,0,1
17.136229572,1,1
17.136248730,1,0
17.136290042,1,1
17.136311292,0,1
17.136331464,0,0
17.136372776,0,1
17.136414198,0,0
17.136457974,0,1
17.136481218,1,1
17.136500378,1,0
17.136538734,1,1
17.136581146,1,0
17.136625898,1,1
17.136660882,1,0
17.148901284,1,1
17.150135140,0,1
17.150146940,0,0
17.150189730,0,1
17.150231146,0,0
17.150272460,0,1
17.150313880,0,0
17.150355196,0,1
17.150378430,1,1
17.150397594,1,0
17.150438908,1,1
17.150460158,0,1
17.150480332,0,0
17.150521638,0,1
17.150544878,1,1
17.150564042,1,0
17.150605346,1,1
17.150605350,1,0
17.150605354,1,1
17.150647756,1,0
17.150689064,1,1
17.150710314,0,1
17.150730486,0,0
17.150771788,0,1
17.150813202,0,0
17.150856974,0,1
17.150898390,0,0
17.150936750,0,1
17.150959992,1,1
17.150979160,1,0
17.151023924,1,1
17.151059338,1,0
17.164887686,1,1
17.170475250,0,1
17.170487050,0,0
17.170529834,0,1
17.170571248,0,0
17.170612552,0,1
17.170653972,0,0
17.170695278,0,1
17.170736694,0,0
17.170778004,0,1
17.170819418,0,0
17.170860726,0,1
17.170883960,1,1
17.170903124,1,0
17.170944430,1,1
17.170986842,1,0
17.171028154,1,1
17.171070558,1,0
17.171111860,1,1
17.171154262,1,0
17.171198026,1,1
17.171240426,1,0
17.171278774,1,1
17.171321182,1,0
17.171365932,1,1
17.174998430,0,1
17.175010232,0,0
17.175053014,0,1
17.175094430,0,0
17.175135742,0,1
17.175158978,1,1
17.175178140,1,0
17.175219450,1,1
17.175240700,0,1
17.175260872,0,0
17.175302178,0,1
17.175343594,0,0
17.175384906,0,1
17.175426320,0,0
17.175467628,0,1
17.175490866,1,1
17.175510028,1,0
17.175551336,1,1
17.175572584,0,1
17.175592756,0,0
17.175634070,0,1
17.175675486,0,0
17.175719254,0,1
17.175742490,1,1
17.175761652,1,0
17.175800004,1,1
17.175842408,1,0
17.175887158,1,1
17.175903574,1,0
17.188889110,1,1
17.191117364,0,1
17.191129164,0,0
17.191171950,0,1
17.191213364,0,0
17.191254668,0,1
17.191296082,0,0
17.191337392,0,1
17.191378810,0,0
17.191420120,0,1
17.191461536,0,0
17.191502846,0,1
17.191526084,1,1
17.191545248,1,0
17.191586554,1,1
17.191628956,1,0
17.191670256,1,1
17.191712658,1,0
17.191753960,1,1
17.191796358,1,0
17.191840120,1,1
17.191882524,1,0
17.191920870,1,1
17.191963272,1,0
17.192008024,1,1
17.195637614,0,1
17.195649416,0,0
17.195692202,0,1
17.195733622,0,0
17.195774934,0,1
17.195816354,0,0
17.195857666,0,1
17.195880902,1,1
17.195900062,1,0
17.195941366,1,1
17.195941370,1,0
17.195941374,1,1
17.195962626,0,1
17.195982800,0,0
17.196024112,0,1
17.196047348,1,1
17.196066512,1,0
17.196107820,1,1
17.196150224,1,0
17.196191534,1,1
17.196212786,0,1
17.196232958,0,0
17.196274264,0,1
17.196315684,0,0
17.196359460,0,1
17.196400876,0,0
17.196439232,0,1
17.196462474,1,1
17.196481638,1,0
17.196526388,1,1
17.196542562,1,0
17.212899944,1,1
17.221131556,1,0
17.229549158,1,1
17.237791916,1,0
17.246209268,1,1
17.254440256,1,0
17.262869160,1,1
17.271100178,1,0
17.279517558,1,1
17.280889612,0,1
17.280901412,0,0
17.280944194,0,1
17.280985620,0,0
17.281026936,0,1
17.281068350,0,0
17.281109658,0,1
17.281132898,1,1
17.281152062,1,0
17.281193364,1,1
17.281214616,0,1
17.281234788,0,0
17.281276098,0,1
17.281299332,1,1
17.281318494,1,0
17.281359794,1,1
17.281359796,1,0
17.281359802,1,1
17.281402206,1,0
17.281443512,1,1
17.281464762,0,1
17.281484932,0,0
17.281526240,0,1
17.281567656,0,0
17.281611422,0,1
17.281652838,0,0
17.281691194,0,1
17.281714430,1,1
17.281733592,1,0
17.281778346,1,1
17.281802254,1,0
17.292899222,1,1
17.301129930,1,0
17.309546294,1,1
17.317777338,1,0
17.326205710,1,1
17.334436900,1,0
17.342852682,1,1
17.351095236,1,0
17.359512252,1,1
17.360969936,0,1
17.360981738,0,0
17.361024518,0,1
17.361065928,0,0
17.361107232,0,1
17.361148640,0,0
17.361189942,0,1
17.361231354,0,0
17.361272654,0,1
17.361314060,0,0
17.361355362,0,1
17.361378598,1,1
17.361397752,1,0
17.361439048,1,1
17.361481446,1,0
17.361522740,1,1
17.361565136,1,0
17.361606434,1,1
17.361648830,1,0
17.361692586,1,1
17.361734986,1,0
17.361773330,1,1
17.361815730,1,0
17.361860480,1,1
17.365489770,0,1
17.365501570,0,0
17.365544356,0,1
17.365585768,0,0
17.365627074,0,1
17.365668484,0,0
17.365709790,0,1
17.365733028,1,1
17.365752186,1,0
17.365793490,1,1
17.365814742,0,1
17.365834910,0,0
17.365876214,0,1
17.365899452,1,1
17.365918614,1,0
17.365959920,1,1
17.366002328,1,0
17.366043626,1,1
17.366064880,0,1
17.366085052,0,0
17.366126356,0,1
17.366167770,0,0
17.366211542,0,1
17.366252954,0,0
17.366291304,0,1
17.366314540,1,1
17.366333700,1,0
17.366378448,1,1
17.366394882,1,0
17.380887730,1,1
17.389119138,1,0
17.397547834,1,1
17.405779384,1,0
17.414196420,1,1
17.422428322,1,0
17.430857216,1,1
17.439088612,1,0
17.447505950,1,1
17.455748894,1,0
17.464166464,1,1
17.472398438,1,0
17.480827372,1,1
17.489059470,1,0
17.497477288,1,1
17.505709542,1,0
17.514139352,1,1
17.522372558,1,0
17.530790570,1,1
17.538348876,0,1
17.538360676,0,0
17.538403460,0,1
17.538444872,0,0
17.538486178,0,1
17.538509412,1,1
17.538528572,1,0
17.538569878,1,1
17.538612274,1,0
17.538653570,1,1
17.538695968,1,0
17.538737264,1,1
17.538758512,0,1
17.538778680,0,0
17.538819982,0,1
17.538843220,1,1
17.538862378,1,0
17.538903674,1,1
17.538924924,0,1
17.538945096,0,0
17.538986406,0,1
17.539027816,0,0
17.539071586,0,1
17.539094820,1,1
17.539113982,1,0
17.539152322,1,1
17.539194726,1,0
17.539239476,1,1
17.539274656,1,0
17.548890780,1,1
17.548948966,0,1
17.548960766,0,0
17.549003542,0,1
17.549044950,0,0
17.549086252,0,1
17.549127662,0,0
17.549168974,0,1
17.549210388,0,0
17.549251696,0,1
17.549293112,0,0
17.549334422,0,1
17.549357658,1,1
17.549376820,1,0
17.549418126,1,1
17.549460536,1,0
17.549501844,1,1
17.549544248,1,0
17.549585558,1,1
17.549627964,1,0
17.549671734,1,1
17.549714140,1,0
17.549752494,1,1
17.549794896,1,0
17.549839650,1,1
17.553468212,0,1
17.553480012,0,0
17.553522798,0,1
17.553546034,1,1
17.553565196,1,0
17.553606500,1,1
17.553648912,1,0
17.553690220,1,1
17.553711470,0,1
17.553731646,0,0
17.553772962,0,1
17.553814378,0,0
17.553855686,0,1
17.553878926,1,1
17.553898086,1,0
17.553939386,1,1
17.553939392,1,0
17.553939394,1,1
17.553981796,1,0
17.554023108,1,1
17.554044356,0,1
17.554064528,0,0
17.554105834,0,1
17.554147250,0,0
17.554191024,0,1
17.554214258,1,1
17.554233418,1,0
17.554271766,1,1
17.554314172,1,0
17.554358922,1,1
17.554375562,1,0
17.564887388,1,1
17.566743462,0,1
17.566755264,0,0
17.566798050,0,1
17.566821286,1,1
17.566840448,1,0
17.566881752,1,1
17.566903006,0,1
17.566923176,0,0
17.566964486,0,1
17.566987728,1,1
17.567006890,1,0
17.567048194,1,1
17.567069448,0,1
17.567089620,0,0
17.567130932,0,1
17.567172350,0,0
17.567213654,0,1
17.567236894,1,1
17.567256052,1,0
17.567297358,1,1
17.567318606,0,1
17.567338776,0,0
17.567380088,0,1
17.567421504,0,0
17.567465276,0,1
17.567506694,0,0
17.567545050,0,1
17.567568292,1,1
17.567587454,1,0
17.567632210,1,1
17.567667498,1,0
17.580899602,1,1
17.580938940,0,1
17.580950744,0,0
17.580993544,0,1
17.581034966,0,0
17.581076284,0,1
17.581117702,0,0
17.581159018,0,1
17.581200438,0,0
17.581241748,0,1
17.581283168,0,0
17.581324482,0,1
17.581347720,1,1
17.581366878,1,0
17.581408186,1,1
17.581450596,1,0
17.581491902,1,1
17.581534314,1,0
17.581575628,1,1
17.581618032,1,0
17.581661806,1,1
17.581704212,1,0
17.581742566,1,1
17.581784974,1,0
17.581829732,1,1
17.585459466,0,1
17.585471268,0,0
17.585514056,0,1
17.585537294,1,1
17.585556456,1,0
17.585597762,1,1
17.585619016,0,1
17.585639188,0,0
17.585680496,0,1
17.585703734,1,1
17.585722892,1,0
17.585764196,1,1
17.585785448,0,1
17.585805618,0,0
17.585846928,0,1
17.585888346,0,0
17.585929654,0,1
17.585952892,1,1
17.585972058,1,0
17.586013372,1,1
17.586034624,0,1
17.586054800,0,0
17.586096112,0,1
17.586137534,0,0
17.586181310,0,1
17.586222724,0,0
17.586261086,0,1
17.586284322,1,1
17.586303488,1,0
17.586348242,1,1
17.586364286,1,0
17.596887032,1,1
17.599245022,0,1
17.599256824,0,0
17.599299610,0,1
17.599341028,0,0
17.599382342,0,1
17.599423758,0,0
17.599465066,0,1
17.599506486,0,0
17.599547796,0,1
17.599589216,0,0
17.599630528,0,1
17.599653772,1,1
17.599672932,1,0
17.599714236,1,1
17.599756644,1,0
17.599797952,1,1
17.599840356,1,0
17.599881662,1,1
17.599924068,1,0
17.599967838,1,1
17.600010248,1,0
17.600048600,1,1
17.600091008,1,0
17.600135764,1,1
17.603764448,0,1
17.603776250,0,0
17.603819038,0,1
17.603860458,0,0
17.603901768,0,1
17.603925006,1,1
17.603944172,1,0
17.603985484,1,1
17.604027890,1,0
17.604069196,1,1
17.604111602,1,0
17.604152908,1,1
17.604174158,0,1
17.604194332,0,0
17.604235642,0,1
17.604258884,1,1
17.604278044,1,0
17.604319350,1,1
17.604340604,0,1
17.604360778,0,0
17.604402090,0,1
17.604443506,0,0
17.604487278,0,1
17.604510520,1,1
17.604529682,1,0
17.604568036,1,1
17.604610446,1,0
17.604655204,1,1
17.604671548,1,0
17.620900046,1,1
17.629132344,1,0
17.637550736,1,1
17.645782118,1,0
17.654211064,1,1
17.654761804,0,1
17.654773604,0,0
17.654816384,0,1
17.654857796,0,0
17.654899094,0,1
17.654922332,1,1
17.654941494,1,0
17.654982804,1,1
17.655025206,1,0
17.655066512,1,1
17.655087758,0,1
17.655107928,0,0
17.655149232,0,1
17.655172466,1,1
17.655191628,1,0
17.655232930,1,1
17.655275328,1,0
17.655316626,1,1
17.655337880,0,1
17.655358052,0,0
17.655399352,0,1
17.655440764,0,0
17.655484528,0,1
17.655507764,1,1
17.655526922,1,0
17.655565268,1,1
17.655607674,1,0
17.655652422,1,1
17.655687888,1,0
17.668899728,1,1
17.677131746,1,0
17.685549668,1,1
17.693781918,1,0
17.702210870,1,1
17.710442502,1,0
17.718860450,1,1
17.723836926,0,1
17.723848726,0,0
17.723891510,0,1
17.723932922,0,0
17.723974226,0,1
17.724015640,0,0
17.724056944,0,1
17.724098354,0,0
17.724139658,0,1
17.724181072,0,0
17.724222376,0,1
17.724245612,1,1
17.724264772,1,0
17.724306076,1,1
17.724348482,1,0
17.724389790,1,1
17.724432200,1,0
17.724473508,1,1
17.724515910,1,0
17.724559678,1,1
17.724602078,1,0
17.724640428,1,1
17.724682832,1,0
17.724727580,1,1
17.728354804,0,1
17.728366604,0,0
17.728409386,0,1
17.728450798,0,0
17.728492106,0,1
17.728515344,1,1
17.728534504,1,0
17.728575806,1,1
17.728618210,1,0
17.728659514,1,1
17.728680762,0,1
17.728700932,0,0
17.728742244,0,1
17.728765482,1,1
17.728784642,1,0
17.728825942,1,1
17.728868348,1,0
17.728909652,1,1
17.728930904,0,1
17.728951076,0,0
17.728992386,0,1
17.729033806,0,0
17.729077574,0,1
17.729100812,1,1
17.729119972,1,0
17.729158322,1,1
17.729200726,1,0
17.729245478,1,1
17.729262032,1,0
17.740888256,1,1
17.749120990,1,0
17.757550742,1,1
17.765782800,1,0
17.774200686,1,1
17.782443894,1,0
17.790861292,1,1
17.798366172,0,1
17.798377972,0,0
17.798420756,0,1
17.798443994,1,1
17.798463156,1,0
17.798504458,1,1
17.798525710,0,1
17.798545882,0,0
17.798587190,0,1
17.798610428,1,1
17.798629584,1,0
17.798670890,1,1
17.798692138,0,1
17.798712310,0,0
17.798753618,0,1
17.798795032,0,0
17.798836340,0,1
17.798859576,1,1
17.798878736,1,0
17.798920040,1,1
17.798941288,0,1
17.798961462,0,0
17.799002772,0,1
17.799044186,0,0
17.799087956,0,1
17.799129370,0,0
17.799167720,0,1
17.799190952,1,1
17.799210114,1,0
17.799254866,1,1
17.799289962,1,0
17.812887388,1,1
17.813171018,0,1
17.813182820,0,0
17.813225612,0,1
17.813248850,1,1
17.813268012,1,0
17.813309318,1,1
17.813351722,1,0
17.813393026,1,1
17.813414278,0,1
17.813434452,0,0
17.813475760,0,1
17.813498996,1,1
17.813518160,1,0
17.813559468,1,1
17.813601872,1,0
17.813643178,1,1
17.813664430,0,1
17.813684602,0,0
17.813725910,0,1
17.813767324,0,0
17.813808632,0,1
17.813850048,0,0
17.813893814,0,1
17.813917054,1,1
17.813936216,1,0
17.813974570,1,1
17.814016976,1,0
17.814061730,1,1
17.814096708,1,0
17.828887734,1,1
17.830212926,0,1
17.830224720,0,0
17.830267486,0,1
17.830308882,0,0
17.830350172,0,1
17.830373402,1,1
17.830392564,1,0
17.830433886,1,1
17.830476298,1,0
17.830517608,1,1
17.830538858,0,1
17.830559030,0,0
17.830600348,0,1
17.830623584,1,1
17.830642744,1,0
17.830684048,1,1
17.830726454,1,0
17.830767758,1,1
17.830789008,0,1
17.830809178,0,0
17.830850488,0,1
17.830891904,0,0
17.830935676,0,1
17.830958912,1,1
17.830978080,1,0
17.831016440,1,1
17.831058848,1,0
17.831103602,1,1
17.831139012,1,0
17.844887252,1,1
17.853118816,1,0
17.861548732,1,1
17.863114642,0,1
17.863126444,0,0
17.863169228,0,1
17.863210644,0,0
17.863251956,0,1
17.863293372,0,0
17.863334684,0,1
17.863376100,0,0
17.863417412,0,1
17.863458830,0,0
17.863500144,0,1
17.863523384,1,1
17.863542542,1,0
17.863583846,1,1
17.863626252,1,0
17.863667556,1,1
17.863709958,1,0
17.863751266,1,1
17.863793666,1,0
17.863837426,1,1
17.863879828,1,0
17.863918180,1,1
17.863960588,1,0
17.864005346,1,1
17.867634166,0,1
17.867645964,0,0
17.867688740,0,1
17.867711972,1,1
17.867731134,1,0
17.867772434,1,1
17.867814836,1,0
17.867856140,1,1
17.867877388,0,1
17.867897556,0,0
17.867938860,0,1
17.867962100,1,1
17.867981260,1,0
17.868022558,1,1
17.868064964,1,0
17.868106272,1,1
17.868127524,0,1
17.868147696,0,0
17.868189008,0,1
17.868230424,0,0
17.868271736,0,1
17.868313150,0,0
17.868356924,0,1
17.868380164,1,1
17.868399326,1,0
17.868437680,1,1
17.868480088,1,0
17.868524840,1,1
17.868540998,1,0
17.884898462,1,1
17.893128148,1,0
17.901544364,1,1
17.909786946,1,0
17.918204118,1,1
17.918660252,0,1
17.918672054,0,0
17.918714840,0,1
17.918756256,0,0
17.918797568,0,1
17.918838982,0,0
17.918880292,0,1
17.918921710,0,0
17.918963026,0,1
17.919004440,0,0
17.919045750,0,1
17.919068988,1,1
17.919088148,1,0
17.919129454,1,1
17.919171856,1,0
17.919213162,1,1
17.919255566,1,0
17.919296872,1,1
17.919339282,1,0
17.919383048,1,1
17.919425454,1,0
17.919463804,1,1
17.919506206,1,0
17.919550956,1,1
17.923179564,0,1
17.923191364,0,0
17.923234152,0,1
17.923275568,0,0
17.923316876,0,1
17.923340114,1,1
17.923359278,1,0
17.923400588,1,1
17.923442992,1,0
17.923484298,1,1
17.923505552,0,1
17.923525726,0,0
17.923567036,0,1
17.923590274,1,1
17.923609434,1,0
17.923650740,1,1
17.923650744,1,0
17.923650746,1,1
17.923693150,1,0
17.923734456,1,1
17.923755706,0,1
17.923775878,0,0
17.923817188,0,1
17.923858604,0,0
17.923902380,0,1
17.923925614,1,1
17.923944778,1,0
17.923983130,1,1
17.924025534,1,0
17.924070294,1,1
17.924086846,1,0
17.932887866,1,1
17.934007464,0,1
17.934019264,0,0
17.934062046,0,1
17.934085284,1,1
17.934104444,1,0
17.934145746,1,1
17.934166996,0,1
17.934187164,0,0
17.934228464,0,1
17.934251696,1,1
17.934270856,1,0
17.934312160,1,1
17.934354562,1,0
17.934395864,1,1
17.934438266,1,0
17.934479564,1,1
17.934521966,1,0
17.934563272,1,1
17.934584518,0,1
17.934604690,0,0
17.934645994,0,1
17.934687410,0,0
17.934731174,0,1
17.934772586,0,0
17.934810936,0,1
17.934834166,1,1
17.934853322,1,0
17.934898066,1,1
17.934933198,1,0
17.948885834,1,1
17.957128014,1,0
17.965544508,1,1
17.967439448,0,1
17.967451248,0,0
17.967494030,0,1
17.967535442,0,0
17.967576752,0,1
17.967618166,0,0
17.967659474,0,1
17.967700888,0,0
17.967742192,0,1
17.967783606,0,0
17.967824912,0,1
17.967848146,1,1
17.967867306,1,0
17.967908606,1,1
17.967951010,1,0
17.967992322,1,1
17.968034728,1,0
17.968076036,1,1
17.968118444,1,0
17.968162208,1,1
17.968204614,1,0
17.968242964,1,1
17.968285366,1,0
17.968330120,1,1
17.971959588,0,1
17.971971390,0,0
17.972014174,0,1
17.972037410,1,1
17.972056570,1,0
17.972097874,1,1
17.972119122,0,1
17.972139292,0,0
17.972180602,0,1
17.972203834,1,1
17.972222994,1,0
17.972264296,1,1
17.972285546,0,1
17.972305716,0,0
17.972347022,0,1
17.972388440,0,0
17.972429756,0,1
17.972452990,1,1
17.972472152,1,0
17.972513454,1,1
17.972534708,0,1
17.972554880,0,0
17.972596184,0,1
17.972637594,0,0
17.972681360,0,1
17.972722774,0,0
17.972761126,0,1
17.972784362,1,1
17.972803524,1,0
17.972848270,1,1
17.972864630,1,0
17.988887046,1,1
17.988926214,0,1
17.988938016,0,0
17.988980808,0,1
17.989022224,0,0
17.989063538,0,1
17.989086774,1,1
17.989105934,1,0
17.989147234,1,1
17.989189642,1,0
17.989230942,1,1
17.989252190,0,1
17.989272358,0,0
17.989313666,0,1
17.989336906,1,1
17.989356062,1,0
17.989397364,1,1
17.989439768,1,0
17.989481078,1,1
17.989502328,0,1
17.989522500,0,0
17.989563812,0,1
17.989605226,0,0
17.989648994,0,1
17.989672228,1,1
17.989691392,1,0
17.989729742,1,1
17.989772146,1,0
17.989816900,1,1
17.989841084,1,0
18.004886962,1,1
18.013129452,1,0
18.021547304,1,1
18.029779378,1,0
18.038208808,1,1
18.046439910,1,0
18.054857068,1,1
18.063087814,1,0
18.071515504,1,1
18.074703838,0,1
18.074715638,0,0
18.074758416,0,1
18.074799828,0,0
18.074841126,0,1
18.074882536,0,0
18.074923840,0,1
18.074965256,0,0
18.075006568,0,1
18.075047982,0,0
18.075089292,0,1
18.075112526,1,1
18.075131686,1,0
18.075172986,1,1
18.075215386,1,0
18.075256690,1,1
18.075299096,1,0
18.075340398,1,1
18.075382804,1,0
18.075426566,1,1
18.075468966,1,0
18.075507308,1,1
18.075549712,1,0
18.075594454,1,1
18.079219908,0,1
18.079231710,0,0
18.079274492,0,1
18.079297730,1,1
18.079316888,1,0
18.079358190,1,1
18.079379442,0,1
18.079399612,0,0
18.079440916,0,1
18.079464152,1,1
18.079483314,1,0
18.079524616,1,1
18.079567012,1,0
18.079608312,1,1
18.079650716,1,0
18.079692016,1,1
18.079734422,1,0
18.079775728,1,1
18.079796980,0,1
18.079817152,0,0
18.079858462,0,1
18.079899882,0,0
18.079943648,0,1
18.079985068,0,0
18.080023424,0,1
18.080046660,1,1
18.080065824,1,0
18.080110576,1,1
18.080126756,1,0
18.092885132,1,1
18.093006668,0,1
18.093018468,0,0
18.093061250,0,1
18.093102662,0,0
18.093143968,0,1
18.093185378,0,0
18.093226680,0,1
18.093268094,0,0
18.093309396,0,1
18.093350804,0,0
18.093392110,0,1
18.093415346,1,1
18.093434504,1,0
18.093475800,1,1
18.093518204,1,0
18.093559502,1,1
18.093601902,1,0
18.093643204,1,1
18.093685604,1,0
18.093729366,1,1
18.093771768,1,0
18.093810116,1,1
18.093852512,1,0
18.093897256,1,1
18.097525838,0,1
18.097537640,0,0
18.097580430,0,1
18.097621848,0,0
18.097663154,0,1
18.097686394,1,1
18.097705558,1,0
18.097746862,1,1
18.097789270,1,0
18.097830574,1,1
18.097830576,1,0
18.097830582,1,1
18.097851828,0,1
18.097872002,0,0
18.097913308,0,1
18.097936542,1,1
18.097955708,1,0
18.097997022,1,1
18.098039428,1,0
18.098080734,1,1
18.098101986,0,1
18.098122156,0,0
18.098163464,0,1
18.098204882,0,0
18.098248656,0,1
18.098271894,1,1
18.098291052,1,0
18.098329402,1,1
18.098371806,1,0
18.098416554,1,1
18.098416558,1,0
18.098416562,1,1
18.098433152,1,0
18.108887072,1,1
18.117118084,1,0
18.125546212,1,1
18.133777142,1,0
18.142194848,1,1
18.150426388,1,0
18.158855066,1,1
18.159724080,0,1
18.159735882,0,0
18.159778662,0,1
18.159801894,1,1
18.159821056,1,0
18.159862356,1,1
18.159883606,0,1
18.159903776,0,0
18.159945078,0,1
18.159968316,1,1
18.159987480,1,0
18.160028780,1,1
18.160071178,1,0
18.160112480,1,1
18.160133732,0,1
18.160153902,0,0
18.160195210,0,1
18.160218444,1,1
18.160237610,1,0
18.160278912,1,1
18.160300164,0,1
18.160320334,0,0
18.160361642,0,1
18.160403056,0,0
18.160446826,0,1
18.160470066,1,1
18.160489228,1,0
18.160527576,1,1
18.160569982,1,0
18.160614734,1,1
18.160650122,1,0
18.172896956,1,1
18.173618854,0,1
18.173630654,0,0
18.173673440,0,1
18.173714858,0,0
18.173756170,0,1
18.173797590,0,0
18.173838904,0,1
18.173862144,1,1
18.173881306,1,0
18.173922612,1,1
18.173943862,0,1
18.173964038,0,0
18.174005354,0,1
18.174028592,1,1
18.174047754,1,0
18.174089060,1,1
18.174089062,1,0
18.174089068,1,1
18.174131474,1,0
18.174172780,1,1
18.174194032,0,1
18.174214206,0,0
18.174255518,0,1
18.174296938,0,0
18.174340712,0,1
18.174382132,0,0
18.174420486,0,1
18.174443726,1,1
18.174462888,1,0
18.174507640,1,1
18.174542788,1,0
18.188896356,1,1
18.192386188,0,1
18.192397990,0,0
18.192440776,0,1
18.192464012,1,1
18.192483174,1,0
18.192524478,1,1
18.192566878,1,0
18.192608182,1,1
18.192629430,0,1
18.192649600,0,0
18.192690908,0,1
18.192714144,1,1
18.192733306,1,0
18.192774612,1,1
18.192795862,0,1
18.192816034,0,0
18.192857344,0,1
18.192880578,1,1
18.192899742,1,0
18.192941048,1,1
18.192962298,0,1
18.192982472,0,0
18.193023784,0,1
18.193065198,0,0
18.193108968,0,1
18.193132202,1,1
18.193151366,1,0
18.193189716,1,1
18.193232114,1,0
18.193276862,1,1
18.193312134,1,0
18.204886296,1,1
18.213117544,1,0
18.221545418,1,1
18.229776872,1,0
18.238193654,1,1
18.239896074,0,1
18.239907870,0,0
18.239950634,0,1
18.239992048,0,0
18.240033374,0,1
18.240074802,0,0
18.240116118,0,1
18.240157540,0,0
18.240198848,0,1
18.240198852,0,0
18.240198856,0,1
18.240240270,0,0
18.240281584,0,1
18.240304818,1,1
18.240323984,1,0
18.240365292,1,1
18.240407700,1,0
18.240449010,1,1
18.240491418,1,0
18.240532724,1,1
18.240575134,1,0
18.240618908,1,1
18.240661314,1,0
18.240699666,1,1
18.240742074,1,0
18.240786830,1,1
18.244415370,0,1
18.244427170,0,0
18.244469962,0,1
18.244493198,1,1
18.244512362,1,0
18.244553664,1,1
18.244574918,0,1
18.244595090,0,0
18.244636404,0,1
18.244659638,1,1
18.244678802,1,0
18.244720108,1,1
18.244762516,1,0
18.244803826,1,1
18.244825076,0,1
18.244845248,0,0
18.244886562,0,1
18.244909802,1,1
18.244928962,1,0
18.244970274,1,1
18.244991526,0,1
18.245011702,0,0
18.245053016,0,1
18.245094436,0,0
18.245138212,0,1
18.245161448,1,1
18.245180612,1,0
18.245218964,1,1
18.245261368,1,0
18.245306122,1,1
18.245322392,1,0
18.260887702,1,1
18.261698434,0,1
18.261710234,0,0
18.261753020,0,1
18.261794442,0,0
18.261835758,0,1
18.261877178,0,0
18.261918496,0,1
18.261959916,0,0
18.262001236,0,1
18.262042654,0,0
18.262083970,0,1
18.262107208,1,1
18.262126372,1,0
18.262167678,1,1
18.262167680,1,0
18.262167686,1,1
18.262210090,1,0
18.262251400,1,1
18.262293810,1,0
18.262335118,1,1
18.262377528,1,0
18.262421298,1,1
18.262421304,1,0
18.262421306,1,1
18.262463712,1,0
18.262502066,1,1
18.262544472,1,0
18.262589226,1,1
18.266218088,0,1
18.266229888,0,0
18.266272678,0,1
18.266295916,1,1
18.266315076,1,0
18.266356388,1,1
18.266398792,1,0
18.266440102,1,1
18.266461352,0,1
18.266481526,0,0
18.266522838,0,1
18.266546074,1,1
18.266565236,1,0
18.266606542,1,1
18.266627794,0,1
18.266647968,0,0
18.266689282,0,1
18.266712518,1,1
18.266731682,1,0
18.266772990,1,1
18.266794242,0,1
18.266814414,0,0
18.266855724,0,1
18.266897140,0,0
18.266940916,0,1
18.266964152,1,1
18.266983316,1,0
18.267021668,1,1
18.267064076,1,0
18.267108826,1,1
18.267125002,1,0
18.276887066,1,1
18.276929454,0,1
18.276941256,0,0
18.276984056,0,1
18.277025478,0,0
18.277066794,0,1
18.277108216,0,0
18.277149532,0,1
18.277190954,0,0
18.277232270,0,1
18.277273692,0,0
18.277315008,0,1
18.277338248,1,1
18.277357410,1,0
18.277398720,1,1
18.277441130,1,0
18.277482440,1,1
18.277524850,1,0
18.277566160,1,1
18.277608572,1,0
18.277652346,1,1
18.277694756,1,0
18.277733112,1,1
18.277775520,1,0
18.277820278,1,1
18.281450158,0,1
18.281461960,0,0
18.281504750,0,1
18.281546166,0,0
18.281587478,0,1
18.281628896,0,0
18.281670210,0,1
18.281693446,1,1
18.281712614,1,0
18.281753920,1,1
18.281775176,0,1
18.281795350,0,0
18.281836666,0,1
18.281859906,1,1
18.281879070,1,0
18.281920382,1,1
18.281962790,1,0
18.282004102,1,1
18.282025356,0,1
18.282045530,0,0
18.282086846,0,1
18.282128266,0,0
18.282172044,0,1
18.282213464,0,0
18.282251822,0,1
18.282275060,1,1
18.282294226,1,0
18.282338978,1,1
18.282338982,1,0
18.282338986,1,1
18.282354978,1,0
18.292887836,1,1
18.301120106,1,0
18.309548586,1,1
18.309797328,0,1
18.309809134,0,0
18.309851934,0,1
18.309893362,0,0
18.309934690,0,1
18.309976116,0,0
18.310017442,0,1
18.310040690,1,1
18.310059854,1,0
18.310101178,1,1
18.310122430,0,1
18.310142608,0,0
18.310183930,0,1
18.310207174,1,1
18.310226342,1,0
18.310267660,1,1
18.310310076,1,0
18.310351400,1,1
18.310372654,0,1
18.310392832,0,0
18.310434158,0,1
18.310475586,0,0
18.310519372,0,1
18.310560804,0,0
18.310599174,0,1
18.310622420,1,1
18.310641582,1,0
18.310686350,1,1
18.310721372,1,0
18.324897542,1,1
18.324938452,0,1
18.324950258,0,0
18.324993070,0,1
18.325016320,1,1
18.325035490,1,0
18.325076816,1,1
18.325119240,1,0
18.325160566,1,1
18.325181822,0,1
18.325202002,0,0
18.325243332,0,1
18.325284764,0,0
18.325326092,0,1
18.325349342,1,1
18.325368510,1,0
18.325409836,1,1
18.325452262,1,0
18.325493586,1,1
18.325514846,0,1
18.325535030,0,0
18.325576358,0,1
18.325617798,0,0
18.325661592,0,1
18.325684842,1,1
18.325704012,1,0
18.325742380,1,1
18.325784804,1,0
18.325829578,1,1
18.325865306,1,0
18.340898376,1,1
18.349129382,1,0
18.357546866,1,1
18.365777944,1,0
18.374207064,1,1
18.379811308,0,1
18.379823116,0,0
18.379865924,0,1
18.379907356,0,0
18.379948686,0,1
18.379990116,0,0
18.380031448,0,1
18.380072880,0,0
18.380114206,0,1
18.380155640,0,0
18.380196970,0,1
18.380220216,1,1
18.380239380,1,0
18.380280704,1,1
18.380323128,1,0
18.380364452,1,1
18.380364454,1,0
18.380364458,1,1
18.380406880,1,0
18.380448206,1,1
18.380490630,1,0
18.380534418,1,1
18.380576836,1,0
18.380615198,1,1
18.380657618,1,0
18.380702384,1,1
18.380702390,1,0
18.380702392,1,1
18.384332244,0,1
18.384344050,0,0
18.384386854,0,1
18.384410102,1,1
18.384429268,1,0
18.384470588,1,1
18.384513008,1,0
18.384554330,1,1
18.384575586,0,1
18.384595764,0,0
18.384637088,0,1
18.384678516,0,0
18.384719844,0,1
18.384743088,1,1
18.384762258,1,0
18.384803578,1,1
18.384845998,1,0
18.384887320,1,1
18.384908580,0,1
18.384928762,0,0
18.384970090,0,1
18.385011520,0,0
18.385055308,0,1
18.385078556,1,1
18.385097724,1,0
18.385136092,1,1
18.385178512,1,0
18.385223282,1,1
18.385239724,1,0
18.396885854,1,1
18.404907050,0,1
18.404918868,0,0
18.404961720,0,1
18.405003194,0,0
18.405044570,0,1
18.405086044,0,0
18.405127414,0,1
18.405168884,0,0
18.405210260,0,1
18.405251732,0,0
18.405293104,0,1
18.405316378,1,1
18.405335564,1,0
18.405376932,1,1
18.405419396,1,0
18.405460768,1,1
18.405503232,1,0
18.405544604,1,1
18.405587068,1,0
18.405630904,1,1
18.405673366,1,0
18.405711774,1,1
18.405754242,1,0
18.405799062,1,1
18.409433542,0,1
18.409445358,0,0
18.409488200,0,1
18.409529668,0,0
18.409571034,0,1
18.409612498,0,0
18.409653866,0,1
18.409677136,1,1
18.409696316,1,0
18.409737676,1,1
18.409758950,0,1
18.409779148,0,0
18.409820512,0,1
18.409843780,1,1
18.409862962,1,0
18.409904324,1,1
18.409946780,1,0
18.409988138,1,1
18.410009414,0,1
18.410029612,0,0
18.410070978,0,1
18.410112444,0,0
18.410156276,0,1
18.410197744,0,0
18.410236150,0,1
18.410259418,1,1
18.410278598,1,0
18.410323416,1,1
18.410339520,1,0
18.420886098,1,1
18.429117054,1,0
18.437544594,1,1
18.442160268,0,1
18.442172070,0,0
18.442214848,0,1
18.442238088,1,1
18.442257258,1,0
18.442298584,1,1
18.442341000,1,0
18.442382304,1,1
18.442403556,0,1
18.442423730,0,0
18.442465062,0,1
18.442506494,0,0
18.442547806,0,1
18.442571056,1,1
18.442590216,1,0
18.442631528,1,1
18.442673934,1,0
18.442715246,1,1
18.442736496,0,1
18.442756670,0,0
18.442797978,0,1
18.442839406,0,0
18.442883176,0,1
18.442906414,1,1
18.442925578,1,0
18.442963934,1,1
18.443006350,1,0
18.443051106,1,1
18.443086634,1,0
18.452886392,1,1
18.453690134,0,1
18.453701934,0,0
18.453744722,0,1
18.453786136,0,0
18.453827446,0,1
18.453868858,0,0
18.453910166,0,1
18.453933398,1,1
18.453952562,1,0
18.453993872,1,1
18.454015120,0,1
18.454035290,0,0
18.454076600,0,1
18.454099840,1,1
18.454119000,1,0
18.454160302,1,1
18.454202710,1,0
18.454244014,1,1
18.454265264,0,1
18.454285436,0,0
18.454326744,0,1
18.454368162,0,0
18.454411934,0,1
18.454453348,0,0
18.454491706,0,1
18.454514942,1,1
18.454534102,1,0
18.454578854,1,1
18.454613804,1,0
18.468896602,1,1
18.477127378,1,0
18.485544376,1,1
18.493787116,1,0
18.502204490,1,1
18.510435550,1,0
18.518863360,1,1
18.527094974,1,0
18.535513384,1,1
18.535696434,0,1
18.535708232,0,0
18.535751014,0,1
18.535792426,0,0
18.535833730,0,1
18.535875146,0,0
18.535916452,0,1
18.535957868,0,0
18.535999178,0,1
18.536040594,0,0
18.536081900,0,1
18.536105138,1,1
18.536124302,1,0
18.536165606,1,1
18.536208004,1,0
18.536249304,1,1
18.536291704,1,0
18.536333004,1,1
18.536375400,1,0
18.536419166,1,1
18.536461572,1,0
18.536499922,1,1
18.536542328,1,0
18.536587086,1,1
18.540215374,0,1
18.540227176,0,0
18.540269960,0,1
18.540293196,1,1
18.540312360,1,0
18.540353668,1,1
18.540396076,1,0
18.540437386,1,1
18.540458640,0,1
18.540478812,0,0
18.540520120,0,1
18.540561536,0,0
18.540602848,0,1
18.540626082,1,1
18.540645242,1,0
18.540686544,1,1
18.540728946,1,0
18.540770246,1,1
18.540791498,0,1
18.540811668,0,0
18.540852974,0,1
18.540894388,0,0
18.540938154,0,1
18.540961390,1,1
18.540980550,1,0
18.541018898,1,1
18.541061298,1,0
18.541106042,1,1
18.541122992,1,0
18.556885760,1,1
18.558199070,0,1
18.558210870,0,0
18.558253656,0,1
18.558295072,0,0
18.558336378,0,1
18.558377794,0,0
18.558419102,0,1
18.558460520,0,0
18.558501822,0,1
18.558543236,0,0
18.558584546,0,1
18.558607778,1,1
18.558626940,1,0
18.558668242,1,1
18.558710644,1,0
18.558751944,1,1
18.558794346,1,0
18.558835646,1,1
18.558878050,1,0
18.558921812,1,1
18.558964224,1,0
18.559002572,1,1
18.559044976,1,0
18.559089724,1,1
18.562719218,0,1
18.562731020,0,0
18.562773806,0,1
18.562815218,0,0
18.562856526,0,1
18.562897942,0,0
18.562939246,0,1
18.562962484,1,1
18.562981650,1,0
18.563022960,1,1
18.563044210,0,1
18.563064380,0,0
18.563105684,0,1
18.563128922,1,1
18.563148084,1,0
18.563189388,1,1
18.563231784,1,0
18.563273084,1,1
18.563294338,0,1
18.563314508,0,0
18.563355814,0,1
18.563397232,0,0
18.563441004,0,1
18.563482414,0,0
18.563520764,0,1
18.563544006,1,1
18.563563166,1,0
18.563607920,1,1
18.563624144,1,0
18.572897558,1,1
18.581127900,1,0
18.589544452,1,1
18.592700260,0,1
18.592712058,0,0
18.592754838,0,1
18.592796250,0,0
18.592837552,0,1
18.592878964,0,0
18.592920270,0,1
18.592943504,1,1
18.592962666,1,0
18.593003972,1,1
18.593025226,0,1
18.593045398,0,0
18.593086700,0,1
18.593086702,0,0
18.593086706,0,1
18.593109942,1,1
18.593129098,1,0
18.593170404,1,1
18.593212802,1,0
18.593254098,1,1
18.593275348,0,1
18.593295520,0,0
18.593336828,0,1
18.593378240,0,0
18.593422006,0,1
18.593463416,0,0
18.593501766,0,1
18.593524998,1,1
18.593544160,1,0
18.593588906,1,1
18.593612646,1,0
18.604897718,1,1
18.613128406,1,0
18.621545004,1,1
18.629776320,1,0
18.638204192,1,1
18.646435392,1,0
18.654852990,1,1
18.654888380,0,1
18.654900182,0,0
18.654942966,0,1
18.654966204,1,1
18.654985364,1,0
18.655026666,1,1
18.655069068,1,0
18.655110366,1,1
18.655131616,0,1
18.655151786,0,0
18.655193096,0,1
18.655216330,1,1
18.655235488,1,0
18.655276792,1,1
18.655298042,0,1
18.655318214,0,0
18.655359518,0,1
18.655382750,1,1
18.655401910,1,0
18.655443210,1,1
18.655464462,0,1
18.655484630,0,0
18.655525932,0,1
18.655567344,0,0
18.655611114,0,1
18.655634348,1,1
18.655653508,1,0
18.655691852,1,1
18.655734250,1,0
18.655778990,1,1
18.655814472,1,0
18.668897988,1,1
18.672586582,0,1
18.672598382,0,0
18.672641160,0,1
18.672682572,0,0
18.672723880,0,1
18.672765288,0,0
18.672806596,0,1
18.672848010,0,0
18.672889316,0,1
18.672930728,0,0
18.672972042,0,1
18.672995284,1,1
18.673014446,1,0
18.673055746,1,1
18.673098148,1,0
18.673139452,1,1
18.673181850,1,0
18.673223150,1,1
18.673265552,1,0
18.673309314,1,1
18.673351718,1,0
18.673390070,1,1
18.673432478,1,0
18.673477230,1,1
18.677105430,0,1
18.677117228,0,0
18.677160010,0,1
18.677183248,1,1
18.677202406,1,0
18.677243702,1,1
18.677243704,1,0
18.677243708,1,1
18.677286108,1,0
18.677327414,1,1
18.677348668,0,1
18.677368838,0,0
18.677410146,0,1
18.677433382,1,1
18.677452544,1,0
18.677493852,1,1
18.677515098,0,1
18.677535270,0,0
18.677576584,0,1
18.677599818,1,1
18.677618980,1,0
18.677660284,1,1
18.677681538,0,1
18.677701710,0,0
18.677743016,0,1
18.677784432,0,0
18.677828206,0,1
18.677851442,1,1
18.677870606,1,0
18.677908950,1,1
18.677951360,1,0
18.677996116,1,1
18.678012598,1,0
18.692886706,1,1
18.692886710,1,0
18.692886714,1,1
18.695089298,0,1
18.695101098,0,0
18.695143882,0,1
18.695185298,0,0
18.695226606,0,1
18.695268020,0,0
18.695309330,0,1
18.695350744,0,0
18.695392060,0,1
18.695433478,0,0
18.695474788,0,1
18.695498024,1,1
18.695517186,1,0
18.695558492,1,1
18.695600898,1,0
18.695642198,1,1
18.695684604,1,0
18.695725906,1,1
18.695768310,1,0
18.695812078,1,1
18.695854484,1,0
18.695892836,1,1
18.695935242,1,0
18.695979994,1,1
18.699609326,0,1
18.699621128,0,0
18.699663912,0,1
18.699705324,0,0
18.699746632,0,1
18.699788048,0,0
18.699829358,0,1
18.699852598,1,1
18.699871756,1,0
18.699913060,1,1
18.699934308,0,1
18.699954480,0,0
18.699995790,0,1
18.700019032,1,1
18.700038188,1,0
18.700079494,1,1
18.700121896,1,0
18.700163198,1,1
18.700184448,0,1
18.700204620,0,0
18.700245932,0,1
18.700287348,0,0
18.700331116,0,1
18.700372536,0,0
18.700410894,0,1
18.700434132,1,1
18.700453296,1,0
18.700498048,1,1
18.700514128,1,0
18.716897228,1,1
18.725128488,1,0
18.733545488,1,1
18.733545492,1,0
18.733545496,1,1
18.741788038,1,0
18.750205144,1,1
18.755978566,0,1
18.755990364,0,0
18.756033144,0,1
18.756056384,1,1
18.756075542,1,0
18.756116846,1,1
18.756159248,1,0
18.756200548,1,1
18.756221796,0,1
18.756241966,0,0
18.756283266,0,1
18.756306498,1,1
18.756325660,1,0
18.756366966,1,1
18.756388216,0,1
18.756408388,0,0
18.756449696,0,1
18.756472930,1,1
18.756492094,1,0
18.756533394,1,1
18.756554644,0,1
18.756574814,0,0
18.756616122,0,1
18.756657534,0,0
18.756701300,0,1
18.756724534,1,1
18.756743696,1,0
18.756782042,1,1
18.756824438,1,0
18.756869188,1,1
18.756904184,1,0
18.772885580,1,1
18.777588944,0,1
18.777600740,0,0
18.777643512,0,1
18.777684918,0,0
18.777726216,0,1
18.777767620,0,0
18.777808914,0,1
18.777832146,1,1
18.777851300,1,0
18.777892590,1,1
18.777913840,0,1
18.777934008,0,0
18.777975322,0,1
18.777998560,1,1
18.778017716,1,0
18.778059018,1,1
18.778101424,1,0
18.778142724,1,1
18.778163978,0,1
18.778184148,0,0
18.778225458,0,1
18.778266876,0,0
18.778310644,0,1
18.778352066,0,0
18.778390424,0,1
18.778413660,1,1
18.778432824,1,0
18.778477574,1,1
18.778513140,1,0
18.788896050,1,1
18.797127038,1,0
18.805544474,1,1
18.806248780,0,1
18.806260580,0,0
18.806303364,0,1
18.806344776,0,0
18.806386078,0,1
18.806427494,0,0
18.806468800,0,1
18.806510208,0,0
18.806551514,0,1
18.806592928,0,0
18.806634232,0,1
18.806657468,1,1
18.806676628,1,0
18.806717934,1,1
18.806760334,1,0
18.806801640,1,1
18.806844046,1,0
18.806885346,1,1
18.806927750,1,0
18.806971514,1,1
18.807013916,1,0
18.807052264,1,1
18.807094672,1,0
18.807139420,1,1
18.810768784,0,1
18.810780584,0,0
18.810823364,0,1
18.810864780,0,0
18.810906088,0,1
18.810947502,0,0
18.810988818,0,1
18.811012058,1,1
18.811031216,1,0
18.811072524,1,1
18.811093774,0,1
18.811113946,0,0
18.811155262,0,1
18.811178500,1,1
18.811197658,1,0
18.811238966,1,1
18.811281366,1,0
18.811322670,1,1
18.811343918,0,1
18.811364090,0,0
18.811405400,0,1
18.811446818,0,0
18.811490584,0,1
18.811532002,0,0
18.811570352,0,1
18.811593588,1,1
18.811593590,0,1
18.811593592,1,1
18.811612750,1,0
18.811657504,1,1
18.811673768,1,0
18.820896852,1,1
18.829127942,1,0
18.837545590,1,1
18.841752286,0,1
18.841764084,0,0
18.841806866,0,1
18.841848282,0,0
18.841889584,0,1
18.841931002,0,0
18.841972314,0,1
18.842013730,0,0
18.842055042,0,1
18.842096462,0,0
18.842137770,0,1
18.842161004,1,1
18.842180166,1,0
18.842221468,1,1
18.842263868,1,0
18.842305168,1,1
18.842347570,1,0
18.842388868,1,1
18.842431268,1,0
18.842475034,1,1
18.842517434,1,0
18.842555784,1,1
18.842598192,1,0
18.842642942,1,1
18.846271392,0,1
18.846283192,0,0
18.846325976,0,1
18.846349214,1,1
18.846368374,1,0
18.846409682,1,1
18.846452084,1,0
18.846493386,1,1
18.846514640,0,1
18.846534814,0,0
18.846576120,0,1
18.846599358,1,1
18.846618516,1,0
18.846659824,1,1
18.846681074,0,1
18.846701244,0,0
18.846742550,0,1
18.846765784,1,1
18.846784942,1,0
18.846826238,1,1
18.846847488,0,1
18.846867656,0,0
18.846908958,0,1
18.846950368,0,0
18.846994138,0,1
18.847017372,1,1
18.847036534,1,0
18.847074884,1,1
18.847117284,1,0
18.847162034,1,1
18.847178778,1,0
18.860885216,1,1
18.869116482,1,0
18.877544780,1,1
18.885774938,1,0
18.894191910,1,1
18.895109872,0,1
18.895121672,0,0
18.895164456,0,1
18.895187694,1,1
18.895206852,1,0
18.895248156,1,1
18.895290562,1,0
18.895331866,1,1
18.895353118,0,1
18.895373290,0,0
18.895414600,0,1
18.895456014,0,0
18.895497320,0,1
18.895538736,0,0
18.895580042,0,1
18.895603276,1,1
18.895622434,1,0
18.895663732,1,1
18.895684982,0,1
18.895705154,0,0
18.895746460,0,1
18.895787872,0,0
18.895831644,0,1
18.895873060,0,0
18.895911410,0,1
18.895934648,1,1
18.895953808,1,0
18.895998560,1,1
18.896034130,1,0
18.908968854,1,1
18.917210708,1,0
18.925627418,1,1
18.933757738,0,1
18.933769540,0,0
18.933812326,0,1
18.933853740,0,0
18.933895052,0,1
18.933918290,1,1
18.933937450,1,0
18.933978758,1,1
18.934021164,1,0
18.934062472,1,1
18.934083722,0,1
18.934103896,0,0
18.934145208,0,1
18.934168448,1,1
18.934187608,1,0
18.934228910,1,1
18.934271316,1,0
18.934312620,1,1
18.934333872,0,1
18.934354044,0,0
18.934395356,0,1
18.934436772,0,0
18.934480544,0,1
18.934503784,1,1
18.934522944,1,0
18.934561296,1,1
18.934603700,1,0
18.934648452,1,1
18.934683722,1,0
18.948896026,1,1
18.951770118,0,1
18.951781920,0,0
18.951824708,0,1
18.951866130,0,0
18.951907446,0,1
18.951930688,1,1
18.951949848,1,0
18.951991158,1,1
18.952033572,1,0
18.952074884,1,1
18.952117288,1,0
18.952158580,1,1
18.952179828,0,1
18.952199992,0,0
18.952241288,0,1
18.952264514,1,1
18.952283668,1,0
18.952324956,1,1
18.952346198,0,1
18.952366362,0,0
18.952407652,0,1
18.952449052,0,0
18.952492798,0,1
18.952516024,1,1
18.952535178,1,0
18.952573510,1,1
18.952615894,1,0
18.952660622,1,1
18.952684376,1,0
18.964898236,1,1
18.973129704,1,0
18.981546122,1,1
18.989777294,1,0
18.998205256,1,1
18.998205260,1,0
18.998205264,1,1
19.006435984,1,0
19.014852228,1,1
19.014964390,0,1
19.014976190,0,0
19.015018970,0,1
19.015060386,0,0
19.015101694,0,1
19.015143102,0,0
19.015184406,0,1
19.015225822,0,0
19.015267128,0,1
19.015308536,0,0
19.015349844,0,1
19.015373082,1,1
19.015392238,1,0
19.015433538,1,1
19.015475942,1,0
19.015517242,1,1
19.015559642,1,0
19.015600946,1,1
19.015643350,1,0
19.015687110,1,1
19.015729514,1,0
19.015767860,1,1
19.015810258,1,0
19.015855004,1,1
19.019484326,0,1
19.019496126,0,0
19.019538908,0,1
19.019562146,1,1
19.019581306,1,0
19.019622604,1,1
19.019665008,1,0
19.019706310,1,1
19.019727558,0,1
19.019747728,0,0
19.019789038,0,1
19.019830452,0,0
19.019871756,0,1
19.019913172,0,0
19.019954480,0,1
19.019977718,1,1
19.019996878,1,0
19.020038178,1,1
19.020059428,0,1
19.020079598,0,0
19.020120898,0,1
19.020162310,0,0
19.020206078,0,1
19.020247486,0,0
19.020285838,0,1
19.020309074,1,1
19.020328236,1,0
19.020372988,1,1
19.020389092,1,0
19.036883180,1,1
19.041988146,0,1
19.041999946,0,0
19.042042728,0,1
19.042084146,0,0
19.042125452,0,1
19.042166866,0,0
19.042208172,0,1
19.042249588,0,0
19.042290894,0,1
19.042332308,0,0
19.042373616,0,1
19.042396854,1,1
19.042416014,1,0
19.042457322,1,1
19.042499724,1,0
19.042541030,1,1
19.042583434,1,0
19.042624742,1,1
19.042667142,1,0
19.042710904,1,1
19.042753308,1,0
19.042791654,1,1
19.042834056,1,0
19.042878810,1,1
19.046507292,0,1
19.046519092,0,0
19.046561880,0,1
19.046603292,0,0
19.046644598,0,1
19.046667834,1,1
19.046686998,1,0
19.046728304,1,1
19.046770704,1,0
19.046812012,1,1
19.046854414,1,0
19.046895718,1,1
19.046916970,0,1
19.046937142,0,0
19.046978452,0,1
19.047001688,1,1
19.047020850,1,0
19.047062158,1,1
19.047083408,0,1
19.047103578,0,0
19.047144886,0,1
19.047186298,0,0
19.047230070,0,1
19.047253306,1,1
19.047272464,1,0
19.047310814,1,1
19.047353220,1,0
19.047397964,1,1
19.047414184,1,0
19.060883886,1,1
19.062942330,0,1
19.062954132,0,0
19.062996932,0,1
19.063038372,0,0
19.063079700,0,1
19.063121126,0,0
19.063162442,0,1
19.063203864,0,0
19.063245174,0,1
19.063286596,0,0
19.063327908,0,1
19.063351146,1,1
19.063370308,1,0
19.063411614,1,1
19.063454024,1,0
19.063495328,1,1
19.063537728,1,0
19.063579034,1,1
19.063621434,1,0
19.063665196,1,1
19.063707600,1,0
19.063745952,1,1
19.063788352,1,0
19.063833102,1,1
19.067461602,0,1
19.067473404,0,0
19.067516192,0,1
19.067557604,0,0
19.067598908,0,1
19.067622146,1,1
19.067641306,1,0
19.067682610,1,1
19.067725012,1,0
19.067766314,1,1
19.067787566,0,1
19.067807738,0,0
19.067849044,0,1
19.067872282,1,1
19.067891442,1,0
19.067932752,1,1
19.067975158,1,0
19.068016466,1,1
19.068037716,0,1
19.068057890,0,0
19.068099198,0,1
19.068140612,0,0
19.068184386,0,1
19.068207622,1,1
19.068226780,1,0
19.068265130,1,1
19.068307530,1,0
19.068352284,1,1
19.068368890,1,0
19.084884442,1,1
19.093114846,1,0
19.101542976,1,1
19.109773682,1,0
19.118190000,1,1
19.126421034,1,0
19.134848898,1,1
19.143079730,1,0
19.151496310,1,1
19.159738276,1,0
19.168154594,1,1
19.169621666,0,1
19.169633464,0,0
19.169676240,0,1
19.169717652,0,0
19.169758960,0,1
19.169782190,1,1
19.169801352,1,0
19.169842652,1,1
19.169885054,1,0
19.169926358,1,1
19.169947606,0,1
19.169967776,0,0
19.170009088,0,1
19.170032322,1,1
19.170051484,1,0
19.170092786,1,1
19.170135188,1,0
19.170176494,1,1
19.170197740,0,1
19.170217908,0,0
19.170259214,0,1
19.170300630,0,0
19.170344398,0,1
19.170367634,1,1
19.170386796,1,0
19.170425142,1,1
19.170467546,1,0
19.170512294,1,1
19.170547848,1,0
19.180897136,1,1
19.180897140,1,0
19.180897142,1,1
19.189128210,1,0
19.197544438,1,1
19.199494722,0,1
19.199506522,0,0
19.199549308,0,1
19.199590724,0,0
19.199632034,0,1
19.199673448,0,0
19.199714756,0,1
19.199756172,0,0
19.199797480,0,1
19.199838894,0,0
19.199880202,0,1
19.199903440,1,1
19.199922600,1,0
19.199963898,1,1
19.200006306,1,0
19.200047614,1,1
19.200090016,1,0
19.200131316,1,1
19.200173722,1,0
19.200217484,1,1
19.200259888,1,0
19.200298236,1,1
19.200340638,1,0
19.200385386,1,1
19.204013838,0,1
19.204025640,0,0
19.204068428,0,1
19.204109844,0,0
19.204151150,0,1
19.204174386,1,1
19.204193548,1,0
19.204234856,1,1
19.204277258,1,0
19.204318560,1,1
19.204339812,0,1
19.204359988,0,0
19.204401302,0,1
19.204424540,1,1
19.204443704,1,0
19.204485014,1,1
19.204527418,1,0
19.204568720,1,1
19.204589972,0,1
19.204610144,0,0
19.204651450,0,1
19.204692868,0,0
19.204736640,0,1
19.204759876,1,1
19.204779038,1,0
19.204817388,1,1
19.204859792,1,0
19.204904548,1,1
19.204921010,1,0
19.220884332,1,1
19.229126774,1,0
19.237543518,1,1
19.245774052,1,0
19.254202648,1,1
19.262433530,1,0
19.270850204,1,1
19.279081076,1,0
19.287509170,1,1
19.295740344,1,0
19.304157036,1,1
19.305804536,0,1
19.305816334,0,0
19.305859112,0,1
19.305900520,0,0
19.305941826,0,1
19.305965064,1,1
19.305984228,1,0
19.306025528,1,1
19.306067934,1,0
19.306109238,1,1
19.306130488,0,1
19.306150658,0,0
19.306191964,0,1
19.306215202,1,1
19.306234362,1,0
19.306275664,1,1
19.306318066,1,0
19.306359370,1,1
19.306380618,0,1
19.306400788,0,0
19.306442092,0,1
19.306483508,0,0
19.306527274,0,1
19.306550512,1,1
19.306569672,1,0
19.306608020,1,1
19.306650420,1,0
19.306695166,1,1
19.306730560,1,0
19.316896006,1,1
19.319070406,0,1
19.319082208,0,0
19.319124992,0,1
19.319166412,0,0
19.319207722,0,1
19.319230960,1,1
19.319250122,1,0
19.319291434,1,1
19.319333838,1,0
19.319375142,1,1
19.319417548,1,0
19.319458854,1,1
19.319480104,0,1
19.319500274,0,0
19.319541584,0,1
19.319564818,1,1
19.319583982,1,0
19.319625284,1,1
19.319646532,0,1
19.319666706,0,0
19.319708018,0,1
19.319749436,0,0
19.319793206,0,1
19.319816450,1,1
19.319835610,1,0
19.319873962,1,1
19.319873964,1,0
19.319873968,1,1
19.319916374,1,0
19.319961128,1,1
19.319996164,1,0
19.332884286,1,1
19.332921006,0,1
19.332932810,0,0
19.332975612,0,1
19.333017048,0,0
19.333058372,0,1
19.333099792,0,0
19.333141106,0,1
19.333182524,0,0
19.333223840,0,1
19.333265258,0,0
19.333306572,0,1
19.333329812,1,1
19.333348974,1,0
19.333390280,1,1
19.333432682,1,0
19.333473994,1,1
19.333516400,1,0
19.333557702,1,1
19.333600116,1,0
19.333643886,1,1
19.333686296,1,0
19.333724652,1,1
19.333767066,1,0
19.333811820,1,1
19.337440616,0,1
19.337452416,0,0
19.337495204,0,1
19.337536624,0,0
19.337577936,0,1
19.337601168,1,1
19.337620330,1,0
19.337661632,1,1
19.337704034,1,0
19.337745338,1,1
19.337766588,0,1
19.337786762,0,0
19.337828076,0,1
19.337851316,1,1
19.337870476,1,0
19.337911786,1,1
19.337954198,1,0
19.337995510,1,1
19.338016762,0,1
19.338036936,0,0
19.338078250,0,1
19.338119662,0,0
19.338163434,0,1
19.338186668,1,1
19.338205832,1,0
19.338244182,1,1
19.338286588,1,0
19.338331348,1,1
19.338347786,1,0
19.348883616,1,1
19.351228728,0,1
19.351240528,0,0
19.351283312,0,1
19.351283316,0,0
19.351283318,0,1
19.351324732,0,0
19.351366040,0,1
19.351407460,0,0
19.351448770,0,1
19.351490184,0,0
19.351531498,0,1
19.351572912,0,0
19.351614218,0,1
19.351637454,1,1
19.351656616,1,0
19.351697922,1,1
19.351697926,1,0
19.351697928,1,1
19.351740328,1,0
19.351781638,1,1
19.351824042,1,0
19.351865346,1,1
19.351907748,1,0
19.351951518,1,1
19.351993924,1,0
19.352032268,1,1
19.352074670,1,0
19.352119420,1,1
19.355748086,0,1
19.355759886,0,0
19.355802674,0,1
19.355844088,0,0
19.355885398,0,1
19.355908634,1,1
19.355927796,1,0
19.355969108,1,1
19.356011516,1,0
19.356052824,1,1
19.356095226,1,0
19.356136536,1,1
19.356157784,0,1
19.356177954,0,0
19.356219262,0,1
19.356242502,1,1
19.356261662,1,0
19.356302968,1,1
19.356324218,0,1
19.356344392,0,0
19.356385710,0,1
19.356427130,0,0
19.356470904,0,1
19.356494146,1,1
19.356513306,1,0
19.356551660,1,1
19.356594062,1,0
19.356638814,1,1
19.356655146,1,0
19.372895198,1,1
19.381126816,1,0
19.389543838,1,1
19.397774498,1,0
19.406202018,1,1
19.414432114,1,0
19.422848324,1,1
19.424542560,0,1
19.424554362,0,0
19.424597148,0,1
19.424620382,1,1
19.424639542,1,0
19.424680850,1,1
19.424702096,0,1
19.424722268,0,0
19.424763578,0,1
19.424786816,1,1
19.424805976,1,0
19.424847276,1,1
19.424868528,0,1
19.424888698,0,0
19.424930008,0,1
19.424953240,1,1
19.424972404,1,0
19.425013704,1,1
19.425056106,1,0
19.425097406,1,1
19.425118656,0,1
19.425138826,0,0
19.425180132,0,1
19.425221548,0,0
19.425265316,0,1
19.425288546,1,1
19.425307708,1,0
19.425346056,1,1
19.425346058,1,0
19.425346062,1,1
19.425388460,1,0
19.425433206,1,1
19.425468188,1,0
19.436888560,1,1
19.438601442,0,1
19.438613242,0,0
19.438656024,0,1
19.438697442,0,0
19.438738752,0,1
19.438780168,0,0
19.438821482,0,1
19.438844718,1,1
19.438863882,1,0
19.438905190,1,1
19.438947596,1,0
19.438988904,1,1
19.439010158,0,1
19.439030330,0,0
19.439071642,0,1
19.439094882,1,1
19.439114042,1,0
19.439155350,1,1
19.439176600,0,1
19.439196772,0,0
19.439238084,0,1
19.439279500,0,0
19.439323270,0,1
19.439364688,0,0
19.439403048,0,1
19.439426284,1,1
19.439445446,1,0
19.439490202,1,1
19.439525120,1,0
19.452894390,1,1
19.461125688,1,0
19.469542500,1,1
19.477784916,1,0
19.486201898,1,1
19.487274546,0,1
19.487286346,0,0
19.487329126,0,1
19.487370540,0,0
19.487411850,0,1
19.487453264,0,0
19.487494574,0,1
19.487535992,0,0
19.487577300,0,1
19.487618720,0,0
19.487660026,0,1
19.487683262,1,1
19.487702424,1,0
19.487743730,1,1
19.487786132,1,0
19.487827438,1,1
19.487869840,1,0
19.487911144,1,1
19.487953546,1,0
19.487997318,1,1
19.488039722,1,0
19.488078068,1,1
19.488120472,1,0
19.488165228,1,1
19.491793672,0,1
19.491805472,0,0
19.491848256,0,1
19.491871496,1,1
19.491890656,1,0
19.491931960,1,1
19.491953210,0,1
19.491973384,0,0
19.492014696,0,1
19.492037934,1,1
19.492057098,1,0
19.492098404,1,1
19.492119654,0,1
19.492139826,0,0
19.492181136,0,1
19.492204372,1,1
19.492223534,1,0
19.492264840,1,1
19.492307246,1,0
19.492348558,1,1
19.492369810,0,1
19.492389984,0,0
19.492431300,0,1
19.492472718,0,0
19.492516492,0,1
19.492539730,1,1
19.492558890,1,0
19.492597240,1,1
19.492639644,1,0
19.492684394,1,1
19.492700790,1,0
19.508894542,1,1
19.509819224,0,1
19.509831024,0,0
19.509873806,0,1
19.509915224,0,0
19.509956534,0,1
19.509997954,0,0
19.510039270,0,1
19.510080688,0,0
19.510122000,0,1
19.510163418,0,0
19.510204722,0,1
19.510227962,1,1
19.510247122,1,0
19.510288428,1,1
19.510330834,1,0
19.510372144,1,1
19.510414548,1,0
19.510455858,1,1
19.510498264,1,0
19.510542034,1,1
19.510584440,1,0
19.510622786,1,1
19.510665194,1,0
19.510709944,1,1
19.514339580,0,1
19.514351384,0,0
19.514394172,0,1
19.514435592,0,0
19.514476902,0,1
19.514518318,0,0
19.514559628,0,1
19.514582864,1,1
19.514602028,1,0
19.514643336,1,1
19.514685740,1,0
19.514727050,1,1
19.514748300,0,1
19.514768472,0,0
19.514809780,0,1
19.514833018,1,1
19.514852180,1,0
19.514893482,1,1
19.514914734,0,1
19.514934904,0,0
19.514976214,0,1
19.515017634,0,0
19.515061402,0,1
19.515102822,0,0
19.515141178,0,1
19.515164414,1,1
19.515183574,1,0
19.515228322,1,1
19.515244750,1,0
19.524884816,1,1
19.533117164,1,0
19.541546398,1,1
19.549777866,1,0
19.558195524,1,1
19.566439042,1,0
19.574856402,1,1
19.577414078,0,1
19.577425878,0,0
19.577468658,0,1
19.577491894,1,1
19.577511058,1,0
19.577552364,1,1
19.577594768,1,0
19.577636072,1,1
19.577657326,0,1
19.577677498,0,0
19.577718806,0,1
19.577760222,0,0
19.577801532,0,1
19.577824766,1,1
19.577843926,1,0
19.577885230,1,1
19.577927636,1,0
19.577968942,1,1
19.577990190,0,1
19.578010364,0,0
19.578051674,0,1
19.578093088,0,0
19.578136858,0,1
19.578160094,1,1
19.578179254,1,0
19.578217608,1,1
19.578260006,1,0
19.578304756,1,1
19.578340208,1,0
19.588884678,1,1
19.597116442,1,0
19.605545308,1,1
19.613776106,1,0
19.622193066,1,1
19.624957400,0,1
19.624969204,0,0
19.625011992,0,1
19.625053408,0,0
19.625094718,0,1
19.625136138,0,0
19.625177446,0,1
19.625200688,1,1
19.625219848,1,0
19.625261156,1,1
19.625282406,0,1
19.625302578,0,0
19.625343892,0,1
19.625367128,1,1
19.625386288,1,0
19.625427592,1,1
19.625427594,1,0
19.625427598,1,1
19.625470002,1,0
19.625511308,1,1
19.625532560,0,1
19.625552730,0,0
19.625594040,0,1
19.625635454,0,0
19.625679222,0,1
19.625720634,0,0
19.625758988,0,1
19.625782224,1,1
19.625801384,1,0
19.625846132,1,1
19.625881302,1,0
19.636882436,1,1
19.645022130,0,1
19.645033932,0,0
19.645076720,0,1
19.645118140,0,0
19.645159456,0,1
19.645200874,0,0
19.645242184,0,1
19.645283604,0,0
19.645324914,0,1
19.645366332,0,0
19.645407642,0,1
19.645430878,1,1
19.645450042,1,0
19.645491348,1,1
19.645533752,1,0
19.645575056,1,1
19.645617462,1,0
19.645658772,1,1
19.645701174,1,0
19.645744938,1,1
19.645787346,1,0
19.645825696,1,1
19.645868102,1,0
19.645912856,1,1
19.649542616,0,1
19.649554418,0,0
19.649597206,0,1
19.649638620,0,0
19.649679934,0,1
19.649721350,0,0
19.649762656,0,1
19.649785894,1,1
19.649805054,1,0
19.649846358,1,1
19.649846364,1,0
19.649846366,1,1
19.649867612,0,1
19.649887784,0,0
19.649929094,0,1
19.649952332,1,1
19.649971496,1,0
19.650012810,1,1
19.650055216,1,0
19.650096522,1,1
19.650117774,0,1
19.650137946,0,0
19.650179258,0,1
19.650220674,0,0
19.650264448,0,1
19.650305866,0,0
19.650344224,0,1
19.650367462,1,1
19.650386626,1,0
19.650431382,1,1
19.650447492,1,0
19.660882198,1,1
19.662374716,0,1
19.662386518,0,0
19.662429310,0,1
19.662470728,0,0
19.662512040,0,1
19.662553460,0,0
19.662594774,0,1
19.662636194,0,0
19.662677504,0,1
19.662718926,0,0
19.662760242,0,1
19.662783478,1,1
19.662802640,1,0
19.662843946,1,1
19.662886358,1,0
19.662927662,1,1
19.662970076,1,0
19.663011390,1,1
19.663053802,1,0
19.663097576,1,1
19.663139984,1,0
19.663178338,1,1
19.663220750,1,0
19.663265508,1,1
19.666894364,0,1
19.666906164,0,0
19.666948954,0,1
19.666972194,1,1
19.666991358,1,0
19.667032666,1,1
19.667075076,1,0
19.667116380,1,1
19.667137634,0,1
19.667157806,0,0
19.667199116,0,1
19.667240534,0,0
19.667281844,0,1
19.667305080,1,1
19.667324246,1,0
19.667365552,1,1
19.667407960,1,0
19.667449266,1,1
19.667470520,0,1
19.667490692,0,0
19.667532000,0,1
19.667573420,0,0
19.667617190,0,1
19.667640430,1,1
19.667659590,1,0
19.667697944,1,1
19.667740350,1,0
19.667785102,1,1
19.667801474,1,0
19.676893500,1,1
19.685123490,1,0
19.693539030,1,1
19.701769556,1,0
19.710197802,1,1
19.711536092,0,1
19.711547892,0,0
19.711590676,0,1
19.711613914,1,1
19.711633074,1,0
19.711674376,1,1
19.711716778,1,0
19.711758078,1,1
19.711779330,0,1
19.711799500,0,0
19.711840808,0,1
19.711882224,0,0
19.711923532,0,1
19.711946766,1,1
19.711965928,1,0
19.712007236,1,1
19.712049640,1,0
19.712090944,1,1
19.712112194,0,1
19.712132368,0,0
19.712173678,0,1
19.712215090,0,0
19.712258862,0,1
19.712282096,1,1
19.712301254,1,0
19.712339600,1,1
19.712382006,1,0
19.712426754,1,1
19.712426758,1,0
19.712426762,1,1
19.712462040,1,0
19.724883008,1,1
19.725251096,0,1
19.725262898,0,0
19.725305688,0,1
19.725347108,0,0
19.725388420,0,1
19.725429840,0,0
19.725471152,0,1
19.725494394,1,1
19.725513556,1,0
19.725554860,1,1
19.725576110,0,1
19.725596280,0,0
19.725637590,0,1
19.725660828,1,1
19.725679988,1,0
19.725721292,1,1
19.725763704,1,0
19.725805014,1,1
19.725826266,0,1
19.725846438,0,0
19.725887752,0,1
19.725929172,0,0
19.725972950,0,1
19.726014376,0,0
19.726052736,0,1
19.726075974,1,1
19.726095140,1,0
19.726139896,1,1
19.726174828,1,0
19.740882452,1,1
19.749113712,1,0
19.757542182,1,1
19.765773370,1,0
19.774190734,1,1
19.782434448,1,0
19.790851900,1,1
19.799083756,1,0
19.807512730,1,1
19.809122744,0,1
19.809134544,0,0
19.809177328,0,1
19.809218738,0,0
19.809260048,0,1
19.809301460,0,0
19.809342764,0,1
19.809384180,0,0
19.809425484,0,1
19.809466896,0,0
19.809508204,0,1
19.809531436,1,1
19.809550598,1,0
19.809591898,1,1
19.809634300,1,0
19.809675602,1,1
19.809675606,1,0
19.809675608,1,1
19.809718010,1,0
19.809759318,1,1
19.809801728,1,0
19.809845496,1,1
19.809887902,1,0
19.809926254,1,1
19.809968660,1,0
19.810013412,1,1
19.813642858,0,1
19.813654658,0,0
19.813697440,0,1
19.813738858,0,0
19.813780164,0,1
19.813821574,0,0
19.813862880,0,1
19.813886114,1,1
19.813905276,1,0
19.813946574,1,1
19.813967826,0,1
19.813988000,0,0
19.814029304,0,1
19.814052540,1,1
19.814071700,1,0
19.814113008,1,1
19.814155424,1,0
19.814196732,1,1
19.814217986,0,1
19.814238160,0,0
19.814279474,0,1
19.814320890,0,0
19.814364670,0,1
19.814406090,0,0
19.814444446,0,1
19.814467684,1,1
19.814486848,1,0
19.814531602,1,1
19.814548960,1,0
19.828894780,1,1
19.830584322,0,1
19.830596124,0,0
19.830638908,0,1
19.830680324,0,0
19.830721630,0,1
19.830763046,0,0
19.830804354,0,1
19.830845770,0,0
19.830887084,0,1
19.830928500,0,0
19.830969814,0,1
19.830993054,1,1
19.831012216,1,0
19.831053526,1,1
19.831095930,1,0
19.831137236,1,1
19.831179642,1,0
19.831220948,1,1
19.831263354,1,0
19.831307122,1,1
19.831349526,1,0
19.831387876,1,1
19.831430280,1,0
19.831475030,1,1
19.835103638,0,1
19.835115438,0,0
19.835158224,0,1
19.835181462,1,1
19.835200622,1,0
19.835241926,1,1
19.835284328,1,0
19.835325632,1,1
19.835346884,0,1
19.835367054,0,0
19.835408362,0,1
19.835449780,0,0
19.835491092,0,1
19.835514328,1,1
19.835533490,1,0
19.835574794,1,1
19.835617200,1,0
19.835658506,1,1
19.835679754,0,1
19.835699926,0,0
19.835741236,0,1
19.835782650,0,0
19.835826416,0,1
19.835849658,1,1
19.835868820,1,0
19.835907172,1,1
19.835949572,1,0
19.835994328,1,1
19.836010742,1,0
19.844883570,1,1
19.853125964,1,0
19.861543178,1,1
19.863547772,0,1
19.863559572,0,0
19.863602354,0,1
19.863625590,1,1
19.863644752,1,0
19.863686056,1,1
19.863728456,1,0
19.863769760,1,1
19.863791014,0,1
19.863811184,0,0
19.863852492,0,1
19.863893908,0,0
19.863935216,0,1
19.863958452,1,1
19.863977612,1,0
19.864018916,1,1
19.864061320,1,0
19.864102626,1,1
19.864123882,0,1
19.864144060,0,0
19.864185376,0,1
19.864226794,0,0
19.864270568,0,1
19.864293810,1,1
19.864312972,1,0
19.864351324,1,1
19.864393728,1,0
19.864438486,1,1
19.864473934,1,0
19.876893596,1,1
19.885124878,1,0
19.893542116,1,1
19.901783944,1,0
19.910200236,1,1
19.918431082,1,0
19.926859006,1,1
19.935089734,1,0
19.943506776,1,1
19.951749006,1,0
19.960166090,1,1
19.968397274,1,0
19.976814632,1,1
19.978888088,0,1
19.978899882,0,0
19.978942640,0,1
19.978984042,0,0
19.979025328,0,1
19.979066720,0,0
19.979108004,0,1
19.979149402,0,0
19.979190684,0,1
19.979232080,0,0
19.979273370,0,1
19.979296596,1,1
19.979315750,1,0
19.979357034,1,1
19.979399422,1,0
19.979440704,1,1
19.979483088,1,0
19.979524372,1,1
19.979566758,1,0
19.979610502,1,1
19.979652888,1,0
19.979691216,1,1
19.979733592,1,0
19.979778318,1,1
19.983406566,0,1
19.983418366,0,0
19.983461150,0,1
19.983484386,1,1
19.983503544,1,0
19.983544848,1,1
19.983587248,1,0
19.983628548,1,1
19.983649794,0,1
19.983669964,0,0
19.983711266,0,1
19.983752680,0,0
19.983793984,0,1
19.983817220,1,1
19.983836382,1,0
19.983877688,1,1
19.983920092,1,0
19.983961396,1,1
19.983982650,0,1
19.984002820,0,0
19.984044126,0,1
19.984085540,0,0
19.984129312,0,1
19.984152554,1,1
19.984171714,1,0
19.984210066,1,1
19.984252476,1,0
19.984297224,1,1
19.984313720,1,0
19.996884510,1,1
20.005115502,1,0
20.013543924,1,1
20.021774946,1,0
20.030192456,1,1
20.038423676,1,0
20.046852112,1,1
20.055083254,1,0
20.063501122,1,1
20.071744142,1,0
20.080161536,1,1
20.088392696,1,0
20.096820696,1,1
20.105051678,1,0
20.113469672,1,1
20.121701190,1,0
20.130129804,1,1
20.138360382,1,0
20.146776988,1,1
20.155019948,1,0
20.163436562,1,1
20.171667890,1,0
20.180096284,1,1
20.188326192,1,0
20.196742662,1,1
20.204972930,1,0
20.213400818,1,1
20.221631240,1,0
20.230047454,1,1
20.238288342,1,0
20.246704360,1,1
20.254935654,1,0
20.263363802,1,1
20.271594708,1,0
20.280011004,1,1
20.288241732,1,0
20.296670310,1,1
20.304902042,1,0
20.313319610,1,1
20.321562418,1,0
20.329979822,1,1
20.338210912,1,0
20.346639312,1,1
20.354870668,1,0
20.363287728,1,1
20.365480566,0,1
20.365492364,0,0
20.365535148,0,1
20.365576560,0,0
20.365617866,0,1
20.365659280,0,0
20.365700586,0,1
20.365723822,1,1
20.365742984,1,0
20.365784290,1,1
20.365805540,0,1
20.365825710,0,0
20.365867016,0,1
20.365890250,1,1
20.365909412,1,0
20.365950718,1,1
20.365993120,1,0
20.366034426,1,1
20.366055676,0,1
20.366075848,0,0
20.366117156,0,1
20.366158576,0,0
20.366202348,0,1
20.366243760,0,0
20.366282114,0,1
20.366305350,1,1
20.366324512,1,0
20.366369264,1,1
20.366404278,1,0
20.380883592,1,1
20.382213722,0,1
20.382225522,0,0
20.382268306,0,1
20.382291546,1,1
20.382310708,1,0
20.382352016,1,1
20.382394424,1,0
20.382435732,1,1
20.382456984,0,1
20.382477156,0,0
20.382518462,0,1
20.382559880,0,0
20.382601192,0,1
20.382624428,1,1
20.382643588,1,0
20.382684902,1,1
20.382727308,1,0
20.382768612,1,1
20.382789864,0,1
20.382810038,0,0
20.382851350,0,1
20.382892768,0,0
20.382936542,0,1
20.382959782,1,1
20.382978948,1,0
20.383017304,1,1
20.383059710,1,0
20.383104466,1,1
20.383139472,1,0
20.396881802,1,1
20.398850014,0,1
20.398861814,0,0
20.398904596,0,1
20.398946012,0,0
20.398987326,0,1
20.399028740,0,0
20.399070054,0,1
20.399111474,0,0
20.399152782,0,1
20.399194204,0,0
20.399235514,0,1
20.399258754,1,1
20.399277912,1,0
20.399319214,1,1
20.399361620,1,0
20.399402922,1,1
20.399445328,1,0
20.399486632,1,1
20.399529042,1,0
20.399572812,1,1
20.399615222,1,0
20.399653574,1,1
20.399695984,1,0
20.399740740,1,1
20.403370434,0,1
20.403382236,0,0
20.403425026,0,1
20.403466444,0,0
20.403507758,0,1
20.403549180,0,0
20.403590492,0,1
20.403613728,1,1
20.403632892,1,0
20.403674200,1,1
20.403695450,0,1
20.403715622,0,0
20.403756930,0,1
20.403780168,1,1
20.403799328,1,0
20.403840632,1,1
20.403883030,1,0
20.403924336,1,1
20.403945584,0,1
20.403965758,0,0
20.404007072,0,1
20.404048494,0,0
20.404092270,0,1
20.404133688,0,0
20.404172046,0,1
20.404195284,1,1
20.404214448,1,0
20.404259202,1,1
20.404275288,1,0
20.412882186,1,1
20.421113660,1,0
20.429541472,1,1
20.437772448,1,0
20.446188868,1,1
20.454419970,1,0
20.462848548,1,1
20.471079406,1,0
20.479495942,1,1
20.487737930,1,0
20.496154696,1,1
20.504385822,1,0
20.512813950,1,1
20.519817112,0,1
20.519828914,0,0
20.519871702,0,1
20.519894936,1,1
20.519914100,1,0
20.519955412,1,1
20.519997818,1,0
20.520039128,1,1
20.520060378,0,1
20.520080552,0,0
20.520121860,0,1
20.520145100,1,1
20.520164262,1,0
20.520205568,1,1
20.520226820,0,1
20.520246992,0,0
20.520288304,0,1
20.520311544,1,1
20.520330706,1,0
20.520372012,1,1
20.520393264,0,1
20.520413436,0,0
20.520454746,0,1
20.520496164,0,0
20.520539936,0,1
20.520563178,1,1
20.520582338,1,0
20.520620686,1,1
20.520663092,1,0
20.520707846,1,1
20.520744208,1,0
20.532893180,1,1
20.532928548,0,1
20.532940354,0,0
20.532983160,0,1
20.533006408,1,1
20.533025570,1,0
20.533066882,1,1
20.533109294,1,0
20.533150606,1,1
20.533171856,0,1
20.533192028,0,0
20.533233340,0,1
20.533274758,0,0
20.533316070,0,1
20.533357488,0,0
20.533398800,0,1
20.533422038,1,1
20.533422044,0,1
20.533422046,1,1
20.533441202,1,0
20.533482510,1,1
20.533503764,0,1
20.533523938,0,0
20.533565248,0,1
20.533606664,0,0
20.533650436,0,1
20.533691856,0,0
20.533730212,0,1
20.533753450,1,1
20.533772610,1,0
20.533817362,1,1
20.533852782,1,0
20.548894514,1,1
20.550021784,0,1
20.550033584,0,0
20.550076374,0,1
20.550117794,0,0
20.550159106,0,1
20.550200528,0,0
20.550241844,0,1
20.550283258,0,0
20.550324572,0,1
20.550365990,0,0
20.550407302,0,1
20.550430544,1,1
20.550449708,1,0
20.550491018,1,1
20.550533428,1,0
20.550574736,1,1
20.550617146,1,0
20.550658452,1,1
20.550700862,1,0
20.550744634,1,1
20.550787040,1,0
20.550825394,1,1
20.550867798,1,0
20.550912550,1,1
20.554541194,0,1
20.554552994,0,0
20.554595778,0,1
20.554619014,1,1
20.554638174,1,0
20.554679474,1,1
20.554721876,1,0
20.554763178,1,1
20.554784428,0,1
20.554804600,0,0
20.554845908,0,1
20.554869144,1,1
20.554888308,1,0
20.554929616,1,1
20.554950870,0,1
20.554971046,0,0
20.555012360,0,1
20.555035604,1,1
20.555054764,1,0
20.555096076,1,1
20.555117324,0,1
20.555137496,0,0
20.555178808,0,1
20.555220226,0,0
20.555263998,0,1
20.555287236,1,1
20.555306396,1,0
20.555344748,1,1
20.555387152,1,0
20.555431906,1,1
20.555448050,1,0
20.564881668,1,1
20.565240452,0,1
20.565252254,0,0
20.565295042,0,1
20.565336458,0,0
20.565377770,0,1
20.565419190,0,0
20.565460498,0,1
20.565501916,0,0
20.565543228,0,1
20.565584646,0,0
20.565625956,0,1
20.565649194,1,1
20.565668356,1,0
20.565709666,1,1
20.565752068,1,0
20.565793374,1,1
20.565835784,1,0
20.565877088,1,1
20.565919498,1,0
20.565963266,1,1
20.566005668,1,0
20.566044018,1,1
20.566086426,1,0
20.566131178,1,1
20.569759688,0,1
20.569771488,0,0
20.569814268,0,1
20.569837502,1,1
20.569856664,1,0
20.569897968,1,1
20.569940370,1,0
20.569981678,1,1
20.570002930,0,1
20.570023102,0,0
20.570064410,0,1
20.570105828,0,0
20.570147138,0,1
20.570170378,1,1
20.570189538,1,0
20.570230840,1,1
20.570273248,1,0
20.570314552,1,1
20.570335802,0,1
20.570355976,0,0
20.570397290,0,1
20.570438706,0,0
20.570482474,0,1
20.570505710,1,1
20.570524874,1,0
20.570563222,1,1
20.570605624,1,0
20.570650374,1,1
20.570666758,1,0
20.580886926,1,1
20.580922822,0,1
20.580934624,0,0
20.580977420,0,1
20.581018840,0,0
20.581060156,0,1
20.581101574,0,0
20.581142888,0,1
20.581184304,0,0
20.581225616,0,1
20.581267034,0,0
20.581308348,0,1
20.581331584,1,1
20.581350746,1,0
20.581392056,1,1
20.581434466,1,0
20.581475774,1,1
20.581518180,1,0
20.581559482,1,1
20.581601890,1,0
20.581645656,1,1
20.581688066,1,0
20.581726414,1,1
20.581768820,1,0
20.581813576,1,1
20.585443272,0,1
20.585455074,0,0
20.585497862,0,1
20.585521098,1,1
20.585540258,1,0
20.585581568,1,1
20.585623974,1,0
20.585665282,1,1
20.585686536,0,1
20.585706710,0,0
20.585748022,0,1
20.585789438,0,0
20.585830748,0,1
20.585872166,0,0
20.585913478,0,1
20.585936714,1,1
20.585955878,1,0
20.585997188,1,1
20.586018440,0,1
20.586038614,0,0
20.586079926,0,1
20.586121344,0,0
20.586165112,0,1
20.586206526,0,0
20.586244884,0,1
20.586268122,1,1
20.586287282,1,0
20.586332036,1,1
20.586348126,1,0
20.596883088,1,1
20.598980616,0,1
20.598992416,0,0
20.599035200,0,1
20.599058440,1,1
20.599077602,1,0
20.599118910,1,1
20.599161314,1,0
20.599202620,1,1
20.599223872,0,1
20.599244044,0,0
20.599285352,0,1
20.599326764,0,0
20.599368072,0,1
20.599391310,1,1
20.599410468,1,0
20.599451764,1,1
20.599494170,1,0
20.599535474,1,1
20.599556722,0,1
20.599576892,0,0
20.599618198,0,1
20.599659614,0,0
20.599703382,0,1
20.599726622,1,1
20.599745780,1,0
20.599784132,1,1
20.599826532,1,0
20.599871278,1,1
20.599907634,1,0
20.612882100,1,1
20.621124230,1,0
20.629540268,1,1
20.631851578,0,1
20.631863378,0,0
20.631906158,0,1
20.631947572,0,0
20.631988884,0,1
20.632030298,0,0
20.632071606,0,1
20.632094842,1,1
20.632114004,1,0
20.632155306,1,1
20.632197710,1,0
20.632239016,1,1
20.632260268,0,1
20.632280440,0,0
20.632321746,0,1
20.632321748,0,0
20.632321750,0,1
20.632344982,1,1
20.632364148,1,0
20.632405452,1,1
20.632426702,0,1
20.632446872,0,0
20.632488184,0,1
20.632529600,0,0
20.632573368,0,1
20.632614780,0,0
20.632653130,0,1
20.632676370,1,1
20.632695528,1,0
20.632740278,1,1
20.632775730,1,0
20.644891690,1,1
20.653122022,1,0
20.661538204,1,1
20.669768282,1,0
20.678196718,1,1
20.680137406,0,1
20.680149206,0,0
20.680191984,0,1
20.680233398,0,0
20.680274704,0,1
20.680316114,0,0
20.680357424,0,1
20.680398842,0,0
20.680440152,0,1
20.680481568,0,0
20.680522874,0,1
20.680546108,1,1
20.680565266,1,0
20.680606566,1,1
20.680648970,1,0
20.680690270,1,1
20.680732674,1,0
20.680773976,1,1
20.680816376,1,0
20.680860142,1,1
20.680902542,1,0
20.680940888,1,1
20.680983296,1,0
20.681028052,1,1
20.684656516,0,1
20.684668318,0,0
20.684711104,0,1
20.684734338,1,1
20.684753498,1,0
20.684794804,1,1
20.684837208,1,0
20.684878510,1,1
20.684899762,0,1
20.684919934,0,0
20.684961242,0,1
20.685002660,0,0
20.685043970,0,1
20.685067210,1,1
20.685086370,1,0
20.685127670,1,1
20.685170076,1,0
20.685211384,1,1
20.685232634,0,1
20.685252806,0,0
20.685294116,0,1
20.685335530,0,0
20.685379296,0,1
20.685402526,1,1
20.685421688,1,0
20.685460038,1,1
20.685502440,1,0
20.685547186,1,1
20.685563824,1,0
20.700891836,1,1
20.702679920,0,1
20.702691720,0,0
20.702734504,0,1
20.702775920,0,0
20.702817230,0,1
20.702858646,0,0
20.702899958,0,1
20.702941372,0,0
20.702982684,0,1
20.703024108,0,0
20.703065422,0,1
20.703088658,1,1
20.703107820,1,0
20.703149124,1,1
20.703191532,1,0
20.703232836,1,1
20.703275244,1,0
20.703316552,1,1
20.703358958,1,0
20.703402728,1,1
20.703445132,1,0
20.703483484,1,1
20.703525886,1,0
20.703570640,1,1
20.707200236,0,1
20.707212038,0,0
20.707254826,0,1
20.707296244,0,0
20.707337552,0,1
20.707378968,0,0
20.707420278,0,1
20.707443510,1,1
20.707462674,1,0
20.707503978,1,1
20.707546384,1,0
20.707587690,1,1
20.707608942,0,1
20.707629116,0,0
20.707670424,0,1
20.707693660,1,1
20.707712820,1,0
20.707754118,1,1
20.707775370,0,1
20.707795540,0,0
20.707836844,0,1
20.707878260,0,0
20.707922034,0,1
20.707963448,0,0
20.708001808,0,1
20.708025048,1,1
20.708044212,1,0
20.708088966,1,1
20.708105640,1,0
20.716882312,1,1
20.725114052,1,0
20.733543096,1,1
20.741774248,1,0
20.750191278,1,1
20.758433308,1,0
20.766850144,1,1
20.775081264,1,0
20.783510038,1,1
20.791741880,1,0
20.800159674,1,1
20.808390878,1,0
20.816819968,1,1
20.825051650,1,0
20.833469328,1,1
20.841711576,1,0
20.850128778,1,1
20.853706516,0,1
20.853718316,0,0
20.853761100,0,1
20.853784338,1,1
20.853803496,1,0
20.853844800,1,1
20.853866048,0,1
20.853886218,0,0
20.853927526,0,1
20.853950758,1,1
20.853969922,1,0
20.854011226,1,1
20.854032478,0,1
20.854052648,0,0
20.854093950,0,1
20.854135364,0,0
20.854176670,0,1
20.854199908,1,1
20.854219070,1,0
20.854260374,1,1
20.854281626,0,1
20.854301798,0,0
20.854343108,0,1
20.854384524,0,0
20.854428296,0,1
20.854469710,0,0
20.854508062,0,1
20.854531298,1,1
20.854550460,1,0
20.854595204,1,1
20.854630186,1,0
20.868892476,1,1
20.871729798,0,1
20.871741598,0,0
20.871784382,0,1
20.871825796,0,0
20.871867104,0,1
20.871908522,0,0
20.871949832,0,1
20.871991256,0,0
20.872032570,0,1
20.872073988,0,0
20.872115302,0,1
20.872138542,1,1
20.872157704,1,0
20.872199012,1,1
20.872241418,1,0
20.872282724,1,1
20.872325128,1,0
20.872366438,1,1
20.872408844,1,0
20.872452610,1,1
20.872495014,1,0
20.872533366,1,1
20.872575772,1,0
20.872620528,1,1
20.876250032,0,1
20.876261832,0,0
20.876304622,0,1
20.876327862,1,1
20.876347024,1,0
20.876388334,1,1
20.876409590,0,1
20.876429768,0,0
20.876471086,0,1
20.876494322,1,1
20.876513482,1,0
20.876554788,1,1
20.876576038,0,1
20.876596210,0,0
20.876637522,0,1
20.876678942,0,0
20.876720260,0,1
20.876743500,1,1
20.876762662,1,0
20.876803974,1,1
20.876825228,0,1
20.876845402,0,0
20.876886712,0,1
20.876928128,0,0
20.876971902,0,1
20.877013324,0,0
20.877051678,0,1
20.877074918,1,1
20.877094082,1,0
20.877138832,1,1
20.877154838,1,0
20.892882072,1,1
20.901113862,1,0
20.909542400,1,1
20.917774122,1,0
20.926191684,1,1
20.934435210,1,0
20.942853946,1,1
20.951086320,1,0
20.959515540,1,1
20.960793000,0,1
20.960804800,0,0
20.960847586,0,1
20.960870824,1,1
20.960889986,1,0
20.960931292,1,1
20.960952542,0,1
20.960972716,0,0
20.961014030,0,1
20.961037266,1,1
20.961056428,1,0
20.961097736,1,1
20.961140138,1,0
20.961181442,1,1
20.961223850,1,0
20.961265156,1,1
20.961307562,1,0
20.961348870,1,1
20.961370120,0,1
20.961390290,0,0
20.961431598,0,1
20.961473018,0,0
20.961516790,0,1
20.961558208,0,0
20.961596566,0,1
20.961619808,1,1
20.961638966,1,0
20.961683722,1,1
20.961718974,1,0
20.972893250,1,1
20.981125266,1,0
20.989542750,1,1
20.997774822,1,0
21.006204198,1,1
21.008329276,0,1
21.008341078,0,0
21.008383868,0,1
21.008425288,0,0
21.008466600,0,1
21.008489840,1,1
21.008509002,1,0
21.008550314,1,1
21.008592722,1,0
21.008634026,1,1
21.008676436,1,0
21.008717744,1,1
21.008738996,0,1
21.008759172,0,0
21.008800488,0,1
21.008823724,1,1
21.008842890,1,0
21.008884198,1,1
21.008905450,0,1
21.008925624,0,0
21.008966936,0,1
21.009008362,0,0
21.009052142,0,1
21.009075380,1,1
21.009094546,1,0
21.009132898,1,1
21.009175310,1,0
21.009220068,1,1
21.009255294,1,0
21.020880884,1,1
21.025902180,0,1
21.025913982,0,0
21.025956774,0,1
21.025998200,0,0
21.026039516,0,1
21.026080936,0,0
21.026122250,0,1
21.026163670,0,0
21.026204982,0,1
21.026246404,0,0
21.026287716,0,1
21.026310956,1,1
21.026330120,1,0
21.026371432,1,1
21.026413842,1,0
21.026455146,1,1
21.026497560,1,0
21.026538870,1,1
21.026581278,1,0
21.026625050,1,1
21.026667462,1,0
21.026705814,1,1
21.026748224,1,0
21.026792980,1,1
21.030418600,0,1
21.030430398,0,0
21.030473172,0,1
21.030496400,1,1
21.030515556,1,0
21.030556846,1,1
21.030578094,0,1
21.030598260,0,0
21.030639554,0,1
21.030662782,1,1
21.030681940,1,0
21.030723232,1,1
21.030765624,1,0
21.030806912,1,1
21.030849306,1,0
21.030890592,1,1
21.030932986,1,0
21.030974282,1,1
21.030995532,0,1
21.031015702,0,0
21.031057006,0,1
21.031098416,0,0
21.031142180,0,1
21.031183590,0,0
21.031221944,0,1
21.031245176,1,1
21.031264340,1,0
21.031309090,1,1
21.031325510,1,0
21.044882040,1,1
21.047376722,0,1
21.047388524,0,0
21.047431308,0,1
21.047472722,0,0
21.047514028,0,1
21.047555444,0,0
21.047596754,0,1
21.047638170,0,0
21.047679476,0,1
21.047720892,0,0
21.047762200,0,1
21.047785438,1,1
21.047804596,1,0
21.047845896,1,1
21.047888304,1,0
21.047929604,1,1
21.047972008,1,0
21.048013316,1,1
21.048055718,1,0
21.048099480,1,1
21.048141886,1,0
21.048180240,1,1
21.048222644,1,0
21.048267398,1,1
21.051895908,0,1
21.051907710,0,0
21.051950496,0,1
21.051991912,0,0
21.052033220,0,1
21.052056456,1,1
21.052075620,1,0
21.052116928,1,1
21.052159328,1,0
21.052200636,1,1
21.052243038,1,0
21.052284336,1,1
21.052305590,0,1
21.052325762,0,0
21.052367072,0,1
21.052390308,1,1
21.052409472,1,0
21.052450782,1,1
21.052472034,0,1
21.052492208,0,0
21.052533514,0,1
21.052574928,0,0
21.052618698,0,1
21.052641932,1,1
21.052661096,1,0
21.052699446,1,1
21.052741856,1,0
21.052786610,1,1
21.052802954,1,0
21.068894820,1,1
21.077127456,1,0
21.085545590,1,1
21.093777894,1,0
21.102206394,1,1
21.110438200,1,0
21.118855272,1,1
21.127098250,1,0
21.135516066,1,1
21.140698856,0,1
21.140710658,0,0
21.140753444,0,1
21.140794862,0,0
21.140836180,0,1
21.140859414,1,1
21.140878578,1,0
21.140919884,1,1
21.140919888,1,0
21.140919892,1,1
21.140962296,1,0
21.141003618,1,1
21.141046046,1,0
21.141087374,1,1
21.141108630,0,1
21.141128806,0,0
21.141170122,0,1
21.141193362,1,1
21.141212528,1,0
21.141253836,1,1
21.141275088,0,1
21.141295260,0,0
21.141336572,0,1
21.141377988,0,0
21.141421758,0,1
21.141444996,1,1
21.141464158,1,0
21.141502508,1,1
21.141544912,1,0
21.141589664,1,1
21.141624618,1,0
21.156893872,1,1
21.156893878,1,0
21.156893880,1,1
21.156932564,0,1
21.156944366,0,0
21.156987166,0,1
21.157010408,1,1
21.157029572,1,0
21.157070886,1,1
21.157092142,0,1
21.157112318,0,0
21.157153630,0,1
21.157176872,1,1
21.157196034,1,0
21.157237346,1,1
21.157258596,0,1
21.157278768,0,0
21.157320082,0,1
21.157361504,0,0
21.157402816,0,1
21.157426056,1,1
21.157445220,1,0
21.157486534,1,1
21.157507782,0,1
21.157527954,0,0
21.157569270,0,1
21.157610692,0,0
21.157654468,0,1
21.157695890,0,0
21.157734250,0,1
21.157757492,1,1
21.157776654,1,0
21.157821410,1,1
21.157856848,1,0
21.172893390,1,1
21.174380008,0,1
21.174391810,0,0
21.174434594,0,1
21.174476010,0,0
21.174517320,0,1
21.174558738,0,0
21.174600048,0,1
21.174641468,0,0
21.174682778,0,1
21.174724196,0,0
21.174765510,0,1
21.174788746,1,1
21.174807910,1,0
21.174849214,1,1
21.174891622,1,0
21.174932928,1,1
21.174975334,1,0
21.175016648,1,1
21.175059052,1,0
21.175102822,1,1
21.175145228,1,0
21.175183582,1,1
21.175225984,1,0
21.175270746,1,1
21.178899582,0,1
21.178911384,0,0
21.178954170,0,1
21.178995590,0,0
21.179036898,0,1
21.179060136,1,1
21.179079294,1,0
21.179120600,1,1
21.179163004,1,0
21.179204312,1,1
21.179246716,1,0
21.179288020,1,1
21.179309270,0,1
21.179329442,0,0
21.179370752,0,1
21.179393990,1,1
21.179413150,1,0
21.179454452,1,1
21.179475704,0,1
21.179495876,0,0
21.179537184,0,1
21.179578598,0,0
21.179622370,0,1
21.179645604,1,1
21.179664768,1,0
21.179703120,1,1
21.179745524,1,0
21.179790274,1,1
21.179806486,1,0
21.188894284,1,1
21.189597964,0,1
21.189609766,0,0
21.189652544,0,1
21.189693956,0,0
21.189735260,0,1
21.189776676,0,0
21.189817990,0,1
21.189859408,0,0
21.189900724,0,1
21.189942142,0,0
21.189983460,0,1
21.190006702,1,1
21.190025864,1,0
21.190067174,1,1
21.190109584,1,0
21.190150890,1,1
21.190193294,1,0
21.190234602,1,1
21.190277006,1,0
21.190320772,1,1
21.190363184,1,0
21.190401536,1,1
21.190443938,1,0
21.190488690,1,1
21.190488692,1,0
21.190488698,1,1
21.194118294,0,1
21.194130096,0,0
21.194172880,0,1
21.194196118,1,1
21.194215280,1,0
21.194256582,1,1
21.194277836,0,1
21.194298008,0,0
21.194339316,0,1
21.194362554,1,1
21.194381716,1,0
21.194423026,1,1
21.194444276,0,1
21.194464448,0,0
21.194505754,0,1
21.194547172,0,0
21.194588484,0,1
21.194611722,1,1
21.194630882,1,0
21.194672188,1,1
21.194693440,0,1
21.194713612,0,0
21.194754918,0,1
21.194796334,0,0
21.194840106,0,1
21.194881520,0,0
21.194919874,0,1
21.194943112,1,1
21.194962276,1,0
21.195007026,1,1
21.195023364,1,0
21.204882736,1,1
21.213126806,1,0
21.221545242,1,1
21.229778028,1,0
21.238208032,1,1
21.241123748,0,1
21.241135548,0,0
21.241178332,0,1
21.241219750,0,0
21.241261058,0,1
21.241284292,1,1
21.241303454,1,0
21.241344760,1,1
21.241387168,1,0
21.241428470,1,1
21.241470874,1,0
21.241512182,1,1
21.241533430,0,1
21.241553600,0,0
21.241594910,0,1
21.241618146,1,1
21.241637310,1,0
21.241678612,1,1
21.241699864,0,1
21.241720036,0,0
21.241761346,0,1
21.241802758,0,0
21.241846528,0,1
21.241869766,1,1
21.241888928,1,0
21.241927276,1,1
21.241969680,1,0
21.242014430,1,1
21.242049516,1,0
21.252881316,1,1
21.255193852,0,1
21.255205654,0,0
21.255248440,0,1
21.255289856,0,0
21.255331164,0,1
21.255372580,0,0
21.255413890,0,1
21.255437126,1,1
21.255456286,1,0
21.255497596,1,1
21.255518848,0,1
21.255539018,0,0
21.255580328,0,1
21.255621744,0,0
21.255663054,0,1
21.255686288,1,1
21.255705448,1,0
21.255746752,1,1
21.255768002,0,1
21.255788174,0,0
21.255829484,0,1
21.255870896,0,0
21.255914666,0,1
21.255937904,1,1
21.255957064,1,0
21.255995416,1,1
21.256037820,1,0
21.256082568,1,1
21.256118210,1,0
21.268883758,1,1
21.277115364,1,0
21.285544938,1,1
21.293778270,1,0
21.302196968,1,1
21.302952088,0,1
21.302963888,0,0
21.303006676,0,1
21.303048098,0,0
21.303089410,0,1
21.303130826,0,0
21.303172138,0,1
21.303213556,0,0
21.303254866,0,1
21.303296282,0,0
21.303337592,0,1
21.303360828,1,1
21.303379988,1,0
21.303421290,1,1
21.303463694,1,0
21.303504996,1,1
21.303547398,1,0
21.303588700,1,1
21.303631102,1,0
21.303674860,1,1
21.303717264,1,0
21.303755610,1,1
21.303798016,1,0
21.303842766,1,1
21.307471284,0,1
21.307483080,0,0
21.307525842,0,1
21.307567238,0,0
21.307608530,0,1
21.307631764,1,1
21.307650924,1,0
21.307692230,1,1
21.307734632,1,0
21.307775936,1,1
21.307818344,1,0
21.307859650,1,1
21.307880900,0,1
21.307901070,0,0
21.307942368,0,1
21.307965600,1,1
21.307984756,1,0
21.308026040,1,1
21.308047288,0,1
21.308067452,0,0
21.308108742,0,1
21.308150146,0,0
21.308193900,0,1
21.308217120,1,1
21.308236274,1,0
21.308274600,1,1
21.308316990,1,0
21.308361722,1,1
21.308378088,1,0
21.324880298,1,1
21.326001998,0,1
21.326013800,0,0
21.326056590,0,1
21.326098004,0,0
21.326139320,0,1
21.326180740,0,0
21.326222050,0,1
21.326263474,0,0
21.326304788,0,1
21.326346208,0,0
21.326387524,0,1
21.326410768,1,1
21.326429928,1,0
21.326471238,1,1
21.326513648,1,0
21.326554960,1,1
21.326597368,1,0
21.326638676,1,1
21.326681084,1,0
21.326724852,1,1
21.326767262,1,0
21.326805616,1,1
21.326848022,1,0
21.326892774,1,1
21.330525372,0,1
21.330537178,0,0
21.330579984,0,1
21.330621426,0,0
21.330662764,0,1
21.330704198,0,0
21.330745518,0,1
21.330768760,1,1
21.330787926,1,0
21.330829234,1,1
21.330850490,0,1
21.330870668,0,0
21.330911984,0,1
21.330953400,0,0
21.330994718,0,1
21.331017958,1,1
21.331037122,1,0
21.331078430,1,1
21.331099686,0,1
21.331119858,0,0
21.331161170,0,1
21.331202586,0,0
21.331246360,0,1
21.331269600,1,1
21.331288762,1,0
21.331327116,1,1
21.331369520,1,0
21.331414274,1,1
21.331430870,1,0
21.340881102,1,1
21.349112846,1,0
21.357541612,1,1
21.365773930,1,0
21.374192476,1,1
21.382425098,1,0
21.390854722,1,1
21.391786000,0,1
21.391797802,0,0
21.391840590,0,1
21.391863828,1,1
21.391882988,1,0
21.391924296,1,1
21.391945546,0,1
21.391965720,0,0
21.392007034,0,1
21.392030270,1,1
21.392049432,1,0
21.392090738,1,1
21.392111992,0,1
21.392132164,0,0
21.392173476,0,1
21.392196716,1,1
21.392215876,1,0
21.392257182,1,1
21.392299588,1,0
21.392340896,1,1
21.392362148,0,1
21.392382320,0,0
21.392423632,0,1
21.392465050,0,0
21.392508824,0,1
21.392532060,1,1
21.392551222,1,0
21.392589576,1,1
21.392631980,1,0
21.392676736,1,1
21.392711666,1,0
21.404892350,1,1
21.405845020,0,1
21.405856820,0,0
21.405899606,0,1
21.405941024,0,0
21.405982338,0,1
21.406023758,0,0
21.406065070,0,1
21.406088310,1,1
21.406107474,1,0
21.406148784,1,1
21.406191190,1,0
21.406232496,1,1
21.406253750,0,1
21.406273920,0,0
21.406315226,0,1
21.406338472,1,1
21.406357632,1,0
21.406398936,1,1
21.406420190,0,1
21.406440360,0,0
21.406481676,0,1
21.406523094,0,0
21.406566864,0,1
21.406608280,0,0
21.406646632,0,1
21.406669872,1,1
21.406689032,1,0
21.406733780,1,1
21.406769172,1,0
21.420892806,1,1
21.429125362,1,0
21.437543048,1,1
21.445774194,1,0
21.454203226,1,1
21.456376316,0,1
21.456388116,0,0
21.456430900,0,1
21.456472310,0,0
21.456513612,0,1
21.456555028,0,0
21.456596338,0,1
21.456637758,0,0
21.456679066,0,1
21.456720478,0,0
21.456761780,0,1
21.456785010,1,1
21.456804172,1,0
21.456845474,1,1
21.456887872,1,0
21.456929170,1,1
21.456971572,1,0
21.457012876,1,1
21.457055274,1,0
21.457099040,1,1
21.457141442,1,0
21.457179790,1,1
21.457222190,1,0
21.457266938,1,1
21.460896562,0,1
21.460908360,0,0
21.460951140,0,1
21.460992560,0,0
21.461033868,0,1
21.461075286,0,0
21.461116592,0,1
21.461139830,1,1
21.461158994,1,0
21.461200296,1,1
21.461242702,1,0
21.461284010,1,1
21.461305262,0,1
21.461325434,0,0
21.461366744,0,1
21.461389982,1,1
21.461409146,1,0
21.461450454,1,1
21.461471702,0,1
21.461491874,0,0
21.461533184,0,1
21.461574602,0,0
21.461618376,0,1
21.461659794,0,0
21.461698154,0,1
21.461721390,1,1
21.461740552,1,0
21.461785300,1,1
21.461801302,1,0
21.476891780,1,1
21.477770734,0,1
21.477782536,0,0
21.477825322,0,1
21.477866736,0,0
21.477908046,0,1
21.477949458,0,0
21.477990766,0,1
21.478032182,0,0
21.478073492,0,1
21.478114912,0,0
21.478156220,0,1
21.478179462,1,1
21.478198624,1,0
21.478239930,1,1
21.478282332,1,0
21.478323636,1,1
21.478366044,1,0
21.478407350,1,1
21.478449756,1,0
21.478493522,1,1
21.478535930,1,0
21.478574282,1,1
21.478616686,1,0
21.478661436,1,1
21.482290090,0,1
21.482301890,0,0
21.482344688,0,1
21.482367930,1,1
21.482387092,1,0
21.482428396,1,1
21.482449650,0,1
21.482469820,0,0
21.482511134,0,1
21.482534372,1,1
21.482553532,1,0
21.482594836,1,1
21.482616086,0,1
21.482636258,0,0
21.482677568,0,1
21.482700806,1,1
21.482719966,1,0
21.482761272,1,1
21.482803678,1,0
21.482844980,1,1
21.482844982,1,0
21.482844986,1,1
21.482866232,0,1
21.482886406,0,0
21.482927716,0,1
21.482969130,0,0
21.483012906,0,1
21.483036146,1,1
21.483055310,1,0
21.483093658,1,1
21.483136064,1,0
21.483180816,1,1
21.483197154,1,0
21.492882696,1,1
21.501114804,1,0
21.509543928,1,1
21.517775786,1,0
21.526193332,1,1
21.526419010,0,1
21.526430810,0,0
21.526473602,0,1
21.526496840,1,1
21.526516006,1,0
21.526557314,1,1
21.526578568,0,1
21.526598742,0,0
21.526640056,0,1
21.526663294,1,1
21.526682458,1,0
21.526723762,1,1
21.526723766,1,0
21.526723770,1,1
21.526745018,0,1
21.526765190,0,0
21.526806502,0,1
21.526829742,1,1
21.526848904,1,0
21.526890212,1,1
21.526932622,1,0
21.526973930,1,1
21.526995186,0,1
21.527015360,0,0
21.527056674,0,1
21.527098094,0,0
21.527141870,0,1
21.527165108,1,1
21.527184272,1,0
21.527222626,1,1
21.527265032,1,0
21.527309784,1,1
21.527334022,1,0
21.540880860,1,1
21.542141528,0,1
21.542153328,0,0
21.542196106,0,1
21.542237516,0,0
21.542278818,0,1
21.542320224,0,0
21.542361524,0,1
21.542384754,1,1
21.542403912,1,0
21.542445206,1,1
21.542487602,1,0
21.542528896,1,1
21.542550142,0,1
21.542570310,0,0
21.542611612,0,1
21.542634840,1,1
21.542653998,1,0
21.542695292,1,1
21.542716540,0,1
21.542736708,0,0
21.542778016,0,1
21.542819432,0,0
21.542863206,0,1
21.542904624,0,0
21.542942982,0,1
21.542966220,1,1
21.542985388,1,0
21.543030148,1,1
21.543065230,1,0
21.556881180,1,1
21.559322500,0,1
21.559334302,0,0
21.559377092,0,1
21.559400330,1,1
21.559419492,1,0
21.559460806,1,1
21.559503216,1,0
21.559544524,1,1
21.559565780,0,1
21.559585954,0,0
21.559627268,0,1
21.559668692,0,0
21.559710008,0,1
21.559751428,0,0
21.559792744,0,1
21.559815982,1,1
21.559835148,1,0
21.559876458,1,1
21.559897710,0,1
21.559917884,0,0
21.559959198,0,1
21.560000624,0,0
21.560044404,0,1
21.560085826,0,0
21.560124188,0,1
21.560147428,1,1
21.560166592,1,0
21.560211348,1,1
21.560246292,1,0
21.572881030,1,1
21.581112508,1,0
21.589541166,1,1
21.591361910,0,1
21.591373710,0,0
21.591416498,0,1
21.591457914,0,0
21.591499224,0,1
21.591540640,0,0
21.591581952,0,1
21.591623370,0,0
21.591664676,0,1
21.591706092,0,0
21.591747402,0,1
21.591770640,1,1
21.591789804,1,0
21.591831116,1,1
21.591873520,1,0
21.591914824,1,1
21.591957228,1,0
21.591998536,1,1
21.592040944,1,0
21.592084714,1,1
21.592127118,1,0
21.592165468,1,1
21.592207874,1,0
21.592252628,1,1
21.595882390,0,1
21.595894192,0,0
21.595936976,0,1
21.595960212,1,1
21.595979378,1,0
21.596020688,1,1
21.596063092,1,0
21.596104400,1,1
21.596125650,0,1
21.596145822,0,0
21.596187130,0,1
21.596228548,0,0
21.596269860,0,1
21.596311280,0,0
21.596352592,0,1
21.596375834,1,1
21.596394998,1,0
21.596436310,1,1
21.596457562,0,1
21.596477734,0,0
21.596519044,0,1
21.596560466,0,0
21.596604240,0,1
21.596645658,0,0
21.596684016,0,1
21.596707254,1,1
21.596726414,1,0
21.596771162,1,1
21.596787478,1,0
21.612891076,1,1
21.612929624,0,1
21.612941426,0,0
21.612984214,0,1
21.613025632,0,0
21.613066942,0,1
21.613108356,0,0
21.613149662,0,1
21.613191080,0,0
21.613232392,0,1
21.613273810,0,0
21.613315122,0,1
21.613338366,1,1
21.613357526,1,0
21.613398834,1,1
21.613441240,1,0
21.613482546,1,1
21.613524952,1,0
21.613566262,1,1
21.613608686,1,0
21.613652480,1,1
21.613694900,1,0
21.613733260,1,1
21.613775672,1,0
21.613820430,1,1
21.617448652,0,1
21.617460446,0,0
21.617503208,0,1
21.617544606,0,0
21.617585898,0,1
21.617627296,0,0
21.617668588,0,1
21.617691812,1,1
21.617710966,1,0
21.617752250,1,1
21.617794632,1,0
21.617835916,1,1
21.617857154,0,1
21.617877318,0,0
21.617918606,0,1
21.617941828,1,1
21.617960982,1,0
21.618002270,1,1
21.618023512,0,1
21.618043678,0,0
21.618084970,0,1
21.618126368,0,0
21.618170124,0,1
21.618211524,0,0
21.618249856,0,1
21.618273084,1,1
21.618292240,1,0
21.618336966,1,1
21.618353364,1,0
21.628879630,1,1
21.631233298,0,1
21.631245100,0,0
21.631287892,0,1
21.631329310,0,0
21.631370626,0,1
21.631412046,0,0
21.631453360,0,1
21.631494780,0,0
21.631536096,0,1
21.631577512,0,0
21.631618820,0,1
21.631642062,1,1
21.631661226,1,0
21.631702534,1,1
21.631744938,1,0
21.631786246,1,1
21.631828656,1,0
21.631869964,1,1
21.631912372,1,0
21.631956144,1,1
21.631998554,1,0
21.632036908,1,1
21.632079318,1,0
21.632124070,1,1
21.635752650,0,1
21.635764452,0,0
21.635807238,0,1
21.635830472,1,1
21.635849634,1,0
21.635890938,1,1
21.635912194,0,1
21.635932364,0,0
21.635973678,0,1
21.635996916,1,1
21.636016076,1,0
21.636057380,1,1
21.636078634,0,1
21.636098806,0,0
21.636140122,0,1
21.636163360,1,1
21.636182520,1,0
21.636223826,1,1
21.636266236,1,0
21.636307544,1,1
21.636328794,0,1
21.636348968,0,0
21.636390282,0,1
21.636431704,0,0
21.636475480,0,1
21.636498718,1,1
21.636517878,1,0
21.636556226,1,1
21.636598630,1,0
21.636643380,1,1
21.636659974,1,0
21.652893194,1,1
21.657677170,0,1
21.657688970,0,0
21.657731750,0,1
21.657754990,1,1
21.657774150,1,0
21.657815454,1,1
21.657836702,0,1
21.657856874,0,0
21.657898186,0,1
21.657921420,1,1
21.657940578,1,0
21.657981886,1,1
21.658003138,0,1
21.658023310,0,0
21.658064622,0,1
21.658087860,1,1
21.658107020,1,0
21.658148326,1,1
21.658190732,1,0
21.658232034,1,1
21.658253282,0,1
21.658273454,0,0
21.658314760,0,1
21.658356178,0,0
21.658399952,0,1
21.658423194,1,1
21.658442354,1,0
21.658480700,1,1
21.658523104,1,0
21.658567852,1,1
21.658603418,1,0
21.668892416,1,1
21.669638594,0,1
21.669650396,0,0
21.669693188,0,1
21.669734604,0,0
21.669775914,0,1
21.669817336,0,0
21.669858652,0,1
21.669881888,1,1
21.669901054,1,0
21.669942364,1,1
21.669984778,1,0
21.670026086,1,1
21.670047336,0,1
21.670067510,0,0
21.670108824,0,1
21.670132058,1,1
21.670151220,1,0
21.670192528,1,1
21.670213780,0,1
21.670233950,0,0
21.670275264,0,1
21.670316680,0,0
21.670360462,0,1
21.670401878,0,0
21.670440236,0,1
21.670463476,1,1
21.670482640,1,0
21.670527392,1,1
21.670527394,1,0
21.670527398,1,1
21.670551032,1,0
21.684891558,1,1
21.687058094,0,1
21.687069896,0,0
21.687112684,0,1
21.687135920,1,1
21.687155080,1,0
21.687196380,1,1
21.687238786,1,0
21.687280090,1,1
21.687301336,0,1
21.687321508,0,0
21.687362816,0,1
21.687404236,0,0
21.687445548,0,1
21.687486966,0,0
21.687528276,0,1
21.687551514,1,1
21.687570676,1,0
21.687611978,1,1
21.687633230,0,1
21.687653404,0,0
21.687694716,0,1
21.687736130,0,0
21.687779906,0,1
21.687821322,0,0
21.687859680,0,1
21.687882916,1,1
21.687902080,1,0
21.687946836,1,1
21.687981806,1,0
21.700882980,1,1
21.701249048,0,1
21.701260850,0,0
21.701303640,0,1
21.701326876,1,1
21.701346036,1,0
21.701387348,1,1
21.701429762,1,0
21.701471076,1,1
21.701492328,0,1
21.701512504,0,0
21.701553822,0,1
21.701595242,0,0
21.701636558,0,1
21.701659800,1,1
21.701678960,1,0
21.701720270,1,1
21.701762674,1,0
21.701803984,1,1
21.701825234,0,1
21.701845408,0,0
21.701886722,0,1
21.701928140,0,0
21.701971918,0,1
21.701995154,1,1
21.702014318,1,0
21.702052670,1,1
21.702095080,1,0
21.702139834,1,1
21.702175266,1,0
21.716880942,1,1
21.725111960,1,0
21.733540970,1,1
21.741772254,1,0
21.750190198,1,1
21.758433158,1,0
21.766850752,1,1
21.775081954,1,0
21.783510800,1,1
21.785466668,0,1
21.785478468,0,0
21.785521252,0,1
21.785562662,0,0
21.785603964,0,1
21.785645374,0,0
21.785686684,0,1
21.785728094,0,0
21.785769394,0,1
21.785810808,0,0
21.785852118,0,1
21.785875350,1,1
21.785894512,1,0
21.785935814,1,1
21.785978224,1,0
21.786019534,1,1
21.786061936,1,0
21.786103240,1,1
21.786145644,1,0
21.786189412,1,1
21.786231816,1,0
21.786270166,1,1
21.786312564,1,0
21.786357314,1,1
21.789986726,0,1
21.789998528,0,0
21.790041312,0,1
21.790082726,0,0
21.790124032,0,1
21.790165450,0,0
21.790206760,0,1
21.790229998,1,1
21.790249156,1,0
21.790290462,1,1
21.790332866,1,0
21.790374168,1,1
21.790395420,0,1
21.790415592,0,0
21.790456898,0,1
21.790480132,1,1
21.790499296,1,0
21.790540598,1,1
21.790561848,0,1
21.790582016,0,0
21.790623314,0,1
21.790664728,0,0
21.790708494,0,1
21.790749904,0,0
21.790788256,0,1
21.790811492,1,1
21.790830652,1,0
21.790875400,1,1
21.790891802,1,0
21.804878712,1,1
21.805788030,0,1
21.805799830,0,0
21.805842618,0,1
21.805884036,0,0
21.805925346,0,1
21.805966764,0,0
21.806008080,0,1
21.806049502,0,0
21.806090818,0,1
21.806132238,0,0
21.806173552,0,1
21.806196790,1,1
21.806215950,1,0
21.806257260,1,1
21.806299670,1,0
21.806340978,1,1
21.806383390,1,0
21.806424700,1,1
21.806467110,1,0
21.806510882,1,1
21.806553290,1,0
21.806591642,1,1
21.806634054,1,0
21.806678808,1,1
21.810307636,0,1
21.810319438,0,0
21.810362224,0,1
21.810385466,1,1
21.810404628,1,0
21.810445938,1,1
21.810467190,0,1
21.810487366,0,0
21.810528678,0,1
21.810551922,1,1
21.810571082,1,0
21.810612390,1,1
21.810633642,0,1
21.810653816,0,0
21.810695130,0,1
21.810718370,1,1
21.810737532,1,0
21.810778844,1,1
21.810821252,1,0
21.810862562,1,1
21.810883816,0,1
21.810903990,0,0
21.810945306,0,1
21.810986728,0,0
21.811030504,0,1
21.811053746,1,1
21.811072906,1,0
21.811111262,1,1
21.811153672,1,0
21.811198422,1,1
21.811198426,1,0
21.811198430,1,1
21.811214410,1,0
21.820880352,1,1
21.823043804,0,1
21.823055600,0,0
21.823098366,0,1
21.823139768,0,0
21.823181060,0,1
21.823204290,1,1
21.823223444,1,0
21.823264732,1,1
21.823285976,0,1
21.823306138,0,0
21.823347430,0,1
21.823370656,1,1
21.823389810,1,0
21.823431100,1,1
21.823473488,1,0
21.823514774,1,1
21.823536018,0,1
21.823556182,0,0
21.823597472,0,1
21.823638868,0,0
21.823680162,0,1
21.823721558,0,0
21.823765312,0,1
21.823806714,0,0
21.823845054,0,1
21.823868280,1,1
21.823887436,1,0
21.823932170,1,1
21.823967418,1,0
21.836879546,1,1
21.845123108,1,0
21.853541138,1,1
21.861772974,1,0
21.870202386,1,1
21.878434094,1,0
21.886851916,1,1
21.895083622,1,0
21.903512360,1,1
21.911743706,1,0
21.920161258,1,1
21.928403590,1,0
21.936821252,1,1
21.945052984,1,0
21.953481548,1,1
21.961713404,1,0
21.970131196,1,1
21.978362542,1,0
21.986792018,1,1
21.995023810,1,0
22.003442164,1,1
22.011685716,1,0
22.020103904,1,1
22.028335644,1,0
22.036764664,1,1
22.044996772,1,0
22.053414508,1,1
22.061646166,1,0
22.070075312,1,1
22.078306482,1,0
22.086723516,1,1
22.094966472,1,0
22.103384612,1,1
22.104092706,0,1
22.104104506,0,0
22.104147286,0,1
22.104188700,0,0
22.104230006,0,1
22.104271418,0,0
22.104312728,0,1
22.104335972,1,1
22.104355134,1,0
22.104396446,1,1
22.104417698,0,1
22.104437874,0,0
22.104479186,0,1
22.104502426,1,1
22.104521588,1,0
22.104562896,1,1
22.104605302,1,0
22.104646612,1,1
22.104667862,0,1
22.104688036,0,0
22.104729346,0,1
22.104770762,0,0
22.104814532,0,1
22.104855950,0,0
22.104894304,0,1
22.104917542,1,1
22.104936704,1,0
22.104981464,1,1
22.105017710,1,0
22.116880146,1,1
22.124618402,0,1
22.124630206,0,0
22.124673000,0,1
22.124714416,0,0
22.124755732,0,1
22.124797154,0,0
22.124838470,0,1
22.124879892,0,0
22.124921206,0,1
22.124962624,0,0
22.125003942,0,1
22.125027182,1,1
22.125046348,1,0
22.125087658,1,1
22.125130064,1,0
22.125171372,1,1
22.125213784,1,0
22.125255090,1,1
22.125297502,1,0
22.125341278,1,1
22.125383686,1,0
22.125422038,1,1
22.125464444,1,0
22.125509196,1,1
22.129138862,0,1
22.129150658,0,0
22.129193426,0,1
22.129234826,0,0
22.129276116,0,1
22.129299340,1,1
22.129318496,1,0
22.129359780,1,1
22.129381026,0,1
22.129401190,0,0
22.129442476,0,1
22.129465710,1,1
22.129484864,1,0
22.129526154,1,1
22.129568542,1,0
22.129609830,1,1
22.129631072,0,1
22.129651236,0,0
22.129692524,0,1
22.129733928,0,0
22.129775218,0,1
22.129816618,0,0
22.129860370,0,1
22.129901770,0,0
22.129940108,0,1
22.129963334,1,1
22.129982492,1,0
22.130027228,1,1
22.130043328,1,0
22.140880244,1,1
22.143058304,0,1
22.143070108,0,0
22.143112900,0,1
22.143154322,0,0
22.143195634,0,1
22.143237054,0,0
22.143278366,0,1
22.143319786,0,0
22.143361102,0,1
22.143402518,0,0
22.143443830,0,1
22.143467070,1,1
22.143486232,1,0
22.143527542,1,1
22.143569948,1,0
22.143611252,1,1
22.143653662,1,0
22.143694966,1,1
22.143694968,1,0
22.143694972,1,1
22.143737374,1,0
22.143781144,1,1
22.143823550,1,0
22.143861902,1,1
22.143904308,1,0
22.143949056,1,1
22.147578698,0,1
22.147590500,0,0
22.147633290,0,1
22.147674708,0,0
22.147716022,0,1
22.147757438,0,0
22.147798748,0,1
22.147821988,1,1
22.147841150,1,0
22.147882454,1,1
22.147903708,0,1
22.147923880,0,0
22.147965192,0,1
22.147988432,1,1
22.148007596,1,0
22.148048902,1,1
22.148091308,1,0
22.148132612,1,1
22.148153864,0,1
22.148174034,0,0
22.148215348,0,1
22.148256772,0,0
22.148300548,0,1
22.148341974,0,0
22.148380344,0,1
22.148403582,1,1
22.148422748,1,0
22.148467506,1,1
22.148483504,1,0
22.164891468,1,1
22.167097412,0,1
22.167109212,0,0
22.167151998,0,1
22.167193412,0,0
22.167234718,0,1
22.167276136,0,0
22.167317444,0,1
22.167358862,0,0
22.167400174,0,1
22.167441590,0,0
22.167482900,0,1
22.167506140,1,1
22.167525300,1,0
22.167566602,1,1
22.167609006,1,0
22.167650312,1,1
22.167692720,1,0
22.167734026,1,1
22.167776432,1,0
22.167820200,1,1
22.167862606,1,0
22.167900964,1,1
22.167943364,1,0
22.167988116,1,1
22.171617370,0,1
22.171629168,0,0
22.171671946,0,1
22.171695182,1,1
22.171714342,1,0
22.171755642,1,1
22.171798044,1,0
22.171839344,1,1
22.171860596,0,1
22.171880768,0,0
22.171922076,0,1
22.171963492,0,0
22.172004804,0,1
22.172046216,0,0
22.172087526,0,1
22.172110760,1,1
22.172129920,1,0
22.172171214,1,1
22.172192466,0,1
22.172212636,0,0
22.172253944,0,1
22.172295352,0,0
22.172339120,0,1
22.172380536,0,0
22.172418888,0,1
22.172442126,1,1
22.172461286,1,0
22.172506040,1,1
22.172522586,1,0
22.188890648,1,1
22.188924664,0,1
22.188936470,0,0
22.188979274,0,1
22.189020708,0,0
22.189062034,0,1
22.189103460,0,0
22.189144780,0,1
22.189186206,0,0
22.189227528,0,1
22.189268954,0,0
22.189310272,0,1
22.189333514,1,1
22.189352678,1,0
22.189393994,1,1
22.189436404,1,0
22.189477720,1,1
22.189520134,1,0
22.189561454,1,1
22.189603866,1,0
22.189647648,1,1
22.189690064,1,0
22.189728424,1,1
22.189770838,1,0
22.189815602,1,1
22.193444246,0,1
22.193456050,0,0
22.193498834,0,1
22.193522070,1,1
22.193541232,1,0
22.193582536,1,1
22.193624944,1,0
22.193666248,1,1
22.193687502,0,1
22.193707676,0,0
22.193748984,0,1
22.193790402,0,0
22.193831714,0,1
22.193854952,1,1
22.193874112,1,0
22.193915416,1,1
22.193957822,1,0
22.193999130,1,1
22.194020384,0,1
22.194040554,0,0
22.194081862,0,1
22.194123282,0,0
22.194167052,0,1
22.194190288,1,1
22.194209446,1,0
22.194247798,1,1
22.194290202,1,0
22.194334958,1,1
22.194351792,1,0
22.204882020,1,1
22.207253058,0,1
22.207264858,0,0
22.207307644,0,1
22.207330880,1,1
22.207350044,1,0
22.207391348,1,1
22.207433752,1,0
22.207475058,1,1
22.207496310,0,1
22.207516482,0,0
22.207557790,0,1
22.207599208,0,0
22.207640518,0,1
22.207663758,1,1
22.207682918,1,0
22.207724232,1,1
22.207766638,1,0
22.207807944,1,1
22.207829194,0,1
22.207849366,0,0
22.207890674,0,1
22.207932090,0,0
22.207975868,0,1
22.207999108,1,1
22.208018270,1,0
22.208056620,1,1
22.208099026,1,0
22.208143780,1,1
22.208178776,1,0
22.220879944,1,1
22.221397486,0,1
22.221409286,0,0
22.221452072,0,1
22.221493492,0,0
22.221534804,0,1
22.221576222,0,0
22.221617540,0,1
22.221640776,1,1
22.221659936,1,0
22.221701240,1,1
22.221722494,0,1
22.221742668,0,0
22.221783984,0,1
22.221807220,1,1
22.221826384,1,0
22.221867692,1,1
22.221910102,1,0
22.221951408,1,1
22.221972658,0,1
22.221992832,0,0
22.222034146,0,1
22.222075564,0,0
22.222119336,0,1
22.222160756,0,0
22.222199110,0,1
22.222222346,1,1
22.222241510,1,0
22.222286262,1,1
22.222321326,1,0
22.236878788,1,1
22.245110222,1,0
22.253539546,1,1
22.261771070,1,0
22.270188434,1,1
22.278420036,1,0
22.286848928,1,1
22.295080430,1,0
22.303497656,1,1
22.305529364,0,1
22.305541164,0,0
22.305583940,0,1
22.305625352,0,0
22.305666658,0,1
22.305689896,1,1
22.305709054,1,0
22.305750352,1,1
22.305771602,0,1
22.305791774,0,0
22.305833076,0,1
22.305856312,1,1
22.305875470,1,0
22.305916772,1,1
22.305959172,1,0
22.306000476,1,1
22.306021724,0,1
22.306041894,0,0
22.306083198,0,1
22.306124608,0,0
22.306165914,0,1
22.306207330,0,0
22.306251094,0,1
22.306292510,0,0
22.306330860,0,1
22.306354096,1,1
22.306373256,1,0
22.306418000,1,1
22.306418004,1,0
22.306418008,1,1
22.306453884,1,0
22.316878684,1,1
22.325110342,1,0
22.333538378,1,1
22.341769836,1,0
22.350187148,1,1
22.358418446,1,0
22.366847304,1,1
22.375078466,1,0
22.383495830,1,1
22.391738978,1,0
22.400157204,1,1
22.408389040,1,0
22.416817530,1,1
22.425049038,1,0
22.433467038,1,1
22.441698846,1,0
22.450128190,1,1
22.458360382,1,0
22.466777910,1,1
22.475021450,1,0
22.483439952,1,1
22.491671692,1,0
22.500100920,1,1
22.508332224,1,0
22.516749236,1,1
22.524980630,1,0
22.533409478,1,1
22.541641284,1,0
22.550058650,1,1
22.558301836,1,0
22.566719600,1,1
22.574952574,1,0
22.583381958,1,1
22.584953274,0,1
22.584965074,0,0
22.585007864,0,1
22.585049278,0,0
22.585090592,0,1
22.585132008,0,0
22.585173314,0,1
22.585214732,0,0
22.585256042,0,1
22.585297456,0,0
22.585338764,0,1
22.585361998,1,1
22.585381160,1,0
22.585422462,1,1
22.585464864,1,0
22.585506164,1,1
22.585548570,1,0
22.585589872,1,1
22.585632280,1,0
22.585676046,1,1
22.585718450,1,0
22.585756806,1,1
22.585799208,1,0
22.585843958,1,1
22.589473558,0,1
22.589485360,0,0
22.589528148,0,1
22.589569564,0,0
22.589610872,0,1
22.589634110,1,1
22.589653272,1,0
22.589694578,1,1
22.589715830,0,1
22.589736002,0,0
22.589777306,0,1
22.589800548,1,1
22.589819710,1,0
22.589861014,1,1
22.589903424,1,0
22.589944732,1,1
22.589965982,0,1
22.589986158,0,0
22.590027470,0,1
22.590068888,0,0
22.590110204,0,1
22.590151624,0,0
22.590195404,0,1
22.590236828,0,0
22.590275194,0,1
22.590298434,1,1
22.590317598,1,0
22.590362354,1,1
22.590378366,1,0
22.604878632,1,1
22.613110386,1,0
22.621539318,1,1
22.623573174,0,1
22.623584974,0,0
22.623627754,0,1
22.623669164,0,0
22.623710466,0,1
22.623751880,0,0
22.623793186,0,1
22.623834602,0,0
22.623875914,0,1
22.623917330,0,0
22.623958636,0,1
22.623981872,1,1
22.624001034,1,0
22.624042340,1,1
22.624084738,1,0
22.624126038,1,1
22.624168442,1,0
22.624209742,1,1
22.624252146,1,0
22.624295920,1,1
22.624338326,1,0
22.624376680,1,1
22.624419086,1,0
22.624463842,1,1
22.628093186,0,1
22.628104986,0,0
22.628147770,0,1
22.628189184,0,0
22.628230494,0,1
22.628271904,0,0
22.628313206,0,1
22.628336438,1,1
22.628355602,1,0
22.628396906,1,1
22.628418156,0,1
22.628438328,0,0
22.628479638,0,1
22.628502876,1,1
22.628522034,1,0
22.628563332,1,1
22.628605732,1,0
22.628647034,1,1
22.628668282,0,1
22.628688452,0,0
22.628729758,0,1
22.628771174,0,0
22.628814942,0,1
22.628856354,0,0
22.628894708,0,1
22.628917944,1,1
22.628937100,1,0
22.628981848,1,1
22.628998222,1,0
22.644877932,1,1
22.647102164,0,1
22.647113964,0,0
22.647156740,0,1
22.647198154,0,0
22.647239460,0,1
22.647280872,0,0
22.647322176,0,1
22.647363590,0,0
22.647404894,0,1
22.647446302,0,0
22.647487610,0,1
22.647510846,1,1
22.647530004,1,0
22.647571308,1,1
22.647613710,1,0
22.647655006,1,1
22.647697402,1,0
22.647738702,1,1
22.647781100,1,0
22.647824858,1,1
22.647824862,1,0
22.647824864,1,1
22.647867262,1,0
22.647905610,1,1
22.647948006,1,0
22.647992754,1,1
22.651621260,0,1
22.651633062,0,0
22.651675852,0,1
22.651699086,1,1
22.651718246,1,0
22.651759552,1,1
22.651801956,1,0
22.651843258,1,1
22.651864510,0,1
22.651884680,0,0
22.651925992,0,1
22.651967406,0,0
22.652008716,0,1
22.652031956,1,1
22.652051118,1,0
22.652092428,1,1
22.652134832,1,0
22.652176136,1,1
22.652197386,0,1
22.652217560,0,0
22.652258866,0,1
22.652300282,0,0
22.652344058,0,1
22.652367298,1,1
22.652386460,1,0
22.652424810,1,1
22.652467222,1,0
22.652511972,1,1
22.652529394,1,0
22.668889628,1,1
22.677121368,1,0
22.685538832,1,1
22.693782280,1,0
22.702200352,1,1
22.710432068,1,0
22.718860804,1,1
22.727092548,1,0
22.735510572,1,1
22.737424426,0,1
22.737436226,0,0
22.737479008,0,1
22.737502240,1,1
22.737521402,1,0
22.737562706,1,1
22.737605102,1,0
22.737646396,1,1
22.737667646,0,1
22.737687816,0,0
22.737729116,0,1
22.737770528,0,0
22.737811830,0,1
22.737835064,1,1
22.737854224,1,0
22.737895522,1,1
22.737937922,1,0
22.737979222,1,1
22.738000472,0,1
22.738020642,0,0
22.738061950,0,1
22.738103360,0,0
22.738147122,0,1
22.738170356,1,1
22.738189518,1,0
22.738227866,1,1
22.738270266,1,0
22.738315010,1,1
22.738350128,1,0
22.748878210,1,1
22.751661842,0,1
22.751673644,0,0
22.751716430,0,1
22.751739662,1,1
22.751758826,1,0
22.751800132,1,1
22.751842538,1,0
22.751883840,1,1
22.751905090,0,1
22.751925264,0,0
22.751966576,0,1
22.751989818,1,1
22.752008976,1,0
22.752050284,1,1
22.752071536,0,1
22.752091712,0,0
22.752133032,0,1
22.752156270,1,1
22.752175432,1,0
22.752216736,1,1
22.752237984,0,1
22.752258154,0,0
22.752299460,0,1
22.752340874,0,0
22.752384648,0,1
22.752407888,1,1
22.752427048,1,0
22.752465402,1,1
22.752507808,1,0
22.752552560,1,1
22.752587918,1,0
22.764889716,1,1
22.765906978,0,1
22.765918780,0,0
22.765961570,0,1
22.765984810,1,1
22.766003974,1,0
22.766045280,1,1
22.766045284,1,0
22.766045286,1,1
22.766087694,1,0
22.766129002,1,1
22.766150256,0,1
22.766170428,0,0
22.766211742,0,1
22.766253160,0,0
22.766294472,0,1
22.766335890,0,0
22.766377206,0,1
22.766400442,1,1
22.766419606,1,0
22.766460912,1,1
22.766482164,0,1
22.766502338,0,0
22.766543646,0,1
22.766585062,0,0
22.766628840,0,1
22.766670258,0,0
22.766708614,0,1
22.766731850,1,1
22.766751014,1,0
22.766795768,1,1
22.766831248,1,0
22.780889132,1,1
22.789120300,1,0
22.797537666,1,1
22.800312508,0,1
22.800324310,0,0
22.800367098,0,1
22.800408512,0,0
22.800449826,0,1
22.800491240,0,0
22.800532548,0,1
22.800573966,0,0
22.800615276,0,1
22.800656688,0,0
22.800697998,0,1
22.800721228,1,1
22.800721232,0,1
22.800721234,1,1
22.800740390,1,0
22.800781688,1,1
22.800824096,1,0
22.800865406,1,1
22.800907812,1,0
22.800949120,1,1
22.800991538,1,0
22.801035312,1,1
22.801077724,1,0
22.801116076,1,1
22.801158478,1,0
22.801203230,1,1
22.804832708,0,1
22.804844508,0,0
22.804887290,0,1
22.804910528,1,1
22.804929686,1,0
22.804970992,1,1
22.805013396,1,0
22.805054700,1,1
22.805075952,0,1
22.805096122,0,0
22.805137430,0,1
22.805178846,0,0
22.805220154,0,1
22.805261566,0,0
22.805302870,0,1
22.805326106,1,1
22.805345264,1,0
22.805386562,1,1
22.805407816,0,1
22.805427986,0,0
22.805469290,0,1
22.805510704,0,0
22.805554474,0,1
22.805595890,0,0
22.805634244,0,1
22.805657482,1,1
22.805676640,1,0
22.805721388,1,1
22.805737850,1,0
22.820891246,1,1
22.821347550,0,1
22.821359352,0,0
22.821402142,0,1
22.821443558,0,0
22.821484870,0,1
22.821526284,0,0
22.821567596,0,1
22.821609014,0,0
22.821650322,0,1
22.821691742,0,0
22.821733052,0,1
22.821756292,1,1
22.821775454,1,0
22.821816764,1,1
22.821859170,1,0
22.821900476,1,1
22.821942882,1,0
22.821984190,1,1
22.822026600,1,0
22.822070368,1,1
22.822112778,1,0
22.822151126,1,1
22.822193530,1,0
22.822238280,1,1
22.825867050,0,1
22.825878850,0,0
22.825921634,0,1
22.825944872,1,1
22.825964036,1,0
22.826005350,1,1
22.826047756,1,0
22.826089064,1,1
22.826110316,0,1
22.826130492,0,0
22.826171804,0,1
22.826195042,1,1
22.826214206,1,0
22.826255518,1,1
22.826276768,0,1
22.826296940,0,0
22.826338254,0,1
22.826361492,1,1
22.826380656,1,0
22.826421966,1,1
22.826443218,0,1
22.826463390,0,0
22.826504698,0,1
22.826546116,0,0
22.826589886,0,1
22.826613128,1,1
22.826632290,1,0
22.826670644,1,1
22.826670650,1,0
22.826670652,1,1
22.826713052,1,0
22.826757806,1,1
22.826774312,1,0
22.836937546,1,1
22.839214094,0,1
22.839225896,0,0
22.839268682,0,1
22.839310094,0,0
22.839351406,0,1
22.839392828,0,0
22.839434140,0,1
22.839475556,0,0
22.839516870,0,1
22.839558284,0,0
22.839599594,0,1
22.839622834,1,1
22.839641994,1,0
22.839683300,1,1
22.839725702,1,0
22.839767010,1,1
22.839809414,1,0
22.839850720,1,1
22.839893126,1,0
22.839936894,1,1
22.839979298,1,0
22.840017656,1,1
22.840060062,1,0
22.840104816,1,1
22.843733514,0,1
22.843745308,0,0
22.843788070,0,1
22.843811294,1,1
22.843830446,1,0
22.843871730,1,1
22.843914112,1,0
22.843955396,1,1
22.843976640,0,1
22.843996804,0,0
22.844038090,0,1
22.844079490,0,0
22.844120782,0,1
22.844144004,1,1
22.844163158,1,0
22.844204442,1,1
22.844246828,1,0
22.844288108,1,1
22.844309352,0,1
22.844329514,0,0
22.844370810,0,1
22.844412210,0,0
22.844455964,0,1
22.844479192,1,1
22.844498348,1,0
22.844536676,1,1
22.844579062,1,0
22.844623794,1,1
22.844640324,1,0
22.860889038,1,1
22.869120606,1,0
22.877538078,1,1
22.885780392,1,0
22.894198146,1,1
22.902429670,1,0
22.910847472,1,1
22.919090554,1,0
22.927508618,1,1
22.935740018,1,0
22.944168806,1,1
22.946117260,0,1
22.946129052,0,0
22.946171806,0,1
22.946195028,1,1
22.946214178,1,0
22.946255456,1,1
22.946297832,1,0
22.946339110,1,1
22.946360350,0,1
22.946380508,0,0
22.946421786,0,1
22.946463180,0,0
22.946504458,0,1
22.946545848,0,0
22.946587130,0,1
22.946610350,1,1
22.946629500,1,0
22.946670774,1,1
22.946692012,0,1
22.946712172,0,0
22.946753452,0,1
22.946794840,0,0
22.946838582,0,1
22.946879972,0,0
22.946918296,0,1
22.946941516,1,1
22.946960670,1,0
22.947005398,1,1
22.947040636,1,0
22.956877038,1,1
22.961555114,0,1
22.961566914,0,0
22.961609702,0,1
22.961651122,0,0
22.961692436,0,1
22.961733850,0,0
22.961775158,0,1
22.961816576,0,0
22.961857888,0,1
22.961899306,0,0
22.961940618,0,1
22.961963856,1,1
22.961983020,1,0
22.962024330,1,1
22.962066738,1,0
22.962108048,1,1
22.962150456,1,0
22.962191774,1,1
22.962234184,1,0
22.962277954,1,1
22.962320358,1,0
22.962358720,1,1
22.962401138,1,0
22.962445912,1,1
22.966075522,0,1
22.966087322,0,0
22.966130106,0,1
22.966153342,1,1
22.966172502,1,0
22.966213798,1,1
22.966213802,1,0
22.966213806,1,1
22.966256206,1,0
22.966297506,1,1
22.966318756,0,1
22.966338926,0,0
22.966380230,0,1
22.966421648,0,0
22.966462950,0,1
22.966462954,0,0
22.966462956,0,1
22.966504368,0,0
22.966545680,0,1
22.966568912,1,1
22.966588072,1,0
22.966629376,1,1
22.966650628,0,1
22.966670798,0,0
22.966712100,0,1
22.966753514,0,0
22.966797286,0,1
22.966838700,0,0
22.966877056,0,1
22.966900294,1,1
22.966919454,1,0
22.966964202,1,1
22.966980246,1,0
22.980878324,1,1
22.989121360,1,0
22.997539078,1,1
23.005771086,1,0
23.014200160,1,1
23.022432642,1,0
23.030850308,1,1
23.035777904,0,1
23.035789708,0,0
23.035832498,0,1
23.035855740,1,1
23.035874902,1,0
23.035916212,1,1
23.035958622,1,0
23.035999936,1,1
23.036021188,0,1
23.036041360,0,0
23.036082672,0,1
23.036124090,0,0
23.036165402,0,1
23.036188640,1,1
23.036207800,1,0
23.036249112,1,1
23.036291516,1,0
23.036332824,1,1
23.036354080,0,1
23.036374256,0,0
23.036415576,0,1
23.036456998,0,0
23.036500778,0,1
23.036524014,1,1
23.036543178,1,0
23.036581526,1,1
23.036623940,1,0
23.036668696,1,1
23.036704162,1,0
23.052889958,1,1
23.061120996,1,0
23.069538572,1,1
23.077770326,1,0
23.086200182,1,1
23.088829874,0,1
23.088841674,0,0
23.088884456,0,1
23.088925872,0,0
23.088967184,0,1
23.089008600,0,0
23.089049912,0,1
23.089073150,1,1
23.089092310,1,0
23.089133612,1,1
23.089176018,1,0
23.089217324,1,1
23.089238572,0,1
23.089258740,0,0
23.089300042,0,1
23.089323276,1,1
23.089342438,1,0
23.089383736,1,1
23.089404988,0,1
23.089425158,0,0
23.089466470,0,1
23.089507880,0,0
23.089551650,0,1
23.089593060,0,0
23.089631406,0,1
23.089654642,1,1
23.089673802,1,0
23.089718550,1,1
23.089753906,1,0
23.100888238,1,1
23.102806156,0,1
23.102817958,0,0
23.102860750,0,1
23.102902166,0,0
23.102943482,0,1
23.102984906,0,0
23.103026220,0,1
23.103049462,1,1
23.103068624,1,0
23.103109934,1,1
23.103131186,0,1
23.103151358,0,0
23.103192666,0,1
23.103234086,0,0
23.103275396,0,1
23.103298634,1,1
23.103317796,1,0
23.103359102,1,1
23.103380356,0,1
23.103400526,0,0
23.103441838,0,1
23.103483252,0,0
23.103527024,0,1
23.103550264,1,1
23.103569424,1,0
23.103607780,1,1
23.103650186,1,0
23.103694942,1,1
23.103718720,1,0
23.116888894,1,1
23.123068808,0,1
23.123080608,0,0
23.123123388,0,1
23.123164804,0,0
23.123206112,0,1
23.123247522,0,0
23.123288828,0,1
23.123330240,0,0
23.123371546,0,1
23.123412962,0,0
23.123454274,0,1
23.123477508,1,1
23.123477512,0,1
23.123477514,1,1
23.123496674,1,0
23.123537988,1,1
23.123580392,1,0
23.123621696,1,1
23.123664102,1,0
23.123705406,1,1
23.123747810,1,0
23.123791580,1,1
23.123833984,1,0
23.123872336,1,1
23.123914738,1,0
23.123959488,1,1
23.127588990,0,1
23.127600792,0,0
23.127643578,0,1
23.127684988,0,0
23.127726294,0,1
23.127767710,0,0
23.127809014,0,1
23.127832250,1,1
23.127851410,1,0
23.127892716,1,1
23.127935122,1,0
23.127976428,1,1
23.127997686,0,1
23.128017858,0,0
23.128059170,0,1
23.128082410,1,1
23.128101572,1,0
23.128142884,1,1
23.128164136,0,1
23.128184308,0,0
23.128225620,0,1
23.128267038,0,0
23.128310808,0,1
23.128352226,0,0
23.128390584,0,1
23.128413820,1,1
23.128432984,1,0
23.128477734,1,1
23.128494224,1,0
23.140890248,1,1
23.143176522,0,1
23.143188322,0,0
23.143231106,0,1
23.143272522,0,0
23.143313834,0,1
23.143355252,0,0
23.143396560,0,1
23.143437978,0,0
23.143479294,0,1
23.143520708,0,0
23.143562018,0,1
23.143585258,1,1
23.143604420,1,0
23.143645726,1,1
23.143688132,1,0
23.143729442,1,1
23.143771846,1,0
23.143813150,1,1
23.143855556,1,0
23.143899320,1,1
23.143941722,1,0
23.143980076,1,1
23.144022480,1,0
23.144067232,1,1
23.147699838,0,1
23.147711638,0,0
23.147754424,0,1
23.147795838,0,0
23.147837150,0,1
23.147878568,0,0
23.147919880,0,1
23.147943120,1,1
23.147962278,1,0
23.148003588,1,1
23.148024840,0,1
23.148045012,0,0
23.148086324,0,1
23.148127740,0,0
23.148169050,0,1
23.148192290,1,1
23.148211450,1,0
23.148252750,1,1
23.148274002,0,1
23.148294176,0,0
23.148335484,0,1
23.148376902,0,0
23.148420678,0,1
23.148443920,1,1
23.148463084,1,0
23.148501436,1,1
23.148543840,1,0
23.148588594,1,1
23.148605502,1,0
23.164889066,1,1
23.165678988,0,1
23.165690782,0,0
23.165733544,0,1
23.165774938,0,0
23.165816222,0,1
23.165857618,0,0
23.165898900,0,1
23.165940290,0,0
23.165981578,0,1
23.166022972,0,0
23.166064258,0,1
23.166087480,1,1
23.166106634,1,0
23.166147914,1,1
23.166190296,1,0
23.166231576,1,1
23.166273960,1,0
23.166315240,1,1
23.166357624,1,0
23.166401366,1,1
23.166443754,1,0
23.166482090,1,1
23.166524492,1,0
23.166569236,1,1
23.170196410,0,1
23.170208206,0,0
23.170250964,0,1
23.170274188,1,1
23.170293340,1,0
23.170334622,1,1
23.170377002,1,0
23.170418284,1,1
23.170439524,0,1
23.170459686,0,0
23.170500970,0,1
23.170542364,0,0
23.170583648,0,1
23.170606872,1,1
23.170626024,1,0
23.170667304,1,1
23.170709690,1,0
23.170750974,1,1
23.170772214,0,1
23.170792374,0,0
23.170833662,0,1
23.170875058,0,0
23.170918802,0,1
23.170942024,1,1
23.170961180,1,0
23.170999516,1,1
23.171041898,1,0
23.171086628,1,1
23.171102826,1,0
23.180877970,1,1
23.189109632,1,0
23.197539188,1,1
23.205771080,1,0
23.214188978,1,1
23.222432492,1,0
23.230850380,1,1
23.233815332,0,1
23.233827124,0,0
23.233869874,0,1
23.233911268,0,0
23.233952546,0,1
23.233975768,1,1
23.233994918,1,0
23.234036196,1,1
23.234078576,1,0
23.234119852,1,1
23.234162234,1,0
23.234203526,1,1
23.234224770,0,1
23.234244936,0,0
23.234286240,0,1
23.234309472,1,1
23.234328634,1,0
23.234369922,1,1
23.234391164,0,1
23.234411328,0,0
23.234452606,0,1
23.234493996,0,0
23.234537736,0,1
23.234560962,1,1
23.234580116,1,0
23.234618444,1,1
23.234660824,1,0
23.234705546,1,1
23.234740694,1,0
23.244889314,1,1
23.244925574,0,1
23.244937370,0,0
23.244980140,0,1
23.245003362,1,1
23.245022518,1,0
23.245063806,1,1
23.245085046,0,1
23.245105208,0,0
23.245146494,0,1
23.245169722,1,1
23.245188872,1,0
23.245230156,1,1
23.245251394,0,1
23.245271556,0,0
23.245312846,0,1
23.245336068,1,1
23.245355220,1,0
23.245396502,1,1
23.245438888,1,0
23.245480174,1,1
23.245501414,0,1
23.245521574,0,0
23.245562864,0,1
23.245604262,0,0
23.245648008,0,1
23.245671236,1,1
23.245690388,1,0
23.245728722,1,1
23.245771106,1,0
23.245815838,1,1
23.245851078,1,0
23.260888790,1,1
23.262852738,0,1
23.262864538,0,0
23.262907322,0,1
23.262948736,0,0
23.262990056,0,1
23.263031484,0,0
23.263072794,0,1
23.263096034,1,1
23.263115196,1,0
23.263156502,1,1
23.263177750,0,1
23.263197922,0,0
23.263239232,0,1
23.263280650,0,0
23.263321958,0,1
23.263345198,1,1
23.263364358,1,0
23.263405664,1,1
23.263426914,0,1
23.263447088,0,0
23.263488396,0,1
23.263529810,0,0
23.263573580,0,1
23.263596814,1,1
23.263615974,1,0
23.263654326,1,1
23.263696728,1,0
23.263741474,1,1
23.263776500,1,0
23.276889152,1,1
23.277024042,0,1
23.277035844,0,0
23.277078638,0,1
23.277120056,0,0
23.277161372,0,1
23.277202788,0,0
23.277244098,0,1
23.277267334,1,1
23.277286494,1,0
23.277327798,1,1
23.277370202,1,0
23.277411508,1,1
23.277453912,1,0
23.277495218,1,1
23.277516474,0,1
23.277536650,0,0
23.277577970,0,1
23.277619398,0,0
23.277660718,0,1
23.277702148,0,0
23.277745926,0,1
23.277787356,0,0
23.277825722,0,1
23.277848966,1,1
23.277868130,1,0
23.277912890,1,1
23.277948402,1,0
23.292877036,1,1
23.297896662,0,1
23.297908464,0,0
23.297951248,0,1
23.297992664,0,0
23.298033976,0,1
23.298075386,0,0
23.298116698,0,1
23.298158112,0,0
23.298199420,0,1
23.298240834,0,0
23.298282144,0,1
23.298305376,1,1
23.298324538,1,0
23.298365842,1,1
23.298408250,1,0
23.298449550,1,1
23.298491956,1,0
23.298533264,1,1
23.298575666,1,0
23.298619428,1,1
23.298661828,1,0
23.298700174,1,1
23.298742576,1,0
23.298787324,1,1
23.302415784,0,1
23.302427584,0,0
23.302470364,0,1
23.302493602,1,1
23.302512760,1,0
23.302554062,1,1
23.302575316,0,1
23.302595490,0,0
23.302636798,0,1
23.302660034,1,1
23.302679196,1,0
23.302720504,1,1
23.302741754,0,1
23.302761926,0,0
23.302803232,0,1
23.302826472,1,1
23.302845634,1,0
23.302886942,1,1
23.302929342,1,0
23.302970648,1,1
23.302991904,0,1
23.303012078,0,0
23.303053384,0,1
23.303094800,0,0
23.303138572,0,1
23.303161808,1,1
23.303180968,1,0
23.303219320,1,1
23.303261722,1,0
23.303306470,1,1
23.303323042,1,0
23.316876538,1,1
23.318274210,0,1
23.318286012,0,0
23.318328798,0,1
23.318370214,0,0
23.318411524,0,1
23.318452938,0,0
23.318494244,0,1
23.318535660,0,0
23.318576974,0,1
23.318618388,0,0
23.318659696,0,1
23.318682936,1,1
23.318702096,1,0
23.318743398,1,1
23.318785802,1,0
23.318827104,1,1
23.318869508,1,0
23.318910812,1,1
23.318953218,1,0
23.318996990,1,1
23.319039392,1,0
23.319077742,1,1
23.319120148,1,0
23.319164894,1,1
23.322793342,0,1
23.322805142,0,0
23.322847924,0,1
23.322889346,0,0
23.322930658,0,1
23.322953894,1,1
23.322973056,1,0
23.323014366,1,1
23.323056776,1,0
23.323098080,1,1
23.323140486,1,0
23.323181790,1,1
23.323203040,0,1
23.323223212,0,0
23.323264522,0,1
23.323287756,1,1
23.323306920,1,0
23.323348228,1,1
23.323369478,0,1
23.323389650,0,0
23.323430962,0,1
23.323472380,0,0
23.323516152,0,1
23.323539392,1,1
23.323558556,1,0
23.323596910,1,1
23.323639314,1,0
23.323684064,1,1
23.323700770,1,0
23.332887500,1,1
23.341119248,1,0
23.341128068,0,0
23.341221170,1,0
23.349536730,1,1
23.350411448,0,1
23.350423250,0,0
23.350466034,0,1
23.350507454,0,0
23.350548766,0,1
23.350590182,0,0
23.350631488,0,1
23.350672898,0,0
23.350714202,0,1
23.350755616,0,0
23.350796920,0,1
23.350820154,1,1
23.350839316,1,0
23.350880616,1,1
23.350923018,1,0
23.350964326,1,1
23.351006730,1,0
23.351048032,1,1
23.351090438,1,0
23.351134202,1,1
23.351176606,1,0
23.351214956,1,1
23.351257358,1,0
23.351302106,1,1
23.354934794,0,1
23.354946598,0,0
23.354989398,0,1
23.355030828,0,0
23.355072150,0,1
23.355113574,0,0
23.355154894,0,1
23.355178136,1,1
23.355197302,1,0
23.355238620,1,1
23.355259872,0,1
23.355280048,0,0
23.355321350,0,1
23.355362750,0,0
23.355404042,0,1
23.355427266,1,1
23.355446420,1,0
23.355487700,1,1
23.355508938,0,1
23.355529100,0,0
23.355570386,0,1
23.355611778,0,0
23.355655526,0,1
23.355678750,1,1
23.355697902,1,0
23.355736224,1,1
23.355778602,1,0
23.355823322,1,1
23.355839400,1,0
23.364888732,1,1
23.373120686,1,0
23.381538988,1,1
23.383012076,0,1
23.383023878,0,0
23.383066666,0,1
23.383108080,0,0
23.383149390,0,1
23.383172626,1,1
23.383191786,1,0
23.383233090,1,1
23.383275492,1,0
23.383316798,1,1
23.383359204,1,0
23.383400502,1,1
23.383400506,1,0
23.383400510,1,1
23.383421758,0,1
23.383441930,0,0
23.383483240,0,1
23.383506476,1,1
23.383525638,1,0
23.383566940,1,1
23.383588192,0,1
23.383608364,0,0
23.383649672,0,1
23.383691084,0,0
23.383734856,0,1
23.383758092,1,1
23.383777256,1,0
23.383815610,1,1
23.383858018,1,0
23.383902768,1,1
23.383937738,1,0
23.396877830,1,1
23.405034748,0,1
23.405046550,0,0
23.405089338,0,1
23.405112574,1,1
23.405131738,1,0
23.405173046,1,1
23.405194296,0,1
23.405214468,0,0
23.405255778,0,1
23.405279016,1,1
23.405298174,1,0
23.405339480,1,1
23.405381890,1,0
23.405423192,1,1
23.405465602,1,0
23.405506906,1,1
23.405549310,1,0
23.405590618,1,1
23.405611870,0,1
23.405632042,0,0
23.405673346,0,1
23.405714762,0,0
23.405758536,0,1
23.405799948,0,0
23.405838304,0,1
23.405861544,1,1
23.405880704,1,0
23.405925456,1,1
23.405949212,1,0
23.420877280,1,1
23.426005522,0,1
23.426017324,0,0
23.426060120,0,1
23.426101536,0,0
23.426142846,0,1
23.426184268,0,0
23.426225580,0,1
23.426266998,0,0
23.426308312,0,1
23.426349730,0,0
23.426391038,0,1
23.426414274,1,1
23.426433440,1,0
23.426474750,1,1
23.426517154,1,0
23.426558462,1,1
23.426600866,1,0
23.426642172,1,1
23.426684582,1,0
23.426728350,1,1
23.426770756,1,0
23.426809104,1,1
23.426809108,1,0
23.426809110,1,1
23.426851514,1,0
23.426896268,1,1
23.430525802,0,1
23.430537602,0,0
23.430580388,0,1
23.430621804,0,0
23.430663114,0,1
23.430704530,0,0
23.430745840,0,1
23.430769078,1,1
23.430788238,1,0
23.430829540,1,1
23.430871942,1,0
23.430913246,1,1
23.430955650,1,0
23.430996958,1,1
23.431018208,0,1
23.431038382,0,0
23.431079688,0,1
23.431121100,0,0
23.431162406,0,1
23.431203820,0,0
23.431247590,0,1
23.431289006,0,0
23.431327362,0,1
23.431350596,1,1
23.431369756,1,0
23.431414510,1,1
23.431430520,1,0
23.444879014,1,1
23.453112032,1,0
23.461541476,1,1
23.462259052,0,1
23.462270858,0,0
23.462313658,0,1
23.462355090,0,0
23.462396414,0,1
23.462437846,0,0
23.462479172,0,1
23.462520602,0,0
23.462561930,0,1
23.462603358,0,0
23.462644684,0,1
23.462667930,1,1
23.462687096,1,0
23.462728420,1,1
23.462770840,1,0
23.462812162,1,1
23.462854580,1,0
23.462895906,1,1
23.462938322,1,0
23.462982106,1,1
23.462982110,1,0
23.462982112,1,1
23.463024536,1,0
23.463062902,1,1
23.463105322,1,0
23.463150094,1,1
23.466780670,0,1
23.466792476,0,0
23.466835280,0,1
23.466876712,0,0
23.466918038,0,1
23.466941286,1,1
23.466960456,1,0
23.467001782,1,1
23.467044202,1,0
23.467085528,1,1
23.467127948,1,0
23.467169274,1,1
23.467190532,0,1
23.467210714,0,0
23.467252042,0,1
23.467275288,1,1
23.467294456,1,0
23.467335782,1,1
23.467357042,0,1
23.467377222,0,0
23.467418548,0,1
23.467459982,0,0
23.467503774,0,1
23.467527020,1,1
23.467546188,1,0
23.467584558,1,1
23.467626976,1,0
23.467671744,1,1
23.467688136,1,0
23.476887934,1,1
23.477483954,0,1
23.477495760,0,0
23.477538568,0,1
23.477580004,0,0
23.477621332,0,1
23.477662768,0,0
23.477704098,0,1
23.477745532,0,0
23.477786860,0,1
23.477828292,0,0
23.477869622,0,1
23.477892870,1,1
23.477912036,1,0
23.477953360,1,1
23.477995786,1,0
23.478037112,1,1
23.478079536,1,0
23.478120854,1,1
23.478120860,1,0
23.478120862,1,1
23.478163280,1,0
23.478207070,1,1
23.478249494,1,0
23.478287866,1,1
23.478330286,1,0
23.478375066,1,1
23.482005062,0,1
23.482016876,0,0
23.482059710,0,1
23.482082970,1,1
23.482102148,1,0
23.482143504,1,1
23.482164776,0,1
23.482184968,0,0
23.482226318,0,1
23.482249580,1,1
23.482268760,1,0
23.482310110,1,1
23.482310114,1,0
23.482310116,1,1
23.482352560,1,0
23.482393916,1,1
23.482436362,1,0
23.482477714,1,1
23.482520162,1,0
23.482561516,1,1
23.482582784,0,1
23.482602978,0,0
23.482644330,0,1
23.482685788,0,0
23.482729606,0,1
23.482771058,0,0
23.482809456,0,1
23.482832716,1,1
23.482851898,1,0
23.482896694,1,1
23.482913094,1,0
23.492878954,1,1
23.501122294,1,0
23.509540476,1,1
23.510767860,0,1
23.510779674,0,0
23.510822518,0,1
23.510845784,1,1
23.510864966,1,0
23.510906326,1,1
23.510927602,0,1
23.510947800,0,0
23.510989168,0,1
23.511012436,1,1
23.511031614,1,0
23.511072974,1,1
23.511115430,1,0
23.511156790,1,1
23.511199248,1,0
23.511240614,1,1
23.511283070,1,0
23.511324428,1,1
23.511345704,0,1
23.511365902,0,0
23.511407270,0,1
23.511448734,0,0
23.511492564,0,1
23.511534034,0,0
23.511572438,0,1
23.511595706,1,1
23.511614892,1,0
23.511659708,1,1
23.511695144,1,0
23.524887450,1,1
23.525377950,0,1
23.525389758,0,0
23.525432572,0,1
23.525474006,0,0
23.525515340,0,1
23.525538598,1,1
23.525557782,1,0
23.525599134,1,1
23.525641570,1,0
23.525682900,1,1
23.525725336,1,0
23.525766664,1,1
23.525787928,0,1
23.525808110,0,0
23.525849450,0,1
23.525872702,1,1
23.525891874,1,0
23.525933206,1,1
23.525954464,0,1
23.525974652,0,0
23.526016010,0,1
23.526057466,0,0
23.526101276,0,1
23.526124538,1,1
23.526143718,1,0
23.526182116,1,1
23.526224548,1,0
23.526269356,1,1
23.526304556,1,0
23.540876572,1,1
23.540876576,1,0
23.540876580,1,1
23.549108550,1,0
23.557538474,1,1
23.565771038,1,0
23.574188968,1,1
23.579611510,0,1
23.579623324,0,0
23.579666166,0,1
23.579707632,0,0
23.579748992,0,1
23.579790454,0,0
23.579831820,0,1
23.579873276,0,0
23.579914634,0,1
23.579956094,0,0
23.579997452,0,1
23.580020716,1,1
23.580039900,1,0
23.580081254,1,1
23.580123706,1,0
23.580165060,1,1
23.580207510,1,0
23.580248862,1,1
23.580291308,1,0
23.580335130,1,1
23.580377590,1,0
23.580415998,1,1
23.580458454,1,0
23.580503258,1,1
23.584133360,0,1
23.584145176,0,0
23.584188014,0,1
23.584211282,1,1
23.584230460,1,0
23.584271814,1,1
23.584293086,0,1
23.584313282,0,0
23.584354644,0,1
23.584377912,1,1
23.584397092,1,0
23.584438448,1,1
23.584480902,1,0
23.584522262,1,1
23.584564714,1,0
23.584606070,1,1
23.584648526,1,0
23.584689882,1,1
23.584711154,0,1
23.584731348,0,0
23.584772710,0,1
23.584814172,0,0
23.584857998,0,1
23.584899458,0,0
23.584937864,0,1
23.584961128,1,1
23.584980312,1,0
23.585025124,1,1
23.585041458,1,0
23.596875974,1,1
23.596875978,1,0
23.596875982,1,1
23.597417834,0,1
23.597429640,0,0
23.597472450,0,1
23.597495702,1,1
23.597514874,1,0
23.597556196,1,1
23.597577454,0,1
23.597597642,0,0
23.597638992,0,1
23.597662248,1,1
23.597681420,1,0
23.597722748,1,1
23.597744010,0,1
23.597764194,0,0
23.597805526,0,1
23.597846954,0,0
23.597888290,0,1
23.597911542,1,1
23.597930706,1,0
23.597972026,1,1
23.597993292,0,1
23.598013474,0,0
23.598054806,0,1
23.598096236,0,0
23.598140044,0,1
23.598181504,0,0
23.598219886,0,1
23.598243138,1,1
23.598262320,1,0
23.598307128,1,1
23.598342718,1,0
23.612876220,1,1
23.613021258,0,1
23.613033064,0,0
23.613075876,0,1
23.613117312,0,0
23.613158640,0,1
23.613200076,0,0
23.613241408,0,1
23.613282842,0,0
23.613324172,0,1
23.613365608,0,0
23.613406938,0,1
23.613430188,1,1
23.613449356,1,0
23.613490688,1,1
23.613533112,1,0
23.613574438,1,1
23.613616866,1,0
23.613658194,1,1
23.613700614,1,0
23.613744404,1,1
23.613786830,1,0
23.613825202,1,1
23.613867624,1,0
23.613912400,1,1
23.617543680,0,1
23.617555484,0,0
23.617598292,0,1
23.617621536,1,1
23.617640700,1,0
23.617682022,1,1
23.617703278,0,1
23.617723456,0,0
23.617764780,0,1
23.617788028,1,1
23.617807194,1,0
23.617848512,1,1
23.617869770,0,1
23.617889948,0,0
23.617931278,0,1
23.617972710,0,0
23.618014034,0,1
23.618037282,1,1
23.618056450,1,0
23.618097780,1,1
23.618119040,0,1
23.618139222,0,0
23.618180550,0,1
23.618221986,0,0
23.618265772,0,1
23.618307210,0,0
23.618345582,0,1
23.618345584,0,0
23.618345588,0,1
23.618368830,1,1
23.618388000,1,0
23.618432770,1,1
23.618449092,1,0
23.628885332,1,1
23.631401288,0,1
23.631413094,0,0
23.631455898,0,1
23.631497330,0,0
23.631538658,0,1
23.631580092,0,0
23.631621420,0,1
23.631662846,0,0
23.631704176,0,1
23.631745610,0,0
23.631786936,0,1
23.631810178,1,1
23.631810182,0,1
23.631810186,1,1
23.631829350,1,0
23.631870672,1,1
23.631913094,1,0
23.631954420,1,1
23.631996844,1,0
23.632038168,1,1
23.632080588,1,0
23.632124378,1,1
23.632166798,1,0
23.632205170,1,1
23.632247590,1,0
23.632292366,1,1
23.635922272,0,1
23.635934078,0,0
23.635976876,0,1
23.636018308,0,0
23.636059636,0,1
23.636082884,1,1
23.636102052,1,0
23.636143374,1,1
23.636185796,1,0
23.636227116,1,1
23.636269536,1,0
23.636310856,1,1
23.636332116,0,1
23.636352296,0,0
23.636393626,0,1
23.636416874,1,1
23.636416878,0,1
23.636416882,1,1
23.636436046,1,0
23.636477370,1,1
23.636498624,0,1
23.636518804,0,0
23.636560134,0,1
23.636601560,0,0
23.636645346,0,1
23.636668592,1,1
23.636687760,1,0
23.636726122,1,1
23.636768544,1,0
23.636813316,1,1
23.636829534,1,0
23.652888172,1,1
23.661120260,1,0
23.669537796,1,1
23.677769930,1,0
23.686199782,1,1
23.687940392,0,1
23.687952194,0,0
23.687994982,0,1
23.688036390,0,0
23.688077696,0,1
23.688100934,1,1
23.688120090,1,0
23.688161388,1,1
23.688203796,1,0
23.688245102,1,1
23.688287506,1,0
23.688328814,1,1
23.688328816,1,0
23.688328820,1,1
23.688350070,0,1
23.688370242,0,0
23.688411548,0,1
23.688434784,1,1
23.688453946,1,0
23.688495256,1,1
23.688516510,0,1
23.688536686,0,0
23.688578002,0,1
23.688619426,0,0
23.688663200,0,1
23.688686442,1,1
23.688705602,1,0
23.688743958,1,1
23.688786362,1,0
23.688831112,1,1
23.688866270,1,0
23.700893964,1,1
23.709125646,1,0
23.717543348,1,1
23.725775302,1,0
23.734203958,1,1
23.742436222,1,0
23.750853680,1,1
23.759071140,0,1
23.759082940,0,0
23.759125722,0,1
23.759167134,0,0
23.759208444,0,1
23.759249864,0,0
23.759291176,0,1
23.759314414,1,1
23.759333574,1,0
23.759374882,1,1
23.759396134,0,1
23.759416306,0,0
23.759457616,0,1
23.759499036,0,0
23.759540342,0,1
23.759563578,1,1
23.759582740,1,0
23.759624046,1,1
23.759645298,0,1
23.759665470,0,0
23.759706776,0,1
23.759748192,0,0
23.759791966,0,1
23.759815204,1,1
23.759834366,1,0
23.759872718,1,1
23.759915122,1,0
23.759959874,1,1
23.759983926,1,0
23.772875242,1,1
23.773999056,0,1
23.774010856,0,0
23.774053646,0,1
23.774076882,1,1
23.774096046,1,0
23.774137350,1,1
23.774158602,0,1
23.774178776,0,0
23.774220086,0,1
23.774243320,1,1
23.774262482,1,0
23.774303788,1,1
23.774325038,0,1
23.774345212,0,0
23.774386520,0,1
23.774409758,1,1
23.774428920,1,0
23.774470224,1,1
23.774512632,1,0
23.774553938,1,1
23.774575190,0,1
23.774595364,0,0
23.774636672,0,1
23.774678088,0,0
23.774721862,0,1
23.774745098,1,1
23.774764258,1,0
23.774802606,1,1
23.774845012,1,0
23.774889762,1,1
23.774925194,1,0
23.788876270,1,1
23.797119558,1,0
23.805537450,1,1
23.807744852,0,1
23.807756654,0,0
23.807799442,0,1
23.807840864,0,0
23.807882178,0,1
23.807923594,0,0
23.807964908,0,1
23.807988152,1,1
23.808007316,1,0
23.808048624,1,1
23.808091032,1,0
23.808132346,1,1
23.808174750,1,0
23.808216056,1,1
23.808237308,0,1
23.808257482,0,0
23.808298790,0,1
23.808340212,0,0
23.808381526,0,1
23.808422944,0,0
23.808466718,0,1
23.808508136,0,0
23.808546488,0,1
23.808569722,1,1
23.808588884,1,0
23.808633632,1,1
23.808669172,1,0
23.820886566,1,1
23.829118290,1,0
23.837535440,1,1
23.845778542,1,0
23.854196726,1,1
23.862429060,1,0
23.870847314,1,1
23.879090958,1,0
23.887509170,1,1
23.895741334,1,0
23.904170884,1,1
23.912402882,1,0
23.920821554,1,1
23.929065704,1,0
23.937484894,1,1
23.945717632,1,0
23.954135998,1,1
23.962379474,1,0
23.970797768,1,1
23.979030094,1,0
23.987459814,1,1
23.995691602,1,0
24.004109368,1,1
24.012352396,1,0
24.020771040,1,1
24.029003256,1,0
24.037421094,1,1
24.045664970,1,0
24.054083232,1,1
24.054083236,1,0
24.054083238,1,1
24.062315902,1,0
24.070745764,1,1
24.078977770,1,0
24.087395062,1,1
24.087604716,0,1
24.087616516,0,0
24.087659296,0,1
24.087700712,0,0
24.087742018,0,1
24.087783428,0,0
24.087824734,0,1
24.087866146,0,0
24.087907448,0,1
24.087948858,0,0
24.087990164,0,1
24.088013398,1,1
24.088032560,1,0
24.088073860,1,1
24.088116262,1,0
24.088157562,1,1
24.088199960,1,0
24.088241260,1,1
24.088283658,1,0
24.088327420,1,1
24.088369820,1,0
24.088408166,1,1
24.088450564,1,0
24.088495316,1,1
24.092124826,0,1
24.092136626,0,0
24.092179408,0,1
24.092220820,0,0
24.092262130,0,1
24.092303546,0,0
24.092344862,0,1
24.092368096,1,1
24.092387262,1,0
24.092428574,1,1
24.092470986,1,0
24.092512288,1,1
24.092554694,1,0
24.092595998,1,1
24.092617248,0,1
24.092637416,0,0
24.092678724,0,1
24.092720140,0,0
24.092761450,0,1
24.092802868,0,0
24.092846642,0,1
24.092888056,0,0
24.092926410,0,1
24.092949648,1,1
24.092968812,1,0
24.093013572,1,1
24.093029902,1,0
24.108876252,1,1
24.109208894,0,1
24.109220694,0,0
24.109263480,0,1
24.109304896,0,0
24.109346204,0,1
24.109387618,0,0
24.109428926,0,1
24.109470338,0,0
24.109511644,0,1
24.109553058,0,0
24.109594366,0,1
24.109617602,1,1
24.109636764,1,0
24.109678072,1,1
24.109720476,1,0
24.109761788,1,1
24.109804196,1,0
24.109845506,1,1
24.109887918,1,0
24.109931688,1,1
24.109974092,1,0
24.110012450,1,1
24.110054854,1,0
24.110099608,1,1
24.113732236,0,1
24.113744036,0,0
24.113786820,0,1
24.113828232,0,0
24.113869540,0,1
24.113910948,0,0
24.113952258,0,1
24.113975500,1,1
24.113994666,1,0
24.114035978,1,1
24.114057232,0,1
24.114077404,0,0
24.114118712,0,1
24.114160126,0,0
24.114201432,0,1
24.114224664,1,1
24.114243826,1,0
24.114285130,1,1
24.114306384,0,1
24.114326556,0,0
24.114367866,0,1
24.114409286,0,0
24.114453066,0,1
24.114476302,1,1
24.114495464,1,0
24.114533812,1,1
24.114576222,1,0
24.114620974,1,1
24.114637582,1,0
24.124887214,1,1
24.126299728,0,1
24.126311528,0,0
24.126354322,0,1
24.126395740,0,0
24.126437050,0,1
24.126478468,0,0
24.126519782,0,1
24.126561200,0,0
24.126602510,0,1
24.126643930,0,0
24.126685244,0,1
24.126708480,1,1
24.126727642,1,0
24.126768952,1,1
24.126811358,1,0
24.126852664,1,1
24.126895070,1,0
24.126936376,1,1
24.126978782,1,0
24.127022554,1,1
24.127064964,1,0
24.127103314,1,1
24.127145722,1,0
24.127190482,1,1
24.130819078,0,1
24.130830878,0,0
24.130873660,0,1
24.130915076,0,0
24.130956386,0,1
24.130979624,1,1
24.130998786,1,0
24.131040088,1,1
24.131082492,1,0
24.131123794,1,1
24.131166198,1,0
24.131207504,1,1
24.131228752,0,1
24.131248924,0,0
24.131290232,0,1
24.131313466,1,1
24.131332630,1,0
24.131373934,1,1
24.131395188,0,1
24.131415358,0,0
24.131456666,0,1
24.131498082,0,0
24.131541850,0,1
24.131565086,1,1
24.131584248,1,0
24.131622600,1,1
24.131665006,1,0
24.131709752,1,1
24.131709758,1,0
24.131709762,1,1
24.131725962,1,0
24.140886920,1,1
24.141585114,0,1
24.141596914,0,0
24.141639696,0,1
24.141681112,0,0
24.141722424,0,1
24.141763838,0,0
24.141805148,0,1
24.141846566,0,0
24.141887874,0,1
24.141929290,0,0
24.141970600,0,1
24.141993840,1,1
24.142013000,1,0
24.142054306,1,1
24.142096712,1,0
24.142138024,1,1
24.142180428,1,0
24.142221738,1,1
24.142264144,1,0
24.142307912,1,1
24.142350322,1,0
24.142388674,1,1
24.142431080,1,0
24.142475834,1,1
24.146104370,0,1
24.146116170,0,0
24.146158956,0,1
24.146182190,1,1
24.146201352,1,0
24.146242658,1,1
24.146263906,0,1
24.146284078,0,0
24.146325388,0,1
24.146348626,1,1
24.146367786,1,0
24.146409090,1,1
24.146430342,0,1
24.146450512,0,0
24.146491820,0,1
24.146515054,1,1
24.146534214,1,0
24.146575514,1,1
24.146617916,1,0
24.146659224,1,1
24.146680476,0,1
24.146700650,0,0
24.146741962,0,1
24.146783378,0,0
24.146827146,0,1
24.146850382,1,1
24.146869544,1,0
24.146907892,1,1
24.146950302,1,0
24.146995056,1,1
24.147011520,1,0
24.156876214,1,1
24.165119244,1,0
24.173537680,1,1
24.181770314,1,0
24.190199602,1,1
24.198432740,1,0
24.206851700,1,1
24.215084080,1,0
24.223513912,1,1
24.231746104,1,0
24.240163624,1,1
24.243879634,0,1
24.243891434,0,0
24.243934226,0,1
24.243975642,0,0
24.244016952,0,1
24.244058372,0,0
24.244099688,0,1
24.244122924,1,1
24.244122926,0,1
24.244122930,1,1
24.244142090,1,0
24.244183398,1,1
24.244225808,1,0
24.244267114,1,1
24.244309518,1,0
24.244350830,1,1
24.244372084,0,1
24.244392258,0,0
24.244433570,0,1
24.244474992,0,0
24.244516306,0,1
24.244557722,0,0
24.244601498,0,1
24.244642916,0,0
24.244681272,0,1
24.244704506,1,1
24.244723670,1,0
24.244768420,1,1
24.244803756,1,0
24.260886624,1,1
24.269118774,1,0
24.277535968,1,1
24.285767486,1,0
24.294195938,1,1
24.302427482,1,0
24.310844198,1,1
24.319087554,1,0
24.327504856,1,1
24.335736386,1,0
24.344165766,1,1
24.352397598,1,0
24.360814726,1,1
24.369046284,1,0
24.377475070,1,1
24.385706362,1,0
24.394123264,1,1
24.402365324,1,0
24.410782320,1,1
24.419014060,1,0
24.427442892,1,1
24.435674742,1,0
24.444092304,1,1
24.452323492,1,0
24.460752550,1,1
24.468984684,1,0
24.477401728,1,1
24.485644706,1,0
24.494062342,1,1
24.502294326,1,0
24.510722568,1,1
24.518954098,1,0
24.527370850,1,1
24.535601978,1,0
24.544030502,1,1
24.552261596,1,0
24.560679346,1,1
24.560679352,1,0
24.560679354,1,1
24.568921934,1,0
24.577339754,1,1
24.577381100,0,1
24.577392902,0,0
24.577435686,0,1
24.577458920,1,1
24.577478082,1,0
24.577519382,1,1
24.577540634,0,1
24.577560804,0,0
24.577602110,0,1
24.577625342,1,1
24.577644506,1,0
24.577685806,1,1
24.577707056,0,1
24.577727226,0,0
24.577768532,0,1
24.577809946,0,0
24.577851254,0,1
24.577874490,1,1
24.577893648,1,0
24.577934952,1,1
24.577956200,0,1
24.577976368,0,0
24.578017678,0,1
24.578059092,0,0
24.578102864,0,1
24.578144284,0,0
24.578182646,0,1
24.578205888,1,1
24.578225048,1,0
24.578269804,1,1
24.578305288,1,0
24.588875948,1,1
24.590360016,0,1
24.590371812,0,0
24.590414578,0,1
24.590437802,1,1
24.590456956,1,0
24.590498242,1,1
24.590519486,0,1
24.590539654,0,0
24.590580970,0,1
24.590604206,1,1
24.590623370,1,0
24.590664676,1,1
24.590707082,1,0
24.590748388,1,1
24.590790794,1,0
24.590832100,1,1
24.590874504,1,0
24.590915810,1,1
24.590937058,0,1
24.590957228,0,0
24.590998540,0,1
24.591039954,0,0
24.591083728,0,1
24.591125142,0,0
24.591163502,0,1
24.591186740,1,1
24.591205900,1,0
24.591250650,1,1
24.591275660,1,0
24.604877510,1,1
24.606265242,0,1
24.606277044,0,0
24.606319836,0,1
24.606361258,0,0
24.606402572,0,1
24.606443990,0,0
24.606485306,0,1
24.606526724,0,0
24.606568036,0,1
24.606609454,0,0
24.606650768,0,1
24.606674006,1,1
24.606693168,1,0
24.606734478,1,1
24.606776886,1,0
24.606818194,1,1
24.606860600,1,0
24.606901910,1,1
24.606944318,1,0
24.606988094,1,1
24.607030504,1,0
24.607068860,1,1
24.607111268,1,0
24.607156030,1,1
24.610785726,0,1
24.610797528,0,0
24.610840318,0,1
24.610863552,1,1
24.610882712,1,0
24.610924018,1,1
24.610945272,0,1
24.610965444,0,0
24.611006762,0,1
24.611029998,1,1
24.611049162,1,0
24.611090478,1,1
24.611111728,0,1
24.611131900,0,0
24.611173212,0,1
24.611214630,0,0
24.611255942,0,1
24.611279178,1,1
24.611298340,1,0
24.611339648,1,1
24.611360902,0,1
24.611381076,0,0
24.611422388,0,1
24.611463806,0,0
24.611507580,0,1
24.611548996,0,0
24.611587356,0,1
24.611610592,1,1
24.611629752,1,0
24.611674500,1,1
24.611690954,1,0
24.620886692,1,1
24.621887654,0,1
24.621899454,0,0
24.621942238,0,1
24.621983654,0,0
24.622024962,0,1
24.622066376,0,0
24.622107688,0,1
24.622149102,0,0
24.622190412,0,1
24.622231830,0,0
24.622273138,0,1
24.622296376,1,1
24.622315536,1,0
24.622356846,1,1
24.622399256,1,0
24.622440562,1,1
24.622482972,1,0
24.622524280,1,1
24.622566686,1,0
24.622610460,1,1
24.622652868,1,0
24.622691216,1,1
24.622733620,1,0
24.622778372,1,1
24.626403932,0,1
24.626415734,0,0
24.626458518,0,1
24.626481756,1,1
24.626500918,1,0
24.626542228,1,1
24.626563478,0,1
24.626583650,0,0
24.626624960,0,1
24.626648196,1,1
24.626667358,1,0
24.626708668,1,1
24.626751070,1,0
24.626792378,1,1
24.626834782,1,0
24.626876088,1,1
24.626918492,1,0
24.626959798,1,1
24.626981050,0,1
24.627001224,0,0
24.627042534,0,1
24.627083956,0,0
24.627127724,0,1
24.627169138,0,0
24.627207496,0,1
24.627230732,1,1
24.627249890,1,0
24.627294638,1,1
24.627310714,1,0
24.636874442,1,1
24.637102080,0,1
24.637113880,0,0
24.637156670,0,1
24.637198082,0,0
24.637239384,0,1
24.637280796,0,0
24.637322098,0,1
24.637363512,0,0
24.637404820,0,1
24.637446238,0,0
24.637487548,0,1
24.637510784,1,1
24.637529942,1,0
24.637571246,1,1
24.637613652,1,0
24.637654956,1,1
24.637697360,1,0
24.637738662,1,1
24.637781068,1,0
24.637824832,1,1
24.637867232,1,0
24.637905576,1,1
24.637947982,1,0
24.637992736,1,1
24.641622394,0,1
24.641634196,0,0
24.641676980,0,1
24.641718396,0,0
24.641759706,0,1
24.641801118,0,0
24.641842424,0,1
24.641865662,1,1
24.641884824,1,0
24.641926126,1,1
24.641968526,1,0
24.642009832,1,1
24.642052238,1,0
24.642093540,1,1
24.642114788,0,1
24.642134960,0,0
24.642176270,0,1
24.642217684,0,0
24.642258996,0,1
24.642300414,0,0
24.642344188,0,1
24.642385610,0,0
24.642423964,0,1
24.642447202,1,1
24.642466366,1,0
24.642511118,1,1
24.642527732,1,0
24.652886784,1,1
24.661118652,1,0
24.669536496,1,1
24.677779632,1,0
24.686196986,1,1
24.694428880,1,0
24.702858026,1,1
24.711089824,1,0
24.719507662,1,1
24.727739676,1,0
24.736168032,1,1
24.744399878,1,0
24.752817678,1,1
24.752855544,0,1
24.752867346,0,0
24.752910136,0,1
24.752951552,0,0
24.752992864,0,1
24.753016102,1,1
24.753035264,1,0
24.753076568,1,1
24.753097818,0,1
24.753117990,0,0
24.753159300,0,1
24.753182538,1,1
24.753201696,1,0
24.753242996,1,1
24.753285400,1,0
24.753326708,1,1
24.753347956,0,1
24.753368128,0,0
24.753409440,0,1
24.753450856,0,0
24.753492166,0,1
24.753533582,0,0
24.753577354,0,1
24.753618764,0,0
24.753657120,0,1
24.753680352,1,1
24.753699514,1,0
24.753744264,1,1
24.753779212,1,0
24.764886546,1,1
24.773118908,1,0
24.781536956,1,1
24.789768368,1,0
24.798196676,1,1
24.798196678,1,0
24.798196680,1,1
24.806427664,1,0
24.814844772,1,1
24.823087898,1,0
24.831505544,1,1
24.839736544,1,0
24.848164964,1,1
24.856396010,1,0
24.864813522,1,1
24.873045586,1,0
24.881474720,1,1
24.889706624,1,0
24.898123294,1,1
24.906366132,1,0
24.914783472,1,1
24.923014830,1,0
24.931442954,1,1
24.939674088,1,0
24.948092078,1,1
24.956323490,1,0
24.964753050,1,1
24.972984978,1,0
24.981402366,1,1
24.989645328,1,0
24.998062576,1,1
25.006293752,1,0
25.014722764,1,1
25.022953730,1,0
25.031370508,1,1
25.031408928,0,1
25.031420730,0,0
25.031463514,0,1
25.031486750,1,1
25.031505914,1,0
25.031547220,1,1
25.031568472,0,1
25.031588644,0,0
25.031629952,0,1
25.031653186,1,1
25.031672346,1,0
25.031713654,1,1
25.031734904,0,1
25.031755076,0,0
25.031796386,0,1
25.031819622,1,1
25.031838786,1,0
25.031880090,1,1
25.031922492,1,0
25.031963794,1,1
25.031985048,0,1
25.032005222,0,0
25.032046532,0,1
25.032087948,0,0
25.032131720,0,1
25.032154956,1,1
25.032174120,1,0
25.032212472,1,1
25.032254880,1,0
25.032299632,1,1
25.032334640,1,0
25.044875950,1,1
25.047123616,0,1
25.047135418,0,0
25.047178204,0,1
25.047201442,1,1
25.047220604,1,0
25.047261910,1,1
25.047283162,0,1
25.047303336,0,0
25.047344648,0,1
25.047367886,1,1
25.047387046,1,0
25.047428352,1,1
25.047428356,1,0
25.047428358,1,1
25.047470760,1,0
25.047512066,1,1
25.047533322,0,1
25.047553494,0,0
25.047594808,0,1
25.047618044,1,1
25.047637208,1,0
25.047678524,1,1
25.047699776,0,1
25.047719950,0,0
25.047761266,0,1
25.047802684,0,0
25.047846460,0,1
25.047869696,1,1
25.047888860,1,0
25.047927218,1,1
25.047969622,1,0
25.048014382,1,1
25.048049330,1,0
25.060874840,1,1
25.061895034,0,1
25.061906836,0,0
25.061949626,0,1
25.061991050,0,0
25.062032362,0,1
25.062073784,0,0
25.062115100,0,1
25.062138336,1,1
25.062157500,1,0
25.062198814,1,1
25.062220064,0,1
25.062240238,0,0
25.062281552,0,1
25.062322970,0,0
25.062364286,0,1
25.062387522,1,1
25.062406686,1,0
25.062447996,1,1
25.062469248,0,1
25.062489422,0,0
25.062530734,0,1
25.062572152,0,0
25.062615930,0,1
25.062639172,1,1
25.062658332,1,0
25.062696686,1,1
25.062739094,1,0
25.062783854,1,1
25.062818922,1,0
25.076890132,1,1
25.079261524,0,1
25.079273326,0,0
25.079316116,0,1
25.079357534,0,0
25.079398846,0,1
25.079440268,0,0
25.079481580,0,1
25.079523000,0,0
25.079564312,0,1
25.079605732,0,0
25.079647050,0,1
25.079670288,1,1
25.079689450,1,0
25.079730758,1,1
25.079773168,1,0
25.079814480,1,1
25.079856888,1,0
25.079898198,1,1
25.079940608,1,0
25.079984378,1,1
25.079984380,1,0
25.079984386,1,1
25.080026796,1,0
25.080065154,1,1
25.080107562,1,0
25.080152316,1,1
25.083781226,0,1
25.083793028,0,0
25.083835820,0,1
25.083859058,1,1
25.083878222,1,0
25.083919526,1,1
25.083919530,1,0
25.083919534,1,1
25.083940782,0,1
25.083960956,0,0
25.084002276,0,1
25.084025516,1,1
25.084044680,1,0
25.084085992,1,1
25.084128404,1,0
25.084169714,1,1
25.084190968,0,1
25.084211140,0,0
25.084252454,0,1
25.084275694,1,1
25.084294858,1,0
25.084336168,1,1
25.084357424,0,1
25.084377600,0,0
25.084418922,0,1
25.084460344,0,0
25.084504124,0,1
25.084527364,1,1
25.084546528,1,0
25.084584886,1,1
25.084627292,1,0
25.084672050,1,1
25.084688332,1,0
25.100886482,1,1
25.100928646,0,1
25.100940448,0,0
25.100983244,0,1
25.101024664,0,0
25.101065974,0,1
25.101107394,0,0
25.101148706,0,1
25.101190122,0,0
25.101231434,0,1
25.101272852,0,0
25.101314166,0,1
25.101337406,1,1
25.101356566,1,0
25.101397876,1,1
25.101440284,1,0
25.101481590,1,1
25.101524000,1,0
25.101565310,1,1
25.101607718,1,0
25.101651488,1,1
25.101693896,1,0
25.101732246,1,1
25.101774654,1,0
25.101819410,1,1
25.105453274,0,1
25.105465076,0,0
25.105507866,0,1
25.105549288,0,0
25.105590602,0,1
25.105632024,0,0
25.105673336,0,1
25.105696578,1,1
25.105715742,1,0
25.105757054,1,1
25.105778306,0,1
25.105798480,0,0
25.105839796,0,1
25.105881218,0,0
25.105922534,0,1
25.105945772,1,1
25.105964938,1,0
25.106006256,1,1
25.106027506,0,1
25.106047682,0,0
25.106089000,0,1
25.106130420,0,0
25.106174198,0,1
25.106197440,1,1
25.106216602,1,0
25.106254960,1,1
25.106297370,1,0
25.106342126,1,1
25.106358734,1,0
25.116873042,1,1
25.119239680,0,1
25.119251482,0,0
25.119294268,0,1
25.119335688,0,0
25.119377002,0,1
25.119418422,0,0
25.119459740,0,1
25.119501160,0,0
25.119542476,0,1
25.119583896,0,0
25.119625210,0,1
25.119648450,1,1
25.119667612,1,0
25.119708920,1,1
25.119708926,1,0
25.119708928,1,1
25.119751334,1,0
25.119792644,1,1
25.119835050,1,0
25.119876356,1,1
25.119918768,1,0
25.119962536,1,1
25.120004952,1,0
25.120043308,1,1
25.120085716,1,0
25.120130476,1,1
25.123760414,0,1
25.123772216,0,0
25.123815008,0,1
25.123856426,0,0
25.123897740,0,1
25.123920982,1,1
25.123940142,1,0
25.123981454,1,1
25.124002708,0,1
25.124022882,0,0
25.124064196,0,1
25.124087438,1,1
25.124106604,1,0
25.124147916,1,1
25.124190324,1,0
25.124231634,1,1
25.124252888,0,1
25.124273062,0,0
25.124314378,0,1
25.124355804,0,0
25.124397124,0,1
25.124438552,0,0
25.124482334,0,1
25.124523754,0,0
25.124562114,0,1
25.124585354,1,1
25.124604518,1,0
25.124649280,1,1
25.124665734,1,0
25.140885196,1,1
25.141798882,0,1
25.141810684,0,0
25.141853470,0,1
25.141894886,0,0
25.141936198,0,1
25.141977614,0,0
25.142018930,0,1
25.142060348,0,0
25.142101656,0,1
25.142143074,0,0
25.142184390,0,1
25.142207628,1,1
25.142226788,1,0
25.142268094,1,1
25.142310502,1,0
25.142351808,1,1
25.142394218,1,0
25.142435524,1,1
25.142477930,1,0
25.142521700,1,1
25.142564102,1,0
25.142602452,1,1
25.142644858,1,0
25.142689610,1,1
25.146318202,0,1
25.146330004,0,0
25.146372792,0,1
25.146396028,1,1
25.146415190,1,0
25.146456496,1,1
25.146477748,0,1
25.146497920,0,0
25.146539230,0,1
25.146562466,1,1
25.146581630,1,0
25.146622938,1,1
25.146644188,0,1
25.146664360,0,0
25.146705670,0,1
25.146728908,1,1
25.146748066,1,0
25.146789368,1,1
25.146789370,1,0
25.146789374,1,1
25.146831772,1,0
25.146873076,1,1
25.146894328,0,1
25.146914498,0,0
25.146955808,0,1
25.146997226,0,0
25.147040998,0,1
25.147064238,1,1
25.147083396,1,0
25.147121748,1,1
25.147164154,1,0
25.147208904,1,1
25.147225318,1,0
25.156874866,1,1
25.158173668,0,1
25.158185470,0,0
25.158228256,0,1
25.158251498,1,1
25.158270660,1,0
25.158311966,1,1
25.158354376,1,0
25.158395688,1,1
25.158416938,0,1
25.158437112,0,0
25.158478420,0,1
25.158519840,0,0
25.158561154,0,1
25.158602572,0,0
25.158643886,0,1
25.158667126,1,1
25.158686288,1,0
25.158727594,1,1
25.158748846,0,1
25.158769020,0,0
25.158810330,0,1
25.158851748,0,0
25.158895520,0,1
25.158936942,0,0
25.158975298,0,1
25.158998542,1,1
25.159017704,1,0
25.159062462,1,1
25.159098742,1,0
25.172873114,1,1
25.173266740,0,1
25.173278542,0,0
25.173321326,0,1
25.173344560,1,1
25.173363726,1,0
25.173405034,1,1
25.173447436,1,0
25.173488740,1,1
25.173509994,0,1
25.173530166,0,0
25.173571476,0,1
25.173612890,0,0
25.173654202,0,1
25.173677436,1,1
25.173696596,1,0
25.173737900,1,1
25.173780304,1,0
25.173821610,1,1
25.173842858,0,1
25.173863032,0,0
25.173904348,0,1
25.173945764,0,0
25.173989536,0,1
25.174012776,1,1
25.174031940,1,0
25.174070292,1,1
25.174112696,1,0
25.174157450,1,1
25.174192770,1,0
25.188874348,1,1
25.191415600,0,1
25.191427402,0,0
25.191470188,0,1
25.191511602,0,0
25.191552916,0,1
25.191576152,1,1
25.191595314,1,0
25.191636622,1,1
25.191657870,0,1
25.191678042,0,0
25.191719356,0,1
25.191742588,1,1
25.191761752,1,0
25.191803052,1,1
25.191845460,1,0
25.191886762,1,1
25.191886766,1,0
25.191886768,1,1
25.191908016,0,1
25.191928188,0,0
25.191969502,0,1
25.192010924,0,0
25.192052232,0,1
25.192093648,0,0
25.192137422,0,1
25.192178838,0,0
25.192217196,0,1
25.192240436,1,1
25.192259596,1,0
25.192304346,1,1
25.192339782,1,0
25.204873468,1,1
25.206165756,0,1
25.206177556,0,0
25.206220338,0,1
25.206261758,0,0
25.206303070,0,1
25.206326310,1,1
25.206345468,1,0
25.206386778,1,1
25.206408028,0,1
25.206428200,0,0
25.206469508,0,1
25.206510926,0,0
25.206552238,0,1
25.206593650,0,0
25.206634954,0,1
25.206658192,1,1
25.206677352,1,0
25.206718652,1,1
25.206739900,0,1
25.206760072,0,0
25.206801384,0,1
25.206842802,0,0
25.206886578,0,1
25.206909814,1,1
25.206928976,1,0
25.206967326,1,1
25.207009738,1,0
25.207054492,1,1
25.207089452,1,0
25.220873976,1,1
25.220908352,0,1
25.220920154,0,0
25.220962952,0,1
25.220986190,1,1
25.221005356,1,0
25.221046664,1,1
25.221089074,1,0
25.221130384,1,1
25.221151630,0,1
25.221171804,0,0
25.221213120,0,1
25.221236358,1,1
25.221255520,1,0
25.221296824,1,1
25.221318078,0,1
25.221338252,0,0
25.221379564,0,1
25.221402802,1,1
25.221421964,1,0
25.221463272,1,1
25.221484526,0,1
25.221504698,0,0
25.221546004,0,1
25.221587420,0,0
25.221631194,0,1
25.221654434,1,1
25.221673592,1,0
25.221711942,1,1
25.221754348,1,0
25.221799104,1,1
25.221834486,1,0
25.236885046,1,1
25.245116778,1,0
25.253534762,1,1
25.255589768,0,1
25.255601570,0,0
25.255644358,0,1
25.255685778,0,0
25.255727088,0,1
25.255768506,0,0
25.255809822,0,1
25.255851240,0,0
25.255892550,0,1
25.255933970,0,0
25.255975282,0,1
25.255998524,1,1
25.256017684,1,0
25.256058998,1,1
25.256101404,1,0
25.256142710,1,1
25.256185116,1,0
25.256226422,1,1
25.256268828,1,0
25.256312594,1,1
25.256355006,1,0
25.256393356,1,1
25.256435760,1,0
25.256480514,1,1
25.260112786,0,1
25.260124586,0,0
25.260167368,0,1
25.260208778,0,0
25.260250086,0,1
25.260273324,1,1
25.260292484,1,0
25.260333788,1,1
25.260355038,0,1
25.260375210,0,0
25.260416520,0,1
25.260457940,0,0
25.260499254,0,1
25.260540672,0,0
25.260581980,0,1
25.260605218,1,1
25.260624380,1,0
25.260665684,1,1
25.260686936,0,1
25.260707108,0,0
25.260748414,0,1
25.260789832,0,0
25.260833604,0,1
25.260856838,1,1
25.260876002,1,0
25.260914358,1,1
25.260956764,1,0
25.261001518,1,1
25.261017640,1,0
25.276873572,1,1
25.277258036,0,1
25.277269838,0,0
25.277312626,0,1
25.277354044,0,0
25.277395354,0,1
25.277436772,0,0
25.277478084,0,1
25.277519498,0,0
25.277560808,0,1
25.277602226,0,0
25.277643534,0,1
25.277666774,1,1
25.277685934,1,0
25.277727240,1,1
25.277769648,1,0
25.277810956,1,1
25.277853364,1,0
25.277894668,1,1
25.277937074,1,0
25.277980844,1,1
25.278023254,1,0
25.278061606,1,1
25.278104014,1,0
25.278148768,1,1
25.281777296,0,1
25.281789098,0,0
25.281831886,0,1
25.281855124,1,1
25.281874286,1,0
25.281915596,1,1
25.281957998,1,0
25.281999306,1,1
25.282020556,0,1
25.282040726,0,0
25.282082036,0,1
25.282105274,1,1
25.282124434,1,0
25.282165744,1,1
25.282186996,0,1
25.282207168,0,0
25.282248476,0,1
25.282271714,1,1
25.282290878,1,0
25.282332184,1,1
25.282353436,0,1
25.282373608,0,0
25.282414916,0,1
25.282456334,0,0
25.282500100,0,1
25.282523340,1,1
25.282542502,1,0
25.282580856,1,1
25.282623258,1,0
25.282668010,1,1
25.282684284,1,0
25.292885014,1,1
25.295300126,0,1
25.295311928,0,0
25.295354718,0,1
25.295396138,0,0
25.295437450,0,1
25.295478872,0,0
25.295520184,0,1
25.295561604,0,0
25.295602918,0,1
25.295644338,0,0
25.295685656,0,1
25.295708894,1,1
25.295728056,1,0
25.295769364,1,1
25.295811772,1,0
25.295853080,1,1
25.295895490,1,0
25.295936798,1,1
25.295979208,1,0
25.296022982,1,1
25.296065390,1,0
25.296103742,1,1
25.296146148,1,0
25.296190902,1,1
25.299820600,0,1
25.299832402,0,0
25.299875188,0,1
25.299916604,0,0
25.299957916,0,1
25.299981164,1,1
25.300000332,1,0
25.300041660,1,1
25.300062922,0,1
25.300083108,0,0
25.300124442,0,1
25.300147686,1,1
25.300166852,1,0
25.300208164,1,1
25.300250576,1,0
25.300291886,1,1
25.300313138,0,1
25.300333314,0,0
25.300374630,0,1
25.300416056,0,0
25.300457368,0,1
25.300498788,0,0
25.300542564,0,1
25.300583982,0,0
25.300622340,0,1
25.300645582,1,1
25.300664746,1,0
25.300709500,1,1
25.300726142,1,0
25.316884468,1,1
25.317182944,0,1
25.317194746,0,0
25.317237534,0,1
25.317278952,0,0
25.317320264,0,1
25.317361684,0,0
25.317402994,0,1
25.317444414,0,0
25.317485724,0,1
25.317527140,0,0
25.317568448,0,1
25.317591690,1,1
25.317610850,1,0
25.317652156,1,1
25.317694562,1,0
25.317735866,1,1
25.317778268,1,0
25.317819572,1,1
25.317861974,1,0
25.317905742,1,1
25.317948148,1,0
25.317986502,1,1
25.318028914,1,0
25.318073672,1,1
25.321703362,0,1
25.321715162,0,0
25.321757954,0,1
25.321781194,1,1
25.321800354,1,0
25.321841660,1,1
25.321884072,1,0
25.321925378,1,1
25.321946632,0,1
25.321966806,0,0
25.322008124,0,1
25.322049546,0,0
25.322090860,0,1
25.322132282,0,0
25.322173594,0,1
25.322196834,1,1
25.322215996,1,0
25.322257306,1,1
25.322278556,0,1
25.322298728,0,0
25.322340038,0,1
25.322381458,0,0
25.322425232,0,1
25.322466650,0,0
25.322505006,0,1
25.322528250,1,1
25.322547408,1,0
25.322592164,1,1
25.322608480,1,0
25.332886032,1,1
25.335488678,0,1
25.335500478,0,0
25.335543264,0,1
25.335584680,0,0
25.335625988,0,1
25.335667404,0,0
25.335708714,0,1
25.335750130,0,0
25.335791440,0,1
25.335832858,0,0
25.335874168,0,1
25.335897408,1,1
25.335916570,1,0
25.335957874,1,1
25.336000286,1,0
25.336041596,1,1
25.336084002,1,0
25.336125308,1,1
25.336167714,1,0
25.336211478,1,1
25.336253886,1,0
25.336292236,1,1
25.336334640,1,0
25.336379388,1,1
25.340008304,0,1
25.340020106,0,0
25.340062894,0,1
25.340086134,1,1
25.340105298,1,0
25.340146610,1,1
25.340189016,1,0
25.340230328,1,1
25.340251582,0,1
25.340271754,0,0
25.340313068,0,1
25.340354492,0,0
25.340395810,0,1
25.340419052,1,1
25.340438212,1,0
25.340479524,1,1
25.340521932,1,0
25.340563232,1,1
25.340584484,0,1
25.340604656,0,0
25.340645968,0,1
25.340687388,0,0
25.340731168,0,1
25.340754410,1,1
25.340773574,1,0
25.340811926,1,1
25.340854330,1,0
25.340899086,1,1
25.340915142,1,0
25.356873956,1,1
25.365117470,1,0
25.373535088,1,1
25.381765894,1,0
25.390195126,1,1
25.398427116,1,0
25.406844472,1,1
25.415076242,1,0
25.423505724,1,1
25.424812338,0,1
25.424824138,0,0
25.424866922,0,1
25.424890158,1,1
25.424909320,1,0
25.424950626,1,1
25.424971874,0,1
25.424992050,0,0
25.425033380,0,1
25.425056628,1,1
25.425075800,1,0
25.425117130,1,1
25.425138388,0,1
25.425158566,0,0
25.425199880,0,1
25.425223118,1,1
25.425242280,1,0
25.425283588,1,1
25.425325996,1,0
25.425367296,1,1
25.425367302,1,0
25.425367304,1,1
25.425388550,0,1
25.425408722,0,0
25.425450034,0,1
25.425491448,0,0
25.425535218,0,1
25.425558454,1,1
25.425577614,1,0
25.425615962,1,1
25.425658370,1,0
25.425703124,1,1
25.425738070,1,0
25.436883952,1,1
25.438753852,0,1
25.438765654,0,0
25.438808442,0,1
25.438831678,1,1
25.438850842,1,0
25.438892148,1,1
25.438913404,0,1
25.438933578,0,0
25.438974888,0,1
25.438998128,1,1
25.439017294,1,0
25.439058606,1,1
25.439101012,1,0
25.439142318,1,1
25.439163570,0,1
25.439183744,0,0
25.439225054,0,1
25.439248292,1,1
25.439267452,1,0
25.439308756,1,1
25.439308758,1,0
25.439308762,1,1
25.439330008,0,1
25.439350180,0,0
25.439391490,0,1
25.439432910,0,0
25.439476686,0,1
25.439499920,1,1
25.439519082,1,0
25.439557434,1,1
25.439599844,1,0
25.439644596,1,1
25.439668406,1,0
25.452884696,1,1
25.452968544,0,1
25.452980348,0,0
25.453023146,0,1
25.453064576,0,0
25.453105896,0,1
25.453147324,0,0
25.453188650,0,1
25.453230078,0,0
25.453271404,0,1
25.453312828,0,0
25.453354160,0,1
25.453377404,1,1
25.453396574,1,0
25.453437902,1,1
25.453480326,1,0
25.453521650,1,1
25.453564076,1,0
25.453605402,1,1
25.453647824,1,0
25.453691610,1,1
25.453734038,1,0
25.453772408,1,1
25.453814826,1,0
25.453859600,1,1
25.457488410,0,1
25.457500212,0,0
25.457543002,0,1
25.457566240,1,1
25.457585404,1,0
25.457626710,1,1
25.457647964,0,1
25.457668140,0,0
25.457709452,0,1
25.457732694,1,1
25.457751858,1,0
25.457793168,1,1
25.457814424,0,1
25.457834598,0,0
25.457875908,0,1
25.457899154,1,1
25.457918316,1,0
25.457959626,1,1
25.458002038,1,0
25.458043344,1,1
25.458064600,0,1
25.458084774,0,0
25.458126084,0,1
25.458167500,0,0
25.458211276,0,1
25.458234518,1,1
25.458253680,1,0
25.458292036,1,1
25.458334456,1,0
25.458379218,1,1
25.458395612,1,0
25.468872868,1,1
25.471276142,0,1
25.471287944,0,0
25.471330732,0,1
25.471372146,0,0
25.471413460,0,1
25.471454876,0,0
25.471496188,0,1
25.471537604,0,0
25.471578918,0,1
25.471620334,0,0
25.471661648,0,1
25.471684888,1,1
25.471704052,1,0
25.471745358,1,1
25.471787762,1,0
25.471829068,1,1
25.471871478,1,0
25.471912782,1,1
25.471955194,1,0
25.471998966,1,1
25.472041374,1,0
25.472079728,1,1
25.472122138,1,0
25.472166892,1,1
25.475795616,0,1
25.475807416,0,0
25.475850198,0,1
25.475873432,1,1
25.475892594,1,0
25.475933898,1,1
25.475955150,0,1
25.475975322,0,0
25.476016640,0,1
25.476039880,1,1
25.476059042,1,0
25.476100350,1,1
25.476142758,1,0
25.476184064,1,1
25.476205316,0,1
25.476225488,0,0
25.476266798,0,1
25.476290036,1,1
25.476309196,1,0
25.476350504,1,1
25.476371756,0,1
25.476391932,0,0
25.476433244,0,1
25.476474662,0,0
25.476518438,0,1
25.476541674,1,1
25.476560838,1,0
25.476599190,1,1
25.476641590,1,0
25.476686342,1,1
25.476702348,1,0
25.492884120,1,1
25.501115882,1,0
25.509533370,1,1
25.517764548,1,0
25.526193598,1,1
25.532434810,0,1
25.532446612,0,0
25.532489402,0,1
25.532512642,1,1
25.532531802,1,0
25.532573104,1,1
25.532594352,0,1
25.532614524,0,0
25.532655834,0,1
25.532679070,1,1
25.532698232,1,0
25.532739538,1,1
25.532760788,0,1
25.532780960,0,0
25.532822268,0,1
25.532845502,1,1
25.532864664,1,0
25.532905970,1,1
25.532948372,1,0
25.532989672,1,1
25.532989676,1,0
25.532989678,1,1
25.533010926,0,1
25.533031098,0,0
25.533072406,0,1
25.533113818,0,0
25.533157590,0,1
25.533180826,1,1
25.533199988,1,0
25.533238338,1,1
25.533280738,1,0
25.533325484,1,1
25.533360506,1,0
25.548873402,1,1
25.549758102,0,1
25.549769902,0,0
25.549812690,0,1
25.549854104,0,0
25.549895412,0,1
25.549936828,0,0
25.549978138,0,1
25.550001376,1,1
25.550020536,1,0
25.550061844,1,1
25.550104248,1,0
25.550145548,1,1
25.550145552,1,0
25.550145554,1,1
25.550166800,0,1
25.550186972,0,0
25.550228286,0,1
25.550251518,1,1
25.550270680,1,0
25.550311976,1,1
25.550311982,1,0
25.550311984,1,1
25.550333232,0,1
25.550353404,0,0
25.550394710,0,1
25.550394712,0,0
25.550394716,0,1
25.550436130,0,0
25.550479902,0,1
25.550521316,0,0
25.550559666,0,1
25.550582906,1,1
25.550602066,1,0
25.550646814,1,1
25.550682390,1,0
25.564885018,1,1
25.573117820,1,0
25.581535488,1,1
25.581535492,1,0
25.581535496,1,1
25.589767252,1,0
25.598196840,1,1
25.600328334,0,1
25.600340134,0,0
25.600382920,0,1
25.600424334,0,0
25.600465640,0,1
25.600507054,0,0
25.600548364,0,1
25.600589776,0,0
25.600631082,0,1
25.600672498,0,0
25.600713806,0,1
25.600737040,1,1
25.600756200,1,0
25.600797508,1,1
25.600839906,1,0
25.600881208,1,1
25.600923606,1,0
25.600964904,1,1
25.601007310,1,0
25.601051076,1,1
25.601093478,1,0
25.601131826,1,1
25.601174228,1,0
25.601218980,1,1
25.604848460,0,1
25.604860260,0,0
25.604903044,0,1
25.604944456,0,0
25.604985766,0,1
25.605027186,0,0
25.605068498,0,1
25.605091736,1,1
25.605110900,1,0
25.605152208,1,1
25.605194614,1,0
25.605235924,1,1
25.605257176,0,1
25.605277350,0,0
25.605318662,0,1
25.605341898,1,1
25.605361062,1,0
25.605402366,1,1
25.605402372,1,0
25.605402374,1,1
25.605423622,0,1
25.605443796,0,0
25.605485106,0,1
25.605526524,0,0
25.605570296,0,1
25.605611708,0,0
25.605650068,0,1
25.605673304,1,1
25.605692466,1,0
25.605737218,1,1
25.605753730,1,0
25.620885396,1,1
25.622828650,0,1
25.622840450,0,0
25.622883232,0,1
25.622924648,0,0
25.622965958,0,1
25.623007380,0,0
25.623048686,0,1
25.623090104,0,0
25.623131410,0,1
25.623172828,0,0
25.623214136,0,1
25.623237374,1,1
25.623256532,1,0
25.623297836,1,1
25.623340238,1,0
25.623381542,1,1
25.623423940,1,0
25.623465238,1,1
25.623507648,1,0
25.623551418,1,1
25.623593822,1,0
25.623632172,1,1
25.623674568,1,0
25.623719316,1,1
25.627347742,0,1
25.627359544,0,0
25.627402330,0,1
25.627425566,1,1
25.627444728,1,0
25.627486034,1,1
25.627507282,0,1
25.627527454,0,0
25.627568764,0,1
25.627592000,1,1
25.627611160,1,0
25.627652462,1,1
25.627673714,0,1
25.627693884,0,0
25.627735192,0,1
25.627758426,1,1
25.627777590,1,0
25.627818898,1,1
25.627861300,1,0
25.627902600,1,1
25.627923852,0,1
25.627944024,0,0
25.627985332,0,1
25.628026746,0,0
25.628070520,0,1
25.628093758,1,1
25.628112918,1,0
25.628151270,1,1
25.628193678,1,0
25.628238432,1,1
25.628254478,1,0
25.636872188,1,1
25.645103942,1,0
25.653533588,1,1
25.661765998,1,0
25.670183784,1,1
25.678427366,1,0
25.686845448,1,1
25.689723362,0,1
25.689735162,0,0
25.689777944,0,1
25.689801180,1,1
25.689820336,1,0
25.689861636,1,1
25.689882886,0,1
25.689903058,0,0
25.689944364,0,1
25.689967596,1,1
25.689986758,1,0
25.690028054,1,1
25.690049308,0,1
25.690069476,0,0
25.690110778,0,1
25.690134012,1,1
25.690153168,1,0
25.690194470,1,1
25.690236874,1,0
25.690278172,1,1
25.690299424,0,1
25.690319594,0,0
25.690360904,0,1
25.690402314,0,0
25.690446088,0,1
25.690469326,1,1
25.690488486,1,0
25.690526836,1,1
25.690569240,1,0
25.690613988,1,1
25.690613992,1,0
25.690613996,1,1
25.690649082,1,0
25.700883128,1,1
25.703438014,0,1
25.703449816,0,0
25.703492600,0,1
25.703534014,0,0
25.703575328,0,1
25.703616744,0,0
25.703658052,0,1
25.703681294,1,1
25.703700458,1,0
25.703741760,1,1
25.703784166,1,0
25.703825472,1,1
25.703846722,0,1
25.703866894,0,0
25.703908196,0,1
25.703931436,1,1
25.703950598,1,0
25.703991908,1,1
25.704013162,0,1
25.704033334,0,0
25.704074648,0,1
25.704116066,0,0
25.704159834,0,1
25.704201250,0,0
25.704239604,0,1
25.704262842,1,1
25.704282000,1,0
25.704326756,1,1
25.704362186,1,0
25.716872452,1,1
25.725104010,1,0
25.733531724,1,1
25.741762320,1,0
25.750178248,1,1
25.758409246,1,0
25.766837104,1,1
25.769789690,0,1
25.769801490,0,0
25.769844274,0,1
25.769885686,0,0
25.769926994,0,1
25.769968406,0,0
25.770009718,0,1
25.770051136,0,0
25.770092446,0,1
25.770133860,0,0
25.770175170,0,1
25.770198408,1,1
25.770217568,1,0
25.770258874,1,1
25.770301280,1,0
25.770342586,1,1
25.770384992,1,0
25.770426298,1,1
25.770468698,1,0
25.770512466,1,1
25.770554870,1,0
25.770593218,1,1
25.770635622,1,0
25.770680374,1,1
25.774309800,0,1
25.774321600,0,0
25.774364384,0,1
25.774405794,0,0
25.774447098,0,1
25.774488514,0,0
25.774529822,0,1
25.774553054,1,1
25.774572216,1,0
25.774613518,1,1
25.774655920,1,0
25.774697220,1,1
25.774718474,0,1
25.774738644,0,0
25.774779954,0,1
25.774803182,1,1
25.774822344,1,0
25.774863648,1,1
25.774884898,0,1
25.774905070,0,0
25.774946374,0,1
25.774987794,0,0
25.775031572,0,1
25.775072986,0,0
25.775111344,0,1
25.775134578,1,1
25.775153740,1,0
25.775198484,1,1
25.775214518,1,0
25.788871068,1,1
25.790742956,0,1
25.790754756,0,0
25.790797542,0,1
25.790838958,0,0
25.790880268,0,1
25.790921682,0,0
25.790962990,0,1
25.791004412,0,0
25.791045722,0,1
25.791087134,0,0
25.791128446,0,1
25.791151680,1,1
25.791170840,1,0
25.791212146,1,1
25.791254554,1,0
25.791295856,1,1
25.791338260,1,0
25.791379568,1,1
25.791421970,1,0
25.791465736,1,1
25.791508140,1,0
25.791546492,1,1
25.791588894,1,0
25.791633650,1,1
25.795262130,0,1
25.795273932,0,0
25.795316718,0,1
25.795339952,1,1
25.795359110,1,0
25.795400410,1,1
25.795421660,0,1
25.795441830,0,0
25.795483138,0,1
25.795506372,1,1
25.795525532,1,0
25.795566834,1,1
25.795588086,0,1
25.795608258,0,0
25.795649562,0,1
25.795672804,1,1
25.795691966,1,0
25.795733268,1,1
25.795775674,1,0
25.795816978,1,1
25.795838230,0,1
25.795858402,0,0
25.795899706,0,1
25.795941122,0,0
25.795984892,0,1
25.796008134,1,1
25.796027292,1,0
25.796065642,1,1
25.796108048,1,0
25.796152796,1,1
25.796169422,1,0
25.804873478,1,1
25.813103844,1,0
25.821530684,1,1
25.829760966,1,0
25.838177488,1,1
25.846419372,1,0
25.854835798,1,1
25.863065878,1,0
25.871493364,1,1
25.872966308,0,1
25.872978106,0,0
25.873020892,0,1
25.873062306,0,0
25.873103610,0,1
25.873145026,0,0
25.873186334,0,1
25.873209566,1,1
25.873228728,1,0
25.873270028,1,1
25.873312428,1,0
25.873353726,1,1
25.873374974,0,1
25.873395144,0,0
25.873436452,0,1
25.873459688,1,1
25.873478846,1,0
25.873520148,1,1
25.873541402,0,1
25.873561574,0,0
25.873602882,0,1
25.873644298,0,0
25.873688070,0,1
25.873729482,0,0
25.873767836,0,1
25.873791074,1,1
25.873810234,1,0
25.873854984,1,1
25.873890550,1,0
25.884870558,1,1
25.893112990,1,0
25.901530326,1,1
25.909760796,1,0
25.918189012,1,1
25.926420578,1,0
25.934837604,1,1
25.943068636,1,0
25.951497224,1,1
25.959727980,1,0
25.968145654,1,1
25.971680276,0,1
25.971692078,0,0
25.971734866,0,1
25.971776282,0,0
25.971817592,0,1
25.971859010,0,0
25.971900316,0,1
25.971941732,0,0
25.971983042,0,1
25.972024464,0,0
25.972065774,0,1
25.972089012,1,1
25.972108172,1,0
25.972149478,1,1
25.972191884,1,0
25.972233192,1,1
25.972275598,1,0
25.972316904,1,1
25.972359314,1,0
25.972403090,1,1
25.972445496,1,0
25.972483846,1,1
25.972526252,1,0
25.972571004,1,1
25.976200258,0,1
25.976212058,0,0
25.976254834,0,1
25.976296248,0,0
25.976337552,0,1
25.976378966,0,0
25.976420274,0,1
25.976443504,1,1
25.976462668,1,0
25.976503968,1,1
25.976546364,1,0
25.976587664,1,1
25.976608912,0,1
25.976629080,0,0
25.976670378,0,1
25.976693616,1,1
25.976712778,1,0
25.976754074,1,1
25.976775324,0,1
25.976795492,0,0
25.976836798,0,1
25.976878212,0,0
25.976921976,0,1
25.976963388,0,0
25.977001738,0,1
25.977024974,1,1
25.977044132,1,0
25.977088878,1,1
25.977105426,1,0
25.988874428,1,1
25.997105390,1,0
26.005533904,1,1
26.006379796,0,1
26.006391596,0,0
26.006434382,0,1
26.006457622,1,1
26.006476782,1,0
26.006518090,1,1
26.006539338,0,1
26.006559508,0,0
26.006600820,0,1
26.006624056,1,1
26.006643218,1,0
26.006684516,1,1
26.006705770,0,1
26.006725942,0,0
26.006767252,0,1
26.006790486,1,1
26.006809648,1,0
26.006850950,1,1
26.006893358,1,0
26.006934660,1,1
26.006955914,0,1
26.006976086,0,0
26.007017402,0,1
26.007058816,0,0
26.007102590,0,1
26.007125826,1,1
26.007144990,1,0
26.007183338,1,1
26.007225744,1,0
26.007270496,1,1
26.007305432,1,0
26.020872082,1,1
26.029102732,1,0
26.037530276,1,1
26.045761646,1,0
26.054179022,1,1
26.062410008,1,0
26.070838572,1,1
26.072672254,0,1
26.072684060,0,0
26.072726858,0,1
26.072768286,0,0
26.072809610,0,1
26.072851034,0,0
26.072892360,0,1
26.072915604,1,1
26.072934770,1,0
26.072976088,1,1
26.073018514,1,0
26.073059834,1,1
26.073081092,0,1
26.073101270,0,0
26.073142594,0,1
26.073165840,1,1
26.073185004,1,0
26.073226322,1,1
26.073247578,0,1
26.073267756,0,0
26.073309080,0,1
26.073350510,0,0
26.073394296,0,1
26.073435726,0,0
26.073474096,0,1
26.073497340,1,1
26.073516506,1,0
26.073561276,1,1
26.073597470,1,0
26.084883620,1,1
26.093114656,1,0
26.101531922,1,1
26.109774768,1,0
26.118191714,1,1
26.126422942,1,0
26.134851886,1,1
26.143083976,1,0
26.151500500,1,1
26.159731814,1,0
26.168160014,1,1
26.176390702,1,0
26.184807510,1,1
26.193050508,1,0
26.201467828,1,1
26.209699438,1,0
26.218128064,1,1
26.226359630,1,0
26.234777088,1,1
26.243008802,1,0
26.251437708,1,1
26.259669310,1,0
26.268087354,1,1
26.276329920,1,0
26.284746972,1,1
26.292978374,1,0
26.301406414,1,1
26.307930850,0,1
26.307942652,0,0
26.307985438,0,1
26.308026858,0,0
26.308068174,0,1
26.308109588,0,0
26.308150898,0,1
26.308192318,0,0
26.308233626,0,1
26.308275042,0,0
26.308316350,0,1
26.308339590,1,1
26.308358754,1,0
26.308400060,1,1
26.308442466,1,0
26.308483772,1,1
26.308526172,1,0
26.308567476,1,1
26.308609878,1,0
26.308653644,1,1
26.308696050,1,0
26.308734404,1,1
26.308776804,1,0
26.308821554,1,1
26.312450796,0,1
26.312462594,0,0
26.312505374,0,1
26.312546788,0,0
26.312588088,0,1
26.312629500,0,0
26.312670806,0,1
26.312694040,1,1
26.312713196,1,0
26.312754494,1,1
26.312796894,1,0
26.312838194,1,1
26.312859442,0,1
26.312879610,0,0
26.312920914,0,1
26.312944152,1,1
26.312963306,1,0
26.313004604,1,1
26.313025852,0,1
26.313046024,0,0
26.313087328,0,1
26.313128738,0,0
26.313172510,0,1
26.313213920,0,0
26.313252268,0,1
26.313275504,1,1
26.313294662,1,0
26.313339414,1,1
26.313356018,1,0
26.324869982,1,1
26.333100980,1,0
26.341529652,1,1
26.349760954,1,0
26.358177336,1,1
26.366408468,1,0
26.374837202,1,1
26.383068796,1,0
26.391486370,1,1
26.399729472,1,0
26.408146524,1,1
26.416378130,1,0
26.424807286,1,1
26.433038520,1,0
26.441455682,1,1
26.442584746,0,1
26.442596546,0,0
26.442639330,0,1
26.442680748,0,0
26.442722058,0,1
26.442763472,0,0
26.442804782,0,1
26.442828018,1,1
26.442847180,1,0
26.442888484,1,1
26.442930890,1,0
26.442972194,1,1
26.442993446,0,1
26.443013618,0,0
26.443054930,0,1
26.443078168,1,1
26.443097330,1,0
26.443138636,1,1
26.443159886,0,1
26.443180060,0,0
26.443221368,0,1
26.443262784,0,0
26.443306556,0,1
26.443347974,0,0
26.443386330,0,1
26.443409568,1,1
26.443428730,1,0
26.443473482,1,1
26.443508884,1,0
26.452882578,1,1
26.460530938,0,1
26.460542740,0,0
26.460585526,0,1
26.460626944,0,0
26.460668254,0,1
26.460709670,0,0
26.460750984,0,1
26.460792398,0,0
26.460833706,0,1
26.460875126,0,0
26.460916438,0,1
26.460939674,1,1
26.460958838,1,0
26.461000150,1,1
26.461042558,1,0
26.461083866,1,1
26.461126274,1,0
26.461167580,1,1
26.461209990,1,0
26.461253758,1,1
26.461253762,1,0
26.461253766,1,1
26.461296168,1,0
26.461334520,1,1
26.461376928,1,0
26.461421686,1,1
26.465051290,0,1
26.465063090,0,0
26.465105878,0,1
26.465147290,0,0
26.465188600,0,1
26.465230020,0,0
26.465271328,0,1
26.465294568,1,1
26.465313732,1,0
26.465355040,1,1
26.465397444,1,0
26.465438748,1,1
26.465438752,1,0
26.465438756,1,1
26.465460004,0,1
26.465480176,0,0
26.465521488,0,1
26.465544728,1,1
26.465563890,1,0
26.465605196,1,1
26.465626448,0,1
26.465646622,0,0
26.465687934,0,1
26.465729354,0,0
26.465773126,0,1
26.465814546,0,0
26.465852906,0,1
26.465876142,1,1
26.465895302,1,0
26.465940056,1,1
26.465956864,1,0
26.476870864,1,1
26.485113714,1,0
26.493530678,1,1
26.494543592,0,1
26.494555392,0,0
26.494598176,0,1
26.494639588,0,0
26.494680896,0,1
26.494722308,0,0
26.494763612,0,1
26.494805024,0,0
26.494846332,0,1
26.494887748,0,0
26.494929054,0,1
26.494952292,1,1
26.494971454,1,0
26.495012768,1,1
26.495055168,1,0
26.495096476,1,1
26.495138878,1,0
26.495180178,1,1
26.495222584,1,0
26.495266350,1,1
26.495308752,1,0
26.495347098,1,1
26.495347102,1,0
26.495347104,1,1
26.495389504,1,0
26.495434252,1,1
26.499062446,0,1
26.499074246,0,0
26.499117026,0,1
26.499140264,1,1
26.499159422,1,0
26.499200724,1,1
26.499221968,0,1
26.499242138,0,0
26.499283440,0,1
26.499306678,1,1
26.499325838,1,0
26.499367140,1,1
26.499388388,0,1
26.499408558,0,0
26.499449864,0,1
26.499473098,1,1
26.499492256,1,0
26.499533554,1,1
26.499575952,1,0
26.499617252,1,1
26.499638498,0,1
26.499658668,0,0
26.499699978,0,1
26.499741390,0,0
26.499785152,0,1
26.499808388,1,1
26.499827550,1,0
26.499865898,1,1
26.499908294,1,0
26.499953040,1,1
26.499969426,1,0
26.508869896,1,1
26.512826758,0,1
26.512838558,0,0
26.512881340,0,1
26.512904578,1,1
26.512923738,1,0
26.512965038,1,1
26.512986290,0,1
26.513006462,0,0
26.513047772,0,1
26.513071010,1,1
26.513090172,1,0
26.513131474,1,1
26.513152728,0,1
26.513172898,0,0
26.513214206,0,1
26.513237438,1,1
26.513256600,1,0
26.513297902,1,1
26.513340310,1,0
26.513381610,1,1
26.513402864,0,1
26.513423036,0,0
26.513464342,0,1
26.513505752,0,0
26.513549522,0,1
26.513572756,1,1
26.513591918,1,0
26.513630266,1,1
26.513672668,1,0
26.513717418,1,1
26.513752980,1,0
26.524881252,1,1
26.533112160,1,0
26.541529238,1,1
26.549760738,1,0
26.558189666,1,1
26.566420952,1,0
26.574838316,1,1
26.583081772,1,0
26.591499198,1,1
26.599730864,1,0
26.608160284,1,1
26.616391832,1,0
26.624808488,1,1
26.633039610,1,0
26.641468120,1,1
26.649699870,1,0
26.658116970,1,1
26.666359350,1,0
26.674776382,1,1
26.683008184,1,0
26.691437098,1,1
26.699669040,1,0
26.708086216,1,1
26.716317732,1,0
26.724746204,1,1
26.732977652,1,0
26.741395556,1,1
26.749638088,1,0
26.758054924,1,1
26.766286884,1,0
26.774715320,1,1
26.782946562,1,0
26.791364266,1,1
26.792604640,0,1
26.792616438,0,0
26.792659220,0,1
26.792700632,0,0
26.792741934,0,1
26.792783348,0,0
26.792824654,0,1
26.792847886,1,1
26.792867044,1,0
26.792908342,1,1
26.792950740,1,0
26.792992040,1,1
26.793013296,0,1
26.793033468,0,0
26.793074774,0,1
26.793098012,1,1
26.793117168,1,0
26.793158472,1,1
26.793179720,0,1
26.793199890,0,0
26.793241192,0,1
26.793282604,0,0
26.793326374,0,1
26.793367790,0,0
26.793406148,0,1
26.793429382,1,1
26.793448544,1,0
26.793493286,1,1
26.793493288,1,0
26.793493294,1,1
26.793528272,1,0
26.804880494,1,1
26.805442694,0,1
26.805454496,0,0
26.805497288,0,1
26.805538702,0,0
26.805580010,0,1
26.805621432,0,0
26.805662742,0,1
26.805704160,0,0
26.805745474,0,1
26.805786888,0,0
26.805828196,0,1
26.805851440,1,1
26.805870600,1,0
26.805911908,1,1
26.805954316,1,0
26.805995628,1,1
26.806038040,1,0
26.806079348,1,1
26.806121752,1,0
26.806165520,1,1
26.806207924,1,0
26.806246280,1,1
26.806288686,1,0
26.806333438,1,1
26.809962952,0,1
26.809974752,0,0
26.810017538,0,1
26.810058956,0,0
26.810100264,0,1
26.810141678,0,0
26.810182990,0,1
26.810206232,1,1
26.810225392,1,0
26.810266694,1,1
26.810309100,1,0
26.810350404,1,1
26.810371654,0,1
26.810391822,0,0
26.810433128,0,1
26.810456368,1,1
26.810475528,1,0
26.810516838,1,1
26.810538086,0,1
26.810558258,0,0
26.810599572,0,1
26.810640990,0,0
26.810684762,0,1
26.810726180,0,0
26.810764536,0,1
26.810787774,1,1
26.810806934,1,0
26.810851686,1,1
26.810868662,1,0
26.820869376,1,1
26.829112434,1,0
26.837529850,1,1
26.838759786,0,1
26.838771578,0,0
26.838814338,0,1
26.838855726,0,0
26.838897010,0,1
26.838938400,0,0
26.838979682,0,1
26.839021076,0,0
26.839062356,0,1
26.839103750,0,0
26.839145032,0,1
26.839168258,1,1
26.839187412,1,0
26.839228688,1,1
26.839271070,1,0
26.839312350,1,1
26.839354734,1,0
26.839396012,1,1
26.839438398,1,0
26.839482138,1,1
26.839524520,1,0
26.839562852,1,1
26.839605234,1,0
26.839649960,1,1
26.843277456,0,1
26.843289256,0,0
26.843332038,0,1
26.843355274,1,1
26.843374434,1,0
26.843415738,1,1
26.843436986,0,1
26.843457154,0,0
26.843498462,0,1
26.843521694,1,1
26.843540856,1,0
26.843582158,1,1
26.843603410,0,1
26.843623582,0,0
26.843664890,0,1
26.843688124,1,1
26.843707286,1,0
26.843748594,1,1
26.843791000,1,0
26.843832300,1,1
26.843853552,0,1
26.843873724,0,0
26.843915034,0,1
26.843956444,0,0
26.844000220,0,1
26.844023458,1,1
26.844042620,1,0
26.844080968,1,1
26.844123372,1,0
26.844168124,1,1
26.844184750,1,0
26.852869974,1,1
26.861101550,1,0
26.869530262,1,1
26.877762152,1,0
26.886180198,1,1
26.894423378,1,0
26.902840566,1,1
26.911071970,1,0
26.919501102,1,1
26.927732642,1,0
26.936150182,1,1
26.944381306,1,0
26.952809532,1,1
26.959574704,0,1
26.959586504,0,0
26.959629290,0,1
26.959652524,1,1
26.959671682,1,0
26.959712984,1,1
26.959734232,0,1
26.959754402,0,0
26.959795708,0,1
26.959818938,1,1
26.959838098,1,0
26.959879402,1,1
26.959921808,1,0
26.959963108,1,1
26.959984362,0,1
26.960004534,0,0
26.960045842,0,1
26.960069078,1,1
26.960088236,1,0
26.960129540,1,1
26.960150790,0,1
26.960170960,0,0
26.960212268,0,1
26.960253678,0,0
26.960297450,0,1
26.960320684,1,1
26.960339844,1,0
26.960378192,1,1
26.960420594,1,0
26.960465342,1,1
26.960489196,1,0
26.972880488,1,1
26.972968406,0,1
26.972980208,0,0
26.973023002,0,1
26.973064414,0,0
26.973105722,0,1
26.973147138,0,0
26.973188444,0,1
26.973211676,1,1
26.973230840,1,0
26.973272142,1,1
26.973314548,1,0
26.973355852,1,1
26.973377102,0,1
26.973397276,0,0
26.973438582,0,1
26.973461816,1,1
26.973480978,1,0
26.973522284,1,1
26.973543534,0,1
26.973563704,0,0
26.973605010,0,1
26.973646430,0,0
26.973690202,0,1
26.973731614,0,0
26.973769966,0,1
26.973793208,1,1
26.973812364,1,0
26.973857110,1,1
26.973892148,1,0
26.988870110,1,1
26.989141274,0,1
26.989153076,0,0
26.989195862,0,1
26.989237280,0,0
26.989278592,0,1
26.989320002,0,0
26.989361312,0,1
26.989402726,0,0
26.989444034,0,1
26.989485448,0,0
26.989526760,0,1
26.989549994,1,1
26.989569156,1,0
26.989610460,1,1
26.989652866,1,0
26.989694174,1,1
26.989736574,1,0
26.989777880,1,1
26.989820282,1,0
26.989864044,1,1
26.989906452,1,0
26.989944802,1,1
26.989987212,1,0
26.990031970,1,1
26.993661448,0,1
26.993673250,0,0
26.993716040,0,1
26.993757456,0,0
26.993798770,0,1
26.993840186,0,0
26.993881498,0,1
26.993904732,1,1
26.993923896,1,0
26.993965204,1,1
26.994007610,1,0
26.994048914,1,1
26.994070168,0,1
26.994090342,0,0
26.994131652,0,1
26.994154892,1,1
26.994174050,1,0
26.994215360,1,1
26.994236610,0,1
26.994256782,0,0
26.994298092,0,1
26.994339508,0,0
26.994383284,0,1
26.994424704,0,0
26.994463062,0,1
26.994486302,1,1
26.994505462,1,0
26.994550218,1,1
26.994566714,1,0
27.004880954,1,1
27.007446364,0,1
27.007458166,0,0
27.007500954,0,1
27.007542370,0,0
27.007583680,0,1
27.007625096,0,0
27.007666406,0,1
27.007707822,0,0
27.007749130,0,1
27.007790548,0,0
27.007831860,0,1
27.007855100,1,1
27.007874262,1,0
27.007915568,1,1
27.007957972,1,0
27.007999278,1,1
27.008041686,1,0
27.008082990,1,1
27.008125398,1,0
27.008169164,1,1
27.008211568,1,0
27.008249918,1,1
27.008292326,1,0
27.008337078,1,1
27.011965666,0,1
27.011977468,0,0
27.012020258,0,1
27.012043496,1,1
27.012062660,1,0
27.012103970,1,1
27.012125218,0,1
27.012145392,0,0
27.012186706,0,1
27.012209942,1,1
27.012229102,1,0
27.012270408,1,1
27.012312816,1,0
27.012354128,1,1
27.012375380,0,1
27.012395554,0,0
27.012436866,0,1
27.012460108,1,1
27.012479270,1,0
27.012520572,1,1
27.012541826,0,1
27.012561998,0,0
27.012603308,0,1
27.012644724,0,0
27.012688496,0,1
27.012711734,1,1
27.012730894,1,0
27.012769238,1,1
27.012811644,1,0
27.012856398,1,1
27.012872430,1,0
27.028870948,1,1
27.037113490,1,0
27.045530800,1,1
27.053761760,1,0
27.062190342,1,1
27.070421702,1,0
27.078838716,1,1
27.087069860,1,0
27.095499220,1,1
27.103730378,1,0
27.112148390,1,1
27.120392028,1,0
27.128809770,1,1
27.137041914,1,0
27.145470800,1,1
27.146858928,0,1
27.146870724,0,0
27.146913488,0,1
27.146954886,0,0
27.146996174,0,1
27.147019398,1,1
27.147038554,1,0
27.147079836,1,1
27.147122220,1,0
27.147163504,1,1
27.147205888,1,0
27.147247170,1,1
27.147268410,0,1
27.147288572,0,0
27.147329862,0,1
27.147353086,1,1
27.147372240,1,0
27.147413518,1,1
27.147434758,0,1
27.147454918,0,0
27.147496204,0,1
27.147537598,0,0
27.147581348,0,1
27.147604574,1,1
27.147623728,1,0
27.147662052,1,1
27.147704436,1,0
27.147749158,1,1
27.147784284,1,0
27.156885932,1,1
27.157703456,0,1
27.157715256,0,0
27.157758036,0,1
27.157781276,1,1
27.157800436,1,0
27.157841742,1,1
27.157862992,0,1
27.157883164,0,0
27.157924476,0,1
27.157947712,1,1
27.157947714,0,1
27.157947718,1,1
27.157966876,1,0
27.158008186,1,1
27.158050596,1,0
27.158091904,1,1
27.158113156,0,1
27.158133328,0,0
27.158174638,0,1
27.158197880,1,1
27.158217040,1,0
27.158258344,1,1
27.158279596,0,1
27.158299770,0,0
27.158341082,0,1
27.158382498,0,0
27.158426270,0,1
27.158449510,1,1
27.158468672,1,0
27.158507022,1,1
27.158549428,1,0
27.158594184,1,1
27.158629376,1,0
27.172882248,1,1
27.174764974,0,1
27.174776772,0,0
27.174819550,0,1
27.174860966,0,0
27.174902276,0,1
27.174925512,1,1
27.174944674,1,0
27.174985984,1,1
27.175028400,1,0
27.175069730,1,1
27.175090990,0,1
27.175111176,0,0
27.175152510,0,1
27.175175764,1,1
27.175194934,1,0
27.175236254,1,1
27.175278668,1,0
27.175319982,1,1
27.175341236,0,1
27.175361412,0,0
27.175402726,0,1
27.175444146,0,0
27.175487924,0,1
27.175511162,1,1
27.175530322,1,0
27.175568670,1,1
27.175611078,1,0
27.175655832,1,1
27.175691246,1,0
27.188883718,1,1
27.190714544,0,1
27.190726346,0,0
27.190769130,0,1
27.190810548,0,0
27.190851860,0,1
27.190893272,0,0
27.190934580,0,1
27.190975996,0,0
27.191017306,0,1
27.191058724,0,0
27.191100036,0,1
27.191123274,1,1
27.191142434,1,0
27.191183736,1,1
27.191226146,1,0
27.191267454,1,1
27.191309860,1,0
27.191351166,1,1
27.191393574,1,0
27.191437340,1,1
27.191479748,1,0
27.191518102,1,1
27.191560504,1,0
27.191605256,1,1
27.195233824,0,1
27.195245624,0,0
27.195288414,0,1
27.195311648,1,1
27.195330810,1,0
27.195372110,1,1
27.195393366,0,1
27.195413540,0,0
27.195454848,0,1
27.195478082,1,1
27.195497244,1,0
27.195538550,1,1
27.195580956,1,0
27.195622260,1,1
27.195643510,0,1
27.195663682,0,0
27.195704994,0,1
27.195728228,1,1
27.195747390,1,0
27.195788698,1,1
27.195809948,0,1
27.195830120,0,0
27.195871428,0,1
27.195912846,0,0
27.195956622,0,1
27.195979856,1,1
27.195999022,1,0
27.196037380,1,1
27.196037386,1,0
27.196037390,1,1
27.196079790,1,0
27.196124546,1,1
27.196140806,1,0
27.204868704,1,1
27.213100112,1,0
27.221529040,1,1
27.229760500,1,0
27.238179006,1,1
27.246423338,1,0
27.254840872,1,1
27.263073168,1,0
27.271502856,1,1
27.274558516,0,1
27.274570318,0,0
27.274613102,0,1
27.274654514,0,0
27.274695816,0,1
27.274737228,0,0
27.274778530,0,1
27.274819940,0,0
27.274861246,0,1
27.274902658,0,0
27.274943960,0,1
27.274967194,1,1
27.274986352,1,0
27.275027654,1,1
27.275070052,1,0
27.275111358,1,1
27.275153756,1,0
27.275195058,1,1
27.275237458,1,0
27.275281220,1,1
27.275323618,1,0
27.275361962,1,1
27.275404362,1,0
27.275449100,1,1
27.279077196,0,1
27.279088996,0,0
27.279131780,0,1
27.279173196,0,0
27.279214504,0,1
27.279237740,1,1
27.279256900,1,0
27.279298208,1,1
27.279340616,1,0
27.279381916,1,1
27.279403168,0,1
27.279423342,0,0
27.279464652,0,1
27.279487886,1,1
27.279507046,1,0
27.279548354,1,1
27.279590754,1,0
27.279632060,1,1
27.279653308,0,1
27.279673482,0,0
27.279714794,0,1
27.279756208,0,0
27.279799978,0,1
27.279823210,1,1
27.279842372,1,0
27.279880720,1,1
27.279923122,1,0
27.279967872,1,1
27.279984482,1,0
27.292868906,1,1
27.294485996,0,1
27.294497798,0,0
27.294540584,0,1
27.294581996,0,0
27.294623304,0,1
27.294664722,0,0
27.294706030,0,1
27.294747446,0,0
27.294788758,0,1
27.294830170,0,0
27.294871476,0,1
27.294894714,1,1
27.294913876,1,0
27.294955182,1,1
27.294997584,1,0
27.295038890,1,1
27.295081292,1,0
27.295122590,1,1
27.295164996,1,0
27.295208764,1,1
27.295251162,1,0
27.295289508,1,1
27.295289510,1,0
27.295289512,1,1
27.295331914,1,0
27.295376662,1,1
27.299005122,0,1
27.299016922,0,0
27.299059706,0,1
27.299101124,0,0
27.299142432,0,1
27.299165666,1,1
27.299184828,1,0
27.299226136,1,1
27.299268538,1,0
27.299309842,1,1
27.299352246,1,0
27.299393546,1,1
27.299414800,0,1
27.299434972,0,0
27.299476280,0,1
27.299499518,1,1
27.299518678,1,0
27.299559984,1,1
27.299581232,0,1
27.299601404,0,0
27.299642714,0,1
27.299684126,0,0
27.299727896,0,1
27.299751134,1,1
27.299770296,1,0
27.299808646,1,1
27.299851050,1,0
27.299895802,1,1
27.299912118,1,0
27.308868552,1,1
27.317112102,1,0
27.325529892,1,1
27.333762494,1,0
27.342192340,1,1
27.350424760,1,0
27.358842240,1,1
27.361524892,0,1
27.361536692,0,0
27.361579478,0,1
27.361602714,1,1
27.361621874,1,0
27.361663174,1,1
27.361705576,1,0
27.361746878,1,1
27.361768130,0,1
27.361788300,0,0
27.361829608,0,1
27.361852848,1,1
27.361872008,1,0
27.361913314,1,1
27.361934564,0,1
27.361954734,0,0
27.361996040,0,1
27.362019280,1,1
27.362038442,1,0
27.362079746,1,1
27.362100996,0,1
27.362121170,0,0
27.362162478,0,1
27.362203894,0,0
27.362247666,0,1
27.362270904,1,1
27.362290066,1,0
27.362328416,1,1
27.362370820,1,0
27.362415574,1,1
27.362450952,1,0
27.372870134,1,1
27.373418454,0,1
27.373430254,0,0
27.373473034,0,1
27.373496274,1,1
27.373515434,1,0
27.373556738,1,1
27.373577988,0,1
27.373598158,0,0
27.373639464,0,1
27.373662704,1,1
27.373681866,1,0
27.373723168,1,1
27.373744420,0,1
27.373764590,0,0
27.373805900,0,1
27.373829136,1,1
27.373848294,1,0
27.373889596,1,1
27.373932002,1,0
27.373973306,1,1
27.373994558,0,1
27.374014730,0,0
27.374056042,0,1
27.374097456,0,0
27.374141222,0,1
27.374164460,1,1
27.374183622,1,0
27.374221974,1,1
27.374264378,1,0
27.374309126,1,1
27.374344418,1,0
27.388868816,1,1
27.390535752,0,1
27.390547552,0,0
27.390590338,0,1
27.390631754,0,0
27.390673062,0,1
27.390714480,0,0
27.390755790,0,1
27.390779022,1,1
27.390798186,1,0
27.390839496,1,1
27.390881900,1,0
27.390923200,1,1
27.390944452,0,1
27.390964624,0,0
27.391005936,0,1
27.391029168,1,1
27.391048330,1,0
27.391089630,1,1
27.391110882,0,1
27.391131054,0,0
27.391172360,0,1
27.391213774,0,0
27.391257546,0,1
27.391298962,0,0
27.391337318,0,1
27.391360558,1,1
27.391379720,1,0
27.391424468,1,1
27.391424470,1,0
27.391424474,1,1
27.391459532,1,0
27.404887432,1,1
27.413118822,1,0
27.421547272,1,1
27.429778294,1,0
27.438195396,1,1
27.446426920,1,0
27.454855356,1,1
27.463086156,1,0
27.471502628,1,1
27.472855110,0,1
27.472866910,0,0
27.472909694,0,1
27.472951104,0,0
27.472992410,0,1
27.473033826,0,0
27.473075132,0,1
27.473116542,0,0
27.473157846,0,1
27.473199262,0,0
27.473240566,0,1
27.473263798,1,1
27.473282962,1,0
27.473324268,1,1
27.473366664,1,0
27.473407964,1,1
27.473450368,1,0
27.473491666,1,1
27.473534066,1,0
27.473577832,1,1
27.473620230,1,0
27.473658576,1,1
27.473700978,1,0
27.473745722,1,1
27.477374918,0,1
27.477386718,0,0
27.477429496,0,1
27.477470908,0,0
27.477512212,0,1
27.477553622,0,0
27.477594926,0,1
27.477618162,1,1
27.477637320,1,0
27.477678618,1,1
27.477721016,1,0
27.477762318,1,1
27.477783566,0,1
27.477803734,0,0
27.477845036,0,1
27.477868272,1,1
27.477887432,1,0
27.477928732,1,1
27.477949978,0,1
27.477970148,0,0
27.478011456,0,1
27.478052870,0,0
27.478096632,0,1
27.478138044,0,0
27.478176396,0,1
27.478199626,1,1
27.478218786,1,0
27.478263534,1,1
27.478279948,1,0
27.492868594,1,1
27.493954452,0,1
27.493966250,0,0
27.494009038,0,1
27.494050450,0,0
27.494091748,0,1
27.494133160,0,0
27.494174460,0,1
27.494215870,0,0
27.494257174,0,1
27.494298588,0,0
27.494339890,0,1
27.494363128,1,1
27.494382286,1,0
27.494423588,1,1
27.494465984,1,0
27.494507280,1,1
27.494549682,1,0
27.494590980,1,1
27.494633378,1,0
27.494677134,1,1
27.494719532,1,0
27.494757874,1,1
27.494800274,1,0
27.494845014,1,1
27.498473064,0,1
27.498484864,0,0
27.498527644,0,1
27.498550882,1,1
27.498570042,1,0
27.498611346,1,1
27.498653746,1,0
27.498695050,1,1
27.498716298,0,1
27.498736470,0,0
27.498777780,0,1
27.498801012,1,1
27.498820174,1,0
27.498861478,1,1
27.498882728,0,1
27.498902900,0,0
27.498944206,0,1
27.498967442,1,1
27.498986602,1,0
27.499027906,1,1
27.499027910,1,0
27.499027912,1,1
27.499049160,0,1
27.499069328,0,0
27.499110638,0,1
27.499152050,0,0
27.499195818,0,1
27.499219054,1,1
27.499238216,1,0
27.499276564,1,1
27.499318968,1,0
27.499363720,1,1
27.499380154,1,0
27.508868282,1,1
27.511305754,0,1
27.511317554,0,0
27.511360336,0,1
27.511401742,0,0
27.511443048,0,1
27.511484458,0,0
27.511525764,0,1
27.511567180,0,0
27.511608486,0,1
27.511649904,0,0
27.511691212,0,1
27.511714448,1,1
27.511733610,1,0
27.511774912,1,1
27.511817316,1,0
27.511858616,1,1
27.511901018,1,0
27.511942320,1,1
27.511984724,1,0
27.512028490,1,1
27.512070896,1,0
27.512109244,1,1
27.512151646,1,0
27.512196394,1,1
27.515824822,0,1
27.515836620,0,0
27.515879400,0,1
27.515902634,1,1
27.515921792,1,0
27.515963088,1,1
27.515984338,0,1
27.516004512,0,0
27.516045826,0,1
27.516069064,1,1
27.516088224,1,0
27.516129530,1,1
27.516150784,0,1
27.516170958,0,0
27.516212268,0,1
27.516235504,1,1
27.516254668,1,0
27.516295974,1,1
27.516338382,1,0
27.516379690,1,1
27.516400946,0,1
27.516421120,0,0
27.516462428,0,1
27.516503846,0,0
27.516547620,0,1
27.516570854,1,1
27.516590016,1,0
27.516628364,1,1
27.516670772,1,0
27.516715524,1,1
27.516731838,1,0
27.532879742,1,1
27.541111074,1,0
27.549528228,1,1
27.557759830,1,0
27.566188126,1,1
27.569561302,0,1
27.569573100,0,0
27.569615886,0,1
27.569657300,0,0
27.569698606,0,1
27.569740020,0,0
27.569781328,0,1
27.569804562,1,1
27.569823720,1,0
27.569865024,1,1
27.569886272,0,1
27.569906444,0,0
27.569947752,0,1
27.569970988,1,1
27.569990148,1,0
27.570031454,1,1
27.570073858,1,0
27.570115158,1,1
27.570136404,0,1
27.570156572,0,0
27.570197874,0,1
27.570239282,0,0
27.570283052,0,1
27.570324462,0,0
27.570362812,0,1
27.570386042,1,1
27.570405202,1,0
27.570449946,1,1
27.570485168,1,0
27.580879960,1,1
27.589110446,1,0
27.597527572,1,1
27.605770522,1,0
27.614186680,1,1
27.622417422,1,0
27.630845778,1,1
27.639076330,1,0
27.647492988,1,1
27.647538380,0,1
27.647550180,0,0
27.647592968,0,1
27.647616210,1,1
27.647635370,1,0
27.647676674,1,1
27.647719078,1,0
27.647760390,1,1
27.647781636,0,1
27.647801810,0,0
27.647843116,0,1
27.647884532,0,0
27.647925842,0,1
27.647949072,1,1
27.647968234,1,0
27.648009548,1,1
27.648051954,1,0
27.648093256,1,1
27.648114508,0,1
27.648134680,0,0
27.648175986,0,1
27.648217396,0,0
27.648261168,0,1
27.648284404,1,1
27.648303562,1,0
27.648341910,1,1
27.648384310,1,0
27.648429056,1,1
27.648464390,1,0
27.660880108,1,1
27.669111976,1,0
27.677528446,1,1
27.684440926,0,1
27.684452728,0,0
27.684495512,0,1
27.684536924,0,0
27.684578232,0,1
27.684619644,0,0
27.684660946,0,1
27.684702360,0,0
27.684743668,0,1
27.684785080,0,0
27.684826390,0,1
27.684849628,1,1
27.684868790,1,0
27.684910088,1,1
27.684952492,1,0
27.684993792,1,1
27.685036198,1,0
27.685077502,1,1
27.685119908,1,0
27.685163672,1,1
27.685206076,1,0
27.685244422,1,1
27.685286826,1,0
27.685331572,1,1
27.688960890,0,1
27.688972690,0,0
27.689015482,0,1
27.689056898,0,0
27.689098202,0,1
27.689139618,0,0
27.689180932,0,1
27.689204164,1,1
27.689223326,1,0
27.689264634,1,1
27.689285882,0,1
27.689306056,0,0
27.689347366,0,1
27.689370598,1,1
27.689389760,1,0
27.689431062,1,1
27.689473466,1,0
27.689514768,1,1
27.689536016,0,1
27.689556186,0,0
27.689597496,0,1
27.689638906,0,0
27.689682676,0,1
27.689724090,0,0
27.689762442,0,1
27.689785680,1,1
27.689804840,1,0
27.689849586,1,1
27.689865708,1,0
27.700868690,1,1
27.702897128,0,1
27.702908930,0,0
27.702951712,0,1
27.702993124,0,0
27.703034432,0,1
27.703075850,0,0
27.703117156,0,1
27.703158568,0,0
27.703199876,0,1
27.703241292,0,0
27.703282596,0,1
27.703305834,1,1
27.703324998,1,0
27.703366302,1,1
27.703408708,1,0
27.703450012,1,1
27.703492418,1,0
27.703533720,1,1
27.703576122,1,0
27.703619894,1,1
27.703662292,1,0
27.703700640,1,1
27.703700642,1,0
27.703700646,1,1
27.703743050,1,0
27.703787802,1,1
27.707416178,0,1
27.707427978,0,0
27.707470758,0,1
27.707493996,1,1
27.707513158,1,0
27.707554460,1,1
27.707596862,1,0
27.707638166,1,1
27.707659414,0,1
27.707679584,0,0
27.707720886,0,1
27.707762304,0,0
27.707803618,0,1
27.707826850,1,1
27.707846012,1,0
27.707887316,1,1
27.707929722,1,0
27.707971026,1,1
27.707992276,0,1
27.708012452,0,0
27.708053762,0,1
27.708095174,0,0
27.708138938,0,1
27.708162178,1,1
27.708181336,1,0
27.708219686,1,1
27.708262092,1,0
27.708306846,1,1
27.708323326,1,0
27.724868824,1,1
27.727423138,0,1
27.727434938,0,0
27.727477722,0,1
27.727500952,1,1
27.727520112,1,0
27.727561414,1,1
27.727603814,1,0
27.727645120,1,1
27.727666368,0,1
27.727686542,0,0
27.727727858,0,1
27.727769278,0,0
27.727810590,0,1
27.727833828,1,1
27.727852992,1,0
27.727894298,1,1
27.727936704,1,0
27.727978006,1,1
27.727999262,0,1
27.728019436,0,0
27.728060746,0,1
27.728102166,0,0
27.728145938,0,1
27.728169176,1,1
27.728188336,1,0
27.728226688,1,1
27.728269092,1,0
27.728313838,1,1
27.728338032,1,0
27.740868086,1,1
27.749100266,1,0
27.757528860,1,1
27.757528864,1,0
27.757528866,1,1
27.765759844,1,0
27.774176788,1,1
27.782408130,1,0
27.790836894,1,1
27.799068594,1,0
27.807484976,1,1
27.815727776,1,0
27.824144860,1,1
27.828992734,0,1
27.829004538,0,0
27.829047326,0,1
27.829088738,0,0
27.829130046,0,1
27.829171464,0,0
27.829212772,0,1
27.829236006,1,1
27.829255168,1,0
27.829296474,1,1
27.829317724,0,1
27.829337896,0,0
27.829379200,0,1
27.829402438,1,1
27.829421600,1,0
27.829462906,1,1
27.829505312,1,0
27.829546620,1,1
27.829567870,0,1
27.829588040,0,0
27.829629346,0,1
27.829670764,0,0
27.829714532,0,1
27.829755946,0,0
27.829794298,0,1
27.829817540,1,1
27.829836700,1,0
27.829881450,1,1
27.829916568,1,0
27.844867096,1,1
27.853109530,1,0
27.861527016,1,1
27.863567252,0,1
27.863579048,0,0
27.863621808,0,1
27.863663204,0,0
27.863704490,0,1
27.863745884,0,0
27.863787170,0,1
27.863828562,0,0
27.863869852,0,1
27.863911242,0,0
27.863952526,0,1
27.863975754,1,1
27.863994906,1,0
27.864036190,1,1
27.864078574,1,0
27.864119864,1,1
27.864162260,1,0
27.864203548,1,1
27.864245936,1,0
27.864289682,1,1
27.864332068,1,0
27.864370400,1,1
27.864412786,1,0
27.864457508,1,1
27.864457512,1,0
27.864457516,1,1
27.868086456,0,1
27.868098256,0,0
27.868141040,0,1
27.868182454,0,0
27.868223766,0,1
27.868265180,0,0
27.868306486,0,1
27.868329728,1,1
27.868348892,1,0
27.868390204,1,1
27.868411454,0,1
27.868431628,0,0
27.868472942,0,1
27.868496178,1,1
27.868515338,1,0
27.868556642,1,1
27.868599040,1,0
27.868640340,1,1
27.868661590,0,1
27.868681760,0,0
27.868723068,0,1
27.868764486,0,0
27.868808260,0,1
27.868849680,0,0
27.868888034,0,1
27.868911274,1,1
27.868930432,1,0
27.868975182,1,1
27.868991914,1,0
27.884867172,1,1
27.887095650,0,1
27.887107454,0,0
27.887150240,0,1
27.887191654,0,0
27.887232966,0,1
27.887274380,0,0
27.887315688,0,1
27.887357108,0,0
27.887398420,0,1
27.887439838,0,0
27.887481150,0,1
27.887504388,1,1
27.887523548,1,0
27.887564854,1,1
27.887607258,1,0
27.887648562,1,1
27.887690968,1,0
27.887732270,1,1
27.887774676,1,0
27.887818442,1,1
27.887860848,1,0
27.887899198,1,1
27.887941604,1,0
27.887986360,1,1
27.891614682,0,1
27.891626480,0,0
27.891669260,0,1
27.891692494,1,1
27.891711654,1,0
27.891752952,1,1
27.891795354,1,0
27.891836656,1,1
27.891857906,0,1
27.891878076,0,0
27.891919384,0,1
27.891960798,0,0
27.892002106,0,1
27.892025344,1,1
27.892044504,1,0
27.892085808,1,1
27.892128204,1,0
27.892169502,1,1
27.892190754,0,1
27.892210924,0,0
27.892252230,0,1
27.892293642,0,0
27.892337418,0,1
27.892360654,1,1
27.892379820,1,0
27.892418168,1,1
27.892460576,1,0
27.892505326,1,1
27.892521644,1,0
27.908879364,1,1
27.913414214,0,1
27.913426016,0,0
27.913468794,0,1
27.913492028,1,1
27.913511190,1,0
27.913552490,1,1
27.913594892,1,0
27.913636192,1,1
27.913657438,0,1
27.913677608,0,0
27.913718910,0,1
27.913742144,1,1
27.913761300,1,0
27.913802598,1,1
27.913823842,0,1
27.913844010,0,0
27.913885310,0,1
27.913908544,1,1
27.913927704,1,0
27.913969008,1,1
27.913990256,0,1
27.914010428,0,0
27.914051736,0,1
27.914093154,0,0
27.914136934,0,1
27.914160178,1,1
27.914179340,1,0
27.914217696,1,1
27.914260098,1,0
27.914304846,1,1
27.914340400,1,0
27.924868762,1,1
27.926879522,0,1
27.926891322,0,0
27.926934112,0,1
27.926975528,0,0
27.927016840,0,1
27.927058258,0,0
27.927099564,0,1
27.927122800,1,1
27.927141960,1,0
27.927183264,1,1
27.927204516,0,1
27.927224688,0,0
27.927265998,0,1
27.927289232,1,1
27.927308396,1,0
27.927349702,1,1
27.927392108,1,0
27.927433414,1,1
27.927454662,0,1
27.927474834,0,0
27.927516140,0,1
27.927557550,0,0
27.927601316,0,1
27.927642726,0,0
27.927681076,0,1
27.927704306,1,1
27.927723468,1,0
27.927768216,1,1
27.927803452,1,0
27.940878452,1,1
27.949109642,1,0
27.957527010,1,1
27.965757202,1,0
27.974185126,1,1
27.982415998,1,0
27.990832960,1,1
27.999075260,1,0
28.007491660,1,1
28.015722134,1,0
28.024150136,1,1
28.026851038,0,1
28.026862838,0,0
28.026905618,0,1
28.026947030,0,0
28.026988334,0,1
28.027029752,0,0
28.027071064,0,1
28.027112476,0,0
28.027153780,0,1
28.027195196,0,0
28.027236502,0,1
28.027259738,1,1
28.027278898,1,0
28.027320198,1,1
28.027362596,1,0
28.027403894,1,1
28.027446296,1,0
28.027487598,1,1
28.027529998,1,0
28.027573760,1,1
28.027616166,1,0
28.027654516,1,1
28.027696922,1,0
28.027741676,1,1
28.031370088,0,1
28.031381890,0,0
28.031424676,0,1
28.031447910,1,1
28.031467066,1,0
28.031508368,1,1
28.031550768,1,0
28.031592072,1,1
28.031613322,0,1
28.031633494,0,0
28.031674802,0,1
28.031698036,1,1
28.031717200,1,0
28.031758500,1,1
28.031779754,0,1
28.031799926,0,0
28.031841236,0,1
28.031864472,1,1
28.031883632,1,0
28.031924930,1,1
28.031946182,0,1
28.031966352,0,0
28.032007660,0,1
28.032049074,0,0
28.032092844,0,1
28.032116082,1,1
28.032135240,1,0
28.032173590,1,1
28.032215996,1,0
28.032260740,1,1
28.032277080,1,0
28.044867416,1,1
28.046812618,0,1
28.046824418,0,0
28.046867202,0,1
28.046908616,0,0
28.046949924,0,1
28.046991344,0,0
28.047032658,0,1
28.047074074,0,0
28.047115384,0,1
28.047156800,0,0
28.047198102,0,1
28.047221338,1,1
28.047240502,1,0
28.047281806,1,1
28.047324210,1,0
28.047365512,1,1
28.047365516,1,0
28.047365518,1,1
28.047407918,1,0
28.047449218,1,1
28.047491624,1,0
28.047535396,1,1
28.047577796,1,0
28.047616142,1,1
28.047658550,1,0
28.047703298,1,1
28.051332648,0,1
28.051344448,0,0
28.051387230,0,1
28.051428640,0,0
28.051469946,0,1
28.051511358,0,0
28.051552662,0,1
28.051575900,1,1
28.051595060,1,0
28.051636360,1,1
28.051657608,0,1
28.051677780,0,0
28.051719086,0,1
28.051742324,1,1
28.051761484,1,0
28.051802786,1,1
28.051845192,1,0
28.051886492,1,1
28.051907746,0,1
28.051927916,0,0
28.051969226,0,1
28.052010646,0,0
28.052054418,0,1
28.052095832,0,0
28.052134188,0,1
28.052157424,1,1
28.052176582,1,0
28.052221332,1,1
28.052237940,1,0
28.060867358,1,1
28.069097876,1,0
28.077525994,1,1
28.080065962,0,1
28.080077764,0,0
28.080120554,0,1
28.080143794,1,1
28.080162960,1,0
28.080204274,1,1
28.080246686,1,0
28.080288002,1,1
28.080309258,0,1
28.080329436,0,0
28.080370756,0,1
28.080412182,0,0
28.080453502,0,1
28.080476746,1,1
28.080495908,1,0
28.080537222,1,1
28.080579642,1,0
28.080620958,1,1
28.080642216,0,1
28.080662392,0,0
28.080703714,0,1
28.080745138,0,0
28.080788924,0,1
28.080812168,1,1
28.080831332,1,0
28.080869686,1,1
28.080912086,1,0
28.080956834,1,1
28.080992294,1,0
28.092865862,1,1
28.094637742,0,1
28.094649542,0,0
28.094692328,0,1
28.094733744,0,0
28.094775048,0,1
28.094816466,0,0
28.094857776,0,1
28.094881012,1,1
28.094900170,1,0
28.094941474,1,1
28.094962724,0,1
28.094982894,0,0
28.095024204,0,1
28.095047440,1,1
28.095066600,1,0
28.095107906,1,1
28.095150308,1,0
28.095191612,1,1
28.095212862,0,1
28.095233034,0,0
28.095274340,0,1
28.095315752,0,0
28.095359520,0,1
28.095400934,0,0
28.095439288,0,1
28.095462524,1,1
28.095481686,1,0
28.095526436,1,1
28.095561444,1,0
28.108878518,1,1
28.117108702,1,0
28.125525340,1,1
28.133767370,1,0
28.142183782,1,1
28.150415208,1,0
28.158844114,1,1
28.167075240,1,0
28.175491870,1,1
28.183723016,1,0
28.192151460,1,1
28.200382200,1,0
28.208799490,1,1
28.217042102,1,0
28.225459328,1,1
28.233689986,1,0
28.242118312,1,1
28.242494014,0,1
28.242505814,0,0
28.242548604,0,1
28.242590018,0,0
28.242631324,0,1
28.242672740,0,0
28.242714046,0,1
28.242755460,0,0
28.242796764,0,1
28.242838178,0,0
28.242879482,0,1
28.242902714,1,1
28.242921874,1,0
28.242963176,1,1
28.243005574,1,0
28.243046876,1,1
28.243089276,1,0
28.243130578,1,1
28.243172978,1,0
28.243216742,1,1
28.243259140,1,0
28.243297484,1,1
28.243339882,1,0
28.243384628,1,1
28.247012816,0,1
28.247024616,0,0
28.247067398,0,1
28.247090628,1,1
28.247109790,1,0
28.247151098,1,1
28.247193496,1,0
28.247234794,1,1
28.247256044,0,1
28.247276214,0,0
28.247317518,0,1
28.247358926,0,0
28.247400232,0,1
28.247423466,1,1
28.247442624,1,0
28.247483920,1,1
28.247526324,1,0
28.247567620,1,1
28.247588868,0,1
28.247609036,0,0
28.247650340,0,1
28.247691750,0,0
28.247735516,0,1
28.247758748,1,1
28.247777912,1,0
28.247816260,1,1
28.247858662,1,0
28.247903408,1,1
28.247919902,1,0
28.260869054,1,1
28.260912612,0,1
28.260924412,0,0
28.260967196,0,1
28.260990434,1,1
28.261009596,1,0
28.261050904,1,1
28.261093304,1,0
28.261134604,1,1
28.261155854,0,1
28.261176026,0,0
28.261217332,0,1
28.261240566,1,1
28.261259722,1,0
28.261301026,1,1
28.261322272,0,1
28.261342440,0,0
28.261383740,0,1
28.261406978,1,1
28.261426138,1,0
28.261467436,1,1
28.261488690,0,1
28.261508858,0,0
28.261550164,0,1
28.261591580,0,0
28.261635346,0,1
28.261658578,1,1
28.261677738,1,0
28.261716084,1,1
28.261758486,1,0
28.261803232,1,1
28.261838778,1,0
28.276886090,1,1
28.278212716,0,1
28.278224518,0,0
28.278267302,0,1
28.278308714,0,0
28.278350026,0,1
28.278391438,0,0
28.278432746,0,1
28.278474162,0,0
28.278515472,0,1
28.278556886,0,0
28.278598196,0,1
28.278621430,1,1
28.278640592,1,0
28.278681892,1,1
28.278724294,1,0
28.278765598,1,1
28.278808000,1,0
28.278849302,1,1
28.278891708,1,0
28.278935472,1,1
28.278977878,1,0
28.279016232,1,1
28.279058636,1,0
28.279103388,1,1
28.282732784,0,1
28.282744584,0,0
28.282787368,0,1
28.282828782,0,0
28.282870088,0,1
28.282911502,0,0
28.282952808,0,1
28.282976046,1,1
28.282995208,1,0
28.283036518,1,1
28.283057768,0,1
28.283077942,0,0
28.283119246,0,1
28.283142484,1,1
28.283161644,1,0
28.283202952,1,1
28.283245356,1,0
28.283286660,1,1
28.283307910,0,1
28.283328082,0,0
28.283369390,0,1
28.283410804,0,0
28.283454580,0,1
28.283495994,0,0
28.283534348,0,1
28.283557584,1,1
28.283576746,1,0
28.283621500,1,1
28.283637642,1,0
28.292879514,1,1
28.293428956,0,1
28.293440758,0,0
28.293483542,0,1
28.293524956,0,0
28.293566266,0,1
28.293607680,0,0
28.293648992,0,1
28.293690408,0,0
28.293731716,0,1
28.293773132,0,0
28.293814444,0,1
28.293837680,1,1
28.293856840,1,0
28.293898144,1,1
28.293940550,1,0
28.293981854,1,1
28.294024262,1,0
28.294065566,1,1
28.294107972,1,0
28.294151740,1,1
28.294194146,1,0
28.294232492,1,1
28.294274892,1,0
28.294319646,1,1
28.297947990,0,1
28.297959790,0,0
28.298002574,0,1
28.298025812,1,1
28.298044974,1,0
28.298086274,1,1
28.298086280,1,0
28.298086282,1,1
28.298128686,1,0
28.298169990,1,1
28.298191240,0,1
28.298211410,0,0
28.298252722,0,1
28.298275958,1,1
28.298295120,1,0
28.298336424,1,1
28.298357674,0,1
28.298377846,0,0
28.298419154,0,1
28.298442388,1,1
28.298461550,1,0
28.298502854,1,1
28.298524106,0,1
28.298544276,0,0
28.298585582,0,1
28.298626996,0,0
28.298670766,0,1
28.298694000,1,1
28.298694002,0,1
28.298694006,1,1
28.298713162,1,0
28.298751512,1,1
28.298793918,1,0
28.298838668,1,1
28.298855410,1,0
28.308869062,1,1
28.317112526,1,0
28.325530474,1,1
28.333762366,1,0
28.342190752,1,1
28.349899126,0,1
28.349910924,0,0
28.349953708,0,1
28.349995118,0,0
28.350036430,0,1
28.350077846,0,0
28.350119148,0,1
28.350142388,1,1
28.350161548,1,0
28.350202844,1,1
28.350224094,0,1
28.350244262,0,0
28.350285570,0,1
28.350308804,1,1
28.350327964,1,0
28.350369268,1,1
28.350411670,1,0
28.350452974,1,1
28.350474224,0,1
28.350494394,0,0
28.350535706,0,1
28.350577120,0,0
28.350620890,0,1
28.350662304,0,0
28.350700656,0,1
28.350723892,1,1
28.350743052,1,0
28.350787796,1,1
28.350822910,1,0
28.364877972,1,1
28.366760838,0,1
28.366772638,0,0
28.366815424,0,1
28.366838658,1,1
28.366857820,1,0
28.366899122,1,1
28.366941530,1,0
28.366982832,1,1
28.367004084,0,1
28.367024258,0,0
28.367065564,0,1
28.367088802,1,1
28.367107960,1,0
28.367149262,1,1
28.367170508,0,1
28.367190678,0,0
28.367231984,0,1
28.367255214,1,1
28.367274374,1,0
28.367315678,1,1
28.367336930,0,1
28.367357104,0,0
28.367398416,0,1
28.367439832,0,0
28.367483608,0,1
28.367506848,1,1
28.367526008,1,0
28.367564356,1,1
28.367564360,1,0
28.367564364,1,1
28.367606766,1,0
28.367651516,1,1
28.367687014,1,0
28.380878332,1,1
28.389109672,1,0
28.397527390,1,1
28.405758526,1,0
28.414187090,1,1
28.422418614,1,0
28.430835282,1,1
28.439077714,1,0
28.447494392,1,1
28.450462772,0,1
28.450474570,0,0
28.450517346,0,1
28.450558758,0,0
28.450600062,0,1
28.450641474,0,0
28.450682786,0,1
28.450724198,0,0
28.450765504,0,1
28.450806914,0,0
28.450848220,0,1
28.450871456,1,1
28.450890612,1,0
28.450931914,1,1
28.450974310,1,0
28.451015618,1,1
28.451058020,1,0
28.451099326,1,1
28.451141726,1,0
28.451185490,1,1
28.451227894,1,0
28.451266238,1,1
28.451308634,1,0
28.451353380,1,1
28.454981638,0,1
28.454993438,0,0
28.455036226,0,1
28.455059460,1,1
28.455078618,1,0
28.455119916,1,1
28.455162324,1,0
28.455203636,1,1
28.455224888,0,1
28.455245060,0,0
28.455286368,0,1
28.455309604,1,1
28.455328766,1,0
28.455370070,1,1
28.455391322,0,1
28.455411496,0,0
28.455452806,0,1
28.455476042,1,1
28.455495202,1,0
28.455536508,1,1
28.455557758,0,1
28.455577930,0,0
28.455619238,0,1
28.455660656,0,0
28.455704428,0,1
28.455727664,1,1
28.455746828,1,0
28.455785182,1,1
28.455827586,1,0
28.455872336,1,1
28.455888704,1,0
28.468867070,1,1
28.471416326,0,1
28.471428128,0,0
28.471470914,0,1
28.471512330,0,0
28.471553646,0,1
28.471595060,0,0
28.471636368,0,1
28.471677788,0,0
28.471719098,0,1
28.471760518,0,0
28.471801832,0,1
28.471825070,1,1
28.471844230,1,0
28.471885534,1,1
28.471927944,1,0
28.471969248,1,1
28.472011654,1,0
28.472052966,1,1
28.472095368,1,0
28.472139134,1,1
28.472181542,1,0
28.472219894,1,1
28.472262298,1,0
28.472307050,1,1
28.475936274,0,1
28.475948068,0,0
28.475990828,0,1
28.476032228,0,0
28.476073512,0,1
28.476114908,0,0
28.476156192,0,1
28.476179414,1,1
28.476198562,1,0
28.476239838,1,1
28.476239842,1,0
28.476239844,1,1
28.476261080,0,1
28.476281240,0,0
28.476322526,0,1
28.476345750,1,1
28.476364904,1,0
28.476406192,1,1
28.476448572,1,0
28.476489848,1,1
28.476511092,0,1
28.476531250,0,0
28.476572534,0,1
28.476613926,0,0
28.476657674,0,1
28.476699064,0,0
28.476737390,0,1
28.476760616,1,1
28.476779768,1,0
28.476824492,1,1
28.476840912,1,0
28.492868250,1,1
28.501111206,1,0
28.509529202,1,1
28.509529204,1,0
28.509529210,1,1
28.517761520,1,0
28.526190556,1,1
28.534422354,1,0
28.542839336,1,1
28.551071294,1,0
28.559499908,1,1
28.559499910,1,0
28.559499914,1,1
28.567731692,1,0
28.576148118,1,1
28.584391550,1,0
28.592808910,1,1
28.601040258,1,0
28.609468220,1,1
28.617699512,1,0
28.626115852,1,1
28.634347428,1,0
28.642775682,1,1
28.644655072,0,1
28.644666872,0,0
28.644709650,0,1
28.644732882,1,1
28.644752038,1,0
28.644793338,1,1
28.644835732,1,0
28.644877034,1,1
28.644898282,0,1
28.644918454,0,0
28.644959768,0,1
28.645001186,0,0
28.645042494,0,1
28.645065734,1,1
28.645084896,1,0
28.645126196,1,1
28.645168598,1,0
28.645209900,1,1
28.645231148,0,1
28.645251318,0,0
28.645292620,0,1
28.645334032,0,0
28.645377800,0,1
28.645401032,1,1
28.645420190,1,0
28.645458532,1,1
28.645500934,1,0
28.645545680,1,1
28.645580700,1,0
28.660877590,1,1
28.661369732,0,1
28.661381530,0,0
28.661424316,0,1
28.661465732,0,0
28.661507040,0,1
28.661548454,0,0
28.661589764,0,1
28.661613002,1,1
28.661632164,1,0
28.661673476,1,1
28.661694726,0,1
28.661714900,0,0
28.661756214,0,1
28.661779446,1,1
28.661798610,1,0
28.661839916,1,1
28.661882324,1,0
28.661923630,1,1
28.661944880,0,1
28.661965054,0,0
28.662006372,0,1
28.662047788,0,0
28.662091562,0,1
28.662132978,0,0
28.662171330,0,1
28.662194570,1,1
28.662213730,1,0
28.662258484,1,1
28.662293678,1,0
28.676865958,1,1
28.676963352,0,1
28.676975152,0,0
28.677017944,0,1
28.677059362,0,0
28.677100672,0,1
28.677142084,0,0
28.677183398,0,1
28.677224816,0,0
28.677266130,0,1
28.677307548,0,0
28.677348864,0,1
28.677372104,1,1
28.677391264,1,0
28.677432574,1,1
28.677474982,1,0
28.677516288,1,1
28.677558692,1,0
28.677600002,1,1
28.677642406,1,0
28.677686172,1,1
28.677728580,1,0
28.677766932,1,1
28.677809332,1,0
28.677854086,1,1
28.681482986,0,1
28.681494782,0,0
28.681537542,0,1
28.681578934,0,0
28.681620212,0,1
28.681661606,0,0
28.681702888,0,1
28.681726110,1,1
28.681745262,1,0
28.681786546,1,1
28.681807786,0,1
28.681827948,0,0
28.681869232,0,1
28.681892460,1,1
28.681911612,1,0
28.681952892,1,1
28.681995278,1,0
28.682036578,1,1
28.682057832,0,1
28.682078006,0,0
28.682119318,0,1
28.682160744,0,0
28.682204524,0,1
28.682245948,0,0
28.682284314,0,1
28.682307554,1,1
28.682326718,1,0
28.682371478,1,1
28.682387464,1,0
28.692868240,1,1
28.695342300,0,1
28.695354106,0,0
28.695396908,0,1
28.695438340,0,0
28.695479662,0,1
28.695521098,0,0
28.695562426,0,1
28.695603858,0,0
28.695645182,0,1
28.695686612,0,0
28.695727936,0,1
28.695751182,1,1
28.695770350,1,0
28.695811674,1,1
28.695854098,1,0
28.695895424,1,1
28.695937846,1,0
28.695979174,1,1
28.696021596,1,0
28.696065402,1,1
28.696107842,1,0
28.696146230,1,1
28.696188658,1,0
28.696233432,1,1
28.699863458,0,1
28.699875266,0,0
28.699918068,0,1
28.699941312,1,1
28.699960482,1,0
28.700001808,1,1
28.700044228,1,0
28.700085548,1,1
28.700106810,0,1
28.700126990,0,0
28.700168316,0,1
28.700209744,0,0
28.700251070,0,1
28.700274316,1,1
28.700293482,1,0
28.700334806,1,1
28.700377234,1,0
28.700418566,1,1
28.700439826,0,1
28.700460008,0,0
28.700501342,0,1
28.700542774,0,0
28.700586568,0,1
28.700609814,1,1
28.700628982,1,0
28.700667352,1,1
28.700709772,1,0
28.700754542,1,1
28.700770820,1,0
28.716878052,1,1
28.725109480,1,0
28.733526518,1,1
28.741757996,1,0
28.750187534,1,1
28.758419528,1,0
28.766836610,1,1
28.775079544,1,0
28.783496918,1,1
28.791728940,1,0
28.800158410,1,1
28.808390610,1,0
28.816807808,1,1
28.825039010,1,0
28.833467818,1,1
28.841698634,1,0
28.850114984,1,1
28.858356778,1,0
28.866773976,1,1
28.875005680,1,0
28.883434794,1,1
28.891666086,1,0
28.900082908,1,1
28.908313984,1,0
28.916741816,1,1
28.924972348,1,0
28.933389464,1,1
28.941632196,1,0
28.950049674,1,1
28.958281452,1,0
28.966709844,1,1
28.974941374,1,0
28.983358604,1,1
28.991590064,1,0
29.000018826,1,1
29.008249668,1,0
29.016666654,1,1
29.024909308,1,0
29.033326826,1,1
29.041557974,1,0
29.049986434,1,1
29.058217694,1,0
29.066634160,1,1
29.074865060,1,0
29.083293700,1,1
29.091524868,1,0
29.099940900,1,1
29.108182530,1,0
29.116599110,1,1
29.124830570,1,0
29.133259164,1,1
29.141490268,1,0
29.149906978,1,1
29.158137270,1,0
29.166565412,1,1
29.174795940,1,0
29.183212660,1,1
29.191455060,1,0
29.199872316,1,1
29.208103300,1,0
29.216531730,1,1
29.224763874,1,0
29.233181938,1,1
29.241412888,1,0
29.249841434,1,1
29.258072868,1,0
29.266490838,1,1
29.274733694,1,0
29.283150902,1,1
29.291381516,1,0
29.299809780,1,1
29.308040182,1,0
29.316456272,1,1
29.324686684,1,0
29.333114438,1,1
29.341344994,1,0
29.349761544,1,1
29.358003484,1,0
29.366420818,1,1
29.374651856,1,0
29.383080174,1,1
29.391311326,1,0
29.399728238,1,1
29.407959354,1,0
29.416387918,1,1
29.424619540,1,0
29.433036532,1,1
29.441278516,1,0
29.449695538,1,1
29.457926862,1,0
29.466356054,1,1
29.474587974,1,0
29.483005688,1,1
29.491236988,1,0
29.499666146,1,1
29.507897672,1,0
29.516315864,1,1
29.524559244,1,0
29.532977982,1,1
29.541210194,1,0
29.549639618,1,1
29.557871802,1,0
29.566289986,1,1
29.574521494,1,0
29.582950324,1,1
29.591183220,1,0
29.599601366,1,1
29.607844860,1,0
29.616262932,1,1
29.624494754,1,0
29.632923266,1,1
29.641154790,1,0
29.649572146,1,1
29.657803814,1,0
29.666232848,1,1
29.674465428,1,0
29.682884030,1,1
29.691128438,1,0
29.699546914,1,1
29.707780076,1,0
29.716210540,1,1
29.724443098,1,0
29.732861198,1,1
29.741093100,1,0
29.749521618,1,1
29.757753236,1,0
29.766169922,1,1
29.774412754,1,0
29.782829994,1,1
29.791062364,1,0
29.799491152,1,1
29.807723686,1,0
29.816141706,1,1
29.824373906,1,0
29.832802856,1,1
29.841034132,1,0
29.849450930,1,1
29.857693236,1,0
29.866111054,1,1
29.874343030,1,0
29.882771950,1,1
29.891003528,1,0
29.899421020,1,1
29.907652592,1,0
29.916081902,1,1
29.924313538,1,0
29.932730032,1,1
29.940972144,1,0
29.949388062,1,1
29.957619026,1,0
29.966045978,1,1
29.974276326,1,0
29.982691880,1,1
29.990921634,1,0
29.999349102,1,1
30.007579300,1,0
30.015996352,1,1
30.024238618,1,0
30.032655872,1,1
30.040886672,1,0
30.049314590,1,1
30.057545656,1,0
30.065962574,1,1
30.074193690,1,0
30.082622456,1,1
30.090853560,1,0
30.099270668,1,1
30.107513356,1,0
30.115930630,1,1
30.124162596,1,0
30.132591276,1,1
30.140822604,1,0
30.149239650,1,1
30.157471016,1,0
30.165899994,1,1
30.174131744,1,0
30.182549580,1,1
30.190792030,1,0
30.199209782,1,1
30.207441476,1,0
30.215869712,1,1
30.224100672,1,0
30.232517656,1,1
30.240748490,1,0
30.249177416,1,1
30.257409306,1,0
30.265826220,1,1
30.274068708,1,0
30.282485610,1,1
30.290715986,1,0
30.299144456,1,1
30.307376120,1,0
30.315793022,1,1
30.324024816,1,0
30.332453670,1,1
30.340684856,1,0
30.349101078,1,1
30.357343014,1,0
30.365759152,1,1
30.373989910,1,0
30.382418084,1,1
30.390648426,1,0
30.399065020,1,1
30.407295924,1,0
30.415723454,1,1
30.423954260,1,0
30.432371796,1,1
30.432371800,1,0
30.432371804,1,1
30.440614274,1,0
30.449031172,1,1
30.457262912,1,0
30.465691174,1,1
30.473922652,1,0
30.482340116,1,1
30.490572194,1,0
30.499001314,1,1
30.507233588,1,0
30.515651472,1,1
30.523894636,1,0
30.532311784,1,1
30.540543618,1,0
30.548972462,1,1
30.557203790,1,0
30.565621256,1,1
30.573852558,1,0
30.582280460,1,1
30.590511168,1,0
30.598928890,1,1
30.607171798,1,0
30.615589662,1,1
30.623821520,1,0
30.632250742,1,1
30.640483596,1,0
30.648902366,1,1
30.657134790,1,0
30.665564198,1,1
30.673796606,1,0
30.682213860,1,1
30.690457114,1,0
30.698874688,1,1
30.707105914,1,0
30.715534922,1,1
30.715534926,1,0
30.715534928,1,1
30.723766326,1,0
30.732183538,1,1
30.740414420,1,0
30.748842864,1,1
30.757074068,1,0
30.765491162,1,1
30.773734044,1,0
30.782150048,1,1
30.790380792,1,0
30.815655700,1,1
30.823898690,1,0
30.832315846,1,1
30.840547814,1,0
30.848976636,1,1
30.857208636,1,0
30.865625904,1,1
30.873857112,1,0
30.882285604,1,1
30.890516600,1,0
30.898934604,1,1
30.907177372,1,0
30.915595242,1,1
30.923826826,1,0
30.932256010,1,1
30.940487394,1,0
30.948905122,1,1
30.948905126,1,0
30.948905130,1,1
30.957136892,1,0
30.965566296,1,1
30.973797404,1,0
30.982214966,1,1
30.990457476,1,0
30.998875306,1,1
31.007107018,1,0
31.015535676,1,1
31.023766846,1,0
31.032185092,1,1
31.040416794,1,0
31.048845302,1,1
31.057076576,1,0
31.065493964,1,1
31.073736146,1,0
31.082153302,1,1
31.090384848,1,0
31.098813784,1,1
31.107045830,1,0
31.115462652,1,1
31.123693158,1,0
31.132121720,1,1
31.140353716,1,0
31.148771690,1,1
31.157014712,1,0
31.165432706,1,1
31.173664264,1,0
31.182092698,1,1
31.190324174,1,0
31.198741126,1,1
31.206972204,1,0
31.215400508,1,1
31.223631740,1,0
31.232048752,1,1
31.233280608,0,1
31.233292408,0,0
31.233335190,0,1
31.233358428,1,1
31.233377586,1,0
31.233418888,1,1
31.233461288,1,0
31.233502586,1,1
31.233523836,0,1
31.233544002,0,0
31.233585302,0,1
31.233626714,0,0
31.233668016,0,1
31.233691250,1,1
31.233710410,1,0
31.233751712,1,1
31.233794108,1,0
31.233835406,1,1
31.233856650,0,1
31.233876818,0,0
31.233918120,0,1
31.233959532,0,0
31.234003302,0,1
31.234026538,1,1
31.234045696,1,0
31.234084040,1,1
31.234126436,1,0
31.234171178,1,1
31.234194986,1,0
31.244862914,1,1
31.247222118,0,1
31.247233928,0,0
31.247276742,0,1
31.247276744,0,0
31.247276748,0,1
31.247299996,1,1
31.247319164,1,0
31.247360492,1,1
31.247402918,1,0
31.247444240,1,1
31.247465498,0,1
31.247485684,0,0
31.247527022,0,1
31.247550276,1,1
31.247569448,1,0
31.247610778,1,1
31.247632046,0,1
31.247652232,0,0
31.247693566,0,1
31.247716808,1,1
31.247735970,1,0
31.247777280,1,1
31.247798534,0,1
31.247818706,0,0
31.247860014,0,1
31.247901426,0,0
31.247945196,0,1
31.247968432,1,1
31.247987592,1,0
31.248025948,1,1
31.248068348,1,0
31.248113094,1,1
31.248148172,1,0
31.260861836,1,1
31.261324308,0,1
31.261336106,0,0
31.261378892,0,1
31.261420310,0,0
31.261461618,0,1
31.261503030,0,0
31.261544340,0,1
31.261585754,0,0
31.261627066,0,1
31.261668482,0,0
31.261709792,0,1
31.261733030,1,1
31.261752190,1,0
31.261793498,1,1
31.261835902,1,0
31.261877204,1,1
31.261919610,1,0
31.261960916,1,1
31.262003318,1,0
31.262047092,1,1
31.262089498,1,0
31.262127848,1,1
31.262170252,1,0
31.262215000,1,1
31.265843352,0,1
31.265855152,0,0
31.265897934,0,1
31.265921164,1,1
31.265940326,1,0
31.265981628,1,1
31.266024034,1,0
31.266065336,1,1
31.266086584,0,1
31.266106756,0,0
31.266148062,0,1
31.266171298,1,1
31.266190456,1,0
31.266231756,1,1
31.266253008,0,1
31.266273182,0,0
31.266314488,0,1
31.266337724,1,1
31.266356886,1,0
31.266398190,1,1
31.266419440,0,1
31.266439610,0,0
31.266480916,0,1
31.266522334,0,0
31.266566104,0,1
31.266589342,1,1
31.266608502,1,0
31.266646852,1,1
31.266689254,1,0
31.266734000,1,1
31.266734004,1,0
31.266734006,1,1
31.266750824,1,0
31.276873232,1,1
31.279629346,0,1
31.279641146,0,0
31.279683922,0,1
31.279725334,0,0
31.279766638,0,1
31.279808050,0,0
31.279849354,0,1
31.279890768,0,0
31.279932076,0,1
31.279973488,0,0
31.280014802,0,1
31.280038040,1,1
31.280057200,1,0
31.280098502,1,1
31.280140902,1,0
31.280182202,1,1
31.280224604,1,0
31.280265906,1,1
31.280308310,1,0
31.280352074,1,1
31.280394476,1,0
31.280432824,1,1
31.280475220,1,0
31.280519966,1,1
31.284148160,0,1
31.284159960,0,0
31.284202748,0,1
31.284225986,1,1
31.284245146,1,0
31.284286450,1,1
31.284328858,1,0
31.284370168,1,1
31.284391420,0,1
31.284411592,0,0
31.284452902,0,1
31.284494322,0,0
31.284535630,0,1
31.284558866,1,1
31.284578028,1,0
31.284619332,1,1
31.284661736,1,0
31.284703034,1,1
31.284724286,0,1
31.284744456,0,0
31.284785762,0,1
31.284827172,0,0
31.284870938,0,1
31.284894174,1,1
31.284913332,1,0
31.284951678,1,1
31.284994084,1,0
31.285038850,1,1
31.285054952,1,0
31.300862186,1,1
31.303367766,0,1
31.303379566,0,0
31.303422348,0,1
31.303445586,1,1
31.303464746,1,0
31.303506046,1,1
31.303548448,1,0
31.303589750,1,1
31.303610998,0,1
31.303631168,0,0
31.303672472,0,1
31.303713884,0,0
31.303755190,0,1
31.303778426,1,1
31.303797586,1,0
31.303838888,1,1
31.303881290,1,0
31.303922590,1,1
31.303943838,0,1
31.303964006,0,0
31.304005316,0,1
31.304046730,0,0
31.304090496,0,1
31.304113732,1,1
31.304132894,1,0
31.304171240,1,1
31.304213640,1,0
31.304258390,1,1
31.304293376,1,0
31.316862216,1,1
31.325095546,1,0
31.333525366,1,1
31.341757220,1,0
31.350175798,1,1
31.358407634,1,0
31.366836476,1,1
31.375068434,1,0
31.383486092,1,1
31.385451452,0,1
31.385463252,0,0
31.385506032,0,1
31.385547446,0,0
31.385588746,0,1
31.385630160,0,0
31.385671464,0,1
31.385694696,1,1
31.385713854,1,0
31.385755154,1,1
31.385776402,0,1
31.385796572,0,0
31.385837876,0,1
31.385861108,1,1
31.385880262,1,0
31.385921560,1,1
31.385963958,1,0
31.386005254,1,1
31.386026506,0,1
31.386046674,0,0
31.386087978,0,1
31.386129390,0,0
31.386173158,0,1
31.386214570,0,0
31.386252914,0,1
31.386276146,1,1
31.386295306,1,0
31.386340054,1,1
31.386375250,1,0
31.396861734,1,1
31.399645486,0,1
31.399657288,0,0
31.399700082,0,1
31.399741498,0,0
31.399782808,0,1
31.399824228,0,0
31.399865538,0,1
31.399906954,0,0
31.399948266,0,1
31.399989686,0,0
31.400031002,0,1
31.400054242,1,1
31.400073404,1,0
31.400114714,1,1
31.400157122,1,0
31.400198434,1,1
31.400240840,1,0
31.400282144,1,1
31.400324552,1,0
31.400368320,1,1
31.400410724,1,0
31.400449074,1,1
31.400449076,1,0
31.400449080,1,1
31.400491484,1,0
31.400536234,1,1
31.404164684,0,1
31.404176486,0,0
31.404219272,0,1
31.404242510,1,1
31.404261672,1,0
31.404302978,1,1
31.404345384,1,0
31.404386696,1,1
31.404407948,0,1
31.404428122,0,0
31.404469430,0,1
31.404510844,0,0
31.404552158,0,1
31.404575394,1,1
31.404594556,1,0
31.404635862,1,1
31.404678268,1,0
31.404719570,1,1
31.404740820,0,1
31.404760992,0,0
31.404802302,0,1
31.404843720,0,0
31.404887490,0,1
31.404910726,1,1
31.404929892,1,0
31.404968236,1,1
31.404968240,1,0
31.404968242,1,1
31.405010640,1,0
31.405055394,1,1
31.405071876,1,0
31.420861108,1,1
31.421041136,0,1
31.421052938,0,0
31.421095726,0,1
31.421137140,0,0
31.421178452,0,1
31.421219866,0,0
31.421261172,0,1
31.421302592,0,0
31.421343900,0,1
31.421385312,0,0
31.421426618,0,1
31.421449852,1,1
31.421469014,1,0
31.421510316,1,1
31.421552720,1,0
31.421594024,1,1
31.421636426,1,0
31.421677728,1,1
31.421720136,1,0
31.421763904,1,1
31.421806306,1,0
31.421844656,1,1
31.421887060,1,0
31.421931806,1,1
31.425561248,0,1
31.425573046,0,0
31.425615832,0,1
31.425657248,0,0
31.425698554,0,1
31.425739970,0,0
31.425781282,0,1
31.425804516,1,1
31.425823676,1,0
31.425864976,1,1
31.425886226,0,1
31.425906396,0,0
31.425947698,0,1
31.425970934,1,1
31.425990090,1,0
31.426031398,1,1
31.426073802,1,0
31.426115108,1,1
31.426136358,0,1
31.426156532,0,0
31.426197842,0,1
31.426239260,0,0
31.426283034,0,1
31.426324452,0,0
31.426362810,0,1
31.426386048,1,1
31.426405208,1,0
31.426449962,1,1
31.426466152,1,0
31.436872656,1,1
31.445103996,1,0
31.453521068,1,1
31.456048390,0,1
31.456060190,0,0
31.456102972,0,1
31.456126206,1,1
31.456145370,1,0
31.456186670,1,1
31.456229068,1,0
31.456270364,1,1
31.456291610,0,1
31.456311780,0,0
31.456353084,0,1
31.456394494,0,0
31.456435800,0,1
31.456459034,1,1
31.456478192,1,0
31.456519492,1,1
31.456561892,1,0
31.456603188,1,1
31.456624438,0,1
31.456644606,0,0
31.456685904,0,1
31.456727316,0,0
31.456771078,0,1
31.456794314,1,1
31.456813472,1,0
31.456851822,1,1
31.456894220,1,0
31.456938966,1,1
31.456974506,1,0
31.468860318,1,1
31.470698318,0,1
31.470710118,0,0
31.470752900,0,1
31.470794310,0,0
31.470835616,0,1
31.470877030,0,0
31.470918338,0,1
31.470941570,1,1
31.470960730,1,0
31.471002036,1,1
31.471023286,0,1
31.471043458,0,0
31.471084764,0,1
31.471108000,1,1
31.471127162,1,0
31.471168462,1,1
31.471210864,1,0
31.471252168,1,1
31.471273418,0,1
31.471293588,0,0
31.471334892,0,1
31.471376304,0,0
31.471420074,0,1
31.471461484,0,0
31.471499836,0,1
31.471523074,1,1
31.471542230,1,0
31.471586974,1,1
31.471622066,1,0
31.484873712,1,1
31.493105592,1,0
31.501523182,1,1
31.509766580,1,0
31.518183778,1,1
31.526471192,1,0
31.534899914,1,1
31.534908490,1,0
31.535055686,0,0
31.535055712,0,1
31.535844716,0,0
31.535848886,1,0
31.535886032,1,1
31.535927446,1,0
31.535931612,0,0
31.535968758,0,1
31.536011164,0,0
31.536014706,1,0
31.536052476,1,1
31.536093894,1,0
31.536135204,1,1
31.536176622,1,0
31.536181168,0,0
31.536217932,0,1
31.536260338,0,0
31.536264252,1,0
31.536301646,1,1
31.536343064,1,0
31.536384376,1,1
31.536425790,1,0
31.536467098,1,1
31.536509990,1,0
31.536551298,1,1
31.536593694,1,0
31.536635002,1,1
31.536668064,0,1
31.536681344,0,0
31.536722662,0,1
31.536745900,1,1
31.537017182,0,1
31.537028984,0,0
31.537071770,0,1
31.537113184,0,0
31.537154492,0,1
31.537177732,1,1
31.537196890,1,0
31.537238196,1,1
31.537259448,0,1
31.537279622,0,0
31.537320934,0,1
31.537344172,1,1
31.537363334,1,0
31.537404644,1,1
31.537447050,1,0
31.537488358,1,1
31.537530764,1,0
31.537572072,1,1
31.537614474,1,0
31.537655776,1,1
31.537655778,1,0
31.537655784,1,1
31.537698184,1,0
31.537741946,1,1
31.537784352,1,0
31.537822704,1,1
31.537865112,1,0
31.537909860,1,1
31.537932768,1,0
31.538079976,0,0
31.538080002,0,1
31.538128606,0,0
31.538169928,0,1
31.538212332,0,0
31.538253648,0,1
31.538296052,0,0
31.538299968,1,0
31.538337370,1,1
31.538378790,1,0
31.538382686,0,0
31.538420106,0,1
31.538462512,0,0
31.538503834,0,1
31.538546240,0,0
31.538587564,0,1
31.538629974,0,0
31.538671296,0,1
31.538713704,0,0
31.538755028,0,1
31.538798914,0,0
31.538840236,0,1
31.538879194,0,0
31.538881788,1,0
31.538920508,1,1
31.538953576,0,1
31.538966858,0,0
31.539008184,0,1
31.539031428,1,1
31.539369866,0,1
31.539381684,0,0
31.539424542,0,1
31.539466020,0,0
31.539507396,0,1
31.539530672,1,1
31.539530674,0,1
31.539530676,1,1
31.539549862,1,0
31.539591238,1,1
31.539612522,0,1
31.539632730,0,0
31.539674116,0,1
31.539697390,1,1
31.539716580,1,0
31.539757962,1,1
31.539800440,1,0
31.539841824,1,1
31.539884298,1,0
31.539925684,1,1
31.539968160,1,0
31.540009548,1,1
31.540052024,1,0
31.540095874,1,1
31.540138348,1,0
31.540176772,1,1
31.540219250,1,0
31.540264086,1,1
31.540282556,1,0
31.548699482,1,1
31.550587318,0,1
31.550599142,0,0
31.550642018,0,1
31.550683510,0,0
31.550724904,0,1
31.550766396,0,0
31.550807794,0,1
31.550849286,0,0
31.550890682,0,1
31.550932174,0,0
31.550973568,0,1
31.550996852,1,1
31.551016048,1,0
31.551057442,1,1
31.551099926,1,0
31.551141314,1,1
31.551141318,1,0
31.551141322,1,1
31.551183802,1,0
31.551225192,1,1
31.551267678,1,0
31.551311532,1,1
31.551311536,1,0
31.551311540,1,1
31.551354016,1,0
31.551392448,1,1
31.551434932,1,0
31.551479764,1,1
31.555115260,0,1
31.555127084,0,0
31.555169958,0,1
31.555211450,0,0
31.555252844,0,1
31.555294336,0,0
31.555335730,0,1
31.555359010,1,1
31.555378204,1,0
31.555419594,1,1
31.555440880,0,1
31.555461090,0,0
31.555502484,0,1
31.555525762,1,1
31.555544958,1,0
31.555586348,1,1
31.555628828,1,0
31.555670218,1,1
31.555691502,0,1
31.555711714,0,0
31.555753104,0,1
31.555794596,0,0
31.555838456,0,1
31.555879946,0,0
31.555918382,0,1
31.555941664,1,1
31.555960854,1,0
31.556005698,1,1
31.556021862,1,0
31.564859938,1,1
31.565830272,0,1
31.565842100,0,0
31.565884978,0,1
31.565926464,0,0
31.565967860,0,1
31.566009352,0,0
31.566050750,0,1
31.566092244,0,0
31.566133644,0,1
31.566175136,0,0
31.566216532,0,1
31.566239816,1,1
31.566259012,1,0
31.566300402,1,1
31.566342890,1,0
31.566384286,1,1
31.566426768,1,0
31.566468158,1,1
31.566510642,1,0
31.566554504,1,1
31.566596990,1,0
31.566635426,1,1
31.566677908,1,0
31.566722752,1,1
31.570358652,0,1
31.570370476,0,0
31.570413356,0,1
31.570436642,1,1
31.570455836,1,0
31.570497230,1,1
31.570539718,1,0
31.570581114,1,1
31.570602402,0,1
31.570622616,0,0
31.570664012,0,1
31.570705506,0,0
31.570746904,0,1
31.570770186,1,1
31.570789380,1,0
31.570830778,1,1
31.570873260,1,0
31.570914656,1,1
31.570935944,0,1
31.570956158,0,0
31.570997558,0,1
31.571039052,0,0
31.571082920,0,1
31.571106204,1,1
31.571125398,1,0
31.571163828,1,1
31.571206312,1,0
31.571251158,1,1
31.571268302,1,0
31.580860376,1,1
31.589091936,1,0
31.597521276,1,1
31.605753100,1,0
31.614171002,1,1
31.614171006,1,0
31.614171010,1,1
31.622402526,1,0
31.630831524,1,1
31.639062528,1,0
31.647479530,1,1
31.647980256,0,1
31.647992080,0,0
31.648034960,0,1
31.648076454,0,0
31.648117854,0,1
31.648159346,0,0
31.648200750,0,1
31.648224032,1,1
31.648243224,1,0
31.648284618,1,1
31.648305908,0,1
31.648326124,0,0
31.648367526,0,1
31.648390812,1,1
31.648410004,1,0
31.648451400,1,1
31.648493886,1,0
31.648535280,1,1
31.648556568,0,1
31.648576784,0,0
31.648618186,0,1
31.648659680,0,0
31.648703550,0,1
31.648745044,0,0
31.648783486,0,1
31.648806774,1,1
31.648825976,1,0
31.648870840,1,1
31.648906262,1,0
31.660860080,1,1
31.666035778,0,1
31.666047604,0,0
31.666090486,0,1
31.666131986,0,0
31.666173392,0,1
31.666214892,0,0
31.666256296,0,1
31.666297796,0,0
31.666339204,0,1
31.666380706,0,0
31.666422114,0,1
31.666445404,1,1
31.666464600,1,0
31.666506002,1,1
31.666548496,1,0
31.666589900,1,1
31.666632384,1,0
31.666673788,1,1
31.666716274,1,0
31.666760138,1,1
31.666760142,1,0
31.666760146,1,1
31.666802638,1,0
31.666841082,1,1
31.666883568,1,0
31.666928424,1,1
31.670565868,0,1
31.670577692,0,0
31.670620578,0,1
31.670662078,0,0
31.670703482,0,1
31.670744980,0,0
31.670786384,0,1
31.670809668,1,1
31.670828866,1,0
31.670870268,1,1
31.670891558,0,1
31.670911772,0,0
31.670953176,0,1
31.670976462,1,1
31.670995662,1,0
31.671037068,1,1
31.671079556,1,0
31.671120960,1,1
31.671142248,0,1
31.671162464,0,0
31.671203868,0,1
31.671245366,0,0
31.671289236,0,1
31.671330738,0,0
31.671369182,0,1
31.671392470,1,1
31.671411666,1,0
31.671456518,1,1
31.671472880,1,0
31.684936736,1,1
31.684945316,1,0
31.685092530,0,0
31.685092556,0,1
31.685849374,0,0
31.685852542,1,0
31.685890780,1,1
31.685932284,1,0
31.685936924,0,0
31.685973700,0,1
31.686016186,0,0
31.686020014,1,0
31.686057594,1,1
31.686099094,1,0
31.686140498,1,1
31.686181998,1,0
31.686186466,0,0
31.686223412,0,1
31.686265904,0,0
31.686269556,1,0
31.686307312,1,1
31.686348820,1,0
31.686390228,1,1
31.686431728,1,0
31.686473138,1,1
31.686516118,1,0
31.686557518,1,1
31.686557522,1,0
31.686557526,1,1
31.686600010,1,0
31.686641416,1,1
31.686674546,0,1
31.686687856,0,0
31.686729280,0,1
31.686752578,1,1
31.687024460,0,1
31.687036286,0,0
31.687079170,0,1
31.687120672,0,0
31.687162080,0,1
31.687185368,1,1
31.687204566,1,0
31.687245972,1,1
31.687267260,0,1
31.687287476,0,0
31.687328882,0,1
31.687352170,1,1
31.687371368,1,0
31.687412766,1,1
31.687412772,1,0
31.687412774,1,1
31.687455260,1,0
31.687496666,1,1
31.687539156,1,0
31.687580552,1,1
31.687623044,1,0
31.687664444,1,1
31.687706932,1,0
31.687750796,1,1
31.687793290,1,0
31.687831726,1,1
31.687874210,1,0
31.687919062,1,1
31.687941422,1,0
31.688088624,0,0
31.688088652,0,1
31.688138274,0,0
31.688179690,0,1
31.688222180,0,0
31.688263596,0,1
31.688306090,0,0
31.688347508,0,1
31.688390000,0,0
31.688431422,0,1
31.688473912,0,0
31.688515326,0,1
31.688557820,0,0
31.688599236,0,1
31.688641726,0,0
31.688683144,0,1
31.688725634,0,0
31.688767050,0,1
31.688811024,0,0
31.688814656,1,0
31.688852436,1,1
31.688894924,1,0
31.688936328,1,1
31.688969458,0,1
31.688982768,0,0
31.689024180,0,1
31.689047468,1,1
31.689390696,0,1
31.689402504,0,0
31.689445314,0,1
31.689486754,0,0
31.689528088,0,1
31.689551338,1,1
31.689570504,1,0
31.689611834,1,1
31.689633094,0,1
31.689653278,0,0
31.689694604,0,1
31.689717854,1,1
31.689737024,1,0
31.689778348,1,1
31.689820772,1,0
31.689862100,1,1
31.689904520,1,0
31.689945848,1,1
31.689988268,1,0
31.690029602,1,1
31.690072022,1,0
31.690115812,1,1
31.690158234,1,0
31.690196602,1,1
31.690239024,1,0
31.690283796,1,1
31.690302136,1,0
31.698718994,1,1
31.706950510,1,0
31.715368500,1,1
31.723611508,1,0
31.732028626,1,1
31.733361160,0,1
31.733372964,0,0
31.733415760,0,1
31.733439004,1,1
31.733458164,1,0
31.733499480,1,1
31.733541894,1,0
31.733583210,1,1
31.733604460,0,1
31.733624636,0,0
31.733665958,0,1
31.733707378,0,0
31.733748694,0,1
31.733771934,1,1
31.733791100,1,0
31.733832414,1,1
31.733874820,1,0
31.733916134,1,1
31.733937386,0,1
31.733957560,0,0
31.733998874,0,1
31.734040298,0,0
31.734084080,0,1
31.734107322,1,1
31.734126482,1,0
31.734164842,1,1
31.734207256,1,0
31.734252016,1,1
31.734287412,1,0
31.748858990,1,1
31.751116214,0,1
31.751128018,0,0
31.751170812,0,1
31.751212240,0,0
31.751253580,0,1
31.751295024,0,0
31.751336362,0,1
31.751359608,1,1
31.751378774,1,0
31.751420092,1,1
31.751441346,0,1
31.751461524,0,0
31.751502848,0,1
31.751526092,1,1
31.751545252,1,0
31.751586572,1,1
31.751628984,1,0
31.751670294,1,1
31.751691550,0,1
31.751711726,0,0
31.751753046,0,1
31.751794468,0,0
31.751838248,0,1
31.751879672,0,0
31.751918038,0,1
31.751941278,1,1
31.751960438,1,0
31.752005200,1,1
31.752040218,1,0
31.764859870,1,1
31.773102186,1,0
31.781519420,1,1
31.789750314,1,0
31.798178672,1,1
31.801290418,0,1
31.801302222,0,0
31.801345018,0,1
31.801386436,0,0
31.801427750,0,1
31.801469168,0,0
31.801510484,0,1
31.801551904,0,0
31.801593220,0,1
31.801634636,0,0
31.801675952,0,1
31.801699192,1,1
31.801718356,1,0
31.801759662,1,1
31.801802074,1,0
31.801843388,1,1
31.801885796,1,0
31.801927108,1,1
31.801969524,1,0
31.802013298,1,1
31.802055716,1,0
31.802094078,1,1
31.802136490,1,0
31.802181250,1,1
31.805810228,0,1
31.805822030,0,0
31.805864822,0,1
31.805888064,1,1
31.805907226,1,0
31.805948532,1,1
31.805948536,1,0
31.805948540,1,1
31.805990944,1,0
31.806032260,1,1
31.806053512,0,1
31.806073684,0,0
31.806115002,0,1
31.806156426,0,0
31.806197742,0,1
31.806220980,1,1
31.806240142,1,0
31.806281452,1,1
31.806323862,1,0
31.806365174,1,1
31.806386426,0,1
31.806406600,0,0
31.806447916,0,1
31.806489336,0,0
31.806533120,0,1
31.806556362,1,1
31.806575528,1,0
31.806613886,1,1
31.806656296,1,0
31.806701058,1,1
31.806718456,1,0
31.820871162,1,1
31.822689386,0,1
31.822701190,0,0
31.822743986,0,1
31.822785410,0,0
31.822826732,0,1
31.822868154,0,0
31.822909472,0,1
31.822950900,0,0
31.822992216,0,1
31.823033644,0,0
31.823074966,0,1
31.823098208,1,1
31.823117368,1,0
31.823158686,1,1
31.823201100,1,0
31.823242416,1,1
31.823284826,1,0
31.823326142,1,1
31.823368552,1,0
31.823412326,1,1
31.823454744,1,0
31.823493100,1,1
31.823535510,1,0
31.823580270,1,1
31.823580272,1,0
31.823580276,1,1
31.827210422,0,1
31.827222226,0,0
31.827265020,0,1
31.827306438,0,0
31.827347754,0,1
31.827389176,0,0
31.827430490,0,1
31.827453734,1,1
31.827472896,1,0
31.827514210,1,1
31.827535462,0,1
31.827555636,0,0
31.827596938,0,1
31.827620174,1,1
31.827639336,1,0
31.827680652,1,1
31.827680656,1,0
31.827680658,1,1
31.827723076,1,0
31.827764390,1,1
31.827785644,0,1
31.827805820,0,0
31.827847132,0,1
31.827888554,0,0
31.827932334,0,1
31.827973754,0,0
31.828012120,0,1
31.828035362,1,1
31.828054524,1,0
31.828099286,1,1
31.828115888,1,0
31.836924282,1,1
31.836932862,1,0
31.837080052,0,0
31.837080080,0,1
31.837202478,0,0
31.837205664,1,0
31.837243802,1,1
31.837285224,1,0
31.837290036,0,0
31.837326550,0,1
31.837368960,0,0
31.837373128,1,0
31.837410270,1,1
31.837451692,1,0
31.837493008,1,1
31.837534428,1,0
31.837537918,0,0
31.837575752,0,1
31.837618162,0,0
31.837620996,1,0
31.837659482,1,1
31.837700906,1,0
31.837742228,1,1
31.837783650,1,0
31.837824968,1,1
31.837867870,1,0
31.837909186,1,1
31.837951590,1,0
31.837992906,1,1
31.838025976,0,1
31.838039260,0,0
31.838080586,0,1
31.838103832,1,1
31.838375148,0,1
31.838386952,0,0
31.838429746,0,1
31.838471166,0,0
31.838512486,0,1
31.838535724,1,1
31.838554890,1,0
31.838596200,1,1
31.838617454,0,1
31.838637630,0,0
31.838678942,0,1
31.838702178,1,1
31.838721342,1,0
31.838762650,1,1
31.838805056,1,0
31.838846362,1,1
31.838888780,1,0
31.838930094,1,1
31.838972508,1,0
31.839013828,1,1
31.839056240,1,0
31.839100016,1,1
31.839142424,1,0
31.839180784,1,1
31.839223192,1,0
31.839267952,1,1
31.839290324,1,0
31.839437512,0,0
31.839437538,0,1
31.839486714,0,0
31.839528036,0,1
31.839570444,0,0
31.839611766,0,1
31.839654178,0,0
31.839657474,1,0
31.839695500,1,1
31.839736924,1,0
31.839741834,0,0
31.839778248,0,1
31.839820658,0,0
31.839861984,0,1
31.839904394,0,0
31.839945720,0,1
31.839988130,0,0
31.840029458,0,1
31.840071872,0,0
31.840113198,0,1
31.840157084,0,0
31.840198412,0,1
31.840237374,0,0
31.840239258,1,0
31.840278692,1,1
31.840311762,0,1
31.840325048,0,0
31.840366384,0,1
31.840389628,1,1
31.840728116,0,1
31.840739936,0,0
31.840782802,0,1
31.840824284,0,0
31.840865674,0,1
31.840888956,1,1
31.840908148,1,0
31.840949538,1,1
31.840970822,0,1
31.840991034,0,0
31.841032436,0,1
31.841055716,1,1
31.841074908,1,0
31.841116302,1,1
31.841158782,1,0
31.841200166,1,1
31.841242648,1,0
31.841284038,1,1
31.841326522,1,0
31.841367914,1,1
31.841410394,1,0
31.841454246,1,1
31.841496730,1,0
31.841535162,1,1
31.841577642,1,0
31.841622486,1,1
31.841641178,1,0
31.850058142,1,1
31.858289120,1,0
31.866706808,1,1
31.870629242,0,1
31.870641070,0,0
31.870683954,0,1
31.870707240,1,1
31.870726436,1,0
31.870767840,1,1
31.870810326,1,0
31.870851730,1,1
31.870873018,0,1
31.870893232,0,0
31.870934636,0,1
31.870976134,0,0
31.871017542,0,1
31.871040832,1,1
31.871060028,1,0
31.871101428,1,1
31.871143920,1,0
31.871185320,1,1
31.871206610,0,1
31.871226824,0,0
31.871268226,0,1
31.871309724,0,0
31.871353596,0,1
31.871376884,1,1
31.871396078,1,0
31.871434518,1,1
31.871477004,1,0
31.871521858,1,1
31.871557250,1,0
31.884870580,1,1
31.893102098,1,0
31.901520300,1,1
31.909763940,1,0
31.918181894,1,1
31.920659414,0,1
31.920671240,0,0
31.920714128,0,1
31.920755628,0,0
31.920797038,0,1
31.920838540,0,0
31.920879948,0,1
31.920903238,1,1
31.920922434,1,0
31.920963840,1,1
31.920985130,0,1
31.921005348,0,0
31.921046760,0,1
31.921070052,1,1
31.921089248,1,0
31.921130650,1,1
31.921173142,1,0
31.921214546,1,1
31.921235840,0,1
31.921256056,0,0
31.921297468,0,1
31.921338972,0,0
31.921382844,0,1
31.921424344,0,0
31.921462790,0,1
31.921486082,1,1
31.921505278,1,0
31.921550134,1,1
31.921585518,1,0
31.932872862,1,1
31.940762920,0,1
31.940774748,0,0
31.940817636,0,1
31.940859140,0,0
31.940900550,0,1
31.940942052,0,0
31.940983460,0,1
31.941024970,0,0
31.941066382,0,1
31.941107882,0,0
31.941149294,0,1
31.941172584,1,1
31.941191780,1,0
31.941233188,1,1
31.941275680,1,0
31.941317088,1,1
31.941359576,1,0
31.941400984,1,1
31.941443476,1,0
31.941487350,1,1
31.941529844,1,0
31.941568288,1,1
31.941610780,1,0
31.941655640,1,1
31.945293518,0,1
31.945305346,0,0
31.945348242,0,1
31.945389746,0,0
31.945431160,0,1
31.945472670,0,0
31.945514084,0,1
31.945537374,1,1
31.945556572,1,0
31.945597978,1,1
31.945619274,0,1
31.945639492,0,0
31.945680902,0,1
31.945704194,1,1
31.945723392,1,0
31.945764800,1,1
31.945807288,1,0
31.945848696,1,1
31.945869988,0,1
31.945890206,0,0
31.945931614,0,1
31.945973120,0,0
31.946017002,0,1
31.946058508,0,0
31.946096958,0,1
31.946120248,1,1
31.946139448,1,0
31.946184308,1,1
31.946200348,1,0
31.956860658,1,1
31.958151730,0,1
31.958163558,0,0
31.958206452,0,1
31.958247954,0,0
31.958289370,0,1
31.958330876,0,0
31.958372290,0,1
31.958413796,0,0
31.958455210,0,1
31.958496718,0,0
31.958538132,0,1
31.958561426,1,1
31.958580624,1,0
31.958622034,1,1
31.958664524,1,0
31.958705932,1,1
31.958748428,1,0
31.958789834,1,1
31.958832330,1,0
31.958876202,1,1
31.958918696,1,0
31.958957142,1,1
31.958999644,1,0
31.959044510,1,1
31.962680492,0,1
31.962692322,0,0
31.962735214,0,1
31.962758504,1,1
31.962777704,1,0
31.962819108,1,1
31.962861604,1,0
31.962903014,1,1
31.962924304,0,1
31.962944524,0,0
31.962985934,0,1
31.963027448,0,0
31.963068858,0,1
31.963068862,0,0
31.963068866,0,1
31.963092154,1,1
31.963111350,1,0
31.963152756,1,1
31.963195252,1,0
31.963236658,1,1
31.963257952,0,1
31.963278170,0,0
31.963319582,0,1
31.963361082,0,0
31.963404960,0,1
31.963428244,1,1
31.963447444,1,0
31.963485882,1,1
31.963528374,1,0
31.963573230,1,1
31.963589626,1,0
31.972937256,1,1
31.972945830,1,0
31.973093032,0,0
31.973093060,0,1
31.973213850,0,0
31.973216982,1,0
31.973255270,1,1
31.973296780,1,0
31.973301350,0,0
31.973338202,0,1
31.973380702,0,0
31.973384436,1,0
31.973422114,1,1
31.973422116,1,0
31.973422122,1,1
31.973463622,1,0
31.973505036,1,1
31.973546544,1,0
31.973550858,0,0
31.973587962,0,1
31.973630458,0,0
31.973633926,1,0
31.973671876,1,1
31.973713384,1,0
31.973754796,1,1
31.973796306,1,0
31.973837714,1,1
31.973837720,1,0
31.973837722,1,1
31.973880704,1,0
31.973922114,1,1
31.973964606,1,0
31.974006016,1,1
31.974039152,0,1
31.974052464,0,0
31.974093892,0,1
31.974117184,1,1
31.974389092,0,1
31.974400920,0,0
31.974443814,0,1
31.974485318,0,0
31.974526728,0,1
31.974550020,1,1
31.974569218,1,0
31.974610626,1,1
31.974631920,0,1
31.974652138,0,0
31.974693552,0,1
31.974716846,1,1
31.974736044,1,0
31.974777446,1,1
31.974819944,1,0
31.974861356,1,1
31.974903844,1,0
31.974945254,1,1
31.974987752,1,0
31.975029168,1,1
31.975071666,1,0
31.975115548,1,1
31.975158044,1,0
31.975196492,1,1
31.975238986,1,0
31.975283846,1,1
31.975306150,1,0
31.975453362,0,0
31.975453390,0,1
31.975503090,0,0
31.975544510,0,1
31.975587002,0,0
31.975628426,0,1
31.975670924,0,0
31.975712350,0,1
31.975754850,0,0
31.975796274,0,1
31.975838770,0,0
31.975880194,0,1
31.975922692,0,0
31.975964116,0,1
31.976006616,0,0
31.976048048,0,1
31.976090544,0,0
31.976131970,0,1
31.976175952,0,0
31.976179472,1,0
31.976217364,1,1
31.976259864,1,0
31.976301278,1,1
31.976334414,0,1
31.976347724,0,0
31.976389152,0,1
31.976412446,1,1
31.976755708,0,1
31.976767524,0,0
31.976810350,0,1
31.976851794,0,0
31.976893132,0,1
31.976916388,1,1
31.976935558,1,0
31.976976892,1,1
31.976998154,0,1
31.977018342,0,0
31.977059682,0,1
31.977082936,1,1
31.977102104,1,0
31.977143432,1,1
31.977185860,1,0
31.977227192,1,1
31.977269616,1,0
31.977310944,1,1
31.977353368,1,0
31.977394696,1,1
31.977437128,1,0
31.977480928,1,1
31.977523358,1,0
31.977561738,1,1
31.977604168,1,0
31.977648952,1,1
31.977667770,1,0
31.986086156,1,1
31.994319052,1,0
32.002737758,1,1
32.010981612,1,0
32.019399782,1,1
32.027632370,1,0
32.036062742,1,1
32.044295476,1,0
32.052714098,1,1
32.060957938,1,0
32.069375110,1,1
32.069583486,0,1
32.069595290,0,0
32.069638094,0,1
32.069661332,1,1
32.069680496,1,0
32.069721812,1,1
32.069764220,1,0
32.069805530,1,1
32.069826784,0,1
32.069846962,0,0
32.069888282,0,1
32.069929706,0,0
32.069971036,0,1
32.069994282,1,1
32.070013450,1,0
32.070054774,1,1
32.070097194,1,0
32.070138514,1,1
32.070138518,1,0
32.070138520,1,1
32.070159774,0,1
32.070179952,0,0
32.070221274,0,1
32.070262708,0,0
32.070306492,0,1
32.070329734,1,1
32.070348900,1,0
32.070387268,1,1
32.070429678,1,0
32.070474440,1,1
32.070510026,1,0
32.084871588,1,1
32.086953930,0,1
32.086965734,0,0
32.087008536,0,1
32.087049970,0,0
32.087091296,0,1
32.087132726,0,0
32.087174054,0,1
32.087197300,1,1
32.087216464,1,0
32.087257786,1,1
32.087279042,0,1
32.087299220,0,0
32.087340548,0,1
32.087363794,1,1
32.087382958,1,0
32.087424282,1,1
32.087466700,1,0
32.087508020,1,1
32.087529278,0,1
32.087549458,0,0
32.087590782,0,1
32.087632208,0,0
32.087675998,0,1
32.087717428,0,0
32.087755800,0,1
32.087779042,1,1
32.087798210,1,0
32.087842984,1,1
32.087878100,1,0
32.100935112,1,1
32.100943692,1,0
32.101090918,0,0
32.101090944,0,1
32.101307166,0,0
32.101311294,1,0
32.101348494,1,1
32.101389924,1,0
32.101394020,0,0
32.101431258,0,1
32.101473674,0,0
32.101477128,1,0
32.101514996,1,1
32.101556426,1,0
32.101597748,1,1
32.101639174,1,0
32.101643590,0,0
32.101680506,0,1
32.101722918,0,0
32.101726692,1,0
32.101764244,1,1
32.101805674,1,0
32.101847000,1,1
32.101888428,1,0
32.101929744,1,1
32.101972650,1,0
32.102013970,1,1
32.102056382,1,0
32.102097710,1,1
32.102130782,0,1
32.102144064,0,0
32.102185396,0,1
32.102208646,1,1
32.102480020,0,1
32.102491824,0,0
32.102534626,0,1
32.102576056,0,0
32.102617382,0,1
32.102640628,1,1
32.102659792,1,0
32.102701110,1,1
32.102722368,0,1
32.102742546,0,0
32.102783874,0,1
32.102807114,1,1
32.102826280,1,0
32.102867598,1,1
32.102910016,1,0
32.102951336,1,1
32.102993750,1,0
32.103035074,1,1
32.103077490,1,0
32.103118810,1,1
32.103161228,1,0
32.103205006,1,1
32.103247424,1,0
32.103285788,1,1
32.103328202,1,0
32.103372964,1,1
32.103395920,1,0
32.103543150,0,0
32.103543178,0,1
32.103591764,0,0
32.103633092,0,1
32.103675508,0,0
32.103716838,0,1
32.103759248,0,0
32.103763180,1,0
32.103800578,1,1
32.103842008,1,0
32.103845912,0,0
32.103883336,0,1
32.103925752,0,0
32.103967078,0,1
32.103967084,0,0
32.103967088,0,1
32.104009494,0,0
32.104050834,0,1
32.104093252,0,0
32.104134586,0,1
32.104177004,0,0
32.104218338,0,1
32.104262232,0,0
32.104303566,0,1
32.104342536,0,0
32.104345102,1,0
32.104383862,1,1
32.104416938,0,1
32.104430222,0,0
32.104471562,0,1
32.104494808,1,1
32.104833328,0,1
32.104845152,0,0
32.104888026,0,1
32.104929510,0,0
32.104970906,0,1
32.104994192,1,1
32.105013386,1,0
32.105054782,1,1
32.105076072,0,1
32.105096286,0,0
32.105137686,0,1
32.105160970,1,1
32.105180162,1,0
32.105221552,1,1
32.105221556,1,0
32.105221558,1,1
32.105264042,1,0
32.105305438,1,1
32.105347920,1,0
32.105389316,1,1
32.105431796,1,0
32.105473188,1,1
32.105515674,1,0
32.105559530,1,1
32.105602000,1,0
32.105640442,1,1
32.105682938,1,0
32.105727784,1,1
32.105746428,1,0
32.114165184,1,1
32.115647816,0,1
32.115659640,0,0
32.115702524,0,1
32.115744024,0,0
32.115785430,0,1
32.115826930,0,0
32.115868342,0,1
32.115909840,0,0
32.115951238,0,1
32.115992738,0,0
32.116034144,0,1
32.116057430,1,1
32.116076626,1,0
32.116118026,1,1
32.116160522,1,0
32.116201922,1,1
32.116244416,1,0
32.116285822,1,1
32.116328314,1,0
32.116372186,1,1
32.116414686,1,0
32.116453130,1,1
32.116495620,1,0
32.116540478,1,1
32.120176966,0,1
32.120188792,0,0
32.120231674,0,1
32.120254958,1,1
32.120274154,1,0
32.120315554,1,1
32.120358048,1,0
32.120399448,1,1
32.120420738,0,1
32.120440954,0,0
32.120482354,0,1
32.120523852,0,0
32.120565254,0,1
32.120588540,1,1
32.120607732,1,0
32.120649126,1,1
32.120691612,1,0
32.120733012,1,1
32.120754300,0,1
32.120774516,0,0
32.120815920,0,1
32.120857426,0,0
32.120901298,0,1
32.120924588,1,1
32.120943782,1,0
32.120982222,1,1
32.121024714,1,0
32.121069564,1,1
32.121069568,1,0
32.121069570,1,1
32.121086714,1,0
32.132859796,1,1
32.134143624,0,1
32.134155450,0,0
32.134198340,0,1
32.134239844,0,0
32.134281252,0,1
32.134322756,0,0
32.134364170,0,1
32.134405670,0,0
32.134447078,0,1
32.134488580,0,0
32.134529986,0,1
32.134553276,1,1
32.134572468,1,0
32.134613872,1,1
32.134656364,1,0
32.134697768,1,1
32.134740262,1,0
32.134781672,1,1
32.134824162,1,0
32.134868038,1,1
32.134910530,1,0
32.134948972,1,1
32.134991466,1,0
32.135036330,1,1
32.138673862,0,1
32.138685688,0,0
32.138728572,0,1
32.138770068,0,0
32.138811478,0,1
32.138852978,0,0
32.138894386,0,1
32.138917674,1,1
32.138936870,1,0
32.138978266,1,1
32.138999560,0,1
32.139019776,0,0
32.139061188,0,1
32.139084472,1,1
32.139103668,1,0
32.139145066,1,1
32.139187554,1,0
32.139228950,1,1
32.139250242,0,1
32.139270456,0,0
32.139311868,0,1
32.139353368,0,0
32.139397242,0,1
32.139438746,0,0
32.139477194,0,1
32.139500482,1,1
32.139519680,1,0
32.139564538,1,1
32.139581044,1,0
32.148873032,1,1
32.157105376,1,0
32.165524478,1,1
32.173768346,1,0
32.182186684,1,1
32.190418846,1,0
32.198848310,1,1
32.206678770,0,1
32.206690598,0,0
32.206733488,0,1
32.206756774,1,1
32.206775974,1,0
32.206817382,1,1
32.206859874,1,0
32.206901282,1,1
32.206922572,0,1
32.206942794,0,0
32.206984206,0,1
32.207025710,0,0
32.207067118,0,1
32.207090414,1,1
32.207109612,1,0
32.207151020,1,1
32.207193518,1,0
32.207234930,1,1
32.207256224,0,1
32.207276442,0,0
32.207317854,0,1
32.207359360,0,0
32.207403234,0,1
32.207426524,1,1
32.207445722,1,0
32.207484170,1,1
32.207526666,1,0
32.207571524,1,1
32.207606498,1,0
32.220871026,1,1
32.222899184,0,1
32.222911012,0,0
32.222953908,0,1
32.222977196,1,1
32.222996394,1,0
32.223037804,1,1
32.223080302,1,0
32.223121712,1,1
32.223143006,0,1
32.223163222,0,0
32.223204638,0,1
32.223227930,1,1
32.223247128,1,0
32.223288538,1,1
32.223309832,0,1
32.223330052,0,0
32.223371466,0,1
32.223394758,1,1
32.223413954,1,0
32.223455368,1,1
32.223476658,0,1
32.223496876,0,0
32.223538288,0,1
32.223579794,0,0
32.223623676,0,1
32.223646968,1,1
32.223666168,1,0
32.223704616,1,1
32.223747112,1,0
32.223791976,1,1
32.223828106,1,0
32.236870206,1,1
32.237205022,0,1
32.237216850,0,0
32.237259744,0,1
32.237301248,0,0
32.237342666,0,1
32.237384178,0,0
32.237425596,0,1
32.237467104,0,0
32.237508522,0,1
32.237550030,0,0
32.237591448,0,1
32.237614744,1,1
32.237633946,1,0
32.237675360,1,1
32.237717858,1,0
32.237759272,1,1
32.237801776,1,0
32.237843200,1,1
32.237885708,1,0
32.237929598,1,1
32.237972098,1,0
32.238010556,1,1
32.238053066,1,0
32.238097942,1,1
32.241735270,0,1
32.241747098,0,0
32.241789990,0,1
32.241813288,1,1
32.241832486,1,0
32.241873894,1,1
32.241916394,1,0
32.241957810,1,1
32.241979102,0,1
32.241999324,0,0
32.242040740,0,1
32.242064036,1,1
32.242083238,1,0
32.242124654,1,1
32.242145946,0,1
32.242166166,0,0
32.242207588,0,1
32.242230880,1,1
32.242250080,1,0
32.242291490,1,1
32.242312788,0,1
32.242333012,0,0
32.242374432,0,1
32.242415936,0,0
32.242459820,0,1
32.242483116,1,1
32.242502318,1,0
32.242540768,1,1
32.242583266,1,0
32.242628136,1,1
32.242645442,1,0
32.252871036,1,1
32.252879610,1,0
32.253026820,0,0
32.253026846,0,1
32.253163374,0,0
32.253167394,1,0
32.253204796,1,1
32.253246304,1,0
32.253250114,0,0
32.253287726,0,1
32.253330222,0,0
32.253333200,1,0
32.253371644,1,1
32.253413152,1,0
32.253454566,1,1
32.253496074,1,0
32.253499660,0,0
32.253537496,0,1
32.253579994,0,0
32.253582750,1,0
32.253621412,1,1
32.253621416,1,0
32.253621418,1,1
32.253662924,1,0
32.253704338,1,1
32.253745850,1,0
32.253787264,1,1
32.253830252,1,0
32.253871666,1,1
32.253914164,1,0
32.253955580,1,1
32.253988716,0,1
32.254002028,0,0
32.254043460,0,1
32.254066762,1,1
32.254338694,0,1
32.254350524,0,0
32.254393422,0,1
32.254434932,0,0
32.254476346,0,1
32.254499640,1,1
32.254518838,1,0
32.254560252,1,1
32.254581544,0,1
32.254601762,0,0
32.254643160,0,1
32.254666448,1,1
32.254685648,1,0
32.254727066,1,1
32.254769568,1,0
32.254810978,1,1
32.254853478,1,0
32.254894890,1,1
32.254937392,1,0
32.254978804,1,1
32.255021306,1,0
32.255065200,1,1
32.255107700,1,0
32.255146154,1,1
32.255188656,1,0
32.255233522,1,1
32.255255998,1,0
32.255403218,0,0
32.255403244,0,1
32.255452788,0,0
32.255494216,0,1
32.255536712,0,0
32.255578138,0,1
32.255620638,0,0
32.255662062,0,1
32.255704562,0,0
32.255745990,0,1
32.255788488,0,0
32.255829920,0,1
32.255872418,0,0
32.255913842,0,1
32.255956346,0,0
32.255997774,0,1
32.256040276,0,0
32.256081710,0,1
32.256125692,0,0
32.256129330,1,0
32.256167110,1,1
32.256209608,1,0
32.256251026,1,1
32.256284164,0,1
32.256297476,0,0
32.256338908,0,1
32.256362208,1,1
32.256705518,0,1
32.256717328,0,0
32.256760154,0,1
32.256801602,0,0
32.256842946,0,1
32.256866202,1,1
32.256885374,1,0
32.256926712,1,1
32.256947976,0,1
32.256968160,0,0
32.257009508,0,1
32.257032764,1,1
32.257051936,1,0
32.257093272,1,1
32.257135706,1,0
32.257177044,1,1
32.257219476,1,0
32.257260814,1,1
32.257303244,1,0
32.257344578,1,1
32.257387010,1,0
32.257430808,1,1
32.257473242,1,0
32.257511622,1,1
32.257554056,1,0
32.257598840,1,1
32.257617206,1,0
32.266034240,1,1
32.267507958,0,1
32.267519766,0,0
32.267562580,0,1
32.267604016,0,0
32.267645354,0,1
32.267686792,0,0
32.267728132,0,1
32.267769568,0,0
32.267810902,0,1
32.267852340,0,0
32.267893678,0,1
32.267916924,1,1
32.267936090,1,0
32.267977404,1,1
32.267977408,1,0
32.267977410,1,1
32.268019820,1,0
32.268061134,1,1
32.268103544,1,0
32.268144856,1,1
32.268187262,1,0
32.268231034,1,1
32.268273442,1,0
32.268311800,1,1
32.268354208,1,0
32.268398966,1,1
32.272028636,0,1
32.272040442,0,0
32.272083256,0,1
32.272106508,1,1
32.272125676,1,0
32.272167006,1,1
32.272209432,1,0
32.272250764,1,1
32.272272022,0,1
32.272292204,0,0
32.272333538,0,1
32.272374976,0,0
32.272416314,0,1
32.272439560,1,1
32.272458730,1,0
32.272500056,1,1
32.272542482,1,0
32.272583808,1,1
32.272605066,0,1
32.272625250,0,0
32.272666580,0,1
32.272708014,0,0
32.272751814,0,1
32.272775066,1,1
32.272794236,1,0
32.272832610,1,1
32.272875036,1,0
32.272919816,1,1
32.272936144,1,0
32.284860290,1,1
32.293104142,1,0
32.301521450,1,1
32.309752728,1,0
32.318181260,1,1
32.326412136,1,0
32.334829728,1,1
32.342716408,0,1
32.342728214,0,0
32.342771018,0,1
32.342794264,1,1
32.342813430,1,0
32.342854752,1,1
32.342897170,1,0
32.342938488,1,1
32.342959746,0,1
32.342979926,0,0
32.343021256,0,1
32.343062688,0,0
32.343104010,0,1
32.343127254,1,1
32.343146418,1,0
32.343187736,1,1
32.343230150,1,0
32.343271474,1,1
32.343292730,0,1
32.343312912,0,0
32.343354238,0,1
32.343395670,0,0
32.343439462,0,1
32.343462704,1,1
32.343481870,1,0
32.343520238,1,1
32.343562654,1,0
32.343607420,1,1
32.343643748,1,0
32.356870260,1,1
32.358908544,0,1
32.358920348,0,0
32.358963144,0,1
32.358963148,0,0
32.358963152,0,1
32.359004580,0,0
32.359045914,0,1
32.359087344,0,0
32.359128670,0,1
32.359151918,1,1
32.359171084,1,0
32.359212410,1,1
32.359233664,0,1
32.359253844,0,0
32.359295170,0,1
32.359318414,1,1
32.359337578,1,0
32.359378902,1,1
32.359421318,1,0
32.359462640,1,1
32.359483896,0,1
32.359504076,0,0
32.359545408,0,1
32.359586834,0,0
32.359630624,0,1
32.359672054,0,0
32.359710430,0,1
32.359733672,1,1
32.359752838,1,0
32.359797612,1,1
32.359833026,1,0
32.372894442,1,1
32.372929204,0,1
32.372941012,0,0
32.372983828,0,1
32.373025270,0,0
32.373066610,0,1
32.373108042,0,0
32.373149380,0,1
32.373190818,0,0
32.373232154,0,1
32.373273590,0,0
32.373314924,0,1
32.373338170,1,1
32.373357336,1,0
32.373398660,1,1
32.373441082,1,0
32.373482412,1,1
32.373524836,1,0
32.373566166,1,1
32.373608584,1,0
32.373652370,1,1
32.373694790,1,0
32.373733152,1,1
32.373775574,1,0
32.373820344,1,1
32.377450522,0,1
32.377462326,0,0
32.377505130,0,1
32.377528374,1,1
32.377547538,1,0
32.377588856,1,1
32.377631276,1,0
32.377672596,1,1
32.377693852,0,1
32.377714032,0,0
32.377755358,0,1
32.377796786,0,0
32.377838110,0,1
32.377861358,1,1
32.377880528,1,0
32.377921850,1,1
32.377964268,1,0
32.378005590,1,1
32.378026854,0,1
32.378047032,0,0
32.378088358,0,1
32.378129786,0,0
32.378173576,0,1
32.378196822,1,1
32.378215986,1,0
32.378254352,1,1
32.378296768,1,0
32.378341532,1,1
32.378358002,1,0
32.388860292,1,1
32.391242486,0,1
32.391254290,0,0
32.391297090,0,1
32.391338518,0,0
32.391379842,0,1
32.391421270,0,0
32.391462590,0,1
32.391504020,0,0
32.391545342,0,1
32.391586768,0,0
32.391628090,0,1
32.391651336,1,1
32.391670504,1,0
32.391711820,1,1
32.391711822,1,0
32.391711826,1,1
32.391754240,1,0
32.391795558,1,1
32.391837976,1,0
32.391879296,1,1
32.391921712,1,0
32.391965490,1,1
32.392007906,1,0
32.392046272,1,1
32.392088692,1,0
32.392133458,1,1
32.395764238,0,1
32.395776042,0,0
32.395818844,0,1
32.395860274,0,0
32.395901596,0,1
32.395943028,0,0
32.395984352,0,1
32.396007598,1,1
32.396026766,1,0
32.396068086,1,1
32.396089344,0,1
32.396109524,0,0
32.396150848,0,1
32.396174090,1,1
32.396193256,1,0
32.396234576,1,1
32.396276994,1,0
32.396318314,1,1
32.396339578,0,1
32.396359760,0,0
32.396401092,0,1
32.396442524,0,0
32.396486318,0,1
32.396527754,0,0
32.396566126,0,1
32.396589374,1,1
32.396608540,1,0
32.396653300,1,1
32.396669422,1,0
32.412871870,1,1
32.421103804,1,0
32.429521474,1,1
32.437754020,1,0
32.446183734,1,1
32.454416830,1,0
32.462835750,1,1
32.471080010,1,0
32.479498150,1,1
32.487730380,1,0
32.496158948,1,1
32.496721294,0,1
32.496733096,0,0
32.496775894,0,1
32.496799136,1,1
32.496818296,1,0
32.496859606,1,1
32.496902020,1,0
32.496943332,1,1
32.496964586,0,1
32.496984764,0,0
32.497026088,0,1
32.497067508,0,0
32.497108826,0,1
32.497132068,1,1
32.497151230,1,0
32.497192544,1,1
32.497234954,1,0
32.497276270,1,1
32.497297526,0,1
32.497317702,0,0
32.497359016,0,1
32.497400440,0,0
32.497444220,0,1
32.497467460,1,1
32.497486624,1,0
32.497524984,1,1
32.497567398,1,0
32.497612160,1,1
32.497647620,1,0
32.508869998,1,1
32.510119102,0,1
32.510130906,0,0
32.510173712,0,1
32.510215144,0,0
32.510256466,0,1
32.510297892,0,0
32.510339204,0,1
32.510362450,1,1
32.510381614,1,0
32.510422928,1,1
32.510444184,0,1
32.510464360,0,0
32.510505680,0,1
32.510528924,1,1
32.510548092,1,0
32.510589410,1,1
32.510631828,1,0
32.510673148,1,1
32.510694402,0,1
32.510714580,0,0
32.510755900,0,1
32.510797330,0,0
32.510841116,0,1
32.510882544,0,0
32.510920910,0,1
32.510944156,1,1
32.510963320,1,0
32.511008082,1,1
32.511043098,1,0
32.524920742,1,1
32.526803658,0,1
32.526815462,0,0
32.526858260,0,1
32.526899688,0,0
32.526941010,0,1
32.526982438,0,0
32.527023764,0,1
32.527065194,0,0
32.527106514,0,1
32.527147944,0,0
32.527189262,0,1
32.527189266,0,0
32.527189268,0,1
32.527212508,1,1
32.527231672,1,0
32.527272988,1,1
32.527315404,1,0
32.527356716,1,1
32.527399126,1,0
32.527440446,1,1
32.527482858,1,0
32.527526638,1,1
32.527569058,1,0
32.527607424,1,1
32.527649838,1,0
32.527694606,1,1
32.531325072,0,1
32.531336876,0,0
32.531379676,0,1
32.531421098,0,0
32.531462420,0,1
32.531503846,0,0
32.531545166,0,1
32.531568412,1,1
32.531587576,1,0
32.531628896,1,1
32.531650152,0,1
32.531670328,0,0
32.531711648,0,1
32.531734892,1,1
32.531754058,1,0
32.531795372,1,1
32.531837788,1,0
32.531879104,1,1
32.531900362,0,1
32.531920538,0,0
32.531961856,0,1
32.532003278,0,0
32.532047064,0,1
32.532088492,0,0
32.532126860,0,1
32.532150104,1,1
32.532169270,1,0
32.532214036,1,1
32.532230204,1,0
32.540859524,1,1
32.542024176,0,1
32.542035980,0,0
32.542078778,0,1
32.542120200,0,0
32.542161518,0,1
32.542202938,0,0
32.542244258,0,1
32.542285684,0,0
32.542327002,0,1
32.542368430,0,0
32.542409754,0,1
32.542432994,1,1
32.542452156,1,0
32.542493474,1,1
32.542535888,1,0
32.542577204,1,1
32.542619616,1,0
32.542660930,1,1
32.542703344,1,0
32.542747120,1,1
32.542747124,1,0
32.542747126,1,1
32.542789536,1,0
32.542827894,1,1
32.542870310,1,0
32.542915076,1,1
32.546544490,0,1
32.546556294,0,0
32.546599092,0,1
32.546622332,1,1
32.546641500,1,0
32.546682818,1,1
32.546725234,1,0
32.546766548,1,1
32.546787800,0,1
32.546807976,0,0
32.546849296,0,1
32.546890718,0,0
32.546932038,0,1
32.546955286,1,1
32.546974448,1,0
32.547015770,1,1
32.547058184,1,0
32.547099504,1,1
32.547120758,0,1
32.547140936,0,0
32.547182256,0,1
32.547223686,0,0
32.547267470,0,1
32.547290714,1,1
32.547309878,1,0
32.547348240,1,1
32.547390656,1,0
32.547435416,1,1
32.547451892,1,0
32.556870526,1,1
32.565102572,1,0
32.573519742,1,1
32.576624738,0,1
32.576636538,0,0
32.576679328,0,1
32.576702568,1,1
32.576721734,1,0
32.576763046,1,1
32.576805454,1,0
32.576846768,1,1
32.576868018,0,1
32.576888192,0,0
32.576929508,0,1
32.576970930,0,0
32.577012246,0,1
32.577035488,1,1
32.577054652,1,0
32.577095970,1,1
32.577138380,1,0
32.577179690,1,1
32.577200946,0,1
32.577221120,0,0
32.577262436,0,1
32.577303856,0,0
32.577347636,0,1
32.577370888,1,1
32.577390058,1,0
32.577428420,1,1
32.577470840,1,0
32.577515608,1,1
32.577539600,1,0
32.588870048,1,1
32.597102282,1,0
32.605520824,1,1
32.613763450,1,0
32.622181784,1,1
32.630413694,1,0
32.638843448,1,1
32.647075982,1,0
32.655494802,1,1
32.663727876,1,0
32.672213770,1,1
32.672222352,1,0
32.672369582,0,0
32.672369608,0,1
32.673234522,0,0
32.673237392,1,0
32.673275842,1,1
32.673317272,1,0
32.673321780,0,0
32.673358594,0,1
32.673401004,0,0
32.673404870,1,0
32.673442324,1,1
32.673483750,1,0
32.673525062,1,1
32.673525068,1,0
32.673525072,1,1
32.673566492,1,0
32.673571340,0,0
32.673607820,0,1
32.673650226,0,0
32.673654440,1,0
32.673691548,1,1
32.673732974,1,0
32.673774288,1,1
32.673815710,1,0
32.673857028,1,1
32.673899924,1,0
32.673941238,1,1
32.673941242,1,0
32.673941246,1,1
32.673983652,1,0
32.674024972,1,1
32.674058042,0,1
32.674071324,0,0
32.674112664,0,1
32.674135910,1,1
32.674407244,0,1
32.674419046,0,0
32.674461842,0,1
32.674503268,0,0
32.674544586,0,1
32.674567828,1,1
32.674586992,1,0
32.674628308,1,1
32.674649564,0,1
32.674669740,0,0
32.674711064,0,1
32.674734310,1,1
32.674753476,1,0
32.674794794,1,1
32.674837210,1,0
32.674878530,1,1
32.674920944,1,0
32.674962258,1,1
32.675004674,1,0
32.675046010,1,1
32.675088440,1,0
32.675132248,1,1
32.675174684,1,0
32.675213052,1,1
32.675255470,1,0
32.675300236,1,1
32.675322744,1,0
32.675469972,0,0
32.675470000,0,1
32.675519046,0,0
32.675560382,0,1
32.675602792,0,0
32.675644122,0,1
32.675644128,0,0
32.675644132,0,1
32.675686540,0,0
32.675690012,1,0
32.675727866,1,1
32.675769294,1,0
32.675772740,0,0
32.675810626,0,1
32.675853038,0,0
32.675894370,0,1
32.675936788,0,0
32.675978122,0,1
32.676020542,0,0
32.676061874,0,1
32.676104292,0,0
32.676145622,0,1
32.676189518,0,0
32.676230850,0,1
32.676269816,0,0
32.676271964,1,0
32.676311140,1,1
32.676344218,0,1
32.676357502,0,0
32.676398836,0,1
32.676422086,1,1
32.676760602,0,1
32.676772424,0,0
32.676815288,0,1
32.676856776,0,0
32.676898166,0,1
32.676921448,1,1
32.676940640,1,0
32.676982034,1,1
32.677003322,0,1
32.677023538,0,0
32.677064932,0,1
32.677088218,1,1
32.677107412,1,0
32.677148804,1,1
32.677191288,1,0
32.677232680,1,1
32.677275164,1,0
32.677316558,1,1
32.677359038,1,0
32.677400430,1,1
32.677442904,1,0
32.677486758,1,1
32.677529238,1,0
32.677567664,1,1
32.677610144,1,0
32.677654974,1,1
32.677673626,1,0
32.686092324,1,1
32.687574490,0,1
32.687586316,0,0
32.687629196,0,1
32.687670692,0,0
32.687712098,0,1
32.687753590,0,0
32.687794990,0,1
32.687836484,0,0
32.687877888,0,1
32.687919384,0,0
32.687960786,0,1
32.687984076,1,1
32.688003270,1,0
32.688044672,1,1
32.688087156,1,0
32.688128560,1,1
32.688171044,1,0
32.688212436,1,1
32.688212438,1,0
32.688212442,1,1
32.688254926,1,0
32.688298788,1,1
32.688298792,1,0
32.688298794,1,1
32.688341280,1,0
32.688379718,1,1
32.688422208,1,0
32.688467058,1,1
32.692103254,0,1
32.692115080,0,0
32.692157958,0,1
32.692181250,1,1
32.692200444,1,0
32.692241836,1,1
32.692284320,1,0
32.692325720,1,1
32.692347012,0,1
32.692367228,0,0
32.692408636,0,1
32.692450138,0,0
32.692491544,0,1
32.692514830,1,1
32.692534024,1,0
32.692575424,1,1
32.692617916,1,0
32.692659310,1,1
32.692659314,1,0
32.692659318,1,1
32.692680604,0,1
32.692700820,0,0
32.692742222,0,1
32.692783716,0,0
32.692827586,0,1
32.692850878,1,1
32.692870072,1,0
32.692908508,1,1
32.692950998,1,0
32.692995848,1,1
32.692995850,1,0
32.692995854,1,1
32.693012256,1,0
32.708859276,1,1
32.717103004,1,0
32.725521676,1,1
32.733754286,1,0
32.742184942,1,1
32.750417506,1,0
32.758835906,1,1
32.767068060,1,0
32.775498450,1,1
32.783731610,1,0
32.792150302,1,1
32.800394134,1,0
32.808812692,1,1
32.817045072,1,0
32.825475078,1,1
32.833763500,1,0
32.842181872,1,1
32.842190448,1,0
32.842337664,0,0
32.842337692,0,1
32.843748136,0,0
32.843751770,1,0
32.843789550,1,1
32.843831060,1,0
32.843834508,0,0
32.843872478,0,1
32.843914972,0,0
32.843919270,1,0
32.843956388,1,1
32.843997898,1,0
32.844039316,1,1
32.844080818,1,0
32.844085758,0,0
32.844122240,0,1
32.844164734,0,0
32.844168868,1,0
32.844206148,1,1
32.844247658,1,0
32.844289072,1,1
32.844330580,1,0
32.844372000,1,1
32.844414990,1,0
32.844456406,1,1
32.844498898,1,0
32.844540312,1,1
32.844573446,0,1
32.844586760,0,0
32.844628188,0,1
32.844651482,1,1
32.844923398,0,1
32.844935226,0,0
32.844978126,0,1
32.845019642,0,0
32.845061068,0,1
32.845084364,1,1
32.845103562,1,0
32.845144982,1,1
32.845166276,0,1
32.845186496,0,0
32.845227916,0,1
32.845251208,1,1
32.845270410,1,0
32.845311826,1,1
32.845354324,1,0
32.845395740,1,1
32.845438242,1,0
32.845479654,1,1
32.845522158,1,0
32.845563576,1,1
32.845606074,1,0
32.845649956,1,1
32.845692458,1,0
32.845730908,1,1
32.845773404,1,0
32.845818268,1,1
32.845840612,1,0
32.845987848,0,0
32.845987874,0,1
32.846037522,0,0
32.846078950,0,1
32.846121450,0,0
32.846162876,0,1
32.846205374,0,0
32.846246804,0,1
32.846289300,0,0
32.846330732,0,1
32.846373238,0,0
32.846414668,0,1
32.846457178,0,0
32.846498612,0,1
32.846541114,0,0
32.846582550,0,1
32.846625054,0,0
32.846666482,0,1
32.846710470,0,0
32.846714056,1,0
32.846751896,1,1
32.846794396,1,0
32.846835812,1,1
32.846868942,0,1
32.846882252,0,0
32.846923678,0,1
32.846946980,1,1
32.847290304,0,1
32.847302116,0,0
32.847344944,0,1
32.847386396,0,0
32.847427744,0,1
32.847451000,1,1
32.847470176,1,0
32.847511524,1,1
32.847532784,0,1
32.847552972,0,0
32.847594316,0,1
32.847617572,1,1
32.847636742,1,0
32.847678084,1,1
32.847720514,1,0
32.847761854,1,1
32.847804284,1,0
32.847845618,1,1
32.847888048,1,0
32.847929386,1,1
32.847971818,1,0
32.848015620,1,1
32.848058052,1,0
32.848096430,1,1
32.848138854,1,0
32.848183634,1,1
32.848201984,1,0
32.856620242,1,1
32.856620248,1,0
32.856620250,1,1
32.859605312,0,1
32.859617120,0,0
32.859659928,0,1
32.859683178,1,1
32.859702350,1,0
32.859743676,1,1
32.859764936,0,1
32.859785118,0,0
32.859826454,0,1
32.859849704,1,1
32.859868874,1,0
32.859910204,1,1
32.859952626,1,0
32.859993950,1,1
32.860015212,0,1
32.860035394,0,0
32.860076728,0,1
32.860099980,1,1
32.860119146,1,0
32.860160472,1,1
32.860181732,0,1
32.860201916,0,0
32.860243252,0,1
32.860284686,0,0
32.860328488,0,1
32.860351740,1,1
32.860370910,1,0
32.860409284,1,1
32.860451710,1,0
32.860496494,1,1
32.860531888,1,0
32.876870282,1,1
32.879462828,0,1
32.879474638,0,0
32.879517452,0,1
32.879558886,0,0
32.879600220,0,1
32.879641658,0,0
32.879682994,0,1
32.879706246,1,1
32.879725414,1,0
32.879766746,1,1
32.879788008,0,1
32.879808192,0,0
32.879849528,0,1
32.879890966,0,0
32.879932300,0,1
32.879955550,1,1
32.879974718,1,0
32.880016052,1,1
32.880037316,0,1
32.880057498,0,0
32.880098834,0,1
32.880140276,0,0
32.880184076,0,1
32.880207324,1,1
32.880226494,1,0
32.880264874,1,1
32.880307302,1,0
32.880352082,1,1
32.880387666,1,0
32.892858494,1,1
32.893660224,0,1
32.893672030,0,0
32.893714838,0,1
32.893756276,0,0
32.893797610,0,1
32.893839044,0,0
32.893880376,0,1
32.893921812,0,0
32.893963142,0,1
32.894004576,0,0
32.894045912,0,1
32.894069164,1,1
32.894088332,1,0
32.894129660,1,1
32.894172084,1,0
32.894213414,1,1
32.894255834,1,0
32.894297164,1,1
32.894339590,1,0
32.894383378,1,1
32.894383382,1,0
32.894383384,1,1
32.894425808,1,0
32.894464184,1,1
32.894506606,1,0
32.894551386,1,1
32.898185636,0,1
32.898197444,0,0
32.898240256,0,1
32.898281688,0,0
32.898323018,0,1
32.898364454,0,0
32.898405790,0,1
32.898429038,1,1
32.898448206,1,0
32.898489532,1,1
32.898510794,0,1
32.898530976,0,0
32.898572306,0,1
32.898613744,0,0
32.898655080,0,1
32.898678330,1,1
32.898697498,1,0
32.898738828,1,1
32.898760088,0,1
32.898780270,0,0
32.898821602,0,1
32.898863036,0,0
32.898906838,0,1
32.898930084,1,1
32.898949254,1,0
32.898987630,1,1
32.899030058,1,0
32.899074836,1,1
32.899092232,1,0
32.908859296,1,1
32.908899708,0,1
32.908911516,0,0
32.908954334,0,1
32.908995778,0,0
32.909037122,0,1
32.909078570,0,0
32.909119918,0,1
32.909161354,0,0
32.909202694,0,1
32.909244144,0,0
32.909285486,0,1
32.909308742,1,1
32.909327916,1,0
32.909369258,1,1
32.909411690,1,0
32.909453026,1,1
32.909495458,1,0
32.909536798,1,1
32.909579228,1,0
32.909623026,1,1
32.909665462,1,0
32.909703842,1,1
32.909746276,1,0
32.909791062,1,1
32.913421256,0,1
32.913433062,0,0
32.913475868,0,1
32.913499114,1,1
32.913518278,1,0
32.913559600,1,1
32.913580854,0,1
32.913601032,0,0
32.913642356,0,1
32.913665602,1,1
32.913684770,1,0
32.913726098,1,1
32.913768516,1,0
32.913809844,1,1
32.913831102,0,1
32.913851284,0,0
32.913892624,0,1
32.913915876,1,1
32.913935044,1,0
32.913976376,1,1
32.913997634,0,1
32.914017816,0,0
32.914059152,0,1
32.914100590,0,0
32.914144382,0,1
32.914167632,1,1
32.914186800,1,0
32.914225170,1,1
32.914267592,1,0
32.914312366,1,1
32.914328748,1,0
32.924859246,1,1
32.933092812,1,0
32.941523612,1,1
32.949757058,1,0
32.958176786,1,1
32.966410082,1,0
32.974896770,1,1
32.974905350,1,0
32.975052590,0,0
32.975052618,0,1
32.975293012,0,0
32.975296226,1,0
32.975334342,1,1
32.975375772,1,0
32.975380622,0,0
32.975417106,0,1
32.975459526,0,0
32.975463724,1,0
32.975500856,1,1
32.975542286,1,0
32.975583610,1,1
32.975625040,1,0
32.975628536,0,0
32.975666370,0,1
32.975708788,0,0
32.975711630,1,0
32.975750116,1,1
32.975791536,1,0
32.975832856,1,1
32.975874290,1,0
32.975915630,1,1
32.975958554,1,0
32.975999886,1,1
32.976042308,1,0
32.976083638,1,1
32.976116714,0,1
32.976130000,0,0
32.976171338,0,1
32.976194586,1,1
32.976465970,0,1
32.976477776,0,0
32.976520582,0,1
32.976562010,0,0
32.976603340,0,1
32.976626586,1,1
32.976645752,1,0
32.976687076,1,1
32.976708336,0,1
32.976728518,0,0
32.976769850,0,1
32.976793100,1,1
32.976812266,1,0
32.976853594,1,1
32.976896018,1,0
32.976937342,1,1
32.976979762,1,0
32.977021088,1,1
32.977063508,1,0
32.977104830,1,1
32.977147250,1,0
32.977191036,1,1
32.977233454,1,0
32.977271822,1,1
32.977314242,1,0
32.977359008,1,1
32.977381626,1,0
32.977528880,0,0
32.977528906,0,1
32.977577822,0,0
32.977619158,0,1
32.977661580,0,0
32.977702918,0,1
32.977745338,0,0
32.977748912,1,0
32.977786672,1,1
32.977828106,1,0
32.977831640,0,0
32.977869442,0,1
32.977911864,0,0
32.977953204,0,1
32.977995628,0,0
32.978036974,0,1
32.978079400,0,0
32.978120744,0,1
32.978163166,0,0
32.978204510,0,1
32.978248404,0,0
32.978289742,0,1
32.978328718,0,0
32.978330844,1,0
32.978370050,1,1
32.978370054,1,0
32.978370058,1,1
32.978403132,0,1
32.978416418,0,0
32.978457762,0,1
32.978481008,1,1
32.978819590,0,1
32.978831412,0,0
32.978874288,0,1
32.978915782,0,0
32.978957184,0,1
32.978980472,1,1
32.978999668,1,0
32.979041068,1,1
32.979062360,0,1
32.979082578,0,0
32.979123982,0,1
32.979147272,1,1
32.979166468,1,0
32.979207870,1,1
32.979250358,1,0
32.979291758,1,1
32.979334248,1,0
32.979375650,1,1
32.979418138,1,0
32.979459534,1,1
32.979502026,1,0
32.979545888,1,1
32.979588372,1,0
32.979626814,1,1
32.979669300,1,0
32.979714150,1,1
32.979732492,1,0
32.988151896,1,1
32.989387788,0,1
32.989399614,0,0
32.989442506,0,1
32.989484008,0,0
32.989525412,0,1
32.989566920,0,0
32.989608336,0,1
32.989631628,1,1
32.989650824,1,0
32.989692234,1,1
32.989734734,1,0
32.989776142,1,1
32.989818638,1,0
32.989860046,1,1
32.989902542,1,0
32.989943946,1,1
32.989965240,0,1
32.989985458,0,0
32.990026874,0,1
32.990068380,0,0
32.990112262,0,1
32.990135550,1,1
32.990154750,1,0
32.990193192,1,1
32.990235692,1,0
32.990280554,1,1
32.990316802,1,0
33.004859314,1,1
33.005895130,0,1
33.005906960,0,0
33.005949854,0,1
33.005991358,0,0
33.006032774,0,1
33.006056068,1,1
33.006075268,1,0
33.006116678,1,1
33.006116684,1,0
33.006116686,1,1
33.006159178,1,0
33.006200592,1,1
33.006221884,0,1
33.006242106,0,0
33.006283522,0,1
33.006306814,1,1
33.006326010,1,0
33.006367424,1,1
33.006409924,1,0
33.006451334,1,1
33.006472624,0,1
33.006492846,0,0
33.006534262,0,1
33.006575770,0,0
33.006619656,0,1
33.006642948,1,1
33.006662146,1,0
33.006700592,1,1
33.006743090,1,0
33.006787950,1,1
33.006824524,1,0
33.020870822,1,1
33.023099360,0,1
33.023111190,0,0
33.023154090,0,1
33.023177382,1,1
33.023196582,1,0
33.023237994,1,1
33.023259288,0,1
33.023279510,0,0
33.023320926,0,1
33.023344214,1,1
33.023363412,1,0
33.023404826,1,1
33.023447328,1,0
33.023488740,1,1
33.023510038,0,1
33.023530260,0,0
33.023571678,0,1
33.023594972,1,1
33.023614170,1,0
33.023655584,1,1
33.023676880,0,1
33.023697100,0,0
33.023738518,0,1
33.023780024,0,0
33.023823908,0,1
33.023847196,1,1
33.023847200,0,1
33.023847204,1,1
33.023866398,1,0
33.023904852,1,1
33.023947352,1,0
33.023992220,1,1
33.024027622,1,0
33.036859160,1,1
33.037324102,0,1
33.037335932,0,0
33.037378830,0,1
33.037420344,0,0
33.037461766,0,1
33.037503276,0,0
33.037544698,0,1
33.037586212,0,0
33.037627630,0,1
33.037669146,0,0
33.037710572,0,1
33.037733870,1,1
33.037753070,1,0
33.037794484,1,1
33.037836996,1,0
33.037878416,1,1
33.037920916,1,0
33.037962336,1,1
33.038004836,1,0
33.038048720,1,1
33.038091228,1,0
33.038129684,1,1
33.038172184,1,0
33.038217058,1,1
33.041854582,0,1
33.041866414,0,0
33.041909312,0,1
33.041932610,1,1
33.041951806,1,0
33.041993224,1,1
33.042014522,0,1
33.042034748,0,0
33.042076168,0,1
33.042099460,1,1
33.042118662,1,0
33.042160078,1,1
33.042202576,1,0
33.042243988,1,1
33.042265288,0,1
33.042285510,0,0
33.042326934,0,1
33.042350226,1,1
33.042369424,1,0
33.042410840,1,1
33.042432138,0,1
33.042452358,0,0
33.042493774,0,1
33.042535288,0,0
33.042579172,0,1
33.042602464,1,1
33.042621664,1,0
33.042660118,1,1
33.042702622,1,0
33.042747490,1,1
33.042764818,1,0
33.052870194,1,1
33.055672776,0,1
33.055684606,0,0
33.055727500,0,1
33.055769010,0,0
33.055810428,0,1
33.055851936,0,0
33.055893352,0,1
33.055934866,0,0
33.055976282,0,1
33.056017794,0,0
33.056059232,0,1
33.056082542,1,1
33.056101748,1,0
33.056143186,1,1
33.056185706,1,0
33.056227136,1,1
33.056269658,1,0
33.056311082,1,1
33.056353594,1,0
33.056397508,1,1
33.056440048,1,0
33.056478530,1,1
33.056521042,1,0
33.056565922,1,1
33.060203430,0,1
33.060215262,0,0
33.060258158,0,1
33.060299670,0,0
33.060341094,0,1
33.060382608,0,0
33.060424026,0,1
33.060447320,1,1
33.060466520,1,0
33.060507936,1,1
33.060550438,1,0
33.060591856,1,1
33.060634360,1,0
33.060675774,1,1
33.060675780,1,0
33.060675782,1,1
33.060718282,1,0
33.060759696,1,1
33.060759698,1,0
33.060759702,1,1
33.060780996,0,1
33.060801216,0,0
33.060842636,0,1
33.060884148,0,0
33.060928034,0,1
33.060951332,1,1
33.060970532,1,0
33.061008984,1,1
33.061051492,1,0
33.061096360,1,1
33.061113596,1,0
33.076859198,1,1
33.077118728,0,1
33.077130560,0,0
33.077173458,0,1
33.077214970,0,0
33.077256388,0,1
33.077297904,0,0
33.077339324,0,1
33.077380834,0,0
33.077422256,0,1
33.077463768,0,0
33.077505192,0,1
33.077528492,1,1
33.077547696,1,0
33.077589118,1,1
33.077631628,1,0
33.077673052,1,1
33.077715560,1,0
33.077756978,1,1
33.077799482,1,0
33.077843372,1,1
33.077885874,1,0
33.077924330,1,1
33.077966836,1,0
33.078011706,1,1
33.081649474,0,1
33.081661304,0,0
33.081704214,0,1
33.081745734,0,0
33.081787156,0,1
33.081810450,1,1
33.081829652,1,0
33.081871070,1,1
33.081913574,1,0
33.081954992,1,1
33.081976288,0,1
33.081996512,0,0
33.082037940,0,1
33.082061238,1,1
33.082080440,1,0
33.082121864,1,1
33.082164372,1,0
33.082205788,1,1
33.082227090,0,1
33.082247316,0,0
33.082288740,0,1
33.082330256,0,0
33.082374154,0,1
33.082397452,1,1
33.082416662,1,0
33.082455136,1,1
33.082497664,1,0
33.082542550,1,1
33.082559640,1,0
33.092870612,1,1
33.101058344,0,1
33.101070176,0,0
33.101113082,0,1
33.101154594,0,0
33.101196018,0,1
33.101219316,1,1
33.101238518,1,0
33.101279936,1,1
33.101322442,1,0
33.101363856,1,1
33.101385156,0,1
33.101405382,0,0
33.101446804,0,1
33.101470102,1,1
33.101489304,1,0
33.101530724,1,1
33.101573232,1,0
33.101614650,1,1
33.101635950,0,1
33.101656172,0,0
33.101697594,0,1
33.101739104,0,0
33.101782998,0,1
33.101806298,1,1
33.101825500,1,0
33.101863954,1,1
33.101906464,1,0
33.101951342,1,1
33.101987472,1,0
33.116858190,1,1
33.118847802,0,1
33.118859634,0,0
33.118902534,0,1
33.118925832,1,1
33.118945034,1,0
33.118986458,1,1
33.119007754,0,1
33.119027980,0,0
33.119069408,0,1
33.119092710,1,1
33.119111912,1,0
33.119153336,1,1
33.119195844,1,0
33.119237266,1,1
33.119258564,0,1
33.119278786,0,0
33.119320206,0,1
33.119343506,1,1
33.119362708,1,0
33.119404126,1,1
33.119425422,0,1
33.119445646,0,0
33.119487076,0,1
33.119528592,0,0
33.119572486,0,1
33.119595784,1,1
33.119614988,1,0
33.119653446,1,1
33.119695950,1,0
33.119740830,1,1
33.119776214,1,0
33.132869896,1,1
33.132878472,1,0
33.133025716,0,0
33.133025742,0,1
33.133863770,0,0
33.133867312,1,0
33.133905206,1,1
33.133946718,1,0
33.133951706,0,0
33.133988148,0,1
33.133988154,0,0
33.133988156,0,1
33.134030662,0,0
33.134034806,1,0
33.134072090,1,1
33.134113604,1,0
33.134155030,1,1
33.134196546,1,0
33.134201286,0,0
33.134237972,0,1
33.134280478,0,0
33.134284380,1,0
33.134321906,1,1
33.134363424,1,0
33.134404852,1,1
33.134446368,1,0
33.134487792,1,1
33.134530788,1,0
33.134572214,1,1
33.134614714,1,0
33.134656134,1,1
33.134689276,0,1
33.134702590,0,0
33.134744024,0,1
33.134767322,1,1
33.135039306,0,1
33.135051138,0,0
33.135094044,0,1
33.135135558,0,0
33.135176984,0,1
33.135200284,1,1
33.135219486,1,0
33.135260906,1,1
33.135282204,0,1
33.135302428,0,0
33.135343860,0,1
33.135367158,1,1
33.135386358,1,0
33.135427778,1,1
33.135470284,1,0
33.135511704,1,1
33.135554208,1,0
33.135595632,1,1
33.135638136,1,0
33.135679556,1,1
33.135722062,1,0
33.135765950,1,1
33.135808458,1,0
33.135846918,1,1
33.135889426,1,0
33.135934304,1,1
33.135957222,1,0
33.136104452,0,0
33.136104478,0,1
33.136153602,0,0
33.136195034,0,1
33.136237538,0,0
33.136278972,0,1
33.136321480,0,0
33.136362918,0,1
33.136405430,0,0
33.136446868,0,1
33.136489374,0,0
33.136530810,0,1
33.136573318,0,0
33.136614752,0,1
33.136657258,0,0
33.136698688,0,1
33.136698692,0,0
33.136698696,0,1
33.136741196,0,0
33.136782636,0,1
33.136826622,0,0
33.136830612,1,0
33.136868044,1,1
33.136910550,1,0
33.136951962,1,1
33.136985100,0,1
33.136998416,0,0
33.137039870,0,1
33.137063182,1,1
33.137406552,0,1
33.137418366,0,0
33.137461204,0,1
33.137502658,0,0
33.137544010,0,1
33.137567272,1,1
33.137586448,1,0
33.137627798,1,1
33.137649066,0,1
33.137669258,0,0
33.137710614,0,1
33.137733874,1,1
33.137753048,1,0
33.137794396,1,1
33.137836838,1,0
33.137878182,1,1
33.137920622,1,0
33.137961966,1,1
33.138004406,1,0
33.138045754,1,1
33.138088196,1,0
33.138132006,1,1
33.138132010,1,0
33.138132012,1,1
33.138174448,1,0
33.138212840,1,1
33.138255278,1,0
33.138300072,1,1
33.138319032,1,0
33.146738010,1,1
33.154970990,1,0
33.163388842,1,1
33.171632882,1,0
33.180051018,1,1
33.184709372,0,1
33.184721180,0,0
33.184763988,0,1
33.184805428,0,0
33.184846778,0,1
33.184888234,0,0
33.184929598,0,1
33.184971052,0,0
33.185012400,0,1
33.185053850,0,0
33.185095186,0,1
33.185118436,1,1
33.185137604,1,0
33.185178932,1,1
33.185221352,1,0
33.185262668,1,1
33.185305094,1,0
33.185346430,1,1
33.185388858,1,0
33.185432654,1,1
33.185475076,1,0
33.185513448,1,1
33.185555878,1,0
33.185600656,1,1
33.189229342,0,1
33.189241144,0,0
33.189283930,0,1
33.189325352,0,0
33.189366670,0,1
33.189389910,1,1
33.189409072,1,0
33.189450386,1,1
33.189492796,1,0
33.189534104,1,1
33.189555358,0,1
33.189575530,0,0
33.189616850,0,1
33.189640090,1,1
33.189659248,1,0
33.189700556,1,1
33.189742962,1,0
33.189784274,1,1
33.189805522,0,1
33.189825694,0,0
33.189867004,0,1
33.189908420,0,0
33.189952192,0,1
33.189975430,1,1
33.189994596,1,0
33.190032960,1,1
33.190075368,1,0
33.190120132,1,1
33.190136214,1,0
33.204858680,1,1
33.207263878,0,1
33.207275684,0,0
33.207318498,0,1
33.207359926,0,0
33.207401258,0,1
33.207442692,0,0
33.207484026,0,1
33.207525464,0,0
33.207566804,0,1
33.207608242,0,0
33.207649580,0,1
33.207672830,1,1
33.207692002,1,0
33.207733332,1,1
33.207775758,1,0
33.207817092,1,1
33.207859518,1,0
33.207900852,1,1
33.207943276,1,0
33.207987070,1,1
33.208029502,1,0
33.208067878,1,1
33.208110306,1,0
33.208155086,1,1
33.211785498,0,1
33.211797306,0,0
33.211840112,0,1
33.211863362,1,1
33.211882530,1,0
33.211923860,1,1
33.211945116,0,1
33.211965298,0,0
33.212006632,0,1
33.212029884,1,1
33.212049050,1,0
33.212090376,1,1
33.212132800,1,0
33.212174128,1,1
33.212195386,0,1
33.212215568,0,0
33.212256900,0,1
33.212280150,1,1
33.212299320,1,0
33.212340652,1,1
33.212361910,0,1
33.212382096,0,0
33.212423432,0,1
33.212464868,0,0
33.212508664,0,1
33.212531918,1,1
33.212551084,1,0
33.212589458,1,1
33.212631878,1,0
33.212676654,1,1
33.212692730,1,0
33.228870260,1,1
33.237102824,1,0
33.245520834,1,1
33.247417850,0,1
33.247429658,0,0
33.247472468,0,1
33.247513904,0,0
33.247555240,0,1
33.247596674,0,0
33.247638008,0,1
33.247661260,1,1
33.247680428,1,0
33.247721758,1,1
33.247764184,1,0
33.247805518,1,1
33.247847942,1,0
33.247889272,1,1
33.247931700,1,0
33.247973032,1,1
33.247994292,0,1
33.248014478,0,0
33.248055818,0,1
33.248097258,0,0
33.248141062,0,1
33.248164314,1,1
33.248183486,1,0
33.248221862,1,1
33.248264288,1,0
33.248309072,1,1
33.248345418,1,0
33.260858216,1,1
33.261391516,0,1
33.261403324,0,0
33.261446138,0,1
33.261487578,0,0
33.261528912,0,1
33.261552166,1,1
33.261571334,1,0
33.261612668,1,1
33.261655096,1,0
33.261696428,1,1
33.261717690,0,1
33.261737874,0,0
33.261779210,0,1
33.261802460,1,1
33.261821632,1,0
33.261862964,1,1
33.261905390,1,0
33.261946724,1,1
33.261967984,0,1
33.261988170,0,0
33.262029518,0,1
33.262070966,0,0
33.262114774,0,1
33.262138026,1,1
33.262157200,1,0
33.262195588,1,1
33.262238028,1,0
33.262282818,1,1
33.262307860,1,0
33.276920760,1,1
33.276929336,1,0
33.277076572,0,0
33.277076600,0,1
33.278243858,0,0
33.278246910,1,0
33.278285200,1,1
33.278326642,1,0
33.278331306,0,0
33.278367988,0,1
33.278410416,0,0
33.278414404,1,0
33.278451752,1,1
33.278493194,1,0
33.278534532,1,1
33.278575972,1,0
33.278580892,0,0
33.278617318,0,1
33.278659744,0,0
33.278664000,1,0
33.278701084,1,1
33.278742524,1,0
33.278783860,1,1
33.278825300,1,0
33.278866638,1,1
33.278909556,1,0
33.278950894,1,1
33.278993316,1,0
33.279034654,1,1
33.279067736,0,1
33.279081024,0,0
33.279122374,0,1
33.279145624,1,1
33.279417060,0,1
33.279428864,0,0
33.279471678,0,1
33.279513112,0,0
33.279554444,0,1
33.279577696,1,1
33.279596864,1,0
33.279638198,1,1
33.279659458,0,1
33.279679642,0,0
33.279720980,0,1
33.279744228,1,1
33.279763400,1,0
33.279804734,1,1
33.279847160,1,0
33.279888494,1,1
33.279930920,1,0
33.279972254,1,1
33.280014684,1,0
33.280056020,1,1
33.280098448,1,0
33.280142248,1,1
33.280184676,1,0
33.280223052,1,1
33.280265480,1,0
33.280310260,1,1
33.280332800,1,0
33.280480028,0,0
33.280480056,0,1
33.280529124,0,0
33.280570470,0,1
33.280612894,0,0
33.280654238,0,1
33.280696668,0,0
33.280700038,1,0
33.280738006,1,1
33.280779446,1,0
33.280784426,0,0
33.280820794,0,1
33.280863218,0,0
33.280904564,0,1
33.280946992,0,0
33.280988342,0,1
33.281030772,0,0
33.281072118,0,1
33.281114548,0,0
33.281155892,0,1
33.281199800,0,0
33.281241148,0,1
33.281280130,0,0
33.281281924,1,0
33.281321470,1,1
33.281354554,0,1
33.281367844,0,0
33.281409194,0,1
33.281432448,1,1
33.281771078,0,1
33.281782902,0,0
33.281825784,0,1
33.281867282,0,0
33.281908684,0,1
33.281931976,1,1
33.281951170,1,0
33.281992560,1,1
33.282013848,0,1
33.282034068,0,0
33.282075488,0,1
33.282098786,1,1
33.282117988,1,0
33.282159390,1,1
33.282201890,1,0
33.282243296,1,1
33.282285796,1,0
33.282327206,1,1
33.282369706,1,0
33.282411120,1,1
33.282453618,1,0
33.282497496,1,1
33.282539994,1,0
33.282578442,1,1
33.282620942,1,0
33.282665804,1,1
33.282684216,1,0
33.291102532,1,1
33.292765054,0,1
33.292776876,0,0
33.292819746,0,1
33.292843024,1,1
33.292862218,1,0
33.292903638,1,1
33.292924936,0,1
33.292945162,0,0
33.292986578,0,1
33.293009874,1,1
33.293029076,1,0
33.293070486,1,1
33.293112984,1,0
33.293154394,1,1
33.293175690,0,1
33.293195908,0,0
33.293237320,0,1
33.293260612,1,1
33.293279812,1,0
33.293321218,1,1
33.293342512,0,1
33.293362730,0,0
33.293404144,0,1
33.293445648,0,0
33.293489524,0,1
33.293512818,1,1
33.293532016,1,0
33.293570464,1,1
33.293612960,1,0
33.293657822,1,1
33.293682660,1,0
33.308869444,1,1
33.317101266,1,0
33.325519756,1,1
33.333752246,1,0
33.342182174,1,1
33.342898320,0,1
33.342910150,0,0
33.342953050,0,1
33.342994560,0,0
33.343035982,0,1
33.343077494,0,0
33.343118916,0,1
33.343160424,0,0
33.343201844,0,1
33.343243352,0,0
33.343284774,0,1
33.343308066,1,1
33.343327268,1,0
33.343368682,1,1
33.343411184,1,0
33.343452596,1,1
33.343495094,1,0
33.343536504,1,1
33.343579002,1,0
33.343622886,1,1
33.343665388,1,0
33.343703844,1,1
33.343746346,1,0
33.343791218,1,1
33.347428648,0,1
33.347440476,0,0
33.347483370,0,1
33.347524878,0,0
33.347566294,0,1
33.347589588,1,1
33.347608784,1,0
33.347650190,1,1
33.347692694,1,0
33.347734106,1,1
33.347755400,0,1
33.347775622,0,0
33.347817044,0,1
33.347840338,1,1
33.347859536,1,0
33.347900948,1,1
33.347943456,1,0
33.347984868,1,1
33.348006164,0,1
33.348026386,0,0
33.348067808,0,1
33.348109320,0,0
33.348153206,0,1
33.348176500,1,1
33.348195702,1,0
33.348234158,1,1
33.348276660,1,0
33.348321540,1,1
33.348339084,1,0
33.364865112,1,1
33.367069842,0,1
33.367081672,0,0
33.367124574,0,1
33.367166086,0,0
33.367207508,0,1
33.367249024,0,0
33.367290444,0,1
33.367331960,0,0
33.367373384,0,1
33.367414894,0,0
33.367456318,0,1
33.367479612,1,1
33.367498816,1,0
33.367540232,1,1
33.367582736,1,0
33.367624152,1,1
33.367666658,1,0
33.367708076,1,1
33.367750582,1,0
33.367794466,1,1
33.367836970,1,0
33.367875428,1,1
33.367917932,1,0
33.367962802,1,1
33.371600598,0,1
33.371612426,0,0
33.371655330,0,1
33.371678628,1,1
33.371697830,1,0
33.371739246,1,1
33.371760544,0,1
33.371780768,0,0
33.371822188,0,1
33.371845484,1,1
33.371864688,1,0
33.371906106,1,1
33.371948608,1,0
33.371990020,1,1
33.372011314,0,1
33.372031538,0,0
33.372072966,0,1
33.372096260,1,1
33.372115466,1,0
33.372156886,1,1
33.372178190,0,1
33.372198414,0,0
33.372239836,0,1
33.372281350,0,0
33.372325246,0,1
33.372348550,1,1
33.372367752,1,0
33.372406216,1,1
33.372448722,1,0
33.372493596,1,1
33.372509788,1,0
33.388869898,1,1
33.391170030,0,1
33.391181854,0,0
33.391224734,0,1
33.391266226,0,0
33.391307624,0,1
33.391349118,0,0
33.391390516,0,1
33.391432002,0,0
33.391473400,0,1
33.391514886,0,0
33.391556280,0,1
33.391579560,1,1
33.391598754,1,0
33.391640148,1,1
33.391682628,1,0
33.391724028,1,1
33.391766512,1,0
33.391807904,1,1
33.391850390,1,0
33.391894252,1,1
33.391936736,1,0
33.391975172,1,1
33.392017658,1,0
33.392062506,1,1
33.395698816,0,1
33.395710646,0,0
33.395753554,0,1
33.395795068,0,0
33.395836488,0,1
33.395878006,0,0
33.395919430,0,1
33.395942726,1,1
33.395961928,1,0
33.396003346,1,1
33.396045864,1,0
33.396087286,1,1
33.396129786,1,0
33.396171208,1,1
33.396213716,1,0
33.396255136,1,1
33.396276432,0,1
33.396296658,0,0
33.396338086,0,1
33.396379606,0,0
33.396423504,0,1
33.396446804,1,1
33.396466006,1,0
33.396504456,1,1
33.396546964,1,0
33.396591842,1,1
33.396608228,1,0
33.412871466,1,1
33.421104320,1,0
33.429523684,1,1
33.437768572,1,0
33.446187862,1,1
33.454421046,1,0
33.462851874,1,1
33.471140596,1,0
33.479559236,1,1
33.479567814,1,0
33.479715050,0,0
33.479715078,0,1
33.480254890,0,0
33.480259108,1,0
33.480296316,1,1
33.480296320,1,0
33.480296324,1,1
33.480337840,1,0
33.480341842,0,0
33.480379274,0,1
33.480421774,0,0
33.480424942,1,0
33.480463206,1,1
33.480504718,1,0
33.480546136,1,1
33.480587652,1,0
33.480591420,0,0
33.480629082,0,1
33.480671582,0,0
33.480674508,1,0
33.480713008,1,1
33.480754524,1,0
33.480795944,1,1
33.480837458,1,0
33.480878884,1,1
33.480921872,1,0
33.480963294,1,1
33.481005798,1,0
33.481047224,1,1
33.481080368,0,1
33.481093686,0,0
33.481135128,0,1
33.481158430,1,1
33.481430406,0,1
33.481442238,0,0
33.481485148,0,1
33.481526668,0,0
33.481568096,0,1
33.481591392,1,1
33.481610594,1,0
33.481652022,1,1
33.481673316,0,1
33.481693542,0,0
33.481734966,0,1
33.481758264,1,1
33.481777466,1,0
33.481818886,1,1
33.481861394,1,0
33.481902814,1,1
33.481945320,1,0
33.481986738,1,1
33.482029252,1,0
33.482070674,1,1
33.482113182,1,0
33.482157072,1,1
33.482199578,1,0
33.482238032,1,1
33.482280538,1,0
33.482325410,1,1
33.482348686,1,0
33.482495922,0,0
33.482495948,0,1
33.482544700,0,0
33.482586136,0,1
33.482628640,0,0
33.482670074,0,1
33.482712584,0,0
33.482754018,0,1
33.482796530,0,0
33.482837972,0,1
33.482880480,0,0
33.482921922,0,1
33.482964434,0,0
33.483005870,0,1
33.483048388,0,0
33.483089830,0,1
33.483132340,0,0
33.483173778,0,1
33.483217776,0,0
33.483220454,1,0
33.483259210,1,1
33.483301718,1,0
33.483343148,1,1
33.483376292,0,1
33.483389608,0,0
33.483431050,0,1
33.483454354,1,1
33.483797718,0,1
33.483809530,0,0
33.483852366,0,1
33.483893824,0,0
33.483935182,0,1
33.483958440,1,1
33.483958442,0,1
33.483958444,1,1
33.483977620,1,0
33.484018974,1,1
33.484040246,0,1
33.484060438,0,0
33.484101794,0,1
33.484125056,1,1
33.484144234,1,0
33.484185584,1,1
33.484228024,1,0
33.484269374,1,1
33.484311814,1,0
33.484353166,1,1
33.484395610,1,0
33.484436964,1,1
33.484479404,1,0
33.484523218,1,1
33.484565652,1,0
33.484604036,1,1
33.484646474,1,0
33.484691266,1,1
33.484710170,1,0
33.493129270,1,1
33.501361590,1,0
33.509780582,1,1
33.518025096,1,0
33.526443974,1,1
33.534676758,1,0
33.543106502,1,1
33.551338668,1,0
33.559757640,1,1
33.568001674,1,0
33.576420564,1,1
33.584653236,1,0
33.593072192,1,1
33.601317196,1,0
33.609736374,1,1
33.617969622,1,0
33.626400440,1,1
33.634633746,1,0
33.643051898,1,1
33.651295530,1,0
33.659713990,1,1
33.667946828,1,0
33.676364808,1,1
33.678859014,0,1
33.678870820,0,0
33.678913628,0,1
33.678955058,0,0
33.678996384,0,1
33.679037822,0,0
33.679079150,0,1
33.679102400,1,1
33.679121566,1,0
33.679162894,1,1
33.679184152,0,1
33.679204332,0,0
33.679245662,0,1
33.679268910,1,1
33.679288076,1,0
33.679329402,1,1
33.679371822,1,0
33.679413150,1,1
33.679434404,0,1
33.679454584,0,0
33.679495908,0,1
33.679537340,0,0
33.679581134,0,1
33.679622564,0,0
33.679660940,0,1
33.679684188,1,1
33.679703356,1,0
33.679748132,1,1
33.679783146,1,0
33.692870480,1,1
33.692916082,0,1
33.692927892,0,0
33.692970708,0,1
33.692993958,1,1
33.693013126,1,0
33.693054464,1,1
33.693096892,1,0
33.693138220,1,1
33.693138224,1,0
33.693138226,1,1
33.693159484,0,1
33.693179670,0,0
33.693221008,0,1
33.693262440,0,0
33.693303776,0,1
33.693327024,1,1
33.693346196,1,0
33.693387526,1,1
33.693429952,1,0
33.693471284,1,1
33.693492542,0,1
33.693512724,0,0
33.693554058,0,1
33.693595500,0,0
33.693639298,0,1
33.693662548,1,1
33.693681718,1,0
33.693720092,1,1
33.693762520,1,0
33.693807304,1,1
33.693843126,1,0
33.708856622,1,1
33.709154584,0,1
33.709166390,0,0
33.709209204,0,1
33.709250634,0,0
33.709291970,0,1
33.709333406,0,0
33.709374738,0,1
33.709416174,0,0
33.709457506,0,1
33.709498942,0,0
33.709540274,0,1
33.709563536,1,1
33.709582708,1,0
33.709624048,1,1
33.709624054,1,0
33.709624056,1,1
33.709666492,1,0
33.709707844,1,1
33.709750284,1,0
33.709791634,1,1
33.709834082,1,0
33.709877896,1,1
33.709920340,1,0
33.709958734,1,1
33.710001172,1,0
33.710045972,1,1
33.713677230,0,1
33.713689038,0,0
33.713731840,0,1
33.713773272,0,0
33.713814604,0,1
33.713856046,0,0
33.713897388,0,1
33.713920634,1,1
33.713939806,1,0
33.713981130,1,1
33.714002392,0,1
33.714022576,0,0
33.714063910,0,1
33.714087158,1,1
33.714106326,1,0
33.714147652,1,1
33.714190074,1,0
33.714231398,1,1
33.714252656,0,1
33.714272836,0,0
33.714314172,0,1
33.714355606,0,0
33.714399404,0,1
33.714440838,0,0
33.714479212,0,1
33.714502462,1,1
33.714521630,1,0
33.714566408,1,1
33.714582774,1,0
33.724868442,1,1
33.733100704,1,0
33.741518932,1,1
33.749763042,1,0
33.758181594,1,1
33.766414218,1,0
33.774900704,1,1
33.774909290,1,0
33.775056546,0,0
33.775056572,0,1
33.775167532,0,0
33.775170576,1,0
33.775208868,1,1
33.775250304,1,0
33.775254976,0,0
33.775291644,0,1
33.775334064,0,0
33.775338082,1,0
33.775375398,1,1
33.775416830,1,0
33.775458152,1,1
33.775499586,1,0
33.775504576,0,0
33.775540918,0,1
33.775583336,0,0
33.775587692,1,0
33.775624660,1,1
33.775666088,1,0
33.775707414,1,1
33.775748846,1,0
33.775790170,1,1
33.775833074,1,0
33.775874398,1,1
33.775916816,1,0
33.775958144,1,1
33.775991216,0,1
33.776004502,0,0
33.776045842,0,1
33.776069094,1,1
33.776340478,0,1
33.776352284,0,0
33.776395088,0,1
33.776436520,0,0
33.776477848,0,1
33.776501094,1,1
33.776520260,1,0
33.776561588,1,1
33.776582842,0,1
33.776603018,0,0
33.776644344,0,1
33.776667586,1,1
33.776686756,1,0
33.776728078,1,1
33.776770496,1,0
33.776811818,1,1
33.776854238,1,0
33.776895556,1,1
33.776937976,1,0
33.776979298,1,1
33.777021714,1,0
33.777065500,1,1
33.777107920,1,0
33.777146284,1,1
33.777188704,1,0
33.777233472,1,1
33.777256312,1,0
33.777403560,0,0
33.777403588,0,1
33.777452286,0,0
33.777493620,0,1
33.777536036,0,0
33.777577370,0,1
33.777619788,0,0
33.777623608,1,0
33.777661120,1,1
33.777702548,1,0
33.777706350,0,0
33.777743880,0,1
33.777743884,0,0
33.777743886,0,1
33.777786300,0,0
33.777827636,0,1
33.777870062,0,0
33.777911402,0,1
33.777953826,0,0
33.777995170,0,1
33.778037594,0,0
33.778078934,0,1
33.778122838,0,0
33.778164178,0,1
33.778203146,0,0
33.778205608,1,0
33.778244478,1,1
33.778277556,0,1
33.778290842,0,0
33.778332184,0,1
33.778355436,1,1
33.778694008,0,1
33.778705830,0,0
33.778748704,0,1
33.778790200,0,0
33.778831598,0,1
33.778854888,1,1
33.778874082,1,0
33.778915484,1,1
33.778936776,0,1
33.778956990,0,0
33.778998394,0,1
33.779021682,1,1
33.779040882,1,0
33.779082284,1,1
33.779124772,1,0
33.779166178,1,1
33.779208670,1,0
33.779250070,1,1
33.779292560,1,0
33.779333962,1,1
33.779376448,1,0
33.779420320,1,1
33.779462810,1,0
33.779501248,1,1
33.779543738,1,0
33.779588600,1,1
33.779607076,1,0
33.788025988,1,1
33.796259168,1,0
33.804677276,1,1
33.812921378,1,0
33.821339856,1,1
33.829571982,1,0
33.838001772,1,1
33.846234168,1,0
33.854651978,1,1
33.862895836,1,0
33.871313518,1,1
33.879545162,1,0
33.887963544,1,1
33.896207366,1,0
33.904625776,1,1
33.912858496,1,0
33.921288458,1,1
33.929521348,1,0
33.937996394,1,1
33.938004970,1,0
33.938152190,0,0
33.938152218,0,1
33.938259158,0,0
33.938262878,1,0
33.938300602,1,1
33.938300606,1,0
33.938300610,1,1
33.938342140,1,0
33.938345618,0,0
33.938383592,0,1
33.938426116,0,0
33.938430396,1,0
33.938467562,1,1
33.938509094,1,0
33.938550538,1,1
33.938592068,1,0
33.938596874,0,0
33.938633516,0,1
33.938676034,0,0
33.938679990,1,0
33.938717482,1,1
33.938759008,1,0
33.938800450,1,1
33.938841980,1,0
33.938883414,1,1
33.938883418,1,0
33.938883422,1,1
33.938926416,1,0
33.938967856,1,1
33.939010378,1,0
33.939051842,1,1
33.939085008,0,1
33.939098328,0,0
33.939139782,0,1
33.939163094,1,1
33.939435208,0,1
33.939447046,0,0
33.939489980,0,1
33.939531514,0,0
33.939572964,0,1
33.939596274,1,1
33.939615482,1,0
33.939656920,1,1
33.939678226,0,1
33.939698460,0,0
33.939739906,0,1
33.939763220,1,1
33.939782428,1,0
33.939823870,1,1
33.939866398,1,0
33.939907842,1,1
33.939950362,1,0
33.939991808,1,1
33.940034332,1,0
33.940075774,1,1
33.940118298,1,0
33.940162210,1,1
33.940162216,1,0
33.940162218,1,1
33.940204738,1,0
33.940243218,1,1
33.940285742,1,0
33.940330650,1,1
33.940353420,1,0
33.940500646,0,0
33.940500674,0,1
33.940550036,0,0
33.940591488,0,1
33.940634016,0,0
33.940675472,0,1
33.940717994,0,0
33.940759454,0,1
33.940801980,0,0
33.940843438,0,1
33.940885964,0,0
33.940927432,0,1
33.940969956,0,0
33.941011412,0,1
33.941053938,0,0
33.941095396,0,1
33.941137920,0,0
33.941179380,0,1
33.941223388,0,0
33.941226746,1,0
33.941264834,1,1
33.941307362,1,0
33.941348808,1,1
33.941381964,0,1
33.941395282,0,0
33.941436732,0,1
33.941460044,1,1
33.941803590,0,1
33.941815408,0,0
33.941858266,0,1
33.941899736,0,0
33.941941108,0,1
33.941964384,1,1
33.941983564,1,0
33.942024926,1,1
33.942046204,0,1
33.942066406,0,0
33.942107776,0,1
33.942131046,1,1
33.942150228,1,0
33.942191598,1,1
33.942234054,1,0
33.942275420,1,1
33.942317872,1,0
33.942359242,1,1
33.942401690,1,0
33.942443054,1,1
33.942485512,1,0
33.942529348,1,1
33.942571804,1,0
33.942610212,1,1
33.942652670,1,0
33.942697488,1,1
33.942716446,1,0
33.951135224,1,1
33.959368864,1,0
33.967787914,1,1
33.976032214,1,0
33.984450608,1,1
33.992682806,1,0
34.001112096,1,1
34.009344876,1,0
34.017763214,1,1
34.026007064,1,0
34.034426016,1,1
34.042659054,1,0
34.051078036,1,1
34.059322508,1,0
34.067741166,1,1
34.075974950,1,0
34.084404856,1,1
34.092636978,1,0
34.101054948,1,1
34.109340498,1,0
34.117771846,1,1
34.117780424,1,0
34.117927634,0,0
34.117927660,0,1
34.118146690,0,0
34.118149642,1,0
34.118188028,1,1
34.118229464,1,0
34.118234036,0,0
34.118270802,0,1
34.118313224,0,0
34.118317140,1,0
34.118354558,1,1
34.118395994,1,0
34.118437324,1,1
34.118478754,1,0
34.118483612,0,0
34.118520090,0,1
34.118562508,0,0
34.118566712,1,0
34.118603838,1,1
34.118645268,1,0
34.118686592,1,1
34.118728024,1,0
34.118769352,1,1
34.118812262,1,0
34.118853586,1,1
34.118896006,1,0
34.118937336,1,1
34.118970414,0,1
34.118983700,0,0
34.119025046,0,1
34.119048302,1,1
34.119319712,0,1
34.119331516,0,0
34.119374322,0,1
34.119415754,0,0
34.119457086,0,1
34.119480334,1,1
34.119499502,1,0
34.119540830,1,1
34.119562090,0,1
34.119582274,0,0
34.119623602,0,1
34.119646852,1,1
34.119666020,1,0
34.119707348,1,1
34.119749776,1,0
34.119791106,1,1
34.119833530,1,0
34.119874858,1,1
34.119917282,1,0
34.119958610,1,1
34.120001030,1,0
34.120044824,1,1
34.120087254,1,0
34.120125626,1,1
34.120168050,1,0
34.120212826,1,1
34.120235238,1,0
34.120382466,0,0
34.120382494,0,1
34.120431658,0,0
34.120473000,0,1
34.120515422,0,0
34.120556766,0,1
34.120599188,0,0
34.120602478,1,0
34.120640524,1,1
34.120681956,1,0
34.120686864,0,0
34.120723296,0,1
34.120765718,0,0
34.120807056,0,1
34.120849482,0,0
34.120890826,0,1
34.120933254,0,0
34.120974594,0,1
34.121017026,0,0
34.121058372,0,1
34.121102274,0,0
34.121143618,0,1
34.121182592,0,0
34.121184352,1,0
34.121223924,1,1
34.121257006,0,1
34.121270294,0,0
34.121311638,0,1
34.121334886,1,1
34.121673468,0,1
34.121685292,0,0
34.121728176,0,1
34.121769674,0,0
34.121811082,0,1
34.121834368,1,1
34.121853564,1,0
34.121894964,1,1
34.121916256,0,1
34.121936474,0,0
34.121977880,0,1
34.122001168,1,1
34.122020364,1,0
34.122061770,1,1
34.122104262,1,0
34.122145662,1,1
34.122188156,1,0
34.122229558,1,1
34.122272048,1,0
34.122313456,1,1
34.122355950,1,0
34.122399820,1,1
34.122442310,1,0
34.122480748,1,1
34.122523236,1,0
34.122568088,1,1
34.122586542,1,0
34.131004460,1,1
34.139236608,1,0
34.147655468,1,1
34.155900024,1,0
34.164318892,1,1
34.172552660,1,0
34.180983214,1,1
34.189215422,1,0
34.197634492,1,1
34.205878810,1,0
34.214297902,1,1
34.222531024,1,0
34.230949884,1,1
34.239193474,1,0
34.247612266,1,1
34.255845808,1,0
34.264276284,1,1
34.272564616,1,0
34.280983028,1,1
34.280991606,1,0
34.281138822,0,0
34.281138850,0,1
34.282053014,0,0
34.282056408,1,0
34.282094454,1,1
34.282135978,1,0
34.282140792,0,0
34.282177416,0,1
34.282219926,0,0
34.282223886,1,0
34.282261356,1,1
34.282302874,1,0
34.282344310,1,1
34.282385830,1,0
34.282390334,0,0
34.282427266,0,1
34.282469772,0,0
34.282473428,1,0
34.282511204,1,1
34.282552714,1,0
34.282594142,1,1
34.282635660,1,0
34.282677084,1,1
34.282720082,1,0
34.282761506,1,1
34.282804010,1,0
34.282845434,1,1
34.282878582,0,1
34.282891898,0,0
34.282933338,0,1
34.282956642,1,1
34.283228626,0,1
34.283240458,0,0
34.283283364,0,1
34.283324880,0,0
34.283366312,0,1
34.283389616,1,1
34.283408822,1,0
34.283450252,1,1
34.283471548,0,1
34.283491774,0,0
34.283533208,0,1
34.283556508,1,1
34.283575714,1,0
34.283617138,1,1
34.283659652,1,0
34.283701078,1,1
34.283743582,1,0
34.283785006,1,1
34.283827514,1,0
34.283868934,1,1
34.283911442,1,0
34.283955332,1,1
34.283997838,1,0
34.284036306,1,1
34.284078812,1,0
34.284123690,1,1
34.284146124,1,0
34.284293356,0,0
34.284293384,0,1
34.284342996,0,0
34.284384432,0,1
34.284426944,0,0
34.284468386,0,1
34.284510894,0,0
34.284552334,0,1
34.284594848,0,0
34.284636290,0,1
34.284678796,0,0
34.284720240,0,1
34.284762748,0,0
34.284804186,0,1
34.284846700,0,0
34.284888140,0,1
34.284930646,0,0
34.284972086,0,1
34.285016080,0,0
34.285019566,1,0
34.285057512,1,1
34.285100022,1,0
34.285141450,1,1
34.285174592,0,1
34.285187908,0,0
34.285229350,0,1
34.285252654,1,1
34.285596024,0,1
34.285607838,0,0
34.285650678,0,1
34.285692128,0,0
34.285733482,0,1
34.285756744,1,1
34.285775922,1,0
34.285817272,1,1
34.285838540,0,1
34.285858732,0,0
34.285900086,0,1
34.285923350,1,1
34.285942520,1,0
34.285983866,1,1
34.286026310,1,0
34.286067660,1,1
34.286110100,1,0
34.286151452,1,1
34.286193898,1,0
34.286235244,1,1
34.286277682,1,0
34.286321490,1,1
34.286363926,1,0
34.286402316,1,1
34.286444748,1,0
34.286489536,1,1
34.286508332,1,0
34.294927258,1,1
34.303160404,1,0
34.311578694,1,1
34.319823128,1,0
34.328242378,1,1
34.336475208,1,0
34.344905776,1,1
34.353139400,1,0
34.361558098,1,1
34.369803072,1,0
34.378222742,1,1
34.386455826,1,0
34.394874884,1,1
34.403119300,1,0
34.411537948,1,1
34.417810792,0,1
34.417822592,0,0
34.417865380,0,1
34.417906796,0,0
34.417948110,0,1
34.417989520,0,0
34.418030836,0,1
34.418054076,1,1
34.418073236,1,0
34.418114544,1,1
34.418135798,0,1
34.418155970,0,0
34.418197282,0,1
34.418220518,1,1
34.418239676,1,0
34.418280986,1,1
34.418323394,1,0
34.418364704,1,1
34.418385954,0,1
34.418406128,0,0
34.418447442,0,1
34.418488858,0,0
34.418532636,0,1
34.418574050,0,0
34.418612404,0,1
34.418635640,1,1
34.418654800,1,0
34.418699552,1,1
34.418734602,1,0
34.428931280,1,1
34.428939860,1,0
34.429087080,0,0
34.429087106,0,1
34.430142320,0,0
34.430146048,1,0
34.430183666,1,1
34.430225106,1,0
34.430228788,0,0
34.430266452,0,1
34.430308878,0,0
34.430311888,1,0
34.430350222,1,1
34.430391660,1,0
34.430432992,1,1
34.430474418,1,0
34.430478360,0,0
34.430515758,0,1
34.430558196,0,0
34.430561474,1,0
34.430599552,1,1
34.430640996,1,0
34.430682336,1,1
34.430723776,1,0
34.430765116,1,1
34.430808032,1,0
34.430849370,1,1
34.430891792,1,0
34.430933124,1,1
34.430966204,0,1
34.430979492,0,0
34.431020840,0,1
34.431044098,1,1
34.431315540,0,1
34.431327346,0,0
34.431370164,0,1
34.431411600,0,0
34.431452934,0,1
34.431476182,1,1
34.431495356,1,0
34.431536694,1,1
34.431557958,0,1
34.431578144,0,0
34.431619484,0,1
34.431642734,1,1
34.431661904,1,0
34.431703234,1,1
34.431745662,1,0
34.431786994,1,1
34.431829414,1,0
34.431870744,1,1
34.431913172,1,0
34.431954502,1,1
34.431996928,1,0
34.432040726,1,1
34.432083156,1,0
34.432121532,1,1
34.432163962,1,0
34.432208746,1,1
34.432231124,1,0
34.432378364,0,0
34.432378390,0,1
34.432427604,0,0
34.432468952,0,1
34.432511378,0,0
34.432552730,0,1
34.432595152,0,0
34.432598410,1,0
34.432636490,1,1
34.432677932,1,0
34.432682808,0,0
34.432719278,0,1
34.432761702,0,0
34.432803048,0,1
34.432845478,0,0
34.432886824,0,1
34.432929252,0,0
34.432970602,0,1
34.433013032,0,0
34.433054382,0,1
34.433098292,0,0
34.433139640,0,1
34.433178616,0,0
34.433180370,1,0
34.433219956,1,1
34.433253038,0,1
34.433266328,0,0
34.433307676,0,1
34.433330932,1,1
34.433669566,0,1
34.433681392,0,0
34.433724278,0,1
34.433765780,0,0
34.433807186,0,1
34.433830474,1,1
34.433849674,1,0
34.433891080,1,1
34.433912372,0,1
34.433932588,0,0
34.433974002,0,1
34.433997294,1,1
34.434016490,1,0
34.434057900,1,1
34.434100396,1,0
34.434141804,1,1
34.434184300,1,0
34.434225704,1,1
34.434225708,1,0
34.434225710,1,1
34.434268204,1,0
34.434309612,1,1
34.434352106,1,0
34.434395984,1,1
34.434438480,1,0
34.434476924,1,1
34.434519422,1,0
34.434564284,1,1
34.434582738,1,0
34.443001430,1,1
34.451234726,1,0
34.459653550,1,1
34.461247242,0,1
34.461259072,0,0
34.461301974,0,1
34.461343484,0,0
34.461384908,0,1
34.461426418,0,0
34.461467840,0,1
34.461509354,0,0
34.461550776,0,1
34.461592288,0,0
34.461633708,0,1
34.461657008,1,1
34.461676210,1,0
34.461717632,1,1
34.461760132,1,0
34.461801548,1,1
34.461844052,1,0
34.461885464,1,1
34.461927972,1,0
34.461971852,1,1
34.462014358,1,0
34.462052820,1,1
34.462095322,1,0
34.462140194,1,1
34.465779344,0,1
34.465791174,0,0
34.465834078,0,1
34.465875592,0,0
34.465917014,0,1
34.465958528,0,0
34.465999956,0,1
34.466023254,1,1
34.466042456,1,0
34.466083878,1,1
34.466105178,0,1
34.466125402,0,0
34.466166826,0,1
34.466190118,1,1
34.466209322,1,0
34.466250742,1,1
34.466293248,1,0
34.466334666,1,1
34.466355964,0,1
34.466376188,0,0
34.466417610,0,1
34.466459122,0,0
34.466503018,0,1
34.466544536,0,0
34.466582996,0,1
34.466606294,1,1
34.466625496,1,0
34.466670368,1,1
34.466687300,1,0
34.476867288,1,1
34.485099648,1,0
34.493518180,1,1
34.501750494,1,0
34.510181158,1,1
34.518414330,1,0
34.526832948,1,1
34.535077414,1,0
34.543496518,1,1
34.543496522,1,0
34.543496524,1,1
34.543736362,0,1
34.543748192,0,0
34.543791098,0,1
34.543832618,0,0
34.543874042,0,1
34.543915552,0,0
34.543956976,0,1
34.543980272,1,1
34.543999470,1,0
34.544040888,1,1
34.544062184,0,1
34.544082410,0,0
34.544123832,0,1
34.544147128,1,1
34.544166326,1,0
34.544207742,1,1
34.544250246,1,0
34.544291664,1,1
34.544312958,0,1
34.544333184,0,0
34.544374612,0,1
34.544416128,0,0
34.544460022,0,1
34.544501542,0,0
34.544540004,0,1
34.544563304,1,1
34.544582504,1,0
34.544627380,1,1
34.544662942,1,0
34.556865904,1,1
34.565098116,1,0
34.573516518,1,1
34.581749990,1,0
34.590180368,1,1
34.598412866,1,0
34.606830808,1,1
34.615074856,1,0
34.623494044,1,1
34.631727800,1,0
34.640157024,1,1
34.642850890,0,1
34.642862724,0,0
34.642905640,0,1
34.642947158,0,0
34.642988590,0,1
34.643030114,0,0
34.643071548,0,1
34.643113068,0,0
34.643154500,0,1
34.643196022,0,0
34.643237456,0,1
34.643260754,1,1
34.643279958,1,0
34.643321388,1,1
34.643363898,1,0
34.643405326,1,1
34.643447838,1,0
34.643489266,1,1
34.643531778,1,0
34.643575678,1,1
34.643618186,1,0
34.643656650,1,1
34.643699162,1,0
34.643744046,1,1
34.647383840,0,1
34.647395674,0,0
34.647438588,0,1
34.647480112,0,0
34.647521548,0,1
34.647563074,0,0
34.647604512,0,1
34.647627816,1,1
34.647647022,1,0
34.647688448,1,1
34.647709752,0,1
34.647729980,0,0
34.647771418,0,1
34.647794722,1,1
34.647813928,1,0
34.647855362,1,1
34.647897880,1,0
34.647939312,1,1
34.647960614,0,1
34.647980842,0,0
34.648022282,0,1
34.648063806,0,0
34.648107714,0,1
34.648149238,0,0
34.648187712,0,1
34.648211014,1,1
34.648230220,1,0
34.648275110,1,1
34.648291492,1,0
34.660855182,1,1
34.669087250,1,0
34.677516892,1,1
34.685749170,1,0
34.694167618,1,1
34.702400090,1,0
34.710829568,1,1
34.711654856,0,1
34.711666688,0,0
34.711709598,0,1
34.711751118,0,0
34.711792552,0,1
34.711834070,0,0
34.711875502,0,1
34.711898800,1,1
34.711898802,0,1
34.711898806,1,1
34.711918006,1,0
34.711959432,1,1
34.711980736,0,1
34.712000964,0,0
34.712042398,0,1
34.712065698,1,1
34.712084900,1,0
34.712126328,1,1
34.712168842,1,0
34.712210270,1,1
34.712231570,0,1
34.712251800,0,0
34.712293232,0,1
34.712334756,0,0
34.712378652,0,1
34.712420174,0,0
34.712458638,0,1
34.712481938,1,1
34.712501140,1,0
34.712546022,1,1
34.712581326,1,0
34.724866196,1,1
34.733098344,1,0
34.741516822,1,1
34.749761052,1,0
34.758234882,1,1
34.758243456,1,0
34.758390686,0,0
34.758390712,0,1
34.758562826,0,0
34.758566186,1,0
34.758604262,1,1
34.758645790,1,0
34.758650578,0,0
34.758687240,0,1
34.758729750,0,0
34.758733678,1,0
34.758771186,1,1
34.758812712,1,0
34.758854146,1,1
34.758895664,1,0
34.758900160,0,0
34.758937104,0,1
34.758979610,0,0
34.758983264,1,0
34.759021042,1,1
34.759062570,1,0
34.759104004,1,1
34.759145532,1,0
34.759186972,1,1
34.759229978,1,0
34.759271410,1,1
34.759313920,1,0
34.759355352,1,1
34.759388498,0,1
34.759401814,0,0
34.759443260,0,1
34.759466570,1,1
34.759738604,0,1
34.759750440,0,0
34.759793352,0,1
34.759834878,0,0
34.759876312,0,1
34.759899614,1,1
34.759918820,1,0
34.759960256,1,1
34.759981558,0,1
34.760001790,0,0
34.760043234,0,1
34.760066538,1,1
34.760085746,1,0
34.760127180,1,1
34.760169692,1,0
34.760211122,1,1
34.760253642,1,0
34.760295072,1,1
34.760337588,1,0
34.760379022,1,1
34.760421538,1,0
34.760465434,1,1
34.760507952,1,0
34.760546420,1,1
34.760588934,1,0
34.760633826,1,1
34.760657102,1,0
34.760804330,0,0
34.760804358,0,1
34.760853166,0,0
34.760894612,0,1
34.760937124,0,0
34.760978568,0,1
34.761021086,0,0
34.761062538,0,1
34.761105052,0,0
34.761146504,0,1
34.761189018,0,0
34.761230460,0,1
34.761272972,0,0
34.761314418,0,1
34.761356930,0,0
34.761398374,0,1
34.761440890,0,0
34.761482336,0,1
34.761526328,0,0
34.761528806,1,0
34.761567770,1,1
34.761610280,1,0
34.761651716,1,1
34.761684864,0,1
34.761698182,0,0
34.761739630,0,1
34.761762934,1,1
34.762106368,0,1
34.762118184,0,0
34.762161028,0,1
34.762202486,0,0
34.762243850,0,1
34.762267116,1,1
34.762286290,1,0
34.762327650,1,1
34.762348920,0,1
34.762369114,0,0
34.762410468,0,1
34.762433730,1,1
34.762452906,1,0
34.762494262,1,1
34.762536706,1,0
34.762578058,1,1
34.762620508,1,0
34.762661862,1,1
34.762704308,1,0
34.762745664,1,1
34.762788110,1,0
34.762831932,1,1
34.762874380,1,0
34.762912778,1,1
34.762955224,1,0
34.763000040,1,1
34.763018812,1,0
34.771436578,1,1
34.779668690,1,0
34.788087014,1,1
34.789335692,0,1
34.789347506,0,0
34.789390336,0,1
34.789431782,0,0
34.789473132,0,1
34.789514582,0,0
34.789555930,0,1
34.789597378,0,0
34.789638728,0,1
34.789680178,0,0
34.789721532,0,1
34.789744792,1,1
34.789763964,1,0
34.789805310,1,1
34.789847750,1,0
34.789889098,1,1
34.789931534,1,0
34.789972876,1,1
34.790015318,1,0
34.790059136,1,1
34.790101578,1,0
34.790139970,1,1
34.790182408,1,0
34.790227202,1,1
34.793858886,0,1
34.793870698,0,0
34.793913530,0,1
34.793936794,1,1
34.793955970,1,0
34.793997324,1,1
34.794039768,1,0
34.794081120,1,1
34.794102392,0,1
34.794122584,0,0
34.794163948,0,1
34.794205406,0,0
34.794246764,0,1
34.794270024,1,1
34.794289200,1,0
34.794330552,1,1
34.794372992,1,0
34.794414338,1,1
34.794435604,0,1
34.794455796,0,0
34.794497148,0,1
34.794538596,0,0
34.794582414,0,1
34.794605674,1,1
34.794624848,1,0
34.794663232,1,1
34.794705672,1,0
34.794750466,1,1
34.794766890,1,0
34.804866654,1,1
34.813099248,1,0
34.821516964,1,1
34.829749772,1,0
34.838179442,1,1
34.846411486,1,0
34.854829936,1,1
34.863073906,1,0
34.871491380,1,1
34.879724118,1,0
34.888154060,1,1
34.896386874,1,0
34.904805772,1,1
34.913037722,1,0
34.921522274,1,1
34.921530856,1,0
34.921678082,0,0
34.921678110,0,1
34.922451216,0,0
34.922454848,1,0
34.922492556,1,1
34.922492560,1,0
34.922492562,1,1
34.922533998,1,0
34.922537588,0,0
34.922575340,0,1
34.922617766,0,0
34.922620696,1,0
34.922659106,1,1
34.922700544,1,0
34.922741882,1,1
34.922783316,1,0
34.922787182,0,0
34.922824658,0,1
34.922867082,0,0
34.922870276,1,0
34.922908426,1,1
34.922949862,1,0
34.922991196,1,1
34.923032640,1,0
34.923073980,1,1
34.923116896,1,0
34.923158238,1,1
34.923200656,1,0
34.923241988,1,1
34.923275070,0,1
34.923288360,0,0
34.923329716,0,1
34.923352972,1,1
34.923624410,0,1
34.923636216,0,0
34.923679038,0,1
34.923720478,0,0
34.923761816,0,1
34.923785068,1,1
34.923804240,1,0
34.923845580,1,1
34.923866840,0,1
34.923887026,0,0
34.923928368,0,1
34.923951622,1,1
34.923970796,1,0
34.924012132,1,1
34.924054564,1,0
34.924095900,1,1
34.924138334,1,0
34.924179670,1,1
34.924222102,1,0
34.924263440,1,1
34.924305868,1,0
34.924349674,1,1
34.924392108,1,0
34.924430490,1,1
34.924472924,1,0
34.924517716,1,1
34.924540590,1,0
34.924687806,0,0
34.924687834,0,1
34.924736590,0,0
34.924777934,0,1
34.924820364,0,0
34.924861712,0,1
34.924904142,0,0
34.924907818,1,0
34.924945488,1,1
34.924986928,1,0
34.924990540,0,0
34.925028284,0,1
34.925070728,0,0
34.925112102,0,1
34.925154548,0,0
34.925195902,0,1
34.925238340,0,0
34.925279694,0,1
34.925322126,0,0
34.925363480,0,1
34.925407392,0,0
34.925448748,0,1
34.925487732,0,0
34.925489720,1,0
34.925529082,1,1
34.925562166,0,1
34.925575456,0,0
34.925616812,0,1
34.925640078,1,1
34.925978822,0,1
34.925990650,0,0
34.926033548,0,1
34.926075052,0,0
34.926116468,0,1
34.926139752,1,1
34.926158942,1,0
34.926200346,1,1
34.926200348,1,0
34.926200350,1,1
34.926221644,0,1
34.926241868,0,0
34.926283292,0,1
34.926306586,1,1
34.926325784,1,0
34.926367196,1,1
34.926409694,1,0
34.926451096,1,1
34.926493576,1,0
34.926534964,1,1
34.926577444,1,0
34.926618836,1,1
34.926661312,1,0
34.926705166,1,1
34.926747640,1,0
34.926786064,1,1
34.926828540,1,0
34.926873378,1,1
34.926891962,1,0
34.935309640,1,1
34.943542036,1,0
34.951961536,1,1
34.960205258,1,0
34.968623102,1,1
34.976854996,1,0
34.985284228,1,1
34.993515934,1,0
35.001934102,1,1
35.010178130,1,0
35.018596152,1,1
35.026828028,1,0
35.035245878,1,1
35.035245880,1,0
35.035245884,1,1
35.043488946,1,0
35.051906914,1,1
35.060138468,1,0
35.068568062,1,1
35.076800604,1,0
35.085274968,1,1
35.085283546,1,0
35.085430772,0,0
35.085430800,0,1
35.085562160,0,0
35.085566382,1,0
35.085603598,1,1
35.085645118,1,0
35.085649110,0,0
35.085686562,0,1
35.085729076,0,0
35.085732206,1,0
35.085770508,1,1
35.085770510,1,0
35.085770512,1,1
35.085812036,1,0
35.085853470,1,1
35.085894994,1,0
35.085898660,0,0
35.085936434,0,1
35.085978948,0,0
35.085981750,1,0
35.086020388,1,1
35.086061914,1,0
35.086103350,1,1
35.086144876,1,0
35.086186312,1,1
35.086229316,1,0
35.086270744,1,1
35.086313258,1,0
35.086354696,1,1
35.086387844,0,1
35.086401162,0,0
35.086442612,0,1
35.086465924,1,1
35.086737960,0,1
35.086749794,0,0
35.086792704,0,1
35.086834222,0,0
35.086875656,0,1
35.086898958,1,1
35.086918158,1,0
35.086959588,1,1
35.086980890,0,1
35.087001122,0,0
35.087042568,0,1
35.087065874,1,1
35.087085082,1,0
35.087126516,1,1
35.087169034,1,0
35.087210462,1,1
35.087210468,1,0
35.087210470,1,1
35.087252982,1,0
35.087294402,1,1
35.087336902,1,0
35.087378340,1,1
35.087420866,1,0
35.087464766,1,1
35.087507278,1,0
35.087545746,1,1
35.087588256,1,0
35.087633146,1,1
35.087656002,1,0
35.087803212,0,0
35.087803240,0,1
35.087852470,0,0
35.087893914,0,1
35.087936424,0,0
35.087977866,0,1
35.088020378,0,0
35.088061826,0,1
35.088104340,0,0
35.088145788,0,1
35.088188306,0,0
35.088229756,0,1
35.088272274,0,0
35.088313724,0,1
35.088356242,0,0
35.088397682,0,1
35.088440200,0,0
35.088481648,0,1
35.088525644,0,0
35.088529296,1,0
35.088567086,1,1
35.088609600,1,0
35.088651032,1,1
35.088684178,0,1
35.088697498,0,0
35.088738940,0,1
35.088762242,1,1
35.089105674,0,1
35.089117492,0,0
35.089160336,0,1
35.089201794,0,0
35.089243164,0,1
35.089266434,1,1
35.089285614,1,0
35.089326982,1,1
35.089348258,0,1
35.089368456,0,0
35.089409828,0,1
35.089433094,1,1
35.089452278,1,0
35.089493648,1,1
35.089536108,1,0
35.089577470,1,1
35.089619924,1,0
35.089661280,1,1
35.089703726,1,0
35.089745082,1,1
35.089787528,1,0
35.089831336,1,1
35.089873782,1,0
35.089912174,1,1
35.089954616,1,0
35.089999414,1,1
35.090018194,1,0
35.098436160,1,1
35.106668740,1,0
35.115086406,1,1
35.123330454,1,0
35.131748578,1,1
35.139980926,1,0
35.148410644,1,1
35.156643398,1,0
35.165062078,1,1
35.173307000,1,0
35.181726700,1,1
35.189960848,1,0
35.198381310,1,1
35.206626512,1,0
35.215045814,1,1
35.223279004,1,0
35.231709730,1,1
35.239998248,1,0
35.248416844,1,1
35.248425422,1,0
35.248572628,0,0
35.248572654,0,1
35.248916460,0,0
35.248919256,1,0
35.248957778,1,1
35.248999200,1,0
35.249003640,0,0
35.249040530,0,1
35.249082942,0,0
35.249086738,1,0
35.249124270,1,1
35.249165694,1,0
35.249207016,1,1
35.249248436,1,0
35.249253188,0,0
35.249289764,0,1
35.249332172,0,0
35.249336276,1,0
35.249373492,1,1
35.249414918,1,0
35.249456236,1,1
35.249497658,1,0
35.249538980,1,1
35.249581880,1,0
35.249623202,1,1
35.249665610,1,0
35.249706930,1,1
35.249739994,0,1
35.249753278,0,0
35.249794620,0,1
35.249817870,1,1
35.250089326,0,1
35.250101138,0,0
35.250143966,0,1
35.250185412,0,0
35.250226756,0,1
35.250250010,1,1
35.250269180,1,0
35.250310522,1,1
35.250331786,0,1
35.250351972,0,0
35.250393314,0,1
35.250416566,1,1
35.250435740,1,0
35.250477076,1,1
35.250519508,1,0
35.250560850,1,1
35.250603282,1,0
35.250644620,1,1
35.250687048,1,0
35.250728384,1,1
35.250728388,1,0
35.250728390,1,1
35.250770816,1,0
35.250814616,1,1
35.250857048,1,0
35.250895430,1,1
35.250937858,1,0
35.250982646,1,1
35.251005512,1,0
35.251152720,0,0
35.251152746,0,1
35.251201526,0,0
35.251242876,0,1
35.251285304,0,0
35.251326654,0,1
35.251369086,0,0
35.251372698,1,0
35.251410436,1,1
35.251451880,1,0
35.251455418,0,0
35.251493236,0,1
35.251535670,0,0
35.251577020,0,1
35.251619452,0,0
35.251660802,0,1
35.251703230,0,0
35.251744578,0,1
35.251787014,0,0
35.251828366,0,1
35.251872276,0,0
35.251913628,0,1
35.251952608,0,0
35.251954560,1,0
35.251993956,1,1
35.252027044,0,1
35.252040336,0,0
35.252081690,0,1
35.252104940,1,1
35.252443634,0,1
35.252455462,0,0
35.252498354,0,1
35.252539860,0,0
35.252581274,0,1
35.252604570,1,1
35.252623764,1,0
35.252665176,1,1
35.252686470,0,1
35.252706690,0,0
35.252748104,0,1
35.252771398,1,1
35.252790594,1,0
35.252832006,1,1
35.252874504,1,0
35.252915918,1,1
35.252958412,1,0
35.252999820,1,1
35.253042322,1,0
35.253083728,1,1
35.253126222,1,0
35.253170098,1,1
35.253212596,1,0
35.253251046,1,1
35.253293540,1,0
35.253338406,1,1
35.253356814,1,0
35.261775390,1,1
35.263389078,0,1
35.263400908,0,0
35.263443816,0,1
35.263485326,0,0
35.263526748,0,1
35.263568260,0,0
35.263609682,0,1
35.263632978,1,1
35.263652178,1,0
35.263693598,1,1
35.263714894,0,1
35.263735118,0,0
35.263776536,0,1
35.263799834,1,1
35.263819034,1,0
35.263860456,1,1
35.263902956,1,0
35.263944366,1,1
35.263965660,0,1
35.263985878,0,0
35.264027286,0,1
35.264068794,0,0
35.264112674,0,1
35.264154174,0,0
35.264192620,0,1
35.264215912,1,1
35.264235110,1,0
35.264279968,1,1
35.264303650,1,0
35.276854008,1,1
35.285086250,1,0
35.293516032,1,1
35.301749160,1,0
35.310168450,1,1
35.318400634,1,0
35.326829966,1,1
35.326829970,1,0
35.326829974,1,1
35.335062264,1,0
35.343481318,1,1
35.344262236,0,1
35.344274070,0,0
35.344316984,0,1
35.344358508,0,0
35.344399938,0,1
35.344441464,0,0
35.344482896,0,1
35.344506202,1,1
35.344525406,1,0
35.344566836,1,1
35.344588138,0,1
35.344608366,0,0
35.344649798,0,1
35.344673100,1,1
35.344692302,1,0
35.344733730,1,1
35.344776242,1,0
35.344817672,1,1
35.344838972,0,1
35.344859200,0,0
35.344900634,0,1
35.344942158,0,0
35.344986060,0,1
35.345027586,0,0
35.345066062,0,1
35.345089368,1,1
35.345108574,1,0
35.345153462,1,1
35.345180732,1,0
35.353601474,1,1
35.361834408,1,0
35.370264888,1,1
35.378497186,1,0
35.386971504,1,1
35.386980082,1,0
35.387127322,0,0
35.387127348,0,1
35.387330116,0,0
35.387334388,1,0
35.387371554,1,1
35.387413080,1,0
35.387417120,0,0
35.387454522,0,1
35.387497032,0,0
35.387500224,1,0
35.387538466,1,1
35.387579990,1,0
35.387621420,1,1
35.387662942,1,0
35.387666694,0,0
35.387704382,0,1
35.387746892,0,0
35.387749778,1,0
35.387788328,1,1
35.387829846,1,0
35.387871278,1,1
35.387912798,1,0
35.387954232,1,1
35.387997236,1,0
35.388038668,1,1
35.388081176,1,0
35.388122606,1,1
35.388155750,0,1
35.388169068,0,0
35.388210512,0,1
35.388233818,1,1
35.388505868,0,1
35.388517702,0,0
35.388560618,0,1
35.388602140,0,0
35.388643572,0,1
35.388666876,1,1
35.388686084,1,0
35.388727532,1,1
35.388748838,0,1
35.388769076,0,0
35.388810528,0,1
35.388833842,1,1
35.388853056,1,0
35.388894512,1,1
35.388937040,1,0
35.388978488,1,1
35.389021024,1,0
35.389062472,1,1
35.389105008,1,0
35.389146454,1,1
35.389188984,1,0
35.389232904,1,1
35.389275436,1,0
35.389313912,1,1
35.389356426,1,0
35.389401312,1,1
35.389424900,1,0
35.389572114,0,0
35.389572142,0,1
35.389620662,0,0
35.389662106,0,1
35.389704620,0,0
35.389746062,0,1
35.389788578,0,0
35.389830020,0,1
35.389872536,0,0
35.389913982,0,1
35.389956498,0,0
35.389997946,0,1
35.390040468,0,0
35.390081920,0,1
35.390124434,0,0
35.390165884,0,1
35.390208402,0,0
35.390249848,0,1
35.390293844,0,0
35.390296610,1,0
35.390335286,1,1
35.390377800,1,0
35.390419240,1,1
35.390452388,0,1
35.390465706,0,0
35.390507154,0,1
35.390530456,1,1
35.390873890,0,1
35.390885706,0,0
35.390928552,0,1
35.390970016,0,0
35.391011374,0,1
35.391034648,1,1
35.391053826,1,0
35.391095188,1,1
35.391116460,0,1
35.391136656,0,0
35.391178020,0,1
35.391201282,1,1
35.391220458,1,0
35.391261814,1,1
35.391304258,1,0
35.391345618,1,1
35.391388060,1,0
35.391429412,1,1
35.391471856,1,0
35.391513210,1,1
35.391555648,1,0
35.391599460,1,1
35.391641900,1,0
35.391680290,1,1
35.391722730,1,0
35.391767530,1,1
35.391787244,1,0
35.400204668,1,1
35.408437084,1,0
35.416855502,1,1
35.425099218,1,0
35.433518264,1,1
35.441558996,0,1
35.441570802,0,0
35.441613604,0,1
35.441655034,0,0
35.441696366,0,1
35.441737796,0,0
35.441779122,0,1
35.441802368,1,1
35.441821536,1,0
35.441862858,1,1
35.441884114,0,1
35.441904292,0,0
35.441945622,0,1
35.441968868,1,1
35.441988032,1,0
35.442029360,1,1
35.442071780,1,0
35.442113106,1,1
35.442134364,0,1
35.442154542,0,0
35.442195870,0,1
35.442237302,0,0
35.442281090,0,1
35.442322522,0,0
35.442360896,0,1
35.442384136,1,1
35.442403300,1,0
35.442448066,1,1
35.442474754,1,0
35.450894710,1,1
35.459127126,1,0
35.467556964,1,1
35.475788874,1,0
35.484207622,1,1
35.492439946,1,0
35.500868760,1,1
35.509101478,1,0
35.517575406,1,1
35.517583986,1,0
35.517731204,0,0
35.517731230,0,1
35.518520626,0,0
35.518524494,1,0
35.518561974,1,1
35.518603420,1,0
35.518607226,0,0
35.518644770,0,1
35.518687204,0,0
35.518690318,1,0
35.518728550,1,1
35.518769996,1,0
35.518811338,1,1
35.518852776,1,0
35.518856758,0,0
35.518894128,0,1
35.518936554,0,0
35.518939850,1,0
35.518977898,1,1
35.519019340,1,0
35.519060684,1,1
35.519102128,1,0
35.519143472,1,1
35.519186392,1,0
35.519227730,1,1
35.519270158,1,0
35.519311496,1,1
35.519344578,0,1
35.519357868,0,0
35.519399224,0,1
35.519422484,1,1
35.519693940,0,1
35.519705750,0,0
35.519748568,0,1
35.519790010,0,0
35.519831356,0,1
35.519854608,1,1
35.519873780,1,0
35.519915120,1,1
35.519936384,0,1
35.519956570,0,0
35.519997908,0,1
35.520021160,1,1
35.520040334,1,0
35.520081674,1,1
35.520124106,1,0
35.520165444,1,1
35.520207878,1,0
35.520249214,1,1
35.520291646,1,0
35.520332988,1,1
35.520375420,1,0
35.520419220,1,1
35.520461654,1,0
35.520500034,1,1
35.520542456,1,0
35.520587240,1,1
35.520609604,1,0
35.520756830,0,0
35.520756856,0,1
35.520806120,0,0
35.520847468,0,1
35.520889892,0,0
35.520931234,0,1
35.520973664,0,0
35.520976860,1,0
35.521015008,1,1
35.521056458,1,0
35.521061248,0,0
35.521097812,0,1
35.521140252,0,0
35.521181610,0,1
35.521224046,0,0
35.521265404,0,1
35.521307834,0,0
35.521349190,0,1
35.521391620,0,0
35.521432974,0,1
35.521476884,0,0
35.521518240,0,1
35.521557220,0,0
35.521558738,1,0
35.521598566,1,1
35.521631652,0,1
35.521644944,0,0
35.521686300,0,1
35.521709550,1,1
35.522048212,0,1
35.522060038,0,0
35.522102928,0,1
35.522144436,0,0
35.522185858,0,1
35.522209150,1,1
35.522228352,1,0
35.522269762,1,1
35.522269766,1,0
35.522269770,1,1
35.522291062,0,1
35.522311284,0,0
35.522352702,0,1
35.522375990,1,1
35.522395186,1,0
35.522436594,1,1
35.522479096,1,0
35.522520522,1,1
35.522563020,1,0
35.522604428,1,1
35.522646928,1,0
35.522688342,1,1
35.522730840,1,0
35.522774718,1,1
35.522817220,1,0
35.522855672,1,1
35.522898176,1,0
35.522943052,1,1
35.522961926,1,0
35.531380496,1,1
35.537531408,0,1
35.537543240,0,0
35.537586152,0,1
35.537627670,0,0
35.537669096,0,1
35.537710612,0,0
35.537752042,0,1
35.537775344,1,1
35.537794544,1,0
35.537835966,1,1
35.537857264,0,1
35.537877494,0,0
35.537918926,0,1
35.537942226,1,1
35.537961430,1,0
35.538002856,1,1
35.538045374,1,0
35.538086802,1,1
35.538108100,0,1
35.538128328,0,0
35.538169762,0,1
35.538211280,0,0
35.538255176,0,1
35.538296700,0,0
35.538335168,0,1
35.538358468,1,1
35.538377670,1,0
35.538422552,1,1
35.538449814,1,0
35.546870042,1,1
35.555102920,1,0
35.563532686,1,1
35.571765292,1,0
35.580184044,1,1
35.588416802,1,0
35.596847200,1,1
35.600511970,0,1
35.600523802,0,0
35.600566720,0,1
35.600590022,1,1
35.600609224,1,0
35.600650654,1,1
35.600693166,1,0
35.600734594,1,1
35.600755894,0,1
35.600776122,0,0
35.600817554,0,1
35.600859074,0,0
35.600900506,0,1
35.600923808,1,1
35.600943012,1,0
35.600984440,1,1
35.601026950,1,0
35.601068380,1,1
35.601089684,0,1
35.601109912,0,0
35.601151342,0,1
35.601192864,0,0
35.601236766,0,1
35.601260066,1,1
35.601279270,1,0
35.601317736,1,1
35.601360254,1,0
35.601405134,1,1
35.601440698,1,0
35.612861878,1,1
35.621095158,1,0
35.629525178,1,1
35.637757732,1,0
35.646176122,1,1
35.648736788,0,1
35.648748622,0,0
35.648791542,0,1
35.648833062,0,0
35.648874494,0,1
35.648916018,0,0
35.648957454,0,1
35.648998974,0,0
35.649040418,0,1
35.649081940,0,0
35.649123374,0,1
35.649146678,1,1
35.649165884,1,0
35.649207314,1,1
35.649249828,1,0
35.649291258,1,1
35.649333774,1,0
35.649375204,1,1
35.649417716,1,0
35.649461618,1,1
35.649504128,1,0
35.649542598,1,1
35.649585114,1,0
35.649629996,1,1
35.653269840,0,1
35.653281674,0,0
35.653324592,0,1
35.653366120,0,0
35.653407558,0,1
35.653449080,0,0
35.653490516,0,1
35.653513820,1,1
35.653533028,1,0
35.653574460,1,1
35.653595762,0,1
35.653615992,0,0
35.653657428,0,1
35.653680734,1,1
35.653699936,1,0
35.653741368,1,1
35.653783884,1,0
35.653825314,1,1
35.653846618,0,1
35.653866848,0,0
35.653908288,0,1
35.653949810,0,0
35.653993714,0,1
35.654035244,0,0
35.654073720,0,1
35.654097024,1,1
35.654116230,1,0
35.654161118,1,1
35.654177492,1,0
35.668852396,1,1
35.670647524,0,1
35.670659358,0,0
35.670702276,0,1
35.670725576,1,1
35.670744782,1,0
35.670786216,1,1
35.670828730,1,0
35.670870160,1,1
35.670891460,0,1
35.670911690,0,0
35.670953126,0,1
35.670976432,1,1
35.670995636,1,0
35.671037076,1,1
35.671058378,0,1
35.671078610,0,0
35.671120044,0,1
35.671143350,1,1
35.671162558,1,0
35.671203992,1,1
35.671225294,0,1
35.671245526,0,0
35.671286962,0,1
35.671328488,0,0
35.671372394,0,1
35.671395696,1,1
35.671414902,1,0
35.671453372,1,1
35.671495890,1,0
35.671540778,1,1
35.671575836,1,0
35.684927234,1,1
35.684935810,1,0
35.685083042,0,0
35.685083070,0,1
35.685875944,0,0
35.685879562,1,0
35.685917390,1,1
35.685958918,1,0
35.685963932,0,0
35.686000366,0,1
35.686042890,0,0
35.686047022,1,0
35.686084330,1,1
35.686125864,1,0
35.686167306,1,1
35.686208830,1,0
35.686213474,0,0
35.686250276,0,1
35.686292796,0,0
35.686296566,1,0
35.686334238,1,1
35.686375770,1,0
35.686417214,1,1
35.686458738,1,0
35.686500174,1,1
35.686543188,1,0
35.686584628,1,1
35.686627140,1,0
35.686668582,1,1
35.686701734,0,1
35.686715052,0,0
35.686756506,0,1
35.686779820,1,1
35.687051884,0,1
35.687063718,0,0
35.687106634,0,1
35.687148156,0,0
35.687189592,0,1
35.687212896,1,1
35.687232100,1,0
35.687273534,1,1
35.687294836,0,1
35.687315066,0,0
35.687356508,0,1
35.687379810,1,1
35.687399018,1,0
35.687440458,1,1
35.687482978,1,0
35.687524410,1,1
35.687566934,1,0
35.687608370,1,1
35.687650882,1,0
35.687692316,1,1
35.687734832,1,0
35.687778734,1,1
35.687821256,1,0
35.687859726,1,1
35.687902244,1,0
35.687947136,1,1
35.687970160,1,0
35.688117376,0,0
35.688117404,0,1
35.688166490,0,0
35.688207936,0,1
35.688250452,0,0
35.688291898,0,1
35.688334420,0,0
35.688375872,0,1
35.688418392,0,0
35.688459842,0,1
35.688502360,0,0
35.688543802,0,1
35.688586318,0,0
35.688627764,0,1
35.688670280,0,0
35.688711726,0,1
35.688754246,0,0
35.688795696,0,1
35.688839698,0,0
35.688843526,1,0
35.688881144,1,1
35.688923662,1,0
35.688965098,1,1
35.688998252,0,1
35.689011574,0,0
35.689053026,0,1
35.689076332,1,1
35.689419792,0,1
35.689431608,0,0
35.689474452,0,1
35.689515918,0,0
35.689557286,0,1
35.689580552,1,1
35.689599732,1,0
35.689641088,1,1
35.689662362,0,1
35.689682560,0,0
35.689723918,0,1
35.689747186,1,1
35.689766364,1,0
35.689807722,1,1
35.689850170,1,0
35.689891526,1,1
35.689933974,1,0
35.689975330,1,1
35.690017774,1,0
35.690059140,1,1
35.690101588,1,0
35.690145406,1,1
35.690187858,1,0
35.690226256,1,1
35.690226258,1,0
35.690226262,1,1
35.690268706,1,0
35.690313514,1,1
35.690332446,1,0
35.698750594,1,1
35.706983186,1,0
35.715402064,1,1
35.723645892,1,0
35.732064500,1,1
35.740297512,1,0
35.748727780,1,1
35.756959710,1,0
35.765378826,1,1
35.765378830,1,0
35.765378832,1,1
35.770989234,0,1
35.771001044,0,0
35.771043874,0,1
35.771085320,0,0
35.771126670,0,1
35.771168114,0,0
35.771209460,0,1
35.771250906,0,0
35.771292248,0,1
35.771333698,0,0
35.771375040,0,1
35.771398298,1,1
35.771417472,1,0
35.771458816,1,1
35.771501250,1,0
35.771542590,1,1
35.771585030,1,0
35.771626376,1,1
35.771668810,1,0
35.771712614,1,1
35.771755046,1,0
35.771793426,1,1
35.771835862,1,0
35.771880650,1,1
35.775512710,0,1
35.775524522,0,0
35.775567344,0,1
35.775590598,1,1
35.775609770,1,0
35.775651110,1,1
35.775693546,1,0
35.775734888,1,1
35.775756150,0,1
35.775776340,0,0
35.775817688,0,1
35.775859122,0,0
35.775900454,0,1
35.775923706,1,1
35.775942872,1,0
35.775984202,1,1
35.776026622,1,0
35.776067956,1,1
35.776089214,0,1
35.776109394,0,0
35.776150728,0,1
35.776192160,0,0
35.776235950,0,1
35.776259198,1,1
35.776278364,1,0
35.776316736,1,1
35.776359158,1,0
35.776403932,1,1
35.776420510,1,0
35.788863670,1,1
35.797096940,1,0
35.805527084,1,1
35.813760610,1,0
35.822180514,1,1
35.824986072,0,1
35.824997880,0,0
35.825040702,0,1
35.825063954,1,1
35.825083128,1,0
35.825124464,1,1
35.825166892,1,0
35.825208228,1,1
35.825229490,0,1
35.825249674,0,0
35.825291012,0,1
35.825332456,0,0
35.825373784,0,1
35.825397028,1,1
35.825416196,1,0
35.825457544,1,1
35.825499982,1,0
35.825541316,1,1
35.825562576,0,1
35.825582762,0,0
35.825624104,0,1
35.825665540,0,0
35.825709344,0,1
35.825732596,1,1
35.825751766,1,0
35.825790146,1,1
35.825832580,1,0
35.825877366,1,1
35.825912750,1,0
35.836918412,1,1
35.836938298,1,0
35.837085580,0,0
35.837085608,0,1
35.837873450,0,0
35.837877396,1,0
35.837914800,1,1
35.837914804,1,0
35.837914806,1,1
35.837956252,1,0
35.837960140,0,0
35.837997604,0,1
35.838040046,0,0
35.838043246,1,0
35.838081394,1,1
35.838122838,1,0
35.838164186,1,1
35.838205634,1,0
35.838209742,0,0
35.838246986,0,1
35.838289418,0,0
35.838292860,1,0
35.838330768,1,1
35.838372214,1,0
35.838413564,1,1
35.838455010,1,0
35.838496356,1,1
35.838539276,1,0
35.838580624,1,1
35.838623054,1,0
35.838664394,1,1
35.838697482,0,1
35.838710774,0,0
35.838752130,0,1
35.838775386,1,1
35.839046878,0,1
35.839058686,0,0
35.839101514,0,1
35.839142962,0,0
35.839184308,0,1
35.839207568,1,1
35.839226740,1,0
35.839268080,1,1
35.839289346,0,1
35.839309534,0,0
35.839350880,0,1
35.839374140,1,1
35.839393310,1,0
35.839434648,1,1
35.839477082,1,0
35.839518420,1,1
35.839560850,1,0
35.839602192,1,1
35.839644626,1,0
35.839685970,1,1
35.839728408,1,0
35.839772216,1,1
35.839814650,1,0
35.839853032,1,1
35.839895468,1,0
35.839940256,1,1
35.839963040,1,0
35.840110298,0,0
35.840110324,0,1
35.840159180,0,0
35.840200534,0,1
35.840242970,0,0
35.840284326,0,1
35.840326762,0,0
35.840330326,1,0
35.840368112,1,1
35.840409564,1,0
35.840413060,0,0
35.840450918,0,1
35.840493350,0,0
35.840534708,0,1
35.840577142,0,0
35.840618496,0,1
35.840660928,0,0
35.840702270,0,1
35.840744698,0,0
35.840786068,0,1
35.840829986,0,0
35.840871340,0,1
35.840910328,0,0
35.840912282,1,0
35.840951680,1,1
35.840984770,0,1
35.840998060,0,0
35.841039422,0,1
35.841062680,1,1
35.841401364,0,1
35.841413196,0,0
35.841456094,0,1
35.841497608,0,0
35.841539022,0,1
35.841562318,1,1
35.841581518,1,0
35.841622932,1,1
35.841644226,0,1
35.841664446,0,0
35.841705872,0,1
35.841729166,1,1
35.841748368,1,0
35.841789780,1,1
35.841832290,1,0
35.841873710,1,1
35.841916212,1,0
35.841957630,1,1
35.842000136,1,0
35.842041560,1,1
35.842084064,1,0
35.842127954,1,1
35.842170458,1,0
35.842208912,1,1
35.842251416,1,0
35.842296290,1,1
35.842314856,1,0
35.850734486,1,1
35.858967982,1,0
35.867387476,1,1
35.875632208,1,0
35.884052052,1,1
35.892284734,1,0
35.900714790,1,1
35.908948122,1,0
35.917366810,1,1
35.925611494,1,0
35.934030718,1,1
35.936047692,0,1
35.936059526,0,0
35.936102446,0,1
35.936143964,0,0
35.936185396,0,1
35.936226916,0,0
35.936268344,0,1
35.936309862,0,0
35.936351294,0,1
35.936392814,0,0
35.936434246,0,1
35.936457548,1,1
35.936476752,1,0
35.936518178,1,1
35.936560690,1,0
35.936602114,1,1
35.936644624,1,0
35.936686050,1,1
35.936728560,1,0
35.936772460,1,1
35.936814970,1,0
35.936853436,1,1
35.936895948,1,0
35.936940832,1,1
35.936940836,1,0
35.936940838,1,1
35.940579574,0,1
35.940591408,0,0
35.940634320,0,1
35.940657620,1,1
35.940676824,1,0
35.940718248,1,1
35.940760758,1,0
35.940802188,1,1
35.940823490,0,1
35.940843718,0,0
35.940885152,0,1
35.940908454,1,1
35.940927656,1,0
35.940969082,1,1
35.940990382,0,1
35.941010608,0,0
35.941052046,0,1
35.941075348,1,1
35.941094554,1,0
35.941135984,1,1
35.941157286,0,1
35.941177516,0,0
35.941218952,0,1
35.941260478,0,0
35.941304390,0,1
35.941327702,1,1
35.941346910,1,0
35.941385394,1,1
35.941427922,1,0
35.941472830,1,1
35.941489988,1,0
35.956864728,1,1
35.957581004,0,1
35.957592838,0,0
35.957635748,0,1
35.957677268,0,0
35.957718698,0,1
35.957760222,0,0
35.957801654,0,1
35.957843176,0,0
35.957884610,0,1
35.957926130,0,0
35.957967566,0,1
35.957990868,1,1
35.958010072,1,0
35.958051500,1,1
35.958051504,1,0
35.958051506,1,1
35.958094016,1,0
35.958135444,1,1
35.958177958,1,0
35.958219390,1,1
35.958261902,1,0
35.958305802,1,1
35.958348312,1,0
35.958386778,1,1
35.958429292,1,0
35.958474178,1,1
35.962113260,0,1
35.962125096,0,0
35.962168018,0,1
35.962191322,1,1
35.962210528,1,0
35.962251962,1,1
35.962294482,1,0
35.962335922,1,1
35.962357224,0,1
35.962377456,0,0
35.962418898,0,1
35.962460426,0,0
35.962501864,0,1
35.962525172,1,1
35.962544380,1,0
35.962585818,1,1
35.962628336,1,0
35.962669772,1,1
35.962691080,0,1
35.962711310,0,0
35.962752748,0,1
35.962794278,0,0
35.962838190,0,1
35.962861494,1,1
35.962880702,1,0
35.962919174,1,1
35.962961696,1,0
35.963006590,1,1
35.963023202,1,0
35.972853576,1,1
35.981097470,1,0
35.989572124,1,1
35.989580704,1,0
35.989727934,0,0
35.989727962,0,1
35.990482678,0,0
35.990486418,1,0
35.990524120,1,1
35.990524126,1,0
35.990524128,1,1
35.990565658,1,0
35.990569156,0,0
35.990607114,0,1
35.990649634,0,0
35.990653936,1,0
35.990691080,1,1
35.990732610,1,0
35.990774054,1,1
35.990815586,1,0
35.990820426,0,0
35.990857032,0,1
35.990899552,0,0
35.990903544,1,0
35.990940998,1,1
35.990982532,1,0
35.991023976,1,1
35.991065508,1,0
35.991106946,1,1
35.991149960,1,0
35.991191404,1,1
35.991233922,1,0
35.991275364,1,1
35.991308516,0,1
35.991321836,0,0
35.991363288,0,1
35.991386592,1,1
35.991658656,0,1
35.991670490,0,0
35.991713410,0,1
35.991754940,0,0
35.991796380,0,1
35.991819688,1,1
35.991838894,1,0
35.991880330,1,1
35.991901636,0,1
35.991921870,0,0
35.991963310,0,1
35.991986622,1,1
35.992005828,1,0
35.992047272,1,1
35.992089790,1,0
35.992131228,1,1
35.992173750,1,0
35.992215190,1,1
35.992257708,1,0
35.992299150,1,1
35.992341670,1,0
35.992385574,1,1
35.992428096,1,0
35.992466572,1,1
35.992509094,1,0
35.992553988,1,1
35.992577470,1,0
35.992724704,0,0
35.992724732,0,1
35.992773358,0,0
35.992814810,0,1
35.992857328,0,0
35.992898778,0,1
35.992941300,0,0
35.992982756,0,1
35.993025276,0,0
35.993066732,0,1
35.993109258,0,0
35.993150710,0,1
35.993193234,0,0
35.993234690,0,1
35.993277210,0,0
35.993318668,0,1
35.993361190,0,0
35.993402644,0,1
35.993446650,0,0
35.993449324,1,0
35.993488096,1,1
35.993530616,1,0
35.993572060,1,1
35.993605212,0,1
35.993618534,0,0
35.993659992,0,1
35.993683298,1,1
35.994026794,0,1
35.994038612,0,0
35.994081464,0,1
35.994122936,0,0
35.994164306,0,1
35.994187576,1,1
35.994206754,1,0
35.994248118,1,1
35.994269392,0,1
35.994289588,0,0
35.994330954,0,1
35.994354224,1,1
35.994373404,1,0
35.994414768,1,1
35.994457216,1,0
35.994498574,1,1
35.994541024,1,0
35.994582388,1,1
35.994624836,1,0
35.994666196,1,1
35.994708644,1,0
35.994752464,1,1
35.994794916,1,0
35.994833320,1,1
35.994875768,1,0
35.994920578,1,1
35.994939240,1,0
36.003357736,1,1
36.011590206,1,0
36.020009242,1,1
36.021245790,0,1
36.021257606,0,0
36.021300454,0,1
36.021323722,1,1
36.021342902,1,0
36.021384266,1,1
36.021426722,1,0
36.021468086,1,1
36.021489358,0,1
36.021509556,0,0
36.021550926,0,1
36.021592388,0,0
36.021633756,0,1
36.021657024,1,1
36.021676206,1,0
36.021717568,1,1
36.021760020,1,0
36.021801374,1,1
36.021822648,0,1
36.021842842,0,0
36.021884200,0,1
36.021925658,0,0
36.021969470,0,1
36.021992720,1,1
36.022011896,1,0
36.022050298,1,1
36.022092756,1,0
36.022137560,1,1
36.022173016,1,0
36.036853438,1,1
36.045086500,1,0
36.053516212,1,1
36.061749192,1,0
36.070168294,1,1
36.078412202,1,0
36.086830570,1,1
36.095062706,1,0
36.103492254,1,1
36.111724830,1,0
36.120143538,1,1
36.127313716,0,1
36.127325524,0,0
36.127368348,0,1
36.127409790,0,0
36.127451136,0,1
36.127492576,0,0
36.127533918,0,1
36.127557174,1,1
36.127576346,1,0
36.127617680,1,1
36.127660108,1,0
36.127701444,1,1
36.127722708,0,1
36.127742894,0,0
36.127784232,0,1
36.127807484,1,1
36.127826656,1,0
36.127867992,1,1
36.127867996,1,0
36.127867998,1,1
36.127889258,0,1
36.127909444,0,0
36.127950784,0,1
36.127992226,0,0
36.128036034,0,1
36.128077476,0,0
36.128115860,0,1
36.128115862,0,0
36.128115864,0,1
36.128139114,1,1
36.128158284,1,0
36.128203066,1,1
36.128238346,1,0
36.140851796,1,1
36.141416526,0,1
36.141428336,0,0
36.141471162,0,1
36.141494418,1,1
36.141513592,1,0
36.141554934,1,1
36.141576200,0,1
36.141596390,0,0
36.141637742,0,1
36.141660998,1,1
36.141680170,1,0
36.141721518,1,1
36.141742782,0,1
36.141762972,0,0
36.141804320,0,1
36.141827576,1,1
36.141846750,1,0
36.141888094,1,1
36.141930530,1,0
36.141971872,1,1
36.141993136,0,1
36.142013324,0,0
36.142054672,0,1
36.142096116,0,0
36.142139928,0,1
36.142163186,1,1
36.142182356,1,0
36.142220736,1,1
36.142263178,1,0
36.142307970,1,1
36.142343016,1,0
36.156851846,1,1
36.165139708,1,0
36.173570084,1,1
36.173578666,1,0
36.173725900,0,0
36.173725926,0,1
36.173934196,0,0
36.173937970,1,0
36.173975548,1,1
36.174016992,1,0
36.174020710,0,0
36.174058342,0,1
36.174100776,0,0
36.174103814,1,0
36.174142124,1,1
36.174183568,1,0
36.174224912,1,1
36.174266360,1,0
36.174270294,0,0
36.174307710,0,1
36.174350144,0,0
36.174353392,1,0
36.174391488,1,1
36.174432930,1,0
36.174474270,1,1
36.174515714,1,0
36.174557058,1,1
36.174599976,1,0
36.174641318,1,1
36.174683744,1,0
36.174725080,1,1
36.174758166,0,1
36.174771458,0,0
36.174812820,0,1
36.174836078,1,1
36.175107592,0,1
36.175119408,0,0
36.175162262,0,1
36.175203730,0,0
36.175245086,0,1
36.175268348,1,1
36.175287522,1,0
36.175328866,1,1
36.175350132,0,1
36.175370318,0,0
36.175411666,0,1
36.175434916,1,1
36.175454092,1,0
36.175495432,1,1
36.175537864,1,0
36.175579204,1,1
36.175621632,1,0
36.175662968,1,1
36.175705402,1,0
36.175746738,1,1
36.175746742,1,0
36.175746746,1,1
36.175789176,1,0
36.175832984,1,1
36.175875418,1,0
36.175913800,1,1
36.175956236,1,0
36.176001028,1,1
36.176023934,1,0
36.176171160,0,0
36.176171186,0,1
36.176219944,0,0
36.176261294,0,1
36.176303728,0,0
36.176345082,0,1
36.176387516,0,0
36.176391192,1,0
36.176428856,1,1
36.176470306,1,0
36.176473926,0,0
36.176511660,0,1
36.176554088,0,0
36.176595440,0,1
36.176595444,0,0
36.176595448,0,1
36.176637878,0,0
36.176679228,0,1
36.176721666,0,0
36.176763024,0,1
36.176805460,0,0
36.176846820,0,1
36.176890736,0,0
36.176932092,0,1
36.176971078,0,0
36.176973068,1,0
36.177012428,1,1
36.177045518,0,1
36.177058810,0,0
36.177100172,0,1
36.177123432,1,1
36.177462132,0,1
36.177473960,0,0
36.177516856,0,1
36.177558362,0,0
36.177599778,0,1
36.177623076,1,1
36.177642276,1,0
36.177683688,1,1
36.177704982,0,1
36.177725202,0,0
36.177766624,0,1
36.177789916,1,1
36.177809118,1,0
36.177850532,1,1
36.177893034,1,0
36.177934450,1,1
36.177976954,1,0
36.178018370,1,1
36.178060878,1,0
36.178102296,1,1
36.178144796,1,0
36.178188686,1,1
36.178231186,1,0
36.178269642,1,1
36.178312148,1,0
36.178357022,1,1
36.178375512,1,0
36.186794018,1,1
36.195026656,1,0
36.203445618,1,1
36.203607984,0,1
36.203619814,0,0
36.203662722,0,1
36.203704238,0,0
36.203745670,0,1
36.203787188,0,0
36.203828616,0,1
36.203870136,0,0
36.203911562,0,1
36.203953076,0,0
36.203994502,0,1
36.204017804,1,1
36.204037008,1,0
36.204078430,1,1
36.204120942,1,0
36.204162366,1,1
36.204204870,1,0
36.204246286,1,1
36.204288794,1,0
36.204332684,1,1
36.204375200,1,0
36.204413670,1,1
36.204456178,1,0
36.204501056,1,1
36.208139310,0,1
36.208151142,0,0
36.208194054,0,1
36.208217352,1,1
36.208236554,1,0
36.208277970,1,1
36.208277974,1,0
36.208277978,1,1
36.208320488,1,0
36.208361914,1,1
36.208383212,0,1
36.208403438,0,0
36.208444868,0,1
36.208486388,0,0
36.208527814,0,1
36.208551114,1,1
36.208570318,1,0
36.208611744,1,1
36.208654256,1,0
36.208695680,1,1
36.208716980,0,1
36.208737206,0,0
36.208778640,0,1
36.208820160,0,0
36.208864058,0,1
36.208887352,1,1
36.208906552,1,0
36.208945006,1,1
36.208987514,1,0
36.209032394,1,1
36.209048826,1,0
36.220853586,1,1
36.223792054,0,1
36.223803888,0,0
36.223846798,0,1
36.223888316,0,0
36.223929750,0,1
36.223971268,0,0
36.224012700,0,1
36.224054226,0,0
36.224095658,0,1
36.224137178,0,0
36.224178612,0,1
36.224201914,1,1
36.224221118,1,0
36.224262542,1,1
36.224262546,1,0
36.224262550,1,1
36.224305058,1,0
36.224346484,1,1
36.224346488,1,0
36.224346492,1,1
36.224388998,1,0
36.224430422,1,1
36.224472938,1,0
36.224516836,1,1
36.224559350,1,0
36.224597816,1,1
36.224640328,1,0
36.224685212,1,1
36.228323676,0,1
36.228335508,0,0
36.228378428,0,1
36.228401730,1,1
36.228420932,1,0
36.228462358,1,1
36.228483658,0,1
36.228503884,0,0
36.228545314,0,1
36.228568616,1,1
36.228587820,1,0
36.228629248,1,1
36.228650554,0,1
36.228670782,0,0
36.228712210,0,1
36.228735512,1,1
36.228754718,1,0
36.228796144,1,1
36.228838658,1,0
36.228880086,1,1
36.228901388,0,1
36.228921616,0,0
36.228963046,0,1
36.229004566,0,0
36.229048474,0,1
36.229071776,1,1
36.229090982,1,0
36.229129446,1,1
36.229171964,1,0
36.229216846,1,1
36.229233600,1,0
36.244852932,1,1
36.253086472,1,0
36.261517920,1,1
36.269751442,1,0
36.278170998,1,1
36.280226978,0,1
36.280238812,0,0
36.280281732,0,1
36.280305038,1,1
36.280324244,1,0
36.280365676,1,1
36.280386978,0,1
36.280407208,0,0
36.280448644,0,1
36.280471948,1,1
36.280491154,1,0
36.280532594,1,1
36.280575112,1,0
36.280616546,1,1
36.280637850,0,1
36.280658082,0,0
36.280699522,0,1
36.280722828,1,1
36.280742034,1,0
36.280783472,1,1
36.280804772,0,1
36.280825002,0,0
36.280866442,0,1
36.280907968,0,0
36.280951880,0,1
36.280975184,1,1
36.280994390,1,0
36.281032864,1,1
36.281075394,1,0
36.281120286,1,1
36.281155648,1,0
36.292853068,1,1
36.301086456,1,0
36.309516628,1,1
36.317805796,1,0
36.326225426,1,1
36.326234006,1,0
36.326381264,0,0
36.326381292,0,1
36.327170778,0,0
36.327174644,1,0
36.327212222,1,1
36.327253750,1,0
36.327257376,0,0
36.327295194,0,1
36.327337714,0,0
36.327340480,1,0
36.327379156,1,1
36.327420686,1,0
36.327462128,1,1
36.327503654,1,0
36.327508626,0,0
36.327545098,0,1
36.327587614,0,0
36.327591722,1,0
36.327629054,1,1
36.327670582,1,0
36.327712020,1,1
36.327753548,1,0
36.327794990,1,1
36.327837996,1,0
36.327879434,1,1
36.327921946,1,0
36.327963384,1,1
36.327996536,0,1
36.328009856,0,0
36.328051304,0,1
36.328074608,1,1
36.328346672,0,1
36.328358508,0,0
36.328401434,0,1
36.328442960,0,0
36.328484402,0,1
36.328507710,1,1
36.328526918,1,0
36.328568356,1,1
36.328589658,0,1
36.328609888,0,0
36.328651332,0,1
36.328674636,1,1
36.328693842,1,0
36.328735282,1,1
36.328777800,1,0
36.328819240,1,1
36.328861756,1,0
36.328903192,1,1
36.328945710,1,0
36.328987144,1,1
36.329029672,1,0
36.329073580,1,1
36.329116092,1,0
36.329154558,1,1
36.329154564,1,0
36.329154566,1,1
36.329197082,1,0
36.329241972,1,1
36.329264888,1,0
36.329412110,0,0
36.329412136,0,1
36.329461358,0,0
36.329502808,0,1
36.329545324,0,0
36.329586772,0,1
36.329629292,0,0
36.329670744,0,1
36.329713264,0,0
36.329754712,0,1
36.329797230,0,0
36.329838682,0,1
36.329881202,0,0
36.329922652,0,1
36.329965176,0,0
36.330006622,0,1
36.330049148,0,0
36.330090602,0,1
36.330134602,0,0
36.330138248,1,0
36.330176044,1,1
36.330218564,1,0
36.330260004,1,1
36.330293156,0,1
36.330306476,0,0
36.330347932,0,1
36.330371244,1,1
36.330714796,0,1
36.330726618,0,0
36.330769476,0,1
36.330810942,0,0
36.330852312,0,1
36.330875584,1,1
36.330894760,1,0
36.330936114,1,1
36.330957388,0,1
36.330977584,0,0
36.331018952,0,1
36.331042224,1,1
36.331061404,1,0
36.331102766,1,1
36.331102770,1,0
36.331102774,1,1
36.331145222,1,0
36.331186582,1,1
36.331229028,1,0
36.331270386,1,1
36.331312836,1,0
36.331354192,1,1
36.331396642,1,0
36.331440464,1,1
36.331482910,1,0
36.331521312,1,1
36.331563758,1,0
36.331608566,1,1
36.331627418,1,0
36.340046402,1,1
36.348279496,1,0
36.356699122,1,1
36.364943742,1,0
36.373363430,1,1
36.381596328,1,0
36.390027690,1,1
36.398260666,1,0
36.406679586,1,1
36.414924034,1,0
36.423342948,1,1
36.431576244,1,0
36.439995468,1,1
36.448239782,1,0
36.456659344,1,1
36.464892910,1,0
36.473378620,1,1
36.473387198,1,0
36.473534416,0,0
36.473534444,0,1
36.473671034,0,0
36.473675024,1,0
36.473712380,1,1
36.473753830,1,0
36.473757760,0,0
36.473795186,0,1
36.473837616,0,0
36.473840862,1,0
36.473878968,1,1
36.473920416,1,0
36.473961764,1,1
36.474003208,1,0
36.474007344,0,0
36.474044562,0,1
36.474086994,0,0
36.474090454,1,0
36.474128340,1,1
36.474169786,1,0
36.474211128,1,1
36.474252576,1,0
36.474293924,1,1
36.474336844,1,0
36.474378190,1,1
36.474420624,1,0
36.474461972,1,1
36.474495056,0,1
36.474508348,0,0
36.474549710,0,1
36.474572976,1,1
36.474844472,0,1
36.474856282,0,0
36.474899104,0,1
36.474940550,0,0
36.474981894,0,1
36.475005146,1,1
36.475024324,1,0
36.475065668,1,1
36.475086934,0,1
36.475107120,0,0
36.475148464,0,1
36.475171720,1,1
36.475190894,1,0
36.475232238,1,1
36.475274670,1,0
36.475316014,1,1
36.475358446,1,0
36.475399780,1,1
36.475399784,1,0
36.475399788,1,1
36.475442220,1,0
36.475483560,1,1
36.475525994,1,0
36.475569798,1,1
36.475612234,1,0
36.475650616,1,1
36.475693048,1,0
36.475737836,1,1
36.475760216,1,0
36.475907456,0,0
36.475907484,0,1
36.475956724,0,0
36.475998072,0,1
36.476040504,0,0
36.476081860,0,1
36.476124300,0,0
36.476127496,1,0
36.476165654,1,1
36.476207106,1,0
36.476211902,0,0
36.476248464,0,1
36.476290898,0,0
36.476332260,0,1
36.476374702,0,0
36.476416058,0,1
36.476458494,0,0
36.476499850,0,1
36.476542288,0,0
36.476583644,0,1
36.476627558,0,0
36.476668910,0,1
36.476707890,0,0
36.476709490,1,0
36.476749238,1,1
36.476782324,0,1
36.476795616,0,0
36.476836974,0,1
36.476860232,1,1
36.477198942,0,1
36.477210770,0,0
36.477253664,0,1
36.477295168,0,0
36.477336586,0,1
36.477359876,1,1
36.477379076,1,0
36.477420494,1,1
36.477441788,0,1
36.477462008,0,0
36.477503430,0,1
36.477526722,1,1
36.477545922,1,0
36.477587340,1,1
36.477629838,1,0
36.477671260,1,1
36.477713760,1,0
36.477755166,1,1
36.477755170,1,0
36.477755174,1,1
36.477797670,1,0
36.477839086,1,1
36.477881584,1,0
36.477925474,1,1
36.477967972,1,0
36.478006422,1,1
36.478048922,1,0
36.478093794,1,1
36.478112198,1,0
36.486530534,1,1
36.494763390,1,0
36.503182058,1,1
36.511426050,1,0
36.519845562,1,1
36.528078546,1,0
36.536508356,1,1
36.544741322,1,0
36.553159490,1,1
36.561402308,1,0
36.569820220,1,1
36.578053240,1,0
36.586471582,1,1
36.594715054,1,0
36.603132432,1,1
36.611365010,1,0
36.619794564,1,1
36.622637348,0,1
36.622649182,0,0
36.622692098,0,1
36.622733624,0,0
36.622775064,0,1
36.622816590,0,0
36.622858024,0,1
36.622899550,0,0
36.622940984,0,1
36.622982510,0,0
36.623023946,0,1
36.623047252,1,1
36.623066456,1,0
36.623107888,1,1
36.623150406,1,0
36.623191836,1,1
36.623234348,1,0
36.623275776,1,1
36.623275778,1,0
36.623275782,1,1
36.623318298,1,0
36.623362204,1,1
36.623404726,1,0
36.623443196,1,1
36.623485712,1,0
36.623530600,1,1
36.627170662,0,1
36.627182498,0,0
36.627225416,0,1
36.627266942,0,0
36.627308380,0,1
36.627349908,0,0
36.627391346,0,1
36.627414648,1,1
36.627433854,1,0
36.627475284,1,1
36.627517802,1,0
36.627559234,1,1
36.627580540,0,1
36.627600772,0,0
36.627642214,0,1
36.627665522,1,1
36.627684728,1,0
36.627726160,1,1
36.627747464,0,1
36.627767696,0,0
36.627809136,0,1
36.627850664,0,0
36.627894576,0,1
36.627936098,0,0
36.627974568,0,1
36.627997878,1,1
36.628017086,1,0
36.628061978,1,1
36.628078906,1,0
36.636850612,1,1
36.637727930,0,1
36.637739764,0,0
36.637782680,0,1
36.637805986,1,1
36.637825188,1,0
36.637866620,1,1
36.637887922,0,1
36.637908150,0,0
36.637949586,0,1
36.637972888,1,1
36.637992096,1,0
36.638033534,1,1
36.638054838,0,1
36.638075068,0,0
36.638116508,0,1
36.638139810,1,1
36.638159018,1,0
36.638200446,1,1
36.638242966,1,0
36.638284394,1,1
36.638305696,0,1
36.638325922,0,0
36.638367354,0,1
36.638408880,0,0
36.638452782,0,1
36.638476086,1,1
36.638495296,1,0
36.638533768,1,1
36.638576286,1,0
36.638621184,1,1
36.638656154,1,0
36.652862222,1,1
36.654909608,0,1
36.654921444,0,0
36.654964364,0,1
36.655005898,0,0
36.655047348,0,1
36.655088874,0,0
36.655130316,0,1
36.655171850,0,0
36.655213290,0,1
36.655254820,0,0
36.655296268,0,1
36.655319576,1,1
36.655338780,1,0
36.655380218,1,1
36.655422736,1,0
36.655464172,1,1
36.655506690,1,0
36.655548128,1,1
36.655590650,1,0
36.655634556,1,1
36.655677074,1,0
36.655715546,1,1
36.655758064,1,0
36.655802962,1,1
36.659442210,0,1
36.659454046,0,0
36.659496966,0,1
36.659520272,1,1
36.659539478,1,0
36.659580918,1,1
36.659602220,0,1
36.659622454,0,0
36.659663898,0,1
36.659687200,1,1
36.659706410,1,0
36.659747852,1,1
36.659790372,1,0
36.659831814,1,1
36.659853116,0,1
36.659873348,0,0
36.659914790,0,1
36.659938096,1,1
36.659957300,1,0
36.659998740,1,1
36.660020042,0,1
36.660040274,0,0
36.660081716,0,1
36.660123248,0,0
36.660167160,0,1
36.660190468,1,1
36.660209676,1,0
36.660248154,1,1
36.660290676,1,0
36.660335574,1,1
36.660351754,1,0
36.676851446,1,1
36.676860022,1,0
36.677007248,0,0
36.677007274,0,1
36.677117118,0,0
36.677121248,1,0
36.677158564,1,1
36.677200098,1,0
36.677203976,0,0
36.677241550,0,1
36.677284066,0,0
36.677287074,1,0
36.677325510,1,1
36.677367036,1,0
36.677408478,1,1
36.677450006,1,0
36.677453532,0,0
36.677491454,0,1
36.677533972,0,0
36.677538284,1,0
36.677575424,1,1
36.677616956,1,0
36.677658396,1,1
36.677699928,1,0
36.677741364,1,1
36.677784374,1,0
36.677825816,1,1
36.677868330,1,0
36.677909766,1,1
36.677942922,0,1
36.677956242,0,0
36.677997702,0,1
36.678021014,1,1
36.678293088,0,1
36.678304924,0,0
36.678347852,0,1
36.678389382,0,0
36.678430826,0,1
36.678454132,1,1
36.678473336,1,0
36.678514776,1,1
36.678536076,0,1
36.678556306,0,0
36.678597746,0,1
36.678621052,1,1
36.678640260,1,0
36.678681696,1,1
36.678724220,1,0
36.678765658,1,1
36.678808178,1,0
36.678849618,1,1
36.678892140,1,0
36.678933580,1,1
36.678976102,1,0
36.679020010,1,1
36.679062534,1,0
36.679101006,1,1
36.679101008,1,0
36.679101012,1,1
36.679143532,1,0
36.679188430,1,1
36.679211078,1,0
36.679358298,0,0
36.679358324,0,1
36.679407816,0,0
36.679449264,0,1
36.679491784,0,0
36.679533236,0,1
36.679575754,0,0
36.679617206,0,1
36.679659730,0,0
36.679701180,0,1
36.679743700,0,0
36.679785154,0,1
36.679827676,0,0
36.679869122,0,1
36.679911642,0,0
36.679953096,0,1
36.679995612,0,0
36.680037070,0,1
36.680081076,0,0
36.680084484,1,0
36.680122522,1,1
36.680165044,1,0
36.680206494,1,1
36.680239644,0,1
36.680252964,0,0
36.680294424,0,1
36.680317732,1,1
36.680661228,0,1
36.680673046,0,0
36.680715898,0,1
36.680757364,0,0
36.680798734,0,1
36.680822002,1,1
36.680841182,1,0
36.680882542,1,1
36.680903816,0,1
36.680924010,0,0
36.680965378,0,1
36.680988646,1,1
36.681007824,1,0
36.681049194,1,1
36.681091660,1,0
36.681133026,1,1
36.681175480,1,0
36.681216842,1,1
36.681216844,1,0
36.681216848,1,1
36.681259298,1,0
36.681300658,1,1
36.681343110,1,0
36.681386940,1,1
36.681429386,1,0
36.681467792,1,1
36.681510238,1,0
36.681555050,1,1
36.681573936,1,0
36.689992996,1,1
36.691468900,0,1
36.691480712,0,0
36.691523544,0,1
36.691564996,0,0
36.691606356,0,1
36.691647806,0,0
36.691689160,0,1
36.691730614,0,0
36.691771972,0,1
36.691813422,0,0
36.691854780,0,1
36.691878040,1,1
36.691897216,1,0
36.691938566,1,1
36.691981014,1,0
36.692022370,1,1
36.692064814,1,0
36.692106168,1,1
36.692148612,1,0
36.692192428,1,1
36.692234872,1,0
36.692273268,1,1
36.692315712,1,0
36.692360520,1,1
36.695992874,0,1
36.696004686,0,0
36.696047526,0,1
36.696070784,1,1
36.696089958,1,0
36.696131312,1,1
36.696152578,0,1
36.696172772,0,0
36.696214130,0,1
36.696237388,1,1
36.696256564,1,0
36.696297918,1,1
36.696319192,0,1
36.696339384,0,0
36.696380746,0,1
36.696404006,1,1
36.696423182,1,0
36.696464536,1,1
36.696506976,1,0
36.696548330,1,1
36.696569598,0,1
36.696589792,0,0
36.696631148,0,1
36.696672602,0,0
36.696716430,0,1
36.696739690,1,1
36.696758864,1,0
36.696797260,1,1
36.696839706,1,0
36.696884512,1,1
36.696900680,1,0
36.708852052,1,1
36.717095376,1,0
36.725514414,1,1
36.733746650,1,0
36.742176254,1,1
36.749747136,0,1
36.749758944,0,0
36.749801762,0,1
36.749843196,0,0
36.749884532,0,1
36.749907782,1,1
36.749926954,1,0
36.749968286,1,1
36.750010712,1,0
36.750052052,1,1
36.750073314,0,1
36.750093502,0,0
36.750134844,0,1
36.750158104,1,1
36.750177276,1,0
36.750218624,1,1
36.750261064,1,0
36.750302416,1,1
36.750323684,0,1
36.750343874,0,0
36.750385226,0,1
36.750426678,0,0
36.750470498,0,1
36.750493758,1,1
36.750512934,1,0
36.750551326,1,1
36.750593770,1,0
36.750638568,1,1
36.750674042,1,0
36.764862616,1,1
36.767043672,0,1
36.767055490,0,0
36.767098332,0,1
36.767121592,1,1
36.767140768,1,0
36.767182120,1,1
36.767203388,0,1
36.767223582,0,0
36.767264940,0,1
36.767288198,1,1
36.767307372,1,0
36.767348726,1,1
36.767391172,1,0
36.767432520,1,1
36.767453788,0,1
36.767473980,0,0
36.767515332,0,1
36.767538588,1,1
36.767557764,1,0
36.767599112,1,1
36.767620380,0,1
36.767640572,0,0
36.767681922,0,1
36.767723378,0,0
36.767767204,0,1
36.767790464,1,1
36.767809640,1,0
36.767848042,1,1
36.767890486,1,0
36.767935292,1,1
36.767970774,1,0
36.780851282,1,1
36.781151390,0,1
36.781163202,0,0
36.781206034,0,1
36.781247490,0,0
36.781288842,0,1
36.781330292,0,0
36.781371646,0,1
36.781394906,1,1
36.781414082,1,0
36.781455430,1,1
36.781497874,1,0
36.781539228,1,1
36.781560496,0,1
36.781580686,0,0
36.781622042,0,1
36.781645306,1,1
36.781664482,1,0
36.781705832,1,1
36.781727100,0,1
36.781747294,0,0
36.781788652,0,1
36.781830106,0,0
36.781873926,0,1
36.781915382,0,0
36.781953778,0,1
36.781977036,1,1
36.781996212,1,0
36.782041016,1,1
36.782075976,1,0
36.796851400,1,1
36.805083936,1,0
36.813513862,1,1
36.821746110,1,0
36.830163526,1,1
36.838406710,1,0
36.846824920,1,1
36.855057012,1,0
36.863486418,1,1
36.871718728,1,0
36.880136426,1,1
36.888368500,1,0
36.896797532,1,1
36.905028802,1,0
36.913446568,1,1
36.921690284,1,0
36.930108814,1,1
36.938341920,1,0
36.946771288,1,1
36.955002432,1,0
36.963419602,1,1
36.971651160,1,0
36.980079068,1,1
36.988310238,1,0
36.996727648,1,1
37.004970386,1,0
37.013388632,1,1
37.021620712,1,0
37.030049476,1,1
37.038281324,1,0
37.046699164,1,1
37.054997482,1,0
37.063415686,1,1
37.063424266,1,0
37.063571484,0,0
37.063571510,0,1
37.063698772,0,0
37.063702096,1,0
37.063740112,1,1
37.063781556,1,0
37.063786490,0,0
37.063822918,0,1
37.063865364,0,0
37.063869578,1,0
37.063906716,1,1
37.063948168,1,0
37.063989520,1,1
37.064030968,1,0
37.064034362,0,0
37.064072322,0,1
37.064114760,0,0
37.064119108,1,0
37.064156104,1,1
37.064197550,1,0
37.064238896,1,1
37.064280342,1,0
37.064321684,1,1
37.064364610,1,0
37.064405952,1,1
37.064448376,1,0
37.064489720,1,1
37.064522802,0,1
37.064536092,0,0
37.064577452,0,1
37.064600712,1,1
37.064872180,0,1
37.064883990,0,0
37.064926812,0,1
37.064968252,0,0
37.065009598,0,1
37.065032854,1,1
37.065052028,1,0
37.065093366,1,1
37.065114630,0,1
37.065134818,0,0
37.065176166,0,1
37.065199418,1,1
37.065218592,1,0
37.065259934,1,1
37.065302370,1,0
37.065343706,1,1
37.065343710,1,0
37.065343714,1,1
37.065386146,1,0
37.065427486,1,1
37.065469916,1,0
37.065511254,1,1
37.065553684,1,0
37.065597484,1,1
37.065639914,1,0
37.065678298,1,1
37.065720730,1,0
37.065765516,1,1
37.065788394,1,0
37.065935604,0,0
37.065935630,0,1
37.065984410,0,0
37.066025766,0,1
37.066068198,0,0
37.066109552,0,1
37.066151982,0,0
37.066155598,1,0
37.066193332,1,1
37.066234780,1,0
37.066238322,0,0
37.066276132,0,1
37.066318572,0,0
37.066359926,0,1
37.066402362,0,0
37.066443720,0,1
37.066486162,0,0
37.066527518,0,1
37.066569958,0,0
37.066611314,0,1
37.066655230,0,0
37.066696586,0,1
37.066735572,0,0
37.066737432,1,0
37.066776918,1,1
37.066810004,0,1
37.066823298,0,0
37.066864656,0,1
37.066887916,1,1
37.067226630,0,1
37.067238460,0,0
37.067281356,0,1
37.067322862,0,0
37.067364278,0,1
37.067387570,1,1
37.067406772,1,0
37.067448188,1,1
37.067469482,0,1
37.067489704,0,0
37.067531124,0,1
37.067554418,1,1
37.067573620,1,0
37.067615030,1,1
37.067657520,1,0
37.067698938,1,1
37.067741456,1,0
37.067782882,1,1
37.067825390,1,0
37.067866810,1,1
37.067909320,1,0
37.067953208,1,1
37.067995712,1,0
37.068034176,1,1
37.068076682,1,0
37.068121556,1,1
37.068140318,1,0
37.076558044,1,1
37.084789846,1,0
37.093207150,1,1
37.101450080,1,0
37.109867672,1,1
37.118099654,1,0
37.126529100,1,1
37.134760804,1,0
37.143179172,1,1
37.146315734,0,1
37.146327568,0,0
37.146370486,0,1
37.146412014,0,0
37.146453454,0,1
37.146494976,0,0
37.146536416,0,1
37.146577942,0,0
37.146619378,0,1
37.146660908,0,0
37.146702344,0,1
37.146725650,1,1
37.146744856,1,0
37.146786292,1,1
37.146828806,1,0
37.146870236,1,1
37.146912754,1,0
37.146954188,1,1
37.146996702,1,0
37.147040606,1,1
37.147083126,1,0
37.147121594,1,1
37.147164112,1,0
37.147209004,1,1
37.150848638,0,1
37.150860472,0,0
37.150903388,0,1
37.150944910,0,0
37.150986346,0,1
37.151027872,0,0
37.151069314,0,1
37.151092618,1,1
37.151111824,1,0
37.151153254,1,1
37.151195764,1,0
37.151237196,1,1
37.151258494,0,1
37.151278724,0,0
37.151320160,0,1
37.151343460,1,1
37.151362668,1,0
37.151404096,1,1
37.151425396,0,1
37.151445620,0,0
37.151487050,0,1
37.151528568,0,0
37.151572466,0,1
37.151613984,0,0
37.151652452,0,1
37.151675754,1,1
37.151694956,1,0
37.151739836,1,1
37.151756358,1,0
37.164869078,1,1
37.173100746,1,0
37.181519198,1,1
37.189752090,1,0
37.198181058,1,1
37.206467872,1,0
37.214885464,1,1
37.214894038,1,0
37.215041228,0,0
37.215041256,0,1
37.215833424,0,0
37.215837736,1,0
37.215874868,1,1
37.215916394,1,0
37.215920448,0,0
37.215957838,0,1
37.216000350,0,0
37.216003534,1,0
37.216041794,1,1
37.216083316,1,0
37.216124752,1,1
37.216166278,1,0
37.216169966,0,0
37.216207720,0,1
37.216250230,0,0
37.216253042,1,0
37.216291670,1,1
37.216333200,1,0
37.216374640,1,1
37.216416166,1,0
37.216457602,1,1
37.216500610,1,0
37.216542052,1,1
37.216584566,1,0
37.216626000,1,1
37.216659148,0,1
37.216672466,0,0
37.216713916,0,1
37.216737218,1,1
37.217009254,0,1
37.217021088,0,0
37.217064012,0,1
37.217105542,0,0
37.217146982,0,1
37.217170290,1,1
37.217189496,1,0
37.217230932,1,1
37.217252236,0,1
37.217272468,0,0
37.217313916,0,1
37.217337220,1,1
37.217356430,1,0
37.217397864,1,1
37.217440388,1,0
37.217481822,1,1
37.217524342,1,0
37.217565780,1,1
37.217608296,1,0
37.217649732,1,1
37.217692246,1,0
37.217736156,1,1
37.217778672,1,0
37.217817142,1,1
37.217817146,1,0
37.217817150,1,1
37.217859666,1,0
37.217904554,1,1
37.217927246,1,0
37.218074458,0,0
37.218074486,0,1
37.218123916,0,0
37.218165366,0,1
37.218207884,0,0
37.218249334,0,1
37.218291850,0,0
37.218333300,0,1
37.218375822,0,0
37.218417274,0,1
37.218459796,0,0
37.218501254,0,1
37.218543778,0,0
37.218585230,0,1
37.218627754,0,0
37.218669206,0,1
37.218711724,0,0
37.218753180,0,1
37.218797180,0,0
37.218800538,1,0
37.218838618,1,1
37.218881138,1,0
37.218922578,1,1
37.218955728,0,1
37.218969048,0,0
37.219010502,0,1
37.219033810,1,1
37.219377294,0,1
37.219389110,0,0
37.219431962,0,1
37.219473426,0,0
37.219514796,0,1
37.219538066,1,1
37.219557248,1,0
37.219598610,1,1
37.219619882,0,1
37.219640078,0,0
37.219681448,0,1
37.219704714,1,1
37.219723892,1,0
37.219765244,1,1
37.219807694,1,0
37.219849052,1,1
37.219891500,1,0
37.219932860,1,1
37.219975312,1,0
37.220016672,1,1
37.220059128,1,0
37.220102948,1,1
37.220145394,1,0
37.220183792,1,1
37.220226240,1,0
37.220271046,1,1
37.220289960,1,0
37.228706822,1,1
37.236938670,1,0
37.245355686,1,1
37.253598756,1,0
37.262016388,1,1
37.270248080,1,0
37.278677688,1,1
37.286910330,1,0
37.295329016,1,1
37.303573684,1,0
37.311992580,1,1
37.320225728,1,0
37.328643662,1,1
37.336886644,1,0
37.345304290,1,1
37.353536710,1,0
37.362021756,1,1
37.362030338,1,0
37.362177558,0,0
37.362177584,0,1
37.362310566,0,0
37.362314824,1,0
37.362351920,1,1
37.362393368,1,0
37.362397538,0,0
37.362434724,0,1
37.362477160,0,0
37.362480638,1,0
37.362518510,1,1
37.362559960,1,0
37.362601306,1,1
37.362642756,1,0
37.362647082,0,0
37.362684112,0,1
37.362726546,0,0
37.362730170,1,0
37.362767902,1,1
37.362809350,1,0
37.362850702,1,1
37.362892150,1,0
37.362933498,1,1
37.362976428,1,0
37.363017774,1,1
37.363060214,1,0
37.363101562,1,1
37.363134652,0,1
37.363147944,0,0
37.363189308,0,1
37.363212578,1,1
37.363484104,0,1
37.363495914,0,0
37.363538740,0,1
37.363580192,0,0
37.363621544,0,1
37.363644800,1,1
37.363663976,1,0
37.363705326,1,1
37.363726590,0,1
37.363746780,0,0
37.363788128,0,1
37.363811384,1,1
37.363830560,1,0
37.363871908,1,1
37.363914346,1,0
37.363955692,1,1
37.363998144,1,0
37.364039504,1,1
37.364081952,1,0
37.364123306,1,1
37.364165748,1,0
37.364209564,1,1
37.364252006,1,0
37.364290394,1,1
37.364332838,1,0
37.364377642,1,1
37.364400518,1,0
37.364547736,0,0
37.364547764,0,1
37.364596590,0,0
37.364637950,0,1
37.364680390,0,0
37.364721750,0,1
37.364764194,0,0
37.364767748,1,0
37.364805550,1,1
37.364847008,1,0
37.364850468,0,0
37.364888372,0,1
37.364930812,0,0
37.364972174,0,1
37.365014618,0,0
37.365055984,0,1
37.365098428,0,0
37.365139792,0,1
37.365182232,0,0
37.365223592,0,1
37.365267514,0,0
37.365308878,0,1
37.365347868,0,0
37.365349658,1,0
37.365389226,1,1
37.365422316,0,1
37.365435610,0,0
37.365476972,0,1
37.365500234,1,1
37.365838966,0,1
37.365850800,0,0
37.365893718,0,1
37.365935238,0,0
37.365976658,0,1
37.365999954,1,1
37.366019158,1,0
37.366060586,1,1
37.366081886,0,1
37.366102112,0,0
37.366143540,0,1
37.366166840,1,1
37.366186042,1,0
37.366227464,1,1
37.366269970,1,0
37.366311400,1,1
37.366353908,1,0
37.366395338,1,1
37.366437842,1,0
37.366479266,1,1
37.366521774,1,0
37.366565662,1,1
37.366608172,1,0
37.366646628,1,1
37.366689136,1,0
37.366734020,1,1
37.366752826,1,0
37.375170926,1,1
37.383402874,1,0
37.391820300,1,1
37.400063212,1,0
37.408481498,1,1
37.408481502,1,0
37.408481504,1,1
37.416713696,1,0
37.425143278,1,1
37.433375176,1,0
37.441793110,1,1
37.450036764,1,0
37.458454978,1,1
37.458454984,1,0
37.458454986,1,1
37.466685650,1,0
37.475103438,1,1
37.483346518,1,0
37.491764510,1,1
37.499996278,1,0
37.508425020,1,1
37.516712234,1,0
37.525129392,1,1
37.525137970,1,0
37.525285188,0,0
37.525285216,0,1
37.525580072,0,0
37.525583646,1,0
37.525621516,1,1
37.525663040,1,0
37.525668028,0,0
37.525704484,0,1
37.525747000,0,0
37.525751114,1,0
37.525788436,1,1
37.525829960,1,0
37.525871400,1,1
37.525912924,1,0
37.525917562,0,0
37.525954364,0,1
37.525996878,0,0
37.526000648,1,0
37.526038320,1,1
37.526079844,1,0
37.526121280,1,1
37.526162810,1,0
37.526204248,1,1
37.526247250,1,0
37.526288682,1,1
37.526331196,1,0
37.526372632,1,1
37.526405782,0,1
37.526419102,0,0
37.526460552,0,1
37.526483860,1,1
37.526755914,0,1
37.526767750,0,0
37.526810668,0,1
37.526852192,0,0
37.526893626,0,1
37.526916920,1,1
37.526936122,1,0
37.526977560,1,1
37.526998872,0,1
37.527019112,0,0
37.527060566,0,1
37.527083870,1,1
37.527103078,1,0
37.527144518,1,1
37.527187042,1,0
37.527228478,1,1
37.527270996,1,0
37.527312432,1,1
37.527354950,1,0
37.527396380,1,1
37.527438902,1,0
37.527482804,1,1
37.527525324,1,0
37.527563798,1,1
37.527606314,1,0
37.527651200,1,1
37.527673940,1,0
37.527821154,0,0
37.527821182,0,1
37.527870568,0,0
37.527912018,0,1
37.527954540,0,0
37.527995988,0,1
37.528038508,0,0
37.528079960,0,1
37.528122478,0,0
37.528163924,0,1
37.528206444,0,0
37.528247894,0,1
37.528290414,0,0
37.528331868,0,1
37.528374390,0,0
37.528415842,0,1
37.528458362,0,0
37.528499814,0,1
37.528543814,0,0
37.528547324,1,0
37.528585260,1,1
37.528627776,1,0
37.528669210,1,1
37.528702362,0,1
37.528715680,0,0
37.528757130,0,1
37.528780436,1,1
37.529123902,0,1
37.529135718,0,0
37.529178568,0,1
37.529220034,0,0
37.529261402,0,1
37.529284670,1,1
37.529303852,1,0
37.529345214,1,1
37.529366486,0,1
37.529386684,0,0
37.529428052,0,1
37.529451316,1,1
37.529470496,1,0
37.529511852,1,1
37.529554304,1,0
37.529595664,1,1
37.529638114,1,0
37.529679472,1,1
37.529721918,1,0
37.529763278,1,1
37.529805724,1,0
37.529849546,1,1
37.529891992,1,0
37.529930390,1,1
37.529972834,1,0
37.530017634,1,1
37.530036300,1,0
37.538453624,1,1
37.546685662,1,0
37.555104542,1,1
37.563348470,1,0
37.571766540,1,1
37.579998236,1,0
37.588427876,1,1
37.596659548,1,0
37.605077674,1,1
37.613320776,1,0
37.621738628,1,1
37.624575516,0,1
37.624587326,0,0
37.624630144,0,1
37.624671590,0,0
37.624712938,0,1
37.624754380,0,0
37.624795726,0,1
37.624837174,0,0
37.624878518,0,1
37.624919960,0,0
37.624961306,0,1
37.624984560,1,1
37.625003732,1,0
37.625045074,1,1
37.625087512,1,0
37.625128850,1,1
37.625171286,1,0
37.625212632,1,1
37.625255064,1,0
37.625298866,1,1
37.625341304,1,0
37.625379686,1,1
37.625379688,1,0
37.625379692,1,1
37.625422120,1,0
37.625466916,1,1
37.629098496,0,1
37.629110308,0,0
37.629153138,0,1
37.629194584,0,0
37.629235932,0,1
37.629259192,1,1
37.629278364,1,0
37.629319710,1,1
37.629362146,1,0
37.629403496,1,1
37.629424762,0,1
37.629444950,0,0
37.629486300,0,1
37.629509558,1,1
37.629528732,1,0
37.629570078,1,1
37.629612514,1,0
37.629653860,1,1
37.629675126,0,1
37.629695316,0,0
37.629736666,0,1
37.629778114,0,0
37.629821930,0,1
37.629845188,1,1
37.629864360,1,0
37.629902746,1,1
37.629945188,1,0
37.629989980,1,1
37.630006256,1,0
37.644843690,1,1
37.653087812,1,0
37.661561572,1,1
37.661570148,1,0
37.661717358,0,0
37.661717386,0,1
37.662732240,0,0
37.662736238,1,0
37.662773582,1,1
37.662815026,1,0
37.662818956,0,0
37.662856380,0,1
37.662898812,0,0
37.662902050,1,0
37.662940166,1,1
37.662981612,1,0
37.663022960,1,1
37.663064412,1,0
37.663068502,0,0
37.663105768,0,1
37.663148202,0,0
37.663151598,1,0
37.663189550,1,1
37.663231000,1,0
37.663272342,1,1
37.663313788,1,0
37.663355134,1,1
37.663398056,1,0
37.663439394,1,1
37.663481824,1,0
37.663523166,1,1
37.663556248,0,1
37.663569534,0,0
37.663610880,0,1
37.663634138,1,1
37.663905604,0,1
37.663917410,0,0
37.663960230,0,1
37.664001698,0,0
37.664043058,0,1
37.664066326,1,1
37.664085504,1,0
37.664126858,1,1
37.664148120,0,1
37.664168306,0,0
37.664209646,0,1
37.664232900,1,1
37.664252074,1,0
37.664293418,1,1
37.664335846,1,0
37.664377190,1,1
37.664419628,1,0
37.664460972,1,1
37.664503408,1,0
37.664544754,1,1
37.664587188,1,0
37.664630996,1,1
37.664673434,1,0
37.664711820,1,1
37.664754254,1,0
37.664799050,1,1
37.664822744,1,0
37.664969932,0,0
37.664969958,0,1
37.665017972,0,0
37.665059336,0,1
37.665101772,0,0
37.665143130,0,1
37.665185570,0,0
37.665189900,1,0
37.665226922,1,1
37.665268370,1,0
37.665272616,0,0
37.665309726,0,1
37.665352164,0,0
37.665393524,0,1
37.665435962,0,0
37.665477328,0,1
37.665519762,0,0
37.665561124,0,1
37.665603564,0,0
37.665644926,0,1
37.665688840,0,0
37.665730198,0,1
37.665769186,0,0
37.665771738,1,0
37.665810542,1,1
37.665843632,0,1
37.665856926,0,0
37.665898290,0,1
37.665921548,1,1
37.666260268,0,1
37.666272098,0,0
37.666314996,0,1
37.666356510,0,0
37.666397938,0,1
37.666421232,1,1
37.666440436,1,0
37.666481858,1,1
37.666503154,0,1
37.666523376,0,0
37.666564800,0,1
37.666588098,1,1
37.666607300,1,0
37.666648720,1,1
37.666691226,1,0
37.666732644,1,1
37.666775154,1,0
37.666816572,1,1
37.666859078,1,0
37.666900498,1,1
37.666943006,1,0
37.666986894,1,1
37.667029406,1,0
37.667067864,1,1
37.667110374,1,0
37.667155254,1,1
37.667173626,1,0
37.675591432,1,1
37.683823096,1,0
37.683824656,0,0
37.683918020,1,0
37.692240608,1,1
37.694216500,0,1
37.694228326,0,0
37.694271224,0,1
37.694312728,0,0
37.694354140,0,1
37.694395642,0,0
37.694437056,0,1
37.694478556,0,0
37.694519966,0,1
37.694561474,0,0
37.694602886,0,1
37.694626178,1,1
37.694645376,1,0
37.694686788,1,1
37.694729282,1,0
37.694770692,1,1
37.694813186,1,0
37.694854594,1,1
37.694897086,1,0
37.694940962,1,1
37.694983460,1,0
37.695021910,1,1
37.695064406,1,0
37.695109268,1,1
37.698747498,0,1
37.698759334,0,0
37.698802248,0,1
37.698825554,1,1
37.698844762,1,0
37.698886194,1,1
37.698907494,0,1
37.698927722,0,0
37.698969156,0,1
37.698992462,1,1
37.699011668,1,0
37.699053102,1,1
37.699095618,1,0
37.699137050,1,1
37.699158350,0,1
37.699178578,0,0
37.699220010,0,1
37.699243316,1,1
37.699262520,1,0
37.699303952,1,1
37.699325252,0,1
37.699345480,0,0
37.699386914,0,1
37.699428438,0,0
37.699472336,0,1
37.699495642,1,1
37.699514846,1,0
37.699553314,1,1
37.699595824,1,0
37.699640712,1,1
37.699656788,1,0
37.708860438,1,1
37.709696072,0,1
37.709707906,0,0
37.709750820,0,1
37.709792340,0,0
37.709833772,0,1
37.709875296,0,0
37.709916730,0,1
37.709940034,1,1
37.709959236,1,0
37.710000664,1,1
37.710000666,1,0
37.710000670,1,1
37.710043184,1,0
37.710084612,1,1
37.710105912,0,1
37.710126140,0,0
37.710167578,0,1
37.710190878,1,1
37.710210080,1,0
37.710251508,1,1
37.710272810,0,1
37.710293038,0,0
37.710334474,0,1
37.710375998,0,0
37.710419904,0,1
37.710461426,0,0
37.710499892,0,1
37.710523192,1,1
37.710542396,1,0
37.710587276,1,1
37.710611542,1,0
37.724861394,1,1
37.727053280,0,1
37.727065114,0,0
37.727108032,0,1
37.727131338,1,1
37.727150540,1,0
37.727191974,1,1
37.727234496,1,0
37.727275932,1,1
37.727297236,0,1
37.727317466,0,0
37.727358902,0,1
37.727382206,1,1
37.727401412,1,0
37.727442844,1,1
37.727464146,0,1
37.727484376,0,0
37.727525810,0,1
37.727549108,1,1
37.727568318,1,0
37.727609752,1,1
37.727631056,0,1
37.727651286,0,0
37.727692728,0,1
37.727734254,0,0
37.727778162,0,1
37.727801468,1,1
37.727820676,1,0
37.727859150,1,1
37.727901666,1,0
37.727946556,1,1
37.727981664,1,0
37.740848554,1,1
37.741206966,0,1
37.741218802,0,0
37.741261722,0,1
37.741285022,1,1
37.741304228,1,0
37.741345666,1,1
37.741366970,0,1
37.741387202,0,0
37.741428642,0,1
37.741451950,1,1
37.741471154,1,0
37.741512588,1,1
37.741533892,0,1
37.741554122,0,0
37.741595566,0,1
37.741618872,1,1
37.741638078,1,0
37.741679510,1,1
37.741722030,1,0
37.741763466,1,1
37.741784768,0,1
37.741804998,0,0
37.741846442,0,1
37.741887970,0,0
37.741931878,0,1
37.741955182,1,1
37.741974390,1,0
37.742012862,1,1
37.742055386,1,0
37.742100278,1,1
37.742135740,1,0
37.756849244,1,1
37.765081858,1,0
37.773512534,1,1
37.781686762,0,1
37.781698596,0,0
37.781741516,0,1
37.781783038,0,0
37.781824474,0,1
37.781865998,0,0
37.781907432,0,1
37.781948958,0,0
37.781990398,0,1
37.782031926,0,0
37.782073368,0,1
37.782096672,1,1
37.782115884,1,0
37.782157316,1,1
37.782199836,1,0
37.782241268,1,1
37.782283786,1,0
37.782325218,1,1
37.782367738,1,0
37.782411646,1,1
37.782454166,1,0
37.782492644,1,1
37.782535162,1,0
37.782580052,1,1
37.786220234,0,1
37.786232070,0,0
37.786274994,0,1
37.786316526,0,0
37.786357968,0,1
37.786399496,0,0
37.786440938,0,1
37.786464242,1,1
37.786483450,1,0
37.786524886,1,1
37.786567408,1,0
37.786608848,1,1
37.786630150,0,1
37.786650380,0,0
37.786691824,0,1
37.786715132,1,1
37.786734336,1,0
37.786775768,1,1
37.786797074,0,1
37.786817306,0,0
37.786858744,0,1
37.786900272,0,0
37.786944184,0,1
37.786985716,0,0
37.787024194,0,1
37.787047506,1,1
37.787066714,1,0
37.787111610,1,1
37.787127710,1,0
37.796891686,1,1
37.796900256,1,0
37.797047490,0,0
37.797047516,0,1
37.797207408,0,0
37.797211348,1,0
37.797248832,1,1
37.797290348,1,0
37.797294060,0,0
37.797331780,0,1
37.797374286,0,0
37.797377156,1,0
37.797415720,1,1
37.797457240,1,0
37.797498662,1,1
37.797540176,1,0
37.797543602,0,0
37.797581604,0,1
37.797624106,0,0
37.797628356,1,0
37.797665526,1,1
37.797707042,1,0
37.797748466,1,1
37.797789976,1,0
37.797831400,1,1
37.797874394,1,0
37.797915816,1,1
37.797958314,1,0
37.797999732,1,1
37.798032872,0,1
37.798046186,0,0
37.798087622,0,1
37.798110922,1,1
37.798382876,0,1
37.798394706,0,0
37.798437612,0,1
37.798479144,0,0
37.798520588,0,1
37.798543892,1,1
37.798563100,1,0
37.798604534,1,1
37.798625838,0,1
37.798646070,0,0
37.798687508,0,1
37.798710810,1,1
37.798730018,1,0
37.798771456,1,1
37.798813972,1,0
37.798855410,1,1
37.798897932,1,0
37.798939364,1,1
37.798981884,1,0
37.799023318,1,1
37.799065840,1,0
37.799109746,1,1
37.799152266,1,0
37.799190740,1,1
37.799233258,1,0
37.799278156,1,1
37.799301036,1,0
37.799448258,0,0
37.799448286,0,1
37.799497534,0,0
37.799538988,0,1
37.799581504,0,0
37.799622950,0,1
37.799665476,0,0
37.799706932,0,1
37.799749454,0,0
37.799790908,0,1
37.799833432,0,0
37.799874884,0,1
37.799917406,0,0
37.799958856,0,1
37.800001380,0,0
37.800042838,0,1
37.800085364,0,0
37.800126814,0,1
37.800170820,0,0
37.800174418,1,0
37.800212268,1,1
37.800254784,1,0
37.800296226,1,1
37.800329384,0,1
37.800342706,0,0
37.800384162,0,1
37.800407472,1,1
37.800750980,0,1
37.800762798,0,0
37.800805646,0,1
37.800847110,0,0
37.800888460,0,1
37.800911728,1,1
37.800930908,1,0
37.800972284,1,1
37.800993562,0,1
37.801013768,0,0
37.801055154,0,1
37.801078424,1,1
37.801097606,1,0
37.801138974,1,1
37.801181426,1,0
37.801222788,1,1
37.801265240,1,0
37.801306596,1,1
37.801349044,1,0
37.801390402,1,1
37.801432854,1,0
37.801476678,1,1
37.801519130,1,0
37.801557536,1,1
37.801599990,1,0
37.801644806,1,1
37.801663712,1,0
37.810082048,1,1
37.811788110,0,1
37.811799922,0,0
37.811842762,0,1
37.811884220,0,0
37.811925582,0,1
37.811967042,0,0
37.812008404,0,1
37.812049864,0,0
37.812091224,0,1
37.812132684,0,0
37.812174044,0,1
37.812197308,1,1
37.812216486,1,0
37.812257846,1,1
37.812300290,1,0
37.812341652,1,1
37.812384106,1,0
37.812425466,1,1
37.812467912,1,0
37.812511732,1,1
37.812511734,1,0
37.812511736,1,1
37.812554182,1,0
37.812592580,1,1
37.812635026,1,0
37.812679834,1,1
37.816312272,0,1
37.816324088,0,0
37.816366928,0,1
37.816390192,1,1
37.816409372,1,0
37.816450732,1,1
37.816472004,0,1
37.816492198,0,0
37.816533560,0,1
37.816556826,1,1
37.816576006,1,0
37.816617364,1,1
37.816638634,0,1
37.816658828,0,0
37.816700192,0,1
37.816723458,1,1
37.816742636,1,0
37.816783992,1,1
37.816826442,1,0
37.816867802,1,1
37.816889070,0,1
37.816909264,0,0
37.816950626,0,1
37.816992068,0,0
37.817035894,0,1
37.817059164,1,1
37.817078346,1,0
37.817116752,1,1
37.817116754,1,0
37.817116756,1,1
37.817159200,1,0
37.817204004,1,1
37.817220072,1,0
37.828851120,1,1
37.835726446,0,1
37.835738260,0,0
37.835781092,0,1
37.835822542,0,0
37.835863902,0,1
37.835905354,0,0
37.835946710,0,1
37.835969976,1,1
37.835989150,1,0
37.836030502,1,1
37.836072948,1,0
37.836114302,1,1
37.836135566,0,1
37.836155758,0,0
37.836197116,0,1
37.836220374,1,1
37.836239552,1,0
37.836280906,1,1
37.836302170,0,1
37.836322366,0,0
37.836363728,0,1
37.836405184,0,0
37.836449008,0,1
37.836490466,0,0
37.836528868,0,1
37.836552130,1,1
37.836571304,1,0
37.836616106,1,1
37.836651256,1,0
37.852859998,1,1
37.853057834,0,1
37.853069646,0,0
37.853112480,0,1
37.853135746,1,1
37.853154922,1,0
37.853196276,1,1
37.853217540,0,1
37.853237732,0,0
37.853279090,0,1
37.853302354,1,1
37.853321530,1,0
37.853362878,1,1
37.853384146,0,1
37.853404338,0,0
37.853445694,0,1
37.853468954,1,1
37.853488128,1,0
37.853529482,1,1
37.853571922,1,0
37.853613268,1,1
37.853634538,0,1
37.853654730,0,0
37.853696086,0,1
37.853737538,0,0
37.853781358,0,1
37.853804616,1,1
37.853823792,1,0
37.853862182,1,1
37.853904628,1,0
37.853949434,1,1
37.853984408,1,0
37.868848804,1,1
37.877093142,1,0
37.885512044,1,1
37.893744462,1,0
37.902174818,1,1
37.910407840,1,0
37.918826508,1,1
37.920358440,0,1
37.920370252,0,0
37.920413078,0,1
37.920454524,0,0
37.920495874,0,1
37.920537326,0,0
37.920578680,0,1
37.920620132,0,0
37.920661488,0,1
37.920702934,0,0
37.920744282,0,1
37.920767542,1,1
37.920786714,1,0
37.920828060,1,1
37.920870498,1,0
37.920911846,1,1
37.920954286,1,0
37.920995632,1,1
37.921038072,1,0
37.921081890,1,1
37.921124326,1,0
37.921162718,1,1
37.921205156,1,0
37.921249950,1,1
37.924881622,0,1
37.924893432,0,0
37.924936250,0,1
37.924959506,1,1
37.924978678,1,0
37.925020024,1,1
37.925041290,0,1
37.925061486,0,0
37.925102858,0,1
37.925126124,1,1
37.925145306,1,0
37.925186656,1,1
37.925207924,0,1
37.925228118,0,0
37.925269468,0,1
37.925292726,1,1
37.925311900,1,0
37.925353248,1,1
37.925395686,1,0
37.925437026,1,1
37.925458292,0,1
37.925478480,0,0
37.925519832,0,1
37.925561278,0,0
37.925605092,0,1
37.925628354,1,1
37.925647526,1,0
37.925685914,1,1
37.925728350,1,0
37.925773148,1,1
37.925789288,1,0
37.940860380,1,1
37.944917898,0,1
37.944929710,0,0
37.944972540,0,1
37.945013990,0,0
37.945055348,0,1
37.945096794,0,0
37.945138146,0,1
37.945179598,0,0
37.945220948,0,1
37.945262396,0,0
37.945303746,0,1
37.945327010,1,1
37.945346184,1,0
37.945387530,1,1
37.945429972,1,0
37.945471314,1,1
37.945471316,1,0
37.945471322,1,1
37.945513756,1,0
37.945555102,1,1
37.945597540,1,0
37.945641348,1,1
37.945683786,1,0
37.945722172,1,1
37.945764604,1,0
37.945809398,1,1
37.949441084,0,1
37.949452898,0,0
37.949495730,0,1
37.949518986,1,1
37.949538160,1,0
37.949579504,1,1
37.949621946,1,0
37.949663290,1,1
37.949684554,0,1
37.949704742,0,0
37.949746094,0,1
37.949769352,1,1
37.949788524,1,0
37.949829868,1,1
37.949851134,0,1
37.949871326,0,0
37.949912678,0,1
37.949935932,1,1
37.949955108,1,0
37.949996456,1,1
37.950017724,0,1
37.950037918,0,0
37.950079268,0,1
37.950120718,0,0
37.950164534,0,1
37.950187794,1,1
37.950206966,1,0
37.950245352,1,1
37.950287796,1,0
37.950332594,1,1
37.950349252,1,0
37.964847978,1,1
37.964856558,1,0
37.965003798,0,0
37.965003826,0,1
37.965904952,0,0
37.965908208,1,0
37.965946310,1,1
37.965987766,1,0
37.965992610,0,0
37.966029134,0,1
37.966071576,0,0
37.966075722,1,0
37.966112932,1,1
37.966154386,1,0
37.966195740,1,1
37.966237192,1,0
37.966242218,0,0
37.966278552,0,1
37.966320994,0,0
37.966325336,1,0
37.966362344,1,1
37.966403802,1,0
37.966445152,1,1
37.966486606,1,0
37.966527964,1,1
37.966570890,1,0
37.966612242,1,1
37.966654684,1,0
37.966696038,1,1
37.966729126,0,1
37.966742418,0,0
37.966783784,0,1
37.966807040,1,1
37.967078574,0,1
37.967090386,0,0
37.967133218,0,1
37.967174670,0,0
37.967216022,0,1
37.967239282,1,1
37.967258454,1,0
37.967299802,1,1
37.967321068,0,1
37.967341260,0,0
37.967382612,0,1
37.967405870,1,1
37.967425042,1,0
37.967466388,1,1
37.967508824,1,0
37.967550170,1,1
37.967592610,1,0
37.967633956,1,1
37.967676400,1,0
37.967717750,1,1
37.967760192,1,0
37.967804006,1,1
37.967846452,1,0
37.967884846,1,1
37.967927286,1,0
37.967972084,1,1
37.967994964,1,0
37.968142206,0,0
37.968142234,0,1
37.968191012,0,0
37.968232376,0,1
37.968274814,0,0
37.968316172,0,1
37.968358614,0,0
37.968362234,1,0
37.968399966,1,1
37.968441418,1,0
37.968444958,0,0
37.968482778,0,1
37.968525216,0,0
37.968566574,0,1
37.968609016,0,0
37.968650376,0,1
37.968692814,0,0
37.968734172,0,1
37.968776614,0,0
37.968817972,0,1
37.968861890,0,0
37.968903252,0,1
37.968942238,0,0
37.968944122,1,0
37.968983592,1,1
37.969016682,0,1
37.969029976,0,0
37.969071338,0,1
37.969094600,1,1
37.969433314,0,1
37.969445144,0,0
37.969488042,0,1
37.969529554,0,0
37.969570978,0,1
37.969594272,1,1
37.969613476,1,0
37.969654900,1,1
37.969676194,0,1
37.969696420,0,0
37.969737842,0,1
37.969761140,1,1
37.969780344,1,0
37.969821770,1,1
37.969864272,1,0
37.969905694,1,1
37.969948200,1,0
37.969989620,1,1
37.970032118,1,0
37.970073528,1,1
37.970116022,1,0
37.970159920,1,1
37.970202440,1,0
37.970240896,1,1
37.970283398,1,0
37.970328274,1,1
37.970347090,1,0
37.978765556,1,1
37.980253418,0,1
37.980265252,0,0
37.980308166,0,1
37.980349690,0,0
37.980391128,0,1
37.980432654,0,0
37.980474080,0,1
37.980515600,0,0
37.980557026,0,1
37.980598544,0,0
37.980639970,0,1
37.980663272,1,1
37.980682474,1,0
37.980723896,1,1
37.980766398,1,0
37.980807822,1,1
37.980850334,1,0
37.980891760,1,1
37.980934274,1,0
37.980978168,1,1
37.981020680,1,0
37.981059154,1,1
37.981101670,1,0
37.981146552,1,1
37.984785898,0,1
37.984797732,0,0
37.984840642,0,1
37.984882166,0,0
37.984923602,0,1
37.984965122,0,0
37.985006556,0,1
37.985029858,1,1
37.985049068,1,0
37.985090494,1,1
37.985133010,1,0
37.985174436,1,1
37.985195734,0,1
37.985215962,0,0
37.985257396,0,1
37.985280694,1,1
37.985299898,1,0
37.985341322,1,1
37.985362626,0,1
37.985382856,0,0
37.985424292,0,1
37.985465812,0,0
37.985509710,0,1
37.985551226,0,0
37.985589692,0,1
37.985612998,1,1
37.985632200,1,0
37.985677092,1,1
37.985693622,1,0
37.996859722,1,1
38.005091692,1,0
38.013510226,1,1
38.021742598,1,0
38.030172770,1,1
38.038405644,1,0
38.046824754,1,1
38.055069134,1,0
38.063487954,1,1
38.065193674,0,1
38.065205508,0,0
38.065248426,0,1
38.065271730,1,1
38.065290934,1,0
38.065332370,1,1
38.065374884,1,0
38.065416312,1,1
38.065437612,0,1
38.065457844,0,0
38.065499280,0,1
38.065540806,0,0
38.065582240,0,1
38.065605544,1,1
38.065624750,1,0
38.065666182,1,1
38.065708698,1,0
38.065750136,1,1
38.065771436,0,1
38.065791668,0,0
38.065833104,0,1
38.065874626,0,0
38.065918530,0,1
38.065941830,1,1
38.065961034,1,0
38.065999502,1,1
38.066042018,1,0
38.066086902,1,1
38.066122166,1,0
38.076850162,1,1
38.078504386,0,1
38.078516220,0,0
38.078559140,0,1
38.078600670,0,0
38.078642108,0,1
38.078683634,0,0
38.078725076,0,1
38.078748378,1,1
38.078767584,1,0
38.078809022,1,1
38.078830324,0,1
38.078850556,0,0
38.078891998,0,1
38.078915304,1,1
38.078934508,1,0
38.078975946,1,1
38.079018464,1,0
38.079059902,1,1
38.079081206,0,1
38.079101438,0,0
38.079142876,0,1
38.079184406,0,0
38.079228318,0,1
38.079269844,0,0
38.079308320,0,1
38.079331624,1,1
38.079350830,1,0
38.079395724,1,1
38.079431856,1,0
38.092916264,1,1
38.092924840,1,0
38.093072092,0,0
38.093072118,0,1
38.093303704,0,0
38.093307434,1,0
38.093345152,1,1
38.093386688,1,0
38.093390176,0,0
38.093428144,0,1
38.093470664,0,0
38.093474954,1,0
38.093512106,1,1
38.093512108,1,0
38.093512114,1,1
38.093553640,1,0
38.093595084,1,1
38.093636614,1,0
38.093641452,0,0
38.093678070,0,1
38.093720588,0,0
38.093724558,1,0
38.093762032,1,1
38.093803570,1,0
38.093845022,1,1
38.093886554,1,0
38.093927998,1,1
38.093971006,1,0
38.094012444,1,1
38.094054970,1,0
38.094096418,1,1
38.094129568,0,1
38.094142888,0,0
38.094184350,0,1
38.094207666,1,1
38.094479752,0,1
38.094491588,0,0
38.094534510,0,1
38.094576046,0,0
38.094617490,0,1
38.094640800,1,1
38.094660004,1,0
38.094701444,1,1
38.094722746,0,1
38.094742978,0,0
38.094784416,0,1
38.094807724,1,1
38.094826932,1,0
38.094868368,1,1
38.094910888,1,0
38.094952318,1,1
38.094994826,1,0
38.095036274,1,1
38.095078806,1,0
38.095120250,1,1
38.095162770,1,0
38.095206680,1,1
38.095249208,1,0
38.095287684,1,1
38.095330202,1,0
38.095375098,1,1
38.095398384,1,0
38.095545602,0,0
38.095545628,0,1
38.095594488,0,0
38.095635948,0,1
38.095678470,0,0
38.095719922,0,1
38.095762446,0,0
38.095803900,0,1
38.095846426,0,0
38.095887880,0,1
38.095930404,0,0
38.095971856,0,1
38.096014380,0,0
38.096055840,0,1
38.096098360,0,0
38.096139816,0,1
38.096182340,0,0
38.096223792,0,1
38.096267796,0,0
38.096271748,1,0
38.096309246,1,1
38.096351766,1,0
38.096393210,1,1
38.096426366,0,1
38.096439688,0,0
38.096481140,0,1
38.096504450,1,1
38.096847934,0,1
38.096859752,0,0
38.096902604,0,1
38.096944074,0,0
38.096985448,0,1
38.097008720,1,1
38.097027900,1,0
38.097069272,1,1
38.097090544,0,1
38.097110740,0,0
38.097152108,0,1
38.097175378,1,1
38.097194558,1,0
38.097235924,1,1
38.097278376,1,0
38.097319738,1,1
38.097362190,1,0
38.097403544,1,1
38.097445998,1,0
38.097487356,1,1
38.097529810,1,0
38.097573636,1,1
38.097616094,1,0
38.097654494,1,1
38.097696944,1,0
38.097741760,1,1
38.097760482,1,0
38.106179186,1,1
38.107656208,0,1
38.107668022,0,0
38.107710862,0,1
38.107752314,0,0
38.107793670,0,1
38.107835130,0,0
38.107876486,0,1
38.107917940,0,0
38.107959300,0,1
38.108000752,0,0
38.108042112,0,1
38.108065372,1,1
38.108084550,1,0
38.108125904,1,1
38.108168348,1,0
38.108209704,1,1
38.108252152,1,0
38.108293500,1,1
38.108293504,1,0
38.108293508,1,1
38.108335954,1,0
38.108379782,1,1
38.108422224,1,0
38.108460622,1,1
38.108503064,1,0
38.108547866,1,1
38.112180510,0,1
38.112192322,0,0
38.112235156,0,1
38.112258418,1,1
38.112277594,1,0
38.112318946,1,1
38.112361388,1,0
38.112402742,1,1
38.112424010,0,1
38.112444204,0,0
38.112485560,0,1
38.112527012,0,0
38.112568372,0,1
38.112591634,1,1
38.112610810,1,0
38.112652164,1,1
38.112694612,1,0
38.112735962,1,1
38.112757230,0,1
38.112777424,0,0
38.112818782,0,1
38.112860236,0,0
38.112904060,0,1
38.112927322,1,1
38.112946498,1,0
38.112984892,1,1
38.113027336,1,0
38.113072146,1,1
38.113088786,1,0
38.124850156,1,1
38.126134382,0,1
38.126146198,0,0
38.126189042,0,1
38.126230506,0,0
38.126271874,0,1
38.126313342,0,0
38.126354708,0,1
38.126396174,0,0
38.126437544,0,1
38.126479006,0,0
38.126520368,0,1
38.126543630,1,1
38.126562808,1,0
38.126604162,1,1
38.126646602,1,0
38.126687952,1,1
38.126730398,1,0
38.126771744,1,1
38.126814190,1,0
38.126858004,1,1
38.126900446,1,0
38.126938842,1,1
38.126981288,1,0
38.127026088,1,1
38.130659258,0,1
38.130671070,0,0
38.130713898,0,1
38.130755350,0,0
38.130796700,0,1
38.130838150,0,0
38.130879502,0,1
38.130902766,1,1
38.130921942,1,0
38.130963288,1,1
38.130984562,0,1
38.131004754,0,0
38.131046114,0,1
38.131069374,1,1
38.131088548,1,0
38.131129892,1,1
38.131172326,1,0
38.131213666,1,1
38.131234926,0,1
38.131255114,0,0
38.131296454,0,1
38.131337896,0,0
38.131381700,0,1
38.131423140,0,0
38.131461524,0,1
38.131484774,1,1
38.131503944,1,0
38.131548730,1,1
38.131565372,1,0
38.140861728,1,1
38.149094492,1,0
38.157512552,1,1
38.165756228,1,0
38.174174624,1,1
38.182407356,1,0
38.190837578,1,1
38.199069938,1,0
38.207487880,1,1
38.215776022,1,0
38.224205634,1,1
38.224214212,1,0
38.224361420,0,0
38.224361446,0,1
38.225823560,0,0
38.225827032,1,0
38.225864912,1,1
38.225906358,1,0
38.225909762,0,0
38.225947708,0,1
38.225990138,0,0
38.225994524,1,0
38.226031488,1,1
38.226072940,1,0
38.226114290,1,1
38.226155734,1,0
38.226159328,0,0
38.226197098,0,1
38.226239534,0,0
38.226242420,1,0
38.226280888,1,1
38.226322338,1,0
38.226363688,1,1
38.226405136,1,0
38.226446488,1,1
38.226489414,1,0
38.226530754,1,1
38.226573186,1,0
38.226614534,1,1
38.226647618,0,1
38.226660910,0,0
38.226702272,0,1
38.226725534,1,1
38.226997050,0,1
38.227008862,0,0
38.227051690,0,1
38.227093138,0,0
38.227134492,0,1
38.227157750,1,1
38.227176922,1,0
38.227218270,1,1
38.227239536,0,1
38.227259726,0,0
38.227301078,0,1
38.227324336,1,1
38.227324338,0,1
38.227324340,1,1
38.227343514,1,0
38.227384862,1,1
38.227427302,1,0
38.227468652,1,1
38.227511092,1,0
38.227552438,1,1
38.227594876,1,0
38.227636224,1,1
38.227678662,1,0
38.227722466,1,1
38.227764908,1,0
38.227803296,1,1
38.227845728,1,0
38.227890522,1,1
38.227913408,1,0
38.228060634,0,0
38.228060662,0,1
38.228109442,0,0
38.228150800,0,1
38.228193238,0,0
38.228234596,0,1
38.228277042,0,0
38.228280642,1,0
38.228318402,1,1
38.228359854,1,0
38.228363360,0,0
38.228401220,0,1
38.228443658,0,0
38.228485014,0,1
38.228527458,0,0
38.228568818,0,1
38.228611260,0,0
38.228652626,0,1
38.228695066,0,0
38.228736430,0,1
38.228780346,0,0
38.228821706,0,1
38.228860690,0,0
38.228862558,1,0
38.228902042,1,1
38.228935132,0,1
38.228948424,0,0
38.228989790,0,1
38.229013048,1,1
38.229351762,0,1
38.229363592,0,0
38.229406492,0,1
38.229448004,0,0
38.229489430,0,1
38.229512726,1,1
38.229531928,1,0
38.229573352,1,1
38.229594648,0,1
38.229614872,0,0
38.229656298,0,1
38.229679594,1,1
38.229698798,1,0
38.229740220,1,1
38.229782728,1,0
38.229824152,1,1
38.229866662,1,0
38.229908086,1,1
38.229950588,1,0
38.229992008,1,1
38.230034520,1,0
38.230078410,1,1
38.230120922,1,0
38.230159382,1,1
38.230201890,1,0
38.230246770,1,1
38.230265818,1,0
38.238684414,1,1
38.246916954,1,0
38.255334454,1,1
38.263577314,1,0
38.271995672,1,1
38.280227722,1,0
38.288656926,1,1
38.296889072,1,0
38.305306942,1,1
38.305345220,0,1
38.305357058,0,0
38.305399984,0,1
38.305441516,0,0
38.305482962,0,1
38.305524496,0,0
38.305565942,0,1
38.305589254,1,1
38.305608464,1,0
38.305649904,1,1
38.305671210,0,1
38.305691442,0,0
38.305732878,0,1
38.305756182,1,1
38.305775384,1,0
38.305816806,1,1
38.305859310,1,0
38.305900732,1,1
38.305922028,0,1
38.305942254,0,0
38.305983690,0,1
38.306025222,0,0
38.306069138,0,1
38.306110670,0,0
38.306149152,0,1
38.306172464,1,1
38.306191670,1,0
38.306236570,1,1
38.306271724,1,0
38.316850914,1,1
38.318769436,0,1
38.318781274,0,0
38.318824198,0,1
38.318847506,1,1
38.318866716,1,0
38.318908156,1,1
38.318950678,1,0
38.318992122,1,1
38.319013426,0,1
38.319033660,0,0
38.319075110,0,1
38.319116644,0,0
38.319158090,0,1
38.319181396,1,1
38.319200604,1,0
38.319242042,1,1
38.319242046,1,0
38.319242050,1,1
38.319284568,1,0
38.319326010,1,1
38.319347314,0,1
38.319367546,0,0
38.319408990,0,1
38.319450520,0,0
38.319494438,0,1
38.319517746,1,1
38.319536956,1,0
38.319575432,1,1
38.319617956,1,0
38.319662856,1,1
38.319698882,1,0
38.332859992,1,1
38.335498336,0,1
38.335510174,0,0
38.335553106,0,1
38.335594638,0,0
38.335636088,0,1
38.335677622,0,0
38.335719068,0,1
38.335760602,0,0
38.335802052,0,1
38.335843584,0,0
38.335885034,0,1
38.335908346,1,1
38.335927554,1,0
38.335968998,1,1
38.336011524,1,0
38.336052970,1,1
38.336095496,1,0
38.336136944,1,1
38.336179470,1,0
38.336223382,1,1
38.336265912,1,0
38.336304398,1,1
38.336346926,1,0
38.336391832,1,1
38.340031594,0,1
38.340043434,0,0
38.340086364,0,1
38.340109678,1,1
38.340128888,1,0
38.340170328,1,1
38.340212858,1,0
38.340254302,1,1
38.340275608,0,1
38.340295842,0,0
38.340337298,0,1
38.340378838,0,0
38.340420286,0,1
38.340443598,1,1
38.340462810,1,0
38.340504256,1,1
38.340546780,1,0
38.340588226,1,1
38.340609534,0,1
38.340629768,0,0
38.340671212,0,1
38.340712748,0,0
38.340756666,0,1
38.340779974,1,1
38.340799184,1,0
38.340837662,1,1
38.340880192,1,0
38.340925092,1,1
38.340941522,1,0
38.356849622,1,1
38.356955920,0,1
38.356967756,0,0
38.357010684,0,1
38.357052214,0,0
38.357093662,0,1
38.357135196,0,0
38.357176644,0,1
38.357218176,0,0
38.357259624,0,1
38.357301158,0,0
38.357342604,0,1
38.357365916,1,1
38.357385124,1,0
38.357426566,1,1
38.357469090,1,0
38.357510534,1,1
38.357553058,1,0
38.357594496,1,1
38.357637022,1,0
38.357680928,1,1
38.357723452,1,0
38.357761928,1,1
38.357804452,1,0
38.357849352,1,1
38.361490172,0,1
38.361502010,0,0
38.361544940,0,1
38.361586474,0,0
38.361627922,0,1
38.361669458,0,0
38.361710914,0,1
38.361734226,1,1
38.361753436,1,0
38.361794876,1,1
38.361816188,0,1
38.361836426,0,0
38.361877876,0,1
38.361901186,1,1
38.361920396,1,0
38.361961844,1,1
38.362004372,1,0
38.362045818,1,1
38.362067128,0,1
38.362087368,0,0
38.362128822,0,1
38.362170354,0,0
38.362214278,0,1
38.362255814,0,0
38.362294300,0,1
38.362317612,1,1
38.362336826,1,0
38.362381730,1,1
38.362398796,1,0
38.372846454,1,1
38.381078678,1,0
38.389507532,1,1
38.397739884,1,0
38.406158440,1,1
38.414390518,1,0
38.422819704,1,1
38.431051822,1,0
38.439470592,1,1
38.447713702,1,0
38.456131950,1,1
38.464364562,1,0
38.472793934,1,1
38.481025582,1,0
38.489443492,1,1
38.497676086,1,0
38.506105688,1,1
38.514337234,1,0
38.522755052,1,1
38.524648374,0,1
38.524660210,0,0
38.524703138,0,1
38.524744672,0,0
38.524786120,0,1
38.524827650,0,0
38.524869094,0,1
38.524892406,1,1
38.524911616,1,0
38.524953060,1,1
38.524974362,0,1
38.524994596,0,0
38.525036044,0,1
38.525059356,1,1
38.525078560,1,0
38.525120002,1,1
38.525162530,1,0
38.525203970,1,1
38.525225278,0,1
38.525245512,0,0
38.525286960,0,1
38.525328492,0,0
38.525372404,0,1
38.525413938,0,0
38.525452420,0,1
38.525475724,1,1
38.525494934,1,0
38.525539838,1,1
38.525575456,1,0
38.540857238,1,1
38.542406532,0,1
38.542418370,0,0
38.542461306,0,1
38.542484620,1,1
38.542503830,1,0
38.542545274,1,1
38.542587802,1,0
38.542629250,1,1
38.542650556,0,1
38.542670792,0,0
38.542712250,0,1
38.542735562,1,1
38.542754772,1,0
38.542796220,1,1
38.542817526,0,1
38.542837762,0,0
38.542879218,0,1
38.542902524,1,1
38.542921736,1,0
38.542963184,1,1
38.542984492,0,1
38.543004728,0,0
38.543046180,0,1
38.543087718,0,0
38.543131642,0,1
38.543154952,1,1
38.543174164,1,0
38.543212646,1,1
38.543255180,1,0
38.543300084,1,1
38.543300088,1,0
38.543300090,1,1
38.543335284,1,0
38.556846190,1,1
38.559332568,0,1
38.559344408,0,0
38.559387346,0,1
38.559428880,0,0
38.559470336,0,1
38.559511874,0,0
38.559553330,0,1
38.559594868,0,0
38.559636324,0,1
38.559677862,0,0
38.559719316,0,1
38.559742632,1,1
38.559761842,1,0
38.559803292,1,1
38.559845822,1,0
38.559887270,1,1
38.559929800,1,0
38.559971248,1,1
38.560013780,1,0
38.560057704,1,1
38.560100236,1,0
38.560138722,1,1
38.560181252,1,0
38.560226156,1,1
38.563867270,0,1
38.563879108,0,0
38.563922042,0,1
38.563963590,0,0
38.564005050,0,1
38.564046592,0,0
38.564088048,0,1
38.564111362,1,1
38.564130570,1,0
38.564172018,1,1
38.564193328,0,1
38.564213566,0,0
38.564255020,0,1
38.564278330,1,1
38.564297540,1,0
38.564338996,1,1
38.564381528,1,0
38.564422978,1,1
38.564444288,0,1
38.564464524,0,0
38.564505978,0,1
38.564547516,0,0
38.564591442,0,1
38.564632978,0,0
38.564671466,0,1
38.564694778,1,1
38.564713990,1,0
38.564758896,1,1
38.564776006,1,0
38.580859882,1,1
38.580903674,0,1
38.580915512,0,0
38.580958454,0,1
38.580999992,0,0
38.581041448,0,1
38.581082994,0,0
38.581124456,0,1
38.581165994,0,0
38.581207448,0,1
38.581248988,0,0
38.581290442,0,1
38.581313752,1,1
38.581332964,1,0
38.581374418,1,1
38.581416950,1,0
38.581458396,1,1
38.581500928,1,0
38.581542378,1,1
38.581584910,1,0
38.581628830,1,1
38.581671366,1,0
38.581709848,1,1
38.581752382,1,0
38.581797290,1,1
38.585437476,0,1
38.585449316,0,0
38.585492248,0,1
38.585515558,1,1
38.585534768,1,0
38.585576216,1,1
38.585618748,1,0
38.585660194,1,1
38.585681502,0,1
38.585701740,0,0
38.585743190,0,1
38.585766498,1,1
38.585785710,1,0
38.585827156,1,1
38.585848464,0,1
38.585868700,0,0
38.585910150,0,1
38.585933460,1,1
38.585952668,1,0
38.585994116,1,1
38.586015420,0,1
38.586035654,0,0
38.586077108,0,1
38.586118650,0,0
38.586162574,0,1
38.586185886,1,1
38.586205098,1,0
38.586243584,1,1
38.586286112,1,0
38.586331018,1,1
38.586347558,1,0
38.596846826,1,1
38.605079040,1,0
38.613508236,1,1
38.621739412,1,0
38.630157258,1,1
38.638388824,1,0
38.646817668,1,1
38.655049194,1,0
38.663466704,1,1
38.665799548,0,1
38.665811386,0,0
38.665854322,0,1
38.665895860,0,0
38.665937318,0,1
38.665978862,0,0
38.666020316,0,1
38.666043638,1,1
38.666062852,1,0
38.666104312,1,1
38.666125618,0,1
38.666145856,0,0
38.666187320,0,1
38.666210636,1,1
38.666229846,1,0
38.666271294,1,1
38.666313830,1,0
38.666355284,1,1
38.666376594,0,1
38.666396830,0,0
38.666438292,0,1
38.666479830,0,0
38.666523756,0,1
38.666565294,0,0
38.666603786,0,1
38.666627100,1,1
38.666646308,1,0
38.666691216,1,1
38.666726926,1,0
38.676859418,1,1
38.679109434,0,1
38.679121274,0,0
38.679164212,0,1
38.679187526,1,1
38.679206736,1,0
38.679248182,1,1
38.679290716,1,0
38.679332172,1,1
38.679353478,0,1
38.679373714,0,0
38.679415170,0,1
38.679438490,1,1
38.679457700,1,0
38.679499152,1,1
38.679520462,0,1
38.679540702,0,0
38.679582160,0,1
38.679605474,1,1
38.679624686,1,0
38.679666136,1,1
38.679687446,0,1
38.679707684,0,0
38.679749138,0,1
38.679790676,0,0
38.679834606,0,1
38.679857916,1,1
38.679877130,1,0
38.679915620,1,1
38.679958152,1,0
38.680003064,1,1
38.680038458,1,0
38.692847418,1,1
38.693435874,0,1
38.693447714,0,0
38.693490650,0,1
38.693532194,0,0
38.693573654,0,1
38.693615200,0,0
38.693656658,0,1
38.693698204,0,0
38.693739662,0,1
38.693781206,0,0
38.693822668,0,1
38.693845984,1,1
38.693865196,1,0
38.693906652,1,1
38.693949190,1,0
38.693990642,1,1
38.694033178,1,0
38.694074640,1,1
38.694117174,1,0
38.694161104,1,1
38.694203638,1,0
38.694242128,1,1
38.694284664,1,0
38.694329586,1,1
38.697971314,0,1
38.697983154,0,0
38.698026096,0,1
38.698067642,0,0
38.698109100,0,1
38.698150652,0,0
38.698192116,0,1
38.698215432,1,1
38.698234646,1,0
38.698276102,1,1
38.698297416,0,1
38.698317658,0,0
38.698359118,0,1
38.698382436,1,1
38.698401650,1,0
38.698443106,1,1
38.698485640,1,0
38.698527096,1,1
38.698548408,0,1
38.698568648,0,0
38.698610110,0,1
38.698651652,0,0
38.698695584,0,1
38.698737126,0,0
38.698775620,0,1
38.698798938,1,1
38.698818152,1,0
38.698863068,1,1
38.698879612,1,0
38.708847008,1,1
38.708886942,0,1
38.708898786,0,0
38.708941728,0,1
38.708983272,0,0
38.709024736,0,1
38.709066280,0,0
38.709107744,0,1
38.709149286,0,0
38.709190746,0,1
38.709232286,0,0
38.709273748,0,1
38.709297064,1,1
38.709316278,1,0
38.709357736,1,1
38.709400272,1,0
38.709441724,1,1
38.709484260,1,0
38.709525718,1,1
38.709568252,1,0
38.709612176,1,1
38.709654712,1,0
38.709693204,1,1
38.709735738,1,0
38.709780650,1,1
38.713421444,0,1
38.713433284,0,0
38.713476224,0,1
38.713499540,1,1
38.713518750,1,0
38.713560202,1,1
38.713602736,1,0
38.713644186,1,1
38.713665498,0,1
38.713685736,0,0
38.713727194,0,1
38.713750512,1,1
38.713769722,1,0
38.713811170,1,1
38.713832482,0,1
38.713852720,0,0
38.713894178,0,1
38.713917500,1,1
38.713936716,1,0
38.713978186,1,1
38.713999498,0,1
38.714019742,0,0
38.714061208,0,1
38.714102752,0,0
38.714146688,0,1
38.714170002,1,1
38.714189216,1,0
38.714227710,1,1
38.714270246,1,0
38.714315162,1,1
38.714331584,1,0
38.724846080,1,1
38.733077766,1,0
38.741505740,1,1
38.749791220,1,0
38.758209252,1,1
38.766440808,1,0
38.774869932,1,1
38.783156772,1,0
38.791575168,1,1
38.799818908,1,0
38.808236214,1,1
38.813026210,0,1
38.813038050,0,0
38.813080988,0,1
38.813104304,1,1
38.813123516,1,0
38.813164970,1,1
38.813207498,1,0
38.813248956,1,1
38.813270262,0,1
38.813290498,0,0
38.813331950,0,1
38.813355268,1,1
38.813374482,1,0
38.813415936,1,1
38.813437242,0,1
38.813457476,0,0
38.813498930,0,1
38.813522242,1,1
38.813541454,1,0
38.813582904,1,1
38.813604216,0,1
38.813624454,0,0
38.813665910,0,1
38.813707448,0,0
38.813751370,0,1
38.813774686,1,1
38.813793894,1,0
38.813832380,1,1
38.813874906,1,0
38.813919820,1,1
38.813954972,1,0
38.828845184,1,1
38.829266956,0,1
38.829278794,0,0
38.829321736,0,1
38.829363282,0,0
38.829404744,0,1
38.829446284,0,0
38.829487744,0,1
38.829511058,1,1
38.829530274,1,0
38.829571728,1,1
38.829593036,0,1
38.829613276,0,0
38.829654734,0,1
38.829678050,1,1
38.829697264,1,0
38.829738722,1,1
38.829781258,1,0
38.829822716,1,1
38.829844024,0,1
38.829864264,0,0
38.829905726,0,1
38.829947266,0,0
38.829991198,0,1
38.830032742,0,0
38.830071238,0,1
38.830094554,1,1
38.830113766,1,0
38.830158684,1,1
38.830194664,1,0
38.844900782,1,1
38.846682828,0,1
38.846694668,0,0
38.846737612,0,1
38.846779156,0,0
38.846820618,0,1
38.846862164,0,0
38.846903622,0,1
38.846945174,0,0
38.846986636,0,1
38.847028180,0,0
38.847069646,0,1
38.847092964,1,1
38.847112178,1,0
38.847153638,1,1
38.847196176,1,0
38.847237630,1,1
38.847280164,1,0
38.847321622,1,1
38.847364160,1,0
38.847408084,1,1
38.847408086,1,0
38.847408092,1,1
38.847450628,1,0
38.847489122,1,1
38.847531656,1,0
38.847576576,1,1
38.851218126,0,1
38.851229966,0,0
38.851272910,0,1
38.851314456,0,0
38.851355914,0,1
38.851397462,0,0
38.851438920,0,1
38.851462236,1,1
38.851481450,1,0
38.851522904,1,1
38.851544216,0,1
38.851564456,0,0
38.851605914,0,1
38.851629230,1,1
38.851648442,1,0
38.851689896,1,1
38.851732430,1,0
38.851773890,1,1
38.851795198,0,1
38.851815440,0,0
38.851856898,0,1
38.851898442,0,0
38.851942374,0,1
38.851983916,0,0
38.852022412,0,1
38.852045730,1,1
38.852064948,1,0
38.852109864,1,1
38.852126700,1,0
38.860846570,1,1
38.861948500,0,1
38.861960342,0,0
38.862003284,0,1
38.862044832,0,0
38.862086294,0,1
38.862127844,0,0
38.862169308,0,1
38.862210850,0,0
38.862252314,0,1
38.862293862,0,0
38.862335326,0,1
38.862358646,1,1
38.862377860,1,0
38.862419322,1,1
38.862461854,1,0
38.862503308,1,1
38.862545848,1,0
38.862587308,1,1
38.862629844,1,0
38.862673774,1,1
38.862716304,1,0
38.862754792,1,1
38.862797324,1,0
38.862842240,1,1
38.866482920,0,1
38.866494758,0,0
38.866537698,0,1
38.866561010,1,1
38.866580226,1,0
38.866621682,1,1
38.866664214,1,0
38.866705668,1,1
38.866726976,0,1
38.866747214,0,0
38.866788674,0,1
38.866811986,1,1
38.866831200,1,0
38.866872656,1,1
38.866893966,0,1
38.866914204,0,0
38.866955666,0,1
38.866978980,1,1
38.866998196,1,0
38.867039654,1,1
38.867060962,0,1
38.867081202,0,0
38.867122664,0,1
38.867164206,0,0
38.867208136,0,1
38.867231452,1,1
38.867250666,1,0
38.867289156,1,1
38.867331690,1,0
38.867376606,1,1
38.867393776,1,0
38.876900508,1,1
38.885132584,1,0
38.893560920,1,1
38.901792120,1,0
38.910263928,1,1
38.918495734,1,0
38.926924240,1,1
38.935155394,1,0
38.943626796,1,1
38.951868820,1,0
38.960285776,1,1
38.960285782,1,0
38.960285784,1,1
38.966559454,0,1
38.966571294,0,0
38.966614232,0,1
38.966637544,1,1
38.966656754,1,0
38.966698206,1,1
38.966740736,1,0
38.966782182,1,1
38.966803488,0,1
38.966823724,0,0
38.966865176,0,1
38.966888492,1,1
38.966907702,1,0
38.966949150,1,1
38.966970458,0,1
38.966990696,0,0
38.967032154,0,1
38.967055468,1,1
38.967074678,1,0
38.967116132,1,1
38.967137444,0,1
38.967157680,0,0
38.967199136,0,1
38.967240676,0,0
38.967284602,0,1
38.967307916,1,1
38.967327128,1,0
38.967365620,1,1
38.967408154,1,0
38.967453062,1,1
38.967488244,1,0
38.980858554,1,1
38.982801744,0,1
38.982813588,0,0
38.982856542,0,1
38.982898098,0,0
38.982939570,0,1
38.982981126,0,0
38.983022600,0,1
38.983045922,1,1
38.983065140,1,0
38.983106606,1,1
38.983106610,1,0
38.983106612,1,1
38.983127924,0,1
38.983148168,0,0
38.983189640,0,1
38.983212960,1,1
38.983232178,1,0
38.983273650,1,1
38.983316192,1,0
38.983357658,1,1
38.983378978,0,1
38.983399222,0,0
38.983440696,0,1
38.983482252,0,0
38.983526200,0,1
38.983567750,0,0
38.983606256,0,1
38.983629582,1,1
38.983648800,1,0
38.983693722,1,1
38.983729760,1,0
38.996856578,1,1
38.997120568,0,1
38.997132412,0,0
38.997175356,0,1
38.997216896,0,0
38.997258362,0,1
38.997299896,0,0
38.997341346,0,1
38.997382896,0,0
38.997424376,0,1
38.997465920,0,0
38.997507386,0,1
38.997530704,1,1
38.997549920,1,0
38.997591380,1,1
38.997633916,1,0
38.997675372,1,1
38.997675376,1,0
38.997675378,1,1
38.997717912,1,0
38.997759372,1,1
38.997801910,1,0
38.997845838,1,1
38.997888370,1,0
38.997926862,1,1
38.997969402,1,0
38.998014316,1,1
39.001656200,0,1
39.001668040,0,0
39.001710984,0,1
39.001752530,0,0
39.001793990,0,1
39.001835538,0,0
39.001877006,0,1
39.001900322,1,1
39.001919536,1,0
39.001960992,1,1
39.001982306,0,1
39.002002548,0,0
39.002044014,0,1
39.002067334,1,1
39.002086546,1,0
39.002128010,1,1
39.002170546,1,0
39.002212006,1,1
39.002233318,0,1
39.002253558,0,0
39.002295022,0,1
39.002336566,0,0
39.002380502,0,1
39.002422048,0,0
39.002460548,0,1
39.002483864,1,1
39.002503078,1,0
39.002547992,1,1
39.002564460,1,0
39.012857106,1,1
39.015485502,0,1
39.015497344,0,0
39.015540292,0,1
39.015581840,0,0
39.015623312,0,1
39.015664860,0,0
39.015706322,0,1
39.015747868,0,0
39.015789332,0,1
39.015830880,0,0
39.015872346,0,1
39.015895666,1,1
39.015914878,1,0
39.015956334,1,1
39.015998870,1,0
39.016040334,1,1
39.016082872,1,0
39.016124332,1,1
39.016166870,1,0
39.016210796,1,1
39.016253336,1,0
39.016291836,1,1
39.016334374,1,0
39.016379294,1,1
39.020022464,0,1
39.020034310,0,0
39.020077274,0,1
39.020100604,1,1
39.020119826,1,0
39.020161306,1,1
39.020203864,1,0
39.020245344,1,1
39.020266662,0,1
39.020286914,0,0
39.020328402,0,1
39.020351734,1,1
39.020370960,1,0
39.020412442,1,1
39.020433766,0,1
39.020454018,0,0
39.020495502,0,1
39.020518830,1,1
39.020538052,1,0
39.020579536,1,1
39.020600856,0,1
39.020621106,0,0
39.020662592,0,1
39.020704158,0,0
39.020748116,0,1
39.020771446,1,1
39.020790664,1,0
39.020829180,1,1
39.020871736,1,0
39.020916678,1,1
39.020933852,1,0
39.036900482,1,1
39.045143244,1,0
39.053560766,1,1
39.061793064,1,0
39.070276820,1,1
39.078508882,1,0
39.086925458,1,1
39.095157206,1,0
39.103640844,1,1
39.105534228,0,1
39.105546074,0,0
39.105589034,0,1
39.105612358,1,1
39.105631576,1,0
39.105673052,1,1
39.105715604,1,0
39.105757076,1,1
39.105778396,0,1
39.105798646,0,0
39.105840122,0,1
39.105863450,1,1
39.105882668,1,0
39.105924142,1,1
39.105945462,0,1
39.105965710,0,0
39.106007186,0,1
39.106030514,1,1
39.106049734,1,0
39.106091208,1,1
39.106112528,0,1
39.106132776,0,0
39.106174252,0,1
39.106215814,0,0
39.106259762,0,1
39.106283088,1,1
39.106302306,1,0
39.106340818,1,1
39.106383364,1,0
39.106428294,1,1
39.106464466,1,0
39.116856410,1,1
39.119273564,0,1
39.119285410,0,0
39.119328380,0,1
39.119369942,0,0
39.119411426,0,1
39.119452990,0,0
39.119494474,0,1
39.119517800,1,1
39.119537020,1,0
39.119578506,1,1
39.119599824,0,1
39.119620072,0,0
39.119661556,0,1
39.119684888,1,1
39.119704108,1,0
39.119745594,1,1
39.119788146,1,0
39.119829634,1,1
39.119850952,0,1
39.119871200,0,0
39.119912682,0,1
39.119954246,0,0
39.119998198,0,1
39.120039764,0,0
39.120078286,0,1
39.120101616,1,1
39.120120836,1,0
39.120165778,1,1
39.120201836,1,0
39.132844420,1,1
39.134662820,0,1
39.134674674,0,0
39.134717664,0,1
39.134759256,0,0
39.134800774,0,1
39.134842370,0,0
39.134883894,0,1
39.134925492,0,0
39.134967016,0,1
39.135008612,0,0
39.135050136,0,1
39.135073486,1,1
39.135092720,1,0
39.135134238,1,1
39.135176830,1,0
39.135218344,1,1
39.135260934,1,0
39.135302450,1,1
39.135345042,1,0
39.135389030,1,1
39.135431620,1,0
39.135470162,1,1
39.135512748,1,0
39.135557724,1,1
39.139204754,0,1
39.139216612,0,0
39.139259618,0,1
39.139301214,0,0
39.139342736,0,1
39.139384334,0,0
39.139425854,0,1
39.139449200,1,1
39.139468438,1,0
39.139509952,1,1
39.139531288,0,1
39.139551554,0,0
39.139593076,0,1
39.139616422,1,1
39.139635658,1,0
39.139677176,1,1
39.139719762,1,0
39.139761274,1,1
39.139782610,0,1
39.139802874,0,0
39.139844390,0,1
39.139885984,0,0
39.139929974,0,1
39.139971568,0,0
39.140010116,0,1
39.140033462,1,1
39.140052698,1,0
39.140097668,1,1
39.140113998,1,0
39.148901370,1,1
39.154679706,0,1
39.154691562,0,0
39.154734566,0,1
39.154776156,0,0
39.154817676,0,1
39.154859272,0,0
39.154900794,0,1
39.154942390,0,0
39.154983910,0,1
39.155025506,0,0
39.155067024,0,1
39.155090370,1,1
39.155109602,1,0
39.155151106,1,1
39.155193684,1,0
39.155235186,1,1
39.155277760,1,0
39.155319258,1,1
39.155361834,1,0
39.155405804,1,1
39.155448378,1,0
39.155486906,1,1
39.155529480,1,0
39.155574434,1,1
39.155574438,1,0
39.155574442,1,1
39.159219836,0,1
39.159231692,0,0
39.159274692,0,1
39.159298040,1,1
39.159317274,1,0
39.159358786,1,1
39.159401378,1,0
39.159442892,1,1
39.159464230,0,1
39.159484494,0,0
39.159526014,0,1
39.159549362,1,1
39.159568598,1,0
39.159610108,1,1
39.159631444,0,1
39.159651710,0,0
39.159693234,0,1
39.159716584,1,1
39.159735816,1,0
39.159777332,1,1
39.159798666,0,1
39.159818934,0,0
39.159860452,0,1
39.159902046,0,0
39.159946040,0,1
39.159969390,1,1
39.159988624,1,0
39.160027168,1,1
39.160069760,1,0
39.160114738,1,1
39.160131440,1,0
39.172846100,1,1
39.181078654,1,0
39.189507150,1,1
39.197739282,1,0
39.206157568,1,1
39.208712922,0,1
39.208724770,0,0
39.208767736,0,1
39.208809302,0,0
39.208850786,0,1
39.208892352,0,0
39.208933838,0,1
39.208957170,1,1
39.208976392,1,0
39.209017870,1,1
39.209039190,0,1
39.209059442,0,0
39.209100928,0,1
39.209124258,1,1
39.209143478,1,0
39.209184956,1,1
39.209227514,1,0
39.209268994,1,1
39.209290314,0,1
39.209310564,0,0
39.209352052,0,1
39.209393616,0,0
39.209437568,0,1
39.209479136,0,0
39.209517660,0,1
39.209540988,1,1
39.209560216,1,0
39.209605170,1,1
39.209640716,1,0
39.220857694,1,1
39.229088972,1,0
39.237506402,1,1
39.245749796,1,0
39.254168008,1,1
39.262399676,1,0
39.270829436,1,1
39.279062186,1,0
39.287480740,1,1
39.295713502,1,0
39.304143536,1,1
39.312376002,1,0
39.320794366,1,1
39.329038124,1,0
39.337455288,1,1
39.345686802,1,0
39.354115214,1,1
39.362346588,1,0
39.370763484,1,1
39.378994686,1,0
39.387423690,1,1
39.395655382,1,0
39.404073268,1,1
39.412316656,1,0
39.420734082,1,1
39.428965508,1,0
39.437449348,1,1
39.437457926,1,0
39.437605140,0,0
39.437605168,0,1
39.438377508,0,0
39.438381676,1,0
39.438418972,1,1
39.438460520,1,0
39.438464384,0,0
39.438501988,0,1
39.438544526,0,0
39.438547456,1,0
39.438585990,1,1
39.438627534,1,0
39.438668996,1,1
39.438710538,1,0
39.438715542,0,0
39.438752010,0,1
39.438794540,0,0
39.438798614,1,0
39.438836004,1,1
39.438877550,1,0
39.438919012,1,1
39.438960560,1,0
39.439002024,1,1
39.439045054,1,0
39.439086520,1,1
39.439129052,1,0
39.439170512,1,1
39.439203674,0,1
39.439216998,0,0
39.439258464,0,1
39.439281776,1,1
39.439553980,0,1
39.439565820,0,0
39.439608764,0,1
39.439650310,0,0
39.439691772,0,1
39.439715084,1,1
39.439734298,1,0
39.439775758,1,1
39.439797066,0,1
39.439817306,0,0
39.439858762,0,1
39.439882078,1,1
39.439901292,1,0
39.439942750,1,1
39.439985282,1,0
39.440026740,1,1
39.440069274,1,0
39.440110730,1,1
39.440153268,1,0
39.440194728,1,1
39.440237262,1,0
39.440281192,1,1
39.440323734,1,0
39.440362228,1,1
39.440404764,1,0
39.440449684,1,1
39.440473234,1,0
39.440620418,0,0
39.440620444,0,1
39.440669124,0,0
39.440710596,0,1
39.440753132,0,0
39.440794602,0,1
39.440837140,0,0
39.440878608,0,1
39.440921148,0,0
39.440962626,0,1
39.441005162,0,0
39.441046638,0,1
39.441089176,0,0
39.441130650,0,1
39.441173186,0,0
39.441214658,0,1
39.441257198,0,0
39.441298670,0,1
39.441342690,0,0
39.441346406,1,0
39.441384154,1,1
39.441426690,1,0
39.441468152,1,1
39.441501320,0,1
39.441514644,0,0
39.441556104,0,1
39.441579418,1,1
39.441923088,0,1
39.441934912,0,0
39.441977784,0,1
39.442019266,0,0
39.442060660,0,1
39.442083938,1,1
39.442103124,1,0
39.442144508,1,1
39.442165792,0,1
39.442185998,0,0
39.442227382,0,1
39.442250660,1,1
39.442269846,1,0
39.442311232,1,1
39.442353702,1,0
39.442395084,1,1
39.442437556,1,0
39.442478938,1,1
39.442521408,1,0
39.442562794,1,1
39.442605264,1,0
39.442649118,1,1
39.442691590,1,0
39.442730010,1,1
39.442772480,1,0
39.442817312,1,1
39.442836002,1,0
39.451251808,1,1
39.459482324,1,0
39.467899270,1,1
39.476142044,1,0
39.484558336,1,1
39.492789126,1,0
39.501217260,1,1
39.509448336,1,0
39.517865822,1,1
39.526108358,1,0
39.534525854,1,1
39.542756836,1,0
39.551174250,1,1
39.559418078,1,0
39.567836312,1,1
39.576068412,1,0
39.584497592,1,1
39.586744616,0,1
39.586756434,0,0
39.586799294,0,1
39.586840752,0,0
39.586882118,0,1
39.586923576,0,0
39.586964940,0,1
39.587006400,0,0
39.587047764,0,1
39.587089230,0,0
39.587130598,0,1
39.587153862,1,1
39.587173042,1,0
39.587214406,1,1
39.587256858,1,0
39.587298212,1,1
39.587340666,1,0
39.587382028,1,1
39.587424474,1,0
39.587468296,1,1
39.587510746,1,0
39.587549144,1,1
39.587591590,1,0
39.587636402,1,1
39.591270700,0,1
39.591282516,0,0
39.591325360,0,1
39.591366820,0,0
39.591408192,0,1
39.591449656,0,0
39.591491020,0,1
39.591514284,1,1
39.591533464,1,0
39.591574824,1,1
39.591596094,0,1
39.591616290,0,0
39.591657654,0,1
39.591680918,1,1
39.591700096,1,0
39.591741452,1,1
39.591783902,1,0
39.591825264,1,1
39.591846534,0,1
39.591866732,0,0
39.591908094,0,1
39.591949560,0,0
39.591993390,0,1
39.592034852,0,0
39.592073266,0,1
39.592096530,1,1
39.592115710,1,0
39.592160520,1,1
39.592176600,1,0
39.604845190,1,1
39.604853766,1,0
39.605000960,0,0
39.605000988,0,1
39.605115332,0,0
39.605118272,1,0
39.605156698,1,1
39.605198166,1,0
39.605202646,0,0
39.605239542,0,1
39.605281988,0,0
39.605285728,1,0
39.605323360,1,1
39.605364822,1,0
39.605406184,1,1
39.605447646,1,0
39.605452160,0,0
39.605489018,0,1
39.605531466,0,0
39.605535248,1,0
39.605572834,1,1
39.605614294,1,0
39.605655660,1,1
39.605697120,1,0
39.605738484,1,1
39.605781420,1,0
39.605822784,1,1
39.605865230,1,0
39.605906592,1,1
39.605939690,0,1
39.605952984,0,0
39.605994348,0,1
39.606017616,1,1
39.606289216,0,1
39.606301032,0,0
39.606343876,0,1
39.606385336,0,0
39.606426706,0,1
39.606449968,1,1
39.606469150,1,0
39.606510518,1,1
39.606531788,0,1
39.606551986,0,0
39.606593354,0,1
39.606616626,1,1
39.606635804,1,0
39.606677164,1,1
39.606719616,1,0
39.606760980,1,1
39.606803432,1,0
39.606844794,1,1
39.606887246,1,0
39.606928606,1,1
39.606971056,1,0
39.607014886,1,1
39.607057346,1,0
39.607095754,1,1
39.607138208,1,0
39.607183024,1,1
39.607205716,1,0
39.607352928,0,0
39.607352956,0,1
39.607402004,0,0
39.607443380,0,1
39.607485832,0,0
39.607527214,0,1
39.607569668,0,0
39.607572932,1,0
39.607611040,1,1
39.607652502,1,0
39.607657320,0,0
39.607693874,0,1
39.607693878,0,0
39.607693882,0,1
39.607736328,0,0
39.607777706,0,1
39.607820162,0,0
39.607861540,0,1
39.607903992,0,0
39.607945372,0,1
39.607987824,0,0
39.608029200,0,1
39.608073138,0,0
39.608114518,0,1
39.608153524,0,0
39.608156508,1,0
39.608194896,1,1
39.608228000,0,1
39.608241296,0,0
39.608282666,0,1
39.608305936,1,1
39.608644804,0,1
39.608656638,0,0
39.608699552,0,1
39.608741080,0,0
39.608782520,0,1
39.608805826,1,1
39.608825034,1,0
39.608866472,1,1
39.608887776,0,1
39.608908008,0,0
39.608949448,0,1
39.608972754,1,1
39.608991962,1,0
39.609033400,1,1
39.609033404,1,0
39.609033408,1,1
39.609075930,1,0
39.609117372,1,1
39.609159896,1,0
39.609201334,1,1
39.609243856,1,0
39.609285294,1,1
39.609327810,1,0
39.609371718,1,1
39.609414242,1,0
39.609452716,1,1
39.609495240,1,0
39.609540138,1,1
39.609558674,1,0
39.617975988,1,1
39.619596404,0,1
39.619608242,0,0
39.619651170,0,1
39.619692698,0,0
39.619734150,0,1
39.619775684,0,0
39.619817128,0,1
39.619840438,1,1
39.619859650,1,0
39.619901090,1,1
39.619922396,0,1
39.619942628,0,0
39.619984076,0,1
39.620007384,1,1
39.620026590,1,0
39.620068036,1,1
39.620110560,1,0
39.620152004,1,1
39.620173306,0,1
39.620193540,0,0
39.620234988,0,1
39.620276522,0,0
39.620320444,0,1
39.620361984,0,0
39.620400476,0,1
39.620423786,1,1
39.620442996,1,0
39.620487898,1,1
39.620511588,1,0
39.636856068,1,1
39.645088082,1,0
39.653506446,1,1
39.661749550,1,0
39.670167216,1,1
39.678399336,1,0
39.686828722,1,1
39.686828724,1,0
39.686828726,1,1
39.695060196,1,0
39.703478212,1,1
39.711709782,1,0
39.720139778,1,1
39.728372426,1,0
39.736846090,1,1
39.736854662,1,0
39.737001900,0,0
39.737001928,0,1
39.737774396,0,0
39.737778602,1,0
39.737815862,1,1
39.737857414,1,0
39.737861326,0,0
39.737898888,0,1
39.737941424,0,0
39.737944414,1,0
39.737982878,1,1
39.737982884,1,0
39.737982886,1,1
39.738024420,1,0
39.738065882,1,1
39.738107426,1,0
39.738110878,0,0
39.738148890,0,1
39.738191420,0,0
39.738195640,1,0
39.738232880,1,1
39.738274426,1,0
39.738315886,1,1
39.738357428,1,0
39.738398884,1,1
39.738441920,1,0
39.738483400,1,1
39.738525954,1,0
39.738567426,1,1
39.738600598,0,1
39.738613926,0,0
39.738655406,0,1
39.738678732,1,1
39.738950924,0,1
39.738962764,0,0
39.739005706,0,1
39.739047252,0,0
39.739088712,0,1
39.739112032,1,1
39.739131242,1,0
39.739172700,1,1
39.739194010,0,1
39.739214248,0,0
39.739255710,0,1
39.739279024,1,1
39.739298238,1,0
39.739339696,1,1
39.739382232,1,0
39.739423694,1,1
39.739466228,1,0
39.739507684,1,1
39.739550220,1,0
39.739591678,1,1
39.739634210,1,0
39.739678134,1,1
39.739720666,1,0
39.739759154,1,1
39.739801686,1,0
39.739846594,1,1
39.739869952,1,0
39.740017168,0,0
39.740017194,0,1
39.740066054,0,0
39.740107522,0,1
39.740150050,0,0
39.740191516,0,1
39.740234050,0,0
39.740275516,0,1
39.740318060,0,0
39.740359538,0,1
39.740402084,0,0
39.740443560,0,1
39.740486104,0,0
39.740527576,0,1
39.740570116,0,0
39.740611588,0,1
39.740654126,0,0
39.740695598,0,1
39.740739620,0,0
39.740743302,1,0
39.740781084,1,1
39.740823622,1,0
39.740865084,1,1
39.740898250,0,1
39.740911576,0,0
39.740953050,0,1
39.740976368,1,1
39.741319996,0,1
39.741331818,0,0
39.741374688,0,1
39.741416170,0,0
39.741457558,0,1
39.741480840,1,1
39.741500028,1,0
39.741541414,1,1
39.741562696,0,1
39.741582904,0,0
39.741624294,0,1
39.741647570,1,1
39.741666754,1,0
39.741708132,1,1
39.741750600,1,0
39.741791980,1,1
39.741834452,1,0
39.741875832,1,1
39.741918304,1,0
39.741959686,1,1
39.742002152,1,0
39.742046002,1,1
39.742088470,1,0
39.742126886,1,1
39.742169356,1,0
39.742214182,1,1
39.742233804,1,0
39.750651402,1,1
39.758882780,1,0
39.767300024,1,1
39.775543150,1,0
39.783960748,1,1
39.792192476,1,0
39.800621610,1,1
39.808853164,1,0
39.817270368,1,1
39.819357116,0,1
39.819368932,0,0
39.819411772,0,1
39.819453232,0,0
39.819494600,0,1
39.819536058,0,0
39.819577420,0,1
39.819618884,0,0
39.819660248,0,1
39.819701704,0,0
39.819743068,0,1
39.819766336,1,1
39.819785514,1,0
39.819826874,1,1
39.819869326,1,0
39.819910686,1,1
39.819953134,1,0
39.819994494,1,1
39.820036946,1,0
39.820080774,1,1
39.820123226,1,0
39.820161628,1,1
39.820204076,1,0
39.820248884,1,1
39.823883114,0,1
39.823894930,0,0
39.823937778,0,1
39.823979242,0,0
39.824020608,0,1
39.824062078,0,0
39.824103450,0,1
39.824126716,1,1
39.824145898,1,0
39.824187262,1,1
39.824208534,0,1
39.824228734,0,0
39.824270102,0,1
39.824293366,1,1
39.824312540,1,0
39.824353896,1,1
39.824396356,1,0
39.824437730,1,1
39.824459002,0,1
39.824479200,0,0
39.824520568,0,1
39.824562028,0,0
39.824605864,0,1
39.824647328,0,0
39.824685734,0,1
39.824709000,1,1
39.824728182,1,0
39.824772998,1,1
39.824789418,1,0
39.836856868,1,1
39.845088308,1,0
39.853505546,1,1
39.859240934,0,1
39.859252754,0,0
39.859295610,0,1
39.859318886,1,1
39.859338068,1,0
39.859379442,1,1
39.859421900,1,0
39.859463274,1,1
39.859484552,0,1
39.859504754,0,0
39.859546132,0,1
39.859587606,0,0
39.859628984,0,1
39.859652254,1,1
39.859671436,1,0
39.859712808,1,1
39.859755272,1,0
39.859796646,1,1
39.859817924,0,1
39.859838128,0,0
39.859879506,0,1
39.859920978,0,0
39.859964824,0,1
39.859988092,1,1
39.860007278,1,0
39.860045692,1,1
39.860088148,1,0
39.860132958,1,1
39.860168616,1,0
39.868844396,1,1
39.870219728,0,1
39.870231544,0,0
39.870274386,0,1
39.870315854,0,0
39.870357224,0,1
39.870398688,0,0
39.870440056,0,1
39.870463322,1,1
39.870463326,0,1
39.870463330,1,1
39.870482506,1,0
39.870523868,1,1
39.870545138,0,1
39.870565336,0,0
39.870606704,0,1
39.870629970,1,1
39.870649148,1,0
39.870690510,1,1
39.870732968,1,0
39.870774330,1,1
39.870795604,0,1
39.870815800,0,0
39.870857172,0,1
39.870898636,0,0
39.870942468,0,1
39.870983934,0,0
39.871022344,0,1
39.871045612,1,1
39.871064794,1,0
39.871109608,1,1
39.871133666,1,0
39.884843130,1,1
39.893074720,1,0
39.901503482,1,1
39.909735650,1,0
39.918153832,1,1
39.926397180,1,0
39.934815114,1,1
39.943046720,1,0
39.951475096,1,1
39.953701434,0,1
39.953713248,0,0
39.953756090,0,1
39.953797544,0,0
39.953838906,0,1
39.953880366,0,0
39.953921730,0,1
39.953963188,0,0
39.954004548,0,1
39.954046004,0,0
39.954087364,0,1
39.954110626,1,1
39.954129806,1,0
39.954171162,1,1
39.954213612,1,0
39.954254976,1,1
39.954297422,1,0
39.954338780,1,1
39.954381232,1,0
39.954425054,1,1
39.954467504,1,0
39.954505902,1,1
39.954548350,1,0
39.954593152,1,1
39.958227208,0,1
39.958239024,0,0
39.958281860,0,1
39.958323324,0,0
39.958364688,0,1
39.958406144,0,0
39.958447508,0,1
39.958470768,1,1
39.958489946,1,0
39.958531306,1,1
39.958552578,0,1
39.958572776,0,0
39.958614138,0,1
39.958637404,1,1
39.958656584,1,0
39.958697948,1,1
39.958740396,1,0
39.958781752,1,1
39.958803026,0,1
39.958823222,0,0
39.958864586,0,1
39.958906046,0,0
39.958949882,0,1
39.958991350,0,0
39.959029762,0,1
39.959053036,1,1
39.959072216,1,0
39.959117022,1,1
39.959134310,1,0
39.972843488,1,1
39.972852068,1,0
39.972999282,0,0
39.972999310,0,1
39.973399070,0,0
39.973402378,1,0
39.973440422,1,1
39.973481868,1,0
39.973486756,0,0
39.973523240,0,1
39.973565688,0,0
39.973569846,1,0
39.973607048,1,1
39.973648506,1,0
39.973689862,1,1
39.973731320,1,0
39.973736304,0,0
39.973772694,0,1
39.973815138,0,0
39.973819388,1,0
39.973856500,1,1
39.973897960,1,0
39.973939318,1,1
39.973980774,1,0
39.974022134,1,1
39.974065076,1,0
39.974106434,1,1
39.974148880,1,0
39.974190240,1,1
39.974223332,0,1
39.974236626,0,0
39.974277994,0,1
39.974301256,1,1
39.974572756,0,1
39.974584566,0,0
39.974627392,0,1
39.974668836,0,0
39.974710182,0,1
39.974733442,1,1
39.974752612,1,0
39.974793958,1,1
39.974815222,0,1
39.974835410,0,0
39.974876758,0,1
39.974900018,1,1
39.974919196,1,0
39.974960554,1,1
39.975002998,1,0
39.975044358,1,1
39.975086808,1,0
39.975128170,1,1
39.975170616,1,0
39.975211974,1,1
39.975254420,1,0
39.975298236,1,1
39.975340682,1,0
39.975379076,1,1
39.975379082,1,0
39.975379084,1,1
39.975421524,1,0
39.975466334,1,1
39.975489106,1,0
39.975636316,0,0
39.975636344,0,1
39.975685312,0,0
39.975726690,0,1
39.975769140,0,0
39.975810512,0,1
39.975852962,0,0
39.975856340,1,0
39.975894330,1,1
39.975935788,1,0
39.975940724,0,0
39.975977160,0,1
39.976019606,0,0
39.976060984,0,1
39.976103436,0,0
39.976144808,0,1
39.976187258,0,0
39.976228628,0,1
39.976271076,0,0
39.976312450,0,1
39.976356382,0,0
39.976397754,0,1
39.976436752,0,0
39.976438220,1,0
39.976478116,1,1
39.976511214,0,1
39.976524512,0,0
39.976565886,0,1
39.976589150,1,1
39.976927974,0,1
39.976939806,0,0
39.976982716,0,1
39.977024238,0,0
39.977065684,0,1
39.977088988,1,1
39.977108194,1,0
39.977149634,1,1
39.977170936,0,1
39.977191168,0,0
39.977232608,0,1
39.977255910,1,1
39.977275118,1,0
39.977316554,1,1
39.977359074,1,0
39.977400506,1,1
39.977400510,1,0
39.977400512,1,1
39.977443030,1,0
39.977484462,1,1
39.977526978,1,0
39.977568410,1,1
39.977610928,1,0
39.977654832,1,1
39.977697350,1,0
39.977735820,1,1
39.977778332,1,0
39.977823220,1,1
39.977841660,1,0
39.986259628,1,1
39.987429854,0,1
39.987441690,0,0
39.987484614,0,1
39.987526150,0,0
39.987567598,0,1
39.987609124,0,0
39.987650570,0,1
39.987692098,0,0
39.987733542,0,1
39.987775072,0,0
39.987816520,0,1
39.987839824,1,1
39.987859036,1,0
39.987900474,1,1
39.987943000,1,0
39.987984438,1,1
39.988026958,1,0
39.988068400,1,1
39.988110924,1,0
39.988154834,1,1
39.988197360,1,0
39.988235842,1,1
39.988278364,1,0
39.988323264,1,1
39.991962926,0,1
39.991974764,0,0
39.992017690,0,1
39.992041000,1,1
39.992060210,1,0
39.992101656,1,1
39.992144182,1,0
39.992185624,1,1
39.992206930,0,1
39.992227164,0,0
39.992268616,0,1
39.992310150,0,0
39.992351600,0,1
39.992374910,1,1
39.992394120,1,0
39.992435560,1,1
39.992478088,1,0
39.992519532,1,1
39.992540838,0,1
39.992561072,0,0
39.992602518,0,1
39.992644056,0,0
39.992687974,0,1
39.992711280,1,1
39.992730490,1,0
39.992768970,1,1
39.992811498,1,0
39.992856398,1,1
39.992873492,1,0
40.004845940,1,1
40.006675500,0,1
40.006687336,0,0
40.006730258,0,1
40.006771794,0,0
40.006813240,0,1
40.006854770,0,0
40.006896218,0,1
40.006919524,1,1
40.006938736,1,0
40.006980178,1,1
40.007001480,0,1
40.007021714,0,0
40.007063170,0,1
40.007086480,1,1
40.007105688,1,0
40.007147130,1,1
40.007189658,1,0
40.007231100,1,1
40.007252406,0,1
40.007272638,0,0
40.007314088,0,1
40.007355620,0,0
40.007399538,0,1
40.007441068,0,0
40.007479552,0,1
40.007502860,1,1
40.007522070,1,0
40.007566966,1,1
40.007603034,1,0
40.020855970,1,1
40.020894770,0,1
40.020906610,0,0
40.020949552,0,1
40.020972864,1,1
40.020992076,1,0
40.021033524,1,1
40.021076058,1,0
40.021117508,1,1
40.021138814,0,1
40.021159048,0,0
40.021200506,0,1
40.021242044,0,0
40.021283494,0,1
40.021306806,1,1
40.021326018,1,0
40.021367470,1,1
40.021409998,1,0
40.021451450,1,1
40.021472756,0,1
40.021492992,0,0
40.021534442,0,1
40.021575976,0,0
40.021619898,0,1
40.021643210,1,1
40.021662418,1,0
40.021700900,1,1
40.021743424,1,0
40.021788312,1,1
40.021823396,1,0
40.036842862,1,1
40.045085456,1,0
40.053502506,1,1
40.061734554,1,0
40.070163686,1,1
40.078395502,1,0
40.086814326,1,1
40.095058950,1,0
40.103477218,1,1
40.107135908,0,1
40.107147748,0,0
40.107190684,0,1
40.107232208,0,0
40.107273656,0,1
40.107315202,0,0
40.107356668,0,1
40.107398204,0,0
40.107439662,0,1
40.107481200,0,0
40.107522656,0,1
40.107545968,1,1
40.107565180,1,0
40.107606632,1,1
40.107649160,1,0
40.107690614,1,1
40.107733144,1,0
40.107774592,1,1
40.107817124,1,0
40.107861046,1,1
40.107903578,1,0
40.107942064,1,1
40.107984596,1,0
40.108029500,1,1
40.111670010,0,1
40.111681850,0,0
40.111724788,0,1
40.111748102,1,1
40.111748106,0,1
40.111748110,1,1
40.111767320,1,0
40.111808772,1,1
40.111851308,1,0
40.111892764,1,1
40.111914074,0,1
40.111934312,0,0
40.111975770,0,1
40.112017316,0,0
40.112058776,0,1
40.112082098,1,1
40.112101310,1,0
40.112142766,1,1
40.112185302,1,0
40.112226758,1,1
40.112248070,0,1
40.112268308,0,0
40.112309772,0,1
40.112351316,0,0
40.112395244,0,1
40.112418566,1,1
40.112437776,1,0
40.112476266,1,1
40.112518802,1,0
40.112563714,1,1
40.112580216,1,0
40.124919616,1,1
40.124928192,1,0
40.125075414,0,0
40.125075442,0,1
40.125788314,0,0
40.125792156,1,0
40.125829772,1,1
40.125871314,1,0
40.125874876,0,0
40.125912780,0,1
40.125955312,0,0
40.125959630,1,0
40.125996772,1,1
40.126038314,1,0
40.126079774,1,1
40.126121310,1,0
40.126126078,0,0
40.126162768,0,1
40.126205296,0,0
40.126209168,1,0
40.126246752,1,1
40.126288290,1,0
40.126329746,1,1
40.126371286,1,0
40.126412736,1,1
40.126455760,1,0
40.126497210,1,1
40.126497212,1,0
40.126497216,1,1
40.126539734,1,0
40.126581180,1,1
40.126614340,0,1
40.126627662,0,0
40.126669128,0,1
40.126692444,1,1
40.126964604,0,1
40.126976444,0,0
40.127019384,0,1
40.127060930,0,0
40.127102392,0,1
40.127125708,1,1
40.127144922,1,0
40.127186380,1,1
40.127207690,0,1
40.127227930,0,0
40.127269390,0,1
40.127292704,1,1
40.127311916,1,0
40.127353372,1,1
40.127395908,1,0
40.127437360,1,1
40.127479894,1,0
40.127521350,1,1
40.127563880,1,0
40.127605334,1,1
40.127647868,1,0
40.127691790,1,1
40.127734320,1,0
40.127772808,1,1
40.127815340,1,0
40.127860250,1,1
40.127883824,1,0
40.128031064,0,0
40.128031090,0,1
40.128079706,0,0
40.128121174,0,1
40.128163704,0,0
40.128205170,0,1
40.128247700,0,0
40.128289170,0,1
40.128331702,0,0
40.128373174,0,1
40.128415706,0,0
40.128457176,0,1
40.128499708,0,0
40.128541178,0,1
40.128583712,0,0
40.128625178,0,1
40.128667712,0,0
40.128709182,0,1
40.128753194,0,0
40.128755606,1,0
40.128794658,1,1
40.128837188,1,0
40.128878640,1,1
40.128911802,0,1
40.128925126,0,0
40.128966596,0,1
40.128989914,1,1
40.129333508,0,1
40.129345330,0,0
40.129388192,0,1
40.129429670,0,0
40.129471060,0,1
40.129494334,1,1
40.129513520,1,0
40.129554896,1,1
40.129576176,0,1
40.129596380,0,0
40.129637764,0,1
40.129661034,1,1
40.129680220,1,0
40.129721594,1,1
40.129764060,1,0
40.129805434,1,1
40.129847898,1,0
40.129889272,1,1
40.129931730,1,0
40.129973104,1,1
40.130015566,1,0
40.130059412,1,1
40.130101872,1,0
40.130140286,1,1
40.130182750,1,0
40.130227576,1,1
40.130246320,1,0
40.138663990,1,1
40.140144900,0,1
40.140156716,0,0
40.140199568,0,1
40.140241040,0,0
40.140282414,0,1
40.140323884,0,0
40.140365268,0,1
40.140406740,0,0
40.140448116,0,1
40.140489588,0,0
40.140530960,0,1
40.140554232,1,1
40.140573414,1,0
40.140614788,1,1
40.140657248,1,0
40.140698616,1,1
40.140741072,1,0
40.140782440,1,1
40.140824896,1,0
40.140868732,1,1
40.140911188,1,0
40.140949596,1,1
40.140992054,1,0
40.141036878,1,1
40.144671662,0,1
40.144683480,0,0
40.144726334,0,1
40.144767802,0,0
40.144809182,0,1
40.144850650,0,0
40.144892024,0,1
40.144915298,1,1
40.144934478,1,0
40.144975850,1,1
40.144997122,0,1
40.145017320,0,0
40.145058700,0,1
40.145081970,1,1
40.145101154,1,0
40.145142528,1,1
40.145184986,1,0
40.145226360,1,1
40.145247634,0,1
40.145267834,0,0
40.145309206,0,1
40.145350676,0,0
40.145394516,0,1
40.145435984,0,0
40.145474400,0,1
40.145497672,1,1
40.145516854,1,0
40.145561674,1,1
40.145578928,1,0
40.156854976,1,1
40.165046412,0,1
40.165058228,0,0
40.165101082,0,1
40.165124352,1,1
40.165143532,1,0
40.165184900,1,1
40.165227354,1,0
40.165268724,1,1
40.165289994,0,1
40.165310194,0,0
40.165351562,0,1
40.165393030,0,0
40.165434400,0,1
40.165457666,1,1
40.165476846,1,0
40.165518216,1,1
40.165560668,1,0
40.165602028,1,1
40.165623302,0,1
40.165643500,0,0
40.165684870,0,1
40.165726332,0,0
40.165770168,0,1
40.165793438,1,1
40.165812614,1,0
40.165851020,1,1
40.165893476,1,0
40.165938292,1,1
40.165973772,1,0
40.180844688,1,1
40.182307162,0,1
40.182318978,0,0
40.182361826,0,1
40.182403290,0,0
40.182444662,0,1
40.182486122,0,0
40.182527492,0,1
40.182550758,1,1
40.182569938,1,0
40.182611298,1,1
40.182632572,0,1
40.182652768,0,0
40.182694140,0,1
40.182717406,1,1
40.182736586,1,0
40.182777952,1,1
40.182820408,1,0
40.182861770,1,1
40.182883044,0,1
40.182903240,0,0
40.182944610,0,1
40.182986074,0,0
40.183029902,0,1
40.183071368,0,0
40.183109778,0,1
40.183133042,1,1
40.183152222,1,0
40.183197034,1,1
40.183233286,1,0
40.196843826,1,1
40.205075486,1,0
40.213504842,1,1
40.221736670,1,0
40.230155258,1,1
40.238386294,1,0
40.246815098,1,1
40.255047326,1,0
40.263465124,1,1
40.271764678,1,0
40.280182756,1,1
40.280191338,1,0
40.280338566,0,0
40.280338592,0,1
40.280780550,0,0
40.280784544,1,0
40.280821938,1,1
40.280863414,1,0
40.280867266,0,0
40.280904802,0,1
40.280947264,0,0
40.280950366,1,0
40.280988650,1,1
40.281030124,1,0
40.281071508,1,1
40.281112980,1,0
40.281116814,0,0
40.281154366,0,1
40.281196826,0,0
40.281199902,1,0
40.281238210,1,1
40.281279686,1,0
40.281321058,1,1
40.281362526,1,0
40.281403894,1,1
40.281446832,1,0
40.281488190,1,1
40.281530630,1,0
40.281571976,1,1
40.281605064,0,1
40.281618354,0,0
40.281659718,0,1
40.281682972,1,1
40.281954468,0,1
40.281966278,0,0
40.282009102,0,1
40.282050550,0,0
40.282091902,0,1
40.282115160,1,1
40.282134336,1,0
40.282175692,1,1
40.282196964,0,1
40.282217158,0,0
40.282258518,0,1
40.282281782,1,1
40.282300964,1,0
40.282342324,1,1
40.282384774,1,0
40.282426136,1,1
40.282468586,1,0
40.282509944,1,1
40.282552392,1,0
40.282593752,1,1
40.282636200,1,0
40.282680022,1,1
40.282722470,1,0
40.282760870,1,1
40.282803318,1,0
40.282848130,1,1
40.282870888,1,0
40.283018104,0,0
40.283018130,0,1
40.283067120,0,0
40.283108492,0,1
40.283150938,0,0
40.283192312,0,1
40.283234764,0,0
40.283238124,1,0
40.283276130,1,1
40.283317592,1,0
40.283322514,0,0
40.283358964,0,1
40.283401416,0,0
40.283442784,0,1
40.283485238,0,0
40.283526612,0,1
40.283569060,0,0
40.283610436,0,1
40.283652884,0,0
40.283694256,0,1
40.283738184,0,0
40.283779552,0,1
40.283818546,0,0
40.283820034,1,0
40.283859908,1,1
40.283893008,0,1
40.283906302,0,0
40.283947676,0,1
40.283970944,1,1
40.284309782,0,1
40.284321614,0,0
40.284364528,0,1
40.284406054,0,0
40.284447494,0,1
40.284470794,1,1
40.284490000,1,0
40.284531430,1,1
40.284552734,0,1
40.284572960,0,0
40.284614394,0,1
40.284637698,1,1
40.284656902,1,0
40.284698328,1,1
40.284740842,1,0
40.284782278,1,1
40.284824794,1,0
40.284866234,1,1
40.284908752,1,0
40.284950190,1,1
40.284992706,1,0
40.285036608,1,1
40.285079126,1,0
40.285117596,1,1
40.285160112,1,0
40.285205004,1,1
40.285224548,1,0
40.293642796,1,1
40.301874844,1,0
40.310292190,1,1
40.318535118,1,0
40.326953038,1,1
40.335184954,1,0
40.343613496,1,1
40.351845000,1,0
40.360262040,1,1
40.368504864,1,0
40.376922528,1,1
40.385153988,1,0
40.393572138,1,1
40.401815202,1,0
40.410232412,1,1
40.411683552,0,1
40.411695390,0,0
40.411738324,0,1
40.411779862,0,0
40.411821316,0,1
40.411862850,0,0
40.411904304,0,1
40.411945842,0,0
40.411987294,0,1
40.412028832,0,0
40.412070292,0,1
40.412093602,1,1
40.412112812,1,0
40.412154254,1,1
40.412196784,1,0
40.412238230,1,1
40.412280752,1,0
40.412322202,1,1
40.412364736,1,0
40.412408660,1,1
40.412451192,1,0
40.412489676,1,1
40.412532208,1,0
40.412577108,1,1
40.412577114,1,0
40.412577116,1,1
40.416217298,0,1
40.416229136,0,0
40.416272074,0,1
40.416295390,1,1
40.416314602,1,0
40.416356050,1,1
40.416398588,1,0
40.416440038,1,1
40.416461346,0,1
40.416481582,0,0
40.416523040,0,1
40.416564578,0,0
40.416606030,0,1
40.416629348,1,1
40.416648562,1,0
40.416690012,1,1
40.416732544,1,0
40.416773996,1,1
40.416795304,0,1
40.416815542,0,0
40.416856992,0,1
40.416898530,0,0
40.416942456,0,1
40.416965770,1,1
40.416984978,1,0
40.417023464,1,1
40.417066008,1,0
40.417110920,1,1
40.417127072,1,0
40.428843424,1,1
40.431706624,0,1
40.431718462,0,0
40.431761400,0,1
40.431802940,0,0
40.431844398,0,1
40.431885938,0,0
40.431927398,0,1
40.431968940,0,0
40.432010398,0,1
40.432051938,0,0
40.432093394,0,1
40.432116712,1,1
40.432135922,1,0
40.432177374,1,1
40.432219900,1,0
40.432261346,1,1
40.432303876,1,0
40.432345324,1,1
40.432387858,1,0
40.432431784,1,1
40.432474316,1,0
40.432512808,1,1
40.432555340,1,0
40.432600250,1,1
40.436241660,0,1
40.436253498,0,0
40.436296438,0,1
40.436337984,0,0
40.436379446,0,1
40.436420986,0,0
40.436462448,0,1
40.436485760,1,1
40.436504972,1,0
40.436546426,1,1
40.436567736,0,1
40.436587974,0,0
40.436629432,0,1
40.436652746,1,1
40.436671960,1,0
40.436713414,1,1
40.436755942,1,0
40.436797388,1,1
40.436818698,0,1
40.436838936,0,0
40.436880388,0,1
40.436921926,0,0
40.436965858,0,1
40.437007402,0,0
40.437045902,0,1
40.437069218,1,1
40.437088436,1,0
40.437133352,1,1
40.437150124,1,0
40.452906680,1,1
40.452915258,1,0
40.453062496,0,0
40.453062522,0,1
40.453820034,0,0
40.453824206,1,0
40.453861506,1,1
40.453861508,1,0
40.453861514,1,1
40.453903066,1,0
40.453906944,0,0
40.453944542,0,1
40.453987082,0,0
40.453990044,1,0
40.454028552,1,1
40.454070106,1,0
40.454111574,1,1
40.454153126,1,0
40.454156514,0,0
40.454194600,0,1
40.454237138,0,0
40.454241274,1,0
40.454278610,1,1
40.454320162,1,0
40.454361626,1,1
40.454403178,1,0
40.454444644,1,1
40.454487674,1,0
40.454529142,1,1
40.454571680,1,0
40.454613146,1,1
40.454646316,0,1
40.454659644,0,0
40.454701122,0,1
40.454724442,1,1
40.454996654,0,1
40.455008496,0,0
40.455051450,0,1
40.455093004,0,0
40.455134470,0,1
40.455157790,1,1
40.455177010,1,0
40.455218478,1,1
40.455239794,0,1
40.455260040,0,0
40.455301514,0,1
40.455324832,1,1
40.455344042,1,0
40.455385492,1,1
40.455428032,1,0
40.455469488,1,1
40.455512026,1,0
40.455553482,1,1
40.455596018,1,0
40.455637468,1,1
40.455680006,1,0
40.455723930,1,1
40.455766462,1,0
40.455804950,1,1
40.455847484,1,0
40.455892394,1,1
40.455915096,1,0
40.456062316,0,0
40.456062344,0,1
40.456111854,0,0
40.456153322,0,1
40.456195852,0,0
40.456237318,0,1
40.456279854,0,0
40.456321320,0,1
40.456363858,0,0
40.456405328,0,1
40.456447868,0,0
40.456489340,0,1
40.456531878,0,0
40.456573344,0,1
40.456615882,0,0
40.456657354,0,1
40.456699886,0,0
40.456741354,0,1
40.456785374,0,0
40.456788416,1,0
40.456826836,1,1
40.456869370,1,0
40.456910830,1,1
40.456943994,0,1
40.456957318,0,0
40.456998788,0,1
40.457022108,1,1
40.457365740,0,1
40.457377562,0,0
40.457420436,0,1
40.457461914,0,0
40.457503296,0,1
40.457526570,1,1
40.457545758,1,0
40.457587136,1,1
40.457608412,0,1
40.457628616,0,0
40.457669998,0,1
40.457693274,1,1
40.457712456,1,0
40.457753834,1,1
40.457796296,1,0
40.457837670,1,1
40.457880136,1,0
40.457921510,1,1
40.457963978,1,0
40.458005348,1,1
40.458047814,1,0
40.458091654,1,1
40.458134120,1,0
40.458172534,1,1
40.458215000,1,0
40.458259828,1,1
40.458278558,1,0
40.466696672,1,1
40.473532282,0,1
40.473544100,0,0
40.473586952,0,1
40.473610218,1,1
40.473629398,1,0
40.473670768,1,1
40.473713220,1,0
40.473754584,1,1
40.473775854,0,1
40.473796054,0,0
40.473837422,0,1
40.473860694,1,1
40.473879874,1,0
40.473921244,1,1
40.473942518,0,1
40.473962718,0,0
40.474004092,0,1
40.474027360,1,1
40.474046544,1,0
40.474087914,1,1
40.474109188,0,1
40.474129386,0,0
40.474170760,0,1
40.474212228,0,0
40.474256066,0,1
40.474279332,1,1
40.474298514,1,0
40.474336924,1,1
40.474379380,1,0
40.474424198,1,1
40.474459682,1,0
40.484854672,1,1
40.487299418,0,1
40.487311236,0,0
40.487354086,0,1
40.487395548,0,0
40.487436920,0,1
40.487478384,0,0
40.487519752,0,1
40.487543024,1,1
40.487562204,1,0
40.487603570,1,1
40.487624838,0,1
40.487645036,0,0
40.487686408,0,1
40.487709674,1,1
40.487728852,1,0
40.487770216,1,1
40.487812672,1,0
40.487854042,1,1
40.487875318,0,1
40.487895516,0,0
40.487936890,0,1
40.487978356,0,0
40.488022192,0,1
40.488063662,0,0
40.488102076,0,1
40.488125348,1,1
40.488144526,1,0
40.488189342,1,1
40.488224474,1,0
40.500843224,1,1
40.509075398,1,0
40.517505114,1,1
40.517505118,1,0
40.517505122,1,1
40.525736770,1,0
40.534154636,1,1
40.542397738,1,0
40.550815184,1,1
40.559047072,1,0
40.567476228,1,1
40.575708306,1,0
40.584126594,1,1
40.584545716,0,1
40.584557530,0,0
40.584600370,0,1
40.584641826,0,0
40.584683194,0,1
40.584724656,0,0
40.584766022,0,1
40.584807484,0,0
40.584848852,0,1
40.584890308,0,0
40.584931668,0,1
40.584954936,1,1
40.584974110,1,0
40.585015462,1,1
40.585015466,1,0
40.585015468,1,1
40.585057918,1,0
40.585099286,1,1
40.585141734,1,0
40.585183096,1,1
40.585225548,1,0
40.585269372,1,1
40.585311822,1,0
40.585350228,1,1
40.585392672,1,0
40.585437484,1,1
40.589071186,0,1
40.589082994,0,0
40.589125816,0,1
40.589167254,0,0
40.589208596,0,1
40.589250036,0,0
40.589291384,0,1
40.589314646,1,1
40.589333820,1,0
40.589375170,1,1
40.589396440,0,1
40.589416634,0,0
40.589457992,0,1
40.589481254,1,1
40.589500432,1,0
40.589541788,1,1
40.589584234,1,0
40.589625582,1,1
40.589646852,0,1
40.589667046,0,0
40.589708404,0,1
40.589749858,0,0
40.589793686,0,1
40.589835140,0,0
40.589873538,0,1
40.589896798,1,1
40.589915976,1,0
40.589960782,1,1
40.589976928,1,0
40.604885414,1,1
40.604885416,1,0
40.604885418,1,1
40.604893990,1,0
40.605041206,0,0
40.605041234,0,1
40.605154290,0,0
40.605158514,1,0
40.605195660,1,1
40.605237126,1,0
40.605241234,0,0
40.605278502,0,1
40.605320948,0,0
40.605324322,1,0
40.605362314,1,1
40.605403782,1,0
40.605445148,1,1
40.605486606,1,0
40.605490756,0,0
40.605527978,0,1
40.605570428,0,0
40.605573842,1,0
40.605611792,1,1
40.605653254,1,0
40.605694616,1,1
40.605736068,1,0
40.605777428,1,1
40.605820364,1,0
40.605861724,1,1
40.605904162,1,0
40.605945522,1,1
40.605978616,0,1
40.605991910,0,0
40.606033284,0,1
40.606056552,1,1
40.606328136,0,1
40.606339950,0,0
40.606382790,0,1
40.606424248,0,0
40.606465612,0,1
40.606488872,1,1
40.606508052,1,0
40.606549412,1,1
40.606570680,0,1
40.606590876,0,0
40.606632238,0,1
40.606655498,1,1
40.606674678,1,0
40.606716040,1,1
40.606758486,1,0
40.606799846,1,1
40.606842294,1,0
40.606883652,1,1
40.606926102,1,0
40.606967468,1,1
40.607009920,1,0
40.607053754,1,1
40.607096206,1,0
40.607134612,1,1
40.607177060,1,0
40.607221872,1,1
40.607244644,1,0
40.607391856,0,0
40.607391882,0,1
40.607440862,0,0
40.607482236,0,1
40.607524676,0,0
40.607566040,0,1
40.607608484,0,0
40.607611854,1,0
40.607649850,1,1
40.607691306,1,0
40.607696238,0,0
40.607732676,0,1
40.607775130,0,0
40.607816502,0,1
40.607858956,0,0
40.607900336,0,1
40.607942790,0,0
40.607984162,0,1
40.608026616,0,0
40.608067994,0,1
40.608111924,0,0
40.608153306,0,1
40.608192304,0,0
40.608193706,1,0
40.608233670,1,1
40.608266774,0,1
40.608280072,0,0
40.608321450,0,1
40.608344720,1,1
40.608683552,0,1
40.608695386,0,0
40.608738298,0,1
40.608779822,0,0
40.608821262,0,1
40.608844568,1,1
40.608863772,1,0
40.608905206,1,1
40.608926508,0,1
40.608946738,0,0
40.608988178,0,1
40.609011480,1,1
40.609030690,1,0
40.609072132,1,1
40.609114652,1,0
40.609156086,1,1
40.609198608,1,0
40.609240046,1,1
40.609282566,1,0
40.609324006,1,1
40.609366528,1,0
40.609410430,1,1
40.609452954,1,0
40.609491428,1,1
40.609533946,1,0
40.609578842,1,1
40.609598392,1,0
40.618015668,1,1
40.619507786,0,1
40.619519624,0,0
40.619562548,0,1
40.619604080,0,0
40.619645524,0,1
40.619687058,0,0
40.619728502,0,1
40.619770034,0,0
40.619811478,0,1
40.619853014,0,0
40.619894460,0,1
40.619917768,1,1
40.619936980,1,0
40.619978428,1,1
40.620020948,1,0
40.620062396,1,1
40.620104924,1,0
40.620146362,1,1
40.620146366,1,0
40.620146368,1,1
40.620188888,1,0
40.620232796,1,1
40.620275318,1,0
40.620313798,1,1
40.620356324,1,0
40.620401220,1,1
40.624040798,0,1
40.624052638,0,0
40.624095562,0,1
40.624118874,1,1
40.624138086,1,0
40.624179526,1,1
40.624222050,1,0
40.624263492,1,1
40.624284798,0,1
40.624305032,0,0
40.624346478,0,1
40.624369786,1,1
40.624388996,1,0
40.624430434,1,1
40.624451742,0,1
40.624471974,0,0
40.624513422,0,1
40.624536732,1,1
40.624555942,1,0
40.624597380,1,1
40.624618684,0,1
40.624638918,0,0
40.624680366,0,1
40.624721896,0,0
40.624765810,0,1
40.624789120,1,1
40.624808328,1,0
40.624846802,1,1
40.624846804,1,0
40.624846808,1,1
40.624889328,1,0
40.624934232,1,1
40.624950364,1,0
40.636844636,1,1
40.645087086,1,0
40.653504822,1,1
40.653550912,0,1
40.653562750,0,0
40.653605676,0,1
40.653647210,0,0
40.653688654,0,1
40.653730188,0,0
40.653771638,0,1
40.653794946,1,1
40.653814154,1,0
40.653855600,1,1
40.653876908,0,1
40.653897146,0,0
40.653938600,0,1
40.653961908,1,1
40.653981120,1,0
40.654022568,1,1
40.654065096,1,0
40.654106542,1,1
40.654127848,0,1
40.654148086,0,0
40.654189536,0,1
40.654231066,0,0
40.654274984,0,1
40.654316520,0,0
40.654355006,0,1
40.654378316,1,1
40.654397524,1,0
40.654442426,1,1
40.654442430,1,0
40.654442434,1,1
40.654478280,1,0
40.668853256,1,1
40.670832706,0,1
40.670844544,0,0
40.670887472,0,1
40.670910788,1,1
40.670929996,1,0
40.670971450,1,1
40.671013974,1,0
40.671055428,1,1
40.671076732,0,1
40.671096970,0,0
40.671138418,0,1
40.671179960,0,0
40.671221414,0,1
40.671244728,1,1
40.671263936,1,0
40.671305388,1,1
40.671347922,1,0
40.671389374,1,1
40.671410680,0,1
40.671430918,0,0
40.671472374,0,1
40.671513914,0,0
40.671557836,0,1
40.671581148,1,1
40.671600362,1,0
40.671638844,1,1
40.671681372,1,0
40.671726276,1,1
40.671726280,1,0
40.671726282,1,1
40.671762468,1,0
40.684852732,1,1
40.693084466,1,0
40.701502382,1,1
40.709734808,1,0
40.718164918,1,1
40.720747998,0,1
40.720759836,0,0
40.720802768,0,1
40.720844310,0,0
40.720885766,0,1
40.720927302,0,0
40.720968756,0,1
40.721010294,0,0
40.721051748,0,1
40.721093284,0,0
40.721134740,0,1
40.721158054,1,1
40.721177264,1,0
40.721218714,1,1
40.721261248,1,0
40.721302700,1,1
40.721345226,1,0
40.721386678,1,1
40.721429202,1,0
40.721473112,1,1
40.721515642,1,0
40.721554126,1,1
40.721596654,1,0
40.721641560,1,1
40.725281688,0,1
40.725293530,0,0
40.725336468,0,1
40.725359782,1,1
40.725378992,1,0
40.725420442,1,1
40.725462978,1,0
40.725504432,1,1
40.725525736,0,1
40.725545974,0,0
40.725587432,0,1
40.725628972,0,0
40.725670426,0,1
40.725693740,1,1
40.725712954,1,0
40.725754404,1,1
40.725796938,1,0
40.725838388,1,1
40.725859700,0,1
40.725879936,0,0
40.725921386,0,1
40.725962928,0,0
40.726006854,0,1
40.726030164,1,1
40.726049378,1,0
40.726087864,1,1
40.726130404,1,0
40.726175316,1,1
40.726191926,1,0
40.740843162,1,1
40.742263754,0,1
40.742275594,0,0
40.742318528,0,1
40.742341842,1,1
40.742361052,1,0
40.742402502,1,1
40.742445028,1,0
40.742486476,1,1
40.742507784,0,1
40.742528020,0,0
40.742569472,0,1
40.742592784,1,1
40.742611996,1,0
40.742653448,1,1
40.742674750,0,1
40.742694986,0,0
40.742736440,0,1
40.742759752,1,1
40.742778964,1,0
40.742820414,1,1
40.742841720,0,1
40.742861956,0,0
40.742903412,0,1
40.742944946,0,0
40.742988864,0,1
40.743012180,1,1
40.743031392,1,0
40.743069884,1,1
40.743112412,1,0
40.743157322,1,1
40.743182038,1,0
40.756842504,1,1
40.756851076,1,0
40.756998282,0,0
40.756998310,0,1
40.757724074,0,0
40.757728442,1,0
40.757765534,1,1
40.757807078,1,0
40.757811168,0,0
40.757848544,0,1
40.757891080,0,0
40.757894260,1,0
40.757932544,1,1
40.757974090,1,0
40.758015546,1,1
40.758057090,1,0
40.758060704,0,0
40.758098560,0,1
40.758141094,0,0
40.758145452,1,0
40.758182554,1,1
40.758224102,1,0
40.758265560,1,1
40.758307102,1,0
40.758348562,1,1
40.758391588,1,0
40.758433044,1,1
40.758475578,1,0
40.758517042,1,1
40.758550202,0,1
40.758563526,0,0
40.758604996,0,1
40.758628310,1,1
40.758628316,0,1
40.758628318,1,1
40.758900474,0,1
40.758912314,0,0
40.758955252,0,1
40.758996796,0,0
40.759038258,0,1
40.759061572,1,1
40.759080784,1,0
40.759122240,1,1
40.759143548,0,1
40.759163788,0,0
40.759205248,0,1
40.759228562,1,1
40.759247772,1,0
40.759289228,1,1
40.759331762,1,0
40.759373218,1,1
40.759415752,1,0
40.759457206,1,1
40.759499740,1,0
40.759541194,1,1
40.759583732,1,0
40.759627656,1,1
40.759670192,1,0
40.759708678,1,1
40.759708682,1,0
40.759708684,1,1
40.759751210,1,0
40.759796120,1,1
40.759818848,1,0
40.759966070,0,0
40.759966096,0,1
40.760015562,0,0
40.760057032,0,1
40.760099566,0,0
40.760141032,0,1
40.760183570,0,0
40.760225042,0,1
40.760267572,0,0
40.760309044,0,1
40.760351582,0,0
40.760393050,0,1
40.760435584,0,0
40.760477050,0,1
40.760519584,0,0
40.760561054,0,1
40.760603588,0,0
40.760645054,0,1
40.760689068,0,0
40.760692266,1,0
40.760730528,1,1
40.760730532,1,0
40.760730536,1,1
40.760773064,1,0
40.760814522,1,1
40.760847684,0,1
40.760861008,0,0
40.760902476,0,1
40.760925792,1,1
40.761269398,0,1
40.761281218,0,0
40.761324078,0,1
40.761365554,0,0
40.761406934,0,1
40.761430206,1,1
40.761449390,1,0
40.761490764,1,1
40.761512044,0,1
40.761532246,0,0
40.761573624,0,1
40.761596900,1,1
40.761616086,1,0
40.761657462,1,1
40.761699926,1,0
40.761741302,1,1
40.761783766,1,0
40.761825136,1,1
40.761867598,1,0
40.761908976,1,1
40.761951434,1,0
40.761995272,1,1
40.762037736,1,0
40.762076154,1,1
40.762118618,1,0
40.762163448,1,1
40.762181948,1,0
40.770600260,1,1
40.778832716,1,0
40.787251602,1,1
40.795495436,1,0
40.803912670,1,1
40.812144952,1,0
40.820574572,1,1
40.828807824,1,0
40.837226052,1,1
40.845470146,1,0
40.853887648,1,1
40.861498736,0,1
40.861510552,0,0
40.861553396,0,1
40.861594860,0,0
40.861636224,0,1
40.861677684,0,0
40.861719046,0,1
40.861760508,0,0
40.861801870,0,1
40.861843330,0,0
40.861884692,0,1
40.861907960,1,1
40.861927136,1,0
40.861968494,1,1
40.862010944,1,0
40.862052306,1,1
40.862094754,1,0
40.862136112,1,1
40.862178562,1,0
40.862222384,1,1
40.862264832,1,0
40.862303230,1,1
40.862345682,1,0
40.862390490,1,1
40.866023374,0,1
40.866035190,0,0
40.866078036,0,1
40.866101306,1,1
40.866120486,1,0
40.866161852,1,1
40.866204306,1,0
40.866245668,1,1
40.866266942,0,1
40.866287136,0,0
40.866328502,0,1
40.866351768,1,1
40.866370950,1,0
40.866412312,1,1
40.866433580,0,1
40.866453776,0,0
40.866495144,0,1
40.866518410,1,1
40.866537588,1,0
40.866578950,1,1
40.866600220,0,1
40.866620416,0,0
40.866661778,0,1
40.866703238,0,0
40.866747072,0,1
40.866770336,1,1
40.866789516,1,0
40.866827914,1,1
40.866870368,1,0
40.866915176,1,1
40.866932562,1,0
40.876842424,1,1
40.879385700,0,1
40.879397514,0,0
40.879440354,0,1
40.879481814,0,0
40.879523176,0,1
40.879564632,0,0
40.879605996,0,1
40.879647452,0,0
40.879688814,0,1
40.879730276,0,0
40.879771642,0,1
40.879794908,1,1
40.879814086,1,0
40.879855448,1,1
40.879897906,1,0
40.879939272,1,1
40.879981720,1,0
40.880023076,1,1
40.880065530,1,0
40.880109354,1,1
40.880151800,1,0
40.880190198,1,1
40.880232646,1,0
40.880277450,1,1
40.880277454,1,0
40.880277456,1,1
40.883911190,0,1
40.883923004,0,0
40.883965844,0,1
40.884007300,0,0
40.884048666,0,1
40.884090126,0,0
40.884131488,0,1
40.884154750,1,1
40.884173930,1,0
40.884215284,1,1
40.884236554,0,1
40.884256746,0,0
40.884298106,0,1
40.884321370,1,1
40.884340552,1,0
40.884381912,1,1
40.884424366,1,0
40.884465726,1,1
40.884487000,0,1
40.884507198,0,0
40.884548564,0,1
40.884590026,0,0
40.884633858,0,1
40.884675316,0,0
40.884713722,0,1
40.884736992,1,1
40.884756166,1,0
40.884800972,1,1
40.884817548,1,0
40.900841852,1,1
40.909085084,1,0
40.917502552,1,1
40.925733552,1,0
40.934162656,1,1
40.942395060,1,0
40.950812740,1,1
40.959044742,1,0
40.967473638,1,1
40.975705418,1,0
40.984123326,1,1
40.992366678,1,0
41.000785042,1,1
41.009016646,1,0
41.017445416,1,1
41.025676966,1,0
41.034094716,1,1
41.042326688,1,0
41.050756360,1,1
41.058988912,1,0
41.067407120,1,1
41.075650314,1,0
41.084068940,1,1
41.092301470,1,0
41.100730958,1,1
41.108962790,1,0
41.117380238,1,1
41.125612430,1,0
41.134042052,1,1
41.142274062,1,0
41.150692034,1,1
41.158935476,1,0
41.167354006,1,1
41.175586036,1,0
41.184015778,1,1
41.192247938,1,0
41.200665866,1,1
41.208897772,1,0
41.217326702,1,1
41.225558032,1,0
41.233976328,1,1
41.242219212,1,0
41.250636934,1,1
41.258868656,1,0
41.267298054,1,1
41.275529378,1,0
41.283947498,1,1
41.292179624,1,0
41.300607964,1,1
41.308839600,1,0
41.317257502,1,1
41.325501566,1,0
41.333919372,1,1
41.342151674,1,0
41.350581424,1,1
41.358813328,1,0
41.367230694,1,1
41.375462016,1,0
41.383891412,1,1
41.392123774,1,0
41.400541642,1,1
41.408785532,1,0
41.417203450,1,1
41.425435562,1,0
41.433865390,1,1
41.442098144,1,0
41.450516738,1,1
41.458749612,1,0
41.467179564,1,1
41.475411632,1,0
41.483829686,1,1
41.492073404,1,0
41.500491286,1,1
41.508724274,1,0
41.517154312,1,1
41.525386456,1,0
41.533804414,1,1
41.542036942,1,0
41.550466682,1,1
41.558698618,1,0
41.567116390,1,1
41.575360618,1,0
41.583778986,1,1
41.592011852,1,0
41.600441474,1,1
41.608673726,1,0
41.617092354,1,1
41.625324638,1,0
41.633754658,1,1
41.641987396,1,0
41.650406944,1,1
41.658651364,1,0
41.667070320,1,1
41.675303254,1,0
41.683733658,1,1
41.691966428,1,0
41.700385396,1,1
41.708618178,1,0
41.717048250,1,1
41.725280682,1,0
41.733699672,1,1
41.741944300,1,0
41.750363432,1,1
41.758596606,1,0
41.767026954,1,1
41.775259352,1,0
41.783677900,1,1
41.791910876,1,0
41.800340968,1,1
41.808574270,1,0
41.816993880,1,1
41.825237784,1,0
41.833656146,1,1
41.841888204,1,0
41.850317916,1,1
41.858550124,1,0
41.866968426,1,1
41.875200976,1,0
41.883630860,1,1
41.891864136,1,0
41.900282564,1,1
41.900282566,1,0
41.900282570,1,1
41.908526100,1,0
41.916944590,1,1
41.925177274,1,0
41.933607262,1,1
41.941839918,1,0
41.950257680,1,1
41.958489800,1,0
41.966919944,1,1
41.975153068,1,0
41.983571980,1,1
41.991816130,1,0
42.000234462,1,1
42.008466920,1,0
42.016897562,1,1
42.025130528,1,0
42.033549818,1,1
42.041782908,1,0
42.050212776,1,1
42.058445418,1,0
42.066864452,1,1
42.066864454,1,0
42.066864456,1,1
42.075108836,1,0
42.083527868,1,1
42.091760642,1,0
42.100190270,1,1
42.108422936,1,0
42.116840684,1,1
42.125072472,1,0
42.133501342,1,1
42.141733796,1,0
42.150152228,1,1
42.158396298,1,0
42.166814568,1,1
42.175047078,1,0
42.183476720,1,1
42.191709716,1,0
42.200127938,1,1
42.208361418,1,0
42.216791284,1,1
42.225023986,1,0
42.233442492,1,1
42.241686398,1,0
42.250104384,1,1
42.258336982,1,0
42.266767104,1,1
42.275000030,1,0
42.283418696,1,1
42.291651710,1,0
42.300082234,1,1
42.308315950,1,0
42.316734996,1,1
42.324979070,1,0
42.333397508,1,1
42.341630980,1,0
42.350060490,1,1
42.358292720,1,0
42.366711096,1,1
42.374944074,1,0
42.383374146,1,1
42.391606944,1,0
42.400025964,1,1
42.408270948,1,0
42.416689742,1,1
42.424922208,1,0
42.433352062,1,1
42.441584790,1,0
42.450002970,1,1
42.458236410,1,0
42.466666906,1,1
42.474899626,1,0
42.483318318,1,1
42.491562134,1,0
42.499980138,1,1
42.508212842,1,0
42.516642126,1,1
42.524874998,1,0
42.533293756,1,1
42.541526236,1,0
42.549956864,1,1
42.558190498,1,0
42.566609876,1,1
42.574854478,1,0
42.583273224,1,1
42.591505504,1,0
42.599935010,1,1
42.608168174,1,0
42.616587332,1,1
42.624820162,1,0
42.633250460,1,1
42.641483470,1,0
42.649902240,1,1
42.658146838,1,0
42.666565948,1,1
42.674798858,1,0
42.683229094,1,1
42.691462334,1,0
42.699881678,1,1
42.708114370,1,0
42.716544738,1,1
42.724778334,1,0
42.733197528,1,1
42.741441626,1,0
42.749860132,1,1
42.758092922,1,0
42.766522648,1,1
42.774755912,1,0
42.783174904,1,1
42.791407514,1,0
42.799837022,1,1
42.799837026,1,0
42.799837030,1,1
42.808069908,1,0
42.816488362,1,1
42.824731790,1,0
42.833151066,1,1
42.841383628,1,0
42.849814330,1,1
42.858047370,1,0
42.866466324,1,1
42.874700078,1,0
42.883131080,1,1
42.891364704,1,0
42.899784882,1,1
42.908029774,1,0
42.916448752,1,1
42.924681988,1,0
42.933112258,1,1
42.941345730,1,0
42.949765214,1,1
42.957999036,1,0
42.966430098,1,1
42.974663878,1,0
42.991543042,1,1
42.999776632,1,0
43.008208490,1,1
43.016441590,1,0
43.024860472,1,1
43.033093912,1,0
43.041524754,1,1
43.049758706,1,0
43.058178446,1,1
43.066423870,1,0
43.074844534,1,1
43.083077998,1,0
43.091509252,1,1
43.099742834,1,0
43.108162668,1,1
43.116396438,1,0
43.124826672,1,1
43.133059122,1,0
43.141477650,1,1
43.149721660,1,0
43.158140802,1,1
43.166374524,1,0
43.174805042,1,1
43.183038258,1,0
43.191458554,1,1
43.199693032,1,0
43.208124628,1,1
43.216358584,1,0
43.224779374,1,1
43.233024842,1,0
43.241445644,1,1
43.249680622,1,0
43.258111650,1,1
43.266345260,1,0
43.274765140,1,1
43.282999018,1,0
43.291430444,1,1
43.299664680,1,0
43.308084970,1,1
43.316330174,1,0
43.324750924,1,1
43.332985592,1,0
43.341417480,1,1
43.349651710,1,0
43.358071932,1,1
43.366306564,1,0
43.374738196,1,1
43.382972610,1,0
43.391393510,1,1
43.399639890,1,0
43.408060224,1,1
43.416294648,1,0
43.424726500,1,1
43.432960338,1,0
43.441379824,1,1
43.449613550,1,0
43.458044542,1,1
43.466277912,1,0
43.474696848,1,1
43.482941882,1,0
43.491362444,1,1
43.499596160,1,0
43.508027268,1,1
43.516261470,1,0
43.524681006,1,1
43.532915576,1,0
43.541346636,1,1
43.549580402,1,0
43.558000146,1,1
43.566245286,1,0
43.574664722,1,1
43.582898548,1,0
43.591329884,1,1
43.599563436,1,0
43.607982886,1,1
43.616216336,1,0
43.624646770,1,1
43.632880540,1,0
43.641300446,1,1
43.649545202,1,0
43.657964808,1,1
43.666198594,1,0
43.674629454,1,1
43.682862926,1,0
43.691282154,1,1
43.699515684,1,0
43.707946070,1,1
43.716178378,1,0
43.724597136,1,1
43.732842078,1,0
43.741262188,1,1
43.749495440,1,0
43.757926580,1,1
43.766159614,1,0
43.774578272,1,1
43.782812468,1,0
43.791243732,1,1
43.799478028,1,0
43.807897666,1,1
43.816142554,1,0
43.824561832,1,1
43.832795328,1,0
43.841225308,1,1
43.849458912,1,0
43.857878792,1,1
43.866112818,1,0
43.874544722,1,1
43.882778676,1,0
43.891198654,1,1
43.899444022,1,0
43.907864470,1,1
43.916097770,1,0
43.924528492,1,1
43.932761676,1,0
43.941181180,1,1
43.949415068,1,0
43.957846290,1,1
43.966080918,1,0
43.974502032,1,1
43.982748350,1,0
43.991168464,1,1
43.999402922,1,0
44.007834354,1,1
44.016068332,1,0
44.024488502,1,1
44.032722812,1,0
44.041154210,1,1
44.049388674,1,0
44.057808314,1,1
44.066052984,1,0
44.074473036,1,1
44.082707560,1,0
44.091139228,1,1
44.099373542,1,0
44.107794158,1,1
44.116028752,1,0
44.124460330,1,1
44.132694792,1,0
44.141115100,1,1
44.141115104,1,0
44.141115108,1,1
44.149360776,1,0
44.157781064,1,1
44.166015560,1,0
44.174447580,1,1
44.182682278,1,0
44.191102286,1,1
44.199336508,1,0
44.207768424,1,1
44.216002558,1,0
44.224422502,1,1
44.232667226,1,0
44.241086444,1,1
44.249320420,1,0
44.257751462,1,1
44.265984660,1,0
44.274404676,1,1
44.282638678,1,0
44.291070860,1,1
44.299306286,1,0
44.307727218,1,1
44.315972854,1,0
44.324393860,1,1
44.332628926,1,0
44.341060632,1,1
44.349295406,1,0
44.357715214,1,1
44.365949088,1,0
44.374380226,1,1
44.382614236,1,0
44.391034350,1,1
44.399279752,1,0
44.407699076,1,1
44.415932778,1,0
44.424364392,1,1
44.432598380,1,0
44.441018188,1,1
44.449252216,1,0
44.457683574,1,1
44.465917822,1,0
44.474337796,1,1
44.482582610,1,0
44.491003102,1,1
44.499236972,1,0
44.507667512,1,1
44.515901966,1,0
44.524321884,1,1
44.532555608,1,0
44.540986726,1,1
44.549220518,1,0
44.557640360,1,1
44.565885526,1,0
44.574305102,1,1
44.582539124,1,0
44.590970078,1,1
44.599203144,1,0
44.607623128,1,1
44.615856960,1,0
44.624287878,1,1
44.632522738,1,0
44.640943022,1,1
44.649188506,1,0
44.657608380,1,1
44.665842108,1,0
44.674273200,1,1
44.682507460,1,0
44.690926678,1,1
44.699159914,1,0
44.707590646,1,1
44.715824486,1,0
44.724244380,1,1
44.732489940,1,0
44.740910276,1,1
44.749143864,1,0
44.757575468,1,1
44.765809242,1,0
44.774228606,1,1
44.782461818,1,0
44.790892438,1,1
44.799125944,1,0
44.807546196,1,1
44.815791432,1,0
44.824211108,1,1
44.832444960,1,0
44.840875244,1,1
44.849108258,1,0
44.857528014,1,1
44.865761706,1,0
44.874193618,1,1
44.882428148,1,0
44.890848168,1,1
44.899092554,1,0
44.907511598,1,1
44.915745214,1,0
44.924176340,1,1
44.932410052,1,0
44.940829846,1,1
44.949063322,1,0
44.957494440,1,1
44.965727972,1,0
44.974147174,1,1
44.982391332,1,0
44.990810376,1,1
44.999043206,1,0
45.007473716,1,1
45.015707536,1,0
45.024126690,1,1
45.032360070,1,0
45.040790650,1,1
45.049023802,1,0
45.057443154,1,1
45.065687844,1,0
45.082541796,1,1
45.090786694,1,0
45.099205536,1,1
45.107438396,1,0
45.115869000,1,1
45.124102548,1,0
45.132522390,1,1
45.140756232,1,0
45.149187238,1,1
45.157421254,1,0
45.165841098,1,1
45.174086604,1,0
45.182506740,1,1
45.190740458,1,0
45.199171510,1,1
45.207404928,1,0
45.215825022,1,1
45.224059106,1,0
45.232490546,1,1
45.240724670,1,0
45.249144932,1,1
45.257390394,1,0
45.265809820,1,1
45.274043342,1,0
45.282475006,1,1
45.290709328,1,0
45.299130166,1,1
45.307364948,1,0
45.315797078,1,1
45.324031858,1,0
45.332452404,1,1
45.340697600,1,0
45.349118064,1,1
45.357351598,1,0
45.365782552,1,1
45.374016472,1,0
45.382436356,1,1
45.390669530,1,0
45.399100734,1,1
45.407334600,1,0
45.415754904,1,1
45.424000454,1,0
45.432420982,1,1
45.440655100,1,0
45.449086896,1,1
45.457321142,1,0
45.465740500,1,1
45.473974448,1,0
45.482405012,1,1
45.490638482,1,0
45.499058722,1,1
45.507304540,1,0
45.515724646,1,1
45.523959074,1,0
45.532390772,1,1
45.540624310,1,0
45.549044278,1,1
45.557277940,1,0
45.565709128,1,1
45.573943188,1,0
45.582362730,1,1
45.590607546,1,0
45.599028218,1,1
45.607262692,1,0
45.615694130,1,1
45.623928276,1,0
45.632348324,1,1
45.640582552,1,0
45.649014246,1,1
45.657248364,1,0
45.665667738,1,1
45.673911970,1,0
45.682330120,1,1
45.690563038,1,0
45.698993114,1,1
45.707226152,1,0
45.715645642,1,1
45.723879004,1,0
45.732309786,1,1
45.740543260,1,0
45.748962272,1,1
45.757207242,1,0
45.765626780,1,1
45.773860520,1,0
45.782291746,1,1
45.790525516,1,0
45.798945570,1,1
45.807179088,1,0
45.815610088,1,1
45.823844288,1,0
45.832263768,1,1
45.840508688,1,0
45.848927688,1,1
45.857161048,1,0
45.865591218,1,1
45.873824154,1,0
45.882242942,1,1
45.890476770,1,0
45.898907658,1,1
45.907141034,1,0
45.915560096,1,1
45.923804972,1,0
45.932224316,1,1
45.932224318,1,0
45.932224322,1,1
45.940457724,1,0
45.948888094,1,1
45.957121700,1,0
45.965541126,1,1
45.973774278,1,0
45.982204744,1,1
45.990437938,1,0
45.998857762,1,1
46.007102312,1,0
46.015521974,1,1
46.023755102,1,0
46.032185588,1,1
46.040419284,1,0
46.048839746,1,1
46.057073844,1,0
46.065504922,1,1
46.073738448,1,0
46.082157962,1,1
46.090402546,1,0
46.098821448,1,1
46.107054414,1,0
46.115485158,1,1
46.123718332,1,0
46.132137912,1,1
46.140371130,1,0
46.148800890,1,1
46.157033624,1,0
46.165452466,1,1
46.173696002,1,0
46.182114812,1,1
46.190347736,1,0
46.198779276,1,1
46.207013206,1,0
46.215432760,1,1
46.223665986,1,0
46.232096856,1,1
46.240330256,1,0
46.248749556,1,1
46.256994260,1,0
46.265413974,1,1
46.273647228,1,0
46.282077700,1,1
46.290311452,1,0
46.298731940,1,1
46.306966004,1,0
46.315397282,1,1
46.315397286,1,0
46.315397290,1,1
46.323630884,1,0
46.332051778,1,1
46.340297264,1,0
46.348717456,1,1
46.356951716,1,0
46.365383384,1,1
46.373616910,1,0
46.382036682,1,1
46.390271018,1,0
46.398702436,1,1
46.406937002,1,0
46.415356576,1,1
46.423601908,1,0
46.432021486,1,1
46.440255354,1,0
46.448686434,1,1
46.456920112,1,0
46.465338668,1,1
46.473572062,1,0
46.482001796,1,1
46.490234316,1,0
46.498653114,1,1
46.506897316,1,0
46.515315912,1,1
46.523549168,1,0
46.531979376,1,1
46.540213316,1,0
46.548632226,1,1
46.548632230,1,0
46.548632232,1,1
46.556865364,1,0
46.565295588,1,1
46.573529174,1,0
46.581948476,1,1
46.590193154,1,0
46.598612524,1,1
46.606845078,1,0
46.615274926,1,1
46.623507910,1,0
46.631926976,1,1
46.640160670,1,0
46.648591670,1,1
46.656825334,1,0
46.665243764,1,1
46.673487674,1,0
46.681907048,1,1
46.690140188,1,0
46.698570302,1,1
46.706803152,1,0
46.715222142,1,1
46.723455558,1,0
46.731885274,1,1
46.740118222,1,0
46.748537272,1,1
46.756781948,1,0
46.765200754,1,1
46.773433462,1,0
46.781863698,1,1
46.790097696,1,0
46.798516676,1,1
46.806749816,1,0
46.815180300,1,1
46.823413366,1,0
46.831832262,1,1
46.840076762,1,0
46.848495786,1,1
46.856728890,1,0
46.865159312,1,1
46.873392046,1,0
46.881811042,1,1
46.890044120,1,0
46.898474016,1,1
46.906707012,1,0
46.915126260,1,1
46.923371712,1,0
46.931791026,1,1
46.940023836,1,0
46.948454096,1,1
46.956687820,1,0
46.965107254,1,1
46.973341006,1,0
46.981771114,1,1
46.990004592,1,0
46.998423710,1,1
47.006667710,1,0
47.015086942,1,1
47.023320264,1,0
47.031750390,1,1
47.039983718,1,0
47.048403634,1,1
47.056637112,1,0
47.065067888,1,1
47.073300724,1,0
47.081719826,1,1
47.089964750,1,0
47.098384716,1,1
47.106618336,1,0
47.115049224,1,1
47.123282958,1,0
47.131702900,1,1
47.139936540,1,0
47.148368128,1,1
47.156601562,1,0
47.173469608,1,1
47.181704378,1,0
47.190124924,1,1
47.198370844,1,0
47.206790972,1,1
47.215024184,1,0
47.223455874,1,1
47.231690898,1,0
47.240111568,1,1
47.248345902,1,0
47.256777720,1,1
47.265012214,1,0
47.273432402,1,1
47.281677222,1,0
47.290097228,1,1
47.298330942,1,0
47.306762144,1,1
47.314995700,1,0
47.323415282,1,1
47.331648928,1,0
47.340080198,1,1
47.348313398,1,0
47.356732688,1,1
47.364977260,1,0
47.373396968,1,1
47.381630922,1,0
47.390061256,1,1
47.398294778,1,0
47.406714540,1,1
47.414948514,1,0
47.423379836,1,1
47.431614012,1,0
47.440034278,1,1
47.448278760,1,0
47.456698556,1,1
47.464932314,1,0
47.473363340,1,1
47.481596982,1,0
47.490016176,1,1
47.498248850,1,0
47.506679008,1,1
47.514911600,1,0
47.523330838,1,1
47.531575236,1,0
47.539994638,1,1
47.548227836,1,0
47.556658654,1,1
47.564892226,1,0
47.573311788,1,1
47.581545194,1,0
47.589975466,1,1
47.598208228,1,0
47.606627520,1,1
47.614872612,1,0
47.623291708,1,1
47.631524480,1,0
47.639954210,1,1
47.648187010,1,0
47.656605884,1,1
47.664838238,1,0
47.673268972,1,1
47.681501772,1,0
47.689920858,1,1
47.698165362,1,0
47.706583886,1,1
47.714817040,1,0
47.723247208,1,1
47.731480374,1,0
47.739899608,1,1
47.748132362,1,0
47.756562936,1,1
47.764795586,1,0
47.773214926,1,1
47.781459164,1,0
47.789878024,1,1
47.798111258,1,0
47.806541786,1,1
47.814774262,1,0
47.823193476,1,1
47.831426456,1,0
47.839856660,1,1
47.848089646,1,0
47.856509082,1,1
47.864754132,1,0
47.873173504,1,1
47.881407006,1,0
47.889836958,1,1
47.898070980,1,0
47.906490558,1,1
47.914724360,1,0
47.923154942,1,1
47.931388086,1,0
47.939806788,1,1
47.948051784,1,0
47.956471796,1,1
47.964705180,1,0
47.973136944,1,1
47.981371006,1,0
47.989790418,1,1
47.998023992,1,0
48.006454754,1,1
48.014688542,1,0
48.023108636,1,1
48.031354602,1,0
48.039773836,1,1
48.048007184,1,0
48.056437778,1,1
48.064671144,1,0
48.073090562,1,1
48.081322756,1,0
48.089752400,1,1
48.097984684,1,0
48.106402828,1,1
48.114647638,1,0
48.123066690,1,1
48.131299414,1,0
48.139729016,1,1
48.147962896,1,0
48.156382704,1,1
48.164616572,1,0
48.173047136,1,1
48.181280190,1,0
48.189699166,1,1
48.197943304,1,0
48.206363110,1,1
48.214597168,1,0
48.223028062,1,1
48.231260790,1,0
48.239680574,1,1
48.247914712,1,0
48.256345642,1,1
48.264579064,1,0
48.272999106,1,1
48.281244736,1,0
48.289665164,1,1
48.297898648,1,0
48.306328640,1,1
48.314561992,1,0
48.322981586,1,1
48.331214734,1,0
48.339644970,1,1
48.347877662,1,0
48.356297268,1,1
48.364542508,1,0
48.372961566,1,1
48.381194786,1,0
48.389626084,1,1
48.397860298,1,0
48.406279934,1,1
48.414513622,1,0
48.422944466,1,1
48.431177946,1,0
48.439597312,1,1
48.447841804,1,0
48.456260796,1,1
48.464494526,1,0
48.472924538,1,1
48.481157112,1,0
48.489576312,1,1
48.497809980,1,0
48.506240924,1,1
48.514474920,1,0
48.522894248,1,1
48.531138908,1,0
48.539558074,1,1
48.547791142,1,0
48.556221776,1,1
48.564455118,1,0
48.572874214,1,1
48.581107378,1,0
48.589537210,1,1
48.597771314,1,0
48.606190348,1,1
48.614434432,1,0
48.622853458,1,1
48.631087026,1,0
48.639517536,1,1
48.647751052,1,0
48.656170224,1,1
48.664402920,1,0
48.672832880,1,1
48.681066386,1,0
48.689485420,1,1
48.697729768,1,0
48.706148930,1,1
48.714382694,1,0
48.722812388,1,1
48.731044930,1,0
48.739464774,1,1
48.747698374,1,0
48.756129282,1,1
48.764362836,1,0
48.772781236,1,1
48.781026036,1,0
48.789444782,1,1
48.797678184,1,0
48.806108904,1,1
48.814342480,1,0
48.822761352,1,1
48.830995248,1,0
48.839425748,1,1
48.847659388,1,0
48.856079334,1,1
48.864324478,1,0
48.872743682,1,1
48.880978322,1,0
48.889409624,1,1
48.897643806,1,0
48.906063906,1,1
48.914296416,1,0
48.922727068,1,1
48.930960874,1,0
48.939380284,1,1
48.947625046,1,0
48.956044766,1,1
48.964278436,1,0
48.972709250,1,1
48.980942838,1,0
48.989362358,1,1
48.997595624,1,0
49.006026994,1,1
49.014260712,1,0
49.022680760,1,1
49.030926118,1,0
49.039345718,1,1
49.047579750,1,0
49.056010970,1,1
49.064244206,1,0
49.072663082,1,1
49.080897044,1,0
49.089328590,1,1
49.097562708,1,0
49.105981716,1,1
49.114226132,1,0
49.122645700,1,1
49.130879142,1,0
49.139310052,1,1
49.147543706,1,0
49.155963236,1,1
49.164196948,1,0
49.172627752,1,1
49.180861164,1,0
49.189280470,1,1
49.197525046,1,0
49.205944536,1,1
49.214178070,1,0
49.222609518,1,1
49.230843284,1,0
49.239262230,1,1
49.247494362,1,0
49.264358160,1,1
49.272591084,1,0
49.281020350,1,1
49.289252828,1,0
49.297671578,1,1
49.305915540,1,0
49.314334382,1,1
49.322568030,1,0
49.330999300,1,1
49.339233446,1,0
49.347653110,1,1
49.355886282,1,0
49.364317762,1,1
49.372552186,1,0
49.380971790,1,1
49.389216190,1,0
49.397636376,1,1
49.405870424,1,0
49.414301698,1,1
49.422534982,1,0
49.430954152,1,1
49.439187548,1,0
49.447618676,1,1
49.455851814,1,0
49.464270188,1,1
49.472514192,1,0
49.480932744,1,1
49.489166046,1,0
49.497596594,1,1
49.505829674,1,0
49.514248818,1,1
49.522482544,1,0
49.530913642,1,1
49.539147916,1,0
49.547568080,1,1
49.555813154,1,0
49.564232402,1,1
49.572465566,1,0
49.580896092,1,1
49.589128952,1,0
49.597548970,1,1
49.605781758,1,0
49.614212016,1,1
49.622445752,1,0
49.630864712,1,1
49.639108824,1,0
49.647527364,1,1
49.655760034,1,0
49.664191232,1,1
49.672424412,1,0
49.680844128,1,1
49.689077962,1,0
49.697508372,1,1
49.705741010,1,0
49.714160252,1,1
49.722404486,1,0
49.730823614,1,1
49.739056958,1,0
49.747487204,1,1
49.755719512,1,0
49.764138260,1,1
49.772371852,1,0
49.780802518,1,1
49.789035886,1,0
49.797454608,1,1
49.805698582,1,0
49.814117240,1,1
49.822349522,1,0
49.830779126,1,1
49.839011748,1,0
49.847430466,1,1
49.855663154,1,0
49.864093330,1,1
49.872326402,1,0
49.880744882,1,1
49.888988572,1,0
49.897407208,1,1
49.905640954,1,0
49.914070958,1,1
49.922303396,1,0
49.930722048,1,1
49.938954636,1,0
49.947383964,1,1
49.955616634,1,0
49.964035318,1,1
49.972279544,1,0
49.980698528,1,1
49.988931008,1,0
49.997360712,1,1
50.005594608,1,0
50.014014676,1,1
50.022248712,1,0
50.030679796,1,1
50.038912848,1,0
50.047331700,1,1
50.055575754,1,0
50.063994840,1,1
50.072227690,1,0
50.080657600,1,1
50.088890012,1,0
50.097308450,1,1
50.105541176,1,0
50.113971424,1,1
50.122204716,1,0
50.130624728,1,1
50.138869800,1,0
50.147288902,1,1
50.155522480,1,0
50.163952846,1,1
50.172185760,1,0
50.180605652,1,1
50.188839736,1,0
50.197271062,1,1
50.205504872,1,0
50.213923654,1,1
50.222168616,1,0
50.230588360,1,1
50.238821454,1,0
50.247252402,1,1
50.255486276,1,0
50.263907090,1,1
50.272141156,1,0
50.280572424,1,1
50.288806010,1,0
50.297226430,1,1
50.305472520,1,0
50.313892200,1,1
50.322125874,1,0
50.330556812,1,1
50.338790800,1,0
50.347210796,1,1
50.355445154,1,0
50.363876372,1,1
50.372109568,1,0
50.380529256,1,1
50.388774256,1,0
50.397195142,1,1
50.405429776,1,0
50.413860972,1,1
50.422095128,1,0
50.430515736,1,1
50.438750416,1,0
50.447182254,1,1
50.455416544,1,0
50.463836292,1,1
50.472082384,1,0
50.480503044,1,1
50.488737754,1,0
50.497168942,1,1
50.505402058,1,0
50.513821516,1,1
50.522055398,1,0
50.530486450,1,1
50.538720110,1,0
50.547140802,1,1
50.555387118,1,0
50.563808136,1,1
50.572042806,1,0
50.580474810,1,1
50.588709088,1,0
50.597129988,1,1
50.605364358,1,0
50.613795378,1,1
50.622029776,1,0
50.630449754,1,1
50.638696176,1,0
50.647116138,1,1
50.655350240,1,0
50.663781504,1,1
50.672015616,1,0
50.680434876,1,1
50.688669602,1,0
50.697101700,1,1
50.705335734,1,0
50.713756288,1,1
50.722001826,1,0
50.730421576,1,1
50.738656118,1,0
50.747087584,1,1
50.755321598,1,0
50.763741616,1,1
50.771975498,1,0
50.780406110,1,1
50.788639960,1,0
50.797059102,1,1
50.805303666,1,0
50.813722968,1,1
50.821956682,1,0
50.830386952,1,1
50.838620864,1,0
50.847040866,1,1
50.855274942,1,0
50.863706056,1,1
50.871939910,1,0
50.880359372,1,1
50.888605964,1,0
50.897026500,1,1
50.905260728,1,0
50.913692118,1,1
50.921926154,1,0
50.930345708,1,1
50.938580026,1,0
50.947011472,1,1
50.955244758,1,0
50.963664406,1,1
50.971909124,1,0
50.980328042,1,1
50.988561574,1,0
50.996992556,1,1
51.005225958,1,0
51.013645558,1,1
51.021879282,1,0
51.030310424,1,1
51.038544456,1,0
51.046964360,1,1
51.055209330,1,0
51.063629092,1,1
51.071861700,1,0
51.080292384,1,1
51.088525946,1,0
51.096945666,1,1
51.105179472,1,0
51.113609698,1,1
51.121842634,1,0
51.130261500,1,1
51.138506346,1,0
51.146926184,1,1
51.155159506,1,0
51.163589402,1,1
51.171823000,1,0
51.180242674,1,1
51.188476952,1,0
51.196908724,1,1
51.205143938,1,0
51.213564704,1,1
51.221810930,1,0
51.230232052,1,1
51.238467016,1,0
51.246899558,1,1
51.255133690,1,0
51.263553802,1,1
51.271787740,1,0
51.280219044,1,1
51.288453080,1,0
51.296873166,1,1
51.305118576,1,0
51.313539522,1,1
51.321774572,1,0
51.330206410,1,1
51.338441116,1,0
51.355309282,1,1
51.363543794,1,0
51.371963582,1,1
51.380197522,1,0
51.388627882,1,1
51.396861602,1,0
51.405280590,1,1
51.413525472,1,0
51.421944600,1,1
51.430178266,1,0
51.438608936,1,1
51.446843330,1,0
51.455263694,1,1
51.463498026,1,0
51.471929146,1,1
51.480162366,1,0
51.488582750,1,1
51.496828454,1,0
51.505248430,1,1
51.513481756,1,0
51.521913248,1,1
51.530147342,1,0
51.538567636,1,1
51.546801800,1,0
51.555232980,1,1
51.563466368,1,0
51.571885882,1,1
51.580131384,1,0
51.588552178,1,1
51.596785796,1,0
51.605216870,1,1
51.613450654,1,0
51.621870444,1,1
51.630104692,1,0
51.638536256,1,1
51.646770158,1,0
51.655190318,1,1
51.663435346,1,0
51.671854548,1,1
51.680088034,1,0
51.688519044,1,1
51.696752712,1,0
51.705172736,1,1
51.713406434,1,0
51.721837894,1,1
51.730072596,1,0
51.738492550,1,1
51.746737256,1,0
51.755156412,1,1
51.763390258,1,0
51.771821844,1,1
51.780056496,1,0
51.788476862,1,1
51.796710712,1,0
51.805141228,1,1
51.813374370,1,0
51.821794432,1,1
51.830039540,1,0
51.838458648,1,1
51.846692320,1,0
51.855122884,1,1
51.863356480,1,0
51.871776496,1,1
51.880010658,1,0
51.888442436,1,1
51.888442440,1,0
51.888442444,1,1
51.896676164,1,0
51.905095312,1,1
51.913340772,1,0
51.921761530,1,1
51.929996128,1,0
51.938427676,1,1
51.946661872,1,0
51.955081584,1,1
51.963316178,1,0
51.971747644,1,1
51.979982092,1,0
51.988402894,1,1
51.996648338,1,0
52.005068798,1,1
52.013303804,1,0
52.021736218,1,1
52.029971518,1,0
52.038392302,1,1
52.046627700,1,0
52.055059444,1,1
52.063293892,1,0
52.071714858,1,1
52.079961190,1,0
52.088381866,1,1
52.096616626,1,0
52.105047858,1,1
52.113282166,1,0
52.121702938,1,1
52.129937864,1,0
52.138369294,1,1
52.146603758,1,0
52.155023098,1,1
52.163268026,1,0
52.171688818,1,1
52.179923172,1,0
52.188354720,1,1
52.196589664,1,0
52.205009732,1,1
52.213244446,1,0
52.221675960,1,1
52.229910088,1,0
52.238330812,1,1
52.246575992,1,0
52.254995724,1,1
52.263230030,1,0
52.271661000,1,1
52.279894990,1,0
52.288314488,1,1
52.296547502,1,0
52.304978374,1,1
52.313213026,1,0
52.321633320,1,1
52.329878952,1,0
52.338299304,1,1
52.346533066,1,0
52.354964326,1,1
52.363198366,1,0
52.371618748,1,1
52.379852302,1,0
52.388282938,1,1
52.396516242,1,0
52.404935974,1,1
52.413182042,1,0
52.421602210,1,1
52.429836582,1,0
52.438268858,1,1
52.446503560,1,0
52.454924554,1,1
52.463159218,1,0
52.471591384,1,1
52.479825920,1,0
52.488245730,1,1
52.496490652,1,0
52.504911690,1,1
52.513146000,1,0
52.521577650,1,1
52.529811770,1,0
52.538231918,1,1
52.546465814,1,0
52.554897374,1,1
52.563132066,1,0
52.571552950,1,1
52.579798878,1,0
52.588219574,1,1
52.596454260,1,0
52.604886200,1,1
52.613120588,1,0
52.621540646,1,1
52.629775056,1,0
52.638207204,1,1
52.646440538,1,0
52.654860588,1,1
52.663105876,1,0
52.671526104,1,1
52.679759846,1,0
52.688191292,1,1
52.696425460,1,0
52.704845284,1,1
52.713078954,1,0
52.721510210,1,1
52.729744176,1,0
52.738164614,1,1
52.746409708,1,0
52.754829226,1,1
52.763062666,1,0
52.771493578,1,1
52.779727604,1,0
52.788145998,1,1
52.796379768,1,0
52.804810878,1,1
52.804810884,1,0
52.804810888,1,1
52.813045462,1,0
52.821465626,1,1
52.829710888,1,0
52.838130246,1,1
52.846363900,1,0
52.854794634,1,1
52.863028692,1,0
52.871448472,1,1
52.879682464,1,0
52.888113258,1,1
52.896347272,1,0
52.904767292,1,1
52.904767296,1,0
52.904767298,1,1
52.913012506,1,0
52.921432168,1,1
52.929666208,1,0
52.938095844,1,1
52.946330076,1,0
52.954750410,1,1
52.962984486,1,0
52.971415484,1,1
52.979649152,1,0
52.988068368,1,1
52.996313698,1,0
53.004732534,1,1
53.012965496,1,0
53.021396930,1,1
53.029630522,1,0
53.038049782,1,1
53.046283606,1,0
53.054714144,1,1
53.062947974,1,0
53.071368120,1,1
53.079613146,1,0
53.088032434,1,1
53.096266802,1,0
53.104698706,1,1
53.112933002,1,0
53.121354046,1,1
53.129587538,1,0
53.138018586,1,1
53.146251966,1,0
53.154671974,1,1
53.162917512,1,0
53.171337656,1,1
53.179570362,1,0
53.188000612,1,1
53.196233734,1,0
53.204653014,1,1
53.212885976,1,0
53.221316474,1,1
53.229549378,1,0
53.237969028,1,1
53.246214314,1,0
53.254633758,1,1
53.262867100,1,0
53.271297388,1,1
53.279529488,1,0
53.287948306,1,1
53.296181312,1,0
53.304611520,1,1
53.312844740,1,0
53.321263978,1,1
53.329507978,1,0
53.337927248,1,1
53.346160756,1,0
53.354590990,1,1
53.362824414,1,0
53.371243064,1,1
53.379474962,1,0
53.387905192,1,1
53.396138400,1,0
53.404557826,1,1
53.412802308,1,0
53.421221488,1,1
53.429454490,1,0
53.446319428,1,1
53.454552134,1,0
53.462982310,1,1
53.471215020,1,0
53.479633734,1,1
53.487866622,1,0
53.496297354,1,1
53.504530670,1,0
53.512949858,1,1
53.521194820,1,0
53.529613580,1,1
53.537846220,1,0
53.546275890,1,1
53.554507934,1,0
53.562927392,1,1
53.571159970,1,0
53.579590508,1,1
53.587824096,1,0
53.596242946,1,1
53.604486678,1,0
53.612905456,1,1
53.621138404,1,0
53.629568986,1,1
53.637802064,1,0
53.646220394,1,1
53.654453424,1,0
53.662883874,1,1
53.671116728,1,0
53.679535760,1,1
53.687780274,1,0
53.696199172,1,1
53.704432300,1,0
53.712863284,1,1
53.721096830,1,0
53.729515930,1,1
53.737748568,1,0
53.746179304,1,1
53.754412466,1,0
53.762831918,1,1
53.771076446,1,0
53.779495260,1,1
53.787728128,1,0
53.796158112,1,1
53.804391104,1,0
53.812810506,1,1
53.821043392,1,0
53.829474144,1,1
53.837707470,1,0
53.846126526,1,1
53.854371064,1,0
53.862790232,1,1
53.871023266,1,0
53.879454592,1,1
53.887688102,1,0
53.896106724,1,1
53.904339444,1,0
53.912769192,1,1
53.921002152,1,0
53.929420442,1,1
53.937664202,1,0
53.946083524,1,1
53.954316976,1,0
53.962747290,1,1
53.970980124,1,0
53.979399144,1,1
53.987631804,1,0
53.996062572,1,1
54.004296188,1,0
54.012715452,1,1
54.020960704,1,0
54.029380078,1,1
54.037613206,1,0
54.046044284,1,1
54.054277684,1,0
54.062696486,1,1
54.070930260,1,0
54.079361090,1,1
54.087595362,1,0
54.096015096,1,1
54.104260300,1,0
54.112680136,1,1
54.120914628,1,0
54.129346650,1,1
54.137580728,1,0
54.146000760,1,1
54.154234550,1,0
54.162665082,1,1
54.170898932,1,0
54.179318470,1,1
54.187563650,1,0
54.195983416,1,1
54.195983420,1,0
54.195983422,1,1
54.204217402,1,0
54.212648184,1,1
54.220882100,1,0
54.229302234,1,1
54.237536000,1,0
54.245966938,1,1
54.254201090,1,0
54.262620412,1,1
54.270865302,1,0
54.279285296,1,1
54.287518966,1,0
54.295950290,1,1
54.304184248,1,0
54.312603472,1,1
54.320837182,1,0
54.329268080,1,1
54.337502118,1,0
54.345921790,1,1
54.354166910,1,0
54.362585370,1,1
54.370818670,1,0
54.379249512,1,1
54.387482750,1,0
54.395902316,1,1
54.404135182,1,0
54.412565442,1,1
54.420798354,1,0
54.429217984,1,1
54.437461738,1,0
54.445881572,1,1
54.454114912,1,0
54.462545272,1,1
54.470778122,1,0
54.479197236,1,1
54.487430326,1,0
54.495860666,1,1
54.504093208,1,0
54.512511686,1,1
54.520755900,1,0
54.529175256,1,1
54.537408956,1,0
54.545839530,1,1
54.554073064,1,0
54.562492422,1,1
54.570726316,1,0
54.579156862,1,1
54.587390370,1,0
54.595809484,1,1
54.595809486,1,0
54.595809490,1,1
54.604053778,1,0
54.612473578,1,1
54.620707438,1,0
54.629138216,1,1
54.637372424,1,0
54.645792334,1,1
54.654026332,1,0
54.662457980,1,1
54.670692022,1,0
54.679111856,1,1
54.687356996,1,0
54.695777632,1,1
54.704011292,1,0
54.712442162,1,1
54.720675476,1,0
54.729094446,1,1
54.737327824,1,0
54.745758468,1,1
54.753991528,1,0
54.762411164,1,1
54.770656086,1,0
54.779076018,1,1
54.787310574,1,0
54.795742204,1,1
54.803976306,1,0
54.812396446,1,1
54.820629598,1,0
54.829061186,1,1
54.837295784,1,0
54.845715220,1,1
54.853959926,1,0
54.862379944,1,1
54.870613890,1,0
54.879045562,1,1
54.887279186,1,0
54.895698588,1,1
54.903932068,1,0
54.912361958,1,1
54.920595192,1,0
54.929014358,1,1
54.937259386,1,0
54.945678214,1,1
54.953911588,1,0
54.962342276,1,1
54.970575702,1,0
54.978994998,1,1
54.987228488,1,0
54.995659484,1,1
55.003893102,1,0
55.012312910,1,1
55.020558312,1,0
55.028978626,1,1
55.037212840,1,0
55.045643710,1,1
55.053878226,1,0
55.062298516,1,1
55.070532442,1,0
55.078963464,1,1
55.087197118,1,0
55.095616652,1,1
55.103861386,1,0
55.112281114,1,1
55.120514662,1,0
55.128945506,1,1
55.137179452,1,0
55.145598510,1,1
55.153832346,1,0
55.162263254,1,1
55.170496992,1,0
55.178916004,1,1
55.187160936,1,0
55.195580726,1,1
55.203814428,1,0
55.212245520,1,1
55.220479878,1,0
55.228899320,1,1
55.237132532,1,0
55.245563388,1,1
55.253796734,1,0
55.262216692,1,1
55.270461498,1,0
55.278880608,1,1
55.287113250,1,0
55.295543796,1,1
55.303777320,1,0
55.312196364,1,1
55.320429550,1,0
55.328860184,1,1
55.337093682,1,0
55.345512894,1,1
55.345512898,1,0
55.345512900,1,1
55.353757760,1,0
55.362176968,1,1
55.370409756,1,0
55.378840182,1,1
55.387072660,1,0
55.395491854,1,1
55.403724976,1,0
55.412155532,1,1
55.420388896,1,0
55.428808264,1,1
55.437053004,1,0
55.445471566,1,1
55.453704458,1,0
55.462134914,1,1
55.470368510,1,0
55.478788114,1,1
55.487021262,1,0
55.495451686,1,1
55.503685442,1,0
55.512105392,1,1
55.520351182,1,0
55.537206056,1,1
55.537206058,1,0
55.537206062,1,1
55.545450864,1,0
55.553870526,1,1
55.562103764,1,0
55.570534096,1,1
55.578767266,1,0
55.587185892,1,1
55.595419540,1,0
55.603850866,1,1
55.612084908,1,0
55.620504456,1,1
55.628750588,1,0
55.637170548,1,1
55.645405250,1,0
55.653837120,1,1
55.662070558,1,0
55.670490234,1,1
55.678723990,1,0
55.687155204,1,1
55.695389244,1,0
55.703809326,1,1
55.712054328,1,0
55.720473606,1,1
55.728707108,1,0
55.737137126,1,1
55.745370528,1,0
55.753790514,1,1
55.762024480,1,0
55.770455932,1,1
55.778689172,1,0
55.787109154,1,1
55.795354736,1,0
55.803774804,1,1
55.812008786,1,0
55.820438706,1,1
55.828671888,1,0
55.837090934,1,1
55.845324448,1,0
55.853754810,1,1
55.861988264,1,0
55.870407914,1,1
55.870407918,1,0
55.870407920,1,1
55.878652028,1,0
55.887072042,1,1
55.895306056,1,0
55.903737078,1,1
55.911970994,1,0
55.920391044,1,1
55.928624938,1,0
55.937056230,1,1
55.945290730,1,0
55.953710328,1,1
55.961955486,1,0
55.970375560,1,1
55.978609250,1,0
55.987039874,1,1
55.995273294,1,0
56.003692568,1,1
56.003692572,1,0
56.003692576,1,1
56.011925454,1,0
56.020356162,1,1
56.028589798,1,0
56.037009770,1,1
56.045254700,1,0
56.053674854,1,1
56.061908252,1,0
56.070339050,1,1
56.078572632,1,0
56.086992200,1,1
56.095225924,1,0
56.103657342,1,1
56.111891470,1,0
56.120310186,1,1
56.128555566,1,0
56.136975420,1,1
56.145209516,1,0
56.153640750,1,1
56.161875120,1,0
56.170294280,1,1
56.178528598,1,0
56.186960386,1,1
56.195194246,1,0
56.203614832,1,1
56.211859944,1,0
56.220279184,1,1
56.228512790,1,0
56.236942784,1,1
56.245175234,1,0
56.253593980,1,1
56.261827614,1,0
56.270258702,1,1
56.278493518,1,0
56.286913324,1,1
56.295158380,1,0
56.303578418,1,1
56.311812070,1,0
56.320242112,1,1
56.328474864,1,0
56.336894078,1,1
56.345127912,1,0
56.353558520,1,1
56.361792318,1,0
56.370211536,1,1
56.378456364,1,0
56.386875194,1,1
56.395108172,1,0
56.403538590,1,1
56.411771648,1,0
56.420190482,1,1
56.428423490,1,0
56.436854048,1,1
56.445087774,1,0
56.453507398,1,1
56.453507404,1,0
56.453507406,1,1
56.461751406,1,0
56.470169718,1,1
56.478402892,1,0
56.486833534,1,1
56.495066420,1,0
56.503486244,1,1
56.511718752,1,0
56.520148704,1,1
56.528381814,1,0
56.536800864,1,1
56.545045488,1,0
56.553465528,1,1
56.561698862,1,0
56.570130146,1,1
56.578363784,1,0
56.586783556,1,1
56.595017234,1,0
56.603448586,1,1
56.611681896,1,0
56.620101590,1,1
56.620101594,1,0
56.620101598,1,1
56.628346850,1,0
56.636766512,1,1
56.645000416,1,0
56.653430644,1,1
56.661662836,1,0
56.670082334,1,1
56.678316108,1,0
56.686746800,1,1
56.694980074,1,0
56.703399222,1,1
56.711643606,1,0
56.720063140,1,1
56.728296418,1,0
56.736726836,1,1
56.744960538,1,0
56.753379664,1,1
56.761612600,1,0
56.770043318,1,1
56.778276794,1,0
56.786696810,1,1
56.794941296,1,0
56.803359988,1,1
56.811592692,1,0
56.820022698,1,1
56.828255452,1,0
56.836674290,1,1
56.844906504,1,0
56.853336062,1,1
56.861567936,1,0
56.869986738,1,1
56.878230526,1,0
56.886649154,1,1
56.894881902,1,0
56.903311404,1,1
56.911544690,1,0
56.919963524,1,1
56.928196832,1,0
56.936627276,1,1
56.944860090,1,0
56.953278056,1,1
56.961522308,1,0
56.969941708,1,1
56.978174820,1,0
56.986605678,1,1
56.994839206,1,0
57.003257722,1,1
57.011491494,1,0
57.019922494,1,1
57.028156594,1,0
57.036576700,1,1
57.044821754,1,0
57.053241700,1,1
57.061475320,1,0
57.069905544,1,1
57.078138028,1,0
57.086557296,1,1
57.094790752,1,0
57.103220896,1,1
57.111453892,1,0
57.119873146,1,1
57.128117132,1,0
57.136535800,1,1
57.144768822,1,0
57.153199196,1,1
57.161432778,1,0
57.169852462,1,1
57.178086246,1,0
57.186517302,1,1
57.186517304,1,0
57.186517310,1,1
57.194750894,1,0
57.203169566,1,1
57.211414260,1,0
57.219832836,1,1
57.228065500,1,0
57.236495912,1,1
57.244729136,1,0
57.253148824,1,1
57.261383248,1,0
57.269813986,1,1
57.278048022,1,0
57.286467104,1,1
57.294711178,1,0
57.303131078,1,1
57.311365426,1,0
57.319796762,1,1
57.328031152,1,0
57.336451502,1,1
57.344684872,1,0
57.353115880,1,1
57.361349694,1,0
57.369769458,1,1
57.378014874,1,0
57.386434694,1,1
57.394668576,1,0
57.403100008,1,1
57.411333770,1,0
57.419753110,1,1
57.427985868,1,0
57.436416094,1,1
57.444649060,1,0
57.453068300,1,1
57.461313324,1,0
57.469733648,1,1
57.477968166,1,0
57.486399122,1,1
57.494632474,1,0
57.503052652,1,1
57.511286226,1,0
57.519716946,1,1
57.527950434,1,0
57.536369710,1,1
57.544613784,1,0
57.553033412,1,1
57.561266160,1,0
57.569696540,1,1
57.577930088,1,0
57.586348862,1,1
57.594580928,1,0
57.603010554,1,1
57.611244104,1,0
57.628109416,1,1
57.636342520,1,0
57.644761306,1,1
57.653006346,1,0
57.661425354,1,1
57.669658180,1,0
57.678088336,1,1
57.686321120,1,0
57.694740200,1,1
57.702973248,1,0
57.711403470,1,1
57.719636132,1,0
57.728055094,1,1
57.736299594,1,0
57.744718226,1,1
57.752951116,1,0
57.761381416,1,1
57.769614766,1,0
57.778034152,1,1
57.786266736,1,0
57.794696398,1,1
57.802928866,1,0
57.811347134,1,1
57.819592060,1,0
57.828010866,1,1
57.836243198,1,0
57.844673272,1,1
57.852906340,1,0
57.861325720,1,1
57.869559544,1,0
57.877989720,1,1
57.886223060,1,0
57.894642116,1,1
57.902886586,1,0
57.911305624,1,1
57.919538576,1,0
57.927969460,1,1
57.936203520,1,0
57.944622716,1,1
57.952855996,1,0
57.961286302,1,1
57.969519110,1,0
57.977937776,1,1
57.986181818,1,0
57.994601020,1,1
58.002834120,1,0
58.011263610,1,1
58.011263614,1,0
58.011263618,1,1
58.019496888,1,0
58.027916982,1,1
58.036150184,1,0
58.044581294,1,1
58.052814474,1,0
58.061233064,1,1
58.069477334,1,0
58.077896416,1,1
58.077896420,1,0
58.077896422,1,1
58.086128728,1,0
58.094558062,1,1
58.102790732,1,0
58.111209002,1,1
58.119441134,1,0
58.127870640,1,1
58.136102248,1,0
58.144519826,1,1
58.152763872,1,0
58.161183746,1,1
58.169416732,1,0
58.177846582,1,1
58.186078872,1,0
58.194497520,1,1
58.202730024,1,0
58.211159314,1,1
58.219391566,1,0
58.227809876,1,1
58.236054156,1,0
58.244472714,1,1
58.252705048,1,0
58.261134686,1,1
58.269366712,1,0
58.277783470,1,1
58.286015804,1,0
58.294445294,1,1
58.302677212,1,0
58.311094928,1,1
58.319338462,1,0
58.327756342,1,1
58.335989058,1,0
58.344418832,1,1
58.352651122,1,0
58.361069820,1,1
58.369302830,1,0
58.377732864,1,1
58.377732866,1,0
58.377732870,1,1
58.385965110,1,0
58.394383484,1,1
58.402626816,1,0
58.411046104,1,1
58.419278928,1,0
58.427708824,1,1
58.435941666,1,0
58.444359746,1,1
58.452592826,1,0
58.461022838,1,1
58.469255748,1,0
58.477674206,1,1
58.485918280,1,0
58.494337490,1,1
58.502570572,1,0
58.511001060,1,1
58.519234354,1,0
58.527653138,1,1
58.535886626,1,0
58.544318208,1,1
58.552551680,1,0
58.560970508,1,1
58.569214802,1,0
58.577633932,1,1
58.577633936,1,0
58.577633940,1,1
58.585867100,1,0
58.594297274,1,1
58.602530094,1,0
58.610948912,1,1
58.619181352,1,0
58.627611570,1,1
58.635845056,1,0
58.644263628,1,1
58.652507572,1,0
58.660926624,1,1
58.669159206,1,0
58.677589218,1,1
58.685821514,1,0
58.694239574,1,1
58.702471324,1,0
58.710900744,1,1
58.719132980,1,0
58.727550912,1,1
58.735793762,1,0
58.744212084,1,1
58.752445112,1,0
58.760875150,1,1
58.769108764,1,0
58.777528162,1,1
58.785760670,1,0
58.794190848,1,1
58.802422454,1,0
58.810839896,1,1
58.819082188,1,0
58.827499390,1,1
58.835731434,1,0
58.844160808,1,1
58.852392962,1,0
58.860811100,1,1
58.869042884,1,0
58.877471648,1,1
58.885703534,1,0
58.894121120,1,1
58.902364232,1,0
58.910782168,1,1
58.919013994,1,0
58.927442368,1,1
58.935672998,1,0
58.944090266,1,1
58.952322090,1,0
58.960750606,1,1
58.968982626,1,0
58.977400536,1,1
58.985643790,1,0
58.994062134,1,1
59.002294840,1,0
59.010724266,1,1
59.018957174,1,0
59.027376226,1,1
59.035609038,1,0
59.044039028,1,1
59.052271942,1,0
59.060690426,1,1
59.068933914,1,0
59.077352116,1,1
59.085584874,1,0
59.094014384,1,1
59.102246834,1,0
59.110664804,1,1
59.110664808,1,0
59.110664812,1,1
59.118897564,1,0
59.127327090,1,1
59.135559978,1,0
59.143978294,1,1
59.152222240,1,0
59.160640366,1,1
59.168872990,1,0
59.177302616,1,1
59.185535620,1,0
59.193954784,1,1
59.202188134,1,0
59.210617398,1,1
59.218849768,1,0
59.227268212,1,1
59.235512978,1,0
59.243931874,1,1
59.252165586,1,0
59.260596096,1,1
59.260596098,1,0
59.260596100,1,1
59.268829388,1,0
59.277248834,1,1
59.285481970,1,0
59.293912076,1,1
59.302145984,1,0
59.310564868,1,1
59.318809654,1,0
59.327229266,1,1
59.335462874,1,0
59.343893164,1,1
59.352126350,1,0
59.360545388,1,1
59.368779114,1,0
59.377209022,1,1
59.385440686,1,0
59.393859240,1,1
59.402103606,1,0
59.410521502,1,1
59.418754484,1,0
59.427184722,1,1
59.427184726,1,0
59.427184728,1,1
59.435417524,1,0
59.443836444,1,1
59.452068816,1,0
59.460498114,1,1
59.468730820,1,0
59.477149552,1,1
59.485393822,1,0
59.493813116,1,1
59.502046030,1,0
59.510475740,1,1
59.518707740,1,0
59.527125796,1,1
59.535358538,1,0
59.543789242,1,1
59.552022220,1,0
59.560441720,1,1
59.568686324,1,0
59.577105352,1,1
59.585338096,1,0
59.593768540,1,1
59.602001584,1,0
59.610420664,1,1
59.618654428,1,0
59.627085640,1,1
59.635319698,1,0
59.643740252,1,1
59.651985766,1,0
59.660404506,1,1
59.668637186,1,0
59.677066718,1,1
59.685299510,1,0
59.693718892,1,1
59.701951626,1,0
59.718816854,1,1
59.727050108,1,0
59.735480604,1,1
59.743666176,1,1
