
C:/Users/regue/Desktop/okhi/firmware/usb/rp/build/okhi.elf:     file format elf32-littlearm

Sections:
Idx Name          Size      VMA       LMA       File off  Algn
  0 .boot2        00000100  10000000  10000000  00001000  2**0
                  CONTENTS, ALLOC, LOAD, READONLY, CODE
  1 .flashtext    0000018c  10000100  10000100  00001100  2**2
                  CONTENTS, ALLOC, LOAD, READONLY, CODE
  2 .rodata       00000000  1000028c  1000028c  00010218  2**0
                  CONTENTS, ALLOC, LOAD, DATA
  3 .binary_info  00000030  1000028c  1000028c  0000128c  2**2
                  CONTENTS, ALLOC, LOAD, READONLY, DATA
  4 .ram_vector_table 000000c0  20000000  20000000  00011000  2**2
                  ALLOC
  5 .uninitialized_data 00000034  200000c0  200000c0  00011000  2**2
                  ALLOC
  6 .text         0000a9f8  200000f4  100002bc  000020f4  2**2
                  CONTENTS, ALLOC, LOAD, READONLY, CODE
  7 .xip_ram      00000000  15000000  15000000  00010218  2**0
                  CONTENTS
  8 .data         00003728  2000aaf0  1000acb4  0000caf0  2**4
                  CONTENTS, ALLOC, LOAD, CODE
  9 .tdata        00000000  2000e218  2000e218  00010218  2**0
                  CONTENTS, ALLOC, LOAD, DATA, THREAD_LOCAL
 10 .tbss         00000000  2000e218  2000e218  00000000  2**0
                  ALLOC, THREAD_LOCAL
 11 .tbss_space   00000000  2000e218  2000e218  00010218  2**0
                  CONTENTS
 12 .bss          00022790  2000e218  1000e3dc  00010218  2**3
                  ALLOC
 13 .tls0         00000000  200309a8  200309a8  00010218  2**0
                  CONTENTS
 14 .tls1         00000000  200309a8  200309a8  00010218  2**0
                  CONTENTS
 15 .persistent_data 00000000  200309a8  200309a8  00010218  2**0
                  CONTENTS
 16 .dummy_pre_heap 00000000  200309a8  200309a8  00010218  2**0
                  CONTENTS
 17 .heap         00000800  200309a8  200309a8  000109a8  2**2
                  ALLOC, READONLY
 18 .scratch_x    00000000  20040000  20040000  00010218  2**0
                  CONTENTS
 19 .scratch_y    00000000  20041000  20041000  00010218  2**0
                  CONTENTS
 20 .stack1_dummy 00000800  20040000  20040000  00011000  2**2
                  ALLOC
 21 .stack_dummy  00000800  20041000  20041000  00011000  2**5
                  ALLOC, READONLY
 22 .debug_info   0002e3f5  00000000  00000000  00010218  2**0
                  CONTENTS, READONLY, DEBUGGING, OCTETS
 23 .debug_abbrev 00006f64  00000000  00000000  0003e60d  2**0
                  CONTENTS, READONLY, DEBUGGING, OCTETS
 24 .debug_loclists 00011d84  00000000  00000000  00045571  2**0
                  CONTENTS, READONLY, DEBUGGING, OCTETS
 25 .debug_aranges 00001848  00000000  00000000  000572f8  2**3
                  CONTENTS, READONLY, DEBUGGING, OCTETS
 26 .debug_rnglists 000019de  00000000  00000000  00058b40  2**0
                  CONTENTS, READONLY, DEBUGGING, OCTETS
 27 .debug_line   0001c4c7  00000000  00000000  0005a51e  2**0
                  CONTENTS, READONLY, DEBUGGING, OCTETS
 28 .debug_str    0000884b  00000000  00000000  000769e5  2**0
                  CONTENTS, READONLY, DEBUGGING, OCTETS
 29 .comment      00000045  00000000  00000000  0007f230  2**0
                  CONTENTS, READONLY
 30 .ARM.attributes 0000002a  00000000  00000000  0007f275  2**0
                  CONTENTS, READONLY
 31 .debug_frame  00003bfc  00000000  00000000  0007f2a0  2**2
                  CONTENTS, READONLY, DEBUGGING, OCTETS
 32 .debug_line_str 00000367  00000000  00000000  00082e9c  2**0
                  CONTENTS, READONLY, DEBUGGING, OCTETS

C:/Users/regue/Desktop/okhi/firmware/usb/rp/build/okhi.elf:     file format elf32-littlearm


Disassembly of section .boot2:

10000000 <__boot2_start__>:
10000000:	4b32b500 	.word	0x4b32b500
10000004:	60582021 	.word	0x60582021
10000008:	21026898 	.word	0x21026898
1000000c:	60984388 	.word	0x60984388
10000010:	611860d8 	.word	0x611860d8
10000014:	4b2e6158 	.word	0x4b2e6158
10000018:	60992100 	.word	0x60992100
1000001c:	61592102 	.word	0x61592102
10000020:	22f02101 	.word	0x22f02101
10000024:	492b5099 	.word	0x492b5099
10000028:	21016019 	.word	0x21016019
1000002c:	20356099 	.word	0x20356099
10000030:	f844f000 	.word	0xf844f000
10000034:	42902202 	.word	0x42902202
10000038:	2106d014 	.word	0x2106d014
1000003c:	f0006619 	.word	0xf0006619
10000040:	6e19f834 	.word	0x6e19f834
10000044:	66192101 	.word	0x66192101
10000048:	66182000 	.word	0x66182000
1000004c:	f000661a 	.word	0xf000661a
10000050:	6e19f82c 	.word	0x6e19f82c
10000054:	6e196e19 	.word	0x6e196e19
10000058:	f0002005 	.word	0xf0002005
1000005c:	2101f82f 	.word	0x2101f82f
10000060:	d1f94208 	.word	0xd1f94208
10000064:	60992100 	.word	0x60992100
10000068:	6019491b 	.word	0x6019491b
1000006c:	60592100 	.word	0x60592100
10000070:	481b491a 	.word	0x481b491a
10000074:	21016001 	.word	0x21016001
10000078:	21eb6099 	.word	0x21eb6099
1000007c:	21a06619 	.word	0x21a06619
10000080:	f0006619 	.word	0xf0006619
10000084:	2100f812 	.word	0x2100f812
10000088:	49166099 	.word	0x49166099
1000008c:	60014814 	.word	0x60014814
10000090:	60992101 	.word	0x60992101
10000094:	2800bc01 	.word	0x2800bc01
10000098:	4700d000 	.word	0x4700d000
1000009c:	49134812 	.word	0x49134812
100000a0:	c8036008 	.word	0xc8036008
100000a4:	8808f380 	.word	0x8808f380
100000a8:	b5034708 	.word	0xb5034708
100000ac:	20046a99 	.word	0x20046a99
100000b0:	d0fb4201 	.word	0xd0fb4201
100000b4:	42012001 	.word	0x42012001
100000b8:	bd03d1f8 	.word	0xbd03d1f8
100000bc:	6618b502 	.word	0x6618b502
100000c0:	f7ff6618 	.word	0xf7ff6618
100000c4:	6e18fff2 	.word	0x6e18fff2
100000c8:	bd026e18 	.word	0xbd026e18
100000cc:	40020000 	.word	0x40020000
100000d0:	18000000 	.word	0x18000000
100000d4:	00070000 	.word	0x00070000
100000d8:	005f0300 	.word	0x005f0300
100000dc:	00002221 	.word	0x00002221
100000e0:	180000f4 	.word	0x180000f4
100000e4:	a0002022 	.word	0xa0002022
100000e8:	10000100 	.word	0x10000100
100000ec:	e000ed08 	.word	0xe000ed08
	...
100000fc:	7a4eb274 	.word	0x7a4eb274

Disassembly of section .flashtext:

10000100 <__VECTOR_TABLE>:
10000100:	20042000 	.word	0x20042000
10000104:	100001f7 	.word	0x100001f7
10000108:	100001cb 	.word	0x100001cb
1000010c:	2000505d 	.word	0x2000505d
10000110:	100001c9 	.word	0x100001c9
10000114:	100001c9 	.word	0x100001c9
10000118:	100001c9 	.word	0x100001c9
1000011c:	100001c9 	.word	0x100001c9
10000120:	100001c9 	.word	0x100001c9
10000124:	100001c9 	.word	0x100001c9
10000128:	100001c9 	.word	0x100001c9
1000012c:	100001cf 	.word	0x100001cf
10000130:	100001c9 	.word	0x100001c9
10000134:	100001c9 	.word	0x100001c9
10000138:	100001d1 	.word	0x100001d1
1000013c:	100001d3 	.word	0x100001d3
10000140:	100001c1 	.word	0x100001c1
10000144:	100001c1 	.word	0x100001c1
10000148:	100001c1 	.word	0x100001c1
1000014c:	100001c1 	.word	0x100001c1
10000150:	100001c1 	.word	0x100001c1
10000154:	100001c1 	.word	0x100001c1
10000158:	100001c1 	.word	0x100001c1
1000015c:	100001c1 	.word	0x100001c1
10000160:	100001c1 	.word	0x100001c1
10000164:	100001c1 	.word	0x100001c1
10000168:	100001c1 	.word	0x100001c1
1000016c:	100001c1 	.word	0x100001c1
10000170:	100001c1 	.word	0x100001c1
10000174:	100001c1 	.word	0x100001c1
10000178:	100001c1 	.word	0x100001c1
1000017c:	100001c1 	.word	0x100001c1
10000180:	100001c1 	.word	0x100001c1
10000184:	100001c1 	.word	0x100001c1
10000188:	100001c1 	.word	0x100001c1
1000018c:	100001c1 	.word	0x100001c1
10000190:	100001c1 	.word	0x100001c1
10000194:	100001c1 	.word	0x100001c1
10000198:	100001c1 	.word	0x100001c1
1000019c:	100001c1 	.word	0x100001c1
100001a0:	100001c1 	.word	0x100001c1
100001a4:	100001c1 	.word	0x100001c1
100001a8:	100001c1 	.word	0x100001c1
100001ac:	100001c1 	.word	0x100001c1
100001b0:	100001c1 	.word	0x100001c1
100001b4:	100001c1 	.word	0x100001c1
100001b8:	100001c1 	.word	0x100001c1
100001bc:	100001c1 	.word	0x100001c1

100001c0 <__unhandled_user_irq>:
100001c0:	f3ef 8005 	mrs	r0, IPSR
100001c4:	3810      	subs	r0, #16

100001c6 <unhandled_user_irq_num_in_r0>:
100001c6:	be00      	bkpt	0x0000

100001c8 <isr_invalid>:
100001c8:	be00      	bkpt	0x0000

100001ca <isr_nmi>:
100001ca:	be00      	bkpt	0x0000
100001cc:	be00      	bkpt	0x0000

100001ce <isr_svcall>:
100001ce:	be00      	bkpt	0x0000

100001d0 <isr_pendsv>:
100001d0:	be00      	bkpt	0x0000

100001d2 <isr_systick>:
100001d2:	be00      	bkpt	0x0000

100001d4 <__default_isrs_end>:
100001d4:	7188ebf2 	.word	0x7188ebf2
100001d8:	1000028c 	.word	0x1000028c
100001dc:	100002bc 	.word	0x100002bc
100001e0:	10000238 	.word	0x10000238
100001e4:	e71aa390 	.word	0xe71aa390

100001e8 <_entry_point>:
100001e8:	2000      	movs	r0, #0

100001ea <_enter_vtable_in_r0>:
100001ea:	4921      	ldr	r1, [pc, #132]	@ (10000270 <data_cpy_table+0x38>)
100001ec:	6008      	str	r0, [r1, #0]
100001ee:	c806      	ldmia	r0!, {r1, r2}
100001f0:	f381 8808 	msr	MSP, r1
100001f4:	4710      	bx	r2

100001f6 <_reset_handler>:
100001f6:	481f      	ldr	r0, [pc, #124]	@ (10000274 <data_cpy_table+0x3c>)
100001f8:	6800      	ldr	r0, [r0, #0]
100001fa:	2800      	cmp	r0, #0
100001fc:	d001      	beq.n	10000202 <hold_non_core0_in_bootrom+0x4>

100001fe <hold_non_core0_in_bootrom>:
100001fe:	2000      	movs	r0, #0
10000200:	e7f3      	b.n	100001ea <_enter_vtable_in_r0>
10000202:	a40d      	add	r4, pc, #52	@ (adr r4, 10000238 <data_cpy_table>)
10000204:	cc0e      	ldmia	r4!, {r1, r2, r3}
10000206:	2900      	cmp	r1, #0
10000208:	d002      	beq.n	10000210 <hold_non_core0_in_bootrom+0x12>
1000020a:	f000 f812 	bl	10000232 <data_cpy>
1000020e:	e7f9      	b.n	10000204 <hold_non_core0_in_bootrom+0x6>
10000210:	4919      	ldr	r1, [pc, #100]	@ (10000278 <data_cpy_table+0x40>)
10000212:	4a1a      	ldr	r2, [pc, #104]	@ (1000027c <data_cpy_table+0x44>)
10000214:	2000      	movs	r0, #0
10000216:	e000      	b.n	1000021a <bss_fill_test>

10000218 <bss_fill_loop>:
10000218:	c101      	stmia	r1!, {r0}

1000021a <bss_fill_test>:
1000021a:	4291      	cmp	r1, r2
1000021c:	d1fc      	bne.n	10000218 <bss_fill_loop>

1000021e <platform_entry>:
1000021e:	4918      	ldr	r1, [pc, #96]	@ (10000280 <data_cpy_table+0x48>)
10000220:	4788      	blx	r1
10000222:	4918      	ldr	r1, [pc, #96]	@ (10000284 <data_cpy_table+0x4c>)
10000224:	4788      	blx	r1
10000226:	4918      	ldr	r1, [pc, #96]	@ (10000288 <data_cpy_table+0x50>)
10000228:	4788      	blx	r1
1000022a:	be00      	bkpt	0x0000
1000022c:	e7fd      	b.n	1000022a <platform_entry+0xc>

1000022e <data_cpy_loop>:
1000022e:	c901      	ldmia	r1!, {r0}
10000230:	c201      	stmia	r2!, {r0}

10000232 <data_cpy>:
10000232:	429a      	cmp	r2, r3
10000234:	d3fb      	bcc.n	1000022e <data_cpy_loop>

10000236 <data_cpy_done>:
10000236:	4770      	bx	lr

10000238 <data_cpy_table>:
10000238:	100002bc 	.word	0x100002bc
1000023c:	200000f4 	.word	0x200000f4
10000240:	2000aaec 	.word	0x2000aaec
10000244:	1000acb4 	.word	0x1000acb4
10000248:	2000aaf0 	.word	0x2000aaf0
1000024c:	2000e218 	.word	0x2000e218
10000250:	1000e3dc 	.word	0x1000e3dc
10000254:	20040000 	.word	0x20040000
10000258:	20040000 	.word	0x20040000
1000025c:	1000e3dc 	.word	0x1000e3dc
10000260:	20041000 	.word	0x20041000
10000264:	20041000 	.word	0x20041000
10000268:	00000000 	.word	0x00000000
1000026c:	4770      	bx	lr
1000026e:	0000      	.short	0x0000
10000270:	e000ed08 	.word	0xe000ed08
10000274:	d0000000 	.word	0xd0000000
10000278:	2000e218 	.word	0x2000e218
1000027c:	200309a8 	.word	0x200309a8
10000280:	200094a5 	.word	0x200094a5
10000284:	20005079 	.word	0x20005079
10000288:	20009467 	.word	0x20009467

Disassembly of section .text:

200000f4 <sm_config_set_clkdiv>:
200000f4:	b570      	push	{r4, r5, r6, lr}
200000f6:	0005      	movs	r5, r0
200000f8:	1c08      	adds	r0, r1, #0
200000fa:	21ec      	movs	r1, #236	@ 0xec
200000fc:	0589      	lsls	r1, r1, #22
200000fe:	f007 ff27 	bl	20007f50 <__wrap___aeabi_fadd>
20000102:	1c06      	adds	r6, r0, #0
20000104:	f007 ff70 	bl	20007fe8 <__wrap___aeabi_f2uiz>
20000108:	b284      	uxth	r4, r0
2000010a:	2c00      	cmp	r4, #0
2000010c:	d012      	beq.n	20000134 <sm_config_set_clkdiv+0x40>
2000010e:	0020      	movs	r0, r4
20000110:	f007 ff42 	bl	20007f98 <__wrap___aeabi_ui2f>
20000114:	1c01      	adds	r1, r0, #0
20000116:	1c30      	adds	r0, r6, #0
20000118:	f007 ff15 	bl	20007f46 <__wrap___aeabi_fsub>
2000011c:	2187      	movs	r1, #135	@ 0x87
2000011e:	05c9      	lsls	r1, r1, #23
20000120:	f007 ff31 	bl	20007f86 <__wrap___aeabi_fmul>
20000124:	f007 ff60 	bl	20007fe8 <__wrap___aeabi_f2uiz>
20000128:	b2c3      	uxtb	r3, r0
2000012a:	021b      	lsls	r3, r3, #8
2000012c:	0424      	lsls	r4, r4, #16
2000012e:	431c      	orrs	r4, r3
20000130:	602c      	str	r4, [r5, #0]
20000132:	bd70      	pop	{r4, r5, r6, pc}
20000134:	0023      	movs	r3, r4
20000136:	e7f8      	b.n	2000012a <sm_config_set_clkdiv+0x36>

20000138 <pio_get_default_sm_config>:
20000138:	b510      	push	{r4, lr}
2000013a:	0004      	movs	r4, r0
2000013c:	2210      	movs	r2, #16
2000013e:	2100      	movs	r1, #0
20000140:	f008 f81c 	bl	2000817c <__wrap_memset>
20000144:	2380      	movs	r3, #128	@ 0x80
20000146:	025b      	lsls	r3, r3, #9
20000148:	6023      	str	r3, [r4, #0]
2000014a:	23f8      	movs	r3, #248	@ 0xf8
2000014c:	025b      	lsls	r3, r3, #9
2000014e:	6063      	str	r3, [r4, #4]
20000150:	2380      	movs	r3, #128	@ 0x80
20000152:	02db      	lsls	r3, r3, #11
20000154:	60a3      	str	r3, [r4, #8]
20000156:	23c0      	movs	r3, #192	@ 0xc0
20000158:	031b      	lsls	r3, r3, #12
2000015a:	60a3      	str	r3, [r4, #8]
2000015c:	0020      	movs	r0, r4
2000015e:	bd10      	pop	{r4, pc}

20000160 <uart_set_irqs_enabled>:
20000160:	b510      	push	{r4, lr}
20000162:	2a00      	cmp	r2, #0
20000164:	d01b      	beq.n	2000019e <uart_set_irqs_enabled+0x3e>
20000166:	2320      	movs	r3, #32
20000168:	2900      	cmp	r1, #0
2000016a:	d01a      	beq.n	200001a2 <uart_set_irqs_enabled+0x42>
2000016c:	2410      	movs	r4, #16
2000016e:	4323      	orrs	r3, r4
20000170:	3430      	adds	r4, #48	@ 0x30
20000172:	46a4      	mov	ip, r4
20000174:	4664      	mov	r4, ip
20000176:	4323      	orrs	r3, r4
20000178:	6383      	str	r3, [r0, #56]	@ 0x38
2000017a:	2900      	cmp	r1, #0
2000017c:	d005      	beq.n	2000018a <uart_set_irqs_enabled+0x2a>
2000017e:	6b43      	ldr	r3, [r0, #52]	@ 0x34
20000180:	2138      	movs	r1, #56	@ 0x38
20000182:	400b      	ands	r3, r1
20000184:	4908      	ldr	r1, [pc, #32]	@ (200001a8 <uart_set_irqs_enabled+0x48>)
20000186:	1841      	adds	r1, r0, r1
20000188:	600b      	str	r3, [r1, #0]
2000018a:	2a00      	cmp	r2, #0
2000018c:	d006      	beq.n	2000019c <uart_set_irqs_enabled+0x3c>
2000018e:	6b43      	ldr	r3, [r0, #52]	@ 0x34
20000190:	2207      	movs	r2, #7
20000192:	4013      	ands	r3, r2
20000194:	4a04      	ldr	r2, [pc, #16]	@ (200001a8 <uart_set_irqs_enabled+0x48>)
20000196:	4694      	mov	ip, r2
20000198:	4460      	add	r0, ip
2000019a:	6003      	str	r3, [r0, #0]
2000019c:	bd10      	pop	{r4, pc}
2000019e:	0013      	movs	r3, r2
200001a0:	e7e2      	b.n	20000168 <uart_set_irqs_enabled+0x8>
200001a2:	468c      	mov	ip, r1
200001a4:	e7e6      	b.n	20000174 <uart_set_irqs_enabled+0x14>
200001a6:	46c0      	nop			@ (mov r8, r8)
200001a8:	00001034 	.word	0x00001034

200001ac <uart_getc>:
200001ac:	b082      	sub	sp, #8
200001ae:	2200      	movs	r2, #0
200001b0:	466b      	mov	r3, sp
200001b2:	1dd9      	adds	r1, r3, #7
200001b4:	e006      	b.n	200001c4 <uart_getc+0x18>
200001b6:	6983      	ldr	r3, [r0, #24]
200001b8:	06db      	lsls	r3, r3, #27
200001ba:	d4fc      	bmi.n	200001b6 <uart_getc+0xa>
200001bc:	6803      	ldr	r3, [r0, #0]
200001be:	700b      	strb	r3, [r1, #0]
200001c0:	3201      	adds	r2, #1
200001c2:	3101      	adds	r1, #1
200001c4:	2a00      	cmp	r2, #0
200001c6:	d0f6      	beq.n	200001b6 <uart_getc+0xa>
200001c8:	466b      	mov	r3, sp
200001ca:	79d8      	ldrb	r0, [r3, #7]
200001cc:	b002      	add	sp, #8
200001ce:	4770      	bx	lr

200001d0 <tar_lowsp_pio0_program_get_default_config>:
200001d0:	b570      	push	{r4, r5, r6, lr}
200001d2:	0004      	movs	r4, r0
200001d4:	000d      	movs	r5, r1
200001d6:	f7ff ffaf 	bl	20000138 <pio_get_default_sm_config>
200001da:	002a      	movs	r2, r5
200001dc:	321e      	adds	r2, #30
200001de:	6863      	ldr	r3, [r4, #4]
200001e0:	4904      	ldr	r1, [pc, #16]	@ (200001f4 <tar_lowsp_pio0_program_get_default_config+0x24>)
200001e2:	400b      	ands	r3, r1
200001e4:	01ed      	lsls	r5, r5, #7
200001e6:	432b      	orrs	r3, r5
200001e8:	0312      	lsls	r2, r2, #12
200001ea:	4313      	orrs	r3, r2
200001ec:	6063      	str	r3, [r4, #4]
200001ee:	0020      	movs	r0, r4
200001f0:	bd70      	pop	{r4, r5, r6, pc}
200001f2:	46c0      	nop			@ (mov r8, r8)
200001f4:	fffe007f 	.word	0xfffe007f

200001f8 <tar_pio1_program_get_default_config>:
200001f8:	b570      	push	{r4, r5, r6, lr}
200001fa:	0005      	movs	r5, r0
200001fc:	000c      	movs	r4, r1
200001fe:	f7ff ff9b 	bl	20000138 <pio_get_default_sm_config>
20000202:	1ca2      	adds	r2, r4, #2
20000204:	3413      	adds	r4, #19
20000206:	686b      	ldr	r3, [r5, #4]
20000208:	4904      	ldr	r1, [pc, #16]	@ (2000021c <tar_pio1_program_get_default_config+0x24>)
2000020a:	400b      	ands	r3, r1
2000020c:	01d2      	lsls	r2, r2, #7
2000020e:	4313      	orrs	r3, r2
20000210:	0324      	lsls	r4, r4, #12
20000212:	4323      	orrs	r3, r4
20000214:	606b      	str	r3, [r5, #4]
20000216:	0028      	movs	r0, r5
20000218:	bd70      	pop	{r4, r5, r6, pc}
2000021a:	46c0      	nop			@ (mov r8, r8)
2000021c:	fffe007f 	.word	0xfffe007f

20000220 <spi_bench_fill_pattern>:
20000220:	b510      	push	{r4, lr}
20000222:	0014      	movs	r4, r2
20000224:	0093      	lsls	r3, r2, #2
20000226:	189b      	adds	r3, r3, r2
20000228:	015b      	lsls	r3, r3, #5
2000022a:	1a9b      	subs	r3, r3, r2
2000022c:	015a      	lsls	r2, r3, #5
2000022e:	189b      	adds	r3, r3, r2
20000230:	009b      	lsls	r3, r3, #2
20000232:	1b1b      	subs	r3, r3, r4
20000234:	015a      	lsls	r2, r3, #5
20000236:	1ad3      	subs	r3, r2, r3
20000238:	021a      	lsls	r2, r3, #8
2000023a:	1ad2      	subs	r2, r2, r3
2000023c:	0112      	lsls	r2, r2, #4
2000023e:	1912      	adds	r2, r2, r4
20000240:	4b0a      	ldr	r3, [pc, #40]	@ (2000026c <spi_bench_fill_pattern+0x4c>)
20000242:	469c      	mov	ip, r3
20000244:	4462      	add	r2, ip
20000246:	2a00      	cmp	r2, #0
20000248:	d00d      	beq.n	20000266 <spi_bench_fill_pattern+0x46>
2000024a:	2400      	movs	r4, #0
2000024c:	e008      	b.n	20000260 <spi_bench_fill_pattern+0x40>
2000024e:	0353      	lsls	r3, r2, #13
20000250:	405a      	eors	r2, r3
20000252:	0c53      	lsrs	r3, r2, #17
20000254:	4053      	eors	r3, r2
20000256:	015a      	lsls	r2, r3, #5
20000258:	405a      	eors	r2, r3
2000025a:	0e13      	lsrs	r3, r2, #24
2000025c:	5503      	strb	r3, [r0, r4]
2000025e:	3401      	adds	r4, #1
20000260:	428c      	cmp	r4, r1
20000262:	d3f4      	bcc.n	2000024e <spi_bench_fill_pattern+0x2e>
20000264:	bd10      	pop	{r4, pc}
20000266:	4a01      	ldr	r2, [pc, #4]	@ (2000026c <spi_bench_fill_pattern+0x4c>)
20000268:	e7ef      	b.n	2000024a <spi_bench_fill_pattern+0x2a>
2000026a:	46c0      	nop			@ (mov r8, r8)
2000026c:	9e3779b9 	.word	0x9e3779b9

20000270 <rp_fault_putc>:
20000270:	4b05      	ldr	r3, [pc, #20]	@ (20000288 <rp_fault_putc+0x18>)
20000272:	6b1b      	ldr	r3, [r3, #48]	@ 0x30
20000274:	07db      	lsls	r3, r3, #31
20000276:	d505      	bpl.n	20000284 <rp_fault_putc+0x14>
20000278:	4b03      	ldr	r3, [pc, #12]	@ (20000288 <rp_fault_putc+0x18>)
2000027a:	699b      	ldr	r3, [r3, #24]
2000027c:	069b      	lsls	r3, r3, #26
2000027e:	d4fb      	bmi.n	20000278 <rp_fault_putc+0x8>
20000280:	4b01      	ldr	r3, [pc, #4]	@ (20000288 <rp_fault_putc+0x18>)
20000282:	6018      	str	r0, [r3, #0]
20000284:	4770      	bx	lr
20000286:	46c0      	nop			@ (mov r8, r8)
20000288:	40038000 	.word	0x40038000

2000028c <rp_fault_puts>:
2000028c:	b510      	push	{r4, lr}
2000028e:	0004      	movs	r4, r0
20000290:	e002      	b.n	20000298 <rp_fault_puts+0xc>
20000292:	3401      	adds	r4, #1
20000294:	f7ff ffec 	bl	20000270 <rp_fault_putc>
20000298:	7820      	ldrb	r0, [r4, #0]
2000029a:	2800      	cmp	r0, #0
2000029c:	d1f9      	bne.n	20000292 <rp_fault_puts+0x6>
2000029e:	bd10      	pop	{r4, pc}

200002a0 <rp_fault_hex>:
200002a0:	b570      	push	{r4, r5, r6, lr}
200002a2:	0005      	movs	r5, r0
200002a4:	4808      	ldr	r0, [pc, #32]	@ (200002c8 <rp_fault_hex+0x28>)
200002a6:	f7ff fff1 	bl	2000028c <rp_fault_puts>
200002aa:	241c      	movs	r4, #28
200002ac:	e008      	b.n	200002c0 <rp_fault_hex+0x20>
200002ae:	002a      	movs	r2, r5
200002b0:	40e2      	lsrs	r2, r4
200002b2:	230f      	movs	r3, #15
200002b4:	4013      	ands	r3, r2
200002b6:	4a05      	ldr	r2, [pc, #20]	@ (200002cc <rp_fault_hex+0x2c>)
200002b8:	5cd0      	ldrb	r0, [r2, r3]
200002ba:	f7ff ffd9 	bl	20000270 <rp_fault_putc>
200002be:	3c04      	subs	r4, #4
200002c0:	2c00      	cmp	r4, #0
200002c2:	daf4      	bge.n	200002ae <rp_fault_hex+0xe>
200002c4:	bd70      	pop	{r4, r5, r6, pc}
200002c6:	46c0      	nop			@ (mov r8, r8)
200002c8:	2000b480 	.word	0x2000b480
200002cc:	2000b048 	.word	0x2000b048

200002d0 <rp_fault_line>:
200002d0:	b510      	push	{r4, lr}
200002d2:	000c      	movs	r4, r1
200002d4:	f7ff ffda 	bl	2000028c <rp_fault_puts>
200002d8:	0020      	movs	r0, r4
200002da:	f7ff ffe1 	bl	200002a0 <rp_fault_hex>
200002de:	4802      	ldr	r0, [pc, #8]	@ (200002e8 <rp_fault_line+0x18>)
200002e0:	f7ff ffd4 	bl	2000028c <rp_fault_puts>
200002e4:	bd10      	pop	{r4, pc}
200002e6:	46c0      	nop			@ (mov r8, r8)
200002e8:	2000b484 	.word	0x2000b484

200002ec <get_start_free_flash_space_addr>:
200002ec:	4801      	ldr	r0, [pc, #4]	@ (200002f4 <get_start_free_flash_space_addr+0x8>)
200002ee:	23ff      	movs	r3, #255	@ 0xff
200002f0:	4398      	bics	r0, r3
200002f2:	4770      	bx	lr
200002f4:	1000e4db 	.word	0x1000e4db

200002f8 <get_flash_end_address>:
200002f8:	2088      	movs	r0, #136	@ 0x88
200002fa:	0540      	lsls	r0, r0, #21
200002fc:	4770      	bx	lr

200002fe <get_free_flash_space>:
200002fe:	b510      	push	{r4, lr}
20000300:	f7ff fffa 	bl	200002f8 <get_flash_end_address>
20000304:	0004      	movs	r4, r0
20000306:	f7ff fff1 	bl	200002ec <get_start_free_flash_space_addr>
2000030a:	1a20      	subs	r0, r4, r0
2000030c:	bd10      	pop	{r4, pc}
	...

20000310 <bootsel_pressed_safely>:
20000310:	b082      	sub	sp, #8
20000312:	f3ef 8110 	mrs	r1, PRIMASK
20000316:	b672      	cpsid	i
20000318:	4b14      	ldr	r3, [pc, #80]	@ (2000036c <bootsel_pressed_safely+0x5c>)
2000031a:	681a      	ldr	r2, [r3, #0]
2000031c:	2380      	movs	r3, #128	@ 0x80
2000031e:	019b      	lsls	r3, r3, #6
20000320:	4053      	eors	r3, r2
20000322:	22c0      	movs	r2, #192	@ 0xc0
20000324:	0192      	lsls	r2, r2, #6
20000326:	4013      	ands	r3, r2
20000328:	4a11      	ldr	r2, [pc, #68]	@ (20000370 <bootsel_pressed_safely+0x60>)
2000032a:	6013      	str	r3, [r2, #0]
2000032c:	2300      	movs	r3, #0
2000032e:	9301      	str	r3, [sp, #4]
20000330:	e002      	b.n	20000338 <bootsel_pressed_safely+0x28>
20000332:	9b01      	ldr	r3, [sp, #4]
20000334:	3301      	adds	r3, #1
20000336:	9301      	str	r3, [sp, #4]
20000338:	9a01      	ldr	r2, [sp, #4]
2000033a:	23fa      	movs	r3, #250	@ 0xfa
2000033c:	009b      	lsls	r3, r3, #2
2000033e:	429a      	cmp	r2, r3
20000340:	dbf7      	blt.n	20000332 <bootsel_pressed_safely+0x22>
20000342:	23d0      	movs	r3, #208	@ 0xd0
20000344:	061b      	lsls	r3, r3, #24
20000346:	689b      	ldr	r3, [r3, #8]
20000348:	2002      	movs	r0, #2
2000034a:	4018      	ands	r0, r3
2000034c:	0780      	lsls	r0, r0, #30
2000034e:	0fc0      	lsrs	r0, r0, #31
20000350:	2301      	movs	r3, #1
20000352:	4058      	eors	r0, r3
20000354:	b2c0      	uxtb	r0, r0
20000356:	4b05      	ldr	r3, [pc, #20]	@ (2000036c <bootsel_pressed_safely+0x5c>)
20000358:	681b      	ldr	r3, [r3, #0]
2000035a:	22c0      	movs	r2, #192	@ 0xc0
2000035c:	0192      	lsls	r2, r2, #6
2000035e:	4013      	ands	r3, r2
20000360:	4a03      	ldr	r2, [pc, #12]	@ (20000370 <bootsel_pressed_safely+0x60>)
20000362:	6013      	str	r3, [r2, #0]
20000364:	f381 8810 	msr	PRIMASK, r1
20000368:	b002      	add	sp, #8
2000036a:	4770      	bx	lr
2000036c:	4001800c 	.word	0x4001800c
20000370:	4001900c 	.word	0x4001900c

20000374 <crc32_update>:
20000374:	b570      	push	{r4, r5, r6, lr}
20000376:	0003      	movs	r3, r0
20000378:	000c      	movs	r4, r1
2000037a:	0015      	movs	r5, r2
2000037c:	2100      	movs	r1, #0
2000037e:	e00e      	b.n	2000039e <crc32_update+0x2a>
20000380:	5c60      	ldrb	r0, [r4, r1]
20000382:	4058      	eors	r0, r3
20000384:	0906      	lsrs	r6, r0, #4
20000386:	230f      	movs	r3, #15
20000388:	4018      	ands	r0, r3
2000038a:	4a07      	ldr	r2, [pc, #28]	@ (200003a8 <crc32_update+0x34>)
2000038c:	0080      	lsls	r0, r0, #2
2000038e:	5880      	ldr	r0, [r0, r2]
20000390:	4070      	eors	r0, r6
20000392:	0906      	lsrs	r6, r0, #4
20000394:	4003      	ands	r3, r0
20000396:	009b      	lsls	r3, r3, #2
20000398:	589b      	ldr	r3, [r3, r2]
2000039a:	4073      	eors	r3, r6
2000039c:	3101      	adds	r1, #1
2000039e:	42a9      	cmp	r1, r5
200003a0:	d3ee      	bcc.n	20000380 <crc32_update+0xc>
200003a2:	0018      	movs	r0, r3
200003a4:	bd70      	pop	{r4, r5, r6, pc}
200003a6:	46c0      	nop			@ (mov r8, r8)
200003a8:	2000affc 	.word	0x2000affc

200003ac <crc32_buffer>:
200003ac:	b510      	push	{r4, lr}
200003ae:	000a      	movs	r2, r1
200003b0:	2301      	movs	r3, #1
200003b2:	0001      	movs	r1, r0
200003b4:	4258      	negs	r0, r3
200003b6:	f7ff ffdd 	bl	20000374 <crc32_update>
200003ba:	43c0      	mvns	r0, r0
200003bc:	bd10      	pop	{r4, pc}

200003be <crc32_flash_region>:
200003be:	b510      	push	{r4, lr}
200003c0:	2380      	movs	r3, #128	@ 0x80
200003c2:	055b      	lsls	r3, r3, #21
200003c4:	469c      	mov	ip, r3
200003c6:	4460      	add	r0, ip
200003c8:	f7ff fff0 	bl	200003ac <crc32_buffer>
200003cc:	bd10      	pop	{r4, pc}
	...

200003d0 <ota_app_size>:
200003d0:	4803      	ldr	r0, [pc, #12]	@ (200003e0 <ota_app_size+0x10>)
200003d2:	23ff      	movs	r3, #255	@ 0xff
200003d4:	4398      	bics	r0, r3
200003d6:	23f0      	movs	r3, #240	@ 0xf0
200003d8:	061b      	lsls	r3, r3, #24
200003da:	469c      	mov	ip, r3
200003dc:	4460      	add	r0, ip
200003de:	4770      	bx	lr
200003e0:	1000e4db 	.word	0x1000e4db

200003e4 <ota_meta_valid>:
200003e4:	b510      	push	{r4, lr}
200003e6:	0004      	movs	r4, r0
200003e8:	6802      	ldr	r2, [r0, #0]
200003ea:	4b07      	ldr	r3, [pc, #28]	@ (20000408 <ota_meta_valid+0x24>)
200003ec:	429a      	cmp	r2, r3
200003ee:	d108      	bne.n	20000402 <ota_meta_valid+0x1e>
200003f0:	2124      	movs	r1, #36	@ 0x24
200003f2:	f7ff ffdb 	bl	200003ac <crc32_buffer>
200003f6:	6a63      	ldr	r3, [r4, #36]	@ 0x24
200003f8:	1ac0      	subs	r0, r0, r3
200003fa:	4243      	negs	r3, r0
200003fc:	4158      	adcs	r0, r3
200003fe:	b2c0      	uxtb	r0, r0
20000400:	bd10      	pop	{r4, pc}
20000402:	2000      	movs	r0, #0
20000404:	e7fc      	b.n	20000400 <ota_meta_valid+0x1c>
20000406:	46c0      	nop			@ (mov r8, r8)
20000408:	494b4b4f 	.word	0x494b4b4f

2000040c <spi_get_u32>:
2000040c:	0003      	movs	r3, r0
2000040e:	7800      	ldrb	r0, [r0, #0]
20000410:	785a      	ldrb	r2, [r3, #1]
20000412:	0212      	lsls	r2, r2, #8
20000414:	4310      	orrs	r0, r2
20000416:	789a      	ldrb	r2, [r3, #2]
20000418:	0412      	lsls	r2, r2, #16
2000041a:	4310      	orrs	r0, r2
2000041c:	78db      	ldrb	r3, [r3, #3]
2000041e:	061b      	lsls	r3, r3, #24
20000420:	4318      	orrs	r0, r3
20000422:	4770      	bx	lr

20000424 <spi_put_u32>:
20000424:	7001      	strb	r1, [r0, #0]
20000426:	0a0b      	lsrs	r3, r1, #8
20000428:	7043      	strb	r3, [r0, #1]
2000042a:	0c0b      	lsrs	r3, r1, #16
2000042c:	7083      	strb	r3, [r0, #2]
2000042e:	0e09      	lsrs	r1, r1, #24
20000430:	70c1      	strb	r1, [r0, #3]
20000432:	4770      	bx	lr

20000434 <spi_frame_is_silent>:
20000434:	2200      	movs	r2, #0
20000436:	2aff      	cmp	r2, #255	@ 0xff
20000438:	d806      	bhi.n	20000448 <spi_frame_is_silent+0x14>
2000043a:	5c83      	ldrb	r3, [r0, r2]
2000043c:	3b01      	subs	r3, #1
2000043e:	b2db      	uxtb	r3, r3
20000440:	2bfd      	cmp	r3, #253	@ 0xfd
20000442:	d903      	bls.n	2000044c <spi_frame_is_silent+0x18>
20000444:	3201      	adds	r2, #1
20000446:	e7f6      	b.n	20000436 <spi_frame_is_silent+0x2>
20000448:	2001      	movs	r0, #1
2000044a:	e000      	b.n	2000044e <spi_frame_is_silent+0x1a>
2000044c:	2000      	movs	r0, #0
2000044e:	4770      	bx	lr

20000450 <bench_uart_drain>:
20000450:	4b04      	ldr	r3, [pc, #16]	@ (20000464 <bench_uart_drain+0x14>)
20000452:	699b      	ldr	r3, [r3, #24]
20000454:	071b      	lsls	r3, r3, #28
20000456:	d4fb      	bmi.n	20000450 <bench_uart_drain>
20000458:	4b03      	ldr	r3, [pc, #12]	@ (20000468 <bench_uart_drain+0x18>)
2000045a:	699b      	ldr	r3, [r3, #24]
2000045c:	071b      	lsls	r3, r3, #28
2000045e:	d4fb      	bmi.n	20000458 <bench_uart_drain+0x8>
20000460:	4770      	bx	lr
20000462:	46c0      	nop			@ (mov r8, r8)
20000464:	40034000 	.word	0x40034000
20000468:	40038000 	.word	0x40038000

2000046c <bench_peri_auxsrc>:
2000046c:	4b02      	ldr	r3, [pc, #8]	@ (20000478 <bench_peri_auxsrc+0xc>)
2000046e:	6c9b      	ldr	r3, [r3, #72]	@ 0x48
20000470:	095b      	lsrs	r3, r3, #5
20000472:	2007      	movs	r0, #7
20000474:	4018      	ands	r0, r3
20000476:	4770      	bx	lr
20000478:	40008000 	.word	0x40008000

2000047c <bench_save_usb_pll>:
2000047c:	490b      	ldr	r1, [pc, #44]	@ (200004ac <bench_save_usb_pll+0x30>)
2000047e:	680a      	ldr	r2, [r1, #0]
20000480:	233f      	movs	r3, #63	@ 0x3f
20000482:	4013      	ands	r3, r2
20000484:	4a0a      	ldr	r2, [pc, #40]	@ (200004b0 <bench_save_usb_pll+0x34>)
20000486:	6013      	str	r3, [r2, #0]
20000488:	688b      	ldr	r3, [r1, #8]
2000048a:	051b      	lsls	r3, r3, #20
2000048c:	0d1b      	lsrs	r3, r3, #20
2000048e:	4a09      	ldr	r2, [pc, #36]	@ (200004b4 <bench_save_usb_pll+0x38>)
20000490:	6013      	str	r3, [r2, #0]
20000492:	68cb      	ldr	r3, [r1, #12]
20000494:	0c1b      	lsrs	r3, r3, #16
20000496:	2207      	movs	r2, #7
20000498:	4013      	ands	r3, r2
2000049a:	4807      	ldr	r0, [pc, #28]	@ (200004b8 <bench_save_usb_pll+0x3c>)
2000049c:	6003      	str	r3, [r0, #0]
2000049e:	68cb      	ldr	r3, [r1, #12]
200004a0:	0b1b      	lsrs	r3, r3, #12
200004a2:	401a      	ands	r2, r3
200004a4:	4b05      	ldr	r3, [pc, #20]	@ (200004bc <bench_save_usb_pll+0x40>)
200004a6:	601a      	str	r2, [r3, #0]
200004a8:	4770      	bx	lr
200004aa:	46c0      	nop			@ (mov r8, r8)
200004ac:	4002c000 	.word	0x4002c000
200004b0:	2000e744 	.word	0x2000e744
200004b4:	2000e738 	.word	0x2000e738
200004b8:	2000e73c 	.word	0x2000e73c
200004bc:	2000e740 	.word	0x2000e740

200004c0 <bench_frame_is_ours>:
200004c0:	7943      	ldrb	r3, [r0, #5]
200004c2:	2b03      	cmp	r3, #3
200004c4:	d001      	beq.n	200004ca <bench_frame_is_ours+0xa>
200004c6:	2000      	movs	r0, #0
200004c8:	4770      	bx	lr
200004ca:	7b42      	ldrb	r2, [r0, #13]
200004cc:	4b03      	ldr	r3, [pc, #12]	@ (200004dc <bench_frame_is_ours+0x1c>)
200004ce:	781b      	ldrb	r3, [r3, #0]
200004d0:	429a      	cmp	r2, r3
200004d2:	d001      	beq.n	200004d8 <bench_frame_is_ours+0x18>
200004d4:	2000      	movs	r0, #0
200004d6:	e7f7      	b.n	200004c8 <bench_frame_is_ours+0x8>
200004d8:	2001      	movs	r0, #1
200004da:	e7f5      	b.n	200004c8 <bench_frame_is_ours+0x8>
200004dc:	2003098f 	.word	0x2003098f

200004e0 <uart_bench_build>:
200004e0:	b5f0      	push	{r4, r5, r6, r7, lr}
200004e2:	46c6      	mov	lr, r8
200004e4:	b500      	push	{lr}
200004e6:	0004      	movs	r4, r0
200004e8:	4688      	mov	r8, r1
200004ea:	0015      	movs	r5, r2
200004ec:	490d      	ldr	r1, [pc, #52]	@ (20000524 <uart_bench_build+0x44>)
200004ee:	2204      	movs	r2, #4
200004f0:	f007 fe4a 	bl	20008188 <__wrap___aeabi_memcpy>
200004f4:	1d26      	adds	r6, r4, #4
200004f6:	0029      	movs	r1, r5
200004f8:	0030      	movs	r0, r6
200004fa:	f7ff ff93 	bl	20000424 <spi_put_u32>
200004fe:	0020      	movs	r0, r4
20000500:	3008      	adds	r0, #8
20000502:	4643      	mov	r3, r8
20000504:	18ea      	adds	r2, r5, r3
20000506:	2130      	movs	r1, #48	@ 0x30
20000508:	f7ff fe8a 	bl	20000220 <spi_bench_fill_pattern>
2000050c:	2134      	movs	r1, #52	@ 0x34
2000050e:	0030      	movs	r0, r6
20000510:	f7ff ff4c 	bl	200003ac <crc32_buffer>
20000514:	0001      	movs	r1, r0
20000516:	0020      	movs	r0, r4
20000518:	3038      	adds	r0, #56	@ 0x38
2000051a:	f7ff ff83 	bl	20000424 <spi_put_u32>
2000051e:	bc80      	pop	{r7}
20000520:	46b8      	mov	r8, r7
20000522:	bdf0      	pop	{r4, r5, r6, r7, pc}
20000524:	2000b488 	.word	0x2000b488

20000528 <uart_rp_clean>:
20000528:	b570      	push	{r4, r5, r6, lr}
2000052a:	46ce      	mov	lr, r9
2000052c:	4646      	mov	r6, r8
2000052e:	b540      	push	{r6, lr}
20000530:	6884      	ldr	r4, [r0, #8]
20000532:	2c00      	cmp	r4, #0
20000534:	d030      	beq.n	20000598 <uart_rp_clean+0x70>
20000536:	6b45      	ldr	r5, [r0, #52]	@ 0x34
20000538:	2d00      	cmp	r5, #0
2000053a:	d032      	beq.n	200005a2 <uart_rp_clean+0x7a>
2000053c:	6903      	ldr	r3, [r0, #16]
2000053e:	2b00      	cmp	r3, #0
20000540:	d131      	bne.n	200005a6 <uart_rp_clean+0x7e>
20000542:	6b03      	ldr	r3, [r0, #48]	@ 0x30
20000544:	1e1e      	subs	r6, r3, #0
20000546:	d130      	bne.n	200005aa <uart_rp_clean+0x82>
20000548:	6ac3      	ldr	r3, [r0, #44]	@ 0x2c
2000054a:	429c      	cmp	r4, r3
2000054c:	d922      	bls.n	20000594 <uart_rp_clean+0x6c>
2000054e:	1ae3      	subs	r3, r4, r3
20000550:	4699      	mov	r9, r3
20000552:	68c3      	ldr	r3, [r0, #12]
20000554:	429d      	cmp	r5, r3
20000556:	d901      	bls.n	2000055c <uart_rp_clean+0x34>
20000558:	1aeb      	subs	r3, r5, r3
2000055a:	001e      	movs	r6, r3
2000055c:	21fa      	movs	r1, #250	@ 0xfa
2000055e:	0089      	lsls	r1, r1, #2
20000560:	0020      	movs	r0, r4
20000562:	f006 fe97 	bl	20007294 <__wrap___aeabi_uidiv>
20000566:	4680      	mov	r8, r0
20000568:	21fa      	movs	r1, #250	@ 0xfa
2000056a:	0089      	lsls	r1, r1, #2
2000056c:	0028      	movs	r0, r5
2000056e:	f006 fe91 	bl	20007294 <__wrap___aeabi_uidiv>
20000572:	4b10      	ldr	r3, [pc, #64]	@ (200005b4 <uart_rp_clean+0x8c>)
20000574:	429c      	cmp	r4, r3
20000576:	d801      	bhi.n	2000057c <uart_rp_clean+0x54>
20000578:	2303      	movs	r3, #3
2000057a:	4698      	mov	r8, r3
2000057c:	4b0d      	ldr	r3, [pc, #52]	@ (200005b4 <uart_rp_clean+0x8c>)
2000057e:	429d      	cmp	r5, r3
20000580:	d800      	bhi.n	20000584 <uart_rp_clean+0x5c>
20000582:	2003      	movs	r0, #3
20000584:	464b      	mov	r3, r9
20000586:	4543      	cmp	r3, r8
20000588:	d811      	bhi.n	200005ae <uart_rp_clean+0x86>
2000058a:	2300      	movs	r3, #0
2000058c:	42b0      	cmp	r0, r6
2000058e:	415b      	adcs	r3, r3
20000590:	b2d8      	uxtb	r0, r3
20000592:	e002      	b.n	2000059a <uart_rp_clean+0x72>
20000594:	46b1      	mov	r9, r6
20000596:	e7dc      	b.n	20000552 <uart_rp_clean+0x2a>
20000598:	2000      	movs	r0, #0
2000059a:	bc60      	pop	{r5, r6}
2000059c:	46b1      	mov	r9, r6
2000059e:	46a8      	mov	r8, r5
200005a0:	bd70      	pop	{r4, r5, r6, pc}
200005a2:	2000      	movs	r0, #0
200005a4:	e7f9      	b.n	2000059a <uart_rp_clean+0x72>
200005a6:	2000      	movs	r0, #0
200005a8:	e7f7      	b.n	2000059a <uart_rp_clean+0x72>
200005aa:	2000      	movs	r0, #0
200005ac:	e7f5      	b.n	2000059a <uart_rp_clean+0x72>
200005ae:	2000      	movs	r0, #0
200005b0:	e7f3      	b.n	2000059a <uart_rp_clean+0x72>
200005b2:	46c0      	nop			@ (mov r8, r8)
200005b4:	00000bb7 	.word	0x00000bb7

200005b8 <bench_rp_clean>:
200005b8:	b510      	push	{r4, lr}
200005ba:	233c      	movs	r3, #60	@ 0x3c
200005bc:	5cc3      	ldrb	r3, [r0, r3]
200005be:	2b01      	cmp	r3, #1
200005c0:	d018      	beq.n	200005f4 <bench_rp_clean+0x3c>
200005c2:	6883      	ldr	r3, [r0, #8]
200005c4:	2b00      	cmp	r3, #0
200005c6:	d018      	beq.n	200005fa <bench_rp_clean+0x42>
200005c8:	6902      	ldr	r2, [r0, #16]
200005ca:	2a00      	cmp	r2, #0
200005cc:	d117      	bne.n	200005fe <bench_rp_clean+0x46>
200005ce:	6942      	ldr	r2, [r0, #20]
200005d0:	2a00      	cmp	r2, #0
200005d2:	d116      	bne.n	20000602 <bench_rp_clean+0x4a>
200005d4:	8d42      	ldrh	r2, [r0, #42]	@ 0x2a
200005d6:	2a1f      	cmp	r2, #31
200005d8:	d815      	bhi.n	20000606 <bench_rp_clean+0x4e>
200005da:	68c2      	ldr	r2, [r0, #12]
200005dc:	1a9c      	subs	r4, r3, r2
200005de:	21fa      	movs	r1, #250	@ 0xfa
200005e0:	0089      	lsls	r1, r1, #2
200005e2:	0018      	movs	r0, r3
200005e4:	f006 fe56 	bl	20007294 <__wrap___aeabi_uidiv>
200005e8:	0003      	movs	r3, r0
200005ea:	2000      	movs	r0, #0
200005ec:	42a3      	cmp	r3, r4
200005ee:	4140      	adcs	r0, r0
200005f0:	b2c0      	uxtb	r0, r0
200005f2:	e003      	b.n	200005fc <bench_rp_clean+0x44>
200005f4:	f7ff ff98 	bl	20000528 <uart_rp_clean>
200005f8:	e000      	b.n	200005fc <bench_rp_clean+0x44>
200005fa:	2000      	movs	r0, #0
200005fc:	bd10      	pop	{r4, pc}
200005fe:	2000      	movs	r0, #0
20000600:	e7fc      	b.n	200005fc <bench_rp_clean+0x44>
20000602:	2000      	movs	r0, #0
20000604:	e7fa      	b.n	200005fc <bench_rp_clean+0x44>
20000606:	2000      	movs	r0, #0
20000608:	e7f8      	b.n	200005fc <bench_rp_clean+0x44>

2000060a <bench_stat_add>:
2000060a:	b530      	push	{r4, r5, lr}
2000060c:	233c      	movs	r3, #60	@ 0x3c
2000060e:	5cca      	ldrb	r2, [r1, r3]
20000610:	54c2      	strb	r2, [r0, r3]
20000612:	6ac3      	ldr	r3, [r0, #44]	@ 0x2c
20000614:	6aca      	ldr	r2, [r1, #44]	@ 0x2c
20000616:	189b      	adds	r3, r3, r2
20000618:	62c3      	str	r3, [r0, #44]	@ 0x2c
2000061a:	6b03      	ldr	r3, [r0, #48]	@ 0x30
2000061c:	6b0a      	ldr	r2, [r1, #48]	@ 0x30
2000061e:	189b      	adds	r3, r3, r2
20000620:	6303      	str	r3, [r0, #48]	@ 0x30
20000622:	6b43      	ldr	r3, [r0, #52]	@ 0x34
20000624:	6b4a      	ldr	r2, [r1, #52]	@ 0x34
20000626:	189b      	adds	r3, r3, r2
20000628:	6343      	str	r3, [r0, #52]	@ 0x34
2000062a:	680b      	ldr	r3, [r1, #0]
2000062c:	6003      	str	r3, [r0, #0]
2000062e:	684b      	ldr	r3, [r1, #4]
20000630:	6043      	str	r3, [r0, #4]
20000632:	6a4b      	ldr	r3, [r1, #36]	@ 0x24
20000634:	6243      	str	r3, [r0, #36]	@ 0x24
20000636:	2338      	movs	r3, #56	@ 0x38
20000638:	5cca      	ldrb	r2, [r1, r3]
2000063a:	54c2      	strb	r2, [r0, r3]
2000063c:	3301      	adds	r3, #1
2000063e:	5cca      	ldrb	r2, [r1, r3]
20000640:	54c2      	strb	r2, [r0, r3]
20000642:	3301      	adds	r3, #1
20000644:	5cca      	ldrb	r2, [r1, r3]
20000646:	54c2      	strb	r2, [r0, r3]
20000648:	3301      	adds	r3, #1
2000064a:	5cca      	ldrb	r2, [r1, r3]
2000064c:	54c2      	strb	r2, [r0, r3]
2000064e:	6883      	ldr	r3, [r0, #8]
20000650:	688a      	ldr	r2, [r1, #8]
20000652:	189b      	adds	r3, r3, r2
20000654:	6083      	str	r3, [r0, #8]
20000656:	68c3      	ldr	r3, [r0, #12]
20000658:	68ca      	ldr	r2, [r1, #12]
2000065a:	189b      	adds	r3, r3, r2
2000065c:	60c3      	str	r3, [r0, #12]
2000065e:	6903      	ldr	r3, [r0, #16]
20000660:	690a      	ldr	r2, [r1, #16]
20000662:	189b      	adds	r3, r3, r2
20000664:	6103      	str	r3, [r0, #16]
20000666:	6943      	ldr	r3, [r0, #20]
20000668:	694a      	ldr	r2, [r1, #20]
2000066a:	189b      	adds	r3, r3, r2
2000066c:	6143      	str	r3, [r0, #20]
2000066e:	6a03      	ldr	r3, [r0, #32]
20000670:	6a0a      	ldr	r2, [r1, #32]
20000672:	189b      	adds	r3, r3, r2
20000674:	6203      	str	r3, [r0, #32]
20000676:	6982      	ldr	r2, [r0, #24]
20000678:	69c3      	ldr	r3, [r0, #28]
2000067a:	698c      	ldr	r4, [r1, #24]
2000067c:	69cd      	ldr	r5, [r1, #28]
2000067e:	1912      	adds	r2, r2, r4
20000680:	416b      	adcs	r3, r5
20000682:	6182      	str	r2, [r0, #24]
20000684:	61c3      	str	r3, [r0, #28]
20000686:	8d0b      	ldrh	r3, [r1, #40]	@ 0x28
20000688:	8d02      	ldrh	r2, [r0, #40]	@ 0x28
2000068a:	4293      	cmp	r3, r2
2000068c:	d200      	bcs.n	20000690 <bench_stat_add+0x86>
2000068e:	8503      	strh	r3, [r0, #40]	@ 0x28
20000690:	8d4b      	ldrh	r3, [r1, #42]	@ 0x2a
20000692:	8d42      	ldrh	r2, [r0, #42]	@ 0x2a
20000694:	4293      	cmp	r3, r2
20000696:	d900      	bls.n	2000069a <bench_stat_add+0x90>
20000698:	8543      	strh	r3, [r0, #42]	@ 0x2a
2000069a:	bd30      	pop	{r4, r5, pc}

2000069c <bench_esp_gone>:
2000069c:	4b04      	ldr	r3, [pc, #16]	@ (200006b0 <bench_esp_gone+0x14>)
2000069e:	781b      	ldrb	r3, [r3, #0]
200006a0:	3b04      	subs	r3, #4
200006a2:	b2db      	uxtb	r3, r3
200006a4:	2000      	movs	r0, #0
200006a6:	2201      	movs	r2, #1
200006a8:	429a      	cmp	r2, r3
200006aa:	4140      	adcs	r0, r0
200006ac:	b2c0      	uxtb	r0, r0
200006ae:	4770      	bx	lr
200006b0:	2003098b 	.word	0x2003098b

200006b4 <capture_limit_value>:
200006b4:	4800      	ldr	r0, [pc, #0]	@ (200006b8 <capture_limit_value+0x4>)
200006b6:	4770      	bx	lr
200006b8:	00001388 	.word	0x00001388

200006bc <crc16_usb>:
200006bc:	b530      	push	{r4, r5, lr}
200006be:	0004      	movs	r4, r0
200006c0:	000d      	movs	r5, r1
200006c2:	2200      	movs	r2, #0
200006c4:	4807      	ldr	r0, [pc, #28]	@ (200006e4 <crc16_usb+0x28>)
200006c6:	e009      	b.n	200006dc <crc16_usb+0x20>
200006c8:	5ca1      	ldrb	r1, [r4, r2]
200006ca:	4041      	eors	r1, r0
200006cc:	23ff      	movs	r3, #255	@ 0xff
200006ce:	400b      	ands	r3, r1
200006d0:	4905      	ldr	r1, [pc, #20]	@ (200006e8 <crc16_usb+0x2c>)
200006d2:	005b      	lsls	r3, r3, #1
200006d4:	5a5b      	ldrh	r3, [r3, r1]
200006d6:	0a00      	lsrs	r0, r0, #8
200006d8:	4058      	eors	r0, r3
200006da:	3201      	adds	r2, #1
200006dc:	42aa      	cmp	r2, r5
200006de:	dbf3      	blt.n	200006c8 <crc16_usb+0xc>
200006e0:	bd30      	pop	{r4, r5, pc}
200006e2:	46c0      	nop			@ (mov r8, r8)
200006e4:	0000ffff 	.word	0x0000ffff
200006e8:	2000b15c 	.word	0x2000b15c

200006ec <crc5_usb>:
200006ec:	b530      	push	{r4, r5, lr}
200006ee:	0005      	movs	r5, r0
200006f0:	000c      	movs	r4, r1
200006f2:	2300      	movs	r3, #0
200006f4:	20ff      	movs	r0, #255	@ 0xff
200006f6:	e004      	b.n	20000702 <crc5_usb+0x16>
200006f8:	5cea      	ldrb	r2, [r5, r3]
200006fa:	4042      	eors	r2, r0
200006fc:	4902      	ldr	r1, [pc, #8]	@ (20000708 <crc5_usb+0x1c>)
200006fe:	5c88      	ldrb	r0, [r1, r2]
20000700:	3301      	adds	r3, #1
20000702:	42a3      	cmp	r3, r4
20000704:	dbf8      	blt.n	200006f8 <crc5_usb+0xc>
20000706:	bd30      	pop	{r4, r5, pc}
20000708:	2000b05c 	.word	0x2000b05c

2000070c <handle_folding>:
2000070c:	b510      	push	{r4, lr}
2000070e:	2900      	cmp	r1, #0
20000710:	d007      	beq.n	20000722 <handle_folding+0x16>
20000712:	4b1b      	ldr	r3, [pc, #108]	@ (20000780 <handle_folding+0x74>)
20000714:	681b      	ldr	r3, [r3, #0]
20000716:	469c      	mov	ip, r3
20000718:	4a1a      	ldr	r2, [pc, #104]	@ (20000784 <handle_folding+0x78>)
2000071a:	589b      	ldr	r3, [r3, r2]
2000071c:	3301      	adds	r3, #1
2000071e:	4664      	mov	r4, ip
20000720:	50a3      	str	r3, [r4, r2]
20000722:	2805      	cmp	r0, #5
20000724:	d00b      	beq.n	2000073e <handle_folding+0x32>
20000726:	3809      	subs	r0, #9
20000728:	2801      	cmp	r0, #1
2000072a:	d902      	bls.n	20000732 <handle_folding+0x26>
2000072c:	4b16      	ldr	r3, [pc, #88]	@ (20000788 <handle_folding+0x7c>)
2000072e:	2200      	movs	r2, #0
20000730:	701a      	strb	r2, [r3, #0]
20000732:	2900      	cmp	r1, #0
20000734:	d002      	beq.n	2000073c <handle_folding+0x30>
20000736:	4b14      	ldr	r3, [pc, #80]	@ (20000788 <handle_folding+0x7c>)
20000738:	2200      	movs	r2, #0
2000073a:	701a      	strb	r2, [r3, #0]
2000073c:	bd10      	pop	{r4, pc}
2000073e:	4b10      	ldr	r3, [pc, #64]	@ (20000780 <handle_folding+0x74>)
20000740:	681b      	ldr	r3, [r3, #0]
20000742:	4812      	ldr	r0, [pc, #72]	@ (2000078c <handle_folding+0x80>)
20000744:	581a      	ldr	r2, [r3, r0]
20000746:	3201      	adds	r2, #1
20000748:	501a      	str	r2, [r3, r0]
2000074a:	4a0f      	ldr	r2, [pc, #60]	@ (20000788 <handle_folding+0x7c>)
2000074c:	7812      	ldrb	r2, [r2, #0]
2000074e:	2a00      	cmp	r2, #0
20000750:	d00d      	beq.n	2000076e <handle_folding+0x62>
20000752:	4a0f      	ldr	r2, [pc, #60]	@ (20000790 <handle_folding+0x84>)
20000754:	6812      	ldr	r2, [r2, #0]
20000756:	0092      	lsls	r2, r2, #2
20000758:	58d0      	ldr	r0, [r2, r3]
2000075a:	4684      	mov	ip, r0
2000075c:	2080      	movs	r0, #128	@ 0x80
2000075e:	0400      	lsls	r0, r0, #16
20000760:	4664      	mov	r4, ip
20000762:	4320      	orrs	r0, r4
20000764:	50d0      	str	r0, [r2, r3]
20000766:	480b      	ldr	r0, [pc, #44]	@ (20000794 <handle_folding+0x88>)
20000768:	581a      	ldr	r2, [r3, r0]
2000076a:	3201      	adds	r2, #1
2000076c:	501a      	str	r2, [r3, r0]
2000076e:	4b0a      	ldr	r3, [pc, #40]	@ (20000798 <handle_folding+0x8c>)
20000770:	681b      	ldr	r3, [r3, #0]
20000772:	3b02      	subs	r3, #2
20000774:	4a06      	ldr	r2, [pc, #24]	@ (20000790 <handle_folding+0x84>)
20000776:	6013      	str	r3, [r2, #0]
20000778:	4b03      	ldr	r3, [pc, #12]	@ (20000788 <handle_folding+0x7c>)
2000077a:	2201      	movs	r2, #1
2000077c:	701a      	strb	r2, [r3, #0]
2000077e:	e7d8      	b.n	20000732 <handle_folding+0x26>
20000780:	2002f2f8 	.word	0x2002f2f8
20000784:	0000fa0c 	.word	0x0000fa0c
20000788:	200309a0 	.word	0x200309a0
2000078c:	0000fa14 	.word	0x0000fa14
20000790:	2002f2ec 	.word	0x2002f2ec
20000794:	0000fa18 	.word	0x0000fa18
20000798:	2002f2f0 	.word	0x2002f2f0

2000079c <process_packet>:
2000079c:	b570      	push	{r4, r5, r6, lr}
2000079e:	46de      	mov	lr, fp
200007a0:	4656      	mov	r6, sl
200007a2:	464d      	mov	r5, r9
200007a4:	4644      	mov	r4, r8
200007a6:	b570      	push	{r4, r5, r6, lr}
200007a8:	b084      	sub	sp, #16
200007aa:	0003      	movs	r3, r0
200007ac:	4a75      	ldr	r2, [pc, #468]	@ (20000984 <process_packet+0x1e8>)
200007ae:	6812      	ldr	r2, [r2, #0]
200007b0:	4690      	mov	r8, r2
200007b2:	4a75      	ldr	r2, [pc, #468]	@ (20000988 <process_packet+0x1ec>)
200007b4:	6810      	ldr	r0, [r2, #0]
200007b6:	0080      	lsls	r0, r0, #2
200007b8:	4440      	add	r0, r8
200007ba:	4682      	mov	sl, r0
200007bc:	2400      	movs	r4, #0
200007be:	2600      	movs	r6, #0
200007c0:	2100      	movs	r1, #0
200007c2:	2000      	movs	r0, #0
200007c4:	2200      	movs	r2, #0
200007c6:	9201      	str	r2, [sp, #4]
200007c8:	2280      	movs	r2, #128	@ 0x80
200007ca:	0612      	lsls	r2, r2, #24
200007cc:	4681      	mov	r9, r0
200007ce:	9402      	str	r4, [sp, #8]
200007d0:	0018      	movs	r0, r3
200007d2:	e02c      	b.n	2000082e <process_packet+0x92>
200007d4:	231f      	movs	r3, #31
200007d6:	469c      	mov	ip, r3
200007d8:	e038      	b.n	2000084c <process_packet+0xb0>
200007da:	2800      	cmp	r0, #0
200007dc:	db04      	blt.n	200007e8 <process_packet+0x4c>
200007de:	2380      	movs	r3, #128	@ 0x80
200007e0:	061b      	lsls	r3, r3, #24
200007e2:	9801      	ldr	r0, [sp, #4]
200007e4:	4318      	orrs	r0, r3
200007e6:	9001      	str	r0, [sp, #4]
200007e8:	2400      	movs	r4, #0
200007ea:	e005      	b.n	200007f8 <process_packet+0x5c>
200007ec:	3401      	adds	r4, #1
200007ee:	408b      	lsls	r3, r1
200007f0:	431e      	orrs	r6, r3
200007f2:	3101      	adds	r1, #1
200007f4:	2908      	cmp	r1, #8
200007f6:	d00c      	beq.n	20000812 <process_packet+0x76>
200007f8:	3501      	adds	r5, #1
200007fa:	45ac      	cmp	ip, r5
200007fc:	dd12      	ble.n	20000824 <process_packet+0x88>
200007fe:	0010      	movs	r0, r2
20000800:	43d3      	mvns	r3, r2
20000802:	0fdb      	lsrs	r3, r3, #31
20000804:	0052      	lsls	r2, r2, #1
20000806:	2c06      	cmp	r4, #6
20000808:	d0e7      	beq.n	200007da <process_packet+0x3e>
2000080a:	2800      	cmp	r0, #0
2000080c:	daee      	bge.n	200007ec <process_packet+0x50>
2000080e:	2400      	movs	r4, #0
20000810:	e7ed      	b.n	200007ee <process_packet+0x52>
20000812:	4653      	mov	r3, sl
20000814:	4649      	mov	r1, r9
20000816:	545e      	strb	r6, [r3, r1]
20000818:	2301      	movs	r3, #1
2000081a:	4698      	mov	r8, r3
2000081c:	44c1      	add	r9, r8
2000081e:	2600      	movs	r6, #0
20000820:	2100      	movs	r1, #0
20000822:	e7e9      	b.n	200007f8 <process_packet+0x5c>
20000824:	9402      	str	r4, [sp, #8]
20000826:	9803      	ldr	r0, [sp, #12]
20000828:	46d8      	mov	r8, fp
2000082a:	4663      	mov	r3, ip
2000082c:	1ac0      	subs	r0, r0, r3
2000082e:	2800      	cmp	r0, #0
20000830:	d014      	beq.n	2000085c <process_packet+0xc0>
20000832:	4d56      	ldr	r5, [pc, #344]	@ (2000098c <process_packet+0x1f0>)
20000834:	682b      	ldr	r3, [r5, #0]
20000836:	1c5c      	adds	r4, r3, #1
20000838:	602c      	str	r4, [r5, #0]
2000083a:	009b      	lsls	r3, r3, #2
2000083c:	4644      	mov	r4, r8
2000083e:	591d      	ldr	r5, [r3, r4]
20000840:	281e      	cmp	r0, #30
20000842:	dcc7      	bgt.n	200007d4 <process_packet+0x38>
20000844:	231e      	movs	r3, #30
20000846:	1a1b      	subs	r3, r3, r0
20000848:	409d      	lsls	r5, r3
2000084a:	4684      	mov	ip, r0
2000084c:	006b      	lsls	r3, r5, #1
2000084e:	406b      	eors	r3, r5
20000850:	405a      	eors	r2, r3
20000852:	2500      	movs	r5, #0
20000854:	46c3      	mov	fp, r8
20000856:	9c02      	ldr	r4, [sp, #8]
20000858:	9003      	str	r0, [sp, #12]
2000085a:	e7ce      	b.n	200007fa <process_packet+0x5e>
2000085c:	464b      	mov	r3, r9
2000085e:	001d      	movs	r5, r3
20000860:	2900      	cmp	r1, #0
20000862:	d004      	beq.n	2000086e <process_packet+0xd2>
20000864:	2380      	movs	r3, #128	@ 0x80
20000866:	051b      	lsls	r3, r3, #20
20000868:	9a01      	ldr	r2, [sp, #4]
2000086a:	431a      	orrs	r2, r3
2000086c:	9201      	str	r2, [sp, #4]
2000086e:	2d00      	cmp	r5, #0
20000870:	dd63      	ble.n	2000093a <process_packet+0x19e>
20000872:	4653      	mov	r3, sl
20000874:	781a      	ldrb	r2, [r3, #0]
20000876:	23fa      	movs	r3, #250	@ 0xfa
20000878:	021b      	lsls	r3, r3, #8
2000087a:	4641      	mov	r1, r8
2000087c:	5ccb      	ldrb	r3, [r1, r3]
2000087e:	2b00      	cmp	r3, #0
20000880:	d034      	beq.n	200008ec <process_packet+0x150>
20000882:	2380      	movs	r3, #128	@ 0x80
20000884:	429a      	cmp	r2, r3
20000886:	d004      	beq.n	20000892 <process_packet+0xf6>
20000888:	2380      	movs	r3, #128	@ 0x80
2000088a:	055b      	lsls	r3, r3, #21
2000088c:	9a01      	ldr	r2, [sp, #4]
2000088e:	431a      	orrs	r2, r3
20000890:	9201      	str	r2, [sp, #4]
20000892:	2d01      	cmp	r5, #1
20000894:	dd51      	ble.n	2000093a <process_packet+0x19e>
20000896:	4653      	mov	r3, sl
20000898:	785b      	ldrb	r3, [r3, #1]
2000089a:	240f      	movs	r4, #15
2000089c:	401c      	ands	r4, r3
2000089e:	43db      	mvns	r3, r3
200008a0:	111b      	asrs	r3, r3, #4
200008a2:	220f      	movs	r2, #15
200008a4:	4013      	ands	r3, r2
200008a6:	429c      	cmp	r4, r3
200008a8:	d022      	beq.n	200008f0 <process_packet+0x154>
200008aa:	2380      	movs	r3, #128	@ 0x80
200008ac:	059b      	lsls	r3, r3, #22
200008ae:	9a01      	ldr	r2, [sp, #4]
200008b0:	431a      	orrs	r2, r3
200008b2:	9201      	str	r2, [sp, #4]
200008b4:	2c05      	cmp	r4, #5
200008b6:	d023      	beq.n	20000900 <process_packet+0x164>
200008b8:	2c09      	cmp	r4, #9
200008ba:	d021      	beq.n	20000900 <process_packet+0x164>
200008bc:	2c01      	cmp	r4, #1
200008be:	d01f      	beq.n	20000900 <process_packet+0x164>
200008c0:	2c0d      	cmp	r4, #13
200008c2:	d01d      	beq.n	20000900 <process_packet+0x164>
200008c4:	2c04      	cmp	r4, #4
200008c6:	d01b      	beq.n	20000900 <process_packet+0x164>
200008c8:	2c08      	cmp	r4, #8
200008ca:	d03d      	beq.n	20000948 <process_packet+0x1ac>
200008cc:	2c03      	cmp	r4, #3
200008ce:	d005      	beq.n	200008dc <process_packet+0x140>
200008d0:	2c0b      	cmp	r4, #11
200008d2:	d003      	beq.n	200008dc <process_packet+0x140>
200008d4:	2c07      	cmp	r4, #7
200008d6:	d001      	beq.n	200008dc <process_packet+0x140>
200008d8:	2c0f      	cmp	r4, #15
200008da:	d118      	bne.n	2000090e <process_packet+0x172>
200008dc:	2d03      	cmp	r5, #3
200008de:	dc42      	bgt.n	20000966 <process_packet+0x1ca>
200008e0:	2380      	movs	r3, #128	@ 0x80
200008e2:	04db      	lsls	r3, r3, #19
200008e4:	9a01      	ldr	r2, [sp, #4]
200008e6:	431a      	orrs	r2, r3
200008e8:	9201      	str	r2, [sp, #4]
200008ea:	e010      	b.n	2000090e <process_packet+0x172>
200008ec:	2381      	movs	r3, #129	@ 0x81
200008ee:	e7c9      	b.n	20000884 <process_packet+0xe8>
200008f0:	2c00      	cmp	r4, #0
200008f2:	d1df      	bne.n	200008b4 <process_packet+0x118>
200008f4:	2380      	movs	r3, #128	@ 0x80
200008f6:	059b      	lsls	r3, r3, #22
200008f8:	9a01      	ldr	r2, [sp, #4]
200008fa:	431a      	orrs	r2, r3
200008fc:	9201      	str	r2, [sp, #4]
200008fe:	e7db      	b.n	200008b8 <process_packet+0x11c>
20000900:	2d04      	cmp	r5, #4
20000902:	d023      	beq.n	2000094c <process_packet+0x1b0>
20000904:	2380      	movs	r3, #128	@ 0x80
20000906:	04db      	lsls	r3, r3, #19
20000908:	9a01      	ldr	r2, [sp, #4]
2000090a:	431a      	orrs	r2, r3
2000090c:	9201      	str	r2, [sp, #4]
2000090e:	9e01      	ldr	r6, [sp, #4]
20000910:	0031      	movs	r1, r6
20000912:	0020      	movs	r0, r4
20000914:	f7ff fefa 	bl	2000070c <handle_folding>
20000918:	4b1a      	ldr	r3, [pc, #104]	@ (20000984 <process_packet+0x1e8>)
2000091a:	6819      	ldr	r1, [r3, #0]
2000091c:	4a1a      	ldr	r2, [pc, #104]	@ (20000988 <process_packet+0x1ec>)
2000091e:	6813      	ldr	r3, [r2, #0]
20000920:	3b02      	subs	r3, #2
20000922:	432e      	orrs	r6, r5
20000924:	009b      	lsls	r3, r3, #2
20000926:	505e      	str	r6, [r3, r1]
20000928:	3503      	adds	r5, #3
2000092a:	17e9      	asrs	r1, r5, #31
2000092c:	2303      	movs	r3, #3
2000092e:	400b      	ands	r3, r1
20000930:	195b      	adds	r3, r3, r5
20000932:	109b      	asrs	r3, r3, #2
20000934:	6811      	ldr	r1, [r2, #0]
20000936:	185b      	adds	r3, r3, r1
20000938:	6013      	str	r3, [r2, #0]
2000093a:	b004      	add	sp, #16
2000093c:	bc78      	pop	{r3, r4, r5, r6}
2000093e:	46b3      	mov	fp, r6
20000940:	46aa      	mov	sl, r5
20000942:	46a1      	mov	r9, r4
20000944:	4698      	mov	r8, r3
20000946:	bd70      	pop	{r4, r5, r6, pc}
20000948:	2d05      	cmp	r5, #5
2000094a:	d1db      	bne.n	20000904 <process_packet+0x168>
2000094c:	1ea9      	subs	r1, r5, #2
2000094e:	4650      	mov	r0, sl
20000950:	3002      	adds	r0, #2
20000952:	f7ff fecb 	bl	200006ec <crc5_usb>
20000956:	2809      	cmp	r0, #9
20000958:	d0d9      	beq.n	2000090e <process_packet+0x172>
2000095a:	2380      	movs	r3, #128	@ 0x80
2000095c:	05db      	lsls	r3, r3, #23
2000095e:	9a01      	ldr	r2, [sp, #4]
20000960:	431a      	orrs	r2, r3
20000962:	9201      	str	r2, [sp, #4]
20000964:	e7d3      	b.n	2000090e <process_packet+0x172>
20000966:	1ea9      	subs	r1, r5, #2
20000968:	4650      	mov	r0, sl
2000096a:	3002      	adds	r0, #2
2000096c:	f7ff fea6 	bl	200006bc <crc16_usb>
20000970:	4b07      	ldr	r3, [pc, #28]	@ (20000990 <process_packet+0x1f4>)
20000972:	4298      	cmp	r0, r3
20000974:	d0cb      	beq.n	2000090e <process_packet+0x172>
20000976:	2380      	movs	r3, #128	@ 0x80
20000978:	05db      	lsls	r3, r3, #23
2000097a:	9a01      	ldr	r2, [sp, #4]
2000097c:	431a      	orrs	r2, r3
2000097e:	9201      	str	r2, [sp, #4]
20000980:	e7c5      	b.n	2000090e <process_packet+0x172>
20000982:	46c0      	nop			@ (mov r8, r8)
20000984:	2002f2f8 	.word	0x2002f2f8
20000988:	2002f2f0 	.word	0x2002f2f0
2000098c:	2002f2e4 	.word	0x2002f2e4
20000990:	0000b001 	.word	0x0000b001

20000994 <start_time>:
20000994:	4b08      	ldr	r3, [pc, #32]	@ (200009b8 <start_time+0x24>)
20000996:	681a      	ldr	r2, [r3, #0]
20000998:	23fa      	movs	r3, #250	@ 0xfa
2000099a:	021b      	lsls	r3, r3, #8
2000099c:	5cd3      	ldrb	r3, [r2, r3]
2000099e:	2b00      	cmp	r3, #0
200009a0:	d004      	beq.n	200009ac <start_time+0x18>
200009a2:	4b06      	ldr	r3, [pc, #24]	@ (200009bc <start_time+0x28>)
200009a4:	434b      	muls	r3, r1
200009a6:	0c1b      	lsrs	r3, r3, #16
200009a8:	1ac0      	subs	r0, r0, r3
200009aa:	4770      	bx	lr
200009ac:	4b04      	ldr	r3, [pc, #16]	@ (200009c0 <start_time+0x2c>)
200009ae:	434b      	muls	r3, r1
200009b0:	0c1b      	lsrs	r3, r3, #16
200009b2:	1ac0      	subs	r0, r0, r3
200009b4:	e7f9      	b.n	200009aa <start_time+0x16>
200009b6:	46c0      	nop			@ (mov r8, r8)
200009b8:	2002f2f8 	.word	0x2002f2f8
200009bc:	00001555 	.word	0x00001555
200009c0:	0000aaab 	.word	0x0000aaab

200009c4 <esp_link_master_init>:
200009c4:	b510      	push	{r4, lr}
200009c6:	200e      	movs	r0, #14
200009c8:	f004 fee8 	bl	2000579c <gpio_init>
200009cc:	23d0      	movs	r3, #208	@ 0xd0
200009ce:	061b      	lsls	r3, r3, #24
200009d0:	2280      	movs	r2, #128	@ 0x80
200009d2:	01d2      	lsls	r2, r2, #7
200009d4:	625a      	str	r2, [r3, #36]	@ 0x24
200009d6:	619a      	str	r2, [r3, #24]
200009d8:	bd10      	pop	{r4, pc}
	...

200009dc <gpio_callback>:
200009dc:	b510      	push	{r4, lr}
200009de:	281c      	cmp	r0, #28
200009e0:	d000      	beq.n	200009e4 <gpio_callback+0x8>
200009e2:	bd10      	pop	{r4, pc}
200009e4:	f004 feda 	bl	2000579c <gpio_init>
200009e8:	2380      	movs	r3, #128	@ 0x80
200009ea:	055b      	lsls	r3, r3, #21
200009ec:	24d0      	movs	r4, #208	@ 0xd0
200009ee:	0624      	lsls	r4, r4, #24
200009f0:	62a3      	str	r3, [r4, #40]	@ 0x28
200009f2:	200e      	movs	r0, #14
200009f4:	f004 fed2 	bl	2000579c <gpio_init>
200009f8:	2380      	movs	r3, #128	@ 0x80
200009fa:	01db      	lsls	r3, r3, #7
200009fc:	62a3      	str	r3, [r4, #40]	@ 0x28
200009fe:	200f      	movs	r0, #15
20000a00:	f004 fecc 	bl	2000579c <gpio_init>
20000a04:	2380      	movs	r3, #128	@ 0x80
20000a06:	021b      	lsls	r3, r3, #8
20000a08:	62a3      	str	r3, [r4, #40]	@ 0x28
20000a0a:	4b06      	ldr	r3, [pc, #24]	@ (20000a24 <gpio_callback+0x48>)
20000a0c:	4a06      	ldr	r2, [pc, #24]	@ (20000a28 <gpio_callback+0x4c>)
20000a0e:	601a      	str	r2, [r3, #0]
20000a10:	4806      	ldr	r0, [pc, #24]	@ (20000a2c <gpio_callback+0x50>)
20000a12:	f008 fea0 	bl	20009756 <__wrap_puts>
20000a16:	2200      	movs	r2, #0
20000a18:	2100      	movs	r1, #0
20000a1a:	2000      	movs	r0, #0
20000a1c:	f006 fa8a 	bl	20006f34 <watchdog_reboot>
20000a20:	e7df      	b.n	200009e2 <gpio_callback+0x6>
20000a22:	46c0      	nop			@ (mov r8, r8)
20000a24:	200000f0 	.word	0x200000f0
20000a28:	69699696 	.word	0x69699696
20000a2c:	2000b48c 	.word	0x2000b48c

20000a30 <pio1_irq>:
20000a30:	b510      	push	{r4, lr}
20000a32:	480d      	ldr	r0, [pc, #52]	@ (20000a68 <pio1_irq+0x38>)
20000a34:	f008 fe8f 	bl	20009756 <__wrap_puts>
20000a38:	4b0c      	ldr	r3, [pc, #48]	@ (20000a6c <pio1_irq+0x3c>)
20000a3a:	6b1b      	ldr	r3, [r3, #48]	@ 0x30
20000a3c:	07db      	lsls	r3, r3, #31
20000a3e:	d404      	bmi.n	20000a4a <pio1_irq+0x1a>
20000a40:	4b0a      	ldr	r3, [pc, #40]	@ (20000a6c <pio1_irq+0x3c>)
20000a42:	6b1b      	ldr	r3, [r3, #48]	@ 0x30
20000a44:	079b      	lsls	r3, r3, #30
20000a46:	d407      	bmi.n	20000a58 <pio1_irq+0x28>
20000a48:	bd10      	pop	{r4, pc}
20000a4a:	4809      	ldr	r0, [pc, #36]	@ (20000a70 <pio1_irq+0x40>)
20000a4c:	f008 fe83 	bl	20009756 <__wrap_puts>
20000a50:	4b06      	ldr	r3, [pc, #24]	@ (20000a6c <pio1_irq+0x3c>)
20000a52:	2201      	movs	r2, #1
20000a54:	631a      	str	r2, [r3, #48]	@ 0x30
20000a56:	e7f7      	b.n	20000a48 <pio1_irq+0x18>
20000a58:	4806      	ldr	r0, [pc, #24]	@ (20000a74 <pio1_irq+0x44>)
20000a5a:	f008 fe7c 	bl	20009756 <__wrap_puts>
20000a5e:	4b03      	ldr	r3, [pc, #12]	@ (20000a6c <pio1_irq+0x3c>)
20000a60:	2202      	movs	r2, #2
20000a62:	631a      	str	r2, [r3, #48]	@ 0x30
20000a64:	e7f0      	b.n	20000a48 <pio1_irq+0x18>
20000a66:	46c0      	nop			@ (mov r8, r8)
20000a68:	2000b4c8 	.word	0x2000b4c8
20000a6c:	50300000 	.word	0x50300000
20000a70:	2000b4d4 	.word	0x2000b4d4
20000a74:	2000b4e4 	.word	0x2000b4e4

20000a78 <pio0_irq>:
20000a78:	b510      	push	{r4, lr}
20000a7a:	480d      	ldr	r0, [pc, #52]	@ (20000ab0 <pio0_irq+0x38>)
20000a7c:	f008 fe6b 	bl	20009756 <__wrap_puts>
20000a80:	4b0c      	ldr	r3, [pc, #48]	@ (20000ab4 <pio0_irq+0x3c>)
20000a82:	6b1b      	ldr	r3, [r3, #48]	@ 0x30
20000a84:	07db      	lsls	r3, r3, #31
20000a86:	d404      	bmi.n	20000a92 <pio0_irq+0x1a>
20000a88:	4b0a      	ldr	r3, [pc, #40]	@ (20000ab4 <pio0_irq+0x3c>)
20000a8a:	6b1b      	ldr	r3, [r3, #48]	@ 0x30
20000a8c:	079b      	lsls	r3, r3, #30
20000a8e:	d407      	bmi.n	20000aa0 <pio0_irq+0x28>
20000a90:	bd10      	pop	{r4, pc}
20000a92:	4809      	ldr	r0, [pc, #36]	@ (20000ab8 <pio0_irq+0x40>)
20000a94:	f008 fe5f 	bl	20009756 <__wrap_puts>
20000a98:	4b06      	ldr	r3, [pc, #24]	@ (20000ab4 <pio0_irq+0x3c>)
20000a9a:	2201      	movs	r2, #1
20000a9c:	631a      	str	r2, [r3, #48]	@ 0x30
20000a9e:	e7f7      	b.n	20000a90 <pio0_irq+0x18>
20000aa0:	4805      	ldr	r0, [pc, #20]	@ (20000ab8 <pio0_irq+0x40>)
20000aa2:	f008 fe58 	bl	20009756 <__wrap_puts>
20000aa6:	4b03      	ldr	r3, [pc, #12]	@ (20000ab4 <pio0_irq+0x3c>)
20000aa8:	2202      	movs	r2, #2
20000aaa:	631a      	str	r2, [r3, #48]	@ 0x30
20000aac:	e7f0      	b.n	20000a90 <pio0_irq+0x18>
20000aae:	46c0      	nop			@ (mov r8, r8)
20000ab0:	2000b4f4 	.word	0x2000b4f4
20000ab4:	50200000 	.word	0x50200000
20000ab8:	2000b4d4 	.word	0x2000b4d4

20000abc <process_buffer>:
20000abc:	b570      	push	{r4, r5, r6, lr}
20000abe:	46ce      	mov	lr, r9
20000ac0:	4646      	mov	r6, r8
20000ac2:	b540      	push	{r6, lr}
20000ac4:	4c49      	ldr	r4, [pc, #292]	@ (20000bec <process_buffer+0x130>)
20000ac6:	6823      	ldr	r3, [r4, #0]
20000ac8:	6858      	ldr	r0, [r3, #4]
20000aca:	6819      	ldr	r1, [r3, #0]
20000acc:	f7ff ff62 	bl	20000994 <start_time>
20000ad0:	4681      	mov	r9, r0
20000ad2:	4a47      	ldr	r2, [pc, #284]	@ (20000bf0 <process_buffer+0x134>)
20000ad4:	2300      	movs	r3, #0
20000ad6:	6013      	str	r3, [r2, #0]
20000ad8:	4a46      	ldr	r2, [pc, #280]	@ (20000bf4 <process_buffer+0x138>)
20000ada:	6013      	str	r3, [r2, #0]
20000adc:	4a46      	ldr	r2, [pc, #280]	@ (20000bf8 <process_buffer+0x13c>)
20000ade:	6013      	str	r3, [r2, #0]
20000ae0:	4a46      	ldr	r2, [pc, #280]	@ (20000bfc <process_buffer+0x140>)
20000ae2:	7013      	strb	r3, [r2, #0]
20000ae4:	6822      	ldr	r2, [r4, #0]
20000ae6:	4946      	ldr	r1, [pc, #280]	@ (20000c00 <process_buffer+0x144>)
20000ae8:	5053      	str	r3, [r2, r1]
20000aea:	4946      	ldr	r1, [pc, #280]	@ (20000c04 <process_buffer+0x148>)
20000aec:	5053      	str	r3, [r2, r1]
20000aee:	4946      	ldr	r1, [pc, #280]	@ (20000c08 <process_buffer+0x14c>)
20000af0:	5053      	str	r3, [r2, r1]
20000af2:	4946      	ldr	r1, [pc, #280]	@ (20000c0c <process_buffer+0x150>)
20000af4:	5053      	str	r3, [r2, r1]
20000af6:	2500      	movs	r5, #0
20000af8:	2600      	movs	r6, #0
20000afa:	e02f      	b.n	20000b5c <process_buffer+0xa0>
20000afc:	4844      	ldr	r0, [pc, #272]	@ (20000c10 <process_buffer+0x154>)
20000afe:	f008 fe2a 	bl	20009756 <__wrap_puts>
20000b02:	2600      	movs	r6, #0
20000b04:	4b39      	ldr	r3, [pc, #228]	@ (20000bec <process_buffer+0x130>)
20000b06:	681a      	ldr	r2, [r3, #0]
20000b08:	4b42      	ldr	r3, [pc, #264]	@ (20000c14 <process_buffer+0x158>)
20000b0a:	50d6      	str	r6, [r2, r3]
20000b0c:	bc60      	pop	{r5, r6}
20000b0e:	46b1      	mov	r9, r6
20000b10:	46a8      	mov	r8, r5
20000b12:	bd70      	pop	{r4, r5, r6, pc}
20000b14:	6813      	ldr	r3, [r2, #0]
20000b16:	3b02      	subs	r3, #2
20000b18:	009b      	lsls	r3, r3, #2
20000b1a:	2280      	movs	r2, #128	@ 0x80
20000b1c:	0492      	lsls	r2, r2, #18
20000b1e:	505a      	str	r2, [r3, r1]
20000b20:	2001      	movs	r0, #1
20000b22:	2100      	movs	r1, #0
20000b24:	4240      	negs	r0, r0
20000b26:	f7ff fdf1 	bl	2000070c <handle_folding>
20000b2a:	4b30      	ldr	r3, [pc, #192]	@ (20000bec <process_buffer+0x130>)
20000b2c:	6819      	ldr	r1, [r3, #0]
20000b2e:	4a35      	ldr	r2, [pc, #212]	@ (20000c04 <process_buffer+0x148>)
20000b30:	588b      	ldr	r3, [r1, r2]
20000b32:	3301      	adds	r3, #1
20000b34:	508b      	str	r3, [r1, r2]
20000b36:	4646      	mov	r6, r8
20000b38:	e00f      	b.n	20000b5a <process_buffer+0x9e>
20000b3a:	4b2e      	ldr	r3, [pc, #184]	@ (20000bf4 <process_buffer+0x138>)
20000b3c:	681b      	ldr	r3, [r3, #0]
20000b3e:	3b02      	subs	r3, #2
20000b40:	009b      	lsls	r3, r3, #2
20000b42:	2280      	movs	r2, #128	@ 0x80
20000b44:	0452      	lsls	r2, r2, #17
20000b46:	505a      	str	r2, [r3, r1]
20000b48:	2100      	movs	r1, #0
20000b4a:	2005      	movs	r0, #5
20000b4c:	f7ff fdde 	bl	2000070c <handle_folding>
20000b50:	4646      	mov	r6, r8
20000b52:	4a27      	ldr	r2, [pc, #156]	@ (20000bf0 <process_buffer+0x134>)
20000b54:	6813      	ldr	r3, [r2, #0]
20000b56:	3301      	adds	r3, #1
20000b58:	6013      	str	r3, [r2, #0]
20000b5a:	3501      	adds	r5, #1
20000b5c:	4b23      	ldr	r3, [pc, #140]	@ (20000bec <process_buffer+0x130>)
20000b5e:	681a      	ldr	r2, [r3, #0]
20000b60:	4b2c      	ldr	r3, [pc, #176]	@ (20000c14 <process_buffer+0x158>)
20000b62:	58d3      	ldr	r3, [r2, r3]
20000b64:	42ab      	cmp	r3, r5
20000b66:	ddcd      	ble.n	20000b04 <process_buffer+0x48>
20000b68:	4921      	ldr	r1, [pc, #132]	@ (20000bf0 <process_buffer+0x134>)
20000b6a:	680b      	ldr	r3, [r1, #0]
20000b6c:	009b      	lsls	r3, r3, #2
20000b6e:	589c      	ldr	r4, [r3, r2]
20000b70:	680b      	ldr	r3, [r1, #0]
20000b72:	3301      	adds	r3, #1
20000b74:	009b      	lsls	r3, r3, #2
20000b76:	5898      	ldr	r0, [r3, r2]
20000b78:	0021      	movs	r1, r4
20000b7a:	f7ff ff0b 	bl	20000994 <start_time>
20000b7e:	2380      	movs	r3, #128	@ 0x80
20000b80:	025b      	lsls	r3, r3, #9
20000b82:	429c      	cmp	r4, r3
20000b84:	d2ba      	bcs.n	20000afc <process_buffer+0x40>
20000b86:	4b19      	ldr	r3, [pc, #100]	@ (20000bec <process_buffer+0x130>)
20000b88:	6819      	ldr	r1, [r3, #0]
20000b8a:	4a1a      	ldr	r2, [pc, #104]	@ (20000bf4 <process_buffer+0x138>)
20000b8c:	6813      	ldr	r3, [r2, #0]
20000b8e:	3301      	adds	r3, #1
20000b90:	469c      	mov	ip, r3
20000b92:	464b      	mov	r3, r9
20000b94:	1ac0      	subs	r0, r0, r3
20000b96:	4663      	mov	r3, ip
20000b98:	009b      	lsls	r3, r3, #2
20000b9a:	5058      	str	r0, [r3, r1]
20000b9c:	4814      	ldr	r0, [pc, #80]	@ (20000bf0 <process_buffer+0x134>)
20000b9e:	6803      	ldr	r3, [r0, #0]
20000ba0:	3302      	adds	r3, #2
20000ba2:	6003      	str	r3, [r0, #0]
20000ba4:	6813      	ldr	r3, [r2, #0]
20000ba6:	3302      	adds	r3, #2
20000ba8:	6013      	str	r3, [r2, #0]
20000baa:	1c73      	adds	r3, r6, #1
20000bac:	4698      	mov	r8, r3
20000bae:	2c00      	cmp	r4, #0
20000bb0:	d0b0      	beq.n	20000b14 <process_buffer+0x58>
20000bb2:	2c01      	cmp	r4, #1
20000bb4:	d109      	bne.n	20000bca <process_buffer+0x10e>
20000bb6:	23fa      	movs	r3, #250	@ 0xfa
20000bb8:	021b      	lsls	r3, r3, #8
20000bba:	5ccb      	ldrb	r3, [r1, r3]
20000bbc:	2b00      	cmp	r3, #0
20000bbe:	d0bc      	beq.n	20000b3a <process_buffer+0x7e>
20000bc0:	4a0c      	ldr	r2, [pc, #48]	@ (20000bf4 <process_buffer+0x138>)
20000bc2:	6813      	ldr	r3, [r2, #0]
20000bc4:	3b02      	subs	r3, #2
20000bc6:	6013      	str	r3, [r2, #0]
20000bc8:	e7c3      	b.n	20000b52 <process_buffer+0x96>
20000bca:	1e60      	subs	r0, r4, #1
20000bcc:	f7ff fde6 	bl	2000079c <process_packet>
20000bd0:	211f      	movs	r1, #31
20000bd2:	0020      	movs	r0, r4
20000bd4:	f006 fb5e 	bl	20007294 <__wrap___aeabi_uidiv>
20000bd8:	2901      	cmp	r1, #1
20000bda:	d901      	bls.n	20000be0 <process_buffer+0x124>
20000bdc:	4646      	mov	r6, r8
20000bde:	e7bc      	b.n	20000b5a <process_buffer+0x9e>
20000be0:	4a03      	ldr	r2, [pc, #12]	@ (20000bf0 <process_buffer+0x134>)
20000be2:	6813      	ldr	r3, [r2, #0]
20000be4:	3301      	adds	r3, #1
20000be6:	6013      	str	r3, [r2, #0]
20000be8:	4646      	mov	r6, r8
20000bea:	e7b6      	b.n	20000b5a <process_buffer+0x9e>
20000bec:	2002f2f8 	.word	0x2002f2f8
20000bf0:	2002f2e4 	.word	0x2002f2e4
20000bf4:	2002f2f0 	.word	0x2002f2f0
20000bf8:	2002f2ec 	.word	0x2002f2ec
20000bfc:	200309a0 	.word	0x200309a0
20000c00:	0000fa0c 	.word	0x0000fa0c
20000c04:	0000fa10 	.word	0x0000fa10
20000c08:	0000fa14 	.word	0x0000fa14
20000c0c:	0000fa18 	.word	0x0000fa18
20000c10:	2000b500 	.word	0x2000b500
20000c14:	0000fa08 	.word	0x0000fa08

20000c18 <esp_link_uart_init>:
20000c18:	b510      	push	{r4, lr}
20000c1a:	4b1b      	ldr	r3, [pc, #108]	@ (20000c88 <esp_link_uart_init+0x70>)
20000c1c:	2201      	movs	r2, #1
20000c1e:	2104      	movs	r1, #4
20000c20:	201c      	movs	r0, #28
20000c22:	f004 fd8b 	bl	2000573c <gpio_set_irq_enabled_with_callback>
20000c26:	4c19      	ldr	r4, [pc, #100]	@ (20000c8c <esp_link_uart_init+0x74>)
20000c28:	4919      	ldr	r1, [pc, #100]	@ (20000c90 <esp_link_uart_init+0x78>)
20000c2a:	0020      	movs	r0, r4
20000c2c:	f005 ff2c 	bl	20006a88 <uart_init>
20000c30:	2102      	movs	r1, #2
20000c32:	2010      	movs	r0, #16
20000c34:	f004 fd02 	bl	2000563c <gpio_set_function>
20000c38:	2102      	movs	r1, #2
20000c3a:	2011      	movs	r0, #17
20000c3c:	f004 fcfe 	bl	2000563c <gpio_set_function>
20000c40:	6b23      	ldr	r3, [r4, #48]	@ 0x30
20000c42:	22c0      	movs	r2, #192	@ 0xc0
20000c44:	0212      	lsls	r2, r2, #8
20000c46:	4013      	ands	r3, r2
20000c48:	4a12      	ldr	r2, [pc, #72]	@ (20000c94 <esp_link_uart_init+0x7c>)
20000c4a:	6013      	str	r3, [r2, #0]
20000c4c:	2300      	movs	r3, #0
20000c4e:	2201      	movs	r2, #1
20000c50:	2108      	movs	r1, #8
20000c52:	0020      	movs	r0, r4
20000c54:	f005 fee6 	bl	20006a24 <uart_set_format>
20000c58:	2100      	movs	r1, #0
20000c5a:	0020      	movs	r0, r4
20000c5c:	f005 fef8 	bl	20006a50 <uart_set_fifo_enabled>
20000c60:	2200      	movs	r2, #0
20000c62:	2100      	movs	r1, #0
20000c64:	0020      	movs	r0, r4
20000c66:	f7ff fa7b 	bl	20000160 <uart_set_irqs_enabled>
20000c6a:	200f      	movs	r0, #15
20000c6c:	f004 fd96 	bl	2000579c <gpio_init>
20000c70:	23d0      	movs	r3, #208	@ 0xd0
20000c72:	061b      	lsls	r3, r3, #24
20000c74:	2280      	movs	r2, #128	@ 0x80
20000c76:	0212      	lsls	r2, r2, #8
20000c78:	629a      	str	r2, [r3, #40]	@ 0x28
20000c7a:	2200      	movs	r2, #0
20000c7c:	2101      	movs	r1, #1
20000c7e:	200f      	movs	r0, #15
20000c80:	f004 fcf6 	bl	20005670 <gpio_set_pulls>
20000c84:	bd10      	pop	{r4, pc}
20000c86:	46c0      	nop			@ (mov r8, r8)
20000c88:	200009dd 	.word	0x200009dd
20000c8c:	40034000 	.word	0x40034000
20000c90:	00012480 	.word	0x00012480
20000c94:	40035030 	.word	0x40035030

20000c98 <init_esp_seq>:
20000c98:	b510      	push	{r4, lr}
20000c9a:	f7ff ffbd 	bl	20000c18 <esp_link_uart_init>
20000c9e:	2200      	movs	r2, #0
20000ca0:	4b0b      	ldr	r3, [pc, #44]	@ (20000cd0 <init_esp_seq+0x38>)
20000ca2:	429a      	cmp	r2, r3
20000ca4:	dc06      	bgt.n	20000cb4 <init_esp_seq+0x1c>
20000ca6:	23d0      	movs	r3, #208	@ 0xd0
20000ca8:	061b      	lsls	r3, r3, #24
20000caa:	685b      	ldr	r3, [r3, #4]
20000cac:	041b      	lsls	r3, r3, #16
20000cae:	d403      	bmi.n	20000cb8 <init_esp_seq+0x20>
20000cb0:	3201      	adds	r2, #1
20000cb2:	e7f5      	b.n	20000ca0 <init_esp_seq+0x8>
20000cb4:	2300      	movs	r3, #0
20000cb6:	e000      	b.n	20000cba <init_esp_seq+0x22>
20000cb8:	2301      	movs	r3, #1
20000cba:	2b00      	cmp	r3, #0
20000cbc:	d005      	beq.n	20000cca <init_esp_seq+0x32>
20000cbe:	4805      	ldr	r0, [pc, #20]	@ (20000cd4 <init_esp_seq+0x3c>)
20000cc0:	f008 fd49 	bl	20009756 <__wrap_puts>
20000cc4:	f7ff fe7e 	bl	200009c4 <esp_link_master_init>
20000cc8:	bd10      	pop	{r4, pc}
20000cca:	4803      	ldr	r0, [pc, #12]	@ (20000cd8 <init_esp_seq+0x40>)
20000ccc:	e7f8      	b.n	20000cc0 <init_esp_seq+0x28>
20000cce:	46c0      	nop			@ (mov r8, r8)
20000cd0:	00000bb7 	.word	0x00000bb7
20000cd4:	2000b534 	.word	0x2000b534
20000cd8:	2000b544 	.word	0x2000b544

20000cdc <st_pin_release>:
20000cdc:	b510      	push	{r4, lr}
20000cde:	0004      	movs	r4, r0
20000ce0:	f004 fd5c 	bl	2000579c <gpio_init>
20000ce4:	2301      	movs	r3, #1
20000ce6:	40a3      	lsls	r3, r4
20000ce8:	22d0      	movs	r2, #208	@ 0xd0
20000cea:	0612      	lsls	r2, r2, #24
20000cec:	6293      	str	r3, [r2, #40]	@ 0x28
20000cee:	2200      	movs	r2, #0
20000cf0:	2100      	movs	r1, #0
20000cf2:	0020      	movs	r0, r4
20000cf4:	f004 fcbc 	bl	20005670 <gpio_set_pulls>
20000cf8:	bd10      	pop	{r4, pc}
	...

20000cfc <print_g_fold_count>:
20000cfc:	b570      	push	{r4, r5, r6, lr}
20000cfe:	0004      	movs	r4, r0
20000d00:	0005      	movs	r5, r0
20000d02:	480b      	ldr	r0, [pc, #44]	@ (20000d30 <print_g_fold_count+0x34>)
20000d04:	f008 fd56 	bl	200097b4 <__wrap_printf>
20000d08:	2c01      	cmp	r4, #1
20000d0a:	d00d      	beq.n	20000d28 <print_g_fold_count+0x2c>
20000d0c:	4c08      	ldr	r4, [pc, #32]	@ (20000d30 <print_g_fold_count+0x34>)
20000d0e:	0020      	movs	r0, r4
20000d10:	301c      	adds	r0, #28
20000d12:	0029      	movs	r1, r5
20000d14:	f008 fd4e 	bl	200097b4 <__wrap_printf>
20000d18:	0020      	movs	r0, r4
20000d1a:	3020      	adds	r0, #32
20000d1c:	f008 fd4a 	bl	200097b4 <__wrap_printf>
20000d20:	4804      	ldr	r0, [pc, #16]	@ (20000d34 <print_g_fold_count+0x38>)
20000d22:	f008 fd18 	bl	20009756 <__wrap_puts>
20000d26:	bd70      	pop	{r4, r5, r6, pc}
20000d28:	4803      	ldr	r0, [pc, #12]	@ (20000d38 <print_g_fold_count+0x3c>)
20000d2a:	f008 fd43 	bl	200097b4 <__wrap_printf>
20000d2e:	e7f7      	b.n	20000d20 <print_g_fold_count+0x24>
20000d30:	2000b580 	.word	0x2000b580
20000d34:	2000b5a8 	.word	0x2000b5a8
20000d38:	2000b594 	.word	0x2000b594

20000d3c <bench_log_step>:
20000d3c:	b570      	push	{r4, r5, r6, lr}
20000d3e:	46ce      	mov	lr, r9
20000d40:	4646      	mov	r6, r8
20000d42:	b540      	push	{r6, lr}
20000d44:	b088      	sub	sp, #32
20000d46:	0006      	movs	r6, r0
20000d48:	0014      	movs	r4, r2
20000d4a:	4699      	mov	r9, r3
20000d4c:	ab0e      	add	r3, sp, #56	@ 0x38
20000d4e:	781d      	ldrb	r5, [r3, #0]
20000d50:	6813      	ldr	r3, [r2, #0]
20000d52:	6a52      	ldr	r2, [r2, #36]	@ 0x24
20000d54:	481b      	ldr	r0, [pc, #108]	@ (20000dc4 <bench_log_step+0x88>)
20000d56:	9200      	str	r2, [sp, #0]
20000d58:	000a      	movs	r2, r1
20000d5a:	0031      	movs	r1, r6
20000d5c:	f008 fd2a 	bl	200097b4 <__wrap_printf>
20000d60:	2338      	movs	r3, #56	@ 0x38
20000d62:	5ce1      	ldrb	r1, [r4, r3]
20000d64:	2900      	cmp	r1, #0
20000d66:	d121      	bne.n	20000dac <bench_log_step+0x70>
20000d68:	68a1      	ldr	r1, [r4, #8]
20000d6a:	68e2      	ldr	r2, [r4, #12]
20000d6c:	6923      	ldr	r3, [r4, #16]
20000d6e:	4698      	mov	r8, r3
20000d70:	6a20      	ldr	r0, [r4, #32]
20000d72:	4684      	mov	ip, r0
20000d74:	6966      	ldr	r6, [r4, #20]
20000d76:	8d20      	ldrh	r0, [r4, #40]	@ 0x28
20000d78:	8d64      	ldrh	r4, [r4, #42]	@ 0x2a
20000d7a:	464b      	mov	r3, r9
20000d7c:	2b01      	cmp	r3, #1
20000d7e:	d01d      	beq.n	20000dbc <bench_log_step+0x80>
20000d80:	4b11      	ldr	r3, [pc, #68]	@ (20000dc8 <bench_log_step+0x8c>)
20000d82:	2d00      	cmp	r5, #0
20000d84:	d01c      	beq.n	20000dc0 <bench_log_step+0x84>
20000d86:	4d11      	ldr	r5, [pc, #68]	@ (20000dcc <bench_log_step+0x90>)
20000d88:	9506      	str	r5, [sp, #24]
20000d8a:	9305      	str	r3, [sp, #20]
20000d8c:	2520      	movs	r5, #32
20000d8e:	9504      	str	r5, [sp, #16]
20000d90:	9403      	str	r4, [sp, #12]
20000d92:	9002      	str	r0, [sp, #8]
20000d94:	9601      	str	r6, [sp, #4]
20000d96:	4663      	mov	r3, ip
20000d98:	9300      	str	r3, [sp, #0]
20000d9a:	4643      	mov	r3, r8
20000d9c:	480c      	ldr	r0, [pc, #48]	@ (20000dd0 <bench_log_step+0x94>)
20000d9e:	f008 fd09 	bl	200097b4 <__wrap_printf>
20000da2:	b008      	add	sp, #32
20000da4:	bc60      	pop	{r5, r6}
20000da6:	46b1      	mov	r9, r6
20000da8:	46a8      	mov	r8, r5
20000daa:	bd70      	pop	{r4, r5, r6, pc}
20000dac:	3301      	adds	r3, #1
20000dae:	5ce2      	ldrb	r2, [r4, r3]
20000db0:	3301      	adds	r3, #1
20000db2:	5ce3      	ldrb	r3, [r4, r3]
20000db4:	4807      	ldr	r0, [pc, #28]	@ (20000dd4 <bench_log_step+0x98>)
20000db6:	f008 fcfd 	bl	200097b4 <__wrap_printf>
20000dba:	e7d5      	b.n	20000d68 <bench_log_step+0x2c>
20000dbc:	4b06      	ldr	r3, [pc, #24]	@ (20000dd8 <bench_log_step+0x9c>)
20000dbe:	e7e0      	b.n	20000d82 <bench_log_step+0x46>
20000dc0:	4d06      	ldr	r5, [pc, #24]	@ (20000ddc <bench_log_step+0xa0>)
20000dc2:	e7e1      	b.n	20000d88 <bench_log_step+0x4c>
20000dc4:	2000b5d0 	.word	0x2000b5d0
20000dc8:	2000b5b4 	.word	0x2000b5b4
20000dcc:	2000b5c0 	.word	0x2000b5c0
20000dd0:	2000b610 	.word	0x2000b610
20000dd4:	2000b5f4 	.word	0x2000b5f4
20000dd8:	2000b5ac 	.word	0x2000b5ac
20000ddc:	2000b5c8 	.word	0x2000b5c8

20000de0 <report_last_fault>:
20000de0:	b530      	push	{r4, r5, lr}
20000de2:	b083      	sub	sp, #12
20000de4:	4b14      	ldr	r3, [pc, #80]	@ (20000e38 <report_last_fault+0x58>)
20000de6:	681a      	ldr	r2, [r3, #0]
20000de8:	4b14      	ldr	r3, [pc, #80]	@ (20000e3c <report_last_fault+0x5c>)
20000dea:	429a      	cmp	r2, r3
20000dec:	d001      	beq.n	20000df2 <report_last_fault+0x12>
20000dee:	b003      	add	sp, #12
20000df0:	bd30      	pop	{r4, r5, pc}
20000df2:	4c11      	ldr	r4, [pc, #68]	@ (20000e38 <report_last_fault+0x58>)
20000df4:	6aa1      	ldr	r1, [r4, #40]	@ 0x28
20000df6:	6ae2      	ldr	r2, [r4, #44]	@ 0x2c
20000df8:	2301      	movs	r3, #1
20000dfa:	4019      	ands	r1, r3
20000dfc:	4810      	ldr	r0, [pc, #64]	@ (20000e40 <report_last_fault+0x60>)
20000dfe:	f008 fcd9 	bl	200097b4 <__wrap_printf>
20000e02:	6861      	ldr	r1, [r4, #4]
20000e04:	68a2      	ldr	r2, [r4, #8]
20000e06:	68e3      	ldr	r3, [r4, #12]
20000e08:	6920      	ldr	r0, [r4, #16]
20000e0a:	4684      	mov	ip, r0
20000e0c:	480d      	ldr	r0, [pc, #52]	@ (20000e44 <report_last_fault+0x64>)
20000e0e:	4665      	mov	r5, ip
20000e10:	9500      	str	r5, [sp, #0]
20000e12:	f008 fccf 	bl	200097b4 <__wrap_printf>
20000e16:	6961      	ldr	r1, [r4, #20]
20000e18:	69a2      	ldr	r2, [r4, #24]
20000e1a:	69e3      	ldr	r3, [r4, #28]
20000e1c:	6a20      	ldr	r0, [r4, #32]
20000e1e:	4684      	mov	ip, r0
20000e20:	6a65      	ldr	r5, [r4, #36]	@ 0x24
20000e22:	4809      	ldr	r0, [pc, #36]	@ (20000e48 <report_last_fault+0x68>)
20000e24:	3064      	adds	r0, #100	@ 0x64
20000e26:	9501      	str	r5, [sp, #4]
20000e28:	4665      	mov	r5, ip
20000e2a:	9500      	str	r5, [sp, #0]
20000e2c:	f008 fcc2 	bl	200097b4 <__wrap_printf>
20000e30:	2300      	movs	r3, #0
20000e32:	6023      	str	r3, [r4, #0]
20000e34:	e7db      	b.n	20000dee <report_last_fault+0xe>
20000e36:	46c0      	nop			@ (mov r8, r8)
20000e38:	200000c0 	.word	0x200000c0
20000e3c:	fa017edc 	.word	0xfa017edc
20000e40:	2000b66c 	.word	0x2000b66c
20000e44:	2000b6b8 	.word	0x2000b6b8
20000e48:	2000b680 	.word	0x2000b680

20000e4c <report_flash_layout>:
20000e4c:	b570      	push	{r4, r5, r6, lr}
20000e4e:	f7ff fa4d 	bl	200002ec <get_start_free_flash_space_addr>
20000e52:	0005      	movs	r5, r0
20000e54:	f7ff fa50 	bl	200002f8 <get_flash_end_address>
20000e58:	0004      	movs	r4, r0
20000e5a:	f7ff fa50 	bl	200002fe <get_free_flash_space>
20000e5e:	0003      	movs	r3, r0
20000e60:	4802      	ldr	r0, [pc, #8]	@ (20000e6c <report_flash_layout+0x20>)
20000e62:	0022      	movs	r2, r4
20000e64:	0029      	movs	r1, r5
20000e66:	f008 fca5 	bl	200097b4 <__wrap_printf>
20000e6a:	bd70      	pop	{r4, r5, r6, pc}
20000e6c:	2000b718 	.word	0x2000b718

20000e70 <my_spi_write_blocking>:
20000e70:	b5f0      	push	{r4, r5, r6, r7, lr}
20000e72:	46c6      	mov	lr, r8
20000e74:	b500      	push	{lr}
20000e76:	4680      	mov	r8, r0
20000e78:	000e      	movs	r6, r1
20000e7a:	46c0      	nop			@ (mov r8, r8)
20000e7c:	46c0      	nop			@ (mov r8, r8)
20000e7e:	46c0      	nop			@ (mov r8, r8)
20000e80:	46c0      	nop			@ (mov r8, r8)
20000e82:	46c0      	nop			@ (mov r8, r8)
20000e84:	46c0      	nop			@ (mov r8, r8)
20000e86:	24d0      	movs	r4, #208	@ 0xd0
20000e88:	0624      	lsls	r4, r4, #24
20000e8a:	2580      	movs	r5, #128	@ 0x80
20000e8c:	01ad      	lsls	r5, r5, #6
20000e8e:	61a5      	str	r5, [r4, #24]
20000e90:	2019      	movs	r0, #25
20000e92:	f005 fd39 	bl	20006908 <busy_wait_us_32>
20000e96:	0032      	movs	r2, r6
20000e98:	4641      	mov	r1, r8
20000e9a:	4833      	ldr	r0, [pc, #204]	@ (20000f68 <my_spi_write_blocking+0xf8>)
20000e9c:	f009 feee 	bl	2000ac7c <spi_write_blocking>
20000ea0:	46c0      	nop			@ (mov r8, r8)
20000ea2:	46c0      	nop			@ (mov r8, r8)
20000ea4:	46c0      	nop			@ (mov r8, r8)
20000ea6:	46c0      	nop			@ (mov r8, r8)
20000ea8:	46c0      	nop			@ (mov r8, r8)
20000eaa:	46c0      	nop			@ (mov r8, r8)
20000eac:	46c0      	nop			@ (mov r8, r8)
20000eae:	46c0      	nop			@ (mov r8, r8)
20000eb0:	46c0      	nop			@ (mov r8, r8)
20000eb2:	46c0      	nop			@ (mov r8, r8)
20000eb4:	46c0      	nop			@ (mov r8, r8)
20000eb6:	46c0      	nop			@ (mov r8, r8)
20000eb8:	46c0      	nop			@ (mov r8, r8)
20000eba:	46c0      	nop			@ (mov r8, r8)
20000ebc:	46c0      	nop			@ (mov r8, r8)
20000ebe:	46c0      	nop			@ (mov r8, r8)
20000ec0:	46c0      	nop			@ (mov r8, r8)
20000ec2:	46c0      	nop			@ (mov r8, r8)
20000ec4:	46c0      	nop			@ (mov r8, r8)
20000ec6:	46c0      	nop			@ (mov r8, r8)
20000ec8:	46c0      	nop			@ (mov r8, r8)
20000eca:	46c0      	nop			@ (mov r8, r8)
20000ecc:	46c0      	nop			@ (mov r8, r8)
20000ece:	46c0      	nop			@ (mov r8, r8)
20000ed0:	46c0      	nop			@ (mov r8, r8)
20000ed2:	46c0      	nop			@ (mov r8, r8)
20000ed4:	46c0      	nop			@ (mov r8, r8)
20000ed6:	46c0      	nop			@ (mov r8, r8)
20000ed8:	46c0      	nop			@ (mov r8, r8)
20000eda:	46c0      	nop			@ (mov r8, r8)
20000edc:	46c0      	nop			@ (mov r8, r8)
20000ede:	46c0      	nop			@ (mov r8, r8)
20000ee0:	46c0      	nop			@ (mov r8, r8)
20000ee2:	46c0      	nop			@ (mov r8, r8)
20000ee4:	46c0      	nop			@ (mov r8, r8)
20000ee6:	46c0      	nop			@ (mov r8, r8)
20000ee8:	46c0      	nop			@ (mov r8, r8)
20000eea:	46c0      	nop			@ (mov r8, r8)
20000eec:	46c0      	nop			@ (mov r8, r8)
20000eee:	46c0      	nop			@ (mov r8, r8)
20000ef0:	46c0      	nop			@ (mov r8, r8)
20000ef2:	46c0      	nop			@ (mov r8, r8)
20000ef4:	46c0      	nop			@ (mov r8, r8)
20000ef6:	46c0      	nop			@ (mov r8, r8)
20000ef8:	46c0      	nop			@ (mov r8, r8)
20000efa:	46c0      	nop			@ (mov r8, r8)
20000efc:	46c0      	nop			@ (mov r8, r8)
20000efe:	46c0      	nop			@ (mov r8, r8)
20000f00:	46c0      	nop			@ (mov r8, r8)
20000f02:	46c0      	nop			@ (mov r8, r8)
20000f04:	46c0      	nop			@ (mov r8, r8)
20000f06:	46c0      	nop			@ (mov r8, r8)
20000f08:	46c0      	nop			@ (mov r8, r8)
20000f0a:	46c0      	nop			@ (mov r8, r8)
20000f0c:	46c0      	nop			@ (mov r8, r8)
20000f0e:	46c0      	nop			@ (mov r8, r8)
20000f10:	46c0      	nop			@ (mov r8, r8)
20000f12:	46c0      	nop			@ (mov r8, r8)
20000f14:	46c0      	nop			@ (mov r8, r8)
20000f16:	46c0      	nop			@ (mov r8, r8)
20000f18:	46c0      	nop			@ (mov r8, r8)
20000f1a:	46c0      	nop			@ (mov r8, r8)
20000f1c:	46c0      	nop			@ (mov r8, r8)
20000f1e:	46c0      	nop			@ (mov r8, r8)
20000f20:	46c0      	nop			@ (mov r8, r8)
20000f22:	46c0      	nop			@ (mov r8, r8)
20000f24:	46c0      	nop			@ (mov r8, r8)
20000f26:	46c0      	nop			@ (mov r8, r8)
20000f28:	46c0      	nop			@ (mov r8, r8)
20000f2a:	46c0      	nop			@ (mov r8, r8)
20000f2c:	46c0      	nop			@ (mov r8, r8)
20000f2e:	46c0      	nop			@ (mov r8, r8)
20000f30:	46c0      	nop			@ (mov r8, r8)
20000f32:	46c0      	nop			@ (mov r8, r8)
20000f34:	46c0      	nop			@ (mov r8, r8)
20000f36:	46c0      	nop			@ (mov r8, r8)
20000f38:	46c0      	nop			@ (mov r8, r8)
20000f3a:	46c0      	nop			@ (mov r8, r8)
20000f3c:	46c0      	nop			@ (mov r8, r8)
20000f3e:	46c0      	nop			@ (mov r8, r8)
20000f40:	46c0      	nop			@ (mov r8, r8)
20000f42:	46c0      	nop			@ (mov r8, r8)
20000f44:	46c0      	nop			@ (mov r8, r8)
20000f46:	46c0      	nop			@ (mov r8, r8)
20000f48:	46c0      	nop			@ (mov r8, r8)
20000f4a:	46c0      	nop			@ (mov r8, r8)
20000f4c:	46c0      	nop			@ (mov r8, r8)
20000f4e:	46c0      	nop			@ (mov r8, r8)
20000f50:	46c0      	nop			@ (mov r8, r8)
20000f52:	46c0      	nop			@ (mov r8, r8)
20000f54:	6165      	str	r5, [r4, #20]
20000f56:	46c0      	nop			@ (mov r8, r8)
20000f58:	46c0      	nop			@ (mov r8, r8)
20000f5a:	46c0      	nop			@ (mov r8, r8)
20000f5c:	46c0      	nop			@ (mov r8, r8)
20000f5e:	46c0      	nop			@ (mov r8, r8)
20000f60:	46c0      	nop			@ (mov r8, r8)
20000f62:	bc80      	pop	{r7}
20000f64:	46b8      	mov	r8, r7
20000f66:	bdf0      	pop	{r4, r5, r6, r7, pc}
20000f68:	40040000 	.word	0x40040000

20000f6c <my_spi_to_esp_write_blocking>:
20000f6c:	b510      	push	{r4, lr}
20000f6e:	23d0      	movs	r3, #208	@ 0xd0
20000f70:	061b      	lsls	r3, r3, #24
20000f72:	2280      	movs	r2, #128	@ 0x80
20000f74:	01d2      	lsls	r2, r2, #7
20000f76:	615a      	str	r2, [r3, #20]
20000f78:	23d0      	movs	r3, #208	@ 0xd0
20000f7a:	061b      	lsls	r3, r3, #24
20000f7c:	685b      	ldr	r3, [r3, #4]
20000f7e:	041b      	lsls	r3, r3, #16
20000f80:	d5fa      	bpl.n	20000f78 <my_spi_to_esp_write_blocking+0xc>
20000f82:	23d0      	movs	r3, #208	@ 0xd0
20000f84:	061b      	lsls	r3, r3, #24
20000f86:	2280      	movs	r2, #128	@ 0x80
20000f88:	01d2      	lsls	r2, r2, #7
20000f8a:	619a      	str	r2, [r3, #24]
20000f8c:	f7ff ff70 	bl	20000e70 <my_spi_write_blocking>
20000f90:	bd10      	pop	{r4, pc}
	...

20000f94 <print_packet>:
20000f94:	b570      	push	{r4, r5, r6, lr}
20000f96:	46c6      	mov	lr, r8
20000f98:	b500      	push	{lr}
20000f9a:	b0cd      	sub	sp, #308	@ 0x134
20000f9c:	4b72      	ldr	r3, [pc, #456]	@ (20001168 <print_packet+0x1d4>)
20000f9e:	681c      	ldr	r4, [r3, #0]
20000fa0:	4d72      	ldr	r5, [pc, #456]	@ (2000116c <print_packet+0x1d8>)
20000fa2:	682b      	ldr	r3, [r5, #0]
20000fa4:	009b      	lsls	r3, r3, #2
20000fa6:	591a      	ldr	r2, [r3, r4]
20000fa8:	682b      	ldr	r3, [r5, #0]
20000faa:	3301      	adds	r3, #1
20000fac:	009b      	lsls	r3, r3, #2
20000fae:	5918      	ldr	r0, [r3, r4]
20000fb0:	4b6f      	ldr	r3, [pc, #444]	@ (20001170 <print_packet+0x1dc>)
20000fb2:	681b      	ldr	r3, [r3, #0]
20000fb4:	4b6f      	ldr	r3, [pc, #444]	@ (20001174 <print_packet+0x1e0>)
20000fb6:	681b      	ldr	r3, [r3, #0]
20000fb8:	1ac3      	subs	r3, r0, r3
20000fba:	9309      	str	r3, [sp, #36]	@ 0x24
20000fbc:	0411      	lsls	r1, r2, #16
20000fbe:	0c09      	lsrs	r1, r1, #16
20000fc0:	682b      	ldr	r3, [r5, #0]
20000fc2:	3302      	adds	r3, #2
20000fc4:	009b      	lsls	r3, r3, #2
20000fc6:	18e3      	adds	r3, r4, r3
20000fc8:	785b      	ldrb	r3, [r3, #1]
20000fca:	260f      	movs	r6, #15
20000fcc:	401e      	ands	r6, r3
20000fce:	46b4      	mov	ip, r6
20000fd0:	682b      	ldr	r3, [r5, #0]
20000fd2:	3302      	adds	r3, #2
20000fd4:	009b      	lsls	r3, r3, #2
20000fd6:	18e4      	adds	r4, r4, r3
20000fd8:	4b67      	ldr	r3, [pc, #412]	@ (20001178 <print_packet+0x1e4>)
20000fda:	601c      	str	r4, [r3, #0]
20000fdc:	4b67      	ldr	r3, [pc, #412]	@ (2000117c <print_packet+0x1e8>)
20000fde:	781b      	ldrb	r3, [r3, #0]
20000fe0:	2b00      	cmp	r3, #0
20000fe2:	d003      	beq.n	20000fec <print_packet+0x58>
20000fe4:	4b66      	ldr	r3, [pc, #408]	@ (20001180 <print_packet+0x1ec>)
20000fe6:	9d09      	ldr	r5, [sp, #36]	@ 0x24
20000fe8:	429d      	cmp	r5, r3
20000fea:	dc4f      	bgt.n	2000108c <print_packet+0xf8>
20000fec:	1ccb      	adds	r3, r1, #3
20000fee:	109b      	asrs	r3, r3, #2
20000ff0:	3302      	adds	r3, #2
20000ff2:	4d5e      	ldr	r5, [pc, #376]	@ (2000116c <print_packet+0x1d8>)
20000ff4:	682e      	ldr	r6, [r5, #0]
20000ff6:	46b0      	mov	r8, r6
20000ff8:	4443      	add	r3, r8
20000ffa:	602b      	str	r3, [r5, #0]
20000ffc:	4b5d      	ldr	r3, [pc, #372]	@ (20001174 <print_packet+0x1e0>)
20000ffe:	6018      	str	r0, [r3, #0]
20001000:	4b5e      	ldr	r3, [pc, #376]	@ (2000117c <print_packet+0x1e8>)
20001002:	2501      	movs	r5, #1
20001004:	701d      	strb	r5, [r3, #0]
20001006:	2380      	movs	r3, #128	@ 0x80
20001008:	045b      	lsls	r3, r3, #17
2000100a:	0015      	movs	r5, r2
2000100c:	401d      	ands	r5, r3
2000100e:	002e      	movs	r6, r5
20001010:	421a      	tst	r2, r3
20001012:	d001      	beq.n	20001018 <print_packet+0x84>
20001014:	2305      	movs	r3, #5
20001016:	469c      	mov	ip, r3
20001018:	4b5a      	ldr	r3, [pc, #360]	@ (20001184 <print_packet+0x1f0>)
2000101a:	681b      	ldr	r3, [r3, #0]
2000101c:	2b02      	cmp	r3, #2
2000101e:	d03a      	beq.n	20001096 <print_packet+0x102>
20001020:	4b58      	ldr	r3, [pc, #352]	@ (20001184 <print_packet+0x1f0>)
20001022:	681b      	ldr	r3, [r3, #0]
20001024:	2b01      	cmp	r3, #1
20001026:	d039      	beq.n	2000109c <print_packet+0x108>
20001028:	4b57      	ldr	r3, [pc, #348]	@ (20001188 <print_packet+0x1f4>)
2000102a:	781b      	ldrb	r3, [r3, #0]
2000102c:	b2dd      	uxtb	r5, r3
2000102e:	2b00      	cmp	r3, #0
20001030:	d007      	beq.n	20001042 <print_packet+0xae>
20001032:	4663      	mov	r3, ip
20001034:	2b05      	cmp	r3, #5
20001036:	d148      	bne.n	200010ca <print_packet+0x136>
20001038:	0213      	lsls	r3, r2, #8
2000103a:	d432      	bmi.n	200010a2 <print_packet+0x10e>
2000103c:	4b52      	ldr	r3, [pc, #328]	@ (20001188 <print_packet+0x1f4>)
2000103e:	2500      	movs	r5, #0
20001040:	701d      	strb	r5, [r3, #0]
20001042:	0213      	lsls	r3, r2, #8
20001044:	d503      	bpl.n	2000104e <print_packet+0xba>
20001046:	4b51      	ldr	r3, [pc, #324]	@ (2000118c <print_packet+0x1f8>)
20001048:	681b      	ldr	r3, [r3, #0]
2000104a:	2b00      	cmp	r3, #0
2000104c:	d02e      	beq.n	200010ac <print_packet+0x118>
2000104e:	0193      	lsls	r3, r2, #6
20001050:	d433      	bmi.n	200010ba <print_packet+0x126>
20001052:	2e00      	cmp	r6, #0
20001054:	d000      	beq.n	20001058 <print_packet+0xc4>
20001056:	e083      	b.n	20001160 <print_packet+0x1cc>
20001058:	2380      	movs	r3, #128	@ 0x80
2000105a:	04db      	lsls	r3, r3, #19
2000105c:	429a      	cmp	r2, r3
2000105e:	d300      	bcc.n	20001062 <print_packet+0xce>
20001060:	e080      	b.n	20001164 <print_packet+0x1d0>
20001062:	4663      	mov	r3, ip
20001064:	2b09      	cmp	r3, #9
20001066:	d038      	beq.n	200010da <print_packet+0x146>
20001068:	4b49      	ldr	r3, [pc, #292]	@ (20001190 <print_packet+0x1fc>)
2000106a:	781b      	ldrb	r3, [r3, #0]
2000106c:	2b00      	cmp	r3, #0
2000106e:	d008      	beq.n	20001082 <print_packet+0xee>
20001070:	4663      	mov	r3, ip
20001072:	2b03      	cmp	r3, #3
20001074:	d003      	beq.n	2000107e <print_packet+0xea>
20001076:	2b0b      	cmp	r3, #11
20001078:	d001      	beq.n	2000107e <print_packet+0xea>
2000107a:	2b07      	cmp	r3, #7
2000107c:	d101      	bne.n	20001082 <print_packet+0xee>
2000107e:	290c      	cmp	r1, #12
20001080:	d030      	beq.n	200010e4 <print_packet+0x150>
20001082:	4b43      	ldr	r3, [pc, #268]	@ (20001190 <print_packet+0x1fc>)
20001084:	2200      	movs	r2, #0
20001086:	701a      	strb	r2, [r3, #0]
20001088:	2501      	movs	r5, #1
2000108a:	e01e      	b.n	200010ca <print_packet+0x136>
2000108c:	4841      	ldr	r0, [pc, #260]	@ (20001194 <print_packet+0x200>)
2000108e:	f008 fb62 	bl	20009756 <__wrap_puts>
20001092:	2500      	movs	r5, #0
20001094:	e019      	b.n	200010ca <print_packet+0x136>
20001096:	4663      	mov	r3, ip
20001098:	2b05      	cmp	r3, #5
2000109a:	d1c1      	bne.n	20001020 <print_packet+0x8c>
2000109c:	4b34      	ldr	r3, [pc, #208]	@ (20001170 <print_packet+0x1dc>)
2000109e:	6018      	str	r0, [r3, #0]
200010a0:	e7c2      	b.n	20001028 <print_packet+0x94>
200010a2:	4a3d      	ldr	r2, [pc, #244]	@ (20001198 <print_packet+0x204>)
200010a4:	6813      	ldr	r3, [r2, #0]
200010a6:	3301      	adds	r3, #1
200010a8:	6013      	str	r3, [r2, #0]
200010aa:	e00e      	b.n	200010ca <print_packet+0x136>
200010ac:	4b36      	ldr	r3, [pc, #216]	@ (20001188 <print_packet+0x1f4>)
200010ae:	2201      	movs	r2, #1
200010b0:	701a      	strb	r2, [r3, #0]
200010b2:	4b39      	ldr	r3, [pc, #228]	@ (20001198 <print_packet+0x204>)
200010b4:	601a      	str	r2, [r3, #0]
200010b6:	2501      	movs	r5, #1
200010b8:	e007      	b.n	200010ca <print_packet+0x136>
200010ba:	4b32      	ldr	r3, [pc, #200]	@ (20001184 <print_packet+0x1f0>)
200010bc:	681b      	ldr	r3, [r3, #0]
200010be:	2b03      	cmp	r3, #3
200010c0:	d008      	beq.n	200010d4 <print_packet+0x140>
200010c2:	4b2e      	ldr	r3, [pc, #184]	@ (2000117c <print_packet+0x1e8>)
200010c4:	2200      	movs	r2, #0
200010c6:	701a      	strb	r2, [r3, #0]
200010c8:	2501      	movs	r5, #1
200010ca:	0028      	movs	r0, r5
200010cc:	b04d      	add	sp, #308	@ 0x134
200010ce:	bc40      	pop	{r6}
200010d0:	46b0      	mov	r8, r6
200010d2:	bd70      	pop	{r4, r5, r6, pc}
200010d4:	4b26      	ldr	r3, [pc, #152]	@ (20001170 <print_packet+0x1dc>)
200010d6:	6018      	str	r0, [r3, #0]
200010d8:	e7f3      	b.n	200010c2 <print_packet+0x12e>
200010da:	4b2d      	ldr	r3, [pc, #180]	@ (20001190 <print_packet+0x1fc>)
200010dc:	2201      	movs	r2, #1
200010de:	701a      	strb	r2, [r3, #0]
200010e0:	2501      	movs	r5, #1
200010e2:	e7f2      	b.n	200010ca <print_packet+0x136>
200010e4:	78e3      	ldrb	r3, [r4, #3]
200010e6:	021b      	lsls	r3, r3, #8
200010e8:	78a2      	ldrb	r2, [r4, #2]
200010ea:	4313      	orrs	r3, r2
200010ec:	227f      	movs	r2, #127	@ 0x7f
200010ee:	401a      	ands	r2, r3
200010f0:	0016      	movs	r6, r2
200010f2:	11db      	asrs	r3, r3, #7
200010f4:	220f      	movs	r2, #15
200010f6:	401a      	ands	r2, r3
200010f8:	920b      	str	r2, [sp, #44]	@ 0x2c
200010fa:	2580      	movs	r5, #128	@ 0x80
200010fc:	006d      	lsls	r5, r5, #1
200010fe:	002a      	movs	r2, r5
20001100:	2100      	movs	r1, #0
20001102:	a80c      	add	r0, sp, #48	@ 0x30
20001104:	f007 f83a 	bl	2000817c <__wrap_memset>
20001108:	78a3      	ldrb	r3, [r4, #2]
2000110a:	78e2      	ldrb	r2, [r4, #3]
2000110c:	7921      	ldrb	r1, [r4, #4]
2000110e:	4688      	mov	r8, r1
20001110:	7960      	ldrb	r0, [r4, #5]
20001112:	79a1      	ldrb	r1, [r4, #6]
20001114:	468c      	mov	ip, r1
20001116:	79e1      	ldrb	r1, [r4, #7]
20001118:	9109      	str	r1, [sp, #36]	@ 0x24
2000111a:	7a21      	ldrb	r1, [r4, #8]
2000111c:	910a      	str	r1, [sp, #40]	@ 0x28
2000111e:	7a64      	ldrb	r4, [r4, #9]
20001120:	0021      	movs	r1, r4
20001122:	ac0c      	add	r4, sp, #48	@ 0x30
20001124:	9107      	str	r1, [sp, #28]
20001126:	990a      	ldr	r1, [sp, #40]	@ 0x28
20001128:	9106      	str	r1, [sp, #24]
2000112a:	9909      	ldr	r1, [sp, #36]	@ 0x24
2000112c:	9105      	str	r1, [sp, #20]
2000112e:	4661      	mov	r1, ip
20001130:	9104      	str	r1, [sp, #16]
20001132:	9003      	str	r0, [sp, #12]
20001134:	4641      	mov	r1, r8
20001136:	9102      	str	r1, [sp, #8]
20001138:	9201      	str	r2, [sp, #4]
2000113a:	9300      	str	r3, [sp, #0]
2000113c:	9b0b      	ldr	r3, [sp, #44]	@ 0x2c
2000113e:	0032      	movs	r2, r6
20001140:	4916      	ldr	r1, [pc, #88]	@ (2000119c <print_packet+0x208>)
20001142:	0020      	movs	r0, r4
20001144:	f008 f90a 	bl	2000935c <__wrap_sprintf>
20001148:	0020      	movs	r0, r4
2000114a:	f008 fb04 	bl	20009756 <__wrap_puts>
2000114e:	0029      	movs	r1, r5
20001150:	0020      	movs	r0, r4
20001152:	f7ff ff0b 	bl	20000f6c <my_spi_to_esp_write_blocking>
20001156:	4a12      	ldr	r2, [pc, #72]	@ (200011a0 <print_packet+0x20c>)
20001158:	6813      	ldr	r3, [r2, #0]
2000115a:	3301      	adds	r3, #1
2000115c:	6013      	str	r3, [r2, #0]
2000115e:	e790      	b.n	20001082 <print_packet+0xee>
20001160:	2501      	movs	r5, #1
20001162:	e7b2      	b.n	200010ca <print_packet+0x136>
20001164:	2501      	movs	r5, #1
20001166:	e7b0      	b.n	200010ca <print_packet+0x136>
20001168:	2002f2f8 	.word	0x2002f2f8
2000116c:	2002f2d8 	.word	0x2002f2d8
20001170:	2002f2e8 	.word	0x2002f2e8
20001174:	2002f2e0 	.word	0x2002f2e0
20001178:	2002f2fc 	.word	0x2002f2fc
2000117c:	2003099e 	.word	0x2003099e
20001180:	00002710 	.word	0x00002710
20001184:	2000dad8 	.word	0x2000dad8
20001188:	2003099f 	.word	0x2003099f
2000118c:	2002f2d4 	.word	0x2002f2d4
20001190:	200309a2 	.word	0x200309a2
20001194:	2000b778 	.word	0x2000b778
20001198:	2002f2dc 	.word	0x2002f2dc
2000119c:	2000b7c0 	.word	0x2000b7c0
200011a0:	200308cc 	.word	0x200308cc

200011a4 <display_buffer>:
200011a4:	b570      	push	{r4, r5, r6, lr}
200011a6:	4b49      	ldr	r3, [pc, #292]	@ (200012cc <display_buffer+0x128>)
200011a8:	681a      	ldr	r2, [r3, #0]
200011aa:	4b49      	ldr	r3, [pc, #292]	@ (200012d0 <display_buffer+0x12c>)
200011ac:	58d3      	ldr	r3, [r2, r3]
200011ae:	2b00      	cmp	r3, #0
200011b0:	d021      	beq.n	200011f6 <display_buffer+0x52>
200011b2:	4848      	ldr	r0, [pc, #288]	@ (200012d4 <display_buffer+0x130>)
200011b4:	f008 facf 	bl	20009756 <__wrap_puts>
200011b8:	4b44      	ldr	r3, [pc, #272]	@ (200012cc <display_buffer+0x128>)
200011ba:	681b      	ldr	r3, [r3, #0]
200011bc:	6859      	ldr	r1, [r3, #4]
200011be:	4a46      	ldr	r2, [pc, #280]	@ (200012d8 <display_buffer+0x134>)
200011c0:	6011      	str	r1, [r2, #0]
200011c2:	685a      	ldr	r2, [r3, #4]
200011c4:	4b45      	ldr	r3, [pc, #276]	@ (200012dc <display_buffer+0x138>)
200011c6:	601a      	str	r2, [r3, #0]
200011c8:	4a45      	ldr	r2, [pc, #276]	@ (200012e0 <display_buffer+0x13c>)
200011ca:	2300      	movs	r3, #0
200011cc:	7013      	strb	r3, [r2, #0]
200011ce:	4a45      	ldr	r2, [pc, #276]	@ (200012e4 <display_buffer+0x140>)
200011d0:	2101      	movs	r1, #1
200011d2:	7011      	strb	r1, [r2, #0]
200011d4:	4a44      	ldr	r2, [pc, #272]	@ (200012e8 <display_buffer+0x144>)
200011d6:	6013      	str	r3, [r2, #0]
200011d8:	4a44      	ldr	r2, [pc, #272]	@ (200012ec <display_buffer+0x148>)
200011da:	6013      	str	r3, [r2, #0]
200011dc:	2400      	movs	r4, #0
200011de:	4b3b      	ldr	r3, [pc, #236]	@ (200012cc <display_buffer+0x128>)
200011e0:	681a      	ldr	r2, [r3, #0]
200011e2:	4b3b      	ldr	r3, [pc, #236]	@ (200012d0 <display_buffer+0x12c>)
200011e4:	58d3      	ldr	r3, [r2, r3]
200011e6:	42a3      	cmp	r3, r4
200011e8:	dd09      	ble.n	200011fe <display_buffer+0x5a>
200011ea:	f7ff fed3 	bl	20000f94 <print_packet>
200011ee:	2800      	cmp	r0, #0
200011f0:	d005      	beq.n	200011fe <display_buffer+0x5a>
200011f2:	3401      	adds	r4, #1
200011f4:	e7f3      	b.n	200011de <display_buffer+0x3a>
200011f6:	483e      	ldr	r0, [pc, #248]	@ (200012f0 <display_buffer+0x14c>)
200011f8:	f008 faad 	bl	20009756 <__wrap_puts>
200011fc:	e05d      	b.n	200012ba <display_buffer+0x116>
200011fe:	4b38      	ldr	r3, [pc, #224]	@ (200012e0 <display_buffer+0x13c>)
20001200:	781b      	ldrb	r3, [r3, #0]
20001202:	2b00      	cmp	r3, #0
20001204:	d003      	beq.n	2000120e <display_buffer+0x6a>
20001206:	4b38      	ldr	r3, [pc, #224]	@ (200012e8 <display_buffer+0x144>)
20001208:	681b      	ldr	r3, [r3, #0]
2000120a:	2b00      	cmp	r3, #0
2000120c:	d156      	bne.n	200012bc <display_buffer+0x118>
2000120e:	4c39      	ldr	r4, [pc, #228]	@ (200012f4 <display_buffer+0x150>)
20001210:	0020      	movs	r0, r4
20001212:	3028      	adds	r0, #40	@ 0x28
20001214:	f008 fa9f 	bl	20009756 <__wrap_puts>
20001218:	4d37      	ldr	r5, [pc, #220]	@ (200012f8 <display_buffer+0x154>)
2000121a:	0028      	movs	r0, r5
2000121c:	3044      	adds	r0, #68	@ 0x44
2000121e:	f008 fac9 	bl	200097b4 <__wrap_printf>
20001222:	4e2a      	ldr	r6, [pc, #168]	@ (200012cc <display_buffer+0x128>)
20001224:	6832      	ldr	r2, [r6, #0]
20001226:	4b35      	ldr	r3, [pc, #212]	@ (200012fc <display_buffer+0x158>)
20001228:	58d1      	ldr	r1, [r2, r3]
2000122a:	341c      	adds	r4, #28
2000122c:	0020      	movs	r0, r4
2000122e:	f008 fac1 	bl	200097b4 <__wrap_printf>
20001232:	0028      	movs	r0, r5
20001234:	304c      	adds	r0, #76	@ 0x4c
20001236:	f008 fabd 	bl	200097b4 <__wrap_printf>
2000123a:	4831      	ldr	r0, [pc, #196]	@ (20001300 <display_buffer+0x15c>)
2000123c:	f008 faba 	bl	200097b4 <__wrap_printf>
20001240:	6832      	ldr	r2, [r6, #0]
20001242:	4b30      	ldr	r3, [pc, #192]	@ (20001304 <display_buffer+0x160>)
20001244:	58d1      	ldr	r1, [r2, r3]
20001246:	0020      	movs	r0, r4
20001248:	f008 fab4 	bl	200097b4 <__wrap_printf>
2000124c:	0028      	movs	r0, r5
2000124e:	3058      	adds	r0, #88	@ 0x58
20001250:	f008 fab0 	bl	200097b4 <__wrap_printf>
20001254:	482a      	ldr	r0, [pc, #168]	@ (20001300 <display_buffer+0x15c>)
20001256:	f008 faad 	bl	200097b4 <__wrap_printf>
2000125a:	6832      	ldr	r2, [r6, #0]
2000125c:	4b1c      	ldr	r3, [pc, #112]	@ (200012d0 <display_buffer+0x12c>)
2000125e:	58d1      	ldr	r1, [r2, r3]
20001260:	0020      	movs	r0, r4
20001262:	f008 faa7 	bl	200097b4 <__wrap_printf>
20001266:	6832      	ldr	r2, [r6, #0]
20001268:	23fa      	movs	r3, #250	@ 0xfa
2000126a:	021b      	lsls	r3, r3, #8
2000126c:	5cd3      	ldrb	r3, [r2, r3]
2000126e:	2b00      	cmp	r3, #0
20001270:	d029      	beq.n	200012c6 <display_buffer+0x122>
20001272:	4825      	ldr	r0, [pc, #148]	@ (20001308 <display_buffer+0x164>)
20001274:	f008 fa9e 	bl	200097b4 <__wrap_printf>
20001278:	4c1f      	ldr	r4, [pc, #124]	@ (200012f8 <display_buffer+0x154>)
2000127a:	4821      	ldr	r0, [pc, #132]	@ (20001300 <display_buffer+0x15c>)
2000127c:	f008 fa9a 	bl	200097b4 <__wrap_printf>
20001280:	4e12      	ldr	r6, [pc, #72]	@ (200012cc <display_buffer+0x128>)
20001282:	6832      	ldr	r2, [r6, #0]
20001284:	4b21      	ldr	r3, [pc, #132]	@ (2000130c <display_buffer+0x168>)
20001286:	58d1      	ldr	r1, [r2, r3]
20001288:	4d21      	ldr	r5, [pc, #132]	@ (20001310 <display_buffer+0x16c>)
2000128a:	0028      	movs	r0, r5
2000128c:	f008 fa92 	bl	200097b4 <__wrap_printf>
20001290:	0020      	movs	r0, r4
20001292:	3064      	adds	r0, #100	@ 0x64
20001294:	f008 fa8e 	bl	200097b4 <__wrap_printf>
20001298:	4819      	ldr	r0, [pc, #100]	@ (20001300 <display_buffer+0x15c>)
2000129a:	f008 fa8b 	bl	200097b4 <__wrap_printf>
2000129e:	6832      	ldr	r2, [r6, #0]
200012a0:	4b1c      	ldr	r3, [pc, #112]	@ (20001314 <display_buffer+0x170>)
200012a2:	58d1      	ldr	r1, [r2, r3]
200012a4:	0028      	movs	r0, r5
200012a6:	f008 fa85 	bl	200097b4 <__wrap_printf>
200012aa:	0020      	movs	r0, r4
200012ac:	306c      	adds	r0, #108	@ 0x6c
200012ae:	f008 fa81 	bl	200097b4 <__wrap_printf>
200012b2:	0020      	movs	r0, r4
200012b4:	307c      	adds	r0, #124	@ 0x7c
200012b6:	f008 fa4e 	bl	20009756 <__wrap_puts>
200012ba:	bd70      	pop	{r4, r5, r6, pc}
200012bc:	4b0a      	ldr	r3, [pc, #40]	@ (200012e8 <display_buffer+0x144>)
200012be:	6818      	ldr	r0, [r3, #0]
200012c0:	f7ff fd1c 	bl	20000cfc <print_g_fold_count>
200012c4:	e7a3      	b.n	2000120e <display_buffer+0x6a>
200012c6:	4814      	ldr	r0, [pc, #80]	@ (20001318 <display_buffer+0x174>)
200012c8:	e7d4      	b.n	20001274 <display_buffer+0xd0>
200012ca:	46c0      	nop			@ (mov r8, r8)
200012cc:	2002f2f8 	.word	0x2002f2f8
200012d0:	0000fa08 	.word	0x0000fa08
200012d4:	2000b830 	.word	0x2000b830
200012d8:	2002f2e8 	.word	0x2002f2e8
200012dc:	2002f2e0 	.word	0x2002f2e0
200012e0:	2003099f 	.word	0x2003099f
200012e4:	2003099e 	.word	0x2003099e
200012e8:	2002f2dc 	.word	0x2002f2dc
200012ec:	2002f2d8 	.word	0x2002f2d8
200012f0:	2000b814 	.word	0x2000b814
200012f4:	2000b580 	.word	0x2000b580
200012f8:	2000b800 	.word	0x2000b800
200012fc:	0000fa0c 	.word	0x0000fa0c
20001300:	2000b854 	.word	0x2000b854
20001304:	0000fa10 	.word	0x0000fa10
20001308:	2000b7fc 	.word	0x2000b7fc
2000130c:	0000fa14 	.word	0x0000fa14
20001310:	2000b59c 	.word	0x2000b59c
20001314:	0000fa18 	.word	0x0000fa18
20001318:	2000b808 	.word	0x2000b808

2000131c <wait_esp_ready>:
2000131c:	b570      	push	{r4, r5, r6, lr}
2000131e:	0005      	movs	r5, r0
20001320:	f005 fad2 	bl	200068c8 <time_us_64>
20001324:	002a      	movs	r2, r5
20001326:	2300      	movs	r3, #0
20001328:	1880      	adds	r0, r0, r2
2000132a:	4159      	adcs	r1, r3
2000132c:	0004      	movs	r4, r0
2000132e:	000d      	movs	r5, r1
20001330:	23d0      	movs	r3, #208	@ 0xd0
20001332:	061b      	lsls	r3, r3, #24
20001334:	685b      	ldr	r3, [r3, #4]
20001336:	041b      	lsls	r3, r3, #16
20001338:	d408      	bmi.n	2000134c <wait_esp_ready+0x30>
2000133a:	f005 fac5 	bl	200068c8 <time_us_64>
2000133e:	42a9      	cmp	r1, r5
20001340:	d802      	bhi.n	20001348 <wait_esp_ready+0x2c>
20001342:	d1f5      	bne.n	20001330 <wait_esp_ready+0x14>
20001344:	42a0      	cmp	r0, r4
20001346:	d9f3      	bls.n	20001330 <wait_esp_ready+0x14>
20001348:	2000      	movs	r0, #0
2000134a:	e000      	b.n	2000134e <wait_esp_ready+0x32>
2000134c:	2001      	movs	r0, #1
2000134e:	bd70      	pop	{r4, r5, r6, pc}

20001350 <uart_resolve_rate>:
20001350:	b570      	push	{r4, r5, r6, lr}
20001352:	0004      	movs	r4, r0
20001354:	0008      	movs	r0, r1
20001356:	000d      	movs	r5, r1
20001358:	220c      	movs	r2, #12
2000135a:	2100      	movs	r1, #0
2000135c:	f006 ff0e 	bl	2000817c <__wrap_memset>
20001360:	230c      	movs	r3, #12
20001362:	2b00      	cmp	r3, #0
20001364:	db09      	blt.n	2000137a <uart_resolve_rate+0x2a>
20001366:	4a06      	ldr	r2, [pc, #24]	@ (20001380 <uart_resolve_rate+0x30>)
20001368:	0099      	lsls	r1, r3, #2
2000136a:	588a      	ldr	r2, [r1, r2]
2000136c:	42a2      	cmp	r2, r4
2000136e:	d901      	bls.n	20001374 <uart_resolve_rate+0x24>
20001370:	3b01      	subs	r3, #1
20001372:	e7f6      	b.n	20001362 <uart_resolve_rate+0x12>
20001374:	602a      	str	r2, [r5, #0]
20001376:	2001      	movs	r0, #1
20001378:	e000      	b.n	2000137c <uart_resolve_rate+0x2c>
2000137a:	2000      	movs	r0, #0
2000137c:	bd70      	pop	{r4, r5, r6, pc}
2000137e:	46c0      	nop			@ (mov r8, r8)
20001380:	2000b3d0 	.word	0x2000b3d0

20001384 <reinit_dbuff>:
20001384:	b510      	push	{r4, lr}
20001386:	0004      	movs	r4, r0
20001388:	23fa      	movs	r3, #250	@ 0xfa
2000138a:	021b      	lsls	r3, r3, #8
2000138c:	18c0      	adds	r0, r0, r3
2000138e:	221c      	movs	r2, #28
20001390:	2100      	movs	r1, #0
20001392:	f006 fef3 	bl	2000817c <__wrap_memset>
20001396:	f7ff f98d 	bl	200006b4 <capture_limit_value>
2000139a:	4b01      	ldr	r3, [pc, #4]	@ (200013a0 <reinit_dbuff+0x1c>)
2000139c:	50e0      	str	r0, [r4, r3]
2000139e:	bd10      	pop	{r4, pc}
200013a0:	0000fa04 	.word	0x0000fa04

200013a4 <spi_build_control>:
200013a4:	b570      	push	{r4, r5, r6, lr}
200013a6:	0006      	movs	r6, r0
200013a8:	000d      	movs	r5, r1
200013aa:	4c15      	ldr	r4, [pc, #84]	@ (20001400 <spi_build_control+0x5c>)
200013ac:	2280      	movs	r2, #128	@ 0x80
200013ae:	0052      	lsls	r2, r2, #1
200013b0:	2100      	movs	r1, #0
200013b2:	0020      	movs	r0, r4
200013b4:	f006 fee2 	bl	2000817c <__wrap_memset>
200013b8:	4b12      	ldr	r3, [pc, #72]	@ (20001404 <spi_build_control+0x60>)
200013ba:	6023      	str	r3, [r4, #0]
200013bc:	2303      	movs	r3, #3
200013be:	7123      	strb	r3, [r4, #4]
200013c0:	7166      	strb	r6, [r4, #5]
200013c2:	2307      	movs	r3, #7
200013c4:	71a3      	strb	r3, [r4, #6]
200013c6:	7225      	strb	r5, [r4, #8]
200013c8:	0a2b      	lsrs	r3, r5, #8
200013ca:	7263      	strb	r3, [r4, #9]
200013cc:	0c2b      	lsrs	r3, r5, #16
200013ce:	72a3      	strb	r3, [r4, #10]
200013d0:	0e2d      	lsrs	r5, r5, #24
200013d2:	72e5      	strb	r5, [r4, #11]
200013d4:	4b0c      	ldr	r3, [pc, #48]	@ (20001408 <spi_build_control+0x64>)
200013d6:	681b      	ldr	r3, [r3, #0]
200013d8:	7323      	strb	r3, [r4, #12]
200013da:	0a1a      	lsrs	r2, r3, #8
200013dc:	7362      	strb	r2, [r4, #13]
200013de:	0c1a      	lsrs	r2, r3, #16
200013e0:	73a2      	strb	r2, [r4, #14]
200013e2:	0e1b      	lsrs	r3, r3, #24
200013e4:	73e3      	strb	r3, [r4, #15]
200013e6:	3410      	adds	r4, #16
200013e8:	4b08      	ldr	r3, [pc, #32]	@ (2000140c <spi_build_control+0x68>)
200013ea:	0022      	movs	r2, r4
200013ec:	cb23      	ldmia	r3!, {r0, r1, r5}
200013ee:	c223      	stmia	r2!, {r0, r1, r5}
200013f0:	cb13      	ldmia	r3!, {r0, r1, r4}
200013f2:	c213      	stmia	r2!, {r0, r1, r4}
200013f4:	8819      	ldrh	r1, [r3, #0]
200013f6:	8011      	strh	r1, [r2, #0]
200013f8:	789b      	ldrb	r3, [r3, #2]
200013fa:	7093      	strb	r3, [r2, #2]
200013fc:	bd70      	pop	{r4, r5, r6, pc}
200013fe:	46c0      	nop			@ (mov r8, r8)
20001400:	20030758 	.word	0x20030758
20001404:	43484b4f 	.word	0x43484b4f
20001408:	2003044c 	.word	0x2003044c
2000140c:	2000b880 	.word	0x2000b880

20001410 <bench_build_pattern_frame>:
20001410:	b510      	push	{r4, lr}
20001412:	0004      	movs	r4, r0
20001414:	2100      	movs	r1, #0
20001416:	2003      	movs	r0, #3
20001418:	f7ff ffc4 	bl	200013a4 <spi_build_control>
2000141c:	4b03      	ldr	r3, [pc, #12]	@ (2000142c <bench_build_pattern_frame+0x1c>)
2000141e:	71dc      	strb	r4, [r3, #7]
20001420:	4a03      	ldr	r2, [pc, #12]	@ (20001430 <bench_build_pattern_frame+0x20>)
20001422:	7811      	ldrb	r1, [r2, #0]
20001424:	224f      	movs	r2, #79	@ 0x4f
20001426:	5499      	strb	r1, [r3, r2]
20001428:	bd10      	pop	{r4, pc}
2000142a:	46c0      	nop			@ (mov r8, r8)
2000142c:	20030758 	.word	0x20030758
20001430:	2003098f 	.word	0x2003098f

20001434 <ota_meta_read>:
20001434:	b510      	push	{r4, lr}
20001436:	2228      	movs	r2, #40	@ 0x28
20001438:	4901      	ldr	r1, [pc, #4]	@ (20001440 <ota_meta_read+0xc>)
2000143a:	f006 fea5 	bl	20008188 <__wrap___aeabi_memcpy>
2000143e:	bd10      	pop	{r4, pc}
20001440:	10300000 	.word	0x10300000

20001444 <report_ota_state>:
20001444:	b510      	push	{r4, lr}
20001446:	b08e      	sub	sp, #56	@ 0x38
20001448:	a804      	add	r0, sp, #16
2000144a:	f7ff fff3 	bl	20001434 <ota_meta_read>
2000144e:	2380      	movs	r3, #128	@ 0x80
20001450:	2280      	movs	r2, #128	@ 0x80
20001452:	4c18      	ldr	r4, [pc, #96]	@ (200014b4 <report_ota_state+0x70>)
20001454:	0020      	movs	r0, r4
20001456:	301c      	adds	r0, #28
20001458:	4917      	ldr	r1, [pc, #92]	@ (200014b8 <report_ota_state+0x74>)
2000145a:	9102      	str	r1, [sp, #8]
2000145c:	4917      	ldr	r1, [pc, #92]	@ (200014bc <report_ota_state+0x78>)
2000145e:	9101      	str	r1, [sp, #4]
20001460:	21c0      	movs	r1, #192	@ 0xc0
20001462:	0389      	lsls	r1, r1, #14
20001464:	9100      	str	r1, [sp, #0]
20001466:	039b      	lsls	r3, r3, #14
20001468:	0352      	lsls	r2, r2, #13
2000146a:	2100      	movs	r1, #0
2000146c:	f008 f9a2 	bl	200097b4 <__wrap_printf>
20001470:	f7fe ffae 	bl	200003d0 <ota_app_size>
20001474:	0001      	movs	r1, r0
20001476:	0020      	movs	r0, r4
20001478:	3074      	adds	r0, #116	@ 0x74
2000147a:	f008 f99b 	bl	200097b4 <__wrap_printf>
2000147e:	4b10      	ldr	r3, [pc, #64]	@ (200014c0 <report_ota_state+0x7c>)
20001480:	681b      	ldr	r3, [r3, #0]
20001482:	2b09      	cmp	r3, #9
20001484:	d900      	bls.n	20001488 <report_ota_state+0x44>
20001486:	2300      	movs	r3, #0
20001488:	4a0e      	ldr	r2, [pc, #56]	@ (200014c4 <report_ota_state+0x80>)
2000148a:	009b      	lsls	r3, r3, #2
2000148c:	5899      	ldr	r1, [r3, r2]
2000148e:	480e      	ldr	r0, [pc, #56]	@ (200014c8 <report_ota_state+0x84>)
20001490:	f008 f990 	bl	200097b4 <__wrap_printf>
20001494:	a804      	add	r0, sp, #16
20001496:	f7fe ffa5 	bl	200003e4 <ota_meta_valid>
2000149a:	2800      	cmp	r0, #0
2000149c:	d101      	bne.n	200014a2 <report_ota_state+0x5e>
2000149e:	b00e      	add	sp, #56	@ 0x38
200014a0:	bd10      	pop	{r4, pc}
200014a2:	9905      	ldr	r1, [sp, #20]
200014a4:	9a06      	ldr	r2, [sp, #24]
200014a6:	9b09      	ldr	r3, [sp, #36]	@ 0x24
200014a8:	9c0b      	ldr	r4, [sp, #44]	@ 0x2c
200014aa:	4808      	ldr	r0, [pc, #32]	@ (200014cc <report_ota_state+0x88>)
200014ac:	9400      	str	r4, [sp, #0]
200014ae:	f008 f981 	bl	200097b4 <__wrap_printf>
200014b2:	e7f4      	b.n	2000149e <report_ota_state+0x5a>
200014b4:	2000b880 	.word	0x2000b880
200014b8:	00601000 	.word	0x00601000
200014bc:	00301000 	.word	0x00301000
200014c0:	2002f328 	.word	0x2002f328
200014c4:	2000afd4 	.word	0x2000afd4
200014c8:	2000b910 	.word	0x2000b910
200014cc:	2000b928 	.word	0x2000b928

200014d0 <bench_build_variants>:
200014d0:	b570      	push	{r4, r5, r6, lr}
200014d2:	2100      	movs	r1, #0
200014d4:	2003      	movs	r0, #3
200014d6:	f7ff ff65 	bl	200013a4 <spi_build_control>
200014da:	4b17      	ldr	r3, [pc, #92]	@ (20001538 <bench_build_variants+0x68>)
200014dc:	4a17      	ldr	r2, [pc, #92]	@ (2000153c <bench_build_variants+0x6c>)
200014de:	7811      	ldrb	r1, [r2, #0]
200014e0:	224f      	movs	r2, #79	@ 0x4f
200014e2:	5499      	strb	r1, [r3, r2]
200014e4:	2400      	movs	r4, #0
200014e6:	e024      	b.n	20001532 <bench_build_variants+0x62>
200014e8:	25b0      	movs	r5, #176	@ 0xb0
200014ea:	4365      	muls	r5, r4
200014ec:	4b14      	ldr	r3, [pc, #80]	@ (20001540 <bench_build_variants+0x70>)
200014ee:	18ed      	adds	r5, r5, r3
200014f0:	4b12      	ldr	r3, [pc, #72]	@ (2000153c <bench_build_variants+0x6c>)
200014f2:	781a      	ldrb	r2, [r3, #0]
200014f4:	0312      	lsls	r2, r2, #12
200014f6:	0123      	lsls	r3, r4, #4
200014f8:	1b1b      	subs	r3, r3, r4
200014fa:	0159      	lsls	r1, r3, #5
200014fc:	185b      	adds	r3, r3, r1
200014fe:	011b      	lsls	r3, r3, #4
20001500:	1b1b      	subs	r3, r3, r4
20001502:	18d2      	adds	r2, r2, r3
20001504:	3201      	adds	r2, #1
20001506:	21b0      	movs	r1, #176	@ 0xb0
20001508:	0028      	movs	r0, r5
2000150a:	f7fe fe89 	bl	20000220 <spi_bench_fill_pattern>
2000150e:	4b0d      	ldr	r3, [pc, #52]	@ (20001544 <bench_build_variants+0x74>)
20001510:	22b0      	movs	r2, #176	@ 0xb0
20001512:	0029      	movs	r1, r5
20001514:	001d      	movs	r5, r3
20001516:	0018      	movs	r0, r3
20001518:	f006 fe36 	bl	20008188 <__wrap___aeabi_memcpy>
2000151c:	0029      	movs	r1, r5
2000151e:	3940      	subs	r1, #64	@ 0x40
20001520:	2001      	movs	r0, #1
20001522:	22d0      	movs	r2, #208	@ 0xd0
20001524:	4240      	negs	r0, r0
20001526:	f7fe ff25 	bl	20000374 <crc32_update>
2000152a:	4b07      	ldr	r3, [pc, #28]	@ (20001548 <bench_build_variants+0x78>)
2000152c:	00a2      	lsls	r2, r4, #2
2000152e:	5098      	str	r0, [r3, r2]
20001530:	3401      	adds	r4, #1
20001532:	2c07      	cmp	r4, #7
20001534:	d9d8      	bls.n	200014e8 <bench_build_variants+0x18>
20001536:	bd70      	pop	{r4, r5, r6, pc}
20001538:	20030758 	.word	0x20030758
2000153c:	2003098f 	.word	0x2003098f
20001540:	2000e74c 	.word	0x2000e74c
20001544:	200307a8 	.word	0x200307a8
20001548:	2000eccc 	.word	0x2000eccc

2000154c <bench_next_tx_frame>:
2000154c:	b570      	push	{r4, r5, r6, lr}
2000154e:	4b11      	ldr	r3, [pc, #68]	@ (20001594 <bench_next_tx_frame+0x48>)
20001550:	681e      	ldr	r6, [r3, #0]
20001552:	2507      	movs	r5, #7
20001554:	4035      	ands	r5, r6
20001556:	3601      	adds	r6, #1
20001558:	601e      	str	r6, [r3, #0]
2000155a:	21b0      	movs	r1, #176	@ 0xb0
2000155c:	4369      	muls	r1, r5
2000155e:	4b0e      	ldr	r3, [pc, #56]	@ (20001598 <bench_next_tx_frame+0x4c>)
20001560:	18c9      	adds	r1, r1, r3
20001562:	4c0e      	ldr	r4, [pc, #56]	@ (2000159c <bench_next_tx_frame+0x50>)
20001564:	22b0      	movs	r2, #176	@ 0xb0
20001566:	0020      	movs	r0, r4
20001568:	f006 fe0e 	bl	20008188 <__wrap___aeabi_memcpy>
2000156c:	0020      	movs	r0, r4
2000156e:	3848      	subs	r0, #72	@ 0x48
20001570:	0031      	movs	r1, r6
20001572:	f7fe ff57 	bl	20000424 <spi_put_u32>
20001576:	0021      	movs	r1, r4
20001578:	394c      	subs	r1, #76	@ 0x4c
2000157a:	4b09      	ldr	r3, [pc, #36]	@ (200015a0 <bench_next_tx_frame+0x54>)
2000157c:	00ad      	lsls	r5, r5, #2
2000157e:	58e8      	ldr	r0, [r5, r3]
20001580:	2208      	movs	r2, #8
20001582:	f7fe fef7 	bl	20000374 <crc32_update>
20001586:	43c1      	mvns	r1, r0
20001588:	0020      	movs	r0, r4
2000158a:	3844      	subs	r0, #68	@ 0x44
2000158c:	f7fe ff4a 	bl	20000424 <spi_put_u32>
20001590:	bd70      	pop	{r4, r5, r6, pc}
20001592:	46c0      	nop			@ (mov r8, r8)
20001594:	2000e748 	.word	0x2000e748
20001598:	2000e74c 	.word	0x2000e74c
2000159c:	200307a8 	.word	0x200307a8
200015a0:	2000eccc 	.word	0x2000eccc

200015a4 <my_spi_write_read_blocking>:
200015a4:	b570      	push	{r4, r5, r6, lr}
200015a6:	46ce      	mov	lr, r9
200015a8:	4646      	mov	r6, r8
200015aa:	b540      	push	{r6, lr}
200015ac:	4681      	mov	r9, r0
200015ae:	4688      	mov	r8, r1
200015b0:	0016      	movs	r6, r2
200015b2:	46c0      	nop			@ (mov r8, r8)
200015b4:	46c0      	nop			@ (mov r8, r8)
200015b6:	46c0      	nop			@ (mov r8, r8)
200015b8:	46c0      	nop			@ (mov r8, r8)
200015ba:	46c0      	nop			@ (mov r8, r8)
200015bc:	46c0      	nop			@ (mov r8, r8)
200015be:	24d0      	movs	r4, #208	@ 0xd0
200015c0:	0624      	lsls	r4, r4, #24
200015c2:	2580      	movs	r5, #128	@ 0x80
200015c4:	01ad      	lsls	r5, r5, #6
200015c6:	61a5      	str	r5, [r4, #24]
200015c8:	2019      	movs	r0, #25
200015ca:	f005 f99d 	bl	20006908 <busy_wait_us_32>
200015ce:	0033      	movs	r3, r6
200015d0:	4642      	mov	r2, r8
200015d2:	4649      	mov	r1, r9
200015d4:	4833      	ldr	r0, [pc, #204]	@ (200016a4 <my_spi_write_read_blocking+0x100>)
200015d6:	f009 fb2f 	bl	2000ac38 <spi_write_read_blocking>
200015da:	46c0      	nop			@ (mov r8, r8)
200015dc:	46c0      	nop			@ (mov r8, r8)
200015de:	46c0      	nop			@ (mov r8, r8)
200015e0:	46c0      	nop			@ (mov r8, r8)
200015e2:	46c0      	nop			@ (mov r8, r8)
200015e4:	46c0      	nop			@ (mov r8, r8)
200015e6:	46c0      	nop			@ (mov r8, r8)
200015e8:	46c0      	nop			@ (mov r8, r8)
200015ea:	46c0      	nop			@ (mov r8, r8)
200015ec:	46c0      	nop			@ (mov r8, r8)
200015ee:	46c0      	nop			@ (mov r8, r8)
200015f0:	46c0      	nop			@ (mov r8, r8)
200015f2:	46c0      	nop			@ (mov r8, r8)
200015f4:	46c0      	nop			@ (mov r8, r8)
200015f6:	46c0      	nop			@ (mov r8, r8)
200015f8:	46c0      	nop			@ (mov r8, r8)
200015fa:	46c0      	nop			@ (mov r8, r8)
200015fc:	46c0      	nop			@ (mov r8, r8)
200015fe:	46c0      	nop			@ (mov r8, r8)
20001600:	46c0      	nop			@ (mov r8, r8)
20001602:	46c0      	nop			@ (mov r8, r8)
20001604:	46c0      	nop			@ (mov r8, r8)
20001606:	46c0      	nop			@ (mov r8, r8)
20001608:	46c0      	nop			@ (mov r8, r8)
2000160a:	46c0      	nop			@ (mov r8, r8)
2000160c:	46c0      	nop			@ (mov r8, r8)
2000160e:	46c0      	nop			@ (mov r8, r8)
20001610:	46c0      	nop			@ (mov r8, r8)
20001612:	46c0      	nop			@ (mov r8, r8)
20001614:	46c0      	nop			@ (mov r8, r8)
20001616:	46c0      	nop			@ (mov r8, r8)
20001618:	46c0      	nop			@ (mov r8, r8)
2000161a:	46c0      	nop			@ (mov r8, r8)
2000161c:	46c0      	nop			@ (mov r8, r8)
2000161e:	46c0      	nop			@ (mov r8, r8)
20001620:	46c0      	nop			@ (mov r8, r8)
20001622:	46c0      	nop			@ (mov r8, r8)
20001624:	46c0      	nop			@ (mov r8, r8)
20001626:	46c0      	nop			@ (mov r8, r8)
20001628:	46c0      	nop			@ (mov r8, r8)
2000162a:	46c0      	nop			@ (mov r8, r8)
2000162c:	46c0      	nop			@ (mov r8, r8)
2000162e:	46c0      	nop			@ (mov r8, r8)
20001630:	46c0      	nop			@ (mov r8, r8)
20001632:	46c0      	nop			@ (mov r8, r8)
20001634:	46c0      	nop			@ (mov r8, r8)
20001636:	46c0      	nop			@ (mov r8, r8)
20001638:	46c0      	nop			@ (mov r8, r8)
2000163a:	46c0      	nop			@ (mov r8, r8)
2000163c:	46c0      	nop			@ (mov r8, r8)
2000163e:	46c0      	nop			@ (mov r8, r8)
20001640:	46c0      	nop			@ (mov r8, r8)
20001642:	46c0      	nop			@ (mov r8, r8)
20001644:	46c0      	nop			@ (mov r8, r8)
20001646:	46c0      	nop			@ (mov r8, r8)
20001648:	46c0      	nop			@ (mov r8, r8)
2000164a:	46c0      	nop			@ (mov r8, r8)
2000164c:	46c0      	nop			@ (mov r8, r8)
2000164e:	46c0      	nop			@ (mov r8, r8)
20001650:	46c0      	nop			@ (mov r8, r8)
20001652:	46c0      	nop			@ (mov r8, r8)
20001654:	46c0      	nop			@ (mov r8, r8)
20001656:	46c0      	nop			@ (mov r8, r8)
20001658:	46c0      	nop			@ (mov r8, r8)
2000165a:	46c0      	nop			@ (mov r8, r8)
2000165c:	46c0      	nop			@ (mov r8, r8)
2000165e:	46c0      	nop			@ (mov r8, r8)
20001660:	46c0      	nop			@ (mov r8, r8)
20001662:	46c0      	nop			@ (mov r8, r8)
20001664:	46c0      	nop			@ (mov r8, r8)
20001666:	46c0      	nop			@ (mov r8, r8)
20001668:	46c0      	nop			@ (mov r8, r8)
2000166a:	46c0      	nop			@ (mov r8, r8)
2000166c:	46c0      	nop			@ (mov r8, r8)
2000166e:	46c0      	nop			@ (mov r8, r8)
20001670:	46c0      	nop			@ (mov r8, r8)
20001672:	46c0      	nop			@ (mov r8, r8)
20001674:	46c0      	nop			@ (mov r8, r8)
20001676:	46c0      	nop			@ (mov r8, r8)
20001678:	46c0      	nop			@ (mov r8, r8)
2000167a:	46c0      	nop			@ (mov r8, r8)
2000167c:	46c0      	nop			@ (mov r8, r8)
2000167e:	46c0      	nop			@ (mov r8, r8)
20001680:	46c0      	nop			@ (mov r8, r8)
20001682:	46c0      	nop			@ (mov r8, r8)
20001684:	46c0      	nop			@ (mov r8, r8)
20001686:	46c0      	nop			@ (mov r8, r8)
20001688:	46c0      	nop			@ (mov r8, r8)
2000168a:	46c0      	nop			@ (mov r8, r8)
2000168c:	46c0      	nop			@ (mov r8, r8)
2000168e:	6165      	str	r5, [r4, #20]
20001690:	46c0      	nop			@ (mov r8, r8)
20001692:	46c0      	nop			@ (mov r8, r8)
20001694:	46c0      	nop			@ (mov r8, r8)
20001696:	46c0      	nop			@ (mov r8, r8)
20001698:	46c0      	nop			@ (mov r8, r8)
2000169a:	46c0      	nop			@ (mov r8, r8)
2000169c:	bc60      	pop	{r5, r6}
2000169e:	46b1      	mov	r9, r6
200016a0:	46a8      	mov	r8, r5
200016a2:	bd70      	pop	{r4, r5, r6, pc}
200016a4:	40040000 	.word	0x40040000

200016a8 <my_spi_to_esp_xfer_blocking>:
200016a8:	b570      	push	{r4, r5, r6, lr}
200016aa:	0004      	movs	r4, r0
200016ac:	000d      	movs	r5, r1
200016ae:	0016      	movs	r6, r2
200016b0:	23d0      	movs	r3, #208	@ 0xd0
200016b2:	061b      	lsls	r3, r3, #24
200016b4:	2180      	movs	r1, #128	@ 0x80
200016b6:	01c9      	lsls	r1, r1, #7
200016b8:	6159      	str	r1, [r3, #20]
200016ba:	20fa      	movs	r0, #250	@ 0xfa
200016bc:	00c0      	lsls	r0, r0, #3
200016be:	f7ff fe2d 	bl	2000131c <wait_esp_ready>
200016c2:	2800      	cmp	r0, #0
200016c4:	d00a      	beq.n	200016dc <my_spi_to_esp_xfer_blocking+0x34>
200016c6:	23d0      	movs	r3, #208	@ 0xd0
200016c8:	061b      	lsls	r3, r3, #24
200016ca:	2280      	movs	r2, #128	@ 0x80
200016cc:	01d2      	lsls	r2, r2, #7
200016ce:	619a      	str	r2, [r3, #24]
200016d0:	0032      	movs	r2, r6
200016d2:	0029      	movs	r1, r5
200016d4:	0020      	movs	r0, r4
200016d6:	f7ff ff65 	bl	200015a4 <my_spi_write_read_blocking>
200016da:	bd70      	pop	{r4, r5, r6, pc}
200016dc:	23d0      	movs	r3, #208	@ 0xd0
200016de:	061b      	lsls	r3, r3, #24
200016e0:	2280      	movs	r2, #128	@ 0x80
200016e2:	01d2      	lsls	r2, r2, #7
200016e4:	619a      	str	r2, [r3, #24]
200016e6:	3801      	subs	r0, #1
200016e8:	e7f7      	b.n	200016da <my_spi_to_esp_xfer_blocking+0x32>
	...

200016ec <spi_find_frame>:
200016ec:	b570      	push	{r4, r5, r6, lr}
200016ee:	0006      	movs	r6, r0
200016f0:	2400      	movs	r4, #0
200016f2:	e000      	b.n	200016f6 <spi_find_frame+0xa>
200016f4:	3401      	adds	r4, #1
200016f6:	2c20      	cmp	r4, #32
200016f8:	d80c      	bhi.n	20001714 <spi_find_frame+0x28>
200016fa:	1935      	adds	r5, r6, r4
200016fc:	4907      	ldr	r1, [pc, #28]	@ (2000171c <spi_find_frame+0x30>)
200016fe:	2204      	movs	r2, #4
20001700:	0028      	movs	r0, r5
20001702:	f008 ff79 	bl	2000a5f8 <memcmp>
20001706:	2800      	cmp	r0, #0
20001708:	d1f4      	bne.n	200016f4 <spi_find_frame+0x8>
2000170a:	1d23      	adds	r3, r4, #4
2000170c:	5cf3      	ldrb	r3, [r6, r3]
2000170e:	2b03      	cmp	r3, #3
20001710:	d1f0      	bne.n	200016f4 <spi_find_frame+0x8>
20001712:	e000      	b.n	20001716 <spi_find_frame+0x2a>
20001714:	2500      	movs	r5, #0
20001716:	0028      	movs	r0, r5
20001718:	bd70      	pop	{r4, r5, r6, pc}
2000171a:	46c0      	nop			@ (mov r8, r8)
2000171c:	2000b404 	.word	0x2000b404

20001720 <poll_esp>:
20001720:	b570      	push	{r4, r5, r6, lr}
20001722:	2100      	movs	r1, #0
20001724:	2001      	movs	r0, #1
20001726:	f7ff fe3d 	bl	200013a4 <spi_build_control>
2000172a:	4c7b      	ldr	r4, [pc, #492]	@ (20001918 <poll_esp+0x1f8>)
2000172c:	2580      	movs	r5, #128	@ 0x80
2000172e:	006d      	lsls	r5, r5, #1
20001730:	002a      	movs	r2, r5
20001732:	2100      	movs	r1, #0
20001734:	0020      	movs	r0, r4
20001736:	f006 fd21 	bl	2000817c <__wrap_memset>
2000173a:	4878      	ldr	r0, [pc, #480]	@ (2000191c <poll_esp+0x1fc>)
2000173c:	002a      	movs	r2, r5
2000173e:	0021      	movs	r1, r4
20001740:	f7ff ffb2 	bl	200016a8 <my_spi_to_esp_xfer_blocking>
20001744:	2800      	cmp	r0, #0
20001746:	da00      	bge.n	2000174a <poll_esp+0x2a>
20001748:	e0a3      	b.n	20001892 <poll_esp+0x172>
2000174a:	4873      	ldr	r0, [pc, #460]	@ (20001918 <poll_esp+0x1f8>)
2000174c:	f7ff ffce 	bl	200016ec <spi_find_frame>
20001750:	1e04      	subs	r4, r0, #0
20001752:	d100      	bne.n	20001756 <poll_esp+0x36>
20001754:	e0a9      	b.n	200018aa <poll_esp+0x18a>
20001756:	4b70      	ldr	r3, [pc, #448]	@ (20001918 <poll_esp+0x1f8>)
20001758:	1ac3      	subs	r3, r0, r3
2000175a:	4a71      	ldr	r2, [pc, #452]	@ (20001920 <poll_esp+0x200>)
2000175c:	6013      	str	r3, [r2, #0]
2000175e:	4a71      	ldr	r2, [pc, #452]	@ (20001924 <poll_esp+0x204>)
20001760:	6812      	ldr	r2, [r2, #0]
20001762:	4293      	cmp	r3, r2
20001764:	d201      	bcs.n	2000176a <poll_esp+0x4a>
20001766:	4a6f      	ldr	r2, [pc, #444]	@ (20001924 <poll_esp+0x204>)
20001768:	6013      	str	r3, [r2, #0]
2000176a:	4a6f      	ldr	r2, [pc, #444]	@ (20001928 <poll_esp+0x208>)
2000176c:	6812      	ldr	r2, [r2, #0]
2000176e:	4293      	cmp	r3, r2
20001770:	d901      	bls.n	20001776 <poll_esp+0x56>
20001772:	4a6d      	ldr	r2, [pc, #436]	@ (20001928 <poll_esp+0x208>)
20001774:	6013      	str	r3, [r2, #0]
20001776:	7963      	ldrb	r3, [r4, #5]
20001778:	3b01      	subs	r3, #1
2000177a:	b2db      	uxtb	r3, r3
2000177c:	2b01      	cmp	r3, #1
2000177e:	d900      	bls.n	20001782 <poll_esp+0x62>
20001780:	e0af      	b.n	200018e2 <poll_esp+0x1c2>
20001782:	79a2      	ldrb	r2, [r4, #6]
20001784:	4b69      	ldr	r3, [pc, #420]	@ (2000192c <poll_esp+0x20c>)
20001786:	701a      	strb	r2, [r3, #0]
20001788:	79e5      	ldrb	r5, [r4, #7]
2000178a:	07ab      	lsls	r3, r5, #30
2000178c:	0fdb      	lsrs	r3, r3, #31
2000178e:	4a68      	ldr	r2, [pc, #416]	@ (20001930 <poll_esp+0x210>)
20001790:	7013      	strb	r3, [r2, #0]
20001792:	076b      	lsls	r3, r5, #29
20001794:	0fdb      	lsrs	r3, r3, #31
20001796:	4a67      	ldr	r2, [pc, #412]	@ (20001934 <poll_esp+0x214>)
20001798:	7013      	strb	r3, [r2, #0]
2000179a:	06eb      	lsls	r3, r5, #27
2000179c:	0fdb      	lsrs	r3, r3, #31
2000179e:	4a66      	ldr	r2, [pc, #408]	@ (20001938 <poll_esp+0x218>)
200017a0:	7013      	strb	r3, [r2, #0]
200017a2:	0020      	movs	r0, r4
200017a4:	300c      	adds	r0, #12
200017a6:	f7fe fe31 	bl	2000040c <spi_get_u32>
200017aa:	4b64      	ldr	r3, [pc, #400]	@ (2000193c <poll_esp+0x21c>)
200017ac:	6018      	str	r0, [r3, #0]
200017ae:	0020      	movs	r0, r4
200017b0:	3010      	adds	r0, #16
200017b2:	f7fe fe2b 	bl	2000040c <spi_get_u32>
200017b6:	4b62      	ldr	r3, [pc, #392]	@ (20001940 <poll_esp+0x220>)
200017b8:	6018      	str	r0, [r3, #0]
200017ba:	2301      	movs	r3, #1
200017bc:	402b      	ands	r3, r5
200017be:	4a61      	ldr	r2, [pc, #388]	@ (20001944 <poll_esp+0x224>)
200017c0:	7013      	strb	r3, [r2, #0]
200017c2:	0020      	movs	r0, r4
200017c4:	3008      	adds	r0, #8
200017c6:	f7fe fe21 	bl	2000040c <spi_get_u32>
200017ca:	4b5f      	ldr	r3, [pc, #380]	@ (20001948 <poll_esp+0x228>)
200017cc:	6018      	str	r0, [r3, #0]
200017ce:	7ea2      	ldrb	r2, [r4, #26]
200017d0:	4b5e      	ldr	r3, [pc, #376]	@ (2000194c <poll_esp+0x22c>)
200017d2:	701a      	strb	r2, [r3, #0]
200017d4:	7ee2      	ldrb	r2, [r4, #27]
200017d6:	4b5e      	ldr	r3, [pc, #376]	@ (20001950 <poll_esp+0x230>)
200017d8:	701a      	strb	r2, [r3, #0]
200017da:	7f23      	ldrb	r3, [r4, #28]
200017dc:	7f62      	ldrb	r2, [r4, #29]
200017de:	0212      	lsls	r2, r2, #8
200017e0:	4313      	orrs	r3, r2
200017e2:	4a5c      	ldr	r2, [pc, #368]	@ (20001954 <poll_esp+0x234>)
200017e4:	8013      	strh	r3, [r2, #0]
200017e6:	7fa3      	ldrb	r3, [r4, #30]
200017e8:	7fe2      	ldrb	r2, [r4, #31]
200017ea:	0212      	lsls	r2, r2, #8
200017ec:	4313      	orrs	r3, r2
200017ee:	4a5a      	ldr	r2, [pc, #360]	@ (20001958 <poll_esp+0x238>)
200017f0:	8013      	strh	r3, [r2, #0]
200017f2:	2320      	movs	r3, #32
200017f4:	5ce2      	ldrb	r2, [r4, r3]
200017f6:	4b59      	ldr	r3, [pc, #356]	@ (2000195c <poll_esp+0x23c>)
200017f8:	701a      	strb	r2, [r3, #0]
200017fa:	0020      	movs	r0, r4
200017fc:	3024      	adds	r0, #36	@ 0x24
200017fe:	f7fe fe05 	bl	2000040c <spi_get_u32>
20001802:	4b57      	ldr	r3, [pc, #348]	@ (20001960 <poll_esp+0x240>)
20001804:	6018      	str	r0, [r3, #0]
20001806:	2328      	movs	r3, #40	@ 0x28
20001808:	5ce2      	ldrb	r2, [r4, r3]
2000180a:	4b56      	ldr	r3, [pc, #344]	@ (20001964 <poll_esp+0x244>)
2000180c:	701a      	strb	r2, [r3, #0]
2000180e:	2329      	movs	r3, #41	@ 0x29
20001810:	5ce2      	ldrb	r2, [r4, r3]
20001812:	4b55      	ldr	r3, [pc, #340]	@ (20001968 <poll_esp+0x248>)
20001814:	701a      	strb	r2, [r3, #0]
20001816:	232a      	movs	r3, #42	@ 0x2a
20001818:	5ce2      	ldrb	r2, [r4, r3]
2000181a:	4b54      	ldr	r3, [pc, #336]	@ (2000196c <poll_esp+0x24c>)
2000181c:	701a      	strb	r2, [r3, #0]
2000181e:	233c      	movs	r3, #60	@ 0x3c
20001820:	5ce3      	ldrb	r3, [r4, r3]
20001822:	223d      	movs	r2, #61	@ 0x3d
20001824:	5ca2      	ldrb	r2, [r4, r2]
20001826:	0212      	lsls	r2, r2, #8
20001828:	4313      	orrs	r3, r2
2000182a:	4a51      	ldr	r2, [pc, #324]	@ (20001970 <poll_esp+0x250>)
2000182c:	8013      	strh	r3, [r2, #0]
2000182e:	072d      	lsls	r5, r5, #28
20001830:	0fed      	lsrs	r5, r5, #31
20001832:	4b50      	ldr	r3, [pc, #320]	@ (20001974 <poll_esp+0x254>)
20001834:	701d      	strb	r5, [r3, #0]
20001836:	232b      	movs	r3, #43	@ 0x2b
20001838:	5ce2      	ldrb	r2, [r4, r3]
2000183a:	4b4f      	ldr	r3, [pc, #316]	@ (20001978 <poll_esp+0x258>)
2000183c:	701a      	strb	r2, [r3, #0]
2000183e:	232c      	movs	r3, #44	@ 0x2c
20001840:	5ce2      	ldrb	r2, [r4, r3]
20001842:	4b4e      	ldr	r3, [pc, #312]	@ (2000197c <poll_esp+0x25c>)
20001844:	701a      	strb	r2, [r3, #0]
20001846:	232d      	movs	r3, #45	@ 0x2d
20001848:	5ce2      	ldrb	r2, [r4, r3]
2000184a:	4b4d      	ldr	r3, [pc, #308]	@ (20001980 <poll_esp+0x260>)
2000184c:	701a      	strb	r2, [r3, #0]
2000184e:	232e      	movs	r3, #46	@ 0x2e
20001850:	5ce2      	ldrb	r2, [r4, r3]
20001852:	4b4c      	ldr	r3, [pc, #304]	@ (20001984 <poll_esp+0x264>)
20001854:	701a      	strb	r2, [r3, #0]
20001856:	232f      	movs	r3, #47	@ 0x2f
20001858:	5ce2      	ldrb	r2, [r4, r3]
2000185a:	4b4b      	ldr	r3, [pc, #300]	@ (20001988 <poll_esp+0x268>)
2000185c:	701a      	strb	r2, [r3, #0]
2000185e:	0020      	movs	r0, r4
20001860:	3030      	adds	r0, #48	@ 0x30
20001862:	f7fe fdd3 	bl	2000040c <spi_get_u32>
20001866:	4b49      	ldr	r3, [pc, #292]	@ (2000198c <poll_esp+0x26c>)
20001868:	6018      	str	r0, [r3, #0]
2000186a:	0020      	movs	r0, r4
2000186c:	3034      	adds	r0, #52	@ 0x34
2000186e:	f7fe fdcd 	bl	2000040c <spi_get_u32>
20001872:	4b47      	ldr	r3, [pc, #284]	@ (20001990 <poll_esp+0x270>)
20001874:	6018      	str	r0, [r3, #0]
20001876:	0020      	movs	r0, r4
20001878:	3038      	adds	r0, #56	@ 0x38
2000187a:	f7fe fdc7 	bl	2000040c <spi_get_u32>
2000187e:	4b45      	ldr	r3, [pc, #276]	@ (20001994 <poll_esp+0x274>)
20001880:	6018      	str	r0, [r3, #0]
20001882:	4b45      	ldr	r3, [pc, #276]	@ (20001998 <poll_esp+0x278>)
20001884:	2201      	movs	r2, #1
20001886:	701a      	strb	r2, [r3, #0]
20001888:	4a44      	ldr	r2, [pc, #272]	@ (2000199c <poll_esp+0x27c>)
2000188a:	6813      	ldr	r3, [r2, #0]
2000188c:	3301      	adds	r3, #1
2000188e:	6013      	str	r3, [r2, #0]
20001890:	bd70      	pop	{r4, r5, r6, pc}
20001892:	4b41      	ldr	r3, [pc, #260]	@ (20001998 <poll_esp+0x278>)
20001894:	2200      	movs	r2, #0
20001896:	701a      	strb	r2, [r3, #0]
20001898:	4a41      	ldr	r2, [pc, #260]	@ (200019a0 <poll_esp+0x280>)
2000189a:	6813      	ldr	r3, [r2, #0]
2000189c:	3301      	adds	r3, #1
2000189e:	6013      	str	r3, [r2, #0]
200018a0:	4a40      	ldr	r2, [pc, #256]	@ (200019a4 <poll_esp+0x284>)
200018a2:	6813      	ldr	r3, [r2, #0]
200018a4:	3301      	adds	r3, #1
200018a6:	6013      	str	r3, [r2, #0]
200018a8:	e7f2      	b.n	20001890 <poll_esp+0x170>
200018aa:	4b3b      	ldr	r3, [pc, #236]	@ (20001998 <poll_esp+0x278>)
200018ac:	2200      	movs	r2, #0
200018ae:	701a      	strb	r2, [r3, #0]
200018b0:	4a3b      	ldr	r2, [pc, #236]	@ (200019a0 <poll_esp+0x280>)
200018b2:	6813      	ldr	r3, [r2, #0]
200018b4:	3301      	adds	r3, #1
200018b6:	6013      	str	r3, [r2, #0]
200018b8:	4a3b      	ldr	r2, [pc, #236]	@ (200019a8 <poll_esp+0x288>)
200018ba:	6813      	ldr	r3, [r2, #0]
200018bc:	3301      	adds	r3, #1
200018be:	6013      	str	r3, [r2, #0]
200018c0:	4b3a      	ldr	r3, [pc, #232]	@ (200019ac <poll_esp+0x28c>)
200018c2:	4815      	ldr	r0, [pc, #84]	@ (20001918 <poll_esp+0x1f8>)
200018c4:	0001      	movs	r1, r0
200018c6:	c934      	ldmia	r1!, {r2, r4, r5}
200018c8:	c334      	stmia	r3!, {r2, r4, r5}
200018ca:	001a      	movs	r2, r3
200018cc:	680b      	ldr	r3, [r1, #0]
200018ce:	6013      	str	r3, [r2, #0]
200018d0:	23ff      	movs	r3, #255	@ 0xff
200018d2:	5cc2      	ldrb	r2, [r0, r3]
200018d4:	4b36      	ldr	r3, [pc, #216]	@ (200019b0 <poll_esp+0x290>)
200018d6:	701a      	strb	r2, [r3, #0]
200018d8:	f7fe fdac 	bl	20000434 <spi_frame_is_silent>
200018dc:	4b35      	ldr	r3, [pc, #212]	@ (200019b4 <poll_esp+0x294>)
200018de:	7018      	strb	r0, [r3, #0]
200018e0:	e7d6      	b.n	20001890 <poll_esp+0x170>
200018e2:	4b2d      	ldr	r3, [pc, #180]	@ (20001998 <poll_esp+0x278>)
200018e4:	2100      	movs	r1, #0
200018e6:	7019      	strb	r1, [r3, #0]
200018e8:	4a2d      	ldr	r2, [pc, #180]	@ (200019a0 <poll_esp+0x280>)
200018ea:	6813      	ldr	r3, [r2, #0]
200018ec:	3301      	adds	r3, #1
200018ee:	6013      	str	r3, [r2, #0]
200018f0:	4a2d      	ldr	r2, [pc, #180]	@ (200019a8 <poll_esp+0x288>)
200018f2:	6813      	ldr	r3, [r2, #0]
200018f4:	3301      	adds	r3, #1
200018f6:	6013      	str	r3, [r2, #0]
200018f8:	4b2c      	ldr	r3, [pc, #176]	@ (200019ac <poll_esp+0x28c>)
200018fa:	4a07      	ldr	r2, [pc, #28]	@ (20001918 <poll_esp+0x1f8>)
200018fc:	0014      	movs	r4, r2
200018fe:	cc61      	ldmia	r4!, {r0, r5, r6}
20001900:	c361      	stmia	r3!, {r0, r5, r6}
20001902:	0018      	movs	r0, r3
20001904:	6823      	ldr	r3, [r4, #0]
20001906:	6003      	str	r3, [r0, #0]
20001908:	23ff      	movs	r3, #255	@ 0xff
2000190a:	5cd2      	ldrb	r2, [r2, r3]
2000190c:	4b28      	ldr	r3, [pc, #160]	@ (200019b0 <poll_esp+0x290>)
2000190e:	701a      	strb	r2, [r3, #0]
20001910:	4b28      	ldr	r3, [pc, #160]	@ (200019b4 <poll_esp+0x294>)
20001912:	7019      	strb	r1, [r3, #0]
20001914:	e7bc      	b.n	20001890 <poll_esp+0x170>
20001916:	46c0      	nop			@ (mov r8, r8)
20001918:	20030658 	.word	0x20030658
2000191c:	20030758 	.word	0x20030758
20001920:	2002f288 	.word	0x2002f288
20001924:	2000dadc 	.word	0x2000dadc
20001928:	2002f28c 	.word	0x2002f28c
2000192c:	20030991 	.word	0x20030991
20001930:	20030996 	.word	0x20030996
20001934:	20030995 	.word	0x20030995
20001938:	20030997 	.word	0x20030997
2000193c:	2002f2bc 	.word	0x2002f2bc
20001940:	2002f2b8 	.word	0x2002f2b8
20001944:	2003098a 	.word	0x2003098a
20001948:	2002f280 	.word	0x2002f280
2000194c:	2003098f 	.word	0x2003098f
20001950:	2003098d 	.word	0x2003098d
20001954:	20030982 	.word	0x20030982
20001958:	20030980 	.word	0x20030980
2000195c:	2003098b 	.word	0x2003098b
20001960:	2002f284 	.word	0x2002f284
20001964:	20030990 	.word	0x20030990
20001968:	2003098e 	.word	0x2003098e
2000196c:	2003098c 	.word	0x2003098c
20001970:	20030984 	.word	0x20030984
20001974:	20030998 	.word	0x20030998
20001978:	2003099c 	.word	0x2003099c
2000197c:	2003099b 	.word	0x2003099b
20001980:	20030999 	.word	0x20030999
20001984:	2003099a 	.word	0x2003099a
20001988:	2003099d 	.word	0x2003099d
2000198c:	2002f2c8 	.word	0x2002f2c8
20001990:	2002f2c4 	.word	0x2002f2c4
20001994:	2002f2c0 	.word	0x2002f2c0
20001998:	20030994 	.word	0x20030994
2000199c:	2002f2ac 	.word	0x2002f2ac
200019a0:	2002f2a8 	.word	0x2002f2a8
200019a4:	2002f2b4 	.word	0x2002f2b4
200019a8:	2002f2a0 	.word	0x2002f2a0
200019ac:	2002f290 	.word	0x2002f290
200019b0:	20030993 	.word	0x20030993
200019b4:	20030992 	.word	0x20030992

200019b8 <uart_read_stats>:
200019b8:	b570      	push	{r4, r5, r6, lr}
200019ba:	2100      	movs	r1, #0
200019bc:	2001      	movs	r0, #1
200019be:	f7ff fcf1 	bl	200013a4 <spi_build_control>
200019c2:	4b0e      	ldr	r3, [pc, #56]	@ (200019fc <uart_read_stats+0x44>)
200019c4:	2480      	movs	r4, #128	@ 0x80
200019c6:	0064      	lsls	r4, r4, #1
200019c8:	0022      	movs	r2, r4
200019ca:	2100      	movs	r1, #0
200019cc:	001d      	movs	r5, r3
200019ce:	0018      	movs	r0, r3
200019d0:	f006 fbd4 	bl	2000817c <__wrap_memset>
200019d4:	480a      	ldr	r0, [pc, #40]	@ (20001a00 <uart_read_stats+0x48>)
200019d6:	0022      	movs	r2, r4
200019d8:	0029      	movs	r1, r5
200019da:	f7ff fe65 	bl	200016a8 <my_spi_to_esp_xfer_blocking>
200019de:	2800      	cmp	r0, #0
200019e0:	db08      	blt.n	200019f4 <uart_read_stats+0x3c>
200019e2:	4806      	ldr	r0, [pc, #24]	@ (200019fc <uart_read_stats+0x44>)
200019e4:	f7ff fe82 	bl	200016ec <spi_find_frame>
200019e8:	2800      	cmp	r0, #0
200019ea:	d002      	beq.n	200019f2 <uart_read_stats+0x3a>
200019ec:	7943      	ldrb	r3, [r0, #5]
200019ee:	2b04      	cmp	r3, #4
200019f0:	d102      	bne.n	200019f8 <uart_read_stats+0x40>
200019f2:	bd70      	pop	{r4, r5, r6, pc}
200019f4:	2000      	movs	r0, #0
200019f6:	e7fc      	b.n	200019f2 <uart_read_stats+0x3a>
200019f8:	2000      	movs	r0, #0
200019fa:	e7fa      	b.n	200019f2 <uart_read_stats+0x3a>
200019fc:	20030658 	.word	0x20030658
20001a00:	20030758 	.word	0x20030758

20001a04 <ota_fetch_block>:
20001a04:	b570      	push	{r4, r5, r6, lr}
20001a06:	46c6      	mov	lr, r8
20001a08:	b500      	push	{lr}
20001a0a:	b083      	sub	sp, #12
20001a0c:	0006      	movs	r6, r0
20001a0e:	9100      	str	r1, [sp, #0]
20001a10:	9201      	str	r2, [sp, #4]
20001a12:	2500      	movs	r5, #0
20001a14:	e000      	b.n	20001a18 <ota_fetch_block+0x14>
20001a16:	3501      	adds	r5, #1
20001a18:	2d17      	cmp	r5, #23
20001a1a:	dc37      	bgt.n	20001a8c <ota_fetch_block+0x88>
20001a1c:	0031      	movs	r1, r6
20001a1e:	2002      	movs	r0, #2
20001a20:	f7ff fcc0 	bl	200013a4 <spi_build_control>
20001a24:	4c1a      	ldr	r4, [pc, #104]	@ (20001a90 <ota_fetch_block+0x8c>)
20001a26:	2380      	movs	r3, #128	@ 0x80
20001a28:	005b      	lsls	r3, r3, #1
20001a2a:	4698      	mov	r8, r3
20001a2c:	001a      	movs	r2, r3
20001a2e:	2100      	movs	r1, #0
20001a30:	0020      	movs	r0, r4
20001a32:	f006 fba3 	bl	2000817c <__wrap_memset>
20001a36:	4817      	ldr	r0, [pc, #92]	@ (20001a94 <ota_fetch_block+0x90>)
20001a38:	4642      	mov	r2, r8
20001a3a:	0021      	movs	r1, r4
20001a3c:	f7ff fe34 	bl	200016a8 <my_spi_to_esp_xfer_blocking>
20001a40:	2800      	cmp	r0, #0
20001a42:	dbe8      	blt.n	20001a16 <ota_fetch_block+0x12>
20001a44:	4812      	ldr	r0, [pc, #72]	@ (20001a90 <ota_fetch_block+0x8c>)
20001a46:	f7ff fe51 	bl	200016ec <spi_find_frame>
20001a4a:	1e04      	subs	r4, r0, #0
20001a4c:	d0e3      	beq.n	20001a16 <ota_fetch_block+0x12>
20001a4e:	7943      	ldrb	r3, [r0, #5]
20001a50:	2b02      	cmp	r3, #2
20001a52:	d1e0      	bne.n	20001a16 <ota_fetch_block+0x12>
20001a54:	3014      	adds	r0, #20
20001a56:	f7fe fcd9 	bl	2000040c <spi_get_u32>
20001a5a:	42b0      	cmp	r0, r6
20001a5c:	d1db      	bne.n	20001a16 <ota_fetch_block+0x12>
20001a5e:	7e22      	ldrb	r2, [r4, #24]
20001a60:	7e63      	ldrb	r3, [r4, #25]
20001a62:	021b      	lsls	r3, r3, #8
20001a64:	431a      	orrs	r2, r3
20001a66:	4690      	mov	r8, r2
20001a68:	0013      	movs	r3, r2
20001a6a:	3b01      	subs	r3, #1
20001a6c:	b29b      	uxth	r3, r3
20001a6e:	2b7f      	cmp	r3, #127	@ 0x7f
20001a70:	d8d1      	bhi.n	20001a16 <ota_fetch_block+0x12>
20001a72:	0021      	movs	r1, r4
20001a74:	3160      	adds	r1, #96	@ 0x60
20001a76:	9800      	ldr	r0, [sp, #0]
20001a78:	f006 fb86 	bl	20008188 <__wrap___aeabi_memcpy>
20001a7c:	9b01      	ldr	r3, [sp, #4]
20001a7e:	4642      	mov	r2, r8
20001a80:	801a      	strh	r2, [r3, #0]
20001a82:	2001      	movs	r0, #1
20001a84:	b003      	add	sp, #12
20001a86:	bc40      	pop	{r6}
20001a88:	46b0      	mov	r8, r6
20001a8a:	bd70      	pop	{r4, r5, r6, pc}
20001a8c:	2000      	movs	r0, #0
20001a8e:	e7f9      	b.n	20001a84 <ota_fetch_block+0x80>
20001a90:	20030658 	.word	0x20030658
20001a94:	20030758 	.word	0x20030758

20001a98 <uart_bench_feed>:
20001a98:	b570      	push	{r4, r5, r6, lr}
20001a9a:	46ce      	mov	lr, r9
20001a9c:	4646      	mov	r6, r8
20001a9e:	b540      	push	{r6, lr}
20001aa0:	b082      	sub	sp, #8
20001aa2:	9200      	str	r2, [sp, #0]
20001aa4:	001e      	movs	r6, r3
20001aa6:	780b      	ldrb	r3, [r1, #0]
20001aa8:	2b03      	cmp	r3, #3
20001aaa:	d819      	bhi.n	20001ae0 <uart_bench_feed+0x48>
20001aac:	4a35      	ldr	r2, [pc, #212]	@ (20001b84 <uart_bench_feed+0xec>)
20001aae:	5cd2      	ldrb	r2, [r2, r3]
20001ab0:	4282      	cmp	r2, r0
20001ab2:	d010      	beq.n	20001ad6 <uart_bench_feed+0x3e>
20001ab4:	9b08      	ldr	r3, [sp, #32]
20001ab6:	6a1b      	ldr	r3, [r3, #32]
20001ab8:	3301      	adds	r3, #1
20001aba:	9a08      	ldr	r2, [sp, #32]
20001abc:	6213      	str	r3, [r2, #32]
20001abe:	780b      	ldrb	r3, [r1, #0]
20001ac0:	2b00      	cmp	r3, #0
20001ac2:	d035      	beq.n	20001b30 <uart_bench_feed+0x98>
20001ac4:	2300      	movs	r3, #0
20001ac6:	700b      	strb	r3, [r1, #0]
20001ac8:	284f      	cmp	r0, #79	@ 0x4f
20001aca:	d131      	bne.n	20001b30 <uart_bench_feed+0x98>
20001acc:	3301      	adds	r3, #1
20001ace:	700b      	strb	r3, [r1, #0]
20001ad0:	4b2d      	ldr	r3, [pc, #180]	@ (20001b88 <uart_bench_feed+0xf0>)
20001ad2:	7018      	strb	r0, [r3, #0]
20001ad4:	e02c      	b.n	20001b30 <uart_bench_feed+0x98>
20001ad6:	1c5a      	adds	r2, r3, #1
20001ad8:	700a      	strb	r2, [r1, #0]
20001ada:	4a2b      	ldr	r2, [pc, #172]	@ (20001b88 <uart_bench_feed+0xf0>)
20001adc:	54d0      	strb	r0, [r2, r3]
20001ade:	e027      	b.n	20001b30 <uart_bench_feed+0x98>
20001ae0:	1c5a      	adds	r2, r3, #1
20001ae2:	700a      	strb	r2, [r1, #0]
20001ae4:	4a28      	ldr	r2, [pc, #160]	@ (20001b88 <uart_bench_feed+0xf0>)
20001ae6:	54d0      	strb	r0, [r2, r3]
20001ae8:	780b      	ldrb	r3, [r1, #0]
20001aea:	2b3b      	cmp	r3, #59	@ 0x3b
20001aec:	d920      	bls.n	20001b30 <uart_bench_feed+0x98>
20001aee:	2300      	movs	r3, #0
20001af0:	700b      	strb	r3, [r1, #0]
20001af2:	4b26      	ldr	r3, [pc, #152]	@ (20001b8c <uart_bench_feed+0xf4>)
20001af4:	001c      	movs	r4, r3
20001af6:	0018      	movs	r0, r3
20001af8:	f7fe fc88 	bl	2000040c <spi_get_u32>
20001afc:	9001      	str	r0, [sp, #4]
20001afe:	2134      	movs	r1, #52	@ 0x34
20001b00:	0020      	movs	r0, r4
20001b02:	f7fe fc53 	bl	200003ac <crc32_buffer>
20001b06:	0005      	movs	r5, r0
20001b08:	0023      	movs	r3, r4
20001b0a:	3334      	adds	r3, #52	@ 0x34
20001b0c:	0018      	movs	r0, r3
20001b0e:	f7fe fc7d 	bl	2000040c <spi_get_u32>
20001b12:	4680      	mov	r8, r0
20001b14:	1a2b      	subs	r3, r5, r0
20001b16:	425a      	negs	r2, r3
20001b18:	4153      	adcs	r3, r2
20001b1a:	b2db      	uxtb	r3, r3
20001b1c:	4699      	mov	r9, r3
20001b1e:	4285      	cmp	r5, r0
20001b20:	d00b      	beq.n	20001b3a <uart_bench_feed+0xa2>
20001b22:	4545      	cmp	r5, r8
20001b24:	d027      	beq.n	20001b76 <uart_bench_feed+0xde>
20001b26:	9b08      	ldr	r3, [sp, #32]
20001b28:	691b      	ldr	r3, [r3, #16]
20001b2a:	3301      	adds	r3, #1
20001b2c:	9a08      	ldr	r2, [sp, #32]
20001b2e:	6113      	str	r3, [r2, #16]
20001b30:	b002      	add	sp, #8
20001b32:	bc60      	pop	{r5, r6}
20001b34:	46b1      	mov	r9, r6
20001b36:	46a8      	mov	r8, r5
20001b38:	bd70      	pop	{r4, r5, r6, pc}
20001b3a:	9a00      	ldr	r2, [sp, #0]
20001b3c:	9b01      	ldr	r3, [sp, #4]
20001b3e:	469c      	mov	ip, r3
20001b40:	4462      	add	r2, ip
20001b42:	4b13      	ldr	r3, [pc, #76]	@ (20001b90 <uart_bench_feed+0xf8>)
20001b44:	2130      	movs	r1, #48	@ 0x30
20001b46:	001c      	movs	r4, r3
20001b48:	0018      	movs	r0, r3
20001b4a:	f7fe fb69 	bl	20000220 <spi_bench_fill_pattern>
20001b4e:	4911      	ldr	r1, [pc, #68]	@ (20001b94 <uart_bench_feed+0xfc>)
20001b50:	2230      	movs	r2, #48	@ 0x30
20001b52:	0020      	movs	r0, r4
20001b54:	f008 fd50 	bl	2000a5f8 <memcmp>
20001b58:	2800      	cmp	r0, #0
20001b5a:	d0e2      	beq.n	20001b22 <uart_bench_feed+0x8a>
20001b5c:	2300      	movs	r3, #0
20001b5e:	4699      	mov	r9, r3
20001b60:	464b      	mov	r3, r9
20001b62:	2b00      	cmp	r3, #0
20001b64:	d0df      	beq.n	20001b26 <uart_bench_feed+0x8e>
20001b66:	9a01      	ldr	r2, [sp, #4]
20001b68:	6032      	str	r2, [r6, #0]
20001b6a:	9b08      	ldr	r3, [sp, #32]
20001b6c:	68db      	ldr	r3, [r3, #12]
20001b6e:	3301      	adds	r3, #1
20001b70:	9a08      	ldr	r2, [sp, #32]
20001b72:	60d3      	str	r3, [r2, #12]
20001b74:	e7dc      	b.n	20001b30 <uart_bench_feed+0x98>
20001b76:	6833      	ldr	r3, [r6, #0]
20001b78:	9a01      	ldr	r2, [sp, #4]
20001b7a:	4293      	cmp	r3, r2
20001b7c:	d3f0      	bcc.n	20001b60 <uart_bench_feed+0xc8>
20001b7e:	2b00      	cmp	r3, #0
20001b80:	d1d1      	bne.n	20001b26 <uart_bench_feed+0x8e>
20001b82:	e7ed      	b.n	20001b60 <uart_bench_feed+0xc8>
20001b84:	2000b3cc 	.word	0x2000b3cc
20001b88:	20030908 	.word	0x20030908
20001b8c:	2003090c 	.word	0x2003090c
20001b90:	200308d4 	.word	0x200308d4
20001b94:	20030910 	.word	0x20030910

20001b98 <st_refresh_peer>:
20001b98:	b570      	push	{r4, r5, r6, lr}
20001b9a:	2500      	movs	r5, #0
20001b9c:	e000      	b.n	20001ba0 <st_refresh_peer+0x8>
20001b9e:	3501      	adds	r5, #1
20001ba0:	2d07      	cmp	r5, #7
20001ba2:	dc22      	bgt.n	20001bea <st_refresh_peer+0x52>
20001ba4:	f005 f96c 	bl	20006e80 <watchdog_update>
20001ba8:	2100      	movs	r1, #0
20001baa:	2001      	movs	r0, #1
20001bac:	f7ff fbfa 	bl	200013a4 <spi_build_control>
20001bb0:	4c0f      	ldr	r4, [pc, #60]	@ (20001bf0 <st_refresh_peer+0x58>)
20001bb2:	2680      	movs	r6, #128	@ 0x80
20001bb4:	0076      	lsls	r6, r6, #1
20001bb6:	0032      	movs	r2, r6
20001bb8:	2100      	movs	r1, #0
20001bba:	0020      	movs	r0, r4
20001bbc:	f006 fade 	bl	2000817c <__wrap_memset>
20001bc0:	480c      	ldr	r0, [pc, #48]	@ (20001bf4 <st_refresh_peer+0x5c>)
20001bc2:	0032      	movs	r2, r6
20001bc4:	0021      	movs	r1, r4
20001bc6:	f7ff fd6f 	bl	200016a8 <my_spi_to_esp_xfer_blocking>
20001bca:	2800      	cmp	r0, #0
20001bcc:	dbe7      	blt.n	20001b9e <st_refresh_peer+0x6>
20001bce:	4808      	ldr	r0, [pc, #32]	@ (20001bf0 <st_refresh_peer+0x58>)
20001bd0:	f7ff fd8c 	bl	200016ec <spi_find_frame>
20001bd4:	2800      	cmp	r0, #0
20001bd6:	d0e2      	beq.n	20001b9e <st_refresh_peer+0x6>
20001bd8:	7943      	ldrb	r3, [r0, #5]
20001bda:	2b01      	cmp	r3, #1
20001bdc:	d1df      	bne.n	20001b9e <st_refresh_peer+0x6>
20001bde:	332d      	adds	r3, #45	@ 0x2d
20001be0:	5cc2      	ldrb	r2, [r0, r3]
20001be2:	4b05      	ldr	r3, [pc, #20]	@ (20001bf8 <st_refresh_peer+0x60>)
20001be4:	701a      	strb	r2, [r3, #0]
20001be6:	2001      	movs	r0, #1
20001be8:	bd70      	pop	{r4, r5, r6, pc}
20001bea:	2000      	movs	r0, #0
20001bec:	e7fc      	b.n	20001be8 <st_refresh_peer+0x50>
20001bee:	46c0      	nop			@ (mov r8, r8)
20001bf0:	20030658 	.word	0x20030658
20001bf4:	20030758 	.word	0x20030758
20001bf8:	2003099a 	.word	0x2003099a

20001bfc <st_send>:
20001bfc:	b570      	push	{r4, r5, r6, lr}
20001bfe:	46de      	mov	lr, fp
20001c00:	4656      	mov	r6, sl
20001c02:	464d      	mov	r5, r9
20001c04:	4644      	mov	r4, r8
20001c06:	b570      	push	{r4, r5, r6, lr}
20001c08:	b084      	sub	sp, #16
20001c0a:	9000      	str	r0, [sp, #0]
20001c0c:	9101      	str	r1, [sp, #4]
20001c0e:	9202      	str	r2, [sp, #8]
20001c10:	9303      	str	r3, [sp, #12]
20001c12:	ab0c      	add	r3, sp, #48	@ 0x30
20001c14:	cb10      	ldmia	r3!, {r4}
20001c16:	781b      	ldrb	r3, [r3, #0]
20001c18:	469b      	mov	fp, r3
20001c1a:	4a41      	ldr	r2, [pc, #260]	@ (20001d20 <st_send+0x124>)
20001c1c:	7813      	ldrb	r3, [r2, #0]
20001c1e:	3301      	adds	r3, #1
20001c20:	b2db      	uxtb	r3, r3
20001c22:	7013      	strb	r3, [r2, #0]
20001c24:	2b00      	cmp	r3, #0
20001c26:	d102      	bne.n	20001c2e <st_send+0x32>
20001c28:	0013      	movs	r3, r2
20001c2a:	2201      	movs	r2, #1
20001c2c:	701a      	strb	r2, [r3, #0]
20001c2e:	4b3c      	ldr	r3, [pc, #240]	@ (20001d20 <st_send+0x124>)
20001c30:	781b      	ldrb	r3, [r3, #0]
20001c32:	469a      	mov	sl, r3
20001c34:	2300      	movs	r3, #0
20001c36:	4698      	mov	r8, r3
20001c38:	e03f      	b.n	20001cba <st_send+0xbe>
20001c3a:	2000      	movs	r0, #0
20001c3c:	e005      	b.n	20001c4a <st_send+0x4e>
20001c3e:	3301      	adds	r3, #1
20001c40:	2b23      	cmp	r3, #35	@ 0x23
20001c42:	d80d      	bhi.n	20001c60 <st_send+0x64>
20001c44:	2c00      	cmp	r4, #0
20001c46:	d0f8      	beq.n	20001c3a <st_send+0x3e>
20001c48:	5ce0      	ldrb	r0, [r4, r3]
20001c4a:	001a      	movs	r2, r3
20001c4c:	32a4      	adds	r2, #164	@ 0xa4
20001c4e:	4935      	ldr	r1, [pc, #212]	@ (20001d24 <st_send+0x128>)
20001c50:	5488      	strb	r0, [r1, r2]
20001c52:	2c00      	cmp	r4, #0
20001c54:	d0f3      	beq.n	20001c3e <st_send+0x42>
20001c56:	5ce2      	ldrb	r2, [r4, r3]
20001c58:	2a00      	cmp	r2, #0
20001c5a:	d1f0      	bne.n	20001c3e <st_send+0x42>
20001c5c:	2400      	movs	r4, #0
20001c5e:	e7ee      	b.n	20001c3e <st_send+0x42>
20001c60:	4d31      	ldr	r5, [pc, #196]	@ (20001d28 <st_send+0x12c>)
20001c62:	21c4      	movs	r1, #196	@ 0xc4
20001c64:	0028      	movs	r0, r5
20001c66:	f7fe fba1 	bl	200003ac <crc32_buffer>
20001c6a:	0001      	movs	r1, r0
20001c6c:	0028      	movs	r0, r5
20001c6e:	30c4      	adds	r0, #196	@ 0xc4
20001c70:	f7fe fbd8 	bl	20000424 <spi_put_u32>
20001c74:	4e2d      	ldr	r6, [pc, #180]	@ (20001d2c <st_send+0x130>)
20001c76:	2380      	movs	r3, #128	@ 0x80
20001c78:	005b      	lsls	r3, r3, #1
20001c7a:	4699      	mov	r9, r3
20001c7c:	001a      	movs	r2, r3
20001c7e:	2100      	movs	r1, #0
20001c80:	0030      	movs	r0, r6
20001c82:	f006 fa7b 	bl	2000817c <__wrap_memset>
20001c86:	1f28      	subs	r0, r5, #4
20001c88:	464a      	mov	r2, r9
20001c8a:	0031      	movs	r1, r6
20001c8c:	f7ff fd0c 	bl	200016a8 <my_spi_to_esp_xfer_blocking>
20001c90:	2800      	cmp	r0, #0
20001c92:	db0f      	blt.n	20001cb4 <st_send+0xb8>
20001c94:	4825      	ldr	r0, [pc, #148]	@ (20001d2c <st_send+0x130>)
20001c96:	f7ff fd29 	bl	200016ec <spi_find_frame>
20001c9a:	2800      	cmp	r0, #0
20001c9c:	d00a      	beq.n	20001cb4 <st_send+0xb8>
20001c9e:	7943      	ldrb	r3, [r0, #5]
20001ca0:	2b01      	cmp	r3, #1
20001ca2:	d107      	bne.n	20001cb4 <st_send+0xb8>
20001ca4:	332d      	adds	r3, #45	@ 0x2d
20001ca6:	5cc2      	ldrb	r2, [r0, r3]
20001ca8:	4b21      	ldr	r3, [pc, #132]	@ (20001d30 <st_send+0x134>)
20001caa:	701a      	strb	r2, [r3, #0]
20001cac:	2323      	movs	r3, #35	@ 0x23
20001cae:	5cc3      	ldrb	r3, [r0, r3]
20001cb0:	4553      	cmp	r3, sl
20001cb2:	d033      	beq.n	20001d1c <st_send+0x120>
20001cb4:	2301      	movs	r3, #1
20001cb6:	469c      	mov	ip, r3
20001cb8:	44e0      	add	r8, ip
20001cba:	4643      	mov	r3, r8
20001cbc:	2b17      	cmp	r3, #23
20001cbe:	dc21      	bgt.n	20001d04 <st_send+0x108>
20001cc0:	f005 f8de 	bl	20006e80 <watchdog_update>
20001cc4:	2100      	movs	r1, #0
20001cc6:	2006      	movs	r0, #6
20001cc8:	f7ff fb6c 	bl	200013a4 <spi_build_control>
20001ccc:	4d15      	ldr	r5, [pc, #84]	@ (20001d24 <st_send+0x128>)
20001cce:	4b19      	ldr	r3, [pc, #100]	@ (20001d34 <st_send+0x138>)
20001cd0:	781a      	ldrb	r2, [r3, #0]
20001cd2:	234f      	movs	r3, #79	@ 0x4f
20001cd4:	54ea      	strb	r2, [r5, r3]
20001cd6:	4653      	mov	r3, sl
20001cd8:	72ab      	strb	r3, [r5, #10]
20001cda:	2398      	movs	r3, #152	@ 0x98
20001cdc:	9a00      	ldr	r2, [sp, #0]
20001cde:	54ea      	strb	r2, [r5, r3]
20001ce0:	3301      	adds	r3, #1
20001ce2:	9a01      	ldr	r2, [sp, #4]
20001ce4:	54ea      	strb	r2, [r5, r3]
20001ce6:	3301      	adds	r3, #1
20001ce8:	465a      	mov	r2, fp
20001cea:	54ea      	strb	r2, [r5, r3]
20001cec:	0028      	movs	r0, r5
20001cee:	309c      	adds	r0, #156	@ 0x9c
20001cf0:	9902      	ldr	r1, [sp, #8]
20001cf2:	f7fe fb97 	bl	20000424 <spi_put_u32>
20001cf6:	0028      	movs	r0, r5
20001cf8:	30a0      	adds	r0, #160	@ 0xa0
20001cfa:	9903      	ldr	r1, [sp, #12]
20001cfc:	f7fe fb92 	bl	20000424 <spi_put_u32>
20001d00:	2300      	movs	r3, #0
20001d02:	e79d      	b.n	20001c40 <st_send+0x44>
20001d04:	4b0c      	ldr	r3, [pc, #48]	@ (20001d38 <st_send+0x13c>)
20001d06:	2201      	movs	r2, #1
20001d08:	701a      	strb	r2, [r3, #0]
20001d0a:	2001      	movs	r0, #1
20001d0c:	4240      	negs	r0, r0
20001d0e:	b004      	add	sp, #16
20001d10:	bc78      	pop	{r3, r4, r5, r6}
20001d12:	46b3      	mov	fp, r6
20001d14:	46aa      	mov	sl, r5
20001d16:	46a1      	mov	r9, r4
20001d18:	4698      	mov	r8, r3
20001d1a:	bd70      	pop	{r4, r5, r6, pc}
20001d1c:	2000      	movs	r0, #0
20001d1e:	e7f6      	b.n	20001d0e <st_send+0x112>
20001d20:	200309a5 	.word	0x200309a5
20001d24:	20030758 	.word	0x20030758
20001d28:	2003075c 	.word	0x2003075c
20001d2c:	20030658 	.word	0x20030658
20001d30:	2003099a 	.word	0x2003099a
20001d34:	2003099c 	.word	0x2003099c
20001d38:	200309a4 	.word	0x200309a4

20001d3c <uart_setup_peer>:
20001d3c:	b570      	push	{r4, r5, r6, lr}
20001d3e:	46de      	mov	lr, fp
20001d40:	4656      	mov	r6, sl
20001d42:	464d      	mov	r5, r9
20001d44:	4644      	mov	r4, r8
20001d46:	b570      	push	{r4, r5, r6, lr}
20001d48:	4681      	mov	r9, r0
20001d4a:	468b      	mov	fp, r1
20001d4c:	4692      	mov	sl, r2
20001d4e:	4a30      	ldr	r2, [pc, #192]	@ (20001e10 <uart_setup_peer+0xd4>)
20001d50:	7813      	ldrb	r3, [r2, #0]
20001d52:	3301      	adds	r3, #1
20001d54:	7013      	strb	r3, [r2, #0]
20001d56:	2600      	movs	r6, #0
20001d58:	e002      	b.n	20001d60 <uart_setup_peer+0x24>
20001d5a:	2b00      	cmp	r3, #0
20001d5c:	d151      	bne.n	20001e02 <uart_setup_peer+0xc6>
20001d5e:	3601      	adds	r6, #1
20001d60:	2e95      	cmp	r6, #149	@ 0x95
20001d62:	dc4d      	bgt.n	20001e00 <uart_setup_peer+0xc4>
20001d64:	f005 f88c 	bl	20006e80 <watchdog_update>
20001d68:	2100      	movs	r1, #0
20001d6a:	2005      	movs	r0, #5
20001d6c:	f7ff fb1a 	bl	200013a4 <spi_build_control>
20001d70:	4c28      	ldr	r4, [pc, #160]	@ (20001e14 <uart_setup_peer+0xd8>)
20001d72:	4b29      	ldr	r3, [pc, #164]	@ (20001e18 <uart_setup_peer+0xdc>)
20001d74:	781a      	ldrb	r2, [r3, #0]
20001d76:	234f      	movs	r3, #79	@ 0x4f
20001d78:	54e2      	strb	r2, [r4, r3]
20001d7a:	0020      	movs	r0, r4
20001d7c:	3050      	adds	r0, #80	@ 0x50
20001d7e:	4649      	mov	r1, r9
20001d80:	f7fe fb50 	bl	20000424 <spi_put_u32>
20001d84:	0020      	movs	r0, r4
20001d86:	3054      	adds	r0, #84	@ 0x54
20001d88:	4659      	mov	r1, fp
20001d8a:	f7fe fb4b 	bl	20000424 <spi_put_u32>
20001d8e:	4b20      	ldr	r3, [pc, #128]	@ (20001e10 <uart_setup_peer+0xd4>)
20001d90:	781a      	ldrb	r2, [r3, #0]
20001d92:	2358      	movs	r3, #88	@ 0x58
20001d94:	54e2      	strb	r2, [r4, r3]
20001d96:	3301      	adds	r3, #1
20001d98:	4652      	mov	r2, sl
20001d9a:	54e2      	strb	r2, [r4, r3]
20001d9c:	1d20      	adds	r0, r4, #4
20001d9e:	21c4      	movs	r1, #196	@ 0xc4
20001da0:	f7fe fb04 	bl	200003ac <crc32_buffer>
20001da4:	0001      	movs	r1, r0
20001da6:	0020      	movs	r0, r4
20001da8:	30c8      	adds	r0, #200	@ 0xc8
20001daa:	f7fe fb3b 	bl	20000424 <spi_put_u32>
20001dae:	4d1b      	ldr	r5, [pc, #108]	@ (20001e1c <uart_setup_peer+0xe0>)
20001db0:	2380      	movs	r3, #128	@ 0x80
20001db2:	005b      	lsls	r3, r3, #1
20001db4:	4698      	mov	r8, r3
20001db6:	001a      	movs	r2, r3
20001db8:	2100      	movs	r1, #0
20001dba:	0028      	movs	r0, r5
20001dbc:	f006 f9de 	bl	2000817c <__wrap_memset>
20001dc0:	4642      	mov	r2, r8
20001dc2:	0029      	movs	r1, r5
20001dc4:	0020      	movs	r0, r4
20001dc6:	f7ff fc6f 	bl	200016a8 <my_spi_to_esp_xfer_blocking>
20001dca:	2800      	cmp	r0, #0
20001dcc:	dbc7      	blt.n	20001d5e <uart_setup_peer+0x22>
20001dce:	4813      	ldr	r0, [pc, #76]	@ (20001e1c <uart_setup_peer+0xe0>)
20001dd0:	f7ff fc8c 	bl	200016ec <spi_find_frame>
20001dd4:	2800      	cmp	r0, #0
20001dd6:	d0c2      	beq.n	20001d5e <uart_setup_peer+0x22>
20001dd8:	7943      	ldrb	r3, [r0, #5]
20001dda:	2b04      	cmp	r3, #4
20001ddc:	d1bf      	bne.n	20001d5e <uart_setup_peer+0x22>
20001dde:	7a42      	ldrb	r2, [r0, #9]
20001de0:	0013      	movs	r3, r2
20001de2:	1e59      	subs	r1, r3, #1
20001de4:	418b      	sbcs	r3, r1
20001de6:	b2db      	uxtb	r3, r3
20001de8:	7a00      	ldrb	r0, [r0, #8]
20001dea:	4909      	ldr	r1, [pc, #36]	@ (20001e10 <uart_setup_peer+0xd4>)
20001dec:	7809      	ldrb	r1, [r1, #0]
20001dee:	4288      	cmp	r0, r1
20001df0:	d1b5      	bne.n	20001d5e <uart_setup_peer+0x22>
20001df2:	4649      	mov	r1, r9
20001df4:	2900      	cmp	r1, #0
20001df6:	d1b0      	bne.n	20001d5a <uart_setup_peer+0x1e>
20001df8:	4253      	negs	r3, r2
20001dfa:	415a      	adcs	r2, r3
20001dfc:	b2d3      	uxtb	r3, r2
20001dfe:	e7ac      	b.n	20001d5a <uart_setup_peer+0x1e>
20001e00:	2300      	movs	r3, #0
20001e02:	0018      	movs	r0, r3
20001e04:	bc78      	pop	{r3, r4, r5, r6}
20001e06:	46b3      	mov	fp, r6
20001e08:	46aa      	mov	sl, r5
20001e0a:	46a1      	mov	r9, r4
20001e0c:	4698      	mov	r8, r3
20001e0e:	bd70      	pop	{r4, r5, r6, pc}
20001e10:	200309a6 	.word	0x200309a6
20001e14:	20030758 	.word	0x20030758
20001e18:	2003098f 	.word	0x2003098f
20001e1c:	20030658 	.word	0x20030658

20001e20 <bench_warmup>:
20001e20:	b570      	push	{r4, r5, r6, lr}
20001e22:	20ff      	movs	r0, #255	@ 0xff
20001e24:	f7ff faf4 	bl	20001410 <bench_build_pattern_frame>
20001e28:	2500      	movs	r5, #0
20001e2a:	e000      	b.n	20001e2e <bench_warmup+0xe>
20001e2c:	3501      	adds	r5, #1
20001e2e:	2d3f      	cmp	r5, #63	@ 0x3f
20001e30:	dc1c      	bgt.n	20001e6c <bench_warmup+0x4c>
20001e32:	f005 f825 	bl	20006e80 <watchdog_update>
20001e36:	f7ff fb89 	bl	2000154c <bench_next_tx_frame>
20001e3a:	4c0d      	ldr	r4, [pc, #52]	@ (20001e70 <bench_warmup+0x50>)
20001e3c:	2680      	movs	r6, #128	@ 0x80
20001e3e:	0076      	lsls	r6, r6, #1
20001e40:	0032      	movs	r2, r6
20001e42:	2100      	movs	r1, #0
20001e44:	0020      	movs	r0, r4
20001e46:	f006 f999 	bl	2000817c <__wrap_memset>
20001e4a:	480a      	ldr	r0, [pc, #40]	@ (20001e74 <bench_warmup+0x54>)
20001e4c:	0032      	movs	r2, r6
20001e4e:	0021      	movs	r1, r4
20001e50:	f7ff fc2a 	bl	200016a8 <my_spi_to_esp_xfer_blocking>
20001e54:	2800      	cmp	r0, #0
20001e56:	dbe9      	blt.n	20001e2c <bench_warmup+0xc>
20001e58:	4805      	ldr	r0, [pc, #20]	@ (20001e70 <bench_warmup+0x50>)
20001e5a:	f7ff fc47 	bl	200016ec <spi_find_frame>
20001e5e:	2800      	cmp	r0, #0
20001e60:	d0e4      	beq.n	20001e2c <bench_warmup+0xc>
20001e62:	f7fe fb2d 	bl	200004c0 <bench_frame_is_ours>
20001e66:	2800      	cmp	r0, #0
20001e68:	d0e0      	beq.n	20001e2c <bench_warmup+0xc>
20001e6a:	bd70      	pop	{r4, r5, r6, pc}
20001e6c:	2000      	movs	r0, #0
20001e6e:	e7fc      	b.n	20001e6a <bench_warmup+0x4a>
20001e70:	20030658 	.word	0x20030658
20001e74:	20030758 	.word	0x20030758

20001e78 <capture_note_idle>:
20001e78:	b510      	push	{r4, lr}
20001e7a:	4a14      	ldr	r2, [pc, #80]	@ (20001ecc <capture_note_idle+0x54>)
20001e7c:	6813      	ldr	r3, [r2, #0]
20001e7e:	3301      	adds	r3, #1
20001e80:	6013      	str	r3, [r2, #0]
20001e82:	2280      	movs	r2, #128	@ 0x80
20001e84:	0152      	lsls	r2, r2, #5
20001e86:	4293      	cmp	r3, r2
20001e88:	d200      	bcs.n	20001e8c <capture_note_idle+0x14>
20001e8a:	bd10      	pop	{r4, pc}
20001e8c:	4b0f      	ldr	r3, [pc, #60]	@ (20001ecc <capture_note_idle+0x54>)
20001e8e:	2200      	movs	r2, #0
20001e90:	601a      	str	r2, [r3, #0]
20001e92:	f004 fff5 	bl	20006e80 <watchdog_update>
20001e96:	4b0e      	ldr	r3, [pc, #56]	@ (20001ed0 <capture_note_idle+0x58>)
20001e98:	781b      	ldrb	r3, [r3, #0]
20001e9a:	2b00      	cmp	r3, #0
20001e9c:	d0f5      	beq.n	20001e8a <capture_note_idle+0x12>
20001e9e:	4b0d      	ldr	r3, [pc, #52]	@ (20001ed4 <capture_note_idle+0x5c>)
20001ea0:	6a9b      	ldr	r3, [r3, #40]	@ 0x28
20001ea2:	4a0d      	ldr	r2, [pc, #52]	@ (20001ed8 <capture_note_idle+0x60>)
20001ea4:	6812      	ldr	r2, [r2, #0]
20001ea6:	1a9b      	subs	r3, r3, r2
20001ea8:	4a0c      	ldr	r2, [pc, #48]	@ (20001edc <capture_note_idle+0x64>)
20001eaa:	4293      	cmp	r3, r2
20001eac:	d9ed      	bls.n	20001e8a <capture_note_idle+0x12>
20001eae:	4b08      	ldr	r3, [pc, #32]	@ (20001ed0 <capture_note_idle+0x58>)
20001eb0:	2200      	movs	r2, #0
20001eb2:	701a      	strb	r2, [r3, #0]
20001eb4:	2196      	movs	r1, #150	@ 0x96
20001eb6:	480a      	ldr	r0, [pc, #40]	@ (20001ee0 <capture_note_idle+0x68>)
20001eb8:	0049      	lsls	r1, r1, #1
20001eba:	f007 fc7b 	bl	200097b4 <__wrap_printf>
20001ebe:	2200      	movs	r2, #0
20001ec0:	2100      	movs	r1, #0
20001ec2:	2000      	movs	r0, #0
20001ec4:	f005 f836 	bl	20006f34 <watchdog_reboot>
20001ec8:	e7fe      	b.n	20001ec8 <capture_note_idle+0x50>
20001eca:	46c0      	nop			@ (mov r8, r8)
20001ecc:	2000fdf4 	.word	0x2000fdf4
20001ed0:	20030989 	.word	0x20030989
20001ed4:	40054000 	.word	0x40054000
20001ed8:	2000fdf8 	.word	0x2000fdf8
20001edc:	11e1a300 	.word	0x11e1a300
20001ee0:	2000b96c 	.word	0x2000b96c

20001ee4 <capture_note_traffic>:
20001ee4:	b510      	push	{r4, lr}
20001ee6:	4b06      	ldr	r3, [pc, #24]	@ (20001f00 <capture_note_traffic+0x1c>)
20001ee8:	2200      	movs	r2, #0
20001eea:	601a      	str	r2, [r3, #0]
20001eec:	f004 ffc8 	bl	20006e80 <watchdog_update>
20001ef0:	4b04      	ldr	r3, [pc, #16]	@ (20001f04 <capture_note_traffic+0x20>)
20001ef2:	6a9a      	ldr	r2, [r3, #40]	@ 0x28
20001ef4:	4b04      	ldr	r3, [pc, #16]	@ (20001f08 <capture_note_traffic+0x24>)
20001ef6:	601a      	str	r2, [r3, #0]
20001ef8:	4b04      	ldr	r3, [pc, #16]	@ (20001f0c <capture_note_traffic+0x28>)
20001efa:	2201      	movs	r2, #1
20001efc:	701a      	strb	r2, [r3, #0]
20001efe:	bd10      	pop	{r4, pc}
20001f00:	2000fdf4 	.word	0x2000fdf4
20001f04:	40054000 	.word	0x40054000
20001f08:	2000fdf8 	.word	0x2000fdf8
20001f0c:	20030989 	.word	0x20030989

20001f10 <st_blink_led>:
20001f10:	b510      	push	{r4, lr}
20001f12:	201a      	movs	r0, #26
20001f14:	f003 fc42 	bl	2000579c <gpio_init>
20001f18:	23d0      	movs	r3, #208	@ 0xd0
20001f1a:	061b      	lsls	r3, r3, #24
20001f1c:	2280      	movs	r2, #128	@ 0x80
20001f1e:	04d2      	lsls	r2, r2, #19
20001f20:	625a      	str	r2, [r3, #36]	@ 0x24
20001f22:	2400      	movs	r4, #0
20001f24:	e008      	b.n	20001f38 <st_blink_led+0x28>
20001f26:	23d0      	movs	r3, #208	@ 0xd0
20001f28:	061b      	lsls	r3, r3, #24
20001f2a:	2280      	movs	r2, #128	@ 0x80
20001f2c:	04d2      	lsls	r2, r2, #19
20001f2e:	619a      	str	r2, [r3, #24]
20001f30:	20fa      	movs	r0, #250	@ 0xfa
20001f32:	f004 fbc5 	bl	200066c0 <sleep_ms>
20001f36:	3401      	adds	r4, #1
20001f38:	2c0b      	cmp	r4, #11
20001f3a:	dc09      	bgt.n	20001f50 <st_blink_led+0x40>
20001f3c:	f004 ffa0 	bl	20006e80 <watchdog_update>
20001f40:	07e3      	lsls	r3, r4, #31
20001f42:	d5f0      	bpl.n	20001f26 <st_blink_led+0x16>
20001f44:	23d0      	movs	r3, #208	@ 0xd0
20001f46:	061b      	lsls	r3, r3, #24
20001f48:	2280      	movs	r2, #128	@ 0x80
20001f4a:	04d2      	lsls	r2, r2, #19
20001f4c:	615a      	str	r2, [r3, #20]
20001f4e:	e7ef      	b.n	20001f30 <st_blink_led+0x20>
20001f50:	23d0      	movs	r3, #208	@ 0xd0
20001f52:	061b      	lsls	r3, r3, #24
20001f54:	2280      	movs	r2, #128	@ 0x80
20001f56:	04d2      	lsls	r2, r2, #19
20001f58:	619a      	str	r2, [r3, #24]
20001f5a:	629a      	str	r2, [r3, #40]	@ 0x28
20001f5c:	bd10      	pop	{r4, pc}

20001f5e <blink_led>:
20001f5e:	b5f0      	push	{r4, r5, r6, r7, lr}
20001f60:	46c6      	mov	lr, r8
20001f62:	b500      	push	{lr}
20001f64:	4680      	mov	r8, r0
20001f66:	201a      	movs	r0, #26
20001f68:	f003 fc18 	bl	2000579c <gpio_init>
20001f6c:	23d0      	movs	r3, #208	@ 0xd0
20001f6e:	061b      	lsls	r3, r3, #24
20001f70:	2280      	movs	r2, #128	@ 0x80
20001f72:	04d2      	lsls	r2, r2, #19
20001f74:	625a      	str	r2, [r3, #36]	@ 0x24
20001f76:	20c8      	movs	r0, #200	@ 0xc8
20001f78:	f004 fba2 	bl	200066c0 <sleep_ms>
20001f7c:	2400      	movs	r4, #0
20001f7e:	e00c      	b.n	20001f9a <blink_led+0x3c>
20001f80:	25d0      	movs	r5, #208	@ 0xd0
20001f82:	062d      	lsls	r5, r5, #24
20001f84:	2680      	movs	r6, #128	@ 0x80
20001f86:	04f6      	lsls	r6, r6, #19
20001f88:	616e      	str	r6, [r5, #20]
20001f8a:	20c8      	movs	r0, #200	@ 0xc8
20001f8c:	f004 fb98 	bl	200066c0 <sleep_ms>
20001f90:	61ae      	str	r6, [r5, #24]
20001f92:	20c8      	movs	r0, #200	@ 0xc8
20001f94:	f004 fb94 	bl	200066c0 <sleep_ms>
20001f98:	3401      	adds	r4, #1
20001f9a:	4544      	cmp	r4, r8
20001f9c:	dbf0      	blt.n	20001f80 <blink_led+0x22>
20001f9e:	23d0      	movs	r3, #208	@ 0xd0
20001fa0:	061b      	lsls	r3, r3, #24
20001fa2:	2280      	movs	r2, #128	@ 0x80
20001fa4:	04d2      	lsls	r2, r2, #19
20001fa6:	629a      	str	r2, [r3, #40]	@ 0x28
20001fa8:	bc80      	pop	{r7}
20001faa:	46b8      	mov	r8, r7
20001fac:	bdf0      	pop	{r4, r5, r6, r7, pc}
	...

20001fb0 <st_run_eboot>:
20001fb0:	b570      	push	{r4, r5, r6, lr}
20001fb2:	46c6      	mov	lr, r8
20001fb4:	b500      	push	{lr}
20001fb6:	b08f      	sub	sp, #60	@ 0x3c
20001fb8:	200e      	movs	r0, #14
20001fba:	f003 fbef 	bl	2000579c <gpio_init>
20001fbe:	23d0      	movs	r3, #208	@ 0xd0
20001fc0:	061b      	lsls	r3, r3, #24
20001fc2:	2280      	movs	r2, #128	@ 0x80
20001fc4:	01d2      	lsls	r2, r2, #7
20001fc6:	625a      	str	r2, [r3, #36]	@ 0x24
20001fc8:	615a      	str	r2, [r3, #20]
20001fca:	2002      	movs	r0, #2
20001fcc:	f004 fb78 	bl	200066c0 <sleep_ms>
20001fd0:	f7ff fde2 	bl	20001b98 <st_refresh_peer>
20001fd4:	2800      	cmp	r0, #0
20001fd6:	d005      	beq.n	20001fe4 <st_run_eboot+0x34>
20001fd8:	4b27      	ldr	r3, [pc, #156]	@ (20002078 <st_run_eboot+0xc8>)
20001fda:	781b      	ldrb	r3, [r3, #0]
20001fdc:	2b00      	cmp	r3, #0
20001fde:	d117      	bne.n	20002010 <st_run_eboot+0x60>
20001fe0:	001d      	movs	r5, r3
20001fe2:	e001      	b.n	20001fe8 <st_run_eboot+0x38>
20001fe4:	2300      	movs	r3, #0
20001fe6:	001d      	movs	r5, r3
20001fe8:	002c      	movs	r4, r5
20001fea:	23d0      	movs	r3, #208	@ 0xd0
20001fec:	061b      	lsls	r3, r3, #24
20001fee:	2280      	movs	r2, #128	@ 0x80
20001ff0:	01d2      	lsls	r2, r2, #7
20001ff2:	619a      	str	r2, [r3, #24]
20001ff4:	2002      	movs	r0, #2
20001ff6:	f004 fb63 	bl	200066c0 <sleep_ms>
20001ffa:	f7ff fdcd 	bl	20001b98 <st_refresh_peer>
20001ffe:	2800      	cmp	r0, #0
20002000:	d009      	beq.n	20002016 <st_run_eboot+0x66>
20002002:	4b1d      	ldr	r3, [pc, #116]	@ (20002078 <st_run_eboot+0xc8>)
20002004:	781b      	ldrb	r3, [r3, #0]
20002006:	2b00      	cmp	r3, #0
20002008:	d013      	beq.n	20002032 <st_run_eboot+0x82>
2000200a:	2300      	movs	r3, #0
2000200c:	001e      	movs	r6, r3
2000200e:	e004      	b.n	2000201a <st_run_eboot+0x6a>
20002010:	2301      	movs	r3, #1
20002012:	001d      	movs	r5, r3
20002014:	e7e8      	b.n	20001fe8 <st_run_eboot+0x38>
20002016:	2300      	movs	r3, #0
20002018:	001e      	movs	r6, r3
2000201a:	46b0      	mov	r8, r6
2000201c:	23d0      	movs	r3, #208	@ 0xd0
2000201e:	061b      	lsls	r3, r3, #24
20002020:	2280      	movs	r2, #128	@ 0x80
20002022:	01d2      	lsls	r2, r2, #7
20002024:	619a      	str	r2, [r3, #24]
20002026:	2c00      	cmp	r4, #0
20002028:	d006      	beq.n	20002038 <st_run_eboot+0x88>
2000202a:	2e00      	cmp	r6, #0
2000202c:	d111      	bne.n	20002052 <st_run_eboot+0xa2>
2000202e:	4b13      	ldr	r3, [pc, #76]	@ (2000207c <st_run_eboot+0xcc>)
20002030:	e003      	b.n	2000203a <st_run_eboot+0x8a>
20002032:	2301      	movs	r3, #1
20002034:	001e      	movs	r6, r3
20002036:	e7f0      	b.n	2000201a <st_run_eboot+0x6a>
20002038:	4b10      	ldr	r3, [pc, #64]	@ (2000207c <st_run_eboot+0xcc>)
2000203a:	4a11      	ldr	r2, [pc, #68]	@ (20002080 <st_run_eboot+0xd0>)
2000203c:	212c      	movs	r1, #44	@ 0x2c
2000203e:	a803      	add	r0, sp, #12
20002040:	f007 f9a2 	bl	20009388 <__wrap_snprintf>
20002044:	2c00      	cmp	r4, #0
20002046:	d006      	beq.n	20002056 <st_run_eboot+0xa6>
20002048:	4643      	mov	r3, r8
2000204a:	2b00      	cmp	r3, #0
2000204c:	d112      	bne.n	20002074 <st_run_eboot+0xc4>
2000204e:	2101      	movs	r1, #1
20002050:	e002      	b.n	20002058 <st_run_eboot+0xa8>
20002052:	4b0c      	ldr	r3, [pc, #48]	@ (20002084 <st_run_eboot+0xd4>)
20002054:	e7f1      	b.n	2000203a <st_run_eboot+0x8a>
20002056:	2101      	movs	r1, #1
20002058:	b2c9      	uxtb	r1, r1
2000205a:	2300      	movs	r3, #0
2000205c:	9301      	str	r3, [sp, #4]
2000205e:	ab03      	add	r3, sp, #12
20002060:	9300      	str	r3, [sp, #0]
20002062:	0033      	movs	r3, r6
20002064:	002a      	movs	r2, r5
20002066:	2040      	movs	r0, #64	@ 0x40
20002068:	f7ff fdc8 	bl	20001bfc <st_send>
2000206c:	b00f      	add	sp, #60	@ 0x3c
2000206e:	bc40      	pop	{r6}
20002070:	46b0      	mov	r8, r6
20002072:	bd70      	pop	{r4, r5, r6, pc}
20002074:	2100      	movs	r1, #0
20002076:	e7ef      	b.n	20002058 <st_run_eboot+0xa8>
20002078:	2003099a 	.word	0x2003099a
2000207c:	2000b9b0 	.word	0x2000b9b0
20002080:	2000b9b8 	.word	0x2000b9b8
20002084:	2000b9a8 	.word	0x2000b9a8

20002088 <st_run_elog>:
20002088:	b570      	push	{r4, r5, r6, lr}
2000208a:	b090      	sub	sp, #64	@ 0x40
2000208c:	2400      	movs	r4, #0
2000208e:	2600      	movs	r6, #0
20002090:	2500      	movs	r5, #0
20002092:	e003      	b.n	2000209c <st_run_elog+0x14>
20002094:	3601      	adds	r6, #1
20002096:	f7ff fd7f 	bl	20001b98 <st_refresh_peer>
2000209a:	3401      	adds	r4, #1
2000209c:	2c3f      	cmp	r4, #63	@ 0x3f
2000209e:	dc08      	bgt.n	200020b2 <st_run_elog+0x2a>
200020a0:	f004 feee 	bl	20006e80 <watchdog_update>
200020a4:	23d0      	movs	r3, #208	@ 0xd0
200020a6:	061b      	lsls	r3, r3, #24
200020a8:	685b      	ldr	r3, [r3, #4]
200020aa:	041b      	lsls	r3, r3, #16
200020ac:	d5f2      	bpl.n	20002094 <st_run_elog+0xc>
200020ae:	3501      	adds	r5, #1
200020b0:	e7f1      	b.n	20002096 <st_run_elog+0xe>
200020b2:	4a0a      	ldr	r2, [pc, #40]	@ (200020dc <st_run_elog+0x54>)
200020b4:	ac05      	add	r4, sp, #20
200020b6:	9600      	str	r6, [sp, #0]
200020b8:	002b      	movs	r3, r5
200020ba:	212c      	movs	r1, #44	@ 0x2c
200020bc:	0020      	movs	r0, r4
200020be:	f007 f963 	bl	20009388 <__wrap_snprintf>
200020c2:	4269      	negs	r1, r5
200020c4:	4169      	adcs	r1, r5
200020c6:	b2c9      	uxtb	r1, r1
200020c8:	2300      	movs	r3, #0
200020ca:	9301      	str	r3, [sp, #4]
200020cc:	9400      	str	r4, [sp, #0]
200020ce:	0033      	movs	r3, r6
200020d0:	002a      	movs	r2, r5
200020d2:	2041      	movs	r0, #65	@ 0x41
200020d4:	f7ff fd92 	bl	20001bfc <st_send>
200020d8:	b010      	add	sp, #64	@ 0x40
200020da:	bd70      	pop	{r4, r5, r6, pc}
200020dc:	2000b9cc 	.word	0x2000b9cc

200020e0 <bench_resolve_rate>:
200020e0:	b570      	push	{r4, r5, r6, lr}
200020e2:	46de      	mov	lr, fp
200020e4:	4656      	mov	r6, sl
200020e6:	464d      	mov	r5, r9
200020e8:	4644      	mov	r4, r8
200020ea:	b570      	push	{r4, r5, r6, lr}
200020ec:	b084      	sub	sp, #16
200020ee:	4683      	mov	fp, r0
200020f0:	000e      	movs	r6, r1
200020f2:	2300      	movs	r3, #0
200020f4:	600b      	str	r3, [r1, #0]
200020f6:	2800      	cmp	r0, #0
200020f8:	d107      	bne.n	2000210a <bench_resolve_rate+0x2a>
200020fa:	2000      	movs	r0, #0
200020fc:	b004      	add	sp, #16
200020fe:	bc78      	pop	{r3, r4, r5, r6}
20002100:	46b3      	mov	fp, r6
20002102:	46aa      	mov	sl, r5
20002104:	46a1      	mov	r9, r4
20002106:	4698      	mov	r8, r3
20002108:	bd70      	pop	{r4, r5, r6, pc}
2000210a:	2005      	movs	r0, #5
2000210c:	f004 fd6c 	bl	20006be8 <clock_get_hz>
20002110:	0005      	movs	r5, r0
20002112:	465b      	mov	r3, fp
20002114:	1818      	adds	r0, r3, r0
20002116:	3801      	subs	r0, #1
20002118:	4659      	mov	r1, fp
2000211a:	f005 f8bb 	bl	20007294 <__wrap___aeabi_uidiv>
2000211e:	0004      	movs	r4, r0
20002120:	2801      	cmp	r0, #1
20002122:	d903      	bls.n	2000212c <bench_resolve_rate+0x4c>
20002124:	07c3      	lsls	r3, r0, #31
20002126:	d502      	bpl.n	2000212e <bench_resolve_rate+0x4e>
20002128:	3401      	adds	r4, #1
2000212a:	e000      	b.n	2000212e <bench_resolve_rate+0x4e>
2000212c:	2402      	movs	r4, #2
2000212e:	2380      	movs	r3, #128	@ 0x80
20002130:	009b      	lsls	r3, r3, #2
20002132:	429c      	cmp	r4, r3
20002134:	d811      	bhi.n	2000215a <bench_resolve_rate+0x7a>
20002136:	0021      	movs	r1, r4
20002138:	0028      	movs	r0, r5
2000213a:	f005 f8ab 	bl	20007294 <__wrap___aeabi_uidiv>
2000213e:	42ac      	cmp	r4, r5
20002140:	d811      	bhi.n	20002166 <bench_resolve_rate+0x86>
20002142:	4583      	cmp	fp, r0
20002144:	d312      	bcc.n	2000216c <bench_resolve_rate+0x8c>
20002146:	6030      	str	r0, [r6, #0]
20002148:	6075      	str	r5, [r6, #4]
2000214a:	2300      	movs	r3, #0
2000214c:	7233      	strb	r3, [r6, #8]
2000214e:	7273      	strb	r3, [r6, #9]
20002150:	72b3      	strb	r3, [r6, #10]
20002152:	72f3      	strb	r3, [r6, #11]
20002154:	3301      	adds	r3, #1
20002156:	9303      	str	r3, [sp, #12]
20002158:	e001      	b.n	2000215e <bench_resolve_rate+0x7e>
2000215a:	2300      	movs	r3, #0
2000215c:	9303      	str	r3, [sp, #12]
2000215e:	2301      	movs	r3, #1
20002160:	4699      	mov	r9, r3
20002162:	46b2      	mov	sl, r6
20002164:	e04d      	b.n	20002202 <bench_resolve_rate+0x122>
20002166:	2300      	movs	r3, #0
20002168:	9303      	str	r3, [sp, #12]
2000216a:	e7f8      	b.n	2000215e <bench_resolve_rate+0x7e>
2000216c:	2300      	movs	r3, #0
2000216e:	9303      	str	r3, [sp, #12]
20002170:	e7f5      	b.n	2000215e <bench_resolve_rate+0x7e>
20002172:	2485      	movs	r4, #133	@ 0x85
20002174:	482c      	ldr	r0, [pc, #176]	@ (20002228 <bench_resolve_rate+0x148>)
20002176:	4360      	muls	r0, r4
20002178:	4641      	mov	r1, r8
2000217a:	f005 f88b 	bl	20007294 <__wrap___aeabi_uidiv>
2000217e:	0843      	lsrs	r3, r0, #1
20002180:	459b      	cmp	fp, r3
20002182:	d30f      	bcc.n	200021a4 <bench_resolve_rate+0xc4>
20002184:	4652      	mov	r2, sl
20002186:	6812      	ldr	r2, [r2, #0]
20002188:	429a      	cmp	r2, r3
2000218a:	d20b      	bcs.n	200021a4 <bench_resolve_rate+0xc4>
2000218c:	4652      	mov	r2, sl
2000218e:	6013      	str	r3, [r2, #0]
20002190:	6050      	str	r0, [r2, #4]
20002192:	2302      	movs	r3, #2
20002194:	7213      	strb	r3, [r2, #8]
20002196:	4653      	mov	r3, sl
20002198:	7254      	strb	r4, [r2, #9]
2000219a:	464a      	mov	r2, r9
2000219c:	729a      	strb	r2, [r3, #10]
2000219e:	72de      	strb	r6, [r3, #11]
200021a0:	2301      	movs	r3, #1
200021a2:	9303      	str	r3, [sp, #12]
200021a4:	3601      	adds	r6, #1
200021a6:	45b1      	cmp	r9, r6
200021a8:	d328      	bcc.n	200021fc <bench_resolve_rate+0x11c>
200021aa:	464b      	mov	r3, r9
200021ac:	4373      	muls	r3, r6
200021ae:	4698      	mov	r8, r3
200021b0:	001a      	movs	r2, r3
200021b2:	2300      	movs	r3, #0
200021b4:	4658      	mov	r0, fp
200021b6:	2100      	movs	r1, #0
200021b8:	f005 fea8 	bl	20007f0c <__wrap___aeabi_lmul>
200021bc:	0004      	movs	r4, r0
200021be:	000d      	movs	r5, r1
200021c0:	1924      	adds	r4, r4, r4
200021c2:	416d      	adcs	r5, r5
200021c4:	9402      	str	r4, [sp, #8]
200021c6:	9501      	str	r5, [sp, #4]
200021c8:	4a17      	ldr	r2, [pc, #92]	@ (20002228 <bench_resolve_rate+0x148>)
200021ca:	2300      	movs	r3, #0
200021cc:	0020      	movs	r0, r4
200021ce:	0029      	movs	r1, r5
200021d0:	f005 f89e 	bl	20007310 <__wrap___aeabi_uldivmod>
200021d4:	0004      	movs	r4, r0
200021d6:	2d00      	cmp	r5, #0
200021d8:	d1cb      	bne.n	20002172 <bench_resolve_rate+0x92>
200021da:	d103      	bne.n	200021e4 <bench_resolve_rate+0x104>
200021dc:	4b13      	ldr	r3, [pc, #76]	@ (2000222c <bench_resolve_rate+0x14c>)
200021de:	9a02      	ldr	r2, [sp, #8]
200021e0:	429a      	cmp	r2, r3
200021e2:	d8c6      	bhi.n	20002172 <bench_resolve_rate+0x92>
200021e4:	4a10      	ldr	r2, [pc, #64]	@ (20002228 <bench_resolve_rate+0x148>)
200021e6:	2300      	movs	r3, #0
200021e8:	0020      	movs	r0, r4
200021ea:	f005 fe8f 	bl	20007f0c <__wrap___aeabi_lmul>
200021ee:	2900      	cmp	r1, #0
200021f0:	d1c0      	bne.n	20002174 <bench_resolve_rate+0x94>
200021f2:	d1d7      	bne.n	200021a4 <bench_resolve_rate+0xc4>
200021f4:	4b0e      	ldr	r3, [pc, #56]	@ (20002230 <bench_resolve_rate+0x150>)
200021f6:	4298      	cmp	r0, r3
200021f8:	d8bc      	bhi.n	20002174 <bench_resolve_rate+0x94>
200021fa:	e7d3      	b.n	200021a4 <bench_resolve_rate+0xc4>
200021fc:	2301      	movs	r3, #1
200021fe:	469c      	mov	ip, r3
20002200:	44e1      	add	r9, ip
20002202:	464b      	mov	r3, r9
20002204:	2b07      	cmp	r3, #7
20002206:	d801      	bhi.n	2000220c <bench_resolve_rate+0x12c>
20002208:	2601      	movs	r6, #1
2000220a:	e7cc      	b.n	200021a6 <bench_resolve_rate+0xc6>
2000220c:	4656      	mov	r6, sl
2000220e:	9b03      	ldr	r3, [sp, #12]
20002210:	2b00      	cmp	r3, #0
20002212:	d004      	beq.n	2000221e <bench_resolve_rate+0x13e>
20002214:	6833      	ldr	r3, [r6, #0]
20002216:	2b00      	cmp	r3, #0
20002218:	d103      	bne.n	20002222 <bench_resolve_rate+0x142>
2000221a:	2000      	movs	r0, #0
2000221c:	e76e      	b.n	200020fc <bench_resolve_rate+0x1c>
2000221e:	2000      	movs	r0, #0
20002220:	e76c      	b.n	200020fc <bench_resolve_rate+0x1c>
20002222:	2001      	movs	r0, #1
20002224:	e76a      	b.n	200020fc <bench_resolve_rate+0x1c>
20002226:	46c0      	nop			@ (mov r8, r8)
20002228:	00b71b00 	.word	0x00b71b00
2000222c:	5fd821ff 	.word	0x5fd821ff
20002230:	2cb4177f 	.word	0x2cb4177f

20002234 <bench_send_result>:
20002234:	b570      	push	{r4, r5, r6, lr}
20002236:	46de      	mov	lr, fp
20002238:	4656      	mov	r6, sl
2000223a:	464d      	mov	r5, r9
2000223c:	4644      	mov	r4, r8
2000223e:	b570      	push	{r4, r5, r6, lr}
20002240:	b084      	sub	sp, #16
20002242:	9001      	str	r0, [sp, #4]
20002244:	9102      	str	r1, [sp, #8]
20002246:	9203      	str	r2, [sp, #12]
20002248:	469b      	mov	fp, r3
2000224a:	9d0c      	ldr	r5, [sp, #48]	@ 0x30
2000224c:	4a73      	ldr	r2, [pc, #460]	@ (2000241c <bench_send_result+0x1e8>)
2000224e:	7813      	ldrb	r3, [r2, #0]
20002250:	3301      	adds	r3, #1
20002252:	b2db      	uxtb	r3, r3
20002254:	7013      	strb	r3, [r2, #0]
20002256:	2b00      	cmp	r3, #0
20002258:	d102      	bne.n	20002260 <bench_send_result+0x2c>
2000225a:	0013      	movs	r3, r2
2000225c:	2201      	movs	r2, #1
2000225e:	701a      	strb	r2, [r3, #0]
20002260:	4b6e      	ldr	r3, [pc, #440]	@ (2000241c <bench_send_result+0x1e8>)
20002262:	781b      	ldrb	r3, [r3, #0]
20002264:	469a      	mov	sl, r3
20002266:	2300      	movs	r3, #0
20002268:	4698      	mov	r8, r3
2000226a:	e005      	b.n	20002278 <bench_send_result+0x44>
2000226c:	2a01      	cmp	r2, #1
2000226e:	d100      	bne.n	20002272 <bench_send_result+0x3e>
20002270:	e0bc      	b.n	200023ec <bench_send_result+0x1b8>
20002272:	2301      	movs	r3, #1
20002274:	469c      	mov	ip, r3
20002276:	44e0      	add	r8, ip
20002278:	4643      	mov	r3, r8
2000227a:	2b17      	cmp	r3, #23
2000227c:	dd00      	ble.n	20002280 <bench_send_result+0x4c>
2000227e:	e0c3      	b.n	20002408 <bench_send_result+0x1d4>
20002280:	f004 fdfe 	bl	20006e80 <watchdog_update>
20002284:	2100      	movs	r1, #0
20002286:	2004      	movs	r0, #4
20002288:	f7ff f88c 	bl	200013a4 <spi_build_control>
2000228c:	4c64      	ldr	r4, [pc, #400]	@ (20002420 <bench_send_result+0x1ec>)
2000228e:	9b01      	ldr	r3, [sp, #4]
20002290:	71e3      	strb	r3, [r4, #7]
20002292:	4b64      	ldr	r3, [pc, #400]	@ (20002424 <bench_send_result+0x1f0>)
20002294:	781a      	ldrb	r2, [r3, #0]
20002296:	234f      	movs	r3, #79	@ 0x4f
20002298:	54e2      	strb	r2, [r4, r3]
2000229a:	9b03      	ldr	r3, [sp, #12]
2000229c:	7223      	strb	r3, [r4, #8]
2000229e:	9b02      	ldr	r3, [sp, #8]
200022a0:	7263      	strb	r3, [r4, #9]
200022a2:	4653      	mov	r3, sl
200022a4:	72a3      	strb	r3, [r4, #10]
200022a6:	465b      	mov	r3, fp
200022a8:	72e3      	strb	r3, [r4, #11]
200022aa:	6829      	ldr	r1, [r5, #0]
200022ac:	0020      	movs	r0, r4
200022ae:	3050      	adds	r0, #80	@ 0x50
200022b0:	f7fe f8b8 	bl	20000424 <spi_put_u32>
200022b4:	6869      	ldr	r1, [r5, #4]
200022b6:	0020      	movs	r0, r4
200022b8:	3054      	adds	r0, #84	@ 0x54
200022ba:	f7fe f8b3 	bl	20000424 <spi_put_u32>
200022be:	68a9      	ldr	r1, [r5, #8]
200022c0:	0020      	movs	r0, r4
200022c2:	3058      	adds	r0, #88	@ 0x58
200022c4:	f7fe f8ae 	bl	20000424 <spi_put_u32>
200022c8:	68e9      	ldr	r1, [r5, #12]
200022ca:	0020      	movs	r0, r4
200022cc:	305c      	adds	r0, #92	@ 0x5c
200022ce:	f7fe f8a9 	bl	20000424 <spi_put_u32>
200022d2:	6929      	ldr	r1, [r5, #16]
200022d4:	0020      	movs	r0, r4
200022d6:	3060      	adds	r0, #96	@ 0x60
200022d8:	f7fe f8a4 	bl	20000424 <spi_put_u32>
200022dc:	6969      	ldr	r1, [r5, #20]
200022de:	0020      	movs	r0, r4
200022e0:	3064      	adds	r0, #100	@ 0x64
200022e2:	f7fe f89f 	bl	20000424 <spi_put_u32>
200022e6:	69a8      	ldr	r0, [r5, #24]
200022e8:	69e9      	ldr	r1, [r5, #28]
200022ea:	22fa      	movs	r2, #250	@ 0xfa
200022ec:	0092      	lsls	r2, r2, #2
200022ee:	2300      	movs	r3, #0
200022f0:	f005 f80e 	bl	20007310 <__wrap___aeabi_uldivmod>
200022f4:	0001      	movs	r1, r0
200022f6:	0020      	movs	r0, r4
200022f8:	3068      	adds	r0, #104	@ 0x68
200022fa:	f7fe f893 	bl	20000424 <spi_put_u32>
200022fe:	6a29      	ldr	r1, [r5, #32]
20002300:	0020      	movs	r0, r4
20002302:	3074      	adds	r0, #116	@ 0x74
20002304:	f7fe f88e 	bl	20000424 <spi_put_u32>
20002308:	6a69      	ldr	r1, [r5, #36]	@ 0x24
2000230a:	0020      	movs	r0, r4
2000230c:	3070      	adds	r0, #112	@ 0x70
2000230e:	f7fe f889 	bl	20000424 <spi_put_u32>
20002312:	4b45      	ldr	r3, [pc, #276]	@ (20002428 <bench_send_result+0x1f4>)
20002314:	6819      	ldr	r1, [r3, #0]
20002316:	0020      	movs	r0, r4
20002318:	3078      	adds	r0, #120	@ 0x78
2000231a:	f7fe f883 	bl	20000424 <spi_put_u32>
2000231e:	2005      	movs	r0, #5
20002320:	f004 fc62 	bl	20006be8 <clock_get_hz>
20002324:	0001      	movs	r1, r0
20002326:	0020      	movs	r0, r4
20002328:	3080      	adds	r0, #128	@ 0x80
2000232a:	f7fe f87b 	bl	20000424 <spi_put_u32>
2000232e:	6ae9      	ldr	r1, [r5, #44]	@ 0x2c
20002330:	0020      	movs	r0, r4
20002332:	3088      	adds	r0, #136	@ 0x88
20002334:	f7fe f876 	bl	20000424 <spi_put_u32>
20002338:	6b29      	ldr	r1, [r5, #48]	@ 0x30
2000233a:	0020      	movs	r0, r4
2000233c:	308c      	adds	r0, #140	@ 0x8c
2000233e:	f7fe f871 	bl	20000424 <spi_put_u32>
20002342:	6b69      	ldr	r1, [r5, #52]	@ 0x34
20002344:	0020      	movs	r0, r4
20002346:	3090      	adds	r0, #144	@ 0x90
20002348:	f7fe f86c 	bl	20000424 <spi_put_u32>
2000234c:	233c      	movs	r3, #60	@ 0x3c
2000234e:	5cea      	ldrb	r2, [r5, r3]
20002350:	3358      	adds	r3, #88	@ 0x58
20002352:	54e2      	strb	r2, [r4, r3]
20002354:	3b5c      	subs	r3, #92	@ 0x5c
20002356:	5cea      	ldrb	r2, [r5, r3]
20002358:	3344      	adds	r3, #68	@ 0x44
2000235a:	54e2      	strb	r2, [r4, r3]
2000235c:	3b43      	subs	r3, #67	@ 0x43
2000235e:	5cea      	ldrb	r2, [r5, r3]
20002360:	3344      	adds	r3, #68	@ 0x44
20002362:	54e2      	strb	r2, [r4, r3]
20002364:	3b43      	subs	r3, #67	@ 0x43
20002366:	5cea      	ldrb	r2, [r5, r3]
20002368:	3344      	adds	r3, #68	@ 0x44
2000236a:	54e2      	strb	r2, [r4, r3]
2000236c:	3b43      	subs	r3, #67	@ 0x43
2000236e:	5cea      	ldrb	r2, [r5, r3]
20002370:	3344      	adds	r3, #68	@ 0x44
20002372:	54e2      	strb	r2, [r4, r3]
20002374:	8d2a      	ldrh	r2, [r5, #40]	@ 0x28
20002376:	3b13      	subs	r3, #19
20002378:	54e2      	strb	r2, [r4, r3]
2000237a:	8d2b      	ldrh	r3, [r5, #40]	@ 0x28
2000237c:	0a1b      	lsrs	r3, r3, #8
2000237e:	226d      	movs	r2, #109	@ 0x6d
20002380:	54a3      	strb	r3, [r4, r2]
20002382:	8d6a      	ldrh	r2, [r5, #42]	@ 0x2a
20002384:	236e      	movs	r3, #110	@ 0x6e
20002386:	54e2      	strb	r2, [r4, r3]
20002388:	8d6b      	ldrh	r3, [r5, #42]	@ 0x2a
2000238a:	0a1b      	lsrs	r3, r3, #8
2000238c:	226f      	movs	r2, #111	@ 0x6f
2000238e:	54a3      	strb	r3, [r4, r2]
20002390:	1d20      	adds	r0, r4, #4
20002392:	21c4      	movs	r1, #196	@ 0xc4
20002394:	f7fe f80a 	bl	200003ac <crc32_buffer>
20002398:	0001      	movs	r1, r0
2000239a:	0020      	movs	r0, r4
2000239c:	30c8      	adds	r0, #200	@ 0xc8
2000239e:	f7fe f841 	bl	20000424 <spi_put_u32>
200023a2:	4e22      	ldr	r6, [pc, #136]	@ (2000242c <bench_send_result+0x1f8>)
200023a4:	2380      	movs	r3, #128	@ 0x80
200023a6:	005b      	lsls	r3, r3, #1
200023a8:	4699      	mov	r9, r3
200023aa:	001a      	movs	r2, r3
200023ac:	2100      	movs	r1, #0
200023ae:	0030      	movs	r0, r6
200023b0:	f005 fee4 	bl	2000817c <__wrap_memset>
200023b4:	464a      	mov	r2, r9
200023b6:	0031      	movs	r1, r6
200023b8:	0020      	movs	r0, r4
200023ba:	f7ff f975 	bl	200016a8 <my_spi_to_esp_xfer_blocking>
200023be:	2800      	cmp	r0, #0
200023c0:	da00      	bge.n	200023c4 <bench_send_result+0x190>
200023c2:	e756      	b.n	20002272 <bench_send_result+0x3e>
200023c4:	4819      	ldr	r0, [pc, #100]	@ (2000242c <bench_send_result+0x1f8>)
200023c6:	f7ff f991 	bl	200016ec <spi_find_frame>
200023ca:	2800      	cmp	r0, #0
200023cc:	d100      	bne.n	200023d0 <bench_send_result+0x19c>
200023ce:	e750      	b.n	20002272 <bench_send_result+0x3e>
200023d0:	7942      	ldrb	r2, [r0, #5]
200023d2:	1ed3      	subs	r3, r2, #3
200023d4:	b2db      	uxtb	r3, r3
200023d6:	2b01      	cmp	r3, #1
200023d8:	d900      	bls.n	200023dc <bench_send_result+0x1a8>
200023da:	e747      	b.n	2000226c <bench_send_result+0x38>
200023dc:	7bc3      	ldrb	r3, [r0, #15]
200023de:	4553      	cmp	r3, sl
200023e0:	d000      	beq.n	200023e4 <bench_send_result+0x1b0>
200023e2:	e743      	b.n	2000226c <bench_send_result+0x38>
200023e4:	7b80      	ldrb	r0, [r0, #14]
200023e6:	1e43      	subs	r3, r0, #1
200023e8:	4198      	sbcs	r0, r3
200023ea:	e00f      	b.n	2000240c <bench_send_result+0x1d8>
200023ec:	2323      	movs	r3, #35	@ 0x23
200023ee:	5cc3      	ldrb	r3, [r0, r3]
200023f0:	4553      	cmp	r3, sl
200023f2:	d000      	beq.n	200023f6 <bench_send_result+0x1c2>
200023f4:	e73d      	b.n	20002272 <bench_send_result+0x3e>
200023f6:	2320      	movs	r3, #32
200023f8:	5cc2      	ldrb	r2, [r0, r3]
200023fa:	4b0d      	ldr	r3, [pc, #52]	@ (20002430 <bench_send_result+0x1fc>)
200023fc:	701a      	strb	r2, [r3, #0]
200023fe:	2322      	movs	r3, #34	@ 0x22
20002400:	5cc0      	ldrb	r0, [r0, r3]
20002402:	1e43      	subs	r3, r0, #1
20002404:	4198      	sbcs	r0, r3
20002406:	e001      	b.n	2000240c <bench_send_result+0x1d8>
20002408:	2001      	movs	r0, #1
2000240a:	4240      	negs	r0, r0
2000240c:	b004      	add	sp, #16
2000240e:	bc78      	pop	{r3, r4, r5, r6}
20002410:	46b3      	mov	fp, r6
20002412:	46aa      	mov	sl, r5
20002414:	46a1      	mov	r9, r4
20002416:	4698      	mov	r8, r3
20002418:	bd70      	pop	{r4, r5, r6, pc}
2000241a:	46c0      	nop			@ (mov r8, r8)
2000241c:	20030986 	.word	0x20030986
20002420:	20030758 	.word	0x20030758
20002424:	2003098f 	.word	0x2003098f
20002428:	2000e730 	.word	0x2000e730
2000242c:	20030658 	.word	0x20030658
20002430:	2003098b 	.word	0x2003098b

20002434 <read_flash_jedec_id>:
20002434:	b570      	push	{r4, r5, r6, lr}
20002436:	46ce      	mov	lr, r9
20002438:	4646      	mov	r6, r8
2000243a:	b540      	push	{r6, lr}
2000243c:	b082      	sub	sp, #8
2000243e:	4681      	mov	r9, r0
20002440:	4688      	mov	r8, r1
20002442:	0016      	movs	r6, r2
20002444:	239f      	movs	r3, #159	@ 0x9f
20002446:	9301      	str	r3, [sp, #4]
20002448:	466c      	mov	r4, sp
2000244a:	2300      	movs	r3, #0
2000244c:	9300      	str	r3, [sp, #0]
2000244e:	f3ef 8510 	mrs	r5, PRIMASK
20002452:	b672      	cpsid	i
20002454:	2204      	movs	r2, #4
20002456:	4669      	mov	r1, sp
20002458:	a801      	add	r0, sp, #4
2000245a:	f008 fd39 	bl	2000aed0 <flash_do_cmd_cs>
2000245e:	f385 8810 	msr	PRIMASK, r5
20002462:	7863      	ldrb	r3, [r4, #1]
20002464:	4648      	mov	r0, r9
20002466:	7003      	strb	r3, [r0, #0]
20002468:	78a3      	ldrb	r3, [r4, #2]
2000246a:	4641      	mov	r1, r8
2000246c:	700b      	strb	r3, [r1, #0]
2000246e:	78e3      	ldrb	r3, [r4, #3]
20002470:	7033      	strb	r3, [r6, #0]
20002472:	b002      	add	sp, #8
20002474:	bc60      	pop	{r5, r6}
20002476:	46b1      	mov	r9, r6
20002478:	46a8      	mov	r8, r5
2000247a:	bd70      	pop	{r4, r5, r6, pc}

2000247c <get_detected_flash_size>:
2000247c:	b510      	push	{r4, lr}
2000247e:	b082      	sub	sp, #8
20002480:	466b      	mov	r3, sp
20002482:	1dd8      	adds	r0, r3, #7
20002484:	2300      	movs	r3, #0
20002486:	7003      	strb	r3, [r0, #0]
20002488:	466a      	mov	r2, sp
2000248a:	1d91      	adds	r1, r2, #6
2000248c:	700b      	strb	r3, [r1, #0]
2000248e:	1d54      	adds	r4, r2, #5
20002490:	7153      	strb	r3, [r2, #5]
20002492:	0022      	movs	r2, r4
20002494:	f7ff ffce 	bl	20002434 <read_flash_jedec_id>
20002498:	7822      	ldrb	r2, [r4, #0]
2000249a:	0013      	movs	r3, r2
2000249c:	3b10      	subs	r3, #16
2000249e:	b2db      	uxtb	r3, r3
200024a0:	2b09      	cmp	r3, #9
200024a2:	d803      	bhi.n	200024ac <get_detected_flash_size+0x30>
200024a4:	2001      	movs	r0, #1
200024a6:	4090      	lsls	r0, r2
200024a8:	b002      	add	sp, #8
200024aa:	bd10      	pop	{r4, pc}
200024ac:	2000      	movs	r0, #0
200024ae:	e7fb      	b.n	200024a8 <get_detected_flash_size+0x2c>

200024b0 <ota_map_fits_flash>:
200024b0:	b510      	push	{r4, lr}
200024b2:	f7ff ffe3 	bl	2000247c <get_detected_flash_size>
200024b6:	4b02      	ldr	r3, [pc, #8]	@ (200024c0 <ota_map_fits_flash+0x10>)
200024b8:	4283      	cmp	r3, r0
200024ba:	4180      	sbcs	r0, r0
200024bc:	4240      	negs	r0, r0
200024be:	bd10      	pop	{r4, pc}
200024c0:	00600fff 	.word	0x00600fff

200024c4 <report_flash_size>:
200024c4:	b570      	push	{r4, r5, r6, lr}
200024c6:	46c6      	mov	lr, r8
200024c8:	b500      	push	{lr}
200024ca:	b083      	sub	sp, #12
200024cc:	466b      	mov	r3, sp
200024ce:	1ddd      	adds	r5, r3, #7
200024d0:	2300      	movs	r3, #0
200024d2:	702b      	strb	r3, [r5, #0]
200024d4:	466a      	mov	r2, sp
200024d6:	1d96      	adds	r6, r2, #6
200024d8:	7193      	strb	r3, [r2, #6]
200024da:	1d54      	adds	r4, r2, #5
200024dc:	7153      	strb	r3, [r2, #5]
200024de:	0022      	movs	r2, r4
200024e0:	0031      	movs	r1, r6
200024e2:	0028      	movs	r0, r5
200024e4:	f7ff ffa6 	bl	20002434 <read_flash_jedec_id>
200024e8:	f7ff ffc8 	bl	2000247c <get_detected_flash_size>
200024ec:	4680      	mov	r8, r0
200024ee:	7823      	ldrb	r3, [r4, #0]
200024f0:	7832      	ldrb	r2, [r6, #0]
200024f2:	7829      	ldrb	r1, [r5, #0]
200024f4:	4810      	ldr	r0, [pc, #64]	@ (20002538 <report_flash_size+0x74>)
200024f6:	f007 f95d 	bl	200097b4 <__wrap_printf>
200024fa:	4643      	mov	r3, r8
200024fc:	2b00      	cmp	r3, #0
200024fe:	d012      	beq.n	20002526 <report_flash_size+0x62>
20002500:	4644      	mov	r4, r8
20002502:	0d1a      	lsrs	r2, r3, #20
20002504:	480d      	ldr	r0, [pc, #52]	@ (2000253c <report_flash_size+0x78>)
20002506:	0019      	movs	r1, r3
20002508:	f007 f954 	bl	200097b4 <__wrap_printf>
2000250c:	2580      	movs	r5, #128	@ 0x80
2000250e:	046d      	lsls	r5, r5, #17
20002510:	480b      	ldr	r0, [pc, #44]	@ (20002540 <report_flash_size+0x7c>)
20002512:	2210      	movs	r2, #16
20002514:	0029      	movs	r1, r5
20002516:	f007 f94d 	bl	200097b4 <__wrap_printf>
2000251a:	42ac      	cmp	r4, r5
2000251c:	d007      	beq.n	2000252e <report_flash_size+0x6a>
2000251e:	4809      	ldr	r0, [pc, #36]	@ (20002544 <report_flash_size+0x80>)
20002520:	f007 f919 	bl	20009756 <__wrap_puts>
20002524:	e003      	b.n	2000252e <report_flash_size+0x6a>
20002526:	7821      	ldrb	r1, [r4, #0]
20002528:	4807      	ldr	r0, [pc, #28]	@ (20002548 <report_flash_size+0x84>)
2000252a:	f007 f943 	bl	200097b4 <__wrap_printf>
2000252e:	b003      	add	sp, #12
20002530:	bc40      	pop	{r6}
20002532:	46b0      	mov	r8, r6
20002534:	bd70      	pop	{r4, r5, r6, pc}
20002536:	46c0      	nop			@ (mov r8, r8)
20002538:	2000b9ec 	.word	0x2000b9ec
2000253c:	2000ba58 	.word	0x2000ba58
20002540:	2000ba80 	.word	0x2000ba80
20002544:	2000baac 	.word	0x2000baac
20002548:	2000ba10 	.word	0x2000ba10

2000254c <ota_flash_sector>:
2000254c:	b5f0      	push	{r4, r5, r6, r7, lr}
2000254e:	46c6      	mov	lr, r8
20002550:	b500      	push	{lr}
20002552:	0006      	movs	r6, r0
20002554:	4688      	mov	r8, r1
20002556:	2380      	movs	r3, #128	@ 0x80
20002558:	015b      	lsls	r3, r3, #5
2000255a:	429a      	cmp	r2, r3
2000255c:	d312      	bcc.n	20002584 <ota_flash_sector+0x38>
2000255e:	f3ef 8510 	mrs	r5, PRIMASK
20002562:	b672      	cpsid	i
20002564:	2480      	movs	r4, #128	@ 0x80
20002566:	0164      	lsls	r4, r4, #5
20002568:	0021      	movs	r1, r4
2000256a:	0030      	movs	r0, r6
2000256c:	f008 fbe8 	bl	2000ad40 <flash_range_erase>
20002570:	0022      	movs	r2, r4
20002572:	4641      	mov	r1, r8
20002574:	0030      	movs	r0, r6
20002576:	f008 fc47 	bl	2000ae08 <flash_range_program>
2000257a:	f385 8810 	msr	PRIMASK, r5
2000257e:	bc80      	pop	{r7}
20002580:	46b8      	mov	r8, r7
20002582:	bdf0      	pop	{r4, r5, r6, r7, pc}
20002584:	1888      	adds	r0, r1, r2
20002586:	2380      	movs	r3, #128	@ 0x80
20002588:	015b      	lsls	r3, r3, #5
2000258a:	1a9a      	subs	r2, r3, r2
2000258c:	21ff      	movs	r1, #255	@ 0xff
2000258e:	f005 fdf5 	bl	2000817c <__wrap_memset>
20002592:	e7e4      	b.n	2000255e <ota_flash_sector+0x12>

20002594 <st_run_flash>:
20002594:	b570      	push	{r4, r5, r6, lr}
20002596:	b08e      	sub	sp, #56	@ 0x38
20002598:	2500      	movs	r5, #0
2000259a:	466b      	mov	r3, sp
2000259c:	72dd      	strb	r5, [r3, #11]
2000259e:	240a      	movs	r4, #10
200025a0:	446c      	add	r4, sp
200025a2:	7025      	strb	r5, [r4, #0]
200025a4:	2609      	movs	r6, #9
200025a6:	446e      	add	r6, sp
200025a8:	7035      	strb	r5, [r6, #0]
200025aa:	0032      	movs	r2, r6
200025ac:	0021      	movs	r1, r4
200025ae:	230b      	movs	r3, #11
200025b0:	446b      	add	r3, sp
200025b2:	0018      	movs	r0, r3
200025b4:	f7ff ff3e 	bl	20002434 <read_flash_jedec_id>
200025b8:	466b      	mov	r3, sp
200025ba:	7adb      	ldrb	r3, [r3, #11]
200025bc:	0418      	lsls	r0, r3, #16
200025be:	7821      	ldrb	r1, [r4, #0]
200025c0:	020a      	lsls	r2, r1, #8
200025c2:	4310      	orrs	r0, r2
200025c4:	0004      	movs	r4, r0
200025c6:	7830      	ldrb	r0, [r6, #0]
200025c8:	4304      	orrs	r4, r0
200025ca:	4a42      	ldr	r2, [pc, #264]	@ (200026d4 <st_run_flash+0x140>)
200025cc:	ae03      	add	r6, sp, #12
200025ce:	9001      	str	r0, [sp, #4]
200025d0:	9100      	str	r1, [sp, #0]
200025d2:	212c      	movs	r1, #44	@ 0x2c
200025d4:	0030      	movs	r0, r6
200025d6:	f006 fed7 	bl	20009388 <__wrap_snprintf>
200025da:	466b      	mov	r3, sp
200025dc:	7adb      	ldrb	r3, [r3, #11]
200025de:	3b01      	subs	r3, #1
200025e0:	b2db      	uxtb	r3, r3
200025e2:	21fd      	movs	r1, #253	@ 0xfd
200025e4:	4299      	cmp	r1, r3
200025e6:	4189      	sbcs	r1, r1
200025e8:	4249      	negs	r1, r1
200025ea:	9501      	str	r5, [sp, #4]
200025ec:	9600      	str	r6, [sp, #0]
200025ee:	2300      	movs	r3, #0
200025f0:	0022      	movs	r2, r4
200025f2:	2003      	movs	r0, #3
200025f4:	f7ff fb02 	bl	20001bfc <st_send>
200025f8:	f7ff ff40 	bl	2000247c <get_detected_flash_size>
200025fc:	0004      	movs	r4, r0
200025fe:	0d03      	lsrs	r3, r0, #20
20002600:	4a35      	ldr	r2, [pc, #212]	@ (200026d8 <st_run_flash+0x144>)
20002602:	2110      	movs	r1, #16
20002604:	9100      	str	r1, [sp, #0]
20002606:	311c      	adds	r1, #28
20002608:	0030      	movs	r0, r6
2000260a:	f006 febd 	bl	20009388 <__wrap_snprintf>
2000260e:	2380      	movs	r3, #128	@ 0x80
20002610:	22ff      	movs	r2, #255	@ 0xff
20002612:	0612      	lsls	r2, r2, #24
20002614:	18a1      	adds	r1, r4, r2
20002616:	1e4a      	subs	r2, r1, #1
20002618:	4191      	sbcs	r1, r2
2000261a:	b2c9      	uxtb	r1, r1
2000261c:	9501      	str	r5, [sp, #4]
2000261e:	9600      	str	r6, [sp, #0]
20002620:	045b      	lsls	r3, r3, #17
20002622:	0022      	movs	r2, r4
20002624:	2004      	movs	r0, #4
20002626:	f7ff fae9 	bl	20001bfc <st_send>
2000262a:	4b2c      	ldr	r3, [pc, #176]	@ (200026dc <st_run_flash+0x148>)
2000262c:	781b      	ldrb	r3, [r3, #0]
2000262e:	07db      	lsls	r3, r3, #31
20002630:	d512      	bpl.n	20002658 <st_run_flash+0xc4>
20002632:	2200      	movs	r2, #0
20002634:	2380      	movs	r3, #128	@ 0x80
20002636:	015b      	lsls	r3, r3, #5
20002638:	429a      	cmp	r2, r3
2000263a:	d218      	bcs.n	2000266e <st_run_flash+0xda>
2000263c:	4b28      	ldr	r3, [pc, #160]	@ (200026e0 <st_run_flash+0x14c>)
2000263e:	7819      	ldrb	r1, [r3, #0]
20002640:	014b      	lsls	r3, r1, #5
20002642:	1a5b      	subs	r3, r3, r1
20002644:	b2db      	uxtb	r3, r3
20002646:	00d1      	lsls	r1, r2, #3
20002648:	1a89      	subs	r1, r1, r2
2000264a:	185b      	adds	r3, r3, r1
2000264c:	b2db      	uxtb	r3, r3
2000264e:	335a      	adds	r3, #90	@ 0x5a
20002650:	4924      	ldr	r1, [pc, #144]	@ (200026e4 <st_run_flash+0x150>)
20002652:	548b      	strb	r3, [r1, r2]
20002654:	3201      	adds	r2, #1
20002656:	e7ed      	b.n	20002634 <st_run_flash+0xa0>
20002658:	2300      	movs	r3, #0
2000265a:	9301      	str	r3, [sp, #4]
2000265c:	4b22      	ldr	r3, [pc, #136]	@ (200026e8 <st_run_flash+0x154>)
2000265e:	9300      	str	r3, [sp, #0]
20002660:	2300      	movs	r3, #0
20002662:	2200      	movs	r2, #0
20002664:	2103      	movs	r1, #3
20002666:	2005      	movs	r0, #5
20002668:	f7ff fac8 	bl	20001bfc <st_send>
2000266c:	e030      	b.n	200026d0 <st_run_flash+0x13c>
2000266e:	f004 fc07 	bl	20006e80 <watchdog_update>
20002672:	2280      	movs	r2, #128	@ 0x80
20002674:	491b      	ldr	r1, [pc, #108]	@ (200026e4 <st_run_flash+0x150>)
20002676:	20e0      	movs	r0, #224	@ 0xe0
20002678:	0152      	lsls	r2, r2, #5
2000267a:	03c0      	lsls	r0, r0, #15
2000267c:	f7ff ff66 	bl	2000254c <ota_flash_sector>
20002680:	f004 fbfe 	bl	20006e80 <watchdog_update>
20002684:	2300      	movs	r3, #0
20002686:	2400      	movs	r4, #0
20002688:	e000      	b.n	2000268c <st_run_flash+0xf8>
2000268a:	3301      	adds	r3, #1
2000268c:	2280      	movs	r2, #128	@ 0x80
2000268e:	0152      	lsls	r2, r2, #5
20002690:	4293      	cmp	r3, r2
20002692:	d207      	bcs.n	200026a4 <st_run_flash+0x110>
20002694:	4a15      	ldr	r2, [pc, #84]	@ (200026ec <st_run_flash+0x158>)
20002696:	5c99      	ldrb	r1, [r3, r2]
20002698:	4a12      	ldr	r2, [pc, #72]	@ (200026e4 <st_run_flash+0x150>)
2000269a:	5cd2      	ldrb	r2, [r2, r3]
2000269c:	4291      	cmp	r1, r2
2000269e:	d0f4      	beq.n	2000268a <st_run_flash+0xf6>
200026a0:	3401      	adds	r4, #1
200026a2:	e7f2      	b.n	2000268a <st_run_flash+0xf6>
200026a4:	23e0      	movs	r3, #224	@ 0xe0
200026a6:	4a12      	ldr	r2, [pc, #72]	@ (200026f0 <st_run_flash+0x15c>)
200026a8:	ad03      	add	r5, sp, #12
200026aa:	9400      	str	r4, [sp, #0]
200026ac:	03db      	lsls	r3, r3, #15
200026ae:	212c      	movs	r1, #44	@ 0x2c
200026b0:	0028      	movs	r0, r5
200026b2:	f006 fe69 	bl	20009388 <__wrap_snprintf>
200026b6:	2380      	movs	r3, #128	@ 0x80
200026b8:	0021      	movs	r1, r4
200026ba:	1e4a      	subs	r2, r1, #1
200026bc:	4191      	sbcs	r1, r2
200026be:	b2c9      	uxtb	r1, r1
200026c0:	2200      	movs	r2, #0
200026c2:	9201      	str	r2, [sp, #4]
200026c4:	9500      	str	r5, [sp, #0]
200026c6:	015b      	lsls	r3, r3, #5
200026c8:	0022      	movs	r2, r4
200026ca:	2005      	movs	r0, #5
200026cc:	f7ff fa96 	bl	20001bfc <st_send>
200026d0:	b00e      	add	sp, #56	@ 0x38
200026d2:	bd70      	pop	{r4, r5, r6, pc}
200026d4:	2000baf8 	.word	0x2000baf8
200026d8:	2000bb10 	.word	0x2000bb10
200026dc:	2003099b 	.word	0x2003099b
200026e0:	2003099c 	.word	0x2003099c
200026e4:	2002f334 	.word	0x2002f334
200026e8:	2000bb2c 	.word	0x2000bb2c
200026ec:	10700000 	.word	0x10700000
200026f0:	2000bb3c 	.word	0x2000bb3c

200026f4 <ota_meta_write>:
200026f4:	b5f0      	push	{r4, r5, r6, r7, lr}
200026f6:	46c6      	mov	lr, r8
200026f8:	b500      	push	{lr}
200026fa:	0004      	movs	r4, r0
200026fc:	4b13      	ldr	r3, [pc, #76]	@ (2000274c <ota_meta_write+0x58>)
200026fe:	6003      	str	r3, [r0, #0]
20002700:	2124      	movs	r1, #36	@ 0x24
20002702:	f7fd fe53 	bl	200003ac <crc32_buffer>
20002706:	6260      	str	r0, [r4, #36]	@ 0x24
20002708:	2680      	movs	r6, #128	@ 0x80
2000270a:	0076      	lsls	r6, r6, #1
2000270c:	4d10      	ldr	r5, [pc, #64]	@ (20002750 <ota_meta_write+0x5c>)
2000270e:	0032      	movs	r2, r6
20002710:	21ff      	movs	r1, #255	@ 0xff
20002712:	0028      	movs	r0, r5
20002714:	f005 fd32 	bl	2000817c <__wrap_memset>
20002718:	2228      	movs	r2, #40	@ 0x28
2000271a:	0021      	movs	r1, r4
2000271c:	0028      	movs	r0, r5
2000271e:	f005 fd33 	bl	20008188 <__wrap___aeabi_memcpy>
20002722:	f3ef 8810 	mrs	r8, PRIMASK
20002726:	b672      	cpsid	i
20002728:	2180      	movs	r1, #128	@ 0x80
2000272a:	24c0      	movs	r4, #192	@ 0xc0
2000272c:	03a4      	lsls	r4, r4, #14
2000272e:	0149      	lsls	r1, r1, #5
20002730:	0020      	movs	r0, r4
20002732:	f008 fb05 	bl	2000ad40 <flash_range_erase>
20002736:	0032      	movs	r2, r6
20002738:	0029      	movs	r1, r5
2000273a:	0020      	movs	r0, r4
2000273c:	f008 fb64 	bl	2000ae08 <flash_range_program>
20002740:	f388 8810 	msr	PRIMASK, r8
20002744:	bc80      	pop	{r7}
20002746:	46b8      	mov	r8, r7
20002748:	bdf0      	pop	{r4, r5, r6, r7, pc}
2000274a:	46c0      	nop			@ (mov r8, r8)
2000274c:	494b4b4f 	.word	0x494b4b4f
20002750:	20030334 	.word	0x20030334

20002754 <ota_mark_healthy>:
20002754:	b510      	push	{r4, lr}
20002756:	b08a      	sub	sp, #40	@ 0x28
20002758:	4668      	mov	r0, sp
2000275a:	f7fe fe6b 	bl	20001434 <ota_meta_read>
2000275e:	4668      	mov	r0, sp
20002760:	f7fd fe40 	bl	200003e4 <ota_meta_valid>
20002764:	2800      	cmp	r0, #0
20002766:	d002      	beq.n	2000276e <ota_mark_healthy+0x1a>
20002768:	9b01      	ldr	r3, [sp, #4]
2000276a:	2b02      	cmp	r3, #2
2000276c:	d001      	beq.n	20002772 <ota_mark_healthy+0x1e>
2000276e:	b00a      	add	sp, #40	@ 0x28
20002770:	bd10      	pop	{r4, pc}
20002772:	4668      	mov	r0, sp
20002774:	2300      	movs	r3, #0
20002776:	9301      	str	r3, [sp, #4]
20002778:	9302      	str	r3, [sp, #8]
2000277a:	f7ff ffbb 	bl	200026f4 <ota_meta_write>
2000277e:	4802      	ldr	r0, [pc, #8]	@ (20002788 <ota_mark_healthy+0x34>)
20002780:	f006 ffe9 	bl	20009756 <__wrap_puts>
20002784:	e7f3      	b.n	2000276e <ota_mark_healthy+0x1a>
20002786:	46c0      	nop			@ (mov r8, r8)
20002788:	2000bb54 	.word	0x2000bb54

2000278c <ota_receive_rp_image_if_offered>:
2000278c:	b570      	push	{r4, r5, r6, lr}
2000278e:	46de      	mov	lr, fp
20002790:	4656      	mov	r6, sl
20002792:	464d      	mov	r5, r9
20002794:	4644      	mov	r4, r8
20002796:	b570      	push	{r4, r5, r6, lr}
20002798:	b092      	sub	sp, #72	@ 0x48
2000279a:	4b6e      	ldr	r3, [pc, #440]	@ (20002954 <ota_receive_rp_image_if_offered+0x1c8>)
2000279c:	681d      	ldr	r5, [r3, #0]
2000279e:	46a9      	mov	r9, r5
200027a0:	4b6d      	ldr	r3, [pc, #436]	@ (20002958 <ota_receive_rp_image_if_offered+0x1cc>)
200027a2:	681e      	ldr	r6, [r3, #0]
200027a4:	1e6a      	subs	r2, r5, #1
200027a6:	2380      	movs	r3, #128	@ 0x80
200027a8:	035b      	lsls	r3, r3, #13
200027aa:	429a      	cmp	r2, r3
200027ac:	d306      	bcc.n	200027bc <ota_receive_rp_image_if_offered+0x30>
200027ae:	b012      	add	sp, #72	@ 0x48
200027b0:	bc78      	pop	{r3, r4, r5, r6}
200027b2:	46b3      	mov	fp, r6
200027b4:	46aa      	mov	sl, r5
200027b6:	46a1      	mov	r9, r4
200027b8:	4698      	mov	r8, r3
200027ba:	bd70      	pop	{r4, r5, r6, pc}
200027bc:	f7ff fe78 	bl	200024b0 <ota_map_fits_flash>
200027c0:	2800      	cmp	r0, #0
200027c2:	d0f4      	beq.n	200027ae <ota_receive_rp_image_if_offered+0x22>
200027c4:	ac08      	add	r4, sp, #32
200027c6:	0020      	movs	r0, r4
200027c8:	f7fe fe34 	bl	20001434 <ota_meta_read>
200027cc:	0020      	movs	r0, r4
200027ce:	f7fd fe09 	bl	200003e4 <ota_meta_valid>
200027d2:	2800      	cmp	r0, #0
200027d4:	d002      	beq.n	200027dc <ota_receive_rp_image_if_offered+0x50>
200027d6:	9b0f      	ldr	r3, [sp, #60]	@ 0x3c
200027d8:	42ab      	cmp	r3, r5
200027da:	d01d      	beq.n	20002818 <ota_receive_rp_image_if_offered+0x8c>
200027dc:	2800      	cmp	r0, #0
200027de:	d002      	beq.n	200027e6 <ota_receive_rp_image_if_offered+0x5a>
200027e0:	9b0b      	ldr	r3, [sp, #44]	@ 0x2c
200027e2:	454b      	cmp	r3, r9
200027e4:	d01c      	beq.n	20002820 <ota_receive_rp_image_if_offered+0x94>
200027e6:	4b5d      	ldr	r3, [pc, #372]	@ (2000295c <ota_receive_rp_image_if_offered+0x1d0>)
200027e8:	681b      	ldr	r3, [r3, #0]
200027ea:	42b3      	cmp	r3, r6
200027ec:	d103      	bne.n	200027f6 <ota_receive_rp_image_if_offered+0x6a>
200027ee:	4b5c      	ldr	r3, [pc, #368]	@ (20002960 <ota_receive_rp_image_if_offered+0x1d4>)
200027f0:	681b      	ldr	r3, [r3, #0]
200027f2:	2b05      	cmp	r3, #5
200027f4:	d8db      	bhi.n	200027ae <ota_receive_rp_image_if_offered+0x22>
200027f6:	485b      	ldr	r0, [pc, #364]	@ (20002964 <ota_receive_rp_image_if_offered+0x1d8>)
200027f8:	0032      	movs	r2, r6
200027fa:	4649      	mov	r1, r9
200027fc:	f006 ffda 	bl	200097b4 <__wrap_printf>
20002800:	f004 f862 	bl	200068c8 <time_us_64>
20002804:	9002      	str	r0, [sp, #8]
20002806:	9103      	str	r1, [sp, #12]
20002808:	2400      	movs	r4, #0
2000280a:	2300      	movs	r3, #0
2000280c:	469a      	mov	sl, r3
2000280e:	2500      	movs	r5, #0
20002810:	3b01      	subs	r3, #1
20002812:	9304      	str	r3, [sp, #16]
20002814:	9605      	str	r6, [sp, #20]
20002816:	e01f      	b.n	20002858 <ota_receive_rp_image_if_offered+0xcc>
20002818:	9b10      	ldr	r3, [sp, #64]	@ 0x40
2000281a:	42b3      	cmp	r3, r6
2000281c:	d1de      	bne.n	200027dc <ota_receive_rp_image_if_offered+0x50>
2000281e:	e7c6      	b.n	200027ae <ota_receive_rp_image_if_offered+0x22>
20002820:	9b0c      	ldr	r3, [sp, #48]	@ 0x30
20002822:	42b3      	cmp	r3, r6
20002824:	d1df      	bne.n	200027e6 <ota_receive_rp_image_if_offered+0x5a>
20002826:	e7c2      	b.n	200027ae <ota_receive_rp_image_if_offered+0x22>
20002828:	9e05      	ldr	r6, [sp, #20]
2000282a:	f004 fb29 	bl	20006e80 <watchdog_update>
2000282e:	4b4b      	ldr	r3, [pc, #300]	@ (2000295c <ota_receive_rp_image_if_offered+0x1d0>)
20002830:	601e      	str	r6, [r3, #0]
20002832:	4b4b      	ldr	r3, [pc, #300]	@ (20002960 <ota_receive_rp_image_if_offered+0x1d4>)
20002834:	681a      	ldr	r2, [r3, #0]
20002836:	3201      	adds	r2, #1
20002838:	601a      	str	r2, [r3, #0]
2000283a:	484b      	ldr	r0, [pc, #300]	@ (20002968 <ota_receive_rp_image_if_offered+0x1dc>)
2000283c:	4651      	mov	r1, sl
2000283e:	f006 ffb9 	bl	200097b4 <__wrap_printf>
20002842:	e7b4      	b.n	200027ae <ota_receive_rp_image_if_offered+0x22>
20002844:	1b28      	subs	r0, r5, r4
20002846:	2380      	movs	r3, #128	@ 0x80
20002848:	039b      	lsls	r3, r3, #14
2000284a:	469c      	mov	ip, r3
2000284c:	4460      	add	r0, ip
2000284e:	4947      	ldr	r1, [pc, #284]	@ (2000296c <ota_receive_rp_image_if_offered+0x1e0>)
20002850:	0022      	movs	r2, r4
20002852:	f7ff fe7b 	bl	2000254c <ota_flash_sector>
20002856:	2400      	movs	r4, #0
20002858:	454d      	cmp	r5, r9
2000285a:	d237      	bcs.n	200028cc <ota_receive_rp_image_if_offered+0x140>
2000285c:	230e      	movs	r3, #14
2000285e:	aa04      	add	r2, sp, #16
20002860:	4694      	mov	ip, r2
20002862:	4463      	add	r3, ip
20002864:	2200      	movs	r2, #0
20002866:	801a      	strh	r2, [r3, #0]
20002868:	f004 fb0a 	bl	20006e80 <watchdog_update>
2000286c:	464b      	mov	r3, r9
2000286e:	1b5b      	subs	r3, r3, r5
20002870:	469b      	mov	fp, r3
20002872:	2b80      	cmp	r3, #128	@ 0x80
20002874:	d901      	bls.n	2000287a <ota_receive_rp_image_if_offered+0xee>
20002876:	2380      	movs	r3, #128	@ 0x80
20002878:	469b      	mov	fp, r3
2000287a:	4e3c      	ldr	r6, [pc, #240]	@ (2000296c <ota_receive_rp_image_if_offered+0x1e0>)
2000287c:	19a6      	adds	r6, r4, r6
2000287e:	220e      	movs	r2, #14
20002880:	ab04      	add	r3, sp, #16
20002882:	469c      	mov	ip, r3
20002884:	4462      	add	r2, ip
20002886:	0031      	movs	r1, r6
20002888:	4650      	mov	r0, sl
2000288a:	f7ff f8bb 	bl	20001a04 <ota_fetch_block>
2000288e:	2800      	cmp	r0, #0
20002890:	d0ca      	beq.n	20002828 <ota_receive_rp_image_if_offered+0x9c>
20002892:	230e      	movs	r3, #14
20002894:	aa04      	add	r2, sp, #16
20002896:	4694      	mov	ip, r2
20002898:	4463      	add	r3, ip
2000289a:	881b      	ldrh	r3, [r3, #0]
2000289c:	4698      	mov	r8, r3
2000289e:	455b      	cmp	r3, fp
200028a0:	d1c2      	bne.n	20002828 <ota_receive_rp_image_if_offered+0x9c>
200028a2:	4642      	mov	r2, r8
200028a4:	0031      	movs	r1, r6
200028a6:	9804      	ldr	r0, [sp, #16]
200028a8:	f7fd fd64 	bl	20000374 <crc32_update>
200028ac:	9004      	str	r0, [sp, #16]
200028ae:	4444      	add	r4, r8
200028b0:	4445      	add	r5, r8
200028b2:	4653      	mov	r3, sl
200028b4:	3301      	adds	r3, #1
200028b6:	469a      	mov	sl, r3
200028b8:	0022      	movs	r2, r4
200028ba:	3280      	adds	r2, #128	@ 0x80
200028bc:	2380      	movs	r3, #128	@ 0x80
200028be:	015b      	lsls	r3, r3, #5
200028c0:	429a      	cmp	r2, r3
200028c2:	d8bf      	bhi.n	20002844 <ota_receive_rp_image_if_offered+0xb8>
200028c4:	464b      	mov	r3, r9
200028c6:	42ab      	cmp	r3, r5
200028c8:	d8c6      	bhi.n	20002858 <ota_receive_rp_image_if_offered+0xcc>
200028ca:	e7bb      	b.n	20002844 <ota_receive_rp_image_if_offered+0xb8>
200028cc:	9e05      	ldr	r6, [sp, #20]
200028ce:	f004 fad7 	bl	20006e80 <watchdog_update>
200028d2:	9b04      	ldr	r3, [sp, #16]
200028d4:	43dd      	mvns	r5, r3
200028d6:	f003 fff7 	bl	200068c8 <time_us_64>
200028da:	9b02      	ldr	r3, [sp, #8]
200028dc:	9c03      	ldr	r4, [sp, #12]
200028de:	1ac0      	subs	r0, r0, r3
200028e0:	41a1      	sbcs	r1, r4
200028e2:	22fa      	movs	r2, #250	@ 0xfa
200028e4:	0092      	lsls	r2, r2, #2
200028e6:	2300      	movs	r3, #0
200028e8:	f004 fd12 	bl	20007310 <__wrap___aeabi_uldivmod>
200028ec:	0004      	movs	r4, r0
200028ee:	42ae      	cmp	r6, r5
200028f0:	d00b      	beq.n	2000290a <ota_receive_rp_image_if_offered+0x17e>
200028f2:	4b1a      	ldr	r3, [pc, #104]	@ (2000295c <ota_receive_rp_image_if_offered+0x1d0>)
200028f4:	601e      	str	r6, [r3, #0]
200028f6:	4a1a      	ldr	r2, [pc, #104]	@ (20002960 <ota_receive_rp_image_if_offered+0x1d4>)
200028f8:	6813      	ldr	r3, [r2, #0]
200028fa:	3301      	adds	r3, #1
200028fc:	6013      	str	r3, [r2, #0]
200028fe:	481c      	ldr	r0, [pc, #112]	@ (20002970 <ota_receive_rp_image_if_offered+0x1e4>)
20002900:	0032      	movs	r2, r6
20002902:	0029      	movs	r1, r5
20002904:	f006 ff56 	bl	200097b4 <__wrap_printf>
20002908:	e751      	b.n	200027ae <ota_receive_rp_image_if_offered+0x22>
2000290a:	4b15      	ldr	r3, [pc, #84]	@ (20002960 <ota_receive_rp_image_if_offered+0x1d4>)
2000290c:	2200      	movs	r2, #0
2000290e:	601a      	str	r2, [r3, #0]
20002910:	ae08      	add	r6, sp, #32
20002912:	0030      	movs	r0, r6
20002914:	f7fe fd8e 	bl	20001434 <ota_meta_read>
20002918:	0030      	movs	r0, r6
2000291a:	f7fd fd63 	bl	200003e4 <ota_meta_valid>
2000291e:	2800      	cmp	r0, #0
20002920:	d011      	beq.n	20002946 <ota_receive_rp_image_if_offered+0x1ba>
20002922:	a808      	add	r0, sp, #32
20002924:	2301      	movs	r3, #1
20002926:	6043      	str	r3, [r0, #4]
20002928:	2300      	movs	r3, #0
2000292a:	6083      	str	r3, [r0, #8]
2000292c:	464e      	mov	r6, r9
2000292e:	61c6      	str	r6, [r0, #28]
20002930:	6205      	str	r5, [r0, #32]
20002932:	f7ff fedf 	bl	200026f4 <ota_meta_write>
20002936:	480f      	ldr	r0, [pc, #60]	@ (20002974 <ota_receive_rp_image_if_offered+0x1e8>)
20002938:	9400      	str	r4, [sp, #0]
2000293a:	002b      	movs	r3, r5
2000293c:	4652      	mov	r2, sl
2000293e:	0031      	movs	r1, r6
20002940:	f006 ff38 	bl	200097b4 <__wrap_printf>
20002944:	e733      	b.n	200027ae <ota_receive_rp_image_if_offered+0x22>
20002946:	2228      	movs	r2, #40	@ 0x28
20002948:	2100      	movs	r1, #0
2000294a:	0030      	movs	r0, r6
2000294c:	f005 fc16 	bl	2000817c <__wrap_memset>
20002950:	e7e7      	b.n	20002922 <ota_receive_rp_image_if_offered+0x196>
20002952:	46c0      	nop			@ (mov r8, r8)
20002954:	2002f2bc 	.word	0x2002f2bc
20002958:	2002f2b8 	.word	0x2002f2b8
2000295c:	2002f330 	.word	0x2002f330
20002960:	2002f32c 	.word	0x2002f32c
20002964:	2000bb84 	.word	0x2000bb84
20002968:	2000bbc0 	.word	0x2000bbc0
2000296c:	2002f334 	.word	0x2002f334
20002970:	2000bc08 	.word	0x2000bc08
20002974:	2000bc64 	.word	0x2000bc64

20002978 <ota_copy_region>:
20002978:	b570      	push	{r4, r5, r6, lr}
2000297a:	46de      	mov	lr, fp
2000297c:	4656      	mov	r6, sl
2000297e:	464d      	mov	r5, r9
20002980:	4644      	mov	r4, r8
20002982:	b570      	push	{r4, r5, r6, lr}
20002984:	b082      	sub	sp, #8
20002986:	4683      	mov	fp, r0
20002988:	9101      	str	r1, [sp, #4]
2000298a:	4691      	mov	r9, r2
2000298c:	2400      	movs	r4, #0
2000298e:	e023      	b.n	200029d8 <ota_copy_region+0x60>
20002990:	9b01      	ldr	r3, [sp, #4]
20002992:	18e1      	adds	r1, r4, r3
20002994:	2380      	movs	r3, #128	@ 0x80
20002996:	055b      	lsls	r3, r3, #21
20002998:	469c      	mov	ip, r3
2000299a:	4461      	add	r1, ip
2000299c:	481b      	ldr	r0, [pc, #108]	@ (20002a0c <ota_copy_region+0x94>)
2000299e:	002a      	movs	r2, r5
200029a0:	f005 fbf2 	bl	20008188 <__wrap___aeabi_memcpy>
200029a4:	2380      	movs	r3, #128	@ 0x80
200029a6:	015b      	lsls	r3, r3, #5
200029a8:	429e      	cmp	r6, r3
200029aa:	d320      	bcc.n	200029ee <ota_copy_region+0x76>
200029ac:	f004 fa68 	bl	20006e80 <watchdog_update>
200029b0:	f3ef 8a10 	mrs	sl, PRIMASK
200029b4:	b672      	cpsid	i
200029b6:	465b      	mov	r3, fp
200029b8:	18e6      	adds	r6, r4, r3
200029ba:	2380      	movs	r3, #128	@ 0x80
200029bc:	015b      	lsls	r3, r3, #5
200029be:	4698      	mov	r8, r3
200029c0:	0019      	movs	r1, r3
200029c2:	0030      	movs	r0, r6
200029c4:	f008 f9bc 	bl	2000ad40 <flash_range_erase>
200029c8:	4910      	ldr	r1, [pc, #64]	@ (20002a0c <ota_copy_region+0x94>)
200029ca:	4642      	mov	r2, r8
200029cc:	0030      	movs	r0, r6
200029ce:	f008 fa1b 	bl	2000ae08 <flash_range_program>
200029d2:	f38a 8810 	msr	PRIMASK, sl
200029d6:	1964      	adds	r4, r4, r5
200029d8:	454c      	cmp	r4, r9
200029da:	d20f      	bcs.n	200029fc <ota_copy_region+0x84>
200029dc:	464b      	mov	r3, r9
200029de:	1b1e      	subs	r6, r3, r4
200029e0:	0035      	movs	r5, r6
200029e2:	2380      	movs	r3, #128	@ 0x80
200029e4:	015b      	lsls	r3, r3, #5
200029e6:	429e      	cmp	r6, r3
200029e8:	d9d2      	bls.n	20002990 <ota_copy_region+0x18>
200029ea:	001d      	movs	r5, r3
200029ec:	e7d0      	b.n	20002990 <ota_copy_region+0x18>
200029ee:	1b5a      	subs	r2, r3, r5
200029f0:	4806      	ldr	r0, [pc, #24]	@ (20002a0c <ota_copy_region+0x94>)
200029f2:	1828      	adds	r0, r5, r0
200029f4:	21ff      	movs	r1, #255	@ 0xff
200029f6:	f005 fbc1 	bl	2000817c <__wrap_memset>
200029fa:	e7d7      	b.n	200029ac <ota_copy_region+0x34>
200029fc:	b002      	add	sp, #8
200029fe:	bc78      	pop	{r3, r4, r5, r6}
20002a00:	46b3      	mov	fp, r6
20002a02:	46aa      	mov	sl, r5
20002a04:	46a1      	mov	r9, r4
20002a06:	4698      	mov	r8, r3
20002a08:	bd70      	pop	{r4, r5, r6, pc}
20002a0a:	46c0      	nop			@ (mov r8, r8)
20002a0c:	2000edec 	.word	0x2000edec

20002a10 <ota_commit_staged_image>:
20002a10:	b570      	push	{r4, r5, r6, lr}
20002a12:	b08a      	sub	sp, #40	@ 0x28
20002a14:	4668      	mov	r0, sp
20002a16:	f7fe fd0d 	bl	20001434 <ota_meta_read>
20002a1a:	4668      	mov	r0, sp
20002a1c:	f7fd fce2 	bl	200003e4 <ota_meta_valid>
20002a20:	2800      	cmp	r0, #0
20002a22:	d008      	beq.n	20002a36 <ota_commit_staged_image+0x26>
20002a24:	9b01      	ldr	r3, [sp, #4]
20002a26:	2b01      	cmp	r3, #1
20002a28:	d105      	bne.n	20002a36 <ota_commit_staged_image+0x26>
20002a2a:	9b07      	ldr	r3, [sp, #28]
20002a2c:	3b01      	subs	r3, #1
20002a2e:	2280      	movs	r2, #128	@ 0x80
20002a30:	0352      	lsls	r2, r2, #13
20002a32:	4293      	cmp	r3, r2
20002a34:	d301      	bcc.n	20002a3a <ota_commit_staged_image+0x2a>
20002a36:	b00a      	add	sp, #40	@ 0x28
20002a38:	bd70      	pop	{r4, r5, r6, pc}
20002a3a:	f004 fa21 	bl	20006e80 <watchdog_update>
20002a3e:	9907      	ldr	r1, [sp, #28]
20002a40:	2080      	movs	r0, #128	@ 0x80
20002a42:	0380      	lsls	r0, r0, #14
20002a44:	f7fd fcbb 	bl	200003be <crc32_flash_region>
20002a48:	9b08      	ldr	r3, [sp, #32]
20002a4a:	4298      	cmp	r0, r3
20002a4c:	d005      	beq.n	20002a5a <ota_commit_staged_image+0x4a>
20002a4e:	f004 fa17 	bl	20006e80 <watchdog_update>
20002a52:	4838      	ldr	r0, [pc, #224]	@ (20002b34 <ota_commit_staged_image+0x124>)
20002a54:	f006 fe7f 	bl	20009756 <__wrap_puts>
20002a58:	e7ed      	b.n	20002a36 <ota_commit_staged_image+0x26>
20002a5a:	f004 fa11 	bl	20006e80 <watchdog_update>
20002a5e:	f7fd fcb7 	bl	200003d0 <ota_app_size>
20002a62:	0005      	movs	r5, r0
20002a64:	1e42      	subs	r2, r0, #1
20002a66:	2380      	movs	r3, #128	@ 0x80
20002a68:	035b      	lsls	r3, r3, #13
20002a6a:	429a      	cmp	r2, r3
20002a6c:	d220      	bcs.n	20002ab0 <ota_commit_staged_image+0xa0>
20002a6e:	4832      	ldr	r0, [pc, #200]	@ (20002b38 <ota_commit_staged_image+0x128>)
20002a70:	0029      	movs	r1, r5
20002a72:	f006 fe9f 	bl	200097b4 <__wrap_printf>
20002a76:	2480      	movs	r4, #128	@ 0x80
20002a78:	0364      	lsls	r4, r4, #13
20002a7a:	002a      	movs	r2, r5
20002a7c:	2100      	movs	r1, #0
20002a7e:	0020      	movs	r0, r4
20002a80:	f7ff ff7a 	bl	20002978 <ota_copy_region>
20002a84:	f004 f9fc 	bl	20006e80 <watchdog_update>
20002a88:	0029      	movs	r1, r5
20002a8a:	0020      	movs	r0, r4
20002a8c:	f7fd fc97 	bl	200003be <crc32_flash_region>
20002a90:	0004      	movs	r4, r0
20002a92:	0006      	movs	r6, r0
20002a94:	f004 f9f4 	bl	20006e80 <watchdog_update>
20002a98:	0029      	movs	r1, r5
20002a9a:	2000      	movs	r0, #0
20002a9c:	f7fd fc8f 	bl	200003be <crc32_flash_region>
20002aa0:	42a0      	cmp	r0, r4
20002aa2:	d00a      	beq.n	20002aba <ota_commit_staged_image+0xaa>
20002aa4:	f004 f9ec 	bl	20006e80 <watchdog_update>
20002aa8:	4824      	ldr	r0, [pc, #144]	@ (20002b3c <ota_commit_staged_image+0x12c>)
20002aaa:	f006 fe54 	bl	20009756 <__wrap_puts>
20002aae:	e7c2      	b.n	20002a36 <ota_commit_staged_image+0x26>
20002ab0:	4823      	ldr	r0, [pc, #140]	@ (20002b40 <ota_commit_staged_image+0x130>)
20002ab2:	0029      	movs	r1, r5
20002ab4:	f006 fe7e 	bl	200097b4 <__wrap_printf>
20002ab8:	e7bd      	b.n	20002a36 <ota_commit_staged_image+0x26>
20002aba:	f004 f9e1 	bl	20006e80 <watchdog_update>
20002abe:	9505      	str	r5, [sp, #20]
20002ac0:	9606      	str	r6, [sp, #24]
20002ac2:	2303      	movs	r3, #3
20002ac4:	9301      	str	r3, [sp, #4]
20002ac6:	2300      	movs	r3, #0
20002ac8:	9302      	str	r3, [sp, #8]
20002aca:	4668      	mov	r0, sp
20002acc:	f7ff fe12 	bl	200026f4 <ota_meta_write>
20002ad0:	9907      	ldr	r1, [sp, #28]
20002ad2:	481c      	ldr	r0, [pc, #112]	@ (20002b44 <ota_commit_staged_image+0x134>)
20002ad4:	f006 fe6e 	bl	200097b4 <__wrap_printf>
20002ad8:	9a07      	ldr	r2, [sp, #28]
20002ada:	2180      	movs	r1, #128	@ 0x80
20002adc:	0389      	lsls	r1, r1, #14
20002ade:	2000      	movs	r0, #0
20002ae0:	f7ff ff4a 	bl	20002978 <ota_copy_region>
20002ae4:	f004 f9cc 	bl	20006e80 <watchdog_update>
20002ae8:	9907      	ldr	r1, [sp, #28]
20002aea:	2000      	movs	r0, #0
20002aec:	f7fd fc67 	bl	200003be <crc32_flash_region>
20002af0:	9b08      	ldr	r3, [sp, #32]
20002af2:	4298      	cmp	r0, r3
20002af4:	d00a      	beq.n	20002b0c <ota_commit_staged_image+0xfc>
20002af6:	f004 f9c3 	bl	20006e80 <watchdog_update>
20002afa:	4813      	ldr	r0, [pc, #76]	@ (20002b48 <ota_commit_staged_image+0x138>)
20002afc:	f006 fe2b 	bl	20009756 <__wrap_puts>
20002b00:	2200      	movs	r2, #0
20002b02:	2100      	movs	r1, #0
20002b04:	2000      	movs	r0, #0
20002b06:	f004 fa15 	bl	20006f34 <watchdog_reboot>
20002b0a:	e7fe      	b.n	20002b0a <ota_commit_staged_image+0xfa>
20002b0c:	f004 f9b8 	bl	20006e80 <watchdog_update>
20002b10:	4668      	mov	r0, sp
20002b12:	2302      	movs	r3, #2
20002b14:	9301      	str	r3, [sp, #4]
20002b16:	9b07      	ldr	r3, [sp, #28]
20002b18:	9303      	str	r3, [sp, #12]
20002b1a:	9b08      	ldr	r3, [sp, #32]
20002b1c:	9304      	str	r3, [sp, #16]
20002b1e:	f7ff fde9 	bl	200026f4 <ota_meta_write>
20002b22:	480a      	ldr	r0, [pc, #40]	@ (20002b4c <ota_commit_staged_image+0x13c>)
20002b24:	f006 fe17 	bl	20009756 <__wrap_puts>
20002b28:	2200      	movs	r2, #0
20002b2a:	2100      	movs	r1, #0
20002b2c:	2000      	movs	r0, #0
20002b2e:	f004 fa01 	bl	20006f34 <watchdog_reboot>
20002b32:	e7fe      	b.n	20002b32 <ota_commit_staged_image+0x122>
20002b34:	2000bcb0 	.word	0x2000bcb0
20002b38:	2000bd24 	.word	0x2000bd24
20002b3c:	2000bd64 	.word	0x2000bd64
20002b40:	2000bcec 	.word	0x2000bcec
20002b44:	2000bdac 	.word	0x2000bdac
20002b48:	2000bdec 	.word	0x2000bdec
20002b4c:	2000be2c 	.word	0x2000be2c

20002b50 <ota_boot_check>:
20002b50:	b510      	push	{r4, lr}
20002b52:	b08a      	sub	sp, #40	@ 0x28
20002b54:	4b52      	ldr	r3, [pc, #328]	@ (20002ca0 <ota_boot_check+0x150>)
20002b56:	2200      	movs	r2, #0
20002b58:	601a      	str	r2, [r3, #0]
20002b5a:	f7ff fca9 	bl	200024b0 <ota_map_fits_flash>
20002b5e:	2800      	cmp	r0, #0
20002b60:	d104      	bne.n	20002b6c <ota_boot_check+0x1c>
20002b62:	4b4f      	ldr	r3, [pc, #316]	@ (20002ca0 <ota_boot_check+0x150>)
20002b64:	2201      	movs	r2, #1
20002b66:	601a      	str	r2, [r3, #0]
20002b68:	b00a      	add	sp, #40	@ 0x28
20002b6a:	bd10      	pop	{r4, pc}
20002b6c:	4668      	mov	r0, sp
20002b6e:	f7fe fc61 	bl	20001434 <ota_meta_read>
20002b72:	4668      	mov	r0, sp
20002b74:	f7fd fc36 	bl	200003e4 <ota_meta_valid>
20002b78:	2800      	cmp	r0, #0
20002b7a:	d00b      	beq.n	20002b94 <ota_boot_check+0x44>
20002b7c:	9904      	ldr	r1, [sp, #16]
20002b7e:	4a49      	ldr	r2, [pc, #292]	@ (20002ca4 <ota_boot_check+0x154>)
20002b80:	6011      	str	r1, [r2, #0]
20002b82:	9b01      	ldr	r3, [sp, #4]
20002b84:	2b03      	cmp	r3, #3
20002b86:	d009      	beq.n	20002b9c <ota_boot_check+0x4c>
20002b88:	2b02      	cmp	r3, #2
20002b8a:	d044      	beq.n	20002c16 <ota_boot_check+0xc6>
20002b8c:	4b44      	ldr	r3, [pc, #272]	@ (20002ca0 <ota_boot_check+0x150>)
20002b8e:	2203      	movs	r2, #3
20002b90:	601a      	str	r2, [r3, #0]
20002b92:	e7e9      	b.n	20002b68 <ota_boot_check+0x18>
20002b94:	4b42      	ldr	r3, [pc, #264]	@ (20002ca0 <ota_boot_check+0x150>)
20002b96:	2202      	movs	r2, #2
20002b98:	601a      	str	r2, [r3, #0]
20002b9a:	e7e5      	b.n	20002b68 <ota_boot_check+0x18>
20002b9c:	9907      	ldr	r1, [sp, #28]
20002b9e:	000c      	movs	r4, r1
20002ba0:	1e4a      	subs	r2, r1, #1
20002ba2:	2380      	movs	r3, #128	@ 0x80
20002ba4:	035b      	lsls	r3, r3, #13
20002ba6:	429a      	cmp	r2, r3
20002ba8:	d206      	bcs.n	20002bb8 <ota_boot_check+0x68>
20002baa:	2080      	movs	r0, #128	@ 0x80
20002bac:	0380      	lsls	r0, r0, #14
20002bae:	f7fd fc06 	bl	200003be <crc32_flash_region>
20002bb2:	9b08      	ldr	r3, [sp, #32]
20002bb4:	4298      	cmp	r0, r3
20002bb6:	d00a      	beq.n	20002bce <ota_boot_check+0x7e>
20002bb8:	4668      	mov	r0, sp
20002bba:	2302      	movs	r3, #2
20002bbc:	9301      	str	r3, [sp, #4]
20002bbe:	3301      	adds	r3, #1
20002bc0:	9302      	str	r3, [sp, #8]
20002bc2:	f7ff fd97 	bl	200026f4 <ota_meta_write>
20002bc6:	4b36      	ldr	r3, [pc, #216]	@ (20002ca0 <ota_boot_check+0x150>)
20002bc8:	2208      	movs	r2, #8
20002bca:	601a      	str	r2, [r3, #0]
20002bcc:	e7cc      	b.n	20002b68 <ota_boot_check+0x18>
20002bce:	2180      	movs	r1, #128	@ 0x80
20002bd0:	0022      	movs	r2, r4
20002bd2:	0389      	lsls	r1, r1, #14
20002bd4:	2000      	movs	r0, #0
20002bd6:	f7ff fecf 	bl	20002978 <ota_copy_region>
20002bda:	9b07      	ldr	r3, [sp, #28]
20002bdc:	001c      	movs	r4, r3
20002bde:	0019      	movs	r1, r3
20002be0:	2000      	movs	r0, #0
20002be2:	f7fd fbec 	bl	200003be <crc32_flash_region>
20002be6:	9b08      	ldr	r3, [sp, #32]
20002be8:	4298      	cmp	r0, r3
20002bea:	d1e5      	bne.n	20002bb8 <ota_boot_check+0x68>
20002bec:	2202      	movs	r2, #2
20002bee:	9201      	str	r2, [sp, #4]
20002bf0:	2200      	movs	r2, #0
20002bf2:	9202      	str	r2, [sp, #8]
20002bf4:	9403      	str	r4, [sp, #12]
20002bf6:	9304      	str	r3, [sp, #16]
20002bf8:	4668      	mov	r0, sp
20002bfa:	f7ff fd7b 	bl	200026f4 <ota_meta_write>
20002bfe:	9a04      	ldr	r2, [sp, #16]
20002c00:	4b28      	ldr	r3, [pc, #160]	@ (20002ca4 <ota_boot_check+0x154>)
20002c02:	601a      	str	r2, [r3, #0]
20002c04:	4b26      	ldr	r3, [pc, #152]	@ (20002ca0 <ota_boot_check+0x150>)
20002c06:	2207      	movs	r2, #7
20002c08:	601a      	str	r2, [r3, #0]
20002c0a:	2200      	movs	r2, #0
20002c0c:	0011      	movs	r1, r2
20002c0e:	0010      	movs	r0, r2
20002c10:	f004 f990 	bl	20006f34 <watchdog_reboot>
20002c14:	e7fe      	b.n	20002c14 <ota_boot_check+0xc4>
20002c16:	9b02      	ldr	r3, [sp, #8]
20002c18:	3301      	adds	r3, #1
20002c1a:	9302      	str	r3, [sp, #8]
20002c1c:	2b03      	cmp	r3, #3
20002c1e:	d938      	bls.n	20002c92 <ota_boot_check+0x142>
20002c20:	9905      	ldr	r1, [sp, #20]
20002c22:	000c      	movs	r4, r1
20002c24:	1e4a      	subs	r2, r1, #1
20002c26:	2380      	movs	r3, #128	@ 0x80
20002c28:	035b      	lsls	r3, r3, #13
20002c2a:	429a      	cmp	r2, r3
20002c2c:	d206      	bcs.n	20002c3c <ota_boot_check+0xec>
20002c2e:	2080      	movs	r0, #128	@ 0x80
20002c30:	0340      	lsls	r0, r0, #13
20002c32:	f7fd fbc4 	bl	200003be <crc32_flash_region>
20002c36:	9b06      	ldr	r3, [sp, #24]
20002c38:	4298      	cmp	r0, r3
20002c3a:	d003      	beq.n	20002c44 <ota_boot_check+0xf4>
20002c3c:	4b18      	ldr	r3, [pc, #96]	@ (20002ca0 <ota_boot_check+0x150>)
20002c3e:	2205      	movs	r2, #5
20002c40:	601a      	str	r2, [r3, #0]
20002c42:	e791      	b.n	20002b68 <ota_boot_check+0x18>
20002c44:	2180      	movs	r1, #128	@ 0x80
20002c46:	0022      	movs	r2, r4
20002c48:	0349      	lsls	r1, r1, #13
20002c4a:	2000      	movs	r0, #0
20002c4c:	f7ff fe94 	bl	20002978 <ota_copy_region>
20002c50:	9b05      	ldr	r3, [sp, #20]
20002c52:	001c      	movs	r4, r3
20002c54:	0019      	movs	r1, r3
20002c56:	2000      	movs	r0, #0
20002c58:	f7fd fbb1 	bl	200003be <crc32_flash_region>
20002c5c:	9b06      	ldr	r3, [sp, #24]
20002c5e:	4298      	cmp	r0, r3
20002c60:	d003      	beq.n	20002c6a <ota_boot_check+0x11a>
20002c62:	4b0f      	ldr	r3, [pc, #60]	@ (20002ca0 <ota_boot_check+0x150>)
20002c64:	2209      	movs	r2, #9
20002c66:	601a      	str	r2, [r3, #0]
20002c68:	e77e      	b.n	20002b68 <ota_boot_check+0x18>
20002c6a:	4668      	mov	r0, sp
20002c6c:	2200      	movs	r2, #0
20002c6e:	9201      	str	r2, [sp, #4]
20002c70:	9202      	str	r2, [sp, #8]
20002c72:	9403      	str	r4, [sp, #12]
20002c74:	9304      	str	r3, [sp, #16]
20002c76:	f7ff fd3d 	bl	200026f4 <ota_meta_write>
20002c7a:	4b0b      	ldr	r3, [pc, #44]	@ (20002ca8 <ota_boot_check+0x158>)
20002c7c:	2201      	movs	r2, #1
20002c7e:	701a      	strb	r2, [r3, #0]
20002c80:	4b07      	ldr	r3, [pc, #28]	@ (20002ca0 <ota_boot_check+0x150>)
20002c82:	3203      	adds	r2, #3
20002c84:	601a      	str	r2, [r3, #0]
20002c86:	2200      	movs	r2, #0
20002c88:	0011      	movs	r1, r2
20002c8a:	0010      	movs	r0, r2
20002c8c:	f004 f952 	bl	20006f34 <watchdog_reboot>
20002c90:	e7fe      	b.n	20002c90 <ota_boot_check+0x140>
20002c92:	4668      	mov	r0, sp
20002c94:	f7ff fd2e 	bl	200026f4 <ota_meta_write>
20002c98:	4b01      	ldr	r3, [pc, #4]	@ (20002ca0 <ota_boot_check+0x150>)
20002c9a:	2206      	movs	r2, #6
20002c9c:	601a      	str	r2, [r3, #0]
20002c9e:	e763      	b.n	20002b68 <ota_boot_check+0x18>
20002ca0:	2002f328 	.word	0x2002f328
20002ca4:	2003044c 	.word	0x2003044c
20002ca8:	200309a3 	.word	0x200309a3

20002cac <st_report_clock>:
20002cac:	b570      	push	{r4, r5, r6, lr}
20002cae:	46c6      	mov	lr, r8
20002cb0:	b500      	push	{lr}
20002cb2:	b08f      	sub	sp, #60	@ 0x3c
20002cb4:	4680      	mov	r8, r0
20002cb6:	000e      	movs	r6, r1
20002cb8:	0010      	movs	r0, r2
20002cba:	001c      	movs	r4, r3
20002cbc:	f003 ff9a 	bl	20006bf4 <frequency_count_khz>
20002cc0:	0005      	movs	r5, r0
20002cc2:	4a14      	ldr	r2, [pc, #80]	@ (20002d14 <st_report_clock+0x68>)
20002cc4:	9000      	str	r0, [sp, #0]
20002cc6:	0033      	movs	r3, r6
20002cc8:	212c      	movs	r1, #44	@ 0x2c
20002cca:	a803      	add	r0, sp, #12
20002ccc:	f006 fb5c 	bl	20009388 <__wrap_snprintf>
20002cd0:	2c00      	cmp	r4, #0
20002cd2:	d01c      	beq.n	20002d0e <st_report_clock+0x62>
20002cd4:	9b14      	ldr	r3, [sp, #80]	@ 0x50
20002cd6:	429c      	cmp	r4, r3
20002cd8:	d902      	bls.n	20002ce0 <st_report_clock+0x34>
20002cda:	1ae3      	subs	r3, r4, r3
20002cdc:	429d      	cmp	r5, r3
20002cde:	d312      	bcc.n	20002d06 <st_report_clock+0x5a>
20002ce0:	9b14      	ldr	r3, [sp, #80]	@ 0x50
20002ce2:	18e3      	adds	r3, r4, r3
20002ce4:	42ab      	cmp	r3, r5
20002ce6:	d210      	bcs.n	20002d0a <st_report_clock+0x5e>
20002ce8:	2101      	movs	r1, #1
20002cea:	b2c9      	uxtb	r1, r1
20002cec:	2300      	movs	r3, #0
20002cee:	9301      	str	r3, [sp, #4]
20002cf0:	ab03      	add	r3, sp, #12
20002cf2:	9300      	str	r3, [sp, #0]
20002cf4:	0023      	movs	r3, r4
20002cf6:	002a      	movs	r2, r5
20002cf8:	4640      	mov	r0, r8
20002cfa:	f7fe ff7f 	bl	20001bfc <st_send>
20002cfe:	b00f      	add	sp, #60	@ 0x3c
20002d00:	bc40      	pop	{r6}
20002d02:	46b0      	mov	r8, r6
20002d04:	bd70      	pop	{r4, r5, r6, pc}
20002d06:	2101      	movs	r1, #1
20002d08:	e7ef      	b.n	20002cea <st_report_clock+0x3e>
20002d0a:	2100      	movs	r1, #0
20002d0c:	e7ed      	b.n	20002cea <st_report_clock+0x3e>
20002d0e:	2104      	movs	r1, #4
20002d10:	e7ec      	b.n	20002cec <st_report_clock+0x40>
20002d12:	46c0      	nop			@ (mov r8, r8)
20002d14:	2000be5c 	.word	0x2000be5c

20002d18 <st_run_analog>:
20002d18:	b570      	push	{r4, r5, r6, lr}
20002d1a:	46c6      	mov	lr, r8
20002d1c:	b500      	push	{lr}
20002d1e:	b08f      	sub	sp, #60	@ 0x3c
20002d20:	f007 f9d6 	bl	2000a0d0 <adc_init>
20002d24:	4c36      	ldr	r4, [pc, #216]	@ (20002e00 <st_run_analog+0xe8>)
20002d26:	2302      	movs	r3, #2
20002d28:	6023      	str	r3, [r4, #0]
20002d2a:	4b36      	ldr	r3, [pc, #216]	@ (20002e04 <st_run_analog+0xec>)
20002d2c:	681a      	ldr	r2, [r3, #0]
20002d2e:	2380      	movs	r3, #128	@ 0x80
20002d30:	01db      	lsls	r3, r3, #7
20002d32:	4053      	eors	r3, r2
20002d34:	22e0      	movs	r2, #224	@ 0xe0
20002d36:	01d2      	lsls	r2, r2, #7
20002d38:	4013      	ands	r3, r2
20002d3a:	4a33      	ldr	r2, [pc, #204]	@ (20002e08 <st_run_analog+0xf0>)
20002d3c:	6013      	str	r3, [r2, #0]
20002d3e:	2002      	movs	r0, #2
20002d40:	f003 fcbe 	bl	200066c0 <sleep_ms>
20002d44:	2304      	movs	r3, #4
20002d46:	6023      	str	r3, [r4, #0]
20002d48:	4b2e      	ldr	r3, [pc, #184]	@ (20002e04 <st_run_analog+0xec>)
20002d4a:	681b      	ldr	r3, [r3, #0]
20002d4c:	05db      	lsls	r3, r3, #23
20002d4e:	d5fb      	bpl.n	20002d48 <st_run_analog+0x30>
20002d50:	4b2c      	ldr	r3, [pc, #176]	@ (20002e04 <st_run_analog+0xec>)
20002d52:	685c      	ldr	r4, [r3, #4]
20002d54:	0424      	lsls	r4, r4, #16
20002d56:	0c24      	lsrs	r4, r4, #16
20002d58:	4a2c      	ldr	r2, [pc, #176]	@ (20002e0c <st_run_analog+0xf4>)
20002d5a:	2300      	movs	r3, #0
20002d5c:	0020      	movs	r0, r4
20002d5e:	2100      	movs	r1, #0
20002d60:	f005 f8d4 	bl	20007f0c <__wrap___aeabi_lmul>
20002d64:	0509      	lsls	r1, r1, #20
20002d66:	0b03      	lsrs	r3, r0, #12
20002d68:	18cb      	adds	r3, r1, r3
20002d6a:	4a29      	ldr	r2, [pc, #164]	@ (20002e10 <st_run_analog+0xf8>)
20002d6c:	4694      	mov	ip, r2
20002d6e:	4463      	add	r3, ip
20002d70:	015a      	lsls	r2, r3, #5
20002d72:	1ad2      	subs	r2, r2, r3
20002d74:	0190      	lsls	r0, r2, #6
20002d76:	1a80      	subs	r0, r0, r2
20002d78:	00c0      	lsls	r0, r0, #3
20002d7a:	18c0      	adds	r0, r0, r3
20002d7c:	0180      	lsls	r0, r0, #6
20002d7e:	4925      	ldr	r1, [pc, #148]	@ (20002e14 <st_run_analog+0xfc>)
20002d80:	f004 fa60 	bl	20007244 <__wrap___aeabi_idiv>
20002d84:	0005      	movs	r5, r0
20002d86:	4b24      	ldr	r3, [pc, #144]	@ (20002e18 <st_run_analog+0x100>)
20002d88:	18c6      	adds	r6, r0, r3
20002d8a:	21fa      	movs	r1, #250	@ 0xfa
20002d8c:	0089      	lsls	r1, r1, #2
20002d8e:	0030      	movs	r0, r6
20002d90:	f004 fa58 	bl	20007244 <__wrap___aeabi_idiv>
20002d94:	4680      	mov	r8, r0
20002d96:	17f3      	asrs	r3, r6, #31
20002d98:	18f0      	adds	r0, r6, r3
20002d9a:	4058      	eors	r0, r3
20002d9c:	21fa      	movs	r1, #250	@ 0xfa
20002d9e:	0089      	lsls	r1, r1, #2
20002da0:	f004 fa50 	bl	20007244 <__wrap___aeabi_idiv>
20002da4:	0008      	movs	r0, r1
20002da6:	2164      	movs	r1, #100	@ 0x64
20002da8:	f004 fa74 	bl	20007294 <__wrap___aeabi_uidiv>
20002dac:	9000      	str	r0, [sp, #0]
20002dae:	4643      	mov	r3, r8
20002db0:	4a1a      	ldr	r2, [pc, #104]	@ (20002e1c <st_run_analog+0x104>)
20002db2:	212c      	movs	r1, #44	@ 0x2c
20002db4:	a803      	add	r0, sp, #12
20002db6:	f006 fae7 	bl	20009388 <__wrap_snprintf>
20002dba:	4b19      	ldr	r3, [pc, #100]	@ (20002e20 <st_run_analog+0x108>)
20002dbc:	469c      	mov	ip, r3
20002dbe:	4465      	add	r5, ip
20002dc0:	4b18      	ldr	r3, [pc, #96]	@ (20002e24 <st_run_analog+0x10c>)
20002dc2:	429d      	cmp	r5, r3
20002dc4:	d819      	bhi.n	20002dfa <st_run_analog+0xe2>
20002dc6:	2100      	movs	r1, #0
20002dc8:	2500      	movs	r5, #0
20002dca:	9501      	str	r5, [sp, #4]
20002dcc:	ab03      	add	r3, sp, #12
20002dce:	9300      	str	r3, [sp, #0]
20002dd0:	0033      	movs	r3, r6
20002dd2:	0022      	movs	r2, r4
20002dd4:	200d      	movs	r0, #13
20002dd6:	f7fe ff11 	bl	20001bfc <st_send>
20002dda:	4b13      	ldr	r3, [pc, #76]	@ (20002e28 <st_run_analog+0x110>)
20002ddc:	2202      	movs	r2, #2
20002dde:	601a      	str	r2, [r3, #0]
20002de0:	9501      	str	r5, [sp, #4]
20002de2:	4b12      	ldr	r3, [pc, #72]	@ (20002e2c <st_run_analog+0x114>)
20002de4:	9300      	str	r3, [sp, #0]
20002de6:	2300      	movs	r3, #0
20002de8:	2200      	movs	r2, #0
20002dea:	2103      	movs	r1, #3
20002dec:	200c      	movs	r0, #12
20002dee:	f7fe ff05 	bl	20001bfc <st_send>
20002df2:	b00f      	add	sp, #60	@ 0x3c
20002df4:	bc40      	pop	{r6}
20002df6:	46b0      	mov	r8, r6
20002df8:	bd70      	pop	{r4, r5, r6, pc}
20002dfa:	2102      	movs	r1, #2
20002dfc:	e7e4      	b.n	20002dc8 <st_run_analog+0xb0>
20002dfe:	46c0      	nop			@ (mov r8, r8)
20002e00:	4004e000 	.word	0x4004e000
20002e04:	4004c000 	.word	0x4004c000
20002e08:	4004d000 	.word	0x4004d000
20002e0c:	00000ce4 	.word	0x00000ce4
20002e10:	fffffd3e 	.word	0xfffffd3e
20002e14:	fffff947 	.word	0xfffff947
20002e18:	00006978 	.word	0x00006978
20002e1c:	2000be68 	.word	0x2000be68
20002e20:	00009087 	.word	0x00009087
20002e24:	0001869e 	.word	0x0001869e
20002e28:	4004f000 	.word	0x4004f000
20002e2c:	2000be78 	.word	0x2000be78

20002e30 <st_run_gpio>:
20002e30:	b570      	push	{r4, r5, r6, lr}
20002e32:	46de      	mov	lr, fp
20002e34:	4656      	mov	r6, sl
20002e36:	464d      	mov	r5, r9
20002e38:	4644      	mov	r4, r8
20002e3a:	b570      	push	{r4, r5, r6, lr}
20002e3c:	b09a      	sub	sp, #104	@ 0x68
20002e3e:	ab04      	add	r3, sp, #16
20002e40:	2200      	movs	r2, #0
20002e42:	701a      	strb	r2, [r3, #0]
20002e44:	2600      	movs	r6, #0
20002e46:	4baa      	ldr	r3, [pc, #680]	@ (200030f0 <st_run_gpio+0x2c0>)
20002e48:	9303      	str	r3, [sp, #12]
20002e4a:	9302      	str	r3, [sp, #8]
20002e4c:	2300      	movs	r3, #0
20002e4e:	469a      	mov	sl, r3
20002e50:	4698      	mov	r8, r3
20002e52:	46b1      	mov	r9, r6
20002e54:	e019      	b.n	20002e8a <st_run_gpio+0x5a>
20002e56:	2301      	movs	r3, #1
20002e58:	40ab      	lsls	r3, r5
20002e5a:	4652      	mov	r2, sl
20002e5c:	431a      	orrs	r2, r3
20002e5e:	4692      	mov	sl, r2
20002e60:	9b03      	ldr	r3, [sp, #12]
20002e62:	781b      	ldrb	r3, [r3, #0]
20002e64:	2b00      	cmp	r3, #0
20002e66:	d105      	bne.n	20002e74 <st_run_gpio+0x44>
20002e68:	4ba2      	ldr	r3, [pc, #648]	@ (200030f4 <st_run_gpio+0x2c4>)
20002e6a:	464a      	mov	r2, r9
20002e6c:	00d2      	lsls	r2, r2, #3
20002e6e:	189b      	adds	r3, r3, r2
20002e70:	685b      	ldr	r3, [r3, #4]
20002e72:	9303      	str	r3, [sp, #12]
20002e74:	23d0      	movs	r3, #208	@ 0xd0
20002e76:	061b      	lsls	r3, r3, #24
20002e78:	629c      	str	r4, [r3, #40]	@ 0x28
20002e7a:	2200      	movs	r2, #0
20002e7c:	2101      	movs	r1, #1
20002e7e:	0028      	movs	r0, r5
20002e80:	f002 fbf6 	bl	20005670 <gpio_set_pulls>
20002e84:	2301      	movs	r3, #1
20002e86:	469c      	mov	ip, r3
20002e88:	44e1      	add	r9, ip
20002e8a:	4b9b      	ldr	r3, [pc, #620]	@ (200030f8 <st_run_gpio+0x2c8>)
20002e8c:	681b      	ldr	r3, [r3, #0]
20002e8e:	454b      	cmp	r3, r9
20002e90:	d956      	bls.n	20002f40 <st_run_gpio+0x110>
20002e92:	4b98      	ldr	r3, [pc, #608]	@ (200030f4 <st_run_gpio+0x2c4>)
20002e94:	464a      	mov	r2, r9
20002e96:	00d2      	lsls	r2, r2, #3
20002e98:	5cd5      	ldrb	r5, [r2, r3]
20002e9a:	f003 fff1 	bl	20006e80 <watchdog_update>
20002e9e:	0028      	movs	r0, r5
20002ea0:	f002 fc7c 	bl	2000579c <gpio_init>
20002ea4:	2401      	movs	r4, #1
20002ea6:	40ac      	lsls	r4, r5
20002ea8:	23d0      	movs	r3, #208	@ 0xd0
20002eaa:	061b      	lsls	r3, r3, #24
20002eac:	469b      	mov	fp, r3
20002eae:	629c      	str	r4, [r3, #40]	@ 0x28
20002eb0:	2200      	movs	r2, #0
20002eb2:	2101      	movs	r1, #1
20002eb4:	0028      	movs	r0, r5
20002eb6:	f002 fbdb 	bl	20005670 <gpio_set_pulls>
20002eba:	20c8      	movs	r0, #200	@ 0xc8
20002ebc:	2100      	movs	r1, #0
20002ebe:	f003 fbe9 	bl	20006694 <sleep_us>
20002ec2:	465b      	mov	r3, fp
20002ec4:	685e      	ldr	r6, [r3, #4]
20002ec6:	4026      	ands	r6, r4
20002ec8:	2201      	movs	r2, #1
20002eca:	2100      	movs	r1, #0
20002ecc:	0028      	movs	r0, r5
20002ece:	f002 fbcf 	bl	20005670 <gpio_set_pulls>
20002ed2:	20c8      	movs	r0, #200	@ 0xc8
20002ed4:	2100      	movs	r1, #0
20002ed6:	f003 fbdd 	bl	20006694 <sleep_us>
20002eda:	465b      	mov	r3, fp
20002edc:	685b      	ldr	r3, [r3, #4]
20002ede:	4023      	ands	r3, r4
20002ee0:	2e00      	cmp	r6, #0
20002ee2:	d001      	beq.n	20002ee8 <st_run_gpio+0xb8>
20002ee4:	2b00      	cmp	r3, #0
20002ee6:	d00e      	beq.n	20002f06 <st_run_gpio+0xd6>
20002ee8:	2301      	movs	r3, #1
20002eea:	40ab      	lsls	r3, r5
20002eec:	4642      	mov	r2, r8
20002eee:	431a      	orrs	r2, r3
20002ef0:	4690      	mov	r8, r2
20002ef2:	9b02      	ldr	r3, [sp, #8]
20002ef4:	781b      	ldrb	r3, [r3, #0]
20002ef6:	2b00      	cmp	r3, #0
20002ef8:	d105      	bne.n	20002f06 <st_run_gpio+0xd6>
20002efa:	4b7e      	ldr	r3, [pc, #504]	@ (200030f4 <st_run_gpio+0x2c4>)
20002efc:	464a      	mov	r2, r9
20002efe:	00d2      	lsls	r2, r2, #3
20002f00:	189b      	adds	r3, r3, r2
20002f02:	685b      	ldr	r3, [r3, #4]
20002f04:	9302      	str	r3, [sp, #8]
20002f06:	2200      	movs	r2, #0
20002f08:	2100      	movs	r1, #0
20002f0a:	0028      	movs	r0, r5
20002f0c:	f002 fbb0 	bl	20005670 <gpio_set_pulls>
20002f10:	26d0      	movs	r6, #208	@ 0xd0
20002f12:	0636      	lsls	r6, r6, #24
20002f14:	6274      	str	r4, [r6, #36]	@ 0x24
20002f16:	6174      	str	r4, [r6, #20]
20002f18:	20c8      	movs	r0, #200	@ 0xc8
20002f1a:	2100      	movs	r1, #0
20002f1c:	f003 fbba 	bl	20006694 <sleep_us>
20002f20:	6873      	ldr	r3, [r6, #4]
20002f22:	4023      	ands	r3, r4
20002f24:	469b      	mov	fp, r3
20002f26:	61b4      	str	r4, [r6, #24]
20002f28:	20c8      	movs	r0, #200	@ 0xc8
20002f2a:	2100      	movs	r1, #0
20002f2c:	f003 fbb2 	bl	20006694 <sleep_us>
20002f30:	6873      	ldr	r3, [r6, #4]
20002f32:	4023      	ands	r3, r4
20002f34:	465a      	mov	r2, fp
20002f36:	2a00      	cmp	r2, #0
20002f38:	d08d      	beq.n	20002e56 <st_run_gpio+0x26>
20002f3a:	2b00      	cmp	r3, #0
20002f3c:	d09a      	beq.n	20002e74 <st_run_gpio+0x44>
20002f3e:	e78a      	b.n	20002e56 <st_run_gpio+0x26>
20002f40:	20fa      	movs	r0, #250	@ 0xfa
20002f42:	0040      	lsls	r0, r0, #1
20002f44:	2100      	movs	r1, #0
20002f46:	f003 fba5 	bl	20006694 <sleep_us>
20002f4a:	2500      	movs	r5, #0
20002f4c:	2300      	movs	r3, #0
20002f4e:	4699      	mov	r9, r3
20002f50:	e03b      	b.n	20002fca <st_run_gpio+0x19a>
20002f52:	3401      	adds	r4, #1
20002f54:	4b68      	ldr	r3, [pc, #416]	@ (200030f8 <st_run_gpio+0x2c8>)
20002f56:	681b      	ldr	r3, [r3, #0]
20002f58:	42a3      	cmp	r3, r4
20002f5a:	d924      	bls.n	20002fa6 <st_run_gpio+0x176>
20002f5c:	42a5      	cmp	r5, r4
20002f5e:	d0f8      	beq.n	20002f52 <st_run_gpio+0x122>
20002f60:	4b64      	ldr	r3, [pc, #400]	@ (200030f4 <st_run_gpio+0x2c4>)
20002f62:	00e2      	lsls	r2, r4, #3
20002f64:	5cd2      	ldrb	r2, [r2, r3]
20002f66:	23d0      	movs	r3, #208	@ 0xd0
20002f68:	061b      	lsls	r3, r3, #24
20002f6a:	6859      	ldr	r1, [r3, #4]
20002f6c:	2301      	movs	r3, #1
20002f6e:	4093      	lsls	r3, r2
20002f70:	420b      	tst	r3, r1
20002f72:	d1ee      	bne.n	20002f52 <st_run_gpio+0x122>
20002f74:	2301      	movs	r3, #1
20002f76:	0019      	movs	r1, r3
20002f78:	4648      	mov	r0, r9
20002f7a:	4081      	lsls	r1, r0
20002f7c:	4093      	lsls	r3, r2
20002f7e:	430b      	orrs	r3, r1
20002f80:	431e      	orrs	r6, r3
20002f82:	ab04      	add	r3, sp, #16
20002f84:	781b      	ldrb	r3, [r3, #0]
20002f86:	2b00      	cmp	r3, #0
20002f88:	d1e3      	bne.n	20002f52 <st_run_gpio+0x122>
20002f8a:	495a      	ldr	r1, [pc, #360]	@ (200030f4 <st_run_gpio+0x2c4>)
20002f8c:	00eb      	lsls	r3, r5, #3
20002f8e:	18cb      	adds	r3, r1, r3
20002f90:	685b      	ldr	r3, [r3, #4]
20002f92:	4a5a      	ldr	r2, [pc, #360]	@ (200030fc <st_run_gpio+0x2cc>)
20002f94:	00e0      	lsls	r0, r4, #3
20002f96:	1809      	adds	r1, r1, r0
20002f98:	6849      	ldr	r1, [r1, #4]
20002f9a:	9100      	str	r1, [sp, #0]
20002f9c:	212c      	movs	r1, #44	@ 0x2c
20002f9e:	a804      	add	r0, sp, #16
20002fa0:	f006 f9f2 	bl	20009388 <__wrap_snprintf>
20002fa4:	e7d5      	b.n	20002f52 <st_run_gpio+0x122>
20002fa6:	464b      	mov	r3, r9
20002fa8:	46b1      	mov	r9, r6
20002faa:	001e      	movs	r6, r3
20002fac:	23d0      	movs	r3, #208	@ 0xd0
20002fae:	061b      	lsls	r3, r3, #24
20002fb0:	465a      	mov	r2, fp
20002fb2:	629a      	str	r2, [r3, #40]	@ 0x28
20002fb4:	2200      	movs	r2, #0
20002fb6:	2101      	movs	r1, #1
20002fb8:	0030      	movs	r0, r6
20002fba:	f002 fb59 	bl	20005670 <gpio_set_pulls>
20002fbe:	2096      	movs	r0, #150	@ 0x96
20002fc0:	0040      	lsls	r0, r0, #1
20002fc2:	2100      	movs	r1, #0
20002fc4:	f003 fb66 	bl	20006694 <sleep_us>
20002fc8:	3501      	adds	r5, #1
20002fca:	4b4b      	ldr	r3, [pc, #300]	@ (200030f8 <st_run_gpio+0x2c8>)
20002fcc:	681b      	ldr	r3, [r3, #0]
20002fce:	42ab      	cmp	r3, r5
20002fd0:	d91b      	bls.n	2000300a <st_run_gpio+0x1da>
20002fd2:	4b48      	ldr	r3, [pc, #288]	@ (200030f4 <st_run_gpio+0x2c4>)
20002fd4:	00ea      	lsls	r2, r5, #3
20002fd6:	5cd6      	ldrb	r6, [r2, r3]
20002fd8:	f003 ff52 	bl	20006e80 <watchdog_update>
20002fdc:	2200      	movs	r2, #0
20002fde:	2100      	movs	r1, #0
20002fe0:	0030      	movs	r0, r6
20002fe2:	f002 fb45 	bl	20005670 <gpio_set_pulls>
20002fe6:	2301      	movs	r3, #1
20002fe8:	40b3      	lsls	r3, r6
20002fea:	469b      	mov	fp, r3
20002fec:	23d0      	movs	r3, #208	@ 0xd0
20002fee:	061b      	lsls	r3, r3, #24
20002ff0:	465a      	mov	r2, fp
20002ff2:	625a      	str	r2, [r3, #36]	@ 0x24
20002ff4:	619a      	str	r2, [r3, #24]
20002ff6:	2096      	movs	r0, #150	@ 0x96
20002ff8:	0040      	lsls	r0, r0, #1
20002ffa:	2100      	movs	r1, #0
20002ffc:	f003 fb4a 	bl	20006694 <sleep_us>
20003000:	2400      	movs	r4, #0
20003002:	0033      	movs	r3, r6
20003004:	464e      	mov	r6, r9
20003006:	4699      	mov	r9, r3
20003008:	e7a4      	b.n	20002f54 <st_run_gpio+0x124>
2000300a:	2400      	movs	r4, #0
2000300c:	e005      	b.n	2000301a <st_run_gpio+0x1ea>
2000300e:	4b39      	ldr	r3, [pc, #228]	@ (200030f4 <st_run_gpio+0x2c4>)
20003010:	00e2      	lsls	r2, r4, #3
20003012:	5cd0      	ldrb	r0, [r2, r3]
20003014:	f7fd fe62 	bl	20000cdc <st_pin_release>
20003018:	3401      	adds	r4, #1
2000301a:	4b37      	ldr	r3, [pc, #220]	@ (200030f8 <st_run_gpio+0x2c8>)
2000301c:	681b      	ldr	r3, [r3, #0]
2000301e:	42a3      	cmp	r3, r4
20003020:	d8f5      	bhi.n	2000300e <st_run_gpio+0x1de>
20003022:	200d      	movs	r0, #13
20003024:	f002 fbba 	bl	2000579c <gpio_init>
20003028:	24d0      	movs	r4, #208	@ 0xd0
2000302a:	0624      	lsls	r4, r4, #24
2000302c:	2380      	movs	r3, #128	@ 0x80
2000302e:	019b      	lsls	r3, r3, #6
20003030:	6263      	str	r3, [r4, #36]	@ 0x24
20003032:	6163      	str	r3, [r4, #20]
20003034:	200e      	movs	r0, #14
20003036:	f002 fbb1 	bl	2000579c <gpio_init>
2000303a:	2380      	movs	r3, #128	@ 0x80
2000303c:	01db      	lsls	r3, r3, #7
2000303e:	6263      	str	r3, [r4, #36]	@ 0x24
20003040:	61a3      	str	r3, [r4, #24]
20003042:	4b2d      	ldr	r3, [pc, #180]	@ (200030f8 <st_run_gpio+0x2c8>)
20003044:	681b      	ldr	r3, [r3, #0]
20003046:	4642      	mov	r2, r8
20003048:	2a00      	cmp	r2, #0
2000304a:	d101      	bne.n	20003050 <st_run_gpio+0x220>
2000304c:	4a2c      	ldr	r2, [pc, #176]	@ (20003100 <st_run_gpio+0x2d0>)
2000304e:	9202      	str	r2, [sp, #8]
20003050:	4a2c      	ldr	r2, [pc, #176]	@ (20003104 <st_run_gpio+0x2d4>)
20003052:	ac0f      	add	r4, sp, #60	@ 0x3c
20003054:	9902      	ldr	r1, [sp, #8]
20003056:	9100      	str	r1, [sp, #0]
20003058:	212c      	movs	r1, #44	@ 0x2c
2000305a:	0020      	movs	r0, r4
2000305c:	f006 f994 	bl	20009388 <__wrap_snprintf>
20003060:	4d25      	ldr	r5, [pc, #148]	@ (200030f8 <st_run_gpio+0x2c8>)
20003062:	682b      	ldr	r3, [r5, #0]
20003064:	4641      	mov	r1, r8
20003066:	1e4a      	subs	r2, r1, #1
20003068:	4191      	sbcs	r1, r2
2000306a:	b2c9      	uxtb	r1, r1
2000306c:	2200      	movs	r2, #0
2000306e:	9201      	str	r2, [sp, #4]
20003070:	9400      	str	r4, [sp, #0]
20003072:	4642      	mov	r2, r8
20003074:	200f      	movs	r0, #15
20003076:	f7fe fdc1 	bl	20001bfc <st_send>
2000307a:	682b      	ldr	r3, [r5, #0]
2000307c:	4652      	mov	r2, sl
2000307e:	2a00      	cmp	r2, #0
20003080:	d101      	bne.n	20003086 <st_run_gpio+0x256>
20003082:	4a21      	ldr	r2, [pc, #132]	@ (20003108 <st_run_gpio+0x2d8>)
20003084:	9203      	str	r2, [sp, #12]
20003086:	4a1f      	ldr	r2, [pc, #124]	@ (20003104 <st_run_gpio+0x2d4>)
20003088:	ac0f      	add	r4, sp, #60	@ 0x3c
2000308a:	9903      	ldr	r1, [sp, #12]
2000308c:	9100      	str	r1, [sp, #0]
2000308e:	212c      	movs	r1, #44	@ 0x2c
20003090:	0020      	movs	r0, r4
20003092:	f006 f979 	bl	20009388 <__wrap_snprintf>
20003096:	4b18      	ldr	r3, [pc, #96]	@ (200030f8 <st_run_gpio+0x2c8>)
20003098:	681b      	ldr	r3, [r3, #0]
2000309a:	4651      	mov	r1, sl
2000309c:	1e4a      	subs	r2, r1, #1
2000309e:	4191      	sbcs	r1, r2
200030a0:	b2c9      	uxtb	r1, r1
200030a2:	2200      	movs	r2, #0
200030a4:	9201      	str	r2, [sp, #4]
200030a6:	9400      	str	r4, [sp, #0]
200030a8:	4652      	mov	r2, sl
200030aa:	200e      	movs	r0, #14
200030ac:	f7fe fda6 	bl	20001bfc <st_send>
200030b0:	464b      	mov	r3, r9
200030b2:	2b00      	cmp	r3, #0
200030b4:	d01a      	beq.n	200030ec <st_run_gpio+0x2bc>
200030b6:	ab04      	add	r3, sp, #16
200030b8:	4a14      	ldr	r2, [pc, #80]	@ (2000310c <st_run_gpio+0x2dc>)
200030ba:	ac0f      	add	r4, sp, #60	@ 0x3c
200030bc:	212c      	movs	r1, #44	@ 0x2c
200030be:	0020      	movs	r0, r4
200030c0:	f006 f962 	bl	20009388 <__wrap_snprintf>
200030c4:	4b0c      	ldr	r3, [pc, #48]	@ (200030f8 <st_run_gpio+0x2c8>)
200030c6:	681b      	ldr	r3, [r3, #0]
200030c8:	4649      	mov	r1, r9
200030ca:	1e4a      	subs	r2, r1, #1
200030cc:	4191      	sbcs	r1, r2
200030ce:	b2c9      	uxtb	r1, r1
200030d0:	2200      	movs	r2, #0
200030d2:	9201      	str	r2, [sp, #4]
200030d4:	9400      	str	r4, [sp, #0]
200030d6:	464a      	mov	r2, r9
200030d8:	2010      	movs	r0, #16
200030da:	f7fe fd8f 	bl	20001bfc <st_send>
200030de:	b01a      	add	sp, #104	@ 0x68
200030e0:	bc78      	pop	{r3, r4, r5, r6}
200030e2:	46b3      	mov	fp, r6
200030e4:	46aa      	mov	sl, r5
200030e6:	46a1      	mov	r9, r4
200030e8:	4698      	mov	r8, r3
200030ea:	bd70      	pop	{r4, r5, r6, pc}
200030ec:	4b08      	ldr	r3, [pc, #32]	@ (20003110 <st_run_gpio+0x2e0>)
200030ee:	e7e3      	b.n	200030b8 <st_run_gpio+0x288>
200030f0:	2000be94 	.word	0x2000be94
200030f4:	2003085c 	.word	0x2003085c
200030f8:	20030858 	.word	0x20030858
200030fc:	2000bec4 	.word	0x2000bec4
20003100:	2000be98 	.word	0x2000be98
20003104:	2000bed0 	.word	0x2000bed0
20003108:	2000bea4 	.word	0x2000bea4
2000310c:	2000bedc 	.word	0x2000bedc
20003110:	2000beb0 	.word	0x2000beb0

20003114 <st_run_chip_pu>:
20003114:	b570      	push	{r4, r5, r6, lr}
20003116:	46ce      	mov	lr, r9
20003118:	4646      	mov	r6, r8
2000311a:	b540      	push	{r6, lr}
2000311c:	b08e      	sub	sp, #56	@ 0x38
2000311e:	201c      	movs	r0, #28
20003120:	f002 fb3c 	bl	2000579c <gpio_init>
20003124:	23d0      	movs	r3, #208	@ 0xd0
20003126:	061b      	lsls	r3, r3, #24
20003128:	4698      	mov	r8, r3
2000312a:	001a      	movs	r2, r3
2000312c:	2380      	movs	r3, #128	@ 0x80
2000312e:	055b      	lsls	r3, r3, #21
20003130:	6293      	str	r3, [r2, #40]	@ 0x28
20003132:	2200      	movs	r2, #0
20003134:	2100      	movs	r1, #0
20003136:	201c      	movs	r0, #28
20003138:	f002 fa9a 	bl	20005670 <gpio_set_pulls>
2000313c:	24fa      	movs	r4, #250	@ 0xfa
2000313e:	0064      	lsls	r4, r4, #1
20003140:	2500      	movs	r5, #0
20003142:	0020      	movs	r0, r4
20003144:	0029      	movs	r1, r5
20003146:	f003 faa5 	bl	20006694 <sleep_us>
2000314a:	4642      	mov	r2, r8
2000314c:	6856      	ldr	r6, [r2, #4]
2000314e:	2380      	movs	r3, #128	@ 0x80
20003150:	055b      	lsls	r3, r3, #21
20003152:	401e      	ands	r6, r3
20003154:	00f3      	lsls	r3, r6, #3
20003156:	0fda      	lsrs	r2, r3, #31
20003158:	4691      	mov	r9, r2
2000315a:	2201      	movs	r2, #1
2000315c:	2100      	movs	r1, #0
2000315e:	201c      	movs	r0, #28
20003160:	f002 fa86 	bl	20005670 <gpio_set_pulls>
20003164:	0020      	movs	r0, r4
20003166:	0029      	movs	r1, r5
20003168:	f003 fa94 	bl	20006694 <sleep_us>
2000316c:	4642      	mov	r2, r8
2000316e:	6854      	ldr	r4, [r2, #4]
20003170:	2380      	movs	r3, #128	@ 0x80
20003172:	055b      	lsls	r3, r3, #21
20003174:	401c      	ands	r4, r3
20003176:	00e5      	lsls	r5, r4, #3
20003178:	0fed      	lsrs	r5, r5, #31
2000317a:	2200      	movs	r2, #0
2000317c:	2100      	movs	r1, #0
2000317e:	201c      	movs	r0, #28
20003180:	f002 fa76 	bl	20005670 <gpio_set_pulls>
20003184:	2200      	movs	r2, #0
20003186:	2101      	movs	r1, #1
20003188:	201c      	movs	r0, #28
2000318a:	f002 fa71 	bl	20005670 <gpio_set_pulls>
2000318e:	2c00      	cmp	r4, #0
20003190:	d00b      	beq.n	200031aa <st_run_chip_pu+0x96>
20003192:	4b10      	ldr	r3, [pc, #64]	@ (200031d4 <st_run_chip_pu+0xc0>)
20003194:	4a10      	ldr	r2, [pc, #64]	@ (200031d8 <st_run_chip_pu+0xc4>)
20003196:	212c      	movs	r1, #44	@ 0x2c
20003198:	a803      	add	r0, sp, #12
2000319a:	f006 f8f5 	bl	20009388 <__wrap_snprintf>
2000319e:	2e00      	cmp	r6, #0
200031a0:	d005      	beq.n	200031ae <st_run_chip_pu+0x9a>
200031a2:	2c00      	cmp	r4, #0
200031a4:	d113      	bne.n	200031ce <st_run_chip_pu+0xba>
200031a6:	2101      	movs	r1, #1
200031a8:	e002      	b.n	200031b0 <st_run_chip_pu+0x9c>
200031aa:	4b0c      	ldr	r3, [pc, #48]	@ (200031dc <st_run_chip_pu+0xc8>)
200031ac:	e7f2      	b.n	20003194 <st_run_chip_pu+0x80>
200031ae:	2101      	movs	r1, #1
200031b0:	b2c9      	uxtb	r1, r1
200031b2:	2300      	movs	r3, #0
200031b4:	9301      	str	r3, [sp, #4]
200031b6:	ab03      	add	r3, sp, #12
200031b8:	9300      	str	r3, [sp, #0]
200031ba:	002b      	movs	r3, r5
200031bc:	464a      	mov	r2, r9
200031be:	2044      	movs	r0, #68	@ 0x44
200031c0:	f7fe fd1c 	bl	20001bfc <st_send>
200031c4:	b00e      	add	sp, #56	@ 0x38
200031c6:	bc60      	pop	{r5, r6}
200031c8:	46b1      	mov	r9, r6
200031ca:	46a8      	mov	r8, r5
200031cc:	bd70      	pop	{r4, r5, r6, pc}
200031ce:	2100      	movs	r1, #0
200031d0:	e7ee      	b.n	200031b0 <st_run_chip_pu+0x9c>
200031d2:	46c0      	nop			@ (mov r8, r8)
200031d4:	2000bee0 	.word	0x2000bee0
200031d8:	2000beec 	.word	0x2000beec
200031dc:	2000bee4 	.word	0x2000bee4

200031e0 <st_run_switch>:
200031e0:	b570      	push	{r4, r5, r6, lr}
200031e2:	46de      	mov	lr, fp
200031e4:	4656      	mov	r6, sl
200031e6:	464d      	mov	r5, r9
200031e8:	4644      	mov	r4, r8
200031ea:	b570      	push	{r4, r5, r6, lr}
200031ec:	b090      	sub	sp, #64	@ 0x40
200031ee:	0005      	movs	r5, r0
200031f0:	000c      	movs	r4, r1
200031f2:	4b5e      	ldr	r3, [pc, #376]	@ (2000336c <st_run_switch+0x18c>)
200031f4:	781b      	ldrb	r3, [r3, #0]
200031f6:	075b      	lsls	r3, r3, #29
200031f8:	d51b      	bpl.n	20003232 <st_run_switch+0x52>
200031fa:	2008      	movs	r0, #8
200031fc:	f002 face 	bl	2000579c <gpio_init>
20003200:	26d0      	movs	r6, #208	@ 0xd0
20003202:	0636      	lsls	r6, r6, #24
20003204:	2380      	movs	r3, #128	@ 0x80
20003206:	005b      	lsls	r3, r3, #1
20003208:	6273      	str	r3, [r6, #36]	@ 0x24
2000320a:	2009      	movs	r0, #9
2000320c:	f002 fac6 	bl	2000579c <gpio_init>
20003210:	2380      	movs	r3, #128	@ 0x80
20003212:	009b      	lsls	r3, r3, #2
20003214:	6273      	str	r3, [r6, #36]	@ 0x24
20003216:	6173      	str	r3, [r6, #20]
20003218:	2002      	movs	r0, #2
2000321a:	f003 fa51 	bl	200066c0 <sleep_ms>
2000321e:	ab04      	add	r3, sp, #16
20003220:	4a53      	ldr	r2, [pc, #332]	@ (20003370 <st_run_switch+0x190>)
20003222:	801a      	strh	r2, [r3, #0]
20003224:	2300      	movs	r3, #0
20003226:	2200      	movs	r2, #0
20003228:	4692      	mov	sl, r2
2000322a:	46a8      	mov	r8, r5
2000322c:	001d      	movs	r5, r3
2000322e:	46a3      	mov	fp, r4
20003230:	e01d      	b.n	2000326e <st_run_switch+0x8e>
20003232:	2500      	movs	r5, #0
20003234:	9501      	str	r5, [sp, #4]
20003236:	4c4f      	ldr	r4, [pc, #316]	@ (20003374 <st_run_switch+0x194>)
20003238:	9400      	str	r4, [sp, #0]
2000323a:	2300      	movs	r3, #0
2000323c:	2200      	movs	r2, #0
2000323e:	2103      	movs	r1, #3
20003240:	2011      	movs	r0, #17
20003242:	f7fe fcdb 	bl	20001bfc <st_send>
20003246:	9501      	str	r5, [sp, #4]
20003248:	9400      	str	r4, [sp, #0]
2000324a:	2300      	movs	r3, #0
2000324c:	2200      	movs	r2, #0
2000324e:	2103      	movs	r1, #3
20003250:	2012      	movs	r0, #18
20003252:	f7fe fcd3 	bl	20001bfc <st_send>
20003256:	e071      	b.n	2000333c <st_run_switch+0x15c>
20003258:	2301      	movs	r3, #1
2000325a:	40a3      	lsls	r3, r4
2000325c:	4652      	mov	r2, sl
2000325e:	431a      	orrs	r2, r3
20003260:	4692      	mov	sl, r2
20003262:	2200      	movs	r2, #0
20003264:	2100      	movs	r1, #0
20003266:	0020      	movs	r0, r4
20003268:	f002 fa02 	bl	20005670 <gpio_set_pulls>
2000326c:	3501      	adds	r5, #1
2000326e:	2d01      	cmp	r5, #1
20003270:	dc2b      	bgt.n	200032ca <st_run_switch+0xea>
20003272:	ab04      	add	r3, sp, #16
20003274:	5d5c      	ldrb	r4, [r3, r5]
20003276:	0020      	movs	r0, r4
20003278:	f002 fa90 	bl	2000579c <gpio_init>
2000327c:	2601      	movs	r6, #1
2000327e:	40a6      	lsls	r6, r4
20003280:	23d0      	movs	r3, #208	@ 0xd0
20003282:	061b      	lsls	r3, r3, #24
20003284:	4699      	mov	r9, r3
20003286:	629e      	str	r6, [r3, #40]	@ 0x28
20003288:	2200      	movs	r2, #0
2000328a:	2101      	movs	r1, #1
2000328c:	0020      	movs	r0, r4
2000328e:	f002 f9ef 	bl	20005670 <gpio_set_pulls>
20003292:	20fa      	movs	r0, #250	@ 0xfa
20003294:	0040      	lsls	r0, r0, #1
20003296:	2100      	movs	r1, #0
20003298:	f003 f9fc 	bl	20006694 <sleep_us>
2000329c:	464b      	mov	r3, r9
2000329e:	685b      	ldr	r3, [r3, #4]
200032a0:	4033      	ands	r3, r6
200032a2:	9303      	str	r3, [sp, #12]
200032a4:	2201      	movs	r2, #1
200032a6:	2100      	movs	r1, #0
200032a8:	0020      	movs	r0, r4
200032aa:	f002 f9e1 	bl	20005670 <gpio_set_pulls>
200032ae:	20fa      	movs	r0, #250	@ 0xfa
200032b0:	0040      	lsls	r0, r0, #1
200032b2:	2100      	movs	r1, #0
200032b4:	f003 f9ee 	bl	20006694 <sleep_us>
200032b8:	464a      	mov	r2, r9
200032ba:	6853      	ldr	r3, [r2, #4]
200032bc:	401e      	ands	r6, r3
200032be:	9b03      	ldr	r3, [sp, #12]
200032c0:	2b00      	cmp	r3, #0
200032c2:	d0c9      	beq.n	20003258 <st_run_switch+0x78>
200032c4:	2e00      	cmp	r6, #0
200032c6:	d0cc      	beq.n	20003262 <st_run_switch+0x82>
200032c8:	e7c6      	b.n	20003258 <st_run_switch+0x78>
200032ca:	4645      	mov	r5, r8
200032cc:	465c      	mov	r4, fp
200032ce:	2c00      	cmp	r4, #0
200032d0:	d03b      	beq.n	2000334a <st_run_switch+0x16a>
200032d2:	23d0      	movs	r3, #208	@ 0xd0
200032d4:	061b      	lsls	r3, r3, #24
200032d6:	2280      	movs	r2, #128	@ 0x80
200032d8:	0092      	lsls	r2, r2, #2
200032da:	615a      	str	r2, [r3, #20]
200032dc:	2d00      	cmp	r5, #0
200032de:	d03a      	beq.n	20003356 <st_run_switch+0x176>
200032e0:	23d0      	movs	r3, #208	@ 0xd0
200032e2:	061b      	lsls	r3, r3, #24
200032e4:	2280      	movs	r2, #128	@ 0x80
200032e6:	0052      	lsls	r2, r2, #1
200032e8:	615a      	str	r2, [r3, #20]
200032ea:	2301      	movs	r3, #1
200032ec:	2c00      	cmp	r4, #0
200032ee:	d039      	beq.n	20003364 <st_run_switch+0x184>
200032f0:	2101      	movs	r1, #1
200032f2:	4a21      	ldr	r2, [pc, #132]	@ (20003378 <st_run_switch+0x198>)
200032f4:	ae05      	add	r6, sp, #20
200032f6:	9100      	str	r1, [sp, #0]
200032f8:	212c      	movs	r1, #44	@ 0x2c
200032fa:	0030      	movs	r0, r6
200032fc:	f006 f844 	bl	20009388 <__wrap_snprintf>
20003300:	2300      	movs	r3, #0
20003302:	9301      	str	r3, [sp, #4]
20003304:	9600      	str	r6, [sp, #0]
20003306:	0023      	movs	r3, r4
20003308:	002a      	movs	r2, r5
2000330a:	2100      	movs	r1, #0
2000330c:	2011      	movs	r0, #17
2000330e:	f7fe fc75 	bl	20001bfc <st_send>
20003312:	4653      	mov	r3, sl
20003314:	2b00      	cmp	r3, #0
20003316:	d027      	beq.n	20003368 <st_run_switch+0x188>
20003318:	4b18      	ldr	r3, [pc, #96]	@ (2000337c <st_run_switch+0x19c>)
2000331a:	4a19      	ldr	r2, [pc, #100]	@ (20003380 <st_run_switch+0x1a0>)
2000331c:	ac05      	add	r4, sp, #20
2000331e:	212c      	movs	r1, #44	@ 0x2c
20003320:	0020      	movs	r0, r4
20003322:	f006 f831 	bl	20009388 <__wrap_snprintf>
20003326:	4652      	mov	r2, sl
20003328:	0011      	movs	r1, r2
2000332a:	1e4b      	subs	r3, r1, #1
2000332c:	4199      	sbcs	r1, r3
2000332e:	b2c9      	uxtb	r1, r1
20003330:	2300      	movs	r3, #0
20003332:	9301      	str	r3, [sp, #4]
20003334:	9400      	str	r4, [sp, #0]
20003336:	2012      	movs	r0, #18
20003338:	f7fe fc60 	bl	20001bfc <st_send>
2000333c:	b010      	add	sp, #64	@ 0x40
2000333e:	bc78      	pop	{r3, r4, r5, r6}
20003340:	46b3      	mov	fp, r6
20003342:	46aa      	mov	sl, r5
20003344:	46a1      	mov	r9, r4
20003346:	4698      	mov	r8, r3
20003348:	bd70      	pop	{r4, r5, r6, pc}
2000334a:	23d0      	movs	r3, #208	@ 0xd0
2000334c:	061b      	lsls	r3, r3, #24
2000334e:	2280      	movs	r2, #128	@ 0x80
20003350:	0092      	lsls	r2, r2, #2
20003352:	619a      	str	r2, [r3, #24]
20003354:	e7c2      	b.n	200032dc <st_run_switch+0xfc>
20003356:	23d0      	movs	r3, #208	@ 0xd0
20003358:	061b      	lsls	r3, r3, #24
2000335a:	2280      	movs	r2, #128	@ 0x80
2000335c:	0052      	lsls	r2, r2, #1
2000335e:	619a      	str	r2, [r3, #24]
20003360:	2300      	movs	r3, #0
20003362:	e7c3      	b.n	200032ec <st_run_switch+0x10c>
20003364:	2100      	movs	r1, #0
20003366:	e7c4      	b.n	200032f2 <st_run_switch+0x112>
20003368:	4b06      	ldr	r3, [pc, #24]	@ (20003384 <st_run_switch+0x1a4>)
2000336a:	e7d6      	b.n	2000331a <st_run_switch+0x13a>
2000336c:	2003099b 	.word	0x2003099b
20003370:	00001514 	.word	0x00001514
20003374:	2000bb2c 	.word	0x2000bb2c
20003378:	2000bf2c 	.word	0x2000bf2c
2000337c:	2000befc 	.word	0x2000befc
20003380:	2000bedc 	.word	0x2000bedc
20003384:	2000bf18 	.word	0x2000bf18

20003388 <ota_run_selftest>:
20003388:	b570      	push	{r4, r5, r6, lr}
2000338a:	46d6      	mov	lr, sl
2000338c:	464e      	mov	r6, r9
2000338e:	4645      	mov	r5, r8
20003390:	b560      	push	{r5, r6, lr}
20003392:	b09b      	sub	sp, #108	@ 0x6c
20003394:	4bb5      	ldr	r3, [pc, #724]	@ (2000366c <ota_run_selftest+0x2e4>)
20003396:	2200      	movs	r2, #0
20003398:	701a      	strb	r2, [r3, #0]
2000339a:	4bb5      	ldr	r3, [pc, #724]	@ (20003670 <ota_run_selftest+0x2e8>)
2000339c:	601a      	str	r2, [r3, #0]
2000339e:	23d0      	movs	r3, #208	@ 0xd0
200033a0:	061b      	lsls	r3, r3, #24
200033a2:	691e      	ldr	r6, [r3, #16]
200033a4:	3201      	adds	r2, #1
200033a6:	32ff      	adds	r2, #255	@ 0xff
200033a8:	4016      	ands	r6, r2
200033aa:	05f2      	lsls	r2, r6, #23
200033ac:	0fd2      	lsrs	r2, r2, #31
200033ae:	4692      	mov	sl, r2
200033b0:	691d      	ldr	r5, [r3, #16]
200033b2:	2380      	movs	r3, #128	@ 0x80
200033b4:	009b      	lsls	r3, r3, #2
200033b6:	401d      	ands	r5, r3
200033b8:	46a8      	mov	r8, r5
200033ba:	05ab      	lsls	r3, r5, #22
200033bc:	0fdb      	lsrs	r3, r3, #31
200033be:	4699      	mov	r9, r3
200033c0:	ab0e      	add	r3, sp, #56	@ 0x38
200033c2:	4aac      	ldr	r2, [pc, #688]	@ (20003674 <ota_run_selftest+0x2ec>)
200033c4:	801a      	strh	r2, [r3, #0]
200033c6:	2200      	movs	r2, #0
200033c8:	e014      	b.n	200033f4 <ota_run_selftest+0x6c>
200033ca:	ab0e      	add	r3, sp, #56	@ 0x38
200033cc:	5c99      	ldrb	r1, [r3, r2]
200033ce:	0089      	lsls	r1, r1, #2
200033d0:	4ba9      	ldr	r3, [pc, #676]	@ (20003678 <ota_run_selftest+0x2f0>)
200033d2:	469c      	mov	ip, r3
200033d4:	4461      	add	r1, ip
200033d6:	6848      	ldr	r0, [r1, #4]
200033d8:	2308      	movs	r3, #8
200033da:	4003      	ands	r3, r0
200033dc:	071b      	lsls	r3, r3, #28
200033de:	0fdb      	lsrs	r3, r3, #31
200033e0:	a80d      	add	r0, sp, #52	@ 0x34
200033e2:	5483      	strb	r3, [r0, r2]
200033e4:	6849      	ldr	r1, [r1, #4]
200033e6:	2304      	movs	r3, #4
200033e8:	400b      	ands	r3, r1
200033ea:	075b      	lsls	r3, r3, #29
200033ec:	0fdb      	lsrs	r3, r3, #31
200033ee:	a90c      	add	r1, sp, #48	@ 0x30
200033f0:	548b      	strb	r3, [r1, r2]
200033f2:	3201      	adds	r2, #1
200033f4:	2a01      	cmp	r2, #1
200033f6:	d9e8      	bls.n	200033ca <ota_run_selftest+0x42>
200033f8:	2100      	movs	r1, #0
200033fa:	e00c      	b.n	20003416 <ota_run_selftest+0x8e>
200033fc:	4b9c      	ldr	r3, [pc, #624]	@ (20003670 <ota_run_selftest+0x2e8>)
200033fe:	681a      	ldr	r2, [r3, #0]
20003400:	1c50      	adds	r0, r2, #1
20003402:	6018      	str	r0, [r3, #0]
20003404:	4b9d      	ldr	r3, [pc, #628]	@ (2000367c <ota_run_selftest+0x2f4>)
20003406:	00d0      	lsls	r0, r2, #3
20003408:	4a9d      	ldr	r2, [pc, #628]	@ (20003680 <ota_run_selftest+0x2f8>)
2000340a:	00cc      	lsls	r4, r1, #3
2000340c:	181b      	adds	r3, r3, r0
2000340e:	1912      	adds	r2, r2, r4
20003410:	ca11      	ldmia	r2!, {r0, r4}
20003412:	c311      	stmia	r3!, {r0, r4}
20003414:	3101      	adds	r1, #1
20003416:	2909      	cmp	r1, #9
20003418:	d9f0      	bls.n	200033fc <ota_run_selftest+0x74>
2000341a:	4b9a      	ldr	r3, [pc, #616]	@ (20003684 <ota_run_selftest+0x2fc>)
2000341c:	781a      	ldrb	r2, [r3, #0]
2000341e:	0753      	lsls	r3, r2, #29
20003420:	d500      	bpl.n	20003424 <ota_run_selftest+0x9c>
20003422:	e0af      	b.n	20003584 <ota_run_selftest+0x1fc>
20003424:	4b98      	ldr	r3, [pc, #608]	@ (20003688 <ota_run_selftest+0x300>)
20003426:	7819      	ldrb	r1, [r3, #0]
20003428:	4898      	ldr	r0, [pc, #608]	@ (2000368c <ota_run_selftest+0x304>)
2000342a:	f006 f9c3 	bl	200097b4 <__wrap_printf>
2000342e:	4c98      	ldr	r4, [pc, #608]	@ (20003690 <ota_run_selftest+0x308>)
20003430:	0023      	movs	r3, r4
20003432:	3314      	adds	r3, #20
20003434:	0022      	movs	r2, r4
20003436:	3218      	adds	r2, #24
20003438:	ad0f      	add	r5, sp, #60	@ 0x3c
2000343a:	0021      	movs	r1, r4
2000343c:	3120      	adds	r1, #32
2000343e:	9100      	str	r1, [sp, #0]
20003440:	212c      	movs	r1, #44	@ 0x2c
20003442:	0028      	movs	r0, r5
20003444:	f005 ffa0 	bl	20009388 <__wrap_snprintf>
20003448:	2300      	movs	r3, #0
2000344a:	9301      	str	r3, [sp, #4]
2000344c:	9500      	str	r5, [sp, #0]
2000344e:	2207      	movs	r2, #7
20003450:	2104      	movs	r1, #4
20003452:	2001      	movs	r0, #1
20003454:	f7fe fbd2 	bl	20001bfc <st_send>
20003458:	4b8e      	ldr	r3, [pc, #568]	@ (20003694 <ota_run_selftest+0x30c>)
2000345a:	681b      	ldr	r3, [r3, #0]
2000345c:	0022      	movs	r2, r4
2000345e:	3224      	adds	r2, #36	@ 0x24
20003460:	212c      	movs	r1, #44	@ 0x2c
20003462:	0028      	movs	r0, r5
20003464:	f005 ff90 	bl	20009388 <__wrap_snprintf>
20003468:	4b8b      	ldr	r3, [pc, #556]	@ (20003698 <ota_run_selftest+0x310>)
2000346a:	781b      	ldrb	r3, [r3, #0]
2000346c:	2b09      	cmp	r3, #9
2000346e:	d100      	bne.n	20003472 <ota_run_selftest+0xea>
20003470:	e08a      	b.n	20003588 <ota_run_selftest+0x200>
20003472:	2100      	movs	r1, #0
20003474:	4b88      	ldr	r3, [pc, #544]	@ (20003698 <ota_run_selftest+0x310>)
20003476:	781a      	ldrb	r2, [r3, #0]
20003478:	b2d2      	uxtb	r2, r2
2000347a:	2300      	movs	r3, #0
2000347c:	9301      	str	r3, [sp, #4]
2000347e:	ab0f      	add	r3, sp, #60	@ 0x3c
20003480:	9300      	str	r3, [sp, #0]
20003482:	2300      	movs	r3, #0
20003484:	2002      	movs	r0, #2
20003486:	f7fe fbb9 	bl	20001bfc <st_send>
2000348a:	f7ff f883 	bl	20002594 <st_run_flash>
2000348e:	4c80      	ldr	r4, [pc, #512]	@ (20003690 <ota_run_selftest+0x308>)
20003490:	0021      	movs	r1, r4
20003492:	3134      	adds	r1, #52	@ 0x34
20003494:	233c      	movs	r3, #60	@ 0x3c
20003496:	9300      	str	r3, [sp, #0]
20003498:	4b80      	ldr	r3, [pc, #512]	@ (2000369c <ota_run_selftest+0x314>)
2000349a:	2205      	movs	r2, #5
2000349c:	200a      	movs	r0, #10
2000349e:	f7ff fc05 	bl	20002cac <st_report_clock>
200034a2:	2005      	movs	r0, #5
200034a4:	f003 fba0 	bl	20006be8 <clock_get_hz>
200034a8:	21fa      	movs	r1, #250	@ 0xfa
200034aa:	0089      	lsls	r1, r1, #2
200034ac:	f003 fef2 	bl	20007294 <__wrap___aeabi_uidiv>
200034b0:	0003      	movs	r3, r0
200034b2:	0021      	movs	r1, r4
200034b4:	313c      	adds	r1, #60	@ 0x3c
200034b6:	25fa      	movs	r5, #250	@ 0xfa
200034b8:	006d      	lsls	r5, r5, #1
200034ba:	9500      	str	r5, [sp, #0]
200034bc:	2209      	movs	r2, #9
200034be:	2006      	movs	r0, #6
200034c0:	f7ff fbf4 	bl	20002cac <st_report_clock>
200034c4:	2006      	movs	r0, #6
200034c6:	f003 fb8f 	bl	20006be8 <clock_get_hz>
200034ca:	21fa      	movs	r1, #250	@ 0xfa
200034cc:	0089      	lsls	r1, r1, #2
200034ce:	f003 fee1 	bl	20007294 <__wrap___aeabi_uidiv>
200034d2:	0003      	movs	r3, r0
200034d4:	0021      	movs	r1, r4
200034d6:	3144      	adds	r1, #68	@ 0x44
200034d8:	9500      	str	r5, [sp, #0]
200034da:	220a      	movs	r2, #10
200034dc:	2007      	movs	r0, #7
200034de:	f7ff fbe5 	bl	20002cac <st_report_clock>
200034e2:	0021      	movs	r1, r4
200034e4:	3150      	adds	r1, #80	@ 0x50
200034e6:	9500      	str	r5, [sp, #0]
200034e8:	4b6d      	ldr	r3, [pc, #436]	@ (200036a0 <ota_run_selftest+0x318>)
200034ea:	220b      	movs	r2, #11
200034ec:	2008      	movs	r0, #8
200034ee:	f7ff fbdd 	bl	20002cac <st_report_clock>
200034f2:	0021      	movs	r1, r4
200034f4:	3158      	adds	r1, #88	@ 0x58
200034f6:	9500      	str	r5, [sp, #0]
200034f8:	4b69      	ldr	r3, [pc, #420]	@ (200036a0 <ota_run_selftest+0x318>)
200034fa:	220c      	movs	r2, #12
200034fc:	2009      	movs	r0, #9
200034fe:	f7ff fbd5 	bl	20002cac <st_report_clock>
20003502:	0021      	movs	r1, r4
20003504:	3160      	adds	r1, #96	@ 0x60
20003506:	2300      	movs	r3, #0
20003508:	9300      	str	r3, [sp, #0]
2000350a:	2203      	movs	r2, #3
2000350c:	200b      	movs	r0, #11
2000350e:	f7ff fbcd 	bl	20002cac <st_report_clock>
20003512:	f7ff fc01 	bl	20002d18 <st_run_analog>
20003516:	ac02      	add	r4, sp, #8
20003518:	0020      	movs	r0, r4
2000351a:	f7fd ff8b 	bl	20001434 <ota_meta_read>
2000351e:	0020      	movs	r0, r4
20003520:	f7fc ff60 	bl	200003e4 <ota_meta_valid>
20003524:	2800      	cmp	r0, #0
20003526:	d031      	beq.n	2000358c <ota_run_selftest+0x204>
20003528:	4b5e      	ldr	r3, [pc, #376]	@ (200036a4 <ota_run_selftest+0x31c>)
2000352a:	4a5f      	ldr	r2, [pc, #380]	@ (200036a8 <ota_run_selftest+0x320>)
2000352c:	ac0f      	add	r4, sp, #60	@ 0x3c
2000352e:	212c      	movs	r1, #44	@ 0x2c
20003530:	0020      	movs	r0, r4
20003532:	f005 ff29 	bl	20009388 <__wrap_snprintf>
20003536:	9b04      	ldr	r3, [sp, #16]
20003538:	9a03      	ldr	r2, [sp, #12]
2000353a:	2100      	movs	r1, #0
2000353c:	9101      	str	r1, [sp, #4]
2000353e:	9400      	str	r4, [sp, #0]
20003540:	3104      	adds	r1, #4
20003542:	2013      	movs	r0, #19
20003544:	f7fe fb5a 	bl	20001bfc <st_send>
20003548:	f7ff fc72 	bl	20002e30 <st_run_gpio>
2000354c:	f7ff fde2 	bl	20003114 <st_run_chip_pu>
20003550:	f7fe fd2e 	bl	20001fb0 <st_run_eboot>
20003554:	f7fe fd98 	bl	20002088 <st_run_elog>
20003558:	4649      	mov	r1, r9
2000355a:	4650      	mov	r0, sl
2000355c:	f7ff fe40 	bl	200031e0 <st_run_switch>
20003560:	2400      	movs	r4, #0
20003562:	e01e      	b.n	200035a2 <ota_run_selftest+0x21a>
20003564:	4b42      	ldr	r3, [pc, #264]	@ (20003670 <ota_run_selftest+0x2e8>)
20003566:	6819      	ldr	r1, [r3, #0]
20003568:	1c4c      	adds	r4, r1, #1
2000356a:	601c      	str	r4, [r3, #0]
2000356c:	4b43      	ldr	r3, [pc, #268]	@ (2000367c <ota_run_selftest+0x2f4>)
2000356e:	00cc      	lsls	r4, r1, #3
20003570:	494e      	ldr	r1, [pc, #312]	@ (200036ac <ota_run_selftest+0x324>)
20003572:	00c5      	lsls	r5, r0, #3
20003574:	191b      	adds	r3, r3, r4
20003576:	1949      	adds	r1, r1, r5
20003578:	c930      	ldmia	r1!, {r4, r5}
2000357a:	c330      	stmia	r3!, {r4, r5}
2000357c:	3001      	adds	r0, #1
2000357e:	2803      	cmp	r0, #3
20003580:	d9f0      	bls.n	20003564 <ota_run_selftest+0x1dc>
20003582:	e74f      	b.n	20003424 <ota_run_selftest+0x9c>
20003584:	2000      	movs	r0, #0
20003586:	e7fa      	b.n	2000357e <ota_run_selftest+0x1f6>
20003588:	2102      	movs	r1, #2
2000358a:	e773      	b.n	20003474 <ota_run_selftest+0xec>
2000358c:	4b48      	ldr	r3, [pc, #288]	@ (200036b0 <ota_run_selftest+0x328>)
2000358e:	e7cc      	b.n	2000352a <ota_run_selftest+0x1a2>
20003590:	ab0e      	add	r3, sp, #56	@ 0x38
20003592:	5d18      	ldrb	r0, [r3, r4]
20003594:	ab0c      	add	r3, sp, #48	@ 0x30
20003596:	5d1a      	ldrb	r2, [r3, r4]
20003598:	ab0d      	add	r3, sp, #52	@ 0x34
2000359a:	5d19      	ldrb	r1, [r3, r4]
2000359c:	f002 f868 	bl	20005670 <gpio_set_pulls>
200035a0:	3401      	adds	r4, #1
200035a2:	2c01      	cmp	r4, #1
200035a4:	d9f4      	bls.n	20003590 <ota_run_selftest+0x208>
200035a6:	2008      	movs	r0, #8
200035a8:	f002 f8f8 	bl	2000579c <gpio_init>
200035ac:	23d0      	movs	r3, #208	@ 0xd0
200035ae:	061b      	lsls	r3, r3, #24
200035b0:	2280      	movs	r2, #128	@ 0x80
200035b2:	0052      	lsls	r2, r2, #1
200035b4:	625a      	str	r2, [r3, #36]	@ 0x24
200035b6:	2e00      	cmp	r6, #0
200035b8:	d04a      	beq.n	20003650 <ota_run_selftest+0x2c8>
200035ba:	615a      	str	r2, [r3, #20]
200035bc:	2009      	movs	r0, #9
200035be:	f002 f8ed 	bl	2000579c <gpio_init>
200035c2:	23d0      	movs	r3, #208	@ 0xd0
200035c4:	061b      	lsls	r3, r3, #24
200035c6:	2280      	movs	r2, #128	@ 0x80
200035c8:	0092      	lsls	r2, r2, #2
200035ca:	625a      	str	r2, [r3, #36]	@ 0x24
200035cc:	4643      	mov	r3, r8
200035ce:	2b00      	cmp	r3, #0
200035d0:	d044      	beq.n	2000365c <ota_run_selftest+0x2d4>
200035d2:	23d0      	movs	r3, #208	@ 0xd0
200035d4:	061b      	lsls	r3, r3, #24
200035d6:	615a      	str	r2, [r3, #20]
200035d8:	200d      	movs	r0, #13
200035da:	f002 f8df 	bl	2000579c <gpio_init>
200035de:	24d0      	movs	r4, #208	@ 0xd0
200035e0:	0624      	lsls	r4, r4, #24
200035e2:	2380      	movs	r3, #128	@ 0x80
200035e4:	019b      	lsls	r3, r3, #6
200035e6:	6263      	str	r3, [r4, #36]	@ 0x24
200035e8:	6163      	str	r3, [r4, #20]
200035ea:	200e      	movs	r0, #14
200035ec:	f002 f8d6 	bl	2000579c <gpio_init>
200035f0:	2380      	movs	r3, #128	@ 0x80
200035f2:	01db      	lsls	r3, r3, #7
200035f4:	6263      	str	r3, [r4, #36]	@ 0x24
200035f6:	61a3      	str	r3, [r4, #24]
200035f8:	200f      	movs	r0, #15
200035fa:	f002 f8cf 	bl	2000579c <gpio_init>
200035fe:	2380      	movs	r3, #128	@ 0x80
20003600:	021b      	lsls	r3, r3, #8
20003602:	62a3      	str	r3, [r4, #40]	@ 0x28
20003604:	2200      	movs	r2, #0
20003606:	2101      	movs	r1, #1
20003608:	200f      	movs	r0, #15
2000360a:	f002 f831 	bl	20005670 <gpio_set_pulls>
2000360e:	2300      	movs	r3, #0
20003610:	9301      	str	r3, [sp, #4]
20003612:	4b28      	ldr	r3, [pc, #160]	@ (200036b4 <ota_run_selftest+0x32c>)
20003614:	9300      	str	r3, [sp, #0]
20003616:	2300      	movs	r3, #0
20003618:	2200      	movs	r2, #0
2000361a:	2105      	movs	r1, #5
2000361c:	2014      	movs	r0, #20
2000361e:	f7fe faed 	bl	20001bfc <st_send>
20003622:	4b12      	ldr	r3, [pc, #72]	@ (2000366c <ota_run_selftest+0x2e4>)
20003624:	781b      	ldrb	r3, [r3, #0]
20003626:	2b00      	cmp	r3, #0
20003628:	d01e      	beq.n	20003668 <ota_run_selftest+0x2e0>
2000362a:	2303      	movs	r3, #3
2000362c:	9301      	str	r3, [sp, #4]
2000362e:	4b22      	ldr	r3, [pc, #136]	@ (200036b8 <ota_run_selftest+0x330>)
20003630:	9300      	str	r3, [sp, #0]
20003632:	2300      	movs	r3, #0
20003634:	2200      	movs	r2, #0
20003636:	2104      	movs	r1, #4
20003638:	2000      	movs	r0, #0
2000363a:	f7fe fadf 	bl	20001bfc <st_send>
2000363e:	481f      	ldr	r0, [pc, #124]	@ (200036bc <ota_run_selftest+0x334>)
20003640:	f006 f889 	bl	20009756 <__wrap_puts>
20003644:	b01b      	add	sp, #108	@ 0x6c
20003646:	bc70      	pop	{r4, r5, r6}
20003648:	46b2      	mov	sl, r6
2000364a:	46a9      	mov	r9, r5
2000364c:	46a0      	mov	r8, r4
2000364e:	bd70      	pop	{r4, r5, r6, pc}
20003650:	23d0      	movs	r3, #208	@ 0xd0
20003652:	061b      	lsls	r3, r3, #24
20003654:	2280      	movs	r2, #128	@ 0x80
20003656:	0052      	lsls	r2, r2, #1
20003658:	619a      	str	r2, [r3, #24]
2000365a:	e7af      	b.n	200035bc <ota_run_selftest+0x234>
2000365c:	23d0      	movs	r3, #208	@ 0xd0
2000365e:	061b      	lsls	r3, r3, #24
20003660:	2280      	movs	r2, #128	@ 0x80
20003662:	0092      	lsls	r2, r2, #2
20003664:	619a      	str	r2, [r3, #24]
20003666:	e7b7      	b.n	200035d8 <ota_run_selftest+0x250>
20003668:	2301      	movs	r3, #1
2000366a:	e7df      	b.n	2000362c <ota_run_selftest+0x2a4>
2000366c:	200309a4 	.word	0x200309a4
20003670:	20030858 	.word	0x20030858
20003674:	00001514 	.word	0x00001514
20003678:	4001c000 	.word	0x4001c000
2000367c:	2003085c 	.word	0x2003085c
20003680:	2000b37c 	.word	0x2000b37c
20003684:	2003099b 	.word	0x2003099b
20003688:	2003099c 	.word	0x2003099c
2000368c:	2000bf60 	.word	0x2000bf60
20003690:	2000bf80 	.word	0x2000bf80
20003694:	2000daf8 	.word	0x2000daf8
20003698:	2000daf4 	.word	0x2000daf4
2000369c:	00002ee0 	.word	0x00002ee0
200036a0:	0000bb80 	.word	0x0000bb80
200036a4:	2000bf48 	.word	0x2000bf48
200036a8:	2000bedc 	.word	0x2000bedc
200036ac:	2000b35c 	.word	0x2000b35c
200036b0:	2000bf50 	.word	0x2000bf50
200036b4:	2000bfe8 	.word	0x2000bfe8
200036b8:	2000be94 	.word	0x2000be94
200036bc:	2000bff8 	.word	0x2000bff8

200036c0 <uart_run_step>:
200036c0:	b570      	push	{r4, r5, r6, lr}
200036c2:	46d6      	mov	lr, sl
200036c4:	464e      	mov	r6, r9
200036c6:	4645      	mov	r5, r8
200036c8:	b560      	push	{r5, r6, lr}
200036ca:	b08b      	sub	sp, #44	@ 0x2c
200036cc:	0005      	movs	r5, r0
200036ce:	000c      	movs	r4, r1
200036d0:	0016      	movs	r6, r2
200036d2:	2240      	movs	r2, #64	@ 0x40
200036d4:	2100      	movs	r1, #0
200036d6:	0030      	movs	r0, r6
200036d8:	f004 fd50 	bl	2000817c <__wrap_memset>
200036dc:	233c      	movs	r3, #60	@ 0x3c
200036de:	2201      	movs	r2, #1
200036e0:	54f2      	strb	r2, [r6, r3]
200036e2:	6075      	str	r5, [r6, #4]
200036e4:	3b3d      	subs	r3, #61	@ 0x3d
200036e6:	8533      	strh	r3, [r6, #40]	@ 0x28
200036e8:	4b8c      	ldr	r3, [pc, #560]	@ (2000391c <uart_run_step+0x25c>)
200036ea:	781a      	ldrb	r2, [r3, #0]
200036ec:	0093      	lsls	r3, r2, #2
200036ee:	189b      	adds	r3, r3, r2
200036f0:	015b      	lsls	r3, r3, #5
200036f2:	1a9b      	subs	r3, r3, r2
200036f4:	0159      	lsls	r1, r3, #5
200036f6:	185b      	adds	r3, r3, r1
200036f8:	009b      	lsls	r3, r3, #2
200036fa:	1a9b      	subs	r3, r3, r2
200036fc:	0159      	lsls	r1, r3, #5
200036fe:	1ac9      	subs	r1, r1, r3
20003700:	020b      	lsls	r3, r1, #8
20003702:	1a5b      	subs	r3, r3, r1
20003704:	011b      	lsls	r3, r3, #4
20003706:	189b      	adds	r3, r3, r2
20003708:	4698      	mov	r8, r3
2000370a:	44a8      	add	r8, r5
2000370c:	2201      	movs	r2, #1
2000370e:	4641      	mov	r1, r8
20003710:	0028      	movs	r0, r5
20003712:	f7fe fb13 	bl	20001d3c <uart_setup_peer>
20003716:	9004      	str	r0, [sp, #16]
20003718:	2800      	cmp	r0, #0
2000371a:	d106      	bne.n	2000372a <uart_run_step+0x6a>
2000371c:	8530      	strh	r0, [r6, #40]	@ 0x28
2000371e:	b00b      	add	sp, #44	@ 0x2c
20003720:	bc70      	pop	{r4, r5, r6}
20003722:	46b2      	mov	sl, r6
20003724:	46a9      	mov	r9, r5
20003726:	46a0      	mov	r8, r4
20003728:	bd70      	pop	{r4, r5, r6, pc}
2000372a:	4b7d      	ldr	r3, [pc, #500]	@ (20003920 <uart_run_step+0x260>)
2000372c:	4699      	mov	r9, r3
2000372e:	2101      	movs	r1, #1
20003730:	0018      	movs	r0, r3
20003732:	f003 f98d 	bl	20006a50 <uart_set_fifo_enabled>
20003736:	0029      	movs	r1, r5
20003738:	4648      	mov	r0, r9
2000373a:	f003 f945 	bl	200069c8 <uart_set_baudrate>
2000373e:	6030      	str	r0, [r6, #0]
20003740:	e002      	b.n	20003748 <uart_run_step+0x88>
20003742:	4877      	ldr	r0, [pc, #476]	@ (20003920 <uart_run_step+0x260>)
20003744:	f7fc fd32 	bl	200001ac <uart_getc>
20003748:	4b75      	ldr	r3, [pc, #468]	@ (20003920 <uart_run_step+0x260>)
2000374a:	699b      	ldr	r3, [r3, #24]
2000374c:	06db      	lsls	r3, r3, #27
2000374e:	d5f8      	bpl.n	20003742 <uart_run_step+0x82>
20003750:	2300      	movs	r3, #0
20003752:	220f      	movs	r2, #15
20003754:	a906      	add	r1, sp, #24
20003756:	468c      	mov	ip, r1
20003758:	4462      	add	r2, ip
2000375a:	7013      	strb	r3, [r2, #0]
2000375c:	9308      	str	r3, [sp, #32]
2000375e:	f003 f8b3 	bl	200068c8 <time_us_64>
20003762:	9006      	str	r0, [sp, #24]
20003764:	9107      	str	r1, [sp, #28]
20003766:	22fa      	movs	r2, #250	@ 0xfa
20003768:	0092      	lsls	r2, r2, #2
2000376a:	2300      	movs	r3, #0
2000376c:	0020      	movs	r0, r4
2000376e:	2100      	movs	r1, #0
20003770:	f004 fbcc 	bl	20007f0c <__wrap___aeabi_lmul>
20003774:	9b06      	ldr	r3, [sp, #24]
20003776:	9c07      	ldr	r4, [sp, #28]
20003778:	181b      	adds	r3, r3, r0
2000377a:	414c      	adcs	r4, r1
2000377c:	9302      	str	r3, [sp, #8]
2000377e:	9403      	str	r4, [sp, #12]
20003780:	4c68      	ldr	r4, [pc, #416]	@ (20003924 <uart_run_step+0x264>)
20003782:	2500      	movs	r5, #0
20003784:	2301      	movs	r3, #1
20003786:	4699      	mov	r9, r3
20003788:	0033      	movs	r3, r6
2000378a:	002e      	movs	r6, r5
2000378c:	0025      	movs	r5, r4
2000378e:	001c      	movs	r4, r3
20003790:	e038      	b.n	20003804 <uart_run_step+0x144>
20003792:	4e64      	ldr	r6, [pc, #400]	@ (20003924 <uart_run_step+0x264>)
20003794:	464a      	mov	r2, r9
20003796:	4641      	mov	r1, r8
20003798:	0030      	movs	r0, r6
2000379a:	f7fc fea1 	bl	200004e0 <uart_bench_build>
2000379e:	0035      	movs	r5, r6
200037a0:	263c      	movs	r6, #60	@ 0x3c
200037a2:	4648      	mov	r0, r9
200037a4:	e000      	b.n	200037a8 <uart_run_step+0xe8>
200037a6:	001d      	movs	r5, r3
200037a8:	2e00      	cmp	r6, #0
200037aa:	d037      	beq.n	2000381c <uart_run_step+0x15c>
200037ac:	4b5c      	ldr	r3, [pc, #368]	@ (20003920 <uart_run_step+0x260>)
200037ae:	699b      	ldr	r3, [r3, #24]
200037b0:	069b      	lsls	r3, r3, #26
200037b2:	d40b      	bmi.n	200037cc <uart_run_step+0x10c>
200037b4:	1c6b      	adds	r3, r5, #1
200037b6:	7829      	ldrb	r1, [r5, #0]
200037b8:	4a59      	ldr	r2, [pc, #356]	@ (20003920 <uart_run_step+0x260>)
200037ba:	6011      	str	r1, [r2, #0]
200037bc:	3e01      	subs	r6, #1
200037be:	2e00      	cmp	r6, #0
200037c0:	d1f1      	bne.n	200037a6 <uart_run_step+0xe6>
200037c2:	3001      	adds	r0, #1
200037c4:	68a2      	ldr	r2, [r4, #8]
200037c6:	3201      	adds	r2, #1
200037c8:	60a2      	str	r2, [r4, #8]
200037ca:	e7ec      	b.n	200037a6 <uart_run_step+0xe6>
200037cc:	4681      	mov	r9, r0
200037ce:	46b2      	mov	sl, r6
200037d0:	0023      	movs	r3, r4
200037d2:	4644      	mov	r4, r8
200037d4:	46a8      	mov	r8, r5
200037d6:	001d      	movs	r5, r3
200037d8:	e00b      	b.n	200037f2 <uart_run_step+0x132>
200037da:	4b51      	ldr	r3, [pc, #324]	@ (20003920 <uart_run_step+0x260>)
200037dc:	6818      	ldr	r0, [r3, #0]
200037de:	b2c0      	uxtb	r0, r0
200037e0:	9500      	str	r5, [sp, #0]
200037e2:	ab08      	add	r3, sp, #32
200037e4:	0022      	movs	r2, r4
200037e6:	210f      	movs	r1, #15
200037e8:	ae06      	add	r6, sp, #24
200037ea:	46b4      	mov	ip, r6
200037ec:	4461      	add	r1, ip
200037ee:	f7fe f953 	bl	20001a98 <uart_bench_feed>
200037f2:	4b4b      	ldr	r3, [pc, #300]	@ (20003920 <uart_run_step+0x260>)
200037f4:	699b      	ldr	r3, [r3, #24]
200037f6:	06db      	lsls	r3, r3, #27
200037f8:	d5ef      	bpl.n	200037da <uart_run_step+0x11a>
200037fa:	4656      	mov	r6, sl
200037fc:	002b      	movs	r3, r5
200037fe:	4645      	mov	r5, r8
20003800:	46a0      	mov	r8, r4
20003802:	001c      	movs	r4, r3
20003804:	f003 f860 	bl	200068c8 <time_us_64>
20003808:	9005      	str	r0, [sp, #20]
2000380a:	9b03      	ldr	r3, [sp, #12]
2000380c:	428b      	cmp	r3, r1
2000380e:	d90c      	bls.n	2000382a <uart_run_step+0x16a>
20003810:	f003 fb36 	bl	20006e80 <watchdog_update>
20003814:	2e00      	cmp	r6, #0
20003816:	d0bc      	beq.n	20003792 <uart_run_step+0xd2>
20003818:	4648      	mov	r0, r9
2000381a:	e7c5      	b.n	200037a8 <uart_run_step+0xe8>
2000381c:	4681      	mov	r9, r0
2000381e:	46b2      	mov	sl, r6
20003820:	0023      	movs	r3, r4
20003822:	4644      	mov	r4, r8
20003824:	46a8      	mov	r8, r5
20003826:	001d      	movs	r5, r3
20003828:	e7e3      	b.n	200037f2 <uart_run_step+0x132>
2000382a:	9a02      	ldr	r2, [sp, #8]
2000382c:	9b03      	ldr	r3, [sp, #12]
2000382e:	428b      	cmp	r3, r1
20003830:	d103      	bne.n	2000383a <uart_run_step+0x17a>
20003832:	0013      	movs	r3, r2
20003834:	9a05      	ldr	r2, [sp, #20]
20003836:	4293      	cmp	r3, r2
20003838:	d8ea      	bhi.n	20003810 <uart_run_step+0x150>
2000383a:	0026      	movs	r6, r4
2000383c:	f003 f844 	bl	200068c8 <time_us_64>
20003840:	9b06      	ldr	r3, [sp, #24]
20003842:	9c07      	ldr	r4, [sp, #28]
20003844:	1ac0      	subs	r0, r0, r3
20003846:	41a1      	sbcs	r1, r4
20003848:	61b0      	str	r0, [r6, #24]
2000384a:	61f1      	str	r1, [r6, #28]
2000384c:	2300      	movs	r3, #0
2000384e:	8533      	strh	r3, [r6, #40]	@ 0x28
20003850:	f003 f83a 	bl	200068c8 <time_us_64>
20003854:	4c34      	ldr	r4, [pc, #208]	@ (20003928 <uart_run_step+0x268>)
20003856:	2500      	movs	r5, #0
20003858:	1824      	adds	r4, r4, r0
2000385a:	414d      	adcs	r5, r1
2000385c:	9402      	str	r4, [sp, #8]
2000385e:	9503      	str	r5, [sp, #12]
20003860:	0035      	movs	r5, r6
20003862:	4646      	mov	r6, r8
20003864:	e00f      	b.n	20003886 <uart_run_step+0x1c6>
20003866:	4b2e      	ldr	r3, [pc, #184]	@ (20003920 <uart_run_step+0x260>)
20003868:	6818      	ldr	r0, [r3, #0]
2000386a:	b2c0      	uxtb	r0, r0
2000386c:	9500      	str	r5, [sp, #0]
2000386e:	ab08      	add	r3, sp, #32
20003870:	0032      	movs	r2, r6
20003872:	210f      	movs	r1, #15
20003874:	ac06      	add	r4, sp, #24
20003876:	46a4      	mov	ip, r4
20003878:	4461      	add	r1, ip
2000387a:	f7fe f90d 	bl	20001a98 <uart_bench_feed>
2000387e:	4b28      	ldr	r3, [pc, #160]	@ (20003920 <uart_run_step+0x260>)
20003880:	699b      	ldr	r3, [r3, #24]
20003882:	06db      	lsls	r3, r3, #27
20003884:	d5ef      	bpl.n	20003866 <uart_run_step+0x1a6>
20003886:	f003 f81f 	bl	200068c8 <time_us_64>
2000388a:	9b03      	ldr	r3, [sp, #12]
2000388c:	428b      	cmp	r3, r1
2000388e:	d902      	bls.n	20003896 <uart_run_step+0x1d6>
20003890:	f003 faf6 	bl	20006e80 <watchdog_update>
20003894:	e7f3      	b.n	2000387e <uart_run_step+0x1be>
20003896:	9b02      	ldr	r3, [sp, #8]
20003898:	9c03      	ldr	r4, [sp, #12]
2000389a:	428c      	cmp	r4, r1
2000389c:	d101      	bne.n	200038a2 <uart_run_step+0x1e2>
2000389e:	4283      	cmp	r3, r0
200038a0:	d8f6      	bhi.n	20003890 <uart_run_step+0x1d0>
200038a2:	46b0      	mov	r8, r6
200038a4:	002e      	movs	r6, r5
200038a6:	2500      	movs	r5, #0
200038a8:	2300      	movs	r3, #0
200038aa:	4699      	mov	r9, r3
200038ac:	0033      	movs	r3, r6
200038ae:	002e      	movs	r6, r5
200038b0:	001d      	movs	r5, r3
200038b2:	e012      	b.n	200038da <uart_run_step+0x21a>
200038b4:	62e8      	str	r0, [r5, #44]	@ 0x2c
200038b6:	0020      	movs	r0, r4
200038b8:	3024      	adds	r0, #36	@ 0x24
200038ba:	f7fc fda7 	bl	2000040c <spi_get_u32>
200038be:	6328      	str	r0, [r5, #48]	@ 0x30
200038c0:	0020      	movs	r0, r4
200038c2:	302c      	adds	r0, #44	@ 0x2c
200038c4:	f7fc fda2 	bl	2000040c <spi_get_u32>
200038c8:	6368      	str	r0, [r5, #52]	@ 0x34
200038ca:	0020      	movs	r0, r4
200038cc:	3028      	adds	r0, #40	@ 0x28
200038ce:	f7fc fd9d 	bl	2000040c <spi_get_u32>
200038d2:	6168      	str	r0, [r5, #20]
200038d4:	9b04      	ldr	r3, [sp, #16]
200038d6:	4699      	mov	r9, r3
200038d8:	3601      	adds	r6, #1
200038da:	2e17      	cmp	r6, #23
200038dc:	dc0f      	bgt.n	200038fe <uart_run_step+0x23e>
200038de:	f003 facf 	bl	20006e80 <watchdog_update>
200038e2:	f7fe f869 	bl	200019b8 <uart_read_stats>
200038e6:	1e04      	subs	r4, r0, #0
200038e8:	d0f6      	beq.n	200038d8 <uart_run_step+0x218>
200038ea:	3020      	adds	r0, #32
200038ec:	f7fc fd8e 	bl	2000040c <spi_get_u32>
200038f0:	464b      	mov	r3, r9
200038f2:	2b00      	cmp	r3, #0
200038f4:	d0de      	beq.n	200038b4 <uart_run_step+0x1f4>
200038f6:	6aeb      	ldr	r3, [r5, #44]	@ 0x2c
200038f8:	4283      	cmp	r3, r0
200038fa:	d8ed      	bhi.n	200038d8 <uart_run_step+0x218>
200038fc:	e7da      	b.n	200038b4 <uart_run_step+0x1f4>
200038fe:	2200      	movs	r2, #0
20003900:	4641      	mov	r1, r8
20003902:	2000      	movs	r0, #0
20003904:	f7fe fa1a 	bl	20001d3c <uart_setup_peer>
20003908:	4c05      	ldr	r4, [pc, #20]	@ (20003920 <uart_run_step+0x260>)
2000390a:	4908      	ldr	r1, [pc, #32]	@ (2000392c <uart_run_step+0x26c>)
2000390c:	0020      	movs	r0, r4
2000390e:	f003 f85b 	bl	200069c8 <uart_set_baudrate>
20003912:	2100      	movs	r1, #0
20003914:	0020      	movs	r0, r4
20003916:	f003 f89b 	bl	20006a50 <uart_set_fifo_enabled>
2000391a:	e700      	b.n	2000371e <uart_run_step+0x5e>
2000391c:	2003098f 	.word	0x2003098f
20003920:	40034000 	.word	0x40034000
20003924:	20030944 	.word	0x20030944
20003928:	00004e20 	.word	0x00004e20
2000392c:	00012480 	.word	0x00012480

20003930 <bench_uart_reclock>:
20003930:	b510      	push	{r4, lr}
20003932:	4905      	ldr	r1, [pc, #20]	@ (20003948 <bench_uart_reclock+0x18>)
20003934:	4805      	ldr	r0, [pc, #20]	@ (2000394c <bench_uart_reclock+0x1c>)
20003936:	f003 f847 	bl	200069c8 <uart_set_baudrate>
2000393a:	21e1      	movs	r1, #225	@ 0xe1
2000393c:	0309      	lsls	r1, r1, #12
2000393e:	4804      	ldr	r0, [pc, #16]	@ (20003950 <bench_uart_reclock+0x20>)
20003940:	f003 f842 	bl	200069c8 <uart_set_baudrate>
20003944:	bd10      	pop	{r4, pc}
20003946:	46c0      	nop			@ (mov r8, r8)
20003948:	00012480 	.word	0x00012480
2000394c:	40034000 	.word	0x40034000
20003950:	40038000 	.word	0x40038000

20003954 <bench_peri_to_sys>:
20003954:	b510      	push	{r4, lr}
20003956:	2005      	movs	r0, #5
20003958:	f003 f946 	bl	20006be8 <clock_get_hz>
2000395c:	0004      	movs	r4, r0
2000395e:	f7fc fd77 	bl	20000450 <bench_uart_drain>
20003962:	0023      	movs	r3, r4
20003964:	2200      	movs	r2, #0
20003966:	2100      	movs	r1, #0
20003968:	2006      	movs	r0, #6
2000396a:	f003 f933 	bl	20006bd4 <clock_configure_undivided>
2000396e:	f7ff ffdf 	bl	20003930 <bench_uart_reclock>
20003972:	bd10      	pop	{r4, pc}

20003974 <bench_go_safe>:
20003974:	b510      	push	{r4, lr}
20003976:	f7ff ffed 	bl	20003954 <bench_peri_to_sys>
2000397a:	4902      	ldr	r1, [pc, #8]	@ (20003984 <bench_go_safe+0x10>)
2000397c:	4802      	ldr	r0, [pc, #8]	@ (20003988 <bench_go_safe+0x14>)
2000397e:	f006 fb11 	bl	20009fa4 <spi_set_baudrate>
20003982:	bd10      	pop	{r4, pc}
20003984:	004c4b40 	.word	0x004c4b40
20003988:	40040000 	.word	0x40040000

2000398c <bench_apply_rate>:
2000398c:	b510      	push	{r4, lr}
2000398e:	b082      	sub	sp, #8
20003990:	0004      	movs	r4, r0
20003992:	7a43      	ldrb	r3, [r0, #9]
20003994:	2b00      	cmp	r3, #0
20003996:	d10b      	bne.n	200039b0 <bench_apply_rate+0x24>
20003998:	f7fc fd5a 	bl	20000450 <bench_uart_drain>
2000399c:	7a22      	ldrb	r2, [r4, #8]
2000399e:	6863      	ldr	r3, [r4, #4]
200039a0:	2100      	movs	r1, #0
200039a2:	2006      	movs	r0, #6
200039a4:	f003 f916 	bl	20006bd4 <clock_configure_undivided>
200039a8:	f7ff ffc2 	bl	20003930 <bench_uart_reclock>
200039ac:	b002      	add	sp, #8
200039ae:	bd10      	pop	{r4, pc}
200039b0:	f7ff ffd0 	bl	20003954 <bench_peri_to_sys>
200039b4:	7a63      	ldrb	r3, [r4, #9]
200039b6:	4a05      	ldr	r2, [pc, #20]	@ (200039cc <bench_apply_rate+0x40>)
200039b8:	435a      	muls	r2, r3
200039ba:	7aa3      	ldrb	r3, [r4, #10]
200039bc:	7ae1      	ldrb	r1, [r4, #11]
200039be:	9100      	str	r1, [sp, #0]
200039c0:	2101      	movs	r1, #1
200039c2:	4803      	ldr	r0, [pc, #12]	@ (200039d0 <bench_apply_rate+0x44>)
200039c4:	f003 f9bc 	bl	20006d40 <pll_init>
200039c8:	e7e6      	b.n	20003998 <bench_apply_rate+0xc>
200039ca:	46c0      	nop			@ (mov r8, r8)
200039cc:	00b71b00 	.word	0x00b71b00
200039d0:	4002c000 	.word	0x4002c000

200039d4 <bench_run_step>:
200039d4:	b570      	push	{r4, r5, r6, lr}
200039d6:	46de      	mov	lr, fp
200039d8:	4656      	mov	r6, sl
200039da:	464d      	mov	r5, r9
200039dc:	4644      	mov	r4, r8
200039de:	b570      	push	{r4, r5, r6, lr}
200039e0:	b084      	sub	sp, #16
200039e2:	4683      	mov	fp, r0
200039e4:	000c      	movs	r4, r1
200039e6:	4692      	mov	sl, r2
200039e8:	001e      	movs	r6, r3
200039ea:	4b84      	ldr	r3, [pc, #528]	@ (20003bfc <bench_run_step+0x228>)
200039ec:	781b      	ldrb	r3, [r3, #0]
200039ee:	2b01      	cmp	r3, #1
200039f0:	d025      	beq.n	20003a3e <bench_run_step+0x6a>
200039f2:	2240      	movs	r2, #64	@ 0x40
200039f4:	2100      	movs	r1, #0
200039f6:	0030      	movs	r0, r6
200039f8:	f004 fbc0 	bl	2000817c <__wrap_memset>
200039fc:	6823      	ldr	r3, [r4, #0]
200039fe:	6073      	str	r3, [r6, #4]
20003a00:	6863      	ldr	r3, [r4, #4]
20003a02:	6273      	str	r3, [r6, #36]	@ 0x24
20003a04:	7a62      	ldrb	r2, [r4, #9]
20003a06:	2338      	movs	r3, #56	@ 0x38
20003a08:	54f2      	strb	r2, [r6, r3]
20003a0a:	7aa2      	ldrb	r2, [r4, #10]
20003a0c:	3301      	adds	r3, #1
20003a0e:	54f2      	strb	r2, [r6, r3]
20003a10:	7ae2      	ldrb	r2, [r4, #11]
20003a12:	3301      	adds	r3, #1
20003a14:	54f2      	strb	r2, [r6, r3]
20003a16:	7a22      	ldrb	r2, [r4, #8]
20003a18:	3301      	adds	r3, #1
20003a1a:	54f2      	strb	r2, [r6, r3]
20003a1c:	3b3c      	subs	r3, #60	@ 0x3c
20003a1e:	8533      	strh	r3, [r6, #40]	@ 0x28
20003a20:	0020      	movs	r0, r4
20003a22:	f7ff ffb3 	bl	2000398c <bench_apply_rate>
20003a26:	6821      	ldr	r1, [r4, #0]
20003a28:	4875      	ldr	r0, [pc, #468]	@ (20003c00 <bench_run_step+0x22c>)
20003a2a:	f006 fabb 	bl	20009fa4 <spi_set_baudrate>
20003a2e:	6030      	str	r0, [r6, #0]
20003a30:	20ff      	movs	r0, #255	@ 0xff
20003a32:	f7fd fced 	bl	20001410 <bench_build_pattern_frame>
20003a36:	2500      	movs	r5, #0
20003a38:	2300      	movs	r3, #0
20003a3a:	4699      	mov	r9, r3
20003a3c:	e00e      	b.n	20003a5c <bench_run_step+0x88>
20003a3e:	6808      	ldr	r0, [r1, #0]
20003a40:	0032      	movs	r2, r6
20003a42:	4651      	mov	r1, sl
20003a44:	f7ff fe3c 	bl	200036c0 <uart_run_step>
20003a48:	e0cd      	b.n	20003be6 <bench_run_step+0x212>
20003a4a:	2300      	movs	r3, #0
20003a4c:	4699      	mov	r9, r3
20003a4e:	e004      	b.n	20003a5a <bench_run_step+0x86>
20003a50:	2300      	movs	r3, #0
20003a52:	4699      	mov	r9, r3
20003a54:	e001      	b.n	20003a5a <bench_run_step+0x86>
20003a56:	2300      	movs	r3, #0
20003a58:	4699      	mov	r9, r3
20003a5a:	3501      	adds	r5, #1
20003a5c:	2d3f      	cmp	r5, #63	@ 0x3f
20003a5e:	dc23      	bgt.n	20003aa8 <bench_run_step+0xd4>
20003a60:	464b      	mov	r3, r9
20003a62:	2b07      	cmp	r3, #7
20003a64:	dc20      	bgt.n	20003aa8 <bench_run_step+0xd4>
20003a66:	f003 fa0b 	bl	20006e80 <watchdog_update>
20003a6a:	f7fd fd6f 	bl	2000154c <bench_next_tx_frame>
20003a6e:	4c65      	ldr	r4, [pc, #404]	@ (20003c04 <bench_run_step+0x230>)
20003a70:	2380      	movs	r3, #128	@ 0x80
20003a72:	005b      	lsls	r3, r3, #1
20003a74:	4698      	mov	r8, r3
20003a76:	001a      	movs	r2, r3
20003a78:	2100      	movs	r1, #0
20003a7a:	0020      	movs	r0, r4
20003a7c:	f004 fb7e 	bl	2000817c <__wrap_memset>
20003a80:	4861      	ldr	r0, [pc, #388]	@ (20003c08 <bench_run_step+0x234>)
20003a82:	4642      	mov	r2, r8
20003a84:	0021      	movs	r1, r4
20003a86:	f7fd fe0f 	bl	200016a8 <my_spi_to_esp_xfer_blocking>
20003a8a:	2800      	cmp	r0, #0
20003a8c:	dbdd      	blt.n	20003a4a <bench_run_step+0x76>
20003a8e:	485d      	ldr	r0, [pc, #372]	@ (20003c04 <bench_run_step+0x230>)
20003a90:	f7fd fe2c 	bl	200016ec <spi_find_frame>
20003a94:	2800      	cmp	r0, #0
20003a96:	d0db      	beq.n	20003a50 <bench_run_step+0x7c>
20003a98:	f7fc fd12 	bl	200004c0 <bench_frame_is_ours>
20003a9c:	2800      	cmp	r0, #0
20003a9e:	d0da      	beq.n	20003a56 <bench_run_step+0x82>
20003aa0:	2301      	movs	r3, #1
20003aa2:	469c      	mov	ip, r3
20003aa4:	44e1      	add	r9, ip
20003aa6:	e7d8      	b.n	20003a5a <bench_run_step+0x86>
20003aa8:	4658      	mov	r0, fp
20003aaa:	f7fd fcb1 	bl	20001410 <bench_build_pattern_frame>
20003aae:	f002 ff0b 	bl	200068c8 <time_us_64>
20003ab2:	9002      	str	r0, [sp, #8]
20003ab4:	9103      	str	r1, [sp, #12]
20003ab6:	22fa      	movs	r2, #250	@ 0xfa
20003ab8:	0092      	lsls	r2, r2, #2
20003aba:	2300      	movs	r3, #0
20003abc:	4650      	mov	r0, sl
20003abe:	2100      	movs	r1, #0
20003ac0:	f004 fa24 	bl	20007f0c <__wrap___aeabi_lmul>
20003ac4:	9b02      	ldr	r3, [sp, #8]
20003ac6:	9c03      	ldr	r4, [sp, #12]
20003ac8:	181b      	adds	r3, r3, r0
20003aca:	414c      	adcs	r4, r1
20003acc:	9300      	str	r3, [sp, #0]
20003ace:	9401      	str	r4, [sp, #4]
20003ad0:	e002      	b.n	20003ad8 <bench_run_step+0x104>
20003ad2:	6973      	ldr	r3, [r6, #20]
20003ad4:	3301      	adds	r3, #1
20003ad6:	6173      	str	r3, [r6, #20]
20003ad8:	f002 fef6 	bl	200068c8 <time_us_64>
20003adc:	9b01      	ldr	r3, [sp, #4]
20003ade:	428b      	cmp	r3, r1
20003ae0:	d96d      	bls.n	20003bbe <bench_run_step+0x1ea>
20003ae2:	f003 f9cd 	bl	20006e80 <watchdog_update>
20003ae6:	f7fd fd31 	bl	2000154c <bench_next_tx_frame>
20003aea:	4b46      	ldr	r3, [pc, #280]	@ (20003c04 <bench_run_step+0x230>)
20003aec:	2580      	movs	r5, #128	@ 0x80
20003aee:	006d      	lsls	r5, r5, #1
20003af0:	002a      	movs	r2, r5
20003af2:	2100      	movs	r1, #0
20003af4:	001c      	movs	r4, r3
20003af6:	0018      	movs	r0, r3
20003af8:	f004 fb40 	bl	2000817c <__wrap_memset>
20003afc:	4842      	ldr	r0, [pc, #264]	@ (20003c08 <bench_run_step+0x234>)
20003afe:	002a      	movs	r2, r5
20003b00:	0021      	movs	r1, r4
20003b02:	f7fd fdd1 	bl	200016a8 <my_spi_to_esp_xfer_blocking>
20003b06:	2800      	cmp	r0, #0
20003b08:	dbe3      	blt.n	20003ad2 <bench_run_step+0xfe>
20003b0a:	68b3      	ldr	r3, [r6, #8]
20003b0c:	3301      	adds	r3, #1
20003b0e:	60b3      	str	r3, [r6, #8]
20003b10:	483c      	ldr	r0, [pc, #240]	@ (20003c04 <bench_run_step+0x230>)
20003b12:	f7fd fdeb 	bl	200016ec <spi_find_frame>
20003b16:	1e04      	subs	r4, r0, #0
20003b18:	d038      	beq.n	20003b8c <bench_run_step+0x1b8>
20003b1a:	4b3a      	ldr	r3, [pc, #232]	@ (20003c04 <bench_run_step+0x230>)
20003b1c:	1ac3      	subs	r3, r0, r3
20003b1e:	b29b      	uxth	r3, r3
20003b20:	8d32      	ldrh	r2, [r6, #40]	@ 0x28
20003b22:	429a      	cmp	r2, r3
20003b24:	d900      	bls.n	20003b28 <bench_run_step+0x154>
20003b26:	8533      	strh	r3, [r6, #40]	@ 0x28
20003b28:	8d72      	ldrh	r2, [r6, #42]	@ 0x2a
20003b2a:	429a      	cmp	r2, r3
20003b2c:	d200      	bcs.n	20003b30 <bench_run_step+0x15c>
20003b2e:	8573      	strh	r3, [r6, #42]	@ 0x2a
20003b30:	0020      	movs	r0, r4
20003b32:	f7fc fcc5 	bl	200004c0 <bench_frame_is_ours>
20003b36:	2800      	cmp	r0, #0
20003b38:	d02c      	beq.n	20003b94 <bench_run_step+0x1c0>
20003b3a:	0020      	movs	r0, r4
20003b3c:	3008      	adds	r0, #8
20003b3e:	f7fc fc65 	bl	2000040c <spi_get_u32>
20003b42:	0005      	movs	r5, r0
20003b44:	0021      	movs	r1, r4
20003b46:	3114      	adds	r1, #20
20003b48:	2001      	movs	r0, #1
20003b4a:	22cc      	movs	r2, #204	@ 0xcc
20003b4c:	4240      	negs	r0, r0
20003b4e:	f7fc fc11 	bl	20000374 <crc32_update>
20003b52:	2210      	movs	r2, #16
20003b54:	0021      	movs	r1, r4
20003b56:	f7fc fc0d 	bl	20000374 <crc32_update>
20003b5a:	43c3      	mvns	r3, r0
20003b5c:	4699      	mov	r9, r3
20003b5e:	0020      	movs	r0, r4
20003b60:	3010      	adds	r0, #16
20003b62:	f7fc fc53 	bl	2000040c <spi_get_u32>
20003b66:	464b      	mov	r3, r9
20003b68:	1ac3      	subs	r3, r0, r3
20003b6a:	425a      	negs	r2, r3
20003b6c:	4153      	adcs	r3, r2
20003b6e:	b2db      	uxtb	r3, r3
20003b70:	4548      	cmp	r0, r9
20003b72:	d01a      	beq.n	20003baa <bench_run_step+0x1d6>
20003b74:	4a25      	ldr	r2, [pc, #148]	@ (20003c0c <bench_run_step+0x238>)
20003b76:	6812      	ldr	r2, [r2, #0]
20003b78:	42aa      	cmp	r2, r5
20003b7a:	d201      	bcs.n	20003b80 <bench_run_step+0x1ac>
20003b7c:	4a23      	ldr	r2, [pc, #140]	@ (20003c0c <bench_run_step+0x238>)
20003b7e:	6015      	str	r5, [r2, #0]
20003b80:	2b00      	cmp	r3, #0
20003b82:	d018      	beq.n	20003bb6 <bench_run_step+0x1e2>
20003b84:	68f3      	ldr	r3, [r6, #12]
20003b86:	3301      	adds	r3, #1
20003b88:	60f3      	str	r3, [r6, #12]
20003b8a:	e7a5      	b.n	20003ad8 <bench_run_step+0x104>
20003b8c:	6933      	ldr	r3, [r6, #16]
20003b8e:	3301      	adds	r3, #1
20003b90:	6133      	str	r3, [r6, #16]
20003b92:	e7a1      	b.n	20003ad8 <bench_run_step+0x104>
20003b94:	6a33      	ldr	r3, [r6, #32]
20003b96:	3301      	adds	r3, #1
20003b98:	6233      	str	r3, [r6, #32]
20003b9a:	7963      	ldrb	r3, [r4, #5]
20003b9c:	2b01      	cmp	r3, #1
20003b9e:	d19b      	bne.n	20003ad8 <bench_run_step+0x104>
20003ba0:	331f      	adds	r3, #31
20003ba2:	5ce2      	ldrb	r2, [r4, r3]
20003ba4:	4b1a      	ldr	r3, [pc, #104]	@ (20003c10 <bench_run_step+0x23c>)
20003ba6:	701a      	strb	r2, [r3, #0]
20003ba8:	e796      	b.n	20003ad8 <bench_run_step+0x104>
20003baa:	4a18      	ldr	r2, [pc, #96]	@ (20003c0c <bench_run_step+0x238>)
20003bac:	6812      	ldr	r2, [r2, #0]
20003bae:	42aa      	cmp	r2, r5
20003bb0:	d3e0      	bcc.n	20003b74 <bench_run_step+0x1a0>
20003bb2:	2300      	movs	r3, #0
20003bb4:	e7de      	b.n	20003b74 <bench_run_step+0x1a0>
20003bb6:	6933      	ldr	r3, [r6, #16]
20003bb8:	3301      	adds	r3, #1
20003bba:	6133      	str	r3, [r6, #16]
20003bbc:	e78c      	b.n	20003ad8 <bench_run_step+0x104>
20003bbe:	9b00      	ldr	r3, [sp, #0]
20003bc0:	9c01      	ldr	r4, [sp, #4]
20003bc2:	428c      	cmp	r4, r1
20003bc4:	d101      	bne.n	20003bca <bench_run_step+0x1f6>
20003bc6:	4283      	cmp	r3, r0
20003bc8:	d88b      	bhi.n	20003ae2 <bench_run_step+0x10e>
20003bca:	f002 fe7d 	bl	200068c8 <time_us_64>
20003bce:	9b02      	ldr	r3, [sp, #8]
20003bd0:	9c03      	ldr	r4, [sp, #12]
20003bd2:	1ac0      	subs	r0, r0, r3
20003bd4:	41a1      	sbcs	r1, r4
20003bd6:	61b0      	str	r0, [r6, #24]
20003bd8:	61f1      	str	r1, [r6, #28]
20003bda:	8d32      	ldrh	r2, [r6, #40]	@ 0x28
20003bdc:	4b0d      	ldr	r3, [pc, #52]	@ (20003c14 <bench_run_step+0x240>)
20003bde:	429a      	cmp	r2, r3
20003be0:	d008      	beq.n	20003bf4 <bench_run_step+0x220>
20003be2:	f7ff fec7 	bl	20003974 <bench_go_safe>
20003be6:	b004      	add	sp, #16
20003be8:	bc78      	pop	{r3, r4, r5, r6}
20003bea:	46b3      	mov	fp, r6
20003bec:	46aa      	mov	sl, r5
20003bee:	46a1      	mov	r9, r4
20003bf0:	4698      	mov	r8, r3
20003bf2:	bd70      	pop	{r4, r5, r6, pc}
20003bf4:	2300      	movs	r3, #0
20003bf6:	8533      	strh	r3, [r6, #40]	@ 0x28
20003bf8:	e7f3      	b.n	20003be2 <bench_run_step+0x20e>
20003bfa:	46c0      	nop			@ (mov r8, r8)
20003bfc:	2003098c 	.word	0x2003098c
20003c00:	40040000 	.word	0x40040000
20003c04:	20030658 	.word	0x20030658
20003c08:	20030758 	.word	0x20030758
20003c0c:	2000e728 	.word	0x2000e728
20003c10:	2003098b 	.word	0x2003098b
20003c14:	0000ffff 	.word	0x0000ffff

20003c18 <bench_measure>:
20003c18:	b570      	push	{r4, r5, r6, lr}
20003c1a:	46d6      	mov	lr, sl
20003c1c:	464e      	mov	r6, r9
20003c1e:	4645      	mov	r5, r8
20003c20:	b560      	push	{r5, r6, lr}
20003c22:	b083      	sub	sp, #12
20003c24:	468c      	mov	ip, r1
20003c26:	4690      	mov	r8, r2
20003c28:	469a      	mov	sl, r3
20003c2a:	4b26      	ldr	r3, [pc, #152]	@ (20003cc4 <bench_measure+0xac>)
20003c2c:	781c      	ldrb	r4, [r3, #0]
20003c2e:	2c27      	cmp	r4, #39	@ 0x27
20003c30:	d845      	bhi.n	20003cbe <bench_measure+0xa6>
20003c32:	001d      	movs	r5, r3
20003c34:	1c63      	adds	r3, r4, #1
20003c36:	46a9      	mov	r9, r5
20003c38:	702b      	strb	r3, [r5, #0]
20003c3a:	4923      	ldr	r1, [pc, #140]	@ (20003cc8 <bench_measure+0xb0>)
20003c3c:	0063      	lsls	r3, r4, #1
20003c3e:	191b      	adds	r3, r3, r4
20003c40:	009b      	lsls	r3, r3, #2
20003c42:	18c9      	adds	r1, r1, r3
20003c44:	0003      	movs	r3, r0
20003c46:	cb64      	ldmia	r3!, {r2, r5, r6}
20003c48:	c164      	stmia	r1!, {r2, r5, r6}
20003c4a:	4b20      	ldr	r3, [pc, #128]	@ (20003ccc <bench_measure+0xb4>)
20003c4c:	2200      	movs	r2, #0
20003c4e:	551a      	strb	r2, [r3, r4]
20003c50:	9b0a      	ldr	r3, [sp, #40]	@ 0x28
20003c52:	4662      	mov	r2, ip
20003c54:	0001      	movs	r1, r0
20003c56:	0020      	movs	r0, r4
20003c58:	f7ff febc 	bl	200039d4 <bench_run_step>
20003c5c:	464b      	mov	r3, r9
20003c5e:	7819      	ldrb	r1, [r3, #0]
20003c60:	980a      	ldr	r0, [sp, #40]	@ 0x28
20003c62:	9000      	str	r0, [sp, #0]
20003c64:	4643      	mov	r3, r8
20003c66:	2200      	movs	r2, #0
20003c68:	0020      	movs	r0, r4
20003c6a:	f7fe fae3 	bl	20002234 <bench_send_result>
20003c6e:	1e05      	subs	r5, r0, #0
20003c70:	db14      	blt.n	20003c9c <bench_measure+0x84>
20003c72:	2801      	cmp	r0, #1
20003c74:	d01a      	beq.n	20003cac <bench_measure+0x94>
20003c76:	2600      	movs	r6, #0
20003c78:	2301      	movs	r3, #1
20003c7a:	4033      	ands	r3, r6
20003c7c:	4a13      	ldr	r2, [pc, #76]	@ (20003ccc <bench_measure+0xb4>)
20003c7e:	5513      	strb	r3, [r2, r4]
20003c80:	9300      	str	r3, [sp, #0]
20003c82:	002b      	movs	r3, r5
20003c84:	9a0a      	ldr	r2, [sp, #40]	@ 0x28
20003c86:	0021      	movs	r1, r4
20003c88:	4650      	mov	r0, sl
20003c8a:	f7fd f857 	bl	20000d3c <bench_log_step>
20003c8e:	0030      	movs	r0, r6
20003c90:	b003      	add	sp, #12
20003c92:	bc70      	pop	{r4, r5, r6}
20003c94:	46b2      	mov	sl, r6
20003c96:	46a9      	mov	r9, r5
20003c98:	46a0      	mov	r8, r4
20003c9a:	bd70      	pop	{r4, r5, r6, pc}
20003c9c:	480c      	ldr	r0, [pc, #48]	@ (20003cd0 <bench_measure+0xb8>)
20003c9e:	0022      	movs	r2, r4
20003ca0:	4651      	mov	r1, sl
20003ca2:	f005 fd87 	bl	200097b4 <__wrap_printf>
20003ca6:	2601      	movs	r6, #1
20003ca8:	4276      	negs	r6, r6
20003caa:	e7f0      	b.n	20003c8e <bench_measure+0x76>
20003cac:	980a      	ldr	r0, [sp, #40]	@ 0x28
20003cae:	f7fc fc83 	bl	200005b8 <bench_rp_clean>
20003cb2:	2800      	cmp	r0, #0
20003cb4:	d001      	beq.n	20003cba <bench_measure+0xa2>
20003cb6:	002e      	movs	r6, r5
20003cb8:	e7de      	b.n	20003c78 <bench_measure+0x60>
20003cba:	2600      	movs	r6, #0
20003cbc:	e7dc      	b.n	20003c78 <bench_measure+0x60>
20003cbe:	2601      	movs	r6, #1
20003cc0:	4276      	negs	r6, r6
20003cc2:	e7e4      	b.n	20003c8e <bench_measure+0x76>
20003cc4:	20030987 	.word	0x20030987
20003cc8:	2000e520 	.word	0x2000e520
20003ccc:	2000e700 	.word	0x2000e700
20003cd0:	2000c01c 	.word	0x2000c01c

20003cd4 <bench_run_soak>:
20003cd4:	b570      	push	{r4, r5, r6, lr}
20003cd6:	46de      	mov	lr, fp
20003cd8:	4656      	mov	r6, sl
20003cda:	464d      	mov	r5, r9
20003cdc:	4644      	mov	r4, r8
20003cde:	b570      	push	{r4, r5, r6, lr}
20003ce0:	b098      	sub	sp, #96	@ 0x60
20003ce2:	0004      	movs	r4, r0
20003ce4:	4680      	mov	r8, r0
20003ce6:	468b      	mov	fp, r1
20003ce8:	0016      	movs	r6, r2
20003cea:	001d      	movs	r5, r3
20003cec:	2240      	movs	r2, #64	@ 0x40
20003cee:	2100      	movs	r1, #0
20003cf0:	0018      	movs	r0, r3
20003cf2:	f004 fa43 	bl	2000817c <__wrap_memset>
20003cf6:	2301      	movs	r3, #1
20003cf8:	425b      	negs	r3, r3
20003cfa:	852b      	strh	r3, [r5, #40]	@ 0x28
20003cfc:	465b      	mov	r3, fp
20003cfe:	681b      	ldr	r3, [r3, #0]
20003d00:	602b      	str	r3, [r5, #0]
20003d02:	606b      	str	r3, [r5, #4]
20003d04:	465b      	mov	r3, fp
20003d06:	685b      	ldr	r3, [r3, #4]
20003d08:	626b      	str	r3, [r5, #36]	@ 0x24
20003d0a:	465b      	mov	r3, fp
20003d0c:	7a5a      	ldrb	r2, [r3, #9]
20003d0e:	2338      	movs	r3, #56	@ 0x38
20003d10:	54ea      	strb	r2, [r5, r3]
20003d12:	465b      	mov	r3, fp
20003d14:	7a9a      	ldrb	r2, [r3, #10]
20003d16:	2339      	movs	r3, #57	@ 0x39
20003d18:	54ea      	strb	r2, [r5, r3]
20003d1a:	465b      	mov	r3, fp
20003d1c:	7ada      	ldrb	r2, [r3, #11]
20003d1e:	233a      	movs	r3, #58	@ 0x3a
20003d20:	54ea      	strb	r2, [r5, r3]
20003d22:	465b      	mov	r3, fp
20003d24:	7a1a      	ldrb	r2, [r3, #8]
20003d26:	233b      	movs	r3, #59	@ 0x3b
20003d28:	54ea      	strb	r2, [r5, r3]
20003d2a:	4b4c      	ldr	r3, [pc, #304]	@ (20003e5c <bench_run_soak+0x188>)
20003d2c:	7819      	ldrb	r1, [r3, #0]
20003d2e:	9500      	str	r5, [sp, #0]
20003d30:	2302      	movs	r3, #2
20003d32:	220c      	movs	r2, #12
20003d34:	0020      	movs	r0, r4
20003d36:	f7fe fa7d 	bl	20002234 <bench_send_result>
20003d3a:	2800      	cmp	r0, #0
20003d3c:	db0d      	blt.n	20003d5a <bench_run_soak+0x86>
20003d3e:	465b      	mov	r3, fp
20003d40:	6819      	ldr	r1, [r3, #0]
20003d42:	4847      	ldr	r0, [pc, #284]	@ (20003e60 <bench_run_soak+0x18c>)
20003d44:	0032      	movs	r2, r6
20003d46:	f005 fd35 	bl	200097b4 <__wrap_printf>
20003d4a:	2300      	movs	r3, #0
20003d4c:	9305      	str	r3, [sp, #20]
20003d4e:	4699      	mov	r9, r3
20003d50:	2400      	movs	r4, #0
20003d52:	465b      	mov	r3, fp
20003d54:	9307      	str	r3, [sp, #28]
20003d56:	46c3      	mov	fp, r8
20003d58:	e02b      	b.n	20003db2 <bench_run_soak+0xde>
20003d5a:	4842      	ldr	r0, [pc, #264]	@ (20003e64 <bench_run_soak+0x190>)
20003d5c:	f005 fcfb 	bl	20009756 <__wrap_puts>
20003d60:	2000      	movs	r0, #0
20003d62:	b018      	add	sp, #96	@ 0x60
20003d64:	bc78      	pop	{r3, r4, r5, r6}
20003d66:	46b3      	mov	fp, r6
20003d68:	46aa      	mov	sl, r5
20003d6a:	46a1      	mov	r9, r4
20003d6c:	4698      	mov	r8, r3
20003d6e:	bd70      	pop	{r4, r5, r6, pc}
20003d70:	2204      	movs	r2, #4
20003d72:	e03b      	b.n	20003dec <bench_run_soak+0x118>
20003d74:	68ab      	ldr	r3, [r5, #8]
20003d76:	9306      	str	r3, [sp, #24]
20003d78:	692a      	ldr	r2, [r5, #16]
20003d7a:	6a29      	ldr	r1, [r5, #32]
20003d7c:	6968      	ldr	r0, [r5, #20]
20003d7e:	4684      	mov	ip, r0
20003d80:	8d68      	ldrh	r0, [r5, #42]	@ 0x2a
20003d82:	4680      	mov	r8, r0
20003d84:	4838      	ldr	r0, [pc, #224]	@ (20003e68 <bench_run_soak+0x194>)
20003d86:	4643      	mov	r3, r8
20003d88:	9303      	str	r3, [sp, #12]
20003d8a:	4663      	mov	r3, ip
20003d8c:	9302      	str	r3, [sp, #8]
20003d8e:	9101      	str	r1, [sp, #4]
20003d90:	9200      	str	r2, [sp, #0]
20003d92:	9b06      	ldr	r3, [sp, #24]
20003d94:	0032      	movs	r2, r6
20003d96:	0021      	movs	r1, r4
20003d98:	f005 fd0c 	bl	200097b4 <__wrap_printf>
20003d9c:	42a6      	cmp	r6, r4
20003d9e:	d934      	bls.n	20003e0a <bench_run_soak+0x136>
20003da0:	4653      	mov	r3, sl
20003da2:	2b00      	cmp	r3, #0
20003da4:	db49      	blt.n	20003e3a <bench_run_soak+0x166>
20003da6:	2300      	movs	r3, #0
20003da8:	9305      	str	r3, [sp, #20]
20003daa:	f7fc fc77 	bl	2000069c <bench_esp_gone>
20003dae:	2800      	cmp	r0, #0
20003db0:	d14d      	bne.n	20003e4e <bench_run_soak+0x17a>
20003db2:	42b4      	cmp	r4, r6
20003db4:	d250      	bcs.n	20003e58 <bench_run_soak+0x184>
20003db6:	1b33      	subs	r3, r6, r4
20003db8:	4698      	mov	r8, r3
20003dba:	23fa      	movs	r3, #250	@ 0xfa
20003dbc:	00db      	lsls	r3, r3, #3
20003dbe:	4598      	cmp	r8, r3
20003dc0:	d900      	bls.n	20003dc4 <bench_run_soak+0xf0>
20003dc2:	4698      	mov	r8, r3
20003dc4:	ab08      	add	r3, sp, #32
20003dc6:	469a      	mov	sl, r3
20003dc8:	4642      	mov	r2, r8
20003dca:	9907      	ldr	r1, [sp, #28]
20003dcc:	4658      	mov	r0, fp
20003dce:	f7ff fe01 	bl	200039d4 <bench_run_step>
20003dd2:	4651      	mov	r1, sl
20003dd4:	0028      	movs	r0, r5
20003dd6:	f7fc fc18 	bl	2000060a <bench_stat_add>
20003dda:	4444      	add	r4, r8
20003ddc:	2301      	movs	r3, #1
20003dde:	469c      	mov	ip, r3
20003de0:	44e1      	add	r9, ip
20003de2:	4b1e      	ldr	r3, [pc, #120]	@ (20003e5c <bench_run_soak+0x188>)
20003de4:	7819      	ldrb	r1, [r3, #0]
20003de6:	42a6      	cmp	r6, r4
20003de8:	d8c2      	bhi.n	20003d70 <bench_run_soak+0x9c>
20003dea:	2200      	movs	r2, #0
20003dec:	9500      	str	r5, [sp, #0]
20003dee:	2302      	movs	r3, #2
20003df0:	4658      	mov	r0, fp
20003df2:	f7fe fa1f 	bl	20002234 <bench_send_result>
20003df6:	4682      	mov	sl, r0
20003df8:	210a      	movs	r1, #10
20003dfa:	4648      	mov	r0, r9
20003dfc:	f003 fa4a 	bl	20007294 <__wrap___aeabi_uidiv>
20003e00:	2900      	cmp	r1, #0
20003e02:	d0b7      	beq.n	20003d74 <bench_run_soak+0xa0>
20003e04:	42a6      	cmp	r6, r4
20003e06:	d8c9      	bhi.n	20003d9c <bench_run_soak+0xc8>
20003e08:	e7b4      	b.n	20003d74 <bench_run_soak+0xa0>
20003e0a:	4653      	mov	r3, sl
20003e0c:	2b00      	cmp	r3, #0
20003e0e:	db07      	blt.n	20003e20 <bench_run_soak+0x14c>
20003e10:	2b01      	cmp	r3, #1
20003e12:	d00a      	beq.n	20003e2a <bench_run_soak+0x156>
20003e14:	2300      	movs	r3, #0
20003e16:	469a      	mov	sl, r3
20003e18:	2001      	movs	r0, #1
20003e1a:	4653      	mov	r3, sl
20003e1c:	4018      	ands	r0, r3
20003e1e:	e7a0      	b.n	20003d62 <bench_run_soak+0x8e>
20003e20:	4812      	ldr	r0, [pc, #72]	@ (20003e6c <bench_run_soak+0x198>)
20003e22:	f005 fc98 	bl	20009756 <__wrap_puts>
20003e26:	2000      	movs	r0, #0
20003e28:	e79b      	b.n	20003d62 <bench_run_soak+0x8e>
20003e2a:	0028      	movs	r0, r5
20003e2c:	f7fc fbc4 	bl	200005b8 <bench_rp_clean>
20003e30:	2800      	cmp	r0, #0
20003e32:	d1f1      	bne.n	20003e18 <bench_run_soak+0x144>
20003e34:	2300      	movs	r3, #0
20003e36:	469a      	mov	sl, r3
20003e38:	e7ee      	b.n	20003e18 <bench_run_soak+0x144>
20003e3a:	9b05      	ldr	r3, [sp, #20]
20003e3c:	3301      	adds	r3, #1
20003e3e:	9305      	str	r3, [sp, #20]
20003e40:	2b02      	cmp	r3, #2
20003e42:	ddb2      	ble.n	20003daa <bench_run_soak+0xd6>
20003e44:	480a      	ldr	r0, [pc, #40]	@ (20003e70 <bench_run_soak+0x19c>)
20003e46:	f005 fc86 	bl	20009756 <__wrap_puts>
20003e4a:	2000      	movs	r0, #0
20003e4c:	e789      	b.n	20003d62 <bench_run_soak+0x8e>
20003e4e:	4809      	ldr	r0, [pc, #36]	@ (20003e74 <bench_run_soak+0x1a0>)
20003e50:	f005 fc81 	bl	20009756 <__wrap_puts>
20003e54:	2000      	movs	r0, #0
20003e56:	e784      	b.n	20003d62 <bench_run_soak+0x8e>
20003e58:	2000      	movs	r0, #0
20003e5a:	e782      	b.n	20003d62 <bench_run_soak+0x8e>
20003e5c:	20030987 	.word	0x20030987
20003e60:	2000c094 	.word	0x2000c094
20003e64:	2000c058 	.word	0x2000c058
20003e68:	2000c0dc 	.word	0x2000c0dc
20003e6c:	2000c13c 	.word	0x2000c13c
20003e70:	2000c17c 	.word	0x2000c17c
20003e74:	2000c1c4 	.word	0x2000c1c4

20003e78 <bench_restore_usb_pll>:
20003e78:	b570      	push	{r4, r5, r6, lr}
20003e7a:	b084      	sub	sp, #16
20003e7c:	4b10      	ldr	r3, [pc, #64]	@ (20003ec0 <bench_restore_usb_pll+0x48>)
20003e7e:	681c      	ldr	r4, [r3, #0]
20003e80:	2c00      	cmp	r4, #0
20003e82:	d00c      	beq.n	20003e9e <bench_restore_usb_pll+0x26>
20003e84:	4b0f      	ldr	r3, [pc, #60]	@ (20003ec4 <bench_restore_usb_pll+0x4c>)
20003e86:	681d      	ldr	r5, [r3, #0]
20003e88:	2d0f      	cmp	r5, #15
20003e8a:	d908      	bls.n	20003e9e <bench_restore_usb_pll+0x26>
20003e8c:	4b0e      	ldr	r3, [pc, #56]	@ (20003ec8 <bench_restore_usb_pll+0x50>)
20003e8e:	681e      	ldr	r6, [r3, #0]
20003e90:	2e00      	cmp	r6, #0
20003e92:	d004      	beq.n	20003e9e <bench_restore_usb_pll+0x26>
20003e94:	4b0d      	ldr	r3, [pc, #52]	@ (20003ecc <bench_restore_usb_pll+0x54>)
20003e96:	681b      	ldr	r3, [r3, #0]
20003e98:	9303      	str	r3, [sp, #12]
20003e9a:	2b00      	cmp	r3, #0
20003e9c:	d101      	bne.n	20003ea2 <bench_restore_usb_pll+0x2a>
20003e9e:	b004      	add	sp, #16
20003ea0:	bd70      	pop	{r4, r5, r6, pc}
20003ea2:	0021      	movs	r1, r4
20003ea4:	480a      	ldr	r0, [pc, #40]	@ (20003ed0 <bench_restore_usb_pll+0x58>)
20003ea6:	f003 f9f5 	bl	20007294 <__wrap___aeabi_uidiv>
20003eaa:	002a      	movs	r2, r5
20003eac:	4342      	muls	r2, r0
20003eae:	9b03      	ldr	r3, [sp, #12]
20003eb0:	9300      	str	r3, [sp, #0]
20003eb2:	0033      	movs	r3, r6
20003eb4:	0021      	movs	r1, r4
20003eb6:	4807      	ldr	r0, [pc, #28]	@ (20003ed4 <bench_restore_usb_pll+0x5c>)
20003eb8:	f002 ff42 	bl	20006d40 <pll_init>
20003ebc:	e7ef      	b.n	20003e9e <bench_restore_usb_pll+0x26>
20003ebe:	46c0      	nop			@ (mov r8, r8)
20003ec0:	2000e744 	.word	0x2000e744
20003ec4:	2000e738 	.word	0x2000e738
20003ec8:	2000e73c 	.word	0x2000e73c
20003ecc:	2000e740 	.word	0x2000e740
20003ed0:	00b71b00 	.word	0x00b71b00
20003ed4:	4002c000 	.word	0x4002c000

20003ed8 <set_sys_clock_khz>:
20003ed8:	b570      	push	{r4, r5, r6, lr}
20003eda:	b084      	sub	sp, #16
20003edc:	0006      	movs	r6, r0
20003ede:	000c      	movs	r4, r1
20003ee0:	ab01      	add	r3, sp, #4
20003ee2:	aa02      	add	r2, sp, #8
20003ee4:	a903      	add	r1, sp, #12
20003ee6:	f002 fed9 	bl	20006c9c <check_sys_clock_khz>
20003eea:	1e05      	subs	r5, r0, #0
20003eec:	d104      	bne.n	20003ef8 <set_sys_clock_khz+0x20>
20003eee:	2c00      	cmp	r4, #0
20003ef0:	d109      	bne.n	20003f06 <set_sys_clock_khz+0x2e>
20003ef2:	0020      	movs	r0, r4
20003ef4:	b004      	add	sp, #16
20003ef6:	bd70      	pop	{r4, r5, r6, pc}
20003ef8:	9a01      	ldr	r2, [sp, #4]
20003efa:	9902      	ldr	r1, [sp, #8]
20003efc:	9803      	ldr	r0, [sp, #12]
20003efe:	f002 fe99 	bl	20006c34 <set_sys_clock_pll>
20003f02:	002c      	movs	r4, r5
20003f04:	e7f5      	b.n	20003ef2 <set_sys_clock_khz+0x1a>
20003f06:	4802      	ldr	r0, [pc, #8]	@ (20003f10 <set_sys_clock_khz+0x38>)
20003f08:	0031      	movs	r1, r6
20003f0a:	f001 fc57 	bl	200057bc <panic>
20003f0e:	46c0      	nop			@ (mov r8, r8)
20003f10:	2000c204 	.word	0x2000c204

20003f14 <ota_run_bench>:
20003f14:	b570      	push	{r4, r5, r6, lr}
20003f16:	46de      	mov	lr, fp
20003f18:	4656      	mov	r6, sl
20003f1a:	464d      	mov	r5, r9
20003f1c:	4644      	mov	r4, r8
20003f1e:	b570      	push	{r4, r5, r6, lr}
20003f20:	b0a4      	sub	sp, #144	@ 0x90
20003f22:	4bc6      	ldr	r3, [pc, #792]	@ (2000423c <ota_run_bench+0x328>)
20003f24:	681a      	ldr	r2, [r3, #0]
20003f26:	4693      	mov	fp, r2
20003f28:	4bc5      	ldr	r3, [pc, #788]	@ (20004240 <ota_run_bench+0x32c>)
20003f2a:	781b      	ldrb	r3, [r3, #0]
20003f2c:	4699      	mov	r9, r3
20003f2e:	4bc5      	ldr	r3, [pc, #788]	@ (20004244 <ota_run_bench+0x330>)
20003f30:	681b      	ldr	r3, [r3, #0]
20003f32:	469a      	mov	sl, r3
20003f34:	4bc4      	ldr	r3, [pc, #784]	@ (20004248 <ota_run_bench+0x334>)
20003f36:	781b      	ldrb	r3, [r3, #0]
20003f38:	9308      	str	r3, [sp, #32]
20003f3a:	2a31      	cmp	r2, #49	@ 0x31
20003f3c:	d907      	bls.n	20003f4e <ota_run_bench+0x3a>
20003f3e:	23fa      	movs	r3, #250	@ 0xfa
20003f40:	00db      	lsls	r3, r3, #3
20003f42:	429a      	cmp	r2, r3
20003f44:	d905      	bls.n	20003f52 <ota_run_bench+0x3e>
20003f46:	23fa      	movs	r3, #250	@ 0xfa
20003f48:	00db      	lsls	r3, r3, #3
20003f4a:	469b      	mov	fp, r3
20003f4c:	e001      	b.n	20003f52 <ota_run_bench+0x3e>
20003f4e:	2332      	movs	r3, #50	@ 0x32
20003f50:	469b      	mov	fp, r3
20003f52:	464b      	mov	r3, r9
20003f54:	3b01      	subs	r3, #1
20003f56:	2b27      	cmp	r3, #39	@ 0x27
20003f58:	d901      	bls.n	20003f5e <ota_run_bench+0x4a>
20003f5a:	2328      	movs	r3, #40	@ 0x28
20003f5c:	4699      	mov	r9, r3
20003f5e:	4651      	mov	r1, sl
20003f60:	1e4b      	subs	r3, r1, #1
20003f62:	4aba      	ldr	r2, [pc, #744]	@ (2000424c <ota_run_bench+0x338>)
20003f64:	4293      	cmp	r3, r2
20003f66:	d905      	bls.n	20003f74 <ota_run_bench+0x60>
20003f68:	4bb9      	ldr	r3, [pc, #740]	@ (20004250 <ota_run_bench+0x33c>)
20003f6a:	4299      	cmp	r1, r3
20003f6c:	d904      	bls.n	20003f78 <ota_run_bench+0x64>
20003f6e:	4bb8      	ldr	r3, [pc, #736]	@ (20004250 <ota_run_bench+0x33c>)
20003f70:	469a      	mov	sl, r3
20003f72:	e001      	b.n	20003f78 <ota_run_bench+0x64>
20003f74:	2300      	movs	r3, #0
20003f76:	469a      	mov	sl, r3
20003f78:	9b08      	ldr	r3, [sp, #32]
20003f7a:	2b08      	cmp	r3, #8
20003f7c:	d901      	bls.n	20003f82 <ota_run_bench+0x6e>
20003f7e:	2308      	movs	r3, #8
20003f80:	9308      	str	r3, [sp, #32]
20003f82:	4bb4      	ldr	r3, [pc, #720]	@ (20004254 <ota_run_bench+0x340>)
20003f84:	881b      	ldrh	r3, [r3, #0]
20003f86:	015c      	lsls	r4, r3, #5
20003f88:	1ae4      	subs	r4, r4, r3
20003f8a:	00a4      	lsls	r4, r4, #2
20003f8c:	18e4      	adds	r4, r4, r3
20003f8e:	00e4      	lsls	r4, r4, #3
20003f90:	4bb1      	ldr	r3, [pc, #708]	@ (20004258 <ota_run_bench+0x344>)
20003f92:	881b      	ldrh	r3, [r3, #0]
20003f94:	015d      	lsls	r5, r3, #5
20003f96:	1aed      	subs	r5, r5, r3
20003f98:	00ad      	lsls	r5, r5, #2
20003f9a:	18ed      	adds	r5, r5, r3
20003f9c:	00ed      	lsls	r5, r5, #3
20003f9e:	4baf      	ldr	r3, [pc, #700]	@ (2000425c <ota_run_bench+0x348>)
20003fa0:	781b      	ldrb	r3, [r3, #0]
20003fa2:	4698      	mov	r8, r3
20003fa4:	f7fc fa62 	bl	2000046c <bench_peri_auxsrc>
20003fa8:	4bad      	ldr	r3, [pc, #692]	@ (20004260 <ota_run_bench+0x34c>)
20003faa:	6018      	str	r0, [r3, #0]
20003fac:	2006      	movs	r0, #6
20003fae:	f002 fe1b 	bl	20006be8 <clock_get_hz>
20003fb2:	4bac      	ldr	r3, [pc, #688]	@ (20004264 <ota_run_bench+0x350>)
20003fb4:	6018      	str	r0, [r3, #0]
20003fb6:	2005      	movs	r0, #5
20003fb8:	f002 fe16 	bl	20006be8 <clock_get_hz>
20003fbc:	4baa      	ldr	r3, [pc, #680]	@ (20004268 <ota_run_bench+0x354>)
20003fbe:	6018      	str	r0, [r3, #0]
20003fc0:	4baa      	ldr	r3, [pc, #680]	@ (2000426c <ota_run_bench+0x358>)
20003fc2:	2600      	movs	r6, #0
20003fc4:	701e      	strb	r6, [r3, #0]
20003fc6:	f7fc fa59 	bl	2000047c <bench_save_usb_pll>
20003fca:	f7fd fa81 	bl	200014d0 <bench_build_variants>
20003fce:	4ba8      	ldr	r3, [pc, #672]	@ (20004270 <ota_run_bench+0x35c>)
20003fd0:	601e      	str	r6, [r3, #0]
20003fd2:	4ba8      	ldr	r3, [pc, #672]	@ (20004274 <ota_run_bench+0x360>)
20003fd4:	601e      	str	r6, [r3, #0]
20003fd6:	4ba8      	ldr	r3, [pc, #672]	@ (20004278 <ota_run_bench+0x364>)
20003fd8:	8818      	ldrh	r0, [r3, #0]
20003fda:	2800      	cmp	r0, #0
20003fdc:	d101      	bne.n	20003fe2 <ota_run_bench+0xce>
20003fde:	4b9e      	ldr	r3, [pc, #632]	@ (20004258 <ota_run_bench+0x344>)
20003fe0:	8818      	ldrh	r0, [r3, #0]
20003fe2:	4ba6      	ldr	r3, [pc, #664]	@ (2000427c <ota_run_bench+0x368>)
20003fe4:	781b      	ldrb	r3, [r3, #0]
20003fe6:	2b00      	cmp	r3, #0
20003fe8:	d00f      	beq.n	2000400a <ota_run_bench+0xf6>
20003fea:	22fa      	movs	r2, #250	@ 0xfa
20003fec:	00d2      	lsls	r2, r2, #3
20003fee:	2300      	movs	r3, #0
20003ff0:	2100      	movs	r1, #0
20003ff2:	f003 ff8b 	bl	20007f0c <__wrap___aeabi_lmul>
20003ff6:	4b9b      	ldr	r3, [pc, #620]	@ (20004264 <ota_run_bench+0x350>)
20003ff8:	681a      	ldr	r2, [r3, #0]
20003ffa:	2300      	movs	r3, #0
20003ffc:	2900      	cmp	r1, #0
20003ffe:	d110      	bne.n	20004022 <ota_run_bench+0x10e>
20004000:	4299      	cmp	r1, r3
20004002:	d101      	bne.n	20004008 <ota_run_bench+0xf4>
20004004:	4290      	cmp	r0, r2
20004006:	d80c      	bhi.n	20004022 <ota_run_bench+0x10e>
20004008:	2300      	movs	r3, #0
2000400a:	930a      	str	r3, [sp, #40]	@ 0x28
2000400c:	4642      	mov	r2, r8
2000400e:	2a01      	cmp	r2, #1
20004010:	d036      	beq.n	20004080 <ota_run_bench+0x16c>
20004012:	2b00      	cmp	r3, #0
20004014:	d036      	beq.n	20004084 <ota_run_bench+0x170>
20004016:	4b94      	ldr	r3, [pc, #592]	@ (20004268 <ota_run_bench+0x354>)
20004018:	681b      	ldr	r3, [r3, #0]
2000401a:	2b00      	cmp	r3, #0
2000401c:	d103      	bne.n	20004026 <ota_run_bench+0x112>
2000401e:	930a      	str	r3, [sp, #40]	@ 0x28
20004020:	e030      	b.n	20004084 <ota_run_bench+0x170>
20004022:	2301      	movs	r3, #1
20004024:	e7f1      	b.n	2000400a <ota_run_bench+0xf6>
20004026:	f7fc fa13 	bl	20000450 <bench_uart_drain>
2000402a:	200f      	movs	r0, #15
2000402c:	f002 ff1a 	bl	20006e64 <vreg_set_voltage>
20004030:	2003      	movs	r0, #3
20004032:	f002 fb45 	bl	200066c0 <sleep_ms>
20004036:	4b8c      	ldr	r3, [pc, #560]	@ (20004268 <ota_run_bench+0x354>)
20004038:	6818      	ldr	r0, [r3, #0]
2000403a:	21fa      	movs	r1, #250	@ 0xfa
2000403c:	0089      	lsls	r1, r1, #2
2000403e:	f003 f929 	bl	20007294 <__wrap___aeabi_uidiv>
20004042:	0040      	lsls	r0, r0, #1
20004044:	2100      	movs	r1, #0
20004046:	f7ff ff47 	bl	20003ed8 <set_sys_clock_khz>
2000404a:	0006      	movs	r6, r0
2000404c:	900a      	str	r0, [sp, #40]	@ 0x28
2000404e:	f7ff fc6f 	bl	20003930 <bench_uart_reclock>
20004052:	2e00      	cmp	r6, #0
20004054:	d00d      	beq.n	20004072 <ota_run_bench+0x15e>
20004056:	4e8a      	ldr	r6, [pc, #552]	@ (20004280 <ota_run_bench+0x36c>)
20004058:	2005      	movs	r0, #5
2000405a:	f002 fdc5 	bl	20006be8 <clock_get_hz>
2000405e:	0002      	movs	r2, r0
20004060:	9b0a      	ldr	r3, [sp, #40]	@ 0x28
20004062:	2b00      	cmp	r3, #0
20004064:	d00a      	beq.n	2000407c <ota_run_bench+0x168>
20004066:	4b87      	ldr	r3, [pc, #540]	@ (20004284 <ota_run_bench+0x370>)
20004068:	4887      	ldr	r0, [pc, #540]	@ (20004288 <ota_run_bench+0x374>)
2000406a:	0031      	movs	r1, r6
2000406c:	f005 fba2 	bl	200097b4 <__wrap_printf>
20004070:	e008      	b.n	20004084 <ota_run_bench+0x170>
20004072:	200b      	movs	r0, #11
20004074:	f002 fef6 	bl	20006e64 <vreg_set_voltage>
20004078:	4e84      	ldr	r6, [pc, #528]	@ (2000428c <ota_run_bench+0x378>)
2000407a:	e7ed      	b.n	20004058 <ota_run_bench+0x144>
2000407c:	4b84      	ldr	r3, [pc, #528]	@ (20004290 <ota_run_bench+0x37c>)
2000407e:	e7f3      	b.n	20004068 <ota_run_bench+0x154>
20004080:	2300      	movs	r3, #0
20004082:	930a      	str	r3, [sp, #40]	@ 0x28
20004084:	f7ff fc76 	bl	20003974 <bench_go_safe>
20004088:	220c      	movs	r2, #12
2000408a:	2100      	movs	r1, #0
2000408c:	a80e      	add	r0, sp, #56	@ 0x38
2000408e:	f004 f875 	bl	2000817c <__wrap_memset>
20004092:	4643      	mov	r3, r8
20004094:	2b01      	cmp	r3, #1
20004096:	d03b      	beq.n	20004110 <ota_run_bench+0x1fc>
20004098:	4b7e      	ldr	r3, [pc, #504]	@ (20004294 <ota_run_bench+0x380>)
2000409a:	9309      	str	r3, [sp, #36]	@ 0x24
2000409c:	4b7e      	ldr	r3, [pc, #504]	@ (20004298 <ota_run_bench+0x384>)
2000409e:	781b      	ldrb	r3, [r3, #0]
200040a0:	930b      	str	r3, [sp, #44]	@ 0x2c
200040a2:	4b6c      	ldr	r3, [pc, #432]	@ (20004254 <ota_run_bench+0x340>)
200040a4:	881e      	ldrh	r6, [r3, #0]
200040a6:	4b6c      	ldr	r3, [pc, #432]	@ (20004258 <ota_run_bench+0x344>)
200040a8:	8819      	ldrh	r1, [r3, #0]
200040aa:	910c      	str	r1, [sp, #48]	@ 0x30
200040ac:	2005      	movs	r0, #5
200040ae:	f002 fd9b 	bl	20006be8 <clock_get_hz>
200040b2:	0003      	movs	r3, r0
200040b4:	4879      	ldr	r0, [pc, #484]	@ (2000429c <ota_run_bench+0x388>)
200040b6:	4a6b      	ldr	r2, [pc, #428]	@ (20004264 <ota_run_bench+0x350>)
200040b8:	6812      	ldr	r2, [r2, #0]
200040ba:	9206      	str	r2, [sp, #24]
200040bc:	9305      	str	r3, [sp, #20]
200040be:	9b08      	ldr	r3, [sp, #32]
200040c0:	9304      	str	r3, [sp, #16]
200040c2:	4653      	mov	r3, sl
200040c4:	9303      	str	r3, [sp, #12]
200040c6:	990c      	ldr	r1, [sp, #48]	@ 0x30
200040c8:	9102      	str	r1, [sp, #8]
200040ca:	9601      	str	r6, [sp, #4]
200040cc:	4659      	mov	r1, fp
200040ce:	9100      	str	r1, [sp, #0]
200040d0:	464b      	mov	r3, r9
200040d2:	9a0b      	ldr	r2, [sp, #44]	@ 0x2c
200040d4:	9909      	ldr	r1, [sp, #36]	@ 0x24
200040d6:	f005 fb6d 	bl	200097b4 <__wrap_printf>
200040da:	4643      	mov	r3, r8
200040dc:	2b01      	cmp	r3, #1
200040de:	d000      	beq.n	200040e2 <ota_run_bench+0x1ce>
200040e0:	e07e      	b.n	200041e0 <ota_run_bench+0x2cc>
200040e2:	4b6f      	ldr	r3, [pc, #444]	@ (200042a0 <ota_run_bench+0x38c>)
200040e4:	681c      	ldr	r4, [r3, #0]
200040e6:	2c00      	cmp	r4, #0
200040e8:	d101      	bne.n	200040ee <ota_run_bench+0x1da>
200040ea:	2496      	movs	r4, #150	@ 0x96
200040ec:	01a4      	lsls	r4, r4, #6
200040ee:	4b6d      	ldr	r3, [pc, #436]	@ (200042a4 <ota_run_bench+0x390>)
200040f0:	681d      	ldr	r5, [r3, #0]
200040f2:	2d00      	cmp	r5, #0
200040f4:	d100      	bne.n	200040f8 <ota_run_bench+0x1e4>
200040f6:	4d6c      	ldr	r5, [pc, #432]	@ (200042a8 <ota_run_bench+0x394>)
200040f8:	2396      	movs	r3, #150	@ 0x96
200040fa:	019b      	lsls	r3, r3, #6
200040fc:	429c      	cmp	r4, r3
200040fe:	d200      	bcs.n	20004102 <ota_run_bench+0x1ee>
20004100:	001c      	movs	r4, r3
20004102:	4b69      	ldr	r3, [pc, #420]	@ (200042a8 <ota_run_bench+0x394>)
20004104:	429d      	cmp	r5, r3
20004106:	d900      	bls.n	2000410a <ota_run_bench+0x1f6>
20004108:	001d      	movs	r5, r3
2000410a:	2300      	movs	r3, #0
2000410c:	2600      	movs	r6, #0
2000410e:	e003      	b.n	20004118 <ota_run_bench+0x204>
20004110:	4b66      	ldr	r3, [pc, #408]	@ (200042ac <ota_run_bench+0x398>)
20004112:	9309      	str	r3, [sp, #36]	@ 0x24
20004114:	e7c2      	b.n	2000409c <ota_run_bench+0x188>
20004116:	3301      	adds	r3, #1
20004118:	2b0c      	cmp	r3, #12
2000411a:	d808      	bhi.n	2000412e <ota_run_bench+0x21a>
2000411c:	4a64      	ldr	r2, [pc, #400]	@ (200042b0 <ota_run_bench+0x39c>)
2000411e:	0099      	lsls	r1, r3, #2
20004120:	588a      	ldr	r2, [r1, r2]
20004122:	42a2      	cmp	r2, r4
20004124:	d3f7      	bcc.n	20004116 <ota_run_bench+0x202>
20004126:	42aa      	cmp	r2, r5
20004128:	d8f5      	bhi.n	20004116 <ota_run_bench+0x202>
2000412a:	3601      	adds	r6, #1
2000412c:	e7f3      	b.n	20004116 <ota_run_bench+0x202>
2000412e:	2e00      	cmp	r6, #0
20004130:	d100      	bne.n	20004134 <ota_run_bench+0x220>
20004132:	3601      	adds	r6, #1
20004134:	464b      	mov	r3, r9
20004136:	42b3      	cmp	r3, r6
20004138:	d800      	bhi.n	2000413c <ota_run_bench+0x228>
2000413a:	001e      	movs	r6, r3
2000413c:	2200      	movs	r2, #0
2000413e:	2100      	movs	r1, #0
20004140:	2000      	movs	r0, #0
20004142:	f7fd fdfb 	bl	20001d3c <uart_setup_peer>
20004146:	900b      	str	r0, [sp, #44]	@ 0x2c
20004148:	2c00      	cmp	r4, #0
2000414a:	d004      	beq.n	20004156 <ota_run_bench+0x242>
2000414c:	42ac      	cmp	r4, r5
2000414e:	d802      	bhi.n	20004156 <ota_run_bench+0x242>
20004150:	9b0b      	ldr	r3, [sp, #44]	@ 0x2c
20004152:	2b00      	cmp	r3, #0
20004154:	d14b      	bne.n	200041ee <ota_run_bench+0x2da>
20004156:	2240      	movs	r2, #64	@ 0x40
20004158:	2100      	movs	r1, #0
2000415a:	a814      	add	r0, sp, #80	@ 0x50
2000415c:	f004 f80e 	bl	2000817c <__wrap_memset>
20004160:	42ac      	cmp	r4, r5
20004162:	d942      	bls.n	200041ea <ota_run_bench+0x2d6>
20004164:	4a53      	ldr	r2, [pc, #332]	@ (200042b4 <ota_run_bench+0x3a0>)
20004166:	4854      	ldr	r0, [pc, #336]	@ (200042b8 <ota_run_bench+0x3a4>)
20004168:	9909      	ldr	r1, [sp, #36]	@ 0x24
2000416a:	f005 fb23 	bl	200097b4 <__wrap_printf>
2000416e:	ab14      	add	r3, sp, #80	@ 0x50
20004170:	9300      	str	r3, [sp, #0]
20004172:	2300      	movs	r3, #0
20004174:	2203      	movs	r2, #3
20004176:	2100      	movs	r1, #0
20004178:	20ff      	movs	r0, #255	@ 0xff
2000417a:	f7fe f85b 	bl	20002234 <bench_send_result>
2000417e:	f7ff fbe9 	bl	20003954 <bench_peri_to_sys>
20004182:	f7ff fe79 	bl	20003e78 <bench_restore_usb_pll>
20004186:	9b0a      	ldr	r3, [sp, #40]	@ 0x28
20004188:	2b00      	cmp	r3, #0
2000418a:	d000      	beq.n	2000418e <ota_run_bench+0x27a>
2000418c:	e22e      	b.n	200045ec <ota_run_bench+0x6d8>
2000418e:	f7fc f95f 	bl	20000450 <bench_uart_drain>
20004192:	4b34      	ldr	r3, [pc, #208]	@ (20004264 <ota_run_bench+0x350>)
20004194:	681b      	ldr	r3, [r3, #0]
20004196:	4a32      	ldr	r2, [pc, #200]	@ (20004260 <ota_run_bench+0x34c>)
20004198:	6812      	ldr	r2, [r2, #0]
2000419a:	2100      	movs	r1, #0
2000419c:	2006      	movs	r0, #6
2000419e:	f002 fd19 	bl	20006bd4 <clock_configure_undivided>
200041a2:	f7ff fbc5 	bl	20003930 <bench_uart_reclock>
200041a6:	4945      	ldr	r1, [pc, #276]	@ (200042bc <ota_run_bench+0x3a8>)
200041a8:	4845      	ldr	r0, [pc, #276]	@ (200042c0 <ota_run_bench+0x3ac>)
200041aa:	f005 fefb 	bl	20009fa4 <spi_set_baudrate>
200041ae:	0006      	movs	r6, r0
200041b0:	4b44      	ldr	r3, [pc, #272]	@ (200042c4 <ota_run_bench+0x3b0>)
200041b2:	2200      	movs	r2, #0
200041b4:	701a      	strb	r2, [r3, #0]
200041b6:	2005      	movs	r0, #5
200041b8:	f002 fd16 	bl	20006be8 <clock_get_hz>
200041bc:	0005      	movs	r5, r0
200041be:	2006      	movs	r0, #6
200041c0:	f002 fd12 	bl	20006be8 <clock_get_hz>
200041c4:	0002      	movs	r2, r0
200041c6:	4c40      	ldr	r4, [pc, #256]	@ (200042c8 <ota_run_bench+0x3b4>)
200041c8:	0033      	movs	r3, r6
200041ca:	0029      	movs	r1, r5
200041cc:	0020      	movs	r0, r4
200041ce:	f005 faf1 	bl	200097b4 <__wrap_printf>
200041d2:	b024      	add	sp, #144	@ 0x90
200041d4:	bc78      	pop	{r3, r4, r5, r6}
200041d6:	46b3      	mov	fp, r6
200041d8:	46aa      	mov	sl, r5
200041da:	46a1      	mov	r9, r4
200041dc:	4698      	mov	r8, r3
200041de:	bd70      	pop	{r4, r5, r6, pc}
200041e0:	f7fd fe1e 	bl	20001e20 <bench_warmup>
200041e4:	900b      	str	r0, [sp, #44]	@ 0x2c
200041e6:	464e      	mov	r6, r9
200041e8:	e7ae      	b.n	20004148 <ota_run_bench+0x234>
200041ea:	4a38      	ldr	r2, [pc, #224]	@ (200042cc <ota_run_bench+0x3b8>)
200041ec:	e7bb      	b.n	20004166 <ota_run_bench+0x252>
200041ee:	4643      	mov	r3, r8
200041f0:	2b01      	cmp	r3, #1
200041f2:	d003      	beq.n	200041fc <ota_run_bench+0x2e8>
200041f4:	4b20      	ldr	r3, [pc, #128]	@ (20004278 <ota_run_bench+0x364>)
200041f6:	881b      	ldrh	r3, [r3, #0]
200041f8:	2b00      	cmp	r3, #0
200041fa:	d106      	bne.n	2000420a <ota_run_bench+0x2f6>
200041fc:	2300      	movs	r3, #0
200041fe:	2200      	movs	r2, #0
20004200:	920d      	str	r2, [sp, #52]	@ 0x34
20004202:	46a9      	mov	r9, r5
20004204:	0035      	movs	r5, r6
20004206:	001e      	movs	r6, r3
20004208:	e083      	b.n	20004312 <ota_run_bench+0x3fe>
2000420a:	0158      	lsls	r0, r3, #5
2000420c:	1ac0      	subs	r0, r0, r3
2000420e:	0080      	lsls	r0, r0, #2
20004210:	18c0      	adds	r0, r0, r3
20004212:	00c0      	lsls	r0, r0, #3
20004214:	a911      	add	r1, sp, #68	@ 0x44
20004216:	f7fd ff63 	bl	200020e0 <bench_resolve_rate>
2000421a:	4681      	mov	r9, r0
2000421c:	2800      	cmp	r0, #0
2000421e:	d0ed      	beq.n	200041fc <ota_run_bench+0x2e8>
20004220:	9911      	ldr	r1, [sp, #68]	@ 0x44
20004222:	42a1      	cmp	r1, r4
20004224:	d3ea      	bcc.n	200041fc <ota_run_bench+0x2e8>
20004226:	aa0e      	add	r2, sp, #56	@ 0x38
20004228:	ab11      	add	r3, sp, #68	@ 0x44
2000422a:	cb61      	ldmia	r3!, {r0, r5, r6}
2000422c:	c261      	stmia	r2!, {r0, r5, r6}
2000422e:	4828      	ldr	r0, [pc, #160]	@ (200042d0 <ota_run_bench+0x3bc>)
20004230:	f005 fac0 	bl	200097b4 <__wrap_printf>
20004234:	2300      	movs	r3, #0
20004236:	930b      	str	r3, [sp, #44]	@ 0x2c
20004238:	e0aa      	b.n	20004390 <ota_run_bench+0x47c>
2000423a:	46c0      	nop			@ (mov r8, r8)
2000423c:	2002f280 	.word	0x2002f280
20004240:	2003098d 	.word	0x2003098d
20004244:	2002f284 	.word	0x2002f284
20004248:	20030990 	.word	0x20030990
2000424c:	000007ce 	.word	0x000007ce
20004250:	00a4cb80 	.word	0x00a4cb80
20004254:	20030982 	.word	0x20030982
20004258:	20030980 	.word	0x20030980
2000425c:	2003098c 	.word	0x2003098c
20004260:	2000e72c 	.word	0x2000e72c
20004264:	2000e730 	.word	0x2000e730
20004268:	2000e734 	.word	0x2000e734
2000426c:	20030987 	.word	0x20030987
20004270:	2000e748 	.word	0x2000e748
20004274:	2000e728 	.word	0x2000e728
20004278:	20030984 	.word	0x20030984
2000427c:	2003098e 	.word	0x2003098e
20004280:	2000c238 	.word	0x2000c238
20004284:	2000c268 	.word	0x2000c268
20004288:	2000c2f4 	.word	0x2000c2f4
2000428c:	2000c250 	.word	0x2000c250
20004290:	2000c270 	.word	0x2000c270
20004294:	2000c280 	.word	0x2000c280
20004298:	2003098f 	.word	0x2003098f
2000429c:	2000c328 	.word	0x2000c328
200042a0:	2002f2c4 	.word	0x2002f2c4
200042a4:	2002f2c0 	.word	0x2002f2c0
200042a8:	002dc6c0 	.word	0x002dc6c0
200042ac:	2000c278 	.word	0x2000c278
200042b0:	2000b3d0 	.word	0x2000b3d0
200042b4:	2000c284 	.word	0x2000c284
200042b8:	2000c3bc 	.word	0x2000c3bc
200042bc:	004c4b40 	.word	0x004c4b40
200042c0:	40040000 	.word	0x40040000
200042c4:	2003098a 	.word	0x2003098a
200042c8:	2000c4d4 	.word	0x2000c4d4
200042cc:	2000c2a4 	.word	0x2000c2a4
200042d0:	2000c3d4 	.word	0x2000c3d4
200042d4:	3301      	adds	r3, #1
200042d6:	2b0c      	cmp	r3, #12
200042d8:	d810      	bhi.n	200042fc <ota_run_bench+0x3e8>
200042da:	4ab7      	ldr	r2, [pc, #732]	@ (200045b8 <ota_run_bench+0x6a4>)
200042dc:	0099      	lsls	r1, r3, #2
200042de:	5888      	ldr	r0, [r1, r2]
200042e0:	42b0      	cmp	r0, r6
200042e2:	d3f7      	bcc.n	200042d4 <ota_run_bench+0x3c0>
200042e4:	4548      	cmp	r0, r9
200042e6:	d8f5      	bhi.n	200042d4 <ota_run_bench+0x3c0>
200042e8:	45a4      	cmp	ip, r4
200042ea:	d046      	beq.n	2000437a <ota_run_bench+0x466>
200042ec:	3401      	adds	r4, #1
200042ee:	e7f1      	b.n	200042d4 <ota_run_bench+0x3c0>
200042f0:	2300      	movs	r3, #0
200042f2:	2200      	movs	r2, #0
200042f4:	46b4      	mov	ip, r6
200042f6:	0026      	movs	r6, r4
200042f8:	0014      	movs	r4, r2
200042fa:	e7ec      	b.n	200042d6 <ota_run_bench+0x3c2>
200042fc:	0034      	movs	r4, r6
200042fe:	4666      	mov	r6, ip
20004300:	2000      	movs	r0, #0
20004302:	2800      	cmp	r0, #0
20004304:	d004      	beq.n	20004310 <ota_run_bench+0x3fc>
20004306:	a911      	add	r1, sp, #68	@ 0x44
20004308:	f7fd f822 	bl	20001350 <uart_resolve_rate>
2000430c:	2800      	cmp	r0, #0
2000430e:	d11c      	bne.n	2000434a <ota_run_bench+0x436>
20004310:	3601      	adds	r6, #1
20004312:	42b5      	cmp	r5, r6
20004314:	d944      	bls.n	200043a0 <ota_run_bench+0x48c>
20004316:	4ba9      	ldr	r3, [pc, #676]	@ (200045bc <ota_run_bench+0x6a8>)
20004318:	781b      	ldrb	r3, [r3, #0]
2000431a:	2b27      	cmp	r3, #39	@ 0x27
2000431c:	d832      	bhi.n	20004384 <ota_run_bench+0x470>
2000431e:	4643      	mov	r3, r8
20004320:	2b01      	cmp	r3, #1
20004322:	d0e5      	beq.n	200042f0 <ota_run_bench+0x3dc>
20004324:	464b      	mov	r3, r9
20004326:	1b1a      	subs	r2, r3, r4
20004328:	2d01      	cmp	r5, #1
2000432a:	d029      	beq.n	20004380 <ota_run_bench+0x46c>
2000432c:	2300      	movs	r3, #0
2000432e:	0030      	movs	r0, r6
20004330:	2100      	movs	r1, #0
20004332:	f003 fdeb 	bl	20007f0c <__wrap___aeabi_lmul>
20004336:	1e6a      	subs	r2, r5, #1
20004338:	2300      	movs	r3, #0
2000433a:	f002 ffe9 	bl	20007310 <__wrap___aeabi_uldivmod>
2000433e:	1820      	adds	r0, r4, r0
20004340:	a911      	add	r1, sp, #68	@ 0x44
20004342:	f7fd fecd 	bl	200020e0 <bench_resolve_rate>
20004346:	2800      	cmp	r0, #0
20004348:	d0e2      	beq.n	20004310 <ota_run_bench+0x3fc>
2000434a:	9b11      	ldr	r3, [sp, #68]	@ 0x44
2000434c:	42a3      	cmp	r3, r4
2000434e:	d3df      	bcc.n	20004310 <ota_run_bench+0x3fc>
20004350:	930c      	str	r3, [sp, #48]	@ 0x30
20004352:	9a0d      	ldr	r2, [sp, #52]	@ 0x34
20004354:	4293      	cmp	r3, r2
20004356:	d9db      	bls.n	20004310 <ota_run_bench+0x3fc>
20004358:	4b99      	ldr	r3, [pc, #612]	@ (200045c0 <ota_run_bench+0x6ac>)
2000435a:	aa14      	add	r2, sp, #80	@ 0x50
2000435c:	9200      	str	r2, [sp, #0]
2000435e:	2200      	movs	r2, #0
20004360:	4659      	mov	r1, fp
20004362:	a811      	add	r0, sp, #68	@ 0x44
20004364:	f7ff fc58 	bl	20003c18 <bench_measure>
20004368:	2800      	cmp	r0, #0
2000436a:	db0f      	blt.n	2000438c <ota_run_bench+0x478>
2000436c:	f7fc f996 	bl	2000069c <bench_esp_gone>
20004370:	2800      	cmp	r0, #0
20004372:	d111      	bne.n	20004398 <ota_run_bench+0x484>
20004374:	9b0c      	ldr	r3, [sp, #48]	@ 0x30
20004376:	930d      	str	r3, [sp, #52]	@ 0x34
20004378:	e7ca      	b.n	20004310 <ota_run_bench+0x3fc>
2000437a:	0034      	movs	r4, r6
2000437c:	4666      	mov	r6, ip
2000437e:	e7c0      	b.n	20004302 <ota_run_bench+0x3ee>
20004380:	4648      	mov	r0, r9
20004382:	e7dd      	b.n	20004340 <ota_run_bench+0x42c>
20004384:	2300      	movs	r3, #0
20004386:	930b      	str	r3, [sp, #44]	@ 0x2c
20004388:	4699      	mov	r9, r3
2000438a:	e001      	b.n	20004390 <ota_run_bench+0x47c>
2000438c:	2300      	movs	r3, #0
2000438e:	4699      	mov	r9, r3
20004390:	2300      	movs	r3, #0
20004392:	46a4      	mov	ip, r4
20004394:	4648      	mov	r0, r9
20004396:	e012      	b.n	200043be <ota_run_bench+0x4aa>
20004398:	900b      	str	r0, [sp, #44]	@ 0x2c
2000439a:	2300      	movs	r3, #0
2000439c:	4699      	mov	r9, r3
2000439e:	e7f7      	b.n	20004390 <ota_run_bench+0x47c>
200043a0:	2300      	movs	r3, #0
200043a2:	930b      	str	r3, [sp, #44]	@ 0x2c
200043a4:	4699      	mov	r9, r3
200043a6:	e7f3      	b.n	20004390 <ota_run_bench+0x47c>
200043a8:	ad0e      	add	r5, sp, #56	@ 0x38
200043aa:	4a86      	ldr	r2, [pc, #536]	@ (200045c4 <ota_run_bench+0x6b0>)
200043ac:	0070      	lsls	r0, r6, #1
200043ae:	1980      	adds	r0, r0, r6
200043b0:	0080      	lsls	r0, r0, #2
200043b2:	1812      	adds	r2, r2, r0
200043b4:	ca51      	ldmia	r2!, {r0, r4, r6}
200043b6:	c551      	stmia	r5!, {r0, r4, r6}
200043b8:	0008      	movs	r0, r1
200043ba:	3301      	adds	r3, #1
200043bc:	b2db      	uxtb	r3, r3
200043be:	4a7f      	ldr	r2, [pc, #508]	@ (200045bc <ota_run_bench+0x6a8>)
200043c0:	7812      	ldrb	r2, [r2, #0]
200043c2:	429a      	cmp	r2, r3
200043c4:	d90f      	bls.n	200043e6 <ota_run_bench+0x4d2>
200043c6:	001e      	movs	r6, r3
200043c8:	4a7f      	ldr	r2, [pc, #508]	@ (200045c8 <ota_run_bench+0x6b4>)
200043ca:	5cd1      	ldrb	r1, [r2, r3]
200043cc:	2900      	cmp	r1, #0
200043ce:	d0f4      	beq.n	200043ba <ota_run_bench+0x4a6>
200043d0:	2800      	cmp	r0, #0
200043d2:	d0e9      	beq.n	200043a8 <ota_run_bench+0x494>
200043d4:	4d7b      	ldr	r5, [pc, #492]	@ (200045c4 <ota_run_bench+0x6b0>)
200043d6:	005a      	lsls	r2, r3, #1
200043d8:	18d2      	adds	r2, r2, r3
200043da:	0092      	lsls	r2, r2, #2
200043dc:	5955      	ldr	r5, [r2, r5]
200043de:	9a0e      	ldr	r2, [sp, #56]	@ 0x38
200043e0:	4295      	cmp	r5, r2
200043e2:	d9ea      	bls.n	200043ba <ota_run_bench+0x4a6>
200043e4:	e7e0      	b.n	200043a8 <ota_run_bench+0x494>
200043e6:	4664      	mov	r4, ip
200043e8:	4681      	mov	r9, r0
200043ea:	2300      	movs	r3, #0
200043ec:	2500      	movs	r5, #0
200043ee:	e002      	b.n	200043f6 <ota_run_bench+0x4e2>
200043f0:	000d      	movs	r5, r1
200043f2:	3301      	adds	r3, #1
200043f4:	b2db      	uxtb	r3, r3
200043f6:	429a      	cmp	r2, r3
200043f8:	d913      	bls.n	20004422 <ota_run_bench+0x50e>
200043fa:	4973      	ldr	r1, [pc, #460]	@ (200045c8 <ota_run_bench+0x6b4>)
200043fc:	5cc9      	ldrb	r1, [r1, r3]
200043fe:	2900      	cmp	r1, #0
20004400:	d1f7      	bne.n	200043f2 <ota_run_bench+0x4de>
20004402:	2800      	cmp	r0, #0
20004404:	d0f5      	beq.n	200043f2 <ota_run_bench+0x4de>
20004406:	4e6f      	ldr	r6, [pc, #444]	@ (200045c4 <ota_run_bench+0x6b0>)
20004408:	0059      	lsls	r1, r3, #1
2000440a:	18c9      	adds	r1, r1, r3
2000440c:	0089      	lsls	r1, r1, #2
2000440e:	5989      	ldr	r1, [r1, r6]
20004410:	9e0e      	ldr	r6, [sp, #56]	@ 0x38
20004412:	42b1      	cmp	r1, r6
20004414:	d9ed      	bls.n	200043f2 <ota_run_bench+0x4de>
20004416:	2d00      	cmp	r5, #0
20004418:	d0ea      	beq.n	200043f0 <ota_run_bench+0x4dc>
2000441a:	42a9      	cmp	r1, r5
2000441c:	d2e9      	bcs.n	200043f2 <ota_run_bench+0x4de>
2000441e:	000d      	movs	r5, r1
20004420:	e7e7      	b.n	200043f2 <ota_run_bench+0x4de>
20004422:	464b      	mov	r3, r9
20004424:	2b00      	cmp	r3, #0
20004426:	d041      	beq.n	200044ac <ota_run_bench+0x598>
20004428:	9a0e      	ldr	r2, [sp, #56]	@ 0x38
2000442a:	2d00      	cmp	r5, #0
2000442c:	d006      	beq.n	2000443c <ota_run_bench+0x528>
2000442e:	4b67      	ldr	r3, [pc, #412]	@ (200045cc <ota_run_bench+0x6b8>)
20004430:	4867      	ldr	r0, [pc, #412]	@ (200045d0 <ota_run_bench+0x6bc>)
20004432:	9909      	ldr	r1, [sp, #36]	@ 0x24
20004434:	f005 f9be 	bl	200097b4 <__wrap_printf>
20004438:	002e      	movs	r6, r5
2000443a:	e009      	b.n	20004450 <ota_run_bench+0x53c>
2000443c:	4b65      	ldr	r3, [pc, #404]	@ (200045d4 <ota_run_bench+0x6c0>)
2000443e:	e7f7      	b.n	20004430 <ota_run_bench+0x51c>
20004440:	aa0e      	add	r2, sp, #56	@ 0x38
20004442:	ab11      	add	r3, sp, #68	@ 0x44
20004444:	cb23      	ldmia	r3!, {r0, r1, r5}
20004446:	c223      	stmia	r2!, {r0, r1, r5}
20004448:	f7fc f928 	bl	2000069c <bench_esp_gone>
2000444c:	2800      	cmp	r0, #0
2000444e:	d14c      	bne.n	200044ea <ota_run_bench+0x5d6>
20004450:	4643      	mov	r3, r8
20004452:	2b01      	cmp	r3, #1
20004454:	d02d      	beq.n	200044b2 <ota_run_bench+0x59e>
20004456:	9b0b      	ldr	r3, [sp, #44]	@ 0x2c
20004458:	2b00      	cmp	r3, #0
2000445a:	d12a      	bne.n	200044b2 <ota_run_bench+0x59e>
2000445c:	464b      	mov	r3, r9
2000445e:	2b00      	cmp	r3, #0
20004460:	d027      	beq.n	200044b2 <ota_run_bench+0x59e>
20004462:	9b0e      	ldr	r3, [sp, #56]	@ 0x38
20004464:	4a5c      	ldr	r2, [pc, #368]	@ (200045d8 <ota_run_bench+0x6c4>)
20004466:	189a      	adds	r2, r3, r2
20004468:	42b2      	cmp	r2, r6
2000446a:	d222      	bcs.n	200044b2 <ota_run_bench+0x59e>
2000446c:	4a53      	ldr	r2, [pc, #332]	@ (200045bc <ota_run_bench+0x6a8>)
2000446e:	7812      	ldrb	r2, [r2, #0]
20004470:	2a27      	cmp	r2, #39	@ 0x27
20004472:	d81e      	bhi.n	200044b2 <ota_run_bench+0x59e>
20004474:	1af0      	subs	r0, r6, r3
20004476:	0840      	lsrs	r0, r0, #1
20004478:	18c0      	adds	r0, r0, r3
2000447a:	a911      	add	r1, sp, #68	@ 0x44
2000447c:	f7fd fe30 	bl	200020e0 <bench_resolve_rate>
20004480:	1e05      	subs	r5, r0, #0
20004482:	d016      	beq.n	200044b2 <ota_run_bench+0x59e>
20004484:	9b11      	ldr	r3, [sp, #68]	@ 0x44
20004486:	9a0e      	ldr	r2, [sp, #56]	@ 0x38
20004488:	4293      	cmp	r3, r2
2000448a:	d912      	bls.n	200044b2 <ota_run_bench+0x59e>
2000448c:	42b3      	cmp	r3, r6
2000448e:	d210      	bcs.n	200044b2 <ota_run_bench+0x59e>
20004490:	4b52      	ldr	r3, [pc, #328]	@ (200045dc <ota_run_bench+0x6c8>)
20004492:	aa14      	add	r2, sp, #80	@ 0x50
20004494:	9200      	str	r2, [sp, #0]
20004496:	2201      	movs	r2, #1
20004498:	4659      	mov	r1, fp
2000449a:	a811      	add	r0, sp, #68	@ 0x44
2000449c:	f7ff fbbc 	bl	20003c18 <bench_measure>
200044a0:	2800      	cmp	r0, #0
200044a2:	db05      	blt.n	200044b0 <ota_run_bench+0x59c>
200044a4:	2801      	cmp	r0, #1
200044a6:	d0cb      	beq.n	20004440 <ota_run_bench+0x52c>
200044a8:	9e11      	ldr	r6, [sp, #68]	@ 0x44
200044aa:	e7cd      	b.n	20004448 <ota_run_bench+0x534>
200044ac:	002e      	movs	r6, r5
200044ae:	e7cf      	b.n	20004450 <ota_run_bench+0x53c>
200044b0:	950b      	str	r5, [sp, #44]	@ 0x2c
200044b2:	9b0b      	ldr	r3, [sp, #44]	@ 0x2c
200044b4:	2b00      	cmp	r3, #0
200044b6:	d105      	bne.n	200044c4 <ota_run_bench+0x5b0>
200044b8:	464b      	mov	r3, r9
200044ba:	2b00      	cmp	r3, #0
200044bc:	d002      	beq.n	200044c4 <ota_run_bench+0x5b0>
200044be:	4653      	mov	r3, sl
200044c0:	2b00      	cmp	r3, #0
200044c2:	d170      	bne.n	200045a6 <ota_run_bench+0x692>
200044c4:	9b0b      	ldr	r3, [sp, #44]	@ 0x2c
200044c6:	2b00      	cmp	r3, #0
200044c8:	d174      	bne.n	200045b4 <ota_run_bench+0x6a0>
200044ca:	2501      	movs	r5, #1
200044cc:	ac14      	add	r4, sp, #80	@ 0x50
200044ce:	2240      	movs	r2, #64	@ 0x40
200044d0:	2100      	movs	r1, #0
200044d2:	0020      	movs	r0, r4
200044d4:	f003 fe52 	bl	2000817c <__wrap_memset>
200044d8:	4b38      	ldr	r3, [pc, #224]	@ (200045bc <ota_run_bench+0x6a8>)
200044da:	7819      	ldrb	r1, [r3, #0]
200044dc:	9400      	str	r4, [sp, #0]
200044de:	2302      	movs	r3, #2
200044e0:	002a      	movs	r2, r5
200044e2:	20ff      	movs	r0, #255	@ 0xff
200044e4:	f7fd fea6 	bl	20002234 <bench_send_result>
200044e8:	e649      	b.n	2000417e <ota_run_bench+0x26a>
200044ea:	900b      	str	r0, [sp, #44]	@ 0x2c
200044ec:	e7e1      	b.n	200044b2 <ota_run_bench+0x59e>
200044ee:	990e      	ldr	r1, [sp, #56]	@ 0x38
200044f0:	ac14      	add	r4, sp, #80	@ 0x50
200044f2:	9b16      	ldr	r3, [sp, #88]	@ 0x58
200044f4:	483a      	ldr	r0, [pc, #232]	@ (200045e0 <ota_run_bench+0x6cc>)
200044f6:	4652      	mov	r2, sl
200044f8:	f005 f95c 	bl	200097b4 <__wrap_printf>
200044fc:	2240      	movs	r2, #64	@ 0x40
200044fe:	2100      	movs	r1, #0
20004500:	0020      	movs	r0, r4
20004502:	f003 fe3b 	bl	2000817c <__wrap_memset>
20004506:	4b2d      	ldr	r3, [pc, #180]	@ (200045bc <ota_run_bench+0x6a8>)
20004508:	7819      	ldrb	r1, [r3, #0]
2000450a:	9400      	str	r4, [sp, #0]
2000450c:	2302      	movs	r3, #2
2000450e:	2201      	movs	r2, #1
20004510:	20ff      	movs	r0, #255	@ 0xff
20004512:	f7fd fe8f 	bl	20002234 <bench_send_result>
20004516:	e632      	b.n	2000417e <ota_run_bench+0x26a>
20004518:	3801      	subs	r0, #1
2000451a:	a911      	add	r1, sp, #68	@ 0x44
2000451c:	f7fc ff18 	bl	20001350 <uart_resolve_rate>
20004520:	2800      	cmp	r0, #0
20004522:	d0cf      	beq.n	200044c4 <ota_run_bench+0x5b0>
20004524:	9b11      	ldr	r3, [sp, #68]	@ 0x44
20004526:	9a0e      	ldr	r2, [sp, #56]	@ 0x38
20004528:	4293      	cmp	r3, r2
2000452a:	d2cb      	bcs.n	200044c4 <ota_run_bench+0x5b0>
2000452c:	455b      	cmp	r3, fp
2000452e:	d3c9      	bcc.n	200044c4 <ota_run_bench+0x5b0>
20004530:	aa0e      	add	r2, sp, #56	@ 0x38
20004532:	ab11      	add	r3, sp, #68	@ 0x44
20004534:	cb13      	ldmia	r3!, {r0, r1, r4}
20004536:	c213      	stmia	r2!, {r0, r1, r4}
20004538:	3501      	adds	r5, #1
2000453a:	45a9      	cmp	r9, r5
2000453c:	d3c2      	bcc.n	200044c4 <ota_run_bench+0x5b0>
2000453e:	4b1f      	ldr	r3, [pc, #124]	@ (200045bc <ota_run_bench+0x6a8>)
20004540:	7818      	ldrb	r0, [r3, #0]
20004542:	2827      	cmp	r0, #39	@ 0x27
20004544:	d8be      	bhi.n	200044c4 <ota_run_bench+0x5b0>
20004546:	4b1f      	ldr	r3, [pc, #124]	@ (200045c4 <ota_run_bench+0x6b0>)
20004548:	0042      	lsls	r2, r0, #1
2000454a:	1812      	adds	r2, r2, r0
2000454c:	0092      	lsls	r2, r2, #2
2000454e:	a90e      	add	r1, sp, #56	@ 0x38
20004550:	468c      	mov	ip, r1
20004552:	189b      	adds	r3, r3, r2
20004554:	000a      	movs	r2, r1
20004556:	ca52      	ldmia	r2!, {r1, r4, r6}
20004558:	c352      	stmia	r3!, {r1, r4, r6}
2000455a:	4b18      	ldr	r3, [pc, #96]	@ (200045bc <ota_run_bench+0x6a8>)
2000455c:	1c42      	adds	r2, r0, #1
2000455e:	701a      	strb	r2, [r3, #0]
20004560:	ab14      	add	r3, sp, #80	@ 0x50
20004562:	4652      	mov	r2, sl
20004564:	4661      	mov	r1, ip
20004566:	f7ff fbb5 	bl	20003cd4 <bench_run_soak>
2000456a:	2800      	cmp	r0, #0
2000456c:	d1bf      	bne.n	200044ee <ota_run_bench+0x5da>
2000456e:	f7fc f895 	bl	2000069c <bench_esp_gone>
20004572:	2800      	cmp	r0, #0
20004574:	d11c      	bne.n	200045b0 <ota_run_bench+0x69c>
20004576:	990e      	ldr	r1, [sp, #56]	@ 0x38
20004578:	481a      	ldr	r0, [pc, #104]	@ (200045e4 <ota_run_bench+0x6d0>)
2000457a:	f005 f91b 	bl	200097b4 <__wrap_printf>
2000457e:	45a9      	cmp	r9, r5
20004580:	d0a0      	beq.n	200044c4 <ota_run_bench+0x5b0>
20004582:	980e      	ldr	r0, [sp, #56]	@ 0x38
20004584:	4558      	cmp	r0, fp
20004586:	d99d      	bls.n	200044c4 <ota_run_bench+0x5b0>
20004588:	4643      	mov	r3, r8
2000458a:	2b01      	cmp	r3, #1
2000458c:	d0c4      	beq.n	20004518 <ota_run_bench+0x604>
2000458e:	4b12      	ldr	r3, [pc, #72]	@ (200045d8 <ota_run_bench+0x6c4>)
20004590:	4298      	cmp	r0, r3
20004592:	d997      	bls.n	200044c4 <ota_run_bench+0x5b0>
20004594:	4b14      	ldr	r3, [pc, #80]	@ (200045e8 <ota_run_bench+0x6d4>)
20004596:	469c      	mov	ip, r3
20004598:	4460      	add	r0, ip
2000459a:	a911      	add	r1, sp, #68	@ 0x44
2000459c:	f7fd fda0 	bl	200020e0 <bench_resolve_rate>
200045a0:	2800      	cmp	r0, #0
200045a2:	d1bf      	bne.n	20004524 <ota_run_bench+0x610>
200045a4:	e78e      	b.n	200044c4 <ota_run_bench+0x5b0>
200045a6:	2500      	movs	r5, #0
200045a8:	9b08      	ldr	r3, [sp, #32]
200045aa:	4699      	mov	r9, r3
200045ac:	46a3      	mov	fp, r4
200045ae:	e7c4      	b.n	2000453a <ota_run_bench+0x626>
200045b0:	900b      	str	r0, [sp, #44]	@ 0x2c
200045b2:	e787      	b.n	200044c4 <ota_run_bench+0x5b0>
200045b4:	2503      	movs	r5, #3
200045b6:	e789      	b.n	200044cc <ota_run_bench+0x5b8>
200045b8:	2000b3d0 	.word	0x2000b3d0
200045bc:	20030987 	.word	0x20030987
200045c0:	2000c410 	.word	0x2000c410
200045c4:	2000e520 	.word	0x2000e520
200045c8:	2000e700 	.word	0x2000e700
200045cc:	2000c2bc 	.word	0x2000c2bc
200045d0:	2000c418 	.word	0x2000c418
200045d4:	2000c2d8 	.word	0x2000c2d8
200045d8:	000f4240 	.word	0x000f4240
200045dc:	2000c440 	.word	0x2000c440
200045e0:	2000c448 	.word	0x2000c448
200045e4:	2000c48c 	.word	0x2000c48c
200045e8:	fff0bdc0 	.word	0xfff0bdc0
200045ec:	f7fb ff30 	bl	20000450 <bench_uart_drain>
200045f0:	4b07      	ldr	r3, [pc, #28]	@ (20004610 <ota_run_bench+0x6fc>)
200045f2:	6818      	ldr	r0, [r3, #0]
200045f4:	21fa      	movs	r1, #250	@ 0xfa
200045f6:	0089      	lsls	r1, r1, #2
200045f8:	f002 fe4c 	bl	20007294 <__wrap___aeabi_uidiv>
200045fc:	2100      	movs	r1, #0
200045fe:	f7ff fc6b 	bl	20003ed8 <set_sys_clock_khz>
20004602:	f7ff f995 	bl	20003930 <bench_uart_reclock>
20004606:	200b      	movs	r0, #11
20004608:	f002 fc2c 	bl	20006e64 <vreg_set_voltage>
2000460c:	e5bf      	b.n	2000418e <ota_run_bench+0x27a>
2000460e:	46c0      	nop			@ (mov r8, r8)
20004610:	2000e734 	.word	0x2000e734

20004614 <poll_esp_if_due>:
20004614:	b570      	push	{r4, r5, r6, lr}
20004616:	46de      	mov	lr, fp
20004618:	4656      	mov	r6, sl
2000461a:	464d      	mov	r5, r9
2000461c:	4644      	mov	r4, r8
2000461e:	b570      	push	{r4, r5, r6, lr}
20004620:	b098      	sub	sp, #96	@ 0x60
20004622:	f002 f951 	bl	200068c8 <time_us_64>
20004626:	9010      	str	r0, [sp, #64]	@ 0x40
20004628:	9111      	str	r1, [sp, #68]	@ 0x44
2000462a:	4ac3      	ldr	r2, [pc, #780]	@ (20004938 <poll_esp_if_due+0x324>)
2000462c:	6813      	ldr	r3, [r2, #0]
2000462e:	3301      	adds	r3, #1
20004630:	6013      	str	r3, [r2, #0]
20004632:	4bc2      	ldr	r3, [pc, #776]	@ (2000493c <poll_esp_if_due+0x328>)
20004634:	681a      	ldr	r2, [r3, #0]
20004636:	685b      	ldr	r3, [r3, #4]
20004638:	9810      	ldr	r0, [sp, #64]	@ 0x40
2000463a:	9911      	ldr	r1, [sp, #68]	@ 0x44
2000463c:	428b      	cmp	r3, r1
2000463e:	d906      	bls.n	2000464e <poll_esp_if_due+0x3a>
20004640:	b018      	add	sp, #96	@ 0x60
20004642:	bc78      	pop	{r3, r4, r5, r6}
20004644:	46b3      	mov	fp, r6
20004646:	46aa      	mov	sl, r5
20004648:	46a1      	mov	r9, r4
2000464a:	4698      	mov	r8, r3
2000464c:	bd70      	pop	{r4, r5, r6, pc}
2000464e:	428b      	cmp	r3, r1
20004650:	d101      	bne.n	20004656 <poll_esp_if_due+0x42>
20004652:	4282      	cmp	r2, r0
20004654:	d8f4      	bhi.n	20004640 <poll_esp_if_due+0x2c>
20004656:	f7fd f863 	bl	20001720 <poll_esp>
2000465a:	4bb9      	ldr	r3, [pc, #740]	@ (20004940 <poll_esp_if_due+0x32c>)
2000465c:	7819      	ldrb	r1, [r3, #0]
2000465e:	2900      	cmp	r1, #0
20004660:	d100      	bne.n	20004664 <poll_esp_if_due+0x50>
20004662:	e110      	b.n	20004886 <poll_esp_if_due+0x272>
20004664:	4ab7      	ldr	r2, [pc, #732]	@ (20004944 <poll_esp_if_due+0x330>)
20004666:	2300      	movs	r3, #0
20004668:	9c10      	ldr	r4, [sp, #64]	@ 0x40
2000466a:	9d11      	ldr	r5, [sp, #68]	@ 0x44
2000466c:	1912      	adds	r2, r2, r4
2000466e:	416b      	adcs	r3, r5
20004670:	48b2      	ldr	r0, [pc, #712]	@ (2000493c <poll_esp_if_due+0x328>)
20004672:	6002      	str	r2, [r0, #0]
20004674:	6043      	str	r3, [r0, #4]
20004676:	2900      	cmp	r1, #0
20004678:	d020      	beq.n	200046bc <poll_esp_if_due+0xa8>
2000467a:	4bb3      	ldr	r3, [pc, #716]	@ (20004948 <poll_esp_if_due+0x334>)
2000467c:	681a      	ldr	r2, [r3, #0]
2000467e:	4bb3      	ldr	r3, [pc, #716]	@ (2000494c <poll_esp_if_due+0x338>)
20004680:	681b      	ldr	r3, [r3, #0]
20004682:	429a      	cmp	r2, r3
20004684:	d100      	bne.n	20004688 <poll_esp_if_due+0x74>
20004686:	e101      	b.n	2000488c <poll_esp_if_due+0x278>
20004688:	4bb0      	ldr	r3, [pc, #704]	@ (2000494c <poll_esp_if_due+0x338>)
2000468a:	601a      	str	r2, [r3, #0]
2000468c:	4bb0      	ldr	r3, [pc, #704]	@ (20004950 <poll_esp_if_due+0x33c>)
2000468e:	7819      	ldrb	r1, [r3, #0]
20004690:	4bb0      	ldr	r3, [pc, #704]	@ (20004954 <poll_esp_if_due+0x340>)
20004692:	6019      	str	r1, [r3, #0]
20004694:	2902      	cmp	r1, #2
20004696:	d900      	bls.n	2000469a <poll_esp_if_due+0x86>
20004698:	2100      	movs	r1, #0
2000469a:	0a10      	lsrs	r0, r2, #8
2000469c:	0c14      	lsrs	r4, r2, #16
2000469e:	0e15      	lsrs	r5, r2, #24
200046a0:	23ff      	movs	r3, #255	@ 0xff
200046a2:	4018      	ands	r0, r3
200046a4:	4684      	mov	ip, r0
200046a6:	401a      	ands	r2, r3
200046a8:	48ab      	ldr	r0, [pc, #684]	@ (20004958 <poll_esp_if_due+0x344>)
200046aa:	0089      	lsls	r1, r1, #2
200046ac:	5809      	ldr	r1, [r1, r0]
200046ae:	48ab      	ldr	r0, [pc, #684]	@ (2000495c <poll_esp_if_due+0x348>)
200046b0:	9501      	str	r5, [sp, #4]
200046b2:	4023      	ands	r3, r4
200046b4:	9300      	str	r3, [sp, #0]
200046b6:	4663      	mov	r3, ip
200046b8:	f005 f87c 	bl	200097b4 <__wrap_printf>
200046bc:	4ba0      	ldr	r3, [pc, #640]	@ (20004940 <poll_esp_if_due+0x32c>)
200046be:	781b      	ldrb	r3, [r3, #0]
200046c0:	4aa7      	ldr	r2, [pc, #668]	@ (20004960 <poll_esp_if_due+0x34c>)
200046c2:	6812      	ldr	r2, [r2, #0]
200046c4:	4293      	cmp	r3, r2
200046c6:	d011      	beq.n	200046ec <poll_esp_if_due+0xd8>
200046c8:	4aa5      	ldr	r2, [pc, #660]	@ (20004960 <poll_esp_if_due+0x34c>)
200046ca:	6013      	str	r3, [r2, #0]
200046cc:	2b00      	cmp	r3, #0
200046ce:	d100      	bne.n	200046d2 <poll_esp_if_due+0xbe>
200046d0:	e0e4      	b.n	2000489c <poll_esp_if_due+0x288>
200046d2:	4ba4      	ldr	r3, [pc, #656]	@ (20004964 <poll_esp_if_due+0x350>)
200046d4:	469c      	mov	ip, r3
200046d6:	4ba4      	ldr	r3, [pc, #656]	@ (20004968 <poll_esp_if_due+0x354>)
200046d8:	681b      	ldr	r3, [r3, #0]
200046da:	4aa4      	ldr	r2, [pc, #656]	@ (2000496c <poll_esp_if_due+0x358>)
200046dc:	7812      	ldrb	r2, [r2, #0]
200046de:	48a4      	ldr	r0, [pc, #656]	@ (20004970 <poll_esp_if_due+0x35c>)
200046e0:	49a4      	ldr	r1, [pc, #656]	@ (20004974 <poll_esp_if_due+0x360>)
200046e2:	6809      	ldr	r1, [r1, #0]
200046e4:	9100      	str	r1, [sp, #0]
200046e6:	4661      	mov	r1, ip
200046e8:	f005 f864 	bl	200097b4 <__wrap_printf>
200046ec:	4b9e      	ldr	r3, [pc, #632]	@ (20004968 <poll_esp_if_due+0x354>)
200046ee:	681a      	ldr	r2, [r3, #0]
200046f0:	0014      	movs	r4, r2
200046f2:	4ba0      	ldr	r3, [pc, #640]	@ (20004974 <poll_esp_if_due+0x360>)
200046f4:	681b      	ldr	r3, [r3, #0]
200046f6:	001d      	movs	r5, r3
200046f8:	469c      	mov	ip, r3
200046fa:	4462      	add	r2, ip
200046fc:	4b9e      	ldr	r3, [pc, #632]	@ (20004978 <poll_esp_if_due+0x364>)
200046fe:	681b      	ldr	r3, [r3, #0]
20004700:	1ad3      	subs	r3, r2, r3
20004702:	2b31      	cmp	r3, #49	@ 0x31
20004704:	d973      	bls.n	200047ee <poll_esp_if_due+0x1da>
20004706:	4b9c      	ldr	r3, [pc, #624]	@ (20004978 <poll_esp_if_due+0x364>)
20004708:	601a      	str	r2, [r3, #0]
2000470a:	4b9c      	ldr	r3, [pc, #624]	@ (2000497c <poll_esp_if_due+0x368>)
2000470c:	681b      	ldr	r3, [r3, #0]
2000470e:	4698      	mov	r8, r3
20004710:	4b9b      	ldr	r3, [pc, #620]	@ (20004980 <poll_esp_if_due+0x36c>)
20004712:	681b      	ldr	r3, [r3, #0]
20004714:	4699      	mov	r9, r3
20004716:	4b9b      	ldr	r3, [pc, #620]	@ (20004984 <poll_esp_if_due+0x370>)
20004718:	681b      	ldr	r3, [r3, #0]
2000471a:	469a      	mov	sl, r3
2000471c:	4b9a      	ldr	r3, [pc, #616]	@ (20004988 <poll_esp_if_due+0x374>)
2000471e:	681b      	ldr	r3, [r3, #0]
20004720:	001e      	movs	r6, r3
20004722:	3301      	adds	r3, #1
20004724:	d100      	bne.n	20004728 <poll_esp_if_due+0x114>
20004726:	e0bc      	b.n	200048a2 <poll_esp_if_due+0x28e>
20004728:	22fa      	movs	r2, #250	@ 0xfa
2000472a:	0092      	lsls	r2, r2, #2
2000472c:	2300      	movs	r3, #0
2000472e:	9810      	ldr	r0, [sp, #64]	@ 0x40
20004730:	9911      	ldr	r1, [sp, #68]	@ 0x44
20004732:	f002 fded 	bl	20007310 <__wrap___aeabi_uldivmod>
20004736:	0003      	movs	r3, r0
20004738:	4894      	ldr	r0, [pc, #592]	@ (2000498c <poll_esp_if_due+0x378>)
2000473a:	9305      	str	r3, [sp, #20]
2000473c:	2320      	movs	r3, #32
2000473e:	9304      	str	r3, [sp, #16]
20004740:	4b93      	ldr	r3, [pc, #588]	@ (20004990 <poll_esp_if_due+0x37c>)
20004742:	681b      	ldr	r3, [r3, #0]
20004744:	9303      	str	r3, [sp, #12]
20004746:	9602      	str	r6, [sp, #8]
20004748:	4653      	mov	r3, sl
2000474a:	9301      	str	r3, [sp, #4]
2000474c:	464b      	mov	r3, r9
2000474e:	9300      	str	r3, [sp, #0]
20004750:	4643      	mov	r3, r8
20004752:	002a      	movs	r2, r5
20004754:	0021      	movs	r1, r4
20004756:	f005 f82d 	bl	200097b4 <__wrap_printf>
2000475a:	4b89      	ldr	r3, [pc, #548]	@ (20004980 <poll_esp_if_due+0x36c>)
2000475c:	681b      	ldr	r3, [r3, #0]
2000475e:	4a8d      	ldr	r2, [pc, #564]	@ (20004994 <poll_esp_if_due+0x380>)
20004760:	6812      	ldr	r2, [r2, #0]
20004762:	4293      	cmp	r3, r2
20004764:	d043      	beq.n	200047ee <poll_esp_if_due+0x1da>
20004766:	4a8b      	ldr	r2, [pc, #556]	@ (20004994 <poll_esp_if_due+0x380>)
20004768:	6013      	str	r3, [r2, #0]
2000476a:	488b      	ldr	r0, [pc, #556]	@ (20004998 <poll_esp_if_due+0x384>)
2000476c:	7801      	ldrb	r1, [r0, #0]
2000476e:	7842      	ldrb	r2, [r0, #1]
20004770:	7883      	ldrb	r3, [r0, #2]
20004772:	78c4      	ldrb	r4, [r0, #3]
20004774:	0025      	movs	r5, r4
20004776:	7904      	ldrb	r4, [r0, #4]
20004778:	0026      	movs	r6, r4
2000477a:	7944      	ldrb	r4, [r0, #5]
2000477c:	46a0      	mov	r8, r4
2000477e:	7984      	ldrb	r4, [r0, #6]
20004780:	46a1      	mov	r9, r4
20004782:	79c4      	ldrb	r4, [r0, #7]
20004784:	46a2      	mov	sl, r4
20004786:	7a04      	ldrb	r4, [r0, #8]
20004788:	46a3      	mov	fp, r4
2000478a:	7a44      	ldrb	r4, [r0, #9]
2000478c:	9410      	str	r4, [sp, #64]	@ 0x40
2000478e:	7a84      	ldrb	r4, [r0, #10]
20004790:	46a4      	mov	ip, r4
20004792:	7ac4      	ldrb	r4, [r0, #11]
20004794:	9413      	str	r4, [sp, #76]	@ 0x4c
20004796:	7b04      	ldrb	r4, [r0, #12]
20004798:	9414      	str	r4, [sp, #80]	@ 0x50
2000479a:	7b44      	ldrb	r4, [r0, #13]
2000479c:	9415      	str	r4, [sp, #84]	@ 0x54
2000479e:	7b84      	ldrb	r4, [r0, #14]
200047a0:	7bc0      	ldrb	r0, [r0, #15]
200047a2:	9016      	str	r0, [sp, #88]	@ 0x58
200047a4:	487d      	ldr	r0, [pc, #500]	@ (2000499c <poll_esp_if_due+0x388>)
200047a6:	7800      	ldrb	r0, [r0, #0]
200047a8:	9017      	str	r0, [sp, #92]	@ 0x5c
200047aa:	487d      	ldr	r0, [pc, #500]	@ (200049a0 <poll_esp_if_due+0x38c>)
200047ac:	7800      	ldrb	r0, [r0, #0]
200047ae:	2800      	cmp	r0, #0
200047b0:	d07a      	beq.n	200048a8 <poll_esp_if_due+0x294>
200047b2:	487c      	ldr	r0, [pc, #496]	@ (200049a4 <poll_esp_if_due+0x390>)
200047b4:	900e      	str	r0, [sp, #56]	@ 0x38
200047b6:	9817      	ldr	r0, [sp, #92]	@ 0x5c
200047b8:	900d      	str	r0, [sp, #52]	@ 0x34
200047ba:	9816      	ldr	r0, [sp, #88]	@ 0x58
200047bc:	900c      	str	r0, [sp, #48]	@ 0x30
200047be:	940b      	str	r4, [sp, #44]	@ 0x2c
200047c0:	9815      	ldr	r0, [sp, #84]	@ 0x54
200047c2:	900a      	str	r0, [sp, #40]	@ 0x28
200047c4:	9814      	ldr	r0, [sp, #80]	@ 0x50
200047c6:	9009      	str	r0, [sp, #36]	@ 0x24
200047c8:	9813      	ldr	r0, [sp, #76]	@ 0x4c
200047ca:	9008      	str	r0, [sp, #32]
200047cc:	4660      	mov	r0, ip
200047ce:	9007      	str	r0, [sp, #28]
200047d0:	9810      	ldr	r0, [sp, #64]	@ 0x40
200047d2:	9006      	str	r0, [sp, #24]
200047d4:	4658      	mov	r0, fp
200047d6:	9005      	str	r0, [sp, #20]
200047d8:	4650      	mov	r0, sl
200047da:	9004      	str	r0, [sp, #16]
200047dc:	4648      	mov	r0, r9
200047de:	9003      	str	r0, [sp, #12]
200047e0:	4640      	mov	r0, r8
200047e2:	9002      	str	r0, [sp, #8]
200047e4:	9601      	str	r6, [sp, #4]
200047e6:	9500      	str	r5, [sp, #0]
200047e8:	486f      	ldr	r0, [pc, #444]	@ (200049a8 <poll_esp_if_due+0x394>)
200047ea:	f004 ffe3 	bl	200097b4 <__wrap_printf>
200047ee:	4b54      	ldr	r3, [pc, #336]	@ (20004940 <poll_esp_if_due+0x32c>)
200047f0:	781b      	ldrb	r3, [r3, #0]
200047f2:	2b00      	cmp	r3, #0
200047f4:	d003      	beq.n	200047fe <poll_esp_if_due+0x1ea>
200047f6:	4a6d      	ldr	r2, [pc, #436]	@ (200049ac <poll_esp_if_due+0x398>)
200047f8:	7812      	ldrb	r2, [r2, #0]
200047fa:	2a00      	cmp	r2, #0
200047fc:	d156      	bne.n	200048ac <poll_esp_if_due+0x298>
200047fe:	2b00      	cmp	r3, #0
20004800:	d003      	beq.n	2000480a <poll_esp_if_due+0x1f6>
20004802:	4b6b      	ldr	r3, [pc, #428]	@ (200049b0 <poll_esp_if_due+0x39c>)
20004804:	781b      	ldrb	r3, [r3, #0]
20004806:	2b00      	cmp	r3, #0
20004808:	d15e      	bne.n	200048c8 <poll_esp_if_due+0x2b4>
2000480a:	4b4d      	ldr	r3, [pc, #308]	@ (20004940 <poll_esp_if_due+0x32c>)
2000480c:	781b      	ldrb	r3, [r3, #0]
2000480e:	2b00      	cmp	r3, #0
20004810:	d009      	beq.n	20004826 <poll_esp_if_due+0x212>
20004812:	4b68      	ldr	r3, [pc, #416]	@ (200049b4 <poll_esp_if_due+0x3a0>)
20004814:	781b      	ldrb	r3, [r3, #0]
20004816:	2b00      	cmp	r3, #0
20004818:	d005      	beq.n	20004826 <poll_esp_if_due+0x212>
2000481a:	4b67      	ldr	r3, [pc, #412]	@ (200049b8 <poll_esp_if_due+0x3a4>)
2000481c:	781b      	ldrb	r3, [r3, #0]
2000481e:	4a67      	ldr	r2, [pc, #412]	@ (200049bc <poll_esp_if_due+0x3a8>)
20004820:	6812      	ldr	r2, [r2, #0]
20004822:	4293      	cmp	r3, r2
20004824:	d15c      	bne.n	200048e0 <poll_esp_if_due+0x2cc>
20004826:	4b46      	ldr	r3, [pc, #280]	@ (20004940 <poll_esp_if_due+0x32c>)
20004828:	781b      	ldrb	r3, [r3, #0]
2000482a:	2b00      	cmp	r3, #0
2000482c:	d009      	beq.n	20004842 <poll_esp_if_due+0x22e>
2000482e:	4b64      	ldr	r3, [pc, #400]	@ (200049c0 <poll_esp_if_due+0x3ac>)
20004830:	781b      	ldrb	r3, [r3, #0]
20004832:	2b00      	cmp	r3, #0
20004834:	d005      	beq.n	20004842 <poll_esp_if_due+0x22e>
20004836:	4b63      	ldr	r3, [pc, #396]	@ (200049c4 <poll_esp_if_due+0x3b0>)
20004838:	781b      	ldrb	r3, [r3, #0]
2000483a:	4a63      	ldr	r2, [pc, #396]	@ (200049c8 <poll_esp_if_due+0x3b4>)
2000483c:	6812      	ldr	r2, [r2, #0]
2000483e:	4293      	cmp	r3, r2
20004840:	d15c      	bne.n	200048fc <poll_esp_if_due+0x2e8>
20004842:	4b3f      	ldr	r3, [pc, #252]	@ (20004940 <poll_esp_if_due+0x32c>)
20004844:	781b      	ldrb	r3, [r3, #0]
20004846:	2b00      	cmp	r3, #0
20004848:	d166      	bne.n	20004918 <poll_esp_if_due+0x304>
2000484a:	4b3d      	ldr	r3, [pc, #244]	@ (20004940 <poll_esp_if_due+0x32c>)
2000484c:	781b      	ldrb	r3, [r3, #0]
2000484e:	2b00      	cmp	r3, #0
20004850:	d003      	beq.n	2000485a <poll_esp_if_due+0x246>
20004852:	4b5e      	ldr	r3, [pc, #376]	@ (200049cc <poll_esp_if_due+0x3b8>)
20004854:	781b      	ldrb	r3, [r3, #0]
20004856:	2b00      	cmp	r3, #0
20004858:	d161      	bne.n	2000491e <poll_esp_if_due+0x30a>
2000485a:	4b39      	ldr	r3, [pc, #228]	@ (20004940 <poll_esp_if_due+0x32c>)
2000485c:	781b      	ldrb	r3, [r3, #0]
2000485e:	2b00      	cmp	r3, #0
20004860:	d100      	bne.n	20004864 <poll_esp_if_due+0x250>
20004862:	e6ed      	b.n	20004640 <poll_esp_if_due+0x2c>
20004864:	4b5a      	ldr	r3, [pc, #360]	@ (200049d0 <poll_esp_if_due+0x3bc>)
20004866:	781b      	ldrb	r3, [r3, #0]
20004868:	2b00      	cmp	r3, #0
2000486a:	d100      	bne.n	2000486e <poll_esp_if_due+0x25a>
2000486c:	e6e8      	b.n	20004640 <poll_esp_if_due+0x2c>
2000486e:	f7fe f8cf 	bl	20002a10 <ota_commit_staged_image>
20004872:	f002 f829 	bl	200068c8 <time_us_64>
20004876:	4a33      	ldr	r2, [pc, #204]	@ (20004944 <poll_esp_if_due+0x330>)
20004878:	2300      	movs	r3, #0
2000487a:	1880      	adds	r0, r0, r2
2000487c:	4159      	adcs	r1, r3
2000487e:	4b2f      	ldr	r3, [pc, #188]	@ (2000493c <poll_esp_if_due+0x328>)
20004880:	6018      	str	r0, [r3, #0]
20004882:	6059      	str	r1, [r3, #4]
20004884:	e6dc      	b.n	20004640 <poll_esp_if_due+0x2c>
20004886:	4a53      	ldr	r2, [pc, #332]	@ (200049d4 <poll_esp_if_due+0x3c0>)
20004888:	2300      	movs	r3, #0
2000488a:	e6ed      	b.n	20004668 <poll_esp_if_due+0x54>
2000488c:	4b30      	ldr	r3, [pc, #192]	@ (20004950 <poll_esp_if_due+0x33c>)
2000488e:	7819      	ldrb	r1, [r3, #0]
20004890:	4b30      	ldr	r3, [pc, #192]	@ (20004954 <poll_esp_if_due+0x340>)
20004892:	681b      	ldr	r3, [r3, #0]
20004894:	4299      	cmp	r1, r3
20004896:	d000      	beq.n	2000489a <poll_esp_if_due+0x286>
20004898:	e6f6      	b.n	20004688 <poll_esp_if_due+0x74>
2000489a:	e70f      	b.n	200046bc <poll_esp_if_due+0xa8>
2000489c:	4b4e      	ldr	r3, [pc, #312]	@ (200049d8 <poll_esp_if_due+0x3c4>)
2000489e:	469c      	mov	ip, r3
200048a0:	e719      	b.n	200046d6 <poll_esp_if_due+0xc2>
200048a2:	2300      	movs	r3, #0
200048a4:	001e      	movs	r6, r3
200048a6:	e73f      	b.n	20004728 <poll_esp_if_due+0x114>
200048a8:	484c      	ldr	r0, [pc, #304]	@ (200049dc <poll_esp_if_due+0x3c8>)
200048aa:	e783      	b.n	200047b4 <poll_esp_if_due+0x1a0>
200048ac:	484c      	ldr	r0, [pc, #304]	@ (200049e0 <poll_esp_if_due+0x3cc>)
200048ae:	f004 ff52 	bl	20009756 <__wrap_puts>
200048b2:	4b4c      	ldr	r3, [pc, #304]	@ (200049e4 <poll_esp_if_due+0x3d0>)
200048b4:	681b      	ldr	r3, [r3, #0]
200048b6:	6898      	ldr	r0, [r3, #8]
200048b8:	f005 fd0e 	bl	2000a2d8 <fflush>
200048bc:	2200      	movs	r2, #0
200048be:	2100      	movs	r1, #0
200048c0:	2000      	movs	r0, #0
200048c2:	f002 fb37 	bl	20006f34 <watchdog_reboot>
200048c6:	e7fe      	b.n	200048c6 <poll_esp_if_due+0x2b2>
200048c8:	f7fd fb22 	bl	20001f10 <st_blink_led>
200048cc:	f001 fffc 	bl	200068c8 <time_us_64>
200048d0:	4a1c      	ldr	r2, [pc, #112]	@ (20004944 <poll_esp_if_due+0x330>)
200048d2:	2300      	movs	r3, #0
200048d4:	1880      	adds	r0, r0, r2
200048d6:	4159      	adcs	r1, r3
200048d8:	4b18      	ldr	r3, [pc, #96]	@ (2000493c <poll_esp_if_due+0x328>)
200048da:	6018      	str	r0, [r3, #0]
200048dc:	6059      	str	r1, [r3, #4]
200048de:	e794      	b.n	2000480a <poll_esp_if_due+0x1f6>
200048e0:	4a36      	ldr	r2, [pc, #216]	@ (200049bc <poll_esp_if_due+0x3a8>)
200048e2:	6013      	str	r3, [r2, #0]
200048e4:	f7fe fd50 	bl	20003388 <ota_run_selftest>
200048e8:	f001 ffee 	bl	200068c8 <time_us_64>
200048ec:	4a15      	ldr	r2, [pc, #84]	@ (20004944 <poll_esp_if_due+0x330>)
200048ee:	2300      	movs	r3, #0
200048f0:	1880      	adds	r0, r0, r2
200048f2:	4159      	adcs	r1, r3
200048f4:	4b11      	ldr	r3, [pc, #68]	@ (2000493c <poll_esp_if_due+0x328>)
200048f6:	6018      	str	r0, [r3, #0]
200048f8:	6059      	str	r1, [r3, #4]
200048fa:	e794      	b.n	20004826 <poll_esp_if_due+0x212>
200048fc:	4a32      	ldr	r2, [pc, #200]	@ (200049c8 <poll_esp_if_due+0x3b4>)
200048fe:	6013      	str	r3, [r2, #0]
20004900:	f7ff fb08 	bl	20003f14 <ota_run_bench>
20004904:	f001 ffe0 	bl	200068c8 <time_us_64>
20004908:	4a0e      	ldr	r2, [pc, #56]	@ (20004944 <poll_esp_if_due+0x330>)
2000490a:	2300      	movs	r3, #0
2000490c:	1880      	adds	r0, r0, r2
2000490e:	4159      	adcs	r1, r3
20004910:	4b0a      	ldr	r3, [pc, #40]	@ (2000493c <poll_esp_if_due+0x328>)
20004912:	6018      	str	r0, [r3, #0]
20004914:	6059      	str	r1, [r3, #4]
20004916:	e794      	b.n	20004842 <poll_esp_if_due+0x22e>
20004918:	f7fd ff1c 	bl	20002754 <ota_mark_healthy>
2000491c:	e795      	b.n	2000484a <poll_esp_if_due+0x236>
2000491e:	f7fd ff35 	bl	2000278c <ota_receive_rp_image_if_offered>
20004922:	f001 ffd1 	bl	200068c8 <time_us_64>
20004926:	4a07      	ldr	r2, [pc, #28]	@ (20004944 <poll_esp_if_due+0x330>)
20004928:	2300      	movs	r3, #0
2000492a:	1880      	adds	r0, r0, r2
2000492c:	4159      	adcs	r1, r3
2000492e:	4b03      	ldr	r3, [pc, #12]	@ (2000493c <poll_esp_if_due+0x328>)
20004930:	6018      	str	r0, [r3, #0]
20004932:	6059      	str	r1, [r3, #4]
20004934:	e791      	b.n	2000485a <poll_esp_if_due+0x246>
20004936:	46c0      	nop			@ (mov r8, r8)
20004938:	2002f2a4 	.word	0x2002f2a4
2000493c:	2000e398 	.word	0x2000e398
20004940:	20030994 	.word	0x20030994
20004944:	0000c350 	.word	0x0000c350
20004948:	2002f2c8 	.word	0x2002f2c8
2000494c:	2000daec 	.word	0x2000daec
20004950:	2003099d 	.word	0x2003099d
20004954:	2000dae8 	.word	0x2000dae8
20004958:	2000b03c 	.word	0x2000b03c
2000495c:	2000c550 	.word	0x2000c550
20004960:	2000daf0 	.word	0x2000daf0
20004964:	2000c520 	.word	0x2000c520
20004968:	2002f2ac 	.word	0x2002f2ac
2000496c:	20030991 	.word	0x20030991
20004970:	2000c574 	.word	0x2000c574
20004974:	2002f2a8 	.word	0x2002f2a8
20004978:	2002f2b0 	.word	0x2002f2b0
2000497c:	2002f2b4 	.word	0x2002f2b4
20004980:	2002f2a0 	.word	0x2002f2a0
20004984:	2002f288 	.word	0x2002f288
20004988:	2000dadc 	.word	0x2000dadc
2000498c:	2000c5a8 	.word	0x2000c5a8
20004990:	2002f28c 	.word	0x2002f28c
20004994:	2002f27c 	.word	0x2002f27c
20004998:	2002f290 	.word	0x2002f290
2000499c:	20030993 	.word	0x20030993
200049a0:	20030992 	.word	0x20030992
200049a4:	2000c52c 	.word	0x2000c52c
200049a8:	2000c614 	.word	0x2000c614
200049ac:	20030997 	.word	0x20030997
200049b0:	20030999 	.word	0x20030999
200049b4:	20030998 	.word	0x20030998
200049b8:	2003099c 	.word	0x2003099c
200049bc:	2000dae4 	.word	0x2000dae4
200049c0:	2003098a 	.word	0x2003098a
200049c4:	2003098f 	.word	0x2003098f
200049c8:	2000dae0 	.word	0x2000dae0
200049cc:	20030996 	.word	0x20030996
200049d0:	20030995 	.word	0x20030995
200049d4:	0007a120 	.word	0x0007a120
200049d8:	2000c524 	.word	0x2000c524
200049dc:	2000be94 	.word	0x2000be94
200049e0:	2000c688 	.word	0x2000c688
200049e4:	2000dfc4 	.word	0x2000dfc4

200049e8 <report_packets_sent>:
200049e8:	b510      	push	{r4, lr}
200049ea:	0003      	movs	r3, r0
200049ec:	4a2d      	ldr	r2, [pc, #180]	@ (20004aa4 <report_packets_sent+0xbc>)
200049ee:	6812      	ldr	r2, [r2, #0]
200049f0:	4282      	cmp	r2, r0
200049f2:	d006      	beq.n	20004a02 <report_packets_sent+0x1a>
200049f4:	492c      	ldr	r1, [pc, #176]	@ (20004aa8 <report_packets_sent+0xc0>)
200049f6:	680a      	ldr	r2, [r1, #0]
200049f8:	1c50      	adds	r0, r2, #1
200049fa:	6008      	str	r0, [r1, #0]
200049fc:	492b      	ldr	r1, [pc, #172]	@ (20004aac <report_packets_sent+0xc4>)
200049fe:	428a      	cmp	r2, r1
20004a00:	d807      	bhi.n	20004a12 <report_packets_sent+0x2a>
20004a02:	492b      	ldr	r1, [pc, #172]	@ (20004ab0 <report_packets_sent+0xc8>)
20004a04:	680a      	ldr	r2, [r1, #0]
20004a06:	1c50      	adds	r0, r2, #1
20004a08:	6008      	str	r0, [r1, #0]
20004a0a:	492a      	ldr	r1, [pc, #168]	@ (20004ab4 <report_packets_sent+0xcc>)
20004a0c:	428a      	cmp	r2, r1
20004a0e:	d825      	bhi.n	20004a5c <report_packets_sent+0x74>
20004a10:	bd10      	pop	{r4, pc}
20004a12:	4a27      	ldr	r2, [pc, #156]	@ (20004ab0 <report_packets_sent+0xc8>)
20004a14:	2100      	movs	r1, #0
20004a16:	6011      	str	r1, [r2, #0]
20004a18:	4a23      	ldr	r2, [pc, #140]	@ (20004aa8 <report_packets_sent+0xc0>)
20004a1a:	6011      	str	r1, [r2, #0]
20004a1c:	4a21      	ldr	r2, [pc, #132]	@ (20004aa4 <report_packets_sent+0xbc>)
20004a1e:	6013      	str	r3, [r2, #0]
20004a20:	4a25      	ldr	r2, [pc, #148]	@ (20004ab8 <report_packets_sent+0xd0>)
20004a22:	6812      	ldr	r2, [r2, #0]
20004a24:	4925      	ldr	r1, [pc, #148]	@ (20004abc <report_packets_sent+0xd4>)
20004a26:	4826      	ldr	r0, [pc, #152]	@ (20004ac0 <report_packets_sent+0xd8>)
20004a28:	0004      	movs	r4, r0
20004a2a:	f004 fc97 	bl	2000935c <__wrap_sprintf>
20004a2e:	0020      	movs	r0, r4
20004a30:	f005 fe80 	bl	2000a734 <strlen>
20004a34:	1c43      	adds	r3, r0, #1
20004a36:	469c      	mov	ip, r3
20004a38:	2100      	movs	r1, #0
20004a3a:	0022      	movs	r2, r4
20004a3c:	e008      	b.n	20004a50 <report_packets_sent+0x68>
20004a3e:	4b21      	ldr	r3, [pc, #132]	@ (20004ac4 <report_packets_sent+0xdc>)
20004a40:	699b      	ldr	r3, [r3, #24]
20004a42:	069b      	lsls	r3, r3, #26
20004a44:	d4fb      	bmi.n	20004a3e <report_packets_sent+0x56>
20004a46:	7810      	ldrb	r0, [r2, #0]
20004a48:	4b1e      	ldr	r3, [pc, #120]	@ (20004ac4 <report_packets_sent+0xdc>)
20004a4a:	6018      	str	r0, [r3, #0]
20004a4c:	3101      	adds	r1, #1
20004a4e:	3201      	adds	r2, #1
20004a50:	458c      	cmp	ip, r1
20004a52:	d8f4      	bhi.n	20004a3e <report_packets_sent+0x56>
20004a54:	481a      	ldr	r0, [pc, #104]	@ (20004ac0 <report_packets_sent+0xd8>)
20004a56:	f004 fe7e 	bl	20009756 <__wrap_puts>
20004a5a:	e7d9      	b.n	20004a10 <report_packets_sent+0x28>
20004a5c:	4a14      	ldr	r2, [pc, #80]	@ (20004ab0 <report_packets_sent+0xc8>)
20004a5e:	2100      	movs	r1, #0
20004a60:	6011      	str	r1, [r2, #0]
20004a62:	4a11      	ldr	r2, [pc, #68]	@ (20004aa8 <report_packets_sent+0xc0>)
20004a64:	6011      	str	r1, [r2, #0]
20004a66:	4a14      	ldr	r2, [pc, #80]	@ (20004ab8 <report_packets_sent+0xd0>)
20004a68:	6812      	ldr	r2, [r2, #0]
20004a6a:	4914      	ldr	r1, [pc, #80]	@ (20004abc <report_packets_sent+0xd4>)
20004a6c:	4814      	ldr	r0, [pc, #80]	@ (20004ac0 <report_packets_sent+0xd8>)
20004a6e:	0004      	movs	r4, r0
20004a70:	f004 fc74 	bl	2000935c <__wrap_sprintf>
20004a74:	0020      	movs	r0, r4
20004a76:	f005 fe5d 	bl	2000a734 <strlen>
20004a7a:	1c43      	adds	r3, r0, #1
20004a7c:	469c      	mov	ip, r3
20004a7e:	2100      	movs	r1, #0
20004a80:	0022      	movs	r2, r4
20004a82:	e008      	b.n	20004a96 <report_packets_sent+0xae>
20004a84:	4b0f      	ldr	r3, [pc, #60]	@ (20004ac4 <report_packets_sent+0xdc>)
20004a86:	699b      	ldr	r3, [r3, #24]
20004a88:	069b      	lsls	r3, r3, #26
20004a8a:	d4fb      	bmi.n	20004a84 <report_packets_sent+0x9c>
20004a8c:	7810      	ldrb	r0, [r2, #0]
20004a8e:	4b0d      	ldr	r3, [pc, #52]	@ (20004ac4 <report_packets_sent+0xdc>)
20004a90:	6018      	str	r0, [r3, #0]
20004a92:	3101      	adds	r1, #1
20004a94:	3201      	adds	r2, #1
20004a96:	458c      	cmp	ip, r1
20004a98:	d8f4      	bhi.n	20004a84 <report_packets_sent+0x9c>
20004a9a:	4809      	ldr	r0, [pc, #36]	@ (20004ac0 <report_packets_sent+0xd8>)
20004a9c:	f004 fe5b 	bl	20009756 <__wrap_puts>
20004aa0:	e7b6      	b.n	20004a10 <report_packets_sent+0x28>
20004aa2:	46c0      	nop			@ (mov r8, r8)
20004aa4:	2002f300 	.word	0x2002f300
20004aa8:	2002f2d0 	.word	0x2002f2d0
20004aac:	01312d00 	.word	0x01312d00
20004ab0:	2000dad4 	.word	0x2000dad4
20004ab4:	055d4a80 	.word	0x055d4a80
20004ab8:	2000daf8 	.word	0x2000daf8
20004abc:	2000c6cc 	.word	0x2000c6cc
20004ac0:	2002f304 	.word	0x2002f304
20004ac4:	40034000 	.word	0x40034000

20004ac8 <core1_main>:
20004ac8:	b510      	push	{r4, lr}
20004aca:	f7fc f8e5 	bl	20000c98 <init_esp_seq>
20004ace:	4b0d      	ldr	r3, [pc, #52]	@ (20004b04 <core1_main+0x3c>)
20004ad0:	2200      	movs	r2, #0
20004ad2:	601a      	str	r2, [r3, #0]
20004ad4:	e00a      	b.n	20004aec <core1_main+0x24>
20004ad6:	f004 ffb0 	bl	20009a3a <multicore_fifo_pop_blocking>
20004ada:	4b0b      	ldr	r3, [pc, #44]	@ (20004b08 <core1_main+0x40>)
20004adc:	6018      	str	r0, [r3, #0]
20004ade:	480b      	ldr	r0, [pc, #44]	@ (20004b0c <core1_main+0x44>)
20004ae0:	f004 ffa1 	bl	20009a26 <multicore_fifo_push_blocking>
20004ae4:	f7fb ffea 	bl	20000abc <process_buffer>
20004ae8:	f7fc fb5c 	bl	200011a4 <display_buffer>
20004aec:	23d0      	movs	r3, #208	@ 0xd0
20004aee:	061b      	lsls	r3, r3, #24
20004af0:	6d1b      	ldr	r3, [r3, #80]	@ 0x50
20004af2:	07db      	lsls	r3, r3, #31
20004af4:	d4ef      	bmi.n	20004ad6 <core1_main+0xe>
20004af6:	f7ff fd8d 	bl	20004614 <poll_esp_if_due>
20004afa:	4b02      	ldr	r3, [pc, #8]	@ (20004b04 <core1_main+0x3c>)
20004afc:	6818      	ldr	r0, [r3, #0]
20004afe:	f7ff ff73 	bl	200049e8 <report_packets_sent>
20004b02:	e7f3      	b.n	20004aec <core1_main+0x24>
20004b04:	200308cc 	.word	0x200308cc
20004b08:	2002f2f8 	.word	0x2002f2f8
20004b0c:	69696969 	.word	0x69696969

20004b10 <boot_press>:
20004b10:	b570      	push	{r4, r5, r6, lr}
20004b12:	2400      	movs	r4, #0
20004b14:	2500      	movs	r5, #0
20004b16:	e000      	b.n	20004b1a <boot_press+0xa>
20004b18:	3401      	adds	r4, #1
20004b1a:	23fa      	movs	r3, #250	@ 0xfa
20004b1c:	005b      	lsls	r3, r3, #1
20004b1e:	429c      	cmp	r4, r3
20004b20:	da05      	bge.n	20004b2e <boot_press+0x1e>
20004b22:	f7fb fbf5 	bl	20000310 <bootsel_pressed_safely>
20004b26:	2800      	cmp	r0, #0
20004b28:	d0f6      	beq.n	20004b18 <boot_press+0x8>
20004b2a:	3501      	adds	r5, #1
20004b2c:	e7f4      	b.n	20004b18 <boot_press+0x8>
20004b2e:	2d5a      	cmp	r5, #90	@ 0x5a
20004b30:	dc00      	bgt.n	20004b34 <boot_press+0x24>
20004b32:	bd70      	pop	{r4, r5, r6, pc}
20004b34:	2100      	movs	r1, #0
20004b36:	0008      	movs	r0, r1
20004b38:	f002 fa5c 	bl	20006ff4 <rom_reset_usb_boot>

20004b3c <delay_boot_if_esp_reset_detected>:
20004b3c:	b510      	push	{r4, lr}
20004b3e:	4b09      	ldr	r3, [pc, #36]	@ (20004b64 <delay_boot_if_esp_reset_detected+0x28>)
20004b40:	681a      	ldr	r2, [r3, #0]
20004b42:	4b09      	ldr	r3, [pc, #36]	@ (20004b68 <delay_boot_if_esp_reset_detected+0x2c>)
20004b44:	429a      	cmp	r2, r3
20004b46:	d000      	beq.n	20004b4a <delay_boot_if_esp_reset_detected+0xe>
20004b48:	bd10      	pop	{r4, pc}
20004b4a:	f004 fdff 	bl	2000974c <stdio_init_all>
20004b4e:	4807      	ldr	r0, [pc, #28]	@ (20004b6c <delay_boot_if_esp_reset_detected+0x30>)
20004b50:	f004 fe01 	bl	20009756 <__wrap_puts>
20004b54:	4b03      	ldr	r3, [pc, #12]	@ (20004b64 <delay_boot_if_esp_reset_detected+0x28>)
20004b56:	2200      	movs	r2, #0
20004b58:	601a      	str	r2, [r3, #0]
20004b5a:	4805      	ldr	r0, [pc, #20]	@ (20004b70 <delay_boot_if_esp_reset_detected+0x34>)
20004b5c:	f001 fdb0 	bl	200066c0 <sleep_ms>
20004b60:	e7f2      	b.n	20004b48 <delay_boot_if_esp_reset_detected+0xc>
20004b62:	46c0      	nop			@ (mov r8, r8)
20004b64:	200000f0 	.word	0x200000f0
20004b68:	69699696 	.word	0x69699696
20004b6c:	2000c6e8 	.word	0x2000c6e8
20004b70:	0000c350 	.word	0x0000c350

20004b74 <get_pin_state>:
20004b74:	b570      	push	{r4, r5, r6, lr}
20004b76:	46ce      	mov	lr, r9
20004b78:	4646      	mov	r6, r8
20004b7a:	b540      	push	{r6, lr}
20004b7c:	b082      	sub	sp, #8
20004b7e:	4680      	mov	r8, r0
20004b80:	f000 fe0c 	bl	2000579c <gpio_init>
20004b84:	2200      	movs	r2, #0
20004b86:	2101      	movs	r1, #1
20004b88:	4640      	mov	r0, r8
20004b8a:	f000 fd71 	bl	20005670 <gpio_set_pulls>
20004b8e:	2005      	movs	r0, #5
20004b90:	f001 fd96 	bl	200066c0 <sleep_ms>
20004b94:	24d0      	movs	r4, #208	@ 0xd0
20004b96:	0624      	lsls	r4, r4, #24
20004b98:	6866      	ldr	r6, [r4, #4]
20004b9a:	2501      	movs	r5, #1
20004b9c:	4643      	mov	r3, r8
20004b9e:	9301      	str	r3, [sp, #4]
20004ba0:	409d      	lsls	r5, r3
20004ba2:	402e      	ands	r6, r5
20004ba4:	0030      	movs	r0, r6
20004ba6:	1e43      	subs	r3, r0, #1
20004ba8:	4198      	sbcs	r0, r3
20004baa:	b2c2      	uxtb	r2, r0
20004bac:	4691      	mov	r9, r2
20004bae:	2201      	movs	r2, #1
20004bb0:	2100      	movs	r1, #0
20004bb2:	4640      	mov	r0, r8
20004bb4:	f000 fd5c 	bl	20005670 <gpio_set_pulls>
20004bb8:	2005      	movs	r0, #5
20004bba:	f001 fd81 	bl	200066c0 <sleep_ms>
20004bbe:	6863      	ldr	r3, [r4, #4]
20004bc0:	401d      	ands	r5, r3
20004bc2:	4640      	mov	r0, r8
20004bc4:	f000 fdf5 	bl	200057b2 <gpio_deinit>
20004bc8:	2e00      	cmp	r6, #0
20004bca:	d001      	beq.n	20004bd0 <get_pin_state+0x5c>
20004bcc:	2d00      	cmp	r5, #0
20004bce:	d005      	beq.n	20004bdc <get_pin_state+0x68>
20004bd0:	4648      	mov	r0, r9
20004bd2:	b002      	add	sp, #8
20004bd4:	bc60      	pop	{r5, r6}
20004bd6:	46b1      	mov	r9, r6
20004bd8:	46a8      	mov	r8, r5
20004bda:	bd70      	pop	{r4, r5, r6, pc}
20004bdc:	2002      	movs	r0, #2
20004bde:	e7f8      	b.n	20004bd2 <get_pin_state+0x5e>

20004be0 <detect_hw_version>:
20004be0:	b570      	push	{r4, r5, r6, lr}
20004be2:	2004      	movs	r0, #4
20004be4:	f7ff ffc6 	bl	20004b74 <get_pin_state>
20004be8:	0005      	movs	r5, r0
20004bea:	0004      	movs	r4, r0
20004bec:	2005      	movs	r0, #5
20004bee:	f7ff ffc1 	bl	20004b74 <get_pin_state>
20004bf2:	0002      	movs	r2, r0
20004bf4:	0001      	movs	r1, r0
20004bf6:	2d02      	cmp	r5, #2
20004bf8:	d018      	beq.n	20004c2c <detect_hw_version+0x4c>
20004bfa:	2c00      	cmp	r4, #0
20004bfc:	d101      	bne.n	20004c02 <detect_hw_version+0x22>
20004bfe:	2902      	cmp	r1, #2
20004c00:	d022      	beq.n	20004c48 <detect_hw_version+0x68>
20004c02:	2c01      	cmp	r4, #1
20004c04:	d016      	beq.n	20004c34 <detect_hw_version+0x54>
20004c06:	2c02      	cmp	r4, #2
20004c08:	d018      	beq.n	20004c3c <detect_hw_version+0x5c>
20004c0a:	0028      	movs	r0, r5
20004c0c:	4310      	orrs	r0, r2
20004c0e:	b2c0      	uxtb	r0, r0
20004c10:	2800      	cmp	r0, #0
20004c12:	d020      	beq.n	20004c56 <detect_hw_version+0x76>
20004c14:	2c00      	cmp	r4, #0
20004c16:	d101      	bne.n	20004c1c <detect_hw_version+0x3c>
20004c18:	2901      	cmp	r1, #1
20004c1a:	d019      	beq.n	20004c50 <detect_hw_version+0x70>
20004c1c:	2c01      	cmp	r4, #1
20004c1e:	d119      	bne.n	20004c54 <detect_hw_version+0x74>
20004c20:	2900      	cmp	r1, #0
20004c22:	d019      	beq.n	20004c58 <detect_hw_version+0x78>
20004c24:	42a1      	cmp	r1, r4
20004c26:	d019      	beq.n	20004c5c <detect_hw_version+0x7c>
20004c28:	2009      	movs	r0, #9
20004c2a:	e014      	b.n	20004c56 <detect_hw_version+0x76>
20004c2c:	42a8      	cmp	r0, r5
20004c2e:	d1e4      	bne.n	20004bfa <detect_hw_version+0x1a>
20004c30:	2004      	movs	r0, #4
20004c32:	e010      	b.n	20004c56 <detect_hw_version+0x76>
20004c34:	2902      	cmp	r1, #2
20004c36:	d1e6      	bne.n	20004c06 <detect_hw_version+0x26>
20004c38:	2006      	movs	r0, #6
20004c3a:	e00c      	b.n	20004c56 <detect_hw_version+0x76>
20004c3c:	2900      	cmp	r1, #0
20004c3e:	d005      	beq.n	20004c4c <detect_hw_version+0x6c>
20004c40:	2901      	cmp	r1, #1
20004c42:	d1e2      	bne.n	20004c0a <detect_hw_version+0x2a>
20004c44:	2008      	movs	r0, #8
20004c46:	e006      	b.n	20004c56 <detect_hw_version+0x76>
20004c48:	2005      	movs	r0, #5
20004c4a:	e004      	b.n	20004c56 <detect_hw_version+0x76>
20004c4c:	2007      	movs	r0, #7
20004c4e:	e002      	b.n	20004c56 <detect_hw_version+0x76>
20004c50:	0010      	movs	r0, r2
20004c52:	e000      	b.n	20004c56 <detect_hw_version+0x76>
20004c54:	2009      	movs	r0, #9
20004c56:	bd70      	pop	{r4, r5, r6, pc}
20004c58:	2002      	movs	r0, #2
20004c5a:	e7fc      	b.n	20004c56 <detect_hw_version+0x76>
20004c5c:	2003      	movs	r0, #3
20004c5e:	e7fa      	b.n	20004c56 <detect_hw_version+0x76>

20004c60 <init_ver>:
20004c60:	b510      	push	{r4, lr}
20004c62:	f7ff ffbd 	bl	20004be0 <detect_hw_version>
20004c66:	4b30      	ldr	r3, [pc, #192]	@ (20004d28 <init_ver+0xc8>)
20004c68:	7018      	strb	r0, [r3, #0]
20004c6a:	781a      	ldrb	r2, [r3, #0]
20004c6c:	b2d3      	uxtb	r3, r2
20004c6e:	2a04      	cmp	r2, #4
20004c70:	d03e      	beq.n	20004cf0 <init_ver+0x90>
20004c72:	2b04      	cmp	r3, #4
20004c74:	d90d      	bls.n	20004c92 <init_ver+0x32>
20004c76:	2b07      	cmp	r3, #7
20004c78:	d048      	beq.n	20004d0c <init_ver+0xac>
20004c7a:	d821      	bhi.n	20004cc0 <init_ver+0x60>
20004c7c:	2b05      	cmp	r3, #5
20004c7e:	d03e      	beq.n	20004cfe <init_ver+0x9e>
20004c80:	2b06      	cmp	r3, #6
20004c82:	d14a      	bne.n	20004d1a <init_ver+0xba>
20004c84:	4b29      	ldr	r3, [pc, #164]	@ (20004d2c <init_ver+0xcc>)
20004c86:	4a2a      	ldr	r2, [pc, #168]	@ (20004d30 <init_ver+0xd0>)
20004c88:	601a      	str	r2, [r3, #0]
20004c8a:	482a      	ldr	r0, [pc, #168]	@ (20004d34 <init_ver+0xd4>)
20004c8c:	f004 fd63 	bl	20009756 <__wrap_puts>
20004c90:	e025      	b.n	20004cde <init_ver+0x7e>
20004c92:	2b02      	cmp	r3, #2
20004c94:	d025      	beq.n	20004ce2 <init_ver+0x82>
20004c96:	d80a      	bhi.n	20004cae <init_ver+0x4e>
20004c98:	2b00      	cmp	r3, #0
20004c9a:	d01a      	beq.n	20004cd2 <init_ver+0x72>
20004c9c:	2b01      	cmp	r3, #1
20004c9e:	d13c      	bne.n	20004d1a <init_ver+0xba>
20004ca0:	4b22      	ldr	r3, [pc, #136]	@ (20004d2c <init_ver+0xcc>)
20004ca2:	4a25      	ldr	r2, [pc, #148]	@ (20004d38 <init_ver+0xd8>)
20004ca4:	601a      	str	r2, [r3, #0]
20004ca6:	4825      	ldr	r0, [pc, #148]	@ (20004d3c <init_ver+0xdc>)
20004ca8:	f004 fd55 	bl	20009756 <__wrap_puts>
20004cac:	e017      	b.n	20004cde <init_ver+0x7e>
20004cae:	2b03      	cmp	r3, #3
20004cb0:	d133      	bne.n	20004d1a <init_ver+0xba>
20004cb2:	4b1e      	ldr	r3, [pc, #120]	@ (20004d2c <init_ver+0xcc>)
20004cb4:	4a22      	ldr	r2, [pc, #136]	@ (20004d40 <init_ver+0xe0>)
20004cb6:	601a      	str	r2, [r3, #0]
20004cb8:	4822      	ldr	r0, [pc, #136]	@ (20004d44 <init_ver+0xe4>)
20004cba:	f004 fd4c 	bl	20009756 <__wrap_puts>
20004cbe:	e00e      	b.n	20004cde <init_ver+0x7e>
20004cc0:	2b08      	cmp	r3, #8
20004cc2:	d12a      	bne.n	20004d1a <init_ver+0xba>
20004cc4:	4b19      	ldr	r3, [pc, #100]	@ (20004d2c <init_ver+0xcc>)
20004cc6:	4a20      	ldr	r2, [pc, #128]	@ (20004d48 <init_ver+0xe8>)
20004cc8:	601a      	str	r2, [r3, #0]
20004cca:	4820      	ldr	r0, [pc, #128]	@ (20004d4c <init_ver+0xec>)
20004ccc:	f004 fd43 	bl	20009756 <__wrap_puts>
20004cd0:	e005      	b.n	20004cde <init_ver+0x7e>
20004cd2:	4b16      	ldr	r3, [pc, #88]	@ (20004d2c <init_ver+0xcc>)
20004cd4:	481e      	ldr	r0, [pc, #120]	@ (20004d50 <init_ver+0xf0>)
20004cd6:	6018      	str	r0, [r3, #0]
20004cd8:	3004      	adds	r0, #4
20004cda:	f004 fd3c 	bl	20009756 <__wrap_puts>
20004cde:	2000      	movs	r0, #0
20004ce0:	bd10      	pop	{r4, pc}
20004ce2:	4b12      	ldr	r3, [pc, #72]	@ (20004d2c <init_ver+0xcc>)
20004ce4:	4a1b      	ldr	r2, [pc, #108]	@ (20004d54 <init_ver+0xf4>)
20004ce6:	601a      	str	r2, [r3, #0]
20004ce8:	481b      	ldr	r0, [pc, #108]	@ (20004d58 <init_ver+0xf8>)
20004cea:	f004 fd34 	bl	20009756 <__wrap_puts>
20004cee:	e7f6      	b.n	20004cde <init_ver+0x7e>
20004cf0:	4b0e      	ldr	r3, [pc, #56]	@ (20004d2c <init_ver+0xcc>)
20004cf2:	4a1a      	ldr	r2, [pc, #104]	@ (20004d5c <init_ver+0xfc>)
20004cf4:	601a      	str	r2, [r3, #0]
20004cf6:	481a      	ldr	r0, [pc, #104]	@ (20004d60 <init_ver+0x100>)
20004cf8:	f004 fd2d 	bl	20009756 <__wrap_puts>
20004cfc:	e7ef      	b.n	20004cde <init_ver+0x7e>
20004cfe:	4b0b      	ldr	r3, [pc, #44]	@ (20004d2c <init_ver+0xcc>)
20004d00:	4a18      	ldr	r2, [pc, #96]	@ (20004d64 <init_ver+0x104>)
20004d02:	601a      	str	r2, [r3, #0]
20004d04:	4818      	ldr	r0, [pc, #96]	@ (20004d68 <init_ver+0x108>)
20004d06:	f004 fd26 	bl	20009756 <__wrap_puts>
20004d0a:	e7e8      	b.n	20004cde <init_ver+0x7e>
20004d0c:	4b07      	ldr	r3, [pc, #28]	@ (20004d2c <init_ver+0xcc>)
20004d0e:	4a17      	ldr	r2, [pc, #92]	@ (20004d6c <init_ver+0x10c>)
20004d10:	601a      	str	r2, [r3, #0]
20004d12:	4817      	ldr	r0, [pc, #92]	@ (20004d70 <init_ver+0x110>)
20004d14:	f004 fd1f 	bl	20009756 <__wrap_puts>
20004d18:	e7e1      	b.n	20004cde <init_ver+0x7e>
20004d1a:	4b04      	ldr	r3, [pc, #16]	@ (20004d2c <init_ver+0xcc>)
20004d1c:	4a15      	ldr	r2, [pc, #84]	@ (20004d74 <init_ver+0x114>)
20004d1e:	601a      	str	r2, [r3, #0]
20004d20:	4815      	ldr	r0, [pc, #84]	@ (20004d78 <init_ver+0x118>)
20004d22:	f004 fd18 	bl	20009756 <__wrap_puts>
20004d26:	e7da      	b.n	20004cde <init_ver+0x7e>
20004d28:	2000daf4 	.word	0x2000daf4
20004d2c:	2000daf8 	.word	0x2000daf8
20004d30:	2000c7cc 	.word	0x2000c7cc
20004d34:	2000c7d0 	.word	0x2000c7d0
20004d38:	2000c71c 	.word	0x2000c71c
20004d3c:	2000c720 	.word	0x2000c720
20004d40:	2000c754 	.word	0x2000c754
20004d44:	2000c758 	.word	0x2000c758
20004d48:	2000c82c 	.word	0x2000c82c
20004d4c:	2000c830 	.word	0x2000c830
20004d50:	2000c700 	.word	0x2000c700
20004d54:	2000c738 	.word	0x2000c738
20004d58:	2000c73c 	.word	0x2000c73c
20004d5c:	2000c770 	.word	0x2000c770
20004d60:	2000c774 	.word	0x2000c774
20004d64:	2000c79c 	.word	0x2000c79c
20004d68:	2000c7a0 	.word	0x2000c7a0
20004d6c:	2000c7fc 	.word	0x2000c7fc
20004d70:	2000c800 	.word	0x2000c800
20004d74:	2000c85c 	.word	0x2000c85c
20004d78:	2000c860 	.word	0x2000c860

20004d7c <rp_board_boot_init>:
20004d7c:	b570      	push	{r4, r5, r6, lr}
20004d7e:	201c      	movs	r0, #28
20004d80:	f000 fd0c 	bl	2000579c <gpio_init>
20004d84:	24d0      	movs	r4, #208	@ 0xd0
20004d86:	0624      	lsls	r4, r4, #24
20004d88:	2380      	movs	r3, #128	@ 0x80
20004d8a:	055b      	lsls	r3, r3, #21
20004d8c:	6263      	str	r3, [r4, #36]	@ 0x24
20004d8e:	61a3      	str	r3, [r4, #24]
20004d90:	200e      	movs	r0, #14
20004d92:	f000 fd03 	bl	2000579c <gpio_init>
20004d96:	2380      	movs	r3, #128	@ 0x80
20004d98:	01db      	lsls	r3, r3, #7
20004d9a:	62a3      	str	r3, [r4, #40]	@ 0x28
20004d9c:	200f      	movs	r0, #15
20004d9e:	f000 fcfd 	bl	2000579c <gpio_init>
20004da2:	2380      	movs	r3, #128	@ 0x80
20004da4:	021b      	lsls	r3, r3, #8
20004da6:	62a3      	str	r3, [r4, #40]	@ 0x28
20004da8:	2008      	movs	r0, #8
20004daa:	f000 fcf7 	bl	2000579c <gpio_init>
20004dae:	2580      	movs	r5, #128	@ 0x80
20004db0:	006d      	lsls	r5, r5, #1
20004db2:	6265      	str	r5, [r4, #36]	@ 0x24
20004db4:	61a5      	str	r5, [r4, #24]
20004db6:	2009      	movs	r0, #9
20004db8:	f000 fcf0 	bl	2000579c <gpio_init>
20004dbc:	2380      	movs	r3, #128	@ 0x80
20004dbe:	009b      	lsls	r3, r3, #2
20004dc0:	6263      	str	r3, [r4, #36]	@ 0x24
20004dc2:	6163      	str	r3, [r4, #20]
20004dc4:	f7ff ff4c 	bl	20004c60 <init_ver>
20004dc8:	f004 fcc0 	bl	2000974c <stdio_init_all>
20004dcc:	6165      	str	r5, [r4, #20]
20004dce:	2064      	movs	r0, #100	@ 0x64
20004dd0:	f001 fc76 	bl	200066c0 <sleep_ms>
20004dd4:	bd70      	pop	{r4, r5, r6, pc}
	...

20004dd8 <rp_spi_master_init>:
20004dd8:	b570      	push	{r4, r5, r6, lr}
20004dda:	4c17      	ldr	r4, [pc, #92]	@ (20004e38 <rp_spi_master_init+0x60>)
20004ddc:	4917      	ldr	r1, [pc, #92]	@ (20004e3c <rp_spi_master_init+0x64>)
20004dde:	0020      	movs	r0, r4
20004de0:	f005 f93c 	bl	2000a05c <spi_init>
20004de4:	0005      	movs	r5, r0
20004de6:	2101      	movs	r1, #1
20004de8:	200a      	movs	r0, #10
20004dea:	f000 fc27 	bl	2000563c <gpio_set_function>
20004dee:	2101      	movs	r1, #1
20004df0:	200b      	movs	r0, #11
20004df2:	f000 fc23 	bl	2000563c <gpio_set_function>
20004df6:	2101      	movs	r1, #1
20004df8:	200c      	movs	r0, #12
20004dfa:	f000 fc1f 	bl	2000563c <gpio_set_function>
20004dfe:	200d      	movs	r0, #13
20004e00:	f000 fccc 	bl	2000579c <gpio_init>
20004e04:	23d0      	movs	r3, #208	@ 0xd0
20004e06:	061b      	lsls	r3, r3, #24
20004e08:	2280      	movs	r2, #128	@ 0x80
20004e0a:	0192      	lsls	r2, r2, #6
20004e0c:	625a      	str	r2, [r3, #36]	@ 0x24
20004e0e:	615a      	str	r2, [r3, #20]
20004e10:	6863      	ldr	r3, [r4, #4]
20004e12:	2202      	movs	r2, #2
20004e14:	4013      	ands	r3, r2
20004e16:	490a      	ldr	r1, [pc, #40]	@ (20004e40 <rp_spi_master_init+0x68>)
20004e18:	600a      	str	r2, [r1, #0]
20004e1a:	6821      	ldr	r1, [r4, #0]
20004e1c:	3205      	adds	r2, #5
20004e1e:	4051      	eors	r1, r2
20004e20:	32c8      	adds	r2, #200	@ 0xc8
20004e22:	400a      	ands	r2, r1
20004e24:	4907      	ldr	r1, [pc, #28]	@ (20004e44 <rp_spi_master_init+0x6c>)
20004e26:	600a      	str	r2, [r1, #0]
20004e28:	4a07      	ldr	r2, [pc, #28]	@ (20004e48 <rp_spi_master_init+0x70>)
20004e2a:	6013      	str	r3, [r2, #0]
20004e2c:	4907      	ldr	r1, [pc, #28]	@ (20004e4c <rp_spi_master_init+0x74>)
20004e2e:	4808      	ldr	r0, [pc, #32]	@ (20004e50 <rp_spi_master_init+0x78>)
20004e30:	f004 fcc0 	bl	200097b4 <__wrap_printf>
20004e34:	0028      	movs	r0, r5
20004e36:	bd70      	pop	{r4, r5, r6, pc}
20004e38:	40040000 	.word	0x40040000
20004e3c:	004c4b40 	.word	0x004c4b40
20004e40:	40043004 	.word	0x40043004
20004e44:	40041000 	.word	0x40041000
20004e48:	40042004 	.word	0x40042004
20004e4c:	2000bf94 	.word	0x2000bf94
20004e50:	2000c87c 	.word	0x2000c87c

20004e54 <free_all_pio_state_machines>:
20004e54:	b570      	push	{r4, r5, r6, lr}
20004e56:	0005      	movs	r5, r0
20004e58:	2400      	movs	r4, #0
20004e5a:	e000      	b.n	20004e5e <free_all_pio_state_machines+0xa>
20004e5c:	3401      	adds	r4, #1
20004e5e:	2c03      	cmp	r4, #3
20004e60:	dc0a      	bgt.n	20004e78 <free_all_pio_state_machines+0x24>
20004e62:	0021      	movs	r1, r4
20004e64:	0028      	movs	r0, r5
20004e66:	f004 ff89 	bl	20009d7c <pio_sm_is_claimed>
20004e6a:	2800      	cmp	r0, #0
20004e6c:	d0f6      	beq.n	20004e5c <free_all_pio_state_machines+0x8>
20004e6e:	0021      	movs	r1, r4
20004e70:	0028      	movs	r0, r5
20004e72:	f004 ff57 	bl	20009d24 <pio_sm_unclaim>
20004e76:	e7f1      	b.n	20004e5c <free_all_pio_state_machines+0x8>
20004e78:	bd70      	pop	{r4, r5, r6, pc}
	...

20004e7c <pio_destroy>:
20004e7c:	b570      	push	{r4, r5, r6, lr}
20004e7e:	4d07      	ldr	r5, [pc, #28]	@ (20004e9c <pio_destroy+0x20>)
20004e80:	0028      	movs	r0, r5
20004e82:	f7ff ffe7 	bl	20004e54 <free_all_pio_state_machines>
20004e86:	4c06      	ldr	r4, [pc, #24]	@ (20004ea0 <pio_destroy+0x24>)
20004e88:	0020      	movs	r0, r4
20004e8a:	f7ff ffe3 	bl	20004e54 <free_all_pio_state_machines>
20004e8e:	0028      	movs	r0, r5
20004e90:	f004 ff9c 	bl	20009dcc <pio_clear_instruction_memory>
20004e94:	0020      	movs	r0, r4
20004e96:	f004 ff99 	bl	20009dcc <pio_clear_instruction_memory>
20004e9a:	bd70      	pop	{r4, r5, r6, pc}
20004e9c:	50200000 	.word	0x50200000
20004ea0:	50300000 	.word	0x50300000

20004ea4 <adc_gpio_init>:
20004ea4:	b510      	push	{r4, lr}
20004ea6:	0004      	movs	r4, r0
20004ea8:	211f      	movs	r1, #31
20004eaa:	f000 fbc7 	bl	2000563c <gpio_set_function>
20004eae:	2200      	movs	r2, #0
20004eb0:	2100      	movs	r1, #0
20004eb2:	0020      	movs	r0, r4
20004eb4:	f000 fbdc 	bl	20005670 <gpio_set_pulls>
20004eb8:	2100      	movs	r1, #0
20004eba:	0020      	movs	r0, r4
20004ebc:	f000 fc5a 	bl	20005774 <gpio_set_input_enabled>
20004ec0:	bd10      	pop	{r4, pc}
	...

20004ec4 <init_seq>:
20004ec4:	b570      	push	{r4, r5, r6, lr}
20004ec6:	b082      	sub	sp, #8
20004ec8:	f7ff fe38 	bl	20004b3c <delay_boot_if_esp_reset_detected>
20004ecc:	f7ff ff56 	bl	20004d7c <rp_board_boot_init>
20004ed0:	f7fb ff86 	bl	20000de0 <report_last_fault>
20004ed4:	4c30      	ldr	r4, [pc, #192]	@ (20004f98 <init_seq+0xd4>)
20004ed6:	0023      	movs	r3, r4
20004ed8:	3314      	adds	r3, #20
20004eda:	0022      	movs	r2, r4
20004edc:	3220      	adds	r2, #32
20004ede:	492f      	ldr	r1, [pc, #188]	@ (20004f9c <init_seq+0xd8>)
20004ee0:	6809      	ldr	r1, [r1, #0]
20004ee2:	0020      	movs	r0, r4
20004ee4:	302c      	adds	r0, #44	@ 0x2c
20004ee6:	f004 fc65 	bl	200097b4 <__wrap_printf>
20004eea:	4b2d      	ldr	r3, [pc, #180]	@ (20004fa0 <init_seq+0xdc>)
20004eec:	681b      	ldr	r3, [r3, #0]
20004eee:	6898      	ldr	r0, [r3, #8]
20004ef0:	f005 f9f2 	bl	2000a2d8 <fflush>
20004ef4:	26d0      	movs	r6, #208	@ 0xd0
20004ef6:	0636      	lsls	r6, r6, #24
20004ef8:	2380      	movs	r3, #128	@ 0x80
20004efa:	055b      	lsls	r3, r3, #21
20004efc:	62b3      	str	r3, [r6, #40]	@ 0x28
20004efe:	2200      	movs	r2, #0
20004f00:	2101      	movs	r1, #1
20004f02:	201c      	movs	r0, #28
20004f04:	f000 fbb4 	bl	20005670 <gpio_set_pulls>
20004f08:	f7ff ff66 	bl	20004dd8 <rp_spi_master_init>
20004f0c:	0005      	movs	r5, r0
20004f0e:	f003 f843 	bl	20007f98 <__wrap___aeabi_ui2f>
20004f12:	f003 f871 	bl	20007ff8 <__wrap___aeabi_f2d>
20004f16:	2200      	movs	r2, #0
20004f18:	4b22      	ldr	r3, [pc, #136]	@ (20004fa4 <init_seq+0xe0>)
20004f1a:	f002 fc08 	bl	2000772e <__wrap___aeabi_ddiv>
20004f1e:	0002      	movs	r2, r0
20004f20:	000b      	movs	r3, r1
20004f22:	0020      	movs	r0, r4
20004f24:	3064      	adds	r0, #100	@ 0x64
20004f26:	9500      	str	r5, [sp, #0]
20004f28:	f004 fc44 	bl	200097b4 <__wrap_printf>
20004f2c:	f7fb ff8e 	bl	20000e4c <report_flash_layout>
20004f30:	f7fd fac8 	bl	200024c4 <report_flash_size>
20004f34:	f7fc fa86 	bl	20001444 <report_ota_state>
20004f38:	2380      	movs	r3, #128	@ 0x80
20004f3a:	009b      	lsls	r3, r3, #2
20004f3c:	61b3      	str	r3, [r6, #24]
20004f3e:	f7ff ff9d 	bl	20004e7c <pio_destroy>
20004f42:	f005 f8c5 	bl	2000a0d0 <adc_init>
20004f46:	201b      	movs	r0, #27
20004f48:	f7ff ffac 	bl	20004ea4 <adc_gpio_init>
20004f4c:	4b16      	ldr	r3, [pc, #88]	@ (20004fa8 <init_seq+0xe4>)
20004f4e:	681a      	ldr	r2, [r3, #0]
20004f50:	2380      	movs	r3, #128	@ 0x80
20004f52:	015b      	lsls	r3, r3, #5
20004f54:	4053      	eors	r3, r2
20004f56:	22e0      	movs	r2, #224	@ 0xe0
20004f58:	01d2      	lsls	r2, r2, #7
20004f5a:	4013      	ands	r3, r2
20004f5c:	4a13      	ldr	r2, [pc, #76]	@ (20004fac <init_seq+0xe8>)
20004f5e:	6013      	str	r3, [r2, #0]
20004f60:	4b13      	ldr	r3, [pc, #76]	@ (20004fb0 <init_seq+0xec>)
20004f62:	2204      	movs	r2, #4
20004f64:	601a      	str	r2, [r3, #0]
20004f66:	4b10      	ldr	r3, [pc, #64]	@ (20004fa8 <init_seq+0xe4>)
20004f68:	681b      	ldr	r3, [r3, #0]
20004f6a:	05db      	lsls	r3, r3, #23
20004f6c:	d5fb      	bpl.n	20004f66 <init_seq+0xa2>
20004f6e:	4b0e      	ldr	r3, [pc, #56]	@ (20004fa8 <init_seq+0xe4>)
20004f70:	685c      	ldr	r4, [r3, #4]
20004f72:	0424      	lsls	r4, r4, #16
20004f74:	0c24      	lsrs	r4, r4, #16
20004f76:	0020      	movs	r0, r4
20004f78:	f003 f814 	bl	20007fa4 <__wrap___aeabi_i2f>
20004f7c:	490d      	ldr	r1, [pc, #52]	@ (20004fb4 <init_seq+0xf0>)
20004f7e:	f003 f802 	bl	20007f86 <__wrap___aeabi_fmul>
20004f82:	f003 f839 	bl	20007ff8 <__wrap___aeabi_f2d>
20004f86:	0002      	movs	r2, r0
20004f88:	000b      	movs	r3, r1
20004f8a:	480b      	ldr	r0, [pc, #44]	@ (20004fb8 <init_seq+0xf4>)
20004f8c:	0021      	movs	r1, r4
20004f8e:	f004 fc11 	bl	200097b4 <__wrap_printf>
20004f92:	b002      	add	sp, #8
20004f94:	bd70      	pop	{r4, r5, r6, pc}
20004f96:	46c0      	nop			@ (mov r8, r8)
20004f98:	2000c880 	.word	0x2000c880
20004f9c:	2000daf8 	.word	0x2000daf8
20004fa0:	2000dfc4 	.word	0x2000dfc4
20004fa4:	412e8480 	.word	0x412e8480
20004fa8:	4004c000 	.word	0x4004c000
20004fac:	4004d000 	.word	0x4004d000
20004fb0:	4004e000 	.word	0x4004e000
20004fb4:	3a533333 	.word	0x3a533333
20004fb8:	2000c914 	.word	0x2000c914

20004fbc <okhi_fault_report>:
20004fbc:	b570      	push	{r4, r5, r6, lr}
20004fbe:	4c24      	ldr	r4, [pc, #144]	@ (20005050 <okhi_fault_report+0x94>)
20004fc0:	4b24      	ldr	r3, [pc, #144]	@ (20005054 <okhi_fault_report+0x98>)
20004fc2:	6023      	str	r3, [r4, #0]
20004fc4:	6803      	ldr	r3, [r0, #0]
20004fc6:	6163      	str	r3, [r4, #20]
20004fc8:	6843      	ldr	r3, [r0, #4]
20004fca:	61a3      	str	r3, [r4, #24]
20004fcc:	6883      	ldr	r3, [r0, #8]
20004fce:	61e3      	str	r3, [r4, #28]
20004fd0:	68c3      	ldr	r3, [r0, #12]
20004fd2:	6223      	str	r3, [r4, #32]
20004fd4:	6903      	ldr	r3, [r0, #16]
20004fd6:	6263      	str	r3, [r4, #36]	@ 0x24
20004fd8:	6943      	ldr	r3, [r0, #20]
20004fda:	60a3      	str	r3, [r4, #8]
20004fdc:	6983      	ldr	r3, [r0, #24]
20004fde:	6063      	str	r3, [r4, #4]
20004fe0:	69c3      	ldr	r3, [r0, #28]
20004fe2:	60e3      	str	r3, [r4, #12]
20004fe4:	6120      	str	r0, [r4, #16]
20004fe6:	23d0      	movs	r3, #208	@ 0xd0
20004fe8:	061b      	lsls	r3, r3, #24
20004fea:	681b      	ldr	r3, [r3, #0]
20004fec:	62a3      	str	r3, [r4, #40]	@ 0x28
20004fee:	6ae3      	ldr	r3, [r4, #44]	@ 0x2c
20004ff0:	3301      	adds	r3, #1
20004ff2:	62e3      	str	r3, [r4, #44]	@ 0x2c
20004ff4:	4d18      	ldr	r5, [pc, #96]	@ (20005058 <okhi_fault_report+0x9c>)
20004ff6:	0028      	movs	r0, r5
20004ff8:	3038      	adds	r0, #56	@ 0x38
20004ffa:	f7fb f947 	bl	2000028c <rp_fault_puts>
20004ffe:	6aa3      	ldr	r3, [r4, #40]	@ 0x28
20005000:	2001      	movs	r0, #1
20005002:	4018      	ands	r0, r3
20005004:	3030      	adds	r0, #48	@ 0x30
20005006:	f7fb f933 	bl	20000270 <rp_fault_putc>
2000500a:	0028      	movs	r0, r5
2000500c:	3054      	adds	r0, #84	@ 0x54
2000500e:	f7fb f93d 	bl	2000028c <rp_fault_puts>
20005012:	6861      	ldr	r1, [r4, #4]
20005014:	0028      	movs	r0, r5
20005016:	305c      	adds	r0, #92	@ 0x5c
20005018:	f7fb f95a 	bl	200002d0 <rp_fault_line>
2000501c:	68a1      	ldr	r1, [r4, #8]
2000501e:	0028      	movs	r0, r5
20005020:	3064      	adds	r0, #100	@ 0x64
20005022:	f7fb f955 	bl	200002d0 <rp_fault_line>
20005026:	68e1      	ldr	r1, [r4, #12]
20005028:	0028      	movs	r0, r5
2000502a:	306c      	adds	r0, #108	@ 0x6c
2000502c:	f7fb f950 	bl	200002d0 <rp_fault_line>
20005030:	6921      	ldr	r1, [r4, #16]
20005032:	0028      	movs	r0, r5
20005034:	3074      	adds	r0, #116	@ 0x74
20005036:	f7fb f94b 	bl	200002d0 <rp_fault_line>
2000503a:	0028      	movs	r0, r5
2000503c:	307c      	adds	r0, #124	@ 0x7c
2000503e:	f7fb f925 	bl	2000028c <rp_fault_puts>
20005042:	2200      	movs	r2, #0
20005044:	2100      	movs	r1, #0
20005046:	2000      	movs	r0, #0
20005048:	f001 ff74 	bl	20006f34 <watchdog_reboot>
2000504c:	e7fe      	b.n	2000504c <okhi_fault_report+0x90>
2000504e:	46c0      	nop			@ (mov r8, r8)
20005050:	200000c0 	.word	0x200000c0
20005054:	fa017edc 	.word	0xfa017edc
20005058:	2000c900 	.word	0x2000c900

2000505c <isr_hardfault>:
2000505c:	4671      	mov	r1, lr
2000505e:	2004      	movs	r0, #4
20005060:	4208      	tst	r0, r1
20005062:	d102      	bne.n	2000506a <isr_hardfault+0xe>
20005064:	f3ef 8008 	mrs	r0, MSP
20005068:	e001      	b.n	2000506e <isr_hardfault+0x12>
2000506a:	f3ef 8009 	mrs	r0, PSP
2000506e:	4a01      	ldr	r2, [pc, #4]	@ (20005074 <isr_hardfault+0x18>)
20005070:	4710      	bx	r2
20005072:	0000      	.short	0x0000
20005074:	20004fbd 	.word	0x20004fbd

20005078 <main>:
20005078:	b570      	push	{r4, r5, r6, lr}
2000507a:	46de      	mov	lr, fp
2000507c:	4656      	mov	r6, sl
2000507e:	464d      	mov	r5, r9
20005080:	4644      	mov	r4, r8
20005082:	b570      	push	{r4, r5, r6, lr}
20005084:	b090      	sub	sp, #64	@ 0x40
20005086:	f001 ff4d 	bl	20006f24 <watchdog_disable>
2000508a:	f7ff fd41 	bl	20004b10 <boot_press>
2000508e:	f7fd fd5f 	bl	20002b50 <ota_boot_check>
20005092:	2002      	movs	r0, #2
20005094:	f7fc ff63 	bl	20001f5e <blink_led>
20005098:	2101      	movs	r1, #1
2000509a:	48f4      	ldr	r0, [pc, #976]	@ (2000546c <main+0x3f4>)
2000509c:	f7fe ff1c 	bl	20003ed8 <set_sys_clock_khz>
200050a0:	0004      	movs	r4, r0
200050a2:	49f3      	ldr	r1, [pc, #972]	@ (20005470 <main+0x3f8>)
200050a4:	48f3      	ldr	r0, [pc, #972]	@ (20005474 <main+0x3fc>)
200050a6:	f004 ff7d 	bl	20009fa4 <spi_set_baudrate>
200050aa:	0005      	movs	r5, r0
200050ac:	f7ff ff0a 	bl	20004ec4 <init_seq>
200050b0:	f001 ff64 	bl	20006f7c <watchdog_caused_reboot>
200050b4:	2800      	cmp	r0, #0
200050b6:	d000      	beq.n	200050ba <main+0x42>
200050b8:	e17f      	b.n	200053ba <main+0x342>
200050ba:	2c00      	cmp	r4, #0
200050bc:	d100      	bne.n	200050c0 <main+0x48>
200050be:	e183      	b.n	200053c8 <main+0x350>
200050c0:	48ed      	ldr	r0, [pc, #948]	@ (20005478 <main+0x400>)
200050c2:	f004 fb48 	bl	20009756 <__wrap_puts>
200050c6:	0028      	movs	r0, r5
200050c8:	f002 ff66 	bl	20007f98 <__wrap___aeabi_ui2f>
200050cc:	f002 ff94 	bl	20007ff8 <__wrap___aeabi_f2d>
200050d0:	2200      	movs	r2, #0
200050d2:	4bea      	ldr	r3, [pc, #936]	@ (2000547c <main+0x404>)
200050d4:	f002 fb2b 	bl	2000772e <__wrap___aeabi_ddiv>
200050d8:	0002      	movs	r2, r0
200050da:	000b      	movs	r3, r1
200050dc:	4ce6      	ldr	r4, [pc, #920]	@ (20005478 <main+0x400>)
200050de:	0020      	movs	r0, r4
200050e0:	3040      	adds	r0, #64	@ 0x40
200050e2:	9500      	str	r5, [sp, #0]
200050e4:	f004 fb66 	bl	200097b4 <__wrap_printf>
200050e8:	2016      	movs	r0, #22
200050ea:	f000 fb57 	bl	2000579c <gpio_init>
200050ee:	25d0      	movs	r5, #208	@ 0xd0
200050f0:	062d      	lsls	r5, r5, #24
200050f2:	2380      	movs	r3, #128	@ 0x80
200050f4:	03db      	lsls	r3, r3, #15
200050f6:	626b      	str	r3, [r5, #36]	@ 0x24
200050f8:	61ab      	str	r3, [r5, #24]
200050fa:	2014      	movs	r0, #20
200050fc:	f000 fb4e 	bl	2000579c <gpio_init>
20005100:	2380      	movs	r3, #128	@ 0x80
20005102:	035b      	lsls	r3, r3, #13
20005104:	62ab      	str	r3, [r5, #40]	@ 0x28
20005106:	2015      	movs	r0, #21
20005108:	f000 fb48 	bl	2000579c <gpio_init>
2000510c:	2380      	movs	r3, #128	@ 0x80
2000510e:	039b      	lsls	r3, r3, #14
20005110:	62ab      	str	r3, [r5, #40]	@ 0x28
20005112:	2005      	movs	r0, #5
20005114:	f001 fd68 	bl	20006be8 <clock_get_hz>
20005118:	f002 ff3e 	bl	20007f98 <__wrap___aeabi_ui2f>
2000511c:	49d8      	ldr	r1, [pc, #864]	@ (20005480 <main+0x408>)
2000511e:	f002 ff1c 	bl	20007f5a <__wrap___aeabi_fdiv>
20005122:	9003      	str	r0, [sp, #12]
20005124:	f002 ff68 	bl	20007ff8 <__wrap___aeabi_f2d>
20005128:	0002      	movs	r2, r0
2000512a:	000b      	movs	r3, r1
2000512c:	347c      	adds	r4, #124	@ 0x7c
2000512e:	0020      	movs	r0, r4
20005130:	2400      	movs	r4, #0
20005132:	4dd4      	ldr	r5, [pc, #848]	@ (20005484 <main+0x40c>)
20005134:	9400      	str	r4, [sp, #0]
20005136:	9501      	str	r5, [sp, #4]
20005138:	f004 fb3c 	bl	200097b4 <__wrap_printf>
2000513c:	2107      	movs	r1, #7
2000513e:	2016      	movs	r0, #22
20005140:	f000 fa7c 	bl	2000563c <gpio_set_function>
20005144:	23f0      	movs	r3, #240	@ 0xf0
20005146:	011b      	lsls	r3, r3, #4
20005148:	469a      	mov	sl, r3
2000514a:	4bcf      	ldr	r3, [pc, #828]	@ (20005488 <main+0x410>)
2000514c:	4652      	mov	r2, sl
2000514e:	601a      	str	r2, [r3, #0]
20005150:	49ce      	ldr	r1, [pc, #824]	@ (2000548c <main+0x414>)
20005152:	2009      	movs	r0, #9
20005154:	f000 fcaa 	bl	20005aac <irq_set_exclusive_handler>
20005158:	2101      	movs	r1, #1
2000515a:	2009      	movs	r0, #9
2000515c:	f000 fc86 	bl	20005a6c <irq_set_enabled>
20005160:	4ecb      	ldr	r6, [pc, #812]	@ (20005490 <main+0x418>)
20005162:	2101      	movs	r1, #1
20005164:	0030      	movs	r0, r6
20005166:	f004 fded 	bl	20009d44 <pio_claim_unused_sm>
2000516a:	0005      	movs	r5, r0
2000516c:	49c9      	ldr	r1, [pc, #804]	@ (20005494 <main+0x41c>)
2000516e:	0030      	movs	r0, r6
20005170:	f004 fe14 	bl	20009d9c <pio_add_program>
20005174:	4683      	mov	fp, r0
20005176:	2401      	movs	r4, #1
20005178:	9400      	str	r4, [sp, #0]
2000517a:	2301      	movs	r3, #1
2000517c:	2216      	movs	r2, #22
2000517e:	0029      	movs	r1, r5
20005180:	0030      	movs	r0, r6
20005182:	f004 fe41 	bl	20009e08 <pio_sm_set_consecutive_pindirs>
20005186:	2200      	movs	r2, #0
20005188:	9200      	str	r2, [sp, #0]
2000518a:	2302      	movs	r3, #2
2000518c:	3214      	adds	r2, #20
2000518e:	0029      	movs	r1, r5
20005190:	0030      	movs	r0, r6
20005192:	f004 fe39 	bl	20009e08 <pio_sm_set_consecutive_pindirs>
20005196:	ab0c      	add	r3, sp, #48	@ 0x30
20005198:	4699      	mov	r9, r3
2000519a:	4659      	mov	r1, fp
2000519c:	0018      	movs	r0, r3
2000519e:	f7fb f82b 	bl	200001f8 <tar_pio1_program_get_default_config>
200051a2:	464b      	mov	r3, r9
200051a4:	68da      	ldr	r2, [r3, #12]
200051a6:	49bc      	ldr	r1, [pc, #752]	@ (20005498 <main+0x420>)
200051a8:	4011      	ands	r1, r2
200051aa:	23b0      	movs	r3, #176	@ 0xb0
200051ac:	009b      	lsls	r3, r3, #2
200051ae:	430b      	orrs	r3, r1
200051b0:	4649      	mov	r1, r9
200051b2:	60cb      	str	r3, [r1, #12]
200051b4:	49b9      	ldr	r1, [pc, #740]	@ (2000549c <main+0x424>)
200051b6:	4011      	ands	r1, r2
200051b8:	4bb9      	ldr	r3, [pc, #740]	@ (200054a0 <main+0x428>)
200051ba:	469c      	mov	ip, r3
200051bc:	4319      	orrs	r1, r3
200051be:	4648      	mov	r0, r9
200051c0:	60c1      	str	r1, [r0, #12]
200051c2:	6881      	ldr	r1, [r0, #8]
200051c4:	48b7      	ldr	r0, [pc, #732]	@ (200054a4 <main+0x42c>)
200051c6:	4008      	ands	r0, r1
200051c8:	464b      	mov	r3, r9
200051ca:	6098      	str	r0, [r3, #8]
200051cc:	4bb6      	ldr	r3, [pc, #728]	@ (200054a8 <main+0x430>)
200051ce:	4019      	ands	r1, r3
200051d0:	464b      	mov	r3, r9
200051d2:	6099      	str	r1, [r3, #8]
200051d4:	49b5      	ldr	r1, [pc, #724]	@ (200054ac <main+0x434>)
200051d6:	400a      	ands	r2, r1
200051d8:	4663      	mov	r3, ip
200051da:	4313      	orrs	r3, r2
200051dc:	21a0      	movs	r1, #160	@ 0xa0
200051de:	0309      	lsls	r1, r1, #12
200051e0:	4688      	mov	r8, r1
200051e2:	430b      	orrs	r3, r1
200051e4:	4649      	mov	r1, r9
200051e6:	60cb      	str	r3, [r1, #12]
200051e8:	9903      	ldr	r1, [sp, #12]
200051ea:	4648      	mov	r0, r9
200051ec:	f7fa ff82 	bl	200000f4 <sm_config_set_clkdiv>
200051f0:	464b      	mov	r3, r9
200051f2:	465a      	mov	r2, fp
200051f4:	0029      	movs	r1, r5
200051f6:	0030      	movs	r0, r6
200051f8:	f004 fe64 	bl	20009ec4 <pio_sm_init>
200051fc:	6833      	ldr	r3, [r6, #0]
200051fe:	0020      	movs	r0, r4
20005200:	40a8      	lsls	r0, r5
20005202:	9005      	str	r0, [sp, #20]
20005204:	4383      	bics	r3, r0
20005206:	6033      	str	r3, [r6, #0]
20005208:	006b      	lsls	r3, r5, #1
2000520a:	195b      	adds	r3, r3, r5
2000520c:	00db      	lsls	r3, r3, #3
2000520e:	49a8      	ldr	r1, [pc, #672]	@ (200054b0 <main+0x438>)
20005210:	468c      	mov	ip, r1
20005212:	4463      	add	r3, ip
20005214:	2180      	movs	r1, #128	@ 0x80
20005216:	0609      	lsls	r1, r1, #24
20005218:	468b      	mov	fp, r1
2000521a:	6019      	str	r1, [r3, #0]
2000521c:	6019      	str	r1, [r3, #0]
2000521e:	1d2b      	adds	r3, r5, #4
20005220:	0022      	movs	r2, r4
20005222:	409a      	lsls	r2, r3
20005224:	4ba3      	ldr	r3, [pc, #652]	@ (200054b4 <main+0x43c>)
20005226:	601a      	str	r2, [r3, #0]
20005228:	3508      	adds	r5, #8
2000522a:	0022      	movs	r2, r4
2000522c:	40aa      	lsls	r2, r5
2000522e:	601a      	str	r2, [r3, #0]
20005230:	4ba1      	ldr	r3, [pc, #644]	@ (200054b8 <main+0x440>)
20005232:	4655      	mov	r5, sl
20005234:	601d      	str	r5, [r3, #0]
20005236:	49a1      	ldr	r1, [pc, #644]	@ (200054bc <main+0x444>)
20005238:	2007      	movs	r0, #7
2000523a:	f000 fc37 	bl	20005aac <irq_set_exclusive_handler>
2000523e:	2101      	movs	r1, #1
20005240:	2007      	movs	r0, #7
20005242:	f000 fc13 	bl	20005a6c <irq_set_enabled>
20005246:	4b9e      	ldr	r3, [pc, #632]	@ (200054c0 <main+0x448>)
20005248:	4699      	mov	r9, r3
2000524a:	2101      	movs	r1, #1
2000524c:	0018      	movs	r0, r3
2000524e:	f004 fd79 	bl	20009d44 <pio_claim_unused_sm>
20005252:	0005      	movs	r5, r0
20005254:	499b      	ldr	r1, [pc, #620]	@ (200054c4 <main+0x44c>)
20005256:	4648      	mov	r0, r9
20005258:	f004 fda0 	bl	20009d9c <pio_add_program>
2000525c:	9004      	str	r0, [sp, #16]
2000525e:	2200      	movs	r2, #0
20005260:	9200      	str	r2, [sp, #0]
20005262:	2303      	movs	r3, #3
20005264:	3214      	adds	r2, #20
20005266:	0029      	movs	r1, r5
20005268:	4648      	mov	r0, r9
2000526a:	f004 fdcd 	bl	20009e08 <pio_sm_set_consecutive_pindirs>
2000526e:	ab08      	add	r3, sp, #32
20005270:	469a      	mov	sl, r3
20005272:	9904      	ldr	r1, [sp, #16]
20005274:	0018      	movs	r0, r3
20005276:	f7fa ffab 	bl	200001d0 <tar_lowsp_pio0_program_get_default_config>
2000527a:	4653      	mov	r3, sl
2000527c:	68db      	ldr	r3, [r3, #12]
2000527e:	4a92      	ldr	r2, [pc, #584]	@ (200054c8 <main+0x450>)
20005280:	4013      	ands	r3, r2
20005282:	4641      	mov	r1, r8
20005284:	430b      	orrs	r3, r1
20005286:	4651      	mov	r1, sl
20005288:	60cb      	str	r3, [r1, #12]
2000528a:	684a      	ldr	r2, [r1, #4]
2000528c:	4b8f      	ldr	r3, [pc, #572]	@ (200054cc <main+0x454>)
2000528e:	401a      	ands	r2, r3
20005290:	23a0      	movs	r3, #160	@ 0xa0
20005292:	055b      	lsls	r3, r3, #21
20005294:	4313      	orrs	r3, r2
20005296:	604b      	str	r3, [r1, #4]
20005298:	688a      	ldr	r2, [r1, #8]
2000529a:	4b82      	ldr	r3, [pc, #520]	@ (200054a4 <main+0x42c>)
2000529c:	4013      	ands	r3, r2
2000529e:	0019      	movs	r1, r3
200052a0:	4b8b      	ldr	r3, [pc, #556]	@ (200054d0 <main+0x458>)
200052a2:	4319      	orrs	r1, r3
200052a4:	4650      	mov	r0, sl
200052a6:	6081      	str	r1, [r0, #8]
200052a8:	497f      	ldr	r1, [pc, #508]	@ (200054a8 <main+0x430>)
200052aa:	4011      	ands	r1, r2
200052ac:	4319      	orrs	r1, r3
200052ae:	6081      	str	r1, [r0, #8]
200052b0:	0412      	lsls	r2, r2, #16
200052b2:	0c12      	lsrs	r2, r2, #16
200052b4:	4313      	orrs	r3, r2
200052b6:	4659      	mov	r1, fp
200052b8:	430b      	orrs	r3, r1
200052ba:	6083      	str	r3, [r0, #8]
200052bc:	9903      	ldr	r1, [sp, #12]
200052be:	f7fa ff19 	bl	200000f4 <sm_config_set_clkdiv>
200052c2:	4653      	mov	r3, sl
200052c4:	9a04      	ldr	r2, [sp, #16]
200052c6:	0029      	movs	r1, r5
200052c8:	4648      	mov	r0, r9
200052ca:	f004 fdfb 	bl	20009ec4 <pio_sm_init>
200052ce:	464b      	mov	r3, r9
200052d0:	681b      	ldr	r3, [r3, #0]
200052d2:	0021      	movs	r1, r4
200052d4:	40a9      	lsls	r1, r5
200052d6:	9104      	str	r1, [sp, #16]
200052d8:	438b      	bics	r3, r1
200052da:	4649      	mov	r1, r9
200052dc:	600b      	str	r3, [r1, #0]
200052de:	006b      	lsls	r3, r5, #1
200052e0:	9306      	str	r3, [sp, #24]
200052e2:	195b      	adds	r3, r3, r5
200052e4:	00db      	lsls	r3, r3, #3
200052e6:	497b      	ldr	r1, [pc, #492]	@ (200054d4 <main+0x45c>)
200052e8:	4688      	mov	r8, r1
200052ea:	4498      	add	r8, r3
200052ec:	4641      	mov	r1, r8
200052ee:	465a      	mov	r2, fp
200052f0:	600a      	str	r2, [r1, #0]
200052f2:	600a      	str	r2, [r1, #0]
200052f4:	1d2b      	adds	r3, r5, #4
200052f6:	0022      	movs	r2, r4
200052f8:	409a      	lsls	r2, r3
200052fa:	4b77      	ldr	r3, [pc, #476]	@ (200054d8 <main+0x460>)
200052fc:	601a      	str	r2, [r3, #0]
200052fe:	002a      	movs	r2, r5
20005300:	3208      	adds	r2, #8
20005302:	4094      	lsls	r4, r2
20005304:	601c      	str	r4, [r3, #0]
20005306:	4b75      	ldr	r3, [pc, #468]	@ (200054dc <main+0x464>)
20005308:	2200      	movs	r2, #0
2000530a:	601a      	str	r2, [r3, #0]
2000530c:	4974      	ldr	r1, [pc, #464]	@ (200054e0 <main+0x468>)
2000530e:	468a      	mov	sl, r1
20005310:	600a      	str	r2, [r1, #0]
20005312:	4b74      	ldr	r3, [pc, #464]	@ (200054e4 <main+0x46c>)
20005314:	4a74      	ldr	r2, [pc, #464]	@ (200054e8 <main+0x470>)
20005316:	2100      	movs	r1, #0
20005318:	0018      	movs	r0, r3
2000531a:	9303      	str	r3, [sp, #12]
2000531c:	f002 ff2e 	bl	2000817c <__wrap_memset>
20005320:	4b72      	ldr	r3, [pc, #456]	@ (200054ec <main+0x474>)
20005322:	4a71      	ldr	r2, [pc, #452]	@ (200054e8 <main+0x470>)
20005324:	2100      	movs	r1, #0
20005326:	9307      	str	r3, [sp, #28]
20005328:	0018      	movs	r0, r3
2000532a:	f002 ff27 	bl	2000817c <__wrap_memset>
2000532e:	9803      	ldr	r0, [sp, #12]
20005330:	f7fc f828 	bl	20001384 <reinit_dbuff>
20005334:	9807      	ldr	r0, [sp, #28]
20005336:	f7fc f825 	bl	20001384 <reinit_dbuff>
2000533a:	4652      	mov	r2, sl
2000533c:	9b03      	ldr	r3, [sp, #12]
2000533e:	6013      	str	r3, [r2, #0]
20005340:	486b      	ldr	r0, [pc, #428]	@ (200054f0 <main+0x478>)
20005342:	f004 fa08 	bl	20009756 <__wrap_puts>
20005346:	4652      	mov	r2, sl
20005348:	6812      	ldr	r2, [r2, #0]
2000534a:	4b6a      	ldr	r3, [pc, #424]	@ (200054f4 <main+0x47c>)
2000534c:	2100      	movs	r1, #0
2000534e:	50d1      	str	r1, [r2, r3]
20005350:	20fa      	movs	r0, #250	@ 0xfa
20005352:	0080      	lsls	r0, r0, #2
20005354:	f001 f9b4 	bl	200066c0 <sleep_ms>
20005358:	4a67      	ldr	r2, [pc, #412]	@ (200054f8 <main+0x480>)
2000535a:	4692      	mov	sl, r2
2000535c:	0010      	movs	r0, r2
2000535e:	f004 fc17 	bl	20009b90 <multicore_launch_core1>
20005362:	2001      	movs	r0, #1
20005364:	f001 f9ac 	bl	200066c0 <sleep_ms>
20005368:	f004 fb72 	bl	20009a50 <multicore_reset_core1>
2000536c:	4650      	mov	r0, sl
2000536e:	f004 fc0f 	bl	20009b90 <multicore_launch_core1>
20005372:	20fa      	movs	r0, #250	@ 0xfa
20005374:	0080      	lsls	r0, r0, #2
20005376:	f001 f9a3 	bl	200066c0 <sleep_ms>
2000537a:	20fa      	movs	r0, #250	@ 0xfa
2000537c:	2100      	movs	r1, #0
2000537e:	0100      	lsls	r0, r0, #4
20005380:	f001 fdc4 	bl	20006f0c <watchdog_enable>
20005384:	9b06      	ldr	r3, [sp, #24]
20005386:	195b      	adds	r3, r3, r5
20005388:	00db      	lsls	r3, r3, #3
2000538a:	4a5c      	ldr	r2, [pc, #368]	@ (200054fc <main+0x484>)
2000538c:	4694      	mov	ip, r2
2000538e:	4463      	add	r3, ip
20005390:	211f      	movs	r1, #31
20005392:	6019      	str	r1, [r3, #0]
20005394:	464a      	mov	r2, r9
20005396:	6812      	ldr	r2, [r2, #0]
20005398:	9804      	ldr	r0, [sp, #16]
2000539a:	4302      	orrs	r2, r0
2000539c:	4648      	mov	r0, r9
2000539e:	6002      	str	r2, [r0, #0]
200053a0:	6019      	str	r1, [r3, #0]
200053a2:	4643      	mov	r3, r8
200053a4:	465a      	mov	r2, fp
200053a6:	601a      	str	r2, [r3, #0]
200053a8:	601a      	str	r2, [r3, #0]
200053aa:	6833      	ldr	r3, [r6, #0]
200053ac:	9805      	ldr	r0, [sp, #20]
200053ae:	4303      	orrs	r3, r0
200053b0:	6033      	str	r3, [r6, #0]
200053b2:	2300      	movs	r3, #0
200053b4:	4698      	mov	r8, r3
200053b6:	2602      	movs	r6, #2
200053b8:	e00c      	b.n	200053d4 <main+0x35c>
200053ba:	4851      	ldr	r0, [pc, #324]	@ (20005500 <main+0x488>)
200053bc:	f004 f9cb 	bl	20009756 <__wrap_puts>
200053c0:	200a      	movs	r0, #10
200053c2:	f7fc fdcc 	bl	20001f5e <blink_led>
200053c6:	e678      	b.n	200050ba <main+0x42>
200053c8:	484e      	ldr	r0, [pc, #312]	@ (20005504 <main+0x48c>)
200053ca:	f004 f9c4 	bl	20009756 <__wrap_puts>
200053ce:	e67a      	b.n	200050c6 <main+0x4e>
200053d0:	f7fc fd52 	bl	20001e78 <capture_note_idle>
200053d4:	4b3a      	ldr	r3, [pc, #232]	@ (200054c0 <main+0x448>)
200053d6:	685b      	ldr	r3, [r3, #4]
200053d8:	4223      	tst	r3, r4
200053da:	d1f9      	bne.n	200053d0 <main+0x358>
200053dc:	f7fc fd82 	bl	20001ee4 <capture_note_traffic>
200053e0:	002b      	movs	r3, r5
200053e2:	3308      	adds	r3, #8
200053e4:	009b      	lsls	r3, r3, #2
200053e6:	4a36      	ldr	r2, [pc, #216]	@ (200054c0 <main+0x448>)
200053e8:	589b      	ldr	r3, [r3, r2]
200053ea:	2b00      	cmp	r3, #0
200053ec:	db09      	blt.n	20005402 <main+0x38a>
200053ee:	4a46      	ldr	r2, [pc, #280]	@ (20005508 <main+0x490>)
200053f0:	4296      	cmp	r6, r2
200053f2:	d900      	bls.n	200053f6 <main+0x37e>
200053f4:	e08c      	b.n	20005510 <main+0x498>
200053f6:	4a3a      	ldr	r2, [pc, #232]	@ (200054e0 <main+0x468>)
200053f8:	6812      	ldr	r2, [r2, #0]
200053fa:	00b1      	lsls	r1, r6, #2
200053fc:	508b      	str	r3, [r1, r2]
200053fe:	3601      	adds	r6, #1
20005400:	e7e8      	b.n	200053d4 <main+0x35c>
20005402:	4a37      	ldr	r2, [pc, #220]	@ (200054e0 <main+0x468>)
20005404:	6810      	ldr	r0, [r2, #0]
20005406:	43db      	mvns	r3, r3
20005408:	4642      	mov	r2, r8
2000540a:	0092      	lsls	r2, r2, #2
2000540c:	5013      	str	r3, [r2, r0]
2000540e:	4643      	mov	r3, r8
20005410:	3301      	adds	r3, #1
20005412:	009b      	lsls	r3, r3, #2
20005414:	2200      	movs	r2, #0
20005416:	501a      	str	r2, [r3, r0]
20005418:	4b36      	ldr	r3, [pc, #216]	@ (200054f4 <main+0x47c>)
2000541a:	58c2      	ldr	r2, [r0, r3]
2000541c:	3201      	adds	r2, #1
2000541e:	50c2      	str	r2, [r0, r3]
20005420:	1cb1      	adds	r1, r6, #2
20005422:	58c2      	ldr	r2, [r0, r3]
20005424:	4b39      	ldr	r3, [pc, #228]	@ (2000550c <main+0x494>)
20005426:	58c3      	ldr	r3, [r0, r3]
20005428:	429a      	cmp	r2, r3
2000542a:	d002      	beq.n	20005432 <main+0x3ba>
2000542c:	46b0      	mov	r8, r6
2000542e:	000e      	movs	r6, r1
20005430:	e7d0      	b.n	200053d4 <main+0x35c>
20005432:	f004 faf8 	bl	20009a26 <multicore_fifo_push_blocking>
20005436:	f004 fb00 	bl	20009a3a <multicore_fifo_pop_blocking>
2000543a:	4b29      	ldr	r3, [pc, #164]	@ (200054e0 <main+0x468>)
2000543c:	681a      	ldr	r2, [r3, #0]
2000543e:	4b29      	ldr	r3, [pc, #164]	@ (200054e4 <main+0x46c>)
20005440:	429a      	cmp	r2, r3
20005442:	d010      	beq.n	20005466 <main+0x3ee>
20005444:	4e27      	ldr	r6, [pc, #156]	@ (200054e4 <main+0x46c>)
20005446:	4b26      	ldr	r3, [pc, #152]	@ (200054e0 <main+0x468>)
20005448:	601e      	str	r6, [r3, #0]
2000544a:	23fa      	movs	r3, #250	@ 0xfa
2000544c:	021b      	lsls	r3, r3, #8
2000544e:	18f0      	adds	r0, r6, r3
20005450:	221c      	movs	r2, #28
20005452:	2100      	movs	r1, #0
20005454:	f002 fe92 	bl	2000817c <__wrap_memset>
20005458:	0030      	movs	r0, r6
2000545a:	f7fb ff93 	bl	20001384 <reinit_dbuff>
2000545e:	2300      	movs	r3, #0
20005460:	4698      	mov	r8, r3
20005462:	2602      	movs	r6, #2
20005464:	e7b6      	b.n	200053d4 <main+0x35c>
20005466:	4e21      	ldr	r6, [pc, #132]	@ (200054ec <main+0x474>)
20005468:	e7ed      	b.n	20005446 <main+0x3ce>
2000546a:	46c0      	nop			@ (mov r8, r8)
2000546c:	0001d4c0 	.word	0x0001d4c0
20005470:	004c4b40 	.word	0x004c4b40
20005474:	40040000 	.word	0x40040000
20005478:	2000ca00 	.word	0x2000ca00
2000547c:	412e8480 	.word	0x412e8480
20005480:	4b64e1c0 	.word	0x4b64e1c0
20005484:	402e0000 	.word	0x402e0000
20005488:	5030212c 	.word	0x5030212c
2000548c:	20000a31 	.word	0x20000a31
20005490:	50300000 	.word	0x50300000
20005494:	2000b408 	.word	0x2000b408
20005498:	fffffc1f 	.word	0xfffffc1f
2000549c:	e3fffc1f 	.word	0xe3fffc1f
200054a0:	040002c0 	.word	0x040002c0
200054a4:	fe0affff 	.word	0xfe0affff
200054a8:	c000ffff 	.word	0xc000ffff
200054ac:	e3f07c1f 	.word	0xe3f07c1f
200054b0:	503010d0 	.word	0x503010d0
200054b4:	50302000 	.word	0x50302000
200054b8:	5020212c 	.word	0x5020212c
200054bc:	20000a79 	.word	0x20000a79
200054c0:	50200000 	.word	0x50200000
200054c4:	2000b438 	.word	0x2000b438
200054c8:	fff07fff 	.word	0xfff07fff
200054cc:	e0ffffff 	.word	0xe0ffffff
200054d0:	01f10000 	.word	0x01f10000
200054d4:	502010d0 	.word	0x502010d0
200054d8:	50202000 	.word	0x50202000
200054dc:	2002f2f8 	.word	0x2002f2f8
200054e0:	2000fe38 	.word	0x2000fe38
200054e4:	2000fe3c 	.word	0x2000fe3c
200054e8:	0000fa1c 	.word	0x0000fa1c
200054ec:	2001f858 	.word	0x2001f858
200054f0:	2000caa8 	.word	0x2000caa8
200054f4:	0000fa08 	.word	0x0000fa08
200054f8:	20004ac9 	.word	0x20004ac9
200054fc:	502000d8 	.word	0x502000d8
20005500:	2000c988 	.word	0x2000c988
20005504:	2000ca24 	.word	0x2000ca24
20005508:	0000f9fb 	.word	0x0000f9fb
2000550c:	0000fa04 	.word	0x0000fa04
20005510:	4e0e      	ldr	r6, [pc, #56]	@ (2000554c <main+0x4d4>)
20005512:	6830      	ldr	r0, [r6, #0]
20005514:	f004 fa87 	bl	20009a26 <multicore_fifo_push_blocking>
20005518:	f004 fa8f 	bl	20009a3a <multicore_fifo_pop_blocking>
2000551c:	6832      	ldr	r2, [r6, #0]
2000551e:	4b0c      	ldr	r3, [pc, #48]	@ (20005550 <main+0x4d8>)
20005520:	429a      	cmp	r2, r3
20005522:	d010      	beq.n	20005546 <main+0x4ce>
20005524:	4e0a      	ldr	r6, [pc, #40]	@ (20005550 <main+0x4d8>)
20005526:	4b09      	ldr	r3, [pc, #36]	@ (2000554c <main+0x4d4>)
20005528:	601e      	str	r6, [r3, #0]
2000552a:	23fa      	movs	r3, #250	@ 0xfa
2000552c:	021b      	lsls	r3, r3, #8
2000552e:	18f0      	adds	r0, r6, r3
20005530:	221c      	movs	r2, #28
20005532:	2100      	movs	r1, #0
20005534:	f002 fe22 	bl	2000817c <__wrap_memset>
20005538:	0030      	movs	r0, r6
2000553a:	f7fb ff23 	bl	20001384 <reinit_dbuff>
2000553e:	2300      	movs	r3, #0
20005540:	4698      	mov	r8, r3
20005542:	2602      	movs	r6, #2
20005544:	e746      	b.n	200053d4 <main+0x35c>
20005546:	4e03      	ldr	r6, [pc, #12]	@ (20005554 <main+0x4dc>)
20005548:	e7ed      	b.n	20005526 <main+0x4ae>
2000554a:	46c0      	nop			@ (mov r8, r8)
2000554c:	2000fe38 	.word	0x2000fe38
20005550:	2000fe3c 	.word	0x2000fe3c
20005554:	2001f858 	.word	0x2001f858

20005558 <gpio_default_irq_handler>:
20005558:	b5f8      	push	{r3, r4, r5, r6, r7, lr}
2000555a:	46ce      	mov	lr, r9
2000555c:	4647      	mov	r7, r8
2000555e:	b580      	push	{r7, lr}
20005560:	23d0      	movs	r3, #208	@ 0xd0
20005562:	061b      	lsls	r3, r3, #24
20005564:	681f      	ldr	r7, [r3, #0]
20005566:	4b21      	ldr	r3, [pc, #132]	@ (200055ec <gpio_default_irq_handler+0x94>)
20005568:	00ba      	lsls	r2, r7, #2
2000556a:	58d3      	ldr	r3, [r2, r3]
2000556c:	4698      	mov	r8, r3
2000556e:	007b      	lsls	r3, r7, #1
20005570:	19db      	adds	r3, r3, r7
20005572:	011b      	lsls	r3, r3, #4
20005574:	4a1e      	ldr	r2, [pc, #120]	@ (200055f0 <gpio_default_irq_handler+0x98>)
20005576:	4694      	mov	ip, r2
20005578:	4463      	add	r3, ip
2000557a:	4699      	mov	r9, r3
2000557c:	2600      	movs	r6, #0
2000557e:	e027      	b.n	200055d0 <gpio_default_irq_handler+0x78>
20005580:	40eb      	lsrs	r3, r5
20005582:	e012      	b.n	200055aa <gpio_default_irq_handler+0x52>
20005584:	0924      	lsrs	r4, r4, #4
20005586:	3501      	adds	r5, #1
20005588:	2c00      	cmp	r4, #0
2000558a:	d020      	beq.n	200055ce <gpio_default_irq_handler+0x76>
2000558c:	0033      	movs	r3, r6
2000558e:	3308      	adds	r3, #8
20005590:	42ab      	cmp	r3, r5
20005592:	d91c      	bls.n	200055ce <gpio_default_irq_handler+0x76>
20005594:	230f      	movs	r3, #15
20005596:	0019      	movs	r1, r3
20005598:	4021      	ands	r1, r4
2000559a:	4223      	tst	r3, r4
2000559c:	d0f2      	beq.n	20005584 <gpio_default_irq_handler+0x2c>
2000559e:	4b15      	ldr	r3, [pc, #84]	@ (200055f4 <gpio_default_irq_handler+0x9c>)
200055a0:	00ba      	lsls	r2, r7, #2
200055a2:	58d3      	ldr	r3, [r2, r3]
200055a4:	2d20      	cmp	r5, #32
200055a6:	d4eb      	bmi.n	20005580 <gpio_default_irq_handler+0x28>
200055a8:	2300      	movs	r3, #0
200055aa:	07db      	lsls	r3, r3, #31
200055ac:	d4ea      	bmi.n	20005584 <gpio_default_irq_handler+0x2c>
200055ae:	2207      	movs	r2, #7
200055b0:	402a      	ands	r2, r5
200055b2:	0092      	lsls	r2, r2, #2
200055b4:	08eb      	lsrs	r3, r5, #3
200055b6:	0008      	movs	r0, r1
200055b8:	4090      	lsls	r0, r2
200055ba:	333c      	adds	r3, #60	@ 0x3c
200055bc:	009b      	lsls	r3, r3, #2
200055be:	4a0e      	ldr	r2, [pc, #56]	@ (200055f8 <gpio_default_irq_handler+0xa0>)
200055c0:	5098      	str	r0, [r3, r2]
200055c2:	4643      	mov	r3, r8
200055c4:	2b00      	cmp	r3, #0
200055c6:	d0dd      	beq.n	20005584 <gpio_default_irq_handler+0x2c>
200055c8:	0028      	movs	r0, r5
200055ca:	47c0      	blx	r8
200055cc:	e7da      	b.n	20005584 <gpio_default_irq_handler+0x2c>
200055ce:	3608      	adds	r6, #8
200055d0:	2e1d      	cmp	r6, #29
200055d2:	d806      	bhi.n	200055e2 <gpio_default_irq_handler+0x8a>
200055d4:	08f3      	lsrs	r3, r6, #3
200055d6:	3308      	adds	r3, #8
200055d8:	009b      	lsls	r3, r3, #2
200055da:	464a      	mov	r2, r9
200055dc:	589c      	ldr	r4, [r3, r2]
200055de:	0035      	movs	r5, r6
200055e0:	e7d2      	b.n	20005588 <gpio_default_irq_handler+0x30>
200055e2:	bcc0      	pop	{r6, r7}
200055e4:	46b9      	mov	r9, r7
200055e6:	46b0      	mov	r8, r6
200055e8:	bdf8      	pop	{r3, r4, r5, r6, r7, pc}
200055ea:	46c0      	nop			@ (mov r8, r8)
200055ec:	2000fdec 	.word	0x2000fdec
200055f0:	40014100 	.word	0x40014100
200055f4:	20030444 	.word	0x20030444
200055f8:	40014000 	.word	0x40014000

200055fc <_gpio_set_irq_enabled>:
200055fc:	b510      	push	{r4, lr}
200055fe:	4694      	mov	ip, r2
20005600:	2207      	movs	r2, #7
20005602:	4002      	ands	r2, r0
20005604:	0092      	lsls	r2, r2, #2
20005606:	08c0      	lsrs	r0, r0, #3
20005608:	4091      	lsls	r1, r2
2000560a:	0002      	movs	r2, r0
2000560c:	323c      	adds	r2, #60	@ 0x3c
2000560e:	0092      	lsls	r2, r2, #2
20005610:	4c09      	ldr	r4, [pc, #36]	@ (20005638 <_gpio_set_irq_enabled+0x3c>)
20005612:	5111      	str	r1, [r2, r4]
20005614:	0080      	lsls	r0, r0, #2
20005616:	181b      	adds	r3, r3, r0
20005618:	4662      	mov	r2, ip
2000561a:	2a00      	cmp	r2, #0
2000561c:	d005      	beq.n	2000562a <_gpio_set_irq_enabled+0x2e>
2000561e:	2280      	movs	r2, #128	@ 0x80
20005620:	0192      	lsls	r2, r2, #6
20005622:	4694      	mov	ip, r2
20005624:	4463      	add	r3, ip
20005626:	6019      	str	r1, [r3, #0]
20005628:	bd10      	pop	{r4, pc}
2000562a:	22c0      	movs	r2, #192	@ 0xc0
2000562c:	0192      	lsls	r2, r2, #6
2000562e:	4694      	mov	ip, r2
20005630:	4463      	add	r3, ip
20005632:	6019      	str	r1, [r3, #0]
20005634:	e7f8      	b.n	20005628 <_gpio_set_irq_enabled+0x2c>
20005636:	46c0      	nop			@ (mov r8, r8)
20005638:	40014000 	.word	0x40014000

2000563c <gpio_set_function>:
2000563c:	b510      	push	{r4, lr}
2000563e:	0083      	lsls	r3, r0, #2
20005640:	4a08      	ldr	r2, [pc, #32]	@ (20005664 <gpio_set_function+0x28>)
20005642:	189a      	adds	r2, r3, r2
20005644:	6812      	ldr	r2, [r2, #0]
20005646:	2440      	movs	r4, #64	@ 0x40
20005648:	4054      	eors	r4, r2
2000564a:	22c0      	movs	r2, #192	@ 0xc0
2000564c:	4022      	ands	r2, r4
2000564e:	4c06      	ldr	r4, [pc, #24]	@ (20005668 <gpio_set_function+0x2c>)
20005650:	46a4      	mov	ip, r4
20005652:	4463      	add	r3, ip
20005654:	601a      	str	r2, [r3, #0]
20005656:	00c0      	lsls	r0, r0, #3
20005658:	4b04      	ldr	r3, [pc, #16]	@ (2000566c <gpio_set_function+0x30>)
2000565a:	469c      	mov	ip, r3
2000565c:	4460      	add	r0, ip
2000565e:	6041      	str	r1, [r0, #4]
20005660:	bd10      	pop	{r4, pc}
20005662:	46c0      	nop			@ (mov r8, r8)
20005664:	4001c004 	.word	0x4001c004
20005668:	4001d004 	.word	0x4001d004
2000566c:	40014000 	.word	0x40014000

20005670 <gpio_set_pulls>:
20005670:	0080      	lsls	r0, r0, #2
20005672:	4b0b      	ldr	r3, [pc, #44]	@ (200056a0 <gpio_set_pulls+0x30>)
20005674:	469c      	mov	ip, r3
20005676:	4460      	add	r0, ip
20005678:	2900      	cmp	r1, #0
2000567a:	d00e      	beq.n	2000569a <gpio_set_pulls+0x2a>
2000567c:	2308      	movs	r3, #8
2000567e:	2a00      	cmp	r2, #0
20005680:	d000      	beq.n	20005684 <gpio_set_pulls+0x14>
20005682:	2204      	movs	r2, #4
20005684:	4313      	orrs	r3, r2
20005686:	6802      	ldr	r2, [r0, #0]
20005688:	4053      	eors	r3, r2
2000568a:	220c      	movs	r2, #12
2000568c:	4013      	ands	r3, r2
2000568e:	2280      	movs	r2, #128	@ 0x80
20005690:	0152      	lsls	r2, r2, #5
20005692:	4694      	mov	ip, r2
20005694:	4460      	add	r0, ip
20005696:	6003      	str	r3, [r0, #0]
20005698:	4770      	bx	lr
2000569a:	2300      	movs	r3, #0
2000569c:	e7ef      	b.n	2000567e <gpio_set_pulls+0xe>
2000569e:	46c0      	nop			@ (mov r8, r8)
200056a0:	4001c004 	.word	0x4001c004

200056a4 <gpio_set_irq_enabled>:
200056a4:	b570      	push	{r4, r5, r6, lr}
200056a6:	0005      	movs	r5, r0
200056a8:	000e      	movs	r6, r1
200056aa:	1e14      	subs	r4, r2, #0
200056ac:	d004      	beq.n	200056b8 <gpio_set_irq_enabled+0x14>
200056ae:	200d      	movs	r0, #13
200056b0:	f000 f9ee 	bl	20005a90 <irq_has_handler>
200056b4:	2800      	cmp	r0, #0
200056b6:	d00e      	beq.n	200056d6 <gpio_set_irq_enabled+0x32>
200056b8:	23d0      	movs	r3, #208	@ 0xd0
200056ba:	061b      	lsls	r3, r3, #24
200056bc:	681a      	ldr	r2, [r3, #0]
200056be:	0053      	lsls	r3, r2, #1
200056c0:	189b      	adds	r3, r3, r2
200056c2:	011b      	lsls	r3, r3, #4
200056c4:	4a07      	ldr	r2, [pc, #28]	@ (200056e4 <gpio_set_irq_enabled+0x40>)
200056c6:	4694      	mov	ip, r2
200056c8:	4463      	add	r3, ip
200056ca:	0022      	movs	r2, r4
200056cc:	0031      	movs	r1, r6
200056ce:	0028      	movs	r0, r5
200056d0:	f7ff ff94 	bl	200055fc <_gpio_set_irq_enabled>
200056d4:	bd70      	pop	{r4, r5, r6, pc}
200056d6:	4b04      	ldr	r3, [pc, #16]	@ (200056e8 <gpio_set_irq_enabled+0x44>)
200056d8:	4a04      	ldr	r2, [pc, #16]	@ (200056ec <gpio_set_irq_enabled+0x48>)
200056da:	4805      	ldr	r0, [pc, #20]	@ (200056f0 <gpio_set_irq_enabled+0x4c>)
200056dc:	21bd      	movs	r1, #189	@ 0xbd
200056de:	f003 fec5 	bl	2000946c <__assert_func>
200056e2:	46c0      	nop			@ (mov r8, r8)
200056e4:	40014100 	.word	0x40014100
200056e8:	2000cccc 	.word	0x2000cccc
200056ec:	2000d810 	.word	0x2000d810
200056f0:	2000ccf8 	.word	0x2000ccf8

200056f4 <gpio_set_irq_callback>:
200056f4:	b570      	push	{r4, r5, r6, lr}
200056f6:	0004      	movs	r4, r0
200056f8:	23d0      	movs	r3, #208	@ 0xd0
200056fa:	061b      	lsls	r3, r3, #24
200056fc:	681d      	ldr	r5, [r3, #0]
200056fe:	4b0d      	ldr	r3, [pc, #52]	@ (20005734 <gpio_set_irq_callback+0x40>)
20005700:	00aa      	lsls	r2, r5, #2
20005702:	58d3      	ldr	r3, [r2, r3]
20005704:	2b00      	cmp	r3, #0
20005706:	d00a      	beq.n	2000571e <gpio_set_irq_callback+0x2a>
20005708:	2800      	cmp	r0, #0
2000570a:	d003      	beq.n	20005714 <gpio_set_irq_callback+0x20>
2000570c:	4b09      	ldr	r3, [pc, #36]	@ (20005734 <gpio_set_irq_callback+0x40>)
2000570e:	00ad      	lsls	r5, r5, #2
20005710:	50ec      	str	r4, [r5, r3]
20005712:	bd70      	pop	{r4, r5, r6, pc}
20005714:	4908      	ldr	r1, [pc, #32]	@ (20005738 <gpio_set_irq_callback+0x44>)
20005716:	200d      	movs	r0, #13
20005718:	f000 fb00 	bl	20005d1c <irq_remove_handler>
2000571c:	e7f6      	b.n	2000570c <gpio_set_irq_callback+0x18>
2000571e:	2800      	cmp	r0, #0
20005720:	d0f7      	beq.n	20005712 <gpio_set_irq_callback+0x1e>
20005722:	4b04      	ldr	r3, [pc, #16]	@ (20005734 <gpio_set_irq_callback+0x40>)
20005724:	00ad      	lsls	r5, r5, #2
20005726:	50e8      	str	r0, [r5, r3]
20005728:	4903      	ldr	r1, [pc, #12]	@ (20005738 <gpio_set_irq_callback+0x44>)
2000572a:	2200      	movs	r2, #0
2000572c:	200d      	movs	r0, #13
2000572e:	f000 f9e9 	bl	20005b04 <irq_add_shared_handler>
20005732:	e7ee      	b.n	20005712 <gpio_set_irq_callback+0x1e>
20005734:	2000fdec 	.word	0x2000fdec
20005738:	20005559 	.word	0x20005559

2000573c <gpio_set_irq_enabled_with_callback>:
2000573c:	b5f8      	push	{r3, r4, r5, r6, r7, lr}
2000573e:	0005      	movs	r5, r0
20005740:	000e      	movs	r6, r1
20005742:	0014      	movs	r4, r2
20005744:	001f      	movs	r7, r3
20005746:	2a00      	cmp	r2, #0
20005748:	d10b      	bne.n	20005762 <gpio_set_irq_enabled_with_callback+0x26>
2000574a:	0022      	movs	r2, r4
2000574c:	0031      	movs	r1, r6
2000574e:	0028      	movs	r0, r5
20005750:	f7ff ffa8 	bl	200056a4 <gpio_set_irq_enabled>
20005754:	2c00      	cmp	r4, #0
20005756:	d008      	beq.n	2000576a <gpio_set_irq_enabled_with_callback+0x2e>
20005758:	2101      	movs	r1, #1
2000575a:	200d      	movs	r0, #13
2000575c:	f000 f986 	bl	20005a6c <irq_set_enabled>
20005760:	bdf8      	pop	{r3, r4, r5, r6, r7, pc}
20005762:	0018      	movs	r0, r3
20005764:	f7ff ffc6 	bl	200056f4 <gpio_set_irq_callback>
20005768:	e7ef      	b.n	2000574a <gpio_set_irq_enabled_with_callback+0xe>
2000576a:	0038      	movs	r0, r7
2000576c:	f7ff ffc2 	bl	200056f4 <gpio_set_irq_callback>
20005770:	e7f6      	b.n	20005760 <gpio_set_irq_enabled_with_callback+0x24>
	...

20005774 <gpio_set_input_enabled>:
20005774:	2900      	cmp	r1, #0
20005776:	d006      	beq.n	20005786 <gpio_set_input_enabled+0x12>
20005778:	0080      	lsls	r0, r0, #2
2000577a:	4b06      	ldr	r3, [pc, #24]	@ (20005794 <gpio_set_input_enabled+0x20>)
2000577c:	469c      	mov	ip, r3
2000577e:	4460      	add	r0, ip
20005780:	2340      	movs	r3, #64	@ 0x40
20005782:	6003      	str	r3, [r0, #0]
20005784:	4770      	bx	lr
20005786:	0080      	lsls	r0, r0, #2
20005788:	4b03      	ldr	r3, [pc, #12]	@ (20005798 <gpio_set_input_enabled+0x24>)
2000578a:	469c      	mov	ip, r3
2000578c:	4460      	add	r0, ip
2000578e:	2340      	movs	r3, #64	@ 0x40
20005790:	6003      	str	r3, [r0, #0]
20005792:	e7f7      	b.n	20005784 <gpio_set_input_enabled+0x10>
20005794:	4001e004 	.word	0x4001e004
20005798:	4001f004 	.word	0x4001f004

2000579c <gpio_init>:
2000579c:	b510      	push	{r4, lr}
2000579e:	2301      	movs	r3, #1
200057a0:	4083      	lsls	r3, r0
200057a2:	22d0      	movs	r2, #208	@ 0xd0
200057a4:	0612      	lsls	r2, r2, #24
200057a6:	6293      	str	r3, [r2, #40]	@ 0x28
200057a8:	6193      	str	r3, [r2, #24]
200057aa:	2105      	movs	r1, #5
200057ac:	f7ff ff46 	bl	2000563c <gpio_set_function>
200057b0:	bd10      	pop	{r4, pc}

200057b2 <gpio_deinit>:
200057b2:	b510      	push	{r4, lr}
200057b4:	211f      	movs	r1, #31
200057b6:	f7ff ff41 	bl	2000563c <gpio_set_function>
200057ba:	bd10      	pop	{r4, pc}

200057bc <panic>:
200057bc:	b40f      	push	{r0, r1, r2, r3}
200057be:	b500      	push	{lr}
200057c0:	b083      	sub	sp, #12
200057c2:	4808      	ldr	r0, [pc, #32]	@ (200057e4 <panic+0x28>)
200057c4:	f003 ffc7 	bl	20009756 <__wrap_puts>
200057c8:	9b04      	ldr	r3, [sp, #16]
200057ca:	2b00      	cmp	r3, #0
200057cc:	d007      	beq.n	200057de <panic+0x22>
200057ce:	a905      	add	r1, sp, #20
200057d0:	9101      	str	r1, [sp, #4]
200057d2:	0018      	movs	r0, r3
200057d4:	f003 ffce 	bl	20009774 <__wrap_vprintf>
200057d8:	4803      	ldr	r0, [pc, #12]	@ (200057e8 <panic+0x2c>)
200057da:	f003 ffbc 	bl	20009756 <__wrap_puts>
200057de:	2001      	movs	r0, #1
200057e0:	f003 fdfa 	bl	200093d8 <_exit>
200057e4:	2000cd40 	.word	0x2000cd40
200057e8:	2000d470 	.word	0x2000d470

200057ec <hw_claim_lock>:
200057ec:	f3ef 8010 	mrs	r0, PRIMASK
200057f0:	b672      	cpsid	i
200057f2:	4b03      	ldr	r3, [pc, #12]	@ (20005800 <hw_claim_lock+0x14>)
200057f4:	681b      	ldr	r3, [r3, #0]
200057f6:	2b00      	cmp	r3, #0
200057f8:	d0fb      	beq.n	200057f2 <hw_claim_lock+0x6>
200057fa:	f3bf 8f5f 	dmb	sy
200057fe:	4770      	bx	lr
20005800:	d000012c 	.word	0xd000012c

20005804 <hw_claim_unlock>:
20005804:	f3bf 8f5f 	dmb	sy
20005808:	4b02      	ldr	r3, [pc, #8]	@ (20005814 <hw_claim_unlock+0x10>)
2000580a:	2200      	movs	r2, #0
2000580c:	601a      	str	r2, [r3, #0]
2000580e:	f380 8810 	msr	PRIMASK, r0
20005812:	4770      	bx	lr
20005814:	d000012c 	.word	0xd000012c

20005818 <hw_is_claimed>:
20005818:	08cb      	lsrs	r3, r1, #3
2000581a:	5cc2      	ldrb	r2, [r0, r3]
2000581c:	2307      	movs	r3, #7
2000581e:	400b      	ands	r3, r1
20005820:	2001      	movs	r0, #1
20005822:	4098      	lsls	r0, r3
20005824:	4010      	ands	r0, r2
20005826:	1e43      	subs	r3, r0, #1
20005828:	4198      	sbcs	r0, r3
2000582a:	b2c0      	uxtb	r0, r0
2000582c:	4770      	bx	lr

2000582e <hw_claim_or_assert>:
2000582e:	b570      	push	{r4, r5, r6, lr}
20005830:	0005      	movs	r5, r0
20005832:	000c      	movs	r4, r1
20005834:	0016      	movs	r6, r2
20005836:	f7ff ffd9 	bl	200057ec <hw_claim_lock>
2000583a:	08e3      	lsrs	r3, r4, #3
2000583c:	18ea      	adds	r2, r5, r3
2000583e:	4694      	mov	ip, r2
20005840:	5ce9      	ldrb	r1, [r5, r3]
20005842:	2207      	movs	r2, #7
20005844:	4022      	ands	r2, r4
20005846:	2301      	movs	r3, #1
20005848:	4093      	lsls	r3, r2
2000584a:	420b      	tst	r3, r1
2000584c:	d106      	bne.n	2000585c <hw_claim_or_assert+0x2e>
2000584e:	b2db      	uxtb	r3, r3
20005850:	430b      	orrs	r3, r1
20005852:	4662      	mov	r2, ip
20005854:	7013      	strb	r3, [r2, #0]
20005856:	f7ff ffd5 	bl	20005804 <hw_claim_unlock>
2000585a:	bd70      	pop	{r4, r5, r6, pc}
2000585c:	0021      	movs	r1, r4
2000585e:	0030      	movs	r0, r6
20005860:	f7ff ffac 	bl	200057bc <panic>

20005864 <hw_claim_unused_from_range>:
20005864:	b5f0      	push	{r4, r5, r6, r7, lr}
20005866:	b083      	sub	sp, #12
20005868:	0005      	movs	r5, r0
2000586a:	9101      	str	r1, [sp, #4]
2000586c:	0014      	movs	r4, r2
2000586e:	001e      	movs	r6, r3
20005870:	f7ff ffbc 	bl	200057ec <hw_claim_lock>
20005874:	e000      	b.n	20005878 <hw_claim_unused_from_range+0x14>
20005876:	3401      	adds	r4, #1
20005878:	42b4      	cmp	r4, r6
2000587a:	d80c      	bhi.n	20005896 <hw_claim_unused_from_range+0x32>
2000587c:	08e3      	lsrs	r3, r4, #3
2000587e:	18ef      	adds	r7, r5, r3
20005880:	5ceb      	ldrb	r3, [r5, r3]
20005882:	2107      	movs	r1, #7
20005884:	4021      	ands	r1, r4
20005886:	2201      	movs	r2, #1
20005888:	408a      	lsls	r2, r1
2000588a:	421a      	tst	r2, r3
2000588c:	d1f3      	bne.n	20005876 <hw_claim_unused_from_range+0x12>
2000588e:	b2d2      	uxtb	r2, r2
20005890:	431a      	orrs	r2, r3
20005892:	703a      	strb	r2, [r7, #0]
20005894:	e001      	b.n	2000589a <hw_claim_unused_from_range+0x36>
20005896:	2401      	movs	r4, #1
20005898:	4264      	negs	r4, r4
2000589a:	f7ff ffb3 	bl	20005804 <hw_claim_unlock>
2000589e:	2c00      	cmp	r4, #0
200058a0:	db02      	blt.n	200058a8 <hw_claim_unused_from_range+0x44>
200058a2:	0020      	movs	r0, r4
200058a4:	b003      	add	sp, #12
200058a6:	bdf0      	pop	{r4, r5, r6, r7, pc}
200058a8:	9b01      	ldr	r3, [sp, #4]
200058aa:	2b00      	cmp	r3, #0
200058ac:	d0f9      	beq.n	200058a2 <hw_claim_unused_from_range+0x3e>
200058ae:	9808      	ldr	r0, [sp, #32]
200058b0:	f7ff ff84 	bl	200057bc <panic>

200058b4 <hw_claim_clear>:
200058b4:	b570      	push	{r4, r5, r6, lr}
200058b6:	0005      	movs	r5, r0
200058b8:	000c      	movs	r4, r1
200058ba:	f7ff ff97 	bl	200057ec <hw_claim_lock>
200058be:	08e3      	lsrs	r3, r4, #3
200058c0:	18ea      	adds	r2, r5, r3
200058c2:	4694      	mov	ip, r2
200058c4:	5cea      	ldrb	r2, [r5, r3]
200058c6:	2107      	movs	r1, #7
200058c8:	4021      	ands	r1, r4
200058ca:	2301      	movs	r3, #1
200058cc:	408b      	lsls	r3, r1
200058ce:	4213      	tst	r3, r2
200058d0:	d005      	beq.n	200058de <hw_claim_clear+0x2a>
200058d2:	439a      	bics	r2, r3
200058d4:	4663      	mov	r3, ip
200058d6:	701a      	strb	r2, [r3, #0]
200058d8:	f7ff ff94 	bl	20005804 <hw_claim_unlock>
200058dc:	bd70      	pop	{r4, r5, r6, pc}
200058de:	4b03      	ldr	r3, [pc, #12]	@ (200058ec <hw_claim_clear+0x38>)
200058e0:	4a03      	ldr	r2, [pc, #12]	@ (200058f0 <hw_claim_clear+0x3c>)
200058e2:	4804      	ldr	r0, [pc, #16]	@ (200058f4 <hw_claim_clear+0x40>)
200058e4:	2133      	movs	r1, #51	@ 0x33
200058e6:	f003 fdc1 	bl	2000946c <__assert_func>
200058ea:	46c0      	nop			@ (mov r8, r8)
200058ec:	2000cd50 	.word	0x2000cd50
200058f0:	2000d828 	.word	0x2000d828
200058f4:	2000cd70 	.word	0x2000cd70

200058f8 <next_striped_spin_lock_num>:
200058f8:	4a05      	ldr	r2, [pc, #20]	@ (20005910 <next_striped_spin_lock_num+0x18>)
200058fa:	7810      	ldrb	r0, [r2, #0]
200058fc:	1c43      	adds	r3, r0, #1
200058fe:	b2db      	uxtb	r3, r3
20005900:	7013      	strb	r3, [r2, #0]
20005902:	2b17      	cmp	r3, #23
20005904:	d902      	bls.n	2000590c <next_striped_spin_lock_num+0x14>
20005906:	0013      	movs	r3, r2
20005908:	2210      	movs	r2, #16
2000590a:	701a      	strb	r2, [r3, #0]
2000590c:	4770      	bx	lr
2000590e:	46c0      	nop			@ (mov r8, r8)
20005910:	2000dafc 	.word	0x2000dafc

20005914 <spin_locks_reset>:
20005914:	2300      	movs	r3, #0
20005916:	e007      	b.n	20005928 <spin_locks_reset+0x14>
20005918:	4a05      	ldr	r2, [pc, #20]	@ (20005930 <spin_locks_reset+0x1c>)
2000591a:	189a      	adds	r2, r3, r2
2000591c:	0092      	lsls	r2, r2, #2
2000591e:	f3bf 8f5f 	dmb	sy
20005922:	2100      	movs	r1, #0
20005924:	6011      	str	r1, [r2, #0]
20005926:	3301      	adds	r3, #1
20005928:	2b1f      	cmp	r3, #31
2000592a:	d9f5      	bls.n	20005918 <spin_locks_reset+0x4>
2000592c:	4770      	bx	lr
2000592e:	46c0      	nop			@ (mov r8, r8)
20005930:	34000040 	.word	0x34000040

20005934 <set_raw_irq_handler_and_unlock>:
20005934:	4b07      	ldr	r3, [pc, #28]	@ (20005954 <set_raw_irq_handler_and_unlock+0x20>)
20005936:	689b      	ldr	r3, [r3, #8]
20005938:	3010      	adds	r0, #16
2000593a:	0080      	lsls	r0, r0, #2
2000593c:	5019      	str	r1, [r3, r0]
2000593e:	f3bf 8f5f 	dmb	sy
20005942:	f3bf 8f5f 	dmb	sy
20005946:	4b04      	ldr	r3, [pc, #16]	@ (20005958 <set_raw_irq_handler_and_unlock+0x24>)
20005948:	2100      	movs	r1, #0
2000594a:	6019      	str	r1, [r3, #0]
2000594c:	f382 8810 	msr	PRIMASK, r2
20005950:	4770      	bx	lr
20005952:	46c0      	nop			@ (mov r8, r8)
20005954:	e000ed00 	.word	0xe000ed00
20005958:	d0000124 	.word	0xd0000124

2000595c <nvic_ipr0>:
2000595c:	4800      	ldr	r0, [pc, #0]	@ (20005960 <nvic_ipr0+0x4>)
2000595e:	4770      	bx	lr
20005960:	e000e400 	.word	0xe000e400

20005964 <runtime_init_per_core_irq_priorities>:
20005964:	b510      	push	{r4, lr}
20005966:	f7ff fff9 	bl	2000595c <nvic_ipr0>
2000596a:	2300      	movs	r3, #0
2000596c:	e002      	b.n	20005974 <runtime_init_per_core_irq_priorities+0x10>
2000596e:	4a03      	ldr	r2, [pc, #12]	@ (2000597c <runtime_init_per_core_irq_priorities+0x18>)
20005970:	c004      	stmia	r0!, {r2}
20005972:	3301      	adds	r3, #1
20005974:	2b07      	cmp	r3, #7
20005976:	d9fa      	bls.n	2000596e <runtime_init_per_core_irq_priorities+0xa>
20005978:	bd10      	pop	{r4, pc}
2000597a:	46c0      	nop			@ (mov r8, r8)
2000597c:	80808080 	.word	0x80808080

20005980 <resolve_j_16>:
20005980:	b510      	push	{r4, lr}
20005982:	8803      	ldrh	r3, [r0, #0]
20005984:	0ada      	lsrs	r2, r3, #11
20005986:	2a1c      	cmp	r2, #28
20005988:	d105      	bne.n	20005996 <resolve_j_16+0x16>
2000598a:	055b      	lsls	r3, r3, #21
2000598c:	155b      	asrs	r3, r3, #21
2000598e:	3302      	adds	r3, #2
20005990:	005b      	lsls	r3, r3, #1
20005992:	18c0      	adds	r0, r0, r3
20005994:	bd10      	pop	{r4, pc}
20005996:	4b03      	ldr	r3, [pc, #12]	@ (200059a4 <resolve_j_16+0x24>)
20005998:	4a03      	ldr	r2, [pc, #12]	@ (200059a8 <resolve_j_16+0x28>)
2000599a:	2134      	movs	r1, #52	@ 0x34
2000599c:	4803      	ldr	r0, [pc, #12]	@ (200059ac <resolve_j_16+0x2c>)
2000599e:	31ff      	adds	r1, #255	@ 0xff
200059a0:	f003 fd64 	bl	2000946c <__assert_func>
200059a4:	2000cdb8 	.word	0x2000cdb8
200059a8:	2000d884 	.word	0x2000d884
200059ac:	2000cdd0 	.word	0x2000cdd0

200059b0 <make_j_16>:
200059b0:	b510      	push	{r4, lr}
200059b2:	1a09      	subs	r1, r1, r0
200059b4:	1f0b      	subs	r3, r1, #4
200059b6:	4a0a      	ldr	r2, [pc, #40]	@ (200059e0 <make_j_16+0x30>)
200059b8:	1888      	adds	r0, r1, r2
200059ba:	4a0a      	ldr	r2, [pc, #40]	@ (200059e4 <make_j_16+0x34>)
200059bc:	4290      	cmp	r0, r2
200059be:	d808      	bhi.n	200059d2 <make_j_16+0x22>
200059c0:	07c9      	lsls	r1, r1, #31
200059c2:	d406      	bmi.n	200059d2 <make_j_16+0x22>
200059c4:	105b      	asrs	r3, r3, #1
200059c6:	055b      	lsls	r3, r3, #21
200059c8:	0d5b      	lsrs	r3, r3, #21
200059ca:	4807      	ldr	r0, [pc, #28]	@ (200059e8 <make_j_16+0x38>)
200059cc:	4318      	orrs	r0, r3
200059ce:	b280      	uxth	r0, r0
200059d0:	bd10      	pop	{r4, pc}
200059d2:	4b06      	ldr	r3, [pc, #24]	@ (200059ec <make_j_16+0x3c>)
200059d4:	4a06      	ldr	r2, [pc, #24]	@ (200059f0 <make_j_16+0x40>)
200059d6:	2126      	movs	r1, #38	@ 0x26
200059d8:	4806      	ldr	r0, [pc, #24]	@ (200059f4 <make_j_16+0x44>)
200059da:	31ff      	adds	r1, #255	@ 0xff
200059dc:	f003 fd46 	bl	2000946c <__assert_func>
200059e0:	000007fc 	.word	0x000007fc
200059e4:	00000ffe 	.word	0x00000ffe
200059e8:	ffffe000 	.word	0xffffe000
200059ec:	2000ce18 	.word	0x2000ce18
200059f0:	2000d878 	.word	0x2000d878
200059f4:	2000cdd0 	.word	0x2000cdd0

200059f8 <insert_bl_32>:
200059f8:	b510      	push	{r4, lr}
200059fa:	1a09      	subs	r1, r1, r0
200059fc:	3904      	subs	r1, #4
200059fe:	084a      	lsrs	r2, r1, #1
20005a00:	0b09      	lsrs	r1, r1, #12
20005a02:	d108      	bne.n	20005a16 <insert_bl_32+0x1e>
20005a04:	0549      	lsls	r1, r1, #21
20005a06:	0d49      	lsrs	r1, r1, #21
20005a08:	4b06      	ldr	r3, [pc, #24]	@ (20005a24 <insert_bl_32+0x2c>)
20005a0a:	430b      	orrs	r3, r1
20005a0c:	8003      	strh	r3, [r0, #0]
20005a0e:	4b06      	ldr	r3, [pc, #24]	@ (20005a28 <insert_bl_32+0x30>)
20005a10:	4313      	orrs	r3, r2
20005a12:	8043      	strh	r3, [r0, #2]
20005a14:	bd10      	pop	{r4, pc}
20005a16:	4b05      	ldr	r3, [pc, #20]	@ (20005a2c <insert_bl_32+0x34>)
20005a18:	4a05      	ldr	r2, [pc, #20]	@ (20005a30 <insert_bl_32+0x38>)
20005a1a:	212e      	movs	r1, #46	@ 0x2e
20005a1c:	4805      	ldr	r0, [pc, #20]	@ (20005a34 <insert_bl_32+0x3c>)
20005a1e:	31ff      	adds	r1, #255	@ 0xff
20005a20:	f003 fd24 	bl	2000946c <__assert_func>
20005a24:	fffff000 	.word	0xfffff000
20005a28:	fffff800 	.word	0xfffff800
20005a2c:	2000ce48 	.word	0x2000ce48
20005a30:	2000d854 	.word	0x2000d854
20005a34:	2000cdd0 	.word	0x2000cdd0

20005a38 <irq_is_enabled>:
20005a38:	2301      	movs	r3, #1
20005a3a:	4083      	lsls	r3, r0
20005a3c:	4a03      	ldr	r2, [pc, #12]	@ (20005a4c <irq_is_enabled+0x14>)
20005a3e:	6810      	ldr	r0, [r2, #0]
20005a40:	4018      	ands	r0, r3
20005a42:	1e43      	subs	r3, r0, #1
20005a44:	4198      	sbcs	r0, r3
20005a46:	b2c0      	uxtb	r0, r0
20005a48:	4770      	bx	lr
20005a4a:	46c0      	nop			@ (mov r8, r8)
20005a4c:	e000e100 	.word	0xe000e100

20005a50 <irq_set_mask_n_enabled>:
20005a50:	2a00      	cmp	r2, #0
20005a52:	d005      	beq.n	20005a60 <irq_set_mask_n_enabled+0x10>
20005a54:	4b04      	ldr	r3, [pc, #16]	@ (20005a68 <irq_set_mask_n_enabled+0x18>)
20005a56:	22c0      	movs	r2, #192	@ 0xc0
20005a58:	0052      	lsls	r2, r2, #1
20005a5a:	5099      	str	r1, [r3, r2]
20005a5c:	6019      	str	r1, [r3, #0]
20005a5e:	4770      	bx	lr
20005a60:	4a01      	ldr	r2, [pc, #4]	@ (20005a68 <irq_set_mask_n_enabled+0x18>)
20005a62:	2380      	movs	r3, #128	@ 0x80
20005a64:	50d1      	str	r1, [r2, r3]
20005a66:	e7fa      	b.n	20005a5e <irq_set_mask_n_enabled+0xe>
20005a68:	e000e100 	.word	0xe000e100

20005a6c <irq_set_enabled>:
20005a6c:	b510      	push	{r4, lr}
20005a6e:	000a      	movs	r2, r1
20005a70:	231f      	movs	r3, #31
20005a72:	4003      	ands	r3, r0
20005a74:	2101      	movs	r1, #1
20005a76:	4099      	lsls	r1, r3
20005a78:	0940      	lsrs	r0, r0, #5
20005a7a:	f7ff ffe9 	bl	20005a50 <irq_set_mask_n_enabled>
20005a7e:	bd10      	pop	{r4, pc}

20005a80 <irq_get_vtable_handler>:
20005a80:	4b02      	ldr	r3, [pc, #8]	@ (20005a8c <irq_get_vtable_handler+0xc>)
20005a82:	689b      	ldr	r3, [r3, #8]
20005a84:	3010      	adds	r0, #16
20005a86:	0080      	lsls	r0, r0, #2
20005a88:	58c0      	ldr	r0, [r0, r3]
20005a8a:	4770      	bx	lr
20005a8c:	e000ed00 	.word	0xe000ed00

20005a90 <irq_has_handler>:
20005a90:	b510      	push	{r4, lr}
20005a92:	f7ff fff5 	bl	20005a80 <irq_get_vtable_handler>
20005a96:	2800      	cmp	r0, #0
20005a98:	d003      	beq.n	20005aa2 <irq_has_handler+0x12>
20005a9a:	4b03      	ldr	r3, [pc, #12]	@ (20005aa8 <irq_has_handler+0x18>)
20005a9c:	4298      	cmp	r0, r3
20005a9e:	d001      	beq.n	20005aa4 <irq_has_handler+0x14>
20005aa0:	2001      	movs	r0, #1
20005aa2:	bd10      	pop	{r4, pc}
20005aa4:	2000      	movs	r0, #0
20005aa6:	e7fc      	b.n	20005aa2 <irq_has_handler+0x12>
20005aa8:	100001c1 	.word	0x100001c1

20005aac <irq_set_exclusive_handler>:
20005aac:	b570      	push	{r4, r5, r6, lr}
20005aae:	0005      	movs	r5, r0
20005ab0:	000e      	movs	r6, r1
20005ab2:	f3ef 8410 	mrs	r4, PRIMASK
20005ab6:	b672      	cpsid	i
20005ab8:	4b0d      	ldr	r3, [pc, #52]	@ (20005af0 <irq_set_exclusive_handler+0x44>)
20005aba:	681b      	ldr	r3, [r3, #0]
20005abc:	2b00      	cmp	r3, #0
20005abe:	d0fb      	beq.n	20005ab8 <irq_set_exclusive_handler+0xc>
20005ac0:	f3bf 8f5f 	dmb	sy
20005ac4:	0028      	movs	r0, r5
20005ac6:	f7ff ffdb 	bl	20005a80 <irq_get_vtable_handler>
20005aca:	4b0a      	ldr	r3, [pc, #40]	@ (20005af4 <irq_set_exclusive_handler+0x48>)
20005acc:	4298      	cmp	r0, r3
20005ace:	d001      	beq.n	20005ad4 <irq_set_exclusive_handler+0x28>
20005ad0:	42b0      	cmp	r0, r6
20005ad2:	d105      	bne.n	20005ae0 <irq_set_exclusive_handler+0x34>
20005ad4:	0022      	movs	r2, r4
20005ad6:	0031      	movs	r1, r6
20005ad8:	0028      	movs	r0, r5
20005ada:	f7ff ff2b 	bl	20005934 <set_raw_irq_handler_and_unlock>
20005ade:	bd70      	pop	{r4, r5, r6, pc}
20005ae0:	4b05      	ldr	r3, [pc, #20]	@ (20005af8 <irq_set_exclusive_handler+0x4c>)
20005ae2:	4a06      	ldr	r2, [pc, #24]	@ (20005afc <irq_set_exclusive_handler+0x50>)
20005ae4:	2182      	movs	r1, #130	@ 0x82
20005ae6:	4806      	ldr	r0, [pc, #24]	@ (20005b00 <irq_set_exclusive_handler+0x54>)
20005ae8:	0049      	lsls	r1, r1, #1
20005aea:	f003 fcbf 	bl	2000946c <__assert_func>
20005aee:	46c0      	nop			@ (mov r8, r8)
20005af0:	d0000124 	.word	0xd0000124
20005af4:	100001c1 	.word	0x100001c1
20005af8:	2000ce58 	.word	0x2000ce58
20005afc:	2000d8ac 	.word	0x2000d8ac
20005b00:	2000cdd0 	.word	0x2000cdd0

20005b04 <irq_add_shared_handler>:
20005b04:	b5f0      	push	{r4, r5, r6, r7, lr}
20005b06:	46de      	mov	lr, fp
20005b08:	4657      	mov	r7, sl
20005b0a:	464e      	mov	r6, r9
20005b0c:	4645      	mov	r5, r8
20005b0e:	b5e0      	push	{r5, r6, r7, lr}
20005b10:	b089      	sub	sp, #36	@ 0x24
20005b12:	4681      	mov	r9, r0
20005b14:	9101      	str	r1, [sp, #4]
20005b16:	0015      	movs	r5, r2
20005b18:	f3ef 8310 	mrs	r3, PRIMASK
20005b1c:	b672      	cpsid	i
20005b1e:	469a      	mov	sl, r3
20005b20:	4b6e      	ldr	r3, [pc, #440]	@ (20005cdc <irq_add_shared_handler+0x1d8>)
20005b22:	681b      	ldr	r3, [r3, #0]
20005b24:	2b00      	cmp	r3, #0
20005b26:	d0fb      	beq.n	20005b20 <irq_add_shared_handler+0x1c>
20005b28:	f3bf 8f5f 	dmb	sy
20005b2c:	4b6c      	ldr	r3, [pc, #432]	@ (20005ce0 <irq_add_shared_handler+0x1dc>)
20005b2e:	2600      	movs	r6, #0
20005b30:	579e      	ldrsb	r6, [r3, r6]
20005b32:	2e00      	cmp	r6, #0
20005b34:	db40      	blt.n	20005bb8 <irq_add_shared_handler+0xb4>
20005b36:	0074      	lsls	r4, r6, #1
20005b38:	19a4      	adds	r4, r4, r6
20005b3a:	00a4      	lsls	r4, r4, #2
20005b3c:	4869      	ldr	r0, [pc, #420]	@ (20005ce4 <irq_add_shared_handler+0x1e0>)
20005b3e:	1823      	adds	r3, r4, r0
20005b40:	469b      	mov	fp, r3
20005b42:	2206      	movs	r2, #6
20005b44:	569a      	ldrsb	r2, [r3, r2]
20005b46:	4b66      	ldr	r3, [pc, #408]	@ (20005ce0 <irq_add_shared_handler+0x1dc>)
20005b48:	701a      	strb	r2, [r3, #0]
20005b4a:	4b67      	ldr	r3, [pc, #412]	@ (20005ce8 <irq_add_shared_handler+0x1e4>)
20005b4c:	689a      	ldr	r2, [r3, #8]
20005b4e:	464b      	mov	r3, r9
20005b50:	3310      	adds	r3, #16
20005b52:	009b      	lsls	r3, r3, #2
20005b54:	58d7      	ldr	r7, [r2, r3]
20005b56:	1a3b      	subs	r3, r7, r0
20005b58:	2b2f      	cmp	r3, #47	@ 0x2f
20005b5a:	d93b      	bls.n	20005bd4 <irq_add_shared_handler+0xd0>
20005b5c:	4b63      	ldr	r3, [pc, #396]	@ (20005cec <irq_add_shared_handler+0x1e8>)
20005b5e:	429f      	cmp	r7, r3
20005b60:	d131      	bne.n	20005bc6 <irq_add_shared_handler+0xc2>
20005b62:	af05      	add	r7, sp, #20
20005b64:	4b62      	ldr	r3, [pc, #392]	@ (20005cf0 <irq_add_shared_handler+0x1ec>)
20005b66:	803b      	strh	r3, [r7, #0]
20005b68:	4962      	ldr	r1, [pc, #392]	@ (20005cf4 <irq_add_shared_handler+0x1f0>)
20005b6a:	0073      	lsls	r3, r6, #1
20005b6c:	9302      	str	r3, [sp, #8]
20005b6e:	1998      	adds	r0, r3, r6
20005b70:	0080      	lsls	r0, r0, #2
20005b72:	4c5c      	ldr	r4, [pc, #368]	@ (20005ce4 <irq_add_shared_handler+0x1e0>)
20005b74:	1900      	adds	r0, r0, r4
20005b76:	3002      	adds	r0, #2
20005b78:	f7ff ff1a 	bl	200059b0 <make_j_16>
20005b7c:	8078      	strh	r0, [r7, #2]
20005b7e:	4b5e      	ldr	r3, [pc, #376]	@ (20005cf8 <irq_add_shared_handler+0x1f4>)
20005b80:	80bb      	strh	r3, [r7, #4]
20005b82:	23ff      	movs	r3, #255	@ 0xff
20005b84:	71bb      	strb	r3, [r7, #6]
20005b86:	71fd      	strb	r5, [r7, #7]
20005b88:	9a01      	ldr	r2, [sp, #4]
20005b8a:	9207      	str	r2, [sp, #28]
20005b8c:	9b02      	ldr	r3, [sp, #8]
20005b8e:	199b      	adds	r3, r3, r6
20005b90:	009b      	lsls	r3, r3, #2
20005b92:	18e3      	adds	r3, r4, r3
20005b94:	cf07      	ldmia	r7!, {r0, r1, r2}
20005b96:	c307      	stmia	r3!, {r0, r1, r2}
20005b98:	2701      	movs	r7, #1
20005b9a:	465b      	mov	r3, fp
20005b9c:	433b      	orrs	r3, r7
20005b9e:	001f      	movs	r7, r3
20005ba0:	4652      	mov	r2, sl
20005ba2:	0039      	movs	r1, r7
20005ba4:	4648      	mov	r0, r9
20005ba6:	f7ff fec5 	bl	20005934 <set_raw_irq_handler_and_unlock>
20005baa:	b009      	add	sp, #36	@ 0x24
20005bac:	bcf0      	pop	{r4, r5, r6, r7}
20005bae:	46bb      	mov	fp, r7
20005bb0:	46b2      	mov	sl, r6
20005bb2:	46a9      	mov	r9, r5
20005bb4:	46a0      	mov	r8, r4
20005bb6:	bdf0      	pop	{r4, r5, r6, r7, pc}
20005bb8:	4b50      	ldr	r3, [pc, #320]	@ (20005cfc <irq_add_shared_handler+0x1f8>)
20005bba:	4a51      	ldr	r2, [pc, #324]	@ (20005d00 <irq_add_shared_handler+0x1fc>)
20005bbc:	2194      	movs	r1, #148	@ 0x94
20005bbe:	4851      	ldr	r0, [pc, #324]	@ (20005d04 <irq_add_shared_handler+0x200>)
20005bc0:	31ff      	adds	r1, #255	@ 0xff
20005bc2:	f003 fc53 	bl	2000946c <__assert_func>
20005bc6:	4b50      	ldr	r3, [pc, #320]	@ (20005d08 <irq_add_shared_handler+0x204>)
20005bc8:	4a4d      	ldr	r2, [pc, #308]	@ (20005d00 <irq_add_shared_handler+0x1fc>)
20005bca:	21cd      	movs	r1, #205	@ 0xcd
20005bcc:	484d      	ldr	r0, [pc, #308]	@ (20005d04 <irq_add_shared_handler+0x200>)
20005bce:	0049      	lsls	r1, r1, #1
20005bd0:	f003 fc4c 	bl	2000946c <__assert_func>
20005bd4:	2301      	movs	r3, #1
20005bd6:	003a      	movs	r2, r7
20005bd8:	439a      	bics	r2, r3
20005bda:	4690      	mov	r8, r2
20005bdc:	1a10      	subs	r0, r2, r0
20005bde:	210c      	movs	r1, #12
20005be0:	f001 fb58 	bl	20007294 <__wrap___aeabi_uidiv>
20005be4:	2900      	cmp	r1, #0
20005be6:	d10f      	bne.n	20005c08 <irq_add_shared_handler+0x104>
20005be8:	4643      	mov	r3, r8
20005bea:	2400      	movs	r4, #0
20005bec:	79da      	ldrb	r2, [r3, #7]
20005bee:	42aa      	cmp	r2, r5
20005bf0:	d912      	bls.n	20005c18 <irq_add_shared_handler+0x114>
20005bf2:	2106      	movs	r1, #6
20005bf4:	5659      	ldrsb	r1, [r3, r1]
20005bf6:	2900      	cmp	r1, #0
20005bf8:	db0d      	blt.n	20005c16 <irq_add_shared_handler+0x112>
20005bfa:	004a      	lsls	r2, r1, #1
20005bfc:	1852      	adds	r2, r2, r1
20005bfe:	0092      	lsls	r2, r2, #2
20005c00:	4938      	ldr	r1, [pc, #224]	@ (20005ce4 <irq_add_shared_handler+0x1e0>)
20005c02:	001c      	movs	r4, r3
20005c04:	188b      	adds	r3, r1, r2
20005c06:	e7f1      	b.n	20005bec <irq_add_shared_handler+0xe8>
20005c08:	4b40      	ldr	r3, [pc, #256]	@ (20005d0c <irq_add_shared_handler+0x208>)
20005c0a:	4a3d      	ldr	r2, [pc, #244]	@ (20005d00 <irq_add_shared_handler+0x1fc>)
20005c0c:	21ac      	movs	r1, #172	@ 0xac
20005c0e:	483d      	ldr	r0, [pc, #244]	@ (20005d04 <irq_add_shared_handler+0x200>)
20005c10:	31ff      	adds	r1, #255	@ 0xff
20005c12:	f003 fc2b 	bl	2000946c <__assert_func>
20005c16:	001c      	movs	r4, r3
20005c18:	2c00      	cmp	r4, #0
20005c1a:	d02d      	beq.n	20005c78 <irq_add_shared_handler+0x174>
20005c1c:	ab05      	add	r3, sp, #20
20005c1e:	4a3c      	ldr	r2, [pc, #240]	@ (20005d10 <irq_add_shared_handler+0x20c>)
20005c20:	801a      	strh	r2, [r3, #0]
20005c22:	3a81      	subs	r2, #129	@ 0x81
20005c24:	805a      	strh	r2, [r3, #2]
20005c26:	2306      	movs	r3, #6
20005c28:	56e3      	ldrsb	r3, [r4, r3]
20005c2a:	4698      	mov	r8, r3
20005c2c:	2b00      	cmp	r3, #0
20005c2e:	da16      	bge.n	20005c5e <irq_add_shared_handler+0x15a>
20005c30:	4838      	ldr	r0, [pc, #224]	@ (20005d14 <irq_add_shared_handler+0x210>)
20005c32:	ab04      	add	r3, sp, #16
20005c34:	8118      	strh	r0, [r3, #8]
20005c36:	4642      	mov	r2, r8
20005c38:	729a      	strb	r2, [r3, #10]
20005c3a:	72dd      	strb	r5, [r3, #11]
20005c3c:	9b01      	ldr	r3, [sp, #4]
20005c3e:	9307      	str	r3, [sp, #28]
20005c40:	1d20      	adds	r0, r4, #4
20005c42:	4659      	mov	r1, fp
20005c44:	f7ff feb4 	bl	200059b0 <make_j_16>
20005c48:	80a0      	strh	r0, [r4, #4]
20005c4a:	71a6      	strb	r6, [r4, #6]
20005c4c:	4b25      	ldr	r3, [pc, #148]	@ (20005ce4 <irq_add_shared_handler+0x1e0>)
20005c4e:	0072      	lsls	r2, r6, #1
20005c50:	1992      	adds	r2, r2, r6
20005c52:	0092      	lsls	r2, r2, #2
20005c54:	189b      	adds	r3, r3, r2
20005c56:	aa05      	add	r2, sp, #20
20005c58:	ca13      	ldmia	r2!, {r0, r1, r4}
20005c5a:	c313      	stmia	r3!, {r0, r1, r4}
20005c5c:	e7a0      	b.n	20005ba0 <irq_add_shared_handler+0x9c>
20005c5e:	1d20      	adds	r0, r4, #4
20005c60:	f7ff fe8e 	bl	20005980 <resolve_j_16>
20005c64:	0001      	movs	r1, r0
20005c66:	0070      	lsls	r0, r6, #1
20005c68:	1980      	adds	r0, r0, r6
20005c6a:	0080      	lsls	r0, r0, #2
20005c6c:	4b1d      	ldr	r3, [pc, #116]	@ (20005ce4 <irq_add_shared_handler+0x1e0>)
20005c6e:	18c0      	adds	r0, r0, r3
20005c70:	3004      	adds	r0, #4
20005c72:	f7ff fe9d 	bl	200059b0 <make_j_16>
20005c76:	e7dc      	b.n	20005c32 <irq_add_shared_handler+0x12e>
20005c78:	af05      	add	r7, sp, #20
20005c7a:	4b1d      	ldr	r3, [pc, #116]	@ (20005cf0 <irq_add_shared_handler+0x1ec>)
20005c7c:	803b      	strh	r3, [r7, #0]
20005c7e:	491d      	ldr	r1, [pc, #116]	@ (20005cf4 <irq_add_shared_handler+0x1f0>)
20005c80:	0073      	lsls	r3, r6, #1
20005c82:	9302      	str	r3, [sp, #8]
20005c84:	199b      	adds	r3, r3, r6
20005c86:	009b      	lsls	r3, r3, #2
20005c88:	4c16      	ldr	r4, [pc, #88]	@ (20005ce4 <irq_add_shared_handler+0x1e0>)
20005c8a:	0018      	movs	r0, r3
20005c8c:	46a4      	mov	ip, r4
20005c8e:	4460      	add	r0, ip
20005c90:	9003      	str	r0, [sp, #12]
20005c92:	3002      	adds	r0, #2
20005c94:	f7ff fe8c 	bl	200059b0 <make_j_16>
20005c98:	8078      	strh	r0, [r7, #2]
20005c9a:	9a03      	ldr	r2, [sp, #12]
20005c9c:	1d10      	adds	r0, r2, #4
20005c9e:	4641      	mov	r1, r8
20005ca0:	f7ff fe86 	bl	200059b0 <make_j_16>
20005ca4:	80b8      	strh	r0, [r7, #4]
20005ca6:	4b1c      	ldr	r3, [pc, #112]	@ (20005d18 <irq_add_shared_handler+0x214>)
20005ca8:	4642      	mov	r2, r8
20005caa:	1b12      	subs	r2, r2, r4
20005cac:	4152      	adcs	r2, r2
20005cae:	4353      	muls	r3, r2
20005cb0:	0d1b      	lsrs	r3, r3, #20
20005cb2:	71bb      	strb	r3, [r7, #6]
20005cb4:	71fd      	strb	r5, [r7, #7]
20005cb6:	9901      	ldr	r1, [sp, #4]
20005cb8:	9107      	str	r1, [sp, #28]
20005cba:	9b02      	ldr	r3, [sp, #8]
20005cbc:	199b      	adds	r3, r3, r6
20005cbe:	009b      	lsls	r3, r3, #2
20005cc0:	46a4      	mov	ip, r4
20005cc2:	4463      	add	r3, ip
20005cc4:	cf07      	ldmia	r7!, {r0, r1, r2}
20005cc6:	c307      	stmia	r3!, {r0, r1, r2}
20005cc8:	4b11      	ldr	r3, [pc, #68]	@ (20005d10 <irq_add_shared_handler+0x20c>)
20005cca:	4642      	mov	r2, r8
20005ccc:	8013      	strh	r3, [r2, #0]
20005cce:	3b81      	subs	r3, #129	@ 0x81
20005cd0:	8053      	strh	r3, [r2, #2]
20005cd2:	2701      	movs	r7, #1
20005cd4:	465b      	mov	r3, fp
20005cd6:	433b      	orrs	r3, r7
20005cd8:	001f      	movs	r7, r3
20005cda:	e761      	b.n	20005ba0 <irq_add_shared_handler+0x9c>
20005cdc:	d0000124 	.word	0xd0000124
20005ce0:	200309a1 	.word	0x200309a1
20005ce4:	2000db00 	.word	0x2000db00
20005ce8:	e000ed00 	.word	0xe000ed00
20005cec:	100001c1 	.word	0x100001c1
20005cf0:	ffffa100 	.word	0xffffa100
20005cf4:	2000db30 	.word	0x2000db30
20005cf8:	ffffbd01 	.word	0xffffbd01
20005cfc:	2000ce90 	.word	0x2000ce90
20005d00:	2000d894 	.word	0x2000d894
20005d04:	2000cdd0 	.word	0x2000cdd0
20005d08:	2000ceb8 	.word	0x2000ceb8
20005d0c:	2000cee0 	.word	0x2000cee0
20005d10:	00004801 	.word	0x00004801
20005d14:	0000bd01 	.word	0x0000bd01
20005d18:	0000aaaa 	.word	0x0000aaaa

20005d1c <irq_remove_handler>:
20005d1c:	b5f0      	push	{r4, r5, r6, r7, lr}
20005d1e:	46ce      	mov	lr, r9
20005d20:	4647      	mov	r7, r8
20005d22:	b580      	push	{r7, lr}
20005d24:	b083      	sub	sp, #12
20005d26:	4680      	mov	r8, r0
20005d28:	000c      	movs	r4, r1
20005d2a:	f3ef 8710 	mrs	r7, PRIMASK
20005d2e:	b672      	cpsid	i
20005d30:	4b4e      	ldr	r3, [pc, #312]	@ (20005e6c <irq_remove_handler+0x150>)
20005d32:	681b      	ldr	r3, [r3, #0]
20005d34:	2b00      	cmp	r3, #0
20005d36:	d0fb      	beq.n	20005d30 <irq_remove_handler+0x14>
20005d38:	f3bf 8f5f 	dmb	sy
20005d3c:	4b4c      	ldr	r3, [pc, #304]	@ (20005e70 <irq_remove_handler+0x154>)
20005d3e:	689a      	ldr	r2, [r3, #8]
20005d40:	4645      	mov	r5, r8
20005d42:	3510      	adds	r5, #16
20005d44:	00ab      	lsls	r3, r5, #2
20005d46:	58d6      	ldr	r6, [r2, r3]
20005d48:	4b4a      	ldr	r3, [pc, #296]	@ (20005e74 <irq_remove_handler+0x158>)
20005d4a:	429e      	cmp	r6, r3
20005d4c:	d007      	beq.n	20005d5e <irq_remove_handler+0x42>
20005d4e:	42a6      	cmp	r6, r4
20005d50:	d100      	bne.n	20005d54 <irq_remove_handler+0x38>
20005d52:	e089      	b.n	20005e68 <irq_remove_handler+0x14c>
20005d54:	9601      	str	r6, [sp, #4]
20005d56:	4b48      	ldr	r3, [pc, #288]	@ (20005e78 <irq_remove_handler+0x15c>)
20005d58:	1af3      	subs	r3, r6, r3
20005d5a:	2b2f      	cmp	r3, #47	@ 0x2f
20005d5c:	d909      	bls.n	20005d72 <irq_remove_handler+0x56>
20005d5e:	003a      	movs	r2, r7
20005d60:	0031      	movs	r1, r6
20005d62:	4640      	mov	r0, r8
20005d64:	f7ff fde6 	bl	20005934 <set_raw_irq_handler_and_unlock>
20005d68:	b003      	add	sp, #12
20005d6a:	bcc0      	pop	{r6, r7}
20005d6c:	46b9      	mov	r9, r7
20005d6e:	46b0      	mov	r8, r6
20005d70:	bdf0      	pop	{r4, r5, r6, r7, pc}
20005d72:	4640      	mov	r0, r8
20005d74:	f7ff fe60 	bl	20005a38 <irq_is_enabled>
20005d78:	4681      	mov	r9, r0
20005d7a:	2100      	movs	r1, #0
20005d7c:	4640      	mov	r0, r8
20005d7e:	f7ff fe75 	bl	20005a6c <irq_set_enabled>
20005d82:	f3bf 8f5f 	dmb	sy
20005d86:	f3ef 8105 	mrs	r1, IPSR
20005d8a:	2900      	cmp	r1, #0
20005d8c:	d001      	beq.n	20005d92 <irq_remove_handler+0x76>
20005d8e:	428d      	cmp	r5, r1
20005d90:	d111      	bne.n	20005db6 <irq_remove_handler+0x9a>
20005d92:	2301      	movs	r3, #1
20005d94:	9d01      	ldr	r5, [sp, #4]
20005d96:	439d      	bics	r5, r3
20005d98:	2000      	movs	r0, #0
20005d9a:	68ab      	ldr	r3, [r5, #8]
20005d9c:	429c      	cmp	r4, r3
20005d9e:	d011      	beq.n	20005dc4 <irq_remove_handler+0xa8>
20005da0:	2206      	movs	r2, #6
20005da2:	56aa      	ldrsb	r2, [r5, r2]
20005da4:	2a00      	cmp	r2, #0
20005da6:	db0c      	blt.n	20005dc2 <irq_remove_handler+0xa6>
20005da8:	0053      	lsls	r3, r2, #1
20005daa:	189b      	adds	r3, r3, r2
20005dac:	009b      	lsls	r3, r3, #2
20005dae:	4a32      	ldr	r2, [pc, #200]	@ (20005e78 <irq_remove_handler+0x15c>)
20005db0:	0028      	movs	r0, r5
20005db2:	18d5      	adds	r5, r2, r3
20005db4:	e7f1      	b.n	20005d9a <irq_remove_handler+0x7e>
20005db6:	4b31      	ldr	r3, [pc, #196]	@ (20005e7c <irq_remove_handler+0x160>)
20005db8:	4a31      	ldr	r2, [pc, #196]	@ (20005e80 <irq_remove_handler+0x164>)
20005dba:	4832      	ldr	r0, [pc, #200]	@ (20005e84 <irq_remove_handler+0x168>)
20005dbc:	4932      	ldr	r1, [pc, #200]	@ (20005e88 <irq_remove_handler+0x16c>)
20005dbe:	f003 fb55 	bl	2000946c <__assert_func>
20005dc2:	0028      	movs	r0, r5
20005dc4:	429c      	cmp	r4, r3
20005dc6:	d149      	bne.n	20005e5c <irq_remove_handler+0x140>
20005dc8:	2406      	movs	r4, #6
20005dca:	572c      	ldrsb	r4, [r5, r4]
20005dcc:	2c00      	cmp	r4, #0
20005dce:	db2b      	blt.n	20005e28 <irq_remove_handler+0x10c>
20005dd0:	4b29      	ldr	r3, [pc, #164]	@ (20005e78 <irq_remove_handler+0x15c>)
20005dd2:	0062      	lsls	r2, r4, #1
20005dd4:	1912      	adds	r2, r2, r4
20005dd6:	0092      	lsls	r2, r2, #2
20005dd8:	189b      	adds	r3, r3, r2
20005dda:	689a      	ldr	r2, [r3, #8]
20005ddc:	60aa      	str	r2, [r5, #8]
20005dde:	79da      	ldrb	r2, [r3, #7]
20005de0:	71ea      	strb	r2, [r5, #7]
20005de2:	799b      	ldrb	r3, [r3, #6]
20005de4:	b25b      	sxtb	r3, r3
20005de6:	71ab      	strb	r3, [r5, #6]
20005de8:	2b00      	cmp	r3, #0
20005dea:	da0f      	bge.n	20005e0c <irq_remove_handler+0xf0>
20005dec:	4827      	ldr	r0, [pc, #156]	@ (20005e8c <irq_remove_handler+0x170>)
20005dee:	80a8      	strh	r0, [r5, #4]
20005df0:	4b21      	ldr	r3, [pc, #132]	@ (20005e78 <irq_remove_handler+0x15c>)
20005df2:	0062      	lsls	r2, r4, #1
20005df4:	1912      	adds	r2, r2, r4
20005df6:	0092      	lsls	r2, r2, #2
20005df8:	189b      	adds	r3, r3, r2
20005dfa:	4a25      	ldr	r2, [pc, #148]	@ (20005e90 <irq_remove_handler+0x174>)
20005dfc:	7811      	ldrb	r1, [r2, #0]
20005dfe:	7199      	strb	r1, [r3, #6]
20005e00:	7014      	strb	r4, [r2, #0]
20005e02:	4649      	mov	r1, r9
20005e04:	4640      	mov	r0, r8
20005e06:	f7ff fe31 	bl	20005a6c <irq_set_enabled>
20005e0a:	e7a8      	b.n	20005d5e <irq_remove_handler+0x42>
20005e0c:	0060      	lsls	r0, r4, #1
20005e0e:	1900      	adds	r0, r0, r4
20005e10:	0080      	lsls	r0, r0, #2
20005e12:	4b19      	ldr	r3, [pc, #100]	@ (20005e78 <irq_remove_handler+0x15c>)
20005e14:	18c0      	adds	r0, r0, r3
20005e16:	3004      	adds	r0, #4
20005e18:	f7ff fdb2 	bl	20005980 <resolve_j_16>
20005e1c:	0001      	movs	r1, r0
20005e1e:	1d2b      	adds	r3, r5, #4
20005e20:	0018      	movs	r0, r3
20005e22:	f7ff fdc5 	bl	200059b0 <make_j_16>
20005e26:	e7e2      	b.n	20005dee <irq_remove_handler+0xd2>
20005e28:	2900      	cmp	r1, #0
20005e2a:	d112      	bne.n	20005e52 <irq_remove_handler+0x136>
20005e2c:	2800      	cmp	r0, #0
20005e2e:	d00e      	beq.n	20005e4e <irq_remove_handler+0x132>
20005e30:	23ff      	movs	r3, #255	@ 0xff
20005e32:	7183      	strb	r3, [r0, #6]
20005e34:	4b17      	ldr	r3, [pc, #92]	@ (20005e94 <irq_remove_handler+0x178>)
20005e36:	8083      	strh	r3, [r0, #4]
20005e38:	4915      	ldr	r1, [pc, #84]	@ (20005e90 <irq_remove_handler+0x174>)
20005e3a:	780b      	ldrb	r3, [r1, #0]
20005e3c:	71ab      	strb	r3, [r5, #6]
20005e3e:	4a0e      	ldr	r2, [pc, #56]	@ (20005e78 <irq_remove_handler+0x15c>)
20005e40:	4b15      	ldr	r3, [pc, #84]	@ (20005e98 <irq_remove_handler+0x17c>)
20005e42:	1aad      	subs	r5, r5, r2
20005e44:	416d      	adcs	r5, r5
20005e46:	436b      	muls	r3, r5
20005e48:	0d1b      	lsrs	r3, r3, #20
20005e4a:	700b      	strb	r3, [r1, #0]
20005e4c:	e7d9      	b.n	20005e02 <irq_remove_handler+0xe6>
20005e4e:	4e09      	ldr	r6, [pc, #36]	@ (20005e74 <irq_remove_handler+0x158>)
20005e50:	e7f2      	b.n	20005e38 <irq_remove_handler+0x11c>
20005e52:	4912      	ldr	r1, [pc, #72]	@ (20005e9c <irq_remove_handler+0x180>)
20005e54:	1d28      	adds	r0, r5, #4
20005e56:	f7ff fdcf 	bl	200059f8 <insert_bl_32>
20005e5a:	e7d2      	b.n	20005e02 <irq_remove_handler+0xe6>
20005e5c:	4b10      	ldr	r3, [pc, #64]	@ (20005ea0 <irq_remove_handler+0x184>)
20005e5e:	4a08      	ldr	r2, [pc, #32]	@ (20005e80 <irq_remove_handler+0x164>)
20005e60:	4808      	ldr	r0, [pc, #32]	@ (20005e84 <irq_remove_handler+0x168>)
20005e62:	4910      	ldr	r1, [pc, #64]	@ (20005ea4 <irq_remove_handler+0x188>)
20005e64:	f003 fb02 	bl	2000946c <__assert_func>
20005e68:	4e02      	ldr	r6, [pc, #8]	@ (20005e74 <irq_remove_handler+0x158>)
20005e6a:	e778      	b.n	20005d5e <irq_remove_handler+0x42>
20005e6c:	d0000124 	.word	0xd0000124
20005e70:	e000ed00 	.word	0xe000ed00
20005e74:	100001c1 	.word	0x100001c1
20005e78:	2000db00 	.word	0x2000db00
20005e7c:	2000cf64 	.word	0x2000cf64
20005e80:	2000d864 	.word	0x2000d864
20005e84:	2000cdd0 	.word	0x2000cdd0
20005e88:	00000219 	.word	0x00000219
20005e8c:	0000bd01 	.word	0x0000bd01
20005e90:	200309a1 	.word	0x200309a1
20005e94:	ffffbd01 	.word	0xffffbd01
20005e98:	0000aaaa 	.word	0x0000aaaa
20005e9c:	2000db3a 	.word	0x2000db3a
20005ea0:	2000cf98 	.word	0x2000cf98
20005ea4:	0000025b 	.word	0x0000025b

20005ea8 <irq_add_tail_to_free_list>:
20005ea8:	b570      	push	{r4, r5, r6, lr}
20005eaa:	2201      	movs	r2, #1
20005eac:	4302      	orrs	r2, r0
20005eae:	4b2d      	ldr	r3, [pc, #180]	@ (20005f64 <irq_add_tail_to_free_list+0xbc>)
20005eb0:	1ad3      	subs	r3, r2, r3
20005eb2:	2b2f      	cmp	r3, #47	@ 0x2f
20005eb4:	d829      	bhi.n	20005f0a <irq_add_tail_to_free_list+0x62>
20005eb6:	f3ef 8305 	mrs	r3, IPSR
20005eba:	2b00      	cmp	r3, #0
20005ebc:	d02b      	beq.n	20005f16 <irq_add_tail_to_free_list+0x6e>
20005ebe:	f3ef 8110 	mrs	r1, PRIMASK
20005ec2:	b672      	cpsid	i
20005ec4:	468c      	mov	ip, r1
20005ec6:	4928      	ldr	r1, [pc, #160]	@ (20005f68 <irq_add_tail_to_free_list+0xc0>)
20005ec8:	6809      	ldr	r1, [r1, #0]
20005eca:	2900      	cmp	r1, #0
20005ecc:	d0fb      	beq.n	20005ec6 <irq_add_tail_to_free_list+0x1e>
20005ece:	f3bf 8f5f 	dmb	sy
20005ed2:	4c24      	ldr	r4, [pc, #144]	@ (20005f64 <irq_add_tail_to_free_list+0xbc>)
20005ed4:	4925      	ldr	r1, [pc, #148]	@ (20005f6c <irq_add_tail_to_free_list+0xc4>)
20005ed6:	0005      	movs	r5, r0
20005ed8:	1b2d      	subs	r5, r5, r4
20005eda:	416d      	adcs	r5, r5
20005edc:	4369      	muls	r1, r5
20005ede:	0d09      	lsrs	r1, r1, #20
20005ee0:	b24c      	sxtb	r4, r1
20005ee2:	4923      	ldr	r1, [pc, #140]	@ (20005f70 <irq_add_tail_to_free_list+0xc8>)
20005ee4:	6889      	ldr	r1, [r1, #8]
20005ee6:	009b      	lsls	r3, r3, #2
20005ee8:	58c9      	ldr	r1, [r1, r3]
20005eea:	4291      	cmp	r1, r2
20005eec:	d019      	beq.n	20005f22 <irq_add_tail_to_free_list+0x7a>
20005eee:	2100      	movs	r1, #0
20005ef0:	2903      	cmp	r1, #3
20005ef2:	d830      	bhi.n	20005f56 <irq_add_tail_to_free_list+0xae>
20005ef4:	4b1b      	ldr	r3, [pc, #108]	@ (20005f64 <irq_add_tail_to_free_list+0xbc>)
20005ef6:	004a      	lsls	r2, r1, #1
20005ef8:	1852      	adds	r2, r2, r1
20005efa:	0092      	lsls	r2, r2, #2
20005efc:	189b      	adds	r3, r3, r2
20005efe:	799b      	ldrb	r3, [r3, #6]
20005f00:	b25b      	sxtb	r3, r3
20005f02:	42a3      	cmp	r3, r4
20005f04:	d01d      	beq.n	20005f42 <irq_add_tail_to_free_list+0x9a>
20005f06:	3101      	adds	r1, #1
20005f08:	e7f2      	b.n	20005ef0 <irq_add_tail_to_free_list+0x48>
20005f0a:	4b1a      	ldr	r3, [pc, #104]	@ (20005f74 <irq_add_tail_to_free_list+0xcc>)
20005f0c:	4a1a      	ldr	r2, [pc, #104]	@ (20005f78 <irq_add_tail_to_free_list+0xd0>)
20005f0e:	481b      	ldr	r0, [pc, #108]	@ (20005f7c <irq_add_tail_to_free_list+0xd4>)
20005f10:	491b      	ldr	r1, [pc, #108]	@ (20005f80 <irq_add_tail_to_free_list+0xd8>)
20005f12:	f003 faab 	bl	2000946c <__assert_func>
20005f16:	4b1b      	ldr	r3, [pc, #108]	@ (20005f84 <irq_add_tail_to_free_list+0xdc>)
20005f18:	4a17      	ldr	r2, [pc, #92]	@ (20005f78 <irq_add_tail_to_free_list+0xd0>)
20005f1a:	4818      	ldr	r0, [pc, #96]	@ (20005f7c <irq_add_tail_to_free_list+0xd4>)
20005f1c:	491a      	ldr	r1, [pc, #104]	@ (20005f88 <irq_add_tail_to_free_list+0xe0>)
20005f1e:	f003 faa5 	bl	2000946c <__assert_func>
20005f22:	4a13      	ldr	r2, [pc, #76]	@ (20005f70 <irq_add_tail_to_free_list+0xc8>)
20005f24:	6892      	ldr	r2, [r2, #8]
20005f26:	4919      	ldr	r1, [pc, #100]	@ (20005f8c <irq_add_tail_to_free_list+0xe4>)
20005f28:	50d1      	str	r1, [r2, r3]
20005f2a:	4b19      	ldr	r3, [pc, #100]	@ (20005f90 <irq_add_tail_to_free_list+0xe8>)
20005f2c:	781a      	ldrb	r2, [r3, #0]
20005f2e:	7182      	strb	r2, [r0, #6]
20005f30:	701c      	strb	r4, [r3, #0]
20005f32:	f3bf 8f5f 	dmb	sy
20005f36:	4b0c      	ldr	r3, [pc, #48]	@ (20005f68 <irq_add_tail_to_free_list+0xc0>)
20005f38:	2200      	movs	r2, #0
20005f3a:	601a      	str	r2, [r3, #0]
20005f3c:	f38c 8810 	msr	PRIMASK, ip
20005f40:	bd70      	pop	{r4, r5, r6, pc}
20005f42:	4b08      	ldr	r3, [pc, #32]	@ (20005f64 <irq_add_tail_to_free_list+0xbc>)
20005f44:	004a      	lsls	r2, r1, #1
20005f46:	1855      	adds	r5, r2, r1
20005f48:	00ad      	lsls	r5, r5, #2
20005f4a:	195d      	adds	r5, r3, r5
20005f4c:	26ff      	movs	r6, #255	@ 0xff
20005f4e:	71ae      	strb	r6, [r5, #6]
20005f50:	4a10      	ldr	r2, [pc, #64]	@ (20005f94 <irq_add_tail_to_free_list+0xec>)
20005f52:	80aa      	strh	r2, [r5, #4]
20005f54:	e7e9      	b.n	20005f2a <irq_add_tail_to_free_list+0x82>
20005f56:	4b10      	ldr	r3, [pc, #64]	@ (20005f98 <irq_add_tail_to_free_list+0xf0>)
20005f58:	4a07      	ldr	r2, [pc, #28]	@ (20005f78 <irq_add_tail_to_free_list+0xd0>)
20005f5a:	4808      	ldr	r0, [pc, #32]	@ (20005f7c <irq_add_tail_to_free_list+0xd4>)
20005f5c:	490f      	ldr	r1, [pc, #60]	@ (20005f9c <irq_add_tail_to_free_list+0xf4>)
20005f5e:	f003 fa85 	bl	2000946c <__assert_func>
20005f62:	46c0      	nop			@ (mov r8, r8)
20005f64:	2000db00 	.word	0x2000db00
20005f68:	d0000124 	.word	0xd0000124
20005f6c:	0000aaaa 	.word	0x0000aaaa
20005f70:	e000ed00 	.word	0xe000ed00
20005f74:	2000cfa0 	.word	0x2000cfa0
20005f78:	2000d838 	.word	0x2000d838
20005f7c:	2000cdd0 	.word	0x2000cdd0
20005f80:	00000296 	.word	0x00000296
20005f84:	2000cfc8 	.word	0x2000cfc8
20005f88:	00000299 	.word	0x00000299
20005f8c:	100001c1 	.word	0x100001c1
20005f90:	200309a1 	.word	0x200309a1
20005f94:	ffffbd01 	.word	0xffffbd01
20005f98:	2000cfd4 	.word	0x2000cfd4
20005f9c:	000002aa 	.word	0x000002aa

20005fa0 <lock_init>:
20005fa0:	4b02      	ldr	r3, [pc, #8]	@ (20005fac <lock_init+0xc>)
20005fa2:	469c      	mov	ip, r3
20005fa4:	4461      	add	r1, ip
20005fa6:	0089      	lsls	r1, r1, #2
20005fa8:	6001      	str	r1, [r0, #0]
20005faa:	4770      	bx	lr
20005fac:	34000040 	.word	0x34000040

20005fb0 <mutex_init>:
20005fb0:	b510      	push	{r4, lr}
20005fb2:	0004      	movs	r4, r0
20005fb4:	f7ff fca0 	bl	200058f8 <next_striped_spin_lock_num>
20005fb8:	0001      	movs	r1, r0
20005fba:	0020      	movs	r0, r4
20005fbc:	f7ff fff0 	bl	20005fa0 <lock_init>
20005fc0:	23ff      	movs	r3, #255	@ 0xff
20005fc2:	7123      	strb	r3, [r4, #4]
20005fc4:	f3bf 8f5f 	dmb	sy
20005fc8:	bd10      	pop	{r4, pc}

20005fca <recursive_mutex_init>:
20005fca:	b510      	push	{r4, lr}
20005fcc:	0004      	movs	r4, r0
20005fce:	f7ff fc93 	bl	200058f8 <next_striped_spin_lock_num>
20005fd2:	0001      	movs	r1, r0
20005fd4:	0020      	movs	r0, r4
20005fd6:	f7ff ffe3 	bl	20005fa0 <lock_init>
20005fda:	23ff      	movs	r3, #255	@ 0xff
20005fdc:	7123      	strb	r3, [r4, #4]
20005fde:	2300      	movs	r3, #0
20005fe0:	7163      	strb	r3, [r4, #5]
20005fe2:	f3bf 8f5f 	dmb	sy
20005fe6:	bd10      	pop	{r4, pc}

20005fe8 <runtime_init_mutex>:
20005fe8:	b510      	push	{r4, lr}
20005fea:	4c0d      	ldr	r4, [pc, #52]	@ (20006020 <runtime_init_mutex+0x38>)
20005fec:	e009      	b.n	20006002 <runtime_init_mutex+0x1a>
20005fee:	4b0d      	ldr	r3, [pc, #52]	@ (20006024 <runtime_init_mutex+0x3c>)
20005ff0:	4a0d      	ldr	r2, [pc, #52]	@ (20006028 <runtime_init_mutex+0x40>)
20005ff2:	480e      	ldr	r0, [pc, #56]	@ (2000602c <runtime_init_mutex+0x44>)
20005ff4:	211a      	movs	r1, #26
20005ff6:	f003 fa39 	bl	2000946c <__assert_func>
20005ffa:	0020      	movs	r0, r4
20005ffc:	f7ff ffd8 	bl	20005fb0 <mutex_init>
20006000:	3408      	adds	r4, #8
20006002:	4b0b      	ldr	r3, [pc, #44]	@ (20006030 <runtime_init_mutex+0x48>)
20006004:	429c      	cmp	r4, r3
20006006:	d209      	bcs.n	2000601c <runtime_init_mutex+0x34>
20006008:	6823      	ldr	r3, [r4, #0]
2000600a:	2b00      	cmp	r3, #0
2000600c:	d0f5      	beq.n	20005ffa <runtime_init_mutex+0x12>
2000600e:	2b01      	cmp	r3, #1
20006010:	d1ed      	bne.n	20005fee <runtime_init_mutex+0x6>
20006012:	0020      	movs	r0, r4
20006014:	f7ff ffd9 	bl	20005fca <recursive_mutex_init>
20006018:	3408      	adds	r4, #8
2000601a:	e7f2      	b.n	20006002 <runtime_init_mutex+0x1a>
2000601c:	bd10      	pop	{r4, pc}
2000601e:	46c0      	nop			@ (mov r8, r8)
20006020:	2000e1c8 	.word	0x2000e1c8
20006024:	2000cfdc 	.word	0x2000cfdc
20006028:	2000d8ec 	.word	0x2000d8ec
2000602c:	2000cffc 	.word	0x2000cffc
20006030:	2000e1d8 	.word	0x2000e1d8

20006034 <ta_set_timeout>:
20006034:	b530      	push	{r4, r5, lr}
20006036:	6a83      	ldr	r3, [r0, #40]	@ 0x28
20006038:	469c      	mov	ip, r3
2000603a:	1ad4      	subs	r4, r2, r3
2000603c:	1d0b      	adds	r3, r1, #4
2000603e:	009b      	lsls	r3, r3, #2
20006040:	581b      	ldr	r3, [r3, r0]
20006042:	4665      	mov	r5, ip
20006044:	1b5b      	subs	r3, r3, r5
20006046:	429c      	cmp	r4, r3
20006048:	d304      	bcc.n	20006054 <ta_set_timeout+0x20>
2000604a:	6a04      	ldr	r4, [r0, #32]
2000604c:	2301      	movs	r3, #1
2000604e:	408b      	lsls	r3, r1
20006050:	4223      	tst	r3, r4
20006052:	d102      	bne.n	2000605a <ta_set_timeout+0x26>
20006054:	3104      	adds	r1, #4
20006056:	0089      	lsls	r1, r1, #2
20006058:	500a      	str	r2, [r1, r0]
2000605a:	bd30      	pop	{r4, r5, pc}

2000605c <make_alarm_id>:
2000605c:	0400      	lsls	r0, r0, #16
2000605e:	4308      	orrs	r0, r1
20006060:	4770      	bx	lr
	...

20006064 <sleep_until_callback>:
20006064:	4b0a      	ldr	r3, [pc, #40]	@ (20006090 <sleep_until_callback+0x2c>)
20006066:	6819      	ldr	r1, [r3, #0]
20006068:	f3ef 8310 	mrs	r3, PRIMASK
2000606c:	b672      	cpsid	i
2000606e:	680a      	ldr	r2, [r1, #0]
20006070:	2a00      	cmp	r2, #0
20006072:	d0fc      	beq.n	2000606e <sleep_until_callback+0xa>
20006074:	f3bf 8f5f 	dmb	sy
20006078:	4a05      	ldr	r2, [pc, #20]	@ (20006090 <sleep_until_callback+0x2c>)
2000607a:	6812      	ldr	r2, [r2, #0]
2000607c:	f3bf 8f5f 	dmb	sy
20006080:	2100      	movs	r1, #0
20006082:	6011      	str	r1, [r2, #0]
20006084:	f383 8810 	msr	PRIMASK, r3
20006088:	bf40      	sev
2000608a:	2000      	movs	r0, #0
2000608c:	2100      	movs	r1, #0
2000608e:	4770      	bx	lr
20006090:	20030654 	.word	0x20030654

20006094 <alarm_pool_irq_handler>:
20006094:	b5f0      	push	{r4, r5, r6, r7, lr}
20006096:	46de      	mov	lr, fp
20006098:	4657      	mov	r7, sl
2000609a:	464e      	mov	r6, r9
2000609c:	4645      	mov	r5, r8
2000609e:	b5e0      	push	{r5, r6, r7, lr}
200060a0:	b083      	sub	sp, #12
200060a2:	f3ef 8305 	mrs	r3, IPSR
200060a6:	2203      	movs	r2, #3
200060a8:	401a      	ands	r2, r3
200060aa:	0011      	movs	r1, r2
200060ac:	9201      	str	r2, [sp, #4]
200060ae:	4baf      	ldr	r3, [pc, #700]	@ (2000636c <alarm_pool_irq_handler+0x2d8>)
200060b0:	0092      	lsls	r2, r2, #2
200060b2:	58d3      	ldr	r3, [r2, r3]
200060b4:	4698      	mov	r8, r3
200060b6:	781b      	ldrb	r3, [r3, #0]
200060b8:	428b      	cmp	r3, r1
200060ba:	d107      	bne.n	200060cc <alarm_pool_irq_handler+0x38>
200060bc:	2301      	movs	r3, #1
200060be:	9a01      	ldr	r2, [sp, #4]
200060c0:	4093      	lsls	r3, r2
200060c2:	9300      	str	r3, [sp, #0]
200060c4:	4baa      	ldr	r3, [pc, #680]	@ (20006370 <alarm_pool_irq_handler+0x2dc>)
200060c6:	9a00      	ldr	r2, [sp, #0]
200060c8:	601a      	str	r2, [r3, #0]
200060ca:	e11f      	b.n	2000630c <alarm_pool_irq_handler+0x278>
200060cc:	4ba9      	ldr	r3, [pc, #676]	@ (20006374 <alarm_pool_irq_handler+0x2e0>)
200060ce:	4aaa      	ldr	r2, [pc, #680]	@ (20006378 <alarm_pool_irq_handler+0x2e4>)
200060d0:	48aa      	ldr	r0, [pc, #680]	@ (2000637c <alarm_pool_irq_handler+0x2e8>)
200060d2:	219c      	movs	r1, #156	@ 0x9c
200060d4:	f003 f9ca 	bl	2000946c <__assert_func>
200060d8:	4643      	mov	r3, r8
200060da:	695a      	ldr	r2, [r3, #20]
200060dc:	464b      	mov	r3, r9
200060de:	005b      	lsls	r3, r3, #1
200060e0:	444b      	add	r3, r9
200060e2:	00db      	lsls	r3, r3, #3
200060e4:	4693      	mov	fp, r2
200060e6:	449b      	add	fp, r3
200060e8:	465b      	mov	r3, fp
200060ea:	689e      	ldr	r6, [r3, #8]
200060ec:	68df      	ldr	r7, [r3, #12]
200060ee:	48a4      	ldr	r0, [pc, #656]	@ (20006380 <alarm_pool_irq_handler+0x2ec>)
200060f0:	f000 fbba 	bl	20006868 <timer_time_us_64>
200060f4:	1b80      	subs	r0, r0, r6
200060f6:	41b9      	sbcs	r1, r7
200060f8:	2900      	cmp	r1, #0
200060fa:	da00      	bge.n	200060fe <alarm_pool_irq_handler+0x6a>
200060fc:	e110      	b.n	20006320 <alarm_pool_irq_handler+0x28c>
200060fe:	2f00      	cmp	r7, #0
20006100:	db61      	blt.n	200061c6 <alarm_pool_irq_handler+0x132>
20006102:	465b      	mov	r3, fp
20006104:	691c      	ldr	r4, [r3, #16]
20006106:	4b9f      	ldr	r3, [pc, #636]	@ (20006384 <alarm_pool_irq_handler+0x2f0>)
20006108:	429c      	cmp	r4, r3
2000610a:	d047      	beq.n	2000619c <alarm_pool_irq_handler+0x108>
2000610c:	4643      	mov	r3, r8
2000610e:	2008      	movs	r0, #8
20006110:	5e18      	ldrsh	r0, [r3, r0]
20006112:	465b      	mov	r3, fp
20006114:	8859      	ldrh	r1, [r3, #2]
20006116:	b289      	uxth	r1, r1
20006118:	f7ff ffa0 	bl	2000605c <make_alarm_id>
2000611c:	465b      	mov	r3, fp
2000611e:	6959      	ldr	r1, [r3, #20]
20006120:	47a0      	blx	r4
20006122:	0004      	movs	r4, r0
20006124:	000d      	movs	r5, r1
20006126:	0023      	movs	r3, r4
20006128:	432b      	orrs	r3, r5
2000612a:	d04c      	beq.n	200061c6 <alarm_pool_irq_handler+0x132>
2000612c:	2d00      	cmp	r5, #0
2000612e:	da3e      	bge.n	200061ae <alarm_pool_irq_handler+0x11a>
20006130:	0030      	movs	r0, r6
20006132:	0039      	movs	r1, r7
20006134:	1b00      	subs	r0, r0, r4
20006136:	41a9      	sbcs	r1, r5
20006138:	465b      	mov	r3, fp
2000613a:	6098      	str	r0, [r3, #8]
2000613c:	60d9      	str	r1, [r3, #12]
2000613e:	2400      	movs	r4, #0
20006140:	5f1c      	ldrsh	r4, [r3, r4]
20006142:	2c00      	cmp	r4, #0
20006144:	da00      	bge.n	20006148 <alarm_pool_irq_handler+0xb4>
20006146:	e0eb      	b.n	20006320 <alarm_pool_irq_handler+0x28c>
20006148:	4643      	mov	r3, r8
2000614a:	695a      	ldr	r2, [r3, #20]
2000614c:	4692      	mov	sl, r2
2000614e:	0063      	lsls	r3, r4, #1
20006150:	191b      	adds	r3, r3, r4
20006152:	00db      	lsls	r3, r3, #3
20006154:	4453      	add	r3, sl
20006156:	689a      	ldr	r2, [r3, #8]
20006158:	68db      	ldr	r3, [r3, #12]
2000615a:	0005      	movs	r5, r0
2000615c:	000e      	movs	r6, r1
2000615e:	1aad      	subs	r5, r5, r2
20006160:	419e      	sbcs	r6, r3
20006162:	2e00      	cmp	r6, #0
20006164:	da00      	bge.n	20006168 <alarm_pool_irq_handler+0xd4>
20006166:	e0db      	b.n	20006320 <alarm_pool_irq_handler+0x28c>
20006168:	4643      	mov	r3, r8
2000616a:	811c      	strh	r4, [r3, #8]
2000616c:	4647      	mov	r7, r8
2000616e:	3708      	adds	r7, #8
20006170:	46bc      	mov	ip, r7
20006172:	2c00      	cmp	r4, #0
20006174:	db21      	blt.n	200061ba <alarm_pool_irq_handler+0x126>
20006176:	4663      	mov	r3, ip
20006178:	2200      	movs	r2, #0
2000617a:	5e9b      	ldrsh	r3, [r3, r2]
2000617c:	005d      	lsls	r5, r3, #1
2000617e:	18ed      	adds	r5, r5, r3
20006180:	00ed      	lsls	r5, r5, #3
20006182:	4455      	add	r5, sl
20006184:	68aa      	ldr	r2, [r5, #8]
20006186:	68eb      	ldr	r3, [r5, #12]
20006188:	0006      	movs	r6, r0
2000618a:	000f      	movs	r7, r1
2000618c:	1ab6      	subs	r6, r6, r2
2000618e:	419f      	sbcs	r7, r3
20006190:	2f00      	cmp	r7, #0
20006192:	db12      	blt.n	200061ba <alarm_pool_irq_handler+0x126>
20006194:	46ac      	mov	ip, r5
20006196:	2300      	movs	r3, #0
20006198:	5eec      	ldrsh	r4, [r5, r3]
2000619a:	e7ea      	b.n	20006172 <alarm_pool_irq_handler+0xde>
2000619c:	465b      	mov	r3, fp
2000619e:	695c      	ldr	r4, [r3, #20]
200061a0:	6923      	ldr	r3, [r4, #16]
200061a2:	0020      	movs	r0, r4
200061a4:	4798      	blx	r3
200061a6:	2800      	cmp	r0, #0
200061a8:	d00d      	beq.n	200061c6 <alarm_pool_irq_handler+0x132>
200061aa:	cc30      	ldmia	r4, {r4, r5}
200061ac:	e7bb      	b.n	20006126 <alarm_pool_irq_handler+0x92>
200061ae:	4874      	ldr	r0, [pc, #464]	@ (20006380 <alarm_pool_irq_handler+0x2ec>)
200061b0:	f000 fb5a 	bl	20006868 <timer_time_us_64>
200061b4:	1900      	adds	r0, r0, r4
200061b6:	4169      	adcs	r1, r5
200061b8:	e7be      	b.n	20006138 <alarm_pool_irq_handler+0xa4>
200061ba:	465b      	mov	r3, fp
200061bc:	801c      	strh	r4, [r3, #0]
200061be:	464b      	mov	r3, r9
200061c0:	4662      	mov	r2, ip
200061c2:	8013      	strh	r3, [r2, #0]
200061c4:	e0ac      	b.n	20006320 <alarm_pool_irq_handler+0x28c>
200061c6:	465b      	mov	r3, fp
200061c8:	2200      	movs	r2, #0
200061ca:	5e9b      	ldrsh	r3, [r3, r2]
200061cc:	4642      	mov	r2, r8
200061ce:	8113      	strh	r3, [r2, #8]
200061d0:	6912      	ldr	r2, [r2, #16]
200061d2:	f3ef 8310 	mrs	r3, PRIMASK
200061d6:	b672      	cpsid	i
200061d8:	6811      	ldr	r1, [r2, #0]
200061da:	2900      	cmp	r1, #0
200061dc:	d0fc      	beq.n	200061d8 <alarm_pool_irq_handler+0x144>
200061de:	f3bf 8f5f 	dmb	sy
200061e2:	4642      	mov	r2, r8
200061e4:	2102      	movs	r1, #2
200061e6:	5e52      	ldrsh	r2, [r2, r1]
200061e8:	4659      	mov	r1, fp
200061ea:	800a      	strh	r2, [r1, #0]
200061ec:	4642      	mov	r2, r8
200061ee:	4649      	mov	r1, r9
200061f0:	8051      	strh	r1, [r2, #2]
200061f2:	6912      	ldr	r2, [r2, #16]
200061f4:	f3bf 8f5f 	dmb	sy
200061f8:	2100      	movs	r1, #0
200061fa:	6011      	str	r1, [r2, #0]
200061fc:	f383 8810 	msr	PRIMASK, r3
20006200:	e08e      	b.n	20006320 <alarm_pool_irq_handler+0x28c>
20006202:	4643      	mov	r3, r8
20006204:	6919      	ldr	r1, [r3, #16]
20006206:	f3ef 8310 	mrs	r3, PRIMASK
2000620a:	b672      	cpsid	i
2000620c:	680a      	ldr	r2, [r1, #0]
2000620e:	2a00      	cmp	r2, #0
20006210:	d0fc      	beq.n	2000620c <alarm_pool_irq_handler+0x178>
20006212:	f3bf 8f5f 	dmb	sy
20006216:	4642      	mov	r2, r8
20006218:	8892      	ldrh	r2, [r2, #4]
2000621a:	b212      	sxth	r2, r2
2000621c:	4691      	mov	r9, r2
2000621e:	2201      	movs	r2, #1
20006220:	4252      	negs	r2, r2
20006222:	4641      	mov	r1, r8
20006224:	808a      	strh	r2, [r1, #4]
20006226:	690a      	ldr	r2, [r1, #16]
20006228:	f3bf 8f5f 	dmb	sy
2000622c:	2100      	movs	r1, #0
2000622e:	6011      	str	r1, [r2, #0]
20006230:	f383 8810 	msr	PRIMASK, r3
20006234:	e01c      	b.n	20006270 <alarm_pool_irq_handler+0x1dc>
20006236:	469b      	mov	fp, r3
20006238:	2200      	movs	r2, #0
2000623a:	5e9a      	ldrsh	r2, [r3, r2]
2000623c:	2a00      	cmp	r2, #0
2000623e:	db0e      	blt.n	2000625e <alarm_pool_irq_handler+0x1ca>
20006240:	465b      	mov	r3, fp
20006242:	2100      	movs	r1, #0
20006244:	5e59      	ldrsh	r1, [r3, r1]
20006246:	004b      	lsls	r3, r1, #1
20006248:	185b      	adds	r3, r3, r1
2000624a:	00db      	lsls	r3, r3, #3
2000624c:	4453      	add	r3, sl
2000624e:	6898      	ldr	r0, [r3, #8]
20006250:	68d9      	ldr	r1, [r3, #12]
20006252:	0026      	movs	r6, r4
20006254:	002f      	movs	r7, r5
20006256:	1a36      	subs	r6, r6, r0
20006258:	418f      	sbcs	r7, r1
2000625a:	2f00      	cmp	r7, #0
2000625c:	daeb      	bge.n	20006236 <alarm_pool_irq_handler+0x1a2>
2000625e:	464b      	mov	r3, r9
20006260:	4659      	mov	r1, fp
20006262:	800b      	strh	r3, [r1, #0]
20006264:	4663      	mov	r3, ip
20006266:	2100      	movs	r1, #0
20006268:	5e5b      	ldrsh	r3, [r3, r1]
2000626a:	4699      	mov	r9, r3
2000626c:	4663      	mov	r3, ip
2000626e:	801a      	strh	r2, [r3, #0]
20006270:	464b      	mov	r3, r9
20006272:	2b00      	cmp	r3, #0
20006274:	db5a      	blt.n	2000632c <alarm_pool_irq_handler+0x298>
20006276:	4643      	mov	r3, r8
20006278:	695a      	ldr	r2, [r3, #20]
2000627a:	4692      	mov	sl, r2
2000627c:	464b      	mov	r3, r9
2000627e:	005b      	lsls	r3, r3, #1
20006280:	444b      	add	r3, r9
20006282:	00db      	lsls	r3, r3, #3
20006284:	469c      	mov	ip, r3
20006286:	44d4      	add	ip, sl
20006288:	4663      	mov	r3, ip
2000628a:	689c      	ldr	r4, [r3, #8]
2000628c:	68dd      	ldr	r5, [r3, #12]
2000628e:	4646      	mov	r6, r8
20006290:	3608      	adds	r6, #8
20006292:	46b3      	mov	fp, r6
20006294:	4643      	mov	r3, r8
20006296:	2208      	movs	r2, #8
20006298:	5e9a      	ldrsh	r2, [r3, r2]
2000629a:	e7cf      	b.n	2000623c <alarm_pool_irq_handler+0x1a8>
2000629c:	2300      	movs	r3, #0
2000629e:	4642      	mov	r2, r8
200062a0:	7193      	strb	r3, [r2, #6]
200062a2:	4641      	mov	r1, r8
200062a4:	3108      	adds	r1, #8
200062a6:	4643      	mov	r3, r8
200062a8:	2008      	movs	r0, #8
200062aa:	5e18      	ldrsh	r0, [r3, r0]
200062ac:	e011      	b.n	200062d2 <alarm_pool_irq_handler+0x23e>
200062ae:	2201      	movs	r2, #1
200062b0:	4252      	negs	r2, r2
200062b2:	17d3      	asrs	r3, r2, #31
200062b4:	60a2      	str	r2, [r4, #8]
200062b6:	60e3      	str	r3, [r4, #12]
200062b8:	4643      	mov	r3, r8
200062ba:	2208      	movs	r2, #8
200062bc:	5e9b      	ldrsh	r3, [r3, r2]
200062be:	4283      	cmp	r3, r0
200062c0:	d006      	beq.n	200062d0 <alarm_pool_irq_handler+0x23c>
200062c2:	800d      	strh	r5, [r1, #0]
200062c4:	4643      	mov	r3, r8
200062c6:	2208      	movs	r2, #8
200062c8:	5e9b      	ldrsh	r3, [r3, r2]
200062ca:	8023      	strh	r3, [r4, #0]
200062cc:	4643      	mov	r3, r8
200062ce:	8118      	strh	r0, [r3, #8]
200062d0:	0028      	movs	r0, r5
200062d2:	1c43      	adds	r3, r0, #1
200062d4:	d02e      	beq.n	20006334 <alarm_pool_irq_handler+0x2a0>
200062d6:	4643      	mov	r3, r8
200062d8:	695a      	ldr	r2, [r3, #20]
200062da:	0043      	lsls	r3, r0, #1
200062dc:	181b      	adds	r3, r3, r0
200062de:	00db      	lsls	r3, r3, #3
200062e0:	18d4      	adds	r4, r2, r3
200062e2:	5ed5      	ldrsh	r5, [r2, r3]
200062e4:	8863      	ldrh	r3, [r4, #2]
200062e6:	b21b      	sxth	r3, r3
200062e8:	2b00      	cmp	r3, #0
200062ea:	dbe0      	blt.n	200062ae <alarm_pool_irq_handler+0x21a>
200062ec:	0021      	movs	r1, r4
200062ee:	e7ef      	b.n	200062d0 <alarm_pool_irq_handler+0x23c>
200062f0:	0022      	movs	r2, r4
200062f2:	002b      	movs	r3, r5
200062f4:	9901      	ldr	r1, [sp, #4]
200062f6:	4822      	ldr	r0, [pc, #136]	@ (20006380 <alarm_pool_irq_handler+0x2ec>)
200062f8:	f7ff fe9c 	bl	20006034 <ta_set_timeout>
200062fc:	4820      	ldr	r0, [pc, #128]	@ (20006380 <alarm_pool_irq_handler+0x2ec>)
200062fe:	f000 fab3 	bl	20006868 <timer_time_us_64>
20006302:	1a24      	subs	r4, r4, r0
20006304:	418d      	sbcs	r5, r1
20006306:	2d00      	cmp	r5, #0
20006308:	dc28      	bgt.n	2000635c <alarm_pool_irq_handler+0x2c8>
2000630a:	d025      	beq.n	20006358 <alarm_pool_irq_handler+0x2c4>
2000630c:	4b1c      	ldr	r3, [pc, #112]	@ (20006380 <alarm_pool_irq_handler+0x2ec>)
2000630e:	9a00      	ldr	r2, [sp, #0]
20006310:	635a      	str	r2, [r3, #52]	@ 0x34
20006312:	4643      	mov	r3, r8
20006314:	2208      	movs	r2, #8
20006316:	5e9b      	ldrsh	r3, [r3, r2]
20006318:	4699      	mov	r9, r3
2000631a:	2b00      	cmp	r3, #0
2000631c:	db00      	blt.n	20006320 <alarm_pool_irq_handler+0x28c>
2000631e:	e6db      	b.n	200060d8 <alarm_pool_irq_handler+0x44>
20006320:	4643      	mov	r3, r8
20006322:	889b      	ldrh	r3, [r3, #4]
20006324:	b21b      	sxth	r3, r3
20006326:	2b00      	cmp	r3, #0
20006328:	db00      	blt.n	2000632c <alarm_pool_irq_handler+0x298>
2000632a:	e76a      	b.n	20006202 <alarm_pool_irq_handler+0x16e>
2000632c:	4643      	mov	r3, r8
2000632e:	799b      	ldrb	r3, [r3, #6]
20006330:	2b00      	cmp	r3, #0
20006332:	d1b3      	bne.n	2000629c <alarm_pool_irq_handler+0x208>
20006334:	4643      	mov	r3, r8
20006336:	2208      	movs	r2, #8
20006338:	5e9a      	ldrsh	r2, [r3, r2]
2000633a:	2a00      	cmp	r2, #0
2000633c:	db0e      	blt.n	2000635c <alarm_pool_irq_handler+0x2c8>
2000633e:	4643      	mov	r3, r8
20006340:	6959      	ldr	r1, [r3, #20]
20006342:	0053      	lsls	r3, r2, #1
20006344:	189b      	adds	r3, r3, r2
20006346:	00db      	lsls	r3, r3, #3
20006348:	18cb      	adds	r3, r1, r3
2000634a:	689c      	ldr	r4, [r3, #8]
2000634c:	68dd      	ldr	r5, [r3, #12]
2000634e:	1c63      	adds	r3, r4, #1
20006350:	d1ce      	bne.n	200062f0 <alarm_pool_irq_handler+0x25c>
20006352:	1c6b      	adds	r3, r5, #1
20006354:	d0d2      	beq.n	200062fc <alarm_pool_irq_handler+0x268>
20006356:	e7cb      	b.n	200062f0 <alarm_pool_irq_handler+0x25c>
20006358:	2c00      	cmp	r4, #0
2000635a:	d0d7      	beq.n	2000630c <alarm_pool_irq_handler+0x278>
2000635c:	bf40      	sev
2000635e:	b003      	add	sp, #12
20006360:	bcf0      	pop	{r4, r5, r6, r7}
20006362:	46bb      	mov	fp, r7
20006364:	46b2      	mov	sl, r6
20006366:	46a9      	mov	r9, r5
20006368:	46a0      	mov	r8, r4
2000636a:	bdf0      	pop	{r4, r5, r6, r7, pc}
2000636c:	20030434 	.word	0x20030434
20006370:	4005703c 	.word	0x4005703c
20006374:	2000d090 	.word	0x2000d090
20006378:	2000d918 	.word	0x2000d918
2000637c:	2000d0bc 	.word	0x2000d0bc
20006380:	40054000 	.word	0x40054000
20006384:	20006095 	.word	0x20006095

20006388 <ta_enable_irq_handler>:
20006388:	b570      	push	{r4, r5, r6, lr}
2000638a:	0004      	movs	r4, r0
2000638c:	000d      	movs	r5, r1
2000638e:	0011      	movs	r1, r2
20006390:	2601      	movs	r6, #1
20006392:	40ae      	lsls	r6, r5
20006394:	6206      	str	r6, [r0, #32]
20006396:	0028      	movs	r0, r5
20006398:	f7ff fb88 	bl	20005aac <irq_set_exclusive_handler>
2000639c:	2101      	movs	r1, #1
2000639e:	0028      	movs	r0, r5
200063a0:	f7ff fb64 	bl	20005a6c <irq_set_enabled>
200063a4:	4b02      	ldr	r3, [pc, #8]	@ (200063b0 <ta_enable_irq_handler+0x28>)
200063a6:	469c      	mov	ip, r3
200063a8:	4464      	add	r4, ip
200063aa:	6026      	str	r6, [r4, #0]
200063ac:	bd70      	pop	{r4, r5, r6, pc}
200063ae:	46c0      	nop			@ (mov r8, r8)
200063b0:	00002038 	.word	0x00002038

200063b4 <alarm_pool_post_alloc_init>:
200063b4:	b5f8      	push	{r3, r4, r5, r6, r7, lr}
200063b6:	0004      	movs	r4, r0
200063b8:	000f      	movs	r7, r1
200063ba:	0016      	movs	r6, r2
200063bc:	001d      	movs	r5, r3
200063be:	60c1      	str	r1, [r0, #12]
200063c0:	f7ff fa9a 	bl	200058f8 <next_striped_spin_lock_num>
200063c4:	4b12      	ldr	r3, [pc, #72]	@ (20006410 <alarm_pool_post_alloc_init+0x5c>)
200063c6:	469c      	mov	ip, r3
200063c8:	4460      	add	r0, ip
200063ca:	0080      	lsls	r0, r0, #2
200063cc:	6120      	str	r0, [r4, #16]
200063ce:	7026      	strb	r6, [r4, #0]
200063d0:	b2ab      	uxth	r3, r5
200063d2:	8163      	strh	r3, [r4, #10]
200063d4:	22d0      	movs	r2, #208	@ 0xd0
200063d6:	0612      	lsls	r2, r2, #24
200063d8:	7812      	ldrb	r2, [r2, #0]
200063da:	7062      	strb	r2, [r4, #1]
200063dc:	2201      	movs	r2, #1
200063de:	4252      	negs	r2, r2
200063e0:	8122      	strh	r2, [r4, #8]
200063e2:	80a2      	strh	r2, [r4, #4]
200063e4:	189b      	adds	r3, r3, r2
200063e6:	8063      	strh	r3, [r4, #2]
200063e8:	2300      	movs	r3, #0
200063ea:	e006      	b.n	200063fa <alarm_pool_post_alloc_init+0x46>
200063ec:	1e58      	subs	r0, r3, #1
200063ee:	6961      	ldr	r1, [r4, #20]
200063f0:	005a      	lsls	r2, r3, #1
200063f2:	18d2      	adds	r2, r2, r3
200063f4:	00d2      	lsls	r2, r2, #3
200063f6:	5288      	strh	r0, [r1, r2]
200063f8:	3301      	adds	r3, #1
200063fa:	42ab      	cmp	r3, r5
200063fc:	d3f6      	bcc.n	200063ec <alarm_pool_post_alloc_init+0x38>
200063fe:	4b05      	ldr	r3, [pc, #20]	@ (20006414 <alarm_pool_post_alloc_init+0x60>)
20006400:	00b2      	lsls	r2, r6, #2
20006402:	50d4      	str	r4, [r2, r3]
20006404:	4a04      	ldr	r2, [pc, #16]	@ (20006418 <alarm_pool_post_alloc_init+0x64>)
20006406:	0031      	movs	r1, r6
20006408:	0038      	movs	r0, r7
2000640a:	f7ff ffbd 	bl	20006388 <ta_enable_irq_handler>
2000640e:	bdf8      	pop	{r3, r4, r5, r6, r7, pc}
20006410:	34000040 	.word	0x34000040
20006414:	20030434 	.word	0x20030434
20006418:	20006095 	.word	0x20006095

2000641c <alarm_pool_get_default>:
2000641c:	b510      	push	{r4, lr}
2000641e:	4b06      	ldr	r3, [pc, #24]	@ (20006438 <alarm_pool_get_default+0x1c>)
20006420:	691b      	ldr	r3, [r3, #16]
20006422:	2b00      	cmp	r3, #0
20006424:	d001      	beq.n	2000642a <alarm_pool_get_default+0xe>
20006426:	4804      	ldr	r0, [pc, #16]	@ (20006438 <alarm_pool_get_default+0x1c>)
20006428:	bd10      	pop	{r4, pc}
2000642a:	4b04      	ldr	r3, [pc, #16]	@ (2000643c <alarm_pool_get_default+0x20>)
2000642c:	4a04      	ldr	r2, [pc, #16]	@ (20006440 <alarm_pool_get_default+0x24>)
2000642e:	4805      	ldr	r0, [pc, #20]	@ (20006444 <alarm_pool_get_default+0x28>)
20006430:	2165      	movs	r1, #101	@ 0x65
20006432:	f003 f81b 	bl	2000946c <__assert_func>
20006436:	46c0      	nop			@ (mov r8, r8)
20006438:	2000db50 	.word	0x2000db50
2000643c:	2000d0fc 	.word	0x2000d0fc
20006440:	2000d900 	.word	0x2000d900
20006444:	2000d0bc 	.word	0x2000d0bc

20006448 <alarm_pool_add_alarm_at_force_in_context>:
20006448:	b5f8      	push	{r3, r4, r5, r6, r7, lr}
2000644a:	0004      	movs	r4, r0
2000644c:	6905      	ldr	r5, [r0, #16]
2000644e:	f3ef 8010 	mrs	r0, PRIMASK
20006452:	b672      	cpsid	i
20006454:	6829      	ldr	r1, [r5, #0]
20006456:	2900      	cmp	r1, #0
20006458:	d0fc      	beq.n	20006454 <alarm_pool_add_alarm_at_force_in_context+0xc>
2000645a:	f3bf 8f5f 	dmb	sy
2000645e:	2102      	movs	r1, #2
20006460:	5e66      	ldrsh	r6, [r4, r1]
20006462:	6965      	ldr	r5, [r4, #20]
20006464:	0071      	lsls	r1, r6, #1
20006466:	1989      	adds	r1, r1, r6
20006468:	00c9      	lsls	r1, r1, #3
2000646a:	186d      	adds	r5, r5, r1
2000646c:	2e00      	cmp	r6, #0
2000646e:	db02      	blt.n	20006476 <alarm_pool_add_alarm_at_force_in_context+0x2e>
20006470:	2700      	movs	r7, #0
20006472:	5fe9      	ldrsh	r1, [r5, r7]
20006474:	8061      	strh	r1, [r4, #2]
20006476:	6921      	ldr	r1, [r4, #16]
20006478:	f3bf 8f5f 	dmb	sy
2000647c:	2700      	movs	r7, #0
2000647e:	600f      	str	r7, [r1, #0]
20006480:	f380 8810 	msr	PRIMASK, r0
20006484:	2e00      	cmp	r6, #0
20006486:	db2c      	blt.n	200064e2 <alarm_pool_add_alarm_at_force_in_context+0x9a>
20006488:	9906      	ldr	r1, [sp, #24]
2000648a:	6129      	str	r1, [r5, #16]
2000648c:	9907      	ldr	r1, [sp, #28]
2000648e:	6169      	str	r1, [r5, #20]
20006490:	60aa      	str	r2, [r5, #8]
20006492:	60eb      	str	r3, [r5, #12]
20006494:	886b      	ldrh	r3, [r5, #2]
20006496:	3301      	adds	r3, #1
20006498:	045b      	lsls	r3, r3, #17
2000649a:	0c59      	lsrs	r1, r3, #17
2000649c:	2b00      	cmp	r3, #0
2000649e:	d100      	bne.n	200064a2 <alarm_pool_add_alarm_at_force_in_context+0x5a>
200064a0:	2101      	movs	r1, #1
200064a2:	8069      	strh	r1, [r5, #2]
200064a4:	0030      	movs	r0, r6
200064a6:	f7ff fdd9 	bl	2000605c <make_alarm_id>
200064aa:	6921      	ldr	r1, [r4, #16]
200064ac:	f3ef 8310 	mrs	r3, PRIMASK
200064b0:	b672      	cpsid	i
200064b2:	680a      	ldr	r2, [r1, #0]
200064b4:	2a00      	cmp	r2, #0
200064b6:	d0fc      	beq.n	200064b2 <alarm_pool_add_alarm_at_force_in_context+0x6a>
200064b8:	f3bf 8f5f 	dmb	sy
200064bc:	88a2      	ldrh	r2, [r4, #4]
200064be:	802a      	strh	r2, [r5, #0]
200064c0:	80a6      	strh	r6, [r4, #4]
200064c2:	6922      	ldr	r2, [r4, #16]
200064c4:	f3bf 8f5f 	dmb	sy
200064c8:	2100      	movs	r1, #0
200064ca:	6011      	str	r1, [r2, #0]
200064cc:	f383 8810 	msr	PRIMASK, r3
200064d0:	68e3      	ldr	r3, [r4, #12]
200064d2:	7821      	ldrb	r1, [r4, #0]
200064d4:	2201      	movs	r2, #1
200064d6:	408a      	lsls	r2, r1
200064d8:	4903      	ldr	r1, [pc, #12]	@ (200064e8 <alarm_pool_add_alarm_at_force_in_context+0xa0>)
200064da:	468c      	mov	ip, r1
200064dc:	4463      	add	r3, ip
200064de:	601a      	str	r2, [r3, #0]
200064e0:	bdf8      	pop	{r3, r4, r5, r6, r7, pc}
200064e2:	2001      	movs	r0, #1
200064e4:	4240      	negs	r0, r0
200064e6:	e7fb      	b.n	200064e0 <alarm_pool_add_alarm_at_force_in_context+0x98>
200064e8:	0000203c 	.word	0x0000203c

200064ec <alarm_pool_add_alarm_at>:
200064ec:	b570      	push	{r4, r5, r6, lr}
200064ee:	b082      	sub	sp, #8
200064f0:	0006      	movs	r6, r0
200064f2:	0014      	movs	r4, r2
200064f4:	001d      	movs	r5, r3
200064f6:	ab08      	add	r3, sp, #32
200064f8:	781b      	ldrb	r3, [r3, #0]
200064fa:	2b00      	cmp	r3, #0
200064fc:	d107      	bne.n	2000650e <alarm_pool_add_alarm_at+0x22>
200064fe:	f000 f9e3 	bl	200068c8 <time_us_64>
20006502:	0022      	movs	r2, r4
20006504:	002b      	movs	r3, r5
20006506:	1a12      	subs	r2, r2, r0
20006508:	418b      	sbcs	r3, r1
2000650a:	2b00      	cmp	r3, #0
2000650c:	db0a      	blt.n	20006524 <alarm_pool_add_alarm_at+0x38>
2000650e:	9b07      	ldr	r3, [sp, #28]
20006510:	9301      	str	r3, [sp, #4]
20006512:	9b06      	ldr	r3, [sp, #24]
20006514:	9300      	str	r3, [sp, #0]
20006516:	0022      	movs	r2, r4
20006518:	002b      	movs	r3, r5
2000651a:	0030      	movs	r0, r6
2000651c:	f7ff ff94 	bl	20006448 <alarm_pool_add_alarm_at_force_in_context>
20006520:	b002      	add	sp, #8
20006522:	bd70      	pop	{r4, r5, r6, pc}
20006524:	2000      	movs	r0, #0
20006526:	e7fb      	b.n	20006520 <alarm_pool_add_alarm_at+0x34>

20006528 <add_alarm_at>:
20006528:	b5f0      	push	{r4, r5, r6, r7, lr}
2000652a:	46c6      	mov	lr, r8
2000652c:	b500      	push	{lr}
2000652e:	b084      	sub	sp, #16
20006530:	4680      	mov	r8, r0
20006532:	000f      	movs	r7, r1
20006534:	0016      	movs	r6, r2
20006536:	001d      	movs	r5, r3
20006538:	ab0a      	add	r3, sp, #40	@ 0x28
2000653a:	781c      	ldrb	r4, [r3, #0]
2000653c:	f7ff ff6e 	bl	2000641c <alarm_pool_get_default>
20006540:	9402      	str	r4, [sp, #8]
20006542:	9501      	str	r5, [sp, #4]
20006544:	9600      	str	r6, [sp, #0]
20006546:	4642      	mov	r2, r8
20006548:	003b      	movs	r3, r7
2000654a:	f7ff ffcf 	bl	200064ec <alarm_pool_add_alarm_at>
2000654e:	b004      	add	sp, #16
20006550:	bc80      	pop	{r7}
20006552:	46b8      	mov	r8, r7
20006554:	bdf0      	pop	{r4, r5, r6, r7, pc}
	...

20006558 <alarm_pool_cancel_alarm>:
20006558:	b530      	push	{r4, r5, lr}
2000655a:	0004      	movs	r4, r0
2000655c:	140a      	asrs	r2, r1, #16
2000655e:	8943      	ldrh	r3, [r0, #10]
20006560:	429a      	cmp	r2, r3
20006562:	da30      	bge.n	200065c6 <alarm_pool_cancel_alarm+0x6e>
20006564:	6940      	ldr	r0, [r0, #20]
20006566:	0053      	lsls	r3, r2, #1
20006568:	189b      	adds	r3, r3, r2
2000656a:	00db      	lsls	r3, r3, #3
2000656c:	18c3      	adds	r3, r0, r3
2000656e:	6922      	ldr	r2, [r4, #16]
20006570:	4694      	mov	ip, r2
20006572:	f3ef 8210 	mrs	r2, PRIMASK
20006576:	b672      	cpsid	i
20006578:	4660      	mov	r0, ip
2000657a:	6800      	ldr	r0, [r0, #0]
2000657c:	2800      	cmp	r0, #0
2000657e:	d0fb      	beq.n	20006578 <alarm_pool_cancel_alarm+0x20>
20006580:	f3bf 8f5f 	dmb	sy
20006584:	8858      	ldrh	r0, [r3, #2]
20006586:	b285      	uxth	r5, r0
20006588:	0409      	lsls	r1, r1, #16
2000658a:	0c09      	lsrs	r1, r1, #16
2000658c:	4288      	cmp	r0, r1
2000658e:	d012      	beq.n	200065b6 <alarm_pool_cancel_alarm+0x5e>
20006590:	2000      	movs	r0, #0
20006592:	6923      	ldr	r3, [r4, #16]
20006594:	f3bf 8f5f 	dmb	sy
20006598:	2100      	movs	r1, #0
2000659a:	6019      	str	r1, [r3, #0]
2000659c:	f382 8810 	msr	PRIMASK, r2
200065a0:	2800      	cmp	r0, #0
200065a2:	d011      	beq.n	200065c8 <alarm_pool_cancel_alarm+0x70>
200065a4:	68e3      	ldr	r3, [r4, #12]
200065a6:	7821      	ldrb	r1, [r4, #0]
200065a8:	2201      	movs	r2, #1
200065aa:	408a      	lsls	r2, r1
200065ac:	4907      	ldr	r1, [pc, #28]	@ (200065cc <alarm_pool_cancel_alarm+0x74>)
200065ae:	468c      	mov	ip, r1
200065b0:	4463      	add	r3, ip
200065b2:	601a      	str	r2, [r3, #0]
200065b4:	e008      	b.n	200065c8 <alarm_pool_cancel_alarm+0x70>
200065b6:	4906      	ldr	r1, [pc, #24]	@ (200065d0 <alarm_pool_cancel_alarm+0x78>)
200065b8:	4329      	orrs	r1, r5
200065ba:	b289      	uxth	r1, r1
200065bc:	8059      	strh	r1, [r3, #2]
200065be:	2301      	movs	r3, #1
200065c0:	71a3      	strb	r3, [r4, #6]
200065c2:	2001      	movs	r0, #1
200065c4:	e7e5      	b.n	20006592 <alarm_pool_cancel_alarm+0x3a>
200065c6:	2000      	movs	r0, #0
200065c8:	bd30      	pop	{r4, r5, pc}
200065ca:	46c0      	nop			@ (mov r8, r8)
200065cc:	0000203c 	.word	0x0000203c
200065d0:	ffff8000 	.word	0xffff8000

200065d4 <cancel_alarm>:
200065d4:	b510      	push	{r4, lr}
200065d6:	0004      	movs	r4, r0
200065d8:	f7ff ff20 	bl	2000641c <alarm_pool_get_default>
200065dc:	0021      	movs	r1, r4
200065de:	f7ff ffbb 	bl	20006558 <alarm_pool_cancel_alarm>
200065e2:	bd10      	pop	{r4, pc}

200065e4 <sleep_until>:
200065e4:	b5f0      	push	{r4, r5, r6, r7, lr}
200065e6:	b083      	sub	sp, #12
200065e8:	0006      	movs	r6, r0
200065ea:	000f      	movs	r7, r1
200065ec:	f3ef 8305 	mrs	r3, IPSR
200065f0:	2b00      	cmp	r3, #0
200065f2:	d11a      	bne.n	2000662a <sleep_until+0x46>
200065f4:	2406      	movs	r4, #6
200065f6:	4264      	negs	r4, r4
200065f8:	17e5      	asrs	r5, r4, #31
200065fa:	19a4      	adds	r4, r4, r6
200065fc:	417d      	adcs	r5, r7
200065fe:	428d      	cmp	r5, r1
20006600:	d802      	bhi.n	20006608 <sleep_until+0x24>
20006602:	d103      	bne.n	2000660c <sleep_until+0x28>
20006604:	4284      	cmp	r4, r0
20006606:	d901      	bls.n	2000660c <sleep_until+0x28>
20006608:	2400      	movs	r4, #0
2000660a:	2500      	movs	r5, #0
2000660c:	f000 f95c 	bl	200068c8 <time_us_64>
20006610:	0022      	movs	r2, r4
20006612:	002b      	movs	r3, r5
20006614:	1a12      	subs	r2, r2, r0
20006616:	418b      	sbcs	r3, r1
20006618:	2b00      	cmp	r3, #0
2000661a:	dc0b      	bgt.n	20006634 <sleep_until+0x50>
2000661c:	d008      	beq.n	20006630 <sleep_until+0x4c>
2000661e:	0030      	movs	r0, r6
20006620:	0039      	movs	r1, r7
20006622:	f000 f979 	bl	20006918 <busy_wait_until>
20006626:	b003      	add	sp, #12
20006628:	bdf0      	pop	{r4, r5, r6, r7, pc}
2000662a:	4816      	ldr	r0, [pc, #88]	@ (20006684 <sleep_until+0xa0>)
2000662c:	f7ff f8c6 	bl	200057bc <panic>
20006630:	2a00      	cmp	r2, #0
20006632:	d0f4      	beq.n	2000661e <sleep_until+0x3a>
20006634:	4a14      	ldr	r2, [pc, #80]	@ (20006688 <sleep_until+0xa4>)
20006636:	2300      	movs	r3, #0
20006638:	9300      	str	r3, [sp, #0]
2000663a:	0020      	movs	r0, r4
2000663c:	0029      	movs	r1, r5
2000663e:	f7ff ff73 	bl	20006528 <add_alarm_at>
20006642:	2800      	cmp	r0, #0
20006644:	da13      	bge.n	2000666e <sleep_until+0x8a>
20006646:	e7ea      	b.n	2000661e <sleep_until+0x3a>
20006648:	4b10      	ldr	r3, [pc, #64]	@ (2000668c <sleep_until+0xa8>)
2000664a:	6819      	ldr	r1, [r3, #0]
2000664c:	f3ef 8310 	mrs	r3, PRIMASK
20006650:	b672      	cpsid	i
20006652:	680a      	ldr	r2, [r1, #0]
20006654:	2a00      	cmp	r2, #0
20006656:	d0fc      	beq.n	20006652 <sleep_until+0x6e>
20006658:	f3bf 8f5f 	dmb	sy
2000665c:	4a0b      	ldr	r2, [pc, #44]	@ (2000668c <sleep_until+0xa8>)
2000665e:	6812      	ldr	r2, [r2, #0]
20006660:	f3bf 8f5f 	dmb	sy
20006664:	2100      	movs	r1, #0
20006666:	6011      	str	r1, [r2, #0]
20006668:	f383 8810 	msr	PRIMASK, r3
2000666c:	bf20      	wfe
2000666e:	4b08      	ldr	r3, [pc, #32]	@ (20006690 <sleep_until+0xac>)
20006670:	6a5b      	ldr	r3, [r3, #36]	@ 0x24
20006672:	429d      	cmp	r5, r3
20006674:	d8e8      	bhi.n	20006648 <sleep_until+0x64>
20006676:	4906      	ldr	r1, [pc, #24]	@ (20006690 <sleep_until+0xac>)
20006678:	6a89      	ldr	r1, [r1, #40]	@ 0x28
2000667a:	42a1      	cmp	r1, r4
2000667c:	d2cf      	bcs.n	2000661e <sleep_until+0x3a>
2000667e:	429d      	cmp	r5, r3
20006680:	d1cd      	bne.n	2000661e <sleep_until+0x3a>
20006682:	e7e1      	b.n	20006648 <sleep_until+0x64>
20006684:	2000d120 	.word	0x2000d120
20006688:	20006065 	.word	0x20006065
2000668c:	20030654 	.word	0x20030654
20006690:	40054000 	.word	0x40054000

20006694 <sleep_us>:
20006694:	b570      	push	{r4, r5, r6, lr}
20006696:	0004      	movs	r4, r0
20006698:	000d      	movs	r5, r1
2000669a:	f000 f915 	bl	200068c8 <time_us_64>
2000669e:	0022      	movs	r2, r4
200066a0:	002b      	movs	r3, r5
200066a2:	1812      	adds	r2, r2, r0
200066a4:	414b      	adcs	r3, r1
200066a6:	0010      	movs	r0, r2
200066a8:	1e19      	subs	r1, r3, #0
200066aa:	db02      	blt.n	200066b2 <sleep_us+0x1e>
200066ac:	f7ff ff9a 	bl	200065e4 <sleep_until>
200066b0:	bd70      	pop	{r4, r5, r6, pc}
200066b2:	2001      	movs	r0, #1
200066b4:	4240      	negs	r0, r0
200066b6:	4901      	ldr	r1, [pc, #4]	@ (200066bc <sleep_us+0x28>)
200066b8:	e7f8      	b.n	200066ac <sleep_us+0x18>
200066ba:	46c0      	nop			@ (mov r8, r8)
200066bc:	7fffffff 	.word	0x7fffffff

200066c0 <sleep_ms>:
200066c0:	b510      	push	{r4, lr}
200066c2:	22fa      	movs	r2, #250	@ 0xfa
200066c4:	0092      	lsls	r2, r2, #2
200066c6:	2300      	movs	r3, #0
200066c8:	2100      	movs	r1, #0
200066ca:	f001 fc1f 	bl	20007f0c <__wrap___aeabi_lmul>
200066ce:	f7ff ffe1 	bl	20006694 <sleep_us>
200066d2:	bd10      	pop	{r4, pc}

200066d4 <best_effort_wfe_or_timeout>:
200066d4:	b5f0      	push	{r4, r5, r6, r7, lr}
200066d6:	46c6      	mov	lr, r8
200066d8:	b500      	push	{lr}
200066da:	b084      	sub	sp, #16
200066dc:	4680      	mov	r8, r0
200066de:	9103      	str	r1, [sp, #12]
200066e0:	f3ef 8305 	mrs	r3, IPSR
200066e4:	2b00      	cmp	r3, #0
200066e6:	d12b      	bne.n	20006740 <best_effort_wfe_or_timeout+0x6c>
200066e8:	4b47      	ldr	r3, [pc, #284]	@ (20006808 <best_effort_wfe_or_timeout+0x134>)
200066ea:	681a      	ldr	r2, [r3, #0]
200066ec:	685b      	ldr	r3, [r3, #4]
200066ee:	4282      	cmp	r2, r0
200066f0:	d039      	beq.n	20006766 <best_effort_wfe_or_timeout+0x92>
200066f2:	f7ff fe93 	bl	2000641c <alarm_pool_get_default>
200066f6:	68c3      	ldr	r3, [r0, #12]
200066f8:	001f      	movs	r7, r3
200066fa:	7806      	ldrb	r6, [r0, #0]
200066fc:	4642      	mov	r2, r8
200066fe:	0014      	movs	r4, r2
20006700:	9a03      	ldr	r2, [sp, #12]
20006702:	0015      	movs	r5, r2
20006704:	0018      	movs	r0, r3
20006706:	f000 f8af 	bl	20006868 <timer_time_us_64>
2000670a:	0002      	movs	r2, r0
2000670c:	000b      	movs	r3, r1
2000670e:	1aa4      	subs	r4, r4, r2
20006710:	419d      	sbcs	r5, r3
20006712:	0022      	movs	r2, r4
20006714:	1d31      	adds	r1, r6, #4
20006716:	0089      	lsls	r1, r1, #2
20006718:	59c9      	ldr	r1, [r1, r7]
2000671a:	1a09      	subs	r1, r1, r0
2000671c:	2000      	movs	r0, #0
2000671e:	42a8      	cmp	r0, r5
20006720:	dc27      	bgt.n	20006772 <best_effort_wfe_or_timeout+0x9e>
20006722:	d024      	beq.n	2000676e <best_effort_wfe_or_timeout+0x9a>
20006724:	bf20      	wfe
20006726:	9a03      	ldr	r2, [sp, #12]
20006728:	4b38      	ldr	r3, [pc, #224]	@ (2000680c <best_effort_wfe_or_timeout+0x138>)
2000672a:	6a5b      	ldr	r3, [r3, #36]	@ 0x24
2000672c:	429a      	cmp	r2, r3
2000672e:	d84b      	bhi.n	200067c8 <best_effort_wfe_or_timeout+0xf4>
20006730:	4936      	ldr	r1, [pc, #216]	@ (2000680c <best_effort_wfe_or_timeout+0x138>)
20006732:	6a89      	ldr	r1, [r1, #40]	@ 0x28
20006734:	4541      	cmp	r1, r8
20006736:	d24c      	bcs.n	200067d2 <best_effort_wfe_or_timeout+0xfe>
20006738:	429a      	cmp	r2, r3
2000673a:	d043      	beq.n	200067c4 <best_effort_wfe_or_timeout+0xf0>
2000673c:	2001      	movs	r0, #1
2000673e:	e044      	b.n	200067ca <best_effort_wfe_or_timeout+0xf6>
20006740:	000b      	movs	r3, r1
20006742:	4a32      	ldr	r2, [pc, #200]	@ (2000680c <best_effort_wfe_or_timeout+0x138>)
20006744:	6a52      	ldr	r2, [r2, #36]	@ 0x24
20006746:	428a      	cmp	r2, r1
20006748:	d309      	bcc.n	2000675e <best_effort_wfe_or_timeout+0x8a>
2000674a:	4930      	ldr	r1, [pc, #192]	@ (2000680c <best_effort_wfe_or_timeout+0x138>)
2000674c:	6a89      	ldr	r1, [r1, #40]	@ 0x28
2000674e:	4288      	cmp	r0, r1
20006750:	d907      	bls.n	20006762 <best_effort_wfe_or_timeout+0x8e>
20006752:	429a      	cmp	r2, r3
20006754:	d001      	beq.n	2000675a <best_effort_wfe_or_timeout+0x86>
20006756:	2001      	movs	r0, #1
20006758:	e037      	b.n	200067ca <best_effort_wfe_or_timeout+0xf6>
2000675a:	2000      	movs	r0, #0
2000675c:	e035      	b.n	200067ca <best_effort_wfe_or_timeout+0xf6>
2000675e:	2000      	movs	r0, #0
20006760:	e033      	b.n	200067ca <best_effort_wfe_or_timeout+0xf6>
20006762:	2001      	movs	r0, #1
20006764:	e031      	b.n	200067ca <best_effort_wfe_or_timeout+0xf6>
20006766:	9a03      	ldr	r2, [sp, #12]
20006768:	4293      	cmp	r3, r2
2000676a:	d1c2      	bne.n	200066f2 <best_effort_wfe_or_timeout+0x1e>
2000676c:	e7da      	b.n	20006724 <best_effort_wfe_or_timeout+0x50>
2000676e:	4291      	cmp	r1, r2
20006770:	d9d8      	bls.n	20006724 <best_effort_wfe_or_timeout+0x50>
20006772:	4a27      	ldr	r2, [pc, #156]	@ (20006810 <best_effort_wfe_or_timeout+0x13c>)
20006774:	2300      	movs	r3, #0
20006776:	9300      	str	r3, [sp, #0]
20006778:	4645      	mov	r5, r8
2000677a:	0028      	movs	r0, r5
2000677c:	9c03      	ldr	r4, [sp, #12]
2000677e:	0021      	movs	r1, r4
20006780:	f7ff fed2 	bl	20006528 <add_alarm_at>
20006784:	2800      	cmp	r0, #0
20006786:	dd26      	ble.n	200067d6 <best_effort_wfe_or_timeout+0x102>
20006788:	4b1f      	ldr	r3, [pc, #124]	@ (20006808 <best_effort_wfe_or_timeout+0x134>)
2000678a:	601d      	str	r5, [r3, #0]
2000678c:	9903      	ldr	r1, [sp, #12]
2000678e:	6059      	str	r1, [r3, #4]
20006790:	000d      	movs	r5, r1
20006792:	4b1e      	ldr	r3, [pc, #120]	@ (2000680c <best_effort_wfe_or_timeout+0x138>)
20006794:	6a5b      	ldr	r3, [r3, #36]	@ 0x24
20006796:	4299      	cmp	r1, r3
20006798:	d805      	bhi.n	200067a6 <best_effort_wfe_or_timeout+0xd2>
2000679a:	4a1c      	ldr	r2, [pc, #112]	@ (2000680c <best_effort_wfe_or_timeout+0x138>)
2000679c:	6a92      	ldr	r2, [r2, #40]	@ 0x28
2000679e:	4542      	cmp	r2, r8
200067a0:	d202      	bcs.n	200067a8 <best_effort_wfe_or_timeout+0xd4>
200067a2:	4299      	cmp	r1, r3
200067a4:	d100      	bne.n	200067a8 <best_effort_wfe_or_timeout+0xd4>
200067a6:	bf20      	wfe
200067a8:	f7ff ff14 	bl	200065d4 <cancel_alarm>
200067ac:	4b17      	ldr	r3, [pc, #92]	@ (2000680c <best_effort_wfe_or_timeout+0x138>)
200067ae:	6a5b      	ldr	r3, [r3, #36]	@ 0x24
200067b0:	429d      	cmp	r5, r3
200067b2:	d824      	bhi.n	200067fe <best_effort_wfe_or_timeout+0x12a>
200067b4:	4a15      	ldr	r2, [pc, #84]	@ (2000680c <best_effort_wfe_or_timeout+0x138>)
200067b6:	6a92      	ldr	r2, [r2, #40]	@ 0x28
200067b8:	4542      	cmp	r2, r8
200067ba:	d222      	bcs.n	20006802 <best_effort_wfe_or_timeout+0x12e>
200067bc:	429d      	cmp	r5, r3
200067be:	d01c      	beq.n	200067fa <best_effort_wfe_or_timeout+0x126>
200067c0:	2001      	movs	r0, #1
200067c2:	e002      	b.n	200067ca <best_effort_wfe_or_timeout+0xf6>
200067c4:	2000      	movs	r0, #0
200067c6:	e000      	b.n	200067ca <best_effort_wfe_or_timeout+0xf6>
200067c8:	2000      	movs	r0, #0
200067ca:	b004      	add	sp, #16
200067cc:	bc80      	pop	{r7}
200067ce:	46b8      	mov	r8, r7
200067d0:	bdf0      	pop	{r4, r5, r6, r7, pc}
200067d2:	2001      	movs	r0, #1
200067d4:	e7f9      	b.n	200067ca <best_effort_wfe_or_timeout+0xf6>
200067d6:	4b0d      	ldr	r3, [pc, #52]	@ (2000680c <best_effort_wfe_or_timeout+0x138>)
200067d8:	6a5b      	ldr	r3, [r3, #36]	@ 0x24
200067da:	429c      	cmp	r4, r3
200067dc:	d809      	bhi.n	200067f2 <best_effort_wfe_or_timeout+0x11e>
200067de:	490b      	ldr	r1, [pc, #44]	@ (2000680c <best_effort_wfe_or_timeout+0x138>)
200067e0:	6a89      	ldr	r1, [r1, #40]	@ 0x28
200067e2:	4541      	cmp	r1, r8
200067e4:	d207      	bcs.n	200067f6 <best_effort_wfe_or_timeout+0x122>
200067e6:	429c      	cmp	r4, r3
200067e8:	d001      	beq.n	200067ee <best_effort_wfe_or_timeout+0x11a>
200067ea:	2001      	movs	r0, #1
200067ec:	e7ed      	b.n	200067ca <best_effort_wfe_or_timeout+0xf6>
200067ee:	2000      	movs	r0, #0
200067f0:	e7eb      	b.n	200067ca <best_effort_wfe_or_timeout+0xf6>
200067f2:	2000      	movs	r0, #0
200067f4:	e7e9      	b.n	200067ca <best_effort_wfe_or_timeout+0xf6>
200067f6:	2001      	movs	r0, #1
200067f8:	e7e7      	b.n	200067ca <best_effort_wfe_or_timeout+0xf6>
200067fa:	2000      	movs	r0, #0
200067fc:	e7e5      	b.n	200067ca <best_effort_wfe_or_timeout+0xf6>
200067fe:	2000      	movs	r0, #0
20006800:	e7e3      	b.n	200067ca <best_effort_wfe_or_timeout+0xf6>
20006802:	2001      	movs	r0, #1
20006804:	e7e1      	b.n	200067ca <best_effort_wfe_or_timeout+0xf6>
20006806:	46c0      	nop			@ (mov r8, r8)
20006808:	2000db48 	.word	0x2000db48
2000680c:	40054000 	.word	0x40054000
20006810:	20006065 	.word	0x20006065

20006814 <alarm_pool_get_default_timer>:
20006814:	4800      	ldr	r0, [pc, #0]	@ (20006818 <alarm_pool_get_default_timer+0x4>)
20006816:	4770      	bx	lr
20006818:	40054000 	.word	0x40054000

2000681c <runtime_init_default_alarm_pool>:
2000681c:	b510      	push	{r4, lr}
2000681e:	4b0b      	ldr	r3, [pc, #44]	@ (2000684c <runtime_init_default_alarm_pool+0x30>)
20006820:	691b      	ldr	r3, [r3, #16]
20006822:	2b00      	cmp	r3, #0
20006824:	d004      	beq.n	20006830 <runtime_init_default_alarm_pool+0x14>
20006826:	480a      	ldr	r0, [pc, #40]	@ (20006850 <runtime_init_default_alarm_pool+0x34>)
20006828:	210a      	movs	r1, #10
2000682a:	f7ff fbb9 	bl	20005fa0 <lock_init>
2000682e:	bd10      	pop	{r4, pc}
20006830:	f7ff fff0 	bl	20006814 <alarm_pool_get_default_timer>
20006834:	0004      	movs	r4, r0
20006836:	2103      	movs	r1, #3
20006838:	f000 f80c 	bl	20006854 <timer_hardware_alarm_claim>
2000683c:	4803      	ldr	r0, [pc, #12]	@ (2000684c <runtime_init_default_alarm_pool+0x30>)
2000683e:	2310      	movs	r3, #16
20006840:	2203      	movs	r2, #3
20006842:	0021      	movs	r1, r4
20006844:	f7ff fdb6 	bl	200063b4 <alarm_pool_post_alloc_init>
20006848:	e7ed      	b.n	20006826 <runtime_init_default_alarm_pool+0xa>
2000684a:	46c0      	nop			@ (mov r8, r8)
2000684c:	2000db50 	.word	0x2000db50
20006850:	20030654 	.word	0x20030654

20006854 <timer_hardware_alarm_claim>:
20006854:	b510      	push	{r4, lr}
20006856:	4a02      	ldr	r2, [pc, #8]	@ (20006860 <timer_hardware_alarm_claim+0xc>)
20006858:	4802      	ldr	r0, [pc, #8]	@ (20006864 <timer_hardware_alarm_claim+0x10>)
2000685a:	f7fe ffe8 	bl	2000582e <hw_claim_or_assert>
2000685e:	bd10      	pop	{r4, pc}
20006860:	2000d170 	.word	0x2000d170
20006864:	2000fe04 	.word	0x2000fe04

20006868 <timer_time_us_64>:
20006868:	0002      	movs	r2, r0
2000686a:	6a43      	ldr	r3, [r0, #36]	@ 0x24
2000686c:	6a90      	ldr	r0, [r2, #40]	@ 0x28
2000686e:	0019      	movs	r1, r3
20006870:	6a53      	ldr	r3, [r2, #36]	@ 0x24
20006872:	4299      	cmp	r1, r3
20006874:	d1fa      	bne.n	2000686c <timer_time_us_64+0x4>
20006876:	4770      	bx	lr

20006878 <timer_busy_wait_until>:
20006878:	6a41      	ldr	r1, [r0, #36]	@ 0x24
2000687a:	e000      	b.n	2000687e <timer_busy_wait_until+0x6>
2000687c:	6a41      	ldr	r1, [r0, #36]	@ 0x24
2000687e:	4299      	cmp	r1, r3
20006880:	d3fc      	bcc.n	2000687c <timer_busy_wait_until+0x4>
20006882:	e000      	b.n	20006886 <timer_busy_wait_until+0xe>
20006884:	6a41      	ldr	r1, [r0, #36]	@ 0x24
20006886:	4299      	cmp	r1, r3
20006888:	d102      	bne.n	20006890 <timer_busy_wait_until+0x18>
2000688a:	6a81      	ldr	r1, [r0, #40]	@ 0x28
2000688c:	4291      	cmp	r1, r2
2000688e:	d3f9      	bcc.n	20006884 <timer_busy_wait_until+0xc>
20006890:	4770      	bx	lr

20006892 <timer_busy_wait_us>:
20006892:	b570      	push	{r4, r5, r6, lr}
20006894:	0006      	movs	r6, r0
20006896:	0014      	movs	r4, r2
20006898:	001d      	movs	r5, r3
2000689a:	f7ff ffe5 	bl	20006868 <timer_time_us_64>
2000689e:	0002      	movs	r2, r0
200068a0:	000b      	movs	r3, r1
200068a2:	0010      	movs	r0, r2
200068a4:	0019      	movs	r1, r3
200068a6:	0022      	movs	r2, r4
200068a8:	002b      	movs	r3, r5
200068aa:	1812      	adds	r2, r2, r0
200068ac:	414b      	adcs	r3, r1
200068ae:	4299      	cmp	r1, r3
200068b0:	d802      	bhi.n	200068b8 <timer_busy_wait_us+0x26>
200068b2:	d104      	bne.n	200068be <timer_busy_wait_us+0x2c>
200068b4:	4290      	cmp	r0, r2
200068b6:	d902      	bls.n	200068be <timer_busy_wait_us+0x2c>
200068b8:	2201      	movs	r2, #1
200068ba:	4252      	negs	r2, r2
200068bc:	17d3      	asrs	r3, r2, #31
200068be:	0030      	movs	r0, r6
200068c0:	f7ff ffda 	bl	20006878 <timer_busy_wait_until>
200068c4:	bd70      	pop	{r4, r5, r6, pc}
	...

200068c8 <time_us_64>:
200068c8:	b510      	push	{r4, lr}
200068ca:	4802      	ldr	r0, [pc, #8]	@ (200068d4 <time_us_64+0xc>)
200068cc:	f7ff ffcc 	bl	20006868 <timer_time_us_64>
200068d0:	bd10      	pop	{r4, pc}
200068d2:	46c0      	nop			@ (mov r8, r8)
200068d4:	40054000 	.word	0x40054000

200068d8 <busy_wait_us>:
200068d8:	b510      	push	{r4, lr}
200068da:	0002      	movs	r2, r0
200068dc:	000b      	movs	r3, r1
200068de:	4802      	ldr	r0, [pc, #8]	@ (200068e8 <busy_wait_us+0x10>)
200068e0:	f7ff ffd7 	bl	20006892 <timer_busy_wait_us>
200068e4:	bd10      	pop	{r4, pc}
200068e6:	46c0      	nop			@ (mov r8, r8)
200068e8:	40054000 	.word	0x40054000

200068ec <timer_busy_wait_us_32>:
200068ec:	b510      	push	{r4, lr}
200068ee:	2900      	cmp	r1, #0
200068f0:	db05      	blt.n	200068fe <timer_busy_wait_us_32+0x12>
200068f2:	6a82      	ldr	r2, [r0, #40]	@ 0x28
200068f4:	6a83      	ldr	r3, [r0, #40]	@ 0x28
200068f6:	1a9b      	subs	r3, r3, r2
200068f8:	428b      	cmp	r3, r1
200068fa:	d3fb      	bcc.n	200068f4 <timer_busy_wait_us_32+0x8>
200068fc:	bd10      	pop	{r4, pc}
200068fe:	0008      	movs	r0, r1
20006900:	2100      	movs	r1, #0
20006902:	f7ff ffe9 	bl	200068d8 <busy_wait_us>
20006906:	e7f9      	b.n	200068fc <timer_busy_wait_us_32+0x10>

20006908 <busy_wait_us_32>:
20006908:	b510      	push	{r4, lr}
2000690a:	0001      	movs	r1, r0
2000690c:	4801      	ldr	r0, [pc, #4]	@ (20006914 <busy_wait_us_32+0xc>)
2000690e:	f7ff ffed 	bl	200068ec <timer_busy_wait_us_32>
20006912:	bd10      	pop	{r4, pc}
20006914:	40054000 	.word	0x40054000

20006918 <busy_wait_until>:
20006918:	b510      	push	{r4, lr}
2000691a:	0002      	movs	r2, r0
2000691c:	000b      	movs	r3, r1
2000691e:	4802      	ldr	r0, [pc, #8]	@ (20006928 <busy_wait_until+0x10>)
20006920:	f7ff ffaa 	bl	20006878 <timer_busy_wait_until>
20006924:	bd10      	pop	{r4, pc}
20006926:	46c0      	nop			@ (mov r8, r8)
20006928:	40054000 	.word	0x40054000

2000692c <uart_unreset>:
2000692c:	4b07      	ldr	r3, [pc, #28]	@ (2000694c <uart_unreset+0x20>)
2000692e:	4298      	cmp	r0, r3
20006930:	d00a      	beq.n	20006948 <uart_unreset+0x1c>
20006932:	2316      	movs	r3, #22
20006934:	2201      	movs	r2, #1
20006936:	409a      	lsls	r2, r3
20006938:	4b05      	ldr	r3, [pc, #20]	@ (20006950 <uart_unreset+0x24>)
2000693a:	601a      	str	r2, [r3, #0]
2000693c:	4b05      	ldr	r3, [pc, #20]	@ (20006954 <uart_unreset+0x28>)
2000693e:	681b      	ldr	r3, [r3, #0]
20006940:	0011      	movs	r1, r2
20006942:	4399      	bics	r1, r3
20006944:	d1fa      	bne.n	2000693c <uart_unreset+0x10>
20006946:	4770      	bx	lr
20006948:	2317      	movs	r3, #23
2000694a:	e7f3      	b.n	20006934 <uart_unreset+0x8>
2000694c:	40038000 	.word	0x40038000
20006950:	4000f000 	.word	0x4000f000
20006954:	4000c008 	.word	0x4000c008

20006958 <uart_disable_before_lcr_write>:
20006958:	b570      	push	{r4, r5, r6, lr}
2000695a:	6b04      	ldr	r4, [r0, #48]	@ 0x30
2000695c:	07e3      	lsls	r3, r4, #31
2000695e:	d401      	bmi.n	20006964 <uart_disable_before_lcr_write+0xc>
20006960:	0020      	movs	r0, r4
20006962:	bd70      	pop	{r4, r5, r6, pc}
20006964:	4b0b      	ldr	r3, [pc, #44]	@ (20006994 <uart_disable_before_lcr_write+0x3c>)
20006966:	18c3      	adds	r3, r0, r3
20006968:	4a0b      	ldr	r2, [pc, #44]	@ (20006998 <uart_disable_before_lcr_write+0x40>)
2000696a:	601a      	str	r2, [r3, #0]
2000696c:	6a43      	ldr	r3, [r0, #36]	@ 0x24
2000696e:	6a82      	ldr	r2, [r0, #40]	@ 0x28
20006970:	019b      	lsls	r3, r3, #6
20006972:	189b      	adds	r3, r3, r2
20006974:	029d      	lsls	r5, r3, #10
20006976:	2006      	movs	r0, #6
20006978:	f000 f936 	bl	20006be8 <clock_get_hz>
2000697c:	4907      	ldr	r1, [pc, #28]	@ (2000699c <uart_disable_before_lcr_write+0x44>)
2000697e:	f000 fc89 	bl	20007294 <__wrap___aeabi_uidiv>
20006982:	0001      	movs	r1, r0
20006984:	0028      	movs	r0, r5
20006986:	f000 fc85 	bl	20007294 <__wrap___aeabi_uidiv>
2000698a:	2100      	movs	r1, #0
2000698c:	f7ff ffa4 	bl	200068d8 <busy_wait_us>
20006990:	e7e6      	b.n	20006960 <uart_disable_before_lcr_write+0x8>
20006992:	46c0      	nop			@ (mov r8, r8)
20006994:	00003030 	.word	0x00003030
20006998:	00000301 	.word	0x00000301
2000699c:	00000e4e 	.word	0x00000e4e

200069a0 <uart_write_lcr_bits_masked>:
200069a0:	b570      	push	{r4, r5, r6, lr}
200069a2:	0004      	movs	r4, r0
200069a4:	000e      	movs	r6, r1
200069a6:	0015      	movs	r5, r2
200069a8:	f7ff ffd6 	bl	20006958 <uart_disable_before_lcr_write>
200069ac:	6ae1      	ldr	r1, [r4, #44]	@ 0x2c
200069ae:	0033      	movs	r3, r6
200069b0:	404b      	eors	r3, r1
200069b2:	0019      	movs	r1, r3
200069b4:	002b      	movs	r3, r5
200069b6:	400b      	ands	r3, r1
200069b8:	0019      	movs	r1, r3
200069ba:	4b02      	ldr	r3, [pc, #8]	@ (200069c4 <uart_write_lcr_bits_masked+0x24>)
200069bc:	18e3      	adds	r3, r4, r3
200069be:	6019      	str	r1, [r3, #0]
200069c0:	6320      	str	r0, [r4, #48]	@ 0x30
200069c2:	bd70      	pop	{r4, r5, r6, pc}
200069c4:	0000102c 	.word	0x0000102c

200069c8 <uart_set_baudrate>:
200069c8:	b570      	push	{r4, r5, r6, lr}
200069ca:	0005      	movs	r5, r0
200069cc:	000c      	movs	r4, r1
200069ce:	2006      	movs	r0, #6
200069d0:	f000 f90a 	bl	20006be8 <clock_get_hz>
200069d4:	00c0      	lsls	r0, r0, #3
200069d6:	0021      	movs	r1, r4
200069d8:	f000 fc5c 	bl	20007294 <__wrap___aeabi_uidiv>
200069dc:	3001      	adds	r0, #1
200069de:	09c6      	lsrs	r6, r0, #7
200069e0:	d007      	beq.n	200069f2 <uart_set_baudrate+0x2a>
200069e2:	4b0e      	ldr	r3, [pc, #56]	@ (20006a1c <uart_set_baudrate+0x54>)
200069e4:	429e      	cmp	r6, r3
200069e6:	d815      	bhi.n	20006a14 <uart_set_baudrate+0x4c>
200069e8:	0840      	lsrs	r0, r0, #1
200069ea:	0034      	movs	r4, r6
200069ec:	263f      	movs	r6, #63	@ 0x3f
200069ee:	4006      	ands	r6, r0
200069f0:	e000      	b.n	200069f4 <uart_set_baudrate+0x2c>
200069f2:	2401      	movs	r4, #1
200069f4:	626c      	str	r4, [r5, #36]	@ 0x24
200069f6:	62ae      	str	r6, [r5, #40]	@ 0x28
200069f8:	2200      	movs	r2, #0
200069fa:	2100      	movs	r1, #0
200069fc:	0028      	movs	r0, r5
200069fe:	f7ff ffcf 	bl	200069a0 <uart_write_lcr_bits_masked>
20006a02:	2006      	movs	r0, #6
20006a04:	f000 f8f0 	bl	20006be8 <clock_get_hz>
20006a08:	0080      	lsls	r0, r0, #2
20006a0a:	01a1      	lsls	r1, r4, #6
20006a0c:	1989      	adds	r1, r1, r6
20006a0e:	f000 fc41 	bl	20007294 <__wrap___aeabi_uidiv>
20006a12:	bd70      	pop	{r4, r5, r6, pc}
20006a14:	2600      	movs	r6, #0
20006a16:	4c02      	ldr	r4, [pc, #8]	@ (20006a20 <uart_set_baudrate+0x58>)
20006a18:	e7ec      	b.n	200069f4 <uart_set_baudrate+0x2c>
20006a1a:	46c0      	nop			@ (mov r8, r8)
20006a1c:	0000fffe 	.word	0x0000fffe
20006a20:	0000ffff 	.word	0x0000ffff

20006a24 <uart_set_format>:
20006a24:	b510      	push	{r4, lr}
20006a26:	3905      	subs	r1, #5
20006a28:	0149      	lsls	r1, r1, #5
20006a2a:	3a01      	subs	r2, #1
20006a2c:	00d2      	lsls	r2, r2, #3
20006a2e:	430a      	orrs	r2, r1
20006a30:	2b00      	cmp	r3, #0
20006a32:	d007      	beq.n	20006a44 <uart_set_format+0x20>
20006a34:	2102      	movs	r1, #2
20006a36:	430a      	orrs	r2, r1
20006a38:	2b01      	cmp	r3, #1
20006a3a:	d001      	beq.n	20006a40 <uart_set_format+0x1c>
20006a3c:	2100      	movs	r1, #0
20006a3e:	e002      	b.n	20006a46 <uart_set_format+0x22>
20006a40:	3102      	adds	r1, #2
20006a42:	e000      	b.n	20006a46 <uart_set_format+0x22>
20006a44:	2100      	movs	r1, #0
20006a46:	4311      	orrs	r1, r2
20006a48:	226e      	movs	r2, #110	@ 0x6e
20006a4a:	f7ff ffa9 	bl	200069a0 <uart_write_lcr_bits_masked>
20006a4e:	bd10      	pop	{r4, pc}

20006a50 <uart_set_fifo_enabled>:
20006a50:	b510      	push	{r4, lr}
20006a52:	2900      	cmp	r1, #0
20006a54:	d000      	beq.n	20006a58 <uart_set_fifo_enabled+0x8>
20006a56:	2110      	movs	r1, #16
20006a58:	2210      	movs	r2, #16
20006a5a:	f7ff ffa1 	bl	200069a0 <uart_write_lcr_bits_masked>
20006a5e:	bd10      	pop	{r4, pc}

20006a60 <uart_set_translate_crlf>:
20006a60:	2900      	cmp	r1, #0
20006a62:	d009      	beq.n	20006a78 <uart_set_translate_crlf+0x18>
20006a64:	220a      	movs	r2, #10
20006a66:	4b06      	ldr	r3, [pc, #24]	@ (20006a80 <uart_set_translate_crlf+0x20>)
20006a68:	469c      	mov	ip, r3
20006a6a:	4460      	add	r0, ip
20006a6c:	4243      	negs	r3, r0
20006a6e:	4158      	adcs	r0, r3
20006a70:	4b04      	ldr	r3, [pc, #16]	@ (20006a84 <uart_set_translate_crlf+0x24>)
20006a72:	0040      	lsls	r0, r0, #1
20006a74:	52c2      	strh	r2, [r0, r3]
20006a76:	4770      	bx	lr
20006a78:	2280      	movs	r2, #128	@ 0x80
20006a7a:	0052      	lsls	r2, r2, #1
20006a7c:	e7f3      	b.n	20006a66 <uart_set_translate_crlf+0x6>
20006a7e:	46c0      	nop			@ (mov r8, r8)
20006a80:	bffc8000 	.word	0xbffc8000
20006a84:	200308d0 	.word	0x200308d0

20006a88 <uart_init>:
20006a88:	b570      	push	{r4, r5, r6, lr}
20006a8a:	0004      	movs	r4, r0
20006a8c:	000d      	movs	r5, r1
20006a8e:	2006      	movs	r0, #6
20006a90:	f000 f8aa 	bl	20006be8 <clock_get_hz>
20006a94:	2800      	cmp	r0, #0
20006a96:	d01e      	beq.n	20006ad6 <uart_init+0x4e>
20006a98:	4b10      	ldr	r3, [pc, #64]	@ (20006adc <uart_init+0x54>)
20006a9a:	429c      	cmp	r4, r3
20006a9c:	d01c      	beq.n	20006ad8 <uart_init+0x50>
20006a9e:	2216      	movs	r2, #22
20006aa0:	2301      	movs	r3, #1
20006aa2:	4093      	lsls	r3, r2
20006aa4:	4a0e      	ldr	r2, [pc, #56]	@ (20006ae0 <uart_init+0x58>)
20006aa6:	6013      	str	r3, [r2, #0]
20006aa8:	0020      	movs	r0, r4
20006aaa:	f7ff ff3f 	bl	2000692c <uart_unreset>
20006aae:	2100      	movs	r1, #0
20006ab0:	0020      	movs	r0, r4
20006ab2:	f7ff ffd5 	bl	20006a60 <uart_set_translate_crlf>
20006ab6:	0029      	movs	r1, r5
20006ab8:	0020      	movs	r0, r4
20006aba:	f7ff ff85 	bl	200069c8 <uart_set_baudrate>
20006abe:	6ae2      	ldr	r2, [r4, #44]	@ 0x2c
20006ac0:	2370      	movs	r3, #112	@ 0x70
20006ac2:	405a      	eors	r2, r3
20006ac4:	330e      	adds	r3, #14
20006ac6:	4013      	ands	r3, r2
20006ac8:	4a06      	ldr	r2, [pc, #24]	@ (20006ae4 <uart_init+0x5c>)
20006aca:	18a2      	adds	r2, r4, r2
20006acc:	6013      	str	r3, [r2, #0]
20006ace:	4b06      	ldr	r3, [pc, #24]	@ (20006ae8 <uart_init+0x60>)
20006ad0:	6323      	str	r3, [r4, #48]	@ 0x30
20006ad2:	2303      	movs	r3, #3
20006ad4:	64a3      	str	r3, [r4, #72]	@ 0x48
20006ad6:	bd70      	pop	{r4, r5, r6, pc}
20006ad8:	2217      	movs	r2, #23
20006ada:	e7e1      	b.n	20006aa0 <uart_init+0x18>
20006adc:	40038000 	.word	0x40038000
20006ae0:	4000e000 	.word	0x4000e000
20006ae4:	0000102c 	.word	0x0000102c
20006ae8:	00000301 	.word	0x00000301

20006aec <clock_configure_internal>:
20006aec:	b5f8      	push	{r3, r4, r5, r6, r7, lr}
20006aee:	46ce      	mov	lr, r9
20006af0:	4647      	mov	r7, r8
20006af2:	b580      	push	{r7, lr}
20006af4:	0005      	movs	r5, r0
20006af6:	000e      	movs	r6, r1
20006af8:	4690      	mov	r8, r2
20006afa:	4699      	mov	r9, r3
20006afc:	0044      	lsls	r4, r0, #1
20006afe:	1824      	adds	r4, r4, r0
20006b00:	00a4      	lsls	r4, r4, #2
20006b02:	4b28      	ldr	r3, [pc, #160]	@ (20006ba4 <clock_configure_internal+0xb8>)
20006b04:	469c      	mov	ip, r3
20006b06:	4464      	add	r4, ip
20006b08:	6863      	ldr	r3, [r4, #4]
20006b0a:	9a08      	ldr	r2, [sp, #32]
20006b0c:	4293      	cmp	r3, r2
20006b0e:	d200      	bcs.n	20006b12 <clock_configure_internal+0x26>
20006b10:	6062      	str	r2, [r4, #4]
20006b12:	1f2f      	subs	r7, r5, #4
20006b14:	b2ff      	uxtb	r7, r7
20006b16:	2f01      	cmp	r7, #1
20006b18:	d92e      	bls.n	20006b78 <clock_configure_internal+0x8c>
20006b1a:	2280      	movs	r2, #128	@ 0x80
20006b1c:	0112      	lsls	r2, r2, #4
20006b1e:	23c0      	movs	r3, #192	@ 0xc0
20006b20:	019b      	lsls	r3, r3, #6
20006b22:	18e3      	adds	r3, r4, r3
20006b24:	601a      	str	r2, [r3, #0]
20006b26:	4b20      	ldr	r3, [pc, #128]	@ (20006ba8 <clock_configure_internal+0xbc>)
20006b28:	00aa      	lsls	r2, r5, #2
20006b2a:	58d1      	ldr	r1, [r2, r3]
20006b2c:	2900      	cmp	r1, #0
20006b2e:	d007      	beq.n	20006b40 <clock_configure_internal+0x54>
20006b30:	6958      	ldr	r0, [r3, #20]
20006b32:	f000 fbaf 	bl	20007294 <__wrap___aeabi_uidiv>
20006b36:	3001      	adds	r0, #1
20006b38:	0043      	lsls	r3, r0, #1
20006b3a:	181b      	adds	r3, r3, r0
20006b3c:	3b03      	subs	r3, #3
20006b3e:	d2fd      	bcs.n	20006b3c <clock_configure_internal+0x50>
20006b40:	4643      	mov	r3, r8
20006b42:	015b      	lsls	r3, r3, #5
20006b44:	6822      	ldr	r2, [r4, #0]
20006b46:	4053      	eors	r3, r2
20006b48:	22e0      	movs	r2, #224	@ 0xe0
20006b4a:	4013      	ands	r3, r2
20006b4c:	2280      	movs	r2, #128	@ 0x80
20006b4e:	0152      	lsls	r2, r2, #5
20006b50:	18a2      	adds	r2, r4, r2
20006b52:	6013      	str	r3, [r2, #0]
20006b54:	2f01      	cmp	r7, #1
20006b56:	d91a      	bls.n	20006b8e <clock_configure_internal+0xa2>
20006b58:	2380      	movs	r3, #128	@ 0x80
20006b5a:	019b      	lsls	r3, r3, #6
20006b5c:	18e3      	adds	r3, r4, r3
20006b5e:	2280      	movs	r2, #128	@ 0x80
20006b60:	0112      	lsls	r2, r2, #4
20006b62:	601a      	str	r2, [r3, #0]
20006b64:	9b08      	ldr	r3, [sp, #32]
20006b66:	6063      	str	r3, [r4, #4]
20006b68:	4b0f      	ldr	r3, [pc, #60]	@ (20006ba8 <clock_configure_internal+0xbc>)
20006b6a:	00ad      	lsls	r5, r5, #2
20006b6c:	464a      	mov	r2, r9
20006b6e:	50ea      	str	r2, [r5, r3]
20006b70:	bcc0      	pop	{r6, r7}
20006b72:	46b9      	mov	r9, r7
20006b74:	46b0      	mov	r8, r6
20006b76:	bdf8      	pop	{r3, r4, r5, r6, r7, pc}
20006b78:	2e01      	cmp	r6, #1
20006b7a:	d1ce      	bne.n	20006b1a <clock_configure_internal+0x2e>
20006b7c:	2203      	movs	r2, #3
20006b7e:	23c0      	movs	r3, #192	@ 0xc0
20006b80:	019b      	lsls	r3, r3, #6
20006b82:	18e3      	adds	r3, r4, r3
20006b84:	601a      	str	r2, [r3, #0]
20006b86:	68a3      	ldr	r3, [r4, #8]
20006b88:	07db      	lsls	r3, r3, #31
20006b8a:	d5fc      	bpl.n	20006b86 <clock_configure_internal+0x9a>
20006b8c:	e7d8      	b.n	20006b40 <clock_configure_internal+0x54>
20006b8e:	6821      	ldr	r1, [r4, #0]
20006b90:	4071      	eors	r1, r6
20006b92:	2303      	movs	r3, #3
20006b94:	400b      	ands	r3, r1
20006b96:	6013      	str	r3, [r2, #0]
20006b98:	68a3      	ldr	r3, [r4, #8]
20006b9a:	2201      	movs	r2, #1
20006b9c:	40b2      	lsls	r2, r6
20006b9e:	421a      	tst	r2, r3
20006ba0:	d0fa      	beq.n	20006b98 <clock_configure_internal+0xac>
20006ba2:	e7d9      	b.n	20006b58 <clock_configure_internal+0x6c>
20006ba4:	40008000 	.word	0x40008000
20006ba8:	2000fe0c 	.word	0x2000fe0c

20006bac <clock_configure_int_divider>:
20006bac:	b570      	push	{r4, r5, r6, lr}
20006bae:	b082      	sub	sp, #8
20006bb0:	0006      	movs	r6, r0
20006bb2:	000d      	movs	r5, r1
20006bb4:	0014      	movs	r4, r2
20006bb6:	0018      	movs	r0, r3
20006bb8:	9906      	ldr	r1, [sp, #24]
20006bba:	f000 fb6b 	bl	20007294 <__wrap___aeabi_uidiv>
20006bbe:	0003      	movs	r3, r0
20006bc0:	9a06      	ldr	r2, [sp, #24]
20006bc2:	0211      	lsls	r1, r2, #8
20006bc4:	9100      	str	r1, [sp, #0]
20006bc6:	0022      	movs	r2, r4
20006bc8:	0029      	movs	r1, r5
20006bca:	0030      	movs	r0, r6
20006bcc:	f7ff ff8e 	bl	20006aec <clock_configure_internal>
20006bd0:	b002      	add	sp, #8
20006bd2:	bd70      	pop	{r4, r5, r6, pc}

20006bd4 <clock_configure_undivided>:
20006bd4:	b510      	push	{r4, lr}
20006bd6:	b082      	sub	sp, #8
20006bd8:	2480      	movs	r4, #128	@ 0x80
20006bda:	0064      	lsls	r4, r4, #1
20006bdc:	9400      	str	r4, [sp, #0]
20006bde:	f7ff ff85 	bl	20006aec <clock_configure_internal>
20006be2:	b002      	add	sp, #8
20006be4:	bd10      	pop	{r4, pc}
	...

20006be8 <clock_get_hz>:
20006be8:	4b01      	ldr	r3, [pc, #4]	@ (20006bf0 <clock_get_hz+0x8>)
20006bea:	0080      	lsls	r0, r0, #2
20006bec:	58c0      	ldr	r0, [r0, r3]
20006bee:	4770      	bx	lr
20006bf0:	2000fe0c 	.word	0x2000fe0c

20006bf4 <frequency_count_khz>:
20006bf4:	b510      	push	{r4, lr}
20006bf6:	0004      	movs	r4, r0
20006bf8:	4b0d      	ldr	r3, [pc, #52]	@ (20006c30 <frequency_count_khz+0x3c>)
20006bfa:	699b      	ldr	r3, [r3, #24]
20006bfc:	05db      	lsls	r3, r3, #23
20006bfe:	d4fb      	bmi.n	20006bf8 <frequency_count_khz+0x4>
20006c00:	2004      	movs	r0, #4
20006c02:	f7ff fff1 	bl	20006be8 <clock_get_hz>
20006c06:	21fa      	movs	r1, #250	@ 0xfa
20006c08:	0089      	lsls	r1, r1, #2
20006c0a:	f000 fb43 	bl	20007294 <__wrap___aeabi_uidiv>
20006c0e:	4b08      	ldr	r3, [pc, #32]	@ (20006c30 <frequency_count_khz+0x3c>)
20006c10:	6018      	str	r0, [r3, #0]
20006c12:	220a      	movs	r2, #10
20006c14:	611a      	str	r2, [r3, #16]
20006c16:	2200      	movs	r2, #0
20006c18:	605a      	str	r2, [r3, #4]
20006c1a:	3a01      	subs	r2, #1
20006c1c:	609a      	str	r2, [r3, #8]
20006c1e:	615c      	str	r4, [r3, #20]
20006c20:	4b03      	ldr	r3, [pc, #12]	@ (20006c30 <frequency_count_khz+0x3c>)
20006c22:	699b      	ldr	r3, [r3, #24]
20006c24:	06db      	lsls	r3, r3, #27
20006c26:	d5fb      	bpl.n	20006c20 <frequency_count_khz+0x2c>
20006c28:	4b01      	ldr	r3, [pc, #4]	@ (20006c30 <frequency_count_khz+0x3c>)
20006c2a:	69d8      	ldr	r0, [r3, #28]
20006c2c:	0940      	lsrs	r0, r0, #5
20006c2e:	bd10      	pop	{r4, pc}
20006c30:	40008080 	.word	0x40008080

20006c34 <set_sys_clock_pll>:
20006c34:	b5f0      	push	{r4, r5, r6, r7, lr}
20006c36:	b083      	sub	sp, #12
20006c38:	0007      	movs	r7, r0
20006c3a:	000d      	movs	r5, r1
20006c3c:	0014      	movs	r4, r2
20006c3e:	4e14      	ldr	r6, [pc, #80]	@ (20006c90 <set_sys_clock_pll+0x5c>)
20006c40:	0033      	movs	r3, r6
20006c42:	2201      	movs	r2, #1
20006c44:	2101      	movs	r1, #1
20006c46:	2005      	movs	r0, #5
20006c48:	f7ff ffc4 	bl	20006bd4 <clock_configure_undivided>
20006c4c:	9400      	str	r4, [sp, #0]
20006c4e:	002b      	movs	r3, r5
20006c50:	003a      	movs	r2, r7
20006c52:	2101      	movs	r1, #1
20006c54:	480f      	ldr	r0, [pc, #60]	@ (20006c94 <set_sys_clock_pll+0x60>)
20006c56:	f000 f873 	bl	20006d40 <pll_init>
20006c5a:	0021      	movs	r1, r4
20006c5c:	4369      	muls	r1, r5
20006c5e:	0038      	movs	r0, r7
20006c60:	f000 fb18 	bl	20007294 <__wrap___aeabi_uidiv>
20006c64:	0004      	movs	r4, r0
20006c66:	4b0c      	ldr	r3, [pc, #48]	@ (20006c98 <set_sys_clock_pll+0x64>)
20006c68:	2200      	movs	r2, #0
20006c6a:	2102      	movs	r1, #2
20006c6c:	2004      	movs	r0, #4
20006c6e:	f7ff ffb1 	bl	20006bd4 <clock_configure_undivided>
20006c72:	0023      	movs	r3, r4
20006c74:	2200      	movs	r2, #0
20006c76:	2101      	movs	r1, #1
20006c78:	2005      	movs	r0, #5
20006c7a:	f7ff ffab 	bl	20006bd4 <clock_configure_undivided>
20006c7e:	0033      	movs	r3, r6
20006c80:	2202      	movs	r2, #2
20006c82:	2100      	movs	r1, #0
20006c84:	2006      	movs	r0, #6
20006c86:	f7ff ffa5 	bl	20006bd4 <clock_configure_undivided>
20006c8a:	b003      	add	sp, #12
20006c8c:	bdf0      	pop	{r4, r5, r6, r7, pc}
20006c8e:	46c0      	nop			@ (mov r8, r8)
20006c90:	02dc6c00 	.word	0x02dc6c00
20006c94:	40028000 	.word	0x40028000
20006c98:	00b71b00 	.word	0x00b71b00

20006c9c <check_sys_clock_khz>:
20006c9c:	b5f0      	push	{r4, r5, r6, r7, lr}
20006c9e:	46de      	mov	lr, fp
20006ca0:	4657      	mov	r7, sl
20006ca2:	464e      	mov	r6, r9
20006ca4:	4645      	mov	r5, r8
20006ca6:	b5e0      	push	{r5, r6, r7, lr}
20006ca8:	b083      	sub	sp, #12
20006caa:	4680      	mov	r8, r0
20006cac:	468a      	mov	sl, r1
20006cae:	4693      	mov	fp, r2
20006cb0:	9301      	str	r3, [sp, #4]
20006cb2:	23a0      	movs	r3, #160	@ 0xa0
20006cb4:	005b      	lsls	r3, r3, #1
20006cb6:	4699      	mov	r9, r3
20006cb8:	e02a      	b.n	20006d10 <check_sys_clock_khz+0x74>
20006cba:	3c01      	subs	r4, #1
20006cbc:	2c00      	cmp	r4, #0
20006cbe:	d01e      	beq.n	20006cfe <check_sys_clock_khz+0x62>
20006cc0:	0025      	movs	r5, r4
20006cc2:	437d      	muls	r5, r7
20006cc4:	0029      	movs	r1, r5
20006cc6:	0030      	movs	r0, r6
20006cc8:	f000 fae4 	bl	20007294 <__wrap___aeabi_uidiv>
20006ccc:	4540      	cmp	r0, r8
20006cce:	d1f4      	bne.n	20006cba <check_sys_clock_khz+0x1e>
20006cd0:	0029      	movs	r1, r5
20006cd2:	0030      	movs	r0, r6
20006cd4:	f000 fade 	bl	20007294 <__wrap___aeabi_uidiv>
20006cd8:	2900      	cmp	r1, #0
20006cda:	d1ee      	bne.n	20006cba <check_sys_clock_khz+0x1e>
20006cdc:	4b14      	ldr	r3, [pc, #80]	@ (20006d30 <check_sys_clock_khz+0x94>)
20006cde:	464a      	mov	r2, r9
20006ce0:	4353      	muls	r3, r2
20006ce2:	4652      	mov	r2, sl
20006ce4:	6013      	str	r3, [r2, #0]
20006ce6:	465b      	mov	r3, fp
20006ce8:	601f      	str	r7, [r3, #0]
20006cea:	9b01      	ldr	r3, [sp, #4]
20006cec:	601c      	str	r4, [r3, #0]
20006cee:	2001      	movs	r0, #1
20006cf0:	b003      	add	sp, #12
20006cf2:	bcf0      	pop	{r4, r5, r6, r7}
20006cf4:	46bb      	mov	fp, r7
20006cf6:	46b2      	mov	sl, r6
20006cf8:	46a9      	mov	r9, r5
20006cfa:	46a0      	mov	r8, r4
20006cfc:	bdf0      	pop	{r4, r5, r6, r7, pc}
20006cfe:	3f01      	subs	r7, #1
20006d00:	2f00      	cmp	r7, #0
20006d02:	d001      	beq.n	20006d08 <check_sys_clock_khz+0x6c>
20006d04:	003c      	movs	r4, r7
20006d06:	e7d9      	b.n	20006cbc <check_sys_clock_khz+0x20>
20006d08:	2301      	movs	r3, #1
20006d0a:	425b      	negs	r3, r3
20006d0c:	469c      	mov	ip, r3
20006d0e:	44e1      	add	r9, ip
20006d10:	464b      	mov	r3, r9
20006d12:	2b0f      	cmp	r3, #15
20006d14:	d909      	bls.n	20006d2a <check_sys_clock_khz+0x8e>
20006d16:	4e07      	ldr	r6, [pc, #28]	@ (20006d34 <check_sys_clock_khz+0x98>)
20006d18:	464b      	mov	r3, r9
20006d1a:	435e      	muls	r6, r3
20006d1c:	4b06      	ldr	r3, [pc, #24]	@ (20006d38 <check_sys_clock_khz+0x9c>)
20006d1e:	18f2      	adds	r2, r6, r3
20006d20:	4b06      	ldr	r3, [pc, #24]	@ (20006d3c <check_sys_clock_khz+0xa0>)
20006d22:	429a      	cmp	r2, r3
20006d24:	d8f0      	bhi.n	20006d08 <check_sys_clock_khz+0x6c>
20006d26:	2707      	movs	r7, #7
20006d28:	e7ea      	b.n	20006d00 <check_sys_clock_khz+0x64>
20006d2a:	2000      	movs	r0, #0
20006d2c:	e7e0      	b.n	20006cf0 <check_sys_clock_khz+0x54>
20006d2e:	46c0      	nop			@ (mov r8, r8)
20006d30:	00b71b00 	.word	0x00b71b00
20006d34:	00002ee0 	.word	0x00002ee0
20006d38:	fff48e50 	.word	0xfff48e50
20006d3c:	000cf850 	.word	0x000cf850

20006d40 <pll_init>:
20006d40:	b5f0      	push	{r4, r5, r6, r7, lr}
20006d42:	46c6      	mov	lr, r8
20006d44:	b500      	push	{lr}
20006d46:	0004      	movs	r4, r0
20006d48:	000e      	movs	r6, r1
20006d4a:	0017      	movs	r7, r2
20006d4c:	001d      	movs	r5, r3
20006d4e:	4837      	ldr	r0, [pc, #220]	@ (20006e2c <pll_init+0xec>)
20006d50:	f000 faa0 	bl	20007294 <__wrap___aeabi_uidiv>
20006d54:	4680      	mov	r8, r0
20006d56:	4b36      	ldr	r3, [pc, #216]	@ (20006e30 <pll_init+0xf0>)
20006d58:	18fa      	adds	r2, r7, r3
20006d5a:	4b36      	ldr	r3, [pc, #216]	@ (20006e34 <pll_init+0xf4>)
20006d5c:	429a      	cmp	r2, r3
20006d5e:	d839      	bhi.n	20006dd4 <pll_init+0x94>
20006d60:	0001      	movs	r1, r0
20006d62:	0038      	movs	r0, r7
20006d64:	f000 fa96 	bl	20007294 <__wrap___aeabi_uidiv>
20006d68:	0002      	movs	r2, r0
20006d6a:	3a10      	subs	r2, #16
20006d6c:	2398      	movs	r3, #152	@ 0x98
20006d6e:	005b      	lsls	r3, r3, #1
20006d70:	429a      	cmp	r2, r3
20006d72:	d835      	bhi.n	20006de0 <pll_init+0xa0>
20006d74:	1e6b      	subs	r3, r5, #1
20006d76:	2b06      	cmp	r3, #6
20006d78:	d838      	bhi.n	20006dec <pll_init+0xac>
20006d7a:	9b06      	ldr	r3, [sp, #24]
20006d7c:	3b01      	subs	r3, #1
20006d7e:	2b06      	cmp	r3, #6
20006d80:	d834      	bhi.n	20006dec <pll_init+0xac>
20006d82:	093f      	lsrs	r7, r7, #4
20006d84:	4547      	cmp	r7, r8
20006d86:	d337      	bcc.n	20006df8 <pll_init+0xb8>
20006d88:	042d      	lsls	r5, r5, #16
20006d8a:	9b06      	ldr	r3, [sp, #24]
20006d8c:	031b      	lsls	r3, r3, #12
20006d8e:	431d      	orrs	r5, r3
20006d90:	6823      	ldr	r3, [r4, #0]
20006d92:	2b00      	cmp	r3, #0
20006d94:	db36      	blt.n	20006e04 <pll_init+0xc4>
20006d96:	4b28      	ldr	r3, [pc, #160]	@ (20006e38 <pll_init+0xf8>)
20006d98:	429c      	cmp	r4, r3
20006d9a:	d044      	beq.n	20006e26 <pll_init+0xe6>
20006d9c:	220c      	movs	r2, #12
20006d9e:	2301      	movs	r3, #1
20006da0:	4093      	lsls	r3, r2
20006da2:	4a26      	ldr	r2, [pc, #152]	@ (20006e3c <pll_init+0xfc>)
20006da4:	6013      	str	r3, [r2, #0]
20006da6:	4a26      	ldr	r2, [pc, #152]	@ (20006e40 <pll_init+0x100>)
20006da8:	6013      	str	r3, [r2, #0]
20006daa:	4a26      	ldr	r2, [pc, #152]	@ (20006e44 <pll_init+0x104>)
20006dac:	6812      	ldr	r2, [r2, #0]
20006dae:	0019      	movs	r1, r3
20006db0:	4391      	bics	r1, r2
20006db2:	1e0a      	subs	r2, r1, #0
20006db4:	d1f9      	bne.n	20006daa <pll_init+0x6a>
20006db6:	6026      	str	r6, [r4, #0]
20006db8:	60a0      	str	r0, [r4, #8]
20006dba:	4b23      	ldr	r3, [pc, #140]	@ (20006e48 <pll_init+0x108>)
20006dbc:	18e3      	adds	r3, r4, r3
20006dbe:	3221      	adds	r2, #33	@ 0x21
20006dc0:	601a      	str	r2, [r3, #0]
20006dc2:	6822      	ldr	r2, [r4, #0]
20006dc4:	2a00      	cmp	r2, #0
20006dc6:	dafc      	bge.n	20006dc2 <pll_init+0x82>
20006dc8:	60e5      	str	r5, [r4, #12]
20006dca:	2208      	movs	r2, #8
20006dcc:	601a      	str	r2, [r3, #0]
20006dce:	bc80      	pop	{r7}
20006dd0:	46b8      	mov	r8, r7
20006dd2:	bdf0      	pop	{r4, r5, r6, r7, pc}
20006dd4:	4b1d      	ldr	r3, [pc, #116]	@ (20006e4c <pll_init+0x10c>)
20006dd6:	4a1e      	ldr	r2, [pc, #120]	@ (20006e50 <pll_init+0x110>)
20006dd8:	481e      	ldr	r0, [pc, #120]	@ (20006e54 <pll_init+0x114>)
20006dda:	2111      	movs	r1, #17
20006ddc:	f002 fb46 	bl	2000946c <__assert_func>
20006de0:	4b1d      	ldr	r3, [pc, #116]	@ (20006e58 <pll_init+0x118>)
20006de2:	4a1b      	ldr	r2, [pc, #108]	@ (20006e50 <pll_init+0x110>)
20006de4:	481b      	ldr	r0, [pc, #108]	@ (20006e54 <pll_init+0x114>)
20006de6:	2119      	movs	r1, #25
20006de8:	f002 fb40 	bl	2000946c <__assert_func>
20006dec:	4b1b      	ldr	r3, [pc, #108]	@ (20006e5c <pll_init+0x11c>)
20006dee:	4a18      	ldr	r2, [pc, #96]	@ (20006e50 <pll_init+0x110>)
20006df0:	4818      	ldr	r0, [pc, #96]	@ (20006e54 <pll_init+0x114>)
20006df2:	211c      	movs	r1, #28
20006df4:	f002 fb3a 	bl	2000946c <__assert_func>
20006df8:	4b19      	ldr	r3, [pc, #100]	@ (20006e60 <pll_init+0x120>)
20006dfa:	4a15      	ldr	r2, [pc, #84]	@ (20006e50 <pll_init+0x110>)
20006dfc:	4815      	ldr	r0, [pc, #84]	@ (20006e54 <pll_init+0x114>)
20006dfe:	2123      	movs	r1, #35	@ 0x23
20006e00:	f002 fb34 	bl	2000946c <__assert_func>
20006e04:	6822      	ldr	r2, [r4, #0]
20006e06:	233f      	movs	r3, #63	@ 0x3f
20006e08:	4013      	ands	r3, r2
20006e0a:	42b3      	cmp	r3, r6
20006e0c:	d1c3      	bne.n	20006d96 <pll_init+0x56>
20006e0e:	68a3      	ldr	r3, [r4, #8]
20006e10:	051b      	lsls	r3, r3, #20
20006e12:	0d1b      	lsrs	r3, r3, #20
20006e14:	4283      	cmp	r3, r0
20006e16:	d1be      	bne.n	20006d96 <pll_init+0x56>
20006e18:	68e3      	ldr	r3, [r4, #12]
20006e1a:	22ee      	movs	r2, #238	@ 0xee
20006e1c:	02d2      	lsls	r2, r2, #11
20006e1e:	4013      	ands	r3, r2
20006e20:	42ab      	cmp	r3, r5
20006e22:	d1b8      	bne.n	20006d96 <pll_init+0x56>
20006e24:	e7d3      	b.n	20006dce <pll_init+0x8e>
20006e26:	220d      	movs	r2, #13
20006e28:	e7b9      	b.n	20006d9e <pll_init+0x5e>
20006e2a:	46c0      	nop			@ (mov r8, r8)
20006e2c:	00b71b00 	.word	0x00b71b00
20006e30:	d34be880 	.word	0xd34be880
20006e34:	32a9f880 	.word	0x32a9f880
20006e38:	4002c000 	.word	0x4002c000
20006e3c:	4000e000 	.word	0x4000e000
20006e40:	4000f000 	.word	0x4000f000
20006e44:	4000c008 	.word	0x4000c008
20006e48:	00003004 	.word	0x00003004
20006e4c:	2000d194 	.word	0x2000d194
20006e50:	2000d938 	.word	0x2000d938
20006e54:	2000d1e4 	.word	0x2000d1e4
20006e58:	2000d22c 	.word	0x2000d22c
20006e5c:	2000d248 	.word	0x2000d248
20006e60:	2000d294 	.word	0x2000d294

20006e64 <vreg_set_voltage>:
20006e64:	0100      	lsls	r0, r0, #4
20006e66:	4b04      	ldr	r3, [pc, #16]	@ (20006e78 <vreg_set_voltage+0x14>)
20006e68:	681b      	ldr	r3, [r3, #0]
20006e6a:	4058      	eors	r0, r3
20006e6c:	23f0      	movs	r3, #240	@ 0xf0
20006e6e:	4003      	ands	r3, r0
20006e70:	4a02      	ldr	r2, [pc, #8]	@ (20006e7c <vreg_set_voltage+0x18>)
20006e72:	6013      	str	r3, [r2, #0]
20006e74:	4770      	bx	lr
20006e76:	46c0      	nop			@ (mov r8, r8)
20006e78:	40064000 	.word	0x40064000
20006e7c:	40065000 	.word	0x40065000

20006e80 <watchdog_update>:
20006e80:	4b02      	ldr	r3, [pc, #8]	@ (20006e8c <watchdog_update+0xc>)
20006e82:	681a      	ldr	r2, [r3, #0]
20006e84:	4b02      	ldr	r3, [pc, #8]	@ (20006e90 <watchdog_update+0x10>)
20006e86:	605a      	str	r2, [r3, #4]
20006e88:	4770      	bx	lr
20006e8a:	46c0      	nop			@ (mov r8, r8)
20006e8c:	2002f324 	.word	0x2002f324
20006e90:	40058000 	.word	0x40058000

20006e94 <_watchdog_enable>:
20006e94:	b510      	push	{r4, lr}
20006e96:	4b17      	ldr	r3, [pc, #92]	@ (20006ef4 <_watchdog_enable+0x60>)
20006e98:	2280      	movs	r2, #128	@ 0x80
20006e9a:	05d2      	lsls	r2, r2, #23
20006e9c:	601a      	str	r2, [r3, #0]
20006e9e:	4b16      	ldr	r3, [pc, #88]	@ (20006ef8 <_watchdog_enable+0x64>)
20006ea0:	4a16      	ldr	r2, [pc, #88]	@ (20006efc <_watchdog_enable+0x68>)
20006ea2:	601a      	str	r2, [r3, #0]
20006ea4:	2900      	cmp	r1, #0
20006ea6:	d00a      	beq.n	20006ebe <_watchdog_enable+0x2a>
20006ea8:	4b15      	ldr	r3, [pc, #84]	@ (20006f00 <_watchdog_enable+0x6c>)
20006eaa:	22e0      	movs	r2, #224	@ 0xe0
20006eac:	04d2      	lsls	r2, r2, #19
20006eae:	601a      	str	r2, [r3, #0]
20006eb0:	2800      	cmp	r0, #0
20006eb2:	d109      	bne.n	20006ec8 <_watchdog_enable+0x34>
20006eb4:	4b12      	ldr	r3, [pc, #72]	@ (20006f00 <_watchdog_enable+0x6c>)
20006eb6:	2280      	movs	r2, #128	@ 0x80
20006eb8:	0612      	lsls	r2, r2, #24
20006eba:	601a      	str	r2, [r3, #0]
20006ebc:	bd10      	pop	{r4, pc}
20006ebe:	4b0d      	ldr	r3, [pc, #52]	@ (20006ef4 <_watchdog_enable+0x60>)
20006ec0:	22e0      	movs	r2, #224	@ 0xe0
20006ec2:	04d2      	lsls	r2, r2, #19
20006ec4:	601a      	str	r2, [r3, #0]
20006ec6:	e7f3      	b.n	20006eb0 <_watchdog_enable+0x1c>
20006ec8:	0143      	lsls	r3, r0, #5
20006eca:	1a1b      	subs	r3, r3, r0
20006ecc:	009b      	lsls	r3, r3, #2
20006ece:	1818      	adds	r0, r3, r0
20006ed0:	0100      	lsls	r0, r0, #4
20006ed2:	4b0c      	ldr	r3, [pc, #48]	@ (20006f04 <_watchdog_enable+0x70>)
20006ed4:	6018      	str	r0, [r3, #0]
20006ed6:	2380      	movs	r3, #128	@ 0x80
20006ed8:	045b      	lsls	r3, r3, #17
20006eda:	4298      	cmp	r0, r3
20006edc:	d302      	bcc.n	20006ee4 <_watchdog_enable+0x50>
20006ede:	4b09      	ldr	r3, [pc, #36]	@ (20006f04 <_watchdog_enable+0x70>)
20006ee0:	4a09      	ldr	r2, [pc, #36]	@ (20006f08 <_watchdog_enable+0x74>)
20006ee2:	601a      	str	r2, [r3, #0]
20006ee4:	f7ff ffcc 	bl	20006e80 <watchdog_update>
20006ee8:	4b05      	ldr	r3, [pc, #20]	@ (20006f00 <_watchdog_enable+0x6c>)
20006eea:	2280      	movs	r2, #128	@ 0x80
20006eec:	05d2      	lsls	r2, r2, #23
20006eee:	601a      	str	r2, [r3, #0]
20006ef0:	e7e4      	b.n	20006ebc <_watchdog_enable+0x28>
20006ef2:	46c0      	nop			@ (mov r8, r8)
20006ef4:	4005b000 	.word	0x4005b000
20006ef8:	40012008 	.word	0x40012008
20006efc:	0001fffc 	.word	0x0001fffc
20006f00:	4005a000 	.word	0x4005a000
20006f04:	2002f324 	.word	0x2002f324
20006f08:	00ffffff 	.word	0x00ffffff

20006f0c <watchdog_enable>:
20006f0c:	b510      	push	{r4, lr}
20006f0e:	4b03      	ldr	r3, [pc, #12]	@ (20006f1c <watchdog_enable+0x10>)
20006f10:	4a03      	ldr	r2, [pc, #12]	@ (20006f20 <watchdog_enable+0x14>)
20006f12:	61da      	str	r2, [r3, #28]
20006f14:	f7ff ffbe 	bl	20006e94 <_watchdog_enable>
20006f18:	bd10      	pop	{r4, pc}
20006f1a:	46c0      	nop			@ (mov r8, r8)
20006f1c:	40058000 	.word	0x40058000
20006f20:	6ab73121 	.word	0x6ab73121

20006f24 <watchdog_disable>:
20006f24:	4b02      	ldr	r3, [pc, #8]	@ (20006f30 <watchdog_disable+0xc>)
20006f26:	2280      	movs	r2, #128	@ 0x80
20006f28:	05d2      	lsls	r2, r2, #23
20006f2a:	601a      	str	r2, [r3, #0]
20006f2c:	4770      	bx	lr
20006f2e:	46c0      	nop			@ (mov r8, r8)
20006f30:	4005b000 	.word	0x4005b000

20006f34 <watchdog_reboot>:
20006f34:	b510      	push	{r4, lr}
20006f36:	0003      	movs	r3, r0
20006f38:	000c      	movs	r4, r1
20006f3a:	0010      	movs	r0, r2
20006f3c:	4a0b      	ldr	r2, [pc, #44]	@ (20006f6c <watchdog_reboot+0x38>)
20006f3e:	2180      	movs	r1, #128	@ 0x80
20006f40:	05c9      	lsls	r1, r1, #23
20006f42:	6011      	str	r1, [r2, #0]
20006f44:	2b00      	cmp	r3, #0
20006f46:	d00d      	beq.n	20006f64 <watchdog_reboot+0x30>
20006f48:	2201      	movs	r2, #1
20006f4a:	4313      	orrs	r3, r2
20006f4c:	4a08      	ldr	r2, [pc, #32]	@ (20006f70 <watchdog_reboot+0x3c>)
20006f4e:	4909      	ldr	r1, [pc, #36]	@ (20006f74 <watchdog_reboot+0x40>)
20006f50:	61d1      	str	r1, [r2, #28]
20006f52:	4909      	ldr	r1, [pc, #36]	@ (20006f78 <watchdog_reboot+0x44>)
20006f54:	4059      	eors	r1, r3
20006f56:	6211      	str	r1, [r2, #32]
20006f58:	6254      	str	r4, [r2, #36]	@ 0x24
20006f5a:	6293      	str	r3, [r2, #40]	@ 0x28
20006f5c:	2100      	movs	r1, #0
20006f5e:	f7ff ff99 	bl	20006e94 <_watchdog_enable>
20006f62:	bd10      	pop	{r4, pc}
20006f64:	4b02      	ldr	r3, [pc, #8]	@ (20006f70 <watchdog_reboot+0x3c>)
20006f66:	2200      	movs	r2, #0
20006f68:	61da      	str	r2, [r3, #28]
20006f6a:	e7f7      	b.n	20006f5c <watchdog_reboot+0x28>
20006f6c:	4005b000 	.word	0x4005b000
20006f70:	40058000 	.word	0x40058000
20006f74:	b007c0d3 	.word	0xb007c0d3
20006f78:	4ff83f2d 	.word	0x4ff83f2d

20006f7c <watchdog_caused_reboot>:
20006f7c:	4b02      	ldr	r3, [pc, #8]	@ (20006f88 <watchdog_caused_reboot+0xc>)
20006f7e:	6898      	ldr	r0, [r3, #8]
20006f80:	1e43      	subs	r3, r0, #1
20006f82:	4198      	sbcs	r0, r3
20006f84:	b2c0      	uxtb	r0, r0
20006f86:	4770      	bx	lr
20006f88:	40058000 	.word	0x40058000

20006f8c <tick_start>:
20006f8c:	2380      	movs	r3, #128	@ 0x80
20006f8e:	009b      	lsls	r3, r3, #2
20006f90:	430b      	orrs	r3, r1
20006f92:	4a01      	ldr	r2, [pc, #4]	@ (20006f98 <tick_start+0xc>)
20006f94:	62d3      	str	r3, [r2, #44]	@ 0x2c
20006f96:	4770      	bx	lr
20006f98:	40058000 	.word	0x40058000

20006f9c <rom_func_lookup>:
20006f9c:	b510      	push	{r4, lr}
20006f9e:	0001      	movs	r1, r0
20006fa0:	2318      	movs	r3, #24
20006fa2:	881b      	ldrh	r3, [r3, #0]
20006fa4:	2214      	movs	r2, #20
20006fa6:	8810      	ldrh	r0, [r2, #0]
20006fa8:	4798      	blx	r3
20006faa:	bd10      	pop	{r4, pc}

20006fac <rom_data_lookup>:
20006fac:	b510      	push	{r4, lr}
20006fae:	0001      	movs	r1, r0
20006fb0:	2318      	movs	r3, #24
20006fb2:	881b      	ldrh	r3, [r3, #0]
20006fb4:	2216      	movs	r2, #22
20006fb6:	8810      	ldrh	r0, [r2, #0]
20006fb8:	4798      	blx	r3
20006fba:	bd10      	pop	{r4, pc}

20006fbc <rom_funcs_lookup>:
20006fbc:	b5f0      	push	{r4, r5, r6, r7, lr}
20006fbe:	46c6      	mov	lr, r8
20006fc0:	b500      	push	{lr}
20006fc2:	0007      	movs	r7, r0
20006fc4:	000e      	movs	r6, r1
20006fc6:	2500      	movs	r5, #0
20006fc8:	2301      	movs	r3, #1
20006fca:	4698      	mov	r8, r3
20006fcc:	e000      	b.n	20006fd0 <rom_funcs_lookup+0x14>
20006fce:	3501      	adds	r5, #1
20006fd0:	42b5      	cmp	r5, r6
20006fd2:	d20a      	bcs.n	20006fea <rom_funcs_lookup+0x2e>
20006fd4:	00ac      	lsls	r4, r5, #2
20006fd6:	193c      	adds	r4, r7, r4
20006fd8:	6820      	ldr	r0, [r4, #0]
20006fda:	f7ff ffdf 	bl	20006f9c <rom_func_lookup>
20006fde:	6020      	str	r0, [r4, #0]
20006fe0:	2800      	cmp	r0, #0
20006fe2:	d1f4      	bne.n	20006fce <rom_funcs_lookup+0x12>
20006fe4:	2300      	movs	r3, #0
20006fe6:	4698      	mov	r8, r3
20006fe8:	e7f1      	b.n	20006fce <rom_funcs_lookup+0x12>
20006fea:	4640      	mov	r0, r8
20006fec:	bc80      	pop	{r7}
20006fee:	46b8      	mov	r8, r7
20006ff0:	bdf0      	pop	{r4, r5, r6, r7, pc}
	...

20006ff4 <rom_reset_usb_boot>:
20006ff4:	b570      	push	{r4, r5, r6, lr}
20006ff6:	0005      	movs	r5, r0
20006ff8:	000c      	movs	r4, r1
20006ffa:	4803      	ldr	r0, [pc, #12]	@ (20007008 <rom_reset_usb_boot+0x14>)
20006ffc:	f7ff ffce 	bl	20006f9c <rom_func_lookup>
20007000:	0003      	movs	r3, r0
20007002:	0021      	movs	r1, r4
20007004:	0028      	movs	r0, r5
20007006:	4798      	blx	r3
20007008:	00004255 	.word	0x00004255

2000700c <xosc_init>:
2000700c:	4b07      	ldr	r3, [pc, #28]	@ (2000702c <xosc_init+0x20>)
2000700e:	22aa      	movs	r2, #170	@ 0xaa
20007010:	0112      	lsls	r2, r2, #4
20007012:	601a      	str	r2, [r3, #0]
20007014:	228d      	movs	r2, #141	@ 0x8d
20007016:	0052      	lsls	r2, r2, #1
20007018:	60da      	str	r2, [r3, #12]
2000701a:	4b05      	ldr	r3, [pc, #20]	@ (20007030 <xosc_init+0x24>)
2000701c:	4a05      	ldr	r2, [pc, #20]	@ (20007034 <xosc_init+0x28>)
2000701e:	601a      	str	r2, [r3, #0]
20007020:	4b02      	ldr	r3, [pc, #8]	@ (2000702c <xosc_init+0x20>)
20007022:	685b      	ldr	r3, [r3, #4]
20007024:	2b00      	cmp	r3, #0
20007026:	dafb      	bge.n	20007020 <xosc_init+0x14>
20007028:	4770      	bx	lr
2000702a:	46c0      	nop			@ (mov r8, r8)
2000702c:	40024000 	.word	0x40024000
20007030:	40026000 	.word	0x40026000
20007034:	00fab000 	.word	0x00fab000

20007038 <runtime_run_initializers_from>:
20007038:	b510      	push	{r4, lr}
2000703a:	0004      	movs	r4, r0
2000703c:	e001      	b.n	20007042 <runtime_run_initializers_from+0xa>
2000703e:	cc08      	ldmia	r4!, {r3}
20007040:	4798      	blx	r3
20007042:	4b02      	ldr	r3, [pc, #8]	@ (2000704c <runtime_run_initializers_from+0x14>)
20007044:	429c      	cmp	r4, r3
20007046:	d3fa      	bcc.n	2000703e <runtime_run_initializers_from+0x6>
20007048:	bd10      	pop	{r4, pc}
2000704a:	46c0      	nop			@ (mov r8, r8)
2000704c:	2000e218 	.word	0x2000e218

20007050 <first_per_core_initializer>:
20007050:	4770      	bx	lr
	...

20007054 <runtime_run_initializers>:
20007054:	b510      	push	{r4, lr}
20007056:	4802      	ldr	r0, [pc, #8]	@ (20007060 <runtime_run_initializers+0xc>)
20007058:	f7ff ffee 	bl	20007038 <runtime_run_initializers_from>
2000705c:	bd10      	pop	{r4, pc}
2000705e:	46c0      	nop			@ (mov r8, r8)
20007060:	2000e1d8 	.word	0x2000e1d8

20007064 <runtime_run_per_core_initializers>:
20007064:	b510      	push	{r4, lr}
20007066:	4802      	ldr	r0, [pc, #8]	@ (20007070 <runtime_run_per_core_initializers+0xc>)
20007068:	f7ff ffe6 	bl	20007038 <runtime_run_initializers_from>
2000706c:	bd10      	pop	{r4, pc}
2000706e:	46c0      	nop			@ (mov r8, r8)
20007070:	2000e20c 	.word	0x2000e20c

20007074 <runtime_init_early_resets>:
20007074:	4b05      	ldr	r3, [pc, #20]	@ (2000708c <runtime_init_early_resets+0x18>)
20007076:	4a06      	ldr	r2, [pc, #24]	@ (20007090 <runtime_init_early_resets+0x1c>)
20007078:	601a      	str	r2, [r3, #0]
2000707a:	4b06      	ldr	r3, [pc, #24]	@ (20007094 <runtime_init_early_resets+0x20>)
2000707c:	4a06      	ldr	r2, [pc, #24]	@ (20007098 <runtime_init_early_resets+0x24>)
2000707e:	601a      	str	r2, [r3, #0]
20007080:	4b06      	ldr	r3, [pc, #24]	@ (2000709c <runtime_init_early_resets+0x28>)
20007082:	681a      	ldr	r2, [r3, #0]
20007084:	4b04      	ldr	r3, [pc, #16]	@ (20007098 <runtime_init_early_resets+0x24>)
20007086:	4393      	bics	r3, r2
20007088:	d1fa      	bne.n	20007080 <runtime_init_early_resets+0xc>
2000708a:	4770      	bx	lr
2000708c:	4000e000 	.word	0x4000e000
20007090:	fefbcdbf 	.word	0xfefbcdbf
20007094:	4000f000 	.word	0x4000f000
20007098:	003c7ffe 	.word	0x003c7ffe
2000709c:	4000c008 	.word	0x4000c008

200070a0 <runtime_init_usb_power_down>:
200070a0:	4b04      	ldr	r3, [pc, #16]	@ (200070b4 <runtime_init_usb_power_down+0x14>)
200070a2:	6cdb      	ldr	r3, [r3, #76]	@ 0x4c
200070a4:	2b00      	cmp	r3, #0
200070a6:	d103      	bne.n	200070b0 <runtime_init_usb_power_down+0x10>
200070a8:	4b03      	ldr	r3, [pc, #12]	@ (200070b8 <runtime_init_usb_power_down+0x18>)
200070aa:	2280      	movs	r2, #128	@ 0x80
200070ac:	02d2      	lsls	r2, r2, #11
200070ae:	601a      	str	r2, [r3, #0]
200070b0:	4770      	bx	lr
200070b2:	46c0      	nop			@ (mov r8, r8)
200070b4:	50110000 	.word	0x50110000
200070b8:	5011204c 	.word	0x5011204c

200070bc <runtime_init_post_clock_resets>:
200070bc:	4b04      	ldr	r3, [pc, #16]	@ (200070d0 <runtime_init_post_clock_resets+0x14>)
200070be:	4a05      	ldr	r2, [pc, #20]	@ (200070d4 <runtime_init_post_clock_resets+0x18>)
200070c0:	601a      	str	r2, [r3, #0]
200070c2:	4b05      	ldr	r3, [pc, #20]	@ (200070d8 <runtime_init_post_clock_resets+0x1c>)
200070c4:	681b      	ldr	r3, [r3, #0]
200070c6:	43db      	mvns	r3, r3
200070c8:	01db      	lsls	r3, r3, #7
200070ca:	d1fa      	bne.n	200070c2 <runtime_init_post_clock_resets+0x6>
200070cc:	4770      	bx	lr
200070ce:	46c0      	nop			@ (mov r8, r8)
200070d0:	4000f000 	.word	0x4000f000
200070d4:	01ffffff 	.word	0x01ffffff
200070d8:	4000c008 	.word	0x4000c008

200070dc <runtime_init_rp2040_gpio_ie_disable>:
200070dc:	4b03      	ldr	r3, [pc, #12]	@ (200070ec <runtime_init_rp2040_gpio_ie_disable+0x10>)
200070de:	2240      	movs	r2, #64	@ 0x40
200070e0:	679a      	str	r2, [r3, #120]	@ 0x78
200070e2:	675a      	str	r2, [r3, #116]	@ 0x74
200070e4:	671a      	str	r2, [r3, #112]	@ 0x70
200070e6:	66da      	str	r2, [r3, #108]	@ 0x6c
200070e8:	4770      	bx	lr
200070ea:	46c0      	nop			@ (mov r8, r8)
200070ec:	4001f000 	.word	0x4001f000

200070f0 <runtime_init_spin_locks_reset>:
200070f0:	b510      	push	{r4, lr}
200070f2:	f7fe fc0f 	bl	20005914 <spin_locks_reset>
200070f6:	bd10      	pop	{r4, pc}

200070f8 <runtime_init_install_ram_vector_table>:
200070f8:	b510      	push	{r4, lr}
200070fa:	4c0c      	ldr	r4, [pc, #48]	@ (2000712c <runtime_init_install_ram_vector_table+0x34>)
200070fc:	4b0c      	ldr	r3, [pc, #48]	@ (20007130 <runtime_init_install_ram_vector_table+0x38>)
200070fe:	1ae4      	subs	r4, r4, r3
20007100:	08a4      	lsrs	r4, r4, #2
20007102:	0022      	movs	r2, r4
20007104:	2c30      	cmp	r4, #48	@ 0x30
20007106:	d900      	bls.n	2000710a <runtime_init_install_ram_vector_table+0x12>
20007108:	2230      	movs	r2, #48	@ 0x30
2000710a:	0092      	lsls	r2, r2, #2
2000710c:	4809      	ldr	r0, [pc, #36]	@ (20007134 <runtime_init_install_ram_vector_table+0x3c>)
2000710e:	4908      	ldr	r1, [pc, #32]	@ (20007130 <runtime_init_install_ram_vector_table+0x38>)
20007110:	f001 f83a 	bl	20008188 <__wrap___aeabi_memcpy>
20007114:	e004      	b.n	20007120 <runtime_init_install_ram_vector_table+0x28>
20007116:	4a08      	ldr	r2, [pc, #32]	@ (20007138 <runtime_init_install_ram_vector_table+0x40>)
20007118:	4b06      	ldr	r3, [pc, #24]	@ (20007134 <runtime_init_install_ram_vector_table+0x3c>)
2000711a:	00a1      	lsls	r1, r4, #2
2000711c:	50ca      	str	r2, [r1, r3]
2000711e:	3401      	adds	r4, #1
20007120:	2c2f      	cmp	r4, #47	@ 0x2f
20007122:	d9f8      	bls.n	20007116 <runtime_init_install_ram_vector_table+0x1e>
20007124:	4b03      	ldr	r3, [pc, #12]	@ (20007134 <runtime_init_install_ram_vector_table+0x3c>)
20007126:	4a05      	ldr	r2, [pc, #20]	@ (2000713c <runtime_init_install_ram_vector_table+0x44>)
20007128:	6093      	str	r3, [r2, #8]
2000712a:	bd10      	pop	{r4, pc}
2000712c:	100001c0 	.word	0x100001c0
20007130:	10000100 	.word	0x10000100
20007134:	20000000 	.word	0x20000000
20007138:	100001c1 	.word	0x100001c1
2000713c:	e000ed00 	.word	0xe000ed00

20007140 <start_all_ticks>:
20007140:	b570      	push	{r4, r5, r6, lr}
20007142:	2004      	movs	r0, #4
20007144:	f7ff fd50 	bl	20006be8 <clock_get_hz>
20007148:	4906      	ldr	r1, [pc, #24]	@ (20007164 <start_all_ticks+0x24>)
2000714a:	f000 f8a3 	bl	20007294 <__wrap___aeabi_uidiv>
2000714e:	0005      	movs	r5, r0
20007150:	2400      	movs	r4, #0
20007152:	2c00      	cmp	r4, #0
20007154:	dd00      	ble.n	20007158 <start_all_ticks+0x18>
20007156:	bd70      	pop	{r4, r5, r6, pc}
20007158:	b2e0      	uxtb	r0, r4
2000715a:	0029      	movs	r1, r5
2000715c:	f7ff ff16 	bl	20006f8c <tick_start>
20007160:	3401      	adds	r4, #1
20007162:	e7f6      	b.n	20007152 <start_all_ticks+0x12>
20007164:	000f4240 	.word	0x000f4240

20007168 <runtime_init_clocks>:
20007168:	b530      	push	{r4, r5, lr}
2000716a:	b083      	sub	sp, #12
2000716c:	4b27      	ldr	r3, [pc, #156]	@ (2000720c <runtime_init_clocks+0xa4>)
2000716e:	2200      	movs	r2, #0
20007170:	679a      	str	r2, [r3, #120]	@ 0x78
20007172:	f7ff ff4b 	bl	2000700c <xosc_init>
20007176:	4b26      	ldr	r3, [pc, #152]	@ (20007210 <runtime_init_clocks+0xa8>)
20007178:	2201      	movs	r2, #1
2000717a:	601a      	str	r2, [r3, #0]
2000717c:	4b23      	ldr	r3, [pc, #140]	@ (2000720c <runtime_init_clocks+0xa4>)
2000717e:	6c5b      	ldr	r3, [r3, #68]	@ 0x44
20007180:	2b01      	cmp	r3, #1
20007182:	d1fb      	bne.n	2000717c <runtime_init_clocks+0x14>
20007184:	4b23      	ldr	r3, [pc, #140]	@ (20007214 <runtime_init_clocks+0xac>)
20007186:	2203      	movs	r2, #3
20007188:	601a      	str	r2, [r3, #0]
2000718a:	4b20      	ldr	r3, [pc, #128]	@ (2000720c <runtime_init_clocks+0xa4>)
2000718c:	6b9b      	ldr	r3, [r3, #56]	@ 0x38
2000718e:	2b01      	cmp	r3, #1
20007190:	d1fb      	bne.n	2000718a <runtime_init_clocks+0x22>
20007192:	3301      	adds	r3, #1
20007194:	9300      	str	r3, [sp, #0]
20007196:	3304      	adds	r3, #4
20007198:	4a1f      	ldr	r2, [pc, #124]	@ (20007218 <runtime_init_clocks+0xb0>)
2000719a:	2101      	movs	r1, #1
2000719c:	481f      	ldr	r0, [pc, #124]	@ (2000721c <runtime_init_clocks+0xb4>)
2000719e:	f7ff fdcf 	bl	20006d40 <pll_init>
200071a2:	2305      	movs	r3, #5
200071a4:	9300      	str	r3, [sp, #0]
200071a6:	4a1e      	ldr	r2, [pc, #120]	@ (20007220 <runtime_init_clocks+0xb8>)
200071a8:	2101      	movs	r1, #1
200071aa:	481e      	ldr	r0, [pc, #120]	@ (20007224 <runtime_init_clocks+0xbc>)
200071ac:	f7ff fdc8 	bl	20006d40 <pll_init>
200071b0:	4b1d      	ldr	r3, [pc, #116]	@ (20007228 <runtime_init_clocks+0xc0>)
200071b2:	2200      	movs	r2, #0
200071b4:	2102      	movs	r1, #2
200071b6:	2004      	movs	r0, #4
200071b8:	f7ff fd0c 	bl	20006bd4 <clock_configure_undivided>
200071bc:	4d1b      	ldr	r5, [pc, #108]	@ (2000722c <runtime_init_clocks+0xc4>)
200071be:	002b      	movs	r3, r5
200071c0:	2200      	movs	r2, #0
200071c2:	2101      	movs	r1, #1
200071c4:	2005      	movs	r0, #5
200071c6:	f7ff fd05 	bl	20006bd4 <clock_configure_undivided>
200071ca:	4c19      	ldr	r4, [pc, #100]	@ (20007230 <runtime_init_clocks+0xc8>)
200071cc:	0023      	movs	r3, r4
200071ce:	2200      	movs	r2, #0
200071d0:	2100      	movs	r1, #0
200071d2:	2007      	movs	r0, #7
200071d4:	f7ff fcfe 	bl	20006bd4 <clock_configure_undivided>
200071d8:	0023      	movs	r3, r4
200071da:	2200      	movs	r2, #0
200071dc:	2100      	movs	r1, #0
200071de:	2008      	movs	r0, #8
200071e0:	f7ff fcf8 	bl	20006bd4 <clock_configure_undivided>
200071e4:	2380      	movs	r3, #128	@ 0x80
200071e6:	00db      	lsls	r3, r3, #3
200071e8:	9300      	str	r3, [sp, #0]
200071ea:	0023      	movs	r3, r4
200071ec:	2200      	movs	r2, #0
200071ee:	2100      	movs	r1, #0
200071f0:	2009      	movs	r0, #9
200071f2:	f7ff fcdb 	bl	20006bac <clock_configure_int_divider>
200071f6:	002b      	movs	r3, r5
200071f8:	2200      	movs	r2, #0
200071fa:	2100      	movs	r1, #0
200071fc:	2006      	movs	r0, #6
200071fe:	f7ff fce9 	bl	20006bd4 <clock_configure_undivided>
20007202:	f7ff ff9d 	bl	20007140 <start_all_ticks>
20007206:	b003      	add	sp, #12
20007208:	bd30      	pop	{r4, r5, pc}
2000720a:	46c0      	nop			@ (mov r8, r8)
2000720c:	40008000 	.word	0x40008000
20007210:	4000b03c 	.word	0x4000b03c
20007214:	4000b030 	.word	0x4000b030
20007218:	59682f00 	.word	0x59682f00
2000721c:	40028000 	.word	0x40028000
20007220:	47868c00 	.word	0x47868c00
20007224:	4002c000 	.word	0x4002c000
20007228:	00b71b00 	.word	0x00b71b00
2000722c:	07735940 	.word	0x07735940
20007230:	02dc6c00 	.word	0x02dc6c00

20007234 <__aeabi_bits_init>:
20007234:	4801      	ldr	r0, [pc, #4]	@ (2000723c <__aeabi_bits_init+0x8>)
20007236:	2104      	movs	r1, #4
20007238:	4b01      	ldr	r3, [pc, #4]	@ (20007240 <__aeabi_bits_init+0xc>)
2000723a:	4718      	bx	r3
2000723c:	2000db70 	.word	0x2000db70
20007240:	20006fbd 	.word	0x20006fbd

20007244 <__wrap___aeabi_idiv>:
20007244:	4a12      	ldr	r2, [pc, #72]	@ (20007290 <divmod_s32s32_savestate+0x18>)
20007246:	6f93      	ldr	r3, [r2, #120]	@ 0x78
20007248:	089b      	lsrs	r3, r3, #2
2000724a:	d215      	bcs.n	20007278 <divmod_s32s32_savestate>

2000724c <divmod_s32s32_core>:
2000724c:	6690      	str	r0, [r2, #104]	@ 0x68
2000724e:	66d1      	str	r1, [r2, #108]	@ 0x6c
20007250:	2900      	cmp	r1, #0
20007252:	d005      	beq.n	20007260 <divmod_s32s32_core+0x14>
20007254:	e7ff      	b.n	20007256 <divmod_s32s32_core+0xa>
20007256:	e7ff      	b.n	20007258 <divmod_s32s32_core+0xc>
20007258:	e7ff      	b.n	2000725a <divmod_s32s32_core+0xe>
2000725a:	6f51      	ldr	r1, [r2, #116]	@ 0x74
2000725c:	6f10      	ldr	r0, [r2, #112]	@ 0x70
2000725e:	4770      	bx	lr
20007260:	b504      	push	{r2, lr}
20007262:	2180      	movs	r1, #128	@ 0x80
20007264:	0609      	lsls	r1, r1, #24
20007266:	17c2      	asrs	r2, r0, #31
20007268:	4051      	eors	r1, r2
2000726a:	2800      	cmp	r0, #0
2000726c:	d000      	beq.n	20007270 <divmod_s32s32_core+0x24>
2000726e:	43c8      	mvns	r0, r1
20007270:	f002 ff48 	bl	2000a104 <__aeabi_idiv0>
20007274:	2100      	movs	r1, #0
20007276:	bd04      	pop	{r2, pc}

20007278 <divmod_s32s32_savestate>:
20007278:	b5f0      	push	{r4, r5, r6, r7, lr}
2000727a:	6e14      	ldr	r4, [r2, #96]	@ 0x60
2000727c:	6e55      	ldr	r5, [r2, #100]	@ 0x64
2000727e:	6f57      	ldr	r7, [r2, #116]	@ 0x74
20007280:	6f16      	ldr	r6, [r2, #112]	@ 0x70
20007282:	f7ff ffe3 	bl	2000724c <divmod_s32s32_core>
20007286:	6614      	str	r4, [r2, #96]	@ 0x60
20007288:	6655      	str	r5, [r2, #100]	@ 0x64
2000728a:	6757      	str	r7, [r2, #116]	@ 0x74
2000728c:	6716      	str	r6, [r2, #112]	@ 0x70
2000728e:	bdf0      	pop	{r4, r5, r6, r7, pc}
20007290:	d0000000 	.word	0xd0000000

20007294 <__wrap___aeabi_uidiv>:
20007294:	4a11      	ldr	r2, [pc, #68]	@ (200072dc <divmod_u32u32_savestate+0x18>)
20007296:	6f93      	ldr	r3, [r2, #120]	@ 0x78
20007298:	089b      	lsrs	r3, r3, #2
2000729a:	d213      	bcs.n	200072c4 <divmod_u32u32_savestate>

2000729c <divmod_u32u32_core>:
2000729c:	6610      	str	r0, [r2, #96]	@ 0x60
2000729e:	6651      	str	r1, [r2, #100]	@ 0x64
200072a0:	2900      	cmp	r1, #0
200072a2:	d005      	beq.n	200072b0 <divmod_u32u32_core+0x14>
200072a4:	e7ff      	b.n	200072a6 <divmod_u32u32_core+0xa>
200072a6:	e7ff      	b.n	200072a8 <divmod_u32u32_core+0xc>
200072a8:	e7ff      	b.n	200072aa <divmod_u32u32_core+0xe>
200072aa:	6f51      	ldr	r1, [r2, #116]	@ 0x74
200072ac:	6f10      	ldr	r0, [r2, #112]	@ 0x70
200072ae:	4770      	bx	lr
200072b0:	b504      	push	{r2, lr}
200072b2:	2800      	cmp	r0, #0
200072b4:	d001      	beq.n	200072ba <divmod_u32u32_core+0x1e>
200072b6:	2000      	movs	r0, #0
200072b8:	43c0      	mvns	r0, r0
200072ba:	f002 ff23 	bl	2000a104 <__aeabi_idiv0>
200072be:	2100      	movs	r1, #0
200072c0:	bd04      	pop	{r2, pc}
200072c2:	46c0      	nop			@ (mov r8, r8)

200072c4 <divmod_u32u32_savestate>:
200072c4:	b5f0      	push	{r4, r5, r6, r7, lr}
200072c6:	6e14      	ldr	r4, [r2, #96]	@ 0x60
200072c8:	6e55      	ldr	r5, [r2, #100]	@ 0x64
200072ca:	6f57      	ldr	r7, [r2, #116]	@ 0x74
200072cc:	6f16      	ldr	r6, [r2, #112]	@ 0x70
200072ce:	f7ff ffe5 	bl	2000729c <divmod_u32u32_core>
200072d2:	6614      	str	r4, [r2, #96]	@ 0x60
200072d4:	6655      	str	r5, [r2, #100]	@ 0x64
200072d6:	6757      	str	r7, [r2, #116]	@ 0x74
200072d8:	6716      	str	r6, [r2, #112]	@ 0x70
200072da:	bdf0      	pop	{r4, r5, r6, r7, pc}
200072dc:	d0000000 	.word	0xd0000000

200072e0 <__wrap___aeabi_ldivmod>:
200072e0:	4694      	mov	ip, r2
200072e2:	4a4a      	ldr	r2, [pc, #296]	@ (2000740c <udiv0+0x1a>)
200072e4:	6f92      	ldr	r2, [r2, #120]	@ 0x78
200072e6:	0892      	lsrs	r2, r2, #2
200072e8:	4662      	mov	r2, ip
200072ea:	d201      	bcs.n	200072f0 <divmod_s64s64_savestate>
200072ec:	e028      	b.n	20007340 <divmod_s64s64_unsafe>
200072ee:	46c0      	nop			@ (mov r8, r8)

200072f0 <divmod_s64s64_savestate>:
200072f0:	b5f0      	push	{r4, r5, r6, r7, lr}
200072f2:	4e46      	ldr	r6, [pc, #280]	@ (2000740c <udiv0+0x1a>)
200072f4:	6e34      	ldr	r4, [r6, #96]	@ 0x60
200072f6:	6e75      	ldr	r5, [r6, #100]	@ 0x64
200072f8:	6f77      	ldr	r7, [r6, #116]	@ 0x74
200072fa:	6f36      	ldr	r6, [r6, #112]	@ 0x70
200072fc:	f000 f820 	bl	20007340 <divmod_s64s64_unsafe>
20007300:	4694      	mov	ip, r2
20007302:	4a42      	ldr	r2, [pc, #264]	@ (2000740c <udiv0+0x1a>)
20007304:	6614      	str	r4, [r2, #96]	@ 0x60
20007306:	6655      	str	r5, [r2, #100]	@ 0x64
20007308:	6757      	str	r7, [r2, #116]	@ 0x74
2000730a:	6716      	str	r6, [r2, #112]	@ 0x70
2000730c:	4662      	mov	r2, ip
2000730e:	bdf0      	pop	{r4, r5, r6, r7, pc}

20007310 <__wrap___aeabi_uldivmod>:
20007310:	4694      	mov	ip, r2
20007312:	4a3e      	ldr	r2, [pc, #248]	@ (2000740c <udiv0+0x1a>)
20007314:	6f92      	ldr	r2, [r2, #120]	@ 0x78
20007316:	0892      	lsrs	r2, r2, #2
20007318:	4662      	mov	r2, ip
2000731a:	d201      	bcs.n	20007320 <divmod_u64u64_savestate>
2000731c:	e054      	b.n	200073c8 <divmod_u64u64_unsafe>
2000731e:	46c0      	nop			@ (mov r8, r8)

20007320 <divmod_u64u64_savestate>:
20007320:	b5f0      	push	{r4, r5, r6, r7, lr}
20007322:	4e3a      	ldr	r6, [pc, #232]	@ (2000740c <udiv0+0x1a>)
20007324:	6e34      	ldr	r4, [r6, #96]	@ 0x60
20007326:	6e75      	ldr	r5, [r6, #100]	@ 0x64
20007328:	6f77      	ldr	r7, [r6, #116]	@ 0x74
2000732a:	6f36      	ldr	r6, [r6, #112]	@ 0x70
2000732c:	f000 f84c 	bl	200073c8 <divmod_u64u64_unsafe>
20007330:	4694      	mov	ip, r2
20007332:	4a36      	ldr	r2, [pc, #216]	@ (2000740c <udiv0+0x1a>)
20007334:	6614      	str	r4, [r2, #96]	@ 0x60
20007336:	6655      	str	r5, [r2, #100]	@ 0x64
20007338:	6757      	str	r7, [r2, #116]	@ 0x74
2000733a:	6716      	str	r6, [r2, #112]	@ 0x70
2000733c:	4662      	mov	r2, ip
2000733e:	bdf0      	pop	{r4, r5, r6, r7, pc}

20007340 <divmod_s64s64_unsafe>:
20007340:	2b00      	cmp	r3, #0
20007342:	db24      	blt.n	2000738e <l46_1+0x26>
20007344:	d011      	beq.n	2000736a <l46_1+0x2>
20007346:	2900      	cmp	r1, #0
20007348:	da3e      	bge.n	200073c8 <divmod_u64u64_unsafe>
2000734a:	b500      	push	{lr}
2000734c:	43c9      	mvns	r1, r1
2000734e:	4240      	negs	r0, r0
20007350:	d100      	bne.n	20007354 <l44_1>
20007352:	3101      	adds	r1, #1

20007354 <l44_1>:
20007354:	f000 f838 	bl	200073c8 <divmod_u64u64_unsafe>
20007358:	43c9      	mvns	r1, r1
2000735a:	4240      	negs	r0, r0
2000735c:	d100      	bne.n	20007360 <l45_1>
2000735e:	3101      	adds	r1, #1

20007360 <l45_1>:
20007360:	43db      	mvns	r3, r3
20007362:	4252      	negs	r2, r2
20007364:	d100      	bne.n	20007368 <l46_1>
20007366:	3301      	adds	r3, #1

20007368 <l46_1>:
20007368:	bd00      	pop	{pc}
2000736a:	2a00      	cmp	r2, #0
2000736c:	d1eb      	bne.n	20007346 <divmod_s64s64_unsafe+0x6>
2000736e:	2800      	cmp	r0, #0
20007370:	d101      	bne.n	20007376 <l46_1+0xe>
20007372:	2900      	cmp	r1, #0
20007374:	d005      	beq.n	20007382 <l46_1+0x1a>
20007376:	2000      	movs	r0, #0
20007378:	0fc9      	lsrs	r1, r1, #31
2000737a:	07c9      	lsls	r1, r1, #31
2000737c:	d101      	bne.n	20007382 <l46_1+0x1a>
2000737e:	43c0      	mvns	r0, r0
20007380:	0841      	lsrs	r1, r0, #1
20007382:	b500      	push	{lr}
20007384:	f002 febe 	bl	2000a104 <__aeabi_idiv0>
20007388:	2200      	movs	r2, #0
2000738a:	2300      	movs	r3, #0
2000738c:	bd00      	pop	{pc}
2000738e:	b500      	push	{lr}
20007390:	2900      	cmp	r1, #0
20007392:	db0a      	blt.n	200073aa <l48_1+0x2>
20007394:	43db      	mvns	r3, r3
20007396:	4252      	negs	r2, r2
20007398:	d100      	bne.n	2000739c <l47_1>
2000739a:	3301      	adds	r3, #1

2000739c <l47_1>:
2000739c:	f000 f814 	bl	200073c8 <divmod_u64u64_unsafe>
200073a0:	43c9      	mvns	r1, r1
200073a2:	4240      	negs	r0, r0
200073a4:	d100      	bne.n	200073a8 <l48_1>
200073a6:	3101      	adds	r1, #1

200073a8 <l48_1>:
200073a8:	bd00      	pop	{pc}
200073aa:	43c9      	mvns	r1, r1
200073ac:	4240      	negs	r0, r0
200073ae:	d100      	bne.n	200073b2 <l49_1>
200073b0:	3101      	adds	r1, #1

200073b2 <l49_1>:
200073b2:	43db      	mvns	r3, r3
200073b4:	4252      	negs	r2, r2
200073b6:	d100      	bne.n	200073ba <l50_1>
200073b8:	3301      	adds	r3, #1

200073ba <l50_1>:
200073ba:	f000 f805 	bl	200073c8 <divmod_u64u64_unsafe>
200073be:	43db      	mvns	r3, r3
200073c0:	4252      	negs	r2, r2
200073c2:	d100      	bne.n	200073c6 <l51_1>
200073c4:	3301      	adds	r3, #1

200073c6 <l51_1>:
200073c6:	bd00      	pop	{pc}

200073c8 <divmod_u64u64_unsafe>:
200073c8:	2900      	cmp	r1, #0
200073ca:	d123      	bne.n	20007414 <y64>
200073cc:	2b00      	cmp	r3, #0
200073ce:	d118      	bne.n	20007402 <udiv0+0x10>
200073d0:	2a00      	cmp	r2, #0
200073d2:	d00c      	beq.n	200073ee <divmod_u64u64_unsafe+0x26>
200073d4:	46bc      	mov	ip, r7
200073d6:	4f0d      	ldr	r7, [pc, #52]	@ (2000740c <udiv0+0x1a>)
200073d8:	6638      	str	r0, [r7, #96]	@ 0x60
200073da:	667a      	str	r2, [r7, #100]	@ 0x64
200073dc:	2100      	movs	r1, #0
200073de:	2300      	movs	r3, #0
200073e0:	e7ff      	b.n	200073e2 <divmod_u64u64_unsafe+0x1a>
200073e2:	e7ff      	b.n	200073e4 <divmod_u64u64_unsafe+0x1c>
200073e4:	e7ff      	b.n	200073e6 <divmod_u64u64_unsafe+0x1e>
200073e6:	6f7a      	ldr	r2, [r7, #116]	@ 0x74
200073e8:	6f38      	ldr	r0, [r7, #112]	@ 0x70
200073ea:	4667      	mov	r7, ip
200073ec:	4770      	bx	lr
200073ee:	2800      	cmp	r0, #0
200073f0:	d001      	beq.n	200073f6 <udiv0+0x4>

200073f2 <udiv0>:
200073f2:	4807      	ldr	r0, [pc, #28]	@ (20007410 <udiv0+0x1e>)
200073f4:	0001      	movs	r1, r0
200073f6:	b500      	push	{lr}
200073f8:	f002 fe84 	bl	2000a104 <__aeabi_idiv0>
200073fc:	2200      	movs	r2, #0
200073fe:	2300      	movs	r3, #0
20007400:	bd00      	pop	{pc}
20007402:	0002      	movs	r2, r0
20007404:	000b      	movs	r3, r1
20007406:	2000      	movs	r0, #0
20007408:	2100      	movs	r1, #0
2000740a:	4770      	bx	lr
2000740c:	d0000000 	.word	0xd0000000
20007410:	ffffffff 	.word	0xffffffff

20007414 <y64>:
20007414:	2b00      	cmp	r3, #0
20007416:	d000      	beq.n	2000741a <y64+0x6>
20007418:	e0bf      	b.n	2000759a <y64_x48>
2000741a:	0c13      	lsrs	r3, r2, #16
2000741c:	d128      	bne.n	20007470 <y64_x32>
2000741e:	2a00      	cmp	r2, #0
20007420:	d0e7      	beq.n	200073f2 <udiv0>
20007422:	b480      	push	{r7}
20007424:	4f11      	ldr	r7, [pc, #68]	@ (2000746c <y64+0x58>)
20007426:	6639      	str	r1, [r7, #96]	@ 0x60
20007428:	667a      	str	r2, [r7, #100]	@ 0x64
2000742a:	e7ff      	b.n	2000742c <y64+0x18>
2000742c:	e7ff      	b.n	2000742e <y64+0x1a>
2000742e:	b430      	push	{r4, r5}
20007430:	0c04      	lsrs	r4, r0, #16
20007432:	6f7b      	ldr	r3, [r7, #116]	@ 0x74
20007434:	6f39      	ldr	r1, [r7, #112]	@ 0x70
20007436:	041b      	lsls	r3, r3, #16
20007438:	4323      	orrs	r3, r4
2000743a:	663b      	str	r3, [r7, #96]	@ 0x60
2000743c:	667a      	str	r2, [r7, #100]	@ 0x64
2000743e:	e7ff      	b.n	20007440 <y64+0x2c>
20007440:	e7ff      	b.n	20007442 <y64+0x2e>
20007442:	e7ff      	b.n	20007444 <y64+0x30>
20007444:	46c0      	nop			@ (mov r8, r8)
20007446:	b284      	uxth	r4, r0
20007448:	6f7b      	ldr	r3, [r7, #116]	@ 0x74
2000744a:	6f3d      	ldr	r5, [r7, #112]	@ 0x70
2000744c:	041b      	lsls	r3, r3, #16
2000744e:	4323      	orrs	r3, r4
20007450:	663b      	str	r3, [r7, #96]	@ 0x60
20007452:	667a      	str	r2, [r7, #100]	@ 0x64
20007454:	e7ff      	b.n	20007456 <y64+0x42>
20007456:	e7ff      	b.n	20007458 <y64+0x44>
20007458:	46c0      	nop			@ (mov r8, r8)
2000745a:	2300      	movs	r3, #0
2000745c:	042c      	lsls	r4, r5, #16
2000745e:	0c2d      	lsrs	r5, r5, #16
20007460:	6f7a      	ldr	r2, [r7, #116]	@ 0x74
20007462:	6f38      	ldr	r0, [r7, #112]	@ 0x70
20007464:	1900      	adds	r0, r0, r4
20007466:	4169      	adcs	r1, r5
20007468:	bcb0      	pop	{r4, r5, r7}
2000746a:	4770      	bx	lr
2000746c:	d0000000 	.word	0xd0000000

20007470 <y64_x32>:
20007470:	b5f0      	push	{r4, r5, r6, r7, lr}
20007472:	4694      	mov	ip, r2
20007474:	2500      	movs	r5, #0
20007476:	0e14      	lsrs	r4, r2, #24
20007478:	d101      	bne.n	2000747e <y64_x32+0xe>
2000747a:	0212      	lsls	r2, r2, #8
2000747c:	3508      	adds	r5, #8
2000747e:	0f14      	lsrs	r4, r2, #28
20007480:	d101      	bne.n	20007486 <y64_x32+0x16>
20007482:	0112      	lsls	r2, r2, #4
20007484:	3504      	adds	r5, #4
20007486:	0f94      	lsrs	r4, r2, #30
20007488:	d101      	bne.n	2000748e <y64_x32+0x1e>
2000748a:	0092      	lsls	r2, r2, #2
2000748c:	3502      	adds	r5, #2
2000748e:	0fd4      	lsrs	r4, r2, #31
20007490:	d101      	bne.n	20007496 <y64_x32+0x26>
20007492:	0052      	lsls	r2, r2, #1
20007494:	3501      	adds	r5, #1
20007496:	0bd4      	lsrs	r4, r2, #15
20007498:	3401      	adds	r4, #1
2000749a:	4f25      	ldr	r7, [pc, #148]	@ (20007530 <y64_x32+0xc0>)
2000749c:	667c      	str	r4, [r7, #100]	@ 0x64
2000749e:	4c25      	ldr	r4, [pc, #148]	@ (20007534 <y64_x32+0xc4>)
200074a0:	663c      	str	r4, [r7, #96]	@ 0x60
200074a2:	0c0e      	lsrs	r6, r1, #16
200074a4:	b293      	uxth	r3, r2
200074a6:	e7ff      	b.n	200074a8 <y64_x32+0x38>
200074a8:	e7ff      	b.n	200074aa <y64_x32+0x3a>
200074aa:	e7ff      	b.n	200074ac <y64_x32+0x3c>
200074ac:	6f3c      	ldr	r4, [r7, #112]	@ 0x70
200074ae:	4366      	muls	r6, r4
200074b0:	0c36      	lsrs	r6, r6, #16
200074b2:	0377      	lsls	r7, r6, #13
200074b4:	46be      	mov	lr, r7
200074b6:	4373      	muls	r3, r6
200074b8:	0bdf      	lsrs	r7, r3, #15
200074ba:	045b      	lsls	r3, r3, #17
200074bc:	1ac0      	subs	r0, r0, r3
200074be:	41b9      	sbcs	r1, r7
200074c0:	0c13      	lsrs	r3, r2, #16
200074c2:	4373      	muls	r3, r6
200074c4:	18db      	adds	r3, r3, r3
200074c6:	1ac9      	subs	r1, r1, r3
200074c8:	08ce      	lsrs	r6, r1, #3
200074ca:	4366      	muls	r6, r4
200074cc:	0c36      	lsrs	r6, r6, #16
200074ce:	44b6      	add	lr, r6
200074d0:	b293      	uxth	r3, r2
200074d2:	4373      	muls	r3, r6
200074d4:	0f1f      	lsrs	r7, r3, #28
200074d6:	011b      	lsls	r3, r3, #4
200074d8:	1ac0      	subs	r0, r0, r3
200074da:	41b9      	sbcs	r1, r7
200074dc:	0c13      	lsrs	r3, r2, #16
200074de:	4373      	muls	r3, r6
200074e0:	0b1f      	lsrs	r7, r3, #12
200074e2:	051b      	lsls	r3, r3, #20
200074e4:	1ac0      	subs	r0, r0, r3
200074e6:	41b9      	sbcs	r1, r7
200074e8:	0d86      	lsrs	r6, r0, #22
200074ea:	028f      	lsls	r7, r1, #10
200074ec:	433e      	orrs	r6, r7
200074ee:	4366      	muls	r6, r4
200074f0:	0c36      	lsrs	r6, r6, #16
200074f2:	2d09      	cmp	r5, #9
200074f4:	db24      	blt.n	20007540 <last0>
200074f6:	0a52      	lsrs	r2, r2, #9
200074f8:	4372      	muls	r2, r6
200074fa:	1a80      	subs	r0, r0, r2
200074fc:	0377      	lsls	r7, r6, #13
200074fe:	0a46      	lsrs	r6, r0, #9
20007500:	4366      	muls	r6, r4
20007502:	0c36      	lsrs	r6, r6, #16
20007504:	2316      	movs	r3, #22
20007506:	1b5b      	subs	r3, r3, r5
20007508:	40de      	lsrs	r6, r3
2000750a:	40df      	lsrs	r7, r3
2000750c:	19bf      	adds	r7, r7, r6
2000750e:	4664      	mov	r4, ip
20007510:	4366      	muls	r6, r4
20007512:	1b82      	subs	r2, r0, r6
20007514:	4670      	mov	r0, lr
20007516:	3504      	adds	r5, #4
20007518:	3306      	adds	r3, #6
2000751a:	0001      	movs	r1, r0
2000751c:	40d9      	lsrs	r1, r3
2000751e:	40a8      	lsls	r0, r5
20007520:	19c0      	adds	r0, r0, r7
20007522:	d300      	bcc.n	20007526 <y64_x32+0xb6>
20007524:	3101      	adds	r1, #1
20007526:	42a2      	cmp	r2, r4
20007528:	d206      	bcs.n	20007538 <y64_x32+0xc8>
2000752a:	2300      	movs	r3, #0
2000752c:	bdf0      	pop	{r4, r5, r6, r7, pc}
2000752e:	0000      	.short	0x0000
20007530:	d0000000 	.word	0xd0000000
20007534:	ffffffff 	.word	0xffffffff
20007538:	1b12      	subs	r2, r2, r4
2000753a:	3001      	adds	r0, #1
2000753c:	d3f3      	bcc.n	20007526 <y64_x32+0xb6>
2000753e:	e7f1      	b.n	20007524 <y64_x32+0xb4>

20007540 <last0>:
20007540:	2709      	movs	r7, #9
20007542:	1b7f      	subs	r7, r7, r5
20007544:	40fe      	lsrs	r6, r7
20007546:	4664      	mov	r4, ip
20007548:	b2a2      	uxth	r2, r4
2000754a:	4372      	muls	r2, r6
2000754c:	1a80      	subs	r0, r0, r2
2000754e:	d200      	bcs.n	20007552 <last0+0x12>
20007550:	3901      	subs	r1, #1
20007552:	0c22      	lsrs	r2, r4, #16
20007554:	4372      	muls	r2, r6
20007556:	0c13      	lsrs	r3, r2, #16
20007558:	0412      	lsls	r2, r2, #16
2000755a:	1a82      	subs	r2, r0, r2
2000755c:	4199      	sbcs	r1, r3
2000755e:	000b      	movs	r3, r1
20007560:	4670      	mov	r0, lr
20007562:	3504      	adds	r5, #4
20007564:	3713      	adds	r7, #19
20007566:	0001      	movs	r1, r0
20007568:	40f9      	lsrs	r1, r7
2000756a:	40a8      	lsls	r0, r5
2000756c:	1980      	adds	r0, r0, r6
2000756e:	d300      	bcc.n	20007572 <last0+0x32>
20007570:	3101      	adds	r1, #1
20007572:	2b00      	cmp	r3, #0
20007574:	d102      	bne.n	2000757c <last0+0x3c>
20007576:	42a2      	cmp	r2, r4
20007578:	d20a      	bcs.n	20007590 <last0+0x50>
2000757a:	bdf0      	pop	{r4, r5, r6, r7, pc}
2000757c:	3001      	adds	r0, #1
2000757e:	d300      	bcc.n	20007582 <last0+0x42>
20007580:	3101      	adds	r1, #1
20007582:	1b12      	subs	r2, r2, r4
20007584:	d2fa      	bcs.n	2000757c <last0+0x3c>
20007586:	3b01      	subs	r3, #1
20007588:	d1f8      	bne.n	2000757c <last0+0x3c>
2000758a:	42a2      	cmp	r2, r4
2000758c:	d200      	bcs.n	20007590 <last0+0x50>
2000758e:	bdf0      	pop	{r4, r5, r6, r7, pc}
20007590:	3001      	adds	r0, #1
20007592:	d300      	bcc.n	20007596 <last0+0x56>
20007594:	3101      	adds	r1, #1
20007596:	1b12      	subs	r2, r2, r4
20007598:	e7f7      	b.n	2000758a <last0+0x4a>

2000759a <y64_x48>:
2000759a:	b5f0      	push	{r4, r5, r6, r7, lr}
2000759c:	0c1c      	lsrs	r4, r3, #16
2000759e:	d000      	beq.n	200075a2 <y64_x48+0x8>
200075a0:	e080      	b.n	200076a4 <y64_x64>
200075a2:	b40c      	push	{r2, r3}
200075a4:	2500      	movs	r5, #0
200075a6:	0a1c      	lsrs	r4, r3, #8
200075a8:	d104      	bne.n	200075b4 <y64_x48+0x1a>
200075aa:	021b      	lsls	r3, r3, #8
200075ac:	0e16      	lsrs	r6, r2, #24
200075ae:	4333      	orrs	r3, r6
200075b0:	0212      	lsls	r2, r2, #8
200075b2:	3508      	adds	r5, #8
200075b4:	0b1c      	lsrs	r4, r3, #12
200075b6:	d104      	bne.n	200075c2 <y64_x48+0x28>
200075b8:	011b      	lsls	r3, r3, #4
200075ba:	0f16      	lsrs	r6, r2, #28
200075bc:	4333      	orrs	r3, r6
200075be:	0112      	lsls	r2, r2, #4
200075c0:	3504      	adds	r5, #4
200075c2:	0b9c      	lsrs	r4, r3, #14
200075c4:	d104      	bne.n	200075d0 <y64_x48+0x36>
200075c6:	009b      	lsls	r3, r3, #2
200075c8:	0f96      	lsrs	r6, r2, #30
200075ca:	4333      	orrs	r3, r6
200075cc:	0092      	lsls	r2, r2, #2
200075ce:	3502      	adds	r5, #2
200075d0:	0bdc      	lsrs	r4, r3, #15
200075d2:	d102      	bne.n	200075da <y64_x48+0x40>
200075d4:	1892      	adds	r2, r2, r2
200075d6:	415b      	adcs	r3, r3
200075d8:	3501      	adds	r5, #1
200075da:	001c      	movs	r4, r3
200075dc:	1897      	adds	r7, r2, r2
200075de:	4164      	adcs	r4, r4
200075e0:	3401      	adds	r4, #1
200075e2:	4f46      	ldr	r7, [pc, #280]	@ (200076fc <y64_x64+0x58>)
200075e4:	667c      	str	r4, [r7, #100]	@ 0x64
200075e6:	4c46      	ldr	r4, [pc, #280]	@ (20007700 <y64_x64+0x5c>)
200075e8:	663c      	str	r4, [r7, #96]	@ 0x60
200075ea:	0c0e      	lsrs	r6, r1, #16
200075ec:	e7ff      	b.n	200075ee <y64_x48+0x54>
200075ee:	e7ff      	b.n	200075f0 <y64_x48+0x56>
200075f0:	e7ff      	b.n	200075f2 <y64_x48+0x58>
200075f2:	46c0      	nop			@ (mov r8, r8)
200075f4:	6f3c      	ldr	r4, [r7, #112]	@ 0x70
200075f6:	4366      	muls	r6, r4
200075f8:	0c36      	lsrs	r6, r6, #16
200075fa:	0377      	lsls	r7, r6, #13
200075fc:	46be      	mov	lr, r7
200075fe:	b297      	uxth	r7, r2
20007600:	4377      	muls	r7, r6
20007602:	1bc0      	subs	r0, r0, r7
20007604:	d200      	bcs.n	20007608 <y64_x48+0x6e>
20007606:	3901      	subs	r1, #1
20007608:	1bc0      	subs	r0, r0, r7
2000760a:	d200      	bcs.n	2000760e <y64_x48+0x74>
2000760c:	3901      	subs	r1, #1
2000760e:	b29f      	uxth	r7, r3
20007610:	4377      	muls	r7, r6
20007612:	1bc9      	subs	r1, r1, r7
20007614:	1bc9      	subs	r1, r1, r7
20007616:	0c17      	lsrs	r7, r2, #16
20007618:	4377      	muls	r7, r6
2000761a:	047e      	lsls	r6, r7, #17
2000761c:	0bff      	lsrs	r7, r7, #15
2000761e:	1b80      	subs	r0, r0, r6
20007620:	41b9      	sbcs	r1, r7
20007622:	08ce      	lsrs	r6, r1, #3
20007624:	4366      	muls	r6, r4
20007626:	0c36      	lsrs	r6, r6, #16
20007628:	2d0c      	cmp	r5, #12
2000762a:	db33      	blt.n	20007694 <last1>
2000762c:	44b6      	add	lr, r6
2000762e:	0b12      	lsrs	r2, r2, #12
20007630:	051f      	lsls	r7, r3, #20
20007632:	433a      	orrs	r2, r7
20007634:	0b1b      	lsrs	r3, r3, #12
20007636:	b297      	uxth	r7, r2
20007638:	4377      	muls	r7, r6
2000763a:	1bc0      	subs	r0, r0, r7
2000763c:	d200      	bcs.n	20007640 <y64_x48+0xa6>
2000763e:	3901      	subs	r1, #1
20007640:	b29f      	uxth	r7, r3
20007642:	4377      	muls	r7, r6
20007644:	1bc9      	subs	r1, r1, r7
20007646:	0c17      	lsrs	r7, r2, #16
20007648:	4377      	muls	r7, r6
2000764a:	043e      	lsls	r6, r7, #16
2000764c:	0c3f      	lsrs	r7, r7, #16
2000764e:	1b80      	subs	r0, r0, r6
20007650:	41b9      	sbcs	r1, r7
20007652:	0d86      	lsrs	r6, r0, #22
20007654:	028f      	lsls	r7, r1, #10
20007656:	433e      	orrs	r6, r7
20007658:	4366      	muls	r6, r4
2000765a:	2729      	movs	r7, #41	@ 0x29
2000765c:	1b7f      	subs	r7, r7, r5
2000765e:	40fe      	lsrs	r6, r7
20007660:	3d0c      	subs	r5, #12
20007662:	4677      	mov	r7, lr
20007664:	40af      	lsls	r7, r5
20007666:	19bf      	adds	r7, r7, r6
20007668:	bc30      	pop	{r4, r5}
2000766a:	b2a2      	uxth	r2, r4
2000766c:	b2ab      	uxth	r3, r5
2000766e:	4372      	muls	r2, r6
20007670:	4373      	muls	r3, r6
20007672:	1a80      	subs	r0, r0, r2
20007674:	4199      	sbcs	r1, r3
20007676:	0c22      	lsrs	r2, r4, #16
20007678:	4372      	muls	r2, r6
2000767a:	0c13      	lsrs	r3, r2, #16
2000767c:	0412      	lsls	r2, r2, #16
2000767e:	1a80      	subs	r0, r0, r2
20007680:	4199      	sbcs	r1, r3
20007682:	0002      	movs	r2, r0
20007684:	000b      	movs	r3, r1
20007686:	3701      	adds	r7, #1
20007688:	1b00      	subs	r0, r0, r4
2000768a:	41a9      	sbcs	r1, r5
2000768c:	d2f9      	bcs.n	20007682 <y64_x48+0xe8>
2000768e:	1e78      	subs	r0, r7, #1
20007690:	2100      	movs	r1, #0
20007692:	bdf0      	pop	{r4, r5, r6, r7, pc}

20007694 <last1>:
20007694:	270c      	movs	r7, #12
20007696:	1b7f      	subs	r7, r7, r5
20007698:	40fe      	lsrs	r6, r7
2000769a:	4677      	mov	r7, lr
2000769c:	0b7f      	lsrs	r7, r7, #13
2000769e:	40af      	lsls	r7, r5
200076a0:	19ff      	adds	r7, r7, r7
200076a2:	e7e0      	b.n	20007666 <y64_x48+0xcc>

200076a4 <y64_x64>:
200076a4:	2400      	movs	r4, #0
200076a6:	1c5d      	adds	r5, r3, #1
200076a8:	d007      	beq.n	200076ba <y64_x64+0x16>
200076aa:	4f14      	ldr	r7, [pc, #80]	@ (200076fc <y64_x64+0x58>)
200076ac:	667d      	str	r5, [r7, #100]	@ 0x64
200076ae:	6639      	str	r1, [r7, #96]	@ 0x60
200076b0:	e7ff      	b.n	200076b2 <y64_x64+0xe>
200076b2:	e7ff      	b.n	200076b4 <y64_x64+0x10>
200076b4:	e7ff      	b.n	200076b6 <y64_x64+0x12>
200076b6:	e7ff      	b.n	200076b8 <y64_x64+0x14>
200076b8:	6f3c      	ldr	r4, [r7, #112]	@ 0x70
200076ba:	b295      	uxth	r5, r2
200076bc:	b29e      	uxth	r6, r3
200076be:	4365      	muls	r5, r4
200076c0:	4366      	muls	r6, r4
200076c2:	1b40      	subs	r0, r0, r5
200076c4:	41b1      	sbcs	r1, r6
200076c6:	0c15      	lsrs	r5, r2, #16
200076c8:	0c1e      	lsrs	r6, r3, #16
200076ca:	4365      	muls	r5, r4
200076cc:	4366      	muls	r6, r4
200076ce:	0436      	lsls	r6, r6, #16
200076d0:	0c2f      	lsrs	r7, r5, #16
200076d2:	433e      	orrs	r6, r7
200076d4:	042d      	lsls	r5, r5, #16
200076d6:	1b40      	subs	r0, r0, r5
200076d8:	41b1      	sbcs	r1, r6
200076da:	4299      	cmp	r1, r3
200076dc:	d204      	bcs.n	200076e8 <y64_x64+0x44>
200076de:	0002      	movs	r2, r0
200076e0:	000b      	movs	r3, r1
200076e2:	0020      	movs	r0, r4
200076e4:	2100      	movs	r1, #0
200076e6:	bdf0      	pop	{r4, r5, r6, r7, pc}
200076e8:	d101      	bne.n	200076ee <y64_x64+0x4a>
200076ea:	4290      	cmp	r0, r2
200076ec:	d3f7      	bcc.n	200076de <y64_x64+0x3a>
200076ee:	1a80      	subs	r0, r0, r2
200076f0:	4199      	sbcs	r1, r3
200076f2:	3401      	adds	r4, #1
200076f4:	4299      	cmp	r1, r3
200076f6:	d3f2      	bcc.n	200076de <y64_x64+0x3a>
200076f8:	e7f6      	b.n	200076e8 <y64_x64+0x44>
200076fa:	0000      	.short	0x0000
200076fc:	d0000000 	.word	0xd0000000
20007700:	ffffffff 	.word	0xffffffff

20007704 <__wrap___aeabi_drsub>:
20007704:	4048      	eors	r0, r1
20007706:	4041      	eors	r1, r0
20007708:	4048      	eors	r0, r1

2000770a <__wrap___aeabi_dsub>:
2000770a:	b418      	push	{r3, r4}
2000770c:	4b1b      	ldr	r3, [pc, #108]	@ (2000777c <__wrap___aeabi_dmul+0x12>)
2000770e:	685b      	ldr	r3, [r3, #4]
20007710:	46fc      	mov	ip, pc
20007712:	9301      	str	r3, [sp, #4]
20007714:	bd08      	pop	{r3, pc}
20007716:	df04      	.short	0xdf04
20007718:	200079df 	.word	0x200079df

2000771c <__wrap___aeabi_dadd>:
2000771c:	b418      	push	{r3, r4}
2000771e:	4b17      	ldr	r3, [pc, #92]	@ (2000777c <__wrap___aeabi_dmul+0x12>)
20007720:	681b      	ldr	r3, [r3, #0]
20007722:	46fc      	mov	ip, pc
20007724:	9301      	str	r3, [sp, #4]
20007726:	bd08      	pop	{r3, pc}
20007728:	79e9df00 	.word	0x79e9df00
2000772c:	2000      	.short	0x2000

2000772e <__wrap___aeabi_ddiv>:
2000772e:	4694      	mov	ip, r2
20007730:	4a13      	ldr	r2, [pc, #76]	@ (20007780 <__wrap___aeabi_dmul+0x16>)
20007732:	6f92      	ldr	r2, [r2, #120]	@ 0x78
20007734:	0892      	lsrs	r2, r2, #2
20007736:	d209      	bcs.n	2000774c <ddiv_save_state>
20007738:	4662      	mov	r2, ip

2000773a <ddiv_shim_call>:
2000773a:	b418      	push	{r3, r4}
2000773c:	4b0f      	ldr	r3, [pc, #60]	@ (2000777c <__wrap___aeabi_dmul+0x12>)
2000773e:	68db      	ldr	r3, [r3, #12]
20007740:	46fc      	mov	ip, pc
20007742:	9301      	str	r3, [sp, #4]
20007744:	bd08      	pop	{r3, pc}
20007746:	df0c      	.short	0xdf0c
20007748:	20007ca1 	.word	0x20007ca1

2000774c <ddiv_save_state>:
2000774c:	4a0c      	ldr	r2, [pc, #48]	@ (20007780 <__wrap___aeabi_dmul+0x16>)
2000774e:	b5f0      	push	{r4, r5, r6, r7, lr}
20007750:	6e14      	ldr	r4, [r2, #96]	@ 0x60
20007752:	6e55      	ldr	r5, [r2, #100]	@ 0x64
20007754:	6f57      	ldr	r7, [r2, #116]	@ 0x74
20007756:	6f16      	ldr	r6, [r2, #112]	@ 0x70
20007758:	4662      	mov	r2, ip
2000775a:	f7ff ffee 	bl	2000773a <ddiv_shim_call>
2000775e:	4a08      	ldr	r2, [pc, #32]	@ (20007780 <__wrap___aeabi_dmul+0x16>)
20007760:	6614      	str	r4, [r2, #96]	@ 0x60
20007762:	6655      	str	r5, [r2, #100]	@ 0x64
20007764:	6757      	str	r7, [r2, #116]	@ 0x74
20007766:	6716      	str	r6, [r2, #112]	@ 0x70
20007768:	bdf0      	pop	{r4, r5, r6, r7, pc}

2000776a <__wrap___aeabi_dmul>:
2000776a:	b418      	push	{r3, r4}
2000776c:	4b03      	ldr	r3, [pc, #12]	@ (2000777c <__wrap___aeabi_dmul+0x12>)
2000776e:	689b      	ldr	r3, [r3, #8]
20007770:	46fc      	mov	ip, pc
20007772:	9301      	str	r3, [sp, #4]
20007774:	bd08      	pop	{r3, pc}
20007776:	df08      	.short	0xdf08
20007778:	20007b45 	.word	0x20007b45
2000777c:	20030450 	.word	0x20030450
20007780:	d0000000 	.word	0xd0000000

20007784 <__wrap___aeabi_cdrcmple>:
20007784:	b5ff      	push	{r0, r1, r2, r3, r4, r5, r6, r7, lr}
20007786:	4050      	eors	r0, r2
20007788:	4042      	eors	r2, r0
2000778a:	4050      	eors	r0, r2
2000778c:	4059      	eors	r1, r3
2000778e:	404b      	eors	r3, r1
20007790:	4059      	eors	r1, r3
20007792:	e000      	b.n	20007796 <__aeabi_dfcmple_guts>

20007794 <__wrap___aeabi_cdcmpeq>:
20007794:	b5ff      	push	{r0, r1, r2, r3, r4, r5, r6, r7, lr}

20007796 <__aeabi_dfcmple_guts>:
20007796:	4f15      	ldr	r7, [pc, #84]	@ (200077ec <__aeabi_dfcmple_guts+0x56>)
20007798:	004c      	lsls	r4, r1, #1
2000779a:	0d64      	lsrs	r4, r4, #21
2000779c:	d003      	beq.n	200077a6 <__aeabi_dfcmple_guts+0x10>
2000779e:	42bc      	cmp	r4, r7
200077a0:	d104      	bne.n	200077ac <__aeabi_dfcmple_guts+0x16>
200077a2:	030c      	lsls	r4, r1, #12
200077a4:	d814      	bhi.n	200077d0 <__aeabi_dfcmple_guts+0x3a>
200077a6:	2000      	movs	r0, #0
200077a8:	0d09      	lsrs	r1, r1, #20
200077aa:	0509      	lsls	r1, r1, #20
200077ac:	005c      	lsls	r4, r3, #1
200077ae:	0d64      	lsrs	r4, r4, #21
200077b0:	d003      	beq.n	200077ba <__aeabi_dfcmple_guts+0x24>
200077b2:	42bc      	cmp	r4, r7
200077b4:	d104      	bne.n	200077c0 <__aeabi_dfcmple_guts+0x2a>
200077b6:	031c      	lsls	r4, r3, #12
200077b8:	d80a      	bhi.n	200077d0 <__aeabi_dfcmple_guts+0x3a>
200077ba:	2200      	movs	r2, #0
200077bc:	0d1b      	lsrs	r3, r3, #20
200077be:	051b      	lsls	r3, r3, #20
200077c0:	2601      	movs	r6, #1
200077c2:	404b      	eors	r3, r1
200077c4:	d409      	bmi.n	200077da <__aeabi_dfcmple_guts+0x44>
200077c6:	404b      	eors	r3, r1
200077c8:	d503      	bpl.n	200077d2 <__aeabi_dfcmple_guts+0x3c>
200077ca:	428b      	cmp	r3, r1
200077cc:	d100      	bne.n	200077d0 <__aeabi_dfcmple_guts+0x3a>
200077ce:	4282      	cmp	r2, r0
200077d0:	bdff      	pop	{r0, r1, r2, r3, r4, r5, r6, r7, pc}
200077d2:	4299      	cmp	r1, r3
200077d4:	d1fc      	bne.n	200077d0 <__aeabi_dfcmple_guts+0x3a>
200077d6:	4290      	cmp	r0, r2
200077d8:	bdff      	pop	{r0, r1, r2, r3, r4, r5, r6, r7, pc}
200077da:	430b      	orrs	r3, r1
200077dc:	18db      	adds	r3, r3, r3
200077de:	4303      	orrs	r3, r0
200077e0:	4313      	orrs	r3, r2
200077e2:	d0f5      	beq.n	200077d0 <__aeabi_dfcmple_guts+0x3a>
200077e4:	43c9      	mvns	r1, r1
200077e6:	1849      	adds	r1, r1, r1
200077e8:	bdff      	pop	{r0, r1, r2, r3, r4, r5, r6, r7, pc}
200077ea:	0000      	.short	0x0000
200077ec:	000007ff 	.word	0x000007ff

200077f0 <__wrap___aeabi_dcmplt>:
200077f0:	b500      	push	{lr}
200077f2:	f7ff ffcf 	bl	20007794 <__wrap___aeabi_cdcmpeq>
200077f6:	4180      	sbcs	r0, r0
200077f8:	bd00      	pop	{pc}
200077fa:	46c0      	nop			@ (mov r8, r8)

200077fc <__wrap___aeabi_dcmple>:
200077fc:	b500      	push	{lr}
200077fe:	f7ff ffc9 	bl	20007794 <__wrap___aeabi_cdcmpeq>
20007802:	d901      	bls.n	20007808 <__wrap___aeabi_dcmple+0xc>
20007804:	2000      	movs	r0, #0
20007806:	bd00      	pop	{pc}
20007808:	2001      	movs	r0, #1
2000780a:	bd00      	pop	{pc}

2000780c <__wrap___aeabi_dcmpge>:
2000780c:	b500      	push	{lr}
2000780e:	f7ff ffb9 	bl	20007784 <__wrap___aeabi_cdrcmple>
20007812:	d901      	bls.n	20007818 <__wrap___aeabi_dcmpge+0xc>
20007814:	2000      	movs	r0, #0
20007816:	bd00      	pop	{pc}
20007818:	2001      	movs	r0, #1
2000781a:	bd00      	pop	{pc}

2000781c <__wrap___aeabi_dcmpgt>:
2000781c:	b500      	push	{lr}
2000781e:	f7ff ffb1 	bl	20007784 <__wrap___aeabi_cdrcmple>
20007822:	4180      	sbcs	r0, r0
20007824:	bd00      	pop	{pc}

20007826 <__wrap___aeabi_dcmpun>:
20007826:	2001      	movs	r0, #1
20007828:	0540      	lsls	r0, r0, #21
2000782a:	004a      	lsls	r2, r1, #1
2000782c:	1812      	adds	r2, r2, r0
2000782e:	d804      	bhi.n	2000783a <__wrap___aeabi_dcmpun+0x14>
20007830:	005a      	lsls	r2, r3, #1
20007832:	1812      	adds	r2, r2, r0
20007834:	d801      	bhi.n	2000783a <__wrap___aeabi_dcmpun+0x14>
20007836:	2000      	movs	r0, #0
20007838:	4770      	bx	lr
2000783a:	2001      	movs	r0, #1
2000783c:	4770      	bx	lr
	...

20007840 <__wrap___aeabi_ui2d>:
20007840:	2100      	movs	r1, #0
20007842:	2800      	cmp	r0, #0
20007844:	d105      	bne.n	20007852 <__wrap___aeabi_i2d+0xa>
20007846:	4770      	bx	lr

20007848 <__wrap___aeabi_i2d>:
20007848:	17c1      	asrs	r1, r0, #31
2000784a:	4048      	eors	r0, r1
2000784c:	1a40      	subs	r0, r0, r1
2000784e:	d0fa      	beq.n	20007846 <__wrap___aeabi_ui2d+0x6>
20007850:	07c9      	lsls	r1, r1, #31
20007852:	b513      	push	{r0, r1, r4, lr}
20007854:	4b06      	ldr	r3, [pc, #24]	@ (20007870 <__wrap___aeabi_i2d+0x28>)
20007856:	681b      	ldr	r3, [r3, #0]
20007858:	4798      	blx	r3
2000785a:	bc0c      	pop	{r2, r3}
2000785c:	1c44      	adds	r4, r0, #1
2000785e:	40a2      	lsls	r2, r4
20007860:	0510      	lsls	r0, r2, #20
20007862:	0b12      	lsrs	r2, r2, #12
20007864:	4903      	ldr	r1, [pc, #12]	@ (20007874 <__wrap___aeabi_i2d+0x2c>)
20007866:	1b09      	subs	r1, r1, r4
20007868:	0509      	lsls	r1, r1, #20
2000786a:	4319      	orrs	r1, r3
2000786c:	4311      	orrs	r1, r2
2000786e:	bd10      	pop	{r4, pc}
20007870:	20030550 	.word	0x20030550
20007874:	0000041f 	.word	0x0000041f

20007878 <__wrap___aeabi_d2iz>:
20007878:	b510      	push	{r4, lr}
2000787a:	004c      	lsls	r4, r1, #1
2000787c:	0d62      	lsrs	r2, r4, #21
2000787e:	2380      	movs	r3, #128	@ 0x80
20007880:	18d2      	adds	r2, r2, r3
20007882:	00db      	lsls	r3, r3, #3
20007884:	1ad2      	subs	r2, r2, r3
20007886:	055b      	lsls	r3, r3, #21
20007888:	2a7e      	cmp	r2, #126	@ 0x7e
2000788a:	dd10      	ble.n	200078ae <__wrap___aeabi_d2iz+0x36>
2000788c:	3a9e      	subs	r2, #158	@ 0x9e
2000788e:	da13      	bge.n	200078b8 <__wrap___aeabi_d2iz+0x40>
20007890:	17cc      	asrs	r4, r1, #31
20007892:	0309      	lsls	r1, r1, #12
20007894:	0849      	lsrs	r1, r1, #1
20007896:	4319      	orrs	r1, r3
20007898:	4252      	negs	r2, r2
2000789a:	40d1      	lsrs	r1, r2
2000789c:	0064      	lsls	r4, r4, #1
2000789e:	3401      	adds	r4, #1
200078a0:	3215      	adds	r2, #21
200078a2:	2a20      	cmp	r2, #32
200078a4:	da05      	bge.n	200078b2 <__wrap___aeabi_d2iz+0x3a>
200078a6:	40d0      	lsrs	r0, r2
200078a8:	4308      	orrs	r0, r1
200078aa:	4360      	muls	r0, r4
200078ac:	bd10      	pop	{r4, pc}
200078ae:	2000      	movs	r0, #0
200078b0:	bd10      	pop	{r4, pc}
200078b2:	4608      	mov	r0, r1
200078b4:	4360      	muls	r0, r4
200078b6:	bd10      	pop	{r4, pc}
200078b8:	0fc8      	lsrs	r0, r1, #31
200078ba:	18c0      	adds	r0, r0, r3
200078bc:	3801      	subs	r0, #1
200078be:	bd10      	pop	{r4, pc}

200078c0 <__wrap___aeabi_d2uiz>:
200078c0:	b418      	push	{r3, r4}
200078c2:	4b04      	ldr	r3, [pc, #16]	@ (200078d4 <__wrap___aeabi_d2uiz+0x14>)
200078c4:	6a5b      	ldr	r3, [r3, #36]	@ 0x24
200078c6:	46fc      	mov	ip, pc
200078c8:	9301      	str	r3, [sp, #4]
200078ca:	bd08      	pop	{r3, pc}
200078cc:	7e51df24 	.word	0x7e51df24
200078d0:	00002000 	.word	0x00002000
200078d4:	20030450 	.word	0x20030450

200078d8 <__aeabi_double_init>:
200078d8:	b570      	push	{r4, r5, r6, lr}
200078da:	2313      	movs	r3, #19
200078dc:	781c      	ldrb	r4, [r3, #0]
200078de:	2c01      	cmp	r4, #1
200078e0:	d012      	beq.n	20007908 <__aeabi_double_init+0x30>
200078e2:	2c01      	cmp	r4, #1
200078e4:	dc12      	bgt.n	2000790c <__aeabi_double_init+0x34>
200078e6:	4b21      	ldr	r3, [pc, #132]	@ (2000796c <__aeabi_double_init+0x94>)
200078e8:	4a21      	ldr	r2, [pc, #132]	@ (20007970 <__aeabi_double_init+0x98>)
200078ea:	6493      	str	r3, [r2, #72]	@ 0x48
200078ec:	4821      	ldr	r0, [pc, #132]	@ (20007974 <__aeabi_double_init+0x9c>)
200078ee:	f7ff fb55 	bl	20006f9c <rom_func_lookup>
200078f2:	4b21      	ldr	r3, [pc, #132]	@ (20007978 <__aeabi_double_init+0xa0>)
200078f4:	6018      	str	r0, [r3, #0]
200078f6:	bd70      	pop	{r4, r5, r6, pc}
200078f8:	491c      	ldr	r1, [pc, #112]	@ (2000796c <__aeabi_double_init+0x94>)
200078fa:	4a1d      	ldr	r2, [pc, #116]	@ (20007970 <__aeabi_double_init+0x98>)
200078fc:	0098      	lsls	r0, r3, #2
200078fe:	5081      	str	r1, [r0, r2]
20007900:	3301      	adds	r3, #1
20007902:	2b1f      	cmp	r3, #31
20007904:	d9f8      	bls.n	200078f8 <__aeabi_double_init+0x20>
20007906:	e7ec      	b.n	200078e2 <__aeabi_double_init+0xa>
20007908:	2300      	movs	r3, #0
2000790a:	e7fa      	b.n	20007902 <__aeabi_double_init+0x2a>
2000790c:	481b      	ldr	r0, [pc, #108]	@ (2000797c <__aeabi_double_init+0xa4>)
2000790e:	f7ff fb4d 	bl	20006fac <rom_data_lookup>
20007912:	0005      	movs	r5, r0
20007914:	481a      	ldr	r0, [pc, #104]	@ (20007980 <__aeabi_double_init+0xa8>)
20007916:	f7ff fb49 	bl	20006fac <rom_data_lookup>
2000791a:	3802      	subs	r0, #2
2000791c:	7803      	ldrb	r3, [r0, #0]
2000791e:	009b      	lsls	r3, r3, #2
20007920:	2b7f      	cmp	r3, #127	@ 0x7f
20007922:	dd09      	ble.n	20007938 <__aeabi_double_init+0x60>
20007924:	4812      	ldr	r0, [pc, #72]	@ (20007970 <__aeabi_double_init+0x98>)
20007926:	2280      	movs	r2, #128	@ 0x80
20007928:	0029      	movs	r1, r5
2000792a:	f000 fc2d 	bl	20008188 <__wrap___aeabi_memcpy>
2000792e:	2c02      	cmp	r4, #2
20007930:	d008      	beq.n	20007944 <__aeabi_double_init+0x6c>
20007932:	2c02      	cmp	r4, #2
20007934:	dcda      	bgt.n	200078ec <__aeabi_double_init+0x14>
20007936:	e7d6      	b.n	200078e6 <__aeabi_double_init+0xe>
20007938:	4b12      	ldr	r3, [pc, #72]	@ (20007984 <__aeabi_double_init+0xac>)
2000793a:	4a13      	ldr	r2, [pc, #76]	@ (20007988 <__aeabi_double_init+0xb0>)
2000793c:	4813      	ldr	r0, [pc, #76]	@ (2000798c <__aeabi_double_init+0xb4>)
2000793e:	2134      	movs	r1, #52	@ 0x34
20007940:	f001 fd94 	bl	2000946c <__assert_func>
20007944:	4b12      	ldr	r3, [pc, #72]	@ (20007990 <__aeabi_double_init+0xb8>)
20007946:	881a      	ldrh	r2, [r3, #0]
20007948:	23b5      	movs	r3, #181	@ 0xb5
2000794a:	021b      	lsls	r3, r3, #8
2000794c:	429a      	cmp	r2, r3
2000794e:	d109      	bne.n	20007964 <__aeabi_double_init+0x8c>
20007950:	4b10      	ldr	r3, [pc, #64]	@ (20007994 <__aeabi_double_init+0xbc>)
20007952:	881a      	ldrh	r2, [r3, #0]
20007954:	4b10      	ldr	r3, [pc, #64]	@ (20007998 <__aeabi_double_init+0xc0>)
20007956:	429a      	cmp	r2, r3
20007958:	d104      	bne.n	20007964 <__aeabi_double_init+0x8c>
2000795a:	4b10      	ldr	r3, [pc, #64]	@ (2000799c <__aeabi_double_init+0xc4>)
2000795c:	881a      	ldrh	r2, [r3, #0]
2000795e:	4b10      	ldr	r3, [pc, #64]	@ (200079a0 <__aeabi_double_init+0xc8>)
20007960:	429a      	cmp	r2, r3
20007962:	d0e6      	beq.n	20007932 <__aeabi_double_init+0x5a>
20007964:	2000      	movs	r0, #0
20007966:	f7fd ff29 	bl	200057bc <panic>
2000796a:	46c0      	nop			@ (mov r8, r8)
2000796c:	200079a5 	.word	0x200079a5
20007970:	20030450 	.word	0x20030450
20007974:	0000334c 	.word	0x0000334c
20007978:	20030550 	.word	0x20030550
2000797c:	00004453 	.word	0x00004453
20007980:	00004653 	.word	0x00004653
20007984:	2000d2b0 	.word	0x2000d2b0
20007988:	2000d944 	.word	0x2000d944
2000798c:	2000d2f4 	.word	0x2000d2f4
20007990:	00003854 	.word	0x00003854
20007994:	000038d8 	.word	0x000038d8
20007998:	00004649 	.word	0x00004649
2000799c:	0000389c 	.word	0x0000389c
200079a0:	00004659 	.word	0x00004659

200079a4 <double_table_shim_on_use_helper>:
200079a4:	b507      	push	{r0, r1, r2, lr}
200079a6:	4660      	mov	r0, ip
200079a8:	2800      	cmp	r0, #0
200079aa:	d100      	bne.n	200079ae <double_table_shim_on_use_helper+0xa>
200079ac:	be00      	bkpt	0x0000
200079ae:	8801      	ldrh	r1, [r0, #0]
200079b0:	0a0a      	lsrs	r2, r1, #8
200079b2:	3002      	adds	r0, #2
200079b4:	2adf      	cmp	r2, #223	@ 0xdf
200079b6:	d1fa      	bne.n	200079ae <double_table_shim_on_use_helper+0xa>
200079b8:	b2c9      	uxtb	r1, r1
200079ba:	0882      	lsrs	r2, r0, #2
200079bc:	d304      	bcc.n	200079c8 <double_table_shim_on_use_helper+0x24>
200079be:	8802      	ldrh	r2, [r0, #0]
200079c0:	8840      	ldrh	r0, [r0, #2]
200079c2:	0400      	lsls	r0, r0, #16
200079c4:	4310      	orrs	r0, r2
200079c6:	e000      	b.n	200079ca <double_table_shim_on_use_helper+0x26>
200079c8:	6800      	ldr	r0, [r0, #0]
200079ca:	4a02      	ldr	r2, [pc, #8]	@ (200079d4 <double_table_shim_on_use_helper+0x30>)
200079cc:	5050      	str	r0, [r2, r1]
200079ce:	9003      	str	r0, [sp, #12]
200079d0:	bd07      	pop	{r0, r1, r2, pc}
200079d2:	0000      	.short	0x0000
200079d4:	20030450 	.word	0x20030450

200079d8 <drsub_shim>:
200079d8:	b40f      	push	{r0, r1, r2, r3}
200079da:	bc03      	pop	{r0, r1}
200079dc:	bc0c      	pop	{r2, r3}

200079de <dsub_shim>:
200079de:	b5f0      	push	{r4, r5, r6, r7, lr}
200079e0:	2401      	movs	r4, #1
200079e2:	07e4      	lsls	r4, r4, #31
200079e4:	4063      	eors	r3, r4
200079e6:	e000      	b.n	200079ea <da_entry>

200079e8 <dadd_shim>:
200079e8:	b5f0      	push	{r4, r5, r6, r7, lr}

200079ea <da_entry>:
200079ea:	0d0c      	lsrs	r4, r1, #20
200079ec:	0fcf      	lsrs	r7, r1, #31
200079ee:	1e66      	subs	r6, r4, #1
200079f0:	0536      	lsls	r6, r6, #20
200079f2:	1b89      	subs	r1, r1, r6
200079f4:	0564      	lsls	r4, r4, #21
200079f6:	d303      	bcc.n	20007a00 <l8_1>
200079f8:	43c9      	mvns	r1, r1
200079fa:	4240      	negs	r0, r0
200079fc:	d300      	bcc.n	20007a00 <l8_1>
200079fe:	3101      	adds	r1, #1

20007a00 <l8_1>:
20007a00:	0d64      	lsrs	r4, r4, #21
20007a02:	d003      	beq.n	20007a0c <l8_2>
20007a04:	1c66      	adds	r6, r4, #1
20007a06:	0af6      	lsrs	r6, r6, #11
20007a08:	d007      	beq.n	20007a1a <l8_3>
20007a0a:	1be4      	subs	r4, r4, r7

20007a0c <l8_2>:
20007a0c:	2000      	movs	r0, #0
20007a0e:	007f      	lsls	r7, r7, #1
20007a10:	1c79      	adds	r1, r7, #1
20007a12:	0789      	lsls	r1, r1, #30
20007a14:	1289      	asrs	r1, r1, #10
20007a16:	3c80      	subs	r4, #128	@ 0x80
20007a18:	0324      	lsls	r4, r4, #12

20007a1a <l8_3>:
20007a1a:	0d1d      	lsrs	r5, r3, #20
20007a1c:	0fdf      	lsrs	r7, r3, #31
20007a1e:	1e6e      	subs	r6, r5, #1
20007a20:	0536      	lsls	r6, r6, #20
20007a22:	1b9b      	subs	r3, r3, r6
20007a24:	056d      	lsls	r5, r5, #21
20007a26:	d303      	bcc.n	20007a30 <l9_1>
20007a28:	43db      	mvns	r3, r3
20007a2a:	4252      	negs	r2, r2
20007a2c:	d300      	bcc.n	20007a30 <l9_1>
20007a2e:	3301      	adds	r3, #1

20007a30 <l9_1>:
20007a30:	0d6d      	lsrs	r5, r5, #21
20007a32:	d003      	beq.n	20007a3c <l9_2>
20007a34:	1c6e      	adds	r6, r5, #1
20007a36:	0af6      	lsrs	r6, r6, #11
20007a38:	d007      	beq.n	20007a4a <l9_3>
20007a3a:	1bed      	subs	r5, r5, r7

20007a3c <l9_2>:
20007a3c:	2200      	movs	r2, #0
20007a3e:	007f      	lsls	r7, r7, #1
20007a40:	1c7b      	adds	r3, r7, #1
20007a42:	079b      	lsls	r3, r3, #30
20007a44:	129b      	asrs	r3, r3, #10
20007a46:	3d80      	subs	r5, #128	@ 0x80
20007a48:	032d      	lsls	r5, r5, #12

20007a4a <l9_3>:
20007a4a:	1b2f      	subs	r7, r5, r4
20007a4c:	1b66      	subs	r6, r4, r5
20007a4e:	d458      	bmi.n	20007b02 <da_ygtx>
20007a50:	46a4      	mov	ip, r4
20007a52:	2e20      	cmp	r6, #32
20007a54:	da46      	bge.n	20007ae4 <da_xrgty>
20007a56:	3720      	adds	r7, #32
20007a58:	0014      	movs	r4, r2
20007a5a:	40bc      	lsls	r4, r7

20007a5c <da_xgty0>:
20007a5c:	001d      	movs	r5, r3
20007a5e:	40bd      	lsls	r5, r7
20007a60:	40f2      	lsrs	r2, r6
20007a62:	4133      	asrs	r3, r6
20007a64:	432a      	orrs	r2, r5

20007a66 <da_add>:
20007a66:	1880      	adds	r0, r0, r2
20007a68:	4159      	adcs	r1, r3

20007a6a <da_pack>:
20007a6a:	0fcb      	lsrs	r3, r1, #31
20007a6c:	d005      	beq.n	20007a7a <da_pack+0x10>
20007a6e:	43c9      	mvns	r1, r1
20007a70:	43c0      	mvns	r0, r0
20007a72:	2200      	movs	r2, #0
20007a74:	4264      	negs	r4, r4
20007a76:	4150      	adcs	r0, r2
20007a78:	4151      	adcs	r1, r2
20007a7a:	4662      	mov	r2, ip
20007a7c:	0d4d      	lsrs	r5, r1, #21
20007a7e:	d128      	bne.n	20007ad2 <da_0>
20007a80:	0d0d      	lsrs	r5, r1, #20
20007a82:	d107      	bne.n	20007a94 <da_1>
20007a84:	2800      	cmp	r0, #0
20007a86:	d01f      	beq.n	20007ac8 <da_5>

20007a88 <da_2>:
20007a88:	1924      	adds	r4, r4, r4
20007a8a:	4140      	adcs	r0, r0
20007a8c:	4149      	adcs	r1, r1
20007a8e:	3a01      	subs	r2, #1
20007a90:	0d0d      	lsrs	r5, r1, #20
20007a92:	d0f9      	beq.n	20007a88 <da_2>

20007a94 <da_1>:
20007a94:	0064      	lsls	r4, r4, #1
20007a96:	d306      	bcc.n	20007aa6 <da_3>

20007a98 <da_4>:
20007a98:	3001      	adds	r0, #1
20007a9a:	d300      	bcc.n	20007a9e <da_4+0x6>
20007a9c:	3101      	adds	r1, #1
20007a9e:	2c00      	cmp	r4, #0
20007aa0:	d101      	bne.n	20007aa6 <da_3>
20007aa2:	0840      	lsrs	r0, r0, #1
20007aa4:	0040      	lsls	r0, r0, #1

20007aa6 <da_3>:
20007aa6:	3a01      	subs	r2, #1
20007aa8:	d40b      	bmi.n	20007ac2 <da_6>
20007aaa:	1c94      	adds	r4, r2, #2
20007aac:	0ae4      	lsrs	r4, r4, #11
20007aae:	d104      	bne.n	20007aba <da_7>
20007ab0:	0512      	lsls	r2, r2, #20
20007ab2:	4411      	add	r1, r2
20007ab4:	07db      	lsls	r3, r3, #31
20007ab6:	4419      	add	r1, r3
20007ab8:	bdf0      	pop	{r4, r5, r6, r7, pc}

20007aba <da_7>:
20007aba:	07d9      	lsls	r1, r3, #31
20007abc:	4b20      	ldr	r3, [pc, #128]	@ (20007b40 <da_xmgty+0x4>)
20007abe:	4319      	orrs	r1, r3
20007ac0:	e000      	b.n	20007ac4 <da_6+0x2>

20007ac2 <da_6>:
20007ac2:	07d9      	lsls	r1, r3, #31
20007ac4:	2000      	movs	r0, #0
20007ac6:	bdf0      	pop	{r4, r5, r6, r7, pc}

20007ac8 <da_5>:
20007ac8:	2900      	cmp	r1, #0
20007aca:	d1dd      	bne.n	20007a88 <da_2>
20007acc:	2c00      	cmp	r4, #0
20007ace:	d1db      	bne.n	20007a88 <da_2>
20007ad0:	bdf0      	pop	{r4, r5, r6, r7, pc}

20007ad2 <da_0>:
20007ad2:	3201      	adds	r2, #1
20007ad4:	07c6      	lsls	r6, r0, #31
20007ad6:	0840      	lsrs	r0, r0, #1
20007ad8:	07cd      	lsls	r5, r1, #31
20007ada:	4328      	orrs	r0, r5
20007adc:	0849      	lsrs	r1, r1, #1
20007ade:	2e00      	cmp	r6, #0
20007ae0:	d0e1      	beq.n	20007aa6 <da_3>
20007ae2:	e7d9      	b.n	20007a98 <da_4>

20007ae4 <da_xrgty>:
20007ae4:	2e3c      	cmp	r6, #60	@ 0x3c
20007ae6:	da29      	bge.n	20007b3c <da_xmgty>
20007ae8:	3e20      	subs	r6, #32
20007aea:	3740      	adds	r7, #64	@ 0x40
20007aec:	0014      	movs	r4, r2
20007aee:	40bc      	lsls	r4, r7
20007af0:	d000      	beq.n	20007af4 <da_xrgty+0x10>
20007af2:	2401      	movs	r4, #1
20007af4:	40f2      	lsrs	r2, r6
20007af6:	4314      	orrs	r4, r2
20007af8:	001a      	movs	r2, r3
20007afa:	40bb      	lsls	r3, r7
20007afc:	431c      	orrs	r4, r3
20007afe:	17d3      	asrs	r3, r2, #31
20007b00:	e7ac      	b.n	20007a5c <da_xgty0>

20007b02 <da_ygtx>:
20007b02:	46ac      	mov	ip, r5
20007b04:	2f20      	cmp	r7, #32
20007b06:	da08      	bge.n	20007b1a <da_yrgtx>
20007b08:	3620      	adds	r6, #32
20007b0a:	0004      	movs	r4, r0
20007b0c:	40b4      	lsls	r4, r6

20007b0e <da_ygtx0>:
20007b0e:	000d      	movs	r5, r1
20007b10:	40b5      	lsls	r5, r6
20007b12:	40f8      	lsrs	r0, r7
20007b14:	4139      	asrs	r1, r7
20007b16:	4328      	orrs	r0, r5
20007b18:	e7a5      	b.n	20007a66 <da_add>

20007b1a <da_yrgtx>:
20007b1a:	2f3c      	cmp	r7, #60	@ 0x3c
20007b1c:	da0c      	bge.n	20007b38 <da_ymgtx>
20007b1e:	3f20      	subs	r7, #32
20007b20:	3640      	adds	r6, #64	@ 0x40
20007b22:	0004      	movs	r4, r0
20007b24:	40b4      	lsls	r4, r6
20007b26:	d000      	beq.n	20007b2a <da_yrgtx+0x10>
20007b28:	2401      	movs	r4, #1
20007b2a:	40f8      	lsrs	r0, r7
20007b2c:	4304      	orrs	r4, r0
20007b2e:	0008      	movs	r0, r1
20007b30:	40b1      	lsls	r1, r6
20007b32:	430c      	orrs	r4, r1
20007b34:	17c1      	asrs	r1, r0, #31
20007b36:	e7ea      	b.n	20007b0e <da_ygtx0>

20007b38 <da_ymgtx>:
20007b38:	0010      	movs	r0, r2
20007b3a:	0019      	movs	r1, r3

20007b3c <da_xmgty>:
20007b3c:	2400      	movs	r4, #0
20007b3e:	e794      	b.n	20007a6a <da_pack>
20007b40:	7ff00000 	.word	0x7ff00000

20007b44 <dmul_shim>:
20007b44:	b5f0      	push	{r4, r5, r6, r7, lr}
20007b46:	0d0c      	lsrs	r4, r1, #20
20007b48:	1e66      	subs	r6, r4, #1
20007b4a:	0536      	lsls	r6, r6, #20
20007b4c:	1b89      	subs	r1, r1, r6
20007b4e:	0ae6      	lsrs	r6, r4, #11
20007b50:	0564      	lsls	r4, r4, #21
20007b52:	0d64      	lsrs	r4, r4, #21
20007b54:	d002      	beq.n	20007b5c <l12_1>
20007b56:	1c65      	adds	r5, r4, #1
20007b58:	0aed      	lsrs	r5, r5, #11
20007b5a:	d004      	beq.n	20007b66 <l12_2>

20007b5c <l12_1>:
20007b5c:	2000      	movs	r0, #0
20007b5e:	2101      	movs	r1, #1
20007b60:	0509      	lsls	r1, r1, #20
20007b62:	3c80      	subs	r4, #128	@ 0x80
20007b64:	0324      	lsls	r4, r4, #12

20007b66 <l12_2>:
20007b66:	46a4      	mov	ip, r4
20007b68:	0d1c      	lsrs	r4, r3, #20
20007b6a:	1e67      	subs	r7, r4, #1
20007b6c:	053f      	lsls	r7, r7, #20
20007b6e:	1bdb      	subs	r3, r3, r7
20007b70:	0ae7      	lsrs	r7, r4, #11
20007b72:	0564      	lsls	r4, r4, #21
20007b74:	0d64      	lsrs	r4, r4, #21
20007b76:	d002      	beq.n	20007b7e <l13_1>
20007b78:	1c65      	adds	r5, r4, #1
20007b7a:	0aed      	lsrs	r5, r5, #11
20007b7c:	d004      	beq.n	20007b88 <l13_2>

20007b7e <l13_1>:
20007b7e:	2200      	movs	r2, #0
20007b80:	2301      	movs	r3, #1
20007b82:	051b      	lsls	r3, r3, #20
20007b84:	3c80      	subs	r4, #128	@ 0x80
20007b86:	0324      	lsls	r4, r4, #12

20007b88 <l13_2>:
20007b88:	4077      	eors	r7, r6
20007b8a:	4464      	add	r4, ip
20007b8c:	b497      	push	{r0, r1, r2, r4, r7}
20007b8e:	b284      	uxth	r4, r0
20007b90:	b296      	uxth	r6, r2
20007b92:	4374      	muls	r4, r6
20007b94:	0c07      	lsrs	r7, r0, #16
20007b96:	437e      	muls	r6, r7
20007b98:	0c15      	lsrs	r5, r2, #16
20007b9a:	436f      	muls	r7, r5
20007b9c:	b280      	uxth	r0, r0
20007b9e:	4368      	muls	r0, r5
20007ba0:	1836      	adds	r6, r6, r0
20007ba2:	d302      	bcc.n	20007baa <l14_1>
20007ba4:	2001      	movs	r0, #1
20007ba6:	0400      	lsls	r0, r0, #16
20007ba8:	183f      	adds	r7, r7, r0

20007baa <l14_1>:
20007baa:	0430      	lsls	r0, r6, #16
20007bac:	0c35      	lsrs	r5, r6, #16
20007bae:	1900      	adds	r0, r0, r4
20007bb0:	417d      	adcs	r5, r7
20007bb2:	4684      	mov	ip, r0
20007bb4:	b288      	uxth	r0, r1
20007bb6:	b29a      	uxth	r2, r3
20007bb8:	4350      	muls	r0, r2
20007bba:	0c0c      	lsrs	r4, r1, #16
20007bbc:	4362      	muls	r2, r4
20007bbe:	0c1f      	lsrs	r7, r3, #16
20007bc0:	437c      	muls	r4, r7
20007bc2:	b28e      	uxth	r6, r1
20007bc4:	437e      	muls	r6, r7
20007bc6:	1992      	adds	r2, r2, r6
20007bc8:	d302      	bcc.n	20007bd0 <l15_1>
20007bca:	2601      	movs	r6, #1
20007bcc:	0436      	lsls	r6, r6, #16
20007bce:	19a4      	adds	r4, r4, r6

20007bd0 <l15_1>:
20007bd0:	0416      	lsls	r6, r2, #16
20007bd2:	0c17      	lsrs	r7, r2, #16
20007bd4:	1836      	adds	r6, r6, r0
20007bd6:	4167      	adcs	r7, r4
20007bd8:	bc01      	pop	{r0}
20007bda:	b281      	uxth	r1, r0
20007bdc:	b29a      	uxth	r2, r3
20007bde:	4351      	muls	r1, r2
20007be0:	0c04      	lsrs	r4, r0, #16
20007be2:	4362      	muls	r2, r4
20007be4:	0c1b      	lsrs	r3, r3, #16
20007be6:	435c      	muls	r4, r3
20007be8:	b280      	uxth	r0, r0
20007bea:	4358      	muls	r0, r3
20007bec:	1812      	adds	r2, r2, r0
20007bee:	d302      	bcc.n	20007bf6 <l16_1>
20007bf0:	2001      	movs	r0, #1
20007bf2:	0400      	lsls	r0, r0, #16
20007bf4:	1824      	adds	r4, r4, r0

20007bf6 <l16_1>:
20007bf6:	0410      	lsls	r0, r2, #16
20007bf8:	0c13      	lsrs	r3, r2, #16
20007bfa:	1840      	adds	r0, r0, r1
20007bfc:	4163      	adcs	r3, r4
20007bfe:	182d      	adds	r5, r5, r0
20007c00:	415e      	adcs	r6, r3
20007c02:	2000      	movs	r0, #0
20007c04:	4147      	adcs	r7, r0
20007c06:	bc06      	pop	{r1, r2}
20007c08:	b288      	uxth	r0, r1
20007c0a:	b293      	uxth	r3, r2
20007c0c:	4358      	muls	r0, r3
20007c0e:	0c0c      	lsrs	r4, r1, #16
20007c10:	4363      	muls	r3, r4
20007c12:	0c12      	lsrs	r2, r2, #16
20007c14:	4354      	muls	r4, r2
20007c16:	b289      	uxth	r1, r1
20007c18:	4351      	muls	r1, r2
20007c1a:	185b      	adds	r3, r3, r1
20007c1c:	d302      	bcc.n	20007c24 <l17_1>
20007c1e:	2101      	movs	r1, #1
20007c20:	0409      	lsls	r1, r1, #16
20007c22:	1864      	adds	r4, r4, r1

20007c24 <l17_1>:
20007c24:	0419      	lsls	r1, r3, #16
20007c26:	0c1a      	lsrs	r2, r3, #16
20007c28:	1809      	adds	r1, r1, r0
20007c2a:	4162      	adcs	r2, r4
20007c2c:	186d      	adds	r5, r5, r1
20007c2e:	4156      	adcs	r6, r2
20007c30:	2000      	movs	r0, #0
20007c32:	4147      	adcs	r7, r0
20007c34:	bc18      	pop	{r3, r4}
20007c36:	02f9      	lsls	r1, r7, #11
20007c38:	0d72      	lsrs	r2, r6, #21
20007c3a:	4311      	orrs	r1, r2
20007c3c:	02f0      	lsls	r0, r6, #11
20007c3e:	0d6a      	lsrs	r2, r5, #21
20007c40:	4310      	orrs	r0, r2
20007c42:	02ed      	lsls	r5, r5, #11
20007c44:	0d0a      	lsrs	r2, r1, #20
20007c46:	d103      	bne.n	20007c50 <l17_1+0x2c>
20007c48:	196d      	adds	r5, r5, r5
20007c4a:	4140      	adcs	r0, r0
20007c4c:	4149      	adcs	r1, r1
20007c4e:	3b01      	subs	r3, #1
20007c50:	4e12      	ldr	r6, [pc, #72]	@ (20007c9c <dm_1+0xa>)
20007c52:	1b9b      	subs	r3, r3, r6
20007c54:	0076      	lsls	r6, r6, #1
20007c56:	42b3      	cmp	r3, r6
20007c58:	d20e      	bcs.n	20007c78 <dm_0>
20007c5a:	006d      	lsls	r5, r5, #1
20007c5c:	d307      	bcc.n	20007c6e <l17_1+0x4a>
20007c5e:	3001      	adds	r0, #1
20007c60:	2600      	movs	r6, #0
20007c62:	4171      	adcs	r1, r6
20007c64:	4666      	mov	r6, ip
20007c66:	4335      	orrs	r5, r6
20007c68:	d101      	bne.n	20007c6e <l17_1+0x4a>
20007c6a:	0840      	lsrs	r0, r0, #1
20007c6c:	0040      	lsls	r0, r0, #1
20007c6e:	051b      	lsls	r3, r3, #20
20007c70:	18c9      	adds	r1, r1, r3

20007c72 <dm_2>:
20007c72:	07e4      	lsls	r4, r4, #31
20007c74:	4421      	add	r1, r4
20007c76:	bdf0      	pop	{r4, r5, r6, r7, pc}

20007c78 <dm_0>:
20007c78:	da0b      	bge.n	20007c92 <dm_1>
20007c7a:	3301      	adds	r3, #1
20007c7c:	d106      	bne.n	20007c8c <dm_0+0x14>
20007c7e:	3001      	adds	r0, #1
20007c80:	d104      	bne.n	20007c8c <dm_0+0x14>
20007c82:	3101      	adds	r1, #1
20007c84:	0d4f      	lsrs	r7, r1, #21
20007c86:	d001      	beq.n	20007c8c <dm_0+0x14>
20007c88:	0849      	lsrs	r1, r1, #1
20007c8a:	e7f2      	b.n	20007c72 <dm_2>
20007c8c:	07e1      	lsls	r1, r4, #31
20007c8e:	2000      	movs	r0, #0
20007c90:	bdf0      	pop	{r4, r5, r6, r7, pc}

20007c92 <dm_1>:
20007c92:	3601      	adds	r6, #1
20007c94:	0531      	lsls	r1, r6, #20
20007c96:	2000      	movs	r0, #0
20007c98:	e7eb      	b.n	20007c72 <dm_2>
20007c9a:	0000      	.short	0x0000
20007c9c:	000003ff 	.word	0x000003ff

20007ca0 <ddiv_shim>:
20007ca0:	b5f0      	push	{r4, r5, r6, r7, lr}

20007ca2 <ddiv0>:
20007ca2:	0d1c      	lsrs	r4, r3, #20
20007ca4:	1e67      	subs	r7, r4, #1
20007ca6:	053f      	lsls	r7, r7, #20
20007ca8:	1bdb      	subs	r3, r3, r7
20007caa:	0ae7      	lsrs	r7, r4, #11
20007cac:	0564      	lsls	r4, r4, #21
20007cae:	0d64      	lsrs	r4, r4, #21
20007cb0:	d002      	beq.n	20007cb8 <l20_1>
20007cb2:	1c66      	adds	r6, r4, #1
20007cb4:	0af6      	lsrs	r6, r6, #11
20007cb6:	d004      	beq.n	20007cc2 <l20_2>

20007cb8 <l20_1>:
20007cb8:	2200      	movs	r2, #0
20007cba:	2301      	movs	r3, #1
20007cbc:	051b      	lsls	r3, r3, #20
20007cbe:	3c80      	subs	r4, #128	@ 0x80
20007cc0:	0324      	lsls	r4, r4, #12

20007cc2 <l20_2>:
20007cc2:	25d0      	movs	r5, #208	@ 0xd0
20007cc4:	062d      	lsls	r5, r5, #24
20007cc6:	2600      	movs	r6, #0
20007cc8:	43f6      	mvns	r6, r6
20007cca:	662e      	str	r6, [r5, #96]	@ 0x60
20007ccc:	091e      	lsrs	r6, r3, #4
20007cce:	666e      	str	r6, [r5, #100]	@ 0x64
20007cd0:	0fce      	lsrs	r6, r1, #31
20007cd2:	19f6      	adds	r6, r6, r7
20007cd4:	46b4      	mov	ip, r6
20007cd6:	0049      	lsls	r1, r1, #1
20007cd8:	0d4f      	lsrs	r7, r1, #21
20007cda:	d002      	beq.n	20007ce2 <l20_2+0x20>
20007cdc:	1c7e      	adds	r6, r7, #1
20007cde:	0af6      	lsrs	r6, r6, #11
20007ce0:	d003      	beq.n	20007cea <l20_2+0x28>
20007ce2:	2000      	movs	r0, #0
20007ce4:	2100      	movs	r1, #0
20007ce6:	3f40      	subs	r7, #64	@ 0x40
20007ce8:	033f      	lsls	r7, r7, #12
20007cea:	1b3e      	subs	r6, r7, r4
20007cec:	00b6      	lsls	r6, r6, #2
20007cee:	44b4      	add	ip, r6
20007cf0:	3f01      	subs	r7, #1
20007cf2:	057f      	lsls	r7, r7, #21
20007cf4:	1bc9      	subs	r1, r1, r7
20007cf6:	0849      	lsrs	r1, r1, #1
20007cf8:	6f2e      	ldr	r6, [r5, #112]	@ 0x70
20007cfa:	3601      	adds	r6, #1
20007cfc:	0876      	lsrs	r6, r6, #1
20007cfe:	029c      	lsls	r4, r3, #10
20007d00:	0d95      	lsrs	r5, r2, #22
20007d02:	4325      	orrs	r5, r4
20007d04:	4375      	muls	r5, r6
20007d06:	13ed      	asrs	r5, r5, #15
20007d08:	4375      	muls	r5, r6
20007d0a:	13ad      	asrs	r5, r5, #14
20007d0c:	3501      	adds	r5, #1
20007d0e:	106d      	asrs	r5, r5, #1
20007d10:	03f6      	lsls	r6, r6, #15
20007d12:	1b76      	subs	r6, r6, r5
20007d14:	b40c      	push	{r2, r3}
20007d16:	02cc      	lsls	r4, r1, #11
20007d18:	0d45      	lsrs	r5, r0, #21
20007d1a:	432c      	orrs	r4, r5
20007d1c:	b2a2      	uxth	r2, r4
20007d1e:	b2b3      	uxth	r3, r6
20007d20:	435a      	muls	r2, r3
20007d22:	0c27      	lsrs	r7, r4, #16
20007d24:	437b      	muls	r3, r7
20007d26:	0c35      	lsrs	r5, r6, #16
20007d28:	436f      	muls	r7, r5
20007d2a:	b2a4      	uxth	r4, r4
20007d2c:	436c      	muls	r4, r5
20007d2e:	191b      	adds	r3, r3, r4
20007d30:	d302      	bcc.n	20007d38 <l21_1>
20007d32:	2401      	movs	r4, #1
20007d34:	0424      	lsls	r4, r4, #16
20007d36:	193f      	adds	r7, r7, r4

20007d38 <l21_1>:
20007d38:	041c      	lsls	r4, r3, #16
20007d3a:	0c1d      	lsrs	r5, r3, #16
20007d3c:	18a4      	adds	r4, r4, r2
20007d3e:	417d      	adcs	r5, r7
20007d40:	1924      	adds	r4, r4, r4
20007d42:	416d      	adcs	r5, r5
20007d44:	9a00      	ldr	r2, [sp, #0]
20007d46:	b291      	uxth	r1, r2
20007d48:	b2ac      	uxth	r4, r5
20007d4a:	4361      	muls	r1, r4
20007d4c:	0c17      	lsrs	r7, r2, #16
20007d4e:	437c      	muls	r4, r7
20007d50:	0c2b      	lsrs	r3, r5, #16
20007d52:	435f      	muls	r7, r3
20007d54:	b292      	uxth	r2, r2
20007d56:	435a      	muls	r2, r3
20007d58:	18a4      	adds	r4, r4, r2
20007d5a:	d302      	bcc.n	20007d62 <l22_1>
20007d5c:	2201      	movs	r2, #1
20007d5e:	0412      	lsls	r2, r2, #16
20007d60:	18bf      	adds	r7, r7, r2

20007d62 <l22_1>:
20007d62:	0422      	lsls	r2, r4, #16
20007d64:	0c23      	lsrs	r3, r4, #16
20007d66:	1852      	adds	r2, r2, r1
20007d68:	417b      	adcs	r3, r7
20007d6a:	9c01      	ldr	r4, [sp, #4]
20007d6c:	436c      	muls	r4, r5
20007d6e:	191b      	adds	r3, r3, r4
20007d70:	0e52      	lsrs	r2, r2, #25
20007d72:	01d9      	lsls	r1, r3, #7
20007d74:	430a      	orrs	r2, r1
20007d76:	0144      	lsls	r4, r0, #5
20007d78:	1aa0      	subs	r0, r4, r2
20007d7a:	b281      	uxth	r1, r0
20007d7c:	b2b2      	uxth	r2, r6
20007d7e:	4351      	muls	r1, r2
20007d80:	1403      	asrs	r3, r0, #16
20007d82:	435a      	muls	r2, r3
20007d84:	0c36      	lsrs	r6, r6, #16
20007d86:	4373      	muls	r3, r6
20007d88:	b287      	uxth	r7, r0
20007d8a:	4377      	muls	r7, r6
20007d8c:	17d6      	asrs	r6, r2, #31
20007d8e:	19d2      	adds	r2, r2, r7
20007d90:	2700      	movs	r7, #0
20007d92:	417e      	adcs	r6, r7
20007d94:	0436      	lsls	r6, r6, #16
20007d96:	199b      	adds	r3, r3, r6
20007d98:	0417      	lsls	r7, r2, #16
20007d9a:	0c16      	lsrs	r6, r2, #16
20007d9c:	187f      	adds	r7, r7, r1
20007d9e:	415e      	adcs	r6, r3
20007da0:	1673      	asrs	r3, r6, #25
20007da2:	18ed      	adds	r5, r5, r3
20007da4:	01f3      	lsls	r3, r6, #7
20007da6:	2600      	movs	r6, #0
20007da8:	3380      	adds	r3, #128	@ 0x80
20007daa:	4175      	adcs	r5, r6
20007dac:	0fa9      	lsrs	r1, r5, #30
20007dae:	d106      	bne.n	20007dbe <dd_0>
20007db0:	0064      	lsls	r4, r4, #1
20007db2:	0a69      	lsrs	r1, r5, #9
20007db4:	05e8      	lsls	r0, r5, #23
20007db6:	0a5b      	lsrs	r3, r3, #9
20007db8:	4318      	orrs	r0, r3
20007dba:	d209      	bcs.n	20007dd0 <dd_1>
20007dbc:	e02f      	b.n	20007e1e <dd_2>

20007dbe <dd_0>:
20007dbe:	2204      	movs	r2, #4
20007dc0:	4494      	add	ip, r2
20007dc2:	3380      	adds	r3, #128	@ 0x80
20007dc4:	4175      	adcs	r5, r6
20007dc6:	0aa9      	lsrs	r1, r5, #10
20007dc8:	05a8      	lsls	r0, r5, #22
20007dca:	0a9b      	lsrs	r3, r3, #10
20007dcc:	4318      	orrs	r0, r3
20007dce:	d326      	bcc.n	20007e1e <dd_2>

20007dd0 <dd_1>:
20007dd0:	4140      	adcs	r0, r0
20007dd2:	4149      	adcs	r1, r1
20007dd4:	0424      	lsls	r4, r4, #16
20007dd6:	9a00      	ldr	r2, [sp, #0]
20007dd8:	9b01      	ldr	r3, [sp, #4]
20007dda:	000d      	movs	r5, r1
20007ddc:	4355      	muls	r5, r2
20007dde:	1b64      	subs	r4, r4, r5
20007de0:	4343      	muls	r3, r0
20007de2:	1ae4      	subs	r4, r4, r3
20007de4:	b295      	uxth	r5, r2
20007de6:	b286      	uxth	r6, r0
20007de8:	4375      	muls	r5, r6
20007dea:	0c17      	lsrs	r7, r2, #16
20007dec:	437e      	muls	r6, r7
20007dee:	0c03      	lsrs	r3, r0, #16
20007df0:	435f      	muls	r7, r3
20007df2:	b292      	uxth	r2, r2
20007df4:	435a      	muls	r2, r3
20007df6:	18b6      	adds	r6, r6, r2
20007df8:	d302      	bcc.n	20007e00 <l24_1>
20007dfa:	2201      	movs	r2, #1
20007dfc:	0412      	lsls	r2, r2, #16
20007dfe:	18bf      	adds	r7, r7, r2

20007e00 <l24_1>:
20007e00:	0432      	lsls	r2, r6, #16
20007e02:	0c33      	lsrs	r3, r6, #16
20007e04:	1952      	adds	r2, r2, r5
20007e06:	417b      	adcs	r3, r7
20007e08:	4252      	negs	r2, r2
20007e0a:	419c      	sbcs	r4, r3
20007e0c:	2c00      	cmp	r4, #0
20007e0e:	d402      	bmi.n	20007e16 <l24_1+0x16>
20007e10:	2200      	movs	r2, #0
20007e12:	3001      	adds	r0, #1
20007e14:	4151      	adcs	r1, r2
20007e16:	0840      	lsrs	r0, r0, #1
20007e18:	07ca      	lsls	r2, r1, #31
20007e1a:	4310      	orrs	r0, r2
20007e1c:	0849      	lsrs	r1, r1, #1

20007e1e <dd_2>:
20007e1e:	b002      	add	sp, #8
20007e20:	4662      	mov	r2, ip
20007e22:	07d7      	lsls	r7, r2, #31
20007e24:	1092      	asrs	r2, r2, #2
20007e26:	4b08      	ldr	r3, [pc, #32]	@ (20007e48 <dd_4+0x6>)
20007e28:	18d2      	adds	r2, r2, r3
20007e2a:	4b08      	ldr	r3, [pc, #32]	@ (20007e4c <dd_4+0xa>)
20007e2c:	429a      	cmp	r2, r3
20007e2e:	d203      	bcs.n	20007e38 <dd_3>
20007e30:	0512      	lsls	r2, r2, #20
20007e32:	1889      	adds	r1, r1, r2

20007e34 <dd_5>:
20007e34:	19c9      	adds	r1, r1, r7
20007e36:	bdf0      	pop	{r4, r5, r6, r7, pc}

20007e38 <dd_3>:
20007e38:	2000      	movs	r0, #0
20007e3a:	2a00      	cmp	r2, #0
20007e3c:	dc01      	bgt.n	20007e42 <dd_4>
20007e3e:	0039      	movs	r1, r7
20007e40:	bdf0      	pop	{r4, r5, r6, r7, pc}

20007e42 <dd_4>:
20007e42:	3301      	adds	r3, #1
20007e44:	0519      	lsls	r1, r3, #20
20007e46:	e7f5      	b.n	20007e34 <dd_5>
20007e48:	000003fd 	.word	0x000003fd
20007e4c:	000007fe 	.word	0x000007fe

20007e50 <double2uint_shim>:
20007e50:	2200      	movs	r2, #0

20007e52 <double2ufix_shim>:
20007e52:	b500      	push	{lr}
20007e54:	3220      	adds	r2, #32
20007e56:	f000 f804 	bl	20007e62 <double2ufix64_shim>
20007e5a:	0008      	movs	r0, r1
20007e5c:	bd00      	pop	{pc}
	...

20007e60 <double2uint64_shim>:
20007e60:	2200      	movs	r2, #0

20007e62 <double2ufix64_shim>:
20007e62:	150b      	asrs	r3, r1, #20
20007e64:	d40a      	bmi.n	20007e7c <ret_dzero>

20007e66 <d2fix>:
20007e66:	b510      	push	{r4, lr}
20007e68:	4694      	mov	ip, r2
20007e6a:	f000 f831 	bl	20007ed0 <dunpacks>
20007e6e:	1414      	asrs	r4, r2, #16
20007e70:	3401      	adds	r4, #1
20007e72:	da00      	bge.n	20007e76 <d2fix+0x10>
20007e74:	2100      	movs	r1, #0
20007e76:	17cb      	asrs	r3, r1, #31
20007e78:	4c14      	ldr	r4, [pc, #80]	@ (20007ecc <d2fix_a+0x4a>)
20007e7a:	4720      	bx	r4

20007e7c <ret_dzero>:
20007e7c:	2000      	movs	r0, #0
20007e7e:	2100      	movs	r1, #0
20007e80:	4770      	bx	lr

20007e82 <d2fix_a>:
20007e82:	4462      	add	r2, ip
20007e84:	3a34      	subs	r2, #52	@ 0x34
20007e86:	d40c      	bmi.n	20007ea2 <d2fix_a+0x20>
20007e88:	2a0c      	cmp	r2, #12
20007e8a:	da07      	bge.n	20007e9c <d2fix_a+0x1a>
20007e8c:	0004      	movs	r4, r0
20007e8e:	4091      	lsls	r1, r2
20007e90:	4090      	lsls	r0, r2
20007e92:	4252      	negs	r2, r2
20007e94:	3220      	adds	r2, #32
20007e96:	40d4      	lsrs	r4, r2
20007e98:	4321      	orrs	r1, r4
20007e9a:	bd10      	pop	{r4, pc}
20007e9c:	43d8      	mvns	r0, r3
20007e9e:	43d9      	mvns	r1, r3
20007ea0:	bd10      	pop	{r4, pc}
20007ea2:	3220      	adds	r2, #32
20007ea4:	d407      	bmi.n	20007eb6 <d2fix_a+0x34>
20007ea6:	460c      	mov	r4, r1
20007ea8:	4094      	lsls	r4, r2
20007eaa:	4252      	negs	r2, r2
20007eac:	3220      	adds	r2, #32
20007eae:	4111      	asrs	r1, r2
20007eb0:	40d0      	lsrs	r0, r2
20007eb2:	4320      	orrs	r0, r4
20007eb4:	bd10      	pop	{r4, pc}
20007eb6:	0008      	movs	r0, r1
20007eb8:	17c9      	asrs	r1, r1, #31
20007eba:	3220      	adds	r2, #32
20007ebc:	d403      	bmi.n	20007ec6 <d2fix_a+0x44>
20007ebe:	4252      	negs	r2, r2
20007ec0:	3220      	adds	r2, #32
20007ec2:	4110      	asrs	r0, r2
20007ec4:	bd10      	pop	{r4, pc}
20007ec6:	0018      	movs	r0, r3
20007ec8:	0019      	movs	r1, r3
20007eca:	bd10      	pop	{r4, pc}
20007ecc:	20007e83 	.word	0x20007e83

20007ed0 <dunpacks>:
20007ed0:	0d0a      	lsrs	r2, r1, #20
20007ed2:	0fcc      	lsrs	r4, r1, #31
20007ed4:	1e53      	subs	r3, r2, #1
20007ed6:	051b      	lsls	r3, r3, #20
20007ed8:	1ac9      	subs	r1, r1, r3
20007eda:	0552      	lsls	r2, r2, #21
20007edc:	d303      	bcc.n	20007ee6 <l60_1>
20007ede:	43c9      	mvns	r1, r1
20007ee0:	4240      	negs	r0, r0
20007ee2:	d300      	bcc.n	20007ee6 <l60_1>
20007ee4:	3101      	adds	r1, #1

20007ee6 <l60_1>:
20007ee6:	0d52      	lsrs	r2, r2, #21
20007ee8:	d003      	beq.n	20007ef2 <l60_2>
20007eea:	1c53      	adds	r3, r2, #1
20007eec:	0adb      	lsrs	r3, r3, #11
20007eee:	d007      	beq.n	20007f00 <l60_3>
20007ef0:	1b12      	subs	r2, r2, r4

20007ef2 <l60_2>:
20007ef2:	2000      	movs	r0, #0
20007ef4:	0064      	lsls	r4, r4, #1
20007ef6:	1c61      	adds	r1, r4, #1
20007ef8:	0789      	lsls	r1, r1, #30
20007efa:	1289      	asrs	r1, r1, #10
20007efc:	3a80      	subs	r2, #128	@ 0x80
20007efe:	0312      	lsls	r2, r2, #12

20007f00 <l60_3>:
20007f00:	4b01      	ldr	r3, [pc, #4]	@ (20007f08 <l60_3+0x8>)
20007f02:	1ad2      	subs	r2, r2, r3
20007f04:	4770      	bx	lr
20007f06:	0000      	.short	0x0000
20007f08:	000003ff 	.word	0x000003ff

20007f0c <__wrap___aeabi_lmul>:
20007f0c:	4351      	muls	r1, r2
20007f0e:	4343      	muls	r3, r0
20007f10:	18c9      	adds	r1, r1, r3
20007f12:	468c      	mov	ip, r1
20007f14:	0c11      	lsrs	r1, r2, #16
20007f16:	b283      	uxth	r3, r0
20007f18:	434b      	muls	r3, r1
20007f1a:	b410      	push	{r4}
20007f1c:	0c04      	lsrs	r4, r0, #16
20007f1e:	4361      	muls	r1, r4
20007f20:	b292      	uxth	r2, r2
20007f22:	b280      	uxth	r0, r0
20007f24:	4350      	muls	r0, r2
20007f26:	4362      	muls	r2, r4
20007f28:	041c      	lsls	r4, r3, #16
20007f2a:	0c1b      	lsrs	r3, r3, #16
20007f2c:	1900      	adds	r0, r0, r4
20007f2e:	bc10      	pop	{r4}
20007f30:	4159      	adcs	r1, r3
20007f32:	0413      	lsls	r3, r2, #16
20007f34:	0c12      	lsrs	r2, r2, #16
20007f36:	18c0      	adds	r0, r0, r3
20007f38:	4151      	adcs	r1, r2
20007f3a:	4461      	add	r1, ip
20007f3c:	4770      	bx	lr
	...

20007f40 <__wrap___aeabi_frsub>:
20007f40:	4048      	eors	r0, r1
20007f42:	4041      	eors	r1, r0
20007f44:	4048      	eors	r0, r1

20007f46 <__wrap___aeabi_fsub>:
20007f46:	2300      	movs	r3, #0
20007f48:	469c      	mov	ip, r3
20007f4a:	4b11      	ldr	r3, [pc, #68]	@ (20007f90 <__wrap___aeabi_fmul+0xa>)
20007f4c:	685b      	ldr	r3, [r3, #4]
20007f4e:	4718      	bx	r3

20007f50 <__wrap___aeabi_fadd>:
20007f50:	2300      	movs	r3, #0
20007f52:	469c      	mov	ip, r3
20007f54:	4b0e      	ldr	r3, [pc, #56]	@ (20007f90 <__wrap___aeabi_fmul+0xa>)
20007f56:	681b      	ldr	r3, [r3, #0]
20007f58:	4718      	bx	r3

20007f5a <__wrap___aeabi_fdiv>:
20007f5a:	4a0e      	ldr	r2, [pc, #56]	@ (20007f94 <__wrap___aeabi_fmul+0xe>)
20007f5c:	6f93      	ldr	r3, [r2, #120]	@ 0x78
20007f5e:	089b      	lsrs	r3, r3, #2
20007f60:	d204      	bcs.n	20007f6c <fdiv_save_state>

20007f62 <fdiv_shim_call>:
20007f62:	2300      	movs	r3, #0
20007f64:	469c      	mov	ip, r3
20007f66:	4b0a      	ldr	r3, [pc, #40]	@ (20007f90 <__wrap___aeabi_fmul+0xa>)
20007f68:	68db      	ldr	r3, [r3, #12]
20007f6a:	4718      	bx	r3

20007f6c <fdiv_save_state>:
20007f6c:	b5f0      	push	{r4, r5, r6, r7, lr}
20007f6e:	6e14      	ldr	r4, [r2, #96]	@ 0x60
20007f70:	6e55      	ldr	r5, [r2, #100]	@ 0x64
20007f72:	6f57      	ldr	r7, [r2, #116]	@ 0x74
20007f74:	6f16      	ldr	r6, [r2, #112]	@ 0x70
20007f76:	f7ff fff4 	bl	20007f62 <fdiv_shim_call>
20007f7a:	4a06      	ldr	r2, [pc, #24]	@ (20007f94 <__wrap___aeabi_fmul+0xe>)
20007f7c:	6614      	str	r4, [r2, #96]	@ 0x60
20007f7e:	6655      	str	r5, [r2, #100]	@ 0x64
20007f80:	6757      	str	r7, [r2, #116]	@ 0x74
20007f82:	6716      	str	r6, [r2, #112]	@ 0x70
20007f84:	bdf0      	pop	{r4, r5, r6, r7, pc}

20007f86 <__wrap___aeabi_fmul>:
20007f86:	2300      	movs	r3, #0
20007f88:	469c      	mov	ip, r3
20007f8a:	4b01      	ldr	r3, [pc, #4]	@ (20007f90 <__wrap___aeabi_fmul+0xa>)
20007f8c:	689b      	ldr	r3, [r3, #8]
20007f8e:	4718      	bx	r3
20007f90:	20030554 	.word	0x20030554
20007f94:	d0000000 	.word	0xd0000000

20007f98 <__wrap___aeabi_ui2f>:
20007f98:	1a49      	subs	r1, r1, r1
20007f9a:	2800      	cmp	r0, #0
20007f9c:	d108      	bne.n	20007fb0 <__aeabi_i2f_main>
20007f9e:	4608      	mov	r0, r1
20007fa0:	4770      	bx	lr
	...

20007fa4 <__wrap___aeabi_i2f>:
20007fa4:	0fc1      	lsrs	r1, r0, #31
20007fa6:	07c9      	lsls	r1, r1, #31
20007fa8:	d500      	bpl.n	20007fac <__wrap___aeabi_i2f+0x8>
20007faa:	4240      	negs	r0, r0
20007fac:	2800      	cmp	r0, #0
20007fae:	d017      	beq.n	20007fe0 <__aeabi_i2f_main+0x30>

20007fb0 <__aeabi_i2f_main>:
20007fb0:	46f4      	mov	ip, lr
20007fb2:	b403      	push	{r0, r1}
20007fb4:	4b0b      	ldr	r3, [pc, #44]	@ (20007fe4 <__aeabi_i2f_main+0x34>)
20007fb6:	681b      	ldr	r3, [r3, #0]
20007fb8:	4798      	blx	r3
20007fba:	bc06      	pop	{r1, r2}
20007fbc:	4081      	lsls	r1, r0
20007fbe:	389e      	subs	r0, #158	@ 0x9e
20007fc0:	4240      	negs	r0, r0
20007fc2:	3180      	adds	r1, #128	@ 0x80
20007fc4:	d207      	bcs.n	20007fd6 <__aeabi_i2f_main+0x26>
20007fc6:	060b      	lsls	r3, r1, #24
20007fc8:	d007      	beq.n	20007fda <__aeabi_i2f_main+0x2a>
20007fca:	0049      	lsls	r1, r1, #1
20007fcc:	0a49      	lsrs	r1, r1, #9
20007fce:	05c0      	lsls	r0, r0, #23
20007fd0:	4310      	orrs	r0, r2
20007fd2:	4308      	orrs	r0, r1
20007fd4:	4760      	bx	ip
20007fd6:	3001      	adds	r0, #1
20007fd8:	e7f8      	b.n	20007fcc <__aeabi_i2f_main+0x1c>
20007fda:	0a49      	lsrs	r1, r1, #9
20007fdc:	0289      	lsls	r1, r1, #10
20007fde:	e7f5      	b.n	20007fcc <__aeabi_i2f_main+0x1c>
20007fe0:	4770      	bx	lr
20007fe2:	0000      	.short	0x0000
20007fe4:	20030550 	.word	0x20030550

20007fe8 <__wrap___aeabi_f2uiz>:
20007fe8:	2300      	movs	r3, #0
20007fea:	469c      	mov	ip, r3
20007fec:	4b01      	ldr	r3, [pc, #4]	@ (20007ff4 <__wrap___aeabi_f2uiz+0xc>)
20007fee:	6a5b      	ldr	r3, [r3, #36]	@ 0x24
20007ff0:	4718      	bx	r3
20007ff2:	0000      	.short	0x0000
20007ff4:	20030554 	.word	0x20030554

20007ff8 <__wrap___aeabi_f2d>:
20007ff8:	4b03      	ldr	r3, [pc, #12]	@ (20008008 <__wrap___aeabi_f2d+0x10>)
20007ffa:	6fdb      	ldr	r3, [r3, #124]	@ 0x7c
20007ffc:	46fc      	mov	ip, pc
20007ffe:	4718      	bx	r3
20008000:	813ddf7c 	.word	0x813ddf7c
20008004:	00002000 	.word	0x00002000
20008008:	20030554 	.word	0x20030554

2000800c <__aeabi_float_init>:
2000800c:	b570      	push	{r4, r5, r6, lr}
2000800e:	2313      	movs	r3, #19
20008010:	781c      	ldrb	r4, [r3, #0]
20008012:	482a      	ldr	r0, [pc, #168]	@ (200080bc <__aeabi_float_init+0xb0>)
20008014:	f7fe ffca 	bl	20006fac <rom_data_lookup>
20008018:	0005      	movs	r5, r0
2000801a:	2c01      	cmp	r4, #1
2000801c:	d012      	beq.n	20008044 <__aeabi_float_init+0x38>
2000801e:	2c01      	cmp	r4, #1
20008020:	dd0a      	ble.n	20008038 <__aeabi_float_init+0x2c>
20008022:	002b      	movs	r3, r5
20008024:	3b02      	subs	r3, #2
20008026:	781b      	ldrb	r3, [r3, #0]
20008028:	009b      	lsls	r3, r3, #2
2000802a:	2b7f      	cmp	r3, #127	@ 0x7f
2000802c:	dd40      	ble.n	200080b0 <__aeabi_float_init+0xa4>
2000802e:	4824      	ldr	r0, [pc, #144]	@ (200080c0 <__aeabi_float_init+0xb4>)
20008030:	2280      	movs	r2, #128	@ 0x80
20008032:	0029      	movs	r1, r5
20008034:	f000 f8a8 	bl	20008188 <__wrap___aeabi_memcpy>
20008038:	4822      	ldr	r0, [pc, #136]	@ (200080c4 <__aeabi_float_init+0xb8>)
2000803a:	f7fe ffaf 	bl	20006f9c <rom_func_lookup>
2000803e:	4b22      	ldr	r3, [pc, #136]	@ (200080c8 <__aeabi_float_init+0xbc>)
20008040:	6018      	str	r0, [r3, #0]
20008042:	bd70      	pop	{r4, r5, r6, pc}
20008044:	481e      	ldr	r0, [pc, #120]	@ (200080c0 <__aeabi_float_init+0xb4>)
20008046:	2254      	movs	r2, #84	@ 0x54
20008048:	0029      	movs	r1, r5
2000804a:	f000 f89d 	bl	20008188 <__wrap___aeabi_memcpy>
2000804e:	4b1f      	ldr	r3, [pc, #124]	@ (200080cc <__aeabi_float_init+0xc0>)
20008050:	881a      	ldrh	r2, [r3, #0]
20008052:	4b1f      	ldr	r3, [pc, #124]	@ (200080d0 <__aeabi_float_init+0xc4>)
20008054:	429a      	cmp	r2, r3
20008056:	d11c      	bne.n	20008092 <__aeabi_float_init+0x86>
20008058:	23a7      	movs	r3, #167	@ 0xa7
2000805a:	019b      	lsls	r3, r3, #6
2000805c:	881a      	ldrh	r2, [r3, #0]
2000805e:	4b1d      	ldr	r3, [pc, #116]	@ (200080d4 <__aeabi_float_init+0xc8>)
20008060:	429a      	cmp	r2, r3
20008062:	d116      	bne.n	20008092 <__aeabi_float_init+0x86>
20008064:	4b1c      	ldr	r3, [pc, #112]	@ (200080d8 <__aeabi_float_init+0xcc>)
20008066:	881a      	ldrh	r2, [r3, #0]
20008068:	4b1c      	ldr	r3, [pc, #112]	@ (200080dc <__aeabi_float_init+0xd0>)
2000806a:	429a      	cmp	r2, r3
2000806c:	d111      	bne.n	20008092 <__aeabi_float_init+0x86>
2000806e:	4b1c      	ldr	r3, [pc, #112]	@ (200080e0 <__aeabi_float_init+0xd4>)
20008070:	881a      	ldrh	r2, [r3, #0]
20008072:	2394      	movs	r3, #148	@ 0x94
20008074:	019b      	lsls	r3, r3, #6
20008076:	429a      	cmp	r2, r3
20008078:	d10b      	bne.n	20008092 <__aeabi_float_init+0x86>
2000807a:	4b1a      	ldr	r3, [pc, #104]	@ (200080e4 <__aeabi_float_init+0xd8>)
2000807c:	881a      	ldrh	r2, [r3, #0]
2000807e:	4b1a      	ldr	r3, [pc, #104]	@ (200080e8 <__aeabi_float_init+0xdc>)
20008080:	429a      	cmp	r2, r3
20008082:	d106      	bne.n	20008092 <__aeabi_float_init+0x86>
20008084:	4b19      	ldr	r3, [pc, #100]	@ (200080ec <__aeabi_float_init+0xe0>)
20008086:	681a      	ldr	r2, [r3, #0]
20008088:	4b19      	ldr	r3, [pc, #100]	@ (200080f0 <__aeabi_float_init+0xe4>)
2000808a:	429a      	cmp	r2, r3
2000808c:	d101      	bne.n	20008092 <__aeabi_float_init+0x86>
2000808e:	2315      	movs	r3, #21
20008090:	e007      	b.n	200080a2 <__aeabi_float_init+0x96>
20008092:	4818      	ldr	r0, [pc, #96]	@ (200080f4 <__aeabi_float_init+0xe8>)
20008094:	f7fd fb92 	bl	200057bc <panic>
20008098:	4917      	ldr	r1, [pc, #92]	@ (200080f8 <__aeabi_float_init+0xec>)
2000809a:	4a09      	ldr	r2, [pc, #36]	@ (200080c0 <__aeabi_float_init+0xb4>)
2000809c:	0098      	lsls	r0, r3, #2
2000809e:	5081      	str	r1, [r0, r2]
200080a0:	3301      	adds	r3, #1
200080a2:	2b1f      	cmp	r3, #31
200080a4:	d9f8      	bls.n	20008098 <__aeabi_float_init+0x8c>
200080a6:	4b14      	ldr	r3, [pc, #80]	@ (200080f8 <__aeabi_float_init+0xec>)
200080a8:	4a05      	ldr	r2, [pc, #20]	@ (200080c0 <__aeabi_float_init+0xb4>)
200080aa:	6213      	str	r3, [r2, #32]
200080ac:	61d3      	str	r3, [r2, #28]
200080ae:	e7b6      	b.n	2000801e <__aeabi_float_init+0x12>
200080b0:	4b12      	ldr	r3, [pc, #72]	@ (200080fc <__aeabi_float_init+0xf0>)
200080b2:	4a13      	ldr	r2, [pc, #76]	@ (20008100 <__aeabi_float_init+0xf4>)
200080b4:	4813      	ldr	r0, [pc, #76]	@ (20008104 <__aeabi_float_init+0xf8>)
200080b6:	2143      	movs	r1, #67	@ 0x43
200080b8:	f001 f9d8 	bl	2000946c <__assert_func>
200080bc:	00004653 	.word	0x00004653
200080c0:	20030554 	.word	0x20030554
200080c4:	0000334c 	.word	0x0000334c
200080c8:	20030550 	.word	0x20030550
200080cc:	000029ee 	.word	0x000029ee
200080d0:	00000fc4 	.word	0x00000fc4
200080d4:	00000dc2 	.word	0x00000dc2
200080d8:	00002b96 	.word	0x00002b96
200080dc:	0000b5c0 	.word	0x0000b5c0
200080e0:	00002b18 	.word	0x00002b18
200080e4:	00002acc 	.word	0x00002acc
200080e8:	0000b510 	.word	0x0000b510
200080ec:	00002cfc 	.word	0x00002cfc
200080f0:	6487ed51 	.word	0x6487ed51
200080f4:	2000d470 	.word	0x2000d470
200080f8:	20008109 	.word	0x20008109
200080fc:	2000d34c 	.word	0x2000d34c
20008100:	2000d958 	.word	0x2000d958
20008104:	2000d380 	.word	0x2000d380

20008108 <float_table_shim_on_use_helper>:
20008108:	b507      	push	{r0, r1, r2, lr}
2000810a:	4660      	mov	r0, ip
2000810c:	2800      	cmp	r0, #0
2000810e:	d100      	bne.n	20008112 <float_table_shim_on_use_helper+0xa>
20008110:	be00      	bkpt	0x0000
20008112:	8801      	ldrh	r1, [r0, #0]
20008114:	0a0a      	lsrs	r2, r1, #8
20008116:	3002      	adds	r0, #2
20008118:	2adf      	cmp	r2, #223	@ 0xdf
2000811a:	d1fa      	bne.n	20008112 <float_table_shim_on_use_helper+0xa>
2000811c:	b2c9      	uxtb	r1, r1
2000811e:	0882      	lsrs	r2, r0, #2
20008120:	d304      	bcc.n	2000812c <float_table_shim_on_use_helper+0x24>
20008122:	8802      	ldrh	r2, [r0, #0]
20008124:	8840      	ldrh	r0, [r0, #2]
20008126:	0400      	lsls	r0, r0, #16
20008128:	4310      	orrs	r0, r2
2000812a:	e000      	b.n	2000812e <float_table_shim_on_use_helper+0x26>
2000812c:	6800      	ldr	r0, [r0, #0]
2000812e:	4a02      	ldr	r2, [pc, #8]	@ (20008138 <float_table_shim_on_use_helper+0x30>)
20008130:	5050      	str	r0, [r2, r1]
20008132:	9003      	str	r0, [sp, #12]
20008134:	bd07      	pop	{r0, r1, r2, pc}
20008136:	0000      	.short	0x0000
20008138:	20030554 	.word	0x20030554

2000813c <float2double_shim>:
2000813c:	0fc3      	lsrs	r3, r0, #31
2000813e:	07db      	lsls	r3, r3, #31
20008140:	0041      	lsls	r1, r0, #1
20008142:	0e0a      	lsrs	r2, r1, #24
20008144:	d007      	beq.n	20008156 <float2double_shim+0x1a>
20008146:	2aff      	cmp	r2, #255	@ 0xff
20008148:	d008      	beq.n	2000815c <float2double_shim+0x20>
2000814a:	0909      	lsrs	r1, r1, #4
2000814c:	4a05      	ldr	r2, [pc, #20]	@ (20008164 <float2double_shim+0x28>)
2000814e:	1889      	adds	r1, r1, r2
20008150:	4319      	orrs	r1, r3
20008152:	0740      	lsls	r0, r0, #29
20008154:	4770      	bx	lr
20008156:	0019      	movs	r1, r3
20008158:	2000      	movs	r0, #0
2000815a:	4770      	bx	lr
2000815c:	4902      	ldr	r1, [pc, #8]	@ (20008168 <float2double_shim+0x2c>)
2000815e:	18c9      	adds	r1, r1, r3
20008160:	e7fa      	b.n	20008158 <float2double_shim+0x1c>
20008162:	0000      	.short	0x0000
20008164:	38000000 	.word	0x38000000
20008168:	7ff00000 	.word	0x7ff00000

2000816c <__aeabi_mem_init>:
2000816c:	4801      	ldr	r0, [pc, #4]	@ (20008174 <__aeabi_mem_init+0x8>)
2000816e:	2104      	movs	r1, #4
20008170:	4b01      	ldr	r3, [pc, #4]	@ (20008178 <__aeabi_mem_init+0xc>)
20008172:	4718      	bx	r3
20008174:	2000db80 	.word	0x2000db80
20008178:	20006fbd 	.word	0x20006fbd

2000817c <__wrap_memset>:
2000817c:	4b01      	ldr	r3, [pc, #4]	@ (20008184 <__wrap_memset+0x8>)
2000817e:	681b      	ldr	r3, [r3, #0]
20008180:	4718      	bx	r3
20008182:	0000      	.short	0x0000
20008184:	2000db80 	.word	0x2000db80

20008188 <__wrap___aeabi_memcpy>:
20008188:	4b01      	ldr	r3, [pc, #4]	@ (20008190 <__wrap___aeabi_memcpy+0x8>)
2000818a:	685b      	ldr	r3, [r3, #4]
2000818c:	4718      	bx	r3
2000818e:	0000      	.short	0x0000
20008190:	2000db80 	.word	0x2000db80

20008194 <_out_buffer>:
20008194:	429a      	cmp	r2, r3
20008196:	d200      	bcs.n	2000819a <_out_buffer+0x6>
20008198:	5488      	strb	r0, [r1, r2]
2000819a:	4770      	bx	lr

2000819c <_out_null>:
2000819c:	4770      	bx	lr

2000819e <_out_fct>:
2000819e:	b510      	push	{r4, lr}
200081a0:	2800      	cmp	r0, #0
200081a2:	d002      	beq.n	200081aa <_out_fct+0xc>
200081a4:	680b      	ldr	r3, [r1, #0]
200081a6:	6849      	ldr	r1, [r1, #4]
200081a8:	4798      	blx	r3
200081aa:	bd10      	pop	{r4, pc}

200081ac <_atoi>:
200081ac:	0001      	movs	r1, r0
200081ae:	2000      	movs	r0, #0
200081b0:	e007      	b.n	200081c2 <_atoi+0x16>
200081b2:	0083      	lsls	r3, r0, #2
200081b4:	181b      	adds	r3, r3, r0
200081b6:	005b      	lsls	r3, r3, #1
200081b8:	1c50      	adds	r0, r2, #1
200081ba:	6008      	str	r0, [r1, #0]
200081bc:	7810      	ldrb	r0, [r2, #0]
200081be:	18c0      	adds	r0, r0, r3
200081c0:	3830      	subs	r0, #48	@ 0x30
200081c2:	680a      	ldr	r2, [r1, #0]
200081c4:	7813      	ldrb	r3, [r2, #0]
200081c6:	3b30      	subs	r3, #48	@ 0x30
200081c8:	b2db      	uxtb	r3, r3
200081ca:	2b09      	cmp	r3, #9
200081cc:	d9f1      	bls.n	200081b2 <_atoi+0x6>
200081ce:	4770      	bx	lr

200081d0 <_out_rev>:
200081d0:	b5f0      	push	{r4, r5, r6, r7, lr}
200081d2:	46d6      	mov	lr, sl
200081d4:	464f      	mov	r7, r9
200081d6:	4646      	mov	r6, r8
200081d8:	b5c0      	push	{r6, r7, lr}
200081da:	0005      	movs	r5, r0
200081dc:	000e      	movs	r6, r1
200081de:	0010      	movs	r0, r2
200081e0:	4691      	mov	r9, r2
200081e2:	001f      	movs	r7, r3
200081e4:	9c09      	ldr	r4, [sp, #36]	@ 0x24
200081e6:	9b0b      	ldr	r3, [sp, #44]	@ 0x2c
200081e8:	2202      	movs	r2, #2
200081ea:	0011      	movs	r1, r2
200081ec:	4019      	ands	r1, r3
200081ee:	468a      	mov	sl, r1
200081f0:	421a      	tst	r2, r3
200081f2:	d134      	bne.n	2000825e <_out_rev+0x8e>
200081f4:	07db      	lsls	r3, r3, #31
200081f6:	d516      	bpl.n	20008226 <_out_rev+0x56>
200081f8:	0002      	movs	r2, r0
200081fa:	46b8      	mov	r8, r7
200081fc:	0037      	movs	r7, r6
200081fe:	002e      	movs	r6, r5
20008200:	e01f      	b.n	20008242 <_out_rev+0x72>
20008202:	1c55      	adds	r5, r2, #1
20008204:	0033      	movs	r3, r6
20008206:	4641      	mov	r1, r8
20008208:	2020      	movs	r0, #32
2000820a:	47b8      	blx	r7
2000820c:	3401      	adds	r4, #1
2000820e:	002a      	movs	r2, r5
20008210:	9b0a      	ldr	r3, [sp, #40]	@ 0x28
20008212:	429c      	cmp	r4, r3
20008214:	d3f5      	bcc.n	20008202 <_out_rev+0x32>
20008216:	003d      	movs	r5, r7
20008218:	0037      	movs	r7, r6
2000821a:	4646      	mov	r6, r8
2000821c:	9c09      	ldr	r4, [sp, #36]	@ 0x24
2000821e:	46b8      	mov	r8, r7
20008220:	0037      	movs	r7, r6
20008222:	002e      	movs	r6, r5
20008224:	e00d      	b.n	20008242 <_out_rev+0x72>
20008226:	0002      	movs	r2, r0
20008228:	46b0      	mov	r8, r6
2000822a:	003e      	movs	r6, r7
2000822c:	002f      	movs	r7, r5
2000822e:	9409      	str	r4, [sp, #36]	@ 0x24
20008230:	e7ee      	b.n	20008210 <_out_rev+0x40>
20008232:	3c01      	subs	r4, #1
20008234:	1c55      	adds	r5, r2, #1
20008236:	9b08      	ldr	r3, [sp, #32]
20008238:	5d18      	ldrb	r0, [r3, r4]
2000823a:	4643      	mov	r3, r8
2000823c:	0039      	movs	r1, r7
2000823e:	47b0      	blx	r6
20008240:	002a      	movs	r2, r5
20008242:	2c00      	cmp	r4, #0
20008244:	d1f5      	bne.n	20008232 <_out_rev+0x62>
20008246:	0035      	movs	r5, r6
20008248:	003e      	movs	r6, r7
2000824a:	4647      	mov	r7, r8
2000824c:	4653      	mov	r3, sl
2000824e:	2b00      	cmp	r3, #0
20008250:	d116      	bne.n	20008280 <_out_rev+0xb0>
20008252:	0010      	movs	r0, r2
20008254:	bce0      	pop	{r5, r6, r7}
20008256:	46ba      	mov	sl, r7
20008258:	46b1      	mov	r9, r6
2000825a:	46a8      	mov	r8, r5
2000825c:	bdf0      	pop	{r4, r5, r6, r7, pc}
2000825e:	0002      	movs	r2, r0
20008260:	46b8      	mov	r8, r7
20008262:	0037      	movs	r7, r6
20008264:	002e      	movs	r6, r5
20008266:	e7ec      	b.n	20008242 <_out_rev+0x72>
20008268:	1c54      	adds	r4, r2, #1
2000826a:	0033      	movs	r3, r6
2000826c:	0029      	movs	r1, r5
2000826e:	2020      	movs	r0, #32
20008270:	47b8      	blx	r7
20008272:	0022      	movs	r2, r4
20008274:	464b      	mov	r3, r9
20008276:	1ad3      	subs	r3, r2, r3
20008278:	990a      	ldr	r1, [sp, #40]	@ 0x28
2000827a:	428b      	cmp	r3, r1
2000827c:	d3f4      	bcc.n	20008268 <_out_rev+0x98>
2000827e:	e7e8      	b.n	20008252 <_out_rev+0x82>
20008280:	003b      	movs	r3, r7
20008282:	002f      	movs	r7, r5
20008284:	0035      	movs	r5, r6
20008286:	001e      	movs	r6, r3
20008288:	e7f4      	b.n	20008274 <_out_rev+0xa4>

2000828a <_ntoa_format>:
2000828a:	b5f0      	push	{r4, r5, r6, r7, lr}
2000828c:	46ce      	mov	lr, r9
2000828e:	4647      	mov	r7, r8
20008290:	b580      	push	{r7, lr}
20008292:	b085      	sub	sp, #20
20008294:	0006      	movs	r6, r0
20008296:	000f      	movs	r7, r1
20008298:	4690      	mov	r8, r2
2000829a:	4699      	mov	r9, r3
2000829c:	9a0c      	ldr	r2, [sp, #48]	@ 0x30
2000829e:	9b0d      	ldr	r3, [sp, #52]	@ 0x34
200082a0:	a90e      	add	r1, sp, #56	@ 0x38
200082a2:	7809      	ldrb	r1, [r1, #0]
200082a4:	468c      	mov	ip, r1
200082a6:	9d10      	ldr	r5, [sp, #64]	@ 0x40
200082a8:	9c11      	ldr	r4, [sp, #68]	@ 0x44
200082aa:	9912      	ldr	r1, [sp, #72]	@ 0x48
200082ac:	0788      	lsls	r0, r1, #30
200082ae:	d41c      	bmi.n	200082ea <_ntoa_format+0x60>
200082b0:	2c00      	cmp	r4, #0
200082b2:	d00c      	beq.n	200082ce <_ntoa_format+0x44>
200082b4:	07c8      	lsls	r0, r1, #31
200082b6:	d50a      	bpl.n	200082ce <_ntoa_format+0x44>
200082b8:	4660      	mov	r0, ip
200082ba:	2800      	cmp	r0, #0
200082bc:	d102      	bne.n	200082c4 <_ntoa_format+0x3a>
200082be:	300c      	adds	r0, #12
200082c0:	4208      	tst	r0, r1
200082c2:	d004      	beq.n	200082ce <_ntoa_format+0x44>
200082c4:	3c01      	subs	r4, #1
200082c6:	e002      	b.n	200082ce <_ntoa_format+0x44>
200082c8:	2030      	movs	r0, #48	@ 0x30
200082ca:	54d0      	strb	r0, [r2, r3]
200082cc:	3301      	adds	r3, #1
200082ce:	42ab      	cmp	r3, r5
200082d0:	d201      	bcs.n	200082d6 <_ntoa_format+0x4c>
200082d2:	2b1f      	cmp	r3, #31
200082d4:	d9f8      	bls.n	200082c8 <_ntoa_format+0x3e>
200082d6:	07c8      	lsls	r0, r1, #31
200082d8:	d507      	bpl.n	200082ea <_ntoa_format+0x60>
200082da:	42a3      	cmp	r3, r4
200082dc:	d205      	bcs.n	200082ea <_ntoa_format+0x60>
200082de:	2b1f      	cmp	r3, #31
200082e0:	d803      	bhi.n	200082ea <_ntoa_format+0x60>
200082e2:	2030      	movs	r0, #48	@ 0x30
200082e4:	54d0      	strb	r0, [r2, r3]
200082e6:	3301      	adds	r3, #1
200082e8:	e7f5      	b.n	200082d6 <_ntoa_format+0x4c>
200082ea:	06c8      	lsls	r0, r1, #27
200082ec:	d512      	bpl.n	20008314 <_ntoa_format+0x8a>
200082ee:	0548      	lsls	r0, r1, #21
200082f0:	d405      	bmi.n	200082fe <_ntoa_format+0x74>
200082f2:	2b00      	cmp	r3, #0
200082f4:	d003      	beq.n	200082fe <_ntoa_format+0x74>
200082f6:	42ab      	cmp	r3, r5
200082f8:	d023      	beq.n	20008342 <_ntoa_format+0xb8>
200082fa:	42a3      	cmp	r3, r4
200082fc:	d021      	beq.n	20008342 <_ntoa_format+0xb8>
200082fe:	980f      	ldr	r0, [sp, #60]	@ 0x3c
20008300:	2810      	cmp	r0, #16
20008302:	d031      	beq.n	20008368 <_ntoa_format+0xde>
20008304:	980f      	ldr	r0, [sp, #60]	@ 0x3c
20008306:	2802      	cmp	r0, #2
20008308:	d038      	beq.n	2000837c <_ntoa_format+0xf2>
2000830a:	2b1f      	cmp	r3, #31
2000830c:	d80a      	bhi.n	20008324 <_ntoa_format+0x9a>
2000830e:	2030      	movs	r0, #48	@ 0x30
20008310:	54d0      	strb	r0, [r2, r3]
20008312:	3301      	adds	r3, #1
20008314:	2b1f      	cmp	r3, #31
20008316:	d805      	bhi.n	20008324 <_ntoa_format+0x9a>
20008318:	4660      	mov	r0, ip
2000831a:	2800      	cmp	r0, #0
2000831c:	d034      	beq.n	20008388 <_ntoa_format+0xfe>
2000831e:	202d      	movs	r0, #45	@ 0x2d
20008320:	54d0      	strb	r0, [r2, r3]
20008322:	3301      	adds	r3, #1
20008324:	9103      	str	r1, [sp, #12]
20008326:	9402      	str	r4, [sp, #8]
20008328:	9301      	str	r3, [sp, #4]
2000832a:	9200      	str	r2, [sp, #0]
2000832c:	464b      	mov	r3, r9
2000832e:	4642      	mov	r2, r8
20008330:	0039      	movs	r1, r7
20008332:	0030      	movs	r0, r6
20008334:	f7ff ff4c 	bl	200081d0 <_out_rev>
20008338:	b005      	add	sp, #20
2000833a:	bcc0      	pop	{r6, r7}
2000833c:	46b9      	mov	r9, r7
2000833e:	46b0      	mov	r8, r6
20008340:	bdf0      	pop	{r4, r5, r6, r7, pc}
20008342:	1e58      	subs	r0, r3, #1
20008344:	2b01      	cmp	r3, #1
20008346:	d017      	beq.n	20008378 <_ntoa_format+0xee>
20008348:	9d0f      	ldr	r5, [sp, #60]	@ 0x3c
2000834a:	2d10      	cmp	r5, #16
2000834c:	d00b      	beq.n	20008366 <_ntoa_format+0xdc>
2000834e:	0003      	movs	r3, r0
20008350:	980f      	ldr	r0, [sp, #60]	@ 0x3c
20008352:	2810      	cmp	r0, #16
20008354:	d1d6      	bne.n	20008304 <_ntoa_format+0x7a>
20008356:	0688      	lsls	r0, r1, #26
20008358:	d5d4      	bpl.n	20008304 <_ntoa_format+0x7a>
2000835a:	2b1f      	cmp	r3, #31
2000835c:	d8d2      	bhi.n	20008304 <_ntoa_format+0x7a>
2000835e:	2058      	movs	r0, #88	@ 0x58
20008360:	54d0      	strb	r0, [r2, r3]
20008362:	3301      	adds	r3, #1
20008364:	e7d1      	b.n	2000830a <_ntoa_format+0x80>
20008366:	3b02      	subs	r3, #2
20008368:	0688      	lsls	r0, r1, #26
2000836a:	d4f1      	bmi.n	20008350 <_ntoa_format+0xc6>
2000836c:	2b1f      	cmp	r3, #31
2000836e:	d8ef      	bhi.n	20008350 <_ntoa_format+0xc6>
20008370:	2078      	movs	r0, #120	@ 0x78
20008372:	54d0      	strb	r0, [r2, r3]
20008374:	3301      	adds	r3, #1
20008376:	e7c8      	b.n	2000830a <_ntoa_format+0x80>
20008378:	0003      	movs	r3, r0
2000837a:	e7c0      	b.n	200082fe <_ntoa_format+0x74>
2000837c:	2b1f      	cmp	r3, #31
2000837e:	d8d1      	bhi.n	20008324 <_ntoa_format+0x9a>
20008380:	3060      	adds	r0, #96	@ 0x60
20008382:	54d0      	strb	r0, [r2, r3]
20008384:	3301      	adds	r3, #1
20008386:	e7c0      	b.n	2000830a <_ntoa_format+0x80>
20008388:	0748      	lsls	r0, r1, #29
2000838a:	d503      	bpl.n	20008394 <_ntoa_format+0x10a>
2000838c:	202b      	movs	r0, #43	@ 0x2b
2000838e:	54d0      	strb	r0, [r2, r3]
20008390:	3301      	adds	r3, #1
20008392:	e7c7      	b.n	20008324 <_ntoa_format+0x9a>
20008394:	0708      	lsls	r0, r1, #28
20008396:	d5c5      	bpl.n	20008324 <_ntoa_format+0x9a>
20008398:	2020      	movs	r0, #32
2000839a:	54d0      	strb	r0, [r2, r3]
2000839c:	3301      	adds	r3, #1
2000839e:	e7c1      	b.n	20008324 <_ntoa_format+0x9a>

200083a0 <_ntoa_long>:
200083a0:	b5f0      	push	{r4, r5, r6, r7, lr}
200083a2:	46de      	mov	lr, fp
200083a4:	4657      	mov	r7, sl
200083a6:	464e      	mov	r6, r9
200083a8:	4645      	mov	r5, r8
200083aa:	b5e0      	push	{r5, r6, r7, lr}
200083ac:	b093      	sub	sp, #76	@ 0x4c
200083ae:	4680      	mov	r8, r0
200083b0:	4689      	mov	r9, r1
200083b2:	4692      	mov	sl, r2
200083b4:	469b      	mov	fp, r3
200083b6:	ab1c      	add	r3, sp, #112	@ 0x70
200083b8:	cb10      	ldmia	r3!, {r4}
200083ba:	781b      	ldrb	r3, [r3, #0]
200083bc:	9309      	str	r3, [sp, #36]	@ 0x24
200083be:	9d1e      	ldr	r5, [sp, #120]	@ 0x78
200083c0:	2c00      	cmp	r4, #0
200083c2:	d103      	bne.n	200083cc <_ntoa_long+0x2c>
200083c4:	2310      	movs	r3, #16
200083c6:	9a21      	ldr	r2, [sp, #132]	@ 0x84
200083c8:	439a      	bics	r2, r3
200083ca:	9221      	str	r2, [sp, #132]	@ 0x84
200083cc:	2380      	movs	r3, #128	@ 0x80
200083ce:	00db      	lsls	r3, r3, #3
200083d0:	9e21      	ldr	r6, [sp, #132]	@ 0x84
200083d2:	401e      	ands	r6, r3
200083d4:	9a21      	ldr	r2, [sp, #132]	@ 0x84
200083d6:	421a      	tst	r2, r3
200083d8:	d018      	beq.n	2000840c <_ntoa_long+0x6c>
200083da:	2c00      	cmp	r4, #0
200083dc:	d022      	beq.n	20008424 <_ntoa_long+0x84>
200083de:	2600      	movs	r6, #0
200083e0:	e014      	b.n	2000840c <_ntoa_long+0x6c>
200083e2:	9a21      	ldr	r2, [sp, #132]	@ 0x84
200083e4:	0692      	lsls	r2, r2, #26
200083e6:	d51b      	bpl.n	20008420 <_ntoa_long+0x80>
200083e8:	2141      	movs	r1, #65	@ 0x41
200083ea:	18c9      	adds	r1, r1, r3
200083ec:	b2c9      	uxtb	r1, r1
200083ee:	390a      	subs	r1, #10
200083f0:	b2c9      	uxtb	r1, r1
200083f2:	1c77      	adds	r7, r6, #1
200083f4:	ab0a      	add	r3, sp, #40	@ 0x28
200083f6:	5599      	strb	r1, [r3, r6]
200083f8:	0029      	movs	r1, r5
200083fa:	0020      	movs	r0, r4
200083fc:	f7fe ff4a 	bl	20007294 <__wrap___aeabi_uidiv>
20008400:	42ac      	cmp	r4, r5
20008402:	d310      	bcc.n	20008426 <_ntoa_long+0x86>
20008404:	2f1f      	cmp	r7, #31
20008406:	d80e      	bhi.n	20008426 <_ntoa_long+0x86>
20008408:	003e      	movs	r6, r7
2000840a:	0004      	movs	r4, r0
2000840c:	0029      	movs	r1, r5
2000840e:	0020      	movs	r0, r4
20008410:	f7fe ff40 	bl	20007294 <__wrap___aeabi_uidiv>
20008414:	b2cb      	uxtb	r3, r1
20008416:	2b09      	cmp	r3, #9
20008418:	d8e3      	bhi.n	200083e2 <_ntoa_long+0x42>
2000841a:	3330      	adds	r3, #48	@ 0x30
2000841c:	b2d9      	uxtb	r1, r3
2000841e:	e7e8      	b.n	200083f2 <_ntoa_long+0x52>
20008420:	2161      	movs	r1, #97	@ 0x61
20008422:	e7e2      	b.n	200083ea <_ntoa_long+0x4a>
20008424:	0027      	movs	r7, r4
20008426:	9b21      	ldr	r3, [sp, #132]	@ 0x84
20008428:	9306      	str	r3, [sp, #24]
2000842a:	9b20      	ldr	r3, [sp, #128]	@ 0x80
2000842c:	9305      	str	r3, [sp, #20]
2000842e:	9b1f      	ldr	r3, [sp, #124]	@ 0x7c
20008430:	9304      	str	r3, [sp, #16]
20008432:	9503      	str	r5, [sp, #12]
20008434:	9b09      	ldr	r3, [sp, #36]	@ 0x24
20008436:	9302      	str	r3, [sp, #8]
20008438:	9701      	str	r7, [sp, #4]
2000843a:	ab0a      	add	r3, sp, #40	@ 0x28
2000843c:	9300      	str	r3, [sp, #0]
2000843e:	465b      	mov	r3, fp
20008440:	4652      	mov	r2, sl
20008442:	4649      	mov	r1, r9
20008444:	4640      	mov	r0, r8
20008446:	f7ff ff20 	bl	2000828a <_ntoa_format>
2000844a:	b013      	add	sp, #76	@ 0x4c
2000844c:	bcf0      	pop	{r4, r5, r6, r7}
2000844e:	46bb      	mov	fp, r7
20008450:	46b2      	mov	sl, r6
20008452:	46a9      	mov	r9, r5
20008454:	46a0      	mov	r8, r4
20008456:	bdf0      	pop	{r4, r5, r6, r7, pc}

20008458 <_ntoa_long_long>:
20008458:	b5f0      	push	{r4, r5, r6, r7, lr}
2000845a:	46de      	mov	lr, fp
2000845c:	4657      	mov	r7, sl
2000845e:	464e      	mov	r6, r9
20008460:	4645      	mov	r5, r8
20008462:	b5e0      	push	{r5, r6, r7, lr}
20008464:	b095      	sub	sp, #84	@ 0x54
20008466:	4683      	mov	fp, r0
20008468:	9108      	str	r1, [sp, #32]
2000846a:	9209      	str	r2, [sp, #36]	@ 0x24
2000846c:	930a      	str	r3, [sp, #40]	@ 0x28
2000846e:	9b1e      	ldr	r3, [sp, #120]	@ 0x78
20008470:	4699      	mov	r9, r3
20008472:	9f1f      	ldr	r7, [sp, #124]	@ 0x7c
20008474:	ab20      	add	r3, sp, #128	@ 0x80
20008476:	781b      	ldrb	r3, [r3, #0]
20008478:	930b      	str	r3, [sp, #44]	@ 0x2c
2000847a:	9b22      	ldr	r3, [sp, #136]	@ 0x88
2000847c:	4698      	mov	r8, r3
2000847e:	9c23      	ldr	r4, [sp, #140]	@ 0x8c
20008480:	464b      	mov	r3, r9
20008482:	433b      	orrs	r3, r7
20008484:	d103      	bne.n	2000848e <_ntoa_long_long+0x36>
20008486:	3310      	adds	r3, #16
20008488:	9a26      	ldr	r2, [sp, #152]	@ 0x98
2000848a:	439a      	bics	r2, r3
2000848c:	9226      	str	r2, [sp, #152]	@ 0x98
2000848e:	2380      	movs	r3, #128	@ 0x80
20008490:	00db      	lsls	r3, r3, #3
20008492:	9d26      	ldr	r5, [sp, #152]	@ 0x98
20008494:	401d      	ands	r5, r3
20008496:	9a26      	ldr	r2, [sp, #152]	@ 0x98
20008498:	421a      	tst	r2, r3
2000849a:	d008      	beq.n	200084ae <_ntoa_long_long+0x56>
2000849c:	464b      	mov	r3, r9
2000849e:	433b      	orrs	r3, r7
200084a0:	d039      	beq.n	20008516 <_ntoa_long_long+0xbe>
200084a2:	2500      	movs	r5, #0
200084a4:	464e      	mov	r6, r9
200084a6:	0023      	movs	r3, r4
200084a8:	002c      	movs	r4, r5
200084aa:	001d      	movs	r5, r3
200084ac:	e01f      	b.n	200084ee <_ntoa_long_long+0x96>
200084ae:	464e      	mov	r6, r9
200084b0:	0023      	movs	r3, r4
200084b2:	002c      	movs	r4, r5
200084b4:	001d      	movs	r5, r3
200084b6:	e01a      	b.n	200084ee <_ntoa_long_long+0x96>
200084b8:	9a26      	ldr	r2, [sp, #152]	@ 0x98
200084ba:	0692      	lsls	r2, r2, #26
200084bc:	d523      	bpl.n	20008506 <_ntoa_long_long+0xae>
200084be:	2241      	movs	r2, #65	@ 0x41
200084c0:	18d2      	adds	r2, r2, r3
200084c2:	b2d2      	uxtb	r2, r2
200084c4:	3a0a      	subs	r2, #10
200084c6:	b2d2      	uxtb	r2, r2
200084c8:	1c63      	adds	r3, r4, #1
200084ca:	469a      	mov	sl, r3
200084cc:	ab0c      	add	r3, sp, #48	@ 0x30
200084ce:	551a      	strb	r2, [r3, r4]
200084d0:	4642      	mov	r2, r8
200084d2:	002b      	movs	r3, r5
200084d4:	0030      	movs	r0, r6
200084d6:	0039      	movs	r1, r7
200084d8:	f7fe ff1a 	bl	20007310 <__wrap___aeabi_uldivmod>
200084dc:	42bd      	cmp	r5, r7
200084de:	d81c      	bhi.n	2000851a <_ntoa_long_long+0xc2>
200084e0:	d013      	beq.n	2000850a <_ntoa_long_long+0xb2>
200084e2:	4653      	mov	r3, sl
200084e4:	2b1f      	cmp	r3, #31
200084e6:	d814      	bhi.n	20008512 <_ntoa_long_long+0xba>
200084e8:	4654      	mov	r4, sl
200084ea:	0006      	movs	r6, r0
200084ec:	000f      	movs	r7, r1
200084ee:	4642      	mov	r2, r8
200084f0:	002b      	movs	r3, r5
200084f2:	0030      	movs	r0, r6
200084f4:	0039      	movs	r1, r7
200084f6:	f7fe ff0b 	bl	20007310 <__wrap___aeabi_uldivmod>
200084fa:	b2d3      	uxtb	r3, r2
200084fc:	2b09      	cmp	r3, #9
200084fe:	d8db      	bhi.n	200084b8 <_ntoa_long_long+0x60>
20008500:	3330      	adds	r3, #48	@ 0x30
20008502:	b2da      	uxtb	r2, r3
20008504:	e7e0      	b.n	200084c8 <_ntoa_long_long+0x70>
20008506:	2261      	movs	r2, #97	@ 0x61
20008508:	e7da      	b.n	200084c0 <_ntoa_long_long+0x68>
2000850a:	45b0      	cmp	r8, r6
2000850c:	d9e9      	bls.n	200084e2 <_ntoa_long_long+0x8a>
2000850e:	4656      	mov	r6, sl
20008510:	e004      	b.n	2000851c <_ntoa_long_long+0xc4>
20008512:	4656      	mov	r6, sl
20008514:	e002      	b.n	2000851c <_ntoa_long_long+0xc4>
20008516:	2600      	movs	r6, #0
20008518:	e000      	b.n	2000851c <_ntoa_long_long+0xc4>
2000851a:	4656      	mov	r6, sl
2000851c:	9b26      	ldr	r3, [sp, #152]	@ 0x98
2000851e:	9306      	str	r3, [sp, #24]
20008520:	9b25      	ldr	r3, [sp, #148]	@ 0x94
20008522:	9305      	str	r3, [sp, #20]
20008524:	9b24      	ldr	r3, [sp, #144]	@ 0x90
20008526:	9304      	str	r3, [sp, #16]
20008528:	4643      	mov	r3, r8
2000852a:	9303      	str	r3, [sp, #12]
2000852c:	9b0b      	ldr	r3, [sp, #44]	@ 0x2c
2000852e:	9302      	str	r3, [sp, #8]
20008530:	9601      	str	r6, [sp, #4]
20008532:	ab0c      	add	r3, sp, #48	@ 0x30
20008534:	9300      	str	r3, [sp, #0]
20008536:	9b0a      	ldr	r3, [sp, #40]	@ 0x28
20008538:	9a09      	ldr	r2, [sp, #36]	@ 0x24
2000853a:	9908      	ldr	r1, [sp, #32]
2000853c:	4658      	mov	r0, fp
2000853e:	f7ff fea4 	bl	2000828a <_ntoa_format>
20008542:	b015      	add	sp, #84	@ 0x54
20008544:	bcf0      	pop	{r4, r5, r6, r7}
20008546:	46bb      	mov	fp, r7
20008548:	46b2      	mov	sl, r6
2000854a:	46a9      	mov	r9, r5
2000854c:	46a0      	mov	r8, r4
2000854e:	bdf0      	pop	{r4, r5, r6, r7, pc}

20008550 <_etoa>:
20008550:	b5f0      	push	{r4, r5, r6, r7, lr}
20008552:	46de      	mov	lr, fp
20008554:	4657      	mov	r7, sl
20008556:	464e      	mov	r6, r9
20008558:	4645      	mov	r5, r8
2000855a:	b5e0      	push	{r5, r6, r7, lr}
2000855c:	b095      	sub	sp, #84	@ 0x54
2000855e:	0004      	movs	r4, r0
20008560:	468a      	mov	sl, r1
20008562:	4693      	mov	fp, r2
20008564:	4699      	mov	r9, r3
20008566:	9e1e      	ldr	r6, [sp, #120]	@ 0x78
20008568:	9f1f      	ldr	r7, [sp, #124]	@ 0x7c
2000856a:	0032      	movs	r2, r6
2000856c:	003b      	movs	r3, r7
2000856e:	0030      	movs	r0, r6
20008570:	0039      	movs	r1, r7
20008572:	f7ff f958 	bl	20007826 <__wrap___aeabi_dcmpun>
20008576:	2800      	cmp	r0, #0
20008578:	d000      	beq.n	2000857c <_etoa+0x2c>
2000857a:	e0fb      	b.n	20008774 <_etoa+0x224>
2000857c:	2201      	movs	r2, #1
2000857e:	4252      	negs	r2, r2
20008580:	4bd6      	ldr	r3, [pc, #856]	@ (200088dc <_etoa+0x38c>)
20008582:	0030      	movs	r0, r6
20008584:	0039      	movs	r1, r7
20008586:	f7ff f949 	bl	2000781c <__wrap___aeabi_dcmpgt>
2000858a:	2800      	cmp	r0, #0
2000858c:	d000      	beq.n	20008590 <_etoa+0x40>
2000858e:	e0f1      	b.n	20008774 <_etoa+0x224>
20008590:	2201      	movs	r2, #1
20008592:	4252      	negs	r2, r2
20008594:	4bd2      	ldr	r3, [pc, #840]	@ (200088e0 <_etoa+0x390>)
20008596:	0030      	movs	r0, r6
20008598:	0039      	movs	r1, r7
2000859a:	f7ff f929 	bl	200077f0 <__wrap___aeabi_dcmplt>
2000859e:	2800      	cmp	r0, #0
200085a0:	d000      	beq.n	200085a4 <_etoa+0x54>
200085a2:	e0e7      	b.n	20008774 <_etoa+0x224>
200085a4:	2200      	movs	r2, #0
200085a6:	2300      	movs	r3, #0
200085a8:	0030      	movs	r0, r6
200085aa:	0039      	movs	r1, r7
200085ac:	f7ff f920 	bl	200077f0 <__wrap___aeabi_dcmplt>
200085b0:	2800      	cmp	r0, #0
200085b2:	d000      	beq.n	200085b6 <_etoa+0x66>
200085b4:	e0f3      	b.n	2000879e <_etoa+0x24e>
200085b6:	9606      	str	r6, [sp, #24]
200085b8:	9707      	str	r7, [sp, #28]
200085ba:	2380      	movs	r3, #128	@ 0x80
200085bc:	00db      	lsls	r3, r3, #3
200085be:	9a22      	ldr	r2, [sp, #136]	@ 0x88
200085c0:	401a      	ands	r2, r3
200085c2:	9211      	str	r2, [sp, #68]	@ 0x44
200085c4:	9a22      	ldr	r2, [sp, #136]	@ 0x88
200085c6:	421a      	tst	r2, r3
200085c8:	d101      	bne.n	200085ce <_etoa+0x7e>
200085ca:	2306      	movs	r3, #6
200085cc:	9320      	str	r3, [sp, #128]	@ 0x80
200085ce:	9806      	ldr	r0, [sp, #24]
200085d0:	9907      	ldr	r1, [sp, #28]
200085d2:	0002      	movs	r2, r0
200085d4:	000b      	movs	r3, r1
200085d6:	920a      	str	r2, [sp, #40]	@ 0x28
200085d8:	930b      	str	r3, [sp, #44]	@ 0x2c
200085da:	0003      	movs	r3, r0
200085dc:	000a      	movs	r2, r1
200085de:	4302      	orrs	r2, r0
200085e0:	d100      	bne.n	200085e4 <_etoa+0x94>
200085e2:	e0e8      	b.n	200087b6 <_etoa+0x266>
200085e4:	0d08      	lsrs	r0, r1, #20
200085e6:	0540      	lsls	r0, r0, #21
200085e8:	0d40      	lsrs	r0, r0, #21
200085ea:	4dbe      	ldr	r5, [pc, #760]	@ (200088e4 <_etoa+0x394>)
200085ec:	46ac      	mov	ip, r5
200085ee:	4460      	add	r0, ip
200085f0:	0005      	movs	r5, r0
200085f2:	9807      	ldr	r0, [sp, #28]
200085f4:	0302      	lsls	r2, r0, #12
200085f6:	0b12      	lsrs	r2, r2, #12
200085f8:	2000      	movs	r0, #0
200085fa:	2100      	movs	r1, #0
200085fc:	9008      	str	r0, [sp, #32]
200085fe:	9109      	str	r1, [sp, #36]	@ 0x24
20008600:	9308      	str	r3, [sp, #32]
20008602:	4bb9      	ldr	r3, [pc, #740]	@ (200088e8 <_etoa+0x398>)
20008604:	4313      	orrs	r3, r2
20008606:	9309      	str	r3, [sp, #36]	@ 0x24
20008608:	0028      	movs	r0, r5
2000860a:	f7ff f91d 	bl	20007848 <__wrap___aeabi_i2d>
2000860e:	4ab7      	ldr	r2, [pc, #732]	@ (200088ec <_etoa+0x39c>)
20008610:	4bb7      	ldr	r3, [pc, #732]	@ (200088f0 <_etoa+0x3a0>)
20008612:	f7ff f8aa 	bl	2000776a <__wrap___aeabi_dmul>
20008616:	4ab7      	ldr	r2, [pc, #732]	@ (200088f4 <_etoa+0x3a4>)
20008618:	4bb7      	ldr	r3, [pc, #732]	@ (200088f8 <_etoa+0x3a8>)
2000861a:	f7ff f87f 	bl	2000771c <__wrap___aeabi_dadd>
2000861e:	900a      	str	r0, [sp, #40]	@ 0x28
20008620:	910b      	str	r1, [sp, #44]	@ 0x2c
20008622:	2200      	movs	r2, #0
20008624:	4bb5      	ldr	r3, [pc, #724]	@ (200088fc <_etoa+0x3ac>)
20008626:	9808      	ldr	r0, [sp, #32]
20008628:	9909      	ldr	r1, [sp, #36]	@ 0x24
2000862a:	f7ff f86e 	bl	2000770a <__wrap___aeabi_dsub>
2000862e:	4ab4      	ldr	r2, [pc, #720]	@ (20008900 <_etoa+0x3b0>)
20008630:	4bb4      	ldr	r3, [pc, #720]	@ (20008904 <_etoa+0x3b4>)
20008632:	f7ff f89a 	bl	2000776a <__wrap___aeabi_dmul>
20008636:	0002      	movs	r2, r0
20008638:	000b      	movs	r3, r1
2000863a:	980a      	ldr	r0, [sp, #40]	@ 0x28
2000863c:	990b      	ldr	r1, [sp, #44]	@ 0x2c
2000863e:	f7ff f86d 	bl	2000771c <__wrap___aeabi_dadd>
20008642:	f7ff f919 	bl	20007878 <__wrap___aeabi_d2iz>
20008646:	4680      	mov	r8, r0
20008648:	9008      	str	r0, [sp, #32]
2000864a:	f7ff f8fd 	bl	20007848 <__wrap___aeabi_i2d>
2000864e:	4aae      	ldr	r2, [pc, #696]	@ (20008908 <_etoa+0x3b8>)
20008650:	4bae      	ldr	r3, [pc, #696]	@ (2000890c <_etoa+0x3bc>)
20008652:	900a      	str	r0, [sp, #40]	@ 0x28
20008654:	910b      	str	r1, [sp, #44]	@ 0x2c
20008656:	f7ff f888 	bl	2000776a <__wrap___aeabi_dmul>
2000865a:	2200      	movs	r2, #0
2000865c:	4bac      	ldr	r3, [pc, #688]	@ (20008910 <_etoa+0x3c0>)
2000865e:	f7ff f85d 	bl	2000771c <__wrap___aeabi_dadd>
20008662:	f7ff f909 	bl	20007878 <__wrap___aeabi_d2iz>
20008666:	0005      	movs	r5, r0
20008668:	4aaa      	ldr	r2, [pc, #680]	@ (20008914 <_etoa+0x3c4>)
2000866a:	4bab      	ldr	r3, [pc, #684]	@ (20008918 <_etoa+0x3c8>)
2000866c:	980a      	ldr	r0, [sp, #40]	@ 0x28
2000866e:	990b      	ldr	r1, [sp, #44]	@ 0x2c
20008670:	f7ff f87b 	bl	2000776a <__wrap___aeabi_dmul>
20008674:	900a      	str	r0, [sp, #40]	@ 0x28
20008676:	910b      	str	r1, [sp, #44]	@ 0x2c
20008678:	0028      	movs	r0, r5
2000867a:	f7ff f8e5 	bl	20007848 <__wrap___aeabi_i2d>
2000867e:	4aa7      	ldr	r2, [pc, #668]	@ (2000891c <_etoa+0x3cc>)
20008680:	4ba7      	ldr	r3, [pc, #668]	@ (20008920 <_etoa+0x3d0>)
20008682:	f7ff f872 	bl	2000776a <__wrap___aeabi_dmul>
20008686:	0002      	movs	r2, r0
20008688:	000b      	movs	r3, r1
2000868a:	980a      	ldr	r0, [sp, #40]	@ 0x28
2000868c:	990b      	ldr	r1, [sp, #44]	@ 0x2c
2000868e:	f7ff f83c 	bl	2000770a <__wrap___aeabi_dsub>
20008692:	0002      	movs	r2, r0
20008694:	000b      	movs	r3, r1
20008696:	900a      	str	r0, [sp, #40]	@ 0x28
20008698:	910b      	str	r1, [sp, #44]	@ 0x2c
2000869a:	f7ff f866 	bl	2000776a <__wrap___aeabi_dmul>
2000869e:	900e      	str	r0, [sp, #56]	@ 0x38
200086a0:	910f      	str	r1, [sp, #60]	@ 0x3c
200086a2:	002b      	movs	r3, r5
200086a4:	4d9f      	ldr	r5, [pc, #636]	@ (20008924 <_etoa+0x3d4>)
200086a6:	46ac      	mov	ip, r5
200086a8:	4463      	add	r3, ip
200086aa:	2100      	movs	r1, #0
200086ac:	2200      	movs	r2, #0
200086ae:	910c      	str	r1, [sp, #48]	@ 0x30
200086b0:	920d      	str	r2, [sp, #52]	@ 0x34
200086b2:	051b      	lsls	r3, r3, #20
200086b4:	930d      	str	r3, [sp, #52]	@ 0x34
200086b6:	2300      	movs	r3, #0
200086b8:	930c      	str	r3, [sp, #48]	@ 0x30
200086ba:	980a      	ldr	r0, [sp, #40]	@ 0x28
200086bc:	990b      	ldr	r1, [sp, #44]	@ 0x2c
200086be:	0002      	movs	r2, r0
200086c0:	000b      	movs	r3, r1
200086c2:	f7ff f82b 	bl	2000771c <__wrap___aeabi_dadd>
200086c6:	9012      	str	r0, [sp, #72]	@ 0x48
200086c8:	9113      	str	r1, [sp, #76]	@ 0x4c
200086ca:	9a0a      	ldr	r2, [sp, #40]	@ 0x28
200086cc:	9b0b      	ldr	r3, [sp, #44]	@ 0x2c
200086ce:	2000      	movs	r0, #0
200086d0:	2180      	movs	r1, #128	@ 0x80
200086d2:	05c9      	lsls	r1, r1, #23
200086d4:	f7ff f819 	bl	2000770a <__wrap___aeabi_dsub>
200086d8:	900a      	str	r0, [sp, #40]	@ 0x28
200086da:	910b      	str	r1, [sp, #44]	@ 0x2c
200086dc:	2200      	movs	r2, #0
200086de:	4b92      	ldr	r3, [pc, #584]	@ (20008928 <_etoa+0x3d8>)
200086e0:	980e      	ldr	r0, [sp, #56]	@ 0x38
200086e2:	990f      	ldr	r1, [sp, #60]	@ 0x3c
200086e4:	f7ff f823 	bl	2000772e <__wrap___aeabi_ddiv>
200086e8:	2200      	movs	r2, #0
200086ea:	4b90      	ldr	r3, [pc, #576]	@ (2000892c <_etoa+0x3dc>)
200086ec:	f7ff f816 	bl	2000771c <__wrap___aeabi_dadd>
200086f0:	0002      	movs	r2, r0
200086f2:	000b      	movs	r3, r1
200086f4:	980e      	ldr	r0, [sp, #56]	@ 0x38
200086f6:	990f      	ldr	r1, [sp, #60]	@ 0x3c
200086f8:	f7ff f819 	bl	2000772e <__wrap___aeabi_ddiv>
200086fc:	2200      	movs	r2, #0
200086fe:	4b8c      	ldr	r3, [pc, #560]	@ (20008930 <_etoa+0x3e0>)
20008700:	f7ff f80c 	bl	2000771c <__wrap___aeabi_dadd>
20008704:	0002      	movs	r2, r0
20008706:	000b      	movs	r3, r1
20008708:	980e      	ldr	r0, [sp, #56]	@ 0x38
2000870a:	990f      	ldr	r1, [sp, #60]	@ 0x3c
2000870c:	f7ff f80f 	bl	2000772e <__wrap___aeabi_ddiv>
20008710:	0002      	movs	r2, r0
20008712:	000b      	movs	r3, r1
20008714:	980a      	ldr	r0, [sp, #40]	@ 0x28
20008716:	990b      	ldr	r1, [sp, #44]	@ 0x2c
20008718:	f7ff f800 	bl	2000771c <__wrap___aeabi_dadd>
2000871c:	0002      	movs	r2, r0
2000871e:	000b      	movs	r3, r1
20008720:	9812      	ldr	r0, [sp, #72]	@ 0x48
20008722:	9913      	ldr	r1, [sp, #76]	@ 0x4c
20008724:	f7ff f803 	bl	2000772e <__wrap___aeabi_ddiv>
20008728:	2200      	movs	r2, #0
2000872a:	4b6f      	ldr	r3, [pc, #444]	@ (200088e8 <_etoa+0x398>)
2000872c:	f7fe fff6 	bl	2000771c <__wrap___aeabi_dadd>
20008730:	9a0c      	ldr	r2, [sp, #48]	@ 0x30
20008732:	9b0d      	ldr	r3, [sp, #52]	@ 0x34
20008734:	f7ff f819 	bl	2000776a <__wrap___aeabi_dmul>
20008738:	0002      	movs	r2, r0
2000873a:	000b      	movs	r3, r1
2000873c:	920a      	str	r2, [sp, #40]	@ 0x28
2000873e:	930b      	str	r3, [sp, #44]	@ 0x2c
20008740:	9a06      	ldr	r2, [sp, #24]
20008742:	9b07      	ldr	r3, [sp, #28]
20008744:	900c      	str	r0, [sp, #48]	@ 0x30
20008746:	910d      	str	r1, [sp, #52]	@ 0x34
20008748:	f7ff f868 	bl	2000781c <__wrap___aeabi_dcmpgt>
2000874c:	2800      	cmp	r0, #0
2000874e:	d00a      	beq.n	20008766 <_etoa+0x216>
20008750:	4643      	mov	r3, r8
20008752:	3b01      	subs	r3, #1
20008754:	9308      	str	r3, [sp, #32]
20008756:	2200      	movs	r2, #0
20008758:	4b74      	ldr	r3, [pc, #464]	@ (2000892c <_etoa+0x3dc>)
2000875a:	980c      	ldr	r0, [sp, #48]	@ 0x30
2000875c:	990d      	ldr	r1, [sp, #52]	@ 0x34
2000875e:	f7fe ffe6 	bl	2000772e <__wrap___aeabi_ddiv>
20008762:	900a      	str	r0, [sp, #40]	@ 0x28
20008764:	910b      	str	r1, [sp, #44]	@ 0x2c
20008766:	9b08      	ldr	r3, [sp, #32]
20008768:	3363      	adds	r3, #99	@ 0x63
2000876a:	2bc6      	cmp	r3, #198	@ 0xc6
2000876c:	d849      	bhi.n	20008802 <_etoa+0x2b2>
2000876e:	2304      	movs	r3, #4
20008770:	001d      	movs	r5, r3
20008772:	e024      	b.n	200087be <_etoa+0x26e>
20008774:	9b22      	ldr	r3, [sp, #136]	@ 0x88
20008776:	9304      	str	r3, [sp, #16]
20008778:	9b21      	ldr	r3, [sp, #132]	@ 0x84
2000877a:	9303      	str	r3, [sp, #12]
2000877c:	9b20      	ldr	r3, [sp, #128]	@ 0x80
2000877e:	9302      	str	r3, [sp, #8]
20008780:	9600      	str	r6, [sp, #0]
20008782:	9701      	str	r7, [sp, #4]
20008784:	464b      	mov	r3, r9
20008786:	465a      	mov	r2, fp
20008788:	4651      	mov	r1, sl
2000878a:	0020      	movs	r0, r4
2000878c:	f000 f904 	bl	20008998 <_ftoa>
20008790:	b015      	add	sp, #84	@ 0x54
20008792:	bcf0      	pop	{r4, r5, r6, r7}
20008794:	46bb      	mov	fp, r7
20008796:	46b2      	mov	sl, r6
20008798:	46a9      	mov	r9, r5
2000879a:	46a0      	mov	r8, r4
2000879c:	bdf0      	pop	{r4, r5, r6, r7, pc}
2000879e:	2100      	movs	r1, #0
200087a0:	2200      	movs	r2, #0
200087a2:	9106      	str	r1, [sp, #24]
200087a4:	9207      	str	r2, [sp, #28]
200087a6:	9606      	str	r6, [sp, #24]
200087a8:	2380      	movs	r3, #128	@ 0x80
200087aa:	061b      	lsls	r3, r3, #24
200087ac:	469c      	mov	ip, r3
200087ae:	44bc      	add	ip, r7
200087b0:	4663      	mov	r3, ip
200087b2:	9307      	str	r3, [sp, #28]
200087b4:	e701      	b.n	200085ba <_etoa+0x6a>
200087b6:	2300      	movs	r3, #0
200087b8:	9308      	str	r3, [sp, #32]
200087ba:	3304      	adds	r3, #4
200087bc:	001d      	movs	r5, r3
200087be:	9b22      	ldr	r3, [sp, #136]	@ 0x88
200087c0:	051b      	lsls	r3, r3, #20
200087c2:	d52b      	bpl.n	2000881c <_etoa+0x2cc>
200087c4:	9a0a      	ldr	r2, [sp, #40]	@ 0x28
200087c6:	9b0b      	ldr	r3, [sp, #44]	@ 0x2c
200087c8:	0019      	movs	r1, r3
200087ca:	4311      	orrs	r1, r2
200087cc:	d011      	beq.n	200087f2 <_etoa+0x2a2>
200087ce:	4a59      	ldr	r2, [pc, #356]	@ (20008934 <_etoa+0x3e4>)
200087d0:	4b59      	ldr	r3, [pc, #356]	@ (20008938 <_etoa+0x3e8>)
200087d2:	9806      	ldr	r0, [sp, #24]
200087d4:	9907      	ldr	r1, [sp, #28]
200087d6:	f7ff f819 	bl	2000780c <__wrap___aeabi_dcmpge>
200087da:	2800      	cmp	r0, #0
200087dc:	d100      	bne.n	200087e0 <_etoa+0x290>
200087de:	e0b1      	b.n	20008944 <_etoa+0x3f4>
200087e0:	2200      	movs	r2, #0
200087e2:	4b56      	ldr	r3, [pc, #344]	@ (2000893c <_etoa+0x3ec>)
200087e4:	9806      	ldr	r0, [sp, #24]
200087e6:	9907      	ldr	r1, [sp, #28]
200087e8:	f7ff f802 	bl	200077f0 <__wrap___aeabi_dcmplt>
200087ec:	2800      	cmp	r0, #0
200087ee:	d100      	bne.n	200087f2 <_etoa+0x2a2>
200087f0:	e0a8      	b.n	20008944 <_etoa+0x3f4>
200087f2:	9a20      	ldr	r2, [sp, #128]	@ 0x80
200087f4:	9b08      	ldr	r3, [sp, #32]
200087f6:	429a      	cmp	r2, r3
200087f8:	dd06      	ble.n	20008808 <_etoa+0x2b8>
200087fa:	1ad3      	subs	r3, r2, r3
200087fc:	3b01      	subs	r3, #1
200087fe:	9320      	str	r3, [sp, #128]	@ 0x80
20008800:	e004      	b.n	2000880c <_etoa+0x2bc>
20008802:	2305      	movs	r3, #5
20008804:	001d      	movs	r5, r3
20008806:	e7da      	b.n	200087be <_etoa+0x26e>
20008808:	2300      	movs	r3, #0
2000880a:	9320      	str	r3, [sp, #128]	@ 0x80
2000880c:	2380      	movs	r3, #128	@ 0x80
2000880e:	00db      	lsls	r3, r3, #3
20008810:	9a22      	ldr	r2, [sp, #136]	@ 0x88
20008812:	431a      	orrs	r2, r3
20008814:	9222      	str	r2, [sp, #136]	@ 0x88
20008816:	2300      	movs	r3, #0
20008818:	001d      	movs	r5, r3
2000881a:	9308      	str	r3, [sp, #32]
2000881c:	9a21      	ldr	r2, [sp, #132]	@ 0x84
2000881e:	4295      	cmp	r5, r2
20008820:	d300      	bcc.n	20008824 <_etoa+0x2d4>
20008822:	e09b      	b.n	2000895c <_etoa+0x40c>
20008824:	1b53      	subs	r3, r2, r5
20008826:	4698      	mov	r8, r3
20008828:	2302      	movs	r3, #2
2000882a:	9a22      	ldr	r2, [sp, #136]	@ 0x88
2000882c:	401a      	ands	r2, r3
2000882e:	920c      	str	r2, [sp, #48]	@ 0x30
20008830:	9a22      	ldr	r2, [sp, #136]	@ 0x88
20008832:	4213      	tst	r3, r2
20008834:	d003      	beq.n	2000883e <_etoa+0x2ee>
20008836:	2d00      	cmp	r5, #0
20008838:	d001      	beq.n	2000883e <_etoa+0x2ee>
2000883a:	2300      	movs	r3, #0
2000883c:	4698      	mov	r8, r3
2000883e:	9b08      	ldr	r3, [sp, #32]
20008840:	2b00      	cmp	r3, #0
20008842:	d007      	beq.n	20008854 <_etoa+0x304>
20008844:	9a0a      	ldr	r2, [sp, #40]	@ 0x28
20008846:	9b0b      	ldr	r3, [sp, #44]	@ 0x2c
20008848:	9806      	ldr	r0, [sp, #24]
2000884a:	9907      	ldr	r1, [sp, #28]
2000884c:	f7fe ff6f 	bl	2000772e <__wrap___aeabi_ddiv>
20008850:	9006      	str	r0, [sp, #24]
20008852:	9107      	str	r1, [sp, #28]
20008854:	2200      	movs	r2, #0
20008856:	2300      	movs	r3, #0
20008858:	0030      	movs	r0, r6
2000885a:	0039      	movs	r1, r7
2000885c:	f7fe ffc8 	bl	200077f0 <__wrap___aeabi_dcmplt>
20008860:	2800      	cmp	r0, #0
20008862:	d000      	beq.n	20008866 <_etoa+0x316>
20008864:	e07d      	b.n	20008962 <_etoa+0x412>
20008866:	4b36      	ldr	r3, [pc, #216]	@ (20008940 <_etoa+0x3f0>)
20008868:	9a22      	ldr	r2, [sp, #136]	@ 0x88
2000886a:	4013      	ands	r3, r2
2000886c:	9304      	str	r3, [sp, #16]
2000886e:	4643      	mov	r3, r8
20008870:	9303      	str	r3, [sp, #12]
20008872:	9b20      	ldr	r3, [sp, #128]	@ 0x80
20008874:	9302      	str	r3, [sp, #8]
20008876:	9a06      	ldr	r2, [sp, #24]
20008878:	9b07      	ldr	r3, [sp, #28]
2000887a:	9200      	str	r2, [sp, #0]
2000887c:	9301      	str	r3, [sp, #4]
2000887e:	464b      	mov	r3, r9
20008880:	465a      	mov	r2, fp
20008882:	4651      	mov	r1, sl
20008884:	0020      	movs	r0, r4
20008886:	f000 f887 	bl	20008998 <_ftoa>
2000888a:	2d00      	cmp	r5, #0
2000888c:	d100      	bne.n	20008890 <_etoa+0x340>
2000888e:	e77f      	b.n	20008790 <_etoa+0x240>
20008890:	9b22      	ldr	r3, [sp, #136]	@ 0x88
20008892:	069b      	lsls	r3, r3, #26
20008894:	d571      	bpl.n	2000897a <_etoa+0x42a>
20008896:	2745      	movs	r7, #69	@ 0x45
20008898:	1c46      	adds	r6, r0, #1
2000889a:	464b      	mov	r3, r9
2000889c:	0002      	movs	r2, r0
2000889e:	4651      	mov	r1, sl
200088a0:	0038      	movs	r0, r7
200088a2:	47a0      	blx	r4
200088a4:	9808      	ldr	r0, [sp, #32]
200088a6:	17c3      	asrs	r3, r0, #31
200088a8:	18c2      	adds	r2, r0, r3
200088aa:	405a      	eors	r2, r3
200088ac:	2305      	movs	r3, #5
200088ae:	9305      	str	r3, [sp, #20]
200088b0:	3d01      	subs	r5, #1
200088b2:	9504      	str	r5, [sp, #16]
200088b4:	2300      	movs	r3, #0
200088b6:	9303      	str	r3, [sp, #12]
200088b8:	330a      	adds	r3, #10
200088ba:	9302      	str	r3, [sp, #8]
200088bc:	0fc3      	lsrs	r3, r0, #31
200088be:	9301      	str	r3, [sp, #4]
200088c0:	9200      	str	r2, [sp, #0]
200088c2:	464b      	mov	r3, r9
200088c4:	0032      	movs	r2, r6
200088c6:	4651      	mov	r1, sl
200088c8:	0020      	movs	r0, r4
200088ca:	f7ff fd69 	bl	200083a0 <_ntoa_long>
200088ce:	9b0c      	ldr	r3, [sp, #48]	@ 0x30
200088d0:	2b00      	cmp	r3, #0
200088d2:	d100      	bne.n	200088d6 <_etoa+0x386>
200088d4:	e75c      	b.n	20008790 <_etoa+0x240>
200088d6:	0002      	movs	r2, r0
200088d8:	9f21      	ldr	r7, [sp, #132]	@ 0x84
200088da:	e056      	b.n	2000898a <_etoa+0x43a>
200088dc:	7fefffff 	.word	0x7fefffff
200088e0:	ffefffff 	.word	0xffefffff
200088e4:	fffffc01 	.word	0xfffffc01
200088e8:	3ff00000 	.word	0x3ff00000
200088ec:	509f79fb 	.word	0x509f79fb
200088f0:	3fd34413 	.word	0x3fd34413
200088f4:	8b60c8b3 	.word	0x8b60c8b3
200088f8:	3fc68a28 	.word	0x3fc68a28
200088fc:	3ff80000 	.word	0x3ff80000
20008900:	636f4361 	.word	0x636f4361
20008904:	3fd287a7 	.word	0x3fd287a7
20008908:	0979a371 	.word	0x0979a371
2000890c:	400a934f 	.word	0x400a934f
20008910:	3fe00000 	.word	0x3fe00000
20008914:	bbb55516 	.word	0xbbb55516
20008918:	40026bb1 	.word	0x40026bb1
2000891c:	fefa39ef 	.word	0xfefa39ef
20008920:	3fe62e42 	.word	0x3fe62e42
20008924:	000003ff 	.word	0x000003ff
20008928:	402c0000 	.word	0x402c0000
2000892c:	40240000 	.word	0x40240000
20008930:	40180000 	.word	0x40180000
20008934:	eb1c432d 	.word	0xeb1c432d
20008938:	3f1a36e2 	.word	0x3f1a36e2
2000893c:	412e8480 	.word	0x412e8480
20008940:	fffff7ff 	.word	0xfffff7ff
20008944:	9b20      	ldr	r3, [sp, #128]	@ 0x80
20008946:	2b00      	cmp	r3, #0
20008948:	d100      	bne.n	2000894c <_etoa+0x3fc>
2000894a:	e767      	b.n	2000881c <_etoa+0x2cc>
2000894c:	9b11      	ldr	r3, [sp, #68]	@ 0x44
2000894e:	2b00      	cmp	r3, #0
20008950:	d100      	bne.n	20008954 <_etoa+0x404>
20008952:	e763      	b.n	2000881c <_etoa+0x2cc>
20008954:	9b20      	ldr	r3, [sp, #128]	@ 0x80
20008956:	3b01      	subs	r3, #1
20008958:	9320      	str	r3, [sp, #128]	@ 0x80
2000895a:	e75f      	b.n	2000881c <_etoa+0x2cc>
2000895c:	2300      	movs	r3, #0
2000895e:	4698      	mov	r8, r3
20008960:	e762      	b.n	20008828 <_etoa+0x2d8>
20008962:	9e06      	ldr	r6, [sp, #24]
20008964:	9f07      	ldr	r7, [sp, #28]
20008966:	0032      	movs	r2, r6
20008968:	0039      	movs	r1, r7
2000896a:	2080      	movs	r0, #128	@ 0x80
2000896c:	0600      	lsls	r0, r0, #24
2000896e:	4684      	mov	ip, r0
20008970:	4461      	add	r1, ip
20008972:	000b      	movs	r3, r1
20008974:	9206      	str	r2, [sp, #24]
20008976:	9307      	str	r3, [sp, #28]
20008978:	e775      	b.n	20008866 <_etoa+0x316>
2000897a:	2765      	movs	r7, #101	@ 0x65
2000897c:	e78c      	b.n	20008898 <_etoa+0x348>
2000897e:	1c56      	adds	r6, r2, #1
20008980:	464b      	mov	r3, r9
20008982:	4651      	mov	r1, sl
20008984:	2020      	movs	r0, #32
20008986:	47a0      	blx	r4
20008988:	0032      	movs	r2, r6
2000898a:	465b      	mov	r3, fp
2000898c:	1ad3      	subs	r3, r2, r3
2000898e:	42bb      	cmp	r3, r7
20008990:	d3f5      	bcc.n	2000897e <_etoa+0x42e>
20008992:	0010      	movs	r0, r2
20008994:	e6fc      	b.n	20008790 <_etoa+0x240>
20008996:	46c0      	nop			@ (mov r8, r8)

20008998 <_ftoa>:
20008998:	b5f0      	push	{r4, r5, r6, r7, lr}
2000899a:	46de      	mov	lr, fp
2000899c:	4657      	mov	r7, sl
2000899e:	464e      	mov	r6, r9
200089a0:	4645      	mov	r5, r8
200089a2:	b5e0      	push	{r5, r6, r7, lr}
200089a4:	b095      	sub	sp, #84	@ 0x54
200089a6:	4681      	mov	r9, r0
200089a8:	468a      	mov	sl, r1
200089aa:	4693      	mov	fp, r2
200089ac:	930a      	str	r3, [sp, #40]	@ 0x28
200089ae:	9f20      	ldr	r7, [sp, #128]	@ 0x80
200089b0:	9a1e      	ldr	r2, [sp, #120]	@ 0x78
200089b2:	9b1f      	ldr	r3, [sp, #124]	@ 0x7c
200089b4:	0010      	movs	r0, r2
200089b6:	0019      	movs	r1, r3
200089b8:	f7fe ff35 	bl	20007826 <__wrap___aeabi_dcmpun>
200089bc:	2800      	cmp	r0, #0
200089be:	d131      	bne.n	20008a24 <_ftoa+0x8c>
200089c0:	2201      	movs	r2, #1
200089c2:	4252      	negs	r2, r2
200089c4:	4bba      	ldr	r3, [pc, #744]	@ (20008cb0 <_ftoa+0x318>)
200089c6:	981e      	ldr	r0, [sp, #120]	@ 0x78
200089c8:	991f      	ldr	r1, [sp, #124]	@ 0x7c
200089ca:	f7fe ff11 	bl	200077f0 <__wrap___aeabi_dcmplt>
200089ce:	2800      	cmp	r0, #0
200089d0:	d137      	bne.n	20008a42 <_ftoa+0xaa>
200089d2:	2201      	movs	r2, #1
200089d4:	4252      	negs	r2, r2
200089d6:	4bb7      	ldr	r3, [pc, #732]	@ (20008cb4 <_ftoa+0x31c>)
200089d8:	981e      	ldr	r0, [sp, #120]	@ 0x78
200089da:	991f      	ldr	r1, [sp, #124]	@ 0x7c
200089dc:	f7fe ff1e 	bl	2000781c <__wrap___aeabi_dcmpgt>
200089e0:	2800      	cmp	r0, #0
200089e2:	d13d      	bne.n	20008a60 <_ftoa+0xc8>
200089e4:	2200      	movs	r2, #0
200089e6:	4bb4      	ldr	r3, [pc, #720]	@ (20008cb8 <_ftoa+0x320>)
200089e8:	981e      	ldr	r0, [sp, #120]	@ 0x78
200089ea:	991f      	ldr	r1, [sp, #124]	@ 0x7c
200089ec:	f7fe ff16 	bl	2000781c <__wrap___aeabi_dcmpgt>
200089f0:	2800      	cmp	r0, #0
200089f2:	d14a      	bne.n	20008a8a <_ftoa+0xf2>
200089f4:	2200      	movs	r2, #0
200089f6:	4bb1      	ldr	r3, [pc, #708]	@ (20008cbc <_ftoa+0x324>)
200089f8:	981e      	ldr	r0, [sp, #120]	@ 0x78
200089fa:	991f      	ldr	r1, [sp, #124]	@ 0x7c
200089fc:	f7fe fef8 	bl	200077f0 <__wrap___aeabi_dcmplt>
20008a00:	2800      	cmp	r0, #0
20008a02:	d142      	bne.n	20008a8a <_ftoa+0xf2>
20008a04:	2200      	movs	r2, #0
20008a06:	2300      	movs	r3, #0
20008a08:	981e      	ldr	r0, [sp, #120]	@ 0x78
20008a0a:	991f      	ldr	r1, [sp, #124]	@ 0x7c
20008a0c:	f7fe fef0 	bl	200077f0 <__wrap___aeabi_dcmplt>
20008a10:	2800      	cmp	r0, #0
20008a12:	d14a      	bne.n	20008aaa <_ftoa+0x112>
20008a14:	2300      	movs	r3, #0
20008a16:	930b      	str	r3, [sp, #44]	@ 0x2c
20008a18:	9b22      	ldr	r3, [sp, #136]	@ 0x88
20008a1a:	055b      	lsls	r3, r3, #21
20008a1c:	d400      	bmi.n	20008a20 <_ftoa+0x88>
20008a1e:	e0af      	b.n	20008b80 <_ftoa+0x1e8>
20008a20:	2400      	movs	r4, #0
20008a22:	e052      	b.n	20008aca <_ftoa+0x132>
20008a24:	9b22      	ldr	r3, [sp, #136]	@ 0x88
20008a26:	9303      	str	r3, [sp, #12]
20008a28:	9b21      	ldr	r3, [sp, #132]	@ 0x84
20008a2a:	9302      	str	r3, [sp, #8]
20008a2c:	2303      	movs	r3, #3
20008a2e:	9301      	str	r3, [sp, #4]
20008a30:	4ba3      	ldr	r3, [pc, #652]	@ (20008cc0 <_ftoa+0x328>)
20008a32:	9300      	str	r3, [sp, #0]
20008a34:	9b0a      	ldr	r3, [sp, #40]	@ 0x28
20008a36:	465a      	mov	r2, fp
20008a38:	4651      	mov	r1, sl
20008a3a:	4648      	mov	r0, r9
20008a3c:	f7ff fbc8 	bl	200081d0 <_out_rev>
20008a40:	e11f      	b.n	20008c82 <_ftoa+0x2ea>
20008a42:	9b22      	ldr	r3, [sp, #136]	@ 0x88
20008a44:	9303      	str	r3, [sp, #12]
20008a46:	9b21      	ldr	r3, [sp, #132]	@ 0x84
20008a48:	9302      	str	r3, [sp, #8]
20008a4a:	2304      	movs	r3, #4
20008a4c:	9301      	str	r3, [sp, #4]
20008a4e:	4b9d      	ldr	r3, [pc, #628]	@ (20008cc4 <_ftoa+0x32c>)
20008a50:	9300      	str	r3, [sp, #0]
20008a52:	9b0a      	ldr	r3, [sp, #40]	@ 0x28
20008a54:	465a      	mov	r2, fp
20008a56:	4651      	mov	r1, sl
20008a58:	4648      	mov	r0, r9
20008a5a:	f7ff fbb9 	bl	200081d0 <_out_rev>
20008a5e:	e110      	b.n	20008c82 <_ftoa+0x2ea>
20008a60:	9b22      	ldr	r3, [sp, #136]	@ 0x88
20008a62:	075b      	lsls	r3, r3, #29
20008a64:	d50e      	bpl.n	20008a84 <_ftoa+0xec>
20008a66:	4b98      	ldr	r3, [pc, #608]	@ (20008cc8 <_ftoa+0x330>)
20008a68:	2204      	movs	r2, #4
20008a6a:	9922      	ldr	r1, [sp, #136]	@ 0x88
20008a6c:	9103      	str	r1, [sp, #12]
20008a6e:	9921      	ldr	r1, [sp, #132]	@ 0x84
20008a70:	9102      	str	r1, [sp, #8]
20008a72:	9201      	str	r2, [sp, #4]
20008a74:	9300      	str	r3, [sp, #0]
20008a76:	9b0a      	ldr	r3, [sp, #40]	@ 0x28
20008a78:	465a      	mov	r2, fp
20008a7a:	4651      	mov	r1, sl
20008a7c:	4648      	mov	r0, r9
20008a7e:	f7ff fba7 	bl	200081d0 <_out_rev>
20008a82:	e0fe      	b.n	20008c82 <_ftoa+0x2ea>
20008a84:	4b91      	ldr	r3, [pc, #580]	@ (20008ccc <_ftoa+0x334>)
20008a86:	2203      	movs	r2, #3
20008a88:	e7ef      	b.n	20008a6a <_ftoa+0xd2>
20008a8a:	9b22      	ldr	r3, [sp, #136]	@ 0x88
20008a8c:	9304      	str	r3, [sp, #16]
20008a8e:	9b21      	ldr	r3, [sp, #132]	@ 0x84
20008a90:	9303      	str	r3, [sp, #12]
20008a92:	9702      	str	r7, [sp, #8]
20008a94:	9b1e      	ldr	r3, [sp, #120]	@ 0x78
20008a96:	9c1f      	ldr	r4, [sp, #124]	@ 0x7c
20008a98:	9300      	str	r3, [sp, #0]
20008a9a:	9401      	str	r4, [sp, #4]
20008a9c:	9b0a      	ldr	r3, [sp, #40]	@ 0x28
20008a9e:	465a      	mov	r2, fp
20008aa0:	4651      	mov	r1, sl
20008aa2:	4648      	mov	r0, r9
20008aa4:	f7ff fd54 	bl	20008550 <_etoa>
20008aa8:	e0eb      	b.n	20008c82 <_ftoa+0x2ea>
20008aaa:	9a1e      	ldr	r2, [sp, #120]	@ 0x78
20008aac:	9b1f      	ldr	r3, [sp, #124]	@ 0x7c
20008aae:	2000      	movs	r0, #0
20008ab0:	2100      	movs	r1, #0
20008ab2:	f7fe fe2a 	bl	2000770a <__wrap___aeabi_dsub>
20008ab6:	901e      	str	r0, [sp, #120]	@ 0x78
20008ab8:	911f      	str	r1, [sp, #124]	@ 0x7c
20008aba:	2301      	movs	r3, #1
20008abc:	930b      	str	r3, [sp, #44]	@ 0x2c
20008abe:	e7ab      	b.n	20008a18 <_ftoa+0x80>
20008ac0:	ab0c      	add	r3, sp, #48	@ 0x30
20008ac2:	2230      	movs	r2, #48	@ 0x30
20008ac4:	551a      	strb	r2, [r3, r4]
20008ac6:	3f01      	subs	r7, #1
20008ac8:	3401      	adds	r4, #1
20008aca:	2c1f      	cmp	r4, #31
20008acc:	d801      	bhi.n	20008ad2 <_ftoa+0x13a>
20008ace:	2f09      	cmp	r7, #9
20008ad0:	d8f6      	bhi.n	20008ac0 <_ftoa+0x128>
20008ad2:	981e      	ldr	r0, [sp, #120]	@ 0x78
20008ad4:	991f      	ldr	r1, [sp, #124]	@ 0x7c
20008ad6:	f7fe fecf 	bl	20007878 <__wrap___aeabi_d2iz>
20008ada:	0005      	movs	r5, r0
20008adc:	f7fe feb4 	bl	20007848 <__wrap___aeabi_i2d>
20008ae0:	0002      	movs	r2, r0
20008ae2:	000b      	movs	r3, r1
20008ae4:	981e      	ldr	r0, [sp, #120]	@ 0x78
20008ae6:	991f      	ldr	r1, [sp, #124]	@ 0x7c
20008ae8:	f7fe fe0f 	bl	2000770a <__wrap___aeabi_dsub>
20008aec:	4b78      	ldr	r3, [pc, #480]	@ (20008cd0 <_ftoa+0x338>)
20008aee:	00fa      	lsls	r2, r7, #3
20008af0:	189b      	adds	r3, r3, r2
20008af2:	cb0c      	ldmia	r3, {r2, r3}
20008af4:	9208      	str	r2, [sp, #32]
20008af6:	9309      	str	r3, [sp, #36]	@ 0x24
20008af8:	f7fe fe37 	bl	2000776a <__wrap___aeabi_dmul>
20008afc:	9006      	str	r0, [sp, #24]
20008afe:	9107      	str	r1, [sp, #28]
20008b00:	f7fe fede 	bl	200078c0 <__wrap___aeabi_d2uiz>
20008b04:	0006      	movs	r6, r0
20008b06:	f7fe fe9b 	bl	20007840 <__wrap___aeabi_ui2d>
20008b0a:	0002      	movs	r2, r0
20008b0c:	000b      	movs	r3, r1
20008b0e:	9806      	ldr	r0, [sp, #24]
20008b10:	9907      	ldr	r1, [sp, #28]
20008b12:	f7fe fdfa 	bl	2000770a <__wrap___aeabi_dsub>
20008b16:	9006      	str	r0, [sp, #24]
20008b18:	9107      	str	r1, [sp, #28]
20008b1a:	2200      	movs	r2, #0
20008b1c:	4b6d      	ldr	r3, [pc, #436]	@ (20008cd4 <_ftoa+0x33c>)
20008b1e:	f7fe fe7d 	bl	2000781c <__wrap___aeabi_dcmpgt>
20008b22:	2800      	cmp	r0, #0
20008b24:	d02e      	beq.n	20008b84 <_ftoa+0x1ec>
20008b26:	3601      	adds	r6, #1
20008b28:	0030      	movs	r0, r6
20008b2a:	f7fe fe89 	bl	20007840 <__wrap___aeabi_ui2d>
20008b2e:	0002      	movs	r2, r0
20008b30:	000b      	movs	r3, r1
20008b32:	9808      	ldr	r0, [sp, #32]
20008b34:	9909      	ldr	r1, [sp, #36]	@ 0x24
20008b36:	f7fe fe61 	bl	200077fc <__wrap___aeabi_dcmple>
20008b3a:	2800      	cmp	r0, #0
20008b3c:	d001      	beq.n	20008b42 <_ftoa+0x1aa>
20008b3e:	3501      	adds	r5, #1
20008b40:	2600      	movs	r6, #0
20008b42:	2f00      	cmp	r7, #0
20008b44:	d12c      	bne.n	20008ba0 <_ftoa+0x208>
20008b46:	0028      	movs	r0, r5
20008b48:	f7fe fe7e 	bl	20007848 <__wrap___aeabi_i2d>
20008b4c:	0002      	movs	r2, r0
20008b4e:	000b      	movs	r3, r1
20008b50:	981e      	ldr	r0, [sp, #120]	@ 0x78
20008b52:	991f      	ldr	r1, [sp, #124]	@ 0x7c
20008b54:	f7fe fdd9 	bl	2000770a <__wrap___aeabi_dsub>
20008b58:	0006      	movs	r6, r0
20008b5a:	000f      	movs	r7, r1
20008b5c:	2200      	movs	r2, #0
20008b5e:	4b5d      	ldr	r3, [pc, #372]	@ (20008cd4 <_ftoa+0x33c>)
20008b60:	f7fe fe46 	bl	200077f0 <__wrap___aeabi_dcmplt>
20008b64:	2800      	cmp	r0, #0
20008b66:	d146      	bne.n	20008bf6 <_ftoa+0x25e>
20008b68:	2200      	movs	r2, #0
20008b6a:	4b5a      	ldr	r3, [pc, #360]	@ (20008cd4 <_ftoa+0x33c>)
20008b6c:	0030      	movs	r0, r6
20008b6e:	0039      	movs	r1, r7
20008b70:	f7fe fe54 	bl	2000781c <__wrap___aeabi_dcmpgt>
20008b74:	2800      	cmp	r0, #0
20008b76:	d13e      	bne.n	20008bf6 <_ftoa+0x25e>
20008b78:	07eb      	lsls	r3, r5, #31
20008b7a:	d53c      	bpl.n	20008bf6 <_ftoa+0x25e>
20008b7c:	3501      	adds	r5, #1
20008b7e:	e03a      	b.n	20008bf6 <_ftoa+0x25e>
20008b80:	2706      	movs	r7, #6
20008b82:	e74d      	b.n	20008a20 <_ftoa+0x88>
20008b84:	2200      	movs	r2, #0
20008b86:	4b53      	ldr	r3, [pc, #332]	@ (20008cd4 <_ftoa+0x33c>)
20008b88:	9806      	ldr	r0, [sp, #24]
20008b8a:	9907      	ldr	r1, [sp, #28]
20008b8c:	f7fe fe30 	bl	200077f0 <__wrap___aeabi_dcmplt>
20008b90:	2800      	cmp	r0, #0
20008b92:	d1d6      	bne.n	20008b42 <_ftoa+0x1aa>
20008b94:	2e00      	cmp	r6, #0
20008b96:	d001      	beq.n	20008b9c <_ftoa+0x204>
20008b98:	07f3      	lsls	r3, r6, #31
20008b9a:	d5d2      	bpl.n	20008b42 <_ftoa+0x1aa>
20008b9c:	3601      	adds	r6, #1
20008b9e:	e7d0      	b.n	20008b42 <_ftoa+0x1aa>
20008ba0:	46a8      	mov	r8, r5
20008ba2:	2c1f      	cmp	r4, #31
20008ba4:	d811      	bhi.n	20008bca <_ftoa+0x232>
20008ba6:	3f01      	subs	r7, #1
20008ba8:	210a      	movs	r1, #10
20008baa:	0030      	movs	r0, r6
20008bac:	f7fe fb72 	bl	20007294 <__wrap___aeabi_uidiv>
20008bb0:	1c65      	adds	r5, r4, #1
20008bb2:	3130      	adds	r1, #48	@ 0x30
20008bb4:	ab0c      	add	r3, sp, #48	@ 0x30
20008bb6:	5519      	strb	r1, [r3, r4]
20008bb8:	210a      	movs	r1, #10
20008bba:	0030      	movs	r0, r6
20008bbc:	f7fe fb6a 	bl	20007294 <__wrap___aeabi_uidiv>
20008bc0:	2e09      	cmp	r6, #9
20008bc2:	d90e      	bls.n	20008be2 <_ftoa+0x24a>
20008bc4:	0006      	movs	r6, r0
20008bc6:	002c      	movs	r4, r5
20008bc8:	e7eb      	b.n	20008ba2 <_ftoa+0x20a>
20008bca:	4645      	mov	r5, r8
20008bcc:	2c1f      	cmp	r4, #31
20008bce:	d80c      	bhi.n	20008bea <_ftoa+0x252>
20008bd0:	1e7b      	subs	r3, r7, #1
20008bd2:	2f00      	cmp	r7, #0
20008bd4:	d009      	beq.n	20008bea <_ftoa+0x252>
20008bd6:	aa0c      	add	r2, sp, #48	@ 0x30
20008bd8:	2130      	movs	r1, #48	@ 0x30
20008bda:	5511      	strb	r1, [r2, r4]
20008bdc:	001f      	movs	r7, r3
20008bde:	3401      	adds	r4, #1
20008be0:	e7f4      	b.n	20008bcc <_ftoa+0x234>
20008be2:	002b      	movs	r3, r5
20008be4:	4645      	mov	r5, r8
20008be6:	001c      	movs	r4, r3
20008be8:	e7f0      	b.n	20008bcc <_ftoa+0x234>
20008bea:	2c1f      	cmp	r4, #31
20008bec:	d803      	bhi.n	20008bf6 <_ftoa+0x25e>
20008bee:	ab0c      	add	r3, sp, #48	@ 0x30
20008bf0:	222e      	movs	r2, #46	@ 0x2e
20008bf2:	551a      	strb	r2, [r3, r4]
20008bf4:	3401      	adds	r4, #1
20008bf6:	2c1f      	cmp	r4, #31
20008bf8:	d810      	bhi.n	20008c1c <_ftoa+0x284>
20008bfa:	210a      	movs	r1, #10
20008bfc:	0028      	movs	r0, r5
20008bfe:	f7fe fb21 	bl	20007244 <__wrap___aeabi_idiv>
20008c02:	1c66      	adds	r6, r4, #1
20008c04:	3130      	adds	r1, #48	@ 0x30
20008c06:	ab0c      	add	r3, sp, #48	@ 0x30
20008c08:	5519      	strb	r1, [r3, r4]
20008c0a:	210a      	movs	r1, #10
20008c0c:	0028      	movs	r0, r5
20008c0e:	f7fe fb19 	bl	20007244 <__wrap___aeabi_idiv>
20008c12:	1e05      	subs	r5, r0, #0
20008c14:	d001      	beq.n	20008c1a <_ftoa+0x282>
20008c16:	0034      	movs	r4, r6
20008c18:	e7ed      	b.n	20008bf6 <_ftoa+0x25e>
20008c1a:	0034      	movs	r4, r6
20008c1c:	9b22      	ldr	r3, [sp, #136]	@ 0x88
20008c1e:	079b      	lsls	r3, r3, #30
20008c20:	d419      	bmi.n	20008c56 <_ftoa+0x2be>
20008c22:	9b22      	ldr	r3, [sp, #136]	@ 0x88
20008c24:	07db      	lsls	r3, r3, #31
20008c26:	d516      	bpl.n	20008c56 <_ftoa+0x2be>
20008c28:	9b21      	ldr	r3, [sp, #132]	@ 0x84
20008c2a:	2b00      	cmp	r3, #0
20008c2c:	d00e      	beq.n	20008c4c <_ftoa+0x2b4>
20008c2e:	9b0b      	ldr	r3, [sp, #44]	@ 0x2c
20008c30:	2b00      	cmp	r3, #0
20008c32:	d103      	bne.n	20008c3c <_ftoa+0x2a4>
20008c34:	330c      	adds	r3, #12
20008c36:	9a22      	ldr	r2, [sp, #136]	@ 0x88
20008c38:	4213      	tst	r3, r2
20008c3a:	d007      	beq.n	20008c4c <_ftoa+0x2b4>
20008c3c:	9b21      	ldr	r3, [sp, #132]	@ 0x84
20008c3e:	3b01      	subs	r3, #1
20008c40:	9321      	str	r3, [sp, #132]	@ 0x84
20008c42:	e003      	b.n	20008c4c <_ftoa+0x2b4>
20008c44:	ab0c      	add	r3, sp, #48	@ 0x30
20008c46:	2230      	movs	r2, #48	@ 0x30
20008c48:	551a      	strb	r2, [r3, r4]
20008c4a:	3401      	adds	r4, #1
20008c4c:	9b21      	ldr	r3, [sp, #132]	@ 0x84
20008c4e:	429c      	cmp	r4, r3
20008c50:	d201      	bcs.n	20008c56 <_ftoa+0x2be>
20008c52:	2c1f      	cmp	r4, #31
20008c54:	d9f6      	bls.n	20008c44 <_ftoa+0x2ac>
20008c56:	2c1f      	cmp	r4, #31
20008c58:	d806      	bhi.n	20008c68 <_ftoa+0x2d0>
20008c5a:	9b0b      	ldr	r3, [sp, #44]	@ 0x2c
20008c5c:	2b00      	cmp	r3, #0
20008c5e:	d017      	beq.n	20008c90 <_ftoa+0x2f8>
20008c60:	ab0c      	add	r3, sp, #48	@ 0x30
20008c62:	222d      	movs	r2, #45	@ 0x2d
20008c64:	551a      	strb	r2, [r3, r4]
20008c66:	3401      	adds	r4, #1
20008c68:	9b22      	ldr	r3, [sp, #136]	@ 0x88
20008c6a:	9303      	str	r3, [sp, #12]
20008c6c:	9b21      	ldr	r3, [sp, #132]	@ 0x84
20008c6e:	9302      	str	r3, [sp, #8]
20008c70:	9401      	str	r4, [sp, #4]
20008c72:	ab0c      	add	r3, sp, #48	@ 0x30
20008c74:	9300      	str	r3, [sp, #0]
20008c76:	9b0a      	ldr	r3, [sp, #40]	@ 0x28
20008c78:	465a      	mov	r2, fp
20008c7a:	4651      	mov	r1, sl
20008c7c:	4648      	mov	r0, r9
20008c7e:	f7ff faa7 	bl	200081d0 <_out_rev>
20008c82:	b015      	add	sp, #84	@ 0x54
20008c84:	bcf0      	pop	{r4, r5, r6, r7}
20008c86:	46bb      	mov	fp, r7
20008c88:	46b2      	mov	sl, r6
20008c8a:	46a9      	mov	r9, r5
20008c8c:	46a0      	mov	r8, r4
20008c8e:	bdf0      	pop	{r4, r5, r6, r7, pc}
20008c90:	9b22      	ldr	r3, [sp, #136]	@ 0x88
20008c92:	075b      	lsls	r3, r3, #29
20008c94:	d504      	bpl.n	20008ca0 <_ftoa+0x308>
20008c96:	ab0c      	add	r3, sp, #48	@ 0x30
20008c98:	222b      	movs	r2, #43	@ 0x2b
20008c9a:	551a      	strb	r2, [r3, r4]
20008c9c:	3401      	adds	r4, #1
20008c9e:	e7e3      	b.n	20008c68 <_ftoa+0x2d0>
20008ca0:	9b22      	ldr	r3, [sp, #136]	@ 0x88
20008ca2:	071b      	lsls	r3, r3, #28
20008ca4:	d5e0      	bpl.n	20008c68 <_ftoa+0x2d0>
20008ca6:	ab0c      	add	r3, sp, #48	@ 0x30
20008ca8:	2220      	movs	r2, #32
20008caa:	551a      	strb	r2, [r3, r4]
20008cac:	3401      	adds	r4, #1
20008cae:	e7db      	b.n	20008c68 <_ftoa+0x2d0>
20008cb0:	ffefffff 	.word	0xffefffff
20008cb4:	7fefffff 	.word	0x7fefffff
20008cb8:	41cdcd65 	.word	0x41cdcd65
20008cbc:	c1cdcd65 	.word	0xc1cdcd65
20008cc0:	2000d458 	.word	0x2000d458
20008cc4:	2000d45c 	.word	0x2000d45c
20008cc8:	2000d44c 	.word	0x2000d44c
20008ccc:	2000d454 	.word	0x2000d454
20008cd0:	2000d9d8 	.word	0x2000d9d8
20008cd4:	3fe00000 	.word	0x3fe00000

20008cd8 <_vsnprintf>:
20008cd8:	b5f0      	push	{r4, r5, r6, r7, lr}
20008cda:	46de      	mov	lr, fp
20008cdc:	4657      	mov	r7, sl
20008cde:	464e      	mov	r6, r9
20008ce0:	4645      	mov	r5, r8
20008ce2:	b5e0      	push	{r5, r6, r7, lr}
20008ce4:	b093      	sub	sp, #76	@ 0x4c
20008ce6:	4683      	mov	fp, r0
20008ce8:	468a      	mov	sl, r1
20008cea:	4690      	mov	r8, r2
20008cec:	9311      	str	r3, [sp, #68]	@ 0x44
20008cee:	2900      	cmp	r1, #0
20008cf0:	d100      	bne.n	20008cf4 <_vsnprintf+0x1c>
20008cf2:	e31a      	b.n	2000932a <_vsnprintf+0x652>
20008cf4:	2500      	movs	r5, #0
20008cf6:	465e      	mov	r6, fp
20008cf8:	9b11      	ldr	r3, [sp, #68]	@ 0x44
20008cfa:	7818      	ldrb	r0, [r3, #0]
20008cfc:	2800      	cmp	r0, #0
20008cfe:	d100      	bne.n	20008d02 <_vsnprintf+0x2a>
20008d00:	e316      	b.n	20009330 <_vsnprintf+0x658>
20008d02:	2825      	cmp	r0, #37	@ 0x25
20008d04:	d009      	beq.n	20008d1a <_vsnprintf+0x42>
20008d06:	1c6c      	adds	r4, r5, #1
20008d08:	4643      	mov	r3, r8
20008d0a:	002a      	movs	r2, r5
20008d0c:	4651      	mov	r1, sl
20008d0e:	47b0      	blx	r6
20008d10:	9b11      	ldr	r3, [sp, #68]	@ 0x44
20008d12:	3301      	adds	r3, #1
20008d14:	9311      	str	r3, [sp, #68]	@ 0x44
20008d16:	0025      	movs	r5, r4
20008d18:	e7ee      	b.n	20008cf8 <_vsnprintf+0x20>
20008d1a:	3301      	adds	r3, #1
20008d1c:	9311      	str	r3, [sp, #68]	@ 0x44
20008d1e:	2700      	movs	r7, #0
20008d20:	e012      	b.n	20008d48 <_vsnprintf+0x70>
20008d22:	2a20      	cmp	r2, #32
20008d24:	d025      	beq.n	20008d72 <_vsnprintf+0x9a>
20008d26:	2a23      	cmp	r2, #35	@ 0x23
20008d28:	d105      	bne.n	20008d36 <_vsnprintf+0x5e>
20008d2a:	2210      	movs	r2, #16
20008d2c:	4317      	orrs	r7, r2
20008d2e:	3301      	adds	r3, #1
20008d30:	9311      	str	r3, [sp, #68]	@ 0x44
20008d32:	2401      	movs	r4, #1
20008d34:	e006      	b.n	20008d44 <_vsnprintf+0x6c>
20008d36:	2400      	movs	r4, #0
20008d38:	e004      	b.n	20008d44 <_vsnprintf+0x6c>
20008d3a:	2202      	movs	r2, #2
20008d3c:	4317      	orrs	r7, r2
20008d3e:	3301      	adds	r3, #1
20008d40:	9311      	str	r3, [sp, #68]	@ 0x44
20008d42:	2401      	movs	r4, #1
20008d44:	2c00      	cmp	r4, #0
20008d46:	d01c      	beq.n	20008d82 <_vsnprintf+0xaa>
20008d48:	9b11      	ldr	r3, [sp, #68]	@ 0x44
20008d4a:	781a      	ldrb	r2, [r3, #0]
20008d4c:	2a2b      	cmp	r2, #43	@ 0x2b
20008d4e:	d00a      	beq.n	20008d66 <_vsnprintf+0x8e>
20008d50:	d9e7      	bls.n	20008d22 <_vsnprintf+0x4a>
20008d52:	2a2d      	cmp	r2, #45	@ 0x2d
20008d54:	d0f1      	beq.n	20008d3a <_vsnprintf+0x62>
20008d56:	2a30      	cmp	r2, #48	@ 0x30
20008d58:	d111      	bne.n	20008d7e <_vsnprintf+0xa6>
20008d5a:	3a2f      	subs	r2, #47	@ 0x2f
20008d5c:	4317      	orrs	r7, r2
20008d5e:	3301      	adds	r3, #1
20008d60:	9311      	str	r3, [sp, #68]	@ 0x44
20008d62:	2401      	movs	r4, #1
20008d64:	e7ee      	b.n	20008d44 <_vsnprintf+0x6c>
20008d66:	2204      	movs	r2, #4
20008d68:	4317      	orrs	r7, r2
20008d6a:	3301      	adds	r3, #1
20008d6c:	9311      	str	r3, [sp, #68]	@ 0x44
20008d6e:	2401      	movs	r4, #1
20008d70:	e7e8      	b.n	20008d44 <_vsnprintf+0x6c>
20008d72:	2208      	movs	r2, #8
20008d74:	4317      	orrs	r7, r2
20008d76:	3301      	adds	r3, #1
20008d78:	9311      	str	r3, [sp, #68]	@ 0x44
20008d7a:	2401      	movs	r4, #1
20008d7c:	e7e2      	b.n	20008d44 <_vsnprintf+0x6c>
20008d7e:	2400      	movs	r4, #0
20008d80:	e7e0      	b.n	20008d44 <_vsnprintf+0x6c>
20008d82:	9b11      	ldr	r3, [sp, #68]	@ 0x44
20008d84:	781a      	ldrb	r2, [r3, #0]
20008d86:	0013      	movs	r3, r2
20008d88:	3b30      	subs	r3, #48	@ 0x30
20008d8a:	b2db      	uxtb	r3, r3
20008d8c:	2b09      	cmp	r3, #9
20008d8e:	d915      	bls.n	20008dbc <_vsnprintf+0xe4>
20008d90:	2a2a      	cmp	r2, #42	@ 0x2a
20008d92:	d018      	beq.n	20008dc6 <_vsnprintf+0xee>
20008d94:	940b      	str	r4, [sp, #44]	@ 0x2c
20008d96:	9b11      	ldr	r3, [sp, #68]	@ 0x44
20008d98:	781a      	ldrb	r2, [r3, #0]
20008d9a:	2a2e      	cmp	r2, #46	@ 0x2e
20008d9c:	d023      	beq.n	20008de6 <_vsnprintf+0x10e>
20008d9e:	9b11      	ldr	r3, [sp, #68]	@ 0x44
20008da0:	781a      	ldrb	r2, [r3, #0]
20008da2:	2a6c      	cmp	r2, #108	@ 0x6c
20008da4:	d047      	beq.n	20008e36 <_vsnprintf+0x15e>
20008da6:	d93c      	bls.n	20008e22 <_vsnprintf+0x14a>
20008da8:	2a74      	cmp	r2, #116	@ 0x74
20008daa:	d062      	beq.n	20008e72 <_vsnprintf+0x19a>
20008dac:	2a7a      	cmp	r2, #122	@ 0x7a
20008dae:	d165      	bne.n	20008e7c <_vsnprintf+0x1a4>
20008db0:	2280      	movs	r2, #128	@ 0x80
20008db2:	0052      	lsls	r2, r2, #1
20008db4:	4317      	orrs	r7, r2
20008db6:	3301      	adds	r3, #1
20008db8:	9311      	str	r3, [sp, #68]	@ 0x44
20008dba:	e05f      	b.n	20008e7c <_vsnprintf+0x1a4>
20008dbc:	a811      	add	r0, sp, #68	@ 0x44
20008dbe:	f7ff f9f5 	bl	200081ac <_atoi>
20008dc2:	900b      	str	r0, [sp, #44]	@ 0x2c
20008dc4:	e7e7      	b.n	20008d96 <_vsnprintf+0xbe>
20008dc6:	9b1c      	ldr	r3, [sp, #112]	@ 0x70
20008dc8:	1d1a      	adds	r2, r3, #4
20008dca:	921c      	str	r2, [sp, #112]	@ 0x70
20008dcc:	681b      	ldr	r3, [r3, #0]
20008dce:	2b00      	cmp	r3, #0
20008dd0:	db04      	blt.n	20008ddc <_vsnprintf+0x104>
20008dd2:	930b      	str	r3, [sp, #44]	@ 0x2c
20008dd4:	9b11      	ldr	r3, [sp, #68]	@ 0x44
20008dd6:	3301      	adds	r3, #1
20008dd8:	9311      	str	r3, [sp, #68]	@ 0x44
20008dda:	e7dc      	b.n	20008d96 <_vsnprintf+0xbe>
20008ddc:	2202      	movs	r2, #2
20008dde:	4317      	orrs	r7, r2
20008de0:	425b      	negs	r3, r3
20008de2:	930b      	str	r3, [sp, #44]	@ 0x2c
20008de4:	e7f6      	b.n	20008dd4 <_vsnprintf+0xfc>
20008de6:	2280      	movs	r2, #128	@ 0x80
20008de8:	00d2      	lsls	r2, r2, #3
20008dea:	4317      	orrs	r7, r2
20008dec:	1c5a      	adds	r2, r3, #1
20008dee:	9211      	str	r2, [sp, #68]	@ 0x44
20008df0:	785a      	ldrb	r2, [r3, #1]
20008df2:	0013      	movs	r3, r2
20008df4:	3b30      	subs	r3, #48	@ 0x30
20008df6:	b2db      	uxtb	r3, r3
20008df8:	2b09      	cmp	r3, #9
20008dfa:	d90b      	bls.n	20008e14 <_vsnprintf+0x13c>
20008dfc:	2a2a      	cmp	r2, #42	@ 0x2a
20008dfe:	d1ce      	bne.n	20008d9e <_vsnprintf+0xc6>
20008e00:	9b1c      	ldr	r3, [sp, #112]	@ 0x70
20008e02:	1d1a      	adds	r2, r3, #4
20008e04:	921c      	str	r2, [sp, #112]	@ 0x70
20008e06:	681c      	ldr	r4, [r3, #0]
20008e08:	2c00      	cmp	r4, #0
20008e0a:	db08      	blt.n	20008e1e <_vsnprintf+0x146>
20008e0c:	9b11      	ldr	r3, [sp, #68]	@ 0x44
20008e0e:	3301      	adds	r3, #1
20008e10:	9311      	str	r3, [sp, #68]	@ 0x44
20008e12:	e7c4      	b.n	20008d9e <_vsnprintf+0xc6>
20008e14:	a811      	add	r0, sp, #68	@ 0x44
20008e16:	f7ff f9c9 	bl	200081ac <_atoi>
20008e1a:	0004      	movs	r4, r0
20008e1c:	e7bf      	b.n	20008d9e <_vsnprintf+0xc6>
20008e1e:	2400      	movs	r4, #0
20008e20:	e7f4      	b.n	20008e0c <_vsnprintf+0x134>
20008e22:	2a68      	cmp	r2, #104	@ 0x68
20008e24:	d017      	beq.n	20008e56 <_vsnprintf+0x17e>
20008e26:	2a6a      	cmp	r2, #106	@ 0x6a
20008e28:	d128      	bne.n	20008e7c <_vsnprintf+0x1a4>
20008e2a:	2280      	movs	r2, #128	@ 0x80
20008e2c:	0092      	lsls	r2, r2, #2
20008e2e:	4317      	orrs	r7, r2
20008e30:	3301      	adds	r3, #1
20008e32:	9311      	str	r3, [sp, #68]	@ 0x44
20008e34:	e022      	b.n	20008e7c <_vsnprintf+0x1a4>
20008e36:	2280      	movs	r2, #128	@ 0x80
20008e38:	0052      	lsls	r2, r2, #1
20008e3a:	433a      	orrs	r2, r7
20008e3c:	1c59      	adds	r1, r3, #1
20008e3e:	9111      	str	r1, [sp, #68]	@ 0x44
20008e40:	7859      	ldrb	r1, [r3, #1]
20008e42:	296c      	cmp	r1, #108	@ 0x6c
20008e44:	d001      	beq.n	20008e4a <_vsnprintf+0x172>
20008e46:	0017      	movs	r7, r2
20008e48:	e018      	b.n	20008e7c <_vsnprintf+0x1a4>
20008e4a:	22c0      	movs	r2, #192	@ 0xc0
20008e4c:	0092      	lsls	r2, r2, #2
20008e4e:	4317      	orrs	r7, r2
20008e50:	3302      	adds	r3, #2
20008e52:	9311      	str	r3, [sp, #68]	@ 0x44
20008e54:	e012      	b.n	20008e7c <_vsnprintf+0x1a4>
20008e56:	2280      	movs	r2, #128	@ 0x80
20008e58:	433a      	orrs	r2, r7
20008e5a:	1c59      	adds	r1, r3, #1
20008e5c:	9111      	str	r1, [sp, #68]	@ 0x44
20008e5e:	7859      	ldrb	r1, [r3, #1]
20008e60:	2968      	cmp	r1, #104	@ 0x68
20008e62:	d001      	beq.n	20008e68 <_vsnprintf+0x190>
20008e64:	0017      	movs	r7, r2
20008e66:	e009      	b.n	20008e7c <_vsnprintf+0x1a4>
20008e68:	22c0      	movs	r2, #192	@ 0xc0
20008e6a:	4317      	orrs	r7, r2
20008e6c:	3302      	adds	r3, #2
20008e6e:	9311      	str	r3, [sp, #68]	@ 0x44
20008e70:	e004      	b.n	20008e7c <_vsnprintf+0x1a4>
20008e72:	2280      	movs	r2, #128	@ 0x80
20008e74:	0052      	lsls	r2, r2, #1
20008e76:	4317      	orrs	r7, r2
20008e78:	3301      	adds	r3, #1
20008e7a:	9311      	str	r3, [sp, #68]	@ 0x44
20008e7c:	9b11      	ldr	r3, [sp, #68]	@ 0x44
20008e7e:	7818      	ldrb	r0, [r3, #0]
20008e80:	2865      	cmp	r0, #101	@ 0x65
20008e82:	d040      	beq.n	20008f06 <_vsnprintf+0x22e>
20008e84:	d877      	bhi.n	20008f76 <_vsnprintf+0x29e>
20008e86:	2846      	cmp	r0, #70	@ 0x46
20008e88:	d100      	bne.n	20008e8c <_vsnprintf+0x1b4>
20008e8a:	e08b      	b.n	20008fa4 <_vsnprintf+0x2cc>
20008e8c:	d91b      	bls.n	20008ec6 <_vsnprintf+0x1ee>
20008e8e:	2863      	cmp	r0, #99	@ 0x63
20008e90:	d131      	bne.n	20008ef6 <_vsnprintf+0x21e>
20008e92:	2302      	movs	r3, #2
20008e94:	001a      	movs	r2, r3
20008e96:	403a      	ands	r2, r7
20008e98:	4691      	mov	r9, r2
20008e9a:	423b      	tst	r3, r7
20008e9c:	d100      	bne.n	20008ea0 <_vsnprintf+0x1c8>
20008e9e:	e1b0      	b.n	20009202 <_vsnprintf+0x52a>
20008ea0:	2401      	movs	r4, #1
20008ea2:	9b1c      	ldr	r3, [sp, #112]	@ 0x70
20008ea4:	1d1a      	adds	r2, r3, #4
20008ea6:	921c      	str	r2, [sp, #112]	@ 0x70
20008ea8:	1c6f      	adds	r7, r5, #1
20008eaa:	7818      	ldrb	r0, [r3, #0]
20008eac:	4643      	mov	r3, r8
20008eae:	002a      	movs	r2, r5
20008eb0:	4651      	mov	r1, sl
20008eb2:	47b0      	blx	r6
20008eb4:	464b      	mov	r3, r9
20008eb6:	2b00      	cmp	r3, #0
20008eb8:	d000      	beq.n	20008ebc <_vsnprintf+0x1e4>
20008eba:	e1a6      	b.n	2000920a <_vsnprintf+0x532>
20008ebc:	9b11      	ldr	r3, [sp, #68]	@ 0x44
20008ebe:	3301      	adds	r3, #1
20008ec0:	9311      	str	r3, [sp, #68]	@ 0x44
20008ec2:	003d      	movs	r5, r7
20008ec4:	e718      	b.n	20008cf8 <_vsnprintf+0x20>
20008ec6:	2825      	cmp	r0, #37	@ 0x25
20008ec8:	d109      	bne.n	20008ede <_vsnprintf+0x206>
20008eca:	1c6c      	adds	r4, r5, #1
20008ecc:	4643      	mov	r3, r8
20008ece:	002a      	movs	r2, r5
20008ed0:	4651      	mov	r1, sl
20008ed2:	47b0      	blx	r6
20008ed4:	9b11      	ldr	r3, [sp, #68]	@ 0x44
20008ed6:	3301      	adds	r3, #1
20008ed8:	9311      	str	r3, [sp, #68]	@ 0x44
20008eda:	0025      	movs	r5, r4
20008edc:	e70c      	b.n	20008cf8 <_vsnprintf+0x20>
20008ede:	2845      	cmp	r0, #69	@ 0x45
20008ee0:	d011      	beq.n	20008f06 <_vsnprintf+0x22e>
20008ee2:	1c6c      	adds	r4, r5, #1
20008ee4:	4643      	mov	r3, r8
20008ee6:	002a      	movs	r2, r5
20008ee8:	4651      	mov	r1, sl
20008eea:	47b0      	blx	r6
20008eec:	9b11      	ldr	r3, [sp, #68]	@ 0x44
20008eee:	3301      	adds	r3, #1
20008ef0:	9311      	str	r3, [sp, #68]	@ 0x44
20008ef2:	0025      	movs	r5, r4
20008ef4:	e700      	b.n	20008cf8 <_vsnprintf+0x20>
20008ef6:	2863      	cmp	r0, #99	@ 0x63
20008ef8:	d82b      	bhi.n	20008f52 <_vsnprintf+0x27a>
20008efa:	2858      	cmp	r0, #88	@ 0x58
20008efc:	d02b      	beq.n	20008f56 <_vsnprintf+0x27e>
20008efe:	2862      	cmp	r0, #98	@ 0x62
20008f00:	d029      	beq.n	20008f56 <_vsnprintf+0x27e>
20008f02:	2847      	cmp	r0, #71	@ 0x47
20008f04:	d1ed      	bne.n	20008ee2 <_vsnprintf+0x20a>
20008f06:	2867      	cmp	r0, #103	@ 0x67
20008f08:	d001      	beq.n	20008f0e <_vsnprintf+0x236>
20008f0a:	2847      	cmp	r0, #71	@ 0x47
20008f0c:	d102      	bne.n	20008f14 <_vsnprintf+0x23c>
20008f0e:	2380      	movs	r3, #128	@ 0x80
20008f10:	011b      	lsls	r3, r3, #4
20008f12:	431f      	orrs	r7, r3
20008f14:	2845      	cmp	r0, #69	@ 0x45
20008f16:	d001      	beq.n	20008f1c <_vsnprintf+0x244>
20008f18:	2847      	cmp	r0, #71	@ 0x47
20008f1a:	d101      	bne.n	20008f20 <_vsnprintf+0x248>
20008f1c:	2320      	movs	r3, #32
20008f1e:	431f      	orrs	r7, r3
20008f20:	9b1c      	ldr	r3, [sp, #112]	@ 0x70
20008f22:	3307      	adds	r3, #7
20008f24:	2207      	movs	r2, #7
20008f26:	4393      	bics	r3, r2
20008f28:	001a      	movs	r2, r3
20008f2a:	3208      	adds	r2, #8
20008f2c:	921c      	str	r2, [sp, #112]	@ 0x70
20008f2e:	9704      	str	r7, [sp, #16]
20008f30:	9a0b      	ldr	r2, [sp, #44]	@ 0x2c
20008f32:	9203      	str	r2, [sp, #12]
20008f34:	9402      	str	r4, [sp, #8]
20008f36:	cb0c      	ldmia	r3, {r2, r3}
20008f38:	9200      	str	r2, [sp, #0]
20008f3a:	9301      	str	r3, [sp, #4]
20008f3c:	4643      	mov	r3, r8
20008f3e:	002a      	movs	r2, r5
20008f40:	4651      	mov	r1, sl
20008f42:	0030      	movs	r0, r6
20008f44:	f7ff fb04 	bl	20008550 <_etoa>
20008f48:	0005      	movs	r5, r0
20008f4a:	9b11      	ldr	r3, [sp, #68]	@ 0x44
20008f4c:	3301      	adds	r3, #1
20008f4e:	9311      	str	r3, [sp, #68]	@ 0x44
20008f50:	e6d2      	b.n	20008cf8 <_vsnprintf+0x20>
20008f52:	2864      	cmp	r0, #100	@ 0x64
20008f54:	d1c5      	bne.n	20008ee2 <_vsnprintf+0x20a>
20008f56:	2878      	cmp	r0, #120	@ 0x78
20008f58:	d04d      	beq.n	20008ff6 <_vsnprintf+0x31e>
20008f5a:	2858      	cmp	r0, #88	@ 0x58
20008f5c:	d100      	bne.n	20008f60 <_vsnprintf+0x288>
20008f5e:	e07c      	b.n	2000905a <_vsnprintf+0x382>
20008f60:	286f      	cmp	r0, #111	@ 0x6f
20008f62:	d100      	bne.n	20008f66 <_vsnprintf+0x28e>
20008f64:	e07c      	b.n	20009060 <_vsnprintf+0x388>
20008f66:	2862      	cmp	r0, #98	@ 0x62
20008f68:	d100      	bne.n	20008f6c <_vsnprintf+0x294>
20008f6a:	e07c      	b.n	20009066 <_vsnprintf+0x38e>
20008f6c:	2310      	movs	r3, #16
20008f6e:	439f      	bics	r7, r3
20008f70:	3b06      	subs	r3, #6
20008f72:	469c      	mov	ip, r3
20008f74:	e041      	b.n	20008ffa <_vsnprintf+0x322>
20008f76:	2870      	cmp	r0, #112	@ 0x70
20008f78:	d100      	bne.n	20008f7c <_vsnprintf+0x2a4>
20008f7a:	e1bc      	b.n	200092f6 <_vsnprintf+0x61e>
20008f7c:	d90d      	bls.n	20008f9a <_vsnprintf+0x2c2>
20008f7e:	2873      	cmp	r0, #115	@ 0x73
20008f80:	d131      	bne.n	20008fe6 <_vsnprintf+0x30e>
20008f82:	9b1c      	ldr	r3, [sp, #112]	@ 0x70
20008f84:	1d1a      	adds	r2, r3, #4
20008f86:	921c      	str	r2, [sp, #112]	@ 0x70
20008f88:	681b      	ldr	r3, [r3, #0]
20008f8a:	469b      	mov	fp, r3
20008f8c:	2c00      	cmp	r4, #0
20008f8e:	d000      	beq.n	20008f92 <_vsnprintf+0x2ba>
20008f90:	e16e      	b.n	20009270 <_vsnprintf+0x598>
20008f92:	2201      	movs	r2, #1
20008f94:	4252      	negs	r2, r2
20008f96:	465b      	mov	r3, fp
20008f98:	e14a      	b.n	20009230 <_vsnprintf+0x558>
20008f9a:	2867      	cmp	r0, #103	@ 0x67
20008f9c:	d0b3      	beq.n	20008f06 <_vsnprintf+0x22e>
20008f9e:	d81d      	bhi.n	20008fdc <_vsnprintf+0x304>
20008fa0:	2866      	cmp	r0, #102	@ 0x66
20008fa2:	d19e      	bne.n	20008ee2 <_vsnprintf+0x20a>
20008fa4:	2846      	cmp	r0, #70	@ 0x46
20008fa6:	d100      	bne.n	20008faa <_vsnprintf+0x2d2>
20008fa8:	e11c      	b.n	200091e4 <_vsnprintf+0x50c>
20008faa:	9b1c      	ldr	r3, [sp, #112]	@ 0x70
20008fac:	3307      	adds	r3, #7
20008fae:	2207      	movs	r2, #7
20008fb0:	4393      	bics	r3, r2
20008fb2:	001a      	movs	r2, r3
20008fb4:	3208      	adds	r2, #8
20008fb6:	921c      	str	r2, [sp, #112]	@ 0x70
20008fb8:	9704      	str	r7, [sp, #16]
20008fba:	9a0b      	ldr	r2, [sp, #44]	@ 0x2c
20008fbc:	9203      	str	r2, [sp, #12]
20008fbe:	9402      	str	r4, [sp, #8]
20008fc0:	cb0c      	ldmia	r3, {r2, r3}
20008fc2:	9200      	str	r2, [sp, #0]
20008fc4:	9301      	str	r3, [sp, #4]
20008fc6:	4643      	mov	r3, r8
20008fc8:	002a      	movs	r2, r5
20008fca:	4651      	mov	r1, sl
20008fcc:	0030      	movs	r0, r6
20008fce:	f7ff fce3 	bl	20008998 <_ftoa>
20008fd2:	0005      	movs	r5, r0
20008fd4:	9b11      	ldr	r3, [sp, #68]	@ 0x44
20008fd6:	3301      	adds	r3, #1
20008fd8:	9311      	str	r3, [sp, #68]	@ 0x44
20008fda:	e68d      	b.n	20008cf8 <_vsnprintf+0x20>
20008fdc:	2869      	cmp	r0, #105	@ 0x69
20008fde:	d0ba      	beq.n	20008f56 <_vsnprintf+0x27e>
20008fe0:	286f      	cmp	r0, #111	@ 0x6f
20008fe2:	d0b8      	beq.n	20008f56 <_vsnprintf+0x27e>
20008fe4:	e77d      	b.n	20008ee2 <_vsnprintf+0x20a>
20008fe6:	2873      	cmp	r0, #115	@ 0x73
20008fe8:	d200      	bcs.n	20008fec <_vsnprintf+0x314>
20008fea:	e77a      	b.n	20008ee2 <_vsnprintf+0x20a>
20008fec:	2875      	cmp	r0, #117	@ 0x75
20008fee:	d0b2      	beq.n	20008f56 <_vsnprintf+0x27e>
20008ff0:	2878      	cmp	r0, #120	@ 0x78
20008ff2:	d0b0      	beq.n	20008f56 <_vsnprintf+0x27e>
20008ff4:	e775      	b.n	20008ee2 <_vsnprintf+0x20a>
20008ff6:	2310      	movs	r3, #16
20008ff8:	469c      	mov	ip, r3
20008ffa:	2858      	cmp	r0, #88	@ 0x58
20008ffc:	d036      	beq.n	2000906c <_vsnprintf+0x394>
20008ffe:	2869      	cmp	r0, #105	@ 0x69
20009000:	d003      	beq.n	2000900a <_vsnprintf+0x332>
20009002:	2864      	cmp	r0, #100	@ 0x64
20009004:	d001      	beq.n	2000900a <_vsnprintf+0x332>
20009006:	220c      	movs	r2, #12
20009008:	4397      	bics	r7, r2
2000900a:	057a      	lsls	r2, r7, #21
2000900c:	d501      	bpl.n	20009012 <_vsnprintf+0x33a>
2000900e:	2201      	movs	r2, #1
20009010:	4397      	bics	r7, r2
20009012:	2869      	cmp	r0, #105	@ 0x69
20009014:	d02d      	beq.n	20009072 <_vsnprintf+0x39a>
20009016:	2864      	cmp	r0, #100	@ 0x64
20009018:	d02b      	beq.n	20009072 <_vsnprintf+0x39a>
2000901a:	05ba      	lsls	r2, r7, #22
2000901c:	d500      	bpl.n	20009020 <_vsnprintf+0x348>
2000901e:	e0a3      	b.n	20009168 <_vsnprintf+0x490>
20009020:	05fa      	lsls	r2, r7, #23
20009022:	d500      	bpl.n	20009026 <_vsnprintf+0x34e>
20009024:	e0bb      	b.n	2000919e <_vsnprintf+0x4c6>
20009026:	067a      	lsls	r2, r7, #25
20009028:	d400      	bmi.n	2000902c <_vsnprintf+0x354>
2000902a:	e0cd      	b.n	200091c8 <_vsnprintf+0x4f0>
2000902c:	9a1c      	ldr	r2, [sp, #112]	@ 0x70
2000902e:	1d11      	adds	r1, r2, #4
20009030:	911c      	str	r1, [sp, #112]	@ 0x70
20009032:	6811      	ldr	r1, [r2, #0]
20009034:	22ff      	movs	r2, #255	@ 0xff
20009036:	400a      	ands	r2, r1
20009038:	9705      	str	r7, [sp, #20]
2000903a:	9b0b      	ldr	r3, [sp, #44]	@ 0x2c
2000903c:	9304      	str	r3, [sp, #16]
2000903e:	9403      	str	r4, [sp, #12]
20009040:	4663      	mov	r3, ip
20009042:	9302      	str	r3, [sp, #8]
20009044:	2300      	movs	r3, #0
20009046:	9301      	str	r3, [sp, #4]
20009048:	9200      	str	r2, [sp, #0]
2000904a:	4643      	mov	r3, r8
2000904c:	002a      	movs	r2, r5
2000904e:	4651      	mov	r1, sl
20009050:	0030      	movs	r0, r6
20009052:	f7ff f9a5 	bl	200083a0 <_ntoa_long>
20009056:	0005      	movs	r5, r0
20009058:	e02a      	b.n	200090b0 <_vsnprintf+0x3d8>
2000905a:	2310      	movs	r3, #16
2000905c:	469c      	mov	ip, r3
2000905e:	e7cc      	b.n	20008ffa <_vsnprintf+0x322>
20009060:	2308      	movs	r3, #8
20009062:	469c      	mov	ip, r3
20009064:	e7c9      	b.n	20008ffa <_vsnprintf+0x322>
20009066:	2302      	movs	r3, #2
20009068:	469c      	mov	ip, r3
2000906a:	e7c6      	b.n	20008ffa <_vsnprintf+0x322>
2000906c:	2220      	movs	r2, #32
2000906e:	4317      	orrs	r7, r2
20009070:	e7c5      	b.n	20008ffe <_vsnprintf+0x326>
20009072:	05ba      	lsls	r2, r7, #22
20009074:	d420      	bmi.n	200090b8 <_vsnprintf+0x3e0>
20009076:	05fa      	lsls	r2, r7, #23
20009078:	d451      	bmi.n	2000911e <_vsnprintf+0x446>
2000907a:	067a      	lsls	r2, r7, #25
2000907c:	d567      	bpl.n	2000914e <_vsnprintf+0x476>
2000907e:	9a1c      	ldr	r2, [sp, #112]	@ 0x70
20009080:	1d11      	adds	r1, r2, #4
20009082:	911c      	str	r1, [sp, #112]	@ 0x70
20009084:	6811      	ldr	r1, [r2, #0]
20009086:	22ff      	movs	r2, #255	@ 0xff
20009088:	400a      	ands	r2, r1
2000908a:	17d0      	asrs	r0, r2, #31
2000908c:	1811      	adds	r1, r2, r0
2000908e:	4041      	eors	r1, r0
20009090:	9705      	str	r7, [sp, #20]
20009092:	9b0b      	ldr	r3, [sp, #44]	@ 0x2c
20009094:	9304      	str	r3, [sp, #16]
20009096:	9403      	str	r4, [sp, #12]
20009098:	4663      	mov	r3, ip
2000909a:	9302      	str	r3, [sp, #8]
2000909c:	0fd2      	lsrs	r2, r2, #31
2000909e:	9201      	str	r2, [sp, #4]
200090a0:	9100      	str	r1, [sp, #0]
200090a2:	4643      	mov	r3, r8
200090a4:	002a      	movs	r2, r5
200090a6:	4651      	mov	r1, sl
200090a8:	0030      	movs	r0, r6
200090aa:	f7ff f979 	bl	200083a0 <_ntoa_long>
200090ae:	0005      	movs	r5, r0
200090b0:	9b11      	ldr	r3, [sp, #68]	@ 0x44
200090b2:	3301      	adds	r3, #1
200090b4:	9311      	str	r3, [sp, #68]	@ 0x44
200090b6:	e61f      	b.n	20008cf8 <_vsnprintf+0x20>
200090b8:	9a1c      	ldr	r2, [sp, #112]	@ 0x70
200090ba:	3207      	adds	r2, #7
200090bc:	2107      	movs	r1, #7
200090be:	438a      	bics	r2, r1
200090c0:	0011      	movs	r1, r2
200090c2:	3108      	adds	r1, #8
200090c4:	911c      	str	r1, [sp, #112]	@ 0x70
200090c6:	6811      	ldr	r1, [r2, #0]
200090c8:	6853      	ldr	r3, [r2, #4]
200090ca:	4699      	mov	r9, r3
200090cc:	17db      	asrs	r3, r3, #31
200090ce:	930c      	str	r3, [sp, #48]	@ 0x30
200090d0:	930d      	str	r3, [sp, #52]	@ 0x34
200090d2:	9a0c      	ldr	r2, [sp, #48]	@ 0x30
200090d4:	9b0d      	ldr	r3, [sp, #52]	@ 0x34
200090d6:	0010      	movs	r0, r2
200090d8:	4048      	eors	r0, r1
200090da:	900e      	str	r0, [sp, #56]	@ 0x38
200090dc:	9b0d      	ldr	r3, [sp, #52]	@ 0x34
200090de:	4649      	mov	r1, r9
200090e0:	404b      	eors	r3, r1
200090e2:	930f      	str	r3, [sp, #60]	@ 0x3c
200090e4:	980e      	ldr	r0, [sp, #56]	@ 0x38
200090e6:	990f      	ldr	r1, [sp, #60]	@ 0x3c
200090e8:	9a0c      	ldr	r2, [sp, #48]	@ 0x30
200090ea:	9b0d      	ldr	r3, [sp, #52]	@ 0x34
200090ec:	1a80      	subs	r0, r0, r2
200090ee:	4199      	sbcs	r1, r3
200090f0:	900e      	str	r0, [sp, #56]	@ 0x38
200090f2:	910f      	str	r1, [sp, #60]	@ 0x3c
200090f4:	9708      	str	r7, [sp, #32]
200090f6:	9b0b      	ldr	r3, [sp, #44]	@ 0x2c
200090f8:	9307      	str	r3, [sp, #28]
200090fa:	9406      	str	r4, [sp, #24]
200090fc:	4663      	mov	r3, ip
200090fe:	9304      	str	r3, [sp, #16]
20009100:	2300      	movs	r3, #0
20009102:	9305      	str	r3, [sp, #20]
20009104:	464b      	mov	r3, r9
20009106:	0fda      	lsrs	r2, r3, #31
20009108:	9202      	str	r2, [sp, #8]
2000910a:	9000      	str	r0, [sp, #0]
2000910c:	9101      	str	r1, [sp, #4]
2000910e:	4643      	mov	r3, r8
20009110:	002a      	movs	r2, r5
20009112:	4651      	mov	r1, sl
20009114:	0030      	movs	r0, r6
20009116:	f7ff f99f 	bl	20008458 <_ntoa_long_long>
2000911a:	0005      	movs	r5, r0
2000911c:	e7c8      	b.n	200090b0 <_vsnprintf+0x3d8>
2000911e:	9a1c      	ldr	r2, [sp, #112]	@ 0x70
20009120:	1d11      	adds	r1, r2, #4
20009122:	911c      	str	r1, [sp, #112]	@ 0x70
20009124:	6812      	ldr	r2, [r2, #0]
20009126:	17d0      	asrs	r0, r2, #31
20009128:	1811      	adds	r1, r2, r0
2000912a:	4041      	eors	r1, r0
2000912c:	9705      	str	r7, [sp, #20]
2000912e:	9b0b      	ldr	r3, [sp, #44]	@ 0x2c
20009130:	9304      	str	r3, [sp, #16]
20009132:	9403      	str	r4, [sp, #12]
20009134:	4663      	mov	r3, ip
20009136:	9302      	str	r3, [sp, #8]
20009138:	0fd2      	lsrs	r2, r2, #31
2000913a:	9201      	str	r2, [sp, #4]
2000913c:	9100      	str	r1, [sp, #0]
2000913e:	4643      	mov	r3, r8
20009140:	002a      	movs	r2, r5
20009142:	4651      	mov	r1, sl
20009144:	0030      	movs	r0, r6
20009146:	f7ff f92b 	bl	200083a0 <_ntoa_long>
2000914a:	0005      	movs	r5, r0
2000914c:	e7b0      	b.n	200090b0 <_vsnprintf+0x3d8>
2000914e:	063a      	lsls	r2, r7, #24
20009150:	d505      	bpl.n	2000915e <_vsnprintf+0x486>
20009152:	9a1c      	ldr	r2, [sp, #112]	@ 0x70
20009154:	1d11      	adds	r1, r2, #4
20009156:	911c      	str	r1, [sp, #112]	@ 0x70
20009158:	2300      	movs	r3, #0
2000915a:	5ed2      	ldrsh	r2, [r2, r3]
2000915c:	e795      	b.n	2000908a <_vsnprintf+0x3b2>
2000915e:	9a1c      	ldr	r2, [sp, #112]	@ 0x70
20009160:	1d11      	adds	r1, r2, #4
20009162:	911c      	str	r1, [sp, #112]	@ 0x70
20009164:	6812      	ldr	r2, [r2, #0]
20009166:	e790      	b.n	2000908a <_vsnprintf+0x3b2>
20009168:	9a1c      	ldr	r2, [sp, #112]	@ 0x70
2000916a:	3207      	adds	r2, #7
2000916c:	2107      	movs	r1, #7
2000916e:	438a      	bics	r2, r1
20009170:	0011      	movs	r1, r2
20009172:	3108      	adds	r1, #8
20009174:	911c      	str	r1, [sp, #112]	@ 0x70
20009176:	9708      	str	r7, [sp, #32]
20009178:	9b0b      	ldr	r3, [sp, #44]	@ 0x2c
2000917a:	9307      	str	r3, [sp, #28]
2000917c:	9406      	str	r4, [sp, #24]
2000917e:	4663      	mov	r3, ip
20009180:	9304      	str	r3, [sp, #16]
20009182:	2300      	movs	r3, #0
20009184:	9305      	str	r3, [sp, #20]
20009186:	9302      	str	r3, [sp, #8]
20009188:	ca0c      	ldmia	r2, {r2, r3}
2000918a:	9200      	str	r2, [sp, #0]
2000918c:	9301      	str	r3, [sp, #4]
2000918e:	4643      	mov	r3, r8
20009190:	002a      	movs	r2, r5
20009192:	4651      	mov	r1, sl
20009194:	0030      	movs	r0, r6
20009196:	f7ff f95f 	bl	20008458 <_ntoa_long_long>
2000919a:	0005      	movs	r5, r0
2000919c:	e788      	b.n	200090b0 <_vsnprintf+0x3d8>
2000919e:	9a1c      	ldr	r2, [sp, #112]	@ 0x70
200091a0:	1d11      	adds	r1, r2, #4
200091a2:	911c      	str	r1, [sp, #112]	@ 0x70
200091a4:	9705      	str	r7, [sp, #20]
200091a6:	9b0b      	ldr	r3, [sp, #44]	@ 0x2c
200091a8:	9304      	str	r3, [sp, #16]
200091aa:	9403      	str	r4, [sp, #12]
200091ac:	4663      	mov	r3, ip
200091ae:	9302      	str	r3, [sp, #8]
200091b0:	2300      	movs	r3, #0
200091b2:	9301      	str	r3, [sp, #4]
200091b4:	6813      	ldr	r3, [r2, #0]
200091b6:	9300      	str	r3, [sp, #0]
200091b8:	4643      	mov	r3, r8
200091ba:	002a      	movs	r2, r5
200091bc:	4651      	mov	r1, sl
200091be:	0030      	movs	r0, r6
200091c0:	f7ff f8ee 	bl	200083a0 <_ntoa_long>
200091c4:	0005      	movs	r5, r0
200091c6:	e773      	b.n	200090b0 <_vsnprintf+0x3d8>
200091c8:	063a      	lsls	r2, r7, #24
200091ca:	d506      	bpl.n	200091da <_vsnprintf+0x502>
200091cc:	9a1c      	ldr	r2, [sp, #112]	@ 0x70
200091ce:	1d11      	adds	r1, r2, #4
200091d0:	911c      	str	r1, [sp, #112]	@ 0x70
200091d2:	6812      	ldr	r2, [r2, #0]
200091d4:	0412      	lsls	r2, r2, #16
200091d6:	0c12      	lsrs	r2, r2, #16
200091d8:	e72e      	b.n	20009038 <_vsnprintf+0x360>
200091da:	9a1c      	ldr	r2, [sp, #112]	@ 0x70
200091dc:	1d11      	adds	r1, r2, #4
200091de:	911c      	str	r1, [sp, #112]	@ 0x70
200091e0:	6812      	ldr	r2, [r2, #0]
200091e2:	e729      	b.n	20009038 <_vsnprintf+0x360>
200091e4:	2320      	movs	r3, #32
200091e6:	431f      	orrs	r7, r3
200091e8:	e6df      	b.n	20008faa <_vsnprintf+0x2d2>
200091ea:	1c57      	adds	r7, r2, #1
200091ec:	4643      	mov	r3, r8
200091ee:	4651      	mov	r1, sl
200091f0:	2020      	movs	r0, #32
200091f2:	47b0      	blx	r6
200091f4:	0023      	movs	r3, r4
200091f6:	003a      	movs	r2, r7
200091f8:	1c5c      	adds	r4, r3, #1
200091fa:	429d      	cmp	r5, r3
200091fc:	d8f5      	bhi.n	200091ea <_vsnprintf+0x512>
200091fe:	0015      	movs	r5, r2
20009200:	e64f      	b.n	20008ea2 <_vsnprintf+0x1ca>
20009202:	2301      	movs	r3, #1
20009204:	002a      	movs	r2, r5
20009206:	9d0b      	ldr	r5, [sp, #44]	@ 0x2c
20009208:	e7f6      	b.n	200091f8 <_vsnprintf+0x520>
2000920a:	003a      	movs	r2, r7
2000920c:	46b1      	mov	r9, r6
2000920e:	9e0b      	ldr	r6, [sp, #44]	@ 0x2c
20009210:	e006      	b.n	20009220 <_vsnprintf+0x548>
20009212:	1c57      	adds	r7, r2, #1
20009214:	4643      	mov	r3, r8
20009216:	4651      	mov	r1, sl
20009218:	2020      	movs	r0, #32
2000921a:	47c8      	blx	r9
2000921c:	002c      	movs	r4, r5
2000921e:	003a      	movs	r2, r7
20009220:	1c65      	adds	r5, r4, #1
20009222:	42a6      	cmp	r6, r4
20009224:	d8f5      	bhi.n	20009212 <_vsnprintf+0x53a>
20009226:	0017      	movs	r7, r2
20009228:	464e      	mov	r6, r9
2000922a:	e647      	b.n	20008ebc <_vsnprintf+0x1e4>
2000922c:	3301      	adds	r3, #1
2000922e:	000a      	movs	r2, r1
20009230:	7819      	ldrb	r1, [r3, #0]
20009232:	2900      	cmp	r1, #0
20009234:	d002      	beq.n	2000923c <_vsnprintf+0x564>
20009236:	1e51      	subs	r1, r2, #1
20009238:	2a00      	cmp	r2, #0
2000923a:	d1f7      	bne.n	2000922c <_vsnprintf+0x554>
2000923c:	465a      	mov	r2, fp
2000923e:	1a9b      	subs	r3, r3, r2
20009240:	2280      	movs	r2, #128	@ 0x80
20009242:	00d2      	lsls	r2, r2, #3
20009244:	0039      	movs	r1, r7
20009246:	4011      	ands	r1, r2
20009248:	4689      	mov	r9, r1
2000924a:	4217      	tst	r7, r2
2000924c:	d002      	beq.n	20009254 <_vsnprintf+0x57c>
2000924e:	42a3      	cmp	r3, r4
20009250:	d900      	bls.n	20009254 <_vsnprintf+0x57c>
20009252:	0023      	movs	r3, r4
20009254:	2202      	movs	r2, #2
20009256:	0011      	movs	r1, r2
20009258:	4039      	ands	r1, r7
2000925a:	9110      	str	r1, [sp, #64]	@ 0x40
2000925c:	423a      	tst	r2, r7
2000925e:	d009      	beq.n	20009274 <_vsnprintf+0x59c>
20009260:	002a      	movs	r2, r5
20009262:	0025      	movs	r5, r4
20009264:	465f      	mov	r7, fp
20009266:	469b      	mov	fp, r3
20009268:	0033      	movs	r3, r6
2000926a:	464e      	mov	r6, r9
2000926c:	4699      	mov	r9, r3
2000926e:	e021      	b.n	200092b4 <_vsnprintf+0x5dc>
20009270:	0022      	movs	r2, r4
20009272:	e690      	b.n	20008f96 <_vsnprintf+0x2be>
20009274:	002a      	movs	r2, r5
20009276:	4655      	mov	r5, sl
20009278:	46a2      	mov	sl, r4
2000927a:	e006      	b.n	2000928a <_vsnprintf+0x5b2>
2000927c:	1c54      	adds	r4, r2, #1
2000927e:	4643      	mov	r3, r8
20009280:	0029      	movs	r1, r5
20009282:	2020      	movs	r0, #32
20009284:	47b0      	blx	r6
20009286:	003b      	movs	r3, r7
20009288:	0022      	movs	r2, r4
2000928a:	1c5f      	adds	r7, r3, #1
2000928c:	990b      	ldr	r1, [sp, #44]	@ 0x2c
2000928e:	4299      	cmp	r1, r3
20009290:	d8f4      	bhi.n	2000927c <_vsnprintf+0x5a4>
20009292:	4654      	mov	r4, sl
20009294:	46aa      	mov	sl, r5
20009296:	003b      	movs	r3, r7
20009298:	0025      	movs	r5, r4
2000929a:	465f      	mov	r7, fp
2000929c:	469b      	mov	fp, r3
2000929e:	0033      	movs	r3, r6
200092a0:	464e      	mov	r6, r9
200092a2:	4699      	mov	r9, r3
200092a4:	e006      	b.n	200092b4 <_vsnprintf+0x5dc>
200092a6:	001d      	movs	r5, r3
200092a8:	3701      	adds	r7, #1
200092aa:	1c54      	adds	r4, r2, #1
200092ac:	4643      	mov	r3, r8
200092ae:	4651      	mov	r1, sl
200092b0:	47c8      	blx	r9
200092b2:	0022      	movs	r2, r4
200092b4:	7838      	ldrb	r0, [r7, #0]
200092b6:	2800      	cmp	r0, #0
200092b8:	d004      	beq.n	200092c4 <_vsnprintf+0x5ec>
200092ba:	2e00      	cmp	r6, #0
200092bc:	d0f4      	beq.n	200092a8 <_vsnprintf+0x5d0>
200092be:	1e6b      	subs	r3, r5, #1
200092c0:	2d00      	cmp	r5, #0
200092c2:	d1f0      	bne.n	200092a6 <_vsnprintf+0x5ce>
200092c4:	0015      	movs	r5, r2
200092c6:	465b      	mov	r3, fp
200092c8:	464e      	mov	r6, r9
200092ca:	9a10      	ldr	r2, [sp, #64]	@ 0x40
200092cc:	2a00      	cmp	r2, #0
200092ce:	d103      	bne.n	200092d8 <_vsnprintf+0x600>
200092d0:	9b11      	ldr	r3, [sp, #68]	@ 0x44
200092d2:	3301      	adds	r3, #1
200092d4:	9311      	str	r3, [sp, #68]	@ 0x44
200092d6:	e50f      	b.n	20008cf8 <_vsnprintf+0x20>
200092d8:	002a      	movs	r2, r5
200092da:	9f0b      	ldr	r7, [sp, #44]	@ 0x2c
200092dc:	e006      	b.n	200092ec <_vsnprintf+0x614>
200092de:	1c55      	adds	r5, r2, #1
200092e0:	4643      	mov	r3, r8
200092e2:	4651      	mov	r1, sl
200092e4:	2020      	movs	r0, #32
200092e6:	47b0      	blx	r6
200092e8:	0023      	movs	r3, r4
200092ea:	002a      	movs	r2, r5
200092ec:	1c5c      	adds	r4, r3, #1
200092ee:	429f      	cmp	r7, r3
200092f0:	d8f5      	bhi.n	200092de <_vsnprintf+0x606>
200092f2:	0015      	movs	r5, r2
200092f4:	e7ec      	b.n	200092d0 <_vsnprintf+0x5f8>
200092f6:	2321      	movs	r3, #33	@ 0x21
200092f8:	433b      	orrs	r3, r7
200092fa:	9a1c      	ldr	r2, [sp, #112]	@ 0x70
200092fc:	1d11      	adds	r1, r2, #4
200092fe:	911c      	str	r1, [sp, #112]	@ 0x70
20009300:	6812      	ldr	r2, [r2, #0]
20009302:	9305      	str	r3, [sp, #20]
20009304:	2308      	movs	r3, #8
20009306:	9304      	str	r3, [sp, #16]
20009308:	9403      	str	r4, [sp, #12]
2000930a:	3308      	adds	r3, #8
2000930c:	9302      	str	r3, [sp, #8]
2000930e:	2300      	movs	r3, #0
20009310:	9301      	str	r3, [sp, #4]
20009312:	9200      	str	r2, [sp, #0]
20009314:	4643      	mov	r3, r8
20009316:	002a      	movs	r2, r5
20009318:	4651      	mov	r1, sl
2000931a:	0030      	movs	r0, r6
2000931c:	f7ff f840 	bl	200083a0 <_ntoa_long>
20009320:	0005      	movs	r5, r0
20009322:	9b11      	ldr	r3, [sp, #68]	@ 0x44
20009324:	3301      	adds	r3, #1
20009326:	9311      	str	r3, [sp, #68]	@ 0x44
20009328:	e4e6      	b.n	20008cf8 <_vsnprintf+0x20>
2000932a:	4b0b      	ldr	r3, [pc, #44]	@ (20009358 <_vsnprintf+0x680>)
2000932c:	469b      	mov	fp, r3
2000932e:	e4e1      	b.n	20008cf4 <_vsnprintf+0x1c>
20009330:	46b3      	mov	fp, r6
20009332:	4545      	cmp	r5, r8
20009334:	d30d      	bcc.n	20009352 <_vsnprintf+0x67a>
20009336:	4643      	mov	r3, r8
20009338:	1e5a      	subs	r2, r3, #1
2000933a:	4643      	mov	r3, r8
2000933c:	4651      	mov	r1, sl
2000933e:	2000      	movs	r0, #0
20009340:	47d8      	blx	fp
20009342:	0028      	movs	r0, r5
20009344:	b013      	add	sp, #76	@ 0x4c
20009346:	bcf0      	pop	{r4, r5, r6, r7}
20009348:	46bb      	mov	fp, r7
2000934a:	46b2      	mov	sl, r6
2000934c:	46a9      	mov	r9, r5
2000934e:	46a0      	mov	r8, r4
20009350:	bdf0      	pop	{r4, r5, r6, r7, pc}
20009352:	002a      	movs	r2, r5
20009354:	e7f1      	b.n	2000933a <_vsnprintf+0x662>
20009356:	46c0      	nop			@ (mov r8, r8)
20009358:	2000819d 	.word	0x2000819d

2000935c <__wrap_sprintf>:
2000935c:	b40e      	push	{r1, r2, r3}
2000935e:	b500      	push	{lr}
20009360:	b084      	sub	sp, #16
20009362:	0001      	movs	r1, r0
20009364:	aa05      	add	r2, sp, #20
20009366:	ca08      	ldmia	r2!, {r3}
20009368:	9203      	str	r2, [sp, #12]
2000936a:	2001      	movs	r0, #1
2000936c:	4684      	mov	ip, r0
2000936e:	4805      	ldr	r0, [pc, #20]	@ (20009384 <__wrap_sprintf+0x28>)
20009370:	9200      	str	r2, [sp, #0]
20009372:	4662      	mov	r2, ip
20009374:	4252      	negs	r2, r2
20009376:	f7ff fcaf 	bl	20008cd8 <_vsnprintf>
2000937a:	b004      	add	sp, #16
2000937c:	bc08      	pop	{r3}
2000937e:	b003      	add	sp, #12
20009380:	4718      	bx	r3
20009382:	46c0      	nop			@ (mov r8, r8)
20009384:	20008195 	.word	0x20008195

20009388 <__wrap_snprintf>:
20009388:	b40c      	push	{r2, r3}
2000938a:	b500      	push	{lr}
2000938c:	b085      	sub	sp, #20
2000938e:	4684      	mov	ip, r0
20009390:	000a      	movs	r2, r1
20009392:	a906      	add	r1, sp, #24
20009394:	c908      	ldmia	r1!, {r3}
20009396:	9103      	str	r1, [sp, #12]
20009398:	4804      	ldr	r0, [pc, #16]	@ (200093ac <__wrap_snprintf+0x24>)
2000939a:	9100      	str	r1, [sp, #0]
2000939c:	4661      	mov	r1, ip
2000939e:	f7ff fc9b 	bl	20008cd8 <_vsnprintf>
200093a2:	b005      	add	sp, #20
200093a4:	bc08      	pop	{r3}
200093a6:	b002      	add	sp, #8
200093a8:	4718      	bx	r3
200093aa:	46c0      	nop			@ (mov r8, r8)
200093ac:	20008195 	.word	0x20008195

200093b0 <vfctprintf>:
200093b0:	b500      	push	{lr}
200093b2:	b085      	sub	sp, #20
200093b4:	468c      	mov	ip, r1
200093b6:	a902      	add	r1, sp, #8
200093b8:	9002      	str	r0, [sp, #8]
200093ba:	4660      	mov	r0, ip
200093bc:	6048      	str	r0, [r1, #4]
200093be:	2001      	movs	r0, #1
200093c0:	4684      	mov	ip, r0
200093c2:	4804      	ldr	r0, [pc, #16]	@ (200093d4 <vfctprintf+0x24>)
200093c4:	9300      	str	r3, [sp, #0]
200093c6:	0013      	movs	r3, r2
200093c8:	4662      	mov	r2, ip
200093ca:	4252      	negs	r2, r2
200093cc:	f7ff fc84 	bl	20008cd8 <_vsnprintf>
200093d0:	b005      	add	sp, #20
200093d2:	bd00      	pop	{pc}
200093d4:	2000819f 	.word	0x2000819f

200093d8 <_exit>:
200093d8:	be00      	bkpt	0x0000
200093da:	e7fd      	b.n	200093d8 <_exit>

200093dc <_fini>:
200093dc:	4770      	bx	lr
	...

200093e0 <_sbrk>:
200093e0:	0003      	movs	r3, r0
200093e2:	4a0a      	ldr	r2, [pc, #40]	@ (2000940c <_sbrk+0x2c>)
200093e4:	6812      	ldr	r2, [r2, #0]
200093e6:	2a00      	cmp	r2, #0
200093e8:	d008      	beq.n	200093fc <_sbrk+0x1c>
200093ea:	4a08      	ldr	r2, [pc, #32]	@ (2000940c <_sbrk+0x2c>)
200093ec:	6810      	ldr	r0, [r2, #0]
200093ee:	18c3      	adds	r3, r0, r3
200093f0:	4a07      	ldr	r2, [pc, #28]	@ (20009410 <_sbrk+0x30>)
200093f2:	429a      	cmp	r2, r3
200093f4:	d306      	bcc.n	20009404 <_sbrk+0x24>
200093f6:	4a05      	ldr	r2, [pc, #20]	@ (2000940c <_sbrk+0x2c>)
200093f8:	6013      	str	r3, [r2, #0]
200093fa:	4770      	bx	lr
200093fc:	4a03      	ldr	r2, [pc, #12]	@ (2000940c <_sbrk+0x2c>)
200093fe:	4905      	ldr	r1, [pc, #20]	@ (20009414 <_sbrk+0x34>)
20009400:	6011      	str	r1, [r2, #0]
20009402:	e7f2      	b.n	200093ea <_sbrk+0xa>
20009404:	2001      	movs	r0, #1
20009406:	4240      	negs	r0, r0
20009408:	e7f7      	b.n	200093fa <_sbrk+0x1a>
2000940a:	46c0      	nop			@ (mov r8, r8)
2000940c:	2002f2f4 	.word	0x2002f2f4
20009410:	20040000 	.word	0x20040000
20009414:	200309a8 	.word	0x200309a8

20009418 <_read>:
20009418:	b510      	push	{r4, lr}
2000941a:	0003      	movs	r3, r0
2000941c:	0008      	movs	r0, r1
2000941e:	0011      	movs	r1, r2
20009420:	2b00      	cmp	r3, #0
20009422:	d104      	bne.n	2000942e <_read+0x16>
20009424:	4b03      	ldr	r3, [pc, #12]	@ (20009434 <_read+0x1c>)
20009426:	cb0c      	ldmia	r3, {r2, r3}
20009428:	f000 f930 	bl	2000968c <stdio_get_until>
2000942c:	bd10      	pop	{r4, pc}
2000942e:	2001      	movs	r0, #1
20009430:	4240      	negs	r0, r0
20009432:	e7fb      	b.n	2000942c <_read+0x14>
20009434:	2000d930 	.word	0x2000d930

20009438 <_write>:
20009438:	b510      	push	{r4, lr}
2000943a:	0003      	movs	r3, r0
2000943c:	0008      	movs	r0, r1
2000943e:	0014      	movs	r4, r2
20009440:	3b01      	subs	r3, #1
20009442:	2b01      	cmp	r3, #1
20009444:	d806      	bhi.n	20009454 <_write+0x1c>
20009446:	2301      	movs	r3, #1
20009448:	2200      	movs	r2, #0
2000944a:	0021      	movs	r1, r4
2000944c:	f000 f8d4 	bl	200095f8 <stdio_put_string>
20009450:	0020      	movs	r0, r4
20009452:	bd10      	pop	{r4, pc}
20009454:	2001      	movs	r0, #1
20009456:	4240      	negs	r0, r0
20009458:	e7fb      	b.n	20009452 <_write+0x1a>

2000945a <_close>:
2000945a:	2001      	movs	r0, #1
2000945c:	4240      	negs	r0, r0
2000945e:	4770      	bx	lr

20009460 <_lseek>:
20009460:	2001      	movs	r0, #1
20009462:	4240      	negs	r0, r0
20009464:	4770      	bx	lr

20009466 <exit>:
20009466:	b510      	push	{r4, lr}
20009468:	f7ff ffb6 	bl	200093d8 <_exit>

2000946c <__assert_func>:
2000946c:	b510      	push	{r4, lr}
2000946e:	b082      	sub	sp, #8
20009470:	4684      	mov	ip, r0
20009472:	000c      	movs	r4, r1
20009474:	0019      	movs	r1, r3
20009476:	2a00      	cmp	r2, #0
20009478:	d00a      	beq.n	20009490 <__assert_func+0x24>
2000947a:	4b07      	ldr	r3, [pc, #28]	@ (20009498 <__assert_func+0x2c>)
2000947c:	4807      	ldr	r0, [pc, #28]	@ (2000949c <__assert_func+0x30>)
2000947e:	9201      	str	r2, [sp, #4]
20009480:	9300      	str	r3, [sp, #0]
20009482:	0023      	movs	r3, r4
20009484:	4662      	mov	r2, ip
20009486:	f000 f995 	bl	200097b4 <__wrap_printf>
2000948a:	2001      	movs	r0, #1
2000948c:	f7ff ffa4 	bl	200093d8 <_exit>
20009490:	4b03      	ldr	r3, [pc, #12]	@ (200094a0 <__assert_func+0x34>)
20009492:	001a      	movs	r2, r3
20009494:	e7f2      	b.n	2000947c <__assert_func+0x10>
20009496:	46c0      	nop			@ (mov r8, r8)
20009498:	2000d464 	.word	0x2000d464
2000949c:	2000d474 	.word	0x2000d474
200094a0:	2000d470 	.word	0x2000d470

200094a4 <runtime_init>:
200094a4:	b510      	push	{r4, lr}
200094a6:	f3ef 8305 	mrs	r3, IPSR
200094aa:	2b00      	cmp	r3, #0
200094ac:	d000      	beq.n	200094b0 <runtime_init+0xc>
200094ae:	be00      	bkpt	0x0000
200094b0:	f7fd fdd0 	bl	20007054 <runtime_run_initializers>
200094b4:	4c03      	ldr	r4, [pc, #12]	@ (200094c4 <runtime_init+0x20>)
200094b6:	e001      	b.n	200094bc <runtime_init+0x18>
200094b8:	cc08      	ldmia	r4!, {r3}
200094ba:	4798      	blx	r3
200094bc:	4b02      	ldr	r3, [pc, #8]	@ (200094c8 <runtime_init+0x24>)
200094be:	429c      	cmp	r4, r3
200094c0:	d3fa      	bcc.n	200094b8 <runtime_init+0x14>
200094c2:	bd10      	pop	{r4, pc}
200094c4:	2000e218 	.word	0x2000e218
200094c8:	2000e218 	.word	0x2000e218

200094cc <stdio_out_chars_no_crlf>:
200094cc:	b510      	push	{r4, lr}
200094ce:	0003      	movs	r3, r0
200094d0:	0008      	movs	r0, r1
200094d2:	0011      	movs	r1, r2
200094d4:	681b      	ldr	r3, [r3, #0]
200094d6:	4798      	blx	r3
200094d8:	bd10      	pop	{r4, pc}
	...

200094dc <stdio_out_chars_crlf>:
200094dc:	b5f8      	push	{r3, r4, r5, r6, r7, lr}
200094de:	0007      	movs	r7, r0
200094e0:	000d      	movs	r5, r1
200094e2:	0016      	movs	r6, r2
200094e4:	7d43      	ldrb	r3, [r0, #21]
200094e6:	2b00      	cmp	r3, #0
200094e8:	d002      	beq.n	200094f0 <stdio_out_chars_crlf+0x14>
200094ea:	2400      	movs	r4, #0
200094ec:	2000      	movs	r0, #0
200094ee:	e00c      	b.n	2000950a <stdio_out_chars_crlf+0x2e>
200094f0:	6803      	ldr	r3, [r0, #0]
200094f2:	0011      	movs	r1, r2
200094f4:	0028      	movs	r0, r5
200094f6:	4798      	blx	r3
200094f8:	e02b      	b.n	20009552 <stdio_out_chars_crlf+0x76>
200094fa:	7d3b      	ldrb	r3, [r7, #20]
200094fc:	e00f      	b.n	2000951e <stdio_out_chars_crlf+0x42>
200094fe:	683b      	ldr	r3, [r7, #0]
20009500:	4814      	ldr	r0, [pc, #80]	@ (20009554 <stdio_out_chars_crlf+0x78>)
20009502:	2102      	movs	r1, #2
20009504:	4798      	blx	r3
20009506:	1c60      	adds	r0, r4, #1
20009508:	3401      	adds	r4, #1
2000950a:	42b4      	cmp	r4, r6
2000950c:	da13      	bge.n	20009536 <stdio_out_chars_crlf+0x5a>
2000950e:	2c00      	cmp	r4, #0
20009510:	ddf3      	ble.n	200094fa <stdio_out_chars_crlf+0x1e>
20009512:	1e63      	subs	r3, r4, #1
20009514:	5ceb      	ldrb	r3, [r5, r3]
20009516:	3b0d      	subs	r3, #13
20009518:	425a      	negs	r2, r3
2000951a:	4153      	adcs	r3, r2
2000951c:	b2db      	uxtb	r3, r3
2000951e:	5d2a      	ldrb	r2, [r5, r4]
20009520:	2a0a      	cmp	r2, #10
20009522:	d1f1      	bne.n	20009508 <stdio_out_chars_crlf+0x2c>
20009524:	2b00      	cmp	r3, #0
20009526:	d1ef      	bne.n	20009508 <stdio_out_chars_crlf+0x2c>
20009528:	42a0      	cmp	r0, r4
2000952a:	dae8      	bge.n	200094fe <stdio_out_chars_crlf+0x22>
2000952c:	683b      	ldr	r3, [r7, #0]
2000952e:	1a21      	subs	r1, r4, r0
20009530:	1828      	adds	r0, r5, r0
20009532:	4798      	blx	r3
20009534:	e7e3      	b.n	200094fe <stdio_out_chars_crlf+0x22>
20009536:	42b0      	cmp	r0, r6
20009538:	da03      	bge.n	20009542 <stdio_out_chars_crlf+0x66>
2000953a:	683b      	ldr	r3, [r7, #0]
2000953c:	1a31      	subs	r1, r6, r0
2000953e:	1828      	adds	r0, r5, r0
20009540:	4798      	blx	r3
20009542:	2e00      	cmp	r6, #0
20009544:	dd05      	ble.n	20009552 <stdio_out_chars_crlf+0x76>
20009546:	3e01      	subs	r6, #1
20009548:	5dab      	ldrb	r3, [r5, r6]
2000954a:	3b0d      	subs	r3, #13
2000954c:	425a      	negs	r2, r3
2000954e:	4153      	adcs	r3, r2
20009550:	753b      	strb	r3, [r7, #20]
20009552:	bdf8      	pop	{r3, r4, r5, r6, r7, pc}
20009554:	2000da28 	.word	0x2000da28

20009558 <stdio_stack_buffer_flush>:
20009558:	b570      	push	{r4, r5, r6, lr}
2000955a:	0005      	movs	r5, r0
2000955c:	6803      	ldr	r3, [r0, #0]
2000955e:	2b00      	cmp	r3, #0
20009560:	d016      	beq.n	20009590 <stdio_stack_buffer_flush+0x38>
20009562:	4b0c      	ldr	r3, [pc, #48]	@ (20009594 <stdio_stack_buffer_flush+0x3c>)
20009564:	681c      	ldr	r4, [r3, #0]
20009566:	e005      	b.n	20009574 <stdio_stack_buffer_flush+0x1c>
20009568:	0029      	movs	r1, r5
2000956a:	c904      	ldmia	r1!, {r2}
2000956c:	0020      	movs	r0, r4
2000956e:	f7ff ffb5 	bl	200094dc <stdio_out_chars_crlf>
20009572:	6924      	ldr	r4, [r4, #16]
20009574:	2c00      	cmp	r4, #0
20009576:	d009      	beq.n	2000958c <stdio_stack_buffer_flush+0x34>
20009578:	6823      	ldr	r3, [r4, #0]
2000957a:	2b00      	cmp	r3, #0
2000957c:	d0f9      	beq.n	20009572 <stdio_stack_buffer_flush+0x1a>
2000957e:	4b06      	ldr	r3, [pc, #24]	@ (20009598 <stdio_stack_buffer_flush+0x40>)
20009580:	681b      	ldr	r3, [r3, #0]
20009582:	2b00      	cmp	r3, #0
20009584:	d0f0      	beq.n	20009568 <stdio_stack_buffer_flush+0x10>
20009586:	42a3      	cmp	r3, r4
20009588:	d1f3      	bne.n	20009572 <stdio_stack_buffer_flush+0x1a>
2000958a:	e7ed      	b.n	20009568 <stdio_stack_buffer_flush+0x10>
2000958c:	2300      	movs	r3, #0
2000958e:	602b      	str	r3, [r5, #0]
20009590:	bd70      	pop	{r4, r5, r6, pc}
20009592:	46c0      	nop			@ (mov r8, r8)
20009594:	2002f274 	.word	0x2002f274
20009598:	2002f2cc 	.word	0x2002f2cc

2000959c <stdio_buffered_printer>:
2000959c:	b510      	push	{r4, lr}
2000959e:	680b      	ldr	r3, [r1, #0]
200095a0:	1c5a      	adds	r2, r3, #1
200095a2:	600a      	str	r2, [r1, #0]
200095a4:	18cb      	adds	r3, r1, r3
200095a6:	7118      	strb	r0, [r3, #4]
200095a8:	2a80      	cmp	r2, #128	@ 0x80
200095aa:	d000      	beq.n	200095ae <stdio_buffered_printer+0x12>
200095ac:	bd10      	pop	{r4, pc}
200095ae:	0008      	movs	r0, r1
200095b0:	f7ff ffd2 	bl	20009558 <stdio_stack_buffer_flush>
200095b4:	e7fa      	b.n	200095ac <stdio_buffered_printer+0x10>
	...

200095b8 <stdout_serialize_begin>:
200095b8:	b510      	push	{r4, lr}
200095ba:	f7fd f985 	bl	200068c8 <time_us_64>
200095be:	4a07      	ldr	r2, [pc, #28]	@ (200095dc <stdout_serialize_begin+0x24>)
200095c0:	2300      	movs	r3, #0
200095c2:	1812      	adds	r2, r2, r0
200095c4:	414b      	adcs	r3, r1
200095c6:	2b00      	cmp	r3, #0
200095c8:	db03      	blt.n	200095d2 <stdout_serialize_begin+0x1a>
200095ca:	4805      	ldr	r0, [pc, #20]	@ (200095e0 <stdout_serialize_begin+0x28>)
200095cc:	f001 faf4 	bl	2000abb8 <mutex_try_enter_block_until>
200095d0:	bd10      	pop	{r4, pc}
200095d2:	2201      	movs	r2, #1
200095d4:	4252      	negs	r2, r2
200095d6:	4b03      	ldr	r3, [pc, #12]	@ (200095e4 <stdout_serialize_begin+0x2c>)
200095d8:	e7f7      	b.n	200095ca <stdout_serialize_begin+0x12>
200095da:	46c0      	nop			@ (mov r8, r8)
200095dc:	000f4240 	.word	0x000f4240
200095e0:	2000e1d0 	.word	0x2000e1d0
200095e4:	7fffffff 	.word	0x7fffffff

200095e8 <stdout_serialize_end>:
200095e8:	b510      	push	{r4, lr}
200095ea:	4802      	ldr	r0, [pc, #8]	@ (200095f4 <stdout_serialize_end+0xc>)
200095ec:	f001 fafe 	bl	2000abec <mutex_exit>
200095f0:	bd10      	pop	{r4, pc}
200095f2:	46c0      	nop			@ (mov r8, r8)
200095f4:	2000e1d0 	.word	0x2000e1d0

200095f8 <stdio_put_string>:
200095f8:	b5f0      	push	{r4, r5, r6, r7, lr}
200095fa:	46ce      	mov	lr, r9
200095fc:	4647      	mov	r7, r8
200095fe:	b580      	push	{r7, lr}
20009600:	b083      	sub	sp, #12
20009602:	4680      	mov	r8, r0
20009604:	000d      	movs	r5, r1
20009606:	0016      	movs	r6, r2
20009608:	001c      	movs	r4, r3
2000960a:	f7ff ffd5 	bl	200095b8 <stdout_serialize_begin>
2000960e:	4681      	mov	r9, r0
20009610:	1c6b      	adds	r3, r5, #1
20009612:	d005      	beq.n	20009620 <stdio_put_string+0x28>
20009614:	2c00      	cmp	r4, #0
20009616:	d008      	beq.n	2000962a <stdio_put_string+0x32>
20009618:	4f18      	ldr	r7, [pc, #96]	@ (2000967c <stdio_put_string+0x84>)
2000961a:	4b19      	ldr	r3, [pc, #100]	@ (20009680 <stdio_put_string+0x88>)
2000961c:	681c      	ldr	r4, [r3, #0]
2000961e:	e007      	b.n	20009630 <stdio_put_string+0x38>
20009620:	4640      	mov	r0, r8
20009622:	f001 f887 	bl	2000a734 <strlen>
20009626:	0005      	movs	r5, r0
20009628:	e7f4      	b.n	20009614 <stdio_put_string+0x1c>
2000962a:	4f16      	ldr	r7, [pc, #88]	@ (20009684 <stdio_put_string+0x8c>)
2000962c:	e7f5      	b.n	2000961a <stdio_put_string+0x22>
2000962e:	6924      	ldr	r4, [r4, #16]
20009630:	2c00      	cmp	r4, #0
20009632:	d016      	beq.n	20009662 <stdio_put_string+0x6a>
20009634:	6823      	ldr	r3, [r4, #0]
20009636:	2b00      	cmp	r3, #0
20009638:	d0f9      	beq.n	2000962e <stdio_put_string+0x36>
2000963a:	4b13      	ldr	r3, [pc, #76]	@ (20009688 <stdio_put_string+0x90>)
2000963c:	681b      	ldr	r3, [r3, #0]
2000963e:	2b00      	cmp	r3, #0
20009640:	d001      	beq.n	20009646 <stdio_put_string+0x4e>
20009642:	42a3      	cmp	r3, r4
20009644:	d1f3      	bne.n	2000962e <stdio_put_string+0x36>
20009646:	002a      	movs	r2, r5
20009648:	4641      	mov	r1, r8
2000964a:	0020      	movs	r0, r4
2000964c:	47b8      	blx	r7
2000964e:	2e00      	cmp	r6, #0
20009650:	d0ed      	beq.n	2000962e <stdio_put_string+0x36>
20009652:	466b      	mov	r3, sp
20009654:	1dd9      	adds	r1, r3, #7
20009656:	230a      	movs	r3, #10
20009658:	700b      	strb	r3, [r1, #0]
2000965a:	2201      	movs	r2, #1
2000965c:	0020      	movs	r0, r4
2000965e:	47b8      	blx	r7
20009660:	e7e5      	b.n	2000962e <stdio_put_string+0x36>
20009662:	464b      	mov	r3, r9
20009664:	2b00      	cmp	r3, #0
20009666:	d105      	bne.n	20009674 <stdio_put_string+0x7c>
20009668:	0028      	movs	r0, r5
2000966a:	b003      	add	sp, #12
2000966c:	bcc0      	pop	{r6, r7}
2000966e:	46b9      	mov	r9, r7
20009670:	46b0      	mov	r8, r6
20009672:	bdf0      	pop	{r4, r5, r6, r7, pc}
20009674:	f7ff ffb8 	bl	200095e8 <stdout_serialize_end>
20009678:	e7f6      	b.n	20009668 <stdio_put_string+0x70>
2000967a:	46c0      	nop			@ (mov r8, r8)
2000967c:	200094dd 	.word	0x200094dd
20009680:	2002f274 	.word	0x2002f274
20009684:	200094cd 	.word	0x200094cd
20009688:	2002f2cc 	.word	0x2002f2cc

2000968c <stdio_get_until>:
2000968c:	b5f0      	push	{r4, r5, r6, r7, lr}
2000968e:	b083      	sub	sp, #12
20009690:	0006      	movs	r6, r0
20009692:	000d      	movs	r5, r1
20009694:	9201      	str	r2, [sp, #4]
20009696:	001f      	movs	r7, r3
20009698:	4b15      	ldr	r3, [pc, #84]	@ (200096f0 <stdio_get_until+0x64>)
2000969a:	681c      	ldr	r4, [r3, #0]
2000969c:	e008      	b.n	200096b0 <stdio_get_until+0x24>
2000969e:	68a3      	ldr	r3, [r4, #8]
200096a0:	2b00      	cmp	r3, #0
200096a2:	d004      	beq.n	200096ae <stdio_get_until+0x22>
200096a4:	0029      	movs	r1, r5
200096a6:	0030      	movs	r0, r6
200096a8:	4798      	blx	r3
200096aa:	2800      	cmp	r0, #0
200096ac:	dc1e      	bgt.n	200096ec <stdio_get_until+0x60>
200096ae:	6924      	ldr	r4, [r4, #16]
200096b0:	2c00      	cmp	r4, #0
200096b2:	d006      	beq.n	200096c2 <stdio_get_until+0x36>
200096b4:	4b0f      	ldr	r3, [pc, #60]	@ (200096f4 <stdio_get_until+0x68>)
200096b6:	681b      	ldr	r3, [r3, #0]
200096b8:	2b00      	cmp	r3, #0
200096ba:	d0f0      	beq.n	2000969e <stdio_get_until+0x12>
200096bc:	42a3      	cmp	r3, r4
200096be:	d1f6      	bne.n	200096ae <stdio_get_until+0x22>
200096c0:	e7ed      	b.n	2000969e <stdio_get_until+0x12>
200096c2:	4b0d      	ldr	r3, [pc, #52]	@ (200096f8 <stdio_get_until+0x6c>)
200096c4:	6a5b      	ldr	r3, [r3, #36]	@ 0x24
200096c6:	429f      	cmp	r7, r3
200096c8:	d809      	bhi.n	200096de <stdio_get_until+0x52>
200096ca:	490b      	ldr	r1, [pc, #44]	@ (200096f8 <stdio_get_until+0x6c>)
200096cc:	6a89      	ldr	r1, [r1, #40]	@ 0x28
200096ce:	9801      	ldr	r0, [sp, #4]
200096d0:	4281      	cmp	r1, r0
200096d2:	d209      	bcs.n	200096e8 <stdio_get_until+0x5c>
200096d4:	429f      	cmp	r7, r3
200096d6:	d002      	beq.n	200096de <stdio_get_until+0x52>
200096d8:	2002      	movs	r0, #2
200096da:	4240      	negs	r0, r0
200096dc:	e006      	b.n	200096ec <stdio_get_until+0x60>
200096de:	2001      	movs	r0, #1
200096e0:	2100      	movs	r1, #0
200096e2:	f7fd f8f9 	bl	200068d8 <busy_wait_us>
200096e6:	e7d7      	b.n	20009698 <stdio_get_until+0xc>
200096e8:	2002      	movs	r0, #2
200096ea:	4240      	negs	r0, r0
200096ec:	b003      	add	sp, #12
200096ee:	bdf0      	pop	{r4, r5, r6, r7, pc}
200096f0:	2002f274 	.word	0x2002f274
200096f4:	2002f2cc 	.word	0x2002f2cc
200096f8:	40054000 	.word	0x40054000

200096fc <stdio_set_driver_enabled>:
200096fc:	4a0a      	ldr	r2, [pc, #40]	@ (20009728 <stdio_set_driver_enabled+0x2c>)
200096fe:	6813      	ldr	r3, [r2, #0]
20009700:	e002      	b.n	20009708 <stdio_set_driver_enabled+0xc>
20009702:	001a      	movs	r2, r3
20009704:	3210      	adds	r2, #16
20009706:	691b      	ldr	r3, [r3, #16]
20009708:	2b00      	cmp	r3, #0
2000970a:	d009      	beq.n	20009720 <stdio_set_driver_enabled+0x24>
2000970c:	6813      	ldr	r3, [r2, #0]
2000970e:	4283      	cmp	r3, r0
20009710:	d1f7      	bne.n	20009702 <stdio_set_driver_enabled+0x6>
20009712:	2900      	cmp	r1, #0
20009714:	d107      	bne.n	20009726 <stdio_set_driver_enabled+0x2a>
20009716:	6903      	ldr	r3, [r0, #16]
20009718:	6013      	str	r3, [r2, #0]
2000971a:	2300      	movs	r3, #0
2000971c:	6103      	str	r3, [r0, #16]
2000971e:	e002      	b.n	20009726 <stdio_set_driver_enabled+0x2a>
20009720:	2900      	cmp	r1, #0
20009722:	d000      	beq.n	20009726 <stdio_set_driver_enabled+0x2a>
20009724:	6010      	str	r0, [r2, #0]
20009726:	4770      	bx	lr
20009728:	2002f274 	.word	0x2002f274

2000972c <stdio_flush>:
2000972c:	b510      	push	{r4, lr}
2000972e:	4b06      	ldr	r3, [pc, #24]	@ (20009748 <stdio_flush+0x1c>)
20009730:	681c      	ldr	r4, [r3, #0]
20009732:	e000      	b.n	20009736 <stdio_flush+0xa>
20009734:	6924      	ldr	r4, [r4, #16]
20009736:	2c00      	cmp	r4, #0
20009738:	d004      	beq.n	20009744 <stdio_flush+0x18>
2000973a:	6863      	ldr	r3, [r4, #4]
2000973c:	2b00      	cmp	r3, #0
2000973e:	d0f9      	beq.n	20009734 <stdio_flush+0x8>
20009740:	4798      	blx	r3
20009742:	e7f7      	b.n	20009734 <stdio_flush+0x8>
20009744:	bd10      	pop	{r4, pc}
20009746:	46c0      	nop			@ (mov r8, r8)
20009748:	2002f274 	.word	0x2002f274

2000974c <stdio_init_all>:
2000974c:	b510      	push	{r4, lr}
2000974e:	f000 f945 	bl	200099dc <stdio_uart_init>
20009752:	2001      	movs	r0, #1
20009754:	bd10      	pop	{r4, pc}

20009756 <__wrap_puts>:
20009756:	b570      	push	{r4, r5, r6, lr}
20009758:	0005      	movs	r5, r0
2000975a:	f000 ffeb 	bl	2000a734 <strlen>
2000975e:	0004      	movs	r4, r0
20009760:	2301      	movs	r3, #1
20009762:	2201      	movs	r2, #1
20009764:	0001      	movs	r1, r0
20009766:	0028      	movs	r0, r5
20009768:	f7ff ff46 	bl	200095f8 <stdio_put_string>
2000976c:	f7ff ffde 	bl	2000972c <stdio_flush>
20009770:	0020      	movs	r0, r4
20009772:	bd70      	pop	{r4, r5, r6, pc}

20009774 <__wrap_vprintf>:
20009774:	b5f0      	push	{r4, r5, r6, r7, lr}
20009776:	b0a3      	sub	sp, #140	@ 0x8c
20009778:	0007      	movs	r7, r0
2000977a:	000e      	movs	r6, r1
2000977c:	f7ff ff1c 	bl	200095b8 <stdout_serialize_begin>
20009780:	0005      	movs	r5, r0
20009782:	ac01      	add	r4, sp, #4
20009784:	2300      	movs	r3, #0
20009786:	9301      	str	r3, [sp, #4]
20009788:	4809      	ldr	r0, [pc, #36]	@ (200097b0 <__wrap_vprintf+0x3c>)
2000978a:	0033      	movs	r3, r6
2000978c:	003a      	movs	r2, r7
2000978e:	0021      	movs	r1, r4
20009790:	f7ff fe0e 	bl	200093b0 <vfctprintf>
20009794:	0006      	movs	r6, r0
20009796:	0020      	movs	r0, r4
20009798:	f7ff fede 	bl	20009558 <stdio_stack_buffer_flush>
2000979c:	f7ff ffc6 	bl	2000972c <stdio_flush>
200097a0:	2d00      	cmp	r5, #0
200097a2:	d102      	bne.n	200097aa <__wrap_vprintf+0x36>
200097a4:	0030      	movs	r0, r6
200097a6:	b023      	add	sp, #140	@ 0x8c
200097a8:	bdf0      	pop	{r4, r5, r6, r7, pc}
200097aa:	f7ff ff1d 	bl	200095e8 <stdout_serialize_end>
200097ae:	e7f9      	b.n	200097a4 <__wrap_vprintf+0x30>
200097b0:	2000959d 	.word	0x2000959d

200097b4 <__wrap_printf>:
200097b4:	b40f      	push	{r0, r1, r2, r3}
200097b6:	b500      	push	{lr}
200097b8:	b083      	sub	sp, #12
200097ba:	a904      	add	r1, sp, #16
200097bc:	c901      	ldmia	r1!, {r0}
200097be:	9101      	str	r1, [sp, #4]
200097c0:	f7ff ffd8 	bl	20009774 <__wrap_vprintf>
200097c4:	b003      	add	sp, #12
200097c6:	bc08      	pop	{r3}
200097c8:	b004      	add	sp, #16
200097ca:	4718      	bx	r3

200097cc <uart_putc>:
200097cc:	b082      	sub	sp, #8
200097ce:	468c      	mov	ip, r1
200097d0:	4b14      	ldr	r3, [pc, #80]	@ (20009824 <uart_putc+0x58>)
200097d2:	18c3      	adds	r3, r0, r3
200097d4:	425a      	negs	r2, r3
200097d6:	4153      	adcs	r3, r2
200097d8:	4a13      	ldr	r2, [pc, #76]	@ (20009828 <uart_putc+0x5c>)
200097da:	005b      	lsls	r3, r3, #1
200097dc:	5e9b      	ldrsh	r3, [r3, r2]
200097de:	428b      	cmp	r3, r1
200097e0:	d005      	beq.n	200097ee <uart_putc+0x22>
200097e2:	466b      	mov	r3, sp
200097e4:	1dda      	adds	r2, r3, #7
200097e6:	4663      	mov	r3, ip
200097e8:	7013      	strb	r3, [r2, #0]
200097ea:	2100      	movs	r1, #0
200097ec:	e015      	b.n	2000981a <uart_putc+0x4e>
200097ee:	466b      	mov	r3, sp
200097f0:	1dda      	adds	r2, r3, #7
200097f2:	230d      	movs	r3, #13
200097f4:	7013      	strb	r3, [r2, #0]
200097f6:	2100      	movs	r1, #0
200097f8:	2900      	cmp	r1, #0
200097fa:	d1f2      	bne.n	200097e2 <uart_putc+0x16>
200097fc:	6983      	ldr	r3, [r0, #24]
200097fe:	069b      	lsls	r3, r3, #26
20009800:	d4fc      	bmi.n	200097fc <uart_putc+0x30>
20009802:	7813      	ldrb	r3, [r2, #0]
20009804:	6003      	str	r3, [r0, #0]
20009806:	3101      	adds	r1, #1
20009808:	3201      	adds	r2, #1
2000980a:	e7f5      	b.n	200097f8 <uart_putc+0x2c>
2000980c:	6983      	ldr	r3, [r0, #24]
2000980e:	069b      	lsls	r3, r3, #26
20009810:	d4fc      	bmi.n	2000980c <uart_putc+0x40>
20009812:	7813      	ldrb	r3, [r2, #0]
20009814:	6003      	str	r3, [r0, #0]
20009816:	3101      	adds	r1, #1
20009818:	3201      	adds	r2, #1
2000981a:	2900      	cmp	r1, #0
2000981c:	d0f6      	beq.n	2000980c <uart_putc+0x40>
2000981e:	b002      	add	sp, #8
20009820:	4770      	bx	lr
20009822:	46c0      	nop			@ (mov r8, r8)
20009824:	bffc8000 	.word	0xbffc8000
20009828:	200308d0 	.word	0x200308d0

2000982c <uart_getc>:
2000982c:	b082      	sub	sp, #8
2000982e:	2200      	movs	r2, #0
20009830:	466b      	mov	r3, sp
20009832:	1dd9      	adds	r1, r3, #7
20009834:	e006      	b.n	20009844 <uart_getc+0x18>
20009836:	6983      	ldr	r3, [r0, #24]
20009838:	06db      	lsls	r3, r3, #27
2000983a:	d4fc      	bmi.n	20009836 <uart_getc+0xa>
2000983c:	6803      	ldr	r3, [r0, #0]
2000983e:	700b      	strb	r3, [r1, #0]
20009840:	3201      	adds	r2, #1
20009842:	3101      	adds	r1, #1
20009844:	2a00      	cmp	r2, #0
20009846:	d0f6      	beq.n	20009836 <uart_getc+0xa>
20009848:	466b      	mov	r3, sp
2000984a:	79d8      	ldrb	r0, [r3, #7]
2000984c:	b002      	add	sp, #8
2000984e:	4770      	bx	lr

20009850 <stdio_uart_out_chars>:
20009850:	b570      	push	{r4, r5, r6, lr}
20009852:	0006      	movs	r6, r0
20009854:	000d      	movs	r5, r1
20009856:	2400      	movs	r4, #0
20009858:	e005      	b.n	20009866 <stdio_uart_out_chars+0x16>
2000985a:	5d31      	ldrb	r1, [r6, r4]
2000985c:	4b03      	ldr	r3, [pc, #12]	@ (2000986c <stdio_uart_out_chars+0x1c>)
2000985e:	6818      	ldr	r0, [r3, #0]
20009860:	f7ff ffb4 	bl	200097cc <uart_putc>
20009864:	3401      	adds	r4, #1
20009866:	42ac      	cmp	r4, r5
20009868:	dbf7      	blt.n	2000985a <stdio_uart_out_chars+0xa>
2000986a:	bd70      	pop	{r4, r5, r6, pc}
2000986c:	20030904 	.word	0x20030904

20009870 <stdio_uart_in_chars>:
20009870:	b5f8      	push	{r3, r4, r5, r6, r7, lr}
20009872:	0006      	movs	r6, r0
20009874:	000d      	movs	r5, r1
20009876:	2700      	movs	r7, #0
20009878:	e005      	b.n	20009886 <stdio_uart_in_chars+0x16>
2000987a:	1c7c      	adds	r4, r7, #1
2000987c:	19f7      	adds	r7, r6, r7
2000987e:	f7ff ffd5 	bl	2000982c <uart_getc>
20009882:	7038      	strb	r0, [r7, #0]
20009884:	0027      	movs	r7, r4
20009886:	42af      	cmp	r7, r5
20009888:	da04      	bge.n	20009894 <stdio_uart_in_chars+0x24>
2000988a:	4a0d      	ldr	r2, [pc, #52]	@ (200098c0 <stdio_uart_in_chars+0x50>)
2000988c:	6810      	ldr	r0, [r2, #0]
2000988e:	6982      	ldr	r2, [r0, #24]
20009890:	06d2      	lsls	r2, r2, #27
20009892:	d5f2      	bpl.n	2000987a <stdio_uart_in_chars+0xa>
20009894:	4a0b      	ldr	r2, [pc, #44]	@ (200098c4 <stdio_uart_in_chars+0x54>)
20009896:	6812      	ldr	r2, [r2, #0]
20009898:	2a00      	cmp	r2, #0
2000989a:	d00a      	beq.n	200098b2 <stdio_uart_in_chars+0x42>
2000989c:	4a08      	ldr	r2, [pc, #32]	@ (200098c0 <stdio_uart_in_chars+0x50>)
2000989e:	6812      	ldr	r2, [r2, #0]
200098a0:	2150      	movs	r1, #80	@ 0x50
200098a2:	6391      	str	r1, [r2, #56]	@ 0x38
200098a4:	6b50      	ldr	r0, [r2, #52]	@ 0x34
200098a6:	3918      	subs	r1, #24
200098a8:	4001      	ands	r1, r0
200098aa:	4b07      	ldr	r3, [pc, #28]	@ (200098c8 <stdio_uart_in_chars+0x58>)
200098ac:	469c      	mov	ip, r3
200098ae:	4462      	add	r2, ip
200098b0:	6011      	str	r1, [r2, #0]
200098b2:	2f00      	cmp	r7, #0
200098b4:	d001      	beq.n	200098ba <stdio_uart_in_chars+0x4a>
200098b6:	0038      	movs	r0, r7
200098b8:	bdf8      	pop	{r3, r4, r5, r6, r7, pc}
200098ba:	3f03      	subs	r7, #3
200098bc:	e7fb      	b.n	200098b6 <stdio_uart_in_chars+0x46>
200098be:	46c0      	nop			@ (mov r8, r8)
200098c0:	20030904 	.word	0x20030904
200098c4:	2000fdfc 	.word	0x2000fdfc
200098c8:	00001034 	.word	0x00001034

200098cc <on_uart_rx>:
200098cc:	b510      	push	{r4, lr}
200098ce:	4b06      	ldr	r3, [pc, #24]	@ (200098e8 <on_uart_rx+0x1c>)
200098d0:	681b      	ldr	r3, [r3, #0]
200098d2:	2b00      	cmp	r3, #0
200098d4:	d006      	beq.n	200098e4 <on_uart_rx+0x18>
200098d6:	4a05      	ldr	r2, [pc, #20]	@ (200098ec <on_uart_rx+0x20>)
200098d8:	6812      	ldr	r2, [r2, #0]
200098da:	2100      	movs	r1, #0
200098dc:	6391      	str	r1, [r2, #56]	@ 0x38
200098de:	4a04      	ldr	r2, [pc, #16]	@ (200098f0 <on_uart_rx+0x24>)
200098e0:	6810      	ldr	r0, [r2, #0]
200098e2:	4798      	blx	r3
200098e4:	bd10      	pop	{r4, pc}
200098e6:	46c0      	nop			@ (mov r8, r8)
200098e8:	2000fdfc 	.word	0x2000fdfc
200098ec:	20030904 	.word	0x20030904
200098f0:	2000fe00 	.word	0x2000fe00

200098f4 <stdio_uart_out_flush>:
200098f4:	4b02      	ldr	r3, [pc, #8]	@ (20009900 <stdio_uart_out_flush+0xc>)
200098f6:	681a      	ldr	r2, [r3, #0]
200098f8:	6993      	ldr	r3, [r2, #24]
200098fa:	071b      	lsls	r3, r3, #28
200098fc:	d4fc      	bmi.n	200098f8 <stdio_uart_out_flush+0x4>
200098fe:	4770      	bx	lr
20009900:	20030904 	.word	0x20030904

20009904 <stdio_uart_set_chars_available_callback>:
20009904:	b570      	push	{r4, r5, r6, lr}
20009906:	4b1e      	ldr	r3, [pc, #120]	@ (20009980 <stdio_uart_set_chars_available_callback+0x7c>)
20009908:	681b      	ldr	r3, [r3, #0]
2000990a:	4a1e      	ldr	r2, [pc, #120]	@ (20009984 <stdio_uart_set_chars_available_callback+0x80>)
2000990c:	4293      	cmp	r3, r2
2000990e:	d008      	beq.n	20009922 <stdio_uart_set_chars_available_callback+0x1e>
20009910:	2214      	movs	r2, #20
20009912:	0015      	movs	r5, r2
20009914:	2800      	cmp	r0, #0
20009916:	d01f      	beq.n	20009958 <stdio_uart_set_chars_available_callback+0x54>
20009918:	4b1b      	ldr	r3, [pc, #108]	@ (20009988 <stdio_uart_set_chars_available_callback+0x84>)
2000991a:	681b      	ldr	r3, [r3, #0]
2000991c:	2b00      	cmp	r3, #0
2000991e:	d003      	beq.n	20009928 <stdio_uart_set_chars_available_callback+0x24>
20009920:	bd70      	pop	{r4, r5, r6, pc}
20009922:	2215      	movs	r2, #21
20009924:	0015      	movs	r5, r2
20009926:	e7f5      	b.n	20009914 <stdio_uart_set_chars_available_callback+0x10>
20009928:	4b17      	ldr	r3, [pc, #92]	@ (20009988 <stdio_uart_set_chars_available_callback+0x84>)
2000992a:	6018      	str	r0, [r3, #0]
2000992c:	4b17      	ldr	r3, [pc, #92]	@ (2000998c <stdio_uart_set_chars_available_callback+0x88>)
2000992e:	6019      	str	r1, [r3, #0]
20009930:	4917      	ldr	r1, [pc, #92]	@ (20009990 <stdio_uart_set_chars_available_callback+0x8c>)
20009932:	0028      	movs	r0, r5
20009934:	f7fc f8ba 	bl	20005aac <irq_set_exclusive_handler>
20009938:	2101      	movs	r1, #1
2000993a:	0028      	movs	r0, r5
2000993c:	f7fc f896 	bl	20005a6c <irq_set_enabled>
20009940:	4b0f      	ldr	r3, [pc, #60]	@ (20009980 <stdio_uart_set_chars_available_callback+0x7c>)
20009942:	681b      	ldr	r3, [r3, #0]
20009944:	2250      	movs	r2, #80	@ 0x50
20009946:	639a      	str	r2, [r3, #56]	@ 0x38
20009948:	6b59      	ldr	r1, [r3, #52]	@ 0x34
2000994a:	3a18      	subs	r2, #24
2000994c:	400a      	ands	r2, r1
2000994e:	4911      	ldr	r1, [pc, #68]	@ (20009994 <stdio_uart_set_chars_available_callback+0x90>)
20009950:	468c      	mov	ip, r1
20009952:	4463      	add	r3, ip
20009954:	601a      	str	r2, [r3, #0]
20009956:	e7e3      	b.n	20009920 <stdio_uart_set_chars_available_callback+0x1c>
20009958:	4a0b      	ldr	r2, [pc, #44]	@ (20009988 <stdio_uart_set_chars_available_callback+0x84>)
2000995a:	6812      	ldr	r2, [r2, #0]
2000995c:	2a00      	cmp	r2, #0
2000995e:	d0df      	beq.n	20009920 <stdio_uart_set_chars_available_callback+0x1c>
20009960:	2400      	movs	r4, #0
20009962:	639c      	str	r4, [r3, #56]	@ 0x38
20009964:	2100      	movs	r1, #0
20009966:	0028      	movs	r0, r5
20009968:	f7fc f880 	bl	20005a6c <irq_set_enabled>
2000996c:	4908      	ldr	r1, [pc, #32]	@ (20009990 <stdio_uart_set_chars_available_callback+0x8c>)
2000996e:	0028      	movs	r0, r5
20009970:	f7fc f9d4 	bl	20005d1c <irq_remove_handler>
20009974:	4b04      	ldr	r3, [pc, #16]	@ (20009988 <stdio_uart_set_chars_available_callback+0x84>)
20009976:	601c      	str	r4, [r3, #0]
20009978:	4b04      	ldr	r3, [pc, #16]	@ (2000998c <stdio_uart_set_chars_available_callback+0x88>)
2000997a:	601c      	str	r4, [r3, #0]
2000997c:	e7d0      	b.n	20009920 <stdio_uart_set_chars_available_callback+0x1c>
2000997e:	46c0      	nop			@ (mov r8, r8)
20009980:	20030904 	.word	0x20030904
20009984:	40038000 	.word	0x40038000
20009988:	2000fdfc 	.word	0x2000fdfc
2000998c:	2000fe00 	.word	0x2000fe00
20009990:	200098cd 	.word	0x200098cd
20009994:	00001034 	.word	0x00001034

20009998 <stdio_uart_init_full>:
20009998:	b570      	push	{r4, r5, r6, lr}
2000999a:	000c      	movs	r4, r1
2000999c:	001d      	movs	r5, r3
2000999e:	4b0d      	ldr	r3, [pc, #52]	@ (200099d4 <stdio_uart_init_full+0x3c>)
200099a0:	6018      	str	r0, [r3, #0]
200099a2:	2a00      	cmp	r2, #0
200099a4:	da0b      	bge.n	200099be <stdio_uart_init_full+0x26>
200099a6:	2d00      	cmp	r5, #0
200099a8:	da0e      	bge.n	200099c8 <stdio_uart_init_full+0x30>
200099aa:	4b0a      	ldr	r3, [pc, #40]	@ (200099d4 <stdio_uart_init_full+0x3c>)
200099ac:	6818      	ldr	r0, [r3, #0]
200099ae:	0021      	movs	r1, r4
200099b0:	f7fd f86a 	bl	20006a88 <uart_init>
200099b4:	4808      	ldr	r0, [pc, #32]	@ (200099d8 <stdio_uart_init_full+0x40>)
200099b6:	2101      	movs	r1, #1
200099b8:	f7ff fea0 	bl	200096fc <stdio_set_driver_enabled>
200099bc:	bd70      	pop	{r4, r5, r6, pc}
200099be:	2102      	movs	r1, #2
200099c0:	0010      	movs	r0, r2
200099c2:	f7fb fe3b 	bl	2000563c <gpio_set_function>
200099c6:	e7ee      	b.n	200099a6 <stdio_uart_init_full+0xe>
200099c8:	2102      	movs	r1, #2
200099ca:	0028      	movs	r0, r5
200099cc:	f7fb fe36 	bl	2000563c <gpio_set_function>
200099d0:	e7eb      	b.n	200099aa <stdio_uart_init_full+0x12>
200099d2:	46c0      	nop			@ (mov r8, r8)
200099d4:	20030904 	.word	0x20030904
200099d8:	2000db90 	.word	0x2000db90

200099dc <stdio_uart_init>:
200099dc:	b510      	push	{r4, lr}
200099de:	4b07      	ldr	r3, [pc, #28]	@ (200099fc <stdio_uart_init+0x20>)
200099e0:	781b      	ldrb	r3, [r3, #0]
200099e2:	4b07      	ldr	r3, [pc, #28]	@ (20009a00 <stdio_uart_init+0x24>)
200099e4:	781b      	ldrb	r3, [r3, #0]
200099e6:	4b07      	ldr	r3, [pc, #28]	@ (20009a04 <stdio_uart_init+0x28>)
200099e8:	781b      	ldrb	r3, [r3, #0]
200099ea:	21e1      	movs	r1, #225	@ 0xe1
200099ec:	2305      	movs	r3, #5
200099ee:	2204      	movs	r2, #4
200099f0:	0309      	lsls	r1, r1, #12
200099f2:	4805      	ldr	r0, [pc, #20]	@ (20009a08 <stdio_uart_init+0x2c>)
200099f4:	f7ff ffd0 	bl	20009998 <stdio_uart_init_full>
200099f8:	bd10      	pop	{r4, pc}
200099fa:	46c0      	nop			@ (mov r8, r8)
200099fc:	100002b8 	.word	0x100002b8
20009a00:	100002b4 	.word	0x100002b4
20009a04:	100002b0 	.word	0x100002b0
20009a08:	40038000 	.word	0x40038000

20009a0c <runtime_init_per_core_tls_setup>:
20009a0c:	4b01      	ldr	r3, [pc, #4]	@ (20009a14 <runtime_init_per_core_tls_setup+0x8>)
20009a0e:	2200      	movs	r2, #0
20009a10:	605a      	str	r2, [r3, #4]
20009a12:	4770      	bx	lr
20009a14:	2000e510 	.word	0x2000e510

20009a18 <core1_trampoline>:
20009a18:	bd03      	pop	{r0, r1, pc}

20009a1a <core1_wrapper>:
20009a1a:	b510      	push	{r4, lr}
20009a1c:	0004      	movs	r4, r0
20009a1e:	f7fd fb21 	bl	20007064 <runtime_run_per_core_initializers>
20009a22:	47a0      	blx	r4
20009a24:	bd10      	pop	{r4, pc}

20009a26 <multicore_fifo_push_blocking>:
20009a26:	23d0      	movs	r3, #208	@ 0xd0
20009a28:	061b      	lsls	r3, r3, #24
20009a2a:	6d1b      	ldr	r3, [r3, #80]	@ 0x50
20009a2c:	079b      	lsls	r3, r3, #30
20009a2e:	d5fa      	bpl.n	20009a26 <multicore_fifo_push_blocking>
20009a30:	23d0      	movs	r3, #208	@ 0xd0
20009a32:	061b      	lsls	r3, r3, #24
20009a34:	6558      	str	r0, [r3, #84]	@ 0x54
20009a36:	bf40      	sev
20009a38:	4770      	bx	lr

20009a3a <multicore_fifo_pop_blocking>:
20009a3a:	e000      	b.n	20009a3e <multicore_fifo_pop_blocking+0x4>
20009a3c:	bf20      	wfe
20009a3e:	23d0      	movs	r3, #208	@ 0xd0
20009a40:	061b      	lsls	r3, r3, #24
20009a42:	6d1b      	ldr	r3, [r3, #80]	@ 0x50
20009a44:	07db      	lsls	r3, r3, #31
20009a46:	d5f9      	bpl.n	20009a3c <multicore_fifo_pop_blocking+0x2>
20009a48:	23d0      	movs	r3, #208	@ 0xd0
20009a4a:	061b      	lsls	r3, r3, #24
20009a4c:	6d98      	ldr	r0, [r3, #88]	@ 0x58
20009a4e:	4770      	bx	lr

20009a50 <multicore_reset_core1>:
20009a50:	b510      	push	{r4, lr}
20009a52:	4b13      	ldr	r3, [pc, #76]	@ (20009aa0 <multicore_reset_core1+0x50>)
20009a54:	2280      	movs	r2, #128	@ 0x80
20009a56:	0252      	lsls	r2, r2, #9
20009a58:	601a      	str	r2, [r3, #0]
20009a5a:	4b12      	ldr	r3, [pc, #72]	@ (20009aa4 <multicore_reset_core1+0x54>)
20009a5c:	681b      	ldr	r3, [r3, #0]
20009a5e:	03db      	lsls	r3, r3, #15
20009a60:	d5fb      	bpl.n	20009a5a <multicore_reset_core1+0xa>
20009a62:	200f      	movs	r0, #15
20009a64:	f7fb ffe8 	bl	20005a38 <irq_is_enabled>
20009a68:	0004      	movs	r4, r0
20009a6a:	2100      	movs	r1, #0
20009a6c:	200f      	movs	r0, #15
20009a6e:	f7fb fffd 	bl	20005a6c <irq_set_enabled>
20009a72:	4b0d      	ldr	r3, [pc, #52]	@ (20009aa8 <multicore_reset_core1+0x58>)
20009a74:	2200      	movs	r2, #0
20009a76:	705a      	strb	r2, [r3, #1]
20009a78:	4b0c      	ldr	r3, [pc, #48]	@ (20009aac <multicore_reset_core1+0x5c>)
20009a7a:	2280      	movs	r2, #128	@ 0x80
20009a7c:	0252      	lsls	r2, r2, #9
20009a7e:	601a      	str	r2, [r3, #0]
20009a80:	f7ff ffdb 	bl	20009a3a <multicore_fifo_pop_blocking>
20009a84:	2800      	cmp	r0, #0
20009a86:	d104      	bne.n	20009a92 <multicore_reset_core1+0x42>
20009a88:	0021      	movs	r1, r4
20009a8a:	200f      	movs	r0, #15
20009a8c:	f7fb ffee 	bl	20005a6c <irq_set_enabled>
20009a90:	bd10      	pop	{r4, pc}
20009a92:	4b07      	ldr	r3, [pc, #28]	@ (20009ab0 <multicore_reset_core1+0x60>)
20009a94:	4a07      	ldr	r2, [pc, #28]	@ (20009ab4 <multicore_reset_core1+0x64>)
20009a96:	4808      	ldr	r0, [pc, #32]	@ (20009ab8 <multicore_reset_core1+0x68>)
20009a98:	2192      	movs	r1, #146	@ 0x92
20009a9a:	f7ff fce7 	bl	2000946c <__assert_func>
20009a9e:	46c0      	nop			@ (mov r8, r8)
20009aa0:	40012004 	.word	0x40012004
20009aa4:	40010004 	.word	0x40010004
20009aa8:	2000fe34 	.word	0x2000fe34
20009aac:	40013004 	.word	0x40013004
20009ab0:	2000d548 	.word	0x2000d548
20009ab4:	2000da6c 	.word	0x2000da6c
20009ab8:	2000d4f8 	.word	0x2000d4f8

20009abc <multicore_launch_core1_raw>:
20009abc:	b5f0      	push	{r4, r5, r6, r7, lr}
20009abe:	b087      	sub	sp, #28
20009ac0:	0004      	movs	r4, r0
20009ac2:	000d      	movs	r5, r1
20009ac4:	0016      	movs	r6, r2
20009ac6:	200f      	movs	r0, #15
20009ac8:	f7fb ffb6 	bl	20005a38 <irq_is_enabled>
20009acc:	0007      	movs	r7, r0
20009ace:	2100      	movs	r1, #0
20009ad0:	200f      	movs	r0, #15
20009ad2:	f7fb ffcb 	bl	20005a6c <irq_set_enabled>
20009ad6:	2200      	movs	r2, #0
20009ad8:	9200      	str	r2, [sp, #0]
20009ada:	9201      	str	r2, [sp, #4]
20009adc:	3201      	adds	r2, #1
20009ade:	9202      	str	r2, [sp, #8]
20009ae0:	9603      	str	r6, [sp, #12]
20009ae2:	9504      	str	r5, [sp, #16]
20009ae4:	9405      	str	r4, [sp, #20]
20009ae6:	4b12      	ldr	r3, [pc, #72]	@ (20009b30 <multicore_launch_core1_raw+0x74>)
20009ae8:	705a      	strb	r2, [r3, #1]
20009aea:	2500      	movs	r5, #0
20009aec:	e00c      	b.n	20009b08 <multicore_launch_core1_raw+0x4c>
20009aee:	23d0      	movs	r3, #208	@ 0xd0
20009af0:	061b      	lsls	r3, r3, #24
20009af2:	6d9b      	ldr	r3, [r3, #88]	@ 0x58
20009af4:	23d0      	movs	r3, #208	@ 0xd0
20009af6:	061b      	lsls	r3, r3, #24
20009af8:	6d1b      	ldr	r3, [r3, #80]	@ 0x50
20009afa:	07db      	lsls	r3, r3, #31
20009afc:	d4f7      	bmi.n	20009aee <multicore_launch_core1_raw+0x32>
20009afe:	bf40      	sev
20009b00:	e007      	b.n	20009b12 <multicore_launch_core1_raw+0x56>
20009b02:	3501      	adds	r5, #1
20009b04:	2d05      	cmp	r5, #5
20009b06:	d80d      	bhi.n	20009b24 <multicore_launch_core1_raw+0x68>
20009b08:	00ab      	lsls	r3, r5, #2
20009b0a:	466a      	mov	r2, sp
20009b0c:	589c      	ldr	r4, [r3, r2]
20009b0e:	2c00      	cmp	r4, #0
20009b10:	d0f0      	beq.n	20009af4 <multicore_launch_core1_raw+0x38>
20009b12:	0020      	movs	r0, r4
20009b14:	f7ff ff87 	bl	20009a26 <multicore_fifo_push_blocking>
20009b18:	f7ff ff8f 	bl	20009a3a <multicore_fifo_pop_blocking>
20009b1c:	4284      	cmp	r4, r0
20009b1e:	d0f0      	beq.n	20009b02 <multicore_launch_core1_raw+0x46>
20009b20:	2500      	movs	r5, #0
20009b22:	e7ef      	b.n	20009b04 <multicore_launch_core1_raw+0x48>
20009b24:	0039      	movs	r1, r7
20009b26:	200f      	movs	r0, #15
20009b28:	f7fb ffa0 	bl	20005a6c <irq_set_enabled>
20009b2c:	b007      	add	sp, #28
20009b2e:	bdf0      	pop	{r4, r5, r6, r7, pc}
20009b30:	2000fe34 	.word	0x2000fe34

20009b34 <multicore_launch_core1_with_stack>:
20009b34:	b510      	push	{r4, lr}
20009b36:	4684      	mov	ip, r0
20009b38:	0008      	movs	r0, r1
20009b3a:	0793      	lsls	r3, r2, #30
20009b3c:	d115      	bne.n	20009b6a <multicore_launch_core1_with_stack+0x36>
20009b3e:	2303      	movs	r3, #3
20009b40:	439a      	bics	r2, r3
20009b42:	188b      	adds	r3, r1, r2
20009b44:	0019      	movs	r1, r3
20009b46:	390c      	subs	r1, #12
20009b48:	4a0b      	ldr	r2, [pc, #44]	@ (20009b78 <multicore_launch_core1_with_stack+0x44>)
20009b4a:	6892      	ldr	r2, [r2, #8]
20009b4c:	4664      	mov	r4, ip
20009b4e:	600c      	str	r4, [r1, #0]
20009b50:	2408      	movs	r4, #8
20009b52:	4264      	negs	r4, r4
20009b54:	46a4      	mov	ip, r4
20009b56:	449c      	add	ip, r3
20009b58:	4664      	mov	r4, ip
20009b5a:	6020      	str	r0, [r4, #0]
20009b5c:	4807      	ldr	r0, [pc, #28]	@ (20009b7c <multicore_launch_core1_with_stack+0x48>)
20009b5e:	3b04      	subs	r3, #4
20009b60:	6018      	str	r0, [r3, #0]
20009b62:	4807      	ldr	r0, [pc, #28]	@ (20009b80 <multicore_launch_core1_with_stack+0x4c>)
20009b64:	f7ff ffaa 	bl	20009abc <multicore_launch_core1_raw>
20009b68:	bd10      	pop	{r4, pc}
20009b6a:	4b06      	ldr	r3, [pc, #24]	@ (20009b84 <multicore_launch_core1_with_stack+0x50>)
20009b6c:	4a06      	ldr	r2, [pc, #24]	@ (20009b88 <multicore_launch_core1_with_stack+0x54>)
20009b6e:	4807      	ldr	r0, [pc, #28]	@ (20009b8c <multicore_launch_core1_with_stack+0x58>)
20009b70:	219a      	movs	r1, #154	@ 0x9a
20009b72:	f7ff fc7b 	bl	2000946c <__assert_func>
20009b76:	46c0      	nop			@ (mov r8, r8)
20009b78:	e000ed00 	.word	0xe000ed00
20009b7c:	20009a1b 	.word	0x20009a1b
20009b80:	20009a19 	.word	0x20009a19
20009b84:	2000d554 	.word	0x2000d554
20009b88:	2000da48 	.word	0x2000da48
20009b8c:	2000d4f8 	.word	0x2000d4f8

20009b90 <multicore_launch_core1>:
20009b90:	b510      	push	{r4, lr}
20009b92:	4b06      	ldr	r3, [pc, #24]	@ (20009bac <multicore_launch_core1+0x1c>)
20009b94:	4a06      	ldr	r2, [pc, #24]	@ (20009bb0 <multicore_launch_core1+0x20>)
20009b96:	4293      	cmp	r3, r2
20009b98:	d305      	bcc.n	20009ba6 <multicore_launch_core1+0x16>
20009b9a:	0019      	movs	r1, r3
20009b9c:	2280      	movs	r2, #128	@ 0x80
20009b9e:	0112      	lsls	r2, r2, #4
20009ba0:	f7ff ffc8 	bl	20009b34 <multicore_launch_core1_with_stack>
20009ba4:	bd10      	pop	{r4, pc}
20009ba6:	2101      	movs	r1, #1
20009ba8:	4249      	negs	r1, r1
20009baa:	e7f7      	b.n	20009b9c <multicore_launch_core1+0xc>
20009bac:	20040800 	.word	0x20040800
20009bb0:	20040000 	.word	0x20040000

20009bb4 <pio_get_default_sm_config>:
20009bb4:	b510      	push	{r4, lr}
20009bb6:	0004      	movs	r4, r0
20009bb8:	2210      	movs	r2, #16
20009bba:	2100      	movs	r1, #0
20009bbc:	f7fe fade 	bl	2000817c <__wrap_memset>
20009bc0:	2380      	movs	r3, #128	@ 0x80
20009bc2:	025b      	lsls	r3, r3, #9
20009bc4:	6023      	str	r3, [r4, #0]
20009bc6:	23f8      	movs	r3, #248	@ 0xf8
20009bc8:	025b      	lsls	r3, r3, #9
20009bca:	6063      	str	r3, [r4, #4]
20009bcc:	2380      	movs	r3, #128	@ 0x80
20009bce:	02db      	lsls	r3, r3, #11
20009bd0:	60a3      	str	r3, [r4, #8]
20009bd2:	23c0      	movs	r3, #192	@ 0xc0
20009bd4:	031b      	lsls	r3, r3, #12
20009bd6:	60a3      	str	r3, [r4, #8]
20009bd8:	0020      	movs	r0, r4
20009bda:	bd10      	pop	{r4, pc}

20009bdc <is_program_gpio_compatible>:
20009bdc:	2001      	movs	r0, #1
20009bde:	4770      	bx	lr

20009be0 <add_program_at_offset_check>:
20009be0:	b570      	push	{r4, r5, r6, lr}
20009be2:	0006      	movs	r6, r0
20009be4:	000c      	movs	r4, r1
20009be6:	0015      	movs	r5, r2
20009be8:	798b      	ldrb	r3, [r1, #6]
20009bea:	2b00      	cmp	r3, #0
20009bec:	d11d      	bne.n	20009c2a <add_program_at_offset_check+0x4a>
20009bee:	f7ff fff5 	bl	20009bdc <is_program_gpio_compatible>
20009bf2:	2800      	cmp	r0, #0
20009bf4:	d01c      	beq.n	20009c30 <add_program_at_offset_check+0x50>
20009bf6:	2305      	movs	r3, #5
20009bf8:	56e3      	ldrsb	r3, [r4, r3]
20009bfa:	2b00      	cmp	r3, #0
20009bfc:	db01      	blt.n	20009c02 <add_program_at_offset_check+0x22>
20009bfe:	42ab      	cmp	r3, r5
20009c00:	d119      	bne.n	20009c36 <add_program_at_offset_check+0x56>
20009c02:	0030      	movs	r0, r6
20009c04:	4b0d      	ldr	r3, [pc, #52]	@ (20009c3c <add_program_at_offset_check+0x5c>)
20009c06:	469c      	mov	ip, r3
20009c08:	4460      	add	r0, ip
20009c0a:	0d00      	lsrs	r0, r0, #20
20009c0c:	4b0c      	ldr	r3, [pc, #48]	@ (20009c40 <add_program_at_offset_check+0x60>)
20009c0e:	0080      	lsls	r0, r0, #2
20009c10:	58c2      	ldr	r2, [r0, r3]
20009c12:	7921      	ldrb	r1, [r4, #4]
20009c14:	2301      	movs	r3, #1
20009c16:	408b      	lsls	r3, r1
20009c18:	3b01      	subs	r3, #1
20009c1a:	40ab      	lsls	r3, r5
20009c1c:	421a      	tst	r2, r3
20009c1e:	d101      	bne.n	20009c24 <add_program_at_offset_check+0x44>
20009c20:	2000      	movs	r0, #0
20009c22:	bd70      	pop	{r4, r5, r6, pc}
20009c24:	2009      	movs	r0, #9
20009c26:	4240      	negs	r0, r0
20009c28:	e7fb      	b.n	20009c22 <add_program_at_offset_check+0x42>
20009c2a:	2014      	movs	r0, #20
20009c2c:	4240      	negs	r0, r0
20009c2e:	e7f8      	b.n	20009c22 <add_program_at_offset_check+0x42>
20009c30:	200b      	movs	r0, #11
20009c32:	4240      	negs	r0, r0
20009c34:	e7f5      	b.n	20009c22 <add_program_at_offset_check+0x42>
20009c36:	200b      	movs	r0, #11
20009c38:	4240      	negs	r0, r0
20009c3a:	e7f2      	b.n	20009c22 <add_program_at_offset_check+0x42>
20009c3c:	afe00000 	.word	0xafe00000
20009c40:	2000e518 	.word	0x2000e518

20009c44 <add_program_at_offset>:
20009c44:	b570      	push	{r4, r5, r6, lr}
20009c46:	0005      	movs	r5, r0
20009c48:	000c      	movs	r4, r1
20009c4a:	0016      	movs	r6, r2
20009c4c:	f7ff ffc8 	bl	20009be0 <add_program_at_offset_check>
20009c50:	2800      	cmp	r0, #0
20009c52:	d122      	bne.n	20009c9a <add_program_at_offset+0x56>
20009c54:	2200      	movs	r2, #0
20009c56:	e005      	b.n	20009c64 <add_program_at_offset+0x20>
20009c58:	1999      	adds	r1, r3, r6
20009c5a:	1993      	adds	r3, r2, r6
20009c5c:	3312      	adds	r3, #18
20009c5e:	009b      	lsls	r3, r3, #2
20009c60:	5159      	str	r1, [r3, r5]
20009c62:	3201      	adds	r2, #1
20009c64:	7923      	ldrb	r3, [r4, #4]
20009c66:	4293      	cmp	r3, r2
20009c68:	d908      	bls.n	20009c7c <add_program_at_offset+0x38>
20009c6a:	6821      	ldr	r1, [r4, #0]
20009c6c:	0053      	lsls	r3, r2, #1
20009c6e:	5acb      	ldrh	r3, [r1, r3]
20009c70:	2180      	movs	r1, #128	@ 0x80
20009c72:	0189      	lsls	r1, r1, #6
20009c74:	428b      	cmp	r3, r1
20009c76:	d3ef      	bcc.n	20009c58 <add_program_at_offset+0x14>
20009c78:	0019      	movs	r1, r3
20009c7a:	e7ee      	b.n	20009c5a <add_program_at_offset+0x16>
20009c7c:	2201      	movs	r2, #1
20009c7e:	409a      	lsls	r2, r3
20009c80:	0013      	movs	r3, r2
20009c82:	3b01      	subs	r3, #1
20009c84:	4a05      	ldr	r2, [pc, #20]	@ (20009c9c <add_program_at_offset+0x58>)
20009c86:	4694      	mov	ip, r2
20009c88:	4465      	add	r5, ip
20009c8a:	0d2d      	lsrs	r5, r5, #20
20009c8c:	4a04      	ldr	r2, [pc, #16]	@ (20009ca0 <add_program_at_offset+0x5c>)
20009c8e:	00ad      	lsls	r5, r5, #2
20009c90:	58a9      	ldr	r1, [r5, r2]
20009c92:	40b3      	lsls	r3, r6
20009c94:	430b      	orrs	r3, r1
20009c96:	50ab      	str	r3, [r5, r2]
20009c98:	0030      	movs	r0, r6
20009c9a:	bd70      	pop	{r4, r5, r6, pc}
20009c9c:	afe00000 	.word	0xafe00000
20009ca0:	2000e518 	.word	0x2000e518

20009ca4 <find_offset_for_program>:
20009ca4:	b510      	push	{r4, lr}
20009ca6:	000a      	movs	r2, r1
20009ca8:	790c      	ldrb	r4, [r1, #4]
20009caa:	2c20      	cmp	r4, #32
20009cac:	d819      	bhi.n	20009ce2 <find_offset_for_program+0x3e>
20009cae:	4b18      	ldr	r3, [pc, #96]	@ (20009d10 <find_offset_for_program+0x6c>)
20009cb0:	469c      	mov	ip, r3
20009cb2:	4460      	add	r0, ip
20009cb4:	0d00      	lsrs	r0, r0, #20
20009cb6:	4b17      	ldr	r3, [pc, #92]	@ (20009d14 <find_offset_for_program+0x70>)
20009cb8:	0080      	lsls	r0, r0, #2
20009cba:	58c1      	ldr	r1, [r0, r3]
20009cbc:	2301      	movs	r3, #1
20009cbe:	40a3      	lsls	r3, r4
20009cc0:	3b01      	subs	r3, #1
20009cc2:	7952      	ldrb	r2, [r2, #5]
20009cc4:	b252      	sxtb	r2, r2
20009cc6:	2a00      	cmp	r2, #0
20009cc8:	db11      	blt.n	20009cee <find_offset_for_program+0x4a>
20009cca:	2020      	movs	r0, #32
20009ccc:	1b00      	subs	r0, r0, r4
20009cce:	b2d4      	uxtb	r4, r2
20009cd0:	4284      	cmp	r4, r0
20009cd2:	d819      	bhi.n	20009d08 <find_offset_for_program+0x64>
20009cd4:	0010      	movs	r0, r2
20009cd6:	4093      	lsls	r3, r2
20009cd8:	4219      	tst	r1, r3
20009cda:	d001      	beq.n	20009ce0 <find_offset_for_program+0x3c>
20009cdc:	2001      	movs	r0, #1
20009cde:	4240      	negs	r0, r0
20009ce0:	bd10      	pop	{r4, pc}
20009ce2:	4b0d      	ldr	r3, [pc, #52]	@ (20009d18 <find_offset_for_program+0x74>)
20009ce4:	4a0d      	ldr	r2, [pc, #52]	@ (20009d1c <find_offset_for_program+0x78>)
20009ce6:	480e      	ldr	r0, [pc, #56]	@ (20009d20 <find_offset_for_program+0x7c>)
20009ce8:	2143      	movs	r1, #67	@ 0x43
20009cea:	f7ff fbbf 	bl	2000946c <__assert_func>
20009cee:	2020      	movs	r0, #32
20009cf0:	1b00      	subs	r0, r0, r4
20009cf2:	2800      	cmp	r0, #0
20009cf4:	db05      	blt.n	20009d02 <find_offset_for_program+0x5e>
20009cf6:	001a      	movs	r2, r3
20009cf8:	4082      	lsls	r2, r0
20009cfa:	4211      	tst	r1, r2
20009cfc:	d0f0      	beq.n	20009ce0 <find_offset_for_program+0x3c>
20009cfe:	3801      	subs	r0, #1
20009d00:	e7f7      	b.n	20009cf2 <find_offset_for_program+0x4e>
20009d02:	2009      	movs	r0, #9
20009d04:	4240      	negs	r0, r0
20009d06:	e7eb      	b.n	20009ce0 <find_offset_for_program+0x3c>
20009d08:	2001      	movs	r0, #1
20009d0a:	4240      	negs	r0, r0
20009d0c:	e7e8      	b.n	20009ce0 <find_offset_for_program+0x3c>
20009d0e:	46c0      	nop			@ (mov r8, r8)
20009d10:	afe00000 	.word	0xafe00000
20009d14:	2000e518 	.word	0x2000e518
20009d18:	2000d570 	.word	0x2000d570
20009d1c:	2000da84 	.word	0x2000da84
20009d20:	2000d59c 	.word	0x2000d59c

20009d24 <pio_sm_unclaim>:
20009d24:	b510      	push	{r4, lr}
20009d26:	4b05      	ldr	r3, [pc, #20]	@ (20009d3c <pio_sm_unclaim+0x18>)
20009d28:	469c      	mov	ip, r3
20009d2a:	4460      	add	r0, ip
20009d2c:	0d00      	lsrs	r0, r0, #20
20009d2e:	0080      	lsls	r0, r0, #2
20009d30:	1841      	adds	r1, r0, r1
20009d32:	4803      	ldr	r0, [pc, #12]	@ (20009d40 <pio_sm_unclaim+0x1c>)
20009d34:	f7fb fdbe 	bl	200058b4 <hw_claim_clear>
20009d38:	bd10      	pop	{r4, pc}
20009d3a:	46c0      	nop			@ (mov r8, r8)
20009d3c:	afe00000 	.word	0xafe00000
20009d40:	2000fe08 	.word	0x2000fe08

20009d44 <pio_claim_unused_sm>:
20009d44:	b510      	push	{r4, lr}
20009d46:	b082      	sub	sp, #8
20009d48:	4b09      	ldr	r3, [pc, #36]	@ (20009d70 <pio_claim_unused_sm+0x2c>)
20009d4a:	18c4      	adds	r4, r0, r3
20009d4c:	0d24      	lsrs	r4, r4, #20
20009d4e:	00a4      	lsls	r4, r4, #2
20009d50:	1ce3      	adds	r3, r4, #3
20009d52:	4808      	ldr	r0, [pc, #32]	@ (20009d74 <pio_claim_unused_sm+0x30>)
20009d54:	4a08      	ldr	r2, [pc, #32]	@ (20009d78 <pio_claim_unused_sm+0x34>)
20009d56:	9200      	str	r2, [sp, #0]
20009d58:	0022      	movs	r2, r4
20009d5a:	f7fb fd83 	bl	20005864 <hw_claim_unused_from_range>
20009d5e:	4284      	cmp	r4, r0
20009d60:	dc02      	bgt.n	20009d68 <pio_claim_unused_sm+0x24>
20009d62:	1b00      	subs	r0, r0, r4
20009d64:	b002      	add	sp, #8
20009d66:	bd10      	pop	{r4, pc}
20009d68:	2001      	movs	r0, #1
20009d6a:	4240      	negs	r0, r0
20009d6c:	e7fa      	b.n	20009d64 <pio_claim_unused_sm+0x20>
20009d6e:	46c0      	nop			@ (mov r8, r8)
20009d70:	afe00000 	.word	0xafe00000
20009d74:	2000fe08 	.word	0x2000fe08
20009d78:	2000d5e4 	.word	0x2000d5e4

20009d7c <pio_sm_is_claimed>:
20009d7c:	b510      	push	{r4, lr}
20009d7e:	4b05      	ldr	r3, [pc, #20]	@ (20009d94 <pio_sm_is_claimed+0x18>)
20009d80:	469c      	mov	ip, r3
20009d82:	4460      	add	r0, ip
20009d84:	0d00      	lsrs	r0, r0, #20
20009d86:	0080      	lsls	r0, r0, #2
20009d88:	1841      	adds	r1, r0, r1
20009d8a:	4803      	ldr	r0, [pc, #12]	@ (20009d98 <pio_sm_is_claimed+0x1c>)
20009d8c:	f7fb fd44 	bl	20005818 <hw_is_claimed>
20009d90:	bd10      	pop	{r4, pc}
20009d92:	46c0      	nop			@ (mov r8, r8)
20009d94:	afe00000 	.word	0xafe00000
20009d98:	2000fe08 	.word	0x2000fe08

20009d9c <pio_add_program>:
20009d9c:	b5f8      	push	{r3, r4, r5, r6, r7, lr}
20009d9e:	0005      	movs	r5, r0
20009da0:	000e      	movs	r6, r1
20009da2:	f7fb fd23 	bl	200057ec <hw_claim_lock>
20009da6:	0007      	movs	r7, r0
20009da8:	0031      	movs	r1, r6
20009daa:	0028      	movs	r0, r5
20009dac:	f7ff ff7a 	bl	20009ca4 <find_offset_for_program>
20009db0:	1e04      	subs	r4, r0, #0
20009db2:	da04      	bge.n	20009dbe <pio_add_program+0x22>
20009db4:	0038      	movs	r0, r7
20009db6:	f7fb fd25 	bl	20005804 <hw_claim_unlock>
20009dba:	0020      	movs	r0, r4
20009dbc:	bdf8      	pop	{r3, r4, r5, r6, r7, pc}
20009dbe:	0002      	movs	r2, r0
20009dc0:	0031      	movs	r1, r6
20009dc2:	0028      	movs	r0, r5
20009dc4:	f7ff ff3e 	bl	20009c44 <add_program_at_offset>
20009dc8:	0004      	movs	r4, r0
20009dca:	e7f3      	b.n	20009db4 <pio_add_program+0x18>

20009dcc <pio_clear_instruction_memory>:
20009dcc:	b510      	push	{r4, lr}
20009dce:	0004      	movs	r4, r0
20009dd0:	f7fb fd0c 	bl	200057ec <hw_claim_lock>
20009dd4:	4b0a      	ldr	r3, [pc, #40]	@ (20009e00 <pio_clear_instruction_memory+0x34>)
20009dd6:	18e3      	adds	r3, r4, r3
20009dd8:	0d1b      	lsrs	r3, r3, #20
20009dda:	4a0a      	ldr	r2, [pc, #40]	@ (20009e04 <pio_clear_instruction_memory+0x38>)
20009ddc:	009b      	lsls	r3, r3, #2
20009dde:	2100      	movs	r1, #0
20009de0:	5099      	str	r1, [r3, r2]
20009de2:	2300      	movs	r3, #0
20009de4:	e006      	b.n	20009df4 <pio_clear_instruction_memory+0x28>
20009de6:	211f      	movs	r1, #31
20009de8:	4019      	ands	r1, r3
20009dea:	001a      	movs	r2, r3
20009dec:	3212      	adds	r2, #18
20009dee:	0092      	lsls	r2, r2, #2
20009df0:	5111      	str	r1, [r2, r4]
20009df2:	3301      	adds	r3, #1
20009df4:	2b1f      	cmp	r3, #31
20009df6:	d9f6      	bls.n	20009de6 <pio_clear_instruction_memory+0x1a>
20009df8:	f7fb fd04 	bl	20005804 <hw_claim_unlock>
20009dfc:	bd10      	pop	{r4, pc}
20009dfe:	46c0      	nop			@ (mov r8, r8)
20009e00:	afe00000 	.word	0xafe00000
20009e04:	2000e518 	.word	0x2000e518

20009e08 <pio_sm_set_consecutive_pindirs>:
20009e08:	b5f0      	push	{r4, r5, r6, r7, lr}
20009e0a:	46ce      	mov	lr, r9
20009e0c:	4647      	mov	r7, r8
20009e0e:	b580      	push	{r7, lr}
20009e10:	0005      	movs	r5, r0
20009e12:	000c      	movs	r4, r1
20009e14:	0019      	movs	r1, r3
20009e16:	ab07      	add	r3, sp, #28
20009e18:	7818      	ldrb	r0, [r3, #0]
20009e1a:	2a1f      	cmp	r2, #31
20009e1c:	d84a      	bhi.n	20009eb4 <pio_sm_set_consecutive_pindirs+0xac>
20009e1e:	0063      	lsls	r3, r4, #1
20009e20:	191e      	adds	r6, r3, r4
20009e22:	00f6      	lsls	r6, r6, #3
20009e24:	19ae      	adds	r6, r5, r6
20009e26:	0037      	movs	r7, r6
20009e28:	37dc      	adds	r7, #220	@ 0xdc
20009e2a:	683f      	ldr	r7, [r7, #0]
20009e2c:	46b8      	mov	r8, r7
20009e2e:	36cc      	adds	r6, #204	@ 0xcc
20009e30:	6836      	ldr	r6, [r6, #0]
20009e32:	46b4      	mov	ip, r6
20009e34:	191b      	adds	r3, r3, r4
20009e36:	00db      	lsls	r3, r3, #3
20009e38:	33c8      	adds	r3, #200	@ 0xc8
20009e3a:	18eb      	adds	r3, r5, r3
20009e3c:	4e1f      	ldr	r6, [pc, #124]	@ (20009ebc <pio_sm_set_consecutive_pindirs+0xb4>)
20009e3e:	46b1      	mov	r9, r6
20009e40:	444b      	add	r3, r9
20009e42:	2680      	movs	r6, #128	@ 0x80
20009e44:	02b6      	lsls	r6, r6, #10
20009e46:	601e      	str	r6, [r3, #0]
20009e48:	2800      	cmp	r0, #0
20009e4a:	d131      	bne.n	20009eb0 <pio_sm_set_consecutive_pindirs+0xa8>
20009e4c:	2600      	movs	r6, #0
20009e4e:	e012      	b.n	20009e76 <pio_sm_set_consecutive_pindirs+0x6e>
20009e50:	0153      	lsls	r3, r2, #5
20009e52:	20a0      	movs	r0, #160	@ 0xa0
20009e54:	0540      	lsls	r0, r0, #21
20009e56:	4318      	orrs	r0, r3
20009e58:	0063      	lsls	r3, r4, #1
20009e5a:	191b      	adds	r3, r3, r4
20009e5c:	00db      	lsls	r3, r3, #3
20009e5e:	18eb      	adds	r3, r5, r3
20009e60:	001f      	movs	r7, r3
20009e62:	37dc      	adds	r7, #220	@ 0xdc
20009e64:	6038      	str	r0, [r7, #0]
20009e66:	4816      	ldr	r0, [pc, #88]	@ (20009ec0 <pio_sm_set_consecutive_pindirs+0xb8>)
20009e68:	4330      	orrs	r0, r6
20009e6a:	33d8      	adds	r3, #216	@ 0xd8
20009e6c:	6018      	str	r0, [r3, #0]
20009e6e:	3905      	subs	r1, #5
20009e70:	3205      	adds	r2, #5
20009e72:	231f      	movs	r3, #31
20009e74:	401a      	ands	r2, r3
20009e76:	2905      	cmp	r1, #5
20009e78:	d8ea      	bhi.n	20009e50 <pio_sm_set_consecutive_pindirs+0x48>
20009e7a:	0689      	lsls	r1, r1, #26
20009e7c:	0152      	lsls	r2, r2, #5
20009e7e:	4311      	orrs	r1, r2
20009e80:	0062      	lsls	r2, r4, #1
20009e82:	1913      	adds	r3, r2, r4
20009e84:	00db      	lsls	r3, r3, #3
20009e86:	18eb      	adds	r3, r5, r3
20009e88:	0018      	movs	r0, r3
20009e8a:	30dc      	adds	r0, #220	@ 0xdc
20009e8c:	6001      	str	r1, [r0, #0]
20009e8e:	490c      	ldr	r1, [pc, #48]	@ (20009ec0 <pio_sm_set_consecutive_pindirs+0xb8>)
20009e90:	4331      	orrs	r1, r6
20009e92:	33d8      	adds	r3, #216	@ 0xd8
20009e94:	6019      	str	r1, [r3, #0]
20009e96:	4643      	mov	r3, r8
20009e98:	6003      	str	r3, [r0, #0]
20009e9a:	1912      	adds	r2, r2, r4
20009e9c:	00d2      	lsls	r2, r2, #3
20009e9e:	18ad      	adds	r5, r5, r2
20009ea0:	35cc      	adds	r5, #204	@ 0xcc
20009ea2:	4663      	mov	r3, ip
20009ea4:	602b      	str	r3, [r5, #0]
20009ea6:	2000      	movs	r0, #0
20009ea8:	bcc0      	pop	{r6, r7}
20009eaa:	46b9      	mov	r9, r7
20009eac:	46b0      	mov	r8, r6
20009eae:	bdf0      	pop	{r4, r5, r6, r7, pc}
20009eb0:	261f      	movs	r6, #31
20009eb2:	e7e0      	b.n	20009e76 <pio_sm_set_consecutive_pindirs+0x6e>
20009eb4:	2005      	movs	r0, #5
20009eb6:	4240      	negs	r0, r0
20009eb8:	e7f6      	b.n	20009ea8 <pio_sm_set_consecutive_pindirs+0xa0>
20009eba:	46c0      	nop			@ (mov r8, r8)
20009ebc:	00003004 	.word	0x00003004
20009ec0:	0000e080 	.word	0x0000e080

20009ec4 <pio_sm_init>:
20009ec4:	b5f0      	push	{r4, r5, r6, r7, lr}
20009ec6:	b085      	sub	sp, #20
20009ec8:	0004      	movs	r4, r0
20009eca:	000d      	movs	r5, r1
20009ecc:	0017      	movs	r7, r2
20009ece:	6802      	ldr	r2, [r0, #0]
20009ed0:	2101      	movs	r1, #1
20009ed2:	40a9      	lsls	r1, r5
20009ed4:	438a      	bics	r2, r1
20009ed6:	6002      	str	r2, [r0, #0]
20009ed8:	2b00      	cmp	r3, #0
20009eda:	d036      	beq.n	20009f4a <pio_sm_init+0x86>
20009edc:	6818      	ldr	r0, [r3, #0]
20009ede:	006a      	lsls	r2, r5, #1
20009ee0:	1952      	adds	r2, r2, r5
20009ee2:	00d2      	lsls	r2, r2, #3
20009ee4:	18a2      	adds	r2, r4, r2
20009ee6:	0011      	movs	r1, r2
20009ee8:	31c8      	adds	r1, #200	@ 0xc8
20009eea:	6008      	str	r0, [r1, #0]
20009eec:	6898      	ldr	r0, [r3, #8]
20009eee:	3108      	adds	r1, #8
20009ef0:	6008      	str	r0, [r1, #0]
20009ef2:	6858      	ldr	r0, [r3, #4]
20009ef4:	3904      	subs	r1, #4
20009ef6:	6008      	str	r0, [r1, #0]
20009ef8:	68db      	ldr	r3, [r3, #12]
20009efa:	32dc      	adds	r2, #220	@ 0xdc
20009efc:	6013      	str	r3, [r2, #0]
20009efe:	006a      	lsls	r2, r5, #1
20009f00:	1953      	adds	r3, r2, r5
20009f02:	00db      	lsls	r3, r3, #3
20009f04:	33d0      	adds	r3, #208	@ 0xd0
20009f06:	18e3      	adds	r3, r4, r3
20009f08:	2180      	movs	r1, #128	@ 0x80
20009f0a:	0149      	lsls	r1, r1, #5
20009f0c:	468c      	mov	ip, r1
20009f0e:	4463      	add	r3, ip
20009f10:	2180      	movs	r1, #128	@ 0x80
20009f12:	0609      	lsls	r1, r1, #24
20009f14:	6019      	str	r1, [r3, #0]
20009f16:	6019      	str	r1, [r3, #0]
20009f18:	4b16      	ldr	r3, [pc, #88]	@ (20009f74 <pio_sm_init+0xb0>)
20009f1a:	40ab      	lsls	r3, r5
20009f1c:	60a3      	str	r3, [r4, #8]
20009f1e:	1d29      	adds	r1, r5, #4
20009f20:	2301      	movs	r3, #1
20009f22:	0018      	movs	r0, r3
20009f24:	4088      	lsls	r0, r1
20009f26:	2180      	movs	r1, #128	@ 0x80
20009f28:	0189      	lsls	r1, r1, #6
20009f2a:	1861      	adds	r1, r4, r1
20009f2c:	6008      	str	r0, [r1, #0]
20009f2e:	0028      	movs	r0, r5
20009f30:	3008      	adds	r0, #8
20009f32:	4083      	lsls	r3, r0
20009f34:	600b      	str	r3, [r1, #0]
20009f36:	231f      	movs	r3, #31
20009f38:	403b      	ands	r3, r7
20009f3a:	1952      	adds	r2, r2, r5
20009f3c:	00d2      	lsls	r2, r2, #3
20009f3e:	18a4      	adds	r4, r4, r2
20009f40:	34d8      	adds	r4, #216	@ 0xd8
20009f42:	6023      	str	r3, [r4, #0]
20009f44:	2000      	movs	r0, #0
20009f46:	b005      	add	sp, #20
20009f48:	bdf0      	pop	{r4, r5, r6, r7, pc}
20009f4a:	4668      	mov	r0, sp
20009f4c:	f7ff fe32 	bl	20009bb4 <pio_get_default_sm_config>
20009f50:	9900      	ldr	r1, [sp, #0]
20009f52:	006b      	lsls	r3, r5, #1
20009f54:	195b      	adds	r3, r3, r5
20009f56:	00db      	lsls	r3, r3, #3
20009f58:	18e3      	adds	r3, r4, r3
20009f5a:	001a      	movs	r2, r3
20009f5c:	32c8      	adds	r2, #200	@ 0xc8
20009f5e:	6011      	str	r1, [r2, #0]
20009f60:	9902      	ldr	r1, [sp, #8]
20009f62:	3208      	adds	r2, #8
20009f64:	6011      	str	r1, [r2, #0]
20009f66:	9901      	ldr	r1, [sp, #4]
20009f68:	3a04      	subs	r2, #4
20009f6a:	6011      	str	r1, [r2, #0]
20009f6c:	9a03      	ldr	r2, [sp, #12]
20009f6e:	33dc      	adds	r3, #220	@ 0xdc
20009f70:	601a      	str	r2, [r3, #0]
20009f72:	e7c4      	b.n	20009efe <pio_sm_init+0x3a>
20009f74:	01010101 	.word	0x01010101

20009f78 <spi_unreset>:
20009f78:	4b07      	ldr	r3, [pc, #28]	@ (20009f98 <spi_unreset+0x20>)
20009f7a:	4298      	cmp	r0, r3
20009f7c:	d00a      	beq.n	20009f94 <spi_unreset+0x1c>
20009f7e:	2310      	movs	r3, #16
20009f80:	2201      	movs	r2, #1
20009f82:	409a      	lsls	r2, r3
20009f84:	4b05      	ldr	r3, [pc, #20]	@ (20009f9c <spi_unreset+0x24>)
20009f86:	601a      	str	r2, [r3, #0]
20009f88:	4b05      	ldr	r3, [pc, #20]	@ (20009fa0 <spi_unreset+0x28>)
20009f8a:	681b      	ldr	r3, [r3, #0]
20009f8c:	0011      	movs	r1, r2
20009f8e:	4399      	bics	r1, r3
20009f90:	d1fa      	bne.n	20009f88 <spi_unreset+0x10>
20009f92:	4770      	bx	lr
20009f94:	2311      	movs	r3, #17
20009f96:	e7f3      	b.n	20009f80 <spi_unreset+0x8>
20009f98:	40040000 	.word	0x40040000
20009f9c:	4000f000 	.word	0x4000f000
20009fa0:	4000c008 	.word	0x4000c008

20009fa4 <spi_set_baudrate>:
20009fa4:	b5f8      	push	{r3, r4, r5, r6, r7, lr}
20009fa6:	46de      	mov	lr, fp
20009fa8:	4657      	mov	r7, sl
20009faa:	464e      	mov	r6, r9
20009fac:	4645      	mov	r5, r8
20009fae:	b5e0      	push	{r5, r6, r7, lr}
20009fb0:	4681      	mov	r9, r0
20009fb2:	000e      	movs	r6, r1
20009fb4:	2006      	movs	r0, #6
20009fb6:	f7fc fe17 	bl	20006be8 <clock_get_hz>
20009fba:	4680      	mov	r8, r0
20009fbc:	464b      	mov	r3, r9
20009fbe:	685a      	ldr	r2, [r3, #4]
20009fc0:	2302      	movs	r3, #2
20009fc2:	401a      	ands	r2, r3
20009fc4:	4692      	mov	sl, r2
20009fc6:	464a      	mov	r2, r9
20009fc8:	3204      	adds	r2, #4
20009fca:	4693      	mov	fp, r2
20009fcc:	4a22      	ldr	r2, [pc, #136]	@ (2000a058 <spi_set_baudrate+0xb4>)
20009fce:	444a      	add	r2, r9
20009fd0:	6013      	str	r3, [r2, #0]
20009fd2:	2402      	movs	r4, #2
20009fd4:	e000      	b.n	20009fd8 <spi_set_baudrate+0x34>
20009fd6:	3402      	adds	r4, #2
20009fd8:	2cfe      	cmp	r4, #254	@ 0xfe
20009fda:	d81a      	bhi.n	2000a012 <spi_set_baudrate+0x6e>
20009fdc:	2500      	movs	r5, #0
20009fde:	0220      	lsls	r0, r4, #8
20009fe0:	0032      	movs	r2, r6
20009fe2:	2300      	movs	r3, #0
20009fe4:	2100      	movs	r1, #0
20009fe6:	f7fd ff91 	bl	20007f0c <__wrap___aeabi_lmul>
20009fea:	2900      	cmp	r1, #0
20009fec:	d103      	bne.n	20009ff6 <spi_set_baudrate+0x52>
20009fee:	42a9      	cmp	r1, r5
20009ff0:	d1f1      	bne.n	20009fd6 <spi_set_baudrate+0x32>
20009ff2:	4540      	cmp	r0, r8
20009ff4:	d9ef      	bls.n	20009fd6 <spi_set_baudrate+0x32>
20009ff6:	2780      	movs	r7, #128	@ 0x80
20009ff8:	007f      	lsls	r7, r7, #1
20009ffa:	2f01      	cmp	r7, #1
20009ffc:	d90c      	bls.n	2000a018 <spi_set_baudrate+0x74>
20009ffe:	1e7d      	subs	r5, r7, #1
2000a000:	0021      	movs	r1, r4
2000a002:	4369      	muls	r1, r5
2000a004:	4640      	mov	r0, r8
2000a006:	f7fd f945 	bl	20007294 <__wrap___aeabi_uidiv>
2000a00a:	42b0      	cmp	r0, r6
2000a00c:	d804      	bhi.n	2000a018 <spi_set_baudrate+0x74>
2000a00e:	002f      	movs	r7, r5
2000a010:	e7f3      	b.n	20009ffa <spi_set_baudrate+0x56>
2000a012:	2780      	movs	r7, #128	@ 0x80
2000a014:	007f      	lsls	r7, r7, #1
2000a016:	e7f0      	b.n	20009ffa <spi_set_baudrate+0x56>
2000a018:	464b      	mov	r3, r9
2000a01a:	611c      	str	r4, [r3, #16]
2000a01c:	1e7a      	subs	r2, r7, #1
2000a01e:	0212      	lsls	r2, r2, #8
2000a020:	681b      	ldr	r3, [r3, #0]
2000a022:	405a      	eors	r2, r3
2000a024:	23ff      	movs	r3, #255	@ 0xff
2000a026:	021b      	lsls	r3, r3, #8
2000a028:	401a      	ands	r2, r3
2000a02a:	2380      	movs	r3, #128	@ 0x80
2000a02c:	015b      	lsls	r3, r3, #5
2000a02e:	444b      	add	r3, r9
2000a030:	601a      	str	r2, [r3, #0]
2000a032:	465b      	mov	r3, fp
2000a034:	2280      	movs	r2, #128	@ 0x80
2000a036:	0192      	lsls	r2, r2, #6
2000a038:	4694      	mov	ip, r2
2000a03a:	4463      	add	r3, ip
2000a03c:	4652      	mov	r2, sl
2000a03e:	601a      	str	r2, [r3, #0]
2000a040:	0039      	movs	r1, r7
2000a042:	4361      	muls	r1, r4
2000a044:	4640      	mov	r0, r8
2000a046:	f7fd f925 	bl	20007294 <__wrap___aeabi_uidiv>
2000a04a:	bcf0      	pop	{r4, r5, r6, r7}
2000a04c:	46bb      	mov	fp, r7
2000a04e:	46b2      	mov	sl, r6
2000a050:	46a9      	mov	r9, r5
2000a052:	46a0      	mov	r8, r4
2000a054:	bdf8      	pop	{r3, r4, r5, r6, r7, pc}
2000a056:	46c0      	nop			@ (mov r8, r8)
2000a058:	00003004 	.word	0x00003004

2000a05c <spi_init>:
2000a05c:	b570      	push	{r4, r5, r6, lr}
2000a05e:	0004      	movs	r4, r0
2000a060:	000d      	movs	r5, r1
2000a062:	4b16      	ldr	r3, [pc, #88]	@ (2000a0bc <spi_init+0x60>)
2000a064:	4298      	cmp	r0, r3
2000a066:	d026      	beq.n	2000a0b6 <spi_init+0x5a>
2000a068:	2210      	movs	r2, #16
2000a06a:	2301      	movs	r3, #1
2000a06c:	4093      	lsls	r3, r2
2000a06e:	4a14      	ldr	r2, [pc, #80]	@ (2000a0c0 <spi_init+0x64>)
2000a070:	6013      	str	r3, [r2, #0]
2000a072:	0020      	movs	r0, r4
2000a074:	f7ff ff80 	bl	20009f78 <spi_unreset>
2000a078:	0029      	movs	r1, r5
2000a07a:	0020      	movs	r0, r4
2000a07c:	f7ff ff92 	bl	20009fa4 <spi_set_baudrate>
2000a080:	6862      	ldr	r2, [r4, #4]
2000a082:	2302      	movs	r3, #2
2000a084:	401a      	ands	r2, r3
2000a086:	490f      	ldr	r1, [pc, #60]	@ (2000a0c4 <spi_init+0x68>)
2000a088:	1861      	adds	r1, r4, r1
2000a08a:	600b      	str	r3, [r1, #0]
2000a08c:	6821      	ldr	r1, [r4, #0]
2000a08e:	2507      	movs	r5, #7
2000a090:	404d      	eors	r5, r1
2000a092:	21cf      	movs	r1, #207	@ 0xcf
2000a094:	4029      	ands	r1, r5
2000a096:	2580      	movs	r5, #128	@ 0x80
2000a098:	016d      	lsls	r5, r5, #5
2000a09a:	46ac      	mov	ip, r5
2000a09c:	44a4      	add	ip, r4
2000a09e:	4665      	mov	r5, ip
2000a0a0:	6029      	str	r1, [r5, #0]
2000a0a2:	4909      	ldr	r1, [pc, #36]	@ (2000a0c8 <spi_init+0x6c>)
2000a0a4:	1861      	adds	r1, r4, r1
2000a0a6:	600a      	str	r2, [r1, #0]
2000a0a8:	4a08      	ldr	r2, [pc, #32]	@ (2000a0cc <spi_init+0x70>)
2000a0aa:	4694      	mov	ip, r2
2000a0ac:	4464      	add	r4, ip
2000a0ae:	2203      	movs	r2, #3
2000a0b0:	6022      	str	r2, [r4, #0]
2000a0b2:	600b      	str	r3, [r1, #0]
2000a0b4:	bd70      	pop	{r4, r5, r6, pc}
2000a0b6:	2211      	movs	r2, #17
2000a0b8:	e7d7      	b.n	2000a06a <spi_init+0xe>
2000a0ba:	46c0      	nop			@ (mov r8, r8)
2000a0bc:	40040000 	.word	0x40040000
2000a0c0:	4000e000 	.word	0x4000e000
2000a0c4:	00003004 	.word	0x00003004
2000a0c8:	00002004 	.word	0x00002004
2000a0cc:	00002024 	.word	0x00002024

2000a0d0 <adc_init>:
2000a0d0:	2301      	movs	r3, #1
2000a0d2:	4a08      	ldr	r2, [pc, #32]	@ (2000a0f4 <adc_init+0x24>)
2000a0d4:	6013      	str	r3, [r2, #0]
2000a0d6:	4a08      	ldr	r2, [pc, #32]	@ (2000a0f8 <adc_init+0x28>)
2000a0d8:	6013      	str	r3, [r2, #0]
2000a0da:	4b08      	ldr	r3, [pc, #32]	@ (2000a0fc <adc_init+0x2c>)
2000a0dc:	681a      	ldr	r2, [r3, #0]
2000a0de:	2301      	movs	r3, #1
2000a0e0:	4393      	bics	r3, r2
2000a0e2:	d1fa      	bne.n	2000a0da <adc_init+0xa>
2000a0e4:	4b06      	ldr	r3, [pc, #24]	@ (2000a100 <adc_init+0x30>)
2000a0e6:	2201      	movs	r2, #1
2000a0e8:	601a      	str	r2, [r3, #0]
2000a0ea:	4b05      	ldr	r3, [pc, #20]	@ (2000a100 <adc_init+0x30>)
2000a0ec:	681b      	ldr	r3, [r3, #0]
2000a0ee:	05db      	lsls	r3, r3, #23
2000a0f0:	d5fb      	bpl.n	2000a0ea <adc_init+0x1a>
2000a0f2:	4770      	bx	lr
2000a0f4:	4000e000 	.word	0x4000e000
2000a0f8:	4000f000 	.word	0x4000f000
2000a0fc:	4000c008 	.word	0x4000c008
2000a100:	4004c000 	.word	0x4004c000

2000a104 <__aeabi_idiv0>:
2000a104:	4770      	bx	lr
2000a106:	46c0      	nop			@ (mov r8, r8)

2000a108 <__malloc_lock>:
2000a108:	b510      	push	{r4, lr}
2000a10a:	4802      	ldr	r0, [pc, #8]	@ (2000a114 <__malloc_lock+0xc>)
2000a10c:	f000 fb00 	bl	2000a710 <__retarget_lock_acquire_recursive>
2000a110:	bd10      	pop	{r4, pc}
2000a112:	46c0      	nop			@ (mov r8, r8)
2000a114:	2000e3a0 	.word	0x2000e3a0

2000a118 <__malloc_unlock>:
2000a118:	b510      	push	{r4, lr}
2000a11a:	4802      	ldr	r0, [pc, #8]	@ (2000a124 <__malloc_unlock+0xc>)
2000a11c:	f000 fafa 	bl	2000a714 <__retarget_lock_release_recursive>
2000a120:	bd10      	pop	{r4, pc}
2000a122:	46c0      	nop			@ (mov r8, r8)
2000a124:	2000e3a0 	.word	0x2000e3a0

2000a128 <__sflush_r>:
2000a128:	b5f0      	push	{r4, r5, r6, r7, lr}
2000a12a:	46c6      	mov	lr, r8
2000a12c:	b500      	push	{lr}
2000a12e:	220c      	movs	r2, #12
2000a130:	5e8b      	ldrsh	r3, [r1, r2]
2000a132:	4680      	mov	r8, r0
2000a134:	000c      	movs	r4, r1
2000a136:	071a      	lsls	r2, r3, #28
2000a138:	d454      	bmi.n	2000a1e4 <__sflush_r+0xbc>
2000a13a:	2180      	movs	r1, #128	@ 0x80
2000a13c:	6862      	ldr	r2, [r4, #4]
2000a13e:	0109      	lsls	r1, r1, #4
2000a140:	4319      	orrs	r1, r3
2000a142:	81a1      	strh	r1, [r4, #12]
2000a144:	2a00      	cmp	r2, #0
2000a146:	dc00      	bgt.n	2000a14a <__sflush_r+0x22>
2000a148:	e06d      	b.n	2000a226 <__sflush_r+0xfe>
2000a14a:	6aa5      	ldr	r5, [r4, #40]	@ 0x28
2000a14c:	2d00      	cmp	r5, #0
2000a14e:	d045      	beq.n	2000a1dc <__sflush_r+0xb4>
2000a150:	4642      	mov	r2, r8
2000a152:	4640      	mov	r0, r8
2000a154:	6816      	ldr	r6, [r2, #0]
2000a156:	2200      	movs	r2, #0
2000a158:	6002      	str	r2, [r0, #0]
2000a15a:	04db      	lsls	r3, r3, #19
2000a15c:	d468      	bmi.n	2000a230 <__sflush_r+0x108>
2000a15e:	2200      	movs	r2, #0
2000a160:	2301      	movs	r3, #1
2000a162:	69e1      	ldr	r1, [r4, #28]
2000a164:	47a8      	blx	r5
2000a166:	0002      	movs	r2, r0
2000a168:	1c43      	adds	r3, r0, #1
2000a16a:	d100      	bne.n	2000a16e <__sflush_r+0x46>
2000a16c:	e06d      	b.n	2000a24a <__sflush_r+0x122>
2000a16e:	230c      	movs	r3, #12
2000a170:	5ee1      	ldrsh	r1, [r4, r3]
2000a172:	6aa5      	ldr	r5, [r4, #40]	@ 0x28
2000a174:	0749      	lsls	r1, r1, #29
2000a176:	d506      	bpl.n	2000a186 <__sflush_r+0x5e>
2000a178:	6863      	ldr	r3, [r4, #4]
2000a17a:	1ad2      	subs	r2, r2, r3
2000a17c:	6b23      	ldr	r3, [r4, #48]	@ 0x30
2000a17e:	2b00      	cmp	r3, #0
2000a180:	d001      	beq.n	2000a186 <__sflush_r+0x5e>
2000a182:	6be3      	ldr	r3, [r4, #60]	@ 0x3c
2000a184:	1ad2      	subs	r2, r2, r3
2000a186:	2300      	movs	r3, #0
2000a188:	69e1      	ldr	r1, [r4, #28]
2000a18a:	4640      	mov	r0, r8
2000a18c:	47a8      	blx	r5
2000a18e:	230c      	movs	r3, #12
2000a190:	5ee1      	ldrsh	r1, [r4, r3]
2000a192:	1c43      	adds	r3, r0, #1
2000a194:	d14e      	bne.n	2000a234 <__sflush_r+0x10c>
2000a196:	4643      	mov	r3, r8
2000a198:	681a      	ldr	r2, [r3, #0]
2000a19a:	2a1d      	cmp	r2, #29
2000a19c:	d861      	bhi.n	2000a262 <__sflush_r+0x13a>
2000a19e:	4b32      	ldr	r3, [pc, #200]	@ (2000a268 <__sflush_r+0x140>)
2000a1a0:	40d3      	lsrs	r3, r2
2000a1a2:	07db      	lsls	r3, r3, #31
2000a1a4:	d55d      	bpl.n	2000a262 <__sflush_r+0x13a>
2000a1a6:	4b31      	ldr	r3, [pc, #196]	@ (2000a26c <__sflush_r+0x144>)
2000a1a8:	400b      	ands	r3, r1
2000a1aa:	81a3      	strh	r3, [r4, #12]
2000a1ac:	2300      	movs	r3, #0
2000a1ae:	6063      	str	r3, [r4, #4]
2000a1b0:	6923      	ldr	r3, [r4, #16]
2000a1b2:	6023      	str	r3, [r4, #0]
2000a1b4:	04c9      	lsls	r1, r1, #19
2000a1b6:	d503      	bpl.n	2000a1c0 <__sflush_r+0x98>
2000a1b8:	4643      	mov	r3, r8
2000a1ba:	681b      	ldr	r3, [r3, #0]
2000a1bc:	2b00      	cmp	r3, #0
2000a1be:	d042      	beq.n	2000a246 <__sflush_r+0x11e>
2000a1c0:	4643      	mov	r3, r8
2000a1c2:	6b21      	ldr	r1, [r4, #48]	@ 0x30
2000a1c4:	601e      	str	r6, [r3, #0]
2000a1c6:	2900      	cmp	r1, #0
2000a1c8:	d008      	beq.n	2000a1dc <__sflush_r+0xb4>
2000a1ca:	0023      	movs	r3, r4
2000a1cc:	3340      	adds	r3, #64	@ 0x40
2000a1ce:	4299      	cmp	r1, r3
2000a1d0:	d002      	beq.n	2000a1d8 <__sflush_r+0xb0>
2000a1d2:	4640      	mov	r0, r8
2000a1d4:	f000 fb36 	bl	2000a844 <_free_r>
2000a1d8:	2300      	movs	r3, #0
2000a1da:	6323      	str	r3, [r4, #48]	@ 0x30
2000a1dc:	2000      	movs	r0, #0
2000a1de:	bc80      	pop	{r7}
2000a1e0:	46b8      	mov	r8, r7
2000a1e2:	bdf0      	pop	{r4, r5, r6, r7, pc}
2000a1e4:	690e      	ldr	r6, [r1, #16]
2000a1e6:	2e00      	cmp	r6, #0
2000a1e8:	d0f8      	beq.n	2000a1dc <__sflush_r+0xb4>
2000a1ea:	680d      	ldr	r5, [r1, #0]
2000a1ec:	2200      	movs	r2, #0
2000a1ee:	1bad      	subs	r5, r5, r6
2000a1f0:	600e      	str	r6, [r1, #0]
2000a1f2:	079b      	lsls	r3, r3, #30
2000a1f4:	d100      	bne.n	2000a1f8 <__sflush_r+0xd0>
2000a1f6:	694a      	ldr	r2, [r1, #20]
2000a1f8:	60a2      	str	r2, [r4, #8]
2000a1fa:	2d00      	cmp	r5, #0
2000a1fc:	dc04      	bgt.n	2000a208 <__sflush_r+0xe0>
2000a1fe:	e7ed      	b.n	2000a1dc <__sflush_r+0xb4>
2000a200:	1836      	adds	r6, r6, r0
2000a202:	1a2d      	subs	r5, r5, r0
2000a204:	2d00      	cmp	r5, #0
2000a206:	dde9      	ble.n	2000a1dc <__sflush_r+0xb4>
2000a208:	002b      	movs	r3, r5
2000a20a:	0032      	movs	r2, r6
2000a20c:	4640      	mov	r0, r8
2000a20e:	69e1      	ldr	r1, [r4, #28]
2000a210:	6a67      	ldr	r7, [r4, #36]	@ 0x24
2000a212:	47b8      	blx	r7
2000a214:	2800      	cmp	r0, #0
2000a216:	dcf3      	bgt.n	2000a200 <__sflush_r+0xd8>
2000a218:	2240      	movs	r2, #64	@ 0x40
2000a21a:	89a3      	ldrh	r3, [r4, #12]
2000a21c:	4313      	orrs	r3, r2
2000a21e:	2001      	movs	r0, #1
2000a220:	81a3      	strh	r3, [r4, #12]
2000a222:	4240      	negs	r0, r0
2000a224:	e7db      	b.n	2000a1de <__sflush_r+0xb6>
2000a226:	6be2      	ldr	r2, [r4, #60]	@ 0x3c
2000a228:	2a00      	cmp	r2, #0
2000a22a:	dd00      	ble.n	2000a22e <__sflush_r+0x106>
2000a22c:	e78d      	b.n	2000a14a <__sflush_r+0x22>
2000a22e:	e7d5      	b.n	2000a1dc <__sflush_r+0xb4>
2000a230:	6d22      	ldr	r2, [r4, #80]	@ 0x50
2000a232:	e79f      	b.n	2000a174 <__sflush_r+0x4c>
2000a234:	4b0d      	ldr	r3, [pc, #52]	@ (2000a26c <__sflush_r+0x144>)
2000a236:	400b      	ands	r3, r1
2000a238:	81a3      	strh	r3, [r4, #12]
2000a23a:	2300      	movs	r3, #0
2000a23c:	6063      	str	r3, [r4, #4]
2000a23e:	6923      	ldr	r3, [r4, #16]
2000a240:	6023      	str	r3, [r4, #0]
2000a242:	04c9      	lsls	r1, r1, #19
2000a244:	d5bc      	bpl.n	2000a1c0 <__sflush_r+0x98>
2000a246:	6520      	str	r0, [r4, #80]	@ 0x50
2000a248:	e7ba      	b.n	2000a1c0 <__sflush_r+0x98>
2000a24a:	4643      	mov	r3, r8
2000a24c:	681b      	ldr	r3, [r3, #0]
2000a24e:	2b00      	cmp	r3, #0
2000a250:	d100      	bne.n	2000a254 <__sflush_r+0x12c>
2000a252:	e78c      	b.n	2000a16e <__sflush_r+0x46>
2000a254:	2b1d      	cmp	r3, #29
2000a256:	d001      	beq.n	2000a25c <__sflush_r+0x134>
2000a258:	2b16      	cmp	r3, #22
2000a25a:	d1dd      	bne.n	2000a218 <__sflush_r+0xf0>
2000a25c:	4643      	mov	r3, r8
2000a25e:	601e      	str	r6, [r3, #0]
2000a260:	e7bc      	b.n	2000a1dc <__sflush_r+0xb4>
2000a262:	2340      	movs	r3, #64	@ 0x40
2000a264:	430b      	orrs	r3, r1
2000a266:	e7da      	b.n	2000a21e <__sflush_r+0xf6>
2000a268:	20400001 	.word	0x20400001
2000a26c:	fffff7ff 	.word	0xfffff7ff

2000a270 <_fflush_r>:
2000a270:	b570      	push	{r4, r5, r6, lr}
2000a272:	0005      	movs	r5, r0
2000a274:	000c      	movs	r4, r1
2000a276:	2800      	cmp	r0, #0
2000a278:	d002      	beq.n	2000a280 <_fflush_r+0x10>
2000a27a:	6b43      	ldr	r3, [r0, #52]	@ 0x34
2000a27c:	2b00      	cmp	r3, #0
2000a27e:	d027      	beq.n	2000a2d0 <_fflush_r+0x60>
2000a280:	220c      	movs	r2, #12
2000a282:	5ea3      	ldrsh	r3, [r4, r2]
2000a284:	2b00      	cmp	r3, #0
2000a286:	d011      	beq.n	2000a2ac <_fflush_r+0x3c>
2000a288:	6e62      	ldr	r2, [r4, #100]	@ 0x64
2000a28a:	07d2      	lsls	r2, r2, #31
2000a28c:	d401      	bmi.n	2000a292 <_fflush_r+0x22>
2000a28e:	059b      	lsls	r3, r3, #22
2000a290:	d50e      	bpl.n	2000a2b0 <_fflush_r+0x40>
2000a292:	0028      	movs	r0, r5
2000a294:	0021      	movs	r1, r4
2000a296:	f7ff ff47 	bl	2000a128 <__sflush_r>
2000a29a:	6e63      	ldr	r3, [r4, #100]	@ 0x64
2000a29c:	0005      	movs	r5, r0
2000a29e:	07db      	lsls	r3, r3, #31
2000a2a0:	d402      	bmi.n	2000a2a8 <_fflush_r+0x38>
2000a2a2:	89a3      	ldrh	r3, [r4, #12]
2000a2a4:	059b      	lsls	r3, r3, #22
2000a2a6:	d50f      	bpl.n	2000a2c8 <_fflush_r+0x58>
2000a2a8:	0028      	movs	r0, r5
2000a2aa:	bd70      	pop	{r4, r5, r6, pc}
2000a2ac:	2500      	movs	r5, #0
2000a2ae:	e7fb      	b.n	2000a2a8 <_fflush_r+0x38>
2000a2b0:	6da0      	ldr	r0, [r4, #88]	@ 0x58
2000a2b2:	f000 fa2d 	bl	2000a710 <__retarget_lock_acquire_recursive>
2000a2b6:	0028      	movs	r0, r5
2000a2b8:	0021      	movs	r1, r4
2000a2ba:	f7ff ff35 	bl	2000a128 <__sflush_r>
2000a2be:	6e63      	ldr	r3, [r4, #100]	@ 0x64
2000a2c0:	0005      	movs	r5, r0
2000a2c2:	07db      	lsls	r3, r3, #31
2000a2c4:	d4f0      	bmi.n	2000a2a8 <_fflush_r+0x38>
2000a2c6:	e7ec      	b.n	2000a2a2 <_fflush_r+0x32>
2000a2c8:	6da0      	ldr	r0, [r4, #88]	@ 0x58
2000a2ca:	f000 fa23 	bl	2000a714 <__retarget_lock_release_recursive>
2000a2ce:	e7eb      	b.n	2000a2a8 <_fflush_r+0x38>
2000a2d0:	f000 f8f4 	bl	2000a4bc <__sinit>
2000a2d4:	e7d4      	b.n	2000a280 <_fflush_r+0x10>
2000a2d6:	46c0      	nop			@ (mov r8, r8)

2000a2d8 <fflush>:
2000a2d8:	b570      	push	{r4, r5, r6, lr}
2000a2da:	1e04      	subs	r4, r0, #0
2000a2dc:	d02a      	beq.n	2000a334 <fflush+0x5c>
2000a2de:	4b19      	ldr	r3, [pc, #100]	@ (2000a344 <fflush+0x6c>)
2000a2e0:	681d      	ldr	r5, [r3, #0]
2000a2e2:	2d00      	cmp	r5, #0
2000a2e4:	d002      	beq.n	2000a2ec <fflush+0x14>
2000a2e6:	6b6b      	ldr	r3, [r5, #52]	@ 0x34
2000a2e8:	2b00      	cmp	r3, #0
2000a2ea:	d017      	beq.n	2000a31c <fflush+0x44>
2000a2ec:	220c      	movs	r2, #12
2000a2ee:	5ea3      	ldrsh	r3, [r4, r2]
2000a2f0:	2b00      	cmp	r3, #0
2000a2f2:	d011      	beq.n	2000a318 <fflush+0x40>
2000a2f4:	6e62      	ldr	r2, [r4, #100]	@ 0x64
2000a2f6:	07d2      	lsls	r2, r2, #31
2000a2f8:	d401      	bmi.n	2000a2fe <fflush+0x26>
2000a2fa:	059b      	lsls	r3, r3, #22
2000a2fc:	d512      	bpl.n	2000a324 <fflush+0x4c>
2000a2fe:	0028      	movs	r0, r5
2000a300:	0021      	movs	r1, r4
2000a302:	f7ff ff11 	bl	2000a128 <__sflush_r>
2000a306:	6e63      	ldr	r3, [r4, #100]	@ 0x64
2000a308:	0005      	movs	r5, r0
2000a30a:	07db      	lsls	r3, r3, #31
2000a30c:	d402      	bmi.n	2000a314 <fflush+0x3c>
2000a30e:	89a3      	ldrh	r3, [r4, #12]
2000a310:	059b      	lsls	r3, r3, #22
2000a312:	d50b      	bpl.n	2000a32c <fflush+0x54>
2000a314:	0028      	movs	r0, r5
2000a316:	bd70      	pop	{r4, r5, r6, pc}
2000a318:	2500      	movs	r5, #0
2000a31a:	e7fb      	b.n	2000a314 <fflush+0x3c>
2000a31c:	0028      	movs	r0, r5
2000a31e:	f000 f8cd 	bl	2000a4bc <__sinit>
2000a322:	e7e3      	b.n	2000a2ec <fflush+0x14>
2000a324:	6da0      	ldr	r0, [r4, #88]	@ 0x58
2000a326:	f000 f9f3 	bl	2000a710 <__retarget_lock_acquire_recursive>
2000a32a:	e7e8      	b.n	2000a2fe <fflush+0x26>
2000a32c:	6da0      	ldr	r0, [r4, #88]	@ 0x58
2000a32e:	f000 f9f1 	bl	2000a714 <__retarget_lock_release_recursive>
2000a332:	e7ef      	b.n	2000a314 <fflush+0x3c>
2000a334:	4a04      	ldr	r2, [pc, #16]	@ (2000a348 <fflush+0x70>)
2000a336:	4905      	ldr	r1, [pc, #20]	@ (2000a34c <fflush+0x74>)
2000a338:	4805      	ldr	r0, [pc, #20]	@ (2000a350 <fflush+0x78>)
2000a33a:	f000 f8eb 	bl	2000a514 <_fwalk_sglue>
2000a33e:	0005      	movs	r5, r0
2000a340:	e7e8      	b.n	2000a314 <fflush+0x3c>
2000a342:	46c0      	nop			@ (mov r8, r8)
2000a344:	2000dfc4 	.word	0x2000dfc4
2000a348:	2000dfb8 	.word	0x2000dfb8
2000a34c:	2000a271 	.word	0x2000a271
2000a350:	2000dfc8 	.word	0x2000dfc8

2000a354 <stdio_exit_handler>:
2000a354:	b510      	push	{r4, lr}
2000a356:	4a03      	ldr	r2, [pc, #12]	@ (2000a364 <stdio_exit_handler+0x10>)
2000a358:	4903      	ldr	r1, [pc, #12]	@ (2000a368 <stdio_exit_handler+0x14>)
2000a35a:	4804      	ldr	r0, [pc, #16]	@ (2000a36c <stdio_exit_handler+0x18>)
2000a35c:	f000 f8da 	bl	2000a514 <_fwalk_sglue>
2000a360:	bd10      	pop	{r4, pc}
2000a362:	46c0      	nop			@ (mov r8, r8)
2000a364:	2000dfb8 	.word	0x2000dfb8
2000a368:	2000aa19 	.word	0x2000aa19
2000a36c:	2000dfc8 	.word	0x2000dfc8

2000a370 <cleanup_stdio>:
2000a370:	6841      	ldr	r1, [r0, #4]
2000a372:	4b0b      	ldr	r3, [pc, #44]	@ (2000a3a0 <cleanup_stdio+0x30>)
2000a374:	b510      	push	{r4, lr}
2000a376:	0004      	movs	r4, r0
2000a378:	4299      	cmp	r1, r3
2000a37a:	d001      	beq.n	2000a380 <cleanup_stdio+0x10>
2000a37c:	f000 fb4c 	bl	2000aa18 <_fclose_r>
2000a380:	68a1      	ldr	r1, [r4, #8]
2000a382:	4b08      	ldr	r3, [pc, #32]	@ (2000a3a4 <cleanup_stdio+0x34>)
2000a384:	4299      	cmp	r1, r3
2000a386:	d002      	beq.n	2000a38e <cleanup_stdio+0x1e>
2000a388:	0020      	movs	r0, r4
2000a38a:	f000 fb45 	bl	2000aa18 <_fclose_r>
2000a38e:	68e1      	ldr	r1, [r4, #12]
2000a390:	4b05      	ldr	r3, [pc, #20]	@ (2000a3a8 <cleanup_stdio+0x38>)
2000a392:	4299      	cmp	r1, r3
2000a394:	d002      	beq.n	2000a39c <cleanup_stdio+0x2c>
2000a396:	0020      	movs	r0, r4
2000a398:	f000 fb3e 	bl	2000aa18 <_fclose_r>
2000a39c:	bd10      	pop	{r4, pc}
2000a39e:	46c0      	nop			@ (mov r8, r8)
2000a3a0:	2000e3d4 	.word	0x2000e3d4
2000a3a4:	2000e43c 	.word	0x2000e43c
2000a3a8:	2000e4a4 	.word	0x2000e4a4

2000a3ac <global_stdio_init.part.0>:
2000a3ac:	b5f0      	push	{r4, r5, r6, r7, lr}
2000a3ae:	4c3a      	ldr	r4, [pc, #232]	@ (2000a498 <global_stdio_init.part.0+0xec>)
2000a3b0:	4b3a      	ldr	r3, [pc, #232]	@ (2000a49c <global_stdio_init.part.0+0xf0>)
2000a3b2:	4a3b      	ldr	r2, [pc, #236]	@ (2000a4a0 <global_stdio_init.part.0+0xf4>)
2000a3b4:	0020      	movs	r0, r4
2000a3b6:	b083      	sub	sp, #12
2000a3b8:	2500      	movs	r5, #0
2000a3ba:	601a      	str	r2, [r3, #0]
2000a3bc:	2304      	movs	r3, #4
2000a3be:	2208      	movs	r2, #8
2000a3c0:	2100      	movs	r1, #0
2000a3c2:	305c      	adds	r0, #92	@ 0x5c
2000a3c4:	60e3      	str	r3, [r4, #12]
2000a3c6:	6025      	str	r5, [r4, #0]
2000a3c8:	6065      	str	r5, [r4, #4]
2000a3ca:	60a5      	str	r5, [r4, #8]
2000a3cc:	6665      	str	r5, [r4, #100]	@ 0x64
2000a3ce:	6125      	str	r5, [r4, #16]
2000a3d0:	6165      	str	r5, [r4, #20]
2000a3d2:	61a5      	str	r5, [r4, #24]
2000a3d4:	f7fd fed2 	bl	2000817c <__wrap_memset>
2000a3d8:	0020      	movs	r0, r4
2000a3da:	4f32      	ldr	r7, [pc, #200]	@ (2000a4a4 <global_stdio_init.part.0+0xf8>)
2000a3dc:	4e32      	ldr	r6, [pc, #200]	@ (2000a4a8 <global_stdio_init.part.0+0xfc>)
2000a3de:	4b33      	ldr	r3, [pc, #204]	@ (2000a4ac <global_stdio_init.part.0+0x100>)
2000a3e0:	4933      	ldr	r1, [pc, #204]	@ (2000a4b0 <global_stdio_init.part.0+0x104>)
2000a3e2:	3058      	adds	r0, #88	@ 0x58
2000a3e4:	9300      	str	r3, [sp, #0]
2000a3e6:	6223      	str	r3, [r4, #32]
2000a3e8:	9101      	str	r1, [sp, #4]
2000a3ea:	6261      	str	r1, [r4, #36]	@ 0x24
2000a3ec:	61e4      	str	r4, [r4, #28]
2000a3ee:	62a7      	str	r7, [r4, #40]	@ 0x28
2000a3f0:	62e6      	str	r6, [r4, #44]	@ 0x2c
2000a3f2:	f000 f989 	bl	2000a708 <__retarget_lock_init_recursive>
2000a3f6:	23cc      	movs	r3, #204	@ 0xcc
2000a3f8:	50e5      	str	r5, [r4, r3]
2000a3fa:	4b2e      	ldr	r3, [pc, #184]	@ (2000a4b4 <global_stdio_init.part.0+0x108>)
2000a3fc:	0020      	movs	r0, r4
2000a3fe:	6763      	str	r3, [r4, #116]	@ 0x74
2000a400:	2380      	movs	r3, #128	@ 0x80
2000a402:	2208      	movs	r2, #8
2000a404:	2100      	movs	r1, #0
2000a406:	30c4      	adds	r0, #196	@ 0xc4
2000a408:	50e5      	str	r5, [r4, r3]
2000a40a:	66a5      	str	r5, [r4, #104]	@ 0x68
2000a40c:	66e5      	str	r5, [r4, #108]	@ 0x6c
2000a40e:	6725      	str	r5, [r4, #112]	@ 0x70
2000a410:	67a5      	str	r5, [r4, #120]	@ 0x78
2000a412:	67e5      	str	r5, [r4, #124]	@ 0x7c
2000a414:	f7fd feb2 	bl	2000817c <__wrap_memset>
2000a418:	0022      	movs	r2, r4
2000a41a:	2384      	movs	r3, #132	@ 0x84
2000a41c:	0020      	movs	r0, r4
2000a41e:	3268      	adds	r2, #104	@ 0x68
2000a420:	50e2      	str	r2, [r4, r3]
2000a422:	9a00      	ldr	r2, [sp, #0]
2000a424:	9901      	ldr	r1, [sp, #4]
2000a426:	3304      	adds	r3, #4
2000a428:	50e2      	str	r2, [r4, r3]
2000a42a:	3304      	adds	r3, #4
2000a42c:	50e1      	str	r1, [r4, r3]
2000a42e:	3304      	adds	r3, #4
2000a430:	50e7      	str	r7, [r4, r3]
2000a432:	30c0      	adds	r0, #192	@ 0xc0
2000a434:	3304      	adds	r3, #4
2000a436:	50e6      	str	r6, [r4, r3]
2000a438:	f000 f966 	bl	2000a708 <__retarget_lock_init_recursive>
2000a43c:	23d0      	movs	r3, #208	@ 0xd0
2000a43e:	0020      	movs	r0, r4
2000a440:	50e5      	str	r5, [r4, r3]
2000a442:	3304      	adds	r3, #4
2000a444:	50e5      	str	r5, [r4, r3]
2000a446:	3304      	adds	r3, #4
2000a448:	50e5      	str	r5, [r4, r3]
2000a44a:	4a1b      	ldr	r2, [pc, #108]	@ (2000a4b8 <global_stdio_init.part.0+0x10c>)
2000a44c:	335c      	adds	r3, #92	@ 0x5c
2000a44e:	50e5      	str	r5, [r4, r3]
2000a450:	3b58      	subs	r3, #88	@ 0x58
2000a452:	50e2      	str	r2, [r4, r3]
2000a454:	3304      	adds	r3, #4
2000a456:	50e5      	str	r5, [r4, r3]
2000a458:	302d      	adds	r0, #45	@ 0x2d
2000a45a:	3304      	adds	r3, #4
2000a45c:	50e5      	str	r5, [r4, r3]
2000a45e:	2208      	movs	r2, #8
2000a460:	3304      	adds	r3, #4
2000a462:	2100      	movs	r1, #0
2000a464:	30ff      	adds	r0, #255	@ 0xff
2000a466:	50e5      	str	r5, [r4, r3]
2000a468:	f7fd fe88 	bl	2000817c <__wrap_memset>
2000a46c:	0020      	movs	r0, r4
2000a46e:	23ec      	movs	r3, #236	@ 0xec
2000a470:	30d0      	adds	r0, #208	@ 0xd0
2000a472:	50e0      	str	r0, [r4, r3]
2000a474:	0020      	movs	r0, r4
2000a476:	9a00      	ldr	r2, [sp, #0]
2000a478:	9901      	ldr	r1, [sp, #4]
2000a47a:	3304      	adds	r3, #4
2000a47c:	50e2      	str	r2, [r4, r3]
2000a47e:	3304      	adds	r3, #4
2000a480:	50e1      	str	r1, [r4, r3]
2000a482:	3029      	adds	r0, #41	@ 0x29
2000a484:	3304      	adds	r3, #4
2000a486:	50e7      	str	r7, [r4, r3]
2000a488:	30ff      	adds	r0, #255	@ 0xff
2000a48a:	3304      	adds	r3, #4
2000a48c:	50e6      	str	r6, [r4, r3]
2000a48e:	f000 f93b 	bl	2000a708 <__retarget_lock_init_recursive>
2000a492:	b003      	add	sp, #12
2000a494:	bdf0      	pop	{r4, r5, r6, r7, pc}
2000a496:	46c0      	nop			@ (mov r8, r8)
2000a498:	2000e3d4 	.word	0x2000e3d4
2000a49c:	2000e50c 	.word	0x2000e50c
2000a4a0:	2000a355 	.word	0x2000a355
2000a4a4:	2000a5c1 	.word	0x2000a5c1
2000a4a8:	2000a5ed 	.word	0x2000a5ed
2000a4ac:	2000a559 	.word	0x2000a559
2000a4b0:	2000a581 	.word	0x2000a581
2000a4b4:	00010009 	.word	0x00010009
2000a4b8:	00020012 	.word	0x00020012

2000a4bc <__sinit>:
2000a4bc:	b570      	push	{r4, r5, r6, lr}
2000a4be:	0005      	movs	r5, r0
2000a4c0:	4c09      	ldr	r4, [pc, #36]	@ (2000a4e8 <__sinit+0x2c>)
2000a4c2:	0020      	movs	r0, r4
2000a4c4:	f000 f924 	bl	2000a710 <__retarget_lock_acquire_recursive>
2000a4c8:	6b6b      	ldr	r3, [r5, #52]	@ 0x34
2000a4ca:	2b00      	cmp	r3, #0
2000a4cc:	d105      	bne.n	2000a4da <__sinit+0x1e>
2000a4ce:	4b07      	ldr	r3, [pc, #28]	@ (2000a4ec <__sinit+0x30>)
2000a4d0:	636b      	str	r3, [r5, #52]	@ 0x34
2000a4d2:	4b07      	ldr	r3, [pc, #28]	@ (2000a4f0 <__sinit+0x34>)
2000a4d4:	681b      	ldr	r3, [r3, #0]
2000a4d6:	2b00      	cmp	r3, #0
2000a4d8:	d003      	beq.n	2000a4e2 <__sinit+0x26>
2000a4da:	0020      	movs	r0, r4
2000a4dc:	f000 f91a 	bl	2000a714 <__retarget_lock_release_recursive>
2000a4e0:	bd70      	pop	{r4, r5, r6, pc}
2000a4e2:	f7ff ff63 	bl	2000a3ac <global_stdio_init.part.0>
2000a4e6:	e7f8      	b.n	2000a4da <__sinit+0x1e>
2000a4e8:	2000e3a4 	.word	0x2000e3a4
2000a4ec:	2000a371 	.word	0x2000a371
2000a4f0:	2000e50c 	.word	0x2000e50c

2000a4f4 <__sfp_lock_acquire>:
2000a4f4:	b510      	push	{r4, lr}
2000a4f6:	4802      	ldr	r0, [pc, #8]	@ (2000a500 <__sfp_lock_acquire+0xc>)
2000a4f8:	f000 f90a 	bl	2000a710 <__retarget_lock_acquire_recursive>
2000a4fc:	bd10      	pop	{r4, pc}
2000a4fe:	46c0      	nop			@ (mov r8, r8)
2000a500:	2000e3a4 	.word	0x2000e3a4

2000a504 <__sfp_lock_release>:
2000a504:	b510      	push	{r4, lr}
2000a506:	4802      	ldr	r0, [pc, #8]	@ (2000a510 <__sfp_lock_release+0xc>)
2000a508:	f000 f904 	bl	2000a714 <__retarget_lock_release_recursive>
2000a50c:	bd10      	pop	{r4, pc}
2000a50e:	46c0      	nop			@ (mov r8, r8)
2000a510:	2000e3a4 	.word	0x2000e3a4

2000a514 <_fwalk_sglue>:
2000a514:	b5f8      	push	{r3, r4, r5, r6, r7, lr}
2000a516:	4647      	mov	r7, r8
2000a518:	46ce      	mov	lr, r9
2000a51a:	4688      	mov	r8, r1
2000a51c:	b580      	push	{r7, lr}
2000a51e:	4681      	mov	r9, r0
2000a520:	0017      	movs	r7, r2
2000a522:	2600      	movs	r6, #0
2000a524:	687d      	ldr	r5, [r7, #4]
2000a526:	3d01      	subs	r5, #1
2000a528:	d40e      	bmi.n	2000a548 <_fwalk_sglue+0x34>
2000a52a:	68bc      	ldr	r4, [r7, #8]
2000a52c:	89a3      	ldrh	r3, [r4, #12]
2000a52e:	2b01      	cmp	r3, #1
2000a530:	d907      	bls.n	2000a542 <_fwalk_sglue+0x2e>
2000a532:	220e      	movs	r2, #14
2000a534:	5ea3      	ldrsh	r3, [r4, r2]
2000a536:	3301      	adds	r3, #1
2000a538:	d003      	beq.n	2000a542 <_fwalk_sglue+0x2e>
2000a53a:	0021      	movs	r1, r4
2000a53c:	4648      	mov	r0, r9
2000a53e:	47c0      	blx	r8
2000a540:	4306      	orrs	r6, r0
2000a542:	3468      	adds	r4, #104	@ 0x68
2000a544:	3d01      	subs	r5, #1
2000a546:	d2f1      	bcs.n	2000a52c <_fwalk_sglue+0x18>
2000a548:	683f      	ldr	r7, [r7, #0]
2000a54a:	2f00      	cmp	r7, #0
2000a54c:	d1ea      	bne.n	2000a524 <_fwalk_sglue+0x10>
2000a54e:	0030      	movs	r0, r6
2000a550:	bcc0      	pop	{r6, r7}
2000a552:	46b9      	mov	r9, r7
2000a554:	46b0      	mov	r8, r6
2000a556:	bdf8      	pop	{r3, r4, r5, r6, r7, pc}

2000a558 <__sread>:
2000a558:	b570      	push	{r4, r5, r6, lr}
2000a55a:	000c      	movs	r4, r1
2000a55c:	250e      	movs	r5, #14
2000a55e:	5f49      	ldrsh	r1, [r1, r5]
2000a560:	f000 f892 	bl	2000a688 <_read_r>
2000a564:	2800      	cmp	r0, #0
2000a566:	db03      	blt.n	2000a570 <__sread+0x18>
2000a568:	6d23      	ldr	r3, [r4, #80]	@ 0x50
2000a56a:	181b      	adds	r3, r3, r0
2000a56c:	6523      	str	r3, [r4, #80]	@ 0x50
2000a56e:	bd70      	pop	{r4, r5, r6, pc}
2000a570:	89a3      	ldrh	r3, [r4, #12]
2000a572:	4a02      	ldr	r2, [pc, #8]	@ (2000a57c <__sread+0x24>)
2000a574:	4013      	ands	r3, r2
2000a576:	81a3      	strh	r3, [r4, #12]
2000a578:	e7f9      	b.n	2000a56e <__sread+0x16>
2000a57a:	46c0      	nop			@ (mov r8, r8)
2000a57c:	ffffefff 	.word	0xffffefff

2000a580 <__swrite>:
2000a580:	b5f8      	push	{r3, r4, r5, r6, r7, lr}
2000a582:	0016      	movs	r6, r2
2000a584:	001f      	movs	r7, r3
2000a586:	220c      	movs	r2, #12
2000a588:	5e8b      	ldrsh	r3, [r1, r2]
2000a58a:	0005      	movs	r5, r0
2000a58c:	000c      	movs	r4, r1
2000a58e:	05da      	lsls	r2, r3, #23
2000a590:	d40a      	bmi.n	2000a5a8 <__swrite+0x28>
2000a592:	4a0a      	ldr	r2, [pc, #40]	@ (2000a5bc <__swrite+0x3c>)
2000a594:	0028      	movs	r0, r5
2000a596:	4013      	ands	r3, r2
2000a598:	81a3      	strh	r3, [r4, #12]
2000a59a:	0032      	movs	r2, r6
2000a59c:	230e      	movs	r3, #14
2000a59e:	5ee1      	ldrsh	r1, [r4, r3]
2000a5a0:	003b      	movs	r3, r7
2000a5a2:	f000 f897 	bl	2000a6d4 <_write_r>
2000a5a6:	bdf8      	pop	{r3, r4, r5, r6, r7, pc}
2000a5a8:	2200      	movs	r2, #0
2000a5aa:	230e      	movs	r3, #14
2000a5ac:	5ec9      	ldrsh	r1, [r1, r3]
2000a5ae:	2302      	movs	r3, #2
2000a5b0:	f000 f856 	bl	2000a660 <_lseek_r>
2000a5b4:	220c      	movs	r2, #12
2000a5b6:	5ea3      	ldrsh	r3, [r4, r2]
2000a5b8:	e7eb      	b.n	2000a592 <__swrite+0x12>
2000a5ba:	46c0      	nop			@ (mov r8, r8)
2000a5bc:	ffffefff 	.word	0xffffefff

2000a5c0 <__sseek>:
2000a5c0:	b570      	push	{r4, r5, r6, lr}
2000a5c2:	000c      	movs	r4, r1
2000a5c4:	250e      	movs	r5, #14
2000a5c6:	5f49      	ldrsh	r1, [r1, r5]
2000a5c8:	f000 f84a 	bl	2000a660 <_lseek_r>
2000a5cc:	220c      	movs	r2, #12
2000a5ce:	5ea3      	ldrsh	r3, [r4, r2]
2000a5d0:	1c42      	adds	r2, r0, #1
2000a5d2:	d005      	beq.n	2000a5e0 <__sseek+0x20>
2000a5d4:	2280      	movs	r2, #128	@ 0x80
2000a5d6:	0152      	lsls	r2, r2, #5
2000a5d8:	4313      	orrs	r3, r2
2000a5da:	6520      	str	r0, [r4, #80]	@ 0x50
2000a5dc:	81a3      	strh	r3, [r4, #12]
2000a5de:	bd70      	pop	{r4, r5, r6, pc}
2000a5e0:	4a01      	ldr	r2, [pc, #4]	@ (2000a5e8 <__sseek+0x28>)
2000a5e2:	4013      	ands	r3, r2
2000a5e4:	e7fa      	b.n	2000a5dc <__sseek+0x1c>
2000a5e6:	46c0      	nop			@ (mov r8, r8)
2000a5e8:	ffffefff 	.word	0xffffefff

2000a5ec <__sclose>:
2000a5ec:	b510      	push	{r4, lr}
2000a5ee:	230e      	movs	r3, #14
2000a5f0:	5ec9      	ldrsh	r1, [r1, r3]
2000a5f2:	f000 f823 	bl	2000a63c <_close_r>
2000a5f6:	bd10      	pop	{r4, pc}

2000a5f8 <memcmp>:
2000a5f8:	b530      	push	{r4, r5, lr}
2000a5fa:	0004      	movs	r4, r0
2000a5fc:	2a03      	cmp	r2, #3
2000a5fe:	d918      	bls.n	2000a632 <memcmp+0x3a>
2000a600:	000b      	movs	r3, r1
2000a602:	4303      	orrs	r3, r0
2000a604:	079b      	lsls	r3, r3, #30
2000a606:	d00b      	beq.n	2000a620 <memcmp+0x28>
2000a608:	2300      	movs	r3, #0
2000a60a:	3a01      	subs	r2, #1
2000a60c:	e002      	b.n	2000a614 <memcmp+0x1c>
2000a60e:	429a      	cmp	r2, r3
2000a610:	d011      	beq.n	2000a636 <memcmp+0x3e>
2000a612:	3301      	adds	r3, #1
2000a614:	5ce0      	ldrb	r0, [r4, r3]
2000a616:	5ccd      	ldrb	r5, [r1, r3]
2000a618:	42a8      	cmp	r0, r5
2000a61a:	d0f8      	beq.n	2000a60e <memcmp+0x16>
2000a61c:	1b40      	subs	r0, r0, r5
2000a61e:	e00b      	b.n	2000a638 <memcmp+0x40>
2000a620:	6820      	ldr	r0, [r4, #0]
2000a622:	680b      	ldr	r3, [r1, #0]
2000a624:	4298      	cmp	r0, r3
2000a626:	d1ef      	bne.n	2000a608 <memcmp+0x10>
2000a628:	3a04      	subs	r2, #4
2000a62a:	3404      	adds	r4, #4
2000a62c:	3104      	adds	r1, #4
2000a62e:	2a03      	cmp	r2, #3
2000a630:	d8f6      	bhi.n	2000a620 <memcmp+0x28>
2000a632:	2a00      	cmp	r2, #0
2000a634:	d1e8      	bne.n	2000a608 <memcmp+0x10>
2000a636:	2000      	movs	r0, #0
2000a638:	bd30      	pop	{r4, r5, pc}
2000a63a:	46c0      	nop			@ (mov r8, r8)

2000a63c <_close_r>:
2000a63c:	2300      	movs	r3, #0
2000a63e:	b570      	push	{r4, r5, r6, lr}
2000a640:	4c06      	ldr	r4, [pc, #24]	@ (2000a65c <_close_r+0x20>)
2000a642:	0005      	movs	r5, r0
2000a644:	0008      	movs	r0, r1
2000a646:	6023      	str	r3, [r4, #0]
2000a648:	f7fe ff07 	bl	2000945a <_close>
2000a64c:	1c43      	adds	r3, r0, #1
2000a64e:	d000      	beq.n	2000a652 <_close_r+0x16>
2000a650:	bd70      	pop	{r4, r5, r6, pc}
2000a652:	6823      	ldr	r3, [r4, #0]
2000a654:	2b00      	cmp	r3, #0
2000a656:	d0fb      	beq.n	2000a650 <_close_r+0x14>
2000a658:	602b      	str	r3, [r5, #0]
2000a65a:	e7f9      	b.n	2000a650 <_close_r+0x14>
2000a65c:	2002f278 	.word	0x2002f278

2000a660 <_lseek_r>:
2000a660:	b570      	push	{r4, r5, r6, lr}
2000a662:	0005      	movs	r5, r0
2000a664:	0008      	movs	r0, r1
2000a666:	0011      	movs	r1, r2
2000a668:	2200      	movs	r2, #0
2000a66a:	4c06      	ldr	r4, [pc, #24]	@ (2000a684 <_lseek_r+0x24>)
2000a66c:	6022      	str	r2, [r4, #0]
2000a66e:	001a      	movs	r2, r3
2000a670:	f7fe fef6 	bl	20009460 <_lseek>
2000a674:	1c43      	adds	r3, r0, #1
2000a676:	d000      	beq.n	2000a67a <_lseek_r+0x1a>
2000a678:	bd70      	pop	{r4, r5, r6, pc}
2000a67a:	6823      	ldr	r3, [r4, #0]
2000a67c:	2b00      	cmp	r3, #0
2000a67e:	d0fb      	beq.n	2000a678 <_lseek_r+0x18>
2000a680:	602b      	str	r3, [r5, #0]
2000a682:	e7f9      	b.n	2000a678 <_lseek_r+0x18>
2000a684:	2002f278 	.word	0x2002f278

2000a688 <_read_r>:
2000a688:	b570      	push	{r4, r5, r6, lr}
2000a68a:	0005      	movs	r5, r0
2000a68c:	0008      	movs	r0, r1
2000a68e:	0011      	movs	r1, r2
2000a690:	2200      	movs	r2, #0
2000a692:	4c06      	ldr	r4, [pc, #24]	@ (2000a6ac <_read_r+0x24>)
2000a694:	6022      	str	r2, [r4, #0]
2000a696:	001a      	movs	r2, r3
2000a698:	f7fe febe 	bl	20009418 <_read>
2000a69c:	1c43      	adds	r3, r0, #1
2000a69e:	d000      	beq.n	2000a6a2 <_read_r+0x1a>
2000a6a0:	bd70      	pop	{r4, r5, r6, pc}
2000a6a2:	6823      	ldr	r3, [r4, #0]
2000a6a4:	2b00      	cmp	r3, #0
2000a6a6:	d0fb      	beq.n	2000a6a0 <_read_r+0x18>
2000a6a8:	602b      	str	r3, [r5, #0]
2000a6aa:	e7f9      	b.n	2000a6a0 <_read_r+0x18>
2000a6ac:	2002f278 	.word	0x2002f278

2000a6b0 <_sbrk_r>:
2000a6b0:	2300      	movs	r3, #0
2000a6b2:	b570      	push	{r4, r5, r6, lr}
2000a6b4:	4c06      	ldr	r4, [pc, #24]	@ (2000a6d0 <_sbrk_r+0x20>)
2000a6b6:	0005      	movs	r5, r0
2000a6b8:	0008      	movs	r0, r1
2000a6ba:	6023      	str	r3, [r4, #0]
2000a6bc:	f7fe fe90 	bl	200093e0 <_sbrk>
2000a6c0:	1c43      	adds	r3, r0, #1
2000a6c2:	d000      	beq.n	2000a6c6 <_sbrk_r+0x16>
2000a6c4:	bd70      	pop	{r4, r5, r6, pc}
2000a6c6:	6823      	ldr	r3, [r4, #0]
2000a6c8:	2b00      	cmp	r3, #0
2000a6ca:	d0fb      	beq.n	2000a6c4 <_sbrk_r+0x14>
2000a6cc:	602b      	str	r3, [r5, #0]
2000a6ce:	e7f9      	b.n	2000a6c4 <_sbrk_r+0x14>
2000a6d0:	2002f278 	.word	0x2002f278

2000a6d4 <_write_r>:
2000a6d4:	b570      	push	{r4, r5, r6, lr}
2000a6d6:	0005      	movs	r5, r0
2000a6d8:	0008      	movs	r0, r1
2000a6da:	0011      	movs	r1, r2
2000a6dc:	2200      	movs	r2, #0
2000a6de:	4c06      	ldr	r4, [pc, #24]	@ (2000a6f8 <_write_r+0x24>)
2000a6e0:	6022      	str	r2, [r4, #0]
2000a6e2:	001a      	movs	r2, r3
2000a6e4:	f7fe fea8 	bl	20009438 <_write>
2000a6e8:	1c43      	adds	r3, r0, #1
2000a6ea:	d000      	beq.n	2000a6ee <_write_r+0x1a>
2000a6ec:	bd70      	pop	{r4, r5, r6, pc}
2000a6ee:	6823      	ldr	r3, [r4, #0]
2000a6f0:	2b00      	cmp	r3, #0
2000a6f2:	d0fb      	beq.n	2000a6ec <_write_r+0x18>
2000a6f4:	602b      	str	r3, [r5, #0]
2000a6f6:	e7f9      	b.n	2000a6ec <_write_r+0x18>
2000a6f8:	2002f278 	.word	0x2002f278

2000a6fc <__errno>:
2000a6fc:	4b01      	ldr	r3, [pc, #4]	@ (2000a704 <__errno+0x8>)
2000a6fe:	6818      	ldr	r0, [r3, #0]
2000a700:	4770      	bx	lr
2000a702:	46c0      	nop			@ (mov r8, r8)
2000a704:	2000dfc4 	.word	0x2000dfc4

2000a708 <__retarget_lock_init_recursive>:
2000a708:	4770      	bx	lr
2000a70a:	46c0      	nop			@ (mov r8, r8)

2000a70c <__retarget_lock_close_recursive>:
2000a70c:	4770      	bx	lr
2000a70e:	46c0      	nop			@ (mov r8, r8)

2000a710 <__retarget_lock_acquire_recursive>:
2000a710:	4770      	bx	lr
2000a712:	46c0      	nop			@ (mov r8, r8)

2000a714 <__retarget_lock_release_recursive>:
2000a714:	4770      	bx	lr
2000a716:	46c0      	nop			@ (mov r8, r8)

2000a718 <sysconf>:
2000a718:	2380      	movs	r3, #128	@ 0x80
2000a71a:	b510      	push	{r4, lr}
2000a71c:	015b      	lsls	r3, r3, #5
2000a71e:	2808      	cmp	r0, #8
2000a720:	d101      	bne.n	2000a726 <sysconf+0xe>
2000a722:	0018      	movs	r0, r3
2000a724:	bd10      	pop	{r4, pc}
2000a726:	f7ff ffe9 	bl	2000a6fc <__errno>
2000a72a:	2316      	movs	r3, #22
2000a72c:	6003      	str	r3, [r0, #0]
2000a72e:	3b17      	subs	r3, #23
2000a730:	e7f7      	b.n	2000a722 <sysconf+0xa>
2000a732:	46c0      	nop			@ (mov r8, r8)

2000a734 <strlen>:
2000a734:	0003      	movs	r3, r0
2000a736:	4684      	mov	ip, r0
2000a738:	079b      	lsls	r3, r3, #30
2000a73a:	d00b      	beq.n	2000a754 <strlen+0x20>
2000a73c:	0003      	movs	r3, r0
2000a73e:	2103      	movs	r1, #3
2000a740:	e002      	b.n	2000a748 <strlen+0x14>
2000a742:	3301      	adds	r3, #1
2000a744:	420b      	tst	r3, r1
2000a746:	d006      	beq.n	2000a756 <strlen+0x22>
2000a748:	781a      	ldrb	r2, [r3, #0]
2000a74a:	2a00      	cmp	r2, #0
2000a74c:	d1f9      	bne.n	2000a742 <strlen+0xe>
2000a74e:	4662      	mov	r2, ip
2000a750:	1a98      	subs	r0, r3, r2
2000a752:	4770      	bx	lr
2000a754:	0003      	movs	r3, r0
2000a756:	6819      	ldr	r1, [r3, #0]
2000a758:	4a0c      	ldr	r2, [pc, #48]	@ (2000a78c <strlen+0x58>)
2000a75a:	480d      	ldr	r0, [pc, #52]	@ (2000a790 <strlen+0x5c>)
2000a75c:	188a      	adds	r2, r1, r2
2000a75e:	438a      	bics	r2, r1
2000a760:	4202      	tst	r2, r0
2000a762:	d10f      	bne.n	2000a784 <strlen+0x50>
2000a764:	6859      	ldr	r1, [r3, #4]
2000a766:	4a09      	ldr	r2, [pc, #36]	@ (2000a78c <strlen+0x58>)
2000a768:	3304      	adds	r3, #4
2000a76a:	188a      	adds	r2, r1, r2
2000a76c:	438a      	bics	r2, r1
2000a76e:	4202      	tst	r2, r0
2000a770:	d108      	bne.n	2000a784 <strlen+0x50>
2000a772:	6859      	ldr	r1, [r3, #4]
2000a774:	4a05      	ldr	r2, [pc, #20]	@ (2000a78c <strlen+0x58>)
2000a776:	3304      	adds	r3, #4
2000a778:	188a      	adds	r2, r1, r2
2000a77a:	438a      	bics	r2, r1
2000a77c:	4202      	tst	r2, r0
2000a77e:	d0f1      	beq.n	2000a764 <strlen+0x30>
2000a780:	e000      	b.n	2000a784 <strlen+0x50>
2000a782:	3301      	adds	r3, #1
2000a784:	781a      	ldrb	r2, [r3, #0]
2000a786:	2a00      	cmp	r2, #0
2000a788:	d1fb      	bne.n	2000a782 <strlen+0x4e>
2000a78a:	e7e0      	b.n	2000a74e <strlen+0x1a>
2000a78c:	fefefeff 	.word	0xfefefeff
2000a790:	80808080 	.word	0x80808080

2000a794 <_malloc_trim_r>:
2000a794:	b5f0      	push	{r4, r5, r6, r7, lr}
2000a796:	46c6      	mov	lr, r8
2000a798:	0005      	movs	r5, r0
2000a79a:	b500      	push	{lr}
2000a79c:	4680      	mov	r8, r0
2000a79e:	2008      	movs	r0, #8
2000a7a0:	000c      	movs	r4, r1
2000a7a2:	f7ff ffb9 	bl	2000a718 <sysconf>
2000a7a6:	0006      	movs	r6, r0
2000a7a8:	0028      	movs	r0, r5
2000a7aa:	f7ff fcad 	bl	2000a108 <__malloc_lock>
2000a7ae:	4f22      	ldr	r7, [pc, #136]	@ (2000a838 <_malloc_trim_r+0xa4>)
2000a7b0:	0031      	movs	r1, r6
2000a7b2:	68bb      	ldr	r3, [r7, #8]
2000a7b4:	685d      	ldr	r5, [r3, #4]
2000a7b6:	2303      	movs	r3, #3
2000a7b8:	439d      	bics	r5, r3
2000a7ba:	0028      	movs	r0, r5
2000a7bc:	3811      	subs	r0, #17
2000a7be:	1b00      	subs	r0, r0, r4
2000a7c0:	1980      	adds	r0, r0, r6
2000a7c2:	f7fc fd67 	bl	20007294 <__wrap___aeabi_uidiv>
2000a7c6:	1e44      	subs	r4, r0, #1
2000a7c8:	4374      	muls	r4, r6
2000a7ca:	42a6      	cmp	r6, r4
2000a7cc:	dc07      	bgt.n	2000a7de <_malloc_trim_r+0x4a>
2000a7ce:	2100      	movs	r1, #0
2000a7d0:	4640      	mov	r0, r8
2000a7d2:	f7ff ff6d 	bl	2000a6b0 <_sbrk_r>
2000a7d6:	68bb      	ldr	r3, [r7, #8]
2000a7d8:	195b      	adds	r3, r3, r5
2000a7da:	4298      	cmp	r0, r3
2000a7dc:	d006      	beq.n	2000a7ec <_malloc_trim_r+0x58>
2000a7de:	4640      	mov	r0, r8
2000a7e0:	f7ff fc9a 	bl	2000a118 <__malloc_unlock>
2000a7e4:	2000      	movs	r0, #0
2000a7e6:	bc80      	pop	{r7}
2000a7e8:	46b8      	mov	r8, r7
2000a7ea:	bdf0      	pop	{r4, r5, r6, r7, pc}
2000a7ec:	4640      	mov	r0, r8
2000a7ee:	4261      	negs	r1, r4
2000a7f0:	f7ff ff5e 	bl	2000a6b0 <_sbrk_r>
2000a7f4:	3001      	adds	r0, #1
2000a7f6:	d00d      	beq.n	2000a814 <_malloc_trim_r+0x80>
2000a7f8:	2201      	movs	r2, #1
2000a7fa:	1b2d      	subs	r5, r5, r4
2000a7fc:	68bb      	ldr	r3, [r7, #8]
2000a7fe:	4315      	orrs	r5, r2
2000a800:	4a0e      	ldr	r2, [pc, #56]	@ (2000a83c <_malloc_trim_r+0xa8>)
2000a802:	605d      	str	r5, [r3, #4]
2000a804:	6813      	ldr	r3, [r2, #0]
2000a806:	4640      	mov	r0, r8
2000a808:	1b1b      	subs	r3, r3, r4
2000a80a:	6013      	str	r3, [r2, #0]
2000a80c:	f7ff fc84 	bl	2000a118 <__malloc_unlock>
2000a810:	2001      	movs	r0, #1
2000a812:	e7e8      	b.n	2000a7e6 <_malloc_trim_r+0x52>
2000a814:	2100      	movs	r1, #0
2000a816:	4640      	mov	r0, r8
2000a818:	f7ff ff4a 	bl	2000a6b0 <_sbrk_r>
2000a81c:	68ba      	ldr	r2, [r7, #8]
2000a81e:	1a83      	subs	r3, r0, r2
2000a820:	2b0f      	cmp	r3, #15
2000a822:	dddc      	ble.n	2000a7de <_malloc_trim_r+0x4a>
2000a824:	4c06      	ldr	r4, [pc, #24]	@ (2000a840 <_malloc_trim_r+0xac>)
2000a826:	4905      	ldr	r1, [pc, #20]	@ (2000a83c <_malloc_trim_r+0xa8>)
2000a828:	6824      	ldr	r4, [r4, #0]
2000a82a:	1b00      	subs	r0, r0, r4
2000a82c:	6008      	str	r0, [r1, #0]
2000a82e:	2101      	movs	r1, #1
2000a830:	430b      	orrs	r3, r1
2000a832:	6053      	str	r3, [r2, #4]
2000a834:	e7d3      	b.n	2000a7de <_malloc_trim_r+0x4a>
2000a836:	46c0      	nop			@ (mov r8, r8)
2000a838:	2000dbb0 	.word	0x2000dbb0
2000a83c:	2000e3a8 	.word	0x2000e3a8
2000a840:	2000dba8 	.word	0x2000dba8

2000a844 <_free_r>:
2000a844:	b5f0      	push	{r4, r5, r6, r7, lr}
2000a846:	46c6      	mov	lr, r8
2000a848:	000c      	movs	r4, r1
2000a84a:	4680      	mov	r8, r0
2000a84c:	b500      	push	{lr}
2000a84e:	2900      	cmp	r1, #0
2000a850:	d040      	beq.n	2000a8d4 <_free_r+0x90>
2000a852:	f7ff fc59 	bl	2000a108 <__malloc_lock>
2000a856:	0021      	movs	r1, r4
2000a858:	3908      	subs	r1, #8
2000a85a:	684e      	ldr	r6, [r1, #4]
2000a85c:	2501      	movs	r5, #1
2000a85e:	0033      	movs	r3, r6
2000a860:	2003      	movs	r0, #3
2000a862:	43ab      	bics	r3, r5
2000a864:	18ca      	adds	r2, r1, r3
2000a866:	4694      	mov	ip, r2
2000a868:	6852      	ldr	r2, [r2, #4]
2000a86a:	4382      	bics	r2, r0
2000a86c:	0028      	movs	r0, r5
2000a86e:	4030      	ands	r0, r6
2000a870:	0007      	movs	r7, r0
2000a872:	4864      	ldr	r0, [pc, #400]	@ (2000aa04 <_free_r+0x1c0>)
2000a874:	6884      	ldr	r4, [r0, #8]
2000a876:	4564      	cmp	r4, ip
2000a878:	d100      	bne.n	2000a87c <_free_r+0x38>
2000a87a:	e071      	b.n	2000a960 <_free_r+0x11c>
2000a87c:	4664      	mov	r4, ip
2000a87e:	6062      	str	r2, [r4, #4]
2000a880:	18a4      	adds	r4, r4, r2
2000a882:	6864      	ldr	r4, [r4, #4]
2000a884:	402c      	ands	r4, r5
2000a886:	2f00      	cmp	r7, #0
2000a888:	d127      	bne.n	2000a8da <_free_r+0x96>
2000a88a:	680e      	ldr	r6, [r1, #0]
2000a88c:	4f5e      	ldr	r7, [pc, #376]	@ (2000aa08 <_free_r+0x1c4>)
2000a88e:	1b89      	subs	r1, r1, r6
2000a890:	199b      	adds	r3, r3, r6
2000a892:	688e      	ldr	r6, [r1, #8]
2000a894:	42be      	cmp	r6, r7
2000a896:	d056      	beq.n	2000a946 <_free_r+0x102>
2000a898:	68cf      	ldr	r7, [r1, #12]
2000a89a:	60f7      	str	r7, [r6, #12]
2000a89c:	60be      	str	r6, [r7, #8]
2000a89e:	2c00      	cmp	r4, #0
2000a8a0:	d01d      	beq.n	2000a8de <_free_r+0x9a>
2000a8a2:	4662      	mov	r2, ip
2000a8a4:	431d      	orrs	r5, r3
2000a8a6:	604d      	str	r5, [r1, #4]
2000a8a8:	6013      	str	r3, [r2, #0]
2000a8aa:	2280      	movs	r2, #128	@ 0x80
2000a8ac:	0092      	lsls	r2, r2, #2
2000a8ae:	4293      	cmp	r3, r2
2000a8b0:	d22d      	bcs.n	2000a90e <_free_r+0xca>
2000a8b2:	08da      	lsrs	r2, r3, #3
2000a8b4:	095c      	lsrs	r4, r3, #5
2000a8b6:	2301      	movs	r3, #1
2000a8b8:	40a3      	lsls	r3, r4
2000a8ba:	6844      	ldr	r4, [r0, #4]
2000a8bc:	4323      	orrs	r3, r4
2000a8be:	6043      	str	r3, [r0, #4]
2000a8c0:	00d3      	lsls	r3, r2, #3
2000a8c2:	181b      	adds	r3, r3, r0
2000a8c4:	689a      	ldr	r2, [r3, #8]
2000a8c6:	60cb      	str	r3, [r1, #12]
2000a8c8:	608a      	str	r2, [r1, #8]
2000a8ca:	6099      	str	r1, [r3, #8]
2000a8cc:	60d1      	str	r1, [r2, #12]
2000a8ce:	4640      	mov	r0, r8
2000a8d0:	f7ff fc22 	bl	2000a118 <__malloc_unlock>
2000a8d4:	bc80      	pop	{r7}
2000a8d6:	46b8      	mov	r8, r7
2000a8d8:	bdf0      	pop	{r4, r5, r6, r7, pc}
2000a8da:	2c00      	cmp	r4, #0
2000a8dc:	d10f      	bne.n	2000a8fe <_free_r+0xba>
2000a8de:	189b      	adds	r3, r3, r2
2000a8e0:	4662      	mov	r2, ip
2000a8e2:	2401      	movs	r4, #1
2000a8e4:	6892      	ldr	r2, [r2, #8]
2000a8e6:	4d48      	ldr	r5, [pc, #288]	@ (2000aa08 <_free_r+0x1c4>)
2000a8e8:	431c      	orrs	r4, r3
2000a8ea:	18ce      	adds	r6, r1, r3
2000a8ec:	42aa      	cmp	r2, r5
2000a8ee:	d059      	beq.n	2000a9a4 <_free_r+0x160>
2000a8f0:	4665      	mov	r5, ip
2000a8f2:	68ed      	ldr	r5, [r5, #12]
2000a8f4:	60d5      	str	r5, [r2, #12]
2000a8f6:	60aa      	str	r2, [r5, #8]
2000a8f8:	604c      	str	r4, [r1, #4]
2000a8fa:	6033      	str	r3, [r6, #0]
2000a8fc:	e7d5      	b.n	2000a8aa <_free_r+0x66>
2000a8fe:	4662      	mov	r2, ip
2000a900:	4335      	orrs	r5, r6
2000a902:	604d      	str	r5, [r1, #4]
2000a904:	6013      	str	r3, [r2, #0]
2000a906:	2280      	movs	r2, #128	@ 0x80
2000a908:	0092      	lsls	r2, r2, #2
2000a90a:	4293      	cmp	r3, r2
2000a90c:	d3d1      	bcc.n	2000a8b2 <_free_r+0x6e>
2000a90e:	0a5a      	lsrs	r2, r3, #9
2000a910:	2a04      	cmp	r2, #4
2000a912:	d83d      	bhi.n	2000a990 <_free_r+0x14c>
2000a914:	099a      	lsrs	r2, r3, #6
2000a916:	0014      	movs	r4, r2
2000a918:	3239      	adds	r2, #57	@ 0x39
2000a91a:	3438      	adds	r4, #56	@ 0x38
2000a91c:	00d6      	lsls	r6, r2, #3
2000a91e:	1986      	adds	r6, r0, r6
2000a920:	6832      	ldr	r2, [r6, #0]
2000a922:	3e08      	subs	r6, #8
2000a924:	2503      	movs	r5, #3
2000a926:	4296      	cmp	r6, r2
2000a928:	d103      	bne.n	2000a932 <_free_r+0xee>
2000a92a:	e04c      	b.n	2000a9c6 <_free_r+0x182>
2000a92c:	6892      	ldr	r2, [r2, #8]
2000a92e:	4296      	cmp	r6, r2
2000a930:	d003      	beq.n	2000a93a <_free_r+0xf6>
2000a932:	6850      	ldr	r0, [r2, #4]
2000a934:	43a8      	bics	r0, r5
2000a936:	4298      	cmp	r0, r3
2000a938:	d8f8      	bhi.n	2000a92c <_free_r+0xe8>
2000a93a:	68d6      	ldr	r6, [r2, #12]
2000a93c:	60ce      	str	r6, [r1, #12]
2000a93e:	608a      	str	r2, [r1, #8]
2000a940:	60b1      	str	r1, [r6, #8]
2000a942:	60d1      	str	r1, [r2, #12]
2000a944:	e7c3      	b.n	2000a8ce <_free_r+0x8a>
2000a946:	2c00      	cmp	r4, #0
2000a948:	d133      	bne.n	2000a9b2 <_free_r+0x16e>
2000a94a:	18d2      	adds	r2, r2, r3
2000a94c:	4660      	mov	r0, ip
2000a94e:	4663      	mov	r3, ip
2000a950:	6880      	ldr	r0, [r0, #8]
2000a952:	68db      	ldr	r3, [r3, #12]
2000a954:	4315      	orrs	r5, r2
2000a956:	60c3      	str	r3, [r0, #12]
2000a958:	6098      	str	r0, [r3, #8]
2000a95a:	604d      	str	r5, [r1, #4]
2000a95c:	508a      	str	r2, [r1, r2]
2000a95e:	e7b6      	b.n	2000a8ce <_free_r+0x8a>
2000a960:	189a      	adds	r2, r3, r2
2000a962:	2f00      	cmp	r7, #0
2000a964:	d106      	bne.n	2000a974 <_free_r+0x130>
2000a966:	680b      	ldr	r3, [r1, #0]
2000a968:	1ac9      	subs	r1, r1, r3
2000a96a:	688c      	ldr	r4, [r1, #8]
2000a96c:	18d2      	adds	r2, r2, r3
2000a96e:	68cb      	ldr	r3, [r1, #12]
2000a970:	60e3      	str	r3, [r4, #12]
2000a972:	609c      	str	r4, [r3, #8]
2000a974:	2301      	movs	r3, #1
2000a976:	4313      	orrs	r3, r2
2000a978:	604b      	str	r3, [r1, #4]
2000a97a:	4b24      	ldr	r3, [pc, #144]	@ (2000aa0c <_free_r+0x1c8>)
2000a97c:	6081      	str	r1, [r0, #8]
2000a97e:	681b      	ldr	r3, [r3, #0]
2000a980:	4293      	cmp	r3, r2
2000a982:	d8a4      	bhi.n	2000a8ce <_free_r+0x8a>
2000a984:	4b22      	ldr	r3, [pc, #136]	@ (2000aa10 <_free_r+0x1cc>)
2000a986:	4640      	mov	r0, r8
2000a988:	6819      	ldr	r1, [r3, #0]
2000a98a:	f7ff ff03 	bl	2000a794 <_malloc_trim_r>
2000a98e:	e79e      	b.n	2000a8ce <_free_r+0x8a>
2000a990:	2a14      	cmp	r2, #20
2000a992:	d913      	bls.n	2000a9bc <_free_r+0x178>
2000a994:	2a54      	cmp	r2, #84	@ 0x54
2000a996:	d81d      	bhi.n	2000a9d4 <_free_r+0x190>
2000a998:	0b1a      	lsrs	r2, r3, #12
2000a99a:	0014      	movs	r4, r2
2000a99c:	326f      	adds	r2, #111	@ 0x6f
2000a99e:	346e      	adds	r4, #110	@ 0x6e
2000a9a0:	00d6      	lsls	r6, r2, #3
2000a9a2:	e7bc      	b.n	2000a91e <_free_r+0xda>
2000a9a4:	60d1      	str	r1, [r2, #12]
2000a9a6:	6091      	str	r1, [r2, #8]
2000a9a8:	60ca      	str	r2, [r1, #12]
2000a9aa:	608a      	str	r2, [r1, #8]
2000a9ac:	604c      	str	r4, [r1, #4]
2000a9ae:	6033      	str	r3, [r6, #0]
2000a9b0:	e78d      	b.n	2000a8ce <_free_r+0x8a>
2000a9b2:	4662      	mov	r2, ip
2000a9b4:	431d      	orrs	r5, r3
2000a9b6:	604d      	str	r5, [r1, #4]
2000a9b8:	6013      	str	r3, [r2, #0]
2000a9ba:	e788      	b.n	2000a8ce <_free_r+0x8a>
2000a9bc:	0014      	movs	r4, r2
2000a9be:	325c      	adds	r2, #92	@ 0x5c
2000a9c0:	345b      	adds	r4, #91	@ 0x5b
2000a9c2:	00d6      	lsls	r6, r2, #3
2000a9c4:	e7ab      	b.n	2000a91e <_free_r+0xda>
2000a9c6:	2301      	movs	r3, #1
2000a9c8:	10a4      	asrs	r4, r4, #2
2000a9ca:	40a3      	lsls	r3, r4
2000a9cc:	6844      	ldr	r4, [r0, #4]
2000a9ce:	4323      	orrs	r3, r4
2000a9d0:	6043      	str	r3, [r0, #4]
2000a9d2:	e7b3      	b.n	2000a93c <_free_r+0xf8>
2000a9d4:	24aa      	movs	r4, #170	@ 0xaa
2000a9d6:	0064      	lsls	r4, r4, #1
2000a9d8:	42a2      	cmp	r2, r4
2000a9da:	d805      	bhi.n	2000a9e8 <_free_r+0x1a4>
2000a9dc:	0bda      	lsrs	r2, r3, #15
2000a9de:	0014      	movs	r4, r2
2000a9e0:	3278      	adds	r2, #120	@ 0x78
2000a9e2:	3477      	adds	r4, #119	@ 0x77
2000a9e4:	00d6      	lsls	r6, r2, #3
2000a9e6:	e79a      	b.n	2000a91e <_free_r+0xda>
2000a9e8:	4c0a      	ldr	r4, [pc, #40]	@ (2000aa14 <_free_r+0x1d0>)
2000a9ea:	42a2      	cmp	r2, r4
2000a9ec:	d805      	bhi.n	2000a9fa <_free_r+0x1b6>
2000a9ee:	0c9a      	lsrs	r2, r3, #18
2000a9f0:	0014      	movs	r4, r2
2000a9f2:	327d      	adds	r2, #125	@ 0x7d
2000a9f4:	347c      	adds	r4, #124	@ 0x7c
2000a9f6:	00d6      	lsls	r6, r2, #3
2000a9f8:	e791      	b.n	2000a91e <_free_r+0xda>
2000a9fa:	26fe      	movs	r6, #254	@ 0xfe
2000a9fc:	247e      	movs	r4, #126	@ 0x7e
2000a9fe:	00b6      	lsls	r6, r6, #2
2000aa00:	e78d      	b.n	2000a91e <_free_r+0xda>
2000aa02:	46c0      	nop			@ (mov r8, r8)
2000aa04:	2000dbb0 	.word	0x2000dbb0
2000aa08:	2000dbb8 	.word	0x2000dbb8
2000aa0c:	2000dbac 	.word	0x2000dbac
2000aa10:	2000e3d0 	.word	0x2000e3d0
2000aa14:	00000554 	.word	0x00000554

2000aa18 <_fclose_r>:
2000aa18:	b570      	push	{r4, r5, r6, lr}
2000aa1a:	0005      	movs	r5, r0
2000aa1c:	1e0c      	subs	r4, r1, #0
2000aa1e:	d042      	beq.n	2000aaa6 <_fclose_r+0x8e>
2000aa20:	2800      	cmp	r0, #0
2000aa22:	d002      	beq.n	2000aa2a <_fclose_r+0x12>
2000aa24:	6b43      	ldr	r3, [r0, #52]	@ 0x34
2000aa26:	2b00      	cmp	r3, #0
2000aa28:	d049      	beq.n	2000aabe <_fclose_r+0xa6>
2000aa2a:	f7ff fd63 	bl	2000a4f4 <__sfp_lock_acquire>
2000aa2e:	2101      	movs	r1, #1
2000aa30:	220c      	movs	r2, #12
2000aa32:	5ea3      	ldrsh	r3, [r4, r2]
2000aa34:	6e62      	ldr	r2, [r4, #100]	@ 0x64
2000aa36:	420a      	tst	r2, r1
2000aa38:	d131      	bne.n	2000aa9e <_fclose_r+0x86>
2000aa3a:	059b      	lsls	r3, r3, #22
2000aa3c:	d542      	bpl.n	2000aac4 <_fclose_r+0xac>
2000aa3e:	0021      	movs	r1, r4
2000aa40:	0028      	movs	r0, r5
2000aa42:	f7ff fb71 	bl	2000a128 <__sflush_r>
2000aa46:	6ae3      	ldr	r3, [r4, #44]	@ 0x2c
2000aa48:	0006      	movs	r6, r0
2000aa4a:	2b00      	cmp	r3, #0
2000aa4c:	d004      	beq.n	2000aa58 <_fclose_r+0x40>
2000aa4e:	0028      	movs	r0, r5
2000aa50:	69e1      	ldr	r1, [r4, #28]
2000aa52:	4798      	blx	r3
2000aa54:	2800      	cmp	r0, #0
2000aa56:	db28      	blt.n	2000aaaa <_fclose_r+0x92>
2000aa58:	89a3      	ldrh	r3, [r4, #12]
2000aa5a:	061b      	lsls	r3, r3, #24
2000aa5c:	d42a      	bmi.n	2000aab4 <_fclose_r+0x9c>
2000aa5e:	6b21      	ldr	r1, [r4, #48]	@ 0x30
2000aa60:	2900      	cmp	r1, #0
2000aa62:	d008      	beq.n	2000aa76 <_fclose_r+0x5e>
2000aa64:	0023      	movs	r3, r4
2000aa66:	3340      	adds	r3, #64	@ 0x40
2000aa68:	4299      	cmp	r1, r3
2000aa6a:	d002      	beq.n	2000aa72 <_fclose_r+0x5a>
2000aa6c:	0028      	movs	r0, r5
2000aa6e:	f7ff fee9 	bl	2000a844 <_free_r>
2000aa72:	2300      	movs	r3, #0
2000aa74:	6323      	str	r3, [r4, #48]	@ 0x30
2000aa76:	6c61      	ldr	r1, [r4, #68]	@ 0x44
2000aa78:	2900      	cmp	r1, #0
2000aa7a:	d004      	beq.n	2000aa86 <_fclose_r+0x6e>
2000aa7c:	0028      	movs	r0, r5
2000aa7e:	f7ff fee1 	bl	2000a844 <_free_r>
2000aa82:	2300      	movs	r3, #0
2000aa84:	6463      	str	r3, [r4, #68]	@ 0x44
2000aa86:	2300      	movs	r3, #0
2000aa88:	81a3      	strh	r3, [r4, #12]
2000aa8a:	6e63      	ldr	r3, [r4, #100]	@ 0x64
2000aa8c:	07db      	lsls	r3, r3, #31
2000aa8e:	d528      	bpl.n	2000aae2 <_fclose_r+0xca>
2000aa90:	6da0      	ldr	r0, [r4, #88]	@ 0x58
2000aa92:	f7ff fe3b 	bl	2000a70c <__retarget_lock_close_recursive>
2000aa96:	f7ff fd35 	bl	2000a504 <__sfp_lock_release>
2000aa9a:	0030      	movs	r0, r6
2000aa9c:	bd70      	pop	{r4, r5, r6, pc}
2000aa9e:	2b00      	cmp	r3, #0
2000aaa0:	d1cd      	bne.n	2000aa3e <_fclose_r+0x26>
2000aaa2:	f7ff fd2f 	bl	2000a504 <__sfp_lock_release>
2000aaa6:	2600      	movs	r6, #0
2000aaa8:	e7f7      	b.n	2000aa9a <_fclose_r+0x82>
2000aaaa:	2601      	movs	r6, #1
2000aaac:	89a3      	ldrh	r3, [r4, #12]
2000aaae:	4276      	negs	r6, r6
2000aab0:	061b      	lsls	r3, r3, #24
2000aab2:	d5d4      	bpl.n	2000aa5e <_fclose_r+0x46>
2000aab4:	0028      	movs	r0, r5
2000aab6:	6921      	ldr	r1, [r4, #16]
2000aab8:	f7ff fec4 	bl	2000a844 <_free_r>
2000aabc:	e7cf      	b.n	2000aa5e <_fclose_r+0x46>
2000aabe:	f7ff fcfd 	bl	2000a4bc <__sinit>
2000aac2:	e7b2      	b.n	2000aa2a <_fclose_r+0x12>
2000aac4:	6da0      	ldr	r0, [r4, #88]	@ 0x58
2000aac6:	f7ff fe23 	bl	2000a710 <__retarget_lock_acquire_recursive>
2000aaca:	220c      	movs	r2, #12
2000aacc:	5ea3      	ldrsh	r3, [r4, r2]
2000aace:	2b00      	cmp	r3, #0
2000aad0:	d1b5      	bne.n	2000aa3e <_fclose_r+0x26>
2000aad2:	2201      	movs	r2, #1
2000aad4:	6e63      	ldr	r3, [r4, #100]	@ 0x64
2000aad6:	4213      	tst	r3, r2
2000aad8:	d1e3      	bne.n	2000aaa2 <_fclose_r+0x8a>
2000aada:	6da0      	ldr	r0, [r4, #88]	@ 0x58
2000aadc:	f7ff fe1a 	bl	2000a714 <__retarget_lock_release_recursive>
2000aae0:	e7df      	b.n	2000aaa2 <_fclose_r+0x8a>
2000aae2:	6da0      	ldr	r0, [r4, #88]	@ 0x58
2000aae4:	f7ff fe16 	bl	2000a714 <__retarget_lock_release_recursive>
2000aae8:	e7d2      	b.n	2000aa90 <_fclose_r+0x78>
2000aaea:	46c0      	nop			@ (mov r8, r8)

Disassembly of section .data:

2000aaf0 <mutex_try_enter>:
2000aaf0:	0003      	movs	r3, r0
2000aaf2:	6802      	ldr	r2, [r0, #0]
2000aaf4:	4694      	mov	ip, r2
2000aaf6:	f3ef 8210 	mrs	r2, PRIMASK
2000aafa:	b672      	cpsid	i
2000aafc:	4660      	mov	r0, ip
2000aafe:	6800      	ldr	r0, [r0, #0]
2000ab00:	2800      	cmp	r0, #0
2000ab02:	d0fb      	beq.n	2000aafc <mutex_try_enter+0xc>
2000ab04:	f3bf 8f5f 	dmb	sy
2000ab08:	2004      	movs	r0, #4
2000ab0a:	5618      	ldrsb	r0, [r3, r0]
2000ab0c:	2800      	cmp	r0, #0
2000ab0e:	db0b      	blt.n	2000ab28 <mutex_try_enter+0x38>
2000ab10:	2900      	cmp	r1, #0
2000ab12:	d010      	beq.n	2000ab36 <mutex_try_enter+0x46>
2000ab14:	6008      	str	r0, [r1, #0]
2000ab16:	2000      	movs	r0, #0
2000ab18:	681b      	ldr	r3, [r3, #0]
2000ab1a:	f3bf 8f5f 	dmb	sy
2000ab1e:	2100      	movs	r1, #0
2000ab20:	6019      	str	r1, [r3, #0]
2000ab22:	f382 8810 	msr	PRIMASK, r2
2000ab26:	4770      	bx	lr
2000ab28:	21d0      	movs	r1, #208	@ 0xd0
2000ab2a:	0609      	lsls	r1, r1, #24
2000ab2c:	7809      	ldrb	r1, [r1, #0]
2000ab2e:	b249      	sxtb	r1, r1
2000ab30:	7119      	strb	r1, [r3, #4]
2000ab32:	2001      	movs	r0, #1
2000ab34:	e7f0      	b.n	2000ab18 <mutex_try_enter+0x28>
2000ab36:	2000      	movs	r0, #0
2000ab38:	e7ee      	b.n	2000ab18 <mutex_try_enter+0x28>
	...

2000ab3c <mutex_enter_block_until>:
2000ab3c:	b5f8      	push	{r3, r4, r5, r6, r7, lr}
2000ab3e:	0004      	movs	r4, r0
2000ab40:	0015      	movs	r5, r2
2000ab42:	001e      	movs	r6, r3
2000ab44:	6803      	ldr	r3, [r0, #0]
2000ab46:	2b00      	cmp	r3, #0
2000ab48:	d020      	beq.n	2000ab8c <mutex_enter_block_until+0x50>
2000ab4a:	23d0      	movs	r3, #208	@ 0xd0
2000ab4c:	061b      	lsls	r3, r3, #24
2000ab4e:	781b      	ldrb	r3, [r3, #0]
2000ab50:	b25b      	sxtb	r3, r3
2000ab52:	001f      	movs	r7, r3
2000ab54:	6823      	ldr	r3, [r4, #0]
2000ab56:	f3ef 8110 	mrs	r1, PRIMASK
2000ab5a:	b672      	cpsid	i
2000ab5c:	6818      	ldr	r0, [r3, #0]
2000ab5e:	2800      	cmp	r0, #0
2000ab60:	d0fc      	beq.n	2000ab5c <mutex_enter_block_until+0x20>
2000ab62:	f3bf 8f5f 	dmb	sy
2000ab66:	2304      	movs	r3, #4
2000ab68:	56e3      	ldrsb	r3, [r4, r3]
2000ab6a:	2b00      	cmp	r3, #0
2000ab6c:	db14      	blt.n	2000ab98 <mutex_enter_block_until+0x5c>
2000ab6e:	6823      	ldr	r3, [r4, #0]
2000ab70:	f3bf 8f5f 	dmb	sy
2000ab74:	2200      	movs	r2, #0
2000ab76:	601a      	str	r2, [r3, #0]
2000ab78:	f381 8810 	msr	PRIMASK, r1
2000ab7c:	0028      	movs	r0, r5
2000ab7e:	0031      	movs	r1, r6
2000ab80:	f7fb fda8 	bl	200066d4 <best_effort_wfe_or_timeout>
2000ab84:	2800      	cmp	r0, #0
2000ab86:	d0e5      	beq.n	2000ab54 <mutex_enter_block_until+0x18>
2000ab88:	2000      	movs	r0, #0
2000ab8a:	e00e      	b.n	2000abaa <mutex_enter_block_until+0x6e>
2000ab8c:	4b07      	ldr	r3, [pc, #28]	@ (2000abac <mutex_enter_block_until+0x70>)
2000ab8e:	4a08      	ldr	r2, [pc, #32]	@ (2000abb0 <mutex_enter_block_until+0x74>)
2000ab90:	4808      	ldr	r0, [pc, #32]	@ (2000abb4 <mutex_enter_block_until+0x78>)
2000ab92:	21a6      	movs	r1, #166	@ 0xa6
2000ab94:	f7fe fc6a 	bl	2000946c <__assert_func>
2000ab98:	7127      	strb	r7, [r4, #4]
2000ab9a:	6823      	ldr	r3, [r4, #0]
2000ab9c:	f3bf 8f5f 	dmb	sy
2000aba0:	2200      	movs	r2, #0
2000aba2:	601a      	str	r2, [r3, #0]
2000aba4:	f381 8810 	msr	PRIMASK, r1
2000aba8:	2001      	movs	r0, #1
2000abaa:	bdf8      	pop	{r3, r4, r5, r6, r7, pc}
2000abac:	2000d044 	.word	0x2000d044
2000abb0:	2000d8d4 	.word	0x2000d8d4
2000abb4:	2000cffc 	.word	0x2000cffc

2000abb8 <mutex_try_enter_block_until>:
2000abb8:	b570      	push	{r4, r5, r6, lr}
2000abba:	b082      	sub	sp, #8
2000abbc:	0006      	movs	r6, r0
2000abbe:	0015      	movs	r5, r2
2000abc0:	001c      	movs	r4, r3
2000abc2:	a901      	add	r1, sp, #4
2000abc4:	f7ff ff94 	bl	2000aaf0 <mutex_try_enter>
2000abc8:	2800      	cmp	r0, #0
2000abca:	d107      	bne.n	2000abdc <mutex_try_enter_block_until+0x24>
2000abcc:	9b01      	ldr	r3, [sp, #4]
2000abce:	b25b      	sxtb	r3, r3
2000abd0:	22d0      	movs	r2, #208	@ 0xd0
2000abd2:	0612      	lsls	r2, r2, #24
2000abd4:	7812      	ldrb	r2, [r2, #0]
2000abd6:	b252      	sxtb	r2, r2
2000abd8:	4293      	cmp	r3, r2
2000abda:	d101      	bne.n	2000abe0 <mutex_try_enter_block_until+0x28>
2000abdc:	b002      	add	sp, #8
2000abde:	bd70      	pop	{r4, r5, r6, pc}
2000abe0:	002a      	movs	r2, r5
2000abe2:	0023      	movs	r3, r4
2000abe4:	0030      	movs	r0, r6
2000abe6:	f7ff ffa9 	bl	2000ab3c <mutex_enter_block_until>
2000abea:	e7f7      	b.n	2000abdc <mutex_try_enter_block_until+0x24>

2000abec <mutex_exit>:
2000abec:	b510      	push	{r4, lr}
2000abee:	6801      	ldr	r1, [r0, #0]
2000abf0:	f3ef 8310 	mrs	r3, PRIMASK
2000abf4:	b672      	cpsid	i
2000abf6:	680a      	ldr	r2, [r1, #0]
2000abf8:	2a00      	cmp	r2, #0
2000abfa:	d0fc      	beq.n	2000abf6 <mutex_exit+0xa>
2000abfc:	f3bf 8f5f 	dmb	sy
2000ac00:	2204      	movs	r2, #4
2000ac02:	5682      	ldrsb	r2, [r0, r2]
2000ac04:	2a00      	cmp	r2, #0
2000ac06:	db0a      	blt.n	2000ac1e <mutex_exit+0x32>
2000ac08:	22ff      	movs	r2, #255	@ 0xff
2000ac0a:	7102      	strb	r2, [r0, #4]
2000ac0c:	6802      	ldr	r2, [r0, #0]
2000ac0e:	f3bf 8f5f 	dmb	sy
2000ac12:	2100      	movs	r1, #0
2000ac14:	6011      	str	r1, [r2, #0]
2000ac16:	f383 8810 	msr	PRIMASK, r3
2000ac1a:	bf40      	sev
2000ac1c:	bd10      	pop	{r4, pc}
2000ac1e:	4b03      	ldr	r3, [pc, #12]	@ (2000ac2c <mutex_exit+0x40>)
2000ac20:	4a03      	ldr	r2, [pc, #12]	@ (2000ac30 <mutex_exit+0x44>)
2000ac22:	4804      	ldr	r0, [pc, #16]	@ (2000ac34 <mutex_exit+0x48>)
2000ac24:	21d5      	movs	r1, #213	@ 0xd5
2000ac26:	f7fe fc21 	bl	2000946c <__assert_func>
2000ac2a:	46c0      	nop			@ (mov r8, r8)
2000ac2c:	2000d058 	.word	0x2000d058
2000ac30:	2000d8c8 	.word	0x2000d8c8
2000ac34:	2000cffc 	.word	0x2000cffc

2000ac38 <spi_write_read_blocking>:
2000ac38:	b570      	push	{r4, r5, r6, lr}
2000ac3a:	000d      	movs	r5, r1
2000ac3c:	0014      	movs	r4, r2
2000ac3e:	001e      	movs	r6, r3
2000ac40:	001a      	movs	r2, r3
2000ac42:	e008      	b.n	2000ac56 <spi_write_read_blocking+0x1e>
2000ac44:	2b00      	cmp	r3, #0
2000ac46:	d006      	beq.n	2000ac56 <spi_write_read_blocking+0x1e>
2000ac48:	68c1      	ldr	r1, [r0, #12]
2000ac4a:	0749      	lsls	r1, r1, #29
2000ac4c:	d503      	bpl.n	2000ac56 <spi_write_read_blocking+0x1e>
2000ac4e:	6881      	ldr	r1, [r0, #8]
2000ac50:	7021      	strb	r1, [r4, #0]
2000ac52:	3b01      	subs	r3, #1
2000ac54:	3401      	adds	r4, #1
2000ac56:	0019      	movs	r1, r3
2000ac58:	4311      	orrs	r1, r2
2000ac5a:	d00d      	beq.n	2000ac78 <spi_write_read_blocking+0x40>
2000ac5c:	2a00      	cmp	r2, #0
2000ac5e:	d0f1      	beq.n	2000ac44 <spi_write_read_blocking+0xc>
2000ac60:	68c1      	ldr	r1, [r0, #12]
2000ac62:	0789      	lsls	r1, r1, #30
2000ac64:	d5ee      	bpl.n	2000ac44 <spi_write_read_blocking+0xc>
2000ac66:	0011      	movs	r1, r2
2000ac68:	3108      	adds	r1, #8
2000ac6a:	4299      	cmp	r1, r3
2000ac6c:	d9ea      	bls.n	2000ac44 <spi_write_read_blocking+0xc>
2000ac6e:	7829      	ldrb	r1, [r5, #0]
2000ac70:	6081      	str	r1, [r0, #8]
2000ac72:	3a01      	subs	r2, #1
2000ac74:	3501      	adds	r5, #1
2000ac76:	e7e5      	b.n	2000ac44 <spi_write_read_blocking+0xc>
2000ac78:	0030      	movs	r0, r6
2000ac7a:	bd70      	pop	{r4, r5, r6, pc}

2000ac7c <spi_write_blocking>:
2000ac7c:	b510      	push	{r4, lr}
2000ac7e:	000c      	movs	r4, r1
2000ac80:	0011      	movs	r1, r2
2000ac82:	2200      	movs	r2, #0
2000ac84:	e005      	b.n	2000ac92 <spi_write_blocking+0x16>
2000ac86:	68c3      	ldr	r3, [r0, #12]
2000ac88:	079b      	lsls	r3, r3, #30
2000ac8a:	d5fc      	bpl.n	2000ac86 <spi_write_blocking+0xa>
2000ac8c:	5ca3      	ldrb	r3, [r4, r2]
2000ac8e:	6083      	str	r3, [r0, #8]
2000ac90:	3201      	adds	r2, #1
2000ac92:	428a      	cmp	r2, r1
2000ac94:	d3f7      	bcc.n	2000ac86 <spi_write_blocking+0xa>
2000ac96:	e000      	b.n	2000ac9a <spi_write_blocking+0x1e>
2000ac98:	6883      	ldr	r3, [r0, #8]
2000ac9a:	68c3      	ldr	r3, [r0, #12]
2000ac9c:	075b      	lsls	r3, r3, #29
2000ac9e:	d4fb      	bmi.n	2000ac98 <spi_write_blocking+0x1c>
2000aca0:	68c3      	ldr	r3, [r0, #12]
2000aca2:	06db      	lsls	r3, r3, #27
2000aca4:	d4fc      	bmi.n	2000aca0 <spi_write_blocking+0x24>
2000aca6:	e000      	b.n	2000acaa <spi_write_blocking+0x2e>
2000aca8:	6883      	ldr	r3, [r0, #8]
2000acaa:	68c3      	ldr	r3, [r0, #12]
2000acac:	075b      	lsls	r3, r3, #29
2000acae:	d4fb      	bmi.n	2000aca8 <spi_write_blocking+0x2c>
2000acb0:	2301      	movs	r3, #1
2000acb2:	6203      	str	r3, [r0, #32]
2000acb4:	0008      	movs	r0, r1
2000acb6:	bd10      	pop	{r4, pc}

2000acb8 <flash_init_boot2_copyout>:
2000acb8:	4b09      	ldr	r3, [pc, #36]	@ (2000ace0 <flash_init_boot2_copyout+0x28>)
2000acba:	781b      	ldrb	r3, [r3, #0]
2000acbc:	2b00      	cmp	r3, #0
2000acbe:	d008      	beq.n	2000acd2 <flash_init_boot2_copyout+0x1a>
2000acc0:	e00c      	b.n	2000acdc <flash_init_boot2_copyout+0x24>
2000acc2:	009a      	lsls	r2, r3, #2
2000acc4:	2180      	movs	r1, #128	@ 0x80
2000acc6:	0549      	lsls	r1, r1, #21
2000acc8:	1851      	adds	r1, r2, r1
2000acca:	6808      	ldr	r0, [r1, #0]
2000accc:	4905      	ldr	r1, [pc, #20]	@ (2000ace4 <flash_init_boot2_copyout+0x2c>)
2000acce:	5050      	str	r0, [r2, r1]
2000acd0:	3301      	adds	r3, #1
2000acd2:	2b3f      	cmp	r3, #63	@ 0x3f
2000acd4:	ddf5      	ble.n	2000acc2 <flash_init_boot2_copyout+0xa>
2000acd6:	4b02      	ldr	r3, [pc, #8]	@ (2000ace0 <flash_init_boot2_copyout+0x28>)
2000acd8:	2201      	movs	r2, #1
2000acda:	701a      	strb	r2, [r3, #0]
2000acdc:	4770      	bx	lr
2000acde:	46c0      	nop			@ (mov r8, r8)
2000ace0:	20030988 	.word	0x20030988
2000ace4:	2000ecec 	.word	0x2000ecec

2000ace8 <flash_enable_xip_via_boot2>:
2000ace8:	b510      	push	{r4, lr}
2000acea:	4b01      	ldr	r3, [pc, #4]	@ (2000acf0 <flash_enable_xip_via_boot2+0x8>)
2000acec:	4798      	blx	r3
2000acee:	bd10      	pop	{r4, pc}
2000acf0:	2000eced 	.word	0x2000eced

2000acf4 <flash_save_hardware_state>:
2000acf4:	2200      	movs	r2, #0
2000acf6:	e006      	b.n	2000ad06 <flash_save_hardware_state+0x12>
2000acf8:	0093      	lsls	r3, r2, #2
2000acfa:	4906      	ldr	r1, [pc, #24]	@ (2000ad14 <flash_save_hardware_state+0x20>)
2000acfc:	1859      	adds	r1, r3, r1
2000acfe:	6849      	ldr	r1, [r1, #4]
2000ad00:	18c3      	adds	r3, r0, r3
2000ad02:	6059      	str	r1, [r3, #4]
2000ad04:	3201      	adds	r2, #1
2000ad06:	2a05      	cmp	r2, #5
2000ad08:	d9f6      	bls.n	2000acf8 <flash_save_hardware_state+0x4>
2000ad0a:	23a0      	movs	r3, #160	@ 0xa0
2000ad0c:	055b      	lsls	r3, r3, #21
2000ad0e:	681b      	ldr	r3, [r3, #0]
2000ad10:	6003      	str	r3, [r0, #0]
2000ad12:	4770      	bx	lr
2000ad14:	40020000 	.word	0x40020000

2000ad18 <flash_restore_hardware_state>:
2000ad18:	b510      	push	{r4, lr}
2000ad1a:	2200      	movs	r2, #0
2000ad1c:	e007      	b.n	2000ad2e <flash_restore_hardware_state+0x16>
2000ad1e:	0093      	lsls	r3, r2, #2
2000ad20:	18c1      	adds	r1, r0, r3
2000ad22:	6849      	ldr	r1, [r1, #4]
2000ad24:	4c05      	ldr	r4, [pc, #20]	@ (2000ad3c <flash_restore_hardware_state+0x24>)
2000ad26:	46a4      	mov	ip, r4
2000ad28:	4463      	add	r3, ip
2000ad2a:	6059      	str	r1, [r3, #4]
2000ad2c:	3201      	adds	r2, #1
2000ad2e:	2a05      	cmp	r2, #5
2000ad30:	d9f5      	bls.n	2000ad1e <flash_restore_hardware_state+0x6>
2000ad32:	6802      	ldr	r2, [r0, #0]
2000ad34:	23a0      	movs	r3, #160	@ 0xa0
2000ad36:	055b      	lsls	r3, r3, #21
2000ad38:	601a      	str	r2, [r3, #0]
2000ad3a:	bd10      	pop	{r4, pc}
2000ad3c:	40020000 	.word	0x40020000

2000ad40 <flash_range_erase>:
2000ad40:	b5f0      	push	{r4, r5, r6, r7, lr}
2000ad42:	46d6      	mov	lr, sl
2000ad44:	464f      	mov	r7, r9
2000ad46:	4646      	mov	r6, r8
2000ad48:	b5c0      	push	{r6, r7, lr}
2000ad4a:	b088      	sub	sp, #32
2000ad4c:	4681      	mov	r9, r0
2000ad4e:	000a      	movs	r2, r1
2000ad50:	468a      	mov	sl, r1
2000ad52:	444a      	add	r2, r9
2000ad54:	2380      	movs	r3, #128	@ 0x80
2000ad56:	045b      	lsls	r3, r3, #17
2000ad58:	429a      	cmp	r2, r3
2000ad5a:	d838      	bhi.n	2000adce <flash_range_erase+0x8e>
2000ad5c:	2718      	movs	r7, #24
2000ad5e:	883b      	ldrh	r3, [r7, #0]
2000ad60:	2614      	movs	r6, #20
2000ad62:	8830      	ldrh	r0, [r6, #0]
2000ad64:	4920      	ldr	r1, [pc, #128]	@ (2000ade8 <flash_range_erase+0xa8>)
2000ad66:	4798      	blx	r3
2000ad68:	0004      	movs	r4, r0
2000ad6a:	883b      	ldrh	r3, [r7, #0]
2000ad6c:	8830      	ldrh	r0, [r6, #0]
2000ad6e:	491f      	ldr	r1, [pc, #124]	@ (2000adec <flash_range_erase+0xac>)
2000ad70:	4798      	blx	r3
2000ad72:	0005      	movs	r5, r0
2000ad74:	883b      	ldrh	r3, [r7, #0]
2000ad76:	8830      	ldrh	r0, [r6, #0]
2000ad78:	491d      	ldr	r1, [pc, #116]	@ (2000adf0 <flash_range_erase+0xb0>)
2000ad7a:	4798      	blx	r3
2000ad7c:	4680      	mov	r8, r0
2000ad7e:	883b      	ldrh	r3, [r7, #0]
2000ad80:	8830      	ldrh	r0, [r6, #0]
2000ad82:	491c      	ldr	r1, [pc, #112]	@ (2000adf4 <flash_range_erase+0xb4>)
2000ad84:	4798      	blx	r3
2000ad86:	0006      	movs	r6, r0
2000ad88:	2c00      	cmp	r4, #0
2000ad8a:	d026      	beq.n	2000adda <flash_range_erase+0x9a>
2000ad8c:	2d00      	cmp	r5, #0
2000ad8e:	d024      	beq.n	2000adda <flash_range_erase+0x9a>
2000ad90:	4643      	mov	r3, r8
2000ad92:	2b00      	cmp	r3, #0
2000ad94:	d021      	beq.n	2000adda <flash_range_erase+0x9a>
2000ad96:	2800      	cmp	r0, #0
2000ad98:	d01f      	beq.n	2000adda <flash_range_erase+0x9a>
2000ad9a:	f7ff ff8d 	bl	2000acb8 <flash_init_boot2_copyout>
2000ad9e:	af01      	add	r7, sp, #4
2000ada0:	0038      	movs	r0, r7
2000ada2:	f7ff ffa7 	bl	2000acf4 <flash_save_hardware_state>
2000ada6:	47a0      	blx	r4
2000ada8:	47a8      	blx	r5
2000adaa:	2280      	movs	r2, #128	@ 0x80
2000adac:	23d8      	movs	r3, #216	@ 0xd8
2000adae:	0252      	lsls	r2, r2, #9
2000adb0:	4651      	mov	r1, sl
2000adb2:	4648      	mov	r0, r9
2000adb4:	47c0      	blx	r8
2000adb6:	47b0      	blx	r6
2000adb8:	f7ff ff96 	bl	2000ace8 <flash_enable_xip_via_boot2>
2000adbc:	0038      	movs	r0, r7
2000adbe:	f7ff ffab 	bl	2000ad18 <flash_restore_hardware_state>
2000adc2:	b008      	add	sp, #32
2000adc4:	bce0      	pop	{r5, r6, r7}
2000adc6:	46ba      	mov	sl, r7
2000adc8:	46b1      	mov	r9, r6
2000adca:	46a8      	mov	r8, r5
2000adcc:	bdf0      	pop	{r4, r5, r6, r7, pc}
2000adce:	4b0a      	ldr	r3, [pc, #40]	@ (2000adf8 <flash_range_erase+0xb8>)
2000add0:	4a0a      	ldr	r2, [pc, #40]	@ (2000adfc <flash_range_erase+0xbc>)
2000add2:	480b      	ldr	r0, [pc, #44]	@ (2000ae00 <flash_range_erase+0xc0>)
2000add4:	21d5      	movs	r1, #213	@ 0xd5
2000add6:	f7fe fb49 	bl	2000946c <__assert_func>
2000adda:	4b0a      	ldr	r3, [pc, #40]	@ (2000ae04 <flash_range_erase+0xc4>)
2000addc:	4a07      	ldr	r2, [pc, #28]	@ (2000adfc <flash_range_erase+0xbc>)
2000adde:	4808      	ldr	r0, [pc, #32]	@ (2000ae00 <flash_range_erase+0xc0>)
2000ade0:	21dd      	movs	r1, #221	@ 0xdd
2000ade2:	f7fe fb43 	bl	2000946c <__assert_func>
2000ade6:	46c0      	nop			@ (mov r8, r8)
2000ade8:	00004649 	.word	0x00004649
2000adec:	00005845 	.word	0x00005845
2000adf0:	00004552 	.word	0x00004552
2000adf4:	00004346 	.word	0x00004346
2000adf8:	2000d6c0 	.word	0x2000d6c0
2000adfc:	2000dac0 	.word	0x2000dac0
2000ae00:	2000d674 	.word	0x2000d674
2000ae04:	2000d6ec 	.word	0x2000d6ec

2000ae08 <flash_range_program>:
2000ae08:	b5f0      	push	{r4, r5, r6, r7, lr}
2000ae0a:	46de      	mov	lr, fp
2000ae0c:	4657      	mov	r7, sl
2000ae0e:	464e      	mov	r6, r9
2000ae10:	4645      	mov	r5, r8
2000ae12:	b5e0      	push	{r5, r6, r7, lr}
2000ae14:	b089      	sub	sp, #36	@ 0x24
2000ae16:	4681      	mov	r9, r0
2000ae18:	468a      	mov	sl, r1
2000ae1a:	4693      	mov	fp, r2
2000ae1c:	444a      	add	r2, r9
2000ae1e:	2380      	movs	r3, #128	@ 0x80
2000ae20:	045b      	lsls	r3, r3, #17
2000ae22:	429a      	cmp	r2, r3
2000ae24:	d837      	bhi.n	2000ae96 <flash_range_program+0x8e>
2000ae26:	2718      	movs	r7, #24
2000ae28:	883b      	ldrh	r3, [r7, #0]
2000ae2a:	2614      	movs	r6, #20
2000ae2c:	8830      	ldrh	r0, [r6, #0]
2000ae2e:	4920      	ldr	r1, [pc, #128]	@ (2000aeb0 <flash_range_program+0xa8>)
2000ae30:	4798      	blx	r3
2000ae32:	0004      	movs	r4, r0
2000ae34:	883b      	ldrh	r3, [r7, #0]
2000ae36:	8830      	ldrh	r0, [r6, #0]
2000ae38:	491e      	ldr	r1, [pc, #120]	@ (2000aeb4 <flash_range_program+0xac>)
2000ae3a:	4798      	blx	r3
2000ae3c:	0005      	movs	r5, r0
2000ae3e:	883b      	ldrh	r3, [r7, #0]
2000ae40:	8830      	ldrh	r0, [r6, #0]
2000ae42:	491d      	ldr	r1, [pc, #116]	@ (2000aeb8 <flash_range_program+0xb0>)
2000ae44:	4798      	blx	r3
2000ae46:	4680      	mov	r8, r0
2000ae48:	883b      	ldrh	r3, [r7, #0]
2000ae4a:	8830      	ldrh	r0, [r6, #0]
2000ae4c:	491b      	ldr	r1, [pc, #108]	@ (2000aebc <flash_range_program+0xb4>)
2000ae4e:	4798      	blx	r3
2000ae50:	0006      	movs	r6, r0
2000ae52:	2c00      	cmp	r4, #0
2000ae54:	d025      	beq.n	2000aea2 <flash_range_program+0x9a>
2000ae56:	2d00      	cmp	r5, #0
2000ae58:	d023      	beq.n	2000aea2 <flash_range_program+0x9a>
2000ae5a:	4643      	mov	r3, r8
2000ae5c:	2b00      	cmp	r3, #0
2000ae5e:	d020      	beq.n	2000aea2 <flash_range_program+0x9a>
2000ae60:	2800      	cmp	r0, #0
2000ae62:	d01e      	beq.n	2000aea2 <flash_range_program+0x9a>
2000ae64:	f7ff ff28 	bl	2000acb8 <flash_init_boot2_copyout>
2000ae68:	af01      	add	r7, sp, #4
2000ae6a:	0038      	movs	r0, r7
2000ae6c:	f7ff ff42 	bl	2000acf4 <flash_save_hardware_state>
2000ae70:	47a0      	blx	r4
2000ae72:	47a8      	blx	r5
2000ae74:	465a      	mov	r2, fp
2000ae76:	4651      	mov	r1, sl
2000ae78:	4648      	mov	r0, r9
2000ae7a:	47c0      	blx	r8
2000ae7c:	47b0      	blx	r6
2000ae7e:	f7ff ff33 	bl	2000ace8 <flash_enable_xip_via_boot2>
2000ae82:	0038      	movs	r0, r7
2000ae84:	f7ff ff48 	bl	2000ad18 <flash_restore_hardware_state>
2000ae88:	b009      	add	sp, #36	@ 0x24
2000ae8a:	bcf0      	pop	{r4, r5, r6, r7}
2000ae8c:	46bb      	mov	fp, r7
2000ae8e:	46b2      	mov	sl, r6
2000ae90:	46a9      	mov	r9, r5
2000ae92:	46a0      	mov	r8, r4
2000ae94:	bdf0      	pop	{r4, r5, r6, r7, pc}
2000ae96:	4b0a      	ldr	r3, [pc, #40]	@ (2000aec0 <flash_range_program+0xb8>)
2000ae98:	4a0a      	ldr	r2, [pc, #40]	@ (2000aec4 <flash_range_program+0xbc>)
2000ae9a:	480b      	ldr	r0, [pc, #44]	@ (2000aec8 <flash_range_program+0xc0>)
2000ae9c:	21f4      	movs	r1, #244	@ 0xf4
2000ae9e:	f7fe fae5 	bl	2000946c <__assert_func>
2000aea2:	4b0a      	ldr	r3, [pc, #40]	@ (2000aecc <flash_range_program+0xc4>)
2000aea4:	4a07      	ldr	r2, [pc, #28]	@ (2000aec4 <flash_range_program+0xbc>)
2000aea6:	4808      	ldr	r0, [pc, #32]	@ (2000aec8 <flash_range_program+0xc0>)
2000aea8:	21fc      	movs	r1, #252	@ 0xfc
2000aeaa:	f7fe fadf 	bl	2000946c <__assert_func>
2000aeae:	46c0      	nop			@ (mov r8, r8)
2000aeb0:	00004649 	.word	0x00004649
2000aeb4:	00005845 	.word	0x00005845
2000aeb8:	00005052 	.word	0x00005052
2000aebc:	00004346 	.word	0x00004346
2000aec0:	2000d6c0 	.word	0x2000d6c0
2000aec4:	2000daac 	.word	0x2000daac
2000aec8:	2000d674 	.word	0x2000d674
2000aecc:	2000d754 	.word	0x2000d754

2000aed0 <flash_do_cmd_cs>:
2000aed0:	b5f0      	push	{r4, r5, r6, r7, lr}
2000aed2:	46d6      	mov	lr, sl
2000aed4:	464f      	mov	r7, r9
2000aed6:	4646      	mov	r6, r8
2000aed8:	b5c0      	push	{r6, r7, lr}
2000aeda:	b088      	sub	sp, #32
2000aedc:	4682      	mov	sl, r0
2000aede:	000d      	movs	r5, r1
2000aee0:	0014      	movs	r4, r2
2000aee2:	2618      	movs	r6, #24
2000aee4:	8833      	ldrh	r3, [r6, #0]
2000aee6:	2714      	movs	r7, #20
2000aee8:	8838      	ldrh	r0, [r7, #0]
2000aeea:	4932      	ldr	r1, [pc, #200]	@ (2000afb4 <flash_do_cmd_cs+0xe4>)
2000aeec:	4798      	blx	r3
2000aeee:	4681      	mov	r9, r0
2000aef0:	8833      	ldrh	r3, [r6, #0]
2000aef2:	8838      	ldrh	r0, [r7, #0]
2000aef4:	4930      	ldr	r1, [pc, #192]	@ (2000afb8 <flash_do_cmd_cs+0xe8>)
2000aef6:	4798      	blx	r3
2000aef8:	4680      	mov	r8, r0
2000aefa:	8833      	ldrh	r3, [r6, #0]
2000aefc:	8838      	ldrh	r0, [r7, #0]
2000aefe:	492f      	ldr	r1, [pc, #188]	@ (2000afbc <flash_do_cmd_cs+0xec>)
2000af00:	4798      	blx	r3
2000af02:	0007      	movs	r7, r0
2000af04:	464b      	mov	r3, r9
2000af06:	2b00      	cmp	r3, #0
2000af08:	d017      	beq.n	2000af3a <flash_do_cmd_cs+0x6a>
2000af0a:	4643      	mov	r3, r8
2000af0c:	2b00      	cmp	r3, #0
2000af0e:	d014      	beq.n	2000af3a <flash_do_cmd_cs+0x6a>
2000af10:	2800      	cmp	r0, #0
2000af12:	d012      	beq.n	2000af3a <flash_do_cmd_cs+0x6a>
2000af14:	f7ff fed0 	bl	2000acb8 <flash_init_boot2_copyout>
2000af18:	a801      	add	r0, sp, #4
2000af1a:	f7ff feeb 	bl	2000acf4 <flash_save_hardware_state>
2000af1e:	47c8      	blx	r9
2000af20:	47c0      	blx	r8
2000af22:	4b27      	ldr	r3, [pc, #156]	@ (2000afc0 <flash_do_cmd_cs+0xf0>)
2000af24:	681a      	ldr	r2, [r3, #0]
2000af26:	2380      	movs	r3, #128	@ 0x80
2000af28:	009b      	lsls	r3, r3, #2
2000af2a:	4053      	eors	r3, r2
2000af2c:	22c0      	movs	r2, #192	@ 0xc0
2000af2e:	0092      	lsls	r2, r2, #2
2000af30:	4013      	ands	r3, r2
2000af32:	4a24      	ldr	r2, [pc, #144]	@ (2000afc4 <flash_do_cmd_cs+0xf4>)
2000af34:	6013      	str	r3, [r2, #0]
2000af36:	0021      	movs	r1, r4
2000af38:	e010      	b.n	2000af5c <flash_do_cmd_cs+0x8c>
2000af3a:	4b23      	ldr	r3, [pc, #140]	@ (2000afc8 <flash_do_cmd_cs+0xf8>)
2000af3c:	4a23      	ldr	r2, [pc, #140]	@ (2000afcc <flash_do_cmd_cs+0xfc>)
2000af3e:	212a      	movs	r1, #42	@ 0x2a
2000af40:	4823      	ldr	r0, [pc, #140]	@ (2000afd0 <flash_do_cmd_cs+0x100>)
2000af42:	31ff      	adds	r1, #255	@ 0xff
2000af44:	f7fe fa92 	bl	2000946c <__assert_func>
2000af48:	2b00      	cmp	r3, #0
2000af4a:	d007      	beq.n	2000af5c <flash_do_cmd_cs+0x8c>
2000af4c:	2900      	cmp	r1, #0
2000af4e:	d005      	beq.n	2000af5c <flash_do_cmd_cs+0x8c>
2000af50:	23c0      	movs	r3, #192	@ 0xc0
2000af52:	055b      	lsls	r3, r3, #21
2000af54:	6e1b      	ldr	r3, [r3, #96]	@ 0x60
2000af56:	702b      	strb	r3, [r5, #0]
2000af58:	3901      	subs	r1, #1
2000af5a:	3501      	adds	r5, #1
2000af5c:	0023      	movs	r3, r4
2000af5e:	430b      	orrs	r3, r1
2000af60:	d014      	beq.n	2000af8c <flash_do_cmd_cs+0xbc>
2000af62:	23c0      	movs	r3, #192	@ 0xc0
2000af64:	055b      	lsls	r3, r3, #21
2000af66:	6a9a      	ldr	r2, [r3, #40]	@ 0x28
2000af68:	2308      	movs	r3, #8
2000af6a:	4013      	ands	r3, r2
2000af6c:	0792      	lsls	r2, r2, #30
2000af6e:	d5eb      	bpl.n	2000af48 <flash_do_cmd_cs+0x78>
2000af70:	2c00      	cmp	r4, #0
2000af72:	d0e9      	beq.n	2000af48 <flash_do_cmd_cs+0x78>
2000af74:	1b0a      	subs	r2, r1, r4
2000af76:	2a0d      	cmp	r2, #13
2000af78:	d8e6      	bhi.n	2000af48 <flash_do_cmd_cs+0x78>
2000af7a:	4656      	mov	r6, sl
2000af7c:	7830      	ldrb	r0, [r6, #0]
2000af7e:	22c0      	movs	r2, #192	@ 0xc0
2000af80:	0552      	lsls	r2, r2, #21
2000af82:	6610      	str	r0, [r2, #96]	@ 0x60
2000af84:	3c01      	subs	r4, #1
2000af86:	1c72      	adds	r2, r6, #1
2000af88:	4692      	mov	sl, r2
2000af8a:	e7dd      	b.n	2000af48 <flash_do_cmd_cs+0x78>
2000af8c:	4b0c      	ldr	r3, [pc, #48]	@ (2000afc0 <flash_do_cmd_cs+0xf0>)
2000af8e:	681a      	ldr	r2, [r3, #0]
2000af90:	23c0      	movs	r3, #192	@ 0xc0
2000af92:	009b      	lsls	r3, r3, #2
2000af94:	4393      	bics	r3, r2
2000af96:	4a0b      	ldr	r2, [pc, #44]	@ (2000afc4 <flash_do_cmd_cs+0xf4>)
2000af98:	6013      	str	r3, [r2, #0]
2000af9a:	47b8      	blx	r7
2000af9c:	f7ff fea4 	bl	2000ace8 <flash_enable_xip_via_boot2>
2000afa0:	a801      	add	r0, sp, #4
2000afa2:	f7ff feb9 	bl	2000ad18 <flash_restore_hardware_state>
2000afa6:	b008      	add	sp, #32
2000afa8:	bce0      	pop	{r5, r6, r7}
2000afaa:	46ba      	mov	sl, r7
2000afac:	46b1      	mov	r9, r6
2000afae:	46a8      	mov	r8, r5
2000afb0:	bdf0      	pop	{r4, r5, r6, r7, pc}
2000afb2:	46c0      	nop			@ (mov r8, r8)
2000afb4:	00004649 	.word	0x00004649
2000afb8:	00005845 	.word	0x00005845
2000afbc:	00004346 	.word	0x00004346
2000afc0:	4001800c 	.word	0x4001800c
2000afc4:	4001900c 	.word	0x4001900c
2000afc8:	2000d7c0 	.word	0x2000d7c0
2000afcc:	2000da9c 	.word	0x2000da9c
2000afd0:	2000d674 	.word	0x2000d674

2000afd4 <reasons.0>:
2000afd4:	2000cab8 2000cac0 2000cae4 2000cb00     ... ... ... ... 
2000afe4:	2000cb18 2000cb34 2000cb60 2000cb7c     ... 4.. `.. |.. 
2000aff4:	2000cbb4 2000cbec                       ... ... 

2000affc <table.7>:
2000affc:	00000000 1db71064 3b6e20c8 26d930ac     ....d.... n;.0.&
2000b00c:	76dc4190 6b6b51f4 4db26158 5005713c     .A.v.QkkXa.M<q.P
2000b01c:	edb88320 f00f9344 d6d6a3e8 cb61b38c      ...D.........a.
2000b02c:	9b64c2b0 86d3d2d4 a00ae278 bdbdf21c     ..d.....x.......

2000b03c <modes.8>:
2000b03c:	2000cc24 2000cc34 2000cc3c              $.. 4.. <.. 

2000b048 <digits.11>:
2000b048:	33323130 37363534 62613938 66656463     0123456789abcdef
2000b058:	00000000                                ....

2000b05c <crc5_usb_tab>:
2000b05c:	121c0e00 030d1f11 1917050b 0806141a     ................
2000b06c:	040a1816 151b0907 0f01131d 1e10020c     ................
2000b07c:	17190b05 06081a14 1c12000e 0d03111f     ................
2000b08c:	010f1d13 101e0c02 0a041618 1b150709     ................
2000b09c:	1816040a 0907151b 131d0f01 020c1e10     ................
2000b0ac:	0e00121c 1f11030d 050b1917 141a0806     ................
2000b0bc:	1d13010f 0c02101e 16180a04 07091b15     ................
2000b0cc:	0b051719 1a140608 000e1c12 111f0d03     ................
2000b0dc:	06081a14 17190b05 0d03111f 1c12000e     ................
2000b0ec:	101e0c02 010f1d13 1b150709 0a041618     ................
2000b0fc:	030d1f11 121c0e00 0806141a 1917050b     ................
2000b10c:	151b0907 040a1816 1e10020c 0f01131d     ................
2000b11c:	0c02101e 1d13010f 07091b15 16180a04     ................
2000b12c:	1a140608 0b051719 111f0d03 000e1c12     ................
2000b13c:	0907151b 1816040a 020c1e10 131d0f01     ................
2000b14c:	1f11030d 0e00121c 141a0806 050b1917     ................

2000b15c <crc16_usb_tab>:
2000b15c:	c0c10000 0140c181 03c0c301 c2410280     ......@.......A.
2000b16c:	06c0c601 c7410780 c5c10500 0440c481     ......A.......@.
2000b17c:	0cc0cc01 cd410d80 cfc10f00 0e40ce81     ......A.......@.
2000b18c:	cac10a00 0b40cb81 09c0c901 c8410880     ......@.......A.
2000b19c:	18c0d801 d9411980 dbc11b00 1a40da81     ......A.......@.
2000b1ac:	dec11e00 1f40df81 1dc0dd01 dc411c80     ......@.......A.
2000b1bc:	d4c11400 1540d581 17c0d701 d6411680     ......@.......A.
2000b1cc:	12c0d201 d3411380 d1c11100 1040d081     ......A.......@.
2000b1dc:	30c0f001 f1413180 f3c13300 3240f281     ...0.1A..3....@2
2000b1ec:	f6c13600 3740f781 35c0f501 f4413480     .6....@7...5.4A.
2000b1fc:	fcc13c00 3d40fd81 3fc0ff01 fe413e80     .<....@=...?.>A.
2000b20c:	3ac0fa01 fb413b80 f9c13900 3840f881     ...:.;A..9....@8
2000b21c:	e8c12800 2940e981 2bc0eb01 ea412a80     .(....@)...+.*A.
2000b22c:	2ec0ee01 ef412f80 edc12d00 2c40ec81     ...../A..-....@,
2000b23c:	24c0e401 e5412580 e7c12700 2640e681     ...$.%A..'....@&
2000b24c:	e2c12200 2340e381 21c0e101 e0412080     ."....@#...!. A.
2000b25c:	60c0a001 a1416180 a3c16300 6240a281     ...`.aA..c....@b
2000b26c:	a6c16600 6740a781 65c0a501 a4416480     .f....@g...e.dA.
2000b27c:	acc16c00 6d40ad81 6fc0af01 ae416e80     .l....@m...o.nA.
2000b28c:	6ac0aa01 ab416b80 a9c16900 6840a881     ...j.kA..i....@h
2000b29c:	b8c17800 7940b981 7bc0bb01 ba417a80     .x....@y...{.zA.
2000b2ac:	7ec0be01 bf417f80 bdc17d00 7c40bc81     ...~..A..}....@|
2000b2bc:	74c0b401 b5417580 b7c17700 7640b681     ...t.uA..w....@v
2000b2cc:	b2c17200 7340b381 71c0b101 b0417080     .r....@s...q.pA.
2000b2dc:	90c15000 51409181 53c09301 92415280     .P....@Q...S.RA.
2000b2ec:	56c09601 97415780 95c15500 54409481     ...V.WA..U....@T
2000b2fc:	5cc09c01 9d415d80 9fc15f00 5e409e81     ...\.]A.._....@^
2000b30c:	9ac15a00 5b409b81 59c09901 98415880     .Z....@[...Y.XA.
2000b31c:	48c08801 89414980 8bc14b00 4a408a81     ...H.IA..K....@J
2000b32c:	8ec14e00 4f408f81 4dc08d01 8c414c80     .N....@O...M.LA.
2000b33c:	84c14400 45408581 47c08701 86414680     .D....@E...G.FA.
2000b34c:	42c08201 83414380 81c14100 40408081     ...B.CA..A....@@

2000b35c <st_switch_pins>:
2000b35c:	00000008 2000cc44 00000009 2000cc4c     ....D.. ....L.. 
2000b36c:	00000014 2000cc54 00000015 2000cc64     ....T.. ....d.. 

2000b37c <st_free_pins>:
2000b37c:	00000000 2000cc74 00000001 2000cc7c     ....t.. ....|.. 
2000b38c:	00000002 2000cc84 00000003 2000cc8c     ....... ....... 
2000b39c:	00000006 2000cc94 00000007 2000cc9c     ....... ....... 
2000b3ac:	00000012 2000cca4 0000000d 2000ccac     ....... ....... 
2000b3bc:	0000000e 2000ccb4 0000001a 2000ccbc     ....... ....... 

2000b3cc <uart_bench_magic>:
2000b3cc:	42554b4f                                OKUB

2000b3d0 <uart_baud_ladder>:
2000b3d0:	00002580 00004b00 00009600 0000e100     .%...K..........
2000b3e0:	00012480 0001c200 00038400 00070800     .$..............
2000b3f0:	000e1000 000f4240 0016e360 001e8480     ....@B..`.......
2000b400:	002dc6c0                                ..-.

2000b404 <spi_frame_magic>:
2000b404:	49484b4f                                OKHI

2000b408 <tar_pio1_program>:
2000b408:	2000b410 0000ff14                       ... ....

2000b410 <tar_pio1_program_instructions>:
2000b410:	e000e081 bf42bf42 bf42bf42 6042a0f0     ....B.B.B.B...B`
2000b420:	a0f00086 00866042 6042a0f0 a0f00086     ....B`....B`....
2000b430:	00866042 0013e001                       B`......

2000b438 <tar_lowsp_pio0_program>:
2000b438:	2000b440 0000ff20                       @..  ...

2000b440 <tar_lowsp_pio0_program_instructions>:
2000b440:	20a1a02b a1422021 40010045 6042a0f0     +.. ! B.E..@..B`
2000b450:	a3420075 004c00c4 a0f04001 00756042     u.B...L..@..B`u.
2000b460:	00c300c3 00c300c3 8000000b 8000a0c1     ................
2000b470:	a0f0e03f 00806042 a0cb0059 20a28000     ?...B`..Y...... 
2000b480:	00007830 00000a0d 42554b4f 78650a0d     0x......OKUB..ex
2000b490:	6e726574 45206c61 522d5053 54455345     ternal ESP-RESET
2000b4a0:	74656420 65746365 0a0d2164 6f626572      detected!..rebo
2000b4b0:	6e69746f 6e692067 20303520 73636573     oting in 50 secs
2000b4c0:	0d212121 0000000a 314f4950 51524920     !!!.....PIO1 IRQ
2000b4d0:	00000d21 20202020 20515249 0d212031     !...    IRQ 1 !.
2000b4e0:	00000000 20202020 20515249 0d212032     ....    IRQ 2 !.
2000b4f0:	00000000 304f4950 51524920 00000d21     ....PIO0 IRQ!...
2000b500:	636e7953 6e6f7268 74617a69 206e6f69     Synchronization 
2000b510:	6f727265 43202e72 6b636568 756f7920     error. Check you
2000b520:	70732072 20646565 74746573 2e676e69     r speed setting.
2000b530:	0000000d 56414c53 45522045 21594441     ....SLAVE READY!
2000b540:	00000000 20505345 76616c73 6f6e2065     ....ESP slave no
2000b550:	72612074 2064656d 2c746579 65687420     t armed yet, the
2000b560:	6c6f7020 6f6c206c 7720706f 206c6c69      poll loop will 
2000b570:	7065656b 74657220 6e697972 00000067     keep retrying...
2000b580:	2e202020 3a202e2e 6c6f4620 20646564        ... : Folded 
2000b590:	00000000 72662031 00656d61 00006425     ....1 frame.%d..
2000b5a0:	61726620 0073656d 0000000d 61656c63      frames.....clea
2000b5b0:	0000006e 20574153 4f525245 00005352     n...SAW ERRORS..
2000b5c0:	53534150 00000000 4c494146 00000000     PASS....FAIL....
2000b5d0:	20697073 636e6562 73252068 3a752520     spi bench %s %u:
2000b5e0:	20752520 28207a48 5f6b6c63 69726570      %u Hz (clk_peri
2000b5f0:	00752520 7375202c 6c702062 6266206c      %u., usb pll fb
2000b600:	20766964 70207525 75252064 00752578     div %u pd %ux%u.
2000b610:	25202c29 72662075 73656d61 696d202c     ), %u frames, mi
2000b620:	6f206f73 7525206b 64616220 2c752520     so ok %u bad %u,
2000b630:	61747320 2520656c 78202c75 20726566      stale %u, xfer 
2000b640:	6c696166 2c752520 66666f20 20746573     fail %u, offset 
2000b650:	252d7525 666f2075 2c752520 70736520     %u-%u of %u, esp
2000b660:	2c732520 0d732520 0000000a 2a2a0a0d      %s, %s.......**
2000b670:	6874202a 72702065 6f697665 62207375     * the previous b
2000b680:	20746f6f 65646e65 6e692064 48206120     oot ended in a H
2000b690:	20445241 4c554146 6e6f2054 726f6320     ARD FAULT on cor
2000b6a0:	75252065 7263202c 20687361 2a207525     e %u, crash %u *
2000b6b0:	0a0d2a2a 00000000 20202020 25206370     **......    pc %
2000b6c0:	20783830 20726c20 78383025 73702020     08x  lr %08x  ps
2000b6d0:	30252072 20207838 25207073 0d783830     r %08x  sp %08x.
2000b6e0:	0000000a 20202020 25203072 20783830     ....    r0 %08x 
2000b6f0:	20317220 78383025 32722020 38302520      r1 %08x  r2 %08
2000b700:	72202078 30252033 20207838 20323172     x  r3 %08x  r12 
2000b710:	78383025 00000a0d 73616c66 72662068     %08x....flash fr
2000b720:	73206565 65636170 64646120 30203a72     ee space addr: 0
2000b730:	38302578 660a0d78 6873616c 646e6520     x%08x..flash end
2000b740:	64646120 30203a72 38302578 660a0d78      addr: 0x%08x..f
2000b750:	6873616c 65726620 70732065 20656361     lash free space 
2000b760:	657a6973 7830203a 78383025 74796220     size: 0x%08x byt
2000b770:	0a0d7365 00000000 656d6954 6c656420     es......Time del
2000b780:	62206174 65777465 70206e65 656b6361     ta between packe
2000b790:	69207374 6f742073 616c206f 2c656772     ts is too large,
2000b7a0:	736f7020 6c626973 75622065 72656666      possible buffer
2000b7b0:	726f6320 74707572 2e6e6f69 0000000d      corruption.....
2000b7c0:	203a4e49 78257830 2578302f 78302078     IN: 0x%x/0x%x 0x
2000b7d0:	30207825 20782578 78257830 25783020     %x 0x%x 0x%x 0x%
2000b7e0:	78302078 30207825 20782578 78257830     x 0x%x 0x%x 0x%x
2000b7f0:	25783020 0a0d3b78 00000000 20534620      0x%x;...... FS 
2000b800:	6b636170 00007465 20534c20 6b636170     packet.. LS pack
2000b810:	00007465 61430a0d 72757470 75622065     et....Capture bu
2000b820:	72656666 20736920 74706d65 00000d79     ffer is empty...
2000b830:	61430a0d 72757470 75622065 72656666     ..Capture buffer
2000b840:	00000d3a 61746f54 00203a6c 72726520     :...Total: . err
2000b850:	0000726f 0000202c 73756220 73657220     or.., .. bus res
2000b860:	00007465 61726620 0000656d 706d6520     et.. frame.. emp
2000b870:	66207974 656d6172 00000000 000d0a0d     ty frame........
2000b880:	75203776 41206273 32206775 30322032     v7 usb Aug 22 20
2000b890:	31203632 35353a33 0039333a 2061746f     26 13:55:39.ota 
2000b8a0:	3a70616d 70706120 25783020 20783630     map: app 0x%06x 
2000b8b0:	646c6f67 30206e65 36302578 74732078     golden 0x%06x st
2000b8c0:	6e696761 78302067 78363025 74656d20     aging 0x%06x met
2000b8d0:	78302061 78363025 70736520 25783020     a 0x%06x esp 0x%
2000b8e0:	20783630 20646e65 30257830 0a0d7836     06x end 0x%06x..
2000b8f0:	00000000 2061746f 20707061 657a6973     ....ota app size
2000b900:	7525203a 74796220 0a0d7365 00000000     : %u bytes......
2000b910:	2061746f 746f6f62 65686320 203a6b63     ota boot check: 
2000b920:	0a0d7325 00000000 2061746f 6174656d     %s......ota meta
2000b930:	7473203a 20657461 61207525 6d657474     : state %u attem
2000b940:	20737470 67207525 65646c6f 7525206e     pts %u golden %u
2000b950:	74796220 73207365 69676174 2520676e      bytes staging %
2000b960:	79622075 0d736574 0000000a 74706163     u bytes.....capt
2000b970:	20657275 4c415453 2044454c 20726f66     ure STALLED for 
2000b980:	73207525 74666120 73207265 6e696565     %u s after seein
2000b990:	72742067 69666661 72202c63 6f6f6265     g traffic, reboo
2000b9a0:	676e6974 00000a0d 6c6c6f66 0073776f     ting....follows.
2000b9b0:	43555453 0000004b 34315052 206f7420     STUCK...RP14 to 
2000b9c0:	20505345 20394f49 00007325 20505345     ESP IO9 %s..ESP 
2000b9d0:	20384f49 52206f74 2c353150 20752520     IO8 to RP15, %u 
2000b9e0:	25206968 6f6c2075 00000000 73616c66     hi %u lo....flas
2000b9f0:	454a2068 20434544 203a6469 78323025     h JEDEC id: %02x
2000ba00:	32302520 30252078 0a0d7832 00000000      %02x %02x......
2000ba10:	73616c66 69732068 6420657a 63657465     flash size detec
2000ba20:	3a646574 4b4e5520 4e574f4e 6163202c     ted: UNKNOWN, ca
2000ba30:	69636170 63207974 2065646f 30257830     pacity code 0x%0
2000ba40:	69207832 756f2073 666f2074 6e617220     2x is out of ran
2000ba50:	0a0d6567 00000000 73616c66 69732068     ge......flash si
2000ba60:	6420657a 63657465 3a646574 20752520     ze detected: %u 
2000ba70:	65747962 25282073 424d2075 000a0d29     bytes (%u MB)...
2000ba80:	73616c66 69732068 6320657a 69666e6f     flash size confi
2000ba90:	65727567 25203a64 79622075 20736574     gured: %u bytes 
2000baa0:	20752528 0d29424d 0000000a 4e524157     (%u MB).....WARN
2000bab0:	3a474e49 616c6620 73206873 20657a69     ING: flash size 
2000bac0:	6d73696d 68637461 6966202c 49502078     mismatch, fix PI
2000bad0:	465f4f43 4853414c 5a49535f 59425f45     CO_FLASH_SIZE_BY
2000bae0:	20534554 43206e69 656b614d 7473694c     TES in CMakeList
2000baf0:	78742e73 00000d74 6a203355 63656465     s.txt...U3 jedec
2000bb00:	32302520 30252078 25207832 00783230      %02x %02x %02x.
2000bb10:	4d207525 62202c42 646c6975 6e617720     %u MB, build wan
2000bb20:	25207374 424d2075 00000000 20746f6e     ts %u MB....not 
2000bb30:	75716572 65747365 00000064 61206b34     requested...4k a
2000bb40:	78302074 78363025 7525202c 64616220     t 0x%06x, %u bad
2000bb50:	00000000 69207072 6567616d 4e4f4320     ....rp image CON
2000bb60:	4d524946 68204445 746c6165 202c7968     FIRMED healthy, 
2000bb70:	6c6c6f72 6b636162 73696420 656d7261     rollback disarme
2000bb80:	00000d64 69207072 6567616d 66666f20     d...rp image off
2000bb90:	64657265 7525203a 74796220 63207365     ered: %u bytes c
2000bba0:	25206372 2c783830 70616320 65727574     rc %08x, capture
2000bbb0:	53555320 444e4550 0a0d4445 00000000      SUSPENDED......
2000bbc0:	69207072 6567616d 61727420 6566736e     rp image transfe
2000bbd0:	42412072 4554524f 74612044 6f6c6220     r ABORTED at blo
2000bbe0:	25206b63 61282075 6d657474 25207470     ck %u (attempt %
2000bbf0:	202c2975 74706163 20657275 55534552     u), capture RESU
2000bc00:	0d44454d 0000000a 69207072 6567616d     MED.....rp image
2000bc10:	43524320 53494d20 4354414d 67203a48      CRC MISMATCH: g
2000bc20:	2520746f 20783830 65707865 64657463     ot %08x expected
2000bc30:	38302520 64202c78 61637369 64656472      %08x, discarded
2000bc40:	74612820 706d6574 75252074 63202c29      (attempt %u), c
2000bc50:	75747061 52206572 4d555345 0a0d4445     apture RESUMED..
2000bc60:	00000000 69207072 6567616d 41545320     ....rp image STA
2000bc70:	20444547 203a6b6f 62207525 73657479     GED ok: %u bytes
2000bc80:	7525202c 6f6c6220 2c736b63 63726320     , %u blocks, crc
2000bc90:	38302520 25202c78 736d2075 6163202c      %08x, %u ms, ca
2000bca0:	72757470 45522065 454d5553 000a0d44     pture RESUMED...
2000bcb0:	63207072 696d6d6f 45522074 45535546     rp commit REFUSE
2000bcc0:	73203a44 69676174 6320676e 64206372     D: staging crc d
2000bcd0:	2073656f 20746f6e 6374616d 68742068     oes not match th
2000bce0:	656d2065 61646174 000d6174 63207072     e metadata..rp c
2000bcf0:	696d6d6f 45522074 45535546 61203a44     ommit REFUSED: a
2000bd00:	73207070 20657a69 64207525 2073656f     pp size %u does 
2000bd10:	20746f6e 20746966 20656874 746f6c73     not fit the slot
2000bd20:	00000a0d 63207072 696d6d6f 62203a74     ....rp commit: b
2000bd30:	696b6361 7520676e 75252070 74796220     acking up %u byt
2000bd40:	74207365 6f67206f 6e65646c 6163202c     es to golden, ca
2000bd50:	72757470 55532065 4e455053 0d444544     pture SUSPENDED.
2000bd60:	0000000a 63207072 696d6d6f 42412074     ....rp commit AB
2000bd70:	4554524f 67203a44 65646c6f 6162206e     ORTED: golden ba
2000bd80:	70756b63 64696420 746f6e20 72657620     ckup did not ver
2000bd90:	2c796669 746f6e20 676e6968 73617720     ify, nothing was
2000bda0:	70706120 6465696c 0000000d 63207072      applied....rp c
2000bdb0:	696d6d6f 61203a74 796c7070 20676e69     ommit: applying 
2000bdc0:	62207525 73657479 65766f20 68742072     %u bytes over th
2000bdd0:	70612065 44202c70 4f4e204f 4f502054     e app, DO NOT PO
2000bde0:	20524557 0d46464f 0000000a 63207072     WER OFF.....rp c
2000bdf0:	696d6d6f 69642074 4f4e2064 65762054     ommit did NOT ve
2000be00:	79666972 6874202c 656e2065 62207478     rify, the next b
2000be10:	20746f6f 72746572 20736569 6d6f7266     oot retries from
2000be20:	61747320 676e6967 0000000d 63207072      staging....rp c
2000be30:	696d6d6f 6f642074 202c656e 6f626572     ommit done, rebo
2000be40:	6e69746f 6e692067 74206f74 6e206568     oting into the n
2000be50:	69207765 6567616d 0000000d 25207325     ew image....%s %
2000be60:	486b2075 0000007a 20656964 252e6425     u kHz...die %d.%
2000be70:	20753130 00000043 20746f6e 74746966     01u C...not fitt
2000be80:	6f206465 6874206e 76207369 61697261     ed on this varia
2000be90:	0000746e 00000000 206c6c61 6c6c6f66     nt......all foll
2000bea0:	0000776f 206c6c61 76697264 00000065     ow..all drive...
2000beb0:	62206f6e 67646972 66207365 646e756f     no bridges found
2000bec0:	00000000 74207325 7325206f 00000000     ....%s to %s....
2000bed0:	70207525 2c736e69 00732520 00007325     %u pins, %s.%s..
2000bee0:	00007075 20544f4e 00007075 68203752     up..NOT up..R7 h
2000bef0:	73646c6f 20746920 00007325 6e732061     olds it %s..a sn
2000bf00:	20666669 656e696c 6c697720 6f6e206c     iff line will no
2000bf10:	6f6d2074 00006576 68746f62 6e696c20     t move..both lin
2000bf20:	66207365 6f6c6c6f 00000077 53203155     es follow...U1 S
2000bf30:	25204c45 454f2075 20752520 74736572     EL %u OE %u rest
2000bf40:	6465726f 00000000 696c6176 00000064     ored....valid...
2000bf50:	6e616c62 726f206b 61747320 0000656c     blank or stale..
2000bf60:	666c6573 73657420 75722074 7525206e     self test run %u
2000bf70:	6163203a 72757470 55532065 4e455053     : capture SUSPEN
2000bf80:	2c444544 74706f20 736e6f69 32302520     DED, options %02
2000bf90:	000a0d78 00000037 20732576 00007325     x...7...v%s %s..
2000bfa0:	00627375 61727473 72207370 20646165     usb.straps read 
2000bfb0:	00007325 54203455 004f5843 5f6b6c63     %s..U4 TCXO.clk_
2000bfc0:	00737973 5f6b6c63 69726570 00000000     sys.clk_peri....
2000bfd0:	5f6b6c63 00627375 5f6b6c63 00636461     clk_usb.clk_adc.
2000bfe0:	63736f72 00000000 3244454c 5052202c     rosc....LED2, RP
2000bff0:	49504720 0036324f 666c6573 73657420      GPIO26.self tes
2000c000:	6f642074 202c656e 74706163 20657275     t done, capture 
2000c010:	55534552 0d44454d 00000000 20697073     RESUMED.....spi 
2000c020:	636e6562 74203a68 65206568 64207073     bench: the esp d
2000c030:	6e206469 6120746f 6f6e6b63 64656c77     id not acknowled
2000c040:	25206567 75252073 6967202c 676e6976     ge %s %u, giving
2000c050:	0d707520 0000000a 20697073 636e6562      up.....spi benc
2000c060:	74203a68 65206568 64207073 6e206469     h: the esp did n
2000c070:	6120746f 70656363 68742074 6f632065     ot accept the co
2000c080:	7269666e 6974616d 73206e6f 74726174     nfirmation start
2000c090:	0000000d 20697073 636e6562 63203a68     ....spi bench: c
2000c0a0:	69666e6f 6e696d72 75252067 207a4820     onfirming %u Hz 
2000c0b0:	20726f66 6d207525 74202c73 20736968     for %u ms, this 
2000c0c0:	74207369 6e206568 65626d75 68742072     is the number th
2000c0d0:	63207461 746e756f 000a0d73 20697073     at counts...spi 
2000c0e0:	636e6562 6f632068 7269666e 25203a6d     bench confirm: %
2000c0f0:	75252f75 2c736d20 20752520 6d617266     u/%u ms, %u fram
2000c100:	202c7365 6f73696d 64616220 2c752520     es, miso bad %u,
2000c110:	61747320 2520656c 78202c75 20726566      stale %u, xfer 
2000c120:	6c696166 2c752520 66666f20 20746573     fail %u, offset 
2000c130:	2078616d 0a0d7525 00000000 20697073     max %u......spi 
2000c140:	636e6562 74203a68 65206568 6e207073     bench: the esp n
2000c150:	72657665 6f6f7420 6874206b 69662065     ever took the fi
2000c160:	206c616e 666e6f63 616d7269 6e6f6974     nal confirmation
2000c170:	73657220 0d746c75 00000000 20697073      result.....spi 
2000c180:	636e6562 74203a68 65206568 73207073     bench: the esp s
2000c190:	70706f74 61206465 6f6e6b63 64656c77     topped acknowled
2000c1a0:	676e6967 65687420 6e6f6320 6d726966     ging the confirm
2000c1b0:	6f697461 73202c6e 70706f74 0d676e69     ation, stopping.
2000c1c0:	00000000 20697073 636e6562 74203a68     ....spi bench: t
2000c1d0:	65206568 64207073 70706f72 6f206465     he esp dropped o
2000c1e0:	6f207475 68742066 6f632065 7269666e     ut of the confir
2000c1f0:	6974616d 202c6e6f 706f7473 676e6970     mation, stopping
2000c200:	0000000d 74737953 63206d65 6b636f6c     ....System clock
2000c210:	20666f20 6b207525 63207a48 6f6e6e61      of %u kHz canno
2000c220:	65622074 61786520 796c7463 68636120     t be exactly ach
2000c230:	65766569 00000064 42554f44 2044454c     ieved...DOUBLED 
2000c240:	20726f66 73696874 6e757220 00000000     for this run....
2000c250:	6c756f63 4f4e2064 65622054 756f6420     could NOT be dou
2000c260:	64656c62 00000000 30332e31 00005620     bled....1.30 V..
2000c270:	30312e31 00005620 74726175 00000000     1.10 V..uart....
2000c280:	00697073 20656874 75716572 65747365     spi.the requeste
2000c290:	61722064 2065676e 65207369 7974706d     d range is empty
2000c2a0:	00000000 20656874 20707365 6576656e     ....the esp neve
2000c2b0:	6e612072 72657773 00006465 6874202c     r answered.., th
2000c2c0:	656e2065 6f207478 7520656e 61662070     e next one up fa
2000c2d0:	64656c69 00000000 6f6e202c 6e696874     iled...., nothin
2000c2e0:	62612067 2065766f 66207469 656c6961     g above it faile
2000c2f0:	00000064 20697073 636e6562 73203a68     d...spi bench: s
2000c300:	65747379 6c63206d 206b636f 202c7325     ystem clock %s, 
2000c310:	20776f6e 48207525 63202c7a 2065726f     now %u Hz, core 
2000c320:	0a0d7325 00000000 62207325 68636e65     %s......%s bench
2000c330:	6e757220 3a752520 70616320 65727574      run %u: capture
2000c340:	53555320 444e4550 202c4445 63207525      SUSPENDED, %u c
2000c350:	7372616f 74732065 20737065 2520666f     oarse steps of %
2000c360:	736d2075 65766f20 75252072 2075252d     u ms over %u-%u 
2000c370:	2c7a486b 6e6f6320 6d726966 20752520     kHz, confirm %u 
2000c380:	202c736d 73207525 20706574 6e776f64     ms, %u step down
2000c390:	63202c73 735f6b6c 25207379 7a482075     s, clk_sys %u Hz
2000c3a0:	6c63202c 65705f6b 6e206972 616d726f     , clk_peri norma
2000c3b0:	20796c6c 48207525 000a0d7a 62207325     lly %u Hz...%s b
2000c3c0:	68636e65 6f626120 64657472 7325203a     ench aborted: %s
2000c3d0:	00000a0d 20697073 636e6562 52203a68     ....spi bench: R
2000c3e0:	4d555345 20474e49 666e6f63 616d7269     ESUMING confirma
2000c3f0:	6e6f6974 6f726620 7525206d 207a4820     tion from %u Hz 
2000c400:	65746661 20612072 65736572 000a0d74     after a reset...
2000c410:	70657473 00000000 62207325 68636e65     step....%s bench
2000c420:	6968203a 73656867 6c632074 206e6165     : highest clean 
2000c430:	65746172 20752520 73257a48 00000a0d     rate %u Hz%s....
2000c440:	69666572 0000656e 20697073 636e6562     refine..spi benc
2000c450:	43203a68 49464e4f 44454d52 20752520     h: CONFIRMED %u 
2000c460:	6f207a48 20726576 6d207525 25202c73     Hz over %u ms, %
2000c470:	72662075 73656d61 6f6e202c 6e696874     u frames, nothin
2000c480:	6f6c2067 0a0d7473 00000000 20697073     g lost......spi 
2000c490:	636e6562 25203a68 7a482075 64696420     bench: %u Hz did
2000c4a0:	544f4e20 72757320 65766976 65687420      NOT survive the
2000c4b0:	6e6f6320 6d726966 6f697461 64202c6e      confirmation, d
2000c4c0:	70706f72 20676e69 74732061 0a0d7065     ropping a step..
2000c4d0:	00000000 20697073 636e6562 6f642068     ....spi bench do
2000c4e0:	202c656e 74706163 20657275 55534552     ne, capture RESU
2000c4f0:	2c44454d 6b6c6320 7379735f 20752520     MED, clk_sys %u 
2000c500:	202c7a48 5f6b6c63 69726570 20752520     Hz, clk_peri %u 
2000c510:	202c7a48 20697073 48207525 000a0d7a     Hz, spi %u Hz...
2000c520:	00005055 4e574f44 00000000 73652820     UP..DOWN.... (es
2000c530:	69732070 746e656c 6f6e202c 72642074     p silent, not dr
2000c540:	6e697669 696d2067 79206f73 00297465     iving miso yet).
2000c550:	20707365 69666977 2c732520 64646120     esp wifi %s, add
2000c560:	73736572 2e752520 252e7525 75252e75     ress %u.%u.%u.%u
2000c570:	00000a0d 20707365 6b6e696c 2c732520     ....esp link %s,
2000c580:	70736520 20776620 2c752576 6c6f7020      esp fw v%u, pol
2000c590:	6f20736c 7525206b 69616620 2064656c     ls ok %u failed 
2000c5a0:	0a0d7525 00000000 20707365 6c6c6f70     %u......esp poll
2000c5b0:	6b6f2073 20752520 6c696166 25206465     s ok %u failed %
2000c5c0:	74282075 6f656d69 25207475 61622075     u (timeout %u ba
2000c5d0:	61726664 2520656d 202c2975 6d617266     dframe %u), fram
2000c5e0:	666f2065 74657366 20752520 6e696d28     e offset %u (min
2000c5f0:	20752520 2078616d 6f207525 75252066      %u max %u of %u
2000c600:	75202c29 6d697470 75252065 0d736d20     ), uptime %u ms.
2000c610:	0000000a 7473616c 64616220 61726620     ....last bad fra
2000c620:	203a656d 78323025 32302520 30252078     me: %02x %02x %0
2000c630:	25207832 20783230 78323025 32302520     2x %02x %02x %02
2000c640:	30252078 25207832 20783230 78323025     x %02x %02x %02x
2000c650:	32302520 30252078 25207832 20783230      %02x %02x %02x 
2000c660:	78323025 32302520 30252078 25207832     %02x %02x %02x %
2000c670:	20783230 202e2e2e 6c696174 32302520     02x ... tail %02
2000c680:	0d732578 0000000a 20626577 75716572     x%s.....web requ
2000c690:	65747365 20612064 65736572 72202c74     ested a reset, r
2000c6a0:	6f6f6265 676e6974 65687420 20505220     ebooting the RP 
2000c6b0:	69687428 65722073 73746573 65687420     (this resets the
2000c6c0:	50534520 6f6f7420 00000d29 25765748      ESP too)...HWv%
2000c6d0:	61702073 74656b63 65732073 6465646e     s packets sended
2000c6e0:	7830203a 00007825 61770a0d 6e697469     : 0x%x....waitin
2000c6f0:	30352067 63657320 2e2e2e73 00000a0d     g 50 secs.......
2000c700:	00003030 64726148 65726177 72657620     00..Hardware ver
2000c710:	6e6f6973 3030203a 00000000 00003130     sion: 00....01..
2000c720:	64726148 65726177 72657620 6e6f6973     Hardware version
2000c730:	3130203a 00000000 00003031 64726148     : 01....10..Hard
2000c740:	65726177 72657620 6e6f6973 3031203a     ware version: 10
2000c750:	00000000 00003131 64726148 65726177     ....11..Hardware
2000c760:	72657620 6e6f6973 3131203a 00000000      version: 11....
2000c770:	00004646 64726148 65726177 72657620     FF..Hardware ver
2000c780:	6e6f6973 4646203a 6f622820 66206874     sion: FF (both f
2000c790:	74616f6c 29676e69 00000000 00004630     loating)....0F..
2000c7a0:	64726148 65726177 72657620 6e6f6973     Hardware version
2000c7b0:	4630203a 20412820 2c776f6c 66204220     : 0F (A low, B f
2000c7c0:	74616f6c 29676e69 00000000 00004631     loating)....1F..
2000c7d0:	64726148 65726177 72657620 6e6f6973     Hardware version
2000c7e0:	4631203a 20412820 68676968 2042202c     : 1F (A high, B 
2000c7f0:	616f6c66 676e6974 00000029 00003046     floating)...F0..
2000c800:	64726148 65726177 72657620 6e6f6973     Hardware version
2000c810:	3046203a 20412820 616f6c66 676e6974     : F0 (A floating
2000c820:	2042202c 29776f6c 00000000 00003146     , B low)....F1..
2000c830:	64726148 65726177 72657620 6e6f6973     Hardware version
2000c840:	3146203a 20412820 616f6c66 676e6974     : F1 (A floating
2000c850:	2042202c 68676968 00000029 00004b55     , B high)...UK..
2000c860:	64726148 65726177 72657620 6e6f6973     Hardware version
2000c870:	6e55203a 776f6e6b 0000006e 6d726946     : Unknown...Firm
2000c880:	65726177 72657620 6e6f6973 2576203a     ware version: v%
2000c890:	000a0d73 353a3331 39333a35 00000000     s...13:55:39....
2000c8a0:	20677541 32203232 00363230 6b6f0a0d     Aug 22 2026...ok
2000c8b0:	55206968 73204253 74726174 20216465     hi USB started! 
2000c8c0:	64726148 65726177 73257620 75420a0d     Hardware v%s..Bu
2000c8d0:	20646c69 65746144 20732520 0a0d7325     ild Date %s %s..
2000c8e0:	00000000 20495053 65646f4d 61203020     ....SPI Mode 0 a
2000c8f0:	68742074 6f622065 6320746f 6b636f6c     t the boot clock
2000c900:	2e25203a 4d206632 28207a48 0d296425     : %.2f MHz (%d).
2000c910:	0000000a 20776152 756c6176 30203a65     ....Raw value: 0
2000c920:	33302578 76202c78 61746c6f 203a6567     x%03x, voltage: 
2000c930:	56206625 0000000a 2a2a0a0d 4148202a     %f V......*** HA
2000c940:	46204452 544c5541 206e6f20 65726f63     RD FAULT on core
2000c950:	00000020 2a2a2a20 00000a0d 63702020      ... ***....  pc
2000c960:	00002020 726c2020 00002020 73702020       ..  lr  ..  ps
2000c970:	00002072 70732020 00002020 6f626572     r ..  sp  ..rebo
2000c980:	6e69746f 000a0d67 63746157 676f6468     oting...Watchdog
2000c990:	75616320 20646573 65736572 28202174      caused reset! (
2000c9a0:	65707865 64657463 74666120 66207265     expected after f
2000c9b0:	6873616c 20676e69 20646e61 65746661     lashing and afte
2000c9c0:	6e612072 41544f20 6d6f6320 2c74696d     r an OTA commit,
2000c9d0:	766e6920 69747365 65746167 20666920      investigate if 
2000c9e0:	68207469 65707061 6f20736e 2061206e     it happens on a 
2000c9f0:	646c6f63 776f7020 75207265 000d2970     cold power up)..
2000ca00:	636f6c43 7573206b 73656363 6c756673     Clock successful
2000ca10:	7320796c 74207465 3231206f 484d2030     ly set to 120 MH
2000ca20:	00000d7a 6c696146 74206465 6573206f     z...Failed to se
2000ca30:	68742074 6c632065 0d6b636f 00000000     t the clock.....
2000ca40:	20495053 632d6572 6b636f6c 61206465     SPI re-clocked a
2000ca50:	72657466 65687420 73797320 6f6c6320     fter the sys clo
2000ca60:	63206b63 676e6168 25203a65 2066322e     ck change: %.2f 
2000ca70:	207a484d 29752528 00000a0d 204f4950     MHz (%u)....PIO 
2000ca80:	206b6c63 3a766964 322e2520 202d2066     clk div: %.2f - 
2000ca90:	71657266 72617420 3a746567 322e2520     freq target: %.2
2000caa0:	684d2066 000a0d7a 74706163 20657275     f Mhz...capture 
2000cab0:	72617473 000d2174 20746f6e 006e7572     start!..not run.
2000cac0:	2050414d 53454f44 544f4e20 54494620     MAP DOES NOT FIT
2000cad0:	45485420 54454420 45544345 4c462044      THE DETECTED FL
2000cae0:	00485341 6d206f6e 64617465 20617461     ASH.no metadata 
2000caf0:	2c746579 72696620 62207473 00746f6f     yet, first boot.
2000cb00:	656c6469 6f6e202c 6e696874 65702067     idle, nothing pe
2000cb10:	6e69646e 00000067 646c6f67 72206e65     nding...golden r
2000cb20:	6f747365 2c646572 62657220 69746f6f     estored, rebooti
2000cb30:	0000676e 646c6f67 75206e65 6173756e     ng..golden unusa
2000cb40:	2c656c62 61747320 676e6979 206e6f20     ble, staying on 
2000cb50:	20656874 72727563 20746e65 00707061     the current app.
2000cb60:	6d6d6f63 65747469 6d692064 20656761     committed image 
2000cb70:	74206e6f 6c616972 00000000 65746e69     on trial....inte
2000cb80:	70757272 20646574 6d6d6f63 72207469     rrupted commit r
2000cb90:	70706165 6465696c 6f726620 7473206d     eapplied from st
2000cba0:	6e696761 72202c67 6f6f6265 676e6974     aging, rebooting
2000cbb0:	00000000 65746e69 70757272 20646574     ....interrupted 
2000cbc0:	6d6d6f63 63207469 646c756f 746f6e20     commit could not
2000cbd0:	20656220 70616572 65696c70 72202c64      be reapplied, r
2000cbe0:	696c6c6f 6220676e 006b6361 444c4f47     olling back.GOLD
2000cbf0:	52204e45 4f545345 44204552 4e204449     EN RESTORE DID N
2000cc00:	5620544f 46495245 77202c59 206c6c69     OT VERIFY, will 
2000cc10:	72746572 6e6f2079 78656e20 6f622074     retry on next bo
2000cc20:	0000746f 65636361 70207373 746e696f     ot..access point
2000cc30:	00000000 65696c63 0000746e 6e696f6a     ....client..join
2000cc40:	00676e69 45535355 0000004c 454f5355     ing.USSEL...USOE
2000cc50:	00000000 66696e73 2b442066 5441442f     ....sniff D+/DAT
2000cc60:	00000000 66696e73 2d442066 4b4c432f     ....sniff D-/CLK
2000cc70:	00000000 4f495047 00000030 4f495047     ....GPIO0...GPIO
2000cc80:	00000031 4f495047 00000032 4f495047     1...GPIO2...GPIO
2000cc90:	00000033 4f495047 00000036 4f495047     3...GPIO6...GPIO
2000cca0:	00000037 4f495047 00003831 20495053     7...GPIO18..SPI 
2000ccb0:	00005343 4f4f4245 00000054 3244454c     CS..EBOOT...LED2
2000ccc0:	00000000 4e4b4e55 004e574f 616e6521     ....UNKNOWN.!ena
2000ccd0:	64656c62 207c7c20 5f717269 5f736168     bled || irq_has_
2000cce0:	646e6168 2872656c 495f4f49 425f5152     handler(IO_IRQ_B
2000ccf0:	304b4e41 00000029 552f3a43 73726573     ANK0)...C:/Users
2000cd00:	6765722f 2e2f6575 6f636970 6b64732d     /regue/.pico-sdk
2000cd10:	6b64732f 332e322f 732f302e 722f6372     /sdk/2.3.0/src/r
2000cd20:	635f3270 6f6d6d6f 61682f6e 61776472     p2_common/hardwa
2000cd30:	675f6572 2f6f6970 6f697067 0000632e     re_gpio/gpio.c..
2000cd40:	2a2a2a0a 4e415020 2a204349 000a2a2a     .*** PANIC ***..
2000cd50:	695f7768 6c635f73 656d6961 69622864     hw_is_claimed(bi
2000cd60:	202c7374 5f746962 65646e69 00002978     ts, bit_index)..
2000cd70:	552f3a43 73726573 6765722f 2e2f6575     C:/Users/regue/.
2000cd80:	6f636970 6b64732d 6b64732f 332e322f     pico-sdk/sdk/2.3
2000cd90:	732f302e 632f6372 6f6d6d6f 61682f6e     .0/src/common/ha
2000cda0:	61776472 635f6572 6d69616c 616c632f     rdware_claim/cla
2000cdb0:	632e6d69 00000000 63317830 203d3d20     im.c....0x1c == 
2000cdc0:	6e692a28 3e297473 7531313e 00000000     (*inst)>>11u....
2000cdd0:	552f3a43 73726573 6765722f 2e2f6575     C:/Users/regue/.
2000cde0:	6f636970 6b64732d 6b64732f 332e322f     pico-sdk/sdk/2.3
2000cdf0:	732f302e 722f6372 635f3270 6f6d6d6f     .0/src/rp2_commo
2000ce00:	61682f6e 61776472 695f6572 692f7172     n/hardware_irq/i
2000ce10:	632e7172 00000000 746c6564 3d3e2061     rq.c....delta >=
2000ce20:	30322d20 26203834 65642026 2061746c      -2048 && delta 
2000ce30:	32203d3c 20363430 21202626 6c656428     <= 2046 && !(del
2000ce40:	26206174 00293120 65642821 2061746c     ta & 1).!(delta 
2000ce50:	31203e3e 00297531 72727563 20746e65     >> 11u).current 
2000ce60:	5f203d3d 686e755f 6c646e61 755f6465     == __unhandled_u
2000ce70:	5f726573 20717269 63207c7c 65727275     ser_irq || curre
2000ce80:	3d20746e 6168203d 656c646e 00000072     nt == handler...
2000ce90:	5f717269 646e6168 5f72656c 69616863     irq_handler_chai
2000cea0:	72665f6e 735f6565 5f746f6c 64616568     n_free_slot_head
2000ceb0:	203d3e20 00000030 62617476 685f656c      >= 0...vtable_h
2000cec0:	6c646e61 3d207265 5f5f203d 61686e75     andler == __unha
2000ced0:	656c646e 73755f64 695f7265 00007172     ndled_user_irq..
2000cee0:	28282821 6e697528 72747074 7229745f     !((((uintptr_t)r
2000cef0:	766f6d65 68745f65 5f626d75 28746962     emove_thumb_bit(
2000cf00:	62617476 685f656c 6c646e61 29297265     vtable_handler))
2000cf10:	28202d20 6e697528 72747074 6929745f      - ((uintptr_t)i
2000cf20:	685f7172 6c646e61 635f7265 6e696168     rq_handler_chain
2000cf30:	6f6c735f 29297374 73202520 6f657a69     _slots)) % sizeo
2000cf40:	74732866 74637572 71726920 6e61685f     f(struct irq_han
2000cf50:	72656c64 6168635f 735f6e69 29746f6c     dler_chain_slot)
2000cf60:	00000029 63786521 69747065 7c206e6f     )...!exception |
2000cf70:	7865207c 74706563 206e6f69 6e203d3d     | exception == n
2000cf80:	2b206d75 41545620 5f454c42 53524946     um + VTABLE_FIRS
2000cf90:	52495f54 00000051 736c6166 00000065     T_IRQ...false...
2000cfa0:	735f7369 65726168 72695f64 61725f71     is_shared_irq_ra
2000cfb0:	61685f77 656c646e 6c732872 685f746f     w_handler(slot_h
2000cfc0:	6c646e61 00297265 65637865 6f697470     andler).exceptio
2000cfd0:	0000006e 6e756f66 00000064 3d3d2031     n...found...1 ==
2000cfe0:	69752820 7470746e 29745f72 733e2d6c      (uintptr_t)l->s
2000cff0:	5f6e6970 6b636f6c 00000000 552f3a43     pin_lock....C:/U
2000d000:	73726573 6765722f 2e2f6575 6f636970     sers/regue/.pico
2000d010:	6b64732d 6b64732f 332e322f 732f302e     -sdk/sdk/2.3.0/s
2000d020:	632f6372 6f6d6d6f 69702f6e 735f6f63     rc/common/pico_s
2000d030:	2f636e79 6574756d 00632e78 61746f74     ync/mutex.c.tota
2000d040:	0000006c 2d78746d 726f633e 70732e65     l...mtx->core.sp
2000d050:	6c5f6e69 006b636f 6b636f6c 5f73695f     in_lock.lock_is_
2000d060:	656e776f 64695f72 6c61765f 6d286469     owner_id_valid(m
2000d070:	3e2d7874 656e776f 00002972 2d78746d     tx->owner)..mtx-
2000d080:	746e653e 635f7265 746e756f 00000000     >enter_count....
2000d090:	6c6f6f70 69743e2d 5f72656d 72616c61     pool->timer_alar
2000d0a0:	756e5f6d 3d3d206d 6d697420 615f7265     m_num == timer_a
2000d0b0:	6d72616c 6d756e5f 00000000 552f3a43     larm_num....C:/U
2000d0c0:	73726573 6765722f 2e2f6575 6f636970     sers/regue/.pico
2000d0d0:	6b64732d 6b64732f 332e322f 732f302e     -sdk/sdk/2.3.0/s
2000d0e0:	632f6372 6f6d6d6f 69702f6e 745f6f63     rc/common/pico_t
2000d0f0:	2f656d69 656d6974 0000632e 61666564     ime/time.c..defa
2000d100:	5f746c75 72616c61 6f705f6d 695f6c6f     ult_alarm_pool_i
2000d110:	6974696e 7a696c61 29286465 00000000     nitialized()....
2000d120:	65747441 6574706d 6f742064 656c7320     Attempted to sle
2000d130:	69207065 6469736e 666f2065 206e6120     ep inside of an 
2000d140:	65637865 6f697470 6168206e 656c646e     exception handle
2000d150:	75203b72 62206573 5f797375 74696177     r; use busy_wait
2000d160:	20666920 20756f79 7473756d 00000000      if you must....
2000d170:	64726148 65726177 616c6120 25206d72     Hardware alarm %
2000d180:	6c612064 64616572 6c632079 656d6961     d already claime
2000d190:	00000064 5f6f6376 71657266 203d3e20     d...vco_freq >= 
2000d1a0:	4f434950 4c4c505f 4f43565f 4e494d5f     PICO_PLL_VCO_MIN
2000d1b0:	4552465f 5a485f51 20262620 5f6f6376     _FREQ_HZ && vco_
2000d1c0:	71657266 203d3c20 4f434950 4c4c505f     freq <= PICO_PLL
2000d1d0:	4f43565f 58414d5f 4552465f 5a485f51     _VCO_MAX_FREQ_HZ
2000d1e0:	00000000 552f3a43 73726573 6765722f     ....C:/Users/reg
2000d1f0:	2e2f6575 6f636970 6b64732d 6b64732f     ue/.pico-sdk/sdk
2000d200:	332e322f 732f302e 722f6372 635f3270     /2.3.0/src/rp2_c
2000d210:	6f6d6d6f 61682f6e 61776472 705f6572     ommon/hardware_p
2000d220:	702f6c6c 632e6c6c 00000000 69646266     ll/pll.c....fbdi
2000d230:	3d3e2076 20363120 66202626 76696462     v >= 16 && fbdiv
2000d240:	203d3c20 00303233 736f7028 69645f74      <= 320.(post_di
2000d250:	3e203176 2031203d 70202626 5f74736f     v1 >= 1 && post_
2000d260:	31766964 203d3c20 26202937 70282026     div1 <= 7) && (p
2000d270:	5f74736f 32766964 203d3e20 26262031     ost_div2 >= 1 &&
2000d280:	736f7020 69645f74 3c203276 2937203d      post_div2 <= 7)
2000d290:	00000000 5f666572 71657266 203d3c20     ....ref_freq <= 
2000d2a0:	6f637628 6572665f 202f2071 00293631     (vco_freq / 16).
2000d2b0:	7528282a 38746e69 2a20745f 28282829     *((uint8_t *)(((
2000d2c0:	64696f76 72292a20 745f6d6f 656c6261     void *)rom_table
2000d2d0:	6f6c665f 2d297461 20292932 2034202a     _float)-2)) * 4 
2000d2e0:	53203d3e 41545f46 5f454c42 535f3256     >= SF_TABLE_V2_S
2000d2f0:	00455a49 552f3a43 73726573 6765722f     IZE.C:/Users/reg
2000d300:	2e2f6575 6f636970 6b64732d 6b64732f     ue/.pico-sdk/sdk
2000d310:	332e322f 732f302e 722f6372 635f3270     /2.3.0/src/rp2_c
2000d320:	6f6d6d6f 69702f6e 645f6f63 6c62756f     ommon/pico_doubl
2000d330:	6f642f65 656c6275 696e695f 6f725f74     e/double_init_ro
2000d340:	70725f6d 30343032 0000632e 7528282a     m_rp2040.c..*((u
2000d350:	38746e69 2a20745f 6d6f7229 6261745f     int8_t *)rom_tab
2000d360:	322d656c 202a2029 3d3e2034 5f465320     le-2) * 4 >= SF_
2000d370:	4c424154 32565f45 5a49535f 00000045     TABLE_V2_SIZE...
2000d380:	552f3a43 73726573 6765722f 2e2f6575     C:/Users/regue/.
2000d390:	6f636970 6b64732d 6b64732f 332e322f     pico-sdk/sdk/2.3
2000d3a0:	732f302e 722f6372 635f3270 6f6d6d6f     .0/src/rp2_commo
2000d3b0:	69702f6e 665f6f63 74616f6c 6f6c662f     n/pico_float/flo
2000d3c0:	695f7461 5f74696e 5f6d6f72 30327072     at_init_rom_rp20
2000d3d0:	632e3034 00000000 206c6c41 6974706f     40.c....All opti
2000d3e0:	617a696d 6e6f6974 73696420 656c6261     mization disable
2000d3f0:	00000064 75626544 00000067 746f6f62     d...Debug...boot
2000d400:	32775f32 38307135 00000030 70747468     2_w25q080...http
2000d410:	2f2f3a73 68746967 632e6275 742f6d6f     s://github.com/t
2000d420:	65726568 72646c61 6f2f6765 0069686b     herealdreg/okhi.
2000d430:	2e332e32 00000030 69686b6f 00000000     2.3.0...okhi....
2000d440:	20677541 32203232 00363230 2b696e66     Aug 22 2026.fni+
2000d450:	00000000 00696e66 006e616e 2d696e66     ....fni.nan.fni-
2000d460:	00000000 7566202c 6974636e 203a6e6f     ...., function: 
2000d470:	00000000 65737361 6f697472 2522206e     ....assertion "%
2000d480:	66202273 656c6961 66203a64 20656c69     s" failed: file 
2000d490:	22732522 696c202c 2520656e 25732564     "%s", line %d%s%
2000d4a0:	00000a73 54524155 64747320 00006e69     s...UART stdin..
2000d4b0:	54524155 64747320 0074756f 54524155     UART stdout.UART
2000d4c0:	64747320 2f206e69 64747320 0074756f      stdin / stdout.
2000d4d0:	6574756d 73695f78 696e695f 6c616974     mutex_is_initial
2000d4e0:	64657a69 6f6c2628 756f6b63 756d5f74     ized(&lockout_mu
2000d4f0:	29786574 00000000 552f3a43 73726573     tex)....C:/Users
2000d500:	6765722f 2e2f6575 6f636970 6b64732d     /regue/.pico-sdk
2000d510:	6b64732f 332e322f 732f302e 722f6372     /sdk/2.3.0/src/r
2000d520:	635f3270 6f6d6d6f 69702f6e 6d5f6f63     p2_common/pico_m
2000d530:	69746c75 65726f63 6c756d2f 6f636974     ulticore/multico
2000d540:	632e6572 00000000 756c6176 3d3d2065     re.c....value ==
2000d550:	00003020 74732821 5f6b6361 657a6973      0..!(stack_size
2000d560:	7479625f 26207365 29753320 00000000     _bytes & 3u)....
2000d570:	676f7270 2d6d6172 6e656c3e 20687467     program->length 
2000d580:	50203d3c 495f4f49 5254534e 49544355     <= PIO_INSTRUCTI
2000d590:	435f4e4f 544e554f 00000000 552f3a43     ON_COUNT....C:/U
2000d5a0:	73726573 6765722f 2e2f6575 6f636970     sers/regue/.pico
2000d5b0:	6b64732d 6b64732f 332e322f 732f302e     -sdk/sdk/2.3.0/s
2000d5c0:	722f6372 635f3270 6f6d6d6f 61682f6e     rc/rp2_common/ha
2000d5d0:	61776472 705f6572 702f6f69 632e6f69     rdware_pio/pio.c
2000d5e0:	00000000 50206f4e 73204f49 65746174     ....No PIO state
2000d5f0:	63616d20 656e6968 72612073 76612065      machines are av
2000d600:	616c6961 00656c62 6e6e6f63 5f746365     ailable.connect_
2000d610:	65746e69 6c616e72 616c665f 665f6873     internal_flash_f
2000d620:	20636e75 66202626 6873616c 6978655f     unc && flash_exi
2000d630:	69785f74 75665f70 2620636e 6c662026     t_xip_func && fl
2000d640:	5f687361 73756c66 61635f68 5f656863     ash_flush_cache_
2000d650:	636e7566 20262620 73616c66 6e655f68     func && flash_en
2000d660:	5f726574 5f646d63 5f706978 636e7566     ter_cmd_xip_func
2000d670:	00000000 552f3a43 73726573 6765722f     ....C:/Users/reg
2000d680:	2e2f6575 6f636970 6b64732d 6b64732f     ue/.pico-sdk/sdk
2000d690:	332e322f 732f302e 722f6372 635f3270     /2.3.0/src/rp2_c
2000d6a0:	6f6d6d6f 61682f6e 61776472 665f6572     ommon/hardware_f
2000d6b0:	6873616c 616c662f 632e6873 00000000     lash/flash.c....
2000d6c0:	73616c66 666f5f68 2b207366 756f6320     flash_offs + cou
2000d6d0:	3c20746e 4950203d 465f4f43 4853414c     nt <= PICO_FLASH
2000d6e0:	5a49535f 59425f45 00534554 6e6e6f63     _SIZE_BYTES.conn
2000d6f0:	5f746365 65746e69 6c616e72 616c665f     ect_internal_fla
2000d700:	665f6873 20636e75 66202626 6873616c     sh_func && flash
2000d710:	6978655f 69785f74 75665f70 2620636e     _exit_xip_func &
2000d720:	6c662026 5f687361 676e6172 72655f65     & flash_range_er
2000d730:	5f657361 636e7566 20262620 73616c66     ase_func && flas
2000d740:	6c665f68 5f687375 68636163 75665f65     h_flush_cache_fu
2000d750:	0000636e 6e6e6f63 5f746365 65746e69     nc..connect_inte
2000d760:	6c616e72 616c665f 665f6873 20636e75     rnal_flash_func 
2000d770:	66202626 6873616c 6978655f 69785f74     && flash_exit_xi
2000d780:	75665f70 2620636e 6c662026 5f687361     p_func && flash_
2000d790:	676e6172 72705f65 6172676f 75665f6d     range_program_fu
2000d7a0:	2620636e 6c662026 5f687361 73756c66     nc && flash_flus
2000d7b0:	61635f68 5f656863 636e7566 00000000     h_cache_func....
2000d7c0:	6e6e6f63 5f746365 65746e69 6c616e72     connect_internal
2000d7d0:	616c665f 665f6873 20636e75 66202626     _flash_func && f
2000d7e0:	6873616c 6978655f 69785f74 75665f70     lash_exit_xip_fu
2000d7f0:	2620636e 6c662026 5f687361 73756c66     nc && flash_flus
2000d800:	61635f68 5f656863 636e7566 00000000     h_cache_func....

2000d810 <__func__.4>:
2000d810:	6f697067 7465735f 7172695f 616e655f     gpio_set_irq_ena
2000d820:	64656c62 00000000                       bled....

2000d828 <__func__.0>:
2000d828:	635f7768 6d69616c 656c635f 00007261     hw_claim_clear..

2000d838 <__func__.0>:
2000d838:	5f717269 5f646461 6c696174 5f6f745f     irq_add_tail_to_
2000d848:	65657266 73696c5f 00000074              free_list...

2000d854 <__func__.1>:
2000d854:	65736e69 625f7472 32335f6c 00000000     insert_bl_32....

2000d864 <__func__.2>:
2000d864:	5f717269 6f6d6572 685f6576 6c646e61     irq_remove_handl
2000d874:	00007265                                er..

2000d878 <__func__.3>:
2000d878:	656b616d 315f6a5f 00000036              make_j_16...

2000d884 <__func__.4>:
2000d884:	6f736572 5f65766c 36315f6a 00000000     resolve_j_16....

2000d894 <__func__.5>:
2000d894:	5f717269 5f646461 72616873 685f6465     irq_add_shared_h
2000d8a4:	6c646e61 00007265                       andler..

2000d8ac <__func__.6>:
2000d8ac:	5f717269 5f746573 6c637865 76697375     irq_set_exclusiv
2000d8bc:	61685f65 656c646e 00000072              e_handler...

2000d8c8 <__func__.1>:
2000d8c8:	6574756d 78655f78 00007469              mutex_exit..

2000d8d4 <__func__.3>:
2000d8d4:	6574756d 6e655f78 5f726574 636f6c62     mutex_enter_bloc
2000d8e4:	6e755f6b 006c6974                       k_until.

2000d8ec <__func__.6>:
2000d8ec:	746e7572 5f656d69 74696e69 74756d5f     runtime_init_mut
2000d8fc:	00007865                                ex..

2000d900 <__func__.2>:
2000d900:	72616c61 6f705f6d 675f6c6f 645f7465     alarm_pool_get_d
2000d910:	75616665 0000746c                       efault..

2000d918 <__func__.3>:
2000d918:	72616c61 6f705f6d 695f6c6f 685f7172     alarm_pool_irq_h
2000d928:	6c646e61 00007265                       andler..

2000d930 <at_the_end_of_time>:
2000d930:	ffffffff 7fffffff                       ........

2000d938 <__func__.0>:
2000d938:	5f6c6c70 74696e69 00000000              pll_init....

2000d944 <__func__.0>:
2000d944:	65615f5f 5f696261 62756f64 695f656c     __aeabi_double_i
2000d954:	0074696e                                nit.

2000d958 <__func__.0>:
2000d958:	65615f5f 5f696261 616f6c66 6e695f74     __aeabi_float_in
2000d968:	00007469                                it..

2000d96c <__bi_94>:
2000d96c:	50520006 4275f0d3 2000d3d8              ..RP..uB... 

2000d978 <__bi_84>:
2000d978:	50520006 4275f0d3 2000d3f4              ..RP..uB... 

2000d984 <__bi_78>:
2000d984:	50520006 7f8882e1 2000d3fc              ..RP....... 

2000d990 <__bi_72>:
2000d990:	50520006 1856239a 2000d40c              ..RP.#V.... 

2000d99c <__bi_54>:
2000d99c:	50520006 5360b3ab 2000d430              ..RP..`S0.. 

2000d9a8 <__bi_48>:
2000d9a8:	50520006 b63cffbb 2000d438              ..RP..<.8.. 

2000d9b4 <__bi_42>:
2000d9b4:	50520006 02031c86 2000d438              ..RP....8.. 

2000d9c0 <__bi_34>:
2000d9c0:	50520006 9da22254 2000d440              ..RPT"..@.. 

2000d9cc <__bi_26>:
2000d9cc:	50520005 68f465de 1000e3dc              ..RP.e.h....

2000d9d8 <pow10.0>:
2000d9d8:	00000000 3ff00000 00000000 40240000     .......?......$@
2000d9e8:	00000000 40590000 00000000 408f4000     ......Y@.....@.@
2000d9f8:	00000000 40c38800 00000000 40f86a00     .......@.....j.@
2000da08:	00000000 412e8480 00000000 416312d0     .......A......cA
2000da18:	00000000 4197d784 00000000 41cdcd65     .......A....e..A

2000da28 <crlf_str.0>:
2000da28:	00000a0d                                ....

2000da2c <__bi_45.4>:
2000da2c:	50520006 a1f4b453 2000d4bc              ..RPS...... 

2000da38 <__bi_49.5>:
2000da38:	50520008 00004212                       ..RP.B..

2000da40 <__bi_50.6>:
2000da40:	50520008 00005292                       ..RP.R..

2000da48 <__func__.1>:
2000da48:	746c756d 726f6369 616c5f65 68636e75     multicore_launch
2000da58:	726f635f 775f3165 5f687469 63617473     _core1_with_stac
2000da68:	0000006b                                k...

2000da6c <__func__.2>:
2000da6c:	746c756d 726f6369 65725f65 5f746573     multicore_reset_
2000da7c:	65726f63 00000031                       core1...

2000da84 <__func__.1>:
2000da84:	646e6966 66666f5f 5f746573 5f726f66     find_offset_for_
2000da94:	676f7270 006d6172                       program.

2000da9c <__func__.0>:
2000da9c:	73616c66 6f645f68 646d635f 0073635f     flash_do_cmd_cs.

2000daac <__func__.1>:
2000daac:	73616c66 61725f68 5f65676e 676f7270     flash_range_prog
2000dabc:	006d6172                                ram.

2000dac0 <__func__.2>:
2000dac0:	73616c66 61725f68 5f65676e 73617265     flash_range_eras
2000dad0:	00000065                                e...

2000dad4 <z.2>:
2000dad4:	055d4a81                                .J].

2000dad8 <g_display_time>:
2000dad8:	00000002                                ....

2000dadc <esp_frame_offset_min>:
2000dadc:	ffffffff                                ....

2000dae0 <esp_bench_last_run>:
2000dae0:	ffffffff                                ....

2000dae4 <esp_selftest_last_run>:
2000dae4:	ffffffff                                ....

2000dae8 <esp_wifi_mode_reported>:
2000dae8:	ffffffff                                ....

2000daec <esp_wifi_reported>:
2000daec:	ffffffff                                ....

2000daf0 <esp_link_reported>:
2000daf0:	ffffffff                                ....

2000daf4 <hwver>:
2000daf4:	00000009                                ....

2000daf8 <hwver_name>:
2000daf8:	2000ccc4                                ... 

2000dafc <striped_spin_lock_num>:
2000dafc:	00000010                                ....

2000db00 <irq_handler_chain_slots>:
2000db00:	00000000 	.word	0x00000000
2000db04:	00010000 	.word	0x00010000
	...
2000db10:	00020000 	.word	0x00020000
	...
2000db1c:	00030000 	.word	0x00030000
	...
2000db28:	00ff0000 	.word	0x00ff0000
2000db2c:	00000000 	.word	0x00000000

2000db30 <irq_handler_chain_first_slot>:
2000db30:	b501      	push	{r0, lr}
2000db32:	6848      	ldr	r0, [r1, #4]
2000db34:	3101      	adds	r1, #1
2000db36:	468e      	mov	lr, r1
2000db38:	4700      	bx	r0

2000db3a <irq_handler_chain_remove_tail>:
2000db3a:	4670      	mov	r0, lr
2000db3c:	3809      	subs	r0, #9
2000db3e:	4901      	ldr	r1, [pc, #4]	@ (2000db44 <irq_handler_chain_remove_tail+0xa>)
2000db40:	4788      	blx	r1
2000db42:	bd01      	pop	{r0, pc}
2000db44:	20005ea9 	.word	0x20005ea9

2000db48 <last_added.0>:
2000db48:	ffffffff 7fffffff                       ........

2000db50 <default_alarm_pool>:
	...
2000db64:	2000e218 00000000 00000000              ... ........

2000db70 <aeabi_bits_funcs>:
2000db70:	00003350 	.word	0x00003350
2000db74:	0000334c 	.word	0x0000334c
2000db78:	00003354 	.word	0x00003354
2000db7c:	00003352 	.word	0x00003352

2000db80 <aeabi_bits_funcs_end>:
2000db80:	0000534d 	.word	0x0000534d
2000db84:	0000434d 	.word	0x0000434d
2000db88:	00003453 	.word	0x00003453
2000db8c:	00003443 	.word	0x00003443

2000db90 <stdio_uart>:
2000db90:	20009851 200098f5 20009871 20009905     Q.. ... q.. ... 
2000dba0:	00000000 00000100                       ........

2000dba8 <__malloc_sbrk_base>:
2000dba8:	ffffffff                                ....

2000dbac <__malloc_trim_threshold>:
2000dbac:	00020000                                ....

2000dbb0 <__malloc_av_>:
	...
2000dbb8:	2000dbb0 2000dbb0 2000dbb8 2000dbb8     ... ... ... ... 
2000dbc8:	2000dbc0 2000dbc0 2000dbc8 2000dbc8     ... ... ... ... 
2000dbd8:	2000dbd0 2000dbd0 2000dbd8 2000dbd8     ... ... ... ... 
2000dbe8:	2000dbe0 2000dbe0 2000dbe8 2000dbe8     ... ... ... ... 
2000dbf8:	2000dbf0 2000dbf0 2000dbf8 2000dbf8     ... ... ... ... 
2000dc08:	2000dc00 2000dc00 2000dc08 2000dc08     ... ... ... ... 
2000dc18:	2000dc10 2000dc10 2000dc18 2000dc18     ... ... ... ... 
2000dc28:	2000dc20 2000dc20 2000dc28 2000dc28      ..  .. (.. (.. 
2000dc38:	2000dc30 2000dc30 2000dc38 2000dc38     0.. 0.. 8.. 8.. 
2000dc48:	2000dc40 2000dc40 2000dc48 2000dc48     @.. @.. H.. H.. 
2000dc58:	2000dc50 2000dc50 2000dc58 2000dc58     P.. P.. X.. X.. 
2000dc68:	2000dc60 2000dc60 2000dc68 2000dc68     `.. `.. h.. h.. 
2000dc78:	2000dc70 2000dc70 2000dc78 2000dc78     p.. p.. x.. x.. 
2000dc88:	2000dc80 2000dc80 2000dc88 2000dc88     ... ... ... ... 
2000dc98:	2000dc90 2000dc90 2000dc98 2000dc98     ... ... ... ... 
2000dca8:	2000dca0 2000dca0 2000dca8 2000dca8     ... ... ... ... 
2000dcb8:	2000dcb0 2000dcb0 2000dcb8 2000dcb8     ... ... ... ... 
2000dcc8:	2000dcc0 2000dcc0 2000dcc8 2000dcc8     ... ... ... ... 
2000dcd8:	2000dcd0 2000dcd0 2000dcd8 2000dcd8     ... ... ... ... 
2000dce8:	2000dce0 2000dce0 2000dce8 2000dce8     ... ... ... ... 
2000dcf8:	2000dcf0 2000dcf0 2000dcf8 2000dcf8     ... ... ... ... 
2000dd08:	2000dd00 2000dd00 2000dd08 2000dd08     ... ... ... ... 
2000dd18:	2000dd10 2000dd10 2000dd18 2000dd18     ... ... ... ... 
2000dd28:	2000dd20 2000dd20 2000dd28 2000dd28      ..  .. (.. (.. 
2000dd38:	2000dd30 2000dd30 2000dd38 2000dd38     0.. 0.. 8.. 8.. 
2000dd48:	2000dd40 2000dd40 2000dd48 2000dd48     @.. @.. H.. H.. 
2000dd58:	2000dd50 2000dd50 2000dd58 2000dd58     P.. P.. X.. X.. 
2000dd68:	2000dd60 2000dd60 2000dd68 2000dd68     `.. `.. h.. h.. 
2000dd78:	2000dd70 2000dd70 2000dd78 2000dd78     p.. p.. x.. x.. 
2000dd88:	2000dd80 2000dd80 2000dd88 2000dd88     ... ... ... ... 
2000dd98:	2000dd90 2000dd90 2000dd98 2000dd98     ... ... ... ... 
2000dda8:	2000dda0 2000dda0 2000dda8 2000dda8     ... ... ... ... 
2000ddb8:	2000ddb0 2000ddb0 2000ddb8 2000ddb8     ... ... ... ... 
2000ddc8:	2000ddc0 2000ddc0 2000ddc8 2000ddc8     ... ... ... ... 
2000ddd8:	2000ddd0 2000ddd0 2000ddd8 2000ddd8     ... ... ... ... 
2000dde8:	2000dde0 2000dde0 2000dde8 2000dde8     ... ... ... ... 
2000ddf8:	2000ddf0 2000ddf0 2000ddf8 2000ddf8     ... ... ... ... 
2000de08:	2000de00 2000de00 2000de08 2000de08     ... ... ... ... 
2000de18:	2000de10 2000de10 2000de18 2000de18     ... ... ... ... 
2000de28:	2000de20 2000de20 2000de28 2000de28      ..  .. (.. (.. 
2000de38:	2000de30 2000de30 2000de38 2000de38     0.. 0.. 8.. 8.. 
2000de48:	2000de40 2000de40 2000de48 2000de48     @.. @.. H.. H.. 
2000de58:	2000de50 2000de50 2000de58 2000de58     P.. P.. X.. X.. 
2000de68:	2000de60 2000de60 2000de68 2000de68     `.. `.. h.. h.. 
2000de78:	2000de70 2000de70 2000de78 2000de78     p.. p.. x.. x.. 
2000de88:	2000de80 2000de80 2000de88 2000de88     ... ... ... ... 
2000de98:	2000de90 2000de90 2000de98 2000de98     ... ... ... ... 
2000dea8:	2000dea0 2000dea0 2000dea8 2000dea8     ... ... ... ... 
2000deb8:	2000deb0 2000deb0 2000deb8 2000deb8     ... ... ... ... 
2000dec8:	2000dec0 2000dec0 2000dec8 2000dec8     ... ... ... ... 
2000ded8:	2000ded0 2000ded0 2000ded8 2000ded8     ... ... ... ... 
2000dee8:	2000dee0 2000dee0 2000dee8 2000dee8     ... ... ... ... 
2000def8:	2000def0 2000def0 2000def8 2000def8     ... ... ... ... 
2000df08:	2000df00 2000df00 2000df08 2000df08     ... ... ... ... 
2000df18:	2000df10 2000df10 2000df18 2000df18     ... ... ... ... 
2000df28:	2000df20 2000df20 2000df28 2000df28      ..  .. (.. (.. 
2000df38:	2000df30 2000df30 2000df38 2000df38     0.. 0.. 8.. 8.. 
2000df48:	2000df40 2000df40 2000df48 2000df48     @.. @.. H.. H.. 
2000df58:	2000df50 2000df50 2000df58 2000df58     P.. P.. X.. X.. 
2000df68:	2000df60 2000df60 2000df68 2000df68     `.. `.. h.. h.. 
2000df78:	2000df70 2000df70 2000df78 2000df78     p.. p.. x.. x.. 
2000df88:	2000df80 2000df80 2000df88 2000df88     ... ... ... ... 
2000df98:	2000df90 2000df90 2000df98 2000df98     ... ... ... ... 
2000dfa8:	2000dfa0 2000dfa0 2000dfa8 2000dfa8     ... ... ... ... 

2000dfb8 <__sglue>:
2000dfb8:	00000000 00000003 2000e3d4              ........... 

2000dfc4 <_impure_ptr>:
2000dfc4:	2000dfc8                                ... 

2000dfc8 <_impure_data>:
2000dfc8:	00000000 2000e3d4 2000e43c 2000e4a4     ....... <.. ... 
	...
2000e060:	00000001 00000000 abcd330e e66d1234     .........3..4.m.
2000e070:	0005deec 0000000b 00000000 00000000     ................
	...

2000e1c8 <malloc_mutex>:
	...

2000e1d0 <print_mutex>:
	...

2000e1d8 <__pre_init_runtime_init_early_resets>:
2000e1d8:	20007075                                up. 

2000e1dc <__pre_init_runtime_init_usb_power_down>:
2000e1dc:	200070a1 20007235 2000816d 200078d9     .p. 5r. m.. .x. 
2000e1ec:	2000800d                                ... 

2000e1f0 <__pre_init_runtime_init_clocks>:
2000e1f0:	20007169                                iq. 

2000e1f4 <__pre_init_runtime_init_post_clock_resets>:
2000e1f4:	200070bd                                .p. 

2000e1f8 <__pre_init_runtime_init_rp2040_gpio_ie_disable>:
2000e1f8:	200070dd                                .p. 

2000e1fc <__pre_init_runtime_init_spin_locks_reset>:
2000e1fc:	200070f1                                .p. 

2000e200 <__pre_init_runtime_init_mutex>:
2000e200:	20005fe9                                ._. 

2000e204 <__pre_init_runtime_init_install_ram_vector_table>:
2000e204:	200070f9                                .p. 

2000e208 <__pre_init_runtime_init_default_alarm_pool>:
2000e208:	2000681d                                .h. 

2000e20c <__pre_init_first_per_core_initializer>:
2000e20c:	20007051                                Qp. 

2000e210 <__pre_init_runtime_init_per_core_irq_priorities>:
2000e210:	20005965                                eY. 

2000e214 <__pre_init_runtime_init_per_core_tls_setup>:
2000e214:	20009a0d                                ... 
