:020000041000EA
:1000000000B5324B212058609868022188439860DF
:10001000D860186158612E4B002199600221596106
:100020000121F02299502B49196001219960352056
:1000300000F044F80222904214D00621196600F024
:1000400034F8196E01211966002018661A6600F04E
:100050002CF8196E196E196E052000F02FF8012189
:100060000842F9D1002199601B49196000215960AB
:100070001A491B48016001219960EB211966A021F2
:10008000196600F012F800219960164914480160C1
:100090000121996001BC002800D000471248134993
:1000A000086003C880F30888084703B5996A0420EC
:1000B0000142FBD001200142F8D103BD02B5186610
:1000C0001866FFF7F2FF186E186E02BD00000240BE
:1000D000000000180000070000035F00212200005C
:1000E000F4000018222000A00001001008ED00E03C
:1000F00000000000000000000000000074B24E7A12
:1001000000200420F7010010CB010010CD010010E9
:10011000C9010010C9010010C9010010C901001077
:10012000C9010010C9010010C9010010CF01001061
:10013000C9010010C9010010D1010010D301001045
:10014000C1010010C1010010C1010010C101001067
:10015000C1010010C1010010C1010010C101001057
:10016000C1010010C1010010C1010010C101001047
:10017000C1010010C1010010C1010010C101001037
:10018000C1010010C1010010C1010010C101001027
:10019000C1010010C1010010C1010010C101001017
:1001A000C1010010C1010010C1010010C101001007
:1001B000C1010010C1010010C1010010C1010010F7
:1001C000EFF30580103800BE00BE00BE00BE00BECA
:1001D00000BE00BEF2EB88718C020010BC02001061
:1001E0003802001090A31AE700202149086006C8D1
:1001F00081F3088810471F480068002801D00020BC
:10020000F3E70DA40ECC002902D000F012F8F9E7B4
:1002100019491A4A002000E001C19142FCD1184955
:100220008847184988471849884700BEFDE701C933
:1002300001C29A42FBD37047BC020010C4000020E8
:10024000787E002070800010807E002058AB002057
:1002500048AD0010000004200000042048AD00104C
:10026000001004200010042000000000704700006F
:1002700008ED00E0000000D058AB0020D8C90220F3
:0C0280003168002091240020F36700206A
:10028C00C4A20020D0A20020DCA20020E8A2002002
:10029C00F4A2002000A300200CA3002018A300202F
:1002AC0024A3002098A3002090A3002084A3002066
:1002BC0070B50500081CEC21890505F019F9061C20
:1002CC0005F062F984B2002C12D0200005F034F94C
:1002DC00011C301C05F007F98721C90505F023F92D
:1002EC0005F052F9C3B21B0224041C432C6070BDF0
:1002FC002300F8E710B504001022002105F00EFAD7
:10030C0080235B022360F8235B0263608023DB02A3
:10031C00A360C0231B03A360200010BD10B5002AEE
:10032C001BD0202300291AD0102423433034A44698
:10033C00644623438363002905D0436B38210B406B
:10034C00084941180B60002A06D0436B0722134062
:10035C00044A94466044036010BD1300E2E78C46E7
:10036C00E6E7C0463410000070B504000D00FFF73E
:10037C00C1FF2A001E32636804490B40ED012B4378
:10038C00120313436360200070BDC0467F00FEFF64
:10039C0070B505000C00FFF7ADFFA21C13346B68A1
:1003AC0004490B40D2011343240323436B60280000
:1003BC0070BDC0467F00FEFF0148FF239843704785
:1003CC0047AE001088204005704710B5FFF7FAFFC4
:1003DC000400FFF7F1FF201A10BD000082B0EFF30C
:1003EC00108172B6144B1A6880239B015340C022B3
:1003FC0092011340114A13600023019302E0019B08
:10040C0001330193019AFA239B009A42F7DBD02324
:10041C001B069B68022018408007C00F0123584020
:10042C00C0B2054B1B68C02292011340034A1360F3
:10043C0081F3108802B070470C8001400C90014091
:10044C0070B503000C00150000210EE0605C5840F4
:10045C0006090F231840074A80008058704006098F
:10046C0003409B009B5873400131A942EED3180006
:10047C0070BDC0468C83002010B50A00012301001A
:10048C005842FFF7DDFFC04310BD10B580235B055C
:10049C009C466044FFF7F0FF10BD00000348FF23AB
:1004AC009843F0231B069C466044704747AE0010EF
:1004BC0010B504000268074B9A4208D12421FFF7BB
:1004CC00DBFF636AC01A43425841C0B210BD002022
:1004DC00FCE7C0464F4B4B49030000785A78120298
:1004EC0010439A7812041043DB781B0618437047AC
:1004FC000022FF2A06D8835C013BDBB2FD2B03D91B
:10050C000132F6E7012000E00020704700487047F8
:10051C008813000030B504000D000022074809E0E4
:10052C00A15C4140FF230B4005495B005B5A000A6C
:10053C0058400132AA42F3DB30BDC046FFFF000039
:10054C00CC84002030B505000C000023FF2004E013
:10055C00EA5C42400249885C0133A342F8DB30BDBF
:10056C00CC83002010B5002907D01B4B1B689C4680
:10057C001A4A9B5801336446A35005280BD00938FE
:10058C00012802D9164B00221A70002902D0144BF4
:10059C0000221A7010BD104B1B6812481A580132F9
:1005AC001A500F4A1278002A0DD00F4A1268920086
:1005BC00D05884468020000464462043D0500B4819
:1005CC001A5801321A500A4B1B68023B064A136038
:1005DC00034B01221A70D8E75CB402200CFA00001D
:1005EC00D3C9022014FA000050B4022018FA0000FB
:1005FC0054B4022070B5DE4656464D46444670B59E
:10060C0084B00300754A12689046754A10688000E1
:10061C004044824600240026002100200022019242
:10062C00802212068146029418002CE01F239C465F
:10063C0038E0002804DB80231B0601981843019046
:10064C00002405E001348B401E43013108290CD0F5
:10065C000135AC4512DD1000D343DB0F5200062CE4
:10066C00E7D00028EEDA0024EDE7534649465E5405
:10067C0001239846C14400260021E9E7029403981F
:10068C00D8466346C01A002814D0564D2B685C1C03
:10069C002C609B0044461D591E28C7DC1E231B1AC8
:1006AC009D4084466B006B405A400025C346029C1B
:1006BC000390CEE74B461D00002904D080231B0578
:1006CC00019A1A430192002D63DD53461A78FA23DE
:1006DC001B024146CB5C002B34D080239A4204D0C1
:1006EC0080235B05019A1A430192012D51DD53467B
:1006FC005B780F241C40DB431B110F2213409C42E0
:10070C0022D080239B05019A1A430192052C23D0F9
:10071C00092C21D0012C1FD00D2C1DD0042C1BD04A
:10072C00082C3DD0032C05D00B2C03D0072C01D06A
:10073C000F2C18D1032D42DC8023DB04019A1A43C1
:10074C00019210E08123C9E7002CDFD180239B05A7
:10075C00019A1A430192DBE7042D23D08023DB049A
:10076C00019A1A430192019E31002000FFF7FAFE14
:10077C001A4B19681A4A1368023B2E439B005E50B1
:10078C000335E91703230B405B199B1011685B18A9
:10079C00136004B078BCB346AA46A146984670BD17
:1007AC00052DDBD1A91E50460230FFF7CBFE0928E0
:1007BC00D9D08023DB05019A1A430192D3E7A91EF5
:1007CC0050460230FFF7A6FE074B9842CBD0802351
:1007DC00DB05019A1A430192C5E7C0465CB40220BE
:1007EC0054B4022048B4022001B00000084B1A682F
:1007FC00FA231B02D35C002B04D0064B4B431B0C7F
:10080C00C01A7047044B4B431B0CC01AF9E7C04687
:10081C005CB4022055150000ABAA000010B50E20E8
:10082C0002F0BAFAD0231B068022D2015A629A61D6
:10083C0010BD000010B51C2800D010BD02F0ACFAA1
:10084C0080235B05D0242406A3620E2002F0A4FAB8
:10085C008023DB01A3620F2002F09EFA80231B028F
:10086C00A362064B064A1A60064806F030FA0022CC
:10087C000021002003F02EFEDFE7C046C000002060
:10088C00969669694887002010B50D4806F01FFA46
:10089C000C4B1B6BDB0704D40A4B1B6B9B0707D45D
:1008AC0010BD094806F013FA064B01221A63F7E74C
:1008BC00064806F00CFA034B02221A63F0E7C04616
:1008CC00848700200000305090870020A0870020F3
:1008DC0010B50D4806F0FBF90C4B1B6BDB0704D471
:1008EC000A4B1B6B9B0707D410BD094806F0EFF9A8
:1008FC00064B01221A63F7E7054806F0E8F9034BAB
:10090C0002221A63F0E7C046B08700200000205096
:10091C009087002070B5CE46464640B5494C2368BA
:10092C0058681968FFF762FF8146474A0023136035
:10093C00464A1360464A1360464A13702268464979
:10094C00535046495350464953504649535000253D
:10095C0000262FE0444806F0BAF90026394B1A68F5
:10096C00424BD65060BCB146A84670BD1368023BE2
:10097C009B00802292045A50012000214042FFF734
:10098C00F1FD304B1968354A8B5801338B50464674
:10099C000FE02E4B1B68023B9B00802252045A50E6
:1009AC0000210520FFF7DEFD4646274A1368013378
:1009BC0013600135234B1A682C4BD358AB42CDDD59
:1009CC0021490B689B009C580B6801339B0098587D
:1009DC002100FFF70BFF80235B029C42BAD2194B1C
:1009EC0019681A4A136801339C464B46C01A634671
:1009FC009B00585014480368023303601368023399
:100A0C001360731C9846002CB0D0012C09D1FA232A
:100A1C001B02CB5C002BBCD00C4A1368023B13604E
:100A2C00C3E7601EFFF7E6FD1F21200003F002FF65
:100A3C00012901D94646BCE7034A13680133136008
:100A4C004646B6E75CB4022048B4022054B40220F7
:100A5C0050B40220D3C902200CFA000010FA000096
:100A6C0014FA000018FA0000BC87002008FA0000F5
:100A7C0010B51B4B012204211C2002F05DF9194C0E
:100A8C001949200003F0FEFA0221102002F0D4F8DC
:100A9C000221112002F0D0F8236BC0221202134065
:100AAC00124A1360002301220821200003F0B8FA37
:100ABC000021200003F0CAFA002200212000FFF7D9
:100ACC002DFC0F2002F068F9D0231B0680221202A5
:100ADC009A62002201210F2002F0C8F810BDC04616
:100AEC0049060020004003408024010030500340A0
:100AFC0010B5FFF7BDFF00220B4B9A4206DCD0234A
:100B0C001B065B681B0403D40132F5E7002300E0ED
:100B1C000123002B05D0054806F0D9F8FFF77EFE1F
:100B2C0010BD0348F8E7C046B70B0000F087002063
:100B3C000088002070B5040005000B4806F0F6F89C
:100B4C00012C0DD0094C20001030290006F0EEF8D5
:100B5C002000143006F0EAF8054806F0B8F870BD2D
:100B6C00044806F0E3F8F7E73C88002048880020AA
:100B7C00648800205088002070B5FFF71DFC05002C
:100B8C00FFF720FC0400FFF720FC030002482200C2
:100B9C00290006F0CBF870BD68880020F0B5C64679
:100BAC0000B580460E00C046C046C046C046C04692
:100BBC00C046D02424068025AD01A561192003F080
:100BCC00A1F932004146334807F016FBC046C04637
:100BDC00C046C046C046C046C046C046C046C046D9
:100BEC00C046C046C046C046C046C046C046C046C9
:100BFC00C046C046C046C046C046C046C046C046B9
:100C0C00C046C046C046C046C046C046C046C046A8
:100C1C00C046C046C046C046C046C046C046C04698
:100C2C00C046C046C046C046C046C046C046C04688
:100C3C00C046C046C046C046C046C046C046C04678
:100C4C00C046C046C046C046C046C046C046C04668
:100C5C00C046C046C046C046C046C046C046C04658
:100C6C00C046C046C046C046C046C046C046C04648
:100C7C00C046C046C046C046C046C046C046C04638
:100C8C006561C046C046C046C046C046C04680BC32
:100C9C00B846F0BD0000044010B5D0231B068022DE
:100CAC00D2015A61D0231B065B681B04FAD5D023F2
:100CBC001B068022D2019A61FFF770FF10BD000065
:100CCC0070B5C64600B5CDB0724B1C68724D2B6822
:100CDC009B001A592B6801339B0018596F4B1B68EA
:100CEC006F4B1B68C31A09931104090C2B68023350
:100CFC009B00E3185B780F261E40B4462B6802332A
:100D0C009B00E418674B1C60674B1B78002B03D0CF
:100D1C00664B099D9D424FDCCB1C9B1002335E4DF4
:100D2C002E68B04643442B605D4B18605E4B01252A
:100D3C001D7080235B0415001D402E001A4201D04B
:100D4C0005239C465A4B1B68022B3AD0584B1B6808
:100D5C00012B39D0574B1B78DDB2002B07D06346E3
:100D6C00052B48D1130232D4524B00251D701302AF
:100D7C0003D5514B1B68002B2ED0930133D4002E7E
:100D8C0000D083E08023DB049A4200D380E06346EA
:100D9C00092B38D0494B1B78002B08D06346032B0A
:100DAC0003D00B2B01D0072B01D10C2930D0434B96
:100DBC0000221A7001251EE0414805F088FF00252D
:100DCC0019E06346052BC1D1344B1860C2E73D4A8C
:100DDC001368013313600EE0364B01221A70394B45
:100DEC001A60012507E0324B1B68032B08D02E4BF1
:100DFC0000221A70012528004DB040BCB04670BDD1
:100E0C00264B1860F3E72D4B01221A700125F2E7EF
:100E1C00E3781B02A27813437F221A401600DB11E1
:100E2C000F221A400B9280256D002A0000210CA87D
:100E3C0004F074FCA378E278217988466079A17972
:100E4C008C46E1790991217A0A91647A21000CACE3
:100E5C0007910A99069109990591614604910390AD
:100E6C0041460291019200930B9B320016492000DF
:100E7C0005F044FD200005F02AFF29002000FFF7B3
:100E8C000BFF124A13680133136090E70125B2E798
:100E9C000125B0E75CB402203CB402204CB4022023
:100EAC0044B4022060B40220D1C9022010270000F3
:100EBC0030A40020D2C9022038B40220D5C90220A7
:100ECC00C888002040B4022010890020BCC9022030
:100EDC0070B5484B1A68484BD358002B21D0474863
:100EEC0005F0F5FE434B1B685968454A11605A687A
:100EFC00444B1A60444A00231370444A0121117078
:100F0C00434A1360434A136000243A4B1A683A4B25
:100F1C00D358A34209DDFFF7D3FE002805D00134D6
:100F2C00F3E73D4805F0D3FE5CE0374B1B78002B14
:100F3C0003D0374B1B68002B55D1384C20001C308C
:100F4C0005F0C5FE364D28004C3005F0EFFE294E5D
:100F5C003268344BD1581034200005F0E7FE2800DD
:100F6C00543005F0E3FE304805F0E0FE32682F4BBC
:100F7C00D158200005F0DAFE2800603005F0D6FECE
:100F8C00294805F0D3FE32681B4BD158200005F0E0
:100F9C00CDFE3268FA231B02D35C002B28D02448E8
:100FAC0005F0C4FE1E4C204805F0C0FE114E326800
:100FBC00204BD158204D280005F0B8FE20006C3095
:100FCC0005F0B4FE184805F0B1FE32681B4BD15841
:100FDC00280005F0ABFE2000743005F0A7FE184881
:100FEC0005F075FE70BD0A4B1868FFF7A3FDA4E76A
:100FFC001448D5E75CB4022008FA00008089002070
:10100C004CB4022044B40220D2C90220D1C902201F
:10101C0040B402203CB4022064890020488800209F
:10102C00488900200CFA0000A489002010FA000066
:10103C004C89002014FA00005888002018FA00008F
:10104C00CC8900205889002070B5050002F03AFFC9
:10105C002A0000238018594104000D00D0231B06E0
:10106C005B681B0408D402F02DFFA94202D8F5D10D
:10107C00A042F3D9002000E0012070BD10B504009F
:10108C00FA231B02C0181C22002104F047FBFFF7B7
:10109C003DFA014BE05010BD04FA000070B506009B
:1010AC000D00154C802252000021200004F036FB6C
:1010BC00124B23600323237166710723A3712572DE
:1010CC002B0A63722B0CA3722D0EE5720C4B1B6852
:1010DC0023731A0A62731A0CA2731B0EE373103477
:1010EC00084B220023CB23C213CB13C219881180C7
:1010FC009B78937070BDC046BCC802204F4B4843D0
:10110C00B0C50220D089002010B52822014904F076
:10111C000BFB10BD0000301010B58EB004A8FFF70B
:10112C00F3FF80238022184C2000243017490291B1
:10113C0017490191C021890300919B03520300219F
:10114C0005F0F4FDFFF7AAF9010020007C3005F052
:10115C00EDFD104B1B68092B00D900230E4A9B0098
:10116C0099580E4805F0E2FD04A8FFF7A1F90028F4
:10117C0001D10EB010BD0599069A099B0B9C08482D
:10118C00009405F0D3FDF4E7C8890020001060003E
:10119C00001030008CB4022064830020608A002090
:1011AC00788A002070B5CE46464640B581468846C2
:1011BC001600C046C046C046C046C046C046D024F5
:1011CC0024068025AD01A561192002F09BFE330099
:1011DC0042464946334806F0EDFFC046C046C0467D
:1011EC00C046C046C046C046C046C046C046C046C3
:1011FC00C046C046C046C046C046C046C046C046B3
:10120C00C046C046C046C046C046C046C046C046A2
:10121C00C046C046C046C046C046C046C046C04692
:10122C00C046C046C046C046C046C046C046C04682
:10123C00C046C046C046C046C046C046C046C04672
:10124C00C046C046C046C046C046C046C046C04662
:10125C00C046C046C046C046C046C046C046C04652
:10126C00C046C046C046C046C046C046C046C04642
:10127C00C046C046C046C046C046C046C046C04632
:10128C00C046C046C046C046C046C046C046656162
:10129C00C046C046C046C046C046C04660BCB1460B
:1012AC00A84670BD0000044070B504000D00160087
:1012BC00D0231B068021C9015961FA20C000FFF719
:1012CC00C3FE00280AD0D0231B068022D2019A61CB
:1012DC00320029002000FFF765FF70BDD0231B06EC
:1012EC008022D2019A610138F7E7000070B5060040
:1012FC00002400E00134202C0CD8351907490422B5
:10130C00280006F035FC0028F4D1231DF35C032BD8
:10131C00F0D100E00025280070BDC046CC8600202E
:10132C0070B500210120FFF7B9FE3B4C80256D0004
:10133C002A000021200004F0F1F938482A0021008D
:10134C00FFF7B2FF00283EDB3348FFF7CFFF041E48
:10135C0045D0314BC31A324A1360324A1268934259
:10136C0001D2304A1360304A1268934201D92E4A96
:10137C001360A2792D4B1A70E579AB07DB0F2C4A61
:10138C0013706B07DB0F2B4A137020000C30FFF728
:10139C00A3F8294B186020001030FFF79DF8274B5D
:1013AC00186001232B40264A137020000830FFF7E9
:1013BC0093F8244B1860244B01221A70234A1368AB
:1013CC000133136070BD204B00221A70204A136841
:1013DC00013313601F4A136801331360F2E71A4B91
:1013EC0000221A701A4A1368013313601A4A1368E0
:1013FC0001331360194B0848010034C934C31A0077
:10140C000B681360FF23C25C154B1A70FFF770F862
:10141C00144B1870D6E7C046BCC70220BCC80220CB
:10142C00F8B3022034A40020FCB30220CBC9022064
:10143C00D0C90220CFC902202CB4022028B402202B
:10144C00CAC90220F4B30220CEC902201CB4022067
:10145C0018B4022024B4022010B4022000B40220DC
:10146C00CDC90220CCC9022070B5C64600B583B0E8
:10147C00060000910192002500E00135172D37DCA4
:10148C0031000220FFF70AFE1A4C80235B009846BD
:10149C001A000021200004F041F9174842462100AF
:1014AC00FFF702FF0028E8DB1248FFF71FFF041EBE
:1014BC00E3D04379022BE0D11430FFF70DF8B042A2
:1014CC00DBD1227E637E1B021A4390461300013B44
:1014DC009BB27F2BD1D821006031009804F024F905
:1014EC00019B42461A80012003B040BCB04670BD3F
:1014FC000020F9E7BCC70220BCC8022070B5CE465C
:10150C00464640B582B00600814602F0DBFC040082
:10151C000D00FA22920000233000002103F0C6FFD8
:10152C0024184D411F48310005F000FC002398465B
:10153C00002602E043460133984602F0C3FC8D427C
:10154C000BD902F06DFF8022174918485200FFF7A3
:10155C00ABFE0028EEDB0136EFE78D4201D1844271
:10156C00EFD802F05DFF4946002900D10131340269
:10157C00A30A5801C01A8000C018C00003F05AF921
:10158C000B4D01904B46009323004246310028003E
:10159C0005F0CCFB074B00221A7002B060BCB146C0
:1015AC00A84670BDBC8A0020BCC70220BCC8022063
:1015BC00E88A0020CAC9022010B5144A1368013306
:1015CC00136080225201934200D210BD0F4B0022B7
:1015DC001A6002F025FF0E4B1B78002BF5D00D4B3B
:1015EC009B6A0D4A12689B1A0C4A9342EDD9084B20
:1015FC0000221A7096210A48490005F097FB002238
:10160C000021002002F066FFFEE7C04668BF002004
:10161C00C9C90220004005406CBF002000A3E111A5
:10162C00408B002010B5064B00221A6002F0F8FE29
:10163C00044B9A6A044B1A60044B01221A7010BDB9
:10164C0068BF0020004005406CBF0020C9C90220C3
:10165C00F0B5C64600B50400134B03602421FEF719
:10166C000BFF606280267600104D3200FF212800AF
:10167C0004F054F828222100280004F055F8EFF368
:10168C00108872B68021C024A4034901200006F002
:10169C0015FE32002900200006F074FE88F3108835
:1016AC0080BCB846F0BDC0464F4B4B4998C4022095
:1016BC0010B58AB06846FFF727FD6846FEF7F8FEBE
:1016CC00002802D0019B022B01D00AB010BD684645
:1016DC00002301930293FFF7BBFF024805F0F7FAD2
:1016EC00F3E7C0467C8B0020F0B5C64600B506007B
:1016FC00884680235B019A4212D3EFF3108572B6B1
:10170C00802464012100300006F0D8FD22004146FF
:10171C00300006F037FE85F3108880BCB846F0BD6B
:10172C00881880235B019A1AFF2103F0F7FFE4E786
:10173C0070B5DE4656464D46444670B582B083467B
:10174C0001919146002423E0019BE11880235B0565
:10175C009C4661441B482A0003F0E6FF80235B0192
:10176C009E4220D302F05CFEEFF3108A72B65B4609
:10177C00E61880235B0198461900300006F09EFDA8
:10178C0010494246300006F0FDFD8AF310886419BA
:10179C004C450FD24B461E1B350080235B019E42ED
:1017AC00D2D91D00D0E75A1B06482818FF2103F098
:1017BC00B5FFD7E702B078BCB346AA46A146984617
:1017CC0070BDC04660AF002070B58AB06846FFF7A8
:1017DC009BFC6846FEF76CFE002808D0019B012B91
:1017EC0005D1079B013B80225203934201D30AB0DF
:1017FC0070BD02F015FE079980208003FEF745FEB0
:10180C00089B984205D002F00BFE384805F05FFAB1
:10181C00EDE702F005FEFEF741FE0500421E8023B7
:10182C005B039A4220D23248290005F07FFA8024CB
:10183C0064032A0000212000FFF77AFF02F0F0FD7C
:10184C0029002000FEF721FE0400060002F0E8FD4E
:10185C0029000020FEF719FEA0420AD002F0E0FD9C
:10186C00244805F034FAC2E72348290005F05EFA53
:10187C00BDE702F0D5FD05950696032301930023E1
:10188C0002936846FFF7E4FE07991C4805F04EFAF0
:10189C00079A802189030020FFF74AFF02F0C0FD60
:1018AC0007990020FEF7F1FD089B98420AD002F040
:1018BC00B7FD134805F00BFA00220021002002F0BE
:1018CC0009FEFEE702F0ACFD684602230193079B7C
:1018DC000393089B0493FFF7BBFE0A4805F0F7F946
:1018EC0000220021002002F0F5FDFEE7AC8B002069
:1018FC00208C0020608C0020E88B0020A88C00201D
:10190C00E88C0020288D002070B5CE46464640B5A8
:10191C0082B08146884616009F2301936C460023B3
:10192C000093EFF3108572B60422694601A806F005
:10193C008DFD85F31088637848460370A378414683
:10194C000B70E378337002B060BCB146A84670BD32
:10195C0010B582B06B46D81D002303706A46911DEA
:10196C000B70541D53712200FFF7CEFF2278130029
:10197C00103BDBB2092B03D80120904002B010BD04
:10198C000020FBE710B5FFF7E3FF024B83428041D9
:10199C00404210BDFF0F600070B5DE4656464D4606
:1019AC00444670B592B06E4B1D68A9466D4B1E68CF
:1019BC006A1E80235B039A4206D312B078BCB346EE
:1019CC00AA46A146984670BDFFF7DCFF0028F4D06C
:1019DC0008AC2000FFF798FB2000FEF769FD0028FB
:1019EC0002D00F9BAB421DD0002802D00B9B4B4565
:1019FC001CD05D4B1B68B34203D15C4B1B68052BA1
:101A0C00DBD85B483200494605F090F902F05AFAEF
:101A1C0002900391002400239A460025013B049375
:101A2C0005961FE0109BB342DED1C6E70C9BB34278
:101A3C00DFD1C2E7059E02F0F3FC4B4B1E604B4B13
:101A4C001A6801321A604B48514605F06FF9B4E739
:101A5C00281B80239B039C46604447492200FFF7C8
:101A6C0043FE00244D4537D20E2304AA944663440A
:101A7C0000221A8002F0D4FC4B465B1B9B46802B49
:101A8C0001D980239B463C4EA6190E2204AB9C46E2
:101A9C00624431005046FFF7E7FC0028CAD00E2301
:101AAC0004AA944663441B8898465B45C2D14246BF
:101ABC0031000498FEF7C4FC04904444454453465A
:101ACC0001339A462200803280235B019A42BFD8B0
:101ADC004B46AB42C6D8BBE7059E02F0A1FC049B6B
:101AEC00DD4302F0EFF9029B039CC01AA141FA22DC
:101AFC009200002302F0DCFE0400AE420BD01A4B25
:101B0C001E601A4A1368013313601C483200290006
:101B1C0005F00CF951E7154B00221A6008AE3000A5
:101B2C00FFF7F2FA3000FEF7C3FC002811D008A82A
:101B3C0001234360002383604E46C6610562FFF7B4
:101B4C0087FD0F4800942B005246310005F0EEF84B
:101B5C0033E728220021300003F0E0FDE7E7C04620
:101B6C002CB4022028B4022094B4022090B4022099
:101B7C00588D0020948D002098B40220DC8D00201C
:101B8C00388E002070B5DE4656464D46444670B53C
:101B9C0098B002F097F910901191884A13680133AC
:101BAC001360874B1A685B68109811998B4206D9A1
:101BBC0018B078BCB346AA46A146984670BD8B4275
:101BCC0001D18242F4D8FFF7ABFB7E4B1B78002B84
:101BDC0000D1C7E07C480021109C119D001969417F
:101BEC00774A10605160794A126893420FD0774A55
:101BFC001360002B00D1B8E07549764B1B68764A10
:101C0C0012787648764C2468009405F08FF8714B66
:101C1C001A681400724B1B681D009C466244714B81
:101C2C001B68D31A312B73D96E4B1A606E4B1B6821
:101C3C0098466E4B1B6899466D4B1B689A466D4BCC
:101C4C001B681E00013300D191E0FA2292000023A0
:101C5C001098119902F02CFE03006748059320237D
:101C6C000493664B1B6803930296534601934B46B1
:101C7C00009343462A00210005F058F85B4B1B6883
:101C8C005F4A1268934243D05D4A13605D48017805
:101C9C0042788378C4782500047926004479A046DC
:101CAC008479A146C479A246047AA346447A109456
:101CBC00847AA446C47A1394047B1494447B1594BC
:101CCC00847BC07B16905048007817904F48007862
:101CDC0000284FD04E480E9017980D9016980C90E7
:101CEC000B9415980A9014980990139808906046D4
:101CFC000790109806905846059050460490484618
:101D0C0003904046029001960095424805F00EF86B
:101D1C002C4B1B78002B03D03F4B1B78002B2BD16B
:101D2C00284B1B78002B39D1264B1B78002B03D06A
:101D3C003A4B1B78002B34D1224B1B78002B00D153
:101D4C0036E7374B1B78002B00D131E7FFF73CFD12
:101D5C0002F0B8F81C4A002380185941184B18603F
:101D6C00596025E72F48002136E72F4945E7002326
:101D7C001E006AE72D48AEE72D4B18682D4B984294
:101D8C0000D91800FFF7BAFB02F09CF80E4A0023AA
:101D9C00801859410A4B18605960C1E7FFF788FC5D
:101DAC00C2E7FFF7F9FD02F08DF8074A002380180F
:101DBC005941034B18605960BEE7C04614B4022069
:101DCC00D8AC0020CEC9022050C3000038A400209B
:101DDC00848E00201CB40220CBC90220B88E0020B7
:101DEC0018B4022020B4022024B4022010B4022023
:101DFC00F8B3022034A40020EC8E0020FCB30220A7
:101E0C00F0B3022000B40220CDC90220CCC90220BC
:101E1C00908E0020588F0020CAC90220D0C9022001
:101E2C00CFC9022020A10700888E0020B48E00208C
:101E3C00F4B30220204E000010B58AB0524B0022A1
:101E4C001A60FFF79FFD002804D14F4B01221A6046
:101E5C000AB010BD6846FFF757F96846FEF728FB35
:101E6C0000280BD00499494A1160019B032B09D01F
:101E7C00022B44D0444B03221A60E9E7424B022266
:101E8C001A60E5E707990C004A1E80235B039A420F
:101E9C0006D280208003FEF7F8FA089B98420AD0FD
:101EAC0068460223019301330293FFF7D1FB364BB3
:101EBC0008221A60CCE78021220089030020FFF75A
:101ECC0037FC079B1C0019000020FEF7DEFA089B6C
:101EDC009842E5D1022201920022029203940493CB
:101EEC006846FFF7B5FB049A284B1A60264B07226D
:101EFC001A6000221100100002F0ECFAFEE7029BBF
:101F0C0001330293032B38D905990C004A1E802308
:101F1C005B039A4206D280204003FEF7B6FA069B7A
:101F2C00984203D0184B05221A6091E780212200B9
:101F3C0049030020FFF7FCFB059B1C001900002047
:101F4C00FEF7A3FA069B984203D00F4B09221A60A6
:101F5C007EE7684600220192029203940493FFF7F5
:101F6C0077FB0B4B01221A70074B03321A600022CD
:101F7C001100100002F0AEFAFEE76846FFF768FBAE
:101F8C00014B06221A6063E78CB40220B0C5022014
:101F9C00D6C9022070B5C64600B583B06B46DD1DB0
:101FAC0000232B706A46961D9371541D53712200A9
:101FBC0031002800FFF7A8FCFFF7CAFC8046237805
:101FCC0032782978104804F0B1FE4346002B12D029
:101FDC0044461A0D0D48190004F0A8FE80256D0426
:101FEC000B481022290004F0A1FEAC4207D009488E
:101FFC0004F06DFE03E02178074804F097FE03B06F
:10200C0040BCB04670BDC046CC8F0020389000203C
:10201C00609000208C900020F08F002010B5030001
:10202C002D4A1268824206D02C490A68501C08605E
:10203C002B498A4207D82B490A68501C08602A4948
:10204C008A4225D810BD274A00211160234A11600D
:10205C00214A1360254A126825492648040004F0D9
:10206C004DFC200005F022FE431C9C460021220062
:10207C0008E0214B9B699B06FBD410781E4B186023
:10208C00013101328C45F4D81A4804F020FED9E70E
:10209C00144A00211160114A1160144A1268144943
:1020AC001448040004F02AFC200005F0FFFD431C3A
:1020BC009C460021220008E00F4B9B699B06FBD439
:1020CC0010780D4B1860013101328C45F4D8094859
:1020DC0004F0FDFDB6E7C04664B4022034B402201F
:1020EC00002D31012CA40020804A5D0540A4002065
:1020FC00D890002068B402200040034010B5FEF7D1
:10210C00F7FC0D4B00221A600AE004F052FF0B4B57
:10211C0018600B4804F043FFFEF7FCFBFEF7D8FEFB
:10212C00D0231B061B6DDB07EFD4FFF72BFD024BF7
:10213C001868FFF773FFF3E7BCC902205CB40220F8
:10214C0069696969F0B5C64600B580461A2000F089
:10215C0023FED0231B068022D2045A62C82001F031
:10216C00ADFD00240CE0D0252D068026F6046E6112
:10217C00C82001F0A3FDAE61C82001F09FFD013421
:10218C004445F0DBD0231B068022D2049A6280BC2B
:10219C00B846F0BD70B50024002500E00134FA23E8
:1021AC005B009C4205DAFEF719F90028F6D00135E0
:1021BC00F4E75A2D00DC70BD0021080002F0EAF9AA
:1021CC0070B584B006000C0001AB02AA03A902F0A2
:1021DC0043F8051E04D1002C09D1200004B070BDB9
:1021EC00019A0299039802F003F82C00F5E70248D3
:1021FC00310000F0E1FDC046F490002010B5094B11
:10220C001A68094B9A4200D010BD04F05BFD0748D8
:10221C0004F05DFD034B00221A60054801F04EFDF1
:10222C00F2E7C046C000002096966969289100200C
:10223C0050C3000070B5CE46464640B582B08046CD
:10224C0000F0AAFD00220121404600F00FFD052000
:10225C0001F034FDD0242406666801254346019321
:10226C009D402E403000431E9841C2B2914601223F
:10227C000021404600F0FAFC052001F01FFD6368C8
:10228C001D40404600F093FD002E01D0002D05D0DE
:10229C00484602B060BCB146A84670BD0220F8E7C3
:1022AC0070B50420FFF7C6FF050004000520FFF7FA
:1022BC00C1FF02000100022D18D0002C01D102290F
:1022CC0022D0012C16D0022C18D028001043C0B2FA
:1022DC00002820D0002C01D1012919D0012C19D1B2
:1022EC00002919D0A14219D0092014E0A842E4D148
:1022FC00042010E00229E6D106200CE0002905D0CC
:10230C000129E2D1082006E0052004E0072002E0C4
:10231C00100000E0092070BD0220FCE70320FAE762
:10232C0010B5FFF7BDFF304B18701A78D3B2042AE2
:10233C003ED0042B0DD9072B48D021D8052B3ED0ED
:10234C00062B4AD1294B2A4A1A602A4804F0BFFCB2
:10235C0025E0022B25D00AD8002B1AD0012B3CD11A
:10236C00224B254A1A60254804F0B1FC17E0032BD8
:10237C0033D11E4B224A1A60224804F0A8FC0EE00E
:10238C00082B2AD1194B204A1A60204804F09FFCD4
:10239C0005E0164B1E4A1A601E4804F098FC0020FB
:1023AC0010BD124B1C4A1A601C4804F090FCF6E756
:1023BC000E4B1B4A1A601B4804F089FCEFE70B4BD1
:1023CC00194A1A60194804F082FCE8E7074B184ACE
:1023DC001A60184804F07BFCE1E7044B164A1A60BB
:1023EC00164804F074FCDAE73CA4002040A400205A
:1023FC000C920020109200205C9100206091002033
:10240C0094910020989100206C92002070920020F2
:10241C004091002044910020789100207C91002074
:10242C00B0910020B4910020DC910020E0910020BC
:10243C003C920020409200209C920020A092002010
:10244C0070B51C2000F0A8FCD024240680235B056A
:10245C006362A3610E2000F09FFC8023DB01A3626A
:10246C000F2000F099FC80231B02A362082000F0CF
:10247C0093FC80256D006562A561092000F08CFC41
:10248C0080239B0063626361FFF74AFF04F01AFC30
:10249C006561642001F012FC70BD000070B5184C31
:1024AC001849200005F096F8050001210A2000F0DB
:1024BC00C3FB01210B2000F0BFFB01210C2000F01D
:1024CC00BBFB0D2000F068FCD0231B068022920180
:1024DC005A625A616368022213400B490A602168F0
:1024EC0005325140C8320A4008490A60084A136054
:1024FC00084801007431783004F018FC280070BDD5
:10250C0000000440404B4C000430044000100440D8
:10251C00042004404892002070B50500002400E01F
:10252C000134032C0ADC2100280004F0E3FE00280F
:10253C00F6D02100280004F0B1FEF1E770BD0000D8
:10254C0070B5074D2800FFF7E7FF064C2000FFF79A
:10255C00E3FF280004F0F6FE200004F0F3FE70BD4B
:10256C00000020500000305010B504001F2100F076
:10257C0063FB00220021200000F078FB00212000EA
:10258C0000F0F6FB10BD000070B582B0FFF736FE10
:10259C00FFF756FF304C2300103322001C322F491A
:1025AC0009682000283004F0C1FB2D4B1B6898688B
:1025BC0005F04EF9D026360680235B05B362002267
:1025CC0001211C2000F052FBFFF768FF050002F010
:1025DC00B3FF02F0E1FF0022224B02F078FB020075
:1025EC000B0020006030009504F0A0FBFEF7C4FA4D
:1025FC00FFF7D0FCFEF790FD80239B00B361FFF743
:10260C009FFF05F021F81B20FFF7AEFF164B1A6851
:10261C0080235B015340E022D2011340134A136024
:10262C00134B04221A60104B1B68DB05FBD50E4BB9
:10263C005C682404240C200002F084FF0D4902F095
:10264C0072FF02F0A9FF02000B000B48210004F0FE
:10265C006DFB02B070BDC046C892002040A40020A3
:10266C0004A9002080842E4100C0044000D0044006
:10267C0000E004403333533A5893002070B5DE46E3
:10268C0056464D46444670B590B001F01BFFFFF71F
:10269C0081FDFFF7D1FB0220FFF754FD0121F1482A
:1026AC00FFF78EFD0500F049F04804F037FF0400F9
:1026BC00FFF76AFF01F032FF002800D07AE1002D0D
:1026CC0000D17EE1EA4804F002FB200002F034FF66
:1026DC0002F062FF0022E74B02F0F9FA02000B0055
:1026EC00E548009404F022FB162000F055FBD024A2
:1026FC0024068023DB036362A361142000F04CFBEF
:10270C0080235B03A362152000F046FB80239B0310
:10271C00A362052001F066FD02F00EFFD74902F01E
:10272C00ECFE834602F038FF02000B00D449059101
:10273C00080028300024D34D0094019504F0F6FADB
:10274C000721162000F078FAF0231B019846CE4B97
:10275C0042461A60CD49092000F0A6FC012109204F
:10276C0000F082FCCA4B9A460121180004F0A6FD29
:10277C000500C849504604F0CDFD81460124009463
:10278C00012316222900504604F0FAFD0022009283
:10279C00022314322900504604F0F2FD0CAE4946D7
:1027AC003000FDF7F5FD0F9ABB491140B0239B009B
:1027BC000B430F93B9491140B94B19430F910E9923
:1027CC00B84808400E90B84801400E91B7490A40ED
:1027DC001343A02109030B430F935B460293191C6F
:1027EC003000FDF765FD33004A462900504604F0E1
:1027FC0025FE53461B682600AE400496B343524652
:10280C0013606B005B19DB00A94A94466344802279
:10281C00120693461A601A602B1D22009A40A54B93
:10282C001A6008352200AA401A60A34B45461D6069
:10283C00A249072000F038FC0121072000F014FC0D
:10284C009F4B98460121180004F038FD05009D4966
:10285C00404604F05FFD81460022009203231432AF
:10286C002900404604F08CFD08AE49463000FDF7C7
:10287C007BFD0B9B944A1340A020000303430B9356
:10288C00099A924B1A40A0235B05134309930A9AA9
:10289C00844B134019008E4B19430A918248104007
:1028AC00010019430A911204120C134358460343B6
:1028BC000A9302993000FDF7FBFC33004A462900CD
:1028CC00404604F0BBFD43461B682100A940039120
:1028DC008B43424613606B0006935E19F6007D4AEB
:1028EC00944666445A46326032602B1D22009A4050
:1028FC00794B1A602A00083294401C60774B0022F6
:10290C001A60774881460260764B774A002118009E
:10291C00029302F003FF754B734A002107931800D2
:10292C0002F0FCFE0298FEF7A9FB0798FEF7A6FB47
:10293C004A46029810600598543004F0C8F948468D
:10294C0002686B4B0021D150FA20800001F0B6F9DF
:10295C00684A9146100004F0D7FB012001F0AEF953
:10296C0004F032FB484604F0CFFBFA20800001F063
:10297C00A5F9FA200021000101F098FD069B5B19D6
:10298C00DB005D4A944663441F211960424612687D
:10299C00039802434046026019605B463360336023
:1029AC0053461B68049E33435246136000239846DB
:1029BC0002260CE0514804F08AF90A20FFF7C2FB0A
:1029CC007DE64F4804F083F97FE6FEF7F5FD3C4BBE
:1029DC005B682342F9D1FEF725FE2B0008339B00E0
:1029EC00374A9B58002B09DB464A964200D98DE0AA
:1029FC003B4A1268B1008B500136E8E7384A106840
:102A0C00DB43424692001350434601339B000022A5
:102A1C001A50374BC2580132C250B11CC2583A4BF3
:102A2C00C3589A4202D0B0460E00D0E704F0B7FA71
:102A3C0004F0BFFA2A4B1A682A4B9A4210D0294E3E
:102A4C00274B1E60FA231B02F0181C22002102F0F7
:102A5C0065FE3000FEF712FB002398460226B6E70F
:102A6C00224EEDE7C0D40100404B4C000000044066
:102A7C00F493002080842E4134940020C0E1644BF8
:102A8C004894002000002E402C2130509D06002040
:102A9C0000003050D08600201FFCFFFF1FFCFFE31E
:102AAC00C0020004FFFF0AFEFFFF00C01F7CF0E322
:102ABC00D0103050002030502C212050E506002042
:102ACC000000205000870020FF7FF0FFFFFFFFE099
:102ADC000000F101D0102050002020505CB40220E6
:102AEC00ACBF0020B0BF00201CFA0000CCB9012004
:102AFC0008FA0000111F0020D80020507C93002001
:102B0C0018940020FBF9000004FA00000E4E306807
:102B1C0004F045FA04F04DFA32680C4B9A4210D08E
:102B2C000A4E094B1E60FA231B02F0181C220021CE
:102B3C0002F0F4FD3000FEF7A1FA002398460226BD
:102B4C0045E7034EEDE7C046ACBF0020B0BF002008
:102B5C00CCB90120F8B5CE46474680B5D0231B062C
:102B6C001F68214BBA00D35898467B00DB191B0118
:102B7C001E4A944663449946002627E0EB4012E037
:102B8C0024090135002C20D033000833AB421CD96A
:102B9C000F23190021402342F2D0154BBA00D35811
:102BAC00202DEBD40023DB07EAD407222A40920025
:102BBC00EB08080090403C339B000E4A985043466B
:102BCC00002BDDD02800C047DAE708361D2E06D8CA
:102BDC00F30808339B004A469C583500D2E7C0BC2A
:102BEC00B946B046F8BDC04660BF00200041014068
:102BFC00A8C502200040014010B5944607220240AF
:102C0C009200C008914002003C329200094C1151D4
:102C1C0080001B186246002A05D08022920194463F
:102C2C006344196010BDC02292019446634419603C
:102C3C00F8E7C0460040014010B58300084A9A18D6
:102C4C00126840245440C0222240064CA4466344DF
:102C5C001A60C000044B9C466044416010BDC046E5
:102C6C0004C0014004D001400040014080000B4BE7
:102C7C009C46604400290ED00823002A00D0042270
:102C8C001343026853400C22134080225201944695
:102C9C006044036070470023EFE7C04604C0014066
:102CAC0070B505000E00141E04D00D2000F0EEF9D6
:102CBC0000280ED0D0231B061A6853009B181B014A
:102CCC00074A94466344220031002800FFF794FF22
:102CDC0070BD044B044A0548BD2103F083FEC04679
:102CEC00004101402096002064A100204C96002059
:102CFC0070B50400D0231B061D680D4BAA00D358D9
:102D0C00002B0AD0002803D0094BAD00EC5070BD4D
:102D1C0008490D2000F000FBF6E70028F7D0044B23
:102D2C00AD00E850034900220D2000F0E9F9EEE770
:102D3C0060BF002069290020F8B505000E001400C2
:102D4C001F00002A0BD1220031002800FFF7A8FF3A
:102D5C00002C08D001210D2000F086F9F8BD1800D8
:102D6C00FFF7C6FFEFE73800FFF7C2FFF6E70000FA
:102D7C00002906D08000064B9C466044402303602B
:102D8C0070478000034B9C46604440230360F7E788
:102D9C0004E0014004F0014010B501238340D0222F
:102DAC001206936293610521FFF746FF10BD10B523
:102DBC001F21FFF741FF10BD0FB400B583B00848C9
:102DCC0003F085FF049B002B07D005A90191180087
:102DDC0003F08CFF034803F07AFF012003F0B8FDE9
:102DEC0094960020C49D0020EFF3108072B6034B24
:102DFC001B68002BFBD0BFF35F8F70472C0100D0FA
:102E0C00BFF35F8F024B00221A6080F3108870476B
:102E1C002C0100D0CB08C25C07230B40012098404A
:102E2C001040431E9841C0B2704770B505000C00AD
:102E3C001600FFF7D9FFE308EA189446E95C07226D
:102E4C002240012393400B4206D1DBB20B43624676
:102E5C001370FFF7D5FF70BD21003000FFF7ACFFFA
:102E6C00F0B583B00500019114001E00FFF7BCFF04
:102E7C0000E00134B4420CD8E308EF18EB5C0721F6
:102E8C00214001228A401A42F3D1D2B21A433A703D
:102E9C0001E001246442FFF7B3FF002C02DB2000A9
:102EAC0003B0F0BD019B002BF9D00898FFF784FF0D
:102EBC0070B505000C00FFF797FFE308EA1894467D
:102ECC00EA5C0721214001238B40134205D09A4331
:102EDC0063461A70FFF794FF70BD034B034A044816
:102EEC00332103F07FFDC046A49600207CA1002076
:102EFC00C4960020054A1078431CDBB21370172BC4
:102F0C0002D9130010221A707047C04644A4002046
:102F1C00002307E0054A9A189200BFF35F8F002147
:102F2C00116001331F2BF5D97047C04640000034A7
:102F3C00074B9B68103080001950BFF35F8FBFF3B5
:102F4C005F8F044B0021196082F310887047C046D4
:102F5C0000ED00E0240100D00048704700E400E0E0
:102F6C0010B5FFF7F9FF002302E0034A04C0013358
:102F7C00072BFAD910BDC0468080808010B503881D
:102F8C00DA0A1C2A05D15B055B1502335B00C018FD
:102F9C0010BD034B034A34210348FF3103F022FDDB
:102FAC000C970020D8A100202497002010B5091AF6
:102FBC000B1F0A4A88180A4A904208D8C90706D437
:102FCC005B105B055B0D0748184380B210BD064BC8
:102FDC00064A26210648FF3103F004FDFC070000D9
:102FEC00FE0F000000E0FFFF6C970020CCA100203A
:102FFC002497002010B5091A04394A08090B08D186
:10300C004905490D064B0B430380064B1343438084
:10301C0010BD054B054A2E210548FF3103F0E2FC9B
:10302C0000F0FFFF00F8FFFF9C970020A8A10020F4
:10303C002497002001238340034A10681840431E44
:10304C009841C0B27047C04600E100E0002A05D0AC
:10305C00044BC0225200995019607047014A8023DA
:10306C00D150FAE700E100E010B50A001F2303403D
:10307C00012199404009FFF7E9FF10BD024B9B6805
:10308C0010308000C058704700ED00E010B5FFF71D
:10309C00F5FF002803D0034B984201D0012010BD4E
:1030AC000020FCE7C101001070B505000E00EFF325
:1030BC00108472B60D4B1B68002BFBD0BFF35F8FD7
:1030CC002800FFF7DBFF0A4B984201D0B04205D134
:1030DC00220031002800FFF72BFF70BD054B064A7C
:1030EC0082210648490003F07DFCC046240100D033
:1030FC00C1010010AC97002000A2002024970020F2
:10310C00F0B5DE4657464E464546E0B589B0814699
:10311C0001911500EFF3108372B69A466E4B1B6843
:10312C00002BFBD0BFF35F8F6C4B00269E57002EFD
:10313C0040DB7400A419A400694823189B4606229E
:10314C009A56664B1A70674B9A684B4610339B0025
:10315C00D7583B1A2F2B3BD9634B9F4231D105AF2C
:10316C00624B3B80624973000293981980005C4C5F
:10317C0000190230FFF71AFF78805E4BBB80FF23EB
:10318C00BB71FD71019A0792029B9B199B00E3187E
:10319C0007CF07C301275B463B431F00524639004C
:1031AC004846FFF7C5FE09B0F0BCBB46B246A9467F
:1031BC00A046F0BD504B514A94215148FF3103F0C9
:1031CC0011FC504B4D4ACD214D48490003F00AFCEF
:1031DC0001233A009A439046101A0C2101F02AFB65
:1031EC0000290FD143460024DA79AA4212D90621CC
:1031FC00595600290DDB4A005218920038491C0020
:10320C008B18F1E7404B3D4AAC213D48FF3103F0B0
:10321C00E9FB1C00002C2DD005AB3C4A1A80813AEE
:10322C005A800623E3569846002B16DA384804AB2E
:10323C00188142469A72DD72019B0793201D5946F4
:10324C00FFF7B4FEA080A671254B72009219920074
:10325C009B1805AA13CA13C3A0E7201DFFF78EFE07
:10326C0001007000801980001D4BC0180430FFF75E
:10327C009DFEDCE705AF1D4B3B801D49730002939F
:10328C009B199B00164C1800A44660440390023016
:10329C00FFF78CFE7880039A101D4146FFF786FEDF
:1032AC00B8801C4B4246121B524153431B0DBB7141
:1032BC00FD7101990791029B9B199B00A4466344E5
:1032CC0007CF07C3114B42461380813B5380012724
:1032DC005B463B431F0061E7240100D0D4C90220A8
:1032EC0048A4002000ED00E0C101001000A1FFFF88
:1032FC0078A4002001BDFFFFE4970020E8A1002086
:10330C00249700200C9800203498002001480000DD
:10331C0001BD0000AAAA0000F0B5CE46474680B514
:10332C0083B080460C00EFF3108772B64E4B1B68CF
:10333C00002BFBD0BFF35F8F4C4B9A684546103582
:10334C00AB00D6584A4B9E4207D0A64200D189E02A
:10335C000196484BF31A2F2B09D93A0031004046FD
:10336C00FFF7E6FD03B0C0BCB946B046F0BD404621
:10337C00FFF760FE814600214046FFF775FEBFF364
:10338C005F8FEFF30581002901D08D4211D101230C
:10339C00019D9D430020AB689C4211D00622AA5689
:1033AC00002A0CDB53009B189B00324A2800D518CE
:1033BC00F1E7314B314A3248324903F013FB280014
:1033CC009C4249D106242C57002C2BDB294B620044
:1033DC00121992009B189A68AA60DA79EA719B79A3
:1033EC005BB2AB71002B0FDA2748A880214B62002F
:1033FC00121992009B18254A11789971147049463C
:10340C004046FFF731FEA8E7600000198000194B19
:10341C00C0180430FFF7B2FD01002B1D1800FFF798
:10342C00C5FDE2E7002912D100280ED0FF238371DD
:10343C00174B838015490B78AB710E4A154BAD1A9F
:10344C006D416B431B0D0B70D9E7094EF2E7124926
:10345C00281DFFF7CFFDD2E7104B084A084810494A
:10346C0003F0C0FA024E78E7240100D000ED00E032
:10347C00C101001048A40020B8980020B8A1002079
:10348C00249700201902000001BD0000D4C90220BD
:10349C0001BDFFFFAAAA000082A40020EC98002026
:1034AC005B02000070B5012202432D4BD31A2F2B67
:1034BC0029D8EFF30583002B2BD0EFF3108172B6D4
:1034CC008C46284909680029FBD0BFF35F8F244C38
:1034DC00254905002D1B6D416943090D4CB223494B
:1034EC0089689B00C958914219D00021032930D812
:1034FC001B4B4A00521892009B189B795BB2A3425B
:10350C001DD00131F2E71A4B1A4A1B481B4903F034
:10351C0069FA1B4B174A18481A4903F063FA134A05
:10352C0092681949D150194B1A7882711C70BFF3EB
:10353C005F8F0C4B00221A608CF3108870BD084B07
:10354C004A005518AD005D19FF26AE71104AAA80CD
:10355C00E9E7104B074A08480F4903F043FAC04605
:10356C0048A40020240100D0AAAA000000ED00E02D
:10357C00F49800208CA100202497002096020000D3
:10358C001C99002099020000C1010010D4C902202E
:10359C0001BDFFFF28990020AA020000024B9C46A7
:1035AC0061448900016070474000003410B504008C
:1035BC00FFF7A0FC01002000FFF7F0FFFF232371B1
:1035CC00BFF35F8F10BD10B50400FFF793FC010033
:1035DC002000FFF7E3FFFF23237100236371BFF388
:1035EC005F8F10BD10B50D4C09E00D4B0D4A0E4808
:1035FC001A2103F0F7F92000FFF7D8FF08340B4B22
:10360C009C4209D22368002BF5D0012BEDD1200070
:10361C00FFF7D9FF0834F2E710BDC04608AB002015
:10362C003099002040A200205099002018AB0020B7
:10363C0030B5836A9C46D41A0B1D9B001B586546FB
:10364C005B1B9C4204D3046A01238B40234202D1AE
:10365C00043189000A5030BD000408437047000053
:10366C000A4B1968EFF3108372B60A68002AFCD073
:10367C00BFF35F8F054A1268BFF35F8F00211160A3
:10368C0083F3108840BF002000217047B8C7022088
:10369C00F0B5DE4657464E464546E0B583B0EFF3EF
:1036AC00058303221A4011000192AF4B9200D358AC
:1036BC0098461B788B4207D10123019A93400093C3
:1036CC00AA4B009A1A601FE1A94BAA4AAA489C214E
:1036DC0003F088F943465A694B465B004B44DB00C8
:1036EC0093469B445B469E68DF68A44800F0BAFB97
:1036FC00801BB941002900DA10E1002F61DB5B4629
:10370C001C699F4B9C4247D043460820185E5B4681
:10371C00598889B2FFF7A0FF5B465969A04704009E
:10372C000D0023002B434CD0002D3EDA3000390025
:10373C00001BA9415B469860D96000241C5F002CDB
:10374C0000DAEBE043465A69924663001B19DB0032
:10375C0053449A68DB6805000E00AD1A9E41002E9A
:10376C0000DADBE043461C8147460837BC46002C98
:10377C0021DB634600229B5E5D00ED18ED00554495
:10378C00AA68EB6806000F00B61A9F41002F12DBE7
:10379C00AC460023EC5EEAE75B465C6923692000DB
:1037AC00984700280DD030CCBBE7744800F05AFB8A
:1037BC0000196941BEE75B461C804B46624613808C
:1037CC00ACE05B4600229B5E424613811269EFF32C
:1037DC00108372B611680029FCD0BFF35F8F42468C
:1037EC000221525E59460A8042464946518012696E
:1037FC00BFF35F8F0021116083F310888EE0434686
:10380C001969EFF3108372B60A68002AFCD0BFF373
:10381C005F8F4246928812B2914601225242414633
:10382C008A800A69BFF35F8F0021116083F31088CF
:10383C001CE09B4600229A5E002A0EDB5B460021B0
:10384C00595E4B005B18DB0053449868D96826001E
:10385C002F00361A8F41002FEBDA4B4659460B805E
:10386C00634600215B5E994663461A804B46002BEB
:10387C005ADB43465A6992464B465B004B44DB008D
:10388C009C46D44463469C68DD6846460836B3467D
:10389C00434608229A5ECFE7002342469371414685
:1038AC00083143460820185E11E001225242D3171A
:1038BC00A260E360434608229B5E834206D00D80E3
:1038CC00434608229B5E2380434618812800431CF4
:1038DC002ED043465A6943001B18DB00D418D55E22
:1038EC0063881BB2002BE0DB2100EFE722002B00EA
:1038FC0001992248FFF79CFE204800F0B3FA241AE5
:10390C008D41002D28DC25D01C4B009A5A63434670
:10391C0008229B5E9946002B00DBDBE643469B8826
:10392C001BB2002B00DB6AE743469B79002BB3D11B
:10393C00434608229A5E002A0EDB4346596953001F
:10394C009B18DB00CB189C68DD68631CCED16B1C0C
:10395C00D2D0CBE7002CD7D040BF03B0F0BCBB46D5
:10396C00B246A946A046F0BD98C502203C70054061
:10397C00E49900206CA20020109A00200040054021
:10398C00A534002070B504000D0011000126AE40D6
:10399C0006622800FFF788FB01212800FFF764FB73
:1039AC00024B9C466444266070BDC0463820000023
:1039BC00F8B504000F0016001D00C160FFF79AFA5D
:1039CC00124B9C466044800020612670ABB2638130
:1039DC00D022120612786270012252422281A280F9
:1039EC009B186380002306E0581E61695A00D218A8
:1039FC00D20088520133AB42F6D3054BB200D450FF
:103A0C00044A31003800FFF7BDFFF8BD4000003418
:103A1C0098C50220A534002010B5064B1B69002B5D
:103A2C0001D0044810BD044B044A0548652102F03E
:103A3C00D9FFC04698A40020509A002054A2002020
:103A4C00109A0020F8B504000569EFF3108072B6E7
:103A5C0029680029FCD0BFF35F8F0221665E65697F
:103A6C0071008919C9006D18002E02DB0027E95F6F
:103A7C0061802169BFF35F8F00270F6080F310888E
:103A8C00002E2CDB0699296107996961AA60EB600D
:103A9C006B8801335B04590C002B00D10121698028
:103AAC003000FFF7D9FD2169EFF3108372B60A6875
:103ABC00002AFCD0BFF35F8FA2882A80A6802269DF
:103ACC00BFF35F8F0021116083F31088E3682178C6
:103ADC0001228A4003498C4663441A60F8BD0120D8
:103AEC004042FBE73C20000070B582B00600140099
:103AFC001D0008AB1B78002B07D100F0E3F9220066
:103B0C002B00121A8B41002B0ADB079B0193069B9F
:103B1C00009322002B003000FFF794FF02B070BD21
:103B2C000020FBE7F0B5C64600B584B080460F0018
:103B3C0016001D000AAB1C78FFF76EFF029401956E
:103B4C00009642463B00FFF7CFFF04B080BCB8465E
:103B5C00F0BD000030B504000A1443899A4230DAF3
:103B6C00406953009B18DB00C31822699446EFF39D
:103B7C00108272B6604600680028FBD0BFF35F8FDE
:103B8C00588885B20904090C884212D00020236998
:103B9C00BFF35F8F0021196082F31088002811D0C9
:103BAC00E368217801228A4007498C4663441A60F5
:103BBC0008E00649294389B259800123A3710120E9
:103BCC00E5E7002030BDC0463C2000000080FFFF30
:103BDC0010B50400FFF720FF2100FFF7BBFF10BD5D
:103BEC00F0B583B006000F00EFF30583002B1AD15C
:103BFC0006246442E517A4197D418D4202D803D1F5
:103C0C00844201D90024002500F05CF922002B002D
:103C1C00121A8B41002B0BDC08D03000390000F05D
:103C2C0079F903B0F0BD1648FFF7C6F8002AF4D0B6
:103C3C00144A0023009320002900FFF773FF00288B
:103C4C0013DAEAE7104B1968EFF3108372B60A68BF
:103C5C00002AFCD0BFF35F8F0B4A1268BFF35F8F53
:103C6C000021116083F3108820BF084B5B6A9D42D2
:103C7C00E8D80649896AA142CFD29D42CDD1E1E76D
:103C8C00749A002075340020B8C70220004005400B
:103C9C0070B504000D0000F015F922002B0012186D
:103CAC004B411000191E02DBFFF79AFF70BD01207B
:103CBC0040420149F8E7C046FFFFFF7F10B5FA22EA
:103CCC0092000023002101F0F1FBFFF7E1FF10BD92
:103CDC00F0B5C64600B584B080460391EFF305837A
:103CEC00002B2BD1474B1A685B68824239D0FFF707
:103CFC0093FEC3681F00067842461400039A150011
:103D0C00180000F0AFF802000B00A41A9D4122002D
:103D1C00311D8900C959091A0020A84227DC24D07A
:103D2C0020BF039A384B5B6A9A424BD83649896A52
:103D3C0041454CD29A4243D0012044E00B00324A18
:103D4C00526A8A4209D33049896A884207D99A4211
:103D5C0001D0012037E0002035E0002033E00120C5
:103D6C0031E0039A9342C2D1DAE79142D8D9274A7B
:103D7C000023009345462800039C2100FFF7D2FE48
:103D8C00002826DD1F4B1D60039959600D001E4B4A
:103D9C005B6A994205D81C4A926A424502D2994202
:103DAC0000D120BFFFF714FF174B5B6A9D4224D84C
:103DBC00154A926A424522D29D421CD0012002E053
:103DCC00002000E0002004B080BCB846F0BD01200B
:103DDC00F9E70D4B5B6A9C4209D80B49896A41454E
:103DEC0007D29C4201D00120EDE70020EBE7002038
:103DFC00E9E70120E7E70020E5E70020E3E7012001
:103E0C00E1E7C04690A40020004005407534002036
:103E1C00004870470040054010B50B4B1B69002B48
:103E2C0004D00A480A21FFF7B9FB10BDFFF7F0FFD9
:103E3C000400032100F00CF8034810230322210096
:103E4C00FFF7B6FDEDE7C04698A40020B8C70220E6
:103E5C0010B5024A0248FEF7E8FF10BDC49A0020D4
:103E6C0078BF00200200436A906A1900536A994295
:103E7C00FAD17047416A00E0416A9942FCD300E0F4
:103E8C00416A994202D1816A9142F9D3704770B567
:103E9C00060014001D00FFF7E5FF02000B001000E8
:103EAC00190022002B0012184B41994202D804D160
:103EBC00904202D901225242D3173000FFF7DAFFA9
:103ECC0070BD000010B50248FFF7CCFF10BDC04616
:103EDC000040054010B502000B000248FFF7D7FF69
:103EEC0010BDC0460040054010B5002905DB826AB4
:103EFC00836A9B1A8B42FBD310BD08000021FFF78D
:103F0C00E9FFF9E710B501000148FFF7EDFF10BD1F
:103F1C000040054010B502000B000248FFF7AAFF55
:103F2C0010BDC04600400540074B98420AD01623EE
:103F3C0001229A40054B1A60054B1B6811009943EE
:103F4C00FAD170471723F3E70080034000F00040DC
:103F5C0008C0004070B5046BE30701D4200070BDAD
:103F6C000B4BC3180B4A1A60436A826A9B019B185D
:103F7C009D02062000F036F9074900F05BFC0100B9
:103F8C00280000F057FC0021FFF7A4FFE6E7C0462D
:103F9C0030300000010300004E0E000070B504002C
:103FAC000E001500FFF7D6FFE16A33004B401900F5
:103FBC002B000B401900024BE3181960206370BDF5
:103FCC002C10000070B505000C00062000F00AF95A
:103FDC00C000210000F02EFC0130C60907D00E4BAA
:103FEC009E4215D8400834003F26064000E00124CC
:103FFC006C62AE62002200212800FFF7CFFF062082
:10400C0000F0F0F88000A101891900F013FC70BDDC
:10401C000026024CECE7C046FEFF0000FFFF00004C
:10402C0010B505394901013AD2000A43002B07D0DB
:10403C0002210A43012B01D0002102E0023100E0F1
:10404C00002111436E22FFF7A9FF10BD10B5002906
:10405C0000D010211022FFF7A1FF10BD002909D0BC
:10406C000A22064B9C46604443425841044B400094
:10407C00C252704780225200F3E7C0460080FCBF5A
:10408C00C0C9022070B504000D00062000F0AAF88B
:10409C0000281ED0104B9C421CD0162201239340AA
:1040AC000E4A13602000FFF73FFF00212000FFF7AE
:1040BC00D5FF29002000FFF785FFE26A70235A40E4
:1040CC000E331340064AA2181360064B23630323D6
:1040DC00A36470BD1722E1E70080034000E00040BC
:1040EC002C10000001030000F8B5CE46474680B501
:1040FC0005000E009046994644002418A400284B55
:10410C009C4664446368089A934200D262602F1FF5
:10411C00FFB2012F2ED980221201C0239B01E3187C
:10412C001A60204BAA00D158002907D0586900F01A
:10413C0081FB013043001B18033BFDD243465B015E
:10414C0022685340E022134080225201A2181360CF
:10415C00012F1AD980239B01E318802212011A60C7
:10416C00089B63600F4BAD004A46EA50C0BCB94691
:10417C00B046F8BD012ECED10322C0239B01E3181B
:10418C001A60A368DB07FCD5D8E7216871400323CC
:10419C000B401360A3680122B2401A42FAD0D9E74F
:1041AC000080004080BF002070B582B006000D007A
:1041BC0014001800069900F03DFB0300069A11024A
:1041CC000091220029003000FFF78EFF02B070BD75
:1041DC0010B582B0802464000094FFF785FF02B014
:1041EC0010BD0000014B8000C058704780BF0020FC
:1041FC00F0B583B007000D001400144E33000122FB
:10420C0001210520FFF7E4FF00942B003A00012167
:10421C000F4800F073F821006943380000F00AFBE6
:10422C0004000C4B002202210420FFF7D1FF2300D5
:10423C00002201210520FFF7CBFF330002220021D1
:10424C000620FFF7C5FF03B0F0BDC046006CDC02D2
:10425C0000800240001BB700F0B5DE4657464E46C4
:10426C004546E0B583B080468A4693460193A02329
:10427C005B0099462AE0013C002C1ED025007D43B2
:10428C002900300000F0D6FA4045F4D12900300066
:10429C0000F0D0FA0029EED1144B4A465343524653
:1042AC0013605B461F60019B1C60012003B0F0BCD7
:1042BC00BB46B246A946A046F0BD013F002F01D037
:1042CC003C00D9E701235B429C46E1444B460F2B53
:1042DC0009D9074E4B465E43064BF218064B9A42E1
:1042EC00F0D80727EAE70020E0E7C046001BB7003C
:1042FC00E02E0000508EF4FF50F80C00F0B5C646CE
:10430C0000B504000E0017001D00374800F092FAAB
:10431C008046364BFA18364B9A4239D80100380091
:10432C0000F088FA0200103A98235B009A4235D8C4
:10433C006B1E062B38D8069B013B062B34D83F0945
:10434C00474537D32D04069B1B031D432368002BC5
:10435C0036DB284B9C4244D00C2201239340264A46
:10436C001360264A1360264A1268190091430A1EEC
:10437C00F9D12660A060234BE31821321A60226821
:10438C00002AFCDAE56008221A6080BCB846F0BD51
:10439C001D4B1E4A1E48112102F024FB1D4B1B4ACB
:1043AC001B48192102F01EFB1B4B184A18481C21F4
:1043BC0002F018FB194B154A1548232102F012FB89
:1043CC0022683F231340B342C3D1A3681B051B0DC6
:1043DC008342BED1E368EE22D2021340AB42B8D185
:1043EC00D3E70D22B9E7C046001BB70080E84BD3DA
:1043FC0080F8A93200C0024000E0004000F000400C
:10440C0008C0004004300000E89A002090A2002070
:10441C00389B0020809B00209C9B0020E89B002068
:10442C00024B1A68024B5A607047C04688B402208F
:10443C000080054010B5174B8022D2051A60164B30
:10444C00164A1A6000290AD0154BE022D2041A60D1
:10445C00002809D1124B802212061A6010BD0D4B98
:10446C00E022D2041A60F3E743011B1A9B001818D0
:10447C0000010C4B186080235B04984202D3094B5B
:10448C00094A1A60FFF7CCFF054B8022D2051A604F
:10449C00E4E7C04600B0054008200140FCFF0100E5
:1044AC0000A0054088B40220FFFFFF0010B5034BAD
:1044BC00034ADA61FFF7BEFF10BDC046008005401D
:1044CC002131B76A024B8022D2051A607047C04670
:1044DC0000B0054010B503000C0010000B4A802101
:1044EC00C9051160002B0DD001221343084A09495C
:1044FC00D161094959401162546293620021FFF75E
:10450C0099FF10BD024B0022DA61F7E700B00540BD
:10451C0000800540D3C007B02D3FF84F024B986880
:10452C00431E9841C0B270470080054080239B0019
:10453C000B43014AD36270470080054010B501005F
:10454C0018231B8814221088984710BD10B5010041
:10455C0018231B8816221088984710BDF0B5C64644
:10456C0000B507000E0000250123984600E0013538
:10457C00B5420AD2AC003C192068FFF7DFFF20607F
:10458C000028F4D100239846F1E7404680BCB84699
:10459C00F0BD000070B505000C000348FFF7CEFF1E
:1045AC00030021002800984755420000074BAA221F
:1045BC0012011A608D225200DA60054B054A1A600E
:1045CC00024B5B68002BFBDA7047C0460040024090
:1045DC000060024000B0FA0010B5040001E008CC05
:1045EC009847024B9C42FAD310BDC04658AB0020F2
:1045FC007047000010B50248FFF7EEFF10BDC04633
:10460C0018AB002010B50248FFF7E6FF10BDC046FE
:10461C004CAB0020054B064A1A60064B064A1A6042
:10462C00064B1A68044B9343FAD1704700E00040E4
:10463C00BFCDFBFE00F00040FE7F3C0008C00040F8
:10464C00044BDB6C002B03D1034B8022D2021A608B
:10465C007047C046000011504C201150044B054AC5
:10466C001A60054B1B68DB43DB01FAD17047C0466F
:10467C0000F00040FFFFFF0108C00040034B402248
:10468C009A675A671A67DA667047C04600F00140AD
:10469C0010B5FEF73DFC10BD10B50C4C0C4BE41ADC
:1046AC00A4082200302C00D9302292000948084975
:1046BC0001F03AF804E0084A064BA100CA50013454
:1046CC002F2CF8D9034B054A936010BDC001001084
:1046DC000001001000000020C101001000ED00E0FE
:1046EC0070B50420FFF77EFD064900F0A3F8050025
:1046FC000024002C00DD70BDE0B22900FFF716FF8E
:10470C000134F6E740420F0030B583B0274B00224E
:10471C009A67FFF74BFF264B01221A60234B5B6C09
:10472C00012BFBD1234B03221A60204B9B6B012BDB
:10473C00FBD10133009304331F4A01211F48FFF7BB
:10474C00DDFD052300931E4A01211E48FFF7D6FD0F
:10475C001D4B002202210420FFF73AFD1B4D2B00BC
:10476C00002201210520FFF733FD194C2300002204
:10477C0000210720FFF72CFD230000220021082038
:10478C00FFF726FD8023DB0000932300002200218D
:10479C000920FFF709FD2B00002200210620FFF75E
:1047AC0017FDFFF79DFF03B030BDC04600800040F1
:1047BC003CB0004030B00040002F685900800240EF
:1047CC00008C864700C00240001BB700405973079D
:1047DC00006CDC0201480421014B1847B0A40020F6
:1047EC0071430020124A936F9B0815D29066D166D4
:1047FC00002905D0FFE7FFE7FFE7516F106F704707
:10480C0004B580210906C2175140002800D0C843C6
:10481C0002F034FF002104BDF0B5146E556E576FD5
:10482C00166FFFF7E3FF1466556657671667F0BD02
:10483C00000000D0114A936F9B0813D2106651668A
:10484C00002905D0FFE7FFE7FFE7516F106F7047B6
:10485C0004B5002801D00020C04302F00FFF002156
:10486C0004BDC046F0B5146E556E576F166FFFF74A
:10487C00E5FF1466556657671667F0BD000000D05B
:10488C0094464A4A926F9208624601D228E0C0468A
:10489C00F0B5464E346E756E776F366F00F020F8BB
:1048AC009446424A14665566576716676246F0BDD1
:1048BC0094463E4A926F9208624601D254E0C0463A
:1048CC00F0B53A4E346E756E776F366F00F04CF86B
:1048DC009446364A14665566576716676246F0BDAD
:1048EC00002B24DB11D000293EDA00B5C94340422D
:1048FC0000D1013100F038F8C943404200D10131F8
:10490C00DB43524200D1013300BD002AEBD1002819
:10491C0001D1002905D00020C90FC90701D1C0431E
:10492C00410800B502F0AAFE0022002300BD00B52C
:10493C0000290ADBDB43524200D1013300F014F8AA
:10494C00C943404200D1013100BDC943404200D1AE
:10495C000131DB43524200D1013300F005F8DB4357
:10496C00524200D1013300BD002923D1002B18D1B4
:10497C00002A0CD0BC460D4F38667A660021002305
:10498C00FFE7FFE7FFE77A6F386F6746704700284D
:10499C0001D00748010000B502F070FE0022002390
:1049AC0000BD02000B00002000217047000000D069
:1049BC00FFFFFFFF002B00D0BFE0130C28D1002A13
:1049CC00E7D080B4114F39667A66FFE7FFE730B461
:1049DC00040C7B6F396F1B0423433B667A66FFE73D
:1049EC00FFE7FFE7C04684B27B6F3D6F1B04234398
:1049FC003B667A66FFE7FFE7C04600232C042D0CCC
:104A0C007A6F386F00196941B0BC7047000000D054
:104A1C00F0B594460025140E01D112020835140F7E
:104A2C0001D112010435940F01D192000235D40F3B
:104A3C0001D152000135D40B0134254F7C66254C35
:104A4C003C660E0C93B2FFE7FFE7FFE73C6F664353
:104A5C00360C7703BE467343DF0B5B04C01AB941B7
:104A6C00130C7343DB18C91ACE086643360CB644D4
:104A7C0093B273431F0F1B01C01AB941130C73433C
:104A8C001F0B1B05C01AB941860D8F023E436643AE
:104A9C00360C092D24DB520A7243801A7703460A1E
:104AAC006643360C16235B1BDE40DF40BF196446A1
:104ABC006643821B7046043506330100D940A8407A
:104ACC00C01900D30131A24206D20023F0BD000070
:104ADC00000000D0FFFFFFFF121B0130F3D3F1E702
:104AEC0009277F1BFE406446A2B27243801A00D293
:104AFC000139220C7243130C1204821A99410B00D7
:104B0C007046043513370100F940A840801900D3D2
:104B1C000131002B02D1A2420AD2F0BD013000D3E8
:104B2C000131121BFAD2013BF8D1A24200D2F0BDE6
:104B3C00013000D30131121BF7E7F0B51C0C00D08B
:104B4C0080E00CB400251C0A04D11B02160E334362
:104B5C00120208351C0B04D11B01160F3343120132
:104B6C0004359C0B04D19B00960F33439200023505
:104B7C00DC0B02D192185B4101351C009718644183
:104B8C000134464F7C66464C3C660E0CFFE7FFE753
:104B9C00FFE7C0463C6F6643360C7703BE4697B2C0
:104BAC007743C01B00D20139C01B00D201399FB220
:104BBC007743C91BC91B170C77437E04FF0B801B63
:104BCC00B941CE086643360C0C2D33DBB644120BC0
:104BDC001F053A431B0B97B27743C01B00D2013918
:104BEC009FB27743C91B170C77433E043F0C801BC5
:104BFC00B941860D8F023E43664329277F1BFE4039
:104C0C000C3D7746AF40BF1930BCA2B2ABB2724379
:104C1C007343801A9941220C7243130C1204801AAC
:104C2C00994102000B000137001BA941F9D2781EF3
:104C3C000021F0BD0C277F1BFE4077467F0BAF4059
:104C4C00FF19E0E700245D1C07D0144F7D66396620
:104C5C00FFE7FFE7FFE7FFE73C6F95B29EB26543C6
:104C6C006643401BB141150C1E0C6543664336046C
:104C7C002F0C3E432D04401BB141994204D202003B
:104C8C000B0020000021F0BD01D19042F7D3801A17
:104C9C00994101349942F2D3F6E70000000000D0AC
:104CAC00FFFFFFFF48404140484018B41B4B5B6876
:104CBC00FC46019308BD04DF934D002018B4174B3C
:104CCC001B68FC46019308BD00DF9D4D00209446F7
:104CDC00134A926F920809D2624618B40F4BDB68E4
:104CEC00FC46019308BD0CDF555000200C4AF0B572
:104CFC00146E556E576F166F6246FFF7EEFF084A3B
:104D0C001466556657671667F0BD18B4034B9B685D
:104D1C00FC46019308BD08DFF94E0020B4C5022003
:104D2C00000000D0FFB550404240504059404B402D
:104D3C00594000E0FFB5154F4C00640D03D0BC4248
:104D4C0004D10C0314D80020090D09055C00640D76
:104D5C0003D0BC4204D11C030AD800221B0D1B0536
:104D6C0001264B4009D44B4003D58B4200D18242E3
:104D7C00FFBD9942FCD19042FFBD0B43DB180343AE
:104D8C001343F5D0C9434918FFBD0000FF070000CD
:104D9C0000B5FFF7CFFF804100BDC04600B5FFF75F
:104DAC00C9FF01D9002000BD012000BD00B5FFF7EF
:104DBC00B9FF01D9002000BD012000BD00B5FFF7EF
:104DCC00B1FF804100BD012040054A00121804D8F3
:104DDC005A00121801D800207047012070470000BB
:104DEC000021002805D17047C1174840401AFAD05D
:104DFC00C90713B5064B1B6898470CBC441CA24052
:104E0C001005120B0349091B09051943114310BD69
:104E1C00B4C602201F04000010B54C00620D8023A4
:104E2C00D218DB00D21A5B057E2A10DD9E3A13DA0B
:104E3C00CC170903490819435242D140640001348C
:104E4C001532202A05DAD0400843604310BD0020FB
:104E5C0010BD0846604310BDC80FC018013810BD06
:104E6C0018B4044B5B6AFC46019308BD24DF055261
:104E7C0000200000B4C5022070B513231C78012C4F
:104E8C0012D0012C12DC214B214A93642148FFF7EC
:104E9C0055FB214B186070BD1C491D4A9800815070
:104EAC0001331F2BF8D9ECE70023FAE71B48FFF777
:104EBC004DFB05001A48FFF749FB023803789B00AD
:104ECC007F2B09DD12488022290000F02DFC022CDA
:104EDC0008D0022CDADCD6E7124B134A13483421E3
:104EEC0001F080FD124B1A88B5231B029A4209D19E
:104EFC00104B1A88104B9A4204D1104B1A88104B45
:104F0C009A42E6D00020FDF757FFC046594D0020CD
:104F1C00B4C502204C330000B4C602205344000038
:104F2C0053460000049C00209CA20020489C0020BA
:104F3C0054380000D8380000494600009C38000066
:104F4C005946000007B56046002800D100BE018814
:104F5C000A0A0230DF2AFAD1C9B2820804D30288C5
:104F6C0040880004104300E00068024A505003904F
:104F7C0007BD0000B4C502200FB403BC0CBCF0B5D7
:104F8C000124E407634000E0F0B50C0DCF0F661E62
:104F9C003605891B640503D3C943404200D3013154
:104FAC00640D03D0661CF60A07D0E41B00207F00BA
:104FBC00791C89078912803C24031D0DDF0F6E1E9E
:104FCC0036059B1B6D0503D3DB43524200D30133E3
:104FDC006D0D03D06E1CF60A07D0ED1B00227F006E
:104FEC007B1C9B079B12803D2D032F1B661B58D4EB
:104FFC00A446202E46DA20371400BC401D00BD40CC
:10500C00F24033412A4380185941CB0F05D0C94394
:10501C00C043002264425041514162464D0D28D19B
:10502C000D0D07D100281FD0241940414941013AE8
:10503C000D0DF9D0640006D3013000D30131002CE2
:10504C0001D140084000013A0BD4941CE40A04D16D
:10505C0012051144DB071944F0BDD907204B194345
:10506C0000E0D9070020F0BD0029DDD1002CDBD1F8
:10507C00F0BD0132C6074008CD0728434908002E71
:10508C00E1D0D9E73C2E29DA203E40371400BC4051
:10509C0000D00124F24014431A00BB401C43D31728
:1050AC00ACE7AC46202F08DA20360400B4400D00E3
:1050BC00B540F84039412843A5E73C2F0CDA203F96
:1050CC0040360400B44000D00124F84004430800EA
:1050DC00B1400C43C117EAE710001900002494E713
:1050EC000000F07FF0B50C0D661E3605891BE60A34
:1050FC006405640D02D0651CED0A04D0002001216A
:10510C000905803C2403A4461C0D671E3F05DB1BD0
:10511C00E70A6405640D02D0651CED0A04D0002278
:10512C0001231B05803C24037740644497B484B26C
:10513C0096B27443070C7E43150C6F4380B26843E0
:10514C00361802D3012000043F183004350C001926
:10515C007D41844688B29AB250430C0C62431F0CBA
:10516C007C438EB27E43921902D301263604A419D5
:10517C001604170C3618674101BC81B29AB2514320
:10518C00040C62431B0C5C4380B25843121802D3CC
:10519C000120000424181004130C401863412D182E
:1051AC005E410020474106BC88B293B258430C0CB8
:1051BC006343120C544389B251435B1802D301214F
:1051CC000904641819041A0C091862416D18564127
:1051DC000020474118BCF902720D1143F0026A0D10
:1051EC001043ED020A0D03D16D1940414941013BB9
:1051FC00124E9B1B7600B3420ED26D0007D30130CA
:10520C00002671416646354301D1400840001B051C
:10521C00C918E4072144F0BD0BDA013306D1013083
:10522C0004D101314F0D01D04908F2E7E10700200C
:10523C00F0BD013631050020EBE70000FF03000054
:10524C00F0B51C0D671E3F05DB1BE70A6405640DFA
:10525C0002D0661CF60A04D0002201231B05803CF8
:10526C002403D0252D060026F6432E661E096E66F5
:10527C00CE0FF619B44649004F0D02D07E1CF60A2B
:10528C0003D000200021403F3F033E1BB600B44436
:10529C00013F7F05C91B49082E6F013676089C0219
:1052AC00950D25437543ED137543AD1301356D1005
:1052BC00F603761B0CB4CC02450D2C43A2B2B3B250
:1052CC005A43270C7B43350C6F43A4B26C431B1918
:1052DC0002D3012424043F191C041D0CA4187D4185
:1052EC0024196D41009A91B2ACB26143170C7C4306
:1052FC002B0C5F4392B25A43A41802D3012212041E
:10530C00BF182204230C52187B41019C6C431B19BF
:10531C00520ED9010A434401A01A81B2B2B25143D0
:10532C0003145A43360C734387B27743D617D219FA
:10533C0000277E4136049B191704160C7F185E411A
:10534C007316ED18F301002680337541A90F06D1B1
:10535C006400690AE8055B0A184309D22FE00422AD
:10536C00944480337541A90AA8059B0A184326D397
:10537C00404149412404009A019B0D005543641B94
:10538C004343E41A95B286B27543170C7E43030C63
:10539C005F4392B25A43B61802D301221204BF18CB
:1053AC003204330C52197B4152429C41002C02D4E2
:1053BC000022013051414008CA071043490802B08D
:1053CC006246D7079210084BD218084B9A4203D268
:1053DC0012058918C919F0BD0020002A01DC39001A
:1053EC00F0BD01331905F5E7FD030000FE070000D1
:1053FC00002200B5203200F004F8080000BD0000C7
:10540C0000220B150AD410B5944600F031F8141490
:10541C00013400DA0021CB17144C20470020002166
:10542C0070476244343A0CD40C2A07DA04009140D9
:10543C00904052422032D440214310BDD843D9432E
:10544C0010BD203207D40C469440524220321141F8
:10545C00D040204310BD0800C917203203D452425B
:10546C002032104110BD1800190010BD3752002019
:10547C000A0DCC0F531E1B05C91A520503D3C94381
:10548C00404200D30131520D03D0531CDB0A07D02C
:10549C00121B00206400611C89078912803A1203D8
:1054AC00014BD21A70470000FF03000051434343E5
:1054BC00C9188C46110C83B24B4310B4040C6143D5
:1054CC0092B280B2504362431C041B0C001910BCF6
:1054DC0059411304120CC01851416144704700002B
:1054EC0048404140484000239C46114B5B6818479C
:1054FC0000239C460E4B1B6818470E4A936F9B0863
:10550C0004D200239C460A4BDB681847F0B5146E96
:10551C00556E576F166FFFF7F4FF064A1466556603
:10552C0057671667F0BD00239C46014B9B681847D4
:10553C00B8C60220000000D0491A002808D108463D
:10554C0070470000C10FC90700D54042002817D092
:10555C00F44603B40B4B1B68984706BC81409E383D
:10556C004042803107D20B0607D04900490AC005DA
:10557C001043084360470130F8E7490A8902F5E710
:10558C0070470000B4C6022000239C46014B5B6AA6
:10559C0018470000B8C60220034BDB6FFC461847C7
:1055AC007CDFF15400200000B8C6022070B5132334
:1055BC001C782A48FEF7CAFF0500012C12D0012CDA
:1055CC000ADD2B00023B1B789B007F2B40DD24481F
:1055DC008022290000F0A8F82248FEF7AFFF224BEA
:1055EC00186070BD1E485422290000F09DF81F4B16
:1055FC001A881F4B9A421CD1A7239B011A881D4B5A
:10560C009A4216D11C4B1A881C4B9A4211D11C4B36
:10561C001A8894239B019A420BD11A4B1A881A4B65
:10562C009A4206D1194B1A68194B9A4201D115238B
:10563C0007E01848FDF7C0FB1749094A980081504C
:10564C0001331F2BF8D9144B054A1362D361B6E70B
:10565C00124B134A1348432101F0C4F9534600007E
:10566C00B8C602204C330000B4C60220EE2900005C
:10567C00C40F0000C20D0000962B0000C0B5000046
:10568C00182B0000CC2A000010B50000FC2C0000E8
:10569C0051ED8764C49D0020BD540020A09C0020C7
:1056AC00B0A20020D49C002007B56046002800D191
:1056BC0000BE01880A0A0230DF2AFAD1C9B2820878
:1056CC0004D3028840880004104300E00068024ABA
:1056DC005050039007BD0000B8C60220C30FDB0773
:1056EC0041000A0E07D0FF2A08D00909054A89187B
:1056FC001943400770471900002070470249C91828
:10570C00FAE70000000000380000F07F0148042197
:10571C00014B1847C0A4002071430020014B1B68AB
:10572C0018470000C0A40020014B5B68184700001C
:10573C00C0A400209A4200D288547047704710B51C
:10574C00002802D00B684968984710BD0100002062
:10575C0007E083001B185B00501C08601078C01811
:10576C0030380A681378303BDBB2092BF1D970471B
:10577C00F0B5D6464F464646C0B505000E001000A3
:10578C0091461F00099C0B9B0222110019408A466E
:10579C001A4234D1DB0716D50200B84637002E006A
:1057AC001FE0551C330041462020B84701342A0025
:1057BC000A9B9C42F5D33D0037004646099CB846EF
:1057CC0037002E000DE00200B0463E002F00099479
:1057DC00EEE7013C551C089B185D43463900B04769
:1057EC002A00002CF5D135003E0047465346002BCD
:1057FC0016D11000E0BCBA46B146A846F0BD020076
:10580C00B84637002E00ECE7541C3300290020204A
:10581C00B84722004B46D31A0A998B42F4D3E8E7D7
:10582C003B002F0035001E00F4E7F0B5CE4647468E
:10583C0080B585B006000F00904699460C9A0D9BDA
:10584C000EA909788C46109D119C129988071CD4BE
:10585C00002C0CD0C8070AD56046002802D10C30A9
:10586C00084204D0013C02E03020D0540133AB425A
:10587C0001D21F2BF8D9C80707D5A34205D21F2B7D
:10588C0003D83020D0540133F5E7C80612D54805AB
:10589C0005D4002B03D0AB4223D0A34221D00F98C8
:1058AC00102831D00F98022838D01F2B0AD830205E
:1058BC00D05401331F2B05D86046002834D02D203E
:1058CC00D054013303910294019300924B4642460B
:1058DC0039003000FFF74CFF05B0C0BCB946B046EC
:1058EC00F0BD581E012B17D00F9D102D0BD00300AF
:1058FC000F981028D6D18806D4D51F2BD2D8582073
:10590C00D0540133D1E7023B8806F1D41F2BEFD8DA
:10591C007820D0540133C8E70300C0E71F2BD1D83F
:10592C006030D0540133C0E7480703D52B20D05446
:10593C000133C7E70807C5D52020D0540133C1E790
:10594C00F0B5DE4657464E464546E0B593B0804628
:10595C00894692469B461CAB10CB1B7809931E9D27
:10596C00002C03D11023219A9A4321928023DB002F
:10597C00219E1E40219A1A4218D0002C22D00026BB
:10598C0014E0219A92061BD54121C918C9B20A39D3
:10599C00C9B2771C0AAB995529002000FEF74AFFC3
:1059AC00AC4210D31F2F0ED83E000400290020005B
:1059BC00FEF740FFCBB2092BE3D83033D9B2E8E77E
:1059CC006121E2E72700219B0693209B05931F9BF7
:1059DC0004930395099B029301970AAB00935B46D2
:1059EC00524649464046FFF720FF13B0F0BCBB4679
:1059FC00B246A946A046F0BDF0B5DE4657464E4627
:105A0C004546E0B595B08346089109920A931E9BD2
:105A1C0099461F9F20AB1B780B93229B9846239C87
:105A2C004B463B4303D11033269A9A43269280234C
:105A3C00DB00269D1D40269A1A4208D04B463B435C
:105A4C0039D000254E4623002C001D001FE04E4689
:105A5C0023002C001D001AE0269A920623D5412221
:105A6C00D218D2B20A3AD2B2631C9A460CAB1A556F
:105A7C0042462B0030003900FEF71AFFBD421CD8FD
:105A8C0013D053461F2B14D8544606000F00424621
:105A9C002B0030003900FEF70BFFD3B2092BDBD8FB
:105AAC003033DAB2E0E76122DAE7B045E9D956469D
:105ABC0004E0564602E0002600E05646269B06937C
:105ACC00259B0593249B0493434603930B9B0293C2
:105ADC0001960CAB00930A9B099A08995846FFF75C
:105AEC00A4FE15B0F0BCBB46B246A946A046F0BD1C
:105AFC00F0B5DE4657464E464546E0B595B0040037
:105B0C008A46934699461E9E1F9F32003B003000EA
:105B1C003900FFF758F9002800D0FBE0012252426F
:105B2C00D64B30003900FFF749F9002800D0F1E0DE
:105B3C0001225242D24B30003900FFF729F90028DC
:105B4C0000D0E7E00022002330003900FFF720F9F5
:105B5C00002800D0F3E0069607978023DB00229AFA
:105B6C001A401192229A1A4201D1062320930698C8
:105B7C00079902000B000A920B9303000A000243E0
:105B8C0000D1E8E0080D4005400DBE4DAC46604428
:105B9C00050007980203120B0020002108900991C0
:105BAC000893B94B134309932800FFF71DF9B74A23
:105BBC00B74BFFF7AAF8B74AB74BFFF77FF80A9035
:105BCC000B910022B54B08980999FFF76EF8B44A6F
:105BDC00B44BFFF79AF802000B000A980B99FFF7E9
:105BEC006DF8FFF719F980460890FFF7FDF8AE4AFB
:105BFC00AE4B0A900B91FFF788F80022AC4BFFF7E5
:105C0C005DF8FFF709F90500AA4AAB4B0A980B9906
:105C1C00FFF77BF80A900B912800FFF7E5F8A74AED
:105C2C00A74BFFF772F802000B000A980B99FFF7CD
:105C3C003CF802000B000A900B91FFF766F80E90EF
:105C4C000F912B009F4DAC466344002100220C9118
:105C5C000D921B050D9300230C930A980B990200CF
:105C6C000B00FFF72BF8129013910A9A0B9B002054
:105C7C008021C905FFF719F80A900B910022924B6D
:105C8C000E980F99FFF723F80022904BFFF716F8A8
:105C9C0002000B000E980F99FFF719F800228C4B9D
:105CAC00FFF70CF802000B000E980F99FFF70FF896
:105CBC0002000B000A980B99FFF700F802000B008A
:105CCC0012981399FFF703F800226F4BFEF7F6FFBB
:105CDC000C9A0D9BFFF719F802000B000A920B931C
:105CEC00069A079B0C900D91FFF768F800280AD0D4
:105CFC004346013B08930022744B0C980D99FEF718
:105D0C00E6FF0A900B91089B6333C62B49D80423FA
:105D1C001D0024E0229B0493219B0393209B029360
:105D2C00009601974B465A465146200000F004F964
:105D3C0015B0F0BCBB46B246A946A046F0BD00214A
:105D4C00002206910792069680231B069C46BC44B3
:105D5C006346079301E70023089304331D00229B3D
:105D6C001B052BD50A9A0B9B1900114311D0594ACC
:105D7C00594B06980799FFF719F8002800D1B1E0A4
:105D8C000022564B06980799FFF702F8002800D11D
:105D9C00A8E0209A089B9A4206DDD31A013B209377
:105DAC0004E005231D00DAE7002320938023DB00A9
:105DBC00229A1A43229200231D000893219A95429D
:105DCC0000D39BE0531B98460223229A1A400C9254
:105DDC00229A134203D0002D01D000239846089B31
:105DEC00002B07D00A9A0B9B06980799FEF76FFFBA
:105DFC00069007910022002330003900FEF7C8FFFF
:105E0C00002800D07DE0364B229A13400493434681
:105E1C000393209B0293069A079B009201934B4697
:105E2C005A465146200000F087F8002D00D17FE73C
:105E3C00229B9B0671D54527461C4B4602005146BA
:105E4C003800A0470898C317C2185A400523059379
:105E5C00013D0495002303930A330293C30F01936E
:105E6C0000924B46320051462000FFF769FD0C9B17
:105E7C00002B00D15CE70200219F56E0FFFFEF7F73
:105E8C00FFFFEFFF01FCFFFF0000F03FFB799F508D
:105E9C001344D33FB3C8608B288AC63F0000F83F39
:105EAC0061436F63A787D23F71A379094F930A406F
:105EBC000000E03F1655B5BBB16B0240EF39FAFE5E
:105ECC00422EE63FFF03000000002C40000024405F
:105EDC00000018402D431CEBE2361A3F80842E4103
:105EEC00FFF7FFFF209B002B00D167E7119B002BD6
:105EFC0000D163E7209B013B20935FE7002398468A
:105F0C0062E7069E079F3200390080200006844617
:105F1C0061440B000692079375E765278CE7561CC6
:105F2C004B4651462020A04732005B46D31ABB4259
:105F3C00F5D31000FCE6C046F0B5DE4657464E469B
:105F4C004546E0B595B081468A4693460A93209F14
:105F5C001E9A1F9B10001900FEF735FF002831D147
:105F6C0001225242BA4B1E981F99FEF711FF0028CE
:105F7C0037D101225242B74B1E981F99FEF71EFFD4
:105F8C0000283DD10022B44B1E981F99FEF716FF36
:105F9C0000284AD10022B14B1E981F99FEF7F8FE3B
:105FAC00002842D1002200231E981F99FEF7F0FE14
:105FBC0000284AD100230B93229B5B0500D4AFE051
:105FCC00002452E0229B0393219B02930323019311
:105FDC00A34B00930A9B5A4651464846FFF7C8FB11
:105FEC001FE1229B0393219B0293042301939D4B5E
:105FFC0000930A9B5A4651464846FFF7B9FB10E1FD
:10600C00229B5B070ED5984B042222990391219970
:10601C000291019200930A9B5A4651464846FFF75B
:10602C00A7FBFEE0914B0322EFE7229B0493219BFD
:10603C00039302971E9B1F9C009301940A9B5A4644
:10604C0051464846FFF754FDEBE01E9A1F9B00207B
:10605C000021FEF72AFE1E901F9101230B93ABE744
:10606C000CAB30221A55013F01341F2C01D8092FDB
:10607C00F6D81E981F99FEF7CFFE0500FEF7B4FE6A
:10608C0002000B001E981F99FEF70FFE784BFA00CA
:10609C009B180CCB08920993FEF737FE06900791DC
:1060AC00FEF7DEFE0600FEF79BFE02000B000698D4
:1060BC000799FEF7FAFD0690079100226D4BFEF74B
:1060CC007DFE00282ED001363000FEF789FE02003E
:1060DC000B0008980999FEF761FE002801D00135E4
:1060EC000026002F2CD12800FEF77EFE02000B00AC
:1060FC001E981F99FEF7D9FD06000F0000225D4B7C
:10610C00FEF746FE002846D100225A4B30003900DB
:10611C00FEF754FE00283ED1EB073CD501353AE0A2
:10612C0006274DE70022534B06980799FEF730FEE1
:10613C000028D6D1002E01D0F307D2D50136D0E7F6
:10614C00A8461F2C11D8013F0A213000FEF772FB24
:10615C00651C30310CAB19550A213000FEF76AFB77
:10616C00092E0ED906002C00EBE745461F2C0CD847
:10617C007B1E002F09D00CAA302111551F000134B1
:10618C00F4E72B0045461C00F0E71F2C03D80CABA2
:10619C002E221A5501341F2C10D80A212800FEF784
:1061AC0021FB661C30310CAB19550A212800FEF777
:1061BC0019FB051E01D03400EDE73400229B9B0730
:1061CC0019D4229BDB0716D5219B002B0ED00B9BE1
:1061DC00002B03D10C33229A134207D0219B013B95
:1061EC00219303E00CAB30221A550134219B9C42C5
:1061FC0001D21F2CF6D91F2C06D80B9B002B17D0C5
:10620C000CAB2D221A550134229B0393219B029334
:10621C0001940CAB00930A9B5A4651464846FFF733
:10622C00A7FA15B0F0BCBB46B246A946A046F0BDD5
:10623C00229B5B0704D50CAB2B221A550134E3E7E8
:10624C00229B1B07E0D50CAB20221A550134DBE74F
:10625C00FFFFEFFFFFFFEF7F65CDCD4165CDCDC1DA
:10626C00AC9D0020B09D0020A09D0020A89D00208A
:10627C0030A300200000E03FF0B5DE4657464E4606
:10628C004546E0B593B083468A4690461193002963
:10629C0000D11AE300255E46119B1878002800D126
:1062AC0016E3252809D06C1C43462A005146B047FA
:1062BC00119B013311932500EEE701331193002755
:1062CC0012E0202A25D0232A05D1102217430133AE
:1062DC001193012406E0002404E002221743013349
:1062EC0011930124002C1CD0119B1A782B2A0AD054
:1062FC00E7D92D2AF1D0302A11D12F3A1743013387
:10630C0011930124EEE70422174301331193012466
:10631C00E8E708221743013311930124E2E7002434
:10632C00E0E7119B1A781300303BDBB2092B15D92F
:10633C002A2A18D00B94119B1A782E2A23D0119B41
:10634C001A786C2A47D03CD9742A62D07A2A65D143
:10635C00802252001743013311935FE011A8FFF71D
:10636C00F5F90B90E7E71C9B1A1D1C921B68002B80
:10637C0004DB0B93119B01331193DCE702221743CF
:10638C005B420B93F6E78022D20017435A1C119202
:10639C005A781300303BDBB2092B0BD92A2ACED109
:1063AC001C9B1A1D1C921C68002C08DB119B0133D2
:1063BC001193C4E711A8FFF7C9F90400BFE7002443
:1063CC00F4E7682A17D06A2A28D180229200174352
:1063DC000133119322E0802252003A43591C11914F
:1063EC0059786C2901D0170018E0C022920017438D
:1063FC000233119312E080223A43591C11915978BF
:10640C00682901D0170009E0C02217430233119309
:10641C0004E080225200174301331193119B18782A
:10642C00652840D077D8462800D18BE01BD963284B
:10643C0031D102231A003A4091463B4200D1B0E1DF
:10644C0001241C9B1A1D1C926F1C187843462A00B1
:10645C005146B0474B46002B00D0A6E1119B0133AF
:10646C0011933D0018E7252809D16C1C43462A00DE
:10647C005146B047119B0133119325000CE7452879
:10648C0011D06C1C43462A005146B047119B013376
:10649C001193250000E763282BD858282BD06228AD
:1064AC0029D04728EDD1672801D0472802D1802375
:1064BC001B011F43452801D0472801D120231F432E
:1064CC001C9B0733072293431A0008321C92049733
:1064DC000B9A039202940CCB0092019343462A0030
:1064EC0051463000FFF704FB0500119B013311935B
:1064FC00D2E66428C5D178284DD0582800D17CE04C
:10650C006F2800D17CE0622800D17CE010239F43EF
:10651C00063B9C4641E0702800D1BCE10DD97328A4
:10652C0031D11C9B1A1D1C921B689B46002C00D061
:10653C006EE1012252425B464AE16728B3D01DD876
:10654C0066289ED1462800D11CE11C9B07330722EC
:10655C0093431A0008321C9204970B9A03920294EC
:10656C000CCB0092019343462A0051463000FFF7B2
:10657C00E3FC0500119B013311938DE66928BAD019
:10658C006F28B8D07DE7732800D27AE77528B2D08F
:10659C007828B0D075E710239C46582836D0692847
:1065AC0003D0642801D00C2297437A0501D501222F
:1065BC00974369282DD064282BD0BA0500D5A3E0C9
:1065CC00FA0500D5BBE07A0600D4CDE01C9A111D6B
:1065DC001C911168FF220A4005970B9B04930394AE
:1065EC006346029300230193009243462A005146CE
:1065FC003000FFF7A5F905002AE010239C46CCE7F4
:10660C0008239C46C9E702239C46C6E72022174371
:10661C00C5E7BA0520D4FA0551D47A0667D51C9A79
:10662C00111D1C911168FF220A40D017111841400E
:10663C0005970B9B0493039463460293D20F01922C
:10664C00009143462A0051463000FFF779F90500C6
:10665C00119B013311931FE61C9A073207218A43C1
:10666C00110008311C91116853689946DB170C9383
:10667C000D930C9A0D9B100048400E900D9B4946B3
:10668C004B400F930E980F990C9A0D9B801A9941C1
:10669C000E900F9108970B9B0793069463460493F7
:1066AC00002305934B46DA0F02920090019143466A
:1066BC002A0051463000FFF79FF90500C8E71C9AE5
:1066CC00111D1C911268D0171118414005970B9B96
:1066DC000493039463460293D20F019200914346B4
:1066EC002A0051463000FFF72BF90500B0E73A06B7
:1066FC0005D51C9A111D1C910023D25E95E71C9A9E
:10670C00111D1C91126890E71C9A073207218A43CD
:10671C00110008311C9108970B9B07930694634654
:10672C0004930023059302930CCA009201934346F1
:10673C002A0051463000FFF75FF9050088E71C9AE4
:10674C00111D1C9105970B9B0493039463460293B4
:10675C00002301931368009343462A0051463000EE
:10676C00FFF7EEF8050073E73A0606D51C9A111DE3
:10677C001C9112681204120C2EE71C9A111D1C910C
:10678C00126829E720231F43DFE6571C4346514676
:10679C002020B04723003A005C1C9D42F5D8150020
:1067AC004FE601232A000B9DF6E73A00B1460B9EFB
:1067BC0006E0571C434651462020C8472C003A009F
:1067CC00651CA642F5D817004E4647E601330A0071
:1067DC001978002902D0511E002AF7D15A469B1A6B
:1067EC008022D200390011408946174202D0A342C0
:1067FC0000D9230002221100394010913A4209D0ED
:10680C002A0025005F469B4633004E46994621E000
:10681C00220090E62A005546A24606E0541C434648
:10682C0029002020B0473B0022005F1C0B999942A5
:10683C00F4D85446AA463B0025005F469B463300DD
:10684C004E46994606E01D000137541C43465146FE
:10685C00C84722003878002804D0002EF4D06B1ED4
:10686C00002DF0D115005B464E46109A002A03D13C
:10687C00119B013311930FE52A000B9F06E0551C69
:10688C00434651462020B04723002A005C1C9F42FF
:10689C00F5D81500ECE721233B431C9A111D1C91E4
:1068AC00126805930823049303940833029300237E
:1068BC000193009243462A0051463000FFF740F8FE
:1068CC000500119B01331193E6E40B4B9B46E1E46D
:1068DC00B34645450DD343465A1E43465146002008
:1068EC00D847280013B0F0BCBB46B246A946A04618
:1068FC00F0BD2A00F1E7C046515500200EB400B59A
:10690C0084B0010005AA08CA0392012084460548F8
:10691C00009262465242FFF7AFFC04B008BC03B0D1
:10692C001847C0464955002000B585B08C4602A9D1
:10693C00029060464860012084460448009313008E
:10694C0062465242FFF798FC05B000BD535500203B
:10695C0000BEFDE77047000003000A4A1268002AD7
:10696C0008D0084A1068C318074A9A4206D3054A49
:10697C0013607047034A05491160F2E70120404259
:10698C00F7E7C04658B4022000000420D8C9022002
:10699C0010B5030008001100002B04D1034B0CCBE5
:1069AC0000F030F910BD01204042FBE788A2002026
:1069BC0010B5030008001400013B012B06D801237D
:1069CC000022210000F0D4F8200010BD012040422C
:1069DC00FBE701204042704701204042704710B550
:1069EC00FFF7B6FF10B582B084460C001900002AE0
:1069FC000AD0074B0748019200932300624600F02F
:106A0C0095F90120FFF7A4FF034B1A00F2E7C046EB
:106A1C00B89D0020C89D0020C49D002010B5EFF348
:106A2C000583002B00D000BEFDF7E4FD034C01E014
:106A3C0008CC9847024B9C42FAD310BD58AB0020AF
:106A4C0058AB002010B50300080011001B689847D4
:106A5C0010BD0000F8B507000D001600437D002B9B
:106A6C0002D0002400200CE0036811002800984795
:106A7C002BE03B7D0FE03B68144802219847601CDB
:106A8C000134B44213DA002CF3DD631EEB5C0D3BD6
:106A9C005A425341DBB22A5D0A2AF1D1002BEFD1C5
:106AAC00A042E8DA3B68211A28189847E3E7B0427D
:106ABC0003DA3B68311A28189847002E05DD013E91
:106ACC00AB5D0D3B5A4253413B75F8BD80A3002092
:106ADC0070B505000368002B16D00C4B1C6805E044
:106AEC00290004C92000FFF7B5FF2469002C09D048
:106AFC002368002BF9D0064B1B68002BF0D0A34267
:106B0C00F3D1EDE700232B6070BDC046E8B3022043
:106B1C0030B4022010B50B685A1C0A60CB181871DF
:106B2C00802A00D010BD0800FFF7D2FFFAE7000062
:106B3C0010B5FDF7C7F9074A002312184B41002B7B
:106B4C0003DB054801F0F6FA10BD01225242034B5B
:106B5C00F7E7C04640420F0010AB0020FFFFFF7F5D
:106B6C0010B5024801F000FB10BDC04610AB002070
:106B7C00F0B5CE46474680B583B080460D00160072
:106B8C001C00FFF7D5FF81466B1C05D0002C08D0EC
:106B9C00184F194B1C6807E0404601F087F80500B8
:106BAC00F4E7164FF5E72469002C16D02368002B68
:106BBC00F9D0134B1B68002B01D0A342F3D12A0050
:106BCC0041462000B847002EEDD06B46D91D0A2354
:106BDC000B7001222000B847E5E74B46002B05D18E
:106BEC00280003B0C0BCB946B046F0BDFFF7B8FFF3
:106BFC00F6E7C04669680020E8B302205968002017
:106C0C0030B40220F0B583B006000D0001921F00D5
:106C1C00154B1C6808E0A368002B04D02900300039
:106C2C00984700281EDC2469002C06D00F4B1B68EB
:106C3C00002BF0D0A342F6D1EDE70D4B5B6A9F42DF
:106C4C0009D80B49896A0198814209D29F4202D026
:106C5C000220404206E001200021FDF73BF9D7E776
:106C6C000220404203B0F0BDE8B3022030B4022051
:106C7C00004005400A4A136802E01A0010321B69F2
:106C8C00002B09D013688342F7D1002907D103697F
:106C9C0013600023036102E0002900D010607047EC
:106CAC00E8B3022010B5064B1C6800E02469002CE8
:106CBC0004D06368002BF9D09847F7E710BDC046A5
:106CCC00E8B3022010B500F045F9012010BD70B5F5
:106CDC00050000F0EBFF0400012301220100280055
:106CEC00FFF746FFFFF7DEFF200070BDF0B5A3B045
:106CFC0007000E00FFF71CFF050001AC00230193F9
:106D0C00094833003A002100FFF70EFE0600200070
:106D1C00FFF7DEFEFFF7C6FF002D02D1300023B0D7
:106D2C00F0BDFFF71DFFF9E7296900200FB400B58E
:106D3C0083B004A901C90191FFF7D8FF03B008BCC7
:106D4C0004B0184782B08C46144BC3185A425341B6
:106D5C00134A5B009B5E8B4205D06B46DA1D634683
:106D6C001370002115E06B46DA1D0D231370002102
:106D7C000029F2D183699B06FCD41378036001319E
:106D8C000132F5E783699B06FCD41378036001316B
:106D9C0001320029F6D002B07047C0460080FCBF1B
:106DAC00C0C9022082B000226B46D91D06E083695F
:106DBC00DB06FCD403680B7001320131002AF6D0DB
:106DCC006B46D87902B0704770B506000D000024F0
:106DDC0005E0315D034B1868FFF7B4FF0134AC429A
:106DEC00F7DB70BDC4C90220F8B506000D00002702
:106DFC0005E07C1CF719FFF7D5FF38702700AF4270
:106E0C0004DA0D4A10688269D206F2D50B4A126870
:106E1C00002A0AD0084A126850219163506B183925
:106E2C000140074B9C4662441160002F01D0380092
:106E3C00F8BD033FFBE7C046C4C9022070BF002069
:106E4C003410000010B5064B1B68002B06D0054A09
:106E5C00126800219163044A1068984710BDC0461F
:106E6C0070BF0020C4C9022074BF0020024B1A68F6
:106E7C0093691B07FCD47047C4C9022070B51E4B24
:106E8C001B681E4A934208D01422150000281FD0FC
:106E9C001B4B1B68002B03D070BD15221500F5E7AA
:106EAC00174B1860174B196017492800FCF7FCF8B2
:106EBC0001212800FCF7D8F80F4B1B6850229A636D
:106ECC00596B183A0A4011498C4663441A60E3E73F
:106EDC000B4A1268002ADFD000249C630021280092
:106EEC00FCF7C2F808492800FCF716FA044B1C60A2
:106EFC00044B1C60D0E7C046C4C90220008003408C
:106F0C0070BF002074BF0020596C002034100000AA
:106F1C0070B50C001D000D4B1860002A0BDA002D0B
:106F2C000EDA0A4B18682100FDF7ACF8084801216D
:106F3C00FFF7A0FE70BD02211000FBF77DFEEEE70F
:106F4C0002212800FBF778FEEBE7C046C4C90220FB
:106F5C00D0A4002010B5074B1B78074B1B78074BB0
:106F6C001B78E1210523042209030548FFF7D0FF14
:106F7C0010BDC046B8020010B4020010B0020010E0
:106F8C0000800340014B00225A60704750AE002035
:106F9C0003BD10B50400FDF735FBA04710BDD02391
:106FAC001B061B6D9B07FAD5D0231B06586540BFEB
:106FBC00704700E020BFD0231B061B6DDB07F9D503
:106FCC00D0231B06986D704710B5134B80225202CC
:106FDC001A60124B1B68DB03FBD50F20FCF72AF859
:106FEC00040000210F20FCF73FF80D4B00225A70D3
:106FFC000C4B802252021A60FFF7DBFF002804D1F1
:10700C0021000F20FCF730F810BD074B074A084849
:10701C009221FFF7E7FCC046042001400400014028
:10702C00A8BF0020043001409C9E0020C4A3002077
:10703C004C9E0020F0B587B004000D0016000F2008
:10704C00FBF7F8FF070000210F20FCF70DF80022DA
:10705C000092019201320292039604950594124B10
:10706C005A7000250CE0D0231B069B6DD0231B0609
:10707C001B6DDB07F7D440BF07E00135052D0DD89C
:10708C00AB006A469C58002CF0D02000FFF787FF1D
:10709C00FFF78FFF8442F0D00025EFE739000F2077
:1070AC00FBF7E2FF07B0F0BDA8BF002010B5844687
:1070BC000800930715D103239A438B1819000C3938
:1070CC000B4A926864460C6008246442A4469C44B3
:1070DC00644620600748043B18600748FFF7AAFF86
:1070EC0010BD064B064A07489A21FFF77BFCC046A9
:1070FC0000ED00E0A76D0020A56D0020A89E0020EB
:10710C00A0A300204C9E002010B5064B064A9342CB
:10711C0005D3190080221201FFF7C8FF10BD012111
:10712C004942F7E7000804200000042010B50400D1
:10713C0010220021FEF7F2FA80235B022360F82371
:10714C005B0263608023DB02A360C0231B03A3608C
:10715C00200010BD0120704770B506000C00150012
:10716C008B79002B1DD1FFF7F5FF00281CD00523D0
:10717C00E356002B01DBAB4219D130000D4B9C4682
:10718C006044000D0C4B8000C258217901238B40C8
:10719C00013BAB401A4201D1002070BD0920404296
:1071AC00FBE714204042F8E70B204042F5E70B20A8
:1071BC004042F2E70000E0AF58AE002070B5050089
:1071CC000C001600FFF7C8FF002822D1002205E0B2
:1071DC009919931912339B00595101322379934217
:1071EC0008D921685300CB5A802189018B42EFD3F7
:1071FC001900EEE701229A401300013B054A944620
:10720C0065442D0D044AAD00A958B3400B43AB5057
:10721C00300070BD0000E0AF58AE002010B50A0081
:10722C000C79202C19D8184B9C466044000D174B38
:10723C008000C1580123A340013B527952B2002A6D
:10724C0011DB2020001BD4B2844219D810009340CB
:10725C00194201D00120404210BD0D4B0D4A0E4881
:10726C004321FFF7BFFB2020001B002805DB1A0081
:10727C0082401142F0D00138F7E709204042EBE799
:10728C0001204042E8E7C0460000E0AF58AE0020C5
:10729C00C49E0020DCA30020F09E002010B5054BFE
:1072AC009C466044000D800041180348FBF700FE2B
:1072BC0010BDC0460000E0AF7CBF002010B582B00E
:1072CC00094BC418240DA400E31C0848084A00927A
:1072DC002200FBF7C5FD844202DC001B02B010BD8E
:1072EC0001204042FAE7C0460000E0AF7CBF00201E
:1072FC00389F002010B5054B9C466044000D800063
:10730C0041180348FBF786FD10BDC0460000E0AFF6
:10731C007CBF0020F8B505000E00FBF765FD0700EB
:10732C0031002800FFF77AFF041E04DA3800FBF75F
:10733C0067FD2000F8BD020031002800FFF73EFF7A
:10734C000400F3E710B50400FBF74EFD0A4BE318FD
:10735C001B0D0A4A9B0000219950002306E01F21B7
:10736C0019401A0012329200115101331F2BF6D919
:10737C00FBF746FD10BDC0460000E0AF58AE002044
:10738C00F0B5CE46474680B505000C00190007AB9A
:10739C0018781F2A4AD863001E19F600AE19370058
:1073AC00DC373F68B846CC363668B4461B19DB0070
:1073BC00C833EB181F4EB1464B448026B6021E60F4
:1073CC00002831D1002612E05301A02040051843BB
:1073DC0063001B19DB00EB181F00DC373860164804
:1073EC003043D8331860053905321F231A4005295C
:1073FC00EAD889065201114362001319DB00EB181D
:10740C001800DC3001600C493143D8331960434615
:10741C0003601219D200AD18CC3563462B600020E6
:10742C00C0BCB946B046F0BD1F26E0E7052040427F
:10743C00F6E7C0460430000080E00000F0B585B0EF
:10744C0004000D00170002680121A9408A43026064
:10745C00002B36D018686A005219D200A2181100FD
:10746C00C8310860986808310860586804390860A9
:10747C00DB68DC3213606A005319DB00D033E3188D
:10748C00802149018C4663448021090619601960EA
:10749C00164BAB40A360291D0123180088408021A6
:1074AC008901611808602800083083400B601F2395
:1074BC003B405219D200A418D8342360002005B0E8
:1074CC00F0BD6846FFF732FE00996B005B19DB00DC
:1074DC00E3181A00C8321160029908321160019940
:1074EC00043A1160039ADC331A60C4E7010101010C
:1074FC00074B98420AD0102301229A40054B1A6080
:10750C00054B1B6811009943FAD170471123F3E71F
:10751C000000044000F0004008C00040F8B5DE4612
:10752C0057464E464546E0B581460E000620FCF710
:10753C0059FE80464B465A6802231A4092464A46E8
:10754C0004329346224A4A441360022400E0023477
:10755C00FE2C1AD800252002320000230021FDF752
:10756C00A5FF002903D1A942F1D14045EFD98027CD
:10757C007F00012F0CD97D1E210069434046FDF789
:10758C0059F9B04204D82F00F3E780277F00F0E7C9
:10759C004B461C617A1E12021B685A40FF231B02C9
:1075AC001A4080235B014B441A605B468022920197
:1075BC009446634452461A60390061434046FDF7D5
:1075CC0039F9F0BCBB46B246A946A046F8BDC04648
:1075DC000430000070B504000D00164B984226D004
:1075EC00102201239340144A13602000FFF780FF00
:1075FC0029002000FFF792FF626802231A400F490E
:10760C0061180B60216807254D40CF21294080254A
:10761C006D01AC46A44465462960094961180A60AD
:10762C00084A94466444032222600B6070BD112208
:10763C00D7E7C0460000044000E0004004300000E2
:10764C0004200000242000000123084A1360084A8B
:10765C001360084B1A6801239343FAD1064B01229D
:10766C001A60054B1B68DB05FBD5704700E000403A
:10767C0000F0004008C0004000C004407047C04605
:10768C0010B5024800F000FB10BDC046E0AC002075
:10769C0010B5024800F0FAFA10BDC046E0AC00206C
:1076AC00F0B5C64600B50C228B5E80460C001A075E
:1076BC0054D48021626809011943A181002A00DC9D
:1076CC006DE0A56A002D45D0424640461668002262
:1076DC000260DB0468D400220123E169A8470200A0
:1076EC00431C00D16DE00C23E15EA56A490706D569
:1076FC006368D21A236B002B01D0E36BD21A0023E0
:10770C00E1694046A8470C23E15E431C4ED1434639
:10771C001A681D2A61D8324BD340DB075DD5314B3B
:10772C000B40A3810023636023692360C90403D544
:10773C0043461B68002B42D04346216B1E60002938
:10774C0008D023004033994202D0404600F036FB6B
:10775C0000232363002080BCB846F0BD0E69002EC8
:10776C00F8D00D680022AD1B0E609B0700D14A6952
:10777C00A260002D04DCEDE736182D1A002DE9DD92
:10778C002B0032004046E169676AB8470028F3DCF9
:10779C004022A38913430120A3814042DBE7E26B23
:1077AC00002A00DD8DE7D5E7226D9FE70D4B0B40DE
:1077BC00A3810023636023692360C904BCD52065C1
:1077CC00BAE743461B68002B00D18CE71D2B01D078
:1077DC00162BDDD143461E60BCE740230B43DAE792
:1077EC0001004020FFF7FFFF70B505000C000028DA
:1077FC0002D0436B002B27D00C22A35E002B11D0A0
:10780C00626ED20701D49B050ED528002100FFF72C
:10781C0047FF636E0500DB0702D4A3899B050FD5D8
:10782C00280070BD0025FBE7A06D00F02DFA2800A4
:10783C002100FFF735FF636E0500DB07F0D4ECE7A2
:10784C00A06D00F023FAEBE700F0F4F8D4E7C046A3
:10785C0070B5041E2AD0194B1D68002D02D06B6B1D
:10786C00002B17D00C22A35E002B11D0626ED20716
:10787C0001D49B0512D528002100FFF711FF636E80
:10788C000500DB0702D4A3899B050BD5280070BD2E
:10789C000025FBE7280000F0CDF8E3E7A06D00F031
:1078AC00F3F9E8E7A06D00F0F1F9EFE7044A0549B8
:1078BC00054800F0EBF80500E8E7C04604A90020F5
:1078CC00F8A80020FD75002008A9002010B5034A77
:1078DC000349044800F0DAF810BDC046F8A80020AF
:1078EC00A57D002008A9002041680B4B10B50400B1
:1078FC00994201D000F04CFBA168084B994202D090
:10790C00200000F045FBE168054B994202D02000B5
:10791C0000F03EFB10BDC04614AD00207CAD002035
:10792C00E4AD0020F0B53A4C3A4B3B4A200083B012
:10793C0000251A600423082200215C30E3602560D6
:10794C006560A560656625616561A561FDF7E6FE6C
:10795C002000324F324E334B334958300093236260
:10796C0001916162E461A762E66200F089F9CC23BF
:10797C00E5502E4B20006367802308220021C43081
:10798C00E550A566E5662567A567E567FDF7C6FEC4
:10799C002200842320006832E250009A01990433BB
:1079AC00E2500433E1500433E750C0300433E65066
:1079BC0000F066F9D0232000E5500433E550043381
:1079CC00E5501B4A5C33E550583BE2500433E5501C
:1079DC002D300433E550082204330021FF30E550EC
:1079EC00FDF79CFE2000EC23D030E0502000009AE4
:1079FC0001990433E2500433E15029300433E75049
:107A0C00FF300433E65000F03BF903B0F0BDC04644
:107A1C0014AD00204CAE0020E17600204D79002002
:107A2C0079790020E57800200D790020090001000B
:107A3C001200020070B50500094C200000F024F97A
:107A4C006B6B002B05D1074B6B63074B1B68002B33
:107A5C0003D0200000F01AF970BDFFF763FFF8E7C0
:107A6C00E4AC0020FD7600204CAE002010B502489E
:107A7C0000F00AF910BDC046E4AC002010B5024875
:107A8C0000F004F910BDC046E4AC0020F8B5474640
:107A9C00CE46884680B58146170000267D68013D9C
:107AAC000ED4BC68A389012B07D90E22A35E013327
:107ABC0003D021004846C04706436834013DF1D24B
:107ACC003F68002FEAD13000C0BCB946B046F8BDC3
:107ADC0070B50C000E25495F00F092F8002803DB0E
:107AEC00236D1B18236570BDA389024A1340A38123
:107AFC00F9E7C046FFEFFFFFF8B516001F000C2298
:107B0C008B5E05000C00DA050AD40A4A28001340E3
:107B1C00A38132000E23E15E3B0000F097F8F8BD24
:107B2C0000220E23C95E022300F056F80C22A35E3D
:107B3C00EBE7C046FFEFFFFF70B50C000E25495F69
:107B4C0000F04AF80C22A35E421C05D080225201A0
:107B5C0013432065A38170BD014A1340FAE7C04668
:107B6C00FFEFFFFF10B50E23C95E00F023F810BD28
:107B7C0030B50400032A18D90B0003439B070BD024
:107B8C000023013A02E09A4211D00133E05CCD5C53
:107B9C00A842F8D0401B0BE020680B689842EFD14C
:107BAC00043A04340431032AF6D8002AE8D1002020
:107BBC0030BDC046002370B5064C0500080023609C
:107BCC00FEF707FF431C00D070BD2368002BFBD0D1
:107BDC002B60F9E7ECB3022070B50500080011002A
:107BEC000022064C22601A00FEF7F6FE431C00D061
:107BFC0070BD2368002BFBD02B60F9E7ECB302209F
:107C0C0070B50500080011000022064C22601A0015
:107C1C00FEF7BEFE431C00D070BD2368002BFBD0CA
:107C2C002B60F9E7ECB30220002370B5064C05007D
:107C3C0008002360FEF790FE431C00D070BD236843
:107C4C00002BFBD02B60F9E7ECB3022070B50500DC
:107C5C00080011000022064C22601A00FEF7A8FE54
:107C6C00431C00D070BD2368002BFBD02B60F9E7C0
:107C7C00ECB30220014B18687047C04604A90020E1
:107C8C007047C0467047C0467047C0467047C046F4
:107C9C00802310B55B01082801D1180010BDFFF737
:107CAC00E9FF16230360173BF7E7C0460300844641
:107CBC009B070BD00300032102E001330B4206D0DB
:107CCC001A78002AF9D16246981A7047030019688D
:107CDC000C4A0D488A188A4302420FD15968094A46
:107CEC0004338A188A43024208D15968054A04337E
:107CFC008A188A430242F1D000E001331A78002A34
:107D0C00FBD1E0E7FFFEFEFE80808080F0B5C6462A
:107D1C00050000B5804608200C00FFF7B9FF0600EF
:107D2C002800FFF7ADFC224F3100BB685D680323D0
:107D3C009D4328001138001B8019FCF77BFD441E65
:107D4C007443A64207DC00214046FFF76DFFBB6879
:107D5C005B19984206D04046FFF79AFC002080BC85
:107D6C00B846F0BD40466142FFF75EFF01300DD0D2
:107D7C0001222D1BBB6815430E4A5D6013684046FB
:107D8C001B1B1360FFF784FC0120E8E70021404631
:107D9C00FFF74AFFBA68831A0F2BDCDD064C054946
:107DAC002468001B086001210B435360D3E7C046D5
:107DBC00F0A40020E8AC0020E8A40020F0B5C646F2
:107DCC000C00804600B5002940D0FFF759FC21007B
:107DDC0008394E68012533000320AB43CA1894467A
:107DEC005268824328003040070064488468644528
:107DFC0000D171E064466260A41864682C40002FC6
:107E0C0027D10E685E4F891B9B198E68BE4256D0D7
:107E1C00CF68F760BE60002C1DD062461D434D60DC
:107E2C0013608022920093422DD2DA085C09012360
:107E3C00A340446823434360D3001B189A68CB606B
:107E4C008A609960D1604046FFF722FC80BCB8463E
:107E5C00F0BD002C0FD19B18624601249268484D4E
:107E6C001C43CE18AA4259D06546ED68D560AA606D
:107E7C004C603360D5E7624635434D601360802219
:107E8C0092009342D1D35A0A042A3DD89A0914007D
:107E9C0039323834D60086193268083E03259642AA
:107EAC0003D14CE09268964203D05068A8439842A4
:107EBC00F8D8D668CE608A60B160D160C3E7002C78
:107ECC0033D1D218604663468068DB681543C360C3
:107EDC0098604D608A50B6E79A18002F06D10B684F
:107EEC00C91A8C68D218CB68E3609C6001231343D9
:107EFC004B60244B81601B689342A4D8224B4046B4
:107F0C001968FFF703FF9EE7142A13D9542A1DD8CA
:107F1C001A0B14006F326E34D600BCE7D16091603E
:107F2C00CA608A604C6033608DE762461D434D60C9
:107F3C00136088E714005C325B34D600ABE7012396
:107F4C00A410A340446823434360B3E7AA2464000D
:107F5C00A24205D8DA0B140078327734D6009AE7AF
:107F6C000A4CA24205D89A0C14007D327C34D600FF
:107F7C0091E7FE267E24B6008DE7C046F0A40020D3
:107F8C00F8A40020ECA4002010AD00205405000043
:107F9C0070B505000C1E42D0002802D0436B002B9C
:107FAC0049D0FFF763FD01210C22A35E626E0A42E9
:107FBC0031D19B0542D521002800FFF771FBE36A04
:107FCC000600002B04D02800E1699847002828DB24
:107FDC00A3891B062AD4216B002908D02300403327
:107FEC00994202D02800FFF7E9FE00232363616C5D
:107FFC00002904D02800FFF7E1FE0023636400236E
:10800C00A381636EDB0728D5A06DFFF73BFEFFF75E
:10801C0035FD300070BD002BCDD1FFF72FFD0026B4
:10802C00F7E70126A38976421B06D4D528002169DF
:10803C00FFF7C4FECFE7FFF7FDFCB2E7A06DFFF73B
:10804C0023FE0C22A35E002BB5D10122636E1342DA
:10805C00E3D1A06DFFF71AFEDFE7A06DFFF716FE68
:04806C00D2E7C04651
:10807000030002689446EFF3108272B6604600680F
:108080000028FBD0BFF35F8F0420185600280BDBBD
:10809000002910D0086000201B68BFF35F8F00210B
:1080A000196082F310887047D0210906097849B217
:1080B00019710120F0E70020EEE70000F8B5040098
:1080C00015001E000368002B20D0D0231B061B7850
:1080D0005BB21F002368EFF3108172B618680028A6
:1080E000FCD0BFF35F8F0423E356002B14DB23681F
:1080F000BFF35F8F00221A6081F3108828003100DF
:10810000FBF7E8FD0028E5D000200EE0074B084A09
:108110000848A621FEF768FC27712368BFF35F8F2C
:1081200000221A6081F310880120F8BD9899002080
:1081300028A200205099002070B582B006001500DA
:108140001C0001A9FFF794FF002807D1019B5BB237
:10815000D0221206127852B2934201D102B070BD01
:108160002A0023003000FFF7A9FFF7E710B50168E8
:10817000EFF3108372B60A68002AFCD0BFF35F8F5A
:1081800004228256002A0ADBFF2202710268BFF332
:108190005F8F0021116083F3108840BF10BD034B37
:1081A000034A0448D521FEF71FFCC046AC990020C5
:1081B0001CA200205099002070B50D0014001E0074
:1081C0001A0008E0002B06D0C168490703D5816872
:1081D0002170013B0134190011430DD0002AF1D068
:1081E000C1688907EED5110008319942EAD929788A
:1081F0008160013A0135E5E7300070BD10B50C0033
:108200001100002205E0C3689B07FCD5A35C8360D6
:1082100001328A42F7D300E08368C3685B07FBD46E
:10822000C368DB06FCD400E08368C3685B07FBD44B
:1082300001230362080010BD094B1B78002B08D0F6
:108240000CE09A00802149055118086805495050F2
:1082500001333F2BF5DD024B01221A707047C046F7
:10826000C8C9022060AE002010B5014B984710BD70
:1082700061AE0020002206E09300064959184968C3
:10828000C31859600132052AF6D9A0235B051B6883
:10829000036070470000024010B5002207E0930021
:1082A000C1184968054CA446634459600132052A47
:1082B000F5D90268A0235B051A6010BD00000240DA
:1082C000F0B5D6464F464646C0B588B081460A004E
:1082D0008A464A4480235B049A4238D818273B8850
:1082E000142630882049984704003B8830881F496D
:1082F000984705003B8830881D49984780463B8851
:1083000030881C4998470600002C26D0002D24D028
:108310004346002B21D000281FD0FFF78DFF01AF6F
:108320003800FFF7A7FFA047A8478022D8235202B2
:1083300051464846C047B047FFF796FF3800FFF761
:10834000ABFF08B0E0BCBA46B146A846F0BD0A4B48
:108350000A4A0B48D521FEF747FB0A4B074A084853
:10836000DD21FEF741FBC0464946000045580000AC
:10837000524500004643000014A0002018A400202D
:10838000C89F002040A00020F0B5DE4657464E466C
:108390004546E0B589B081468A4693464A448023E3
:1083A0005B049A4237D818273B8814263088204926
:1083B000984704003B8830881E49984705003B8851
:1083C00030881D49984780463B8830881B4998472C
:1083D0000600002C25D0002D23D04346002B20D0B2
:1083E00000281ED0FFF728FF01AF3800FFF742FF3B
:1083F000A047A8475A4651464846C047B047FFF7EE
:1084000033FF3800FFF748FF09B0F0BCBB46B24667
:10841000A946A046F0BD0A4B0A4A0B48F421FEF7D4
:10842000E3FA0A4B074A0848FC21FEF7DDFAC0468A
:1084300049460000455800005250000046430000E5
:1084400014A0002004A40020C89F0020A8A00020A1
:10845000F0B5D6464F464646C0B588B082460D00B8
:1084600014001826338814273888324998478146E3
:1084700033883888304998478046338838882F4970
:10848000984707004B46002B17D04346002B14D0CB
:10849000002812D0FFF7D0FE01A8FFF7EBFEC84777
:1084A000C047274B1A6880239B005340C02292008C
:1084B0001340244A1360210010E0234B234A2A2151
:1084C0002348FF31FEF790FA002B07D0002905D092
:1084D000C0235B051B6E2B700139013523000B4354
:1084E00014D0C0235B059A6A082313409207EBD58A
:1084F000002CE9D00A1B0D2AE6D856463078C02257
:1085000052051066013C721C9246DDE70C4B1A685E
:10851000C0239B0093430B4A1360B847FFF7A4FEA8
:1085200001A8FFF7B9FE08B0E0BCBA46B146A846BC
:10853000F0BDC046494600004558000046430000D3
:108540000C8001400C90014014A10020F4A30020F5
:10855000C89F0020AC940020B4940020D894002040
:10856000F49400200C9500202895002054950020BC
:1085700070950020A8950020E095002000000000E4
:108580006410B71DC8206E3BAC30D9269041DC7614
:10859000F4516B6B5861B24D3C7105502083B8EDBE
:1085A00044930FF0E8A3D6D68CB361CBB0C2649BE2
:1085B000D4D2D38678E20AA01CF2BDBD000E1C12F4
:1085C000111F0D030B0517191A14060816180A04B3
:1085D00007091B151D13010F0C02101E050B19179F
:1085E000141A08060E00121C1F11030D131D0F0193
:1085F000020C1E101816040A0907151B0A04161887
:108600001B150709010F1D13101E0C021C12000E72
:108610000D03111F17190B0506081A140F01131D5E
:108620001E10020C040A1816151B09071917050B52
:108630000806141A121C0E00030D1F11141A080646
:10864000050B19171F11030D0E00121C020C1E1032
:10865000131D0F010907151B1816040A111F0D031E
:10866000000E1C121A1406080B05171907091B1512
:1086700016180A040C02101E1D13010F1E10020C06
:108680000F01131D151B0907040A18160806141AF2
:108690001917050B030D1F11121C0E001B150709DE
:1086A0000A041618101E0C02010F1D130D03111FD2
:1086B0001C12000E06081A1417190B050000C1C081
:1086C00081C1400101C3C003800241C201C6C0068E
:1086D000800741C70005C1C581C4400401CCC00C5E
:1086E000800D41CD000FC1CF81CE400E000AC1CA1E
:1086F00081CB400B01C9C009800841C801D8C0180E
:10870000801941D9001BC1DB81DA401A001EC1DE8D
:1087100081DF401F01DDC01D801C41DC0014C1D47D
:1087200081D5401501D7C017801641D601D2C0129D
:10873000801341D30011C1D181D0401001F0C0306D
:10874000803141F10033C1F381F240320036C1F68D
:1087500081F7403701F5C035803441F4003CC1FC5D
:1087600081FD403D01FFC03F803E41FE01FAC03A1D
:10877000803B41FB0039C1F981F840380028C1E84D
:1087800081E9402901EBC02B802A41EA01EEC02E8D
:10879000802F41EF002DC1ED81EC402C01E4C0247D
:1087A000802541E50027C1E781E640260022C1E29D
:1087B00081E3402301E1C021802041E001A0C060AD
:1087C000806141A10063C1A381A240620066C1A68D
:1087D00081A7406701A5C065806441A4006CC1AC5D
:1087E00081AD406D01AFC06F806E41AE01AAC06A1D
:1087F000806B41AB0069C1A981A840680078C1B80D
:1088000081B9407901BBC07B807A41BA01BEC07E8C
:10881000807F41BF007DC1BD81BC407C01B4C0747C
:10882000807541B50077C1B781B640760072C1B29C
:1088300081B3407301B1C071807041B00050C190EC
:10884000819140510193C053805241920196C0568C
:10885000805741970055C19581944054019CC05C5C
:10886000805D419D005FC19F819E405E005AC19A1C
:10887000819B405B0199C059805841980188C0484C
:1088800080494189004BC18B818A404A004EC18E8C
:10889000818F404F018DC04D804C418C0044C1847C
:1088A000818540450187C047804641860182C0429C
:1088B000804341830041C181818040404F4B484902
:1088C000D886002014FF000081E000E042BF42BFD4
:1088D00042BF42BFF0A042608600F0A04260860026
:1088E000F0A042608600F0A04260860001E0130024
:1088F0000887002020FF00002BA0A120212042A1FA
:1089000045000140F0A04260750042A3C4004C0045
:108910000140F0A042607500C300C300C300C30063
:108920000B000080C1A000803FE0F0A0426080000A
:108930005900CBA00080A2200D0A65787465726E84
:10894000616C204553502D52455345542064657445
:108950006563746564210D0A7265626F6F74696E78
:108960006720696E20353020736563732121210DE6
:108970000A00000050494F3120495251210D00009A
:1089800020202020495251203120210D00000000DC
:1089900020202020495251203220210D00000000CB
:1089A00050494F3020495251210D000053796E63D8
:1089B00068726F6E697A6174696F6E206572726F2A
:1089C000722E20436865636B20796F757220737017
:1089D0006565642073657474696E672E0D00000010
:1089E000534C415645205245414459210000000056
:1089F00045535020736C617665206E6F74206172F0
:108A00006D6564207965742C2074686520706F6CC6
:108A10006C206C6F6F702077696C6C206B65657073
:108A2000207265747279696E670000002020202E24
:108A30002E2E203A20466F6C6465642000000000F2
:108A400031206672616D65002564000020667261E8
:108A50006D6573000D000000666C617368206672BE
:108A6000656520737061636520616464723A2030CB
:108A700078253038780D0A666C61736820656E64FD
:108A800020616464723A203078253038780D0A66A7
:108A90006C61736820667265652073706163652020
:108AA00073697A653A203078253038782062797495
:108AB00065730D0A0000000054696D652064656CE3
:108AC0007461206265747765656E207061636B65A3
:108AD000747320697320746F6F206C617267652CEA
:108AE00020706F737369626C65206275666665726B
:108AF00020636F7272757074696F6E2E0D000000C6
:108B0000494E3A20307825782F30782578203078F3
:108B10002578203078257820307825782030782501
:108B2000782030782578203078257820307825789E
:108B300020307825783B0D0A0000000020465320A5
:108B40007061636B65740000204C53207061636B2F
:108B5000657400000D0A436170747572652062755A
:108B60006666657220697320656D7074790D00000A
:108B70000D0A436170747572652062756666657270
:108B80003A0D0000546F74616C3A200020657272D7
:108B90006F7200002C2000002062757320726573D4
:108BA00065740000206672616D65000020656D705F
:108BB0007479206672616D65000000000D0A0D0079
:108BC000763720757362204175672031302032304E
:108BD00032362032313A32323A3139006F74612004
:108BE0006D61703A206170702030782530367820C1
:108BF000676F6C64656E203078253036782073742A
:108C00006167696E6720307825303678206D65742D
:108C100061203078253036782065737020307825D3
:108C200030367820656E64203078253036780D0A2D
:108C3000000000006F7461206170702073697A65B4
:108C40003A2025752062797465730D0A00000000D2
:108C50006F746120626F6F7420636865636B3A2084
:108C600025730D0A000000006F7461206D6574614A
:108C70003A20737461746520257520617474656D84
:108C800070747320257520676F6C64656E20257580
:108C90002062797465732073746167696E6720253B
:108CA000752062797465730D0A0000007370692085
:108CB00062656E63683A20636170747572652053F3
:108CC000555350454E44454420666F72202575200B
:108CD0006D730D0A000000007370692062656E6399
:108CE0006820646F6E653A202575206672616D6537
:108CF000732C202575206661696C757265732C2054
:108D0000257520627974657320696E202575206D44
:108D1000732C202575204B422F732C2063617074B7
:108D200075726520524553554D45440D0A000000AB
:108D300063617074757265205354414C4C454420F6
:108D4000666F7220257520732061667465722073CA
:108D50006565696E6720747261666669632C20724E
:108D600065626F6F74696E670D0A0000727020692A
:108D70006D61676520434F4E4649524D454420681A
:108D800065616C7468792C20726F6C6C6261636BC6
:108D90002064697361726D65640D000072702063F8
:108DA0006F6D6D697420524546555345443A2073A2
:108DB000746167696E672063726320646F657320F6
:108DC0006E6F74206D6174636820746865206D65D2
:108DD0007461646174610D00727020636F6D6D6900
:108DE0007420524546555345443A206170702073B3
:108DF000697A6520257520646F6573206E6F742015
:108E00006669742074686520736C6F740D0A0000C5
:108E1000727020636F6D6D69743A206261636B6973
:108E20006E672075702025752062797465732074D3
:108E30006F20676F6C64656E2C206361707475724F
:108E4000652053555350454E4445440D0A000000DB
:108E5000727020636F6D6D69742041424F525445AA
:108E6000443A20676F6C64656E206261636B757055
:108E700020646964206E6F74207665726966792C4F
:108E8000206E6F7468696E672077617320617070FF
:108E90006C6965640D000000727020636F6D6D6910
:108EA000743A206170706C79696E67202575206254
:108EB00079746573206F76657220746865206170BF
:108EC000702C20444F204E4F5420504F5745522075
:108ED0004F46460D0A000000727020636F6D6D6989
:108EE0007420646964204E4F5420766572696679F7
:108EF0002C20746865206E65787420626F6F742012
:108F0000726574726965732066726F6D2073746127
:108F100067696E670D000000727020636F6D6D6988
:108F20007420646F6E652C207265626F6F74696E59
:108F30006720696E746F20746865206E657720699C
:108F40006D6167650D000000727020696D61676575
:108F5000206F6666657265643A20257520627974B3
:108F600065732063726320253038782C206361702C
:108F7000747572652053555350454E4445440D0A4F
:108F800000000000727020696D6167652074726175
:108F90006E736665722041424F525445442061749D
:108FA00020626C6F636B2025752028617474656D79
:108FB0007074202575292C2063617074757265208A
:108FC000524553554D45440D0A000000727020690A
:108FD0006D61676520435243204D49534D415443D1
:108FE000483A20676F74202530387820657870659E
:108FF0006374656420253038782C2064697363615C
:10900000726465642028617474656D7074202575C0
:10901000292C206361707475726520524553554D3B
:1090200045440D0A00000000727020696D6167659B
:1090300020535441474544206F6B3A2025752062E8
:10904000797465732C20257520626C6F636B732CAB
:109050002063726320253038782C202575206D73AD
:109060002C206361707475726520524553554D45CF
:10907000440D0A0055500000444F574E00000000B8
:1090800020286573702073696C656E742C206E6F78
:10909000742064726976696E67206D69736F2079D8
:1090A0006574290000000000657370206C696E6BA8
:1090B0002025732C20657370206677207625752C0B
:1090C00020706F6C6C73206F6B2025752066616952
:1090D0006C65642025750D0A000000006573702022
:1090E000706F6C6C73206F6B202575206661696CE6
:1090F0006564202575202874696D656F7574202559
:1091000075206261646672616D65202575292C2069
:109110006672616D65206F666673657420257520C3
:10912000286D696E202575206D6178202575206F6A
:1091300066202575292C20757074696D652025754C
:10914000206D730D0A0000006C617374206261640D
:10915000206672616D653A202530327820253032E4
:10916000782025303278202530327820253032782A
:109170002025303278202530327820253032782072
:10918000253032782025303278202530327820255D
:109190003032782025303278202530327820253042
:1091A00032782025303278202E2E2E207461696C82
:1091B000202530327825730D0A000000666C61733B
:1091C00068204A454445432069643A202530327876
:1091D000202530327820253032780D0A000000003A
:1091E000666C6173682073697A6520646574656371
:1091F0007465643A20554E4B4E4F574E2C20636198
:1092000070616369747920636F64652030782530FC
:109210003278206973206F7574206F662072616EDA
:1092200067650D0A00000000666C61736820736951
:109230007A652064657465637465643A20257520D9
:10924000627974657320282575204D42290D0A0026
:10925000666C6173682073697A6520636F6E6669F6
:1092600067757265643A202575206279746573208C
:10927000282575204D42290D0A0000005741524E05
:10928000494E473A20666C6173682073697A65209D
:109290006D69736D617463682C206669782050492C
:1092A000434F5F464C4153485F53495A455F4259CB
:1092B00054455320696E20434D616B654C6973744E
:1092C000732E7478740D00004857762573207061F2
:1092D000636B6574732073656E6465643A203078DF
:1092E0002578000053797374656D20636C6F636B30
:1092F000206F66202575206B487A2063616E6E6F43
:10930000742062652065786163746C79206163689C
:1093100069657665640000000D0A77616974696E9D
:109320006720353020736563732E2E2E0D0A0000E2
:109330003030000048617264776172652076657232
:1093400073696F6E3A203030000000003031000049
:1093500048617264776172652076657273696F6EB9
:109360003A20303100000000313000004861726462
:10937000776172652076657273696F6E3A2031305D
:10938000000000003131000048617264776172654D
:109390002076657273696F6E3A20313100000000EB
:1093A0004646000048617264776172652076657296
:1093B00073696F6E3A2046462028626F7468206693
:1093C0006C6F6174696E6729000000003046000010
:1093D00048617264776172652076657273696F6E39
:1093E0003A203046202841206C6F772C204220669E
:1093F0006C6F6174696E67290000000031460000DF
:1094000048617264776172652076657273696F6E08
:109410003A20314620284120686967682C20422084
:10942000666C6F6174696E67290000004630000049
:1094300048617264776172652076657273696F6ED8
:109440003A20463020284120666C6F6174696E674F
:109450002C2042206C6F772900000000463100006C
:1094600048617264776172652076657273696F6EA8
:109470003A20463120284120666C6F6174696E671E
:109480002C2042206869676829000000554B0000C5
:1094900048617264776172652076657273696F6E78
:1094A0003A20556E6B6E6F776E000000370000003B
:1094B0004669726D776172652076657273696F6E49
:1094C0003A207625730D0A0032313A32323A313978
:1094D0000000000041756720313020323032360004
:1094E0000D0A6F6B68692055534220737461727462
:1094F0006564212048617264776172652076257306
:109500000D0A4275696C64204461746520257320DE
:1095100025730D0A00000000535049204D6F64650B
:1095200020302061742074686520626F6F7420633E
:109530006C6F636B3A20252E3266204D487A2028C6
:109540002564290D0A0000005261772076616C7550
:10955000653A203078253033782C20766F6C746132
:1095600067653A20256620560A000000576174633B
:1095700068646F67206361757365642072657365E5
:109580007421202865787065637465642061667451
:10959000657220666C617368696E6720616E642015
:1095A000616674657220616E204F544120636F6D57
:1095B0006D69742C20696E76657374696761746572
:1095C0002069662069742068617070656E73206F11
:1095D0006E206120636F6C6420706F7765722075F8
:1095E00070290D00436C6F636B2073756363657343
:1095F0007366756C6C792073657420746F203132DA
:1096000030204D487A0D00004661696C6564207415
:109610006F207365742074686520636C6F636B0DD5
:10962000000000005350492072652D636C6F636B1E
:10963000656420616674657220746865207379734F
:1096400020636C6F636B206368616E67653A2025E9
:109650002E3266204D487A20282575290D0A0000F3
:1096600050494F20636C6B206469763A20252E3276
:1096700066202D2066726571207461726765743A88
:1096800020252E3266204D687A0D0A0063617074C1
:10969000757265207374617274210D006E6F742091
:1096A00072756E004D415020444F4553204E4F542B
:1096B0002046495420544845204445544543544588
:1096C0004420464C415348006E6F206D65746164C0
:1096D000617461207965742C2066697273742062EC
:1096E0006F6F740069646C652C206E6F7468696EAE
:1096F000672070656E64696E67000000676F6C6458
:10970000656E20726573746F7265642C2072656279
:109710006F6F74696E670000676F6C64656E2075AB
:109720006E757361626C652C2073746179696E6704
:10973000206F6E207468652063757272656E742088
:1097400061707000636F6D6D697474656420696D1C
:10975000616765206F6E20747269616C00000000A3
:10976000696E74657272757074656420636F6D6D77
:1097700069742072656170706C6965642066726FCF
:109780006D2073746167696E672C207265626F6FFC
:1097900074696E6700000000696E7465727275709E
:1097A00074656420636F6D6D697420636F756C649C
:1097B000206E6F742062652072656170706C6965DF
:1097C000642C20726F6C6C696E67206261636B0041
:1097D000474F4C44454E20524553544F5245204428
:1097E0004944204E4F54205645524946592C207723
:1097F000696C6C207265747279206F6E206E65786A
:109800007420626F6F740000554E4B4E4F574E00E0
:1098100021656E61626C6564207C7C206972715F79
:109820006861735F68616E646C657228494F5F4957
:1098300052515F42414E4B3029000000433A2F55B0
:10984000736572732F72656775652F2E7069636F0C
:109850002D73646B2F73646B2F322E332E302F7366
:1098600072632F7270325F636F6D6D6F6E2F686100
:109870007264776172655F6770696F2F6770696F77
:109880002E6300000A2A2A2A2050414E4943202AEA
:109890002A2A0A0068775F69735F636C61696D6586
:1098A0006428626974732C206269745F696E6465F0
:1098B00078290000433A2F55736572732F726567DC
:1098C00075652F2E7069636F2D73646B2F73646BD6
:1098D0002F322E332E302F7372632F636F6D6D6FA7
:1098E0006E2F68617264776172655F636C61696D28
:1098F0002F636C61696D2E63000000003078316366
:10990000203D3D20282A696E7374293E3E31317511
:1099100000000000433A2F55736572732F7265671C
:1099200075652F2E7069636F2D73646B2F73646B75
:109930002F322E332E302F7372632F7270325F638B
:109940006F6D6D6F6E2F68617264776172655F69AC
:1099500072712F6972712E630000000064656C746F
:1099600061203E3D202D323034382026262064658B
:109970006C7461203C3D2032303436202626202174
:109980002864656C746120262031290021286465D3
:109990006C7461203E3E203131752900637572720E
:1099A000656E74203D3D205F5F756E68616E646C0E
:1099B00065645F757365725F697271207C7C20637A
:1099C000757272656E74203D3D2068616E646C65D1
:1099D000720000006972715F68616E646C65725F2D
:1099E000636861696E5F667265655F736C6F745FF3
:1099F00068656164203E3D2030000000767461623D
:109A00006C655F68616E646C6572203D3D205F5FD0
:109A1000756E68616E646C65645F757365725F69AD
:109A200072710000212828282875696E747074727C
:109A30005F742972656D6F76655F7468756D625FBE
:109A400062697428767461626C655F68616E646CCB
:109A500065722929202D20282875696E747074720A
:109A60005F74296972715F68616E646C65725F63AF
:109A70006861696E5F736C6F747329292025207388
:109A8000697A656F66287374727563742069727180
:109A90005F68616E646C65725F636861696E5F7355
:109AA0006C6F742929000000216578636570746902
:109AB0006F6E207C7C20657863657074696F6E20A2
:109AC0003D3D206E756D202B20565441424C455F24
:109AD00046495253545F49525100000066616C730D
:109AE0006500000069735F7368617265645F697225
:109AF000715F7261775F68616E646C657228736C08
:109B00006F745F68616E646C657229006578636567
:109B10007074696F6E000000666F756E64000000FF
:109B200031203D3D202875696E747074725F742910
:109B30006C2D3E7370696E5F6C6F636B000000008C
:109B4000433A2F55736572732F72656775652F2EB3
:109B50007069636F2D73646B2F73646B2F322E33B8
:109B60002E302F7372632F636F6D6D6F6E2F706960
:109B7000636F5F73796E632F6D757465782E630004
:109B8000746F74616C0000006D74782D3E636F72A9
:109B9000652E7370696E5F6C6F636B006C6F636BC7
:109BA0005F69735F6F776E65725F69645F76616C22
:109BB0006964286D74782D3E6F776E657229000098
:109BC0006D74782D3E656E7465725F636F756E742B
:109BD00000000000706F6F6C2D3E74696D65725FE0
:109BE000616C61726D5F6E756D203D3D2074696DB5
:109BF00065725F616C61726D5F6E756D0000000073
:109C0000433A2F55736572732F72656775652F2EF2
:109C10007069636F2D73646B2F73646B2F322E33F7
:109C20002E302F7372632F636F6D6D6F6E2F70699F
:109C3000636F5F74696D652F74696D652E630000D5
:109C400064656661756C745F616C61726D5F706F85
:109C50006F6C5F696E697469616C697A65642829E3
:109C600000000000417474656D7074656420746F49
:109C700020736C65657020696E73696465206F661A
:109C800020616E20657863657074696F6E2068610D
:109C90006E646C65723B2075736520627573795FC5
:109CA0007761697420696620796F75206D757374AA
:109CB00000000000486172647761726520616C6128
:109CC000726D20256420616C726561647920636C1B
:109CD00061696D656400000076636F5F667265712F
:109CE000203E3D205049434F5F504C4C5F56434F00
:109CF0005F4D494E5F465245515F485A2026262007
:109D000076636F5F66726571203C3D205049434F1A
:109D10005F504C4C5F56434F5F4D41585F46524534
:109D2000515F485A00000000433A2F557365727323
:109D30002F72656775652F2E7069636F2D73646B65
:109D40002F73646B2F322E332E302F7372632F726A
:109D500070325F636F6D6D6F6E2F686172647761D3
:109D600072655F706C6C2F706C6C2E63000000006D
:109D70006662646976203E3D2031362026262066C4
:109D800062646976203C3D203332300028706F7366
:109D9000745F64697631203E3D2031202626207094
:109DA0006F73745F64697631203C3D20372920262B
:109DB000262028706F73745F64697632203E3D20E0
:109DC0003120262620706F73745F64697632203CE0
:109DD0003D203729000000007265665F667265717C
:109DE000203C3D202876636F5F66726571202F20CE
:109DF000313629002A282875696E74385F74202A44
:109E000029282828766F6964202A29726F6D5F746B
:109E100061626C655F666C6F6174292D322929203F
:109E20002A2034203E3D2053465F5441424C455F3A
:109E300056325F53495A4500433A2F557365727342
:109E40002F72656775652F2E7069636F2D73646B54
:109E50002F73646B2F322E332E302F7372632F7259
:109E600070325F636F6D6D6F6E2F7069636F5F64CB
:109E70006F75626C652F646F75626C655F696E6982
:109E8000745F726F6D5F7270323034302E63000019
:109E90002A282875696E74385F74202A29726F6DBC
:109EA0005F7461626C652D3229202A2034203E3D8A
:109EB0002053465F5441424C455F56325F53495AE6
:109EC00045000000433A2F55736572732F72656722
:109ED00075652F2E7069636F2D73646B2F73646BC0
:109EE0002F322E332E302F7372632F7270325F63D6
:109EF0006F6D6D6F6E2F7069636F5F666C6F6174ED
:109F00002F666C6F61745F696E69745F726F6D5FED
:109F10007270323034302E6300000000416C6C20CF
:109F20006F7074696D697A6174696F6E20646973AA
:109F300061626C6564000000446562756700000042
:109F4000626F6F74325F77323571303830000000E5
:109F500068747470733A2F2F6769746875622E6322
:109F60006F6D2F7468657265616C647265672F6FC1
:109F70006B686900322E332E300000006F6B686909
:109F80000000000041756720313020323032360049
:109F9000666E692B00000000666E69006E616E00DF
:109FA000666E692D000000002C2066756E63746972
:109FB0006F6E3A2000000000617373657274696F00
:109FC0006E2022257322206661696C65643A2066E2
:109FD000696C6520222573222C206C696E65202512
:109FE00064257325730A000055415254207374642C
:109FF000696E000055415254207374646F7574008B
:10A000005541525420737464696E202F2073746418
:10A010006F7574006D757465785F69735F696E69DB
:10A020007469616C697A656428266C6F636B6F75FF
:10A03000745F6D757465782900000000433A2F55F0
:10A04000736572732F72656775652F2E7069636F04
:10A050002D73646B2F73646B2F322E332E302F735E
:10A0600072632F7270325F636F6D6D6F6E2F7069E8
:10A07000636F5F6D756C7469636F72652F6D756C5E
:10A080007469636F72652E630000000076616C7501
:10A0900065203D3D203000002128737461636B5FB3
:10A0A00073697A655F627974657320262033752938
:10A0B0000000000070726F6772616D2D3E6C656EFE
:10A0C000677468203C3D2050494F5F494E535452BD
:10A0D000554354494F4E5F434F554E5400000000C6
:10A0E000433A2F55736572732F72656775652F2E0E
:10A0F0007069636F2D73646B2F73646B2F322E3313
:10A100002E302F7372632F7270325F636F6D6D6FBD
:10A110006E2F68617264776172655F70696F2F700E
:10A12000696F2E63000000004E6F2050494F20736E
:10A1300074617465206D616368696E657320617216
:10A140006520617661696C61626C6500636F6E6E3B
:10A150006563745F696E7465726E616C5F666C6175
:10A1600073685F66756E6320262620666C6173686F
:10A170005F657869745F7869705F66756E632026C5
:10A180002620666C6173685F666C7573685F6361D7
:10A190006368655F66756E6320262620666C617352
:10A1A000685F656E7465725F636D645F7869705F28
:10A1B00066756E6300000000433A2F557365727335
:10A1C0002F72656775652F2E7069636F2D73646BD1
:10A1D0002F73646B2F322E332E302F7372632F72D6
:10A1E00070325F636F6D6D6F6E2F6861726477613F
:10A1F00072655F666C6173682F666C6173682E634D
:10A2000000000000666C6173685F6F666673202BE8
:10A2100020636F756E74203C3D205049434F5F466C
:10A220004C4153485F53495A455F42595445530086
:10A23000636F6E6E6563745F696E7465726E616C78
:10A240005F666C6173685F66756E632026262066A4
:10A250006C6173685F657869745F7869705F667553
:10A260006E6320262620666C6173685F72616E677C
:10A27000655F65726173655F66756E632026262073
:10A28000666C6173685F666C7573685F6361636851
:10A29000655F66756E630000636F6E6E6563745F05
:10A2A000696E7465726E616C5F666C6173685F661F
:10A2B000756E6320262620666C6173685F65786919
:10A2C000745F7869705F66756E6320262620666C01
:10A2D0006173685F72616E67655F70726F677261EC
:10A2E0006D5F66756E6320262620666C6173685FFD
:10A2F000666C7573685F63616368655F66756E63DE
:10A3000000000000636F6E6E6563745F696E746554
:10A31000726E616C5F666C6173685F66756E6320F8
:10A32000262620666C6173685F657869745F78695A
:10A33000705F66756E6320262620666C6173685FA9
:10A34000666C7573685F63616368655F66756E638D
:10A35000000000006770696F5F7365745F697271F8
:10A360005F656E61626C65640000000068775F6322
:10A370006C61696D5F636C65617200006972715F29
:10A380006164645F7461696C5F746F5F6672656558
:10A390005F6C697374000000696E736572745F624C
:10A3A0006C5F3332000000006972715F72656D6F1F
:10A3B00076655F68616E646C657200006D616B65E7
:10A3C0005F6A5F31360000007265736F6C76655F9F
:10A3D0006A5F3136000000006972715F6164645F1A
:10A3E0007368617265645F68616E646C65720000B9
:10A3F0006972715F7365745F6578636C7573697694
:10A40000655F68616E646C65720000006D757465EF
:10A41000785F6578697400006D757465785F656E46
:10A420007465725F626C6F636B5F756E74696C00EC
:10A4300072756E74696D655F696E69745F6D757450
:10A4400065780000616C61726D5F706F6F6C5F6743
:10A4500065745F64656661756C740000616C61723F
:10A460006D5F706F6F6C5F6972715F68616E646C55
:10A470006572000000000000FFFFFFFFFFFFFF7F8D
:10A48000706C6C5F696E6974000000005F5F6165ED
:10A490006162695F646F75626C655F696E697400A3
:10A4A0005F5F61656162695F666C6F61745F696E51
:10A4B0006974000006005250D3F075422C9D0020B4
:10A4C00006005250D3F07542489D002006005250BD
:10A4D000E182887F509D0020060052509A23561832
:10A4E000609D002006005250ABB36053849D002055
:10A4F00006005250BBFF3CB68C9D00200600525017
:10A50000861C03028C9D0020060052505422A29DFE
:10A51000949D002005005250DE65F46848AD00109F
:10A52000000000000000F03F000000000000244098
:10A5300000000000000059400000000000408F4073
:10A54000000000000088C34000000000006AF840DE
:10A550000000000080842E4100000000D012634102
:10A560000000000084D797410000000065CDCD4178
:10A570000D0A00000600525053B4F4A1109E0020B2
:10A58000080052501242000008005250925200003F
:10A590006D756C7469636F72655F6C61756E63680D
:10A5A0005F636F7265315F776974685F737461634D
:10A5B0006B0000006D756C7469636F72655F726526
:10A5C0007365745F636F72653100000066696E6465
:10A5D0005F6F66667365745F666F725F70726F67D8
:10A5E00072616D00666C6173685F646F5F636D6458
:10A5F0005F637300666C6173685F72616E67655F4D
:10A6000070726F6772616D00666C6173685F726112
:10A610006E67655F6572617365000000814A5D0564
:10A6200002000000FFFFFFFFFFFFFFFF0900000027
:10A63000189600201000000000000000000001003B
:10A640000000000000000000000002000000000008
:10A6500000000000000003000000000000000000F7
:10A660000000FF000000000001B5486801318E467F
:10A670000047704609380149884701BDB9320020BA
:10A68000FFFFFFFFFFFFFF7F000000000000000052
:10A6900000000000000000000000000058AB002097
:10A6A000503300004C33000054330000523300009C
:10A6B0004D5300004D43000053340000433400006C
:10A6C000DD6B0020816C0020FD6B0020916C002070
:10A6D0000000000000010000FFFFFFFF000002007B
:10A6E0000000000000000000F0A40020F0A4002002
:10A6F000F8A40020F8A4002000A5002000A5002058
:10A7000008A5002008A5002010A5002010A5002005
:10A7100018A5002018A5002020A5002020A50020B5
:10A7200028A5002028A5002030A5002030A5002065
:10A7300038A5002038A5002040A5002040A5002015
:10A7400048A5002048A5002050A5002050A50020C5
:10A7500058A5002058A5002060A5002060A5002075
:10A7600068A5002068A5002070A5002070A5002025
:10A7700078A5002078A5002080A5002080A50020D5
:10A7800088A5002088A5002090A5002090A5002085
:10A7900098A5002098A50020A0A50020A0A5002035
:10A7A000A8A50020A8A50020B0A50020B0A50020E5
:10A7B000B8A50020B8A50020C0A50020C0A5002095
:10A7C000C8A50020C8A50020D0A50020D0A5002045
:10A7D000D8A50020D8A50020E0A50020E0A50020F5
:10A7E000E8A50020E8A50020F0A50020F0A50020A5
:10A7F000F8A50020F8A5002000A6002000A6002053
:10A8000008A6002008A6002010A6002010A6002000
:10A8100018A6002018A6002020A6002020A60020B0
:10A8200028A6002028A6002030A6002030A6002060
:10A8300038A6002038A6002040A6002040A6002010
:10A8400048A6002048A6002050A6002050A60020C0
:10A8500058A6002058A6002060A6002060A6002070
:10A8600068A6002068A6002070A6002070A6002020
:10A8700078A6002078A6002080A6002080A60020D0
:10A8800088A6002088A6002090A6002090A6002080
:10A8900098A6002098A60020A0A60020A0A6002030
:10A8A000A8A60020A8A60020B0A60020B0A60020E0
:10A8B000B8A60020B8A60020C0A60020C0A6002090
:10A8C000C8A60020C8A60020D0A60020D0A6002040
:10A8D000D8A60020D8A60020E0A60020E0A60020F0
:10A8E000E8A60020E8A60020F0A60020F0A60020A0
:10A8F000F8A60020F8A6002000A7002000A700204E
:10A9000008A7002008A7002010A7002010A70020FB
:10A9100018A7002018A7002020A7002020A70020AB
:10A9200028A7002028A7002030A7002030A700205B
:10A9300038A7002038A7002040A7002040A700200B
:10A9400048A7002048A7002050A7002050A70020BB
:10A9500058A7002058A7002060A7002060A700206B
:10A9600068A7002068A7002070A7002070A700201B
:10A9700078A7002078A7002080A7002080A70020CB
:10A9800088A7002088A7002090A7002090A700207B
:10A9900098A7002098A70020A0A70020A0A700202B
:10A9A000A8A70020A8A70020B0A70020B0A70020DB
:10A9B000B8A70020B8A70020C0A70020C0A700208B
:10A9C000C8A70020C8A70020D0A70020D0A700203B
:10A9D000D8A70020D8A70020E0A70020E0A70020EB
:10A9E000E8A70020E8A70020F0A70020F0A700209B
:10A9F000F8A70020F8A7002000A8002000A8002049
:10AA000008A8002008A8002010A8002010A80020F6
:10AA100018A8002018A8002020A8002020A80020A6
:10AA200028A8002028A8002030A8002030A8002056
:10AA300038A8002038A8002040A8002040A8002006
:10AA400048A8002048A8002050A8002050A80020B6
:10AA500058A8002058A8002060A8002060A8002066
:10AA600068A8002068A8002070A8002070A8002016
:10AA700078A8002078A8002080A8002080A80020C6
:10AA800088A8002088A8002090A8002090A8002076
:10AA900098A8002098A80020A0A80020A0A8002026
:10AAA000A8A80020A8A80020B0A80020B0A80020D6
:10AAB000B8A80020B8A80020C0A80020C0A8002086
:10AAC000C8A80020C8A80020D0A80020D0A8002036
:10AAD000D8A80020D8A80020E0A80020E0A80020E6
:10AAE000E8A80020E8A80020000000000300000003
:10AAF00014AD002008A900200000000014AD0020C3
:10AB00007CAD0020E4AD002000000000000000004B
:10AB10000000000000000000000000000000000035
:10AB20000000000000000000000000000000000025
:10AB30000000000000000000000000000000000015
:10AB40000000000000000000000000000000000005
:10AB500000000000000000000000000000000000F5
:10AB600000000000000000000000000000000000E5
:10AB700000000000000000000000000000000000D5
:10AB800000000000000000000000000000000000C5
:10AB900001000000000000000E33CDAB34126DE662
:10ABA000ECDE05000B0000000000000000000000CB
:10ABB0000000000000000000000000000000000095
:10ABC0000000000000000000000000000000000085
:10ABD0000000000000000000000000000000000075
:10ABE0000000000000000000000000000000000065
:10ABF0000000000000000000000000000000000055
:10AC00000000000000000000000000000000000044
:10AC10000000000000000000000000000000000034
:10AC20000000000000000000000000000000000024
:10AC30000000000000000000000000000000000014
:10AC40000000000000000000000000000000000004
:10AC500000000000000000000000000000000000F4
:10AC600000000000000000000000000000000000E4
:10AC700000000000000000000000000000000000D4
:10AC800000000000000000000000000000000000C4
:10AC900000000000000000000000000000000000B4
:10ACA00000000000000000000000000000000000A4
:10ACB0000000000000000000000000000000000094
:10ACC0000000000000000000000000000000000084
:10ACD0000000000000000000000000000000000074
:10ACE0000000000000000000000000000000000064
:10ACF0000000000000000000000000000000000054
:10AD000000000000000000002944002055440020FD
:10AD1000E9450020215500208D4C0020C153002022
:10AD20001D4500207144002091440020A5440020CE
:10AD3000F9330020AD4400202D3C002005440020C4
:08AD4000752D0020996D002023
:04000005100001E9FD
:00000001FF
