Time [s],Channel 0,Channel 1
0.000000000,1,1
27.440896762,0,1
27.440908550,0,0
27.440951106,0,1
27.440992678,0,0
27.441033760,0,1
27.441075334,0,0
27.441116412,0,1
27.441139624,1,1
27.441158966,1,0
27.441200038,1,1
27.441242596,1,0
27.441283672,1,1
27.441326232,1,0
27.441367312,1,1
27.441409874,1,0
27.441450950,1,1
27.441472376,0,1
27.441492530,0,0
27.441533610,0,1
27.441575188,0,0
27.441618726,0,1
27.441641936,1,1
27.441661276,1,0
27.441699398,1,1
27.441741954,1,0
27.441786470,1,1
27.441838092,1,0
27.449413356,1,1
27.451766676,0,1
27.451778468,0,0
27.451821024,0,1
27.451844238,1,1
27.451863578,1,0
27.451904654,1,1
27.451947218,1,0
27.451988294,1,1
27.452009720,0,1
27.452029876,0,0
27.452070958,0,1
27.452112536,0,0
27.452153620,0,1
27.452195200,0,0
27.452236282,0,1
27.452277852,0,0
27.452318934,0,1
27.452342150,1,1
27.452361492,1,0
27.452402570,1,1
27.452423996,0,1
27.452444154,0,0
27.452487702,0,1
27.452529286,0,0
27.452567426,0,1
27.452590652,1,1
27.452609998,1,0
27.452654526,1,1
27.452673590,1,0
27.457413894,1,1
27.484914084,0,1
27.484925876,0,0
27.484968436,0,1
27.485010014,0,0
27.485051100,0,1
27.485092682,0,0
27.485133766,0,1
27.485175344,0,0
27.485216434,0,1
27.485258014,0,0
27.485299102,0,1
27.485322324,1,1
27.485341668,1,0
27.485382758,1,1
27.485425324,1,0
27.485466404,1,1
27.485508970,1,0
27.485550050,1,1
27.485592616,1,0
27.485636160,1,1
27.485678722,1,0
27.485716850,1,1
27.485759414,1,0
27.485803936,1,1
27.489430622,0,1
27.489442412,0,0
27.489484972,0,1
27.489508192,1,1
27.489527536,1,0
27.489568618,1,1
27.489611182,1,0
27.489652260,1,1
27.489673690,0,1
27.489693846,0,0
27.489734928,0,1
27.489776510,0,0
27.489817596,0,1
27.489859176,0,0
27.489900262,0,1
27.489941842,0,0
27.489982926,0,1
27.490006144,1,1
27.490025486,1,0
27.490066568,1,1
27.490087996,0,1
27.490108152,0,0
27.490151698,0,1
27.490193278,0,0
27.490231410,0,1
27.490254628,1,1
27.490273970,1,0
27.490318494,1,1
27.497096684,0,1
27.497108474,0,0
27.497151034,0,1
27.497192610,0,0
27.497233694,0,1
27.497275272,0,0
27.497316358,0,1
27.497357942,0,0
27.497399044,0,1
27.497440630,0,0
27.497481722,0,1
27.497504942,1,1
27.497524286,1,0
27.497565370,1,1
27.497607938,1,0
27.497649024,1,1
27.497691590,1,0
27.497732672,1,1
27.497775240,1,0
27.497818784,1,1
27.497861348,1,0
27.497899478,1,1
27.497942044,1,0
27.497986570,1,1
27.501611430,0,1
27.501623222,0,0
27.501665780,0,1
27.501707360,0,0
27.501748446,0,1
27.501790026,0,0
27.501831114,0,1
27.501854332,1,1
27.501873678,1,0
27.501914762,1,1
27.501957328,1,0
27.501998410,1,1
27.502040974,1,0
27.502082054,1,1
27.502124620,1,0
27.502165698,1,1
27.502187126,0,1
27.502207282,0,0
27.502248368,0,1
27.502289948,0,0
27.502333498,0,1
27.502356718,1,1
27.502376064,1,0
27.502414198,1,1
27.502456762,1,0
27.502501290,1,1
27.510689476,1,0
27.513414378,1,1
27.582252728,0,1
27.582264520,0,0
27.582307080,0,1
27.582348660,0,0
27.582389748,0,1
27.582431330,0,0
27.582472416,0,1
27.582495632,1,1
27.582514976,1,0
27.582556056,1,1
27.582598618,1,0
27.582639698,1,1
27.582682260,1,0
27.582723338,1,1
27.582765902,1,0
27.582806980,1,1
27.582828402,0,1
27.582848558,0,0
27.582889638,0,1
27.582931216,0,0
27.582974758,0,1
27.582997978,1,1
27.583017322,1,0
27.583055452,1,1
27.583098012,1,0
27.583142536,1,1
27.583160952,1,0
27.585413264,1,1
27.616680606,0,1
27.616692398,0,0
27.616734946,0,1
27.616758154,1,1
27.616777492,1,0
27.616818580,1,1
27.616861158,1,0
27.616902236,1,1
27.616923662,0,1
27.616943818,0,0
27.616984900,0,1
27.617026478,0,0
27.617067560,0,1
27.617109140,0,0
27.617150220,0,1
27.617191802,0,0
27.617232888,0,1
27.617256104,1,1
27.617275446,1,0
27.617316528,1,1
27.617337960,0,1
27.617358118,0,0
27.617401674,0,1
27.617443260,0,0
27.617481398,0,1
27.617504618,1,1
27.617523960,1,0
27.617568482,1,1
27.617586890,1,0
27.625413402,1,1
27.639486582,0,1
27.639498372,0,0
27.639540934,0,1
27.639582512,0,0
27.639623598,0,1
27.639665180,0,0
27.639706264,0,1
27.639747844,0,0
27.639788928,0,1
27.639830502,0,0
27.639871584,0,1
27.639894798,1,1
27.639914140,1,0
27.639955214,1,1
27.639997774,1,0
27.640038852,1,1
27.640081408,1,0
27.640122484,1,1
27.640165046,1,0
27.640208582,1,1
27.640251140,1,0
27.640289264,1,1
27.640331828,1,0
27.640376348,1,1
27.644002854,0,1
27.644014644,0,0
27.644057196,0,1
27.644080412,1,1
27.644099754,1,0
27.644140832,1,1
27.644183392,1,0
27.644224468,1,1
27.644245890,0,1
27.644266042,0,0
27.644307118,0,1
27.644348692,0,0
27.644389778,0,1
27.644431356,0,0
27.644472440,0,1
27.644514016,0,0
27.644555098,0,1
27.644578314,1,1
27.644597656,1,0
27.644638734,1,1
27.644660162,0,1
27.644680314,0,0
27.644723854,0,1
27.644765432,0,0
27.644803558,0,1
27.644826774,1,1
27.644846114,1,0
27.644890638,1,1
27.652918544,1,0
27.657412878,1,1
27.659907722,0,1
27.659919514,0,0
27.659962068,0,1
27.660003642,0,0
27.660044722,0,1
27.660086300,0,0
27.660127380,0,1
27.660168958,0,0
27.660210040,0,1
27.660251618,0,0
27.660292700,0,1
27.660315916,1,1
27.660335260,1,0
27.660376342,1,1
27.660418904,1,0
27.660459984,1,1
27.660502546,1,0
27.660543620,1,1
27.660586178,1,0
27.660629714,1,1
27.660672272,1,0
27.660710398,1,1
27.660752962,1,0
27.660797480,1,1
27.664423098,0,1
27.664434890,0,0
27.664477448,0,1
27.664519026,0,0
27.664560116,0,1
27.664601694,0,0
27.664642782,0,1
27.664666004,1,1
27.664685348,1,0
27.664726428,1,1
27.664768994,1,0
27.664810074,1,1
27.664852640,1,0
27.664893718,1,1
27.664936286,1,0
27.664977368,1,1
27.664998796,0,1
27.665018956,0,0
27.665060046,0,1
27.665101622,0,0
27.665145164,0,1
27.665168380,1,1
27.665187722,1,0
27.665225850,1,1
27.665268410,1,0
27.665312934,1,1
27.673526912,1,0
27.681414008,1,1
27.710311610,0,1
27.710323400,0,0
27.710365956,0,1
27.710407536,0,0
27.710448620,0,1
27.710490194,0,0
27.710531274,0,1
27.710554490,1,1
27.710573834,1,0
27.710614908,1,1
27.710657472,1,0
27.710698548,1,1
27.710741104,1,0
27.710782178,1,1
27.710824738,1,0
27.710865812,1,1
27.710887236,0,1
27.710907394,0,0
27.710948476,0,1
27.710990050,0,0
27.711033592,0,1
27.711056806,1,1
27.711076152,1,0
27.711114290,1,1
27.711156872,1,0
27.711201408,1,1
27.711219462,1,0
27.713413652,1,1
27.724012662,0,1
27.724024454,0,0
27.724067012,0,1
27.724090230,1,1
27.724109576,1,0
27.724150664,1,1
27.724193234,1,0
27.724234320,1,1
27.724255750,0,1
27.724275912,0,0
27.724317004,0,1
27.724358598,0,0
27.724399698,0,1
27.724441292,0,0
27.724482390,0,1
27.724523982,0,0
27.724565082,0,1
27.724588308,1,1
27.724607656,1,0
27.724648746,1,1
27.724670182,0,1
27.724690344,0,0
27.724733904,0,1
27.724775492,0,0
27.724813636,0,1
27.724836858,1,1
27.724856206,1,0
27.724900740,1,1
27.724918404,1,0
27.729413056,1,1
27.788073094,0,1
27.788084884,0,0
27.788127440,0,1
27.788169012,0,0
27.788210088,0,1
27.788251668,0,0
27.788292750,0,1
27.788334328,0,0
27.788375412,0,1
27.788416992,0,0
27.788458074,0,1
27.788481290,1,1
27.788500632,1,0
27.788541712,1,1
27.788584276,1,0
27.788625352,1,1
27.788667916,1,0
27.788708992,1,1
27.788751552,1,0
27.788795092,1,1
27.788837652,1,0
27.788875776,1,1
27.788918340,1,0
27.788962856,1,1
27.792588402,0,1
27.792600192,0,0
27.792642748,0,1
27.792684322,0,0
27.792725404,0,1
27.792766980,0,0
27.792808062,0,1
27.792831278,1,1
27.792850618,1,0
27.792891698,1,1
27.792934260,1,0
27.792975340,1,1
27.793017900,1,0
27.793058976,1,1
27.793101540,1,0
27.793142616,1,1
27.793164040,0,1
27.793184194,0,0
27.793225274,0,1
27.793266850,0,0
27.793310392,0,1
27.793333610,1,1
27.793352954,1,0
27.793391090,1,1
27.793433656,1,0
27.793478186,1,1
27.797103310,0,1
27.797115092,0,0
27.797157618,0,1
27.797199172,0,0
27.797240226,0,1
27.797281778,0,0
27.797322836,0,1
27.797364390,0,0
27.797405458,0,1
27.797447016,0,0
27.797488074,0,1
27.797511276,1,1
27.797530610,1,0
27.797571668,1,1
27.797614208,1,0
27.797655262,1,1
27.797697798,1,0
27.797738848,1,1
27.797781386,1,0
27.797824898,1,1
27.797867438,1,0
27.797905540,1,1
27.797948082,1,0
27.797992578,1,1
27.801617924,0,1
27.801629716,0,0
27.801672272,0,1
27.801695488,1,1
27.801714832,1,0
27.801755912,1,1
27.801798476,1,0
27.801839554,1,1
27.801860982,0,1
27.801881138,0,0
27.801922222,0,1
27.801963800,0,0
27.802004884,0,1
27.802046466,0,0
27.802087552,0,1
27.802129130,0,0
27.802170216,0,1
27.802193430,1,1
27.802212772,1,0
27.802253852,1,1
27.802275276,0,1
27.802295432,0,0
27.802338974,0,1
27.802380556,0,0
27.802418692,0,1
27.802441912,1,1
27.802461254,1,0
27.802505778,1,1
27.810602014,1,0
27.817413306,1,1
27.831573908,0,1
27.831585698,0,0
27.831628256,0,1
27.831669836,0,0
27.831710920,0,1
27.831752502,0,0
27.831793588,0,1
27.831816806,1,1
27.831836150,1,0
27.831877234,1,1
27.831919800,1,0
27.831960878,1,1
27.832003442,1,0
27.832044526,1,1
27.832087092,1,0
27.832128170,1,1
27.832149598,0,1
27.832169754,0,0
27.832210840,0,1
27.832252420,0,0
27.832295966,0,1
27.832319186,1,1
27.832338528,1,0
27.832376660,1,1
27.832419232,1,0
27.832463756,1,1
27.832481828,1,0
27.833413606,1,1
27.842527594,0,1
27.842539386,0,0
27.842581944,0,1
27.842605160,1,1
27.842624506,1,0
27.842665590,1,1
27.842708152,1,0
27.842749230,1,1
27.842770656,0,1
27.842790814,0,0
27.842831896,0,1
27.842873478,0,0
27.842914564,0,1
27.842956144,0,0
27.842997226,0,1
27.843038808,0,0
27.843079894,0,1
27.843103110,1,1
27.843122454,1,0
27.843163542,1,1
27.843184972,0,1
27.843205130,0,0
27.843248676,0,1
27.843290262,0,0
27.843328400,0,1
27.843351620,1,1
27.843370968,1,0
27.843415500,1,1
27.843434040,1,0
27.849413484,1,1
27.907723726,0,1
27.907735516,0,0
27.907778074,0,1
27.907819652,0,0
27.907860732,0,1
27.907902306,0,0
27.907943388,0,1
27.907984964,0,0
27.908026044,0,1
27.908067622,0,0
27.908108704,0,1
27.908131920,1,1
27.908151262,1,0
27.908192344,1,1
27.908234900,1,0
27.908275972,1,1
27.908318534,1,0
27.908359610,1,1
27.908402172,1,0
27.908445708,1,1
27.908488272,1,0
27.908526392,1,1
27.908568956,1,0
27.908613476,1,1
27.912240440,0,1
27.912252232,0,0
27.912294790,0,1
27.912318010,1,1
27.912337354,1,0
27.912378444,1,1
27.912421012,1,0
27.912462094,1,1
27.912483524,0,1
27.912503684,0,0
27.912544770,0,1
27.912586352,0,0
27.912627444,0,1
27.912669026,0,0
27.912710116,0,1
27.912751702,0,0
27.912792790,0,1
27.912816010,1,1
27.912835354,1,0
27.912876440,1,1
27.912897868,0,1
27.912918026,0,0
27.912961574,0,1
27.913003158,0,0
27.913041294,0,1
27.913064514,1,1
27.913083860,1,0
27.913128388,1,1
27.920876246,1,0
27.921412606,1,1
27.932780090,0,1
27.932791886,0,0
27.932834462,0,1
27.932876052,0,0
27.932917146,0,1
27.932958732,0,0
27.932999826,0,1
27.933041410,0,0
27.933082502,0,1
27.933124088,0,0
27.933165178,0,1
27.933188398,1,1
27.933207744,1,0
27.933248828,1,1
27.933291396,1,0
27.933332482,1,1
27.933375054,1,0
27.933416140,1,1
27.933458712,1,0
27.933502260,1,1
27.933544828,1,0
27.933582962,1,1
27.933625528,1,0
27.933670058,1,1
27.937296072,0,1
27.937307862,0,0
27.937350412,0,1
27.937391996,0,0
27.937433082,0,1
27.937474660,0,0
27.937515734,0,1
27.937538948,1,1
27.937558288,1,0
27.937599356,1,1
27.937641908,1,0
27.937682976,1,1
27.937725526,1,0
27.937766594,1,1
27.937809148,1,0
27.937850224,1,1
27.937871650,0,1
27.937891808,0,0
27.937932892,0,1
27.937974472,0,0
27.938018020,0,1
27.938041238,1,1
27.938060584,1,0
27.938098716,1,1
27.938141282,1,0
27.938185810,1,1
27.945614142,1,0
27.953413216,1,1
27.980382758,0,1
27.980394548,0,0
27.980437102,0,1
27.980478674,0,0
27.980519754,0,1
27.980561328,0,0
27.980602408,0,1
27.980625622,1,1
27.980644962,1,0
27.980686040,1,1
27.980728602,1,0
27.980769676,1,1
27.980812240,1,0
27.980853316,1,1
27.980895872,1,0
27.980936952,1,1
27.980958376,0,1
27.980978530,0,0
27.981019608,0,1
27.981061186,0,0
27.981104726,0,1
27.981127942,1,1
27.981147282,1,0
27.981185410,1,1
27.981227974,1,0
27.981272494,1,1
27.981290324,1,0
27.985412672,1,1
28.032978836,0,1
28.032990628,0,0
28.033033186,0,1
28.033056402,1,1
28.033075746,1,0
28.033116830,1,1
28.033138256,0,1
28.033158412,0,0
28.033199498,0,1
28.033222718,1,1
28.033242062,1,0
28.033283140,1,1
28.033304570,0,1
28.033324728,0,0
28.033365820,0,1
28.033389044,1,1
28.033408392,1,0
28.033449474,1,1
28.033492040,1,0
28.033533120,1,1
28.033554546,0,1
28.033574702,0,0
28.033615790,0,1
28.033657370,0,0
28.033700912,0,1
28.033724130,1,1
28.033743474,1,0
28.033781600,1,1
28.033824162,1,0
28.033868686,1,1
28.033887214,1,0
28.041413434,1,1
28.063916080,0,1
28.063927870,0,0
28.063970426,0,1
28.064012006,0,0
28.064053092,0,1
28.064094672,0,0
28.064135756,0,1
28.064177338,0,0
28.064218420,0,1
28.064260000,0,0
28.064301090,0,1
28.064324310,1,1
28.064343652,1,0
28.064384736,1,1
28.064427306,1,0
28.064468390,1,1
28.064510952,1,0
28.064552034,1,1
28.064594600,1,0
28.064638138,1,1
28.064680706,1,0
28.064718836,1,1
28.064761398,1,0
28.064805926,1,1
28.068431612,0,1
28.068443404,0,0
28.068485960,0,1
28.068509176,1,1
28.068528520,1,0
28.068569596,1,1
28.068591020,0,1
28.068611176,0,0
28.068652256,0,1
28.068675474,1,1
28.068694816,1,0
28.068735892,1,1
28.068757318,0,1
28.068777474,0,0
28.068818554,0,1
28.068841768,1,1
28.068861112,1,0
28.068902196,1,1
28.068944754,1,0
28.068985834,1,1
28.069007260,0,1
28.069027416,0,0
28.069068496,0,1
28.069110070,0,0
28.069153616,0,1
28.069176830,1,1
28.069196170,1,0
28.069234292,1,1
28.069276856,1,0
28.069321376,1,1
28.077525684,1,0
28.081414342,1,1
28.086398458,0,1
28.086410250,0,0
28.086452806,0,1
28.086494384,0,0
28.086535462,0,1
28.086577042,0,0
28.086618126,0,1
28.086659706,0,0
28.086700790,0,1
28.086742368,0,0
28.086783450,0,1
28.086806664,1,1
28.086826006,1,0
28.086867086,1,1
28.086909646,1,0
28.086950726,1,1
28.086993286,1,0
28.087034366,1,1
28.087076926,1,0
28.087120466,1,1
28.087163026,1,0
28.087201148,1,1
28.087243714,1,0
28.087288236,1,1
28.090913874,0,1
28.090925664,0,0
28.090968220,0,1
28.091009796,0,0
28.091050878,0,1
28.091092456,0,0
28.091133538,0,1
28.091156754,1,1
28.091176096,1,0
28.091217176,1,1
28.091259740,1,0
28.091300822,1,1
28.091343386,1,0
28.091384470,1,1
28.091427036,1,0
28.091468114,1,1
28.091489540,0,1
28.091509694,0,0
28.091550780,0,1
28.091592356,0,0
28.091635898,0,1
28.091659116,1,1
28.091678460,1,0
28.091716588,1,1
28.091759148,1,0
28.091803670,1,1
28.099167102,1,0
28.105412780,1,1
28.131754824,0,1
28.131766614,0,0
28.131809172,0,1
28.131850750,0,0
28.131891828,0,1
28.131933410,0,0
28.131974496,0,1
28.131997714,1,1
28.132017056,1,0
28.132058140,1,1
28.132100704,1,0
28.132141786,1,1
28.132184350,1,0
28.132225438,1,1
28.132268010,1,0
28.132309104,1,1
28.132330542,0,1
28.132350708,0,0
28.132391812,0,1
28.132433410,0,0
28.132476976,0,1
28.132500204,1,1
28.132519554,1,0
28.132557700,1,1
28.132600280,1,0
28.132644814,1,1
28.132663286,1,0
28.137411678,1,1
28.181636538,0,1
28.181648328,0,0
28.181690884,0,1
28.181714102,1,1
28.181733446,1,0
28.181774528,1,1
28.181817092,1,0
28.181858172,1,1
28.181879598,0,1
28.181899754,0,0
28.181940834,0,1
28.181982410,0,0
28.182023494,0,1
28.182065072,0,0
28.182106158,0,1
28.182147740,0,0
28.182188828,0,1
28.182212044,1,1
28.182231388,1,0
28.182272470,1,1
28.182293900,0,1
28.182314056,0,0
28.182357600,0,1
28.182399188,0,0
28.182437324,0,1
28.182460542,1,1
28.182479886,1,0
28.182524414,1,1
28.182542138,1,0
28.185411846,1,1
28.201681550,0,1
28.201693340,0,0
28.201735898,0,1
28.201777478,0,0
28.201818564,0,1
28.201860146,0,0
28.201901232,0,1
28.201942812,0,0
28.201983898,0,1
28.202025480,0,0
28.202066566,0,1
28.202089782,1,1
28.202109124,1,0
28.202150202,1,1
28.202192770,1,0
28.202233848,1,1
28.202276410,1,0
28.202317492,1,1
28.202360052,1,0
28.202403594,1,1
28.202446154,1,0
28.202484282,1,1
28.202526842,1,0
28.202571366,1,1
28.206197996,0,1
28.206209786,0,0
28.206252344,0,1
28.206275562,1,1
28.206294904,1,0
28.206335982,1,1
28.206378550,1,0
28.206419630,1,1
28.206441058,0,1
28.206461216,0,0
28.206502302,0,1
28.206543884,0,0
28.206584966,0,1
28.206626548,0,0
28.206667634,0,1
28.206709212,0,0
28.206750294,0,1
28.206773512,1,1
28.206792856,1,0
28.206833934,1,1
28.206855360,0,1
28.206875516,0,0
28.206919056,0,1
28.206960636,0,0
28.206998766,0,1
28.207021984,1,1
28.207041328,1,0
28.207085852,1,1
28.214589858,1,0
28.217411704,1,1
28.219016594,0,1
28.219028384,0,0
28.219070942,0,1
28.219112522,0,0
28.219153602,0,1
28.219195178,0,0
28.219236264,0,1
28.219277844,0,0
28.219318930,0,1
28.219360512,0,0
28.219401600,0,1
28.219424818,1,1
28.219444162,1,0
28.219485244,1,1
28.219527812,1,0
28.219568890,1,1
28.219611454,1,0
28.219652536,1,1
28.219695100,1,0
28.219738642,1,1
28.219781210,1,0
28.219819338,1,1
28.219861900,1,0
28.219906426,1,1
28.223532234,0,1
28.223544026,0,0
28.223586586,0,1
28.223628162,0,0
28.223669250,0,1
28.223710832,0,0
28.223751918,0,1
28.223775138,1,1
28.223794482,1,0
28.223835566,1,1
28.223878128,1,0
28.223919208,1,1
28.223961774,1,0
28.224002854,1,1
28.224045414,1,0
28.224086490,1,1
28.224107918,0,1
28.224128072,0,0
28.224169154,0,1
28.224210734,0,0
28.224254276,0,1
28.224277494,1,1
28.224296836,1,0
28.224334968,1,1
28.224377530,1,0
28.224422054,1,1
28.232106882,1,0
28.233412408,1,1
28.317641276,0,1
28.317653064,0,0
28.317695616,0,1
28.317737188,0,0
28.317778268,0,1
28.317819840,0,0
28.317860914,0,1
28.317884126,1,1
28.317903468,1,0
28.317944546,1,1
28.317987106,1,0
28.318028182,1,1
28.318070742,1,0
28.318111832,1,1
28.318154410,1,0
28.318195494,1,1
28.318216920,0,1
28.318237076,0,0
28.318278158,0,1
28.318319734,0,0
28.318363276,0,1
28.318386494,1,1
28.318405836,1,0
28.318443968,1,1
28.318486528,1,0
28.318531048,1,1
28.318550120,1,0
28.321411984,1,1
28.322157484,0,1
28.322169274,0,0
28.322211830,0,1
28.322235048,1,1
28.322254390,1,0
28.322295468,1,1
28.322316892,0,1
28.322337050,0,0
28.322378138,0,1
28.322401358,1,1
28.322420702,1,0
28.322461782,1,1
28.322483210,0,1
28.322503368,0,0
28.322544454,0,1
28.322567670,1,1
28.322587014,1,0
28.322628094,1,1
28.322670656,1,0
28.322711732,1,1
28.322733158,0,1
28.322753316,0,0
28.322794400,0,1
28.322835976,0,0
28.322879518,0,1
28.322902736,1,1
28.322922082,1,0
28.322960210,1,1
28.323002772,1,0
28.323047290,1,1
28.323065946,1,0
28.329411728,1,1
28.339721254,0,1
28.339733046,0,0
28.339775602,0,1
28.339817186,0,0
28.339858272,0,1
28.339899852,0,0
28.339940938,0,1
28.339982518,0,0
28.340023602,0,1
28.340065186,0,0
28.340106270,0,1
28.340129488,1,1
28.340148830,1,0
28.340189906,1,1
28.340232468,1,0
28.340273546,1,1
28.340316114,1,0
28.340357198,1,1
28.340399764,1,0
28.340443302,1,1
28.340485868,1,0
28.340523994,1,1
28.340566560,1,0
28.340611088,1,1
28.344236992,0,1
28.344248788,0,0
28.344291366,0,1
28.344314590,1,1
28.344333938,1,0
28.344375042,1,1
28.344396480,0,1
28.344416646,0,0
28.344457746,0,1
28.344480972,1,1
28.344500324,1,0
28.344541428,1,1
28.344562868,0,1
28.344583034,0,0
28.344624140,0,1
28.344647370,1,1
28.344666724,1,0
28.344707824,1,1
28.344750408,1,0
28.344791506,1,1
28.344812946,0,1
28.344833112,0,0
28.344874216,0,1
28.344915818,0,0
28.344959380,0,1
28.344982602,1,1
28.345001946,1,0
28.345040078,1,1
28.345082642,1,0
28.345127164,1,1
28.351905616,0,1
28.351917406,0,0
28.351959964,0,1
28.352001546,0,0
28.352042630,0,1
28.352084204,0,0
28.352125290,0,1
28.352166868,0,0
28.352207948,0,1
28.352249528,0,0
28.352290614,0,1
28.352313830,1,1
28.352333172,1,0
28.352374256,1,1
28.352416824,1,0
28.352457902,1,1
28.352500470,1,0
28.352541552,1,1
28.352584114,1,0
28.352627652,1,1
28.352670216,1,0
28.352708340,1,1
28.352750902,1,0
28.352795426,1,1
28.356421008,0,1
28.356432800,0,0
28.356475360,0,1
28.356516936,0,0
28.356558016,0,1
28.356599598,0,0
28.356640680,0,1
28.356663896,1,1
28.356683236,1,0
28.356724320,1,1
28.356766880,1,0
28.356807958,1,1
28.356850524,1,0
28.356891600,1,1
28.356934160,1,0
28.356975238,1,1
28.356996666,0,1
28.357016822,0,0
28.357057902,0,1
28.357099480,0,0
28.357143024,0,1
28.357166240,1,1
28.357185584,1,0
28.357223712,1,1
28.357266280,1,0
28.357310804,1,1
28.365057642,1,0
28.369412626,1,1
28.415668876,0,1
28.415680668,0,0
28.415723222,0,1
28.415764796,0,0
28.415805874,0,1
28.415847450,0,0
28.415888530,0,1
28.415911746,1,1
28.415931088,1,0
28.415972170,1,1
28.416014728,1,0
28.416055798,1,1
28.416098356,1,0
28.416139428,1,1
28.416181984,1,0
28.416223060,1,1
28.416244484,0,1
28.416264640,0,0
28.416305722,0,1
28.416347300,0,0
28.416390850,0,1
28.416414064,1,1
28.416433406,1,0
28.416471532,1,1
28.416514092,1,0
28.416558614,1,1
28.416576868,1,0
28.417411248,1,1
28.426623382,0,1
28.426635174,0,0
28.426677730,0,1
28.426700948,1,1
28.426720292,1,0
28.426761370,1,1
28.426803934,1,0
28.426845016,1,1
28.426866442,0,1
28.426886598,0,0
28.426927682,0,1
28.426969262,0,0
28.427010352,0,1
28.427051930,0,0
28.427093020,0,1
28.427134600,0,0
28.427175682,0,1
28.427198898,1,1
28.427218240,1,0
28.427259322,1,1
28.427280746,0,1
28.427300902,0,0
28.427344448,0,1
28.427386034,0,0
28.427424186,0,1
28.427447416,1,1
28.427466774,1,0
28.427511314,1,1
28.427529710,1,0
28.433411406,1,1
28.490184288,0,1
28.490196078,0,0
28.490238630,0,1
28.490280204,0,0
28.490321282,0,1
28.490362858,0,0
28.490403946,0,1
28.490445524,0,0
28.490486606,0,1
28.490528186,0,0
28.490569272,0,1
28.490592488,1,1
28.490611832,1,0
28.490652914,1,1
28.490695480,1,0
28.490736562,1,1
28.490779120,1,0
28.490820196,1,1
28.490862756,1,0
28.490906292,1,1
28.490948850,1,0
28.490986970,1,1
28.491029530,1,0
28.491074048,1,1
28.494699452,0,1
28.494711244,0,0
28.494753804,0,1
28.494795376,0,0
28.494836454,0,1
28.494878028,0,0
28.494919106,0,1
28.494942322,1,1
28.494961664,1,0
28.495002742,1,1
28.495045304,1,0
28.495086380,1,1
28.495128934,1,0
28.495170006,1,1
28.495212566,1,0
28.495253640,1,1
28.495275066,0,1
28.495295220,0,0
28.495336300,0,1
28.495377876,0,0
28.495421422,0,1
28.495444640,1,1
28.495463982,1,0
28.495502112,1,1
28.495544674,1,0
28.495589192,1,1
28.503154956,1,0
28.505405040,1,1
28.508053472,0,1
28.508065264,0,0
28.508107824,0,1
28.508149398,0,0
28.508190478,0,1
28.508232058,0,0
28.508273142,0,1
28.508314718,0,0
28.508355804,0,1
28.508397388,0,0
28.508438472,0,1
28.508461690,1,1
28.508481036,1,0
28.508522120,1,1
28.508564684,1,0
28.508605762,1,1
28.508648326,1,0
28.508689402,1,1
28.508731962,1,0
28.508775502,1,1
28.508818064,1,0
28.508856188,1,1
28.508898752,1,0
28.508943274,1,1
28.512569794,0,1
28.512581586,0,0
28.512624140,0,1
28.512647358,1,1
28.512666700,1,0
28.512707782,1,1
28.512750340,1,0
28.512791418,1,1
28.512812844,0,1
28.512832998,0,0
28.512874078,0,1
28.512915650,0,0
28.512956730,0,1
28.512998306,0,0
28.513039388,0,1
28.513080968,0,0
28.513122050,0,1
28.513145268,1,1
28.513164608,1,0
28.513205688,1,1
28.513227114,0,1
28.513247268,0,0
28.513290806,0,1
28.513332388,0,0
28.513370524,0,1
28.513393748,1,1
28.513413094,1,0
28.513457624,1,1
28.521704142,1,0
28.529412206,1,1
28.553217824,0,1
28.553229616,0,0
28.553272174,0,1
28.553313758,0,0
28.553354848,0,1
28.553396434,0,0
28.553437524,0,1
28.553460746,1,1
28.553480092,1,0
28.553521176,1,1
28.553563742,1,0
28.553604824,1,1
28.553647392,1,0
28.553688474,1,1
28.553731042,1,0
28.553772120,1,1
28.553793544,0,1
28.553813702,0,0
28.553854786,0,1
28.553896366,0,0
28.553939908,0,1
28.553963124,1,1
28.553982468,1,0
28.554020598,1,1
28.554063160,1,0
28.554107686,1,1
28.554125518,1,0
28.561411748,1,1
28.561450282,0,1
28.561462076,0,0
28.561504644,0,1
28.561527862,1,1
28.561547206,1,0
28.561588292,1,1
28.561630858,1,0
28.561671938,1,1
28.561693368,0,1
28.561713526,0,0
28.561754614,0,1
28.561796192,0,0
28.561837276,0,1
28.561878858,0,0
28.561919944,0,1
28.561961526,0,0
28.562002612,0,1
28.562025832,1,1
28.562045176,1,0
28.562086254,1,1
28.562107684,0,1
28.562127840,0,0
28.562171386,0,1
28.562212966,0,0
28.562251100,0,1
28.562274318,1,1
28.562293662,1,0
28.562338188,1,1
28.562356224,1,0
28.569411120,1,1
28.638751230,0,1
28.638763022,0,0
28.638805580,0,1
28.638847156,0,0
28.638888240,0,1
28.638929820,0,0
28.638970900,0,1
28.639012482,0,0
28.639053570,0,1
28.639095152,0,0
28.639136236,0,1
28.639159454,1,1
28.639178798,1,0
28.639219882,1,1
28.639262442,1,0
28.639303522,1,1
28.639346088,1,0
28.639387166,1,1
28.639429732,1,0
28.639473268,1,1
28.639515828,1,0
28.639553954,1,1
28.639596516,1,0
28.639641034,1,1
28.643267556,0,1
28.643279346,0,0
28.643321902,0,1
28.643345112,1,1
28.643364456,1,0
28.643405536,1,1
28.643448094,1,0
28.643489170,1,1
28.643510594,0,1
28.643530748,0,0
28.643571826,0,1
28.643613402,0,0
28.643654484,0,1
28.643696058,0,0
28.643737136,0,1
28.643778712,0,0
28.643819794,0,1
28.643843010,1,1
28.643862354,1,0
28.643903428,1,1
28.643924854,0,1
28.643945008,0,0
28.643988544,0,1
28.644030120,0,0
28.644068246,0,1
28.644091462,1,1
28.644110802,1,0
28.644155320,1,1
28.651539478,1,0
28.657410898,1,1
28.659684838,0,1
28.659696628,0,0
28.659739188,0,1
28.659780764,0,0
28.659821846,0,1
28.659863424,0,0
28.659904508,0,1
28.659946088,0,0
28.659987174,0,1
28.660028756,0,0
28.660069844,0,1
28.660093062,1,1
28.660112402,1,0
28.660153486,1,1
28.660196050,1,0
28.660237128,1,1
28.660279688,1,0
28.660320770,1,1
28.660363328,1,0
28.660406872,1,1
28.660449436,1,0
28.660487560,1,1
28.660530122,1,0
28.660574644,1,1
28.664200298,0,1
28.664212090,0,0
28.664254646,0,1
28.664296224,0,0
28.664337314,0,1
28.664378898,0,0
28.664419984,0,1
28.664443200,1,1
28.664462546,1,0
28.664503630,1,1
28.664546192,1,0
28.664587268,1,1
28.664629834,1,0
28.664670902,1,1
28.664713450,1,0
28.664754532,1,1
28.664775966,0,1
28.664796128,0,0
28.664837214,0,1
28.664878796,0,0
28.664922342,0,1
28.664945558,1,1
28.664964904,1,0
28.665003034,1,1
28.665045598,1,0
28.665090122,1,1
28.673175232,1,0
28.673412132,1,1
28.701950528,0,1
28.701962318,0,0
28.702004872,0,1
28.702046444,0,0
28.702087526,0,1
28.702129104,0,0
28.702170184,0,1
28.702193400,1,1
28.702212742,1,0
28.702253816,1,1
28.702296376,1,0
28.702337448,1,1
28.702380012,1,0
28.702421088,1,1
28.702463648,1,0
28.702504724,1,1
28.702526150,0,1
28.702546302,0,0
28.702587382,0,1
28.702628960,0,0
28.702672502,0,1
28.702695718,1,1
28.702715060,1,0
28.702753190,1,1
28.702795750,1,0
28.702840268,1,1
28.702858422,1,0
28.705412858,1,1
28.760523248,0,1
28.760535038,0,0
28.760577590,0,1
28.760600806,1,1
28.760620148,1,0
28.760661224,1,1
28.760682652,0,1
28.760702806,0,0
28.760743884,0,1
28.760767096,1,1
28.760786436,1,0
28.760827510,1,1
28.760848934,0,1
28.760869088,0,0
28.760910162,0,1
28.760933376,1,1
28.760952718,1,0
28.760993792,1,1
28.761036354,1,0
28.761077444,1,1
28.761098878,0,1
28.761119034,0,0
28.761160118,0,1
28.761201698,0,0
28.761245240,0,1
28.761268452,1,1
28.761287794,1,0
28.761325926,1,1
28.761368492,1,0
28.761413018,1,1
28.761431368,1,0
28.769412018,1,1
28.785831792,0,1
28.785843586,0,0
28.785886154,0,1
28.785927738,0,0
28.785968828,0,1
28.786010406,0,0
28.786051490,0,1
28.786093068,0,0
28.786134152,0,1
28.786175728,0,0
28.786216810,0,1
28.786240024,1,1
28.786259366,1,0
28.786300442,1,1
28.786343006,1,0
28.786384084,1,1
28.786426646,1,0
28.786467720,1,1
28.786510280,1,0
28.786553812,1,1
28.786596370,1,0
28.786634492,1,1
28.786677048,1,0
28.786721564,1,1
28.790347028,0,1
28.790358818,0,0
28.790401380,0,1
28.790424600,1,1
28.790443944,1,0
28.790485024,1,1
28.790506450,0,1
28.790526606,0,0
28.790567688,0,1
28.790590904,1,1
28.790610248,1,0
28.790651326,1,1
28.790672750,0,1
28.790692906,0,0
28.790733984,0,1
28.790757202,1,1
28.790776542,1,0
28.790817622,1,1
28.790860184,1,0
28.790901260,1,1
28.790922686,0,1
28.790942844,0,0
28.790983926,0,1
28.791025504,0,0
28.791069048,0,1
28.791092264,1,1
28.791111610,1,0
28.791149736,1,1
28.791192300,1,0
28.791236826,1,1
28.798014908,0,1
28.798026700,0,0
28.798069256,0,1
28.798110832,0,0
28.798151916,0,1
28.798193496,0,0
28.798234578,0,1
28.798276158,0,0
28.798317244,0,1
28.798358826,0,0
28.798399912,0,1
28.798423132,1,1
28.798442476,1,0
28.798483556,1,1
28.798526120,1,0
28.798567202,1,1
28.798609764,1,0
28.798650840,1,1
28.798693404,1,0
28.798736944,1,1
28.798779504,1,0
28.798817632,1,1
28.798860194,1,0
28.798904716,1,1
28.802530264,0,1
28.802542056,0,0
28.802584610,0,1
28.802626188,0,0
28.802667270,0,1
28.802708846,0,0
28.802749932,0,1
28.802773150,1,1
28.802792494,1,0
28.802833568,1,1
28.802876132,1,0
28.802917210,1,1
28.802959770,1,0
28.803000848,1,1
28.803043410,1,0
28.803084486,1,1
28.803105910,0,1
28.803126066,0,0
28.803167152,0,1
28.803208728,0,0
28.803252268,0,1
28.803275486,1,1
28.803294830,1,0
28.803332958,1,1
28.803375518,1,0
28.803420048,1,1
28.811272092,1,0
28.817411358,1,1
28.921204220,0,1
28.921216008,0,0
28.921258560,0,1
28.921300134,0,0
28.921341218,0,1
28.921382800,0,0
28.921423902,0,1
28.921447126,1,1
28.921466480,1,0
28.921507570,1,1
28.921550136,1,0
28.921591212,1,1
28.921633776,1,0
28.921674854,1,1
28.921717416,1,0
28.921758492,1,1
28.921779920,0,1
28.921800074,0,0
28.921841156,0,1
28.921882734,0,0
28.921926274,0,1
28.921949490,1,1
28.921968830,1,0
28.922006954,1,1
28.922049512,1,0
28.922094030,1,1
28.922111980,1,0
28.929411112,1,1
28.931543988,0,1
28.931555772,0,0
28.931598310,0,1
28.931621514,1,1
28.931640848,1,0
28.931681904,1,1
28.931703322,0,1
28.931723470,0,0
28.931764534,0,1
28.931787738,1,1
28.931807074,1,0
28.931848132,1,1
28.931869552,0,1
28.931889698,0,0
28.931930758,0,1
28.931953964,1,1
28.931973298,1,0
28.932014360,1,1
28.932056906,1,0
28.932097964,1,1
28.932119384,0,1
28.932139530,0,0
28.932180594,0,1
28.932222156,0,0
28.932265684,0,1
28.932288890,1,1
28.932308222,1,0
28.932346332,1,1
28.932388882,1,0
28.932433388,1,1
28.932452618,1,0
28.937410390,1,1
28.947200628,0,1
28.947212420,0,0
28.947254978,0,1
28.947296554,0,0
28.947337642,0,1
28.947379224,0,0
28.947420314,0,1
28.947461898,0,0
28.947502982,0,1
28.947544564,0,0
28.947585656,0,1
28.947608876,1,1
28.947628218,1,0
28.947669296,1,1
28.947711866,1,0
28.947752948,1,1
28.947795510,1,0
28.947836590,1,1
28.947879156,1,0
28.947922692,1,1
28.947965258,1,0
28.948003386,1,1
28.948045948,1,0
28.948090472,1,1
28.951716252,0,1
28.951728044,0,0
28.951770604,0,1
28.951812184,0,0
28.951853266,0,1
28.951894844,0,0
28.951935934,0,1
28.951959148,1,1
28.951978494,1,0
28.952019576,1,1
28.952062144,1,0
28.952103222,1,1
28.952145788,1,0
28.952186872,1,1
28.952229440,1,0
28.952270522,1,1
28.952291948,0,1
28.952312106,0,0
28.952353188,0,1
28.952394766,0,0
28.952438312,0,1
28.952461530,1,1
28.952480872,1,0
28.952519000,1,1
28.952561564,1,0
28.952606086,1,1
28.956231834,0,1
28.956243626,0,0
28.956286186,0,1
28.956327762,0,0
28.956368850,0,1
28.956410434,0,0
28.956451518,0,1
28.956493098,0,0
28.956534184,0,1
28.956575762,0,0
28.956616852,0,1
28.956640070,1,1
28.956659414,1,0
28.956700494,1,1
28.956743060,1,0
28.956784142,1,1
28.956826704,1,0
28.956867784,1,1
28.956910344,1,0
28.956953886,1,1
28.956996450,1,0
28.957034576,1,1
28.957077142,1,0
28.957121666,1,1
28.960747380,0,1
28.960759170,0,0
28.960801724,0,1
28.960824938,1,1
28.960844280,1,0
28.960885354,1,1
28.960906778,0,1
28.960926932,0,0
28.960968012,0,1
28.960991228,1,1
28.961010572,1,0
28.961051662,1,1
28.961073094,0,1
28.961093254,0,0
28.961134342,0,1
28.961157558,1,1
28.961176902,1,0
28.961217982,1,1
28.961260538,1,0
28.961301602,1,1
28.961323022,0,1
28.961343172,0,0
28.961384248,0,1
28.961425812,0,0
28.961469342,0,1
28.961492550,1,1
28.961511886,1,0
28.961549998,1,1
28.961592546,1,0
28.961637050,1,1
28.968927668,1,0
28.969412352,1,1
29.012038500,0,1
29.012050288,0,0
29.012092840,0,1
29.012134412,0,0
29.012175492,0,1
29.012217070,0,0
29.012258152,0,1
29.012281364,1,1
29.012300708,1,0
29.012341788,1,1
29.012384356,1,0
29.012425436,1,1
29.012467998,1,0
29.012509076,1,1
29.012551636,1,0
29.012592714,1,1
29.012614138,0,1
29.012634294,0,0
29.012675370,0,1
29.012716944,0,0
29.012760486,0,1
29.012783700,1,1
29.012803042,1,0
29.012841170,1,1
29.012883732,1,0
29.012928248,1,1
29.012946058,1,0
29.017410442,1,1
29.073803310,0,1
29.073815100,0,0
29.073857652,0,1
29.073880868,1,1
29.073900208,1,0
29.073941286,1,1
29.073962708,0,1
29.073982862,0,0
29.074023940,0,1
29.074047156,1,1
29.074066498,1,0
29.074107572,1,1
29.074128998,0,1
29.074149150,0,0
29.074190230,0,1
29.074213444,1,1
29.074232786,1,0
29.074273858,1,1
29.074316414,1,0
29.074357486,1,1
29.074378912,0,1
29.074399068,0,0
29.074440148,0,1
29.074481726,0,0
29.074525266,0,1
29.074548478,1,1
29.074567820,1,0
29.074605944,1,1
29.074648502,1,0
29.074693022,1,1
29.074711586,1,0
29.081410084,1,1
29.091859994,0,1
29.091871786,0,0
29.091914344,0,1
29.091955922,0,0
29.091997006,0,1
29.092038584,0,0
29.092079666,0,1
29.092121244,0,0
29.092162330,0,1
29.092203910,0,0
29.092244988,0,1
29.092268204,1,1
29.092287548,1,0
29.092328630,1,1
29.092371192,1,0
29.092412276,1,1
29.092454846,1,0
29.092495924,1,1
29.092538488,1,0
29.092582026,1,1
29.092624590,1,0
29.092662718,1,1
29.092705282,1,0
29.092749802,1,1
29.096376026,0,1
29.096387820,0,0
29.096430380,0,1
29.096453594,1,1
29.096472938,1,0
29.096514018,1,1
29.096535448,0,1
29.096555604,0,0
29.096596688,0,1
29.096619906,1,1
29.096639248,1,0
29.096680328,1,1
29.096701756,0,1
29.096721914,0,0
29.096763000,0,1
29.096786218,1,1
29.096805560,1,0
29.096846638,1,1
29.096889208,1,0
29.096930290,1,1
29.096951718,0,1
29.096971876,0,0
29.097012964,0,1
29.097054544,0,0
29.097098090,0,1
29.097121308,1,1
29.097140652,1,0
29.097178780,1,1
29.097221344,1,0
29.097265868,1,1
29.104943924,1,0
29.105410626,1,1
29.122062008,0,1
29.122073800,0,0
29.122116356,0,1
29.122157932,0,0
29.122199014,0,1
29.122240590,0,0
29.122281670,0,1
29.122323248,0,0
29.122364332,0,1
29.122405914,0,0
29.122446998,0,1
29.122470216,1,1
29.122489560,1,0
29.122530638,1,1
29.122573200,1,0
29.122614280,1,1
29.122656838,1,0
29.122697916,1,1
29.122740480,1,0
29.122784018,1,1
29.122826582,1,0
29.122864706,1,1
29.122907268,1,0
29.122951792,1,1
29.126577338,0,1
29.126589128,0,0
29.126631684,0,1
29.126673262,0,0
29.126714342,0,1
29.126755924,0,0
29.126797010,0,1
29.126820226,1,1
29.126839568,1,0
29.126880646,1,1
29.126923208,1,0
29.126964284,1,1
29.127006844,1,0
29.127047924,1,1
29.127090484,1,0
29.127131564,1,1
29.127152988,0,1
29.127173144,0,0
29.127214224,0,1
29.127255802,0,0
29.127299348,0,1
29.127322566,1,1
29.127341910,1,0
29.127380040,1,1
29.127422608,1,0
29.127467134,1,1
29.134831612,1,0
29.137410530,1,1
29.156262446,0,1
29.156274238,0,0
29.156316790,0,1
29.156358366,0,0
29.156399454,0,1
29.156441030,0,0
29.156482116,0,1
29.156505334,1,1
29.156524676,1,0
29.156565754,1,1
29.156608312,1,0
29.156649390,1,1
29.156691950,1,0
29.156733026,1,1
29.156775588,1,0
29.156816664,1,1
29.156838090,0,1
29.156858244,0,0
29.156899326,0,1
29.156940906,0,0
29.156984450,0,1
29.157007664,1,1
29.157027010,1,0
29.157065140,1,1
29.157107700,1,0
29.157152224,1,1
29.157170428,1,0
29.161410366,1,1
29.198338162,0,1
29.198349954,0,0
29.198392514,0,1
29.198415730,1,1
29.198435074,1,0
29.198476158,1,1
29.198518722,1,0
29.198559800,1,1
29.198581230,0,1
29.198601388,0,0
29.198642474,0,1
29.198684052,0,0
29.198725142,0,1
29.198766724,0,0
29.198807810,0,1
29.198849392,0,0
29.198890476,0,1
29.198913692,1,1
29.198933032,1,0
29.198974110,1,1
29.198995540,0,1
29.199015694,0,0
29.199059236,0,1
29.199100816,0,0
29.199138950,0,1
29.199162164,1,1
29.199181508,1,0
29.199226030,1,1
29.199244002,1,0
29.201409930,1,1
29.237646324,0,1
29.237658108,0,0
29.237700644,0,1
29.237742200,0,0
29.237783264,0,1
29.237824822,0,0
29.237865882,0,1
29.237907440,0,0
29.237948500,0,1
29.237990056,0,0
29.238031116,0,1
29.238054324,1,1
29.238073656,1,0
29.238114714,1,1
29.238157254,1,0
29.238198308,1,1
29.238240850,1,0
29.238281906,1,1
29.238324444,1,0
29.238367962,1,1
29.238410504,1,0
29.238448608,1,1
29.238491152,1,0
29.238535650,1,1
29.242161782,0,1
29.242173574,0,0
29.242216130,0,1
29.242239348,1,1
29.242258690,1,0
29.242299770,1,1
29.242342334,1,0
29.242383420,1,1
29.242404846,0,1
29.242425002,0,0
29.242466090,0,1
29.242507674,0,0
29.242548762,0,1
29.242590340,0,0
29.242631424,0,1
29.242673006,0,0
29.242714090,0,1
29.242737308,1,1
29.242756652,1,0
29.242797736,1,1
29.242819164,0,1
29.242839320,0,0
29.242882868,0,1
29.242924450,0,0
29.242962582,0,1
29.242985800,1,1
29.243005148,1,0
29.243049680,1,1
29.251277836,1,0
29.257409710,1,1
29.258067374,0,1
29.258079164,0,0
29.258121722,0,1
29.258163298,0,0
29.258204382,0,1
29.258245962,0,0
29.258287044,0,1
29.258328622,0,0
29.258369708,0,1
29.258411288,0,0
29.258452372,0,1
29.258475590,1,1
29.258494932,1,0
29.258536014,1,1
29.258578576,1,0
29.258619656,1,1
29.258662216,1,0
29.258703294,1,1
29.258745858,1,0
29.258789396,1,1
29.258831956,1,0
29.258870082,1,1
29.258912644,1,0
29.258957166,1,1
29.262582850,0,1
29.262594642,0,0
29.262637196,0,1
29.262678776,0,0
29.262719860,0,1
29.262761438,0,0
29.262802522,0,1
29.262825740,1,1
29.262845082,1,0
29.262886164,1,1
29.262928726,1,0
29.262969810,1,1
29.263012370,1,0
29.263053448,1,1
29.263096012,1,0
29.263137090,1,1
29.263158514,0,1
29.263178670,0,0
29.263219754,0,1
29.263261336,0,0
29.263304880,0,1
29.263328100,1,1
29.263347444,1,0
29.263385576,1,1
29.263428142,1,0
29.263472672,1,1
29.270849436,1,0
29.273410212,1,1
29.357510116,0,1
29.357521906,0,0
29.357564460,0,1
29.357587674,1,1
29.357607016,1,0
29.357648090,1,1
29.357669514,0,1
29.357689668,0,0
29.357730748,0,1
29.357753964,1,1
29.357773306,1,0
29.357814386,1,1
29.357835812,0,1
29.357855970,0,0
29.357897054,0,1
29.357920268,1,1
29.357939610,1,0
29.357980690,1,1
29.358023248,1,0
29.358064322,1,1
29.358085746,0,1
29.358105900,0,0
29.358146978,0,1
29.358188550,0,0
29.358232090,0,1
29.358255306,1,1
29.358274648,1,0
29.358312772,1,1
29.358355332,1,0
29.358399856,1,1
29.358418938,1,0
29.361409886,1,1
29.362026480,0,1
29.362038272,0,0
29.362080830,0,1
29.362122410,0,0
29.362163496,0,1
29.362205076,0,0
29.362246160,0,1
29.362269376,1,1
29.362288720,1,0
29.362329798,1,1
29.362372366,1,0
29.362413454,1,1
29.362456020,1,0
29.362497100,1,1
29.362539666,1,0
29.362580750,1,1
29.362602176,0,1
29.362622332,0,0
29.362663414,0,1
29.362704994,0,0
29.362748534,0,1
29.362771750,1,1
29.362791092,1,0
29.362829224,1,1
29.362871786,1,0
29.362916308,1,1
29.362935290,1,0
29.369409422,1,1
29.382203876,0,1
29.382215668,0,0
29.382258226,0,1
29.382299800,0,0
29.382340888,0,1
29.382382470,0,0
29.382423560,0,1
29.382465140,0,0
29.382506228,0,1
29.382547806,0,0
29.382588890,0,1
29.382612112,1,1
29.382631456,1,0
29.382672536,1,1
29.382715098,1,0
29.382756178,1,1
29.382798742,1,0
29.382839820,1,1
29.382882386,1,0
29.382925924,1,1
29.382968486,1,0
29.383006616,1,1
29.383049180,1,0
29.383093704,1,1
29.386719496,0,1
29.386731288,0,0
29.386773844,0,1
29.386815422,0,0
29.386856506,0,1
29.386898082,0,0
29.386939166,0,1
29.386962384,1,1
29.386981728,1,0
29.387022806,1,1
29.387065370,1,0
29.387106452,1,1
29.387149010,1,0
29.387190090,1,1
29.387232652,1,0
29.387273730,1,1
29.387295158,0,1
29.387315316,0,0
29.387356404,0,1
29.387397992,0,0
29.387441544,0,1
29.387464764,1,1
29.387484106,1,0
29.387522236,1,1
29.387564796,1,0
29.387609322,1,1
29.394387414,0,1
29.394399208,0,0
29.394441770,0,1
29.394483348,0,0
29.394524438,0,1
29.394566018,0,0
29.394607102,0,1
29.394648682,0,0
29.394689770,0,1
29.394731352,0,0
29.394772438,0,1
29.394795660,1,1
29.394815004,1,0
29.394856086,1,1
29.394898650,1,0
29.394939730,1,1
29.394982294,1,0
29.395023370,1,1
29.395065938,1,0
29.395109480,1,1
29.395152046,1,0
29.395190176,1,1
29.395232740,1,0
29.395277264,1,1
29.398903128,0,1
29.398914920,0,0
29.398957478,0,1
29.398980694,1,1
29.399000038,1,0
29.399041122,1,1
29.399062546,0,1
29.399082700,0,0
29.399123784,0,1
29.399147000,1,1
29.399166346,1,0
29.399207424,1,1
29.399228850,0,1
29.399249006,0,0
29.399290088,0,1
29.399313306,1,1
29.399332650,1,0
29.399373732,1,1
29.399416304,1,0
29.399457384,1,1
29.399478810,0,1
29.399498966,0,0
29.399540048,0,1
29.399581630,0,0
29.399625174,0,1
29.399648394,1,1
29.399667740,1,0
29.399705866,1,1
29.399748428,1,0
29.399792954,1,1
29.407906658,1,0
29.409410536,1,1
29.451187558,0,1
29.451199348,0,0
29.451241902,0,1
29.451283478,0,0
29.451324564,0,1
29.451366140,0,0
29.451407230,0,1
29.451430448,1,1
29.451449792,1,0
29.451490870,1,1
29.451533430,1,0
29.451574508,1,1
29.451617072,1,0
29.451658148,1,1
29.451700710,1,0
29.451741786,1,1
29.451763210,0,1
29.451783364,0,0
29.451824448,0,1
29.451866026,0,0
29.451909574,0,1
29.451932792,1,1
29.451952138,1,0
29.451990264,1,1
29.452032828,1,0
29.452077348,1,1
29.452095762,1,0
29.457410298,1,1
29.458881390,0,1
29.458893182,0,0
29.458935740,0,1
29.458958958,1,1
29.458978298,1,0
29.459019380,1,1
29.459061946,1,0
29.459103026,1,1
29.459124452,0,1
29.459144612,0,0
29.459185698,0,1
29.459227278,0,0
29.459268360,0,1
29.459309942,0,0
29.459351028,0,1
29.459392608,0,0
29.459433696,0,1
29.459456916,1,1
29.459476258,1,0
29.459517340,1,1
29.459538770,0,1
29.459558930,0,0
29.459602476,0,1
29.459644056,0,0
29.459682190,0,1
29.459705410,1,1
29.459724752,1,0
29.459769274,1,1
29.459787834,1,0
29.465409418,1,1
29.531660520,0,1
29.531672310,0,0
29.531714866,0,1
29.531756446,0,0
29.531797534,0,1
29.531839110,0,0
29.531880192,0,1
29.531921770,0,0
29.531962852,0,1
29.532004428,0,0
29.532045514,0,1
29.532068732,1,1
29.532088076,1,0
29.532129158,1,1
29.532171726,1,0
29.532212808,1,1
29.532255368,1,0
29.532296446,1,1
29.532339008,1,0
29.532382548,1,1
29.532425116,1,0
29.532463246,1,1
29.532505808,1,0
29.532550330,1,1
29.536175760,0,1
29.536187548,0,0
29.536230104,0,1
29.536271678,0,0
29.536312756,0,1
29.536354332,0,0
29.536395414,0,1
29.536418630,1,1
29.536437972,1,0
29.536479050,1,1
29.536521614,1,0
29.536562686,1,1
29.536605244,1,0
29.536646320,1,1
29.536688874,1,0
29.536729950,1,1
29.536751372,0,1
29.536771526,0,0
29.536812604,0,1
29.536854182,0,0
29.536897728,0,1
29.536920942,1,1
29.536940286,1,0
29.536978410,1,1
29.537020972,1,0
29.537065492,1,1
29.544965868,1,0
29.545423856,1,1
29.564498528,0,1
29.564510318,0,0
29.564552880,0,1
29.564594460,0,0
29.564635542,0,1
29.564677120,0,0
29.564718206,0,1
29.564759784,0,0
29.564800870,0,1
29.564842450,0,0
29.564883532,0,1
29.564906748,1,1
29.564926092,1,0
29.564967174,1,1
29.565009738,1,0
29.565050818,1,1
29.565093384,1,0
29.565134462,1,1
29.565177026,1,0
29.565220568,1,1
29.565263130,1,0
29.565301256,1,1
29.565343822,1,0
29.565388350,1,1
29.569014934,0,1
29.569026726,0,0
29.569069282,0,1
29.569092500,1,1
29.569111842,1,0
29.569152924,1,1
29.569195484,1,0
29.569236558,1,1
29.569257986,0,1
29.569278140,0,0
29.569319222,0,1
29.569360802,0,0
29.569401896,0,1
29.569443476,0,0
29.569484562,0,1
29.569526146,0,0
29.569567234,0,1
29.569590454,1,1
29.569609796,1,0
29.569650874,1,1
29.569672302,0,1
29.569692456,0,0
29.569735994,0,1
29.569777574,0,0
29.569815706,0,1
29.569838922,1,1
29.569858264,1,0
29.569902784,1,1
29.577947820,1,0
29.585410016,1,1
29.670814328,0,1
29.670826118,0,0
29.670868670,0,1
29.670891884,1,1
29.670911224,1,0
29.670952294,1,1
29.670994854,1,0
29.671035926,1,1
29.671057350,0,1
29.671077502,0,0
29.671118582,0,1
29.671160156,0,0
29.671201236,0,1
29.671224450,1,1
29.671243792,1,0
29.671284868,1,1
29.671327426,1,0
29.671368502,1,1
29.671389934,0,1
29.671410096,0,0
29.671451198,0,1
29.671492800,0,0
29.671536364,0,1
29.671559586,1,1
29.671578928,1,0
29.671617058,1,1
29.671659622,1,0
29.671704142,1,1
29.671722630,1,0
29.673408650,1,1
29.675327364,0,1
29.675339156,0,0
29.675381714,0,1
29.675404934,1,1
29.675424280,1,0
29.675465366,1,1
29.675507930,1,0
29.675549014,1,1
29.675570444,0,1
29.675590602,0,0
29.675631686,0,1
29.675654904,1,1
29.675674246,1,0
29.675715328,1,1
29.675757890,1,0
29.675798972,1,1
29.675841534,1,0
29.675882612,1,1
29.675904036,0,1
29.675924194,0,0
29.675965278,0,1
29.676006858,0,0
29.676050402,0,1
29.676091982,0,0
29.676130114,0,1
29.676153332,1,1
29.676172674,1,0
29.676217198,1,1
29.676236524,1,0
29.681409370,1,1
29.695960862,0,1
29.695972656,0,0
29.696015228,0,1
29.696056818,0,0
29.696097916,0,1
29.696139510,0,0
29.696180600,0,1
29.696222184,0,0
29.696263272,0,1
29.696304858,0,0
29.696345944,0,1
29.696369164,1,1
29.696388512,1,0
29.696429600,1,1
29.696472170,1,0
29.696513258,1,1
29.696555826,1,0
29.696596906,1,1
29.696639476,1,0
29.696683024,1,1
29.696725590,1,0
29.696763720,1,1
29.696806290,1,0
29.696850816,1,1
29.700476710,0,1
29.700488502,0,0
29.700531060,0,1
29.700554276,1,1
29.700573620,1,0
29.700614706,1,1
29.700657268,1,0
29.700698352,1,1
29.700719780,0,1
29.700739938,0,0
29.700781028,0,1
29.700822608,0,0
29.700863698,0,1
29.700886916,1,1
29.700906264,1,0
29.700947348,1,1
29.700989918,1,0
29.701031002,1,1
29.701052430,0,1
29.701072588,0,0
29.701113682,0,1
29.701155266,0,0
29.701198818,0,1
29.701222038,1,1
29.701241384,1,0
29.701279514,1,1
29.701322084,1,0
29.701366616,1,1
29.704992636,0,1
29.705004426,0,0
29.705046984,0,1
29.705088560,0,0
29.705129642,0,1
29.705171222,0,0
29.705212310,0,1
29.705253892,0,0
29.705294980,0,1
29.705336566,0,0
29.705377658,0,1
29.705400882,1,1
29.705420230,1,0
29.705461320,1,1
29.705503884,1,0
29.705544962,1,1
29.705587528,1,0
29.705628606,1,1
29.705671166,1,0
29.705714706,1,1
29.705757272,1,0
29.705795396,1,1
29.705837964,1,0
29.705882488,1,1
29.709505222,0,1
29.709517014,0,0
29.709559570,0,1
29.709582784,1,1
29.709602126,1,0
29.709643210,1,1
29.709685768,1,0
29.709726846,1,1
29.709748274,0,1
29.709768432,0,0
29.709809520,0,1
29.709832736,1,1
29.709852078,1,0
29.709893160,1,1
29.709935724,1,0
29.709976800,1,1
29.710019360,1,0
29.710060438,1,1
29.710081866,0,1
29.710102020,0,0
29.710143108,0,1
29.710184690,0,0
29.710228232,0,1
29.710269810,0,0
29.710307942,0,1
29.710331162,1,1
29.710350504,1,0
29.710395038,1,1
29.718107888,1,0
29.721409694,1,1
29.768514590,0,1
29.768526380,0,0
29.768568934,0,1
29.768592148,1,1
29.768611490,1,0
29.768652564,1,1
29.768695124,1,0
29.768736196,1,1
29.768757624,0,1
29.768777778,0,0
29.768818856,0,1
29.768842072,1,1
29.768861414,1,0
29.768902490,1,1
29.768945048,1,0
29.768986124,1,1
29.769028688,1,0
29.769069764,1,1
29.769091186,0,1
29.769111338,0,0
29.769152418,0,1
29.769193992,0,0
29.769237528,0,1
29.769279106,0,0
29.769317238,0,1
29.769340454,1,1
29.769359796,1,0
29.769404326,1,1
29.769422048,1,0
29.777409858,1,1
29.779312190,0,1
29.779323982,0,0
29.779366548,0,1
29.779389770,1,1
29.779409114,1,0
29.779450196,1,1
29.779492762,1,0
29.779533844,1,1
29.779555272,0,1
29.779575428,0,0
29.779616514,0,1
29.779658094,0,0
29.779699176,0,1
29.779722392,1,1
29.779741736,1,0
29.779782822,1,1
29.779825388,1,0
29.779866470,1,1
29.779887898,0,1
29.779908056,0,0
29.779949140,0,1
29.779990718,0,0
29.780034264,0,1
29.780057482,1,1
29.780076828,1,0
29.780114956,1,1
29.780157520,1,0
29.780202044,1,1
29.780220410,1,0
29.785409186,1,1
29.866915070,0,1
29.866926860,0,0
29.866969416,0,1
29.867010990,0,0
29.867052076,0,1
29.867093654,0,0
29.867134736,0,1
29.867176316,0,0
29.867217400,0,1
29.867258974,0,0
29.867300058,0,1
29.867323276,1,1
29.867342622,1,0
29.867383702,1,1
29.867426274,1,0
29.867467356,1,1
29.867509920,1,0
29.867550996,1,1
29.867593560,1,0
29.867637096,1,1
29.867679658,1,0
29.867717782,1,1
29.867760336,1,0
29.867804852,1,1
29.871430460,0,1
29.871442250,0,0
29.871484808,0,1
29.871508026,1,1
29.871527368,1,0
29.871568448,1,1
29.871611010,1,0
29.871652088,1,1
29.871673516,0,1
29.871693670,0,0
29.871734754,0,1
29.871776336,0,0
29.871817420,0,1
29.871840638,1,1
29.871859978,1,0
29.871901058,1,1
29.871943620,1,0
29.871984696,1,1
29.872006120,0,1
29.872026276,0,0
29.872067358,0,1
29.872108932,0,0
29.872152476,0,1
29.872175692,1,1
29.872195036,1,0
29.872233160,1,1
29.872275722,1,0
29.872320244,1,1
29.879098084,0,1
29.879109876,0,0
29.879152434,0,1
29.879194008,0,0
29.879235092,0,1
29.879276670,0,0
29.879317754,0,1
29.879359332,0,0
29.879400422,0,1
29.879442002,0,0
29.879483086,0,1
29.879506304,1,1
29.879525648,1,0
29.879566730,1,1
29.879609292,1,0
29.879650372,1,1
29.879692936,1,0
29.879734014,1,1
29.879776578,1,0
29.879820118,1,1
29.879862678,1,0
29.879900800,1,1
29.879943360,1,0
29.879987876,1,1
29.883610336,0,1
29.883622126,0,0
29.883664684,0,1
29.883687900,1,1
29.883707244,1,0
29.883748320,1,1
29.883790880,1,0
29.883831956,1,1
29.883853382,0,1
29.883873536,0,0
29.883914616,0,1
29.883937832,1,1
29.883957176,1,0
29.883998254,1,1
29.884040812,1,0
29.884081888,1,1
29.884124450,1,0
29.884165524,1,1
29.884186950,0,1
29.884207106,0,0
29.884248184,0,1
29.884289762,0,0
29.884333300,0,1
29.884374880,0,0
29.884413012,0,1
29.884436226,1,1
29.884455570,1,0
29.884500096,1,1
29.892263548,1,0
29.897409294,1,1
29.913298416,0,1
29.913310208,0,0
29.913352776,0,1
29.913375996,1,1
29.913395342,1,0
29.913436426,1,1
29.913478990,1,0
29.913520068,1,1
29.913541494,0,1
29.913561652,0,0
29.913602738,0,1
29.913644318,0,0
29.913685400,0,1
29.913708618,1,1
29.913727962,1,0
29.913769044,1,1
29.913811606,1,0
29.913852688,1,1
29.913874114,0,1
29.913894270,0,0
29.913935350,0,1
29.913976932,0,0
29.914020480,0,1
29.914043696,1,1
29.914063040,1,0
29.914101174,1,1
29.914143740,1,0
29.914188262,1,1
29.914205986,1,0
29.921409292,1,1
29.943434272,0,1
29.943446064,0,0
29.943488624,0,1
29.943530198,0,0
29.943571280,0,1
29.943612856,0,0
29.943653940,0,1
29.943677154,1,1
29.943696498,1,0
29.943737578,1,1
29.943759004,0,1
29.943779160,0,0
29.943820242,0,1
29.943843458,1,1
29.943862800,1,0
29.943903882,1,1
29.943946444,1,0
29.943987522,1,1
29.944008950,0,1
29.944029104,0,0
29.944070188,0,1
29.944111766,0,0
29.944155312,0,1
29.944196888,0,0
29.944235018,0,1
29.944258234,1,1
29.944277574,1,0
29.944322096,1,1
29.944340648,1,0
29.945408266,1,1
30.004552364,0,1
30.004564154,0,0
30.004606708,0,1
30.004648282,0,0
30.004689364,0,1
30.004730938,0,0
30.004772012,0,1
30.004813588,0,0
30.004854666,0,1
30.004896240,0,0
30.004937322,0,1
30.004960538,1,1
30.004979878,1,0
30.005020956,1,1
30.005063518,1,0
30.005104596,1,1
30.005147148,1,0
30.005188220,1,1
30.005230776,1,0
30.005274306,1,1
30.005316868,1,0
30.005354992,1,1
30.005397556,1,0
30.005442074,1,1
30.009067616,0,1
30.009079408,0,0
30.009121972,0,1
30.009145190,1,1
30.009164534,1,0
30.009205618,1,1
30.009248186,1,0
30.009289270,1,1
30.009310702,0,1
30.009330862,0,0
30.009371952,0,1
30.009413544,0,0
30.009454634,0,1
30.009477852,1,1
30.009497198,1,0
30.009538280,1,1
30.009580846,1,0
30.009621928,1,1
30.009643354,0,1
30.009663514,0,0
30.009704604,0,1
30.009746184,0,0
30.009789736,0,1
30.009812956,1,1
30.009832302,1,0
30.009870436,1,1
30.009913002,1,0
30.009957528,1,1
30.013583076,0,1
30.013594868,0,0
30.013637424,0,1
30.013679000,0,0
30.013720082,0,1
30.013761658,0,0
30.013802740,0,1
30.013844318,0,0
30.013885400,0,1
30.013926974,0,0
30.013968058,0,1
30.013991274,1,1
30.014010616,1,0
30.014051694,1,1
30.014094254,1,0
30.014135334,1,1
30.014177894,1,0
30.014218970,1,1
30.014261532,1,0
30.014305066,1,1
30.014347628,1,0
30.014385756,1,1
30.014428320,1,0
30.014472838,1,1
30.018099462,0,1
30.018111252,0,0
30.018153804,0,1
30.018195382,0,0
30.018236466,0,1
30.018278042,0,0
30.018319128,0,1
30.018342342,1,1
30.018361688,1,0
30.018402770,1,1
30.018424198,0,1
30.018444354,0,0
30.018485436,0,1
30.018508648,1,1
30.018527992,1,0
30.018569066,1,1
30.018611628,1,0
30.018652706,1,1
30.018674130,0,1
30.018694286,0,0
30.018735366,0,1
30.018776938,0,0
30.018820476,0,1
30.018862052,0,0
30.018900178,0,1
30.018923392,1,1
30.018942732,1,0
30.018987254,1,1
30.026229176,1,0
30.033409988,1,1
30.093367410,0,1
30.093379202,0,0
30.093421762,0,1
30.093463334,0,0
30.093504412,0,1
30.093545988,0,0
30.093587068,0,1
30.093610284,1,1
30.093629626,1,0
30.093670702,1,1
30.093713264,1,0
30.093754340,1,1
30.093775762,0,1
30.093795918,0,0
30.093836996,0,1
30.093860210,1,1
30.093879550,1,0
30.093920624,1,1
30.093942048,0,1
30.093962202,0,0
30.094003280,0,1
30.094044856,0,0
30.094088396,0,1
30.094129970,0,0
30.094168098,0,1
30.094191314,1,1
30.094210656,1,0
30.094255178,1,1
30.094273942,1,0
30.097408630,1,1
30.101567696,0,1
30.101579488,0,0
30.101622046,0,1
30.101645264,1,1
30.101664608,1,0
30.101705692,1,1
30.101727118,0,1
30.101747274,0,0
30.101788360,0,1
30.101811578,1,1
30.101830920,1,0
30.101872002,1,1
30.101914564,1,0
30.101955644,1,1
30.101998206,1,0
30.102039282,1,1
30.102081848,1,0
30.102122926,1,1
30.102144352,0,1
30.102164508,0,0
30.102205592,0,1
30.102247174,0,0
30.102290724,0,1
30.102332308,0,0
30.102370442,0,1
30.102393662,1,1
30.102413008,1,0
30.102457536,1,1
30.102474946,1,0
30.105408606,1,1
30.131802586,0,1
30.131814376,0,0
30.131856930,0,1
30.131880144,1,1
30.131899486,1,0
30.131940564,1,1
30.131961988,0,1
30.131982142,0,0
30.132023222,0,1
30.132046436,1,1
30.132065778,1,0
30.132106858,1,1
30.132128284,0,1
30.132148440,0,0
30.132189520,0,1
30.132212738,1,1
30.132232084,1,0
30.132273170,1,1
30.132315736,1,0
30.132356832,1,1
30.132378266,0,1
30.132398432,0,0
30.132439534,0,1
30.132481134,0,0
30.132524700,0,1
30.132547928,1,1
30.132567282,1,0
30.132605432,1,1
30.132648016,1,0
30.132692560,1,1
30.132711462,1,0
30.137407696,1,1
30.176545628,0,1
30.176557420,0,0
30.176599974,0,1
30.176641550,0,0
30.176682632,0,1
30.176724208,0,0
30.176765294,0,1
30.176806870,0,0
30.176847950,0,1
30.176889526,0,0
30.176930606,0,1
30.176953822,1,1
30.176973164,1,0
30.177014242,1,1
30.177056802,1,0
30.177097880,1,1
30.177140440,1,0
30.177181522,1,1
30.177224084,1,0
30.177267620,1,1
30.177310186,1,0
30.177348316,1,1
30.177390886,1,0
30.177435422,1,1
30.181058122,0,1
30.181069912,0,0
30.181112470,0,1
30.181135686,1,1
30.181155026,1,0
30.181196106,1,1
30.181217530,0,1
30.181237686,0,0
30.181278766,0,1
30.181301986,1,1
30.181321330,1,0
30.181362412,1,1
30.181404976,1,0
30.181446052,1,1
30.181488614,1,0
30.181529690,1,1
30.181572250,1,0
30.181613328,1,1
30.181634756,0,1
30.181654912,0,0
30.181695994,0,1
30.181737570,0,0
30.181781114,0,1
30.181822692,0,0
30.181860820,0,1
30.181884038,1,1
30.181903380,1,0
30.181947904,1,1
30.185573658,0,1
30.185585450,0,0
30.185628008,0,1
30.185669588,0,0
30.185710676,0,1
30.185752254,0,0
30.185793342,0,1
30.185834926,0,0
30.185876010,0,1
30.185917592,0,0
30.185958680,0,1
30.185981896,1,1
30.186001242,1,0
30.186042320,1,1
30.186084886,1,0
30.186125970,1,1
30.186168534,1,0
30.186209618,1,1
30.186252182,1,0
30.186295720,1,1
30.186338284,1,0
30.186376414,1,1
30.186418980,1,0
30.186463504,1,1
30.190089280,0,1
30.190101066,0,0
30.190143608,0,1
30.190166814,1,1
30.190186148,1,0
30.190227210,1,1
30.190248626,0,1
30.190268774,0,0
30.190309842,0,1
30.190333046,1,1
30.190352382,1,0
30.190393448,1,1
30.190414868,0,1
30.190435018,0,0
30.190476082,0,1
30.190499286,1,1
30.190518622,1,0
30.190559682,1,1
30.190602226,1,0
30.190643294,1,1
30.190664714,0,1
30.190684870,0,0
30.190725950,0,1
30.190767526,0,0
30.190811066,0,1
30.190834284,1,1
30.190853626,1,0
30.190891752,1,1
30.190934318,1,0
30.190978846,1,1
30.198336952,1,0
30.201407646,1,1
30.244448070,0,1
30.244459862,0,0
30.244502418,0,1
30.244543996,0,0
30.244585080,0,1
30.244608298,1,1
30.244627638,1,0
30.244668722,1,1
30.244711284,1,0
30.244752362,1,1
30.244794924,1,0
30.244836004,1,1
30.244878570,1,0
30.244919652,1,1
30.244962216,1,0
30.245003292,1,1
30.245024720,0,1
30.245044876,0,0
30.245085964,0,1
30.245127546,0,0
30.245171098,0,1
30.245212680,0,0
30.245250814,0,1
30.245274030,1,1
30.245293376,1,0
30.245337902,1,1
30.245355970,1,0
30.249407628,1,1
30.288902948,0,1
30.288914740,0,0
30.288957302,0,1
30.288980520,1,1
30.288999864,1,0
30.289040946,1,1
30.289062370,0,1
30.289082528,0,0
30.289123614,0,1
30.289146830,1,1
30.289166174,1,0
30.289207254,1,1
30.289249820,1,0
30.289290898,1,1
30.289333464,1,0
30.289374550,1,1
30.289417120,1,0
30.289458200,1,1
30.289479630,0,1
30.289499788,0,0
30.289540870,0,1
30.289582450,0,0
30.289626000,0,1
30.289667580,0,0
30.289705712,0,1
30.289728928,1,1
30.289748272,1,0
30.289792794,1,1
30.289811428,1,0
30.297407760,1,1
30.334317146,0,1
30.334328938,0,0
30.334371492,0,1
30.334413072,0,0
30.334454158,0,1
30.334495736,0,0
30.334536816,0,1
30.334578396,0,0
30.334619480,0,1
30.334661058,0,0
30.334702142,0,1
30.334725358,1,1
30.334744702,1,0
30.334785782,1,1
30.334828346,1,0
30.334869428,1,1
30.334911990,1,0
30.334953070,1,1
30.334995634,1,0
30.335039170,1,1
30.335081728,1,0
30.335119854,1,1
30.335162412,1,0
30.335206930,1,1
30.338833420,0,1
30.338845210,0,0
30.338887762,0,1
30.338929338,0,0
30.338970418,0,1
30.339011996,0,0
30.339053076,0,1
30.339076290,1,1
30.339095630,1,0
30.339136702,1,1
30.339179262,1,0
30.339220336,1,1
30.339241758,0,1
30.339261910,0,0
30.339302992,0,1
30.339326208,1,1
30.339345550,1,0
30.339386630,1,1
30.339408058,0,1
30.339428216,0,0
30.339469298,0,1
30.339510872,0,0
30.339554412,0,1
30.339595986,0,0
30.339634114,0,1
30.339657326,1,1
30.339676668,1,0
30.339721186,1,1
30.343346688,0,1
30.343358478,0,0
30.343401038,0,1
30.343442614,0,0
30.343483694,0,1
30.343525272,0,0
30.343566354,0,1
30.343607934,0,0
30.343649016,0,1
30.343690592,0,0
30.343731672,0,1
30.343754886,1,1
30.343774228,1,0
30.343815306,1,1
30.343857866,1,0
30.343898946,1,1
30.343941506,1,0
30.343982582,1,1
30.344025146,1,0
30.344068686,1,1
30.344111248,1,0
30.344149372,1,1
30.344191934,1,0
30.344236452,1,1
30.347859192,0,1
30.347870984,0,0
30.347913538,0,1
30.347936752,1,1
30.347956096,1,0
30.347997178,1,1
30.348018602,0,1
30.348038758,0,0
30.348079842,0,1
30.348103058,1,1
30.348122402,1,0
30.348163480,1,1
30.348206044,1,0
30.348247124,1,1
30.348289688,1,0
30.348330766,1,1
30.348373332,1,0
30.348414414,1,1
30.348435842,0,1
30.348455998,0,0
30.348497084,0,1
30.348538664,0,0
30.348582206,0,1
30.348623788,0,0
30.348661920,0,1
30.348685136,1,1
30.348704478,1,0
30.348749008,1,1
30.356013664,1,0
30.361408654,1,1
30.376119086,0,1
30.376130878,0,0
30.376173436,0,1
30.376215010,0,0
30.376256094,0,1
30.376297672,0,0
30.376338750,0,1
30.376380328,0,0
30.376421410,0,1
30.376462992,0,0
30.376504076,0,1
30.376527294,1,1
30.376546636,1,0
30.376587714,1,1
30.376630274,1,0
30.376671352,1,1
30.376713914,1,0
30.376754992,1,1
30.376797554,1,0
30.376841086,1,1
30.376883648,1,0
30.376921776,1,1
30.376964334,1,0
30.377008852,1,1
30.380632048,0,1
30.380643838,0,0
30.380686396,0,1
30.380727972,0,0
30.380769058,0,1
30.380792274,1,1
30.380811616,1,0
30.380852698,1,1
30.380895260,1,0
30.380936340,1,1
30.380978900,1,0
30.381019974,1,1
30.381062534,1,0
30.381103610,1,1
30.381146174,1,0
30.381187250,1,1
30.381208678,0,1
30.381228834,0,0
30.381269918,0,1
30.381311498,0,0
30.381355040,0,1
30.381396626,0,0
30.381434760,0,1
30.381457974,1,1
30.381477318,1,0
30.381521842,1,1
30.388989120,1,0
30.393407938,1,1
30.399972568,0,1
30.399984360,0,0
30.400026920,0,1
30.400068496,0,0
30.400109576,0,1
30.400132794,1,1
30.400152138,1,0
30.400193216,1,1
30.400235780,1,0
30.400276858,1,1
30.400319424,1,0
30.400360504,1,1
30.400403076,1,0
30.400444160,1,1
30.400486722,1,0
30.400527804,1,1
30.400549232,0,1
30.400569388,0,0
30.400610474,0,1
30.400652058,0,0
30.400695604,0,1
30.400737184,0,0
30.400775320,0,1
30.400798540,1,1
30.400817884,1,0
30.400862408,1,1
30.400880118,1,0
30.401407782,1,1
30.420566634,0,1
30.420578428,0,0
30.420620990,0,1
30.420662572,0,0
30.420703660,0,1
30.420745240,0,0
30.420786322,0,1
30.420809542,1,1
30.420828888,1,0
30.420869968,1,1
30.420912532,1,0
30.420953614,1,1
30.420975042,0,1
30.420995200,0,0
30.421036288,0,1
30.421059504,1,1
30.421078852,1,0
30.421119932,1,1
30.421141362,0,1
30.421161516,0,0
30.421202600,0,1
30.421244180,0,0
30.421287724,0,1
30.421329308,0,0
30.421367444,0,1
30.421390666,1,1
30.421410018,1,0
30.421454568,1,1
30.421473086,1,0
30.425408164,1,1
30.460655616,0,1
30.460667400,0,0
30.460709926,0,1
30.460733124,1,1
30.460752454,1,0
30.460793500,1,1
30.460814914,0,1
30.460835054,0,0
30.460876108,0,1
30.460899308,1,1
30.460918638,1,0
30.460959690,1,1
30.461002224,1,0
30.461043272,1,1
30.461085804,1,0
30.461126848,1,1
30.461169380,1,0
30.461210428,1,1
30.461231848,0,1
30.461251996,0,0
30.461293064,0,1
30.461334622,0,0
30.461378142,0,1
30.461419700,0,0
30.461457808,0,1
30.461481010,1,1
30.461500340,1,0
30.461544830,1,1
30.461562962,1,0
30.465408168,1,1
30.480162074,0,1
30.480173864,0,0
30.480216424,0,1
30.480258002,0,0
30.480299084,0,1
30.480340666,0,0
30.480381756,0,1
30.480423336,0,0
30.480464422,0,1
30.480506006,0,0
30.480547090,0,1
30.480570306,1,1
30.480589650,1,0
30.480630732,1,1
30.480673296,1,0
30.480714378,1,1
30.480756942,1,0
30.480798022,1,1
30.480840586,1,0
30.480884132,1,1
30.480926694,1,0
30.480964820,1,1
30.481007386,1,0
30.481051910,1,1
30.484674786,0,1
30.484686576,0,0
30.484729136,0,1
30.484752352,1,1
30.484771694,1,0
30.484812778,1,1
30.484834208,0,1
30.484854362,0,0
30.484895448,0,1
30.484918670,1,1
30.484938014,1,0
30.484979098,1,1
30.485021660,1,0
30.485062742,1,1
30.485105302,1,0
30.485146380,1,1
30.485188946,1,0
30.485230030,1,1
30.485251458,0,1
30.485271614,0,0
30.485312704,0,1
30.485354286,0,0
30.485397834,0,1
30.485439416,0,0
30.485477550,0,1
30.485500764,1,1
30.485520110,1,0
30.485564636,1,1
30.493076136,1,0
30.497407836,1,1
30.497811432,0,1
30.497823222,0,0
30.497865770,0,1
30.497907348,0,0
30.497948428,0,1
30.497990006,0,0
30.498031092,0,1
30.498072672,0,0
30.498113754,0,1
30.498155336,0,0
30.498196422,0,1
30.498219640,1,1
30.498238984,1,0
30.498280066,1,1
30.498322630,1,0
30.498363708,1,1
30.498406276,1,0
30.498447356,1,1
30.498489920,1,0
30.498533460,1,1
30.498576026,1,0
30.498614152,1,1
30.498656714,1,0
30.498701236,1,1
30.502324102,0,1
30.502335894,0,0
30.502378452,0,1
30.502420036,0,0
30.502461122,0,1
30.502484342,1,1
30.502503684,1,0
30.502544764,1,1
30.502587326,1,0
30.502628410,1,1
30.502670970,1,0
30.502712048,1,1
30.502754610,1,0
30.502795690,1,1
30.502838252,1,0
30.502879332,1,1
30.502900756,0,1
30.502920912,0,0
30.502961994,0,1
30.503003574,0,0
30.503047120,0,1
30.503088700,0,0
30.503126830,0,1
30.503150050,1,1
30.503169394,1,0
30.503213918,1,1
30.506839586,0,1
30.506851376,0,0
30.506893932,0,1
30.506935510,0,0
30.506976592,0,1
30.507018168,0,0
30.507059250,0,1
30.507100828,0,0
30.507141908,0,1
30.507183486,0,0
30.507224570,0,1
30.507247788,1,1
30.507267128,1,0
30.507308208,1,1
30.507350772,1,0
30.507391854,1,1
30.507434428,1,0
30.507475508,1,1
30.507518074,1,0
30.507561610,1,1
30.507604174,1,0
30.507642300,1,1
30.507684862,1,0
30.507729386,1,1
30.511356054,0,1
30.511367846,0,0
30.511410412,0,1
30.511451994,0,0
30.511493080,0,1
30.511534660,0,0
30.511575748,0,1
30.511598962,1,1
30.511618308,1,0
30.511659390,1,1
30.511701954,1,0
30.511743034,1,1
30.511764458,0,1
30.511784616,0,0
30.511825700,0,1
30.511848914,1,1
30.511868258,1,0
30.511909340,1,1
30.511930770,0,1
30.511950928,0,0
30.511992016,0,1
30.512033596,0,0
30.512077146,0,1
30.512118728,0,0
30.512156864,0,1
30.512180082,1,1
30.512199428,1,0
30.512243956,1,1
30.519869700,1,0
30.521407686,1,1
30.551691218,0,1
30.551703010,0,0
30.551745566,0,1
30.551787146,0,0
30.551828230,0,1
30.551851446,1,1
30.551870788,1,0
30.551911872,1,1
30.551954440,1,0
30.551995520,1,1
30.552038088,1,0
30.552079170,1,1
30.552121734,1,0
30.552162814,1,1
30.552205380,1,0
30.552246458,1,1
30.552267882,0,1
30.552288040,0,0
30.552329124,0,1
30.552370706,0,0
30.552414256,0,1
30.552455840,0,0
30.552493976,0,1
30.552517192,1,1
30.552536538,1,0
30.552581066,1,1
30.552598384,1,0
30.553408170,1,1
30.571030678,0,1
30.571042472,0,0
30.571085042,0,1
30.571108264,1,1
30.571127608,1,0
30.571168694,1,1
30.571190124,0,1
30.571210282,0,0
30.571251364,0,1
30.571274580,1,1
30.571293926,1,0
30.571335010,1,1
30.571377574,1,0
30.571418660,1,1
30.571461228,1,0
30.571502312,1,1
30.571544876,1,0
30.571585962,1,1
30.571607390,0,1
30.571627548,0,0
30.571668632,0,1
30.571710216,0,0
30.571753758,0,1
30.571795336,0,0
30.571833472,0,1
30.571856686,1,1
30.571876028,1,0
30.571920554,1,1
30.571938838,1,0
30.577407686,1,1
30.638197818,0,1
30.638209608,0,0
30.638252160,0,1
30.638293740,0,0
30.638334824,0,1
30.638376402,0,0
30.638417492,0,1
30.638459072,0,0
30.638500156,0,1
30.638541736,0,0
30.638582824,0,1
30.638606042,1,1
30.638625384,1,0
30.638666470,1,1
30.638709036,1,0
30.638750116,1,1
30.638792682,1,0
30.638833762,1,1
30.638876324,1,0
30.638919864,1,1
30.638962428,1,0
30.639000556,1,1
30.639043116,1,0
30.639087642,1,1
30.642710354,0,1
30.642722146,0,0
30.642764702,0,1
30.642787920,1,1
30.642807260,1,0
30.642848342,1,1
30.642869768,0,1
30.642889924,0,0
30.642931008,0,1
30.642954220,1,1
30.642973564,1,0
30.643014648,1,1
30.643057208,1,0
30.643098286,1,1
30.643140848,1,0
30.643181924,1,1
30.643224484,1,0
30.643265560,1,1
30.643286984,0,1
30.643307138,0,0
30.643348220,0,1
30.643389804,0,0
30.643433352,0,1
30.643474928,0,0
30.643513058,0,1
30.643536276,1,1
30.643555618,1,0
30.643600140,1,1
30.651796592,1,0
30.657407512,1,1
30.676361452,0,1
30.676373240,0,0
30.676415800,0,1
30.676457378,0,0
30.676498460,0,1
30.676540036,0,0
30.676581122,0,1
30.676622704,0,0
30.676663790,0,1
30.676705372,0,0
30.676746458,0,1
30.676769672,1,1
30.676789016,1,0
30.676830100,1,1
30.676872664,1,0
30.676913744,1,1
30.676956308,1,0
30.676997384,1,1
30.677039946,1,0
30.677083484,1,1
30.677126046,1,0
30.677164170,1,1
30.677206734,1,0
30.677251254,1,1
30.680874448,0,1
30.680886244,0,0
30.680928818,0,1
30.680970408,0,0
30.681011510,0,1
30.681034738,1,1
30.681054088,1,0
30.681095182,1,1
30.681137760,1,0
30.681178858,1,1
30.681221436,1,0
30.681262534,1,1
30.681305116,1,0
30.681346212,1,1
30.681388792,1,0
30.681429884,1,1
30.681451312,0,1
30.681471470,0,0
30.681512558,0,1
30.681554146,0,0
30.681597692,0,1
30.681639270,0,0
30.681677406,0,1
30.681700622,1,1
30.681719968,1,0
30.681764490,1,1
30.689928028,1,0
30.697407964,1,1
30.699909340,0,1
30.699921132,0,0
30.699963690,0,1
30.700005270,0,0
30.700046356,0,1
30.700069574,1,1
30.700088916,1,0
30.700129998,1,1
30.700172564,1,0
30.700213642,1,1
30.700256206,1,0
30.700297290,1,1
30.700339852,1,0
30.700380934,1,1
30.700423504,1,0
30.700464584,1,1
30.700486012,0,1
30.700506168,0,0
30.700547256,0,1
30.700588836,0,0
30.700632380,0,1
30.700673962,0,0
30.700712096,0,1
30.700735312,1,1
30.700754654,1,0
30.700799182,1,1
30.700817450,1,0
30.705407500,1,1
30.719252150,0,1
30.719263940,0,0
30.719306504,0,1
30.719329720,1,1
30.719349062,1,0
30.719390148,1,1
30.719411578,0,1
30.719431736,0,0
30.719472824,0,1
30.719496038,1,1
30.719515382,1,0
30.719556468,1,1
30.719599030,1,0
30.719640104,1,1
30.719682670,1,0
30.719723750,1,1
30.719766312,1,0
30.719807392,1,1
30.719828820,0,1
30.719848974,0,0
30.719890060,0,1
30.719931640,0,0
30.719975186,0,1
30.720016770,0,0
30.720054904,0,1
30.720078120,1,1
30.720097464,1,0
30.720141988,1,1
30.720160720,1,0
30.721407400,1,1
30.808272580,0,1
30.808284374,0,0
30.808326934,0,1
30.808368512,0,0
30.808409604,0,1
30.808451188,0,0
30.808492272,0,1
30.808533854,0,0
30.808574940,0,1
30.808616520,0,0
30.808657602,0,1
30.808680824,1,1
30.808700168,1,0
30.808741248,1,1
30.808783812,1,0
30.808824892,1,1
30.808867454,1,0
30.808908532,1,1
30.808951098,1,0
30.808994638,1,1
30.809037198,1,0
30.809075324,1,1
30.809117884,1,0
30.809162400,1,1
30.812785036,0,1
30.812796826,0,0
30.812839376,0,1
30.812880954,0,0
30.812922034,0,1
30.812945246,1,1
30.812964586,1,0
30.813005662,1,1
30.813048222,1,0
30.813089298,1,1
30.813131860,1,0
30.813172940,1,1
30.813215498,1,0
30.813256572,1,1
30.813299134,1,0
30.813340212,1,1
30.813361634,0,1
30.813381790,0,0
30.813422874,0,1
30.813464448,0,0
30.813507990,0,1
30.813549566,0,0
30.813587692,0,1
30.813610908,1,1
30.813630250,1,0
30.813674772,1,1
30.821850780,1,0
30.825407370,1,1
30.835951174,0,1
30.835962966,0,0
30.836005524,0,1
30.836047102,0,0
30.836088182,0,1
30.836129764,0,0
30.836170848,0,1
30.836212430,0,0
30.836253514,0,1
30.836295090,0,0
30.836336174,0,1
30.836359390,1,1
30.836378736,1,0
30.836419822,1,1
30.836462386,1,0
30.836503470,1,1
30.836546030,1,0
30.836587108,1,1
30.836629672,1,0
30.836673210,1,1
30.836715772,1,0
30.836753900,1,1
30.836796464,1,0
30.836840986,1,1
30.840463826,0,1
30.840475618,0,0
30.840518176,0,1
30.840541394,1,1
30.840560738,1,0
30.840601818,1,1
30.840623244,0,1
30.840643400,0,0
30.840684482,0,1
30.840707698,1,1
30.840727038,1,0
30.840768116,1,1
30.840810678,1,0
30.840851756,1,1
30.840894314,1,0
30.840935394,1,1
30.840977956,1,0
30.841019034,1,1
30.841040462,0,1
30.841060620,0,0
30.841101704,0,1
30.841143280,0,0
30.841186820,0,1
30.841228390,0,0
30.841266508,0,1
30.841289718,1,1
30.841309058,1,0
30.841353570,1,1
30.848646814,1,0
30.849407634,1,1
30.889095150,0,1
30.889106942,0,0
30.889149502,0,1
30.889191080,0,0
30.889232164,0,1
30.889255382,1,1
30.889274728,1,0
30.889315816,1,1
30.889358386,1,0
30.889399476,1,1
30.889442046,1,0
30.889483130,1,1
30.889525694,1,0
30.889566774,1,1
30.889609336,1,0
30.889650416,1,1
30.889671846,0,1
30.889692004,0,0
30.889733090,0,1
30.889774674,0,0
30.889818222,0,1
30.889859802,0,0
30.889897934,0,1
30.889921150,1,1
30.889940494,1,0
30.889985020,1,1
30.890003948,1,0
30.897406896,1,1
30.900074620,0,1
30.900086410,0,0
30.900128970,0,1
30.900152188,1,1
30.900171532,1,0
30.900212614,1,1
30.900234042,0,1
30.900254198,0,0
30.900295284,0,1
30.900318502,1,1
30.900337846,1,0
30.900378928,1,1
30.900421496,1,0
30.900462576,1,1
30.900505140,1,0
30.900546224,1,1
30.900588788,1,0
30.900629868,1,1
30.900651296,0,1
30.900671454,0,0
30.900712544,0,1
30.900754122,0,0
30.900797668,0,1
30.900839250,0,0
30.900877382,0,1
30.900900602,1,1
30.900919946,1,0
30.900964474,1,1
30.900982338,1,0
30.905406330,1,1
30.963618578,0,1
30.963630370,0,0
30.963672926,0,1
30.963714504,0,0
30.963755594,0,1
30.963797176,0,0
30.963838260,0,1
30.963879844,0,0
30.963920928,0,1
30.963962508,0,0
30.964003596,0,1
30.964026814,1,1
30.964046158,1,0
30.964087238,1,1
30.964129798,1,0
30.964170874,1,1
30.964213434,1,0
30.964254516,1,1
30.964297078,1,0
30.964340612,1,1
30.964383172,1,0
30.964421300,1,1
30.964463858,1,0
30.964508382,1,1
30.968130940,0,1
30.968142730,0,0
30.968185286,0,1
30.968208500,1,1
30.968227842,1,0
30.968268916,1,1
30.968290340,0,1
30.968310496,0,0
30.968351580,0,1
30.968374794,1,1
30.968394140,1,0
30.968435220,1,1
30.968477786,1,0
30.968518862,1,1
30.968561422,1,0
30.968602502,1,1
30.968645062,1,0
30.968686140,1,1
30.968707568,0,1
30.968727724,0,0
30.968768808,0,1
30.968810384,0,0
30.968853926,0,1
30.968895506,0,0
30.968933636,0,1
30.968956854,1,1
30.968976200,1,0
30.969020728,1,1
30.976448512,1,0
30.977407032,1,1
30.978376508,0,1
30.978388302,0,0
30.978430862,0,1
30.978472438,0,0
30.978513518,0,1
30.978555094,0,0
30.978596174,0,1
30.978637750,0,0
30.978678834,0,1
30.978720412,0,0
30.978761494,0,1
30.978784710,1,1
30.978804050,1,0
30.978845130,1,1
30.978887686,1,0
30.978928762,1,1
30.978971320,1,0
30.979012394,1,1
30.979054954,1,0
30.979098492,1,1
30.979141050,1,0
30.979179178,1,1
30.979221740,1,0
30.979266260,1,1
30.982888962,0,1
30.982900752,0,0
30.982943306,0,1
30.982984884,0,0
30.983025968,0,1
30.983049186,1,1
30.983068530,1,0
30.983109606,1,1
30.983152166,1,0
30.983193244,1,1
30.983235810,1,0
30.983276888,1,1
30.983319452,1,0
30.983360530,1,1
30.983403096,1,0
30.983444172,1,1
30.983465598,0,1
30.983485752,0,0
30.983526836,0,1
30.983568414,0,0
30.983611954,0,1
30.983653536,0,0
30.983691668,0,1
30.983714884,1,1
30.983734224,1,0
30.983778746,1,1
30.991910022,1,0
30.993407306,1,1
31.036893056,0,1
31.036904846,0,0
31.036947398,0,1
31.036988978,0,0
31.037030058,0,1
31.037053272,1,1
31.037072612,1,0
31.037113688,1,1
31.037156246,1,0
31.037197320,1,1
31.037239880,1,0
31.037280956,1,1
31.037323518,1,0
31.037364598,1,1
31.037407166,1,0
31.037448246,1,1
31.037469670,0,1
31.037489826,0,0
31.037530910,0,1
31.037572486,0,0
31.037616026,0,1
31.037657604,0,0
31.037695734,0,1
31.037718952,1,1
31.037738292,1,0
31.037782814,1,1
31.037800926,1,0
31.041407238,1,1
31.045122892,0,1
31.045134684,0,0
31.045177242,0,1
31.045200458,1,1
31.045219802,1,0
31.045260884,1,1
31.045282310,0,1
31.045302470,0,0
31.045343554,0,1
31.045366772,1,1
31.045386118,1,0
31.045427202,1,1
31.045469762,1,0
31.045510842,1,1
31.045553408,1,0
31.045594488,1,1
31.045637056,1,0
31.045678142,1,1
31.045699572,0,1
31.045719728,0,0
31.045760814,0,1
31.045802396,0,0
31.045845940,0,1
31.045887518,0,0
31.045925656,0,1
31.045948870,1,1
31.045968216,1,0
31.046012744,1,1
31.046030664,1,0
31.049406708,1,1
31.120009092,0,1
31.120020884,0,0
31.120063440,0,1
31.120105018,0,0
31.120146102,0,1
31.120187680,0,0
31.120228766,0,1
31.120270344,0,0
31.120311424,0,1
31.120353000,0,0
31.120394084,0,1
31.120417300,1,1
31.120436644,1,0
31.120477720,1,1
31.120520282,1,0
31.120561354,1,1
31.120603916,1,0
31.120644990,1,1
31.120687546,1,0
31.120731080,1,1
31.120773640,1,0
31.120811764,1,1
31.120854324,1,0
31.120898844,1,1
31.124521430,0,1
31.124533222,0,0
31.124575778,0,1
31.124617358,0,0
31.124658440,0,1
31.124681656,1,1
31.124700998,1,0
31.124742076,1,1
31.124784634,1,0
31.124825714,1,1
31.124868280,1,0
31.124909366,1,1
31.124951934,1,0
31.124993022,1,1
31.125035586,1,0
31.125076668,1,1
31.125098098,0,1
31.125118254,0,0
31.125159340,0,1
31.125200928,0,0
31.125244480,0,1
31.125286060,0,0
31.125324192,0,1
31.125347408,1,1
31.125366752,1,0
31.125411274,1,1
31.129036768,0,1
31.129048558,0,0
31.129091110,0,1
31.129132688,0,0
31.129173770,0,1
31.129215346,0,0
31.129256424,0,1
31.129297998,0,0
31.129339084,0,1
31.129380664,0,0
31.129421754,0,1
31.129444974,1,1
31.129464320,1,0
31.129505400,1,1
31.129547966,1,0
31.129589044,1,1
31.129631606,1,0
31.129672686,1,1
31.129715252,1,0
31.129758788,1,1
31.129801356,1,0
31.129839488,1,1
31.129882048,1,0
31.129926572,1,1
31.133549334,0,1
31.133561124,0,0
31.133603680,0,1
31.133626894,1,1
31.133646238,1,0
31.133687314,1,1
31.133708742,0,1
31.133728900,0,0
31.133769986,0,1
31.133793200,1,1
31.133812544,1,0
31.133853622,1,1
31.133896188,1,0
31.133937266,1,1
31.133979832,1,0
31.134020912,1,1
31.134063474,1,0
31.134104552,1,1
31.134125978,0,1
31.134146134,0,0
31.134187218,0,1
31.134228796,0,0
31.134272344,0,1
31.134313922,0,0
31.134352054,0,1
31.134375272,1,1
31.134394620,1,0
31.134439148,1,1
31.142398770,1,0
31.145407304,1,1
31.190214498,0,1
31.190226292,0,0
31.190268854,0,1
31.190310434,0,0
31.190351520,0,1
31.190374740,1,1
31.190394088,1,0
31.190435174,1,1
31.190477744,1,0
31.190518828,1,1
31.190561394,1,0
31.190602480,1,1
31.190645048,1,0
31.190686130,1,1
31.190728696,1,0
31.190769778,1,1
31.190791206,0,1
31.190811362,0,0
31.190852444,0,1
31.190894024,0,0
31.190937570,0,1
31.190979152,0,0
31.191017288,0,1
31.191040506,1,1
31.191059852,1,0
31.191104376,1,1
31.191122778,1,0
31.193406104,1,1
31.198444404,0,1
31.198456196,0,0
31.198498756,0,1
31.198521974,1,1
31.198541316,1,0
31.198582396,1,1
31.198603824,0,1
31.198623980,0,0
31.198665066,0,1
31.198688282,1,1
31.198707628,1,0
31.198748712,1,1
31.198791276,1,0
31.198832358,1,1
31.198874920,1,0
31.198916004,1,1
31.198958566,1,0
31.198999646,1,1
31.199021074,0,1
31.199041230,0,0
31.199082314,0,1
31.199123896,0,0
31.199167446,0,1
31.199209028,0,0
31.199247162,0,1
31.199270380,1,1
31.199289726,1,0
31.199334254,1,1
31.199352674,1,0
31.201406744,1,1
31.290489380,0,1
31.290501170,0,0
31.290543728,0,1
31.290585304,0,0
31.290626386,0,1
31.290667964,0,0
31.290709046,0,1
31.290750622,0,0
31.290791706,0,1
31.290833284,0,0
31.290874370,0,1
31.290897588,1,1
31.290916932,1,0
31.290958008,1,1
31.291000572,1,0
31.291041652,1,1
31.291084212,1,0
31.291125288,1,1
31.291167852,1,0
31.291211392,1,1
31.291253956,1,0
31.291292088,1,1
31.291334652,1,0
31.291379176,1,1
31.295002174,0,1
31.295013964,0,0
31.295056518,0,1
31.295098098,0,0
31.295139180,0,1
31.295162398,1,1
31.295181738,1,0
31.295222818,1,1
31.295265380,1,0
31.295306454,1,1
31.295349022,1,0
31.295390108,1,1
31.295432672,1,0
31.295473748,1,1
31.295516314,1,0
31.295557390,1,1
31.295578818,0,1
31.295598974,0,0
31.295640056,0,1
31.295681636,0,0
31.295725182,0,1
31.295766766,0,0
31.295804896,0,1
31.295828114,1,1
31.295847456,1,0
31.295891984,1,1
31.303195342,1,0
31.305405860,1,1
31.322493828,0,1
31.322505618,0,0
31.322548176,0,1
31.322589754,0,0
31.322630840,0,1
31.322654060,1,1
31.322673402,1,0
31.322714482,1,1
31.322757048,1,0
31.322798126,1,1
31.322840686,1,0
31.322881764,1,1
31.322924324,1,0
31.322965398,1,1
31.323007960,1,0
31.323049036,1,1
31.323070464,0,1
31.323090620,0,0
31.323131704,0,1
31.323173286,0,0
31.323216830,0,1
31.323258408,0,0
31.323296542,0,1
31.323319760,1,1
31.323339106,1,0
31.323383632,1,1
31.323402826,1,0
31.329406368,1,1
31.455172624,0,1
31.455184414,0,0
31.455226970,0,1
31.455268550,0,0
31.455309636,0,1
31.455351214,0,0
31.455392304,0,1
31.455433886,0,0
31.455474972,0,1
31.455516552,0,0
31.455557638,0,1
31.455580854,1,1
31.455600198,1,0
31.455641280,1,1
31.455683842,1,0
31.455724920,1,1
31.455767480,1,0
31.455808558,1,1
31.455851118,1,0
31.455894658,1,1
31.455937220,1,0
31.455975346,1,1
31.456017908,1,0
31.456062430,1,1
31.459685160,0,1
31.459696950,0,0
31.459739508,0,1
31.459781086,0,0
31.459822172,0,1
31.459845390,1,1
31.459864734,1,0
31.459905818,1,1
31.459948378,1,0
31.459989452,1,1
31.460032012,1,0
31.460073088,1,1
31.460115648,1,0
31.460156726,1,1
31.460199286,1,0
31.460240364,1,1
31.460261788,0,1
31.460281944,0,0
31.460323024,0,1
31.460364604,0,0
31.460408154,0,1
31.460449736,0,0
31.460487872,0,1
31.460511090,1,1
31.460530436,1,0
31.460574960,1,1
31.464200598,0,1
31.464212388,0,0
31.464254942,0,1
31.464296516,0,0
31.464337596,0,1
31.464379168,0,0
31.464420254,0,1
31.464461832,0,0
31.464502916,0,1
31.464544496,0,0
31.464585582,0,1
31.464608798,1,1
31.464628140,1,0
31.464669220,1,1
31.464711782,1,0
31.464752858,1,1
31.464795416,1,0
31.464836492,1,1
31.464879054,1,0
31.464922588,1,1
31.464965152,1,0
31.465003274,1,1
31.465045834,1,0
31.465090358,1,1
31.468713110,0,1
31.468724902,0,0
31.468767458,0,1
31.468790672,1,1
31.468810016,1,0
31.468851090,1,1
31.468872518,0,1
31.468892672,0,0
31.468933754,0,1
31.468956972,1,1
31.468976314,1,0
31.469017398,1,1
31.469059960,1,0
31.469101034,1,1
31.469143600,1,0
31.469184682,1,1
31.469227248,1,0
31.469268328,1,1
31.469289756,0,1
31.469309912,0,0
31.469350994,0,1
31.469392574,0,0
31.469436122,0,1
31.469477698,0,0
31.469515830,0,1
31.469539048,1,1
31.469558390,1,0
31.469602912,1,1
31.477393468,1,0
31.481407120,1,1
32.809873204,1,0
32.810146474,0,0
32.810921960,0,1
32.811052856,0,0
32.811054404,1,0
32.811093942,1,1
32.811135520,1,0
32.811136684,0,0
32.811176610,0,1
32.811219170,0,0
32.811220550,1,0
32.811260246,1,1
32.811301828,1,0
32.811342908,1,1
32.811384490,1,0
32.811386350,0,0
32.811425588,0,1
32.811468150,0,0
32.811470212,1,0
32.811509228,1,1
32.811550806,1,0
32.811591874,1,1
32.811633440,1,0
32.811674520,1,1
32.811717586,1,0
32.811758680,1,1
32.811801238,1,0
32.811842312,1,1
32.811875544,0,1
32.811888812,0,0
32.811929908,0,1
32.811953128,1,1
32.812224356,0,1
32.812236146,0,0
32.812278700,0,1
32.812320276,0,0
32.812361358,0,1
32.812384574,1,1
32.812403922,1,0
32.812445008,1,1
32.812466436,0,1
32.812486594,0,0
32.812527682,0,1
32.812550898,1,1
32.812570238,1,0
32.812611314,1,1
32.812653872,1,0
32.812694946,1,1
32.812737506,1,0
32.812778584,1,1
32.812821142,1,0
32.812862214,1,1
32.812904772,1,0
32.812948310,1,1
32.812990870,1,0
32.813028998,1,1
32.813071556,1,0
32.813116072,1,1
32.813129200,1,0
32.813398436,0,0
32.814173858,0,1
32.814220718,0,0
32.814261794,0,1
32.814304340,0,0
32.814345418,0,1
32.814387962,0,0
32.814389864,1,0
32.814429022,1,1
32.814470578,1,0
32.814472100,0,0
32.814511640,0,1
32.814554176,0,0
32.814595242,0,1
32.814637786,0,0
32.814678850,0,1
32.814721390,0,0
32.814762458,0,1
32.814804998,0,0
32.814846066,0,1
32.814890080,0,0
32.814931148,0,1
32.814970244,0,0
32.814971746,1,0
32.815011300,1,1
32.815044516,0,1
32.815057778,0,0
32.815098846,0,1
32.815122054,1,1
32.815460180,0,1
32.815471982,0,0
32.815514582,0,1
32.815556202,0,0
32.815597332,0,1
32.815620576,1,1
32.815639940,1,0
32.815681072,1,1
32.815702518,0,1
32.815722698,0,0
32.815763834,0,1
32.815787076,1,1
32.815806444,1,0
32.815847578,1,1
32.815890188,1,0
32.815931316,1,1
32.815973926,1,0
32.816015054,1,1
32.816057664,1,0
32.816098794,1,1
32.816141400,1,0
32.816184992,1,1
32.816227602,1,0
32.816265774,1,1
32.816308386,1,0
32.816352962,1,1
32.816365014,1,0
32.816366266,1,1
32.962184940,1,0
32.962188950,0,0
32.963230562,0,1
32.963353028,0,0
32.963355034,1,0
32.963394214,1,1
32.963435890,1,0
32.963437352,0,0
32.963477082,0,1
32.963519744,0,0
32.963521260,1,0
32.963560928,1,1
32.963602602,1,0
32.963643786,1,1
32.963685454,1,0
32.963687174,0,0
32.963726640,0,1
32.963769300,0,0
32.963771084,1,0
32.963810482,1,1
32.963852148,1,0
32.963893326,1,1
32.963934994,1,0
32.963976168,1,1
32.964019320,1,0
32.964060494,1,1
32.964103150,1,0
32.964144326,1,1
32.964177636,0,1
32.964190934,0,0
32.964232128,0,1
32.964255402,1,1
32.964527280,0,1
32.964539098,0,0
32.964581758,0,1
32.964623426,0,0
32.964664610,0,1
32.964687880,1,1
32.964707264,1,0
32.964748446,1,1
32.964769918,0,1
32.964790122,0,0
32.964831302,0,1
32.964854574,1,1
32.964873956,1,0
32.964915136,1,1
32.964957798,1,0
32.964998976,1,1
32.965041636,1,0
32.965082816,1,1
32.965125472,1,0
32.965166648,1,1
32.965209306,1,0
32.965252950,1,1
32.965295608,1,0
32.965333828,1,1
32.965376486,1,0
32.965421122,1,1
32.965435218,1,0
32.965708664,0,0
32.966484644,0,1
32.966525940,0,0
32.966567140,0,1
32.966609804,0,0
32.966650998,0,1
32.966693660,0,0
32.966734852,0,1
32.966777514,0,0
32.966818708,0,1
32.966861368,0,0
32.966902558,0,1
32.966945220,0,0
32.966986410,0,1
32.967029072,0,0
32.967070266,0,1
32.967112926,0,0
32.967154116,0,1
32.967198260,0,0
32.967199688,1,0
32.967239438,1,1
32.967282098,1,0
32.967323280,1,1
32.967356586,0,1
32.967369888,0,0
32.967411082,0,1
32.967434362,1,1
32.967777540,0,1
32.967789342,0,0
32.967831934,0,1
32.967873540,0,0
32.967914652,0,1
32.967937886,1,1
32.967957238,1,0
32.967998346,1,1
32.968019782,0,1
32.968039950,0,0
32.968081062,0,1
32.968104290,1,1
32.968123642,1,0
32.968164744,1,1
32.968207330,1,0
32.968248430,1,1
32.968291016,1,0
32.968332124,1,1
32.968374708,1,0
32.968415814,1,1
32.968458402,1,0
32.968501968,1,1
32.968544550,1,0
32.968582700,1,1
32.968625282,1,0
32.968669832,1,1
32.968685200,1,0
32.968686456,1,1
33.098522832,1,0
33.098792104,0,0
33.099567816,0,1
33.099696612,0,0
33.099698286,1,0
33.099737702,1,1
33.099779290,1,0
33.099780586,0,0
33.099820388,0,1
33.099862958,0,0
33.099864462,1,0
33.099904046,1,1
33.099945632,1,0
33.099986724,1,1
33.100028308,1,0
33.100030328,0,0
33.100069406,0,1
33.100111974,0,0
33.100114200,1,0
33.100153060,1,1
33.100194642,1,0
33.100235726,1,1
33.100277306,1,0
33.100318388,1,1
33.100361446,1,0
33.100402532,1,1
33.100445096,1,0
33.100486178,1,1
33.100519414,0,1
33.100532684,0,0
33.100573782,0,1
33.100597006,1,1
33.100868286,0,1
33.100880078,0,0
33.100922644,0,1
33.100964224,0,0
33.101005312,0,1
33.101028534,1,1
33.101047878,1,0
33.101088962,1,1
33.101110392,0,1
33.101130552,0,0
33.101171646,0,1
33.101194864,1,1
33.101214210,1,0
33.101255298,1,1
33.101297870,1,0
33.101338958,1,1
33.101381528,1,0
33.101422622,1,1
33.101465190,1,0
33.101506274,1,1
33.101548842,1,0
33.101592386,1,1
33.101634954,1,0
33.101673078,1,1
33.101715640,1,0
33.101760178,1,1
33.101775576,1,0
33.102044934,0,0
33.102820462,0,1
33.102865166,0,0
33.102906270,0,1
33.102948846,0,0
33.102989954,0,1
33.103032530,0,0
33.103034546,1,0
33.103073626,1,1
33.103115216,1,0
33.103116832,0,0
33.103156322,0,1
33.103198892,0,0
33.103239998,0,1
33.103282572,0,0
33.103323678,0,1
33.103366252,0,0
33.103407356,0,1
33.103449930,0,0
33.103491036,0,1
33.103535086,0,0
33.103576186,0,1
33.103615318,0,0
33.103616774,1,0
33.103656408,1,1
33.103689648,0,1
33.103702920,0,0
33.103744026,0,1
33.103767250,1,1
33.104105664,0,1
33.104117474,0,0
33.104160112,0,1
33.104201762,0,0
33.104242922,0,1
33.104266184,1,1
33.104285560,1,0
33.104326720,1,1
33.104348184,0,1
33.104368378,0,0
33.104409548,0,1
33.104432812,1,1
33.104452190,1,0
33.104493348,1,1
33.104535994,1,0
33.104577154,1,1
33.104619798,1,0
33.104660964,1,1
33.104703608,1,0
33.104744772,1,1
33.104787418,1,0
33.104831048,1,1
33.104873696,1,0
33.104911902,1,1
33.104954548,1,0
33.104999160,1,1
33.105012858,1,0
33.105014114,1,1
33.241793684,1,0
33.242063088,0,0
33.242838988,0,1
33.242987778,0,0
33.242989640,1,0
33.243028964,1,1
33.243070644,1,0
33.243071940,0,0
33.243111838,0,1
33.243154504,0,0
33.243155842,1,0
33.243195690,1,1
33.243237368,1,0
33.243278552,1,1
33.243320230,1,0
33.243321758,0,0
33.243361428,0,1
33.243404096,0,0
33.243405678,1,0
33.243445282,1,1
33.243486960,1,0
33.243528146,1,1
33.243569818,1,0
33.243611004,1,1
33.243654158,1,0
33.243695342,1,1
33.243738006,1,0
33.243779192,1,1
33.243812500,0,1
33.243825802,0,0
33.243867010,0,1
33.243890294,1,1
33.244162214,0,1
33.244174032,0,0
33.244216696,0,1
33.244258378,0,0
33.244299568,0,1
33.244322842,1,1
33.244342228,1,0
33.244383414,1,1
33.244404894,0,1
33.244425100,0,0
33.244466286,0,1
33.244489562,1,1
33.244508948,1,0
33.244550136,1,1
33.244592800,1,0
33.244633988,1,1
33.244676652,1,0
33.244717836,1,1
33.244760498,1,0
33.244801682,1,1
33.244844344,1,0
33.244887996,1,1
33.244930662,1,0
33.244968886,1,1
33.245011546,1,0
33.245056186,1,1
33.245071670,1,0
33.245341076,0,0
33.246116976,0,1
33.246163572,0,0
33.246204774,0,1
33.246247442,0,0
33.246288642,0,1
33.246331308,0,0
33.246372508,0,1
33.246415176,0,0
33.246456374,0,1
33.246499044,0,0
33.246540242,0,1
33.246582904,0,0
33.246624100,0,1
33.246666764,0,0
33.246707960,0,1
33.246750636,0,0
33.246791842,0,1
33.246835994,0,0
33.246838020,1,0
33.246877180,1,1
33.246919838,1,0
33.246961018,1,1
33.246994328,0,1
33.247007630,0,0
33.247048824,0,1
33.247072098,1,1
33.247415290,0,1
33.247427092,0,0
33.247469686,0,1
33.247511296,0,0
33.247552412,0,1
33.247575644,1,1
33.247594998,1,0
33.247636108,1,1
33.247657548,0,1
33.247677720,0,0
33.247718832,0,1
33.247742064,1,1
33.247761416,1,0
33.247802526,1,1
33.247845110,1,0
33.247886216,1,1
33.247928806,1,0
33.247969912,1,1
33.248012498,1,0
33.248053604,1,1
33.248096192,1,0
33.248139754,1,1
33.248182340,1,0
33.248220490,1,1
33.248263072,1,0
33.248307618,1,1
33.248321282,1,0
33.248322530,1,1
33.255379552,0,1
33.255391350,0,0
33.255433938,0,1
33.255457168,1,1
33.255476518,1,0
33.255517624,1,1
33.255560208,1,0
33.255601310,1,1
33.255622748,0,1
33.255642914,0,0
33.255684024,0,1
33.255725622,0,0
33.255766730,0,1
33.255789960,1,1
33.255809310,1,0
33.255850416,1,1
33.255893000,1,0
33.255934106,1,1
33.255955544,0,1
33.255975708,0,0
33.256016812,0,1
33.256058410,0,0
33.256101980,0,1
33.256125210,1,1
33.256144562,1,0
33.256182712,1,1
33.256225298,1,0
33.256269844,1,1
33.256288132,1,0
33.257402108,1,1
33.273393886,0,1
33.273405682,0,0
33.273448258,0,1
33.273489852,0,0
33.273530952,0,1
33.273572544,0,0
33.273613646,0,1
33.273655242,0,0
33.273696344,0,1
33.273737940,0,0
33.273779044,0,1
33.273802270,1,1
33.273821616,1,0
33.273862712,1,1
33.273905290,1,0
33.273946386,1,1
33.273988960,1,0
33.274030056,1,1
33.274072632,1,0
33.274116182,1,1
33.274158752,1,0
33.274196882,1,1
33.274239444,1,0
33.274283970,1,1
33.277910948,0,1
33.277922744,0,0
33.277965320,0,1
33.277988546,1,1
33.278007894,1,0
33.278048990,1,1
33.278091568,1,0
33.278132666,1,1
33.278154094,0,1
33.278174256,0,0
33.278215358,0,1
33.278256948,0,0
33.278298050,0,1
33.278321278,1,1
33.278340626,1,0
33.278381724,1,1
33.278424302,1,0
33.278465398,1,1
33.278486832,0,1
33.278506996,0,0
33.278548096,0,1
33.278589690,0,0
33.278633256,0,1
33.278656480,1,1
33.278675826,1,0
33.278713966,1,1
33.278756542,1,0
33.278801080,1,1
33.286512898,1,0
33.289402332,1,1
33.334242966,0,1
33.334254758,0,0
33.334297324,0,1
33.334320546,1,1
33.334339890,1,0
33.334380972,1,1
33.334423546,1,0
33.334464634,1,1
33.334486062,0,1
33.334506222,0,0
33.334547314,0,1
33.334570534,1,1
33.334589882,1,0
33.334630970,1,1
33.334673540,1,0
33.334714626,1,1
33.334757194,1,0
33.334798278,1,1
33.334819706,0,1
33.334839866,0,0
33.334880958,0,1
33.334922540,0,0
33.334966094,0,1
33.335007680,0,0
33.335045820,0,1
33.335069044,1,1
33.335088390,1,0
33.335132924,1,1
33.335150694,1,0
33.337401700,1,1
33.353132352,0,1
33.353144144,0,0
33.353186714,0,1
33.353209936,1,1
33.353229282,1,0
33.353270376,1,1
33.353312954,1,0
33.353354052,1,1
33.353375484,0,1
33.353395648,0,0
33.353436748,0,1
33.353478342,0,0
33.353519440,0,1
33.353542666,1,1
33.353562014,1,0
33.353603110,1,1
33.353645686,1,0
33.353686780,1,1
33.353708212,0,1
33.353728372,0,0
33.353769466,0,1
33.353811054,0,0
33.353854610,0,1
33.353877834,1,1
33.353897182,1,0
33.353935322,1,1
33.353977900,1,0
33.354022438,1,1
33.354041258,1,0
33.361402144,1,1
33.385824546,1,0
33.386097910,0,0
33.386873698,0,1
33.386988004,0,0
33.386990086,1,0
33.387029108,1,1
33.387070702,1,0
33.387072386,0,0
33.387111808,0,1
33.387154392,0,0
33.387156270,1,0
33.387195490,1,1
33.387237082,1,0
33.387278178,1,1
33.387319772,1,0
33.387321114,0,0
33.387360876,0,1
33.387403460,0,0
33.387405006,1,0
33.387444564,1,1
33.387486164,1,0
33.387527264,1,1
33.387568858,1,0
33.387609956,1,1
33.387653024,1,0
33.387694120,1,1
33.387736696,1,0
33.387777792,1,1
33.387811042,0,1
33.387824318,0,0
33.387865434,0,1
33.387888666,1,1
33.388159986,0,1
33.388171780,0,0
33.388214352,0,1
33.388255946,0,0
33.388297048,0,1
33.388320274,1,1
33.388339626,1,0
33.388380720,1,1
33.388402156,0,1
33.388422318,0,0
33.388463420,0,1
33.388486644,1,1
33.388505992,1,0
33.388547086,1,1
33.388589664,1,0
33.388630756,1,1
33.388673332,1,0
33.388714428,1,1
33.388757006,1,0
33.388798102,1,1
33.388840680,1,0
33.388884234,1,1
33.388926812,1,0
33.388964952,1,1
33.389007526,1,0
33.389052060,1,1
33.389065572,1,0
33.389334906,0,0
33.390110634,0,1
33.390157230,0,0
33.390198342,0,1
33.390240926,0,0
33.390282036,0,1
33.390324622,0,0
33.390326748,1,0
33.390365724,1,1
33.390407324,1,0
33.390409044,0,0
33.390448434,0,1
33.390491012,0,0
33.390532124,0,1
33.390574706,0,0
33.390615814,0,1
33.390658396,0,0
33.390699506,0,1
33.390742084,0,0
33.390783188,0,1
33.390827242,0,0
33.390868346,0,1
33.390907478,0,0
33.390908978,1,0
33.390948574,1,1
33.390981818,0,1
33.390995092,0,0
33.391036200,0,1
33.391059428,1,1
33.391397850,0,1
33.391409664,0,0
33.391452312,0,1
33.391493970,0,0
33.391535136,0,1
33.391558400,1,1
33.391577780,1,0
33.391618948,1,1
33.391640412,0,1
33.391660608,0,0
33.391701778,0,1
33.391725038,1,1
33.391744410,1,0
33.391785566,1,1
33.391828222,1,0
33.391869410,1,1
33.391912074,1,0
33.391953240,1,1
33.391995892,1,0
33.392037058,1,1
33.392079704,1,0
33.392123340,1,1
33.392165984,1,0
33.392204192,1,1
33.392246840,1,0
33.392291460,1,1
33.392303224,1,0
33.392304472,1,1
33.416103990,0,1
33.416115808,0,0
33.416158468,0,1
33.416200138,0,0
33.416241320,0,1
33.416282992,0,0
33.416324174,0,1
33.416365850,0,0
33.416407038,0,1
33.416448712,0,0
33.416489898,0,1
33.416513168,1,1
33.416532552,1,0
33.416573732,1,1
33.416616392,1,0
33.416657572,1,1
33.416700228,1,0
33.416741408,1,1
33.416784066,1,0
33.416827710,1,1
33.416870370,1,0
33.416908590,1,1
33.416951242,1,0
33.416995868,1,1
33.420627166,0,1
33.420638984,0,0
33.420681648,0,1
33.420704918,1,1
33.420724302,1,0
33.420765480,1,1
33.420808142,1,0
33.420849322,1,1
33.420870792,0,1
33.420890994,0,0
33.420932180,0,1
33.420955452,1,1
33.420974836,1,0
33.421016016,1,1
33.421058674,1,0
33.421099854,1,1
33.421142512,1,0
33.421183690,1,1
33.421205160,0,1
33.421225364,0,0
33.421266546,0,1
33.421308220,0,0
33.421351876,0,1
33.421393556,0,0
33.421431798,0,1
33.421455084,1,1
33.421474478,1,0
33.421519134,1,1
33.428327084,0,1
33.428338900,0,0
33.428381558,0,1
33.428423236,0,0
33.428464420,0,1
33.428506092,0,0
33.428547266,0,1
33.428588922,0,0
33.428630084,0,1
33.428671734,0,0
33.428712896,0,1
33.428736158,1,1
33.428755530,1,0
33.428796688,1,1
33.428839324,1,0
33.428880480,1,1
33.428923116,1,0
33.428964272,1,1
33.429006902,1,0
33.429050518,1,1
33.429093156,1,0
33.429131350,1,1
33.429173982,1,0
33.429218582,1,1
33.432850824,0,1
33.432862642,0,0
33.432905298,0,1
33.432928568,1,1
33.432947950,1,0
33.432989130,1,1
33.433031786,1,0
33.433072962,1,1
33.433094434,0,1
33.433114636,0,0
33.433155818,0,1
33.433197484,0,0
33.433238664,0,1
33.433261934,1,1
33.433281320,1,0
33.433322506,1,1
33.433365172,1,0
33.433406362,1,1
33.433427842,0,1
33.433448050,0,0
33.433489240,0,1
33.433530930,0,0
33.433574596,0,1
33.433597878,1,1
33.433617268,1,0
33.433655504,1,1
33.433698174,1,0
33.433742810,1,1
33.441143248,1,0
33.441403072,1,1
33.478605656,0,1
33.478617476,0,0
33.478660136,0,1
33.478683406,1,1
33.478702788,1,0
33.478743970,1,1
33.478786624,1,0
33.478827800,1,1
33.478849270,0,1
33.478869474,0,0
33.478910654,0,1
33.478933928,1,1
33.478953310,1,0
33.478994492,1,1
33.479037148,1,0
33.479078328,1,1
33.479120988,1,0
33.479162170,1,1
33.479183642,0,1
33.479203844,0,0
33.479245026,0,1
33.479286698,0,0
33.479330354,0,1
33.479372026,0,0
33.479410262,0,1
33.479433536,1,1
33.479452918,1,0
33.479497552,1,1
33.479515468,1,0
33.481401832,1,1
33.513829432,1,0
33.513833442,0,0
33.514879192,0,1
33.515235678,0,0
33.515237502,1,0
33.515276870,1,1
33.515318554,1,0
33.515319828,0,0
33.515359756,0,1
33.515402426,0,0
33.515404756,1,0
33.515443624,1,1
33.515485308,1,0
33.515526494,1,1
33.515568168,1,0
33.515569666,0,0
33.515609358,0,1
33.515652020,0,0
33.515653564,1,0
33.515693210,1,1
33.515734890,1,0
33.515776076,1,1
33.515817750,1,0
33.515858936,1,1
33.515902086,1,0
33.515943270,1,1
33.515985934,1,0
33.516027116,1,1
33.516060424,0,1
33.516073726,0,0
33.516114924,0,1
33.516138204,1,1
33.516410104,0,1
33.516421924,0,0
33.516464594,0,1
33.516506272,0,0
33.516547458,0,1
33.516570732,1,1
33.516590116,1,0
33.516631290,1,1
33.516652756,0,1
33.516672954,0,0
33.516714146,0,1
33.516737428,1,1
33.516756820,1,0
33.516798024,1,1
33.516840686,1,0
33.516881868,1,1
33.516924536,1,0
33.516965726,1,1
33.517008388,1,0
33.517049574,1,1
33.517092234,1,0
33.517135886,1,1
33.517178552,1,0
33.517216776,1,1
33.517259438,1,0
33.517304078,1,1
33.517317734,1,0
33.517591200,0,0
33.518367080,0,1
33.518411564,0,0
33.518452774,0,1
33.518495448,0,0
33.518536648,0,1
33.518579316,0,0
33.518620520,0,1
33.518663186,0,0
33.518704386,0,1
33.518747052,0,0
33.518788252,0,1
33.518830918,0,0
33.518872120,0,1
33.518914788,0,0
33.518955990,0,1
33.518998658,0,0
33.519039860,0,1
33.519084008,0,0
33.519086196,1,0
33.519125200,1,1
33.519167864,1,0
33.519209050,1,1
33.519242362,0,1
33.519255664,0,0
33.519296866,0,1
33.519320144,1,1
33.519663388,0,1
33.519675190,0,0
33.519717786,0,1
33.519759398,0,0
33.519800516,0,1
33.519823752,1,1
33.519843106,1,0
33.519884222,1,1
33.519905668,0,1
33.519925840,0,0
33.519966960,0,1
33.519990196,1,1
33.520009552,1,0
33.520050670,1,1
33.520093258,1,0
33.520134368,1,1
33.520176958,1,0
33.520218068,1,1
33.520260658,1,0
33.520301768,1,1
33.520344358,1,0
33.520387930,1,1
33.520430526,1,0
33.520468682,1,1
33.520511268,1,0
33.520555820,1,1
33.520567510,1,0
33.520568760,1,1
33.560352322,0,1
33.560364118,0,0
33.560406700,0,1
33.560448290,0,0
33.560489388,0,1
33.560530980,0,0
33.560572082,0,1
33.560613676,0,0
33.560654780,0,1
33.560696374,0,0
33.560737476,0,1
33.560760702,1,1
33.560780052,1,0
33.560821148,1,1
33.560863732,1,0
33.560904832,1,1
33.560947410,1,0
33.560988506,1,1
33.561031080,1,0
33.561074640,1,1
33.561117216,1,0
33.561155364,1,1
33.561197946,1,0
33.561242490,1,1
33.564866948,0,1
33.564878744,0,0
33.564921320,0,1
33.564944542,1,1
33.564963884,1,0
33.565004970,1,1
33.565047552,1,0
33.565088664,1,1
33.565110102,0,1
33.565130266,0,0
33.565171368,0,1
33.565194592,1,1
33.565213942,1,0
33.565255040,1,1
33.565297620,1,0
33.565338718,1,1
33.565381298,1,0
33.565422400,1,1
33.565443834,0,1
33.565463998,0,0
33.565505100,0,1
33.565546694,0,0
33.565590256,0,1
33.565631852,0,0
33.565670004,0,1
33.565693232,1,1
33.565712580,1,0
33.565757128,1,1
33.573130790,1,0
33.577402380,1,1
33.618615148,0,1
33.618626944,0,0
33.618669518,0,1
33.618692740,1,1
33.618712088,1,0
33.618753184,1,1
33.618795760,1,0
33.618836856,1,1
33.618858286,0,1
33.618878448,0,0
33.618919548,0,1
33.618942770,1,1
33.618962118,1,0
33.619003214,1,1
33.619045790,1,0
33.619086880,1,1
33.619129458,1,0
33.619170556,1,1
33.619191986,0,1
33.619212150,0,0
33.619253246,0,1
33.619294840,0,0
33.619338398,0,1
33.619379992,0,0
33.619418140,0,1
33.619441366,1,1
33.619460716,1,0
33.619505256,1,1
33.619523474,1,0
33.625401206,1,1
33.658068762,1,0
33.658338094,0,0
33.659113848,0,1
33.659404970,0,0
33.659406568,1,0
33.659446072,1,1
33.659487672,1,0
33.659488864,0,0
33.659528784,0,1
33.659571364,0,0
33.659572740,1,0
33.659612462,1,1
33.659654058,1,0
33.659695154,1,1
33.659736748,1,0
33.659738588,0,0
33.659777860,0,1
33.659820438,0,0
33.659822458,1,0
33.659861538,1,1
33.659903136,1,0
33.659944236,1,1
33.659985824,1,0
33.660026922,1,1
33.660069992,1,0
33.660111086,1,1
33.660153668,1,0
33.660194764,1,1
33.660228012,0,1
33.660241288,0,0
33.660282406,0,1
33.660305636,1,1
33.660576996,0,1
33.660588790,0,0
33.660631366,0,1
33.660672960,0,0
33.660714060,0,1
33.660737286,1,1
33.660756632,1,0
33.660797728,1,1
33.660819158,0,1
33.660839320,0,0
33.660880420,0,1
33.660903642,1,1
33.660922990,1,0
33.660964088,1,1
33.661006660,1,0
33.661047758,1,1
33.661090334,1,0
33.661131430,1,1
33.661174006,1,0
33.661215104,1,1
33.661257678,1,0
33.661301232,1,1
33.661343820,1,0
33.661381972,1,1
33.661424554,1,0
33.661469104,1,1
33.661482958,1,0
33.661752282,0,0
33.662528024,0,1
33.662574268,0,0
33.662615380,0,1
33.662657966,0,0
33.662699078,0,1
33.662741656,0,0
33.662743104,1,0
33.662782756,1,1
33.662824348,1,0
33.662826396,0,0
33.662865454,0,1
33.662908038,0,0
33.662949150,0,1
33.662991728,0,0
33.663032840,0,1
33.663075424,0,0
33.663116534,0,1
33.663159114,0,0
33.663200224,0,1
33.663244280,0,0
33.663285392,0,1
33.663324530,0,0
33.663326290,1,0
33.663365632,1,1
33.663398880,0,1
33.663412156,0,0
33.663453266,0,1
33.663476494,1,1
33.663814950,0,1
33.663826764,0,0
33.663869408,0,1
33.663911066,0,0
33.663952240,0,1
33.663975504,1,1
33.663994884,1,0
33.664036052,1,1
33.664057522,0,1
33.664077722,0,0
33.664118900,0,1
33.664142164,1,1
33.664161544,1,0
33.664202716,1,1
33.664245372,1,0
33.664286542,1,1
33.664329194,1,0
33.664370366,1,1
33.664413020,1,0
33.664454188,1,1
33.664496838,1,0
33.664540472,1,1
33.664583124,1,0
33.664621338,1,1
33.664663988,1,0
33.664708604,1,1
33.664720314,1,0
33.664721570,1,1
33.671831142,0,1
33.671842956,0,0
33.671885590,0,1
33.671908848,1,1
33.671928222,1,0
33.671969382,1,1
33.672012016,1,0
33.672053174,1,1
33.672074636,0,1
33.672094830,0,0
33.672135990,0,1
33.672177642,0,0
33.672218808,0,1
33.672242068,1,1
33.672261444,1,0
33.672302612,1,1
33.672345268,1,0
33.672386442,1,1
33.672407916,0,1
33.672428116,0,0
33.672469296,0,1
33.672510964,0,0
33.672554608,0,1
33.672577878,1,1
33.672597262,1,0
33.672635478,1,1
33.672678138,1,0
33.672722768,1,1
33.672740934,1,0
33.673401034,1,1
33.691917798,0,1
33.691929618,0,0
33.691972280,0,1
33.692013956,0,0
33.692055144,0,1
33.692096814,0,0
33.692138002,0,1
33.692179676,0,0
33.692220862,0,1
33.692262540,0,0
33.692303728,0,1
33.692327000,1,1
33.692346384,1,0
33.692387566,1,1
33.692430234,1,0
33.692471416,1,1
33.692514080,1,0
33.692555264,1,1
33.692597926,1,0
33.692641576,1,1
33.692684240,1,0
33.692722462,1,1
33.692765124,1,0
33.692809762,1,1
33.696444198,0,1
33.696456018,0,0
33.696498684,0,1
33.696521960,1,1
33.696541342,1,0
33.696582528,1,1
33.696625190,1,0
33.696666372,1,1
33.696687842,0,1
33.696708048,0,0
33.696749234,0,1
33.696790908,0,0
33.696832094,0,1
33.696855370,1,1
33.696874756,1,0
33.696915938,1,1
33.696958598,1,0
33.696999782,1,1
33.697021256,0,1
33.697041460,0,0
33.697082646,0,1
33.697124324,0,0
33.697167976,0,1
33.697191248,1,1
33.697210634,1,0
33.697248860,1,1
33.697291520,1,0
33.697336158,1,1
33.705082116,1,0
33.705400880,1,1
33.709291528,0,1
33.709303348,0,0
33.709346014,0,1
33.709387686,0,0
33.709428880,0,1
33.709470558,0,0
33.709511744,0,1
33.709553424,0,0
33.709594612,0,1
33.709636286,0,0
33.709677470,0,1
33.709700742,1,1
33.709720126,1,0
33.709761308,1,1
33.709803968,1,0
33.709845150,1,1
33.709887812,1,0
33.709928992,1,1
33.709971642,1,0
33.710015284,1,1
33.710057956,1,0
33.710096192,1,1
33.710138852,1,0
33.710183486,1,1
33.713814842,0,1
33.713826660,0,0
33.713869324,0,1
33.713892598,1,1
33.713911980,1,0
33.713953158,1,1
33.713995814,1,0
33.714036992,1,1
33.714058464,0,1
33.714078664,0,0
33.714119848,0,1
33.714143120,1,1
33.714162504,1,0
33.714203686,1,1
33.714246348,1,0
33.714287534,1,1
33.714330192,1,0
33.714371370,1,1
33.714392844,0,1
33.714413048,0,0
33.714454232,0,1
33.714495902,0,0
33.714539556,0,1
33.714581230,0,0
33.714619458,0,1
33.714642732,1,1
33.714662118,1,0
33.714706756,1,1
33.722616564,1,0
33.729402834,1,1
33.794140576,1,0
33.794414128,0,0
33.795190424,0,1
33.796206498,0,0
33.796207968,1,0
33.796247692,1,1
33.796289370,1,0
33.796291292,0,0
33.796330572,0,1
33.796373236,0,0
33.796375208,1,0
33.796414430,1,1
33.796456110,1,0
33.796497304,1,1
33.796538978,1,0
33.796540158,0,0
33.796580174,0,1
33.796622840,0,0
33.796625102,1,0
33.796664028,1,1
33.796705706,1,0
33.796746898,1,1
33.796788574,1,0
33.796829764,1,1
33.796872922,1,0
33.796914110,1,1
33.796956776,1,0
33.796997964,1,1
33.797031274,0,1
33.797044578,0,0
33.797085784,0,1
33.797109066,1,1
33.797380998,0,1
33.797392822,0,0
33.797435500,0,1
33.797477182,0,0
33.797518380,0,1
33.797541656,1,1
33.797561044,1,0
33.797602232,1,1
33.797623712,0,1
33.797643920,0,0
33.797685116,0,1
33.797708394,1,1
33.797727780,1,0
33.797768974,1,1
33.797811654,1,0
33.797852860,1,1
33.797895538,1,0
33.797936728,1,1
33.797979388,1,0
33.798020576,1,1
33.798063240,1,0
33.798106896,1,1
33.798149560,1,0
33.798187788,1,1
33.798230456,1,0
33.798275098,1,1
33.798290454,1,0
33.798563950,0,0
33.799340040,0,1
33.799380254,0,0
33.799421464,0,1
33.799464142,0,0
33.799505350,0,1
33.799548022,0,0
33.799589224,0,1
33.799631896,0,0
33.799673096,0,1
33.799715764,0,0
33.799756970,0,1
33.799799640,0,0
33.799840842,0,1
33.799883516,0,0
33.799924722,0,1
33.799967398,0,0
33.800008612,0,1
33.800052766,0,0
33.800054186,1,0
33.800093962,1,1
33.800136634,1,0
33.800177828,1,1
33.800211142,0,1
33.800224444,0,0
33.800265652,0,1
33.800288934,1,1
33.800632182,0,1
33.800643984,0,0
33.800686588,0,1
33.800728198,0,0
33.800769322,0,1
33.800792564,1,1
33.800811922,1,0
33.800853042,1,1
33.800874482,0,1
33.800894656,0,0
33.800935778,0,1
33.800959016,1,1
33.800978372,1,0
33.801019486,1,1
33.801062084,1,0
33.801103198,1,1
33.801145792,1,0
33.801186908,1,1
33.801229502,1,0
33.801270614,1,1
33.801313212,1,0
33.801356792,1,1
33.801399390,1,0
33.801437552,1,1
33.801480148,1,0
33.801524710,1,1
33.801536824,1,0
33.801538078,1,1
33.821414098,0,1
33.821425894,0,0
33.821468480,0,1
33.821491708,1,1
33.821511060,1,0
33.821552164,1,1
33.821594746,1,0
33.821635852,1,1
33.821657286,0,1
33.821677454,0,0
33.821718560,0,1
33.821741790,1,1
33.821761142,1,0
33.821802246,1,1
33.821844828,1,0
33.821885932,1,1
33.821928516,1,0
33.821969618,1,1
33.821991056,0,1
33.822011228,0,0
33.822052342,0,1
33.822093944,0,0
33.822137518,0,1
33.822179122,0,0
33.822217278,0,1
33.822240512,1,1
33.822259864,1,0
33.822304422,1,1
33.822323006,1,0
33.825401326,1,1
33.842010382,0,1
33.842022176,0,0
33.842064754,0,1
33.842106362,0,0
33.842147476,0,1
33.842189076,0,0
33.842230184,0,1
33.842271782,0,0
33.842312890,0,1
33.842354490,0,0
33.842395600,0,1
33.842418832,1,1
33.842438182,1,0
33.842479290,1,1
33.842521872,1,0
33.842562974,1,1
33.842605558,1,0
33.842646658,1,1
33.842689240,1,0
33.842732806,1,1
33.842775386,1,0
33.842813534,1,1
33.842856114,1,0
33.842900660,1,1
33.846525096,0,1
33.846536894,0,0
33.846579474,0,1
33.846602700,1,1
33.846622048,1,0
33.846663146,1,1
33.846705722,1,0
33.846746820,1,1
33.846768252,0,1
33.846788418,0,0
33.846829524,0,1
33.846852750,1,1
33.846872098,1,0
33.846913196,1,1
33.846955758,1,0
33.846996848,1,1
33.847039424,1,0
33.847080516,1,1
33.847101938,0,1
33.847122092,0,0
33.847163176,0,1
33.847204754,0,0
33.847248296,0,1
33.847289874,0,0
33.847328010,0,1
33.847351228,1,1
33.847370570,1,0
33.847415104,1,1
33.855627878,1,0
33.857401914,1,1
33.930586398,1,0
33.930859652,0,0
33.931635180,0,1
33.931883386,0,0
33.931885520,1,0
33.931924490,1,1
33.931966090,1,0
33.931967790,0,0
33.932007206,0,1
33.932049786,0,0
33.932051658,1,0
33.932090888,1,1
33.932132488,1,0
33.932173592,1,1
33.932215184,1,0
33.932216480,0,0
33.932256298,0,1
33.932298878,0,0
33.932300354,1,0
33.932339974,1,1
33.932381572,1,0
33.932422678,1,1
33.932464268,1,0
33.932505368,1,1
33.932548440,1,0
33.932589538,1,1
33.932632120,1,0
33.932673222,1,1
33.932706468,0,1
33.932719742,0,0
33.932760862,0,1
33.932784098,1,1
33.933055488,0,1
33.933067284,0,0
33.933109862,0,1
33.933151458,0,0
33.933192564,0,1
33.933215790,1,1
33.933235140,1,0
33.933276240,1,1
33.933297676,0,1
33.933317842,0,0
33.933358948,0,1
33.933382174,1,1
33.933401526,1,0
33.933442632,1,1
33.933485214,1,0
33.933526312,1,1
33.933568894,1,0
33.933609994,1,1
33.933652572,1,0
33.933693670,1,1
33.933736248,1,0
33.933779806,1,1
33.933822388,1,0
33.933860534,1,1
33.933903112,1,0
33.933947656,1,1
33.933959688,1,0
33.934233010,0,0
33.935008592,0,1
33.935052884,0,0
33.935093998,0,1
33.935136582,0,0
33.935177694,0,1
33.935220278,0,0
33.935221620,1,0
33.935261382,1,1
33.935302980,1,0
33.935304914,0,0
33.935344092,0,1
33.935386674,0,0
33.935427792,0,1
33.935470376,0,0
33.935511490,0,1
33.935554078,0,0
33.935595192,0,1
33.935637780,0,0
33.935678902,0,1
33.935722964,0,0
33.935764080,0,1
33.935803218,0,0
33.935804774,1,0
33.935844324,1,1
33.935877572,0,1
33.935890848,0,0
33.935931968,0,1
33.935955200,1,1
33.936293706,0,1
33.936305520,0,0
33.936348166,0,1
33.936389824,0,0
33.936431002,0,1
33.936454268,1,1
33.936473650,1,0
33.936514818,1,1
33.936536286,0,1
33.936556484,0,0
33.936597664,0,1
33.936620932,1,1
33.936640312,1,0
33.936681486,1,1
33.936724140,1,0
33.936765312,1,1
33.936807962,1,0
33.936849136,1,1
33.936891790,1,0
33.936932962,1,1
33.936975610,1,0
33.937019246,1,1
33.937061896,1,0
33.937100112,1,1
33.937142764,1,0
33.937187386,1,1
33.937200728,1,0
33.937201986,1,1
33.958108756,0,1
33.958120574,0,0
33.958163240,0,1
33.958186516,1,1
33.958205900,1,0
33.958247086,1,1
33.958289748,1,0
33.958330932,1,1
33.958352406,0,1
33.958372610,0,0
33.958413800,0,1
33.958455474,0,0
33.958496666,0,1
33.958519936,1,1
33.958539320,1,0
33.958580504,1,1
33.958623170,1,0
33.958664352,1,1
33.958685826,0,1
33.958706030,0,0
33.958747218,0,1
33.958788888,0,0
33.958832538,0,1
33.958855816,1,1
33.958875200,1,0
33.958913424,1,1
33.958956088,1,0
33.959000732,1,1
33.959018502,1,0
33.961400532,1,1
33.962637010,0,1
33.962648830,0,0
33.962691496,0,1
33.962733168,0,0
33.962774356,0,1
33.962816032,0,0
33.962857222,0,1
33.962880496,1,1
33.962899880,1,0
33.962941068,1,1
33.962962540,0,1
33.962982744,0,0
33.963023932,0,1
33.963047206,1,1
33.963066588,1,0
33.963107772,1,1
33.963150432,1,0
33.963191618,1,1
33.963213092,0,1
33.963233296,0,0
33.963274482,0,1
33.963316156,0,0
33.963359812,0,1
33.963401488,0,0
33.963439722,0,1
33.963463000,1,1
33.963482386,1,0
33.963527024,1,1
33.963546294,1,0
33.969401622,1,1
33.980228128,0,1
33.980239948,0,0
33.980282614,0,1
33.980324288,0,0
33.980365478,0,1
33.980407158,0,0
33.980448346,0,1
33.980490026,0,0
33.980531216,0,1
33.980572892,0,0
33.980614086,0,1
33.980637362,1,1
33.980656748,1,0
33.980697932,1,1
33.980740596,1,0
33.980781784,1,1
33.980824444,1,0
33.980865630,1,1
33.980908298,1,0
33.980951952,1,1
33.980994614,1,0
33.981032842,1,1
33.981075502,1,0
33.981120140,1,1
33.984754774,0,1
33.984766592,0,0
33.984809258,0,1
33.984832532,1,1
33.984851916,1,0
33.984893098,1,1
33.984935760,1,0
33.984976944,1,1
33.984998420,0,1
33.985018626,0,0
33.985059816,0,1
33.985101496,0,0
33.985142690,0,1
33.985165966,1,1
33.985185354,1,0
33.985226546,1,1
33.985269212,1,0
33.985310402,1,1
33.985331880,0,1
33.985352090,0,0
33.985393288,0,1
33.985434972,0,0
33.985478638,0,1
33.985501912,1,1
33.985521302,1,0
33.985559530,1,1
33.985602196,1,0
33.985646832,1,1
33.992455840,0,1
33.992467660,0,0
33.992510330,0,1
33.992552010,0,0
33.992593206,0,1
33.992634884,0,0
33.992676078,0,1
33.992717760,0,0
33.992758954,0,1
33.992800632,0,0
33.992841824,0,1
33.992865100,1,1
33.992884484,1,0
33.992925670,1,1
33.992968336,1,0
33.993009524,1,1
33.993052190,1,0
33.993093378,1,1
33.993136042,1,0
33.993179694,1,1
33.993222362,1,0
33.993260590,1,1
33.993303254,1,0
33.993347902,1,1
33.996984286,0,1
33.996996106,0,0
33.997038772,0,1
33.997080446,0,0
33.997121640,0,1
33.997163320,0,0
33.997204508,0,1
33.997227784,1,1
33.997247172,1,0
33.997288360,1,1
33.997309836,0,1
33.997330042,0,0
33.997371232,0,1
33.997394510,1,1
33.997413900,1,0
33.997455084,1,1
33.997497748,1,0
33.997538936,1,1
33.997560412,0,1
33.997580616,0,0
33.997621806,0,1
33.997663486,0,0
33.997707142,0,1
33.997748818,0,0
33.997787050,0,1
33.997810324,1,1
33.997829710,1,0
33.997874346,1,1
34.005116310,1,0
34.009401708,1,1
34.045728738,0,1
34.045740552,0,0
34.045783198,0,1
34.045806456,1,1
34.045825830,1,0
34.045866986,1,1
34.045909628,1,0
34.045950792,1,1
34.045972252,0,1
34.045992446,0,0
34.046033614,0,1
34.046056876,1,1
34.046076248,1,0
34.046117412,1,1
34.046160050,1,0
34.046201212,1,1
34.046243852,1,0
34.046285014,1,1
34.046306476,0,1
34.046326670,0,0
34.046367836,0,1
34.046409494,0,0
34.046453130,0,1
34.046494782,0,0
34.046532994,0,1
34.046556258,1,1
34.046575632,1,0
34.046620250,1,1
34.046638322,1,0
34.049400806,1,1
34.074449408,1,0
34.074453408,0,0
34.075495190,0,1
34.075605268,0,0
34.075606604,1,0
34.075646474,1,1
34.075688160,1,0
34.075689962,0,0
34.075729364,0,1
34.075772038,0,0
34.075773902,1,0
34.075813238,1,1
34.075854924,1,0
34.075896120,1,1
34.075937806,1,0
34.075938870,0,0
34.075979010,0,1
34.076021680,0,0
34.076023816,1,0
34.076062880,1,1
34.076104566,1,0
34.076145762,1,1
34.076187450,1,0
34.076228648,1,1
34.076271810,1,0
34.076313004,1,1
34.076355674,1,0
34.076396864,1,1
34.076430188,0,1
34.076443496,0,0
34.076484704,0,1
34.076507984,1,1
34.076779952,0,1
34.076791776,0,0
34.076834452,0,1
34.076876138,0,0
34.076917340,0,1
34.076940626,1,1
34.076960020,1,0
34.077001222,1,1
34.077022702,0,1
34.077042916,0,0
34.077084126,0,1
34.077107414,1,1
34.077126808,1,0
34.077168008,1,1
34.077210690,1,0
34.077251892,1,1
34.077294574,1,0
34.077335780,1,1
34.077378464,1,0
34.077419674,1,1
34.077462358,1,0
34.077506032,1,1
34.077548714,1,0
34.077586958,1,1
34.077629644,1,0
34.077674304,1,1
34.077688382,1,0
34.077957938,0,0
34.078734148,0,1
34.078773344,0,0
34.078814564,0,1
34.078857240,0,0
34.078898446,0,1
34.078941130,0,0
34.078982340,0,1
34.079025016,0,0
34.079066226,0,1
34.079108902,0,0
34.079150108,0,1
34.079192784,0,0
34.079233992,0,1
34.079276662,0,0
34.079317872,0,1
34.079360546,0,0
34.079401756,0,1
34.079445914,0,0
34.079448242,1,0
34.079487116,1,1
34.079529790,1,0
34.079570986,1,1
34.079604304,0,1
34.079617608,0,0
34.079658814,0,1
34.079682094,1,1
34.080025370,0,1
34.080037172,0,0
34.080079774,0,1
34.080121390,0,0
34.080162514,0,1
34.080185748,1,1
34.080205106,1,0
34.080246226,1,1
34.080267666,0,1
34.080287838,0,0
34.080328960,0,1
34.080352198,1,1
34.080371552,1,0
34.080412674,1,1
34.080455272,1,0
34.080496388,1,1
34.080538984,1,0
34.080580102,1,1
34.080622690,1,0
34.080663790,1,1
34.080706384,1,0
34.080749974,1,1
34.080792584,1,0
34.080830746,1,1
34.080873340,1,0
34.080917902,1,1
34.080930774,1,0
34.080932030,1,1
34.094148348,0,1
34.094160152,0,0
34.094202746,0,1
34.094225978,1,1
34.094245330,1,0
34.094286442,1,1
34.094329024,1,0
34.094370132,1,1
34.094391574,0,1
34.094411748,0,0
34.094452862,0,1
34.094494466,0,0
34.094535586,0,1
34.094558820,1,1
34.094578172,1,0
34.094619282,1,1
34.094661878,1,0
34.094702988,1,1
34.094724426,0,1
34.094744594,0,0
34.094785710,0,1
34.094827316,0,0
34.094870892,0,1
34.094894122,1,1
34.094913476,1,0
34.094951634,1,1
34.094994218,1,0
34.095038772,1,1
34.095056888,1,0
34.097400688,1,1
34.114207988,0,1
34.114219786,0,0
34.114262374,0,1
34.114303980,0,0
34.114345096,0,1
34.114386700,0,0
34.114427820,0,1
34.114469430,0,0
34.114510544,0,1
34.114552148,0,0
34.114593264,0,1
34.114616496,1,1
34.114635848,1,0
34.114676956,1,1
34.114719546,1,0
34.114760654,1,1
34.114803238,1,0
34.114844350,1,1
34.114886936,1,0
34.114930506,1,1
34.114973096,1,0
34.115011254,1,1
34.115053838,1,0
34.115098392,1,1
34.118726566,0,1
34.118738366,0,0
34.118780952,0,1
34.118804182,1,1
34.118823532,1,0
34.118864638,1,1
34.118907224,1,0
34.118948330,1,1
34.118969764,0,1
34.118989932,0,0
34.119031040,0,1
34.119072640,0,0
34.119113748,0,1
34.119136980,1,1
34.119156332,1,0
34.119197438,1,1
34.119240024,1,0
34.119281134,1,1
34.119302570,0,1
34.119322738,0,0
34.119363846,0,1
34.119405450,0,0
34.119449026,0,1
34.119472254,1,1
34.119491606,1,0
34.119529760,1,1
34.119572342,1,0
34.119616894,1,1
34.127815564,1,0
34.129400074,1,1
34.131554342,0,1
34.131566140,0,0
34.131608726,0,1
34.131650326,0,0
34.131691434,0,1
34.131733036,0,0
34.131774150,0,1
34.131815754,0,0
34.131856866,0,1
34.131898470,0,0
34.131939578,0,1
34.131962810,1,1
34.131982160,1,0
34.132023272,1,1
34.132065858,1,0
34.132106962,1,1
34.132149550,1,0
34.132190658,1,1
34.132233240,1,0
34.132276808,1,1
34.132319390,1,0
34.132357538,1,1
34.132400126,1,0
34.132444680,1,1
34.136069518,0,1
34.136081318,0,0
34.136123904,0,1
34.136147130,1,1
34.136166480,1,0
34.136207586,1,1
34.136250172,1,0
34.136291272,1,1
34.136312708,0,1
34.136332878,0,0
34.136373988,0,1
34.136397222,1,1
34.136416574,1,0
34.136457684,1,1
34.136500272,1,0
34.136541374,1,1
34.136583962,1,0
34.136625068,1,1
34.136646502,0,1
34.136666670,0,0
34.136707778,0,1
34.136749380,0,0
34.136792950,0,1
34.136834548,0,0
34.136872704,0,1
34.136895932,1,1
34.136915282,1,0
34.136959830,1,1
34.144309240,1,0
34.145401254,1,1
34.218198124,1,0
34.218467390,0,0
34.219242860,0,1
34.219494948,0,0
34.219497186,1,0
34.219536060,1,1
34.219577662,1,0
34.219579456,0,0
34.219618776,0,1
34.219661362,0,0
34.219663320,1,0
34.219702470,1,1
34.219744066,1,0
34.219785168,1,1
34.219826764,1,0
34.219828144,0,0
34.219867874,0,1
34.219910452,0,0
34.219912004,1,0
34.219951558,1,1
34.219993156,1,0
34.220034252,1,1
34.220075846,1,0
34.220116946,1,1
34.220160014,1,0
34.220201116,1,1
34.220243696,1,0
34.220284796,1,1
34.220318046,0,1
34.220331322,0,0
34.220372440,0,1
34.220395672,1,1
34.220667030,0,1
34.220678826,0,0
34.220721402,0,1
34.220763000,0,0
34.220804102,0,1
34.220827328,1,1
34.220846676,1,0
34.220887776,1,1
34.220909210,0,1
34.220929374,0,0
34.220970482,0,1
34.220993710,1,1
34.221013062,1,0
34.221054164,1,1
34.221096742,1,0
34.221137840,1,1
34.221180420,1,0
34.221221518,1,1
34.221264102,1,0
34.221305206,1,1
34.221347786,1,0
34.221391350,1,1
34.221433934,1,0
34.221472080,1,1
34.221514662,1,0
34.221559212,1,1
34.221571070,1,0
34.221840372,0,0
34.222615804,0,1
34.222655580,0,0
34.222696704,0,1
34.222739296,0,0
34.222780414,0,1
34.222823002,0,0
34.222824822,1,0
34.222864110,1,1
34.222905708,1,0
34.222907098,0,0
34.222946822,0,1
34.222989408,0,0
34.223030522,0,1
34.223073108,0,0
34.223114222,0,1
34.223156808,0,0
34.223197926,0,1
34.223240516,0,0
34.223281634,0,1
34.223325698,0,0
34.223366820,0,1
34.223405966,0,0
34.223407964,1,0
34.223447074,1,1
34.223480328,0,1
34.223493606,0,0
34.223534724,0,1
34.223557956,1,1
34.223896464,0,1
34.223908280,0,0
34.223950932,0,1
34.223992594,0,0
34.224033774,0,1
34.224057044,1,1
34.224076424,1,0
34.224117596,1,1
34.224139068,0,1
34.224159268,0,0
34.224200450,0,1
34.224223718,1,1
34.224243100,1,0
34.224284282,1,1
34.224326936,1,0
34.224368110,1,1
34.224410766,1,0
34.224451938,1,1
34.224494594,1,0
34.224535768,1,1
34.224578424,1,0
34.224622062,1,1
34.224664718,1,0
34.224702940,1,1
34.224745592,1,0
34.224790218,1,1
34.224803826,1,0
34.224805078,1,1
34.244582012,0,1
34.244593832,0,0
34.244636502,0,1
34.244659774,1,1
34.244679160,1,0
34.244720344,1,1
34.244763008,1,0
34.244804186,1,1
34.244825660,0,1
34.244845864,0,0
34.244887052,0,1
34.244910324,1,1
34.244929708,1,0
34.244970890,1,1
34.245013556,1,0
34.245054738,1,1
34.245097402,1,0
34.245138592,1,1
34.245160068,0,1
34.245180274,0,0
34.245221462,0,1
34.245263140,0,0
34.245306796,0,1
34.245348472,0,0
34.245386704,0,1
34.245409982,1,1
34.245429368,1,0
34.245474008,1,1
34.245492020,1,0
34.249400486,1,1
34.262625616,0,1
34.262637436,0,0
34.262680102,0,1
34.262721780,0,0
34.262762970,0,1
34.262804648,0,0
34.262845842,0,1
34.262887518,0,0
34.262928712,0,1
34.262970392,0,0
34.263011586,0,1
34.263034860,1,1
34.263054248,1,0
34.263095438,1,1
34.263138106,1,0
34.263179294,1,1
34.263221958,1,0
34.263263142,1,1
34.263305804,1,0
34.263349460,1,1
34.263392126,1,0
34.263430350,1,1
34.263473016,1,0
34.263517654,1,1
34.267149366,0,1
34.267161188,0,0
34.267203856,0,1
34.267227128,1,1
34.267246516,1,0
34.267287702,1,1
34.267330368,1,0
34.267371554,1,1
34.267393034,0,1
34.267413248,0,0
34.267454444,0,1
34.267477720,1,1
34.267497106,1,0
34.267538298,1,1
34.267580966,1,0
34.267622152,1,1
34.267664818,1,0
34.267706006,1,1
34.267727478,0,1
34.267747684,0,0
34.267788876,0,1
34.267830552,0,0
34.267874210,0,1
34.267915892,0,0
34.267954126,0,1
34.267977398,1,1
34.267996784,1,0
34.268041422,1,1
34.276265240,1,0
34.281400308,1,1
34.354162856,1,0
34.354166862,0,0
34.355212608,0,1
34.355382686,0,0
34.355384448,1,0
34.355423890,1,1
34.355465578,1,0
34.355466764,0,0
34.355506788,0,1
34.355549460,0,0
34.355551682,1,0
34.355590658,1,1
34.355632348,1,0
34.355673544,1,1
34.355715228,1,0
34.355716602,0,0
34.355756436,0,1
34.355799110,0,0
34.355800526,1,0
34.355840306,1,1
34.355881994,1,0
34.355923186,1,1
34.355964868,1,0
34.356006064,1,1
34.356049228,1,0
34.356090420,1,1
34.356133092,1,0
34.356174284,1,1
34.356207600,0,1
34.356220904,0,0
34.356262116,0,1
34.356285404,1,1
34.356557378,0,1
34.356569200,0,0
34.356611876,0,1
34.356653562,0,0
34.356694764,0,1
34.356718040,1,1
34.356737430,1,0
34.356778626,1,1
34.356800104,0,1
34.356820312,0,0
34.356861512,0,1
34.356884794,1,1
34.356904182,1,0
34.356945380,1,1
34.356988054,1,0
34.357029250,1,1
34.357071926,1,0
34.357113122,1,1
34.357155794,1,0
34.357196990,1,1
34.357239662,1,0
34.357283326,1,1
34.357326002,1,0
34.357364236,1,1
34.357406914,1,0
34.357451570,1,1
34.357465996,1,0
34.357739470,0,0
34.358515378,0,1
34.358556374,0,0
34.358597572,0,1
34.358640234,0,0
34.358681428,0,1
34.358724088,0,0
34.358765284,0,1
34.358807942,0,0
34.358849136,0,1
34.358891796,0,0
34.358932984,0,1
34.358975640,0,0
34.359016832,0,1
34.359059490,0,0
34.359100684,0,1
34.359143344,0,0
34.359184534,0,1
34.359228670,0,0
34.359230314,1,0
34.359269852,1,1
34.359312512,1,0
34.359353688,1,1
34.359386994,0,1
34.359400294,0,0
34.359441488,0,1
34.359464762,1,1
34.359808002,0,1
34.359819808,0,0
34.359862414,0,1
34.359904034,0,0
34.359945162,0,1
34.359968404,1,1
34.359987762,1,0
34.360028886,1,1
34.360050332,0,1
34.360070508,0,0
34.360111638,0,1
34.360134876,1,1
34.360154234,1,0
34.360195360,1,1
34.360237960,1,0
34.360279082,1,1
34.360321682,1,0
34.360362806,1,1
34.360405408,1,0
34.360446530,1,1
34.360489132,1,0
34.360532716,1,1
34.360575318,1,0
34.360613484,1,1
34.360656084,1,0
34.360700650,1,1
34.360715900,1,0
34.360717150,1,1
34.399635262,0,1
34.399647060,0,0
34.399689648,0,1
34.399712876,1,1
34.399732224,1,0
34.399773332,1,1
34.399815914,1,0
34.399857018,1,1
34.399878454,0,1
34.399898622,0,0
34.399939734,0,1
34.399962964,1,1
34.399982314,1,0
34.400023422,1,1
34.400066008,1,0
34.400107116,1,1
34.400149700,1,0
34.400190806,1,1
34.400212242,0,1
34.400232410,0,0
34.400273522,0,1
34.400315124,0,0
34.400358698,0,1
34.400400298,0,0
34.400438454,0,1
34.400461686,1,1
34.400481038,1,0
34.400525588,1,1
34.400544142,1,0
34.401400142,1,1
34.420234212,0,1
34.420246010,0,0
34.420288592,0,1
34.420330190,0,0
34.420371300,0,1
34.420412906,0,0
34.420454020,0,1
34.420495626,0,0
34.420536740,0,1
34.420578340,0,0
34.420619452,0,1
34.420642684,1,1
34.420662034,1,0
34.420703138,1,1
34.420745722,1,0
34.420786826,1,1
34.420829410,1,0
34.420870516,1,1
34.420913100,1,0
34.420956666,1,1
34.420999254,1,0
34.421037410,1,1
34.421079994,1,0
34.421124542,1,1
34.424749450,0,1
34.424761248,0,0
34.424803834,0,1
34.424827064,1,1
34.424846418,1,0
34.424887524,1,1
34.424930106,1,0
34.424971210,1,1
34.424992642,0,1
34.425012808,0,0
34.425053912,0,1
34.425077140,1,1
34.425096492,1,0
34.425137598,1,1
34.425180182,1,0
34.425221294,1,1
34.425263880,1,0
34.425304988,1,1
34.425326426,0,1
34.425346596,0,0
34.425387712,0,1
34.425429318,0,0
34.425472894,0,1
34.425514500,0,0
34.425552658,0,1
34.425575890,1,1
34.425595242,1,0
34.425639798,1,1
34.432988992,1,0
34.433406792,1,1
34.443865744,0,1
34.443877542,0,0
34.443920126,0,1
34.443943360,1,1
34.443962714,1,0
34.444003824,1,1
34.444046408,1,0
34.444087518,1,1
34.444108954,0,1
34.444129122,0,0
34.444170230,0,1
34.444193458,1,1
34.444212812,1,0
34.444253920,1,1
34.444296502,1,0
34.444337608,1,1
34.444380196,1,0
34.444421306,1,1
34.444442742,0,1
34.444462912,0,0
34.444504028,0,1
34.444545628,0,0
34.444589202,0,1
34.444630806,0,0
34.444668964,0,1
34.444692194,1,1
34.444711546,1,0
34.444756100,1,1
34.444774084,1,0
34.449399942,1,1
34.560451034,0,1
34.560462830,0,0
34.560505408,0,1
34.560546996,0,0
34.560588094,0,1
34.560629686,0,0
34.560670786,0,1
34.560712380,0,0
34.560753482,0,1
34.560795074,0,0
34.560836170,0,1
34.560859400,1,1
34.560878748,1,0
34.560919840,1,1
34.560962416,1,0
34.561003512,1,1
34.561046086,1,0
34.561087182,1,1
34.561129758,1,0
34.561173318,1,1
34.561215894,1,0
34.561254040,1,1
34.561296618,1,0
34.561341160,1,1
34.564964500,0,1
34.564976296,0,0
34.565018870,0,1
34.565042098,1,1
34.565061444,1,0
34.565102544,1,1
34.565145120,1,0
34.565186220,1,1
34.565207652,0,1
34.565227816,0,0
34.565268916,0,1
34.565292144,1,1
34.565311494,1,0
34.565352594,1,1
34.565395174,1,0
34.565436270,1,1
34.565478852,1,0
34.565519944,1,1
34.565541376,0,1
34.565561538,0,0
34.565602634,0,1
34.565644222,0,0
34.565687782,0,1
34.565729376,0,0
34.565767524,0,1
34.565790748,1,1
34.565810096,1,0
34.565854638,1,1
34.573161192,1,0
34.577408514,1,1
34.593249870,1,0
34.593253868,0,0
34.594299032,0,1
34.594471886,0,0
34.594473846,1,0
34.594512992,1,1
34.594554596,1,0
34.594556140,0,0
34.594595712,0,1
34.594638292,0,0
34.594640022,1,0
34.594679400,1,1
34.594720996,1,0
34.594762096,1,1
34.594803696,1,0
34.594804880,0,0
34.594844812,0,1
34.594887396,0,0
34.594888774,1,0
34.594928504,1,1
34.594970102,1,0
34.595011204,1,1
34.595052802,1,0
34.595093904,1,1
34.595136976,1,0
34.595178078,1,1
34.595220656,1,0
34.595261752,1,1
34.595294998,0,1
34.595308274,0,0
34.595349392,0,1
34.595372624,1,1
34.595644004,0,1
34.595655800,0,0
34.595698380,0,1
34.595739980,0,0
34.595781088,0,1
34.595804316,1,1
34.595823664,1,0
34.595864766,1,1
34.595886202,0,1
34.595906366,0,0
34.595947470,0,1
34.595970698,1,1
34.595990048,1,0
34.596031150,1,1
34.596073730,1,0
34.596114830,1,1
34.596157414,1,0
34.596198514,1,1
34.596241098,1,0
34.596282198,1,1
34.596324780,1,0
34.596368344,1,1
34.596410930,1,0
34.596449078,1,1
34.596491658,1,0
34.596536204,1,1
34.596551160,1,0
34.596824546,0,0
34.597600262,0,1
34.597647880,0,0
34.597689004,0,1
34.597731598,0,0
34.597772716,0,1
34.597815300,0,0
34.597817364,1,0
34.597856408,1,1
34.597898008,1,0
34.597899640,0,0
34.597939116,0,1
34.597981702,0,0
34.598022816,0,1
34.598065402,0,0
34.598106514,0,1
34.598149096,0,0
34.598190208,0,1
34.598232792,0,0
34.598273906,0,1
34.598317966,0,0
34.598359084,0,1
34.598398224,0,0
34.598400546,1,0
34.598439328,1,1
34.598472580,0,1
34.598485856,0,0
34.598526976,0,1
34.598550210,1,1
34.598888710,0,1
34.598900524,0,0
34.598943174,0,1
34.598984832,0,0
34.599026006,0,1
34.599049274,1,1
34.599068654,1,0
34.599109824,1,1
34.599131294,0,1
34.599151494,0,0
34.599192672,0,1
34.599215940,1,1
34.599235322,1,0
34.599276498,1,1
34.599319154,1,0
34.599360326,1,1
34.599402982,1,0
34.599444160,1,1
34.599486814,1,0
34.599527992,1,1
34.599570644,1,0
34.599614282,1,1
34.599656936,1,0
34.599695152,1,1
34.599737806,1,0
34.599782432,1,1
34.599796506,1,0
34.599797760,1,1
34.738323102,1,0
34.738596564,0,0
34.739372592,0,1
34.740497584,0,0
34.740499838,1,0
34.740538780,1,1
34.740580466,1,0
34.740582162,0,0
34.740621668,0,1
34.740664338,0,0
34.740666086,1,0
34.740705534,1,1
34.740747214,1,0
34.740788402,1,1
34.740830082,1,0
34.740831982,0,0
34.740871282,0,1
34.740913948,0,0
34.740915884,1,0
34.740955138,1,1
34.740996822,1,0
34.741038010,1,1
34.741079688,1,0
34.741120878,1,1
34.741164036,1,0
34.741205228,1,1
34.741247894,1,0
34.741289086,1,1
34.741322402,0,1
34.741335708,0,0
34.741376920,0,1
34.741400200,1,1
34.741672150,0,1
34.741683972,0,0
34.741726642,0,1
34.741768322,0,0
34.741809516,0,1
34.741832792,1,1
34.741852180,1,0
34.741893378,1,1
34.741914856,0,1
34.741935066,0,0
34.741976264,0,1
34.741999544,1,1
34.742018934,1,0
34.742060132,1,1
34.742102798,1,0
34.742143994,1,1
34.742186664,1,0
34.742227856,1,1
34.742270526,1,0
34.742311720,1,1
34.742354388,1,0
34.742398050,1,1
34.742440722,1,0
34.742478950,1,1
34.742521620,1,0
34.742566262,1,1
34.742581100,1,0
34.742850604,0,0
34.743626730,0,1
34.743673924,0,0
34.743715134,0,1
34.743757812,0,0
34.743799022,0,1
34.743841696,0,0
34.743882904,0,1
34.743925578,0,0
34.743966782,0,1
34.744009458,0,0
34.744050660,0,1
34.744093334,0,0
34.744134540,0,1
34.744177210,0,0
34.744218414,0,1
34.744261088,0,0
34.744302292,0,1
34.744346446,0,0
34.744347898,1,0
34.744387646,1,1
34.744430320,1,0
34.744471514,1,1
34.744504832,0,1
34.744518136,0,0
34.744559344,0,1
34.744582622,1,1
34.744925920,0,1
34.744937724,0,0
34.744980326,0,1
34.745021944,0,0
34.745063072,0,1
34.745086314,1,1
34.745105670,1,0
34.745146798,1,1
34.745168244,0,1
34.745188420,0,0
34.745229546,0,1
34.745252784,1,1
34.745272142,1,0
34.745313268,1,1
34.745355868,1,0
34.745396988,1,1
34.745439574,1,0
34.745480698,1,1
34.745523306,1,0
34.745564446,1,1
34.745607048,1,0
34.745650626,1,1
34.745693224,1,0
34.745731390,1,1
34.745773984,1,0
34.745818552,1,1
34.745831452,1,0
34.745832708,1,1
34.881867592,1,0
34.882140914,0,0
34.882916604,0,1
34.883440114,0,0
34.883441974,1,0
34.883481226,1,1
34.883522830,1,0
34.883524260,0,0
34.883563946,0,1
34.883606532,0,0
34.883608140,1,0
34.883647634,1,1
34.883689234,1,0
34.883730342,1,1
34.883771936,1,0
34.883773974,0,0
34.883813048,0,1
34.883855632,0,0
34.883857858,1,0
34.883896736,1,1
34.883938326,1,0
34.883979428,1,1
34.884021020,1,0
34.884062120,1,1
34.884105190,1,0
34.884146292,1,1
34.884188872,1,0
34.884229976,1,1
34.884263226,0,1
34.884276502,0,0
34.884317620,0,1
34.884340854,1,1
34.884612228,0,1
34.884624026,0,0
34.884666606,0,1
34.884708200,0,0
34.884749308,0,1
34.884772536,1,1
34.884791888,1,0
34.884832992,1,1
34.884854428,0,1
34.884874596,0,0
34.884915710,0,1
34.884938940,1,1
34.884958290,1,0
34.884999396,1,1
34.885041980,1,0
34.885083080,1,1
34.885125664,1,0
34.885166766,1,1
34.885209346,1,0
34.885250444,1,1
34.885293030,1,0
34.885336592,1,1
34.885379178,1,0
34.885417334,1,1
34.885459916,1,0
34.885504466,1,1
34.885519210,1,0
34.885788514,0,0
34.886564110,0,1
34.886609796,0,0
34.886650914,0,1
34.886693502,0,0
34.886734622,0,1
34.886777208,0,0
34.886779192,1,0
34.886818318,1,1
34.886859918,1,0
34.886861488,0,0
34.886901032,0,1
34.886943614,0,0
34.886984728,0,1
34.887027314,0,0
34.887068428,0,1
34.887111014,0,0
34.887152132,0,1
34.887194716,0,0
34.887235836,0,1
34.887279902,0,0
34.887321016,0,1
34.887360154,0,0
34.887362438,1,0
34.887401264,1,1
34.887434528,0,1
34.887447808,0,0
34.887488934,0,1
34.887512176,1,1
34.887850834,0,1
34.887862650,0,0
34.887905306,0,1
34.887946968,0,0
34.887988146,0,1
34.888011414,1,1
34.888030798,1,0
34.888071980,1,1
34.888093448,0,1
34.888113652,0,0
34.888154834,0,1
34.888178106,1,1
34.888197490,1,0
34.888238668,1,1
34.888281328,1,0
34.888322510,1,1
34.888365176,1,0
34.888406370,1,1
34.888449048,1,0
34.888490240,1,1
34.888532904,1,0
34.888576558,1,1
34.888619224,1,0
34.888657446,1,1
34.888700104,1,0
34.888744730,1,1
34.888756468,1,0
34.888757720,1,1
35.014555824,0,1
35.014567648,0,0
35.014610326,0,1
35.014633608,1,1
35.014652996,1,0
35.014694194,1,1
35.014736864,1,0
35.014778062,1,1
35.014799542,0,1
35.014819752,0,0
35.014860958,0,1
35.014884248,1,1
35.014903640,1,0
35.014944838,1,1
35.014987506,1,0
35.015028700,1,1
35.015071370,1,0
35.015112560,1,1
35.015134038,0,1
35.015154248,0,0
35.015195450,0,1
35.015237134,0,0
35.015280802,0,1
35.015322494,0,0
35.015360736,0,1
35.015384016,1,1
35.015403410,1,0
35.015448066,1,1
35.015466446,1,0
35.017406018,1,1
35.019084436,0,1
35.019096260,0,0
35.019138940,0,1
35.019162222,1,1
35.019181610,1,0
35.019222814,1,1
35.019265494,1,0
35.019306696,1,1
35.019328178,0,1
35.019348390,0,0
35.019389596,0,1
35.019431286,0,0
35.019472490,0,1
35.019495774,1,1
35.019515166,1,0
35.019556366,1,1
35.019599040,1,0
35.019640240,1,1
35.019661722,0,1
35.019681932,0,0
35.019723132,0,1
35.019764822,0,0
35.019808492,0,1
35.019831768,1,1
35.019851162,1,0
35.019889402,1,1
35.019932078,1,0
35.019976730,1,1
35.019995276,1,0
35.025398978,1,1
35.037310822,0,1
35.037322646,0,0
35.037365334,0,1
35.037407026,0,0
35.037448240,0,1
35.037489936,0,0
35.037531142,0,1
35.037572836,0,0
35.037614050,0,1
35.037655744,0,0
35.037696954,0,1
35.037720240,1,1
35.037739632,1,0
35.037780834,1,1
35.037823514,1,0
35.037864718,1,1
35.037907396,1,0
35.037948594,1,1
35.037991274,1,0
35.038034942,1,1
35.038077620,1,0
35.038115864,1,1
35.038158546,1,0
35.038203202,1,1
35.041839294,0,1
35.041851118,0,0
35.041893804,0,1
35.041917088,1,1
35.041936480,1,0
35.041977680,1,1
35.042020356,1,0
35.042061562,1,1
35.042083042,0,1
35.042103256,0,0
35.042144462,0,1
35.042186158,0,0
35.042227366,0,1
35.042250650,1,1
35.042270040,1,0
35.042311250,1,1
35.042353924,1,0
35.042395124,1,1
35.042416610,0,1
35.042436824,0,0
35.042478030,0,1
35.042519720,0,0
35.042563396,0,1
35.042586682,1,1
35.042606074,1,0
35.042644316,1,1
35.042687000,1,0
35.042731656,1,1
35.050575486,1,0
35.057398476,1,1
35.073768022,1,0
35.074041534,0,0
35.074817648,0,1
35.075440398,0,0
35.075442126,1,0
35.075481610,1,1
35.075523308,1,0
35.075524466,0,0
35.075564522,0,1
35.075607204,0,0
35.075609398,1,0
35.075648408,1,1
35.075690104,1,0
35.075731310,1,1
35.075773002,1,0
35.075774352,0,0
35.075814212,0,1
35.075856892,0,0
35.075858294,1,0
35.075898098,1,1
35.075939788,1,0
35.075980990,1,1
35.076022678,1,0
35.076063876,1,1
35.076107048,1,0
35.076148248,1,1
35.076190922,1,0
35.076232120,1,1
35.076265440,0,1
35.076278746,0,0
35.076319960,0,1
35.076343242,1,1
35.076615250,0,1
35.076627074,0,0
35.076669762,0,1
35.076711450,0,0
35.076752654,0,1
35.076775940,1,1
35.076795332,1,0
35.076836534,1,1
35.076858016,0,1
35.076878228,0,0
35.076919440,0,1
35.076942722,1,1
35.076962116,1,0
35.077003318,1,1
35.077046000,1,0
35.077087196,1,1
35.077129868,1,0
35.077171068,1,1
35.077213744,1,0
35.077254942,1,1
35.077297624,1,0
35.077341292,1,1
35.077383966,1,0
35.077422214,1,1
35.077464894,1,0
35.077509546,1,1
35.077522720,1,0
35.077796210,0,0
35.078572184,0,1
35.078617426,0,0
35.078658642,0,1
35.078701328,0,0
35.078742548,0,1
35.078785234,0,0
35.078826452,0,1
35.078869136,0,0
35.078910354,0,1
35.078953032,0,0
35.078994248,0,1
35.079036932,0,0
35.079078146,0,1
35.079120826,0,0
35.079162044,0,1
35.079204722,0,0
35.079245936,0,1
35.079290102,0,0
35.079292310,1,0
35.079331306,1,1
35.079373988,1,0
35.079415196,1,1
35.079448518,0,1
35.079461826,0,0
35.079503044,0,1
35.079526330,1,1
35.079869666,0,1
35.079881476,0,0
35.079924102,0,1
35.079965722,0,0
35.080006854,0,1
35.080030096,1,1
35.080049458,1,0
35.080090590,1,1
35.080112036,0,1
35.080132214,0,0
35.080173346,0,1
35.080196592,1,1
35.080215952,1,0
35.080257078,1,1
35.080299682,1,0
35.080340808,1,1
35.080383412,1,0
35.080424542,1,1
35.080467148,1,0
35.080508270,1,1
35.080550872,1,0
35.080594464,1,1
35.080637064,1,0
35.080675232,1,1
35.080717830,1,0
35.080762396,1,1
35.080776856,1,0
35.080778108,1,1
35.170076834,1,0
35.170350156,0,0
35.171125682,0,1
35.172127096,0,0
35.172128524,1,0
35.172168184,1,1
35.172209768,1,0
35.172211818,0,0
35.172250864,0,1
35.172293430,0,0
35.172295700,1,0
35.172334524,1,1
35.172376102,1,0
35.172417192,1,1
35.172458758,1,0
35.172460496,0,0
35.172499842,0,1
35.172542410,0,0
35.172544382,1,0
35.172583514,1,1
35.172625108,1,0
35.172666190,1,1
35.172707770,1,0
35.172748856,1,1
35.172791910,1,0
35.172832996,1,1
35.172875560,1,0
35.172916642,1,1
35.172949876,0,1
35.172963148,0,0
35.173004250,0,1
35.173027474,1,1
35.173298812,0,1
35.173310616,0,0
35.173353228,0,1
35.173394856,0,0
35.173435984,0,1
35.173459220,1,1
35.173478576,1,0
35.173519696,1,1
35.173541134,0,1
35.173561304,0,0
35.173602420,0,1
35.173625654,1,1
35.173645010,1,0
35.173686122,1,1
35.173728712,1,0
35.173769820,1,1
35.173812412,1,0
35.173853520,1,1
35.173896110,1,0
35.173937220,1,1
35.173979808,1,0
35.174023382,1,1
35.174065968,1,0
35.174104120,1,1
35.174146704,1,0
35.174191256,1,1
35.174203950,1,0
35.174473356,0,0
35.175249130,0,1
35.175296772,0,0
35.175337904,0,1
35.175380500,0,0
35.175421630,0,1
35.175464226,0,0
35.175466270,1,0
35.175505342,1,1
35.175546946,1,0
35.175548568,0,0
35.175588064,0,1
35.175630656,0,0
35.175671776,0,1
35.175714366,0,0
35.175755490,0,1
35.175798080,0,0
35.175839204,0,1
35.175881798,0,0
35.175922924,0,1
35.175966992,0,0
35.176008118,0,1
35.176047264,0,0
35.176049572,1,0
35.176088378,1,1
35.176121636,0,1
35.176134916,0,0
35.176176044,0,1
35.176199278,1,1
35.176537854,0,1
35.176549670,0,0
35.176592328,0,1
35.176633996,0,0
35.176675182,0,1
35.176698452,1,1
35.176717836,1,0
35.176759020,1,1
35.176780498,0,1
35.176800708,0,0
35.176841912,0,1
35.176865186,1,1
35.176884574,1,0
35.176925762,1,1
35.176968422,1,0
35.177009606,1,1
35.177052266,1,0
35.177093450,1,1
35.177136110,1,0
35.177177296,1,1
35.177219962,1,0
35.177263614,1,1
35.177306284,1,0
35.177344514,1,1
35.177387178,1,0
35.177431830,1,1
35.177445798,1,0
35.177447056,1,1
35.233563766,0,1
35.233575590,0,0
35.233618272,0,1
35.233641552,1,1
35.233660942,1,0
35.233702144,1,1
35.233744816,1,0
35.233786012,1,1
35.233807494,0,1
35.233827704,0,0
35.233868904,0,1
35.233910592,0,0
35.233951798,0,1
35.233975080,1,1
35.233994468,1,0
35.234035664,1,1
35.234078342,1,0
35.234119546,1,1
35.234141030,0,1
35.234161240,0,0
35.234202442,0,1
35.234244128,0,0
35.234287794,0,1
35.234311076,1,1
35.234330468,1,0
35.234368706,1,1
35.234411382,1,0
35.234456032,1,1
35.234473984,1,0
35.241397692,1,1
35.253796484,0,1
35.253808308,0,0
35.253850988,0,1
35.253892674,0,0
35.253933876,0,1
35.253975566,0,0
35.254016772,0,1
35.254058458,0,0
35.254099664,0,1
35.254141354,0,0
35.254182558,0,1
35.254205838,1,1
35.254225230,1,0
35.254266430,1,1
35.254309102,1,0
35.254350298,1,1
35.254392976,1,0
35.254434180,1,1
35.254476854,1,0
35.254520522,1,1
35.254563196,1,0
35.254601428,1,1
35.254644104,1,0
35.254688754,1,1
35.258321646,0,1
35.258333470,0,0
35.258376154,0,1
35.258399434,1,1
35.258418830,1,0
35.258460036,1,1
35.258502716,1,0
35.258543918,1,1
35.258565402,0,1
35.258585616,0,0
35.258626824,0,1
35.258650106,1,1
35.258669498,1,0
35.258710702,1,1
35.258753380,1,0
35.258794582,1,1
35.258837260,1,0
35.258878460,1,1
35.258899940,0,1
35.258920152,0,0
35.258961358,0,1
35.259003048,0,0
35.259046720,0,1
35.259088412,0,0
35.259126656,0,1
35.259149942,1,1
35.259169332,1,0
35.259213988,1,1
35.266025236,0,1
35.266037062,0,0
35.266079748,0,1
35.266121434,0,0
35.266162638,0,1
35.266204324,0,0
35.266245526,0,1
35.266287216,0,0
35.266328422,0,1
35.266370112,0,0
35.266411318,0,1
35.266434600,1,1
35.266453992,1,0
35.266495192,1,1
35.266537866,1,0
35.266579066,1,1
35.266621740,1,0
35.266662936,1,1
35.266705612,1,0
35.266749278,1,1
35.266791950,1,0
35.266830190,1,1
35.266872866,1,0
35.266917518,1,1
35.270553376,0,1
35.270565200,0,0
35.270607880,0,1
35.270631162,1,1
35.270650552,1,0
35.270691750,1,1
35.270734426,1,0
35.270775630,1,1
35.270797110,0,1
35.270817322,0,0
35.270858524,0,1
35.270900212,0,0
35.270941414,0,1
35.270964694,1,1
35.270984084,1,0
35.271025286,1,1
35.271067960,1,0
35.271109154,1,1
35.271130636,0,1
35.271150848,0,0
35.271192052,0,1
35.271233738,0,0
35.271277410,0,1
35.271300694,1,1
35.271320086,1,0
35.271358326,1,1
35.271401004,1,0
35.271445664,1,1
35.279486940,1,0
35.281398756,1,1
35.329928706,1,0
35.330202162,0,0
35.330978264,0,1
35.331242786,0,0
35.331244870,1,0
35.331283996,1,1
35.331325694,1,0
35.331327192,0,0
35.331366910,0,1
35.331409594,0,0
35.331411110,1,0
35.331450804,1,1
35.331492500,1,0
35.331533702,1,1
35.331575398,1,0
35.331577032,0,0
35.331616614,0,1
35.331659292,0,0
35.331660958,1,0
35.331700498,1,1
35.331742190,1,0
35.331783390,1,1
35.331825084,1,0
35.331866286,1,1
35.331909460,1,0
35.331950662,1,1
35.331993338,1,0
35.332034538,1,1
35.332067860,0,1
35.332081168,0,0
35.332122390,0,1
35.332145684,1,1
35.332417722,0,1
35.332429544,0,0
35.332472230,0,1
35.332513920,0,0
35.332555126,0,1
35.332578406,1,1
35.332597800,1,0
35.332639004,1,1
35.332660484,0,1
35.332680698,0,0
35.332721902,0,1
35.332745184,1,1
35.332764576,1,0
35.332805776,1,1
35.332848458,1,0
35.332889664,1,1
35.332932346,1,0
35.332973548,1,1
35.333016232,1,0
35.333057438,1,1
35.333100118,1,0
35.333143792,1,1
35.333186476,1,0
35.333224722,1,1
35.333267404,1,0
35.333312064,1,1
35.333324172,1,0
35.333593652,0,0
35.334369784,0,1
35.334411170,0,0
35.334452398,0,1
35.334495090,0,0
35.334536310,0,1
35.334578998,0,0
35.334620220,0,1
35.334662908,0,0
35.334704130,0,1
35.334746820,0,0
35.334788042,0,1
35.334830728,0,0
35.334871952,0,1
35.334914640,0,0
35.334955862,0,1
35.334998552,0,0
35.335039772,0,1
35.335083938,0,0
35.335085936,1,0
35.335125152,1,1
35.335167836,1,0
35.335209042,1,1
35.335242372,0,1
35.335255680,0,0
35.335296906,0,1
35.335320196,1,1
35.335663600,0,1
35.335675406,0,0
35.335718024,0,1
35.335759648,0,0
35.335800784,0,1
35.335824030,1,1
35.335843390,1,0
35.335884524,1,1
35.335905974,0,1
35.335926154,0,0
35.335967290,0,1
35.335990534,1,1
35.336009894,1,0
35.336051030,1,1
35.336093638,1,0
35.336134770,1,1
35.336177380,1,0
35.336218510,1,1
35.336261116,1,0
35.336302244,1,1
35.336344848,1,0
35.336388436,1,1
35.336431042,1,0
35.336469216,1,1
35.336511816,1,0
35.336556394,1,1
35.336570424,1,0
35.336571676,1,1
35.373501718,0,1
35.373513520,0,0
35.373556120,0,1
35.373579356,1,1
35.373598714,1,0
35.373639836,1,1
35.373682432,1,0
35.373723550,1,1
35.373744988,0,1
35.373765162,0,0
35.373806284,0,1
35.373847896,0,0
35.373889018,0,1
35.373912258,1,1
35.373931616,1,0
35.373972736,1,1
35.374015328,1,0
35.374056444,1,1
35.374077886,0,1
35.374098060,0,0
35.374139168,0,1
35.374180764,0,0
35.374224328,0,1
35.374247552,1,1
35.374266900,1,0
35.374305048,1,1
35.374347620,1,0
35.374392160,1,1
35.374410636,1,0
35.377397984,1,1
35.378020774,0,1
35.378032576,0,0
35.378075172,0,1
35.378116800,0,0
35.378157944,0,1
35.378199566,0,0
35.378240696,0,1
35.378263936,1,1
35.378283294,1,0
35.378324412,1,1
35.378345854,0,1
35.378366028,0,0
35.378407154,0,1
35.378430392,1,1
35.378449748,1,0
35.378490872,1,1
35.378533468,1,0
35.378574586,1,1
35.378596026,0,1
35.378616198,0,0
35.378657320,0,1
35.378698926,0,0
35.378742510,0,1
35.378784120,0,0
35.378822284,0,1
35.378845524,1,1
35.378864880,1,0
35.378909446,1,1
35.378928326,1,0
35.385399540,1,1
35.398667878,0,1
35.398679680,0,0
35.398722278,0,1
35.398763886,0,0
35.398805008,0,1
35.398846620,0,0
35.398887740,0,1
35.398929352,0,0
35.398970474,0,1
35.399012088,0,0
35.399053206,0,1
35.399076444,1,1
35.399095800,1,0
35.399136916,1,1
35.399179510,1,0
35.399220626,1,1
35.399263218,1,0
35.399304334,1,1
35.399346932,1,0
35.399390512,1,1
35.399433112,1,0
35.399471278,1,1
35.399513874,1,0
35.399558438,1,1
35.403187142,0,1
35.403198942,0,0
35.403241536,0,1
35.403264774,1,1
35.403284132,1,0
35.403325248,1,1
35.403367840,1,0
35.403408958,1,1
35.403430400,0,1
35.403450572,0,0
35.403491692,0,1
35.403533304,0,0
35.403574426,0,1
35.403597662,1,1
35.403617018,1,0
35.403658140,1,1
35.403700736,1,0
35.403741848,1,1
35.403763290,0,1
35.403783462,0,0
35.403824586,0,1
35.403866194,0,0
35.403909776,0,1
35.403933014,1,1
35.403952368,1,0
35.403990530,1,1
35.404033122,1,0
35.404077682,1,1
35.407706236,0,1
35.407718038,0,0
35.407760632,0,1
35.407802240,0,0
35.407843360,0,1
35.407884972,0,0
35.407926092,0,1
35.407967702,0,0
35.408008826,0,1
35.408050436,0,0
35.408091554,0,1
35.408114792,1,1
35.408134148,1,0
35.408175264,1,1
35.408217858,1,0
35.408258978,1,1
35.408301574,1,0
35.408342692,1,1
35.408385290,1,0
35.408428874,1,1
35.408471472,1,0
35.408509638,1,1
35.408552232,1,0
35.408596796,1,1
35.412226294,0,1
35.412238094,0,0
35.412280684,0,1
35.412322294,0,0
35.412363418,0,1
35.412405034,0,0
35.412446168,0,1
35.412469400,1,1
35.412488752,1,0
35.412529852,1,1
35.412551284,0,1
35.412571448,0,0
35.412612566,0,1
35.412635800,1,1
35.412655156,1,0
35.412696270,1,1
35.412738862,1,0
35.412779974,1,1
35.412801410,0,1
35.412821582,0,0
35.412862702,0,1
35.412904310,0,0
35.412947892,0,1
35.412989500,0,0
35.413027668,0,1
35.413050904,1,1
35.413070262,1,0
35.413114834,1,1
35.420728120,1,0
35.425398660,1,1
35.481834424,1,0
35.482107790,0,0
35.482883578,0,1
35.483008064,0,0
35.483010028,1,0
35.483049178,1,1
35.483090786,1,0
35.483092340,0,0
35.483131906,0,1
35.483174494,0,0
35.483176234,1,0
35.483215604,1,1
35.483257210,1,0
35.483298322,1,1
35.483339926,1,0
35.483341106,0,0
35.483381048,0,1
35.483423638,0,0
35.483424978,1,0
35.483464750,1,1
35.483506356,1,0
35.483547466,1,1
35.483589070,1,0
35.483630184,1,1
35.483673260,1,0
35.483714370,1,1
35.483756954,1,0
35.483798056,1,1
35.483831308,0,1
35.483844586,0,0
35.483885702,0,1
35.483908932,1,1
35.484180256,0,1
35.484192048,0,0
35.484234614,0,1
35.484276202,0,0
35.484317294,0,1
35.484340518,1,1
35.484359862,1,0
35.484400958,1,1
35.484422394,0,1
35.484442556,0,0
35.484483654,0,1
35.484506876,1,1
35.484526222,1,0
35.484567316,1,1
35.484609886,1,0
35.484650976,1,1
35.484693550,1,0
35.484734642,1,1
35.484777214,1,0
35.484818312,1,1
35.484860884,1,0
35.484904436,1,1
35.484947010,1,0
35.484985150,1,1
35.485027716,1,0
35.485072254,1,1
35.485087302,1,0
35.485360658,0,0
35.486136368,0,1
35.486183772,0,0
35.486224908,0,1
35.486267512,0,0
35.486308642,0,1
35.486351242,0,0
35.486353540,1,0
35.486392366,1,1
35.486433980,1,0
35.486435834,0,0
35.486475106,0,1
35.486517702,0,0
35.486558830,0,1
35.486601422,0,0
35.486642554,0,1
35.486685142,0,0
35.486726256,0,1
35.486768858,0,0
35.486810002,0,1
35.486854092,0,0
35.486895234,0,1
35.486934394,0,0
35.486935868,1,0
35.486975518,1,1
35.487008780,0,1
35.487022060,0,0
35.487063192,0,1
35.487086430,1,1
35.487425040,0,1
35.487436862,0,0
35.487479528,0,1
35.487521202,0,0
35.487562402,0,1
35.487585678,1,1
35.487605064,1,0
35.487646254,1,1
35.487667728,0,1
35.487687934,0,0
35.487729122,0,1
35.487752392,1,1
35.487771778,1,0
35.487812966,1,1
35.487855630,1,0
35.487896816,1,1
35.487939482,1,0
35.487980670,1,1
35.488023332,1,0
35.488064520,1,1
35.488107190,1,0
35.488150842,1,1
35.488193506,1,0
35.488231732,1,1
35.488274396,1,0
35.488319034,1,1
35.488333180,1,0
35.488334436,1,1
35.512388506,0,1
35.512400330,0,0
35.512443004,0,1
35.512466284,1,1
35.512485674,1,0
35.512526868,1,1
35.512569542,1,0
35.512610738,1,1
35.512632214,0,1
35.512652424,0,0
35.512693618,0,1
35.512716898,1,1
35.512736288,1,0
35.512777482,1,1
35.512820148,1,0
35.512861344,1,1
35.512904016,1,0
35.512945214,1,1
35.512966692,0,1
35.512986904,0,0
35.513028106,0,1
35.513069784,0,0
35.513113450,0,1
35.513155132,0,0
35.513193368,0,1
35.513216646,1,1
35.513236034,1,0
35.513280684,1,1
35.513299676,1,0
35.513397280,1,1
35.516916214,0,1
35.516928038,0,0
35.516970718,0,1
35.516993998,1,1
35.517013386,1,0
35.517054584,1,1
35.517097258,1,0
35.517138454,1,1
35.517159936,0,1
35.517180150,0,0
35.517221356,0,1
35.517263044,0,0
35.517304248,0,1
35.517327528,1,1
35.517346918,1,0
35.517388110,1,1
35.517430794,1,0
35.517471998,1,1
35.517493476,0,1
35.517513688,0,0
35.517554892,0,1
35.517596578,0,0
35.517640248,0,1
35.517663528,1,1
35.517682916,1,0
35.517721160,1,1
35.517763834,1,0
35.517808486,1,1
35.517826688,1,0
35.521397662,1,1
35.534522638,0,1
35.534534462,0,0
35.534577144,0,1
35.534618834,0,0
35.534660040,0,1
35.534701726,0,0
35.534742934,0,1
35.534784634,0,0
35.534825846,0,1
35.534867542,0,0
35.534908746,0,1
35.534932024,1,1
35.534951414,1,0
35.534992610,1,1
35.535035274,1,0
35.535076460,1,1
35.535119140,1,0
35.535160350,1,1
35.535203024,1,0
35.535246688,1,1
35.535289368,1,0
35.535327608,1,1
35.535370288,1,0
35.535414950,1,1
35.539050714,0,1
35.539062538,0,0
35.539105222,0,1
35.539128504,1,1
35.539147892,1,0
35.539189094,1,1
35.539231772,1,0
35.539272970,1,1
35.539294454,0,1
35.539314668,0,0
35.539355878,0,1
35.539397566,0,0
35.539438774,0,1
35.539462060,1,1
35.539481452,1,0
35.539522652,1,1
35.539565326,1,0
35.539606530,1,1
35.539628008,0,1
35.539648220,0,0
35.539689424,0,1
35.539731116,0,0
35.539774786,0,1
35.539798070,1,1
35.539817458,1,0
35.539855700,1,1
35.539898378,1,0
35.539943028,1,1
35.546739070,0,1
35.546750892,0,0
35.546793572,0,1
35.546835260,0,0
35.546876462,0,1
35.546918152,0,0
35.546959358,0,1
35.547001046,0,0
35.547042248,0,1
35.547083938,0,0
35.547125140,0,1
35.547148422,1,1
35.547167812,1,0
35.547209014,1,1
35.547251692,1,0
35.547292890,1,1
35.547335564,1,0
35.547376764,1,1
35.547419446,1,0
35.547463120,1,1
35.547505798,1,0
35.547544036,1,1
35.547586714,1,0
35.547631364,1,1
35.551264204,0,1
35.551276028,0,0
35.551318712,0,1
35.551341992,1,1
35.551361380,1,0
35.551402582,1,1
35.551445258,1,0
35.551486458,1,1
35.551507938,0,1
35.551528150,0,0
35.551569354,0,1
35.551592632,1,1
35.551612024,1,0
35.551653226,1,1
35.551695904,1,0
35.551737100,1,1
35.551779774,1,0
35.551820972,1,1
35.551842448,0,1
35.551862660,0,0
35.551903862,0,1
35.551945552,0,0
35.551989224,0,1
35.552030914,0,0
35.552069162,0,1
35.552092444,1,1
35.552111834,1,0
35.552156488,1,1
35.559923470,1,0
35.561398004,1,1
35.597442544,0,1
35.597454376,0,0
35.597497088,0,1
35.597538790,0,0
35.597580004,0,1
35.597621696,0,0
35.597662910,0,1
35.597686196,1,1
35.597705594,1,0
35.597746802,1,1
35.597789486,1,0
35.597830684,1,1
35.597873358,1,0
35.597914560,1,1
35.597957236,1,0
35.597998432,1,1
35.598019910,0,1
35.598040122,0,0
35.598081324,0,1
35.598123008,0,0
35.598166680,0,1
35.598189962,1,1
35.598209354,1,0
35.598247592,1,1
35.598290268,1,0
35.598334928,1,1
35.598352844,1,0
35.601397872,1,1
35.605651436,0,1
35.605663264,0,0
35.605705950,0,1
35.605747644,0,0
35.605788854,0,1
35.605830548,0,0
35.605871754,0,1
35.605895040,1,1
35.605914432,1,0
35.605955634,1,1
35.605977114,0,1
35.605997326,0,0
35.606038532,0,1
35.606061814,1,1
35.606081204,1,0
35.606122404,1,1
35.606165084,1,0
35.606206290,1,1
35.606227768,0,1
35.606247980,0,0
35.606289190,0,1
35.606330882,0,0
35.606374556,0,1
35.606416248,0,0
35.606454498,0,1
35.606477778,1,1
35.606497168,1,0
35.606541820,1,1
35.606559502,1,0
35.609398130,1,1
35.613889038,0,1
35.613900864,0,0
35.613943548,0,1
35.613966830,1,1
35.613986218,1,0
35.614027422,1,1
35.614070100,1,0
35.614111300,1,1
35.614132780,0,1
35.614152996,0,0
35.614194206,0,1
35.614235898,0,0
35.614277106,0,1
35.614300392,1,1
35.614319786,1,0
35.614360988,1,1
35.614403666,1,0
35.614444872,1,1
35.614466354,0,1
35.614486566,0,0
35.614527772,0,1
35.614569468,0,0
35.614613144,0,1
35.614636428,1,1
35.614655818,1,0
35.614694064,1,1
35.614736746,1,0
35.614781400,1,1
35.614800740,1,0
35.617407968,1,1
35.642458592,1,0
35.642462602,0,0
35.643508250,0,1
35.643786308,0,0
35.643787976,1,0
35.643827508,1,1
35.643869206,1,0
35.643870304,0,0
35.643910438,0,1
35.643953140,0,0
35.643955274,1,0
35.643994354,1,1
35.644036050,1,0
35.644077258,1,1
35.644118952,1,0
35.644120206,0,0
35.644160172,0,1
35.644202854,0,0
35.644205146,1,0
35.644244062,1,1
35.644285754,1,0
35.644326964,1,1
35.644368660,1,0
35.644409868,1,1
35.644453042,1,0
35.644494250,1,1
35.644536928,1,0
35.644578138,1,1
35.644611466,0,1
35.644624776,0,0
35.644665992,0,1
35.644689282,1,1
35.644961308,0,1
35.644973132,0,0
35.645015820,0,1
35.645057510,0,0
35.645098724,0,1
35.645122012,1,1
35.645141404,1,0
35.645182612,1,1
35.645204096,0,1
35.645224310,0,0
35.645265524,0,1
35.645288810,1,1
35.645308202,1,0
35.645349412,1,1
35.645392096,1,0
35.645433304,1,1
35.645475988,1,0
35.645517194,1,1
35.645559874,1,0
35.645601078,1,1
35.645643760,1,0
35.645687434,1,1
35.645730116,1,0
35.645768364,1,1
35.645811046,1,0
35.645855704,1,1
35.645870426,1,0
35.646139880,0,0
35.646915922,0,1
35.646963664,0,0
35.647004888,0,1
35.647047574,0,0
35.647088804,0,1
35.647131488,0,0
35.647172708,0,1
35.647215398,0,0
35.647256618,0,1
35.647299300,0,0
35.647340524,0,1
35.647383208,0,0
35.647424438,0,1
35.647467126,0,0
35.647508348,0,1
35.647551038,0,0
35.647592262,0,1
35.647636430,0,0
35.647638096,1,0
35.647677638,1,1
35.647720324,1,0
35.647761530,1,1
35.647794854,0,1
35.647808162,0,0
35.647849378,0,1
35.647872666,1,1
35.648216036,0,1
35.648227844,0,0
35.648270462,0,1
35.648312088,0,0
35.648353226,0,1
35.648376474,1,1
35.648395836,1,0
35.648436972,1,1
35.648458420,0,1
35.648478600,0,0
35.648519736,0,1
35.648542980,1,1
35.648562340,1,0
35.648603468,1,1
35.648646078,1,0
35.648687210,1,1
35.648729818,1,0
35.648770952,1,1
35.648813560,1,0
35.648854688,1,1
35.648897298,1,0
35.648940890,1,1
35.648983496,1,0
35.649021672,1,1
35.649064284,1,0
35.649108856,1,1
35.649124454,1,0
35.649125710,1,1
35.675206766,0,1
35.675218570,0,0
35.675261178,0,1
35.675302796,0,0
35.675343932,0,1
35.675385550,0,0
35.675426686,0,1
35.675468308,0,0
35.675509442,0,1
35.675551064,0,0
35.675592194,0,1
35.675615434,1,1
35.675634794,1,0
35.675675918,1,1
35.675718524,1,0
35.675759650,1,1
35.675802252,1,0
35.675843378,1,1
35.675885980,1,0
35.675929568,1,1
35.675972170,1,0
35.676010338,1,1
35.676052928,1,0
35.676097492,1,1
35.679726792,0,1
35.679738594,0,0
35.679781196,0,1
35.679804438,1,1
35.679823794,1,0
35.679864918,1,1
35.679907516,1,0
35.679948640,1,1
35.679970082,0,1
35.679990256,0,0
35.680031380,0,1
35.680072998,0,0
35.680114126,0,1
35.680137364,1,1
35.680156720,1,0
35.680197844,1,1
35.680240446,1,0
35.680281570,1,1
35.680303012,0,1
35.680323188,0,0
35.680364314,0,1
35.680405934,0,0
35.680449526,0,1
35.680472766,1,1
35.680492124,1,0
35.680530292,1,1
35.680572892,1,0
35.680617460,1,1
35.688803590,1,0
35.689396822,1,1
35.690385638,0,1
35.690397434,0,0
35.690440016,0,1
35.690481610,0,0
35.690522712,0,1
35.690564304,0,0
35.690605412,0,1
35.690647006,0,0
35.690688114,0,1
35.690729708,0,0
35.690770818,0,1
35.690794044,1,1
35.690813394,1,0
35.690854500,1,1
35.690897078,1,0
35.690938202,1,1
35.690980818,1,0
35.691021958,1,1
35.691064570,1,0
35.691108160,1,1
35.691150764,1,0
35.691188930,1,1
35.691231532,1,0
35.691276104,1,1
35.694905070,0,1
35.694916872,0,0
35.694959468,0,1
35.695001082,0,0
35.695042206,0,1
35.695083818,0,0
35.695124944,0,1
35.695148182,1,1
35.695167540,1,0
35.695208660,1,1
35.695251258,1,0
35.695292382,1,1
35.695334978,1,0
35.695376100,1,1
35.695418702,1,0
35.695459822,1,1
35.695481264,0,1
35.695501438,0,0
35.695542560,0,1
35.695584178,0,0
35.695627766,0,1
35.695651002,1,1
35.695670362,1,0
35.695708528,1,1
35.695751124,1,0
35.695795690,1,1
35.699424764,0,1
35.699436566,0,0
35.699479168,0,1
35.699520782,0,0
35.699561908,0,1
35.699603522,0,0
35.699644648,0,1
35.699686262,0,0
35.699727388,0,1
35.699769004,0,0
35.699810128,0,1
35.699833370,1,1
35.699852728,1,0
35.699893854,1,1
35.699936452,1,0
35.699977572,1,1
35.700020172,1,0
35.700061292,1,1
35.700103890,1,0
35.700147474,1,1
35.700190070,1,0
35.700228220,1,1
35.700270814,1,0
35.700315392,1,1
35.703945516,0,1
35.703957318,0,0
35.703999922,0,1
35.704041538,0,0
35.704082666,0,1
35.704124280,0,0
35.704165410,0,1
35.704188648,1,1
35.704208006,1,0
35.704249128,1,1
35.704270572,0,1
35.704290748,0,0
35.704331874,0,1
35.704355114,1,1
35.704374472,1,0
35.704415600,1,1
35.704458200,1,0
35.704499324,1,1
35.704520766,0,1
35.704540940,0,0
35.704582068,0,1
35.704623682,0,0
35.704667272,0,1
35.704708888,0,0
35.704747060,0,1
35.704770300,1,1
35.704789656,1,0
35.704834228,1,1
35.712512320,1,0
35.713397826,1,1
35.786445856,1,0
35.786719086,0,0
35.787494388,0,1
35.788348092,0,0
35.788350032,1,0
35.788389214,1,1
35.788430824,1,0
35.788432296,0,0
35.788471950,0,1
35.788514546,0,0
35.788516164,1,0
35.788555662,1,1
35.788597270,1,0
35.788638390,1,1
35.788679998,1,0
35.788681974,0,0
35.788721120,0,1
35.788763714,0,0
35.788765844,1,0
35.788804828,1,1
35.788846418,1,0
35.788887520,1,1
35.788929128,1,0
35.788970254,1,1
35.789013352,1,0
35.789054464,1,1
35.789097054,1,0
35.789138166,1,1
35.789171424,0,1
35.789184704,0,0
35.789225832,0,1
35.789249074,1,1
35.789520532,0,1
35.789532332,0,0
35.789574926,0,1
35.789616530,0,0
35.789657648,0,1
35.789680882,1,1
35.789700236,1,0
35.789741344,1,1
35.789762782,0,1
35.789782952,0,0
35.789824070,0,1
35.789847302,1,1
35.789866654,1,0
35.789907764,1,1
35.789950358,1,0
35.789991470,1,1
35.790034062,1,0
35.790075188,1,1
35.790117784,1,0
35.790158900,1,1
35.790201496,1,0
35.790245076,1,1
35.790287666,1,0
35.790325824,1,1
35.790368418,1,0
35.790412984,1,1
35.790427058,1,0
35.790696346,0,0
35.791471748,0,1
35.791518572,0,0
35.791559704,0,1
35.791602300,0,0
35.791643434,0,1
35.791686032,0,0
35.791687816,1,0
35.791727152,1,1
35.791768764,1,0
35.791770090,0,0
35.791809892,0,1
35.791852484,0,0
35.791893614,0,1
35.791936208,0,0
35.791977336,0,1
35.792019928,0,0
35.792061048,0,1
35.792103634,0,0
35.792144754,0,1
35.792188816,0,0
35.792229936,0,1
35.792269082,0,0
35.792270928,1,0
35.792310198,1,1
35.792343458,0,1
35.792356738,0,0
35.792397866,0,1
35.792421106,1,1
35.792759676,0,1
35.792771492,0,0
35.792814156,0,1
35.792855826,0,0
35.792897010,0,1
35.792920282,1,1
35.792939670,1,0
35.792980858,1,1
35.793002332,0,1
35.793022538,0,0
35.793063726,0,1
35.793087004,1,1
35.793106390,1,0
35.793147578,1,1
35.793190244,1,0
35.793231434,1,1
35.793274096,1,0
35.793315286,1,1
35.793357960,1,0
35.793399152,1,1
35.793441818,1,0
35.793485472,1,1
35.793528136,1,0
35.793566364,1,1
35.793609032,1,0
35.793653674,1,1
35.793667612,1,0
35.793668864,1,1
35.836847174,0,1
35.836858998,0,0
35.836901680,0,1
35.836924958,1,1
35.836944348,1,0
35.836985548,1,1
35.837028220,1,0
35.837069416,1,1
35.837090894,0,1
35.837111106,0,0
35.837152306,0,1
35.837193978,0,0
35.837235180,0,1
35.837258468,1,1
35.837277864,1,0
35.837319076,1,1
35.837361750,1,0
35.837402952,1,1
35.837424436,0,1
35.837444648,0,0
35.837485852,0,1
35.837527544,0,0
35.837571214,0,1
35.837594494,1,1
35.837613882,1,0
35.837652120,1,1
35.837694794,1,0
35.837739448,1,1
35.837757436,1,0
35.841390962,1,1
35.841435056,0,1
35.841446884,0,0
35.841489582,0,1
35.841512868,1,1
35.841532262,1,0
35.841573466,1,1
35.841616150,1,0
35.841657350,1,1
35.841678834,0,1
35.841699048,0,0
35.841740258,0,1
35.841763542,1,1
35.841782930,1,0
35.841824136,1,1
35.841866818,1,0
35.841908020,1,1
35.841950696,1,0
35.841991902,1,1
35.842013382,0,1
35.842033594,0,0
35.842074800,0,1
35.842116492,0,0
35.842160166,0,1
35.842201854,0,0
35.842240102,0,1
35.842263386,1,1
35.842282776,1,0
35.842327432,1,1
35.842346680,1,0
35.849397352,1,1
35.859759794,0,1
35.859771618,0,0
35.859814304,0,1
35.859855994,0,0
35.859897198,0,1
35.859938892,0,0
35.859980098,0,1
35.860021788,0,0
35.860062994,0,1
35.860104684,0,0
35.860145888,0,1
35.860169172,1,1
35.860188564,1,0
35.860229768,1,1
35.860272440,1,0
35.860313642,1,1
35.860356320,1,0
35.860397520,1,1
35.860440202,1,0
35.860483876,1,1
35.860526554,1,0
35.860564796,1,1
35.860607478,1,0
35.860652132,1,1
35.864288052,0,1
35.864299876,0,0
35.864342556,0,1
35.864365840,1,1
35.864385230,1,0
35.864426434,1,1
35.864469110,1,0
35.864510314,1,1
35.864531798,0,1
35.864552014,0,0
35.864593222,0,1
35.864634916,0,0
35.864676128,0,1
35.864699412,1,1
35.864718804,1,0
35.864760010,1,1
35.864802686,1,0
35.864843886,1,1
35.864865366,0,1
35.864885578,0,0
35.864926784,0,1
35.864968472,0,0
35.865012144,0,1
35.865035426,1,1
35.865054818,1,0
35.865093060,1,1
35.865135738,1,0
35.865180394,1,1
35.873326876,1,0
35.881404270,1,1
35.900110768,0,1
35.900122592,0,0
35.900165280,0,1
35.900206970,0,0
35.900248174,0,1
35.900289862,0,0
35.900331072,0,1
35.900354356,1,1
35.900373746,1,0
35.900414950,1,1
35.900436432,0,1
35.900456644,0,0
35.900497850,0,1
35.900521128,1,1
35.900540520,1,0
35.900581726,1,1
35.900624404,1,0
35.900665602,1,1
35.900687084,0,1
35.900707296,0,0
35.900748500,0,1
35.900790190,0,0
35.900833868,0,1
35.900875562,0,0
35.900913808,0,1
35.900937092,1,1
35.900956482,1,0
35.901001140,1,1
35.901018920,1,0
35.905397660,1,1
35.954320246,1,0
35.954324250,0,0
35.955370014,0,1
35.955497274,0,0
35.955499574,1,0
35.955538484,1,1
35.955580182,1,0
35.955581914,0,0
35.955621398,0,1
35.955664080,0,0
35.955665842,1,0
35.955705284,1,1
35.955746986,1,0
35.955788192,1,1
35.955829886,1,0
35.955831780,0,0
35.955871104,0,1
35.955913788,0,0
35.955915720,1,0
35.955954998,1,1
35.955996698,1,0
35.956037910,1,1
35.956079606,1,0
35.956120820,1,1
35.956163994,1,0
35.956205200,1,1
35.956247882,1,0
35.956289090,1,1
35.956322416,0,1
35.956335724,0,0
35.956376954,0,1
35.956400250,1,1
35.956672340,0,1
35.956684166,0,0
35.956726858,0,1
35.956768554,0,0
35.956809768,0,1
35.956833052,1,1
35.956852444,1,0
35.956893654,1,1
35.956915136,0,1
35.956935352,0,0
35.956976560,0,1
35.956999846,1,1
35.957019240,1,0
35.957060450,1,1
35.957103134,1,0
35.957144342,1,1
35.957187030,1,0
35.957228240,1,1
35.957270920,1,0
35.957312128,1,1
35.957354810,1,0
35.957398482,1,1
35.957441176,1,0
35.957479428,1,1
35.957522112,1,0
35.957566776,1,1
35.957579224,1,0
35.957848730,0,0
35.958624718,0,1
35.958665914,0,0
35.958707138,0,1
35.958749828,0,0
35.958791052,0,1
35.958833738,0,0
35.958874966,0,1
35.958917654,0,0
35.958958874,0,1
35.959001562,0,0
35.959042788,0,1
35.959085476,0,0
35.959126698,0,1
35.959169386,0,0
35.959210606,0,1
35.959253290,0,0
35.959294514,0,1
35.959338680,0,0
35.959340788,1,0
35.959379892,1,1
35.959422586,1,0
35.959463798,1,1
35.959497120,0,1
35.959510426,0,0
35.959551646,0,1
35.959574930,1,1
35.959918316,0,1
35.959930122,0,0
35.959972740,0,1
35.960014364,0,0
35.960055506,0,1
35.960078758,1,1
35.960098124,1,0
35.960139270,1,1
35.960160718,0,1
35.960180900,0,0
35.960222038,0,1
35.960245278,1,1
35.960264638,1,0
35.960305766,1,1
35.960348374,1,0
35.960389502,1,1
35.960432110,1,0
35.960473242,1,1
35.960515846,1,0
35.960556974,1,1
35.960599582,1,0
35.960643176,1,1
35.960685780,1,0
35.960723954,1,1
35.960766556,1,0
35.960811128,1,1
35.960825284,1,0
35.960826538,1,1
36.003062888,0,1
36.003074690,0,0
36.003117288,0,1
36.003158896,0,0
36.003200018,0,1
36.003241628,0,0
36.003282752,0,1
36.003324366,0,0
36.003365488,0,1
36.003407104,0,0
36.003448230,0,1
36.003471468,1,1
36.003490826,1,0
36.003531948,1,1
36.003574546,1,0
36.003615664,1,1
36.003658258,1,0
36.003699374,1,1
36.003741972,1,0
36.003785550,1,1
36.003828148,1,0
36.003866320,1,1
36.003908920,1,0
36.003953490,1,1
36.007583536,0,1
36.007595338,0,0
36.007637940,0,1
36.007679554,0,0
36.007720680,0,1
36.007762292,0,0
36.007803420,0,1
36.007826656,1,1
36.007846012,1,0
36.007887134,1,1
36.007908576,0,1
36.007928750,0,0
36.007969874,0,1
36.007993108,1,1
36.008012466,1,0
36.008053590,1,1
36.008096188,1,0
36.008137306,1,1
36.008158748,0,1
36.008178924,0,0
36.008220050,0,1
36.008261662,0,0
36.008305250,0,1
36.008346866,0,0
36.008385038,0,1
36.008408278,1,1
36.008427636,1,0
36.008472208,1,1
36.016628048,1,0
36.017396884,1,1
36.114173600,1,0
36.114446918,0,0
36.115222560,0,1
36.115362116,0,0
36.115364116,1,0
36.115403240,1,1
36.115444848,1,0
36.115446392,0,0
36.115485978,0,1
36.115528572,0,0
36.115530274,1,0
36.115569688,1,1
36.115611296,1,0
36.115652406,1,1
36.115694010,1,0
36.115695112,0,0
36.115735128,0,1
36.115777718,0,0
36.115779986,1,0
36.115818830,1,1
36.115860434,1,0
36.115901548,1,1
36.115943152,1,0
36.115984264,1,1
36.116027346,1,0
36.116068458,1,1
36.116111046,1,0
36.116152154,1,1
36.116185408,0,1
36.116198690,0,0
36.116239816,0,1
36.116263050,1,1
36.116534496,0,1
36.116546296,0,0
36.116588890,0,1
36.116630496,0,0
36.116671614,0,1
36.116694848,1,1
36.116714204,1,0
36.116755316,1,1
36.116776754,0,1
36.116796926,0,0
36.116838046,0,1
36.116861284,1,1
36.116880638,1,0
36.116921756,1,1
36.116964354,1,0
36.117005468,1,1
36.117048062,1,0
36.117089178,1,1
36.117131772,1,0
36.117172886,1,1
36.117215478,1,0
36.117259054,1,1
36.117301646,1,0
36.117339812,1,1
36.117382404,1,0
36.117426972,1,1
36.117442446,1,0
36.117715778,0,0
36.118491352,0,1
36.118539090,0,0
36.118580220,0,1
36.118622816,0,0
36.118663950,0,1
36.118706546,0,0
36.118708460,1,0
36.118747664,1,1
36.118789276,1,0
36.118790748,0,0
36.118830398,0,1
36.118872988,0,0
36.118914110,0,1
36.118956708,0,0
36.118997830,0,1
36.119040424,0,0
36.119081552,0,1
36.119124148,0,0
36.119165276,0,1
36.119209352,0,0
36.119250480,0,1
36.119289630,0,0
36.119291682,1,0
36.119330748,1,1
36.119364008,0,1
36.119377288,0,0
36.119418418,0,1
36.119441662,1,1
36.119780258,0,1
36.119792078,0,0
36.119834744,0,1
36.119876422,0,0
36.119917612,0,1
36.119940888,1,1
36.119960274,1,0
36.120001466,1,1
36.120022942,0,1
36.120043148,0,0
36.120084344,0,1
36.120107622,1,1
36.120127012,1,0
36.120168204,1,1
36.120210872,1,0
36.120252066,1,1
36.120294732,1,0
36.120335924,1,1
36.120378594,1,0
36.120419790,1,1
36.120462456,1,0
36.120506114,1,1
36.120548782,1,0
36.120587012,1,1
36.120629682,1,0
36.120674328,1,1
36.120687874,1,0
36.120689128,1,1
36.144199434,0,1
36.144211258,0,0
36.144253938,0,1
36.144295622,0,0
36.144336824,0,1
36.144378512,0,0
36.144419716,0,1
36.144442996,1,1
36.144462386,1,0
36.144503588,1,1
36.144525068,0,1
36.144545278,0,0
36.144586480,0,1
36.144609762,1,1
36.144629154,1,0
36.144670352,1,1
36.144713020,1,0
36.144754216,1,1
36.144775698,0,1
36.144795908,0,0
36.144837110,0,1
36.144878798,0,0
36.144922464,0,1
36.144964148,0,0
36.145002388,0,1
36.145025668,1,1
36.145045056,1,0
36.145089704,1,1
36.145107290,1,0
36.145396648,1,1
36.207151354,0,1
36.207163178,0,0
36.207205858,0,1
36.207247548,0,0
36.207288752,0,1
36.207330444,0,0
36.207371648,0,1
36.207413342,0,0
36.207454550,0,1
36.207496238,0,0
36.207537446,0,1
36.207560730,1,1
36.207580120,1,0
36.207621322,1,1
36.207664002,1,0
36.207705206,1,1
36.207747882,1,0
36.207789086,1,1
36.207831760,1,0
36.207875428,1,1
36.207918106,1,0
36.207956346,1,1
36.207999020,1,0
36.208043674,1,1
36.211680640,0,1
36.211692466,0,0
36.211735158,0,1
36.211776852,0,0
36.211818060,0,1
36.211859750,0,0
36.211900956,0,1
36.211924236,1,1
36.211943626,1,0
36.211984830,1,1
36.212006310,0,1
36.212026522,0,0
36.212067726,0,1
36.212091008,1,1
36.212110400,1,0
36.212151598,1,1
36.212194274,1,0
36.212235472,1,1
36.212256954,0,1
36.212277168,0,0
36.212318372,0,1
36.212360062,0,0
36.212403742,0,1
36.212445432,0,0
36.212483678,0,1
36.212506964,1,1
36.212526356,1,0
36.212571008,1,1
36.220782322,1,0
36.225396638,1,1
36.232270614,0,1
36.232282436,0,0
36.232325116,0,1
36.232366804,0,0
36.232408016,0,1
36.232449714,0,0
36.232490924,0,1
36.232532618,0,0
36.232573830,0,1
36.232615526,0,0
36.232656734,0,1
36.232680020,1,1
36.232699412,1,0
36.232740618,1,1
36.232783296,1,0
36.232824504,1,1
36.232867182,1,0
36.232908382,1,1
36.232951058,1,0
36.232994726,1,1
36.233037400,1,0
36.233075642,1,1
36.233118318,1,0
36.233162974,1,1
36.236796130,0,1
36.236807956,0,0
36.236850638,0,1
36.236873922,1,1
36.236893316,1,0
36.236934522,1,1
36.236977196,1,0
36.237018400,1,1
36.237039880,0,1
36.237060092,0,0
36.237101298,0,1
36.237124580,1,1
36.237143972,1,0
36.237185176,1,1
36.237227856,1,0
36.237269054,1,1
36.237311734,1,0
36.237352934,1,1
36.237374416,0,1
36.237394628,0,0
36.237435844,0,1
36.237477538,0,0
36.237521216,0,1
36.237562914,0,0
36.237601162,0,1
36.237624444,1,1
36.237643836,1,0
36.237688498,1,1
36.245528354,1,0
36.249397048,1,1
36.258719314,0,1
36.258731138,0,0
36.258773830,0,1
36.258815522,0,0
36.258856726,0,1
36.258898414,0,0
36.258939622,0,1
36.258962906,1,1
36.258982294,1,0
36.259023498,1,1
36.259044980,0,1
36.259065192,0,0
36.259106400,0,1
36.259129682,1,1
36.259149076,1,0
36.259190286,1,1
36.259232964,1,0
36.259274166,1,1
36.259295646,0,1
36.259315860,0,0
36.259357068,0,1
36.259398758,0,0
36.259442442,0,1
36.259484134,0,0
36.259522380,0,1
36.259545666,1,1
36.259565056,1,0
36.259609712,1,1
36.259628418,1,0
36.265396672,1,1
36.275234454,0,1
36.275246278,0,0
36.275288972,0,1
36.275312258,1,1
36.275331650,1,0
36.275372856,1,1
36.275415542,1,0
36.275456750,1,1
36.275478234,0,1
36.275498446,0,0
36.275539656,0,1
36.275562946,1,1
36.275582338,1,0
36.275623544,1,1
36.275666230,1,0
36.275707442,1,1
36.275750128,1,0
36.275791336,1,1
36.275812824,0,1
36.275833042,0,0
36.275874254,0,1
36.275915946,0,0
36.275959626,0,1
36.276001322,0,0
36.276039572,0,1
36.276062858,1,1
36.276082254,1,0
36.276126918,1,1
36.276145684,1,0
36.281396860,1,1
36.297588962,1,0
36.297862486,0,0
36.298638564,0,1
36.298978298,0,0
36.298979772,1,0
36.299019518,1,1
36.299061222,1,0
36.299063116,0,0
36.299102446,0,1
36.299145140,0,0
36.299147048,1,0
36.299186358,1,1
36.299228060,1,0
36.299269276,1,1
36.299310974,1,0
36.299312996,0,0
36.299352198,0,1
36.299394886,0,0
36.299396926,1,0
36.299436104,1,1
36.299477806,1,0
36.299519020,1,1
36.299560722,1,0
36.299601928,1,1
36.299645106,1,0
36.299686320,1,1
36.299729018,1,0
36.299770230,1,1
36.299803560,0,1
36.299816872,0,0
36.299858100,0,1
36.299881390,1,1
36.300153442,0,1
36.300165268,0,0
36.300207962,0,1
36.300249658,0,0
36.300290872,0,1
36.300314164,1,1
36.300333560,1,0
36.300374778,1,1
36.300396268,0,1
36.300416488,0,0
36.300457706,0,1
36.300480990,1,1
36.300500386,1,0
36.300541594,1,1
36.300584276,1,0
36.300625486,1,1
36.300668164,1,0
36.300709368,1,1
36.300752052,1,0
36.300793260,1,1
36.300835944,1,0
36.300879622,1,1
36.300922302,1,0
36.300960550,1,1
36.301003234,1,0
36.301047894,1,1
36.301061390,1,0
36.301334912,0,0
36.302111054,0,1
36.302155906,0,0
36.302197134,0,1
36.302239822,0,0
36.302281048,0,1
36.302323740,0,0
36.302364962,0,1
36.302407654,0,0
36.302448882,0,1
36.302491572,0,0
36.302532796,0,1
36.302575486,0,0
36.302616708,0,1
36.302659398,0,0
36.302700628,0,1
36.302743316,0,0
36.302784538,0,1
36.302828710,0,0
36.302830314,1,0
36.302869922,1,1
36.302912610,1,0
36.302953824,1,1
36.302987154,0,1
36.303000464,0,0
36.303041690,0,1
36.303064978,1,1
36.303408254,0,1
36.303420058,0,0
36.303462660,0,1
36.303504272,0,0
36.303545392,0,1
36.303568626,1,1
36.303587984,1,0
36.303629104,1,1
36.303650542,0,1
36.303670714,0,0
36.303711832,0,1
36.303735068,1,1
36.303754422,1,0
36.303795534,1,1
36.303838126,1,0
36.303879242,1,1
36.303921830,1,0
36.303962940,1,1
36.304005532,1,0
36.304046646,1,1
36.304089232,1,0
36.304132810,1,1
36.304175396,1,0
36.304213550,1,1
36.304256140,1,0
36.304300700,1,1
36.304315816,1,0
36.304317072,1,1
36.359661772,0,1
36.359673572,0,0
36.359716170,0,1
36.359757780,0,0
36.359798902,0,1
36.359840518,0,0
36.359881644,0,1
36.359923256,0,0
36.359964380,0,1
36.360005996,0,0
36.360047120,0,1
36.360070360,1,1
36.360089716,1,0
36.360130838,1,1
36.360173436,1,0
36.360214560,1,1
36.360257160,1,0
36.360298280,1,1
36.360340876,1,0
36.360384456,1,1
36.360427054,1,0
36.360465214,1,1
36.360507812,1,0
36.360552374,1,1
36.364178156,0,1
36.364189958,0,0
36.364232548,0,1
36.364255784,1,1
36.364275140,1,0
36.364316258,1,1
36.364358852,1,0
36.364399966,1,1
36.364421412,0,1
36.364441584,0,0
36.364482706,0,1
36.364505940,1,1
36.364525296,1,0
36.364566416,1,1
36.364609010,1,0
36.364650124,1,1
36.364692716,1,0
36.364733832,1,1
36.364755272,0,1
36.364775440,0,0
36.364816562,0,1
36.364858170,0,0
36.364901750,0,1
36.364943360,0,0
36.364981528,0,1
36.365004762,1,1
36.365024118,1,0
36.365068676,1,1
36.372336414,1,0
36.377396398,1,1
36.450146836,1,0
36.450420152,0,0
36.451195800,0,1
36.451709666,0,0
36.451711048,1,0
36.451750790,1,1
36.451792400,1,0
36.451794344,0,0
36.451833530,0,1
36.451876124,0,0
36.451878218,1,0
36.451917238,1,1
36.451958844,1,0
36.451999964,1,1
36.452041570,1,0
36.452043026,0,0
36.452082696,0,1
36.452125290,0,0
36.452126876,1,0
36.452166404,1,1
36.452208010,1,0
36.452249122,1,1
36.452290732,1,0
36.452331844,1,1
36.452374930,1,0
36.452416044,1,1
36.452458636,1,0
36.452499750,1,1
36.452533006,0,1
36.452546286,0,0
36.452587416,0,1
36.452610662,1,1
36.452882110,0,1
36.452893910,0,0
36.452936502,0,1
36.452978098,0,0
36.453019214,0,1
36.453042446,1,1
36.453061802,1,0
36.453102914,1,1
36.453124354,0,1
36.453144524,0,0
36.453185644,0,1
36.453208880,1,1
36.453228232,1,0
36.453269344,1,1
36.453311938,1,0
36.453353050,1,1
36.453395640,1,0
36.453436760,1,1
36.453479358,1,0
36.453520468,1,1
36.453563064,1,0
36.453606642,1,1
36.453649232,1,0
36.453687394,1,1
36.453729980,1,0
36.453774536,1,1
36.453789966,1,0
36.454059284,0,0
36.454834848,0,1
36.454880154,0,0
36.454921284,0,1
36.454963884,0,0
36.455005016,0,1
36.455047612,0,0
36.455049934,1,0
36.455088732,1,1
36.455130344,1,0
36.455132224,0,0
36.455171472,0,1
36.455214062,0,0
36.455255188,0,1
36.455297786,0,0
36.455338916,0,1
36.455381518,0,0
36.455422652,0,1
36.455465248,0,0
36.455506378,0,1
36.455550454,0,0
36.455591582,0,1
36.455630732,0,0
36.455632120,1,0
36.455671856,1,1
36.455705114,0,1
36.455718396,0,0
36.455759524,0,1
36.455782762,1,1
36.456121368,0,1
36.456133188,0,0
36.456175860,0,1
36.456217536,0,0
36.456258724,0,1
36.456282004,1,1
36.456301392,1,0
36.456342590,1,1
36.456364066,0,1
36.456384274,0,0
36.456425474,0,1
36.456448752,1,1
36.456468142,1,0
36.456509336,1,1
36.456552008,1,0
36.456593206,1,1
36.456635876,1,0
36.456677070,1,1
36.456719740,1,0
36.456760932,1,1
36.456803602,1,0
36.456847264,1,1
36.456889934,1,0
36.456928170,1,1
36.456970842,1,0
36.457015490,1,1
36.457031038,1,0
36.457032298,1,1
36.494091984,0,1
36.494103808,0,0
36.494146492,0,1
36.494169778,1,1
36.494189168,1,0
36.494230372,1,1
36.494251854,0,1
36.494272066,0,0
36.494313276,0,1
36.494336560,1,1
36.494355950,1,0
36.494397152,1,1
36.494439840,1,0
36.494481048,1,1
36.494523726,1,0
36.494564930,1,1
36.494607608,1,0
36.494648808,1,1
36.494670290,0,1
36.494690504,0,0
36.494731710,0,1
36.494773402,0,0
36.494817076,0,1
36.494858768,0,0
36.494897014,0,1
36.494920298,1,1
36.494939690,1,0
36.494984350,1,1
36.495002250,1,0
36.497395678,1,1
36.538656452,0,1
36.538668276,0,0
36.538710960,0,1
36.538752652,0,0
36.538793860,0,1
36.538817144,1,1
36.538836534,1,0
36.538877734,1,1
36.538920408,1,0
36.538961600,1,1
36.539004270,1,0
36.539045464,1,1
36.539088128,1,0
36.539129318,1,1
36.539171988,1,0
36.539213178,1,1
36.539234652,0,1
36.539254860,0,0
36.539296058,0,1
36.539337738,0,0
36.539381398,0,1
36.539423086,0,0
36.539461324,0,1
36.539484602,1,1
36.539503988,1,0
36.539548644,1,1
36.539566728,1,0
36.545395682,1,1
36.600776302,0,1
36.600788128,0,0
36.600830812,0,1
36.600872504,0,0
36.600913714,0,1
36.600955406,0,0
36.600996618,0,1
36.601038314,0,0
36.601079528,0,1
36.601121224,0,0
36.601162438,0,1
36.601185724,1,1
36.601205118,1,0
36.601246328,1,1
36.601289012,1,0
36.601330222,1,1
36.601372910,1,0
36.601414126,1,1
36.601456810,1,0
36.601500484,1,1
36.601543164,1,0
36.601581408,1,1
36.601624088,1,0
36.601668748,1,1
36.605300578,0,1
36.605312398,0,0
36.605355062,0,1
36.605378336,1,1
36.605397718,1,0
36.605438902,1,1
36.605460376,0,1
36.605480582,0,0
36.605521770,0,1
36.605545042,1,1
36.605564422,1,0
36.605605606,1,1
36.605648262,1,0
36.605689440,1,1
36.605732100,1,0
36.605773278,1,1
36.605815934,1,0
36.605857114,1,1
36.605878584,0,1
36.605898784,0,0
36.605939966,0,1
36.605981634,0,0
36.606025288,0,1
36.606066960,0,0
36.606105188,0,1
36.606128460,1,1
36.606147842,1,0
36.606192470,1,1
36.613047070,0,1
36.613058894,0,0
36.613101584,0,1
36.613143276,0,0
36.613184486,0,1
36.613226178,0,0
36.613267386,0,1
36.613309076,0,0
36.613350286,0,1
36.613391978,0,0
36.613433190,0,1
36.613456476,1,1
36.613475870,1,0
36.613517078,1,1
36.613559758,1,0
36.613600966,1,1
36.613643648,1,0
36.613684850,1,1
36.613727530,1,0
36.613771202,1,1
36.613813878,1,0
36.613852122,1,1
36.613894802,1,0
36.613939458,1,1
36.617576832,0,1
36.617588658,0,0
36.617631348,0,1
36.617673044,0,0
36.617714254,0,1
36.617755944,0,0
36.617797156,0,1
36.617820442,1,1
36.617839838,1,0
36.617881050,1,1
36.617902538,0,1
36.617922760,0,0
36.617963984,0,1
36.617987276,1,1
36.618006676,1,0
36.618047898,1,1
36.618090594,1,0
36.618131810,1,1
36.618153296,0,1
36.618173516,0,0
36.618214734,0,1
36.618256434,0,0
36.618300126,0,1
36.618341828,0,0
36.618380086,0,1
36.618403378,1,1
36.618422778,1,0
36.618467454,1,1
36.625969220,1,0
36.633395164,1,1
36.649157816,1,0
36.649161816,0,0
36.650207458,0,1
36.650338566,0,0
36.650340002,1,0
36.650379786,1,1
36.650421492,1,0
36.650423350,0,0
36.650462712,0,1
36.650505392,0,0
36.650507264,1,0
36.650546602,1,1
36.650588304,1,0
36.650629512,1,1
36.650671206,1,0
36.650673196,0,0
36.650712426,0,1
36.650755106,0,0
36.650757114,1,0
36.650796310,1,1
36.650838004,1,0
36.650879210,1,1
36.650920902,1,0
36.650962110,1,1
36.651005284,1,0
36.651046496,1,1
36.651089180,1,0
36.651130390,1,1
36.651163714,0,1
36.651177024,0,0
36.651218248,0,1
36.651241536,1,1
36.651513594,0,1
36.651525420,0,0
36.651568110,0,1
36.651609806,0,0
36.651651018,0,1
36.651674304,1,1
36.651693700,1,0
36.651734910,1,1
36.651756398,0,1
36.651776614,0,0
36.651817826,0,1
36.651841116,1,1
36.651860512,1,0
36.651901726,1,1
36.651944408,1,0
36.651985618,1,1
36.652028302,1,0
36.652069510,1,1
36.652112196,1,0
36.652153410,1,1
36.652196092,1,0
36.652239768,1,1
36.652282454,1,0
36.652320702,1,1
36.652363384,1,0
36.652408050,1,1
36.652420530,1,0
36.652694034,0,0
36.653469974,0,1
36.653516094,0,0
36.653557322,0,1
36.653600012,0,0
36.653641234,0,1
36.653683922,0,0
36.653725148,0,1
36.653767832,0,0
36.653809052,0,1
36.653851738,0,0
36.653892958,0,1
36.653935644,0,0
36.653976874,0,1
36.654019568,0,0
36.654060792,0,1
36.654103476,0,0
36.654144698,0,1
36.654188860,0,0
36.654191074,1,0
36.654230072,1,1
36.654272754,1,0
36.654313964,1,1
36.654347290,0,1
36.654360600,0,0
36.654401822,0,1
36.654425110,1,1
36.654768518,0,1
36.654780326,0,0
36.654822948,0,1
36.654864578,0,0
36.654905720,0,1
36.654928966,1,1
36.654948328,1,0
36.654989466,1,1
36.655010914,0,1
36.655031092,0,0
36.655072222,0,1
36.655095466,1,1
36.655114830,1,0
36.655155982,1,1
36.655198598,1,0
36.655239732,1,1
36.655282346,1,0
36.655323478,1,1
36.655366084,1,0
36.655407222,1,1
36.655449834,1,0
36.655493430,1,1
36.655536036,1,0
36.655574212,1,1
36.655616814,1,0
36.655661394,1,1
36.655674588,1,0
36.655675842,1,1
36.679379136,0,1
36.679390940,0,0
36.679433548,0,1
36.679456786,1,1
36.679476146,1,0
36.679517274,1,1
36.679538718,0,1
36.679558894,0,0
36.679600024,0,1
36.679623266,1,1
36.679642628,1,0
36.679683756,1,1
36.679726358,1,0
36.679767480,1,1
36.679810084,1,0
36.679851208,1,1
36.679893814,1,0
36.679934950,1,1
36.679956400,0,1
36.679976584,0,0
36.680017720,0,1
36.680059334,0,0
36.680102920,0,1
36.680144532,0,0
36.680182708,0,1
36.680205950,1,1
36.680225306,1,0
36.680269880,1,1
36.680288654,1,0
36.681394440,1,1
36.748519426,0,1
36.748531228,0,0
36.748573826,0,1
36.748615436,0,0
36.748656558,0,1
36.748698170,0,0
36.748739292,0,1
36.748780902,0,0
36.748822026,0,1
36.748863638,0,0
36.748904760,0,1
36.748927998,1,1
36.748947352,1,0
36.748988472,1,1
36.749031068,1,0
36.749072184,1,1
36.749114780,1,0
36.749155896,1,1
36.749198494,1,0
36.749242074,1,1
36.749284668,1,0
36.749322828,1,1
36.749365422,1,0
36.749409988,1,1
36.753035842,0,1
36.753047642,0,0
36.753090240,0,1
36.753113476,1,1
36.753132832,1,0
36.753173950,1,1
36.753195390,0,1
36.753215562,0,0
36.753256686,0,1
36.753279922,1,1
36.753299282,1,0
36.753340404,1,1
36.753383002,1,0
36.753424126,1,1
36.753466722,1,0
36.753507840,1,1
36.753550434,1,0
36.753591552,1,1
36.753612992,0,1
36.753633164,0,0
36.753674286,0,1
36.753715896,0,0
36.753759480,0,1
36.753801094,0,0
36.753839264,0,1
36.753862498,1,1
36.753881852,1,0
36.753926416,1,1
36.760710778,0,1
36.760722580,0,0
36.760765182,0,1
36.760806796,0,0
36.760847920,0,1
36.760889534,0,0
36.760930658,0,1
36.760972268,0,0
36.761013392,0,1
36.761055006,0,0
36.761096134,0,1
36.761119370,1,1
36.761138730,1,0
36.761179854,1,1
36.761222448,1,0
36.761263564,1,1
36.761306164,1,0
36.761347288,1,1
36.761389884,1,0
36.761433474,1,1
36.761476072,1,0
36.761514238,1,1
36.761556836,1,0
36.761601404,1,1
36.765227514,0,1
36.765239316,0,0
36.765281916,0,1
36.765323526,0,0
36.765364652,0,1
36.765387890,1,1
36.765407250,1,0
36.765448374,1,1
36.765490972,1,0
36.765532090,1,1
36.765574688,1,0
36.765615804,1,1
36.765658404,1,0
36.765699522,1,1
36.765742120,1,0
36.765783242,1,1
36.765804682,0,1
36.765824856,0,0
36.765865978,0,1
36.765907594,0,0
36.765951180,0,1
36.765992796,0,0
36.766030966,0,1
36.766054206,1,1
36.766073562,1,0
36.766118132,1,1
36.773374476,1,0
36.777395074,1,1
36.821892588,0,1
36.821904390,0,0
36.821946982,0,1
36.821988588,0,0
36.822029704,0,1
36.822071308,0,0
36.822112426,0,1
36.822135660,1,1
36.822155014,1,0
36.822196124,1,1
36.822217564,0,1
36.822237736,0,0
36.822278854,0,1
36.822302090,1,1
36.822321444,1,0
36.822362556,1,1
36.822405150,1,0
36.822446266,1,1
36.822467706,0,1
36.822487876,0,0
36.822528998,0,1
36.822570604,0,0
36.822614178,0,1
36.822655784,0,0
36.822693948,0,1
36.822717180,1,1
36.822736532,1,0
36.822781092,1,1
36.822799616,1,0
36.825402862,1,1
36.833854656,0,1
36.833866456,0,0
36.833909056,0,1
36.833932294,1,1
36.833951648,1,0
36.833992766,1,1
36.834014208,0,1
36.834034382,0,0
36.834075506,0,1
36.834098744,1,1
36.834118102,1,0
36.834159228,1,1
36.834180670,0,1
36.834200850,0,0
36.834241976,0,1
36.834265212,1,1
36.834284570,1,0
36.834325690,1,1
36.834368282,1,0
36.834409396,1,1
36.834430838,0,1
36.834451010,0,0
36.834492130,0,1
36.834533738,0,0
36.834577324,0,1
36.834600562,1,1
36.834619918,1,0
36.834658080,1,1
36.834700678,1,0
36.834745242,1,1
36.834763664,1,0
36.841394552,1,1
36.841523344,0,1
36.841535146,0,0
36.841577742,0,1
36.841619352,0,0
36.841660476,0,1
36.841702084,0,0
36.841743204,0,1
36.841766442,1,1
36.841785798,1,0
36.841826916,1,1
36.841869512,1,0
36.841910626,1,1
36.841953222,1,0
36.841994336,1,1
36.842036930,1,0
36.842078044,1,1
36.842099484,0,1
36.842119656,0,0
36.842160776,0,1
36.842202388,0,0
36.842245970,0,1
36.842269204,1,1
36.842288560,1,0
36.842326722,1,1
36.842369316,1,0
36.842413878,1,1
36.842431628,1,0
36.849394462,1,1
36.865592910,1,0
36.865866272,0,0
36.866641966,0,1
36.867456150,0,0
36.867458412,1,0
36.867497274,1,1
36.867538888,1,0
36.867540692,0,0
36.867580016,0,1
36.867622616,0,0
36.867624568,1,0
36.867663734,1,1
36.867705348,1,0
36.867746466,1,1
36.867788076,1,0
36.867789418,0,0
36.867829202,0,1
36.867871800,0,0
36.867873306,1,0
36.867912922,1,1
36.867954530,1,0
36.867995648,1,1
36.868037260,1,0
36.868078374,1,1
36.868121458,1,0
36.868162574,1,1
36.868205166,1,0
36.868246282,1,1
36.868279538,0,1
36.868292818,0,0
36.868333948,0,1
36.868357188,1,1
36.868628642,0,1
36.868640442,0,0
36.868683044,0,1
36.868724662,0,0
36.868765782,0,1
36.868789018,1,1
36.868808376,1,0
36.868849492,1,1
36.868870932,0,1
36.868891108,0,0
36.868932230,0,1
36.868955468,1,1
36.868974824,1,0
36.869015942,1,1
36.869058540,1,0
36.869099658,1,1
36.869142254,1,0
36.869183374,1,1
36.869225972,1,0
36.869267088,1,1
36.869309690,1,0
36.869353276,1,1
36.869395874,1,0
36.869434042,1,1
36.869476646,1,0
36.869521212,1,1
36.869534786,1,0
36.869804080,0,0
36.870579662,0,1
36.870626920,0,0
36.870668056,0,1
36.870710660,0,0
36.870751800,0,1
36.870794402,0,0
36.870795748,1,0
36.870835526,1,1
36.870877144,1,0
36.870879038,0,0
36.870918280,0,1
36.870960876,0,0
36.871002006,0,1
36.871044610,0,0
36.871085740,0,1
36.871128342,0,0
36.871169476,0,1
36.871212078,0,0
36.871253212,0,1
36.871297296,0,0
36.871338430,0,1
36.871377584,0,0
36.871378974,1,0
36.871418714,1,1
36.871451984,0,1
36.871465270,0,0
36.871506408,0,1
36.871529652,1,1
36.871868302,0,1
36.871880122,0,0
36.871922792,0,1
36.871964470,0,0
36.872005666,0,1
36.872028944,1,1
36.872048332,1,0
36.872089528,1,1
36.872111002,0,1
36.872131210,0,0
36.872172408,0,1
36.872195686,1,1
36.872215076,1,0
36.872256270,1,1
36.872298938,1,0
36.872340130,1,1
36.872382794,1,0
36.872423984,1,1
36.872466654,1,0
36.872507846,1,1
36.872550514,1,0
36.872594178,1,1
36.872636848,1,0
36.872675082,1,1
36.872717754,1,0
36.872762402,1,1
36.872776140,1,0
36.872777390,1,1
36.895984828,0,1
36.895996650,0,0
36.896039334,0,1
36.896062614,1,1
36.896082004,1,0
36.896123204,1,1
36.896165880,1,0
36.896207082,1,1
36.896228562,0,1
36.896248774,0,0
36.896289982,0,1
36.896331672,0,0
36.896372878,0,1
36.896396162,1,1
36.896415554,1,0
36.896456760,1,1
36.896499440,1,0
36.896540640,1,1
36.896562122,0,1
36.896582336,0,0
36.896623542,0,1
36.896665230,0,0
36.896708904,0,1
36.896732188,1,1
36.896751580,1,0
36.896789818,1,1
36.896832496,1,0
36.896877150,1,1
36.896895066,1,0
36.897395446,1,1
36.908723872,0,1
36.908735696,0,0
36.908778384,0,1
36.908820072,0,0
36.908861266,0,1
36.908902962,0,0
36.908944180,0,1
36.908985874,0,0
36.909027080,0,1
36.909068770,0,0
36.909109972,0,1
36.909133256,1,1
36.909152648,1,0
36.909193852,1,1
36.909236522,1,0
36.909277724,1,1
36.909320404,1,0
36.909361604,1,1
36.909404284,1,0
36.909447956,1,1
36.909490636,1,0
36.909528878,1,1
36.909571556,1,0
36.909616210,1,1
36.913250466,0,1
36.913262284,0,0
36.913304948,0,1
36.913328218,1,1
36.913347604,1,0
36.913388786,1,1
36.913410260,0,1
36.913430464,0,0
36.913471650,0,1
36.913494922,1,1
36.913514302,1,0
36.913555484,1,1
36.913576952,0,1
36.913597156,0,0
36.913638342,0,1
36.913661610,1,1
36.913680994,1,0
36.913722176,1,1
36.913764832,1,0
36.913806010,1,1
36.913827478,0,1
36.913847680,0,0
36.913888864,0,1
36.913930534,0,0
36.913974190,0,1
36.913997468,1,1
36.914016858,1,0
36.914055094,1,1
36.914097776,1,0
36.914142454,1,1
36.921802614,1,0
36.929402716,1,1
36.933555954,0,1
36.933567780,0,0
36.933610464,0,1
36.933652154,0,0
36.933693362,0,1
36.933735052,0,0
36.933776258,0,1
36.933817950,0,0
36.933859156,0,1
36.933900846,0,0
36.933942054,0,1
36.933965342,1,1
36.933984732,1,0
36.934025936,1,1
36.934068616,1,0
36.934109820,1,1
36.934152494,1,0
36.934193698,1,1
36.934236376,1,0
36.934280042,1,1
36.934322720,1,0
36.934360962,1,1
36.934403640,1,0
36.934448300,1,1
36.938084492,0,1
36.938096318,0,0
36.938139006,0,1
36.938162290,1,1
36.938181680,1,0
36.938222886,1,1
36.938265566,1,0
36.938306772,1,1
36.938328252,0,1
36.938348466,0,0
36.938389676,0,1
36.938431370,0,0
36.938472578,0,1
36.938495862,1,1
36.938515252,1,0
36.938556454,1,1
36.938599132,1,0
36.938640332,1,1
36.938661816,0,1
36.938682032,0,0
36.938723240,0,1
36.938764934,0,0
36.938808610,0,1
36.938831896,1,1
36.938851290,1,0
36.938889534,1,1
36.938932220,1,0
36.938976886,1,1
36.946544484,1,0
36.953396598,1,1
36.954895906,0,1
36.954907732,0,0
36.954950424,0,1
36.954992114,0,0
36.955033326,0,1
36.955075020,0,0
36.955116230,0,1
36.955157926,0,0
36.955199140,0,1
36.955240832,0,0
36.955282046,0,1
36.955305334,1,1
36.955324728,1,0
36.955365934,1,1
36.955408618,1,0
36.955449828,1,1
36.955492508,1,0
36.955533712,1,1
36.955576400,1,0
36.955620072,1,1
36.955662752,1,0
36.955701000,1,1
36.955743680,1,0
36.955788338,1,1
36.959424658,0,1
36.959436482,0,0
36.959479170,0,1
36.959520864,0,0
36.959562072,0,1
36.959603764,0,0
36.959644974,0,1
36.959668256,1,1
36.959687648,1,0
36.959728850,1,1
36.959771534,1,0
36.959812740,1,1
36.959855416,1,0
36.959896620,1,1
36.959939298,1,0
36.959980496,1,1
36.960001978,0,1
36.960022192,0,0
36.960063400,0,1
36.960105092,0,0
36.960148768,0,1
36.960172054,1,1
36.960191446,1,0
36.960229688,1,1
36.960272370,1,0
36.960317032,1,1
36.968195260,1,0
36.969395852,1,1
36.994318766,1,0
36.994588242,0,0
36.995364292,0,1
36.996243416,0,0
36.996244764,1,0
36.996284630,1,1
36.996326328,1,0
36.996328094,0,0
36.996367548,0,1
36.996410234,0,0
36.996412022,1,0
36.996451448,1,1
36.996493148,1,0
36.996534356,1,1
36.996576052,1,0
36.996577978,0,0
36.996617274,0,1
36.996659958,0,0
36.996661906,1,0
36.996701164,1,1
36.996742862,1,0
36.996784068,1,1
36.996825764,1,0
36.996866974,1,1
36.996910146,1,0
36.996951352,1,1
36.996994034,1,0
36.997035246,1,1
36.997068570,0,1
36.997081878,0,0
36.997123106,0,1
36.997146394,1,1
36.997418468,0,1
36.997430294,0,0
36.997472986,0,1
36.997514674,0,0
36.997555876,0,1
36.997579164,1,1
36.997598562,1,0
36.997639788,1,1
36.997661284,0,1
36.997681508,0,0
36.997722720,0,1
36.997746010,1,1
36.997765404,1,0
36.997806612,1,1
36.997849292,1,0
36.997890498,1,1
36.997933178,1,0
36.997974380,1,1
36.998017060,1,0
36.998058264,1,1
36.998100944,1,0
36.998144616,1,1
36.998187302,1,0
36.998225550,1,1
36.998268232,1,0
36.998312898,1,1
36.998327348,1,0
36.998600832,0,0
36.999376888,0,1
36.999418440,0,0
36.999459670,0,1
36.999502364,0,0
36.999543584,0,1
36.999586270,0,0
36.999627494,0,1
36.999670182,0,0
36.999711408,0,1
36.999754098,0,0
36.999795320,0,1
36.999838008,0,0
36.999879236,0,1
36.999921924,0,0
36.999963148,0,1
37.000005838,0,0
37.000047066,0,1
37.000091236,0,0
37.000093090,1,0
37.000132454,1,1
37.000175144,1,0
37.000216358,1,1
37.000249688,0,1
37.000263000,0,0
37.000304226,0,1
37.000327516,1,1
37.000670928,0,1
37.000682736,0,0
37.000725356,0,1
37.000766984,0,0
37.000808128,0,1
37.000831374,1,1
37.000850736,1,0
37.000891868,1,1
37.000913320,0,1
37.000933500,0,0
37.000974636,0,1
37.000997880,1,1
37.001017242,1,0
37.001058380,1,1
37.001100990,1,0
37.001142120,1,1
37.001184728,1,0
37.001225862,1,1
37.001268472,1,0
37.001309612,1,1
37.001352226,1,0
37.001395824,1,1
37.001438444,1,0
37.001476624,1,1
37.001519236,1,0
37.001563818,1,1
37.001577634,1,0
37.001578882,1,1
37.154172108,1,0
37.154445584,0,0
37.155221628,0,1
37.155653722,0,0
37.155655528,1,0
37.155694888,1,1
37.155736544,1,0
37.155737842,0,0
37.155777718,0,1
37.155820358,0,0
37.155821752,1,0
37.155861522,1,1
37.155903174,1,0
37.155944336,1,1
37.155985988,1,0
37.155987644,0,0
37.156027162,0,1
37.156069804,0,0
37.156071556,1,0
37.156110972,1,1
37.156152632,1,0
37.156193798,1,1
37.156235452,1,0
37.156276616,1,1
37.156319746,1,0
37.156360910,1,1
37.156403550,1,0
37.156444712,1,1
37.156478002,0,1
37.156491296,0,0
37.156532466,0,1
37.156555728,1,1
37.156827482,0,1
37.156839292,0,0
37.156881934,0,1
37.156923584,0,0
37.156964744,0,1
37.156988000,1,1
37.157007374,1,0
37.157048532,1,1
37.157069992,0,1
37.157090184,0,0
37.157131350,0,1
37.157154608,1,1
37.157173982,1,0
37.157215142,1,1
37.157257778,1,0
37.157298940,1,1
37.157341580,1,0
37.157382746,1,1
37.157425388,1,0
37.157466546,1,1
37.157509180,1,0
37.157552804,1,1
37.157595438,1,0
37.157633640,1,1
37.157676274,1,0
37.157720880,1,1
37.157732684,1,0
37.158006124,0,0
37.158782052,0,1
37.158827590,0,0
37.158868770,0,1
37.158911414,0,0
37.158952588,0,1
37.158995238,0,0
37.158997200,1,0
37.159036404,1,1
37.159078062,1,0
37.159079520,0,0
37.159119242,0,1
37.159161884,0,0
37.159203062,0,1
37.159245704,0,0
37.159286880,0,1
37.159329522,0,0
37.159370694,0,1
37.159413338,0,0
37.159454510,0,1
37.159498634,0,0
37.159539810,0,1
37.159579000,0,0
37.159580652,1,0
37.159620164,1,1
37.159653462,0,1
37.159666754,0,0
37.159707912,0,1
37.159731170,1,1
37.160070138,0,1
37.160081970,0,0
37.160124692,0,1
37.160166422,0,0
37.160207672,0,1
37.160230978,1,1
37.160250390,1,0
37.160291636,1,1
37.160313142,0,1
37.160333376,0,0
37.160374626,0,1
37.160397936,1,1
37.160417346,1,0
37.160458592,1,1
37.160501308,1,0
37.160542554,1,1
37.160585276,1,0
37.160626522,1,1
37.160669246,1,0
37.160710500,1,1
37.160753230,1,0
37.160796956,1,1
37.160839686,1,0
37.160877972,1,1
37.160920700,1,0
37.160965410,1,1
37.160979472,1,0
37.160980724,1,1
37.330444662,1,0
37.330718286,0,0
37.331494722,0,1
37.331733502,0,0
37.331735202,1,0
37.331774772,1,1
37.331816522,1,0
37.331818576,0,0
37.331857802,0,1
37.331900540,0,0
37.331902546,1,0
37.331941810,1,1
37.331983564,1,0
37.332024834,1,1
37.332066580,1,0
37.332068564,0,0
37.332107856,0,1
37.332150592,0,0
37.332152526,1,0
37.332191858,1,1
37.332233606,1,0
37.332274872,1,1
37.332316622,1,0
37.332357884,1,1
37.332401118,1,0
37.332442382,1,1
37.332485118,1,0
37.332526382,1,1
37.332559746,0,1
37.332573068,0,0
37.332614332,0,1
37.332637648,1,1
37.332910044,0,1
37.332921886,0,0
37.332964636,0,1
37.333006386,0,0
37.333047660,0,1
37.333070978,1,1
37.333090396,1,0
37.333131662,1,1
37.333153172,0,1
37.333173416,0,0
37.333214686,0,1
37.333238004,1,1
37.333257418,1,0
37.333298688,1,1
37.333341426,1,0
37.333382690,1,1
37.333425424,1,0
37.333466686,1,1
37.333509416,1,0
37.333550676,1,1
37.333593412,1,0
37.333637146,1,1
37.333679880,1,0
37.333718182,1,1
37.333760914,1,0
37.333805634,1,1
37.333817654,1,0
37.334087290,0,0
37.334863842,0,1
37.334906164,0,0
37.334947446,0,1
37.334990188,0,0
37.335031470,0,1
37.335074210,0,0
37.335115486,0,1
37.335158230,0,0
37.335199506,0,1
37.335242244,0,0
37.335283528,0,1
37.335326270,0,0
37.335367550,0,1
37.335410296,0,0
37.335451580,0,1
37.335494328,0,0
37.335535614,0,1
37.335579844,0,0
37.335581390,1,0
37.335621116,1,1
37.335663860,1,0
37.335705132,1,1
37.335738502,0,1
37.335751826,0,0
37.335793102,0,1
37.335816420,1,1
37.336160320,0,1
37.336172144,0,0
37.336214830,0,1
37.336256512,0,0
37.336297710,0,1
37.336320988,1,1
37.336340374,1,0
37.336381568,1,1
37.336403040,0,1
37.336423248,0,0
37.336464448,0,1
37.336487726,1,1
37.336507110,1,0
37.336548304,1,1
37.336590974,1,0
37.336632166,1,1
37.336674834,1,0
37.336716026,1,1
37.336758686,1,0
37.336799870,1,1
37.336842532,1,0
37.336886184,1,1
37.336928848,1,0
37.336967078,1,1
37.337009748,1,0
37.337054386,1,1
37.337069714,1,0
37.337070968,1,1
37.438484678,0,1
37.438496478,0,0
37.438539076,0,1
37.438580686,0,0
37.438621808,0,1
37.438663416,0,0
37.438704544,0,1
37.438746154,0,0
37.438787276,0,1
37.438828890,0,0
37.438870010,0,1
37.438893250,1,1
37.438912604,1,0
37.438953726,1,1
37.438996322,1,0
37.439037436,1,1
37.439080032,1,0
37.439121152,1,1
37.439163748,1,0
37.439207332,1,1
37.439249936,1,0
37.439288102,1,1
37.439330700,1,0
37.439375270,1,1
37.443005566,0,1
37.443017366,0,0
37.443059964,0,1
37.443101574,0,0
37.443142696,0,1
37.443184306,0,0
37.443225428,0,1
37.443248664,1,1
37.443268020,1,0
37.443309142,1,1
37.443330582,0,1
37.443350754,0,0
37.443391878,0,1
37.443415120,1,1
37.443434478,1,0
37.443475600,1,1
37.443518198,1,0
37.443559320,1,1
37.443580762,0,1
37.443600934,0,0
37.443642058,0,1
37.443683674,0,0
37.443727260,0,1
37.443768868,0,0
37.443807034,0,1
37.443830272,1,1
37.443849626,1,0
37.443894190,1,1
37.447520052,0,1
37.447531854,0,0
37.447574458,0,1
37.447597700,1,1
37.447617060,1,0
37.447658188,1,1
37.447700788,1,0
37.447741908,1,1
37.447763350,0,1
37.447783522,0,0
37.447824644,0,1
37.447847880,1,1
37.447867236,1,0
37.447908356,1,1
37.447950952,1,0
37.447992074,1,1
37.448034672,1,0
37.448075792,1,1
37.448097234,0,1
37.448117408,0,0
37.448158532,0,1
37.448200144,0,0
37.448243732,0,1
37.448285348,0,0
37.448323518,0,1
37.448346754,1,1
37.448366112,1,0
37.448410684,1,1
37.448429168,1,0
37.449401684,1,1
37.452040030,0,1
37.452051832,0,0
37.452094432,0,1
37.452117672,1,1
37.452137028,1,0
37.452178150,1,1
37.452220748,1,0
37.452261868,1,1
37.452283312,0,1
37.452303486,0,0
37.452344612,0,1
37.452386220,0,0
37.452427348,0,1
37.452450584,1,1
37.452469942,1,0
37.452511064,1,1
37.452553662,1,0
37.452594784,1,1
37.452616226,0,1
37.452636402,0,0
37.452677528,0,1
37.452719146,0,0
37.452762734,0,1
37.452785972,1,1
37.452805328,1,0
37.452843496,1,1
37.452886098,1,0
37.452930666,1,1
37.452949176,1,0
37.457394908,1,1
37.472251884,0,1
37.472263684,0,0
37.472306282,0,1
37.472347892,0,0
37.472389018,0,1
37.472430636,0,0
37.472471764,0,1
37.472513378,0,0
37.472554506,0,1
37.472596116,0,0
37.472637242,0,1
37.472660480,1,1
37.472679840,1,0
37.472720960,1,1
37.472763562,1,0
37.472804682,1,1
37.472847278,1,0
37.472888398,1,1
37.472930996,1,0
37.472974576,1,1
37.473017176,1,0
37.473055342,1,1
37.473097936,1,0
37.473142502,1,1
37.476771520,0,1
37.476783322,0,0
37.476825920,0,1
37.476849156,1,1
37.476868512,1,0
37.476909630,1,1
37.476952222,1,0
37.476993338,1,1
37.477014780,0,1
37.477034952,0,0
37.477076078,0,1
37.477117694,0,0
37.477158822,0,1
37.477182062,1,1
37.477201418,1,0
37.477242540,1,1
37.477285142,1,0
37.477326260,1,1
37.477347704,0,1
37.477367876,0,0
37.477409000,0,1
37.477450608,0,0
37.477494196,0,1
37.477517434,1,1
37.477536790,1,0
37.477574954,1,1
37.477617552,1,0
37.477662120,1,1
37.484446308,0,1
37.484458110,0,0
37.484500708,0,1
37.484542320,0,0
37.484583442,0,1
37.484625056,0,0
37.484666178,0,1
37.484707790,0,0
37.484748912,0,1
37.484790522,0,0
37.484831646,0,1
37.484854888,1,1
37.484874244,1,0
37.484915366,1,1
37.484957968,1,0
37.484999090,1,1
37.485041688,1,0
37.485082806,1,1
37.485125408,1,0
37.485168984,1,1
37.485211584,1,0
37.485249752,1,1
37.485292350,1,0
37.485336918,1,1
37.488962598,0,1
37.488974396,0,0
37.489016988,0,1
37.489040224,1,1
37.489059580,1,0
37.489100696,1,1
37.489143296,1,0
37.489184418,1,1
37.489205862,0,1
37.489226036,0,0
37.489267162,0,1
37.489290404,1,1
37.489309762,1,0
37.489350888,1,1
37.489393490,1,0
37.489434618,1,1
37.489477218,1,0
37.489518336,1,1
37.489539782,0,1
37.489559956,0,0
37.489601082,0,1
37.489642694,0,0
37.489686282,0,1
37.489727890,0,0
37.489766058,0,1
37.489789294,1,1
37.489808652,1,0
37.489853220,1,1
37.497230110,1,0
37.497393970,1,1
37.513201028,1,0
37.513205036,0,0
37.514250000,0,1
37.514352834,0,0
37.514354270,1,0
37.514393962,1,1
37.514435584,1,0
37.514437562,0,0
37.514476730,0,1
37.514519340,0,0
37.514521442,1,0
37.514560464,1,1
37.514602082,1,0
37.514643200,1,1
37.514684814,1,0
37.514686248,0,0
37.514725946,0,1
37.514768546,0,0
37.514770106,1,0
37.514809670,1,1
37.514851288,1,0
37.514892410,1,1
37.514934020,1,0
37.514975142,1,1
37.515018234,1,0
37.515059356,1,1
37.515101954,1,0
37.515143072,1,1
37.515176332,0,1
37.515189610,0,0
37.515230736,0,1
37.515253974,1,1
37.515525488,0,1
37.515537290,0,0
37.515579890,0,1
37.515621508,0,0
37.515662632,0,1
37.515685866,1,1
37.515705220,1,0
37.515746338,1,1
37.515767782,0,1
37.515787956,0,0
37.515829082,0,1
37.515852314,1,1
37.515871672,1,0
37.515912788,1,1
37.515955386,1,0
37.515996504,1,1
37.516039102,1,0
37.516080218,1,1
37.516122812,1,0
37.516163932,1,1
37.516206528,1,0
37.516250112,1,1
37.516292710,1,0
37.516330878,1,1
37.516373474,1,0
37.516418046,1,1
37.516433234,1,0
37.516702562,0,0
37.517478106,0,1
37.517523790,0,0
37.517564926,0,1
37.517607532,0,0
37.517648668,0,1
37.517691270,0,0
37.517693174,1,0
37.517732398,1,1
37.517774012,1,0
37.517775442,0,0
37.517815142,0,1
37.517857744,0,0
37.517898878,0,1
37.517941476,0,0
37.517982606,0,1
37.518025208,0,0
37.518066340,0,1
37.518108938,0,0
37.518150072,0,1
37.518194148,0,0
37.518235280,0,1
37.518274432,0,0
37.518276328,1,0
37.518315552,1,1
37.518348812,0,1
37.518362092,0,0
37.518403216,0,1
37.518426456,1,1
37.518765096,0,1
37.518776912,0,0
37.518819576,0,1
37.518861250,0,0
37.518902444,0,1
37.518925718,1,1
37.518945104,1,0
37.518986292,1,1
37.519007766,0,1
37.519027974,0,0
37.519069170,0,1
37.519092444,1,1
37.519111830,1,0
37.519153018,1,1
37.519195688,1,0
37.519236876,1,1
37.519279542,1,0
37.519320732,1,1
37.519363398,1,0
37.519404594,1,1
37.519447268,1,0
37.519490928,1,1
37.519533598,1,0
37.519571832,1,1
37.519614500,1,0
37.519659142,1,1
37.519674340,1,0
37.519675592,1,1
37.532340178,0,1
37.532352002,0,0
37.532394682,0,1
37.532436376,0,0
37.532477576,0,1
37.532519264,0,0
37.532560468,0,1
37.532583748,1,1
37.532603136,1,0
37.532644334,1,1
37.532665814,0,1
37.532686026,0,0
37.532727228,0,1
37.532750508,1,1
37.532769898,1,0
37.532811098,1,1
37.532853772,1,0
37.532894968,1,1
37.532916448,0,1
37.532936660,0,0
37.532977860,0,1
37.533019548,0,0
37.533063218,0,1
37.533104906,0,0
37.533143146,0,1
37.533166430,1,1
37.533185822,1,0
37.533230476,1,1
37.533248496,1,0
37.537394678,1,1
37.540758028,0,1
37.540769852,0,0
37.540812538,0,1
37.540835822,1,1
37.540855214,1,0
37.540896414,1,1
37.540939094,1,0
37.540980294,1,1
37.541001776,0,1
37.541021990,0,0
37.541063200,0,1
37.541104894,0,0
37.541146102,0,1
37.541169386,1,1
37.541188780,1,0
37.541229982,1,1
37.541272658,1,0
37.541313864,1,1
37.541335344,0,1
37.541355552,0,0
37.541396742,0,1
37.541438444,0,0
37.541482134,0,1
37.541505418,1,1
37.541524810,1,0
37.541563054,1,1
37.541605734,1,0
37.541650390,1,1
37.541668930,1,0
37.545393442,1,1
37.635674544,0,1
37.635686364,0,0
37.635729036,0,1
37.635770706,0,0
37.635811894,0,1
37.635853570,0,0
37.635894760,0,1
37.635936436,0,0
37.635977630,0,1
37.636019302,0,0
37.636060492,0,1
37.636083764,1,1
37.636103152,1,0
37.636144338,1,1
37.636187000,1,0
37.636228186,1,1
37.636270848,1,0
37.636312034,1,1
37.636354698,1,0
37.636398352,1,1
37.636441014,1,0
37.636479244,1,1
37.636521910,1,0
37.636566576,1,1
37.640202866,0,1
37.640214692,0,0
37.640257380,0,1
37.640280668,1,1
37.640300062,1,0
37.640341270,1,1
37.640383950,1,0
37.640425168,1,1
37.640446656,0,1
37.640466872,0,0
37.640508088,0,1
37.640549788,0,0
37.640591004,0,1
37.640614294,1,1
37.640633686,1,0
37.640674900,1,1
37.640717586,1,0
37.640758794,1,1
37.640780280,0,1
37.640800498,0,0
37.640841712,0,1
37.640883406,0,0
37.640927090,0,1
37.640950374,1,1
37.640969768,1,0
37.641008014,1,1
37.641050696,1,0
37.641095358,1,1
37.648814138,1,0
37.649394946,1,1
37.665824262,1,0
37.666097686,0,0
37.666873708,0,1
37.667046568,0,0
37.667048592,1,0
37.667087788,1,1
37.667129510,1,0
37.667130936,0,0
37.667170754,0,1
37.667213448,0,0
37.667214870,1,0
37.667254668,1,1
37.667296374,1,0
37.667337590,1,1
37.667379286,1,0
37.667380788,0,0
37.667420514,0,1
37.667463204,0,0
37.667464708,1,0
37.667504432,1,1
37.667546142,1,0
37.667587356,1,1
37.667629056,1,0
37.667670272,1,1
37.667713450,1,0
37.667754660,1,1
37.667797346,1,0
37.667838556,1,1
37.667871892,0,1
37.667885202,0,0
37.667926428,0,1
37.667949718,1,1
37.668221794,0,1
37.668233620,0,0
37.668276326,0,1
37.668318036,0,0
37.668359254,0,1
37.668382546,1,1
37.668401942,1,0
37.668443164,1,1
37.668464648,0,1
37.668484866,0,0
37.668526080,0,1
37.668549364,1,1
37.668568756,1,0
37.668609972,1,1
37.668652670,1,0
37.668693892,1,1
37.668736582,1,0
37.668777790,1,1
37.668820472,1,0
37.668861684,1,1
37.668904368,1,0
37.668948044,1,1
37.668990730,1,0
37.669028984,1,1
37.669071680,1,0
37.669116348,1,1
37.669130952,1,0
37.669400434,0,0
37.670176448,0,1
37.670215572,0,0
37.670256806,0,1
37.670299502,0,0
37.670340730,0,1
37.670383416,0,0
37.670424652,0,1
37.670467350,0,0
37.670508578,0,1
37.670551270,0,0
37.670592512,0,1
37.670635210,0,0
37.670676438,0,1
37.670719128,0,0
37.670760354,0,1
37.670803044,0,0
37.670844270,0,1
37.670888438,0,0
37.670890616,1,0
37.670929652,1,1
37.670972350,1,0
37.671013570,1,1
37.671046896,0,1
37.671060204,0,0
37.671101416,0,1
37.671124704,1,1
37.671468158,0,1
37.671479966,0,0
37.671522590,0,1
37.671564216,0,0
37.671605360,0,1
37.671628606,1,1
37.671647968,1,0
37.671689104,1,1
37.671710552,0,1
37.671730740,0,0
37.671771892,0,1
37.671795142,1,1
37.671814504,1,0
37.671855640,1,1
37.671898252,1,0
37.671939384,1,1
37.671981988,1,0
37.672023116,1,1
37.672065720,1,0
37.672106854,1,1
37.672149476,1,0
37.672193078,1,1
37.672235686,1,0
37.672273868,1,1
37.672316482,1,0
37.672361066,1,1
37.672373136,1,0
37.672374386,1,1
37.778172332,1,0
37.778445670,0,0
37.779221372,0,1
37.779323784,0,0
37.779325674,1,0
37.779364918,1,1
37.779406536,1,0
37.779407980,0,0
37.779447668,0,1
37.779490270,0,0
37.779491864,1,0
37.779531390,1,1
37.779573006,1,0
37.779614128,1,1
37.779655744,1,0
37.779657730,0,0
37.779696874,0,1
37.779739476,0,0
37.779741620,1,0
37.779780602,1,1
37.779822214,1,0
37.779863338,1,1
37.779904952,1,0
37.779946070,1,1
37.779989158,1,0
37.780030280,1,1
37.780072874,1,0
37.780113994,1,1
37.780147252,0,1
37.780160534,0,0
37.780201666,0,1
37.780224904,1,1
37.780496410,0,1
37.780508212,0,0
37.780550816,0,1
37.780592428,0,0
37.780633552,0,1
37.780656788,1,1
37.780676146,1,0
37.780717266,1,1
37.780738710,0,1
37.780758886,0,0
37.780800016,0,1
37.780823258,1,1
37.780842616,1,0
37.780883744,1,1
37.780926350,1,0
37.780967472,1,1
37.781010074,1,0
37.781051198,1,1
37.781093802,1,0
37.781134922,1,1
37.781177524,1,0
37.781221110,1,1
37.781263706,1,0
37.781301874,1,1
37.781344472,1,0
37.781389038,1,1
37.781401242,1,0
37.781674588,0,0
37.782450302,0,1
37.782494868,0,0
37.782536010,0,1
37.782578616,0,0
37.782619758,0,1
37.782662368,0,0
37.782664382,1,0
37.782703500,1,1
37.782745122,1,0
37.782746676,0,0
37.782786266,0,1
37.782828872,0,0
37.782870014,0,1
37.782912622,0,0
37.782953760,0,1
37.782996366,0,0
37.783037508,0,1
37.783080114,0,0
37.783121256,0,1
37.783165342,0,0
37.783206480,0,1
37.783245636,0,0
37.783247702,1,0
37.783286770,1,1
37.783320038,0,1
37.783333322,0,0
37.783374462,0,1
37.783397706,1,1
37.783736400,0,1
37.783748222,0,0
37.783790900,0,1
37.783832584,0,0
37.783873786,0,1
37.783897070,1,1
37.783916462,1,0
37.783957670,1,1
37.783979156,0,1
37.783999372,0,0
37.784040590,0,1
37.784063882,1,1
37.784083278,1,0
37.784124496,1,1
37.784167188,1,0
37.784208408,1,1
37.784251100,1,0
37.784292316,1,1
37.784335012,1,0
37.784376232,1,1
37.784418914,1,0
37.784462592,1,1
37.784505274,1,0
37.784543518,1,1
37.784586198,1,0
37.784630854,1,1
37.784643186,1,0
37.784644444,1,1
37.850529124,0,1
37.850540954,0,0
37.850583664,0,1
37.850625370,0,0
37.850666594,0,1
37.850708294,0,0
37.850749514,0,1
37.850791222,0,0
37.850832444,0,1
37.850874150,0,0
37.850915374,0,1
37.850938668,1,1
37.850958064,1,0
37.850999282,1,1
37.851041974,1,0
37.851083192,1,1
37.851125880,1,0
37.851167096,1,1
37.851209788,1,0
37.851253470,1,1
37.851296164,1,0
37.851334422,1,1
37.851377114,1,0
37.851421792,1,1
37.855059988,0,1
37.855071816,0,0
37.855114514,0,1
37.855156218,0,0
37.855197438,0,1
37.855239144,0,0
37.855280366,0,1
37.855303656,1,1
37.855323052,1,0
37.855364272,1,1
37.855385758,0,1
37.855405978,0,0
37.855447198,0,1
37.855470490,1,1
37.855489888,1,0
37.855531108,1,1
37.855573802,1,0
37.855615018,1,1
37.855636506,0,1
37.855656726,0,0
37.855697942,0,1
37.855739644,0,0
37.855783336,0,1
37.855825034,0,0
37.855863292,0,1
37.855886584,1,1
37.855905980,1,0
37.855950650,1,1
37.859584528,0,1
37.859596354,0,0
37.859639054,0,1
37.859662352,1,1
37.859681752,1,0
37.859722966,1,1
37.859765658,1,0
37.859806874,1,1
37.859828360,0,1
37.859848578,0,0
37.859889796,0,1
37.859913084,1,1
37.859932478,1,0
37.859973692,1,1
37.860016380,1,0
37.860057594,1,1
37.860100284,1,0
37.860141498,1,1
37.860162986,0,1
37.860183204,0,0
37.860224424,0,1
37.860266126,0,0
37.860309810,0,1
37.860351514,0,0
37.860389772,0,1
37.860413064,1,1
37.860432466,1,0
37.860477146,1,1
37.860495558,1,0
37.865393498,1,1
37.867224006,0,1
37.867235832,0,0
37.867278530,0,1
37.867301822,1,1
37.867321220,1,0
37.867362436,1,1
37.867405126,1,0
37.867446344,1,1
37.867467832,0,1
37.867488050,0,0
37.867529268,0,1
37.867570972,0,0
37.867612180,0,1
37.867635464,1,1
37.867654856,1,0
37.867696082,1,1
37.867738786,1,0
37.867780002,1,1
37.867801486,0,1
37.867821706,0,0
37.867862926,0,1
37.867904630,0,0
37.867948318,0,1
37.867971608,1,1
37.867991006,1,0
37.868029258,1,1
37.868071948,1,0
37.868116618,1,1
37.868134872,1,0
37.873393432,1,1
37.963776326,0,1
37.963788156,0,0
37.963830860,0,1
37.963872564,0,0
37.963913788,0,1
37.963955496,0,0
37.963996720,0,1
37.964038428,0,0
37.964079650,0,1
37.964121356,0,0
37.964162582,0,1
37.964185876,1,1
37.964205274,1,0
37.964246494,1,1
37.964289192,1,0
37.964330410,1,1
37.964373100,1,0
37.964414322,1,1
37.964457018,1,0
37.964500704,1,1
37.964543400,1,0
37.964581656,1,1
37.964624352,1,0
37.964669028,1,1
37.968306672,0,1
37.968318502,0,0
37.968361208,0,1
37.968384504,1,1
37.968403902,1,0
37.968445128,1,1
37.968487826,1,0
37.968529048,1,1
37.968550540,0,1
37.968570764,0,0
37.968611990,0,1
37.968653700,0,0
37.968694926,0,1
37.968718224,1,1
37.968737622,1,0
37.968778844,1,1
37.968821538,1,0
37.968862760,1,1
37.968884250,0,1
37.968904472,0,0
37.968945696,0,1
37.968987402,0,0
37.969031100,0,1
37.969054394,1,1
37.969073792,1,0
37.969112056,1,1
37.969154752,1,0
37.969199430,1,1
37.976749038,1,0
37.977392410,1,1
37.986326412,0,1
37.986338240,0,0
37.986380946,0,1
37.986422656,0,0
37.986463886,0,1
37.986505592,0,0
37.986546822,0,1
37.986588528,0,0
37.986629758,0,1
37.986671468,0,0
37.986712698,0,1
37.986735994,1,1
37.986755394,1,0
37.986796618,1,1
37.986839316,1,0
37.986880540,1,1
37.986923236,1,0
37.986964460,1,1
37.987007156,1,0
37.987050848,1,1
37.987093540,1,0
37.987131800,1,1
37.987174494,1,0
37.987219172,1,1
37.990854046,0,1
37.990865878,0,0
37.990908586,0,1
37.990931880,1,1
37.990951282,1,0
37.990992510,1,1
37.991035210,1,0
37.991076434,1,1
37.991097928,0,1
37.991118150,0,0
37.991159382,0,1
37.991182678,1,1
37.991202076,1,0
37.991243304,1,1
37.991286002,1,0
37.991327224,1,1
37.991369920,1,0
37.991411146,1,1
37.991432640,0,1
37.991452862,0,0
37.991494094,0,1
37.991535806,0,0
37.991579506,0,1
37.991621216,0,0
37.991659484,0,1
37.991682778,1,1
37.991702180,1,0
37.991746860,1,1
37.999442628,1,0
38.001393022,1,1
38.121678048,0,1
38.121689878,0,0
38.121732584,0,1
38.121755878,1,1
38.121775276,1,0
38.121816498,1,1
38.121859198,1,0
38.121900420,1,1
38.121921908,0,1
38.121942130,0,0
38.121983358,0,1
38.122006650,1,1
38.122026050,1,0
38.122067272,1,1
38.122109968,1,0
38.122151192,1,1
38.122193884,1,0
38.122235110,1,1
38.122256598,0,1
38.122276820,0,0
38.122318046,0,1
38.122359756,0,0
38.122403456,0,1
38.122445166,0,0
38.122483434,0,1
38.122506732,1,1
38.122526130,1,0
38.122570814,1,1
38.122589858,1,0
38.129392066,1,1
38.129429846,0,1
38.129441680,0,0
38.129484400,0,1
38.129526114,0,0
38.129567352,0,1
38.129609068,0,0
38.129650298,0,1
38.129673594,1,1
38.129692996,1,0
38.129734226,1,1
38.129755716,0,1
38.129775938,0,0
38.129817170,0,1
38.129840468,1,1
38.129859868,1,0
38.129901094,1,1
38.129943798,1,0
38.129985028,1,1
38.130006516,0,1
38.130026740,0,0
38.130067968,0,1
38.130109682,0,0
38.130153386,0,1
38.130195098,0,0
38.130233370,0,1
38.130256666,1,1
38.130276066,1,0
38.130320748,1,1
38.130339290,1,0
38.137392440,1,1
38.169668134,0,1
38.169679964,0,0
38.169722672,0,1
38.169764382,0,0
38.169805614,0,1
38.169847328,0,0
38.169888558,0,1
38.169930272,0,0
38.169971504,0,1
38.170013214,0,0
38.170054446,0,1
38.170077746,1,1
38.170097144,1,0
38.170138372,1,1
38.170181070,1,0
38.170222298,1,1
38.170265000,1,0
38.170306230,1,1
38.170348934,1,0
38.170392626,1,1
38.170435336,1,0
38.170473602,1,1
38.170516302,1,0
38.170560982,1,1
38.174200028,0,1
38.174211858,0,0
38.174254568,0,1
38.174296278,0,0
38.174337504,0,1
38.174379214,0,0
38.174420448,0,1
38.174443744,1,1
38.174463144,1,0
38.174504370,1,1
38.174525866,0,1
38.174546090,0,0
38.174587326,0,1
38.174610626,1,1
38.174630030,1,0
38.174671270,1,1
38.174713978,1,0
38.174755210,1,1
38.174776708,0,1
38.174796938,0,0
38.174838180,0,1
38.174879900,0,0
38.174923610,0,1
38.174965332,0,0
38.175003606,0,1
38.175026908,1,1
38.175046312,1,0
38.175091004,1,1
38.183026106,1,0
38.185391684,1,1
38.263125338,0,1
38.263137168,0,0
38.263179874,0,1
38.263221576,0,0
38.263262802,0,1
38.263304512,0,0
38.263345742,0,1
38.263387452,0,0
38.263428684,0,1
38.263470394,0,0
38.263511624,0,1
38.263534920,1,1
38.263554320,1,0
38.263595542,1,1
38.263638240,1,0
38.263679466,1,1
38.263722162,1,0
38.263763384,1,1
38.263806084,1,0
38.263849778,1,1
38.263892472,1,0
38.263930734,1,1
38.263973430,1,0
38.264018106,1,1
38.267653242,0,1
38.267665074,0,0
38.267707784,0,1
38.267731080,1,1
38.267750480,1,0
38.267791708,1,1
38.267834404,1,0
38.267875632,1,1
38.267897120,0,1
38.267917342,0,0
38.267958568,0,1
38.267981866,1,1
38.268001266,1,0
38.268042490,1,1
38.268085190,1,0
38.268126418,1,1
38.268169120,1,0
38.268210348,1,1
38.268231840,0,1
38.268252066,0,0
38.268293300,0,1
38.268335014,0,0
38.268378716,0,1
38.268420436,0,0
38.268458706,0,1
38.268482004,1,1
38.268501406,1,0
38.268546092,1,1
38.275855198,1,0
38.281392250,1,1
61.001957376,1,1
