Time [s],Channel 0,Channel 1
0.000000000,1,1
16.532936130,0,1
16.532947912,0,0
16.532990480,0,1
16.533013736,1,1
16.533033028,1,0
16.533074118,1,1
16.533116676,1,0
16.533157766,1,1
16.533179194,0,1
16.533199340,0,0
16.533240436,0,1
16.533282008,0,0
16.533323104,0,1
16.533346360,1,1
16.533365654,1,0
16.533406742,1,1
16.533449296,1,0
16.533490382,1,1
16.533511812,0,1
16.533531960,0,0
16.533573050,0,1
16.533614620,0,0
16.533658176,0,1
16.533681430,1,1
16.533700720,1,0
16.533738858,1,1
16.533781414,1,0
16.533825944,1,1
16.557662974,0,1
16.557674756,0,0
16.557717326,0,1
16.557758896,0,0
16.557799994,0,1
16.557841564,0,0
16.557882662,0,1
16.557905918,1,1
16.557925214,1,0
16.557966304,1,1
16.557987732,0,1
16.558007884,0,0
16.558048986,0,1
16.558072242,1,1
16.558091536,1,0
16.558132628,1,1
16.558175186,1,0
16.558216278,1,1
16.558237706,0,1
16.558257856,0,0
16.558298958,0,1
16.558340524,0,0
16.558384080,0,1
16.558425656,0,0
16.558463802,0,1
16.558487054,1,1
16.558506348,1,0
16.558550884,1,1
16.607442886,0,1
16.607454674,0,0
16.607497262,0,1
16.607538840,0,0
16.607579938,0,1
16.607621510,0,0
16.607662608,0,1
16.607662614,0,0
16.607662616,0,1
16.607704180,0,0
16.607745274,0,1
16.607786846,0,0
16.607827944,0,1
16.607851200,1,1
16.607870492,1,0
16.607911578,1,1
16.607954134,1,0
16.607995218,1,1
16.608037772,1,0
16.608078862,1,1
16.608121420,1,0
16.608164966,1,1
16.608207522,1,0
16.608245654,1,1
16.608288206,1,0
16.608332730,1,1
16.611959346,0,1
16.611971128,0,0
16.612013704,0,1
16.612055274,0,0
16.612096376,0,1
16.612137948,0,0
16.612179048,0,1
16.612202304,1,1
16.612221596,1,0
16.612262690,1,1
16.612284116,0,1
16.612304264,0,0
16.612345358,0,1
16.612368608,1,1
16.612387904,1,0
16.612428990,1,1
16.612471542,1,0
16.612512630,1,1
16.612534062,0,1
16.612554212,0,0
16.612595308,0,1
16.612636880,0,0
16.612680440,0,1
16.612722008,0,0
16.612760152,0,1
16.612783412,1,1
16.612802706,1,0
16.612847236,1,1
16.612847238,1,0
16.612847244,1,1
16.622204214,0,1
16.622215998,0,0
16.622258570,0,1
16.622300138,0,0
16.622341232,0,1
16.622382802,0,0
16.622423896,0,1
16.622465466,0,0
16.622506562,0,1
16.622548128,0,0
16.622589224,0,1
16.622612482,1,1
16.622631778,1,0
16.622672864,1,1
16.622715422,1,0
16.622756510,1,1
16.622756514,1,0
16.622756518,1,1
16.622799068,1,0
16.622840156,1,1
16.622882710,1,0
16.622926264,1,1
16.622968816,1,0
16.623006954,1,1
16.623049518,1,0
16.623094052,1,1
16.626719924,0,1
16.626731706,0,0
16.626774272,0,1
16.626797532,1,1
16.626816826,1,0
16.626857914,1,1
16.626900472,1,0
16.626941560,1,1
16.626962990,0,1
16.626983140,0,0
16.627024236,0,1
16.627065808,0,0
16.627106906,0,1
16.627130166,1,1
16.627149458,1,0
16.627190554,1,1
16.627233112,1,0
16.627274198,1,1
16.627295628,0,1
16.627315776,0,0
16.627356874,0,1
16.627398454,0,0
16.627442020,0,1
16.627465280,1,1
16.627484576,1,0
16.627522716,1,1
16.627565272,1,0
16.627609808,1,1
16.683034068,0,1
16.683045852,0,0
16.683088420,0,1
16.683111670,1,1
16.683130960,1,0
16.683172046,1,1
16.683214602,1,0
16.683255684,1,1
16.683277110,0,1
16.683297258,0,0
16.683338348,0,1
16.683361600,1,1
16.683380890,1,0
16.683421974,1,1
16.683464528,1,0
16.683505612,1,1
16.683548160,1,0
16.683589248,1,1
16.683610672,0,1
16.683630816,0,0
16.683671906,0,1
16.683713474,0,0
16.683757026,0,1
16.683798590,0,0
16.683836734,0,1
16.683859984,1,1
16.683879276,1,0
16.683923802,1,1
16.704621768,0,1
16.704633550,0,0
16.704676120,0,1
16.704699374,1,1
16.704718662,1,0
16.704759746,1,1
16.704802300,1,0
16.704843384,1,1
16.704864812,0,1
16.704884956,0,0
16.704926050,0,1
16.704967612,0,0
16.705008702,0,1
16.705031956,1,1
16.705051250,1,0
16.705092338,1,1
16.705134890,1,0
16.705175974,1,1
16.705197402,0,1
16.705217550,0,0
16.705258642,0,1
16.705300204,0,0
16.705343754,0,1
16.705367010,1,1
16.705386300,1,0
16.705424428,1,1
16.705466982,1,0
16.705511506,1,1
16.761532088,0,1
16.761543870,0,0
16.761586442,0,1
16.761628006,0,0
16.761669100,0,1
16.761710672,0,0
16.761751764,0,1
16.761793332,0,0
16.761834426,0,1
16.761875996,0,0
16.761917088,0,1
16.761940340,1,1
16.761959638,1,0
16.762000722,1,1
16.762043276,1,0
16.762084364,1,1
16.762126922,1,0
16.762168006,1,1
16.762210562,1,0
16.762254106,1,1
16.762254110,1,0
16.762254114,1,1
16.762296660,1,0
16.762334796,1,1
16.762377348,1,0
16.762421874,1,1
16.766044782,0,1
16.766056568,0,0
16.766099142,0,1
16.766122402,1,1
16.766141696,1,0
16.766182786,1,1
16.766225340,1,0
16.766266430,1,1
16.766287860,0,1
16.766308008,0,0
16.766349102,0,1
16.766372356,1,1
16.766391648,1,0
16.766432736,1,1
16.766475294,1,0
16.766516384,1,1
16.766558952,1,0
16.766600052,1,1
16.766621492,0,1
16.766641648,0,0
16.766682766,0,1
16.766724346,0,0
16.766767916,0,1
16.766809498,0,0
16.766847648,0,1
16.766870908,1,1
16.766890202,1,0
16.766934742,1,1
16.773728094,0,1
16.773739880,0,0
16.773782456,0,1
16.773824036,0,0
16.773865142,0,1
16.773906716,0,0
16.773947822,0,1
16.773989398,0,0
16.774030502,0,1
16.774072084,0,0
16.774113188,0,1
16.774136454,1,1
16.774155750,1,0
16.774196850,1,1
16.774239416,1,0
16.774280516,1,1
16.774323084,1,0
16.774364184,1,1
16.774406748,1,0
16.774450306,1,1
16.774492870,1,0
16.774531016,1,1
16.774573582,1,0
16.774618120,1,1
16.778244012,0,1
16.778255796,0,0
16.778298368,0,1
16.778321626,1,1
16.778340918,1,0
16.778382008,1,1
16.778424564,1,0
16.778465654,1,1
16.778487080,0,1
16.778507226,0,0
16.778548316,0,1
16.778589886,0,0
16.778630982,0,1
16.778654238,1,1
16.778673528,1,0
16.778714616,1,1
16.778757176,1,0
16.778798268,1,1
16.778819696,0,1
16.778839844,0,0
16.778880942,0,1
16.778880948,0,0
16.778880950,0,1
16.778922510,0,0
16.778966064,0,1
16.778989320,1,1
16.779008616,1,0
16.779046750,1,1
16.779089312,1,0
16.779133846,1,1
16.842860734,0,1
16.842872516,0,0
16.842915080,0,1
16.842938332,1,1
16.842957624,1,0
16.842998708,1,1
16.843041260,1,0
16.843082350,1,1
16.843103774,0,1
16.843123918,0,0
16.843165006,0,1
16.843206570,0,0
16.843247658,0,1
16.843270912,1,1
16.843290202,1,0
16.843331282,1,1
16.843373834,1,0
16.843414910,1,1
16.843436336,0,1
16.843456480,0,0
16.843497572,0,1
16.843539138,0,0
16.843582688,0,1
16.843605948,1,1
16.843625240,1,0
16.843663368,1,1
16.843705922,1,0
16.843750446,1,1
16.843750450,1,0
16.843750454,1,1
16.851065548,0,1
16.851077326,0,0
16.851119876,0,1
16.851161424,0,0
16.851202504,0,1
16.851244060,0,0
16.851285140,0,1
16.851308386,1,1
16.851327672,1,0
16.851368740,1,1
16.851390156,0,1
16.851410294,0,0
16.851451370,0,1
16.851474614,1,1
16.851493904,1,0
16.851534998,1,1
16.851577554,1,0
16.851618646,1,1
16.851640076,0,1
16.851660224,0,0
16.851701316,0,1
16.851742886,0,0
16.851786438,0,1
16.851828008,0,0
16.851866154,0,1
16.851889410,1,1
16.851908702,1,0
16.851953232,1,1
16.912859184,0,1
16.912870966,0,0
16.912913534,0,1
16.912955098,0,0
16.912996192,0,1
16.913037758,0,0
16.913078860,0,1
16.913120432,0,0
16.913161528,0,1
16.913203104,0,0
16.913244202,0,1
16.913267460,1,1
16.913286752,1,0
16.913327846,1,1
16.913370402,1,0
16.913411492,1,1
16.913454050,1,0
16.913495142,1,1
16.913537696,1,0
16.913581240,1,1
16.913623798,1,0
16.913661930,1,1
16.913704480,1,0
16.913749008,1,1
16.917374540,0,1
16.917386320,0,0
16.917428886,0,1
16.917452140,1,1
16.917471428,1,0
16.917512506,1,1
16.917512508,1,0
16.917512514,1,1
16.917555066,1,0
16.917596146,1,1
16.917596152,1,0
16.917596156,1,1
16.917617574,0,1
16.917637718,0,0
16.917678814,0,1
16.917720376,0,0
16.917761468,0,1
16.917784720,1,1
16.917804014,1,0
16.917845100,1,1
16.917887654,1,0
16.917928740,1,1
16.917950170,0,1
16.917970318,0,0
16.918011412,0,1
16.918052990,0,0
16.918096552,0,1
16.918119810,1,1
16.918139106,1,0
16.918177242,1,1
16.918219800,1,0
16.918264332,1,1
16.930194202,0,1
16.930205984,0,0
16.930248550,0,1
16.930290118,0,0
16.930331214,0,1
16.930372782,0,0
16.930413882,0,1
16.930455452,0,0
16.930496548,0,1
16.930538120,0,0
16.930579216,0,1
16.930602472,1,1
16.930621764,1,0
16.930662858,1,1
16.930705412,1,0
16.930746500,1,1
16.930789058,1,0
16.930830148,1,1
16.930872704,1,0
16.930916256,1,1
16.930958810,1,0
16.930996946,1,1
16.931039506,1,0
16.931084044,1,1
16.934710834,0,1
16.934722618,0,0
16.934765184,0,1
16.934806750,0,0
16.934847846,0,1
16.934889414,0,0
16.934930510,0,1
16.934953768,1,1
16.934973064,1,0
16.935014156,1,1
16.935035582,0,1
16.935055734,0,0
16.935096836,0,1
16.935120090,1,1
16.935139384,1,0
16.935180476,1,1
16.935223032,1,0
16.935264130,1,1
16.935285560,0,1
16.935305710,0,0
16.935346806,0,1
16.935388382,0,0
16.935431936,0,1
16.935473508,0,0
16.935511654,0,1
16.935534908,1,1
16.935554200,1,0
16.935598732,1,1
16.985699850,0,1
16.985711632,0,0
16.985754198,0,1
16.985777448,1,1
16.985796740,1,0
16.985837828,1,1
16.985880378,1,0
16.985921460,1,1
16.985942884,0,1
16.985963030,0,0
16.986004118,0,1
16.986045684,0,0
16.986086788,0,1
16.986110046,1,1
16.986129342,1,0
16.986170430,1,1
16.986212986,1,0
16.986254072,1,1
16.986275498,0,1
16.986295644,0,0
16.986336738,0,1
16.986378304,0,0
16.986421854,0,1
16.986445104,1,1
16.986464396,1,0
16.986502524,1,1
16.986545076,1,0
16.986589604,1,1
17.007721424,0,1
17.007733208,0,0
17.007775772,0,1
17.007775778,0,0
17.007775780,0,1
17.007817342,0,0
17.007858438,0,1
17.007900002,0,0
17.007941092,0,1
17.007964346,1,1
17.007983638,1,0
17.008024726,1,1
17.008046154,0,1
17.008066304,0,0
17.008107402,0,1
17.008130658,1,1
17.008149950,1,0
17.008191036,1,1
17.008233594,1,0
17.008274682,1,1
17.008296108,0,1
17.008316256,0,0
17.008357352,0,1
17.008398920,0,0
17.008442470,0,1
17.008484038,0,0
17.008522178,0,1
17.008545432,1,1
17.008564722,1,0
17.008609248,1,1
17.057629542,0,1
17.057641324,0,0
17.057683894,0,1
17.057725458,0,0
17.057766552,0,1
17.057808120,0,0
17.057849214,0,1
17.057890780,0,0
17.057931878,0,1
17.057973448,0,0
17.058014542,0,1
17.058037802,1,1
17.058057098,1,0
17.058098188,1,1
17.058140746,1,0
17.058181842,1,1
17.058224398,1,0
17.058265482,1,1
17.058308038,1,0
17.058351586,1,1
17.058394138,1,0
17.058432272,1,1
17.058474824,1,0
17.058519346,1,1
17.062145920,0,1
17.062157704,0,0
17.062200270,0,1
17.062241842,0,0
17.062282940,0,1
17.062324508,0,0
17.062365606,0,1
17.062388862,1,1
17.062408154,1,0
17.062449238,1,1
17.062470668,0,1
17.062490816,0,0
17.062531910,0,1
17.062555164,1,1
17.062574454,1,0
17.062615542,1,1
17.062658100,1,0
17.062699188,1,1
17.062720616,0,1
17.062740766,0,0
17.062781862,0,1
17.062823432,0,0
17.062866986,0,1
17.062908558,0,0
17.062946700,0,1
17.062969954,1,1
17.062989246,1,0
17.063033778,1,1
17.063033784,1,0
17.063033788,1,1
17.077537114,0,1
17.077548900,0,0
17.077591472,0,1
17.077633042,0,0
17.077674138,0,1
17.077715712,0,0
17.077756808,0,1
17.077798380,0,0
17.077839484,0,1
17.077881058,0,0
17.077922158,0,1
17.077945416,1,1
17.077964712,1,0
17.078005806,1,1
17.078048362,1,0
17.078089460,1,1
17.078132022,1,0
17.078173116,1,1
17.078215674,1,0
17.078259226,1,1
17.078301782,1,0
17.078339916,1,1
17.078382472,1,0
17.078427002,1,1
17.082052532,0,1
17.082064316,0,0
17.082106886,0,1
17.082130140,1,1
17.082149436,1,0
17.082190524,1,1
17.082233078,1,0
17.082274164,1,1
17.082295596,0,1
17.082315744,0,0
17.082356836,0,1
17.082398406,0,0
17.082439500,0,1
17.082462756,1,1
17.082482048,1,0
17.082523134,1,1
17.082565696,1,0
17.082606784,1,1
17.082628210,0,1
17.082648356,0,0
17.082689454,0,1
17.082731022,0,0
17.082774578,0,1
17.082797834,1,1
17.082817128,1,0
17.082855262,1,1
17.082855266,1,0
17.082855270,1,1
17.082897820,1,0
17.082942352,1,1
17.215743090,0,1
17.215754872,0,0
17.215797438,0,1
17.215820694,1,1
17.215839988,1,0
17.215881076,1,1
17.215923634,1,0
17.215964724,1,1
17.215964728,1,0
17.215964732,1,1
17.215986156,0,1
17.216006304,0,0
17.216047396,0,1
17.216088966,0,0
17.216130060,0,1
17.216153314,1,1
17.216172608,1,0
17.216213696,1,1
17.216256256,1,0
17.216297342,1,1
17.216318766,0,1
17.216338910,0,0
17.216380000,0,1
17.216421564,0,0
17.216465116,0,1
17.216488372,1,1
17.216507666,1,0
17.216545804,1,1
17.216588360,1,0
17.216632888,1,1
17.220259468,0,1
17.220271250,0,0
17.220313818,0,1
17.220355384,0,0
17.220396474,0,1
17.220438042,0,0
17.220479134,0,1
17.220502390,1,1
17.220521680,1,0
17.220562766,1,1
17.220584194,0,1
17.220604342,0,0
17.220645428,0,1
17.220668684,1,1
17.220687980,1,0
17.220729064,1,1
17.220771618,1,0
17.220812700,1,1
17.220812706,1,0
17.220812708,1,1
17.220834130,0,1
17.220854278,0,0
17.220895370,0,1
17.220936934,0,0
17.220980486,0,1
17.221022052,0,0
17.221060196,0,1
17.221083452,1,1
17.221102744,1,0
17.221147272,1,1
17.243940312,0,1
17.243952096,0,0
17.243994668,0,1
17.244036240,0,0
17.244077342,0,1
17.244118914,0,0
17.244160018,0,1
17.244201592,0,0
17.244242690,0,1
17.244284266,0,0
17.244325366,0,1
17.244348622,1,1
17.244367916,1,0
17.244409008,1,1
17.244451568,1,0
17.244492656,1,1
17.244535220,1,0
17.244576310,1,1
17.244618870,1,0
17.244662422,1,1
17.244704980,1,0
17.244743120,1,1
17.244785678,1,0
17.244830212,1,1
17.248456270,0,1
17.248468054,0,0
17.248510626,0,1
17.248533880,1,1
17.248553176,1,0
17.248594270,1,1
17.248636826,1,0
17.248677914,1,1
17.248699344,0,1
17.248719496,0,0
17.248760594,0,1
17.248802166,0,0
17.248843268,0,1
17.248866526,1,1
17.248885820,1,0
17.248926912,1,1
17.248969472,1,0
17.249010564,1,1
17.249031994,0,1
17.249052144,0,0
17.249093244,0,1
17.249134818,0,0
17.249178376,0,1
17.249201638,1,1
17.249220930,1,0
17.249259072,1,1
17.249301636,1,0
17.249346174,1,1
17.269044100,0,1
17.269055886,0,0
17.269098456,0,1
17.269140028,0,0
17.269181128,0,1
17.269222702,0,0
17.269263802,0,1
17.269305374,0,0
17.269346470,0,1
17.269388046,0,0
17.269429144,0,1
17.269452406,1,1
17.269471700,1,0
17.269512792,1,1
17.269555352,1,0
17.269596442,1,1
17.269639004,1,0
17.269680098,1,1
17.269722654,1,0
17.269766204,1,1
17.269808762,1,0
17.269846900,1,1
17.269889462,1,0
17.269933992,1,1
17.269933994,1,0
17.269933998,1,1
17.273561000,0,1
17.273572784,0,0
17.273615360,0,1
17.273656930,0,0
17.273698028,0,1
17.273739602,0,0
17.273780704,0,1
17.273803964,1,1
17.273823256,1,0
17.273864348,1,1
17.273885780,0,1
17.273905932,0,0
17.273947030,0,1
17.273970286,1,1
17.273989580,1,0
17.274030674,1,1
17.274073238,1,0
17.274114330,1,1
17.274135762,0,1
17.274155914,0,0
17.274197014,0,1
17.274238588,0,0
17.274282150,0,1
17.274323722,0,0
17.274361870,0,1
17.274385128,1,1
17.274404422,1,0
17.274448958,1,1
17.413868324,0,1
17.413880106,0,0
17.413922676,0,1
17.413964240,0,0
17.414005326,0,1
17.414005332,0,0
17.414005334,0,1
17.414028588,1,1
17.414047882,1,0
17.414088978,1,1
17.414110404,0,1
17.414130554,0,0
17.414171652,0,1
17.414213222,0,0
17.414254318,0,1
17.414295888,0,0
17.414336986,0,1
17.414378556,0,0
17.414419656,0,1
17.414442912,1,1
17.414462206,1,0
17.414503296,1,1
17.414524724,0,1
17.414544872,0,0
17.414588428,0,1
17.414611682,1,1
17.414630974,1,0
17.414669112,1,1
17.414711666,1,0
17.414756198,1,1
17.418382274,0,1
17.418394056,0,0
17.418436626,0,1
17.418459880,1,1
17.418479172,1,0
17.418520260,1,1
17.418541692,0,1
17.418561842,0,0
17.418602944,0,1
17.418626202,1,1
17.418645498,1,0
17.418686586,1,1
17.418708014,0,1
17.418728162,0,0
17.418769260,0,1
17.418792518,1,1
17.418811812,1,0
17.418852900,1,1
17.418895462,1,0
17.418936552,1,1
17.418957980,0,1
17.418978126,0,0
17.419019224,0,1
17.419060798,0,0
17.419104358,0,1
17.419127610,1,1
17.419146906,1,0
17.419185038,1,1
17.419227598,1,0
17.419272134,1,1
17.422898380,0,1
17.422910162,0,0
17.422952738,0,1
17.422994310,0,0
17.423035406,0,1
17.423076980,0,0
17.423118084,0,1
17.423141338,1,1
17.423160632,1,0
17.423201726,1,1
17.423244290,1,0
17.423285382,1,1
17.423327950,1,0
17.423369050,1,1
17.423411608,1,0
17.423452698,1,1
17.423474132,0,1
17.423494282,0,0
17.423535378,0,1
17.423576954,0,0
17.423620516,0,1
17.423643776,1,1
17.423663070,1,0
17.423701210,1,1
17.423743772,1,0
17.423788300,1,1
17.440007930,0,1
17.440019712,0,0
17.440062284,0,1
17.440103858,0,0
17.440144954,0,1
17.440186530,0,0
17.440227630,0,1
17.440269206,0,0
17.440310304,0,1
17.440351876,0,0
17.440392974,0,1
17.440416232,1,1
17.440435526,1,0
17.440476618,1,1
17.440519176,1,0
17.440560266,1,1
17.440602822,1,0
17.440643916,1,1
17.440686472,1,0
17.440730018,1,1
17.440772576,1,0
17.440810710,1,1
17.440853268,1,0
17.440897802,1,1
17.444527588,0,1
17.444539372,0,0
17.444581944,0,1
17.444623514,0,0
17.444664608,0,1
17.444687870,1,1
17.444707164,1,0
17.444748250,1,1
17.444769682,0,1
17.444789830,0,0
17.444830928,0,1
17.444872500,0,0
17.444913598,0,1
17.444955168,0,0
17.444996268,0,1
17.445037836,0,0
17.445078936,0,1
17.445102198,1,1
17.445121492,1,0
17.445162584,1,1
17.445184012,0,1
17.445204164,0,0
17.445247722,0,1
17.445270984,1,1
17.445290276,1,0
17.445328414,1,1
17.445370974,1,0
17.445415506,1,1
17.452698606,0,1
17.452710390,0,0
17.452752962,0,1
17.452794532,0,0
17.452835634,0,1
17.452877206,0,0
17.452918304,0,1
17.452959876,0,0
17.453000974,0,1
17.453042542,0,0
17.453083646,0,1
17.453106904,1,1
17.453126198,1,0
17.453167292,1,1
17.453209852,1,0
17.453250946,1,1
17.453293504,1,0
17.453334596,1,1
17.453377152,1,0
17.453420702,1,1
17.453463262,1,0
17.453501400,1,1
17.453543958,1,0
17.453588488,1,1
17.457214382,0,1
17.457226166,0,0
17.457268732,0,1
17.457291986,1,1
17.457311278,1,0
17.457352366,1,1
17.457373794,0,1
17.457393942,0,0
17.457435042,0,1
17.457458300,1,1
17.457477596,1,0
17.457518684,1,1
17.457518690,1,0
17.457518694,1,1
17.457540120,0,1
17.457560270,0,0
17.457601370,0,1
17.457624628,1,1
17.457643922,1,0
17.457685016,1,1
17.457727576,1,0
17.457768664,1,1
17.457790094,0,1
17.457810244,0,0
17.457851346,0,1
17.457892914,0,0
17.457936472,0,1
17.457959730,1,1
17.457979026,1,0
17.458017162,1,1
17.458059726,1,0
17.458104268,1,1
17.461730444,0,1
17.461742228,0,0
17.461784798,0,1
17.461784804,0,0
17.461784806,0,1
17.461826370,0,0
17.461867470,0,1
17.461909042,0,0
17.461950138,0,1
17.461991712,0,0
17.462032816,0,1
17.462074394,0,0
17.462115496,0,1
17.462138762,1,1
17.462158058,1,0
17.462199152,1,1
17.462241716,1,0
17.462282808,1,1
17.462282812,1,0
17.462282814,1,1
17.462325372,1,0
17.462366464,1,1
17.462409024,1,0
17.462452576,1,1
17.462495136,1,0
17.462533276,1,1
17.462575836,1,0
17.462620368,1,1
17.466246362,0,1
17.466258146,0,0
17.466300718,0,1
17.466342290,0,0
17.466383388,0,1
17.466424962,0,0
17.466466062,0,1
17.466489322,1,1
17.466508618,1,0
17.466549708,1,1
17.466549714,1,0
17.466549718,1,1
17.466592274,1,0
17.466633368,1,1
17.466675930,1,0
17.466717022,1,1
17.466759584,1,0
17.466800674,1,1
17.466822108,0,1
17.466842258,0,0
17.466883358,0,1
17.466924930,0,0
17.466968488,0,1
17.466991748,1,1
17.467011042,1,0
17.467049186,1,1
17.467091750,1,0
17.467136290,1,1
17.558090002,0,1
17.558101786,0,0
17.558144356,0,1
17.558167608,1,1
17.558186902,1,0
17.558227990,1,1
17.558249418,0,1
17.558269564,0,0
17.558310654,0,1
17.558333916,1,1
17.558353210,1,0
17.558394298,1,1
17.558415724,0,1
17.558435870,0,0
17.558476966,0,1
17.558500220,1,1
17.558519512,1,0
17.558560594,1,1
17.558603152,1,0
17.558644244,1,1
17.558665668,0,1
17.558685814,0,0
17.558726910,0,1
17.558768480,0,0
17.558812030,0,1
17.558835284,1,1
17.558854578,1,0
17.558892712,1,1
17.558935264,1,0
17.558979792,1,1
17.562605580,0,1
17.562617364,0,0
17.562659938,0,1
17.562701522,0,0
17.562742646,0,1
17.562784238,0,0
17.562825350,0,1
17.562848610,1,1
17.562867904,1,0
17.562909000,1,1
17.562909006,1,0
17.562909008,1,1
17.562951568,1,0
17.562992660,1,1
17.563035214,1,0
17.563076304,1,1
17.563118864,1,0
17.563159952,1,1
17.563181384,0,1
17.563201536,0,0
17.563242636,0,1
17.563284206,0,0
17.563327766,0,1
17.563351022,1,1
17.563370316,1,0
17.563408450,1,1
17.563451004,1,0
17.563495540,1,1
17.625933038,0,1
17.625944822,0,0
17.625987388,0,1
17.626028954,0,0
17.626070048,0,1
17.626111622,0,0
17.626152712,0,1
17.626194274,0,0
17.626235366,0,1
17.626276934,0,0
17.626318026,0,1
17.626341278,1,1
17.626360572,1,0
17.626401660,1,1
17.626444212,1,0
17.626485294,1,1
17.626527848,1,0
17.626568932,1,1
17.626611488,1,0
17.626655036,1,1
17.626697586,1,0
17.626735716,1,1
17.626778268,1,0
17.626822794,1,1
17.630448478,0,1
17.630460260,0,0
17.630502824,0,1
17.630526076,1,1
17.630545368,1,0
17.630586460,1,1
17.630607886,0,1
17.630628034,0,0
17.630669124,0,1
17.630692384,1,1
17.630711676,1,0
17.630752762,1,1
17.630774188,0,1
17.630794334,0,0
17.630835428,0,1
17.630858684,1,1
17.630877978,1,0
17.630919064,1,1
17.630961622,1,0
17.631002710,1,1
17.631024138,0,1
17.631044284,0,0
17.631085382,0,1
17.631126948,0,0
17.631170504,0,1
17.631193762,1,1
17.631213058,1,0
17.631251200,1,1
17.631293756,1,0
17.631338284,1,1
17.658772644,0,1
17.658784426,0,0
17.658826992,0,1
17.658868562,0,0
17.658909662,0,1
17.658951226,0,0
17.658992318,0,1
17.659033888,0,0
17.659074982,0,1
17.659116554,0,0
17.659157654,0,1
17.659180910,1,1
17.659200204,1,0
17.659241294,1,1
17.659283846,1,0
17.659324930,1,1
17.659367482,1,0
17.659408568,1,1
17.659451128,1,0
17.659494674,1,1
17.659537226,1,0
17.659575358,1,1
17.659617910,1,0
17.659662444,1,1
17.663288116,0,1
17.663299900,0,0
17.663342468,0,1
17.663384036,0,0
17.663425130,0,1
17.663466702,0,0
17.663507796,0,1
17.663531052,1,1
17.663550344,1,0
17.663591434,1,1
17.663633994,1,0
17.663675078,1,1
17.663717632,1,0
17.663758722,1,1
17.663801274,1,0
17.663842366,1,1
17.663863796,0,1
17.663883946,0,0
17.663925042,0,1
17.663966608,0,0
17.664010170,0,1
17.664033428,1,1
17.664052720,1,0
17.664090858,1,1
17.664133418,1,0
17.664177954,1,1
17.727596886,0,1
17.727608668,0,0
17.727651230,0,1
17.727674488,1,1
17.727693786,1,0
17.727734892,1,1
17.727756326,0,1
17.727776478,0,0
17.727817580,0,1
17.727840838,1,1
17.727860132,1,0
17.727901220,1,1
17.727922648,0,1
17.727942796,0,0
17.727983890,0,1
17.728007144,1,1
17.728026434,1,0
17.728067522,1,1
17.728110080,1,0
17.728151164,1,1
17.728172590,0,1
17.728192736,0,0
17.728233826,0,1
17.728275394,0,0
17.728318944,0,1
17.728342198,1,1
17.728361490,1,0
17.728399622,1,1
17.728442176,1,0
17.728486704,1,1
17.801887752,0,1
17.801899534,0,0
17.801942100,0,1
17.801983666,0,0
17.802024758,0,1
17.802066328,0,0
17.802107418,0,1
17.802107422,0,0
17.802107426,0,1
17.802148992,0,0
17.802190086,0,1
17.802231652,0,0
17.802272746,0,1
17.802296002,1,1
17.802315292,1,0
17.802356380,1,1
17.802398932,1,0
17.802440018,1,1
17.802482568,1,0
17.802523652,1,1
17.802566202,1,0
17.802609744,1,1
17.802652294,1,0
17.802690422,1,1
17.802732970,1,0
17.802777494,1,1
17.802777498,1,0
17.802777502,1,1
17.806403250,0,1
17.806415032,0,0
17.806457608,0,1
17.806480866,1,1
17.806500156,1,0
17.806541242,1,1
17.806562670,0,1
17.806582818,0,0
17.806623912,0,1
17.806647166,1,1
17.806666456,1,0
17.806707546,1,1
17.806728972,0,1
17.806749120,0,0
17.806790214,0,1
17.806813466,1,1
17.806832758,1,0
17.806873846,1,1
17.806916402,1,0
17.806957490,1,1
17.806978918,0,1
17.806999064,0,0
17.807040156,0,1
17.807081728,0,0
17.807125284,0,1
17.807148536,1,1
17.807167830,1,0
17.807205964,1,1
17.807248522,1,0
17.807293052,1,1
17.894708878,0,1
17.894720662,0,0
17.894763232,0,1
17.894804796,0,0
17.894845892,0,1
17.894887456,0,0
17.894928548,0,1
17.894928552,0,0
17.894928554,0,1
17.894951808,1,1
17.894971100,1,0
17.895012184,1,1
17.895054740,1,0
17.895095846,1,1
17.895117288,0,1
17.895137448,0,0
17.895178570,0,1
17.895201846,1,1
17.895221156,1,0
17.895262280,1,1
17.895283724,0,1
17.895303888,0,0
17.895345006,0,1
17.895386600,0,0
17.895430178,0,1
17.895471766,0,0
17.895509930,0,1
17.895533198,1,1
17.895552504,1,0
17.895597068,1,1
17.895597074,1,0
17.895597076,1,1
17.905502214,0,1
17.905513996,0,0
17.905556568,0,1
17.905579822,1,1
17.905599112,1,0
17.905640196,1,1
17.905661622,0,1
17.905681772,0,0
17.905722864,0,1
17.905746116,1,1
17.905765408,1,0
17.905806496,1,1
17.905849052,1,0
17.905890132,1,1
17.905890136,1,0
17.905890140,1,1
17.905911564,0,1
17.905931710,0,0
17.905972804,0,1
17.905996060,1,1
17.906015352,1,0
17.906056444,1,1
17.906077876,0,1
17.906098024,0,0
17.906139118,0,1
17.906180688,0,0
17.906224244,0,1
17.906247502,1,1
17.906266792,1,0
17.906304926,1,1
17.906347486,1,0
17.906392020,1,1
17.998438548,0,1
17.998450332,0,0
17.998492898,0,1
17.998534462,0,0
17.998575554,0,1
17.998617118,0,0
17.998658212,0,1
17.998699778,0,0
17.998740874,0,1
17.998782436,0,0
17.998823530,0,1
17.998846786,1,1
17.998866080,1,0
17.998907168,1,1
17.998949722,1,0
17.998990808,1,1
17.999033356,1,0
17.999074442,1,1
17.999116994,1,0
17.999160540,1,1
17.999203094,1,0
17.999241236,1,1
17.999283794,1,0
17.999328324,1,1
18.002954694,0,1
18.002966478,0,0
18.003009044,0,1
18.003050610,0,0
18.003091708,0,1
18.003133280,0,0
18.003174378,0,1
18.003197638,1,1
18.003216932,1,0
18.003258022,1,1
18.003300578,1,0
18.003341672,1,1
18.003363098,0,1
18.003383246,0,0
18.003424340,0,1
18.003447596,1,1
18.003466890,1,0
18.003507986,1,1
18.003529410,0,1
18.003549558,0,0
18.003590652,0,1
18.003632222,0,0
18.003675778,0,1
18.003717352,0,0
18.003755498,0,1
18.003778754,1,1
18.003798048,1,0
18.003842582,1,1
18.015772566,0,1
18.015784350,0,0
18.015826922,0,1
18.015868490,0,0
18.015909586,0,1
18.015951156,0,0
18.015992250,0,1
18.016033816,0,0
18.016074920,0,1
18.016116494,0,0
18.016157590,0,1
18.016180850,1,1
18.016200142,1,0
18.016241232,1,1
18.016283784,1,0
18.016324872,1,1
18.016367424,1,0
18.016408502,1,1
18.016451058,1,0
18.016494602,1,1
18.016494608,1,0
18.016494612,1,1
18.016537154,1,0
18.016575286,1,1
18.016617838,1,0
18.016662366,1,1
18.020287986,0,1
18.020299770,0,0
18.020342338,0,1
18.020365594,1,1
18.020384886,1,0
18.020425976,1,1
18.020447400,0,1
18.020467548,0,0
18.020508644,0,1
18.020531898,1,1
18.020551190,1,0
18.020592274,1,1
18.020634830,1,0
18.020675918,1,1
18.020697344,0,1
18.020717490,0,0
18.020758578,0,1
18.020781834,1,1
18.020801130,1,0
18.020842212,1,1
18.020863642,0,1
18.020883792,0,0
18.020924886,0,1
18.020966450,0,0
18.021010006,0,1
18.021033260,1,1
18.021052554,1,0
18.021090690,1,1
18.021133246,1,0
18.021177782,1,1
18.074336314,0,1
18.074348096,0,0
18.074390662,0,1
18.074432226,0,0
18.074473310,0,1
18.074473316,0,0
18.074473318,0,1
18.074514880,0,0
18.074555968,0,1
18.074579222,1,1
18.074598514,1,0
18.074639600,1,1
18.074682160,1,0
18.074723264,1,1
18.074744702,0,1
18.074764860,0,0
18.074805976,0,1
18.074829236,1,1
18.074848530,1,0
18.074889620,1,1
18.074911050,0,1
18.074931198,0,0
18.074972288,0,1
18.075013854,0,0
18.075057412,0,1
18.075098976,0,0
18.075137116,0,1
18.075160368,1,1
18.075179664,1,0
18.075224192,1,1
18.082518792,0,1
18.082530572,0,0
18.082573144,0,1
18.082596396,1,1
18.082615688,1,0
18.082656772,1,1
18.082678200,0,1
18.082698344,0,0
18.082739436,0,1
18.082762690,1,1
18.082781980,1,0
18.082823068,1,1
18.082844492,0,1
18.082864640,0,0
18.082905736,0,1
18.082928994,1,1
18.082948294,1,0
18.082989396,1,1
18.083031976,1,0
18.083073084,1,1
18.083094524,0,1
18.083114682,0,0
18.083155804,0,1
18.083197402,0,0
18.083240988,0,1
18.083264260,1,1
18.083283568,1,0
18.083321732,1,1
18.083364314,1,0
18.083408872,1,1
18.090735470,0,1
18.090747254,0,0
18.090789824,0,1
18.090813078,1,1
18.090832366,1,0
18.090873452,1,1
18.090916006,1,0
18.090957090,1,1
18.090978514,0,1
18.090998662,0,0
18.091039758,0,1
18.091063018,1,1
18.091082310,1,0
18.091123396,1,1
18.091144828,0,1
18.091164976,0,0
18.091206074,0,1
18.091229330,1,1
18.091248620,1,0
18.091289710,1,1
18.091311138,0,1
18.091331284,0,0
18.091372374,0,1
18.091372378,0,0
18.091372382,0,1
18.091413950,0,0
18.091457504,0,1
18.091480762,1,1
18.091500054,1,0
18.091538194,1,1
18.091580750,1,0
18.091625282,1,1
18.464231660,0,1
18.464243442,0,0
18.464286010,0,1
18.464327578,0,0
18.464368672,0,1
18.464410238,0,0
18.464451336,0,1
18.464492910,0,0
18.464534000,0,1
18.464575572,0,0
18.464616666,0,1
18.464639920,1,1
18.464659212,1,0
18.464700302,1,1
18.464742858,1,0
18.464783944,1,1
18.464826500,1,0
18.464867590,1,1
18.464910144,1,0
18.464953694,1,1
18.464996250,1,0
18.465034384,1,1
18.465076942,1,0
18.465121476,1,1
18.468747242,0,1
18.468759026,0,0
18.468801592,0,1
18.468824846,1,1
18.468844140,1,0
18.468885228,1,1
18.468927786,1,0
18.468968872,1,1
18.468990298,0,1
18.469010446,0,0
18.469051548,0,1
18.469074804,1,1
18.469094096,1,0
18.469135182,1,1
18.469135184,1,0
18.469135190,1,1
18.469156618,0,1
18.469176770,0,0
18.469217866,0,1
18.469241124,1,1
18.469260418,1,0
18.469301508,1,1
18.469322940,0,1
18.469343088,0,0
18.469384180,0,1
18.469425754,0,0
18.469469312,0,1
18.469492572,1,1
18.469511864,1,0
18.469550000,1,1
18.469592560,1,0
18.469637090,1,1
18.481299054,0,1
18.481310836,0,0
18.481353404,0,1
18.481394974,0,0
18.481436068,0,1
18.481477636,0,0
18.481518732,0,1
18.481560300,0,0
18.481601396,0,1
18.481642966,0,0
18.481684056,0,1
18.481684062,0,0
18.481684064,0,1
18.481707316,1,1
18.481726608,1,0
18.481767696,1,1
18.481810252,1,0
18.481851336,1,1
18.481893894,1,0
18.481934978,1,1
18.481977536,1,0
18.482021086,1,1
18.482063646,1,0
18.482101780,1,1
18.482144338,1,0
18.482188866,1,1
18.482188870,1,0
18.482188874,1,1
18.485816038,0,1
18.485827822,0,0
18.485870394,0,1
18.485911966,0,0
18.485953062,0,1
18.485994636,0,0
18.486035734,0,1
18.486058994,1,1
18.486078296,1,0
18.486119400,1,1
18.486161960,1,0
18.486203052,1,1
18.486224482,0,1
18.486244632,0,0
18.486285724,0,1
18.486308984,1,1
18.486328278,1,0
18.486369370,1,1
18.486390798,0,1
18.486410946,0,0
18.486452040,0,1
18.486493614,0,0
18.486537164,0,1
18.486537168,0,0
18.486537172,0,1
18.486578734,0,0
18.486616878,0,1
18.486640132,1,1
18.486659424,1,0
18.486703958,1,1
18.496060832,0,1
18.496072620,0,0
18.496115192,0,1
18.496156762,0,0
18.496197856,0,1
18.496239418,0,0
18.496280516,0,1
18.496322084,0,0
18.496363174,0,1
18.496404744,0,0
18.496445840,0,1
18.496469096,1,1
18.496488386,1,0
18.496529474,1,1
18.496572030,1,0
18.496613118,1,1
18.496655670,1,0
18.496696756,1,1
18.496696762,1,0
18.496696766,1,1
18.496739310,1,0
18.496782852,1,1
18.496825408,1,0
18.496863540,1,1
18.496906092,1,0
18.496950618,1,1
18.500576756,0,1
18.500588538,0,0
18.500631106,0,1
18.500654366,1,1
18.500673656,1,0
18.500714744,1,1
18.500736174,0,1
18.500756324,0,0
18.500797422,0,1
18.500820674,1,1
18.500839968,1,0
18.500881060,1,1
18.500902488,0,1
18.500922634,0,0
18.500963728,0,1
18.500986984,1,1
18.501006278,1,0
18.501047368,1,1
18.501089926,1,0
18.501131018,1,1
18.501152448,0,1
18.501172596,0,0
18.501213692,0,1
18.501255260,0,0
18.501298822,0,1
18.501322076,1,1
18.501341370,1,0
18.501379508,1,1
18.501422066,1,0
18.501466600,1,1
18.543617682,0,1
18.543629466,0,0
18.543672034,0,1
18.543695290,1,1
18.543714584,1,0
18.543755674,1,1
18.543777102,0,1
18.543797250,0,0
18.543838344,0,1
18.543861600,1,1
18.543880896,1,0
18.543921984,1,1
18.543943416,0,1
18.543963564,0,0
18.544004662,0,1
18.544027920,1,1
18.544047214,1,0
18.544088308,1,1
18.544130866,1,0
18.544171954,1,1
18.544193384,0,1
18.544213530,0,0
18.544254626,0,1
18.544296198,0,0
18.544339754,0,1
18.544363012,1,1
18.544382306,1,0
18.544420448,1,1
18.544463004,1,0
18.544507532,1,1
18.554412740,0,1
18.554424524,0,0
18.554467092,0,1
18.554508660,0,0
18.554549756,0,1
18.554591328,0,0
18.554632426,0,1
18.554655682,1,1
18.554674976,1,0
18.554716066,1,1
18.554758624,1,0
18.554799708,1,1
18.554842262,1,0
18.554883350,1,1
18.554925906,1,0
18.554966990,1,1
18.554988416,0,1
18.555008566,0,0
18.555049666,0,1
18.555091240,0,0
18.555134796,0,1
18.555158058,1,1
18.555177350,1,0
18.555215492,1,1
18.555258050,1,0
18.555302584,1,1
18.843382780,0,1
18.843394564,0,0
18.843437136,0,1
18.843478704,0,0
18.843519796,0,1
18.843519802,0,0
18.843519806,0,1
18.843561362,0,0
18.843602454,0,1
18.843644020,0,0
18.843685114,0,1
18.843726680,0,0
18.843767776,0,1
18.843791032,1,1
18.843810324,1,0
18.843851406,1,1
18.843851410,1,0
18.843851414,1,1
18.843893968,1,0
18.843935056,1,1
18.843977610,1,0
18.844018694,1,1
18.844061254,1,0
18.844104798,1,1
18.844147352,1,0
18.844185488,1,1
18.844228038,1,0
18.844272566,1,1
18.847898194,0,1
18.847909976,0,0
18.847952544,0,1
18.847994114,0,0
18.848035204,0,1
18.848076778,0,0
18.848117880,0,1
18.848141134,1,1
18.848160430,1,0
18.848201520,1,1
18.848244078,1,0
18.848285164,1,1
18.848327712,1,0
18.848368800,1,1
18.848411354,1,0
18.848452442,1,1
18.848473872,0,1
18.848494022,0,0
18.848535118,0,1
18.848576682,0,0
18.848620236,0,1
18.848643488,1,1
18.848662780,1,0
18.848700906,1,1
18.848700912,1,0
18.848700916,1,1
18.848743464,1,0
18.848787996,1,1
18.868441334,0,1
18.868453122,0,0
18.868495706,0,1
18.868537288,0,0
18.868578400,0,1
18.868619980,0,0
18.868661092,0,1
18.868702674,0,0
18.868743784,0,1
18.868785360,0,0
18.868826460,0,1
18.868849718,1,1
18.868869014,1,0
18.868910108,1,1
18.868952670,1,0
18.868993762,1,1
18.869036316,1,0
18.869077412,1,1
18.869119972,1,0
18.869163520,1,1
18.869206078,1,0
18.869244214,1,1
18.869286770,1,0
18.869331302,1,1
18.869331306,1,0
18.869331310,1,1
18.872957294,0,1
18.872969078,0,0
18.873011646,0,1
18.873034906,1,1
18.873054198,1,0
18.873095290,1,1
18.873116720,0,1
18.873136870,0,0
18.873177970,0,1
18.873201228,1,1
18.873220522,1,0
18.873261616,1,1
18.873283042,0,1
18.873303192,0,0
18.873344286,0,1
18.873367542,1,1
18.873386838,1,0
18.873427928,1,1
18.873470482,1,0
18.873511570,1,1
18.873533000,0,1
18.873553148,0,0
18.873594240,0,1
18.873635816,0,0
18.873679378,0,1
18.873702634,1,1
18.873721926,1,0
18.873760064,1,1
18.873802624,1,0
18.873847160,1,1
19.017839880,0,1
19.017851662,0,0
19.017894226,0,1
19.017917482,1,1
19.017936774,1,0
19.017977862,1,1
19.017999294,0,1
19.018019440,0,0
19.018060536,0,1
19.018083796,1,1
19.018103090,1,0
19.018144176,1,1
19.018165604,0,1
19.018185748,0,0
19.018226842,0,1
19.018268412,0,0
19.018309504,0,1
19.018332760,1,1
19.018352054,1,0
19.018393138,1,1
19.018393144,1,0
19.018393148,1,1
19.018414564,0,1
19.018434712,0,0
19.018475804,0,1
19.018517374,0,0
19.018560926,0,1
19.018602492,0,0
19.018640634,0,1
19.018663890,1,1
19.018683182,1,0
19.018727708,1,1
19.038424162,0,1
19.038435944,0,0
19.038478510,0,1
19.038520080,0,0
19.038561180,0,1
19.038602750,0,0
19.038643848,0,1
19.038643850,0,0
19.038643854,0,1
19.038685422,0,0
19.038726522,0,1
19.038768094,0,0
19.038809194,0,1
19.038832454,1,1
19.038851746,1,0
19.038892834,1,1
19.038935394,1,0
19.038976484,1,1
19.039019038,1,0
19.039060124,1,1
19.039060128,1,0
19.039060132,1,1
19.039102688,1,0
19.039146238,1,1
19.039188798,1,0
19.039226938,1,1
19.039269502,1,0
19.039314038,1,1
19.042940664,0,1
19.042952444,0,0
19.042995006,0,1
19.043018262,1,1
19.043037552,1,0
19.043078642,1,1
19.043100068,0,1
19.043120218,0,0
19.043161312,0,1
19.043184572,1,1
19.043203862,1,0
19.043244954,1,1
19.043266386,0,1
19.043286536,0,0
19.043327630,0,1
19.043369200,0,0
19.043410298,0,1
19.043433554,1,1
19.043452846,1,0
19.043493930,1,1
19.043515364,0,1
19.043535512,0,0
19.043576606,0,1
19.043618176,0,0
19.043661730,0,1
19.043661732,0,0
19.043661736,0,1
19.043703302,0,0
19.043741440,0,1
19.043764700,1,1
19.043783992,1,0
19.043828526,1,1
19.107316862,0,1
19.107328646,0,0
19.107371212,0,1
19.107394468,1,1
19.107413762,1,0
19.107454860,1,1
19.107476290,0,1
19.107496442,0,0
19.107537536,0,1
19.107560792,1,1
19.107580080,1,0
19.107621170,1,1
19.107663722,1,0
19.107704810,1,1
19.107747362,1,0
19.107788448,1,1
19.107831002,1,0
19.107872084,1,1
19.107893512,0,1
19.107913658,0,0
19.107954746,0,1
19.107996310,0,0
19.108039866,0,1
19.108081428,0,0
19.108119564,0,1
19.108142818,1,1
19.108162110,1,0
19.108206638,1,1
19.123423700,0,1
19.123435484,0,0
19.123478054,0,1
19.123519628,0,0
19.123560726,0,1
19.123583982,1,1
19.123603278,1,0
19.123644370,1,1
19.123686928,1,0
19.123728014,1,1
19.123749440,0,1
19.123769588,0,0
19.123810680,0,1
19.123833936,1,1
19.123853230,1,0
19.123894324,1,1
19.123936882,1,0
19.123977976,1,1
19.123999404,0,1
19.124019554,0,0
19.124060652,0,1
19.124102224,0,0
19.124145790,0,1
19.124169048,1,1
19.124188342,1,0
19.124226482,1,1
19.124269044,1,0
19.124313574,1,1
19.207050616,0,1
19.207062400,0,0
19.207104968,0,1
19.207146536,0,0
19.207187630,0,1
19.207229196,0,0
19.207270296,0,1
19.207311862,0,0
19.207352952,0,1
19.207394522,0,0
19.207435618,0,1
19.207458872,1,1
19.207478166,1,0
19.207519256,1,1
19.207561814,1,0
19.207602900,1,1
19.207645454,1,0
19.207686536,1,1
19.207729090,1,0
19.207772628,1,1
19.207772634,1,0
19.207772638,1,1
19.207815184,1,0
19.207853314,1,1
19.207895866,1,0
19.207940388,1,1
19.211566080,0,1
19.211577864,0,0
19.211620438,0,1
19.211662006,0,0
19.211703104,0,1
19.211726362,1,1
19.211745654,1,0
19.211786744,1,1
19.211829300,1,0
19.211870384,1,1
19.211891810,0,1
19.211911956,0,0
19.211953050,0,1
19.211976308,1,1
19.211995602,1,0
19.212036692,1,1
19.212079256,1,0
19.212120348,1,1
19.212141780,0,1
19.212161928,0,0
19.212203026,0,1
19.212244600,0,0
19.212288156,0,1
19.212311412,1,1
19.212330706,1,0
19.212368846,1,1
19.212411400,1,0
19.212455932,1,1
19.221812622,0,1
19.221824408,0,0
19.221866976,0,1
19.221908548,0,0
19.221949644,0,1
19.221991214,0,0
19.222032310,0,1
19.222073890,0,0
19.222114986,0,1
19.222156558,0,0
19.222197656,0,1
19.222220910,1,1
19.222240202,1,0
19.222281292,1,1
19.222323858,1,0
19.222364954,1,1
19.222407512,1,0
19.222448604,1,1
19.222491160,1,0
19.222534708,1,1
19.222577266,1,0
19.222615402,1,1
19.222657954,1,0
19.222702490,1,1
19.226325426,0,1
19.226337212,0,0
19.226379782,0,1
19.226403042,1,1
19.226422334,1,0
19.226463424,1,1
19.226484852,0,1
19.226505002,0,0
19.226546100,0,1
19.226569358,1,1
19.226588650,1,0
19.226629744,1,1
19.226672302,1,0
19.226713394,1,1
19.226755954,1,0
19.226797042,1,1
19.226839600,1,0
19.226880688,1,1
19.226902122,0,1
19.226922270,0,0
19.226963370,0,1
19.227004942,0,0
19.227048500,0,1
19.227090078,0,0
19.227128224,0,1
19.227151482,1,1
19.227170778,1,0
19.227215316,1,1
19.277632696,0,1
19.277644482,0,0
19.277687062,0,1
19.277728636,0,0
19.277769736,0,1
19.277792994,1,1
19.277812290,1,0
19.277853386,1,1
19.277895946,1,0
19.277937032,1,1
19.277937036,1,0
19.277937040,1,1
19.277958466,0,1
19.277978616,0,0
19.278019714,0,1
19.278042974,1,1
19.278062270,1,0
19.278103364,1,1
19.278145930,1,0
19.278187024,1,1
19.278208452,0,1
19.278228604,0,0
19.278269702,0,1
19.278311274,0,0
19.278354834,0,1
19.278378092,1,1
19.278397384,1,0
19.278435524,1,1
19.278478082,1,0
19.278522622,1,1
19.285926180,0,1
19.285937962,0,0
19.285980536,0,1
19.286003794,1,1
19.286023088,1,0
19.286064184,1,1
19.286085620,0,1
19.286105770,0,0
19.286146872,0,1
19.286170130,1,1
19.286189426,1,0
19.286230522,1,1
19.286273086,1,0
19.286314178,1,1
19.286335610,0,1
19.286355760,0,0
19.286396860,0,1
19.286420118,1,1
19.286439414,1,0
19.286480506,1,1
19.286501938,0,1
19.286522088,0,0
19.286563188,0,1
19.286604762,0,0
19.286648324,0,1
19.286671582,1,1
19.286690878,1,0
19.286729016,1,1
19.286771576,1,0
19.286816116,1,1
19.302313552,0,1
19.302325344,0,0
19.302367940,0,1
19.302409532,0,0
19.302450660,0,1
19.302492262,0,0
19.302533386,0,1
19.302556654,1,1
19.302575954,1,0
19.302617054,1,1
19.302659620,1,0
19.302700712,1,1
19.302722146,0,1
19.302742296,0,0
19.302783398,0,1
19.302806652,1,1
19.302825952,1,0
19.302867046,1,1
19.302888478,0,1
19.302908630,0,0
19.302949732,0,1
19.302991306,0,0
19.303034870,0,1
19.303076446,0,0
19.303114596,0,1
19.303137856,1,1
19.303157150,1,0
19.303201692,1,1
19.357648418,0,1
19.357660200,0,0
19.357702768,0,1
19.357744330,0,0
19.357785418,0,1
19.357826984,0,0
19.357868076,0,1
19.357909644,0,0
19.357950740,0,1
19.357992306,0,0
19.358033398,0,1
19.358056656,1,1
19.358075950,1,0
19.358117042,1,1
19.358159594,1,0
19.358200678,1,1
19.358243232,1,0
19.358284314,1,1
19.358326866,1,0
19.358370416,1,1
19.358412968,1,0
19.358451100,1,1
19.358493656,1,0
19.358538190,1,1
19.362163896,0,1
19.362175678,0,0
19.362218248,0,1
19.362259814,0,0
19.362300908,0,1
19.362300912,0,0
19.362300916,0,1
19.362324168,1,1
19.362343460,1,0
19.362384546,1,1
19.362427104,1,0
19.362468190,1,1
19.362489616,0,1
19.362509762,0,0
19.362550858,0,1
19.362574116,1,1
19.362593408,1,0
19.362634496,1,1
19.362677050,1,0
19.362718136,1,1
19.362718142,1,0
19.362718146,1,1
19.362739564,0,1
19.362759712,0,0
19.362800806,0,1
19.362842372,0,0
19.362885928,0,1
19.362909182,1,1
19.362928476,1,0
19.362966612,1,1
19.363009162,1,0
19.363053688,1,1
19.374740968,0,1
19.374752752,0,0
19.374795316,0,1
19.374836886,0,0
19.374877982,0,1
19.374919550,0,0
19.374960644,0,1
19.374960650,0,0
19.374960654,0,1
19.375002214,0,0
19.375043310,0,1
19.375084882,0,0
19.375125980,0,1
19.375149232,1,1
19.375168528,1,0
19.375209614,1,1
19.375252178,1,0
19.375293268,1,1
19.375335826,1,0
19.375376912,1,1
19.375419468,1,0
19.375463014,1,1
19.375505568,1,0
19.375543706,1,1
19.375586264,1,0
19.375630796,1,1
19.379257496,0,1
19.379269278,0,0
19.379311848,0,1
19.379353412,0,0
19.379394504,0,1
19.379436066,0,0
19.379477160,0,1
19.379500414,1,1
19.379519706,1,0
19.379560794,1,1
19.379603348,1,0
19.379644430,1,1
19.379665858,0,1
19.379686004,0,0
19.379727098,0,1
19.379750352,1,1
19.379769642,1,0
19.379810726,1,1
19.379832154,0,1
19.379852302,0,0
19.379893392,0,1
19.379893394,0,0
19.379893398,0,1
19.379934960,0,0
19.379978514,0,1
19.380020082,0,0
19.380058226,0,1
19.380081484,1,1
19.380100778,1,0
19.380145314,1,1
19.399794852,0,1
19.399806634,0,0
19.399849198,0,1
19.399890760,0,0
19.399931848,0,1
19.399973414,0,0
19.400014510,0,1
19.400056084,0,0
19.400097184,0,1
19.400138754,0,0
19.400179850,0,1
19.400203108,1,1
19.400222402,1,0
19.400263490,1,1
19.400306050,1,0
19.400347134,1,1
19.400389688,1,0
19.400430774,1,1
19.400473328,1,0
19.400516874,1,1
19.400559428,1,0
19.400597562,1,1
19.400640116,1,0
19.400684644,1,1
19.404310312,0,1
19.404322094,0,0
19.404364660,0,1
19.404364664,0,0
19.404364668,0,1
19.404387918,1,1
19.404407212,1,0
19.404448298,1,1
19.404469726,0,1
19.404489874,0,0
19.404530974,0,1
19.404554228,1,1
19.404573524,1,0
19.404614612,1,1
19.404614616,1,0
19.404614620,1,1
19.404657176,1,0
19.404698264,1,1
19.404719694,0,1
19.404739842,0,0
19.404780940,0,1
19.404804194,1,1
19.404823490,1,0
19.404864580,1,1
19.404886010,0,1
19.404906160,0,0
19.404947256,0,1
19.404988826,0,0
19.405032384,0,1
19.405055644,1,1
19.405074942,1,0
19.405113086,1,1
19.405155644,1,0
19.405200182,1,1
19.452995254,0,1
19.453007036,0,0
19.453049600,0,1
19.453091166,0,0
19.453132264,0,1
19.453173828,0,0
19.453214922,0,1
19.453238176,1,1
19.453257470,1,0
19.453298556,1,1
19.453341110,1,0
19.453382196,1,1
19.453403624,0,1
19.453423768,0,0
19.453464858,0,1
19.453488112,1,1
19.453507404,1,0
19.453548492,1,1
19.453569922,0,1
19.453590070,0,0
19.453631164,0,1
19.453672734,0,0
19.453716288,0,1
19.453757854,0,0
19.453795994,0,1
19.453819248,1,1
19.453838542,1,0
19.453883072,1,1
19.554965272,0,1
19.554977054,0,0
19.555019618,0,1
19.555061182,0,0
19.555102282,0,1
19.555143848,0,0
19.555184944,0,1
19.555226516,0,0
19.555267612,0,1
19.555309180,0,0
19.555350276,0,1
19.555373534,1,1
19.555392824,1,0
19.555433914,1,1
19.555476464,1,0
19.555517554,1,1
19.555560108,1,0
19.555601196,1,1
19.555643750,1,0
19.555687294,1,1
19.555729850,1,0
19.555767988,1,1
19.555810538,1,0
19.555855062,1,1
19.559481734,0,1
19.559493516,0,0
19.559536086,0,1
19.559577656,0,0
19.559618746,0,1
19.559660316,0,0
19.559701408,0,1
19.559724666,1,1
19.559743960,1,0
19.559785048,1,1
19.559827606,1,0
19.559868688,1,1
19.559890118,0,1
19.559910264,0,0
19.559951358,0,1
19.559974614,1,1
19.559993904,1,0
19.560034992,1,1
19.560056420,0,1
19.560076572,0,0
19.560117666,0,1
19.560159234,0,0
19.560202790,0,1
19.560244358,0,0
19.560282498,0,1
19.560305750,1,1
19.560325046,1,0
19.560369582,1,1
19.624097406,0,1
19.624109188,0,0
19.624151752,0,1
19.624175008,1,1
19.624194302,1,0
19.624235386,1,1
19.624256818,0,1
19.624276968,0,0
19.624318064,0,1
19.624341322,1,1
19.624360614,1,0
19.624401700,1,1
19.624423132,0,1
19.624443282,0,0
19.624484378,0,1
19.624507634,1,1
19.624526928,1,0
19.624568018,1,1
19.624610576,1,0
19.624651662,1,1
19.624673090,0,1
19.624693236,0,0
19.624734332,0,1
19.624775902,0,0
19.624819458,0,1
19.624842716,1,1
19.624862008,1,0
19.624900144,1,1
19.624942696,1,0
19.624987226,1,1
19.632302694,0,1
19.632314478,0,0
19.632357044,0,1
19.632357050,0,0
19.632357054,0,1
19.632398614,0,0
19.632439708,0,1
19.632481278,0,0
19.632522372,0,1
19.632522378,0,0
19.632522380,0,1
19.632545630,1,1
19.632564924,1,0
19.632606010,1,1
19.632648566,1,0
19.632689658,1,1
19.632711088,0,1
19.632731236,0,0
19.632772330,0,1
19.632795586,1,1
19.632814882,1,0
19.632855966,1,1
19.632877396,0,1
19.632897542,0,0
19.632938636,0,1
19.632980206,0,0
19.633023760,0,1
19.633065334,0,0
19.633103480,0,1
19.633126740,1,1
19.633146034,1,0
19.633190572,1,1
19.706733752,0,1
19.706745536,0,0
19.706788108,0,1
19.706829678,0,0
19.706870778,0,1
19.706912346,0,0
19.706953440,0,1
19.706995012,0,0
19.707036108,0,1
19.707077682,0,0
19.707118782,0,1
19.707142040,1,1
19.707161334,1,0
19.707202428,1,1
19.707244988,1,0
19.707286076,1,1
19.707328634,1,0
19.707369724,1,1
19.707412278,1,0
19.707455824,1,1
19.707498380,1,0
19.707536518,1,1
19.707579074,1,0
19.707623600,1,1
19.711250444,0,1
19.711262228,0,0
19.711304800,0,1
19.711346368,0,0
19.711387460,0,1
19.711429026,0,0
19.711470118,0,1
19.711493376,1,1
19.711512668,1,0
19.711553750,1,1
19.711553754,1,0
19.711553758,1,1
19.711596312,1,0
19.711637402,1,1
19.711658828,0,1
19.711678976,0,0
19.711720076,0,1
19.711743332,1,1
19.711762624,1,0
19.711803714,1,1
19.711825142,0,1
19.711845290,0,0
19.711886388,0,1
19.711927954,0,0
19.711971514,0,1
19.712013082,0,0
19.712051224,0,1
19.712074484,1,1
19.712093774,1,0
19.712138308,1,1
19.718917062,0,1
19.718928844,0,0
19.718971410,0,1
19.719012980,0,0
19.719054080,0,1
19.719095652,0,0
19.719136750,0,1
19.719178322,0,0
19.719219428,0,1
19.719261002,0,0
19.719302106,0,1
19.719325370,1,1
19.719344666,1,0
19.719385762,1,1
19.719428318,1,0
19.719469412,1,1
19.719511970,1,0
19.719553058,1,1
19.719595612,1,0
19.719639162,1,1
19.719681708,1,0
19.719719840,1,1
19.719762392,1,0
19.719806918,1,1
19.723432726,0,1
19.723444508,0,0
19.723487078,0,1
19.723510336,1,1
19.723529628,1,0
19.723570720,1,1
19.723592148,0,1
19.723612294,0,0
19.723653390,0,1
19.723676648,1,1
19.723695942,1,0
19.723737030,1,1
19.723758458,0,1
19.723778608,0,0
19.723819704,0,1
19.723842964,1,1
19.723862256,1,0
19.723903348,1,1
19.723945906,1,0
19.723986992,1,1
19.724008418,0,1
19.724028564,0,0
19.724069666,0,1
19.724111236,0,0
19.724154794,0,1
19.724178052,1,1
19.724197346,1,0
19.724235484,1,1
19.724278038,1,0
19.724322570,1,1
19.777399424,0,1
19.777411202,0,0
19.777453766,0,1
19.777477014,1,1
19.777496302,1,0
19.777537386,1,1
19.777558816,0,1
19.777578966,0,0
19.777620074,0,1
19.777643342,1,1
19.777662642,1,0
19.777703732,1,1
19.777725164,0,1
19.777745312,0,0
19.777786406,0,1
19.777809664,1,1
19.777828958,1,0
19.777870048,1,1
19.777912598,1,0
19.777953682,1,1
19.777975112,0,1
19.777995258,0,0
19.778036348,0,1
19.778077914,0,0
19.778121466,0,1
19.778144720,1,1
19.778164014,1,0
19.778202150,1,1
19.778244700,1,0
19.778289222,1,1
19.778289226,1,0
19.778289230,1,1
19.785604852,0,1
19.785616634,0,0
19.785659206,0,1
19.785700776,0,0
19.785741874,0,1
19.785783442,0,0
19.785824538,0,1
19.785847798,1,1
19.785867092,1,0
19.785908184,1,1
19.785950738,1,0
19.785991824,1,1
19.786013252,0,1
19.786033404,0,0
19.786074510,0,1
19.786097770,1,1
19.786117062,1,0
19.786158160,1,1
19.786179588,0,1
19.786199738,0,0
19.786240836,0,1
19.786282404,0,0
19.786325964,0,1
19.786367534,0,0
19.786405680,0,1
19.786428938,1,1
19.786448232,1,0
19.786492768,1,1
19.819852746,0,1
19.819864528,0,0
19.819907100,0,1
19.819948666,0,0
19.819989762,0,1
19.820031334,0,0
19.820072430,0,1
19.820114004,0,0
19.820155100,0,1
19.820196668,0,0
19.820237762,0,1
19.820261018,1,1
19.820280312,1,0
19.820321396,1,1
19.820363952,1,0
19.820405040,1,1
19.820447600,1,0
19.820488694,1,1
19.820531252,1,0
19.820574800,1,1
19.820617344,1,0
19.820655464,1,1
19.820698006,1,0
19.820742528,1,1
19.824368072,0,1
19.824379854,0,0
19.824422424,0,1
19.824445678,1,1
19.824464972,1,0
19.824506056,1,1
19.824527486,0,1
19.824547632,0,0
19.824588728,0,1
19.824611978,1,1
19.824631274,1,0
19.824672358,1,1
19.824693786,0,1
19.824713934,0,0
19.824755024,0,1
19.824778278,1,1
19.824797570,1,0
19.824838656,1,1
19.824881212,1,0
19.824922296,1,1
19.824943724,0,1
19.824963872,0,0
19.825004964,0,1
19.825046530,0,0
19.825090088,0,1
19.825113344,1,1
19.825132636,1,0
19.825170770,1,1
19.825213326,1,0
19.825257858,1,1
19.860827790,0,1
19.860839572,0,0
19.860882144,0,1
19.860923710,0,0
19.860964796,0,1
19.861006366,0,0
19.861047458,0,1
19.861089026,0,0
19.861130120,0,1
19.861171686,0,0
19.861212778,0,1
19.861236032,1,1
19.861255326,1,0
19.861296418,1,1
19.861338972,1,0
19.861380056,1,1
19.861422612,1,0
19.861463696,1,1
19.861506244,1,0
19.861549790,1,1
19.861592342,1,0
19.861630470,1,1
19.861673024,1,0
19.861717550,1,1
19.865344048,0,1
19.865355832,0,0
19.865398402,0,1
19.865439968,0,0
19.865481060,0,1
19.865481066,0,0
19.865481068,0,1
19.865522632,0,0
19.865563724,0,1
19.865586980,1,1
19.865606276,1,0
19.865647362,1,1
19.865689916,1,0
19.865731004,1,1
19.865752434,0,1
19.865772584,0,0
19.865813682,0,1
19.865836938,1,1
19.865856234,1,0
19.865897320,1,1
19.865918750,0,1
19.865938898,0,0
19.865979990,0,1
19.866021564,0,0
19.866065124,0,1
19.866106700,0,0
19.866144848,0,1
19.866168106,1,1
19.866187398,1,0
19.866231930,1,1
19.991167374,0,1
19.991179160,0,0
19.991221736,0,1
19.991244994,1,1
19.991264288,1,0
19.991305380,1,1
19.991326810,0,1
19.991346956,0,0
19.991388048,0,1
19.991411306,1,1
19.991430598,1,0
19.991471688,1,1
19.991493116,0,1
19.991513262,0,0
19.991554360,0,1
19.991595928,0,0
19.991637022,0,1
19.991660278,1,1
19.991679570,1,0
19.991720660,1,1
19.991742088,0,1
19.991762236,0,0
19.991803330,0,1
19.991844902,0,0
19.991888462,0,1
19.991930030,0,0
19.991968178,0,1
19.991991434,1,1
19.992010726,1,0
19.992055258,1,1
20.002190158,0,1
20.002201940,0,0
20.002244512,0,1
20.002286082,0,0
20.002327180,0,1
20.002368754,0,0
20.002409852,0,1
20.002433110,1,1
20.002452408,1,0
20.002493500,1,1
20.002514928,0,1
20.002535078,0,0
20.002576176,0,1
20.002617748,0,0
20.002658848,0,1
20.002682106,1,1
20.002701404,1,0
20.002742494,1,1
20.002763924,0,1
20.002784074,0,0
20.002825172,0,1
20.002866742,0,0
20.002910298,0,1
20.002933556,1,1
20.002952850,1,0
20.002990994,1,1
20.003033552,1,0
20.003078092,1,1
20.015841574,0,1
20.015853358,0,0
20.015895934,0,1
20.015937504,0,0
20.015978606,0,1
20.016001864,1,1
20.016021158,1,0
20.016062256,1,1
20.016104818,1,0
20.016145910,1,1
20.016188472,1,0
20.016229566,1,1
20.016250994,0,1
20.016271146,0,0
20.016312248,0,1
20.016335506,1,1
20.016354802,1,0
20.016395892,1,1
20.016417326,0,1
20.016437476,0,0
20.016478570,0,1
20.016478576,0,0
20.016478580,0,1
20.016520148,0,0
20.016563712,0,1
20.016586964,1,1
20.016606262,1,0
20.016644400,1,1
20.016686958,1,0
20.016731496,1,1
20.073753026,0,1
20.073764808,0,0
20.073807368,0,1
20.073848934,0,0
20.073890026,0,1
20.073931594,0,0
20.073972686,0,1
20.074014254,0,0
20.074055344,0,1
20.074096914,0,0
20.074138006,0,1
20.074161264,1,1
20.074180554,1,0
20.074221642,1,1
20.074264200,1,0
20.074305292,1,1
20.074347844,1,0
20.074388930,1,1
20.074431486,1,0
20.074475028,1,1
20.074517582,1,0
20.074555718,1,1
20.074598276,1,0
20.074642804,1,1
20.074642808,1,0
20.074642812,1,1
20.078268446,0,1
20.078280228,0,0
20.078322790,0,1
20.078364358,0,0
20.078405448,0,1
20.078428702,1,1
20.078447992,1,0
20.078489082,1,1
20.078531632,1,0
20.078572718,1,1
20.078615272,1,0
20.078656358,1,1
20.078677782,0,1
20.078697928,0,0
20.078739018,0,1
20.078762270,1,1
20.078781562,1,0
20.078822648,1,1
20.078844072,0,1
20.078864220,0,0
20.078905306,0,1
20.078905310,0,0
20.078905314,0,1
20.078946872,0,0
20.078990422,0,1
20.079013672,1,1
20.079032964,1,0
20.079071094,1,1
20.079113650,1,0
20.079158178,1,1
20.085846174,0,1
20.085857956,0,0
20.085900520,0,1
20.085942082,0,0
20.085983174,0,1
20.086024738,0,0
20.086065836,0,1
20.086107412,0,0
20.086148506,0,1
20.086190076,0,0
20.086231172,0,1
20.086254428,1,1
20.086273718,1,0
20.086314806,1,1
20.086357366,1,0
20.086398450,1,1
20.086441000,1,0
20.086482088,1,1
20.086524638,1,0
20.086568180,1,1
20.086568184,1,0
20.086568188,1,1
20.086610740,1,0
20.086648874,1,1
20.086691428,1,0
20.086735964,1,1
20.090365346,0,1
20.090377130,0,0
20.090419694,0,1
20.090461264,0,0
20.090502356,0,1
20.090543926,0,0
20.090585020,0,1
20.090608276,1,1
20.090627568,1,0
20.090668658,1,1
20.090690084,0,1
20.090710230,0,0
20.090751322,0,1
20.090792894,0,0
20.090833988,0,1
20.090857244,1,1
20.090876538,1,0
20.090917630,1,1
20.090939056,0,1
20.090959204,0,0
20.091000296,0,1
20.091041868,0,0
20.091085430,0,1
20.091108684,1,1
20.091127978,1,0
20.091166116,1,1
20.091208674,1,0
20.091253204,1,1
20.116048786,0,1
20.116060570,0,0
20.116103152,0,1
20.116144724,0,0
20.116185820,0,1
20.116227398,0,0
20.116268498,0,1
20.116310066,0,0
20.116351164,0,1
20.116392736,0,0
20.116433834,0,1
20.116457092,1,1
20.116476386,1,0
20.116517476,1,1
20.116560030,1,0
20.116601116,1,1
20.116643668,1,0
20.116684748,1,1
20.116684752,1,0
20.116684754,1,1
20.116727304,1,0
20.116770850,1,1
20.116813406,1,0
20.116851540,1,1
20.116894094,1,0
20.116938626,1,1
20.120565458,0,1
20.120577242,0,0
20.120619812,0,1
20.120643066,1,1
20.120662360,1,0
20.120703450,1,1
20.120724878,0,1
20.120745024,0,0
20.120786118,0,1
20.120809378,1,1
20.120828674,1,0
20.120869762,1,1
20.120891194,0,1
20.120911342,0,0
20.120952440,0,1
20.120994010,0,0
20.121035102,0,1
20.121058362,1,1
20.121077660,1,0
20.121118748,1,1
20.121140176,0,1
20.121160322,0,0
20.121201416,0,1
20.121242986,0,0
20.121286538,0,1
20.121328112,0,0
20.121366268,0,1
20.121389532,1,1
20.121408828,1,0
20.121453372,1,1
20.147571458,0,1
20.147583238,0,0
20.147625802,0,1
20.147667372,0,0
20.147708468,0,1
20.147731724,1,1
20.147751014,1,0
20.147792100,1,1
20.147834656,1,0
20.147875740,1,1
20.147918294,1,0
20.147959380,1,1
20.147980808,0,1
20.148000954,0,0
20.148042048,0,1
20.148065304,1,1
20.148084600,1,0
20.148125688,1,1
20.148147116,0,1
20.148167264,0,0
20.148208360,0,1
20.148249928,0,0
20.148293482,0,1
20.148316736,1,1
20.148336028,1,0
20.148374168,1,1
20.148416718,1,0
20.148461250,1,1
20.155711892,0,1
20.155723676,0,0
20.155766236,0,1
20.155766242,0,0
20.155766244,0,1
20.155789498,1,1
20.155808792,1,0
20.155849878,1,1
20.155871308,0,1
20.155891456,0,0
20.155932556,0,1
20.155955810,1,1
20.155975104,1,0
20.156016192,1,1
20.156037618,0,1
20.156057768,0,0
20.156098868,0,1
20.156140442,0,0
20.156181544,0,1
20.156204802,1,1
20.156224098,1,0
20.156265186,1,1
20.156286614,0,1
20.156306762,0,0
20.156347862,0,1
20.156389430,0,0
20.156432988,0,1
20.156474560,0,0
20.156512702,0,1
20.156535956,1,1
20.156555250,1,0
20.156599782,1,1
20.187004528,0,1
20.187016310,0,0
20.187058878,0,1
20.187100448,0,0
20.187141544,0,1
20.187183114,0,0
20.187224210,0,1
20.187265780,0,0
20.187306876,0,1
20.187348446,0,0
20.187389540,0,1
20.187389544,0,0
20.187389546,0,1
20.187412798,1,1
20.187432090,1,0
20.187473174,1,1
20.187515728,1,0
20.187556810,1,1
20.187556816,1,0
20.187556818,1,1
20.187599368,1,0
20.187640460,1,1
20.187683016,1,0
20.187726560,1,1
20.187769116,1,0
20.187807252,1,1
20.187849806,1,0
20.187894336,1,1
20.191520796,0,1
20.191532578,0,0
20.191575142,0,1
20.191598400,1,1
20.191617690,1,0
20.191658772,1,1
20.191680198,0,1
20.191700346,0,0
20.191741434,0,1
20.191764686,1,1
20.191783976,1,0
20.191825060,1,1
20.191846488,0,1
20.191866634,0,0
20.191907726,0,1
20.191949292,0,0
20.191990386,0,1
20.192013638,1,1
20.192032928,1,0
20.192074012,1,1
20.192095440,0,1
20.192115588,0,0
20.192156674,0,1
20.192156680,0,0
20.192156682,0,1
20.192198244,0,0
20.192241800,0,1
20.192283368,0,0
20.192321508,0,1
20.192344760,1,1
20.192364052,1,0
20.192408582,1,1
20.225171144,0,1
20.225182928,0,0
20.225225496,0,1
20.225267066,0,0
20.225308160,0,1
20.225349728,0,0
20.225390822,0,1
20.225432392,0,0
20.225473482,0,1
20.225515052,0,0
20.225556146,0,1
20.225579404,1,1
20.225598698,1,0
20.225639784,1,1
20.225682342,1,0
20.225723426,1,1
20.225765980,1,0
20.225807070,1,1
20.225849620,1,0
20.225893168,1,1
20.225935722,1,0
20.225973856,1,1
20.226016410,1,0
20.226060944,1,1
20.229686594,0,1
20.229698376,0,0
20.229740942,0,1
20.229782506,0,0
20.229823590,0,1
20.229846846,1,1
20.229866136,1,0
20.229907214,1,1
20.229949766,1,0
20.229990850,1,1
20.230033398,1,0
20.230074480,1,1
20.230095904,0,1
20.230116050,0,0
20.230157138,0,1
20.230180390,1,1
20.230199680,1,0
20.230240766,1,1
20.230262192,0,1
20.230282338,0,0
20.230323424,0,1
20.230364990,0,0
20.230408546,0,1
20.230431798,1,1
20.230451088,1,0
20.230489222,1,1
20.230531774,1,0
20.230576298,1,1
20.565716376,0,1
20.565728158,0,0
20.565770720,0,1
20.565793972,1,1
20.565813266,1,0
20.565854350,1,1
20.565896900,1,0
20.565937988,1,1
20.565959412,0,1
20.565979556,0,0
20.566020644,0,1
20.566043898,1,1
20.566063192,1,0
20.566104282,1,1
20.566125710,0,1
20.566145856,0,0
20.566186950,0,1
20.566210206,1,1
20.566229500,1,0
20.566270586,1,1
20.566292014,0,1
20.566312162,0,0
20.566353252,0,1
20.566394818,0,0
20.566438372,0,1
20.566461624,1,1
20.566480918,1,0
20.566519048,1,1
20.566561604,1,0
20.566606134,1,1
20.624469144,0,1
20.624480926,0,0
20.624523490,0,1
20.624546746,1,1
20.624566038,1,0
20.624607120,1,1
20.624649674,1,0
20.624690756,1,1
20.624712182,0,1
20.624732326,0,0
20.624773414,0,1
20.624814980,0,0
20.624856068,0,1
20.624897632,0,0
20.624938724,0,1
20.624961980,1,1
20.624981270,1,0
20.625022356,1,1
20.625043782,0,1
20.625063928,0,0
20.625105018,0,1
20.625146584,0,0
20.625190136,0,1
20.625231700,0,0
20.625269836,0,1
20.625293092,1,1
20.625312380,1,0
20.625356906,1,1
20.644512102,0,1
20.644523884,0,0
20.644566446,0,1
20.644608014,0,0
20.644649102,0,1
20.644690670,0,0
20.644731762,0,1
20.644773324,0,0
20.644814418,0,1
20.644855984,0,0
20.644897076,0,1
20.644920326,1,1
20.644939620,1,0
20.644980704,1,1
20.645023256,1,0
20.645064336,1,1
20.645106890,1,0
20.645147972,1,1
20.645190524,1,0
20.645234074,1,1
20.645276626,1,0
20.645314760,1,1
20.645357324,1,0
20.645401860,1,1
20.649028950,0,1
20.649040734,0,0
20.649083300,0,1
20.649106554,1,1
20.649125844,1,0
20.649166932,1,1
20.649209482,1,0
20.649250560,1,1
20.649250562,1,0
20.649250566,1,1
20.649271990,0,1
20.649292136,0,0
20.649333224,0,1
20.649374788,0,0
20.649415880,0,1
20.649457444,0,0
20.649498534,0,1
20.649521788,1,1
20.649541080,1,0
20.649582158,1,1
20.649603586,0,1
20.649623728,0,0
20.649664820,0,1
20.649706382,0,0
20.649749930,0,1
20.649791492,0,0
20.649829630,0,1
20.649852886,1,1
20.649872174,1,0
20.649916702,1,1
20.661846670,0,1
20.661858454,0,0
20.661901022,0,1
20.661942586,0,0
20.661983682,0,1
20.662025250,0,0
20.662066340,0,1
20.662107912,0,0
20.662149014,0,1
20.662190578,0,0
20.662231666,0,1
20.662254926,1,1
20.662274216,1,0
20.662315302,1,1
20.662357858,1,0
20.662398946,1,1
20.662441502,1,0
20.662482582,1,1
20.662482588,1,0
20.662482590,1,1
20.662525140,1,0
20.662568688,1,1
20.662611238,1,0
20.662649368,1,1
20.662691920,1,0
20.662736452,1,1
20.666361846,0,1
20.666373630,0,0
20.666416210,0,1
20.666439474,1,1
20.666458772,1,0
20.666499872,1,1
20.666542438,1,0
20.666583540,1,1
20.666604972,0,1
20.666625126,0,0
20.666666228,0,1
20.666689492,1,1
20.666708790,1,0
20.666749892,1,1
20.666771326,0,1
20.666791480,0,0
20.666832588,0,1
20.666855850,1,1
20.666875148,1,0
20.666916246,1,1
20.666937678,0,1
20.666957834,0,0
20.666998940,0,1
20.667040522,0,0
20.667084094,0,1
20.667107358,1,1
20.667126660,1,0
20.667164810,1,1
20.667207380,1,0
20.667251926,1,1
20.785247266,0,1
20.785259050,0,0
20.785301614,0,1
20.785324868,1,1
20.785344160,1,0
20.785385242,1,1
20.785385244,1,0
20.785385248,1,1
20.785427794,1,0
20.785468882,1,1
20.785490308,0,1
20.785510456,0,0
20.785551546,0,1
20.785574798,1,1
20.785594092,1,0
20.785635176,1,1
20.785656604,0,1
20.785676750,0,0
20.785717844,0,1
20.785741104,1,1
20.785760396,1,0
20.785801478,1,1
20.785822906,0,1
20.785843054,0,0
20.785884146,0,1
20.785925716,0,0
20.785969272,0,1
20.785992530,1,1
20.786011824,1,0
20.786049962,1,1
20.786092526,1,0
20.786137068,1,1
20.789763794,0,1
20.789775578,0,0
20.789818148,0,1
20.789859714,0,0
20.789900806,0,1
20.789942376,0,0
20.789983472,0,1
20.790006726,1,1
20.790026020,1,0
20.790067116,1,1
20.790088546,0,1
20.790108692,0,0
20.790149786,0,1
20.790173044,1,1
20.790192338,1,0
20.790233426,1,1
20.790275980,1,0
20.790317066,1,1
20.790338494,0,1
20.790358640,0,0
20.790399730,0,1
20.790441292,0,0
20.790484844,0,1
20.790526406,0,0
20.790564544,0,1
20.790587802,1,1
20.790607096,1,0
20.790651632,1,1
20.810392870,0,1
20.810404652,0,0
20.810447222,0,1
20.810488788,0,0
20.810529886,0,1
20.810571454,0,0
20.810612548,0,1
20.810654120,0,0
20.810695218,0,1
20.810736788,0,0
20.810777888,0,1
20.810801148,1,1
20.810820442,1,0
20.810861534,1,1
20.810904094,1,0
20.810945182,1,1
20.810987738,1,0
20.811028826,1,1
20.811071390,1,0
20.811114934,1,1
20.811157496,1,0
20.811195634,1,1
20.811238188,1,0
20.811282722,1,1
20.814908320,0,1
20.814920102,0,0
20.814962676,0,1
20.814985940,1,1
20.815005236,1,0
20.815046336,1,1
20.815088912,1,0
20.815130012,1,1
20.815151442,0,1
20.815171592,0,0
20.815212692,0,1
20.815235954,1,1
20.815255250,1,0
20.815296340,1,1
20.815317770,0,1
20.815337920,0,0
20.815379014,0,1
20.815379020,0,0
20.815379022,0,1
20.815402270,1,1
20.815421564,1,0
20.815462646,1,1
20.815484078,0,1
20.815504224,0,0
20.815545314,0,1
20.815586876,0,0
20.815630432,0,1
20.815653688,1,1
20.815672980,1,0
20.815711112,1,1
20.815753668,1,0
20.815798192,1,1
20.819423852,0,1
20.819435634,0,0
20.819478204,0,1
20.819519770,0,0
20.819560870,0,1
20.819602438,0,0
20.819643532,0,1
20.819685104,0,0
20.819726204,0,1
20.819767770,0,0
20.819808866,0,1
20.819832124,1,1
20.819851416,1,0
20.819892504,1,1
20.819935064,1,0
20.819976154,1,1
20.820018704,1,0
20.820059792,1,1
20.820102352,1,0
20.820145902,1,1
20.820188456,1,0
20.820226592,1,1
20.820269148,1,0
20.820313678,1,1
20.823940420,0,1
20.823952202,0,0
20.823994770,0,1
20.824036338,0,0
20.824077434,0,1
20.824119006,0,0
20.824160102,0,1
20.824183358,1,1
20.824202652,1,0
20.824243740,1,1
20.824265168,0,1
20.824285318,0,0
20.824326414,0,1
20.824349668,1,1
20.824368960,1,0
20.824410046,1,1
20.824410052,1,0
20.824410054,1,1
20.824452606,1,0
20.824493692,1,1
20.824515122,0,1
20.824535270,0,0
20.824576362,0,1
20.824617930,0,0
20.824661482,0,1
20.824703050,0,0
20.824741196,0,1
20.824764452,1,1
20.824783744,1,0
20.824828280,1,1
20.869684384,0,1
20.869696166,0,0
20.869738734,0,1
20.869780304,0,0
20.869821394,0,1
20.869862956,0,0
20.869904048,0,1
20.869927300,1,1
20.869946592,1,0
20.869987674,1,1
20.870009102,0,1
20.870029246,0,0
20.870070338,0,1
20.870093590,1,1
20.870112884,1,0
20.870153966,1,1
20.870196520,1,0
20.870237604,1,1
20.870259032,0,1
20.870279176,0,0
20.870320264,0,1
20.870361826,0,0
20.870405376,0,1
20.870446942,0,0
20.870485076,0,1
20.870508332,1,1
20.870527626,1,0
20.870572156,1,1
20.946755252,0,1
20.946767032,0,0
20.946809596,0,1
20.946832844,1,1
20.946852138,1,0
20.946893222,1,1
20.946935772,1,0
20.946976854,1,1
20.946976858,1,0
20.946976862,1,1
20.946998284,0,1
20.947018428,0,0
20.947059520,0,1
20.947082774,1,1
20.947102066,1,0
20.947143150,1,1
20.947164576,0,1
20.947184724,0,0
20.947225818,0,1
20.947249074,1,1
20.947268364,1,0
20.947309446,1,1
20.947330872,0,1
20.947351018,0,0
20.947392110,0,1
20.947433674,0,0
20.947477226,0,1
20.947500482,1,1
20.947519778,1,0
20.947557926,1,1
20.947600500,1,0
20.947645042,1,1
20.964316516,0,1
20.964328300,0,0
20.964370888,0,1
20.964412472,0,0
20.964453578,0,1
20.964495168,0,0
20.964536282,0,1
20.964577870,0,0
20.964618986,0,1
20.964660574,0,0
20.964701684,0,1
20.964724950,1,1
20.964744250,1,0
20.964785356,1,1
20.964827930,1,0
20.964869034,1,1
20.964911608,1,0
20.964952716,1,1
20.964995284,1,0
20.965038850,1,1
20.965081424,1,0
20.965119570,1,1
20.965162140,1,0
20.965206690,1,1
20.968834124,0,1
20.968845912,0,0
20.968888500,0,1
20.968911764,1,1
20.968931064,1,0
20.968972176,1,1
20.969014754,1,0
20.969055864,1,1
20.969077304,0,1
20.969097464,0,0
20.969138578,0,1
20.969161846,1,1
20.969181152,1,0
20.969222264,1,1
20.969243704,0,1
20.969263864,0,0
20.969304980,0,1
20.969328248,1,1
20.969347552,1,0
20.969388660,1,1
20.969410098,0,1
20.969430258,0,0
20.969471374,0,1
20.969512964,0,0
20.969556536,0,1
20.969579806,1,1
20.969599108,1,0
20.969637260,1,1
20.969679838,1,0
20.969724390,1,1
20.981659214,0,1
20.981671004,0,0
20.981713590,0,1
20.981755180,0,0
20.981796290,0,1
20.981837884,0,0
20.981878998,0,1
20.981920588,0,0
20.981961702,0,1
20.982003292,0,0
20.982044404,0,1
20.982067676,1,1
20.982086978,1,0
20.982128084,1,1
20.982170658,1,0
20.982211768,1,1
20.982254342,1,0
20.982295446,1,1
20.982338020,1,0
20.982381586,1,1
20.982424160,1,0
20.982462314,1,1
20.982462320,1,0
20.982462322,1,1
20.982504890,1,0
20.982549442,1,1
20.986177794,0,1
20.986189582,0,0
20.986232168,0,1
20.986273758,0,0
20.986314870,0,1
20.986356456,0,0
20.986397574,0,1
20.986420838,1,1
20.986440140,1,0
20.986481244,1,1
20.986502676,0,1
20.986522830,0,0
20.986563944,0,1
20.986587210,1,1
20.986606510,1,0
20.986647620,1,1
20.986690196,1,0
20.986731302,1,1
20.986752740,0,1
20.986772896,0,0
20.986814006,0,1
20.986814012,0,0
20.986814014,0,1
20.986855598,0,0
20.986899172,0,1
20.986940762,0,0
20.986978920,0,1
20.987002184,1,1
20.987021486,1,0
20.987066038,1,1
21.106809274,0,1
21.106821070,0,0
21.106863672,0,1
21.106905270,0,0
21.106946394,0,1
21.106969666,1,1
21.106988970,1,0
21.107030084,1,1
21.107072668,1,0
21.107113786,1,1
21.107113792,1,0
21.107113794,1,1
21.107135228,0,1
21.107155386,0,0
21.107196516,0,1
21.107219786,1,1
21.107239092,1,0
21.107280198,1,1
21.107322776,1,0
21.107363882,1,1
21.107385320,0,1
21.107405476,0,0
21.107446596,0,1
21.107488194,0,0
21.107531784,0,1
21.107555054,1,1
21.107574360,1,0
21.107612518,1,1
21.107655100,1,0
21.107699656,1,1
21.115018238,0,1
21.115030028,0,0
21.115072616,0,1
21.115114206,0,0
21.115155324,0,1
21.115178586,1,1
21.115197892,1,0
21.115239000,1,1
21.115281576,1,0
21.115322680,1,1
21.115365262,1,0
21.115406374,1,1
21.115427812,0,1
21.115447968,0,0
21.115489084,0,1
21.115512352,1,1
21.115531654,1,0
21.115572758,1,1
21.115594198,0,1
21.115614356,0,0
21.115655470,0,1
21.115697058,0,0
21.115740628,0,1
21.115763898,1,1
21.115783198,1,0
21.115821354,1,1
21.115863926,1,0
21.115908476,1,1
21.134996204,0,1
21.135008004,0,0
21.135050642,0,1
21.135092272,0,0
21.135133430,0,1
21.135175062,0,0
21.135216226,0,1
21.135239518,1,1
21.135258838,1,0
21.135299994,1,1
21.135321454,0,1
21.135341632,0,0
21.135382790,0,1
21.135424424,0,0
21.135465584,0,1
21.135488874,1,1
21.135508192,1,0
21.135549342,1,1
21.135570802,0,1
21.135590980,0,0
21.135632136,0,1
21.135673770,0,0
21.135717394,0,1
21.135740686,1,1
21.135760008,1,0
21.135798202,1,1
21.135840822,1,0
21.135885416,1,1
21.192706342,0,1
21.192718124,0,0
21.192760696,0,1
21.192802262,0,0
21.192843356,0,1
21.192843362,0,0
21.192843364,0,1
21.192884924,0,0
21.192926016,0,1
21.192967588,0,0
21.193008684,0,1
21.193050252,0,0
21.193091350,0,1
21.193114610,1,1
21.193133902,1,0
21.193174990,1,1
21.193217548,1,0
21.193258638,1,1
21.193301194,1,0
21.193342278,1,1
21.193384836,1,0
21.193428378,1,1
21.193470932,1,0
21.193509066,1,1
21.193551614,1,0
21.193596140,1,1
21.197221640,0,1
21.197233422,0,0
21.197275986,0,1
21.197317556,0,0
21.197358652,0,1
21.197381904,1,1
21.197401196,1,0
21.197442284,1,1
21.197484838,1,0
21.197525920,1,1
21.197525924,1,0
21.197525926,1,1
21.197547352,0,1
21.197567498,0,0
21.197608594,0,1
21.197631846,1,1
21.197651138,1,0
21.197692226,1,1
21.197734784,1,0
21.197775868,1,1
21.197797298,0,1
21.197817446,0,0
21.197858538,0,1
21.197900104,0,0
21.197943660,0,1
21.197966916,1,1
21.197986208,1,0
21.198024340,1,1
21.198066894,1,0
21.198111428,1,1
21.244939950,0,1
21.244951728,0,0
21.244994288,0,1
21.245035852,0,0
21.245076944,0,1
21.245118506,0,0
21.245159602,0,1
21.245201170,0,0
21.245242262,0,1
21.245283836,0,0
21.245324928,0,1
21.245348180,1,1
21.245367474,1,0
21.245408558,1,1
21.245451112,1,0
21.245492196,1,1
21.245534750,1,0
21.245575832,1,1
21.245575836,1,0
21.245575838,1,1
21.245618386,1,0
21.245661930,1,1
21.245704486,1,0
21.245742616,1,1
21.245785172,1,0
21.245829702,1,1
21.249455394,0,1
21.249467178,0,0
21.249509746,0,1
21.249551312,0,0
21.249592404,0,1
21.249615660,1,1
21.249634954,1,0
21.249676044,1,1
21.249718598,1,0
21.249759684,1,1
21.249802234,1,0
21.249843320,1,1
21.249864748,0,1
21.249884894,0,0
21.249925990,0,1
21.249949242,1,1
21.249968534,1,0
21.250009618,1,1
21.250031046,0,1
21.250051190,0,0
21.250092288,0,1
21.250133860,0,0
21.250177416,0,1
21.250200676,1,1
21.250219968,1,0
21.250258104,1,1
21.250300662,1,0
21.250345188,1,1
21.267420774,0,1
21.267432558,0,0
21.267475120,0,1
21.267516686,0,0
21.267557782,0,1
21.267599350,0,0
21.267640438,0,1
21.267682006,0,0
21.267723102,0,1
21.267764668,0,0
21.267805764,0,1
21.267829022,1,1
21.267848314,1,0
21.267889398,1,1
21.267931954,1,0
21.267973042,1,1
21.268015594,1,0
21.268056678,1,1
21.268099238,1,0
21.268142786,1,1
21.268185342,1,0
21.268223476,1,1
21.268266028,1,0
21.268310554,1,1
21.271940024,0,1
21.271951806,0,0
21.271994374,0,1
21.272035940,0,0
21.272077034,0,1
21.272118604,0,0
21.272159700,0,1
21.272182956,1,1
21.272202246,1,0
21.272243330,1,1
21.272264760,0,1
21.272284912,0,0
21.272326012,0,1
21.272367584,0,0
21.272408676,0,1
21.272431930,1,1
21.272451220,1,0
21.272492300,1,1
21.272513728,0,1
21.272533876,0,0
21.272574968,0,1
21.272616530,0,0
21.272660084,0,1
21.272683338,1,1
21.272702628,1,0
21.272740762,1,1
21.272783312,1,0
21.272827842,1,1
21.312543988,0,1
21.312555774,0,0
21.312598368,0,1
21.312639962,0,0
21.312681084,0,1
21.312704354,1,1
21.312723656,1,0
21.312764754,1,1
21.312807314,1,0
21.312848402,1,1
21.312890958,1,0
21.312932044,1,1
21.312953472,0,1
21.312973620,0,0
21.313014712,0,1
21.313037964,1,1
21.313057256,1,0
21.313098346,1,1
21.313119770,0,1
21.313139916,0,0
21.313181008,0,1
21.313181014,0,0
21.313181018,0,1
21.313222578,0,0
21.313266132,0,1
21.313289384,1,1
21.313308676,1,0
21.313346806,1,1
21.313389358,1,0
21.313433886,1,1
21.323496306,0,1
21.323508092,0,0
21.323550664,0,1
21.323550668,0,0
21.323550670,0,1
21.323592242,0,0
21.323633342,0,1
21.323656598,1,1
21.323675894,1,0
21.323716986,1,1
21.323759548,1,0
21.323800636,1,1
21.323822068,0,1
21.323842216,0,0
21.323883314,0,1
21.323906572,1,1
21.323925868,1,0
21.323966960,1,1
21.324009518,1,0
21.324050608,1,1
21.324072038,0,1
21.324092186,0,0
21.324133284,0,1
21.324174856,0,0
21.324218416,0,1
21.324241674,1,1
21.324260968,1,0
21.324299108,1,1
21.324341670,1,0
21.324386202,1,1
21.362410514,0,1
21.362422298,0,0
21.362464866,0,1
21.362506436,0,0
21.362547530,0,1
21.362589100,0,0
21.362630196,0,1
21.362653454,1,1
21.362672748,1,0
21.362713838,1,1
21.362735266,0,1
21.362755416,0,0
21.362796508,0,1
21.362838078,0,0
21.362879176,0,1
21.362902432,1,1
21.362921726,1,0
21.362962812,1,1
21.362984242,0,1
21.363004388,0,0
21.363045484,0,1
21.363087054,0,0
21.363130612,0,1
21.363153870,1,1
21.363173162,1,0
21.363211302,1,1
21.363253860,1,0
21.363298394,1,1
21.395140162,0,1
21.395151942,0,0
21.395194508,0,1
21.395236068,0,0
21.395277152,0,1
21.395318720,0,0
21.395359816,0,1
21.395401378,0,0
21.395442464,0,1
21.395484036,0,0
21.395525126,0,1
21.395548380,1,1
21.395567672,1,0
21.395608754,1,1
21.395651304,1,0
21.395692386,1,1
21.395734934,1,0
21.395776018,1,1
21.395818568,1,0
21.395862110,1,1
21.395904662,1,0
21.395942790,1,1
21.395985338,1,0
21.396029866,1,1
21.399655366,0,1
21.399667148,0,0
21.399709716,0,1
21.399751282,0,0
21.399792374,0,1
21.399815630,1,1
21.399834922,1,0
21.399876006,1,1
21.399918558,1,0
21.399959640,1,1
21.399981064,0,1
21.400001208,0,0
21.400042296,0,1
21.400065550,1,1
21.400084844,1,0
21.400125930,1,1
21.400168484,1,0
21.400209568,1,1
21.400230998,0,1
21.400251142,0,0
21.400292234,0,1
21.400333800,0,0
21.400377350,0,1
21.400400606,1,1
21.400419896,1,0
21.400458030,1,1
21.400500580,1,0
21.400545108,1,1
21.407253752,0,1
21.407265538,0,0
21.407308118,0,1
21.407349690,0,0
21.407390790,0,1
21.407432366,0,0
21.407473466,0,1
21.407515040,0,0
21.407556138,0,1
21.407597714,0,0
21.407638808,0,1
21.407662068,1,1
21.407681364,1,0
21.407722456,1,1
21.407765008,1,0
21.407806104,1,1
21.407848662,1,0
21.407889754,1,1
21.407932312,1,0
21.407975868,1,1
21.408018424,1,0
21.408056566,1,1
21.408099132,1,0
21.408143666,1,1
21.408143672,1,0
21.408143674,1,1
21.411773566,0,1
21.411785350,0,0
21.411827914,0,1
21.411869486,0,0
21.411910578,0,1
21.411952144,0,0
21.411993242,0,1
21.412016494,1,1
21.412035788,1,0
21.412076876,1,1
21.412098306,0,1
21.412118456,0,0
21.412159552,0,1
21.412201120,0,0
21.412242214,0,1
21.412265470,1,1
21.412284764,1,0
21.412325846,1,1
21.412347276,0,1
21.412367424,0,0
21.412408520,0,1
21.412450088,0,0
21.412493646,0,1
21.412516900,1,1
21.412536194,1,0
21.412574330,1,1
21.412616880,1,0
21.412661414,1,1
21.419439694,0,1
21.419451476,0,0
21.419494056,0,1
21.419535626,0,0
21.419576724,0,1
21.419618292,0,0
21.419659384,0,1
21.419700950,0,0
21.419742046,0,1
21.419783614,0,0
21.419824704,0,1
21.419847962,1,1
21.419867254,1,0
21.419908342,1,1
21.419950896,1,0
21.419991982,1,1
21.420034540,1,0
21.420075628,1,1
21.420118186,1,0
21.420161734,1,1
21.420204284,1,0
21.420242418,1,1
21.420284976,1,0
21.420329500,1,1
21.423955008,0,1
21.423966790,0,0
21.424009358,0,1
21.424050928,0,0
21.424092038,0,1
21.424115292,1,1
21.424134586,1,0
21.424175676,1,1
21.424218236,1,0
21.424259324,1,1
21.424301876,1,0
21.424342962,1,1
21.424364392,0,1
21.424384538,0,0
21.424425632,0,1
21.424448890,1,1
21.424468186,1,0
21.424509274,1,1
21.424530700,0,1
21.424550848,0,0
21.424591944,0,1
21.424633514,0,0
21.424677068,0,1
21.424677074,0,0
21.424677078,0,1
21.424700330,1,1
21.424719624,1,0
21.424757764,1,1
21.424800318,1,0
21.424844854,1,1
21.480271100,0,1
21.480282882,0,0
21.480325450,0,1
21.480367016,0,0
21.480408112,0,1
21.480431368,1,1
21.480450662,1,0
21.480491748,1,1
21.480534304,1,0
21.480575392,1,1
21.480617946,1,0
21.480659034,1,1
21.480680460,0,1
21.480700606,0,0
21.480741696,0,1
21.480764952,1,1
21.480784242,1,0
21.480825334,1,1
21.480846760,0,1
21.480866906,0,0
21.480907998,0,1
21.480908004,0,0
21.480908006,0,1
21.480949568,0,0
21.480993128,0,1
21.481016380,1,1
21.481035674,1,0
21.481073810,1,1
21.481116376,1,0
21.481160904,1,1
21.527522236,0,1
21.527534026,0,0
21.527576608,0,1
21.527618184,0,0
21.527659282,0,1
21.527700856,0,0
21.527741960,0,1
21.527783530,0,0
21.527824632,0,1
21.527866206,0,0
21.527907300,0,1
21.527930560,1,1
21.527949854,1,0
21.527990948,1,1
21.528033508,1,0
21.528074600,1,1
21.528117164,1,0
21.528158252,1,1
21.528200814,1,0
21.528244368,1,1
21.528286924,1,0
21.528325064,1,1
21.528367620,1,0
21.528412154,1,1
21.532037752,0,1
21.532049534,0,0
21.532092102,0,1
21.532133668,0,0
21.532174764,0,1
21.532198018,1,1
21.532217312,1,0
21.532258402,1,1
21.532300954,1,0
21.532342036,1,1
21.532342040,1,0
21.532342044,1,1
21.532384594,1,0
21.532425676,1,1
21.532447104,0,1
21.532467252,0,0
21.532508346,0,1
21.532531600,1,1
21.532550888,1,0
21.532591978,1,1
21.532613406,0,1
21.532633554,0,0
21.532674642,0,1
21.532716214,0,0
21.532759770,0,1
21.532783022,1,1
21.532802314,1,0
21.532840452,1,1
21.532883004,1,0
21.532927534,1,1
21.692379554,0,1
21.692391336,0,0
21.692433900,0,1
21.692457152,1,1
21.692476444,1,0
21.692517530,1,1
21.692560078,1,0
21.692601162,1,1
21.692622590,0,1
21.692642736,0,0
21.692683826,0,1
21.692725396,0,0
21.692766490,0,1
21.692808056,0,0
21.692849144,0,1
21.692872400,1,1
21.692891692,1,0
21.692932778,1,1
21.692954206,0,1
21.692974352,0,0
21.693015446,0,1
21.693057016,0,0
21.693100574,0,1
21.693142144,0,0
21.693180290,0,1
21.693203544,1,1
21.693222838,1,0
21.693267372,1,1
21.696894084,0,1
21.696905868,0,0
21.696948438,0,1
21.696990006,0,0
21.697031102,0,1
21.697072672,0,0
21.697113768,0,1
21.697137028,1,1
21.697156320,1,0
21.697197416,1,1
21.697218846,0,1
21.697238994,0,0
21.697280094,0,1
21.697303354,1,1
21.697322650,1,0
21.697363748,1,1
21.697406314,1,0
21.697447412,1,1
21.697468846,0,1
21.697489002,0,0
21.697530108,0,1
21.697571686,0,0
21.697615258,0,1
21.697656836,0,0
21.697694984,0,1
21.697694988,0,0
21.697694992,0,1
21.697718250,1,1
21.697737552,1,0
21.697782096,1,1
21.714455094,0,1
21.714466884,0,0
21.714509482,0,1
21.714551076,0,0
21.714592204,0,1
21.714633804,0,0
21.714674940,0,1
21.714716540,0,0
21.714757674,0,1
21.714799262,0,0
21.714840372,0,1
21.714863634,1,1
21.714882930,1,0
21.714924028,1,1
21.714966590,1,0
21.715007680,1,1
21.715050242,1,0
21.715091332,1,1
21.715133890,1,0
21.715177446,1,1
21.715220000,1,0
21.715258132,1,1
21.715300690,1,0
21.715345222,1,1
21.718972156,0,1
21.718983940,0,0
21.719026506,0,1
21.719026512,0,0
21.719026514,0,1
21.719068076,0,0
21.719109172,0,1
21.719150744,0,0
21.719191846,0,1
21.719215104,1,1
21.719234404,1,0
21.719275498,1,1
21.719296932,0,1
21.719317080,0,0
21.719358180,0,1
21.719381438,1,1
21.719400734,1,0
21.719441820,1,1
21.719484380,1,0
21.719525466,1,1
21.719546894,0,1
21.719567042,0,0
21.719608138,0,1
21.719649706,0,0
21.719693262,0,1
21.719734826,0,0
21.719772970,0,1
21.719796222,1,1
21.719815514,1,0
21.719860044,1,1
21.726638624,0,1
21.726650408,0,0
21.726692980,0,1
21.726734548,0,0
21.726775646,0,1
21.726817218,0,0
21.726858314,0,1
21.726899884,0,0
21.726940978,0,1
21.726982548,0,0
21.727023644,0,1
21.727046900,1,1
21.727066192,1,0
21.727107282,1,1
21.727149838,1,0
21.727190928,1,1
21.727233490,1,0
21.727274584,1,1
21.727317148,1,0
21.727360706,1,1
21.727403262,1,0
21.727441398,1,1
21.727483964,1,0
21.727528514,1,1
21.731155316,0,1
21.731167098,0,0
21.731209672,0,1
21.731232922,1,1
21.731252216,1,0
21.731293308,1,1
21.731335868,1,0
21.731376954,1,1
21.731398382,0,1
21.731418530,0,0
21.731459624,0,1
21.731501192,0,0
21.731542288,0,1
21.731583854,0,0
21.731624950,0,1
21.731648204,1,1
21.731667498,1,0
21.731708590,1,1
21.731730016,0,1
21.731750162,0,0
21.731791256,0,1
21.731832824,0,0
21.731876378,0,1
21.731917948,0,0
21.731956090,0,1
21.731979344,1,1
21.731998638,1,0
21.732043168,1,1
21.766666232,0,1
21.766678014,0,0
21.766720582,0,1
21.766762142,0,0
21.766803238,0,1
21.766844798,0,0
21.766885890,0,1
21.766909148,1,1
21.766928438,1,0
21.766969524,1,1
21.766990952,0,1
21.767011096,0,0
21.767052184,0,1
21.767075440,1,1
21.767094732,1,0
21.767135816,1,1
21.767178370,1,0
21.767219458,1,1
21.767240886,0,1
21.767261034,0,0
21.767302126,0,1
21.767343694,0,0
21.767387248,0,1
21.767428810,0,0
21.767466952,0,1
21.767490208,1,1
21.767509496,1,0
21.767554016,1,1
22.128391140,0,1
22.128402922,0,0
22.128445486,0,1
22.128468736,1,1
22.128488026,1,0
22.128529106,1,1
22.128571656,1,0
22.128612734,1,1
22.128634158,0,1
22.128654302,0,0
22.128695388,0,1
22.128736954,0,0
22.128778052,0,1
22.128819618,0,0
22.128860716,0,1
22.128883966,1,1
22.128903260,1,0
22.128944344,1,1
22.128965774,0,1
22.128985922,0,0
22.129027014,0,1
22.129068580,0,0
22.129112136,0,1
22.129153704,0,0
22.129191846,0,1
22.129215098,1,1
22.129234390,1,0
22.129278924,1,1
22.156586966,0,1
22.156598748,0,0
22.156641318,0,1
22.156682884,0,0
22.156723980,0,1
22.156765552,0,0
22.156806650,0,1
22.156848220,0,0
22.156889316,0,1
22.156930884,0,0
22.156971978,0,1
22.156995236,1,1
22.157014532,1,0
22.157055620,1,1
22.157098184,1,0
22.157139278,1,1
22.157181836,1,0
22.157222926,1,1
22.157265484,1,0
22.157309036,1,1
22.157351594,1,0
22.157389730,1,1
22.157432286,1,0
22.157476816,1,1
22.161103524,0,1
22.161115304,0,0
22.161157868,0,1
22.161199442,0,0
22.161240538,0,1
22.161282104,0,0
22.161323200,0,1
22.161346454,1,1
22.161365750,1,0
22.161406832,1,1
22.161428264,0,1
22.161448414,0,0
22.161489510,0,1
22.161512766,1,1
22.161532062,1,0
22.161573146,1,1
22.161573148,1,0
22.161573154,1,1
22.161615708,1,0
22.161656796,1,1
22.161678224,0,1
22.161698372,0,0
22.161739468,0,1
22.161781038,0,0
22.161824596,0,1
22.161866170,0,0
22.161904314,0,1
22.161927572,1,1
22.161946862,1,0
22.161991398,1,1
22.171369758,0,1
22.171381540,0,0
22.171424110,0,1
22.171465682,0,0
22.171506778,0,1
22.171548350,0,0
22.171589446,0,1
22.171631016,0,0
22.171672110,0,1
22.171713682,0,0
22.171754778,0,1
22.171778038,1,1
22.171797332,1,0
22.171838424,1,1
22.171880984,1,0
22.171922072,1,1
22.171964634,1,0
22.172005722,1,1
22.172048280,1,0
22.172091836,1,1
22.172134396,1,0
22.172172532,1,1
22.172215090,1,0
22.172259622,1,1
22.175885574,0,1
22.175897350,0,0
22.175939896,0,1
22.175963138,1,1
22.175982424,1,0
22.176023492,1,1
22.176066030,1,0
22.176107100,1,1
22.176128520,0,1
22.176148660,0,0
22.176189734,0,1
22.176231284,0,0
22.176272360,0,1
22.176313918,0,0
22.176355020,0,1
22.176378284,1,1
22.176397580,1,0
22.176438672,1,1
22.176460100,0,1
22.176480248,0,0
22.176521338,0,1
22.176562912,0,0
22.176606464,0,1
22.176648034,0,0
22.176686176,0,1
22.176709432,1,1
22.176728724,1,0
22.176773256,1,1
22.219342046,0,1
22.219353830,0,0
22.219396404,0,1
22.219396408,0,0
22.219396412,0,1
22.219419670,1,1
22.219438964,1,0
22.219480064,1,1
22.219522634,1,0
22.219563740,1,1
22.219585174,0,1
22.219605328,0,0
22.219646440,0,1
22.219688024,0,0
22.219729134,0,1
22.219770714,0,0
22.219811822,0,1
22.219835090,1,1
22.219854386,1,0
22.219895486,1,1
22.219895492,1,0
22.219895496,1,1
22.219916928,0,1
22.219937086,0,0
22.219978198,0,1
22.220019776,0,0
22.220063350,0,1
22.220104938,0,0
22.220143098,0,1
22.220166360,1,1
22.220185662,1,0
22.220230212,1,1
22.329871702,0,1
22.329883486,0,0
22.329926058,0,1
22.329949312,1,1
22.329968600,1,0
22.330009686,1,1
22.330052240,1,0
22.330093330,1,1
22.330114756,0,1
22.330134904,0,0
22.330176000,0,1
22.330199254,1,1
22.330218550,1,0
22.330259638,1,1
22.330281068,0,1
22.330301218,0,0
22.330342314,0,1
22.330365572,1,1
22.330384862,1,0
22.330425950,1,1
22.330425952,1,0
22.330425956,1,1
22.330447382,0,1
22.330467530,0,0
22.330508624,0,1
22.330550196,0,0
22.330593754,0,1
22.330617012,1,1
22.330636308,1,0
22.330674450,1,1
22.330717006,1,0
22.330761536,1,1
22.353175898,0,1
22.353187682,0,0
22.353230254,0,1
22.353271826,0,0
22.353312922,0,1
22.353354492,0,0
22.353395588,0,1
22.353437158,0,0
22.353478254,0,1
22.353519824,0,0
22.353560918,0,1
22.353584176,1,1
22.353603470,1,0
22.353644560,1,1
22.353687116,1,0
22.353728204,1,1
22.353770762,1,0
22.353811848,1,1
22.353854404,1,0
22.353897950,1,1
22.353940506,1,0
22.353978636,1,1
22.354021196,1,0
22.354065730,1,1
22.357691448,0,1
22.357703230,0,0
22.357745798,0,1
22.357769052,1,1
22.357788344,1,0
22.357829430,1,1
22.357871982,1,0
22.357913064,1,1
22.357934494,0,1
22.357954644,0,0
22.357995740,0,1
22.358018994,1,1
22.358038286,1,0
22.358079382,1,1
22.358100810,0,1
22.358120956,0,0
22.358162052,0,1
22.358185308,1,1
22.358204600,1,0
22.358245686,1,1
22.358267112,0,1
22.358287256,0,0
22.358328350,0,1
22.358369920,0,0
22.358413472,0,1
22.358436726,1,1
22.358456022,1,0
22.358494156,1,1
22.358536708,1,0
22.358581236,1,1
22.380803104,0,1
22.380814880,0,0
22.380857430,0,1
22.380898978,0,0
22.380940048,0,1
22.380981600,0,0
22.381022678,0,1
22.381064230,0,0
22.381105322,0,1
22.381146902,0,0
22.381188010,0,1
22.381211268,1,1
22.381230562,1,0
22.381271658,1,1
22.381314214,1,0
22.381355302,1,1
22.381397858,1,0
22.381438946,1,1
22.381481502,1,0
22.381525052,1,1
22.381567608,1,0
22.381605742,1,1
22.381648294,1,0
22.381692828,1,1
22.385319658,0,1
22.385331440,0,0
22.385374008,0,1
22.385397264,1,1
22.385416556,1,0
22.385457644,1,1
22.385500200,1,0
22.385541286,1,1
22.385562714,0,1
22.385582862,0,0
22.385623960,0,1
22.385665528,0,0
22.385706626,0,1
22.385748200,0,0
22.385789302,0,1
22.385812556,1,1
22.385831850,1,0
22.385872942,1,1
22.385894372,0,1
22.385914520,0,0
22.385955620,0,1
22.385997190,0,0
22.386040746,0,1
22.386082318,0,0
22.386120464,0,1
22.386143720,1,1
22.386163014,1,0
22.386207548,1,1
24.580764614,0,1
24.580776398,0,0
24.580818964,0,1
24.580842220,1,1
24.580861510,1,0
24.580902600,1,1
24.580945156,1,0
24.580986238,1,1
24.581007666,0,1
24.581027814,0,0
24.581068912,0,1
24.581092174,1,1
24.581111468,1,0
24.581152556,1,1
24.581173988,0,1
24.581194136,0,0
24.581235230,0,1
24.581258486,1,1
24.581277780,1,0
24.581318868,1,1
24.581340296,0,1
24.581360442,0,0
24.581401530,0,1
24.581443094,0,0
24.581486646,0,1
24.581509900,1,1
24.581529192,1,0
24.581567330,1,1
24.581609884,1,0
24.581654414,1,1
24.627190662,0,1
24.627202444,0,0
24.627245010,0,1
24.627286572,0,0
24.627327662,0,1
24.627369228,0,0
24.627410318,0,1
24.627433570,1,1
24.627452862,1,0
24.627493950,1,1
24.627515384,0,1
24.627535534,0,0
24.627576630,0,1
24.627599888,1,1
24.627619182,1,0
24.627660268,1,1
24.627702820,1,0
24.627743910,1,1
24.627765334,0,1
24.627785482,0,0
24.627826570,0,1
24.627868134,0,0
24.627911686,0,1
24.627953252,0,0
24.627991394,0,1
24.628014648,1,1
24.628033938,1,0
24.628078470,1,1
24.647234340,0,1
24.647246124,0,0
24.647288692,0,1
24.647330258,0,0
24.647371352,0,1
24.647412920,0,0
24.647454012,0,1
24.647495578,0,0
24.647536672,0,1
24.647578242,0,0
24.647619336,0,1
24.647642592,1,1
24.647661888,1,0
24.647702976,1,1
24.647745530,1,0
24.647786618,1,1
24.647829170,1,0
24.647870258,1,1
24.647912812,1,0
24.647956358,1,1
24.647998910,1,0
24.648037044,1,1
24.648079596,1,0
24.648124124,1,1
24.651751042,0,1
24.651762824,0,0
24.651805388,0,1
24.651846956,0,0
24.651888048,0,1
24.651929616,0,0
24.651970708,0,1
24.651993964,1,1
24.652013254,1,0
24.652054336,1,1
24.652075764,0,1
24.652095912,0,0
24.652137002,0,1
24.652160258,1,1
24.652179548,1,0
24.652220638,1,1
24.652263194,1,0
24.652304282,1,1
24.652325712,0,1
24.652345862,0,0
24.652386958,0,1
24.652428528,0,0
24.652472082,0,1
24.652513652,0,0
24.652551796,0,1
24.652575048,1,1
24.652594344,1,0
24.652638880,1,1
24.664568848,0,1
24.664580630,0,0
24.664623196,0,1
24.664664762,0,0
24.664705858,0,1
24.664747428,0,0
24.664788526,0,1
24.664830098,0,0
24.664871192,0,1
24.664912762,0,0
24.664953862,0,1
24.664977120,1,1
24.664996412,1,0
24.665037502,1,1
24.665080064,1,0
24.665121152,1,1
24.665163710,1,0
24.665204802,1,1
24.665247358,1,0
24.665290900,1,1
24.665290904,1,0
24.665290908,1,1
24.665333462,1,0
24.665371598,1,1
24.665414150,1,0
24.665458684,1,1
24.669084532,0,1
24.669096318,0,0
24.669138892,0,1
24.669162152,1,1
24.669181444,1,0
24.669222530,1,1
24.669222534,1,0
24.669222538,1,1
24.669265094,1,0
24.669306182,1,1
24.669327612,0,1
24.669347760,0,0
24.669388856,0,1
24.669412116,1,1
24.669431410,1,0
24.669472496,1,1
24.669493930,0,1
24.669514080,0,0
24.669555178,0,1
24.669578436,1,1
24.669597730,1,0
24.669638822,1,1
24.669660252,0,1
24.669680402,0,0
24.669721496,0,1
24.669763068,0,0
24.669806626,0,1
24.669806630,0,0
24.669806634,0,1
24.669829886,1,1
24.669849180,1,0
24.669887320,1,1
24.669929880,1,0
24.669974414,1,1
24.717414254,0,1
24.717426036,0,0
24.717468606,0,1
24.717510174,0,0
24.717551266,0,1
24.717592834,0,0
24.717633928,0,1
24.717657184,1,1
24.717676478,1,0
24.717717558,1,1
24.717738988,0,1
24.717759134,0,0
24.717800218,0,1
24.717823470,1,1
24.717842762,1,0
24.717883852,1,1
24.717926402,1,0
24.717967484,1,1
24.717988910,0,1
24.718009060,0,0
24.718050154,0,1
24.718091720,0,0
24.718135276,0,1
24.718176846,0,0
24.718214992,0,1
24.718238246,1,1
24.718257540,1,0
24.718302076,1,1
24.749813870,0,1
24.749825652,0,0
24.749868222,0,1
24.749891478,1,1
24.749910770,1,0
24.749951858,1,1
24.749994416,1,0
24.750035508,1,1
24.750056936,0,1
24.750077086,0,0
24.750118190,0,1
24.750141444,1,1
24.750160740,1,0
24.750201828,1,1
24.750223256,0,1
24.750243404,0,0
24.750284502,0,1
24.750307758,1,1
24.750327052,1,0
24.750368140,1,1
24.750389570,0,1
24.750409720,0,0
24.750450818,0,1
24.750492386,0,0
24.750535942,0,1
24.750559200,1,1
24.750578492,1,0
24.750616632,1,1
24.750659188,1,0
24.750703720,1,1
24.791001244,0,1
24.791013026,0,0
24.791055590,0,1
24.791097160,0,0
24.791138256,0,1
24.791179826,0,0
24.791220920,0,1
24.791262490,0,0
24.791303586,0,1
24.791345146,0,0
24.791386236,0,1
24.791409492,1,1
24.791428780,1,0
24.791469862,1,1
24.791512410,1,0
24.791553494,1,1
24.791596046,1,0
24.791637128,1,1
24.791679678,1,0
24.791723224,1,1
24.791765776,1,0
24.791803908,1,1
24.791846462,1,0
24.791890980,1,1
24.791890986,1,0
24.791890988,1,1
24.795516326,0,1
24.795528108,0,0
24.795570670,0,1
24.795593928,1,1
24.795613218,1,0
24.795654304,1,1
24.795696860,1,0
24.795737950,1,1
24.795759380,0,1
24.795779528,0,0
24.795820624,0,1
24.795843876,1,1
24.795863172,1,0
24.795904264,1,1
24.795925696,0,1
24.795945846,0,0
24.795986946,0,1
24.796010200,1,1
24.796029492,1,0
24.796070578,1,1
24.796092004,0,1
24.796112152,0,0
24.796153244,0,1
24.796194812,0,0
24.796238362,0,1
24.796261614,1,1
24.796280908,1,0
24.796319044,1,1
24.796361594,1,0
24.796406126,1,1
24.808336124,0,1
24.808347908,0,0
24.808390474,0,1
24.808432036,0,0
24.808473130,0,1
24.808514696,0,0
24.808555786,0,1
24.808597354,0,0
24.808638446,0,1
24.808680008,0,0
24.808721100,0,1
24.808744358,1,1
24.808763648,1,0
24.808804730,1,1
24.808847286,1,0
24.808888372,1,1
24.808930922,1,0
24.808972010,1,1
24.809014564,1,0
24.809058110,1,1
24.809100662,1,0
24.809138796,1,1
24.809181348,1,0
24.809225876,1,1
24.812852380,0,1
24.812864162,0,0
24.812906732,0,1
24.812948302,0,0
24.812989398,0,1
24.813030964,0,0
24.813072058,0,1
24.813095316,1,1
24.813114608,1,0
24.813155696,1,1
24.813177124,0,1
24.813197272,0,0
24.813238364,0,1
24.813261622,1,1
24.813280912,1,0
24.813321998,1,1
24.813364554,1,0
24.813405638,1,1
24.813427066,0,1
24.813447214,0,0
24.813488308,0,1
24.813529870,0,0
24.813573422,0,1
24.813614992,0,0
24.813653134,0,1
24.813676388,1,1
24.813695680,1,0
24.813740210,1,1
24.855850198,0,1
24.855861978,0,0
24.855904538,0,1
24.855946096,0,0
24.855987184,0,1
24.856028746,0,0
24.856069838,0,1
24.856093094,1,1
24.856112384,1,0
24.856153470,1,1
24.856174896,0,1
24.856195042,0,0
24.856236132,0,1
24.856259384,1,1
24.856278676,1,0
24.856319758,1,1
24.856362312,1,0
24.856403390,1,1
24.856424816,0,1
24.856444960,0,0
24.856486048,0,1
24.856527602,0,0
24.856571146,0,1
24.856612708,0,0
24.856650842,0,1
24.856674096,1,1
24.856693386,1,0
24.856737912,1,1
24.914009478,0,1
24.914021260,0,0
24.914063820,0,1
24.914087078,1,1
24.914106370,1,0
24.914147454,1,1
24.914190006,1,0
24.914231086,1,1
24.914252514,0,1
24.914272660,0,0
24.914313754,0,1
24.914337008,1,1
24.914356302,1,0
24.914397392,1,1
24.914418818,0,1
24.914438964,0,0
24.914480054,0,1
24.914503306,1,1
24.914522598,1,0
24.914563680,1,1
24.914585108,0,1
24.914605256,0,0
24.914646346,0,1
24.914687914,0,0
24.914731468,0,1
24.914754724,1,1
24.914774016,1,0
24.914812152,1,1
24.914854704,1,0
24.914899234,1,1
24.937088754,0,1
24.937100536,0,0
24.937143100,0,1
24.937184672,0,0
24.937225764,0,1
24.937267332,0,0
24.937308424,0,1
24.937349990,0,0
24.937391080,0,1
24.937432650,0,0
24.937473744,0,1
24.937496996,1,1
24.937516286,1,0
24.937557374,1,1
24.937599926,1,0
24.937641010,1,1
24.937683564,1,0
24.937724644,1,1
24.937724648,1,0
24.937724652,1,1
24.937767200,1,0
24.937810740,1,1
24.937853290,1,0
24.937891416,1,1
24.937933966,1,0
24.937978492,1,1
24.941604170,0,1
24.941615954,0,0
24.941658520,0,1
24.941658524,0,0
24.941658528,0,1
24.941681776,1,1
24.941701066,1,0
24.941742150,1,1
24.941784702,1,0
24.941825786,1,1
24.941847210,0,1
24.941867354,0,0
24.941908446,0,1
24.941931696,1,1
24.941950984,1,0
24.941992056,1,1
24.942013478,0,1
24.942033620,0,0
24.942074698,0,1
24.942097946,1,1
24.942117232,1,0
24.942158304,1,1
24.942179726,0,1
24.942199864,0,0
24.942240934,0,1
24.942282488,0,0
24.942326022,0,1
24.942349266,1,1
24.942368550,1,0
24.942406668,1,1
24.942449204,1,0
24.942493710,1,1
24.962141962,0,1
24.962153744,0,0
24.962196310,0,1
24.962237882,0,0
24.962278976,0,1
24.962320548,0,0
24.962361646,0,1
24.962403212,0,0
24.962444308,0,1
24.962485880,0,0
24.962526978,0,1
24.962550232,1,1
24.962569526,1,0
24.962610614,1,1
24.962653172,1,0
24.962694258,1,1
24.962736816,1,0
24.962777904,1,1
24.962820454,1,0
24.962864002,1,1
24.962906558,1,0
24.962944692,1,1
24.962987248,1,0
24.963031782,1,1
24.966658280,0,1
24.966670062,0,0
24.966712634,0,1
24.966754200,0,0
24.966795298,0,1
24.966836868,0,0
24.966877958,0,1
24.966901218,1,1
24.966920510,1,0
24.966961604,1,1
24.966983030,0,1
24.967003176,0,0
24.967044274,0,1
24.967067532,1,1
24.967086826,1,0
24.967127916,1,1
24.967170474,1,0
24.967211572,1,1
24.967233002,0,1
24.967253154,0,0
24.967294252,0,1
24.967294256,0,0
24.967294260,0,1
24.967335826,0,0
24.967379382,0,1
24.967420952,0,0
24.967459098,0,1
24.967482352,1,1
24.967501646,1,0
24.967546182,1,1
25.124170244,0,1
25.124182026,0,0
25.124224594,0,1
25.124266166,0,0
25.124307264,0,1
25.124330526,1,1
25.124349820,1,0
25.124390910,1,1
25.124433470,1,0
25.124474560,1,1
25.124517112,1,0
25.124558202,1,1
25.124579628,0,1
25.124599776,0,0
25.124640872,0,1
25.124664130,1,1
25.124683424,1,0
25.124724514,1,1
25.124745946,0,1
25.124766096,0,0
25.124807190,0,1
25.124848760,0,0
25.124892316,0,1
25.124915574,1,1
25.124934866,1,0
25.124973002,1,1
25.125015560,1,0
25.125060092,1,1
25.192104172,1,0
25.192358804,0,0
25.193121284,0,1
25.193233374,0,0
25.193235024,1,0
25.193274470,1,1
25.193316050,1,0
25.193317710,0,0
25.193357158,0,1
25.193399712,0,0
25.193401896,1,0
25.193440806,1,1
25.193482380,1,0
25.193523472,1,1
25.193565048,1,0
25.193566582,0,0
25.193606154,0,1
25.193648710,0,0
25.193650754,1,0
25.193689800,1,1
25.193731378,1,0
25.193772462,1,1
25.193814036,1,0
25.193855124,1,1
25.193898166,1,0
25.193939256,1,1
25.193981810,1,0
25.194022890,1,1
25.194056124,0,1
25.194069386,0,0
25.194110494,0,1
25.194133750,1,1
25.194404958,0,1
25.194416742,0,0
25.194459308,0,1
25.194500880,0,0
25.194541972,0,1
25.194565230,1,1
25.194584524,1,0
25.194625616,1,1
25.194647048,0,1
25.194667196,0,0
25.194708294,0,1
25.194731556,1,1
25.194750852,1,0
25.194791946,1,1
25.194834506,1,0
25.194875602,1,1
25.194918160,1,0
25.194959252,1,1
25.195001810,1,0
25.195042898,1,1
25.195085452,1,0
25.195129004,1,1
25.195171550,1,0
25.195209678,1,1
25.195252238,1,0
25.195296776,1,1
25.195296778,1,0
25.195296782,1,1
25.195355762,1,0
25.195611416,0,0
25.196378738,0,1
25.196424698,0,0
25.196465810,0,1
25.196508370,0,0
25.196549480,0,1
25.196592040,0,0
25.196593538,1,0
25.196633134,1,1
25.196674710,1,0
25.196676628,0,0
25.196715818,0,1
25.196758376,0,0
25.196799482,0,1
25.196842046,0,0
25.196883158,0,1
25.196925718,0,0
25.196966828,0,1
25.197009386,0,0
25.197050488,0,1
25.197094526,0,0
25.197135636,0,1
25.197174752,0,0
25.197176570,1,0
25.197215852,1,1
25.197249092,0,1
25.197262354,0,0
25.197303462,0,1
25.197326724,1,1
25.197665042,0,1
25.197676842,0,0
25.197719480,0,1
25.197719484,0,0
25.197719486,0,1
25.197761120,0,0
25.197802288,0,1
25.197825582,1,1
25.197844902,1,0
25.197886066,1,1
25.197907532,0,1
25.197927714,0,0
25.197968882,0,1
25.197992180,1,1
25.198011506,1,0
25.198052664,1,1
25.198095290,1,0
25.198136454,1,1
25.198179080,1,0
25.198220234,1,1
25.198262862,1,0
25.198304020,1,1
25.198304024,1,0
25.198304028,1,1
25.198346648,1,0
25.198390276,1,1
25.198432902,1,0
25.198471100,1,1
25.198513726,1,0
25.198558336,1,1
25.250119924,0,1
25.250131730,0,0
25.250174386,0,1
25.250216036,0,0
25.250257214,0,1
25.250298868,0,0
25.250340052,0,1
25.250381698,0,0
25.250422880,0,1
25.250464534,0,0
25.250505714,0,1
25.250529016,1,1
25.250548344,1,0
25.250589520,1,1
25.250632156,1,0
25.250673328,1,1
25.250715970,1,0
25.250757144,1,1
25.250799778,1,0
25.250843416,1,1
25.250886052,1,0
25.250924264,1,1
25.250966904,1,0
25.251011528,1,1
25.254644538,0,1
25.254656344,0,0
25.254698998,0,1
25.254740648,0,0
25.254781832,0,1
25.254805134,1,1
25.254824462,1,0
25.254865636,1,1
25.254908274,1,0
25.254949448,1,1
25.254992084,1,0
25.255033258,1,1
25.255054726,0,1
25.255074914,0,0
25.255116098,0,1
25.255139400,1,1
25.255158732,1,0
25.255199914,1,1
25.255221386,0,1
25.255241578,0,0
25.255282766,0,1
25.255324416,0,0
25.255368060,0,1
25.255391360,1,1
25.255410690,1,0
25.255448908,1,1
25.255491546,1,0
25.255536176,1,1
25.303057738,0,1
25.303069546,0,0
25.303112216,0,1
25.303153872,0,0
25.303195068,0,1
25.303218378,1,1
25.303237714,1,0
25.303278910,1,1
25.303321554,1,0
25.303362738,1,1
25.303405386,1,0
25.303446566,1,1
25.303468038,0,1
25.303488232,0,0
25.303529422,0,1
25.303552730,1,1
25.303572062,1,0
25.303613238,1,1
25.303613242,1,0
25.303613246,1,1
25.303634716,0,1
25.303654908,0,0
25.303696098,0,1
25.303737752,0,0
25.303781410,0,1
25.303804718,1,1
25.303824046,1,0
25.303862268,1,1
25.303904914,1,0
25.303949548,1,1
25.344109186,1,0
25.344363908,0,0
25.345126752,0,1
25.345237894,0,0
25.345239592,1,0
25.345279088,1,1
25.345320756,1,0
25.345322310,0,0
25.345361962,0,1
25.345404604,0,0
25.345406530,1,0
25.345445790,1,1
25.345487452,1,0
25.345528636,1,1
25.345570294,1,0
25.345572280,0,0
25.345611490,0,1
25.345654134,0,0
25.345655502,1,0
25.345695316,1,1
25.345736982,1,0
25.345778164,1,1
25.345819824,1,0
25.345861006,1,1
25.345904150,1,0
25.345945330,1,1
25.345987974,1,0
25.346029156,1,1
25.346062458,0,1
25.346075748,0,0
25.346116954,0,1
25.346140268,1,1
25.346412106,0,1
25.346423914,0,0
25.346466576,0,1
25.346466580,0,0
25.346466584,0,1
25.346508236,0,0
25.346549430,0,1
25.346572738,1,1
25.346592068,1,0
25.346633256,1,1
25.346654730,0,1
25.346674924,0,0
25.346716116,0,1
25.346739428,1,1
25.346758760,1,0
25.346799944,1,1
25.346842594,1,0
25.346883780,1,1
25.346926430,1,0
25.346967612,1,1
25.347010260,1,0
25.347051440,1,1
25.347094090,1,0
25.347137738,1,1
25.347180384,1,0
25.347218606,1,1
25.347261252,1,0
25.347305882,1,1
25.347362300,1,0
25.347618086,0,0
25.348385900,0,1
25.348429822,0,0
25.348471026,0,1
25.348513676,0,0
25.348554880,0,1
25.348597532,0,0
25.348638736,0,1
25.348681384,0,0
25.348722584,0,1
25.348765234,0,0
25.348806432,0,1
25.348849080,0,0
25.348890284,0,1
25.348932932,0,0
25.348974136,0,1
25.349016788,0,0
25.349057988,0,1
25.349102120,0,0
25.349103814,1,0
25.349143310,1,1
25.349185964,1,0
25.349227146,1,1
25.349260460,0,1
25.349273752,0,0
25.349314954,0,1
25.349338262,1,1
25.349681398,0,1
25.349693192,0,0
25.349735788,0,1
25.349735792,0,0
25.349735796,0,1
25.349777384,0,0
25.349818508,0,1
25.349841782,1,1
25.349861082,1,0
25.349902194,1,1
25.349923632,0,1
25.349943792,0,0
25.349984910,0,1
25.350008180,1,1
25.350027482,1,0
25.350068594,1,1
25.350111174,1,0
25.350152284,1,1
25.350194866,1,0
25.350235978,1,1
25.350278554,1,0
25.350319664,1,1
25.350362236,1,0
25.350405804,1,1
25.350448382,1,0
25.350486540,1,1
25.350529112,1,0
25.350573666,1,1
25.399366772,0,1
25.399378558,0,0
25.399421136,0,1
25.399462712,0,0
25.399503814,0,1
25.399545390,0,0
25.399586496,0,1
25.399628074,0,0
25.399669176,0,1
25.399710752,0,0
25.399751860,0,1
25.399775118,1,1
25.399794414,1,0
25.399835516,1,1
25.399878080,1,0
25.399919176,1,1
25.399961744,1,0
25.400002846,1,1
25.400045408,1,0
25.400088972,1,1
25.400131540,1,0
25.400169688,1,1
25.400212256,1,0
25.400256800,1,1
25.400256802,1,0
25.400256804,1,1
25.403883602,0,1
25.403895390,0,0
25.403937986,0,1
25.403979576,0,0
25.404020690,0,1
25.404043958,1,1
25.404063254,1,0
25.404104362,1,1
25.404146934,1,0
25.404188040,1,1
25.404230610,1,0
25.404271710,1,1
25.404293144,0,1
25.404313298,0,0
25.404354404,0,1
25.404377670,1,1
25.404396968,1,0
25.404438070,1,1
25.404459502,0,1
25.404479656,0,0
25.404520764,0,1
25.404562346,0,0
25.404605904,0,1
25.404629158,1,1
25.404648450,1,0
25.404686600,1,1
25.404729174,1,0
25.404773716,1,1
25.452492408,0,1
25.452504188,0,0
25.452546746,0,1
25.452570000,1,1
25.452589288,1,0
25.452630370,1,1
25.452651790,0,1
25.452671934,0,0
25.452713022,0,1
25.452736272,1,1
25.452755562,1,0
25.452796644,1,1
25.452818068,0,1
25.452838214,0,0
25.452879300,0,1
25.452920860,0,0
25.452961948,0,1
25.452985200,1,1
25.453004488,1,0
25.453045570,1,1
25.453066996,0,1
25.453087142,0,0
25.453128232,0,1
25.453169808,0,0
25.453213378,0,1
25.453213384,0,0
25.453213386,0,1
25.453254958,0,0
25.453293108,0,1
25.453293112,0,0
25.453293114,0,1
25.453316372,1,1
25.453335670,1,0
25.453380216,1,1
25.490096002,0,1
25.490107782,0,0
25.490150362,0,1
25.490191948,0,0
25.490233054,0,1
25.490256312,1,1
25.490275610,1,0
25.490316708,1,1
25.490359268,1,0
25.490400362,1,1
25.490442924,1,0
25.490484016,1,1
25.490505444,0,1
25.490525596,0,0
25.490566698,0,1
25.490589958,1,1
25.490609252,1,0
25.490650344,1,1
25.490671778,0,1
25.490691930,0,0
25.490733032,0,1
25.490774604,0,0
25.490818168,0,1
25.490841430,1,1
25.490860726,1,0
25.490898868,1,1
25.490941430,1,0
25.490985968,1,1
25.506788394,1,0
25.507042786,0,0
25.507808422,0,1
25.507808426,0,0
25.507808430,0,1
25.507929174,0,0
25.507931304,1,0
25.507970276,1,1
25.508011858,1,0
25.508012992,0,0
25.508052970,0,1
25.508095538,0,0
25.508097172,1,0
25.508136640,1,1
25.508178220,1,0
25.508219316,1,1
25.508260896,1,0
25.508262360,0,0
25.508302006,0,1
25.508344566,0,0
25.508346928,1,0
25.508385662,1,1
25.508427244,1,0
25.508468336,1,1
25.508468342,1,0
25.508468344,1,1
25.508509912,1,0
25.508551008,1,1
25.508594058,1,0
25.508635152,1,1
25.508677714,1,0
25.508718808,1,1
25.508752046,0,1
25.508765310,0,0
25.508806420,0,1
25.508829680,1,1
25.509100924,0,1
25.509112708,0,0
25.509155284,0,1
25.509196860,0,0
25.509237958,0,1
25.509261218,1,1
25.509280514,1,0
25.509321612,1,1
25.509343044,0,1
25.509363194,0,0
25.509404296,0,1
25.509427556,1,1
25.509446852,1,0
25.509487948,1,1
25.509530508,1,0
25.509571604,1,1
25.509614160,1,0
25.509655252,1,1
25.509697808,1,0
25.509738898,1,1
25.509738902,1,0
25.509738904,1,1
25.509781458,1,0
25.509825010,1,1
25.509867570,1,0
25.509905708,1,1
25.509948268,1,0
25.509992808,1,1
25.510052286,1,0
25.510307144,0,0
25.511069642,0,1
25.511111936,0,0
25.511153058,0,1
25.511195626,0,0
25.511236742,0,1
25.511279312,0,0
25.511281002,1,0
25.511320410,1,1
25.511361986,1,0
25.511363672,0,0
25.511403096,0,1
25.511445652,0,0
25.511486760,0,1
25.511529318,0,0
25.511570426,0,1
25.511612982,0,0
25.511654090,0,1
25.511696650,0,0
25.511737758,0,1
25.511781796,0,0
25.511822906,0,1
25.511862018,0,0
25.511864246,1,0
25.511903112,1,1
25.511936352,0,1
25.511949614,0,0
25.511990724,0,1
25.512013988,1,1
25.512352340,0,1
25.512364142,0,0
25.512406788,0,1
25.512448428,0,0
25.512489602,0,1
25.512512902,1,1
25.512532226,1,0
25.512573394,1,1
25.512594864,0,1
25.512615050,0,0
25.512656226,0,1
25.512679524,1,1
25.512698854,1,0
25.512740026,1,1
25.512782660,1,0
25.512823830,1,1
25.512866466,1,0
25.512907632,1,1
25.512950264,1,0
25.512991434,1,1
25.513034064,1,0
25.513077696,1,1
25.513120334,1,0
25.513158544,1,1
25.513158548,1,0
25.513158550,1,1
25.513201180,1,0
25.513245800,1,1
25.526943066,0,1
25.526954872,0,0
25.526997526,0,1
25.527039168,0,0
25.527080346,0,1
25.527121992,0,0
25.527163174,0,1
25.527204826,0,0
25.527246010,0,1
25.527287662,0,0
25.527328840,0,1
25.527352138,1,1
25.527371464,1,0
25.527412636,1,1
25.527455278,1,0
25.527496458,1,1
25.527539102,1,0
25.527580278,1,1
25.527622912,1,0
25.527666554,1,1
25.527709190,1,0
25.527747402,1,1
25.527790040,1,0
25.527834660,1,1
25.531467572,0,1
25.531479376,0,0
25.531522032,0,1
25.531563678,0,0
25.531604864,0,1
25.531628164,1,1
25.531647494,1,0
25.531688668,1,1
25.531731306,1,0
25.531772480,1,1
25.531815116,1,0
25.531856292,1,1
25.531877760,0,1
25.531897950,0,0
25.531939128,0,1
25.531962434,1,1
25.531981762,1,0
25.532022934,1,1
25.532044404,0,1
25.532064594,0,0
25.532105782,0,1
25.532147436,0,0
25.532191086,0,1
25.532214392,1,1
25.532233726,1,0
25.532271944,1,1
25.532314586,1,0
25.532359216,1,1
25.546889012,0,1
25.546900818,0,0
25.546943478,0,1
25.546985130,0,0
25.547026308,0,1
25.547067960,0,0
25.547109146,0,1
25.547150796,0,0
25.547191986,0,1
25.547191992,0,0
25.547191996,0,1
25.547233644,0,0
25.547274834,0,1
25.547298142,1,1
25.547317470,1,0
25.547358654,1,1
25.547401292,1,0
25.547442472,1,1
25.547485114,1,0
25.547526286,1,1
25.547568928,1,0
25.547612566,1,1
25.547612570,1,0
25.547612574,1,1
25.547655208,1,0
25.547693426,1,1
25.547736068,1,0
25.547780696,1,1
25.551415284,0,1
25.551427092,0,0
25.551469754,0,1
25.551493062,1,1
25.551512394,1,0
25.551553576,1,1
25.551575046,0,1
25.551595236,0,0
25.551636422,0,1
25.551659732,1,1
25.551679062,1,0
25.551720238,1,1
25.551741710,0,1
25.551761900,0,0
25.551803086,0,1
25.551844736,0,0
25.551885924,0,1
25.551909230,1,1
25.551928560,1,0
25.551969740,1,1
25.551991208,0,1
25.552011400,0,0
25.552052584,0,1
25.552094242,0,0
25.552137894,0,1
25.552179554,0,0
25.552217782,0,1
25.552241086,1,1
25.552260418,1,0
25.552305054,1,1
25.575820372,0,1
25.575832182,0,0
25.575874848,0,1
25.575916506,0,0
25.575957696,0,1
25.575981000,1,1
25.576000330,1,0
25.576041512,1,1
25.576084158,1,0
25.576125338,1,1
25.576146812,0,1
25.576167004,0,0
25.576208192,0,1
25.576231502,1,1
25.576250832,1,0
25.576292018,1,1
25.576334664,1,0
25.576375842,1,1
25.576397316,0,1
25.576417508,0,0
25.576458696,0,1
25.576500348,0,0
25.576544004,0,1
25.576567314,1,1
25.576586646,1,0
25.576624868,1,1
25.576667522,1,0
25.576712164,1,1
25.595243412,0,1
25.595255222,0,0
25.595297892,0,1
25.595339554,0,0
25.595380746,0,1
25.595404052,1,1
25.595423386,1,0
25.595464570,1,1
25.595507222,1,0
25.595548410,1,1
25.595591060,1,0
25.595632244,1,1
25.595653720,0,1
25.595673914,0,0
25.595715108,0,1
25.595738418,1,1
25.595757748,1,0
25.595798934,1,1
25.595820408,0,1
25.595840602,0,0
25.595881790,0,1
25.595923446,0,0
25.595967108,0,1
25.595990420,1,1
25.596009750,1,0
25.596047980,1,1
25.596090638,1,0
25.596135280,1,1
25.608923424,0,1
25.608935236,0,0
25.608977904,0,1
25.609001210,1,1
25.609020540,1,0
25.609061724,1,1
25.609083200,0,1
25.609103396,0,0
25.609144590,0,1
25.609167900,1,1
25.609187232,1,0
25.609228420,1,1
25.609249890,0,1
25.609270084,0,0
25.609311274,0,1
25.609334584,1,1
25.609353914,1,0
25.609395096,1,1
25.609437742,1,0
25.609478928,1,1
25.609500398,0,1
25.609520590,0,0
25.609561782,0,1
25.609603442,0,0
25.609647098,0,1
25.609670404,1,1
25.609689734,1,0
25.609727962,1,1
25.609770604,1,0
25.609815234,1,1
25.632022662,1,0
25.632277832,0,0
25.633040802,0,1
25.633290852,0,0
25.633293088,1,0
25.633332050,1,1
25.633373716,1,0
25.633374810,0,0
25.633414922,0,1
25.633457570,0,0
25.633459028,1,0
25.633498758,1,1
25.633540422,1,0
25.633581612,1,1
25.633623272,1,0
25.633624796,0,0
25.633664470,0,1
25.633707118,0,0
25.633709022,1,0
25.633748304,1,1
25.633789962,1,0
25.633831146,1,1
25.633872802,1,0
25.633913984,1,1
25.633957124,1,0
25.633998308,1,1
25.634040952,1,0
25.634082136,1,1
25.634115448,0,1
25.634128740,0,0
25.634169940,0,1
25.634193254,1,1
25.634465054,0,1
25.634476866,0,0
25.634519530,0,1
25.634561188,0,0
25.634602380,0,1
25.634625690,1,1
25.634645022,1,0
25.634686208,1,1
25.634707680,0,1
25.634727874,0,0
25.634769070,0,1
25.634792378,1,1
25.634811708,1,0
25.634852890,1,1
25.634895540,1,0
25.634936720,1,1
25.634979364,1,0
25.635020546,1,1
25.635020550,1,0
25.635020554,1,1
25.635063194,1,0
25.635104384,1,1
25.635147032,1,0
25.635190684,1,1
25.635233336,1,0
25.635271562,1,1
25.635271564,1,0
25.635271568,1,1
25.635314210,1,0
25.635358836,1,1
25.635419658,1,0
25.635675394,0,0
25.636443348,0,1
25.636489226,0,0
25.636530430,0,1
25.636573084,0,0
25.636614290,0,1
25.636656940,0,0
25.636698144,0,1
25.636740798,0,0
25.636782000,0,1
25.636824650,0,0
25.636865854,0,1
25.636908506,0,0
25.636949708,0,1
25.636992362,0,0
25.637033560,0,1
25.637076214,0,0
25.637117424,0,1
25.637161552,0,0
25.637163172,1,0
25.637202744,1,1
25.637245398,1,0
25.637286584,1,1
25.637319892,0,1
25.637333184,0,0
25.637374388,0,1
25.637374394,0,0
25.637374398,0,1
25.637397698,1,1
25.637740826,0,1
25.637752618,0,0
25.637795214,0,1
25.637836808,0,0
25.637877936,0,1
25.637901204,1,1
25.637920508,1,0
25.637961624,1,1
25.637983064,0,1
25.638003226,0,0
25.638044348,0,1
25.638067620,1,1
25.638086926,1,0
25.638128044,1,1
25.638170628,1,0
25.638211740,1,1
25.638254318,1,0
25.638295432,1,1
25.638338010,1,0
25.638379124,1,1
25.638421700,1,0
25.638465272,1,1
25.638507846,1,0
25.638546002,1,1
25.638588578,1,0
25.638633134,1,1
25.663056862,0,1
25.663068646,0,0
25.663111228,0,1
25.663152808,0,0
25.663193924,0,1
25.663235506,0,0
25.663276618,0,1
25.663318200,0,0
25.663359308,0,1
25.663400890,0,0
25.663442000,0,1
25.663465266,1,1
25.663484560,1,0
25.663525660,1,1
25.663568226,1,0
25.663609330,1,1
25.663651894,1,0
25.663692996,1,1
25.663735564,1,0
25.663779122,1,1
25.663821688,1,0
25.663859840,1,1
25.663902402,1,0
25.663946948,1,1
25.667573876,0,1
25.667585662,0,0
25.667628244,0,1
25.667628246,0,0
25.667628250,0,1
25.667651510,1,1
25.667670806,1,0
25.667711906,1,1
25.667733338,0,1
25.667753490,0,0
25.667794598,0,1
25.667817860,1,1
25.667837156,1,0
25.667878258,1,1
25.667899692,0,1
25.667919846,0,0
25.667960952,0,1
25.667984212,1,1
25.668003508,1,0
25.668044614,1,1
25.668087178,1,0
25.668128284,1,1
25.668149718,0,1
25.668169872,0,0
25.668210980,0,1
25.668252556,0,0
25.668296130,0,1
25.668319394,1,1
25.668338690,1,0
25.668376840,1,1
25.668419412,1,0
25.668463962,1,1
25.685095042,0,1
25.685106828,0,0
25.685149410,0,1
25.685190996,0,0
25.685232108,0,1
25.685273684,0,0
25.685314794,0,1
25.685356376,0,0
25.685397482,0,1
25.685439064,0,0
25.685480174,0,1
25.685503436,1,1
25.685522734,1,0
25.685563832,1,1
25.685606400,1,0
25.685647496,1,1
25.685690064,1,0
25.685731168,1,1
25.685773734,1,0
25.685817288,1,1
25.685817292,1,0
25.685817296,1,1
25.685859860,1,0
25.685898004,1,1
25.685940570,1,0
25.685985118,1,1
25.689612084,0,1
25.689623870,0,0
25.689666450,0,1
25.689708032,0,0
25.689749138,0,1
25.689772400,1,1
25.689791698,1,0
25.689832798,1,1
25.689875364,1,0
25.689916470,1,1
25.689937902,0,1
25.689958056,0,0
25.689999164,0,1
25.690022426,1,1
25.690041724,1,0
25.690082826,1,1
25.690125398,1,0
25.690166496,1,1
25.690187932,0,1
25.690208088,0,0
25.690249196,0,1
25.690290772,0,0
25.690334342,0,1
25.690357608,1,1
25.690376904,1,0
25.690415052,1,1
25.690457622,1,0
25.690502168,1,1
25.699861924,0,1
25.699873712,0,0
25.699916296,0,1
25.699957870,0,0
25.699998976,0,1
25.700040556,0,0
25.700081660,0,1
25.700123244,0,0
25.700164356,0,1
25.700205938,0,0
25.700247050,0,1
25.700270316,1,1
25.700289614,1,0
25.700330718,1,1
25.700373286,1,0
25.700414390,1,1
25.700456954,1,0
25.700498056,1,1
25.700540622,1,0
25.700584182,1,1
25.700626748,1,0
25.700664894,1,1
25.700664900,1,0
25.700664904,1,1
25.700707464,1,0
25.700752012,1,1
25.704379080,0,1
25.704390868,0,0
25.704433454,0,1
25.704433456,0,0
25.704433458,0,1
25.704475044,0,0
25.704516164,0,1
25.704539432,1,1
25.704558730,1,0
25.704599840,1,1
25.704642424,1,0
25.704683538,1,1
25.704726124,1,0
25.704767244,1,1
25.704788686,0,1
25.704808846,0,0
25.704849972,0,1
25.704873248,1,1
25.704892548,1,0
25.704933662,1,1
25.704955104,0,1
25.704975264,0,0
25.705016392,0,1
25.705057988,0,0
25.705101582,0,1
25.705124856,1,1
25.705144162,1,0
25.705182320,1,1
25.705224890,1,0
25.705269442,1,1
25.760090110,1,0
25.760344766,0,0
25.761107292,0,1
25.761816282,0,0
25.761818128,1,0
25.761857380,1,1
25.761898962,1,0
25.761900810,0,0
25.761940072,0,1
25.761982632,0,0
25.761983988,1,0
25.762023730,1,1
25.762065304,1,0
25.762106402,1,1
25.762147986,1,0
25.762149666,0,0
25.762189098,0,1
25.762231662,0,0
25.762233250,1,0
25.762272766,1,1
25.762314344,1,0
25.762355442,1,1
25.762397032,1,0
25.762438144,1,1
25.762481214,1,0
25.762522328,1,1
25.762564908,1,0
25.762606022,1,1
25.762639278,0,1
25.762652548,0,0
25.762693688,0,1
25.762716968,1,1
25.762988394,0,1
25.763000186,0,0
25.763042784,0,1
25.763084370,0,0
25.763125480,0,1
25.763148738,1,1
25.763168036,1,0
25.763209132,1,1
25.763230566,0,1
25.763250718,0,0
25.763291822,0,1
25.763315086,1,1
25.763334382,1,0
25.763375482,1,1
25.763418050,1,0
25.763459154,1,1
25.763501722,1,0
25.763542822,1,1
25.763585390,1,0
25.763626486,1,1
25.763669052,1,0
25.763712616,1,1
25.763755178,1,0
25.763793320,1,1
25.763835878,1,0
25.763880418,1,1
25.763942592,1,0
25.764198004,0,0
25.764960652,0,1
25.764999646,0,0
25.765040768,0,1
25.765083334,0,0
25.765124452,0,1
25.765167026,0,0
25.765168500,1,0
25.765208128,1,1
25.765249704,1,0
25.765251170,0,0
25.765290820,0,1
25.765333380,0,0
25.765374490,0,1
25.765417058,0,0
25.765458174,0,1
25.765500738,0,0
25.765541850,0,1
25.765584412,0,0
25.765625526,0,1
25.765669568,0,0
25.765710686,0,1
25.765749806,0,0
25.765751824,1,0
25.765790906,1,1
25.765824150,0,1
25.765837416,0,0
25.765878528,0,1
25.765901794,1,1
25.766240170,0,1
25.766251974,0,0
25.766294622,0,1
25.766336258,0,0
25.766377434,0,1
25.766400736,1,1
25.766420060,1,0
25.766461228,1,1
25.766482698,0,1
25.766502886,0,0
25.766544062,0,1
25.766567364,1,1
25.766586692,1,0
25.766627864,1,1
25.766627866,1,0
25.766627870,1,1
25.766670502,1,0
25.766711674,1,1
25.766754314,1,0
25.766795484,1,1
25.766838120,1,0
25.766879296,1,1
25.766921932,1,0
25.766965564,1,1
25.767008198,1,0
25.767046412,1,1
25.767089046,1,0
25.767133670,1,1
25.796603726,0,1
25.796615534,0,0
25.796658198,0,1
25.796681500,1,1
25.796700828,1,0
25.796742012,1,1
25.796763482,0,1
25.796783672,0,0
25.796824856,0,1
25.796848164,1,1
25.796867492,1,0
25.796908670,1,1
25.796951314,1,0
25.796992490,1,1
25.797013962,0,1
25.797034152,0,0
25.797075336,0,1
25.797098642,1,1
25.797117974,1,0
25.797159156,1,1
25.797180628,0,1
25.797200818,0,0
25.797242008,0,1
25.797283664,0,0
25.797327316,0,1
25.797350620,1,1
25.797369952,1,0
25.797408174,1,1
25.797450816,1,0
25.797495442,1,1
25.801129966,0,1
25.801141774,0,0
25.801184444,0,1
25.801226100,0,0
25.801267288,0,1
25.801308944,0,0
25.801350132,0,1
25.801350136,0,0
25.801350140,0,1
25.801373442,1,1
25.801392774,1,0
25.801433952,1,1
25.801476600,1,0
25.801517780,1,1
25.801539252,0,1
25.801559444,0,0
25.801600632,0,1
25.801623940,1,1
25.801643272,1,0
25.801684452,1,1
25.801705924,0,1
25.801726118,0,0
25.801767306,0,1
25.801808960,0,0
25.801852614,0,1
25.801894266,0,0
25.801932496,0,1
25.801955800,1,1
25.801975130,1,0
25.802019762,1,1
25.834674486,0,1
25.834686294,0,0
25.834728964,0,1
25.834770626,0,0
25.834811820,0,1
25.834853478,0,0
25.834894674,0,1
25.834936332,0,0
25.834977516,0,1
25.835019172,0,0
25.835060358,0,1
25.835083664,1,1
25.835102996,1,0
25.835144190,1,1
25.835186844,1,0
25.835228036,1,1
25.835270690,1,0
25.835311878,1,1
25.835354526,1,0
25.835398182,1,1
25.835440830,1,0
25.835479052,1,1
25.835521698,1,0
25.835566332,1,1
25.839200254,0,1
25.839212066,0,0
25.839254744,0,1
25.839278056,1,1
25.839297388,1,0
25.839338580,1,1
25.839360054,0,1
25.839380250,0,0
25.839421442,0,1
25.839444754,1,1
25.839464084,1,0
25.839505274,1,1
25.839547920,1,0
25.839589104,1,1
25.839610580,0,1
25.839630772,0,0
25.839671964,0,1
25.839695266,1,1
25.839714594,1,0
25.839755762,1,1
25.839777230,0,1
25.839797424,0,0
25.839838618,0,1
25.839838624,0,0
25.839838628,0,1
25.839880282,0,0
25.839923940,0,1
25.839947246,1,1
25.839966578,1,0
25.840004806,1,1
25.840047456,1,0
25.840092094,1,1
25.846899262,0,1
25.846911068,0,0
25.846953728,0,1
25.846995382,0,0
25.847036566,0,1
25.847078222,0,0
25.847119418,0,1
25.847161078,0,0
25.847202282,0,1
25.847243948,0,0
25.847285148,0,1
25.847308462,1,1
25.847327800,1,0
25.847368992,1,1
25.847411642,1,0
25.847452832,1,1
25.847495482,1,0
25.847536668,1,1
25.847579316,1,0
25.847622968,1,1
25.847665612,1,0
25.847703838,1,1
25.847746488,1,0
25.847791124,1,1
25.851426162,0,1
25.851437972,0,0
25.851480640,0,1
25.851522294,0,0
25.851563484,0,1
25.851605144,0,0
25.851646340,0,1
25.851669654,1,1
25.851688986,1,0
25.851730180,1,1
25.851772834,1,0
25.851814030,1,1
25.851835502,0,1
25.851855698,0,0
25.851896892,0,1
25.851920206,1,1
25.851939538,1,0
25.851980724,1,1
25.852002198,0,1
25.852022390,0,0
25.852063588,0,1
25.852105260,0,0
25.852148920,0,1
25.852190584,0,0
25.852228818,0,1
25.852252126,1,1
25.852271456,1,0
25.852316092,1,1
25.880105414,1,0
25.880360182,0,0
25.881123154,0,1
25.881825214,0,0
25.881827468,1,0
25.881866406,1,1
25.881908066,1,0
25.881909184,0,0
25.881949266,0,1
25.881991914,0,0
25.881993406,1,0
25.882033096,1,1
25.882074760,1,0
25.882115944,1,1
25.882157608,1,0
25.882159192,0,0
25.882198814,0,1
25.882241468,0,0
25.882243824,1,0
25.882282658,1,1
25.882324328,1,0
25.882365520,1,1
25.882407182,1,0
25.882448368,1,1
25.882491510,1,0
25.882532700,1,1
25.882575350,1,0
25.882616540,1,1
25.882649848,0,1
25.882663140,0,0
25.882704342,0,1
25.882727658,1,1
25.882999496,0,1
25.883011304,0,0
25.883053980,0,1
25.883095644,0,0
25.883136842,0,1
25.883160154,1,1
25.883179490,1,0
25.883220678,1,1
25.883242154,0,1
25.883262352,0,0
25.883303548,0,1
25.883326858,1,1
25.883346188,1,0
25.883387372,1,1
25.883387376,1,0
25.883387380,1,1
25.883430024,1,0
25.883471208,1,1
25.883513860,1,0
25.883555050,1,1
25.883597696,1,0
25.883638882,1,1
25.883681524,1,0
25.883725172,1,1
25.883767816,1,0
25.883806044,1,1
25.883848686,1,0
25.883893316,1,1
25.883959532,1,0
25.884214938,0,0
25.884977806,0,1
25.885021284,0,0
25.885062488,0,1
25.885105146,0,0
25.885146354,0,1
25.885189008,0,0
25.885230216,0,1
25.885272868,0,0
25.885314070,0,1
25.885356724,0,0
25.885397936,0,1
25.885440590,0,0
25.885481804,0,1
25.885524464,0,0
25.885565676,0,1
25.885608340,0,0
25.885649556,0,1
25.885693696,0,0
25.885695354,1,0
25.885734896,1,1
25.885777560,1,0
25.885818756,1,1
25.885852068,0,1
25.885865364,0,0
25.885906576,0,1
25.885929888,1,1
25.886273104,0,1
25.886284898,0,0
25.886327516,0,1
25.886369118,0,0
25.886410256,0,1
25.886433536,1,1
25.886452842,1,0
25.886493968,1,1
25.886515414,0,1
25.886535580,0,0
25.886576714,0,1
25.886599990,1,1
25.886619298,1,0
25.886660428,1,1
25.886703024,1,0
25.886744148,1,1
25.886786742,1,0
25.886827870,1,1
25.886870456,1,0
25.886911582,1,1
25.886954162,1,0
25.886997732,1,1
25.887040296,1,0
25.887078444,1,1
25.887121012,1,0
25.887165562,1,1
25.903693520,0,1
25.903705308,0,0
25.903747896,0,1
25.903771162,1,1
25.903790460,1,0
25.903831566,1,1
25.903853004,0,1
25.903873162,0,0
25.903914274,0,1
25.903937536,1,1
25.903956838,1,0
25.903997946,1,1
25.904040520,1,0
25.904081624,1,1
25.904103066,0,1
25.904123222,0,0
25.904164340,0,1
25.904187606,1,1
25.904206906,1,0
25.904248020,1,1
25.904269456,0,1
25.904289612,0,0
25.904330730,0,1
25.904372318,0,0
25.904415900,0,1
25.904439166,1,1
25.904458468,1,0
25.904496626,1,1
25.904539196,1,0
25.904583750,1,1
25.908212234,0,1
25.908224022,0,0
25.908266596,0,1
25.908266602,0,0
25.908266604,0,1
25.908289862,1,1
25.908309158,1,0
25.908350274,1,1
25.908392852,1,0
25.908433958,1,1
25.908455390,0,1
25.908475544,0,0
25.908516656,0,1
25.908558240,0,0
25.908599356,0,1
25.908640942,0,0
25.908682064,0,1
25.908705330,1,1
25.908724630,1,0
25.908765738,1,1
25.908787178,0,1
25.908807336,0,0
25.908848452,0,1
25.908890040,0,0
25.908933618,0,1
25.908975204,0,0
25.909013364,0,1
25.909036632,1,1
25.909055930,1,0
25.909100488,1,1
25.916430594,0,1
25.916442384,0,0
25.916484968,0,1
25.916508234,1,1
25.916527530,1,0
25.916568636,1,1
25.916611208,1,0
25.916652314,1,1
25.916673752,0,1
25.916693910,0,0
25.916735018,0,1
25.916735022,0,0
25.916735026,0,1
25.916758286,1,1
25.916777584,1,0
25.916818694,1,1
25.916840134,0,1
25.916860290,0,0
25.916901406,0,1
25.916924676,1,1
25.916943976,1,0
25.916985088,1,1
25.917006524,0,1
25.917026680,0,0
25.917067794,0,1
25.917067796,0,0
25.917067802,0,1
25.917109388,0,0
25.917152964,0,1
25.917176236,1,1
25.917195538,1,0
25.917233696,1,1
25.917276272,1,0
25.917320826,1,1
25.971718846,0,1
25.971730634,0,0
25.971773220,0,1
25.971814800,0,0
25.971855914,0,1
25.971897498,0,0
25.971938608,0,1
25.971980190,0,0
25.972021298,0,1
25.972062880,0,0
25.972103994,0,1
25.972127262,1,1
25.972146558,1,0
25.972187662,1,1
25.972230232,1,0
25.972271334,1,1
25.972313900,1,0
25.972355000,1,1
25.972397564,1,0
25.972441126,1,1
25.972483690,1,0
25.972521838,1,1
25.972564404,1,0
25.972608950,1,1
25.976235934,0,1
25.976247720,0,0
25.976290304,0,1
25.976313572,1,1
25.976332870,1,0
25.976373972,1,1
25.976416540,1,0
25.976457644,1,1
25.976479074,0,1
25.976499226,0,0
25.976540328,0,1
25.976563592,1,1
25.976582888,1,0
25.976623988,1,1
25.976645422,0,1
25.976665576,0,0
25.976706686,0,1
25.976729952,1,1
25.976749248,1,0
25.976790346,1,1
25.976811782,0,1
25.976831934,0,0
25.976873044,0,1
25.976914622,0,0
25.976958194,0,1
25.976981456,1,1
25.977000754,1,0
25.977038900,1,1
25.977081462,1,0
25.977126010,1,1
25.988790840,0,1
25.988802630,0,0
25.988845220,0,1
25.988886804,0,0
25.988927920,0,1
25.988969504,0,0
25.989010618,0,1
25.989052204,0,0
25.989093322,0,1
25.989134910,0,0
25.989176028,0,1
25.989199296,1,1
25.989218596,1,0
25.989259704,1,1
25.989302280,1,0
25.989343382,1,1
25.989385942,1,0
25.989427036,1,1
25.989469592,1,0
25.989513142,1,1
25.989555698,1,0
25.989593834,1,1
25.989636384,1,0
25.989680920,1,1
25.993308012,0,1
25.993319800,0,0
25.993362388,0,1
25.993385652,1,1
25.993404950,1,0
25.993446052,1,1
25.993467490,0,1
25.993487646,0,0
25.993528754,0,1
25.993552018,1,1
25.993571318,1,0
25.993612424,1,1
25.993654994,1,0
25.993696098,1,1
25.993717534,0,1
25.993737690,0,0
25.993778804,0,1
25.993802066,1,1
25.993821364,1,0
25.993862470,1,1
25.993883906,0,1
25.993904060,0,0
25.993945170,0,1
25.993986754,0,0
25.994030326,0,1
25.994053592,1,1
25.994072888,1,0
25.994111044,1,1
25.994153616,1,0
25.994198164,1,1
26.008706984,0,1
26.008718770,0,0
26.008761358,0,1
26.008802938,0,0
26.008844048,0,1
26.008885626,0,0
26.008926740,0,1
26.008968322,0,0
26.009009432,0,1
26.009051016,0,0
26.009092132,0,1
26.009115398,1,1
26.009134696,1,0
26.009175804,1,1
26.009218376,1,0
26.009259476,1,1
26.009302048,1,0
26.009343154,1,1
26.009385722,1,0
26.009429282,1,1
26.009471854,1,0
26.009510006,1,1
26.009552570,1,0
26.009597116,1,1
26.009597120,1,0
26.009597124,1,1
26.013225194,0,1
26.013236982,0,0
26.013279566,0,1
26.013302832,1,1
26.013322130,1,0
26.013363232,1,1
26.013405804,1,0
26.013446910,1,1
26.013468344,0,1
26.013488500,0,0
26.013529606,0,1
26.013529610,0,0
26.013529614,0,1
26.013571192,0,0
26.013612304,0,1
26.013653892,0,0
26.013695002,0,1
26.013718272,1,1
26.013737572,1,0
26.013778682,1,1
26.013800118,0,1
26.013820272,0,0
26.013861384,0,1
26.013902970,0,0
26.013946544,0,1
26.013988130,0,0
26.014026290,0,1
26.014049558,1,1
26.014068858,1,0
26.014113410,1,1
26.029966402,1,0
26.030221742,0,0
26.030984390,0,1
26.031125402,0,0
26.031127572,1,0
26.031166516,1,1
26.031208112,1,0
26.031209162,0,0
26.031249244,0,1
26.031291820,0,0
26.031293382,1,0
26.031332932,1,1
26.031374522,1,0
26.031415630,1,1
26.031457216,1,0
26.031459106,0,0
26.031498340,0,1
26.031540908,0,0
26.031542304,1,0
26.031582016,1,1
26.031623604,1,0
26.031664712,1,1
26.031706294,1,0
26.031747400,1,1
26.031790462,1,0
26.031831568,1,1
26.031874136,1,0
26.031915242,1,1
26.031948486,0,1
26.031961754,0,0
26.032002876,0,1
26.032026146,1,1
26.032297478,0,1
26.032309264,0,0
26.032351852,0,1
26.032393438,0,0
26.032434552,0,1
26.032457818,1,1
26.032477118,1,0
26.032518226,1,1
26.032539666,0,1
26.032559822,0,0
26.032600938,0,1
26.032624206,1,1
26.032643508,1,0
26.032684616,1,1
26.032727190,1,0
26.032768298,1,1
26.032810874,1,0
26.032851982,1,1
26.032894556,1,0
26.032935664,1,1
26.032978238,1,0
26.033021806,1,1
26.033064376,1,0
26.033102530,1,1
26.033145090,1,0
26.033189632,1,1
26.033250530,1,0
26.033506164,0,0
26.034273090,0,1
26.034317942,0,0
26.034359068,0,1
26.034401640,0,0
26.034442764,0,1
26.034485334,0,0
26.034486886,1,0
26.034526442,1,1
26.034568028,1,0
26.034569976,0,0
26.034609150,0,1
26.034651718,0,0
26.034692836,0,1
26.034735404,0,0
26.034776524,0,1
26.034819096,0,0
26.034860216,0,1
26.034902790,0,0
26.034943908,0,1
26.034987956,0,0
26.035029076,0,1
26.035068200,0,0
26.035070012,1,0
26.035109308,1,1
26.035142560,0,1
26.035155828,0,0
26.035196952,0,1
26.035220224,1,1
26.035558654,0,1
26.035570458,0,0
26.035613106,0,1
26.035654748,0,0
26.035695930,0,1
26.035719234,1,1
26.035738560,1,0
26.035779732,1,1
26.035801204,0,1
26.035821392,0,0
26.035862574,0,1
26.035885878,1,1
26.035905204,1,0
26.035946382,1,1
26.035989024,1,0
26.036030198,1,1
26.036072840,1,0
26.036114020,1,1
26.036156662,1,0
26.036197840,1,1
26.036240482,1,0
26.036284120,1,1
26.036326764,1,0
26.036364984,1,1
26.036407620,1,0
26.036452250,1,1
26.052932492,0,1
26.052944300,0,0
26.052986974,0,1
26.053010280,1,1
26.053029610,1,0
26.053070788,1,1
26.053113442,1,0
26.053154626,1,1
26.053176102,0,1
26.053196294,0,0
26.053237484,0,1
26.053260792,1,1
26.053280126,1,0
26.053321314,1,1
26.053342784,0,1
26.053362978,0,0
26.053404172,0,1
26.053427478,1,1
26.053446808,1,0
26.053487992,1,1
26.053509464,0,1
26.053529658,0,0
26.053570846,0,1
26.053612502,0,0
26.053656162,0,1
26.053679470,1,1
26.053698802,1,0
26.053737026,1,1
26.053779674,1,0
26.053824310,1,1
26.057459064,0,1
26.057470872,0,0
26.057513532,0,1
26.057536838,1,1
26.057556168,1,0
26.057597354,1,1
26.057639996,1,0
26.057681178,1,1
26.057702648,0,1
26.057722842,0,0
26.057764034,0,1
26.057805686,0,0
26.057846882,0,1
26.057888536,0,0
26.057929726,0,1
26.057953034,1,1
26.057972364,1,0
26.058013548,1,1
26.058035018,0,1
26.058055210,0,0
26.058096404,0,1
26.058138064,0,0
26.058181720,0,1
26.058223378,0,0
26.058261614,0,1
26.058284922,1,1
26.058304252,1,0
26.058348886,1,1
26.132174586,0,1
26.132186396,0,0
26.132229072,0,1
26.132270730,0,0
26.132311928,0,1
26.132353590,0,0
26.132394782,0,1
26.132436444,0,0
26.132477634,0,1
26.132519292,0,0
26.132560488,0,1
26.132583798,1,1
26.132603130,1,0
26.132644318,1,1
26.132686968,1,0
26.132728154,1,1
26.132770802,1,0
26.132811992,1,1
26.132854642,1,0
26.132898292,1,1
26.132940940,1,0
26.132979170,1,1
26.133021816,1,0
26.133066454,1,1
26.136701052,0,1
26.136712864,0,0
26.136755540,0,1
26.136778852,1,1
26.136798184,1,0
26.136839370,1,1
26.136882024,1,0
26.136923212,1,1
26.136944684,0,1
26.136964878,0,0
26.137006070,0,1
26.137029378,1,1
26.137048710,1,0
26.137089896,1,1
26.137111372,0,1
26.137131568,0,0
26.137172766,0,1
26.137196080,1,1
26.137215410,1,0
26.137256598,1,1
26.137278074,0,1
26.137298270,0,0
26.137339466,0,1
26.137381124,0,0
26.137424786,0,1
26.137448100,1,1
26.137467430,1,0
26.137505658,1,1
26.137548308,1,0
26.137592942,1,1
26.146991262,0,1
26.147003074,0,0
26.147045748,0,1
26.147087410,0,0
26.147128608,0,1
26.147170272,0,0
26.147211472,0,1
26.147253134,0,0
26.147294332,0,1
26.147335996,0,0
26.147377196,0,1
26.147400506,1,1
26.147419840,1,0
26.147461032,1,1
26.147503682,1,0
26.147544872,1,1
26.147587524,1,0
26.147628710,1,1
26.147671364,1,0
26.147715012,1,1
26.147715016,1,0
26.147715020,1,1
26.147757668,1,0
26.147795894,1,1
26.147795900,1,0
26.147795904,1,1
26.147838548,1,0
26.147883190,1,1
26.151518642,0,1
26.151530452,0,0
26.151573140,0,1
26.151596456,1,1
26.151615794,1,0
26.151656994,1,1
26.151699656,1,0
26.151740852,1,1
26.151762330,0,1
26.151782526,0,0
26.151823734,0,1
26.151865402,0,0
26.151906606,0,1
26.151948270,0,0
26.151989474,0,1
26.152012786,1,1
26.152032122,1,0
26.152073320,1,1
26.152094802,0,1
26.152115002,0,0
26.152156204,0,1
26.152197868,0,0
26.152241532,0,1
26.152283196,0,0
26.152321442,0,1
26.152344756,1,1
26.152364092,1,0
26.152408740,1,1
26.160779350,1,0
26.161033846,0,0
26.161799800,0,1
26.161927248,0,0
26.161928710,1,0
26.161968442,1,1
26.162010114,1,0
26.162011412,0,0
26.162051320,0,1
26.162093958,0,0
26.162095610,1,0
26.162135150,1,1
26.162176832,1,0
26.162218030,1,1
26.162259690,1,0
26.162260894,0,0
26.162300898,0,1
26.162343556,0,0
26.162345520,1,0
26.162384752,1,1
26.162426418,1,0
26.162467606,1,1
26.162509268,1,0
26.162550456,1,1
26.162593600,1,0
26.162634788,1,1
26.162677444,1,0
26.162718638,1,1
26.162718644,1,0
26.162718646,1,1
26.162751952,0,1
26.162765246,0,0
26.162806460,0,1
26.162829776,1,1
26.163101628,0,1
26.163113440,0,0
26.163156120,0,1
26.163197790,0,0
26.163238998,0,1
26.163262308,1,1
26.163281644,1,0
26.163322832,1,1
26.163344312,0,1
26.163364508,0,0
26.163405710,0,1
26.163429024,1,1
26.163448358,1,0
26.163489554,1,1
26.163532214,1,0
26.163573410,1,1
26.163616064,1,0
26.163657254,1,1
26.163657258,1,0
26.163657260,1,1
26.163699908,1,0
26.163741102,1,1
26.163783756,1,0
26.163827412,1,1
26.163870068,1,0
26.163908300,1,1
26.163950954,1,0
26.163995598,1,1
26.164060680,1,0
26.164315622,0,0
26.165078490,0,1
26.165123838,0,0
26.165165052,0,1
26.165207714,0,0
26.165248924,0,1
26.165291580,0,0
26.165332794,0,1
26.165375452,0,0
26.165416668,0,1
26.165459326,0,0
26.165500538,0,1
26.165543192,0,0
26.165584412,0,1
26.165627068,0,0
26.165668276,0,1
26.165710938,0,0
26.165752152,0,1
26.165796286,0,0
26.165798570,1,0
26.165837482,1,1
26.165880144,1,0
26.165921340,1,1
26.165954656,0,1
26.165967950,0,0
26.166009166,0,1
26.166032488,1,1
26.166375700,0,1
26.166387494,0,0
26.166430100,0,1
26.166471702,0,0
26.166512834,0,1
26.166536110,1,1
26.166555414,1,0
26.166596538,1,1
26.166617980,0,1
26.166638146,0,0
26.166679274,0,1
26.166702546,1,1
26.166721848,1,0
26.166762970,1,1
26.166805554,1,0
26.166846672,1,1
26.166889258,1,0
26.166930380,1,1
26.166972962,1,0
26.167014080,1,1
26.167056664,1,0
26.167100248,1,1
26.167142832,1,0
26.167180998,1,1
26.167223586,1,0
26.167268158,1,1
26.191340774,0,1
26.191352568,0,0
26.191395186,0,1
26.191436792,0,0
26.191477932,0,1
26.191519542,0,0
26.191560684,0,1
26.191583962,1,1
26.191603272,1,0
26.191644404,1,1
26.191665852,0,1
26.191686018,0,0
26.191727152,0,1
26.191750432,1,1
26.191769742,1,0
26.191810878,1,1
26.191853470,1,0
26.191894602,1,1
26.191894608,1,0
26.191894612,1,1
26.191916050,0,1
26.191936218,0,0
26.191977356,0,1
26.192018966,0,0
26.192062572,0,1
26.192104180,0,0
26.192142362,0,1
26.192165642,1,1
26.192184954,1,0
26.192229536,1,1
26.195858462,0,1
26.195870256,0,0
26.195912874,0,1
26.195936148,1,1
26.195955454,1,0
26.195996590,1,1
26.196039180,1,0
26.196080308,1,1
26.196101754,0,1
26.196121920,0,0
26.196163060,0,1
26.196186332,1,1
26.196205640,1,0
26.196246774,1,1
26.196268218,0,1
26.196288386,0,0
26.196329524,0,1
26.196352800,1,1
26.196372112,1,0
26.196413242,1,1
26.196434684,0,1
26.196454852,0,0
26.196495988,0,1
26.196537594,0,0
26.196581192,0,1
26.196604472,1,1
26.196623780,1,0
26.196661960,1,1
26.196704550,1,0
26.196749126,1,1
26.312096948,1,0
26.312351758,0,0
26.313114658,0,1
26.313249640,0,0
26.313251404,1,0
26.313290796,1,1
26.313332430,1,0
26.313334112,0,0
26.313373594,0,1
26.313416210,0,0
26.313418318,1,0
26.313457360,1,1
26.313457366,1,0
26.313457368,1,1
26.313498998,1,0
26.313540152,1,1
26.313581782,1,0
26.313583060,0,0
26.313622946,0,1
26.313665560,0,0
26.313667274,1,0
26.313706718,1,1
26.313748346,1,0
26.313789500,1,1
26.313831130,1,0
26.313872284,1,1
26.313915386,1,0
26.313956538,1,1
26.313999152,1,0
26.314040298,1,1
26.314073580,0,1
26.314086860,0,0
26.314128014,0,1
26.314151304,1,1
26.314422912,0,1
26.314434712,0,0
26.314477354,0,1
26.314518982,0,0
26.314560144,0,1
26.314583438,1,1
26.314602760,1,0
26.314643918,1,1
26.314665376,0,1
26.314685554,0,0
26.314726718,0,1
26.314750010,1,1
26.314769332,1,0
26.314810486,1,1
26.314853106,1,0
26.314894266,1,1
26.314936884,1,0
26.314978040,1,1
26.315020662,1,0
26.315061814,1,1
26.315104432,1,0
26.315148044,1,1
26.315190650,1,0
26.315228848,1,1
26.315271474,1,0
26.315316088,1,1
26.315381920,1,0
26.315637680,0,0
26.316405560,0,1
26.316452074,0,0
26.316493252,0,1
26.316535876,0,0
26.316577056,0,1
26.316619678,0,0
26.316621480,1,0
26.316660836,1,1
26.316702478,1,0
26.316703604,0,0
26.316743652,0,1
26.316786270,0,0
26.316827442,0,1
26.316870062,0,0
26.316911238,0,1
26.316953856,0,0
26.316995028,0,1
26.317037652,0,0
26.317078826,0,1
26.317122928,0,0
26.317164102,0,1
26.317203272,0,0
26.317204638,1,0
26.317244436,1,1
26.317277730,0,1
26.317291012,0,0
26.317332178,0,1
26.317355472,1,1
26.317694304,0,1
26.317706122,0,0
26.317748830,0,1
26.317790522,0,0
26.317831750,0,1
26.317831756,0,0
26.317831760,0,1
26.317855082,1,1
26.317874432,1,0
26.317915662,1,1
26.317937152,0,1
26.317957364,0,0
26.317998598,0,1
26.318021930,1,1
26.318041282,1,0
26.318082506,1,1
26.318125196,1,0
26.318166424,1,1
26.318209114,1,0
26.318250340,1,1
26.318293032,1,0
26.318334256,1,1
26.318376946,1,0
26.318420642,1,1
26.318463330,1,0
26.318501598,1,1
26.318544292,1,0
26.318588978,1,1
26.337371698,0,1
26.337383520,0,0
26.337426244,0,1
26.337467948,0,0
26.337509188,0,1
26.337550898,0,0
26.337592140,0,1
26.337633838,0,0
26.337675068,0,1
26.337716756,0,0
26.337757980,0,1
26.337781304,1,1
26.337800650,1,0
26.337841868,1,1
26.337884548,1,0
26.337925760,1,1
26.337968442,1,0
26.338009658,1,1
26.338052330,1,0
26.338096006,1,1
26.338138676,1,0
26.338176918,1,1
26.338219588,1,0
26.338264248,1,1
26.341899800,0,1
26.341911610,0,0
26.341954278,0,1
26.341977584,1,1
26.341996916,1,0
26.342038100,1,1
26.342080746,1,0
26.342121928,1,1
26.342121932,1,0
26.342121936,1,1
26.342143404,0,1
26.342163598,0,0
26.342204786,0,1
26.342228094,1,1
26.342247426,1,0
26.342288614,1,1
26.342310086,0,1
26.342330278,0,0
26.342371468,0,1
26.342394776,1,1
26.342414108,1,0
26.342455290,1,1
26.342476764,0,1
26.342496956,0,0
26.342538148,0,1
26.342579808,0,0
26.342623464,0,1
26.342646774,1,1
26.342666106,1,0
26.342704332,1,1
26.342746976,1,0
26.342791610,1,1
26.354746278,0,1
26.354758086,0,0
26.354800758,0,1
26.354842416,0,0
26.354883612,0,1
26.354925266,0,0
26.354966456,0,1
26.355008118,0,0
26.355049314,0,1
26.355090976,0,0
26.355132172,0,1
26.355155480,1,1
26.355174814,1,0
26.355215998,1,1
26.355258652,1,0
26.355299840,1,1
26.355342486,1,0
26.355383674,1,1
26.355426316,1,0
26.355469948,1,1
26.355512600,1,0
26.355550832,1,1
26.355593480,1,0
26.355638110,1,1
26.359273110,0,1
26.359284920,0,0
26.359327590,0,1
26.359369250,0,0
26.359410440,0,1
26.359452102,0,0
26.359493290,0,1
26.359516598,1,1
26.359535930,1,0
26.359577120,1,1
26.359598592,0,1
26.359618786,0,0
26.359659976,0,1
26.359683288,1,1
26.359702622,1,0
26.359743812,1,1
26.359786464,1,0
26.359827654,1,1
26.359849126,0,1
26.359869320,0,0
26.359910510,0,1
26.359952172,0,0
26.359995834,0,1
26.360037488,0,0
26.360075718,0,1
26.360075722,0,0
26.360075726,0,1
26.360099034,1,1
26.360118368,1,0
26.360163004,1,1
26.474183070,0,1
26.474194882,0,0
26.474237558,0,1
26.474279224,0,0
26.474320424,0,1
26.474362090,0,0
26.474403296,0,1
26.474426606,1,1
26.474445940,1,0
26.474487132,1,1
26.474508608,0,1
26.474528806,0,0
26.474570004,0,1
26.474593318,1,1
26.474612652,1,0
26.474653850,1,1
26.474696506,1,0
26.474737704,1,1
26.474759178,0,1
26.474779380,0,0
26.474820586,0,1
26.474862258,0,0
26.474905922,0,1
26.474947580,0,0
26.474985810,0,1
26.475009114,1,1
26.475028446,1,0
26.475073078,1,1
26.478708002,0,1
26.478719814,0,0
26.478762496,0,1
26.478785810,1,1
26.478805144,1,0
26.478846344,1,1
26.478889000,1,0
26.478930196,1,1
26.478951672,0,1
26.478971870,0,0
26.479013068,0,1
26.479054726,0,0
26.479095928,0,1
26.479137592,0,0
26.479178796,0,1
26.479202112,1,1
26.479221452,1,0
26.479262654,1,1
26.479284138,0,1
26.479304340,0,0
26.479345550,0,1
26.479387222,0,0
26.479430894,0,1
26.479472564,0,0
26.479510814,0,1
26.479534130,1,1
26.479553464,1,0
26.479598114,1,1
26.495985506,1,0
26.496240830,0,0
26.497003704,0,1
26.497107212,0,0
26.497109142,1,0
26.497148418,1,1
26.497190096,1,0
26.497191662,0,0
26.497231316,0,1
26.497273976,0,0
26.497275876,1,0
26.497315180,1,1
26.497356856,1,0
26.497398058,1,1
26.497439734,1,0
26.497441612,0,0
26.497480948,0,1
26.497523608,0,0
26.497525838,1,0
26.497564812,1,1
26.497606486,1,0
26.497647690,1,1
26.497689364,1,0
26.497730564,1,1
26.497773718,1,0
26.497814920,1,1
26.497857576,1,0
26.497898778,1,1
26.497932090,0,1
26.497945382,0,0
26.497986588,0,1
26.498009904,1,1
26.498281840,0,1
26.498293654,0,0
26.498336342,0,1
26.498378014,0,0
26.498419224,0,1
26.498442540,1,1
26.498461878,1,0
26.498503084,1,1
26.498524564,0,1
26.498544764,0,0
26.498585976,0,1
26.498609292,1,1
26.498628632,1,0
26.498669834,1,1
26.498712496,1,0
26.498753698,1,1
26.498796358,1,0
26.498837562,1,1
26.498880226,1,0
26.498921426,1,1
26.498964088,1,0
26.499007754,1,1
26.499050418,1,0
26.499088660,1,1
26.499131328,1,0
26.499175988,1,1
26.499238434,1,0
26.499494176,0,0
26.500261184,0,1
26.500306808,0,0
26.500348034,0,1
26.500390698,0,0
26.500431920,0,1
26.500474586,0,0
26.500515806,0,1
26.500558470,0,0
26.500599690,0,1
26.500642358,0,0
26.500683574,0,1
26.500726242,0,0
26.500767464,0,1
26.500810128,0,0
26.500851352,0,1
26.500894016,0,0
26.500935236,0,1
26.500979384,0,0
26.500981018,1,0
26.501020588,1,1
26.501063256,1,0
26.501104462,1,1
26.501104468,1,0
26.501104472,1,1
26.501137788,0,1
26.501151082,0,0
26.501192298,0,1
26.501215618,1,1
26.501558902,0,1
26.501570698,0,0
26.501613316,0,1
26.501654926,0,0
26.501696064,0,1
26.501719340,1,1
26.501738650,1,0
26.501779778,1,1
26.501801222,0,1
26.501821386,0,0
26.501862514,0,1
26.501885788,1,1
26.501905094,1,0
26.501946220,1,1
26.501988806,1,0
26.502029932,1,1
26.502072522,1,0
26.502113654,1,1
26.502156244,1,0
26.502197370,1,1
26.502197376,1,0
26.502197378,1,1
26.502239964,1,0
26.502283552,1,1
26.502326144,1,0
26.502364312,1,1
26.502406904,1,0
26.502451482,1,1
26.503087452,0,1
26.503099248,0,0
26.503141856,0,1
26.503183460,0,0
26.503224598,0,1
26.503266208,0,0
26.503307344,0,1
26.503348948,0,0
26.503390080,0,1
26.503431682,0,0
26.503472816,0,1
26.503496096,1,1
26.503515398,1,0
26.503556528,1,1
26.503599118,1,0
26.503640248,1,1
26.503682834,1,0
26.503723958,1,1
26.503766550,1,0
26.503810136,1,1
26.503852724,1,0
26.503890896,1,1
26.503933484,1,0
26.503978054,1,1
26.507607698,0,1
26.507619490,0,0
26.507662096,0,1
26.507703694,0,0
26.507744820,0,1
26.507786418,0,0
26.507827550,0,1
26.507850822,1,1
26.507870126,1,0
26.507911250,1,1
26.507932692,0,1
26.507952854,0,0
26.507993982,0,1
26.508017258,1,1
26.508036562,1,0
26.508077688,1,1
26.508120284,1,0
26.508161412,1,1
26.508182858,0,1
26.508203024,0,0
26.508244156,0,1
26.508285756,0,0
26.508329352,0,1
26.508370956,0,0
26.508409138,0,1
26.508432408,1,1
26.508451714,1,0
26.508496284,1,1
26.512124828,0,1
26.512136620,0,0
26.512179226,0,1
26.512220822,0,0
26.512261952,0,1
26.512303552,0,0
26.512344684,0,1
26.512386282,0,0
26.512427412,0,1
26.512469012,0,0
26.512510142,0,1
26.512533416,1,1
26.512552718,1,0
26.512593830,1,1
26.512636406,1,0
26.512677538,1,1
26.512720128,1,0
26.512761248,1,1
26.512803834,1,0
26.512847418,1,1
26.512890002,1,0
26.512928174,1,1
26.512970756,1,0
26.513015326,1,1
26.513015332,1,0
26.513015334,1,1
26.516644726,0,1
26.516656518,0,0
26.516699122,0,1
26.516722392,1,1
26.516741696,1,0
26.516782820,1,1
26.516825402,1,0
26.516866520,1,1
26.516887962,0,1
26.516908122,0,0
26.516949246,0,1
26.516990840,0,0
26.517031970,0,1
26.517073564,0,0
26.517114698,0,1
26.517137970,1,1
26.517157274,1,0
26.517198396,1,1
26.517219838,0,1
26.517240000,0,0
26.517281128,0,1
26.517322722,0,0
26.517366308,0,1
26.517407906,0,0
26.517446076,0,1
26.517469348,1,1
26.517488654,1,0
26.517533220,1,1
26.543686864,0,1
26.543698654,0,0
26.543741252,0,1
26.543782842,0,0
26.543823968,0,1
26.543865560,0,0
26.543906684,0,1
26.543929954,1,1
26.543949258,1,0
26.543990376,1,1
26.544011816,0,1
26.544031978,0,0
26.544073104,0,1
26.544096376,1,1
26.544115682,1,0
26.544156800,1,1
26.544199382,1,0
26.544240500,1,1
26.544261940,0,1
26.544282100,0,0
26.544323224,0,1
26.544364816,0,0
26.544408404,0,1
26.544449994,0,0
26.544488164,0,1
26.544511436,1,1
26.544530740,1,0
26.544575306,1,1
26.624096796,1,0
26.624351464,0,0
26.625114050,0,1
26.625271900,0,0
26.625273698,1,0
26.625313014,1,1
26.625354600,1,0
26.625356378,0,0
26.625395722,0,1
26.625438294,0,0
26.625440550,1,0
26.625479406,1,1
26.625521000,1,0
26.625562108,1,1
26.625603696,1,0
26.625605236,0,0
26.625644824,0,1
26.625687400,0,0
26.625689432,1,0
26.625728514,1,1
26.625770102,1,0
26.625811214,1,1
26.625852800,1,0
26.625893908,1,1
26.625936974,1,0
26.625978076,1,1
26.625978080,1,0
26.625978084,1,1
26.626020650,1,0
26.626061758,1,1
26.626095014,0,1
26.626108278,0,0
26.626149396,0,1
26.626172664,1,1
26.626444012,0,1
26.626455800,0,0
26.626498388,0,1
26.626539974,0,0
26.626581094,0,1
26.626604360,1,1
26.626623658,1,0
26.626664770,1,1
26.626686206,0,1
26.626706364,0,0
26.626747476,0,1
26.626770742,1,1
26.626790042,1,0
26.626831152,1,1
26.626873728,1,0
26.626914838,1,1
26.626957412,1,0
26.626998518,1,1
26.626998520,1,0
26.626998524,1,1
26.627041096,1,0
26.627082208,1,1
26.627124786,1,0
26.627168356,1,1
26.627210930,1,0
26.627249084,1,1
26.627291656,1,0
26.627336204,1,1
26.627396326,1,0
26.627651960,0,0
26.628419374,0,1
26.628464572,0,0
26.628505708,0,1
26.628548288,0,0
26.628589416,0,1
26.628631996,0,0
26.628634176,1,0
26.628673118,1,1
26.628714712,1,0
26.628716254,0,0
26.628755840,0,1
26.628798420,0,0
26.628839546,0,1
26.628882126,0,0
26.628923256,0,1
26.628965834,0,0
26.629006960,0,1
26.629049538,0,0
26.629090668,0,1
26.629134720,0,0
26.629175848,0,1
26.629214982,0,0
26.629217016,1,0
26.629256094,1,1
26.629289350,0,1
26.629302618,0,0
26.629343738,0,1
26.629367004,1,1
26.629705448,0,1
26.629717254,0,0
26.629759908,0,1
26.629801552,0,0
26.629842734,0,1
26.629866040,1,1
26.629885366,1,0
26.629926538,1,1
26.629948008,0,1
26.629968196,0,0
26.630009382,0,1
26.630032684,1,1
26.630052012,1,0
26.630093194,1,1
26.630135834,1,0
26.630177010,1,1
26.630219652,1,0
26.630260834,1,1
26.630303476,1,0
26.630344656,1,1
26.630387302,1,0
26.630430948,1,1
26.630473592,1,0
26.630511818,1,1
26.630554458,1,0
26.630599086,1,1
26.630599092,1,0
26.630599096,1,1
26.631238904,0,1
26.631250716,0,0
26.631293392,0,1
26.631335050,0,0
26.631376238,0,1
26.631417896,0,0
26.631459088,0,1
26.631482392,1,1
26.631501720,1,0
26.631542906,1,1
26.631564376,0,1
26.631584568,0,0
26.631625752,0,1
26.631667410,0,0
26.631708602,0,1
26.631731908,1,1
26.631751236,1,0
26.631792420,1,1
26.631813896,0,1
26.631834088,0,0
26.631875280,0,1
26.631916938,0,0
26.631960596,0,1
26.631983902,1,1
26.632003234,1,0
26.632041460,1,1
26.632084108,1,0
26.632128746,1,1
26.651421942,0,1
26.651433754,0,0
26.651476430,0,1
26.651518094,0,0
26.651559286,0,1
26.651582598,1,1
26.651601934,1,0
26.651643120,1,1
26.651685772,1,0
26.651726968,1,1
26.651769618,1,0
26.651810806,1,1
26.651832280,0,1
26.651852474,0,0
26.651893670,0,1
26.651916980,1,1
26.651936308,1,0
26.651977494,1,1
26.651998970,0,1
26.652019164,0,0
26.652060362,0,1
26.652102030,0,0
26.652145702,0,1
26.652169014,1,1
26.652188350,1,0
26.652226582,1,1
26.652269242,1,0
26.652313884,1,1
26.655947928,0,1
26.655959738,0,0
26.656002412,0,1
26.656025722,1,1
26.656045056,1,0
26.656086248,1,1
26.656107724,0,1
26.656127920,0,0
26.656169118,0,1
26.656192432,1,1
26.656211766,1,0
26.656252956,1,1
26.656295608,1,0
26.656336802,1,1
26.656358276,0,1
26.656378470,0,0
26.656419666,0,1
26.656442980,1,1
26.656462312,1,0
26.656503504,1,1
26.656524978,0,1
26.656545172,0,0
26.656586372,0,1
26.656628034,0,0
26.656671698,0,1
26.656695008,1,1
26.656714344,1,0
26.656752574,1,1
26.656795222,1,0
26.656839866,1,1
26.677118108,0,1
26.677129920,0,0
26.677172602,0,1
26.677214268,0,0
26.677255470,0,1
26.677297136,0,0
26.677338338,0,1
26.677380000,0,0
26.677421204,0,1
26.677462872,0,0
26.677504074,0,1
26.677527384,1,1
26.677546722,1,0
26.677587912,1,1
26.677630568,1,0
26.677671758,1,1
26.677714406,1,0
26.677755588,1,1
26.677798250,1,0
26.677841924,1,1
26.677884572,1,0
26.677922808,1,1
26.677965462,1,0
26.678010108,1,1
26.681644832,0,1
26.681656638,0,0
26.681699300,0,1
26.681740946,0,0
26.681782132,0,1
26.681823778,0,0
26.681864964,0,1
26.681888266,1,1
26.681907592,1,0
26.681948784,1,1
26.681970266,0,1
26.681990474,0,0
26.682031698,0,1
26.682055014,1,1
26.682074352,1,0
26.682115554,1,1
26.682158214,1,0
26.682199410,1,1
26.682220884,0,1
26.682241080,0,0
26.682282286,0,1
26.682323948,0,0
26.682367620,0,1
26.682409286,0,0
26.682447530,0,1
26.682470842,1,1
26.682490176,1,0
26.682534820,1,1
26.710189226,0,1
26.710201038,0,0
26.710243714,0,1
26.710285380,0,0
26.710326582,0,1
26.710368248,0,0
26.710409450,0,1
26.710451116,0,0
26.710492322,0,1
26.710533988,0,0
26.710575196,0,1
26.710598512,1,1
26.710617846,1,0
26.710659044,1,1
26.710701702,1,0
26.710742898,1,1
26.710785552,1,0
26.710826738,1,1
26.710869396,1,0
26.710913052,1,1
26.710955712,1,0
26.710993954,1,1
26.711036610,1,0
26.711081264,1,1
26.714716038,0,1
26.714727848,0,0
26.714770530,0,1
26.714770532,0,0
26.714770536,0,1
26.714793850,1,1
26.714813184,1,0
26.714854380,1,1
26.714875860,0,1
26.714896060,0,0
26.714937264,0,1
26.714960582,1,1
26.714979916,1,0
26.715021116,1,1
26.715063774,1,0
26.715104974,1,1
26.715126450,0,1
26.715146650,0,0
26.715187856,0,1
26.715211172,1,1
26.715230510,1,0
26.715271708,1,1
26.715293186,0,1
26.715313384,0,0
26.715354588,0,1
26.715396256,0,0
26.715439932,0,1
26.715463246,1,1
26.715482582,1,0
26.715520814,1,1
26.715563476,1,0
26.715608126,1,1
26.730048404,0,1
26.730060212,0,0
26.730102888,0,1
26.730144552,0,0
26.730185752,0,1
26.730227416,0,0
26.730268614,0,1
26.730310282,0,0
26.730351484,0,1
26.730393154,0,0
26.730434360,0,1
26.730457672,1,1
26.730477010,1,0
26.730518206,1,1
26.730518208,1,0
26.730518214,1,1
26.730560870,1,0
26.730602070,1,1
26.730644732,1,0
26.730685928,1,1
26.730728588,1,0
26.730772254,1,1
26.730814920,1,0
26.730853164,1,1
26.730895830,1,0
26.730940484,1,1
26.734575268,0,1
26.734587080,0,0
26.734629762,0,1
26.734671422,0,0
26.734712624,0,1
26.734735942,1,1
26.734755274,1,0
26.734796468,1,1
26.734839124,1,0
26.734880318,1,1
26.734922970,1,0
26.734964164,1,1
26.734985640,0,1
26.735005836,0,0
26.735047032,0,1
26.735070350,1,1
26.735089686,1,0
26.735130890,1,1
26.735152366,0,1
26.735172564,0,0
26.735213774,0,1
26.735255450,0,0
26.735299120,0,1
26.735322436,1,1
26.735341774,1,0
26.735380010,1,1
26.735422664,1,0
26.735467312,1,1
26.757739422,0,1
26.757751236,0,0
26.757793916,0,1
26.757835578,0,0
26.757876778,0,1
26.757918446,0,0
26.757959648,0,1
26.758001318,0,0
26.758042528,0,1
26.758084202,0,0
26.758125420,0,1
26.758148738,1,1
26.758168080,1,0
26.758209280,1,1
26.758251934,1,0
26.758293132,1,1
26.758335790,1,0
26.758376982,1,1
26.758376988,1,0
26.758376990,1,1
26.758419642,1,0
26.758463306,1,1
26.758505960,1,0
26.758544196,1,1
26.758586852,1,0
26.758631496,1,1
26.762270290,0,1
26.762282104,0,0
26.762324788,0,1
26.762366458,0,0
26.762407662,0,1
26.762449332,0,0
26.762490544,0,1
26.762513860,1,1
26.762533196,1,0
26.762574394,1,1
26.762595872,0,1
26.762616072,0,0
26.762657278,0,1
26.762698946,0,0
26.762740152,0,1
26.762763468,1,1
26.762782804,1,0
26.762824002,1,1
26.762845484,0,1
26.762865688,0,0
26.762906910,0,1
26.762948592,0,0
26.762992272,0,1
26.763015592,1,1
26.763034930,1,0
26.763073172,1,1
26.763115844,1,0
26.763160494,1,1
26.763160498,1,0
26.763160502,1,1
26.773909602,1,0
26.774165298,0,0
26.774928278,0,1
26.775030830,0,0
26.775032746,1,0
26.775072034,1,1
26.775113712,1,0
26.775115082,0,0
26.775154926,0,1
26.775197594,0,0
26.775199152,1,0
26.775238802,1,1
26.775280480,1,0
26.775321686,1,1
26.775363366,1,0
26.775364940,0,0
26.775404582,0,1
26.775447244,0,0
26.775449172,1,0
26.775488446,1,1
26.775530116,1,0
26.775571314,1,1
26.775612988,1,0
26.775654188,1,1
26.775697338,1,0
26.775738540,1,1
26.775781198,1,0
26.775822394,1,1
26.775822400,1,0
26.775822404,1,1
26.775855714,0,1
26.775869008,0,0
26.775910210,0,1
26.775933526,1,1
26.776205456,0,1
26.776217270,0,0
26.776259956,0,1
26.776301628,0,0
26.776342834,0,1
26.776366150,1,1
26.776385488,1,0
26.776426688,1,1
26.776448162,0,1
26.776468360,0,0
26.776509570,0,1
26.776532886,1,1
26.776552222,1,0
26.776593426,1,1
26.776636086,1,0
26.776677286,1,1
26.776719946,1,0
26.776761152,1,1
26.776803812,1,0
26.776845012,1,1
26.776887674,1,0
26.776931342,1,1
26.776974004,1,0
26.777012246,1,1
26.777054908,1,0
26.777099568,1,1
26.777163048,1,0
26.777418830,0,0
26.778185696,0,1
26.778230440,0,0
26.778271662,0,1
26.778314328,0,0
26.778355546,0,1
26.778398214,0,0
26.778439438,0,1
26.778482094,0,0
26.778523302,0,1
26.778565970,0,0
26.778607202,0,1
26.778649862,0,0
26.778691078,0,1
26.778733758,0,0
26.778775002,0,1
26.778817690,0,0
26.778858934,0,1
26.778903086,0,0
26.778904714,1,0
26.778944296,1,1
26.778986970,1,0
26.779028176,1,1
26.779061498,0,1
26.779074794,0,0
26.779116006,0,1
26.779139328,1,1
26.779482618,0,1
26.779494414,0,0
26.779537034,0,1
26.779578644,0,0
26.779619784,0,1
26.779643066,1,1
26.779662372,1,0
26.779703506,1,1
26.779724952,0,1
26.779745120,0,0
26.779786262,0,1
26.779809542,1,1
26.779828848,1,0
26.779869978,1,1
26.779912574,1,0
26.779953704,1,1
26.779996296,1,0
26.780037426,1,1
26.780080018,1,0
26.780121154,1,1
26.780163748,1,0
26.780207340,1,1
26.780249932,1,0
26.780288108,1,1
26.780330702,1,0
26.780375278,1,1
26.787588518,0,1
26.787600310,0,0
26.787642916,0,1
26.787684510,0,0
26.787725638,0,1
26.787748910,1,1
26.787768214,1,0
26.787809336,1,1
26.787851920,1,0
26.787893042,1,1
26.787914484,0,1
26.787934648,0,0
26.787975778,0,1
26.787999052,1,1
26.788018356,1,0
26.788059482,1,1
26.788102076,1,0
26.788143210,1,1
26.788164654,0,1
26.788184820,0,0
26.788225952,0,1
26.788267548,0,0
26.788311144,0,1
26.788334418,1,1
26.788353722,1,0
26.788391886,1,1
26.788434472,1,0
26.788479040,1,1
26.804907860,0,1
26.804919652,0,0
26.804962254,0,1
26.804985528,1,1
26.805004832,1,0
26.805045952,1,1
26.805067396,0,1
26.805087562,0,0
26.805128692,0,1
26.805151966,1,1
26.805171272,1,0
26.805212400,1,1
26.805233840,0,1
26.805254004,0,0
26.805295128,0,1
26.805318406,1,1
26.805337712,1,0
26.805378832,1,1
26.805421418,1,0
26.805462540,1,1
26.805483984,0,1
26.805504146,0,0
26.805545276,0,1
26.805586876,0,0
26.805630468,0,1
26.805653744,1,1
26.805673050,1,0
26.805711220,1,1
26.805753810,1,0
26.805798380,1,1
26.809426732,0,1
26.809438524,0,0
26.809481126,0,1
26.809522724,0,0
26.809563850,0,1
26.809587126,1,1
26.809606426,1,0
26.809647548,1,1
26.809690134,1,0
26.809731256,1,1
26.809773840,1,0
26.809814962,1,1
26.809836402,0,1
26.809856566,0,0
26.809897694,0,1
26.809920972,1,1
26.809940276,1,0
26.809981396,1,1
26.810002840,0,1
26.810023004,0,0
26.810064134,0,1
26.810105736,0,0
26.810149326,0,1
26.810149330,0,0
26.810149334,0,1
26.810172606,1,1
26.810191914,1,0
26.810230080,1,1
26.810272668,1,0
26.810317238,1,1
26.869855992,0,1
26.869867780,0,0
26.869910374,0,1
26.869951962,0,0
26.869993082,0,1
26.870034668,0,0
26.870075788,0,1
26.870117380,0,0
26.870158498,0,1
26.870200088,0,0
26.870241210,0,1
26.870264478,1,1
26.870283780,1,0
26.870324890,1,1
26.870367468,1,0
26.870408580,1,1
26.870451156,1,0
26.870492264,1,1
26.870534844,1,0
26.870578414,1,1
26.870578418,1,0
26.870578420,1,1
26.870620994,1,0
26.870659152,1,1
26.870701724,1,0
26.870746278,1,1
26.874374048,0,1
26.874385836,0,0
26.874428430,0,1
26.874451698,1,1
26.874470998,1,0
26.874512110,1,1
26.874533550,0,1
26.874553712,0,0
26.874594834,0,1
26.874618104,1,1
26.874637408,1,0
26.874678524,1,1
26.874699964,0,1
26.874720122,0,0
26.874761238,0,1
26.874784510,1,1
26.874803810,1,0
26.874844922,1,1
26.874887500,1,0
26.874928614,1,1
26.874950054,0,1
26.874970214,0,0
26.875011330,0,1
26.875052918,0,0
26.875096502,0,1
26.875119772,1,1
26.875139074,1,0
26.875177230,1,1
26.875177236,1,0
26.875177240,1,1
26.875219812,1,0
26.875264376,1,1
26.881971362,0,1
26.881983152,0,0
26.882025750,0,1
26.882067342,0,0
26.882108466,0,1
26.882150060,0,0
26.882191184,0,1
26.882232774,0,0
26.882273900,0,1
26.882315492,0,0
26.882356616,0,1
26.882379884,1,1
26.882399186,1,0
26.882440302,1,1
26.882482878,1,0
26.882523994,1,1
26.882566574,1,0
26.882607688,1,1
26.882650268,1,0
26.882693842,1,1
26.882736424,1,0
26.882774580,1,1
26.882817160,1,0
26.882861716,1,1
26.886488392,0,1
26.886500176,0,0
26.886542748,0,1
26.886584318,0,0
26.886625420,0,1
26.886648676,1,1
26.886667968,1,0
26.886709060,1,1
26.886709066,1,0
26.886709068,1,1
26.886751640,1,0
26.886792758,1,1
26.886835330,1,0
26.886876444,1,1
26.886897878,0,1
26.886918036,0,0
26.886959150,0,1
26.886982418,1,1
26.887001722,1,0
26.887042830,1,1
26.887064266,0,1
26.887084424,0,0
26.887125548,0,1
26.887167134,0,0
26.887210722,0,1
26.887233994,1,1
26.887253298,1,0
26.887291462,1,1
26.887334040,1,0
26.887378582,1,1
26.907038012,0,1
26.907049802,0,0
26.907092394,0,1
26.907133984,0,0
26.907175110,0,1
26.907216700,0,0
26.907257818,0,1
26.907299408,0,0
26.907340528,0,1
26.907382116,0,0
26.907423230,0,1
26.907446500,1,1
26.907465798,1,0
26.907506904,1,1
26.907549482,1,0
26.907590594,1,1
26.907633168,1,0
26.907674274,1,1
26.907716850,1,0
26.907760420,1,1
26.907802994,1,0
26.907841148,1,1
26.907883724,1,0
26.907928278,1,1
26.911555796,0,1
26.911567582,0,0
26.911610162,0,1
26.911651748,0,0
26.911692864,0,1
26.911716130,1,1
26.911735430,1,0
26.911776542,1,1
26.911819124,1,0
26.911860236,1,1
26.911881676,0,1
26.911901832,0,0
26.911942954,0,1
26.911966218,1,1
26.911985518,1,0
26.912026632,1,1
26.912069208,1,0
26.912110322,1,1
26.912131758,0,1
26.912151918,0,0
26.912193038,0,1
26.912234624,0,0
26.912278204,0,1
26.912301474,1,1
26.912320776,1,0
26.912358930,1,1
26.912401508,1,0
26.912446068,1,1
26.927776738,1,0
26.928032414,0,0
26.928801836,0,1
26.929255426,0,0
26.929256990,1,0
26.929296540,1,1
26.929338138,1,0
26.929339690,0,0
26.929379268,0,1
26.929421844,0,0
26.929423890,1,0
26.929462962,1,1
26.929504556,1,0
26.929545664,1,1
26.929587260,1,0
26.929588592,0,0
26.929628384,0,1
26.929670960,0,0
26.929672778,1,0
26.929712072,1,1
26.929753668,1,0
26.929794778,1,1
26.929836370,1,0
26.929877484,1,1
26.929920550,1,0
26.929961656,1,1
26.930004232,1,0
26.930045340,1,1
26.930078586,0,1
26.930091854,0,0
26.930132974,0,1
26.930156246,1,1
26.930427596,0,1
26.930439384,0,0
26.930481978,0,1
26.930523566,0,0
26.930564688,0,1
26.930587954,1,1
26.930607256,1,0
26.930648374,1,1
26.930669812,0,1
26.930689968,0,0
26.930731082,0,1
26.930754354,1,1
26.930773654,1,0
26.930814766,1,1
26.930857344,1,0
26.930898460,1,1
26.930941034,1,0
26.930982142,1,1
26.931024716,1,0
26.931065826,1,1
26.931108406,1,0
26.931151984,1,1
26.931194564,1,0
26.931232722,1,1
26.931275294,1,0
26.931319852,1,1
26.931373998,1,0
26.931629628,0,0
26.932397140,0,1
26.932441898,0,0
26.932483030,0,1
26.932525614,0,0
26.932566746,0,1
26.932609326,0,0
26.932610944,1,0
26.932650444,1,1
26.932692040,1,0
26.932694038,0,0
26.932733166,0,1
26.932775744,0,0
26.932816868,0,1
26.932859440,0,0
26.932900568,0,1
26.932943144,0,0
26.932984270,0,1
26.933026846,0,0
26.933067976,0,1
26.933112026,0,0
26.933153154,0,1
26.933192284,0,0
26.933193906,1,0
26.933233392,1,1
26.933266648,0,1
26.933279916,0,0
26.933321044,0,1
26.933344312,1,1
26.933682788,0,1
26.933694594,0,0
26.933737254,0,1
26.933778906,0,0
26.933820096,0,1
26.933843402,1,1
26.933862732,1,0
26.933903916,1,1
26.933925388,0,1
26.933945582,0,0
26.933986774,0,1
26.934010078,1,1
26.934029408,1,0
26.934070594,1,1
26.934113234,1,0
26.934154410,1,1
26.934197060,1,0
26.934238240,1,1
26.934280886,1,0
26.934322074,1,1
26.934364722,1,0
26.934408368,1,1
26.934451016,1,0
26.934489238,1,1
26.934489244,1,0
26.934489246,1,1
26.934531884,1,0
26.934576516,1,1
26.941837422,0,1
26.941849232,0,0
26.941891906,0,1
26.941933566,0,0
26.941974754,0,1
26.941998064,1,1
26.942017396,1,0
26.942058584,1,1
26.942101238,1,0
26.942142424,1,1
26.942163902,0,1
26.942184098,0,0
26.942225290,0,1
26.942248598,1,1
26.942267930,1,0
26.942309120,1,1
26.942351770,1,0
26.942392954,1,1
26.942414428,0,1
26.942434624,0,0
26.942475820,0,1
26.942517480,0,0
26.942561140,0,1
26.942584452,1,1
26.942603784,1,0
26.942642014,1,1
26.942684664,1,0
26.942729308,1,1
27.000578806,0,1
27.000590616,0,0
27.000633294,0,1
27.000656602,1,1
27.000675934,1,0
27.000717122,1,1
27.000738596,0,1
27.000758790,0,0
27.000799988,0,1
27.000823300,1,1
27.000842630,1,0
27.000883816,1,1
27.000883820,1,0
27.000883824,1,1
27.000905296,0,1
27.000925494,0,0
27.000966692,0,1
27.001008350,0,0
27.001049550,0,1
27.001072864,1,1
27.001092198,1,0
27.001133392,1,1
27.001154870,0,1
27.001175068,0,0
27.001216270,0,1
27.001257930,0,0
27.001301608,0,1
27.001343282,0,0
27.001381528,0,1
27.001404846,1,1
27.001424180,1,0
27.001468826,1,1
27.018172022,0,1
27.018183836,0,0
27.018226522,0,1
27.018268190,0,0
27.018309392,0,1
27.018351060,0,0
27.018392258,0,1
27.018433928,0,0
27.018475134,0,1
27.018516800,0,0
27.018558002,0,1
27.018581318,1,1
27.018600654,1,0
27.018641852,1,1
27.018641858,1,0
27.018641862,1,1
27.018684516,1,0
27.018725718,1,1
27.018768374,1,0
27.018809564,1,1
27.018809570,1,0
27.018809574,1,1
27.018852228,1,0
27.018895890,1,1
27.018938544,1,0
27.018976780,1,1
27.019019436,1,0
27.019064082,1,1
27.022699962,0,1
27.022711776,0,0
27.022754462,0,1
27.022777774,1,1
27.022797110,1,0
27.022838304,1,1
27.022859780,0,1
27.022879976,0,0
27.022921180,0,1
27.022944496,1,1
27.022963830,1,0
27.023005026,1,1
27.023026502,0,1
27.023046700,0,0
27.023087906,0,1
27.023129576,0,0
27.023170784,0,1
27.023194104,1,1
27.023213444,1,0
27.023254648,1,1
27.023276130,0,1
27.023296332,0,0
27.023337542,0,1
27.023379208,0,0
27.023422882,0,1
27.023464556,0,0
27.023502804,0,1
27.023526124,1,1
27.023545460,1,0
27.023590112,1,1
27.032968872,0,1
27.032980686,0,0
27.033023370,0,1
27.033065034,0,0
27.033106240,0,1
27.033147912,0,0
27.033189122,0,1
27.033230792,0,0
27.033272000,0,1
27.033313676,0,0
27.033354882,0,1
27.033378200,1,1
27.033397536,1,0
27.033438736,1,1
27.033481392,1,0
27.033522590,1,1
27.033565248,1,0
27.033606444,1,1
27.033649102,1,0
27.033692766,1,1
27.033735422,1,0
27.033773660,1,1
27.033816318,1,0
27.033860966,1,1
27.037495946,0,1
27.037507758,0,0
27.037550440,0,1
27.037592110,0,0
27.037633318,0,1
27.037656634,1,1
27.037675970,1,0
27.037717170,1,1
27.037759832,1,0
27.037801030,1,1
27.037822508,0,1
27.037842710,0,0
27.037883916,0,1
27.037907234,1,1
27.037926570,1,0
27.037967768,1,1
27.038010432,1,0
27.038051632,1,1
27.038073110,0,1
27.038093312,0,0
27.038134522,0,1
27.038176192,0,0
27.038219868,0,1
27.038243182,1,1
27.038243184,0,1
27.038243188,1,1
27.038262524,1,0
27.038300762,1,1
27.038343420,1,0
27.038388074,1,1
27.064939538,0,1
27.064951348,0,0
27.064994030,0,1
27.065035698,0,0
27.065076904,0,1
27.065100224,1,1
27.065119564,1,0
27.065160774,1,1
27.065203438,1,0
27.065244644,1,1
27.065266126,0,1
27.065286328,0,0
27.065327536,0,1
27.065350850,1,1
27.065370188,1,0
27.065411386,1,1
27.065454046,1,0
27.065495242,1,1
27.065495246,1,0
27.065495250,1,1
27.065516726,0,1
27.065536928,0,0
27.065578136,0,1
27.065619808,0,0
27.065663482,0,1
27.065686800,1,1
27.065706138,1,0
27.065744376,1,1
27.065787042,1,0
27.065831696,1,1
27.080616148,1,0
27.080870670,0,0
27.081635958,0,1
27.081810154,0,0
27.081811868,1,0
27.081851358,1,1
27.081893036,1,0
27.081894590,0,0
27.081934252,0,1
27.081934256,0,0
27.081934260,0,1
27.081976918,0,0
27.081978814,1,0
27.082018120,1,1
27.082059800,1,0
27.082101006,1,1
27.082142684,1,0
27.082144564,0,0
27.082183900,0,1
27.082226560,0,0
27.082228172,1,0
27.082267760,1,1
27.082309442,1,0
27.082350646,1,1
27.082392322,1,0
27.082433528,1,1
27.082476682,1,0
27.082517884,1,1
27.082560544,1,0
27.082601744,1,1
27.082635062,0,1
27.082648356,0,0
27.082689574,0,1
27.082712898,1,1
27.082984808,0,1
27.082996622,0,0
27.083039306,0,1
27.083080980,0,0
27.083122190,0,1
27.083145508,1,1
27.083164848,1,0
27.083206050,1,1
27.083227532,0,1
27.083247736,0,0
27.083288944,0,1
27.083312260,1,1
27.083331600,1,0
27.083372802,1,1
27.083415462,1,0
27.083456660,1,1
27.083499318,1,0
27.083540516,1,1
27.083583172,1,0
27.083624370,1,1
27.083667030,1,0
27.083710694,1,1
27.083753356,1,0
27.083791596,1,1
27.083834258,1,0
27.083878914,1,1
27.083945298,1,0
27.084200838,0,0
27.084963880,0,1
27.085007258,0,0
27.085048480,0,1
27.085091150,0,0
27.085132372,0,1
27.085175038,0,0
27.085216262,0,1
27.085258922,0,0
27.085300142,0,1
27.085342802,0,0
27.085384018,0,1
27.085426680,0,0
27.085467904,0,1
27.085510564,0,0
27.085551782,0,1
27.085594450,0,0
27.085635668,0,1
27.085679810,0,0
27.085681570,1,0
27.085721016,1,1
27.085763678,1,0
27.085804880,1,1
27.085838202,0,1
27.085851500,0,0
27.085892720,0,1
27.085916046,1,1
27.086259360,0,1
27.086271156,0,0
27.086313774,0,1
27.086355378,0,0
27.086396520,0,1
27.086419804,1,1
27.086439110,1,0
27.086480240,1,1
27.086501688,0,1
27.086521856,0,0
27.086562996,0,1
27.086586276,1,1
27.086605582,1,0
27.086646718,1,1
27.086689310,1,0
27.086730438,1,1
27.086773034,1,0
27.086814162,1,1
27.086856756,1,0
27.086897890,1,1
27.086940478,1,0
27.086984064,1,1
27.087026652,1,0
27.087064824,1,1
27.087107414,1,0
27.087151990,1,1
27.087788048,0,1
27.087799840,0,0
27.087842450,0,1
27.087884050,0,0
27.087925182,0,1
27.087948464,1,1
27.087967768,1,0
27.088008896,1,1
27.088051486,1,0
27.088092618,1,1
27.088135210,1,0
27.088176342,1,1
27.088197784,0,1
27.088217950,0,0
27.088259074,0,1
27.088282350,1,1
27.088301654,1,0
27.088342776,1,1
27.088364220,0,1
27.088384384,0,0
27.088425516,0,1
27.088467122,0,0
27.088510720,0,1
27.088533996,1,1
27.088553300,1,0
27.088591480,1,1
27.088634068,1,0
27.088678640,1,1
27.106885632,0,1
27.106897422,0,0
27.106940022,0,1
27.106963296,1,1
27.106982598,1,0
27.107023718,1,1
27.107045160,0,1
27.107065324,0,0
27.107106460,0,1
27.107129732,1,1
27.107149036,1,0
27.107190160,1,1
27.107211602,0,1
27.107231766,0,0
27.107272892,0,1
27.107296168,1,1
27.107315472,1,0
27.107356594,1,1
27.107399176,1,0
27.107440298,1,1
27.107461738,0,1
27.107481900,0,0
27.107523024,0,1
27.107564618,0,0
27.107608208,0,1
27.107631484,1,1
27.107650784,1,0
27.107688950,1,1
27.107731534,1,0
27.107776100,1,1
27.125560550,0,1
27.125572342,0,0
27.125614948,0,1
27.125656540,0,0
27.125697672,0,1
27.125739268,0,0
27.125780398,0,1
27.125821994,0,0
27.125863120,0,1
27.125904712,0,0
27.125945844,0,1
27.125969112,1,1
27.125988414,1,0
27.126029532,1,1
27.126072116,1,0
27.126113242,1,1
27.126155822,1,0
27.126196940,1,1
27.126239522,1,0
27.126283096,1,1
27.126325678,1,0
27.126363842,1,1
27.126406422,1,0
27.126450982,1,1
27.130079052,0,1
27.130090844,0,0
27.130133450,0,1
27.130175044,0,0
27.130216170,0,1
27.130239442,1,1
27.130258750,1,0
27.130299872,1,1
27.130342454,1,0
27.130383572,1,1
27.130405016,0,1
27.130425178,0,0
27.130466304,0,1
27.130489574,1,1
27.130508878,1,0
27.130549996,1,1
27.130592576,1,0
27.130633690,1,1
27.130655132,0,1
27.130675296,0,0
27.130716422,0,1
27.130758016,0,0
27.130801604,0,1
27.130824878,1,1
27.130844182,1,0
27.130882342,1,1
27.130924926,1,0
27.130969490,1,1
27.160332740,0,1
27.160344530,0,0
27.160387126,0,1
27.160428718,0,0
27.160469832,0,1
27.160511424,0,0
27.160552548,0,1
27.160594140,0,0
27.160635264,0,1
27.160676858,0,0
27.160717980,0,1
27.160741248,1,1
27.160760548,1,0
27.160801662,1,1
27.160844236,1,0
27.160885348,1,1
27.160927926,1,0
27.160969040,1,1
27.161011620,1,0
27.161055196,1,1
27.161097776,1,0
27.161135938,1,1
27.161178514,1,0
27.161223060,1,1
27.164850980,0,1
27.164862770,0,0
27.164905364,0,1
27.164946952,0,0
27.164988070,0,1
27.165011344,1,1
27.165030644,1,0
27.165071760,1,1
27.165114344,1,0
27.165155466,1,1
27.165198044,1,0
27.165239160,1,1
27.165260598,0,1
27.165280760,0,0
27.165321884,0,1
27.165345150,1,1
27.165364454,1,0
27.165405572,1,1
27.165427014,0,1
27.165447174,0,0
27.165488294,0,1
27.165529888,0,0
27.165573472,0,1
27.165596740,1,1
27.165616042,1,0
27.165654204,1,1
27.165696782,1,0
27.165741340,1,1
27.178621610,0,1
27.178633402,0,0
27.178675996,0,1
27.178717588,0,0
27.178758708,0,1
27.178800296,0,0
27.178841418,0,1
27.178864686,1,1
27.178883990,1,0
27.178925108,1,1
27.178967684,1,0
27.179008796,1,1
27.179030236,0,1
27.179050396,0,0
27.179091514,0,1
27.179114784,1,1
27.179134086,1,0
27.179175200,1,1
27.179196642,0,1
27.179216802,0,0
27.179257924,0,1
27.179299514,0,0
27.179343100,0,1
27.179384688,0,0
27.179422858,0,1
27.179446126,1,1
27.179465424,1,0
27.179509980,1,1
27.234486448,0,1
27.234498238,0,0
27.234540828,0,1
27.234564092,1,1
27.234583390,1,0
27.234624500,1,1
27.234667070,1,0
27.234708182,1,1
27.234729618,0,1
27.234749776,0,0
27.234790888,0,1
27.234832470,0,0
27.234873584,0,1
27.234915170,0,0
27.234956286,0,1
27.234979556,1,1
27.234998854,1,0
27.235039964,1,1
27.235061396,0,1
27.235081554,0,0
27.235122674,0,1
27.235164264,0,0
27.235207842,0,1
27.235249432,0,0
27.235287594,0,1
27.235310862,1,1
27.235330164,1,0
27.235374720,1,1
27.245635840,0,1
27.245647630,0,0
27.245690234,0,1
27.245713504,1,1
27.245732806,1,0
27.245773924,1,1
27.245816498,1,0
27.245857612,1,1
27.245879054,0,1
27.245899214,0,0
27.245940336,0,1
27.245963606,1,1
27.245982906,1,0
27.246024020,1,1
27.246045462,0,1
27.246065620,0,0
27.246106744,0,1
27.246130018,1,1
27.246149320,1,0
27.246190438,1,1
27.246211874,0,1
27.246232032,0,0
27.246273154,0,1
27.246314748,0,0
27.246358330,0,1
27.246381602,1,1
27.246400906,1,0
27.246439068,1,1
27.246481650,1,0
27.246526214,1,1
27.431849970,1,0
27.432105662,0,0
27.432868526,0,1
27.433136746,0,0
27.433138982,1,0
27.433177866,1,1
27.433177872,1,0
27.433177876,1,1
27.433219468,1,0
27.433220640,0,0
27.433260594,0,1
27.433303168,0,0
27.433304838,1,0
27.433344276,1,1
27.433385864,1,0
27.433426976,1,1
27.433468562,1,0
27.433470554,0,0
27.433509682,0,1
27.433552250,0,0
27.433553750,1,0
27.433593358,1,1
27.433634946,1,0
27.433676056,1,1
27.433717656,1,0
27.433758768,1,1
27.433801836,1,0
27.433842944,1,1
27.433885520,1,0
27.433926628,1,1
27.433959878,0,1
27.433973146,0,0
27.434014276,0,1
27.434037548,1,1
27.434308894,0,1
27.434320684,0,0
27.434363278,0,1
27.434404866,0,0
27.434445980,0,1
27.434469248,1,1
27.434488548,1,0
27.434529656,1,1
27.434551096,0,1
27.434571254,0,0
27.434612370,0,1
27.434635642,1,1
27.434654940,1,0
27.434696048,1,1
27.434738624,1,0
27.434779732,1,1
27.434822304,1,0
27.434863410,1,1
27.434905986,1,0
27.434947092,1,1
27.434989668,1,0
27.435033234,1,1
27.435033238,1,0
27.435033242,1,1
27.435075812,1,0
27.435113966,1,1
27.435156544,1,0
27.435201102,1,1
27.435261962,1,0
27.435517634,0,0
27.436284618,0,1
27.436329478,0,0
27.436370612,0,1
27.436413190,0,0
27.436454318,0,1
27.436496894,0,0
27.436498438,1,0
27.436538002,1,1
27.436579592,1,0
27.436581524,0,0
27.436620712,0,1
27.436663280,0,0
27.436704406,0,1
27.436746976,0,0
27.436788098,0,1
27.436830672,0,0
27.436871796,0,1
27.436914370,0,0
27.436955498,0,1
27.436999552,0,0
27.437040680,0,1
27.437079804,0,0
27.437081602,1,0
27.437120920,1,1
27.437154174,0,1
27.437167442,0,0
27.437208568,0,1
27.437231840,1,1
27.437570290,0,1
27.437582096,0,0
27.437624754,0,1
27.437666404,0,0
27.437707590,0,1
27.437730892,1,1
27.437750222,1,0
27.437791398,1,1
27.437791402,1,0
27.437791406,1,1
27.437812872,0,1
27.437833060,0,0
27.437874244,0,1
27.437897552,1,1
27.437916880,1,0
27.437958062,1,1
27.438000702,1,0
27.438041882,1,1
27.438084528,1,0
27.438125712,1,1
27.438168356,1,0
27.438209538,1,1
27.438252178,1,0
27.438295822,1,1
27.438338464,1,0
27.438376684,1,1
27.438419326,1,0
27.438463956,1,1
27.567765104,1,0
27.568020880,0,0
27.568784490,0,1
27.568886868,0,0
27.568888940,1,0
27.568928068,1,1
27.568928072,1,0
27.568928074,1,1
27.568969752,1,0
27.568971256,0,0
27.569010974,0,1
27.569053630,0,0
27.569055074,1,0
27.569094832,1,1
27.569136510,1,0
27.569177712,1,1
27.569219388,1,0
27.569221368,0,0
27.569260606,0,1
27.569303262,0,0
27.569305590,1,0
27.569344462,1,1
27.569386142,1,0
27.569427344,1,1
27.569469014,1,0
27.569510212,1,1
27.569553364,1,0
27.569594560,1,1
27.569637218,1,0
27.569678412,1,1
27.569711726,0,1
27.569725022,0,0
27.569766248,0,1
27.569789574,1,1
27.570061506,0,1
27.570073318,0,0
27.570116006,0,1
27.570157678,0,0
27.570198884,0,1
27.570222202,1,1
27.570241536,1,0
27.570282738,1,1
27.570304218,0,1
27.570324418,0,0
27.570365630,0,1
27.570388946,1,1
27.570408286,1,0
27.570449494,1,1
27.570492162,1,0
27.570533366,1,1
27.570576024,1,0
27.570617214,1,1
27.570617220,1,0
27.570617222,1,1
27.570659874,1,0
27.570701072,1,1
27.570743728,1,0
27.570787392,1,1
27.570830048,1,0
27.570868280,1,1
27.570910936,1,0
27.570955584,1,1
27.571018824,1,0
27.571273948,0,0
27.572040570,0,1
27.572086340,0,0
27.572127564,0,1
27.572170230,0,0
27.572211442,0,1
27.572254106,0,0
27.572295324,0,1
27.572337974,0,0
27.572379174,0,1
27.572421834,0,0
27.572463050,0,1
27.572505724,0,0
27.572546940,0,1
27.572589594,0,0
27.572630806,0,1
27.572673466,0,0
27.572714678,0,1
27.572758816,0,0
27.572760944,1,0
27.572800018,1,1
27.572842678,1,0
27.572883870,1,1
27.572917190,0,1
27.572930486,0,0
27.572971698,0,1
27.572995016,1,1
27.573338258,0,1
27.573350052,0,0
27.573392670,0,1
27.573434278,0,0
27.573475416,0,1
27.573498690,1,1
27.573517996,1,0
27.573559126,1,1
27.573580570,0,1
27.573600736,0,0
27.573641874,0,1
27.573665152,1,1
27.573684458,1,0
27.573725586,1,1
27.573768178,1,0
27.573809310,1,1
27.573851898,1,0
27.573893024,1,1
27.573935608,1,0
27.573976730,1,1
27.574019316,1,0
27.574062902,1,1
27.574105492,1,0
27.574143666,1,1
27.574186254,1,0
27.574230832,1,1
27.712111050,1,0
27.712365646,0,0
27.713128224,0,1
27.713269392,0,0
27.713270982,1,0
27.713310512,1,1
27.713352094,1,0
27.713353642,0,0
27.713393204,0,1
27.713435780,0,0
27.713437814,1,0
27.713476900,1,1
27.713518502,1,0
27.713559616,1,1
27.713601202,1,0
27.713602478,0,0
27.713642324,0,1
27.713684894,0,0
27.713686644,1,0
27.713726004,1,1
27.713767594,1,0
27.713808708,1,1
27.713850296,1,0
27.713891404,1,1
27.713934468,1,0
27.713975574,1,1
27.714018150,1,0
27.714059258,1,1
27.714092510,0,1
27.714105778,0,0
27.714146910,0,1
27.714170190,1,1
27.714441566,0,1
27.714453354,0,0
27.714495952,0,1
27.714537538,0,0
27.714578662,0,1
27.714601930,1,1
27.714621232,1,0
27.714662344,1,1
27.714683780,0,1
27.714703940,0,0
27.714745064,0,1
27.714768330,1,1
27.714787628,1,0
27.714828740,1,1
27.714871320,1,0
27.714912430,1,1
27.714955006,1,0
27.714996120,1,1
27.715038688,1,0
27.715079794,1,1
27.715122372,1,0
27.715165944,1,1
27.715208518,1,0
27.715246670,1,1
27.715289244,1,0
27.715333796,1,1
27.715388002,1,0
27.715643642,0,0
27.716411088,0,1
27.716455854,0,0
27.716496986,0,1
27.716539568,0,0
27.716580698,0,1
27.716623278,0,0
27.716624872,1,0
27.716664396,1,1
27.716705994,1,0
27.716707948,0,0
27.716747122,0,1
27.716789696,0,0
27.716830828,0,1
27.716873406,0,0
27.716914536,0,1
27.716957112,0,0
27.716998242,0,1
27.717040818,0,0
27.717081954,0,1
27.717126008,0,0
27.717167138,0,1
27.717206272,0,0
27.717207710,1,0
27.717247394,1,1
27.717280646,0,1
27.717293916,0,0
27.717335052,0,1
27.717358322,1,1
27.717696804,0,1
27.717708608,0,0
27.717751268,0,1
27.717792914,0,0
27.717834104,0,1
27.717857406,1,1
27.717876736,1,0
27.717917918,1,1
27.717939386,0,1
27.717959578,0,0
27.718000766,0,1
27.718024076,1,1
27.718043408,1,0
27.718084592,1,1
27.718127248,1,0
27.718168438,1,1
27.718211086,1,0
27.718252276,1,1
27.718294930,1,0
27.718336114,1,1
27.718378762,1,0
27.718422412,1,1
27.718465050,1,0
27.718503272,1,1
27.718545916,1,0
27.718590546,1,1
27.871672482,1,0
27.871928260,0,0
27.872692270,0,1
27.872812434,0,0
27.872814608,1,0
27.872853638,1,1
27.872895314,1,0
27.872896910,0,0
27.872936532,0,1
27.872979194,0,0
27.872980736,1,0
27.873020396,1,1
27.873062076,1,0
27.873103284,1,1
27.873144962,1,0
27.873146692,0,0
27.873186188,0,1
27.873228848,0,0
27.873230920,1,0
27.873270048,1,1
27.873311728,1,0
27.873352934,1,1
27.873394606,1,0
27.873435812,1,1
27.873478970,1,0
27.873520168,1,1
27.873562828,1,0
27.873604034,1,1
27.873637348,0,1
27.873650644,0,0
27.873691860,0,1
27.873715182,1,1
27.873987110,0,1
27.873998922,0,0
27.874041616,0,1
27.874083288,0,0
27.874124510,0,1
27.874147830,1,1
27.874167166,1,0
27.874208370,1,1
27.874229852,0,1
27.874250054,0,0
27.874291266,0,1
27.874314582,1,1
27.874333918,1,0
27.874375124,1,1
27.874417784,1,0
27.874458982,1,1
27.874501650,1,0
27.874542856,1,1
27.874542858,1,0
27.874542862,1,1
27.874585522,1,0
27.874626730,1,1
27.874669394,1,0
27.874713062,1,1
27.874755730,1,0
27.874793976,1,1
27.874836638,1,0
27.874881296,1,1
27.874942396,1,0
27.875197102,0,0
27.875963528,0,1
27.876003266,0,0
27.876044484,0,1
27.876087156,0,0
27.876128382,0,1
27.876171046,0,0
27.876212266,0,1
27.876254928,0,0
27.876296146,0,1
27.876338810,0,0
27.876380030,0,1
27.876422694,0,0
27.876463916,0,1
27.876463918,0,0
27.876463922,0,1
27.876506584,0,0
27.876547804,0,1
27.876590468,0,0
27.876631692,0,1
27.876675834,0,0
27.876677356,1,0
27.876717044,1,1
27.876759708,1,0
27.876800906,1,1
27.876800910,1,0
27.876800914,1,1
27.876834230,0,1
27.876847528,0,0
27.876888748,0,1
27.876912066,1,1
27.877255354,0,1
27.877267150,0,0
27.877309770,0,1
27.877351378,0,0
27.877392518,0,1
27.877415800,1,1
27.877435108,1,0
27.877476236,1,1
27.877497686,0,1
27.877517854,0,0
27.877558988,0,1
27.877582266,1,1
27.877601572,1,0
27.877642698,1,1
27.877685300,1,0
27.877726440,1,1
27.877769042,1,0
27.877810178,1,1
27.877852772,1,0
27.877893902,1,1
27.877936498,1,0
27.877980088,1,1
27.878022676,1,0
27.878060848,1,1
27.878103438,1,0
27.878148010,1,1
27.878784008,0,1
27.878795802,0,0
27.878838414,0,1
27.878880014,0,0
27.878921152,0,1
27.878962754,0,0
27.879003890,0,1
27.879045488,0,0
27.879086622,0,1
27.879128224,0,0
27.879169358,0,1
27.879192638,1,1
27.879211948,1,0
27.879253078,1,1
27.879253082,1,0
27.879253086,1,1
27.879295672,1,0
27.879336800,1,1
27.879379388,1,0
27.879420514,1,1
27.879463098,1,0
27.879506686,1,1
27.879549278,1,0
27.879587450,1,1
27.879630040,1,0
27.879674618,1,1
27.883303512,0,1
27.883315306,0,0
27.883357912,0,1
27.883381184,1,1
27.883400488,1,0
27.883441612,1,1
27.883484200,1,0
27.883525322,1,1
27.883546768,0,1
27.883566932,0,0
27.883608060,0,1
27.883631332,1,1
27.883650636,1,0
27.883691760,1,1
27.883713206,0,1
27.883733370,0,0
27.883774504,0,1
27.883797778,1,1
27.883817084,1,0
27.883858210,1,1
27.883879654,0,1
27.883899818,0,0
27.883940950,0,1
27.883982554,0,0
27.884026148,0,1
27.884049426,1,1
27.884068732,1,0
27.884106904,1,1
27.884149494,1,0
27.884194066,1,1
27.893786240,0,1
27.893798034,0,0
27.893840638,0,1
27.893882236,0,0
27.893923368,0,1
27.893964966,0,0
27.894006098,0,1
27.894047698,0,0
27.894088828,0,1
27.894130428,0,0
27.894171564,0,1
27.894194840,1,1
27.894214148,1,0
27.894255274,1,1
27.894297862,1,0
27.894338988,1,1
27.894381570,1,0
27.894422692,1,1
27.894465280,1,0
27.894508862,1,1
27.894551450,1,0
27.894589618,1,1
27.894632198,1,0
27.894676750,1,1
27.898306730,0,1
27.898318526,0,0
27.898361148,0,1
27.898384428,1,1
27.898403738,1,0
27.898444874,1,1
27.898487472,1,0
27.898528604,1,1
27.898528608,1,0
27.898528612,1,1
27.898550056,0,1
27.898570224,0,0
27.898611370,0,1
27.898652980,0,0
27.898694120,0,1
27.898735730,0,0
27.898776876,0,1
27.898800154,1,1
27.898819464,1,0
27.898860602,1,1
27.898882050,0,1
27.898902220,0,0
27.898943358,0,1
27.898984968,0,0
27.899028572,0,1
27.899070174,0,0
27.899108360,0,1
27.899131636,1,1
27.899150944,1,0
27.899195520,1,1
27.987450648,0,1
27.987462438,0,0
27.987505034,0,1
27.987546624,0,0
27.987587746,0,1
27.987629342,0,0
27.987670468,0,1
27.987712058,0,0
27.987753184,0,1
27.987794774,0,0
27.987835900,0,1
27.987859170,1,1
27.987878474,1,0
27.987919590,1,1
27.987962170,1,0
27.988003284,1,1
27.988045866,1,0
27.988086980,1,1
27.988129564,1,0
27.988173144,1,1
27.988215720,1,0
27.988253878,1,1
27.988253884,1,0
27.988253886,1,1
27.988296456,1,0
27.988341012,1,1
27.991969646,0,1
27.991981434,0,0
27.992024026,0,1
27.992065616,0,0
27.992106742,0,1
27.992148330,0,0
27.992189454,0,1
27.992212722,1,1
27.992232024,1,0
27.992273142,1,1
27.992315722,1,0
27.992356838,1,1
27.992378276,0,1
27.992398436,0,0
27.992439560,0,1
27.992462824,1,1
27.992482128,1,0
27.992523240,1,1
27.992544676,0,1
27.992564832,0,0
27.992605954,0,1
27.992647544,0,0
27.992691124,0,1
27.992732718,0,0
27.992770880,0,1
27.992770884,0,0
27.992770888,0,1
27.992794150,1,1
27.992813450,1,0
27.992858012,1,1
28.009947206,0,1
28.009958996,0,0
28.010001598,0,1
28.010043186,0,0
28.010084308,0,1
28.010125904,0,0
28.010167030,0,1
28.010208622,0,0
28.010249744,0,1
28.010291338,0,0
28.010332468,0,1
28.010355742,1,1
28.010375048,1,0
28.010416168,1,1
28.010458750,1,0
28.010499860,1,1
28.010499864,1,0
28.010499868,1,1
28.010542442,1,0
28.010583556,1,1
28.010626130,1,0
28.010669702,1,1
28.010712278,1,0
28.010750436,1,1
28.010793016,1,0
28.010837574,1,1
28.014464576,0,1
28.014476366,0,0
28.014518960,0,1
28.014542226,1,1
28.014561526,1,0
28.014602638,1,1
28.014624078,0,1
28.014644236,0,0
28.014685358,0,1
28.014708628,1,1
28.014727932,1,0
28.014769048,1,1
28.014790486,0,1
28.014810644,0,0
28.014851764,0,1
28.014875036,1,1
28.014894338,1,0
28.014935450,1,1
28.014978028,1,0
28.015019140,1,1
28.015040580,0,1
28.015060740,0,0
28.015101864,0,1
28.015143458,0,0
28.015187044,0,1
28.015210320,1,1
28.015229622,1,0
28.015267790,1,1
28.015310374,1,0
28.015354930,1,1
28.031793280,1,0
28.032048928,0,0
28.032818364,0,1
28.032954998,0,0
28.032956898,1,0
28.032996120,1,1
28.033037720,1,0
28.033038978,0,0
28.033078852,0,1
28.033121438,0,0
28.033123574,1,0
28.033162556,1,1
28.033204154,1,0
28.033245272,1,1
28.033286866,1,0
28.033288396,0,0
28.033327992,0,1
28.033370574,0,0
28.033372592,1,0
28.033411690,1,1
28.033453290,1,0
28.033494410,1,1
28.033536010,1,0
28.033577124,1,1
28.033577130,1,0
28.033577134,1,1
28.033620204,1,0
28.033661318,1,1
28.033703896,1,0
28.033745012,1,1
28.033778268,0,1
28.033791538,0,0
28.033832670,0,1
28.033855944,1,1
28.034127328,0,1
28.034139120,0,0
28.034181724,0,1
28.034223314,0,0
28.034264438,0,1
28.034287708,1,1
28.034307012,1,0
28.034348128,1,1
28.034369568,0,1
28.034389728,0,0
28.034430856,0,1
28.034454130,1,1
28.034473428,1,0
28.034514544,1,1
28.034557126,1,0
28.034598240,1,1
28.034640818,1,0
28.034681936,1,1
28.034724518,1,0
28.034765636,1,1
28.034808214,1,0
28.034851792,1,1
28.034894368,1,0
28.034932534,1,1
28.034975116,1,0
28.035019676,1,1
28.035070976,1,0
28.035326244,0,0
28.036092542,0,1
28.036132984,0,0
28.036174122,0,1
28.036216704,0,0
28.036257842,0,1
28.036300426,0,0
28.036302052,1,0
28.036341544,1,1
28.036383146,1,0
28.036385138,0,0
28.036424290,0,1
28.036466882,0,0
28.036508028,0,1
28.036550624,0,0
28.036591760,0,1
28.036634346,0,0
28.036675486,0,1
28.036718070,0,0
28.036759212,0,1
28.036803276,0,0
28.036844410,0,1
28.036883550,0,0
28.036885182,1,0
28.036924678,1,1
28.036957936,0,1
28.036971206,0,0
28.037012350,0,1
28.037035630,1,1
28.037374158,0,1
28.037385964,0,0
28.037428624,0,1
28.037470268,0,0
28.037511448,0,1
28.037534750,1,1
28.037554080,1,0
28.037595254,1,1
28.037616716,0,1
28.037636904,0,0
28.037678086,0,1
28.037701386,1,1
28.037720716,1,0
28.037761892,1,1
28.037804532,1,0
28.037845706,1,1
28.037888344,1,0
28.037929522,1,1
28.037972166,1,0
28.038013352,1,1
28.038056000,1,0
28.038099664,1,1
28.038142316,1,0
28.038180542,1,1
28.038180546,1,0
28.038180550,1,1
28.038223198,1,0
28.038267838,1,1
28.077795028,0,1
28.077806840,0,0
28.077849518,0,1
28.077872832,1,1
28.077892164,1,0
28.077933360,1,1
28.077954838,0,1
28.077975034,0,0
28.078016236,0,1
28.078039550,1,1
28.078058886,1,0
28.078100084,1,1
28.078121566,0,1
28.078141764,0,0
28.078182968,0,1
28.078224632,0,0
28.078265832,0,1
28.078289146,1,1
28.078308480,1,0
28.078349680,1,1
28.078371156,0,1
28.078391356,0,0
28.078432558,0,1
28.078474226,0,0
28.078517896,0,1
28.078559562,0,0
28.078597810,0,1
28.078621124,1,1
28.078640458,1,0
28.078685102,1,1
28.170418350,0,1
28.170430166,0,0
28.170472860,0,1
28.170496182,1,1
28.170515520,1,0
28.170556730,1,1
28.170578216,0,1
28.170598420,0,0
28.170639640,0,1
28.170662962,1,1
28.170682302,1,0
28.170723512,1,1
28.170766182,1,0
28.170807394,1,1
28.170828876,0,1
28.170849080,0,0
28.170890296,0,1
28.170913616,1,1
28.170932954,1,0
28.170974166,1,1
28.170995646,0,1
28.171015852,0,0
28.171057066,0,1
28.171098752,0,0
28.171142438,0,1
28.171165764,1,1
28.171185104,1,0
28.171223356,1,1
28.171266024,1,0
28.171310684,1,1
28.191263322,0,1
28.191275138,0,0
28.191317836,0,1
28.191359512,0,0
28.191400728,0,1
28.191442406,0,0
28.191483622,0,1
28.191525300,0,0
28.191566514,0,1
28.191608192,0,0
28.191649402,0,1
28.191649408,0,0
28.191649410,0,1
28.191672728,1,1
28.191692068,1,0
28.191733278,1,1
28.191775946,1,0
28.191817156,1,1
28.191859822,1,0
28.191901028,1,1
28.191943698,1,0
28.191987370,1,1
28.192030036,1,0
28.192068280,1,1
28.192110952,1,0
28.192155614,1,1
28.195791524,0,1
28.195803340,0,0
28.195846030,0,1
28.195869354,1,1
28.195888694,1,0
28.195929904,1,1
28.195951386,0,1
28.195971592,0,0
28.196012812,0,1
28.196036132,1,1
28.196055474,1,0
28.196096684,1,1
28.196139360,1,0
28.196180568,1,1
28.196202052,0,1
28.196222254,0,0
28.196263472,0,1
28.196286794,1,1
28.196306134,1,0
28.196347344,1,1
28.196368826,0,1
28.196389030,0,0
28.196430248,0,1
28.196471924,0,0
28.196515608,0,1
28.196538934,1,1
28.196558274,1,0
28.196596518,1,1
28.196596522,1,0
28.196596526,1,1
28.196639192,1,0
28.196683858,1,1
28.224093120,1,0
28.224347928,0,0
28.225110810,0,1
28.225245098,0,0
28.225246560,1,0
28.225286310,1,1
28.225327986,1,0
28.225329268,0,0
28.225369206,0,1
28.225411872,0,0
28.225413478,1,0
28.225453078,1,1
28.225494766,1,0
28.225535980,1,1
28.225577660,1,0
28.225579218,0,0
28.225618880,0,1
28.225618884,0,0
28.225618888,0,1
28.225661552,0,0
28.225663440,1,0
28.225702758,1,1
28.225702762,1,0
28.225702766,1,1
28.225744446,1,0
28.225785662,1,1
28.225827340,1,0
28.225868544,1,1
28.225911706,1,0
28.225952910,1,1
28.225995574,1,0
28.226036780,1,1
28.226036784,1,0
28.226036788,1,1
28.226070104,0,1
28.226083404,0,0
28.226124628,0,1
28.226147954,1,1
28.226419922,0,1
28.226431736,0,0
28.226474430,0,1
28.226516106,0,0
28.226557320,0,1
28.226580646,1,1
28.226599984,1,0
28.226641192,1,1
28.226662674,0,1
28.226682878,0,0
28.226724096,0,1
28.226747414,1,1
28.226766754,1,0
28.226807962,1,1
28.226850634,1,0
28.226891842,1,1
28.226934506,1,0
28.226975712,1,1
28.227018366,1,0
28.227059566,1,1
28.227102232,1,0
28.227145908,1,1
28.227188584,1,0
28.227226834,1,1
28.227226840,1,0
28.227226844,1,1
28.227269502,1,0
28.227314158,1,1
28.227378102,1,0
28.227633846,0,0
28.228401596,0,1
28.228442670,0,0
28.228483900,0,1
28.228526576,0,0
28.228567802,0,1
28.228610468,0,0
28.228651698,0,1
28.228694366,0,0
28.228735592,0,1
28.228778264,0,0
28.228819488,0,1
28.228862154,0,0
28.228903378,0,1
28.228946044,0,0
28.228987258,0,1
28.228987262,0,0
28.228987266,0,1
28.229029926,0,0
28.229071150,0,1
28.229115296,0,0
28.229117438,1,0
28.229156488,1,1
28.229199160,1,0
28.229240376,1,1
28.229273710,0,1
28.229287014,0,0
28.229328244,0,1
28.229328250,0,0
28.229328254,0,1
28.229351572,1,1
28.229694892,0,1
28.229706690,0,0
28.229749316,0,1
28.229790930,0,0
28.229832076,0,1
28.229855366,1,1
28.229874674,1,0
28.229915812,1,1
28.229937262,0,1
28.229957434,0,0
28.229998578,0,1
28.230021860,1,1
28.230041168,1,0
28.230082304,1,1
28.230124912,1,0
28.230166050,1,1
28.230208650,1,0
28.230249792,1,1
28.230292388,1,0
28.230333520,1,1
28.230376120,1,0
28.230419716,1,1
28.230462310,1,0
28.230500490,1,1
28.230543082,1,0
28.230587654,1,1
28.262794240,0,1
28.262806034,0,0
28.262848644,0,1
28.262890246,0,0
28.262931382,0,1
28.262972986,0,0
28.263014124,0,1
28.263055728,0,0
28.263096868,0,1
28.263138472,0,0
28.263179608,0,1
28.263202888,1,1
28.263222200,1,0
28.263263336,1,1
28.263305926,1,0
28.263347056,1,1
28.263347058,1,0
28.263347060,1,1
28.263389652,1,0
28.263430782,1,1
28.263473376,1,0
28.263516970,1,1
28.263559564,1,0
28.263597734,1,1
28.263597738,1,0
28.263597742,1,1
28.263640332,1,0
28.263684908,1,1
28.267315000,0,1
28.267326794,0,0
28.267369404,0,1
28.267392684,1,1
28.267411992,1,0
28.267453126,1,1
28.267474568,0,1
28.267494734,0,0
28.267535870,0,1
28.267559148,1,1
28.267578456,1,0
28.267619586,1,1
28.267641034,0,1
28.267661200,0,0
28.267702332,0,1
28.267702336,0,0
28.267702340,0,1
28.267743940,0,0
28.267785078,0,1
28.267808352,1,1
28.267827662,1,0
28.267868794,1,1
28.267890238,0,1
28.267910406,0,0
28.267951544,0,1
28.267993150,0,0
28.268036746,0,1
28.268036750,0,0
28.268036754,0,1
28.268078356,0,0
28.268116546,0,1
28.268139828,1,1
28.268159136,1,0
28.268203718,1,1
28.271829976,0,1
28.271841768,0,0
28.271884378,0,1
28.271907654,1,1
28.271926960,1,0
28.271968086,1,1
28.271989530,0,1
28.272009696,0,0
28.272050832,0,1
28.272074108,1,1
28.272093418,1,0
28.272134550,1,1
28.272177142,1,0
28.272218268,1,1
28.272260854,1,0
28.272301982,1,1
28.272344574,1,0
28.272385702,1,1
28.272407146,0,1
28.272427312,0,0
28.272468442,0,1
28.272510044,0,0
28.272553640,0,1
28.272595244,0,0
28.272633420,0,1
28.272656700,1,1
28.272676006,1,0
28.272720578,1,1
28.276349486,0,1
28.276361278,0,0
28.276403890,0,1
28.276445490,0,0
28.276486620,0,1
28.276486624,0,0
28.276486628,0,1
28.276509902,1,1
28.276529208,1,0
28.276570334,1,1
28.276612926,1,0
28.276654054,1,1
28.276675494,0,1
28.276695660,0,0
28.276736794,0,1
28.276760070,1,1
28.276779376,1,0
28.276820506,1,1
28.276863096,1,0
28.276904222,1,1
28.276904226,1,0
28.276904230,1,1
28.276925668,0,1
28.276945834,0,0
28.276986970,0,1
28.277028572,0,0
28.277072172,0,1
28.277095452,1,1
28.277114760,1,0
28.277152930,1,1
28.277195524,1,0
28.277240100,1,1
28.305247022,0,1
28.305258812,0,0
28.305301420,0,1
28.305343018,0,0
28.305384146,0,1
28.305425748,0,0
28.305466882,0,1
28.305508480,0,0
28.305549614,0,1
28.305591210,0,0
28.305632346,0,1
28.305655622,1,1
28.305674926,1,0
28.305716054,1,1
28.305758640,1,0
28.305799764,1,1
28.305842352,1,0
28.305883474,1,1
28.305926060,1,0
28.305969648,1,1
28.306012234,1,0
28.306050402,1,1
28.306092990,1,0
28.306137566,1,1
28.309766170,0,1
28.309777962,0,0
28.309820564,0,1
28.309862158,0,0
28.309903284,0,1
28.309926560,1,1
28.309945864,1,0
28.309986986,1,1
28.310029568,1,0
28.310070686,1,1
28.310092130,0,1
28.310112292,0,0
28.310153424,0,1
28.310176700,1,1
28.310196006,1,0
28.310237126,1,1
28.310279708,1,0
28.310320830,1,1
28.310342270,0,1
28.310362432,0,0
28.310403558,0,1
28.310445154,0,0
28.310488748,0,1
28.310512018,1,1
28.310531322,1,0
28.310569486,1,1
28.310569492,1,0
28.310569496,1,1
28.310612074,1,0
28.310656636,1,1
28.339342234,0,1
28.339354026,0,0
28.339396624,0,1
28.339438220,0,0
28.339479340,0,1
28.339502612,1,1
28.339521914,1,0
28.339563032,1,1
28.339605616,1,0
28.339646730,1,1
28.339668172,0,1
28.339688334,0,0
28.339729460,0,1
28.339752730,1,1
28.339772032,1,0
28.339813150,1,1
28.339855732,1,0
28.339896850,1,1
28.339918290,0,1
28.339938450,0,0
28.339979578,0,1
28.340021170,0,0
28.340064758,0,1
28.340088032,1,1
28.340107334,1,0
28.340145498,1,1
28.340188078,1,0
28.340232640,1,1
28.352293668,0,1
28.352305460,0,0
28.352348054,0,1
28.352389650,0,0
28.352430776,0,1
28.352472372,0,0
28.352513500,0,1
28.352555094,0,0
28.352596218,0,1
28.352637816,0,0
28.352678944,0,1
28.352702218,1,1
28.352721522,1,0
28.352762642,1,1
28.352805228,1,0
28.352846346,1,1
28.352888934,1,0
28.352930056,1,1
28.352972642,1,0
28.353016220,1,1
28.353058804,1,0
28.353096966,1,1
28.353139552,1,0
28.353184122,1,1
28.356809534,0,1
28.356821326,0,0
28.356863936,0,1
28.356887204,1,1
28.356906508,1,0
28.356947626,1,1
28.356969070,0,1
28.356989234,0,0
28.357030362,0,1
28.357053632,1,1
28.357072938,1,0
28.357114064,1,1
28.357114070,1,0
28.357114072,1,1
28.357156654,1,0
28.357197776,1,1
28.357240368,1,0
28.357281494,1,1
28.357324072,1,0
28.357365192,1,1
28.357386638,0,1
28.357406802,0,0
28.357447930,0,1
28.357489526,0,0
28.357533120,0,1
28.357574718,0,0
28.357612890,0,1
28.357636168,1,1
28.357655472,1,0
28.357700040,1,1
28.377084698,0,1
28.377096490,0,0
28.377139086,0,1
28.377162354,1,1
28.377181658,1,0
28.377222770,1,1
28.377244210,0,1
28.377264370,0,0
28.377305496,0,1
28.377328770,1,1
28.377348072,1,0
28.377389182,1,1
28.377389186,1,0
28.377389190,1,1
28.377431770,1,0
28.377472890,1,1
28.377515470,1,0
28.377556590,1,1
28.377599172,1,0
28.377640290,1,1
28.377661732,0,1
28.377681898,0,0
28.377723032,0,1
28.377764628,0,0
28.377808218,0,1
28.377849814,0,0
28.377887984,0,1
28.377911258,1,1
28.377930562,1,0
28.377975132,1,1
28.381603484,0,1
28.381615276,0,0
28.381657874,0,1
28.381681146,1,1
28.381700448,1,0
28.381741568,1,1
28.381763010,0,1
28.381783172,0,0
28.381824298,0,1
28.381847566,1,1
28.381866872,1,0
28.381907990,1,1
28.381950574,1,0
28.381991694,1,1
28.382013134,0,1
28.382033296,0,0
28.382074420,0,1
28.382097694,1,1
28.382116998,1,0
28.382158122,1,1
28.382179560,0,1
28.382199720,0,0
28.382240844,0,1
28.382282436,0,0
28.382326018,0,1
28.382326020,0,0
28.382326024,0,1
28.382349292,1,1
28.382368596,1,0
28.382406760,1,1
28.382449344,1,0
28.382493904,1,1
28.399803842,1,0
28.400059518,0,0
28.400822532,0,1
28.400939418,0,0
28.400940862,1,0
28.400980546,1,1
28.401022148,1,0
28.401024158,0,0
28.401063282,0,1
28.401105870,0,0
28.401107952,1,0
28.401146994,1,1
28.401188600,1,0
28.401229720,1,1
28.401271318,1,0
28.401272468,0,0
28.401312450,0,1
28.401355030,0,0
28.401356654,1,0
28.401396146,1,1
28.401396152,1,0
28.401396156,1,1
28.401437752,1,0
28.401478874,1,1
28.401520468,1,0
28.401561586,1,1
28.401604658,1,0
28.401645772,1,1
28.401688344,1,0
28.401729450,1,1
28.401762690,0,1
28.401775956,0,0
28.401817078,0,1
28.401840340,1,1
28.402111714,0,1
28.402123502,0,0
28.402166102,0,1
28.402207696,0,0
28.402248820,0,1
28.402272090,1,1
28.402291392,1,0
28.402332514,1,1
28.402353954,0,1
28.402374114,0,0
28.402415242,0,1
28.402438510,1,1
28.402457814,1,0
28.402498934,1,1
28.402541512,1,0
28.402582630,1,1
28.402625212,1,0
28.402666326,1,1
28.402708910,1,0
28.402750028,1,1
28.402792606,1,0
28.402836180,1,1
28.402878766,1,0
28.402916926,1,1
28.402959510,1,0
28.403004080,1,1
28.403055908,1,0
28.403311130,0,0
28.404077380,0,1
28.404117444,0,0
28.404158586,0,1
28.404201170,0,0
28.404242306,0,1
28.404284892,0,0
28.404286820,1,0
28.404326020,1,1
28.404367618,1,0
28.404368906,0,0
28.404408750,0,1
28.404451336,0,0
28.404492468,0,1
28.404535054,0,0
28.404576194,0,1
28.404618780,0,0
28.404659918,0,1
28.404702510,0,0
28.404743648,0,1
28.404787708,0,0
28.404828844,0,1
28.404867982,0,0
28.404869998,1,0
28.404909104,1,1
28.404942362,0,1
28.404955634,0,0
28.404996772,0,1
28.405020044,1,1
28.405358592,0,1
28.405370402,0,0
28.405413072,0,1
28.405454730,0,0
28.405495926,0,1
28.405519240,1,1
28.405538570,1,0
28.405579764,1,1
28.405601240,0,1
28.405621434,0,0
28.405662630,0,1
28.405685940,1,1
28.405705274,1,0
28.405746470,1,1
28.405789124,1,0
28.405830316,1,1
28.405872974,1,0
28.405914162,1,1
28.405956814,1,0
28.405998006,1,1
28.406040660,1,0
28.406084318,1,1
28.406126976,1,0
28.406165210,1,1
28.406207864,1,0
28.406252510,1,1
28.460566718,0,1
28.460578528,0,0
28.460621208,0,1
28.460662876,0,0
28.460704082,0,1
28.460745748,0,0
28.460786956,0,1
28.460828626,0,0
28.460869832,0,1
28.460911510,0,0
28.460952718,0,1
28.460976032,1,1
28.460995366,1,0
28.461036564,1,1
28.461079222,1,0
28.461120420,1,1
28.461163078,1,0
28.461204278,1,1
28.461246934,1,0
28.461290594,1,1
28.461290598,1,0
28.461290602,1,1
28.461333260,1,0
28.461371496,1,1
28.461414152,1,0
28.461458800,1,1
28.461458806,1,0
28.461458810,1,1
28.465093900,0,1
28.465105716,0,0
28.465148398,0,1
28.465190070,0,0
28.465231278,0,1
28.465254596,1,1
28.465273932,1,0
28.465315128,1,1
28.465357786,1,0
28.465398988,1,1
28.465420464,0,1
28.465440664,0,0
28.465481874,0,1
28.465505190,1,1
28.465524526,1,0
28.465565726,1,1
28.465608384,1,0
28.465649580,1,1
28.465671060,0,1
28.465691258,0,0
28.465732462,0,1
28.465774132,0,0
28.465817804,0,1
28.465841118,1,1
28.465860454,1,0
28.465898696,1,1
28.465941352,1,0
28.465985996,1,1
28.480195918,0,1
28.480207730,0,0
28.480250416,0,1
28.480292088,0,0
28.480333300,0,1
28.480374972,0,0
28.480416182,0,1
28.480457852,0,0
28.480499060,0,1
28.480540734,0,0
28.480581946,0,1
28.480605264,1,1
28.480624600,1,0
28.480665802,1,1
28.480708462,1,0
28.480749660,1,1
28.480792322,1,0
28.480833524,1,1
28.480876186,1,0
28.480919854,1,1
28.480962512,1,0
28.481000748,1,1
28.481000754,1,0
28.481000758,1,1
28.481043412,1,0
28.481088064,1,1
28.484723332,0,1
28.484735144,0,0
28.484777830,0,1
28.484801148,1,1
28.484820484,1,0
28.484861686,1,1
28.484883166,0,1
28.484903368,0,0
28.484944584,0,1
28.484967902,1,1
28.484987240,1,0
28.485028444,1,1
28.485071108,1,0
28.485112306,1,1
28.485133782,0,1
28.485153982,0,0
28.485195190,0,1
28.485218506,1,1
28.485237842,1,0
28.485279040,1,1
28.485300520,0,1
28.485320720,0,0
28.485361930,0,1
28.485403596,0,0
28.485447272,0,1
28.485470584,1,1
28.485489920,1,0
28.485528154,1,1
28.485570816,1,0
28.485615458,1,1
28.485615462,1,0
28.485615466,1,1
28.494995348,0,1
28.495007164,0,0
28.495049848,0,1
28.495091518,0,0
28.495132732,0,1
28.495174410,0,0
28.495215628,0,1
28.495257306,0,0
28.495298518,0,1
28.495340194,0,0
28.495381406,0,1
28.495404724,1,1
28.495424060,1,0
28.495465260,1,1
28.495507926,1,0
28.495549124,1,1
28.495591786,1,0
28.495632988,1,1
28.495675650,1,0
28.495719318,1,1
28.495761984,1,0
28.495800228,1,1
28.495842892,1,0
28.495887550,1,1
28.499520018,0,1
28.499531832,0,0
28.499574520,0,1
28.499597838,1,1
28.499617176,1,0
28.499658378,1,1
28.499679856,0,1
28.499700060,0,0
28.499741266,0,1
28.499764584,1,1
28.499783924,1,0
28.499825124,1,1
28.499825128,1,0
28.499825132,1,1
28.499867792,1,0
28.499908996,1,1
28.499951660,1,0
28.499992864,1,1
28.500035528,1,0
28.500076730,1,1
28.500098212,0,1
28.500118416,0,0
28.500159628,0,1
28.500201300,0,0
28.500244980,0,1
28.500286654,0,0
28.500324906,0,1
28.500348222,1,1
28.500367560,1,0
28.500412220,1,1
28.519505466,0,1
28.519517286,0,0
28.519560000,0,1
28.519583328,1,1
28.519602674,1,0
28.519643888,1,1
28.519665376,0,1
28.519685582,0,0
28.519726794,0,1
28.519750116,1,1
28.519769456,1,0
28.519810664,1,1
28.519853324,1,0
28.519894530,1,1
28.519937200,1,0
28.519978408,1,1
28.520021080,1,0
28.520062292,1,1
28.520083776,0,1
28.520103984,0,0
28.520145202,0,1
28.520186882,0,0
28.520230562,0,1
28.520272242,0,0
28.520310498,0,1
28.520333818,1,1
28.520353158,1,0
28.520397816,1,1
28.524033490,0,1
28.524045304,0,0
28.524087992,0,1
28.524129674,0,0
28.524170888,0,1
28.524194212,1,1
28.524213550,1,0
28.524254762,1,1
28.524297424,1,0
28.524338628,1,1
28.524360106,0,1
28.524380308,0,0
28.524421516,0,1
28.524444828,1,1
28.524464166,1,0
28.524505366,1,1
28.524548030,1,0
28.524589230,1,1
28.524610712,0,1
28.524630916,0,0
28.524672128,0,1
28.524713798,0,0
28.524757478,0,1
28.524780794,1,1
28.524800132,1,0
28.524838378,1,1
28.524881046,1,0
28.524925704,1,1
28.560253706,1,0
28.560508280,0,0
28.561271944,0,1
28.561407790,0,0
28.561409880,1,0
28.561449004,1,1
28.561490686,1,0
28.561492602,0,0
28.561531906,0,1
28.561574570,0,0
28.561576826,1,0
28.561615778,1,1
28.561657458,1,0
28.561698666,1,1
28.561740350,1,0
28.561741582,0,0
28.561781576,0,1
28.561824244,0,0
28.561825814,1,0
28.561865452,1,1
28.561907138,1,0
28.561948348,1,1
28.561990028,1,0
28.562031234,1,1
28.562074392,1,0
28.562115602,1,1
28.562158272,1,0
28.562199480,1,1
28.562232806,0,1
28.562246106,0,0
28.562287336,0,1
28.562310664,1,1
28.562582646,0,1
28.562594460,0,0
28.562637158,0,1
28.562678836,0,0
28.562720050,0,1
28.562743376,1,1
28.562762718,1,0
28.562803932,1,1
28.562825414,0,1
28.562845618,0,0
28.562886836,0,1
28.562910162,1,1
28.562929500,1,0
28.562970708,1,1
28.563013382,1,0
28.563054594,1,1
28.563097262,1,0
28.563138476,1,1
28.563181152,1,0
28.563222362,1,1
28.563265032,1,0
28.563308710,1,1
28.563351380,1,0
28.563389628,1,1
28.563432302,1,0
28.563476962,1,1
28.563539782,1,0
28.563795570,0,0
28.564564176,0,1
28.564607992,0,0
28.564649222,0,1
28.564691896,0,0
28.564733132,0,1
28.564775802,0,0
28.564817030,0,1
28.564859700,0,0
28.564900930,0,1
28.564943598,0,0
28.564984832,0,1
28.565027502,0,0
28.565068726,0,1
28.565111402,0,0
28.565152634,0,1
28.565195306,0,0
28.565236534,0,1
28.565280692,0,0
28.565282538,1,0
28.565321908,1,1
28.565364580,1,0
28.565405798,1,1
28.565439122,0,1
28.565452422,0,0
28.565493646,0,1
28.565516972,1,1
28.565860298,0,1
28.565872096,0,0
28.565914730,0,1
28.565956342,0,0
28.565997484,0,1
28.566020770,1,1
28.566040082,1,0
28.566081220,1,1
28.566102670,0,1
28.566122840,0,0
28.566163988,0,1
28.566187270,1,1
28.566206580,1,0
28.566247716,1,1
28.566290316,1,0
28.566331456,1,1
28.566374056,1,0
28.566415194,1,1
28.566457798,1,0
28.566498930,1,1
28.566541534,1,0
28.566585138,1,1
28.566627740,1,0
28.566665924,1,1
28.566708522,1,0
28.566753104,1,1
28.566753110,1,0
28.566753112,1,1
28.620924726,0,1
28.620936516,0,0
28.620979112,0,1
28.621020708,0,0
28.621061836,0,1
28.621103438,0,0
28.621144572,0,1
28.621186170,0,0
28.621227302,0,1
28.621268900,0,0
28.621310028,0,1
28.621333304,1,1
28.621352608,1,0
28.621393728,1,1
28.621436312,1,0
28.621477428,1,1
28.621477432,1,0
28.621477436,1,1
28.621520018,1,0
28.621561140,1,1
28.621603724,1,0
28.621647304,1,1
28.621689886,1,0
28.621728052,1,1
28.621770636,1,0
28.621815198,1,1
28.625440840,0,1
28.625452626,0,0
28.625495210,0,1
28.625518470,1,1
28.625537766,1,0
28.625578864,1,1
28.625600294,0,1
28.625620444,0,0
28.625661556,0,1
28.625684818,1,1
28.625704114,1,0
28.625745216,1,1
28.625787776,1,0
28.625828876,1,1
28.625871438,1,0
28.625912534,1,1
28.625912538,1,0
28.625912542,1,1
28.625955102,1,0
28.625996202,1,1
28.626017630,0,1
28.626037782,0,0
28.626078892,0,1
28.626120474,0,0
28.626164040,0,1
28.626205616,0,0
28.626243772,0,1
28.626267028,1,1
28.626286324,1,0
28.626330868,1,1
28.626330874,1,0
28.626330878,1,1
28.644354458,0,1
28.644366250,0,0
28.644408856,0,1
28.644432126,1,1
28.644451430,1,0
28.644492542,1,1
28.644492546,1,0
28.644492550,1,1
28.644513986,0,1
28.644534150,0,0
28.644575278,0,1
28.644598552,1,1
28.644617856,1,0
28.644658980,1,1
28.644701574,1,0
28.644742698,1,1
28.644785286,1,0
28.644826410,1,1
28.644868994,1,0
28.644910116,1,1
28.644931556,0,1
28.644951722,0,0
28.644992852,0,1
28.645034446,0,0
28.645078034,0,1
28.645119632,0,0
28.645157810,0,1
28.645181082,1,1
28.645200386,1,0
28.645244948,1,1
28.712089538,1,0
28.712344264,0,0
28.713106844,0,1
28.714386222,0,0
28.714388168,1,0
28.714427344,1,1
28.714468942,1,0
28.714470246,0,0
28.714510074,0,1
28.714552658,0,0
28.714554836,1,0
28.714593776,1,1
28.714635370,1,0
28.714676494,1,1
28.714718086,1,0
28.714719310,0,0
28.714759212,0,1
28.714801788,0,0
28.714803884,1,0
28.714842904,1,1
28.714884494,1,0
28.714925608,1,1
28.714967206,1,0
28.715008324,1,1
28.715051394,1,0
28.715092510,1,1
28.715135090,1,0
28.715176208,1,1
28.715176212,1,0
28.715176214,1,1
28.715209468,0,1
28.715222740,0,0
28.715263886,0,1
28.715287160,1,1
28.715558564,0,1
28.715570354,0,0
28.715612956,0,1
28.715654546,0,0
28.715695668,0,1
28.715718944,1,1
28.715738248,1,0
28.715779370,1,1
28.715800808,0,1
28.715820972,0,0
28.715862102,0,1
28.715885378,1,1
28.715904680,1,0
28.715945802,1,1
28.715988386,1,0
28.716029506,1,1
28.716072086,1,0
28.716113212,1,1
28.716155794,1,0
28.716196912,1,1
28.716239496,1,0
28.716283080,1,1
28.716325660,1,0
28.716363826,1,1
28.716406404,1,0
28.716450964,1,1
28.716515576,1,0
28.716769966,0,0
28.717534352,0,1
28.717577136,0,0
28.717618274,0,1
28.717660858,0,0
28.717701996,0,1
28.717744576,0,0
28.717746100,1,0
28.717785696,1,1
28.717827296,1,0
28.717828772,0,0
28.717868430,0,1
28.717911008,0,0
28.717952144,0,1
28.717994724,0,0
28.718035858,0,1
28.718078442,0,0
28.718119584,0,1
28.718162170,0,0
28.718203308,0,1
28.718247366,0,0
28.718288498,0,1
28.718327634,0,0
28.718329212,1,0
28.718368758,1,1
28.718402012,0,1
28.718415282,0,0
28.718456422,0,1
28.718479694,1,1
28.718818226,0,1
28.718830036,0,0
28.718872708,0,1
28.718914366,0,0
28.718955564,0,1
28.718978874,1,1
28.718998206,1,0
28.719039398,1,1
28.719060874,0,1
28.719081070,0,0
28.719122276,0,1
28.719145590,1,1
28.719164926,1,0
28.719206126,1,1
28.719248786,1,0
28.719289984,1,1
28.719332640,1,0
28.719373830,1,1
28.719416482,1,0
28.719457668,1,1
28.719500320,1,0
28.719543974,1,1
28.719586620,1,0
28.719624846,1,1
28.719667500,1,0
28.719712140,1,1
28.750962170,0,1
28.750973984,0,0
28.751016672,0,1
28.751058348,0,0
28.751099564,0,1
28.751141238,0,0
28.751182450,0,1
28.751224130,0,0
28.751265350,0,1
28.751307026,0,0
28.751348238,0,1
28.751371554,1,1
28.751390896,1,0
28.751432098,1,1
28.751474760,1,0
28.751515966,1,1
28.751558626,1,0
28.751599826,1,1
28.751642488,1,0
28.751686154,1,1
28.751728818,1,0
28.751767062,1,1
28.751809720,1,0
28.751854374,1,1
28.755489588,0,1
28.755501402,0,0
28.755544090,0,1
28.755585758,0,0
28.755626966,0,1
28.755650280,1,1
28.755669618,1,0
28.755710824,1,1
28.755753486,1,0
28.755794688,1,1
28.755816168,0,1
28.755836368,0,0
28.755877574,0,1
28.755900890,1,1
28.755920226,1,0
28.755961424,1,1
28.756004084,1,0
28.756045282,1,1
28.756066760,0,1
28.756086960,0,0
28.756128168,0,1
28.756169836,0,0
28.756213508,0,1
28.756236828,1,1
28.756256166,1,0
28.756294406,1,1
28.756337072,1,0
28.756381728,1,1
28.760018090,0,1
28.760029904,0,0
28.760072594,0,1
28.760095910,1,1
28.760115250,1,0
28.760156454,1,1
28.760177932,0,1
28.760198134,0,0
28.760239344,0,1
28.760262662,1,1
28.760281998,1,0
28.760323202,1,1
28.760344680,0,1
28.760364880,0,0
28.760406088,0,1
28.760447762,0,0
28.760488970,0,1
28.760512284,1,1
28.760531622,1,0
28.760572826,1,1
28.760594302,0,1
28.760614502,0,0
28.760655712,0,1
28.760697384,0,0
28.760741060,0,1
28.760782732,0,0
28.760820982,0,1
28.760844304,1,1
28.760863640,1,0
28.760908294,1,1
28.780858928,0,1
28.780870744,0,0
28.780913430,0,1
28.780955104,0,0
28.780996318,0,1
28.781037992,0,0
28.781079198,0,1
28.781120864,0,0
28.781162074,0,1
28.781203758,0,0
28.781244978,0,1
28.781268302,1,1
28.781287638,1,0
28.781328844,1,1
28.781371510,1,0
28.781412714,1,1
28.781455378,1,0
28.781496582,1,1
28.781539246,1,0
28.781582912,1,1
28.781625578,1,0
28.781663824,1,1
28.781663830,1,0
28.781663832,1,1
28.781706492,1,0
28.781751150,1,1
28.785387530,0,1
28.785399344,0,0
28.785442036,0,1
28.785465352,1,1
28.785484690,1,0
28.785525886,1,1
28.785547360,0,1
28.785567560,0,0
28.785608770,0,1
28.785632084,1,1
28.785651422,1,0
28.785692626,1,1
28.785692634,1,0
28.785692636,1,1
28.785714110,0,1
28.785734312,0,0
28.785775526,0,1
28.785817202,0,0
28.785858418,0,1
28.785881736,1,1
28.785901072,1,0
28.785942274,1,1
28.785963756,0,1
28.785983956,0,0
28.786025166,0,1
28.786066838,0,0
28.786110524,0,1
28.786152200,0,0
28.786190452,0,1
28.786213770,1,1
28.786233110,1,0
28.786277762,1,1
28.859612626,0,1
28.859624444,0,0
28.859667134,0,1
28.859708806,0,0
28.859750018,0,1
28.859773336,1,1
28.859792674,1,0
28.859833880,1,1
28.859876546,1,0
28.859917756,1,1
28.859939240,0,1
28.859959446,0,0
28.860000662,0,1
28.860023988,1,1
28.860043330,1,0
28.860084540,1,1
28.860127210,1,0
28.860168418,1,1
28.860189900,0,1
28.860210104,0,0
28.860251318,0,1
28.860292994,0,0
28.860336674,0,1
28.860359992,1,1
28.860379332,1,0
28.860417576,1,1
28.860460240,1,0
28.860504892,1,1
28.874745742,1,0
28.875000302,0,0
28.875766308,0,1
28.875898426,0,0
28.875900262,1,0
28.875939642,1,1
28.875981326,1,0
28.875983000,0,0
28.876022558,0,1
28.876065226,0,0
28.876067228,1,0
28.876106440,1,1
28.876148130,1,0
28.876189344,1,1
28.876231032,1,0
28.876232428,0,0
28.876272258,0,1
28.876314924,0,0
28.876317064,1,0
28.876356134,1,1
28.876397822,1,0
28.876439036,1,1
28.876480720,1,0
28.876521930,1,1
28.876565096,1,0
28.876606306,1,1
28.876648974,1,0
28.876690184,1,1
28.876723508,0,1
28.876736806,0,0
28.876778034,0,1
28.876801360,1,1
28.877073338,0,1
28.877085154,0,0
28.877127850,0,1
28.877169530,0,0
28.877210748,0,1
28.877234072,1,1
28.877253410,1,0
28.877294620,1,1
28.877316104,0,1
28.877336308,0,0
28.877377520,0,1
28.877400838,1,1
28.877420176,1,0
28.877461386,1,1
28.877504048,1,0
28.877545248,1,1
28.877587918,1,0
28.877629130,1,1
28.877671810,1,0
28.877713026,1,1
28.877755704,1,0
28.877799378,1,1
28.877799382,1,0
28.877799384,1,1
28.877842054,1,0
28.877880306,1,1
28.877922974,1,0
28.877967638,1,1
28.878027710,1,0
28.878282818,0,0
28.879045800,0,1
28.879089808,0,0
28.879131042,0,1
28.879173724,0,0
28.879214964,0,1
28.879257642,0,0
28.879298874,0,1
28.879341550,0,0
28.879382782,0,1
28.879425456,0,0
28.879466684,0,1
28.879509358,0,0
28.879550590,0,1
28.879593262,0,0
28.879634486,0,1
28.879677154,0,0
28.879718382,0,1
28.879762532,0,0
28.879764788,1,0
28.879803748,1,1
28.879846428,1,0
28.879887640,1,1
28.879920966,0,1
28.879934268,0,0
28.879975498,0,1
28.879998824,1,1
28.880342160,0,1
28.880353960,0,0
28.880396586,0,1
28.880438200,0,0
28.880479348,0,1
28.880502632,1,1
28.880521942,1,0
28.880563080,1,1
28.880584526,0,1
28.880604698,0,0
28.880645844,0,1
28.880669126,1,1
28.880688436,1,0
28.880729578,1,1
28.880772180,1,0
28.880813314,1,1
28.880855912,1,0
28.880897050,1,1
28.880939648,1,0
28.880980788,1,1
28.881023390,1,0
28.881066990,1,1
28.881109588,1,0
28.881147774,1,1
28.881190374,1,0
28.881234958,1,1
28.916800922,0,1
28.916812714,0,0
28.916855320,0,1
28.916896916,0,0
28.916938052,0,1
28.916979648,0,0
28.917020782,0,1
28.917062380,0,0
28.917103514,0,1
28.917145112,0,0
28.917186254,0,1
28.917209526,1,1
28.917228830,1,0
28.917269958,1,1
28.917312544,1,0
28.917353670,1,1
28.917396254,1,0
28.917437376,1,1
28.917479966,1,0
28.917523550,1,1
28.917566140,1,0
28.917604312,1,1
28.917646900,1,0
28.917691472,1,1
28.921320336,0,1
28.921332130,0,0
28.921374740,0,1
28.921416342,0,0
28.921457474,0,1
28.921480752,1,1
28.921500058,1,0
28.921541184,1,1
28.921583770,1,0
28.921624898,1,1
28.921646344,0,1
28.921666510,0,0
28.921707644,0,1
28.921730918,1,1
28.921750226,1,0
28.921791354,1,1
28.921833942,1,0
28.921875064,1,1
28.921875068,1,0
28.921875072,1,1
28.921896510,0,1
28.921916676,0,0
28.921957808,0,1
28.921999410,0,0
28.922043008,0,1
28.922066284,1,1
28.922085588,1,0
28.922123762,1,1
28.922166342,1,0
28.922210906,1,1
28.950991938,0,1
28.951003730,0,0
28.951046336,0,1
28.951087934,0,0
28.951129082,0,1
28.951152368,1,1
28.951171684,1,0
28.951212838,1,1
28.951255452,1,0
28.951296600,1,1
28.951318050,0,1
28.951338224,0,0
28.951379374,0,1
28.951402664,1,1
28.951421976,1,0
28.951463122,1,1
28.951505734,1,0
28.951546884,1,1
28.951568334,0,1
28.951588502,0,0
28.951629644,0,1
28.951671248,0,0
28.951714840,0,1
28.951738114,1,1
28.951757420,1,0
28.951795592,1,1
28.951838176,1,0
28.951882746,1,1
29.032090556,1,0
29.032345254,0,0
29.033107834,0,1
29.033303472,0,0
29.033305440,1,0
29.033344600,1,1
29.033386196,1,0
29.033388118,0,0
29.033427336,0,1
29.033469918,0,0
29.033471302,1,0
29.033511036,1,1
29.033552632,1,0
29.033593752,1,1
29.033635344,1,0
29.033636980,0,0
29.033676474,0,1
29.033719054,0,0
29.033721164,1,0
29.033760172,1,1
29.033801766,1,0
29.033842884,1,1
29.033842888,1,0
29.033842890,1,1
29.033884480,1,0
29.033925594,1,1
29.033968668,1,0
29.034009782,1,1
29.034009786,1,0
29.034009788,1,1
29.034052362,1,0
29.034093480,1,1
29.034126738,0,1
29.034140010,0,0
29.034181144,0,1
29.034204420,1,1
29.034475814,0,1
29.034487604,0,0
29.034530206,0,1
29.034571798,0,0
29.034612926,0,1
29.034636198,1,1
29.034655500,1,0
29.034696614,1,1
29.034718056,0,1
29.034738218,0,0
29.034779346,0,1
29.034802618,1,1
29.034821922,1,0
29.034863046,1,1
29.034905628,1,0
29.034946734,1,1
29.034989306,1,0
29.035030412,1,1
29.035072976,1,0
29.035114076,1,1
29.035156642,1,0
29.035200200,1,1
29.035242762,1,0
29.035280908,1,1
29.035323468,1,0
29.035368008,1,1
29.035421972,1,0
29.035677514,0,0
29.036445064,0,1
29.036489716,0,0
29.036530834,0,1
29.036573398,0,0
29.036614518,0,1
29.036657084,0,0
29.036658830,1,0
29.036698188,1,1
29.036739776,1,0
29.036740900,0,0
29.036780890,0,1
29.036823452,0,0
29.036864568,0,1
29.036907128,0,0
29.036948238,0,1
29.036948242,0,0
29.036948244,0,1
29.036990808,0,0
29.037031928,0,1
29.037074488,0,0
29.037115610,0,1
29.037159674,0,0
29.037200828,0,1
29.037239974,0,0
29.037241396,1,0
29.037281098,1,1
29.037314358,0,1
29.037327630,0,0
29.037368770,0,1
29.037392046,1,1
29.037730590,0,1
29.037742398,0,0
29.037785070,0,1
29.037826728,0,0
29.037867918,0,1
29.037891232,1,1
29.037910566,1,0
29.037951756,1,1
29.037973232,0,1
29.037993428,0,0
29.038034632,0,1
29.038057942,1,1
29.038077278,1,0
29.038118478,1,1
29.038161148,1,0
29.038202348,1,1
29.038245008,1,0
29.038286198,1,1
29.038328848,1,0
29.038370036,1,1
29.038412690,1,0
29.038456352,1,1
29.038499008,1,0
29.038537246,1,1
29.038579902,1,0
29.038624546,1,1
29.118430502,0,1
29.118442316,0,0
29.118485006,0,1
29.118526682,0,0
29.118567896,0,1
29.118609570,0,0
29.118650786,0,1
29.118692462,0,0
29.118733678,0,1
29.118775352,0,0
29.118816562,0,1
29.118839884,1,1
29.118859220,1,0
29.118900424,1,1
29.118943092,1,0
29.118984296,1,1
29.119026962,1,0
29.119068170,1,1
29.119110836,1,0
29.119154512,1,1
29.119197178,1,0
29.119235424,1,1
29.119278096,1,0
29.119322754,1,1
29.122958706,0,1
29.122970520,0,0
29.123013214,0,1
29.123054886,0,0
29.123096104,0,1
29.123119424,1,1
29.123138762,1,0
29.123179966,1,1
29.123222634,1,0
29.123263842,1,1
29.123285322,0,1
29.123305524,0,0
29.123346740,0,1
29.123370058,1,1
29.123389394,1,0
29.123430600,1,1
29.123473264,1,0
29.123514466,1,1
29.123535946,0,1
29.123556146,0,0
29.123597356,0,1
29.123639036,0,0
29.123682714,0,1
29.123706034,1,1
29.123725376,1,0
29.123763622,1,1
29.123806292,1,0
29.123850948,1,1
29.130647960,0,1
29.130659774,0,0
29.130702470,0,1
29.130744146,0,0
29.130785360,0,1
29.130827038,0,0
29.130868254,0,1
29.130909934,0,0
29.130951150,0,1
29.130992830,0,0
29.131034046,0,1
29.131057366,1,1
29.131076706,1,0
29.131117920,1,1
29.131160590,1,0
29.131201798,1,1
29.131244470,1,0
29.131285674,1,1
29.131328344,1,0
29.131372020,1,1
29.131414688,1,0
29.131452936,1,1
29.131495606,1,0
29.131540266,1,1
29.135173266,0,1
29.135185084,0,0
29.135227782,0,1
29.135251106,1,1
29.135270446,1,0
29.135311662,1,1
29.135333142,0,1
29.135353344,0,0
29.135394564,0,1
29.135417888,1,1
29.135437228,1,0
29.135478436,1,1
29.135521108,1,0
29.135562318,1,1
29.135604986,1,0
29.135646194,1,1
29.135688846,1,0
29.135730044,1,1
29.135751526,0,1
29.135771734,0,0
29.135812956,0,1
29.135854632,0,0
29.135898312,0,1
29.135939988,0,0
29.135978242,0,1
29.136001564,1,1
29.136020902,1,0
29.136065564,1,1
29.208345696,0,1
29.208357510,0,0
29.208400204,0,1
29.208423526,1,1
29.208442866,1,0
29.208484074,1,1
29.208505552,0,1
29.208525756,0,0
29.208566974,0,1
29.208590296,1,1
29.208609634,1,0
29.208650842,1,1
29.208672324,0,1
29.208692526,0,0
29.208733744,0,1
29.208757062,1,1
29.208776402,1,0
29.208817614,1,1
29.208860282,1,0
29.208901486,1,1
29.208922968,0,1
29.208943172,0,0
29.208984392,0,1
29.209026060,0,0
29.209069728,0,1
29.209069732,0,0
29.209069736,0,1
29.209093054,1,1
29.209112396,1,0
29.209150652,1,1
29.209193316,1,0
29.209237970,1,1
29.209237974,1,0
29.209237978,1,1
29.212875010,0,1
29.212886826,0,0
29.212929518,0,1
29.212971190,0,0
29.213012408,0,1
29.213054082,0,0
29.213095298,0,1
29.213118624,1,1
29.213137964,1,0
29.213179176,1,1
29.213221840,1,0
29.213263046,1,1
29.213284530,0,1
29.213304732,0,0
29.213345942,0,1
29.213345946,0,0
29.213345948,0,1
29.213369266,1,1
29.213388606,1,0
29.213429816,1,1
29.213451296,0,1
29.213471498,0,0
29.213512712,0,1
29.213554392,0,0
29.213598076,0,1
29.213639758,0,0
29.213678014,0,1
29.213701334,1,1
29.213720674,1,0
29.213765338,1,1
29.226251956,1,0
29.226506450,0,0
29.227269884,0,1
29.227902278,0,0
29.227904302,1,0
29.227943504,1,1
29.227985192,1,0
29.227987002,0,0
29.228026426,0,1
29.228069100,0,0
29.228071214,1,0
29.228110322,1,1
29.228152012,1,0
29.228193226,1,1
29.228234920,1,0
29.228236378,0,0
29.228276150,0,1
29.228318816,0,0
29.228320984,1,0
29.228360032,1,1
29.228401720,1,0
29.228442934,1,1
29.228484622,1,0
29.228525832,1,1
29.228525836,1,0
29.228525838,1,1
29.228568998,1,0
29.228610210,1,1
29.228652884,1,0
29.228694096,1,1
29.228727424,0,1
29.228740726,0,0
29.228781956,0,1
29.228805284,1,1
29.229077276,0,1
29.229089092,0,0
29.229131796,0,1
29.229173484,0,0
29.229214708,0,1
29.229238030,1,1
29.229257374,1,0
29.229298590,1,1
29.229320070,0,1
29.229340274,0,0
29.229381494,0,1
29.229404816,1,1
29.229424158,1,0
29.229465370,1,1
29.229508040,1,0
29.229549258,1,1
29.229591926,1,0
29.229633142,1,1
29.229675814,1,0
29.229717024,1,1
29.229759696,1,0
29.229803382,1,1
29.229846056,1,0
29.229884306,1,1
29.229884308,1,0
29.229884312,1,1
29.229926982,1,0
29.229971644,1,1
29.229971648,1,0
29.229971650,1,1
29.230026106,1,0
29.230281186,0,0
29.231043988,0,1
29.231087444,0,0
29.231128682,0,1
29.231171360,0,0
29.231212602,0,1
29.231255284,0,0
29.231296516,0,1
29.231339194,0,0
29.231380430,0,1
29.231423100,0,0
29.231464330,0,1
29.231507004,0,0
29.231548232,0,1
29.231590906,0,0
29.231632138,0,1
29.231674812,0,0
29.231716042,0,1
29.231760198,0,0
29.231761818,1,0
29.231801416,1,1
29.231844090,1,0
29.231885306,1,1
29.231918636,0,1
29.231931936,0,0
29.231973168,0,1
29.231996498,1,1
29.232339848,0,1
29.232351646,0,0
29.232394272,0,1
29.232435878,0,0
29.232477032,0,1
29.232500328,1,1
29.232519644,1,0
29.232560780,1,1
29.232582232,0,1
29.232602400,0,0
29.232643544,0,1
29.232666830,1,1
29.232686142,1,0
29.232727286,1,1
29.232769888,1,0
29.232811034,1,1
29.232853630,1,0
29.232894764,1,1
29.232894768,1,0
29.232894772,1,1
29.232937370,1,0
29.232978510,1,1
29.233021106,1,0
29.233064706,1,1
29.233107306,1,0
29.233145494,1,1
29.233188096,1,0
29.233232684,1,1
29.248375022,0,1
29.248386816,0,0
29.248429428,0,1
29.248452708,1,1
29.248472012,1,0
29.248513132,1,1
29.248555714,1,0
29.248596842,1,1
29.248596848,1,0
29.248596852,1,1
29.248618292,0,1
29.248638462,0,0
29.248679598,0,1
29.248702870,1,1
29.248722176,1,0
29.248763302,1,1
29.248784748,0,1
29.248804916,0,0
29.248846058,0,1
29.248869334,1,1
29.248888642,1,0
29.248929772,1,1
29.248951216,0,1
29.248971382,0,0
29.249012518,0,1
29.249054126,0,0
29.249097728,0,1
29.249121008,1,1
29.249140314,1,0
29.249178494,1,1
29.249221088,1,0
29.249265664,1,1
29.263696276,0,1
29.263708072,0,0
29.263750686,0,1
29.263792292,0,0
29.263833432,0,1
29.263875038,0,0
29.263916176,0,1
29.263957786,0,0
29.263998932,0,1
29.264040536,0,0
29.264081672,0,1
29.264104956,1,1
29.264124268,1,0
29.264165402,1,1
29.264207994,1,0
29.264249124,1,1
29.264249130,1,0
29.264249134,1,1
29.264291720,1,0
29.264332846,1,1
29.264375436,1,0
29.264419032,1,1
29.264461618,1,0
29.264499792,1,1
29.264499798,1,0
29.264499800,1,1
29.264542384,1,0
29.264586942,1,1
29.264586946,1,0
29.264586950,1,1
29.268216818,0,1
29.268228612,0,0
29.268271222,0,1
29.268312826,0,0
29.268353962,0,1
29.268395562,0,0
29.268436698,0,1
29.268436704,0,0
29.268436706,0,1
29.268459978,1,1
29.268479284,1,0
29.268520412,1,1
29.268563006,1,0
29.268604138,1,1
29.268625580,0,1
29.268645746,0,0
29.268686884,0,1
29.268710164,1,1
29.268729472,1,0
29.268770602,1,1
29.268792048,0,1
29.268812214,0,0
29.268853354,0,1
29.268894958,0,0
29.268938558,0,1
29.268980160,0,0
29.269018338,0,1
29.269041614,1,1
29.269060922,1,0
29.269105500,1,1
29.275806502,0,1
29.275818296,0,0
29.275860906,0,1
29.275902508,0,0
29.275943646,0,1
29.275985246,0,0
29.276026380,0,1
29.276067984,0,0
29.276109122,0,1
29.276150724,0,0
29.276191864,0,1
29.276215142,1,1
29.276234450,1,0
29.276275580,1,1
29.276318172,1,0
29.276359298,1,1
29.276401888,1,0
29.276443020,1,1
29.276485610,1,0
29.276529200,1,1
29.276571792,1,0
29.276609968,1,1
29.276652556,1,0
29.276697134,1,1
29.280326254,0,1
29.280338048,0,0
29.280380664,0,1
29.280403942,1,1
29.280423248,1,0
29.280464374,1,1
29.280485820,0,1
29.280505988,0,0
29.280547122,0,1
29.280570398,1,1
29.280589708,1,0
29.280630836,1,1
29.280630840,1,0
29.280630844,1,1
29.280652286,0,1
29.280672450,0,0
29.280713568,0,1
29.280736844,1,1
29.280756152,1,0
29.280797290,1,1
29.280839884,1,0
29.280881008,1,1
29.280902456,0,1
29.280922626,0,0
29.280963770,0,1
29.281005384,0,0
29.281048996,0,1
29.281072282,1,1
29.281091594,1,0
29.281129784,1,1
29.281172390,1,0
29.281216978,1,1
29.306095280,0,1
29.306107076,0,0
29.306149684,0,1
29.306191290,0,0
29.306232426,0,1
29.306274024,0,0
29.306315164,0,1
29.306356762,0,0
29.306397898,0,1
29.306439502,0,0
29.306480636,0,1
29.306480642,0,0
29.306480644,0,1
29.306503916,1,1
29.306523226,1,0
29.306564356,1,1
29.306606946,1,0
29.306648070,1,1
29.306690662,1,0
29.306731788,1,1
29.306774378,1,0
29.306817968,1,1
29.306860558,1,0
29.306898730,1,1
29.306941320,1,0
29.306985894,1,1
29.310614940,0,1
29.310626734,0,0
29.310669348,0,1
29.310692624,1,1
29.310711930,1,0
29.310753058,1,1
29.310795652,1,0
29.310836778,1,1
29.310858224,0,1
29.310878390,0,0
29.310919526,0,1
29.310942804,1,1
29.310962110,1,0
29.311003238,1,1
29.311024684,0,1
29.311044852,0,0
29.311085990,0,1
29.311109270,1,1
29.311128576,1,0
29.311169704,1,1
29.311169708,1,0
29.311169714,1,1
29.311191156,0,1
29.311211326,0,0
29.311252464,0,1
29.311294070,0,0
29.311337668,0,1
29.311360946,1,1
29.311380254,1,0
29.311418430,1,1
29.311461022,1,0
29.311505596,1,1
29.340593592,0,1
29.340605384,0,0
29.340647986,0,1
29.340671264,1,1
29.340690568,1,0
29.340731692,1,1
29.340774280,1,0
29.340815406,1,1
29.340836848,0,1
29.340857012,0,0
29.340898144,0,1
29.340939742,0,0
29.340980876,0,1
29.341004150,1,1
29.341023456,1,0
29.341064582,1,1
29.341107178,1,0
29.341148310,1,1
29.341169754,0,1
29.341189922,0,0
29.341231054,0,1
29.341272650,0,0
29.341316244,0,1
29.341339518,1,1
29.341358824,1,0
29.341396998,1,1
29.341439582,1,0
29.341484150,1,1
29.375763720,1,0
29.376019372,0,0
29.376788578,0,1
29.377151450,0,0
29.377152834,1,0
29.377192576,1,1
29.377234184,1,0
29.377235516,0,0
29.377275324,0,1
29.377317908,0,0
29.377319686,1,0
29.377359032,1,1
29.377400638,1,0
29.377441754,1,1
29.377483338,1,0
29.377485350,0,0
29.377524474,0,1
29.377567062,0,0
29.377568536,1,0
29.377608204,1,1
29.377649820,1,0
29.377690958,1,1
29.377732562,1,0
29.377773694,1,1
29.377816774,1,0
29.377857898,1,1
29.377900484,1,0
29.377941604,1,1
29.377974862,0,1
29.377988136,0,0
29.378029278,0,1
29.378052556,1,1
29.378323982,0,1
29.378335774,0,0
29.378378382,0,1
29.378419980,0,0
29.378461112,0,1
29.378484390,1,1
29.378503692,1,0
29.378544818,1,1
29.378566264,0,1
29.378586428,0,0
29.378627558,0,1
29.378650834,1,1
29.378670138,1,0
29.378711262,1,1
29.378753852,1,0
29.378794978,1,1
29.378837568,1,0
29.378878686,1,1
29.378921272,1,0
29.378962392,1,1
29.379004976,1,0
29.379048558,1,1
29.379091142,1,0
29.379129310,1,1
29.379171900,1,0
29.379216476,1,1
29.379280466,1,0
29.379536114,0,0
29.380303140,0,1
29.380342776,0,0
29.380383922,0,1
29.380426512,0,0
29.380467658,0,1
29.380510248,0,0
29.380511910,1,0
29.380551376,1,1
29.380592980,1,0
29.380594988,0,0
29.380634120,0,1
29.380676704,0,0
29.380717838,0,1
29.380760422,0,0
29.380801562,0,1
29.380844150,0,0
29.380885288,0,1
29.380927874,0,0
29.380969014,0,1
29.381013078,0,0
29.381054218,0,1
29.381093356,0,0
29.381095010,1,0
29.381134480,1,1
29.381167744,0,1
29.381181018,0,0
29.381222160,0,1
29.381245434,1,1
29.381584006,0,1
29.381595816,0,0
29.381638488,0,1
29.381680150,0,0
29.381721350,0,1
29.381744668,1,1
29.381764002,1,0
29.381805198,1,1
29.381826678,0,1
29.381846878,0,0
29.381888084,0,1
29.381911396,1,1
29.381930732,1,0
29.381971930,1,1
29.382014586,1,0
29.382055778,1,1
29.382098434,1,0
29.382139628,1,1
29.382182282,1,0
29.382223482,1,1
29.382266140,1,0
29.382309802,1,1
29.382352460,1,0
29.382390702,1,1
29.382433356,1,0
29.382478008,1,1
29.430486398,0,1
29.430498210,0,0
29.430540898,0,1
29.430582574,0,0
29.430623788,0,1
29.430665460,0,0
29.430706672,0,1
29.430748348,0,0
29.430789562,0,1
29.430831240,0,0
29.430872456,0,1
29.430895770,1,1
29.430915108,1,0
29.430956312,1,1
29.430998976,1,0
29.431040178,1,1
29.431082842,1,0
29.431124046,1,1
29.431166710,1,0
29.431210376,1,1
29.431253044,1,0
29.431291286,1,1
29.431333946,1,0
29.431378600,1,1
29.435013876,0,1
29.435025688,0,0
29.435068372,0,1
29.435068378,0,0
29.435068380,0,1
29.435091690,1,1
29.435111030,1,0
29.435152236,1,1
29.435194904,1,0
29.435236116,1,1
29.435257596,0,1
29.435277798,0,0
29.435319012,0,1
29.435360686,0,0
29.435401896,0,1
29.435425218,1,1
29.435444556,1,0
29.435485758,1,1
29.435528418,1,0
29.435569618,1,1
29.435591098,0,1
29.435611298,0,0
29.435652502,0,1
29.435694178,0,0
29.435737858,0,1
29.435761172,1,1
29.435780508,1,0
29.435818756,1,1
29.435861414,1,0
29.435906070,1,1
29.504816816,0,1
29.504828630,0,0
29.504871330,0,1
29.504894650,1,1
29.504913988,1,0
29.504955198,1,1
29.504997872,1,0
29.505039086,1,1
29.505060568,0,1
29.505080772,0,0
29.505121996,0,1
29.505163682,0,0
29.505204904,0,1
29.505228230,1,1
29.505247574,1,0
29.505288788,1,1
29.505331462,1,0
29.505372674,1,1
29.505394156,0,1
29.505414362,0,0
29.505455580,0,1
29.505497264,0,0
29.505540952,0,1
29.505564278,1,1
29.505583618,1,0
29.505621874,1,1
29.505664546,1,0
29.505709214,1,1
29.535758298,1,0
29.536014062,0,0
29.536777634,0,1
29.536915832,0,0
29.536917874,1,0
29.536957050,1,1
29.536998736,1,0
29.537000196,0,0
29.537039970,0,1
29.537082642,0,0
29.537084026,1,0
29.537123858,1,1
29.537123862,1,0
29.537123864,1,1
29.537165554,1,0
29.537206774,1,1
29.537248464,1,0
29.537249506,0,0
29.537289696,0,1
29.537332370,0,0
29.537333738,1,0
29.537373586,1,1
29.537415274,1,0
29.537456484,1,1
29.537498170,1,0
29.537539382,1,1
29.537582548,1,0
29.537623760,1,1
29.537666428,1,0
29.537707640,1,1
29.537707646,1,0
29.537707650,1,1
29.537740964,0,1
29.537754262,0,0
29.537795494,0,1
29.537818822,1,1
29.538090814,0,1
29.538102634,0,0
29.538145342,0,1
29.538187032,0,0
29.538228264,0,1
29.538251590,1,1
29.538270936,1,0
29.538312160,1,1
29.538333648,0,1
29.538353858,0,0
29.538395086,0,1
29.538418416,1,1
29.538437758,1,0
29.538478980,1,1
29.538521654,1,0
29.538562872,1,1
29.538605544,1,0
29.538646762,1,1
29.538689432,1,0
29.538730646,1,1
29.538773322,1,0
29.538817006,1,1
29.538859678,1,0
29.538897934,1,1
29.538940602,1,0
29.538985270,1,1
29.539043960,1,0
29.539299240,0,0
29.540065898,0,1
29.540107618,0,0
29.540148862,0,1
29.540191550,0,0
29.540232796,0,1
29.540275484,0,0
29.540316726,0,1
29.540359410,0,0
29.540400654,0,1
29.540443340,0,0
29.540484582,0,1
29.540527268,0,0
29.540568512,0,1
29.540611196,0,0
29.540652436,0,1
29.540695122,0,0
29.540736366,0,1
29.540780530,0,0
29.540782512,1,0
29.540821758,1,1
29.540864446,1,0
29.540905672,1,1
29.540939010,0,1
29.540952314,0,0
29.540993560,0,1
29.541016890,1,1
29.541360342,0,1
29.541372144,0,0
29.541414780,0,1
29.541456402,0,0
29.541497560,0,1
29.541520846,1,1
29.541540160,1,0
29.541581308,1,1
29.541602760,0,1
29.541622934,0,0
29.541664082,0,1
29.541664086,0,0
29.541664088,0,1
29.541687368,1,1
29.541706682,1,0
29.541747830,1,1
29.541790432,1,0
29.541831578,1,1
29.541874180,1,0
29.541915322,1,1
29.541957926,1,0
29.541999070,1,1
29.542041672,1,0
29.542085274,1,1
29.542127884,1,0
29.542166070,1,1
29.542208676,1,0
29.542253268,1,1
29.573631654,0,1
29.573643442,0,0
29.573686032,0,1
29.573709300,1,1
29.573728600,1,0
29.573769712,1,1
29.573812282,1,0
29.573853394,1,1
29.573874832,0,1
29.573894988,0,0
29.573936106,0,1
29.573959382,1,1
29.573978686,1,0
29.574019814,1,1
29.574041254,0,1
29.574061418,0,0
29.574102554,0,1
29.574125832,1,1
29.574145140,1,0
29.574186266,1,1
29.574207710,0,1
29.574227876,0,0
29.574269012,0,1
29.574310610,0,0
29.574354204,0,1
29.574377480,1,1
29.574396784,1,0
29.574434956,1,1
29.574477548,1,0
29.574522128,1,1
29.591204448,0,1
29.591216244,0,0
29.591258860,0,1
29.591300466,0,0
29.591341606,0,1
29.591383210,0,0
29.591424352,0,1
29.591465952,0,0
29.591507088,0,1
29.591548690,0,0
29.591589828,0,1
29.591613104,1,1
29.591632412,1,0
29.591673544,1,1
29.591716136,1,0
29.591757264,1,1
29.591799854,1,0
29.591840980,1,1
29.591883570,1,0
29.591927162,1,1
29.591969756,1,0
29.592007924,1,1
29.592050520,1,0
29.592095096,1,1
29.595724148,0,1
29.595735944,0,0
29.595778560,0,1
29.595801838,1,1
29.595821144,1,0
29.595862274,1,1
29.595904868,1,0
29.595945998,1,1
29.595967444,0,1
29.595987612,0,0
29.596028748,0,1
29.596052028,1,1
29.596071334,1,0
29.596112468,1,1
29.596112474,1,0
29.596112478,1,1
29.596133916,0,1
29.596154084,0,0
29.596195220,0,1
29.596218500,1,1
29.596237806,1,0
29.596278938,1,1
29.596300384,0,1
29.596320550,0,0
29.596361688,0,1
29.596403290,0,0
29.596446894,0,1
29.596470168,1,1
29.596489476,1,0
29.596527654,1,1
29.596570252,1,0
29.596614830,1,1
29.611130838,0,1
29.611142632,0,0
29.611185244,0,1
29.611226846,0,0
29.611267980,0,1
29.611309584,0,0
29.611350720,0,1
29.611392320,0,0
29.611433454,0,1
29.611475058,0,0
29.611516192,0,1
29.611539468,1,1
29.611558770,1,0
29.611599904,1,1
29.611642492,1,0
29.611683620,1,1
29.611726216,1,0
29.611767346,1,1
29.611809938,1,0
29.611853530,1,1
29.611896122,1,0
29.611934296,1,1
29.611934302,1,0
29.611934304,1,1
29.611976890,1,0
29.612021466,1,1
29.615650328,0,1
29.615662122,0,0
29.615704728,0,1
29.615728008,1,1
29.615747312,1,0
29.615788444,1,1
29.615831032,1,0
29.615872156,1,1
29.615893600,0,1
29.615913766,0,0
29.615954900,0,1
29.615996500,0,0
29.616037636,0,1
29.616060912,1,1
29.616080220,1,0
29.616121346,1,1
29.616163930,1,0
29.616205054,1,1
29.616226496,0,1
29.616246660,0,0
29.616287796,0,1
29.616329400,0,0
29.616372998,0,1
29.616396278,1,1
29.616415584,1,0
29.616453758,1,1
29.616496348,1,0
29.616540918,1,1
29.703691968,1,0
29.703947608,0,0
29.704716528,0,1
29.704856544,0,0
29.704858068,1,0
29.704897670,1,1
29.704939274,1,0
29.704941152,0,0
29.704980412,0,1
29.705022992,0,0
29.705024726,1,0
29.705064120,1,1
29.705105724,1,0
29.705146846,1,1
29.705188450,1,0
29.705190000,0,0
29.705229580,0,1
29.705272162,0,0
29.705274184,1,0
29.705313282,1,1
29.705354884,1,0
29.705396000,1,1
29.705437600,1,0
29.705478724,1,1
29.705521796,1,0
29.705562914,1,1
29.705605498,1,0
29.705646616,1,1
29.705679868,0,1
29.705693138,0,0
29.705734280,0,1
29.705757562,1,1
29.706028970,0,1
29.706040760,0,0
29.706083362,0,1
29.706124962,0,0
29.706166092,0,1
29.706189364,1,1
29.706208668,1,0
29.706249794,1,1
29.706271236,0,1
29.706291398,0,0
29.706332526,0,1
29.706355804,1,1
29.706375106,1,0
29.706416234,1,1
29.706458826,1,0
29.706499956,1,1
29.706542540,1,0
29.706583654,1,1
29.706626236,1,0
29.706667354,1,1
29.706709938,1,0
29.706753520,1,1
29.706796104,1,0
29.706834272,1,1
29.706876856,1,0
29.706921424,1,1
29.706985890,1,0
29.707240726,0,0
29.708006922,0,1
29.708047642,0,0
29.708088780,0,1
29.708131374,0,0
29.708172518,0,1
29.708215108,0,0
29.708217016,1,0
29.708256238,1,1
29.708297836,1,0
29.708299092,0,0
29.708338980,0,1
29.708381560,0,0
29.708422694,0,1
29.708465278,0,0
29.708506418,0,1
29.708549002,0,0
29.708590142,0,1
29.708632728,0,0
29.708673864,0,1
29.708717926,0,0
29.708759060,0,1
29.708798198,0,0
29.708800104,1,0
29.708839318,1,1
29.708872576,0,1
29.708885846,0,0
29.708926982,0,1
29.708950254,1,1
29.709288800,0,1
29.709300608,0,0
29.709343278,0,1
29.709384942,0,0
29.709426138,0,1
29.709449452,1,1
29.709468786,1,0
29.709509980,1,1
29.709531456,0,1
29.709551654,0,0
29.709592852,0,1
29.709616164,1,1
29.709635502,1,0
29.709676698,1,1
29.709719360,1,0
29.709760558,1,1
29.709803214,1,0
29.709844406,1,1
29.709887060,1,0
29.709928258,1,1
29.709970912,1,0
29.710014570,1,1
29.710057226,1,0
29.710095462,1,1
29.710138116,1,0
29.710182762,1,1
29.721502118,0,1
29.721513930,0,0
29.721556614,0,1
29.721598286,0,0
29.721639494,0,1
29.721681166,0,0
29.721722374,0,1
29.721745690,1,1
29.721765028,1,0
29.721806232,1,1
29.721827710,0,1
29.721847910,0,0
29.721889118,0,1
29.721912432,1,1
29.721931770,1,0
29.721972974,1,1
29.722015636,1,0
29.722056832,1,1
29.722078312,0,1
29.722098516,0,0
29.722139726,0,1
29.722181398,0,0
29.722225078,0,1
29.722266748,0,0
29.722304996,0,1
29.722328314,1,1
29.722347652,1,0
29.722392308,1,1
29.726027730,0,1
29.726039546,0,0
29.726082236,0,1
29.726105556,1,1
29.726124896,1,0
29.726166106,1,1
29.726208774,1,0
29.726249978,1,1
29.726271460,0,1
29.726291664,0,0
29.726332874,0,1
29.726356194,1,1
29.726375530,1,0
29.726416730,1,1
29.726438214,0,1
29.726458414,0,0
29.726499624,0,1
29.726522942,1,1
29.726542280,1,0
29.726583486,1,1
29.726604966,0,1
29.726625166,0,0
29.726666378,0,1
29.726708054,0,0
29.726751732,0,1
29.726775052,1,1
29.726794390,1,0
29.726832632,1,1
29.726875296,1,0
29.726919950,1,1
29.744213218,0,1
29.744225030,0,0
29.744267718,0,1
29.744309390,0,0
29.744350602,0,1
29.744392276,0,0
29.744433486,0,1
29.744475158,0,0
29.744516370,0,1
29.744558050,0,0
29.744599266,0,1
29.744622588,1,1
29.744641930,1,0
29.744683136,1,1
29.744725804,1,0
29.744767014,1,1
29.744809682,1,0
29.744850888,1,1
29.744893556,1,0
29.744937234,1,1
29.744979898,1,0
29.745018144,1,1
29.745060812,1,0
29.745105476,1,1
29.748742384,0,1
29.748754200,0,0
29.748796894,0,1
29.748838570,0,0
29.748879784,0,1
29.748921460,0,0
29.748962676,0,1
29.748985996,1,1
29.749005336,1,0
29.749046542,1,1
29.749068024,0,1
29.749088230,0,0
29.749129448,0,1
29.749152770,1,1
29.749172110,1,0
29.749213322,1,1
29.749213328,1,0
29.749213332,1,1
29.749255988,1,0
29.749297194,1,1
29.749318674,0,1
29.749338874,0,0
29.749380090,0,1
29.749421762,0,0
29.749465442,0,1
29.749507120,0,0
29.749545374,0,1
29.749568698,1,1
29.749588038,1,0
29.749632702,1,1
29.749632704,1,0
29.749632706,1,1
29.753267814,0,1
29.753279626,0,0
29.753322304,0,1
29.753363966,0,0
29.753405162,0,1
29.753446824,0,0
29.753488022,0,1
29.753529682,0,0
29.753570882,0,1
29.753612540,0,0
29.753653738,0,1
29.753677048,1,1
29.753696380,1,0
29.753737572,1,1
29.753780218,1,0
29.753821410,1,1
29.753864060,1,0
29.753905246,1,1
29.753947924,1,0
29.753991614,1,1
29.754034302,1,0
29.754072578,1,1
29.754115272,1,0
29.754159964,1,1
29.757796988,0,1
29.757808804,0,0
29.757851496,0,1
29.757874818,1,1
29.757894156,1,0
29.757935364,1,1
29.757978028,1,0
29.758019238,1,1
29.758040722,0,1
29.758060924,0,0
29.758102142,0,1
29.758125476,1,1
29.758144826,1,0
29.758186060,1,1
29.758207546,0,1
29.758227752,0,0
29.758268976,0,1
29.758292298,1,1
29.758311638,1,0
29.758352846,1,1
29.758374328,0,1
29.758394534,0,0
29.758435752,0,1
29.758477428,0,0
29.758521112,0,1
29.758544436,1,1
29.758563778,1,0
29.758602026,1,1
29.758644692,1,0
29.758689354,1,1
29.880045338,1,0
29.880300416,0,0
29.881063280,0,1
29.881600886,0,0
29.881602458,1,0
29.881642106,1,1
29.881683792,1,0
29.881685184,0,0
29.881725018,0,1
29.881767694,0,0
29.881769416,1,0
29.881808910,1,1
29.881850596,1,0
29.881891816,1,1
29.881933502,1,0
29.881935180,0,0
29.881974730,0,1
29.882017404,0,0
29.882019402,1,0
29.882058616,1,1
29.882058620,1,0
29.882058624,1,1
29.882100308,1,0
29.882141526,1,1
29.882183214,1,0
29.882224430,1,1
29.882267594,1,0
29.882308804,1,1
29.882351472,1,0
29.882392682,1,1
29.882426006,0,1
29.882439306,0,0
29.882480530,0,1
29.882503858,1,1
29.882775856,0,1
29.882787672,0,0
29.882830372,0,1
29.882872050,0,0
29.882913270,0,1
29.882936596,1,1
29.882955936,1,0
29.882997148,1,1
29.883018630,0,1
29.883038838,0,0
29.883080054,0,1
29.883103382,1,1
29.883122718,1,0
29.883163932,1,1
29.883206608,1,0
29.883247816,1,1
29.883247820,1,0
29.883247824,1,1
29.883290496,1,0
29.883331712,1,1
29.883374382,1,0
29.883415594,1,1
29.883458266,1,0
29.883501938,1,1
29.883501944,1,0
29.883501948,1,1
29.883544608,1,0
29.883582862,1,1
29.883625528,1,0
29.883670196,1,1
29.883730160,1,0
29.883985914,0,0
29.884749616,0,1
29.884792382,0,0
29.884833614,0,1
29.884876286,0,0
29.884917520,0,1
29.884960192,0,0
29.885001426,0,1
29.885044098,0,0
29.885085322,0,1
29.885127998,0,0
29.885169228,0,1
29.885211906,0,0
29.885253134,0,1
29.885295810,0,0
29.885337034,0,1
29.885379710,0,0
29.885420940,0,1
29.885465090,0,0
29.885467140,1,0
29.885506304,1,1
29.885548978,1,0
29.885590194,1,1
29.885623520,0,1
29.885636822,0,0
29.885678056,0,1
29.885701380,1,1
29.886044716,0,1
29.886056516,0,0
29.886099150,0,1
29.886140764,0,0
29.886181916,0,1
29.886205208,1,1
29.886224516,1,0
29.886265656,1,1
29.886287110,0,1
29.886307282,0,0
29.886348432,0,1
29.886348436,0,0
29.886348440,0,1
29.886371720,1,1
29.886391030,1,0
29.886432176,1,1
29.886474778,1,0
29.886515922,1,1
29.886558520,1,0
29.886599660,1,1
29.886642258,1,0
29.886683396,1,1
29.886725998,1,0
29.886769602,1,1
29.886812198,1,0
29.886850378,1,1
29.886850384,1,0
29.886850388,1,1
29.886892978,1,0
29.886937556,1,1
29.894137278,0,1
29.894149076,0,0
29.894191700,0,1
29.894214978,1,1
29.894234286,1,0
29.894275422,1,1
29.894318022,1,0
29.894359162,1,1
29.894380608,0,1
29.894400778,0,0
29.894441926,0,1
29.894465204,1,1
29.894484518,1,0
29.894525650,1,1
29.894525654,1,0
29.894525656,1,1
29.894547100,0,1
29.894567272,0,0
29.894608420,0,1
29.894631702,1,1
29.894651012,1,0
29.894692146,1,1
29.894692148,1,0
29.894692154,1,1
29.894713598,0,1
29.894733768,0,0
29.894774908,0,1
29.894816516,0,0
29.894860128,0,1
29.894883410,1,1
29.894902720,1,0
29.894940906,1,1
29.894983510,1,0
29.895028100,1,1
29.914744854,0,1
29.914756650,0,0
29.914799260,0,1
29.914840866,0,0
29.914882006,0,1
29.914923612,0,0
29.914964752,0,1
29.915006358,0,0
29.915047500,0,1
29.915089106,0,0
29.915130252,0,1
29.915153534,1,1
29.915172840,1,0
29.915213978,1,1
29.915256570,1,0
29.915297702,1,1
29.915340292,1,0
29.915381418,1,1
29.915424014,1,0
29.915467608,1,1
29.915510198,1,0
29.915548376,1,1
29.915590968,1,0
29.915635546,1,1
29.919264794,0,1
29.919276590,0,0
29.919319202,0,1
29.919342482,1,1
29.919361788,1,0
29.919402920,1,1
29.919445512,1,0
29.919486644,1,1
29.919508088,0,1
29.919528254,0,0
29.919569388,0,1
29.919592666,1,1
29.919611972,1,0
29.919653096,1,1
29.919653098,1,0
29.919653104,1,1
29.919674542,0,1
29.919694706,0,0
29.919735846,0,1
29.919759124,1,1
29.919778430,1,0
29.919819558,1,1
29.919841006,0,1
29.919861174,0,0
29.919902314,0,1
29.919943920,0,0
29.919987524,0,1
29.920010802,1,1
29.920030108,1,0
29.920068280,1,1
29.920110878,1,0
29.920155460,1,1
29.949521864,0,1
29.949533656,0,0
29.949576262,0,1
29.949599538,1,1
29.949618844,1,0
29.949659972,1,1
29.949702564,1,0
29.949743692,1,1
29.949765136,0,1
29.949785300,0,0
29.949826434,0,1
29.949868034,0,0
29.949909172,0,1
29.949932450,1,1
29.949951754,1,0
29.949992880,1,1
29.950035466,1,0
29.950076588,1,1
29.950098034,0,1
29.950118202,0,0
29.950159338,0,1
29.950200938,0,0
29.950244538,0,1
29.950267812,1,1
29.950287120,1,0
29.950325288,1,1
29.950367876,1,0
29.950412448,1,1
30.023681378,1,0
30.023937074,0,0
30.024706138,0,1
30.024893618,0,0
30.024895868,1,0
30.024934746,1,1
30.024976354,1,0
30.024977964,0,0
30.025017496,0,1
30.025060086,0,0
30.025061554,1,0
30.025101218,1,1
30.025142828,1,0
30.025183958,1,1
30.025225560,1,0
30.025226670,0,0
30.025266702,0,1
30.025309286,0,0
30.025310872,1,0
30.025350412,1,1
30.025350418,1,0
30.025350420,1,1
30.025392020,1,0
30.025433148,1,1
30.025474748,1,0
30.025515872,1,1
30.025558952,1,0
30.025600078,1,1
30.025642664,1,0
30.025683788,1,1
30.025717054,0,1
30.025730328,0,0
30.025771478,0,1
30.025794768,1,1
30.026066216,0,1
30.026078008,0,0
30.026120614,0,1
30.026162202,0,0
30.026203336,0,1
30.026226616,1,1
30.026245924,1,0
30.026287062,1,1
30.026308508,0,1
30.026328668,0,0
30.026369796,0,1
30.026393068,1,1
30.026412372,1,0
30.026453504,1,1
30.026496090,1,0
30.026537220,1,1
30.026579806,1,0
30.026620934,1,1
30.026663516,1,0
30.026704640,1,1
30.026747222,1,0
30.026790802,1,1
30.026833386,1,0
30.026871552,1,1
30.026914134,1,0
30.026958702,1,1
30.027023736,1,0
30.027278868,0,0
30.028045342,0,1
30.028085056,0,0
30.028126208,0,1
30.028168808,0,0
30.028209954,0,1
30.028252552,0,0
30.028254726,1,0
30.028293686,1,1
30.028335292,1,0
30.028336832,0,0
30.028376430,0,1
30.028419024,0,0
30.028460168,0,1
30.028502756,0,0
30.028543900,0,1
30.028586494,0,0
30.028627636,0,1
30.028670230,0,0
30.028711374,0,1
30.028755442,0,0
30.028796592,0,1
30.028835736,0,0
30.028837976,1,0
30.028876866,1,1
30.028910132,0,1
30.028923406,0,0
30.028964550,0,1
30.028987830,1,1
30.029326418,0,1
30.029338228,0,0
30.029380896,0,1
30.029422558,0,0
30.029463760,0,1
30.029487074,1,1
30.029506410,1,0
30.029547606,1,1
30.029569086,0,1
30.029589288,0,0
30.029630496,0,1
30.029653810,1,1
30.029673146,1,0
30.029714350,1,1
30.029757010,1,0
30.029798212,1,1
30.029840870,1,0
30.029882068,1,1
30.029924720,1,0
30.029965914,1,1
30.030008574,1,0
30.030052238,1,1
30.030094894,1,0
30.030133138,1,1
30.030175792,1,0
30.030220440,1,1
30.037284734,0,1
30.037296546,0,0
30.037339230,0,1
30.037362548,1,1
30.037381882,1,0
30.037423082,1,1
30.037465742,1,0
30.037506940,1,1
30.037528416,0,1
30.037548614,0,0
30.037589824,0,1
30.037613140,1,1
30.037632476,1,0
30.037673676,1,1
30.037695154,0,1
30.037715356,0,0
30.037756566,0,1
30.037779878,1,1
30.037799216,1,0
30.037840414,1,1
30.037861896,0,1
30.037882096,0,0
30.037923308,0,1
30.037964982,0,0
30.038008658,0,1
30.038031976,1,1
30.038051312,1,0
30.038089560,1,1
30.038132228,1,0
30.038176884,1,1
30.057378788,0,1
30.057390604,0,0
30.057433298,0,1
30.057474978,0,0
30.057516196,0,1
30.057557874,0,0
30.057599088,0,1
30.057640764,0,0
30.057681978,0,1
30.057723654,0,0
30.057764868,0,1
30.057788190,1,1
30.057807530,1,0
30.057848734,1,1
30.057891402,1,0
30.057932616,1,1
30.057975286,1,0
30.058016490,1,1
30.058059154,1,0
30.058102820,1,1
30.058102824,1,0
30.058102828,1,1
30.058145498,1,0
30.058183746,1,1
30.058226412,1,0
30.058271072,1,1
30.061905830,0,1
30.061917644,0,0
30.061960336,0,1
30.061983654,1,1
30.062002992,1,0
30.062044196,1,1
30.062086866,1,0
30.062128078,1,1
30.062149562,0,1
30.062169764,0,0
30.062210978,0,1
30.062234302,1,1
30.062253640,1,0
30.062294848,1,1
30.062316328,0,1
30.062336532,0,0
30.062377748,0,1
30.062401068,1,1
30.062420406,1,0
30.062461610,1,1
30.062461614,1,0
30.062461618,1,1
30.062483098,0,1
30.062503300,0,0
30.062544514,0,1
30.062586190,0,0
30.062629878,0,1
30.062653198,1,1
30.062672536,1,0
30.062710780,1,1
30.062753446,1,0
30.062798100,1,1
30.062798104,1,0
30.062798108,1,1
30.072178710,0,1
30.072190526,0,0
30.072233218,0,1
30.072233222,0,0
30.072233224,0,1
30.072274898,0,0
30.072316114,0,1
30.072357794,0,0
30.072399008,0,1
30.072440688,0,0
30.072481904,0,1
30.072523580,0,0
30.072564796,0,1
30.072588118,1,1
30.072607456,1,0
30.072648658,1,1
30.072691328,1,0
30.072732538,1,1
30.072775208,1,0
30.072816418,1,1
30.072859088,1,0
30.072902762,1,1
30.072945432,1,0
30.072983678,1,1
30.073026348,1,0
30.073071008,1,1
30.076707072,0,1
30.076718888,0,0
30.076761584,0,1
30.076784902,1,1
30.076804240,1,0
30.076845446,1,1
30.076888114,1,0
30.076929322,1,1
30.076950804,0,1
30.076971006,0,0
30.077012220,0,1
30.077053902,0,0
30.077095118,0,1
30.077118440,1,1
30.077137780,1,0
30.077178996,1,1
30.077221664,1,0
30.077262874,1,1
30.077284358,0,1
30.077304560,0,0
30.077345774,0,1
30.077387446,0,0
30.077431130,0,1
30.077454452,1,1
30.077473790,1,0
30.077512038,1,1
30.077554706,1,0
30.077599362,1,1
30.168006370,1,0
30.168261618,0,0
30.169024696,0,1
30.169137170,0,0
30.169139114,1,0
30.169178394,1,1
30.169220086,1,0
30.169221832,0,0
30.169261318,0,1
30.169303990,0,0
30.169306070,1,0
30.169345208,1,1
30.169386896,1,0
30.169428114,1,1
30.169469802,1,0
30.169470854,0,0
30.169511028,0,1
30.169553702,0,0
30.169555096,1,0
30.169594918,1,1
30.169636606,1,0
30.169677824,1,1
30.169719512,1,0
30.169760726,1,1
30.169803890,1,0
30.169845100,1,1
30.169887774,1,0
30.169928986,1,1
30.169962316,0,1
30.169975616,0,0
30.170016854,0,1
30.170040184,1,1
30.170312190,0,1
30.170324006,0,0
30.170366710,0,1
30.170408390,0,0
30.170449610,0,1
30.170472940,1,1
30.170492280,1,0
30.170533500,1,1
30.170554978,0,1
30.170575182,0,0
30.170616402,0,1
30.170639726,1,1
30.170659066,1,0
30.170700280,1,1
30.170742952,1,0
30.170784166,1,1
30.170826836,1,0
30.170868048,1,1
30.170910722,1,0
30.170951934,1,1
30.170994606,1,0
30.171038280,1,1
30.171038284,1,0
30.171038288,1,1
30.171080952,1,0
30.171119206,1,1
30.171161880,1,0
30.171206544,1,1
30.171259986,1,0
30.171515770,0,0
30.172283182,0,1
30.172322338,0,0
30.172363576,0,1
30.172406246,0,0
30.172447480,0,1
30.172490152,0,0
30.172531374,0,1
30.172574046,0,0
30.172615274,0,1
30.172657946,0,0
30.172699178,0,1
30.172741852,0,0
30.172783076,0,1
30.172825748,0,0
30.172866974,0,1
30.172909648,0,0
30.172950880,0,1
30.172995030,0,0
30.172997172,1,0
30.173036240,1,1
30.173036242,1,0
30.173036248,1,1
30.173078912,1,0
30.173120130,1,1
30.173153456,0,1
30.173166758,0,0
30.173207986,0,1
30.173231312,1,1
30.173574640,0,1
30.173586442,0,0
30.173629076,0,1
30.173670694,0,0
30.173711846,0,1
30.173735132,1,1
30.173754446,1,0
30.173795592,1,1
30.173817042,0,1
30.173837214,0,0
30.173878366,0,1
30.173878372,0,0
30.173878376,0,1
30.173901652,1,1
30.173920966,1,0
30.173962110,1,1
30.174004712,1,0
30.174045854,1,1
30.174088452,1,0
30.174129596,1,1
30.174172198,1,0
30.174213334,1,1
30.174213338,1,0
30.174213342,1,1
30.174255936,1,0
30.174299538,1,1
30.174342136,1,0
30.174380314,1,1
30.174422908,1,0
30.174467488,1,1
30.181733574,0,1
30.181745370,0,0
30.181787990,0,1
30.181811274,1,1
30.181830580,1,0
30.181871718,1,1
30.181914316,1,0
30.181955450,1,1
30.181976898,0,1
30.181997066,0,0
30.182038210,0,1
30.182061490,1,1
30.182080800,1,0
30.182121936,1,1
30.182143382,0,1
30.182163552,0,0
30.182204694,0,1
30.182227976,1,1
30.182247286,1,0
30.182288426,1,1
30.182309872,0,1
30.182330042,0,0
30.182371180,0,1
30.182412790,0,0
30.182456396,0,1
30.182479674,1,1
30.182498982,1,0
30.182537162,1,1
30.182579758,1,0
30.182624342,1,1
30.207804858,0,1
30.207816654,0,0
30.207859270,0,1
30.207900876,0,0
30.207942014,0,1
30.207983620,0,0
30.208024760,0,1
30.208066364,0,0
30.208107508,0,1
30.208149118,0,0
30.208190260,0,1
30.208213542,1,1
30.208232848,1,0
30.208273980,1,1
30.208316574,1,0
30.208357706,1,1
30.208400300,1,0
30.208441430,1,1
30.208484020,1,0
30.208527612,1,1
30.208570202,1,0
30.208608376,1,1
30.208650968,1,0
30.208695538,1,1
30.212324830,0,1
30.212336626,0,0
30.212379238,0,1
30.212402520,1,1
30.212421830,1,0
30.212462968,1,1
30.212505560,1,0
30.212546698,1,1
30.212568144,0,1
30.212588312,0,0
30.212629452,0,1
30.212652734,1,1
30.212672042,1,0
30.212713180,1,1
30.212734626,0,1
30.212754796,0,0
30.212795936,0,1
30.212819214,1,1
30.212838522,1,0
30.212879654,1,1
30.212901098,0,1
30.212921268,0,0
30.212962408,0,1
30.213004014,0,0
30.213047616,0,1
30.213070900,1,1
30.213090210,1,0
30.213128396,1,1
30.213170992,1,0
30.213215572,1,1
30.319780078,1,0
30.320035744,0,0
30.320805140,0,1
30.320941218,0,0
30.320942684,1,0
30.320982352,1,1
30.321023956,1,0
30.321025776,0,0
30.321065096,0,1
30.321107684,0,0
30.321109364,1,0
30.321148812,1,1
30.321190412,1,0
30.321231542,1,1
30.321273142,1,0
30.321274224,0,0
30.321314278,0,1
30.321356862,0,0
30.321358408,1,0
30.321397984,1,1
30.321439586,1,0
30.321480706,1,1
30.321522304,1,0
30.321563420,1,1
30.321606498,1,0
30.321647618,1,1
30.321690196,1,0
30.321731310,1,1
30.321731314,1,0
30.321731318,1,1
30.321764572,0,1
30.321777844,0,0
30.321818984,0,1
30.321842258,1,1
30.322113662,0,1
30.322125456,0,0
30.322168066,0,1
30.322209662,0,0
30.322250792,0,1
30.322274066,1,1
30.322293372,1,0
30.322334496,1,1
30.322355936,0,1
30.322376102,0,0
30.322417234,0,1
30.322440508,1,1
30.322459812,1,0
30.322500942,1,1
30.322543532,1,0
30.322584654,1,1
30.322627240,1,0
30.322668366,1,1
30.322710952,1,0
30.322752070,1,1
30.322794658,1,0
30.322838242,1,1
30.322880826,1,0
30.322918996,1,1
30.322961584,1,0
30.323006148,1,1
30.323057838,1,0
30.323313074,0,0
30.324079366,0,1
30.324119584,0,0
30.324160730,0,1
30.324203318,0,0
30.324244464,0,1
30.324287048,0,0
30.324288872,1,0
30.324328168,1,1
30.324369770,1,0
30.324370964,0,0
30.324410908,0,1
30.324453488,0,0
30.324494628,0,1
30.324537212,0,0
30.324578350,0,1
30.324620936,0,0
30.324662074,0,1
30.324704658,0,0
30.324745802,0,1
30.324789866,0,0
30.324831004,0,1
30.324870148,0,0
30.324872090,1,0
30.324911272,1,1
30.324944536,0,1
30.324957810,0,0
30.324998952,0,1
30.325022230,1,1
30.325360824,0,1
30.325372632,0,0
30.325415308,0,1
30.325456972,0,0
30.325498170,0,1
30.325521480,1,1
30.325540816,1,0
30.325582010,1,1
30.325603484,0,1
30.325623684,0,0
30.325664892,0,1
30.325688204,1,1
30.325707540,1,0
30.325748740,1,1
30.325791398,1,0
30.325832598,1,1
30.325875256,1,0
30.325916458,1,1
30.325959118,1,0
30.326000316,1,1
30.326042972,1,0
30.326086638,1,1
30.326129300,1,0
30.326167538,1,1
30.326210202,1,0
30.326254854,1,1
30.464090858,1,0
30.464345650,0,0
30.465108554,0,1
30.465408778,0,0
30.465410208,1,0
30.465449996,1,1
30.465491676,1,0
30.465492914,0,0
30.465532904,0,1
30.465575574,0,0
30.465577140,1,0
30.465616788,1,1
30.465658472,1,0
30.465699688,1,1
30.465741372,1,0
30.465742902,0,0
30.465782598,0,1
30.465825268,0,0
30.465827130,1,0
30.465866470,1,1
30.465866474,1,0
30.465866478,1,1
30.465908156,1,0
30.465949372,1,1
30.465991056,1,0
30.466032274,1,1
30.466075438,1,0
30.466116656,1,1
30.466159326,1,0
30.466200540,1,1
30.466233862,0,1
30.466247162,0,0
30.466288392,0,1
30.466311718,1,1
30.466583728,0,1
30.466595546,0,0
30.466638248,0,1
30.466679928,0,0
30.466721154,0,1
30.466744480,1,1
30.466763822,1,0
30.466805034,1,1
30.466826520,0,1
30.466846728,0,0
30.466887952,0,1
30.466911274,1,1
30.466930620,1,0
30.466971842,1,1
30.467014518,1,0
30.467055730,1,1
30.467055732,1,0
30.467055736,1,1
30.467098412,1,0
30.467139632,1,1
30.467182308,1,0
30.467223522,1,1
30.467266194,1,0
30.467309872,1,1
30.467352550,1,0
30.467390808,1,1
30.467433476,1,0
30.467478140,1,1
30.467535990,1,0
30.467791784,0,0
30.468560418,0,1
30.468600398,0,0
30.468641632,0,1
30.468684310,0,0
30.468725542,0,1
30.468768214,0,0
30.468809450,0,1
30.468852124,0,0
30.468893354,0,1
30.468936028,0,0
30.468977262,0,1
30.469019934,0,0
30.469061168,0,1
30.469103844,0,0
30.469145074,0,1
30.469187752,0,0
30.469228990,0,1
30.469273142,0,0
30.469274744,1,0
30.469314362,1,1
30.469357038,1,0
30.469398254,1,1
30.469431580,0,1
30.469444880,0,0
30.469486114,0,1
30.469509444,1,1
30.469852806,0,1
30.469864604,0,0
30.469907234,0,1
30.469948850,0,0
30.469990006,0,1
30.470013292,1,1
30.470032600,1,0
30.470073742,1,1
30.470095194,0,1
30.470115372,0,0
30.470156524,0,1
30.470179812,1,1
30.470199122,1,0
30.470240268,1,1
30.470282876,1,0
30.470324012,1,1
30.470366614,1,0
30.470407758,1,1
30.470450358,1,0
30.470491496,1,1
30.470534096,1,0
30.470577698,1,1
30.470620300,1,0
30.470658488,1,1
30.470701092,1,0
30.470745698,1,1
30.771327248,0,1
30.771339034,0,0
30.771381618,0,1
30.771404870,1,1
30.771424158,1,0
30.771465266,1,1
30.771507854,1,0
30.771548976,1,1
30.771570416,0,1
30.771590578,0,0
30.771631704,0,1
30.771673300,0,0
30.771714420,0,1
30.771737688,1,1
30.771756988,1,0
30.771798100,1,1
30.771840678,1,0
30.771881794,1,1
30.771903236,0,1
30.771923396,0,0
30.771964526,0,1
30.772006118,0,0
30.772049712,0,1
30.772072984,1,1
30.772092292,1,0
30.772130464,1,1
30.772173052,1,0
30.772217620,1,1
30.775845690,0,1
30.775857478,0,0
30.775900070,0,1
30.775923336,1,1
30.775942636,1,0
30.775983742,1,1
30.776026314,1,0
30.776067424,1,1
30.776088858,0,1
30.776109018,0,0
30.776150138,0,1
30.776173410,1,1
30.776192710,1,0
30.776233826,1,1
30.776255262,0,1
30.776275422,0,0
30.776316548,0,1
30.776339824,1,1
30.776359122,1,0
30.776400238,1,1
30.776421684,0,1
30.776441846,0,0
30.776482976,0,1
30.776524570,0,0
30.776568164,0,1
30.776591434,1,1
30.776610740,1,0
30.776648904,1,1
30.776648910,1,0
30.776648912,1,1
30.776691490,1,0
30.776736050,1,1
30.776736054,1,0
30.776736056,1,1
30.796673152,0,1
30.796684942,0,0
30.796727544,0,1
30.796769140,0,0
30.796810268,0,1
30.796810274,0,0
30.796810278,0,1
30.796851872,0,0
30.796893002,0,1
30.796934602,0,0
30.796975730,0,1
30.796975736,0,0
30.796975740,0,1
30.797017332,0,0
30.797058462,0,1
30.797081736,1,1
30.797101042,1,0
30.797142174,1,1
30.797184764,1,0
30.797225888,1,1
30.797268476,1,0
30.797309604,1,1
30.797352188,1,0
30.797395776,1,1
30.797438360,1,0
30.797476524,1,1
30.797519110,1,0
30.797563680,1,1
30.801192160,0,1
30.801203952,0,0
30.801246564,0,1
30.801269834,1,1
30.801289140,1,0
30.801330264,1,1
30.801372846,1,0
30.801413960,1,1
30.801435400,0,1
30.801455562,0,0
30.801496690,0,1
30.801538284,0,0
30.801579412,0,1
30.801602686,1,1
30.801621990,1,0
30.801663110,1,1
30.801705698,1,0
30.801746816,1,1
30.801746822,1,0
30.801746826,1,1
30.801768262,0,1
30.801788422,0,0
30.801829552,0,1
30.801871152,0,0
30.801914744,0,1
30.801938020,1,1
30.801957324,1,0
30.801995496,1,1
30.802038082,1,0
30.802082644,1,1
30.819211610,0,1
30.819223402,0,0
30.819266004,0,1
30.819307600,0,0
30.819348730,0,1
30.819390324,0,0
30.819431454,0,1
30.819473050,0,0
30.819514176,0,1
30.819555774,0,0
30.819596904,0,1
30.819620176,1,1
30.819639480,1,0
30.819680600,1,1
30.819723182,1,0
30.819764282,1,1
30.819806864,1,0
30.819847994,1,1
30.819890580,1,0
30.819934160,1,1
30.819976744,1,0
30.820014908,1,1
30.820057490,1,0
30.820102060,1,1
30.823730392,0,1
30.823742186,0,0
30.823784790,0,1
30.823808064,1,1
30.823827368,1,0
30.823868488,1,1
30.823911074,1,0
30.823952192,1,1
30.823952196,1,0
30.823952198,1,1
30.823973636,0,1
30.823993800,0,0
30.824034928,0,1
30.824058202,1,1
30.824077504,1,0
30.824118624,1,1
30.824140070,0,1
30.824160232,0,0
30.824201360,0,1
30.824224626,1,1
30.824243932,1,0
30.824285054,1,1
30.824306492,0,1
30.824326654,0,0
30.824367778,0,1
30.824409378,0,0
30.824452972,0,1
30.824476246,1,1
30.824495558,1,0
30.824533742,1,1
30.824576344,1,0
30.824620928,1,1
30.845444260,0,1
30.845456048,0,0
30.845498654,0,1
30.845521922,1,1
30.845541224,1,0
30.845582344,1,1
30.845624926,1,0
30.845666048,1,1
30.845687488,0,1
30.845707650,0,0
30.845748778,0,1
30.845772052,1,1
30.845791358,1,0
30.845832480,1,1
30.845853916,0,1
30.845874078,0,0
30.845915208,0,1
30.845938482,1,1
30.845957786,1,0
30.845998906,1,1
30.846020344,0,1
30.846040510,0,0
30.846081638,0,1
30.846123236,0,0
30.846166828,0,1
30.846190102,1,1
30.846209408,1,0
30.846247572,1,1
30.846290160,1,0
30.846334728,1,1
30.955790762,0,1
30.955802546,0,0
30.955845122,0,1
30.955868380,1,1
30.955887676,1,0
30.955928774,1,1
30.955971334,1,0
30.956012432,1,1
30.956033864,0,1
30.956054016,0,0
30.956095118,0,1
30.956095124,0,0
30.956095128,0,1
30.956136700,0,0
30.956177804,0,1
30.956177808,0,0
30.956177810,0,1
30.956201066,1,1
30.956220358,1,0
30.956261456,1,1
30.956304022,1,0
30.956345114,1,1
30.956366546,0,1
30.956386700,0,0
30.956427804,0,1
30.956469380,0,0
30.956512950,0,1
30.956536212,1,1
30.956555508,1,0
30.956593658,1,1
30.956636220,1,0
30.956680764,1,1
30.984233886,0,1
30.984245676,0,0
30.984288276,0,1
30.984329870,0,0
30.984370990,0,1
30.984412584,0,0
30.984453710,0,1
30.984495302,0,0
30.984536426,0,1
30.984578018,0,0
30.984619144,0,1
30.984642414,1,1
30.984661714,1,0
30.984702832,1,1
30.984745410,1,0
30.984786526,1,1
30.984829100,1,0
30.984870218,1,1
30.984912794,1,0
30.984956370,1,1
30.984998950,1,0
30.985037110,1,1
30.985079688,1,0
30.985124256,1,1
30.988752252,0,1
30.988764042,0,0
30.988806640,0,1
30.988829908,1,1
30.988849208,1,0
30.988890314,1,1
30.988932884,1,0
30.988973998,1,1
30.988995440,0,1
30.989015604,0,0
30.989056726,0,1
30.989098314,0,0
30.989139442,0,1
30.989162716,1,1
30.989182018,1,0
30.989223134,1,1
30.989265716,1,0
30.989306834,1,1
30.989328276,0,1
30.989348436,0,0
30.989389562,0,1
30.989431156,0,0
30.989474742,0,1
30.989498008,1,1
30.989517312,1,0
30.989555474,1,1
30.989598048,1,0
30.989642608,1,1
31.021521408,0,1
31.021533202,0,0
31.021575812,0,1
31.021599088,1,1
31.021618394,1,0
31.021659524,1,1
31.021702116,1,0
31.021743240,1,1
31.021764686,0,1
31.021784850,0,0
31.021825986,0,1
31.021867586,0,0
31.021908722,0,1
31.021931998,1,1
31.021951306,1,0
31.021992434,1,1
31.022035022,1,0
31.022076152,1,1
31.022097596,0,1
31.022117764,0,0
31.022158902,0,1
31.022200506,0,0
31.022244106,0,1
31.022267380,1,1
31.022286688,1,0
31.022324862,1,1
31.022367454,1,0
31.022412022,1,1
31.126686412,0,1
31.126698204,0,0
31.126740804,0,1
31.126782394,0,0
31.126823518,0,1
31.126865110,0,0
31.126906236,0,1
31.126947830,0,0
31.126988956,0,1
31.127030550,0,0
31.127071670,0,1
31.127094944,1,1
31.127114252,1,0
31.127155374,1,1
31.127197962,1,0
31.127239086,1,1
31.127281676,1,0
31.127322798,1,1
31.127365382,1,0
31.127408956,1,1
31.127451542,1,0
31.127489702,1,1
31.127532282,1,0
31.127576846,1,1
31.131204930,0,1
31.131216720,0,0
31.131259320,0,1
31.131282592,1,1
31.131301894,1,0
31.131343014,1,1
31.131385594,1,0
31.131426712,1,1
31.131448154,0,1
31.131468314,0,0
31.131509436,0,1
31.131532710,1,1
31.131552014,1,0
31.131593132,1,1
31.131614570,0,1
31.131634734,0,0
31.131675856,0,1
31.131699130,1,1
31.131718432,1,0
31.131759554,1,1
31.131780994,0,1
31.131801156,0,0
31.131842284,0,1
31.131883880,0,0
31.131927472,0,1
31.131950742,1,1
31.131970046,1,0
31.132008210,1,1
31.132050792,1,0
31.132095356,1,1
31.149182480,0,1
31.149194270,0,0
31.149236864,0,1
31.149278454,0,0
31.149319576,0,1
31.149361168,0,0
31.149402286,0,1
31.149443878,0,0
31.149485000,0,1
31.149526588,0,0
31.149567712,0,1
31.149590980,1,1
31.149610280,1,0
31.149651392,1,1
31.149693966,1,0
31.149735080,1,1
31.149777656,1,0
31.149818766,1,1
31.149861346,1,0
31.149904918,1,1
31.149947490,1,0
31.149985650,1,1
31.150028226,1,0
31.150072780,1,1
31.153700594,0,1
31.153712382,0,0
31.153754978,0,1
31.153778248,1,1
31.153797548,1,0
31.153838662,1,1
31.153881236,1,0
31.153922352,1,1
31.153943788,0,1
31.153963948,0,0
31.154005060,0,1
31.154046654,0,0
31.154087776,0,1
31.154111048,1,1
31.154130348,1,0
31.154171466,1,1
31.154214042,1,0
31.154255150,1,1
31.154276586,0,1
31.154296742,0,0
31.154337866,0,1
31.154379456,0,0
31.154423034,0,1
31.154446306,1,1
31.154465608,1,0
31.154503772,1,1
31.154546350,1,0
31.154590908,1,1
31.186237170,0,1
31.186248956,0,0
31.186291534,0,1
31.186314796,1,1
31.186334088,1,0
31.186375182,1,1
31.186417744,1,0
31.186458836,1,1
31.186480268,0,1
31.186500416,0,0
31.186541518,0,1
31.186583092,0,0
31.186624194,0,1
31.186647450,1,1
31.186666746,1,0
31.186707840,1,1
31.186750402,1,0
31.186791496,1,1
31.186812928,0,1
31.186833080,0,0
31.186874182,0,1
31.186915750,0,0
31.186959312,0,1
31.186982572,1,1
31.187001866,1,0
31.187040006,1,1
31.187082566,1,0
31.187127106,1,1
31.296708326,0,1
31.296720114,0,0
31.296762704,0,1
31.296785974,1,1
31.296805272,1,0
31.296846380,1,1
31.296888956,1,0
31.296930064,1,1
31.296951502,0,1
31.296971658,0,0
31.297012772,0,1
31.297036034,1,1
31.297055334,1,0
31.297096440,1,1
31.297117878,0,1
31.297138034,0,0
31.297179156,0,1
31.297202422,1,1
31.297221722,1,0
31.297262830,1,1
31.297284268,0,1
31.297304428,0,0
31.297345548,0,1
31.297387136,0,0
31.297430718,0,1
31.297453986,1,1
31.297473286,1,0
31.297511446,1,1
31.297554022,1,0
31.297598580,1,1
31.317015474,0,1
31.317027262,0,0
31.317069862,0,1
31.317111458,0,0
31.317152584,0,1
31.317194180,0,0
31.317235308,0,1
31.317276904,0,0
31.317318030,0,1
31.317359624,0,0
31.317400750,0,1
31.317424020,1,1
31.317443324,1,0
31.317484446,1,1
31.317527024,1,0
31.317568140,1,1
31.317610722,1,0
31.317651834,1,1
31.317694418,1,0
31.317737998,1,1
31.317780580,1,0
31.317818744,1,1
31.317861324,1,0
31.317905886,1,1
31.321533982,0,1
31.321545772,0,0
31.321588370,0,1
31.321611638,1,1
31.321630938,1,0
31.321672054,1,1
31.321672058,1,0
31.321672062,1,1
31.321714640,1,0
31.321755760,1,1
31.321777198,0,1
31.321797358,0,0
31.321838482,0,1
31.321861752,1,1
31.321881056,1,0
31.321922176,1,1
31.321943616,0,1
31.321963776,0,0
31.322004900,0,1
31.322028168,1,1
31.322047472,1,0
31.322088586,1,1
31.322110030,0,1
31.322130192,0,0
31.322171316,0,1
31.322212912,0,0
31.322256500,0,1
31.322279770,1,1
31.322299074,1,0
31.322337240,1,1
31.322379818,1,0
31.322424376,1,1
31.339510566,0,1
31.339522356,0,0
31.339564954,0,1
31.339606546,0,0
31.339647672,0,1
31.339689262,0,0
31.339730386,0,1
31.339771982,0,0
31.339813108,0,1
31.339854700,0,0
31.339895824,0,1
31.339919094,1,1
31.339938398,1,0
31.339979514,1,1
31.339979518,1,0
31.339979522,1,1
31.340022100,1,0
31.340063218,1,1
31.340105800,1,0
31.340146920,1,1
31.340189502,1,0
31.340233082,1,1
31.340275668,1,0
31.340313832,1,1
31.340356414,1,0
31.340400974,1,1
31.344031082,0,1
31.344042882,0,0
31.344085518,0,1
31.344108808,1,1
31.344128122,1,0
31.344169264,1,1
31.344211876,1,0
31.344253018,1,1
31.344274470,0,1
31.344294642,0,0
31.344335796,0,1
31.344377416,0,0
31.344418560,0,1
31.344441844,1,1
31.344461160,1,0
31.344502320,1,1
31.344502324,1,0
31.344502326,1,1
31.344544950,1,0
31.344586096,1,1
31.344607556,0,1
31.344627740,0,0
31.344668916,0,1
31.344710540,0,0
31.344754174,0,1
31.344777466,1,1
31.344796788,1,0
31.344834982,1,1
31.344877584,1,0
31.344922180,1,1
31.377907316,0,1
31.377919110,0,0
31.377961722,0,1
31.377984998,1,1
31.378004302,1,0
31.378045436,1,1
31.378088030,1,0
31.378129160,1,1
31.378150606,0,1
31.378170774,0,0
31.378211912,0,1
31.378253516,0,0
31.378294650,0,1
31.378317928,1,1
31.378337236,1,0
31.378378364,1,1
31.378420954,1,0
31.378462084,1,1
31.378483526,0,1
31.378503692,0,0
31.378544826,0,1
31.378586430,0,0
31.378630032,0,1
31.378653304,1,1
31.378672612,1,0
31.378710790,1,1
31.378753382,1,0
31.378797960,1,1
31.382427250,0,1
31.382439040,0,0
31.382481638,0,1
31.382523236,0,0
31.382564368,0,1
31.382605964,0,0
31.382647092,0,1
31.382670366,1,1
31.382689672,1,0
31.382730782,1,1
31.382773352,1,0
31.382814454,1,1
31.382835882,0,1
31.382856030,0,0
31.382897128,0,1
31.382920386,1,1
31.382939680,1,0
31.382980772,1,1
31.383002198,0,1
31.383022348,0,0
31.383063444,0,1
31.383105012,0,0
31.383148584,0,1
31.383190194,0,0
31.383228390,0,1
31.383251674,1,1
31.383270990,1,0
31.383315592,1,1
31.465564284,0,1
31.465576086,0,0
31.465618728,0,1
31.465660360,0,0
31.465701524,0,1
31.465743152,0,0
31.465784318,0,1
31.465825942,0,0
31.465867106,0,1
31.465908736,0,0
31.465949898,0,1
31.465973186,1,1
31.465992504,1,0
31.466033660,1,1
31.466076274,1,0
31.466117426,1,1
31.466160048,1,0
31.466201200,1,1
31.466243818,1,0
31.466287436,1,1
31.466330054,1,0
31.466368250,1,1
31.466410872,1,0
31.466455470,1,1
31.466455476,1,0
31.466455480,1,1
31.470086894,0,1
31.470098696,0,0
31.470141336,0,1
31.470164628,1,1
31.470183950,1,0
31.470225110,1,1
31.470267732,1,0
31.470308890,1,1
31.470330350,0,1
31.470350530,0,0
31.470391696,0,1
31.470433328,0,0
31.470474494,0,1
31.470497794,1,1
31.470517112,1,0
31.470558268,1,1
31.470600896,1,0
31.470642056,1,1
31.470663518,0,1
31.470683698,0,0
31.470724868,0,1
31.470766510,0,0
31.470810152,0,1
31.470833456,1,1
31.470852784,1,0
31.470891000,1,1
31.470933638,1,0
31.470978260,1,1
31.498397236,0,1
31.498409044,0,0
31.498451700,0,1
31.498493354,0,0
31.498534542,0,1
31.498576190,0,0
31.498617376,0,1
31.498659028,0,0
31.498700214,0,1
31.498741868,0,0
31.498783056,0,1
31.498806362,1,1
31.498825690,1,0
31.498866864,1,1
31.498909508,1,0
31.498950688,1,1
31.498993324,1,0
31.499034504,1,1
31.499077140,1,0
31.499120774,1,1
31.499163406,1,0
31.499201618,1,1
31.499244250,1,0
31.499288866,1,1
31.499288870,1,0
31.499288872,1,1
31.502920804,0,1
31.502932608,0,0
31.502975254,0,1
31.503016872,0,0
31.503058034,0,1
31.503099648,0,0
31.503140802,0,1
31.503164084,1,1
31.503183398,1,0
31.503224540,1,1
31.503267152,1,0
31.503308288,1,1
31.503329736,0,1
31.503349910,0,0
31.503391056,0,1
31.503391062,0,0
31.503391066,0,1
31.503414344,1,1
31.503433654,1,0
31.503474792,1,1
31.503496246,0,1
31.503516416,0,0
31.503557556,0,1
31.503599168,0,0
31.503642780,0,1
31.503642782,0,0
31.503642786,0,1
31.503684400,0,0
31.503722594,0,1
31.503745880,1,1
31.503765196,1,0
31.503809784,1,1
31.583906010,0,1
31.583917804,0,0
31.583960422,0,1
31.583983702,1,1
31.584003014,1,0
31.584044148,1,1
31.584086746,1,0
31.584127874,1,1
31.584149322,0,1
31.584169494,0,0
31.584210660,0,1
31.584233952,1,1
31.584253264,1,0
31.584294406,1,1
31.584294410,1,0
31.584294414,1,1
31.584315868,0,1
31.584336050,0,0
31.584377220,0,1
31.584400500,1,1
31.584419812,1,0
31.584460968,1,1
31.584482428,0,1
31.584502610,0,0
31.584543760,0,1
31.584585390,0,0
31.584629016,0,1
31.584652300,1,1
31.584671612,1,0
31.584709788,1,1
31.584752394,1,0
31.584796976,1,1
31.588427834,0,1
31.588439628,0,0
31.588482244,0,1
31.588523852,0,0
31.588564992,0,1
31.588606608,0,0
31.588647772,0,1
31.588671064,1,1
31.588690376,1,0
31.588731522,1,1
31.588774146,1,0
31.588815308,1,1
31.588836758,0,1
31.588856932,0,0
31.588898096,0,1
31.588921396,1,1
31.588940716,1,0
31.588981854,1,1
31.589003314,0,1
31.589023494,0,0
31.589064652,0,1
31.589106264,0,0
31.589149864,0,1
31.589191482,0,0
31.589229670,0,1
31.589252946,1,1
31.589272256,1,0
31.589316842,1,1
31.619536680,0,1
31.619548470,0,0
31.619591058,0,1
31.619632650,0,0
31.619673770,0,1
31.619715356,0,0
31.619756476,0,1
31.619798062,0,0
31.619839176,0,1
31.619880760,0,0
31.619921874,0,1
31.619945136,1,1
31.619964436,1,0
31.620005542,1,1
31.620048118,1,0
31.620089226,1,1
31.620131812,1,0
31.620172924,1,1
31.620215498,1,0
31.620259066,1,1
31.620301640,1,0
31.620339796,1,1
31.620382368,1,0
31.620426924,1,1
31.624054326,0,1
31.624066112,0,0
31.624108690,0,1
31.624131948,1,1
31.624151242,1,0
31.624192340,1,1
31.624234900,1,0
31.624275994,1,1
31.624297422,0,1
31.624317572,0,0
31.624358670,0,1
31.624381928,1,1
31.624401222,1,0
31.624442314,1,1
31.624463742,0,1
31.624483890,0,0
31.624524986,0,1
31.624548242,1,1
31.624567534,1,0
31.624608636,1,1
31.624630070,0,1
31.624650224,0,0
31.624691332,0,1
31.624732920,0,0
31.624776496,0,1
31.624799758,1,1
31.624819062,1,0
31.624857216,1,1
31.624899792,1,0
31.624944342,1,1
31.634327050,0,1
31.634338836,0,0
31.634381426,0,1
31.634423010,0,0
31.634464124,0,1
31.634505708,0,0
31.634546824,0,1
31.634588410,0,0
31.634629524,0,1
31.634671108,0,0
31.634712226,0,1
31.634735492,1,1
31.634754794,1,0
31.634795900,1,1
31.634838476,1,0
31.634879580,1,1
31.634922150,1,0
31.634963260,1,1
31.635005828,1,0
31.635049398,1,1
31.635091970,1,0
31.635130130,1,1
31.635172702,1,0
31.635217260,1,1
31.638845598,0,1
31.638857386,0,0
31.638899982,0,1
31.638941566,0,0
31.638982686,0,1
31.639024276,0,0
31.639065398,0,1
31.639088670,1,1
31.639107974,1,0
31.639149096,1,1
31.639191684,1,0
31.639232802,1,1
31.639232808,1,0
31.639232812,1,1
31.639254242,0,1
31.639274404,0,0
31.639315524,0,1
31.639338792,1,1
31.639358092,1,0
31.639399206,1,1
31.639420644,0,1
31.639440804,0,0
31.639481924,0,1
31.639523512,0,0
31.639567096,0,1
31.639608684,0,0
31.639646848,0,1
31.639670118,1,1
31.639689416,1,0
31.639733972,1,1
48.955916288,1,1
