
C:/Users/regue/Desktop/okhi/firmware/uart_bridge/build/uart_bridge.elf:     file format elf32-littlearm

Sections:
Idx Name          Size      VMA       LMA       File off  Algn
  0 .boot2        00000100  10000000  10000000  00001000  2**0
                  CONTENTS, ALLOC, LOAD, READONLY, CODE
  1 .flashtext    0000018c  10000100  10000100  00001100  2**2
                  CONTENTS, ALLOC, LOAD, READONLY, CODE
  2 .rodata       00000000  1000028c  1000028c  00009f60  2**0
                  CONTENTS, ALLOC, LOAD, DATA
  3 .binary_info  00000020  1000028c  1000028c  0000128c  2**2
                  CONTENTS, ALLOC, LOAD, READONLY, DATA
  4 .ram_vector_table 000000c0  20000000  20000000  0000a000  2**2
                  ALLOC
  5 .uninitialized_data 00000000  200000c0  200000c0  00009f60  2**0
                  CONTENTS
  6 .text         00006450  200000c0  100002ac  000020c0  2**2
                  CONTENTS, ALLOC, LOAD, READONLY, CODE
  7 .xip_ram      00000000  15000000  15000000  00009f60  2**0
                  CONTENTS
  8 .data         00001a50  20006510  100066fc  00008510  2**4
                  CONTENTS, ALLOC, LOAD, CODE
  9 .tdata        00000000  20007f60  20007f60  00009f60  2**0
                  CONTENTS, ALLOC, LOAD, DATA, THREAD_LOCAL
 10 .tbss         00000000  20007f60  20007f60  00000000  2**0
                  ALLOC, THREAD_LOCAL
 11 .tbss_space   00000000  20007f60  20007f60  00009f60  2**0
                  CONTENTS
 12 .bss          00002794  20007f60  1000814c  00009f60  2**3
                  ALLOC
 13 .tls0         00000000  2000a6f4  2000a6f4  00009f60  2**0
                  CONTENTS
 14 .tls1         00000000  2000a6f4  2000a6f4  00009f60  2**0
                  CONTENTS
 15 .persistent_data 00000000  2000a6f4  2000a6f4  00009f60  2**0
                  CONTENTS
 16 .dummy_pre_heap 00000000  2000a6f4  2000a6f4  00009f60  2**0
                  CONTENTS
 17 .heap         00000800  2000a6f4  2000a6f4  0000a6f4  2**2
                  ALLOC, READONLY
 18 .scratch_x    00000000  20040000  20040000  00009f60  2**0
                  CONTENTS
 19 .scratch_y    00000000  20041000  20041000  00009f60  2**0
                  CONTENTS
 20 .stack1_dummy 00000800  20040000  20040000  0000a000  2**2
                  ALLOC
 21 .stack_dummy  00000800  20041000  20041000  0000a000  2**5
                  ALLOC, READONLY
 22 .debug_info   0002ab56  00000000  00000000  00009f60  2**0
                  CONTENTS, READONLY, DEBUGGING, OCTETS
 23 .debug_abbrev 000081ad  00000000  00000000  00034ab6  2**0
                  CONTENTS, READONLY, DEBUGGING, OCTETS
 24 .debug_loclists 00011dd9  00000000  00000000  0003cc63  2**0
                  CONTENTS, READONLY, DEBUGGING, OCTETS
 25 .debug_aranges 00001850  00000000  00000000  0004ea40  2**3
                  CONTENTS, READONLY, DEBUGGING, OCTETS
 26 .debug_rnglists 00001b70  00000000  00000000  00050290  2**0
                  CONTENTS, READONLY, DEBUGGING, OCTETS
 27 .debug_line   0001b400  00000000  00000000  00051e00  2**0
                  CONTENTS, READONLY, DEBUGGING, OCTETS
 28 .debug_str    00008e68  00000000  00000000  0006d200  2**0
                  CONTENTS, READONLY, DEBUGGING, OCTETS
 29 .comment      00000045  00000000  00000000  00076068  2**0
                  CONTENTS, READONLY
 30 .ARM.attributes 0000002a  00000000  00000000  000760ad  2**0
                  CONTENTS, READONLY
 31 .debug_frame  000033d4  00000000  00000000  000760d8  2**2
                  CONTENTS, READONLY, DEBUGGING, OCTETS
 32 .debug_line_str 0000036c  00000000  00000000  000794ac  2**0
                  CONTENTS, READONLY, DEBUGGING, OCTETS

C:/Users/regue/Desktop/okhi/firmware/uart_bridge/build/uart_bridge.elf:     file format elf32-littlearm


Disassembly of section .boot2:

10000000 <__boot2_start__>:
10000000:	4b32b500 	.word	0x4b32b500
10000004:	60582021 	.word	0x60582021
10000008:	21026898 	.word	0x21026898
1000000c:	60984388 	.word	0x60984388
10000010:	611860d8 	.word	0x611860d8
10000014:	4b2e6158 	.word	0x4b2e6158
10000018:	60992100 	.word	0x60992100
1000001c:	61592102 	.word	0x61592102
10000020:	22f02101 	.word	0x22f02101
10000024:	492b5099 	.word	0x492b5099
10000028:	21016019 	.word	0x21016019
1000002c:	20356099 	.word	0x20356099
10000030:	f844f000 	.word	0xf844f000
10000034:	42902202 	.word	0x42902202
10000038:	2106d014 	.word	0x2106d014
1000003c:	f0006619 	.word	0xf0006619
10000040:	6e19f834 	.word	0x6e19f834
10000044:	66192101 	.word	0x66192101
10000048:	66182000 	.word	0x66182000
1000004c:	f000661a 	.word	0xf000661a
10000050:	6e19f82c 	.word	0x6e19f82c
10000054:	6e196e19 	.word	0x6e196e19
10000058:	f0002005 	.word	0xf0002005
1000005c:	2101f82f 	.word	0x2101f82f
10000060:	d1f94208 	.word	0xd1f94208
10000064:	60992100 	.word	0x60992100
10000068:	6019491b 	.word	0x6019491b
1000006c:	60592100 	.word	0x60592100
10000070:	481b491a 	.word	0x481b491a
10000074:	21016001 	.word	0x21016001
10000078:	21eb6099 	.word	0x21eb6099
1000007c:	21a06619 	.word	0x21a06619
10000080:	f0006619 	.word	0xf0006619
10000084:	2100f812 	.word	0x2100f812
10000088:	49166099 	.word	0x49166099
1000008c:	60014814 	.word	0x60014814
10000090:	60992101 	.word	0x60992101
10000094:	2800bc01 	.word	0x2800bc01
10000098:	4700d000 	.word	0x4700d000
1000009c:	49134812 	.word	0x49134812
100000a0:	c8036008 	.word	0xc8036008
100000a4:	8808f380 	.word	0x8808f380
100000a8:	b5034708 	.word	0xb5034708
100000ac:	20046a99 	.word	0x20046a99
100000b0:	d0fb4201 	.word	0xd0fb4201
100000b4:	42012001 	.word	0x42012001
100000b8:	bd03d1f8 	.word	0xbd03d1f8
100000bc:	6618b502 	.word	0x6618b502
100000c0:	f7ff6618 	.word	0xf7ff6618
100000c4:	6e18fff2 	.word	0x6e18fff2
100000c8:	bd026e18 	.word	0xbd026e18
100000cc:	40020000 	.word	0x40020000
100000d0:	18000000 	.word	0x18000000
100000d4:	00070000 	.word	0x00070000
100000d8:	005f0300 	.word	0x005f0300
100000dc:	00002221 	.word	0x00002221
100000e0:	180000f4 	.word	0x180000f4
100000e4:	a0002022 	.word	0xa0002022
100000e8:	10000100 	.word	0x10000100
100000ec:	e000ed08 	.word	0xe000ed08
	...
100000fc:	7a4eb274 	.word	0x7a4eb274

Disassembly of section .flashtext:

10000100 <__VECTOR_TABLE>:
10000100:	20042000 	.word	0x20042000
10000104:	100001f7 	.word	0x100001f7
10000108:	100001cb 	.word	0x100001cb
1000010c:	100001cd 	.word	0x100001cd
10000110:	100001c9 	.word	0x100001c9
10000114:	100001c9 	.word	0x100001c9
10000118:	100001c9 	.word	0x100001c9
1000011c:	100001c9 	.word	0x100001c9
10000120:	100001c9 	.word	0x100001c9
10000124:	100001c9 	.word	0x100001c9
10000128:	100001c9 	.word	0x100001c9
1000012c:	100001cf 	.word	0x100001cf
10000130:	100001c9 	.word	0x100001c9
10000134:	100001c9 	.word	0x100001c9
10000138:	100001d1 	.word	0x100001d1
1000013c:	100001d3 	.word	0x100001d3
10000140:	100001c1 	.word	0x100001c1
10000144:	100001c1 	.word	0x100001c1
10000148:	100001c1 	.word	0x100001c1
1000014c:	100001c1 	.word	0x100001c1
10000150:	100001c1 	.word	0x100001c1
10000154:	100001c1 	.word	0x100001c1
10000158:	100001c1 	.word	0x100001c1
1000015c:	100001c1 	.word	0x100001c1
10000160:	100001c1 	.word	0x100001c1
10000164:	100001c1 	.word	0x100001c1
10000168:	100001c1 	.word	0x100001c1
1000016c:	100001c1 	.word	0x100001c1
10000170:	100001c1 	.word	0x100001c1
10000174:	100001c1 	.word	0x100001c1
10000178:	100001c1 	.word	0x100001c1
1000017c:	100001c1 	.word	0x100001c1
10000180:	100001c1 	.word	0x100001c1
10000184:	100001c1 	.word	0x100001c1
10000188:	100001c1 	.word	0x100001c1
1000018c:	100001c1 	.word	0x100001c1
10000190:	100001c1 	.word	0x100001c1
10000194:	100001c1 	.word	0x100001c1
10000198:	100001c1 	.word	0x100001c1
1000019c:	100001c1 	.word	0x100001c1
100001a0:	100001c1 	.word	0x100001c1
100001a4:	100001c1 	.word	0x100001c1
100001a8:	100001c1 	.word	0x100001c1
100001ac:	100001c1 	.word	0x100001c1
100001b0:	100001c1 	.word	0x100001c1
100001b4:	100001c1 	.word	0x100001c1
100001b8:	100001c1 	.word	0x100001c1
100001bc:	100001c1 	.word	0x100001c1

100001c0 <__unhandled_user_irq>:
100001c0:	f3ef 8005 	mrs	r0, IPSR
100001c4:	3810      	subs	r0, #16

100001c6 <unhandled_user_irq_num_in_r0>:
100001c6:	be00      	bkpt	0x0000

100001c8 <isr_invalid>:
100001c8:	be00      	bkpt	0x0000

100001ca <isr_nmi>:
100001ca:	be00      	bkpt	0x0000

100001cc <isr_hardfault>:
100001cc:	be00      	bkpt	0x0000

100001ce <isr_svcall>:
100001ce:	be00      	bkpt	0x0000

100001d0 <isr_pendsv>:
100001d0:	be00      	bkpt	0x0000

100001d2 <isr_systick>:
100001d2:	be00      	bkpt	0x0000

100001d4 <__default_isrs_end>:
100001d4:	7188ebf2 	.word	0x7188ebf2
100001d8:	1000028c 	.word	0x1000028c
100001dc:	100002ac 	.word	0x100002ac
100001e0:	10000238 	.word	0x10000238
100001e4:	e71aa390 	.word	0xe71aa390

100001e8 <_entry_point>:
100001e8:	2000      	movs	r0, #0

100001ea <_enter_vtable_in_r0>:
100001ea:	4921      	ldr	r1, [pc, #132]	@ (10000270 <data_cpy_table+0x38>)
100001ec:	6008      	str	r0, [r1, #0]
100001ee:	c806      	ldmia	r0!, {r1, r2}
100001f0:	f381 8808 	msr	MSP, r1
100001f4:	4710      	bx	r2

100001f6 <_reset_handler>:
100001f6:	481f      	ldr	r0, [pc, #124]	@ (10000274 <data_cpy_table+0x3c>)
100001f8:	6800      	ldr	r0, [r0, #0]
100001fa:	2800      	cmp	r0, #0
100001fc:	d001      	beq.n	10000202 <hold_non_core0_in_bootrom+0x4>

100001fe <hold_non_core0_in_bootrom>:
100001fe:	2000      	movs	r0, #0
10000200:	e7f3      	b.n	100001ea <_enter_vtable_in_r0>
10000202:	a40d      	add	r4, pc, #52	@ (adr r4, 10000238 <data_cpy_table>)
10000204:	cc0e      	ldmia	r4!, {r1, r2, r3}
10000206:	2900      	cmp	r1, #0
10000208:	d002      	beq.n	10000210 <hold_non_core0_in_bootrom+0x12>
1000020a:	f000 f812 	bl	10000232 <data_cpy>
1000020e:	e7f9      	b.n	10000204 <hold_non_core0_in_bootrom+0x6>
10000210:	4919      	ldr	r1, [pc, #100]	@ (10000278 <data_cpy_table+0x40>)
10000212:	4a1a      	ldr	r2, [pc, #104]	@ (1000027c <data_cpy_table+0x44>)
10000214:	2000      	movs	r0, #0
10000216:	e000      	b.n	1000021a <bss_fill_test>

10000218 <bss_fill_loop>:
10000218:	c101      	stmia	r1!, {r0}

1000021a <bss_fill_test>:
1000021a:	4291      	cmp	r1, r2
1000021c:	d1fc      	bne.n	10000218 <bss_fill_loop>

1000021e <platform_entry>:
1000021e:	4918      	ldr	r1, [pc, #96]	@ (10000280 <data_cpy_table+0x48>)
10000220:	4788      	blx	r1
10000222:	4918      	ldr	r1, [pc, #96]	@ (10000284 <data_cpy_table+0x4c>)
10000224:	4788      	blx	r1
10000226:	4918      	ldr	r1, [pc, #96]	@ (10000288 <data_cpy_table+0x50>)
10000228:	4788      	blx	r1
1000022a:	be00      	bkpt	0x0000
1000022c:	e7fd      	b.n	1000022a <platform_entry+0xc>

1000022e <data_cpy_loop>:
1000022e:	c901      	ldmia	r1!, {r0}
10000230:	c201      	stmia	r2!, {r0}

10000232 <data_cpy>:
10000232:	429a      	cmp	r2, r3
10000234:	d3fb      	bcc.n	1000022e <data_cpy_loop>

10000236 <data_cpy_done>:
10000236:	4770      	bx	lr

10000238 <data_cpy_table>:
10000238:	100002ac 	.word	0x100002ac
1000023c:	200000c0 	.word	0x200000c0
10000240:	20006510 	.word	0x20006510
10000244:	100066fc 	.word	0x100066fc
10000248:	20006510 	.word	0x20006510
1000024c:	20007f60 	.word	0x20007f60
10000250:	1000814c 	.word	0x1000814c
10000254:	20040000 	.word	0x20040000
10000258:	20040000 	.word	0x20040000
1000025c:	1000814c 	.word	0x1000814c
10000260:	20041000 	.word	0x20041000
10000264:	20041000 	.word	0x20041000
10000268:	00000000 	.word	0x00000000
1000026c:	4770      	bx	lr
1000026e:	0000      	.short	0x0000
10000270:	e000ed08 	.word	0xe000ed08
10000274:	d0000000 	.word	0xd0000000
10000278:	20007f60 	.word	0x20007f60
1000027c:	2000a6f4 	.word	0x2000a6f4
10000280:	20004055 	.word	0x20004055
10000284:	20000759 	.word	0x20000759
10000288:	20004017 	.word	0x20004017

Disassembly of section .text:

200000c0 <uart_set_irqs_enabled>:
200000c0:	b510      	push	{r4, lr}
200000c2:	2a00      	cmp	r2, #0
200000c4:	d01b      	beq.n	200000fe <uart_set_irqs_enabled+0x3e>
200000c6:	2320      	movs	r3, #32
200000c8:	2900      	cmp	r1, #0
200000ca:	d01a      	beq.n	20000102 <uart_set_irqs_enabled+0x42>
200000cc:	2410      	movs	r4, #16
200000ce:	4323      	orrs	r3, r4
200000d0:	3430      	adds	r4, #48	@ 0x30
200000d2:	46a4      	mov	ip, r4
200000d4:	4664      	mov	r4, ip
200000d6:	4323      	orrs	r3, r4
200000d8:	6383      	str	r3, [r0, #56]	@ 0x38
200000da:	2900      	cmp	r1, #0
200000dc:	d005      	beq.n	200000ea <uart_set_irqs_enabled+0x2a>
200000de:	6b41      	ldr	r1, [r0, #52]	@ 0x34
200000e0:	2338      	movs	r3, #56	@ 0x38
200000e2:	400b      	ands	r3, r1
200000e4:	4908      	ldr	r1, [pc, #32]	@ (20000108 <uart_set_irqs_enabled+0x48>)
200000e6:	1841      	adds	r1, r0, r1
200000e8:	600b      	str	r3, [r1, #0]
200000ea:	2a00      	cmp	r2, #0
200000ec:	d006      	beq.n	200000fc <uart_set_irqs_enabled+0x3c>
200000ee:	6b42      	ldr	r2, [r0, #52]	@ 0x34
200000f0:	2307      	movs	r3, #7
200000f2:	4013      	ands	r3, r2
200000f4:	4a04      	ldr	r2, [pc, #16]	@ (20000108 <uart_set_irqs_enabled+0x48>)
200000f6:	4694      	mov	ip, r2
200000f8:	4460      	add	r0, ip
200000fa:	6003      	str	r3, [r0, #0]
200000fc:	bd10      	pop	{r4, pc}
200000fe:	2300      	movs	r3, #0
20000100:	e7e2      	b.n	200000c8 <uart_set_irqs_enabled+0x8>
20000102:	2400      	movs	r4, #0
20000104:	46a4      	mov	ip, r4
20000106:	e7e5      	b.n	200000d4 <uart_set_irqs_enabled+0x14>
20000108:	00001034 	.word	0x00001034

2000010c <uart_getc>:
2000010c:	b082      	sub	sp, #8
2000010e:	2200      	movs	r2, #0
20000110:	466b      	mov	r3, sp
20000112:	1dd9      	adds	r1, r3, #7
20000114:	e006      	b.n	20000124 <uart_getc+0x18>
20000116:	6983      	ldr	r3, [r0, #24]
20000118:	06db      	lsls	r3, r3, #27
2000011a:	d4fc      	bmi.n	20000116 <uart_getc+0xa>
2000011c:	6803      	ldr	r3, [r0, #0]
2000011e:	700b      	strb	r3, [r1, #0]
20000120:	3201      	adds	r2, #1
20000122:	3101      	adds	r1, #1
20000124:	2a00      	cmp	r2, #0
20000126:	d0f6      	beq.n	20000116 <uart_getc+0xa>
20000128:	466b      	mov	r3, sp
2000012a:	79d8      	ldrb	r0, [r3, #7]
2000012c:	b002      	add	sp, #8
2000012e:	4770      	bx	lr

20000130 <bootsel_pressed_safely>:
20000130:	b082      	sub	sp, #8
20000132:	f3ef 8110 	mrs	r1, PRIMASK
20000136:	b672      	cpsid	i
20000138:	4b14      	ldr	r3, [pc, #80]	@ (2000018c <bootsel_pressed_safely+0x5c>)
2000013a:	681a      	ldr	r2, [r3, #0]
2000013c:	2380      	movs	r3, #128	@ 0x80
2000013e:	019b      	lsls	r3, r3, #6
20000140:	4053      	eors	r3, r2
20000142:	22c0      	movs	r2, #192	@ 0xc0
20000144:	0192      	lsls	r2, r2, #6
20000146:	4013      	ands	r3, r2
20000148:	4a11      	ldr	r2, [pc, #68]	@ (20000190 <bootsel_pressed_safely+0x60>)
2000014a:	6013      	str	r3, [r2, #0]
2000014c:	2300      	movs	r3, #0
2000014e:	9301      	str	r3, [sp, #4]
20000150:	e002      	b.n	20000158 <bootsel_pressed_safely+0x28>
20000152:	9b01      	ldr	r3, [sp, #4]
20000154:	3301      	adds	r3, #1
20000156:	9301      	str	r3, [sp, #4]
20000158:	9a01      	ldr	r2, [sp, #4]
2000015a:	23fa      	movs	r3, #250	@ 0xfa
2000015c:	009b      	lsls	r3, r3, #2
2000015e:	429a      	cmp	r2, r3
20000160:	dbf7      	blt.n	20000152 <bootsel_pressed_safely+0x22>
20000162:	23d0      	movs	r3, #208	@ 0xd0
20000164:	061b      	lsls	r3, r3, #24
20000166:	689b      	ldr	r3, [r3, #8]
20000168:	2002      	movs	r0, #2
2000016a:	4018      	ands	r0, r3
2000016c:	0780      	lsls	r0, r0, #30
2000016e:	0fc0      	lsrs	r0, r0, #31
20000170:	2301      	movs	r3, #1
20000172:	4058      	eors	r0, r3
20000174:	b2c0      	uxtb	r0, r0
20000176:	4b05      	ldr	r3, [pc, #20]	@ (2000018c <bootsel_pressed_safely+0x5c>)
20000178:	681b      	ldr	r3, [r3, #0]
2000017a:	22c0      	movs	r2, #192	@ 0xc0
2000017c:	0192      	lsls	r2, r2, #6
2000017e:	4013      	ands	r3, r2
20000180:	4a03      	ldr	r2, [pc, #12]	@ (20000190 <bootsel_pressed_safely+0x60>)
20000182:	6013      	str	r3, [r2, #0]
20000184:	f381 8810 	msr	PRIMASK, r1
20000188:	b002      	add	sp, #8
2000018a:	4770      	bx	lr
2000018c:	4001800c 	.word	0x4001800c
20000190:	4001900c 	.word	0x4001900c

20000194 <uart_read_bytes>:
20000194:	b5f8      	push	{r3, r4, r5, r6, r7, lr}
20000196:	0004      	movs	r4, r0
20000198:	4b1a      	ldr	r3, [pc, #104]	@ (20000204 <uart_read_bytes+0x70>)
2000019a:	0102      	lsls	r2, r0, #4
2000019c:	58d5      	ldr	r5, [r2, r3]
2000019e:	69ab      	ldr	r3, [r5, #24]
200001a0:	06db      	lsls	r3, r3, #27
200001a2:	d500      	bpl.n	200001a6 <uart_read_bytes+0x12>
200001a4:	bdf8      	pop	{r3, r4, r5, r6, r7, pc}
200001a6:	4b18      	ldr	r3, [pc, #96]	@ (20000208 <uart_read_bytes+0x74>)
200001a8:	4343      	muls	r3, r0
200001aa:	4a18      	ldr	r2, [pc, #96]	@ (2000020c <uart_read_bytes+0x78>)
200001ac:	4694      	mov	ip, r2
200001ae:	4463      	add	r3, ip
200001b0:	4a17      	ldr	r2, [pc, #92]	@ (20000210 <uart_read_bytes+0x7c>)
200001b2:	189b      	adds	r3, r3, r2
200001b4:	3304      	adds	r3, #4
200001b6:	001f      	movs	r7, r3
200001b8:	0018      	movs	r0, r3
200001ba:	f006 f9a9 	bl	20006510 <__ram_text_end__>
200001be:	69ab      	ldr	r3, [r5, #24]
200001c0:	06db      	lsls	r3, r3, #27
200001c2:	d41b      	bmi.n	200001fc <uart_read_bytes+0x68>
200001c4:	4b12      	ldr	r3, [pc, #72]	@ (20000210 <uart_read_bytes+0x7c>)
200001c6:	4a10      	ldr	r2, [pc, #64]	@ (20000208 <uart_read_bytes+0x74>)
200001c8:	4362      	muls	r2, r4
200001ca:	189b      	adds	r3, r3, r2
200001cc:	4a0f      	ldr	r2, [pc, #60]	@ (2000020c <uart_read_bytes+0x78>)
200001ce:	4694      	mov	ip, r2
200001d0:	4463      	add	r3, ip
200001d2:	681e      	ldr	r6, [r3, #0]
200001d4:	23a0      	movs	r3, #160	@ 0xa0
200001d6:	011b      	lsls	r3, r3, #4
200001d8:	429e      	cmp	r6, r3
200001da:	d20f      	bcs.n	200001fc <uart_read_bytes+0x68>
200001dc:	0028      	movs	r0, r5
200001de:	f7ff ff95 	bl	2000010c <uart_getc>
200001e2:	4b0b      	ldr	r3, [pc, #44]	@ (20000210 <uart_read_bytes+0x7c>)
200001e4:	4a08      	ldr	r2, [pc, #32]	@ (20000208 <uart_read_bytes+0x74>)
200001e6:	4362      	muls	r2, r4
200001e8:	189b      	adds	r3, r3, r2
200001ea:	199e      	adds	r6, r3, r6
200001ec:	7630      	strb	r0, [r6, #24]
200001ee:	4a07      	ldr	r2, [pc, #28]	@ (2000020c <uart_read_bytes+0x78>)
200001f0:	4694      	mov	ip, r2
200001f2:	4463      	add	r3, ip
200001f4:	681a      	ldr	r2, [r3, #0]
200001f6:	3201      	adds	r2, #1
200001f8:	601a      	str	r2, [r3, #0]
200001fa:	e7e0      	b.n	200001be <uart_read_bytes+0x2a>
200001fc:	0038      	movs	r0, r7
200001fe:	f006 fa47 	bl	20006690 <mutex_exit>
20000202:	e7cf      	b.n	200001a4 <uart_read_bytes+0x10>
20000204:	20006f84 	.word	0x20006f84
20000208:	00001430 	.word	0x00001430
2000020c:	00000a18 	.word	0x00000a18
20000210:	200080e0 	.word	0x200080e0

20000214 <uart0_irq_fn>:
20000214:	b510      	push	{r4, lr}
20000216:	2000      	movs	r0, #0
20000218:	f7ff ffbc 	bl	20000194 <uart_read_bytes>
2000021c:	bd10      	pop	{r4, pc}

2000021e <boot_press>:
2000021e:	b570      	push	{r4, r5, r6, lr}
20000220:	2400      	movs	r4, #0
20000222:	2500      	movs	r5, #0
20000224:	e000      	b.n	20000228 <boot_press+0xa>
20000226:	3401      	adds	r4, #1
20000228:	2c63      	cmp	r4, #99	@ 0x63
2000022a:	dc05      	bgt.n	20000238 <boot_press+0x1a>
2000022c:	f7ff ff80 	bl	20000130 <bootsel_pressed_safely>
20000230:	2800      	cmp	r0, #0
20000232:	d0f8      	beq.n	20000226 <boot_press+0x8>
20000234:	3501      	adds	r5, #1
20000236:	e7f6      	b.n	20000226 <boot_press+0x8>
20000238:	2d5a      	cmp	r5, #90	@ 0x5a
2000023a:	dc00      	bgt.n	2000023e <boot_press+0x20>
2000023c:	bd70      	pop	{r4, r5, r6, pc}
2000023e:	2100      	movs	r1, #0
20000240:	0008      	movs	r0, r1
20000242:	f001 fd87 	bl	20001d54 <rom_reset_usb_boot>
	...

20000248 <update_uart_cfg>:
20000248:	b5f8      	push	{r3, r4, r5, r6, r7, lr}
2000024a:	0004      	movs	r4, r0
2000024c:	4f39      	ldr	r7, [pc, #228]	@ (20000334 <update_uart_cfg+0xec>)
2000024e:	4347      	muls	r7, r0
20000250:	003d      	movs	r5, r7
20000252:	3510      	adds	r5, #16
20000254:	4e38      	ldr	r6, [pc, #224]	@ (20000338 <update_uart_cfg+0xf0>)
20000256:	19ad      	adds	r5, r5, r6
20000258:	0028      	movs	r0, r5
2000025a:	f006 f959 	bl	20006510 <__ram_text_end__>
2000025e:	59b9      	ldr	r1, [r7, r6]
20000260:	19f6      	adds	r6, r6, r7
20000262:	79f2      	ldrb	r2, [r6, #7]
20000264:	68b3      	ldr	r3, [r6, #8]
20000266:	021b      	lsls	r3, r3, #8
20000268:	4313      	orrs	r3, r2
2000026a:	4299      	cmp	r1, r3
2000026c:	d117      	bne.n	2000029e <update_uart_cfg+0x56>
2000026e:	4b32      	ldr	r3, [pc, #200]	@ (20000338 <update_uart_cfg+0xf0>)
20000270:	4a30      	ldr	r2, [pc, #192]	@ (20000334 <update_uart_cfg+0xec>)
20000272:	4362      	muls	r2, r4
20000274:	189b      	adds	r3, r3, r2
20000276:	791e      	ldrb	r6, [r3, #4]
20000278:	7adb      	ldrb	r3, [r3, #11]
2000027a:	429e      	cmp	r6, r3
2000027c:	d020      	beq.n	200002c0 <update_uart_cfg+0x78>
2000027e:	4b2f      	ldr	r3, [pc, #188]	@ (2000033c <update_uart_cfg+0xf4>)
20000280:	0122      	lsls	r2, r4, #4
20000282:	58d0      	ldr	r0, [r2, r3]
20000284:	4b2c      	ldr	r3, [pc, #176]	@ (20000338 <update_uart_cfg+0xf0>)
20000286:	4a2b      	ldr	r2, [pc, #172]	@ (20000334 <update_uart_cfg+0xec>)
20000288:	4362      	muls	r2, r4
2000028a:	189b      	adds	r3, r3, r2
2000028c:	799b      	ldrb	r3, [r3, #6]
2000028e:	2b06      	cmp	r3, #6
20000290:	d027      	beq.n	200002e2 <update_uart_cfg+0x9a>
20000292:	2b07      	cmp	r3, #7
20000294:	d027      	beq.n	200002e6 <update_uart_cfg+0x9e>
20000296:	2b05      	cmp	r3, #5
20000298:	d134      	bne.n	20000304 <update_uart_cfg+0xbc>
2000029a:	2105      	movs	r1, #5
2000029c:	e024      	b.n	200002e8 <update_uart_cfg+0xa0>
2000029e:	4b27      	ldr	r3, [pc, #156]	@ (2000033c <update_uart_cfg+0xf4>)
200002a0:	0122      	lsls	r2, r4, #4
200002a2:	58d0      	ldr	r0, [r2, r3]
200002a4:	f001 fb7a 	bl	2000199c <uart_set_baudrate>
200002a8:	4b23      	ldr	r3, [pc, #140]	@ (20000338 <update_uart_cfg+0xf0>)
200002aa:	58fa      	ldr	r2, [r7, r3]
200002ac:	19db      	adds	r3, r3, r7
200002ae:	1dd9      	adds	r1, r3, #7
200002b0:	71da      	strb	r2, [r3, #7]
200002b2:	0a13      	lsrs	r3, r2, #8
200002b4:	704b      	strb	r3, [r1, #1]
200002b6:	0c13      	lsrs	r3, r2, #16
200002b8:	708b      	strb	r3, [r1, #2]
200002ba:	0e12      	lsrs	r2, r2, #24
200002bc:	70ca      	strb	r2, [r1, #3]
200002be:	e7d6      	b.n	2000026e <update_uart_cfg+0x26>
200002c0:	4b1d      	ldr	r3, [pc, #116]	@ (20000338 <update_uart_cfg+0xf0>)
200002c2:	4a1c      	ldr	r2, [pc, #112]	@ (20000334 <update_uart_cfg+0xec>)
200002c4:	4362      	muls	r2, r4
200002c6:	189b      	adds	r3, r3, r2
200002c8:	795a      	ldrb	r2, [r3, #5]
200002ca:	7b1b      	ldrb	r3, [r3, #12]
200002cc:	429a      	cmp	r2, r3
200002ce:	d1d6      	bne.n	2000027e <update_uart_cfg+0x36>
200002d0:	4b19      	ldr	r3, [pc, #100]	@ (20000338 <update_uart_cfg+0xf0>)
200002d2:	4a18      	ldr	r2, [pc, #96]	@ (20000334 <update_uart_cfg+0xec>)
200002d4:	4362      	muls	r2, r4
200002d6:	189b      	adds	r3, r3, r2
200002d8:	799a      	ldrb	r2, [r3, #6]
200002da:	7b5b      	ldrb	r3, [r3, #13]
200002dc:	429a      	cmp	r2, r3
200002de:	d1ce      	bne.n	2000027e <update_uart_cfg+0x36>
200002e0:	e021      	b.n	20000326 <update_uart_cfg+0xde>
200002e2:	2106      	movs	r1, #6
200002e4:	e000      	b.n	200002e8 <update_uart_cfg+0xa0>
200002e6:	2107      	movs	r1, #7
200002e8:	2e02      	cmp	r6, #2
200002ea:	d00d      	beq.n	20000308 <update_uart_cfg+0xc0>
200002ec:	2201      	movs	r2, #1
200002ee:	4b12      	ldr	r3, [pc, #72]	@ (20000338 <update_uart_cfg+0xf0>)
200002f0:	4e10      	ldr	r6, [pc, #64]	@ (20000334 <update_uart_cfg+0xec>)
200002f2:	4366      	muls	r6, r4
200002f4:	199b      	adds	r3, r3, r6
200002f6:	795b      	ldrb	r3, [r3, #5]
200002f8:	2b01      	cmp	r3, #1
200002fa:	d007      	beq.n	2000030c <update_uart_cfg+0xc4>
200002fc:	2b02      	cmp	r3, #2
200002fe:	d116      	bne.n	2000032e <update_uart_cfg+0xe6>
20000300:	3b01      	subs	r3, #1
20000302:	e004      	b.n	2000030e <update_uart_cfg+0xc6>
20000304:	2108      	movs	r1, #8
20000306:	e7ef      	b.n	200002e8 <update_uart_cfg+0xa0>
20000308:	2202      	movs	r2, #2
2000030a:	e7f0      	b.n	200002ee <update_uart_cfg+0xa6>
2000030c:	2302      	movs	r3, #2
2000030e:	f001 fb73 	bl	200019f8 <uart_set_format>
20000312:	4b09      	ldr	r3, [pc, #36]	@ (20000338 <update_uart_cfg+0xf0>)
20000314:	4a07      	ldr	r2, [pc, #28]	@ (20000334 <update_uart_cfg+0xec>)
20000316:	4362      	muls	r2, r4
20000318:	189a      	adds	r2, r3, r2
2000031a:	7993      	ldrb	r3, [r2, #6]
2000031c:	7353      	strb	r3, [r2, #13]
2000031e:	7953      	ldrb	r3, [r2, #5]
20000320:	7313      	strb	r3, [r2, #12]
20000322:	7913      	ldrb	r3, [r2, #4]
20000324:	72d3      	strb	r3, [r2, #11]
20000326:	0028      	movs	r0, r5
20000328:	f006 f9b2 	bl	20006690 <mutex_exit>
2000032c:	bdf8      	pop	{r3, r4, r5, r6, r7, pc}
2000032e:	2300      	movs	r3, #0
20000330:	e7ed      	b.n	2000030e <update_uart_cfg+0xc6>
20000332:	46c0      	nop			@ (mov r8, r8)
20000334:	00001430 	.word	0x00001430
20000338:	200080e0 	.word	0x200080e0
2000033c:	20006f84 	.word	0x20006f84

20000340 <usb_read_bytes>:
20000340:	b570      	push	{r4, r5, r6, lr}
20000342:	0004      	movs	r4, r0
20000344:	f005 f97a 	bl	2000563c <tud_cdc_n_available>
20000348:	1e05      	subs	r5, r0, #0
2000034a:	d100      	bne.n	2000034e <usb_read_bytes+0xe>
2000034c:	bd70      	pop	{r4, r5, r6, pc}
2000034e:	4b1d      	ldr	r3, [pc, #116]	@ (200003c4 <usb_read_bytes+0x84>)
20000350:	4363      	muls	r3, r4
20000352:	4a1d      	ldr	r2, [pc, #116]	@ (200003c8 <usb_read_bytes+0x88>)
20000354:	4694      	mov	ip, r2
20000356:	4463      	add	r3, ip
20000358:	4a1c      	ldr	r2, [pc, #112]	@ (200003cc <usb_read_bytes+0x8c>)
2000035a:	189b      	adds	r3, r3, r2
2000035c:	001e      	movs	r6, r3
2000035e:	2100      	movs	r1, #0
20000360:	0018      	movs	r0, r3
20000362:	f006 f8fa 	bl	2000655a <mutex_try_enter>
20000366:	2800      	cmp	r0, #0
20000368:	d0f0      	beq.n	2000034c <usb_read_bytes+0xc>
2000036a:	4b18      	ldr	r3, [pc, #96]	@ (200003cc <usb_read_bytes+0x8c>)
2000036c:	4a15      	ldr	r2, [pc, #84]	@ (200003c4 <usb_read_bytes+0x84>)
2000036e:	4362      	muls	r2, r4
20000370:	189b      	adds	r3, r3, r2
20000372:	4a17      	ldr	r2, [pc, #92]	@ (200003d0 <usb_read_bytes+0x90>)
20000374:	4694      	mov	ip, r2
20000376:	4463      	add	r3, ip
20000378:	681b      	ldr	r3, [r3, #0]
2000037a:	22a0      	movs	r2, #160	@ 0xa0
2000037c:	0112      	lsls	r2, r2, #4
2000037e:	1ad2      	subs	r2, r2, r3
20000380:	42aa      	cmp	r2, r5
20000382:	d900      	bls.n	20000386 <usb_read_bytes+0x46>
20000384:	002a      	movs	r2, r5
20000386:	2a00      	cmp	r2, #0
20000388:	d103      	bne.n	20000392 <usb_read_bytes+0x52>
2000038a:	0030      	movs	r0, r6
2000038c:	f006 f980 	bl	20006690 <mutex_exit>
20000390:	e7dc      	b.n	2000034c <usb_read_bytes+0xc>
20000392:	490c      	ldr	r1, [pc, #48]	@ (200003c4 <usb_read_bytes+0x84>)
20000394:	0020      	movs	r0, r4
20000396:	434c      	muls	r4, r1
20000398:	18e1      	adds	r1, r4, r3
2000039a:	23a2      	movs	r3, #162	@ 0xa2
2000039c:	011b      	lsls	r3, r3, #4
2000039e:	469c      	mov	ip, r3
200003a0:	4461      	add	r1, ip
200003a2:	4d0a      	ldr	r5, [pc, #40]	@ (200003cc <usb_read_bytes+0x8c>)
200003a4:	46ac      	mov	ip, r5
200003a6:	4461      	add	r1, ip
200003a8:	3104      	adds	r1, #4
200003aa:	f005 f955 	bl	20005658 <tud_cdc_n_read>
200003ae:	0023      	movs	r3, r4
200003b0:	46ac      	mov	ip, r5
200003b2:	4463      	add	r3, ip
200003b4:	4a06      	ldr	r2, [pc, #24]	@ (200003d0 <usb_read_bytes+0x90>)
200003b6:	4694      	mov	ip, r2
200003b8:	4463      	add	r3, ip
200003ba:	681a      	ldr	r2, [r3, #0]
200003bc:	1812      	adds	r2, r2, r0
200003be:	601a      	str	r2, [r3, #0]
200003c0:	e7e3      	b.n	2000038a <usb_read_bytes+0x4a>
200003c2:	46c0      	nop			@ (mov r8, r8)
200003c4:	00001430 	.word	0x00001430
200003c8:	00001428 	.word	0x00001428
200003cc:	200080e0 	.word	0x200080e0
200003d0:	00001424 	.word	0x00001424

200003d4 <usb_write_bytes>:
200003d4:	b5f0      	push	{r4, r5, r6, r7, lr}
200003d6:	46c6      	mov	lr, r8
200003d8:	b500      	push	{lr}
200003da:	0005      	movs	r5, r0
200003dc:	4b26      	ldr	r3, [pc, #152]	@ (20000478 <usb_write_bytes+0xa4>)
200003de:	4a27      	ldr	r2, [pc, #156]	@ (2000047c <usb_write_bytes+0xa8>)
200003e0:	4342      	muls	r2, r0
200003e2:	189b      	adds	r3, r3, r2
200003e4:	4a26      	ldr	r2, [pc, #152]	@ (20000480 <usb_write_bytes+0xac>)
200003e6:	4694      	mov	ip, r2
200003e8:	4463      	add	r3, ip
200003ea:	681b      	ldr	r3, [r3, #0]
200003ec:	2b00      	cmp	r3, #0
200003ee:	d102      	bne.n	200003f6 <usb_write_bytes+0x22>
200003f0:	bc80      	pop	{r7}
200003f2:	46b8      	mov	r8, r7
200003f4:	bdf0      	pop	{r4, r5, r6, r7, pc}
200003f6:	4b21      	ldr	r3, [pc, #132]	@ (2000047c <usb_write_bytes+0xa8>)
200003f8:	4343      	muls	r3, r0
200003fa:	4463      	add	r3, ip
200003fc:	4a1e      	ldr	r2, [pc, #120]	@ (20000478 <usb_write_bytes+0xa4>)
200003fe:	189b      	adds	r3, r3, r2
20000400:	3304      	adds	r3, #4
20000402:	001e      	movs	r6, r3
20000404:	2100      	movs	r1, #0
20000406:	0018      	movs	r0, r3
20000408:	f006 f8a7 	bl	2000655a <mutex_try_enter>
2000040c:	2800      	cmp	r0, #0
2000040e:	d0ef      	beq.n	200003f0 <usb_write_bytes+0x1c>
20000410:	4a1a      	ldr	r2, [pc, #104]	@ (2000047c <usb_write_bytes+0xa8>)
20000412:	0028      	movs	r0, r5
20000414:	436a      	muls	r2, r5
20000416:	0011      	movs	r1, r2
20000418:	3118      	adds	r1, #24
2000041a:	4b17      	ldr	r3, [pc, #92]	@ (20000478 <usb_write_bytes+0xa4>)
2000041c:	18c9      	adds	r1, r1, r3
2000041e:	4688      	mov	r8, r1
20000420:	189b      	adds	r3, r3, r2
20000422:	001c      	movs	r4, r3
20000424:	4a16      	ldr	r2, [pc, #88]	@ (20000480 <usb_write_bytes+0xac>)
20000426:	4694      	mov	ip, r2
20000428:	4464      	add	r4, ip
2000042a:	6822      	ldr	r2, [r4, #0]
2000042c:	f005 f98c 	bl	20005748 <tud_cdc_n_write>
20000430:	0007      	movs	r7, r0
20000432:	6822      	ldr	r2, [r4, #0]
20000434:	4282      	cmp	r2, r0
20000436:	d812      	bhi.n	2000045e <usb_write_bytes+0x8a>
20000438:	4b0f      	ldr	r3, [pc, #60]	@ (20000478 <usb_write_bytes+0xa4>)
2000043a:	4a10      	ldr	r2, [pc, #64]	@ (2000047c <usb_write_bytes+0xa8>)
2000043c:	436a      	muls	r2, r5
2000043e:	189b      	adds	r3, r3, r2
20000440:	4a0f      	ldr	r2, [pc, #60]	@ (20000480 <usb_write_bytes+0xac>)
20000442:	4694      	mov	ip, r2
20000444:	4463      	add	r3, ip
20000446:	681a      	ldr	r2, [r3, #0]
20000448:	1bd2      	subs	r2, r2, r7
2000044a:	601a      	str	r2, [r3, #0]
2000044c:	0030      	movs	r0, r6
2000044e:	f006 f91f 	bl	20006690 <mutex_exit>
20000452:	2f00      	cmp	r7, #0
20000454:	d0cc      	beq.n	200003f0 <usb_write_bytes+0x1c>
20000456:	0028      	movs	r0, r5
20000458:	f005 f91c 	bl	20005694 <tud_cdc_n_write_flush>
2000045c:	e7c8      	b.n	200003f0 <usb_write_bytes+0x1c>
2000045e:	4907      	ldr	r1, [pc, #28]	@ (2000047c <usb_write_bytes+0xa8>)
20000460:	4369      	muls	r1, r5
20000462:	4684      	mov	ip, r0
20000464:	4461      	add	r1, ip
20000466:	3118      	adds	r1, #24
20000468:	4b03      	ldr	r3, [pc, #12]	@ (20000478 <usb_write_bytes+0xa4>)
2000046a:	18c9      	adds	r1, r1, r3
2000046c:	1a12      	subs	r2, r2, r0
2000046e:	4640      	mov	r0, r8
20000470:	f005 ff9c 	bl	200063ac <memmove>
20000474:	e7e0      	b.n	20000438 <usb_write_bytes+0x64>
20000476:	46c0      	nop			@ (mov r8, r8)
20000478:	200080e0 	.word	0x200080e0
2000047c:	00001430 	.word	0x00001430
20000480:	00000a18 	.word	0x00000a18

20000484 <usb_cdc_process>:
20000484:	b5f8      	push	{r3, r4, r5, r6, r7, lr}
20000486:	0004      	movs	r4, r0
20000488:	4d0b      	ldr	r5, [pc, #44]	@ (200004b8 <usb_cdc_process+0x34>)
2000048a:	4345      	muls	r5, r0
2000048c:	002e      	movs	r6, r5
2000048e:	3610      	adds	r6, #16
20000490:	4f0a      	ldr	r7, [pc, #40]	@ (200004bc <usb_cdc_process+0x38>)
20000492:	19f6      	adds	r6, r6, r7
20000494:	0030      	movs	r0, r6
20000496:	f006 f83b 	bl	20006510 <__ram_text_end__>
2000049a:	19e9      	adds	r1, r5, r7
2000049c:	0020      	movs	r0, r4
2000049e:	f005 f8bb 	bl	20005618 <tud_cdc_n_get_line_coding>
200004a2:	0030      	movs	r0, r6
200004a4:	f006 f8f4 	bl	20006690 <mutex_exit>
200004a8:	0020      	movs	r0, r4
200004aa:	f7ff ff49 	bl	20000340 <usb_read_bytes>
200004ae:	0020      	movs	r0, r4
200004b0:	f7ff ff90 	bl	200003d4 <usb_write_bytes>
200004b4:	bdf8      	pop	{r3, r4, r5, r6, r7, pc}
200004b6:	46c0      	nop			@ (mov r8, r8)
200004b8:	00001430 	.word	0x00001430
200004bc:	200080e0 	.word	0x200080e0

200004c0 <core1_entry>:
200004c0:	b510      	push	{r4, lr}
200004c2:	2100      	movs	r1, #0
200004c4:	2000      	movs	r0, #0
200004c6:	f005 fbfd 	bl	20005cc4 <tusb_rhport_init>
200004ca:	e009      	b.n	200004e0 <core1_entry+0x20>
200004cc:	b2e0      	uxtb	r0, r4
200004ce:	f7ff ffd9 	bl	20000484 <usb_cdc_process>
200004d2:	3401      	adds	r4, #1
200004d4:	e00a      	b.n	200004ec <core1_entry+0x2c>
200004d6:	23d0      	movs	r3, #208	@ 0xd0
200004d8:	061b      	lsls	r3, r3, #24
200004da:	2280      	movs	r2, #128	@ 0x80
200004dc:	04d2      	lsls	r2, r2, #19
200004de:	619a      	str	r2, [r3, #24]
200004e0:	2001      	movs	r0, #1
200004e2:	2100      	movs	r1, #0
200004e4:	4240      	negs	r0, r0
200004e6:	f004 fe5d 	bl	200051a4 <tud_task_ext>
200004ea:	2400      	movs	r4, #0
200004ec:	2c00      	cmp	r4, #0
200004ee:	dded      	ble.n	200004cc <core1_entry+0xc>
200004f0:	f004 fb2a 	bl	20004b48 <tud_mounted>
200004f4:	2800      	cmp	r0, #0
200004f6:	d0ee      	beq.n	200004d6 <core1_entry+0x16>
200004f8:	23d0      	movs	r3, #208	@ 0xd0
200004fa:	061b      	lsls	r3, r3, #24
200004fc:	2280      	movs	r2, #128	@ 0x80
200004fe:	04d2      	lsls	r2, r2, #19
20000500:	615a      	str	r2, [r3, #20]
20000502:	e7ed      	b.n	200004e0 <core1_entry+0x20>

20000504 <uart_write_bytes>:
20000504:	b570      	push	{r4, r5, r6, lr}
20000506:	46c6      	mov	lr, r8
20000508:	b500      	push	{lr}
2000050a:	b083      	sub	sp, #12
2000050c:	0004      	movs	r4, r0
2000050e:	4b3a      	ldr	r3, [pc, #232]	@ (200005f8 <uart_write_bytes+0xf4>)
20000510:	4a3a      	ldr	r2, [pc, #232]	@ (200005fc <uart_write_bytes+0xf8>)
20000512:	4342      	muls	r2, r0
20000514:	189b      	adds	r3, r3, r2
20000516:	4a3a      	ldr	r2, [pc, #232]	@ (20000600 <uart_write_bytes+0xfc>)
20000518:	4694      	mov	ip, r2
2000051a:	4463      	add	r3, ip
2000051c:	681b      	ldr	r3, [r3, #0]
2000051e:	2b00      	cmp	r3, #0
20000520:	d103      	bne.n	2000052a <uart_write_bytes+0x26>
20000522:	b003      	add	sp, #12
20000524:	bc40      	pop	{r6}
20000526:	46b0      	mov	r8, r6
20000528:	bd70      	pop	{r4, r5, r6, pc}
2000052a:	4b34      	ldr	r3, [pc, #208]	@ (200005fc <uart_write_bytes+0xf8>)
2000052c:	4343      	muls	r3, r0
2000052e:	4a35      	ldr	r2, [pc, #212]	@ (20000604 <uart_write_bytes+0x100>)
20000530:	4694      	mov	ip, r2
20000532:	4463      	add	r3, ip
20000534:	4a30      	ldr	r2, [pc, #192]	@ (200005f8 <uart_write_bytes+0xf4>)
20000536:	189b      	adds	r3, r3, r2
20000538:	001e      	movs	r6, r3
2000053a:	2100      	movs	r1, #0
2000053c:	0018      	movs	r0, r3
2000053e:	f006 f80c 	bl	2000655a <mutex_try_enter>
20000542:	2800      	cmp	r0, #0
20000544:	d0ed      	beq.n	20000522 <uart_write_bytes+0x1e>
20000546:	2500      	movs	r5, #0
20000548:	e009      	b.n	2000055e <uart_write_bytes+0x5a>
2000054a:	6993      	ldr	r3, [r2, #24]
2000054c:	069b      	lsls	r3, r3, #26
2000054e:	d4fc      	bmi.n	2000054a <uart_write_bytes+0x46>
20000550:	780b      	ldrb	r3, [r1, #0]
20000552:	6013      	str	r3, [r2, #0]
20000554:	3001      	adds	r0, #1
20000556:	3101      	adds	r1, #1
20000558:	2800      	cmp	r0, #0
2000055a:	d0f6      	beq.n	2000054a <uart_write_bytes+0x46>
2000055c:	3501      	adds	r5, #1
2000055e:	4b2a      	ldr	r3, [pc, #168]	@ (20000608 <uart_write_bytes+0x104>)
20000560:	0122      	lsls	r2, r4, #4
20000562:	58d2      	ldr	r2, [r2, r3]
20000564:	6993      	ldr	r3, [r2, #24]
20000566:	2120      	movs	r1, #32
20000568:	0008      	movs	r0, r1
2000056a:	4018      	ands	r0, r3
2000056c:	4219      	tst	r1, r3
2000056e:	d116      	bne.n	2000059e <uart_write_bytes+0x9a>
20000570:	4b21      	ldr	r3, [pc, #132]	@ (200005f8 <uart_write_bytes+0xf4>)
20000572:	4922      	ldr	r1, [pc, #136]	@ (200005fc <uart_write_bytes+0xf8>)
20000574:	4361      	muls	r1, r4
20000576:	185b      	adds	r3, r3, r1
20000578:	4921      	ldr	r1, [pc, #132]	@ (20000600 <uart_write_bytes+0xfc>)
2000057a:	468c      	mov	ip, r1
2000057c:	4463      	add	r3, ip
2000057e:	681b      	ldr	r3, [r3, #0]
20000580:	42ab      	cmp	r3, r5
20000582:	d90c      	bls.n	2000059e <uart_write_bytes+0x9a>
20000584:	4b1c      	ldr	r3, [pc, #112]	@ (200005f8 <uart_write_bytes+0xf4>)
20000586:	491d      	ldr	r1, [pc, #116]	@ (200005fc <uart_write_bytes+0xf8>)
20000588:	4361      	muls	r1, r4
2000058a:	185b      	adds	r3, r3, r1
2000058c:	195b      	adds	r3, r3, r5
2000058e:	491f      	ldr	r1, [pc, #124]	@ (2000060c <uart_write_bytes+0x108>)
20000590:	468c      	mov	ip, r1
20000592:	4463      	add	r3, ip
20000594:	781b      	ldrb	r3, [r3, #0]
20000596:	4669      	mov	r1, sp
20000598:	3107      	adds	r1, #7
2000059a:	700b      	strb	r3, [r1, #0]
2000059c:	e7dc      	b.n	20000558 <uart_write_bytes+0x54>
2000059e:	4b16      	ldr	r3, [pc, #88]	@ (200005f8 <uart_write_bytes+0xf4>)
200005a0:	4a16      	ldr	r2, [pc, #88]	@ (200005fc <uart_write_bytes+0xf8>)
200005a2:	4362      	muls	r2, r4
200005a4:	189b      	adds	r3, r3, r2
200005a6:	4a16      	ldr	r2, [pc, #88]	@ (20000600 <uart_write_bytes+0xfc>)
200005a8:	4694      	mov	ip, r2
200005aa:	4463      	add	r3, ip
200005ac:	681a      	ldr	r2, [r3, #0]
200005ae:	42aa      	cmp	r2, r5
200005b0:	d80d      	bhi.n	200005ce <uart_write_bytes+0xca>
200005b2:	4b11      	ldr	r3, [pc, #68]	@ (200005f8 <uart_write_bytes+0xf4>)
200005b4:	4a11      	ldr	r2, [pc, #68]	@ (200005fc <uart_write_bytes+0xf8>)
200005b6:	4362      	muls	r2, r4
200005b8:	189b      	adds	r3, r3, r2
200005ba:	4a11      	ldr	r2, [pc, #68]	@ (20000600 <uart_write_bytes+0xfc>)
200005bc:	4694      	mov	ip, r2
200005be:	4463      	add	r3, ip
200005c0:	681a      	ldr	r2, [r3, #0]
200005c2:	1b52      	subs	r2, r2, r5
200005c4:	601a      	str	r2, [r3, #0]
200005c6:	0030      	movs	r0, r6
200005c8:	f006 f862 	bl	20006690 <mutex_exit>
200005cc:	e7a9      	b.n	20000522 <uart_write_bytes+0x1e>
200005ce:	4b0b      	ldr	r3, [pc, #44]	@ (200005fc <uart_write_bytes+0xf8>)
200005d0:	4363      	muls	r3, r4
200005d2:	21a2      	movs	r1, #162	@ 0xa2
200005d4:	0109      	lsls	r1, r1, #4
200005d6:	1858      	adds	r0, r3, r1
200005d8:	4907      	ldr	r1, [pc, #28]	@ (200005f8 <uart_write_bytes+0xf4>)
200005da:	468c      	mov	ip, r1
200005dc:	4460      	add	r0, ip
200005de:	3004      	adds	r0, #4
200005e0:	1959      	adds	r1, r3, r5
200005e2:	23a2      	movs	r3, #162	@ 0xa2
200005e4:	011b      	lsls	r3, r3, #4
200005e6:	4698      	mov	r8, r3
200005e8:	4441      	add	r1, r8
200005ea:	4461      	add	r1, ip
200005ec:	3104      	adds	r1, #4
200005ee:	1b52      	subs	r2, r2, r5
200005f0:	f005 fedc 	bl	200063ac <memmove>
200005f4:	e7dd      	b.n	200005b2 <uart_write_bytes+0xae>
200005f6:	46c0      	nop			@ (mov r8, r8)
200005f8:	200080e0 	.word	0x200080e0
200005fc:	00001430 	.word	0x00001430
20000600:	00001424 	.word	0x00001424
20000604:	00001428 	.word	0x00001428
20000608:	20006f84 	.word	0x20006f84
2000060c:	00000a24 	.word	0x00000a24

20000610 <init_uart_data>:
20000610:	b5f0      	push	{r4, r5, r6, r7, lr}
20000612:	46ce      	mov	lr, r9
20000614:	4647      	mov	r7, r8
20000616:	b580      	push	{r7, lr}
20000618:	b083      	sub	sp, #12
2000061a:	0005      	movs	r5, r0
2000061c:	4b47      	ldr	r3, [pc, #284]	@ (2000073c <init_uart_data+0x12c>)
2000061e:	0102      	lsls	r2, r0, #4
20000620:	4690      	mov	r8, r2
20000622:	9301      	str	r3, [sp, #4]
20000624:	001c      	movs	r4, r3
20000626:	4444      	add	r4, r8
20000628:	7b20      	ldrb	r0, [r4, #12]
2000062a:	2102      	movs	r1, #2
2000062c:	f000 f972 	bl	20000914 <gpio_set_function>
20000630:	7b60      	ldrb	r0, [r4, #13]
20000632:	2102      	movs	r1, #2
20000634:	f000 f96e 	bl	20000914 <gpio_set_function>
20000638:	4e41      	ldr	r6, [pc, #260]	@ (20000740 <init_uart_data+0x130>)
2000063a:	4f42      	ldr	r7, [pc, #264]	@ (20000744 <init_uart_data+0x134>)
2000063c:	436f      	muls	r7, r5
2000063e:	23e1      	movs	r3, #225	@ 0xe1
20000640:	025b      	lsls	r3, r3, #9
20000642:	51bb      	str	r3, [r7, r6]
20000644:	19f4      	adds	r4, r6, r7
20000646:	2008      	movs	r0, #8
20000648:	71a0      	strb	r0, [r4, #6]
2000064a:	2300      	movs	r3, #0
2000064c:	7163      	strb	r3, [r4, #5]
2000064e:	2201      	movs	r2, #1
20000650:	7122      	strb	r2, [r4, #4]
20000652:	2100      	movs	r1, #0
20000654:	71e1      	strb	r1, [r4, #7]
20000656:	393e      	subs	r1, #62	@ 0x3e
20000658:	7221      	strb	r1, [r4, #8]
2000065a:	313f      	adds	r1, #63	@ 0x3f
2000065c:	7261      	strb	r1, [r4, #9]
2000065e:	2100      	movs	r1, #0
20000660:	72a1      	strb	r1, [r4, #10]
20000662:	7360      	strb	r0, [r4, #13]
20000664:	7323      	strb	r3, [r4, #12]
20000666:	72e2      	strb	r2, [r4, #11]
20000668:	4a37      	ldr	r2, [pc, #220]	@ (20000748 <init_uart_data+0x138>)
2000066a:	18a2      	adds	r2, r4, r2
2000066c:	6013      	str	r3, [r2, #0]
2000066e:	4937      	ldr	r1, [pc, #220]	@ (2000074c <init_uart_data+0x13c>)
20000670:	1862      	adds	r2, r4, r1
20000672:	6013      	str	r3, [r2, #0]
20000674:	0038      	movs	r0, r7
20000676:	3010      	adds	r0, #16
20000678:	1980      	adds	r0, r0, r6
2000067a:	f000 fc85 	bl	20000f88 <mutex_init>
2000067e:	4a32      	ldr	r2, [pc, #200]	@ (20000748 <init_uart_data+0x138>)
20000680:	18b8      	adds	r0, r7, r2
20000682:	1980      	adds	r0, r0, r6
20000684:	3004      	adds	r0, #4
20000686:	f000 fc7f 	bl	20000f88 <mutex_init>
2000068a:	4a31      	ldr	r2, [pc, #196]	@ (20000750 <init_uart_data+0x140>)
2000068c:	18b8      	adds	r0, r7, r2
2000068e:	1980      	adds	r0, r0, r6
20000690:	f000 fc7a 	bl	20000f88 <mutex_init>
20000694:	9b01      	ldr	r3, [sp, #4]
20000696:	4642      	mov	r2, r8
20000698:	58d3      	ldr	r3, [r2, r3]
2000069a:	4698      	mov	r8, r3
2000069c:	59b9      	ldr	r1, [r7, r6]
2000069e:	0018      	movs	r0, r3
200006a0:	f001 f9dc 	bl	20001a5c <uart_init>
200006a4:	4643      	mov	r3, r8
200006a6:	6b1b      	ldr	r3, [r3, #48]	@ 0x30
200006a8:	22c0      	movs	r2, #192	@ 0xc0
200006aa:	0212      	lsls	r2, r2, #8
200006ac:	4013      	ands	r3, r2
200006ae:	4a29      	ldr	r2, [pc, #164]	@ (20000754 <init_uart_data+0x144>)
200006b0:	4442      	add	r2, r8
200006b2:	6013      	str	r3, [r2, #0]
200006b4:	79a3      	ldrb	r3, [r4, #6]
200006b6:	2b06      	cmp	r3, #6
200006b8:	d005      	beq.n	200006c6 <init_uart_data+0xb6>
200006ba:	2b07      	cmp	r3, #7
200006bc:	d005      	beq.n	200006ca <init_uart_data+0xba>
200006be:	2b05      	cmp	r3, #5
200006c0:	d117      	bne.n	200006f2 <init_uart_data+0xe2>
200006c2:	2105      	movs	r1, #5
200006c4:	e002      	b.n	200006cc <init_uart_data+0xbc>
200006c6:	2106      	movs	r1, #6
200006c8:	e000      	b.n	200006cc <init_uart_data+0xbc>
200006ca:	2107      	movs	r1, #7
200006cc:	4b1c      	ldr	r3, [pc, #112]	@ (20000740 <init_uart_data+0x130>)
200006ce:	4a1d      	ldr	r2, [pc, #116]	@ (20000744 <init_uart_data+0x134>)
200006d0:	436a      	muls	r2, r5
200006d2:	189b      	adds	r3, r3, r2
200006d4:	791b      	ldrb	r3, [r3, #4]
200006d6:	2b02      	cmp	r3, #2
200006d8:	d00d      	beq.n	200006f6 <init_uart_data+0xe6>
200006da:	2201      	movs	r2, #1
200006dc:	4b18      	ldr	r3, [pc, #96]	@ (20000740 <init_uart_data+0x130>)
200006de:	4819      	ldr	r0, [pc, #100]	@ (20000744 <init_uart_data+0x134>)
200006e0:	4368      	muls	r0, r5
200006e2:	181b      	adds	r3, r3, r0
200006e4:	795b      	ldrb	r3, [r3, #5]
200006e6:	2b01      	cmp	r3, #1
200006e8:	d007      	beq.n	200006fa <init_uart_data+0xea>
200006ea:	2b02      	cmp	r3, #2
200006ec:	d123      	bne.n	20000736 <init_uart_data+0x126>
200006ee:	3b01      	subs	r3, #1
200006f0:	e004      	b.n	200006fc <init_uart_data+0xec>
200006f2:	2108      	movs	r1, #8
200006f4:	e7ea      	b.n	200006cc <init_uart_data+0xbc>
200006f6:	2202      	movs	r2, #2
200006f8:	e7f0      	b.n	200006dc <init_uart_data+0xcc>
200006fa:	2302      	movs	r3, #2
200006fc:	4640      	mov	r0, r8
200006fe:	f001 f97b 	bl	200019f8 <uart_set_format>
20000702:	2100      	movs	r1, #0
20000704:	4640      	mov	r0, r8
20000706:	f001 f98d 	bl	20001a24 <uart_set_fifo_enabled>
2000070a:	4b0c      	ldr	r3, [pc, #48]	@ (2000073c <init_uart_data+0x12c>)
2000070c:	012d      	lsls	r5, r5, #4
2000070e:	195b      	adds	r3, r3, r5
20000710:	685c      	ldr	r4, [r3, #4]
20000712:	6899      	ldr	r1, [r3, #8]
20000714:	0020      	movs	r0, r4
20000716:	f000 fa7b 	bl	20000c10 <irq_set_exclusive_handler>
2000071a:	2101      	movs	r1, #1
2000071c:	0020      	movs	r0, r4
2000071e:	f000 fa65 	bl	20000bec <irq_set_enabled>
20000722:	2200      	movs	r2, #0
20000724:	2101      	movs	r1, #1
20000726:	4640      	mov	r0, r8
20000728:	f7ff fcca 	bl	200000c0 <uart_set_irqs_enabled>
2000072c:	b003      	add	sp, #12
2000072e:	bcc0      	pop	{r6, r7}
20000730:	46b9      	mov	r9, r7
20000732:	46b0      	mov	r8, r6
20000734:	bdf0      	pop	{r4, r5, r6, r7, pc}
20000736:	2300      	movs	r3, #0
20000738:	e7e0      	b.n	200006fc <init_uart_data+0xec>
2000073a:	46c0      	nop			@ (mov r8, r8)
2000073c:	20006f84 	.word	0x20006f84
20000740:	200080e0 	.word	0x200080e0
20000744:	00001430 	.word	0x00001430
20000748:	00000a18 	.word	0x00000a18
2000074c:	00001424 	.word	0x00001424
20000750:	00001428 	.word	0x00001428
20000754:	00001030 	.word	0x00001030

20000758 <main>:
20000758:	b5f8      	push	{r3, r4, r5, r6, r7, lr}
2000075a:	f7ff fd60 	bl	2000021e <boot_press>
2000075e:	f000 f8b7 	bl	200008d0 <usbd_serial_init>
20000762:	2400      	movs	r4, #0
20000764:	2c00      	cmp	r4, #0
20000766:	dd35      	ble.n	200007d4 <main+0x7c>
20000768:	201a      	movs	r0, #26
2000076a:	f000 f8ed 	bl	20000948 <gpio_init>
2000076e:	24d0      	movs	r4, #208	@ 0xd0
20000770:	0624      	lsls	r4, r4, #24
20000772:	2380      	movs	r3, #128	@ 0x80
20000774:	04db      	lsls	r3, r3, #19
20000776:	6263      	str	r3, [r4, #36]	@ 0x24
20000778:	4819      	ldr	r0, [pc, #100]	@ (200007e0 <main+0x88>)
2000077a:	f003 fe37 	bl	200043ec <multicore_launch_core1>
2000077e:	201c      	movs	r0, #28
20000780:	f000 f8e2 	bl	20000948 <gpio_init>
20000784:	2580      	movs	r5, #128	@ 0x80
20000786:	056d      	lsls	r5, r5, #21
20000788:	6265      	str	r5, [r4, #36]	@ 0x24
2000078a:	200f      	movs	r0, #15
2000078c:	f000 f8dc 	bl	20000948 <gpio_init>
20000790:	2780      	movs	r7, #128	@ 0x80
20000792:	023f      	lsls	r7, r7, #8
20000794:	6267      	str	r7, [r4, #36]	@ 0x24
20000796:	200e      	movs	r0, #14
20000798:	f000 f8d6 	bl	20000948 <gpio_init>
2000079c:	2680      	movs	r6, #128	@ 0x80
2000079e:	01f6      	lsls	r6, r6, #7
200007a0:	6266      	str	r6, [r4, #36]	@ 0x24
200007a2:	61a5      	str	r5, [r4, #24]
200007a4:	2064      	movs	r0, #100	@ 0x64
200007a6:	f000 ff8b 	bl	200016c0 <sleep_ms>
200007aa:	6167      	str	r7, [r4, #20]
200007ac:	2064      	movs	r0, #100	@ 0x64
200007ae:	f000 ff87 	bl	200016c0 <sleep_ms>
200007b2:	61a6      	str	r6, [r4, #24]
200007b4:	2064      	movs	r0, #100	@ 0x64
200007b6:	f000 ff83 	bl	200016c0 <sleep_ms>
200007ba:	6165      	str	r5, [r4, #20]
200007bc:	2400      	movs	r4, #0
200007be:	2c00      	cmp	r4, #0
200007c0:	dcfc      	bgt.n	200007bc <main+0x64>
200007c2:	b2e5      	uxtb	r5, r4
200007c4:	0028      	movs	r0, r5
200007c6:	f7ff fd3f 	bl	20000248 <update_uart_cfg>
200007ca:	0028      	movs	r0, r5
200007cc:	f7ff fe9a 	bl	20000504 <uart_write_bytes>
200007d0:	3401      	adds	r4, #1
200007d2:	e7f4      	b.n	200007be <main+0x66>
200007d4:	b2e0      	uxtb	r0, r4
200007d6:	f7ff ff1b 	bl	20000610 <init_uart_data>
200007da:	3401      	adds	r4, #1
200007dc:	e7c2      	b.n	20000764 <main+0xc>
200007de:	46c0      	nop			@ (mov r8, r8)
200007e0:	200004c1 	.word	0x200004c1

200007e4 <tud_cdc_line_state_cb>:
200007e4:	2a00      	cmp	r2, #0
200007e6:	d10c      	bne.n	20000802 <tud_cdc_line_state_cb+0x1e>
200007e8:	23d0      	movs	r3, #208	@ 0xd0
200007ea:	061b      	lsls	r3, r3, #24
200007ec:	2280      	movs	r2, #128	@ 0x80
200007ee:	0552      	lsls	r2, r2, #21
200007f0:	615a      	str	r2, [r3, #20]
200007f2:	2900      	cmp	r1, #0
200007f4:	d10b      	bne.n	2000080e <tud_cdc_line_state_cb+0x2a>
200007f6:	23d0      	movs	r3, #208	@ 0xd0
200007f8:	061b      	lsls	r3, r3, #24
200007fa:	2280      	movs	r2, #128	@ 0x80
200007fc:	01d2      	lsls	r2, r2, #7
200007fe:	615a      	str	r2, [r3, #20]
20000800:	4770      	bx	lr
20000802:	23d0      	movs	r3, #208	@ 0xd0
20000804:	061b      	lsls	r3, r3, #24
20000806:	2280      	movs	r2, #128	@ 0x80
20000808:	0552      	lsls	r2, r2, #21
2000080a:	619a      	str	r2, [r3, #24]
2000080c:	e7f1      	b.n	200007f2 <tud_cdc_line_state_cb+0xe>
2000080e:	23d0      	movs	r3, #208	@ 0xd0
20000810:	061b      	lsls	r3, r3, #24
20000812:	2280      	movs	r2, #128	@ 0x80
20000814:	01d2      	lsls	r2, r2, #7
20000816:	619a      	str	r2, [r3, #24]
20000818:	e7f2      	b.n	20000800 <tud_cdc_line_state_cb+0x1c>
	...

2000081c <tud_cdc_line_coding_cb>:
2000081c:	b5f0      	push	{r4, r5, r6, r7, lr}
2000081e:	46c6      	mov	lr, r8
20000820:	b500      	push	{lr}
20000822:	0004      	movs	r4, r0
20000824:	000e      	movs	r6, r1
20000826:	2800      	cmp	r0, #0
20000828:	d002      	beq.n	20000830 <tud_cdc_line_coding_cb+0x14>
2000082a:	bc80      	pop	{r7}
2000082c:	46b8      	mov	r8, r7
2000082e:	bdf0      	pop	{r4, r5, r6, r7, pc}
20000830:	4b0c      	ldr	r3, [pc, #48]	@ (20000864 <tud_cdc_line_coding_cb+0x48>)
20000832:	4343      	muls	r3, r0
20000834:	001d      	movs	r5, r3
20000836:	3310      	adds	r3, #16
20000838:	4f0b      	ldr	r7, [pc, #44]	@ (20000868 <tud_cdc_line_coding_cb+0x4c>)
2000083a:	46bc      	mov	ip, r7
2000083c:	4463      	add	r3, ip
2000083e:	4698      	mov	r8, r3
20000840:	0018      	movs	r0, r3
20000842:	f005 fe65 	bl	20006510 <__ram_text_end__>
20000846:	46bc      	mov	ip, r7
20000848:	4465      	add	r5, ip
2000084a:	0028      	movs	r0, r5
2000084c:	2207      	movs	r2, #7
2000084e:	0031      	movs	r1, r6
20000850:	f002 facc 	bl	20002dec <__wrap___aeabi_memcpy>
20000854:	4640      	mov	r0, r8
20000856:	f005 ff1b 	bl	20006690 <mutex_exit>
2000085a:	0020      	movs	r0, r4
2000085c:	f7ff fcf4 	bl	20000248 <update_uart_cfg>
20000860:	e7e3      	b.n	2000082a <tud_cdc_line_coding_cb+0xe>
20000862:	46c0      	nop			@ (mov r8, r8)
20000864:	00001430 	.word	0x00001430
20000868:	200080e0 	.word	0x200080e0

2000086c <tud_descriptor_device_cb>:
2000086c:	4800      	ldr	r0, [pc, #0]	@ (20000870 <tud_descriptor_device_cb+0x4>)
2000086e:	4770      	bx	lr
20000870:	20007bb8 	.word	0x20007bb8

20000874 <tud_descriptor_configuration_cb>:
20000874:	4800      	ldr	r0, [pc, #0]	@ (20000878 <tud_descriptor_configuration_cb+0x4>)
20000876:	4770      	bx	lr
20000878:	20007b6c 	.word	0x20007b6c

2000087c <tud_descriptor_string_cb>:
2000087c:	b510      	push	{r4, lr}
2000087e:	2800      	cmp	r0, #0
20000880:	d10c      	bne.n	2000089c <tud_descriptor_string_cb+0x20>
20000882:	4b10      	ldr	r3, [pc, #64]	@ (200008c4 <tud_descriptor_string_cb+0x48>)
20000884:	4a10      	ldr	r2, [pc, #64]	@ (200008c8 <tud_descriptor_string_cb+0x4c>)
20000886:	805a      	strh	r2, [r3, #2]
20000888:	2301      	movs	r3, #1
2000088a:	3301      	adds	r3, #1
2000088c:	005b      	lsls	r3, r3, #1
2000088e:	b29b      	uxth	r3, r3
20000890:	480c      	ldr	r0, [pc, #48]	@ (200008c4 <tud_descriptor_string_cb+0x48>)
20000892:	22c0      	movs	r2, #192	@ 0xc0
20000894:	0092      	lsls	r2, r2, #2
20000896:	4313      	orrs	r3, r2
20000898:	8003      	strh	r3, [r0, #0]
2000089a:	bd10      	pop	{r4, pc}
2000089c:	2804      	cmp	r0, #4
2000089e:	d80e      	bhi.n	200008be <tud_descriptor_string_cb+0x42>
200008a0:	4b0a      	ldr	r3, [pc, #40]	@ (200008cc <tud_descriptor_string_cb+0x50>)
200008a2:	0080      	lsls	r0, r0, #2
200008a4:	58c4      	ldr	r4, [r0, r3]
200008a6:	2300      	movs	r3, #0
200008a8:	2b12      	cmp	r3, #18
200008aa:	d8ee      	bhi.n	2000088a <tud_descriptor_string_cb+0xe>
200008ac:	5ce1      	ldrb	r1, [r4, r3]
200008ae:	2900      	cmp	r1, #0
200008b0:	d0eb      	beq.n	2000088a <tud_descriptor_string_cb+0xe>
200008b2:	3301      	adds	r3, #1
200008b4:	4a03      	ldr	r2, [pc, #12]	@ (200008c4 <tud_descriptor_string_cb+0x48>)
200008b6:	0058      	lsls	r0, r3, #1
200008b8:	5281      	strh	r1, [r0, r2]
200008ba:	b2db      	uxtb	r3, r3
200008bc:	e7f4      	b.n	200008a8 <tud_descriptor_string_cb+0x2c>
200008be:	2000      	movs	r0, #0
200008c0:	e7eb      	b.n	2000089a <tud_descriptor_string_cb+0x1e>
200008c2:	46c0      	nop			@ (mov r8, r8)
200008c4:	2000a098 	.word	0x2000a098
200008c8:	00000409 	.word	0x00000409
200008cc:	20007b58 	.word	0x20007b58

200008d0 <usbd_serial_init>:
200008d0:	b5f0      	push	{r4, r5, r6, r7, lr}
200008d2:	b08b      	sub	sp, #44	@ 0x2c
200008d4:	ac08      	add	r4, sp, #32
200008d6:	0020      	movs	r0, r4
200008d8:	f003 fd9a 	bl	20004410 <flash_get_unique_id>
200008dc:	7823      	ldrb	r3, [r4, #0]
200008de:	7861      	ldrb	r1, [r4, #1]
200008e0:	78a2      	ldrb	r2, [r4, #2]
200008e2:	4694      	mov	ip, r2
200008e4:	78e5      	ldrb	r5, [r4, #3]
200008e6:	7926      	ldrb	r6, [r4, #4]
200008e8:	7967      	ldrb	r7, [r4, #5]
200008ea:	79a2      	ldrb	r2, [r4, #6]
200008ec:	79e4      	ldrb	r4, [r4, #7]
200008ee:	4807      	ldr	r0, [pc, #28]	@ (2000090c <usbd_serial_init+0x3c>)
200008f0:	9406      	str	r4, [sp, #24]
200008f2:	9205      	str	r2, [sp, #20]
200008f4:	9704      	str	r7, [sp, #16]
200008f6:	9603      	str	r6, [sp, #12]
200008f8:	9502      	str	r5, [sp, #8]
200008fa:	4662      	mov	r2, ip
200008fc:	9201      	str	r2, [sp, #4]
200008fe:	9100      	str	r1, [sp, #0]
20000900:	4a03      	ldr	r2, [pc, #12]	@ (20000910 <usbd_serial_init+0x40>)
20000902:	2111      	movs	r1, #17
20000904:	f003 fb5c 	bl	20003fc0 <__wrap_snprintf>
20000908:	b00b      	add	sp, #44	@ 0x2c
2000090a:	bdf0      	pop	{r4, r5, r6, r7, pc}
2000090c:	20007e50 	.word	0x20007e50
20000910:	20006f94 	.word	0x20006f94

20000914 <gpio_set_function>:
20000914:	b510      	push	{r4, lr}
20000916:	0083      	lsls	r3, r0, #2
20000918:	4a08      	ldr	r2, [pc, #32]	@ (2000093c <gpio_set_function+0x28>)
2000091a:	189a      	adds	r2, r3, r2
2000091c:	6812      	ldr	r2, [r2, #0]
2000091e:	2440      	movs	r4, #64	@ 0x40
20000920:	4054      	eors	r4, r2
20000922:	22c0      	movs	r2, #192	@ 0xc0
20000924:	4022      	ands	r2, r4
20000926:	4c06      	ldr	r4, [pc, #24]	@ (20000940 <gpio_set_function+0x2c>)
20000928:	46a4      	mov	ip, r4
2000092a:	4463      	add	r3, ip
2000092c:	601a      	str	r2, [r3, #0]
2000092e:	00c0      	lsls	r0, r0, #3
20000930:	4b04      	ldr	r3, [pc, #16]	@ (20000944 <gpio_set_function+0x30>)
20000932:	469c      	mov	ip, r3
20000934:	4460      	add	r0, ip
20000936:	6041      	str	r1, [r0, #4]
20000938:	bd10      	pop	{r4, pc}
2000093a:	46c0      	nop			@ (mov r8, r8)
2000093c:	4001c004 	.word	0x4001c004
20000940:	4001d004 	.word	0x4001d004
20000944:	40014000 	.word	0x40014000

20000948 <gpio_init>:
20000948:	b510      	push	{r4, lr}
2000094a:	2301      	movs	r3, #1
2000094c:	4083      	lsls	r3, r0
2000094e:	22d0      	movs	r2, #208	@ 0xd0
20000950:	0612      	lsls	r2, r2, #24
20000952:	6293      	str	r3, [r2, #40]	@ 0x28
20000954:	6193      	str	r3, [r2, #24]
20000956:	2105      	movs	r1, #5
20000958:	f7ff ffdc 	bl	20000914 <gpio_set_function>
2000095c:	bd10      	pop	{r4, pc}
	...

20000960 <rp2040_chip_version>:
20000960:	b510      	push	{r4, lr}
20000962:	2380      	movs	r3, #128	@ 0x80
20000964:	05db      	lsls	r3, r3, #23
20000966:	6818      	ldr	r0, [r3, #0]
20000968:	0503      	lsls	r3, r0, #20
2000096a:	0d1b      	lsrs	r3, r3, #20
2000096c:	4a0b      	ldr	r2, [pc, #44]	@ (2000099c <rp2040_chip_version+0x3c>)
2000096e:	4293      	cmp	r3, r2
20000970:	d107      	bne.n	20000982 <rp2040_chip_version+0x22>
20000972:	4b0b      	ldr	r3, [pc, #44]	@ (200009a0 <rp2040_chip_version+0x40>)
20000974:	4003      	ands	r3, r0
20000976:	2280      	movs	r2, #128	@ 0x80
20000978:	0192      	lsls	r2, r2, #6
2000097a:	4293      	cmp	r3, r2
2000097c:	d107      	bne.n	2000098e <rp2040_chip_version+0x2e>
2000097e:	0f00      	lsrs	r0, r0, #28
20000980:	bd10      	pop	{r4, pc}
20000982:	4b08      	ldr	r3, [pc, #32]	@ (200009a4 <rp2040_chip_version+0x44>)
20000984:	4a08      	ldr	r2, [pc, #32]	@ (200009a8 <rp2040_chip_version+0x48>)
20000986:	4809      	ldr	r0, [pc, #36]	@ (200009ac <rp2040_chip_version+0x4c>)
20000988:	2113      	movs	r1, #19
2000098a:	f003 fb47 	bl	2000401c <__assert_func>
2000098e:	4b08      	ldr	r3, [pc, #32]	@ (200009b0 <rp2040_chip_version+0x50>)
20000990:	4a05      	ldr	r2, [pc, #20]	@ (200009a8 <rp2040_chip_version+0x48>)
20000992:	4806      	ldr	r0, [pc, #24]	@ (200009ac <rp2040_chip_version+0x4c>)
20000994:	2114      	movs	r1, #20
20000996:	f003 fb41 	bl	2000401c <__assert_func>
2000099a:	46c0      	nop			@ (mov r8, r8)
2000099c:	00000927 	.word	0x00000927
200009a0:	0ffff000 	.word	0x0ffff000
200009a4:	20006fdc 	.word	0x20006fdc
200009a8:	20007bcc 	.word	0x20007bcc
200009ac:	20007000 	.word	0x20007000
200009b0:	20007048 	.word	0x20007048

200009b4 <panic>:
200009b4:	b40f      	push	{r0, r1, r2, r3}
200009b6:	b500      	push	{lr}
200009b8:	b083      	sub	sp, #12
200009ba:	4808      	ldr	r0, [pc, #32]	@ (200009dc <panic+0x28>)
200009bc:	f003 fc4e 	bl	2000425c <__wrap_puts>
200009c0:	9b04      	ldr	r3, [sp, #16]
200009c2:	2b00      	cmp	r3, #0
200009c4:	d007      	beq.n	200009d6 <panic+0x22>
200009c6:	a905      	add	r1, sp, #20
200009c8:	9101      	str	r1, [sp, #4]
200009ca:	0018      	movs	r0, r3
200009cc:	f003 fc56 	bl	2000427c <__wrap_vprintf>
200009d0:	4803      	ldr	r0, [pc, #12]	@ (200009e0 <panic+0x2c>)
200009d2:	f003 fc43 	bl	2000425c <__wrap_puts>
200009d6:	2001      	movs	r0, #1
200009d8:	f003 fb1a 	bl	20004010 <_exit>
200009dc:	2000705c 	.word	0x2000705c
200009e0:	200076e4 	.word	0x200076e4

200009e4 <hw_claim_lock>:
200009e4:	f3ef 8010 	mrs	r0, PRIMASK
200009e8:	b672      	cpsid	i
200009ea:	4b03      	ldr	r3, [pc, #12]	@ (200009f8 <hw_claim_lock+0x14>)
200009ec:	681b      	ldr	r3, [r3, #0]
200009ee:	2b00      	cmp	r3, #0
200009f0:	d0fb      	beq.n	200009ea <hw_claim_lock+0x6>
200009f2:	f3bf 8f5f 	dmb	sy
200009f6:	4770      	bx	lr
200009f8:	d000012c 	.word	0xd000012c

200009fc <hw_claim_unlock>:
200009fc:	f3bf 8f5f 	dmb	sy
20000a00:	4b02      	ldr	r3, [pc, #8]	@ (20000a0c <hw_claim_unlock+0x10>)
20000a02:	2200      	movs	r2, #0
20000a04:	601a      	str	r2, [r3, #0]
20000a06:	f380 8810 	msr	PRIMASK, r0
20000a0a:	4770      	bx	lr
20000a0c:	d000012c 	.word	0xd000012c

20000a10 <hw_claim_or_assert>:
20000a10:	b570      	push	{r4, r5, r6, lr}
20000a12:	0005      	movs	r5, r0
20000a14:	000c      	movs	r4, r1
20000a16:	0016      	movs	r6, r2
20000a18:	f7ff ffe4 	bl	200009e4 <hw_claim_lock>
20000a1c:	08e3      	lsrs	r3, r4, #3
20000a1e:	18ea      	adds	r2, r5, r3
20000a20:	4694      	mov	ip, r2
20000a22:	5ce9      	ldrb	r1, [r5, r3]
20000a24:	2207      	movs	r2, #7
20000a26:	4022      	ands	r2, r4
20000a28:	2301      	movs	r3, #1
20000a2a:	4093      	lsls	r3, r2
20000a2c:	420b      	tst	r3, r1
20000a2e:	d106      	bne.n	20000a3e <hw_claim_or_assert+0x2e>
20000a30:	b2db      	uxtb	r3, r3
20000a32:	430b      	orrs	r3, r1
20000a34:	4662      	mov	r2, ip
20000a36:	7013      	strb	r3, [r2, #0]
20000a38:	f7ff ffe0 	bl	200009fc <hw_claim_unlock>
20000a3c:	bd70      	pop	{r4, r5, r6, pc}
20000a3e:	0021      	movs	r1, r4
20000a40:	0030      	movs	r0, r6
20000a42:	f7ff ffb7 	bl	200009b4 <panic>

20000a46 <hw_claim_unused_from_range>:
20000a46:	b5f0      	push	{r4, r5, r6, r7, lr}
20000a48:	b083      	sub	sp, #12
20000a4a:	0005      	movs	r5, r0
20000a4c:	9101      	str	r1, [sp, #4]
20000a4e:	0014      	movs	r4, r2
20000a50:	001e      	movs	r6, r3
20000a52:	f7ff ffc7 	bl	200009e4 <hw_claim_lock>
20000a56:	e000      	b.n	20000a5a <hw_claim_unused_from_range+0x14>
20000a58:	3401      	adds	r4, #1
20000a5a:	42b4      	cmp	r4, r6
20000a5c:	d80c      	bhi.n	20000a78 <hw_claim_unused_from_range+0x32>
20000a5e:	08e3      	lsrs	r3, r4, #3
20000a60:	18ef      	adds	r7, r5, r3
20000a62:	5ceb      	ldrb	r3, [r5, r3]
20000a64:	2107      	movs	r1, #7
20000a66:	4021      	ands	r1, r4
20000a68:	2201      	movs	r2, #1
20000a6a:	408a      	lsls	r2, r1
20000a6c:	421a      	tst	r2, r3
20000a6e:	d1f3      	bne.n	20000a58 <hw_claim_unused_from_range+0x12>
20000a70:	b2d2      	uxtb	r2, r2
20000a72:	431a      	orrs	r2, r3
20000a74:	703a      	strb	r2, [r7, #0]
20000a76:	e001      	b.n	20000a7c <hw_claim_unused_from_range+0x36>
20000a78:	2401      	movs	r4, #1
20000a7a:	4264      	negs	r4, r4
20000a7c:	f7ff ffbe 	bl	200009fc <hw_claim_unlock>
20000a80:	2c00      	cmp	r4, #0
20000a82:	db02      	blt.n	20000a8a <hw_claim_unused_from_range+0x44>
20000a84:	0020      	movs	r0, r4
20000a86:	b003      	add	sp, #12
20000a88:	bdf0      	pop	{r4, r5, r6, r7, pc}
20000a8a:	9b01      	ldr	r3, [sp, #4]
20000a8c:	2b00      	cmp	r3, #0
20000a8e:	d0f9      	beq.n	20000a84 <hw_claim_unused_from_range+0x3e>
20000a90:	9808      	ldr	r0, [sp, #32]
20000a92:	f7ff ff8f 	bl	200009b4 <panic>
	...

20000a98 <next_striped_spin_lock_num>:
20000a98:	4a05      	ldr	r2, [pc, #20]	@ (20000ab0 <next_striped_spin_lock_num+0x18>)
20000a9a:	7810      	ldrb	r0, [r2, #0]
20000a9c:	1c43      	adds	r3, r0, #1
20000a9e:	b2db      	uxtb	r3, r3
20000aa0:	7013      	strb	r3, [r2, #0]
20000aa2:	2b17      	cmp	r3, #23
20000aa4:	d902      	bls.n	20000aac <next_striped_spin_lock_num+0x14>
20000aa6:	0013      	movs	r3, r2
20000aa8:	2210      	movs	r2, #16
20000aaa:	701a      	strb	r2, [r3, #0]
20000aac:	4770      	bx	lr
20000aae:	46c0      	nop			@ (mov r8, r8)
20000ab0:	20007e61 	.word	0x20007e61

20000ab4 <spin_lock_claim_unused>:
20000ab4:	b500      	push	{lr}
20000ab6:	b083      	sub	sp, #12
20000ab8:	0001      	movs	r1, r0
20000aba:	4804      	ldr	r0, [pc, #16]	@ (20000acc <spin_lock_claim_unused+0x18>)
20000abc:	4b04      	ldr	r3, [pc, #16]	@ (20000ad0 <spin_lock_claim_unused+0x1c>)
20000abe:	9300      	str	r3, [sp, #0]
20000ac0:	231f      	movs	r3, #31
20000ac2:	2218      	movs	r2, #24
20000ac4:	f7ff ffbf 	bl	20000a46 <hw_claim_unused_from_range>
20000ac8:	b003      	add	sp, #12
20000aca:	bd00      	pop	{pc}
20000acc:	2000a064 	.word	0x2000a064
20000ad0:	2000706c 	.word	0x2000706c

20000ad4 <spin_locks_reset>:
20000ad4:	2300      	movs	r3, #0
20000ad6:	e007      	b.n	20000ae8 <spin_locks_reset+0x14>
20000ad8:	4a05      	ldr	r2, [pc, #20]	@ (20000af0 <spin_locks_reset+0x1c>)
20000ada:	189a      	adds	r2, r3, r2
20000adc:	0092      	lsls	r2, r2, #2
20000ade:	f3bf 8f5f 	dmb	sy
20000ae2:	2100      	movs	r1, #0
20000ae4:	6011      	str	r1, [r2, #0]
20000ae6:	3301      	adds	r3, #1
20000ae8:	2b1f      	cmp	r3, #31
20000aea:	d9f5      	bls.n	20000ad8 <spin_locks_reset+0x4>
20000aec:	4770      	bx	lr
20000aee:	46c0      	nop			@ (mov r8, r8)
20000af0:	34000040 	.word	0x34000040

20000af4 <set_raw_irq_handler_and_unlock>:
20000af4:	4b07      	ldr	r3, [pc, #28]	@ (20000b14 <set_raw_irq_handler_and_unlock+0x20>)
20000af6:	689b      	ldr	r3, [r3, #8]
20000af8:	3010      	adds	r0, #16
20000afa:	0080      	lsls	r0, r0, #2
20000afc:	5019      	str	r1, [r3, r0]
20000afe:	f3bf 8f5f 	dmb	sy
20000b02:	f3bf 8f5f 	dmb	sy
20000b06:	4b04      	ldr	r3, [pc, #16]	@ (20000b18 <set_raw_irq_handler_and_unlock+0x24>)
20000b08:	2100      	movs	r1, #0
20000b0a:	6019      	str	r1, [r3, #0]
20000b0c:	f382 8810 	msr	PRIMASK, r2
20000b10:	4770      	bx	lr
20000b12:	46c0      	nop			@ (mov r8, r8)
20000b14:	e000ed00 	.word	0xe000ed00
20000b18:	d0000124 	.word	0xd0000124

20000b1c <nvic_ipr0>:
20000b1c:	4800      	ldr	r0, [pc, #0]	@ (20000b20 <nvic_ipr0+0x4>)
20000b1e:	4770      	bx	lr
20000b20:	e000e400 	.word	0xe000e400

20000b24 <runtime_init_per_core_irq_priorities>:
20000b24:	b510      	push	{r4, lr}
20000b26:	f7ff fff9 	bl	20000b1c <nvic_ipr0>
20000b2a:	2300      	movs	r3, #0
20000b2c:	e002      	b.n	20000b34 <runtime_init_per_core_irq_priorities+0x10>
20000b2e:	4a03      	ldr	r2, [pc, #12]	@ (20000b3c <runtime_init_per_core_irq_priorities+0x18>)
20000b30:	c004      	stmia	r0!, {r2}
20000b32:	3301      	adds	r3, #1
20000b34:	2b07      	cmp	r3, #7
20000b36:	d9fa      	bls.n	20000b2e <runtime_init_per_core_irq_priorities+0xa>
20000b38:	bd10      	pop	{r4, pc}
20000b3a:	46c0      	nop			@ (mov r8, r8)
20000b3c:	80808080 	.word	0x80808080

20000b40 <resolve_j_16>:
20000b40:	b510      	push	{r4, lr}
20000b42:	8803      	ldrh	r3, [r0, #0]
20000b44:	0ada      	lsrs	r2, r3, #11
20000b46:	2a1c      	cmp	r2, #28
20000b48:	d105      	bne.n	20000b56 <resolve_j_16+0x16>
20000b4a:	055b      	lsls	r3, r3, #21
20000b4c:	155b      	asrs	r3, r3, #21
20000b4e:	3302      	adds	r3, #2
20000b50:	005b      	lsls	r3, r3, #1
20000b52:	18c0      	adds	r0, r0, r3
20000b54:	bd10      	pop	{r4, pc}
20000b56:	4b03      	ldr	r3, [pc, #12]	@ (20000b64 <resolve_j_16+0x24>)
20000b58:	4a03      	ldr	r2, [pc, #12]	@ (20000b68 <resolve_j_16+0x28>)
20000b5a:	2134      	movs	r1, #52	@ 0x34
20000b5c:	4803      	ldr	r0, [pc, #12]	@ (20000b6c <resolve_j_16+0x2c>)
20000b5e:	31ff      	adds	r1, #255	@ 0xff
20000b60:	f003 fa5c 	bl	2000401c <__assert_func>
20000b64:	20007088 	.word	0x20007088
20000b68:	20007c08 	.word	0x20007c08
20000b6c:	200070a0 	.word	0x200070a0

20000b70 <make_j_16>:
20000b70:	b510      	push	{r4, lr}
20000b72:	1a09      	subs	r1, r1, r0
20000b74:	1f0b      	subs	r3, r1, #4
20000b76:	4a0a      	ldr	r2, [pc, #40]	@ (20000ba0 <make_j_16+0x30>)
20000b78:	1888      	adds	r0, r1, r2
20000b7a:	4a0a      	ldr	r2, [pc, #40]	@ (20000ba4 <make_j_16+0x34>)
20000b7c:	4290      	cmp	r0, r2
20000b7e:	d808      	bhi.n	20000b92 <make_j_16+0x22>
20000b80:	07c9      	lsls	r1, r1, #31
20000b82:	d406      	bmi.n	20000b92 <make_j_16+0x22>
20000b84:	105b      	asrs	r3, r3, #1
20000b86:	055b      	lsls	r3, r3, #21
20000b88:	0d5b      	lsrs	r3, r3, #21
20000b8a:	4807      	ldr	r0, [pc, #28]	@ (20000ba8 <make_j_16+0x38>)
20000b8c:	4318      	orrs	r0, r3
20000b8e:	b280      	uxth	r0, r0
20000b90:	bd10      	pop	{r4, pc}
20000b92:	4b06      	ldr	r3, [pc, #24]	@ (20000bac <make_j_16+0x3c>)
20000b94:	4a06      	ldr	r2, [pc, #24]	@ (20000bb0 <make_j_16+0x40>)
20000b96:	2126      	movs	r1, #38	@ 0x26
20000b98:	4806      	ldr	r0, [pc, #24]	@ (20000bb4 <make_j_16+0x44>)
20000b9a:	31ff      	adds	r1, #255	@ 0xff
20000b9c:	f003 fa3e 	bl	2000401c <__assert_func>
20000ba0:	000007fc 	.word	0x000007fc
20000ba4:	00000ffe 	.word	0x00000ffe
20000ba8:	ffffe000 	.word	0xffffe000
20000bac:	200070e8 	.word	0x200070e8
20000bb0:	20007bfc 	.word	0x20007bfc
20000bb4:	200070a0 	.word	0x200070a0

20000bb8 <irq_is_enabled>:
20000bb8:	2301      	movs	r3, #1
20000bba:	4083      	lsls	r3, r0
20000bbc:	4a03      	ldr	r2, [pc, #12]	@ (20000bcc <irq_is_enabled+0x14>)
20000bbe:	6810      	ldr	r0, [r2, #0]
20000bc0:	4018      	ands	r0, r3
20000bc2:	1e43      	subs	r3, r0, #1
20000bc4:	4198      	sbcs	r0, r3
20000bc6:	b2c0      	uxtb	r0, r0
20000bc8:	4770      	bx	lr
20000bca:	46c0      	nop			@ (mov r8, r8)
20000bcc:	e000e100 	.word	0xe000e100

20000bd0 <irq_set_mask_n_enabled>:
20000bd0:	2a00      	cmp	r2, #0
20000bd2:	d005      	beq.n	20000be0 <irq_set_mask_n_enabled+0x10>
20000bd4:	4b04      	ldr	r3, [pc, #16]	@ (20000be8 <irq_set_mask_n_enabled+0x18>)
20000bd6:	22c0      	movs	r2, #192	@ 0xc0
20000bd8:	0052      	lsls	r2, r2, #1
20000bda:	5099      	str	r1, [r3, r2]
20000bdc:	6019      	str	r1, [r3, #0]
20000bde:	4770      	bx	lr
20000be0:	4a01      	ldr	r2, [pc, #4]	@ (20000be8 <irq_set_mask_n_enabled+0x18>)
20000be2:	2380      	movs	r3, #128	@ 0x80
20000be4:	50d1      	str	r1, [r2, r3]
20000be6:	e7fa      	b.n	20000bde <irq_set_mask_n_enabled+0xe>
20000be8:	e000e100 	.word	0xe000e100

20000bec <irq_set_enabled>:
20000bec:	b510      	push	{r4, lr}
20000bee:	000a      	movs	r2, r1
20000bf0:	231f      	movs	r3, #31
20000bf2:	4003      	ands	r3, r0
20000bf4:	2101      	movs	r1, #1
20000bf6:	4099      	lsls	r1, r3
20000bf8:	0940      	lsrs	r0, r0, #5
20000bfa:	f7ff ffe9 	bl	20000bd0 <irq_set_mask_n_enabled>
20000bfe:	bd10      	pop	{r4, pc}

20000c00 <irq_get_vtable_handler>:
20000c00:	4b02      	ldr	r3, [pc, #8]	@ (20000c0c <irq_get_vtable_handler+0xc>)
20000c02:	689b      	ldr	r3, [r3, #8]
20000c04:	3010      	adds	r0, #16
20000c06:	0080      	lsls	r0, r0, #2
20000c08:	58c0      	ldr	r0, [r0, r3]
20000c0a:	4770      	bx	lr
20000c0c:	e000ed00 	.word	0xe000ed00

20000c10 <irq_set_exclusive_handler>:
20000c10:	b570      	push	{r4, r5, r6, lr}
20000c12:	0005      	movs	r5, r0
20000c14:	000e      	movs	r6, r1
20000c16:	f3ef 8410 	mrs	r4, PRIMASK
20000c1a:	b672      	cpsid	i
20000c1c:	4b0d      	ldr	r3, [pc, #52]	@ (20000c54 <irq_set_exclusive_handler+0x44>)
20000c1e:	681b      	ldr	r3, [r3, #0]
20000c20:	2b00      	cmp	r3, #0
20000c22:	d0fb      	beq.n	20000c1c <irq_set_exclusive_handler+0xc>
20000c24:	f3bf 8f5f 	dmb	sy
20000c28:	0028      	movs	r0, r5
20000c2a:	f7ff ffe9 	bl	20000c00 <irq_get_vtable_handler>
20000c2e:	4b0a      	ldr	r3, [pc, #40]	@ (20000c58 <irq_set_exclusive_handler+0x48>)
20000c30:	4298      	cmp	r0, r3
20000c32:	d001      	beq.n	20000c38 <irq_set_exclusive_handler+0x28>
20000c34:	42b0      	cmp	r0, r6
20000c36:	d105      	bne.n	20000c44 <irq_set_exclusive_handler+0x34>
20000c38:	0022      	movs	r2, r4
20000c3a:	0031      	movs	r1, r6
20000c3c:	0028      	movs	r0, r5
20000c3e:	f7ff ff59 	bl	20000af4 <set_raw_irq_handler_and_unlock>
20000c42:	bd70      	pop	{r4, r5, r6, pc}
20000c44:	4b05      	ldr	r3, [pc, #20]	@ (20000c5c <irq_set_exclusive_handler+0x4c>)
20000c46:	4a06      	ldr	r2, [pc, #24]	@ (20000c60 <irq_set_exclusive_handler+0x50>)
20000c48:	2182      	movs	r1, #130	@ 0x82
20000c4a:	4806      	ldr	r0, [pc, #24]	@ (20000c64 <irq_set_exclusive_handler+0x54>)
20000c4c:	0049      	lsls	r1, r1, #1
20000c4e:	f003 f9e5 	bl	2000401c <__assert_func>
20000c52:	46c0      	nop			@ (mov r8, r8)
20000c54:	d0000124 	.word	0xd0000124
20000c58:	100001c1 	.word	0x100001c1
20000c5c:	20007118 	.word	0x20007118
20000c60:	20007c30 	.word	0x20007c30
20000c64:	200070a0 	.word	0x200070a0

20000c68 <irq_add_shared_handler>:
20000c68:	b5f0      	push	{r4, r5, r6, r7, lr}
20000c6a:	46de      	mov	lr, fp
20000c6c:	4657      	mov	r7, sl
20000c6e:	464e      	mov	r6, r9
20000c70:	4645      	mov	r5, r8
20000c72:	b5e0      	push	{r5, r6, r7, lr}
20000c74:	b089      	sub	sp, #36	@ 0x24
20000c76:	4681      	mov	r9, r0
20000c78:	9101      	str	r1, [sp, #4]
20000c7a:	0015      	movs	r5, r2
20000c7c:	f3ef 8310 	mrs	r3, PRIMASK
20000c80:	b672      	cpsid	i
20000c82:	469a      	mov	sl, r3
20000c84:	4b6e      	ldr	r3, [pc, #440]	@ (20000e40 <irq_add_shared_handler+0x1d8>)
20000c86:	681b      	ldr	r3, [r3, #0]
20000c88:	2b00      	cmp	r3, #0
20000c8a:	d0fb      	beq.n	20000c84 <irq_add_shared_handler+0x1c>
20000c8c:	f3bf 8f5f 	dmb	sy
20000c90:	4b6c      	ldr	r3, [pc, #432]	@ (20000e44 <irq_add_shared_handler+0x1dc>)
20000c92:	2600      	movs	r6, #0
20000c94:	579e      	ldrsb	r6, [r3, r6]
20000c96:	2e00      	cmp	r6, #0
20000c98:	db40      	blt.n	20000d1c <irq_add_shared_handler+0xb4>
20000c9a:	0074      	lsls	r4, r6, #1
20000c9c:	19a4      	adds	r4, r4, r6
20000c9e:	00a4      	lsls	r4, r4, #2
20000ca0:	4869      	ldr	r0, [pc, #420]	@ (20000e48 <irq_add_shared_handler+0x1e0>)
20000ca2:	1823      	adds	r3, r4, r0
20000ca4:	469b      	mov	fp, r3
20000ca6:	2206      	movs	r2, #6
20000ca8:	569a      	ldrsb	r2, [r3, r2]
20000caa:	4b66      	ldr	r3, [pc, #408]	@ (20000e44 <irq_add_shared_handler+0x1dc>)
20000cac:	701a      	strb	r2, [r3, #0]
20000cae:	4b67      	ldr	r3, [pc, #412]	@ (20000e4c <irq_add_shared_handler+0x1e4>)
20000cb0:	689a      	ldr	r2, [r3, #8]
20000cb2:	464b      	mov	r3, r9
20000cb4:	3310      	adds	r3, #16
20000cb6:	009b      	lsls	r3, r3, #2
20000cb8:	58d7      	ldr	r7, [r2, r3]
20000cba:	1a3b      	subs	r3, r7, r0
20000cbc:	2b2f      	cmp	r3, #47	@ 0x2f
20000cbe:	d93b      	bls.n	20000d38 <irq_add_shared_handler+0xd0>
20000cc0:	4b63      	ldr	r3, [pc, #396]	@ (20000e50 <irq_add_shared_handler+0x1e8>)
20000cc2:	429f      	cmp	r7, r3
20000cc4:	d131      	bne.n	20000d2a <irq_add_shared_handler+0xc2>
20000cc6:	af05      	add	r7, sp, #20
20000cc8:	4b62      	ldr	r3, [pc, #392]	@ (20000e54 <irq_add_shared_handler+0x1ec>)
20000cca:	803b      	strh	r3, [r7, #0]
20000ccc:	4962      	ldr	r1, [pc, #392]	@ (20000e58 <irq_add_shared_handler+0x1f0>)
20000cce:	0073      	lsls	r3, r6, #1
20000cd0:	9302      	str	r3, [sp, #8]
20000cd2:	1998      	adds	r0, r3, r6
20000cd4:	0080      	lsls	r0, r0, #2
20000cd6:	4c5c      	ldr	r4, [pc, #368]	@ (20000e48 <irq_add_shared_handler+0x1e0>)
20000cd8:	1900      	adds	r0, r0, r4
20000cda:	3002      	adds	r0, #2
20000cdc:	f7ff ff48 	bl	20000b70 <make_j_16>
20000ce0:	8078      	strh	r0, [r7, #2]
20000ce2:	4b5e      	ldr	r3, [pc, #376]	@ (20000e5c <irq_add_shared_handler+0x1f4>)
20000ce4:	80bb      	strh	r3, [r7, #4]
20000ce6:	23ff      	movs	r3, #255	@ 0xff
20000ce8:	71bb      	strb	r3, [r7, #6]
20000cea:	71fd      	strb	r5, [r7, #7]
20000cec:	9a01      	ldr	r2, [sp, #4]
20000cee:	9207      	str	r2, [sp, #28]
20000cf0:	9b02      	ldr	r3, [sp, #8]
20000cf2:	199b      	adds	r3, r3, r6
20000cf4:	009b      	lsls	r3, r3, #2
20000cf6:	18e3      	adds	r3, r4, r3
20000cf8:	cf07      	ldmia	r7!, {r0, r1, r2}
20000cfa:	c307      	stmia	r3!, {r0, r1, r2}
20000cfc:	2701      	movs	r7, #1
20000cfe:	465b      	mov	r3, fp
20000d00:	433b      	orrs	r3, r7
20000d02:	001f      	movs	r7, r3
20000d04:	4652      	mov	r2, sl
20000d06:	0039      	movs	r1, r7
20000d08:	4648      	mov	r0, r9
20000d0a:	f7ff fef3 	bl	20000af4 <set_raw_irq_handler_and_unlock>
20000d0e:	b009      	add	sp, #36	@ 0x24
20000d10:	bcf0      	pop	{r4, r5, r6, r7}
20000d12:	46bb      	mov	fp, r7
20000d14:	46b2      	mov	sl, r6
20000d16:	46a9      	mov	r9, r5
20000d18:	46a0      	mov	r8, r4
20000d1a:	bdf0      	pop	{r4, r5, r6, r7, pc}
20000d1c:	4b50      	ldr	r3, [pc, #320]	@ (20000e60 <irq_add_shared_handler+0x1f8>)
20000d1e:	4a51      	ldr	r2, [pc, #324]	@ (20000e64 <irq_add_shared_handler+0x1fc>)
20000d20:	2194      	movs	r1, #148	@ 0x94
20000d22:	4851      	ldr	r0, [pc, #324]	@ (20000e68 <irq_add_shared_handler+0x200>)
20000d24:	31ff      	adds	r1, #255	@ 0xff
20000d26:	f003 f979 	bl	2000401c <__assert_func>
20000d2a:	4b50      	ldr	r3, [pc, #320]	@ (20000e6c <irq_add_shared_handler+0x204>)
20000d2c:	4a4d      	ldr	r2, [pc, #308]	@ (20000e64 <irq_add_shared_handler+0x1fc>)
20000d2e:	21cd      	movs	r1, #205	@ 0xcd
20000d30:	484d      	ldr	r0, [pc, #308]	@ (20000e68 <irq_add_shared_handler+0x200>)
20000d32:	0049      	lsls	r1, r1, #1
20000d34:	f003 f972 	bl	2000401c <__assert_func>
20000d38:	2301      	movs	r3, #1
20000d3a:	003a      	movs	r2, r7
20000d3c:	439a      	bics	r2, r3
20000d3e:	4690      	mov	r8, r2
20000d40:	1a10      	subs	r0, r2, r0
20000d42:	210c      	movs	r1, #12
20000d44:	f001 f956 	bl	20001ff4 <__wrap___aeabi_uidiv>
20000d48:	2900      	cmp	r1, #0
20000d4a:	d10f      	bne.n	20000d6c <irq_add_shared_handler+0x104>
20000d4c:	4643      	mov	r3, r8
20000d4e:	2400      	movs	r4, #0
20000d50:	79da      	ldrb	r2, [r3, #7]
20000d52:	42aa      	cmp	r2, r5
20000d54:	d912      	bls.n	20000d7c <irq_add_shared_handler+0x114>
20000d56:	2106      	movs	r1, #6
20000d58:	5659      	ldrsb	r1, [r3, r1]
20000d5a:	2900      	cmp	r1, #0
20000d5c:	db0d      	blt.n	20000d7a <irq_add_shared_handler+0x112>
20000d5e:	004a      	lsls	r2, r1, #1
20000d60:	1852      	adds	r2, r2, r1
20000d62:	0092      	lsls	r2, r2, #2
20000d64:	4938      	ldr	r1, [pc, #224]	@ (20000e48 <irq_add_shared_handler+0x1e0>)
20000d66:	001c      	movs	r4, r3
20000d68:	188b      	adds	r3, r1, r2
20000d6a:	e7f1      	b.n	20000d50 <irq_add_shared_handler+0xe8>
20000d6c:	4b40      	ldr	r3, [pc, #256]	@ (20000e70 <irq_add_shared_handler+0x208>)
20000d6e:	4a3d      	ldr	r2, [pc, #244]	@ (20000e64 <irq_add_shared_handler+0x1fc>)
20000d70:	21ac      	movs	r1, #172	@ 0xac
20000d72:	483d      	ldr	r0, [pc, #244]	@ (20000e68 <irq_add_shared_handler+0x200>)
20000d74:	31ff      	adds	r1, #255	@ 0xff
20000d76:	f003 f951 	bl	2000401c <__assert_func>
20000d7a:	001c      	movs	r4, r3
20000d7c:	2c00      	cmp	r4, #0
20000d7e:	d02d      	beq.n	20000ddc <irq_add_shared_handler+0x174>
20000d80:	ab05      	add	r3, sp, #20
20000d82:	4a3c      	ldr	r2, [pc, #240]	@ (20000e74 <irq_add_shared_handler+0x20c>)
20000d84:	801a      	strh	r2, [r3, #0]
20000d86:	3a81      	subs	r2, #129	@ 0x81
20000d88:	805a      	strh	r2, [r3, #2]
20000d8a:	2306      	movs	r3, #6
20000d8c:	56e3      	ldrsb	r3, [r4, r3]
20000d8e:	4698      	mov	r8, r3
20000d90:	2b00      	cmp	r3, #0
20000d92:	da16      	bge.n	20000dc2 <irq_add_shared_handler+0x15a>
20000d94:	4838      	ldr	r0, [pc, #224]	@ (20000e78 <irq_add_shared_handler+0x210>)
20000d96:	ab04      	add	r3, sp, #16
20000d98:	8118      	strh	r0, [r3, #8]
20000d9a:	4642      	mov	r2, r8
20000d9c:	729a      	strb	r2, [r3, #10]
20000d9e:	72dd      	strb	r5, [r3, #11]
20000da0:	9b01      	ldr	r3, [sp, #4]
20000da2:	9307      	str	r3, [sp, #28]
20000da4:	1d20      	adds	r0, r4, #4
20000da6:	4659      	mov	r1, fp
20000da8:	f7ff fee2 	bl	20000b70 <make_j_16>
20000dac:	80a0      	strh	r0, [r4, #4]
20000dae:	71a6      	strb	r6, [r4, #6]
20000db0:	4b25      	ldr	r3, [pc, #148]	@ (20000e48 <irq_add_shared_handler+0x1e0>)
20000db2:	0072      	lsls	r2, r6, #1
20000db4:	1992      	adds	r2, r2, r6
20000db6:	0092      	lsls	r2, r2, #2
20000db8:	189b      	adds	r3, r3, r2
20000dba:	aa05      	add	r2, sp, #20
20000dbc:	ca13      	ldmia	r2!, {r0, r1, r4}
20000dbe:	c313      	stmia	r3!, {r0, r1, r4}
20000dc0:	e7a0      	b.n	20000d04 <irq_add_shared_handler+0x9c>
20000dc2:	1d20      	adds	r0, r4, #4
20000dc4:	f7ff febc 	bl	20000b40 <resolve_j_16>
20000dc8:	0001      	movs	r1, r0
20000dca:	0070      	lsls	r0, r6, #1
20000dcc:	1980      	adds	r0, r0, r6
20000dce:	0080      	lsls	r0, r0, #2
20000dd0:	4b1d      	ldr	r3, [pc, #116]	@ (20000e48 <irq_add_shared_handler+0x1e0>)
20000dd2:	18c0      	adds	r0, r0, r3
20000dd4:	3004      	adds	r0, #4
20000dd6:	f7ff fecb 	bl	20000b70 <make_j_16>
20000dda:	e7dc      	b.n	20000d96 <irq_add_shared_handler+0x12e>
20000ddc:	af05      	add	r7, sp, #20
20000dde:	4b1d      	ldr	r3, [pc, #116]	@ (20000e54 <irq_add_shared_handler+0x1ec>)
20000de0:	803b      	strh	r3, [r7, #0]
20000de2:	491d      	ldr	r1, [pc, #116]	@ (20000e58 <irq_add_shared_handler+0x1f0>)
20000de4:	0073      	lsls	r3, r6, #1
20000de6:	9302      	str	r3, [sp, #8]
20000de8:	199b      	adds	r3, r3, r6
20000dea:	009b      	lsls	r3, r3, #2
20000dec:	4c16      	ldr	r4, [pc, #88]	@ (20000e48 <irq_add_shared_handler+0x1e0>)
20000dee:	0018      	movs	r0, r3
20000df0:	46a4      	mov	ip, r4
20000df2:	4460      	add	r0, ip
20000df4:	9003      	str	r0, [sp, #12]
20000df6:	3002      	adds	r0, #2
20000df8:	f7ff feba 	bl	20000b70 <make_j_16>
20000dfc:	8078      	strh	r0, [r7, #2]
20000dfe:	9a03      	ldr	r2, [sp, #12]
20000e00:	1d10      	adds	r0, r2, #4
20000e02:	4641      	mov	r1, r8
20000e04:	f7ff feb4 	bl	20000b70 <make_j_16>
20000e08:	80b8      	strh	r0, [r7, #4]
20000e0a:	4b1c      	ldr	r3, [pc, #112]	@ (20000e7c <irq_add_shared_handler+0x214>)
20000e0c:	4642      	mov	r2, r8
20000e0e:	1b12      	subs	r2, r2, r4
20000e10:	4152      	adcs	r2, r2
20000e12:	4353      	muls	r3, r2
20000e14:	0d1b      	lsrs	r3, r3, #20
20000e16:	71bb      	strb	r3, [r7, #6]
20000e18:	71fd      	strb	r5, [r7, #7]
20000e1a:	9901      	ldr	r1, [sp, #4]
20000e1c:	9107      	str	r1, [sp, #28]
20000e1e:	9b02      	ldr	r3, [sp, #8]
20000e20:	199b      	adds	r3, r3, r6
20000e22:	009b      	lsls	r3, r3, #2
20000e24:	46a4      	mov	ip, r4
20000e26:	4463      	add	r3, ip
20000e28:	cf07      	ldmia	r7!, {r0, r1, r2}
20000e2a:	c307      	stmia	r3!, {r0, r1, r2}
20000e2c:	4b11      	ldr	r3, [pc, #68]	@ (20000e74 <irq_add_shared_handler+0x20c>)
20000e2e:	4642      	mov	r2, r8
20000e30:	8013      	strh	r3, [r2, #0]
20000e32:	3b81      	subs	r3, #129	@ 0x81
20000e34:	8053      	strh	r3, [r2, #2]
20000e36:	2701      	movs	r7, #1
20000e38:	465b      	mov	r3, fp
20000e3a:	433b      	orrs	r3, r7
20000e3c:	001f      	movs	r7, r3
20000e3e:	e761      	b.n	20000d04 <irq_add_shared_handler+0x9c>
20000e40:	d0000124 	.word	0xd0000124
20000e44:	2000a6f0 	.word	0x2000a6f0
20000e48:	20007e64 	.word	0x20007e64
20000e4c:	e000ed00 	.word	0xe000ed00
20000e50:	100001c1 	.word	0x100001c1
20000e54:	ffffa100 	.word	0xffffa100
20000e58:	20007e94 	.word	0x20007e94
20000e5c:	ffffbd01 	.word	0xffffbd01
20000e60:	20007150 	.word	0x20007150
20000e64:	20007c18 	.word	0x20007c18
20000e68:	200070a0 	.word	0x200070a0
20000e6c:	20007178 	.word	0x20007178
20000e70:	200071a0 	.word	0x200071a0
20000e74:	00004801 	.word	0x00004801
20000e78:	0000bd01 	.word	0x0000bd01
20000e7c:	0000aaaa 	.word	0x0000aaaa

20000e80 <irq_add_tail_to_free_list>:
20000e80:	b570      	push	{r4, r5, r6, lr}
20000e82:	2201      	movs	r2, #1
20000e84:	4302      	orrs	r2, r0
20000e86:	4b2d      	ldr	r3, [pc, #180]	@ (20000f3c <irq_add_tail_to_free_list+0xbc>)
20000e88:	1ad3      	subs	r3, r2, r3
20000e8a:	2b2f      	cmp	r3, #47	@ 0x2f
20000e8c:	d829      	bhi.n	20000ee2 <irq_add_tail_to_free_list+0x62>
20000e8e:	f3ef 8305 	mrs	r3, IPSR
20000e92:	2b00      	cmp	r3, #0
20000e94:	d02b      	beq.n	20000eee <irq_add_tail_to_free_list+0x6e>
20000e96:	f3ef 8110 	mrs	r1, PRIMASK
20000e9a:	b672      	cpsid	i
20000e9c:	468c      	mov	ip, r1
20000e9e:	4928      	ldr	r1, [pc, #160]	@ (20000f40 <irq_add_tail_to_free_list+0xc0>)
20000ea0:	6809      	ldr	r1, [r1, #0]
20000ea2:	2900      	cmp	r1, #0
20000ea4:	d0fb      	beq.n	20000e9e <irq_add_tail_to_free_list+0x1e>
20000ea6:	f3bf 8f5f 	dmb	sy
20000eaa:	4c24      	ldr	r4, [pc, #144]	@ (20000f3c <irq_add_tail_to_free_list+0xbc>)
20000eac:	4925      	ldr	r1, [pc, #148]	@ (20000f44 <irq_add_tail_to_free_list+0xc4>)
20000eae:	0005      	movs	r5, r0
20000eb0:	1b2d      	subs	r5, r5, r4
20000eb2:	416d      	adcs	r5, r5
20000eb4:	4369      	muls	r1, r5
20000eb6:	0d09      	lsrs	r1, r1, #20
20000eb8:	b24c      	sxtb	r4, r1
20000eba:	4923      	ldr	r1, [pc, #140]	@ (20000f48 <irq_add_tail_to_free_list+0xc8>)
20000ebc:	6889      	ldr	r1, [r1, #8]
20000ebe:	009b      	lsls	r3, r3, #2
20000ec0:	58c9      	ldr	r1, [r1, r3]
20000ec2:	4291      	cmp	r1, r2
20000ec4:	d019      	beq.n	20000efa <irq_add_tail_to_free_list+0x7a>
20000ec6:	2100      	movs	r1, #0
20000ec8:	2903      	cmp	r1, #3
20000eca:	d830      	bhi.n	20000f2e <irq_add_tail_to_free_list+0xae>
20000ecc:	4b1b      	ldr	r3, [pc, #108]	@ (20000f3c <irq_add_tail_to_free_list+0xbc>)
20000ece:	004a      	lsls	r2, r1, #1
20000ed0:	1852      	adds	r2, r2, r1
20000ed2:	0092      	lsls	r2, r2, #2
20000ed4:	189b      	adds	r3, r3, r2
20000ed6:	799b      	ldrb	r3, [r3, #6]
20000ed8:	b25b      	sxtb	r3, r3
20000eda:	42a3      	cmp	r3, r4
20000edc:	d01d      	beq.n	20000f1a <irq_add_tail_to_free_list+0x9a>
20000ede:	3101      	adds	r1, #1
20000ee0:	e7f2      	b.n	20000ec8 <irq_add_tail_to_free_list+0x48>
20000ee2:	4b1a      	ldr	r3, [pc, #104]	@ (20000f4c <irq_add_tail_to_free_list+0xcc>)
20000ee4:	4a1a      	ldr	r2, [pc, #104]	@ (20000f50 <irq_add_tail_to_free_list+0xd0>)
20000ee6:	481b      	ldr	r0, [pc, #108]	@ (20000f54 <irq_add_tail_to_free_list+0xd4>)
20000ee8:	491b      	ldr	r1, [pc, #108]	@ (20000f58 <irq_add_tail_to_free_list+0xd8>)
20000eea:	f003 f897 	bl	2000401c <__assert_func>
20000eee:	4b1b      	ldr	r3, [pc, #108]	@ (20000f5c <irq_add_tail_to_free_list+0xdc>)
20000ef0:	4a17      	ldr	r2, [pc, #92]	@ (20000f50 <irq_add_tail_to_free_list+0xd0>)
20000ef2:	4818      	ldr	r0, [pc, #96]	@ (20000f54 <irq_add_tail_to_free_list+0xd4>)
20000ef4:	491a      	ldr	r1, [pc, #104]	@ (20000f60 <irq_add_tail_to_free_list+0xe0>)
20000ef6:	f003 f891 	bl	2000401c <__assert_func>
20000efa:	4a13      	ldr	r2, [pc, #76]	@ (20000f48 <irq_add_tail_to_free_list+0xc8>)
20000efc:	6892      	ldr	r2, [r2, #8]
20000efe:	4919      	ldr	r1, [pc, #100]	@ (20000f64 <irq_add_tail_to_free_list+0xe4>)
20000f00:	50d1      	str	r1, [r2, r3]
20000f02:	4b19      	ldr	r3, [pc, #100]	@ (20000f68 <irq_add_tail_to_free_list+0xe8>)
20000f04:	781a      	ldrb	r2, [r3, #0]
20000f06:	7182      	strb	r2, [r0, #6]
20000f08:	701c      	strb	r4, [r3, #0]
20000f0a:	f3bf 8f5f 	dmb	sy
20000f0e:	4b0c      	ldr	r3, [pc, #48]	@ (20000f40 <irq_add_tail_to_free_list+0xc0>)
20000f10:	2200      	movs	r2, #0
20000f12:	601a      	str	r2, [r3, #0]
20000f14:	f38c 8810 	msr	PRIMASK, ip
20000f18:	bd70      	pop	{r4, r5, r6, pc}
20000f1a:	4b08      	ldr	r3, [pc, #32]	@ (20000f3c <irq_add_tail_to_free_list+0xbc>)
20000f1c:	004a      	lsls	r2, r1, #1
20000f1e:	1855      	adds	r5, r2, r1
20000f20:	00ad      	lsls	r5, r5, #2
20000f22:	195d      	adds	r5, r3, r5
20000f24:	26ff      	movs	r6, #255	@ 0xff
20000f26:	71ae      	strb	r6, [r5, #6]
20000f28:	4a10      	ldr	r2, [pc, #64]	@ (20000f6c <irq_add_tail_to_free_list+0xec>)
20000f2a:	80aa      	strh	r2, [r5, #4]
20000f2c:	e7e9      	b.n	20000f02 <irq_add_tail_to_free_list+0x82>
20000f2e:	4b10      	ldr	r3, [pc, #64]	@ (20000f70 <irq_add_tail_to_free_list+0xf0>)
20000f30:	4a07      	ldr	r2, [pc, #28]	@ (20000f50 <irq_add_tail_to_free_list+0xd0>)
20000f32:	4808      	ldr	r0, [pc, #32]	@ (20000f54 <irq_add_tail_to_free_list+0xd4>)
20000f34:	490f      	ldr	r1, [pc, #60]	@ (20000f74 <irq_add_tail_to_free_list+0xf4>)
20000f36:	f003 f871 	bl	2000401c <__assert_func>
20000f3a:	46c0      	nop			@ (mov r8, r8)
20000f3c:	20007e64 	.word	0x20007e64
20000f40:	d0000124 	.word	0xd0000124
20000f44:	0000aaaa 	.word	0x0000aaaa
20000f48:	e000ed00 	.word	0xe000ed00
20000f4c:	20007224 	.word	0x20007224
20000f50:	20007be0 	.word	0x20007be0
20000f54:	200070a0 	.word	0x200070a0
20000f58:	00000296 	.word	0x00000296
20000f5c:	2000724c 	.word	0x2000724c
20000f60:	00000299 	.word	0x00000299
20000f64:	100001c1 	.word	0x100001c1
20000f68:	2000a6f0 	.word	0x2000a6f0
20000f6c:	ffffbd01 	.word	0xffffbd01
20000f70:	20007258 	.word	0x20007258
20000f74:	000002aa 	.word	0x000002aa

20000f78 <lock_init>:
20000f78:	4b02      	ldr	r3, [pc, #8]	@ (20000f84 <lock_init+0xc>)
20000f7a:	469c      	mov	ip, r3
20000f7c:	4461      	add	r1, ip
20000f7e:	0089      	lsls	r1, r1, #2
20000f80:	6001      	str	r1, [r0, #0]
20000f82:	4770      	bx	lr
20000f84:	34000040 	.word	0x34000040

20000f88 <mutex_init>:
20000f88:	b510      	push	{r4, lr}
20000f8a:	0004      	movs	r4, r0
20000f8c:	f7ff fd84 	bl	20000a98 <next_striped_spin_lock_num>
20000f90:	0001      	movs	r1, r0
20000f92:	0020      	movs	r0, r4
20000f94:	f7ff fff0 	bl	20000f78 <lock_init>
20000f98:	23ff      	movs	r3, #255	@ 0xff
20000f9a:	7123      	strb	r3, [r4, #4]
20000f9c:	f3bf 8f5f 	dmb	sy
20000fa0:	bd10      	pop	{r4, pc}

20000fa2 <recursive_mutex_init>:
20000fa2:	b510      	push	{r4, lr}
20000fa4:	0004      	movs	r4, r0
20000fa6:	f7ff fd77 	bl	20000a98 <next_striped_spin_lock_num>
20000faa:	0001      	movs	r1, r0
20000fac:	0020      	movs	r0, r4
20000fae:	f7ff ffe3 	bl	20000f78 <lock_init>
20000fb2:	23ff      	movs	r3, #255	@ 0xff
20000fb4:	7123      	strb	r3, [r4, #4]
20000fb6:	2300      	movs	r3, #0
20000fb8:	7163      	strb	r3, [r4, #5]
20000fba:	f3bf 8f5f 	dmb	sy
20000fbe:	bd10      	pop	{r4, pc}

20000fc0 <runtime_init_mutex>:
20000fc0:	b510      	push	{r4, lr}
20000fc2:	4c0d      	ldr	r4, [pc, #52]	@ (20000ff8 <runtime_init_mutex+0x38>)
20000fc4:	e009      	b.n	20000fda <runtime_init_mutex+0x1a>
20000fc6:	4b0d      	ldr	r3, [pc, #52]	@ (20000ffc <runtime_init_mutex+0x3c>)
20000fc8:	4a0d      	ldr	r2, [pc, #52]	@ (20001000 <runtime_init_mutex+0x40>)
20000fca:	480e      	ldr	r0, [pc, #56]	@ (20001004 <runtime_init_mutex+0x44>)
20000fcc:	211a      	movs	r1, #26
20000fce:	f003 f825 	bl	2000401c <__assert_func>
20000fd2:	0020      	movs	r0, r4
20000fd4:	f7ff ffd8 	bl	20000f88 <mutex_init>
20000fd8:	3408      	adds	r4, #8
20000fda:	4b0b      	ldr	r3, [pc, #44]	@ (20001008 <runtime_init_mutex+0x48>)
20000fdc:	429c      	cmp	r4, r3
20000fde:	d209      	bcs.n	20000ff4 <runtime_init_mutex+0x34>
20000fe0:	6823      	ldr	r3, [r4, #0]
20000fe2:	2b00      	cmp	r3, #0
20000fe4:	d0f5      	beq.n	20000fd2 <runtime_init_mutex+0x12>
20000fe6:	2b01      	cmp	r3, #1
20000fe8:	d1ed      	bne.n	20000fc6 <runtime_init_mutex+0x6>
20000fea:	0020      	movs	r0, r4
20000fec:	f7ff ffd9 	bl	20000fa2 <recursive_mutex_init>
20000ff0:	3408      	adds	r4, #8
20000ff2:	e7f2      	b.n	20000fda <runtime_init_mutex+0x1a>
20000ff4:	bd10      	pop	{r4, pc}
20000ff6:	46c0      	nop			@ (mov r8, r8)
20000ff8:	20007f10 	.word	0x20007f10
20000ffc:	20007260 	.word	0x20007260
20001000:	20007c70 	.word	0x20007c70
20001004:	20007280 	.word	0x20007280
20001008:	20007f20 	.word	0x20007f20

2000100c <critical_section_init_with_lock_num>:
2000100c:	4b03      	ldr	r3, [pc, #12]	@ (2000101c <critical_section_init_with_lock_num+0x10>)
2000100e:	469c      	mov	ip, r3
20001010:	4461      	add	r1, ip
20001012:	0089      	lsls	r1, r1, #2
20001014:	6001      	str	r1, [r0, #0]
20001016:	f3bf 8f5f 	dmb	sy
2000101a:	4770      	bx	lr
2000101c:	34000040 	.word	0x34000040

20001020 <critical_section_init>:
20001020:	b510      	push	{r4, lr}
20001022:	0004      	movs	r4, r0
20001024:	2001      	movs	r0, #1
20001026:	f7ff fd45 	bl	20000ab4 <spin_lock_claim_unused>
2000102a:	0001      	movs	r1, r0
2000102c:	0020      	movs	r0, r4
2000102e:	f7ff ffed 	bl	2000100c <critical_section_init_with_lock_num>
20001032:	bd10      	pop	{r4, pc}

20001034 <ta_set_timeout>:
20001034:	b530      	push	{r4, r5, lr}
20001036:	6a83      	ldr	r3, [r0, #40]	@ 0x28
20001038:	469c      	mov	ip, r3
2000103a:	1ad4      	subs	r4, r2, r3
2000103c:	1d0b      	adds	r3, r1, #4
2000103e:	009b      	lsls	r3, r3, #2
20001040:	581b      	ldr	r3, [r3, r0]
20001042:	4665      	mov	r5, ip
20001044:	1b5b      	subs	r3, r3, r5
20001046:	429c      	cmp	r4, r3
20001048:	d304      	bcc.n	20001054 <ta_set_timeout+0x20>
2000104a:	6a04      	ldr	r4, [r0, #32]
2000104c:	2301      	movs	r3, #1
2000104e:	408b      	lsls	r3, r1
20001050:	4223      	tst	r3, r4
20001052:	d102      	bne.n	2000105a <ta_set_timeout+0x26>
20001054:	3104      	adds	r1, #4
20001056:	0089      	lsls	r1, r1, #2
20001058:	500a      	str	r2, [r1, r0]
2000105a:	bd30      	pop	{r4, r5, pc}

2000105c <make_alarm_id>:
2000105c:	0400      	lsls	r0, r0, #16
2000105e:	4308      	orrs	r0, r1
20001060:	4770      	bx	lr
	...

20001064 <sleep_until_callback>:
20001064:	4b0a      	ldr	r3, [pc, #40]	@ (20001090 <sleep_until_callback+0x2c>)
20001066:	6819      	ldr	r1, [r3, #0]
20001068:	f3ef 8310 	mrs	r3, PRIMASK
2000106c:	b672      	cpsid	i
2000106e:	680a      	ldr	r2, [r1, #0]
20001070:	2a00      	cmp	r2, #0
20001072:	d0fc      	beq.n	2000106e <sleep_until_callback+0xa>
20001074:	f3bf 8f5f 	dmb	sy
20001078:	4a05      	ldr	r2, [pc, #20]	@ (20001090 <sleep_until_callback+0x2c>)
2000107a:	6812      	ldr	r2, [r2, #0]
2000107c:	f3bf 8f5f 	dmb	sy
20001080:	2100      	movs	r1, #0
20001082:	6011      	str	r1, [r2, #0]
20001084:	f383 8810 	msr	PRIMASK, r3
20001088:	bf40      	sev
2000108a:	2000      	movs	r0, #0
2000108c:	2100      	movs	r1, #0
2000108e:	4770      	bx	lr
20001090:	2000a6e4 	.word	0x2000a6e4

20001094 <alarm_pool_irq_handler>:
20001094:	b5f0      	push	{r4, r5, r6, r7, lr}
20001096:	46de      	mov	lr, fp
20001098:	4657      	mov	r7, sl
2000109a:	464e      	mov	r6, r9
2000109c:	4645      	mov	r5, r8
2000109e:	b5e0      	push	{r5, r6, r7, lr}
200010a0:	b083      	sub	sp, #12
200010a2:	f3ef 8305 	mrs	r3, IPSR
200010a6:	2203      	movs	r2, #3
200010a8:	401a      	ands	r2, r3
200010aa:	0011      	movs	r1, r2
200010ac:	9201      	str	r2, [sp, #4]
200010ae:	4baf      	ldr	r3, [pc, #700]	@ (2000136c <alarm_pool_irq_handler+0x2d8>)
200010b0:	0092      	lsls	r2, r2, #2
200010b2:	58d3      	ldr	r3, [r2, r3]
200010b4:	4698      	mov	r8, r3
200010b6:	781b      	ldrb	r3, [r3, #0]
200010b8:	428b      	cmp	r3, r1
200010ba:	d107      	bne.n	200010cc <alarm_pool_irq_handler+0x38>
200010bc:	2301      	movs	r3, #1
200010be:	9a01      	ldr	r2, [sp, #4]
200010c0:	4093      	lsls	r3, r2
200010c2:	9300      	str	r3, [sp, #0]
200010c4:	4baa      	ldr	r3, [pc, #680]	@ (20001370 <alarm_pool_irq_handler+0x2dc>)
200010c6:	9a00      	ldr	r2, [sp, #0]
200010c8:	601a      	str	r2, [r3, #0]
200010ca:	e11f      	b.n	2000130c <alarm_pool_irq_handler+0x278>
200010cc:	4ba9      	ldr	r3, [pc, #676]	@ (20001374 <alarm_pool_irq_handler+0x2e0>)
200010ce:	4aaa      	ldr	r2, [pc, #680]	@ (20001378 <alarm_pool_irq_handler+0x2e4>)
200010d0:	48aa      	ldr	r0, [pc, #680]	@ (2000137c <alarm_pool_irq_handler+0x2e8>)
200010d2:	219c      	movs	r1, #156	@ 0x9c
200010d4:	f002 ffa2 	bl	2000401c <__assert_func>
200010d8:	4643      	mov	r3, r8
200010da:	695a      	ldr	r2, [r3, #20]
200010dc:	464b      	mov	r3, r9
200010de:	005b      	lsls	r3, r3, #1
200010e0:	444b      	add	r3, r9
200010e2:	00db      	lsls	r3, r3, #3
200010e4:	4693      	mov	fp, r2
200010e6:	449b      	add	fp, r3
200010e8:	465b      	mov	r3, fp
200010ea:	689e      	ldr	r6, [r3, #8]
200010ec:	68df      	ldr	r7, [r3, #12]
200010ee:	48a4      	ldr	r0, [pc, #656]	@ (20001380 <alarm_pool_irq_handler+0x2ec>)
200010f0:	f000 fbba 	bl	20001868 <timer_time_us_64>
200010f4:	1b80      	subs	r0, r0, r6
200010f6:	41b9      	sbcs	r1, r7
200010f8:	2900      	cmp	r1, #0
200010fa:	da00      	bge.n	200010fe <alarm_pool_irq_handler+0x6a>
200010fc:	e110      	b.n	20001320 <alarm_pool_irq_handler+0x28c>
200010fe:	2f00      	cmp	r7, #0
20001100:	db61      	blt.n	200011c6 <alarm_pool_irq_handler+0x132>
20001102:	465b      	mov	r3, fp
20001104:	691c      	ldr	r4, [r3, #16]
20001106:	4b9f      	ldr	r3, [pc, #636]	@ (20001384 <alarm_pool_irq_handler+0x2f0>)
20001108:	429c      	cmp	r4, r3
2000110a:	d047      	beq.n	2000119c <alarm_pool_irq_handler+0x108>
2000110c:	4643      	mov	r3, r8
2000110e:	2008      	movs	r0, #8
20001110:	5e18      	ldrsh	r0, [r3, r0]
20001112:	465b      	mov	r3, fp
20001114:	8859      	ldrh	r1, [r3, #2]
20001116:	b289      	uxth	r1, r1
20001118:	f7ff ffa0 	bl	2000105c <make_alarm_id>
2000111c:	465b      	mov	r3, fp
2000111e:	6959      	ldr	r1, [r3, #20]
20001120:	47a0      	blx	r4
20001122:	0004      	movs	r4, r0
20001124:	000d      	movs	r5, r1
20001126:	0023      	movs	r3, r4
20001128:	432b      	orrs	r3, r5
2000112a:	d04c      	beq.n	200011c6 <alarm_pool_irq_handler+0x132>
2000112c:	2d00      	cmp	r5, #0
2000112e:	da3e      	bge.n	200011ae <alarm_pool_irq_handler+0x11a>
20001130:	0030      	movs	r0, r6
20001132:	0039      	movs	r1, r7
20001134:	1b00      	subs	r0, r0, r4
20001136:	41a9      	sbcs	r1, r5
20001138:	465b      	mov	r3, fp
2000113a:	6098      	str	r0, [r3, #8]
2000113c:	60d9      	str	r1, [r3, #12]
2000113e:	2400      	movs	r4, #0
20001140:	5f1c      	ldrsh	r4, [r3, r4]
20001142:	2c00      	cmp	r4, #0
20001144:	da00      	bge.n	20001148 <alarm_pool_irq_handler+0xb4>
20001146:	e0eb      	b.n	20001320 <alarm_pool_irq_handler+0x28c>
20001148:	4643      	mov	r3, r8
2000114a:	695a      	ldr	r2, [r3, #20]
2000114c:	4692      	mov	sl, r2
2000114e:	0063      	lsls	r3, r4, #1
20001150:	191b      	adds	r3, r3, r4
20001152:	00db      	lsls	r3, r3, #3
20001154:	4453      	add	r3, sl
20001156:	689a      	ldr	r2, [r3, #8]
20001158:	68db      	ldr	r3, [r3, #12]
2000115a:	0005      	movs	r5, r0
2000115c:	000e      	movs	r6, r1
2000115e:	1aad      	subs	r5, r5, r2
20001160:	419e      	sbcs	r6, r3
20001162:	2e00      	cmp	r6, #0
20001164:	da00      	bge.n	20001168 <alarm_pool_irq_handler+0xd4>
20001166:	e0db      	b.n	20001320 <alarm_pool_irq_handler+0x28c>
20001168:	4643      	mov	r3, r8
2000116a:	811c      	strh	r4, [r3, #8]
2000116c:	4647      	mov	r7, r8
2000116e:	3708      	adds	r7, #8
20001170:	46bc      	mov	ip, r7
20001172:	2c00      	cmp	r4, #0
20001174:	db21      	blt.n	200011ba <alarm_pool_irq_handler+0x126>
20001176:	4663      	mov	r3, ip
20001178:	2200      	movs	r2, #0
2000117a:	5e9b      	ldrsh	r3, [r3, r2]
2000117c:	005d      	lsls	r5, r3, #1
2000117e:	18ed      	adds	r5, r5, r3
20001180:	00ed      	lsls	r5, r5, #3
20001182:	4455      	add	r5, sl
20001184:	68aa      	ldr	r2, [r5, #8]
20001186:	68eb      	ldr	r3, [r5, #12]
20001188:	0006      	movs	r6, r0
2000118a:	000f      	movs	r7, r1
2000118c:	1ab6      	subs	r6, r6, r2
2000118e:	419f      	sbcs	r7, r3
20001190:	2f00      	cmp	r7, #0
20001192:	db12      	blt.n	200011ba <alarm_pool_irq_handler+0x126>
20001194:	46ac      	mov	ip, r5
20001196:	2300      	movs	r3, #0
20001198:	5eec      	ldrsh	r4, [r5, r3]
2000119a:	e7ea      	b.n	20001172 <alarm_pool_irq_handler+0xde>
2000119c:	465b      	mov	r3, fp
2000119e:	695c      	ldr	r4, [r3, #20]
200011a0:	6923      	ldr	r3, [r4, #16]
200011a2:	0020      	movs	r0, r4
200011a4:	4798      	blx	r3
200011a6:	2800      	cmp	r0, #0
200011a8:	d00d      	beq.n	200011c6 <alarm_pool_irq_handler+0x132>
200011aa:	cc30      	ldmia	r4, {r4, r5}
200011ac:	e7bb      	b.n	20001126 <alarm_pool_irq_handler+0x92>
200011ae:	4874      	ldr	r0, [pc, #464]	@ (20001380 <alarm_pool_irq_handler+0x2ec>)
200011b0:	f000 fb5a 	bl	20001868 <timer_time_us_64>
200011b4:	1900      	adds	r0, r0, r4
200011b6:	4169      	adcs	r1, r5
200011b8:	e7be      	b.n	20001138 <alarm_pool_irq_handler+0xa4>
200011ba:	465b      	mov	r3, fp
200011bc:	801c      	strh	r4, [r3, #0]
200011be:	464b      	mov	r3, r9
200011c0:	4662      	mov	r2, ip
200011c2:	8013      	strh	r3, [r2, #0]
200011c4:	e0ac      	b.n	20001320 <alarm_pool_irq_handler+0x28c>
200011c6:	465b      	mov	r3, fp
200011c8:	2200      	movs	r2, #0
200011ca:	5e9b      	ldrsh	r3, [r3, r2]
200011cc:	4642      	mov	r2, r8
200011ce:	8113      	strh	r3, [r2, #8]
200011d0:	6912      	ldr	r2, [r2, #16]
200011d2:	f3ef 8310 	mrs	r3, PRIMASK
200011d6:	b672      	cpsid	i
200011d8:	6811      	ldr	r1, [r2, #0]
200011da:	2900      	cmp	r1, #0
200011dc:	d0fc      	beq.n	200011d8 <alarm_pool_irq_handler+0x144>
200011de:	f3bf 8f5f 	dmb	sy
200011e2:	4642      	mov	r2, r8
200011e4:	2102      	movs	r1, #2
200011e6:	5e52      	ldrsh	r2, [r2, r1]
200011e8:	4659      	mov	r1, fp
200011ea:	800a      	strh	r2, [r1, #0]
200011ec:	4642      	mov	r2, r8
200011ee:	4649      	mov	r1, r9
200011f0:	8051      	strh	r1, [r2, #2]
200011f2:	6912      	ldr	r2, [r2, #16]
200011f4:	f3bf 8f5f 	dmb	sy
200011f8:	2100      	movs	r1, #0
200011fa:	6011      	str	r1, [r2, #0]
200011fc:	f383 8810 	msr	PRIMASK, r3
20001200:	e08e      	b.n	20001320 <alarm_pool_irq_handler+0x28c>
20001202:	4643      	mov	r3, r8
20001204:	6919      	ldr	r1, [r3, #16]
20001206:	f3ef 8310 	mrs	r3, PRIMASK
2000120a:	b672      	cpsid	i
2000120c:	680a      	ldr	r2, [r1, #0]
2000120e:	2a00      	cmp	r2, #0
20001210:	d0fc      	beq.n	2000120c <alarm_pool_irq_handler+0x178>
20001212:	f3bf 8f5f 	dmb	sy
20001216:	4642      	mov	r2, r8
20001218:	8892      	ldrh	r2, [r2, #4]
2000121a:	b212      	sxth	r2, r2
2000121c:	4691      	mov	r9, r2
2000121e:	2201      	movs	r2, #1
20001220:	4252      	negs	r2, r2
20001222:	4641      	mov	r1, r8
20001224:	808a      	strh	r2, [r1, #4]
20001226:	690a      	ldr	r2, [r1, #16]
20001228:	f3bf 8f5f 	dmb	sy
2000122c:	2100      	movs	r1, #0
2000122e:	6011      	str	r1, [r2, #0]
20001230:	f383 8810 	msr	PRIMASK, r3
20001234:	e01c      	b.n	20001270 <alarm_pool_irq_handler+0x1dc>
20001236:	469b      	mov	fp, r3
20001238:	2200      	movs	r2, #0
2000123a:	5e9a      	ldrsh	r2, [r3, r2]
2000123c:	2a00      	cmp	r2, #0
2000123e:	db0e      	blt.n	2000125e <alarm_pool_irq_handler+0x1ca>
20001240:	465b      	mov	r3, fp
20001242:	2100      	movs	r1, #0
20001244:	5e59      	ldrsh	r1, [r3, r1]
20001246:	004b      	lsls	r3, r1, #1
20001248:	185b      	adds	r3, r3, r1
2000124a:	00db      	lsls	r3, r3, #3
2000124c:	4453      	add	r3, sl
2000124e:	6898      	ldr	r0, [r3, #8]
20001250:	68d9      	ldr	r1, [r3, #12]
20001252:	0026      	movs	r6, r4
20001254:	002f      	movs	r7, r5
20001256:	1a36      	subs	r6, r6, r0
20001258:	418f      	sbcs	r7, r1
2000125a:	2f00      	cmp	r7, #0
2000125c:	daeb      	bge.n	20001236 <alarm_pool_irq_handler+0x1a2>
2000125e:	464b      	mov	r3, r9
20001260:	4659      	mov	r1, fp
20001262:	800b      	strh	r3, [r1, #0]
20001264:	4663      	mov	r3, ip
20001266:	2100      	movs	r1, #0
20001268:	5e5b      	ldrsh	r3, [r3, r1]
2000126a:	4699      	mov	r9, r3
2000126c:	4663      	mov	r3, ip
2000126e:	801a      	strh	r2, [r3, #0]
20001270:	464b      	mov	r3, r9
20001272:	2b00      	cmp	r3, #0
20001274:	db5a      	blt.n	2000132c <alarm_pool_irq_handler+0x298>
20001276:	4643      	mov	r3, r8
20001278:	695a      	ldr	r2, [r3, #20]
2000127a:	4692      	mov	sl, r2
2000127c:	464b      	mov	r3, r9
2000127e:	005b      	lsls	r3, r3, #1
20001280:	444b      	add	r3, r9
20001282:	00db      	lsls	r3, r3, #3
20001284:	469c      	mov	ip, r3
20001286:	44d4      	add	ip, sl
20001288:	4663      	mov	r3, ip
2000128a:	689c      	ldr	r4, [r3, #8]
2000128c:	68dd      	ldr	r5, [r3, #12]
2000128e:	4646      	mov	r6, r8
20001290:	3608      	adds	r6, #8
20001292:	46b3      	mov	fp, r6
20001294:	4643      	mov	r3, r8
20001296:	2208      	movs	r2, #8
20001298:	5e9a      	ldrsh	r2, [r3, r2]
2000129a:	e7cf      	b.n	2000123c <alarm_pool_irq_handler+0x1a8>
2000129c:	2300      	movs	r3, #0
2000129e:	4642      	mov	r2, r8
200012a0:	7193      	strb	r3, [r2, #6]
200012a2:	4641      	mov	r1, r8
200012a4:	3108      	adds	r1, #8
200012a6:	4643      	mov	r3, r8
200012a8:	2008      	movs	r0, #8
200012aa:	5e18      	ldrsh	r0, [r3, r0]
200012ac:	e011      	b.n	200012d2 <alarm_pool_irq_handler+0x23e>
200012ae:	2201      	movs	r2, #1
200012b0:	4252      	negs	r2, r2
200012b2:	17d3      	asrs	r3, r2, #31
200012b4:	60a2      	str	r2, [r4, #8]
200012b6:	60e3      	str	r3, [r4, #12]
200012b8:	4643      	mov	r3, r8
200012ba:	2208      	movs	r2, #8
200012bc:	5e9b      	ldrsh	r3, [r3, r2]
200012be:	4283      	cmp	r3, r0
200012c0:	d006      	beq.n	200012d0 <alarm_pool_irq_handler+0x23c>
200012c2:	800d      	strh	r5, [r1, #0]
200012c4:	4643      	mov	r3, r8
200012c6:	2208      	movs	r2, #8
200012c8:	5e9b      	ldrsh	r3, [r3, r2]
200012ca:	8023      	strh	r3, [r4, #0]
200012cc:	4643      	mov	r3, r8
200012ce:	8118      	strh	r0, [r3, #8]
200012d0:	0028      	movs	r0, r5
200012d2:	1c43      	adds	r3, r0, #1
200012d4:	d02e      	beq.n	20001334 <alarm_pool_irq_handler+0x2a0>
200012d6:	4643      	mov	r3, r8
200012d8:	695a      	ldr	r2, [r3, #20]
200012da:	0043      	lsls	r3, r0, #1
200012dc:	181b      	adds	r3, r3, r0
200012de:	00db      	lsls	r3, r3, #3
200012e0:	18d4      	adds	r4, r2, r3
200012e2:	5ed5      	ldrsh	r5, [r2, r3]
200012e4:	8863      	ldrh	r3, [r4, #2]
200012e6:	b21b      	sxth	r3, r3
200012e8:	2b00      	cmp	r3, #0
200012ea:	dbe0      	blt.n	200012ae <alarm_pool_irq_handler+0x21a>
200012ec:	0021      	movs	r1, r4
200012ee:	e7ef      	b.n	200012d0 <alarm_pool_irq_handler+0x23c>
200012f0:	0022      	movs	r2, r4
200012f2:	002b      	movs	r3, r5
200012f4:	9901      	ldr	r1, [sp, #4]
200012f6:	4822      	ldr	r0, [pc, #136]	@ (20001380 <alarm_pool_irq_handler+0x2ec>)
200012f8:	f7ff fe9c 	bl	20001034 <ta_set_timeout>
200012fc:	4820      	ldr	r0, [pc, #128]	@ (20001380 <alarm_pool_irq_handler+0x2ec>)
200012fe:	f000 fab3 	bl	20001868 <timer_time_us_64>
20001302:	1a24      	subs	r4, r4, r0
20001304:	418d      	sbcs	r5, r1
20001306:	2d00      	cmp	r5, #0
20001308:	dc28      	bgt.n	2000135c <alarm_pool_irq_handler+0x2c8>
2000130a:	d025      	beq.n	20001358 <alarm_pool_irq_handler+0x2c4>
2000130c:	4b1c      	ldr	r3, [pc, #112]	@ (20001380 <alarm_pool_irq_handler+0x2ec>)
2000130e:	9a00      	ldr	r2, [sp, #0]
20001310:	635a      	str	r2, [r3, #52]	@ 0x34
20001312:	4643      	mov	r3, r8
20001314:	2208      	movs	r2, #8
20001316:	5e9b      	ldrsh	r3, [r3, r2]
20001318:	4699      	mov	r9, r3
2000131a:	2b00      	cmp	r3, #0
2000131c:	db00      	blt.n	20001320 <alarm_pool_irq_handler+0x28c>
2000131e:	e6db      	b.n	200010d8 <alarm_pool_irq_handler+0x44>
20001320:	4643      	mov	r3, r8
20001322:	889b      	ldrh	r3, [r3, #4]
20001324:	b21b      	sxth	r3, r3
20001326:	2b00      	cmp	r3, #0
20001328:	db00      	blt.n	2000132c <alarm_pool_irq_handler+0x298>
2000132a:	e76a      	b.n	20001202 <alarm_pool_irq_handler+0x16e>
2000132c:	4643      	mov	r3, r8
2000132e:	799b      	ldrb	r3, [r3, #6]
20001330:	2b00      	cmp	r3, #0
20001332:	d1b3      	bne.n	2000129c <alarm_pool_irq_handler+0x208>
20001334:	4643      	mov	r3, r8
20001336:	2208      	movs	r2, #8
20001338:	5e9a      	ldrsh	r2, [r3, r2]
2000133a:	2a00      	cmp	r2, #0
2000133c:	db0e      	blt.n	2000135c <alarm_pool_irq_handler+0x2c8>
2000133e:	4643      	mov	r3, r8
20001340:	6959      	ldr	r1, [r3, #20]
20001342:	0053      	lsls	r3, r2, #1
20001344:	189b      	adds	r3, r3, r2
20001346:	00db      	lsls	r3, r3, #3
20001348:	18cb      	adds	r3, r1, r3
2000134a:	689c      	ldr	r4, [r3, #8]
2000134c:	68dd      	ldr	r5, [r3, #12]
2000134e:	1c63      	adds	r3, r4, #1
20001350:	d1ce      	bne.n	200012f0 <alarm_pool_irq_handler+0x25c>
20001352:	1c6b      	adds	r3, r5, #1
20001354:	d0d2      	beq.n	200012fc <alarm_pool_irq_handler+0x268>
20001356:	e7cb      	b.n	200012f0 <alarm_pool_irq_handler+0x25c>
20001358:	2c00      	cmp	r4, #0
2000135a:	d0d7      	beq.n	2000130c <alarm_pool_irq_handler+0x278>
2000135c:	bf40      	sev
2000135e:	b003      	add	sp, #12
20001360:	bcf0      	pop	{r4, r5, r6, r7}
20001362:	46bb      	mov	fp, r7
20001364:	46b2      	mov	sl, r6
20001366:	46a9      	mov	r9, r5
20001368:	46a0      	mov	r8, r4
2000136a:	bdf0      	pop	{r4, r5, r6, r7, pc}
2000136c:	2000a4d0 	.word	0x2000a4d0
20001370:	4005703c 	.word	0x4005703c
20001374:	20007314 	.word	0x20007314
20001378:	20007c9c 	.word	0x20007c9c
2000137c:	20007340 	.word	0x20007340
20001380:	40054000 	.word	0x40054000
20001384:	20001095 	.word	0x20001095

20001388 <ta_enable_irq_handler>:
20001388:	b570      	push	{r4, r5, r6, lr}
2000138a:	0004      	movs	r4, r0
2000138c:	000d      	movs	r5, r1
2000138e:	0011      	movs	r1, r2
20001390:	2601      	movs	r6, #1
20001392:	40ae      	lsls	r6, r5
20001394:	6206      	str	r6, [r0, #32]
20001396:	0028      	movs	r0, r5
20001398:	f7ff fc3a 	bl	20000c10 <irq_set_exclusive_handler>
2000139c:	2101      	movs	r1, #1
2000139e:	0028      	movs	r0, r5
200013a0:	f7ff fc24 	bl	20000bec <irq_set_enabled>
200013a4:	4b02      	ldr	r3, [pc, #8]	@ (200013b0 <ta_enable_irq_handler+0x28>)
200013a6:	469c      	mov	ip, r3
200013a8:	4464      	add	r4, ip
200013aa:	6026      	str	r6, [r4, #0]
200013ac:	bd70      	pop	{r4, r5, r6, pc}
200013ae:	46c0      	nop			@ (mov r8, r8)
200013b0:	00002038 	.word	0x00002038

200013b4 <alarm_pool_post_alloc_init>:
200013b4:	b5f8      	push	{r3, r4, r5, r6, r7, lr}
200013b6:	0004      	movs	r4, r0
200013b8:	000f      	movs	r7, r1
200013ba:	0016      	movs	r6, r2
200013bc:	001d      	movs	r5, r3
200013be:	60c1      	str	r1, [r0, #12]
200013c0:	f7ff fb6a 	bl	20000a98 <next_striped_spin_lock_num>
200013c4:	4b12      	ldr	r3, [pc, #72]	@ (20001410 <alarm_pool_post_alloc_init+0x5c>)
200013c6:	469c      	mov	ip, r3
200013c8:	4460      	add	r0, ip
200013ca:	0080      	lsls	r0, r0, #2
200013cc:	6120      	str	r0, [r4, #16]
200013ce:	7026      	strb	r6, [r4, #0]
200013d0:	b2ab      	uxth	r3, r5
200013d2:	8163      	strh	r3, [r4, #10]
200013d4:	22d0      	movs	r2, #208	@ 0xd0
200013d6:	0612      	lsls	r2, r2, #24
200013d8:	7812      	ldrb	r2, [r2, #0]
200013da:	7062      	strb	r2, [r4, #1]
200013dc:	2201      	movs	r2, #1
200013de:	4252      	negs	r2, r2
200013e0:	8122      	strh	r2, [r4, #8]
200013e2:	80a2      	strh	r2, [r4, #4]
200013e4:	189b      	adds	r3, r3, r2
200013e6:	8063      	strh	r3, [r4, #2]
200013e8:	2300      	movs	r3, #0
200013ea:	e006      	b.n	200013fa <alarm_pool_post_alloc_init+0x46>
200013ec:	1e58      	subs	r0, r3, #1
200013ee:	6961      	ldr	r1, [r4, #20]
200013f0:	005a      	lsls	r2, r3, #1
200013f2:	18d2      	adds	r2, r2, r3
200013f4:	00d2      	lsls	r2, r2, #3
200013f6:	5288      	strh	r0, [r1, r2]
200013f8:	3301      	adds	r3, #1
200013fa:	42ab      	cmp	r3, r5
200013fc:	d3f6      	bcc.n	200013ec <alarm_pool_post_alloc_init+0x38>
200013fe:	4b05      	ldr	r3, [pc, #20]	@ (20001414 <alarm_pool_post_alloc_init+0x60>)
20001400:	00b2      	lsls	r2, r6, #2
20001402:	50d4      	str	r4, [r2, r3]
20001404:	4a04      	ldr	r2, [pc, #16]	@ (20001418 <alarm_pool_post_alloc_init+0x64>)
20001406:	0031      	movs	r1, r6
20001408:	0038      	movs	r0, r7
2000140a:	f7ff ffbd 	bl	20001388 <ta_enable_irq_handler>
2000140e:	bdf8      	pop	{r3, r4, r5, r6, r7, pc}
20001410:	34000040 	.word	0x34000040
20001414:	2000a4d0 	.word	0x2000a4d0
20001418:	20001095 	.word	0x20001095

2000141c <alarm_pool_get_default>:
2000141c:	b510      	push	{r4, lr}
2000141e:	4b06      	ldr	r3, [pc, #24]	@ (20001438 <alarm_pool_get_default+0x1c>)
20001420:	691b      	ldr	r3, [r3, #16]
20001422:	2b00      	cmp	r3, #0
20001424:	d001      	beq.n	2000142a <alarm_pool_get_default+0xe>
20001426:	4804      	ldr	r0, [pc, #16]	@ (20001438 <alarm_pool_get_default+0x1c>)
20001428:	bd10      	pop	{r4, pc}
2000142a:	4b04      	ldr	r3, [pc, #16]	@ (2000143c <alarm_pool_get_default+0x20>)
2000142c:	4a04      	ldr	r2, [pc, #16]	@ (20001440 <alarm_pool_get_default+0x24>)
2000142e:	4805      	ldr	r0, [pc, #20]	@ (20001444 <alarm_pool_get_default+0x28>)
20001430:	2165      	movs	r1, #101	@ 0x65
20001432:	f002 fdf3 	bl	2000401c <__assert_func>
20001436:	46c0      	nop			@ (mov r8, r8)
20001438:	20007eb8 	.word	0x20007eb8
2000143c:	20007380 	.word	0x20007380
20001440:	20007c84 	.word	0x20007c84
20001444:	20007340 	.word	0x20007340

20001448 <alarm_pool_add_alarm_at_force_in_context>:
20001448:	b5f8      	push	{r3, r4, r5, r6, r7, lr}
2000144a:	0004      	movs	r4, r0
2000144c:	6905      	ldr	r5, [r0, #16]
2000144e:	f3ef 8010 	mrs	r0, PRIMASK
20001452:	b672      	cpsid	i
20001454:	6829      	ldr	r1, [r5, #0]
20001456:	2900      	cmp	r1, #0
20001458:	d0fc      	beq.n	20001454 <alarm_pool_add_alarm_at_force_in_context+0xc>
2000145a:	f3bf 8f5f 	dmb	sy
2000145e:	2102      	movs	r1, #2
20001460:	5e66      	ldrsh	r6, [r4, r1]
20001462:	6965      	ldr	r5, [r4, #20]
20001464:	0071      	lsls	r1, r6, #1
20001466:	1989      	adds	r1, r1, r6
20001468:	00c9      	lsls	r1, r1, #3
2000146a:	186d      	adds	r5, r5, r1
2000146c:	2e00      	cmp	r6, #0
2000146e:	db02      	blt.n	20001476 <alarm_pool_add_alarm_at_force_in_context+0x2e>
20001470:	2700      	movs	r7, #0
20001472:	5fe9      	ldrsh	r1, [r5, r7]
20001474:	8061      	strh	r1, [r4, #2]
20001476:	6921      	ldr	r1, [r4, #16]
20001478:	f3bf 8f5f 	dmb	sy
2000147c:	2700      	movs	r7, #0
2000147e:	600f      	str	r7, [r1, #0]
20001480:	f380 8810 	msr	PRIMASK, r0
20001484:	2e00      	cmp	r6, #0
20001486:	db2c      	blt.n	200014e2 <alarm_pool_add_alarm_at_force_in_context+0x9a>
20001488:	9906      	ldr	r1, [sp, #24]
2000148a:	6129      	str	r1, [r5, #16]
2000148c:	9907      	ldr	r1, [sp, #28]
2000148e:	6169      	str	r1, [r5, #20]
20001490:	60aa      	str	r2, [r5, #8]
20001492:	60eb      	str	r3, [r5, #12]
20001494:	886b      	ldrh	r3, [r5, #2]
20001496:	3301      	adds	r3, #1
20001498:	045b      	lsls	r3, r3, #17
2000149a:	0c59      	lsrs	r1, r3, #17
2000149c:	2b00      	cmp	r3, #0
2000149e:	d100      	bne.n	200014a2 <alarm_pool_add_alarm_at_force_in_context+0x5a>
200014a0:	2101      	movs	r1, #1
200014a2:	8069      	strh	r1, [r5, #2]
200014a4:	0030      	movs	r0, r6
200014a6:	f7ff fdd9 	bl	2000105c <make_alarm_id>
200014aa:	6921      	ldr	r1, [r4, #16]
200014ac:	f3ef 8310 	mrs	r3, PRIMASK
200014b0:	b672      	cpsid	i
200014b2:	680a      	ldr	r2, [r1, #0]
200014b4:	2a00      	cmp	r2, #0
200014b6:	d0fc      	beq.n	200014b2 <alarm_pool_add_alarm_at_force_in_context+0x6a>
200014b8:	f3bf 8f5f 	dmb	sy
200014bc:	88a2      	ldrh	r2, [r4, #4]
200014be:	802a      	strh	r2, [r5, #0]
200014c0:	80a6      	strh	r6, [r4, #4]
200014c2:	6922      	ldr	r2, [r4, #16]
200014c4:	f3bf 8f5f 	dmb	sy
200014c8:	2100      	movs	r1, #0
200014ca:	6011      	str	r1, [r2, #0]
200014cc:	f383 8810 	msr	PRIMASK, r3
200014d0:	68e3      	ldr	r3, [r4, #12]
200014d2:	7821      	ldrb	r1, [r4, #0]
200014d4:	2201      	movs	r2, #1
200014d6:	408a      	lsls	r2, r1
200014d8:	4903      	ldr	r1, [pc, #12]	@ (200014e8 <alarm_pool_add_alarm_at_force_in_context+0xa0>)
200014da:	468c      	mov	ip, r1
200014dc:	4463      	add	r3, ip
200014de:	601a      	str	r2, [r3, #0]
200014e0:	bdf8      	pop	{r3, r4, r5, r6, r7, pc}
200014e2:	2001      	movs	r0, #1
200014e4:	4240      	negs	r0, r0
200014e6:	e7fb      	b.n	200014e0 <alarm_pool_add_alarm_at_force_in_context+0x98>
200014e8:	0000203c 	.word	0x0000203c

200014ec <alarm_pool_add_alarm_at>:
200014ec:	b570      	push	{r4, r5, r6, lr}
200014ee:	b082      	sub	sp, #8
200014f0:	0006      	movs	r6, r0
200014f2:	0014      	movs	r4, r2
200014f4:	001d      	movs	r5, r3
200014f6:	ab08      	add	r3, sp, #32
200014f8:	781b      	ldrb	r3, [r3, #0]
200014fa:	2b00      	cmp	r3, #0
200014fc:	d107      	bne.n	2000150e <alarm_pool_add_alarm_at+0x22>
200014fe:	f000 f9e3 	bl	200018c8 <time_us_64>
20001502:	0022      	movs	r2, r4
20001504:	002b      	movs	r3, r5
20001506:	1a12      	subs	r2, r2, r0
20001508:	418b      	sbcs	r3, r1
2000150a:	2b00      	cmp	r3, #0
2000150c:	db0a      	blt.n	20001524 <alarm_pool_add_alarm_at+0x38>
2000150e:	9b07      	ldr	r3, [sp, #28]
20001510:	9301      	str	r3, [sp, #4]
20001512:	9b06      	ldr	r3, [sp, #24]
20001514:	9300      	str	r3, [sp, #0]
20001516:	0022      	movs	r2, r4
20001518:	002b      	movs	r3, r5
2000151a:	0030      	movs	r0, r6
2000151c:	f7ff ff94 	bl	20001448 <alarm_pool_add_alarm_at_force_in_context>
20001520:	b002      	add	sp, #8
20001522:	bd70      	pop	{r4, r5, r6, pc}
20001524:	2000      	movs	r0, #0
20001526:	e7fb      	b.n	20001520 <alarm_pool_add_alarm_at+0x34>

20001528 <add_alarm_at>:
20001528:	b5f0      	push	{r4, r5, r6, r7, lr}
2000152a:	46c6      	mov	lr, r8
2000152c:	b500      	push	{lr}
2000152e:	b084      	sub	sp, #16
20001530:	4680      	mov	r8, r0
20001532:	000f      	movs	r7, r1
20001534:	0016      	movs	r6, r2
20001536:	001d      	movs	r5, r3
20001538:	ab0a      	add	r3, sp, #40	@ 0x28
2000153a:	781c      	ldrb	r4, [r3, #0]
2000153c:	f7ff ff6e 	bl	2000141c <alarm_pool_get_default>
20001540:	9402      	str	r4, [sp, #8]
20001542:	9501      	str	r5, [sp, #4]
20001544:	9600      	str	r6, [sp, #0]
20001546:	4642      	mov	r2, r8
20001548:	003b      	movs	r3, r7
2000154a:	f7ff ffcf 	bl	200014ec <alarm_pool_add_alarm_at>
2000154e:	b004      	add	sp, #16
20001550:	bc80      	pop	{r7}
20001552:	46b8      	mov	r8, r7
20001554:	bdf0      	pop	{r4, r5, r6, r7, pc}
	...

20001558 <alarm_pool_cancel_alarm>:
20001558:	b530      	push	{r4, r5, lr}
2000155a:	0004      	movs	r4, r0
2000155c:	140a      	asrs	r2, r1, #16
2000155e:	8943      	ldrh	r3, [r0, #10]
20001560:	429a      	cmp	r2, r3
20001562:	da30      	bge.n	200015c6 <alarm_pool_cancel_alarm+0x6e>
20001564:	6940      	ldr	r0, [r0, #20]
20001566:	0053      	lsls	r3, r2, #1
20001568:	189b      	adds	r3, r3, r2
2000156a:	00db      	lsls	r3, r3, #3
2000156c:	18c3      	adds	r3, r0, r3
2000156e:	6922      	ldr	r2, [r4, #16]
20001570:	4694      	mov	ip, r2
20001572:	f3ef 8210 	mrs	r2, PRIMASK
20001576:	b672      	cpsid	i
20001578:	4660      	mov	r0, ip
2000157a:	6800      	ldr	r0, [r0, #0]
2000157c:	2800      	cmp	r0, #0
2000157e:	d0fb      	beq.n	20001578 <alarm_pool_cancel_alarm+0x20>
20001580:	f3bf 8f5f 	dmb	sy
20001584:	8858      	ldrh	r0, [r3, #2]
20001586:	b285      	uxth	r5, r0
20001588:	0409      	lsls	r1, r1, #16
2000158a:	0c09      	lsrs	r1, r1, #16
2000158c:	4288      	cmp	r0, r1
2000158e:	d012      	beq.n	200015b6 <alarm_pool_cancel_alarm+0x5e>
20001590:	2000      	movs	r0, #0
20001592:	6923      	ldr	r3, [r4, #16]
20001594:	f3bf 8f5f 	dmb	sy
20001598:	2100      	movs	r1, #0
2000159a:	6019      	str	r1, [r3, #0]
2000159c:	f382 8810 	msr	PRIMASK, r2
200015a0:	2800      	cmp	r0, #0
200015a2:	d011      	beq.n	200015c8 <alarm_pool_cancel_alarm+0x70>
200015a4:	68e3      	ldr	r3, [r4, #12]
200015a6:	7821      	ldrb	r1, [r4, #0]
200015a8:	2201      	movs	r2, #1
200015aa:	408a      	lsls	r2, r1
200015ac:	4907      	ldr	r1, [pc, #28]	@ (200015cc <alarm_pool_cancel_alarm+0x74>)
200015ae:	468c      	mov	ip, r1
200015b0:	4463      	add	r3, ip
200015b2:	601a      	str	r2, [r3, #0]
200015b4:	e008      	b.n	200015c8 <alarm_pool_cancel_alarm+0x70>
200015b6:	4906      	ldr	r1, [pc, #24]	@ (200015d0 <alarm_pool_cancel_alarm+0x78>)
200015b8:	4329      	orrs	r1, r5
200015ba:	b289      	uxth	r1, r1
200015bc:	8059      	strh	r1, [r3, #2]
200015be:	2301      	movs	r3, #1
200015c0:	71a3      	strb	r3, [r4, #6]
200015c2:	2001      	movs	r0, #1
200015c4:	e7e5      	b.n	20001592 <alarm_pool_cancel_alarm+0x3a>
200015c6:	2000      	movs	r0, #0
200015c8:	bd30      	pop	{r4, r5, pc}
200015ca:	46c0      	nop			@ (mov r8, r8)
200015cc:	0000203c 	.word	0x0000203c
200015d0:	ffff8000 	.word	0xffff8000

200015d4 <cancel_alarm>:
200015d4:	b510      	push	{r4, lr}
200015d6:	0004      	movs	r4, r0
200015d8:	f7ff ff20 	bl	2000141c <alarm_pool_get_default>
200015dc:	0021      	movs	r1, r4
200015de:	f7ff ffbb 	bl	20001558 <alarm_pool_cancel_alarm>
200015e2:	bd10      	pop	{r4, pc}

200015e4 <sleep_until>:
200015e4:	b5f0      	push	{r4, r5, r6, r7, lr}
200015e6:	b083      	sub	sp, #12
200015e8:	0006      	movs	r6, r0
200015ea:	000f      	movs	r7, r1
200015ec:	f3ef 8305 	mrs	r3, IPSR
200015f0:	2b00      	cmp	r3, #0
200015f2:	d11a      	bne.n	2000162a <sleep_until+0x46>
200015f4:	2406      	movs	r4, #6
200015f6:	4264      	negs	r4, r4
200015f8:	17e5      	asrs	r5, r4, #31
200015fa:	19a4      	adds	r4, r4, r6
200015fc:	417d      	adcs	r5, r7
200015fe:	428d      	cmp	r5, r1
20001600:	d802      	bhi.n	20001608 <sleep_until+0x24>
20001602:	d103      	bne.n	2000160c <sleep_until+0x28>
20001604:	4284      	cmp	r4, r0
20001606:	d901      	bls.n	2000160c <sleep_until+0x28>
20001608:	2400      	movs	r4, #0
2000160a:	2500      	movs	r5, #0
2000160c:	f000 f95c 	bl	200018c8 <time_us_64>
20001610:	0022      	movs	r2, r4
20001612:	002b      	movs	r3, r5
20001614:	1a12      	subs	r2, r2, r0
20001616:	418b      	sbcs	r3, r1
20001618:	2b00      	cmp	r3, #0
2000161a:	dc0b      	bgt.n	20001634 <sleep_until+0x50>
2000161c:	d008      	beq.n	20001630 <sleep_until+0x4c>
2000161e:	0030      	movs	r0, r6
20001620:	0039      	movs	r1, r7
20001622:	f000 f963 	bl	200018ec <busy_wait_until>
20001626:	b003      	add	sp, #12
20001628:	bdf0      	pop	{r4, r5, r6, r7, pc}
2000162a:	4816      	ldr	r0, [pc, #88]	@ (20001684 <sleep_until+0xa0>)
2000162c:	f7ff f9c2 	bl	200009b4 <panic>
20001630:	2a00      	cmp	r2, #0
20001632:	d0f4      	beq.n	2000161e <sleep_until+0x3a>
20001634:	4a14      	ldr	r2, [pc, #80]	@ (20001688 <sleep_until+0xa4>)
20001636:	2300      	movs	r3, #0
20001638:	9300      	str	r3, [sp, #0]
2000163a:	0020      	movs	r0, r4
2000163c:	0029      	movs	r1, r5
2000163e:	f7ff ff73 	bl	20001528 <add_alarm_at>
20001642:	2800      	cmp	r0, #0
20001644:	da13      	bge.n	2000166e <sleep_until+0x8a>
20001646:	e7ea      	b.n	2000161e <sleep_until+0x3a>
20001648:	4b10      	ldr	r3, [pc, #64]	@ (2000168c <sleep_until+0xa8>)
2000164a:	6819      	ldr	r1, [r3, #0]
2000164c:	f3ef 8310 	mrs	r3, PRIMASK
20001650:	b672      	cpsid	i
20001652:	680a      	ldr	r2, [r1, #0]
20001654:	2a00      	cmp	r2, #0
20001656:	d0fc      	beq.n	20001652 <sleep_until+0x6e>
20001658:	f3bf 8f5f 	dmb	sy
2000165c:	4a0b      	ldr	r2, [pc, #44]	@ (2000168c <sleep_until+0xa8>)
2000165e:	6812      	ldr	r2, [r2, #0]
20001660:	f3bf 8f5f 	dmb	sy
20001664:	2100      	movs	r1, #0
20001666:	6011      	str	r1, [r2, #0]
20001668:	f383 8810 	msr	PRIMASK, r3
2000166c:	bf20      	wfe
2000166e:	4b08      	ldr	r3, [pc, #32]	@ (20001690 <sleep_until+0xac>)
20001670:	6a5b      	ldr	r3, [r3, #36]	@ 0x24
20001672:	429d      	cmp	r5, r3
20001674:	d8e8      	bhi.n	20001648 <sleep_until+0x64>
20001676:	4906      	ldr	r1, [pc, #24]	@ (20001690 <sleep_until+0xac>)
20001678:	6a89      	ldr	r1, [r1, #40]	@ 0x28
2000167a:	42a1      	cmp	r1, r4
2000167c:	d2cf      	bcs.n	2000161e <sleep_until+0x3a>
2000167e:	429d      	cmp	r5, r3
20001680:	d1cd      	bne.n	2000161e <sleep_until+0x3a>
20001682:	e7e1      	b.n	20001648 <sleep_until+0x64>
20001684:	200073a4 	.word	0x200073a4
20001688:	20001065 	.word	0x20001065
2000168c:	2000a6e4 	.word	0x2000a6e4
20001690:	40054000 	.word	0x40054000

20001694 <sleep_us>:
20001694:	b570      	push	{r4, r5, r6, lr}
20001696:	0004      	movs	r4, r0
20001698:	000d      	movs	r5, r1
2000169a:	f000 f915 	bl	200018c8 <time_us_64>
2000169e:	0022      	movs	r2, r4
200016a0:	002b      	movs	r3, r5
200016a2:	1812      	adds	r2, r2, r0
200016a4:	414b      	adcs	r3, r1
200016a6:	0010      	movs	r0, r2
200016a8:	1e19      	subs	r1, r3, #0
200016aa:	db02      	blt.n	200016b2 <sleep_us+0x1e>
200016ac:	f7ff ff9a 	bl	200015e4 <sleep_until>
200016b0:	bd70      	pop	{r4, r5, r6, pc}
200016b2:	2001      	movs	r0, #1
200016b4:	4240      	negs	r0, r0
200016b6:	4901      	ldr	r1, [pc, #4]	@ (200016bc <sleep_us+0x28>)
200016b8:	e7f8      	b.n	200016ac <sleep_us+0x18>
200016ba:	46c0      	nop			@ (mov r8, r8)
200016bc:	7fffffff 	.word	0x7fffffff

200016c0 <sleep_ms>:
200016c0:	b510      	push	{r4, lr}
200016c2:	22fa      	movs	r2, #250	@ 0xfa
200016c4:	0092      	lsls	r2, r2, #2
200016c6:	2300      	movs	r3, #0
200016c8:	2100      	movs	r1, #0
200016ca:	f001 facf 	bl	20002c6c <__wrap___aeabi_lmul>
200016ce:	f7ff ffe1 	bl	20001694 <sleep_us>
200016d2:	bd10      	pop	{r4, pc}

200016d4 <best_effort_wfe_or_timeout>:
200016d4:	b5f0      	push	{r4, r5, r6, r7, lr}
200016d6:	46c6      	mov	lr, r8
200016d8:	b500      	push	{lr}
200016da:	b084      	sub	sp, #16
200016dc:	4680      	mov	r8, r0
200016de:	9103      	str	r1, [sp, #12]
200016e0:	f3ef 8305 	mrs	r3, IPSR
200016e4:	2b00      	cmp	r3, #0
200016e6:	d12b      	bne.n	20001740 <best_effort_wfe_or_timeout+0x6c>
200016e8:	4b47      	ldr	r3, [pc, #284]	@ (20001808 <best_effort_wfe_or_timeout+0x134>)
200016ea:	681a      	ldr	r2, [r3, #0]
200016ec:	685b      	ldr	r3, [r3, #4]
200016ee:	4282      	cmp	r2, r0
200016f0:	d039      	beq.n	20001766 <best_effort_wfe_or_timeout+0x92>
200016f2:	f7ff fe93 	bl	2000141c <alarm_pool_get_default>
200016f6:	68c3      	ldr	r3, [r0, #12]
200016f8:	001f      	movs	r7, r3
200016fa:	7806      	ldrb	r6, [r0, #0]
200016fc:	4642      	mov	r2, r8
200016fe:	0014      	movs	r4, r2
20001700:	9a03      	ldr	r2, [sp, #12]
20001702:	0015      	movs	r5, r2
20001704:	0018      	movs	r0, r3
20001706:	f000 f8af 	bl	20001868 <timer_time_us_64>
2000170a:	0002      	movs	r2, r0
2000170c:	000b      	movs	r3, r1
2000170e:	1aa4      	subs	r4, r4, r2
20001710:	419d      	sbcs	r5, r3
20001712:	0022      	movs	r2, r4
20001714:	1d31      	adds	r1, r6, #4
20001716:	0089      	lsls	r1, r1, #2
20001718:	59c9      	ldr	r1, [r1, r7]
2000171a:	1a09      	subs	r1, r1, r0
2000171c:	2000      	movs	r0, #0
2000171e:	42a8      	cmp	r0, r5
20001720:	dc27      	bgt.n	20001772 <best_effort_wfe_or_timeout+0x9e>
20001722:	d024      	beq.n	2000176e <best_effort_wfe_or_timeout+0x9a>
20001724:	bf20      	wfe
20001726:	9a03      	ldr	r2, [sp, #12]
20001728:	4b38      	ldr	r3, [pc, #224]	@ (2000180c <best_effort_wfe_or_timeout+0x138>)
2000172a:	6a5b      	ldr	r3, [r3, #36]	@ 0x24
2000172c:	429a      	cmp	r2, r3
2000172e:	d84b      	bhi.n	200017c8 <best_effort_wfe_or_timeout+0xf4>
20001730:	4936      	ldr	r1, [pc, #216]	@ (2000180c <best_effort_wfe_or_timeout+0x138>)
20001732:	6a89      	ldr	r1, [r1, #40]	@ 0x28
20001734:	4541      	cmp	r1, r8
20001736:	d24c      	bcs.n	200017d2 <best_effort_wfe_or_timeout+0xfe>
20001738:	429a      	cmp	r2, r3
2000173a:	d043      	beq.n	200017c4 <best_effort_wfe_or_timeout+0xf0>
2000173c:	2001      	movs	r0, #1
2000173e:	e044      	b.n	200017ca <best_effort_wfe_or_timeout+0xf6>
20001740:	000b      	movs	r3, r1
20001742:	4a32      	ldr	r2, [pc, #200]	@ (2000180c <best_effort_wfe_or_timeout+0x138>)
20001744:	6a52      	ldr	r2, [r2, #36]	@ 0x24
20001746:	428a      	cmp	r2, r1
20001748:	d309      	bcc.n	2000175e <best_effort_wfe_or_timeout+0x8a>
2000174a:	4930      	ldr	r1, [pc, #192]	@ (2000180c <best_effort_wfe_or_timeout+0x138>)
2000174c:	6a89      	ldr	r1, [r1, #40]	@ 0x28
2000174e:	4288      	cmp	r0, r1
20001750:	d907      	bls.n	20001762 <best_effort_wfe_or_timeout+0x8e>
20001752:	429a      	cmp	r2, r3
20001754:	d001      	beq.n	2000175a <best_effort_wfe_or_timeout+0x86>
20001756:	2001      	movs	r0, #1
20001758:	e037      	b.n	200017ca <best_effort_wfe_or_timeout+0xf6>
2000175a:	2000      	movs	r0, #0
2000175c:	e035      	b.n	200017ca <best_effort_wfe_or_timeout+0xf6>
2000175e:	2000      	movs	r0, #0
20001760:	e033      	b.n	200017ca <best_effort_wfe_or_timeout+0xf6>
20001762:	2001      	movs	r0, #1
20001764:	e031      	b.n	200017ca <best_effort_wfe_or_timeout+0xf6>
20001766:	9a03      	ldr	r2, [sp, #12]
20001768:	4293      	cmp	r3, r2
2000176a:	d1c2      	bne.n	200016f2 <best_effort_wfe_or_timeout+0x1e>
2000176c:	e7da      	b.n	20001724 <best_effort_wfe_or_timeout+0x50>
2000176e:	4291      	cmp	r1, r2
20001770:	d9d8      	bls.n	20001724 <best_effort_wfe_or_timeout+0x50>
20001772:	4a27      	ldr	r2, [pc, #156]	@ (20001810 <best_effort_wfe_or_timeout+0x13c>)
20001774:	2300      	movs	r3, #0
20001776:	9300      	str	r3, [sp, #0]
20001778:	4645      	mov	r5, r8
2000177a:	0028      	movs	r0, r5
2000177c:	9c03      	ldr	r4, [sp, #12]
2000177e:	0021      	movs	r1, r4
20001780:	f7ff fed2 	bl	20001528 <add_alarm_at>
20001784:	2800      	cmp	r0, #0
20001786:	dd26      	ble.n	200017d6 <best_effort_wfe_or_timeout+0x102>
20001788:	4b1f      	ldr	r3, [pc, #124]	@ (20001808 <best_effort_wfe_or_timeout+0x134>)
2000178a:	601d      	str	r5, [r3, #0]
2000178c:	9903      	ldr	r1, [sp, #12]
2000178e:	6059      	str	r1, [r3, #4]
20001790:	000d      	movs	r5, r1
20001792:	4b1e      	ldr	r3, [pc, #120]	@ (2000180c <best_effort_wfe_or_timeout+0x138>)
20001794:	6a5b      	ldr	r3, [r3, #36]	@ 0x24
20001796:	4299      	cmp	r1, r3
20001798:	d805      	bhi.n	200017a6 <best_effort_wfe_or_timeout+0xd2>
2000179a:	4a1c      	ldr	r2, [pc, #112]	@ (2000180c <best_effort_wfe_or_timeout+0x138>)
2000179c:	6a92      	ldr	r2, [r2, #40]	@ 0x28
2000179e:	4542      	cmp	r2, r8
200017a0:	d202      	bcs.n	200017a8 <best_effort_wfe_or_timeout+0xd4>
200017a2:	4299      	cmp	r1, r3
200017a4:	d100      	bne.n	200017a8 <best_effort_wfe_or_timeout+0xd4>
200017a6:	bf20      	wfe
200017a8:	f7ff ff14 	bl	200015d4 <cancel_alarm>
200017ac:	4b17      	ldr	r3, [pc, #92]	@ (2000180c <best_effort_wfe_or_timeout+0x138>)
200017ae:	6a5b      	ldr	r3, [r3, #36]	@ 0x24
200017b0:	429d      	cmp	r5, r3
200017b2:	d824      	bhi.n	200017fe <best_effort_wfe_or_timeout+0x12a>
200017b4:	4a15      	ldr	r2, [pc, #84]	@ (2000180c <best_effort_wfe_or_timeout+0x138>)
200017b6:	6a92      	ldr	r2, [r2, #40]	@ 0x28
200017b8:	4542      	cmp	r2, r8
200017ba:	d222      	bcs.n	20001802 <best_effort_wfe_or_timeout+0x12e>
200017bc:	429d      	cmp	r5, r3
200017be:	d01c      	beq.n	200017fa <best_effort_wfe_or_timeout+0x126>
200017c0:	2001      	movs	r0, #1
200017c2:	e002      	b.n	200017ca <best_effort_wfe_or_timeout+0xf6>
200017c4:	2000      	movs	r0, #0
200017c6:	e000      	b.n	200017ca <best_effort_wfe_or_timeout+0xf6>
200017c8:	2000      	movs	r0, #0
200017ca:	b004      	add	sp, #16
200017cc:	bc80      	pop	{r7}
200017ce:	46b8      	mov	r8, r7
200017d0:	bdf0      	pop	{r4, r5, r6, r7, pc}
200017d2:	2001      	movs	r0, #1
200017d4:	e7f9      	b.n	200017ca <best_effort_wfe_or_timeout+0xf6>
200017d6:	4b0d      	ldr	r3, [pc, #52]	@ (2000180c <best_effort_wfe_or_timeout+0x138>)
200017d8:	6a5b      	ldr	r3, [r3, #36]	@ 0x24
200017da:	429c      	cmp	r4, r3
200017dc:	d809      	bhi.n	200017f2 <best_effort_wfe_or_timeout+0x11e>
200017de:	490b      	ldr	r1, [pc, #44]	@ (2000180c <best_effort_wfe_or_timeout+0x138>)
200017e0:	6a89      	ldr	r1, [r1, #40]	@ 0x28
200017e2:	4541      	cmp	r1, r8
200017e4:	d207      	bcs.n	200017f6 <best_effort_wfe_or_timeout+0x122>
200017e6:	429c      	cmp	r4, r3
200017e8:	d001      	beq.n	200017ee <best_effort_wfe_or_timeout+0x11a>
200017ea:	2001      	movs	r0, #1
200017ec:	e7ed      	b.n	200017ca <best_effort_wfe_or_timeout+0xf6>
200017ee:	2000      	movs	r0, #0
200017f0:	e7eb      	b.n	200017ca <best_effort_wfe_or_timeout+0xf6>
200017f2:	2000      	movs	r0, #0
200017f4:	e7e9      	b.n	200017ca <best_effort_wfe_or_timeout+0xf6>
200017f6:	2001      	movs	r0, #1
200017f8:	e7e7      	b.n	200017ca <best_effort_wfe_or_timeout+0xf6>
200017fa:	2000      	movs	r0, #0
200017fc:	e7e5      	b.n	200017ca <best_effort_wfe_or_timeout+0xf6>
200017fe:	2000      	movs	r0, #0
20001800:	e7e3      	b.n	200017ca <best_effort_wfe_or_timeout+0xf6>
20001802:	2001      	movs	r0, #1
20001804:	e7e1      	b.n	200017ca <best_effort_wfe_or_timeout+0xf6>
20001806:	46c0      	nop			@ (mov r8, r8)
20001808:	20007eb0 	.word	0x20007eb0
2000180c:	40054000 	.word	0x40054000
20001810:	20001065 	.word	0x20001065

20001814 <alarm_pool_get_default_timer>:
20001814:	4800      	ldr	r0, [pc, #0]	@ (20001818 <alarm_pool_get_default_timer+0x4>)
20001816:	4770      	bx	lr
20001818:	40054000 	.word	0x40054000

2000181c <runtime_init_default_alarm_pool>:
2000181c:	b510      	push	{r4, lr}
2000181e:	4b0b      	ldr	r3, [pc, #44]	@ (2000184c <runtime_init_default_alarm_pool+0x30>)
20001820:	691b      	ldr	r3, [r3, #16]
20001822:	2b00      	cmp	r3, #0
20001824:	d004      	beq.n	20001830 <runtime_init_default_alarm_pool+0x14>
20001826:	480a      	ldr	r0, [pc, #40]	@ (20001850 <runtime_init_default_alarm_pool+0x34>)
20001828:	210a      	movs	r1, #10
2000182a:	f7ff fba5 	bl	20000f78 <lock_init>
2000182e:	bd10      	pop	{r4, pc}
20001830:	f7ff fff0 	bl	20001814 <alarm_pool_get_default_timer>
20001834:	0004      	movs	r4, r0
20001836:	2103      	movs	r1, #3
20001838:	f000 f80c 	bl	20001854 <timer_hardware_alarm_claim>
2000183c:	4803      	ldr	r0, [pc, #12]	@ (2000184c <runtime_init_default_alarm_pool+0x30>)
2000183e:	2310      	movs	r3, #16
20001840:	2203      	movs	r2, #3
20001842:	0021      	movs	r1, r4
20001844:	f7ff fdb6 	bl	200013b4 <alarm_pool_post_alloc_init>
20001848:	e7ed      	b.n	20001826 <runtime_init_default_alarm_pool+0xa>
2000184a:	46c0      	nop			@ (mov r8, r8)
2000184c:	20007eb8 	.word	0x20007eb8
20001850:	2000a6e4 	.word	0x2000a6e4

20001854 <timer_hardware_alarm_claim>:
20001854:	b510      	push	{r4, lr}
20001856:	4a02      	ldr	r2, [pc, #8]	@ (20001860 <timer_hardware_alarm_claim+0xc>)
20001858:	4802      	ldr	r0, [pc, #8]	@ (20001864 <timer_hardware_alarm_claim+0x10>)
2000185a:	f7ff f8d9 	bl	20000a10 <hw_claim_or_assert>
2000185e:	bd10      	pop	{r4, pc}
20001860:	200073f4 	.word	0x200073f4
20001864:	2000a068 	.word	0x2000a068

20001868 <timer_time_us_64>:
20001868:	0002      	movs	r2, r0
2000186a:	6a43      	ldr	r3, [r0, #36]	@ 0x24
2000186c:	6a90      	ldr	r0, [r2, #40]	@ 0x28
2000186e:	0019      	movs	r1, r3
20001870:	6a53      	ldr	r3, [r2, #36]	@ 0x24
20001872:	4299      	cmp	r1, r3
20001874:	d1fa      	bne.n	2000186c <timer_time_us_64+0x4>
20001876:	4770      	bx	lr

20001878 <timer_busy_wait_until>:
20001878:	6a41      	ldr	r1, [r0, #36]	@ 0x24
2000187a:	e000      	b.n	2000187e <timer_busy_wait_until+0x6>
2000187c:	6a41      	ldr	r1, [r0, #36]	@ 0x24
2000187e:	4299      	cmp	r1, r3
20001880:	d3fc      	bcc.n	2000187c <timer_busy_wait_until+0x4>
20001882:	e000      	b.n	20001886 <timer_busy_wait_until+0xe>
20001884:	6a41      	ldr	r1, [r0, #36]	@ 0x24
20001886:	4299      	cmp	r1, r3
20001888:	d102      	bne.n	20001890 <timer_busy_wait_until+0x18>
2000188a:	6a81      	ldr	r1, [r0, #40]	@ 0x28
2000188c:	4291      	cmp	r1, r2
2000188e:	d3f9      	bcc.n	20001884 <timer_busy_wait_until+0xc>
20001890:	4770      	bx	lr

20001892 <timer_busy_wait_us>:
20001892:	b570      	push	{r4, r5, r6, lr}
20001894:	0006      	movs	r6, r0
20001896:	0014      	movs	r4, r2
20001898:	001d      	movs	r5, r3
2000189a:	f7ff ffe5 	bl	20001868 <timer_time_us_64>
2000189e:	0002      	movs	r2, r0
200018a0:	000b      	movs	r3, r1
200018a2:	0010      	movs	r0, r2
200018a4:	0019      	movs	r1, r3
200018a6:	0022      	movs	r2, r4
200018a8:	002b      	movs	r3, r5
200018aa:	1812      	adds	r2, r2, r0
200018ac:	414b      	adcs	r3, r1
200018ae:	4299      	cmp	r1, r3
200018b0:	d802      	bhi.n	200018b8 <timer_busy_wait_us+0x26>
200018b2:	d104      	bne.n	200018be <timer_busy_wait_us+0x2c>
200018b4:	4290      	cmp	r0, r2
200018b6:	d902      	bls.n	200018be <timer_busy_wait_us+0x2c>
200018b8:	2201      	movs	r2, #1
200018ba:	4252      	negs	r2, r2
200018bc:	17d3      	asrs	r3, r2, #31
200018be:	0030      	movs	r0, r6
200018c0:	f7ff ffda 	bl	20001878 <timer_busy_wait_until>
200018c4:	bd70      	pop	{r4, r5, r6, pc}
	...

200018c8 <time_us_64>:
200018c8:	b510      	push	{r4, lr}
200018ca:	4802      	ldr	r0, [pc, #8]	@ (200018d4 <time_us_64+0xc>)
200018cc:	f7ff ffcc 	bl	20001868 <timer_time_us_64>
200018d0:	bd10      	pop	{r4, pc}
200018d2:	46c0      	nop			@ (mov r8, r8)
200018d4:	40054000 	.word	0x40054000

200018d8 <busy_wait_us>:
200018d8:	b510      	push	{r4, lr}
200018da:	0002      	movs	r2, r0
200018dc:	000b      	movs	r3, r1
200018de:	4802      	ldr	r0, [pc, #8]	@ (200018e8 <busy_wait_us+0x10>)
200018e0:	f7ff ffd7 	bl	20001892 <timer_busy_wait_us>
200018e4:	bd10      	pop	{r4, pc}
200018e6:	46c0      	nop			@ (mov r8, r8)
200018e8:	40054000 	.word	0x40054000

200018ec <busy_wait_until>:
200018ec:	b510      	push	{r4, lr}
200018ee:	0002      	movs	r2, r0
200018f0:	000b      	movs	r3, r1
200018f2:	4802      	ldr	r0, [pc, #8]	@ (200018fc <busy_wait_until+0x10>)
200018f4:	f7ff ffc0 	bl	20001878 <timer_busy_wait_until>
200018f8:	bd10      	pop	{r4, pc}
200018fa:	46c0      	nop			@ (mov r8, r8)
200018fc:	40054000 	.word	0x40054000

20001900 <uart_unreset>:
20001900:	4b07      	ldr	r3, [pc, #28]	@ (20001920 <uart_unreset+0x20>)
20001902:	4298      	cmp	r0, r3
20001904:	d00a      	beq.n	2000191c <uart_unreset+0x1c>
20001906:	2316      	movs	r3, #22
20001908:	2201      	movs	r2, #1
2000190a:	409a      	lsls	r2, r3
2000190c:	4b05      	ldr	r3, [pc, #20]	@ (20001924 <uart_unreset+0x24>)
2000190e:	601a      	str	r2, [r3, #0]
20001910:	4b05      	ldr	r3, [pc, #20]	@ (20001928 <uart_unreset+0x28>)
20001912:	681b      	ldr	r3, [r3, #0]
20001914:	0011      	movs	r1, r2
20001916:	4399      	bics	r1, r3
20001918:	d1fa      	bne.n	20001910 <uart_unreset+0x10>
2000191a:	4770      	bx	lr
2000191c:	2317      	movs	r3, #23
2000191e:	e7f3      	b.n	20001908 <uart_unreset+0x8>
20001920:	40038000 	.word	0x40038000
20001924:	4000f000 	.word	0x4000f000
20001928:	4000c008 	.word	0x4000c008

2000192c <uart_disable_before_lcr_write>:
2000192c:	b570      	push	{r4, r5, r6, lr}
2000192e:	6b04      	ldr	r4, [r0, #48]	@ 0x30
20001930:	07e3      	lsls	r3, r4, #31
20001932:	d401      	bmi.n	20001938 <uart_disable_before_lcr_write+0xc>
20001934:	0020      	movs	r0, r4
20001936:	bd70      	pop	{r4, r5, r6, pc}
20001938:	4b0b      	ldr	r3, [pc, #44]	@ (20001968 <uart_disable_before_lcr_write+0x3c>)
2000193a:	18c3      	adds	r3, r0, r3
2000193c:	4a0b      	ldr	r2, [pc, #44]	@ (2000196c <uart_disable_before_lcr_write+0x40>)
2000193e:	601a      	str	r2, [r3, #0]
20001940:	6a43      	ldr	r3, [r0, #36]	@ 0x24
20001942:	6a82      	ldr	r2, [r0, #40]	@ 0x28
20001944:	019b      	lsls	r3, r3, #6
20001946:	189b      	adds	r3, r3, r2
20001948:	029d      	lsls	r5, r3, #10
2000194a:	2006      	movs	r0, #6
2000194c:	f000 f936 	bl	20001bbc <clock_get_hz>
20001950:	4907      	ldr	r1, [pc, #28]	@ (20001970 <uart_disable_before_lcr_write+0x44>)
20001952:	f000 fb4f 	bl	20001ff4 <__wrap___aeabi_uidiv>
20001956:	0001      	movs	r1, r0
20001958:	0028      	movs	r0, r5
2000195a:	f000 fb4b 	bl	20001ff4 <__wrap___aeabi_uidiv>
2000195e:	2100      	movs	r1, #0
20001960:	f7ff ffba 	bl	200018d8 <busy_wait_us>
20001964:	e7e6      	b.n	20001934 <uart_disable_before_lcr_write+0x8>
20001966:	46c0      	nop			@ (mov r8, r8)
20001968:	00003030 	.word	0x00003030
2000196c:	00000301 	.word	0x00000301
20001970:	00000e4e 	.word	0x00000e4e

20001974 <uart_write_lcr_bits_masked>:
20001974:	b570      	push	{r4, r5, r6, lr}
20001976:	0004      	movs	r4, r0
20001978:	000e      	movs	r6, r1
2000197a:	0015      	movs	r5, r2
2000197c:	f7ff ffd6 	bl	2000192c <uart_disable_before_lcr_write>
20001980:	6ae1      	ldr	r1, [r4, #44]	@ 0x2c
20001982:	0033      	movs	r3, r6
20001984:	404b      	eors	r3, r1
20001986:	0019      	movs	r1, r3
20001988:	002b      	movs	r3, r5
2000198a:	400b      	ands	r3, r1
2000198c:	0019      	movs	r1, r3
2000198e:	4b02      	ldr	r3, [pc, #8]	@ (20001998 <uart_write_lcr_bits_masked+0x24>)
20001990:	18e3      	adds	r3, r4, r3
20001992:	6019      	str	r1, [r3, #0]
20001994:	6320      	str	r0, [r4, #48]	@ 0x30
20001996:	bd70      	pop	{r4, r5, r6, pc}
20001998:	0000102c 	.word	0x0000102c

2000199c <uart_set_baudrate>:
2000199c:	b570      	push	{r4, r5, r6, lr}
2000199e:	0005      	movs	r5, r0
200019a0:	000c      	movs	r4, r1
200019a2:	2006      	movs	r0, #6
200019a4:	f000 f90a 	bl	20001bbc <clock_get_hz>
200019a8:	00c0      	lsls	r0, r0, #3
200019aa:	0021      	movs	r1, r4
200019ac:	f000 fb22 	bl	20001ff4 <__wrap___aeabi_uidiv>
200019b0:	3001      	adds	r0, #1
200019b2:	09c6      	lsrs	r6, r0, #7
200019b4:	d007      	beq.n	200019c6 <uart_set_baudrate+0x2a>
200019b6:	4b0e      	ldr	r3, [pc, #56]	@ (200019f0 <uart_set_baudrate+0x54>)
200019b8:	429e      	cmp	r6, r3
200019ba:	d815      	bhi.n	200019e8 <uart_set_baudrate+0x4c>
200019bc:	0840      	lsrs	r0, r0, #1
200019be:	0034      	movs	r4, r6
200019c0:	263f      	movs	r6, #63	@ 0x3f
200019c2:	4006      	ands	r6, r0
200019c4:	e000      	b.n	200019c8 <uart_set_baudrate+0x2c>
200019c6:	2401      	movs	r4, #1
200019c8:	626c      	str	r4, [r5, #36]	@ 0x24
200019ca:	62ae      	str	r6, [r5, #40]	@ 0x28
200019cc:	2200      	movs	r2, #0
200019ce:	2100      	movs	r1, #0
200019d0:	0028      	movs	r0, r5
200019d2:	f7ff ffcf 	bl	20001974 <uart_write_lcr_bits_masked>
200019d6:	2006      	movs	r0, #6
200019d8:	f000 f8f0 	bl	20001bbc <clock_get_hz>
200019dc:	0080      	lsls	r0, r0, #2
200019de:	01a1      	lsls	r1, r4, #6
200019e0:	1989      	adds	r1, r1, r6
200019e2:	f000 fb07 	bl	20001ff4 <__wrap___aeabi_uidiv>
200019e6:	bd70      	pop	{r4, r5, r6, pc}
200019e8:	2600      	movs	r6, #0
200019ea:	4c02      	ldr	r4, [pc, #8]	@ (200019f4 <uart_set_baudrate+0x58>)
200019ec:	e7ec      	b.n	200019c8 <uart_set_baudrate+0x2c>
200019ee:	46c0      	nop			@ (mov r8, r8)
200019f0:	0000fffe 	.word	0x0000fffe
200019f4:	0000ffff 	.word	0x0000ffff

200019f8 <uart_set_format>:
200019f8:	b510      	push	{r4, lr}
200019fa:	3905      	subs	r1, #5
200019fc:	0149      	lsls	r1, r1, #5
200019fe:	3a01      	subs	r2, #1
20001a00:	00d2      	lsls	r2, r2, #3
20001a02:	430a      	orrs	r2, r1
20001a04:	2b00      	cmp	r3, #0
20001a06:	d007      	beq.n	20001a18 <uart_set_format+0x20>
20001a08:	2102      	movs	r1, #2
20001a0a:	430a      	orrs	r2, r1
20001a0c:	2b01      	cmp	r3, #1
20001a0e:	d001      	beq.n	20001a14 <uart_set_format+0x1c>
20001a10:	2100      	movs	r1, #0
20001a12:	e002      	b.n	20001a1a <uart_set_format+0x22>
20001a14:	3102      	adds	r1, #2
20001a16:	e000      	b.n	20001a1a <uart_set_format+0x22>
20001a18:	2100      	movs	r1, #0
20001a1a:	4311      	orrs	r1, r2
20001a1c:	226e      	movs	r2, #110	@ 0x6e
20001a1e:	f7ff ffa9 	bl	20001974 <uart_write_lcr_bits_masked>
20001a22:	bd10      	pop	{r4, pc}

20001a24 <uart_set_fifo_enabled>:
20001a24:	b510      	push	{r4, lr}
20001a26:	2900      	cmp	r1, #0
20001a28:	d000      	beq.n	20001a2c <uart_set_fifo_enabled+0x8>
20001a2a:	2110      	movs	r1, #16
20001a2c:	2210      	movs	r2, #16
20001a2e:	f7ff ffa1 	bl	20001974 <uart_write_lcr_bits_masked>
20001a32:	bd10      	pop	{r4, pc}

20001a34 <uart_set_translate_crlf>:
20001a34:	2900      	cmp	r1, #0
20001a36:	d009      	beq.n	20001a4c <uart_set_translate_crlf+0x18>
20001a38:	220a      	movs	r2, #10
20001a3a:	4b06      	ldr	r3, [pc, #24]	@ (20001a54 <uart_set_translate_crlf+0x20>)
20001a3c:	469c      	mov	ip, r3
20001a3e:	4460      	add	r0, ip
20001a40:	4243      	negs	r3, r0
20001a42:	4158      	adcs	r0, r3
20001a44:	4b04      	ldr	r3, [pc, #16]	@ (20001a58 <uart_set_translate_crlf+0x24>)
20001a46:	0040      	lsls	r0, r0, #1
20001a48:	52c2      	strh	r2, [r0, r3]
20001a4a:	4770      	bx	lr
20001a4c:	2280      	movs	r2, #128	@ 0x80
20001a4e:	0052      	lsls	r2, r2, #1
20001a50:	e7f3      	b.n	20001a3a <uart_set_translate_crlf+0x6>
20001a52:	46c0      	nop			@ (mov r8, r8)
20001a54:	bffc8000 	.word	0xbffc8000
20001a58:	2000a6e8 	.word	0x2000a6e8

20001a5c <uart_init>:
20001a5c:	b570      	push	{r4, r5, r6, lr}
20001a5e:	0004      	movs	r4, r0
20001a60:	000d      	movs	r5, r1
20001a62:	2006      	movs	r0, #6
20001a64:	f000 f8aa 	bl	20001bbc <clock_get_hz>
20001a68:	2800      	cmp	r0, #0
20001a6a:	d01e      	beq.n	20001aaa <uart_init+0x4e>
20001a6c:	4b10      	ldr	r3, [pc, #64]	@ (20001ab0 <uart_init+0x54>)
20001a6e:	429c      	cmp	r4, r3
20001a70:	d01c      	beq.n	20001aac <uart_init+0x50>
20001a72:	2216      	movs	r2, #22
20001a74:	2301      	movs	r3, #1
20001a76:	4093      	lsls	r3, r2
20001a78:	4a0e      	ldr	r2, [pc, #56]	@ (20001ab4 <uart_init+0x58>)
20001a7a:	6013      	str	r3, [r2, #0]
20001a7c:	0020      	movs	r0, r4
20001a7e:	f7ff ff3f 	bl	20001900 <uart_unreset>
20001a82:	2100      	movs	r1, #0
20001a84:	0020      	movs	r0, r4
20001a86:	f7ff ffd5 	bl	20001a34 <uart_set_translate_crlf>
20001a8a:	0029      	movs	r1, r5
20001a8c:	0020      	movs	r0, r4
20001a8e:	f7ff ff85 	bl	2000199c <uart_set_baudrate>
20001a92:	6ae2      	ldr	r2, [r4, #44]	@ 0x2c
20001a94:	2370      	movs	r3, #112	@ 0x70
20001a96:	405a      	eors	r2, r3
20001a98:	330e      	adds	r3, #14
20001a9a:	4013      	ands	r3, r2
20001a9c:	4a06      	ldr	r2, [pc, #24]	@ (20001ab8 <uart_init+0x5c>)
20001a9e:	18a2      	adds	r2, r4, r2
20001aa0:	6013      	str	r3, [r2, #0]
20001aa2:	4b06      	ldr	r3, [pc, #24]	@ (20001abc <uart_init+0x60>)
20001aa4:	6323      	str	r3, [r4, #48]	@ 0x30
20001aa6:	2303      	movs	r3, #3
20001aa8:	64a3      	str	r3, [r4, #72]	@ 0x48
20001aaa:	bd70      	pop	{r4, r5, r6, pc}
20001aac:	2217      	movs	r2, #23
20001aae:	e7e1      	b.n	20001a74 <uart_init+0x18>
20001ab0:	40038000 	.word	0x40038000
20001ab4:	4000e000 	.word	0x4000e000
20001ab8:	0000102c 	.word	0x0000102c
20001abc:	00000301 	.word	0x00000301

20001ac0 <clock_configure_internal>:
20001ac0:	b5f8      	push	{r3, r4, r5, r6, r7, lr}
20001ac2:	46ce      	mov	lr, r9
20001ac4:	4647      	mov	r7, r8
20001ac6:	b580      	push	{r7, lr}
20001ac8:	0005      	movs	r5, r0
20001aca:	000e      	movs	r6, r1
20001acc:	4690      	mov	r8, r2
20001ace:	4699      	mov	r9, r3
20001ad0:	0044      	lsls	r4, r0, #1
20001ad2:	1824      	adds	r4, r4, r0
20001ad4:	00a4      	lsls	r4, r4, #2
20001ad6:	4b28      	ldr	r3, [pc, #160]	@ (20001b78 <clock_configure_internal+0xb8>)
20001ad8:	469c      	mov	ip, r3
20001ada:	4464      	add	r4, ip
20001adc:	6863      	ldr	r3, [r4, #4]
20001ade:	9a08      	ldr	r2, [sp, #32]
20001ae0:	4293      	cmp	r3, r2
20001ae2:	d200      	bcs.n	20001ae6 <clock_configure_internal+0x26>
20001ae4:	6062      	str	r2, [r4, #4]
20001ae6:	1f2f      	subs	r7, r5, #4
20001ae8:	b2ff      	uxtb	r7, r7
20001aea:	2f01      	cmp	r7, #1
20001aec:	d92e      	bls.n	20001b4c <clock_configure_internal+0x8c>
20001aee:	2280      	movs	r2, #128	@ 0x80
20001af0:	0112      	lsls	r2, r2, #4
20001af2:	23c0      	movs	r3, #192	@ 0xc0
20001af4:	019b      	lsls	r3, r3, #6
20001af6:	18e3      	adds	r3, r4, r3
20001af8:	601a      	str	r2, [r3, #0]
20001afa:	4b20      	ldr	r3, [pc, #128]	@ (20001b7c <clock_configure_internal+0xbc>)
20001afc:	00aa      	lsls	r2, r5, #2
20001afe:	58d1      	ldr	r1, [r2, r3]
20001b00:	2900      	cmp	r1, #0
20001b02:	d007      	beq.n	20001b14 <clock_configure_internal+0x54>
20001b04:	6958      	ldr	r0, [r3, #20]
20001b06:	f000 fa75 	bl	20001ff4 <__wrap___aeabi_uidiv>
20001b0a:	3001      	adds	r0, #1
20001b0c:	0043      	lsls	r3, r0, #1
20001b0e:	181b      	adds	r3, r3, r0
20001b10:	3b03      	subs	r3, #3
20001b12:	d2fd      	bcs.n	20001b10 <clock_configure_internal+0x50>
20001b14:	4643      	mov	r3, r8
20001b16:	015b      	lsls	r3, r3, #5
20001b18:	6822      	ldr	r2, [r4, #0]
20001b1a:	4053      	eors	r3, r2
20001b1c:	22e0      	movs	r2, #224	@ 0xe0
20001b1e:	4013      	ands	r3, r2
20001b20:	2280      	movs	r2, #128	@ 0x80
20001b22:	0152      	lsls	r2, r2, #5
20001b24:	18a2      	adds	r2, r4, r2
20001b26:	6013      	str	r3, [r2, #0]
20001b28:	2f01      	cmp	r7, #1
20001b2a:	d91a      	bls.n	20001b62 <clock_configure_internal+0xa2>
20001b2c:	2380      	movs	r3, #128	@ 0x80
20001b2e:	019b      	lsls	r3, r3, #6
20001b30:	18e3      	adds	r3, r4, r3
20001b32:	2280      	movs	r2, #128	@ 0x80
20001b34:	0112      	lsls	r2, r2, #4
20001b36:	601a      	str	r2, [r3, #0]
20001b38:	9b08      	ldr	r3, [sp, #32]
20001b3a:	6063      	str	r3, [r4, #4]
20001b3c:	4b0f      	ldr	r3, [pc, #60]	@ (20001b7c <clock_configure_internal+0xbc>)
20001b3e:	00ad      	lsls	r5, r5, #2
20001b40:	464a      	mov	r2, r9
20001b42:	50ea      	str	r2, [r5, r3]
20001b44:	bcc0      	pop	{r6, r7}
20001b46:	46b9      	mov	r9, r7
20001b48:	46b0      	mov	r8, r6
20001b4a:	bdf8      	pop	{r3, r4, r5, r6, r7, pc}
20001b4c:	2e01      	cmp	r6, #1
20001b4e:	d1ce      	bne.n	20001aee <clock_configure_internal+0x2e>
20001b50:	2203      	movs	r2, #3
20001b52:	23c0      	movs	r3, #192	@ 0xc0
20001b54:	019b      	lsls	r3, r3, #6
20001b56:	18e3      	adds	r3, r4, r3
20001b58:	601a      	str	r2, [r3, #0]
20001b5a:	68a3      	ldr	r3, [r4, #8]
20001b5c:	07db      	lsls	r3, r3, #31
20001b5e:	d5fc      	bpl.n	20001b5a <clock_configure_internal+0x9a>
20001b60:	e7d8      	b.n	20001b14 <clock_configure_internal+0x54>
20001b62:	6821      	ldr	r1, [r4, #0]
20001b64:	4071      	eors	r1, r6
20001b66:	2303      	movs	r3, #3
20001b68:	400b      	ands	r3, r1
20001b6a:	6013      	str	r3, [r2, #0]
20001b6c:	68a3      	ldr	r3, [r4, #8]
20001b6e:	2201      	movs	r2, #1
20001b70:	40b2      	lsls	r2, r6
20001b72:	421a      	tst	r2, r3
20001b74:	d0fa      	beq.n	20001b6c <clock_configure_internal+0xac>
20001b76:	e7d9      	b.n	20001b2c <clock_configure_internal+0x6c>
20001b78:	40008000 	.word	0x40008000
20001b7c:	2000a06c 	.word	0x2000a06c

20001b80 <clock_configure_int_divider>:
20001b80:	b570      	push	{r4, r5, r6, lr}
20001b82:	b082      	sub	sp, #8
20001b84:	0006      	movs	r6, r0
20001b86:	000d      	movs	r5, r1
20001b88:	0014      	movs	r4, r2
20001b8a:	0018      	movs	r0, r3
20001b8c:	9906      	ldr	r1, [sp, #24]
20001b8e:	f000 fa31 	bl	20001ff4 <__wrap___aeabi_uidiv>
20001b92:	0003      	movs	r3, r0
20001b94:	9a06      	ldr	r2, [sp, #24]
20001b96:	0211      	lsls	r1, r2, #8
20001b98:	9100      	str	r1, [sp, #0]
20001b9a:	0022      	movs	r2, r4
20001b9c:	0029      	movs	r1, r5
20001b9e:	0030      	movs	r0, r6
20001ba0:	f7ff ff8e 	bl	20001ac0 <clock_configure_internal>
20001ba4:	b002      	add	sp, #8
20001ba6:	bd70      	pop	{r4, r5, r6, pc}

20001ba8 <clock_configure_undivided>:
20001ba8:	b510      	push	{r4, lr}
20001baa:	b082      	sub	sp, #8
20001bac:	2480      	movs	r4, #128	@ 0x80
20001bae:	0064      	lsls	r4, r4, #1
20001bb0:	9400      	str	r4, [sp, #0]
20001bb2:	f7ff ff85 	bl	20001ac0 <clock_configure_internal>
20001bb6:	b002      	add	sp, #8
20001bb8:	bd10      	pop	{r4, pc}
	...

20001bbc <clock_get_hz>:
20001bbc:	4b01      	ldr	r3, [pc, #4]	@ (20001bc4 <clock_get_hz+0x8>)
20001bbe:	0080      	lsls	r0, r0, #2
20001bc0:	58c0      	ldr	r0, [r0, r3]
20001bc2:	4770      	bx	lr
20001bc4:	2000a06c 	.word	0x2000a06c

20001bc8 <pll_init>:
20001bc8:	b5f0      	push	{r4, r5, r6, r7, lr}
20001bca:	46c6      	mov	lr, r8
20001bcc:	b500      	push	{lr}
20001bce:	0004      	movs	r4, r0
20001bd0:	000e      	movs	r6, r1
20001bd2:	0017      	movs	r7, r2
20001bd4:	001d      	movs	r5, r3
20001bd6:	4837      	ldr	r0, [pc, #220]	@ (20001cb4 <pll_init+0xec>)
20001bd8:	f000 fa0c 	bl	20001ff4 <__wrap___aeabi_uidiv>
20001bdc:	4680      	mov	r8, r0
20001bde:	4b36      	ldr	r3, [pc, #216]	@ (20001cb8 <pll_init+0xf0>)
20001be0:	18fa      	adds	r2, r7, r3
20001be2:	4b36      	ldr	r3, [pc, #216]	@ (20001cbc <pll_init+0xf4>)
20001be4:	429a      	cmp	r2, r3
20001be6:	d839      	bhi.n	20001c5c <pll_init+0x94>
20001be8:	0001      	movs	r1, r0
20001bea:	0038      	movs	r0, r7
20001bec:	f000 fa02 	bl	20001ff4 <__wrap___aeabi_uidiv>
20001bf0:	0002      	movs	r2, r0
20001bf2:	3a10      	subs	r2, #16
20001bf4:	2398      	movs	r3, #152	@ 0x98
20001bf6:	005b      	lsls	r3, r3, #1
20001bf8:	429a      	cmp	r2, r3
20001bfa:	d835      	bhi.n	20001c68 <pll_init+0xa0>
20001bfc:	1e6b      	subs	r3, r5, #1
20001bfe:	2b06      	cmp	r3, #6
20001c00:	d838      	bhi.n	20001c74 <pll_init+0xac>
20001c02:	9b06      	ldr	r3, [sp, #24]
20001c04:	3b01      	subs	r3, #1
20001c06:	2b06      	cmp	r3, #6
20001c08:	d834      	bhi.n	20001c74 <pll_init+0xac>
20001c0a:	093f      	lsrs	r7, r7, #4
20001c0c:	4547      	cmp	r7, r8
20001c0e:	d337      	bcc.n	20001c80 <pll_init+0xb8>
20001c10:	042d      	lsls	r5, r5, #16
20001c12:	9b06      	ldr	r3, [sp, #24]
20001c14:	031b      	lsls	r3, r3, #12
20001c16:	431d      	orrs	r5, r3
20001c18:	6823      	ldr	r3, [r4, #0]
20001c1a:	2b00      	cmp	r3, #0
20001c1c:	db36      	blt.n	20001c8c <pll_init+0xc4>
20001c1e:	4b28      	ldr	r3, [pc, #160]	@ (20001cc0 <pll_init+0xf8>)
20001c20:	429c      	cmp	r4, r3
20001c22:	d044      	beq.n	20001cae <pll_init+0xe6>
20001c24:	220c      	movs	r2, #12
20001c26:	2301      	movs	r3, #1
20001c28:	4093      	lsls	r3, r2
20001c2a:	4a26      	ldr	r2, [pc, #152]	@ (20001cc4 <pll_init+0xfc>)
20001c2c:	6013      	str	r3, [r2, #0]
20001c2e:	4a26      	ldr	r2, [pc, #152]	@ (20001cc8 <pll_init+0x100>)
20001c30:	6013      	str	r3, [r2, #0]
20001c32:	4a26      	ldr	r2, [pc, #152]	@ (20001ccc <pll_init+0x104>)
20001c34:	6812      	ldr	r2, [r2, #0]
20001c36:	0019      	movs	r1, r3
20001c38:	4391      	bics	r1, r2
20001c3a:	1e0a      	subs	r2, r1, #0
20001c3c:	d1f9      	bne.n	20001c32 <pll_init+0x6a>
20001c3e:	6026      	str	r6, [r4, #0]
20001c40:	60a0      	str	r0, [r4, #8]
20001c42:	4b23      	ldr	r3, [pc, #140]	@ (20001cd0 <pll_init+0x108>)
20001c44:	18e3      	adds	r3, r4, r3
20001c46:	3221      	adds	r2, #33	@ 0x21
20001c48:	601a      	str	r2, [r3, #0]
20001c4a:	6822      	ldr	r2, [r4, #0]
20001c4c:	2a00      	cmp	r2, #0
20001c4e:	dafc      	bge.n	20001c4a <pll_init+0x82>
20001c50:	60e5      	str	r5, [r4, #12]
20001c52:	2208      	movs	r2, #8
20001c54:	601a      	str	r2, [r3, #0]
20001c56:	bc80      	pop	{r7}
20001c58:	46b8      	mov	r8, r7
20001c5a:	bdf0      	pop	{r4, r5, r6, r7, pc}
20001c5c:	4b1d      	ldr	r3, [pc, #116]	@ (20001cd4 <pll_init+0x10c>)
20001c5e:	4a1e      	ldr	r2, [pc, #120]	@ (20001cd8 <pll_init+0x110>)
20001c60:	481e      	ldr	r0, [pc, #120]	@ (20001cdc <pll_init+0x114>)
20001c62:	2111      	movs	r1, #17
20001c64:	f002 f9da 	bl	2000401c <__assert_func>
20001c68:	4b1d      	ldr	r3, [pc, #116]	@ (20001ce0 <pll_init+0x118>)
20001c6a:	4a1b      	ldr	r2, [pc, #108]	@ (20001cd8 <pll_init+0x110>)
20001c6c:	481b      	ldr	r0, [pc, #108]	@ (20001cdc <pll_init+0x114>)
20001c6e:	2119      	movs	r1, #25
20001c70:	f002 f9d4 	bl	2000401c <__assert_func>
20001c74:	4b1b      	ldr	r3, [pc, #108]	@ (20001ce4 <pll_init+0x11c>)
20001c76:	4a18      	ldr	r2, [pc, #96]	@ (20001cd8 <pll_init+0x110>)
20001c78:	4818      	ldr	r0, [pc, #96]	@ (20001cdc <pll_init+0x114>)
20001c7a:	211c      	movs	r1, #28
20001c7c:	f002 f9ce 	bl	2000401c <__assert_func>
20001c80:	4b19      	ldr	r3, [pc, #100]	@ (20001ce8 <pll_init+0x120>)
20001c82:	4a15      	ldr	r2, [pc, #84]	@ (20001cd8 <pll_init+0x110>)
20001c84:	4815      	ldr	r0, [pc, #84]	@ (20001cdc <pll_init+0x114>)
20001c86:	2123      	movs	r1, #35	@ 0x23
20001c88:	f002 f9c8 	bl	2000401c <__assert_func>
20001c8c:	6822      	ldr	r2, [r4, #0]
20001c8e:	233f      	movs	r3, #63	@ 0x3f
20001c90:	4013      	ands	r3, r2
20001c92:	42b3      	cmp	r3, r6
20001c94:	d1c3      	bne.n	20001c1e <pll_init+0x56>
20001c96:	68a3      	ldr	r3, [r4, #8]
20001c98:	051b      	lsls	r3, r3, #20
20001c9a:	0d1b      	lsrs	r3, r3, #20
20001c9c:	4283      	cmp	r3, r0
20001c9e:	d1be      	bne.n	20001c1e <pll_init+0x56>
20001ca0:	68e3      	ldr	r3, [r4, #12]
20001ca2:	22ee      	movs	r2, #238	@ 0xee
20001ca4:	02d2      	lsls	r2, r2, #11
20001ca6:	4013      	ands	r3, r2
20001ca8:	42ab      	cmp	r3, r5
20001caa:	d1b8      	bne.n	20001c1e <pll_init+0x56>
20001cac:	e7d3      	b.n	20001c56 <pll_init+0x8e>
20001cae:	220d      	movs	r2, #13
20001cb0:	e7b9      	b.n	20001c26 <pll_init+0x5e>
20001cb2:	46c0      	nop			@ (mov r8, r8)
20001cb4:	00b71b00 	.word	0x00b71b00
20001cb8:	d34be880 	.word	0xd34be880
20001cbc:	32a9f880 	.word	0x32a9f880
20001cc0:	4002c000 	.word	0x4002c000
20001cc4:	4000e000 	.word	0x4000e000
20001cc8:	4000f000 	.word	0x4000f000
20001ccc:	4000c008 	.word	0x4000c008
20001cd0:	00003004 	.word	0x00003004
20001cd4:	20007418 	.word	0x20007418
20001cd8:	20007cb4 	.word	0x20007cb4
20001cdc:	20007468 	.word	0x20007468
20001ce0:	200074b0 	.word	0x200074b0
20001ce4:	200074cc 	.word	0x200074cc
20001ce8:	20007518 	.word	0x20007518

20001cec <tick_start>:
20001cec:	2380      	movs	r3, #128	@ 0x80
20001cee:	009b      	lsls	r3, r3, #2
20001cf0:	430b      	orrs	r3, r1
20001cf2:	4a01      	ldr	r2, [pc, #4]	@ (20001cf8 <tick_start+0xc>)
20001cf4:	62d3      	str	r3, [r2, #44]	@ 0x2c
20001cf6:	4770      	bx	lr
20001cf8:	40058000 	.word	0x40058000

20001cfc <rom_func_lookup>:
20001cfc:	b510      	push	{r4, lr}
20001cfe:	0001      	movs	r1, r0
20001d00:	2318      	movs	r3, #24
20001d02:	881b      	ldrh	r3, [r3, #0]
20001d04:	2214      	movs	r2, #20
20001d06:	8810      	ldrh	r0, [r2, #0]
20001d08:	4798      	blx	r3
20001d0a:	bd10      	pop	{r4, pc}

20001d0c <rom_data_lookup>:
20001d0c:	b510      	push	{r4, lr}
20001d0e:	0001      	movs	r1, r0
20001d10:	2318      	movs	r3, #24
20001d12:	881b      	ldrh	r3, [r3, #0]
20001d14:	2216      	movs	r2, #22
20001d16:	8810      	ldrh	r0, [r2, #0]
20001d18:	4798      	blx	r3
20001d1a:	bd10      	pop	{r4, pc}

20001d1c <rom_funcs_lookup>:
20001d1c:	b5f0      	push	{r4, r5, r6, r7, lr}
20001d1e:	46c6      	mov	lr, r8
20001d20:	b500      	push	{lr}
20001d22:	0007      	movs	r7, r0
20001d24:	000e      	movs	r6, r1
20001d26:	2500      	movs	r5, #0
20001d28:	2301      	movs	r3, #1
20001d2a:	4698      	mov	r8, r3
20001d2c:	e000      	b.n	20001d30 <rom_funcs_lookup+0x14>
20001d2e:	3501      	adds	r5, #1
20001d30:	42b5      	cmp	r5, r6
20001d32:	d20a      	bcs.n	20001d4a <rom_funcs_lookup+0x2e>
20001d34:	00ac      	lsls	r4, r5, #2
20001d36:	193c      	adds	r4, r7, r4
20001d38:	6820      	ldr	r0, [r4, #0]
20001d3a:	f7ff ffdf 	bl	20001cfc <rom_func_lookup>
20001d3e:	6020      	str	r0, [r4, #0]
20001d40:	2800      	cmp	r0, #0
20001d42:	d1f4      	bne.n	20001d2e <rom_funcs_lookup+0x12>
20001d44:	2300      	movs	r3, #0
20001d46:	4698      	mov	r8, r3
20001d48:	e7f1      	b.n	20001d2e <rom_funcs_lookup+0x12>
20001d4a:	4640      	mov	r0, r8
20001d4c:	bc80      	pop	{r7}
20001d4e:	46b8      	mov	r8, r7
20001d50:	bdf0      	pop	{r4, r5, r6, r7, pc}
	...

20001d54 <rom_reset_usb_boot>:
20001d54:	b570      	push	{r4, r5, r6, lr}
20001d56:	0005      	movs	r5, r0
20001d58:	000c      	movs	r4, r1
20001d5a:	4803      	ldr	r0, [pc, #12]	@ (20001d68 <rom_reset_usb_boot+0x14>)
20001d5c:	f7ff ffce 	bl	20001cfc <rom_func_lookup>
20001d60:	0003      	movs	r3, r0
20001d62:	0021      	movs	r1, r4
20001d64:	0028      	movs	r0, r5
20001d66:	4798      	blx	r3
20001d68:	00004255 	.word	0x00004255

20001d6c <xosc_init>:
20001d6c:	4b07      	ldr	r3, [pc, #28]	@ (20001d8c <xosc_init+0x20>)
20001d6e:	22aa      	movs	r2, #170	@ 0xaa
20001d70:	0112      	lsls	r2, r2, #4
20001d72:	601a      	str	r2, [r3, #0]
20001d74:	228d      	movs	r2, #141	@ 0x8d
20001d76:	0052      	lsls	r2, r2, #1
20001d78:	60da      	str	r2, [r3, #12]
20001d7a:	4b05      	ldr	r3, [pc, #20]	@ (20001d90 <xosc_init+0x24>)
20001d7c:	4a05      	ldr	r2, [pc, #20]	@ (20001d94 <xosc_init+0x28>)
20001d7e:	601a      	str	r2, [r3, #0]
20001d80:	4b02      	ldr	r3, [pc, #8]	@ (20001d8c <xosc_init+0x20>)
20001d82:	685b      	ldr	r3, [r3, #4]
20001d84:	2b00      	cmp	r3, #0
20001d86:	dafb      	bge.n	20001d80 <xosc_init+0x14>
20001d88:	4770      	bx	lr
20001d8a:	46c0      	nop			@ (mov r8, r8)
20001d8c:	40024000 	.word	0x40024000
20001d90:	40026000 	.word	0x40026000
20001d94:	00fab000 	.word	0x00fab000

20001d98 <runtime_run_initializers_from>:
20001d98:	b510      	push	{r4, lr}
20001d9a:	0004      	movs	r4, r0
20001d9c:	e001      	b.n	20001da2 <runtime_run_initializers_from+0xa>
20001d9e:	cc08      	ldmia	r4!, {r3}
20001da0:	4798      	blx	r3
20001da2:	4b02      	ldr	r3, [pc, #8]	@ (20001dac <runtime_run_initializers_from+0x14>)
20001da4:	429c      	cmp	r4, r3
20001da6:	d3fa      	bcc.n	20001d9e <runtime_run_initializers_from+0x6>
20001da8:	bd10      	pop	{r4, pc}
20001daa:	46c0      	nop			@ (mov r8, r8)
20001dac:	20007f60 	.word	0x20007f60

20001db0 <first_per_core_initializer>:
20001db0:	4770      	bx	lr
	...

20001db4 <runtime_run_initializers>:
20001db4:	b510      	push	{r4, lr}
20001db6:	4802      	ldr	r0, [pc, #8]	@ (20001dc0 <runtime_run_initializers+0xc>)
20001db8:	f7ff ffee 	bl	20001d98 <runtime_run_initializers_from>
20001dbc:	bd10      	pop	{r4, pc}
20001dbe:	46c0      	nop			@ (mov r8, r8)
20001dc0:	20007f20 	.word	0x20007f20

20001dc4 <runtime_run_per_core_initializers>:
20001dc4:	b510      	push	{r4, lr}
20001dc6:	4802      	ldr	r0, [pc, #8]	@ (20001dd0 <runtime_run_per_core_initializers+0xc>)
20001dc8:	f7ff ffe6 	bl	20001d98 <runtime_run_initializers_from>
20001dcc:	bd10      	pop	{r4, pc}
20001dce:	46c0      	nop			@ (mov r8, r8)
20001dd0:	20007f54 	.word	0x20007f54

20001dd4 <runtime_init_early_resets>:
20001dd4:	4b05      	ldr	r3, [pc, #20]	@ (20001dec <runtime_init_early_resets+0x18>)
20001dd6:	4a06      	ldr	r2, [pc, #24]	@ (20001df0 <runtime_init_early_resets+0x1c>)
20001dd8:	601a      	str	r2, [r3, #0]
20001dda:	4b06      	ldr	r3, [pc, #24]	@ (20001df4 <runtime_init_early_resets+0x20>)
20001ddc:	4a06      	ldr	r2, [pc, #24]	@ (20001df8 <runtime_init_early_resets+0x24>)
20001dde:	601a      	str	r2, [r3, #0]
20001de0:	4b06      	ldr	r3, [pc, #24]	@ (20001dfc <runtime_init_early_resets+0x28>)
20001de2:	681a      	ldr	r2, [r3, #0]
20001de4:	4b04      	ldr	r3, [pc, #16]	@ (20001df8 <runtime_init_early_resets+0x24>)
20001de6:	4393      	bics	r3, r2
20001de8:	d1fa      	bne.n	20001de0 <runtime_init_early_resets+0xc>
20001dea:	4770      	bx	lr
20001dec:	4000e000 	.word	0x4000e000
20001df0:	fefbcdbf 	.word	0xfefbcdbf
20001df4:	4000f000 	.word	0x4000f000
20001df8:	003c7ffe 	.word	0x003c7ffe
20001dfc:	4000c008 	.word	0x4000c008

20001e00 <runtime_init_usb_power_down>:
20001e00:	4b04      	ldr	r3, [pc, #16]	@ (20001e14 <runtime_init_usb_power_down+0x14>)
20001e02:	6cdb      	ldr	r3, [r3, #76]	@ 0x4c
20001e04:	2b00      	cmp	r3, #0
20001e06:	d103      	bne.n	20001e10 <runtime_init_usb_power_down+0x10>
20001e08:	4b03      	ldr	r3, [pc, #12]	@ (20001e18 <runtime_init_usb_power_down+0x18>)
20001e0a:	2280      	movs	r2, #128	@ 0x80
20001e0c:	02d2      	lsls	r2, r2, #11
20001e0e:	601a      	str	r2, [r3, #0]
20001e10:	4770      	bx	lr
20001e12:	46c0      	nop			@ (mov r8, r8)
20001e14:	50110000 	.word	0x50110000
20001e18:	5011204c 	.word	0x5011204c

20001e1c <runtime_init_post_clock_resets>:
20001e1c:	4b04      	ldr	r3, [pc, #16]	@ (20001e30 <runtime_init_post_clock_resets+0x14>)
20001e1e:	4a05      	ldr	r2, [pc, #20]	@ (20001e34 <runtime_init_post_clock_resets+0x18>)
20001e20:	601a      	str	r2, [r3, #0]
20001e22:	4b05      	ldr	r3, [pc, #20]	@ (20001e38 <runtime_init_post_clock_resets+0x1c>)
20001e24:	681b      	ldr	r3, [r3, #0]
20001e26:	43db      	mvns	r3, r3
20001e28:	01db      	lsls	r3, r3, #7
20001e2a:	d1fa      	bne.n	20001e22 <runtime_init_post_clock_resets+0x6>
20001e2c:	4770      	bx	lr
20001e2e:	46c0      	nop			@ (mov r8, r8)
20001e30:	4000f000 	.word	0x4000f000
20001e34:	01ffffff 	.word	0x01ffffff
20001e38:	4000c008 	.word	0x4000c008

20001e3c <runtime_init_rp2040_gpio_ie_disable>:
20001e3c:	4b03      	ldr	r3, [pc, #12]	@ (20001e4c <runtime_init_rp2040_gpio_ie_disable+0x10>)
20001e3e:	2240      	movs	r2, #64	@ 0x40
20001e40:	679a      	str	r2, [r3, #120]	@ 0x78
20001e42:	675a      	str	r2, [r3, #116]	@ 0x74
20001e44:	671a      	str	r2, [r3, #112]	@ 0x70
20001e46:	66da      	str	r2, [r3, #108]	@ 0x6c
20001e48:	4770      	bx	lr
20001e4a:	46c0      	nop			@ (mov r8, r8)
20001e4c:	4001f000 	.word	0x4001f000

20001e50 <runtime_init_spin_locks_reset>:
20001e50:	b510      	push	{r4, lr}
20001e52:	f7fe fe3f 	bl	20000ad4 <spin_locks_reset>
20001e56:	bd10      	pop	{r4, pc}

20001e58 <runtime_init_install_ram_vector_table>:
20001e58:	b510      	push	{r4, lr}
20001e5a:	4c0c      	ldr	r4, [pc, #48]	@ (20001e8c <runtime_init_install_ram_vector_table+0x34>)
20001e5c:	4b0c      	ldr	r3, [pc, #48]	@ (20001e90 <runtime_init_install_ram_vector_table+0x38>)
20001e5e:	1ae4      	subs	r4, r4, r3
20001e60:	08a4      	lsrs	r4, r4, #2
20001e62:	0022      	movs	r2, r4
20001e64:	2c30      	cmp	r4, #48	@ 0x30
20001e66:	d900      	bls.n	20001e6a <runtime_init_install_ram_vector_table+0x12>
20001e68:	2230      	movs	r2, #48	@ 0x30
20001e6a:	0092      	lsls	r2, r2, #2
20001e6c:	4809      	ldr	r0, [pc, #36]	@ (20001e94 <runtime_init_install_ram_vector_table+0x3c>)
20001e6e:	4908      	ldr	r1, [pc, #32]	@ (20001e90 <runtime_init_install_ram_vector_table+0x38>)
20001e70:	f000 ffbc 	bl	20002dec <__wrap___aeabi_memcpy>
20001e74:	e004      	b.n	20001e80 <runtime_init_install_ram_vector_table+0x28>
20001e76:	4a08      	ldr	r2, [pc, #32]	@ (20001e98 <runtime_init_install_ram_vector_table+0x40>)
20001e78:	4b06      	ldr	r3, [pc, #24]	@ (20001e94 <runtime_init_install_ram_vector_table+0x3c>)
20001e7a:	00a1      	lsls	r1, r4, #2
20001e7c:	50ca      	str	r2, [r1, r3]
20001e7e:	3401      	adds	r4, #1
20001e80:	2c2f      	cmp	r4, #47	@ 0x2f
20001e82:	d9f8      	bls.n	20001e76 <runtime_init_install_ram_vector_table+0x1e>
20001e84:	4b03      	ldr	r3, [pc, #12]	@ (20001e94 <runtime_init_install_ram_vector_table+0x3c>)
20001e86:	4a05      	ldr	r2, [pc, #20]	@ (20001e9c <runtime_init_install_ram_vector_table+0x44>)
20001e88:	6093      	str	r3, [r2, #8]
20001e8a:	bd10      	pop	{r4, pc}
20001e8c:	100001c0 	.word	0x100001c0
20001e90:	10000100 	.word	0x10000100
20001e94:	20000000 	.word	0x20000000
20001e98:	100001c1 	.word	0x100001c1
20001e9c:	e000ed00 	.word	0xe000ed00

20001ea0 <start_all_ticks>:
20001ea0:	b570      	push	{r4, r5, r6, lr}
20001ea2:	2004      	movs	r0, #4
20001ea4:	f7ff fe8a 	bl	20001bbc <clock_get_hz>
20001ea8:	4906      	ldr	r1, [pc, #24]	@ (20001ec4 <start_all_ticks+0x24>)
20001eaa:	f000 f8a3 	bl	20001ff4 <__wrap___aeabi_uidiv>
20001eae:	0005      	movs	r5, r0
20001eb0:	2400      	movs	r4, #0
20001eb2:	2c00      	cmp	r4, #0
20001eb4:	dd00      	ble.n	20001eb8 <start_all_ticks+0x18>
20001eb6:	bd70      	pop	{r4, r5, r6, pc}
20001eb8:	b2e0      	uxtb	r0, r4
20001eba:	0029      	movs	r1, r5
20001ebc:	f7ff ff16 	bl	20001cec <tick_start>
20001ec0:	3401      	adds	r4, #1
20001ec2:	e7f6      	b.n	20001eb2 <start_all_ticks+0x12>
20001ec4:	000f4240 	.word	0x000f4240

20001ec8 <runtime_init_clocks>:
20001ec8:	b530      	push	{r4, r5, lr}
20001eca:	b083      	sub	sp, #12
20001ecc:	4b27      	ldr	r3, [pc, #156]	@ (20001f6c <runtime_init_clocks+0xa4>)
20001ece:	2200      	movs	r2, #0
20001ed0:	679a      	str	r2, [r3, #120]	@ 0x78
20001ed2:	f7ff ff4b 	bl	20001d6c <xosc_init>
20001ed6:	4b26      	ldr	r3, [pc, #152]	@ (20001f70 <runtime_init_clocks+0xa8>)
20001ed8:	2201      	movs	r2, #1
20001eda:	601a      	str	r2, [r3, #0]
20001edc:	4b23      	ldr	r3, [pc, #140]	@ (20001f6c <runtime_init_clocks+0xa4>)
20001ede:	6c5b      	ldr	r3, [r3, #68]	@ 0x44
20001ee0:	2b01      	cmp	r3, #1
20001ee2:	d1fb      	bne.n	20001edc <runtime_init_clocks+0x14>
20001ee4:	4b23      	ldr	r3, [pc, #140]	@ (20001f74 <runtime_init_clocks+0xac>)
20001ee6:	2203      	movs	r2, #3
20001ee8:	601a      	str	r2, [r3, #0]
20001eea:	4b20      	ldr	r3, [pc, #128]	@ (20001f6c <runtime_init_clocks+0xa4>)
20001eec:	6b9b      	ldr	r3, [r3, #56]	@ 0x38
20001eee:	2b01      	cmp	r3, #1
20001ef0:	d1fb      	bne.n	20001eea <runtime_init_clocks+0x22>
20001ef2:	3301      	adds	r3, #1
20001ef4:	9300      	str	r3, [sp, #0]
20001ef6:	3304      	adds	r3, #4
20001ef8:	4a1f      	ldr	r2, [pc, #124]	@ (20001f78 <runtime_init_clocks+0xb0>)
20001efa:	2101      	movs	r1, #1
20001efc:	481f      	ldr	r0, [pc, #124]	@ (20001f7c <runtime_init_clocks+0xb4>)
20001efe:	f7ff fe63 	bl	20001bc8 <pll_init>
20001f02:	2305      	movs	r3, #5
20001f04:	9300      	str	r3, [sp, #0]
20001f06:	4a1e      	ldr	r2, [pc, #120]	@ (20001f80 <runtime_init_clocks+0xb8>)
20001f08:	2101      	movs	r1, #1
20001f0a:	481e      	ldr	r0, [pc, #120]	@ (20001f84 <runtime_init_clocks+0xbc>)
20001f0c:	f7ff fe5c 	bl	20001bc8 <pll_init>
20001f10:	4b1d      	ldr	r3, [pc, #116]	@ (20001f88 <runtime_init_clocks+0xc0>)
20001f12:	2200      	movs	r2, #0
20001f14:	2102      	movs	r1, #2
20001f16:	2004      	movs	r0, #4
20001f18:	f7ff fe46 	bl	20001ba8 <clock_configure_undivided>
20001f1c:	4d1b      	ldr	r5, [pc, #108]	@ (20001f8c <runtime_init_clocks+0xc4>)
20001f1e:	002b      	movs	r3, r5
20001f20:	2200      	movs	r2, #0
20001f22:	2101      	movs	r1, #1
20001f24:	2005      	movs	r0, #5
20001f26:	f7ff fe3f 	bl	20001ba8 <clock_configure_undivided>
20001f2a:	4c19      	ldr	r4, [pc, #100]	@ (20001f90 <runtime_init_clocks+0xc8>)
20001f2c:	0023      	movs	r3, r4
20001f2e:	2200      	movs	r2, #0
20001f30:	2100      	movs	r1, #0
20001f32:	2007      	movs	r0, #7
20001f34:	f7ff fe38 	bl	20001ba8 <clock_configure_undivided>
20001f38:	0023      	movs	r3, r4
20001f3a:	2200      	movs	r2, #0
20001f3c:	2100      	movs	r1, #0
20001f3e:	2008      	movs	r0, #8
20001f40:	f7ff fe32 	bl	20001ba8 <clock_configure_undivided>
20001f44:	2380      	movs	r3, #128	@ 0x80
20001f46:	00db      	lsls	r3, r3, #3
20001f48:	9300      	str	r3, [sp, #0]
20001f4a:	0023      	movs	r3, r4
20001f4c:	2200      	movs	r2, #0
20001f4e:	2100      	movs	r1, #0
20001f50:	2009      	movs	r0, #9
20001f52:	f7ff fe15 	bl	20001b80 <clock_configure_int_divider>
20001f56:	002b      	movs	r3, r5
20001f58:	2200      	movs	r2, #0
20001f5a:	2100      	movs	r1, #0
20001f5c:	2006      	movs	r0, #6
20001f5e:	f7ff fe23 	bl	20001ba8 <clock_configure_undivided>
20001f62:	f7ff ff9d 	bl	20001ea0 <start_all_ticks>
20001f66:	b003      	add	sp, #12
20001f68:	bd30      	pop	{r4, r5, pc}
20001f6a:	46c0      	nop			@ (mov r8, r8)
20001f6c:	40008000 	.word	0x40008000
20001f70:	4000b03c 	.word	0x4000b03c
20001f74:	4000b030 	.word	0x4000b030
20001f78:	59682f00 	.word	0x59682f00
20001f7c:	40028000 	.word	0x40028000
20001f80:	47868c00 	.word	0x47868c00
20001f84:	4002c000 	.word	0x4002c000
20001f88:	00b71b00 	.word	0x00b71b00
20001f8c:	07735940 	.word	0x07735940
20001f90:	02dc6c00 	.word	0x02dc6c00

20001f94 <__aeabi_bits_init>:
20001f94:	4801      	ldr	r0, [pc, #4]	@ (20001f9c <__aeabi_bits_init+0x8>)
20001f96:	2104      	movs	r1, #4
20001f98:	4b01      	ldr	r3, [pc, #4]	@ (20001fa0 <__aeabi_bits_init+0xc>)
20001f9a:	4718      	bx	r3
20001f9c:	20007ed0 	.word	0x20007ed0
20001fa0:	20001d1d 	.word	0x20001d1d

20001fa4 <__wrap___aeabi_idiv>:
20001fa4:	4a12      	ldr	r2, [pc, #72]	@ (20001ff0 <divmod_s32s32_savestate+0x18>)
20001fa6:	6f93      	ldr	r3, [r2, #120]	@ 0x78
20001fa8:	089b      	lsrs	r3, r3, #2
20001faa:	d215      	bcs.n	20001fd8 <divmod_s32s32_savestate>

20001fac <divmod_s32s32_core>:
20001fac:	6690      	str	r0, [r2, #104]	@ 0x68
20001fae:	66d1      	str	r1, [r2, #108]	@ 0x6c
20001fb0:	2900      	cmp	r1, #0
20001fb2:	d005      	beq.n	20001fc0 <divmod_s32s32_core+0x14>
20001fb4:	e7ff      	b.n	20001fb6 <divmod_s32s32_core+0xa>
20001fb6:	e7ff      	b.n	20001fb8 <divmod_s32s32_core+0xc>
20001fb8:	e7ff      	b.n	20001fba <divmod_s32s32_core+0xe>
20001fba:	6f51      	ldr	r1, [r2, #116]	@ 0x74
20001fbc:	6f10      	ldr	r0, [r2, #112]	@ 0x70
20001fbe:	4770      	bx	lr
20001fc0:	b504      	push	{r2, lr}
20001fc2:	2180      	movs	r1, #128	@ 0x80
20001fc4:	0609      	lsls	r1, r1, #24
20001fc6:	17c2      	asrs	r2, r0, #31
20001fc8:	4051      	eors	r1, r2
20001fca:	2800      	cmp	r0, #0
20001fcc:	d000      	beq.n	20001fd0 <divmod_s32s32_core+0x24>
20001fce:	43c8      	mvns	r0, r1
20001fd0:	f004 f9ea 	bl	200063a8 <__aeabi_idiv0>
20001fd4:	2100      	movs	r1, #0
20001fd6:	bd04      	pop	{r2, pc}

20001fd8 <divmod_s32s32_savestate>:
20001fd8:	b5f0      	push	{r4, r5, r6, r7, lr}
20001fda:	6e14      	ldr	r4, [r2, #96]	@ 0x60
20001fdc:	6e55      	ldr	r5, [r2, #100]	@ 0x64
20001fde:	6f57      	ldr	r7, [r2, #116]	@ 0x74
20001fe0:	6f16      	ldr	r6, [r2, #112]	@ 0x70
20001fe2:	f7ff ffe3 	bl	20001fac <divmod_s32s32_core>
20001fe6:	6614      	str	r4, [r2, #96]	@ 0x60
20001fe8:	6655      	str	r5, [r2, #100]	@ 0x64
20001fea:	6757      	str	r7, [r2, #116]	@ 0x74
20001fec:	6716      	str	r6, [r2, #112]	@ 0x70
20001fee:	bdf0      	pop	{r4, r5, r6, r7, pc}
20001ff0:	d0000000 	.word	0xd0000000

20001ff4 <__wrap___aeabi_uidiv>:
20001ff4:	4a11      	ldr	r2, [pc, #68]	@ (2000203c <divmod_u32u32_savestate+0x18>)
20001ff6:	6f93      	ldr	r3, [r2, #120]	@ 0x78
20001ff8:	089b      	lsrs	r3, r3, #2
20001ffa:	d213      	bcs.n	20002024 <divmod_u32u32_savestate>

20001ffc <divmod_u32u32_core>:
20001ffc:	6610      	str	r0, [r2, #96]	@ 0x60
20001ffe:	6651      	str	r1, [r2, #100]	@ 0x64
20002000:	2900      	cmp	r1, #0
20002002:	d005      	beq.n	20002010 <divmod_u32u32_core+0x14>
20002004:	e7ff      	b.n	20002006 <divmod_u32u32_core+0xa>
20002006:	e7ff      	b.n	20002008 <divmod_u32u32_core+0xc>
20002008:	e7ff      	b.n	2000200a <divmod_u32u32_core+0xe>
2000200a:	6f51      	ldr	r1, [r2, #116]	@ 0x74
2000200c:	6f10      	ldr	r0, [r2, #112]	@ 0x70
2000200e:	4770      	bx	lr
20002010:	b504      	push	{r2, lr}
20002012:	2800      	cmp	r0, #0
20002014:	d001      	beq.n	2000201a <divmod_u32u32_core+0x1e>
20002016:	2000      	movs	r0, #0
20002018:	43c0      	mvns	r0, r0
2000201a:	f004 f9c5 	bl	200063a8 <__aeabi_idiv0>
2000201e:	2100      	movs	r1, #0
20002020:	bd04      	pop	{r2, pc}
20002022:	46c0      	nop			@ (mov r8, r8)

20002024 <divmod_u32u32_savestate>:
20002024:	b5f0      	push	{r4, r5, r6, r7, lr}
20002026:	6e14      	ldr	r4, [r2, #96]	@ 0x60
20002028:	6e55      	ldr	r5, [r2, #100]	@ 0x64
2000202a:	6f57      	ldr	r7, [r2, #116]	@ 0x74
2000202c:	6f16      	ldr	r6, [r2, #112]	@ 0x70
2000202e:	f7ff ffe5 	bl	20001ffc <divmod_u32u32_core>
20002032:	6614      	str	r4, [r2, #96]	@ 0x60
20002034:	6655      	str	r5, [r2, #100]	@ 0x64
20002036:	6757      	str	r7, [r2, #116]	@ 0x74
20002038:	6716      	str	r6, [r2, #112]	@ 0x70
2000203a:	bdf0      	pop	{r4, r5, r6, r7, pc}
2000203c:	d0000000 	.word	0xd0000000

20002040 <__wrap___aeabi_ldivmod>:
20002040:	4694      	mov	ip, r2
20002042:	4a4a      	ldr	r2, [pc, #296]	@ (2000216c <udiv0+0x1a>)
20002044:	6f92      	ldr	r2, [r2, #120]	@ 0x78
20002046:	0892      	lsrs	r2, r2, #2
20002048:	4662      	mov	r2, ip
2000204a:	d201      	bcs.n	20002050 <divmod_s64s64_savestate>
2000204c:	e028      	b.n	200020a0 <divmod_s64s64_unsafe>
2000204e:	46c0      	nop			@ (mov r8, r8)

20002050 <divmod_s64s64_savestate>:
20002050:	b5f0      	push	{r4, r5, r6, r7, lr}
20002052:	4e46      	ldr	r6, [pc, #280]	@ (2000216c <udiv0+0x1a>)
20002054:	6e34      	ldr	r4, [r6, #96]	@ 0x60
20002056:	6e75      	ldr	r5, [r6, #100]	@ 0x64
20002058:	6f77      	ldr	r7, [r6, #116]	@ 0x74
2000205a:	6f36      	ldr	r6, [r6, #112]	@ 0x70
2000205c:	f000 f820 	bl	200020a0 <divmod_s64s64_unsafe>
20002060:	4694      	mov	ip, r2
20002062:	4a42      	ldr	r2, [pc, #264]	@ (2000216c <udiv0+0x1a>)
20002064:	6614      	str	r4, [r2, #96]	@ 0x60
20002066:	6655      	str	r5, [r2, #100]	@ 0x64
20002068:	6757      	str	r7, [r2, #116]	@ 0x74
2000206a:	6716      	str	r6, [r2, #112]	@ 0x70
2000206c:	4662      	mov	r2, ip
2000206e:	bdf0      	pop	{r4, r5, r6, r7, pc}

20002070 <__wrap___aeabi_uldivmod>:
20002070:	4694      	mov	ip, r2
20002072:	4a3e      	ldr	r2, [pc, #248]	@ (2000216c <udiv0+0x1a>)
20002074:	6f92      	ldr	r2, [r2, #120]	@ 0x78
20002076:	0892      	lsrs	r2, r2, #2
20002078:	4662      	mov	r2, ip
2000207a:	d201      	bcs.n	20002080 <divmod_u64u64_savestate>
2000207c:	e054      	b.n	20002128 <divmod_u64u64_unsafe>
2000207e:	46c0      	nop			@ (mov r8, r8)

20002080 <divmod_u64u64_savestate>:
20002080:	b5f0      	push	{r4, r5, r6, r7, lr}
20002082:	4e3a      	ldr	r6, [pc, #232]	@ (2000216c <udiv0+0x1a>)
20002084:	6e34      	ldr	r4, [r6, #96]	@ 0x60
20002086:	6e75      	ldr	r5, [r6, #100]	@ 0x64
20002088:	6f77      	ldr	r7, [r6, #116]	@ 0x74
2000208a:	6f36      	ldr	r6, [r6, #112]	@ 0x70
2000208c:	f000 f84c 	bl	20002128 <divmod_u64u64_unsafe>
20002090:	4694      	mov	ip, r2
20002092:	4a36      	ldr	r2, [pc, #216]	@ (2000216c <udiv0+0x1a>)
20002094:	6614      	str	r4, [r2, #96]	@ 0x60
20002096:	6655      	str	r5, [r2, #100]	@ 0x64
20002098:	6757      	str	r7, [r2, #116]	@ 0x74
2000209a:	6716      	str	r6, [r2, #112]	@ 0x70
2000209c:	4662      	mov	r2, ip
2000209e:	bdf0      	pop	{r4, r5, r6, r7, pc}

200020a0 <divmod_s64s64_unsafe>:
200020a0:	2b00      	cmp	r3, #0
200020a2:	db24      	blt.n	200020ee <l46_1+0x26>
200020a4:	d011      	beq.n	200020ca <l46_1+0x2>
200020a6:	2900      	cmp	r1, #0
200020a8:	da3e      	bge.n	20002128 <divmod_u64u64_unsafe>
200020aa:	b500      	push	{lr}
200020ac:	43c9      	mvns	r1, r1
200020ae:	4240      	negs	r0, r0
200020b0:	d100      	bne.n	200020b4 <l44_1>
200020b2:	3101      	adds	r1, #1

200020b4 <l44_1>:
200020b4:	f000 f838 	bl	20002128 <divmod_u64u64_unsafe>
200020b8:	43c9      	mvns	r1, r1
200020ba:	4240      	negs	r0, r0
200020bc:	d100      	bne.n	200020c0 <l45_1>
200020be:	3101      	adds	r1, #1

200020c0 <l45_1>:
200020c0:	43db      	mvns	r3, r3
200020c2:	4252      	negs	r2, r2
200020c4:	d100      	bne.n	200020c8 <l46_1>
200020c6:	3301      	adds	r3, #1

200020c8 <l46_1>:
200020c8:	bd00      	pop	{pc}
200020ca:	2a00      	cmp	r2, #0
200020cc:	d1eb      	bne.n	200020a6 <divmod_s64s64_unsafe+0x6>
200020ce:	2800      	cmp	r0, #0
200020d0:	d101      	bne.n	200020d6 <l46_1+0xe>
200020d2:	2900      	cmp	r1, #0
200020d4:	d005      	beq.n	200020e2 <l46_1+0x1a>
200020d6:	2000      	movs	r0, #0
200020d8:	0fc9      	lsrs	r1, r1, #31
200020da:	07c9      	lsls	r1, r1, #31
200020dc:	d101      	bne.n	200020e2 <l46_1+0x1a>
200020de:	43c0      	mvns	r0, r0
200020e0:	0841      	lsrs	r1, r0, #1
200020e2:	b500      	push	{lr}
200020e4:	f004 f960 	bl	200063a8 <__aeabi_idiv0>
200020e8:	2200      	movs	r2, #0
200020ea:	2300      	movs	r3, #0
200020ec:	bd00      	pop	{pc}
200020ee:	b500      	push	{lr}
200020f0:	2900      	cmp	r1, #0
200020f2:	db0a      	blt.n	2000210a <l48_1+0x2>
200020f4:	43db      	mvns	r3, r3
200020f6:	4252      	negs	r2, r2
200020f8:	d100      	bne.n	200020fc <l47_1>
200020fa:	3301      	adds	r3, #1

200020fc <l47_1>:
200020fc:	f000 f814 	bl	20002128 <divmod_u64u64_unsafe>
20002100:	43c9      	mvns	r1, r1
20002102:	4240      	negs	r0, r0
20002104:	d100      	bne.n	20002108 <l48_1>
20002106:	3101      	adds	r1, #1

20002108 <l48_1>:
20002108:	bd00      	pop	{pc}
2000210a:	43c9      	mvns	r1, r1
2000210c:	4240      	negs	r0, r0
2000210e:	d100      	bne.n	20002112 <l49_1>
20002110:	3101      	adds	r1, #1

20002112 <l49_1>:
20002112:	43db      	mvns	r3, r3
20002114:	4252      	negs	r2, r2
20002116:	d100      	bne.n	2000211a <l50_1>
20002118:	3301      	adds	r3, #1

2000211a <l50_1>:
2000211a:	f000 f805 	bl	20002128 <divmod_u64u64_unsafe>
2000211e:	43db      	mvns	r3, r3
20002120:	4252      	negs	r2, r2
20002122:	d100      	bne.n	20002126 <l51_1>
20002124:	3301      	adds	r3, #1

20002126 <l51_1>:
20002126:	bd00      	pop	{pc}

20002128 <divmod_u64u64_unsafe>:
20002128:	2900      	cmp	r1, #0
2000212a:	d123      	bne.n	20002174 <y64>
2000212c:	2b00      	cmp	r3, #0
2000212e:	d118      	bne.n	20002162 <udiv0+0x10>
20002130:	2a00      	cmp	r2, #0
20002132:	d00c      	beq.n	2000214e <divmod_u64u64_unsafe+0x26>
20002134:	46bc      	mov	ip, r7
20002136:	4f0d      	ldr	r7, [pc, #52]	@ (2000216c <udiv0+0x1a>)
20002138:	6638      	str	r0, [r7, #96]	@ 0x60
2000213a:	667a      	str	r2, [r7, #100]	@ 0x64
2000213c:	2100      	movs	r1, #0
2000213e:	2300      	movs	r3, #0
20002140:	e7ff      	b.n	20002142 <divmod_u64u64_unsafe+0x1a>
20002142:	e7ff      	b.n	20002144 <divmod_u64u64_unsafe+0x1c>
20002144:	e7ff      	b.n	20002146 <divmod_u64u64_unsafe+0x1e>
20002146:	6f7a      	ldr	r2, [r7, #116]	@ 0x74
20002148:	6f38      	ldr	r0, [r7, #112]	@ 0x70
2000214a:	4667      	mov	r7, ip
2000214c:	4770      	bx	lr
2000214e:	2800      	cmp	r0, #0
20002150:	d001      	beq.n	20002156 <udiv0+0x4>

20002152 <udiv0>:
20002152:	4807      	ldr	r0, [pc, #28]	@ (20002170 <udiv0+0x1e>)
20002154:	0001      	movs	r1, r0
20002156:	b500      	push	{lr}
20002158:	f004 f926 	bl	200063a8 <__aeabi_idiv0>
2000215c:	2200      	movs	r2, #0
2000215e:	2300      	movs	r3, #0
20002160:	bd00      	pop	{pc}
20002162:	0002      	movs	r2, r0
20002164:	000b      	movs	r3, r1
20002166:	2000      	movs	r0, #0
20002168:	2100      	movs	r1, #0
2000216a:	4770      	bx	lr
2000216c:	d0000000 	.word	0xd0000000
20002170:	ffffffff 	.word	0xffffffff

20002174 <y64>:
20002174:	2b00      	cmp	r3, #0
20002176:	d000      	beq.n	2000217a <y64+0x6>
20002178:	e0bf      	b.n	200022fa <y64_x48>
2000217a:	0c13      	lsrs	r3, r2, #16
2000217c:	d128      	bne.n	200021d0 <y64_x32>
2000217e:	2a00      	cmp	r2, #0
20002180:	d0e7      	beq.n	20002152 <udiv0>
20002182:	b480      	push	{r7}
20002184:	4f11      	ldr	r7, [pc, #68]	@ (200021cc <y64+0x58>)
20002186:	6639      	str	r1, [r7, #96]	@ 0x60
20002188:	667a      	str	r2, [r7, #100]	@ 0x64
2000218a:	e7ff      	b.n	2000218c <y64+0x18>
2000218c:	e7ff      	b.n	2000218e <y64+0x1a>
2000218e:	b430      	push	{r4, r5}
20002190:	0c04      	lsrs	r4, r0, #16
20002192:	6f7b      	ldr	r3, [r7, #116]	@ 0x74
20002194:	6f39      	ldr	r1, [r7, #112]	@ 0x70
20002196:	041b      	lsls	r3, r3, #16
20002198:	4323      	orrs	r3, r4
2000219a:	663b      	str	r3, [r7, #96]	@ 0x60
2000219c:	667a      	str	r2, [r7, #100]	@ 0x64
2000219e:	e7ff      	b.n	200021a0 <y64+0x2c>
200021a0:	e7ff      	b.n	200021a2 <y64+0x2e>
200021a2:	e7ff      	b.n	200021a4 <y64+0x30>
200021a4:	46c0      	nop			@ (mov r8, r8)
200021a6:	b284      	uxth	r4, r0
200021a8:	6f7b      	ldr	r3, [r7, #116]	@ 0x74
200021aa:	6f3d      	ldr	r5, [r7, #112]	@ 0x70
200021ac:	041b      	lsls	r3, r3, #16
200021ae:	4323      	orrs	r3, r4
200021b0:	663b      	str	r3, [r7, #96]	@ 0x60
200021b2:	667a      	str	r2, [r7, #100]	@ 0x64
200021b4:	e7ff      	b.n	200021b6 <y64+0x42>
200021b6:	e7ff      	b.n	200021b8 <y64+0x44>
200021b8:	46c0      	nop			@ (mov r8, r8)
200021ba:	2300      	movs	r3, #0
200021bc:	042c      	lsls	r4, r5, #16
200021be:	0c2d      	lsrs	r5, r5, #16
200021c0:	6f7a      	ldr	r2, [r7, #116]	@ 0x74
200021c2:	6f38      	ldr	r0, [r7, #112]	@ 0x70
200021c4:	1900      	adds	r0, r0, r4
200021c6:	4169      	adcs	r1, r5
200021c8:	bcb0      	pop	{r4, r5, r7}
200021ca:	4770      	bx	lr
200021cc:	d0000000 	.word	0xd0000000

200021d0 <y64_x32>:
200021d0:	b5f0      	push	{r4, r5, r6, r7, lr}
200021d2:	4694      	mov	ip, r2
200021d4:	2500      	movs	r5, #0
200021d6:	0e14      	lsrs	r4, r2, #24
200021d8:	d101      	bne.n	200021de <y64_x32+0xe>
200021da:	0212      	lsls	r2, r2, #8
200021dc:	3508      	adds	r5, #8
200021de:	0f14      	lsrs	r4, r2, #28
200021e0:	d101      	bne.n	200021e6 <y64_x32+0x16>
200021e2:	0112      	lsls	r2, r2, #4
200021e4:	3504      	adds	r5, #4
200021e6:	0f94      	lsrs	r4, r2, #30
200021e8:	d101      	bne.n	200021ee <y64_x32+0x1e>
200021ea:	0092      	lsls	r2, r2, #2
200021ec:	3502      	adds	r5, #2
200021ee:	0fd4      	lsrs	r4, r2, #31
200021f0:	d101      	bne.n	200021f6 <y64_x32+0x26>
200021f2:	0052      	lsls	r2, r2, #1
200021f4:	3501      	adds	r5, #1
200021f6:	0bd4      	lsrs	r4, r2, #15
200021f8:	3401      	adds	r4, #1
200021fa:	4f25      	ldr	r7, [pc, #148]	@ (20002290 <y64_x32+0xc0>)
200021fc:	667c      	str	r4, [r7, #100]	@ 0x64
200021fe:	4c25      	ldr	r4, [pc, #148]	@ (20002294 <y64_x32+0xc4>)
20002200:	663c      	str	r4, [r7, #96]	@ 0x60
20002202:	0c0e      	lsrs	r6, r1, #16
20002204:	b293      	uxth	r3, r2
20002206:	e7ff      	b.n	20002208 <y64_x32+0x38>
20002208:	e7ff      	b.n	2000220a <y64_x32+0x3a>
2000220a:	e7ff      	b.n	2000220c <y64_x32+0x3c>
2000220c:	6f3c      	ldr	r4, [r7, #112]	@ 0x70
2000220e:	4366      	muls	r6, r4
20002210:	0c36      	lsrs	r6, r6, #16
20002212:	0377      	lsls	r7, r6, #13
20002214:	46be      	mov	lr, r7
20002216:	4373      	muls	r3, r6
20002218:	0bdf      	lsrs	r7, r3, #15
2000221a:	045b      	lsls	r3, r3, #17
2000221c:	1ac0      	subs	r0, r0, r3
2000221e:	41b9      	sbcs	r1, r7
20002220:	0c13      	lsrs	r3, r2, #16
20002222:	4373      	muls	r3, r6
20002224:	18db      	adds	r3, r3, r3
20002226:	1ac9      	subs	r1, r1, r3
20002228:	08ce      	lsrs	r6, r1, #3
2000222a:	4366      	muls	r6, r4
2000222c:	0c36      	lsrs	r6, r6, #16
2000222e:	44b6      	add	lr, r6
20002230:	b293      	uxth	r3, r2
20002232:	4373      	muls	r3, r6
20002234:	0f1f      	lsrs	r7, r3, #28
20002236:	011b      	lsls	r3, r3, #4
20002238:	1ac0      	subs	r0, r0, r3
2000223a:	41b9      	sbcs	r1, r7
2000223c:	0c13      	lsrs	r3, r2, #16
2000223e:	4373      	muls	r3, r6
20002240:	0b1f      	lsrs	r7, r3, #12
20002242:	051b      	lsls	r3, r3, #20
20002244:	1ac0      	subs	r0, r0, r3
20002246:	41b9      	sbcs	r1, r7
20002248:	0d86      	lsrs	r6, r0, #22
2000224a:	028f      	lsls	r7, r1, #10
2000224c:	433e      	orrs	r6, r7
2000224e:	4366      	muls	r6, r4
20002250:	0c36      	lsrs	r6, r6, #16
20002252:	2d09      	cmp	r5, #9
20002254:	db24      	blt.n	200022a0 <last0>
20002256:	0a52      	lsrs	r2, r2, #9
20002258:	4372      	muls	r2, r6
2000225a:	1a80      	subs	r0, r0, r2
2000225c:	0377      	lsls	r7, r6, #13
2000225e:	0a46      	lsrs	r6, r0, #9
20002260:	4366      	muls	r6, r4
20002262:	0c36      	lsrs	r6, r6, #16
20002264:	2316      	movs	r3, #22
20002266:	1b5b      	subs	r3, r3, r5
20002268:	40de      	lsrs	r6, r3
2000226a:	40df      	lsrs	r7, r3
2000226c:	19bf      	adds	r7, r7, r6
2000226e:	4664      	mov	r4, ip
20002270:	4366      	muls	r6, r4
20002272:	1b82      	subs	r2, r0, r6
20002274:	4670      	mov	r0, lr
20002276:	3504      	adds	r5, #4
20002278:	3306      	adds	r3, #6
2000227a:	0001      	movs	r1, r0
2000227c:	40d9      	lsrs	r1, r3
2000227e:	40a8      	lsls	r0, r5
20002280:	19c0      	adds	r0, r0, r7
20002282:	d300      	bcc.n	20002286 <y64_x32+0xb6>
20002284:	3101      	adds	r1, #1
20002286:	42a2      	cmp	r2, r4
20002288:	d206      	bcs.n	20002298 <y64_x32+0xc8>
2000228a:	2300      	movs	r3, #0
2000228c:	bdf0      	pop	{r4, r5, r6, r7, pc}
2000228e:	0000      	.short	0x0000
20002290:	d0000000 	.word	0xd0000000
20002294:	ffffffff 	.word	0xffffffff
20002298:	1b12      	subs	r2, r2, r4
2000229a:	3001      	adds	r0, #1
2000229c:	d3f3      	bcc.n	20002286 <y64_x32+0xb6>
2000229e:	e7f1      	b.n	20002284 <y64_x32+0xb4>

200022a0 <last0>:
200022a0:	2709      	movs	r7, #9
200022a2:	1b7f      	subs	r7, r7, r5
200022a4:	40fe      	lsrs	r6, r7
200022a6:	4664      	mov	r4, ip
200022a8:	b2a2      	uxth	r2, r4
200022aa:	4372      	muls	r2, r6
200022ac:	1a80      	subs	r0, r0, r2
200022ae:	d200      	bcs.n	200022b2 <last0+0x12>
200022b0:	3901      	subs	r1, #1
200022b2:	0c22      	lsrs	r2, r4, #16
200022b4:	4372      	muls	r2, r6
200022b6:	0c13      	lsrs	r3, r2, #16
200022b8:	0412      	lsls	r2, r2, #16
200022ba:	1a82      	subs	r2, r0, r2
200022bc:	4199      	sbcs	r1, r3
200022be:	000b      	movs	r3, r1
200022c0:	4670      	mov	r0, lr
200022c2:	3504      	adds	r5, #4
200022c4:	3713      	adds	r7, #19
200022c6:	0001      	movs	r1, r0
200022c8:	40f9      	lsrs	r1, r7
200022ca:	40a8      	lsls	r0, r5
200022cc:	1980      	adds	r0, r0, r6
200022ce:	d300      	bcc.n	200022d2 <last0+0x32>
200022d0:	3101      	adds	r1, #1
200022d2:	2b00      	cmp	r3, #0
200022d4:	d102      	bne.n	200022dc <last0+0x3c>
200022d6:	42a2      	cmp	r2, r4
200022d8:	d20a      	bcs.n	200022f0 <last0+0x50>
200022da:	bdf0      	pop	{r4, r5, r6, r7, pc}
200022dc:	3001      	adds	r0, #1
200022de:	d300      	bcc.n	200022e2 <last0+0x42>
200022e0:	3101      	adds	r1, #1
200022e2:	1b12      	subs	r2, r2, r4
200022e4:	d2fa      	bcs.n	200022dc <last0+0x3c>
200022e6:	3b01      	subs	r3, #1
200022e8:	d1f8      	bne.n	200022dc <last0+0x3c>
200022ea:	42a2      	cmp	r2, r4
200022ec:	d200      	bcs.n	200022f0 <last0+0x50>
200022ee:	bdf0      	pop	{r4, r5, r6, r7, pc}
200022f0:	3001      	adds	r0, #1
200022f2:	d300      	bcc.n	200022f6 <last0+0x56>
200022f4:	3101      	adds	r1, #1
200022f6:	1b12      	subs	r2, r2, r4
200022f8:	e7f7      	b.n	200022ea <last0+0x4a>

200022fa <y64_x48>:
200022fa:	b5f0      	push	{r4, r5, r6, r7, lr}
200022fc:	0c1c      	lsrs	r4, r3, #16
200022fe:	d000      	beq.n	20002302 <y64_x48+0x8>
20002300:	e080      	b.n	20002404 <y64_x64>
20002302:	b40c      	push	{r2, r3}
20002304:	2500      	movs	r5, #0
20002306:	0a1c      	lsrs	r4, r3, #8
20002308:	d104      	bne.n	20002314 <y64_x48+0x1a>
2000230a:	021b      	lsls	r3, r3, #8
2000230c:	0e16      	lsrs	r6, r2, #24
2000230e:	4333      	orrs	r3, r6
20002310:	0212      	lsls	r2, r2, #8
20002312:	3508      	adds	r5, #8
20002314:	0b1c      	lsrs	r4, r3, #12
20002316:	d104      	bne.n	20002322 <y64_x48+0x28>
20002318:	011b      	lsls	r3, r3, #4
2000231a:	0f16      	lsrs	r6, r2, #28
2000231c:	4333      	orrs	r3, r6
2000231e:	0112      	lsls	r2, r2, #4
20002320:	3504      	adds	r5, #4
20002322:	0b9c      	lsrs	r4, r3, #14
20002324:	d104      	bne.n	20002330 <y64_x48+0x36>
20002326:	009b      	lsls	r3, r3, #2
20002328:	0f96      	lsrs	r6, r2, #30
2000232a:	4333      	orrs	r3, r6
2000232c:	0092      	lsls	r2, r2, #2
2000232e:	3502      	adds	r5, #2
20002330:	0bdc      	lsrs	r4, r3, #15
20002332:	d102      	bne.n	2000233a <y64_x48+0x40>
20002334:	1892      	adds	r2, r2, r2
20002336:	415b      	adcs	r3, r3
20002338:	3501      	adds	r5, #1
2000233a:	001c      	movs	r4, r3
2000233c:	1897      	adds	r7, r2, r2
2000233e:	4164      	adcs	r4, r4
20002340:	3401      	adds	r4, #1
20002342:	4f46      	ldr	r7, [pc, #280]	@ (2000245c <y64_x64+0x58>)
20002344:	667c      	str	r4, [r7, #100]	@ 0x64
20002346:	4c46      	ldr	r4, [pc, #280]	@ (20002460 <y64_x64+0x5c>)
20002348:	663c      	str	r4, [r7, #96]	@ 0x60
2000234a:	0c0e      	lsrs	r6, r1, #16
2000234c:	e7ff      	b.n	2000234e <y64_x48+0x54>
2000234e:	e7ff      	b.n	20002350 <y64_x48+0x56>
20002350:	e7ff      	b.n	20002352 <y64_x48+0x58>
20002352:	46c0      	nop			@ (mov r8, r8)
20002354:	6f3c      	ldr	r4, [r7, #112]	@ 0x70
20002356:	4366      	muls	r6, r4
20002358:	0c36      	lsrs	r6, r6, #16
2000235a:	0377      	lsls	r7, r6, #13
2000235c:	46be      	mov	lr, r7
2000235e:	b297      	uxth	r7, r2
20002360:	4377      	muls	r7, r6
20002362:	1bc0      	subs	r0, r0, r7
20002364:	d200      	bcs.n	20002368 <y64_x48+0x6e>
20002366:	3901      	subs	r1, #1
20002368:	1bc0      	subs	r0, r0, r7
2000236a:	d200      	bcs.n	2000236e <y64_x48+0x74>
2000236c:	3901      	subs	r1, #1
2000236e:	b29f      	uxth	r7, r3
20002370:	4377      	muls	r7, r6
20002372:	1bc9      	subs	r1, r1, r7
20002374:	1bc9      	subs	r1, r1, r7
20002376:	0c17      	lsrs	r7, r2, #16
20002378:	4377      	muls	r7, r6
2000237a:	047e      	lsls	r6, r7, #17
2000237c:	0bff      	lsrs	r7, r7, #15
2000237e:	1b80      	subs	r0, r0, r6
20002380:	41b9      	sbcs	r1, r7
20002382:	08ce      	lsrs	r6, r1, #3
20002384:	4366      	muls	r6, r4
20002386:	0c36      	lsrs	r6, r6, #16
20002388:	2d0c      	cmp	r5, #12
2000238a:	db33      	blt.n	200023f4 <last1>
2000238c:	44b6      	add	lr, r6
2000238e:	0b12      	lsrs	r2, r2, #12
20002390:	051f      	lsls	r7, r3, #20
20002392:	433a      	orrs	r2, r7
20002394:	0b1b      	lsrs	r3, r3, #12
20002396:	b297      	uxth	r7, r2
20002398:	4377      	muls	r7, r6
2000239a:	1bc0      	subs	r0, r0, r7
2000239c:	d200      	bcs.n	200023a0 <y64_x48+0xa6>
2000239e:	3901      	subs	r1, #1
200023a0:	b29f      	uxth	r7, r3
200023a2:	4377      	muls	r7, r6
200023a4:	1bc9      	subs	r1, r1, r7
200023a6:	0c17      	lsrs	r7, r2, #16
200023a8:	4377      	muls	r7, r6
200023aa:	043e      	lsls	r6, r7, #16
200023ac:	0c3f      	lsrs	r7, r7, #16
200023ae:	1b80      	subs	r0, r0, r6
200023b0:	41b9      	sbcs	r1, r7
200023b2:	0d86      	lsrs	r6, r0, #22
200023b4:	028f      	lsls	r7, r1, #10
200023b6:	433e      	orrs	r6, r7
200023b8:	4366      	muls	r6, r4
200023ba:	2729      	movs	r7, #41	@ 0x29
200023bc:	1b7f      	subs	r7, r7, r5
200023be:	40fe      	lsrs	r6, r7
200023c0:	3d0c      	subs	r5, #12
200023c2:	4677      	mov	r7, lr
200023c4:	40af      	lsls	r7, r5
200023c6:	19bf      	adds	r7, r7, r6
200023c8:	bc30      	pop	{r4, r5}
200023ca:	b2a2      	uxth	r2, r4
200023cc:	b2ab      	uxth	r3, r5
200023ce:	4372      	muls	r2, r6
200023d0:	4373      	muls	r3, r6
200023d2:	1a80      	subs	r0, r0, r2
200023d4:	4199      	sbcs	r1, r3
200023d6:	0c22      	lsrs	r2, r4, #16
200023d8:	4372      	muls	r2, r6
200023da:	0c13      	lsrs	r3, r2, #16
200023dc:	0412      	lsls	r2, r2, #16
200023de:	1a80      	subs	r0, r0, r2
200023e0:	4199      	sbcs	r1, r3
200023e2:	0002      	movs	r2, r0
200023e4:	000b      	movs	r3, r1
200023e6:	3701      	adds	r7, #1
200023e8:	1b00      	subs	r0, r0, r4
200023ea:	41a9      	sbcs	r1, r5
200023ec:	d2f9      	bcs.n	200023e2 <y64_x48+0xe8>
200023ee:	1e78      	subs	r0, r7, #1
200023f0:	2100      	movs	r1, #0
200023f2:	bdf0      	pop	{r4, r5, r6, r7, pc}

200023f4 <last1>:
200023f4:	270c      	movs	r7, #12
200023f6:	1b7f      	subs	r7, r7, r5
200023f8:	40fe      	lsrs	r6, r7
200023fa:	4677      	mov	r7, lr
200023fc:	0b7f      	lsrs	r7, r7, #13
200023fe:	40af      	lsls	r7, r5
20002400:	19ff      	adds	r7, r7, r7
20002402:	e7e0      	b.n	200023c6 <y64_x48+0xcc>

20002404 <y64_x64>:
20002404:	2400      	movs	r4, #0
20002406:	1c5d      	adds	r5, r3, #1
20002408:	d007      	beq.n	2000241a <y64_x64+0x16>
2000240a:	4f14      	ldr	r7, [pc, #80]	@ (2000245c <y64_x64+0x58>)
2000240c:	667d      	str	r5, [r7, #100]	@ 0x64
2000240e:	6639      	str	r1, [r7, #96]	@ 0x60
20002410:	e7ff      	b.n	20002412 <y64_x64+0xe>
20002412:	e7ff      	b.n	20002414 <y64_x64+0x10>
20002414:	e7ff      	b.n	20002416 <y64_x64+0x12>
20002416:	e7ff      	b.n	20002418 <y64_x64+0x14>
20002418:	6f3c      	ldr	r4, [r7, #112]	@ 0x70
2000241a:	b295      	uxth	r5, r2
2000241c:	b29e      	uxth	r6, r3
2000241e:	4365      	muls	r5, r4
20002420:	4366      	muls	r6, r4
20002422:	1b40      	subs	r0, r0, r5
20002424:	41b1      	sbcs	r1, r6
20002426:	0c15      	lsrs	r5, r2, #16
20002428:	0c1e      	lsrs	r6, r3, #16
2000242a:	4365      	muls	r5, r4
2000242c:	4366      	muls	r6, r4
2000242e:	0436      	lsls	r6, r6, #16
20002430:	0c2f      	lsrs	r7, r5, #16
20002432:	433e      	orrs	r6, r7
20002434:	042d      	lsls	r5, r5, #16
20002436:	1b40      	subs	r0, r0, r5
20002438:	41b1      	sbcs	r1, r6
2000243a:	4299      	cmp	r1, r3
2000243c:	d204      	bcs.n	20002448 <y64_x64+0x44>
2000243e:	0002      	movs	r2, r0
20002440:	000b      	movs	r3, r1
20002442:	0020      	movs	r0, r4
20002444:	2100      	movs	r1, #0
20002446:	bdf0      	pop	{r4, r5, r6, r7, pc}
20002448:	d101      	bne.n	2000244e <y64_x64+0x4a>
2000244a:	4290      	cmp	r0, r2
2000244c:	d3f7      	bcc.n	2000243e <y64_x64+0x3a>
2000244e:	1a80      	subs	r0, r0, r2
20002450:	4199      	sbcs	r1, r3
20002452:	3401      	adds	r4, #1
20002454:	4299      	cmp	r1, r3
20002456:	d3f2      	bcc.n	2000243e <y64_x64+0x3a>
20002458:	e7f6      	b.n	20002448 <y64_x64+0x44>
2000245a:	0000      	.short	0x0000
2000245c:	d0000000 	.word	0xd0000000
20002460:	ffffffff 	.word	0xffffffff

20002464 <__wrap___aeabi_drsub>:
20002464:	4048      	eors	r0, r1
20002466:	4041      	eors	r1, r0
20002468:	4048      	eors	r0, r1

2000246a <__wrap___aeabi_dsub>:
2000246a:	b418      	push	{r3, r4}
2000246c:	4b1b      	ldr	r3, [pc, #108]	@ (200024dc <__wrap___aeabi_dmul+0x12>)
2000246e:	685b      	ldr	r3, [r3, #4]
20002470:	46fc      	mov	ip, pc
20002472:	9301      	str	r3, [sp, #4]
20002474:	bd08      	pop	{r3, pc}
20002476:	df04      	.short	0xdf04
20002478:	2000273f 	.word	0x2000273f

2000247c <__wrap___aeabi_dadd>:
2000247c:	b418      	push	{r3, r4}
2000247e:	4b17      	ldr	r3, [pc, #92]	@ (200024dc <__wrap___aeabi_dmul+0x12>)
20002480:	681b      	ldr	r3, [r3, #0]
20002482:	46fc      	mov	ip, pc
20002484:	9301      	str	r3, [sp, #4]
20002486:	bd08      	pop	{r3, pc}
20002488:	2749df00 	.word	0x2749df00
2000248c:	2000      	.short	0x2000

2000248e <__wrap___aeabi_ddiv>:
2000248e:	4694      	mov	ip, r2
20002490:	4a13      	ldr	r2, [pc, #76]	@ (200024e0 <__wrap___aeabi_dmul+0x16>)
20002492:	6f92      	ldr	r2, [r2, #120]	@ 0x78
20002494:	0892      	lsrs	r2, r2, #2
20002496:	d209      	bcs.n	200024ac <ddiv_save_state>
20002498:	4662      	mov	r2, ip

2000249a <ddiv_shim_call>:
2000249a:	b418      	push	{r3, r4}
2000249c:	4b0f      	ldr	r3, [pc, #60]	@ (200024dc <__wrap___aeabi_dmul+0x12>)
2000249e:	68db      	ldr	r3, [r3, #12]
200024a0:	46fc      	mov	ip, pc
200024a2:	9301      	str	r3, [sp, #4]
200024a4:	bd08      	pop	{r3, pc}
200024a6:	df0c      	.short	0xdf0c
200024a8:	20002a01 	.word	0x20002a01

200024ac <ddiv_save_state>:
200024ac:	4a0c      	ldr	r2, [pc, #48]	@ (200024e0 <__wrap___aeabi_dmul+0x16>)
200024ae:	b5f0      	push	{r4, r5, r6, r7, lr}
200024b0:	6e14      	ldr	r4, [r2, #96]	@ 0x60
200024b2:	6e55      	ldr	r5, [r2, #100]	@ 0x64
200024b4:	6f57      	ldr	r7, [r2, #116]	@ 0x74
200024b6:	6f16      	ldr	r6, [r2, #112]	@ 0x70
200024b8:	4662      	mov	r2, ip
200024ba:	f7ff ffee 	bl	2000249a <ddiv_shim_call>
200024be:	4a08      	ldr	r2, [pc, #32]	@ (200024e0 <__wrap___aeabi_dmul+0x16>)
200024c0:	6614      	str	r4, [r2, #96]	@ 0x60
200024c2:	6655      	str	r5, [r2, #100]	@ 0x64
200024c4:	6757      	str	r7, [r2, #116]	@ 0x74
200024c6:	6716      	str	r6, [r2, #112]	@ 0x70
200024c8:	bdf0      	pop	{r4, r5, r6, r7, pc}

200024ca <__wrap___aeabi_dmul>:
200024ca:	b418      	push	{r3, r4}
200024cc:	4b03      	ldr	r3, [pc, #12]	@ (200024dc <__wrap___aeabi_dmul+0x12>)
200024ce:	689b      	ldr	r3, [r3, #8]
200024d0:	46fc      	mov	ip, pc
200024d2:	9301      	str	r3, [sp, #4]
200024d4:	bd08      	pop	{r3, pc}
200024d6:	df08      	.short	0xdf08
200024d8:	200028a5 	.word	0x200028a5
200024dc:	2000a4e0 	.word	0x2000a4e0
200024e0:	d0000000 	.word	0xd0000000

200024e4 <__wrap___aeabi_cdrcmple>:
200024e4:	b5ff      	push	{r0, r1, r2, r3, r4, r5, r6, r7, lr}
200024e6:	4050      	eors	r0, r2
200024e8:	4042      	eors	r2, r0
200024ea:	4050      	eors	r0, r2
200024ec:	4059      	eors	r1, r3
200024ee:	404b      	eors	r3, r1
200024f0:	4059      	eors	r1, r3
200024f2:	e000      	b.n	200024f6 <__aeabi_dfcmple_guts>

200024f4 <__wrap___aeabi_cdcmpeq>:
200024f4:	b5ff      	push	{r0, r1, r2, r3, r4, r5, r6, r7, lr}

200024f6 <__aeabi_dfcmple_guts>:
200024f6:	4f15      	ldr	r7, [pc, #84]	@ (2000254c <__aeabi_dfcmple_guts+0x56>)
200024f8:	004c      	lsls	r4, r1, #1
200024fa:	0d64      	lsrs	r4, r4, #21
200024fc:	d003      	beq.n	20002506 <__aeabi_dfcmple_guts+0x10>
200024fe:	42bc      	cmp	r4, r7
20002500:	d104      	bne.n	2000250c <__aeabi_dfcmple_guts+0x16>
20002502:	030c      	lsls	r4, r1, #12
20002504:	d814      	bhi.n	20002530 <__aeabi_dfcmple_guts+0x3a>
20002506:	2000      	movs	r0, #0
20002508:	0d09      	lsrs	r1, r1, #20
2000250a:	0509      	lsls	r1, r1, #20
2000250c:	005c      	lsls	r4, r3, #1
2000250e:	0d64      	lsrs	r4, r4, #21
20002510:	d003      	beq.n	2000251a <__aeabi_dfcmple_guts+0x24>
20002512:	42bc      	cmp	r4, r7
20002514:	d104      	bne.n	20002520 <__aeabi_dfcmple_guts+0x2a>
20002516:	031c      	lsls	r4, r3, #12
20002518:	d80a      	bhi.n	20002530 <__aeabi_dfcmple_guts+0x3a>
2000251a:	2200      	movs	r2, #0
2000251c:	0d1b      	lsrs	r3, r3, #20
2000251e:	051b      	lsls	r3, r3, #20
20002520:	2601      	movs	r6, #1
20002522:	404b      	eors	r3, r1
20002524:	d409      	bmi.n	2000253a <__aeabi_dfcmple_guts+0x44>
20002526:	404b      	eors	r3, r1
20002528:	d503      	bpl.n	20002532 <__aeabi_dfcmple_guts+0x3c>
2000252a:	428b      	cmp	r3, r1
2000252c:	d100      	bne.n	20002530 <__aeabi_dfcmple_guts+0x3a>
2000252e:	4282      	cmp	r2, r0
20002530:	bdff      	pop	{r0, r1, r2, r3, r4, r5, r6, r7, pc}
20002532:	4299      	cmp	r1, r3
20002534:	d1fc      	bne.n	20002530 <__aeabi_dfcmple_guts+0x3a>
20002536:	4290      	cmp	r0, r2
20002538:	bdff      	pop	{r0, r1, r2, r3, r4, r5, r6, r7, pc}
2000253a:	430b      	orrs	r3, r1
2000253c:	18db      	adds	r3, r3, r3
2000253e:	4303      	orrs	r3, r0
20002540:	4313      	orrs	r3, r2
20002542:	d0f5      	beq.n	20002530 <__aeabi_dfcmple_guts+0x3a>
20002544:	43c9      	mvns	r1, r1
20002546:	1849      	adds	r1, r1, r1
20002548:	bdff      	pop	{r0, r1, r2, r3, r4, r5, r6, r7, pc}
2000254a:	0000      	.short	0x0000
2000254c:	000007ff 	.word	0x000007ff

20002550 <__wrap___aeabi_dcmplt>:
20002550:	b500      	push	{lr}
20002552:	f7ff ffcf 	bl	200024f4 <__wrap___aeabi_cdcmpeq>
20002556:	4180      	sbcs	r0, r0
20002558:	bd00      	pop	{pc}
2000255a:	46c0      	nop			@ (mov r8, r8)

2000255c <__wrap___aeabi_dcmple>:
2000255c:	b500      	push	{lr}
2000255e:	f7ff ffc9 	bl	200024f4 <__wrap___aeabi_cdcmpeq>
20002562:	d901      	bls.n	20002568 <__wrap___aeabi_dcmple+0xc>
20002564:	2000      	movs	r0, #0
20002566:	bd00      	pop	{pc}
20002568:	2001      	movs	r0, #1
2000256a:	bd00      	pop	{pc}

2000256c <__wrap___aeabi_dcmpge>:
2000256c:	b500      	push	{lr}
2000256e:	f7ff ffb9 	bl	200024e4 <__wrap___aeabi_cdrcmple>
20002572:	d901      	bls.n	20002578 <__wrap___aeabi_dcmpge+0xc>
20002574:	2000      	movs	r0, #0
20002576:	bd00      	pop	{pc}
20002578:	2001      	movs	r0, #1
2000257a:	bd00      	pop	{pc}

2000257c <__wrap___aeabi_dcmpgt>:
2000257c:	b500      	push	{lr}
2000257e:	f7ff ffb1 	bl	200024e4 <__wrap___aeabi_cdrcmple>
20002582:	4180      	sbcs	r0, r0
20002584:	bd00      	pop	{pc}

20002586 <__wrap___aeabi_dcmpun>:
20002586:	2001      	movs	r0, #1
20002588:	0540      	lsls	r0, r0, #21
2000258a:	004a      	lsls	r2, r1, #1
2000258c:	1812      	adds	r2, r2, r0
2000258e:	d804      	bhi.n	2000259a <__wrap___aeabi_dcmpun+0x14>
20002590:	005a      	lsls	r2, r3, #1
20002592:	1812      	adds	r2, r2, r0
20002594:	d801      	bhi.n	2000259a <__wrap___aeabi_dcmpun+0x14>
20002596:	2000      	movs	r0, #0
20002598:	4770      	bx	lr
2000259a:	2001      	movs	r0, #1
2000259c:	4770      	bx	lr
	...

200025a0 <__wrap___aeabi_ui2d>:
200025a0:	2100      	movs	r1, #0
200025a2:	2800      	cmp	r0, #0
200025a4:	d105      	bne.n	200025b2 <__wrap___aeabi_i2d+0xa>
200025a6:	4770      	bx	lr

200025a8 <__wrap___aeabi_i2d>:
200025a8:	17c1      	asrs	r1, r0, #31
200025aa:	4048      	eors	r0, r1
200025ac:	1a40      	subs	r0, r0, r1
200025ae:	d0fa      	beq.n	200025a6 <__wrap___aeabi_ui2d+0x6>
200025b0:	07c9      	lsls	r1, r1, #31
200025b2:	b513      	push	{r0, r1, r4, lr}
200025b4:	4b06      	ldr	r3, [pc, #24]	@ (200025d0 <__wrap___aeabi_i2d+0x28>)
200025b6:	681b      	ldr	r3, [r3, #0]
200025b8:	4798      	blx	r3
200025ba:	bc0c      	pop	{r2, r3}
200025bc:	1c44      	adds	r4, r0, #1
200025be:	40a2      	lsls	r2, r4
200025c0:	0510      	lsls	r0, r2, #20
200025c2:	0b12      	lsrs	r2, r2, #12
200025c4:	4903      	ldr	r1, [pc, #12]	@ (200025d4 <__wrap___aeabi_i2d+0x2c>)
200025c6:	1b09      	subs	r1, r1, r4
200025c8:	0509      	lsls	r1, r1, #20
200025ca:	4319      	orrs	r1, r3
200025cc:	4311      	orrs	r1, r2
200025ce:	bd10      	pop	{r4, pc}
200025d0:	2000a5e0 	.word	0x2000a5e0
200025d4:	0000041f 	.word	0x0000041f

200025d8 <__wrap___aeabi_d2iz>:
200025d8:	b510      	push	{r4, lr}
200025da:	004c      	lsls	r4, r1, #1
200025dc:	0d62      	lsrs	r2, r4, #21
200025de:	2380      	movs	r3, #128	@ 0x80
200025e0:	18d2      	adds	r2, r2, r3
200025e2:	00db      	lsls	r3, r3, #3
200025e4:	1ad2      	subs	r2, r2, r3
200025e6:	055b      	lsls	r3, r3, #21
200025e8:	2a7e      	cmp	r2, #126	@ 0x7e
200025ea:	dd10      	ble.n	2000260e <__wrap___aeabi_d2iz+0x36>
200025ec:	3a9e      	subs	r2, #158	@ 0x9e
200025ee:	da13      	bge.n	20002618 <__wrap___aeabi_d2iz+0x40>
200025f0:	17cc      	asrs	r4, r1, #31
200025f2:	0309      	lsls	r1, r1, #12
200025f4:	0849      	lsrs	r1, r1, #1
200025f6:	4319      	orrs	r1, r3
200025f8:	4252      	negs	r2, r2
200025fa:	40d1      	lsrs	r1, r2
200025fc:	0064      	lsls	r4, r4, #1
200025fe:	3401      	adds	r4, #1
20002600:	3215      	adds	r2, #21
20002602:	2a20      	cmp	r2, #32
20002604:	da05      	bge.n	20002612 <__wrap___aeabi_d2iz+0x3a>
20002606:	40d0      	lsrs	r0, r2
20002608:	4308      	orrs	r0, r1
2000260a:	4360      	muls	r0, r4
2000260c:	bd10      	pop	{r4, pc}
2000260e:	2000      	movs	r0, #0
20002610:	bd10      	pop	{r4, pc}
20002612:	4608      	mov	r0, r1
20002614:	4360      	muls	r0, r4
20002616:	bd10      	pop	{r4, pc}
20002618:	0fc8      	lsrs	r0, r1, #31
2000261a:	18c0      	adds	r0, r0, r3
2000261c:	3801      	subs	r0, #1
2000261e:	bd10      	pop	{r4, pc}

20002620 <__wrap___aeabi_d2uiz>:
20002620:	b418      	push	{r3, r4}
20002622:	4b04      	ldr	r3, [pc, #16]	@ (20002634 <__wrap___aeabi_d2uiz+0x14>)
20002624:	6a5b      	ldr	r3, [r3, #36]	@ 0x24
20002626:	46fc      	mov	ip, pc
20002628:	9301      	str	r3, [sp, #4]
2000262a:	bd08      	pop	{r3, pc}
2000262c:	2bb1df24 	.word	0x2bb1df24
20002630:	00002000 	.word	0x00002000
20002634:	2000a4e0 	.word	0x2000a4e0

20002638 <__aeabi_double_init>:
20002638:	b570      	push	{r4, r5, r6, lr}
2000263a:	2313      	movs	r3, #19
2000263c:	781c      	ldrb	r4, [r3, #0]
2000263e:	2c01      	cmp	r4, #1
20002640:	d012      	beq.n	20002668 <__aeabi_double_init+0x30>
20002642:	2c01      	cmp	r4, #1
20002644:	dc12      	bgt.n	2000266c <__aeabi_double_init+0x34>
20002646:	4b21      	ldr	r3, [pc, #132]	@ (200026cc <__aeabi_double_init+0x94>)
20002648:	4a21      	ldr	r2, [pc, #132]	@ (200026d0 <__aeabi_double_init+0x98>)
2000264a:	6493      	str	r3, [r2, #72]	@ 0x48
2000264c:	4821      	ldr	r0, [pc, #132]	@ (200026d4 <__aeabi_double_init+0x9c>)
2000264e:	f7ff fb55 	bl	20001cfc <rom_func_lookup>
20002652:	4b21      	ldr	r3, [pc, #132]	@ (200026d8 <__aeabi_double_init+0xa0>)
20002654:	6018      	str	r0, [r3, #0]
20002656:	bd70      	pop	{r4, r5, r6, pc}
20002658:	491c      	ldr	r1, [pc, #112]	@ (200026cc <__aeabi_double_init+0x94>)
2000265a:	4a1d      	ldr	r2, [pc, #116]	@ (200026d0 <__aeabi_double_init+0x98>)
2000265c:	0098      	lsls	r0, r3, #2
2000265e:	5081      	str	r1, [r0, r2]
20002660:	3301      	adds	r3, #1
20002662:	2b1f      	cmp	r3, #31
20002664:	d9f8      	bls.n	20002658 <__aeabi_double_init+0x20>
20002666:	e7ec      	b.n	20002642 <__aeabi_double_init+0xa>
20002668:	2300      	movs	r3, #0
2000266a:	e7fa      	b.n	20002662 <__aeabi_double_init+0x2a>
2000266c:	481b      	ldr	r0, [pc, #108]	@ (200026dc <__aeabi_double_init+0xa4>)
2000266e:	f7ff fb4d 	bl	20001d0c <rom_data_lookup>
20002672:	0005      	movs	r5, r0
20002674:	481a      	ldr	r0, [pc, #104]	@ (200026e0 <__aeabi_double_init+0xa8>)
20002676:	f7ff fb49 	bl	20001d0c <rom_data_lookup>
2000267a:	3802      	subs	r0, #2
2000267c:	7803      	ldrb	r3, [r0, #0]
2000267e:	009b      	lsls	r3, r3, #2
20002680:	2b7f      	cmp	r3, #127	@ 0x7f
20002682:	dd09      	ble.n	20002698 <__aeabi_double_init+0x60>
20002684:	4812      	ldr	r0, [pc, #72]	@ (200026d0 <__aeabi_double_init+0x98>)
20002686:	2280      	movs	r2, #128	@ 0x80
20002688:	0029      	movs	r1, r5
2000268a:	f000 fbaf 	bl	20002dec <__wrap___aeabi_memcpy>
2000268e:	2c02      	cmp	r4, #2
20002690:	d008      	beq.n	200026a4 <__aeabi_double_init+0x6c>
20002692:	2c02      	cmp	r4, #2
20002694:	dcda      	bgt.n	2000264c <__aeabi_double_init+0x14>
20002696:	e7d6      	b.n	20002646 <__aeabi_double_init+0xe>
20002698:	4b12      	ldr	r3, [pc, #72]	@ (200026e4 <__aeabi_double_init+0xac>)
2000269a:	4a13      	ldr	r2, [pc, #76]	@ (200026e8 <__aeabi_double_init+0xb0>)
2000269c:	4813      	ldr	r0, [pc, #76]	@ (200026ec <__aeabi_double_init+0xb4>)
2000269e:	2134      	movs	r1, #52	@ 0x34
200026a0:	f001 fcbc 	bl	2000401c <__assert_func>
200026a4:	4b12      	ldr	r3, [pc, #72]	@ (200026f0 <__aeabi_double_init+0xb8>)
200026a6:	881a      	ldrh	r2, [r3, #0]
200026a8:	23b5      	movs	r3, #181	@ 0xb5
200026aa:	021b      	lsls	r3, r3, #8
200026ac:	429a      	cmp	r2, r3
200026ae:	d109      	bne.n	200026c4 <__aeabi_double_init+0x8c>
200026b0:	4b10      	ldr	r3, [pc, #64]	@ (200026f4 <__aeabi_double_init+0xbc>)
200026b2:	881a      	ldrh	r2, [r3, #0]
200026b4:	4b10      	ldr	r3, [pc, #64]	@ (200026f8 <__aeabi_double_init+0xc0>)
200026b6:	429a      	cmp	r2, r3
200026b8:	d104      	bne.n	200026c4 <__aeabi_double_init+0x8c>
200026ba:	4b10      	ldr	r3, [pc, #64]	@ (200026fc <__aeabi_double_init+0xc4>)
200026bc:	881a      	ldrh	r2, [r3, #0]
200026be:	4b10      	ldr	r3, [pc, #64]	@ (20002700 <__aeabi_double_init+0xc8>)
200026c0:	429a      	cmp	r2, r3
200026c2:	d0e6      	beq.n	20002692 <__aeabi_double_init+0x5a>
200026c4:	2000      	movs	r0, #0
200026c6:	f7fe f975 	bl	200009b4 <panic>
200026ca:	46c0      	nop			@ (mov r8, r8)
200026cc:	20002705 	.word	0x20002705
200026d0:	2000a4e0 	.word	0x2000a4e0
200026d4:	0000334c 	.word	0x0000334c
200026d8:	2000a5e0 	.word	0x2000a5e0
200026dc:	00004453 	.word	0x00004453
200026e0:	00004653 	.word	0x00004653
200026e4:	20007534 	.word	0x20007534
200026e8:	20007cc0 	.word	0x20007cc0
200026ec:	20007578 	.word	0x20007578
200026f0:	00003854 	.word	0x00003854
200026f4:	000038d8 	.word	0x000038d8
200026f8:	00004649 	.word	0x00004649
200026fc:	0000389c 	.word	0x0000389c
20002700:	00004659 	.word	0x00004659

20002704 <double_table_shim_on_use_helper>:
20002704:	b507      	push	{r0, r1, r2, lr}
20002706:	4660      	mov	r0, ip
20002708:	2800      	cmp	r0, #0
2000270a:	d100      	bne.n	2000270e <double_table_shim_on_use_helper+0xa>
2000270c:	be00      	bkpt	0x0000
2000270e:	8801      	ldrh	r1, [r0, #0]
20002710:	0a0a      	lsrs	r2, r1, #8
20002712:	3002      	adds	r0, #2
20002714:	2adf      	cmp	r2, #223	@ 0xdf
20002716:	d1fa      	bne.n	2000270e <double_table_shim_on_use_helper+0xa>
20002718:	b2c9      	uxtb	r1, r1
2000271a:	0882      	lsrs	r2, r0, #2
2000271c:	d304      	bcc.n	20002728 <double_table_shim_on_use_helper+0x24>
2000271e:	8802      	ldrh	r2, [r0, #0]
20002720:	8840      	ldrh	r0, [r0, #2]
20002722:	0400      	lsls	r0, r0, #16
20002724:	4310      	orrs	r0, r2
20002726:	e000      	b.n	2000272a <double_table_shim_on_use_helper+0x26>
20002728:	6800      	ldr	r0, [r0, #0]
2000272a:	4a02      	ldr	r2, [pc, #8]	@ (20002734 <double_table_shim_on_use_helper+0x30>)
2000272c:	5050      	str	r0, [r2, r1]
2000272e:	9003      	str	r0, [sp, #12]
20002730:	bd07      	pop	{r0, r1, r2, pc}
20002732:	0000      	.short	0x0000
20002734:	2000a4e0 	.word	0x2000a4e0

20002738 <drsub_shim>:
20002738:	b40f      	push	{r0, r1, r2, r3}
2000273a:	bc03      	pop	{r0, r1}
2000273c:	bc0c      	pop	{r2, r3}

2000273e <dsub_shim>:
2000273e:	b5f0      	push	{r4, r5, r6, r7, lr}
20002740:	2401      	movs	r4, #1
20002742:	07e4      	lsls	r4, r4, #31
20002744:	4063      	eors	r3, r4
20002746:	e000      	b.n	2000274a <da_entry>

20002748 <dadd_shim>:
20002748:	b5f0      	push	{r4, r5, r6, r7, lr}

2000274a <da_entry>:
2000274a:	0d0c      	lsrs	r4, r1, #20
2000274c:	0fcf      	lsrs	r7, r1, #31
2000274e:	1e66      	subs	r6, r4, #1
20002750:	0536      	lsls	r6, r6, #20
20002752:	1b89      	subs	r1, r1, r6
20002754:	0564      	lsls	r4, r4, #21
20002756:	d303      	bcc.n	20002760 <l8_1>
20002758:	43c9      	mvns	r1, r1
2000275a:	4240      	negs	r0, r0
2000275c:	d300      	bcc.n	20002760 <l8_1>
2000275e:	3101      	adds	r1, #1

20002760 <l8_1>:
20002760:	0d64      	lsrs	r4, r4, #21
20002762:	d003      	beq.n	2000276c <l8_2>
20002764:	1c66      	adds	r6, r4, #1
20002766:	0af6      	lsrs	r6, r6, #11
20002768:	d007      	beq.n	2000277a <l8_3>
2000276a:	1be4      	subs	r4, r4, r7

2000276c <l8_2>:
2000276c:	2000      	movs	r0, #0
2000276e:	007f      	lsls	r7, r7, #1
20002770:	1c79      	adds	r1, r7, #1
20002772:	0789      	lsls	r1, r1, #30
20002774:	1289      	asrs	r1, r1, #10
20002776:	3c80      	subs	r4, #128	@ 0x80
20002778:	0324      	lsls	r4, r4, #12

2000277a <l8_3>:
2000277a:	0d1d      	lsrs	r5, r3, #20
2000277c:	0fdf      	lsrs	r7, r3, #31
2000277e:	1e6e      	subs	r6, r5, #1
20002780:	0536      	lsls	r6, r6, #20
20002782:	1b9b      	subs	r3, r3, r6
20002784:	056d      	lsls	r5, r5, #21
20002786:	d303      	bcc.n	20002790 <l9_1>
20002788:	43db      	mvns	r3, r3
2000278a:	4252      	negs	r2, r2
2000278c:	d300      	bcc.n	20002790 <l9_1>
2000278e:	3301      	adds	r3, #1

20002790 <l9_1>:
20002790:	0d6d      	lsrs	r5, r5, #21
20002792:	d003      	beq.n	2000279c <l9_2>
20002794:	1c6e      	adds	r6, r5, #1
20002796:	0af6      	lsrs	r6, r6, #11
20002798:	d007      	beq.n	200027aa <l9_3>
2000279a:	1bed      	subs	r5, r5, r7

2000279c <l9_2>:
2000279c:	2200      	movs	r2, #0
2000279e:	007f      	lsls	r7, r7, #1
200027a0:	1c7b      	adds	r3, r7, #1
200027a2:	079b      	lsls	r3, r3, #30
200027a4:	129b      	asrs	r3, r3, #10
200027a6:	3d80      	subs	r5, #128	@ 0x80
200027a8:	032d      	lsls	r5, r5, #12

200027aa <l9_3>:
200027aa:	1b2f      	subs	r7, r5, r4
200027ac:	1b66      	subs	r6, r4, r5
200027ae:	d458      	bmi.n	20002862 <da_ygtx>
200027b0:	46a4      	mov	ip, r4
200027b2:	2e20      	cmp	r6, #32
200027b4:	da46      	bge.n	20002844 <da_xrgty>
200027b6:	3720      	adds	r7, #32
200027b8:	0014      	movs	r4, r2
200027ba:	40bc      	lsls	r4, r7

200027bc <da_xgty0>:
200027bc:	001d      	movs	r5, r3
200027be:	40bd      	lsls	r5, r7
200027c0:	40f2      	lsrs	r2, r6
200027c2:	4133      	asrs	r3, r6
200027c4:	432a      	orrs	r2, r5

200027c6 <da_add>:
200027c6:	1880      	adds	r0, r0, r2
200027c8:	4159      	adcs	r1, r3

200027ca <da_pack>:
200027ca:	0fcb      	lsrs	r3, r1, #31
200027cc:	d005      	beq.n	200027da <da_pack+0x10>
200027ce:	43c9      	mvns	r1, r1
200027d0:	43c0      	mvns	r0, r0
200027d2:	2200      	movs	r2, #0
200027d4:	4264      	negs	r4, r4
200027d6:	4150      	adcs	r0, r2
200027d8:	4151      	adcs	r1, r2
200027da:	4662      	mov	r2, ip
200027dc:	0d4d      	lsrs	r5, r1, #21
200027de:	d128      	bne.n	20002832 <da_0>
200027e0:	0d0d      	lsrs	r5, r1, #20
200027e2:	d107      	bne.n	200027f4 <da_1>
200027e4:	2800      	cmp	r0, #0
200027e6:	d01f      	beq.n	20002828 <da_5>

200027e8 <da_2>:
200027e8:	1924      	adds	r4, r4, r4
200027ea:	4140      	adcs	r0, r0
200027ec:	4149      	adcs	r1, r1
200027ee:	3a01      	subs	r2, #1
200027f0:	0d0d      	lsrs	r5, r1, #20
200027f2:	d0f9      	beq.n	200027e8 <da_2>

200027f4 <da_1>:
200027f4:	0064      	lsls	r4, r4, #1
200027f6:	d306      	bcc.n	20002806 <da_3>

200027f8 <da_4>:
200027f8:	3001      	adds	r0, #1
200027fa:	d300      	bcc.n	200027fe <da_4+0x6>
200027fc:	3101      	adds	r1, #1
200027fe:	2c00      	cmp	r4, #0
20002800:	d101      	bne.n	20002806 <da_3>
20002802:	0840      	lsrs	r0, r0, #1
20002804:	0040      	lsls	r0, r0, #1

20002806 <da_3>:
20002806:	3a01      	subs	r2, #1
20002808:	d40b      	bmi.n	20002822 <da_6>
2000280a:	1c94      	adds	r4, r2, #2
2000280c:	0ae4      	lsrs	r4, r4, #11
2000280e:	d104      	bne.n	2000281a <da_7>
20002810:	0512      	lsls	r2, r2, #20
20002812:	4411      	add	r1, r2
20002814:	07db      	lsls	r3, r3, #31
20002816:	4419      	add	r1, r3
20002818:	bdf0      	pop	{r4, r5, r6, r7, pc}

2000281a <da_7>:
2000281a:	07d9      	lsls	r1, r3, #31
2000281c:	4b20      	ldr	r3, [pc, #128]	@ (200028a0 <da_xmgty+0x4>)
2000281e:	4319      	orrs	r1, r3
20002820:	e000      	b.n	20002824 <da_6+0x2>

20002822 <da_6>:
20002822:	07d9      	lsls	r1, r3, #31
20002824:	2000      	movs	r0, #0
20002826:	bdf0      	pop	{r4, r5, r6, r7, pc}

20002828 <da_5>:
20002828:	2900      	cmp	r1, #0
2000282a:	d1dd      	bne.n	200027e8 <da_2>
2000282c:	2c00      	cmp	r4, #0
2000282e:	d1db      	bne.n	200027e8 <da_2>
20002830:	bdf0      	pop	{r4, r5, r6, r7, pc}

20002832 <da_0>:
20002832:	3201      	adds	r2, #1
20002834:	07c6      	lsls	r6, r0, #31
20002836:	0840      	lsrs	r0, r0, #1
20002838:	07cd      	lsls	r5, r1, #31
2000283a:	4328      	orrs	r0, r5
2000283c:	0849      	lsrs	r1, r1, #1
2000283e:	2e00      	cmp	r6, #0
20002840:	d0e1      	beq.n	20002806 <da_3>
20002842:	e7d9      	b.n	200027f8 <da_4>

20002844 <da_xrgty>:
20002844:	2e3c      	cmp	r6, #60	@ 0x3c
20002846:	da29      	bge.n	2000289c <da_xmgty>
20002848:	3e20      	subs	r6, #32
2000284a:	3740      	adds	r7, #64	@ 0x40
2000284c:	0014      	movs	r4, r2
2000284e:	40bc      	lsls	r4, r7
20002850:	d000      	beq.n	20002854 <da_xrgty+0x10>
20002852:	2401      	movs	r4, #1
20002854:	40f2      	lsrs	r2, r6
20002856:	4314      	orrs	r4, r2
20002858:	001a      	movs	r2, r3
2000285a:	40bb      	lsls	r3, r7
2000285c:	431c      	orrs	r4, r3
2000285e:	17d3      	asrs	r3, r2, #31
20002860:	e7ac      	b.n	200027bc <da_xgty0>

20002862 <da_ygtx>:
20002862:	46ac      	mov	ip, r5
20002864:	2f20      	cmp	r7, #32
20002866:	da08      	bge.n	2000287a <da_yrgtx>
20002868:	3620      	adds	r6, #32
2000286a:	0004      	movs	r4, r0
2000286c:	40b4      	lsls	r4, r6

2000286e <da_ygtx0>:
2000286e:	000d      	movs	r5, r1
20002870:	40b5      	lsls	r5, r6
20002872:	40f8      	lsrs	r0, r7
20002874:	4139      	asrs	r1, r7
20002876:	4328      	orrs	r0, r5
20002878:	e7a5      	b.n	200027c6 <da_add>

2000287a <da_yrgtx>:
2000287a:	2f3c      	cmp	r7, #60	@ 0x3c
2000287c:	da0c      	bge.n	20002898 <da_ymgtx>
2000287e:	3f20      	subs	r7, #32
20002880:	3640      	adds	r6, #64	@ 0x40
20002882:	0004      	movs	r4, r0
20002884:	40b4      	lsls	r4, r6
20002886:	d000      	beq.n	2000288a <da_yrgtx+0x10>
20002888:	2401      	movs	r4, #1
2000288a:	40f8      	lsrs	r0, r7
2000288c:	4304      	orrs	r4, r0
2000288e:	0008      	movs	r0, r1
20002890:	40b1      	lsls	r1, r6
20002892:	430c      	orrs	r4, r1
20002894:	17c1      	asrs	r1, r0, #31
20002896:	e7ea      	b.n	2000286e <da_ygtx0>

20002898 <da_ymgtx>:
20002898:	0010      	movs	r0, r2
2000289a:	0019      	movs	r1, r3

2000289c <da_xmgty>:
2000289c:	2400      	movs	r4, #0
2000289e:	e794      	b.n	200027ca <da_pack>
200028a0:	7ff00000 	.word	0x7ff00000

200028a4 <dmul_shim>:
200028a4:	b5f0      	push	{r4, r5, r6, r7, lr}
200028a6:	0d0c      	lsrs	r4, r1, #20
200028a8:	1e66      	subs	r6, r4, #1
200028aa:	0536      	lsls	r6, r6, #20
200028ac:	1b89      	subs	r1, r1, r6
200028ae:	0ae6      	lsrs	r6, r4, #11
200028b0:	0564      	lsls	r4, r4, #21
200028b2:	0d64      	lsrs	r4, r4, #21
200028b4:	d002      	beq.n	200028bc <l12_1>
200028b6:	1c65      	adds	r5, r4, #1
200028b8:	0aed      	lsrs	r5, r5, #11
200028ba:	d004      	beq.n	200028c6 <l12_2>

200028bc <l12_1>:
200028bc:	2000      	movs	r0, #0
200028be:	2101      	movs	r1, #1
200028c0:	0509      	lsls	r1, r1, #20
200028c2:	3c80      	subs	r4, #128	@ 0x80
200028c4:	0324      	lsls	r4, r4, #12

200028c6 <l12_2>:
200028c6:	46a4      	mov	ip, r4
200028c8:	0d1c      	lsrs	r4, r3, #20
200028ca:	1e67      	subs	r7, r4, #1
200028cc:	053f      	lsls	r7, r7, #20
200028ce:	1bdb      	subs	r3, r3, r7
200028d0:	0ae7      	lsrs	r7, r4, #11
200028d2:	0564      	lsls	r4, r4, #21
200028d4:	0d64      	lsrs	r4, r4, #21
200028d6:	d002      	beq.n	200028de <l13_1>
200028d8:	1c65      	adds	r5, r4, #1
200028da:	0aed      	lsrs	r5, r5, #11
200028dc:	d004      	beq.n	200028e8 <l13_2>

200028de <l13_1>:
200028de:	2200      	movs	r2, #0
200028e0:	2301      	movs	r3, #1
200028e2:	051b      	lsls	r3, r3, #20
200028e4:	3c80      	subs	r4, #128	@ 0x80
200028e6:	0324      	lsls	r4, r4, #12

200028e8 <l13_2>:
200028e8:	4077      	eors	r7, r6
200028ea:	4464      	add	r4, ip
200028ec:	b497      	push	{r0, r1, r2, r4, r7}
200028ee:	b284      	uxth	r4, r0
200028f0:	b296      	uxth	r6, r2
200028f2:	4374      	muls	r4, r6
200028f4:	0c07      	lsrs	r7, r0, #16
200028f6:	437e      	muls	r6, r7
200028f8:	0c15      	lsrs	r5, r2, #16
200028fa:	436f      	muls	r7, r5
200028fc:	b280      	uxth	r0, r0
200028fe:	4368      	muls	r0, r5
20002900:	1836      	adds	r6, r6, r0
20002902:	d302      	bcc.n	2000290a <l14_1>
20002904:	2001      	movs	r0, #1
20002906:	0400      	lsls	r0, r0, #16
20002908:	183f      	adds	r7, r7, r0

2000290a <l14_1>:
2000290a:	0430      	lsls	r0, r6, #16
2000290c:	0c35      	lsrs	r5, r6, #16
2000290e:	1900      	adds	r0, r0, r4
20002910:	417d      	adcs	r5, r7
20002912:	4684      	mov	ip, r0
20002914:	b288      	uxth	r0, r1
20002916:	b29a      	uxth	r2, r3
20002918:	4350      	muls	r0, r2
2000291a:	0c0c      	lsrs	r4, r1, #16
2000291c:	4362      	muls	r2, r4
2000291e:	0c1f      	lsrs	r7, r3, #16
20002920:	437c      	muls	r4, r7
20002922:	b28e      	uxth	r6, r1
20002924:	437e      	muls	r6, r7
20002926:	1992      	adds	r2, r2, r6
20002928:	d302      	bcc.n	20002930 <l15_1>
2000292a:	2601      	movs	r6, #1
2000292c:	0436      	lsls	r6, r6, #16
2000292e:	19a4      	adds	r4, r4, r6

20002930 <l15_1>:
20002930:	0416      	lsls	r6, r2, #16
20002932:	0c17      	lsrs	r7, r2, #16
20002934:	1836      	adds	r6, r6, r0
20002936:	4167      	adcs	r7, r4
20002938:	bc01      	pop	{r0}
2000293a:	b281      	uxth	r1, r0
2000293c:	b29a      	uxth	r2, r3
2000293e:	4351      	muls	r1, r2
20002940:	0c04      	lsrs	r4, r0, #16
20002942:	4362      	muls	r2, r4
20002944:	0c1b      	lsrs	r3, r3, #16
20002946:	435c      	muls	r4, r3
20002948:	b280      	uxth	r0, r0
2000294a:	4358      	muls	r0, r3
2000294c:	1812      	adds	r2, r2, r0
2000294e:	d302      	bcc.n	20002956 <l16_1>
20002950:	2001      	movs	r0, #1
20002952:	0400      	lsls	r0, r0, #16
20002954:	1824      	adds	r4, r4, r0

20002956 <l16_1>:
20002956:	0410      	lsls	r0, r2, #16
20002958:	0c13      	lsrs	r3, r2, #16
2000295a:	1840      	adds	r0, r0, r1
2000295c:	4163      	adcs	r3, r4
2000295e:	182d      	adds	r5, r5, r0
20002960:	415e      	adcs	r6, r3
20002962:	2000      	movs	r0, #0
20002964:	4147      	adcs	r7, r0
20002966:	bc06      	pop	{r1, r2}
20002968:	b288      	uxth	r0, r1
2000296a:	b293      	uxth	r3, r2
2000296c:	4358      	muls	r0, r3
2000296e:	0c0c      	lsrs	r4, r1, #16
20002970:	4363      	muls	r3, r4
20002972:	0c12      	lsrs	r2, r2, #16
20002974:	4354      	muls	r4, r2
20002976:	b289      	uxth	r1, r1
20002978:	4351      	muls	r1, r2
2000297a:	185b      	adds	r3, r3, r1
2000297c:	d302      	bcc.n	20002984 <l17_1>
2000297e:	2101      	movs	r1, #1
20002980:	0409      	lsls	r1, r1, #16
20002982:	1864      	adds	r4, r4, r1

20002984 <l17_1>:
20002984:	0419      	lsls	r1, r3, #16
20002986:	0c1a      	lsrs	r2, r3, #16
20002988:	1809      	adds	r1, r1, r0
2000298a:	4162      	adcs	r2, r4
2000298c:	186d      	adds	r5, r5, r1
2000298e:	4156      	adcs	r6, r2
20002990:	2000      	movs	r0, #0
20002992:	4147      	adcs	r7, r0
20002994:	bc18      	pop	{r3, r4}
20002996:	02f9      	lsls	r1, r7, #11
20002998:	0d72      	lsrs	r2, r6, #21
2000299a:	4311      	orrs	r1, r2
2000299c:	02f0      	lsls	r0, r6, #11
2000299e:	0d6a      	lsrs	r2, r5, #21
200029a0:	4310      	orrs	r0, r2
200029a2:	02ed      	lsls	r5, r5, #11
200029a4:	0d0a      	lsrs	r2, r1, #20
200029a6:	d103      	bne.n	200029b0 <l17_1+0x2c>
200029a8:	196d      	adds	r5, r5, r5
200029aa:	4140      	adcs	r0, r0
200029ac:	4149      	adcs	r1, r1
200029ae:	3b01      	subs	r3, #1
200029b0:	4e12      	ldr	r6, [pc, #72]	@ (200029fc <dm_1+0xa>)
200029b2:	1b9b      	subs	r3, r3, r6
200029b4:	0076      	lsls	r6, r6, #1
200029b6:	42b3      	cmp	r3, r6
200029b8:	d20e      	bcs.n	200029d8 <dm_0>
200029ba:	006d      	lsls	r5, r5, #1
200029bc:	d307      	bcc.n	200029ce <l17_1+0x4a>
200029be:	3001      	adds	r0, #1
200029c0:	2600      	movs	r6, #0
200029c2:	4171      	adcs	r1, r6
200029c4:	4666      	mov	r6, ip
200029c6:	4335      	orrs	r5, r6
200029c8:	d101      	bne.n	200029ce <l17_1+0x4a>
200029ca:	0840      	lsrs	r0, r0, #1
200029cc:	0040      	lsls	r0, r0, #1
200029ce:	051b      	lsls	r3, r3, #20
200029d0:	18c9      	adds	r1, r1, r3

200029d2 <dm_2>:
200029d2:	07e4      	lsls	r4, r4, #31
200029d4:	4421      	add	r1, r4
200029d6:	bdf0      	pop	{r4, r5, r6, r7, pc}

200029d8 <dm_0>:
200029d8:	da0b      	bge.n	200029f2 <dm_1>
200029da:	3301      	adds	r3, #1
200029dc:	d106      	bne.n	200029ec <dm_0+0x14>
200029de:	3001      	adds	r0, #1
200029e0:	d104      	bne.n	200029ec <dm_0+0x14>
200029e2:	3101      	adds	r1, #1
200029e4:	0d4f      	lsrs	r7, r1, #21
200029e6:	d001      	beq.n	200029ec <dm_0+0x14>
200029e8:	0849      	lsrs	r1, r1, #1
200029ea:	e7f2      	b.n	200029d2 <dm_2>
200029ec:	07e1      	lsls	r1, r4, #31
200029ee:	2000      	movs	r0, #0
200029f0:	bdf0      	pop	{r4, r5, r6, r7, pc}

200029f2 <dm_1>:
200029f2:	3601      	adds	r6, #1
200029f4:	0531      	lsls	r1, r6, #20
200029f6:	2000      	movs	r0, #0
200029f8:	e7eb      	b.n	200029d2 <dm_2>
200029fa:	0000      	.short	0x0000
200029fc:	000003ff 	.word	0x000003ff

20002a00 <ddiv_shim>:
20002a00:	b5f0      	push	{r4, r5, r6, r7, lr}

20002a02 <ddiv0>:
20002a02:	0d1c      	lsrs	r4, r3, #20
20002a04:	1e67      	subs	r7, r4, #1
20002a06:	053f      	lsls	r7, r7, #20
20002a08:	1bdb      	subs	r3, r3, r7
20002a0a:	0ae7      	lsrs	r7, r4, #11
20002a0c:	0564      	lsls	r4, r4, #21
20002a0e:	0d64      	lsrs	r4, r4, #21
20002a10:	d002      	beq.n	20002a18 <l20_1>
20002a12:	1c66      	adds	r6, r4, #1
20002a14:	0af6      	lsrs	r6, r6, #11
20002a16:	d004      	beq.n	20002a22 <l20_2>

20002a18 <l20_1>:
20002a18:	2200      	movs	r2, #0
20002a1a:	2301      	movs	r3, #1
20002a1c:	051b      	lsls	r3, r3, #20
20002a1e:	3c80      	subs	r4, #128	@ 0x80
20002a20:	0324      	lsls	r4, r4, #12

20002a22 <l20_2>:
20002a22:	25d0      	movs	r5, #208	@ 0xd0
20002a24:	062d      	lsls	r5, r5, #24
20002a26:	2600      	movs	r6, #0
20002a28:	43f6      	mvns	r6, r6
20002a2a:	662e      	str	r6, [r5, #96]	@ 0x60
20002a2c:	091e      	lsrs	r6, r3, #4
20002a2e:	666e      	str	r6, [r5, #100]	@ 0x64
20002a30:	0fce      	lsrs	r6, r1, #31
20002a32:	19f6      	adds	r6, r6, r7
20002a34:	46b4      	mov	ip, r6
20002a36:	0049      	lsls	r1, r1, #1
20002a38:	0d4f      	lsrs	r7, r1, #21
20002a3a:	d002      	beq.n	20002a42 <l20_2+0x20>
20002a3c:	1c7e      	adds	r6, r7, #1
20002a3e:	0af6      	lsrs	r6, r6, #11
20002a40:	d003      	beq.n	20002a4a <l20_2+0x28>
20002a42:	2000      	movs	r0, #0
20002a44:	2100      	movs	r1, #0
20002a46:	3f40      	subs	r7, #64	@ 0x40
20002a48:	033f      	lsls	r7, r7, #12
20002a4a:	1b3e      	subs	r6, r7, r4
20002a4c:	00b6      	lsls	r6, r6, #2
20002a4e:	44b4      	add	ip, r6
20002a50:	3f01      	subs	r7, #1
20002a52:	057f      	lsls	r7, r7, #21
20002a54:	1bc9      	subs	r1, r1, r7
20002a56:	0849      	lsrs	r1, r1, #1
20002a58:	6f2e      	ldr	r6, [r5, #112]	@ 0x70
20002a5a:	3601      	adds	r6, #1
20002a5c:	0876      	lsrs	r6, r6, #1
20002a5e:	029c      	lsls	r4, r3, #10
20002a60:	0d95      	lsrs	r5, r2, #22
20002a62:	4325      	orrs	r5, r4
20002a64:	4375      	muls	r5, r6
20002a66:	13ed      	asrs	r5, r5, #15
20002a68:	4375      	muls	r5, r6
20002a6a:	13ad      	asrs	r5, r5, #14
20002a6c:	3501      	adds	r5, #1
20002a6e:	106d      	asrs	r5, r5, #1
20002a70:	03f6      	lsls	r6, r6, #15
20002a72:	1b76      	subs	r6, r6, r5
20002a74:	b40c      	push	{r2, r3}
20002a76:	02cc      	lsls	r4, r1, #11
20002a78:	0d45      	lsrs	r5, r0, #21
20002a7a:	432c      	orrs	r4, r5
20002a7c:	b2a2      	uxth	r2, r4
20002a7e:	b2b3      	uxth	r3, r6
20002a80:	435a      	muls	r2, r3
20002a82:	0c27      	lsrs	r7, r4, #16
20002a84:	437b      	muls	r3, r7
20002a86:	0c35      	lsrs	r5, r6, #16
20002a88:	436f      	muls	r7, r5
20002a8a:	b2a4      	uxth	r4, r4
20002a8c:	436c      	muls	r4, r5
20002a8e:	191b      	adds	r3, r3, r4
20002a90:	d302      	bcc.n	20002a98 <l21_1>
20002a92:	2401      	movs	r4, #1
20002a94:	0424      	lsls	r4, r4, #16
20002a96:	193f      	adds	r7, r7, r4

20002a98 <l21_1>:
20002a98:	041c      	lsls	r4, r3, #16
20002a9a:	0c1d      	lsrs	r5, r3, #16
20002a9c:	18a4      	adds	r4, r4, r2
20002a9e:	417d      	adcs	r5, r7
20002aa0:	1924      	adds	r4, r4, r4
20002aa2:	416d      	adcs	r5, r5
20002aa4:	9a00      	ldr	r2, [sp, #0]
20002aa6:	b291      	uxth	r1, r2
20002aa8:	b2ac      	uxth	r4, r5
20002aaa:	4361      	muls	r1, r4
20002aac:	0c17      	lsrs	r7, r2, #16
20002aae:	437c      	muls	r4, r7
20002ab0:	0c2b      	lsrs	r3, r5, #16
20002ab2:	435f      	muls	r7, r3
20002ab4:	b292      	uxth	r2, r2
20002ab6:	435a      	muls	r2, r3
20002ab8:	18a4      	adds	r4, r4, r2
20002aba:	d302      	bcc.n	20002ac2 <l22_1>
20002abc:	2201      	movs	r2, #1
20002abe:	0412      	lsls	r2, r2, #16
20002ac0:	18bf      	adds	r7, r7, r2

20002ac2 <l22_1>:
20002ac2:	0422      	lsls	r2, r4, #16
20002ac4:	0c23      	lsrs	r3, r4, #16
20002ac6:	1852      	adds	r2, r2, r1
20002ac8:	417b      	adcs	r3, r7
20002aca:	9c01      	ldr	r4, [sp, #4]
20002acc:	436c      	muls	r4, r5
20002ace:	191b      	adds	r3, r3, r4
20002ad0:	0e52      	lsrs	r2, r2, #25
20002ad2:	01d9      	lsls	r1, r3, #7
20002ad4:	430a      	orrs	r2, r1
20002ad6:	0144      	lsls	r4, r0, #5
20002ad8:	1aa0      	subs	r0, r4, r2
20002ada:	b281      	uxth	r1, r0
20002adc:	b2b2      	uxth	r2, r6
20002ade:	4351      	muls	r1, r2
20002ae0:	1403      	asrs	r3, r0, #16
20002ae2:	435a      	muls	r2, r3
20002ae4:	0c36      	lsrs	r6, r6, #16
20002ae6:	4373      	muls	r3, r6
20002ae8:	b287      	uxth	r7, r0
20002aea:	4377      	muls	r7, r6
20002aec:	17d6      	asrs	r6, r2, #31
20002aee:	19d2      	adds	r2, r2, r7
20002af0:	2700      	movs	r7, #0
20002af2:	417e      	adcs	r6, r7
20002af4:	0436      	lsls	r6, r6, #16
20002af6:	199b      	adds	r3, r3, r6
20002af8:	0417      	lsls	r7, r2, #16
20002afa:	0c16      	lsrs	r6, r2, #16
20002afc:	187f      	adds	r7, r7, r1
20002afe:	415e      	adcs	r6, r3
20002b00:	1673      	asrs	r3, r6, #25
20002b02:	18ed      	adds	r5, r5, r3
20002b04:	01f3      	lsls	r3, r6, #7
20002b06:	2600      	movs	r6, #0
20002b08:	3380      	adds	r3, #128	@ 0x80
20002b0a:	4175      	adcs	r5, r6
20002b0c:	0fa9      	lsrs	r1, r5, #30
20002b0e:	d106      	bne.n	20002b1e <dd_0>
20002b10:	0064      	lsls	r4, r4, #1
20002b12:	0a69      	lsrs	r1, r5, #9
20002b14:	05e8      	lsls	r0, r5, #23
20002b16:	0a5b      	lsrs	r3, r3, #9
20002b18:	4318      	orrs	r0, r3
20002b1a:	d209      	bcs.n	20002b30 <dd_1>
20002b1c:	e02f      	b.n	20002b7e <dd_2>

20002b1e <dd_0>:
20002b1e:	2204      	movs	r2, #4
20002b20:	4494      	add	ip, r2
20002b22:	3380      	adds	r3, #128	@ 0x80
20002b24:	4175      	adcs	r5, r6
20002b26:	0aa9      	lsrs	r1, r5, #10
20002b28:	05a8      	lsls	r0, r5, #22
20002b2a:	0a9b      	lsrs	r3, r3, #10
20002b2c:	4318      	orrs	r0, r3
20002b2e:	d326      	bcc.n	20002b7e <dd_2>

20002b30 <dd_1>:
20002b30:	4140      	adcs	r0, r0
20002b32:	4149      	adcs	r1, r1
20002b34:	0424      	lsls	r4, r4, #16
20002b36:	9a00      	ldr	r2, [sp, #0]
20002b38:	9b01      	ldr	r3, [sp, #4]
20002b3a:	000d      	movs	r5, r1
20002b3c:	4355      	muls	r5, r2
20002b3e:	1b64      	subs	r4, r4, r5
20002b40:	4343      	muls	r3, r0
20002b42:	1ae4      	subs	r4, r4, r3
20002b44:	b295      	uxth	r5, r2
20002b46:	b286      	uxth	r6, r0
20002b48:	4375      	muls	r5, r6
20002b4a:	0c17      	lsrs	r7, r2, #16
20002b4c:	437e      	muls	r6, r7
20002b4e:	0c03      	lsrs	r3, r0, #16
20002b50:	435f      	muls	r7, r3
20002b52:	b292      	uxth	r2, r2
20002b54:	435a      	muls	r2, r3
20002b56:	18b6      	adds	r6, r6, r2
20002b58:	d302      	bcc.n	20002b60 <l24_1>
20002b5a:	2201      	movs	r2, #1
20002b5c:	0412      	lsls	r2, r2, #16
20002b5e:	18bf      	adds	r7, r7, r2

20002b60 <l24_1>:
20002b60:	0432      	lsls	r2, r6, #16
20002b62:	0c33      	lsrs	r3, r6, #16
20002b64:	1952      	adds	r2, r2, r5
20002b66:	417b      	adcs	r3, r7
20002b68:	4252      	negs	r2, r2
20002b6a:	419c      	sbcs	r4, r3
20002b6c:	2c00      	cmp	r4, #0
20002b6e:	d402      	bmi.n	20002b76 <l24_1+0x16>
20002b70:	2200      	movs	r2, #0
20002b72:	3001      	adds	r0, #1
20002b74:	4151      	adcs	r1, r2
20002b76:	0840      	lsrs	r0, r0, #1
20002b78:	07ca      	lsls	r2, r1, #31
20002b7a:	4310      	orrs	r0, r2
20002b7c:	0849      	lsrs	r1, r1, #1

20002b7e <dd_2>:
20002b7e:	b002      	add	sp, #8
20002b80:	4662      	mov	r2, ip
20002b82:	07d7      	lsls	r7, r2, #31
20002b84:	1092      	asrs	r2, r2, #2
20002b86:	4b08      	ldr	r3, [pc, #32]	@ (20002ba8 <dd_4+0x6>)
20002b88:	18d2      	adds	r2, r2, r3
20002b8a:	4b08      	ldr	r3, [pc, #32]	@ (20002bac <dd_4+0xa>)
20002b8c:	429a      	cmp	r2, r3
20002b8e:	d203      	bcs.n	20002b98 <dd_3>
20002b90:	0512      	lsls	r2, r2, #20
20002b92:	1889      	adds	r1, r1, r2

20002b94 <dd_5>:
20002b94:	19c9      	adds	r1, r1, r7
20002b96:	bdf0      	pop	{r4, r5, r6, r7, pc}

20002b98 <dd_3>:
20002b98:	2000      	movs	r0, #0
20002b9a:	2a00      	cmp	r2, #0
20002b9c:	dc01      	bgt.n	20002ba2 <dd_4>
20002b9e:	0039      	movs	r1, r7
20002ba0:	bdf0      	pop	{r4, r5, r6, r7, pc}

20002ba2 <dd_4>:
20002ba2:	3301      	adds	r3, #1
20002ba4:	0519      	lsls	r1, r3, #20
20002ba6:	e7f5      	b.n	20002b94 <dd_5>
20002ba8:	000003fd 	.word	0x000003fd
20002bac:	000007fe 	.word	0x000007fe

20002bb0 <double2uint_shim>:
20002bb0:	2200      	movs	r2, #0

20002bb2 <double2ufix_shim>:
20002bb2:	b500      	push	{lr}
20002bb4:	3220      	adds	r2, #32
20002bb6:	f000 f804 	bl	20002bc2 <double2ufix64_shim>
20002bba:	0008      	movs	r0, r1
20002bbc:	bd00      	pop	{pc}
	...

20002bc0 <double2uint64_shim>:
20002bc0:	2200      	movs	r2, #0

20002bc2 <double2ufix64_shim>:
20002bc2:	150b      	asrs	r3, r1, #20
20002bc4:	d40a      	bmi.n	20002bdc <ret_dzero>

20002bc6 <d2fix>:
20002bc6:	b510      	push	{r4, lr}
20002bc8:	4694      	mov	ip, r2
20002bca:	f000 f831 	bl	20002c30 <dunpacks>
20002bce:	1414      	asrs	r4, r2, #16
20002bd0:	3401      	adds	r4, #1
20002bd2:	da00      	bge.n	20002bd6 <d2fix+0x10>
20002bd4:	2100      	movs	r1, #0
20002bd6:	17cb      	asrs	r3, r1, #31
20002bd8:	4c14      	ldr	r4, [pc, #80]	@ (20002c2c <d2fix_a+0x4a>)
20002bda:	4720      	bx	r4

20002bdc <ret_dzero>:
20002bdc:	2000      	movs	r0, #0
20002bde:	2100      	movs	r1, #0
20002be0:	4770      	bx	lr

20002be2 <d2fix_a>:
20002be2:	4462      	add	r2, ip
20002be4:	3a34      	subs	r2, #52	@ 0x34
20002be6:	d40c      	bmi.n	20002c02 <d2fix_a+0x20>
20002be8:	2a0c      	cmp	r2, #12
20002bea:	da07      	bge.n	20002bfc <d2fix_a+0x1a>
20002bec:	0004      	movs	r4, r0
20002bee:	4091      	lsls	r1, r2
20002bf0:	4090      	lsls	r0, r2
20002bf2:	4252      	negs	r2, r2
20002bf4:	3220      	adds	r2, #32
20002bf6:	40d4      	lsrs	r4, r2
20002bf8:	4321      	orrs	r1, r4
20002bfa:	bd10      	pop	{r4, pc}
20002bfc:	43d8      	mvns	r0, r3
20002bfe:	43d9      	mvns	r1, r3
20002c00:	bd10      	pop	{r4, pc}
20002c02:	3220      	adds	r2, #32
20002c04:	d407      	bmi.n	20002c16 <d2fix_a+0x34>
20002c06:	460c      	mov	r4, r1
20002c08:	4094      	lsls	r4, r2
20002c0a:	4252      	negs	r2, r2
20002c0c:	3220      	adds	r2, #32
20002c0e:	4111      	asrs	r1, r2
20002c10:	40d0      	lsrs	r0, r2
20002c12:	4320      	orrs	r0, r4
20002c14:	bd10      	pop	{r4, pc}
20002c16:	0008      	movs	r0, r1
20002c18:	17c9      	asrs	r1, r1, #31
20002c1a:	3220      	adds	r2, #32
20002c1c:	d403      	bmi.n	20002c26 <d2fix_a+0x44>
20002c1e:	4252      	negs	r2, r2
20002c20:	3220      	adds	r2, #32
20002c22:	4110      	asrs	r0, r2
20002c24:	bd10      	pop	{r4, pc}
20002c26:	0018      	movs	r0, r3
20002c28:	0019      	movs	r1, r3
20002c2a:	bd10      	pop	{r4, pc}
20002c2c:	20002be3 	.word	0x20002be3

20002c30 <dunpacks>:
20002c30:	0d0a      	lsrs	r2, r1, #20
20002c32:	0fcc      	lsrs	r4, r1, #31
20002c34:	1e53      	subs	r3, r2, #1
20002c36:	051b      	lsls	r3, r3, #20
20002c38:	1ac9      	subs	r1, r1, r3
20002c3a:	0552      	lsls	r2, r2, #21
20002c3c:	d303      	bcc.n	20002c46 <l60_1>
20002c3e:	43c9      	mvns	r1, r1
20002c40:	4240      	negs	r0, r0
20002c42:	d300      	bcc.n	20002c46 <l60_1>
20002c44:	3101      	adds	r1, #1

20002c46 <l60_1>:
20002c46:	0d52      	lsrs	r2, r2, #21
20002c48:	d003      	beq.n	20002c52 <l60_2>
20002c4a:	1c53      	adds	r3, r2, #1
20002c4c:	0adb      	lsrs	r3, r3, #11
20002c4e:	d007      	beq.n	20002c60 <l60_3>
20002c50:	1b12      	subs	r2, r2, r4

20002c52 <l60_2>:
20002c52:	2000      	movs	r0, #0
20002c54:	0064      	lsls	r4, r4, #1
20002c56:	1c61      	adds	r1, r4, #1
20002c58:	0789      	lsls	r1, r1, #30
20002c5a:	1289      	asrs	r1, r1, #10
20002c5c:	3a80      	subs	r2, #128	@ 0x80
20002c5e:	0312      	lsls	r2, r2, #12

20002c60 <l60_3>:
20002c60:	4b01      	ldr	r3, [pc, #4]	@ (20002c68 <l60_3+0x8>)
20002c62:	1ad2      	subs	r2, r2, r3
20002c64:	4770      	bx	lr
20002c66:	0000      	.short	0x0000
20002c68:	000003ff 	.word	0x000003ff

20002c6c <__wrap___aeabi_lmul>:
20002c6c:	4351      	muls	r1, r2
20002c6e:	4343      	muls	r3, r0
20002c70:	18c9      	adds	r1, r1, r3
20002c72:	468c      	mov	ip, r1
20002c74:	0c11      	lsrs	r1, r2, #16
20002c76:	b283      	uxth	r3, r0
20002c78:	434b      	muls	r3, r1
20002c7a:	b410      	push	{r4}
20002c7c:	0c04      	lsrs	r4, r0, #16
20002c7e:	4361      	muls	r1, r4
20002c80:	b292      	uxth	r2, r2
20002c82:	b280      	uxth	r0, r0
20002c84:	4350      	muls	r0, r2
20002c86:	4362      	muls	r2, r4
20002c88:	041c      	lsls	r4, r3, #16
20002c8a:	0c1b      	lsrs	r3, r3, #16
20002c8c:	1900      	adds	r0, r0, r4
20002c8e:	bc10      	pop	{r4}
20002c90:	4159      	adcs	r1, r3
20002c92:	0413      	lsls	r3, r2, #16
20002c94:	0c12      	lsrs	r2, r2, #16
20002c96:	18c0      	adds	r0, r0, r3
20002c98:	4151      	adcs	r1, r2
20002c9a:	4461      	add	r1, ip
20002c9c:	4770      	bx	lr
	...

20002ca0 <__aeabi_float_init>:
20002ca0:	b570      	push	{r4, r5, r6, lr}
20002ca2:	2313      	movs	r3, #19
20002ca4:	781c      	ldrb	r4, [r3, #0]
20002ca6:	482a      	ldr	r0, [pc, #168]	@ (20002d50 <__aeabi_float_init+0xb0>)
20002ca8:	f7ff f830 	bl	20001d0c <rom_data_lookup>
20002cac:	0005      	movs	r5, r0
20002cae:	2c01      	cmp	r4, #1
20002cb0:	d012      	beq.n	20002cd8 <__aeabi_float_init+0x38>
20002cb2:	2c01      	cmp	r4, #1
20002cb4:	dd0a      	ble.n	20002ccc <__aeabi_float_init+0x2c>
20002cb6:	002b      	movs	r3, r5
20002cb8:	3b02      	subs	r3, #2
20002cba:	781b      	ldrb	r3, [r3, #0]
20002cbc:	009b      	lsls	r3, r3, #2
20002cbe:	2b7f      	cmp	r3, #127	@ 0x7f
20002cc0:	dd40      	ble.n	20002d44 <__aeabi_float_init+0xa4>
20002cc2:	4824      	ldr	r0, [pc, #144]	@ (20002d54 <__aeabi_float_init+0xb4>)
20002cc4:	2280      	movs	r2, #128	@ 0x80
20002cc6:	0029      	movs	r1, r5
20002cc8:	f000 f890 	bl	20002dec <__wrap___aeabi_memcpy>
20002ccc:	4822      	ldr	r0, [pc, #136]	@ (20002d58 <__aeabi_float_init+0xb8>)
20002cce:	f7ff f815 	bl	20001cfc <rom_func_lookup>
20002cd2:	4b22      	ldr	r3, [pc, #136]	@ (20002d5c <__aeabi_float_init+0xbc>)
20002cd4:	6018      	str	r0, [r3, #0]
20002cd6:	bd70      	pop	{r4, r5, r6, pc}
20002cd8:	481e      	ldr	r0, [pc, #120]	@ (20002d54 <__aeabi_float_init+0xb4>)
20002cda:	2254      	movs	r2, #84	@ 0x54
20002cdc:	0029      	movs	r1, r5
20002cde:	f000 f885 	bl	20002dec <__wrap___aeabi_memcpy>
20002ce2:	4b1f      	ldr	r3, [pc, #124]	@ (20002d60 <__aeabi_float_init+0xc0>)
20002ce4:	881a      	ldrh	r2, [r3, #0]
20002ce6:	4b1f      	ldr	r3, [pc, #124]	@ (20002d64 <__aeabi_float_init+0xc4>)
20002ce8:	429a      	cmp	r2, r3
20002cea:	d11c      	bne.n	20002d26 <__aeabi_float_init+0x86>
20002cec:	23a7      	movs	r3, #167	@ 0xa7
20002cee:	019b      	lsls	r3, r3, #6
20002cf0:	881a      	ldrh	r2, [r3, #0]
20002cf2:	4b1d      	ldr	r3, [pc, #116]	@ (20002d68 <__aeabi_float_init+0xc8>)
20002cf4:	429a      	cmp	r2, r3
20002cf6:	d116      	bne.n	20002d26 <__aeabi_float_init+0x86>
20002cf8:	4b1c      	ldr	r3, [pc, #112]	@ (20002d6c <__aeabi_float_init+0xcc>)
20002cfa:	881a      	ldrh	r2, [r3, #0]
20002cfc:	4b1c      	ldr	r3, [pc, #112]	@ (20002d70 <__aeabi_float_init+0xd0>)
20002cfe:	429a      	cmp	r2, r3
20002d00:	d111      	bne.n	20002d26 <__aeabi_float_init+0x86>
20002d02:	4b1c      	ldr	r3, [pc, #112]	@ (20002d74 <__aeabi_float_init+0xd4>)
20002d04:	881a      	ldrh	r2, [r3, #0]
20002d06:	2394      	movs	r3, #148	@ 0x94
20002d08:	019b      	lsls	r3, r3, #6
20002d0a:	429a      	cmp	r2, r3
20002d0c:	d10b      	bne.n	20002d26 <__aeabi_float_init+0x86>
20002d0e:	4b1a      	ldr	r3, [pc, #104]	@ (20002d78 <__aeabi_float_init+0xd8>)
20002d10:	881a      	ldrh	r2, [r3, #0]
20002d12:	4b1a      	ldr	r3, [pc, #104]	@ (20002d7c <__aeabi_float_init+0xdc>)
20002d14:	429a      	cmp	r2, r3
20002d16:	d106      	bne.n	20002d26 <__aeabi_float_init+0x86>
20002d18:	4b19      	ldr	r3, [pc, #100]	@ (20002d80 <__aeabi_float_init+0xe0>)
20002d1a:	681a      	ldr	r2, [r3, #0]
20002d1c:	4b19      	ldr	r3, [pc, #100]	@ (20002d84 <__aeabi_float_init+0xe4>)
20002d1e:	429a      	cmp	r2, r3
20002d20:	d101      	bne.n	20002d26 <__aeabi_float_init+0x86>
20002d22:	2315      	movs	r3, #21
20002d24:	e007      	b.n	20002d36 <__aeabi_float_init+0x96>
20002d26:	4818      	ldr	r0, [pc, #96]	@ (20002d88 <__aeabi_float_init+0xe8>)
20002d28:	f7fd fe44 	bl	200009b4 <panic>
20002d2c:	4917      	ldr	r1, [pc, #92]	@ (20002d8c <__aeabi_float_init+0xec>)
20002d2e:	4a09      	ldr	r2, [pc, #36]	@ (20002d54 <__aeabi_float_init+0xb4>)
20002d30:	0098      	lsls	r0, r3, #2
20002d32:	5081      	str	r1, [r0, r2]
20002d34:	3301      	adds	r3, #1
20002d36:	2b1f      	cmp	r3, #31
20002d38:	d9f8      	bls.n	20002d2c <__aeabi_float_init+0x8c>
20002d3a:	4b14      	ldr	r3, [pc, #80]	@ (20002d8c <__aeabi_float_init+0xec>)
20002d3c:	4a05      	ldr	r2, [pc, #20]	@ (20002d54 <__aeabi_float_init+0xb4>)
20002d3e:	6213      	str	r3, [r2, #32]
20002d40:	61d3      	str	r3, [r2, #28]
20002d42:	e7b6      	b.n	20002cb2 <__aeabi_float_init+0x12>
20002d44:	4b12      	ldr	r3, [pc, #72]	@ (20002d90 <__aeabi_float_init+0xf0>)
20002d46:	4a13      	ldr	r2, [pc, #76]	@ (20002d94 <__aeabi_float_init+0xf4>)
20002d48:	4813      	ldr	r0, [pc, #76]	@ (20002d98 <__aeabi_float_init+0xf8>)
20002d4a:	2143      	movs	r1, #67	@ 0x43
20002d4c:	f001 f966 	bl	2000401c <__assert_func>
20002d50:	00004653 	.word	0x00004653
20002d54:	2000a5e4 	.word	0x2000a5e4
20002d58:	0000334c 	.word	0x0000334c
20002d5c:	2000a5e0 	.word	0x2000a5e0
20002d60:	000029ee 	.word	0x000029ee
20002d64:	00000fc4 	.word	0x00000fc4
20002d68:	00000dc2 	.word	0x00000dc2
20002d6c:	00002b96 	.word	0x00002b96
20002d70:	0000b5c0 	.word	0x0000b5c0
20002d74:	00002b18 	.word	0x00002b18
20002d78:	00002acc 	.word	0x00002acc
20002d7c:	0000b510 	.word	0x0000b510
20002d80:	00002cfc 	.word	0x00002cfc
20002d84:	6487ed51 	.word	0x6487ed51
20002d88:	200076e4 	.word	0x200076e4
20002d8c:	20002d9d 	.word	0x20002d9d
20002d90:	200075d0 	.word	0x200075d0
20002d94:	20007cd4 	.word	0x20007cd4
20002d98:	20007604 	.word	0x20007604

20002d9c <float_table_shim_on_use_helper>:
20002d9c:	b507      	push	{r0, r1, r2, lr}
20002d9e:	4660      	mov	r0, ip
20002da0:	2800      	cmp	r0, #0
20002da2:	d100      	bne.n	20002da6 <float_table_shim_on_use_helper+0xa>
20002da4:	be00      	bkpt	0x0000
20002da6:	8801      	ldrh	r1, [r0, #0]
20002da8:	0a0a      	lsrs	r2, r1, #8
20002daa:	3002      	adds	r0, #2
20002dac:	2adf      	cmp	r2, #223	@ 0xdf
20002dae:	d1fa      	bne.n	20002da6 <float_table_shim_on_use_helper+0xa>
20002db0:	b2c9      	uxtb	r1, r1
20002db2:	0882      	lsrs	r2, r0, #2
20002db4:	d304      	bcc.n	20002dc0 <float_table_shim_on_use_helper+0x24>
20002db6:	8802      	ldrh	r2, [r0, #0]
20002db8:	8840      	ldrh	r0, [r0, #2]
20002dba:	0400      	lsls	r0, r0, #16
20002dbc:	4310      	orrs	r0, r2
20002dbe:	e000      	b.n	20002dc2 <float_table_shim_on_use_helper+0x26>
20002dc0:	6800      	ldr	r0, [r0, #0]
20002dc2:	4a02      	ldr	r2, [pc, #8]	@ (20002dcc <float_table_shim_on_use_helper+0x30>)
20002dc4:	5050      	str	r0, [r2, r1]
20002dc6:	9003      	str	r0, [sp, #12]
20002dc8:	bd07      	pop	{r0, r1, r2, pc}
20002dca:	0000      	.short	0x0000
20002dcc:	2000a5e4 	.word	0x2000a5e4

20002dd0 <__aeabi_mem_init>:
20002dd0:	4801      	ldr	r0, [pc, #4]	@ (20002dd8 <__aeabi_mem_init+0x8>)
20002dd2:	2104      	movs	r1, #4
20002dd4:	4b01      	ldr	r3, [pc, #4]	@ (20002ddc <__aeabi_mem_init+0xc>)
20002dd6:	4718      	bx	r3
20002dd8:	20007ee0 	.word	0x20007ee0
20002ddc:	20001d1d 	.word	0x20001d1d

20002de0 <__wrap_memset>:
20002de0:	4b01      	ldr	r3, [pc, #4]	@ (20002de8 <__wrap_memset+0x8>)
20002de2:	681b      	ldr	r3, [r3, #0]
20002de4:	4718      	bx	r3
20002de6:	0000      	.short	0x0000
20002de8:	20007ee0 	.word	0x20007ee0

20002dec <__wrap___aeabi_memcpy>:
20002dec:	4b01      	ldr	r3, [pc, #4]	@ (20002df4 <__wrap___aeabi_memcpy+0x8>)
20002dee:	685b      	ldr	r3, [r3, #4]
20002df0:	4718      	bx	r3
20002df2:	0000      	.short	0x0000
20002df4:	20007ee0 	.word	0x20007ee0

20002df8 <_out_buffer>:
20002df8:	429a      	cmp	r2, r3
20002dfa:	d200      	bcs.n	20002dfe <_out_buffer+0x6>
20002dfc:	5488      	strb	r0, [r1, r2]
20002dfe:	4770      	bx	lr

20002e00 <_out_null>:
20002e00:	4770      	bx	lr

20002e02 <_out_fct>:
20002e02:	b510      	push	{r4, lr}
20002e04:	2800      	cmp	r0, #0
20002e06:	d002      	beq.n	20002e0e <_out_fct+0xc>
20002e08:	680b      	ldr	r3, [r1, #0]
20002e0a:	6849      	ldr	r1, [r1, #4]
20002e0c:	4798      	blx	r3
20002e0e:	bd10      	pop	{r4, pc}

20002e10 <_atoi>:
20002e10:	0001      	movs	r1, r0
20002e12:	2000      	movs	r0, #0
20002e14:	e007      	b.n	20002e26 <_atoi+0x16>
20002e16:	0083      	lsls	r3, r0, #2
20002e18:	181b      	adds	r3, r3, r0
20002e1a:	005b      	lsls	r3, r3, #1
20002e1c:	1c50      	adds	r0, r2, #1
20002e1e:	6008      	str	r0, [r1, #0]
20002e20:	7810      	ldrb	r0, [r2, #0]
20002e22:	18c0      	adds	r0, r0, r3
20002e24:	3830      	subs	r0, #48	@ 0x30
20002e26:	680a      	ldr	r2, [r1, #0]
20002e28:	7813      	ldrb	r3, [r2, #0]
20002e2a:	3b30      	subs	r3, #48	@ 0x30
20002e2c:	b2db      	uxtb	r3, r3
20002e2e:	2b09      	cmp	r3, #9
20002e30:	d9f1      	bls.n	20002e16 <_atoi+0x6>
20002e32:	4770      	bx	lr

20002e34 <_out_rev>:
20002e34:	b5f0      	push	{r4, r5, r6, r7, lr}
20002e36:	46d6      	mov	lr, sl
20002e38:	464f      	mov	r7, r9
20002e3a:	4646      	mov	r6, r8
20002e3c:	b5c0      	push	{r6, r7, lr}
20002e3e:	0005      	movs	r5, r0
20002e40:	000e      	movs	r6, r1
20002e42:	0010      	movs	r0, r2
20002e44:	4691      	mov	r9, r2
20002e46:	001f      	movs	r7, r3
20002e48:	9c09      	ldr	r4, [sp, #36]	@ 0x24
20002e4a:	9b0b      	ldr	r3, [sp, #44]	@ 0x2c
20002e4c:	2202      	movs	r2, #2
20002e4e:	0011      	movs	r1, r2
20002e50:	4019      	ands	r1, r3
20002e52:	468a      	mov	sl, r1
20002e54:	421a      	tst	r2, r3
20002e56:	d134      	bne.n	20002ec2 <_out_rev+0x8e>
20002e58:	07db      	lsls	r3, r3, #31
20002e5a:	d516      	bpl.n	20002e8a <_out_rev+0x56>
20002e5c:	0002      	movs	r2, r0
20002e5e:	46b8      	mov	r8, r7
20002e60:	0037      	movs	r7, r6
20002e62:	002e      	movs	r6, r5
20002e64:	e01f      	b.n	20002ea6 <_out_rev+0x72>
20002e66:	1c55      	adds	r5, r2, #1
20002e68:	0033      	movs	r3, r6
20002e6a:	4641      	mov	r1, r8
20002e6c:	2020      	movs	r0, #32
20002e6e:	47b8      	blx	r7
20002e70:	3401      	adds	r4, #1
20002e72:	002a      	movs	r2, r5
20002e74:	9b0a      	ldr	r3, [sp, #40]	@ 0x28
20002e76:	429c      	cmp	r4, r3
20002e78:	d3f5      	bcc.n	20002e66 <_out_rev+0x32>
20002e7a:	003d      	movs	r5, r7
20002e7c:	0037      	movs	r7, r6
20002e7e:	4646      	mov	r6, r8
20002e80:	9c09      	ldr	r4, [sp, #36]	@ 0x24
20002e82:	46b8      	mov	r8, r7
20002e84:	0037      	movs	r7, r6
20002e86:	002e      	movs	r6, r5
20002e88:	e00d      	b.n	20002ea6 <_out_rev+0x72>
20002e8a:	0002      	movs	r2, r0
20002e8c:	46b0      	mov	r8, r6
20002e8e:	003e      	movs	r6, r7
20002e90:	002f      	movs	r7, r5
20002e92:	9409      	str	r4, [sp, #36]	@ 0x24
20002e94:	e7ee      	b.n	20002e74 <_out_rev+0x40>
20002e96:	3c01      	subs	r4, #1
20002e98:	1c55      	adds	r5, r2, #1
20002e9a:	9b08      	ldr	r3, [sp, #32]
20002e9c:	5d18      	ldrb	r0, [r3, r4]
20002e9e:	4643      	mov	r3, r8
20002ea0:	0039      	movs	r1, r7
20002ea2:	47b0      	blx	r6
20002ea4:	002a      	movs	r2, r5
20002ea6:	2c00      	cmp	r4, #0
20002ea8:	d1f5      	bne.n	20002e96 <_out_rev+0x62>
20002eaa:	0035      	movs	r5, r6
20002eac:	003e      	movs	r6, r7
20002eae:	4647      	mov	r7, r8
20002eb0:	4653      	mov	r3, sl
20002eb2:	2b00      	cmp	r3, #0
20002eb4:	d116      	bne.n	20002ee4 <_out_rev+0xb0>
20002eb6:	0010      	movs	r0, r2
20002eb8:	bce0      	pop	{r5, r6, r7}
20002eba:	46ba      	mov	sl, r7
20002ebc:	46b1      	mov	r9, r6
20002ebe:	46a8      	mov	r8, r5
20002ec0:	bdf0      	pop	{r4, r5, r6, r7, pc}
20002ec2:	0002      	movs	r2, r0
20002ec4:	46b8      	mov	r8, r7
20002ec6:	0037      	movs	r7, r6
20002ec8:	002e      	movs	r6, r5
20002eca:	e7ec      	b.n	20002ea6 <_out_rev+0x72>
20002ecc:	1c54      	adds	r4, r2, #1
20002ece:	0033      	movs	r3, r6
20002ed0:	0029      	movs	r1, r5
20002ed2:	2020      	movs	r0, #32
20002ed4:	47b8      	blx	r7
20002ed6:	0022      	movs	r2, r4
20002ed8:	464b      	mov	r3, r9
20002eda:	1ad3      	subs	r3, r2, r3
20002edc:	990a      	ldr	r1, [sp, #40]	@ 0x28
20002ede:	428b      	cmp	r3, r1
20002ee0:	d3f4      	bcc.n	20002ecc <_out_rev+0x98>
20002ee2:	e7e8      	b.n	20002eb6 <_out_rev+0x82>
20002ee4:	003b      	movs	r3, r7
20002ee6:	002f      	movs	r7, r5
20002ee8:	0035      	movs	r5, r6
20002eea:	001e      	movs	r6, r3
20002eec:	e7f4      	b.n	20002ed8 <_out_rev+0xa4>

20002eee <_ntoa_format>:
20002eee:	b5f0      	push	{r4, r5, r6, r7, lr}
20002ef0:	46ce      	mov	lr, r9
20002ef2:	4647      	mov	r7, r8
20002ef4:	b580      	push	{r7, lr}
20002ef6:	b085      	sub	sp, #20
20002ef8:	0006      	movs	r6, r0
20002efa:	000f      	movs	r7, r1
20002efc:	4690      	mov	r8, r2
20002efe:	4699      	mov	r9, r3
20002f00:	9a0c      	ldr	r2, [sp, #48]	@ 0x30
20002f02:	9b0d      	ldr	r3, [sp, #52]	@ 0x34
20002f04:	a90e      	add	r1, sp, #56	@ 0x38
20002f06:	7809      	ldrb	r1, [r1, #0]
20002f08:	468c      	mov	ip, r1
20002f0a:	9d10      	ldr	r5, [sp, #64]	@ 0x40
20002f0c:	9c11      	ldr	r4, [sp, #68]	@ 0x44
20002f0e:	9912      	ldr	r1, [sp, #72]	@ 0x48
20002f10:	0788      	lsls	r0, r1, #30
20002f12:	d41c      	bmi.n	20002f4e <_ntoa_format+0x60>
20002f14:	2c00      	cmp	r4, #0
20002f16:	d00c      	beq.n	20002f32 <_ntoa_format+0x44>
20002f18:	07c8      	lsls	r0, r1, #31
20002f1a:	d50a      	bpl.n	20002f32 <_ntoa_format+0x44>
20002f1c:	4660      	mov	r0, ip
20002f1e:	2800      	cmp	r0, #0
20002f20:	d102      	bne.n	20002f28 <_ntoa_format+0x3a>
20002f22:	300c      	adds	r0, #12
20002f24:	4208      	tst	r0, r1
20002f26:	d004      	beq.n	20002f32 <_ntoa_format+0x44>
20002f28:	3c01      	subs	r4, #1
20002f2a:	e002      	b.n	20002f32 <_ntoa_format+0x44>
20002f2c:	2030      	movs	r0, #48	@ 0x30
20002f2e:	54d0      	strb	r0, [r2, r3]
20002f30:	3301      	adds	r3, #1
20002f32:	42ab      	cmp	r3, r5
20002f34:	d201      	bcs.n	20002f3a <_ntoa_format+0x4c>
20002f36:	2b1f      	cmp	r3, #31
20002f38:	d9f8      	bls.n	20002f2c <_ntoa_format+0x3e>
20002f3a:	07c8      	lsls	r0, r1, #31
20002f3c:	d507      	bpl.n	20002f4e <_ntoa_format+0x60>
20002f3e:	42a3      	cmp	r3, r4
20002f40:	d205      	bcs.n	20002f4e <_ntoa_format+0x60>
20002f42:	2b1f      	cmp	r3, #31
20002f44:	d803      	bhi.n	20002f4e <_ntoa_format+0x60>
20002f46:	2030      	movs	r0, #48	@ 0x30
20002f48:	54d0      	strb	r0, [r2, r3]
20002f4a:	3301      	adds	r3, #1
20002f4c:	e7f5      	b.n	20002f3a <_ntoa_format+0x4c>
20002f4e:	06c8      	lsls	r0, r1, #27
20002f50:	d512      	bpl.n	20002f78 <_ntoa_format+0x8a>
20002f52:	0548      	lsls	r0, r1, #21
20002f54:	d405      	bmi.n	20002f62 <_ntoa_format+0x74>
20002f56:	2b00      	cmp	r3, #0
20002f58:	d003      	beq.n	20002f62 <_ntoa_format+0x74>
20002f5a:	42ab      	cmp	r3, r5
20002f5c:	d023      	beq.n	20002fa6 <_ntoa_format+0xb8>
20002f5e:	42a3      	cmp	r3, r4
20002f60:	d021      	beq.n	20002fa6 <_ntoa_format+0xb8>
20002f62:	980f      	ldr	r0, [sp, #60]	@ 0x3c
20002f64:	2810      	cmp	r0, #16
20002f66:	d031      	beq.n	20002fcc <_ntoa_format+0xde>
20002f68:	980f      	ldr	r0, [sp, #60]	@ 0x3c
20002f6a:	2802      	cmp	r0, #2
20002f6c:	d038      	beq.n	20002fe0 <_ntoa_format+0xf2>
20002f6e:	2b1f      	cmp	r3, #31
20002f70:	d80a      	bhi.n	20002f88 <_ntoa_format+0x9a>
20002f72:	2030      	movs	r0, #48	@ 0x30
20002f74:	54d0      	strb	r0, [r2, r3]
20002f76:	3301      	adds	r3, #1
20002f78:	2b1f      	cmp	r3, #31
20002f7a:	d805      	bhi.n	20002f88 <_ntoa_format+0x9a>
20002f7c:	4660      	mov	r0, ip
20002f7e:	2800      	cmp	r0, #0
20002f80:	d034      	beq.n	20002fec <_ntoa_format+0xfe>
20002f82:	202d      	movs	r0, #45	@ 0x2d
20002f84:	54d0      	strb	r0, [r2, r3]
20002f86:	3301      	adds	r3, #1
20002f88:	9103      	str	r1, [sp, #12]
20002f8a:	9402      	str	r4, [sp, #8]
20002f8c:	9301      	str	r3, [sp, #4]
20002f8e:	9200      	str	r2, [sp, #0]
20002f90:	464b      	mov	r3, r9
20002f92:	4642      	mov	r2, r8
20002f94:	0039      	movs	r1, r7
20002f96:	0030      	movs	r0, r6
20002f98:	f7ff ff4c 	bl	20002e34 <_out_rev>
20002f9c:	b005      	add	sp, #20
20002f9e:	bcc0      	pop	{r6, r7}
20002fa0:	46b9      	mov	r9, r7
20002fa2:	46b0      	mov	r8, r6
20002fa4:	bdf0      	pop	{r4, r5, r6, r7, pc}
20002fa6:	1e58      	subs	r0, r3, #1
20002fa8:	2b01      	cmp	r3, #1
20002faa:	d017      	beq.n	20002fdc <_ntoa_format+0xee>
20002fac:	9d0f      	ldr	r5, [sp, #60]	@ 0x3c
20002fae:	2d10      	cmp	r5, #16
20002fb0:	d00b      	beq.n	20002fca <_ntoa_format+0xdc>
20002fb2:	0003      	movs	r3, r0
20002fb4:	980f      	ldr	r0, [sp, #60]	@ 0x3c
20002fb6:	2810      	cmp	r0, #16
20002fb8:	d1d6      	bne.n	20002f68 <_ntoa_format+0x7a>
20002fba:	0688      	lsls	r0, r1, #26
20002fbc:	d5d4      	bpl.n	20002f68 <_ntoa_format+0x7a>
20002fbe:	2b1f      	cmp	r3, #31
20002fc0:	d8d2      	bhi.n	20002f68 <_ntoa_format+0x7a>
20002fc2:	2058      	movs	r0, #88	@ 0x58
20002fc4:	54d0      	strb	r0, [r2, r3]
20002fc6:	3301      	adds	r3, #1
20002fc8:	e7d1      	b.n	20002f6e <_ntoa_format+0x80>
20002fca:	3b02      	subs	r3, #2
20002fcc:	0688      	lsls	r0, r1, #26
20002fce:	d4f1      	bmi.n	20002fb4 <_ntoa_format+0xc6>
20002fd0:	2b1f      	cmp	r3, #31
20002fd2:	d8ef      	bhi.n	20002fb4 <_ntoa_format+0xc6>
20002fd4:	2078      	movs	r0, #120	@ 0x78
20002fd6:	54d0      	strb	r0, [r2, r3]
20002fd8:	3301      	adds	r3, #1
20002fda:	e7c8      	b.n	20002f6e <_ntoa_format+0x80>
20002fdc:	0003      	movs	r3, r0
20002fde:	e7c0      	b.n	20002f62 <_ntoa_format+0x74>
20002fe0:	2b1f      	cmp	r3, #31
20002fe2:	d8d1      	bhi.n	20002f88 <_ntoa_format+0x9a>
20002fe4:	3060      	adds	r0, #96	@ 0x60
20002fe6:	54d0      	strb	r0, [r2, r3]
20002fe8:	3301      	adds	r3, #1
20002fea:	e7c0      	b.n	20002f6e <_ntoa_format+0x80>
20002fec:	0748      	lsls	r0, r1, #29
20002fee:	d503      	bpl.n	20002ff8 <_ntoa_format+0x10a>
20002ff0:	202b      	movs	r0, #43	@ 0x2b
20002ff2:	54d0      	strb	r0, [r2, r3]
20002ff4:	3301      	adds	r3, #1
20002ff6:	e7c7      	b.n	20002f88 <_ntoa_format+0x9a>
20002ff8:	0708      	lsls	r0, r1, #28
20002ffa:	d5c5      	bpl.n	20002f88 <_ntoa_format+0x9a>
20002ffc:	2020      	movs	r0, #32
20002ffe:	54d0      	strb	r0, [r2, r3]
20003000:	3301      	adds	r3, #1
20003002:	e7c1      	b.n	20002f88 <_ntoa_format+0x9a>

20003004 <_ntoa_long>:
20003004:	b5f0      	push	{r4, r5, r6, r7, lr}
20003006:	46de      	mov	lr, fp
20003008:	4657      	mov	r7, sl
2000300a:	464e      	mov	r6, r9
2000300c:	4645      	mov	r5, r8
2000300e:	b5e0      	push	{r5, r6, r7, lr}
20003010:	b093      	sub	sp, #76	@ 0x4c
20003012:	4680      	mov	r8, r0
20003014:	4689      	mov	r9, r1
20003016:	4692      	mov	sl, r2
20003018:	469b      	mov	fp, r3
2000301a:	ab1c      	add	r3, sp, #112	@ 0x70
2000301c:	cb10      	ldmia	r3!, {r4}
2000301e:	781b      	ldrb	r3, [r3, #0]
20003020:	9309      	str	r3, [sp, #36]	@ 0x24
20003022:	9d1e      	ldr	r5, [sp, #120]	@ 0x78
20003024:	2c00      	cmp	r4, #0
20003026:	d103      	bne.n	20003030 <_ntoa_long+0x2c>
20003028:	2310      	movs	r3, #16
2000302a:	9a21      	ldr	r2, [sp, #132]	@ 0x84
2000302c:	439a      	bics	r2, r3
2000302e:	9221      	str	r2, [sp, #132]	@ 0x84
20003030:	2380      	movs	r3, #128	@ 0x80
20003032:	00db      	lsls	r3, r3, #3
20003034:	9e21      	ldr	r6, [sp, #132]	@ 0x84
20003036:	401e      	ands	r6, r3
20003038:	9a21      	ldr	r2, [sp, #132]	@ 0x84
2000303a:	421a      	tst	r2, r3
2000303c:	d018      	beq.n	20003070 <_ntoa_long+0x6c>
2000303e:	2c00      	cmp	r4, #0
20003040:	d022      	beq.n	20003088 <_ntoa_long+0x84>
20003042:	2600      	movs	r6, #0
20003044:	e014      	b.n	20003070 <_ntoa_long+0x6c>
20003046:	9a21      	ldr	r2, [sp, #132]	@ 0x84
20003048:	0692      	lsls	r2, r2, #26
2000304a:	d51b      	bpl.n	20003084 <_ntoa_long+0x80>
2000304c:	2141      	movs	r1, #65	@ 0x41
2000304e:	18c9      	adds	r1, r1, r3
20003050:	b2c9      	uxtb	r1, r1
20003052:	390a      	subs	r1, #10
20003054:	b2c9      	uxtb	r1, r1
20003056:	1c77      	adds	r7, r6, #1
20003058:	ab0a      	add	r3, sp, #40	@ 0x28
2000305a:	5599      	strb	r1, [r3, r6]
2000305c:	0029      	movs	r1, r5
2000305e:	0020      	movs	r0, r4
20003060:	f7fe ffc8 	bl	20001ff4 <__wrap___aeabi_uidiv>
20003064:	42ac      	cmp	r4, r5
20003066:	d310      	bcc.n	2000308a <_ntoa_long+0x86>
20003068:	2f1f      	cmp	r7, #31
2000306a:	d80e      	bhi.n	2000308a <_ntoa_long+0x86>
2000306c:	003e      	movs	r6, r7
2000306e:	0004      	movs	r4, r0
20003070:	0029      	movs	r1, r5
20003072:	0020      	movs	r0, r4
20003074:	f7fe ffbe 	bl	20001ff4 <__wrap___aeabi_uidiv>
20003078:	b2cb      	uxtb	r3, r1
2000307a:	2b09      	cmp	r3, #9
2000307c:	d8e3      	bhi.n	20003046 <_ntoa_long+0x42>
2000307e:	3330      	adds	r3, #48	@ 0x30
20003080:	b2d9      	uxtb	r1, r3
20003082:	e7e8      	b.n	20003056 <_ntoa_long+0x52>
20003084:	2161      	movs	r1, #97	@ 0x61
20003086:	e7e2      	b.n	2000304e <_ntoa_long+0x4a>
20003088:	0027      	movs	r7, r4
2000308a:	9b21      	ldr	r3, [sp, #132]	@ 0x84
2000308c:	9306      	str	r3, [sp, #24]
2000308e:	9b20      	ldr	r3, [sp, #128]	@ 0x80
20003090:	9305      	str	r3, [sp, #20]
20003092:	9b1f      	ldr	r3, [sp, #124]	@ 0x7c
20003094:	9304      	str	r3, [sp, #16]
20003096:	9503      	str	r5, [sp, #12]
20003098:	9b09      	ldr	r3, [sp, #36]	@ 0x24
2000309a:	9302      	str	r3, [sp, #8]
2000309c:	9701      	str	r7, [sp, #4]
2000309e:	ab0a      	add	r3, sp, #40	@ 0x28
200030a0:	9300      	str	r3, [sp, #0]
200030a2:	465b      	mov	r3, fp
200030a4:	4652      	mov	r2, sl
200030a6:	4649      	mov	r1, r9
200030a8:	4640      	mov	r0, r8
200030aa:	f7ff ff20 	bl	20002eee <_ntoa_format>
200030ae:	b013      	add	sp, #76	@ 0x4c
200030b0:	bcf0      	pop	{r4, r5, r6, r7}
200030b2:	46bb      	mov	fp, r7
200030b4:	46b2      	mov	sl, r6
200030b6:	46a9      	mov	r9, r5
200030b8:	46a0      	mov	r8, r4
200030ba:	bdf0      	pop	{r4, r5, r6, r7, pc}

200030bc <_ntoa_long_long>:
200030bc:	b5f0      	push	{r4, r5, r6, r7, lr}
200030be:	46de      	mov	lr, fp
200030c0:	4657      	mov	r7, sl
200030c2:	464e      	mov	r6, r9
200030c4:	4645      	mov	r5, r8
200030c6:	b5e0      	push	{r5, r6, r7, lr}
200030c8:	b095      	sub	sp, #84	@ 0x54
200030ca:	4683      	mov	fp, r0
200030cc:	9108      	str	r1, [sp, #32]
200030ce:	9209      	str	r2, [sp, #36]	@ 0x24
200030d0:	930a      	str	r3, [sp, #40]	@ 0x28
200030d2:	9b1e      	ldr	r3, [sp, #120]	@ 0x78
200030d4:	4699      	mov	r9, r3
200030d6:	9f1f      	ldr	r7, [sp, #124]	@ 0x7c
200030d8:	ab20      	add	r3, sp, #128	@ 0x80
200030da:	781b      	ldrb	r3, [r3, #0]
200030dc:	930b      	str	r3, [sp, #44]	@ 0x2c
200030de:	9b22      	ldr	r3, [sp, #136]	@ 0x88
200030e0:	4698      	mov	r8, r3
200030e2:	9c23      	ldr	r4, [sp, #140]	@ 0x8c
200030e4:	464b      	mov	r3, r9
200030e6:	433b      	orrs	r3, r7
200030e8:	d103      	bne.n	200030f2 <_ntoa_long_long+0x36>
200030ea:	3310      	adds	r3, #16
200030ec:	9a26      	ldr	r2, [sp, #152]	@ 0x98
200030ee:	439a      	bics	r2, r3
200030f0:	9226      	str	r2, [sp, #152]	@ 0x98
200030f2:	2380      	movs	r3, #128	@ 0x80
200030f4:	00db      	lsls	r3, r3, #3
200030f6:	9d26      	ldr	r5, [sp, #152]	@ 0x98
200030f8:	401d      	ands	r5, r3
200030fa:	9a26      	ldr	r2, [sp, #152]	@ 0x98
200030fc:	421a      	tst	r2, r3
200030fe:	d008      	beq.n	20003112 <_ntoa_long_long+0x56>
20003100:	464b      	mov	r3, r9
20003102:	433b      	orrs	r3, r7
20003104:	d039      	beq.n	2000317a <_ntoa_long_long+0xbe>
20003106:	2500      	movs	r5, #0
20003108:	464e      	mov	r6, r9
2000310a:	0023      	movs	r3, r4
2000310c:	002c      	movs	r4, r5
2000310e:	001d      	movs	r5, r3
20003110:	e01f      	b.n	20003152 <_ntoa_long_long+0x96>
20003112:	464e      	mov	r6, r9
20003114:	0023      	movs	r3, r4
20003116:	002c      	movs	r4, r5
20003118:	001d      	movs	r5, r3
2000311a:	e01a      	b.n	20003152 <_ntoa_long_long+0x96>
2000311c:	9a26      	ldr	r2, [sp, #152]	@ 0x98
2000311e:	0692      	lsls	r2, r2, #26
20003120:	d523      	bpl.n	2000316a <_ntoa_long_long+0xae>
20003122:	2241      	movs	r2, #65	@ 0x41
20003124:	18d2      	adds	r2, r2, r3
20003126:	b2d2      	uxtb	r2, r2
20003128:	3a0a      	subs	r2, #10
2000312a:	b2d2      	uxtb	r2, r2
2000312c:	1c63      	adds	r3, r4, #1
2000312e:	469a      	mov	sl, r3
20003130:	ab0c      	add	r3, sp, #48	@ 0x30
20003132:	551a      	strb	r2, [r3, r4]
20003134:	4642      	mov	r2, r8
20003136:	002b      	movs	r3, r5
20003138:	0030      	movs	r0, r6
2000313a:	0039      	movs	r1, r7
2000313c:	f7fe ff98 	bl	20002070 <__wrap___aeabi_uldivmod>
20003140:	42bd      	cmp	r5, r7
20003142:	d81c      	bhi.n	2000317e <_ntoa_long_long+0xc2>
20003144:	d013      	beq.n	2000316e <_ntoa_long_long+0xb2>
20003146:	4653      	mov	r3, sl
20003148:	2b1f      	cmp	r3, #31
2000314a:	d814      	bhi.n	20003176 <_ntoa_long_long+0xba>
2000314c:	4654      	mov	r4, sl
2000314e:	0006      	movs	r6, r0
20003150:	000f      	movs	r7, r1
20003152:	4642      	mov	r2, r8
20003154:	002b      	movs	r3, r5
20003156:	0030      	movs	r0, r6
20003158:	0039      	movs	r1, r7
2000315a:	f7fe ff89 	bl	20002070 <__wrap___aeabi_uldivmod>
2000315e:	b2d3      	uxtb	r3, r2
20003160:	2b09      	cmp	r3, #9
20003162:	d8db      	bhi.n	2000311c <_ntoa_long_long+0x60>
20003164:	3330      	adds	r3, #48	@ 0x30
20003166:	b2da      	uxtb	r2, r3
20003168:	e7e0      	b.n	2000312c <_ntoa_long_long+0x70>
2000316a:	2261      	movs	r2, #97	@ 0x61
2000316c:	e7da      	b.n	20003124 <_ntoa_long_long+0x68>
2000316e:	45b0      	cmp	r8, r6
20003170:	d9e9      	bls.n	20003146 <_ntoa_long_long+0x8a>
20003172:	4656      	mov	r6, sl
20003174:	e004      	b.n	20003180 <_ntoa_long_long+0xc4>
20003176:	4656      	mov	r6, sl
20003178:	e002      	b.n	20003180 <_ntoa_long_long+0xc4>
2000317a:	2600      	movs	r6, #0
2000317c:	e000      	b.n	20003180 <_ntoa_long_long+0xc4>
2000317e:	4656      	mov	r6, sl
20003180:	9b26      	ldr	r3, [sp, #152]	@ 0x98
20003182:	9306      	str	r3, [sp, #24]
20003184:	9b25      	ldr	r3, [sp, #148]	@ 0x94
20003186:	9305      	str	r3, [sp, #20]
20003188:	9b24      	ldr	r3, [sp, #144]	@ 0x90
2000318a:	9304      	str	r3, [sp, #16]
2000318c:	4643      	mov	r3, r8
2000318e:	9303      	str	r3, [sp, #12]
20003190:	9b0b      	ldr	r3, [sp, #44]	@ 0x2c
20003192:	9302      	str	r3, [sp, #8]
20003194:	9601      	str	r6, [sp, #4]
20003196:	ab0c      	add	r3, sp, #48	@ 0x30
20003198:	9300      	str	r3, [sp, #0]
2000319a:	9b0a      	ldr	r3, [sp, #40]	@ 0x28
2000319c:	9a09      	ldr	r2, [sp, #36]	@ 0x24
2000319e:	9908      	ldr	r1, [sp, #32]
200031a0:	4658      	mov	r0, fp
200031a2:	f7ff fea4 	bl	20002eee <_ntoa_format>
200031a6:	b015      	add	sp, #84	@ 0x54
200031a8:	bcf0      	pop	{r4, r5, r6, r7}
200031aa:	46bb      	mov	fp, r7
200031ac:	46b2      	mov	sl, r6
200031ae:	46a9      	mov	r9, r5
200031b0:	46a0      	mov	r8, r4
200031b2:	bdf0      	pop	{r4, r5, r6, r7, pc}

200031b4 <_etoa>:
200031b4:	b5f0      	push	{r4, r5, r6, r7, lr}
200031b6:	46de      	mov	lr, fp
200031b8:	4657      	mov	r7, sl
200031ba:	464e      	mov	r6, r9
200031bc:	4645      	mov	r5, r8
200031be:	b5e0      	push	{r5, r6, r7, lr}
200031c0:	b095      	sub	sp, #84	@ 0x54
200031c2:	0004      	movs	r4, r0
200031c4:	468a      	mov	sl, r1
200031c6:	4693      	mov	fp, r2
200031c8:	4699      	mov	r9, r3
200031ca:	9e1e      	ldr	r6, [sp, #120]	@ 0x78
200031cc:	9f1f      	ldr	r7, [sp, #124]	@ 0x7c
200031ce:	0032      	movs	r2, r6
200031d0:	003b      	movs	r3, r7
200031d2:	0030      	movs	r0, r6
200031d4:	0039      	movs	r1, r7
200031d6:	f7ff f9d6 	bl	20002586 <__wrap___aeabi_dcmpun>
200031da:	2800      	cmp	r0, #0
200031dc:	d000      	beq.n	200031e0 <_etoa+0x2c>
200031de:	e0fb      	b.n	200033d8 <_etoa+0x224>
200031e0:	2201      	movs	r2, #1
200031e2:	4252      	negs	r2, r2
200031e4:	4bd6      	ldr	r3, [pc, #856]	@ (20003540 <_etoa+0x38c>)
200031e6:	0030      	movs	r0, r6
200031e8:	0039      	movs	r1, r7
200031ea:	f7ff f9c7 	bl	2000257c <__wrap___aeabi_dcmpgt>
200031ee:	2800      	cmp	r0, #0
200031f0:	d000      	beq.n	200031f4 <_etoa+0x40>
200031f2:	e0f1      	b.n	200033d8 <_etoa+0x224>
200031f4:	2201      	movs	r2, #1
200031f6:	4252      	negs	r2, r2
200031f8:	4bd2      	ldr	r3, [pc, #840]	@ (20003544 <_etoa+0x390>)
200031fa:	0030      	movs	r0, r6
200031fc:	0039      	movs	r1, r7
200031fe:	f7ff f9a7 	bl	20002550 <__wrap___aeabi_dcmplt>
20003202:	2800      	cmp	r0, #0
20003204:	d000      	beq.n	20003208 <_etoa+0x54>
20003206:	e0e7      	b.n	200033d8 <_etoa+0x224>
20003208:	2200      	movs	r2, #0
2000320a:	2300      	movs	r3, #0
2000320c:	0030      	movs	r0, r6
2000320e:	0039      	movs	r1, r7
20003210:	f7ff f99e 	bl	20002550 <__wrap___aeabi_dcmplt>
20003214:	2800      	cmp	r0, #0
20003216:	d000      	beq.n	2000321a <_etoa+0x66>
20003218:	e0f3      	b.n	20003402 <_etoa+0x24e>
2000321a:	9606      	str	r6, [sp, #24]
2000321c:	9707      	str	r7, [sp, #28]
2000321e:	2380      	movs	r3, #128	@ 0x80
20003220:	00db      	lsls	r3, r3, #3
20003222:	9a22      	ldr	r2, [sp, #136]	@ 0x88
20003224:	401a      	ands	r2, r3
20003226:	9211      	str	r2, [sp, #68]	@ 0x44
20003228:	9a22      	ldr	r2, [sp, #136]	@ 0x88
2000322a:	421a      	tst	r2, r3
2000322c:	d101      	bne.n	20003232 <_etoa+0x7e>
2000322e:	2306      	movs	r3, #6
20003230:	9320      	str	r3, [sp, #128]	@ 0x80
20003232:	9806      	ldr	r0, [sp, #24]
20003234:	9907      	ldr	r1, [sp, #28]
20003236:	0002      	movs	r2, r0
20003238:	000b      	movs	r3, r1
2000323a:	920a      	str	r2, [sp, #40]	@ 0x28
2000323c:	930b      	str	r3, [sp, #44]	@ 0x2c
2000323e:	0003      	movs	r3, r0
20003240:	000a      	movs	r2, r1
20003242:	4302      	orrs	r2, r0
20003244:	d100      	bne.n	20003248 <_etoa+0x94>
20003246:	e0e8      	b.n	2000341a <_etoa+0x266>
20003248:	0d08      	lsrs	r0, r1, #20
2000324a:	0540      	lsls	r0, r0, #21
2000324c:	0d40      	lsrs	r0, r0, #21
2000324e:	4dbe      	ldr	r5, [pc, #760]	@ (20003548 <_etoa+0x394>)
20003250:	46ac      	mov	ip, r5
20003252:	4460      	add	r0, ip
20003254:	0005      	movs	r5, r0
20003256:	9807      	ldr	r0, [sp, #28]
20003258:	0302      	lsls	r2, r0, #12
2000325a:	0b12      	lsrs	r2, r2, #12
2000325c:	2000      	movs	r0, #0
2000325e:	2100      	movs	r1, #0
20003260:	9008      	str	r0, [sp, #32]
20003262:	9109      	str	r1, [sp, #36]	@ 0x24
20003264:	9308      	str	r3, [sp, #32]
20003266:	4bb9      	ldr	r3, [pc, #740]	@ (2000354c <_etoa+0x398>)
20003268:	4313      	orrs	r3, r2
2000326a:	9309      	str	r3, [sp, #36]	@ 0x24
2000326c:	0028      	movs	r0, r5
2000326e:	f7ff f99b 	bl	200025a8 <__wrap___aeabi_i2d>
20003272:	4ab7      	ldr	r2, [pc, #732]	@ (20003550 <_etoa+0x39c>)
20003274:	4bb7      	ldr	r3, [pc, #732]	@ (20003554 <_etoa+0x3a0>)
20003276:	f7ff f928 	bl	200024ca <__wrap___aeabi_dmul>
2000327a:	4ab7      	ldr	r2, [pc, #732]	@ (20003558 <_etoa+0x3a4>)
2000327c:	4bb7      	ldr	r3, [pc, #732]	@ (2000355c <_etoa+0x3a8>)
2000327e:	f7ff f8fd 	bl	2000247c <__wrap___aeabi_dadd>
20003282:	900a      	str	r0, [sp, #40]	@ 0x28
20003284:	910b      	str	r1, [sp, #44]	@ 0x2c
20003286:	2200      	movs	r2, #0
20003288:	4bb5      	ldr	r3, [pc, #724]	@ (20003560 <_etoa+0x3ac>)
2000328a:	9808      	ldr	r0, [sp, #32]
2000328c:	9909      	ldr	r1, [sp, #36]	@ 0x24
2000328e:	f7ff f8ec 	bl	2000246a <__wrap___aeabi_dsub>
20003292:	4ab4      	ldr	r2, [pc, #720]	@ (20003564 <_etoa+0x3b0>)
20003294:	4bb4      	ldr	r3, [pc, #720]	@ (20003568 <_etoa+0x3b4>)
20003296:	f7ff f918 	bl	200024ca <__wrap___aeabi_dmul>
2000329a:	0002      	movs	r2, r0
2000329c:	000b      	movs	r3, r1
2000329e:	980a      	ldr	r0, [sp, #40]	@ 0x28
200032a0:	990b      	ldr	r1, [sp, #44]	@ 0x2c
200032a2:	f7ff f8eb 	bl	2000247c <__wrap___aeabi_dadd>
200032a6:	f7ff f997 	bl	200025d8 <__wrap___aeabi_d2iz>
200032aa:	4680      	mov	r8, r0
200032ac:	9008      	str	r0, [sp, #32]
200032ae:	f7ff f97b 	bl	200025a8 <__wrap___aeabi_i2d>
200032b2:	4aae      	ldr	r2, [pc, #696]	@ (2000356c <_etoa+0x3b8>)
200032b4:	4bae      	ldr	r3, [pc, #696]	@ (20003570 <_etoa+0x3bc>)
200032b6:	900a      	str	r0, [sp, #40]	@ 0x28
200032b8:	910b      	str	r1, [sp, #44]	@ 0x2c
200032ba:	f7ff f906 	bl	200024ca <__wrap___aeabi_dmul>
200032be:	2200      	movs	r2, #0
200032c0:	4bac      	ldr	r3, [pc, #688]	@ (20003574 <_etoa+0x3c0>)
200032c2:	f7ff f8db 	bl	2000247c <__wrap___aeabi_dadd>
200032c6:	f7ff f987 	bl	200025d8 <__wrap___aeabi_d2iz>
200032ca:	0005      	movs	r5, r0
200032cc:	4aaa      	ldr	r2, [pc, #680]	@ (20003578 <_etoa+0x3c4>)
200032ce:	4bab      	ldr	r3, [pc, #684]	@ (2000357c <_etoa+0x3c8>)
200032d0:	980a      	ldr	r0, [sp, #40]	@ 0x28
200032d2:	990b      	ldr	r1, [sp, #44]	@ 0x2c
200032d4:	f7ff f8f9 	bl	200024ca <__wrap___aeabi_dmul>
200032d8:	900a      	str	r0, [sp, #40]	@ 0x28
200032da:	910b      	str	r1, [sp, #44]	@ 0x2c
200032dc:	0028      	movs	r0, r5
200032de:	f7ff f963 	bl	200025a8 <__wrap___aeabi_i2d>
200032e2:	4aa7      	ldr	r2, [pc, #668]	@ (20003580 <_etoa+0x3cc>)
200032e4:	4ba7      	ldr	r3, [pc, #668]	@ (20003584 <_etoa+0x3d0>)
200032e6:	f7ff f8f0 	bl	200024ca <__wrap___aeabi_dmul>
200032ea:	0002      	movs	r2, r0
200032ec:	000b      	movs	r3, r1
200032ee:	980a      	ldr	r0, [sp, #40]	@ 0x28
200032f0:	990b      	ldr	r1, [sp, #44]	@ 0x2c
200032f2:	f7ff f8ba 	bl	2000246a <__wrap___aeabi_dsub>
200032f6:	0002      	movs	r2, r0
200032f8:	000b      	movs	r3, r1
200032fa:	900a      	str	r0, [sp, #40]	@ 0x28
200032fc:	910b      	str	r1, [sp, #44]	@ 0x2c
200032fe:	f7ff f8e4 	bl	200024ca <__wrap___aeabi_dmul>
20003302:	900e      	str	r0, [sp, #56]	@ 0x38
20003304:	910f      	str	r1, [sp, #60]	@ 0x3c
20003306:	002b      	movs	r3, r5
20003308:	4d9f      	ldr	r5, [pc, #636]	@ (20003588 <_etoa+0x3d4>)
2000330a:	46ac      	mov	ip, r5
2000330c:	4463      	add	r3, ip
2000330e:	2100      	movs	r1, #0
20003310:	2200      	movs	r2, #0
20003312:	910c      	str	r1, [sp, #48]	@ 0x30
20003314:	920d      	str	r2, [sp, #52]	@ 0x34
20003316:	051b      	lsls	r3, r3, #20
20003318:	930d      	str	r3, [sp, #52]	@ 0x34
2000331a:	2300      	movs	r3, #0
2000331c:	930c      	str	r3, [sp, #48]	@ 0x30
2000331e:	980a      	ldr	r0, [sp, #40]	@ 0x28
20003320:	990b      	ldr	r1, [sp, #44]	@ 0x2c
20003322:	0002      	movs	r2, r0
20003324:	000b      	movs	r3, r1
20003326:	f7ff f8a9 	bl	2000247c <__wrap___aeabi_dadd>
2000332a:	9012      	str	r0, [sp, #72]	@ 0x48
2000332c:	9113      	str	r1, [sp, #76]	@ 0x4c
2000332e:	9a0a      	ldr	r2, [sp, #40]	@ 0x28
20003330:	9b0b      	ldr	r3, [sp, #44]	@ 0x2c
20003332:	2000      	movs	r0, #0
20003334:	2180      	movs	r1, #128	@ 0x80
20003336:	05c9      	lsls	r1, r1, #23
20003338:	f7ff f897 	bl	2000246a <__wrap___aeabi_dsub>
2000333c:	900a      	str	r0, [sp, #40]	@ 0x28
2000333e:	910b      	str	r1, [sp, #44]	@ 0x2c
20003340:	2200      	movs	r2, #0
20003342:	4b92      	ldr	r3, [pc, #584]	@ (2000358c <_etoa+0x3d8>)
20003344:	980e      	ldr	r0, [sp, #56]	@ 0x38
20003346:	990f      	ldr	r1, [sp, #60]	@ 0x3c
20003348:	f7ff f8a1 	bl	2000248e <__wrap___aeabi_ddiv>
2000334c:	2200      	movs	r2, #0
2000334e:	4b90      	ldr	r3, [pc, #576]	@ (20003590 <_etoa+0x3dc>)
20003350:	f7ff f894 	bl	2000247c <__wrap___aeabi_dadd>
20003354:	0002      	movs	r2, r0
20003356:	000b      	movs	r3, r1
20003358:	980e      	ldr	r0, [sp, #56]	@ 0x38
2000335a:	990f      	ldr	r1, [sp, #60]	@ 0x3c
2000335c:	f7ff f897 	bl	2000248e <__wrap___aeabi_ddiv>
20003360:	2200      	movs	r2, #0
20003362:	4b8c      	ldr	r3, [pc, #560]	@ (20003594 <_etoa+0x3e0>)
20003364:	f7ff f88a 	bl	2000247c <__wrap___aeabi_dadd>
20003368:	0002      	movs	r2, r0
2000336a:	000b      	movs	r3, r1
2000336c:	980e      	ldr	r0, [sp, #56]	@ 0x38
2000336e:	990f      	ldr	r1, [sp, #60]	@ 0x3c
20003370:	f7ff f88d 	bl	2000248e <__wrap___aeabi_ddiv>
20003374:	0002      	movs	r2, r0
20003376:	000b      	movs	r3, r1
20003378:	980a      	ldr	r0, [sp, #40]	@ 0x28
2000337a:	990b      	ldr	r1, [sp, #44]	@ 0x2c
2000337c:	f7ff f87e 	bl	2000247c <__wrap___aeabi_dadd>
20003380:	0002      	movs	r2, r0
20003382:	000b      	movs	r3, r1
20003384:	9812      	ldr	r0, [sp, #72]	@ 0x48
20003386:	9913      	ldr	r1, [sp, #76]	@ 0x4c
20003388:	f7ff f881 	bl	2000248e <__wrap___aeabi_ddiv>
2000338c:	2200      	movs	r2, #0
2000338e:	4b6f      	ldr	r3, [pc, #444]	@ (2000354c <_etoa+0x398>)
20003390:	f7ff f874 	bl	2000247c <__wrap___aeabi_dadd>
20003394:	9a0c      	ldr	r2, [sp, #48]	@ 0x30
20003396:	9b0d      	ldr	r3, [sp, #52]	@ 0x34
20003398:	f7ff f897 	bl	200024ca <__wrap___aeabi_dmul>
2000339c:	0002      	movs	r2, r0
2000339e:	000b      	movs	r3, r1
200033a0:	920a      	str	r2, [sp, #40]	@ 0x28
200033a2:	930b      	str	r3, [sp, #44]	@ 0x2c
200033a4:	9a06      	ldr	r2, [sp, #24]
200033a6:	9b07      	ldr	r3, [sp, #28]
200033a8:	900c      	str	r0, [sp, #48]	@ 0x30
200033aa:	910d      	str	r1, [sp, #52]	@ 0x34
200033ac:	f7ff f8e6 	bl	2000257c <__wrap___aeabi_dcmpgt>
200033b0:	2800      	cmp	r0, #0
200033b2:	d00a      	beq.n	200033ca <_etoa+0x216>
200033b4:	4643      	mov	r3, r8
200033b6:	3b01      	subs	r3, #1
200033b8:	9308      	str	r3, [sp, #32]
200033ba:	2200      	movs	r2, #0
200033bc:	4b74      	ldr	r3, [pc, #464]	@ (20003590 <_etoa+0x3dc>)
200033be:	980c      	ldr	r0, [sp, #48]	@ 0x30
200033c0:	990d      	ldr	r1, [sp, #52]	@ 0x34
200033c2:	f7ff f864 	bl	2000248e <__wrap___aeabi_ddiv>
200033c6:	900a      	str	r0, [sp, #40]	@ 0x28
200033c8:	910b      	str	r1, [sp, #44]	@ 0x2c
200033ca:	9b08      	ldr	r3, [sp, #32]
200033cc:	3363      	adds	r3, #99	@ 0x63
200033ce:	2bc6      	cmp	r3, #198	@ 0xc6
200033d0:	d849      	bhi.n	20003466 <_etoa+0x2b2>
200033d2:	2304      	movs	r3, #4
200033d4:	001d      	movs	r5, r3
200033d6:	e024      	b.n	20003422 <_etoa+0x26e>
200033d8:	9b22      	ldr	r3, [sp, #136]	@ 0x88
200033da:	9304      	str	r3, [sp, #16]
200033dc:	9b21      	ldr	r3, [sp, #132]	@ 0x84
200033de:	9303      	str	r3, [sp, #12]
200033e0:	9b20      	ldr	r3, [sp, #128]	@ 0x80
200033e2:	9302      	str	r3, [sp, #8]
200033e4:	9600      	str	r6, [sp, #0]
200033e6:	9701      	str	r7, [sp, #4]
200033e8:	464b      	mov	r3, r9
200033ea:	465a      	mov	r2, fp
200033ec:	4651      	mov	r1, sl
200033ee:	0020      	movs	r0, r4
200033f0:	f000 f904 	bl	200035fc <_ftoa>
200033f4:	b015      	add	sp, #84	@ 0x54
200033f6:	bcf0      	pop	{r4, r5, r6, r7}
200033f8:	46bb      	mov	fp, r7
200033fa:	46b2      	mov	sl, r6
200033fc:	46a9      	mov	r9, r5
200033fe:	46a0      	mov	r8, r4
20003400:	bdf0      	pop	{r4, r5, r6, r7, pc}
20003402:	2100      	movs	r1, #0
20003404:	2200      	movs	r2, #0
20003406:	9106      	str	r1, [sp, #24]
20003408:	9207      	str	r2, [sp, #28]
2000340a:	9606      	str	r6, [sp, #24]
2000340c:	2380      	movs	r3, #128	@ 0x80
2000340e:	061b      	lsls	r3, r3, #24
20003410:	469c      	mov	ip, r3
20003412:	44bc      	add	ip, r7
20003414:	4663      	mov	r3, ip
20003416:	9307      	str	r3, [sp, #28]
20003418:	e701      	b.n	2000321e <_etoa+0x6a>
2000341a:	2300      	movs	r3, #0
2000341c:	9308      	str	r3, [sp, #32]
2000341e:	3304      	adds	r3, #4
20003420:	001d      	movs	r5, r3
20003422:	9b22      	ldr	r3, [sp, #136]	@ 0x88
20003424:	051b      	lsls	r3, r3, #20
20003426:	d52b      	bpl.n	20003480 <_etoa+0x2cc>
20003428:	9a0a      	ldr	r2, [sp, #40]	@ 0x28
2000342a:	9b0b      	ldr	r3, [sp, #44]	@ 0x2c
2000342c:	0019      	movs	r1, r3
2000342e:	4311      	orrs	r1, r2
20003430:	d011      	beq.n	20003456 <_etoa+0x2a2>
20003432:	4a59      	ldr	r2, [pc, #356]	@ (20003598 <_etoa+0x3e4>)
20003434:	4b59      	ldr	r3, [pc, #356]	@ (2000359c <_etoa+0x3e8>)
20003436:	9806      	ldr	r0, [sp, #24]
20003438:	9907      	ldr	r1, [sp, #28]
2000343a:	f7ff f897 	bl	2000256c <__wrap___aeabi_dcmpge>
2000343e:	2800      	cmp	r0, #0
20003440:	d100      	bne.n	20003444 <_etoa+0x290>
20003442:	e0b1      	b.n	200035a8 <_etoa+0x3f4>
20003444:	2200      	movs	r2, #0
20003446:	4b56      	ldr	r3, [pc, #344]	@ (200035a0 <_etoa+0x3ec>)
20003448:	9806      	ldr	r0, [sp, #24]
2000344a:	9907      	ldr	r1, [sp, #28]
2000344c:	f7ff f880 	bl	20002550 <__wrap___aeabi_dcmplt>
20003450:	2800      	cmp	r0, #0
20003452:	d100      	bne.n	20003456 <_etoa+0x2a2>
20003454:	e0a8      	b.n	200035a8 <_etoa+0x3f4>
20003456:	9a20      	ldr	r2, [sp, #128]	@ 0x80
20003458:	9b08      	ldr	r3, [sp, #32]
2000345a:	429a      	cmp	r2, r3
2000345c:	dd06      	ble.n	2000346c <_etoa+0x2b8>
2000345e:	1ad3      	subs	r3, r2, r3
20003460:	3b01      	subs	r3, #1
20003462:	9320      	str	r3, [sp, #128]	@ 0x80
20003464:	e004      	b.n	20003470 <_etoa+0x2bc>
20003466:	2305      	movs	r3, #5
20003468:	001d      	movs	r5, r3
2000346a:	e7da      	b.n	20003422 <_etoa+0x26e>
2000346c:	2300      	movs	r3, #0
2000346e:	9320      	str	r3, [sp, #128]	@ 0x80
20003470:	2380      	movs	r3, #128	@ 0x80
20003472:	00db      	lsls	r3, r3, #3
20003474:	9a22      	ldr	r2, [sp, #136]	@ 0x88
20003476:	431a      	orrs	r2, r3
20003478:	9222      	str	r2, [sp, #136]	@ 0x88
2000347a:	2300      	movs	r3, #0
2000347c:	001d      	movs	r5, r3
2000347e:	9308      	str	r3, [sp, #32]
20003480:	9a21      	ldr	r2, [sp, #132]	@ 0x84
20003482:	4295      	cmp	r5, r2
20003484:	d300      	bcc.n	20003488 <_etoa+0x2d4>
20003486:	e09b      	b.n	200035c0 <_etoa+0x40c>
20003488:	1b53      	subs	r3, r2, r5
2000348a:	4698      	mov	r8, r3
2000348c:	2302      	movs	r3, #2
2000348e:	9a22      	ldr	r2, [sp, #136]	@ 0x88
20003490:	401a      	ands	r2, r3
20003492:	920c      	str	r2, [sp, #48]	@ 0x30
20003494:	9a22      	ldr	r2, [sp, #136]	@ 0x88
20003496:	4213      	tst	r3, r2
20003498:	d003      	beq.n	200034a2 <_etoa+0x2ee>
2000349a:	2d00      	cmp	r5, #0
2000349c:	d001      	beq.n	200034a2 <_etoa+0x2ee>
2000349e:	2300      	movs	r3, #0
200034a0:	4698      	mov	r8, r3
200034a2:	9b08      	ldr	r3, [sp, #32]
200034a4:	2b00      	cmp	r3, #0
200034a6:	d007      	beq.n	200034b8 <_etoa+0x304>
200034a8:	9a0a      	ldr	r2, [sp, #40]	@ 0x28
200034aa:	9b0b      	ldr	r3, [sp, #44]	@ 0x2c
200034ac:	9806      	ldr	r0, [sp, #24]
200034ae:	9907      	ldr	r1, [sp, #28]
200034b0:	f7fe ffed 	bl	2000248e <__wrap___aeabi_ddiv>
200034b4:	9006      	str	r0, [sp, #24]
200034b6:	9107      	str	r1, [sp, #28]
200034b8:	2200      	movs	r2, #0
200034ba:	2300      	movs	r3, #0
200034bc:	0030      	movs	r0, r6
200034be:	0039      	movs	r1, r7
200034c0:	f7ff f846 	bl	20002550 <__wrap___aeabi_dcmplt>
200034c4:	2800      	cmp	r0, #0
200034c6:	d000      	beq.n	200034ca <_etoa+0x316>
200034c8:	e07d      	b.n	200035c6 <_etoa+0x412>
200034ca:	4b36      	ldr	r3, [pc, #216]	@ (200035a4 <_etoa+0x3f0>)
200034cc:	9a22      	ldr	r2, [sp, #136]	@ 0x88
200034ce:	4013      	ands	r3, r2
200034d0:	9304      	str	r3, [sp, #16]
200034d2:	4643      	mov	r3, r8
200034d4:	9303      	str	r3, [sp, #12]
200034d6:	9b20      	ldr	r3, [sp, #128]	@ 0x80
200034d8:	9302      	str	r3, [sp, #8]
200034da:	9a06      	ldr	r2, [sp, #24]
200034dc:	9b07      	ldr	r3, [sp, #28]
200034de:	9200      	str	r2, [sp, #0]
200034e0:	9301      	str	r3, [sp, #4]
200034e2:	464b      	mov	r3, r9
200034e4:	465a      	mov	r2, fp
200034e6:	4651      	mov	r1, sl
200034e8:	0020      	movs	r0, r4
200034ea:	f000 f887 	bl	200035fc <_ftoa>
200034ee:	2d00      	cmp	r5, #0
200034f0:	d100      	bne.n	200034f4 <_etoa+0x340>
200034f2:	e77f      	b.n	200033f4 <_etoa+0x240>
200034f4:	9b22      	ldr	r3, [sp, #136]	@ 0x88
200034f6:	069b      	lsls	r3, r3, #26
200034f8:	d571      	bpl.n	200035de <_etoa+0x42a>
200034fa:	2745      	movs	r7, #69	@ 0x45
200034fc:	1c46      	adds	r6, r0, #1
200034fe:	464b      	mov	r3, r9
20003500:	0002      	movs	r2, r0
20003502:	4651      	mov	r1, sl
20003504:	0038      	movs	r0, r7
20003506:	47a0      	blx	r4
20003508:	9808      	ldr	r0, [sp, #32]
2000350a:	17c3      	asrs	r3, r0, #31
2000350c:	18c2      	adds	r2, r0, r3
2000350e:	405a      	eors	r2, r3
20003510:	2305      	movs	r3, #5
20003512:	9305      	str	r3, [sp, #20]
20003514:	3d01      	subs	r5, #1
20003516:	9504      	str	r5, [sp, #16]
20003518:	2300      	movs	r3, #0
2000351a:	9303      	str	r3, [sp, #12]
2000351c:	330a      	adds	r3, #10
2000351e:	9302      	str	r3, [sp, #8]
20003520:	0fc3      	lsrs	r3, r0, #31
20003522:	9301      	str	r3, [sp, #4]
20003524:	9200      	str	r2, [sp, #0]
20003526:	464b      	mov	r3, r9
20003528:	0032      	movs	r2, r6
2000352a:	4651      	mov	r1, sl
2000352c:	0020      	movs	r0, r4
2000352e:	f7ff fd69 	bl	20003004 <_ntoa_long>
20003532:	9b0c      	ldr	r3, [sp, #48]	@ 0x30
20003534:	2b00      	cmp	r3, #0
20003536:	d100      	bne.n	2000353a <_etoa+0x386>
20003538:	e75c      	b.n	200033f4 <_etoa+0x240>
2000353a:	0002      	movs	r2, r0
2000353c:	9f21      	ldr	r7, [sp, #132]	@ 0x84
2000353e:	e056      	b.n	200035ee <_etoa+0x43a>
20003540:	7fefffff 	.word	0x7fefffff
20003544:	ffefffff 	.word	0xffefffff
20003548:	fffffc01 	.word	0xfffffc01
2000354c:	3ff00000 	.word	0x3ff00000
20003550:	509f79fb 	.word	0x509f79fb
20003554:	3fd34413 	.word	0x3fd34413
20003558:	8b60c8b3 	.word	0x8b60c8b3
2000355c:	3fc68a28 	.word	0x3fc68a28
20003560:	3ff80000 	.word	0x3ff80000
20003564:	636f4361 	.word	0x636f4361
20003568:	3fd287a7 	.word	0x3fd287a7
2000356c:	0979a371 	.word	0x0979a371
20003570:	400a934f 	.word	0x400a934f
20003574:	3fe00000 	.word	0x3fe00000
20003578:	bbb55516 	.word	0xbbb55516
2000357c:	40026bb1 	.word	0x40026bb1
20003580:	fefa39ef 	.word	0xfefa39ef
20003584:	3fe62e42 	.word	0x3fe62e42
20003588:	000003ff 	.word	0x000003ff
2000358c:	402c0000 	.word	0x402c0000
20003590:	40240000 	.word	0x40240000
20003594:	40180000 	.word	0x40180000
20003598:	eb1c432d 	.word	0xeb1c432d
2000359c:	3f1a36e2 	.word	0x3f1a36e2
200035a0:	412e8480 	.word	0x412e8480
200035a4:	fffff7ff 	.word	0xfffff7ff
200035a8:	9b20      	ldr	r3, [sp, #128]	@ 0x80
200035aa:	2b00      	cmp	r3, #0
200035ac:	d100      	bne.n	200035b0 <_etoa+0x3fc>
200035ae:	e767      	b.n	20003480 <_etoa+0x2cc>
200035b0:	9b11      	ldr	r3, [sp, #68]	@ 0x44
200035b2:	2b00      	cmp	r3, #0
200035b4:	d100      	bne.n	200035b8 <_etoa+0x404>
200035b6:	e763      	b.n	20003480 <_etoa+0x2cc>
200035b8:	9b20      	ldr	r3, [sp, #128]	@ 0x80
200035ba:	3b01      	subs	r3, #1
200035bc:	9320      	str	r3, [sp, #128]	@ 0x80
200035be:	e75f      	b.n	20003480 <_etoa+0x2cc>
200035c0:	2300      	movs	r3, #0
200035c2:	4698      	mov	r8, r3
200035c4:	e762      	b.n	2000348c <_etoa+0x2d8>
200035c6:	9e06      	ldr	r6, [sp, #24]
200035c8:	9f07      	ldr	r7, [sp, #28]
200035ca:	0032      	movs	r2, r6
200035cc:	0039      	movs	r1, r7
200035ce:	2080      	movs	r0, #128	@ 0x80
200035d0:	0600      	lsls	r0, r0, #24
200035d2:	4684      	mov	ip, r0
200035d4:	4461      	add	r1, ip
200035d6:	000b      	movs	r3, r1
200035d8:	9206      	str	r2, [sp, #24]
200035da:	9307      	str	r3, [sp, #28]
200035dc:	e775      	b.n	200034ca <_etoa+0x316>
200035de:	2765      	movs	r7, #101	@ 0x65
200035e0:	e78c      	b.n	200034fc <_etoa+0x348>
200035e2:	1c56      	adds	r6, r2, #1
200035e4:	464b      	mov	r3, r9
200035e6:	4651      	mov	r1, sl
200035e8:	2020      	movs	r0, #32
200035ea:	47a0      	blx	r4
200035ec:	0032      	movs	r2, r6
200035ee:	465b      	mov	r3, fp
200035f0:	1ad3      	subs	r3, r2, r3
200035f2:	42bb      	cmp	r3, r7
200035f4:	d3f5      	bcc.n	200035e2 <_etoa+0x42e>
200035f6:	0010      	movs	r0, r2
200035f8:	e6fc      	b.n	200033f4 <_etoa+0x240>
200035fa:	46c0      	nop			@ (mov r8, r8)

200035fc <_ftoa>:
200035fc:	b5f0      	push	{r4, r5, r6, r7, lr}
200035fe:	46de      	mov	lr, fp
20003600:	4657      	mov	r7, sl
20003602:	464e      	mov	r6, r9
20003604:	4645      	mov	r5, r8
20003606:	b5e0      	push	{r5, r6, r7, lr}
20003608:	b095      	sub	sp, #84	@ 0x54
2000360a:	4681      	mov	r9, r0
2000360c:	468a      	mov	sl, r1
2000360e:	4693      	mov	fp, r2
20003610:	930a      	str	r3, [sp, #40]	@ 0x28
20003612:	9f20      	ldr	r7, [sp, #128]	@ 0x80
20003614:	9a1e      	ldr	r2, [sp, #120]	@ 0x78
20003616:	9b1f      	ldr	r3, [sp, #124]	@ 0x7c
20003618:	0010      	movs	r0, r2
2000361a:	0019      	movs	r1, r3
2000361c:	f7fe ffb3 	bl	20002586 <__wrap___aeabi_dcmpun>
20003620:	2800      	cmp	r0, #0
20003622:	d131      	bne.n	20003688 <_ftoa+0x8c>
20003624:	2201      	movs	r2, #1
20003626:	4252      	negs	r2, r2
20003628:	4bba      	ldr	r3, [pc, #744]	@ (20003914 <_ftoa+0x318>)
2000362a:	981e      	ldr	r0, [sp, #120]	@ 0x78
2000362c:	991f      	ldr	r1, [sp, #124]	@ 0x7c
2000362e:	f7fe ff8f 	bl	20002550 <__wrap___aeabi_dcmplt>
20003632:	2800      	cmp	r0, #0
20003634:	d137      	bne.n	200036a6 <_ftoa+0xaa>
20003636:	2201      	movs	r2, #1
20003638:	4252      	negs	r2, r2
2000363a:	4bb7      	ldr	r3, [pc, #732]	@ (20003918 <_ftoa+0x31c>)
2000363c:	981e      	ldr	r0, [sp, #120]	@ 0x78
2000363e:	991f      	ldr	r1, [sp, #124]	@ 0x7c
20003640:	f7fe ff9c 	bl	2000257c <__wrap___aeabi_dcmpgt>
20003644:	2800      	cmp	r0, #0
20003646:	d13d      	bne.n	200036c4 <_ftoa+0xc8>
20003648:	2200      	movs	r2, #0
2000364a:	4bb4      	ldr	r3, [pc, #720]	@ (2000391c <_ftoa+0x320>)
2000364c:	981e      	ldr	r0, [sp, #120]	@ 0x78
2000364e:	991f      	ldr	r1, [sp, #124]	@ 0x7c
20003650:	f7fe ff94 	bl	2000257c <__wrap___aeabi_dcmpgt>
20003654:	2800      	cmp	r0, #0
20003656:	d14a      	bne.n	200036ee <_ftoa+0xf2>
20003658:	2200      	movs	r2, #0
2000365a:	4bb1      	ldr	r3, [pc, #708]	@ (20003920 <_ftoa+0x324>)
2000365c:	981e      	ldr	r0, [sp, #120]	@ 0x78
2000365e:	991f      	ldr	r1, [sp, #124]	@ 0x7c
20003660:	f7fe ff76 	bl	20002550 <__wrap___aeabi_dcmplt>
20003664:	2800      	cmp	r0, #0
20003666:	d142      	bne.n	200036ee <_ftoa+0xf2>
20003668:	2200      	movs	r2, #0
2000366a:	2300      	movs	r3, #0
2000366c:	981e      	ldr	r0, [sp, #120]	@ 0x78
2000366e:	991f      	ldr	r1, [sp, #124]	@ 0x7c
20003670:	f7fe ff6e 	bl	20002550 <__wrap___aeabi_dcmplt>
20003674:	2800      	cmp	r0, #0
20003676:	d14a      	bne.n	2000370e <_ftoa+0x112>
20003678:	2300      	movs	r3, #0
2000367a:	930b      	str	r3, [sp, #44]	@ 0x2c
2000367c:	9b22      	ldr	r3, [sp, #136]	@ 0x88
2000367e:	055b      	lsls	r3, r3, #21
20003680:	d400      	bmi.n	20003684 <_ftoa+0x88>
20003682:	e0af      	b.n	200037e4 <_ftoa+0x1e8>
20003684:	2400      	movs	r4, #0
20003686:	e052      	b.n	2000372e <_ftoa+0x132>
20003688:	9b22      	ldr	r3, [sp, #136]	@ 0x88
2000368a:	9303      	str	r3, [sp, #12]
2000368c:	9b21      	ldr	r3, [sp, #132]	@ 0x84
2000368e:	9302      	str	r3, [sp, #8]
20003690:	2303      	movs	r3, #3
20003692:	9301      	str	r3, [sp, #4]
20003694:	4ba3      	ldr	r3, [pc, #652]	@ (20003924 <_ftoa+0x328>)
20003696:	9300      	str	r3, [sp, #0]
20003698:	9b0a      	ldr	r3, [sp, #40]	@ 0x28
2000369a:	465a      	mov	r2, fp
2000369c:	4651      	mov	r1, sl
2000369e:	4648      	mov	r0, r9
200036a0:	f7ff fbc8 	bl	20002e34 <_out_rev>
200036a4:	e11f      	b.n	200038e6 <_ftoa+0x2ea>
200036a6:	9b22      	ldr	r3, [sp, #136]	@ 0x88
200036a8:	9303      	str	r3, [sp, #12]
200036aa:	9b21      	ldr	r3, [sp, #132]	@ 0x84
200036ac:	9302      	str	r3, [sp, #8]
200036ae:	2304      	movs	r3, #4
200036b0:	9301      	str	r3, [sp, #4]
200036b2:	4b9d      	ldr	r3, [pc, #628]	@ (20003928 <_ftoa+0x32c>)
200036b4:	9300      	str	r3, [sp, #0]
200036b6:	9b0a      	ldr	r3, [sp, #40]	@ 0x28
200036b8:	465a      	mov	r2, fp
200036ba:	4651      	mov	r1, sl
200036bc:	4648      	mov	r0, r9
200036be:	f7ff fbb9 	bl	20002e34 <_out_rev>
200036c2:	e110      	b.n	200038e6 <_ftoa+0x2ea>
200036c4:	9b22      	ldr	r3, [sp, #136]	@ 0x88
200036c6:	075b      	lsls	r3, r3, #29
200036c8:	d50e      	bpl.n	200036e8 <_ftoa+0xec>
200036ca:	4b98      	ldr	r3, [pc, #608]	@ (2000392c <_ftoa+0x330>)
200036cc:	2204      	movs	r2, #4
200036ce:	9922      	ldr	r1, [sp, #136]	@ 0x88
200036d0:	9103      	str	r1, [sp, #12]
200036d2:	9921      	ldr	r1, [sp, #132]	@ 0x84
200036d4:	9102      	str	r1, [sp, #8]
200036d6:	9201      	str	r2, [sp, #4]
200036d8:	9300      	str	r3, [sp, #0]
200036da:	9b0a      	ldr	r3, [sp, #40]	@ 0x28
200036dc:	465a      	mov	r2, fp
200036de:	4651      	mov	r1, sl
200036e0:	4648      	mov	r0, r9
200036e2:	f7ff fba7 	bl	20002e34 <_out_rev>
200036e6:	e0fe      	b.n	200038e6 <_ftoa+0x2ea>
200036e8:	4b91      	ldr	r3, [pc, #580]	@ (20003930 <_ftoa+0x334>)
200036ea:	2203      	movs	r2, #3
200036ec:	e7ef      	b.n	200036ce <_ftoa+0xd2>
200036ee:	9b22      	ldr	r3, [sp, #136]	@ 0x88
200036f0:	9304      	str	r3, [sp, #16]
200036f2:	9b21      	ldr	r3, [sp, #132]	@ 0x84
200036f4:	9303      	str	r3, [sp, #12]
200036f6:	9702      	str	r7, [sp, #8]
200036f8:	9b1e      	ldr	r3, [sp, #120]	@ 0x78
200036fa:	9c1f      	ldr	r4, [sp, #124]	@ 0x7c
200036fc:	9300      	str	r3, [sp, #0]
200036fe:	9401      	str	r4, [sp, #4]
20003700:	9b0a      	ldr	r3, [sp, #40]	@ 0x28
20003702:	465a      	mov	r2, fp
20003704:	4651      	mov	r1, sl
20003706:	4648      	mov	r0, r9
20003708:	f7ff fd54 	bl	200031b4 <_etoa>
2000370c:	e0eb      	b.n	200038e6 <_ftoa+0x2ea>
2000370e:	9a1e      	ldr	r2, [sp, #120]	@ 0x78
20003710:	9b1f      	ldr	r3, [sp, #124]	@ 0x7c
20003712:	2000      	movs	r0, #0
20003714:	2100      	movs	r1, #0
20003716:	f7fe fea8 	bl	2000246a <__wrap___aeabi_dsub>
2000371a:	901e      	str	r0, [sp, #120]	@ 0x78
2000371c:	911f      	str	r1, [sp, #124]	@ 0x7c
2000371e:	2301      	movs	r3, #1
20003720:	930b      	str	r3, [sp, #44]	@ 0x2c
20003722:	e7ab      	b.n	2000367c <_ftoa+0x80>
20003724:	ab0c      	add	r3, sp, #48	@ 0x30
20003726:	2230      	movs	r2, #48	@ 0x30
20003728:	551a      	strb	r2, [r3, r4]
2000372a:	3f01      	subs	r7, #1
2000372c:	3401      	adds	r4, #1
2000372e:	2c1f      	cmp	r4, #31
20003730:	d801      	bhi.n	20003736 <_ftoa+0x13a>
20003732:	2f09      	cmp	r7, #9
20003734:	d8f6      	bhi.n	20003724 <_ftoa+0x128>
20003736:	981e      	ldr	r0, [sp, #120]	@ 0x78
20003738:	991f      	ldr	r1, [sp, #124]	@ 0x7c
2000373a:	f7fe ff4d 	bl	200025d8 <__wrap___aeabi_d2iz>
2000373e:	0005      	movs	r5, r0
20003740:	f7fe ff32 	bl	200025a8 <__wrap___aeabi_i2d>
20003744:	0002      	movs	r2, r0
20003746:	000b      	movs	r3, r1
20003748:	981e      	ldr	r0, [sp, #120]	@ 0x78
2000374a:	991f      	ldr	r1, [sp, #124]	@ 0x7c
2000374c:	f7fe fe8d 	bl	2000246a <__wrap___aeabi_dsub>
20003750:	4b78      	ldr	r3, [pc, #480]	@ (20003934 <_ftoa+0x338>)
20003752:	00fa      	lsls	r2, r7, #3
20003754:	189b      	adds	r3, r3, r2
20003756:	cb0c      	ldmia	r3, {r2, r3}
20003758:	9208      	str	r2, [sp, #32]
2000375a:	9309      	str	r3, [sp, #36]	@ 0x24
2000375c:	f7fe feb5 	bl	200024ca <__wrap___aeabi_dmul>
20003760:	9006      	str	r0, [sp, #24]
20003762:	9107      	str	r1, [sp, #28]
20003764:	f7fe ff5c 	bl	20002620 <__wrap___aeabi_d2uiz>
20003768:	0006      	movs	r6, r0
2000376a:	f7fe ff19 	bl	200025a0 <__wrap___aeabi_ui2d>
2000376e:	0002      	movs	r2, r0
20003770:	000b      	movs	r3, r1
20003772:	9806      	ldr	r0, [sp, #24]
20003774:	9907      	ldr	r1, [sp, #28]
20003776:	f7fe fe78 	bl	2000246a <__wrap___aeabi_dsub>
2000377a:	9006      	str	r0, [sp, #24]
2000377c:	9107      	str	r1, [sp, #28]
2000377e:	2200      	movs	r2, #0
20003780:	4b6d      	ldr	r3, [pc, #436]	@ (20003938 <_ftoa+0x33c>)
20003782:	f7fe fefb 	bl	2000257c <__wrap___aeabi_dcmpgt>
20003786:	2800      	cmp	r0, #0
20003788:	d02e      	beq.n	200037e8 <_ftoa+0x1ec>
2000378a:	3601      	adds	r6, #1
2000378c:	0030      	movs	r0, r6
2000378e:	f7fe ff07 	bl	200025a0 <__wrap___aeabi_ui2d>
20003792:	0002      	movs	r2, r0
20003794:	000b      	movs	r3, r1
20003796:	9808      	ldr	r0, [sp, #32]
20003798:	9909      	ldr	r1, [sp, #36]	@ 0x24
2000379a:	f7fe fedf 	bl	2000255c <__wrap___aeabi_dcmple>
2000379e:	2800      	cmp	r0, #0
200037a0:	d001      	beq.n	200037a6 <_ftoa+0x1aa>
200037a2:	3501      	adds	r5, #1
200037a4:	2600      	movs	r6, #0
200037a6:	2f00      	cmp	r7, #0
200037a8:	d12c      	bne.n	20003804 <_ftoa+0x208>
200037aa:	0028      	movs	r0, r5
200037ac:	f7fe fefc 	bl	200025a8 <__wrap___aeabi_i2d>
200037b0:	0002      	movs	r2, r0
200037b2:	000b      	movs	r3, r1
200037b4:	981e      	ldr	r0, [sp, #120]	@ 0x78
200037b6:	991f      	ldr	r1, [sp, #124]	@ 0x7c
200037b8:	f7fe fe57 	bl	2000246a <__wrap___aeabi_dsub>
200037bc:	0006      	movs	r6, r0
200037be:	000f      	movs	r7, r1
200037c0:	2200      	movs	r2, #0
200037c2:	4b5d      	ldr	r3, [pc, #372]	@ (20003938 <_ftoa+0x33c>)
200037c4:	f7fe fec4 	bl	20002550 <__wrap___aeabi_dcmplt>
200037c8:	2800      	cmp	r0, #0
200037ca:	d146      	bne.n	2000385a <_ftoa+0x25e>
200037cc:	2200      	movs	r2, #0
200037ce:	4b5a      	ldr	r3, [pc, #360]	@ (20003938 <_ftoa+0x33c>)
200037d0:	0030      	movs	r0, r6
200037d2:	0039      	movs	r1, r7
200037d4:	f7fe fed2 	bl	2000257c <__wrap___aeabi_dcmpgt>
200037d8:	2800      	cmp	r0, #0
200037da:	d13e      	bne.n	2000385a <_ftoa+0x25e>
200037dc:	07eb      	lsls	r3, r5, #31
200037de:	d53c      	bpl.n	2000385a <_ftoa+0x25e>
200037e0:	3501      	adds	r5, #1
200037e2:	e03a      	b.n	2000385a <_ftoa+0x25e>
200037e4:	2706      	movs	r7, #6
200037e6:	e74d      	b.n	20003684 <_ftoa+0x88>
200037e8:	2200      	movs	r2, #0
200037ea:	4b53      	ldr	r3, [pc, #332]	@ (20003938 <_ftoa+0x33c>)
200037ec:	9806      	ldr	r0, [sp, #24]
200037ee:	9907      	ldr	r1, [sp, #28]
200037f0:	f7fe feae 	bl	20002550 <__wrap___aeabi_dcmplt>
200037f4:	2800      	cmp	r0, #0
200037f6:	d1d6      	bne.n	200037a6 <_ftoa+0x1aa>
200037f8:	2e00      	cmp	r6, #0
200037fa:	d001      	beq.n	20003800 <_ftoa+0x204>
200037fc:	07f3      	lsls	r3, r6, #31
200037fe:	d5d2      	bpl.n	200037a6 <_ftoa+0x1aa>
20003800:	3601      	adds	r6, #1
20003802:	e7d0      	b.n	200037a6 <_ftoa+0x1aa>
20003804:	46a8      	mov	r8, r5
20003806:	2c1f      	cmp	r4, #31
20003808:	d811      	bhi.n	2000382e <_ftoa+0x232>
2000380a:	3f01      	subs	r7, #1
2000380c:	210a      	movs	r1, #10
2000380e:	0030      	movs	r0, r6
20003810:	f7fe fbf0 	bl	20001ff4 <__wrap___aeabi_uidiv>
20003814:	1c65      	adds	r5, r4, #1
20003816:	3130      	adds	r1, #48	@ 0x30
20003818:	ab0c      	add	r3, sp, #48	@ 0x30
2000381a:	5519      	strb	r1, [r3, r4]
2000381c:	210a      	movs	r1, #10
2000381e:	0030      	movs	r0, r6
20003820:	f7fe fbe8 	bl	20001ff4 <__wrap___aeabi_uidiv>
20003824:	2e09      	cmp	r6, #9
20003826:	d90e      	bls.n	20003846 <_ftoa+0x24a>
20003828:	0006      	movs	r6, r0
2000382a:	002c      	movs	r4, r5
2000382c:	e7eb      	b.n	20003806 <_ftoa+0x20a>
2000382e:	4645      	mov	r5, r8
20003830:	2c1f      	cmp	r4, #31
20003832:	d80c      	bhi.n	2000384e <_ftoa+0x252>
20003834:	1e7b      	subs	r3, r7, #1
20003836:	2f00      	cmp	r7, #0
20003838:	d009      	beq.n	2000384e <_ftoa+0x252>
2000383a:	aa0c      	add	r2, sp, #48	@ 0x30
2000383c:	2130      	movs	r1, #48	@ 0x30
2000383e:	5511      	strb	r1, [r2, r4]
20003840:	001f      	movs	r7, r3
20003842:	3401      	adds	r4, #1
20003844:	e7f4      	b.n	20003830 <_ftoa+0x234>
20003846:	002b      	movs	r3, r5
20003848:	4645      	mov	r5, r8
2000384a:	001c      	movs	r4, r3
2000384c:	e7f0      	b.n	20003830 <_ftoa+0x234>
2000384e:	2c1f      	cmp	r4, #31
20003850:	d803      	bhi.n	2000385a <_ftoa+0x25e>
20003852:	ab0c      	add	r3, sp, #48	@ 0x30
20003854:	222e      	movs	r2, #46	@ 0x2e
20003856:	551a      	strb	r2, [r3, r4]
20003858:	3401      	adds	r4, #1
2000385a:	2c1f      	cmp	r4, #31
2000385c:	d810      	bhi.n	20003880 <_ftoa+0x284>
2000385e:	210a      	movs	r1, #10
20003860:	0028      	movs	r0, r5
20003862:	f7fe fb9f 	bl	20001fa4 <__wrap___aeabi_idiv>
20003866:	1c66      	adds	r6, r4, #1
20003868:	3130      	adds	r1, #48	@ 0x30
2000386a:	ab0c      	add	r3, sp, #48	@ 0x30
2000386c:	5519      	strb	r1, [r3, r4]
2000386e:	210a      	movs	r1, #10
20003870:	0028      	movs	r0, r5
20003872:	f7fe fb97 	bl	20001fa4 <__wrap___aeabi_idiv>
20003876:	1e05      	subs	r5, r0, #0
20003878:	d001      	beq.n	2000387e <_ftoa+0x282>
2000387a:	0034      	movs	r4, r6
2000387c:	e7ed      	b.n	2000385a <_ftoa+0x25e>
2000387e:	0034      	movs	r4, r6
20003880:	9b22      	ldr	r3, [sp, #136]	@ 0x88
20003882:	079b      	lsls	r3, r3, #30
20003884:	d419      	bmi.n	200038ba <_ftoa+0x2be>
20003886:	9b22      	ldr	r3, [sp, #136]	@ 0x88
20003888:	07db      	lsls	r3, r3, #31
2000388a:	d516      	bpl.n	200038ba <_ftoa+0x2be>
2000388c:	9b21      	ldr	r3, [sp, #132]	@ 0x84
2000388e:	2b00      	cmp	r3, #0
20003890:	d00e      	beq.n	200038b0 <_ftoa+0x2b4>
20003892:	9b0b      	ldr	r3, [sp, #44]	@ 0x2c
20003894:	2b00      	cmp	r3, #0
20003896:	d103      	bne.n	200038a0 <_ftoa+0x2a4>
20003898:	330c      	adds	r3, #12
2000389a:	9a22      	ldr	r2, [sp, #136]	@ 0x88
2000389c:	4213      	tst	r3, r2
2000389e:	d007      	beq.n	200038b0 <_ftoa+0x2b4>
200038a0:	9b21      	ldr	r3, [sp, #132]	@ 0x84
200038a2:	3b01      	subs	r3, #1
200038a4:	9321      	str	r3, [sp, #132]	@ 0x84
200038a6:	e003      	b.n	200038b0 <_ftoa+0x2b4>
200038a8:	ab0c      	add	r3, sp, #48	@ 0x30
200038aa:	2230      	movs	r2, #48	@ 0x30
200038ac:	551a      	strb	r2, [r3, r4]
200038ae:	3401      	adds	r4, #1
200038b0:	9b21      	ldr	r3, [sp, #132]	@ 0x84
200038b2:	429c      	cmp	r4, r3
200038b4:	d201      	bcs.n	200038ba <_ftoa+0x2be>
200038b6:	2c1f      	cmp	r4, #31
200038b8:	d9f6      	bls.n	200038a8 <_ftoa+0x2ac>
200038ba:	2c1f      	cmp	r4, #31
200038bc:	d806      	bhi.n	200038cc <_ftoa+0x2d0>
200038be:	9b0b      	ldr	r3, [sp, #44]	@ 0x2c
200038c0:	2b00      	cmp	r3, #0
200038c2:	d017      	beq.n	200038f4 <_ftoa+0x2f8>
200038c4:	ab0c      	add	r3, sp, #48	@ 0x30
200038c6:	222d      	movs	r2, #45	@ 0x2d
200038c8:	551a      	strb	r2, [r3, r4]
200038ca:	3401      	adds	r4, #1
200038cc:	9b22      	ldr	r3, [sp, #136]	@ 0x88
200038ce:	9303      	str	r3, [sp, #12]
200038d0:	9b21      	ldr	r3, [sp, #132]	@ 0x84
200038d2:	9302      	str	r3, [sp, #8]
200038d4:	9401      	str	r4, [sp, #4]
200038d6:	ab0c      	add	r3, sp, #48	@ 0x30
200038d8:	9300      	str	r3, [sp, #0]
200038da:	9b0a      	ldr	r3, [sp, #40]	@ 0x28
200038dc:	465a      	mov	r2, fp
200038de:	4651      	mov	r1, sl
200038e0:	4648      	mov	r0, r9
200038e2:	f7ff faa7 	bl	20002e34 <_out_rev>
200038e6:	b015      	add	sp, #84	@ 0x54
200038e8:	bcf0      	pop	{r4, r5, r6, r7}
200038ea:	46bb      	mov	fp, r7
200038ec:	46b2      	mov	sl, r6
200038ee:	46a9      	mov	r9, r5
200038f0:	46a0      	mov	r8, r4
200038f2:	bdf0      	pop	{r4, r5, r6, r7, pc}
200038f4:	9b22      	ldr	r3, [sp, #136]	@ 0x88
200038f6:	075b      	lsls	r3, r3, #29
200038f8:	d504      	bpl.n	20003904 <_ftoa+0x308>
200038fa:	ab0c      	add	r3, sp, #48	@ 0x30
200038fc:	222b      	movs	r2, #43	@ 0x2b
200038fe:	551a      	strb	r2, [r3, r4]
20003900:	3401      	adds	r4, #1
20003902:	e7e3      	b.n	200038cc <_ftoa+0x2d0>
20003904:	9b22      	ldr	r3, [sp, #136]	@ 0x88
20003906:	071b      	lsls	r3, r3, #28
20003908:	d5e0      	bpl.n	200038cc <_ftoa+0x2d0>
2000390a:	ab0c      	add	r3, sp, #48	@ 0x30
2000390c:	2220      	movs	r2, #32
2000390e:	551a      	strb	r2, [r3, r4]
20003910:	3401      	adds	r4, #1
20003912:	e7db      	b.n	200038cc <_ftoa+0x2d0>
20003914:	ffefffff 	.word	0xffefffff
20003918:	7fefffff 	.word	0x7fefffff
2000391c:	41cdcd65 	.word	0x41cdcd65
20003920:	c1cdcd65 	.word	0xc1cdcd65
20003924:	200076cc 	.word	0x200076cc
20003928:	200076d0 	.word	0x200076d0
2000392c:	200076c0 	.word	0x200076c0
20003930:	200076c8 	.word	0x200076c8
20003934:	20007d48 	.word	0x20007d48
20003938:	3fe00000 	.word	0x3fe00000

2000393c <_vsnprintf>:
2000393c:	b5f0      	push	{r4, r5, r6, r7, lr}
2000393e:	46de      	mov	lr, fp
20003940:	4657      	mov	r7, sl
20003942:	464e      	mov	r6, r9
20003944:	4645      	mov	r5, r8
20003946:	b5e0      	push	{r5, r6, r7, lr}
20003948:	b093      	sub	sp, #76	@ 0x4c
2000394a:	4683      	mov	fp, r0
2000394c:	468a      	mov	sl, r1
2000394e:	4690      	mov	r8, r2
20003950:	9311      	str	r3, [sp, #68]	@ 0x44
20003952:	2900      	cmp	r1, #0
20003954:	d100      	bne.n	20003958 <_vsnprintf+0x1c>
20003956:	e31a      	b.n	20003f8e <_vsnprintf+0x652>
20003958:	2500      	movs	r5, #0
2000395a:	465e      	mov	r6, fp
2000395c:	9b11      	ldr	r3, [sp, #68]	@ 0x44
2000395e:	7818      	ldrb	r0, [r3, #0]
20003960:	2800      	cmp	r0, #0
20003962:	d100      	bne.n	20003966 <_vsnprintf+0x2a>
20003964:	e316      	b.n	20003f94 <_vsnprintf+0x658>
20003966:	2825      	cmp	r0, #37	@ 0x25
20003968:	d009      	beq.n	2000397e <_vsnprintf+0x42>
2000396a:	1c6c      	adds	r4, r5, #1
2000396c:	4643      	mov	r3, r8
2000396e:	002a      	movs	r2, r5
20003970:	4651      	mov	r1, sl
20003972:	47b0      	blx	r6
20003974:	9b11      	ldr	r3, [sp, #68]	@ 0x44
20003976:	3301      	adds	r3, #1
20003978:	9311      	str	r3, [sp, #68]	@ 0x44
2000397a:	0025      	movs	r5, r4
2000397c:	e7ee      	b.n	2000395c <_vsnprintf+0x20>
2000397e:	3301      	adds	r3, #1
20003980:	9311      	str	r3, [sp, #68]	@ 0x44
20003982:	2700      	movs	r7, #0
20003984:	e012      	b.n	200039ac <_vsnprintf+0x70>
20003986:	2a20      	cmp	r2, #32
20003988:	d025      	beq.n	200039d6 <_vsnprintf+0x9a>
2000398a:	2a23      	cmp	r2, #35	@ 0x23
2000398c:	d105      	bne.n	2000399a <_vsnprintf+0x5e>
2000398e:	2210      	movs	r2, #16
20003990:	4317      	orrs	r7, r2
20003992:	3301      	adds	r3, #1
20003994:	9311      	str	r3, [sp, #68]	@ 0x44
20003996:	2401      	movs	r4, #1
20003998:	e006      	b.n	200039a8 <_vsnprintf+0x6c>
2000399a:	2400      	movs	r4, #0
2000399c:	e004      	b.n	200039a8 <_vsnprintf+0x6c>
2000399e:	2202      	movs	r2, #2
200039a0:	4317      	orrs	r7, r2
200039a2:	3301      	adds	r3, #1
200039a4:	9311      	str	r3, [sp, #68]	@ 0x44
200039a6:	2401      	movs	r4, #1
200039a8:	2c00      	cmp	r4, #0
200039aa:	d01c      	beq.n	200039e6 <_vsnprintf+0xaa>
200039ac:	9b11      	ldr	r3, [sp, #68]	@ 0x44
200039ae:	781a      	ldrb	r2, [r3, #0]
200039b0:	2a2b      	cmp	r2, #43	@ 0x2b
200039b2:	d00a      	beq.n	200039ca <_vsnprintf+0x8e>
200039b4:	d9e7      	bls.n	20003986 <_vsnprintf+0x4a>
200039b6:	2a2d      	cmp	r2, #45	@ 0x2d
200039b8:	d0f1      	beq.n	2000399e <_vsnprintf+0x62>
200039ba:	2a30      	cmp	r2, #48	@ 0x30
200039bc:	d111      	bne.n	200039e2 <_vsnprintf+0xa6>
200039be:	3a2f      	subs	r2, #47	@ 0x2f
200039c0:	4317      	orrs	r7, r2
200039c2:	3301      	adds	r3, #1
200039c4:	9311      	str	r3, [sp, #68]	@ 0x44
200039c6:	2401      	movs	r4, #1
200039c8:	e7ee      	b.n	200039a8 <_vsnprintf+0x6c>
200039ca:	2204      	movs	r2, #4
200039cc:	4317      	orrs	r7, r2
200039ce:	3301      	adds	r3, #1
200039d0:	9311      	str	r3, [sp, #68]	@ 0x44
200039d2:	2401      	movs	r4, #1
200039d4:	e7e8      	b.n	200039a8 <_vsnprintf+0x6c>
200039d6:	2208      	movs	r2, #8
200039d8:	4317      	orrs	r7, r2
200039da:	3301      	adds	r3, #1
200039dc:	9311      	str	r3, [sp, #68]	@ 0x44
200039de:	2401      	movs	r4, #1
200039e0:	e7e2      	b.n	200039a8 <_vsnprintf+0x6c>
200039e2:	2400      	movs	r4, #0
200039e4:	e7e0      	b.n	200039a8 <_vsnprintf+0x6c>
200039e6:	9b11      	ldr	r3, [sp, #68]	@ 0x44
200039e8:	781a      	ldrb	r2, [r3, #0]
200039ea:	0013      	movs	r3, r2
200039ec:	3b30      	subs	r3, #48	@ 0x30
200039ee:	b2db      	uxtb	r3, r3
200039f0:	2b09      	cmp	r3, #9
200039f2:	d915      	bls.n	20003a20 <_vsnprintf+0xe4>
200039f4:	2a2a      	cmp	r2, #42	@ 0x2a
200039f6:	d018      	beq.n	20003a2a <_vsnprintf+0xee>
200039f8:	940b      	str	r4, [sp, #44]	@ 0x2c
200039fa:	9b11      	ldr	r3, [sp, #68]	@ 0x44
200039fc:	781a      	ldrb	r2, [r3, #0]
200039fe:	2a2e      	cmp	r2, #46	@ 0x2e
20003a00:	d023      	beq.n	20003a4a <_vsnprintf+0x10e>
20003a02:	9b11      	ldr	r3, [sp, #68]	@ 0x44
20003a04:	781a      	ldrb	r2, [r3, #0]
20003a06:	2a6c      	cmp	r2, #108	@ 0x6c
20003a08:	d047      	beq.n	20003a9a <_vsnprintf+0x15e>
20003a0a:	d93c      	bls.n	20003a86 <_vsnprintf+0x14a>
20003a0c:	2a74      	cmp	r2, #116	@ 0x74
20003a0e:	d062      	beq.n	20003ad6 <_vsnprintf+0x19a>
20003a10:	2a7a      	cmp	r2, #122	@ 0x7a
20003a12:	d165      	bne.n	20003ae0 <_vsnprintf+0x1a4>
20003a14:	2280      	movs	r2, #128	@ 0x80
20003a16:	0052      	lsls	r2, r2, #1
20003a18:	4317      	orrs	r7, r2
20003a1a:	3301      	adds	r3, #1
20003a1c:	9311      	str	r3, [sp, #68]	@ 0x44
20003a1e:	e05f      	b.n	20003ae0 <_vsnprintf+0x1a4>
20003a20:	a811      	add	r0, sp, #68	@ 0x44
20003a22:	f7ff f9f5 	bl	20002e10 <_atoi>
20003a26:	900b      	str	r0, [sp, #44]	@ 0x2c
20003a28:	e7e7      	b.n	200039fa <_vsnprintf+0xbe>
20003a2a:	9b1c      	ldr	r3, [sp, #112]	@ 0x70
20003a2c:	1d1a      	adds	r2, r3, #4
20003a2e:	921c      	str	r2, [sp, #112]	@ 0x70
20003a30:	681b      	ldr	r3, [r3, #0]
20003a32:	2b00      	cmp	r3, #0
20003a34:	db04      	blt.n	20003a40 <_vsnprintf+0x104>
20003a36:	930b      	str	r3, [sp, #44]	@ 0x2c
20003a38:	9b11      	ldr	r3, [sp, #68]	@ 0x44
20003a3a:	3301      	adds	r3, #1
20003a3c:	9311      	str	r3, [sp, #68]	@ 0x44
20003a3e:	e7dc      	b.n	200039fa <_vsnprintf+0xbe>
20003a40:	2202      	movs	r2, #2
20003a42:	4317      	orrs	r7, r2
20003a44:	425b      	negs	r3, r3
20003a46:	930b      	str	r3, [sp, #44]	@ 0x2c
20003a48:	e7f6      	b.n	20003a38 <_vsnprintf+0xfc>
20003a4a:	2280      	movs	r2, #128	@ 0x80
20003a4c:	00d2      	lsls	r2, r2, #3
20003a4e:	4317      	orrs	r7, r2
20003a50:	1c5a      	adds	r2, r3, #1
20003a52:	9211      	str	r2, [sp, #68]	@ 0x44
20003a54:	785a      	ldrb	r2, [r3, #1]
20003a56:	0013      	movs	r3, r2
20003a58:	3b30      	subs	r3, #48	@ 0x30
20003a5a:	b2db      	uxtb	r3, r3
20003a5c:	2b09      	cmp	r3, #9
20003a5e:	d90b      	bls.n	20003a78 <_vsnprintf+0x13c>
20003a60:	2a2a      	cmp	r2, #42	@ 0x2a
20003a62:	d1ce      	bne.n	20003a02 <_vsnprintf+0xc6>
20003a64:	9b1c      	ldr	r3, [sp, #112]	@ 0x70
20003a66:	1d1a      	adds	r2, r3, #4
20003a68:	921c      	str	r2, [sp, #112]	@ 0x70
20003a6a:	681c      	ldr	r4, [r3, #0]
20003a6c:	2c00      	cmp	r4, #0
20003a6e:	db08      	blt.n	20003a82 <_vsnprintf+0x146>
20003a70:	9b11      	ldr	r3, [sp, #68]	@ 0x44
20003a72:	3301      	adds	r3, #1
20003a74:	9311      	str	r3, [sp, #68]	@ 0x44
20003a76:	e7c4      	b.n	20003a02 <_vsnprintf+0xc6>
20003a78:	a811      	add	r0, sp, #68	@ 0x44
20003a7a:	f7ff f9c9 	bl	20002e10 <_atoi>
20003a7e:	0004      	movs	r4, r0
20003a80:	e7bf      	b.n	20003a02 <_vsnprintf+0xc6>
20003a82:	2400      	movs	r4, #0
20003a84:	e7f4      	b.n	20003a70 <_vsnprintf+0x134>
20003a86:	2a68      	cmp	r2, #104	@ 0x68
20003a88:	d017      	beq.n	20003aba <_vsnprintf+0x17e>
20003a8a:	2a6a      	cmp	r2, #106	@ 0x6a
20003a8c:	d128      	bne.n	20003ae0 <_vsnprintf+0x1a4>
20003a8e:	2280      	movs	r2, #128	@ 0x80
20003a90:	0092      	lsls	r2, r2, #2
20003a92:	4317      	orrs	r7, r2
20003a94:	3301      	adds	r3, #1
20003a96:	9311      	str	r3, [sp, #68]	@ 0x44
20003a98:	e022      	b.n	20003ae0 <_vsnprintf+0x1a4>
20003a9a:	2280      	movs	r2, #128	@ 0x80
20003a9c:	0052      	lsls	r2, r2, #1
20003a9e:	433a      	orrs	r2, r7
20003aa0:	1c59      	adds	r1, r3, #1
20003aa2:	9111      	str	r1, [sp, #68]	@ 0x44
20003aa4:	7859      	ldrb	r1, [r3, #1]
20003aa6:	296c      	cmp	r1, #108	@ 0x6c
20003aa8:	d001      	beq.n	20003aae <_vsnprintf+0x172>
20003aaa:	0017      	movs	r7, r2
20003aac:	e018      	b.n	20003ae0 <_vsnprintf+0x1a4>
20003aae:	22c0      	movs	r2, #192	@ 0xc0
20003ab0:	0092      	lsls	r2, r2, #2
20003ab2:	4317      	orrs	r7, r2
20003ab4:	3302      	adds	r3, #2
20003ab6:	9311      	str	r3, [sp, #68]	@ 0x44
20003ab8:	e012      	b.n	20003ae0 <_vsnprintf+0x1a4>
20003aba:	2280      	movs	r2, #128	@ 0x80
20003abc:	433a      	orrs	r2, r7
20003abe:	1c59      	adds	r1, r3, #1
20003ac0:	9111      	str	r1, [sp, #68]	@ 0x44
20003ac2:	7859      	ldrb	r1, [r3, #1]
20003ac4:	2968      	cmp	r1, #104	@ 0x68
20003ac6:	d001      	beq.n	20003acc <_vsnprintf+0x190>
20003ac8:	0017      	movs	r7, r2
20003aca:	e009      	b.n	20003ae0 <_vsnprintf+0x1a4>
20003acc:	22c0      	movs	r2, #192	@ 0xc0
20003ace:	4317      	orrs	r7, r2
20003ad0:	3302      	adds	r3, #2
20003ad2:	9311      	str	r3, [sp, #68]	@ 0x44
20003ad4:	e004      	b.n	20003ae0 <_vsnprintf+0x1a4>
20003ad6:	2280      	movs	r2, #128	@ 0x80
20003ad8:	0052      	lsls	r2, r2, #1
20003ada:	4317      	orrs	r7, r2
20003adc:	3301      	adds	r3, #1
20003ade:	9311      	str	r3, [sp, #68]	@ 0x44
20003ae0:	9b11      	ldr	r3, [sp, #68]	@ 0x44
20003ae2:	7818      	ldrb	r0, [r3, #0]
20003ae4:	2865      	cmp	r0, #101	@ 0x65
20003ae6:	d040      	beq.n	20003b6a <_vsnprintf+0x22e>
20003ae8:	d877      	bhi.n	20003bda <_vsnprintf+0x29e>
20003aea:	2846      	cmp	r0, #70	@ 0x46
20003aec:	d100      	bne.n	20003af0 <_vsnprintf+0x1b4>
20003aee:	e08b      	b.n	20003c08 <_vsnprintf+0x2cc>
20003af0:	d91b      	bls.n	20003b2a <_vsnprintf+0x1ee>
20003af2:	2863      	cmp	r0, #99	@ 0x63
20003af4:	d131      	bne.n	20003b5a <_vsnprintf+0x21e>
20003af6:	2302      	movs	r3, #2
20003af8:	001a      	movs	r2, r3
20003afa:	403a      	ands	r2, r7
20003afc:	4691      	mov	r9, r2
20003afe:	423b      	tst	r3, r7
20003b00:	d100      	bne.n	20003b04 <_vsnprintf+0x1c8>
20003b02:	e1b0      	b.n	20003e66 <_vsnprintf+0x52a>
20003b04:	2401      	movs	r4, #1
20003b06:	9b1c      	ldr	r3, [sp, #112]	@ 0x70
20003b08:	1d1a      	adds	r2, r3, #4
20003b0a:	921c      	str	r2, [sp, #112]	@ 0x70
20003b0c:	1c6f      	adds	r7, r5, #1
20003b0e:	7818      	ldrb	r0, [r3, #0]
20003b10:	4643      	mov	r3, r8
20003b12:	002a      	movs	r2, r5
20003b14:	4651      	mov	r1, sl
20003b16:	47b0      	blx	r6
20003b18:	464b      	mov	r3, r9
20003b1a:	2b00      	cmp	r3, #0
20003b1c:	d000      	beq.n	20003b20 <_vsnprintf+0x1e4>
20003b1e:	e1a6      	b.n	20003e6e <_vsnprintf+0x532>
20003b20:	9b11      	ldr	r3, [sp, #68]	@ 0x44
20003b22:	3301      	adds	r3, #1
20003b24:	9311      	str	r3, [sp, #68]	@ 0x44
20003b26:	003d      	movs	r5, r7
20003b28:	e718      	b.n	2000395c <_vsnprintf+0x20>
20003b2a:	2825      	cmp	r0, #37	@ 0x25
20003b2c:	d109      	bne.n	20003b42 <_vsnprintf+0x206>
20003b2e:	1c6c      	adds	r4, r5, #1
20003b30:	4643      	mov	r3, r8
20003b32:	002a      	movs	r2, r5
20003b34:	4651      	mov	r1, sl
20003b36:	47b0      	blx	r6
20003b38:	9b11      	ldr	r3, [sp, #68]	@ 0x44
20003b3a:	3301      	adds	r3, #1
20003b3c:	9311      	str	r3, [sp, #68]	@ 0x44
20003b3e:	0025      	movs	r5, r4
20003b40:	e70c      	b.n	2000395c <_vsnprintf+0x20>
20003b42:	2845      	cmp	r0, #69	@ 0x45
20003b44:	d011      	beq.n	20003b6a <_vsnprintf+0x22e>
20003b46:	1c6c      	adds	r4, r5, #1
20003b48:	4643      	mov	r3, r8
20003b4a:	002a      	movs	r2, r5
20003b4c:	4651      	mov	r1, sl
20003b4e:	47b0      	blx	r6
20003b50:	9b11      	ldr	r3, [sp, #68]	@ 0x44
20003b52:	3301      	adds	r3, #1
20003b54:	9311      	str	r3, [sp, #68]	@ 0x44
20003b56:	0025      	movs	r5, r4
20003b58:	e700      	b.n	2000395c <_vsnprintf+0x20>
20003b5a:	2863      	cmp	r0, #99	@ 0x63
20003b5c:	d82b      	bhi.n	20003bb6 <_vsnprintf+0x27a>
20003b5e:	2858      	cmp	r0, #88	@ 0x58
20003b60:	d02b      	beq.n	20003bba <_vsnprintf+0x27e>
20003b62:	2862      	cmp	r0, #98	@ 0x62
20003b64:	d029      	beq.n	20003bba <_vsnprintf+0x27e>
20003b66:	2847      	cmp	r0, #71	@ 0x47
20003b68:	d1ed      	bne.n	20003b46 <_vsnprintf+0x20a>
20003b6a:	2867      	cmp	r0, #103	@ 0x67
20003b6c:	d001      	beq.n	20003b72 <_vsnprintf+0x236>
20003b6e:	2847      	cmp	r0, #71	@ 0x47
20003b70:	d102      	bne.n	20003b78 <_vsnprintf+0x23c>
20003b72:	2380      	movs	r3, #128	@ 0x80
20003b74:	011b      	lsls	r3, r3, #4
20003b76:	431f      	orrs	r7, r3
20003b78:	2845      	cmp	r0, #69	@ 0x45
20003b7a:	d001      	beq.n	20003b80 <_vsnprintf+0x244>
20003b7c:	2847      	cmp	r0, #71	@ 0x47
20003b7e:	d101      	bne.n	20003b84 <_vsnprintf+0x248>
20003b80:	2320      	movs	r3, #32
20003b82:	431f      	orrs	r7, r3
20003b84:	9b1c      	ldr	r3, [sp, #112]	@ 0x70
20003b86:	3307      	adds	r3, #7
20003b88:	2207      	movs	r2, #7
20003b8a:	4393      	bics	r3, r2
20003b8c:	001a      	movs	r2, r3
20003b8e:	3208      	adds	r2, #8
20003b90:	921c      	str	r2, [sp, #112]	@ 0x70
20003b92:	9704      	str	r7, [sp, #16]
20003b94:	9a0b      	ldr	r2, [sp, #44]	@ 0x2c
20003b96:	9203      	str	r2, [sp, #12]
20003b98:	9402      	str	r4, [sp, #8]
20003b9a:	cb0c      	ldmia	r3, {r2, r3}
20003b9c:	9200      	str	r2, [sp, #0]
20003b9e:	9301      	str	r3, [sp, #4]
20003ba0:	4643      	mov	r3, r8
20003ba2:	002a      	movs	r2, r5
20003ba4:	4651      	mov	r1, sl
20003ba6:	0030      	movs	r0, r6
20003ba8:	f7ff fb04 	bl	200031b4 <_etoa>
20003bac:	0005      	movs	r5, r0
20003bae:	9b11      	ldr	r3, [sp, #68]	@ 0x44
20003bb0:	3301      	adds	r3, #1
20003bb2:	9311      	str	r3, [sp, #68]	@ 0x44
20003bb4:	e6d2      	b.n	2000395c <_vsnprintf+0x20>
20003bb6:	2864      	cmp	r0, #100	@ 0x64
20003bb8:	d1c5      	bne.n	20003b46 <_vsnprintf+0x20a>
20003bba:	2878      	cmp	r0, #120	@ 0x78
20003bbc:	d04d      	beq.n	20003c5a <_vsnprintf+0x31e>
20003bbe:	2858      	cmp	r0, #88	@ 0x58
20003bc0:	d100      	bne.n	20003bc4 <_vsnprintf+0x288>
20003bc2:	e07c      	b.n	20003cbe <_vsnprintf+0x382>
20003bc4:	286f      	cmp	r0, #111	@ 0x6f
20003bc6:	d100      	bne.n	20003bca <_vsnprintf+0x28e>
20003bc8:	e07c      	b.n	20003cc4 <_vsnprintf+0x388>
20003bca:	2862      	cmp	r0, #98	@ 0x62
20003bcc:	d100      	bne.n	20003bd0 <_vsnprintf+0x294>
20003bce:	e07c      	b.n	20003cca <_vsnprintf+0x38e>
20003bd0:	2310      	movs	r3, #16
20003bd2:	439f      	bics	r7, r3
20003bd4:	3b06      	subs	r3, #6
20003bd6:	469c      	mov	ip, r3
20003bd8:	e041      	b.n	20003c5e <_vsnprintf+0x322>
20003bda:	2870      	cmp	r0, #112	@ 0x70
20003bdc:	d100      	bne.n	20003be0 <_vsnprintf+0x2a4>
20003bde:	e1bc      	b.n	20003f5a <_vsnprintf+0x61e>
20003be0:	d90d      	bls.n	20003bfe <_vsnprintf+0x2c2>
20003be2:	2873      	cmp	r0, #115	@ 0x73
20003be4:	d131      	bne.n	20003c4a <_vsnprintf+0x30e>
20003be6:	9b1c      	ldr	r3, [sp, #112]	@ 0x70
20003be8:	1d1a      	adds	r2, r3, #4
20003bea:	921c      	str	r2, [sp, #112]	@ 0x70
20003bec:	681b      	ldr	r3, [r3, #0]
20003bee:	469b      	mov	fp, r3
20003bf0:	2c00      	cmp	r4, #0
20003bf2:	d000      	beq.n	20003bf6 <_vsnprintf+0x2ba>
20003bf4:	e16e      	b.n	20003ed4 <_vsnprintf+0x598>
20003bf6:	2201      	movs	r2, #1
20003bf8:	4252      	negs	r2, r2
20003bfa:	465b      	mov	r3, fp
20003bfc:	e14a      	b.n	20003e94 <_vsnprintf+0x558>
20003bfe:	2867      	cmp	r0, #103	@ 0x67
20003c00:	d0b3      	beq.n	20003b6a <_vsnprintf+0x22e>
20003c02:	d81d      	bhi.n	20003c40 <_vsnprintf+0x304>
20003c04:	2866      	cmp	r0, #102	@ 0x66
20003c06:	d19e      	bne.n	20003b46 <_vsnprintf+0x20a>
20003c08:	2846      	cmp	r0, #70	@ 0x46
20003c0a:	d100      	bne.n	20003c0e <_vsnprintf+0x2d2>
20003c0c:	e11c      	b.n	20003e48 <_vsnprintf+0x50c>
20003c0e:	9b1c      	ldr	r3, [sp, #112]	@ 0x70
20003c10:	3307      	adds	r3, #7
20003c12:	2207      	movs	r2, #7
20003c14:	4393      	bics	r3, r2
20003c16:	001a      	movs	r2, r3
20003c18:	3208      	adds	r2, #8
20003c1a:	921c      	str	r2, [sp, #112]	@ 0x70
20003c1c:	9704      	str	r7, [sp, #16]
20003c1e:	9a0b      	ldr	r2, [sp, #44]	@ 0x2c
20003c20:	9203      	str	r2, [sp, #12]
20003c22:	9402      	str	r4, [sp, #8]
20003c24:	cb0c      	ldmia	r3, {r2, r3}
20003c26:	9200      	str	r2, [sp, #0]
20003c28:	9301      	str	r3, [sp, #4]
20003c2a:	4643      	mov	r3, r8
20003c2c:	002a      	movs	r2, r5
20003c2e:	4651      	mov	r1, sl
20003c30:	0030      	movs	r0, r6
20003c32:	f7ff fce3 	bl	200035fc <_ftoa>
20003c36:	0005      	movs	r5, r0
20003c38:	9b11      	ldr	r3, [sp, #68]	@ 0x44
20003c3a:	3301      	adds	r3, #1
20003c3c:	9311      	str	r3, [sp, #68]	@ 0x44
20003c3e:	e68d      	b.n	2000395c <_vsnprintf+0x20>
20003c40:	2869      	cmp	r0, #105	@ 0x69
20003c42:	d0ba      	beq.n	20003bba <_vsnprintf+0x27e>
20003c44:	286f      	cmp	r0, #111	@ 0x6f
20003c46:	d0b8      	beq.n	20003bba <_vsnprintf+0x27e>
20003c48:	e77d      	b.n	20003b46 <_vsnprintf+0x20a>
20003c4a:	2873      	cmp	r0, #115	@ 0x73
20003c4c:	d200      	bcs.n	20003c50 <_vsnprintf+0x314>
20003c4e:	e77a      	b.n	20003b46 <_vsnprintf+0x20a>
20003c50:	2875      	cmp	r0, #117	@ 0x75
20003c52:	d0b2      	beq.n	20003bba <_vsnprintf+0x27e>
20003c54:	2878      	cmp	r0, #120	@ 0x78
20003c56:	d0b0      	beq.n	20003bba <_vsnprintf+0x27e>
20003c58:	e775      	b.n	20003b46 <_vsnprintf+0x20a>
20003c5a:	2310      	movs	r3, #16
20003c5c:	469c      	mov	ip, r3
20003c5e:	2858      	cmp	r0, #88	@ 0x58
20003c60:	d036      	beq.n	20003cd0 <_vsnprintf+0x394>
20003c62:	2869      	cmp	r0, #105	@ 0x69
20003c64:	d003      	beq.n	20003c6e <_vsnprintf+0x332>
20003c66:	2864      	cmp	r0, #100	@ 0x64
20003c68:	d001      	beq.n	20003c6e <_vsnprintf+0x332>
20003c6a:	220c      	movs	r2, #12
20003c6c:	4397      	bics	r7, r2
20003c6e:	057a      	lsls	r2, r7, #21
20003c70:	d501      	bpl.n	20003c76 <_vsnprintf+0x33a>
20003c72:	2201      	movs	r2, #1
20003c74:	4397      	bics	r7, r2
20003c76:	2869      	cmp	r0, #105	@ 0x69
20003c78:	d02d      	beq.n	20003cd6 <_vsnprintf+0x39a>
20003c7a:	2864      	cmp	r0, #100	@ 0x64
20003c7c:	d02b      	beq.n	20003cd6 <_vsnprintf+0x39a>
20003c7e:	05ba      	lsls	r2, r7, #22
20003c80:	d500      	bpl.n	20003c84 <_vsnprintf+0x348>
20003c82:	e0a3      	b.n	20003dcc <_vsnprintf+0x490>
20003c84:	05fa      	lsls	r2, r7, #23
20003c86:	d500      	bpl.n	20003c8a <_vsnprintf+0x34e>
20003c88:	e0bb      	b.n	20003e02 <_vsnprintf+0x4c6>
20003c8a:	067a      	lsls	r2, r7, #25
20003c8c:	d400      	bmi.n	20003c90 <_vsnprintf+0x354>
20003c8e:	e0cd      	b.n	20003e2c <_vsnprintf+0x4f0>
20003c90:	9a1c      	ldr	r2, [sp, #112]	@ 0x70
20003c92:	1d11      	adds	r1, r2, #4
20003c94:	911c      	str	r1, [sp, #112]	@ 0x70
20003c96:	6811      	ldr	r1, [r2, #0]
20003c98:	22ff      	movs	r2, #255	@ 0xff
20003c9a:	400a      	ands	r2, r1
20003c9c:	9705      	str	r7, [sp, #20]
20003c9e:	9b0b      	ldr	r3, [sp, #44]	@ 0x2c
20003ca0:	9304      	str	r3, [sp, #16]
20003ca2:	9403      	str	r4, [sp, #12]
20003ca4:	4663      	mov	r3, ip
20003ca6:	9302      	str	r3, [sp, #8]
20003ca8:	2300      	movs	r3, #0
20003caa:	9301      	str	r3, [sp, #4]
20003cac:	9200      	str	r2, [sp, #0]
20003cae:	4643      	mov	r3, r8
20003cb0:	002a      	movs	r2, r5
20003cb2:	4651      	mov	r1, sl
20003cb4:	0030      	movs	r0, r6
20003cb6:	f7ff f9a5 	bl	20003004 <_ntoa_long>
20003cba:	0005      	movs	r5, r0
20003cbc:	e02a      	b.n	20003d14 <_vsnprintf+0x3d8>
20003cbe:	2310      	movs	r3, #16
20003cc0:	469c      	mov	ip, r3
20003cc2:	e7cc      	b.n	20003c5e <_vsnprintf+0x322>
20003cc4:	2308      	movs	r3, #8
20003cc6:	469c      	mov	ip, r3
20003cc8:	e7c9      	b.n	20003c5e <_vsnprintf+0x322>
20003cca:	2302      	movs	r3, #2
20003ccc:	469c      	mov	ip, r3
20003cce:	e7c6      	b.n	20003c5e <_vsnprintf+0x322>
20003cd0:	2220      	movs	r2, #32
20003cd2:	4317      	orrs	r7, r2
20003cd4:	e7c5      	b.n	20003c62 <_vsnprintf+0x326>
20003cd6:	05ba      	lsls	r2, r7, #22
20003cd8:	d420      	bmi.n	20003d1c <_vsnprintf+0x3e0>
20003cda:	05fa      	lsls	r2, r7, #23
20003cdc:	d451      	bmi.n	20003d82 <_vsnprintf+0x446>
20003cde:	067a      	lsls	r2, r7, #25
20003ce0:	d567      	bpl.n	20003db2 <_vsnprintf+0x476>
20003ce2:	9a1c      	ldr	r2, [sp, #112]	@ 0x70
20003ce4:	1d11      	adds	r1, r2, #4
20003ce6:	911c      	str	r1, [sp, #112]	@ 0x70
20003ce8:	6811      	ldr	r1, [r2, #0]
20003cea:	22ff      	movs	r2, #255	@ 0xff
20003cec:	400a      	ands	r2, r1
20003cee:	17d0      	asrs	r0, r2, #31
20003cf0:	1811      	adds	r1, r2, r0
20003cf2:	4041      	eors	r1, r0
20003cf4:	9705      	str	r7, [sp, #20]
20003cf6:	9b0b      	ldr	r3, [sp, #44]	@ 0x2c
20003cf8:	9304      	str	r3, [sp, #16]
20003cfa:	9403      	str	r4, [sp, #12]
20003cfc:	4663      	mov	r3, ip
20003cfe:	9302      	str	r3, [sp, #8]
20003d00:	0fd2      	lsrs	r2, r2, #31
20003d02:	9201      	str	r2, [sp, #4]
20003d04:	9100      	str	r1, [sp, #0]
20003d06:	4643      	mov	r3, r8
20003d08:	002a      	movs	r2, r5
20003d0a:	4651      	mov	r1, sl
20003d0c:	0030      	movs	r0, r6
20003d0e:	f7ff f979 	bl	20003004 <_ntoa_long>
20003d12:	0005      	movs	r5, r0
20003d14:	9b11      	ldr	r3, [sp, #68]	@ 0x44
20003d16:	3301      	adds	r3, #1
20003d18:	9311      	str	r3, [sp, #68]	@ 0x44
20003d1a:	e61f      	b.n	2000395c <_vsnprintf+0x20>
20003d1c:	9a1c      	ldr	r2, [sp, #112]	@ 0x70
20003d1e:	3207      	adds	r2, #7
20003d20:	2107      	movs	r1, #7
20003d22:	438a      	bics	r2, r1
20003d24:	0011      	movs	r1, r2
20003d26:	3108      	adds	r1, #8
20003d28:	911c      	str	r1, [sp, #112]	@ 0x70
20003d2a:	6811      	ldr	r1, [r2, #0]
20003d2c:	6853      	ldr	r3, [r2, #4]
20003d2e:	4699      	mov	r9, r3
20003d30:	17db      	asrs	r3, r3, #31
20003d32:	930c      	str	r3, [sp, #48]	@ 0x30
20003d34:	930d      	str	r3, [sp, #52]	@ 0x34
20003d36:	9a0c      	ldr	r2, [sp, #48]	@ 0x30
20003d38:	9b0d      	ldr	r3, [sp, #52]	@ 0x34
20003d3a:	0010      	movs	r0, r2
20003d3c:	4048      	eors	r0, r1
20003d3e:	900e      	str	r0, [sp, #56]	@ 0x38
20003d40:	9b0d      	ldr	r3, [sp, #52]	@ 0x34
20003d42:	4649      	mov	r1, r9
20003d44:	404b      	eors	r3, r1
20003d46:	930f      	str	r3, [sp, #60]	@ 0x3c
20003d48:	980e      	ldr	r0, [sp, #56]	@ 0x38
20003d4a:	990f      	ldr	r1, [sp, #60]	@ 0x3c
20003d4c:	9a0c      	ldr	r2, [sp, #48]	@ 0x30
20003d4e:	9b0d      	ldr	r3, [sp, #52]	@ 0x34
20003d50:	1a80      	subs	r0, r0, r2
20003d52:	4199      	sbcs	r1, r3
20003d54:	900e      	str	r0, [sp, #56]	@ 0x38
20003d56:	910f      	str	r1, [sp, #60]	@ 0x3c
20003d58:	9708      	str	r7, [sp, #32]
20003d5a:	9b0b      	ldr	r3, [sp, #44]	@ 0x2c
20003d5c:	9307      	str	r3, [sp, #28]
20003d5e:	9406      	str	r4, [sp, #24]
20003d60:	4663      	mov	r3, ip
20003d62:	9304      	str	r3, [sp, #16]
20003d64:	2300      	movs	r3, #0
20003d66:	9305      	str	r3, [sp, #20]
20003d68:	464b      	mov	r3, r9
20003d6a:	0fda      	lsrs	r2, r3, #31
20003d6c:	9202      	str	r2, [sp, #8]
20003d6e:	9000      	str	r0, [sp, #0]
20003d70:	9101      	str	r1, [sp, #4]
20003d72:	4643      	mov	r3, r8
20003d74:	002a      	movs	r2, r5
20003d76:	4651      	mov	r1, sl
20003d78:	0030      	movs	r0, r6
20003d7a:	f7ff f99f 	bl	200030bc <_ntoa_long_long>
20003d7e:	0005      	movs	r5, r0
20003d80:	e7c8      	b.n	20003d14 <_vsnprintf+0x3d8>
20003d82:	9a1c      	ldr	r2, [sp, #112]	@ 0x70
20003d84:	1d11      	adds	r1, r2, #4
20003d86:	911c      	str	r1, [sp, #112]	@ 0x70
20003d88:	6812      	ldr	r2, [r2, #0]
20003d8a:	17d0      	asrs	r0, r2, #31
20003d8c:	1811      	adds	r1, r2, r0
20003d8e:	4041      	eors	r1, r0
20003d90:	9705      	str	r7, [sp, #20]
20003d92:	9b0b      	ldr	r3, [sp, #44]	@ 0x2c
20003d94:	9304      	str	r3, [sp, #16]
20003d96:	9403      	str	r4, [sp, #12]
20003d98:	4663      	mov	r3, ip
20003d9a:	9302      	str	r3, [sp, #8]
20003d9c:	0fd2      	lsrs	r2, r2, #31
20003d9e:	9201      	str	r2, [sp, #4]
20003da0:	9100      	str	r1, [sp, #0]
20003da2:	4643      	mov	r3, r8
20003da4:	002a      	movs	r2, r5
20003da6:	4651      	mov	r1, sl
20003da8:	0030      	movs	r0, r6
20003daa:	f7ff f92b 	bl	20003004 <_ntoa_long>
20003dae:	0005      	movs	r5, r0
20003db0:	e7b0      	b.n	20003d14 <_vsnprintf+0x3d8>
20003db2:	063a      	lsls	r2, r7, #24
20003db4:	d505      	bpl.n	20003dc2 <_vsnprintf+0x486>
20003db6:	9a1c      	ldr	r2, [sp, #112]	@ 0x70
20003db8:	1d11      	adds	r1, r2, #4
20003dba:	911c      	str	r1, [sp, #112]	@ 0x70
20003dbc:	2300      	movs	r3, #0
20003dbe:	5ed2      	ldrsh	r2, [r2, r3]
20003dc0:	e795      	b.n	20003cee <_vsnprintf+0x3b2>
20003dc2:	9a1c      	ldr	r2, [sp, #112]	@ 0x70
20003dc4:	1d11      	adds	r1, r2, #4
20003dc6:	911c      	str	r1, [sp, #112]	@ 0x70
20003dc8:	6812      	ldr	r2, [r2, #0]
20003dca:	e790      	b.n	20003cee <_vsnprintf+0x3b2>
20003dcc:	9a1c      	ldr	r2, [sp, #112]	@ 0x70
20003dce:	3207      	adds	r2, #7
20003dd0:	2107      	movs	r1, #7
20003dd2:	438a      	bics	r2, r1
20003dd4:	0011      	movs	r1, r2
20003dd6:	3108      	adds	r1, #8
20003dd8:	911c      	str	r1, [sp, #112]	@ 0x70
20003dda:	9708      	str	r7, [sp, #32]
20003ddc:	9b0b      	ldr	r3, [sp, #44]	@ 0x2c
20003dde:	9307      	str	r3, [sp, #28]
20003de0:	9406      	str	r4, [sp, #24]
20003de2:	4663      	mov	r3, ip
20003de4:	9304      	str	r3, [sp, #16]
20003de6:	2300      	movs	r3, #0
20003de8:	9305      	str	r3, [sp, #20]
20003dea:	9302      	str	r3, [sp, #8]
20003dec:	ca0c      	ldmia	r2, {r2, r3}
20003dee:	9200      	str	r2, [sp, #0]
20003df0:	9301      	str	r3, [sp, #4]
20003df2:	4643      	mov	r3, r8
20003df4:	002a      	movs	r2, r5
20003df6:	4651      	mov	r1, sl
20003df8:	0030      	movs	r0, r6
20003dfa:	f7ff f95f 	bl	200030bc <_ntoa_long_long>
20003dfe:	0005      	movs	r5, r0
20003e00:	e788      	b.n	20003d14 <_vsnprintf+0x3d8>
20003e02:	9a1c      	ldr	r2, [sp, #112]	@ 0x70
20003e04:	1d11      	adds	r1, r2, #4
20003e06:	911c      	str	r1, [sp, #112]	@ 0x70
20003e08:	9705      	str	r7, [sp, #20]
20003e0a:	9b0b      	ldr	r3, [sp, #44]	@ 0x2c
20003e0c:	9304      	str	r3, [sp, #16]
20003e0e:	9403      	str	r4, [sp, #12]
20003e10:	4663      	mov	r3, ip
20003e12:	9302      	str	r3, [sp, #8]
20003e14:	2300      	movs	r3, #0
20003e16:	9301      	str	r3, [sp, #4]
20003e18:	6813      	ldr	r3, [r2, #0]
20003e1a:	9300      	str	r3, [sp, #0]
20003e1c:	4643      	mov	r3, r8
20003e1e:	002a      	movs	r2, r5
20003e20:	4651      	mov	r1, sl
20003e22:	0030      	movs	r0, r6
20003e24:	f7ff f8ee 	bl	20003004 <_ntoa_long>
20003e28:	0005      	movs	r5, r0
20003e2a:	e773      	b.n	20003d14 <_vsnprintf+0x3d8>
20003e2c:	063a      	lsls	r2, r7, #24
20003e2e:	d506      	bpl.n	20003e3e <_vsnprintf+0x502>
20003e30:	9a1c      	ldr	r2, [sp, #112]	@ 0x70
20003e32:	1d11      	adds	r1, r2, #4
20003e34:	911c      	str	r1, [sp, #112]	@ 0x70
20003e36:	6812      	ldr	r2, [r2, #0]
20003e38:	0412      	lsls	r2, r2, #16
20003e3a:	0c12      	lsrs	r2, r2, #16
20003e3c:	e72e      	b.n	20003c9c <_vsnprintf+0x360>
20003e3e:	9a1c      	ldr	r2, [sp, #112]	@ 0x70
20003e40:	1d11      	adds	r1, r2, #4
20003e42:	911c      	str	r1, [sp, #112]	@ 0x70
20003e44:	6812      	ldr	r2, [r2, #0]
20003e46:	e729      	b.n	20003c9c <_vsnprintf+0x360>
20003e48:	2320      	movs	r3, #32
20003e4a:	431f      	orrs	r7, r3
20003e4c:	e6df      	b.n	20003c0e <_vsnprintf+0x2d2>
20003e4e:	1c57      	adds	r7, r2, #1
20003e50:	4643      	mov	r3, r8
20003e52:	4651      	mov	r1, sl
20003e54:	2020      	movs	r0, #32
20003e56:	47b0      	blx	r6
20003e58:	0023      	movs	r3, r4
20003e5a:	003a      	movs	r2, r7
20003e5c:	1c5c      	adds	r4, r3, #1
20003e5e:	429d      	cmp	r5, r3
20003e60:	d8f5      	bhi.n	20003e4e <_vsnprintf+0x512>
20003e62:	0015      	movs	r5, r2
20003e64:	e64f      	b.n	20003b06 <_vsnprintf+0x1ca>
20003e66:	2301      	movs	r3, #1
20003e68:	002a      	movs	r2, r5
20003e6a:	9d0b      	ldr	r5, [sp, #44]	@ 0x2c
20003e6c:	e7f6      	b.n	20003e5c <_vsnprintf+0x520>
20003e6e:	003a      	movs	r2, r7
20003e70:	46b1      	mov	r9, r6
20003e72:	9e0b      	ldr	r6, [sp, #44]	@ 0x2c
20003e74:	e006      	b.n	20003e84 <_vsnprintf+0x548>
20003e76:	1c57      	adds	r7, r2, #1
20003e78:	4643      	mov	r3, r8
20003e7a:	4651      	mov	r1, sl
20003e7c:	2020      	movs	r0, #32
20003e7e:	47c8      	blx	r9
20003e80:	002c      	movs	r4, r5
20003e82:	003a      	movs	r2, r7
20003e84:	1c65      	adds	r5, r4, #1
20003e86:	42a6      	cmp	r6, r4
20003e88:	d8f5      	bhi.n	20003e76 <_vsnprintf+0x53a>
20003e8a:	0017      	movs	r7, r2
20003e8c:	464e      	mov	r6, r9
20003e8e:	e647      	b.n	20003b20 <_vsnprintf+0x1e4>
20003e90:	3301      	adds	r3, #1
20003e92:	000a      	movs	r2, r1
20003e94:	7819      	ldrb	r1, [r3, #0]
20003e96:	2900      	cmp	r1, #0
20003e98:	d002      	beq.n	20003ea0 <_vsnprintf+0x564>
20003e9a:	1e51      	subs	r1, r2, #1
20003e9c:	2a00      	cmp	r2, #0
20003e9e:	d1f7      	bne.n	20003e90 <_vsnprintf+0x554>
20003ea0:	465a      	mov	r2, fp
20003ea2:	1a9b      	subs	r3, r3, r2
20003ea4:	2280      	movs	r2, #128	@ 0x80
20003ea6:	00d2      	lsls	r2, r2, #3
20003ea8:	0039      	movs	r1, r7
20003eaa:	4011      	ands	r1, r2
20003eac:	4689      	mov	r9, r1
20003eae:	4217      	tst	r7, r2
20003eb0:	d002      	beq.n	20003eb8 <_vsnprintf+0x57c>
20003eb2:	42a3      	cmp	r3, r4
20003eb4:	d900      	bls.n	20003eb8 <_vsnprintf+0x57c>
20003eb6:	0023      	movs	r3, r4
20003eb8:	2202      	movs	r2, #2
20003eba:	0011      	movs	r1, r2
20003ebc:	4039      	ands	r1, r7
20003ebe:	9110      	str	r1, [sp, #64]	@ 0x40
20003ec0:	423a      	tst	r2, r7
20003ec2:	d009      	beq.n	20003ed8 <_vsnprintf+0x59c>
20003ec4:	002a      	movs	r2, r5
20003ec6:	0025      	movs	r5, r4
20003ec8:	465f      	mov	r7, fp
20003eca:	469b      	mov	fp, r3
20003ecc:	0033      	movs	r3, r6
20003ece:	464e      	mov	r6, r9
20003ed0:	4699      	mov	r9, r3
20003ed2:	e021      	b.n	20003f18 <_vsnprintf+0x5dc>
20003ed4:	0022      	movs	r2, r4
20003ed6:	e690      	b.n	20003bfa <_vsnprintf+0x2be>
20003ed8:	002a      	movs	r2, r5
20003eda:	4655      	mov	r5, sl
20003edc:	46a2      	mov	sl, r4
20003ede:	e006      	b.n	20003eee <_vsnprintf+0x5b2>
20003ee0:	1c54      	adds	r4, r2, #1
20003ee2:	4643      	mov	r3, r8
20003ee4:	0029      	movs	r1, r5
20003ee6:	2020      	movs	r0, #32
20003ee8:	47b0      	blx	r6
20003eea:	003b      	movs	r3, r7
20003eec:	0022      	movs	r2, r4
20003eee:	1c5f      	adds	r7, r3, #1
20003ef0:	990b      	ldr	r1, [sp, #44]	@ 0x2c
20003ef2:	4299      	cmp	r1, r3
20003ef4:	d8f4      	bhi.n	20003ee0 <_vsnprintf+0x5a4>
20003ef6:	4654      	mov	r4, sl
20003ef8:	46aa      	mov	sl, r5
20003efa:	003b      	movs	r3, r7
20003efc:	0025      	movs	r5, r4
20003efe:	465f      	mov	r7, fp
20003f00:	469b      	mov	fp, r3
20003f02:	0033      	movs	r3, r6
20003f04:	464e      	mov	r6, r9
20003f06:	4699      	mov	r9, r3
20003f08:	e006      	b.n	20003f18 <_vsnprintf+0x5dc>
20003f0a:	001d      	movs	r5, r3
20003f0c:	3701      	adds	r7, #1
20003f0e:	1c54      	adds	r4, r2, #1
20003f10:	4643      	mov	r3, r8
20003f12:	4651      	mov	r1, sl
20003f14:	47c8      	blx	r9
20003f16:	0022      	movs	r2, r4
20003f18:	7838      	ldrb	r0, [r7, #0]
20003f1a:	2800      	cmp	r0, #0
20003f1c:	d004      	beq.n	20003f28 <_vsnprintf+0x5ec>
20003f1e:	2e00      	cmp	r6, #0
20003f20:	d0f4      	beq.n	20003f0c <_vsnprintf+0x5d0>
20003f22:	1e6b      	subs	r3, r5, #1
20003f24:	2d00      	cmp	r5, #0
20003f26:	d1f0      	bne.n	20003f0a <_vsnprintf+0x5ce>
20003f28:	0015      	movs	r5, r2
20003f2a:	465b      	mov	r3, fp
20003f2c:	464e      	mov	r6, r9
20003f2e:	9a10      	ldr	r2, [sp, #64]	@ 0x40
20003f30:	2a00      	cmp	r2, #0
20003f32:	d103      	bne.n	20003f3c <_vsnprintf+0x600>
20003f34:	9b11      	ldr	r3, [sp, #68]	@ 0x44
20003f36:	3301      	adds	r3, #1
20003f38:	9311      	str	r3, [sp, #68]	@ 0x44
20003f3a:	e50f      	b.n	2000395c <_vsnprintf+0x20>
20003f3c:	002a      	movs	r2, r5
20003f3e:	9f0b      	ldr	r7, [sp, #44]	@ 0x2c
20003f40:	e006      	b.n	20003f50 <_vsnprintf+0x614>
20003f42:	1c55      	adds	r5, r2, #1
20003f44:	4643      	mov	r3, r8
20003f46:	4651      	mov	r1, sl
20003f48:	2020      	movs	r0, #32
20003f4a:	47b0      	blx	r6
20003f4c:	0023      	movs	r3, r4
20003f4e:	002a      	movs	r2, r5
20003f50:	1c5c      	adds	r4, r3, #1
20003f52:	429f      	cmp	r7, r3
20003f54:	d8f5      	bhi.n	20003f42 <_vsnprintf+0x606>
20003f56:	0015      	movs	r5, r2
20003f58:	e7ec      	b.n	20003f34 <_vsnprintf+0x5f8>
20003f5a:	2321      	movs	r3, #33	@ 0x21
20003f5c:	433b      	orrs	r3, r7
20003f5e:	9a1c      	ldr	r2, [sp, #112]	@ 0x70
20003f60:	1d11      	adds	r1, r2, #4
20003f62:	911c      	str	r1, [sp, #112]	@ 0x70
20003f64:	6812      	ldr	r2, [r2, #0]
20003f66:	9305      	str	r3, [sp, #20]
20003f68:	2308      	movs	r3, #8
20003f6a:	9304      	str	r3, [sp, #16]
20003f6c:	9403      	str	r4, [sp, #12]
20003f6e:	3308      	adds	r3, #8
20003f70:	9302      	str	r3, [sp, #8]
20003f72:	2300      	movs	r3, #0
20003f74:	9301      	str	r3, [sp, #4]
20003f76:	9200      	str	r2, [sp, #0]
20003f78:	4643      	mov	r3, r8
20003f7a:	002a      	movs	r2, r5
20003f7c:	4651      	mov	r1, sl
20003f7e:	0030      	movs	r0, r6
20003f80:	f7ff f840 	bl	20003004 <_ntoa_long>
20003f84:	0005      	movs	r5, r0
20003f86:	9b11      	ldr	r3, [sp, #68]	@ 0x44
20003f88:	3301      	adds	r3, #1
20003f8a:	9311      	str	r3, [sp, #68]	@ 0x44
20003f8c:	e4e6      	b.n	2000395c <_vsnprintf+0x20>
20003f8e:	4b0b      	ldr	r3, [pc, #44]	@ (20003fbc <_vsnprintf+0x680>)
20003f90:	469b      	mov	fp, r3
20003f92:	e4e1      	b.n	20003958 <_vsnprintf+0x1c>
20003f94:	46b3      	mov	fp, r6
20003f96:	4545      	cmp	r5, r8
20003f98:	d30d      	bcc.n	20003fb6 <_vsnprintf+0x67a>
20003f9a:	4643      	mov	r3, r8
20003f9c:	1e5a      	subs	r2, r3, #1
20003f9e:	4643      	mov	r3, r8
20003fa0:	4651      	mov	r1, sl
20003fa2:	2000      	movs	r0, #0
20003fa4:	47d8      	blx	fp
20003fa6:	0028      	movs	r0, r5
20003fa8:	b013      	add	sp, #76	@ 0x4c
20003faa:	bcf0      	pop	{r4, r5, r6, r7}
20003fac:	46bb      	mov	fp, r7
20003fae:	46b2      	mov	sl, r6
20003fb0:	46a9      	mov	r9, r5
20003fb2:	46a0      	mov	r8, r4
20003fb4:	bdf0      	pop	{r4, r5, r6, r7, pc}
20003fb6:	002a      	movs	r2, r5
20003fb8:	e7f1      	b.n	20003f9e <_vsnprintf+0x662>
20003fba:	46c0      	nop			@ (mov r8, r8)
20003fbc:	20002e01 	.word	0x20002e01

20003fc0 <__wrap_snprintf>:
20003fc0:	b40c      	push	{r2, r3}
20003fc2:	b500      	push	{lr}
20003fc4:	b085      	sub	sp, #20
20003fc6:	4684      	mov	ip, r0
20003fc8:	000a      	movs	r2, r1
20003fca:	a906      	add	r1, sp, #24
20003fcc:	c908      	ldmia	r1!, {r3}
20003fce:	9103      	str	r1, [sp, #12]
20003fd0:	4804      	ldr	r0, [pc, #16]	@ (20003fe4 <__wrap_snprintf+0x24>)
20003fd2:	9100      	str	r1, [sp, #0]
20003fd4:	4661      	mov	r1, ip
20003fd6:	f7ff fcb1 	bl	2000393c <_vsnprintf>
20003fda:	b005      	add	sp, #20
20003fdc:	bc08      	pop	{r3}
20003fde:	b002      	add	sp, #8
20003fe0:	4718      	bx	r3
20003fe2:	46c0      	nop			@ (mov r8, r8)
20003fe4:	20002df9 	.word	0x20002df9

20003fe8 <vfctprintf>:
20003fe8:	b500      	push	{lr}
20003fea:	b085      	sub	sp, #20
20003fec:	468c      	mov	ip, r1
20003fee:	a902      	add	r1, sp, #8
20003ff0:	9002      	str	r0, [sp, #8]
20003ff2:	4660      	mov	r0, ip
20003ff4:	6048      	str	r0, [r1, #4]
20003ff6:	2001      	movs	r0, #1
20003ff8:	4684      	mov	ip, r0
20003ffa:	4804      	ldr	r0, [pc, #16]	@ (2000400c <vfctprintf+0x24>)
20003ffc:	9300      	str	r3, [sp, #0]
20003ffe:	0013      	movs	r3, r2
20004000:	4662      	mov	r2, ip
20004002:	4252      	negs	r2, r2
20004004:	f7ff fc9a 	bl	2000393c <_vsnprintf>
20004008:	b005      	add	sp, #20
2000400a:	bd00      	pop	{pc}
2000400c:	20002e03 	.word	0x20002e03

20004010 <_exit>:
20004010:	be00      	bkpt	0x0000
20004012:	e7fd      	b.n	20004010 <_exit>

20004014 <_fini>:
20004014:	4770      	bx	lr

20004016 <exit>:
20004016:	b510      	push	{r4, lr}
20004018:	f7ff fffa 	bl	20004010 <_exit>

2000401c <__assert_func>:
2000401c:	b510      	push	{r4, lr}
2000401e:	b082      	sub	sp, #8
20004020:	4684      	mov	ip, r0
20004022:	000c      	movs	r4, r1
20004024:	0019      	movs	r1, r3
20004026:	2a00      	cmp	r2, #0
20004028:	d00a      	beq.n	20004040 <__assert_func+0x24>
2000402a:	4b07      	ldr	r3, [pc, #28]	@ (20004048 <__assert_func+0x2c>)
2000402c:	4807      	ldr	r0, [pc, #28]	@ (2000404c <__assert_func+0x30>)
2000402e:	9201      	str	r2, [sp, #4]
20004030:	9300      	str	r3, [sp, #0]
20004032:	0023      	movs	r3, r4
20004034:	4662      	mov	r2, ip
20004036:	f000 f941 	bl	200042bc <__wrap_printf>
2000403a:	2001      	movs	r0, #1
2000403c:	f7ff ffe8 	bl	20004010 <_exit>
20004040:	4b03      	ldr	r3, [pc, #12]	@ (20004050 <__assert_func+0x34>)
20004042:	001a      	movs	r2, r3
20004044:	e7f2      	b.n	2000402c <__assert_func+0x10>
20004046:	46c0      	nop			@ (mov r8, r8)
20004048:	200076d8 	.word	0x200076d8
2000404c:	200076e8 	.word	0x200076e8
20004050:	200076e4 	.word	0x200076e4

20004054 <runtime_init>:
20004054:	b510      	push	{r4, lr}
20004056:	f3ef 8305 	mrs	r3, IPSR
2000405a:	2b00      	cmp	r3, #0
2000405c:	d000      	beq.n	20004060 <runtime_init+0xc>
2000405e:	be00      	bkpt	0x0000
20004060:	f7fd fea8 	bl	20001db4 <runtime_run_initializers>
20004064:	4c03      	ldr	r4, [pc, #12]	@ (20004074 <runtime_init+0x20>)
20004066:	e001      	b.n	2000406c <runtime_init+0x18>
20004068:	cc08      	ldmia	r4!, {r3}
2000406a:	4798      	blx	r3
2000406c:	4b02      	ldr	r3, [pc, #8]	@ (20004078 <runtime_init+0x24>)
2000406e:	429c      	cmp	r4, r3
20004070:	d3fa      	bcc.n	20004068 <runtime_init+0x14>
20004072:	bd10      	pop	{r4, pc}
20004074:	20007f60 	.word	0x20007f60
20004078:	20007f60 	.word	0x20007f60

2000407c <stdio_out_chars_no_crlf>:
2000407c:	b510      	push	{r4, lr}
2000407e:	0003      	movs	r3, r0
20004080:	0008      	movs	r0, r1
20004082:	0011      	movs	r1, r2
20004084:	681b      	ldr	r3, [r3, #0]
20004086:	4798      	blx	r3
20004088:	bd10      	pop	{r4, pc}
	...

2000408c <stdio_out_chars_crlf>:
2000408c:	b5f8      	push	{r3, r4, r5, r6, r7, lr}
2000408e:	0007      	movs	r7, r0
20004090:	000d      	movs	r5, r1
20004092:	0016      	movs	r6, r2
20004094:	7d43      	ldrb	r3, [r0, #21]
20004096:	2b00      	cmp	r3, #0
20004098:	d002      	beq.n	200040a0 <stdio_out_chars_crlf+0x14>
2000409a:	2400      	movs	r4, #0
2000409c:	2000      	movs	r0, #0
2000409e:	e00c      	b.n	200040ba <stdio_out_chars_crlf+0x2e>
200040a0:	6803      	ldr	r3, [r0, #0]
200040a2:	0011      	movs	r1, r2
200040a4:	0028      	movs	r0, r5
200040a6:	4798      	blx	r3
200040a8:	e02b      	b.n	20004102 <stdio_out_chars_crlf+0x76>
200040aa:	7d3b      	ldrb	r3, [r7, #20]
200040ac:	e00f      	b.n	200040ce <stdio_out_chars_crlf+0x42>
200040ae:	683b      	ldr	r3, [r7, #0]
200040b0:	4814      	ldr	r0, [pc, #80]	@ (20004104 <stdio_out_chars_crlf+0x78>)
200040b2:	2102      	movs	r1, #2
200040b4:	4798      	blx	r3
200040b6:	1c60      	adds	r0, r4, #1
200040b8:	3401      	adds	r4, #1
200040ba:	42b4      	cmp	r4, r6
200040bc:	da13      	bge.n	200040e6 <stdio_out_chars_crlf+0x5a>
200040be:	2c00      	cmp	r4, #0
200040c0:	ddf3      	ble.n	200040aa <stdio_out_chars_crlf+0x1e>
200040c2:	1e63      	subs	r3, r4, #1
200040c4:	5ceb      	ldrb	r3, [r5, r3]
200040c6:	3b0d      	subs	r3, #13
200040c8:	425a      	negs	r2, r3
200040ca:	4153      	adcs	r3, r2
200040cc:	b2db      	uxtb	r3, r3
200040ce:	5d2a      	ldrb	r2, [r5, r4]
200040d0:	2a0a      	cmp	r2, #10
200040d2:	d1f1      	bne.n	200040b8 <stdio_out_chars_crlf+0x2c>
200040d4:	2b00      	cmp	r3, #0
200040d6:	d1ef      	bne.n	200040b8 <stdio_out_chars_crlf+0x2c>
200040d8:	42a0      	cmp	r0, r4
200040da:	dae8      	bge.n	200040ae <stdio_out_chars_crlf+0x22>
200040dc:	683b      	ldr	r3, [r7, #0]
200040de:	1a21      	subs	r1, r4, r0
200040e0:	1828      	adds	r0, r5, r0
200040e2:	4798      	blx	r3
200040e4:	e7e3      	b.n	200040ae <stdio_out_chars_crlf+0x22>
200040e6:	42b0      	cmp	r0, r6
200040e8:	da03      	bge.n	200040f2 <stdio_out_chars_crlf+0x66>
200040ea:	683b      	ldr	r3, [r7, #0]
200040ec:	1a31      	subs	r1, r6, r0
200040ee:	1828      	adds	r0, r5, r0
200040f0:	4798      	blx	r3
200040f2:	2e00      	cmp	r6, #0
200040f4:	dd05      	ble.n	20004102 <stdio_out_chars_crlf+0x76>
200040f6:	3e01      	subs	r6, #1
200040f8:	5dab      	ldrb	r3, [r5, r6]
200040fa:	3b0d      	subs	r3, #13
200040fc:	425a      	negs	r2, r3
200040fe:	4153      	adcs	r3, r2
20004100:	753b      	strb	r3, [r7, #20]
20004102:	bdf8      	pop	{r3, r4, r5, r6, r7, pc}
20004104:	20007d98 	.word	0x20007d98

20004108 <stdio_stack_buffer_flush>:
20004108:	b570      	push	{r4, r5, r6, lr}
2000410a:	0005      	movs	r5, r0
2000410c:	6803      	ldr	r3, [r0, #0]
2000410e:	2b00      	cmp	r3, #0
20004110:	d016      	beq.n	20004140 <stdio_stack_buffer_flush+0x38>
20004112:	4b0c      	ldr	r3, [pc, #48]	@ (20004144 <stdio_stack_buffer_flush+0x3c>)
20004114:	681c      	ldr	r4, [r3, #0]
20004116:	e005      	b.n	20004124 <stdio_stack_buffer_flush+0x1c>
20004118:	0029      	movs	r1, r5
2000411a:	c904      	ldmia	r1!, {r2}
2000411c:	0020      	movs	r0, r4
2000411e:	f7ff ffb5 	bl	2000408c <stdio_out_chars_crlf>
20004122:	6924      	ldr	r4, [r4, #16]
20004124:	2c00      	cmp	r4, #0
20004126:	d009      	beq.n	2000413c <stdio_stack_buffer_flush+0x34>
20004128:	6823      	ldr	r3, [r4, #0]
2000412a:	2b00      	cmp	r3, #0
2000412c:	d0f9      	beq.n	20004122 <stdio_stack_buffer_flush+0x1a>
2000412e:	4b06      	ldr	r3, [pc, #24]	@ (20004148 <stdio_stack_buffer_flush+0x40>)
20004130:	681b      	ldr	r3, [r3, #0]
20004132:	2b00      	cmp	r3, #0
20004134:	d0f0      	beq.n	20004118 <stdio_stack_buffer_flush+0x10>
20004136:	42a3      	cmp	r3, r4
20004138:	d1f3      	bne.n	20004122 <stdio_stack_buffer_flush+0x1a>
2000413a:	e7ed      	b.n	20004118 <stdio_stack_buffer_flush+0x10>
2000413c:	2300      	movs	r3, #0
2000413e:	602b      	str	r3, [r5, #0]
20004140:	bd70      	pop	{r4, r5, r6, pc}
20004142:	46c0      	nop			@ (mov r8, r8)
20004144:	2000a0c0 	.word	0x2000a0c0
20004148:	2000a0c8 	.word	0x2000a0c8

2000414c <stdio_buffered_printer>:
2000414c:	b510      	push	{r4, lr}
2000414e:	680b      	ldr	r3, [r1, #0]
20004150:	1c5a      	adds	r2, r3, #1
20004152:	600a      	str	r2, [r1, #0]
20004154:	18cb      	adds	r3, r1, r3
20004156:	7118      	strb	r0, [r3, #4]
20004158:	2a80      	cmp	r2, #128	@ 0x80
2000415a:	d000      	beq.n	2000415e <stdio_buffered_printer+0x12>
2000415c:	bd10      	pop	{r4, pc}
2000415e:	0008      	movs	r0, r1
20004160:	f7ff ffd2 	bl	20004108 <stdio_stack_buffer_flush>
20004164:	e7fa      	b.n	2000415c <stdio_buffered_printer+0x10>
	...

20004168 <stdout_serialize_begin>:
20004168:	b510      	push	{r4, lr}
2000416a:	f7fd fbad 	bl	200018c8 <time_us_64>
2000416e:	4a07      	ldr	r2, [pc, #28]	@ (2000418c <stdout_serialize_begin+0x24>)
20004170:	2300      	movs	r3, #0
20004172:	1812      	adds	r2, r2, r0
20004174:	414b      	adcs	r3, r1
20004176:	2b00      	cmp	r3, #0
20004178:	db03      	blt.n	20004182 <stdout_serialize_begin+0x1a>
2000417a:	4805      	ldr	r0, [pc, #20]	@ (20004190 <stdout_serialize_begin+0x28>)
2000417c:	f002 fa50 	bl	20006620 <mutex_try_enter_block_until>
20004180:	bd10      	pop	{r4, pc}
20004182:	2201      	movs	r2, #1
20004184:	4252      	negs	r2, r2
20004186:	4b03      	ldr	r3, [pc, #12]	@ (20004194 <stdout_serialize_begin+0x2c>)
20004188:	e7f7      	b.n	2000417a <stdout_serialize_begin+0x12>
2000418a:	46c0      	nop			@ (mov r8, r8)
2000418c:	000f4240 	.word	0x000f4240
20004190:	20007f18 	.word	0x20007f18
20004194:	7fffffff 	.word	0x7fffffff

20004198 <stdout_serialize_end>:
20004198:	b510      	push	{r4, lr}
2000419a:	4802      	ldr	r0, [pc, #8]	@ (200041a4 <stdout_serialize_end+0xc>)
2000419c:	f002 fa78 	bl	20006690 <mutex_exit>
200041a0:	bd10      	pop	{r4, pc}
200041a2:	46c0      	nop			@ (mov r8, r8)
200041a4:	20007f18 	.word	0x20007f18

200041a8 <stdio_put_string>:
200041a8:	b5f0      	push	{r4, r5, r6, r7, lr}
200041aa:	46ce      	mov	lr, r9
200041ac:	4647      	mov	r7, r8
200041ae:	b580      	push	{r7, lr}
200041b0:	b083      	sub	sp, #12
200041b2:	4680      	mov	r8, r0
200041b4:	000d      	movs	r5, r1
200041b6:	0016      	movs	r6, r2
200041b8:	001c      	movs	r4, r3
200041ba:	f7ff ffd5 	bl	20004168 <stdout_serialize_begin>
200041be:	4681      	mov	r9, r0
200041c0:	1c6b      	adds	r3, r5, #1
200041c2:	d005      	beq.n	200041d0 <stdio_put_string+0x28>
200041c4:	2c00      	cmp	r4, #0
200041c6:	d008      	beq.n	200041da <stdio_put_string+0x32>
200041c8:	4f18      	ldr	r7, [pc, #96]	@ (2000422c <stdio_put_string+0x84>)
200041ca:	4b19      	ldr	r3, [pc, #100]	@ (20004230 <stdio_put_string+0x88>)
200041cc:	681c      	ldr	r4, [r3, #0]
200041ce:	e007      	b.n	200041e0 <stdio_put_string+0x38>
200041d0:	4640      	mov	r0, r8
200041d2:	f002 f96d 	bl	200064b0 <strlen>
200041d6:	0005      	movs	r5, r0
200041d8:	e7f4      	b.n	200041c4 <stdio_put_string+0x1c>
200041da:	4f16      	ldr	r7, [pc, #88]	@ (20004234 <stdio_put_string+0x8c>)
200041dc:	e7f5      	b.n	200041ca <stdio_put_string+0x22>
200041de:	6924      	ldr	r4, [r4, #16]
200041e0:	2c00      	cmp	r4, #0
200041e2:	d016      	beq.n	20004212 <stdio_put_string+0x6a>
200041e4:	6823      	ldr	r3, [r4, #0]
200041e6:	2b00      	cmp	r3, #0
200041e8:	d0f9      	beq.n	200041de <stdio_put_string+0x36>
200041ea:	4b13      	ldr	r3, [pc, #76]	@ (20004238 <stdio_put_string+0x90>)
200041ec:	681b      	ldr	r3, [r3, #0]
200041ee:	2b00      	cmp	r3, #0
200041f0:	d001      	beq.n	200041f6 <stdio_put_string+0x4e>
200041f2:	42a3      	cmp	r3, r4
200041f4:	d1f3      	bne.n	200041de <stdio_put_string+0x36>
200041f6:	002a      	movs	r2, r5
200041f8:	4641      	mov	r1, r8
200041fa:	0020      	movs	r0, r4
200041fc:	47b8      	blx	r7
200041fe:	2e00      	cmp	r6, #0
20004200:	d0ed      	beq.n	200041de <stdio_put_string+0x36>
20004202:	466b      	mov	r3, sp
20004204:	1dd9      	adds	r1, r3, #7
20004206:	230a      	movs	r3, #10
20004208:	700b      	strb	r3, [r1, #0]
2000420a:	2201      	movs	r2, #1
2000420c:	0020      	movs	r0, r4
2000420e:	47b8      	blx	r7
20004210:	e7e5      	b.n	200041de <stdio_put_string+0x36>
20004212:	464b      	mov	r3, r9
20004214:	2b00      	cmp	r3, #0
20004216:	d105      	bne.n	20004224 <stdio_put_string+0x7c>
20004218:	0028      	movs	r0, r5
2000421a:	b003      	add	sp, #12
2000421c:	bcc0      	pop	{r6, r7}
2000421e:	46b9      	mov	r9, r7
20004220:	46b0      	mov	r8, r6
20004222:	bdf0      	pop	{r4, r5, r6, r7, pc}
20004224:	f7ff ffb8 	bl	20004198 <stdout_serialize_end>
20004228:	e7f6      	b.n	20004218 <stdio_put_string+0x70>
2000422a:	46c0      	nop			@ (mov r8, r8)
2000422c:	2000408d 	.word	0x2000408d
20004230:	2000a0c0 	.word	0x2000a0c0
20004234:	2000407d 	.word	0x2000407d
20004238:	2000a0c8 	.word	0x2000a0c8

2000423c <stdio_flush>:
2000423c:	b510      	push	{r4, lr}
2000423e:	4b06      	ldr	r3, [pc, #24]	@ (20004258 <stdio_flush+0x1c>)
20004240:	681c      	ldr	r4, [r3, #0]
20004242:	e000      	b.n	20004246 <stdio_flush+0xa>
20004244:	6924      	ldr	r4, [r4, #16]
20004246:	2c00      	cmp	r4, #0
20004248:	d004      	beq.n	20004254 <stdio_flush+0x18>
2000424a:	6863      	ldr	r3, [r4, #4]
2000424c:	2b00      	cmp	r3, #0
2000424e:	d0f9      	beq.n	20004244 <stdio_flush+0x8>
20004250:	4798      	blx	r3
20004252:	e7f7      	b.n	20004244 <stdio_flush+0x8>
20004254:	bd10      	pop	{r4, pc}
20004256:	46c0      	nop			@ (mov r8, r8)
20004258:	2000a0c0 	.word	0x2000a0c0

2000425c <__wrap_puts>:
2000425c:	b570      	push	{r4, r5, r6, lr}
2000425e:	0005      	movs	r5, r0
20004260:	f002 f926 	bl	200064b0 <strlen>
20004264:	0004      	movs	r4, r0
20004266:	2301      	movs	r3, #1
20004268:	2201      	movs	r2, #1
2000426a:	0001      	movs	r1, r0
2000426c:	0028      	movs	r0, r5
2000426e:	f7ff ff9b 	bl	200041a8 <stdio_put_string>
20004272:	f7ff ffe3 	bl	2000423c <stdio_flush>
20004276:	0020      	movs	r0, r4
20004278:	bd70      	pop	{r4, r5, r6, pc}
	...

2000427c <__wrap_vprintf>:
2000427c:	b5f0      	push	{r4, r5, r6, r7, lr}
2000427e:	b0a3      	sub	sp, #140	@ 0x8c
20004280:	0007      	movs	r7, r0
20004282:	000e      	movs	r6, r1
20004284:	f7ff ff70 	bl	20004168 <stdout_serialize_begin>
20004288:	0005      	movs	r5, r0
2000428a:	ac01      	add	r4, sp, #4
2000428c:	2300      	movs	r3, #0
2000428e:	9301      	str	r3, [sp, #4]
20004290:	4809      	ldr	r0, [pc, #36]	@ (200042b8 <__wrap_vprintf+0x3c>)
20004292:	0033      	movs	r3, r6
20004294:	003a      	movs	r2, r7
20004296:	0021      	movs	r1, r4
20004298:	f7ff fea6 	bl	20003fe8 <vfctprintf>
2000429c:	0006      	movs	r6, r0
2000429e:	0020      	movs	r0, r4
200042a0:	f7ff ff32 	bl	20004108 <stdio_stack_buffer_flush>
200042a4:	f7ff ffca 	bl	2000423c <stdio_flush>
200042a8:	2d00      	cmp	r5, #0
200042aa:	d102      	bne.n	200042b2 <__wrap_vprintf+0x36>
200042ac:	0030      	movs	r0, r6
200042ae:	b023      	add	sp, #140	@ 0x8c
200042b0:	bdf0      	pop	{r4, r5, r6, r7, pc}
200042b2:	f7ff ff71 	bl	20004198 <stdout_serialize_end>
200042b6:	e7f9      	b.n	200042ac <__wrap_vprintf+0x30>
200042b8:	2000414d 	.word	0x2000414d

200042bc <__wrap_printf>:
200042bc:	b40f      	push	{r0, r1, r2, r3}
200042be:	b500      	push	{lr}
200042c0:	b083      	sub	sp, #12
200042c2:	a904      	add	r1, sp, #16
200042c4:	c901      	ldmia	r1!, {r0}
200042c6:	9101      	str	r1, [sp, #4]
200042c8:	f7ff ffd8 	bl	2000427c <__wrap_vprintf>
200042cc:	b003      	add	sp, #12
200042ce:	bc08      	pop	{r3}
200042d0:	b004      	add	sp, #16
200042d2:	4718      	bx	r3

200042d4 <runtime_init_per_core_tls_setup>:
200042d4:	4b01      	ldr	r3, [pc, #4]	@ (200042dc <runtime_init_per_core_tls_setup+0x8>)
200042d6:	2200      	movs	r2, #0
200042d8:	605a      	str	r2, [r3, #4]
200042da:	4770      	bx	lr
200042dc:	20009510 	.word	0x20009510

200042e0 <core1_trampoline>:
200042e0:	bd03      	pop	{r0, r1, pc}

200042e2 <core1_wrapper>:
200042e2:	b510      	push	{r4, lr}
200042e4:	0004      	movs	r4, r0
200042e6:	f7fd fd6d 	bl	20001dc4 <runtime_run_per_core_initializers>
200042ea:	47a0      	blx	r4
200042ec:	bd10      	pop	{r4, pc}

200042ee <multicore_fifo_push_blocking>:
200042ee:	23d0      	movs	r3, #208	@ 0xd0
200042f0:	061b      	lsls	r3, r3, #24
200042f2:	6d1b      	ldr	r3, [r3, #80]	@ 0x50
200042f4:	079b      	lsls	r3, r3, #30
200042f6:	d5fa      	bpl.n	200042ee <multicore_fifo_push_blocking>
200042f8:	23d0      	movs	r3, #208	@ 0xd0
200042fa:	061b      	lsls	r3, r3, #24
200042fc:	6558      	str	r0, [r3, #84]	@ 0x54
200042fe:	bf40      	sev
20004300:	4770      	bx	lr

20004302 <multicore_fifo_pop_blocking>:
20004302:	e000      	b.n	20004306 <multicore_fifo_pop_blocking+0x4>
20004304:	bf20      	wfe
20004306:	23d0      	movs	r3, #208	@ 0xd0
20004308:	061b      	lsls	r3, r3, #24
2000430a:	6d1b      	ldr	r3, [r3, #80]	@ 0x50
2000430c:	07db      	lsls	r3, r3, #31
2000430e:	d5f9      	bpl.n	20004304 <multicore_fifo_pop_blocking+0x2>
20004310:	23d0      	movs	r3, #208	@ 0xd0
20004312:	061b      	lsls	r3, r3, #24
20004314:	6d98      	ldr	r0, [r3, #88]	@ 0x58
20004316:	4770      	bx	lr

20004318 <multicore_launch_core1_raw>:
20004318:	b5f0      	push	{r4, r5, r6, r7, lr}
2000431a:	b087      	sub	sp, #28
2000431c:	0004      	movs	r4, r0
2000431e:	000d      	movs	r5, r1
20004320:	0016      	movs	r6, r2
20004322:	200f      	movs	r0, #15
20004324:	f7fc fc48 	bl	20000bb8 <irq_is_enabled>
20004328:	0007      	movs	r7, r0
2000432a:	2100      	movs	r1, #0
2000432c:	200f      	movs	r0, #15
2000432e:	f7fc fc5d 	bl	20000bec <irq_set_enabled>
20004332:	2200      	movs	r2, #0
20004334:	9200      	str	r2, [sp, #0]
20004336:	9201      	str	r2, [sp, #4]
20004338:	3201      	adds	r2, #1
2000433a:	9202      	str	r2, [sp, #8]
2000433c:	9603      	str	r6, [sp, #12]
2000433e:	9504      	str	r5, [sp, #16]
20004340:	9405      	str	r4, [sp, #20]
20004342:	4b12      	ldr	r3, [pc, #72]	@ (2000438c <multicore_launch_core1_raw+0x74>)
20004344:	705a      	strb	r2, [r3, #1]
20004346:	2500      	movs	r5, #0
20004348:	e00c      	b.n	20004364 <multicore_launch_core1_raw+0x4c>
2000434a:	23d0      	movs	r3, #208	@ 0xd0
2000434c:	061b      	lsls	r3, r3, #24
2000434e:	6d9b      	ldr	r3, [r3, #88]	@ 0x58
20004350:	23d0      	movs	r3, #208	@ 0xd0
20004352:	061b      	lsls	r3, r3, #24
20004354:	6d1b      	ldr	r3, [r3, #80]	@ 0x50
20004356:	07db      	lsls	r3, r3, #31
20004358:	d4f7      	bmi.n	2000434a <multicore_launch_core1_raw+0x32>
2000435a:	bf40      	sev
2000435c:	e007      	b.n	2000436e <multicore_launch_core1_raw+0x56>
2000435e:	3501      	adds	r5, #1
20004360:	2d05      	cmp	r5, #5
20004362:	d80d      	bhi.n	20004380 <multicore_launch_core1_raw+0x68>
20004364:	00ab      	lsls	r3, r5, #2
20004366:	466a      	mov	r2, sp
20004368:	589c      	ldr	r4, [r3, r2]
2000436a:	2c00      	cmp	r4, #0
2000436c:	d0f0      	beq.n	20004350 <multicore_launch_core1_raw+0x38>
2000436e:	0020      	movs	r0, r4
20004370:	f7ff ffbd 	bl	200042ee <multicore_fifo_push_blocking>
20004374:	f7ff ffc5 	bl	20004302 <multicore_fifo_pop_blocking>
20004378:	4284      	cmp	r4, r0
2000437a:	d0f0      	beq.n	2000435e <multicore_launch_core1_raw+0x46>
2000437c:	2500      	movs	r5, #0
2000437e:	e7ef      	b.n	20004360 <multicore_launch_core1_raw+0x48>
20004380:	0039      	movs	r1, r7
20004382:	200f      	movs	r0, #15
20004384:	f7fc fc32 	bl	20000bec <irq_set_enabled>
20004388:	b007      	add	sp, #28
2000438a:	bdf0      	pop	{r4, r5, r6, r7, pc}
2000438c:	2000a094 	.word	0x2000a094

20004390 <multicore_launch_core1_with_stack>:
20004390:	b510      	push	{r4, lr}
20004392:	4684      	mov	ip, r0
20004394:	0008      	movs	r0, r1
20004396:	0793      	lsls	r3, r2, #30
20004398:	d115      	bne.n	200043c6 <multicore_launch_core1_with_stack+0x36>
2000439a:	2303      	movs	r3, #3
2000439c:	439a      	bics	r2, r3
2000439e:	188b      	adds	r3, r1, r2
200043a0:	0019      	movs	r1, r3
200043a2:	390c      	subs	r1, #12
200043a4:	4a0b      	ldr	r2, [pc, #44]	@ (200043d4 <multicore_launch_core1_with_stack+0x44>)
200043a6:	6892      	ldr	r2, [r2, #8]
200043a8:	4664      	mov	r4, ip
200043aa:	600c      	str	r4, [r1, #0]
200043ac:	2408      	movs	r4, #8
200043ae:	4264      	negs	r4, r4
200043b0:	46a4      	mov	ip, r4
200043b2:	449c      	add	ip, r3
200043b4:	4664      	mov	r4, ip
200043b6:	6020      	str	r0, [r4, #0]
200043b8:	4807      	ldr	r0, [pc, #28]	@ (200043d8 <multicore_launch_core1_with_stack+0x48>)
200043ba:	3b04      	subs	r3, #4
200043bc:	6018      	str	r0, [r3, #0]
200043be:	4807      	ldr	r0, [pc, #28]	@ (200043dc <multicore_launch_core1_with_stack+0x4c>)
200043c0:	f7ff ffaa 	bl	20004318 <multicore_launch_core1_raw>
200043c4:	bd10      	pop	{r4, pc}
200043c6:	4b06      	ldr	r3, [pc, #24]	@ (200043e0 <multicore_launch_core1_with_stack+0x50>)
200043c8:	4a06      	ldr	r2, [pc, #24]	@ (200043e4 <multicore_launch_core1_with_stack+0x54>)
200043ca:	4807      	ldr	r0, [pc, #28]	@ (200043e8 <multicore_launch_core1_with_stack+0x58>)
200043cc:	219a      	movs	r1, #154	@ 0x9a
200043ce:	f7ff fe25 	bl	2000401c <__assert_func>
200043d2:	46c0      	nop			@ (mov r8, r8)
200043d4:	e000ed00 	.word	0xe000ed00
200043d8:	200042e3 	.word	0x200042e3
200043dc:	200042e1 	.word	0x200042e1
200043e0:	20007790 	.word	0x20007790
200043e4:	20007d9c 	.word	0x20007d9c
200043e8:	20007740 	.word	0x20007740

200043ec <multicore_launch_core1>:
200043ec:	b510      	push	{r4, lr}
200043ee:	4b06      	ldr	r3, [pc, #24]	@ (20004408 <multicore_launch_core1+0x1c>)
200043f0:	4a06      	ldr	r2, [pc, #24]	@ (2000440c <multicore_launch_core1+0x20>)
200043f2:	4293      	cmp	r3, r2
200043f4:	d305      	bcc.n	20004402 <multicore_launch_core1+0x16>
200043f6:	0019      	movs	r1, r3
200043f8:	2280      	movs	r2, #128	@ 0x80
200043fa:	0112      	lsls	r2, r2, #4
200043fc:	f7ff ffc8 	bl	20004390 <multicore_launch_core1_with_stack>
20004400:	bd10      	pop	{r4, pc}
20004402:	2101      	movs	r1, #1
20004404:	4249      	negs	r1, r1
20004406:	e7f7      	b.n	200043f8 <multicore_launch_core1+0xc>
20004408:	20040800 	.word	0x20040800
2000440c:	20040000 	.word	0x20040000

20004410 <flash_get_unique_id>:
20004410:	b570      	push	{r4, r5, r6, lr}
20004412:	b088      	sub	sp, #32
20004414:	0004      	movs	r4, r0
20004416:	ad04      	add	r5, sp, #16
20004418:	220d      	movs	r2, #13
2000441a:	2100      	movs	r1, #0
2000441c:	0028      	movs	r0, r5
2000441e:	f7fe fcdf 	bl	20002de0 <__wrap_memset>
20004422:	220d      	movs	r2, #13
20004424:	2100      	movs	r1, #0
20004426:	4668      	mov	r0, sp
20004428:	f7fe fcda 	bl	20002de0 <__wrap_memset>
2000442c:	234b      	movs	r3, #75	@ 0x4b
2000442e:	702b      	strb	r3, [r5, #0]
20004430:	2300      	movs	r3, #0
20004432:	220d      	movs	r2, #13
20004434:	4669      	mov	r1, sp
20004436:	0028      	movs	r0, r5
20004438:	f002 f994 	bl	20006764 <flash_do_cmd_cs>
2000443c:	2300      	movs	r3, #0
2000443e:	e004      	b.n	2000444a <flash_get_unique_id+0x3a>
20004440:	1d5a      	adds	r2, r3, #5
20004442:	4669      	mov	r1, sp
20004444:	5c8a      	ldrb	r2, [r1, r2]
20004446:	54e2      	strb	r2, [r4, r3]
20004448:	3301      	adds	r3, #1
2000444a:	2b07      	cmp	r3, #7
2000444c:	ddf8      	ble.n	20004440 <flash_get_unique_id+0x30>
2000444e:	b008      	add	sp, #32
20004450:	bd70      	pop	{r4, r5, r6, pc}
	...

20004454 <hw_endpoint_init>:
20004454:	b530      	push	{r4, r5, lr}
20004456:	b083      	sub	sp, #12
20004458:	0004      	movs	r4, r0
2000445a:	000d      	movs	r5, r1
2000445c:	4694      	mov	ip, r2
2000445e:	237f      	movs	r3, #127	@ 0x7f
20004460:	4003      	ands	r3, r0
20004462:	09c2      	lsrs	r2, r0, #7
20004464:	4829      	ldr	r0, [pc, #164]	@ (2000450c <hw_endpoint_init+0xb8>)
20004466:	0059      	lsls	r1, r3, #1
20004468:	1889      	adds	r1, r1, r2
2000446a:	0149      	lsls	r1, r1, #5
2000446c:	1840      	adds	r0, r0, r1
2000446e:	7084      	strb	r4, [r0, #2]
20004470:	4251      	negs	r1, r2
20004472:	4151      	adcs	r1, r2
20004474:	7041      	strb	r1, [r0, #1]
20004476:	2100      	movs	r1, #0
20004478:	70c1      	strb	r1, [r0, #3]
2000447a:	8305      	strh	r5, [r0, #24]
2000447c:	4661      	mov	r1, ip
2000447e:	76c1      	strb	r1, [r0, #27]
20004480:	2a01      	cmp	r2, #1
20004482:	d01e      	beq.n	200044c2 <hw_endpoint_init+0x6e>
20004484:	00dc      	lsls	r4, r3, #3
20004486:	4922      	ldr	r1, [pc, #136]	@ (20004510 <hw_endpoint_init+0xbc>)
20004488:	468c      	mov	ip, r1
2000448a:	4464      	add	r4, ip
2000448c:	491f      	ldr	r1, [pc, #124]	@ (2000450c <hw_endpoint_init+0xb8>)
2000448e:	0058      	lsls	r0, r3, #1
20004490:	1880      	adds	r0, r0, r2
20004492:	0140      	lsls	r0, r0, #5
20004494:	1809      	adds	r1, r1, r0
20004496:	608c      	str	r4, [r1, #8]
20004498:	491c      	ldr	r1, [pc, #112]	@ (2000450c <hw_endpoint_init+0xb8>)
2000449a:	0058      	lsls	r0, r3, #1
2000449c:	1880      	adds	r0, r0, r2
2000449e:	0140      	lsls	r0, r0, #5
200044a0:	1809      	adds	r1, r1, r0
200044a2:	6889      	ldr	r1, [r1, #8]
200044a4:	2000      	movs	r0, #0
200044a6:	6008      	str	r0, [r1, #0]
200044a8:	2b00      	cmp	r3, #0
200044aa:	d115      	bne.n	200044d8 <hw_endpoint_init+0x84>
200044ac:	4917      	ldr	r1, [pc, #92]	@ (2000450c <hw_endpoint_init+0xb8>)
200044ae:	005b      	lsls	r3, r3, #1
200044b0:	189b      	adds	r3, r3, r2
200044b2:	015b      	lsls	r3, r3, #5
200044b4:	18cb      	adds	r3, r1, r3
200044b6:	2200      	movs	r2, #0
200044b8:	605a      	str	r2, [r3, #4]
200044ba:	4a16      	ldr	r2, [pc, #88]	@ (20004514 <hw_endpoint_init+0xc0>)
200044bc:	60da      	str	r2, [r3, #12]
200044be:	b003      	add	sp, #12
200044c0:	bd30      	pop	{r4, r5, pc}
200044c2:	00dc      	lsls	r4, r3, #3
200044c4:	4914      	ldr	r1, [pc, #80]	@ (20004518 <hw_endpoint_init+0xc4>)
200044c6:	468c      	mov	ip, r1
200044c8:	4464      	add	r4, ip
200044ca:	4910      	ldr	r1, [pc, #64]	@ (2000450c <hw_endpoint_init+0xb8>)
200044cc:	0058      	lsls	r0, r3, #1
200044ce:	1880      	adds	r0, r0, r2
200044d0:	0140      	lsls	r0, r0, #5
200044d2:	1809      	adds	r1, r1, r0
200044d4:	608c      	str	r4, [r1, #8]
200044d6:	e7df      	b.n	20004498 <hw_endpoint_init+0x44>
200044d8:	2a01      	cmp	r2, #1
200044da:	d00b      	beq.n	200044f4 <hw_endpoint_init+0xa0>
200044dc:	1e58      	subs	r0, r3, #1
200044de:	00c0      	lsls	r0, r0, #3
200044e0:	490e      	ldr	r1, [pc, #56]	@ (2000451c <hw_endpoint_init+0xc8>)
200044e2:	468c      	mov	ip, r1
200044e4:	4460      	add	r0, ip
200044e6:	4909      	ldr	r1, [pc, #36]	@ (2000450c <hw_endpoint_init+0xb8>)
200044e8:	005b      	lsls	r3, r3, #1
200044ea:	189b      	adds	r3, r3, r2
200044ec:	015b      	lsls	r3, r3, #5
200044ee:	18c9      	adds	r1, r1, r3
200044f0:	6048      	str	r0, [r1, #4]
200044f2:	e7e4      	b.n	200044be <hw_endpoint_init+0x6a>
200044f4:	1e58      	subs	r0, r3, #1
200044f6:	00c0      	lsls	r0, r0, #3
200044f8:	4909      	ldr	r1, [pc, #36]	@ (20004520 <hw_endpoint_init+0xcc>)
200044fa:	468c      	mov	ip, r1
200044fc:	4460      	add	r0, ip
200044fe:	4903      	ldr	r1, [pc, #12]	@ (2000450c <hw_endpoint_init+0xb8>)
20004500:	005b      	lsls	r3, r3, #1
20004502:	189b      	adds	r3, r3, r2
20004504:	015b      	lsls	r3, r3, #5
20004506:	18c9      	adds	r1, r1, r3
20004508:	6048      	str	r0, [r1, #4]
2000450a:	e7d8      	b.n	200044be <hw_endpoint_init+0x6a>
2000450c:	2000a0cc 	.word	0x2000a0cc
20004510:	50100084 	.word	0x50100084
20004514:	50100100 	.word	0x50100100
20004518:	50100080 	.word	0x50100080
2000451c:	5010000c 	.word	0x5010000c
20004520:	50100008 	.word	0x50100008

20004524 <hw_endpoint_alloc>:
20004524:	b510      	push	{r4, lr}
20004526:	8b03      	ldrh	r3, [r0, #24]
20004528:	333f      	adds	r3, #63	@ 0x3f
2000452a:	099b      	lsrs	r3, r3, #6
2000452c:	0199      	lsls	r1, r3, #6
2000452e:	7ec2      	ldrb	r2, [r0, #27]
20004530:	2a02      	cmp	r2, #2
20004532:	d008      	beq.n	20004546 <hw_endpoint_alloc+0x22>
20004534:	4a08      	ldr	r2, [pc, #32]	@ (20004558 <hw_endpoint_alloc+0x34>)
20004536:	6813      	ldr	r3, [r2, #0]
20004538:	60c3      	str	r3, [r0, #12]
2000453a:	185b      	adds	r3, r3, r1
2000453c:	6013      	str	r3, [r2, #0]
2000453e:	4a07      	ldr	r2, [pc, #28]	@ (2000455c <hw_endpoint_alloc+0x38>)
20004540:	4293      	cmp	r3, r2
20004542:	d802      	bhi.n	2000454a <hw_endpoint_alloc+0x26>
20004544:	bd10      	pop	{r4, pc}
20004546:	01d9      	lsls	r1, r3, #7
20004548:	e7f4      	b.n	20004534 <hw_endpoint_alloc+0x10>
2000454a:	4b05      	ldr	r3, [pc, #20]	@ (20004560 <hw_endpoint_alloc+0x3c>)
2000454c:	4a05      	ldr	r2, [pc, #20]	@ (20004564 <hw_endpoint_alloc+0x40>)
2000454e:	4806      	ldr	r0, [pc, #24]	@ (20004568 <hw_endpoint_alloc+0x44>)
20004550:	2152      	movs	r1, #82	@ 0x52
20004552:	f7ff fd63 	bl	2000401c <__assert_func>
20004556:	46c0      	nop			@ (mov r8, r8)
20004558:	2000a4cc 	.word	0x2000a4cc
2000455c:	50100fff 	.word	0x50100fff
20004560:	200079b4 	.word	0x200079b4
20004564:	20007e00 	.word	0x20007e00
20004568:	200079f8 	.word	0x200079f8

2000456c <hw_endpoint_open>:
2000456c:	b5f8      	push	{r3, r4, r5, r6, r7, lr}
2000456e:	247f      	movs	r4, #127	@ 0x7f
20004570:	4004      	ands	r4, r0
20004572:	09c5      	lsrs	r5, r0, #7
20004574:	0063      	lsls	r3, r4, #1
20004576:	195b      	adds	r3, r3, r5
20004578:	015b      	lsls	r3, r3, #5
2000457a:	4e0f      	ldr	r6, [pc, #60]	@ (200045b8 <hw_endpoint_open+0x4c>)
2000457c:	46b4      	mov	ip, r6
2000457e:	4463      	add	r3, ip
20004580:	001e      	movs	r6, r3
20004582:	f7ff ff67 	bl	20004454 <hw_endpoint_init>
20004586:	2c00      	cmp	r4, #0
20004588:	d100      	bne.n	2000458c <hw_endpoint_open+0x20>
2000458a:	bdf8      	pop	{r3, r4, r5, r6, r7, pc}
2000458c:	4b0a      	ldr	r3, [pc, #40]	@ (200045b8 <hw_endpoint_open+0x4c>)
2000458e:	0064      	lsls	r4, r4, #1
20004590:	1964      	adds	r4, r4, r5
20004592:	0164      	lsls	r4, r4, #5
20004594:	191c      	adds	r4, r3, r4
20004596:	8b21      	ldrh	r1, [r4, #24]
20004598:	0030      	movs	r0, r6
2000459a:	f7ff ffc3 	bl	20004524 <hw_endpoint_alloc>
2000459e:	7ee3      	ldrb	r3, [r4, #27]
200045a0:	069b      	lsls	r3, r3, #26
200045a2:	68e1      	ldr	r1, [r4, #12]
200045a4:	4a05      	ldr	r2, [pc, #20]	@ (200045bc <hw_endpoint_open+0x50>)
200045a6:	404a      	eors	r2, r1
200045a8:	4313      	orrs	r3, r2
200045aa:	2280      	movs	r2, #128	@ 0x80
200045ac:	0612      	lsls	r2, r2, #24
200045ae:	4313      	orrs	r3, r2
200045b0:	6862      	ldr	r2, [r4, #4]
200045b2:	6013      	str	r3, [r2, #0]
200045b4:	e7e9      	b.n	2000458a <hw_endpoint_open+0x1e>
200045b6:	46c0      	nop			@ (mov r8, r8)
200045b8:	2000a0cc 	.word	0x2000a0cc
200045bc:	50100000 	.word	0x50100000

200045c0 <hw_endpoint_xfer>:
200045c0:	b510      	push	{r4, lr}
200045c2:	0003      	movs	r3, r0
200045c4:	207f      	movs	r0, #127	@ 0x7f
200045c6:	4018      	ands	r0, r3
200045c8:	09db      	lsrs	r3, r3, #7
200045ca:	469c      	mov	ip, r3
200045cc:	0040      	lsls	r0, r0, #1
200045ce:	4460      	add	r0, ip
200045d0:	0140      	lsls	r0, r0, #5
200045d2:	4b02      	ldr	r3, [pc, #8]	@ (200045dc <hw_endpoint_xfer+0x1c>)
200045d4:	18c0      	adds	r0, r0, r3
200045d6:	f000 f92f 	bl	20004838 <hw_endpoint_xfer_start>
200045da:	bd10      	pop	{r4, pc}
200045dc:	2000a0cc 	.word	0x2000a0cc

200045e0 <dcd_int_enable>:
200045e0:	b510      	push	{r4, lr}
200045e2:	2800      	cmp	r0, #0
200045e4:	d104      	bne.n	200045f0 <dcd_int_enable+0x10>
200045e6:	2101      	movs	r1, #1
200045e8:	2005      	movs	r0, #5
200045ea:	f7fc faff 	bl	20000bec <irq_set_enabled>
200045ee:	bd10      	pop	{r4, pc}
200045f0:	4b03      	ldr	r3, [pc, #12]	@ (20004600 <dcd_int_enable+0x20>)
200045f2:	4a04      	ldr	r2, [pc, #16]	@ (20004604 <dcd_int_enable+0x24>)
200045f4:	2198      	movs	r1, #152	@ 0x98
200045f6:	4804      	ldr	r0, [pc, #16]	@ (20004608 <dcd_int_enable+0x28>)
200045f8:	31ff      	adds	r1, #255	@ 0xff
200045fa:	f7ff fd0f 	bl	2000401c <__assert_func>
200045fe:	46c0      	nop			@ (mov r8, r8)
20004600:	20007a68 	.word	0x20007a68
20004604:	20007df0 	.word	0x20007df0
20004608:	200079f8 	.word	0x200079f8

2000460c <dcd_set_address>:
2000460c:	b510      	push	{r4, lr}
2000460e:	2800      	cmp	r0, #0
20004610:	d105      	bne.n	2000461e <dcd_set_address+0x12>
20004612:	2200      	movs	r2, #0
20004614:	2100      	movs	r1, #0
20004616:	2080      	movs	r0, #128	@ 0x80
20004618:	f7ff ffd2 	bl	200045c0 <hw_endpoint_xfer>
2000461c:	bd10      	pop	{r4, pc}
2000461e:	4b03      	ldr	r3, [pc, #12]	@ (2000462c <dcd_set_address+0x20>)
20004620:	4a03      	ldr	r2, [pc, #12]	@ (20004630 <dcd_set_address+0x24>)
20004622:	21a2      	movs	r1, #162	@ 0xa2
20004624:	4803      	ldr	r0, [pc, #12]	@ (20004634 <dcd_set_address+0x28>)
20004626:	31ff      	adds	r1, #255	@ 0xff
20004628:	f7ff fcf8 	bl	2000401c <__assert_func>
2000462c:	20007a68 	.word	0x20007a68
20004630:	20007de0 	.word	0x20007de0
20004634:	200079f8 	.word	0x200079f8

20004638 <dcd_connect>:
20004638:	4b02      	ldr	r3, [pc, #8]	@ (20004644 <dcd_connect+0xc>)
2000463a:	2280      	movs	r2, #128	@ 0x80
2000463c:	0252      	lsls	r2, r2, #9
2000463e:	64da      	str	r2, [r3, #76]	@ 0x4c
20004640:	4770      	bx	lr
20004642:	46c0      	nop			@ (mov r8, r8)
20004644:	50112000 	.word	0x50112000

20004648 <dcd_init>:
20004648:	b570      	push	{r4, r5, r6, lr}
2000464a:	1e04      	subs	r4, r0, #0
2000464c:	d127      	bne.n	2000469e <dcd_init+0x56>
2000464e:	f000 f8d1 	bl	200047f4 <rp2040_usb_init>
20004652:	4d16      	ldr	r5, [pc, #88]	@ (200046ac <dcd_init+0x64>)
20004654:	230c      	movs	r3, #12
20004656:	67ab      	str	r3, [r5, #120]	@ 0x78
20004658:	4915      	ldr	r1, [pc, #84]	@ (200046b0 <dcd_init+0x68>)
2000465a:	22ff      	movs	r2, #255	@ 0xff
2000465c:	2005      	movs	r0, #5
2000465e:	f7fc fb03 	bl	20000c68 <irq_add_shared_handler>
20004662:	4814      	ldr	r0, [pc, #80]	@ (200046b4 <dcd_init+0x6c>)
20004664:	2240      	movs	r2, #64	@ 0x40
20004666:	2100      	movs	r1, #0
20004668:	f7fe fbba 	bl	20002de0 <__wrap_memset>
2000466c:	2200      	movs	r2, #0
2000466e:	2140      	movs	r1, #64	@ 0x40
20004670:	2000      	movs	r0, #0
20004672:	f7ff ff7b 	bl	2000456c <hw_endpoint_open>
20004676:	2200      	movs	r2, #0
20004678:	2140      	movs	r1, #64	@ 0x40
2000467a:	2080      	movs	r0, #128	@ 0x80
2000467c:	f7ff ff76 	bl	2000456c <hw_endpoint_open>
20004680:	f002 f8f2 	bl	20006868 <reset_non_control_endpoints>
20004684:	2301      	movs	r3, #1
20004686:	642b      	str	r3, [r5, #64]	@ 0x40
20004688:	2380      	movs	r3, #128	@ 0x80
2000468a:	059b      	lsls	r3, r3, #22
2000468c:	64eb      	str	r3, [r5, #76]	@ 0x4c
2000468e:	2390      	movs	r3, #144	@ 0x90
20004690:	4a09      	ldr	r2, [pc, #36]	@ (200046b8 <dcd_init+0x70>)
20004692:	50ea      	str	r2, [r5, r3]
20004694:	0020      	movs	r0, r4
20004696:	f7ff ffcf 	bl	20004638 <dcd_connect>
2000469a:	2001      	movs	r0, #1
2000469c:	bd70      	pop	{r4, r5, r6, pc}
2000469e:	4b07      	ldr	r3, [pc, #28]	@ (200046bc <dcd_init+0x74>)
200046a0:	4a07      	ldr	r2, [pc, #28]	@ (200046c0 <dcd_init+0x78>)
200046a2:	2164      	movs	r1, #100	@ 0x64
200046a4:	4807      	ldr	r0, [pc, #28]	@ (200046c4 <dcd_init+0x7c>)
200046a6:	31ff      	adds	r1, #255	@ 0xff
200046a8:	f7ff fcb8 	bl	2000401c <__assert_func>
200046ac:	50110000 	.word	0x50110000
200046b0:	20006945 	.word	0x20006945
200046b4:	2000a0cc 	.word	0x2000a0cc
200046b8:	0001d010 	.word	0x0001d010
200046bc:	20007a68 	.word	0x20007a68
200046c0:	20007e14 	.word	0x20007e14
200046c4:	200079f8 	.word	0x200079f8

200046c8 <dcd_sof_enable>:
200046c8:	4b04      	ldr	r3, [pc, #16]	@ (200046dc <dcd_sof_enable+0x14>)
200046ca:	7019      	strb	r1, [r3, #0]
200046cc:	2900      	cmp	r1, #0
200046ce:	d004      	beq.n	200046da <dcd_sof_enable+0x12>
200046d0:	4a03      	ldr	r2, [pc, #12]	@ (200046e0 <dcd_sof_enable+0x18>)
200046d2:	2390      	movs	r3, #144	@ 0x90
200046d4:	2180      	movs	r1, #128	@ 0x80
200046d6:	0289      	lsls	r1, r1, #10
200046d8:	50d1      	str	r1, [r2, r3]
200046da:	4770      	bx	lr
200046dc:	2000a6ed 	.word	0x2000a6ed
200046e0:	50112000 	.word	0x50112000

200046e4 <dcd_edpt0_status_complete>:
200046e4:	780b      	ldrb	r3, [r1, #0]
200046e6:	06da      	lsls	r2, r3, #27
200046e8:	d105      	bne.n	200046f6 <dcd_edpt0_status_complete+0x12>
200046ea:	2260      	movs	r2, #96	@ 0x60
200046ec:	421a      	tst	r2, r3
200046ee:	d102      	bne.n	200046f6 <dcd_edpt0_status_complete+0x12>
200046f0:	784b      	ldrb	r3, [r1, #1]
200046f2:	2b05      	cmp	r3, #5
200046f4:	d000      	beq.n	200046f8 <dcd_edpt0_status_complete+0x14>
200046f6:	4770      	bx	lr
200046f8:	788a      	ldrb	r2, [r1, #2]
200046fa:	78cb      	ldrb	r3, [r1, #3]
200046fc:	021b      	lsls	r3, r3, #8
200046fe:	4313      	orrs	r3, r2
20004700:	22ff      	movs	r2, #255	@ 0xff
20004702:	4013      	ands	r3, r2
20004704:	4a01      	ldr	r2, [pc, #4]	@ (2000470c <dcd_edpt0_status_complete+0x28>)
20004706:	6013      	str	r3, [r2, #0]
20004708:	e7f5      	b.n	200046f6 <dcd_edpt0_status_complete+0x12>
2000470a:	46c0      	nop			@ (mov r8, r8)
2000470c:	50110000 	.word	0x50110000

20004710 <dcd_edpt_open>:
20004710:	b510      	push	{r4, lr}
20004712:	78ca      	ldrb	r2, [r1, #3]
20004714:	0792      	lsls	r2, r2, #30
20004716:	0f92      	lsrs	r2, r2, #30
20004718:	2a01      	cmp	r2, #1
2000471a:	d00a      	beq.n	20004732 <dcd_edpt_open+0x22>
2000471c:	7888      	ldrb	r0, [r1, #2]
2000471e:	790b      	ldrb	r3, [r1, #4]
20004720:	7949      	ldrb	r1, [r1, #5]
20004722:	0209      	lsls	r1, r1, #8
20004724:	4319      	orrs	r1, r3
20004726:	0549      	lsls	r1, r1, #21
20004728:	0d49      	lsrs	r1, r1, #21
2000472a:	f7ff ff1f 	bl	2000456c <hw_endpoint_open>
2000472e:	2001      	movs	r0, #1
20004730:	bd10      	pop	{r4, pc}
20004732:	2000      	movs	r0, #0
20004734:	e7fc      	b.n	20004730 <dcd_edpt_open+0x20>

20004736 <dcd_edpt_close_all>:
20004736:	b510      	push	{r4, lr}
20004738:	f002 f896 	bl	20006868 <reset_non_control_endpoints>
2000473c:	bd10      	pop	{r4, pc}
	...

20004740 <dcd_edpt_xfer>:
20004740:	b510      	push	{r4, lr}
20004742:	4684      	mov	ip, r0
20004744:	0008      	movs	r0, r1
20004746:	0011      	movs	r1, r2
20004748:	001a      	movs	r2, r3
2000474a:	4663      	mov	r3, ip
2000474c:	2b00      	cmp	r3, #0
2000474e:	d103      	bne.n	20004758 <dcd_edpt_xfer+0x18>
20004750:	f7ff ff36 	bl	200045c0 <hw_endpoint_xfer>
20004754:	2001      	movs	r0, #1
20004756:	bd10      	pop	{r4, pc}
20004758:	4b03      	ldr	r3, [pc, #12]	@ (20004768 <dcd_edpt_xfer+0x28>)
2000475a:	4a04      	ldr	r2, [pc, #16]	@ (2000476c <dcd_edpt_xfer+0x2c>)
2000475c:	2181      	movs	r1, #129	@ 0x81
2000475e:	4804      	ldr	r0, [pc, #16]	@ (20004770 <dcd_edpt_xfer+0x30>)
20004760:	0089      	lsls	r1, r1, #2
20004762:	f7ff fc5b 	bl	2000401c <__assert_func>
20004766:	46c0      	nop			@ (mov r8, r8)
20004768:	20007a68 	.word	0x20007a68
2000476c:	20007dd0 	.word	0x20007dd0
20004770:	200079f8 	.word	0x200079f8

20004774 <dcd_edpt_stall>:
20004774:	b510      	push	{r4, lr}
20004776:	237f      	movs	r3, #127	@ 0x7f
20004778:	0018      	movs	r0, r3
2000477a:	4008      	ands	r0, r1
2000477c:	420b      	tst	r3, r1
2000477e:	d105      	bne.n	2000478c <dcd_edpt_stall+0x18>
20004780:	09cb      	lsrs	r3, r1, #7
20004782:	2b01      	cmp	r3, #1
20004784:	d00e      	beq.n	200047a4 <dcd_edpt_stall+0x30>
20004786:	2202      	movs	r2, #2
20004788:	4b07      	ldr	r3, [pc, #28]	@ (200047a8 <dcd_edpt_stall+0x34>)
2000478a:	669a      	str	r2, [r3, #104]	@ 0x68
2000478c:	09c9      	lsrs	r1, r1, #7
2000478e:	0040      	lsls	r0, r0, #1
20004790:	1840      	adds	r0, r0, r1
20004792:	0140      	lsls	r0, r0, #5
20004794:	4b05      	ldr	r3, [pc, #20]	@ (200047ac <dcd_edpt_stall+0x38>)
20004796:	18c0      	adds	r0, r0, r3
20004798:	2280      	movs	r2, #128	@ 0x80
2000479a:	0112      	lsls	r2, r2, #4
2000479c:	2100      	movs	r1, #0
2000479e:	f002 fa89 	bl	20006cb4 <_hw_endpoint_buffer_control_update32>
200047a2:	bd10      	pop	{r4, pc}
200047a4:	2201      	movs	r2, #1
200047a6:	e7ef      	b.n	20004788 <dcd_edpt_stall+0x14>
200047a8:	50112000 	.word	0x50112000
200047ac:	2000a0cc 	.word	0x2000a0cc

200047b0 <dcd_edpt_clear_stall>:
200047b0:	b510      	push	{r4, lr}
200047b2:	227f      	movs	r2, #127	@ 0x7f
200047b4:	0010      	movs	r0, r2
200047b6:	4008      	ands	r0, r1
200047b8:	420a      	tst	r2, r1
200047ba:	d100      	bne.n	200047be <dcd_edpt_clear_stall+0xe>
200047bc:	bd10      	pop	{r4, pc}
200047be:	09c9      	lsrs	r1, r1, #7
200047c0:	0040      	lsls	r0, r0, #1
200047c2:	1840      	adds	r0, r0, r1
200047c4:	0140      	lsls	r0, r0, #5
200047c6:	4b04      	ldr	r3, [pc, #16]	@ (200047d8 <dcd_edpt_clear_stall+0x28>)
200047c8:	18c0      	adds	r0, r0, r3
200047ca:	2300      	movs	r3, #0
200047cc:	70c3      	strb	r3, [r0, #3]
200047ce:	2200      	movs	r2, #0
200047d0:	4902      	ldr	r1, [pc, #8]	@ (200047dc <dcd_edpt_clear_stall+0x2c>)
200047d2:	f002 fa6f 	bl	20006cb4 <_hw_endpoint_buffer_control_update32>
200047d6:	e7f1      	b.n	200047bc <dcd_edpt_clear_stall+0xc>
200047d8:	2000a0cc 	.word	0x2000a0cc
200047dc:	fffff7ff 	.word	0xfffff7ff

200047e0 <unaligned_memcpy>:
200047e0:	e004      	b.n	200047ec <unaligned_memcpy+0xc>
200047e2:	780a      	ldrb	r2, [r1, #0]
200047e4:	7002      	strb	r2, [r0, #0]
200047e6:	3101      	adds	r1, #1
200047e8:	3001      	adds	r0, #1
200047ea:	001a      	movs	r2, r3
200047ec:	1e53      	subs	r3, r2, #1
200047ee:	2a00      	cmp	r2, #0
200047f0:	d1f7      	bne.n	200047e2 <unaligned_memcpy+0x2>
200047f2:	4770      	bx	lr

200047f4 <rp2040_usb_init>:
200047f4:	b510      	push	{r4, lr}
200047f6:	2380      	movs	r3, #128	@ 0x80
200047f8:	045b      	lsls	r3, r3, #17
200047fa:	4a0a      	ldr	r2, [pc, #40]	@ (20004824 <rp2040_usb_init+0x30>)
200047fc:	6013      	str	r3, [r2, #0]
200047fe:	4a0a      	ldr	r2, [pc, #40]	@ (20004828 <rp2040_usb_init+0x34>)
20004800:	6013      	str	r3, [r2, #0]
20004802:	4b0a      	ldr	r3, [pc, #40]	@ (2000482c <rp2040_usb_init+0x38>)
20004804:	681a      	ldr	r2, [r3, #0]
20004806:	2380      	movs	r3, #128	@ 0x80
20004808:	045b      	lsls	r3, r3, #17
2000480a:	4393      	bics	r3, r2
2000480c:	d1f9      	bne.n	20004802 <rp2040_usb_init+0xe>
2000480e:	2280      	movs	r2, #128	@ 0x80
20004810:	0152      	lsls	r2, r2, #5
20004812:	2100      	movs	r1, #0
20004814:	4806      	ldr	r0, [pc, #24]	@ (20004830 <rp2040_usb_init+0x3c>)
20004816:	f7fe fae3 	bl	20002de0 <__wrap_memset>
2000481a:	4b06      	ldr	r3, [pc, #24]	@ (20004834 <rp2040_usb_init+0x40>)
2000481c:	2209      	movs	r2, #9
2000481e:	675a      	str	r2, [r3, #116]	@ 0x74
20004820:	bd10      	pop	{r4, pc}
20004822:	46c0      	nop			@ (mov r8, r8)
20004824:	4000e000 	.word	0x4000e000
20004828:	4000f000 	.word	0x4000f000
2000482c:	4000c008 	.word	0x4000c008
20004830:	50100000 	.word	0x50100000
20004834:	50110000 	.word	0x50110000

20004838 <hw_endpoint_xfer_start>:
20004838:	b570      	push	{r4, r5, r6, lr}
2000483a:	0004      	movs	r4, r0
2000483c:	000d      	movs	r5, r1
2000483e:	0016      	movs	r6, r2
20004840:	7e83      	ldrb	r3, [r0, #26]
20004842:	2b00      	cmp	r3, #0
20004844:	d117      	bne.n	20004876 <hw_endpoint_xfer_start+0x3e>
20004846:	82a6      	strh	r6, [r4, #20]
20004848:	2300      	movs	r3, #0
2000484a:	82e3      	strh	r3, [r4, #22]
2000484c:	3301      	adds	r3, #1
2000484e:	76a3      	strb	r3, [r4, #26]
20004850:	6125      	str	r5, [r4, #16]
20004852:	0020      	movs	r0, r4
20004854:	f002 f9aa 	bl	20006bac <e15_is_bulkin_ep>
20004858:	2800      	cmp	r0, #0
2000485a:	d004      	beq.n	20004866 <hw_endpoint_xfer_start+0x2e>
2000485c:	4a09      	ldr	r2, [pc, #36]	@ (20004884 <hw_endpoint_xfer_start+0x4c>)
2000485e:	2390      	movs	r3, #144	@ 0x90
20004860:	2180      	movs	r1, #128	@ 0x80
20004862:	0289      	lsls	r1, r1, #10
20004864:	50d1      	str	r1, [r2, r3]
20004866:	0020      	movs	r0, r4
20004868:	f002 f9b6 	bl	20006bd8 <e15_is_critical_frame_period>
2000486c:	2800      	cmp	r0, #0
2000486e:	d005      	beq.n	2000487c <hw_endpoint_xfer_start+0x44>
20004870:	2301      	movs	r3, #1
20004872:	7723      	strb	r3, [r4, #28]
20004874:	bd70      	pop	{r4, r5, r6, pc}
20004876:	f002 fa17 	bl	20006ca8 <hw_endpoint_reset_transfer>
2000487a:	e7e4      	b.n	20004846 <hw_endpoint_xfer_start+0xe>
2000487c:	0020      	movs	r0, r4
2000487e:	f002 fa3f 	bl	20006d00 <hw_endpoint_start_next_buffer>
20004882:	e7f7      	b.n	20004874 <hw_endpoint_xfer_start+0x3c>
20004884:	50112000 	.word	0x50112000

20004888 <tud_vendor_control_xfer_cb>:
20004888:	2000      	movs	r0, #0
2000488a:	4770      	bx	lr

2000488c <configuration_reset>:
2000488c:	b570      	push	{r4, r5, r6, lr}
2000488e:	0005      	movs	r5, r0
20004890:	2400      	movs	r4, #0
20004892:	e008      	b.n	200048a6 <configuration_reset+0x1a>
20004894:	1ae3      	subs	r3, r4, r3
20004896:	015b      	lsls	r3, r3, #5
20004898:	4a12      	ldr	r2, [pc, #72]	@ (200048e4 <configuration_reset+0x58>)
2000489a:	189b      	adds	r3, r3, r2
2000489c:	68db      	ldr	r3, [r3, #12]
2000489e:	0028      	movs	r0, r5
200048a0:	4798      	blx	r3
200048a2:	3401      	adds	r4, #1
200048a4:	b2e4      	uxtb	r4, r4
200048a6:	4b10      	ldr	r3, [pc, #64]	@ (200048e8 <configuration_reset+0x5c>)
200048a8:	781b      	ldrb	r3, [r3, #0]
200048aa:	42a3      	cmp	r3, r4
200048ac:	d307      	bcc.n	200048be <configuration_reset+0x32>
200048ae:	d9f1      	bls.n	20004894 <configuration_reset+0x8>
200048b0:	4b0e      	ldr	r3, [pc, #56]	@ (200048ec <configuration_reset+0x60>)
200048b2:	681b      	ldr	r3, [r3, #0]
200048b4:	0162      	lsls	r2, r4, #5
200048b6:	189b      	adds	r3, r3, r2
200048b8:	2b00      	cmp	r3, #0
200048ba:	d1ef      	bne.n	2000489c <configuration_reset+0x10>
200048bc:	e010      	b.n	200048e0 <configuration_reset+0x54>
200048be:	4c0c      	ldr	r4, [pc, #48]	@ (200048f0 <configuration_reset+0x64>)
200048c0:	2254      	movs	r2, #84	@ 0x54
200048c2:	2100      	movs	r1, #0
200048c4:	0020      	movs	r0, r4
200048c6:	f7fe fa8b 	bl	20002de0 <__wrap_memset>
200048ca:	1d20      	adds	r0, r4, #4
200048cc:	2210      	movs	r2, #16
200048ce:	21ff      	movs	r1, #255	@ 0xff
200048d0:	f7fe fa86 	bl	20002de0 <__wrap_memset>
200048d4:	0020      	movs	r0, r4
200048d6:	3014      	adds	r0, #20
200048d8:	2220      	movs	r2, #32
200048da:	21ff      	movs	r1, #255	@ 0xff
200048dc:	f7fe fa80 	bl	20002de0 <__wrap_memset>
200048e0:	bd70      	pop	{r4, r5, r6, pc}
200048e2:	46c0      	nop			@ (mov r8, r8)
200048e4:	20007e30 	.word	0x20007e30
200048e8:	2000a6ec 	.word	0x2000a6ec
200048ec:	20009518 	.word	0x20009518
200048f0:	20009e48 	.word	0x20009e48

200048f4 <usbd_reset>:
200048f4:	b510      	push	{r4, lr}
200048f6:	f7ff ffc9 	bl	2000488c <configuration_reset>
200048fa:	f000 fdb7 	bl	2000546c <usbd_control_reset>
200048fe:	bd10      	pop	{r4, pc}

20004900 <invoke_class_control>:
20004900:	b570      	push	{r4, r5, r6, lr}
20004902:	0006      	movs	r6, r0
20004904:	000c      	movs	r4, r1
20004906:	0015      	movs	r5, r2
20004908:	6948      	ldr	r0, [r1, #20]
2000490a:	f000 fdb9 	bl	20005480 <usbd_control_set_complete_callback>
2000490e:	6963      	ldr	r3, [r4, #20]
20004910:	002a      	movs	r2, r5
20004912:	2101      	movs	r1, #1
20004914:	0030      	movs	r0, r6
20004916:	4798      	blx	r3
20004918:	bd70      	pop	{r4, r5, r6, pc}
	...

2000491c <process_set_config>:
2000491c:	b5f0      	push	{r4, r5, r6, r7, lr}
2000491e:	46de      	mov	lr, fp
20004920:	4657      	mov	r7, sl
20004922:	464e      	mov	r6, r9
20004924:	4645      	mov	r5, r8
20004926:	b5e0      	push	{r5, r6, r7, lr}
20004928:	b083      	sub	sp, #12
2000492a:	4681      	mov	r9, r0
2000492c:	3901      	subs	r1, #1
2000492e:	b2c8      	uxtb	r0, r1
20004930:	f7fb ffa0 	bl	20000874 <tud_descriptor_configuration_cb>
20004934:	2800      	cmp	r0, #0
20004936:	d07a      	beq.n	20004a2e <process_set_config+0x112>
20004938:	7843      	ldrb	r3, [r0, #1]
2000493a:	469b      	mov	fp, r3
2000493c:	2b02      	cmp	r3, #2
2000493e:	d175      	bne.n	20004a2c <process_set_config+0x110>
20004940:	79c5      	ldrb	r5, [r0, #7]
20004942:	116c      	asrs	r4, r5, #5
20004944:	2201      	movs	r2, #1
20004946:	4b40      	ldr	r3, [pc, #256]	@ (20004a48 <process_set_config+0x12c>)
20004948:	4014      	ands	r4, r2
2000494a:	0124      	lsls	r4, r4, #4
2000494c:	7819      	ldrb	r1, [r3, #0]
2000494e:	2610      	movs	r6, #16
20004950:	43b1      	bics	r1, r6
20004952:	4321      	orrs	r1, r4
20004954:	7019      	strb	r1, [r3, #0]
20004956:	11ad      	asrs	r5, r5, #6
20004958:	402a      	ands	r2, r5
2000495a:	0152      	lsls	r2, r2, #5
2000495c:	b2c9      	uxtb	r1, r1
2000495e:	2420      	movs	r4, #32
20004960:	43a1      	bics	r1, r4
20004962:	430a      	orrs	r2, r1
20004964:	701a      	strb	r2, [r3, #0]
20004966:	0006      	movs	r6, r0
20004968:	3609      	adds	r6, #9
2000496a:	7882      	ldrb	r2, [r0, #2]
2000496c:	78c3      	ldrb	r3, [r0, #3]
2000496e:	021b      	lsls	r3, r3, #8
20004970:	4313      	orrs	r3, r2
20004972:	18c3      	adds	r3, r0, r3
20004974:	469a      	mov	sl, r3
20004976:	e048      	b.n	20004a0a <process_set_config+0xee>
20004978:	78f3      	ldrb	r3, [r6, #3]
2000497a:	4698      	mov	r8, r3
2000497c:	7833      	ldrb	r3, [r6, #0]
2000497e:	18f6      	adds	r6, r6, r3
20004980:	e04a      	b.n	20004a18 <process_set_config+0xfc>
20004982:	1b2c      	subs	r4, r5, r4
20004984:	0164      	lsls	r4, r4, #5
20004986:	4b31      	ldr	r3, [pc, #196]	@ (20004a4c <process_set_config+0x130>)
20004988:	18e4      	adds	r4, r4, r3
2000498a:	6923      	ldr	r3, [r4, #16]
2000498c:	003a      	movs	r2, r7
2000498e:	0031      	movs	r1, r6
20004990:	4648      	mov	r0, r9
20004992:	4798      	blx	r3
20004994:	9001      	str	r0, [sp, #4]
20004996:	2808      	cmp	r0, #8
20004998:	d901      	bls.n	2000499e <process_set_config+0x82>
2000499a:	4287      	cmp	r7, r0
2000499c:	d20e      	bcs.n	200049bc <process_set_config+0xa0>
2000499e:	3501      	adds	r5, #1
200049a0:	b2ed      	uxtb	r5, r5
200049a2:	4b2b      	ldr	r3, [pc, #172]	@ (20004a50 <process_set_config+0x134>)
200049a4:	781c      	ldrb	r4, [r3, #0]
200049a6:	42ac      	cmp	r4, r5
200049a8:	d32b      	bcc.n	20004a02 <process_set_config+0xe6>
200049aa:	d9ea      	bls.n	20004982 <process_set_config+0x66>
200049ac:	4b29      	ldr	r3, [pc, #164]	@ (20004a54 <process_set_config+0x138>)
200049ae:	681c      	ldr	r4, [r3, #0]
200049b0:	016b      	lsls	r3, r5, #5
200049b2:	18e4      	adds	r4, r4, r3
200049b4:	2c00      	cmp	r4, #0
200049b6:	d1e8      	bne.n	2000498a <process_set_config+0x6e>
200049b8:	2000      	movs	r0, #0
200049ba:	e038      	b.n	20004a2e <process_set_config+0x112>
200049bc:	4643      	mov	r3, r8
200049be:	2b01      	cmp	r3, #1
200049c0:	d010      	beq.n	200049e4 <process_set_config+0xc8>
200049c2:	2200      	movs	r2, #0
200049c4:	4590      	cmp	r8, r2
200049c6:	d913      	bls.n	200049f0 <process_set_config+0xd4>
200049c8:	78b3      	ldrb	r3, [r6, #2]
200049ca:	189b      	adds	r3, r3, r2
200049cc:	b2db      	uxtb	r3, r3
200049ce:	491e      	ldr	r1, [pc, #120]	@ (20004a48 <process_set_config+0x12c>)
200049d0:	18c9      	adds	r1, r1, r3
200049d2:	7909      	ldrb	r1, [r1, #4]
200049d4:	29ff      	cmp	r1, #255	@ 0xff
200049d6:	d133      	bne.n	20004a40 <process_set_config+0x124>
200049d8:	491b      	ldr	r1, [pc, #108]	@ (20004a48 <process_set_config+0x12c>)
200049da:	18cb      	adds	r3, r1, r3
200049dc:	711d      	strb	r5, [r3, #4]
200049de:	3201      	adds	r2, #1
200049e0:	b2d2      	uxtb	r2, r2
200049e2:	e7ef      	b.n	200049c4 <process_set_config+0xa8>
200049e4:	6922      	ldr	r2, [r4, #16]
200049e6:	4b1c      	ldr	r3, [pc, #112]	@ (20004a58 <process_set_config+0x13c>)
200049e8:	429a      	cmp	r2, r3
200049ea:	d1ea      	bne.n	200049c2 <process_set_config+0xa6>
200049ec:	46d8      	mov	r8, fp
200049ee:	e7e8      	b.n	200049c2 <process_set_config+0xa6>
200049f0:	481a      	ldr	r0, [pc, #104]	@ (20004a5c <process_set_config+0x140>)
200049f2:	002b      	movs	r3, r5
200049f4:	9c01      	ldr	r4, [sp, #4]
200049f6:	0022      	movs	r2, r4
200049f8:	0031      	movs	r1, r6
200049fa:	f001 fa13 	bl	20005e24 <tu_edpt_bind_driver>
200049fe:	46a4      	mov	ip, r4
20004a00:	4466      	add	r6, ip
20004a02:	4b13      	ldr	r3, [pc, #76]	@ (20004a50 <process_set_config+0x134>)
20004a04:	781b      	ldrb	r3, [r3, #0]
20004a06:	42ab      	cmp	r3, r5
20004a08:	d31c      	bcc.n	20004a44 <process_set_config+0x128>
20004a0a:	4556      	cmp	r6, sl
20004a0c:	d20c      	bcs.n	20004a28 <process_set_config+0x10c>
20004a0e:	7873      	ldrb	r3, [r6, #1]
20004a10:	2b0b      	cmp	r3, #11
20004a12:	d0b1      	beq.n	20004978 <process_set_config+0x5c>
20004a14:	2301      	movs	r3, #1
20004a16:	4698      	mov	r8, r3
20004a18:	7873      	ldrb	r3, [r6, #1]
20004a1a:	2b04      	cmp	r3, #4
20004a1c:	d10e      	bne.n	20004a3c <process_set_config+0x120>
20004a1e:	4653      	mov	r3, sl
20004a20:	1b9f      	subs	r7, r3, r6
20004a22:	b2bf      	uxth	r7, r7
20004a24:	2500      	movs	r5, #0
20004a26:	e7bc      	b.n	200049a2 <process_set_config+0x86>
20004a28:	2001      	movs	r0, #1
20004a2a:	e000      	b.n	20004a2e <process_set_config+0x112>
20004a2c:	2000      	movs	r0, #0
20004a2e:	b003      	add	sp, #12
20004a30:	bcf0      	pop	{r4, r5, r6, r7}
20004a32:	46bb      	mov	fp, r7
20004a34:	46b2      	mov	sl, r6
20004a36:	46a9      	mov	r9, r5
20004a38:	46a0      	mov	r8, r4
20004a3a:	bdf0      	pop	{r4, r5, r6, r7, pc}
20004a3c:	2000      	movs	r0, #0
20004a3e:	e7f6      	b.n	20004a2e <process_set_config+0x112>
20004a40:	2000      	movs	r0, #0
20004a42:	e7f4      	b.n	20004a2e <process_set_config+0x112>
20004a44:	2000      	movs	r0, #0
20004a46:	e7f2      	b.n	20004a2e <process_set_config+0x112>
20004a48:	20009e48 	.word	0x20009e48
20004a4c:	20007e30 	.word	0x20007e30
20004a50:	2000a6ec 	.word	0x2000a6ec
20004a54:	20009518 	.word	0x20009518
20004a58:	2000595d 	.word	0x2000595d
20004a5c:	20009e5c 	.word	0x20009e5c

20004a60 <tud_event_hook_cb>:
20004a60:	4770      	bx	lr

20004a62 <tud_sof_cb>:
20004a62:	4770      	bx	lr

20004a64 <tud_descriptor_bos_cb>:
20004a64:	2000      	movs	r0, #0
20004a66:	4770      	bx	lr

20004a68 <tud_descriptor_device_qualifier_cb>:
20004a68:	2000      	movs	r0, #0
20004a6a:	4770      	bx	lr

20004a6c <tud_descriptor_other_speed_configuration_cb>:
20004a6c:	2000      	movs	r0, #0
20004a6e:	4770      	bx	lr

20004a70 <process_get_descriptor>:
20004a70:	b570      	push	{r4, r5, r6, lr}
20004a72:	0005      	movs	r5, r0
20004a74:	000c      	movs	r4, r1
20004a76:	7888      	ldrb	r0, [r1, #2]
20004a78:	78cb      	ldrb	r3, [r1, #3]
20004a7a:	021b      	lsls	r3, r3, #8
20004a7c:	0a1a      	lsrs	r2, r3, #8
20004a7e:	0013      	movs	r3, r2
20004a80:	2a06      	cmp	r2, #6
20004a82:	d048      	beq.n	20004b16 <process_get_descriptor+0xa6>
20004a84:	d811      	bhi.n	20004aaa <process_get_descriptor+0x3a>
20004a86:	2a02      	cmp	r2, #2
20004a88:	d022      	beq.n	20004ad0 <process_get_descriptor+0x60>
20004a8a:	2a03      	cmp	r2, #3
20004a8c:	d035      	beq.n	20004afa <process_get_descriptor+0x8a>
20004a8e:	2a01      	cmp	r2, #1
20004a90:	d109      	bne.n	20004aa6 <process_get_descriptor+0x36>
20004a92:	f7fb feeb 	bl	2000086c <tud_descriptor_device_cb>
20004a96:	1e02      	subs	r2, r0, #0
20004a98:	d047      	beq.n	20004b2a <process_get_descriptor+0xba>
20004a9a:	2312      	movs	r3, #18
20004a9c:	0021      	movs	r1, r4
20004a9e:	0028      	movs	r0, r5
20004aa0:	f000 fcb2 	bl	20005408 <tud_control_xfer>
20004aa4:	e022      	b.n	20004aec <process_get_descriptor+0x7c>
20004aa6:	2000      	movs	r0, #0
20004aa8:	e020      	b.n	20004aec <process_get_descriptor+0x7c>
20004aaa:	2a07      	cmp	r2, #7
20004aac:	d010      	beq.n	20004ad0 <process_get_descriptor+0x60>
20004aae:	2a0f      	cmp	r2, #15
20004ab0:	d10c      	bne.n	20004acc <process_get_descriptor+0x5c>
20004ab2:	f7ff ffd7 	bl	20004a64 <tud_descriptor_bos_cb>
20004ab6:	1e02      	subs	r2, r0, #0
20004ab8:	d039      	beq.n	20004b2e <process_get_descriptor+0xbe>
20004aba:	7881      	ldrb	r1, [r0, #2]
20004abc:	78c3      	ldrb	r3, [r0, #3]
20004abe:	021b      	lsls	r3, r3, #8
20004ac0:	430b      	orrs	r3, r1
20004ac2:	0021      	movs	r1, r4
20004ac4:	0028      	movs	r0, r5
20004ac6:	f000 fc9f 	bl	20005408 <tud_control_xfer>
20004aca:	e00f      	b.n	20004aec <process_get_descriptor+0x7c>
20004acc:	2000      	movs	r0, #0
20004ace:	e00d      	b.n	20004aec <process_get_descriptor+0x7c>
20004ad0:	2b02      	cmp	r3, #2
20004ad2:	d00c      	beq.n	20004aee <process_get_descriptor+0x7e>
20004ad4:	f7ff ffca 	bl	20004a6c <tud_descriptor_other_speed_configuration_cb>
20004ad8:	1e02      	subs	r2, r0, #0
20004ada:	d02a      	beq.n	20004b32 <process_get_descriptor+0xc2>
20004adc:	7891      	ldrb	r1, [r2, #2]
20004ade:	78d3      	ldrb	r3, [r2, #3]
20004ae0:	021b      	lsls	r3, r3, #8
20004ae2:	430b      	orrs	r3, r1
20004ae4:	0021      	movs	r1, r4
20004ae6:	0028      	movs	r0, r5
20004ae8:	f000 fc8e 	bl	20005408 <tud_control_xfer>
20004aec:	bd70      	pop	{r4, r5, r6, pc}
20004aee:	f7fb fec1 	bl	20000874 <tud_descriptor_configuration_cb>
20004af2:	1e02      	subs	r2, r0, #0
20004af4:	d1f2      	bne.n	20004adc <process_get_descriptor+0x6c>
20004af6:	2000      	movs	r0, #0
20004af8:	e7f8      	b.n	20004aec <process_get_descriptor+0x7c>
20004afa:	790b      	ldrb	r3, [r1, #4]
20004afc:	7949      	ldrb	r1, [r1, #5]
20004afe:	0209      	lsls	r1, r1, #8
20004b00:	4319      	orrs	r1, r3
20004b02:	f7fb febb 	bl	2000087c <tud_descriptor_string_cb>
20004b06:	1e02      	subs	r2, r0, #0
20004b08:	d015      	beq.n	20004b36 <process_get_descriptor+0xc6>
20004b0a:	7803      	ldrb	r3, [r0, #0]
20004b0c:	0021      	movs	r1, r4
20004b0e:	0028      	movs	r0, r5
20004b10:	f000 fc7a 	bl	20005408 <tud_control_xfer>
20004b14:	e7ea      	b.n	20004aec <process_get_descriptor+0x7c>
20004b16:	f7ff ffa7 	bl	20004a68 <tud_descriptor_device_qualifier_cb>
20004b1a:	1e02      	subs	r2, r0, #0
20004b1c:	d00d      	beq.n	20004b3a <process_get_descriptor+0xca>
20004b1e:	7803      	ldrb	r3, [r0, #0]
20004b20:	0021      	movs	r1, r4
20004b22:	0028      	movs	r0, r5
20004b24:	f000 fc70 	bl	20005408 <tud_control_xfer>
20004b28:	e7e0      	b.n	20004aec <process_get_descriptor+0x7c>
20004b2a:	2000      	movs	r0, #0
20004b2c:	e7de      	b.n	20004aec <process_get_descriptor+0x7c>
20004b2e:	2000      	movs	r0, #0
20004b30:	e7dc      	b.n	20004aec <process_get_descriptor+0x7c>
20004b32:	2000      	movs	r0, #0
20004b34:	e7da      	b.n	20004aec <process_get_descriptor+0x7c>
20004b36:	2000      	movs	r0, #0
20004b38:	e7d8      	b.n	20004aec <process_get_descriptor+0x7c>
20004b3a:	2000      	movs	r0, #0
20004b3c:	e7d6      	b.n	20004aec <process_get_descriptor+0x7c>

20004b3e <tud_mount_cb>:
20004b3e:	4770      	bx	lr

20004b40 <tud_umount_cb>:
20004b40:	4770      	bx	lr

20004b42 <tud_suspend_cb>:
20004b42:	4770      	bx	lr

20004b44 <tud_resume_cb>:
20004b44:	4770      	bx	lr
	...

20004b48 <tud_mounted>:
20004b48:	4b02      	ldr	r3, [pc, #8]	@ (20004b54 <tud_mounted+0xc>)
20004b4a:	7858      	ldrb	r0, [r3, #1]
20004b4c:	1e43      	subs	r3, r0, #1
20004b4e:	4198      	sbcs	r0, r3
20004b50:	b2c0      	uxtb	r0, r0
20004b52:	4770      	bx	lr
20004b54:	20009e48 	.word	0x20009e48

20004b58 <tud_suspended>:
20004b58:	4b02      	ldr	r3, [pc, #8]	@ (20004b64 <tud_suspended+0xc>)
20004b5a:	7818      	ldrb	r0, [r3, #0]
20004b5c:	0740      	lsls	r0, r0, #29
20004b5e:	0fc0      	lsrs	r0, r0, #31
20004b60:	4770      	bx	lr
20004b62:	46c0      	nop			@ (mov r8, r8)
20004b64:	20009e48 	.word	0x20009e48

20004b68 <tud_inited>:
20004b68:	4b03      	ldr	r3, [pc, #12]	@ (20004b78 <tud_inited+0x10>)
20004b6a:	7818      	ldrb	r0, [r3, #0]
20004b6c:	38ff      	subs	r0, #255	@ 0xff
20004b6e:	1e43      	subs	r3, r0, #1
20004b70:	4198      	sbcs	r0, r3
20004b72:	b2c0      	uxtb	r0, r0
20004b74:	4770      	bx	lr
20004b76:	46c0      	nop			@ (mov r8, r8)
20004b78:	20007f0c 	.word	0x20007f0c

20004b7c <tud_rhport_init>:
20004b7c:	b5f8      	push	{r3, r4, r5, r6, r7, lr}
20004b7e:	0006      	movs	r6, r0
20004b80:	000c      	movs	r4, r1
20004b82:	000f      	movs	r7, r1
20004b84:	f7ff fff0 	bl	20004b68 <tud_inited>
20004b88:	1e05      	subs	r5, r0, #0
20004b8a:	d141      	bne.n	20004c10 <tud_rhport_init+0x94>
20004b8c:	2c00      	cmp	r4, #0
20004b8e:	d03f      	beq.n	20004c10 <tud_rhport_init+0x94>
20004b90:	4822      	ldr	r0, [pc, #136]	@ (20004c1c <tud_rhport_init+0xa0>)
20004b92:	2254      	movs	r2, #84	@ 0x54
20004b94:	2100      	movs	r1, #0
20004b96:	f7fe f923 	bl	20002de0 <__wrap_memset>
20004b9a:	4b21      	ldr	r3, [pc, #132]	@ (20004c20 <tud_rhport_init+0xa4>)
20004b9c:	2200      	movs	r2, #0
20004b9e:	701a      	strb	r2, [r3, #0]
20004ba0:	4c20      	ldr	r4, [pc, #128]	@ (20004c24 <tud_rhport_init+0xa8>)
20004ba2:	0020      	movs	r0, r4
20004ba4:	f7fc f9f0 	bl	20000f88 <mutex_init>
20004ba8:	4b1f      	ldr	r3, [pc, #124]	@ (20004c28 <tud_rhport_init+0xac>)
20004baa:	601c      	str	r4, [r3, #0]
20004bac:	4c1f      	ldr	r4, [pc, #124]	@ (20004c2c <tud_rhport_init+0xb0>)
20004bae:	0020      	movs	r0, r4
20004bb0:	f7fc fa36 	bl	20001020 <critical_section_init>
20004bb4:	3c14      	subs	r4, #20
20004bb6:	0020      	movs	r0, r4
20004bb8:	f001 fbb4 	bl	20006324 <tu_fifo_clear>
20004bbc:	4b1c      	ldr	r3, [pc, #112]	@ (20004c30 <tud_rhport_init+0xb4>)
20004bbe:	601c      	str	r4, [r3, #0]
20004bc0:	4b1c      	ldr	r3, [pc, #112]	@ (20004c34 <tud_rhport_init+0xb8>)
20004bc2:	2b00      	cmp	r3, #0
20004bc4:	d004      	beq.n	20004bd0 <tud_rhport_init+0x54>
20004bc6:	481c      	ldr	r0, [pc, #112]	@ (20004c38 <tud_rhport_init+0xbc>)
20004bc8:	e000      	b.n	20004bcc <tud_rhport_init+0x50>
20004bca:	bf00      	nop
20004bcc:	4b1b      	ldr	r3, [pc, #108]	@ (20004c3c <tud_rhport_init+0xc0>)
20004bce:	6018      	str	r0, [r3, #0]
20004bd0:	2400      	movs	r4, #0
20004bd2:	e009      	b.n	20004be8 <tud_rhport_init+0x6c>
20004bd4:	1ae3      	subs	r3, r4, r3
20004bd6:	015b      	lsls	r3, r3, #5
20004bd8:	4a19      	ldr	r2, [pc, #100]	@ (20004c40 <tud_rhport_init+0xc4>)
20004bda:	189b      	adds	r3, r3, r2
20004bdc:	685b      	ldr	r3, [r3, #4]
20004bde:	2b00      	cmp	r3, #0
20004be0:	d016      	beq.n	20004c10 <tud_rhport_init+0x94>
20004be2:	4798      	blx	r3
20004be4:	3401      	adds	r4, #1
20004be6:	b2e4      	uxtb	r4, r4
20004be8:	4b13      	ldr	r3, [pc, #76]	@ (20004c38 <tud_rhport_init+0xbc>)
20004bea:	781b      	ldrb	r3, [r3, #0]
20004bec:	42a3      	cmp	r3, r4
20004bee:	d307      	bcc.n	20004c00 <tud_rhport_init+0x84>
20004bf0:	d9f0      	bls.n	20004bd4 <tud_rhport_init+0x58>
20004bf2:	4b12      	ldr	r3, [pc, #72]	@ (20004c3c <tud_rhport_init+0xc0>)
20004bf4:	681b      	ldr	r3, [r3, #0]
20004bf6:	0162      	lsls	r2, r4, #5
20004bf8:	189b      	adds	r3, r3, r2
20004bfa:	2b00      	cmp	r3, #0
20004bfc:	d1ee      	bne.n	20004bdc <tud_rhport_init+0x60>
20004bfe:	e007      	b.n	20004c10 <tud_rhport_init+0x94>
20004c00:	4b10      	ldr	r3, [pc, #64]	@ (20004c44 <tud_rhport_init+0xc8>)
20004c02:	701e      	strb	r6, [r3, #0]
20004c04:	0039      	movs	r1, r7
20004c06:	0030      	movs	r0, r6
20004c08:	f7ff fd1e 	bl	20004648 <dcd_init>
20004c0c:	1e05      	subs	r5, r0, #0
20004c0e:	d101      	bne.n	20004c14 <tud_rhport_init+0x98>
20004c10:	0028      	movs	r0, r5
20004c12:	bdf8      	pop	{r3, r4, r5, r6, r7, pc}
20004c14:	0030      	movs	r0, r6
20004c16:	f7ff fce3 	bl	200045e0 <dcd_int_enable>
20004c1a:	e7f9      	b.n	20004c10 <tud_rhport_init+0x94>
20004c1c:	20009e48 	.word	0x20009e48
20004c20:	2000a6ee 	.word	0x2000a6ee
20004c24:	20009e40 	.word	0x20009e40
20004c28:	20009e9c 	.word	0x20009e9c
20004c2c:	20007f04 	.word	0x20007f04
20004c30:	20009ea0 	.word	0x20009ea0
20004c34:	00000000 	.word	0x00000000
20004c38:	2000a6ec 	.word	0x2000a6ec
20004c3c:	20009518 	.word	0x20009518
20004c40:	20007e30 	.word	0x20007e30
20004c44:	20007f0c 	.word	0x20007f0c

20004c48 <usbd_edpt_open>:
20004c48:	b570      	push	{r4, r5, r6, lr}
20004c4a:	0008      	movs	r0, r1
20004c4c:	4b09      	ldr	r3, [pc, #36]	@ (20004c74 <usbd_edpt_open+0x2c>)
20004c4e:	781c      	ldrb	r4, [r3, #0]
20004c50:	000d      	movs	r5, r1
20004c52:	788b      	ldrb	r3, [r1, #2]
20004c54:	2270      	movs	r2, #112	@ 0x70
20004c56:	421a      	tst	r2, r3
20004c58:	d001      	beq.n	20004c5e <usbd_edpt_open+0x16>
20004c5a:	2000      	movs	r0, #0
20004c5c:	bd70      	pop	{r4, r5, r6, pc}
20004c5e:	4b06      	ldr	r3, [pc, #24]	@ (20004c78 <usbd_edpt_open+0x30>)
20004c60:	7899      	ldrb	r1, [r3, #2]
20004c62:	f001 f8a3 	bl	20005dac <tu_edpt_validate>
20004c66:	2800      	cmp	r0, #0
20004c68:	d0f8      	beq.n	20004c5c <usbd_edpt_open+0x14>
20004c6a:	0029      	movs	r1, r5
20004c6c:	0020      	movs	r0, r4
20004c6e:	f7ff fd4f 	bl	20004710 <dcd_edpt_open>
20004c72:	e7f3      	b.n	20004c5c <usbd_edpt_open+0x14>
20004c74:	20007f0c 	.word	0x20007f0c
20004c78:	20009e48 	.word	0x20009e48

20004c7c <usbd_open_edpt_pair>:
20004c7c:	b5f0      	push	{r4, r5, r6, r7, lr}
20004c7e:	46c6      	mov	lr, r8
20004c80:	b500      	push	{lr}
20004c82:	4680      	mov	r8, r0
20004c84:	000c      	movs	r4, r1
20004c86:	0016      	movs	r6, r2
20004c88:	001f      	movs	r7, r3
20004c8a:	2500      	movs	r5, #0
20004c8c:	e004      	b.n	20004c98 <usbd_open_edpt_pair+0x1c>
20004c8e:	9a07      	ldr	r2, [sp, #28]
20004c90:	7013      	strb	r3, [r2, #0]
20004c92:	7823      	ldrb	r3, [r4, #0]
20004c94:	18e4      	adds	r4, r4, r3
20004c96:	3501      	adds	r5, #1
20004c98:	42ae      	cmp	r6, r5
20004c9a:	dd14      	ble.n	20004cc6 <usbd_open_edpt_pair+0x4a>
20004c9c:	7863      	ldrb	r3, [r4, #1]
20004c9e:	2b05      	cmp	r3, #5
20004ca0:	d115      	bne.n	20004cce <usbd_open_edpt_pair+0x52>
20004ca2:	78e1      	ldrb	r1, [r4, #3]
20004ca4:	0789      	lsls	r1, r1, #30
20004ca6:	0f89      	lsrs	r1, r1, #30
20004ca8:	42b9      	cmp	r1, r7
20004caa:	d112      	bne.n	20004cd2 <usbd_open_edpt_pair+0x56>
20004cac:	0021      	movs	r1, r4
20004cae:	4640      	mov	r0, r8
20004cb0:	f7ff ffca 	bl	20004c48 <usbd_edpt_open>
20004cb4:	2800      	cmp	r0, #0
20004cb6:	d007      	beq.n	20004cc8 <usbd_open_edpt_pair+0x4c>
20004cb8:	78a3      	ldrb	r3, [r4, #2]
20004cba:	09da      	lsrs	r2, r3, #7
20004cbc:	2a01      	cmp	r2, #1
20004cbe:	d0e6      	beq.n	20004c8e <usbd_open_edpt_pair+0x12>
20004cc0:	9a06      	ldr	r2, [sp, #24]
20004cc2:	7013      	strb	r3, [r2, #0]
20004cc4:	e7e5      	b.n	20004c92 <usbd_open_edpt_pair+0x16>
20004cc6:	2001      	movs	r0, #1
20004cc8:	bc80      	pop	{r7}
20004cca:	46b8      	mov	r8, r7
20004ccc:	bdf0      	pop	{r4, r5, r6, r7, pc}
20004cce:	2000      	movs	r0, #0
20004cd0:	e7fa      	b.n	20004cc8 <usbd_open_edpt_pair+0x4c>
20004cd2:	2000      	movs	r0, #0
20004cd4:	e7f8      	b.n	20004cc8 <usbd_open_edpt_pair+0x4c>
	...

20004cd8 <usbd_edpt_claim>:
20004cd8:	b510      	push	{r4, lr}
20004cda:	207f      	movs	r0, #127	@ 0x7f
20004cdc:	4008      	ands	r0, r1
20004cde:	09c9      	lsrs	r1, r1, #7
20004ce0:	0040      	lsls	r0, r0, #1
20004ce2:	1840      	adds	r0, r0, r1
20004ce4:	3030      	adds	r0, #48	@ 0x30
20004ce6:	4b04      	ldr	r3, [pc, #16]	@ (20004cf8 <usbd_edpt_claim+0x20>)
20004ce8:	18c0      	adds	r0, r0, r3
20004cea:	3004      	adds	r0, #4
20004cec:	4b03      	ldr	r3, [pc, #12]	@ (20004cfc <usbd_edpt_claim+0x24>)
20004cee:	6819      	ldr	r1, [r3, #0]
20004cf0:	f001 f810 	bl	20005d14 <tu_edpt_claim>
20004cf4:	bd10      	pop	{r4, pc}
20004cf6:	46c0      	nop			@ (mov r8, r8)
20004cf8:	20009e48 	.word	0x20009e48
20004cfc:	20009e9c 	.word	0x20009e9c

20004d00 <usbd_edpt_release>:
20004d00:	b510      	push	{r4, lr}
20004d02:	207f      	movs	r0, #127	@ 0x7f
20004d04:	4008      	ands	r0, r1
20004d06:	09c9      	lsrs	r1, r1, #7
20004d08:	0040      	lsls	r0, r0, #1
20004d0a:	1840      	adds	r0, r0, r1
20004d0c:	3030      	adds	r0, #48	@ 0x30
20004d0e:	4b04      	ldr	r3, [pc, #16]	@ (20004d20 <usbd_edpt_release+0x20>)
20004d10:	18c0      	adds	r0, r0, r3
20004d12:	3004      	adds	r0, #4
20004d14:	4b03      	ldr	r3, [pc, #12]	@ (20004d24 <usbd_edpt_release+0x24>)
20004d16:	6819      	ldr	r1, [r3, #0]
20004d18:	f001 f827 	bl	20005d6a <tu_edpt_release>
20004d1c:	bd10      	pop	{r4, pc}
20004d1e:	46c0      	nop			@ (mov r8, r8)
20004d20:	20009e48 	.word	0x20009e48
20004d24:	20009e9c 	.word	0x20009e9c

20004d28 <usbd_edpt_xfer>:
20004d28:	b5f8      	push	{r3, r4, r5, r6, r7, lr}
20004d2a:	46ce      	mov	lr, r9
20004d2c:	4647      	mov	r7, r8
20004d2e:	b580      	push	{r7, lr}
20004d30:	001f      	movs	r7, r3
20004d32:	4b1a      	ldr	r3, [pc, #104]	@ (20004d9c <usbd_edpt_xfer+0x74>)
20004d34:	7818      	ldrb	r0, [r3, #0]
20004d36:	247f      	movs	r4, #127	@ 0x7f
20004d38:	400c      	ands	r4, r1
20004d3a:	09cd      	lsrs	r5, r1, #7
20004d3c:	4b18      	ldr	r3, [pc, #96]	@ (20004da0 <usbd_edpt_xfer+0x78>)
20004d3e:	0066      	lsls	r6, r4, #1
20004d40:	199b      	adds	r3, r3, r6
20004d42:	195b      	adds	r3, r3, r5
20004d44:	3330      	adds	r3, #48	@ 0x30
20004d46:	791b      	ldrb	r3, [r3, #4]
20004d48:	07db      	lsls	r3, r3, #31
20004d4a:	d504      	bpl.n	20004d56 <usbd_edpt_xfer+0x2e>
20004d4c:	2000      	movs	r0, #0
20004d4e:	bcc0      	pop	{r6, r7}
20004d50:	46b9      	mov	r9, r7
20004d52:	46b0      	mov	r8, r6
20004d54:	bdf8      	pop	{r3, r4, r5, r6, r7, pc}
20004d56:	4b12      	ldr	r3, [pc, #72]	@ (20004da0 <usbd_edpt_xfer+0x78>)
20004d58:	199b      	adds	r3, r3, r6
20004d5a:	195b      	adds	r3, r3, r5
20004d5c:	2630      	movs	r6, #48	@ 0x30
20004d5e:	46b1      	mov	r9, r6
20004d60:	4499      	add	r9, r3
20004d62:	464b      	mov	r3, r9
20004d64:	791b      	ldrb	r3, [r3, #4]
20004d66:	2601      	movs	r6, #1
20004d68:	46b4      	mov	ip, r6
20004d6a:	4666      	mov	r6, ip
20004d6c:	4333      	orrs	r3, r6
20004d6e:	001e      	movs	r6, r3
20004d70:	464b      	mov	r3, r9
20004d72:	711e      	strb	r6, [r3, #4]
20004d74:	003b      	movs	r3, r7
20004d76:	f7ff fce3 	bl	20004740 <dcd_edpt_xfer>
20004d7a:	2800      	cmp	r0, #0
20004d7c:	d1e7      	bne.n	20004d4e <usbd_edpt_xfer+0x26>
20004d7e:	4b08      	ldr	r3, [pc, #32]	@ (20004da0 <usbd_edpt_xfer+0x78>)
20004d80:	0064      	lsls	r4, r4, #1
20004d82:	191b      	adds	r3, r3, r4
20004d84:	195b      	adds	r3, r3, r5
20004d86:	3330      	adds	r3, #48	@ 0x30
20004d88:	791a      	ldrb	r2, [r3, #4]
20004d8a:	2101      	movs	r1, #1
20004d8c:	438a      	bics	r2, r1
20004d8e:	711a      	strb	r2, [r3, #4]
20004d90:	791a      	ldrb	r2, [r3, #4]
20004d92:	3103      	adds	r1, #3
20004d94:	438a      	bics	r2, r1
20004d96:	711a      	strb	r2, [r3, #4]
20004d98:	e7d9      	b.n	20004d4e <usbd_edpt_xfer+0x26>
20004d9a:	46c0      	nop			@ (mov r8, r8)
20004d9c:	20007f0c 	.word	0x20007f0c
20004da0:	20009e48 	.word	0x20009e48

20004da4 <usbd_edpt_stall>:
20004da4:	b570      	push	{r4, r5, r6, lr}
20004da6:	4b0a      	ldr	r3, [pc, #40]	@ (20004dd0 <usbd_edpt_stall+0x2c>)
20004da8:	7818      	ldrb	r0, [r3, #0]
20004daa:	247f      	movs	r4, #127	@ 0x7f
20004dac:	400c      	ands	r4, r1
20004dae:	09cd      	lsrs	r5, r1, #7
20004db0:	f7ff fce0 	bl	20004774 <dcd_edpt_stall>
20004db4:	4a07      	ldr	r2, [pc, #28]	@ (20004dd4 <usbd_edpt_stall+0x30>)
20004db6:	0064      	lsls	r4, r4, #1
20004db8:	1913      	adds	r3, r2, r4
20004dba:	195b      	adds	r3, r3, r5
20004dbc:	3330      	adds	r3, #48	@ 0x30
20004dbe:	791a      	ldrb	r2, [r3, #4]
20004dc0:	2102      	movs	r1, #2
20004dc2:	430a      	orrs	r2, r1
20004dc4:	711a      	strb	r2, [r3, #4]
20004dc6:	791a      	ldrb	r2, [r3, #4]
20004dc8:	2101      	movs	r1, #1
20004dca:	430a      	orrs	r2, r1
20004dcc:	711a      	strb	r2, [r3, #4]
20004dce:	bd70      	pop	{r4, r5, r6, pc}
20004dd0:	20007f0c 	.word	0x20007f0c
20004dd4:	20009e48 	.word	0x20009e48

20004dd8 <usbd_edpt_clear_stall>:
20004dd8:	b570      	push	{r4, r5, r6, lr}
20004dda:	4b0a      	ldr	r3, [pc, #40]	@ (20004e04 <usbd_edpt_clear_stall+0x2c>)
20004ddc:	7818      	ldrb	r0, [r3, #0]
20004dde:	247f      	movs	r4, #127	@ 0x7f
20004de0:	400c      	ands	r4, r1
20004de2:	09cd      	lsrs	r5, r1, #7
20004de4:	f7ff fce4 	bl	200047b0 <dcd_edpt_clear_stall>
20004de8:	4a07      	ldr	r2, [pc, #28]	@ (20004e08 <usbd_edpt_clear_stall+0x30>)
20004dea:	0064      	lsls	r4, r4, #1
20004dec:	1913      	adds	r3, r2, r4
20004dee:	195b      	adds	r3, r3, r5
20004df0:	3330      	adds	r3, #48	@ 0x30
20004df2:	791a      	ldrb	r2, [r3, #4]
20004df4:	2102      	movs	r1, #2
20004df6:	438a      	bics	r2, r1
20004df8:	711a      	strb	r2, [r3, #4]
20004dfa:	791a      	ldrb	r2, [r3, #4]
20004dfc:	3901      	subs	r1, #1
20004dfe:	438a      	bics	r2, r1
20004e00:	711a      	strb	r2, [r3, #4]
20004e02:	bd70      	pop	{r4, r5, r6, pc}
20004e04:	20007f0c 	.word	0x20007f0c
20004e08:	20009e48 	.word	0x20009e48

20004e0c <usbd_edpt_stalled>:
20004e0c:	227f      	movs	r2, #127	@ 0x7f
20004e0e:	400a      	ands	r2, r1
20004e10:	09c9      	lsrs	r1, r1, #7
20004e12:	4b04      	ldr	r3, [pc, #16]	@ (20004e24 <usbd_edpt_stalled+0x18>)
20004e14:	0052      	lsls	r2, r2, #1
20004e16:	189b      	adds	r3, r3, r2
20004e18:	185b      	adds	r3, r3, r1
20004e1a:	3330      	adds	r3, #48	@ 0x30
20004e1c:	7918      	ldrb	r0, [r3, #4]
20004e1e:	0780      	lsls	r0, r0, #30
20004e20:	0fc0      	lsrs	r0, r0, #31
20004e22:	4770      	bx	lr
20004e24:	20009e48 	.word	0x20009e48

20004e28 <process_control_request>:
20004e28:	b5f0      	push	{r4, r5, r6, r7, lr}
20004e2a:	46c6      	mov	lr, r8
20004e2c:	b500      	push	{lr}
20004e2e:	b082      	sub	sp, #8
20004e30:	0005      	movs	r5, r0
20004e32:	000c      	movs	r4, r1
20004e34:	2000      	movs	r0, #0
20004e36:	f000 fb23 	bl	20005480 <usbd_control_set_complete_callback>
20004e3a:	7822      	ldrb	r2, [r4, #0]
20004e3c:	2360      	movs	r3, #96	@ 0x60
20004e3e:	4013      	ands	r3, r2
20004e40:	2b60      	cmp	r3, #96	@ 0x60
20004e42:	d100      	bne.n	20004e46 <process_control_request+0x1e>
20004e44:	e188      	b.n	20005158 <process_control_request+0x330>
20004e46:	2b40      	cmp	r3, #64	@ 0x40
20004e48:	d02f      	beq.n	20004eaa <process_control_request+0x82>
20004e4a:	7822      	ldrb	r2, [r4, #0]
20004e4c:	06d2      	lsls	r2, r2, #27
20004e4e:	0ed2      	lsrs	r2, r2, #27
20004e50:	2a01      	cmp	r2, #1
20004e52:	d100      	bne.n	20004e56 <process_control_request+0x2e>
20004e54:	e0d6      	b.n	20005004 <process_control_request+0x1dc>
20004e56:	2a02      	cmp	r2, #2
20004e58:	d100      	bne.n	20004e5c <process_control_request+0x34>
20004e5a:	e119      	b.n	20005090 <process_control_request+0x268>
20004e5c:	2a00      	cmp	r2, #0
20004e5e:	d000      	beq.n	20004e62 <process_control_request+0x3a>
20004e60:	e17f      	b.n	20005162 <process_control_request+0x33a>
20004e62:	2b20      	cmp	r3, #32
20004e64:	d02a      	beq.n	20004ebc <process_control_request+0x94>
20004e66:	2b00      	cmp	r3, #0
20004e68:	d000      	beq.n	20004e6c <process_control_request+0x44>
20004e6a:	e180      	b.n	2000516e <process_control_request+0x346>
20004e6c:	7863      	ldrb	r3, [r4, #1]
20004e6e:	2b05      	cmp	r3, #5
20004e70:	d057      	beq.n	20004f22 <process_control_request+0xfa>
20004e72:	d849      	bhi.n	20004f08 <process_control_request+0xe0>
20004e74:	2b01      	cmp	r3, #1
20004e76:	d100      	bne.n	20004e7a <process_control_request+0x52>
20004e78:	e0b1      	b.n	20004fde <process_control_request+0x1b6>
20004e7a:	2b03      	cmp	r3, #3
20004e7c:	d100      	bne.n	20004e80 <process_control_request+0x58>
20004e7e:	e09b      	b.n	20004fb8 <process_control_request+0x190>
20004e80:	2b00      	cmp	r3, #0
20004e82:	d13f      	bne.n	20004f04 <process_control_request+0xdc>
20004e84:	4bc2      	ldr	r3, [pc, #776]	@ (20005190 <process_control_request+0x368>)
20004e86:	781a      	ldrb	r2, [r3, #0]
20004e88:	0951      	lsrs	r1, r2, #5
20004e8a:	0892      	lsrs	r2, r2, #2
20004e8c:	2302      	movs	r3, #2
20004e8e:	4013      	ands	r3, r2
20004e90:	2201      	movs	r2, #1
20004e92:	400a      	ands	r2, r1
20004e94:	4313      	orrs	r3, r2
20004e96:	466a      	mov	r2, sp
20004e98:	3206      	adds	r2, #6
20004e9a:	8013      	strh	r3, [r2, #0]
20004e9c:	2302      	movs	r3, #2
20004e9e:	0021      	movs	r1, r4
20004ea0:	0028      	movs	r0, r5
20004ea2:	f000 fab1 	bl	20005408 <tud_control_xfer>
20004ea6:	2001      	movs	r0, #1
20004ea8:	e157      	b.n	2000515a <process_control_request+0x332>
20004eaa:	48ba      	ldr	r0, [pc, #744]	@ (20005194 <process_control_request+0x36c>)
20004eac:	f000 fae8 	bl	20005480 <usbd_control_set_complete_callback>
20004eb0:	0022      	movs	r2, r4
20004eb2:	2101      	movs	r1, #1
20004eb4:	0028      	movs	r0, r5
20004eb6:	f7ff fce7 	bl	20004888 <tud_vendor_control_xfer_cb>
20004eba:	e14e      	b.n	2000515a <process_control_request+0x332>
20004ebc:	7922      	ldrb	r2, [r4, #4]
20004ebe:	7963      	ldrb	r3, [r4, #5]
20004ec0:	021b      	lsls	r3, r3, #8
20004ec2:	4313      	orrs	r3, r2
20004ec4:	2a0f      	cmp	r2, #15
20004ec6:	d900      	bls.n	20004eca <process_control_request+0xa2>
20004ec8:	e14d      	b.n	20005166 <process_control_request+0x33e>
20004eca:	4ab1      	ldr	r2, [pc, #708]	@ (20005190 <process_control_request+0x368>)
20004ecc:	21ff      	movs	r1, #255	@ 0xff
20004ece:	400b      	ands	r3, r1
20004ed0:	18d2      	adds	r2, r2, r3
20004ed2:	7913      	ldrb	r3, [r2, #4]
20004ed4:	4ab0      	ldr	r2, [pc, #704]	@ (20005198 <process_control_request+0x370>)
20004ed6:	7812      	ldrb	r2, [r2, #0]
20004ed8:	4293      	cmp	r3, r2
20004eda:	d207      	bcs.n	20004eec <process_control_request+0xc4>
20004edc:	4aaf      	ldr	r2, [pc, #700]	@ (2000519c <process_control_request+0x374>)
20004ede:	6811      	ldr	r1, [r2, #0]
20004ee0:	015b      	lsls	r3, r3, #5
20004ee2:	18c9      	adds	r1, r1, r3
20004ee4:	2900      	cmp	r1, #0
20004ee6:	d108      	bne.n	20004efa <process_control_request+0xd2>
20004ee8:	2000      	movs	r0, #0
20004eea:	e136      	b.n	2000515a <process_control_request+0x332>
20004eec:	4293      	cmp	r3, r2
20004eee:	d900      	bls.n	20004ef2 <process_control_request+0xca>
20004ef0:	e13b      	b.n	2000516a <process_control_request+0x342>
20004ef2:	1a9b      	subs	r3, r3, r2
20004ef4:	015b      	lsls	r3, r3, #5
20004ef6:	49aa      	ldr	r1, [pc, #680]	@ (200051a0 <process_control_request+0x378>)
20004ef8:	1859      	adds	r1, r3, r1
20004efa:	0022      	movs	r2, r4
20004efc:	0028      	movs	r0, r5
20004efe:	f7ff fcff 	bl	20004900 <invoke_class_control>
20004f02:	e12a      	b.n	2000515a <process_control_request+0x332>
20004f04:	2000      	movs	r0, #0
20004f06:	e128      	b.n	2000515a <process_control_request+0x332>
20004f08:	2b08      	cmp	r3, #8
20004f0a:	d018      	beq.n	20004f3e <process_control_request+0x116>
20004f0c:	2b09      	cmp	r3, #9
20004f0e:	d022      	beq.n	20004f56 <process_control_request+0x12e>
20004f10:	2b06      	cmp	r3, #6
20004f12:	d104      	bne.n	20004f1e <process_control_request+0xf6>
20004f14:	0021      	movs	r1, r4
20004f16:	0028      	movs	r0, r5
20004f18:	f7ff fdaa 	bl	20004a70 <process_get_descriptor>
20004f1c:	e11d      	b.n	2000515a <process_control_request+0x332>
20004f1e:	2000      	movs	r0, #0
20004f20:	e11b      	b.n	2000515a <process_control_request+0x332>
20004f22:	0020      	movs	r0, r4
20004f24:	f000 fab2 	bl	2000548c <usbd_control_set_request>
20004f28:	78a1      	ldrb	r1, [r4, #2]
20004f2a:	0028      	movs	r0, r5
20004f2c:	f7ff fb6e 	bl	2000460c <dcd_set_address>
20004f30:	4a97      	ldr	r2, [pc, #604]	@ (20005190 <process_control_request+0x368>)
20004f32:	7813      	ldrb	r3, [r2, #0]
20004f34:	2102      	movs	r1, #2
20004f36:	430b      	orrs	r3, r1
20004f38:	7013      	strb	r3, [r2, #0]
20004f3a:	2001      	movs	r0, #1
20004f3c:	e10d      	b.n	2000515a <process_control_request+0x332>
20004f3e:	4b94      	ldr	r3, [pc, #592]	@ (20005190 <process_control_request+0x368>)
20004f40:	785b      	ldrb	r3, [r3, #1]
20004f42:	466a      	mov	r2, sp
20004f44:	3206      	adds	r2, #6
20004f46:	7013      	strb	r3, [r2, #0]
20004f48:	2301      	movs	r3, #1
20004f4a:	0021      	movs	r1, r4
20004f4c:	0028      	movs	r0, r5
20004f4e:	f000 fa5b 	bl	20005408 <tud_control_xfer>
20004f52:	2001      	movs	r0, #1
20004f54:	e101      	b.n	2000515a <process_control_request+0x332>
20004f56:	78a2      	ldrb	r2, [r4, #2]
20004f58:	4690      	mov	r8, r2
20004f5a:	4b8d      	ldr	r3, [pc, #564]	@ (20005190 <process_control_request+0x368>)
20004f5c:	785b      	ldrb	r3, [r3, #1]
20004f5e:	4293      	cmp	r3, r2
20004f60:	d024      	beq.n	20004fac <process_control_request+0x184>
20004f62:	4b8b      	ldr	r3, [pc, #556]	@ (20005190 <process_control_request+0x368>)
20004f64:	785b      	ldrb	r3, [r3, #1]
20004f66:	2b00      	cmp	r3, #0
20004f68:	d10d      	bne.n	20004f86 <process_control_request+0x15e>
20004f6a:	4b89      	ldr	r3, [pc, #548]	@ (20005190 <process_control_request+0x368>)
20004f6c:	4641      	mov	r1, r8
20004f6e:	7059      	strb	r1, [r3, #1]
20004f70:	2900      	cmp	r1, #0
20004f72:	d019      	beq.n	20004fa8 <process_control_request+0x180>
20004f74:	0028      	movs	r0, r5
20004f76:	f7ff fcd1 	bl	2000491c <process_set_config>
20004f7a:	2800      	cmp	r0, #0
20004f7c:	d111      	bne.n	20004fa2 <process_control_request+0x17a>
20004f7e:	4b84      	ldr	r3, [pc, #528]	@ (20005190 <process_control_request+0x368>)
20004f80:	2200      	movs	r2, #0
20004f82:	705a      	strb	r2, [r3, #1]
20004f84:	e0e9      	b.n	2000515a <process_control_request+0x332>
20004f86:	2100      	movs	r1, #0
20004f88:	0028      	movs	r0, r5
20004f8a:	f7ff fb9d 	bl	200046c8 <dcd_sof_enable>
20004f8e:	0028      	movs	r0, r5
20004f90:	f7ff fbd1 	bl	20004736 <dcd_edpt_close_all>
20004f94:	4e7e      	ldr	r6, [pc, #504]	@ (20005190 <process_control_request+0x368>)
20004f96:	78b7      	ldrb	r7, [r6, #2]
20004f98:	0028      	movs	r0, r5
20004f9a:	f7ff fc77 	bl	2000488c <configuration_reset>
20004f9e:	70b7      	strb	r7, [r6, #2]
20004fa0:	e7e3      	b.n	20004f6a <process_control_request+0x142>
20004fa2:	f7ff fdcc 	bl	20004b3e <tud_mount_cb>
20004fa6:	e001      	b.n	20004fac <process_control_request+0x184>
20004fa8:	f7ff fdca 	bl	20004b40 <tud_umount_cb>
20004fac:	0021      	movs	r1, r4
20004fae:	0028      	movs	r0, r5
20004fb0:	f000 fa16 	bl	200053e0 <tud_control_status>
20004fb4:	2001      	movs	r0, #1
20004fb6:	e0d0      	b.n	2000515a <process_control_request+0x332>
20004fb8:	78a2      	ldrb	r2, [r4, #2]
20004fba:	78e3      	ldrb	r3, [r4, #3]
20004fbc:	021b      	lsls	r3, r3, #8
20004fbe:	4313      	orrs	r3, r2
20004fc0:	2b01      	cmp	r3, #1
20004fc2:	d001      	beq.n	20004fc8 <process_control_request+0x1a0>
20004fc4:	2000      	movs	r0, #0
20004fc6:	e0c8      	b.n	2000515a <process_control_request+0x332>
20004fc8:	4a71      	ldr	r2, [pc, #452]	@ (20005190 <process_control_request+0x368>)
20004fca:	7813      	ldrb	r3, [r2, #0]
20004fcc:	2108      	movs	r1, #8
20004fce:	430b      	orrs	r3, r1
20004fd0:	7013      	strb	r3, [r2, #0]
20004fd2:	0021      	movs	r1, r4
20004fd4:	0028      	movs	r0, r5
20004fd6:	f000 fa03 	bl	200053e0 <tud_control_status>
20004fda:	2001      	movs	r0, #1
20004fdc:	e0bd      	b.n	2000515a <process_control_request+0x332>
20004fde:	78a2      	ldrb	r2, [r4, #2]
20004fe0:	78e3      	ldrb	r3, [r4, #3]
20004fe2:	021b      	lsls	r3, r3, #8
20004fe4:	4313      	orrs	r3, r2
20004fe6:	2b01      	cmp	r3, #1
20004fe8:	d001      	beq.n	20004fee <process_control_request+0x1c6>
20004fea:	2000      	movs	r0, #0
20004fec:	e0b5      	b.n	2000515a <process_control_request+0x332>
20004fee:	4a68      	ldr	r2, [pc, #416]	@ (20005190 <process_control_request+0x368>)
20004ff0:	7813      	ldrb	r3, [r2, #0]
20004ff2:	2108      	movs	r1, #8
20004ff4:	438b      	bics	r3, r1
20004ff6:	7013      	strb	r3, [r2, #0]
20004ff8:	0021      	movs	r1, r4
20004ffa:	0028      	movs	r0, r5
20004ffc:	f000 f9f0 	bl	200053e0 <tud_control_status>
20005000:	2001      	movs	r0, #1
20005002:	e0aa      	b.n	2000515a <process_control_request+0x332>
20005004:	7922      	ldrb	r2, [r4, #4]
20005006:	7963      	ldrb	r3, [r4, #5]
20005008:	021b      	lsls	r3, r3, #8
2000500a:	4313      	orrs	r3, r2
2000500c:	2a0f      	cmp	r2, #15
2000500e:	d900      	bls.n	20005012 <process_control_request+0x1ea>
20005010:	e0af      	b.n	20005172 <process_control_request+0x34a>
20005012:	4a5f      	ldr	r2, [pc, #380]	@ (20005190 <process_control_request+0x368>)
20005014:	21ff      	movs	r1, #255	@ 0xff
20005016:	400b      	ands	r3, r1
20005018:	18d2      	adds	r2, r2, r3
2000501a:	7913      	ldrb	r3, [r2, #4]
2000501c:	4a5e      	ldr	r2, [pc, #376]	@ (20005198 <process_control_request+0x370>)
2000501e:	7812      	ldrb	r2, [r2, #0]
20005020:	4293      	cmp	r3, r2
20005022:	d222      	bcs.n	2000506a <process_control_request+0x242>
20005024:	4a5d      	ldr	r2, [pc, #372]	@ (2000519c <process_control_request+0x374>)
20005026:	6811      	ldr	r1, [r2, #0]
20005028:	015b      	lsls	r3, r3, #5
2000502a:	18c9      	adds	r1, r1, r3
2000502c:	2900      	cmp	r1, #0
2000502e:	d100      	bne.n	20005032 <process_control_request+0x20a>
20005030:	e0a1      	b.n	20005176 <process_control_request+0x34e>
20005032:	0022      	movs	r2, r4
20005034:	0028      	movs	r0, r5
20005036:	f7ff fc63 	bl	20004900 <invoke_class_control>
2000503a:	2800      	cmp	r0, #0
2000503c:	d000      	beq.n	20005040 <process_control_request+0x218>
2000503e:	e08c      	b.n	2000515a <process_control_request+0x332>
20005040:	7823      	ldrb	r3, [r4, #0]
20005042:	2260      	movs	r2, #96	@ 0x60
20005044:	421a      	tst	r2, r3
20005046:	d000      	beq.n	2000504a <process_control_request+0x222>
20005048:	e087      	b.n	2000515a <process_control_request+0x332>
2000504a:	7863      	ldrb	r3, [r4, #1]
2000504c:	3b0a      	subs	r3, #10
2000504e:	2b01      	cmp	r3, #1
20005050:	d900      	bls.n	20005054 <process_control_request+0x22c>
20005052:	e082      	b.n	2000515a <process_control_request+0x332>
20005054:	f000 fa14 	bl	20005480 <usbd_control_set_complete_callback>
20005058:	7863      	ldrb	r3, [r4, #1]
2000505a:	2b0a      	cmp	r3, #10
2000505c:	d00d      	beq.n	2000507a <process_control_request+0x252>
2000505e:	0021      	movs	r1, r4
20005060:	0028      	movs	r0, r5
20005062:	f000 f9bd 	bl	200053e0 <tud_control_status>
20005066:	2001      	movs	r0, #1
20005068:	e077      	b.n	2000515a <process_control_request+0x332>
2000506a:	4293      	cmp	r3, r2
2000506c:	d900      	bls.n	20005070 <process_control_request+0x248>
2000506e:	e084      	b.n	2000517a <process_control_request+0x352>
20005070:	1a9b      	subs	r3, r3, r2
20005072:	015b      	lsls	r3, r3, #5
20005074:	494a      	ldr	r1, [pc, #296]	@ (200051a0 <process_control_request+0x378>)
20005076:	1859      	adds	r1, r3, r1
20005078:	e7db      	b.n	20005032 <process_control_request+0x20a>
2000507a:	466b      	mov	r3, sp
2000507c:	1d9a      	adds	r2, r3, #6
2000507e:	2300      	movs	r3, #0
20005080:	7013      	strb	r3, [r2, #0]
20005082:	3301      	adds	r3, #1
20005084:	0021      	movs	r1, r4
20005086:	0028      	movs	r0, r5
20005088:	f000 f9be 	bl	20005408 <tud_control_xfer>
2000508c:	2001      	movs	r0, #1
2000508e:	e064      	b.n	2000515a <process_control_request+0x332>
20005090:	7921      	ldrb	r1, [r4, #4]
20005092:	207f      	movs	r0, #127	@ 0x7f
20005094:	4008      	ands	r0, r1
20005096:	09ca      	lsrs	r2, r1, #7
20005098:	4694      	mov	ip, r2
2000509a:	2270      	movs	r2, #112	@ 0x70
2000509c:	420a      	tst	r2, r1
2000509e:	d000      	beq.n	200050a2 <process_control_request+0x27a>
200050a0:	e06d      	b.n	2000517e <process_control_request+0x356>
200050a2:	4a3b      	ldr	r2, [pc, #236]	@ (20005190 <process_control_request+0x368>)
200050a4:	0040      	lsls	r0, r0, #1
200050a6:	1812      	adds	r2, r2, r0
200050a8:	4462      	add	r2, ip
200050aa:	7d12      	ldrb	r2, [r2, #20]
200050ac:	483a      	ldr	r0, [pc, #232]	@ (20005198 <process_control_request+0x370>)
200050ae:	7800      	ldrb	r0, [r0, #0]
200050b0:	4282      	cmp	r2, r0
200050b2:	d20d      	bcs.n	200050d0 <process_control_request+0x2a8>
200050b4:	4839      	ldr	r0, [pc, #228]	@ (2000519c <process_control_request+0x374>)
200050b6:	6800      	ldr	r0, [r0, #0]
200050b8:	0152      	lsls	r2, r2, #5
200050ba:	1882      	adds	r2, r0, r2
200050bc:	0016      	movs	r6, r2
200050be:	2b00      	cmp	r3, #0
200050c0:	d011      	beq.n	200050e6 <process_control_request+0x2be>
200050c2:	1e31      	subs	r1, r6, #0
200050c4:	d05d      	beq.n	20005182 <process_control_request+0x35a>
200050c6:	0022      	movs	r2, r4
200050c8:	0028      	movs	r0, r5
200050ca:	f7ff fc19 	bl	20004900 <invoke_class_control>
200050ce:	e044      	b.n	2000515a <process_control_request+0x332>
200050d0:	4282      	cmp	r2, r0
200050d2:	d805      	bhi.n	200050e0 <process_control_request+0x2b8>
200050d4:	1a12      	subs	r2, r2, r0
200050d6:	0152      	lsls	r2, r2, #5
200050d8:	4831      	ldr	r0, [pc, #196]	@ (200051a0 <process_control_request+0x378>)
200050da:	1812      	adds	r2, r2, r0
200050dc:	0016      	movs	r6, r2
200050de:	e7ee      	b.n	200050be <process_control_request+0x296>
200050e0:	2200      	movs	r2, #0
200050e2:	0016      	movs	r6, r2
200050e4:	e7eb      	b.n	200050be <process_control_request+0x296>
200050e6:	7863      	ldrb	r3, [r4, #1]
200050e8:	2b01      	cmp	r3, #1
200050ea:	d010      	beq.n	2000510e <process_control_request+0x2e6>
200050ec:	2b03      	cmp	r3, #3
200050ee:	d00e      	beq.n	2000510e <process_control_request+0x2e6>
200050f0:	2b00      	cmp	r3, #0
200050f2:	d148      	bne.n	20005186 <process_control_request+0x35e>
200050f4:	0028      	movs	r0, r5
200050f6:	f7ff fe89 	bl	20004e0c <usbd_edpt_stalled>
200050fa:	466b      	mov	r3, sp
200050fc:	1d9a      	adds	r2, r3, #6
200050fe:	8010      	strh	r0, [r2, #0]
20005100:	2302      	movs	r3, #2
20005102:	0021      	movs	r1, r4
20005104:	0028      	movs	r0, r5
20005106:	f000 f97f 	bl	20005408 <tud_control_xfer>
2000510a:	2001      	movs	r0, #1
2000510c:	e025      	b.n	2000515a <process_control_request+0x332>
2000510e:	78a0      	ldrb	r0, [r4, #2]
20005110:	78e2      	ldrb	r2, [r4, #3]
20005112:	0212      	lsls	r2, r2, #8
20005114:	4302      	orrs	r2, r0
20005116:	d104      	bne.n	20005122 <process_control_request+0x2fa>
20005118:	2b01      	cmp	r3, #1
2000511a:	d019      	beq.n	20005150 <process_control_request+0x328>
2000511c:	0028      	movs	r0, r5
2000511e:	f7ff fe41 	bl	20004da4 <usbd_edpt_stall>
20005122:	2e00      	cmp	r6, #0
20005124:	d031      	beq.n	2000518a <process_control_request+0x362>
20005126:	0022      	movs	r2, r4
20005128:	0031      	movs	r1, r6
2000512a:	0028      	movs	r0, r5
2000512c:	f7ff fbe8 	bl	20004900 <invoke_class_control>
20005130:	2000      	movs	r0, #0
20005132:	f000 f9a5 	bl	20005480 <usbd_control_set_complete_callback>
20005136:	4b16      	ldr	r3, [pc, #88]	@ (20005190 <process_control_request+0x368>)
20005138:	2235      	movs	r2, #53	@ 0x35
2000513a:	5c9b      	ldrb	r3, [r3, r2]
2000513c:	07db      	lsls	r3, r3, #31
2000513e:	0fd8      	lsrs	r0, r3, #31
20005140:	2b00      	cmp	r3, #0
20005142:	d10a      	bne.n	2000515a <process_control_request+0x332>
20005144:	0021      	movs	r1, r4
20005146:	0028      	movs	r0, r5
20005148:	f000 f94a 	bl	200053e0 <tud_control_status>
2000514c:	2001      	movs	r0, #1
2000514e:	e004      	b.n	2000515a <process_control_request+0x332>
20005150:	0028      	movs	r0, r5
20005152:	f7ff fe41 	bl	20004dd8 <usbd_edpt_clear_stall>
20005156:	e7e4      	b.n	20005122 <process_control_request+0x2fa>
20005158:	2000      	movs	r0, #0
2000515a:	b002      	add	sp, #8
2000515c:	bc80      	pop	{r7}
2000515e:	46b8      	mov	r8, r7
20005160:	bdf0      	pop	{r4, r5, r6, r7, pc}
20005162:	2000      	movs	r0, #0
20005164:	e7f9      	b.n	2000515a <process_control_request+0x332>
20005166:	2000      	movs	r0, #0
20005168:	e7f7      	b.n	2000515a <process_control_request+0x332>
2000516a:	2000      	movs	r0, #0
2000516c:	e7f5      	b.n	2000515a <process_control_request+0x332>
2000516e:	2000      	movs	r0, #0
20005170:	e7f3      	b.n	2000515a <process_control_request+0x332>
20005172:	2000      	movs	r0, #0
20005174:	e7f1      	b.n	2000515a <process_control_request+0x332>
20005176:	2000      	movs	r0, #0
20005178:	e7ef      	b.n	2000515a <process_control_request+0x332>
2000517a:	2000      	movs	r0, #0
2000517c:	e7ed      	b.n	2000515a <process_control_request+0x332>
2000517e:	2000      	movs	r0, #0
20005180:	e7eb      	b.n	2000515a <process_control_request+0x332>
20005182:	2000      	movs	r0, #0
20005184:	e7e9      	b.n	2000515a <process_control_request+0x332>
20005186:	2000      	movs	r0, #0
20005188:	e7e7      	b.n	2000515a <process_control_request+0x332>
2000518a:	2001      	movs	r0, #1
2000518c:	e7e5      	b.n	2000515a <process_control_request+0x332>
2000518e:	46c0      	nop			@ (mov r8, r8)
20005190:	20009e48 	.word	0x20009e48
20005194:	20004889 	.word	0x20004889
20005198:	2000a6ec 	.word	0x2000a6ec
2000519c:	20009518 	.word	0x20009518
200051a0:	20007e30 	.word	0x20007e30

200051a4 <tud_task_ext>:
200051a4:	b530      	push	{r4, r5, lr}
200051a6:	b085      	sub	sp, #20
200051a8:	f7ff fcde 	bl	20004b68 <tud_inited>
200051ac:	2800      	cmp	r0, #0
200051ae:	d14e      	bne.n	2000524e <tud_task_ext+0xaa>
200051b0:	b005      	add	sp, #20
200051b2:	bd30      	pop	{r4, r5, pc}
200051b4:	2b04      	cmp	r3, #4
200051b6:	d14a      	bne.n	2000524e <tud_task_ext+0xaa>
200051b8:	4b64      	ldr	r3, [pc, #400]	@ (2000534c <tud_task_ext+0x1a8>)
200051ba:	781b      	ldrb	r3, [r3, #0]
200051bc:	07db      	lsls	r3, r3, #31
200051be:	d546      	bpl.n	2000524e <tud_task_ext+0xaa>
200051c0:	4b62      	ldr	r3, [pc, #392]	@ (2000534c <tud_task_ext+0x1a8>)
200051c2:	7818      	ldrb	r0, [r3, #0]
200051c4:	0700      	lsls	r0, r0, #28
200051c6:	0fc0      	lsrs	r0, r0, #31
200051c8:	f7ff fcbb 	bl	20004b42 <tud_suspend_cb>
200051cc:	e03f      	b.n	2000524e <tud_task_ext+0xaa>
200051ce:	2b07      	cmp	r3, #7
200051d0:	d06b      	beq.n	200052aa <tud_task_ext+0x106>
200051d2:	2b08      	cmp	r3, #8
200051d4:	d100      	bne.n	200051d8 <tud_task_ext+0x34>
200051d6:	e0a9      	b.n	2000532c <tud_task_ext+0x188>
200051d8:	2b06      	cmp	r3, #6
200051da:	d138      	bne.n	2000524e <tud_task_ext+0xaa>
200051dc:	4b5c      	ldr	r3, [pc, #368]	@ (20005350 <tud_task_ext+0x1ac>)
200051de:	781b      	ldrb	r3, [r3, #0]
200051e0:	2b00      	cmp	r3, #0
200051e2:	d0e5      	beq.n	200051b0 <tud_task_ext+0xc>
200051e4:	4a5a      	ldr	r2, [pc, #360]	@ (20005350 <tud_task_ext+0x1ac>)
200051e6:	7813      	ldrb	r3, [r2, #0]
200051e8:	3b01      	subs	r3, #1
200051ea:	b2db      	uxtb	r3, r3
200051ec:	7013      	strb	r3, [r2, #0]
200051ee:	7813      	ldrb	r3, [r2, #0]
200051f0:	2b00      	cmp	r3, #0
200051f2:	d12c      	bne.n	2000524e <tud_task_ext+0xaa>
200051f4:	4b55      	ldr	r3, [pc, #340]	@ (2000534c <tud_task_ext+0x1a8>)
200051f6:	781a      	ldrb	r2, [r3, #0]
200051f8:	2401      	movs	r4, #1
200051fa:	2101      	movs	r1, #1
200051fc:	430a      	orrs	r2, r1
200051fe:	701a      	strb	r2, [r3, #0]
20005200:	2234      	movs	r2, #52	@ 0x34
20005202:	5c99      	ldrb	r1, [r3, r2]
20005204:	43a1      	bics	r1, r4
20005206:	5499      	strb	r1, [r3, r2]
20005208:	5c99      	ldrb	r1, [r3, r2]
2000520a:	2004      	movs	r0, #4
2000520c:	4381      	bics	r1, r0
2000520e:	5499      	strb	r1, [r3, r2]
20005210:	3201      	adds	r2, #1
20005212:	5c99      	ldrb	r1, [r3, r2]
20005214:	43a1      	bics	r1, r4
20005216:	5499      	strb	r1, [r3, r2]
20005218:	5c99      	ldrb	r1, [r3, r2]
2000521a:	4381      	bics	r1, r0
2000521c:	5499      	strb	r1, [r3, r2]
2000521e:	ab01      	add	r3, sp, #4
20005220:	7818      	ldrb	r0, [r3, #0]
20005222:	a902      	add	r1, sp, #8
20005224:	f7ff fe00 	bl	20004e28 <process_control_request>
20005228:	2800      	cmp	r0, #0
2000522a:	d110      	bne.n	2000524e <tud_task_ext+0xaa>
2000522c:	ac01      	add	r4, sp, #4
2000522e:	7820      	ldrb	r0, [r4, #0]
20005230:	2100      	movs	r1, #0
20005232:	f7ff fa9f 	bl	20004774 <dcd_edpt_stall>
20005236:	7820      	ldrb	r0, [r4, #0]
20005238:	2180      	movs	r1, #128	@ 0x80
2000523a:	f7ff fa9b 	bl	20004774 <dcd_edpt_stall>
2000523e:	e006      	b.n	2000524e <tud_task_ext+0xaa>
20005240:	ac01      	add	r4, sp, #4
20005242:	7820      	ldrb	r0, [r4, #0]
20005244:	f7ff fb56 	bl	200048f4 <usbd_reset>
20005248:	7922      	ldrb	r2, [r4, #4]
2000524a:	4b40      	ldr	r3, [pc, #256]	@ (2000534c <tud_task_ext+0x1a8>)
2000524c:	709a      	strb	r2, [r3, #2]
2000524e:	4b41      	ldr	r3, [pc, #260]	@ (20005354 <tud_task_ext+0x1b0>)
20005250:	681c      	ldr	r4, [r3, #0]
20005252:	6962      	ldr	r2, [r4, #20]
20005254:	f3ef 8110 	mrs	r1, PRIMASK
20005258:	b672      	cpsid	i
2000525a:	6813      	ldr	r3, [r2, #0]
2000525c:	2b00      	cmp	r3, #0
2000525e:	d0fc      	beq.n	2000525a <tud_task_ext+0xb6>
20005260:	f3bf 8f5f 	dmb	sy
20005264:	61a1      	str	r1, [r4, #24]
20005266:	a901      	add	r1, sp, #4
20005268:	0020      	movs	r0, r4
2000526a:	f000 fffd 	bl	20006268 <tu_fifo_read>
2000526e:	6962      	ldr	r2, [r4, #20]
20005270:	69a3      	ldr	r3, [r4, #24]
20005272:	f3bf 8f5f 	dmb	sy
20005276:	2100      	movs	r1, #0
20005278:	6011      	str	r1, [r2, #0]
2000527a:	f383 8810 	msr	PRIMASK, r3
2000527e:	2800      	cmp	r0, #0
20005280:	d100      	bne.n	20005284 <tud_task_ext+0xe0>
20005282:	e795      	b.n	200051b0 <tud_task_ext+0xc>
20005284:	ab01      	add	r3, sp, #4
20005286:	785b      	ldrb	r3, [r3, #1]
20005288:	2b05      	cmp	r3, #5
2000528a:	d048      	beq.n	2000531e <tud_task_ext+0x17a>
2000528c:	d89f      	bhi.n	200051ce <tud_task_ext+0x2a>
2000528e:	2b03      	cmp	r3, #3
20005290:	d052      	beq.n	20005338 <tud_task_ext+0x194>
20005292:	d88f      	bhi.n	200051b4 <tud_task_ext+0x10>
20005294:	2b01      	cmp	r3, #1
20005296:	d0d3      	beq.n	20005240 <tud_task_ext+0x9c>
20005298:	2b02      	cmp	r3, #2
2000529a:	d1d8      	bne.n	2000524e <tud_task_ext+0xaa>
2000529c:	ab01      	add	r3, sp, #4
2000529e:	7818      	ldrb	r0, [r3, #0]
200052a0:	f7ff fb28 	bl	200048f4 <usbd_reset>
200052a4:	f7ff fc4c 	bl	20004b40 <tud_umount_cb>
200052a8:	e7d1      	b.n	2000524e <tud_task_ext+0xaa>
200052aa:	ab01      	add	r3, sp, #4
200052ac:	7919      	ldrb	r1, [r3, #4]
200052ae:	227f      	movs	r2, #127	@ 0x7f
200052b0:	400a      	ands	r2, r1
200052b2:	09cc      	lsrs	r4, r1, #7
200052b4:	4b25      	ldr	r3, [pc, #148]	@ (2000534c <tud_task_ext+0x1a8>)
200052b6:	0050      	lsls	r0, r2, #1
200052b8:	181b      	adds	r3, r3, r0
200052ba:	191b      	adds	r3, r3, r4
200052bc:	3330      	adds	r3, #48	@ 0x30
200052be:	7918      	ldrb	r0, [r3, #4]
200052c0:	2501      	movs	r5, #1
200052c2:	43a8      	bics	r0, r5
200052c4:	7118      	strb	r0, [r3, #4]
200052c6:	7918      	ldrb	r0, [r3, #4]
200052c8:	3503      	adds	r5, #3
200052ca:	43a8      	bics	r0, r5
200052cc:	7118      	strb	r0, [r3, #4]
200052ce:	2a00      	cmp	r2, #0
200052d0:	d016      	beq.n	20005300 <tud_task_ext+0x15c>
200052d2:	4b1e      	ldr	r3, [pc, #120]	@ (2000534c <tud_task_ext+0x1a8>)
200052d4:	0052      	lsls	r2, r2, #1
200052d6:	189b      	adds	r3, r3, r2
200052d8:	191b      	adds	r3, r3, r4
200052da:	7d1b      	ldrb	r3, [r3, #20]
200052dc:	4a1e      	ldr	r2, [pc, #120]	@ (20005358 <tud_task_ext+0x1b4>)
200052de:	7812      	ldrb	r2, [r2, #0]
200052e0:	4293      	cmp	r3, r2
200052e2:	d214      	bcs.n	2000530e <tud_task_ext+0x16a>
200052e4:	4a1d      	ldr	r2, [pc, #116]	@ (2000535c <tud_task_ext+0x1b8>)
200052e6:	6812      	ldr	r2, [r2, #0]
200052e8:	015b      	lsls	r3, r3, #5
200052ea:	18d3      	adds	r3, r2, r3
200052ec:	2b00      	cmp	r3, #0
200052ee:	d100      	bne.n	200052f2 <tud_task_ext+0x14e>
200052f0:	e75e      	b.n	200051b0 <tud_task_ext+0xc>
200052f2:	699c      	ldr	r4, [r3, #24]
200052f4:	a801      	add	r0, sp, #4
200052f6:	7942      	ldrb	r2, [r0, #5]
200052f8:	9b03      	ldr	r3, [sp, #12]
200052fa:	7800      	ldrb	r0, [r0, #0]
200052fc:	47a0      	blx	r4
200052fe:	e7a6      	b.n	2000524e <tud_task_ext+0xaa>
20005300:	a801      	add	r0, sp, #4
20005302:	7942      	ldrb	r2, [r0, #5]
20005304:	9b03      	ldr	r3, [sp, #12]
20005306:	7800      	ldrb	r0, [r0, #0]
20005308:	f000 f8ce 	bl	200054a8 <usbd_control_xfer_cb>
2000530c:	e79f      	b.n	2000524e <tud_task_ext+0xaa>
2000530e:	4293      	cmp	r3, r2
20005310:	d900      	bls.n	20005314 <tud_task_ext+0x170>
20005312:	e74d      	b.n	200051b0 <tud_task_ext+0xc>
20005314:	1a9b      	subs	r3, r3, r2
20005316:	015b      	lsls	r3, r3, #5
20005318:	4a11      	ldr	r2, [pc, #68]	@ (20005360 <tud_task_ext+0x1bc>)
2000531a:	189b      	adds	r3, r3, r2
2000531c:	e7e9      	b.n	200052f2 <tud_task_ext+0x14e>
2000531e:	4b0b      	ldr	r3, [pc, #44]	@ (2000534c <tud_task_ext+0x1a8>)
20005320:	781b      	ldrb	r3, [r3, #0]
20005322:	07db      	lsls	r3, r3, #31
20005324:	d593      	bpl.n	2000524e <tud_task_ext+0xaa>
20005326:	f7ff fc0d 	bl	20004b44 <tud_resume_cb>
2000532a:	e790      	b.n	2000524e <tud_task_ext+0xaa>
2000532c:	9b02      	ldr	r3, [sp, #8]
2000532e:	2b00      	cmp	r3, #0
20005330:	d08d      	beq.n	2000524e <tud_task_ext+0xaa>
20005332:	9803      	ldr	r0, [sp, #12]
20005334:	4798      	blx	r3
20005336:	e78a      	b.n	2000524e <tud_task_ext+0xaa>
20005338:	4b04      	ldr	r3, [pc, #16]	@ (2000534c <tud_task_ext+0x1a8>)
2000533a:	78db      	ldrb	r3, [r3, #3]
2000533c:	07db      	lsls	r3, r3, #31
2000533e:	d400      	bmi.n	20005342 <tud_task_ext+0x19e>
20005340:	e785      	b.n	2000524e <tud_task_ext+0xaa>
20005342:	9802      	ldr	r0, [sp, #8]
20005344:	f7ff fb8d 	bl	20004a62 <tud_sof_cb>
20005348:	e781      	b.n	2000524e <tud_task_ext+0xaa>
2000534a:	46c0      	nop			@ (mov r8, r8)
2000534c:	20009e48 	.word	0x20009e48
20005350:	2000a6ee 	.word	0x2000a6ee
20005354:	20009ea0 	.word	0x20009ea0
20005358:	2000a6ec 	.word	0x2000a6ec
2000535c:	20009518 	.word	0x20009518
20005360:	20007e30 	.word	0x20007e30

20005364 <status_stage_xact>:
20005364:	b510      	push	{r4, lr}
20005366:	2300      	movs	r3, #0
20005368:	56cb      	ldrsb	r3, [r1, r3]
2000536a:	2b00      	cmp	r3, #0
2000536c:	db05      	blt.n	2000537a <status_stage_xact+0x16>
2000536e:	2180      	movs	r1, #128	@ 0x80
20005370:	2300      	movs	r3, #0
20005372:	2200      	movs	r2, #0
20005374:	f7ff fcd8 	bl	20004d28 <usbd_edpt_xfer>
20005378:	bd10      	pop	{r4, pc}
2000537a:	2100      	movs	r1, #0
2000537c:	e7f8      	b.n	20005370 <status_stage_xact+0xc>
	...

20005380 <data_stage_xact>:
20005380:	b5f8      	push	{r3, r4, r5, r6, r7, lr}
20005382:	0007      	movs	r7, r0
20005384:	4b14      	ldr	r3, [pc, #80]	@ (200053d8 <data_stage_xact+0x58>)
20005386:	899e      	ldrh	r6, [r3, #12]
20005388:	89dd      	ldrh	r5, [r3, #14]
2000538a:	1b73      	subs	r3, r6, r5
2000538c:	b29b      	uxth	r3, r3
2000538e:	1c1c      	adds	r4, r3, #0
20005390:	2b40      	cmp	r3, #64	@ 0x40
20005392:	d900      	bls.n	20005396 <data_stage_xact+0x16>
20005394:	2440      	movs	r4, #64	@ 0x40
20005396:	b2a4      	uxth	r4, r4
20005398:	4b0f      	ldr	r3, [pc, #60]	@ (200053d8 <data_stage_xact+0x58>)
2000539a:	781b      	ldrb	r3, [r3, #0]
2000539c:	b25b      	sxtb	r3, r3
2000539e:	2b00      	cmp	r3, #0
200053a0:	db08      	blt.n	200053b4 <data_stage_xact+0x34>
200053a2:	2100      	movs	r1, #0
200053a4:	42ae      	cmp	r6, r5
200053a6:	d013      	beq.n	200053d0 <data_stage_xact+0x50>
200053a8:	4a0c      	ldr	r2, [pc, #48]	@ (200053dc <data_stage_xact+0x5c>)
200053aa:	0023      	movs	r3, r4
200053ac:	0038      	movs	r0, r7
200053ae:	f7ff fcbb 	bl	20004d28 <usbd_edpt_xfer>
200053b2:	bdf8      	pop	{r3, r4, r5, r6, r7, pc}
200053b4:	42ae      	cmp	r6, r5
200053b6:	d009      	beq.n	200053cc <data_stage_xact+0x4c>
200053b8:	4b07      	ldr	r3, [pc, #28]	@ (200053d8 <data_stage_xact+0x58>)
200053ba:	6899      	ldr	r1, [r3, #8]
200053bc:	2c40      	cmp	r4, #64	@ 0x40
200053be:	d809      	bhi.n	200053d4 <data_stage_xact+0x54>
200053c0:	4806      	ldr	r0, [pc, #24]	@ (200053dc <data_stage_xact+0x5c>)
200053c2:	0022      	movs	r2, r4
200053c4:	f7fd fd12 	bl	20002dec <__wrap___aeabi_memcpy>
200053c8:	2180      	movs	r1, #128	@ 0x80
200053ca:	e7eb      	b.n	200053a4 <data_stage_xact+0x24>
200053cc:	2180      	movs	r1, #128	@ 0x80
200053ce:	e7e9      	b.n	200053a4 <data_stage_xact+0x24>
200053d0:	2200      	movs	r2, #0
200053d2:	e7ea      	b.n	200053aa <data_stage_xact+0x2a>
200053d4:	2000      	movs	r0, #0
200053d6:	e7ec      	b.n	200053b2 <data_stage_xact+0x32>
200053d8:	20009e28 	.word	0x20009e28
200053dc:	20009de8 	.word	0x20009de8

200053e0 <tud_control_status>:
200053e0:	b570      	push	{r4, r5, r6, lr}
200053e2:	0006      	movs	r6, r0
200053e4:	000d      	movs	r5, r1
200053e6:	4c07      	ldr	r4, [pc, #28]	@ (20005404 <tud_control_status+0x24>)
200053e8:	2208      	movs	r2, #8
200053ea:	0020      	movs	r0, r4
200053ec:	f7fd fcfe 	bl	20002dec <__wrap___aeabi_memcpy>
200053f0:	2300      	movs	r3, #0
200053f2:	60a3      	str	r3, [r4, #8]
200053f4:	81e3      	strh	r3, [r4, #14]
200053f6:	81a3      	strh	r3, [r4, #12]
200053f8:	0029      	movs	r1, r5
200053fa:	0030      	movs	r0, r6
200053fc:	f7ff ffb2 	bl	20005364 <status_stage_xact>
20005400:	bd70      	pop	{r4, r5, r6, pc}
20005402:	46c0      	nop			@ (mov r8, r8)
20005404:	20009e28 	.word	0x20009e28

20005408 <tud_control_xfer>:
20005408:	b5f0      	push	{r4, r5, r6, r7, lr}
2000540a:	46c6      	mov	lr, r8
2000540c:	b500      	push	{lr}
2000540e:	4680      	mov	r8, r0
20005410:	000c      	movs	r4, r1
20005412:	0017      	movs	r7, r2
20005414:	001e      	movs	r6, r3
20005416:	4d14      	ldr	r5, [pc, #80]	@ (20005468 <tud_control_xfer+0x60>)
20005418:	2208      	movs	r2, #8
2000541a:	0028      	movs	r0, r5
2000541c:	f7fd fce6 	bl	20002dec <__wrap___aeabi_memcpy>
20005420:	60af      	str	r7, [r5, #8]
20005422:	2300      	movs	r3, #0
20005424:	81eb      	strh	r3, [r5, #14]
20005426:	79a3      	ldrb	r3, [r4, #6]
20005428:	79e1      	ldrb	r1, [r4, #7]
2000542a:	0209      	lsls	r1, r1, #8
2000542c:	4319      	orrs	r1, r3
2000542e:	1c0b      	adds	r3, r1, #0
20005430:	42b1      	cmp	r1, r6
20005432:	d900      	bls.n	20005436 <tud_control_xfer+0x2e>
20005434:	1c33      	adds	r3, r6, #0
20005436:	b299      	uxth	r1, r3
20005438:	4a0b      	ldr	r2, [pc, #44]	@ (20005468 <tud_control_xfer+0x60>)
2000543a:	8193      	strh	r3, [r2, #12]
2000543c:	79a2      	ldrb	r2, [r4, #6]
2000543e:	79e3      	ldrb	r3, [r4, #7]
20005440:	021b      	lsls	r3, r3, #8
20005442:	4313      	orrs	r3, r2
20005444:	d009      	beq.n	2000545a <tud_control_xfer+0x52>
20005446:	2900      	cmp	r1, #0
20005448:	d001      	beq.n	2000544e <tud_control_xfer+0x46>
2000544a:	2f00      	cmp	r7, #0
2000544c:	d00a      	beq.n	20005464 <tud_control_xfer+0x5c>
2000544e:	4640      	mov	r0, r8
20005450:	f7ff ff96 	bl	20005380 <data_stage_xact>
20005454:	bc80      	pop	{r7}
20005456:	46b8      	mov	r8, r7
20005458:	bdf0      	pop	{r4, r5, r6, r7, pc}
2000545a:	0021      	movs	r1, r4
2000545c:	4640      	mov	r0, r8
2000545e:	f7ff ff81 	bl	20005364 <status_stage_xact>
20005462:	e7f7      	b.n	20005454 <tud_control_xfer+0x4c>
20005464:	2000      	movs	r0, #0
20005466:	e7f5      	b.n	20005454 <tud_control_xfer+0x4c>
20005468:	20009e28 	.word	0x20009e28

2000546c <usbd_control_reset>:
2000546c:	b510      	push	{r4, lr}
2000546e:	4803      	ldr	r0, [pc, #12]	@ (2000547c <usbd_control_reset+0x10>)
20005470:	2214      	movs	r2, #20
20005472:	2100      	movs	r1, #0
20005474:	f7fd fcb4 	bl	20002de0 <__wrap_memset>
20005478:	bd10      	pop	{r4, pc}
2000547a:	46c0      	nop			@ (mov r8, r8)
2000547c:	20009e28 	.word	0x20009e28

20005480 <usbd_control_set_complete_callback>:
20005480:	4b01      	ldr	r3, [pc, #4]	@ (20005488 <usbd_control_set_complete_callback+0x8>)
20005482:	6118      	str	r0, [r3, #16]
20005484:	4770      	bx	lr
20005486:	46c0      	nop			@ (mov r8, r8)
20005488:	20009e28 	.word	0x20009e28

2000548c <usbd_control_set_request>:
2000548c:	b510      	push	{r4, lr}
2000548e:	0001      	movs	r1, r0
20005490:	4c04      	ldr	r4, [pc, #16]	@ (200054a4 <usbd_control_set_request+0x18>)
20005492:	2208      	movs	r2, #8
20005494:	0020      	movs	r0, r4
20005496:	f7fd fca9 	bl	20002dec <__wrap___aeabi_memcpy>
2000549a:	2300      	movs	r3, #0
2000549c:	60a3      	str	r3, [r4, #8]
2000549e:	81e3      	strh	r3, [r4, #14]
200054a0:	81a3      	strh	r3, [r4, #12]
200054a2:	bd10      	pop	{r4, pc}
200054a4:	20009e28 	.word	0x20009e28

200054a8 <usbd_control_xfer_cb>:
200054a8:	b570      	push	{r4, r5, r6, lr}
200054aa:	0005      	movs	r5, r0
200054ac:	001a      	movs	r2, r3
200054ae:	001c      	movs	r4, r3
200054b0:	09c9      	lsrs	r1, r1, #7
200054b2:	4b27      	ldr	r3, [pc, #156]	@ (20005550 <usbd_control_xfer_cb+0xa8>)
200054b4:	781b      	ldrb	r3, [r3, #0]
200054b6:	09db      	lsrs	r3, r3, #7
200054b8:	428b      	cmp	r3, r1
200054ba:	d011      	beq.n	200054e0 <usbd_control_xfer_cb+0x38>
200054bc:	2a00      	cmp	r2, #0
200054be:	d001      	beq.n	200054c4 <usbd_control_xfer_cb+0x1c>
200054c0:	2000      	movs	r0, #0
200054c2:	bd70      	pop	{r4, r5, r6, pc}
200054c4:	4b22      	ldr	r3, [pc, #136]	@ (20005550 <usbd_control_xfer_cb+0xa8>)
200054c6:	001c      	movs	r4, r3
200054c8:	0019      	movs	r1, r3
200054ca:	f7ff f90b 	bl	200046e4 <dcd_edpt0_status_complete>
200054ce:	6923      	ldr	r3, [r4, #16]
200054d0:	2b00      	cmp	r3, #0
200054d2:	d003      	beq.n	200054dc <usbd_control_xfer_cb+0x34>
200054d4:	4a1e      	ldr	r2, [pc, #120]	@ (20005550 <usbd_control_xfer_cb+0xa8>)
200054d6:	2103      	movs	r1, #3
200054d8:	0028      	movs	r0, r5
200054da:	4798      	blx	r3
200054dc:	2001      	movs	r0, #1
200054de:	e7f0      	b.n	200054c2 <usbd_control_xfer_cb+0x1a>
200054e0:	4b1b      	ldr	r3, [pc, #108]	@ (20005550 <usbd_control_xfer_cb+0xa8>)
200054e2:	781b      	ldrb	r3, [r3, #0]
200054e4:	b25b      	sxtb	r3, r3
200054e6:	2b00      	cmp	r3, #0
200054e8:	db06      	blt.n	200054f8 <usbd_control_xfer_cb+0x50>
200054ea:	4b19      	ldr	r3, [pc, #100]	@ (20005550 <usbd_control_xfer_cb+0xa8>)
200054ec:	6898      	ldr	r0, [r3, #8]
200054ee:	2800      	cmp	r0, #0
200054f0:	d0e7      	beq.n	200054c2 <usbd_control_xfer_cb+0x1a>
200054f2:	4918      	ldr	r1, [pc, #96]	@ (20005554 <usbd_control_xfer_cb+0xac>)
200054f4:	f7fd fc7a 	bl	20002dec <__wrap___aeabi_memcpy>
200054f8:	4a15      	ldr	r2, [pc, #84]	@ (20005550 <usbd_control_xfer_cb+0xa8>)
200054fa:	89d3      	ldrh	r3, [r2, #14]
200054fc:	b2a1      	uxth	r1, r4
200054fe:	185b      	adds	r3, r3, r1
20005500:	b29b      	uxth	r3, r3
20005502:	81d3      	strh	r3, [r2, #14]
20005504:	6891      	ldr	r1, [r2, #8]
20005506:	46a4      	mov	ip, r4
20005508:	4461      	add	r1, ip
2000550a:	6091      	str	r1, [r2, #8]
2000550c:	88d2      	ldrh	r2, [r2, #6]
2000550e:	4293      	cmp	r3, r2
20005510:	d001      	beq.n	20005516 <usbd_control_xfer_cb+0x6e>
20005512:	2c3f      	cmp	r4, #63	@ 0x3f
20005514:	d818      	bhi.n	20005548 <usbd_control_xfer_cb+0xa0>
20005516:	4b0e      	ldr	r3, [pc, #56]	@ (20005550 <usbd_control_xfer_cb+0xa8>)
20005518:	691b      	ldr	r3, [r3, #16]
2000551a:	2b00      	cmp	r3, #0
2000551c:	d005      	beq.n	2000552a <usbd_control_xfer_cb+0x82>
2000551e:	4a0c      	ldr	r2, [pc, #48]	@ (20005550 <usbd_control_xfer_cb+0xa8>)
20005520:	2102      	movs	r1, #2
20005522:	0028      	movs	r0, r5
20005524:	4798      	blx	r3
20005526:	2800      	cmp	r0, #0
20005528:	d004      	beq.n	20005534 <usbd_control_xfer_cb+0x8c>
2000552a:	4909      	ldr	r1, [pc, #36]	@ (20005550 <usbd_control_xfer_cb+0xa8>)
2000552c:	0028      	movs	r0, r5
2000552e:	f7ff ff19 	bl	20005364 <status_stage_xact>
20005532:	e7c6      	b.n	200054c2 <usbd_control_xfer_cb+0x1a>
20005534:	2100      	movs	r1, #0
20005536:	0028      	movs	r0, r5
20005538:	f7ff f91c 	bl	20004774 <dcd_edpt_stall>
2000553c:	2180      	movs	r1, #128	@ 0x80
2000553e:	0028      	movs	r0, r5
20005540:	f7ff f918 	bl	20004774 <dcd_edpt_stall>
20005544:	2001      	movs	r0, #1
20005546:	e7bc      	b.n	200054c2 <usbd_control_xfer_cb+0x1a>
20005548:	0028      	movs	r0, r5
2000554a:	f7ff ff19 	bl	20005380 <data_stage_xact>
2000554e:	e7b8      	b.n	200054c2 <usbd_control_xfer_cb+0x1a>
20005550:	20009e28 	.word	0x20009e28
20005554:	20009de8 	.word	0x20009de8

20005558 <_prep_out_transaction>:
20005558:	b570      	push	{r4, r5, r6, lr}
2000555a:	0004      	movs	r4, r0
2000555c:	f7ff faf4 	bl	20004b48 <tud_mounted>
20005560:	2800      	cmp	r0, #0
20005562:	d103      	bne.n	2000556c <_prep_out_transaction+0x14>
20005564:	2300      	movs	r3, #0
20005566:	001e      	movs	r6, r3
20005568:	0030      	movs	r0, r6
2000556a:	bd70      	pop	{r4, r5, r6, pc}
2000556c:	f7ff faf4 	bl	20004b58 <tud_suspended>
20005570:	1e06      	subs	r6, r0, #0
20005572:	d1f7      	bne.n	20005564 <_prep_out_transaction+0xc>
20005574:	4a26      	ldr	r2, [pc, #152]	@ (20005610 <_prep_out_transaction+0xb8>)
20005576:	0163      	lsls	r3, r4, #5
20005578:	46a4      	mov	ip, r4
2000557a:	4463      	add	r3, ip
2000557c:	00db      	lsls	r3, r3, #3
2000557e:	4463      	add	r3, ip
20005580:	00db      	lsls	r3, r3, #3
20005582:	18d2      	adds	r2, r2, r3
20005584:	78d3      	ldrb	r3, [r2, #3]
20005586:	2b00      	cmp	r3, #0
20005588:	d0ec      	beq.n	20005564 <_prep_out_transaction+0xc>
2000558a:	0163      	lsls	r3, r4, #5
2000558c:	4463      	add	r3, ip
2000558e:	00db      	lsls	r3, r3, #3
20005590:	4463      	add	r3, ip
20005592:	00db      	lsls	r3, r3, #3
20005594:	3310      	adds	r3, #16
20005596:	4a1e      	ldr	r2, [pc, #120]	@ (20005610 <_prep_out_transaction+0xb8>)
20005598:	189b      	adds	r3, r3, r2
2000559a:	001d      	movs	r5, r3
2000559c:	0018      	movs	r0, r3
2000559e:	f000 fe4c 	bl	2000623a <tu_fifo_remaining>
200055a2:	283f      	cmp	r0, #63	@ 0x3f
200055a4:	d9e0      	bls.n	20005568 <_prep_out_transaction+0x10>
200055a6:	4a1a      	ldr	r2, [pc, #104]	@ (20005610 <_prep_out_transaction+0xb8>)
200055a8:	0163      	lsls	r3, r4, #5
200055aa:	46a4      	mov	ip, r4
200055ac:	4463      	add	r3, ip
200055ae:	00db      	lsls	r3, r3, #3
200055b0:	4463      	add	r3, ip
200055b2:	00db      	lsls	r3, r3, #3
200055b4:	18d2      	adds	r2, r2, r3
200055b6:	78d1      	ldrb	r1, [r2, #3]
200055b8:	2000      	movs	r0, #0
200055ba:	f7ff fb8d 	bl	20004cd8 <usbd_edpt_claim>
200055be:	2800      	cmp	r0, #0
200055c0:	d101      	bne.n	200055c6 <_prep_out_transaction+0x6e>
200055c2:	0006      	movs	r6, r0
200055c4:	e7d0      	b.n	20005568 <_prep_out_transaction+0x10>
200055c6:	0028      	movs	r0, r5
200055c8:	f000 fe37 	bl	2000623a <tu_fifo_remaining>
200055cc:	283f      	cmp	r0, #63	@ 0x3f
200055ce:	d911      	bls.n	200055f4 <_prep_out_transaction+0x9c>
200055d0:	01e2      	lsls	r2, r4, #7
200055d2:	4b10      	ldr	r3, [pc, #64]	@ (20005614 <_prep_out_transaction+0xbc>)
200055d4:	18d2      	adds	r2, r2, r3
200055d6:	490e      	ldr	r1, [pc, #56]	@ (20005610 <_prep_out_transaction+0xb8>)
200055d8:	0163      	lsls	r3, r4, #5
200055da:	46a4      	mov	ip, r4
200055dc:	4463      	add	r3, ip
200055de:	00db      	lsls	r3, r3, #3
200055e0:	4463      	add	r3, ip
200055e2:	00db      	lsls	r3, r3, #3
200055e4:	18c9      	adds	r1, r1, r3
200055e6:	78c9      	ldrb	r1, [r1, #3]
200055e8:	2340      	movs	r3, #64	@ 0x40
200055ea:	2000      	movs	r0, #0
200055ec:	f7ff fb9c 	bl	20004d28 <usbd_edpt_xfer>
200055f0:	0006      	movs	r6, r0
200055f2:	e7b9      	b.n	20005568 <_prep_out_transaction+0x10>
200055f4:	4a06      	ldr	r2, [pc, #24]	@ (20005610 <_prep_out_transaction+0xb8>)
200055f6:	0163      	lsls	r3, r4, #5
200055f8:	46a4      	mov	ip, r4
200055fa:	4463      	add	r3, ip
200055fc:	00db      	lsls	r3, r3, #3
200055fe:	4463      	add	r3, ip
20005600:	00db      	lsls	r3, r3, #3
20005602:	18d2      	adds	r2, r2, r3
20005604:	78d1      	ldrb	r1, [r2, #3]
20005606:	2000      	movs	r0, #0
20005608:	f7ff fb7a 	bl	20004d00 <usbd_edpt_release>
2000560c:	e7ac      	b.n	20005568 <_prep_out_transaction+0x10>
2000560e:	46c0      	nop			@ (mov r8, r8)
20005610:	200095a0 	.word	0x200095a0
20005614:	2000951c 	.word	0x2000951c

20005618 <tud_cdc_n_get_line_coding>:
20005618:	b510      	push	{r4, lr}
2000561a:	468c      	mov	ip, r1
2000561c:	4a06      	ldr	r2, [pc, #24]	@ (20005638 <tud_cdc_n_get_line_coding+0x20>)
2000561e:	0143      	lsls	r3, r0, #5
20005620:	181b      	adds	r3, r3, r0
20005622:	00db      	lsls	r3, r3, #3
20005624:	181b      	adds	r3, r3, r0
20005626:	00db      	lsls	r3, r3, #3
20005628:	18d1      	adds	r1, r2, r3
2000562a:	3108      	adds	r1, #8
2000562c:	2207      	movs	r2, #7
2000562e:	4660      	mov	r0, ip
20005630:	f7fd fbdc 	bl	20002dec <__wrap___aeabi_memcpy>
20005634:	bd10      	pop	{r4, pc}
20005636:	46c0      	nop			@ (mov r8, r8)
20005638:	200095a0 	.word	0x200095a0

2000563c <tud_cdc_n_available>:
2000563c:	b510      	push	{r4, lr}
2000563e:	0143      	lsls	r3, r0, #5
20005640:	181b      	adds	r3, r3, r0
20005642:	00db      	lsls	r3, r3, #3
20005644:	1818      	adds	r0, r3, r0
20005646:	00c0      	lsls	r0, r0, #3
20005648:	3010      	adds	r0, #16
2000564a:	4b02      	ldr	r3, [pc, #8]	@ (20005654 <tud_cdc_n_available+0x18>)
2000564c:	18c0      	adds	r0, r0, r3
2000564e:	f000 fdc0 	bl	200061d2 <tu_fifo_count>
20005652:	bd10      	pop	{r4, pc}
20005654:	200095a0 	.word	0x200095a0

20005658 <tud_cdc_n_read>:
20005658:	b570      	push	{r4, r5, r6, lr}
2000565a:	0004      	movs	r4, r0
2000565c:	0143      	lsls	r3, r0, #5
2000565e:	181b      	adds	r3, r3, r0
20005660:	00db      	lsls	r3, r3, #3
20005662:	181b      	adds	r3, r3, r0
20005664:	00db      	lsls	r3, r3, #3
20005666:	3310      	adds	r3, #16
20005668:	4807      	ldr	r0, [pc, #28]	@ (20005688 <tud_cdc_n_read+0x30>)
2000566a:	1818      	adds	r0, r3, r0
2000566c:	4b07      	ldr	r3, [pc, #28]	@ (2000568c <tud_cdc_n_read+0x34>)
2000566e:	429a      	cmp	r2, r3
20005670:	d808      	bhi.n	20005684 <tud_cdc_n_read+0x2c>
20005672:	b292      	uxth	r2, r2
20005674:	f000 fe19 	bl	200062aa <tu_fifo_read_n>
20005678:	0005      	movs	r5, r0
2000567a:	0020      	movs	r0, r4
2000567c:	f7ff ff6c 	bl	20005558 <_prep_out_transaction>
20005680:	0028      	movs	r0, r5
20005682:	bd70      	pop	{r4, r5, r6, pc}
20005684:	4a02      	ldr	r2, [pc, #8]	@ (20005690 <tud_cdc_n_read+0x38>)
20005686:	e7f5      	b.n	20005674 <tud_cdc_n_read+0x1c>
20005688:	200095a0 	.word	0x200095a0
2000568c:	0000fffe 	.word	0x0000fffe
20005690:	0000ffff 	.word	0x0000ffff

20005694 <tud_cdc_n_write_flush>:
20005694:	b570      	push	{r4, r5, r6, lr}
20005696:	0004      	movs	r4, r0
20005698:	f7ff fa56 	bl	20004b48 <tud_mounted>
2000569c:	2800      	cmp	r0, #0
2000569e:	d101      	bne.n	200056a4 <tud_cdc_n_write_flush+0x10>
200056a0:	2000      	movs	r0, #0
200056a2:	bd70      	pop	{r4, r5, r6, pc}
200056a4:	f7ff fa58 	bl	20004b58 <tud_suspended>
200056a8:	2800      	cmp	r0, #0
200056aa:	d1f9      	bne.n	200056a0 <tud_cdc_n_write_flush+0xc>
200056ac:	0163      	lsls	r3, r4, #5
200056ae:	46a4      	mov	ip, r4
200056b0:	4463      	add	r3, ip
200056b2:	00db      	lsls	r3, r3, #3
200056b4:	4463      	add	r3, ip
200056b6:	00db      	lsls	r3, r3, #3
200056b8:	3320      	adds	r3, #32
200056ba:	4a21      	ldr	r2, [pc, #132]	@ (20005740 <tud_cdc_n_write_flush+0xac>)
200056bc:	189b      	adds	r3, r3, r2
200056be:	3304      	adds	r3, #4
200056c0:	001d      	movs	r5, r3
200056c2:	0018      	movs	r0, r3
200056c4:	f000 fd85 	bl	200061d2 <tu_fifo_count>
200056c8:	2800      	cmp	r0, #0
200056ca:	d0ea      	beq.n	200056a2 <tud_cdc_n_write_flush+0xe>
200056cc:	4a1c      	ldr	r2, [pc, #112]	@ (20005740 <tud_cdc_n_write_flush+0xac>)
200056ce:	0163      	lsls	r3, r4, #5
200056d0:	46a4      	mov	ip, r4
200056d2:	4463      	add	r3, ip
200056d4:	00db      	lsls	r3, r3, #3
200056d6:	4463      	add	r3, ip
200056d8:	00db      	lsls	r3, r3, #3
200056da:	18d2      	adds	r2, r2, r3
200056dc:	7891      	ldrb	r1, [r2, #2]
200056de:	2000      	movs	r0, #0
200056e0:	f7ff fafa 	bl	20004cd8 <usbd_edpt_claim>
200056e4:	2800      	cmp	r0, #0
200056e6:	d0dc      	beq.n	200056a2 <tud_cdc_n_write_flush+0xe>
200056e8:	01e3      	lsls	r3, r4, #7
200056ea:	3340      	adds	r3, #64	@ 0x40
200056ec:	4a15      	ldr	r2, [pc, #84]	@ (20005744 <tud_cdc_n_write_flush+0xb0>)
200056ee:	189b      	adds	r3, r3, r2
200056f0:	001e      	movs	r6, r3
200056f2:	2240      	movs	r2, #64	@ 0x40
200056f4:	0019      	movs	r1, r3
200056f6:	0028      	movs	r0, r5
200056f8:	f000 fdd7 	bl	200062aa <tu_fifo_read_n>
200056fc:	1e05      	subs	r5, r0, #0
200056fe:	d011      	beq.n	20005724 <tud_cdc_n_write_flush+0x90>
20005700:	4a0f      	ldr	r2, [pc, #60]	@ (20005740 <tud_cdc_n_write_flush+0xac>)
20005702:	0163      	lsls	r3, r4, #5
20005704:	46a4      	mov	ip, r4
20005706:	4463      	add	r3, ip
20005708:	00db      	lsls	r3, r3, #3
2000570a:	4463      	add	r3, ip
2000570c:	00db      	lsls	r3, r3, #3
2000570e:	18d2      	adds	r2, r2, r3
20005710:	7891      	ldrb	r1, [r2, #2]
20005712:	0003      	movs	r3, r0
20005714:	0032      	movs	r2, r6
20005716:	2000      	movs	r0, #0
20005718:	f7ff fb06 	bl	20004d28 <usbd_edpt_xfer>
2000571c:	2800      	cmp	r0, #0
2000571e:	d0c0      	beq.n	200056a2 <tud_cdc_n_write_flush+0xe>
20005720:	0028      	movs	r0, r5
20005722:	e7be      	b.n	200056a2 <tud_cdc_n_write_flush+0xe>
20005724:	4a06      	ldr	r2, [pc, #24]	@ (20005740 <tud_cdc_n_write_flush+0xac>)
20005726:	0163      	lsls	r3, r4, #5
20005728:	46a4      	mov	ip, r4
2000572a:	4463      	add	r3, ip
2000572c:	00db      	lsls	r3, r3, #3
2000572e:	4463      	add	r3, ip
20005730:	00db      	lsls	r3, r3, #3
20005732:	18d2      	adds	r2, r2, r3
20005734:	7891      	ldrb	r1, [r2, #2]
20005736:	2000      	movs	r0, #0
20005738:	f7ff fae2 	bl	20004d00 <usbd_edpt_release>
2000573c:	2000      	movs	r0, #0
2000573e:	e7b0      	b.n	200056a2 <tud_cdc_n_write_flush+0xe>
20005740:	200095a0 	.word	0x200095a0
20005744:	2000951c 	.word	0x2000951c

20005748 <tud_cdc_n_write>:
20005748:	b570      	push	{r4, r5, r6, lr}
2000574a:	0005      	movs	r5, r0
2000574c:	0144      	lsls	r4, r0, #5
2000574e:	1824      	adds	r4, r4, r0
20005750:	00e4      	lsls	r4, r4, #3
20005752:	1824      	adds	r4, r4, r0
20005754:	00e4      	lsls	r4, r4, #3
20005756:	3420      	adds	r4, #32
20005758:	4b0b      	ldr	r3, [pc, #44]	@ (20005788 <tud_cdc_n_write+0x40>)
2000575a:	18e4      	adds	r4, r4, r3
2000575c:	3404      	adds	r4, #4
2000575e:	4b0b      	ldr	r3, [pc, #44]	@ (2000578c <tud_cdc_n_write+0x44>)
20005760:	429a      	cmp	r2, r3
20005762:	d80b      	bhi.n	2000577c <tud_cdc_n_write+0x34>
20005764:	b292      	uxth	r2, r2
20005766:	0020      	movs	r0, r4
20005768:	f000 fdd7 	bl	2000631a <tu_fifo_write_n>
2000576c:	0006      	movs	r6, r0
2000576e:	0020      	movs	r0, r4
20005770:	f000 fd2f 	bl	200061d2 <tu_fifo_count>
20005774:	283f      	cmp	r0, #63	@ 0x3f
20005776:	d803      	bhi.n	20005780 <tud_cdc_n_write+0x38>
20005778:	0030      	movs	r0, r6
2000577a:	bd70      	pop	{r4, r5, r6, pc}
2000577c:	4a04      	ldr	r2, [pc, #16]	@ (20005790 <tud_cdc_n_write+0x48>)
2000577e:	e7f2      	b.n	20005766 <tud_cdc_n_write+0x1e>
20005780:	0028      	movs	r0, r5
20005782:	f7ff ff87 	bl	20005694 <tud_cdc_n_write_flush>
20005786:	e7f7      	b.n	20005778 <tud_cdc_n_write+0x30>
20005788:	200095a0 	.word	0x200095a0
2000578c:	0000fffe 	.word	0x0000fffe
20005790:	0000ffff 	.word	0x0000ffff

20005794 <cdcd_init>:
20005794:	b5f0      	push	{r4, r5, r6, r7, lr}
20005796:	46ce      	mov	lr, r9
20005798:	4647      	mov	r7, r8
2000579a:	b580      	push	{r7, lr}
2000579c:	b083      	sub	sp, #12
2000579e:	4830      	ldr	r0, [pc, #192]	@ (20005860 <cdcd_init+0xcc>)
200057a0:	4a30      	ldr	r2, [pc, #192]	@ (20005864 <cdcd_init+0xd0>)
200057a2:	2100      	movs	r1, #0
200057a4:	f7fd fb1c 	bl	20002de0 <__wrap_memset>
200057a8:	4b2f      	ldr	r3, [pc, #188]	@ (20005868 <cdcd_init+0xd4>)
200057aa:	2200      	movs	r2, #0
200057ac:	701a      	strb	r2, [r3, #0]
200057ae:	2400      	movs	r4, #0
200057b0:	2c00      	cmp	r4, #0
200057b2:	d004      	beq.n	200057be <cdcd_init+0x2a>
200057b4:	b003      	add	sp, #12
200057b6:	bcc0      	pop	{r6, r7}
200057b8:	46b9      	mov	r9, r7
200057ba:	46b0      	mov	r8, r6
200057bc:	bdf0      	pop	{r4, r5, r6, r7, pc}
200057be:	4e28      	ldr	r6, [pc, #160]	@ (20005860 <cdcd_init+0xcc>)
200057c0:	0165      	lsls	r5, r4, #5
200057c2:	192d      	adds	r5, r5, r4
200057c4:	00ed      	lsls	r5, r5, #3
200057c6:	192f      	adds	r7, r5, r4
200057c8:	00ff      	lsls	r7, r7, #3
200057ca:	19f7      	adds	r7, r6, r7
200057cc:	23ff      	movs	r3, #255	@ 0xff
200057ce:	717b      	strb	r3, [r7, #5]
200057d0:	23e1      	movs	r3, #225	@ 0xe1
200057d2:	025b      	lsls	r3, r3, #9
200057d4:	60bb      	str	r3, [r7, #8]
200057d6:	2200      	movs	r2, #0
200057d8:	733a      	strb	r2, [r7, #12]
200057da:	737a      	strb	r2, [r7, #13]
200057dc:	2308      	movs	r3, #8
200057de:	73bb      	strb	r3, [r7, #14]
200057e0:	1929      	adds	r1, r5, r4
200057e2:	00c9      	lsls	r1, r1, #3
200057e4:	3138      	adds	r1, #56	@ 0x38
200057e6:	1989      	adds	r1, r1, r6
200057e8:	1928      	adds	r0, r5, r4
200057ea:	00c0      	lsls	r0, r0, #3
200057ec:	3010      	adds	r0, #16
200057ee:	1980      	adds	r0, r0, r6
200057f0:	9200      	str	r2, [sp, #0]
200057f2:	3b07      	subs	r3, #7
200057f4:	2280      	movs	r2, #128	@ 0x80
200057f6:	00d2      	lsls	r2, r2, #3
200057f8:	f000 fcaa 	bl	20006150 <tu_fifo_config>
200057fc:	1929      	adds	r1, r5, r4
200057fe:	00c9      	lsls	r1, r1, #3
20005800:	2387      	movs	r3, #135	@ 0x87
20005802:	00db      	lsls	r3, r3, #3
20005804:	469c      	mov	ip, r3
20005806:	4461      	add	r1, ip
20005808:	1989      	adds	r1, r1, r6
2000580a:	1928      	adds	r0, r5, r4
2000580c:	00c0      	lsls	r0, r0, #3
2000580e:	3020      	adds	r0, #32
20005810:	1980      	adds	r0, r0, r6
20005812:	3004      	adds	r0, #4
20005814:	2301      	movs	r3, #1
20005816:	9300      	str	r3, [sp, #0]
20005818:	2280      	movs	r2, #128	@ 0x80
2000581a:	00d2      	lsls	r2, r2, #3
2000581c:	f000 fc98 	bl	20006150 <tu_fifo_config>
20005820:	192b      	adds	r3, r5, r4
20005822:	00db      	lsls	r3, r3, #3
20005824:	4911      	ldr	r1, [pc, #68]	@ (2000586c <cdcd_init+0xd8>)
20005826:	468c      	mov	ip, r1
20005828:	4463      	add	r3, ip
2000582a:	199b      	adds	r3, r3, r6
2000582c:	4699      	mov	r9, r3
2000582e:	0018      	movs	r0, r3
20005830:	f7fb fbaa 	bl	20000f88 <mutex_init>
20005834:	192b      	adds	r3, r5, r4
20005836:	00db      	lsls	r3, r3, #3
20005838:	2184      	movs	r1, #132	@ 0x84
2000583a:	0109      	lsls	r1, r1, #4
2000583c:	468c      	mov	ip, r1
2000583e:	4463      	add	r3, ip
20005840:	1999      	adds	r1, r3, r6
20005842:	4688      	mov	r8, r1
20005844:	0008      	movs	r0, r1
20005846:	f7fb fb9f 	bl	20000f88 <mutex_init>
2000584a:	2200      	movs	r2, #0
2000584c:	61fa      	str	r2, [r7, #28]
2000584e:	464b      	mov	r3, r9
20005850:	623b      	str	r3, [r7, #32]
20005852:	4641      	mov	r1, r8
20005854:	6339      	str	r1, [r7, #48]	@ 0x30
20005856:	637a      	str	r2, [r7, #52]	@ 0x34
20005858:	3401      	adds	r4, #1
2000585a:	b2e4      	uxtb	r4, r4
2000585c:	e7a8      	b.n	200057b0 <cdcd_init+0x1c>
2000585e:	46c0      	nop			@ (mov r8, r8)
20005860:	200095a0 	.word	0x200095a0
20005864:	00000848 	.word	0x00000848
20005868:	2000959c 	.word	0x2000959c
2000586c:	00000838 	.word	0x00000838

20005870 <cdcd_deinit>:
20005870:	b530      	push	{r4, r5, lr}
20005872:	2300      	movs	r3, #0
20005874:	2b00      	cmp	r3, #0
20005876:	d001      	beq.n	2000587c <cdcd_deinit+0xc>
20005878:	2001      	movs	r0, #1
2000587a:	bd30      	pop	{r4, r5, pc}
2000587c:	0019      	movs	r1, r3
2000587e:	4814      	ldr	r0, [pc, #80]	@ (200058d0 <cdcd_deinit+0x60>)
20005880:	015a      	lsls	r2, r3, #5
20005882:	18d2      	adds	r2, r2, r3
20005884:	00d2      	lsls	r2, r2, #3
20005886:	18d2      	adds	r2, r2, r3
20005888:	00d2      	lsls	r2, r2, #3
2000588a:	1882      	adds	r2, r0, r2
2000588c:	6a10      	ldr	r0, [r2, #32]
2000588e:	6b12      	ldr	r2, [r2, #48]	@ 0x30
20005890:	4694      	mov	ip, r2
20005892:	2800      	cmp	r0, #0
20005894:	d009      	beq.n	200058aa <cdcd_deinit+0x3a>
20005896:	480e      	ldr	r0, [pc, #56]	@ (200058d0 <cdcd_deinit+0x60>)
20005898:	015a      	lsls	r2, r3, #5
2000589a:	18d2      	adds	r2, r2, r3
2000589c:	00d2      	lsls	r2, r2, #3
2000589e:	18d2      	adds	r2, r2, r3
200058a0:	00d2      	lsls	r2, r2, #3
200058a2:	1882      	adds	r2, r0, r2
200058a4:	2000      	movs	r0, #0
200058a6:	61d0      	str	r0, [r2, #28]
200058a8:	6210      	str	r0, [r2, #32]
200058aa:	4662      	mov	r2, ip
200058ac:	2a00      	cmp	r2, #0
200058ae:	d00b      	beq.n	200058c8 <cdcd_deinit+0x58>
200058b0:	4807      	ldr	r0, [pc, #28]	@ (200058d0 <cdcd_deinit+0x60>)
200058b2:	014a      	lsls	r2, r1, #5
200058b4:	1852      	adds	r2, r2, r1
200058b6:	00d2      	lsls	r2, r2, #3
200058b8:	1854      	adds	r4, r2, r1
200058ba:	00e4      	lsls	r4, r4, #3
200058bc:	46a4      	mov	ip, r4
200058be:	4484      	add	ip, r0
200058c0:	4665      	mov	r5, ip
200058c2:	2400      	movs	r4, #0
200058c4:	632c      	str	r4, [r5, #48]	@ 0x30
200058c6:	636c      	str	r4, [r5, #52]	@ 0x34
200058c8:	3301      	adds	r3, #1
200058ca:	b2db      	uxtb	r3, r3
200058cc:	e7d2      	b.n	20005874 <cdcd_deinit+0x4>
200058ce:	46c0      	nop			@ (mov r8, r8)
200058d0:	200095a0 	.word	0x200095a0

200058d4 <cdcd_reset>:
200058d4:	b570      	push	{r4, r5, r6, lr}
200058d6:	2400      	movs	r4, #0
200058d8:	2c00      	cmp	r4, #0
200058da:	d000      	beq.n	200058de <cdcd_reset+0xa>
200058dc:	bd70      	pop	{r4, r5, r6, pc}
200058de:	0025      	movs	r5, r4
200058e0:	0160      	lsls	r0, r4, #5
200058e2:	1900      	adds	r0, r0, r4
200058e4:	00c0      	lsls	r0, r0, #3
200058e6:	1900      	adds	r0, r0, r4
200058e8:	00c0      	lsls	r0, r0, #3
200058ea:	4b1a      	ldr	r3, [pc, #104]	@ (20005954 <cdcd_reset+0x80>)
200058ec:	18c0      	adds	r0, r0, r3
200058ee:	2205      	movs	r2, #5
200058f0:	2100      	movs	r1, #0
200058f2:	f7fd fa75 	bl	20002de0 <__wrap_memset>
200058f6:	4b18      	ldr	r3, [pc, #96]	@ (20005958 <cdcd_reset+0x84>)
200058f8:	781b      	ldrb	r3, [r3, #0]
200058fa:	07db      	lsls	r3, r3, #31
200058fc:	d512      	bpl.n	20005924 <cdcd_reset+0x50>
200058fe:	4b16      	ldr	r3, [pc, #88]	@ (20005958 <cdcd_reset+0x84>)
20005900:	781b      	ldrb	r3, [r3, #0]
20005902:	079b      	lsls	r3, r3, #30
20005904:	d519      	bpl.n	2000593a <cdcd_reset+0x66>
20005906:	0168      	lsls	r0, r5, #5
20005908:	1940      	adds	r0, r0, r5
2000590a:	00c0      	lsls	r0, r0, #3
2000590c:	1940      	adds	r0, r0, r5
2000590e:	00c0      	lsls	r0, r0, #3
20005910:	3020      	adds	r0, #32
20005912:	4b10      	ldr	r3, [pc, #64]	@ (20005954 <cdcd_reset+0x80>)
20005914:	18c0      	adds	r0, r0, r3
20005916:	3004      	adds	r0, #4
20005918:	2101      	movs	r1, #1
2000591a:	f000 fd22 	bl	20006362 <tu_fifo_set_overwritable>
2000591e:	3401      	adds	r4, #1
20005920:	b2e4      	uxtb	r4, r4
20005922:	e7d9      	b.n	200058d8 <cdcd_reset+0x4>
20005924:	0160      	lsls	r0, r4, #5
20005926:	1900      	adds	r0, r0, r4
20005928:	00c0      	lsls	r0, r0, #3
2000592a:	1900      	adds	r0, r0, r4
2000592c:	00c0      	lsls	r0, r0, #3
2000592e:	3010      	adds	r0, #16
20005930:	4b08      	ldr	r3, [pc, #32]	@ (20005954 <cdcd_reset+0x80>)
20005932:	18c0      	adds	r0, r0, r3
20005934:	f000 fcf6 	bl	20006324 <tu_fifo_clear>
20005938:	e7e1      	b.n	200058fe <cdcd_reset+0x2a>
2000593a:	0168      	lsls	r0, r5, #5
2000593c:	1940      	adds	r0, r0, r5
2000593e:	00c0      	lsls	r0, r0, #3
20005940:	1940      	adds	r0, r0, r5
20005942:	00c0      	lsls	r0, r0, #3
20005944:	3020      	adds	r0, #32
20005946:	4b03      	ldr	r3, [pc, #12]	@ (20005954 <cdcd_reset+0x80>)
20005948:	18c0      	adds	r0, r0, r3
2000594a:	3004      	adds	r0, #4
2000594c:	f000 fcea 	bl	20006324 <tu_fifo_clear>
20005950:	e7d9      	b.n	20005906 <cdcd_reset+0x32>
20005952:	46c0      	nop			@ (mov r8, r8)
20005954:	200095a0 	.word	0x200095a0
20005958:	2000959c 	.word	0x2000959c

2000595c <cdcd_open>:
2000595c:	b5f0      	push	{r4, r5, r6, r7, lr}
2000595e:	46c6      	mov	lr, r8
20005960:	b500      	push	{lr}
20005962:	b082      	sub	sp, #8
20005964:	0007      	movs	r7, r0
20005966:	794b      	ldrb	r3, [r1, #5]
20005968:	2b02      	cmp	r3, #2
2000596a:	d152      	bne.n	20005a12 <cdcd_open+0xb6>
2000596c:	798b      	ldrb	r3, [r1, #6]
2000596e:	2b02      	cmp	r3, #2
20005970:	d155      	bne.n	20005a1e <cdcd_open+0xc2>
20005972:	2600      	movs	r6, #0
20005974:	2e00      	cmp	r6, #0
20005976:	d011      	beq.n	2000599c <cdcd_open+0x40>
20005978:	2e00      	cmp	r6, #0
2000597a:	d152      	bne.n	20005a22 <cdcd_open+0xc6>
2000597c:	788b      	ldrb	r3, [r1, #2]
2000597e:	4640      	mov	r0, r8
20005980:	7003      	strb	r3, [r0, #0]
20005982:	780c      	ldrb	r4, [r1, #0]
20005984:	190c      	adds	r4, r1, r4
20005986:	2509      	movs	r5, #9
20005988:	7863      	ldrb	r3, [r4, #1]
2000598a:	2b24      	cmp	r3, #36	@ 0x24
2000598c:	d114      	bne.n	200059b8 <cdcd_open+0x5c>
2000598e:	4295      	cmp	r5, r2
20005990:	d812      	bhi.n	200059b8 <cdcd_open+0x5c>
20005992:	7823      	ldrb	r3, [r4, #0]
20005994:	195d      	adds	r5, r3, r5
20005996:	b2ad      	uxth	r5, r5
20005998:	18e4      	adds	r4, r4, r3
2000599a:	e7f5      	b.n	20005988 <cdcd_open+0x2c>
2000599c:	0173      	lsls	r3, r6, #5
2000599e:	199b      	adds	r3, r3, r6
200059a0:	00db      	lsls	r3, r3, #3
200059a2:	199c      	adds	r4, r3, r6
200059a4:	00e4      	lsls	r4, r4, #3
200059a6:	4822      	ldr	r0, [pc, #136]	@ (20005a30 <cdcd_open+0xd4>)
200059a8:	1824      	adds	r4, r4, r0
200059aa:	46a0      	mov	r8, r4
200059ac:	78a3      	ldrb	r3, [r4, #2]
200059ae:	2b00      	cmp	r3, #0
200059b0:	d0e2      	beq.n	20005978 <cdcd_open+0x1c>
200059b2:	3601      	adds	r6, #1
200059b4:	b2f6      	uxtb	r6, r6
200059b6:	e7dd      	b.n	20005974 <cdcd_open+0x18>
200059b8:	2b05      	cmp	r3, #5
200059ba:	d009      	beq.n	200059d0 <cdcd_open+0x74>
200059bc:	7863      	ldrb	r3, [r4, #1]
200059be:	2b04      	cmp	r3, #4
200059c0:	d102      	bne.n	200059c8 <cdcd_open+0x6c>
200059c2:	7963      	ldrb	r3, [r4, #5]
200059c4:	2b0a      	cmp	r3, #10
200059c6:	d011      	beq.n	200059ec <cdcd_open+0x90>
200059c8:	0030      	movs	r0, r6
200059ca:	f7ff fdc5 	bl	20005558 <_prep_out_transaction>
200059ce:	e021      	b.n	20005a14 <cdcd_open+0xb8>
200059d0:	0021      	movs	r1, r4
200059d2:	0038      	movs	r0, r7
200059d4:	f7ff f938 	bl	20004c48 <usbd_edpt_open>
200059d8:	2800      	cmp	r0, #0
200059da:	d024      	beq.n	20005a26 <cdcd_open+0xca>
200059dc:	78a3      	ldrb	r3, [r4, #2]
200059de:	4642      	mov	r2, r8
200059e0:	7053      	strb	r3, [r2, #1]
200059e2:	7823      	ldrb	r3, [r4, #0]
200059e4:	195d      	adds	r5, r3, r5
200059e6:	b2ad      	uxth	r5, r5
200059e8:	18e4      	adds	r4, r4, r3
200059ea:	e7e7      	b.n	200059bc <cdcd_open+0x60>
200059ec:	7821      	ldrb	r1, [r4, #0]
200059ee:	194d      	adds	r5, r1, r5
200059f0:	b2ad      	uxth	r5, r5
200059f2:	1861      	adds	r1, r4, r1
200059f4:	4642      	mov	r2, r8
200059f6:	1c93      	adds	r3, r2, #2
200059f8:	9301      	str	r3, [sp, #4]
200059fa:	1cd3      	adds	r3, r2, #3
200059fc:	9300      	str	r3, [sp, #0]
200059fe:	2302      	movs	r3, #2
20005a00:	2202      	movs	r2, #2
20005a02:	0038      	movs	r0, r7
20005a04:	f7ff f93a 	bl	20004c7c <usbd_open_edpt_pair>
20005a08:	2800      	cmp	r0, #0
20005a0a:	d00e      	beq.n	20005a2a <cdcd_open+0xce>
20005a0c:	350e      	adds	r5, #14
20005a0e:	b2ad      	uxth	r5, r5
20005a10:	e7da      	b.n	200059c8 <cdcd_open+0x6c>
20005a12:	2500      	movs	r5, #0
20005a14:	0028      	movs	r0, r5
20005a16:	b002      	add	sp, #8
20005a18:	bc80      	pop	{r7}
20005a1a:	46b8      	mov	r8, r7
20005a1c:	bdf0      	pop	{r4, r5, r6, r7, pc}
20005a1e:	2500      	movs	r5, #0
20005a20:	e7f8      	b.n	20005a14 <cdcd_open+0xb8>
20005a22:	2500      	movs	r5, #0
20005a24:	e7f6      	b.n	20005a14 <cdcd_open+0xb8>
20005a26:	2500      	movs	r5, #0
20005a28:	e7f4      	b.n	20005a14 <cdcd_open+0xb8>
20005a2a:	2500      	movs	r5, #0
20005a2c:	e7f2      	b.n	20005a14 <cdcd_open+0xb8>
20005a2e:	46c0      	nop			@ (mov r8, r8)
20005a30:	200095a0 	.word	0x200095a0

20005a34 <cdcd_control_xfer_cb>:
20005a34:	b570      	push	{r4, r5, r6, lr}
20005a36:	0006      	movs	r6, r0
20005a38:	000d      	movs	r5, r1
20005a3a:	0011      	movs	r1, r2
20005a3c:	7812      	ldrb	r2, [r2, #0]
20005a3e:	2360      	movs	r3, #96	@ 0x60
20005a40:	4013      	ands	r3, r2
20005a42:	2b20      	cmp	r3, #32
20005a44:	d000      	beq.n	20005a48 <cdcd_control_xfer_cb+0x14>
20005a46:	e08a      	b.n	20005b5e <cdcd_control_xfer_cb+0x12a>
20005a48:	2400      	movs	r4, #0
20005a4a:	2c00      	cmp	r4, #0
20005a4c:	d00f      	beq.n	20005a6e <cdcd_control_xfer_cb+0x3a>
20005a4e:	2c00      	cmp	r4, #0
20005a50:	d000      	beq.n	20005a54 <cdcd_control_xfer_cb+0x20>
20005a52:	e086      	b.n	20005b62 <cdcd_control_xfer_cb+0x12e>
20005a54:	784b      	ldrb	r3, [r1, #1]
20005a56:	2b22      	cmp	r3, #34	@ 0x22
20005a58:	d048      	beq.n	20005aec <cdcd_control_xfer_cb+0xb8>
20005a5a:	d81c      	bhi.n	20005a96 <cdcd_control_xfer_cb+0x62>
20005a5c:	2b20      	cmp	r3, #32
20005a5e:	d024      	beq.n	20005aaa <cdcd_control_xfer_cb+0x76>
20005a60:	2b21      	cmp	r3, #33	@ 0x21
20005a62:	d116      	bne.n	20005a92 <cdcd_control_xfer_cb+0x5e>
20005a64:	002b      	movs	r3, r5
20005a66:	2d01      	cmp	r5, #1
20005a68:	d038      	beq.n	20005adc <cdcd_control_xfer_cb+0xa8>
20005a6a:	2001      	movs	r0, #1
20005a6c:	e078      	b.n	20005b60 <cdcd_control_xfer_cb+0x12c>
20005a6e:	0163      	lsls	r3, r4, #5
20005a70:	191b      	adds	r3, r3, r4
20005a72:	00db      	lsls	r3, r3, #3
20005a74:	191a      	adds	r2, r3, r4
20005a76:	00d2      	lsls	r2, r2, #3
20005a78:	483e      	ldr	r0, [pc, #248]	@ (20005b74 <cdcd_control_xfer_cb+0x140>)
20005a7a:	4694      	mov	ip, r2
20005a7c:	4484      	add	ip, r0
20005a7e:	5c82      	ldrb	r2, [r0, r2]
20005a80:	7908      	ldrb	r0, [r1, #4]
20005a82:	794b      	ldrb	r3, [r1, #5]
20005a84:	021b      	lsls	r3, r3, #8
20005a86:	4303      	orrs	r3, r0
20005a88:	429a      	cmp	r2, r3
20005a8a:	d0e0      	beq.n	20005a4e <cdcd_control_xfer_cb+0x1a>
20005a8c:	3401      	adds	r4, #1
20005a8e:	b2e4      	uxtb	r4, r4
20005a90:	e7db      	b.n	20005a4a <cdcd_control_xfer_cb+0x16>
20005a92:	2000      	movs	r0, #0
20005a94:	e064      	b.n	20005b60 <cdcd_control_xfer_cb+0x12c>
20005a96:	2b23      	cmp	r3, #35	@ 0x23
20005a98:	d105      	bne.n	20005aa6 <cdcd_control_xfer_cb+0x72>
20005a9a:	2d01      	cmp	r5, #1
20005a9c:	d04e      	beq.n	20005b3c <cdcd_control_xfer_cb+0x108>
20005a9e:	2d03      	cmp	r5, #3
20005aa0:	d051      	beq.n	20005b46 <cdcd_control_xfer_cb+0x112>
20005aa2:	2001      	movs	r0, #1
20005aa4:	e05c      	b.n	20005b60 <cdcd_control_xfer_cb+0x12c>
20005aa6:	2000      	movs	r0, #0
20005aa8:	e05a      	b.n	20005b60 <cdcd_control_xfer_cb+0x12c>
20005aaa:	002b      	movs	r3, r5
20005aac:	2d01      	cmp	r5, #1
20005aae:	d003      	beq.n	20005ab8 <cdcd_control_xfer_cb+0x84>
20005ab0:	2d03      	cmp	r5, #3
20005ab2:	d009      	beq.n	20005ac8 <cdcd_control_xfer_cb+0x94>
20005ab4:	2001      	movs	r0, #1
20005ab6:	e053      	b.n	20005b60 <cdcd_control_xfer_cb+0x12c>
20005ab8:	4662      	mov	r2, ip
20005aba:	3208      	adds	r2, #8
20005abc:	3306      	adds	r3, #6
20005abe:	0030      	movs	r0, r6
20005ac0:	f7ff fca2 	bl	20005408 <tud_control_xfer>
20005ac4:	2001      	movs	r0, #1
20005ac6:	e04b      	b.n	20005b60 <cdcd_control_xfer_cb+0x12c>
20005ac8:	4b2b      	ldr	r3, [pc, #172]	@ (20005b78 <cdcd_control_xfer_cb+0x144>)
20005aca:	2b00      	cmp	r3, #0
20005acc:	d04b      	beq.n	20005b66 <cdcd_control_xfer_cb+0x132>
20005ace:	4661      	mov	r1, ip
20005ad0:	3108      	adds	r1, #8
20005ad2:	0020      	movs	r0, r4
20005ad4:	f7fa fea2 	bl	2000081c <tud_cdc_line_coding_cb>
20005ad8:	2001      	movs	r0, #1
20005ada:	e041      	b.n	20005b60 <cdcd_control_xfer_cb+0x12c>
20005adc:	4662      	mov	r2, ip
20005ade:	3208      	adds	r2, #8
20005ae0:	3306      	adds	r3, #6
20005ae2:	0030      	movs	r0, r6
20005ae4:	f7ff fc90 	bl	20005408 <tud_control_xfer>
20005ae8:	2001      	movs	r0, #1
20005aea:	e039      	b.n	20005b60 <cdcd_control_xfer_cb+0x12c>
20005aec:	2d01      	cmp	r5, #1
20005aee:	d003      	beq.n	20005af8 <cdcd_control_xfer_cb+0xc4>
20005af0:	2d03      	cmp	r5, #3
20005af2:	d006      	beq.n	20005b02 <cdcd_control_xfer_cb+0xce>
20005af4:	2001      	movs	r0, #1
20005af6:	e033      	b.n	20005b60 <cdcd_control_xfer_cb+0x12c>
20005af8:	0030      	movs	r0, r6
20005afa:	f7ff fc71 	bl	200053e0 <tud_control_status>
20005afe:	2001      	movs	r0, #1
20005b00:	e02e      	b.n	20005b60 <cdcd_control_xfer_cb+0x12c>
20005b02:	788a      	ldrb	r2, [r1, #2]
20005b04:	78cb      	ldrb	r3, [r1, #3]
20005b06:	021b      	lsls	r3, r3, #8
20005b08:	4313      	orrs	r3, r2
20005b0a:	2201      	movs	r2, #1
20005b0c:	0015      	movs	r5, r2
20005b0e:	401d      	ands	r5, r3
20005b10:	0859      	lsrs	r1, r3, #1
20005b12:	400a      	ands	r2, r1
20005b14:	0016      	movs	r6, r2
20005b16:	4662      	mov	r2, ip
20005b18:	7113      	strb	r3, [r2, #4]
20005b1a:	2101      	movs	r1, #1
20005b1c:	4069      	eors	r1, r5
20005b1e:	b2c9      	uxtb	r1, r1
20005b20:	4660      	mov	r0, ip
20005b22:	3024      	adds	r0, #36	@ 0x24
20005b24:	f000 fc1d 	bl	20006362 <tu_fifo_set_overwritable>
20005b28:	4b14      	ldr	r3, [pc, #80]	@ (20005b7c <cdcd_control_xfer_cb+0x148>)
20005b2a:	2b00      	cmp	r3, #0
20005b2c:	d01d      	beq.n	20005b6a <cdcd_control_xfer_cb+0x136>
20005b2e:	0032      	movs	r2, r6
20005b30:	0029      	movs	r1, r5
20005b32:	0020      	movs	r0, r4
20005b34:	f7fa fe56 	bl	200007e4 <tud_cdc_line_state_cb>
20005b38:	2001      	movs	r0, #1
20005b3a:	e011      	b.n	20005b60 <cdcd_control_xfer_cb+0x12c>
20005b3c:	0030      	movs	r0, r6
20005b3e:	f7ff fc4f 	bl	200053e0 <tud_control_status>
20005b42:	2001      	movs	r0, #1
20005b44:	e00c      	b.n	20005b60 <cdcd_control_xfer_cb+0x12c>
20005b46:	4b0e      	ldr	r3, [pc, #56]	@ (20005b80 <cdcd_control_xfer_cb+0x14c>)
20005b48:	2b00      	cmp	r3, #0
20005b4a:	d010      	beq.n	20005b6e <cdcd_control_xfer_cb+0x13a>
20005b4c:	788b      	ldrb	r3, [r1, #2]
20005b4e:	78c9      	ldrb	r1, [r1, #3]
20005b50:	0209      	lsls	r1, r1, #8
20005b52:	4319      	orrs	r1, r3
20005b54:	0020      	movs	r0, r4
20005b56:	e000      	b.n	20005b5a <cdcd_control_xfer_cb+0x126>
20005b58:	bf00      	nop
20005b5a:	2001      	movs	r0, #1
20005b5c:	e000      	b.n	20005b60 <cdcd_control_xfer_cb+0x12c>
20005b5e:	2000      	movs	r0, #0
20005b60:	bd70      	pop	{r4, r5, r6, pc}
20005b62:	2000      	movs	r0, #0
20005b64:	e7fc      	b.n	20005b60 <cdcd_control_xfer_cb+0x12c>
20005b66:	2001      	movs	r0, #1
20005b68:	e7fa      	b.n	20005b60 <cdcd_control_xfer_cb+0x12c>
20005b6a:	2001      	movs	r0, #1
20005b6c:	e7f8      	b.n	20005b60 <cdcd_control_xfer_cb+0x12c>
20005b6e:	2001      	movs	r0, #1
20005b70:	e7f6      	b.n	20005b60 <cdcd_control_xfer_cb+0x12c>
20005b72:	46c0      	nop			@ (mov r8, r8)
20005b74:	200095a0 	.word	0x200095a0
20005b78:	2000081d 	.word	0x2000081d
20005b7c:	200007e5 	.word	0x200007e5
20005b80:	00000000 	.word	0x00000000

20005b84 <cdcd_xfer_cb>:
20005b84:	b5f0      	push	{r4, r5, r6, r7, lr}
20005b86:	46ce      	mov	lr, r9
20005b88:	4647      	mov	r7, r8
20005b8a:	b580      	push	{r7, lr}
20005b8c:	b083      	sub	sp, #12
20005b8e:	9001      	str	r0, [sp, #4]
20005b90:	000e      	movs	r6, r1
20005b92:	9300      	str	r3, [sp, #0]
20005b94:	2400      	movs	r4, #0
20005b96:	2c00      	cmp	r4, #0
20005b98:	d010      	beq.n	20005bbc <cdcd_xfer_cb+0x38>
20005b9a:	2c00      	cmp	r4, #0
20005b9c:	d000      	beq.n	20005ba0 <cdcd_xfer_cb+0x1c>
20005b9e:	e080      	b.n	20005ca2 <cdcd_xfer_cb+0x11e>
20005ba0:	46a0      	mov	r8, r4
20005ba2:	78eb      	ldrb	r3, [r5, #3]
20005ba4:	42b3      	cmp	r3, r6
20005ba6:	d019      	beq.n	20005bdc <cdcd_xfer_cb+0x58>
20005ba8:	78ab      	ldrb	r3, [r5, #2]
20005baa:	42b3      	cmp	r3, r6
20005bac:	d050      	beq.n	20005c50 <cdcd_xfer_cb+0xcc>
20005bae:	2401      	movs	r4, #1
20005bb0:	0020      	movs	r0, r4
20005bb2:	b003      	add	sp, #12
20005bb4:	bcc0      	pop	{r6, r7}
20005bb6:	46b9      	mov	r9, r7
20005bb8:	46b0      	mov	r8, r6
20005bba:	bdf0      	pop	{r4, r5, r6, r7, pc}
20005bbc:	0165      	lsls	r5, r4, #5
20005bbe:	192d      	adds	r5, r5, r4
20005bc0:	00ed      	lsls	r5, r5, #3
20005bc2:	192d      	adds	r5, r5, r4
20005bc4:	00ed      	lsls	r5, r5, #3
20005bc6:	4b3a      	ldr	r3, [pc, #232]	@ (20005cb0 <cdcd_xfer_cb+0x12c>)
20005bc8:	18ed      	adds	r5, r5, r3
20005bca:	78eb      	ldrb	r3, [r5, #3]
20005bcc:	42b3      	cmp	r3, r6
20005bce:	d0e4      	beq.n	20005b9a <cdcd_xfer_cb+0x16>
20005bd0:	78ab      	ldrb	r3, [r5, #2]
20005bd2:	42b3      	cmp	r3, r6
20005bd4:	d0e1      	beq.n	20005b9a <cdcd_xfer_cb+0x16>
20005bd6:	3401      	adds	r4, #1
20005bd8:	b2e4      	uxtb	r4, r4
20005bda:	e7dc      	b.n	20005b96 <cdcd_xfer_cb+0x12>
20005bdc:	2310      	movs	r3, #16
20005bde:	469c      	mov	ip, r3
20005be0:	44ac      	add	ip, r5
20005be2:	4660      	mov	r0, ip
20005be4:	46e1      	mov	r9, ip
20005be6:	01e1      	lsls	r1, r4, #7
20005be8:	4b32      	ldr	r3, [pc, #200]	@ (20005cb4 <cdcd_xfer_cb+0x130>)
20005bea:	18c9      	adds	r1, r1, r3
20005bec:	466b      	mov	r3, sp
20005bee:	881a      	ldrh	r2, [r3, #0]
20005bf0:	f000 fb93 	bl	2000631a <tu_fifo_write_n>
20005bf4:	4b30      	ldr	r3, [pc, #192]	@ (20005cb8 <cdcd_xfer_cb+0x134>)
20005bf6:	2b00      	cmp	r3, #0
20005bf8:	d01a      	beq.n	20005c30 <cdcd_xfer_cb+0xac>
20005bfa:	796b      	ldrb	r3, [r5, #5]
20005bfc:	2bff      	cmp	r3, #255	@ 0xff
20005bfe:	d017      	beq.n	20005c30 <cdcd_xfer_cb+0xac>
20005c00:	2700      	movs	r7, #0
20005c02:	e000      	b.n	20005c06 <cdcd_xfer_cb+0x82>
20005c04:	3701      	adds	r7, #1
20005c06:	9b00      	ldr	r3, [sp, #0]
20005c08:	429f      	cmp	r7, r3
20005c0a:	d211      	bcs.n	20005c30 <cdcd_xfer_cb+0xac>
20005c0c:	796a      	ldrb	r2, [r5, #5]
20005c0e:	4b29      	ldr	r3, [pc, #164]	@ (20005cb4 <cdcd_xfer_cb+0x130>)
20005c10:	4641      	mov	r1, r8
20005c12:	01c9      	lsls	r1, r1, #7
20005c14:	185b      	adds	r3, r3, r1
20005c16:	5ddb      	ldrb	r3, [r3, r7]
20005c18:	429a      	cmp	r2, r3
20005c1a:	d1f3      	bne.n	20005c04 <cdcd_xfer_cb+0x80>
20005c1c:	4648      	mov	r0, r9
20005c1e:	f000 faee 	bl	200061fe <tu_fifo_empty>
20005c22:	2800      	cmp	r0, #0
20005c24:	d1ee      	bne.n	20005c04 <cdcd_xfer_cb+0x80>
20005c26:	7969      	ldrb	r1, [r5, #5]
20005c28:	0020      	movs	r0, r4
20005c2a:	e000      	b.n	20005c2e <cdcd_xfer_cb+0xaa>
20005c2c:	bf00      	nop
20005c2e:	e7e9      	b.n	20005c04 <cdcd_xfer_cb+0x80>
20005c30:	4b22      	ldr	r3, [pc, #136]	@ (20005cbc <cdcd_xfer_cb+0x138>)
20005c32:	2b00      	cmp	r3, #0
20005c34:	d004      	beq.n	20005c40 <cdcd_xfer_cb+0xbc>
20005c36:	4648      	mov	r0, r9
20005c38:	f000 fae1 	bl	200061fe <tu_fifo_empty>
20005c3c:	2800      	cmp	r0, #0
20005c3e:	d003      	beq.n	20005c48 <cdcd_xfer_cb+0xc4>
20005c40:	0020      	movs	r0, r4
20005c42:	f7ff fc89 	bl	20005558 <_prep_out_transaction>
20005c46:	e7af      	b.n	20005ba8 <cdcd_xfer_cb+0x24>
20005c48:	0020      	movs	r0, r4
20005c4a:	e000      	b.n	20005c4e <cdcd_xfer_cb+0xca>
20005c4c:	bf00      	nop
20005c4e:	e7f7      	b.n	20005c40 <cdcd_xfer_cb+0xbc>
20005c50:	4b1b      	ldr	r3, [pc, #108]	@ (20005cc0 <cdcd_xfer_cb+0x13c>)
20005c52:	2b00      	cmp	r3, #0
20005c54:	d002      	beq.n	20005c5c <cdcd_xfer_cb+0xd8>
20005c56:	0020      	movs	r0, r4
20005c58:	e000      	b.n	20005c5c <cdcd_xfer_cb+0xd8>
20005c5a:	bf00      	nop
20005c5c:	0020      	movs	r0, r4
20005c5e:	f7ff fd19 	bl	20005694 <tud_cdc_n_write_flush>
20005c62:	2800      	cmp	r0, #0
20005c64:	d001      	beq.n	20005c6a <cdcd_xfer_cb+0xe6>
20005c66:	2401      	movs	r4, #1
20005c68:	e7a2      	b.n	20005bb0 <cdcd_xfer_cb+0x2c>
20005c6a:	0028      	movs	r0, r5
20005c6c:	3024      	adds	r0, #36	@ 0x24
20005c6e:	f000 fab0 	bl	200061d2 <tu_fifo_count>
20005c72:	2800      	cmp	r0, #0
20005c74:	d117      	bne.n	20005ca6 <cdcd_xfer_cb+0x122>
20005c76:	9b00      	ldr	r3, [sp, #0]
20005c78:	2b00      	cmp	r3, #0
20005c7a:	d016      	beq.n	20005caa <cdcd_xfer_cb+0x126>
20005c7c:	069b      	lsls	r3, r3, #26
20005c7e:	d001      	beq.n	20005c84 <cdcd_xfer_cb+0x100>
20005c80:	2401      	movs	r4, #1
20005c82:	e795      	b.n	20005bb0 <cdcd_xfer_cb+0x2c>
20005c84:	78a9      	ldrb	r1, [r5, #2]
20005c86:	9801      	ldr	r0, [sp, #4]
20005c88:	f7ff f826 	bl	20004cd8 <usbd_edpt_claim>
20005c8c:	1e04      	subs	r4, r0, #0
20005c8e:	d101      	bne.n	20005c94 <cdcd_xfer_cb+0x110>
20005c90:	2401      	movs	r4, #1
20005c92:	e78d      	b.n	20005bb0 <cdcd_xfer_cb+0x2c>
20005c94:	78a9      	ldrb	r1, [r5, #2]
20005c96:	2300      	movs	r3, #0
20005c98:	2200      	movs	r2, #0
20005c9a:	9801      	ldr	r0, [sp, #4]
20005c9c:	f7ff f844 	bl	20004d28 <usbd_edpt_xfer>
20005ca0:	e786      	b.n	20005bb0 <cdcd_xfer_cb+0x2c>
20005ca2:	2400      	movs	r4, #0
20005ca4:	e784      	b.n	20005bb0 <cdcd_xfer_cb+0x2c>
20005ca6:	2401      	movs	r4, #1
20005ca8:	e782      	b.n	20005bb0 <cdcd_xfer_cb+0x2c>
20005caa:	2401      	movs	r4, #1
20005cac:	e780      	b.n	20005bb0 <cdcd_xfer_cb+0x2c>
20005cae:	46c0      	nop			@ (mov r8, r8)
20005cb0:	200095a0 	.word	0x200095a0
20005cb4:	2000951c 	.word	0x2000951c
	...

20005cc4 <tusb_rhport_init>:
20005cc4:	b500      	push	{lr}
20005cc6:	b083      	sub	sp, #12
20005cc8:	2900      	cmp	r1, #0
20005cca:	d00a      	beq.n	20005ce2 <tusb_rhport_init+0x1e>
20005ccc:	2801      	cmp	r0, #1
20005cce:	d819      	bhi.n	20005d04 <tusb_rhport_init+0x40>
20005cd0:	780b      	ldrb	r3, [r1, #0]
20005cd2:	2b00      	cmp	r3, #0
20005cd4:	d019      	beq.n	20005d0a <tusb_rhport_init+0x46>
20005cd6:	4a0e      	ldr	r2, [pc, #56]	@ (20005d10 <tusb_rhport_init+0x4c>)
20005cd8:	5413      	strb	r3, [r2, r0]
20005cda:	2b01      	cmp	r3, #1
20005cdc:	d00f      	beq.n	20005cfe <tusb_rhport_init+0x3a>
20005cde:	2001      	movs	r0, #1
20005ce0:	e011      	b.n	20005d06 <tusb_rhport_init+0x42>
20005ce2:	a901      	add	r1, sp, #4
20005ce4:	2301      	movs	r3, #1
20005ce6:	700b      	strb	r3, [r1, #0]
20005ce8:	2300      	movs	r3, #0
20005cea:	704b      	strb	r3, [r1, #1]
20005cec:	2000      	movs	r0, #0
20005cee:	f7fe ff45 	bl	20004b7c <tud_rhport_init>
20005cf2:	2800      	cmp	r0, #0
20005cf4:	d007      	beq.n	20005d06 <tusb_rhport_init+0x42>
20005cf6:	4b06      	ldr	r3, [pc, #24]	@ (20005d10 <tusb_rhport_init+0x4c>)
20005cf8:	2201      	movs	r2, #1
20005cfa:	701a      	strb	r2, [r3, #0]
20005cfc:	e003      	b.n	20005d06 <tusb_rhport_init+0x42>
20005cfe:	f7fe ff3d 	bl	20004b7c <tud_rhport_init>
20005d02:	e000      	b.n	20005d06 <tusb_rhport_init+0x42>
20005d04:	2000      	movs	r0, #0
20005d06:	b003      	add	sp, #12
20005d08:	bd00      	pop	{pc}
20005d0a:	2000      	movs	r0, #0
20005d0c:	e7fb      	b.n	20005d06 <tusb_rhport_init+0x42>
20005d0e:	46c0      	nop			@ (mov r8, r8)
20005d10:	20009e3c 	.word	0x20009e3c

20005d14 <tu_edpt_claim>:
20005d14:	b570      	push	{r4, r5, r6, lr}
20005d16:	0004      	movs	r4, r0
20005d18:	000a      	movs	r2, r1
20005d1a:	000d      	movs	r5, r1
20005d1c:	7803      	ldrb	r3, [r0, #0]
20005d1e:	07db      	lsls	r3, r3, #31
20005d20:	0fd8      	lsrs	r0, r3, #31
20005d22:	2b00      	cmp	r3, #0
20005d24:	d11f      	bne.n	20005d66 <tu_edpt_claim+0x52>
20005d26:	7823      	ldrb	r3, [r4, #0]
20005d28:	075b      	lsls	r3, r3, #29
20005d2a:	0fd9      	lsrs	r1, r3, #31
20005d2c:	000e      	movs	r6, r1
20005d2e:	2b00      	cmp	r3, #0
20005d30:	db1a      	blt.n	20005d68 <tu_edpt_claim+0x54>
20005d32:	2101      	movs	r1, #1
20005d34:	4249      	negs	r1, r1
20005d36:	0010      	movs	r0, r2
20005d38:	f000 fc8c 	bl	20006654 <mutex_enter_timeout_ms>
20005d3c:	7823      	ldrb	r3, [r4, #0]
20005d3e:	07db      	lsls	r3, r3, #31
20005d40:	0fda      	lsrs	r2, r3, #31
20005d42:	2b00      	cmp	r3, #0
20005d44:	d108      	bne.n	20005d58 <tu_edpt_claim+0x44>
20005d46:	7823      	ldrb	r3, [r4, #0]
20005d48:	075b      	lsls	r3, r3, #29
20005d4a:	d40a      	bmi.n	20005d62 <tu_edpt_claim+0x4e>
20005d4c:	7823      	ldrb	r3, [r4, #0]
20005d4e:	2204      	movs	r2, #4
20005d50:	4313      	orrs	r3, r2
20005d52:	7023      	strb	r3, [r4, #0]
20005d54:	2301      	movs	r3, #1
20005d56:	001e      	movs	r6, r3
20005d58:	0028      	movs	r0, r5
20005d5a:	f000 fc99 	bl	20006690 <mutex_exit>
20005d5e:	0030      	movs	r0, r6
20005d60:	e002      	b.n	20005d68 <tu_edpt_claim+0x54>
20005d62:	0016      	movs	r6, r2
20005d64:	e7f8      	b.n	20005d58 <tu_edpt_claim+0x44>
20005d66:	2000      	movs	r0, #0
20005d68:	bd70      	pop	{r4, r5, r6, pc}

20005d6a <tu_edpt_release>:
20005d6a:	b570      	push	{r4, r5, r6, lr}
20005d6c:	0004      	movs	r4, r0
20005d6e:	0006      	movs	r6, r0
20005d70:	000a      	movs	r2, r1
20005d72:	000d      	movs	r5, r1
20005d74:	2101      	movs	r1, #1
20005d76:	4249      	negs	r1, r1
20005d78:	0010      	movs	r0, r2
20005d7a:	f000 fc6b 	bl	20006654 <mutex_enter_timeout_ms>
20005d7e:	7823      	ldrb	r3, [r4, #0]
20005d80:	075b      	lsls	r3, r3, #29
20005d82:	0fda      	lsrs	r2, r3, #31
20005d84:	0014      	movs	r4, r2
20005d86:	2b00      	cmp	r3, #0
20005d88:	db04      	blt.n	20005d94 <tu_edpt_release+0x2a>
20005d8a:	0028      	movs	r0, r5
20005d8c:	f000 fc80 	bl	20006690 <mutex_exit>
20005d90:	0020      	movs	r0, r4
20005d92:	bd70      	pop	{r4, r5, r6, pc}
20005d94:	7833      	ldrb	r3, [r6, #0]
20005d96:	07db      	lsls	r3, r3, #31
20005d98:	d404      	bmi.n	20005da4 <tu_edpt_release+0x3a>
20005d9a:	7833      	ldrb	r3, [r6, #0]
20005d9c:	2204      	movs	r2, #4
20005d9e:	4393      	bics	r3, r2
20005da0:	7033      	strb	r3, [r6, #0]
20005da2:	e7f2      	b.n	20005d8a <tu_edpt_release+0x20>
20005da4:	2300      	movs	r3, #0
20005da6:	001c      	movs	r4, r3
20005da8:	e7ef      	b.n	20005d8a <tu_edpt_release+0x20>
	...

20005dac <tu_edpt_validate>:
20005dac:	7902      	ldrb	r2, [r0, #4]
20005dae:	7943      	ldrb	r3, [r0, #5]
20005db0:	021b      	lsls	r3, r3, #8
20005db2:	4313      	orrs	r3, r2
20005db4:	055b      	lsls	r3, r3, #21
20005db6:	0d5b      	lsrs	r3, r3, #21
20005db8:	78c2      	ldrb	r2, [r0, #3]
20005dba:	0792      	lsls	r2, r2, #30
20005dbc:	0f92      	lsrs	r2, r2, #30
20005dbe:	2a02      	cmp	r2, #2
20005dc0:	d00d      	beq.n	20005dde <tu_edpt_validate+0x32>
20005dc2:	2a03      	cmp	r2, #3
20005dc4:	d017      	beq.n	20005df6 <tu_edpt_validate+0x4a>
20005dc6:	2a01      	cmp	r2, #1
20005dc8:	d11f      	bne.n	20005e0a <tu_edpt_validate+0x5e>
20005dca:	2902      	cmp	r1, #2
20005dcc:	d004      	beq.n	20005dd8 <tu_edpt_validate+0x2c>
20005dce:	4a14      	ldr	r2, [pc, #80]	@ (20005e20 <tu_edpt_validate+0x74>)
20005dd0:	429a      	cmp	r2, r3
20005dd2:	d31c      	bcc.n	20005e0e <tu_edpt_validate+0x62>
20005dd4:	2001      	movs	r0, #1
20005dd6:	e019      	b.n	20005e0c <tu_edpt_validate+0x60>
20005dd8:	2280      	movs	r2, #128	@ 0x80
20005dda:	00d2      	lsls	r2, r2, #3
20005ddc:	e7f8      	b.n	20005dd0 <tu_edpt_validate+0x24>
20005dde:	2902      	cmp	r1, #2
20005de0:	d003      	beq.n	20005dea <tu_edpt_validate+0x3e>
20005de2:	2b40      	cmp	r3, #64	@ 0x40
20005de4:	d817      	bhi.n	20005e16 <tu_edpt_validate+0x6a>
20005de6:	2001      	movs	r0, #1
20005de8:	e010      	b.n	20005e0c <tu_edpt_validate+0x60>
20005dea:	2280      	movs	r2, #128	@ 0x80
20005dec:	0092      	lsls	r2, r2, #2
20005dee:	4293      	cmp	r3, r2
20005df0:	d10f      	bne.n	20005e12 <tu_edpt_validate+0x66>
20005df2:	2001      	movs	r0, #1
20005df4:	e00a      	b.n	20005e0c <tu_edpt_validate+0x60>
20005df6:	2902      	cmp	r1, #2
20005df8:	d004      	beq.n	20005e04 <tu_edpt_validate+0x58>
20005dfa:	2240      	movs	r2, #64	@ 0x40
20005dfc:	429a      	cmp	r2, r3
20005dfe:	d30c      	bcc.n	20005e1a <tu_edpt_validate+0x6e>
20005e00:	2001      	movs	r0, #1
20005e02:	e003      	b.n	20005e0c <tu_edpt_validate+0x60>
20005e04:	2280      	movs	r2, #128	@ 0x80
20005e06:	00d2      	lsls	r2, r2, #3
20005e08:	e7f8      	b.n	20005dfc <tu_edpt_validate+0x50>
20005e0a:	2000      	movs	r0, #0
20005e0c:	4770      	bx	lr
20005e0e:	2000      	movs	r0, #0
20005e10:	e7fc      	b.n	20005e0c <tu_edpt_validate+0x60>
20005e12:	2000      	movs	r0, #0
20005e14:	e7fa      	b.n	20005e0c <tu_edpt_validate+0x60>
20005e16:	2000      	movs	r0, #0
20005e18:	e7f8      	b.n	20005e0c <tu_edpt_validate+0x60>
20005e1a:	2000      	movs	r0, #0
20005e1c:	e7f6      	b.n	20005e0c <tu_edpt_validate+0x60>
20005e1e:	46c0      	nop			@ (mov r8, r8)
20005e20:	000003ff 	.word	0x000003ff

20005e24 <tu_edpt_bind_driver>:
20005e24:	b510      	push	{r4, lr}
20005e26:	4684      	mov	ip, r0
20005e28:	001c      	movs	r4, r3
20005e2a:	188b      	adds	r3, r1, r2
20005e2c:	e001      	b.n	20005e32 <tu_edpt_bind_driver+0xe>
20005e2e:	780a      	ldrb	r2, [r1, #0]
20005e30:	1889      	adds	r1, r1, r2
20005e32:	4299      	cmp	r1, r3
20005e34:	d20a      	bcs.n	20005e4c <tu_edpt_bind_driver+0x28>
20005e36:	784a      	ldrb	r2, [r1, #1]
20005e38:	2a05      	cmp	r2, #5
20005e3a:	d1f8      	bne.n	20005e2e <tu_edpt_bind_driver+0xa>
20005e3c:	7888      	ldrb	r0, [r1, #2]
20005e3e:	327a      	adds	r2, #122	@ 0x7a
20005e40:	4002      	ands	r2, r0
20005e42:	0052      	lsls	r2, r2, #1
20005e44:	4462      	add	r2, ip
20005e46:	09c0      	lsrs	r0, r0, #7
20005e48:	5414      	strb	r4, [r2, r0]
20005e4a:	e7f0      	b.n	20005e2e <tu_edpt_bind_driver+0xa>
20005e4c:	bd10      	pop	{r4, pc}

20005e4e <advance_index>:
20005e4e:	0003      	movs	r3, r0
20005e50:	188a      	adds	r2, r1, r2
20005e52:	b290      	uxth	r0, r2
20005e54:	4281      	cmp	r1, r0
20005e56:	d802      	bhi.n	20005e5e <advance_index+0x10>
20005e58:	005a      	lsls	r2, r3, #1
20005e5a:	4290      	cmp	r0, r2
20005e5c:	db03      	blt.n	20005e66 <advance_index+0x18>
20005e5e:	005b      	lsls	r3, r3, #1
20005e60:	b29b      	uxth	r3, r3
20005e62:	1ac0      	subs	r0, r0, r3
20005e64:	b280      	uxth	r0, r0
20005e66:	4770      	bx	lr

20005e68 <_tu_fifo_peek>:
20005e68:	b570      	push	{r4, r5, r6, lr}
20005e6a:	000e      	movs	r6, r1
20005e6c:	0014      	movs	r4, r2
20005e6e:	8881      	ldrh	r1, [r0, #4]
20005e70:	429a      	cmp	r2, r3
20005e72:	d30b      	bcc.n	20005e8c <_tu_fifo_peek+0x24>
20005e74:	1ad2      	subs	r2, r2, r3
20005e76:	b292      	uxth	r2, r2
20005e78:	2a00      	cmp	r2, #0
20005e7a:	d020      	beq.n	20005ebe <_tu_fifo_peek+0x56>
20005e7c:	4291      	cmp	r1, r2
20005e7e:	d211      	bcs.n	20005ea4 <_tu_fifo_peek+0x3c>
20005e80:	42a1      	cmp	r1, r4
20005e82:	d80a      	bhi.n	20005e9a <_tu_fifo_peek+0x32>
20005e84:	1a64      	subs	r4, r4, r1
20005e86:	b2a3      	uxth	r3, r4
20005e88:	8143      	strh	r3, [r0, #10]
20005e8a:	e00b      	b.n	20005ea4 <_tu_fifo_peek+0x3c>
20005e8c:	1ad2      	subs	r2, r2, r3
20005e8e:	b292      	uxth	r2, r2
20005e90:	004d      	lsls	r5, r1, #1
20005e92:	46ac      	mov	ip, r5
20005e94:	4462      	add	r2, ip
20005e96:	b292      	uxth	r2, r2
20005e98:	e7ee      	b.n	20005e78 <_tu_fifo_peek+0x10>
20005e9a:	190c      	adds	r4, r1, r4
20005e9c:	b2a3      	uxth	r3, r4
20005e9e:	e7f3      	b.n	20005e88 <_tu_fifo_peek+0x20>
20005ea0:	1a5b      	subs	r3, r3, r1
20005ea2:	b29b      	uxth	r3, r3
20005ea4:	4299      	cmp	r1, r3
20005ea6:	d9fb      	bls.n	20005ea0 <_tu_fifo_peek+0x38>
20005ea8:	6801      	ldr	r1, [r0, #0]
20005eaa:	88c2      	ldrh	r2, [r0, #6]
20005eac:	0452      	lsls	r2, r2, #17
20005eae:	0c52      	lsrs	r2, r2, #17
20005eb0:	4353      	muls	r3, r2
20005eb2:	18c9      	adds	r1, r1, r3
20005eb4:	0030      	movs	r0, r6
20005eb6:	f7fc ff99 	bl	20002dec <__wrap___aeabi_memcpy>
20005eba:	2001      	movs	r0, #1
20005ebc:	bd70      	pop	{r4, r5, r6, pc}
20005ebe:	2000      	movs	r0, #0
20005ec0:	e7fc      	b.n	20005ebc <_tu_fifo_peek+0x54>

20005ec2 <_ff_pull_n>:
20005ec2:	b5f8      	push	{r3, r4, r5, r6, r7, lr}
20005ec4:	46ce      	mov	lr, r9
20005ec6:	4647      	mov	r7, r8
20005ec8:	b580      	push	{r7, lr}
20005eca:	0004      	movs	r4, r0
20005ecc:	000f      	movs	r7, r1
20005ece:	0018      	movs	r0, r3
20005ed0:	ab08      	add	r3, sp, #32
20005ed2:	781b      	ldrb	r3, [r3, #0]
20005ed4:	469c      	mov	ip, r3
20005ed6:	88a3      	ldrh	r3, [r4, #4]
20005ed8:	1a19      	subs	r1, r3, r0
20005eda:	b289      	uxth	r1, r1
20005edc:	1ac3      	subs	r3, r0, r3
20005ede:	18d3      	adds	r3, r2, r3
20005ee0:	b29b      	uxth	r3, r3
20005ee2:	88e5      	ldrh	r5, [r4, #6]
20005ee4:	046d      	lsls	r5, r5, #17
20005ee6:	0c6d      	lsrs	r5, r5, #17
20005ee8:	000e      	movs	r6, r1
20005eea:	436e      	muls	r6, r5
20005eec:	b2b6      	uxth	r6, r6
20005eee:	46b0      	mov	r8, r6
20005ef0:	436b      	muls	r3, r5
20005ef2:	b29b      	uxth	r3, r3
20005ef4:	4699      	mov	r9, r3
20005ef6:	6823      	ldr	r3, [r4, #0]
20005ef8:	4368      	muls	r0, r5
20005efa:	181b      	adds	r3, r3, r0
20005efc:	4666      	mov	r6, ip
20005efe:	2e00      	cmp	r6, #0
20005f00:	d106      	bne.n	20005f10 <_ff_pull_n+0x4e>
20005f02:	4291      	cmp	r1, r2
20005f04:	d308      	bcc.n	20005f18 <_ff_pull_n+0x56>
20005f06:	436a      	muls	r2, r5
20005f08:	0019      	movs	r1, r3
20005f0a:	0038      	movs	r0, r7
20005f0c:	f7fc ff6e 	bl	20002dec <__wrap___aeabi_memcpy>
20005f10:	bcc0      	pop	{r6, r7}
20005f12:	46b9      	mov	r9, r7
20005f14:	46b0      	mov	r8, r6
20005f16:	bdf8      	pop	{r3, r4, r5, r6, r7, pc}
20005f18:	4646      	mov	r6, r8
20005f1a:	0032      	movs	r2, r6
20005f1c:	0019      	movs	r1, r3
20005f1e:	0038      	movs	r0, r7
20005f20:	f7fc ff64 	bl	20002dec <__wrap___aeabi_memcpy>
20005f24:	6821      	ldr	r1, [r4, #0]
20005f26:	0038      	movs	r0, r7
20005f28:	4440      	add	r0, r8
20005f2a:	464a      	mov	r2, r9
20005f2c:	f7fc ff5e 	bl	20002dec <__wrap___aeabi_memcpy>
20005f30:	e7ee      	b.n	20005f10 <_ff_pull_n+0x4e>

20005f32 <_tu_fifo_peek_n>:
20005f32:	b5f0      	push	{r4, r5, r6, r7, lr}
20005f34:	46c6      	mov	lr, r8
20005f36:	b500      	push	{lr}
20005f38:	b082      	sub	sp, #8
20005f3a:	000e      	movs	r6, r1
20005f3c:	0017      	movs	r7, r2
20005f3e:	0019      	movs	r1, r3
20005f40:	ab08      	add	r3, sp, #32
20005f42:	881b      	ldrh	r3, [r3, #0]
20005f44:	aa09      	add	r2, sp, #36	@ 0x24
20005f46:	7812      	ldrb	r2, [r2, #0]
20005f48:	4694      	mov	ip, r2
20005f4a:	8882      	ldrh	r2, [r0, #4]
20005f4c:	4299      	cmp	r1, r3
20005f4e:	d30f      	bcc.n	20005f70 <_tu_fifo_peek_n+0x3e>
20005f50:	1acc      	subs	r4, r1, r3
20005f52:	b2a4      	uxth	r4, r4
20005f54:	2c00      	cmp	r4, #0
20005f56:	d01f      	beq.n	20005f98 <_tu_fifo_peek_n+0x66>
20005f58:	42a2      	cmp	r2, r4
20005f5a:	d205      	bcs.n	20005f68 <_tu_fifo_peek_n+0x36>
20005f5c:	428a      	cmp	r2, r1
20005f5e:	d80e      	bhi.n	20005f7e <_tu_fifo_peek_n+0x4c>
20005f60:	1a8b      	subs	r3, r1, r2
20005f62:	b29b      	uxth	r3, r3
20005f64:	8143      	strh	r3, [r0, #10]
20005f66:	0014      	movs	r4, r2
20005f68:	42bc      	cmp	r4, r7
20005f6a:	d30d      	bcc.n	20005f88 <_tu_fifo_peek_n+0x56>
20005f6c:	003c      	movs	r4, r7
20005f6e:	e00b      	b.n	20005f88 <_tu_fifo_peek_n+0x56>
20005f70:	1acc      	subs	r4, r1, r3
20005f72:	b2a4      	uxth	r4, r4
20005f74:	0055      	lsls	r5, r2, #1
20005f76:	46a8      	mov	r8, r5
20005f78:	4444      	add	r4, r8
20005f7a:	b2a4      	uxth	r4, r4
20005f7c:	e7ea      	b.n	20005f54 <_tu_fifo_peek_n+0x22>
20005f7e:	1851      	adds	r1, r2, r1
20005f80:	b28b      	uxth	r3, r1
20005f82:	e7ef      	b.n	20005f64 <_tu_fifo_peek_n+0x32>
20005f84:	1a9b      	subs	r3, r3, r2
20005f86:	b29b      	uxth	r3, r3
20005f88:	429a      	cmp	r2, r3
20005f8a:	d9fb      	bls.n	20005f84 <_tu_fifo_peek_n+0x52>
20005f8c:	4662      	mov	r2, ip
20005f8e:	9200      	str	r2, [sp, #0]
20005f90:	0022      	movs	r2, r4
20005f92:	0031      	movs	r1, r6
20005f94:	f7ff ff95 	bl	20005ec2 <_ff_pull_n>
20005f98:	0020      	movs	r0, r4
20005f9a:	b002      	add	sp, #8
20005f9c:	bc80      	pop	{r7}
20005f9e:	46b8      	mov	r8, r7
20005fa0:	bdf0      	pop	{r4, r5, r6, r7, pc}

20005fa2 <_tu_fifo_read_n>:
20005fa2:	b5f0      	push	{r4, r5, r6, r7, lr}
20005fa4:	b083      	sub	sp, #12
20005fa6:	0004      	movs	r4, r0
20005fa8:	000d      	movs	r5, r1
20005faa:	0016      	movs	r6, r2
20005fac:	001f      	movs	r7, r3
20005fae:	6900      	ldr	r0, [r0, #16]
20005fb0:	2800      	cmp	r0, #0
20005fb2:	d003      	beq.n	20005fbc <_tu_fifo_read_n+0x1a>
20005fb4:	2101      	movs	r1, #1
20005fb6:	4249      	negs	r1, r1
20005fb8:	f000 fb4c 	bl	20006654 <mutex_enter_timeout_ms>
20005fbc:	8923      	ldrh	r3, [r4, #8]
20005fbe:	b29b      	uxth	r3, r3
20005fc0:	8962      	ldrh	r2, [r4, #10]
20005fc2:	9701      	str	r7, [sp, #4]
20005fc4:	9200      	str	r2, [sp, #0]
20005fc6:	0032      	movs	r2, r6
20005fc8:	0029      	movs	r1, r5
20005fca:	0020      	movs	r0, r4
20005fcc:	f7ff ffb1 	bl	20005f32 <_tu_fifo_peek_n>
20005fd0:	0002      	movs	r2, r0
20005fd2:	0005      	movs	r5, r0
20005fd4:	8961      	ldrh	r1, [r4, #10]
20005fd6:	b289      	uxth	r1, r1
20005fd8:	88a0      	ldrh	r0, [r4, #4]
20005fda:	f7ff ff38 	bl	20005e4e <advance_index>
20005fde:	8160      	strh	r0, [r4, #10]
20005fe0:	6920      	ldr	r0, [r4, #16]
20005fe2:	2800      	cmp	r0, #0
20005fe4:	d001      	beq.n	20005fea <_tu_fifo_read_n+0x48>
20005fe6:	f000 fb53 	bl	20006690 <mutex_exit>
20005fea:	0028      	movs	r0, r5
20005fec:	b003      	add	sp, #12
20005fee:	bdf0      	pop	{r4, r5, r6, r7, pc}

20005ff0 <_ff_push_n>:
20005ff0:	b5f8      	push	{r3, r4, r5, r6, r7, lr}
20005ff2:	46ce      	mov	lr, r9
20005ff4:	4647      	mov	r7, r8
20005ff6:	b580      	push	{r7, lr}
20005ff8:	0004      	movs	r4, r0
20005ffa:	000f      	movs	r7, r1
20005ffc:	0019      	movs	r1, r3
20005ffe:	ab08      	add	r3, sp, #32
20006000:	781b      	ldrb	r3, [r3, #0]
20006002:	469c      	mov	ip, r3
20006004:	8883      	ldrh	r3, [r0, #4]
20006006:	1a58      	subs	r0, r3, r1
20006008:	b280      	uxth	r0, r0
2000600a:	1acb      	subs	r3, r1, r3
2000600c:	18d3      	adds	r3, r2, r3
2000600e:	b29b      	uxth	r3, r3
20006010:	88e5      	ldrh	r5, [r4, #6]
20006012:	046d      	lsls	r5, r5, #17
20006014:	0c6d      	lsrs	r5, r5, #17
20006016:	0006      	movs	r6, r0
20006018:	436e      	muls	r6, r5
2000601a:	b2b6      	uxth	r6, r6
2000601c:	46b0      	mov	r8, r6
2000601e:	436b      	muls	r3, r5
20006020:	b29b      	uxth	r3, r3
20006022:	4699      	mov	r9, r3
20006024:	6823      	ldr	r3, [r4, #0]
20006026:	4369      	muls	r1, r5
20006028:	185b      	adds	r3, r3, r1
2000602a:	4666      	mov	r6, ip
2000602c:	2e00      	cmp	r6, #0
2000602e:	d106      	bne.n	2000603e <_ff_push_n+0x4e>
20006030:	4290      	cmp	r0, r2
20006032:	d308      	bcc.n	20006046 <_ff_push_n+0x56>
20006034:	436a      	muls	r2, r5
20006036:	0039      	movs	r1, r7
20006038:	0018      	movs	r0, r3
2000603a:	f7fc fed7 	bl	20002dec <__wrap___aeabi_memcpy>
2000603e:	bcc0      	pop	{r6, r7}
20006040:	46b9      	mov	r9, r7
20006042:	46b0      	mov	r8, r6
20006044:	bdf8      	pop	{r3, r4, r5, r6, r7, pc}
20006046:	4646      	mov	r6, r8
20006048:	0032      	movs	r2, r6
2000604a:	0039      	movs	r1, r7
2000604c:	0018      	movs	r0, r3
2000604e:	f7fc fecd 	bl	20002dec <__wrap___aeabi_memcpy>
20006052:	6820      	ldr	r0, [r4, #0]
20006054:	0039      	movs	r1, r7
20006056:	4441      	add	r1, r8
20006058:	464a      	mov	r2, r9
2000605a:	f7fc fec7 	bl	20002dec <__wrap___aeabi_memcpy>
2000605e:	e7ee      	b.n	2000603e <_ff_push_n+0x4e>

20006060 <_tu_fifo_write_n>:
20006060:	b5f0      	push	{r4, r5, r6, r7, lr}
20006062:	b085      	sub	sp, #20
20006064:	0004      	movs	r4, r0
20006066:	9103      	str	r1, [sp, #12]
20006068:	1e15      	subs	r5, r2, #0
2000606a:	9302      	str	r3, [sp, #8]
2000606c:	d100      	bne.n	20006070 <_tu_fifo_write_n+0x10>
2000606e:	e06d      	b.n	2000614c <_tu_fifo_write_n+0xec>
20006070:	68c0      	ldr	r0, [r0, #12]
20006072:	2800      	cmp	r0, #0
20006074:	d003      	beq.n	2000607e <_tu_fifo_write_n+0x1e>
20006076:	2101      	movs	r1, #1
20006078:	4249      	negs	r1, r1
2000607a:	f000 faeb 	bl	20006654 <mutex_enter_timeout_ms>
2000607e:	8927      	ldrh	r7, [r4, #8]
20006080:	b2bf      	uxth	r7, r7
20006082:	8961      	ldrh	r1, [r4, #10]
20006084:	b289      	uxth	r1, r1
20006086:	79e3      	ldrb	r3, [r4, #7]
20006088:	09db      	lsrs	r3, r3, #7
2000608a:	d118      	bne.n	200060be <_tu_fifo_write_n+0x5e>
2000608c:	88a3      	ldrh	r3, [r4, #4]
2000608e:	428f      	cmp	r7, r1
20006090:	d30f      	bcc.n	200060b2 <_tu_fifo_write_n+0x52>
20006092:	1a79      	subs	r1, r7, r1
20006094:	b289      	uxth	r1, r1
20006096:	428b      	cmp	r3, r1
20006098:	d956      	bls.n	20006148 <_tu_fifo_write_n+0xe8>
2000609a:	1a5b      	subs	r3, r3, r1
2000609c:	b29b      	uxth	r3, r3
2000609e:	1c2e      	adds	r6, r5, #0
200060a0:	429d      	cmp	r5, r3
200060a2:	d900      	bls.n	200060a6 <_tu_fifo_write_n+0x46>
200060a4:	1c1e      	adds	r6, r3, #0
200060a6:	b2b6      	uxth	r6, r6
200060a8:	2e00      	cmp	r6, #0
200060aa:	d045      	beq.n	20006138 <_tu_fifo_write_n+0xd8>
200060ac:	88a2      	ldrh	r2, [r4, #4]
200060ae:	003b      	movs	r3, r7
200060b0:	e033      	b.n	2000611a <_tu_fifo_write_n+0xba>
200060b2:	1a79      	subs	r1, r7, r1
200060b4:	b289      	uxth	r1, r1
200060b6:	005a      	lsls	r2, r3, #1
200060b8:	1889      	adds	r1, r1, r2
200060ba:	b289      	uxth	r1, r1
200060bc:	e7eb      	b.n	20006096 <_tu_fifo_write_n+0x36>
200060be:	88a6      	ldrh	r6, [r4, #4]
200060c0:	42ae      	cmp	r6, r5
200060c2:	d80e      	bhi.n	200060e2 <_tu_fifo_write_n+0x82>
200060c4:	9b02      	ldr	r3, [sp, #8]
200060c6:	2b00      	cmp	r3, #0
200060c8:	d121      	bne.n	2000610e <_tu_fifo_write_n+0xae>
200060ca:	1bab      	subs	r3, r5, r6
200060cc:	88e5      	ldrh	r5, [r4, #6]
200060ce:	046d      	lsls	r5, r5, #17
200060d0:	0c6d      	lsrs	r5, r5, #17
200060d2:	435d      	muls	r5, r3
200060d4:	9b03      	ldr	r3, [sp, #12]
200060d6:	469c      	mov	ip, r3
200060d8:	44ac      	add	ip, r5
200060da:	4663      	mov	r3, ip
200060dc:	9303      	str	r3, [sp, #12]
200060de:	000f      	movs	r7, r1
200060e0:	e7e2      	b.n	200060a8 <_tu_fifo_write_n+0x48>
200060e2:	428f      	cmp	r7, r1
200060e4:	d30d      	bcc.n	20006102 <_tu_fifo_write_n+0xa2>
200060e6:	1a7b      	subs	r3, r7, r1
200060e8:	b29b      	uxth	r3, r3
200060ea:	195b      	adds	r3, r3, r5
200060ec:	0072      	lsls	r2, r6, #1
200060ee:	4293      	cmp	r3, r2
200060f0:	db0f      	blt.n	20006112 <_tu_fifo_write_n+0xb2>
200060f2:	1b72      	subs	r2, r6, r5
200060f4:	b292      	uxth	r2, r2
200060f6:	0030      	movs	r0, r6
200060f8:	f7ff fea9 	bl	20005e4e <advance_index>
200060fc:	0007      	movs	r7, r0
200060fe:	002e      	movs	r6, r5
20006100:	e7d2      	b.n	200060a8 <_tu_fifo_write_n+0x48>
20006102:	1a7b      	subs	r3, r7, r1
20006104:	b29b      	uxth	r3, r3
20006106:	0072      	lsls	r2, r6, #1
20006108:	189b      	adds	r3, r3, r2
2000610a:	b29b      	uxth	r3, r3
2000610c:	e7ed      	b.n	200060ea <_tu_fifo_write_n+0x8a>
2000610e:	000f      	movs	r7, r1
20006110:	e7ca      	b.n	200060a8 <_tu_fifo_write_n+0x48>
20006112:	002e      	movs	r6, r5
20006114:	e7c8      	b.n	200060a8 <_tu_fifo_write_n+0x48>
20006116:	1a9b      	subs	r3, r3, r2
20006118:	b29b      	uxth	r3, r3
2000611a:	429a      	cmp	r2, r3
2000611c:	d9fb      	bls.n	20006116 <_tu_fifo_write_n+0xb6>
2000611e:	9a02      	ldr	r2, [sp, #8]
20006120:	9200      	str	r2, [sp, #0]
20006122:	0032      	movs	r2, r6
20006124:	9903      	ldr	r1, [sp, #12]
20006126:	0020      	movs	r0, r4
20006128:	f7ff ff62 	bl	20005ff0 <_ff_push_n>
2000612c:	88a0      	ldrh	r0, [r4, #4]
2000612e:	0032      	movs	r2, r6
20006130:	0039      	movs	r1, r7
20006132:	f7ff fe8c 	bl	20005e4e <advance_index>
20006136:	8120      	strh	r0, [r4, #8]
20006138:	68e0      	ldr	r0, [r4, #12]
2000613a:	2800      	cmp	r0, #0
2000613c:	d001      	beq.n	20006142 <_tu_fifo_write_n+0xe2>
2000613e:	f000 faa7 	bl	20006690 <mutex_exit>
20006142:	0030      	movs	r0, r6
20006144:	b005      	add	sp, #20
20006146:	bdf0      	pop	{r4, r5, r6, r7, pc}
20006148:	2600      	movs	r6, #0
2000614a:	e7f5      	b.n	20006138 <_tu_fifo_write_n+0xd8>
2000614c:	0016      	movs	r6, r2
2000614e:	e7f8      	b.n	20006142 <_tu_fifo_write_n+0xe2>

20006150 <tu_fifo_config>:
20006150:	b5f0      	push	{r4, r5, r6, r7, lr}
20006152:	46c6      	mov	lr, r8
20006154:	b500      	push	{lr}
20006156:	0004      	movs	r4, r0
20006158:	000d      	movs	r5, r1
2000615a:	0016      	movs	r6, r2
2000615c:	001f      	movs	r7, r3
2000615e:	ab06      	add	r3, sp, #24
20006160:	781b      	ldrb	r3, [r3, #0]
20006162:	4698      	mov	r8, r3
20006164:	2380      	movs	r3, #128	@ 0x80
20006166:	021b      	lsls	r3, r3, #8
20006168:	429a      	cmp	r2, r3
2000616a:	d82e      	bhi.n	200061ca <tu_fifo_config+0x7a>
2000616c:	68c0      	ldr	r0, [r0, #12]
2000616e:	2800      	cmp	r0, #0
20006170:	d003      	beq.n	2000617a <tu_fifo_config+0x2a>
20006172:	2101      	movs	r1, #1
20006174:	4249      	negs	r1, r1
20006176:	f000 fa6d 	bl	20006654 <mutex_enter_timeout_ms>
2000617a:	6920      	ldr	r0, [r4, #16]
2000617c:	2800      	cmp	r0, #0
2000617e:	d003      	beq.n	20006188 <tu_fifo_config+0x38>
20006180:	2101      	movs	r1, #1
20006182:	4249      	negs	r1, r1
20006184:	f000 fa66 	bl	20006654 <mutex_enter_timeout_ms>
20006188:	6025      	str	r5, [r4, #0]
2000618a:	80a6      	strh	r6, [r4, #4]
2000618c:	047a      	lsls	r2, r7, #17
2000618e:	0c52      	lsrs	r2, r2, #17
20006190:	88e3      	ldrh	r3, [r4, #6]
20006192:	0bdb      	lsrs	r3, r3, #15
20006194:	03db      	lsls	r3, r3, #15
20006196:	4313      	orrs	r3, r2
20006198:	80e3      	strh	r3, [r4, #6]
2000619a:	4643      	mov	r3, r8
2000619c:	01da      	lsls	r2, r3, #7
2000619e:	79e1      	ldrb	r1, [r4, #7]
200061a0:	237f      	movs	r3, #127	@ 0x7f
200061a2:	400b      	ands	r3, r1
200061a4:	4313      	orrs	r3, r2
200061a6:	71e3      	strb	r3, [r4, #7]
200061a8:	2300      	movs	r3, #0
200061aa:	8163      	strh	r3, [r4, #10]
200061ac:	8123      	strh	r3, [r4, #8]
200061ae:	68e0      	ldr	r0, [r4, #12]
200061b0:	2800      	cmp	r0, #0
200061b2:	d001      	beq.n	200061b8 <tu_fifo_config+0x68>
200061b4:	f000 fa6c 	bl	20006690 <mutex_exit>
200061b8:	6920      	ldr	r0, [r4, #16]
200061ba:	2800      	cmp	r0, #0
200061bc:	d007      	beq.n	200061ce <tu_fifo_config+0x7e>
200061be:	f000 fa67 	bl	20006690 <mutex_exit>
200061c2:	2001      	movs	r0, #1
200061c4:	bc80      	pop	{r7}
200061c6:	46b8      	mov	r8, r7
200061c8:	bdf0      	pop	{r4, r5, r6, r7, pc}
200061ca:	2000      	movs	r0, #0
200061cc:	e7fa      	b.n	200061c4 <tu_fifo_config+0x74>
200061ce:	2001      	movs	r0, #1
200061d0:	e7f8      	b.n	200061c4 <tu_fifo_config+0x74>

200061d2 <tu_fifo_count>:
200061d2:	b510      	push	{r4, lr}
200061d4:	8882      	ldrh	r2, [r0, #4]
200061d6:	8901      	ldrh	r1, [r0, #8]
200061d8:	b28b      	uxth	r3, r1
200061da:	8940      	ldrh	r0, [r0, #10]
200061dc:	b284      	uxth	r4, r0
200061de:	4288      	cmp	r0, r1
200061e0:	d807      	bhi.n	200061f2 <tu_fifo_count+0x20>
200061e2:	1b1b      	subs	r3, r3, r4
200061e4:	b29b      	uxth	r3, r3
200061e6:	1c10      	adds	r0, r2, #0
200061e8:	429a      	cmp	r2, r3
200061ea:	d900      	bls.n	200061ee <tu_fifo_count+0x1c>
200061ec:	1c18      	adds	r0, r3, #0
200061ee:	b280      	uxth	r0, r0
200061f0:	bd10      	pop	{r4, pc}
200061f2:	1b1b      	subs	r3, r3, r4
200061f4:	b29b      	uxth	r3, r3
200061f6:	0051      	lsls	r1, r2, #1
200061f8:	185b      	adds	r3, r3, r1
200061fa:	b29b      	uxth	r3, r3
200061fc:	e7f3      	b.n	200061e6 <tu_fifo_count+0x14>

200061fe <tu_fifo_empty>:
200061fe:	8903      	ldrh	r3, [r0, #8]
20006200:	8940      	ldrh	r0, [r0, #10]
20006202:	1a18      	subs	r0, r3, r0
20006204:	4243      	negs	r3, r0
20006206:	4158      	adcs	r0, r3
20006208:	b2c0      	uxtb	r0, r0
2000620a:	4770      	bx	lr

2000620c <tu_fifo_full>:
2000620c:	8883      	ldrh	r3, [r0, #4]
2000620e:	469c      	mov	ip, r3
20006210:	8902      	ldrh	r2, [r0, #8]
20006212:	b293      	uxth	r3, r2
20006214:	8941      	ldrh	r1, [r0, #10]
20006216:	b288      	uxth	r0, r1
20006218:	4291      	cmp	r1, r2
2000621a:	d807      	bhi.n	2000622c <tu_fifo_full+0x20>
2000621c:	1a1b      	subs	r3, r3, r0
2000621e:	b29b      	uxth	r3, r3
20006220:	2000      	movs	r0, #0
20006222:	4662      	mov	r2, ip
20006224:	4293      	cmp	r3, r2
20006226:	4140      	adcs	r0, r0
20006228:	b2c0      	uxtb	r0, r0
2000622a:	4770      	bx	lr
2000622c:	1a1b      	subs	r3, r3, r0
2000622e:	b29b      	uxth	r3, r3
20006230:	4662      	mov	r2, ip
20006232:	0052      	lsls	r2, r2, #1
20006234:	189b      	adds	r3, r3, r2
20006236:	b29b      	uxth	r3, r3
20006238:	e7f2      	b.n	20006220 <tu_fifo_full+0x14>

2000623a <tu_fifo_remaining>:
2000623a:	b510      	push	{r4, lr}
2000623c:	8882      	ldrh	r2, [r0, #4]
2000623e:	8901      	ldrh	r1, [r0, #8]
20006240:	b28b      	uxth	r3, r1
20006242:	8940      	ldrh	r0, [r0, #10]
20006244:	b284      	uxth	r4, r0
20006246:	4288      	cmp	r0, r1
20006248:	d806      	bhi.n	20006258 <tu_fifo_remaining+0x1e>
2000624a:	1b1b      	subs	r3, r3, r4
2000624c:	b29b      	uxth	r3, r3
2000624e:	429a      	cmp	r2, r3
20006250:	d908      	bls.n	20006264 <tu_fifo_remaining+0x2a>
20006252:	1ad0      	subs	r0, r2, r3
20006254:	b280      	uxth	r0, r0
20006256:	bd10      	pop	{r4, pc}
20006258:	1b1b      	subs	r3, r3, r4
2000625a:	b29b      	uxth	r3, r3
2000625c:	0051      	lsls	r1, r2, #1
2000625e:	185b      	adds	r3, r3, r1
20006260:	b29b      	uxth	r3, r3
20006262:	e7f4      	b.n	2000624e <tu_fifo_remaining+0x14>
20006264:	2000      	movs	r0, #0
20006266:	e7f6      	b.n	20006256 <tu_fifo_remaining+0x1c>

20006268 <tu_fifo_read>:
20006268:	b570      	push	{r4, r5, r6, lr}
2000626a:	0004      	movs	r4, r0
2000626c:	000d      	movs	r5, r1
2000626e:	6900      	ldr	r0, [r0, #16]
20006270:	2800      	cmp	r0, #0
20006272:	d003      	beq.n	2000627c <tu_fifo_read+0x14>
20006274:	2101      	movs	r1, #1
20006276:	4249      	negs	r1, r1
20006278:	f000 f9ec 	bl	20006654 <mutex_enter_timeout_ms>
2000627c:	8922      	ldrh	r2, [r4, #8]
2000627e:	b292      	uxth	r2, r2
20006280:	8963      	ldrh	r3, [r4, #10]
20006282:	b29b      	uxth	r3, r3
20006284:	0029      	movs	r1, r5
20006286:	0020      	movs	r0, r4
20006288:	f7ff fdee 	bl	20005e68 <_tu_fifo_peek>
2000628c:	0002      	movs	r2, r0
2000628e:	0005      	movs	r5, r0
20006290:	8961      	ldrh	r1, [r4, #10]
20006292:	b289      	uxth	r1, r1
20006294:	88a0      	ldrh	r0, [r4, #4]
20006296:	f7ff fdda 	bl	20005e4e <advance_index>
2000629a:	8160      	strh	r0, [r4, #10]
2000629c:	6920      	ldr	r0, [r4, #16]
2000629e:	2800      	cmp	r0, #0
200062a0:	d001      	beq.n	200062a6 <tu_fifo_read+0x3e>
200062a2:	f000 f9f5 	bl	20006690 <mutex_exit>
200062a6:	0028      	movs	r0, r5
200062a8:	bd70      	pop	{r4, r5, r6, pc}

200062aa <tu_fifo_read_n>:
200062aa:	b510      	push	{r4, lr}
200062ac:	2300      	movs	r3, #0
200062ae:	f7ff fe78 	bl	20005fa2 <_tu_fifo_read_n>
200062b2:	bd10      	pop	{r4, pc}

200062b4 <tu_fifo_write>:
200062b4:	b5f8      	push	{r3, r4, r5, r6, r7, lr}
200062b6:	0004      	movs	r4, r0
200062b8:	000f      	movs	r7, r1
200062ba:	68c0      	ldr	r0, [r0, #12]
200062bc:	2800      	cmp	r0, #0
200062be:	d003      	beq.n	200062c8 <tu_fifo_write+0x14>
200062c0:	2101      	movs	r1, #1
200062c2:	4249      	negs	r1, r1
200062c4:	f000 f9c6 	bl	20006654 <mutex_enter_timeout_ms>
200062c8:	8923      	ldrh	r3, [r4, #8]
200062ca:	b29b      	uxth	r3, r3
200062cc:	001e      	movs	r6, r3
200062ce:	0020      	movs	r0, r4
200062d0:	f7ff ff9c 	bl	2000620c <tu_fifo_full>
200062d4:	2800      	cmp	r0, #0
200062d6:	d002      	beq.n	200062de <tu_fifo_write+0x2a>
200062d8:	79e5      	ldrb	r5, [r4, #7]
200062da:	09ed      	lsrs	r5, r5, #7
200062dc:	d016      	beq.n	2000630c <tu_fifo_write+0x58>
200062de:	88a2      	ldrh	r2, [r4, #4]
200062e0:	0033      	movs	r3, r6
200062e2:	e001      	b.n	200062e8 <tu_fifo_write+0x34>
200062e4:	1a9b      	subs	r3, r3, r2
200062e6:	b29b      	uxth	r3, r3
200062e8:	429a      	cmp	r2, r3
200062ea:	d9fb      	bls.n	200062e4 <tu_fifo_write+0x30>
200062ec:	6820      	ldr	r0, [r4, #0]
200062ee:	88e2      	ldrh	r2, [r4, #6]
200062f0:	0452      	lsls	r2, r2, #17
200062f2:	0c52      	lsrs	r2, r2, #17
200062f4:	4353      	muls	r3, r2
200062f6:	18c0      	adds	r0, r0, r3
200062f8:	0039      	movs	r1, r7
200062fa:	f7fc fd77 	bl	20002dec <__wrap___aeabi_memcpy>
200062fe:	88a0      	ldrh	r0, [r4, #4]
20006300:	2201      	movs	r2, #1
20006302:	0031      	movs	r1, r6
20006304:	f7ff fda3 	bl	20005e4e <advance_index>
20006308:	8120      	strh	r0, [r4, #8]
2000630a:	2501      	movs	r5, #1
2000630c:	68e0      	ldr	r0, [r4, #12]
2000630e:	2800      	cmp	r0, #0
20006310:	d001      	beq.n	20006316 <tu_fifo_write+0x62>
20006312:	f000 f9bd 	bl	20006690 <mutex_exit>
20006316:	0028      	movs	r0, r5
20006318:	bdf8      	pop	{r3, r4, r5, r6, r7, pc}

2000631a <tu_fifo_write_n>:
2000631a:	b510      	push	{r4, lr}
2000631c:	2300      	movs	r3, #0
2000631e:	f7ff fe9f 	bl	20006060 <_tu_fifo_write_n>
20006322:	bd10      	pop	{r4, pc}

20006324 <tu_fifo_clear>:
20006324:	b510      	push	{r4, lr}
20006326:	0004      	movs	r4, r0
20006328:	68c0      	ldr	r0, [r0, #12]
2000632a:	2800      	cmp	r0, #0
2000632c:	d003      	beq.n	20006336 <tu_fifo_clear+0x12>
2000632e:	2101      	movs	r1, #1
20006330:	4249      	negs	r1, r1
20006332:	f000 f98f 	bl	20006654 <mutex_enter_timeout_ms>
20006336:	6920      	ldr	r0, [r4, #16]
20006338:	2800      	cmp	r0, #0
2000633a:	d003      	beq.n	20006344 <tu_fifo_clear+0x20>
2000633c:	2101      	movs	r1, #1
2000633e:	4249      	negs	r1, r1
20006340:	f000 f988 	bl	20006654 <mutex_enter_timeout_ms>
20006344:	2300      	movs	r3, #0
20006346:	8163      	strh	r3, [r4, #10]
20006348:	8123      	strh	r3, [r4, #8]
2000634a:	68e0      	ldr	r0, [r4, #12]
2000634c:	2800      	cmp	r0, #0
2000634e:	d001      	beq.n	20006354 <tu_fifo_clear+0x30>
20006350:	f000 f99e 	bl	20006690 <mutex_exit>
20006354:	6920      	ldr	r0, [r4, #16]
20006356:	2800      	cmp	r0, #0
20006358:	d001      	beq.n	2000635e <tu_fifo_clear+0x3a>
2000635a:	f000 f999 	bl	20006690 <mutex_exit>
2000635e:	2001      	movs	r0, #1
20006360:	bd10      	pop	{r4, pc}

20006362 <tu_fifo_set_overwritable>:
20006362:	b570      	push	{r4, r5, r6, lr}
20006364:	0004      	movs	r4, r0
20006366:	000d      	movs	r5, r1
20006368:	68c0      	ldr	r0, [r0, #12]
2000636a:	2800      	cmp	r0, #0
2000636c:	d003      	beq.n	20006376 <tu_fifo_set_overwritable+0x14>
2000636e:	2101      	movs	r1, #1
20006370:	4249      	negs	r1, r1
20006372:	f000 f96f 	bl	20006654 <mutex_enter_timeout_ms>
20006376:	6920      	ldr	r0, [r4, #16]
20006378:	2800      	cmp	r0, #0
2000637a:	d003      	beq.n	20006384 <tu_fifo_set_overwritable+0x22>
2000637c:	2101      	movs	r1, #1
2000637e:	4249      	negs	r1, r1
20006380:	f000 f968 	bl	20006654 <mutex_enter_timeout_ms>
20006384:	01eb      	lsls	r3, r5, #7
20006386:	79e2      	ldrb	r2, [r4, #7]
20006388:	217f      	movs	r1, #127	@ 0x7f
2000638a:	4011      	ands	r1, r2
2000638c:	4319      	orrs	r1, r3
2000638e:	71e1      	strb	r1, [r4, #7]
20006390:	68e0      	ldr	r0, [r4, #12]
20006392:	2800      	cmp	r0, #0
20006394:	d001      	beq.n	2000639a <tu_fifo_set_overwritable+0x38>
20006396:	f000 f97b 	bl	20006690 <mutex_exit>
2000639a:	6920      	ldr	r0, [r4, #16]
2000639c:	2800      	cmp	r0, #0
2000639e:	d001      	beq.n	200063a4 <tu_fifo_set_overwritable+0x42>
200063a0:	f000 f976 	bl	20006690 <mutex_exit>
200063a4:	2001      	movs	r0, #1
200063a6:	bd70      	pop	{r4, r5, r6, pc}

200063a8 <__aeabi_idiv0>:
200063a8:	4770      	bx	lr
200063aa:	46c0      	nop			@ (mov r8, r8)

200063ac <memmove>:
200063ac:	b5f0      	push	{r4, r5, r6, r7, lr}
200063ae:	46c6      	mov	lr, r8
200063b0:	000d      	movs	r5, r1
200063b2:	0016      	movs	r6, r2
200063b4:	b500      	push	{lr}
200063b6:	4288      	cmp	r0, r1
200063b8:	d912      	bls.n	200063e0 <memmove+0x34>
200063ba:	1889      	adds	r1, r1, r2
200063bc:	4281      	cmp	r1, r0
200063be:	d90f      	bls.n	200063e0 <memmove+0x34>
200063c0:	1884      	adds	r4, r0, r2
200063c2:	2a03      	cmp	r2, #3
200063c4:	d856      	bhi.n	20006474 <memmove+0xc8>
200063c6:	1e73      	subs	r3, r6, #1
200063c8:	2e00      	cmp	r6, #0
200063ca:	d006      	beq.n	200063da <memmove+0x2e>
200063cc:	43da      	mvns	r2, r3
200063ce:	1889      	adds	r1, r1, r2
200063d0:	18a4      	adds	r4, r4, r2
200063d2:	5cca      	ldrb	r2, [r1, r3]
200063d4:	54e2      	strb	r2, [r4, r3]
200063d6:	3b01      	subs	r3, #1
200063d8:	d2fb      	bcs.n	200063d2 <memmove+0x26>
200063da:	bc80      	pop	{r7}
200063dc:	46b8      	mov	r8, r7
200063de:	bdf0      	pop	{r4, r5, r6, r7, pc}
200063e0:	2e03      	cmp	r6, #3
200063e2:	d80b      	bhi.n	200063fc <memmove+0x50>
200063e4:	0004      	movs	r4, r0
200063e6:	1e71      	subs	r1, r6, #1
200063e8:	2e00      	cmp	r6, #0
200063ea:	d0f6      	beq.n	200063da <memmove+0x2e>
200063ec:	2300      	movs	r3, #0
200063ee:	3101      	adds	r1, #1
200063f0:	5cea      	ldrb	r2, [r5, r3]
200063f2:	54e2      	strb	r2, [r4, r3]
200063f4:	3301      	adds	r3, #1
200063f6:	4299      	cmp	r1, r3
200063f8:	d1fa      	bne.n	200063f0 <memmove+0x44>
200063fa:	e7ee      	b.n	200063da <memmove+0x2e>
200063fc:	2403      	movs	r4, #3
200063fe:	002a      	movs	r2, r5
20006400:	0021      	movs	r1, r4
20006402:	4302      	orrs	r2, r0
20006404:	0003      	movs	r3, r0
20006406:	4011      	ands	r1, r2
20006408:	4214      	tst	r4, r2
2000640a:	d130      	bne.n	2000646e <memmove+0xc2>
2000640c:	2e0f      	cmp	r6, #15
2000640e:	d94b      	bls.n	200064a8 <memmove+0xfc>
20006410:	2710      	movs	r7, #16
20006412:	46bc      	mov	ip, r7
20006414:	002a      	movs	r2, r5
20006416:	0934      	lsrs	r4, r6, #4
20006418:	3c01      	subs	r4, #1
2000641a:	0124      	lsls	r4, r4, #4
2000641c:	46a0      	mov	r8, r4
2000641e:	1904      	adds	r4, r0, r4
20006420:	44a4      	add	ip, r4
20006422:	6814      	ldr	r4, [r2, #0]
20006424:	601c      	str	r4, [r3, #0]
20006426:	6854      	ldr	r4, [r2, #4]
20006428:	605c      	str	r4, [r3, #4]
2000642a:	6894      	ldr	r4, [r2, #8]
2000642c:	609c      	str	r4, [r3, #8]
2000642e:	68d4      	ldr	r4, [r2, #12]
20006430:	3210      	adds	r2, #16
20006432:	60dc      	str	r4, [r3, #12]
20006434:	3310      	adds	r3, #16
20006436:	4563      	cmp	r3, ip
20006438:	d1f3      	bne.n	20006422 <memmove+0x76>
2000643a:	220f      	movs	r2, #15
2000643c:	001c      	movs	r4, r3
2000643e:	230c      	movs	r3, #12
20006440:	3510      	adds	r5, #16
20006442:	4032      	ands	r2, r6
20006444:	4033      	ands	r3, r6
20006446:	4445      	add	r5, r8
20006448:	0016      	movs	r6, r2
2000644a:	2b00      	cmp	r3, #0
2000644c:	d0cb      	beq.n	200063e6 <memmove+0x3a>
2000644e:	586b      	ldr	r3, [r5, r1]
20006450:	5063      	str	r3, [r4, r1]
20006452:	3104      	adds	r1, #4
20006454:	1a53      	subs	r3, r2, r1
20006456:	2b03      	cmp	r3, #3
20006458:	d8f9      	bhi.n	2000644e <memmove+0xa2>
2000645a:	2603      	movs	r6, #3
2000645c:	4016      	ands	r6, r2
2000645e:	0892      	lsrs	r2, r2, #2
20006460:	3a01      	subs	r2, #1
20006462:	0092      	lsls	r2, r2, #2
20006464:	3504      	adds	r5, #4
20006466:	3404      	adds	r4, #4
20006468:	18ad      	adds	r5, r5, r2
2000646a:	18a4      	adds	r4, r4, r2
2000646c:	e7bb      	b.n	200063e6 <memmove+0x3a>
2000646e:	0004      	movs	r4, r0
20006470:	1e71      	subs	r1, r6, #1
20006472:	e7bb      	b.n	200063ec <memmove+0x40>
20006474:	0023      	movs	r3, r4
20006476:	430b      	orrs	r3, r1
20006478:	079b      	lsls	r3, r3, #30
2000647a:	d001      	beq.n	20006480 <memmove+0xd4>
2000647c:	1e53      	subs	r3, r2, #1
2000647e:	e7a5      	b.n	200063cc <memmove+0x20>
20006480:	1f2b      	subs	r3, r5, #4
20006482:	469c      	mov	ip, r3
20006484:	0013      	movs	r3, r2
20006486:	1f05      	subs	r5, r0, #4
20006488:	4662      	mov	r2, ip
2000648a:	58d2      	ldr	r2, [r2, r3]
2000648c:	50ea      	str	r2, [r5, r3]
2000648e:	3b04      	subs	r3, #4
20006490:	2b03      	cmp	r3, #3
20006492:	d8f9      	bhi.n	20006488 <memmove+0xdc>
20006494:	2203      	movs	r2, #3
20006496:	08b3      	lsrs	r3, r6, #2
20006498:	3b01      	subs	r3, #1
2000649a:	009b      	lsls	r3, r3, #2
2000649c:	1ac9      	subs	r1, r1, r3
2000649e:	1ae4      	subs	r4, r4, r3
200064a0:	4016      	ands	r6, r2
200064a2:	3904      	subs	r1, #4
200064a4:	3c04      	subs	r4, #4
200064a6:	e78e      	b.n	200063c6 <memmove+0x1a>
200064a8:	0032      	movs	r2, r6
200064aa:	0004      	movs	r4, r0
200064ac:	e7cf      	b.n	2000644e <memmove+0xa2>
200064ae:	46c0      	nop			@ (mov r8, r8)

200064b0 <strlen>:
200064b0:	0003      	movs	r3, r0
200064b2:	4684      	mov	ip, r0
200064b4:	079b      	lsls	r3, r3, #30
200064b6:	d00b      	beq.n	200064d0 <strlen+0x20>
200064b8:	0003      	movs	r3, r0
200064ba:	2103      	movs	r1, #3
200064bc:	e002      	b.n	200064c4 <strlen+0x14>
200064be:	3301      	adds	r3, #1
200064c0:	420b      	tst	r3, r1
200064c2:	d006      	beq.n	200064d2 <strlen+0x22>
200064c4:	781a      	ldrb	r2, [r3, #0]
200064c6:	2a00      	cmp	r2, #0
200064c8:	d1f9      	bne.n	200064be <strlen+0xe>
200064ca:	4662      	mov	r2, ip
200064cc:	1a98      	subs	r0, r3, r2
200064ce:	4770      	bx	lr
200064d0:	0003      	movs	r3, r0
200064d2:	6819      	ldr	r1, [r3, #0]
200064d4:	4a0c      	ldr	r2, [pc, #48]	@ (20006508 <strlen+0x58>)
200064d6:	480d      	ldr	r0, [pc, #52]	@ (2000650c <strlen+0x5c>)
200064d8:	188a      	adds	r2, r1, r2
200064da:	438a      	bics	r2, r1
200064dc:	4202      	tst	r2, r0
200064de:	d10f      	bne.n	20006500 <strlen+0x50>
200064e0:	6859      	ldr	r1, [r3, #4]
200064e2:	4a09      	ldr	r2, [pc, #36]	@ (20006508 <strlen+0x58>)
200064e4:	3304      	adds	r3, #4
200064e6:	188a      	adds	r2, r1, r2
200064e8:	438a      	bics	r2, r1
200064ea:	4202      	tst	r2, r0
200064ec:	d108      	bne.n	20006500 <strlen+0x50>
200064ee:	6859      	ldr	r1, [r3, #4]
200064f0:	4a05      	ldr	r2, [pc, #20]	@ (20006508 <strlen+0x58>)
200064f2:	3304      	adds	r3, #4
200064f4:	188a      	adds	r2, r1, r2
200064f6:	438a      	bics	r2, r1
200064f8:	4202      	tst	r2, r0
200064fa:	d0f1      	beq.n	200064e0 <strlen+0x30>
200064fc:	e000      	b.n	20006500 <strlen+0x50>
200064fe:	3301      	adds	r3, #1
20006500:	781a      	ldrb	r2, [r3, #0]
20006502:	2a00      	cmp	r2, #0
20006504:	d1fb      	bne.n	200064fe <strlen+0x4e>
20006506:	e7e0      	b.n	200064ca <strlen+0x1a>
20006508:	fefefeff 	.word	0xfefefeff
2000650c:	80808080 	.word	0x80808080

Disassembly of section .data:

20006510 <mutex_enter_blocking>:
20006510:	23d0      	movs	r3, #208	@ 0xd0
20006512:	061b      	lsls	r3, r3, #24
20006514:	781b      	ldrb	r3, [r3, #0]
20006516:	b25b      	sxtb	r3, r3
20006518:	469c      	mov	ip, r3
2000651a:	6801      	ldr	r1, [r0, #0]
2000651c:	f3ef 8310 	mrs	r3, PRIMASK
20006520:	b672      	cpsid	i
20006522:	680a      	ldr	r2, [r1, #0]
20006524:	2a00      	cmp	r2, #0
20006526:	d0fc      	beq.n	20006522 <mutex_enter_blocking+0x12>
20006528:	f3bf 8f5f 	dmb	sy
2000652c:	2204      	movs	r2, #4
2000652e:	5682      	ldrsb	r2, [r0, r2]
20006530:	2a00      	cmp	r2, #0
20006532:	db08      	blt.n	20006546 <mutex_enter_blocking+0x36>
20006534:	6802      	ldr	r2, [r0, #0]
20006536:	f3bf 8f5f 	dmb	sy
2000653a:	2100      	movs	r1, #0
2000653c:	6011      	str	r1, [r2, #0]
2000653e:	f383 8810 	msr	PRIMASK, r3
20006542:	bf20      	wfe
20006544:	e7e9      	b.n	2000651a <mutex_enter_blocking+0xa>
20006546:	4662      	mov	r2, ip
20006548:	7102      	strb	r2, [r0, #4]
2000654a:	6802      	ldr	r2, [r0, #0]
2000654c:	f3bf 8f5f 	dmb	sy
20006550:	2100      	movs	r1, #0
20006552:	6011      	str	r1, [r2, #0]
20006554:	f383 8810 	msr	PRIMASK, r3
20006558:	4770      	bx	lr

2000655a <mutex_try_enter>:
2000655a:	0003      	movs	r3, r0
2000655c:	6802      	ldr	r2, [r0, #0]
2000655e:	4694      	mov	ip, r2
20006560:	f3ef 8210 	mrs	r2, PRIMASK
20006564:	b672      	cpsid	i
20006566:	4660      	mov	r0, ip
20006568:	6800      	ldr	r0, [r0, #0]
2000656a:	2800      	cmp	r0, #0
2000656c:	d0fb      	beq.n	20006566 <mutex_try_enter+0xc>
2000656e:	f3bf 8f5f 	dmb	sy
20006572:	2004      	movs	r0, #4
20006574:	5618      	ldrsb	r0, [r3, r0]
20006576:	2800      	cmp	r0, #0
20006578:	db0b      	blt.n	20006592 <mutex_try_enter+0x38>
2000657a:	2900      	cmp	r1, #0
2000657c:	d010      	beq.n	200065a0 <mutex_try_enter+0x46>
2000657e:	6008      	str	r0, [r1, #0]
20006580:	2000      	movs	r0, #0
20006582:	681b      	ldr	r3, [r3, #0]
20006584:	f3bf 8f5f 	dmb	sy
20006588:	2100      	movs	r1, #0
2000658a:	6019      	str	r1, [r3, #0]
2000658c:	f382 8810 	msr	PRIMASK, r2
20006590:	4770      	bx	lr
20006592:	21d0      	movs	r1, #208	@ 0xd0
20006594:	0609      	lsls	r1, r1, #24
20006596:	7809      	ldrb	r1, [r1, #0]
20006598:	b249      	sxtb	r1, r1
2000659a:	7119      	strb	r1, [r3, #4]
2000659c:	2001      	movs	r0, #1
2000659e:	e7f0      	b.n	20006582 <mutex_try_enter+0x28>
200065a0:	2000      	movs	r0, #0
200065a2:	e7ee      	b.n	20006582 <mutex_try_enter+0x28>

200065a4 <mutex_enter_block_until>:
200065a4:	b5f8      	push	{r3, r4, r5, r6, r7, lr}
200065a6:	0004      	movs	r4, r0
200065a8:	0015      	movs	r5, r2
200065aa:	001e      	movs	r6, r3
200065ac:	6803      	ldr	r3, [r0, #0]
200065ae:	2b00      	cmp	r3, #0
200065b0:	d020      	beq.n	200065f4 <mutex_enter_block_until+0x50>
200065b2:	23d0      	movs	r3, #208	@ 0xd0
200065b4:	061b      	lsls	r3, r3, #24
200065b6:	781b      	ldrb	r3, [r3, #0]
200065b8:	b25b      	sxtb	r3, r3
200065ba:	001f      	movs	r7, r3
200065bc:	6823      	ldr	r3, [r4, #0]
200065be:	f3ef 8110 	mrs	r1, PRIMASK
200065c2:	b672      	cpsid	i
200065c4:	6818      	ldr	r0, [r3, #0]
200065c6:	2800      	cmp	r0, #0
200065c8:	d0fc      	beq.n	200065c4 <mutex_enter_block_until+0x20>
200065ca:	f3bf 8f5f 	dmb	sy
200065ce:	2304      	movs	r3, #4
200065d0:	56e3      	ldrsb	r3, [r4, r3]
200065d2:	2b00      	cmp	r3, #0
200065d4:	db14      	blt.n	20006600 <mutex_enter_block_until+0x5c>
200065d6:	6823      	ldr	r3, [r4, #0]
200065d8:	f3bf 8f5f 	dmb	sy
200065dc:	2200      	movs	r2, #0
200065de:	601a      	str	r2, [r3, #0]
200065e0:	f381 8810 	msr	PRIMASK, r1
200065e4:	0028      	movs	r0, r5
200065e6:	0031      	movs	r1, r6
200065e8:	f7fb f874 	bl	200016d4 <best_effort_wfe_or_timeout>
200065ec:	2800      	cmp	r0, #0
200065ee:	d0e5      	beq.n	200065bc <mutex_enter_block_until+0x18>
200065f0:	2000      	movs	r0, #0
200065f2:	e00e      	b.n	20006612 <mutex_enter_block_until+0x6e>
200065f4:	4b07      	ldr	r3, [pc, #28]	@ (20006614 <mutex_enter_block_until+0x70>)
200065f6:	4a08      	ldr	r2, [pc, #32]	@ (20006618 <mutex_enter_block_until+0x74>)
200065f8:	4808      	ldr	r0, [pc, #32]	@ (2000661c <mutex_enter_block_until+0x78>)
200065fa:	21a6      	movs	r1, #166	@ 0xa6
200065fc:	f7fd fd0e 	bl	2000401c <__assert_func>
20006600:	7127      	strb	r7, [r4, #4]
20006602:	6823      	ldr	r3, [r4, #0]
20006604:	f3bf 8f5f 	dmb	sy
20006608:	2200      	movs	r2, #0
2000660a:	601a      	str	r2, [r3, #0]
2000660c:	f381 8810 	msr	PRIMASK, r1
20006610:	2001      	movs	r0, #1
20006612:	bdf8      	pop	{r3, r4, r5, r6, r7, pc}
20006614:	200072c8 	.word	0x200072c8
20006618:	20007c58 	.word	0x20007c58
2000661c:	20007280 	.word	0x20007280

20006620 <mutex_try_enter_block_until>:
20006620:	b570      	push	{r4, r5, r6, lr}
20006622:	b082      	sub	sp, #8
20006624:	0006      	movs	r6, r0
20006626:	0015      	movs	r5, r2
20006628:	001c      	movs	r4, r3
2000662a:	a901      	add	r1, sp, #4
2000662c:	f7ff ff95 	bl	2000655a <mutex_try_enter>
20006630:	2800      	cmp	r0, #0
20006632:	d107      	bne.n	20006644 <mutex_try_enter_block_until+0x24>
20006634:	9b01      	ldr	r3, [sp, #4]
20006636:	b25b      	sxtb	r3, r3
20006638:	22d0      	movs	r2, #208	@ 0xd0
2000663a:	0612      	lsls	r2, r2, #24
2000663c:	7812      	ldrb	r2, [r2, #0]
2000663e:	b252      	sxtb	r2, r2
20006640:	4293      	cmp	r3, r2
20006642:	d101      	bne.n	20006648 <mutex_try_enter_block_until+0x28>
20006644:	b002      	add	sp, #8
20006646:	bd70      	pop	{r4, r5, r6, pc}
20006648:	002a      	movs	r2, r5
2000664a:	0023      	movs	r3, r4
2000664c:	0030      	movs	r0, r6
2000664e:	f7ff ffa9 	bl	200065a4 <mutex_enter_block_until>
20006652:	e7f7      	b.n	20006644 <mutex_try_enter_block_until+0x24>

20006654 <mutex_enter_timeout_ms>:
20006654:	b5f8      	push	{r3, r4, r5, r6, r7, lr}
20006656:	0007      	movs	r7, r0
20006658:	000c      	movs	r4, r1
2000665a:	f7fb f935 	bl	200018c8 <time_us_64>
2000665e:	0005      	movs	r5, r0
20006660:	000e      	movs	r6, r1
20006662:	22fa      	movs	r2, #250	@ 0xfa
20006664:	0092      	lsls	r2, r2, #2
20006666:	2300      	movs	r3, #0
20006668:	0020      	movs	r0, r4
2000666a:	2100      	movs	r1, #0
2000666c:	f7fc fafe 	bl	20002c6c <__wrap___aeabi_lmul>
20006670:	002a      	movs	r2, r5
20006672:	0033      	movs	r3, r6
20006674:	1812      	adds	r2, r2, r0
20006676:	414b      	adcs	r3, r1
20006678:	2b00      	cmp	r3, #0
2000667a:	db03      	blt.n	20006684 <mutex_enter_timeout_ms+0x30>
2000667c:	0038      	movs	r0, r7
2000667e:	f7ff ff91 	bl	200065a4 <mutex_enter_block_until>
20006682:	bdf8      	pop	{r3, r4, r5, r6, r7, pc}
20006684:	2201      	movs	r2, #1
20006686:	4252      	negs	r2, r2
20006688:	4b00      	ldr	r3, [pc, #0]	@ (2000668c <mutex_enter_timeout_ms+0x38>)
2000668a:	e7f7      	b.n	2000667c <mutex_enter_timeout_ms+0x28>
2000668c:	7fffffff 	.word	0x7fffffff

20006690 <mutex_exit>:
20006690:	b510      	push	{r4, lr}
20006692:	6801      	ldr	r1, [r0, #0]
20006694:	f3ef 8310 	mrs	r3, PRIMASK
20006698:	b672      	cpsid	i
2000669a:	680a      	ldr	r2, [r1, #0]
2000669c:	2a00      	cmp	r2, #0
2000669e:	d0fc      	beq.n	2000669a <mutex_exit+0xa>
200066a0:	f3bf 8f5f 	dmb	sy
200066a4:	2204      	movs	r2, #4
200066a6:	5682      	ldrsb	r2, [r0, r2]
200066a8:	2a00      	cmp	r2, #0
200066aa:	db0a      	blt.n	200066c2 <mutex_exit+0x32>
200066ac:	22ff      	movs	r2, #255	@ 0xff
200066ae:	7102      	strb	r2, [r0, #4]
200066b0:	6802      	ldr	r2, [r0, #0]
200066b2:	f3bf 8f5f 	dmb	sy
200066b6:	2100      	movs	r1, #0
200066b8:	6011      	str	r1, [r2, #0]
200066ba:	f383 8810 	msr	PRIMASK, r3
200066be:	bf40      	sev
200066c0:	bd10      	pop	{r4, pc}
200066c2:	4b03      	ldr	r3, [pc, #12]	@ (200066d0 <mutex_exit+0x40>)
200066c4:	4a03      	ldr	r2, [pc, #12]	@ (200066d4 <mutex_exit+0x44>)
200066c6:	4804      	ldr	r0, [pc, #16]	@ (200066d8 <mutex_exit+0x48>)
200066c8:	21d5      	movs	r1, #213	@ 0xd5
200066ca:	f7fd fca7 	bl	2000401c <__assert_func>
200066ce:	46c0      	nop			@ (mov r8, r8)
200066d0:	200072dc 	.word	0x200072dc
200066d4:	20007c4c 	.word	0x20007c4c
200066d8:	20007280 	.word	0x20007280

200066dc <flash_init_boot2_copyout>:
200066dc:	4b09      	ldr	r3, [pc, #36]	@ (20006704 <flash_init_boot2_copyout+0x28>)
200066de:	781b      	ldrb	r3, [r3, #0]
200066e0:	2b00      	cmp	r3, #0
200066e2:	d008      	beq.n	200066f6 <flash_init_boot2_copyout+0x1a>
200066e4:	e00c      	b.n	20006700 <flash_init_boot2_copyout+0x24>
200066e6:	009a      	lsls	r2, r3, #2
200066e8:	2180      	movs	r1, #128	@ 0x80
200066ea:	0549      	lsls	r1, r1, #21
200066ec:	1851      	adds	r1, r2, r1
200066ee:	6808      	ldr	r0, [r1, #0]
200066f0:	4905      	ldr	r1, [pc, #20]	@ (20006708 <flash_init_boot2_copyout+0x2c>)
200066f2:	5050      	str	r0, [r2, r1]
200066f4:	3301      	adds	r3, #1
200066f6:	2b3f      	cmp	r3, #63	@ 0x3f
200066f8:	ddf5      	ble.n	200066e6 <flash_init_boot2_copyout+0xa>
200066fa:	4b02      	ldr	r3, [pc, #8]	@ (20006704 <flash_init_boot2_copyout+0x28>)
200066fc:	2201      	movs	r2, #1
200066fe:	701a      	strb	r2, [r3, #0]
20006700:	4770      	bx	lr
20006702:	46c0      	nop			@ (mov r8, r8)
20006704:	2000a6ef 	.word	0x2000a6ef
20006708:	20009f64 	.word	0x20009f64

2000670c <flash_enable_xip_via_boot2>:
2000670c:	b510      	push	{r4, lr}
2000670e:	4b01      	ldr	r3, [pc, #4]	@ (20006714 <flash_enable_xip_via_boot2+0x8>)
20006710:	4798      	blx	r3
20006712:	bd10      	pop	{r4, pc}
20006714:	20009f65 	.word	0x20009f65

20006718 <flash_save_hardware_state>:
20006718:	2200      	movs	r2, #0
2000671a:	e006      	b.n	2000672a <flash_save_hardware_state+0x12>
2000671c:	0093      	lsls	r3, r2, #2
2000671e:	4906      	ldr	r1, [pc, #24]	@ (20006738 <flash_save_hardware_state+0x20>)
20006720:	1859      	adds	r1, r3, r1
20006722:	6849      	ldr	r1, [r1, #4]
20006724:	18c3      	adds	r3, r0, r3
20006726:	6059      	str	r1, [r3, #4]
20006728:	3201      	adds	r2, #1
2000672a:	2a05      	cmp	r2, #5
2000672c:	d9f6      	bls.n	2000671c <flash_save_hardware_state+0x4>
2000672e:	23a0      	movs	r3, #160	@ 0xa0
20006730:	055b      	lsls	r3, r3, #21
20006732:	681b      	ldr	r3, [r3, #0]
20006734:	6003      	str	r3, [r0, #0]
20006736:	4770      	bx	lr
20006738:	40020000 	.word	0x40020000

2000673c <flash_restore_hardware_state>:
2000673c:	b510      	push	{r4, lr}
2000673e:	2200      	movs	r2, #0
20006740:	e007      	b.n	20006752 <flash_restore_hardware_state+0x16>
20006742:	0093      	lsls	r3, r2, #2
20006744:	18c1      	adds	r1, r0, r3
20006746:	6849      	ldr	r1, [r1, #4]
20006748:	4c05      	ldr	r4, [pc, #20]	@ (20006760 <flash_restore_hardware_state+0x24>)
2000674a:	46a4      	mov	ip, r4
2000674c:	4463      	add	r3, ip
2000674e:	6059      	str	r1, [r3, #4]
20006750:	3201      	adds	r2, #1
20006752:	2a05      	cmp	r2, #5
20006754:	d9f5      	bls.n	20006742 <flash_restore_hardware_state+0x6>
20006756:	6802      	ldr	r2, [r0, #0]
20006758:	23a0      	movs	r3, #160	@ 0xa0
2000675a:	055b      	lsls	r3, r3, #21
2000675c:	601a      	str	r2, [r3, #0]
2000675e:	bd10      	pop	{r4, pc}
20006760:	40020000 	.word	0x40020000

20006764 <flash_do_cmd_cs>:
20006764:	b5f0      	push	{r4, r5, r6, r7, lr}
20006766:	46d6      	mov	lr, sl
20006768:	464f      	mov	r7, r9
2000676a:	4646      	mov	r6, r8
2000676c:	b5c0      	push	{r6, r7, lr}
2000676e:	b088      	sub	sp, #32
20006770:	4682      	mov	sl, r0
20006772:	000d      	movs	r5, r1
20006774:	0014      	movs	r4, r2
20006776:	2618      	movs	r6, #24
20006778:	8833      	ldrh	r3, [r6, #0]
2000677a:	2714      	movs	r7, #20
2000677c:	8838      	ldrh	r0, [r7, #0]
2000677e:	4932      	ldr	r1, [pc, #200]	@ (20006848 <flash_do_cmd_cs+0xe4>)
20006780:	4798      	blx	r3
20006782:	4681      	mov	r9, r0
20006784:	8833      	ldrh	r3, [r6, #0]
20006786:	8838      	ldrh	r0, [r7, #0]
20006788:	4930      	ldr	r1, [pc, #192]	@ (2000684c <flash_do_cmd_cs+0xe8>)
2000678a:	4798      	blx	r3
2000678c:	4680      	mov	r8, r0
2000678e:	8833      	ldrh	r3, [r6, #0]
20006790:	8838      	ldrh	r0, [r7, #0]
20006792:	492f      	ldr	r1, [pc, #188]	@ (20006850 <flash_do_cmd_cs+0xec>)
20006794:	4798      	blx	r3
20006796:	0007      	movs	r7, r0
20006798:	464b      	mov	r3, r9
2000679a:	2b00      	cmp	r3, #0
2000679c:	d017      	beq.n	200067ce <flash_do_cmd_cs+0x6a>
2000679e:	4643      	mov	r3, r8
200067a0:	2b00      	cmp	r3, #0
200067a2:	d014      	beq.n	200067ce <flash_do_cmd_cs+0x6a>
200067a4:	2800      	cmp	r0, #0
200067a6:	d012      	beq.n	200067ce <flash_do_cmd_cs+0x6a>
200067a8:	f7ff ff98 	bl	200066dc <flash_init_boot2_copyout>
200067ac:	a801      	add	r0, sp, #4
200067ae:	f7ff ffb3 	bl	20006718 <flash_save_hardware_state>
200067b2:	47c8      	blx	r9
200067b4:	47c0      	blx	r8
200067b6:	4b27      	ldr	r3, [pc, #156]	@ (20006854 <flash_do_cmd_cs+0xf0>)
200067b8:	681a      	ldr	r2, [r3, #0]
200067ba:	2380      	movs	r3, #128	@ 0x80
200067bc:	009b      	lsls	r3, r3, #2
200067be:	4053      	eors	r3, r2
200067c0:	22c0      	movs	r2, #192	@ 0xc0
200067c2:	0092      	lsls	r2, r2, #2
200067c4:	4013      	ands	r3, r2
200067c6:	4a24      	ldr	r2, [pc, #144]	@ (20006858 <flash_do_cmd_cs+0xf4>)
200067c8:	6013      	str	r3, [r2, #0]
200067ca:	0021      	movs	r1, r4
200067cc:	e010      	b.n	200067f0 <flash_do_cmd_cs+0x8c>
200067ce:	4b23      	ldr	r3, [pc, #140]	@ (2000685c <flash_do_cmd_cs+0xf8>)
200067d0:	4a23      	ldr	r2, [pc, #140]	@ (20006860 <flash_do_cmd_cs+0xfc>)
200067d2:	212a      	movs	r1, #42	@ 0x2a
200067d4:	4823      	ldr	r0, [pc, #140]	@ (20006864 <flash_do_cmd_cs+0x100>)
200067d6:	31ff      	adds	r1, #255	@ 0xff
200067d8:	f7fd fc20 	bl	2000401c <__assert_func>
200067dc:	2b00      	cmp	r3, #0
200067de:	d007      	beq.n	200067f0 <flash_do_cmd_cs+0x8c>
200067e0:	2900      	cmp	r1, #0
200067e2:	d005      	beq.n	200067f0 <flash_do_cmd_cs+0x8c>
200067e4:	23c0      	movs	r3, #192	@ 0xc0
200067e6:	055b      	lsls	r3, r3, #21
200067e8:	6e1b      	ldr	r3, [r3, #96]	@ 0x60
200067ea:	702b      	strb	r3, [r5, #0]
200067ec:	3901      	subs	r1, #1
200067ee:	3501      	adds	r5, #1
200067f0:	0023      	movs	r3, r4
200067f2:	430b      	orrs	r3, r1
200067f4:	d014      	beq.n	20006820 <flash_do_cmd_cs+0xbc>
200067f6:	23c0      	movs	r3, #192	@ 0xc0
200067f8:	055b      	lsls	r3, r3, #21
200067fa:	6a9a      	ldr	r2, [r3, #40]	@ 0x28
200067fc:	2308      	movs	r3, #8
200067fe:	4013      	ands	r3, r2
20006800:	0792      	lsls	r2, r2, #30
20006802:	d5eb      	bpl.n	200067dc <flash_do_cmd_cs+0x78>
20006804:	2c00      	cmp	r4, #0
20006806:	d0e9      	beq.n	200067dc <flash_do_cmd_cs+0x78>
20006808:	1b0a      	subs	r2, r1, r4
2000680a:	2a0d      	cmp	r2, #13
2000680c:	d8e6      	bhi.n	200067dc <flash_do_cmd_cs+0x78>
2000680e:	4656      	mov	r6, sl
20006810:	7830      	ldrb	r0, [r6, #0]
20006812:	22c0      	movs	r2, #192	@ 0xc0
20006814:	0552      	lsls	r2, r2, #21
20006816:	6610      	str	r0, [r2, #96]	@ 0x60
20006818:	3c01      	subs	r4, #1
2000681a:	1c72      	adds	r2, r6, #1
2000681c:	4692      	mov	sl, r2
2000681e:	e7dd      	b.n	200067dc <flash_do_cmd_cs+0x78>
20006820:	4b0c      	ldr	r3, [pc, #48]	@ (20006854 <flash_do_cmd_cs+0xf0>)
20006822:	681a      	ldr	r2, [r3, #0]
20006824:	23c0      	movs	r3, #192	@ 0xc0
20006826:	009b      	lsls	r3, r3, #2
20006828:	4393      	bics	r3, r2
2000682a:	4a0b      	ldr	r2, [pc, #44]	@ (20006858 <flash_do_cmd_cs+0xf4>)
2000682c:	6013      	str	r3, [r2, #0]
2000682e:	47b8      	blx	r7
20006830:	f7ff ff6c 	bl	2000670c <flash_enable_xip_via_boot2>
20006834:	a801      	add	r0, sp, #4
20006836:	f7ff ff81 	bl	2000673c <flash_restore_hardware_state>
2000683a:	b008      	add	sp, #32
2000683c:	bce0      	pop	{r5, r6, r7}
2000683e:	46ba      	mov	sl, r7
20006840:	46b1      	mov	r9, r6
20006842:	46a8      	mov	r8, r5
20006844:	bdf0      	pop	{r4, r5, r6, r7, pc}
20006846:	46c0      	nop			@ (mov r8, r8)
20006848:	00004649 	.word	0x00004649
2000684c:	00005845 	.word	0x00005845
20006850:	00004346 	.word	0x00004346
20006854:	4001800c 	.word	0x4001800c
20006858:	4001900c 	.word	0x4001900c
2000685c:	20007964 	.word	0x20007964
20006860:	20007dc0 	.word	0x20007dc0
20006864:	20007818 	.word	0x20007818

20006868 <reset_non_control_endpoints>:
20006868:	b510      	push	{r4, lr}
2000686a:	2300      	movs	r3, #0
2000686c:	e008      	b.n	20006880 <reset_non_control_endpoints+0x18>
2000686e:	3301      	adds	r3, #1
20006870:	00da      	lsls	r2, r3, #3
20006872:	2100      	movs	r1, #0
20006874:	4808      	ldr	r0, [pc, #32]	@ (20006898 <reset_non_control_endpoints+0x30>)
20006876:	5011      	str	r1, [r2, r0]
20006878:	4684      	mov	ip, r0
2000687a:	4462      	add	r2, ip
2000687c:	6051      	str	r1, [r2, #4]
2000687e:	b2db      	uxtb	r3, r3
20006880:	2b0e      	cmp	r3, #14
20006882:	d9f4      	bls.n	2000686e <reset_non_control_endpoints+0x6>
20006884:	4805      	ldr	r0, [pc, #20]	@ (2000689c <reset_non_control_endpoints+0x34>)
20006886:	22f0      	movs	r2, #240	@ 0xf0
20006888:	0092      	lsls	r2, r2, #2
2000688a:	2100      	movs	r1, #0
2000688c:	f7fc faa8 	bl	20002de0 <__wrap_memset>
20006890:	4b03      	ldr	r3, [pc, #12]	@ (200068a0 <reset_non_control_endpoints+0x38>)
20006892:	4a04      	ldr	r2, [pc, #16]	@ (200068a4 <reset_non_control_endpoints+0x3c>)
20006894:	601a      	str	r2, [r3, #0]
20006896:	bd10      	pop	{r4, pc}
20006898:	50100000 	.word	0x50100000
2000689c:	2000a10c 	.word	0x2000a10c
200068a0:	2000a4cc 	.word	0x2000a4cc
200068a4:	50100180 	.word	0x50100180

200068a8 <hw_handle_buff_status>:
200068a8:	b5f0      	push	{r4, r5, r6, r7, lr}
200068aa:	46ce      	mov	lr, r9
200068ac:	4647      	mov	r7, r8
200068ae:	b580      	push	{r7, lr}
200068b0:	b085      	sub	sp, #20
200068b2:	4b21      	ldr	r3, [pc, #132]	@ (20006938 <hw_handle_buff_status+0x90>)
200068b4:	6d9f      	ldr	r7, [r3, #88]	@ 0x58
200068b6:	2400      	movs	r4, #0
200068b8:	2601      	movs	r6, #1
200068ba:	e003      	b.n	200068c4 <hw_handle_buff_status+0x1c>
200068bc:	43b7      	bics	r7, r6
200068be:	0076      	lsls	r6, r6, #1
200068c0:	3401      	adds	r4, #1
200068c2:	b2e4      	uxtb	r4, r4
200068c4:	2f00      	cmp	r7, #0
200068c6:	d031      	beq.n	2000692c <hw_handle_buff_status+0x84>
200068c8:	2c1f      	cmp	r4, #31
200068ca:	d82f      	bhi.n	2000692c <hw_handle_buff_status+0x84>
200068cc:	423e      	tst	r6, r7
200068ce:	d0f6      	beq.n	200068be <hw_handle_buff_status+0x16>
200068d0:	4b1a      	ldr	r3, [pc, #104]	@ (2000693c <hw_handle_buff_status+0x94>)
200068d2:	659e      	str	r6, [r3, #88]	@ 0x58
200068d4:	0863      	lsrs	r3, r4, #1
200068d6:	4699      	mov	r9, r3
200068d8:	2301      	movs	r3, #1
200068da:	4023      	ands	r3, r4
200068dc:	2201      	movs	r2, #1
200068de:	4053      	eors	r3, r2
200068e0:	b2db      	uxtb	r3, r3
200068e2:	4698      	mov	r8, r3
200068e4:	464b      	mov	r3, r9
200068e6:	005d      	lsls	r5, r3, #1
200068e8:	4445      	add	r5, r8
200068ea:	016d      	lsls	r5, r5, #5
200068ec:	4b14      	ldr	r3, [pc, #80]	@ (20006940 <hw_handle_buff_status+0x98>)
200068ee:	18ed      	adds	r5, r5, r3
200068f0:	0028      	movs	r0, r5
200068f2:	f000 fa43 	bl	20006d7c <hw_endpoint_xfer_continue>
200068f6:	2800      	cmp	r0, #0
200068f8:	d0e0      	beq.n	200068bc <hw_handle_buff_status+0x14>
200068fa:	4a11      	ldr	r2, [pc, #68]	@ (20006940 <hw_handle_buff_status+0x98>)
200068fc:	464b      	mov	r3, r9
200068fe:	005b      	lsls	r3, r3, #1
20006900:	4443      	add	r3, r8
20006902:	015b      	lsls	r3, r3, #5
20006904:	18d3      	adds	r3, r2, r3
20006906:	7899      	ldrb	r1, [r3, #2]
20006908:	8ada      	ldrh	r2, [r3, #22]
2000690a:	a801      	add	r0, sp, #4
2000690c:	2300      	movs	r3, #0
2000690e:	4698      	mov	r8, r3
20006910:	7003      	strb	r3, [r0, #0]
20006912:	3307      	adds	r3, #7
20006914:	7043      	strb	r3, [r0, #1]
20006916:	7101      	strb	r1, [r0, #4]
20006918:	6082      	str	r2, [r0, #8]
2000691a:	4643      	mov	r3, r8
2000691c:	7143      	strb	r3, [r0, #5]
2000691e:	2101      	movs	r1, #1
20006920:	f000 fa4c 	bl	20006dbc <dcd_event_handler>
20006924:	0028      	movs	r0, r5
20006926:	f000 f9bf 	bl	20006ca8 <hw_endpoint_reset_transfer>
2000692a:	e7c7      	b.n	200068bc <hw_handle_buff_status+0x14>
2000692c:	b005      	add	sp, #20
2000692e:	bcc0      	pop	{r6, r7}
20006930:	46b9      	mov	r9, r7
20006932:	46b0      	mov	r8, r6
20006934:	bdf0      	pop	{r4, r5, r6, r7, pc}
20006936:	46c0      	nop			@ (mov r8, r8)
20006938:	50110000 	.word	0x50110000
2000693c:	50113000 	.word	0x50113000
20006940:	2000a0cc 	.word	0x2000a0cc

20006944 <dcd_rp2040_irq>:
20006944:	b5f0      	push	{r4, r5, r6, r7, lr}
20006946:	46ce      	mov	lr, r9
20006948:	4647      	mov	r7, r8
2000694a:	b580      	push	{r7, lr}
2000694c:	b085      	sub	sp, #20
2000694e:	4a73      	ldr	r2, [pc, #460]	@ (20006b1c <dcd_rp2040_irq+0x1d8>)
20006950:	2398      	movs	r3, #152	@ 0x98
20006952:	58d5      	ldr	r5, [r2, r3]
20006954:	2380      	movs	r3, #128	@ 0x80
20006956:	029b      	lsls	r3, r3, #10
20006958:	002f      	movs	r7, r5
2000695a:	401f      	ands	r7, r3
2000695c:	421d      	tst	r5, r3
2000695e:	d045      	beq.n	200069ec <dcd_rp2040_irq+0xa8>
20006960:	4b6f      	ldr	r3, [pc, #444]	@ (20006b20 <dcd_rp2040_irq+0x1dc>)
20006962:	6a9a      	ldr	r2, [r3, #40]	@ 0x28
20006964:	4b6f      	ldr	r3, [pc, #444]	@ (20006b24 <dcd_rp2040_irq+0x1e0>)
20006966:	601a      	str	r2, [r3, #0]
20006968:	2400      	movs	r4, #0
2000696a:	2100      	movs	r1, #0
2000696c:	e009      	b.n	20006982 <dcd_rp2040_irq+0x3e>
2000696e:	4b6e      	ldr	r3, [pc, #440]	@ (20006b28 <dcd_rp2040_irq+0x1e4>)
20006970:	185b      	adds	r3, r3, r1
20006972:	333c      	adds	r3, #60	@ 0x3c
20006974:	2200      	movs	r2, #0
20006976:	701a      	strb	r2, [r3, #0]
20006978:	f000 f9c2 	bl	20006d00 <hw_endpoint_start_next_buffer>
2000697c:	0031      	movs	r1, r6
2000697e:	3401      	adds	r4, #1
20006980:	b2e4      	uxtb	r4, r4
20006982:	2c0f      	cmp	r4, #15
20006984:	d818      	bhi.n	200069b8 <dcd_rp2040_irq+0x74>
20006986:	01a6      	lsls	r6, r4, #6
20006988:	0030      	movs	r0, r6
2000698a:	3020      	adds	r0, #32
2000698c:	4b66      	ldr	r3, [pc, #408]	@ (20006b28 <dcd_rp2040_irq+0x1e4>)
2000698e:	18c0      	adds	r0, r0, r3
20006990:	199b      	adds	r3, r3, r6
20006992:	333b      	adds	r3, #59	@ 0x3b
20006994:	781b      	ldrb	r3, [r3, #0]
20006996:	2b02      	cmp	r3, #2
20006998:	d1f1      	bne.n	2000697e <dcd_rp2040_irq+0x3a>
2000699a:	4b63      	ldr	r3, [pc, #396]	@ (20006b28 <dcd_rp2040_irq+0x1e4>)
2000699c:	199b      	adds	r3, r3, r6
2000699e:	333a      	adds	r3, #58	@ 0x3a
200069a0:	781e      	ldrb	r6, [r3, #0]
200069a2:	2e00      	cmp	r6, #0
200069a4:	d0eb      	beq.n	2000697e <dcd_rp2040_irq+0x3a>
200069a6:	4b60      	ldr	r3, [pc, #384]	@ (20006b28 <dcd_rp2040_irq+0x1e4>)
200069a8:	01a1      	lsls	r1, r4, #6
200069aa:	185b      	adds	r3, r3, r1
200069ac:	333c      	adds	r3, #60	@ 0x3c
200069ae:	781b      	ldrb	r3, [r3, #0]
200069b0:	2b00      	cmp	r3, #0
200069b2:	d1dc      	bne.n	2000696e <dcd_rp2040_irq+0x2a>
200069b4:	0031      	movs	r1, r6
200069b6:	e7e2      	b.n	2000697e <dcd_rp2040_irq+0x3a>
200069b8:	2900      	cmp	r1, #0
200069ba:	d108      	bne.n	200069ce <dcd_rp2040_irq+0x8a>
200069bc:	4b5b      	ldr	r3, [pc, #364]	@ (20006b2c <dcd_rp2040_irq+0x1e8>)
200069be:	781b      	ldrb	r3, [r3, #0]
200069c0:	2b00      	cmp	r3, #0
200069c2:	d104      	bne.n	200069ce <dcd_rp2040_irq+0x8a>
200069c4:	4a5a      	ldr	r2, [pc, #360]	@ (20006b30 <dcd_rp2040_irq+0x1ec>)
200069c6:	3390      	adds	r3, #144	@ 0x90
200069c8:	2180      	movs	r1, #128	@ 0x80
200069ca:	0289      	lsls	r1, r1, #10
200069cc:	50d1      	str	r1, [r2, r3]
200069ce:	4b53      	ldr	r3, [pc, #332]	@ (20006b1c <dcd_rp2040_irq+0x1d8>)
200069d0:	6c9b      	ldr	r3, [r3, #72]	@ 0x48
200069d2:	055b      	lsls	r3, r3, #21
200069d4:	0d5b      	lsrs	r3, r3, #21
200069d6:	a801      	add	r0, sp, #4
200069d8:	2200      	movs	r2, #0
200069da:	7002      	strb	r2, [r0, #0]
200069dc:	3203      	adds	r2, #3
200069de:	7042      	strb	r2, [r0, #1]
200069e0:	6043      	str	r3, [r0, #4]
200069e2:	2101      	movs	r1, #1
200069e4:	f000 f9ea 	bl	20006dbc <dcd_event_handler>
200069e8:	2780      	movs	r7, #128	@ 0x80
200069ea:	02bf      	lsls	r7, r7, #10
200069ec:	06eb      	lsls	r3, r5, #27
200069ee:	d406      	bmi.n	200069fe <dcd_rp2040_irq+0xba>
200069f0:	03eb      	lsls	r3, r5, #15
200069f2:	d54d      	bpl.n	20006a90 <dcd_rp2040_irq+0x14c>
200069f4:	2380      	movs	r3, #128	@ 0x80
200069f6:	025b      	lsls	r3, r3, #9
200069f8:	431f      	orrs	r7, r3
200069fa:	2400      	movs	r4, #0
200069fc:	e016      	b.n	20006a2c <dcd_rp2040_irq+0xe8>
200069fe:	2310      	movs	r3, #16
20006a00:	431f      	orrs	r7, r3
20006a02:	f7ff ff51 	bl	200068a8 <hw_handle_buff_status>
20006a06:	e7f3      	b.n	200069f0 <dcd_rp2040_irq+0xac>
20006a08:	2602      	movs	r6, #2
20006a0a:	e01c      	b.n	20006a46 <dcd_rp2040_irq+0x102>
20006a0c:	4b49      	ldr	r3, [pc, #292]	@ (20006b34 <dcd_rp2040_irq+0x1f0>)
20006a0e:	661e      	str	r6, [r3, #96]	@ 0x60
20006a10:	4b42      	ldr	r3, [pc, #264]	@ (20006b1c <dcd_rp2040_irq+0x1d8>)
20006a12:	6e5b      	ldr	r3, [r3, #100]	@ 0x64
20006a14:	4033      	ands	r3, r6
20006a16:	429e      	cmp	r6, r3
20006a18:	d1fa      	bne.n	20006a10 <dcd_rp2040_irq+0xcc>
20006a1a:	e018      	b.n	20006a4e <dcd_rp2040_irq+0x10a>
20006a1c:	4b42      	ldr	r3, [pc, #264]	@ (20006b28 <dcd_rp2040_irq+0x1e4>)
20006a1e:	464a      	mov	r2, r9
20006a20:	0152      	lsls	r2, r2, #5
20006a22:	189b      	adds	r3, r3, r2
20006a24:	2201      	movs	r2, #1
20006a26:	70da      	strb	r2, [r3, #3]
20006a28:	3401      	adds	r4, #1
20006a2a:	b2e4      	uxtb	r4, r4
20006a2c:	2c01      	cmp	r4, #1
20006a2e:	d81f      	bhi.n	20006a70 <dcd_rp2040_irq+0x12c>
20006a30:	46a1      	mov	r9, r4
20006a32:	0166      	lsls	r6, r4, #5
20006a34:	4b3c      	ldr	r3, [pc, #240]	@ (20006b28 <dcd_rp2040_irq+0x1e4>)
20006a36:	18f3      	adds	r3, r6, r3
20006a38:	4698      	mov	r8, r3
20006a3a:	7e9b      	ldrb	r3, [r3, #26]
20006a3c:	2b00      	cmp	r3, #0
20006a3e:	d0ed      	beq.n	20006a1c <dcd_rp2040_irq+0xd8>
20006a40:	2c00      	cmp	r4, #0
20006a42:	d0e1      	beq.n	20006a08 <dcd_rp2040_irq+0xc4>
20006a44:	2601      	movs	r6, #1
20006a46:	f7f9 ff8b 	bl	20000960 <rp2040_chip_version>
20006a4a:	2801      	cmp	r0, #1
20006a4c:	d8de      	bhi.n	20006a0c <dcd_rp2040_irq+0xc8>
20006a4e:	22c0      	movs	r2, #192	@ 0xc0
20006a50:	0192      	lsls	r2, r2, #6
20006a52:	2100      	movs	r1, #0
20006a54:	4640      	mov	r0, r8
20006a56:	f000 f92d 	bl	20006cb4 <_hw_endpoint_buffer_control_update32>
20006a5a:	4640      	mov	r0, r8
20006a5c:	f000 f924 	bl	20006ca8 <hw_endpoint_reset_transfer>
20006a60:	f7f9 ff7e 	bl	20000960 <rp2040_chip_version>
20006a64:	2801      	cmp	r0, #1
20006a66:	d9d9      	bls.n	20006a1c <dcd_rp2040_irq+0xd8>
20006a68:	4b31      	ldr	r3, [pc, #196]	@ (20006b30 <dcd_rp2040_irq+0x1ec>)
20006a6a:	665e      	str	r6, [r3, #100]	@ 0x64
20006a6c:	661e      	str	r6, [r3, #96]	@ 0x60
20006a6e:	e7d5      	b.n	20006a1c <dcd_rp2040_irq+0xd8>
20006a70:	a801      	add	r0, sp, #4
20006a72:	2300      	movs	r3, #0
20006a74:	7003      	strb	r3, [r0, #0]
20006a76:	3306      	adds	r3, #6
20006a78:	7043      	strb	r3, [r0, #1]
20006a7a:	4a2f      	ldr	r2, [pc, #188]	@ (20006b38 <dcd_rp2040_irq+0x1f4>)
20006a7c:	ab02      	add	r3, sp, #8
20006a7e:	ca12      	ldmia	r2!, {r1, r4}
20006a80:	c312      	stmia	r3!, {r1, r4}
20006a82:	2101      	movs	r1, #1
20006a84:	f000 f99a 	bl	20006dbc <dcd_event_handler>
20006a88:	4b29      	ldr	r3, [pc, #164]	@ (20006b30 <dcd_rp2040_irq+0x1ec>)
20006a8a:	2280      	movs	r2, #128	@ 0x80
20006a8c:	0292      	lsls	r2, r2, #10
20006a8e:	651a      	str	r2, [r3, #80]	@ 0x50
20006a90:	04eb      	lsls	r3, r5, #19
20006a92:	d40a      	bmi.n	20006aaa <dcd_rp2040_irq+0x166>
20006a94:	046b      	lsls	r3, r5, #17
20006a96:	d41d      	bmi.n	20006ad4 <dcd_rp2040_irq+0x190>
20006a98:	042b      	lsls	r3, r5, #16
20006a9a:	d42a      	bmi.n	20006af2 <dcd_rp2040_irq+0x1ae>
20006a9c:	42af      	cmp	r7, r5
20006a9e:	d138      	bne.n	20006b12 <dcd_rp2040_irq+0x1ce>
20006aa0:	b005      	add	sp, #20
20006aa2:	bcc0      	pop	{r6, r7}
20006aa4:	46b9      	mov	r9, r7
20006aa6:	46b0      	mov	r8, r6
20006aa8:	bdf0      	pop	{r4, r5, r6, r7, pc}
20006aaa:	2380      	movs	r3, #128	@ 0x80
20006aac:	015b      	lsls	r3, r3, #5
20006aae:	431f      	orrs	r7, r3
20006ab0:	2400      	movs	r4, #0
20006ab2:	4b1a      	ldr	r3, [pc, #104]	@ (20006b1c <dcd_rp2040_irq+0x1d8>)
20006ab4:	601c      	str	r4, [r3, #0]
20006ab6:	f7ff fed7 	bl	20006868 <reset_non_control_endpoints>
20006aba:	a801      	add	r0, sp, #4
20006abc:	7004      	strb	r4, [r0, #0]
20006abe:	2301      	movs	r3, #1
20006ac0:	7043      	strb	r3, [r0, #1]
20006ac2:	7104      	strb	r4, [r0, #4]
20006ac4:	2101      	movs	r1, #1
20006ac6:	f000 f979 	bl	20006dbc <dcd_event_handler>
20006aca:	4b19      	ldr	r3, [pc, #100]	@ (20006b30 <dcd_rp2040_irq+0x1ec>)
20006acc:	2280      	movs	r2, #128	@ 0x80
20006ace:	0312      	lsls	r2, r2, #12
20006ad0:	651a      	str	r2, [r3, #80]	@ 0x50
20006ad2:	e7df      	b.n	20006a94 <dcd_rp2040_irq+0x150>
20006ad4:	2380      	movs	r3, #128	@ 0x80
20006ad6:	01db      	lsls	r3, r3, #7
20006ad8:	431f      	orrs	r7, r3
20006ada:	a801      	add	r0, sp, #4
20006adc:	2300      	movs	r3, #0
20006ade:	7003      	strb	r3, [r0, #0]
20006ae0:	3304      	adds	r3, #4
20006ae2:	7043      	strb	r3, [r0, #1]
20006ae4:	2101      	movs	r1, #1
20006ae6:	f000 f969 	bl	20006dbc <dcd_event_handler>
20006aea:	4b11      	ldr	r3, [pc, #68]	@ (20006b30 <dcd_rp2040_irq+0x1ec>)
20006aec:	2210      	movs	r2, #16
20006aee:	651a      	str	r2, [r3, #80]	@ 0x50
20006af0:	e7d2      	b.n	20006a98 <dcd_rp2040_irq+0x154>
20006af2:	2380      	movs	r3, #128	@ 0x80
20006af4:	021b      	lsls	r3, r3, #8
20006af6:	431f      	orrs	r7, r3
20006af8:	a801      	add	r0, sp, #4
20006afa:	2300      	movs	r3, #0
20006afc:	7003      	strb	r3, [r0, #0]
20006afe:	3305      	adds	r3, #5
20006b00:	7043      	strb	r3, [r0, #1]
20006b02:	2101      	movs	r1, #1
20006b04:	f000 f95a 	bl	20006dbc <dcd_event_handler>
20006b08:	4b09      	ldr	r3, [pc, #36]	@ (20006b30 <dcd_rp2040_irq+0x1ec>)
20006b0a:	2280      	movs	r2, #128	@ 0x80
20006b0c:	0112      	lsls	r2, r2, #4
20006b0e:	651a      	str	r2, [r3, #80]	@ 0x50
20006b10:	e7c4      	b.n	20006a9c <dcd_rp2040_irq+0x158>
20006b12:	0039      	movs	r1, r7
20006b14:	4069      	eors	r1, r5
20006b16:	4809      	ldr	r0, [pc, #36]	@ (20006b3c <dcd_rp2040_irq+0x1f8>)
20006b18:	f7f9 ff4c 	bl	200009b4 <panic>
20006b1c:	50110000 	.word	0x50110000
20006b20:	40054000 	.word	0x40054000
20006b24:	2000a0c4 	.word	0x2000a0c4
20006b28:	2000a0cc 	.word	0x2000a0cc
20006b2c:	2000a6ed 	.word	0x2000a6ed
20006b30:	50113000 	.word	0x50113000
20006b34:	50112000 	.word	0x50112000
20006b38:	50100000 	.word	0x50100000
20006b3c:	20007a54 	.word	0x20007a54

20006b40 <prepare_ep_buffer>:
20006b40:	b5f8      	push	{r3, r4, r5, r6, r7, lr}
20006b42:	0004      	movs	r4, r0
20006b44:	000f      	movs	r7, r1
20006b46:	8a83      	ldrh	r3, [r0, #20]
20006b48:	8b02      	ldrh	r2, [r0, #24]
20006b4a:	1c1e      	adds	r6, r3, #0
20006b4c:	4293      	cmp	r3, r2
20006b4e:	d900      	bls.n	20006b52 <prepare_ep_buffer+0x12>
20006b50:	1c16      	adds	r6, r2, #0
20006b52:	b2b6      	uxth	r6, r6
20006b54:	1b9b      	subs	r3, r3, r6
20006b56:	82a3      	strh	r3, [r4, #20]
20006b58:	2280      	movs	r2, #128	@ 0x80
20006b5a:	00d2      	lsls	r2, r2, #3
20006b5c:	4332      	orrs	r2, r6
20006b5e:	78e3      	ldrb	r3, [r4, #3]
20006b60:	2b00      	cmp	r3, #0
20006b62:	d013      	beq.n	20006b8c <prepare_ep_buffer+0x4c>
20006b64:	2580      	movs	r5, #128	@ 0x80
20006b66:	01ad      	lsls	r5, r5, #6
20006b68:	4315      	orrs	r5, r2
20006b6a:	2201      	movs	r2, #1
20006b6c:	4053      	eors	r3, r2
20006b6e:	70e3      	strb	r3, [r4, #3]
20006b70:	7863      	ldrb	r3, [r4, #1]
20006b72:	2b00      	cmp	r3, #0
20006b74:	d00c      	beq.n	20006b90 <prepare_ep_buffer+0x50>
20006b76:	8aa3      	ldrh	r3, [r4, #20]
20006b78:	2b00      	cmp	r3, #0
20006b7a:	d102      	bne.n	20006b82 <prepare_ep_buffer+0x42>
20006b7c:	2380      	movs	r3, #128	@ 0x80
20006b7e:	01db      	lsls	r3, r3, #7
20006b80:	431d      	orrs	r5, r3
20006b82:	2f00      	cmp	r7, #0
20006b84:	d000      	beq.n	20006b88 <prepare_ep_buffer+0x48>
20006b86:	042d      	lsls	r5, r5, #16
20006b88:	0028      	movs	r0, r5
20006b8a:	bdf8      	pop	{r3, r4, r5, r6, r7, pc}
20006b8c:	2500      	movs	r5, #0
20006b8e:	e7eb      	b.n	20006b68 <prepare_ep_buffer+0x28>
20006b90:	68e0      	ldr	r0, [r4, #12]
20006b92:	01bb      	lsls	r3, r7, #6
20006b94:	18c0      	adds	r0, r0, r3
20006b96:	6921      	ldr	r1, [r4, #16]
20006b98:	0032      	movs	r2, r6
20006b9a:	f7fd fe21 	bl	200047e0 <unaligned_memcpy>
20006b9e:	6923      	ldr	r3, [r4, #16]
20006ba0:	199b      	adds	r3, r3, r6
20006ba2:	6123      	str	r3, [r4, #16]
20006ba4:	2380      	movs	r3, #128	@ 0x80
20006ba6:	021b      	lsls	r3, r3, #8
20006ba8:	431d      	orrs	r5, r3
20006baa:	e7e4      	b.n	20006b76 <prepare_ep_buffer+0x36>

20006bac <e15_is_bulkin_ep>:
20006bac:	4b09      	ldr	r3, [pc, #36]	@ (20006bd4 <e15_is_bulkin_ep+0x28>)
20006bae:	6c1b      	ldr	r3, [r3, #64]	@ 0x40
20006bb0:	079b      	lsls	r3, r3, #30
20006bb2:	d40c      	bmi.n	20006bce <e15_is_bulkin_ep+0x22>
20006bb4:	7883      	ldrb	r3, [r0, #2]
20006bb6:	09db      	lsrs	r3, r3, #7
20006bb8:	2b01      	cmp	r3, #1
20006bba:	d001      	beq.n	20006bc0 <e15_is_bulkin_ep+0x14>
20006bbc:	2000      	movs	r0, #0
20006bbe:	e007      	b.n	20006bd0 <e15_is_bulkin_ep+0x24>
20006bc0:	7ec3      	ldrb	r3, [r0, #27]
20006bc2:	2b02      	cmp	r3, #2
20006bc4:	d001      	beq.n	20006bca <e15_is_bulkin_ep+0x1e>
20006bc6:	2000      	movs	r0, #0
20006bc8:	e002      	b.n	20006bd0 <e15_is_bulkin_ep+0x24>
20006bca:	2001      	movs	r0, #1
20006bcc:	e000      	b.n	20006bd0 <e15_is_bulkin_ep+0x24>
20006bce:	2000      	movs	r0, #0
20006bd0:	4770      	bx	lr
20006bd2:	46c0      	nop			@ (mov r8, r8)
20006bd4:	50110000 	.word	0x50110000

20006bd8 <e15_is_critical_frame_period>:
20006bd8:	b510      	push	{r4, lr}
20006bda:	f7ff ffe7 	bl	20006bac <e15_is_bulkin_ep>
20006bde:	2800      	cmp	r0, #0
20006be0:	d009      	beq.n	20006bf6 <e15_is_critical_frame_period+0x1e>
20006be2:	4b06      	ldr	r3, [pc, #24]	@ (20006bfc <e15_is_critical_frame_period+0x24>)
20006be4:	6a9b      	ldr	r3, [r3, #40]	@ 0x28
20006be6:	4a06      	ldr	r2, [pc, #24]	@ (20006c00 <e15_is_critical_frame_period+0x28>)
20006be8:	6812      	ldr	r2, [r2, #0]
20006bea:	1a9b      	subs	r3, r3, r2
20006bec:	4a05      	ldr	r2, [pc, #20]	@ (20006c04 <e15_is_critical_frame_period+0x2c>)
20006bee:	4694      	mov	ip, r2
20006bf0:	4463      	add	r3, ip
20006bf2:	2bc6      	cmp	r3, #198	@ 0xc6
20006bf4:	d800      	bhi.n	20006bf8 <e15_is_critical_frame_period+0x20>
20006bf6:	bd10      	pop	{r4, pc}
20006bf8:	2000      	movs	r0, #0
20006bfa:	e7fc      	b.n	20006bf6 <e15_is_critical_frame_period+0x1e>
20006bfc:	40054000 	.word	0x40054000
20006c00:	2000a0c4 	.word	0x2000a0c4
20006c04:	fffffce0 	.word	0xfffffce0

20006c08 <sync_ep_buffer>:
20006c08:	b570      	push	{r4, r5, r6, lr}
20006c0a:	0004      	movs	r4, r0
20006c0c:	6883      	ldr	r3, [r0, #8]
20006c0e:	681b      	ldr	r3, [r3, #0]
20006c10:	2900      	cmp	r1, #0
20006c12:	d000      	beq.n	20006c16 <sync_ep_buffer+0xe>
20006c14:	0c1b      	lsrs	r3, r3, #16
20006c16:	059d      	lsls	r5, r3, #22
20006c18:	0dad      	lsrs	r5, r5, #22
20006c1a:	7862      	ldrb	r2, [r4, #1]
20006c1c:	2a00      	cmp	r2, #0
20006c1e:	d111      	bne.n	20006c44 <sync_ep_buffer+0x3c>
20006c20:	041b      	lsls	r3, r3, #16
20006c22:	d409      	bmi.n	20006c38 <sync_ep_buffer+0x30>
20006c24:	8ae3      	ldrh	r3, [r4, #22]
20006c26:	195b      	adds	r3, r3, r5
20006c28:	82e3      	strh	r3, [r4, #22]
20006c2a:	8b23      	ldrh	r3, [r4, #24]
20006c2c:	42ab      	cmp	r3, r5
20006c2e:	d901      	bls.n	20006c34 <sync_ep_buffer+0x2c>
20006c30:	2300      	movs	r3, #0
20006c32:	82a3      	strh	r3, [r4, #20]
20006c34:	0028      	movs	r0, r5
20006c36:	bd70      	pop	{r4, r5, r6, pc}
20006c38:	4b0d      	ldr	r3, [pc, #52]	@ (20006c70 <sync_ep_buffer+0x68>)
20006c3a:	4a0e      	ldr	r2, [pc, #56]	@ (20006c74 <sync_ep_buffer+0x6c>)
20006c3c:	480e      	ldr	r0, [pc, #56]	@ (20006c78 <sync_ep_buffer+0x70>)
20006c3e:	21e8      	movs	r1, #232	@ 0xe8
20006c40:	f7fd f9ec 	bl	2000401c <__assert_func>
20006c44:	041b      	lsls	r3, r3, #16
20006c46:	d50d      	bpl.n	20006c64 <sync_ep_buffer+0x5c>
20006c48:	6920      	ldr	r0, [r4, #16]
20006c4a:	68e3      	ldr	r3, [r4, #12]
20006c4c:	0189      	lsls	r1, r1, #6
20006c4e:	1859      	adds	r1, r3, r1
20006c50:	002a      	movs	r2, r5
20006c52:	f7fd fdc5 	bl	200047e0 <unaligned_memcpy>
20006c56:	8ae3      	ldrh	r3, [r4, #22]
20006c58:	195b      	adds	r3, r3, r5
20006c5a:	82e3      	strh	r3, [r4, #22]
20006c5c:	6923      	ldr	r3, [r4, #16]
20006c5e:	195b      	adds	r3, r3, r5
20006c60:	6123      	str	r3, [r4, #16]
20006c62:	e7e2      	b.n	20006c2a <sync_ep_buffer+0x22>
20006c64:	4b05      	ldr	r3, [pc, #20]	@ (20006c7c <sync_ep_buffer+0x74>)
20006c66:	4a03      	ldr	r2, [pc, #12]	@ (20006c74 <sync_ep_buffer+0x6c>)
20006c68:	4803      	ldr	r0, [pc, #12]	@ (20006c78 <sync_ep_buffer+0x70>)
20006c6a:	21ee      	movs	r1, #238	@ 0xee
20006c6c:	f7fd f9d6 	bl	2000401c <__assert_func>
20006c70:	20007a74 	.word	0x20007a74
20006c74:	20007e20 	.word	0x20007e20
20006c78:	20007a94 	.word	0x20007a94
20006c7c:	20007af0 	.word	0x20007af0

20006c80 <_hw_endpoint_xfer_sync>:
20006c80:	b510      	push	{r4, lr}
20006c82:	0004      	movs	r4, r0
20006c84:	6883      	ldr	r3, [r0, #8]
20006c86:	681b      	ldr	r3, [r3, #0]
20006c88:	2100      	movs	r1, #0
20006c8a:	f7ff ffbd 	bl	20006c08 <sync_ep_buffer>
20006c8e:	6863      	ldr	r3, [r4, #4]
20006c90:	681b      	ldr	r3, [r3, #0]
20006c92:	005b      	lsls	r3, r3, #1
20006c94:	d502      	bpl.n	20006c9c <_hw_endpoint_xfer_sync+0x1c>
20006c96:	8b23      	ldrh	r3, [r4, #24]
20006c98:	4283      	cmp	r3, r0
20006c9a:	d000      	beq.n	20006c9e <_hw_endpoint_xfer_sync+0x1e>
20006c9c:	bd10      	pop	{r4, pc}
20006c9e:	2101      	movs	r1, #1
20006ca0:	0020      	movs	r0, r4
20006ca2:	f7ff ffb1 	bl	20006c08 <sync_ep_buffer>
20006ca6:	e7f9      	b.n	20006c9c <_hw_endpoint_xfer_sync+0x1c>

20006ca8 <hw_endpoint_reset_transfer>:
20006ca8:	2300      	movs	r3, #0
20006caa:	7683      	strb	r3, [r0, #26]
20006cac:	8283      	strh	r3, [r0, #20]
20006cae:	82c3      	strh	r3, [r0, #22]
20006cb0:	6103      	str	r3, [r0, #16]
20006cb2:	4770      	bx	lr

20006cb4 <_hw_endpoint_buffer_control_update32>:
20006cb4:	b510      	push	{r4, lr}
20006cb6:	2900      	cmp	r1, #0
20006cb8:	d002      	beq.n	20006cc0 <_hw_endpoint_buffer_control_update32+0xc>
20006cba:	6883      	ldr	r3, [r0, #8]
20006cbc:	681b      	ldr	r3, [r3, #0]
20006cbe:	4019      	ands	r1, r3
20006cc0:	2a00      	cmp	r2, #0
20006cc2:	d010      	beq.n	20006ce6 <_hw_endpoint_buffer_control_update32+0x32>
20006cc4:	4311      	orrs	r1, r2
20006cc6:	0552      	lsls	r2, r2, #21
20006cc8:	d50d      	bpl.n	20006ce6 <_hw_endpoint_buffer_control_update32+0x32>
20006cca:	6882      	ldr	r2, [r0, #8]
20006ccc:	6813      	ldr	r3, [r2, #0]
20006cce:	055b      	lsls	r3, r3, #21
20006cd0:	d40c      	bmi.n	20006cec <_hw_endpoint_buffer_control_update32+0x38>
20006cd2:	4b08      	ldr	r3, [pc, #32]	@ (20006cf4 <_hw_endpoint_buffer_control_update32+0x40>)
20006cd4:	400b      	ands	r3, r1
20006cd6:	6013      	str	r3, [r2, #0]
20006cd8:	4b07      	ldr	r3, [pc, #28]	@ (20006cf8 <_hw_endpoint_buffer_control_update32+0x44>)
20006cda:	6c1b      	ldr	r3, [r3, #64]	@ 0x40
20006cdc:	079b      	lsls	r3, r3, #30
20006cde:	d402      	bmi.n	20006ce6 <_hw_endpoint_buffer_control_update32+0x32>
20006ce0:	230c      	movs	r3, #12
20006ce2:	3b03      	subs	r3, #3
20006ce4:	d2fd      	bcs.n	20006ce2 <_hw_endpoint_buffer_control_update32+0x2e>
20006ce6:	6883      	ldr	r3, [r0, #8]
20006ce8:	6019      	str	r1, [r3, #0]
20006cea:	bd10      	pop	{r4, pc}
20006cec:	7881      	ldrb	r1, [r0, #2]
20006cee:	4803      	ldr	r0, [pc, #12]	@ (20006cfc <_hw_endpoint_buffer_control_update32+0x48>)
20006cf0:	f7f9 fe60 	bl	200009b4 <panic>
20006cf4:	fffffbff 	.word	0xfffffbff
20006cf8:	50110000 	.word	0x50110000
20006cfc:	20007b10 	.word	0x20007b10

20006d00 <hw_endpoint_start_next_buffer>:
20006d00:	b570      	push	{r4, r5, r6, lr}
20006d02:	0004      	movs	r4, r0
20006d04:	6843      	ldr	r3, [r0, #4]
20006d06:	681e      	ldr	r6, [r3, #0]
20006d08:	2100      	movs	r1, #0
20006d0a:	f7ff ff19 	bl	20006b40 <prepare_ep_buffer>
20006d0e:	2580      	movs	r5, #128	@ 0x80
20006d10:	016d      	lsls	r5, r5, #5
20006d12:	4305      	orrs	r5, r0
20006d14:	4b16      	ldr	r3, [pc, #88]	@ (20006d70 <hw_endpoint_start_next_buffer+0x70>)
20006d16:	6c1b      	ldr	r3, [r3, #64]	@ 0x40
20006d18:	079b      	lsls	r3, r3, #30
20006d1a:	d515      	bpl.n	20006d48 <hw_endpoint_start_next_buffer+0x48>
20006d1c:	78a3      	ldrb	r3, [r4, #2]
20006d1e:	065b      	lsls	r3, r3, #25
20006d20:	d117      	bne.n	20006d52 <hw_endpoint_start_next_buffer+0x52>
20006d22:	2300      	movs	r3, #0
20006d24:	8aa2      	ldrh	r2, [r4, #20]
20006d26:	2a00      	cmp	r2, #0
20006d28:	d001      	beq.n	20006d2e <hw_endpoint_start_next_buffer+0x2e>
20006d2a:	2b00      	cmp	r3, #0
20006d2c:	d015      	beq.n	20006d5a <hw_endpoint_start_next_buffer+0x5a>
20006d2e:	4b11      	ldr	r3, [pc, #68]	@ (20006d74 <hw_endpoint_start_next_buffer+0x74>)
20006d30:	401e      	ands	r6, r3
20006d32:	2380      	movs	r3, #128	@ 0x80
20006d34:	059b      	lsls	r3, r3, #22
20006d36:	4333      	orrs	r3, r6
20006d38:	6862      	ldr	r2, [r4, #4]
20006d3a:	6013      	str	r3, [r2, #0]
20006d3c:	002a      	movs	r2, r5
20006d3e:	2100      	movs	r1, #0
20006d40:	0020      	movs	r0, r4
20006d42:	f7ff ffb7 	bl	20006cb4 <_hw_endpoint_buffer_control_update32>
20006d46:	bd70      	pop	{r4, r5, r6, pc}
20006d48:	78a3      	ldrb	r3, [r4, #2]
20006d4a:	09db      	lsrs	r3, r3, #7
20006d4c:	d103      	bne.n	20006d56 <hw_endpoint_start_next_buffer+0x56>
20006d4e:	3301      	adds	r3, #1
20006d50:	e7e8      	b.n	20006d24 <hw_endpoint_start_next_buffer+0x24>
20006d52:	2301      	movs	r3, #1
20006d54:	e7e6      	b.n	20006d24 <hw_endpoint_start_next_buffer+0x24>
20006d56:	2300      	movs	r3, #0
20006d58:	e7e4      	b.n	20006d24 <hw_endpoint_start_next_buffer+0x24>
20006d5a:	2101      	movs	r1, #1
20006d5c:	0020      	movs	r0, r4
20006d5e:	f7ff feef 	bl	20006b40 <prepare_ep_buffer>
20006d62:	4305      	orrs	r5, r0
20006d64:	4a04      	ldr	r2, [pc, #16]	@ (20006d78 <hw_endpoint_start_next_buffer+0x78>)
20006d66:	4032      	ands	r2, r6
20006d68:	23a0      	movs	r3, #160	@ 0xa0
20006d6a:	05db      	lsls	r3, r3, #23
20006d6c:	4313      	orrs	r3, r2
20006d6e:	e7e3      	b.n	20006d38 <hw_endpoint_start_next_buffer+0x38>
20006d70:	50110000 	.word	0x50110000
20006d74:	afffffff 	.word	0xafffffff
20006d78:	dfffffff 	.word	0xdfffffff

20006d7c <hw_endpoint_xfer_continue>:
20006d7c:	b570      	push	{r4, r5, r6, lr}
20006d7e:	0004      	movs	r4, r0
20006d80:	7e85      	ldrb	r5, [r0, #26]
20006d82:	2d00      	cmp	r5, #0
20006d84:	d006      	beq.n	20006d94 <hw_endpoint_xfer_continue+0x18>
20006d86:	f7ff ff7b 	bl	20006c80 <_hw_endpoint_xfer_sync>
20006d8a:	8aa3      	ldrh	r3, [r4, #20]
20006d8c:	2b00      	cmp	r3, #0
20006d8e:	d105      	bne.n	20006d9c <hw_endpoint_xfer_continue+0x20>
20006d90:	0028      	movs	r0, r5
20006d92:	bd70      	pop	{r4, r5, r6, pc}
20006d94:	7881      	ldrb	r1, [r0, #2]
20006d96:	4808      	ldr	r0, [pc, #32]	@ (20006db8 <hw_endpoint_xfer_continue+0x3c>)
20006d98:	f7f9 fe0c 	bl	200009b4 <panic>
20006d9c:	0020      	movs	r0, r4
20006d9e:	f7ff ff1b 	bl	20006bd8 <e15_is_critical_frame_period>
20006da2:	1e05      	subs	r5, r0, #0
20006da4:	d003      	beq.n	20006dae <hw_endpoint_xfer_continue+0x32>
20006da6:	2301      	movs	r3, #1
20006da8:	7723      	strb	r3, [r4, #28]
20006daa:	2500      	movs	r5, #0
20006dac:	e7f0      	b.n	20006d90 <hw_endpoint_xfer_continue+0x14>
20006dae:	0020      	movs	r0, r4
20006db0:	f7ff ffa6 	bl	20006d00 <hw_endpoint_start_next_buffer>
20006db4:	e7ec      	b.n	20006d90 <hw_endpoint_xfer_continue+0x14>
20006db6:	46c0      	nop			@ (mov r8, r8)
20006db8:	20007b30 	.word	0x20007b30

20006dbc <dcd_event_handler>:
20006dbc:	b570      	push	{r4, r5, r6, lr}
20006dbe:	b084      	sub	sp, #16
20006dc0:	0005      	movs	r5, r0
20006dc2:	000e      	movs	r6, r1
20006dc4:	7843      	ldrb	r3, [r0, #1]
20006dc6:	2b04      	cmp	r3, #4
20006dc8:	d03c      	beq.n	20006e44 <dcd_event_handler+0x88>
20006dca:	d909      	bls.n	20006de0 <dcd_event_handler+0x24>
20006dcc:	2b05      	cmp	r3, #5
20006dce:	d043      	beq.n	20006e58 <dcd_event_handler+0x9c>
20006dd0:	2b06      	cmp	r3, #6
20006dd2:	d11a      	bne.n	20006e0a <dcd_event_handler+0x4e>
20006dd4:	4a65      	ldr	r2, [pc, #404]	@ (20006f6c <dcd_event_handler+0x1b0>)
20006dd6:	7813      	ldrb	r3, [r2, #0]
20006dd8:	3301      	adds	r3, #1
20006dda:	b2db      	uxtb	r3, r3
20006ddc:	7013      	strb	r3, [r2, #0]
20006dde:	e014      	b.n	20006e0a <dcd_event_handler+0x4e>
20006de0:	2b02      	cmp	r3, #2
20006de2:	d003      	beq.n	20006dec <dcd_event_handler+0x30>
20006de4:	2b03      	cmp	r3, #3
20006de6:	d110      	bne.n	20006e0a <dcd_event_handler+0x4e>
20006de8:	2400      	movs	r4, #0
20006dea:	e04b      	b.n	20006e84 <dcd_event_handler+0xc8>
20006dec:	4b60      	ldr	r3, [pc, #384]	@ (20006f70 <dcd_event_handler+0x1b4>)
20006dee:	781a      	ldrb	r2, [r3, #0]
20006df0:	2101      	movs	r1, #1
20006df2:	438a      	bics	r2, r1
20006df4:	701a      	strb	r2, [r3, #0]
20006df6:	781a      	ldrb	r2, [r3, #0]
20006df8:	3101      	adds	r1, #1
20006dfa:	438a      	bics	r2, r1
20006dfc:	701a      	strb	r2, [r3, #0]
20006dfe:	2200      	movs	r2, #0
20006e00:	705a      	strb	r2, [r3, #1]
20006e02:	781a      	ldrb	r2, [r3, #0]
20006e04:	3102      	adds	r1, #2
20006e06:	438a      	bics	r2, r1
20006e08:	701a      	strb	r2, [r3, #0]
20006e0a:	4b5a      	ldr	r3, [pc, #360]	@ (20006f74 <dcd_event_handler+0x1b8>)
20006e0c:	681c      	ldr	r4, [r3, #0]
20006e0e:	6962      	ldr	r2, [r4, #20]
20006e10:	f3ef 8110 	mrs	r1, PRIMASK
20006e14:	b672      	cpsid	i
20006e16:	6813      	ldr	r3, [r2, #0]
20006e18:	2b00      	cmp	r3, #0
20006e1a:	d0fc      	beq.n	20006e16 <dcd_event_handler+0x5a>
20006e1c:	f3bf 8f5f 	dmb	sy
20006e20:	61a1      	str	r1, [r4, #24]
20006e22:	0029      	movs	r1, r5
20006e24:	0020      	movs	r0, r4
20006e26:	f7ff fa45 	bl	200062b4 <tu_fifo_write>
20006e2a:	6962      	ldr	r2, [r4, #20]
20006e2c:	69a3      	ldr	r3, [r4, #24]
20006e2e:	f3bf 8f5f 	dmb	sy
20006e32:	2100      	movs	r1, #0
20006e34:	6011      	str	r1, [r2, #0]
20006e36:	f383 8810 	msr	PRIMASK, r3
20006e3a:	2800      	cmp	r0, #0
20006e3c:	d000      	beq.n	20006e40 <dcd_event_handler+0x84>
20006e3e:	e08e      	b.n	20006f5e <dcd_event_handler+0x1a2>
20006e40:	b004      	add	sp, #16
20006e42:	bd70      	pop	{r4, r5, r6, pc}
20006e44:	4b4a      	ldr	r3, [pc, #296]	@ (20006f70 <dcd_event_handler+0x1b4>)
20006e46:	781b      	ldrb	r3, [r3, #0]
20006e48:	07db      	lsls	r3, r3, #31
20006e4a:	d5f9      	bpl.n	20006e40 <dcd_event_handler+0x84>
20006e4c:	4a48      	ldr	r2, [pc, #288]	@ (20006f70 <dcd_event_handler+0x1b4>)
20006e4e:	7813      	ldrb	r3, [r2, #0]
20006e50:	2104      	movs	r1, #4
20006e52:	430b      	orrs	r3, r1
20006e54:	7013      	strb	r3, [r2, #0]
20006e56:	e7d8      	b.n	20006e0a <dcd_event_handler+0x4e>
20006e58:	4b45      	ldr	r3, [pc, #276]	@ (20006f70 <dcd_event_handler+0x1b4>)
20006e5a:	781b      	ldrb	r3, [r3, #0]
20006e5c:	07db      	lsls	r3, r3, #31
20006e5e:	d5ef      	bpl.n	20006e40 <dcd_event_handler+0x84>
20006e60:	4a43      	ldr	r2, [pc, #268]	@ (20006f70 <dcd_event_handler+0x1b4>)
20006e62:	7813      	ldrb	r3, [r2, #0]
20006e64:	2104      	movs	r1, #4
20006e66:	438b      	bics	r3, r1
20006e68:	7013      	strb	r3, [r2, #0]
20006e6a:	e7ce      	b.n	20006e0a <dcd_event_handler+0x4e>
20006e6c:	1ae3      	subs	r3, r4, r3
20006e6e:	015b      	lsls	r3, r3, #5
20006e70:	4a41      	ldr	r2, [pc, #260]	@ (20006f78 <dcd_event_handler+0x1bc>)
20006e72:	189b      	adds	r3, r3, r2
20006e74:	69db      	ldr	r3, [r3, #28]
20006e76:	2b00      	cmp	r3, #0
20006e78:	d002      	beq.n	20006e80 <dcd_event_handler+0xc4>
20006e7a:	7828      	ldrb	r0, [r5, #0]
20006e7c:	6869      	ldr	r1, [r5, #4]
20006e7e:	4798      	blx	r3
20006e80:	3401      	adds	r4, #1
20006e82:	b2e4      	uxtb	r4, r4
20006e84:	4b3d      	ldr	r3, [pc, #244]	@ (20006f7c <dcd_event_handler+0x1c0>)
20006e86:	781b      	ldrb	r3, [r3, #0]
20006e88:	42a3      	cmp	r3, r4
20006e8a:	d307      	bcc.n	20006e9c <dcd_event_handler+0xe0>
20006e8c:	d9ee      	bls.n	20006e6c <dcd_event_handler+0xb0>
20006e8e:	4b3c      	ldr	r3, [pc, #240]	@ (20006f80 <dcd_event_handler+0x1c4>)
20006e90:	681b      	ldr	r3, [r3, #0]
20006e92:	0162      	lsls	r2, r4, #5
20006e94:	189b      	adds	r3, r3, r2
20006e96:	2b00      	cmp	r3, #0
20006e98:	d1ec      	bne.n	20006e74 <dcd_event_handler+0xb8>
20006e9a:	e7f1      	b.n	20006e80 <dcd_event_handler+0xc4>
20006e9c:	4b34      	ldr	r3, [pc, #208]	@ (20006f70 <dcd_event_handler+0x1b4>)
20006e9e:	781b      	ldrb	r3, [r3, #0]
20006ea0:	075b      	lsls	r3, r3, #29
20006ea2:	d528      	bpl.n	20006ef6 <dcd_event_handler+0x13a>
20006ea4:	4a32      	ldr	r2, [pc, #200]	@ (20006f70 <dcd_event_handler+0x1b4>)
20006ea6:	7813      	ldrb	r3, [r2, #0]
20006ea8:	2104      	movs	r1, #4
20006eaa:	438b      	bics	r3, r1
20006eac:	7013      	strb	r3, [r2, #0]
20006eae:	ac01      	add	r4, sp, #4
20006eb0:	220c      	movs	r2, #12
20006eb2:	2100      	movs	r1, #0
20006eb4:	0020      	movs	r0, r4
20006eb6:	f7fb ff93 	bl	20002de0 <__wrap_memset>
20006eba:	782b      	ldrb	r3, [r5, #0]
20006ebc:	7023      	strb	r3, [r4, #0]
20006ebe:	2305      	movs	r3, #5
20006ec0:	7063      	strb	r3, [r4, #1]
20006ec2:	4b2c      	ldr	r3, [pc, #176]	@ (20006f74 <dcd_event_handler+0x1b8>)
20006ec4:	681c      	ldr	r4, [r3, #0]
20006ec6:	6962      	ldr	r2, [r4, #20]
20006ec8:	f3ef 8110 	mrs	r1, PRIMASK
20006ecc:	b672      	cpsid	i
20006ece:	6813      	ldr	r3, [r2, #0]
20006ed0:	2b00      	cmp	r3, #0
20006ed2:	d0fc      	beq.n	20006ece <dcd_event_handler+0x112>
20006ed4:	f3bf 8f5f 	dmb	sy
20006ed8:	61a1      	str	r1, [r4, #24]
20006eda:	a901      	add	r1, sp, #4
20006edc:	0020      	movs	r0, r4
20006ede:	f7ff f9e9 	bl	200062b4 <tu_fifo_write>
20006ee2:	6962      	ldr	r2, [r4, #20]
20006ee4:	69a3      	ldr	r3, [r4, #24]
20006ee6:	f3bf 8f5f 	dmb	sy
20006eea:	2100      	movs	r1, #0
20006eec:	6011      	str	r1, [r2, #0]
20006eee:	f383 8810 	msr	PRIMASK, r3
20006ef2:	2800      	cmp	r0, #0
20006ef4:	d12c      	bne.n	20006f50 <dcd_event_handler+0x194>
20006ef6:	4b1e      	ldr	r3, [pc, #120]	@ (20006f70 <dcd_event_handler+0x1b4>)
20006ef8:	78db      	ldrb	r3, [r3, #3]
20006efa:	07db      	lsls	r3, r3, #31
20006efc:	d5a0      	bpl.n	20006e40 <dcd_event_handler+0x84>
20006efe:	782a      	ldrb	r2, [r5, #0]
20006f00:	ab01      	add	r3, sp, #4
20006f02:	701a      	strb	r2, [r3, #0]
20006f04:	2203      	movs	r2, #3
20006f06:	705a      	strb	r2, [r3, #1]
20006f08:	686a      	ldr	r2, [r5, #4]
20006f0a:	9202      	str	r2, [sp, #8]
20006f0c:	4b19      	ldr	r3, [pc, #100]	@ (20006f74 <dcd_event_handler+0x1b8>)
20006f0e:	681c      	ldr	r4, [r3, #0]
20006f10:	6962      	ldr	r2, [r4, #20]
20006f12:	f3ef 8110 	mrs	r1, PRIMASK
20006f16:	b672      	cpsid	i
20006f18:	6813      	ldr	r3, [r2, #0]
20006f1a:	2b00      	cmp	r3, #0
20006f1c:	d0fc      	beq.n	20006f18 <dcd_event_handler+0x15c>
20006f1e:	f3bf 8f5f 	dmb	sy
20006f22:	61a1      	str	r1, [r4, #24]
20006f24:	a901      	add	r1, sp, #4
20006f26:	0020      	movs	r0, r4
20006f28:	f7ff f9c4 	bl	200062b4 <tu_fifo_write>
20006f2c:	6962      	ldr	r2, [r4, #20]
20006f2e:	69a3      	ldr	r3, [r4, #24]
20006f30:	f3bf 8f5f 	dmb	sy
20006f34:	2100      	movs	r1, #0
20006f36:	6011      	str	r1, [r2, #0]
20006f38:	f383 8810 	msr	PRIMASK, r3
20006f3c:	2800      	cmp	r0, #0
20006f3e:	d100      	bne.n	20006f42 <dcd_event_handler+0x186>
20006f40:	e77e      	b.n	20006e40 <dcd_event_handler+0x84>
20006f42:	ab01      	add	r3, sp, #4
20006f44:	7818      	ldrb	r0, [r3, #0]
20006f46:	7859      	ldrb	r1, [r3, #1]
20006f48:	0032      	movs	r2, r6
20006f4a:	f7fd fd89 	bl	20004a60 <tud_event_hook_cb>
20006f4e:	e777      	b.n	20006e40 <dcd_event_handler+0x84>
20006f50:	ab01      	add	r3, sp, #4
20006f52:	7818      	ldrb	r0, [r3, #0]
20006f54:	7859      	ldrb	r1, [r3, #1]
20006f56:	0032      	movs	r2, r6
20006f58:	f7fd fd82 	bl	20004a60 <tud_event_hook_cb>
20006f5c:	e7cb      	b.n	20006ef6 <dcd_event_handler+0x13a>
20006f5e:	7828      	ldrb	r0, [r5, #0]
20006f60:	7869      	ldrb	r1, [r5, #1]
20006f62:	0032      	movs	r2, r6
20006f64:	f7fd fd7c 	bl	20004a60 <tud_event_hook_cb>
20006f68:	e76a      	b.n	20006e40 <dcd_event_handler+0x84>
20006f6a:	46c0      	nop			@ (mov r8, r8)
20006f6c:	2000a6ee 	.word	0x2000a6ee
20006f70:	20009e48 	.word	0x20009e48
20006f74:	20009ea0 	.word	0x20009ea0
20006f78:	20007e30 	.word	0x20007e30
20006f7c:	2000a6ec 	.word	0x2000a6ec
20006f80:	20009518 	.word	0x20009518

20006f84 <UART_ID>:
20006f84:	40034000 00000014 20000215 00001110     .@.@....... ....
20006f94:	58323025 58323025 58323025 58323025     %02X%02X%02X%02X
20006fa4:	58323025 58323025 58323025 58323025     %02X%02X%02X%02X
20006fb4:	00000000 70736152 72726562 69502079     ....Raspberry Pi
20006fc4:	00000000 6f636950 00000000 72616f42     ....Pico....Boar
20006fd4:	44432064 00000043 756e616d 74636166     d CDC...manufact
20006fe4:	72657275 203d3d20 554e414d 54434146     urer == MANUFACT
20006ff4:	52455255 4950525f 00000000 552f3a43     URER_RPI....C:/U
20007004:	73726573 6765722f 2e2f6575 6f636970     sers/regue/.pico
20007014:	6b64732d 6b64732f 332e322f 732f302e     -sdk/sdk/2.3.0/s
20007024:	722f6372 34303270 69702f30 705f6f63     rc/rp2040/pico_p
20007034:	6674616c 2f6d726f 74616c70 6d726f66     latform/platform
20007044:	0000632e 74726170 203d3d20 54524150     .c..part == PART
20007054:	3250525f 00000000 2a2a2a0a 4e415020     _RP2.....*** PAN
20007064:	2a204349 000a2a2a 73206f4e 6c6e6970     IC ***..No spinl
20007074:	736b636f 65726120 61766120 62616c69     ocks are availab
20007084:	0000656c 63317830 203d3d20 6e692a28     le..0x1c == (*in
20007094:	3e297473 7531313e 00000000 552f3a43     st)>>11u....C:/U
200070a4:	73726573 6765722f 2e2f6575 6f636970     sers/regue/.pico
200070b4:	6b64732d 6b64732f 332e322f 732f302e     -sdk/sdk/2.3.0/s
200070c4:	722f6372 635f3270 6f6d6d6f 61682f6e     rc/rp2_common/ha
200070d4:	61776472 695f6572 692f7172 632e7172     rdware_irq/irq.c
200070e4:	00000000 746c6564 3d3e2061 30322d20     ....delta >= -20
200070f4:	26203834 65642026 2061746c 32203d3c     48 && delta <= 2
20007104:	20363430 21202626 6c656428 26206174     046 && !(delta &
20007114:	00293120 72727563 20746e65 5f203d3d      1).current == _
20007124:	686e755f 6c646e61 755f6465 5f726573     _unhandled_user_
20007134:	20717269 63207c7c 65727275 3d20746e     irq || current =
20007144:	6168203d 656c646e 00000072 5f717269     = handler...irq_
20007154:	646e6168 5f72656c 69616863 72665f6e     handler_chain_fr
20007164:	735f6565 5f746f6c 64616568 203d3e20     ee_slot_head >= 
20007174:	00000030 62617476 685f656c 6c646e61     0...vtable_handl
20007184:	3d207265 5f5f203d 61686e75 656c646e     er == __unhandle
20007194:	73755f64 695f7265 00007172 28282821     d_user_irq..!(((
200071a4:	6e697528 72747074 7229745f 766f6d65     (uintptr_t)remov
200071b4:	68745f65 5f626d75 28746962 62617476     e_thumb_bit(vtab
200071c4:	685f656c 6c646e61 29297265 28202d20     le_handler)) - (
200071d4:	6e697528 72747074 6929745f 685f7172     (uintptr_t)irq_h
200071e4:	6c646e61 635f7265 6e696168 6f6c735f     andler_chain_slo
200071f4:	29297374 73202520 6f657a69 74732866     ts)) % sizeof(st
20007204:	74637572 71726920 6e61685f 72656c64     ruct irq_handler
20007214:	6168635f 735f6e69 29746f6c 00000029     _chain_slot))...
20007224:	735f7369 65726168 72695f64 61725f71     is_shared_irq_ra
20007234:	61685f77 656c646e 6c732872 685f746f     w_handler(slot_h
20007244:	6c646e61 00297265 65637865 6f697470     andler).exceptio
20007254:	0000006e 6e756f66 00000064 3d3d2031     n...found...1 ==
20007264:	69752820 7470746e 29745f72 733e2d6c      (uintptr_t)l->s
20007274:	5f6e6970 6b636f6c 00000000 552f3a43     pin_lock....C:/U
20007284:	73726573 6765722f 2e2f6575 6f636970     sers/regue/.pico
20007294:	6b64732d 6b64732f 332e322f 732f302e     -sdk/sdk/2.3.0/s
200072a4:	632f6372 6f6d6d6f 69702f6e 735f6f63     rc/common/pico_s
200072b4:	2f636e79 6574756d 00632e78 61746f74     ync/mutex.c.tota
200072c4:	0000006c 2d78746d 726f633e 70732e65     l...mtx->core.sp
200072d4:	6c5f6e69 006b636f 6b636f6c 5f73695f     in_lock.lock_is_
200072e4:	656e776f 64695f72 6c61765f 6d286469     owner_id_valid(m
200072f4:	3e2d7874 656e776f 00002972 2d78746d     tx->owner)..mtx-
20007304:	746e653e 635f7265 746e756f 00000000     >enter_count....
20007314:	6c6f6f70 69743e2d 5f72656d 72616c61     pool->timer_alar
20007324:	756e5f6d 3d3d206d 6d697420 615f7265     m_num == timer_a
20007334:	6d72616c 6d756e5f 00000000 552f3a43     larm_num....C:/U
20007344:	73726573 6765722f 2e2f6575 6f636970     sers/regue/.pico
20007354:	6b64732d 6b64732f 332e322f 732f302e     -sdk/sdk/2.3.0/s
20007364:	632f6372 6f6d6d6f 69702f6e 745f6f63     rc/common/pico_t
20007374:	2f656d69 656d6974 0000632e 61666564     ime/time.c..defa
20007384:	5f746c75 72616c61 6f705f6d 695f6c6f     ult_alarm_pool_i
20007394:	6974696e 7a696c61 29286465 00000000     nitialized()....
200073a4:	65747441 6574706d 6f742064 656c7320     Attempted to sle
200073b4:	69207065 6469736e 666f2065 206e6120     ep inside of an 
200073c4:	65637865 6f697470 6168206e 656c646e     exception handle
200073d4:	75203b72 62206573 5f797375 74696177     r; use busy_wait
200073e4:	20666920 20756f79 7473756d 00000000      if you must....
200073f4:	64726148 65726177 616c6120 25206d72     Hardware alarm %
20007404:	6c612064 64616572 6c632079 656d6961     d already claime
20007414:	00000064 5f6f6376 71657266 203d3e20     d...vco_freq >= 
20007424:	4f434950 4c4c505f 4f43565f 4e494d5f     PICO_PLL_VCO_MIN
20007434:	4552465f 5a485f51 20262620 5f6f6376     _FREQ_HZ && vco_
20007444:	71657266 203d3c20 4f434950 4c4c505f     freq <= PICO_PLL
20007454:	4f43565f 58414d5f 4552465f 5a485f51     _VCO_MAX_FREQ_HZ
20007464:	00000000 552f3a43 73726573 6765722f     ....C:/Users/reg
20007474:	2e2f6575 6f636970 6b64732d 6b64732f     ue/.pico-sdk/sdk
20007484:	332e322f 732f302e 722f6372 635f3270     /2.3.0/src/rp2_c
20007494:	6f6d6d6f 61682f6e 61776472 705f6572     ommon/hardware_p
200074a4:	702f6c6c 632e6c6c 00000000 69646266     ll/pll.c....fbdi
200074b4:	3d3e2076 20363120 66202626 76696462     v >= 16 && fbdiv
200074c4:	203d3c20 00303233 736f7028 69645f74      <= 320.(post_di
200074d4:	3e203176 2031203d 70202626 5f74736f     v1 >= 1 && post_
200074e4:	31766964 203d3c20 26202937 70282026     div1 <= 7) && (p
200074f4:	5f74736f 32766964 203d3e20 26262031     ost_div2 >= 1 &&
20007504:	736f7020 69645f74 3c203276 2937203d      post_div2 <= 7)
20007514:	00000000 5f666572 71657266 203d3c20     ....ref_freq <= 
20007524:	6f637628 6572665f 202f2071 00293631     (vco_freq / 16).
20007534:	7528282a 38746e69 2a20745f 28282829     *((uint8_t *)(((
20007544:	64696f76 72292a20 745f6d6f 656c6261     void *)rom_table
20007554:	6f6c665f 2d297461 20292932 2034202a     _float)-2)) * 4 
20007564:	53203d3e 41545f46 5f454c42 535f3256     >= SF_TABLE_V2_S
20007574:	00455a49 552f3a43 73726573 6765722f     IZE.C:/Users/reg
20007584:	2e2f6575 6f636970 6b64732d 6b64732f     ue/.pico-sdk/sdk
20007594:	332e322f 732f302e 722f6372 635f3270     /2.3.0/src/rp2_c
200075a4:	6f6d6d6f 69702f6e 645f6f63 6c62756f     ommon/pico_doubl
200075b4:	6f642f65 656c6275 696e695f 6f725f74     e/double_init_ro
200075c4:	70725f6d 30343032 0000632e 7528282a     m_rp2040.c..*((u
200075d4:	38746e69 2a20745f 6d6f7229 6261745f     int8_t *)rom_tab
200075e4:	322d656c 202a2029 3d3e2034 5f465320     le-2) * 4 >= SF_
200075f4:	4c424154 32565f45 5a49535f 00000045     TABLE_V2_SIZE...
20007604:	552f3a43 73726573 6765722f 2e2f6575     C:/Users/regue/.
20007614:	6f636970 6b64732d 6b64732f 332e322f     pico-sdk/sdk/2.3
20007624:	732f302e 722f6372 635f3270 6f6d6d6f     .0/src/rp2_commo
20007634:	69702f6e 665f6f63 74616f6c 6f6c662f     n/pico_float/flo
20007644:	695f7461 5f74696e 5f6d6f72 30327072     at_init_rom_rp20
20007654:	632e3034 00000000 75626544 00000067     40.c....Debug...
20007664:	746f6f62 32775f32 38307135 00000030     boot2_w25q080...
20007674:	70747468 2f2f3a73 68746967 632e6275     https://github.c
20007684:	742f6d6f 65726568 72646c61 6f2f6765     om/therealdreg/o
20007694:	0069686b 2e332e32 00000030 69686b6f     khi.2.3.0...okhi
200076a4:	00000000 74726175 6972625f 00656764     ....uart_bridge.
200076b4:	20677541 32203031 00363230 2b696e66     Aug 10 2026.fni+
200076c4:	00000000 00696e66 006e616e 2d696e66     ....fni.nan.fni-
200076d4:	00000000 7566202c 6974636e 203a6e6f     ...., function: 
200076e4:	00000000 65737361 6f697472 2522206e     ....assertion "%
200076f4:	66202273 656c6961 66203a64 20656c69     s" failed: file 
20007704:	22732522 696c202c 2520656e 25732564     "%s", line %d%s%
20007714:	00000a73 6574756d 73695f78 696e695f     s...mutex_is_ini
20007724:	6c616974 64657a69 6f6c2628 756f6b63     tialized(&lockou
20007734:	756d5f74 29786574 00000000 552f3a43     t_mutex)....C:/U
20007744:	73726573 6765722f 2e2f6575 6f636970     sers/regue/.pico
20007754:	6b64732d 6b64732f 332e322f 732f302e     -sdk/sdk/2.3.0/s
20007764:	722f6372 635f3270 6f6d6d6f 69702f6e     rc/rp2_common/pi
20007774:	6d5f6f63 69746c75 65726f63 6c756d2f     co_multicore/mul
20007784:	6f636974 632e6572 00000000 74732821     ticore.c....!(st
20007794:	5f6b6361 657a6973 7479625f 26207365     ack_size_bytes &
200077a4:	29753320 00000000 6e6e6f63 5f746365      3u)....connect_
200077b4:	65746e69 6c616e72 616c665f 665f6873     internal_flash_f
200077c4:	20636e75 66202626 6873616c 6978655f     unc && flash_exi
200077d4:	69785f74 75665f70 2620636e 6c662026     t_xip_func && fl
200077e4:	5f687361 73756c66 61635f68 5f656863     ash_flush_cache_
200077f4:	636e7566 20262620 73616c66 6e655f68     func && flash_en
20007804:	5f726574 5f646d63 5f706978 636e7566     ter_cmd_xip_func
20007814:	00000000 552f3a43 73726573 6765722f     ....C:/Users/reg
20007824:	2e2f6575 6f636970 6b64732d 6b64732f     ue/.pico-sdk/sdk
20007834:	332e322f 732f302e 722f6372 635f3270     /2.3.0/src/rp2_c
20007844:	6f6d6d6f 61682f6e 61776472 665f6572     ommon/hardware_f
20007854:	6873616c 616c662f 632e6873 00000000     lash/flash.c....
20007864:	73616c66 666f5f68 2b207366 756f6320     flash_offs + cou
20007874:	3c20746e 4950203d 465f4f43 4853414c     nt <= PICO_FLASH
20007884:	5a49535f 59425f45 00534554 6e6e6f63     _SIZE_BYTES.conn
20007894:	5f746365 65746e69 6c616e72 616c665f     ect_internal_fla
200078a4:	665f6873 20636e75 66202626 6873616c     sh_func && flash
200078b4:	6978655f 69785f74 75665f70 2620636e     _exit_xip_func &
200078c4:	6c662026 5f687361 676e6172 72655f65     & flash_range_er
200078d4:	5f657361 636e7566 20262620 73616c66     ase_func && flas
200078e4:	6c665f68 5f687375 68636163 75665f65     h_flush_cache_fu
200078f4:	0000636e 6e6e6f63 5f746365 65746e69     nc..connect_inte
20007904:	6c616e72 616c665f 665f6873 20636e75     rnal_flash_func 
20007914:	66202626 6873616c 6978655f 69785f74     && flash_exit_xi
20007924:	75665f70 2620636e 6c662026 5f687361     p_func && flash_
20007934:	676e6172 72705f65 6172676f 75665f6d     range_program_fu
20007944:	2620636e 6c662026 5f687361 73756c66     nc && flash_flus
20007954:	61635f68 5f656863 636e7566 00000000     h_cache_func....
20007964:	6e6e6f63 5f746365 65746e69 6c616e72     connect_internal
20007974:	616c665f 665f6873 20636e75 66202626     _flash_func && f
20007984:	6873616c 6978655f 69785f74 75665f70     lash_exit_xip_fu
20007994:	2620636e 6c662026 5f687361 73756c66     nc && flash_flus
200079a4:	61635f68 5f656863 636e7566 00000000     h_cache_func....
200079b4:	7478656e 6675625f 5f726566 20727470     next_buffer_ptr 
200079c4:	7375203c 70645f62 2d6d6172 7870653e     < usb_dpram->epx
200079d4:	7461645f 202b2061 657a6973 7528666f     _data + sizeof(u
200079e4:	645f6273 6d617270 70653e2d 61645f78     sb_dpram->epx_da
200079f4:	00296174 552f3a43 73726573 6765722f     ta).C:/Users/reg
20007a04:	2e2f6575 6f636970 6b64732d 6b64732f     ue/.pico-sdk/sdk
20007a14:	332e322f 6c2f302e 742f6269 75796e69     /2.3.0/lib/tinyu
20007a24:	732f6273 702f6372 6174726f 2f656c62     sb/src/portable/
20007a34:	70736172 72726562 2f697079 30327072     raspberrypi/rp20
20007a44:	642f3034 725f6463 34303270 00632e30     40/dcd_rp2040.c.
20007a54:	61686e55 656c646e 52492064 78302051     Unhandled IRQ 0x
20007a64:	000a7825 6f706872 3d207472 0030203d     %x..rhport == 0.
20007a74:	75622821 74635f66 26206c72 42535520     !(buf_ctrl & USB
20007a84:	4655425f 5254435f 55465f4c 00294c4c     _BUF_CTRL_FULL).
20007a94:	552f3a43 73726573 6765722f 2e2f6575     C:/Users/regue/.
20007aa4:	6f636970 6b64732d 6b64732f 332e322f     pico-sdk/sdk/2.3
20007ab4:	6c2f302e 742f6269 75796e69 732f6273     .0/lib/tinyusb/s
20007ac4:	702f6372 6174726f 2f656c62 70736172     rc/portable/rasp
20007ad4:	72726562 2f697079 30327072 722f3034     berrypi/rp2040/r
20007ae4:	34303270 73755f30 00632e62 5f667562     p2040_usb.c.buf_
20007af4:	6c727463 55202620 425f4253 435f4655     ctrl & USB_BUF_C
20007b04:	5f4c5254 4c4c5546 00000000 25207065     TRL_FULL....ep %
20007b14:	20583230 20736177 65726c61 20796461     02X was already 
20007b24:	69617661 6c62616c 00000065 276e6143     available...Can'
20007b34:	6f632074 6e69746e 78206575 20726566     t continue xfer 
20007b44:	69206e6f 7463616e 20657669 25207065     on inactive ep %
20007b54:	00583230                                02X.

20007b58 <usbd_desc_str>:
20007b58:	00000000 20006fb8 20006fc8 20007e50     .....o. .o. P~. 
20007b68:	20006fd0                                .o. 

20007b6c <usbd_desc_cfg>:
20007b6c:	004b0209 a0000102 000b08fa 00020202     ..K.............
20007b7c:	00040900 02020100 24050400 05012000     ...........$. ..
20007b8c:	01000124 06022404 00062405 81050701     $....$...$......
20007b9c:	10000803 00010409 00000a02 01050700     ................
20007bac:	00004002 02820507 00000040              .@......@...

20007bb8 <usbd_desc_device>:
20007bb8:	02000112 400102ef 000a2e8a 02010100     .......@........
20007bc8:	00000103                                ....

20007bcc <__func__.0>:
20007bcc:	30327072 635f3034 5f706968 73726576     rp2040_chip_vers
20007bdc:	006e6f69                                ion.

20007be0 <__func__.0>:
20007be0:	5f717269 5f646461 6c696174 5f6f745f     irq_add_tail_to_
20007bf0:	65657266 73696c5f 00000074              free_list...

20007bfc <__func__.3>:
20007bfc:	656b616d 315f6a5f 00000036              make_j_16...

20007c08 <__func__.4>:
20007c08:	6f736572 5f65766c 36315f6a 00000000     resolve_j_16....

20007c18 <__func__.5>:
20007c18:	5f717269 5f646461 72616873 685f6465     irq_add_shared_h
20007c28:	6c646e61 00007265                       andler..

20007c30 <__func__.6>:
20007c30:	5f717269 5f746573 6c637865 76697375     irq_set_exclusiv
20007c40:	61685f65 656c646e 00000072              e_handler...

20007c4c <__func__.1>:
20007c4c:	6574756d 78655f78 00007469              mutex_exit..

20007c58 <__func__.3>:
20007c58:	6574756d 6e655f78 5f726574 636f6c62     mutex_enter_bloc
20007c68:	6e755f6b 006c6974                       k_until.

20007c70 <__func__.6>:
20007c70:	746e7572 5f656d69 74696e69 74756d5f     runtime_init_mut
20007c80:	00007865                                ex..

20007c84 <__func__.2>:
20007c84:	72616c61 6f705f6d 675f6c6f 645f7465     alarm_pool_get_d
20007c94:	75616665 0000746c                       efault..

20007c9c <__func__.3>:
20007c9c:	72616c61 6f705f6d 695f6c6f 685f7172     alarm_pool_irq_h
20007cac:	6c646e61 00007265                       andler..

20007cb4 <__func__.0>:
20007cb4:	5f6c6c70 74696e69 00000000              pll_init....

20007cc0 <__func__.0>:
20007cc0:	65615f5f 5f696261 62756f64 695f656c     __aeabi_double_i
20007cd0:	0074696e                                nit.

20007cd4 <__func__.0>:
20007cd4:	65615f5f 5f696261 616f6c66 6e695f74     __aeabi_float_in
20007ce4:	00007469                                it..

20007ce8 <__bi_84>:
20007ce8:	50520006 4275f0d3 2000765c              ..RP..uB\v. 

20007cf4 <__bi_78>:
20007cf4:	50520006 7f8882e1 20007664              ..RP....dv. 

20007d00 <__bi_72>:
20007d00:	50520006 1856239a 20007674              ..RP.#V.tv. 

20007d0c <__bi_54>:
20007d0c:	50520006 5360b3ab 20007698              ..RP..`S.v. 

20007d18 <__bi_48>:
20007d18:	50520006 b63cffbb 200076a0              ..RP..<..v. 

20007d24 <__bi_42>:
20007d24:	50520006 02031c86 200076a8              ..RP.....v. 

20007d30 <__bi_34>:
20007d30:	50520006 9da22254 200076b4              ..RPT"...v. 

20007d3c <__bi_26>:
20007d3c:	50520005 68f465de 1000814c              ..RP.e.hL...

20007d48 <pow10.0>:
20007d48:	00000000 3ff00000 00000000 40240000     .......?......$@
20007d58:	00000000 40590000 00000000 408f4000     ......Y@.....@.@
20007d68:	00000000 40c38800 00000000 40f86a00     .......@.....j.@
20007d78:	00000000 412e8480 00000000 416312d0     .......A......cA
20007d88:	00000000 4197d784 00000000 41cdcd65     .......A....e..A

20007d98 <crlf_str.0>:
20007d98:	00000a0d                                ....

20007d9c <__func__.1>:
20007d9c:	746c756d 726f6369 616c5f65 68636e75     multicore_launch
20007dac:	726f635f 775f3165 5f687469 63617473     _core1_with_stac
20007dbc:	0000006b                                k...

20007dc0 <__func__.0>:
20007dc0:	73616c66 6f645f68 646d635f 0073635f     flash_do_cmd_cs.

20007dd0 <__func__.0>:
20007dd0:	5f646364 74706465 6566785f 00000072     dcd_edpt_xfer...

20007de0 <__func__.2>:
20007de0:	5f646364 5f746573 72646461 00737365     dcd_set_address.

20007df0 <__func__.4>:
20007df0:	5f646364 5f746e69 62616e65 0000656c     dcd_int_enable..

20007e00 <__func__.5>:
20007e00:	655f7768 6f70646e 5f746e69 6f6c6c61     hw_endpoint_allo
20007e10:	00000063                                c...

20007e14 <__func__.6>:
20007e14:	5f646364 74696e69 00000000              dcd_init....

20007e20 <__func__.0>:
20007e20:	636e7973 5f70655f 66667562 00007265     sync_ep_buffer..

20007e30 <_usbd_driver>:
20007e30:	00000000 20005795 20005871 200058d5     .....W. qX. .X. 
20007e40:	2000595d 20005a35 20005b85 00000000     ]Y. 5Z. .[. ....

20007e50 <usbd_serial>:
20007e50:	30303030 30303030 30303030 00000000     000000000000....
	...

20007e61 <striped_spin_lock_num>:
20007e61:	                                         ...

20007e64 <irq_handler_chain_slots>:
20007e64:	00000000 	.word	0x00000000
20007e68:	00010000 	.word	0x00010000
	...
20007e74:	00020000 	.word	0x00020000
	...
20007e80:	00030000 	.word	0x00030000
	...
20007e8c:	00ff0000 	.word	0x00ff0000
20007e90:	00000000 	.word	0x00000000

20007e94 <irq_handler_chain_first_slot>:
20007e94:	b501      	push	{r0, lr}
20007e96:	6848      	ldr	r0, [r1, #4]
20007e98:	3101      	adds	r1, #1
20007e9a:	468e      	mov	lr, r1
20007e9c:	4700      	bx	r0

20007e9e <irq_handler_chain_remove_tail>:
20007e9e:	4670      	mov	r0, lr
20007ea0:	3809      	subs	r0, #9
20007ea2:	4901      	ldr	r1, [pc, #4]	@ (20007ea8 <irq_handler_chain_remove_tail+0xa>)
20007ea4:	4788      	blx	r1
20007ea6:	bd01      	pop	{r0, pc}
20007ea8:	20000e81 	.word	0x20000e81
20007eac:	00000000 	.word	0x00000000

20007eb0 <last_added.0>:
20007eb0:	ffffffff 7fffffff                       ........

20007eb8 <default_alarm_pool>:
	...
20007ecc:	20007f60                                `.. 

20007ed0 <aeabi_bits_funcs>:
20007ed0:	00003350 	.word	0x00003350
20007ed4:	0000334c 	.word	0x0000334c
20007ed8:	00003354 	.word	0x00003354
20007edc:	00003352 	.word	0x00003352

20007ee0 <aeabi_bits_funcs_end>:
20007ee0:	0000534d 	.word	0x0000534d
20007ee4:	0000434d 	.word	0x0000434d
20007ee8:	00003453 	.word	0x00003453
20007eec:	00003443 	.word	0x00003443

20007ef0 <_usbd_qdef>:
20007ef0:	20009ea4 000c0010 00000000 00000000     ... ............
	...

20007f0c <_usbd_rhport>:
20007f0c:	000000ff                                ....

20007f10 <malloc_mutex>:
	...

20007f18 <print_mutex>:
	...

20007f20 <__pre_init_runtime_init_early_resets>:
20007f20:	20001dd5                                ... 

20007f24 <__pre_init_runtime_init_usb_power_down>:
20007f24:	20001e01 20001f95 20002dd1 20002639     ... ... .-. 9&. 
20007f34:	20002ca1                                .,. 

20007f38 <__pre_init_runtime_init_clocks>:
20007f38:	20001ec9                                ... 

20007f3c <__pre_init_runtime_init_post_clock_resets>:
20007f3c:	20001e1d                                ... 

20007f40 <__pre_init_runtime_init_rp2040_gpio_ie_disable>:
20007f40:	20001e3d                                =.. 

20007f44 <__pre_init_runtime_init_spin_locks_reset>:
20007f44:	20001e51                                Q.. 

20007f48 <__pre_init_runtime_init_mutex>:
20007f48:	20000fc1                                ... 

20007f4c <__pre_init_runtime_init_install_ram_vector_table>:
20007f4c:	20001e59                                Y.. 

20007f50 <__pre_init_runtime_init_default_alarm_pool>:
20007f50:	2000181d                                ... 

20007f54 <__pre_init_first_per_core_initializer>:
20007f54:	20001db1                                ... 

20007f58 <__pre_init_runtime_init_per_core_irq_priorities>:
20007f58:	20000b25                                %.. 

20007f5c <__pre_init_runtime_init_per_core_tls_setup>:
20007f5c:	200042d5                                .B. 
