:020000041000EA
:1000000000B5324B212058609868022188439860DF
:10001000D860186158612E4B002199600221596106
:100020000121F02299502B49196001219960352056
:1000300000F044F80222904214D00621196600F024
:1000400034F8196E01211966002018661A6600F04E
:100050002CF8196E196E196E052000F02FF8012189
:100060000842F9D1002199601B49196000215960AB
:100070001A491B48016001219960EB211966A021F2
:10008000196600F012F800219960164914480160C1
:100090000121996001BC002800D000471248134993
:1000A000086003C880F30888084703B5996A0420EC
:1000B0000142FBD001200142F8D103BD02B5186610
:1000C0001866FFF7F2FF186E186E02BD00000240BE
:1000D000000000180000070000035F00212200005C
:1000E000F4000018222000A00001001008ED00E03C
:1000F00000000000000000000000000074B24E7A12
:1001000000200420F7010010CB010010CD010010E9
:10011000C9010010C9010010C9010010C901001077
:10012000C9010010C9010010C9010010CF01001061
:10013000C9010010C9010010D1010010D301001045
:10014000C1010010C1010010C1010010C101001067
:10015000C1010010C1010010C1010010C101001057
:10016000C1010010C1010010C1010010C101001047
:10017000C1010010C1010010C1010010C101001037
:10018000C1010010C1010010C1010010C101001027
:10019000C1010010C1010010C1010010C101001017
:1001A000C1010010C1010010C1010010C101001007
:1001B000C1010010C1010010C1010010C1010010F7
:1001C000EFF30580103800BE00BE00BE00BE00BECA
:1001D00000BE00BEF2EB88718C020010BC02001061
:1001E0003802001090A31AE700202149086006C8D1
:1001F00081F3088810471F480068002801D00020BC
:10020000F3E70DA40ECC002902D000F012F8F9E7B4
:1002100019491A4A002000E001C19142FCD1184955
:100220008847184988471849884700BEFDE701C933
:1002300001C29A42FBD37047BC020010C4000020E8
:10024000407700203879001040770020189E002069
:1002500010A00010000004200000042010A00010D6
:10026000001004200010042000000000704700006F
:1002700008ED00E0000000D0189E0020602C012056
:0C0280002D610020891C0020EF60002090
:10028C0084950020909500209C950020A895002036
:10029C00B4950020C0950020CC950020D895002066
:1002AC00E49500205896002050960020449600209B
:1002BC0070B50500081CEC21890504F097FD061C9F
:1002CC0004F0E0FD84B2002C12D0200004F0B2FD4A
:1002DC00011C301C04F085FD8721C90504F0A1FD2B
:1002EC0004F0D0FDC3B21B0224041C432C6070BD6F
:1002FC002300F8E710B504001022002104F08CFE56
:10030C0080235B022360F8235B0263608023DB02A3
:10031C00A360C0231B03A360200010BD10B5002AEE
:10032C001BD0202300291AD0102423433034A44698
:10033C00644623438363002905D0436B38210B406B
:10034C00084941180B60002A06D0436B0722134062
:10035C00044A94466044036010BD1300E2E78C46E7
:10036C00E6E7C0463410000070B504000D00FFF73E
:10037C00C1FF2A000A32636804490B40ED012B438C
:10038C00120313436360200070BDC0467F00FEFF64
:10039C0070B504000D00FFF7ADFF2A000E32636844
:1003AC0004490B40ED012B431203134363602000FF
:1003BC0070BDC0467F00FEFF70B504000D00FFF756
:1003CC0099FFAA1D636804490B40ED012B431203EE
:1003DC0013436360200070BD7F00FEFF0148FF23C4
:1003EC00984370470FA1001088204005704710B546
:1003FC00FFF7FAFF0400FFF7F1FF201A10BD000011
:10040C0082B0EFF3108172B6144B1A6880239B01F3
:10041C005340C02292011340114A136000230193F0
:10042C0002E0019B01330193019AFA239B009A424B
:10043C00F7DBD0231B069B68022018408007C00FF7
:10044C0001235840C0B2054B1B68C02292011340D7
:10045C00034A136081F3108802B070470C8001408E
:10046C000C90014070B503000D00160000240EE046
:10047C00285D584001090F231840074A8000805816
:10048C00414008090B409B009B5843400134B44247
:10049C00EED3180070BDC0465C93002010B50A0066
:1004AC00012301005842FFF7DDFFC04310BD10B51A
:1004BC0080235B059C466044FFF7F0FF10BD0000F5
:1004CC000348FF239843F0231B069C466044704767
:1004DC000FA1001010B504000268074B9A4208D116
:1004EC002421FFF7DBFF636AC01A43425841C0B2B4
:1004FC0010BD0020FCE7C0464F4B4B490300007871
:10050C005A78120210439A7812041043DB781B06B7
:10051C00184370470022FF2A06D8835C013BDBB2EC
:10052C00FD2B03D90132F6E7012000E000207047D3
:10053C00064B1968064B1B681F221A404B005B18B0
:10054C00DB0004498C4663441A607047C4B2002037
:10055C0010B30020D8002050064B1968064B1B68BE
:10056C001F221A404B005B18DB0004498C46634485
:10057C001A607047C0B2002014B30020D80030506D
:10058C0010B5D0231B068022D2035A61D0231B0640
:10059C005B685B02FAD5FFF7CBFF10BD10B5D0231B
:1005AC001B068022D2039A61FFF7C2FF10BD000028
:1005BC0010B50B4B1B6BDB0704D4094B1B6B9B0758
:1005CC0006D410BD064B01221A63FFF7D9FFF8E7DA
:1005DC00034B02221A63FFF7E1FFFFF7BDFFF0E7C1
:1005EC000000205010B50A4B1B6BDB0707D4084BDF
:1005FC001B6B9B0702D5064B02221A6310BD044BE2
:10060C0001221A63FFF7CAFFFFF7A6FFF6E7C04601
:10061C000000305010B50E2002F0A5F8D0231B06B8
:10062C008022D2015A629A6110BD000010B51C28BC
:10063C0000D010BD02F097F880235B05D02424066F
:10064C00A3620E2002F08FF88023DB01A3620F203F
:10065C0002F089F880231B02A362064B064A1A603B
:10066C00064805F0B2FF00220021002003F07EFBBB
:10067C00DFE7C046C000002096966969247C002004
:10068C00F8B507001A2002F06EF8D0231B06802262
:10069C00D2045A62C82002F0F9FF00240CE0D025E5
:1006AC002D068026F6046E61C82002F0EFFFAE61C5
:1006BC00C82002F0EBFF0134BC42F0DBD0231B0658
:1006CC008022D2049A62F8BD70B5FFF787FE050050
:1006DC00FFF78AFE0400FFF78AFE0300024822009F
:1006EC00290005F0A1FF70BD607C002010B503004F
:1006FC002D4A1268824206D02C490A68501C0860A8
:10070C002B498A4207D82B490A68501C08602A4991
:10071C008A4225D810BD274A00211160234A116056
:10072C00214A1360254A126825492648040005F021
:10073C0063FD200006F01EFF431C9C460021220096
:10074C0008E0214B9B699B06FBD410781E4B18606C
:10075C00013101328C45F4D81A4805F036FFD9E73F
:10076C00144A00211160114A1160144A126814498C
:10077C001448040005F040FD200006F0FBFE431C6D
:10078C009C460021220008E00F4B9B699B06FBD482
:10079C0010780D4B1860013101328C45F4D80948A2
:1007AC0005F013FFB6E7C046C8B20020B8B200206F
:1007BC00002D3101EC960020804A5D05FC9600204E
:1007CC00C07C0020CCB200200040034010B51B4B75
:1007DC00012204211C2001F0ABFF194C1949200007
:1007EC0003F022F90221102001F022FF0221112036
:1007FC0001F01EFF236BC02212021340124A136039
:10080C00002301220821200003F0DCF80021200045
:10081C0003F0EEF8002200212000FFF77FFD0F20EF
:10082C0001F0A1FFD0231B06802212029A62002243
:10083C0001210F2001F016FF10BDC046410400201D
:10084C0000400340802401003050034070B5050087
:10085C0003F020F82A0000238018594104000D00F1
:10086C00D0231B065B681B0408D403F013F8A942C1
:10087C0002D8F5D1A042F3D9002000E0012070BDD0
:10088C0070B50A00C046C046C046C046C046C04609
:10089C00D02424068025AD01A561C046C046C046C3
:1008AC00C046C046C046C046C046C046C046C0460C
:1008BC00C046C046C046C046C046C046C046C046FC
:1008CC00C046C046C046C046C046C046C046C046EC
:1008DC00C046C046C046C046C046C046C046C046DC
:1008EC00C046C046C046C046C046C046C046C046CC
:1008FC00C046C046C046C046C046C046C046C046BC
:10090C00C046C046C046C046C046C046C046C046AB
:10091C00C046C046C046C046C046C046C046C0469B
:10092C00C046C046C046C046C046C046C046C0468B
:10093C00C046C046C046C046C046C046C046C0467B
:10094C00C046C046C046C046C046C046C046010070
:10095C00324807F0B1F8C046C046C046C046C04653
:10096C00C046C046C046C046C046C046C046C0464B
:10097C00C046C046C046C046C046C046C046C0463B
:10098C00C046C046C046C046C046C046C046C0462B
:10099C00C046C046C046C046C046C046C046C0461B
:1009AC00C046C046C046C046C046C046C046C0460B
:1009BC00C046C046C046C046C046C046C046C046FB
:1009CC00C046C046C046C046C046C046C046C046EB
:1009DC00C046C046C046C046C046C046C046C046DB
:1009EC00C046C046C046C046C046C046C046C046CB
:1009FC00C046C046C046C046C046C046C046C046BB
:100A0C00C046C046C046C046C0466561C046C046EA
:100A1C00C046C046C046C04670BDC046000004403B
:100A2C0070B506000D00154C8022520000212000EC
:100A3C0004F0F2FA124B236003232371667107232F
:100A4C00A37125722B0A63722B0CA3722D0EE57207
:100A5C000C4B1B6823731A0A62731A0CA2731B0EBD
:100A6C00E3731034084B220023CB23C213CB13C2E5
:100A7C00198811809B78937070BDC046482B01205B
:100A8C004F4B48433C280120DC7C002010B5282229
:100A9C00014904F0C7FA10BD0000301010B58EB03B
:100AAC0004A8FFF7F3FF802380221848184902910D
:100ABC0018490191C021890300919B035203002125
:100ACC0005F0B2FDFFF7FCFC0100134B180005F01C
:100ADC00ABFD124B1B68092B00D90023104A9B005D
:100AEC009958104805F0A0FD04A8FFF7F3FC002866
:100AFC0001D10EB010BD0599069A099B0B9884463E
:100B0C0009486446009405F08FFDF2E7F87C00205C
:100B1C000010600000103000507D002018B3002041
:100B2C00349300206C7D0020847D002070B5130070
:100B3C00C046C046C046C046C046C046D024240667
:100B4C008025AD01A561C046C046C046C046C04622
:100B5C00C046C046C046C046C046C046C046C04659
:100B6C00C046C046C046C046C046C046C046C04649
:100B7C00C046C046C046C046C046C046C046C04639
:100B8C00C046C046C046C046C046C046C046C04629
:100B9C00C046C046C046C046C046C046C046C04619
:100BAC00C046C046C046C046C046C046C046C04609
:100BBC00C046C046C046C046C046C046C046C046F9
:100BCC00C046C046C046C046C046C046C046C046E9
:100BDC00C046C046C046C046C046C046C046C046D9
:100BEC00C046C046C046C046C046C046C046C046C9
:100BFC00C046C046C046C046C0460A000100324846
:100C0C0006F038FFC046C046C046C046C046C04687
:100C1C00C046C046C046C046C046C046C046C04698
:100C2C00C046C046C046C046C046C046C046C04688
:100C3C00C046C046C046C046C046C046C046C04678
:100C4C00C046C046C046C046C046C046C046C04668
:100C5C00C046C046C046C046C046C046C046C04658
:100C6C00C046C046C046C046C046C046C046C04648
:100C7C00C046C046C046C046C046C046C046C04638
:100C8C00C046C046C046C046C046C046C046C04628
:100C9C00C046C046C046C046C046C046C046C04618
:100CAC00C046C046C046C046C046C046C046C04608
:100CBC00C046C046C046C0466561C046C046C04638
:100CCC00C046C046C04670BD0000044070B504006C
:100CDC000D001600D0231B068020C0015861FA209D
:100CEC00C000FFF7B3FD00280AD0D0231B068022DA
:100CFC00D2019A61320029002000FFF717FF70BD66
:100D0C00D0231B068022D2019A610138F7E700003C
:100D1C0070B50600002400E00134202C0CD83519E5
:100D2C0007490422280006F087FB0028F4D1231D74
:100D3C00F35C032BF0D100E00025280070BDC04609
:100D4C009C93002070B500210120FFF769FE3B4CFD
:100D5C0080256D002A000021200004F05DF9384840
:100D6C002A002100FFF7B2FF00283EDB3348FFF7D3
:100D7C00CFFF041E45D0314BC31A324A1360324A9E
:100D8C001268934201D2304A1360304A126893427F
:100D9C0001D92E4A1360A2792D4B1A70E579AB0755
:100DAC00DB0F2C4A13706B07DB0F2B4A13702000E0
:100DBC000C30FFF7A3FB294B186020001030FFF715
:100DCC009DFB274B186001232B40264A13702000F3
:100DDC000830FFF793FB244B1860244B01221A7048
:100DEC00234A13680133136070BD204B00221A7024
:100DFC00204A1368013313601F4A136801331360D0
:100E0C00F2E71A4B00221A701A4A13680133136066
:100E1C001A4A136801331360194B0848010034C98E
:100E2C0034C31A000B681360FF23C25C154B1A7095
:100E3C00FFF770FB144B1870D6E7C046482A012008
:100E4C00482B01207CB20020F096002080B20020BC
:100E5C00572C01205C2C01205B2C0120B0B200200F
:100E6C00ACB20020562C012078B200205A2C012064
:100E7C00A0B200209CB20020A8B2002094B20020A6
:100E8C0084B20020592C0120582C0120F0B583B0DD
:100E9C00060000910192002500E00135172D32DC8F
:100EAC0031000220FFF7BCFD184C80277F003A0070
:100EBC000021200004F0B0F815483A002100FFF79B
:100ECC0005FF0028E9DB1148FFF722FF041EE4D0E0
:100EDC004379022BE1D11430FFF710FBB042DCD187
:100EEC00277E637E1B021F437B1E9BB27F2BD4D8B5
:100EFC00210060313A00009804F094F8019B1F80A7
:100F0C00012003B0F0BD0020FBE7C046482A0120B9
:100F1C00482B0120F0B5C64600B582B006008046CD
:100F2C0002F0B8FC04000D00FA22920000233000FD
:100F3C00002103F039FF24184D411E48310005F003
:100F4C0073FB0027002600E0013702F0A3FC8D4262
:100F5C000BD902F0B1FE8022174918485200FFF756
:100F6C00B5FE0028F0DB0136EFE78D4201D184425B
:100F7C00EFD802F0A1FE4146002900D10131340224
:100F8C00A30A5801C01A8000C018C00003F096F8DC
:100F9C000B4D01904346009323003A00310028008A
:100FAC0005F042FB074B00221A7002B080BCB84619
:100FBC00F0BDC046C87D0020482A0120482B0120E6
:100FCC00F47D0020562C012010B5064B00221A602F
:100FDC0002F072FE044B9A6A044B1A60044B012215
:100FEC001A7010BD28B20020004005402CB2002021
:100FFC00552C012010B5144A13680133136080225C
:10100C005201934200D210BD0F4B00221A6002F025
:10101C0053FE0E4B1B78002BF5D00D4B9B6A0D4AE3
:10102C0012689B1A0C4A9342EDD9084B00221A7095
:10103C0096210A48490005F0F7FA00220021002009
:10104C0002F094FEFEE7C04628B20020552C012089
:10105C00004005402CB2002000A3E1114C7E002082
:10106C00F8B50400124B03602421FFF717FA6062F5
:10107C00802676000F4D3200FF21280003F0CCFFB4
:10108C0028222100280003F0CDFFEFF3108772B661
:10109C008021C024A4034901200006F06FFD32001A
:1010AC002900200006F0CEFD87F31088F8BDC0465D
:1010BC004F4B4B4924C3002010B58AB06846FFF74C
:1010CC00E5FC6846FFF706FA002802D0019B022BCC
:1010DC0001D00AB010BD6846002301930293FFF7BC
:1010EC00BFFF024805F071FAF3E7C046887E002086
:1010FC00F8B506000F0080235B019A4210D3EFF382
:10110C00108572B6802464012100300006F036FD93
:10111C0022003900300006F095FD85F31088F8BDEB
:10112C00881880235B019A1AFF2103F075FFE6E70C
:10113C00F8B5DE4657464E464546E0B582468B46E8
:10114C009046002422E05B46E11880235B059C4618
:10115C0061441A482A0003F065FF80235B019E421C
:10116C001FD302F0A9FDEFF3108972B65346E618AF
:10117C0080277F013900300006F000FD0F493A004E
:10118C00300006F05FFD89F31088641944450FD2D6
:10119C0043461E1B350080235B019E42D3D91D00A4
:1011AC00D1E75A1B05482818FF2103F035FFD8E773
:1011BC00F0BCBB46B246A946A046F8BD20A2002012
:1011CC0070B58AB06846FFF761FC6846FFF782F994
:1011DC00002808D0019B012B05D1079B013B8022E5
:1011EC005203934201D30AB070BD02F065FD07991A
:1011FC0080208003FFF75BF9089B984205D002F032
:10120C005BFD384805F0E1F9EDE702F055FDFFF71D
:10121C0057F90500421E80235B039A4220D23248C4
:10122C00290005F001FA802464032A000021200023
:10123C00FFF77EFF02F040FD29002000FFF737F991
:10124C000400060002F038FD29000020FFF72FF9FA
:10125C00A0420AD002F030FD244805F0B6F9C2E7EE
:10126C002348290005F0E0F9BDE702F025FD0595BE
:10127C00069603230193002302936846FFF7F0FEC2
:10128C0007991C4805F0D0F9079A802189030020A2
:10129C00FFF74EFF02F010FD07990020FFF707F94A
:1012AC00089B98420AD002F007FD134805F08DF90F
:1012BC0000220021002002F059FDFEE702F0FCFCA8
:1012CC00684602230193079B0393089B0493FFF743
:1012DC00C7FE0A4805F079F900220021002002F02F
:1012EC0045FDFEE7B87E00202C7F00206C7F00209F
:1012FC00F47E0020B47F0020F47F00203480002096
:10130C00F0B5C64600B582B080460F0016009F238C
:10131C0001936C4600230093EFF3108572B6042200
:10132C00694601A806F0F2FC85F310886378404604
:10133C000370A3783B70E378337002B080BCB8467E
:10134C00F0BD10B582B06B46D81D002303706A4601
:10135C00911D0B70541D53712200FFF7D1FF2278A1
:10136C001300103BDBB2092B03D80120904002B0D4
:10137C0010BD0020FBE7000010B5FFF7E2FF024BA9
:10138C0083428041404210BDFF0F6000F0B5DE4645
:10139C0057464E464546E0B593B06D4B1E686D4BB7
:1013AC001F68721E80235B039A4206D313B0F0BCF5
:1013BC00BB46B246A946A046F0BDFFF7DDFF0028AC
:1013CC00F4D008AC2000FFF761FB2000FFF782F897
:1013DC00002802D00F9BB3421ED0002802D00B9BDA
:1013EC00B3421DD05C4B1B68BB4203D15B4B1B68EB
:1013FC00052BDBD85A483A00310005F015F902F0FC
:10140C0049FA029003910024002399460025013BE0
:10141C009B46B04605971FE0109BBB42DDD1C5E74C
:10142C000C9BBB42DED1C1E7059F02F045FC4A4B49
:10143C001F604A4B1A6801321A604A48494605F047
:10144C00F3F8B3E7281B80239B039C466044464972
:10145C002200FFF74DFE0024454535D20E2304AA89
:10146C009446634400221A8002F026FC43465B1B20
:10147C009A46802B01D980239A463B4EA6190E2200
:10148C0004AB9C46624431004846FFF7FFFC002841
:10149C00CAD00E2304AA944663441F885745C3D16F
:1014AC003A0031005846FEF7DDFF8346E419ED198A
:1014BC004B46013399462200803280235B019A42CD
:1014CC00C0D8A845C8D8BDE74646059F02F0F4FB36
:1014DC005B46DD4302F0DEF9029B039CC01AA1417E
:1014EC00FA229200002302F027FE0400AF420BD038
:1014FC00194B1F60194A1368013313601B483A00DB
:10150C00290005F091F851E7144B00221A6008AF3E
:10151C003800FFF7BBFA3800FEF7DCFF002810D0CC
:10152C0008A80123436000238360C6610562FFF7AE
:10153C0097FD0F4800942B004A46310005F074F8D3
:10154C0034E728220021380003F066FDE8E7C046A6
:10155C00B0B20020ACB2002020B300201CB300209D
:10156C0064800020A080002024B30020E8800020AC
:10157C0044810020F0B5DE4657464E464546E0B560
:10158C0097B002F087F906000F00874A1368013301
:10159C001360864B1A685B688B4206D917B0F0BC97
:1015AC00BB46B246A946A046F0BD8B4201D1824251
:1015BC00F4D8FFF7C7FB7E4B1B78002B00D1C7E09C
:1015CC007C48002134003D0000196941774A1060C5
:1015DC005160794A126893420FD0774A1360002BFE
:1015EC0000D1B8E07549764B1B68764A127876487C
:1015FC00764C2468009405F017F8714B1A681400A7
:10160C00724B1B681D009C466244714B1B68D31ABD
:10161C00312B73D96E4B1A606E4B1B6899466E4B0F
:10162C001B689A466D4B1B689B466D4B1B68984616
:10163C00013300D191E0FA229200002330003900EE
:10164C0002F07AFD03006748059320230493664B50
:10165C001B680393434602935B46019353460093E6
:10166C004B462A00210004F0DFFF5B4B1B685F4AEE
:10167C001268934242D05D4A13605D48017842780B
:10168C008378C4782500047926004479270084796E
:10169C00A046C479A146047AA246447AA446847A28
:1016AC00A346C47A1194047B1294447B1394847BD8
:1016BC00C07B14904F48007815904F480078002854
:1016CC004ED04E480E9015980D9014980C900B948B
:1016DC0013980A9012980990119808905846079000
:1016EC00604606905046059048460490404603904C
:1016FC00029701960095424804F096FF2C4B1B78FC
:10170C00002B03D03F4B1B78002B2BD1284B1B7885
:10171C00002B39D1264B1B78002B03D03A4B1B786E
:10172C00002B34D1224B1B78002B00D136E7374BE2
:10173C001B78002B00D131E7FFF742FD02F0AAF82D
:10174C001C4A002380185941184B1860596025E732
:10175C002F48002136E72F4945E7002398466AE7D2
:10176C002D48AFE72D4B18682D4B984200D9180027
:10177C00FFF7D0FB02F08EF80E4A00238018594177
:10178C000A4B18605960C1E7FFF796FCC2E7FFF7F8
:10179C00FDFD02F07FF8074A002380185941034BE6
:1017AC0018605960BEE7C04698B20020989F002090
:1017BC005A2C012050C30000F49600209081002088
:1017CC00A0B20020572C0120C08100209CB2002028
:1017DC00A4B20020A8B2002094B200207CB2002059
:1017EC00F0960020F481002080B2002074B200201A
:1017FC0084B20020592C0120582C01209C810020FF
:10180C0060820020562C01205C2C01205B2C0120D6
:10181C0020A10700948100209C80002078B2002039
:10182C00204E000070B5FA24E400200001F02EFFD9
:10183C001C2000F098FFD0231B06802252059A62D0
:10184C00002201211C2000F00DFF200001F01EFFE2
:10185C00FEF7BCFF0024264B9C420ADCD0231B065F
:10186C005B681B0405D52348210004F0DDFE013420
:10187C00F1E7FEF7CFFE0025002418E0D0231B066D
:10188C008022D2019A611C4E300005F073FE0100DB
:10189C003000FEF7F5FF01341848310004F0C4FEA7
:1018AC00013504E0FFF766FE2800FEF71FFF144B1E
:1018BC001B68A342F6D01349200002F0FFFB013154
:1018CC004A01114BD21811490B4804F095FCD02356
:1018DC001B068022D2015A61FA20C000FEF7B6FF27
:1018EC000028CBD1D0231B068022D2019A61D9E7E4
:1018FC00B70B0000D4820020ECB20020FC82002048
:10190C00502C01201F0300003CC40020F482002056
:10191C0010B58AB0524B00221A60FFF72DFD00283B
:10192C0004D14F4B01221A600AB010BD6846FFF774
:10193C00ADF86846FEF7CEFD00280BD00499494A55
:10194C001160019B032B09D0022B44D0444B032282
:10195C001A60E9E7424B02221A60E5E707990C008E
:10196C004A1E80235B039A4206D280208003FEF736
:10197C009EFD089B98420AD06846022301930133CE
:10198C000293FFF76DFB364B08221A60CCE78021DF
:10199C00220089030020FFF7CBFB079B1C001900DA
:1019AC000020FEF784FD089B9842E5D102220192AB
:1019BC0000220292039404936846FFF751FB049AA9
:1019CC00284B1A60264B07221A60002211001000C7
:1019DC0002F0CCF9FEE7029B01330293032B38D9BA
:1019EC0005990C004A1E80235B039A4206D2802084
:1019FC004003FEF75CFD069B984203D0184B052272
:101A0C001A6091E78021220049030020FFF790FB28
:101A1C00059B1C0019000020FEF749FD069B98420F
:101A2C0003D00F4B09221A607EE768460022019210
:101A3C00029203940493FFF713FB0B4B01221A70D1
:101A4C00074B03321A6000221100100002F08EF9CD
:101A5C00FEE76846FFF704FB014B06221A6063E7BA
:101A6C0018B300203C2801205E2C0120F0B583B077
:101A7C006B46DD1D00232B706A46961D9371571D16
:101A8C0053713A0031002800FFF73AFCFFF759FC7C
:101A9C0004003B78327829780E4804F0C5FD002C00
:101AAC0011D0220D0C48210004F0BEFD80256D04E0
:101ABC000A481022290004F0B7FDAC4207D00848B0
:101ACC0004F083FD03E03978064804F0ADFD03B063
:101ADC00F0BDC046008300206C830020948300205E
:101AEC00C08300202483002070B50024002500E072
:101AFC000134FA235B009C4205DAFEF781FC0028D6
:101B0C00F6D00135F4E75A2D00DC70BD0021080039
:101B1C0002F084F910B5094B1A68094B9A4200D0AF
:101B2C0010BD04F04DFD074804F04FFD034B00229F
:101B3C001A60054801F0AAFDF2E7C046C00000207B
:101B4C00969669690C84002050C30000F0B5C64617
:101B5C0000B5040000F007FE00220121200000F077
:101B6C0081FD052001F092FDD0273F067E680125FE
:101B7C00A5402E403000431E9841C3B29846012226
:101B8C000021200000F06EFD052001F07FFD7B6838
:101B9C001D40200000F0F2FD002E01D0002D03D0DE
:101BAC00404680BCB846F0BD0220FAE770B5042070
:101BBC00FFF7CCFF050004000520FFF7C7FF02006C
:101BCC000100022D18D0002C01D1022922D0012CA9
:101BDC0016D0022C18D028001043C0B2002820D0F8
:101BEC00002C01D1012919D0012C19D1002919D0AF
:101BFC00A14219D0092014E0A842E4D1042010E03D
:101C0C000229E6D106200CE0002905D00129E2D1F9
:101C1C00082006E0052004E0072002E0100000E0A8
:101C2C00092070BD0220FCE70320FAE710B5FFF78E
:101C3C00BDFF304B18701A78D3B2042A3ED0042B57
:101C4C000DD9072B48D021D8052B3ED0062B4AD1D5
:101C5C00294B2A4A1A602A4804F0B7FC25E0022BCB
:101C6C0025D00AD8002B1AD0012B3CD1224B254A67
:101C7C001A60254804F0A9FC17E0032B33D11E4B46
:101C8C00224A1A60224804F0A0FC0EE0082B2AD14C
:101C9C00194B204A1A60204804F097FC05E0164BBB
:101CAC001E4A1A601E4804F090FC002010BD124B16
:101CBC001C4A1A601C4804F088FCF6E70E4B1B4AC1
:101CCC001A601B4804F081FCEFE70B4B194A1A60B1
:101CDC00194804F07AFCE8E7074B184A1A601848D0
:101CEC0004F073FCE1E7044B164A1A60164804F042
:101CFC006CFCDAE7F8960020FC960020F0840020BB
:101D0C00F484002040840020448400207884002047
:101D1C007C840020508500205485002024840020E1
:101D2C00288400205C84002060840020948400209F
:101D3C0098840020C0840020C484002020850020CA
:101D4C0024850020808500208485002070B51C200F
:101D5C0000F009FDD024240680235B056362A36197
:101D6C000E2000F000FD8023DB01A3620F2000F0A9
:101D7C00FAFC80231B02A362082000F0F4FC8025EF
:101D8C006D006562A561092000F0EDFC80239B00CD
:101D9C0063626361FFF74AFF04F012FC6561642023
:101DAC0001F074FC70BD000070B5174C1749200091
:101DBC0005F08EF8050001210A2000F039FC012104
:101DCC000B2000F035FC01210C2000F031FC0D2023
:101DDC0000F0C9FCD0231B06802292015A625A6182
:101DEC006368022213400A490A6021680532514097
:101DFC00C8320A4007490A60074A13600749084875
:101E0C0004F012FC280070BD00000440404B4C0054
:101E1C00043004400010044004200440A08500203D
:101E2C00A485002070B50500002400E00134032CCB
:101E3C000ADC2100280004F0DBFE0028F6D021008B
:101E4C00280004F0A9FEF1E770BD000070B5074D45
:101E5C002800FFF7E7FF064C2000FFF7E3FF280000
:101E6C0004F0EEFE200004F0EBFE70BD00002050EC
:101E7C0000003050F0B5DE4657464E464546E0B5BC
:101E8C0095B001F06BFFFFF72FFEFFF741FD02202D
:101E9C00FEF7F6FBFFF73EFEFFF758FFFA4BFB4A47
:101EAC00FB490968FB4804F0BFFBFB4B1B689868B7
:101EBC0005F032F9FFF778FF040002F0BBFF02F0E7
:101ECC00E9FF0022F54B02F046FB02000B00F44840
:101EDC00009404F0A9FBD024240680239B00A3616A
:101EEC00FEF7F2FBFFF7C2FDFEF7D8FD142000F061
:101EFC003AFC80235B03A36200220121142000F032
:101F0C00B1FB152000F02FFC80239B03A362002261
:101F1C000121152000F0A6FB162000F024FC8023E4
:101F2C00DB036362A361132000F01DFC80231B0301
:101F3C0063626361C046C046C046C046C046C046E8
:101F4C0061688902C90FD74804F06EFB6168C90249
:101F5C00C90FD54804F068FB61684902C90FD34822
:101F6C0004F062FB61680903C90FD14804F05CFB03
:101F7C00FFF76CFFCF4D0121280004F01DFECE4B66
:101F8C0098461860CD49280004F042FECC4B994687
:101F9C001860CC4F396800239B46009302331422FF
:101FAC00280004F06BFE4B46196810AC2000FEF7BD
:101FBC00EFF9139BC44A1340A02109030B4313935D
:101FCC00129BC24E1E4032008020C002024312926D
:101FDC00119ABF4E3240A826760532431192BD4964
:101FEC000B4003438026360633431293052001F041
:101FFC00CBFD02F01FFFB84902F0FDFE011C2000D2
:10200C00FEF756F9434619684B461A682300280018
:10201C0004F092FE43461A682B680124210091407B
:10202C008B432B6043461A6853009B18DB00AB4A6A
:10203C00944663441E601E6043461B6804332200B2
:10204C009A401300A64A9246136043461B68083315
:10205C0022009A4013005246136043461A682B68BC
:10206C00210091400B432B60434619684B461A687C
:10207C001F231A404B005B18DB009A498C466344C3
:10208C001A600121280004F097FD8046964928002B
:10209C0004F0BEFD03905B460093023314224146CC
:1020AC00280004F0EBFD0CAB994603991800FEF7E1
:1020BC0083F94B46DB68844A1340A020000303439A
:1020CC004A46D36093689B009B08334393605368E4
:1020DC007F490B40A822520513434A465360052002
:1020EC0001F052FD02F0C0FA00226C4B02F033FA00
:1020FC0002F006FB011C4846FEF7DAF87B4BF02297
:10210C0012011A607A49092000F0B6FC012109205D
:10211C0000F092FC4B46039A91464146280004F08D
:10212C000BFE2B682100404681408B432B60430003
:10213C001A18D200694884466244166016604046FC
:10214C00021D2000904002005046026040460830BC
:10215C000200200090400200504602602A680A43A8
:10216C002A6049461F2529404344DB005D4DAC469F
:10217C00634419605F4D0121280004F01DFD804669
:10218C005D49280004F044FD82465B46009302330F
:10219C0014224146280004F071FD08AB99465146C3
:1021AC001800FEF7E1F84B46DB68474A1340A020C5
:1021BC00000303434946CB608B689B009B08334369
:1021CC008B604B6842490B40A82252051343494689
:1021DC004B60052001F0D8FC02F046FA00222F4B90
:1021EC0002F0B9F902F08CFA011C4846FEF760F8CF
:1021FC00424BF02212011A604149072000F03CFCCE
:10220C000121072000F018FC4B465246414628009D
:10221C0004F092FD2B68220041468A401100934342
:10222C002B6043465B0042469A18D20035488446E0
:10223C006244166016604246043220009040020050
:10224C00314881460260424608322000904002002C
:10225C00484602602A680A432A6052461F210A40F7
:10226C004344DB0029498C4663441A600121280051
:10227C0004F0A2FC38602649280004F0C9FC254B68
:10228C009846186048E0C046BC850020C8850020F0
:10229C00FC960020D4850020C49B002080842E4115
:1022AC000C860020288600203886002048860020D6
:1022BC005C86002000003050C0B20020B893002093
:1022CC0014B30020C4B20020FF7FF0FFFFFF0AFE12
:1022DC00FFFFFFE0FFFF0A3E00780248D0103050AD
:1022EC0000203050D8003050A09300202C213050CA
:1022FC00F903002000002050089400202C212050CD
:10230C00C5030020D010205000202050D8002050B1
:10231C00E093002010B3002039685B460093033330
:10232C001422280004F0AAFC4346196804AB9A4610
:10233C001800FEF72DF85346DB68724A1340A020B4
:10234C00000303435246D36092686F4B13408020C6
:10235C00C00203435046836041686C4B1940B02364
:10236C005B050B4343606A4802408023DB02134346
:10237C00334352469360052001F006FC02F05AFDEF
:10238C00644902F038FD011C5046FDF791FF396895
:10239C00424612685346280004F0CEFC3A682B687B
:1023AC002000904083432B603A6853009B18DB005D
:1023BC00594A944663441E601E603B6804332200F5
:1023CC009A4013004A4613603B68083322009A4037
:1023DC0013004A4613603A682B6894401C432C60E7
:1023EC003968424612681F231A404B005B18DB0009
:1023FC004A498C4663441A60FEF7D0F8FEF7ACF8F5
:10240C00474C200004F0FEFA012001F03FF904F0E3
:10241C0059FA200004F0F6FAFA200021000101F02C
:10242C0091FC52E03F4B1B689B003F4A944663442F
:10243C001D78EDB23D4B18683D4901F03FFE01316E
:10244C004C013C4BE41801F025FA002911D0FA227A
:10245C009200002301F070FE374900902B004822B7
:10246C00200003F0C9FE314A1368013313600120C8
:10247C0035E0FA21890001F021FEEDE72F4B1B68B6
:10248C009B002F4A944663441D78EDB2274B186885
:10249C00274901F013FE01314C01264BE41801F0E1
:1024AC00F9F9002929D0FA229200002301F044FE08
:1024BC00214900902B004422200003F09DFE1B4A72
:1024CC00136801331360FEF77FFD164B1A681D4B22
:1024DC0059680832012393400B42A3D00020174BBC
:1024EC001A68194B59680832012393400B42C5D026
:1024FC000028E8D1FEF77EFDE7E7FA21890001F01C
:10250C00DDFDD5E7FF7FF0FFFFFF0AFEFFFFFFE0D9
:10251C00FFFF0A3E00780248D0102050D80020500F
:10252C0039160020C0B2002023003050502C01205E
:10253C001F0300003CC4002070860020C4B20020A1
:10254C00230020500000305000002050F8B5CE463B
:10255C00474680B5D0231B061F68214BBA00D358C1
:10256C0098467B00DB191B011E4A9446634499462E
:10257C00002627E0EB4012E024090135002C20D086
:10258C0033000833AB421CD90F23190021402342DE
:10259C00F2D0154BBA00D358202DEBD40023DB0717
:1025AC00EAD407222A409200EB08080090403C3302
:1025BC009B000E4A98504346002BDDD02800C047A4
:1025CC00DAE708361D2E06D8F30808339B004A4676
:1025DC009C583500D2E7C0BCB946B046F8BDC046E1
:1025EC0020B200200041014034C4002000400140D2
:1025FC0010B59446072202409200C0089140020098
:10260C003C329200094C115180001B186246002A82
:10261C0005D08022920194466344196010BDC022FB
:10262C009201944663441960F8E7C04600400140AB
:10263C0010B58300084A9A18126840245440C022EE
:10264C002240064CA44663441A60C000044B9C46CE
:10265C006044416010BDC04604C0014004D001403C
:10266C000040014080000B4B9C46604400290ED07A
:10267C000823002A00D004221343026853400C2282
:10268C00134080225201944660440360704700233B
:10269C00EFE7C04604C0014070B505000E00141EE3
:1026AC0004D00D2000F0DAF900280ED0D0231B0640
:1026BC001A6853009B181B01074A94466344220076
:1026CC0031002800FFF794FF70BD044B044A054805
:1026DC00BD2103F005FEC04600410140FC870020EF
:1026EC00289400202888002070B50400D0231B06F5
:1026FC001D680D4BAA00D358002B0AD0002803D01C
:10270C00094BAD00EC5070BD08490D2000F0ECFAFF
:10271C00F6E70028F7D0044BAD00E850034900223F
:10272C000D2000F0D5F9EEE720B200206123002047
:10273C00F8B505000E0014001F00002A0BD1220072
:10274C0031002800FFF7A8FF002C08D001210D2034
:10275C0000F072F9F8BD1800FFF7C6FFEFE738007C
:10276C00FFF7C2FFF6E710B501238340D022120613
:10277C00936293610521FFF75BFF10BD10B51F211C
:10278C00FFF756FF10BD00000FB400B583B008482A
:10279C0003F01BFF049B002B07D005A90191180027
:1027AC0003F022FF034803F010FF012003F04EFD5D
:1027BC00708800209C800020EFF3108072B6034BD1
:1027CC001B68002BFBD0BFF35F8F70472C0100D030
:1027DC00BFF35F8F024B00221A6080F310887047A2
:1027EC002C0100D0CB08C25C07230B400120984081
:1027FC001040431E9841C0B2704770B505000C00E4
:10280C001600FFF7D9FFE308EA189446E95C0722A3
:10281C002240012393400B4206D1DBB20B436246AC
:10282C001370FFF7D5FF70BD21003000FFF7ACFF30
:10283C00F0B583B00500019114001E00FFF7BCFF3A
:10284C0000E00134B4420CD8E308EF18EB5C07212C
:10285C00214001228A401A42F3D1D2B21A433A7073
:10286C0001E001246442FFF7B3FF002C02DB2000DF
:10287C0003B0F0BD019B002BF9D00898FFF784FF43
:10288C0070B505000C00FFF797FFE308EA189446B3
:10289C00EA5C0721214001238B40134205D09A4367
:1028AC0063461A70FFF794FF70BD034B034A04484C
:1028BC00332103F015FDC046808800204094002091
:1028CC00A0880020054A1078431CDBB21370172B2C
:1028DC0002D9130010221A707047C04600970020CE
:1028EC00002307E0054A9A189200BFF35F8F00217E
:1028FC00116001331F2BF5D97047C04640000034DE
:10290C00074B9B68103080001950BFF35F8FBFF3EB
:10291C005F8F044B0021196082F310887047C0460A
:10292C0000ED00E0240100D00048704700E400E016
:10293C0010B5FFF7F9FF002302E0034A04C001338E
:10294C00072BFAD910BDC0468080808010B5038853
:10295C00DA0A1C2A05D15B055B1502335B00C01833
:10296C0010BD034B034A34210348FF3103F0B8FC7C
:10297C00E88800209C9400200089002010B5091ADA
:10298C000B1F0A4A88180A4A904208D8C90706D46D
:10299C005B105B055B0D0748184380B210BD064BFE
:1029AC00064A26210648FF3103F09AFCFC0700007A
:1029BC00FE0F000000E0FFFF4889002090940020EB
:1029CC000089002010B5091A04394A08090B08D1EE
:1029DC004905490D064B0B430380064B13434380BB
:1029EC0010BD054B054A2E210548FF3103F078FC3C
:1029FC0000F0FFFF00F8FFFF788900206C940020A6
:102A0C000089002001238340034A10681840431EAC
:102A1C009841C0B27047C04600E100E0002A05D0E2
:102A2C00044BC0225200995019607047014A802310
:102A3C00D150FAE700E100E010B50A001F23034073
:102A4C00012199404009FFF7E9FF10BD024B9B683B
:102A5C0010308000C058704700ED00E010B5FFF753
:102A6C00F5FF002803D0034B984201D0012010BD84
:102A7C000020FCE7C101001070B505000E00EFF35B
:102A8C00108472B60D4B1B68002BFBD0BFF35F8F0D
:102A9C002800FFF7DBFF0A4B984201D0B04205D16A
:102AAC00220031002800FFF72BFF70BD054B064AB2
:102ABC0082210648490003F013FCC046240100D0D3
:102ACC00C101001088890020C494002000890020D6
:102ADC00F0B5DE4657464E464546E0B589B08146D0
:102AEC0001911500EFF3108372B69A466E4B1B687A
:102AFC00002BFBD0BFF35F8F6C4B00269E57002E34
:102B0C0040DB7400A419A400694823189B460622D4
:102B1C009A56664B1A70674B9A684B4610339B005B
:102B2C00D7583B1A2F2B3BD9634B9F4231D105AF62
:102B3C00624B3B80624973000293981980005C4C95
:102B4C0000190230FFF71AFF78805E4BBB80FF2321
:102B5C00BB71FD71019A0792029B9B199B00E318B4
:102B6C0007CF07C301275B463B431F005246390082
:102B7C004846FFF7C5FE09B0F0BCBB46B246A946B5
:102B8C00A046F0BD504B514A94215148FF3103F0FF
:102B9C00A7FB504B4D4ACD214D48490003F0A0FBFB
:102BAC0001233A009A439046101A0C2101F086FA40
:102BBC0000290FD143460024DA79AA4212D9062102
:102BCC00595600290DDB4A005218920038491C0056
:102BDC008B18F1E7404B3D4AAC213D48FF3103F0E7
:102BEC007FFB1C00002C2DD005AB3C4A1A80813A8F
:102BFC005A800623E3569846002B16DA384804AB65
:102C0C00188142469A72DD72019B0793201D59462A
:102C1C00FFF7B4FEA080A671254B720092199200AA
:102C2C009B1805AA13CA13C3A0E7201DFFF78EFE3D
:102C3C0001007000801980001D4BC0180430FFF794
:102C4C009DFEDCE705AF1D4B3B801D4973000293D5
:102C5C009B199B00164C1800A4466044039002304C
:102C6C00FFF78CFE7880039A101D4146FFF786FE15
:102C7C00B8801C4B4246121B524153431B0DBB7177
:102C8C00FD7101990791029B9B199B00A44663441B
:102C9C0007CF07C3114B42461380813B538001275A
:102CAC005B463B431F0061E7240100D05D2C0120F3
:102CBC000497002000ED00E0C101001000A1FFFF0F
:102CCC003497002001BDFFFFC0890020AC94002088
:102CDC0000890020E8890020108A002001480000AB
:102CEC0001BD0000AAAA0000F0B5CE46474680B54B
:102CFC0083B080460C00EFF3108772B64E4B1B6806
:102D0C00002BFBD0BFF35F8F4C4B9A6845461035B8
:102D1C00AB00D6584A4B9E4207D0A64200D189E060
:102D2C000196484BF31A2F2B09D93A003100404633
:102D3C00FFF7E6FD03B0C0BCB946B046F0BD404657
:102D4C00FFF760FE814600214046FFF775FEBFF39A
:102D5C005F8FEFF30581002901D08D4211D1012342
:102D6C00019D9D430020AB689C4211D00622AA56BF
:102D7C00002A0CDB53009B189B00324A2800D51804
:102D8C00F1E7314B314A3248324903F0A9FA2800B5
:102D9C009C4249D106242C57002C2BDB294B62007A
:102DAC00121992009B189A68AA60DA79EA719B79D9
:102DBC005BB2AB71002B0FDA2748A880214B620065
:102DCC00121992009B18254A117899711470494672
:102DDC004046FFF731FEA8E7600000198000194B50
:102DEC00C0180430FFF7B2FD01002B1D1800FFF7CF
:102DFC00C5FDE2E7002912D100280ED0FF23837114
:102E0C00174B838015490B78AB710E4A154BAD1AD5
:102E1C006D416B431B0D0B70D9E7094EF2E712495C
:102E2C00281DFFF7CFFDD2E7104B084A0848104980
:102E3C0003F056FA024E78E7240100D000ED00E0D2
:102E4C00C101001004970020948A00207C9400207B
:102E5C00008900201902000001BD00005D2C01203A
:102E6C0001BDFFFFAAAA00003E970020C88A0020DF
:102E7C005B02000070B5012202432D4BD31A2F2B9D
:102E8C0029D8EFF30583002B2BD0EFF3108172B60A
:102E9C008C46284909680029FBD0BFF35F8F244C6E
:102EAC00254905002D1B6D416943090D4CB2234981
:102EBC0089689B00C958914219D00021032930D848
:102ECC001B4B4A00521892009B189B795BB2A34291
:102EDC001DD00131F2E71A4B1A4A1B481B4903F06B
:102EEC00FFF91B4B174A18481A4903F0F9F9134A12
:102EFC0092681949D150194B1A7882711C70BFF322
:102F0C005F8F0C4B00221A608CF3108870BD084B3D
:102F1C004A005518AD005D19FF26AE71104AAA8003
:102F2C00E9E7104B074A08480F4903F0D9F9C046A6
:102F3C0004970020240100D0AAAA000000ED00E0B4
:102F4C00D08A0020509400200089002096020000B6
:102F5C00F88A002099020000C10100105D2C0120AC
:102F6C0001BDFFFF048B0020AA020000024B9C460F
:102F7C0061448900016070474000003410B50400C2
:102F8C00FFF7A0FC01002000FFF7F0FFFF232371E7
:102F9C00BFF35F8F10BD10B50400FFF793FC010069
:102FAC002000FFF7E3FFFF23237100236371BFF3BE
:102FBC005F8F10BD10B50D4C09E00D4B0D4A0E483E
:102FCC001A2103F08DF92000FFF7D8FF08340B4BC2
:102FDC009C4209D22368002BF5D0012BEDD12000A7
:102FEC00FFF7D9FF0834F2E710BDC046C89D00209A
:102FFC000C8B0020049500202C8B0020D89D0020E9
:10300C0030B5836A9C46D41A0B1D9B001B58654631
:10301C005B1B9C4204D3046A01238B40234202D1E4
:10302C00043189000A5030BD000408437047000089
:10303C000A4B1968EFF3108372B60A68002AFCD0A9
:10304C00BFF35F8F054A1268BFF35F8F00211160D9
:10305C0083F3108840BF002000217047442A0120D0
:10306C00F0B5DE4657464E464546E0B583B0EFF325
:10307C00058303221A4011000192AF4B9200D358E2
:10308C0098461B788B4207D10123019A93400093F9
:10309C00AA4B009A1A601FE1A94BAA4AAA489C2184
:1030AC0003F01EF943465A694B465B004B44DB0068
:1030BC0093469B445B469E68DF68A44800F0BAFBCD
:1030CC00801BB941002900DA10E1002F61DB5B465F
:1030DC001C699F4B9C4247D043460820185E5B46B8
:1030EC00598889B2FFF7A0FF5B465969A0470400D5
:1030FC000D0023002B434CD0002D3EDA300039005C
:10310C00001BA9415B469860D96000241C5F002C11
:10311C0000DAEBE043465A69924663001B19DB0068
:10312C0053449A68DB6805000E00AD1A9E41002ED0
:10313C0000DADBE043461C8147460837BC46002CCE
:10314C0021DB634600229B5E5D00ED18ED005544CB
:10315C00AA68EB6806000F00B61A9F41002F12DB1D
:10316C00AC460023EC5EEAE75B465C692369200011
:10317C00984700280DD030CCBBE7744800F05AFBC0
:10318C0000196941BEE75B461C804B4662461380C2
:10319C00ACE05B4600229B5E424613811269EFF362
:1031AC00108372B611680029FCD0BFF35F8F4246C2
:1031BC000221525E59460A804246494651801269A4
:1031CC00BFF35F8F0021116083F310888EE04346BC
:1031DC001969EFF3108372B60A68002AFCD0BFF3AA
:1031EC005F8F4246928812B291460122524241466A
:1031FC008A800A69BFF35F8F0021116083F3108806
:10320C001CE09B4600229A5E002A0EDB5B460021E6
:10321C00595E4B005B18DB0053449868D968260054
:10322C002F00361A8F41002FEBDA4B4659460B8094
:10323C00634600215B5E994663461A804B46002B21
:10324C005ADB43465A6992464B465B004B44DB00C3
:10325C009C46D44463469C68DD6846460836B346B3
:10326C00434608229A5ECFE70023424693714146BB
:10327C00083143460820185E11E001225242D31750
:10328C00A260E360434608229B5E834206D00D8019
:10329C00434608229B5E2380434618812800431C2A
:1032AC002ED043465A6943001B18DB00D418D55E58
:1032BC0063881BB2002BE0DB2100EFE722002B0020
:1032CC0001992248FFF79CFE204800F0B3FA241A1B
:1032DC008D41002D28DC25D01C4B009A5A634346A7
:1032EC0008229B5E9946002B00DBDBE643469B885D
:1032FC001BB2002B00DB6AE743469B79002BB3D152
:10330C00434608229A5E002A0EDB43465969530055
:10331C009B18DB00CB189C68DD68631CCED16B1C42
:10332C00D2D0CBE7002CD7D040BF03B0F0BCBB460B
:10333C00B246A946A046F0BD24C400203C7005400E
:10334C00C08B002030950020EC8B00200040054005
:10335C00752E002070B504000D0011000126AE4042
:10336C0006622800FFF788FB01212800FFF764FBA9
:10337C00024B9C466444266070BDC0463820000059
:10338C00F8B504000F0016001D00C160FFF79AFA93
:10339C00124B9C466044800020612670ABB2638166
:1033AC00D022120612786270012252422281A2802F
:1033BC009B186380002306E0581E61695A00D218DE
:1033CC00D20088520133AB42F6D3054BB200D45035
:1033DC00044A31003800FFF7BDFFF8BD400000344F
:1033EC0024C40020752E002010B5064B1B69002B41
:1033FC0001D0044810BD044B044A0548652102F075
:10340C006FFFC046589700202C8C00201895002088
:10341C00EC8B0020F8B504000569EFF3108072B650
:10342C0029680029FCD0BFF35F8F0221665E6569B5
:10343C0071008919C9006D18002E02DB0027E95FA5
:10344C0061802169BFF35F8F00270F6080F31088C4
:10345C00002E2CDB0699296107996961AA60EB6043
:10346C006B8801335B04590C002B00D1012169805E
:10347C003000FFF7D9FD2169EFF3108372B60A68AB
:10348C00002AFCD0BFF35F8FA2882A80A680226915
:10349C00BFF35F8F0021116083F31088E3682178FC
:1034AC0001228A4003498C4663441A60F8BD01200E
:1034BC004042FBE73C20000070B582B006001400CF
:1034CC001D0008AB1B78002B07D100F0E3F922009C
:1034DC002B00121A8B41002B0ADB079B0193069BD6
:1034EC00009322002B003000FFF794FF02B070BD58
:1034FC000020FBE7F0B5C64600B584B080460F004F
:10350C0016001D000AAB1C78FFF76EFF02940195A4
:10351C00009642463B00FFF7CFFF04B080BCB84694
:10352C00F0BD000030B504000A1443899A4230DA29
:10353C00406953009B18DB00C31822699446EFF3D3
:10354C00108272B6604600680028FBD0BFF35F8F14
:10355C00588885B20904090C884212D000202369CE
:10356C00BFF35F8F0021196082F31088002811D0FF
:10357C00E368217801228A4007498C4663441A602B
:10358C0008E00649294389B259800123A37101201F
:10359C00E5E7002030BDC0463C2000000080FFFF66
:1035AC0010B50400FFF720FF2100FFF7BBFF10BD93
:1035BC00F0B583B006000F00EFF30583002B1AD192
:1035CC0006246442E517A4197D418D4202D803D12B
:1035DC00844201D90024002500F05CF922002B0064
:1035EC00121A8B41002B0BDC08D03000390000F094
:1035FC0063F903B0F0BD1648FFF7C6F8002AF4D003
:10360C00144A0023009320002900FFF773FF0028C1
:10361C0013DAEAE7104B1968EFF3108372B60A68F5
:10362C00002AFCD0BFF35F8F0B4A1268BFF35F8F89
:10363C000021116083F3108820BF084B5B6A9D4208
:10364C00E8D80649896AA142CFD29D42CDD1E1E7A3
:10365C00508C0020452E0020442A012000400540BB
:10366C0070B504000D0000F015F922002B001218A3
:10367C004B411000191E02DBFFF79AFF70BD0120B1
:10368C0040420149F8E7C046FFFFFF7F10B5FA2220
:10369C0092000023002101F087FBFFF7E1FF10BD32
:1036AC00F0B5C64600B584B080460391EFF30583B0
:1036BC00002B2BD1474B1A685B68824239D0FFF73D
:1036CC0093FEC3681F00067842461400039A150047
:1036DC00180000F0AFF802000B00A41A9D41220064
:1036EC00311D8900C959091A0020A84227DC24D0B1
:1036FC0020BF039A384B5B6A9A424BD83649896A89
:10370C0041454CD29A4243D0012044E00B00324A4E
:10371C00526A8A4209D33049896A884207D99A4247
:10372C0001D0012037E0002035E0002033E00120FB
:10373C0031E0039A9342C2D1DAE79142D8D9274AB1
:10374C000023009345462800039C2100FFF7D2FE7E
:10375C00002826DD1F4B1D60039959600D001E4B80
:10376C005B6A994205D81C4A926A424502D2994238
:10377C0000D120BFFFF714FF174B5B6A9D4224D882
:10378C00154A926A424522D29D421CD0012002E089
:10379C00002000E0002004B080BCB846F0BD012041
:1037AC00F9E70D4B5B6A9C4209D80B49896A414584
:1037BC0007D29C4201D00120EDE70020EBE700206E
:1037CC00E9E70120E7E70020E5E70020E3E7012037
:1037DC00E1E7C0465097002000400540452E0020F0
:1037EC00004870470040054010B50B4B1B69002B7F
:1037FC0004D00A480A21FFF7B9FB10BDFFF7F0FF10
:10380C000400032100F00CF80348102303222100CC
:10381C00FFF7B6FDEDE7C04658970020442A01207B
:10382C0010B5024A0248FEF7E8FF10BDA08C00203C
:10383C0038B200200200436A906A1900536A994218
:10384C00FAD17047416A00E0416A9942FCD300E02A
:10385C00416A994202D1816A9142F9D3704770B59D
:10386C00060014001D00FFF7E5FF02000B0010001E
:10387C00190022002B0012184B41994202D804D196
:10388C00904202D901225242D3173000FFF7DAFFDF
:10389C0070BD000010B50248FFF7CCFF10BDC0464C
:1038AC000040054010B502000B000248FFF7D7FF9F
:1038BC0010BDC0460040054010B502000B00024888
:1038CC00FFF7C0FF10BDC04600400540074B9842B3
:1038DC000AD0162301229A40054B1A60054B1B682F
:1038EC0011009943FAD170471723F3E70080034086
:1038FC0000F0004008C0004070B5046BE30701D431
:10390C00200070BD0B4BC3180B4A1A60436A826AC5
:10391C009B019B189D02062000F036F9074900F028
:10392C00CDFB0100280000F0C9FB0021FFF7BAFF16
:10393C00E6E7C04630300000010300004E0E0000E8
:10394C0070B504000E001500FFF7D6FFE16A3300D6
:10395C004B4019002B000B401900024BE318196067
:10396C00206370BD2C10000070B505000C00062003
:10397C0000F00AF9C000210000F0A0FB0130C609DC
:10398C0007D00E4B9E4215D8400834003F26064007
:10399C0000E001246C62AE62002200212800FFF7D7
:1039AC00CFFF062000F0F0F88000A101891900F08B
:1039BC0085FB70BD0026024CECE7C046FEFF000004
:1039CC00FFFF000010B505394901013AD2000A4346
:1039DC00002B07D002210A43012B01D0002102E069
:1039EC00023100E0002111436E22FFF7A9FF10BD48
:1039FC0010B5002900D010211022FFF7A1FF10BD37
:103A0C00002909D00A22064B9C4660444342584187
:103A1C00044B4000C252704780225200F3E7C0466C
:103A2C000080FCBF482C012070B504000D0006205E
:103A3C0000F0AAF800281ED0104B9C421CD0162275
:103A4C00012393400E4A13602000FFF73FFF002133
:103A5C002000FFF7D5FF29002000FFF785FFE26A61
:103A6C0070235A400E331340064AA2181360064BBB
:103A7C0023630323A36470BD1722E1E70080034096
:103A8C0000E000402C10000001030000F8B5CE4609
:103A9C00474680B505000E00904699464400241810
:103AAC00A400284B9C4664446368089A934200D255
:103ABC0062602F1FFFB2012F2ED980221201C0236A
:103ACC009B01E3181A60204BAA00D158002907D09B
:103ADC00586900F0F3FA013043001B18033BFDD288
:103AEC0043465B0122685340E0221340802252017E
:103AFC00A2181360012F1AD980239B01E31880228E
:103B0C0012011A60089B63600F4BAD004A46EA50E5
:103B1C00C0BCB946B046F8BD012ECED10322C0239D
:103B2C009B01E3181A60A368DB07FCD5D8E7216872
:103B3C00714003230B401360A3680122B2401A4268
:103B4C00FAD0D9E70080004040B2002070B582B0B6
:103B5C0006000D0014001800069900F0AFFA0300DF
:103B6C00069A11020091220029003000FFF78EFF07
:103B7C0002B070BD10B582B0802464000094FFF7D1
:103B8C0085FF02B010BD0000014B8000C05870478B
:103B9C0040B20020F0B5C64600B504000E00170078
:103BAC001D00374800F08AFA8046364BFA18364B1F
:103BBC009A4239D80100380000F080FA0200103A1D
:103BCC0098235B009A4235D86B1E062B38D8069B7F
:103BDC00013B062B34D83F09474537D32D04069BB0
:103BEC001B031D432368002B36DB284B9C4244D01F
:103BFC000C2201239340264A1360264A1360264A5E
:103C0C001268190091430A1EF9D12660A060234B5B
:103C1C00E31821321A602268002AFCDAE5600822D7
:103C2C001A6080BCB846F0BD1D4B1E4A1E481121BF
:103C3C0002F056FB1D4B1B4A1B48192102F050FB8E
:103C4C001B4B184A18481C2102F04AFB194B154A09
:103C5C001548232102F044FB22683F231340B34252
:103C6C00C3D1A3681B051B0D8342BED1E368EE22B2
:103C7C00D2021340AB42B8D1D3E70D22B9E7C0460C
:103C8C00001BB70080E84BD380F8A93200C002407B
:103C9C0000E0004000F0004008C00040043000008C
:103CAC00C48C002050950020148D00205C8D0020C9
:103CBC00788D0020C48D0020024B1A68024B5A608C
:103CCC007047C0460CB300200080054010B5174B60
:103CDC008022D2051A60164B164A1A6000290AD0A7
:103CEC00154BE022D2041A60002809D1124B802215
:103CFC0012061A6010BD0D4BE022D2041A60F3E7D5
:103D0C0043011B1A9B00181800010C4B18608023F0
:103D1C005B04984202D3094B094A1A60FFF7CCFFA7
:103D2C00054B8022D2051A60E4E7C04600B005407E
:103D3C0008200140FCFF010000A005400CB300204E
:103D4C00FFFFFF0010B5034B034ADA61FFF7BEFF1C
:103D5C0010BDC046008005402131B76A024B80225D
:103D6C00D2051A607047C04600B0054010B503007C
:103D7C000C0010000B4A8021C9051160002B0DD0DE
:103D8C0001221343084A0949D1610949594011627A
:103D9C00546293620021FFF799FF10BD024B002281
:103DAC00DA61F7E700B0054000800540D3C007B0EA
:103DBC002D3FF84F80239B000B43014AD362704781
:103DCC000080054010B5010018231B8814221088B0
:103DDC00984710BD10B5010018231B8816221088B7
:103DEC00984710BDF0B5C64600B507000E0000257B
:103DFC000123984600E00135B5420AD2AC003C19CB
:103E0C002068FFF7DFFF20600028F4D100239846DC
:103E1C00F1E7404680BCB846F0BD000070B5050027
:103E2C000C000348FFF7CEFF030021002800984741
:103E3C0055420000074BAA2212011A608D22520033
:103E4C00DA60054B054A1A60024B5B68002BFBDA03
:103E5C007047C046004002400060024000B0FA00CB
:103E6C0010B5040001E008CC9847024B9C42FAD3F1
:103E7C0010BDC046189E00207047000010B50248C7
:103E8C00FFF7EEFF10BDC046D89D002010B50248CC
:103E9C00FFF7E6FF10BDC0460C9E0020054B064AFE
:103EAC001A60064B064A1A60064B1A68044B934379
:103EBC00FAD1704700E00040BFCDFBFE00F000409F
:103ECC00FE7F3C0008C00040044BDB6C002B03D190
:103EDC00034B8022D2021A607047C046000011507A
:103EEC004C201150044B054A1A60054B1B68DB43F0
:103EFC00DB01FAD17047C04600F00040FFFFFF0124
:103F0C0008C00040034B40229A675A671A67DA666A
:103F1C007047C04600F0014010B5FEF7E1FC10BD43
:103F2C0010B50C4C0C4BE41AA4082200302C00D910
:103F3C00302292000948084901F074F804E0084A5C
:103F4C00064BA100CA5001342F2CF8D9034B054A5B
:103F5C00936010BDC0010010000100100000002093
:103F6C00C101001000ED00E070B50420FFF70CFE5D
:103F7C00064900F0A3F805000024002C00DD70BDFC
:103F8C00E0B22900FFF716FF0134F6E740420F00BC
:103F9C0030B583B0274B00229A67FFF74BFF264BB7
:103FAC0001221A60234B5B6C012BFBD1234B0322A8
:103FBC001A60204B9B6B012BFBD101330093043314
:103FCC001F4A01211F48FFF7E5FD052300931E4AF8
:103FDC0001211E48FFF7DEFD1D4B002202210420AB
:103FEC00FFF7C8FD1B4D2B00002201210520FFF718
:103FFC00C1FD194C2300002200210720FFF7BAFD58
:10400C002300002200210820FFF7B4FD8023DB00F1
:10401C0000932300002200210920FFF797FD2B00BD
:10402C00002200210620FFF7A5FDFFF79DFF03B03E
:10403C0030BDC046008000403CB0004030B0004075
:10404C00002F685900800240008C864700C0024057
:10405C00001BB70040597307006CDC0201480421B7
:10406C00014B184770970020F93B0020124A936FC0
:10407C009B0815D29066D166002905D0FFE7FFE7B3
:10408C00FFE7516F106F704704B580210906C21706
:10409C005140002800D0C84302F054FF002104BD59
:1040AC00F0B5146E556E576F166FFFF7E3FF14667D
:1040BC00556657671667F0BD000000D0114A936F24
:1040CC009B0813D210665166002905D0FFE7FFE765
:1040DC00FFE7516F106F704704B5002801D0002026
:1040EC00C04302F02FFF002104BDC046F0B5146E92
:1040FC00556E576F166FFFF7E5FF146655665767D9
:10410C001667F0BD000000D094464A4A926F9208A0
:10411C00624601D228E0C046F0B5464E346E756E4C
:10412C00776F366F00F020F89446424A1466556655
:10413C00576716676246F0BD94463E4A926F9208E6
:10414C00624601D254E0C046F0B53A4E346E756EFC
:10415C00776F366F00F04CF89446364A1466556605
:10416C00576716676246F0BD002B24DB11D000297F
:10417C003EDA00B5C943404200D1013100F038F8B5
:10418C00C943404200D10131DB43524200D10133DB
:10419C0000BD002AEBD1002801D1002905D0002058
:1041AC00C90FC90701D1C043410800B502F0CAFECE
:1041BC000022002300BD00B500290ADBDB4352427C
:1041CC0000D1013300F014F8C943404200D1013151
:1041DC0000BDC943404200D10131DB43524200D102
:1041EC00013300F005F8DB43524200D1013300BD2E
:1041FC00002923D1002B18D1002A0CD0BC460D4F1E
:10420C0038667A6600210023FFE7FFE7FFE77A6F45
:10421C00386F67467047002801D00748010000B589
:10422C0002F090FE0022002300BD02000B000020D3
:10423C0000217047000000D0FFFFFFFF002B00D0D3
:10424C00BFE0130C28D1002AE7D080B4114F396697
:10425C007A66FFE7FFE730B4040C7B6F396F1B0401
:10426C0023433B667A66FFE7FFE7FFE7C04684B26D
:10427C007B6F3D6F1B0423433B667A66FFE7FFE7CA
:10428C00C04600232C042D0C7A6F386F001969413D
:10429C00B0BC7047000000D0F0B594460025140E59
:1042AC0001D112020835140F01D112010435940FFB
:1042BC0001D192000235D40F01D152000135D40B3B
:1042CC000134254F7C66254C3C660E0C93B2FFE7FF
:1042DC00FFE7FFE73C6F6643360C7703BE4673433C
:1042EC00DF0B5B04C01AB941130C7343DB18C91AFA
:1042FC00CE086643360CB64493B273431F0F1B01B2
:10430C00C01AB941130C73431F0B1B05C01AB941DA
:10431C00860D8F023E436643360C092D24DB520A70
:10432C007243801A7703460A6643360C16235B1BCE
:10433C00DE40DF40BF1964466643821B704604357D
:10434C0006330100D940A840C01900D30131A24264
:10435C0006D20023F0BD0000000000D0FFFFFFFFDD
:10436C00121B0130F3D3F1E709277F1BFE40644693
:10437C00A2B27243801A00D20139220C7243130C80
:10438C001204821A99410B00704604351337010050
:10439C00F940A840801900D30131002B02D1A24270
:1043AC000AD2F0BD013000D30131121BFAD2013B0D
:1043BC00F8D1A24200D2F0BD013000D30131121B62
:1043CC00F7E7F0B51C0C00D080E00CB400251C0AFB
:1043DC0004D11B02160E3343120208351C0B04D1F8
:1043EC001B01160F3343120104359C0B04D19B00A7
:1043FC00960F334392000235DC0B02D192185B41CD
:10440C0001351C00971864410134464F7C66464CBC
:10441C003C660E0CFFE7FFE7FFE7C0463C6F6643C8
:10442C00360C7703BE4697B27743C01B00D20139D6
:10443C00C01B00D201399FB27743C91BC91B170C93
:10444C0077437E04FF0B801BB941CE086643360CC4
:10445C000C2D33DBB644120B1F053A431B0B97B2E2
:10446C007743C01B00D201399FB27743C91B170C8D
:10447C0077433E043F0C801BB941860D8F023E43AF
:10448C00664329277F1BFE400C3D7746AF40BF1982
:10449C0030BCA2B2ABB272437343801A9941220C66
:1044AC007243130C1204801A994102000B0001375D
:1044BC00001BA941F9D2781E0021F0BD0C277F1BEF
:1044CC00FE4077467F0BAF40FF19E0E700245D1CF0
:1044DC0007D0144F7D663966FFE7FFE7FFE7FFE77C
:1044EC003C6F95B29EB265436643401BB141150CBF
:1044FC001E0C6543664336042F0C3E432D04401BB3
:10450C00B141994204D202000B0020000021F0BD01
:10451C0001D19042F7D3801A994101349942F2D3D8
:10452C00F6E70000000000D0FFFFFFFF48404140CD
:10453C00484018B41B4B5B68FC46019308BD04DF74
:10454C003346002018B4174B1B68FC46019308BD7A
:10455C0000DF3D4600209446134A926F920809D220
:10456C00624618B40F4BDB68FC46019308BD0CDFA8
:10457C00F54800200C4AF0B5146E556E576F166F47
:10458C006246FFF7EEFF084A1466556657671667D2
:10459C00F0BD18B4034B9B68FC46019308BD08DFC3
:1045AC009947002040280120000000D0FFB5504062
:1045BC004240504059404B40594000E0FFB5154F28
:1045CC004C00640D03D0BC4204D10C0314D8002061
:1045DC00090D09055C00640D03D0BC4204D11C0319
:1045EC000AD800221B0D1B0501264B4009D44B4059
:1045FC0003D58B4200D18242FFBD9942FCD190423F
:10460C00FFBD0B43DB1803431343F5D0C9434918D3
:10461C00FFBD0000FF07000000B5FFF7CFFF804192
:10462C0000BDC04600B5FFF7C9FF01D9002000BD91
:10463C00012000BD00B5FFF7B9FF01D9002000BD76
:10464C00012000BD00B5FFF7B1FF804100BD012086
:10465C0040054A00121804D85A00121801D800203C
:10466C0070470120704700000021002805D17047D9
:10467C00C1174840401AFAD0C90713B5064B1B683E
:10468C0098470CBC441CA2401005120B0349091B93
:10469C0009051943114310BD402901201F040000D6
:1046AC0010B54C00620D8023D218DB00D21A5B05CA
:1046BC007E2A10DD9E3A13DACC17090349081943F8
:1046CC005242D140640001341532202A05DAD04020
:1046DC000843604310BD002010BD0846604310BD68
:1046EC00C80FC018013810BD18B4044B5B6AFC46E7
:1046FC00019308BD24DFA54A0020000040280120BA
:10470C0018B4044BDB6FFC46019308BD7CDF254BD2
:10471C00002000004028012070B513231C78012CC8
:10472C0012D0012C12DC214B214A93642148FFF753
:10473C0049FB214B186070BD1C491D4A98008150E3
:10474C0001331F2BF8D9ECE70023FAE71B48FFF7DE
:10475C0041FB05001A48FFF73DFB023803789B002C
:10476C007F2B09DD12488022290000F05BFC022C13
:10477C0008D0022CDADCD6E7124B134A134834214A
:10478C0001F0AEFD124B1A88B5231B029A4209D1D7
:10479C00104B1A88104B9A4204D1104B1A88104BAC
:1047AC009A42E6D00020FDF7EFFFC046F945002005
:1047BC00402801204C3300004029012053440000C4
:1047CC0053460000E08D00205C950020248E0020D4
:1047DC0054380000D8380000494600009C380000CE
:1047EC005946000007B56046002800D100BE01887C
:1047FC000A0A0230DF2AFAD1C9B2820804D302882D
:10480C0040880004104300E00068024A50500390B6
:10481C0007BD0000402801200FB403BC0CBCF0B550
:10482C000124E407634000E0F0B50C0DCF0F661EC9
:10483C003605891B640503D3C943404200D30131BB
:10484C00640D03D0661CF60A07D0E41B00207F0021
:10485C00791C89078912803C24031D0DDF0F6E1E05
:10486C0036059B1B6D0503D3DB43524200D301334A
:10487C006D0D03D06E1CF60A07D0ED1B00227F00D5
:10488C007B1C9B079B12803D2D032F1B661B58D452
:10489C00A446202E46DA20371400BC401D00BD4033
:1048AC00F24033412A4380185941CB0F05D0C943FC
:1048BC00C043002264425041514162464D0D28D103
:1048CC000D0D07D100281FD0241940414941013A50
:1048DC000D0DF9D0640006D3013000D30131002C4A
:1048EC0001D140084000013A0BD4941CE40A04D1D5
:1048FC0012051144DB071944F0BDD907204B1943AD
:10490C0000E0D9070020F0BD0029DDD1002CDBD15F
:10491C00F0BD0132C6074008CD0728434908002ED8
:10492C00E1D0D9E73C2E29DA203E40371400BC40B8
:10493C0000D00124F24014431A00BB401C43D3178F
:10494C00ACE7AC46202F08DA20360400B4400D004A
:10495C00B540F84039412843A5E73C2F0CDA203FFD
:10496C0040360400B44000D00124F8400443080051
:10497C00B1400C43C117EAE710001900002494E77A
:10498C000000F07FF0B50C0D661E3605891BE60A9B
:10499C006405640D02D0651CED0A04D000200121D1
:1049AC000905803C2403A4461C0D671E3F05DB1B38
:1049BC00E70A6405640D02D0651CED0A04D00022E0
:1049CC0001231B05803C24037740644497B484B2D4
:1049DC0096B27443070C7E43150C6F4380B2684348
:1049EC00361802D3012000043F183004350C00198E
:1049FC007D41844688B29AB250430C0C62431F0C22
:104A0C007C438EB27E43921902D301263604A4193C
:104A1C001604170C3618674101BC81B29AB2514387
:104A2C00040C62431B0C5C4380B25843121802D333
:104A3C000120000424181004130C401863412D1895
:104A4C005E410020474106BC88B293B258430C0C1F
:104A5C006343120C544389B251435B1802D30121B6
:104A6C000904641819041A0C091862416D1856418E
:104A7C000020474118BCF902720D1143F0026A0D77
:104A8C001043ED020A0D03D16D1940414941013B20
:104A9C00124E9B1B7600B3420ED26D0007D3013031
:104AAC00002671416646354301D1400840001B0584
:104ABC00C918E4072144F0BD0BDA013306D10130EB
:104ACC0004D101314F0D01D04908F2E7E107002074
:104ADC00F0BD013631050020EBE70000FF030000BC
:104AEC00F0B51C0D671E3F05DB1BE70A6405640D62
:104AFC0002D0661CF60A04D0002201231B05803C60
:104B0C002403D0252D060026F6432E661E096E665C
:104B1C00CE0FF619B44649004F0D02D07E1CF60A92
:104B2C0003D000200021403F3F033E1BB600B4449D
:104B3C00013F7F05C91B49082E6F013676089C0280
:104B4C00950D25437543ED137543AD1301356D106C
:104B5C00F603761B0CB4CC02450D2C43A2B2B3B2B7
:104B6C005A43270C7B43350C6F43A4B26C431B197F
:104B7C0002D3012424043F191C041D0CA4187D41EC
:104B8C0024196D41009A91B2ACB26143170C7C436D
:104B9C002B0C5F4392B25A43A41802D30122120485
:104BAC00BF182204230C52187B41019C6C431B1927
:104BBC00520ED9010A434401A01A81B2B2B2514338
:104BCC0003145A43360C734387B27743D617D21962
:104BDC0000277E4136049B191704160C7F185E4182
:104BEC007316ED18F301002680337541A90F06D119
:104BFC006400690AE8055B0A184309D22FE0042215
:104C0C00944480337541A90AA8059B0A184326D3FE
:104C1C00404149412404009A019B0D005543641BFB
:104C2C004343E41A95B286B27543170C7E43030CCA
:104C3C005F4392B25A43B61802D301221204BF1832
:104C4C003204330C52197B4152429C41002C02D449
:104C5C000022013051414008CA071043490802B0F4
:104C6C006246D7079210084BD218084B9A4203D2CF
:104C7C0012058918C919F0BD0020002A01DC390081
:104C8C00F0BD01331905F5E7FD030000FE07000038
:104C9C00002200B5203200F004F8080000BD00002E
:104CAC0000220B150AD410B5944600F05FF81414CA
:104CBC00013400DA0021CB17144C204700200021CE
:104CCC0070476244343A0CD40C2A07DA0400914041
:104CDC00904052422032D440214310BDD843D94396
:104CEC0010BD203207D40C46944052422032114160
:104CFC00D040204310BD0800C917203203D45242C3
:104D0C002032104110BD1800190010BDD74A0020E8
:104D1C004A00520D144BD21A13DDFF2A1EDAD205AB
:104D2C00CB0FDB071A43C300400F0903490A0843A2
:104D3C0010435B0001D301D0013070474308FBD214
:104D4C00704702D0C80FC00770470A031213013214
:104D5C00F8D1420F072AF5D1012200E0FF22C80F3B
:104D6C0000028018C0057047800300000A0DCC0FAC
:104D7C00531E1B05C91A520503D3C943404200D325
:104D8C000131520D03D0531CDB0A07D0121B00203B
:104D9C006400611C89078912803A1203014BD21AF4
:104DAC0070470000FF03000051434343C9188C4671
:104DBC00110C83B24B4310B4040C614392B280B219
:104DCC00504362431C041B0C001910BC59411304C2
:104DDC00120CC018514161447047000048404140DA
:104DEC00484000239C46114B5B68184700239C46A7
:104DFC000E4B1B6818470E4A936F9B0804D2002376
:104E0C009C460A4BDB681847F0B5146E556E576F0D
:104E1C00166FFFF7F4FF064A146655665767166758
:104E2C00F0BD00239C46014B9B6818474429012088
:104E3C00000000D0491A002808D10846704700002D
:104E4C00C10FC90700D54042002817D0F44603B45F
:104E5C000B4B1B68984706BC81409E384042803102
:104E6C0007D20B0607D04900490AC0051043084376
:104E7C0060470130F8E7490A8902F5E770470000FE
:104E8C004029012000239C46014B5B6A1847000017
:104E9C0044290120034BDB6FFC4618477CDFED4DAA
:104EAC00002000004429012070B513231C782A48E7
:104EBC00FEF790FF0500012C12D0012C0ADD2B000F
:104ECC00023B1B789B007F2B40DD2448802229006D
:104EDC0000F0A8F82248FEF775FF224B186070BD51
:104EEC001E485422290000F09DF81F4B1A881F4BB6
:104EFC009A421CD1A7239B011A881D4B9A4216D1AA
:104F0C001C4B1A881C4B9A4211D11C4B1A889423A7
:104F1C009B019A420BD11A4B1A881A4B9A4206D112
:104F2C00194B1A68194B9A4201D1152307E01848FE
:104F3C00FDF72AFC1749094A9800815001331F2BB1
:104F4C00F8D9144B054A1362D361B6E7124B134AD6
:104F5C001348432101F0C4F95346000044290120B1
:104F6C004C33000040290120EE290000C40F000042
:104F7C00C20D0000962B0000C0B50000182B0000DD
:104F8C00CC2A000010B50000FC2C000051ED876409
:104F9C009C800020B94D00207C8E00207095002054
:104FAC00B08E002007B56046002800D100BE0188F5
:104FBC000A0A0230DF2AFAD1C9B2820804D3028865
:104FCC0040880004104300E00068024A50500390EF
:104FDC0007BD000044290120C30FDB0741000A0E66
:104FEC0007D0FF2A08D00909054A89181943400738
:104FFC0070471900002070470249C918FAE70000F1
:10500C00000000380000F07F01480421014B1847D4
:10501C0080970020F93B0020014B1B6818470000CB
:10502C0080970020014B5B68184700008097002098
:10503C009A4200D288547047704710B5002802D0AD
:10504C000B684968984710BD0100002007E08300F9
:10505C001B185B00501C08601078C01830380A68A8
:10506C001378303BDBB2092BF1D97047F0B5D6463B
:10507C004F464646C0B505000E00100091461F0075
:10508C00099C0B9B0222110019408A461A4234D10A
:10509C00DB0716D50200B84637002E001FE0551C62
:1050AC00330041462020B84701342A000A9B9C4219
:1050BC00F5D33D0037004646099CB84637002E0014
:1050CC000DE00200B0463E002F000994EEE7013CD3
:1050DC00551C089B185D43463900B0472A00002C2C
:1050EC00F5D135003E0047465346002B16D1100033
:1050FC00E0BCBA46B146A846F0BD0200B84637003F
:10510C002E00ECE7541C330029002020B847220065
:10511C004B46D31A0A998B42F4D3E8E73B002F0095
:10512C0035001E00F4E7F0B5CE46474680B585B095
:10513C0006000F00904699460C9A0D9B0EA9097813
:10514C008C46109D119C129988071CD4002C0CD0F5
:10515C00C8070AD56046002802D10C30084204D09A
:10516C00013C02E03020D0540133AB4201D21F2B62
:10517C00F8D9C80707D5A34205D21F2B03D8302076
:10518C00D0540133F5E7C80612D5480505D4002BD9
:10519C0003D0AB4223D0A34221D00F98102831D09A
:1051AC000F98022838D01F2B0AD83020D054013346
:1051BC001F2B05D86046002834D02D20D054013345
:1051CC0003910294019300924B4642463900300001
:1051DC00FFF74CFF05B0C0BCB946B046F0BD581E39
:1051EC00012B17D00F9D102D0BD003000F981028FA
:1051FC00D6D18806D4D51F2BD2D85820D054013301
:10520C00D1E7023B8806F1D41F2BEFD87820D0547D
:10521C000133C8E70300C0E71F2BD1D86030D0544E
:10522C000133C0E7480703D52B20D0540133C7E71F
:10523C000807C5D52020D0540133C1E7F0B5DE46B0
:10524C0057464E464546E0B593B080468946924651
:10525C009B461CAB10CB1B7809931E9D002C03D1D5
:10526C001023219A9A4321928023DB00219E1E4019
:10527C00219A1A4218D0002C22D0002614E0219A30
:10528C0092061BD54121C918C9B20A39C9B2771C7B
:10529C000AAB995529002000FEF710FFAC4210D341
:1052AC001F2F0ED83E00040029002000FEF706FF39
:1052BC00CBB2092BE3D83033D9B2E8E76121E2E76E
:1052CC002700219B0693209B05931F9B049303951A
:1052DC00099B029301970AAB00935B4652464946E1
:1052EC004046FFF720FF13B0F0BCBB46B246A946C0
:1052FC00A046F0BDF0B5DE4657464E464546E0B5F5
:10530C0095B08346089109920A931E9B99461F9F5C
:10531C0020AB1B780B93229B9846239C4B463B431C
:10532C0003D11033269A9A4326928023DB00269DC4
:10533C001D40269A1A4208D04B463B4339D00025D3
:10534C004E4623002C001D001FE04E4623002C006F
:10535C001D001AE0269A920623D54122D218D2B209
:10536C000A3AD2B2631C9A460CAB1A5542462B0031
:10537C0030003900FEF7E0FEBD421CD813D0534676
:10538C001F2B14D8544606000F0042462B00300049
:10539C003900FEF7D1FED3B2092BDBD83033DAB2A9
:1053AC00E0E76122DAE7B045E9D9564604E0564613
:1053BC0002E0002600E05646269B0693259B0593AB
:1053CC00249B0493434603930B9B029301960CABD3
:1053DC0000930A9B099A08995846FFF7A4FE15B04A
:1053EC00F0BCBB46B246A946A046F0BDF0B5DE46C1
:1053FC0057464E464546E0B595B004008A4693465E
:10540C0099461E9E1F9F32003B0030003900FFF76B
:10541C001EF9002800D0FBE001225242D64B30008E
:10542C003900FFF70FF9002800D0F1E001225242B9
:10543C00D24B30003900FFF7EFF8002800D0E7E03E
:10544C000022002330003900FFF7E6F8002800D0D6
:10545C00F3E0069607978023DB00229A1A401192FC
:10546C00229A1A4201D1062320930698079902002A
:10547C000B000A920B9303000A00024300D1E8E0F0
:10548C00080D4005400DBE4DAC4660440500079824
:10549C000203120B00200021089009910893B94BCC
:1054AC00134309932800FFF7E3F8B74AB74BFFF70C
:1054BC0070F8B74AB74BFFF745F80A900B910022EA
:1054CC00B54B08980999FFF734F8B44AB44BFFF779
:1054DC0060F802000B000A980B99FFF733F8FFF7FE
:1054EC00DFF880460890FFF7C3F8AE4AAE4B0A903F
:1054FC000B91FFF74EF80022AC4BFFF723F8FFF7A8
:10550C00CFF80500AA4AAB4B0A980B99FFF741F864
:10551C000A900B912800FFF7ABF8A74AA74BFFF7AF
:10552C0038F802000B000A980B99FFF702F80200FA
:10553C000B000A900B91FFF72CF80E900F912B009B
:10554C009F4DAC466344002100220C910D921B052B
:10555C000D9300230C930A980B9902000B00FEF795
:10556C00F1FF129013910A9A0B9B00208021C90520
:10557C00FEF7DFFF0A900B910022924B0E980F99C9
:10558C00FEF7E9FF0022904BFEF7DCFF02000B0058
:10559C000E980F99FEF7DFFF00228C4BFEF7D2FF1F
:1055AC0002000B000E980F99FEF7D5FF02000B00BE
:1055BC000A980B99FEF7C6FF02000B00129813997C
:1055CC00FEF7C9FF00226F4BFEF7BCFF0C9A0D9B38
:1055DC00FEF7DFFF02000B000A920B93069A079B63
:1055EC000C900D91FFF72EF800280AD04346013B92
:1055FC0008930022744B0C980D99FEF7ACFF0A909F
:10560C000B91089B6333C62B49D804231D0024E05F
:10561C00229B0493219B0393209B0293009601975A
:10562C004B465A465146200000F004F915B0F0BC28
:10563C00BB46B246A946A046F0BD00210022069109
:10564C000792069680231B069C46BC446346079330
:10565C0001E70023089304331D00229B1B052BD567
:10566C000A9A0B9B1900114311D0594A594B0698B1
:10567C000799FEF7DFFF002800D1B1E00022564B5E
:10568C0006980799FEF7C8FF002800D1A8E0209AD9
:10569C00089B9A4206DDD31A013B209304E00523B4
:1056AC001D00DAE7002320938023DB00229A1A43A3
:1056BC00229200231D000893219A954200D39BE06F
:1056CC00531B98460223229A1A400C92229A134298
:1056DC0003D0002D01D000239846089B002B07D047
:1056EC000A9A0B9B06980799FEF735FF06900791CF
:1056FC000022002330003900FEF78EFF002800D076
:10570C007DE0364B229A1340049343460393209B2F
:10571C000293069A079B009201934B465A465146B8
:10572C00200000F087F8002D00D17FE7229B9B061C
:10573C0071D54527461C4B46020051463800A04700
:10574C000898C317C2185A4005230593013D0495C8
:10575C00002303930A330293C30F019300924B4629
:10576C00320051462000FFF769FD0C9B002B00D145
:10577C005CE70200219F56E0FFFFEF7FFFFFEFFF8A
:10578C0001FCFFFF0000F03FFB799F501344D33F17
:10579C00B3C8608B288AC63F0000F83F61436F6333
:1057AC00A787D23F71A379094F930A400000E03FCD
:1057BC001655B5BBB16B0240EF39FAFE422EE63FEF
:1057CC00FF03000000002C400000244000001840A3
:1057DC002D431CEBE2361A3F80842E41FFF7FFFF6E
:1057EC00209B002B00D167E7119B002B00D163E7B6
:1057FC00209B013B20935FE70023984662E7069EBF
:10580C00079F3200390080200006844661440B005B
:10581C000692079375E765278CE7561C4B46514655
:10582C002020A04732005B46D31ABB42F5D31000B0
:10583C00FCE6C046F0B5DE4657464E464546E0B55A
:10584C0095B081468A4693460A93209F1E9A1F9BC9
:10585C0010001900FEF7FBFE002831D10122524244
:10586C00BA4B1E981F99FEF7D7FE002837D101229C
:10587C005242B74B1E981F99FEF7E4FE00283DD10B
:10588C000022B44B1E981F99FEF7DCFE00284AD16B
:10589C000022B14B1E981F99FEF7BEFE002842D184
:1058AC00002200231E981F99FEF7B6FE00284AD14D
:1058BC0000230B93229B5B0500D4AFE0002452E045
:1058CC00229B0393219B029303230193A34B0093ED
:1058DC000A9B5A4651464846FFF7C8FB1FE1229BDC
:1058EC000393219B0293042301939D4B00930A9BEA
:1058FC005A4651464846FFF7B9FB10E1229B5B071D
:10590C000ED5984B04222299039121990291019270
:10591C0000930A9B5A4651464846FFF7A7FBFEE008
:10592C00914B0322EFE7229B0493219B0393029755
:10593C001E9B1F9C009301940A9B5A465146484655
:10594C00FFF754FDEBE01E9A1F9B00200021FEF791
:10595C00F0FD1E901F9101230B93ABE70CAB302293
:10596C001A55013F01341F2C01D8092FF6D81E9867
:10597C001F99FEF795FE0500FEF77AFE02000B005C
:10598C001E981F99FEF7D5FD784BFA009B180CCB8F
:10599C0008920993FEF7FDFD06900791FEF7A4FE11
:1059AC000600FEF761FE02000B0006980799FEF751
:1059BC00C0FD0690079100226D4BFEF743FE0028B8
:1059CC002ED001363000FEF74FFE02000B00089877
:1059DC000999FEF727FE002801D001350026002F7B
:1059EC002CD12800FEF744FE02000B001E981F99D4
:1059FC00FEF79FFD06000F0000225D4BFEF70CFE2C
:105A0C00002846D100225A4B30003900FEF71AFE0E
:105A1C0000283ED1EB073CD501353AE006274DE78F
:105A2C000022534B06980799FEF7F6FD0028D6D1B5
:105A3C00002E01D0F307D2D50136D0E7A8461F2C93
:105A4C0011D8013F0A213000FEF738FB651C3031BC
:105A5C000CAB19550A213000FEF730FB092E0ED97C
:105A6C0006002C00EBE745461F2C0CD87B1E002FA4
:105A7C0009D00CAA302111551F000134F4E72B007A
:105A8C0045461C00F0E71F2C03D80CAB2E221A55F0
:105A9C0001341F2C10D80A212800FEF7E7FA661CE7
:105AAC0030310CAB19550A212800FEF7DFFA051E20
:105ABC0001D03400EDE73400229B9B0719D4229BC4
:105ACC00DB0716D5219B002B0ED00B9B002B03D193
:105ADC000C33229A134207D0219B013B219303E004
:105AEC000CAB30221A550134219B9C4201D21F2C45
:105AFC00F6D91F2C06D80B9B002B17D00CAB2D22E4
:105B0C001A550134229B0393219B029301940CABF5
:105B1C0000930A9B5A4651464846FFF7A7FA15B020
:105B2C00F0BCBB46B246A946A046F0BD229B5B0723
:105B3C0004D50CAB2B221A550134E3E7229B1B072F
:105B4C00E0D50CAB20221A550134DBE7FFFFEFFF49
:105B5C00FFFFEF7F65CDCD4165CDCDC17C8F0020A2
:105B6C00808F0020708F0020788F0020F09500200F
:105B7C000000E03FF0B5DE4657464E464546E0B5E0
:105B8C0093B083468A4690461193002900D11AE3BC
:105B9C0000255E46119B1878002800D116E32528B5
:105BAC0009D06C1C43462A005146B047119B013367
:105BBC0011932500EEE701331193002712E0202A00
:105BCC0025D0232A05D11022174301331193012428
:105BDC0006E0002404E00222174301331193012450
:105BEC00002C1CD0119B1A782B2A0AD0E7D92D2A0D
:105BFC00F1D0302A11D12F3A1743013311930124DC
:105C0C00EEE704221743013311930124E8E708223D
:105C1C001743013311930124E2E70024E0E7119BC1
:105C2C001A781300303BDBB2092B15D92A2A18D06D
:105C3C000B94119B1A782E2A23D0119B1A786C2A5C
:105C4C0047D03CD9742A62D07A2A65D1802252007E
:105C5C001743013311935FE011A8FFF7F5F90B908F
:105C6C00E7E71C9B1A1D1C921B68002B04DB0B9393
:105C7C00119B01331193DCE7022217435B420B9318
:105C8C00F6E78022D20017435A1C11925A7813005F
:105C9C00303BDBB2092B0BD92A2ACED11C9B1A1D07
:105CAC001C921C68002C08DB119B01331193C4E778
:105CBC0011A8FFF7C9F90400BFE70024F4E7682A2C
:105CCC0017D06A2A28D180229200174301331193EE
:105CDC0022E0802252003A43591C119159786C29C8
:105CEC0001D0170018E0C022920017430233119321
:105CFC0012E080223A43591C11915978682901D03D
:105D0C00170009E0C02217430233119304E08022EC
:105D1C005200174301331193119B1878652840D01A
:105D2C0077D8462800D18BE01BD9632831D10223C8
:105D3C001A003A4091463B4200D1B0E101241C9B31
:105D4C001A1D1C926F1C187843462A005146B04706
:105D5C004B46002B00D0A6E1119B013311933D0063
:105D6C0018E7252809D16C1C43462A005146B04738
:105D7C00119B0133119325000CE7452811D06C1CA5
:105D8C0043462A005146B047119B0133119325001D
:105D9C0000E763282BD858282BD0622829D0472815
:105DAC00EDD1672801D0472802D180231B011F4366
:105DBC00452801D0472801D120231F431C9B0733C2
:105DCC00072293431A0008321C9204970B9A0392F1
:105DDC0002940CCB0092019343462A0051463000AA
:105DEC00FFF704FB0500119B01331193D2E66428E5
:105DFC00C5D178284DD0582800D17CE06F2800D12F
:105E0C007CE0622800D17CE010239F43063B9C463B
:105E1C0041E0702800D1BCE10DD9732831D11C9B15
:105E2C001A1D1C921B689B46002C00D06EE10122AF
:105E3C0052425B464AE16728B3D01DD866289ED1F2
:105E4C00462800D11CE11C9B0733072293431A0000
:105E5C0008321C9204970B9A039202940CCB00927A
:105E6C00019343462A0051463000FFF7E3FC05003E
:105E7C00119B013311938DE66928BAD06F28B8D0E5
:105E8C007DE7732800D27AE77528B2D07828B0D095
:105E9C0075E710239C46582836D0692803D064280F
:105EAC0001D00C2297437A0501D50122974369282A
:105EBC002DD064282BD0BA0500D5A3E0FA0500D567
:105ECC00BBE07A0600D4CDE01C9A111D1C91116820
:105EDC00FF220A4005970B9B04930394634602939D
:105EEC0000230193009243462A0051463000FFF7ED
:105EFC00A5F905002AE010239C46CCE708239C4614
:105F0C00C9E702239C46C6E720221743C5E7BA051A
:105F1C0020D4FA0551D47A0667D51C9A111D1C9110
:105F2C001168FF220A40D0171118414005970B9BAE
:105F3C000493039463460293D20F0192009143465B
:105F4C002A0051463000FFF779F90500119B013307
:105F5C0011931FE61C9A073207218A43110008315E
:105F6C001C91116853689946DB170C930D930C9A8E
:105F7C000D9B100048400E900D9B49464B400F93D3
:105F8C000E980F990C9A0D9B801A99410E900F91B7
:105F9C0008970B9B07930694634604930023059381
:105FAC004B46DA0F02920090019143462A0051466B
:105FBC003000FFF79FF90500C8E71C9A111D1C91D2
:105FCC001268D0171118414005970B9B049303944A
:105FDC0063460293D20F0192009143462A00514628
:105FEC003000FFF72BF90500B0E73A0605D51C9AEF
:105FFC00111D1C910023D25E95E71C9A111D1C915A
:10600C00126890E71C9A073207218A431100083165
:10601C001C9108970B9B07930694634604930023EB
:10602C00059302930CCA0092019343462A005146F1
:10603C003000FFF75FF9050088E71C9A111D1C91D1
:10604C0005970B9B049303946346029300230193DF
:10605C001368009343462A0051463000FFF7EEF8D0
:10606C00050073E73A0606D51C9A111D1C9112689F
:10607C001204120C2EE71C9A111D1C91126829E7B0
:10608C0020231F43DFE6571C434651462020B047D0
:10609C0023003A005C1C9D42F5D815004FE6012305
:1060AC002A000B9DF6E73A00B1460B9E06E0571C02
:1060BC00434651462020C8472C003A00651CA64296
:1060CC00F5D817004E4647E601330A001978002927
:1060DC0002D0511E002AF7D15A469B1A8022D200B8
:1060EC00390011408946174202D0A34200D923003F
:1060FC0002221100394010913A4209D02A002500A1
:10610C005F469B4633004E46994621E0220090E6BE
:10611C002A005546A24606E0541C4346290020207E
:10612C00B0473B0022005F1C0B999942F4D85446AF
:10613C00AA463B0025005F469B4633004E469946D7
:10614C0006E01D000137541C43465146C847220047
:10615C003878002804D0002EF4D06B1E002DF0D11E
:10616C0015005B464E46109A002A03D1119B013351
:10617C0011930FE52A000B9F06E0551C4346514630
:10618C002020B04723002A005C1C9F42F5D8150044
:10619C00ECE721233B431C9A111D1C9112680593BB
:1061AC000823049303940833029300230193009271
:1061BC0043462A0051463000FFF740F80500119B7A
:1061CC0001331193E6E40B4B9B46E1E4B3464545A2
:1061DC000DD343465A1E434651460020D84728004B
:1061EC0013B0F0BCBB46B246A946A046F0BD2A008F
:1061FC00F1E7C0464D4E00200EB400B584B001004E
:10620C0005AA08CA039201208446054800926246FA
:10621C005242FFF7AFFC04B008BC03B01847C046AD
:10622C00454E002000B585B08C4602A90290604610
:10623C004860012084460448009313006246524291
:10624C00FFF798FC05B000BD4F4E002000BEFDE7E7
:10625C007047000003000A4A1268002A08D0084A56
:10626C001068C318074A9A4206D3054A1360704750
:10627C00034A05491160F2E701204042F7E7C046A6
:10628C00BCB2002000000420602C012010B50300DB
:10629C0008001100002B04D1034B0CCB00F030F99B
:1062AC0010BD01204042FBE74895002010B50300CB
:1062BC0008001400013B012B06D801230022210009
:1062CC0000F0D4F8200010BD01204042FBE7012073
:1062DC004042704701204042704710B5FFF7B6FFAF
:1062EC0010B582B084460C001900002A0AD0074B66
:1062FC000748019200932300624600F095F90120B3
:10630C00FFF7A4FF034B1A00F2E7C046888F00206A
:10631C00988F00209C80002010B5EFF30583002B94
:10632C0000D000BEFDF7AAFD034C01E008CC984755
:10633C00024B9C42FAD310BD189E0020189E0020E0
:10634C0010B50300080011001B68984710BD000031
:10635C00F8B507000D001600437D002B02D0002479
:10636C0000200CE003681100280098472BE03B7DCF
:10637C000FE03B68144802219847601C0134B4427A
:10638C0013DA002CF3DD631EEB5C0D3B5A425341D8
:10639C00DBB22A5D0A2AF1D1002BEFD1A042E8DA58
:1063AC003B68211A28189847E3E7B04203DA3B68A8
:1063BC00311A28189847002E05DD013EAB5D0D3BC8
:1063CC005A4253413B75F8BD4096002070B505000C
:1063DC000368002B16D00C4B1C6805E0290004C97F
:1063EC002000FFF7B5FF2469002C09D02368002B8F
:1063FC00F9D0064B1B68002BF0D0A342F3D1EDE78C
:10640C0000232B6070BDC0466CB20020B4B20020DB
:10641C0010B50B685A1C0A60CB181871802A00D072
:10642C0010BD0800FFF7D2FFFAE7000010B5FDF72A
:10643C0031FA074A002312184B41002B03DB0548A5
:10644C0001F0D8FA10BD01225242034BF7E7C046C7
:10645C0040420F00D09D0020FFFFFF7F10B5024887
:10646C0001F0E2FA10BDC046D09D0020F0B5CE463A
:10647C00474680B583B080460D0016001C00FFF720
:10648C00D5FF81466B1C05D0002C08D0184F194B3A
:10649C001C6807E0404601F06DF80500F4E7164F64
:1064AC00F5E72469002C16D02368002BF9D0134B88
:1064BC001B68002B01D0A342F3D12A0041462000D7
:1064CC00B847002EEDD06B46D91D0A230B70012264
:1064DC002000B847E5E74B46002B05D1280003B058
:1064EC00C0BCB946B046F0BDFFF7B8FFF6E7C046F2
:1064FC00656100206CB2002055610020B4B2002010
:10650C00F0B583B006000D0001921F00154B1C68FE
:10651C0008E0A368002B04D029003000984700281D
:10652C001EDC2469002C06D00F4B1B68002BF0D00E
:10653C00A342F6D1EDE70D4B5B6A9F4209D80B499C
:10654C00896A0198814209D29F4202D002204042BE
:10655C0006E001200021FDF7A5F9D7E70220404213
:10656C0003B0F0BD6CB20020B4B200200040054076
:10657C000A4A136802E01A0010321B69002B09D07A
:10658C0013688342F7D1002907D1036913600023F4
:10659C00036102E0002900D0106070476CB200204B
:1065AC0010B5064B1C6800E02469002C04D063680D
:1065BC00002BF9D09847F7E710BDC0466CB200200D
:1065CC0010B500F045F9012010BD70B5050000F0C4
:1065DC00D1FF04000123012201002800FFF746FF30
:1065EC00FFF7DEFF200070BDF0B5A3B007000E0072
:1065FC00FFF71CFF050001AC002301930948330091
:10660C003A002100FFF70EFE06002000FFF7DEFE29
:10661C00FFF7C6FF002D02D1300023B0F0BDFFF70D
:10662C001DFFF9E7256200200FB400B583B004A963
:10663C0001C90191FFF7D8FF03B008BC04B018479B
:10664C0082B08C46144BC3185A425341134A5B0018
:10665C009B5E8B4205D06B46DA1D6346137000219E
:10666C0015E06B46DA1D0D23137000210029F2D1C1
:10667C0083699B06FCD41378036001310132F5E782
:10668C0083699B06FCD41378036001310132002925
:10669C00F6D002B07047C0460080FCBF482C0120E9
:1066AC0082B000226B46D91D06E08369DB06FCD460
:1066BC0003680B7001320131002AF6D06B46D87991
:1066CC0002B0704770B506000D00002405E0315D86
:1066DC00034B1868FFF7B4FF0134AC42F7DB70BD15
:1066EC004C2C0120F8B506000D00002705E07C1CA1
:1066FC00F719FFF7D5FF38702700AF4204DA0D4ABF
:10670C0010688269D206F2D50B4A1268002A0AD0A8
:10671C00084A126850219163506B18390140074B9D
:10672C009C4662441160002F01D03800F8BD033F35
:10673C00FBE7C0464C2C012030B200203410000086
:10674C0010B5064B1B68002B06D0054A12680021B9
:10675C009163044A1068984710BDC04630B20020BF
:10676C004C2C012034B20020024B1A6893691B0791
:10677C00FCD470474C2C012070B51E4B1B681E4A74
:10678C00934208D01422150000281FD01B4B1B6805
:10679C00002B03D070BD15221500F5E7174B1860C0
:1067AC00174B196017492800FCF766F901212800DE
:1067BC00FCF742F90F4B1B6850229A63596B183A3D
:1067CC000A4011498C4663441A60E3E70B4A12688D
:1067DC00002ADFD000249C6300212800FCF72CF950
:1067EC0008492800FCF780FA044B1C60044B1C6021
:1067FC00D0E7C0464C2C01200080034030B2002072
:10680C0034B20020556500203410000070B50C0027
:10681C001D000D4B1860002A0BDA002D0EDA0A4B06
:10682C0018682100FDF700F908480121FFF7A0FEC8
:10683C0070BD02211000FBF7FBFEEEE702212800E1
:10684C00FBF7F6FEEBE7C0464C2C0120909700209E
:10685C0010B5074B1B78074B1B78074B1B78E121B6
:10686C000523042209030548FFF7D0FF10BDC046DD
:10687C00B8020010B4020010B002001000800340F7
:10688C00014B00225A60704710A1002003BD10B5C7
:10689C000400FDF7FBFAA04710BDD0231B061B6DAF
:1068AC009B07FAD5D0231B06586540BF704700E004
:1068BC0020BFD0231B061B6DDB07F9D5D0231B068D
:1068CC00986D704710B5134B802252021A60124B10
:1068DC001B68DB03FBD50F20FCF794F804000021A8
:1068EC000F20FCF7A9F80D4B00225A700C4B80229C
:1068FC0052021A60FFF7DBFF002804D121000F20A1
:10690C00FCF79AF810BD074B074A08489221FFF78D
:10691C00E7FCC046042001400400014068B200209E
:10692C00043001406C900020849600201C900020C4
:10693C00F0B587B004000D0016000F20FCF762F8CC
:10694C00070000210F20FCF777F80022009201923B
:10695C0001320292039604950594124B5A7000254D
:10696C000CE0D0231B069B6DD0231B061B6DDB0795
:10697C00F7D440BF07E00135052D0DD8AB006A46B2
:10698C009C58002CF0D02000FFF787FFFFF78FFFFB
:10699C008442F0D00025EFE739000F20FCF74CF8CB
:1069AC0007B0F0BD68B2002010B58446080093070C
:1069BC0015D103239A438B1819000C390B4A926892
:1069CC0064460C6008246442A4469C4464462060DF
:1069DC000748043B18600748FFF7AAFF10BD064B99
:1069EC00064A07489A21FFF77BFCC04600ED00E001
:1069FC00A3660020A16600207890002060960020FD
:106A0C001C90002010B5064B064A934205D3190082
:106A1C0080221201FFF7C8FF10BD01214942F7E7A0
:106A2C00000804200000042010B5040010220021EE
:106A3C00FEF7F2FA80235B022360F8235B026360AB
:106A4C008023DB02A360C0231B03A360200010BDC6
:106A5C000120704770B506000C0015008B79002BD7
:106A6C001DD1FFF7F5FF00281CD00523E356002BA2
:106A7C0001DBAB4219D130000D4B9C466044000D3C
:106A8C000C4B8000C258217901238B40013BAB4059
:106A9C001A4201D1002070BD09204042FBE71420AE
:106AAC004042F8E70B204042F5E70B204042F2E76A
:106ABC000000E0AF18A1002070B505000C00160016
:106ACC00FFF7C8FF002822D1002205E0991993197D
:106ADC0012339B00595101322379934208D9216812
:106AEC005300CB5A802189018B42EFD31900EEE77A
:106AFC0001229A401300013B054A944665442D0D32
:106B0C00044AAD00A958B3400B43AB50300070BDE4
:106B1C000000E0AF18A1002010B50A000C79202C61
:106B2C0019D8184B9C466044000D174B8000C15877
:106B3C000123A340013B527952B2002A11DB2020E1
:106B4C00001BD4B2844219D810009340194201D0D2
:106B5C000120404210BD0D4B0D4A0E484321FFF75A
:106B6C00BFFB2020001B002805DB1A0082401142CD
:106B7C00F0D00138F7E709204042EBE70120404212
:106B8C00E8E7C0460000E0AF18A100209490002078
:106B9C009C960020C090002010B5054B9C4660448C
:106BAC00000D800041180348FBF76AFE10BDC0467B
:106BBC000000E0AF3CB2002010B582B0094BC41805
:106BCC00240DA400E31C0848084A00922200FBF79D
:106BDC002FFE844202DC001B02B010BD012040429B
:106BEC00FAE7C0460000E0AF3CB20020089100205C
:106BFC0010B5054B9C466044000D800041180348BD
:106C0C00FBF7F0FD10BDC0460000E0AF3CB2002029
:106C1C00F8B505000E00FBF7CFFD0700310028008A
:106C2C00FFF77AFF041E04DA3800FBF7D1FD2000D1
:106C3C00F8BD020031002800FFF73EFF0400F3E727
:106C4C0010B50400FBF7B8FD0A4BE3181B0D0A4AFC
:106C5C009B0000219950002306E01F2119401A00C7
:106C6C0012329200115101331F2BF6D9FBF7B0FDF4
:106C7C0010BDC0460000E0AF18A10020F0B5CE4614
:106C8C00474680B505000C00190007AB18781F2A81
:106C9C004AD863001E19F600AE193700DC373F687E
:106CAC00B846CC363668B4461B19DB00C833EB1833
:106CBC001F4EB1464B448026B6021E60002831D1CF
:106CCC00002612E05301A0204005184363001B1955
:106CDC00DB00EB181F00DC37386016483043D83324
:106CEC001860053905321F231A400529EAD8890690
:106CFC005201114362001319DB00EB181800DC3051
:106D0C0001600C493143D8331960434603601219B2
:106D1C00D200AD18CC3563462B600020C0BCB94600
:106D2C00B046F0BD1F26E0E705204042F6E7C0461E
:106D3C000430000080E00000F0B585B004000D00C8
:106D4C00170002680121A9408A430260002B36D04B
:106D5C0018686A005219D200A2181100C8310860D4
:106D6C00986808310860586804390860DB68DC32C0
:106D7C0013606A005319DB00D033E31880214901FA
:106D8C008C4663448021090619601960164BAB4090
:106D9C00A360291D012318008840802189016118F6
:106DAC0008602800083083400B601F233B405219B9
:106DBC00D200A418D8342360002005B0F0BD68467A
:106DCC00FFF732FE00996B005B19DB00E3181A0029
:106DDC00C83211600299083211600199043A1160AD
:106DEC00039ADC331A60C4E701010101074B984296
:106DFC000AD0102301229A40054B1A60054B1B68E0
:106E0C0011009943FAD170471123F3E700000440B5
:106E1C0000F0004008C00040F8B5DE4657464E462C
:106E2C004546E0B581460E000620FCF7ADFE8046D7
:106E3C004B465A6802231A4092464A4604329346FD
:106E4C00224A4A441360022400E00234FE2C1AD871
:106E5C0000252002320000230021FDF7A5FF0029A8
:106E6C0003D1A942F1D14045EFD980277F00012FF2
:106E7C000CD97D1E210069434046FDF71FF9B04235
:106E8C0004D82F00F3E780277F00F0E74B461C6106
:106E9C007A1E12021B685A40FF231B021A408023E1
:106EAC005B014B441A605B4680229201944663441A
:106EBC0052461A60390061434046FDF7FFF8F0BCBA
:106ECC00BB46B246A946A046F8BDC04604300000F9
:106EDC0070B504000D00164B984226D010220123E9
:106EEC009340144A13602000FFF780FF2900200014
:106EFC00FFF792FF626802231A400F4961180B607A
:106F0C00216807254D40CF21294080256D01AC46D5
:106F1C00A44465462960094961180A60084A9446E8
:106F2C006444032222600B6070BD1122D7E7C04677
:106F3C000000044000E00040043000000420000089
:106F4C00242000007047C04610B5024800F000FB3A
:106F5C0010BDC046A09F002010B5024800F0FAFA00
:106F6C0010BDC046A09F0020F0B5C64600B50C224F
:106F7C008B5E80460C001A0754D48021626809018C
:106F8C001943A181002A00DC6DE0A56A002D45D0D3
:106F9C0042464046166800220260DB0468D4002298
:106FAC000123E169A8470200431C00D16DE00C23CA
:106FBC00E15EA56A490706D56368D21A236B002BDC
:106FCC0001D0E36BD21A0023E1694046A8470C2399
:106FDC00E15E431C4ED143461A681D2A61D8324BE0
:106FEC00D340DB075DD5314B0B40A381002363609D
:106FFC0023692360C90403D543461B68002B42D088
:10700C004346216B1E60002908D02300403399426F
:10701C0002D0404600F036FB00232363002080BCE6
:10702C00B846F0BD0E69002EF8D00D680022AD1BDD
:10703C000E609B0700D14A69A260002D04DCEDE7CD
:10704C0036182D1A002DE9DD2B0032004046E1697F
:10705C00676AB8470028F3DC4022A3891343012058
:10706C00A3814042DBE7E26B002A00DD8DE7D5E728
:10707C00226D9FE70D4B0B40A381002363602369B6
:10708C002360C904BCD52065BAE743461B68002BB6
:10709C0000D18CE71D2B01D0162BDDD143461E6091
:1070AC00BCE740230B43DAE701004020FFF7FFFF6A
:1070BC0070B505000C00002802D0436B002B27D0C4
:1070CC000C22A35E002B11D0626ED20701D49B055B
:1070DC000ED528002100FFF747FF636E0500DB0784
:1070EC0002D4A3899B050FD5280070BD0025FBE7B2
:1070FC00A06D00F02DFA28002100FFF735FF636E1C
:10710C000500DB07F0D4ECE7A06D00F023FAEBE709
:10711C0000F0F4F8D4E7C04670B5041E2AD0194B21
:10712C001D68002D02D06B6B002B17D00C22A35EB8
:10713C00002B11D0626ED20701D49B0512D528000A
:10714C002100FFF711FF636E0500DB0702D4A38952
:10715C009B050BD5280070BD0025FBE7280000F02F
:10716C00CDF8E3E7A06D00F0F3F9E8E7A06D00F0CF
:10717C00F1F9EFE7044A0549054800F0EBF8050082
:10718C00E8E7C046C49B0020B89B0020C56E0020D9
:10719C00C89B002010B5034A0349044800F0DAF8F4
:1071AC0010BDC046B89B00206D760020C89B002007
:1071BC0041680B4B10B50400994201D000F04CFB18
:1071CC00A168084B994202D0200000F045FBE16811
:1071DC00054B994202D0200000F03EFB10BDC0468A
:1071EC00D49F00203CA00020A4A00020F0B53A4C75
:1071FC003A4B3B4A200083B000251A600423082236
:10720C0000215C30E36025606560A56065662561E2
:10721C006561A561FDF700FF2000324F324E334B04
:10722C00334958300093236201916162E461A76293
:10723C00E66200F089F9CC23E5502E4B2000636701
:10724C00802308220021C430E550A566E566256739
:10725C00A567E567FDF7E0FE220084232000683275
:10726C00E250009A01990433E2500433E1500433A4
:10727C00E750C0300433E65000F066F9D02320000C
:10728C00E5500433E5500433E5501B4A5C33E550BC
:10729C00583BE2500433E5502D300433E5500822BE
:1072AC0004330021FF30E550FDF7B6FE2000EC233F
:1072BC00D030E0502000009A01990433E25004339E
:1072CC00E15029300433E750FF300433E65000F02E
:1072DC003BF903B0F0BDC046D49F00200CA10020A8
:1072EC00A96F00201572002041720020AD710020A2
:1072FC00D5710020090001001200020070B50500D4
:10730C00094C200000F024F96B6B002B05D1074BC6
:10731C006B63074B1B68002B03D0200000F01AF99D
:10732C0070BDFFF763FFF8E7A49F0020C56F002036
:10733C000CA1002010B5024800F00AF910BDC0469F
:10734C00A49F002010B5024800F004F910BDC046FF
:10735C00A49F0020F8B54746CE46884680B58146A6
:10736C00170000267D68013D0ED4BC68A389012B53
:10737C0007D90E22A35E013303D021004846C04733
:10738C0006436834013DF1D23F68002FEAD130004A
:10739C00C0BCB946B046F8BD70B50C000E25495FAF
:1073AC0000F092F8002803DB236D1B18236570BDD9
:1073BC00A389024A1340A381F9E7C046FFEFFFFF00
:1073CC00F8B516001F000C228B5E05000C00DA05C8
:1073DC000AD40A4A28001340A38132000E23E15E2E
:1073EC003B0000F097F8F8BD00220E23C95E022383
:1073FC0000F056F80C22A35EEBE7C046FFEFFFFF50
:10740C0070B50C000E25495F00F04AF80C22A35E03
:10741C00421C05D08022520113432065A38170BD0C
:10742C00014A1340FAE7C046FFEFFFFF10B50E23E9
:10743C00C95E00F023F810BD30B50400032A18D93A
:10744C000B0003439B070BD00023013A02E09A4246
:10745C0011D00133E05CCD5CA842F8D0401B0BE0AE
:10746C0020680B689842EFD1043A04340431032AA3
:10747C00F6D8002AE8D1002030BDC046002370B5F4
:10748C00064C050008002360FEF721FF431C00D0CA
:10749C0070BD2368002BFBD02B60F9E770B2002085
:1074AC0070B50500080011000022064C22601A007D
:1074BC00FEF710FF431C00D070BD2368002BFBD0DF
:1074CC002B60F9E770B2002070B5050008001100C0
:1074DC000022064C22601A00FEF7D8FE431C00D096
:1074EC0070BD2368002BFBD02B60F9E770B2002035
:1074FC00002370B5064C050008002360FEF7AAFEB9
:10750C00431C00D070BD2368002BFBD02B60F9E727
:10751C0070B2002070B50500080011000022064C66
:10752C0022601A00FEF7C2FE431C00D070BD236817
:10753C00002BFBD02B60F9E770B20020014B1868D0
:10754C007047C046C49B00207047C0467047C04679
:10755C007047C0467047C046802310B55B010828B1
:10756C0001D1180010BDFFF7E9FF16230360173B8C
:10757C00F7E7C046030084469B070BD003000321AA
:10758C0002E001330B4206D01A78002AF9D1624688
:10759C00981A7047030019680C4A0D488A188A43D8
:1075AC0002420FD15968094A04338A188A430242AD
:1075BC0008D15968054A04338A188A430242F1D02B
:1075CC0000E001331A78002AFBD1E0E7FFFEFEFE53
:1075DC0080808080F0B5C646050000B58046082046
:1075EC000C00FFF7B9FF06002800FFF7ADFC224F97
:1075FC003100BB685D6803239D4328001138001BD4
:10760C008019FCF75BFD441E7443A64207DC002185
:10761C004046FFF76DFFBB685B19984206D04046A9
:10762C00FFF79AFC002080BCB846F0BD4046614292
:10763C00FFF75EFF01300DD001222D1BBB681543F7
:10764C000E4A5D60136840461B1B1360FFF784FCF9
:10765C000120E8E700214046FFF74AFFBA68831A89
:10766C000F2BDCDD064C05492468001B086001214A
:10767C000B435360D3E7C046B0970020A89F00206F
:10768C00A8970020F0B5C6460C00804600B500292E
:10769C0040D0FFF759FC210008394E680125330012
:1076AC000320AB43CA1894465268824328003040EA
:1076BC00070064488468644500D171E064466260E8
:1076CC00A41864682C40002F27D10E685E4F891BCC
:1076DC009B198E68BE4256D0CF68F760BE60002CF6
:1076EC001DD062461D434D60136080229200934270
:1076FC002DD2DA085C090123A3404468234343607C
:10770C00D3001B189A68CB608A609960D1604046A0
:10771C00FFF722FC80BCB846F0BD002C0FD19B18A3
:10772C00624601249268484D1C43CE18AA4259D097
:10773C006546ED68D560AA604C603360D5E762465B
:10774C0035434D601360802292009342D1D35A0A84
:10775C00042A3DD89A09140039323834D6008619D7
:10776C003268083E0325964203D14CE0926896425B
:10777C0003D05068A8439842F8D8D668CE608A6087
:10778C00B160D160C3E7002C33D1D2186046634698
:10779C008068DB681543C36098604D608A50B6E71B
:1077AC009A18002F06D10B68C91A8C68D218CB68AE
:1077BC00E3609C60012313434B60244B81601B6886
:1077CC009342A4D8224B40461968FFF703FF9EE76B
:1077DC00142A13D9542A1DD81A0B14006F326E3484
:1077EC00D600BCE7D1609160CA608A604C6033609F
:1077FC008DE762461D434D60136088E714005C32D0
:10780C005B34D600ABE70123A410A34044682343A8
:10781C004360B3E7AA246400A24205D8DA0B140033
:10782C0078327734D6009AE70A4CA24205D89A0CE3
:10783C0014007D327C34D60091E7FE267E24B600FF
:10784C008DE7C046B0970020B8970020AC97002079
:10785C00D09F00205405000070B505000C1E42D0CE
:10786C00002802D0436B002B49D0FFF763FD0121A8
:10787C000C22A35E626E0A4231D19B0542D52100D7
:10788C002800FFF771FBE36A0600002B04D02800E8
:10789C00E1699847002828DBA3891B062AD4216BB1
:1078AC00002908D023004033994202D02800FFF76A
:1078BC00E9FE00232363616C002904D02800FFF744
:1078CC00E1FE002363640023A381636EDB0728D5EC
:1078DC00A06DFFF73BFEFFF735FD300070BD002BB0
:1078EC00CDD1FFF72FFD0026F7E70126A3897642BD
:1078FC001B06D4D528002169FFF7C4FECFE7FFF79C
:10790C00FDFCB2E7A06DFFF723FE0C22A35E002B5B
:10791C00B5D10122636E1342E3D1A06DFFF71AFEBD
:0C792C00DFE7A06DFFF716FED2E7C046B3
:10793800030002689446EFF3108272B6604600684E
:107948000028FBD0BFF35F8F0420185600280BDBFC
:10795800002910D0086000201B68BFF35F8F00214A
:10796800196082F310887047D0210906097849B256
:1079780019710120F0E70020EEE70000F8B50400D7
:1079880015001E000368002B20D0D0231B061B788F
:107998005BB21F002368EFF3108172B618680028E5
:1079A800FCD0BFF35F8F0423E356002B14DB23685E
:1079B800BFF35F8F00221A6081F31088280031001E
:1079C800FBF770FE0028E5D000200EE0074B084AC0
:1079D8000848A621FEF786FC27712368BFF35F8F4E
:1079E80000221A6081F310880120F8BD748B0020F2
:1079F800EC9400202C8B002070B582B00600150096
:107A08001C0001A9FFF794FF002807D1019B5BB276
:107A1800D0221206127852B2934201D102B070BD40
:107A28002A0023003000FFF7A9FFF7E710B5016827
:107A3800EFF3108372B60A68002AFCD0BFF35F8F99
:107A480004228256002A0ADBFF2202710268BFF371
:107A58005F8F0021116083F3108840BF10BD034B76
:107A6800034A0448D521FEF73DFCC046888B002018
:107A7800E09400202C8B002070B50D0014001E002F
:107A88001A0008E0002B06D0C168490703D58168B1
:107A98002170013B0134190011430DD0002AF1D0A7
:107AA800C1688907EED5110008319942EAD92978C9
:107AB8008160013A0135E5E7300070BD10B50C0072
:107AC8001100002205E0C3689B07FCD5A35C836016
:107AD80001328A42F7D300E08368C3685B07FBD4AE
:107AE800C368DB06FCD400E08368C3685B07FBD48B
:107AF80001230362080010BD094B1B78002B08D036
:107B08000CE09A0080214905511808680549505031
:107B180001333F2BF5DD024B01221A707047C04636
:107B2800542C012020A1002010B5014B984710BD0E
:107B380021A10020002206E093000649591849684F
:107B4800C31859600132052AF6D9A0235B051B68C2
:107B5800036070470000024010B5002207E0930060
:107B6800C1184968054CA446634459600132052A86
:107B7800F5D90268A0235B051A6010BD0000024019
:107B8800F0B5D6464F464646C0B588B081460A008D
:107B98008A464A4480235B049A4238D818273B888F
:107BA800142630882049984704003B8830881F49AC
:107BB800984705003B8830881D49984780463B8890
:107BC80030881C4998470600002C26D0002D24D068
:107BD8004346002B21D000281FD0FFF78DFF01AFAF
:107BE8003800FFF7A7FFA047A8478022D8235202F2
:107BF80051464846C047B047FFF796FF3800FFF7A1
:107C0800ABFF08B0E0BCBA46B146A846F0BD0A4B87
:107C18000A4A0B48D521FEF765FB0A4B074A084874
:107C2800DD21FEF75FFBC0464946000045580000CD
:107C38005245000046430000E4910020D8960020F9
:107C48009891002010920020F0B5DE4657464E4627
:107C58004546E0B589B081468A4693464A44802322
:107C68005B049A4237D818273B8814263088204965
:107C7800984704003B8830881E49984705003B8890
:107C880030881D49984780463B8830881B4998476B
:107C98000600002C25D0002D23D04346002B20D0F1
:107CA80000281ED0FFF728FF01AF3800FFF742FF7A
:107CB800A047A8475A4651464846C047B047FFF72D
:107CC80033FF3800FFF748FF09B0F0BCBB46B246A7
:107CD800A946A046F0BD0A4B0A4A0B48F421FEF714
:107CE80001FB0A4B074A0848FC21FEF7FBFAC0468D
:107CF8004946000045580000525000004643000025
:107D0800E4910020C49600209891002078920020E9
:107D1800F0B5D6464F464646C0B588B082460D00F7
:107D28001400182633881427388832499847814622
:107D380033883888304998478046338838882F49AF
:107D4800984707004B46002B17D04346002B14D00A
:107D5800002812D0FFF7D0FE01A8FFF7EBFEC847B6
:107D6800C047274B1A6880239B005340C0229200CB
:107D78001340244A1360210010E0234B234A2A2190
:107D88002348FF31FEF7AEFA002B07D0002905D0B3
:107D9800C0235B051B6E2B700139013523000B4393
:107DA80014D0C0235B059A6A082313409207EBD5C9
:107DB800002CE9D00A1B0D2AE6D856463078C02296
:107DC80052051066013C721C9246DDE70C4B1A689E
:107DD800C0239B0093430B4A1360B847FFF7A4FEE8
:107DE80001A8FFF7B9FE08B0E0BCBA46B146A846FC
:107DF800F0BDC04649460000455800004643000013
:107E08000C8001400C900140E4920020B4960020C0
:107E1800989100200D0A65787465726E616C204532
:107E280053502D52455345542064657465637465F9
:107E380064210D0A7265626F6F74696E6720696EDE
:107E480020353020736563732121210D0A0000005D
:107E5800666C61736820667265652073706163651E
:107E680020616464723A203078253038780D0A66CB
:107E78006C61736820656E6420616464723A2030B6
:107E880078253038780D0A666C61736820667265EB
:107E9800652073706163652073697A653A2030786C
:107EA800253038782062797465730D0A0000000067
:107EB8004857762573207061636B6574732073650A
:107EC8006E6465643A203078257800007637207033
:107ED80073322041756720313120323032362030FC
:107EE800303A32323A3536006F7461206D61703A3B
:107EF800206170702030782530367820676F6C6488
:107F0800656E203078253036782073746167696E25
:107F18006720307825303678206D65746120307898
:107F280025303678206573702030782530367820F3
:107F3800656E64203078253036780D0A0000000020
:107F48006F7461206170702073697A653A202575B5
:107F58002062797465730D0A000000006F74612057
:107F6800626F6F7420636865636B3A2025730D0A2E
:107F7800000000006F7461206D6574613A207374AD
:107F880061746520257520617474656D7074732043
:107F9800257520676F6C64656E202575206279747D
:107FA80065732073746167696E672025752062792F
:107FB8007465730D0A0000007370692062656E6352
:107FC800683A206361707475726520535553504543
:107FD8004E44454420666F72202575206D730D0A46
:107FE800000000007370692062656E636820646F2A
:107FF8006E653A202575206672616D65732C2025A3
:1080080075206661696C757265732C202575206210
:108018007974657320696E202575206D732C202571
:1080280075204B422F732C20636170747572652024
:10803800524553554D45440D0A0000006361707464
:10804800757265205354414C4C454420666F72202C
:108058002575207320616674657220736565696E85
:108068006720747261666669632C207265626F6F3F
:1080780074696E670D0A0000727020696D6167652A
:1080880020434F4E4649524D4544206865616C7403
:1080980068792C20726F6C6C6261636B2064697301
:1080A80061726D65640D0000727020636F6D6D699B
:1080B8007420524546555345443A207374616769A4
:1080C8006E672063726320646F6573206E6F74201F
:1080D8006D6174636820746865206D65746164619E
:1080E80074610D00727020636F6D6D697420524564
:1080F80046555345443A206170702073697A65206B
:10810800257520646F6573206E6F7420666974200E
:1081180074686520736C6F740D0A000072702063B8
:108128006F6D6D69743A206261636B696E67207563
:108138007020257520627974657320746F20676FCD
:108148006C64656E2C20636170747572652053557C
:108158005350454E4445440D0A0000007270206398
:108168006F6D6D69742041424F525445443A2067FF
:108178006F6C64656E206261636B757020646964FE
:10818800206E6F74207665726966792C206E6F7424
:1081980068696E6720776173206170706C696564C7
:1081A8000D000000727020636F6D6D69743A206174
:1081B80070706C79696E67202575206279746573B3
:1081C800206F76657220746865206170702C204479
:1081D8004F204E4F5420504F574552204F46460D82
:1081E8000A000000727020636F6D6D697420646905
:1081F80064204E4F54207665726966792C20746825
:1082080065206E65787420626F6F74207265747271
:108218006965732066726F6D2073746167696E6734
:108228000D000000727020636F6D6D697420646FBB
:108238006E652C207265626F6F74696E6720696E57
:10824800746F20746865206E657720696D61676555
:108258000D000000727020696D616765206F6666A9
:10826800657265643A2025752062797465732063A8
:10827800726320253038782C2063617074757265BC
:108288002053555350454E4445440D0A0000000004
:10829800727020696D616765207472616E736665BE
:1082A800722041424F5254454420617420626C6FE1
:1082B800636B2025752028617474656D70742025A2
:1082C80075292C2063617074757265205245535569
:1082D8004D45440D0A000000727020696D616765A4
:1082E80020435243204D49534D415443483A206757
:1082F8006F742025303878206578706563746564FC
:1083080020253038782C2064697363617264656451
:108318002028617474656D7074202575292C20637C
:1083280061707475726520524553554D45440D0A68
:1083380000000000727020696D6167652053544128
:10834800474544206F6B3A20257520627974657320
:108358002C20257520626C6F636B732C206372630D
:1083680020253038782C202575206D732C206361EA
:10837800707475726520524553554D45440D0A0079
:1083880055500000444F574E0000000020286573E8
:10839800702073696C656E742C206E6F7420647223
:1083A8006976696E67206D69736F20796574290035
:1083B800657370206C696E6B2025732C2065737053
:1083C800206677207625752C20706F6C6C73206F73
:1083D8006B202575206661696C65642025750D0A1A
:1083E8000000000065737020706F6C6C73206F6BF9
:1083F800202575206661696C6564202575202874C0
:10840800696D656F75742025752062616466726197
:108418006D65202575292C206672616D65206F6653
:108428006673657420257520286D696E2025752072
:108438006D6178202575206F66202575292C20759B
:108448007074696D65202575206D730D0A00000034
:108458006C61737420626164206672616D653A2094
:108468002530327820253032782025303278202582
:108478003032782025303278202530327820253067
:108488003278202530327820253032782025303255
:1084980078202530327820253032782025303278FF
:1084A8002025303278202530327820253032782047
:1084B8002E2E2E207461696C202530327825730D9C
:1084C8000A00000045535020736C617665206E6F7A
:1084D80074207265616479207965742E2E2E2025AA
:1084E800640D0A0025732020200D0A002573000062
:1084F800666C617368204A454445432069643A20A4
:1085080025303278202530327820253032780D0A0F
:1085180000000000666C6173682073697A652064E6
:10852800657465637465643A20554E4B4E4F574EDB
:108538002C20636170616369747920636F646520BE
:10854800307825303278206973206F7574206F6613
:108558002072616E67650D0A00000000666C617329
:10856800682073697A652064657465637465643A24
:1085780020257520627974657320282575204D4261
:10858800290D0A00666C6173682073697A65206337
:108598006F6E666967757265643A20257520627921
:1085A80074657320282575204D42290D0A000000A6
:1085B8005741524E494E473A20666C6173682073A2
:1085C800697A65206D69736D617463682C206669CA
:1085D80078205049434F5F464C4153485F53495AAE
:1085E800455F425954455320696E20434D616B6580
:1085F8004C697374732E7478740D00000D0A7761DA
:108608006974696E6720353020736563732E2E2E6A
:108618000D0A0000303000004861726477617265AD
:108628002076657273696F6E3A2030300000000062
:108638003031000048617264776172652076657236
:1086480073696F6E3A20303100000000313000004D
:1086580048617264776172652076657273696F6EBE
:108668003A20313000000000313100004861726466
:10867800776172652076657273696F6E3A20313161
:108688000000000046460000486172647761726528
:108698002076657273696F6E3A2046462028626FAD
:1086A800746820666C6F6174696E67290000000049
:1086B80030460000486172647761726520766572A1
:1086C80073696F6E3A203046202841206C6F772CF2
:1086D800204220666C6F6174696E67290000000093
:1086E8003146000048617264776172652076657270
:1086F80073696F6E3A20314620284120686967689F
:108708002C204220666C6F6174696E672900000036
:108718004630000048617264776172652076657240
:1087280073696F6E3A20463020284120666C6F616D
:1087380074696E672C2042206C6F77290000000056
:10874800463100004861726477617265207665720F
:1087580073696F6E3A20463120284120666C6F613C
:1087680074696E672C2042206869676829000000D8
:10877800554B0000486172647761726520766572B6
:1087880073696F6E3A20556E6B6E6F776E000000DE
:10879800370000004669726D7761726520766572F0
:1087A80073696F6E3A207625730D0A0030303A32BD
:1087B800323A3536000000004175672031312032E9
:1087C800303236000D0A6F6B6869205053322073BF
:1087D800746172746564212048617264776172659E
:1087E800207625730D0A4275696C642044617465AE
:1087F8002025732025730D0A0000000053504920DE
:108808004D6F646520303A20252E3266204D487A17
:1088180020282564290D0A00434C4B5F4750494FD7
:108828003A2025640D0A00004441545F4750494FDF
:108838003A2025640D0A00004A4D505F41555820E2
:108848004432483A2025640D0A0000004A4D505F22
:10885800415558204832443A2025640D0A0000004A
:1088680025633A30782530325820743A30782530EC
:108878003858203B200000006E6F742072756E001F
:108888004D415020444F4553204E4F5420464954A3
:108898002054484520444554454354454420464CBB
:1088A800415348006E6F206D657461646174612086
:1088B8007965742C20666972737420626F6F740016
:1088C80069646C652C206E6F7468696E67207065CA
:1088D8006E64696E67000000676F6C64656E207275
:1088E8006573746F7265642C207265626F6F74694A
:1088F8006E670000676F6C64656E20756E757361D6
:10890800626C652C2073746179696E67206F6E20C4
:108918007468652063757272656E7420617070008A
:10892800636F6D6D697474656420696D6167652036
:108938006F6E20747269616C00000000696E746566
:108948007272757074656420636F6D6D69742072DE
:10895800656170706C6965642066726F6D207374F0
:108968006167696E672C207265626F6F74696E67E4
:1089780000000000696E7465727275707465642019
:10898800636F6D6D697420636F756C64206E6F74AE
:108998002062652072656170706C6965642C207254
:1089A8006F6C6C696E67206261636B00474F4C4463
:1089B800454E20524553544F524520444944204E79
:1089C8004F54205645524946592C2077696C6C20E3
:1089D8007265747279206F6E206E65787420626F8C
:1089E8006F740000554E4B4E4F574E0021656E6117
:1089F800626C6564207C7C206972715F6861735F5A
:108A080068616E646C657228494F5F4952515F42D4
:108A1800414E4B3029000000433A2F55736572735D
:108A28002F72656775652F2E7069636F2D73646B80
:108A38002F73646B2F322E332E302F7372632F7285
:108A480070325F636F6D6D6F6E2F686172647761EE
:108A580072655F6770696F2F6770696F2E630000BA
:108A68000A2A2A2A2050414E4943202A2A2A0A0043
:108A780068775F69735F636C61696D6564286269B3
:108A880074732C206269745F696E646578290000CC
:108A9800433A2F55736572732F72656775652F2E6C
:108AA8007069636F2D73646B2F73646B2F322E3371
:108AB8002E302F7372632F636F6D6D6F6E2F686129
:108AC8007264776172655F636C61696D2F636C6155
:108AD800696D2E630000000030783163203D3D2031
:108AE800282A696E7374293E3E31317500000000F2
:108AF800433A2F55736572732F72656775652F2E0C
:108B08007069636F2D73646B2F73646B2F322E3310
:108B18002E302F7372632F7270325F636F6D6D6FBB
:108B28006E2F68617264776172655F6972712F690F
:108B380072712E630000000064656C7461203E3D14
:108B4800202D323034382026262064656C7461204C
:108B58003C3D203230343620262620212864656C9E
:108B68007461202620312900212864656C746120F5
:108B78003E3E20313175290063757272656E74202E
:108B88003D3D205F5F756E68616E646C65645F75FE
:108B98007365725F697271207C7C2063757272657F
:108BA8006E74203D3D2068616E646C657200000043
:108BB8006972715F68616E646C65725F6368616930
:108BC8006E5F667265655F736C6F745F686561641C
:108BD800203E3D2030000000767461626C655F685D
:108BE800616E646C6572203D3D205F5F756E6861E3
:108BF8006E646C65645F757365725F69727100009D
:108C0800212828282875696E747074725F74297217
:108C1800656D6F76655F7468756D625F62697428EB
:108C2800767461626C655F68616E646C657229292F
:108C3800202D20282875696E747074725F742969F4
:108C480072715F68616E646C65725F636861696E9A
:108C58005F736C6F7473292920252073697A656F97
:108C68006628737472756374206972715F68616EC7
:108C7800646C65725F636861696E5F736C6F742999
:108C88002900000021657863657074696F6E207C27
:108C98007C20657863657074696F6E203D3D206E39
:108CA800756D202B20565441424C455F464952531E
:108CB800545F49525100000066616C736500000002
:108CC80069735F7368617265645F6972715F72610D
:108CD800775F68616E646C657228736C6F745F6827
:108CE800616E646C65722900657863657074696F7C
:108CF8006E000000666F756E6400000031203D3D17
:108D0800202875696E747074725F74296C2D3E73B7
:108D180070696E5F6C6F636B00000000433A2F55FB
:108D2800736572732F72656775652F2E7069636F2F
:108D38002D73646B2F73646B2F322E332E302F7389
:108D480072632F636F6D6D6F6E2F7069636F5F73E2
:108D5800796E632F6D757465782E6300746F746116
:108D68006C0000006D74782D3E636F72652E737011
:108D7800696E5F6C6F636B006C6F636B5F69735FC9
:108D88006F776E65725F69645F76616C6964286D80
:108D980074782D3E6F776E65722900006D74782D9A
:108DA8003E656E7465725F636F756E7400000000D7
:108DB800706F6F6C2D3E74696D65725F616C617266
:108DC8006D5F6E756D203D3D2074696D65725F61E4
:108DD8006C61726D5F6E756D00000000433A2F552F
:108DE800736572732F72656775652F2E7069636F6F
:108DF8002D73646B2F73646B2F322E332E302F73C9
:108E080072632F636F6D6D6F6E2F7069636F5F7420
:108E1800696D652F74696D652E6300006465666110
:108E2800756C745F616C61726D5F706F6F6C5F6998
:108E38006E697469616C697A6564282900000000AC
:108E4800417474656D7074656420746F20736C650B
:108E5800657020696E73696465206F6620616E2095
:108E6800657863657074696F6E2068616E646C659F
:108E7800723B2075736520627573795F77616974D9
:108E880020696620796F75206D7573740000000085
:108E9800486172647761726520616C61726D20252A
:108EA8006420616C726561647920636C61696D65C9
:108EB8006400000076636F5F66726571203E3D2036
:108EC8005049434F5F504C4C5F56434F5F4D494E9E
:108ED8005F465245515F485A2026262076636F5FC9
:108EE80066726571203C3D205049434F5F504C4CA1
:108EF8005F56434F5F4D41585F465245515F485A50
:108F080000000000433A2F55736572732F7265672E
:108F180075652F2E7069636F2D73646B2F73646B87
:108F28002F322E332E302F7372632F7270325F639D
:108F38006F6D6D6F6E2F68617264776172655F70B7
:108F48006C6C2F706C6C2E630000000066626469A4
:108F580076203E3D203136202626206662646976DA
:108F6800203C3D203332300028706F73745F646991
:108F78007631203E3D203120262620706F73745FA5
:108F880064697631203C3D20372920262620287028
:108F98006F73745F64697632203E3D203120262647
:108FA80020706F73745F64697632203C3D203729E6
:108FB800000000007265665F66726571203C3D20A6
:108FC8002876636F5F66726571202F20313629001D
:108FD8002A282875696E74385F74202A2928282859
:108FE800766F6964202A29726F6D5F7461626C659F
:108FF8005F666C6F6174292D322929202A2034205C
:109008003E3D2053465F5441424C455F56325F53C4
:10901800495A4500433A2F55736572732F72656735
:1090280075652F2E7069636F2D73646B2F73646B76
:109038002F322E332E302F7372632F7270325F638C
:109048006F6D6D6F6E2F7069636F5F646F75626CA3
:10905800652F646F75626C655F696E69745F726FA6
:109068006D5F7270323034302E6300002A28287504
:10907800696E74385F74202A29726F6D5F7461623B
:109088006C652D3229202A2034203E3D2053465F2E
:109098005441424C455F56325F53495A45000000DF
:1090A800433A2F55736572732F72656775652F2E56
:1090B8007069636F2D73646B2F73646B2F322E335B
:1090C8002E302F7372632F7270325F636F6D6D6F06
:1090D8006E2F7069636F5F666C6F61742F666C6F5B
:1090E80061745F696E69745F726F6D5F7270323040
:1090F80034302E6300000000416C6C206F7074697E
:109108006D697A6174696F6E2064697361626C65F8
:10911800640000004465627567000000626F6F7448
:10912800325F7732357130383000000068747470FF
:10913800733A2F2F6769746875622E636F6D2F7489
:1091480068657265616C647265672F6F6B6869002A
:10915800322E332E300000006F6B6869000000006B
:10916800666E692B00000000666E69006E616E0015
:10917800666E692D000000002C2066756E637469A8
:109188006F6E3A2000000000617373657274696F36
:109198006E2022257322206661696C65643A206618
:1091A800696C6520222573222C206C696E65202548
:1091B80064257325730A0000554152542073746462
:1091C800696E000055415254207374646F757400C1
:1091D8005541525420737464696E202F207374644F
:1091E8006F7574006D757465785F69735F696E6912
:1091F8007469616C697A656428266C6F636B6F7536
:10920800745F6D757465782900000000433A2F5526
:10921800736572732F72656775652F2E7069636F3A
:109228002D73646B2F73646B2F322E332E302F7394
:1092380072632F7270325F636F6D6D6F6E2F70691E
:10924800636F5F6D756C7469636F72652F6D756C94
:109258007469636F72652E630000000076616C7537
:1092680065203D3D203000002128737461636B5FE9
:1092780073697A655F62797465732026203375296E
:109288000000000070726F6772616D2D3E6C656E34
:10929800677468203C3D2050494F5F494E535452F3
:1092A800554354494F4E5F434F554E5400000000FC
:1092B800433A2F55736572732F72656775652F2E44
:1092C8007069636F2D73646B2F73646B2F322E3349
:1092D8002E302F7372632F7270325F636F6D6D6FF4
:1092E8006E2F68617264776172655F70696F2F7045
:1092F800696F2E63000000004E6F2050494F2073A5
:1093080074617465206D616368696E65732061724C
:109318006520617661696C61626C6500636F6E6E71
:109328006563745F696E7465726E616C5F666C61AB
:1093380073685F66756E6320262620666C617368A5
:109348005F657869745F7869705F66756E632026FB
:109358002620666C6173685F666C7573685F63610D
:109368006368655F66756E6320262620666C617388
:10937800685F656E7465725F636D645F7869705F5E
:1093880066756E6300000000433A2F55736572736B
:109398002F72656775652F2E7069636F2D73646B07
:1093A8002F73646B2F322E332E302F7372632F720C
:1093B80070325F636F6D6D6F6E2F68617264776175
:1093C80072655F666C6173682F666C6173682E6383
:1093D80000000000666C6173685F6F666673202B1F
:1093E80020636F756E74203C3D205049434F5F46A3
:1093F8004C4153485F53495A455F425954455300BD
:10940800636F6E6E6563745F696E7465726E616CAE
:109418005F666C6173685F66756E632026262066DA
:109428006C6173685F657869745F7869705F667589
:109438006E6320262620666C6173685F72616E67B2
:10944800655F65726173655F66756E6320262620A9
:10945800666C6173685F666C7573685F6361636887
:10946800655F66756E630000636F6E6E6563745F3B
:10947800696E7465726E616C5F666C6173685F6655
:10948800756E6320262620666C6173685F6578694F
:10949800745F7869705F66756E6320262620666C37
:1094A8006173685F72616E67655F70726F67726122
:1094B8006D5F66756E6320262620666C6173685F33
:1094C800666C7573685F63616368655F66756E6314
:1094D80000000000636F6E6E6563745F696E74658B
:1094E800726E616C5F666C6173685F66756E63202F
:1094F800262620666C6173685F657869745F786991
:10950800705F66756E6320262620666C6173685FDF
:10951800666C7573685F63616368655F66756E63C3
:10952800000000008886002090860020B486002075
:10953800D0860020E886002004870020308700209D
:109548004C87002084870020BC8700200000000092
:109558006410B71DC8206E3BAC30D9269041DC762C
:10956800F4516B6B5861B24D3C7105502083B8EDD6
:1095780044930FF0E8A3D6D68CB361CBB0C2649BFA
:10958800D4D2D38678E20AA01CF2BDBD4F4B48491D
:10959800A893002007FF00003EE0E8A042606500B5
:1095A8000000410000C00000C093002010FF000030
:1095B800C3A025E0C1004200A120212027E0A1216D
:1095C800014021214700A12100802120A121212142
:1095D800E89300200FFF0000C000C3A02120A120B5
:1095E80027E021210140A12145002121C00100805F
:1095F800A1202121A1200000109400200BFF0000D1
:10960800C3A03EE0C100C100420000C0A12001404B
:1096180046A0600001C000006770696F5F736574E1
:109628005F6972715F656E61626C6564000000005D
:1096380068775F636C61696D5F636C656172000078
:109648006972715F6164645F7461696C5F746F5F94
:10965800667265655F6C697374000000696E736596
:1096680072745F626C5F3332000000006972715F70
:1096780072656D6F76655F68616E646C6572000017
:109688006D616B655F6A5F31360000007265736FEC
:109698006C76655F6A5F3136000000006972715F41
:1096A8006164645F7368617265645F68616E646C4D
:1096B800657200006972715F7365745F6578636CC9
:1096C80075736976655F68616E646C657200000029
:1096D8006D757465785F6578697400006D7574657B
:1096E800785F656E7465725F626C6F636B5F756ED1
:1096F80074696C0072756E74696D655F696E697402
:109708005F6D757465780000616C61726D5F706F74
:109718006F6C5F6765745F64656661756C74000083
:10972800616C61726D5F706F6F6C5F6972715F6899
:10973800616E646C65720000FFFFFFFFFFFFFF7F33
:10974800706C6C5F696E6974000000005F5F616532
:109758006162695F646F75626C655F696E697400E8
:109768005F5F61656162695F666C6F61745F696E96
:109778006974000006005250D3F07542088F00202B
:1097880006005250D3F07542248F00200600525034
:10979800E182887F2C8F0020060052509A235618A9
:1097A8003C8F002006005250ABB36053608F0020FE
:1097B80006005250BBFF3CB6688F0020060052508E
:1097C800861C0302688F0020060052505422A29D76
:1097D800C885002005005250DE65F46810A000100E
:1097E800000000000000F03F0000000000002440DE
:1097F80000000000000059400000000000408F40B9
:10980800000000000088C34000000000006AF84023
:109818000000000080842E4100000000D012634147
:109828000000000084D797410000000065CDCD41BD
:109838000D0A00000600525053B4F4A1E08F002036
:109848000800525012420000080052509252000084
:109858006D756C7469636F72655F6C61756E636852
:109868005F636F7265315F776974685F7374616392
:109878006B0000006D756C7469636F72655F72656B
:109888007365745F636F72653100000066696E64AA
:109898005F6F66667365745F666F725F70726F671D
:1098A80072616D00666C6173685F646F5F636D649D
:1098B8005F637300666C6173685F72616E67655F92
:1098C80070726F6772616D00666C6173685F726158
:1098D8006E67655F6572617365000000814A5D05AA
:1098E800FFFFFFFFFFFFFFFF09000000F4870020D4
:1098F800100000000000000000000100000000004F
:10990800000000000000020000000000000000004D
:109918000000030000000000000000000000FF003D
:109928000000000001B5486801318E4600477046C6
:1099380009380149884701BD892C00200000000032
:10994800FFFFFFFFFFFFFF7F000000000000000097
:10995800000000000000000000000000189E002029
:10996800503300004C3300005433000052330000E1
:109978004D5300004D4300005334000043340000B1
:10998800D96400207D650020F96400208D650020E1
:109998000000000000010000FFFFFFFF00000200C0
:1099A8000000000000000000B0970020B0970020E1
:1099B800B8970020B8970020C0970020C0970020D3
:1099C800C8970020C8970020D0970020D097002083
:1099D800D8970020D8970020E0970020E097002033
:1099E800E8970020E8970020F0970020F0970020E3
:1099F800F8970020F8970020009800200098002091
:109A0800089800200898002010980020109800203E
:109A180018980020189800202098002020980020EE
:109A2800289800202898002030980020309800209E
:109A3800389800203898002040980020409800204E
:109A480048980020489800205098002050980020FE
:109A580058980020589800206098002060980020AE
:109A6800689800206898002070980020709800205E
:109A7800789800207898002080980020809800200E
:109A880088980020889800209098002090980020BE
:109A98009898002098980020A0980020A09800206E
:109AA800A8980020A8980020B0980020B09800201E
:109AB800B8980020B8980020C0980020C0980020CE
:109AC800C8980020C8980020D0980020D09800207E
:109AD800D8980020D8980020E0980020E09800202E
:109AE800E8980020E8980020F0980020F0980020DE
:109AF800F8980020F898002000990020009900208C
:109B08000899002008990020109900201099002039
:109B180018990020189900202099002020990020E9
:109B28002899002028990020309900203099002099
:109B38003899002038990020409900204099002049
:109B480048990020489900205099002050990020F9
:109B580058990020589900206099002060990020A9
:109B68006899002068990020709900207099002059
:109B78007899002078990020809900208099002009
:109B880088990020889900209099002090990020B9
:109B98009899002098990020A0990020A099002069
:109BA800A8990020A8990020B0990020B099002019
:109BB800B8990020B8990020C0990020C0990020C9
:109BC800C8990020C8990020D0990020D099002079
:109BD800D8990020D8990020E0990020E099002029
:109BE800E8990020E8990020F0990020F0990020D9
:109BF800F8990020F8990020009A0020009A002087
:109C0800089A0020089A0020109A0020109A002034
:109C1800189A0020189A0020209A0020209A0020E4
:109C2800289A0020289A0020309A0020309A002094
:109C3800389A0020389A0020409A0020409A002044
:109C4800489A0020489A0020509A0020509A0020F4
:109C5800589A0020589A0020609A0020609A0020A4
:109C6800689A0020689A0020709A0020709A002054
:109C7800789A0020789A0020809A0020809A002004
:109C8800889A0020889A0020909A0020909A0020B4
:109C9800989A0020989A0020A09A0020A09A002064
:109CA800A89A0020A89A0020B09A0020B09A002014
:109CB800B89A0020B89A0020C09A0020C09A0020C4
:109CC800C89A0020C89A0020D09A0020D09A002074
:109CD800D89A0020D89A0020E09A0020E09A002024
:109CE800E89A0020E89A0020F09A0020F09A0020D4
:109CF800F89A0020F89A0020009B0020009B002082
:109D0800089B0020089B0020109B0020109B00202F
:109D1800189B0020189B0020209B0020209B0020DF
:109D2800289B0020289B0020309B0020309B00208F
:109D3800389B0020389B0020409B0020409B00203F
:109D4800489B0020489B0020509B0020509B0020EF
:109D5800589B0020589B0020609B0020609B00209F
:109D6800689B0020689B0020709B0020709B00204F
:109D7800789B0020789B0020809B0020809B0020FF
:109D8800889B0020889B0020909B0020909B0020AF
:109D9800989B0020989B0020A09B0020A09B00205F
:109DA800A89B0020A89B00200000000003000000E2
:109DB800D49F0020C89B002000000000D49F0020F2
:109DC8003CA00020A4A0002000000000000000002B
:109DD800000000000000000000000000000000007B
:109DE800000000000000000000000000000000006B
:109DF800000000000000000000000000000000005B
:109E0800000000000000000000000000000000004A
:109E1800000000000000000000000000000000003A
:109E2800000000000000000000000000000000002A
:109E3800000000000000000000000000000000001A
:109E4800000000000000000000000000000000000A
:109E580001000000000000000E33CDAB34126DE6A7
:109E6800ECDE05000B000000000000000000000010
:109E780000000000000000000000000000000000DA
:109E880000000000000000000000000000000000CA
:109E980000000000000000000000000000000000BA
:109EA80000000000000000000000000000000000AA
:109EB800000000000000000000000000000000009A
:109EC800000000000000000000000000000000008A
:109ED800000000000000000000000000000000007A
:109EE800000000000000000000000000000000006A
:109EF800000000000000000000000000000000005A
:109F08000000000000000000000000000000000049
:109F18000000000000000000000000000000000039
:109F28000000000000000000000000000000000029
:109F38000000000000000000000000000000000019
:109F48000000000000000000000000000000000009
:109F580000000000000000000000000000000000F9
:109F680000000000000000000000000000000000E9
:109F780000000000000000000000000000000000D9
:109F880000000000000000000000000000000000C9
:109F980000000000000000000000000000000000B9
:109FA80000000000000000000000000000000000A9
:109FB8000000000000000000000000000000000099
:109FC8000000000000000000B13C0020DD3C002043
:109FD800713E00201D4E00202D450020BD4C002064
:109FE800A53D0020F93C0020193D00202D3D002012
:109FF800C92D0020353D0020FD3500208D3C002076
:08A008004527002095660020A9
:04000005100001E9FD
:00000001FF
