
C:/Users/regue/Desktop/okhi/firmware/ps2/rp/build/okhi.elf:     file format elf32-littlearm

Sections:
Idx Name          Size      VMA       LMA       File off  Algn
  0 .boot2        00000100  10000000  10000000  00001000  2**0
                  CONTENTS, ALLOC, LOAD, READONLY, CODE
  1 .flashtext    0000018c  10000100  10000100  00001100  2**2
                  CONTENTS, ALLOC, LOAD, READONLY, CODE
  2 .rodata       00000000  1000028c  1000028c  0000f608  2**0
                  CONTENTS, ALLOC, LOAD, DATA
  3 .binary_info  00000030  1000028c  1000028c  0000128c  2**2
                  CONTENTS, ALLOC, LOAD, READONLY, DATA
  4 .ram_vector_table 000000c0  20000000  20000000  00010000  2**2
                  ALLOC
  5 .uninitialized_data 00000034  200000c0  200000c0  00010000  2**2
                  ALLOC
  6 .text         0000a3bc  200000f4  100002bc  000020f4  2**2
                  CONTENTS, ALLOC, LOAD, READONLY, CODE
  7 .xip_ram      00000000  15000000  15000000  0000f608  2**0
                  CONTENTS
  8 .data         00003158  2000a4b0  1000a678  0000c4b0  2**4
                  CONTENTS, ALLOC, LOAD, CODE
  9 .tdata        00000000  2000d608  2000d608  0000f608  2**0
                  CONTENTS, ALLOC, LOAD, DATA, THREAD_LOCAL
 10 .tbss         00000000  2000d608  2000d608  00000000  2**0
                  ALLOC, THREAD_LOCAL
 11 .tbss_space   00000000  2000d608  2000d608  0000f608  2**0
                  CONTENTS
 12 .bss          00009758  2000d608  1000d7d0  0000f608  2**3
                  ALLOC
 13 .tls0         00000000  20016d60  20016d60  0000f608  2**0
                  CONTENTS
 14 .tls1         00000000  20016d60  20016d60  0000f608  2**0
                  CONTENTS
 15 .persistent_data 00000000  20016d60  20016d60  0000f608  2**0
                  CONTENTS
 16 .dummy_pre_heap 00000000  20016d60  20016d60  0000f608  2**0
                  CONTENTS
 17 .heap         00000800  20016d60  20016d60  0000fd60  2**2
                  ALLOC, READONLY
 18 .scratch_x    00000000  20040000  20040000  0000f608  2**0
                  CONTENTS
 19 .scratch_y    00000000  20041000  20041000  0000f608  2**0
                  CONTENTS
 20 .stack1_dummy 00000800  20040000  20040000  00010000  2**2
                  ALLOC
 21 .stack_dummy  00000800  20041000  20041000  00010000  2**5
                  ALLOC, READONLY
 22 .debug_info   0002e1c6  00000000  00000000  0000f608  2**0
                  CONTENTS, READONLY, DEBUGGING, OCTETS
 23 .debug_abbrev 00006f9a  00000000  00000000  0003d7ce  2**0
                  CONTENTS, READONLY, DEBUGGING, OCTETS
 24 .debug_loclists 000119c8  00000000  00000000  00044768  2**0
                  CONTENTS, READONLY, DEBUGGING, OCTETS
 25 .debug_aranges 000017f0  00000000  00000000  00056130  2**3
                  CONTENTS, READONLY, DEBUGGING, OCTETS
 26 .debug_rnglists 00001951  00000000  00000000  00057920  2**0
                  CONTENTS, READONLY, DEBUGGING, OCTETS
 27 .debug_line   0001bf73  00000000  00000000  00059271  2**0
                  CONTENTS, READONLY, DEBUGGING, OCTETS
 28 .debug_str    000085a4  00000000  00000000  000751e4  2**0
                  CONTENTS, READONLY, DEBUGGING, OCTETS
 29 .comment      00000045  00000000  00000000  0007d788  2**0
                  CONTENTS, READONLY
 30 .ARM.attributes 0000002a  00000000  00000000  0007d7cd  2**0
                  CONTENTS, READONLY
 31 .debug_frame  00003a78  00000000  00000000  0007d7f8  2**2
                  CONTENTS, READONLY, DEBUGGING, OCTETS
 32 .debug_line_str 00000367  00000000  00000000  00081270  2**0
                  CONTENTS, READONLY, DEBUGGING, OCTETS

C:/Users/regue/Desktop/okhi/firmware/ps2/rp/build/okhi.elf:     file format elf32-littlearm


Disassembly of section .boot2:

10000000 <__boot2_start__>:
10000000:	4b32b500 	.word	0x4b32b500
10000004:	60582021 	.word	0x60582021
10000008:	21026898 	.word	0x21026898
1000000c:	60984388 	.word	0x60984388
10000010:	611860d8 	.word	0x611860d8
10000014:	4b2e6158 	.word	0x4b2e6158
10000018:	60992100 	.word	0x60992100
1000001c:	61592102 	.word	0x61592102
10000020:	22f02101 	.word	0x22f02101
10000024:	492b5099 	.word	0x492b5099
10000028:	21016019 	.word	0x21016019
1000002c:	20356099 	.word	0x20356099
10000030:	f844f000 	.word	0xf844f000
10000034:	42902202 	.word	0x42902202
10000038:	2106d014 	.word	0x2106d014
1000003c:	f0006619 	.word	0xf0006619
10000040:	6e19f834 	.word	0x6e19f834
10000044:	66192101 	.word	0x66192101
10000048:	66182000 	.word	0x66182000
1000004c:	f000661a 	.word	0xf000661a
10000050:	6e19f82c 	.word	0x6e19f82c
10000054:	6e196e19 	.word	0x6e196e19
10000058:	f0002005 	.word	0xf0002005
1000005c:	2101f82f 	.word	0x2101f82f
10000060:	d1f94208 	.word	0xd1f94208
10000064:	60992100 	.word	0x60992100
10000068:	6019491b 	.word	0x6019491b
1000006c:	60592100 	.word	0x60592100
10000070:	481b491a 	.word	0x481b491a
10000074:	21016001 	.word	0x21016001
10000078:	21eb6099 	.word	0x21eb6099
1000007c:	21a06619 	.word	0x21a06619
10000080:	f0006619 	.word	0xf0006619
10000084:	2100f812 	.word	0x2100f812
10000088:	49166099 	.word	0x49166099
1000008c:	60014814 	.word	0x60014814
10000090:	60992101 	.word	0x60992101
10000094:	2800bc01 	.word	0x2800bc01
10000098:	4700d000 	.word	0x4700d000
1000009c:	49134812 	.word	0x49134812
100000a0:	c8036008 	.word	0xc8036008
100000a4:	8808f380 	.word	0x8808f380
100000a8:	b5034708 	.word	0xb5034708
100000ac:	20046a99 	.word	0x20046a99
100000b0:	d0fb4201 	.word	0xd0fb4201
100000b4:	42012001 	.word	0x42012001
100000b8:	bd03d1f8 	.word	0xbd03d1f8
100000bc:	6618b502 	.word	0x6618b502
100000c0:	f7ff6618 	.word	0xf7ff6618
100000c4:	6e18fff2 	.word	0x6e18fff2
100000c8:	bd026e18 	.word	0xbd026e18
100000cc:	40020000 	.word	0x40020000
100000d0:	18000000 	.word	0x18000000
100000d4:	00070000 	.word	0x00070000
100000d8:	005f0300 	.word	0x005f0300
100000dc:	00002221 	.word	0x00002221
100000e0:	180000f4 	.word	0x180000f4
100000e4:	a0002022 	.word	0xa0002022
100000e8:	10000100 	.word	0x10000100
100000ec:	e000ed08 	.word	0xe000ed08
	...
100000fc:	7a4eb274 	.word	0x7a4eb274

Disassembly of section .flashtext:

10000100 <__VECTOR_TABLE>:
10000100:	20042000 	.word	0x20042000
10000104:	100001f7 	.word	0x100001f7
10000108:	100001cb 	.word	0x100001cb
1000010c:	20004815 	.word	0x20004815
10000110:	100001c9 	.word	0x100001c9
10000114:	100001c9 	.word	0x100001c9
10000118:	100001c9 	.word	0x100001c9
1000011c:	100001c9 	.word	0x100001c9
10000120:	100001c9 	.word	0x100001c9
10000124:	100001c9 	.word	0x100001c9
10000128:	100001c9 	.word	0x100001c9
1000012c:	100001cf 	.word	0x100001cf
10000130:	100001c9 	.word	0x100001c9
10000134:	100001c9 	.word	0x100001c9
10000138:	100001d1 	.word	0x100001d1
1000013c:	100001d3 	.word	0x100001d3
10000140:	100001c1 	.word	0x100001c1
10000144:	100001c1 	.word	0x100001c1
10000148:	100001c1 	.word	0x100001c1
1000014c:	100001c1 	.word	0x100001c1
10000150:	100001c1 	.word	0x100001c1
10000154:	100001c1 	.word	0x100001c1
10000158:	100001c1 	.word	0x100001c1
1000015c:	100001c1 	.word	0x100001c1
10000160:	100001c1 	.word	0x100001c1
10000164:	100001c1 	.word	0x100001c1
10000168:	100001c1 	.word	0x100001c1
1000016c:	100001c1 	.word	0x100001c1
10000170:	100001c1 	.word	0x100001c1
10000174:	100001c1 	.word	0x100001c1
10000178:	100001c1 	.word	0x100001c1
1000017c:	100001c1 	.word	0x100001c1
10000180:	100001c1 	.word	0x100001c1
10000184:	100001c1 	.word	0x100001c1
10000188:	100001c1 	.word	0x100001c1
1000018c:	100001c1 	.word	0x100001c1
10000190:	100001c1 	.word	0x100001c1
10000194:	100001c1 	.word	0x100001c1
10000198:	100001c1 	.word	0x100001c1
1000019c:	100001c1 	.word	0x100001c1
100001a0:	100001c1 	.word	0x100001c1
100001a4:	100001c1 	.word	0x100001c1
100001a8:	100001c1 	.word	0x100001c1
100001ac:	100001c1 	.word	0x100001c1
100001b0:	100001c1 	.word	0x100001c1
100001b4:	100001c1 	.word	0x100001c1
100001b8:	100001c1 	.word	0x100001c1
100001bc:	100001c1 	.word	0x100001c1

100001c0 <__unhandled_user_irq>:
100001c0:	f3ef 8005 	mrs	r0, IPSR
100001c4:	3810      	subs	r0, #16

100001c6 <unhandled_user_irq_num_in_r0>:
100001c6:	be00      	bkpt	0x0000

100001c8 <isr_invalid>:
100001c8:	be00      	bkpt	0x0000

100001ca <isr_nmi>:
100001ca:	be00      	bkpt	0x0000
100001cc:	be00      	bkpt	0x0000

100001ce <isr_svcall>:
100001ce:	be00      	bkpt	0x0000

100001d0 <isr_pendsv>:
100001d0:	be00      	bkpt	0x0000

100001d2 <isr_systick>:
100001d2:	be00      	bkpt	0x0000

100001d4 <__default_isrs_end>:
100001d4:	7188ebf2 	.word	0x7188ebf2
100001d8:	1000028c 	.word	0x1000028c
100001dc:	100002bc 	.word	0x100002bc
100001e0:	10000238 	.word	0x10000238
100001e4:	e71aa390 	.word	0xe71aa390

100001e8 <_entry_point>:
100001e8:	2000      	movs	r0, #0

100001ea <_enter_vtable_in_r0>:
100001ea:	4921      	ldr	r1, [pc, #132]	@ (10000270 <data_cpy_table+0x38>)
100001ec:	6008      	str	r0, [r1, #0]
100001ee:	c806      	ldmia	r0!, {r1, r2}
100001f0:	f381 8808 	msr	MSP, r1
100001f4:	4710      	bx	r2

100001f6 <_reset_handler>:
100001f6:	481f      	ldr	r0, [pc, #124]	@ (10000274 <data_cpy_table+0x3c>)
100001f8:	6800      	ldr	r0, [r0, #0]
100001fa:	2800      	cmp	r0, #0
100001fc:	d001      	beq.n	10000202 <hold_non_core0_in_bootrom+0x4>

100001fe <hold_non_core0_in_bootrom>:
100001fe:	2000      	movs	r0, #0
10000200:	e7f3      	b.n	100001ea <_enter_vtable_in_r0>
10000202:	a40d      	add	r4, pc, #52	@ (adr r4, 10000238 <data_cpy_table>)
10000204:	cc0e      	ldmia	r4!, {r1, r2, r3}
10000206:	2900      	cmp	r1, #0
10000208:	d002      	beq.n	10000210 <hold_non_core0_in_bootrom+0x12>
1000020a:	f000 f812 	bl	10000232 <data_cpy>
1000020e:	e7f9      	b.n	10000204 <hold_non_core0_in_bootrom+0x6>
10000210:	4919      	ldr	r1, [pc, #100]	@ (10000278 <data_cpy_table+0x40>)
10000212:	4a1a      	ldr	r2, [pc, #104]	@ (1000027c <data_cpy_table+0x44>)
10000214:	2000      	movs	r0, #0
10000216:	e000      	b.n	1000021a <bss_fill_test>

10000218 <bss_fill_loop>:
10000218:	c101      	stmia	r1!, {r0}

1000021a <bss_fill_test>:
1000021a:	4291      	cmp	r1, r2
1000021c:	d1fc      	bne.n	10000218 <bss_fill_loop>

1000021e <platform_entry>:
1000021e:	4918      	ldr	r1, [pc, #96]	@ (10000280 <data_cpy_table+0x48>)
10000220:	4788      	blx	r1
10000222:	4918      	ldr	r1, [pc, #96]	@ (10000284 <data_cpy_table+0x4c>)
10000224:	4788      	blx	r1
10000226:	4918      	ldr	r1, [pc, #96]	@ (10000288 <data_cpy_table+0x50>)
10000228:	4788      	blx	r1
1000022a:	be00      	bkpt	0x0000
1000022c:	e7fd      	b.n	1000022a <platform_entry+0xc>

1000022e <data_cpy_loop>:
1000022e:	c901      	ldmia	r1!, {r0}
10000230:	c201      	stmia	r2!, {r0}

10000232 <data_cpy>:
10000232:	429a      	cmp	r2, r3
10000234:	d3fb      	bcc.n	1000022e <data_cpy_loop>

10000236 <data_cpy_done>:
10000236:	4770      	bx	lr

10000238 <data_cpy_table>:
10000238:	100002bc 	.word	0x100002bc
1000023c:	200000f4 	.word	0x200000f4
10000240:	2000a4b0 	.word	0x2000a4b0
10000244:	1000a678 	.word	0x1000a678
10000248:	2000a4b0 	.word	0x2000a4b0
1000024c:	2000d608 	.word	0x2000d608
10000250:	1000d7d0 	.word	0x1000d7d0
10000254:	20040000 	.word	0x20040000
10000258:	20040000 	.word	0x20040000
1000025c:	1000d7d0 	.word	0x1000d7d0
10000260:	20041000 	.word	0x20041000
10000264:	20041000 	.word	0x20041000
10000268:	00000000 	.word	0x00000000
1000026c:	4770      	bx	lr
1000026e:	0000      	.short	0x0000
10000270:	e000ed08 	.word	0xe000ed08
10000274:	d0000000 	.word	0xd0000000
10000278:	2000d608 	.word	0x2000d608
1000027c:	20016d60 	.word	0x20016d60
10000280:	20008e69 	.word	0x20008e69
10000284:	20004831 	.word	0x20004831
10000288:	20008e2b 	.word	0x20008e2b

Disassembly of section .text:

200000f4 <sm_config_set_clkdiv>:
200000f4:	b570      	push	{r4, r5, r6, lr}
200000f6:	0005      	movs	r5, r0
200000f8:	1c08      	adds	r0, r1, #0
200000fa:	21ec      	movs	r1, #236	@ 0xec
200000fc:	0589      	lsls	r1, r1, #22
200000fe:	f007 fc09 	bl	20007914 <__wrap___aeabi_fadd>
20000102:	1c06      	adds	r6, r0, #0
20000104:	f007 fc52 	bl	200079ac <__wrap___aeabi_f2uiz>
20000108:	b284      	uxth	r4, r0
2000010a:	2c00      	cmp	r4, #0
2000010c:	d012      	beq.n	20000134 <sm_config_set_clkdiv+0x40>
2000010e:	0020      	movs	r0, r4
20000110:	f007 fc24 	bl	2000795c <__wrap___aeabi_ui2f>
20000114:	1c01      	adds	r1, r0, #0
20000116:	1c30      	adds	r0, r6, #0
20000118:	f007 fbf7 	bl	2000790a <__wrap___aeabi_fsub>
2000011c:	2187      	movs	r1, #135	@ 0x87
2000011e:	05c9      	lsls	r1, r1, #23
20000120:	f007 fc13 	bl	2000794a <__wrap___aeabi_fmul>
20000124:	f007 fc42 	bl	200079ac <__wrap___aeabi_f2uiz>
20000128:	b2c3      	uxtb	r3, r0
2000012a:	021b      	lsls	r3, r3, #8
2000012c:	0424      	lsls	r4, r4, #16
2000012e:	431c      	orrs	r4, r3
20000130:	602c      	str	r4, [r5, #0]
20000132:	bd70      	pop	{r4, r5, r6, pc}
20000134:	0023      	movs	r3, r4
20000136:	e7f8      	b.n	2000012a <sm_config_set_clkdiv+0x36>

20000138 <pio_get_default_sm_config>:
20000138:	b510      	push	{r4, lr}
2000013a:	0004      	movs	r4, r0
2000013c:	2210      	movs	r2, #16
2000013e:	2100      	movs	r1, #0
20000140:	f007 fcfe 	bl	20007b40 <__wrap_memset>
20000144:	2380      	movs	r3, #128	@ 0x80
20000146:	025b      	lsls	r3, r3, #9
20000148:	6023      	str	r3, [r4, #0]
2000014a:	23f8      	movs	r3, #248	@ 0xf8
2000014c:	025b      	lsls	r3, r3, #9
2000014e:	6063      	str	r3, [r4, #4]
20000150:	2380      	movs	r3, #128	@ 0x80
20000152:	02db      	lsls	r3, r3, #11
20000154:	60a3      	str	r3, [r4, #8]
20000156:	23c0      	movs	r3, #192	@ 0xc0
20000158:	031b      	lsls	r3, r3, #12
2000015a:	60a3      	str	r3, [r4, #8]
2000015c:	0020      	movs	r0, r4
2000015e:	bd10      	pop	{r4, pc}

20000160 <uart_set_irqs_enabled>:
20000160:	b510      	push	{r4, lr}
20000162:	2a00      	cmp	r2, #0
20000164:	d01b      	beq.n	2000019e <uart_set_irqs_enabled+0x3e>
20000166:	2320      	movs	r3, #32
20000168:	2900      	cmp	r1, #0
2000016a:	d01a      	beq.n	200001a2 <uart_set_irqs_enabled+0x42>
2000016c:	2410      	movs	r4, #16
2000016e:	4323      	orrs	r3, r4
20000170:	3430      	adds	r4, #48	@ 0x30
20000172:	46a4      	mov	ip, r4
20000174:	4664      	mov	r4, ip
20000176:	4323      	orrs	r3, r4
20000178:	6383      	str	r3, [r0, #56]	@ 0x38
2000017a:	2900      	cmp	r1, #0
2000017c:	d005      	beq.n	2000018a <uart_set_irqs_enabled+0x2a>
2000017e:	6b43      	ldr	r3, [r0, #52]	@ 0x34
20000180:	2138      	movs	r1, #56	@ 0x38
20000182:	400b      	ands	r3, r1
20000184:	4908      	ldr	r1, [pc, #32]	@ (200001a8 <uart_set_irqs_enabled+0x48>)
20000186:	1841      	adds	r1, r0, r1
20000188:	600b      	str	r3, [r1, #0]
2000018a:	2a00      	cmp	r2, #0
2000018c:	d006      	beq.n	2000019c <uart_set_irqs_enabled+0x3c>
2000018e:	6b43      	ldr	r3, [r0, #52]	@ 0x34
20000190:	2207      	movs	r2, #7
20000192:	4013      	ands	r3, r2
20000194:	4a04      	ldr	r2, [pc, #16]	@ (200001a8 <uart_set_irqs_enabled+0x48>)
20000196:	4694      	mov	ip, r2
20000198:	4460      	add	r0, ip
2000019a:	6003      	str	r3, [r0, #0]
2000019c:	bd10      	pop	{r4, pc}
2000019e:	0013      	movs	r3, r2
200001a0:	e7e2      	b.n	20000168 <uart_set_irqs_enabled+0x8>
200001a2:	468c      	mov	ip, r1
200001a4:	e7e6      	b.n	20000174 <uart_set_irqs_enabled+0x14>
200001a6:	46c0      	nop			@ (mov r8, r8)
200001a8:	00001034 	.word	0x00001034

200001ac <uart_getc>:
200001ac:	b082      	sub	sp, #8
200001ae:	2200      	movs	r2, #0
200001b0:	466b      	mov	r3, sp
200001b2:	1dd9      	adds	r1, r3, #7
200001b4:	e006      	b.n	200001c4 <uart_getc+0x18>
200001b6:	6983      	ldr	r3, [r0, #24]
200001b8:	06db      	lsls	r3, r3, #27
200001ba:	d4fc      	bmi.n	200001b6 <uart_getc+0xa>
200001bc:	6803      	ldr	r3, [r0, #0]
200001be:	700b      	strb	r3, [r1, #0]
200001c0:	3201      	adds	r2, #1
200001c2:	3101      	adds	r1, #1
200001c4:	2a00      	cmp	r2, #0
200001c6:	d0f6      	beq.n	200001b6 <uart_getc+0xa>
200001c8:	466b      	mov	r3, sp
200001ca:	79d8      	ldrb	r0, [r3, #7]
200001cc:	b002      	add	sp, #8
200001ce:	4770      	bx	lr

200001d0 <inhibited_signal_program_get_default_config>:
200001d0:	b570      	push	{r4, r5, r6, lr}
200001d2:	0004      	movs	r4, r0
200001d4:	000d      	movs	r5, r1
200001d6:	f7ff ffaf 	bl	20000138 <pio_get_default_sm_config>
200001da:	002a      	movs	r2, r5
200001dc:	320a      	adds	r2, #10
200001de:	6863      	ldr	r3, [r4, #4]
200001e0:	4904      	ldr	r1, [pc, #16]	@ (200001f4 <inhibited_signal_program_get_default_config+0x24>)
200001e2:	400b      	ands	r3, r1
200001e4:	01ed      	lsls	r5, r5, #7
200001e6:	432b      	orrs	r3, r5
200001e8:	0312      	lsls	r2, r2, #12
200001ea:	4313      	orrs	r3, r2
200001ec:	6063      	str	r3, [r4, #4]
200001ee:	0020      	movs	r0, r4
200001f0:	bd70      	pop	{r4, r5, r6, pc}
200001f2:	46c0      	nop			@ (mov r8, r8)
200001f4:	fffe007f 	.word	0xfffe007f

200001f8 <device_to_host_program_get_default_config>:
200001f8:	b570      	push	{r4, r5, r6, lr}
200001fa:	0004      	movs	r4, r0
200001fc:	000d      	movs	r5, r1
200001fe:	f7ff ff9b 	bl	20000138 <pio_get_default_sm_config>
20000202:	002a      	movs	r2, r5
20000204:	320e      	adds	r2, #14
20000206:	6863      	ldr	r3, [r4, #4]
20000208:	4904      	ldr	r1, [pc, #16]	@ (2000021c <device_to_host_program_get_default_config+0x24>)
2000020a:	400b      	ands	r3, r1
2000020c:	01ed      	lsls	r5, r5, #7
2000020e:	432b      	orrs	r3, r5
20000210:	0312      	lsls	r2, r2, #12
20000212:	4313      	orrs	r3, r2
20000214:	6063      	str	r3, [r4, #4]
20000216:	0020      	movs	r0, r4
20000218:	bd70      	pop	{r4, r5, r6, pc}
2000021a:	46c0      	nop			@ (mov r8, r8)
2000021c:	fffe007f 	.word	0xfffe007f

20000220 <idle_signal_program_get_default_config>:
20000220:	b570      	push	{r4, r5, r6, lr}
20000222:	0004      	movs	r4, r0
20000224:	000d      	movs	r5, r1
20000226:	f7ff ff87 	bl	20000138 <pio_get_default_sm_config>
2000022a:	1daa      	adds	r2, r5, #6
2000022c:	6863      	ldr	r3, [r4, #4]
2000022e:	4904      	ldr	r1, [pc, #16]	@ (20000240 <idle_signal_program_get_default_config+0x20>)
20000230:	400b      	ands	r3, r1
20000232:	01ed      	lsls	r5, r5, #7
20000234:	432b      	orrs	r3, r5
20000236:	0312      	lsls	r2, r2, #12
20000238:	4313      	orrs	r3, r2
2000023a:	6063      	str	r3, [r4, #4]
2000023c:	0020      	movs	r0, r4
2000023e:	bd70      	pop	{r4, r5, r6, pc}
20000240:	fffe007f 	.word	0xfffe007f

20000244 <spi_bench_fill_pattern>:
20000244:	b510      	push	{r4, lr}
20000246:	0014      	movs	r4, r2
20000248:	0093      	lsls	r3, r2, #2
2000024a:	189b      	adds	r3, r3, r2
2000024c:	015b      	lsls	r3, r3, #5
2000024e:	1a9b      	subs	r3, r3, r2
20000250:	015a      	lsls	r2, r3, #5
20000252:	189b      	adds	r3, r3, r2
20000254:	009b      	lsls	r3, r3, #2
20000256:	1b1b      	subs	r3, r3, r4
20000258:	015a      	lsls	r2, r3, #5
2000025a:	1ad3      	subs	r3, r2, r3
2000025c:	021a      	lsls	r2, r3, #8
2000025e:	1ad2      	subs	r2, r2, r3
20000260:	0112      	lsls	r2, r2, #4
20000262:	1912      	adds	r2, r2, r4
20000264:	4b0a      	ldr	r3, [pc, #40]	@ (20000290 <spi_bench_fill_pattern+0x4c>)
20000266:	469c      	mov	ip, r3
20000268:	4462      	add	r2, ip
2000026a:	2a00      	cmp	r2, #0
2000026c:	d00d      	beq.n	2000028a <spi_bench_fill_pattern+0x46>
2000026e:	2400      	movs	r4, #0
20000270:	e008      	b.n	20000284 <spi_bench_fill_pattern+0x40>
20000272:	0353      	lsls	r3, r2, #13
20000274:	405a      	eors	r2, r3
20000276:	0c53      	lsrs	r3, r2, #17
20000278:	4053      	eors	r3, r2
2000027a:	015a      	lsls	r2, r3, #5
2000027c:	405a      	eors	r2, r3
2000027e:	0e13      	lsrs	r3, r2, #24
20000280:	5503      	strb	r3, [r0, r4]
20000282:	3401      	adds	r4, #1
20000284:	428c      	cmp	r4, r1
20000286:	d3f4      	bcc.n	20000272 <spi_bench_fill_pattern+0x2e>
20000288:	bd10      	pop	{r4, pc}
2000028a:	4a01      	ldr	r2, [pc, #4]	@ (20000290 <spi_bench_fill_pattern+0x4c>)
2000028c:	e7ef      	b.n	2000026e <spi_bench_fill_pattern+0x2a>
2000028e:	46c0      	nop			@ (mov r8, r8)
20000290:	9e3779b9 	.word	0x9e3779b9

20000294 <rp_fault_putc>:
20000294:	4b05      	ldr	r3, [pc, #20]	@ (200002ac <rp_fault_putc+0x18>)
20000296:	6b1b      	ldr	r3, [r3, #48]	@ 0x30
20000298:	07db      	lsls	r3, r3, #31
2000029a:	d505      	bpl.n	200002a8 <rp_fault_putc+0x14>
2000029c:	4b03      	ldr	r3, [pc, #12]	@ (200002ac <rp_fault_putc+0x18>)
2000029e:	699b      	ldr	r3, [r3, #24]
200002a0:	069b      	lsls	r3, r3, #26
200002a2:	d4fb      	bmi.n	2000029c <rp_fault_putc+0x8>
200002a4:	4b01      	ldr	r3, [pc, #4]	@ (200002ac <rp_fault_putc+0x18>)
200002a6:	6018      	str	r0, [r3, #0]
200002a8:	4770      	bx	lr
200002aa:	46c0      	nop			@ (mov r8, r8)
200002ac:	40038000 	.word	0x40038000

200002b0 <rp_fault_puts>:
200002b0:	b510      	push	{r4, lr}
200002b2:	0004      	movs	r4, r0
200002b4:	e002      	b.n	200002bc <rp_fault_puts+0xc>
200002b6:	3401      	adds	r4, #1
200002b8:	f7ff ffec 	bl	20000294 <rp_fault_putc>
200002bc:	7820      	ldrb	r0, [r4, #0]
200002be:	2800      	cmp	r0, #0
200002c0:	d1f9      	bne.n	200002b6 <rp_fault_puts+0x6>
200002c2:	bd10      	pop	{r4, pc}

200002c4 <rp_fault_hex>:
200002c4:	b570      	push	{r4, r5, r6, lr}
200002c6:	0005      	movs	r5, r0
200002c8:	4808      	ldr	r0, [pc, #32]	@ (200002ec <rp_fault_hex+0x28>)
200002ca:	f7ff fff1 	bl	200002b0 <rp_fault_puts>
200002ce:	241c      	movs	r4, #28
200002d0:	e008      	b.n	200002e4 <rp_fault_hex+0x20>
200002d2:	002a      	movs	r2, r5
200002d4:	40e2      	lsrs	r2, r4
200002d6:	230f      	movs	r3, #15
200002d8:	4013      	ands	r3, r2
200002da:	4a05      	ldr	r2, [pc, #20]	@ (200002f0 <rp_fault_hex+0x2c>)
200002dc:	5cd0      	ldrb	r0, [r2, r3]
200002de:	f7ff ffd9 	bl	20000294 <rp_fault_putc>
200002e2:	3c04      	subs	r4, #4
200002e4:	2c00      	cmp	r4, #0
200002e6:	daf4      	bge.n	200002d2 <rp_fault_hex+0xe>
200002e8:	bd70      	pop	{r4, r5, r6, pc}
200002ea:	46c0      	nop			@ (mov r8, r8)
200002ec:	2000a994 	.word	0x2000a994
200002f0:	2000cabc 	.word	0x2000cabc

200002f4 <rp_fault_line>:
200002f4:	b510      	push	{r4, lr}
200002f6:	000c      	movs	r4, r1
200002f8:	f7ff ffda 	bl	200002b0 <rp_fault_puts>
200002fc:	0020      	movs	r0, r4
200002fe:	f7ff ffe1 	bl	200002c4 <rp_fault_hex>
20000302:	4802      	ldr	r0, [pc, #8]	@ (2000030c <rp_fault_line+0x18>)
20000304:	f7ff ffd4 	bl	200002b0 <rp_fault_puts>
20000308:	bd10      	pop	{r4, pc}
2000030a:	46c0      	nop			@ (mov r8, r8)
2000030c:	2000bbf4 	.word	0x2000bbf4

20000310 <get_start_free_flash_space_addr>:
20000310:	4801      	ldr	r0, [pc, #4]	@ (20000318 <get_start_free_flash_space_addr+0x8>)
20000312:	23ff      	movs	r3, #255	@ 0xff
20000314:	4398      	bics	r0, r3
20000316:	4770      	bx	lr
20000318:	1000d8cf 	.word	0x1000d8cf

2000031c <get_flash_end_address>:
2000031c:	2088      	movs	r0, #136	@ 0x88
2000031e:	0540      	lsls	r0, r0, #21
20000320:	4770      	bx	lr

20000322 <get_free_flash_space>:
20000322:	b510      	push	{r4, lr}
20000324:	f7ff fffa 	bl	2000031c <get_flash_end_address>
20000328:	0004      	movs	r4, r0
2000032a:	f7ff fff1 	bl	20000310 <get_start_free_flash_space_addr>
2000032e:	1a20      	subs	r0, r4, r0
20000330:	bd10      	pop	{r4, pc}
	...

20000334 <bootsel_pressed_safely>:
20000334:	b082      	sub	sp, #8
20000336:	f3ef 8110 	mrs	r1, PRIMASK
2000033a:	b672      	cpsid	i
2000033c:	4b14      	ldr	r3, [pc, #80]	@ (20000390 <bootsel_pressed_safely+0x5c>)
2000033e:	681a      	ldr	r2, [r3, #0]
20000340:	2380      	movs	r3, #128	@ 0x80
20000342:	019b      	lsls	r3, r3, #6
20000344:	4053      	eors	r3, r2
20000346:	22c0      	movs	r2, #192	@ 0xc0
20000348:	0192      	lsls	r2, r2, #6
2000034a:	4013      	ands	r3, r2
2000034c:	4a11      	ldr	r2, [pc, #68]	@ (20000394 <bootsel_pressed_safely+0x60>)
2000034e:	6013      	str	r3, [r2, #0]
20000350:	2300      	movs	r3, #0
20000352:	9301      	str	r3, [sp, #4]
20000354:	e002      	b.n	2000035c <bootsel_pressed_safely+0x28>
20000356:	9b01      	ldr	r3, [sp, #4]
20000358:	3301      	adds	r3, #1
2000035a:	9301      	str	r3, [sp, #4]
2000035c:	9a01      	ldr	r2, [sp, #4]
2000035e:	23fa      	movs	r3, #250	@ 0xfa
20000360:	009b      	lsls	r3, r3, #2
20000362:	429a      	cmp	r2, r3
20000364:	dbf7      	blt.n	20000356 <bootsel_pressed_safely+0x22>
20000366:	23d0      	movs	r3, #208	@ 0xd0
20000368:	061b      	lsls	r3, r3, #24
2000036a:	689b      	ldr	r3, [r3, #8]
2000036c:	2002      	movs	r0, #2
2000036e:	4018      	ands	r0, r3
20000370:	0780      	lsls	r0, r0, #30
20000372:	0fc0      	lsrs	r0, r0, #31
20000374:	2301      	movs	r3, #1
20000376:	4058      	eors	r0, r3
20000378:	b2c0      	uxtb	r0, r0
2000037a:	4b05      	ldr	r3, [pc, #20]	@ (20000390 <bootsel_pressed_safely+0x5c>)
2000037c:	681b      	ldr	r3, [r3, #0]
2000037e:	22c0      	movs	r2, #192	@ 0xc0
20000380:	0192      	lsls	r2, r2, #6
20000382:	4013      	ands	r3, r2
20000384:	4a03      	ldr	r2, [pc, #12]	@ (20000394 <bootsel_pressed_safely+0x60>)
20000386:	6013      	str	r3, [r2, #0]
20000388:	f381 8810 	msr	PRIMASK, r1
2000038c:	b002      	add	sp, #8
2000038e:	4770      	bx	lr
20000390:	4001800c 	.word	0x4001800c
20000394:	4001900c 	.word	0x4001900c

20000398 <crc32_update>:
20000398:	b570      	push	{r4, r5, r6, lr}
2000039a:	0003      	movs	r3, r0
2000039c:	000d      	movs	r5, r1
2000039e:	0016      	movs	r6, r2
200003a0:	2400      	movs	r4, #0
200003a2:	e00e      	b.n	200003c2 <crc32_update+0x2a>
200003a4:	5d28      	ldrb	r0, [r5, r4]
200003a6:	4058      	eors	r0, r3
200003a8:	0901      	lsrs	r1, r0, #4
200003aa:	230f      	movs	r3, #15
200003ac:	4018      	ands	r0, r3
200003ae:	4a07      	ldr	r2, [pc, #28]	@ (200003cc <crc32_update+0x34>)
200003b0:	0080      	lsls	r0, r0, #2
200003b2:	5880      	ldr	r0, [r0, r2]
200003b4:	4041      	eors	r1, r0
200003b6:	0908      	lsrs	r0, r1, #4
200003b8:	400b      	ands	r3, r1
200003ba:	009b      	lsls	r3, r3, #2
200003bc:	589b      	ldr	r3, [r3, r2]
200003be:	4043      	eors	r3, r0
200003c0:	3401      	adds	r4, #1
200003c2:	42b4      	cmp	r4, r6
200003c4:	d3ee      	bcc.n	200003a4 <crc32_update+0xc>
200003c6:	0018      	movs	r0, r3
200003c8:	bd70      	pop	{r4, r5, r6, pc}
200003ca:	46c0      	nop			@ (mov r8, r8)
200003cc:	2000ca70 	.word	0x2000ca70

200003d0 <crc32_buffer>:
200003d0:	b510      	push	{r4, lr}
200003d2:	000a      	movs	r2, r1
200003d4:	2301      	movs	r3, #1
200003d6:	0001      	movs	r1, r0
200003d8:	4258      	negs	r0, r3
200003da:	f7ff ffdd 	bl	20000398 <crc32_update>
200003de:	43c0      	mvns	r0, r0
200003e0:	bd10      	pop	{r4, pc}

200003e2 <crc32_flash_region>:
200003e2:	b510      	push	{r4, lr}
200003e4:	2380      	movs	r3, #128	@ 0x80
200003e6:	055b      	lsls	r3, r3, #21
200003e8:	469c      	mov	ip, r3
200003ea:	4460      	add	r0, ip
200003ec:	f7ff fff0 	bl	200003d0 <crc32_buffer>
200003f0:	bd10      	pop	{r4, pc}
	...

200003f4 <ota_app_size>:
200003f4:	4803      	ldr	r0, [pc, #12]	@ (20000404 <ota_app_size+0x10>)
200003f6:	23ff      	movs	r3, #255	@ 0xff
200003f8:	4398      	bics	r0, r3
200003fa:	23f0      	movs	r3, #240	@ 0xf0
200003fc:	061b      	lsls	r3, r3, #24
200003fe:	469c      	mov	ip, r3
20000400:	4460      	add	r0, ip
20000402:	4770      	bx	lr
20000404:	1000d8cf 	.word	0x1000d8cf

20000408 <ota_meta_valid>:
20000408:	b510      	push	{r4, lr}
2000040a:	0004      	movs	r4, r0
2000040c:	6802      	ldr	r2, [r0, #0]
2000040e:	4b07      	ldr	r3, [pc, #28]	@ (2000042c <ota_meta_valid+0x24>)
20000410:	429a      	cmp	r2, r3
20000412:	d108      	bne.n	20000426 <ota_meta_valid+0x1e>
20000414:	2124      	movs	r1, #36	@ 0x24
20000416:	f7ff ffdb 	bl	200003d0 <crc32_buffer>
2000041a:	6a63      	ldr	r3, [r4, #36]	@ 0x24
2000041c:	1ac0      	subs	r0, r0, r3
2000041e:	4243      	negs	r3, r0
20000420:	4158      	adcs	r0, r3
20000422:	b2c0      	uxtb	r0, r0
20000424:	bd10      	pop	{r4, pc}
20000426:	2000      	movs	r0, #0
20000428:	e7fc      	b.n	20000424 <ota_meta_valid+0x1c>
2000042a:	46c0      	nop			@ (mov r8, r8)
2000042c:	494b4b4f 	.word	0x494b4b4f

20000430 <spi_get_u32>:
20000430:	0003      	movs	r3, r0
20000432:	7800      	ldrb	r0, [r0, #0]
20000434:	785a      	ldrb	r2, [r3, #1]
20000436:	0212      	lsls	r2, r2, #8
20000438:	4310      	orrs	r0, r2
2000043a:	789a      	ldrb	r2, [r3, #2]
2000043c:	0412      	lsls	r2, r2, #16
2000043e:	4310      	orrs	r0, r2
20000440:	78db      	ldrb	r3, [r3, #3]
20000442:	061b      	lsls	r3, r3, #24
20000444:	4318      	orrs	r0, r3
20000446:	4770      	bx	lr

20000448 <spi_put_u32>:
20000448:	7001      	strb	r1, [r0, #0]
2000044a:	0a0b      	lsrs	r3, r1, #8
2000044c:	7043      	strb	r3, [r0, #1]
2000044e:	0c0b      	lsrs	r3, r1, #16
20000450:	7083      	strb	r3, [r0, #2]
20000452:	0e09      	lsrs	r1, r1, #24
20000454:	70c1      	strb	r1, [r0, #3]
20000456:	4770      	bx	lr

20000458 <spi_frame_is_silent>:
20000458:	2200      	movs	r2, #0
2000045a:	2aff      	cmp	r2, #255	@ 0xff
2000045c:	d806      	bhi.n	2000046c <spi_frame_is_silent+0x14>
2000045e:	5c83      	ldrb	r3, [r0, r2]
20000460:	3b01      	subs	r3, #1
20000462:	b2db      	uxtb	r3, r3
20000464:	2bfd      	cmp	r3, #253	@ 0xfd
20000466:	d903      	bls.n	20000470 <spi_frame_is_silent+0x18>
20000468:	3201      	adds	r2, #1
2000046a:	e7f6      	b.n	2000045a <spi_frame_is_silent+0x2>
2000046c:	2001      	movs	r0, #1
2000046e:	e000      	b.n	20000472 <spi_frame_is_silent+0x1a>
20000470:	2000      	movs	r0, #0
20000472:	4770      	bx	lr

20000474 <bench_uart_drain>:
20000474:	4b04      	ldr	r3, [pc, #16]	@ (20000488 <bench_uart_drain+0x14>)
20000476:	699b      	ldr	r3, [r3, #24]
20000478:	071b      	lsls	r3, r3, #28
2000047a:	d4fb      	bmi.n	20000474 <bench_uart_drain>
2000047c:	4b03      	ldr	r3, [pc, #12]	@ (2000048c <bench_uart_drain+0x18>)
2000047e:	699b      	ldr	r3, [r3, #24]
20000480:	071b      	lsls	r3, r3, #28
20000482:	d4fb      	bmi.n	2000047c <bench_uart_drain+0x8>
20000484:	4770      	bx	lr
20000486:	46c0      	nop			@ (mov r8, r8)
20000488:	40034000 	.word	0x40034000
2000048c:	40038000 	.word	0x40038000

20000490 <bench_peri_auxsrc>:
20000490:	4b02      	ldr	r3, [pc, #8]	@ (2000049c <bench_peri_auxsrc+0xc>)
20000492:	6c9b      	ldr	r3, [r3, #72]	@ 0x48
20000494:	095b      	lsrs	r3, r3, #5
20000496:	2007      	movs	r0, #7
20000498:	4018      	ands	r0, r3
2000049a:	4770      	bx	lr
2000049c:	40008000 	.word	0x40008000

200004a0 <bench_save_usb_pll>:
200004a0:	490b      	ldr	r1, [pc, #44]	@ (200004d0 <bench_save_usb_pll+0x30>)
200004a2:	680a      	ldr	r2, [r1, #0]
200004a4:	233f      	movs	r3, #63	@ 0x3f
200004a6:	4013      	ands	r3, r2
200004a8:	4a0a      	ldr	r2, [pc, #40]	@ (200004d4 <bench_save_usb_pll+0x34>)
200004aa:	6013      	str	r3, [r2, #0]
200004ac:	688b      	ldr	r3, [r1, #8]
200004ae:	051b      	lsls	r3, r3, #20
200004b0:	0d1b      	lsrs	r3, r3, #20
200004b2:	4a09      	ldr	r2, [pc, #36]	@ (200004d8 <bench_save_usb_pll+0x38>)
200004b4:	6013      	str	r3, [r2, #0]
200004b6:	68cb      	ldr	r3, [r1, #12]
200004b8:	0c1b      	lsrs	r3, r3, #16
200004ba:	2207      	movs	r2, #7
200004bc:	4013      	ands	r3, r2
200004be:	4807      	ldr	r0, [pc, #28]	@ (200004dc <bench_save_usb_pll+0x3c>)
200004c0:	6003      	str	r3, [r0, #0]
200004c2:	68cb      	ldr	r3, [r1, #12]
200004c4:	0b1b      	lsrs	r3, r3, #12
200004c6:	401a      	ands	r2, r3
200004c8:	4b05      	ldr	r3, [pc, #20]	@ (200004e0 <bench_save_usb_pll+0x40>)
200004ca:	601a      	str	r2, [r3, #0]
200004cc:	4770      	bx	lr
200004ce:	46c0      	nop			@ (mov r8, r8)
200004d0:	4002c000 	.word	0x4002c000
200004d4:	2000db34 	.word	0x2000db34
200004d8:	2000db28 	.word	0x2000db28
200004dc:	2000db2c 	.word	0x2000db2c
200004e0:	2000db30 	.word	0x2000db30

200004e4 <bench_frame_is_ours>:
200004e4:	7943      	ldrb	r3, [r0, #5]
200004e6:	2b03      	cmp	r3, #3
200004e8:	d001      	beq.n	200004ee <bench_frame_is_ours+0xa>
200004ea:	2000      	movs	r0, #0
200004ec:	4770      	bx	lr
200004ee:	7b42      	ldrb	r2, [r0, #13]
200004f0:	4b03      	ldr	r3, [pc, #12]	@ (20000500 <bench_frame_is_ours+0x1c>)
200004f2:	781b      	ldrb	r3, [r3, #0]
200004f4:	429a      	cmp	r2, r3
200004f6:	d001      	beq.n	200004fc <bench_frame_is_ours+0x18>
200004f8:	2000      	movs	r0, #0
200004fa:	e7f7      	b.n	200004ec <bench_frame_is_ours+0x8>
200004fc:	2001      	movs	r0, #1
200004fe:	e7f5      	b.n	200004ec <bench_frame_is_ours+0x8>
20000500:	20016d4b 	.word	0x20016d4b

20000504 <uart_bench_build>:
20000504:	b5f8      	push	{r3, r4, r5, r6, r7, lr}
20000506:	0004      	movs	r4, r0
20000508:	000f      	movs	r7, r1
2000050a:	0015      	movs	r5, r2
2000050c:	490c      	ldr	r1, [pc, #48]	@ (20000540 <uart_bench_build+0x3c>)
2000050e:	2204      	movs	r2, #4
20000510:	f007 fb1c 	bl	20007b4c <__wrap___aeabi_memcpy>
20000514:	1d26      	adds	r6, r4, #4
20000516:	0029      	movs	r1, r5
20000518:	0030      	movs	r0, r6
2000051a:	f7ff ff95 	bl	20000448 <spi_put_u32>
2000051e:	0020      	movs	r0, r4
20000520:	3008      	adds	r0, #8
20000522:	19ea      	adds	r2, r5, r7
20000524:	2130      	movs	r1, #48	@ 0x30
20000526:	f7ff fe8d 	bl	20000244 <spi_bench_fill_pattern>
2000052a:	2134      	movs	r1, #52	@ 0x34
2000052c:	0030      	movs	r0, r6
2000052e:	f7ff ff4f 	bl	200003d0 <crc32_buffer>
20000532:	0001      	movs	r1, r0
20000534:	0020      	movs	r0, r4
20000536:	3038      	adds	r0, #56	@ 0x38
20000538:	f7ff ff86 	bl	20000448 <spi_put_u32>
2000053c:	bdf8      	pop	{r3, r4, r5, r6, r7, pc}
2000053e:	46c0      	nop			@ (mov r8, r8)
20000540:	2000a998 	.word	0x2000a998

20000544 <uart_rp_clean>:
20000544:	b5f0      	push	{r4, r5, r6, r7, lr}
20000546:	46c6      	mov	lr, r8
20000548:	b500      	push	{lr}
2000054a:	6884      	ldr	r4, [r0, #8]
2000054c:	2c00      	cmp	r4, #0
2000054e:	d030      	beq.n	200005b2 <uart_rp_clean+0x6e>
20000550:	6b45      	ldr	r5, [r0, #52]	@ 0x34
20000552:	2d00      	cmp	r5, #0
20000554:	d031      	beq.n	200005ba <uart_rp_clean+0x76>
20000556:	6903      	ldr	r3, [r0, #16]
20000558:	2b00      	cmp	r3, #0
2000055a:	d130      	bne.n	200005be <uart_rp_clean+0x7a>
2000055c:	6b03      	ldr	r3, [r0, #48]	@ 0x30
2000055e:	1e1e      	subs	r6, r3, #0
20000560:	d12f      	bne.n	200005c2 <uart_rp_clean+0x7e>
20000562:	6ac3      	ldr	r3, [r0, #44]	@ 0x2c
20000564:	429c      	cmp	r4, r3
20000566:	d922      	bls.n	200005ae <uart_rp_clean+0x6a>
20000568:	1ae3      	subs	r3, r4, r3
2000056a:	4698      	mov	r8, r3
2000056c:	68c3      	ldr	r3, [r0, #12]
2000056e:	429d      	cmp	r5, r3
20000570:	d901      	bls.n	20000576 <uart_rp_clean+0x32>
20000572:	1aeb      	subs	r3, r5, r3
20000574:	001e      	movs	r6, r3
20000576:	21fa      	movs	r1, #250	@ 0xfa
20000578:	0089      	lsls	r1, r1, #2
2000057a:	0020      	movs	r0, r4
2000057c:	f006 fb32 	bl	20006be4 <__wrap___aeabi_uidiv>
20000580:	0007      	movs	r7, r0
20000582:	21fa      	movs	r1, #250	@ 0xfa
20000584:	0089      	lsls	r1, r1, #2
20000586:	0028      	movs	r0, r5
20000588:	f006 fb2c 	bl	20006be4 <__wrap___aeabi_uidiv>
2000058c:	4b0f      	ldr	r3, [pc, #60]	@ (200005cc <uart_rp_clean+0x88>)
2000058e:	429c      	cmp	r4, r3
20000590:	d801      	bhi.n	20000596 <uart_rp_clean+0x52>
20000592:	2303      	movs	r3, #3
20000594:	001f      	movs	r7, r3
20000596:	4b0d      	ldr	r3, [pc, #52]	@ (200005cc <uart_rp_clean+0x88>)
20000598:	429d      	cmp	r5, r3
2000059a:	d800      	bhi.n	2000059e <uart_rp_clean+0x5a>
2000059c:	2003      	movs	r0, #3
2000059e:	4643      	mov	r3, r8
200005a0:	42bb      	cmp	r3, r7
200005a2:	d810      	bhi.n	200005c6 <uart_rp_clean+0x82>
200005a4:	2300      	movs	r3, #0
200005a6:	42b0      	cmp	r0, r6
200005a8:	415b      	adcs	r3, r3
200005aa:	b2d8      	uxtb	r0, r3
200005ac:	e002      	b.n	200005b4 <uart_rp_clean+0x70>
200005ae:	46b0      	mov	r8, r6
200005b0:	e7dc      	b.n	2000056c <uart_rp_clean+0x28>
200005b2:	2000      	movs	r0, #0
200005b4:	bc80      	pop	{r7}
200005b6:	46b8      	mov	r8, r7
200005b8:	bdf0      	pop	{r4, r5, r6, r7, pc}
200005ba:	2000      	movs	r0, #0
200005bc:	e7fa      	b.n	200005b4 <uart_rp_clean+0x70>
200005be:	2000      	movs	r0, #0
200005c0:	e7f8      	b.n	200005b4 <uart_rp_clean+0x70>
200005c2:	2000      	movs	r0, #0
200005c4:	e7f6      	b.n	200005b4 <uart_rp_clean+0x70>
200005c6:	2000      	movs	r0, #0
200005c8:	e7f4      	b.n	200005b4 <uart_rp_clean+0x70>
200005ca:	46c0      	nop			@ (mov r8, r8)
200005cc:	00000bb7 	.word	0x00000bb7

200005d0 <bench_rp_clean>:
200005d0:	b510      	push	{r4, lr}
200005d2:	233c      	movs	r3, #60	@ 0x3c
200005d4:	5cc3      	ldrb	r3, [r0, r3]
200005d6:	2b01      	cmp	r3, #1
200005d8:	d018      	beq.n	2000060c <bench_rp_clean+0x3c>
200005da:	6883      	ldr	r3, [r0, #8]
200005dc:	2b00      	cmp	r3, #0
200005de:	d018      	beq.n	20000612 <bench_rp_clean+0x42>
200005e0:	6902      	ldr	r2, [r0, #16]
200005e2:	2a00      	cmp	r2, #0
200005e4:	d117      	bne.n	20000616 <bench_rp_clean+0x46>
200005e6:	6942      	ldr	r2, [r0, #20]
200005e8:	2a00      	cmp	r2, #0
200005ea:	d116      	bne.n	2000061a <bench_rp_clean+0x4a>
200005ec:	8d42      	ldrh	r2, [r0, #42]	@ 0x2a
200005ee:	2a1f      	cmp	r2, #31
200005f0:	d815      	bhi.n	2000061e <bench_rp_clean+0x4e>
200005f2:	68c2      	ldr	r2, [r0, #12]
200005f4:	1a9c      	subs	r4, r3, r2
200005f6:	21fa      	movs	r1, #250	@ 0xfa
200005f8:	0089      	lsls	r1, r1, #2
200005fa:	0018      	movs	r0, r3
200005fc:	f006 faf2 	bl	20006be4 <__wrap___aeabi_uidiv>
20000600:	0003      	movs	r3, r0
20000602:	2000      	movs	r0, #0
20000604:	42a3      	cmp	r3, r4
20000606:	4140      	adcs	r0, r0
20000608:	b2c0      	uxtb	r0, r0
2000060a:	e003      	b.n	20000614 <bench_rp_clean+0x44>
2000060c:	f7ff ff9a 	bl	20000544 <uart_rp_clean>
20000610:	e000      	b.n	20000614 <bench_rp_clean+0x44>
20000612:	2000      	movs	r0, #0
20000614:	bd10      	pop	{r4, pc}
20000616:	2000      	movs	r0, #0
20000618:	e7fc      	b.n	20000614 <bench_rp_clean+0x44>
2000061a:	2000      	movs	r0, #0
2000061c:	e7fa      	b.n	20000614 <bench_rp_clean+0x44>
2000061e:	2000      	movs	r0, #0
20000620:	e7f8      	b.n	20000614 <bench_rp_clean+0x44>

20000622 <bench_stat_add>:
20000622:	b530      	push	{r4, r5, lr}
20000624:	233c      	movs	r3, #60	@ 0x3c
20000626:	5cca      	ldrb	r2, [r1, r3]
20000628:	54c2      	strb	r2, [r0, r3]
2000062a:	6ac3      	ldr	r3, [r0, #44]	@ 0x2c
2000062c:	6aca      	ldr	r2, [r1, #44]	@ 0x2c
2000062e:	189b      	adds	r3, r3, r2
20000630:	62c3      	str	r3, [r0, #44]	@ 0x2c
20000632:	6b03      	ldr	r3, [r0, #48]	@ 0x30
20000634:	6b0a      	ldr	r2, [r1, #48]	@ 0x30
20000636:	189b      	adds	r3, r3, r2
20000638:	6303      	str	r3, [r0, #48]	@ 0x30
2000063a:	6b43      	ldr	r3, [r0, #52]	@ 0x34
2000063c:	6b4a      	ldr	r2, [r1, #52]	@ 0x34
2000063e:	189b      	adds	r3, r3, r2
20000640:	6343      	str	r3, [r0, #52]	@ 0x34
20000642:	680b      	ldr	r3, [r1, #0]
20000644:	6003      	str	r3, [r0, #0]
20000646:	684b      	ldr	r3, [r1, #4]
20000648:	6043      	str	r3, [r0, #4]
2000064a:	6a4b      	ldr	r3, [r1, #36]	@ 0x24
2000064c:	6243      	str	r3, [r0, #36]	@ 0x24
2000064e:	2338      	movs	r3, #56	@ 0x38
20000650:	5cca      	ldrb	r2, [r1, r3]
20000652:	54c2      	strb	r2, [r0, r3]
20000654:	3301      	adds	r3, #1
20000656:	5cca      	ldrb	r2, [r1, r3]
20000658:	54c2      	strb	r2, [r0, r3]
2000065a:	3301      	adds	r3, #1
2000065c:	5cca      	ldrb	r2, [r1, r3]
2000065e:	54c2      	strb	r2, [r0, r3]
20000660:	3301      	adds	r3, #1
20000662:	5cca      	ldrb	r2, [r1, r3]
20000664:	54c2      	strb	r2, [r0, r3]
20000666:	6883      	ldr	r3, [r0, #8]
20000668:	688a      	ldr	r2, [r1, #8]
2000066a:	189b      	adds	r3, r3, r2
2000066c:	6083      	str	r3, [r0, #8]
2000066e:	68c3      	ldr	r3, [r0, #12]
20000670:	68ca      	ldr	r2, [r1, #12]
20000672:	189b      	adds	r3, r3, r2
20000674:	60c3      	str	r3, [r0, #12]
20000676:	6903      	ldr	r3, [r0, #16]
20000678:	690a      	ldr	r2, [r1, #16]
2000067a:	189b      	adds	r3, r3, r2
2000067c:	6103      	str	r3, [r0, #16]
2000067e:	6943      	ldr	r3, [r0, #20]
20000680:	694a      	ldr	r2, [r1, #20]
20000682:	189b      	adds	r3, r3, r2
20000684:	6143      	str	r3, [r0, #20]
20000686:	6a03      	ldr	r3, [r0, #32]
20000688:	6a0a      	ldr	r2, [r1, #32]
2000068a:	189b      	adds	r3, r3, r2
2000068c:	6203      	str	r3, [r0, #32]
2000068e:	6982      	ldr	r2, [r0, #24]
20000690:	69c3      	ldr	r3, [r0, #28]
20000692:	698c      	ldr	r4, [r1, #24]
20000694:	69cd      	ldr	r5, [r1, #28]
20000696:	1912      	adds	r2, r2, r4
20000698:	416b      	adcs	r3, r5
2000069a:	6182      	str	r2, [r0, #24]
2000069c:	61c3      	str	r3, [r0, #28]
2000069e:	8d0b      	ldrh	r3, [r1, #40]	@ 0x28
200006a0:	8d02      	ldrh	r2, [r0, #40]	@ 0x28
200006a2:	4293      	cmp	r3, r2
200006a4:	d200      	bcs.n	200006a8 <bench_stat_add+0x86>
200006a6:	8503      	strh	r3, [r0, #40]	@ 0x28
200006a8:	8d4b      	ldrh	r3, [r1, #42]	@ 0x2a
200006aa:	8d42      	ldrh	r2, [r0, #42]	@ 0x2a
200006ac:	4293      	cmp	r3, r2
200006ae:	d900      	bls.n	200006b2 <bench_stat_add+0x90>
200006b0:	8543      	strh	r3, [r0, #42]	@ 0x2a
200006b2:	bd30      	pop	{r4, r5, pc}

200006b4 <bench_esp_gone>:
200006b4:	4b04      	ldr	r3, [pc, #16]	@ (200006c8 <bench_esp_gone+0x14>)
200006b6:	781b      	ldrb	r3, [r3, #0]
200006b8:	3b04      	subs	r3, #4
200006ba:	b2db      	uxtb	r3, r3
200006bc:	2000      	movs	r0, #0
200006be:	2201      	movs	r2, #1
200006c0:	429a      	cmp	r2, r3
200006c2:	4140      	adcs	r0, r0
200006c4:	b2c0      	uxtb	r0, r0
200006c6:	4770      	bx	lr
200006c8:	20016d47 	.word	0x20016d47

200006cc <restart_device_to_host_sm>:
200006cc:	4b06      	ldr	r3, [pc, #24]	@ (200006e8 <restart_device_to_host_sm+0x1c>)
200006ce:	6819      	ldr	r1, [r3, #0]
200006d0:	4b06      	ldr	r3, [pc, #24]	@ (200006ec <restart_device_to_host_sm+0x20>)
200006d2:	681b      	ldr	r3, [r3, #0]
200006d4:	221f      	movs	r2, #31
200006d6:	401a      	ands	r2, r3
200006d8:	004b      	lsls	r3, r1, #1
200006da:	185b      	adds	r3, r3, r1
200006dc:	00db      	lsls	r3, r3, #3
200006de:	4904      	ldr	r1, [pc, #16]	@ (200006f0 <restart_device_to_host_sm+0x24>)
200006e0:	468c      	mov	ip, r1
200006e2:	4463      	add	r3, ip
200006e4:	601a      	str	r2, [r3, #0]
200006e6:	4770      	bx	lr
200006e8:	2000f290 	.word	0x2000f290
200006ec:	2000f2dc 	.word	0x2000f2dc
200006f0:	502000d8 	.word	0x502000d8

200006f4 <restart_host_to_device_sm>:
200006f4:	4b06      	ldr	r3, [pc, #24]	@ (20000710 <restart_host_to_device_sm+0x1c>)
200006f6:	6819      	ldr	r1, [r3, #0]
200006f8:	4b06      	ldr	r3, [pc, #24]	@ (20000714 <restart_host_to_device_sm+0x20>)
200006fa:	681b      	ldr	r3, [r3, #0]
200006fc:	221f      	movs	r2, #31
200006fe:	401a      	ands	r2, r3
20000700:	004b      	lsls	r3, r1, #1
20000702:	185b      	adds	r3, r3, r1
20000704:	00db      	lsls	r3, r3, #3
20000706:	4904      	ldr	r1, [pc, #16]	@ (20000718 <restart_host_to_device_sm+0x24>)
20000708:	468c      	mov	ip, r1
2000070a:	4463      	add	r3, ip
2000070c:	601a      	str	r2, [r3, #0]
2000070e:	4770      	bx	lr
20000710:	2000f28c 	.word	0x2000f28c
20000714:	2000f2e0 	.word	0x2000f2e0
20000718:	503000d8 	.word	0x503000d8

2000071c <stop_device_to_host_sm>:
2000071c:	b510      	push	{r4, lr}
2000071e:	23d0      	movs	r3, #208	@ 0xd0
20000720:	061b      	lsls	r3, r3, #24
20000722:	2280      	movs	r2, #128	@ 0x80
20000724:	03d2      	lsls	r2, r2, #15
20000726:	615a      	str	r2, [r3, #20]
20000728:	23d0      	movs	r3, #208	@ 0xd0
2000072a:	061b      	lsls	r3, r3, #24
2000072c:	685b      	ldr	r3, [r3, #4]
2000072e:	025b      	lsls	r3, r3, #9
20000730:	d5fa      	bpl.n	20000728 <stop_device_to_host_sm+0xc>
20000732:	f7ff ffcb 	bl	200006cc <restart_device_to_host_sm>
20000736:	bd10      	pop	{r4, pc}

20000738 <start_device_to_host_sm>:
20000738:	b510      	push	{r4, lr}
2000073a:	23d0      	movs	r3, #208	@ 0xd0
2000073c:	061b      	lsls	r3, r3, #24
2000073e:	2280      	movs	r2, #128	@ 0x80
20000740:	03d2      	lsls	r2, r2, #15
20000742:	619a      	str	r2, [r3, #24]
20000744:	f7ff ffc2 	bl	200006cc <restart_device_to_host_sm>
20000748:	bd10      	pop	{r4, pc}
	...

2000074c <pio0_irq>:
2000074c:	b510      	push	{r4, lr}
2000074e:	4b0b      	ldr	r3, [pc, #44]	@ (2000077c <pio0_irq+0x30>)
20000750:	6b1b      	ldr	r3, [r3, #48]	@ 0x30
20000752:	07db      	lsls	r3, r3, #31
20000754:	d404      	bmi.n	20000760 <pio0_irq+0x14>
20000756:	4b09      	ldr	r3, [pc, #36]	@ (2000077c <pio0_irq+0x30>)
20000758:	6b1b      	ldr	r3, [r3, #48]	@ 0x30
2000075a:	079b      	lsls	r3, r3, #30
2000075c:	d406      	bmi.n	2000076c <pio0_irq+0x20>
2000075e:	bd10      	pop	{r4, pc}
20000760:	4b06      	ldr	r3, [pc, #24]	@ (2000077c <pio0_irq+0x30>)
20000762:	2201      	movs	r2, #1
20000764:	631a      	str	r2, [r3, #48]	@ 0x30
20000766:	f7ff ffd9 	bl	2000071c <stop_device_to_host_sm>
2000076a:	e7f8      	b.n	2000075e <pio0_irq+0x12>
2000076c:	4b03      	ldr	r3, [pc, #12]	@ (2000077c <pio0_irq+0x30>)
2000076e:	2202      	movs	r2, #2
20000770:	631a      	str	r2, [r3, #48]	@ 0x30
20000772:	f7ff ffe1 	bl	20000738 <start_device_to_host_sm>
20000776:	f7ff ffbd 	bl	200006f4 <restart_host_to_device_sm>
2000077a:	e7f0      	b.n	2000075e <pio0_irq+0x12>
2000077c:	50200000 	.word	0x50200000

20000780 <pio1_irq>:
20000780:	b510      	push	{r4, lr}
20000782:	4b0a      	ldr	r3, [pc, #40]	@ (200007ac <pio1_irq+0x2c>)
20000784:	6b1b      	ldr	r3, [r3, #48]	@ 0x30
20000786:	07db      	lsls	r3, r3, #31
20000788:	d407      	bmi.n	2000079a <pio1_irq+0x1a>
2000078a:	4b08      	ldr	r3, [pc, #32]	@ (200007ac <pio1_irq+0x2c>)
2000078c:	6b1b      	ldr	r3, [r3, #48]	@ 0x30
2000078e:	079b      	lsls	r3, r3, #30
20000790:	d502      	bpl.n	20000798 <pio1_irq+0x18>
20000792:	4b06      	ldr	r3, [pc, #24]	@ (200007ac <pio1_irq+0x2c>)
20000794:	2202      	movs	r2, #2
20000796:	631a      	str	r2, [r3, #48]	@ 0x30
20000798:	bd10      	pop	{r4, pc}
2000079a:	4b04      	ldr	r3, [pc, #16]	@ (200007ac <pio1_irq+0x2c>)
2000079c:	2201      	movs	r2, #1
2000079e:	631a      	str	r2, [r3, #48]	@ 0x30
200007a0:	f7ff ffca 	bl	20000738 <start_device_to_host_sm>
200007a4:	f7ff ffa6 	bl	200006f4 <restart_host_to_device_sm>
200007a8:	e7f6      	b.n	20000798 <pio1_irq+0x18>
200007aa:	46c0      	nop			@ (mov r8, r8)
200007ac:	50300000 	.word	0x50300000

200007b0 <esp_link_master_init>:
200007b0:	b510      	push	{r4, lr}
200007b2:	200e      	movs	r0, #14
200007b4:	f004 fcb7 	bl	20005126 <gpio_init>
200007b8:	23d0      	movs	r3, #208	@ 0xd0
200007ba:	061b      	lsls	r3, r3, #24
200007bc:	2280      	movs	r2, #128	@ 0x80
200007be:	01d2      	lsls	r2, r2, #7
200007c0:	625a      	str	r2, [r3, #36]	@ 0x24
200007c2:	619a      	str	r2, [r3, #24]
200007c4:	bd10      	pop	{r4, pc}
	...

200007c8 <gpio_callback>:
200007c8:	b510      	push	{r4, lr}
200007ca:	281c      	cmp	r0, #28
200007cc:	d000      	beq.n	200007d0 <gpio_callback+0x8>
200007ce:	bd10      	pop	{r4, pc}
200007d0:	f004 fca9 	bl	20005126 <gpio_init>
200007d4:	2380      	movs	r3, #128	@ 0x80
200007d6:	055b      	lsls	r3, r3, #21
200007d8:	24d0      	movs	r4, #208	@ 0xd0
200007da:	0624      	lsls	r4, r4, #24
200007dc:	62a3      	str	r3, [r4, #40]	@ 0x28
200007de:	200e      	movs	r0, #14
200007e0:	f004 fca1 	bl	20005126 <gpio_init>
200007e4:	2380      	movs	r3, #128	@ 0x80
200007e6:	01db      	lsls	r3, r3, #7
200007e8:	62a3      	str	r3, [r4, #40]	@ 0x28
200007ea:	200f      	movs	r0, #15
200007ec:	f004 fc9b 	bl	20005126 <gpio_init>
200007f0:	2380      	movs	r3, #128	@ 0x80
200007f2:	021b      	lsls	r3, r3, #8
200007f4:	62a3      	str	r3, [r4, #40]	@ 0x28
200007f6:	4b06      	ldr	r3, [pc, #24]	@ (20000810 <gpio_callback+0x48>)
200007f8:	4a06      	ldr	r2, [pc, #24]	@ (20000814 <gpio_callback+0x4c>)
200007fa:	601a      	str	r2, [r3, #0]
200007fc:	4806      	ldr	r0, [pc, #24]	@ (20000818 <gpio_callback+0x50>)
200007fe:	f008 fc8c 	bl	2000911a <__wrap_puts>
20000802:	2200      	movs	r2, #0
20000804:	2100      	movs	r1, #0
20000806:	2000      	movs	r0, #0
20000808:	f006 f844 	bl	20006894 <watchdog_reboot>
2000080c:	e7df      	b.n	200007ce <gpio_callback+0x6>
2000080e:	46c0      	nop			@ (mov r8, r8)
20000810:	200000f0 	.word	0x200000f0
20000814:	69699696 	.word	0x69699696
20000818:	2000a9a0 	.word	0x2000a9a0

2000081c <blink_led>:
2000081c:	b5f8      	push	{r3, r4, r5, r6, r7, lr}
2000081e:	0007      	movs	r7, r0
20000820:	201a      	movs	r0, #26
20000822:	f004 fc80 	bl	20005126 <gpio_init>
20000826:	23d0      	movs	r3, #208	@ 0xd0
20000828:	061b      	lsls	r3, r3, #24
2000082a:	2280      	movs	r2, #128	@ 0x80
2000082c:	04d2      	lsls	r2, r2, #19
2000082e:	625a      	str	r2, [r3, #36]	@ 0x24
20000830:	20c8      	movs	r0, #200	@ 0xc8
20000832:	f005 fc0b 	bl	2000604c <sleep_ms>
20000836:	2400      	movs	r4, #0
20000838:	e00c      	b.n	20000854 <blink_led+0x38>
2000083a:	25d0      	movs	r5, #208	@ 0xd0
2000083c:	062d      	lsls	r5, r5, #24
2000083e:	2680      	movs	r6, #128	@ 0x80
20000840:	04f6      	lsls	r6, r6, #19
20000842:	616e      	str	r6, [r5, #20]
20000844:	20c8      	movs	r0, #200	@ 0xc8
20000846:	f005 fc01 	bl	2000604c <sleep_ms>
2000084a:	61ae      	str	r6, [r5, #24]
2000084c:	20c8      	movs	r0, #200	@ 0xc8
2000084e:	f005 fbfd 	bl	2000604c <sleep_ms>
20000852:	3401      	adds	r4, #1
20000854:	42bc      	cmp	r4, r7
20000856:	dbf0      	blt.n	2000083a <blink_led+0x1e>
20000858:	23d0      	movs	r3, #208	@ 0xd0
2000085a:	061b      	lsls	r3, r3, #24
2000085c:	2280      	movs	r2, #128	@ 0x80
2000085e:	04d2      	lsls	r2, r2, #19
20000860:	629a      	str	r2, [r3, #40]	@ 0x28
20000862:	bdf8      	pop	{r3, r4, r5, r6, r7, pc}

20000864 <bench_log_step>:
20000864:	b5f0      	push	{r4, r5, r6, r7, lr}
20000866:	46c6      	mov	lr, r8
20000868:	b500      	push	{lr}
2000086a:	b088      	sub	sp, #32
2000086c:	0006      	movs	r6, r0
2000086e:	0014      	movs	r4, r2
20000870:	4698      	mov	r8, r3
20000872:	ab0e      	add	r3, sp, #56	@ 0x38
20000874:	781d      	ldrb	r5, [r3, #0]
20000876:	6813      	ldr	r3, [r2, #0]
20000878:	6a52      	ldr	r2, [r2, #36]	@ 0x24
2000087a:	481a      	ldr	r0, [pc, #104]	@ (200008e4 <bench_log_step+0x80>)
2000087c:	9200      	str	r2, [sp, #0]
2000087e:	000a      	movs	r2, r1
20000880:	0031      	movs	r1, r6
20000882:	f008 fc79 	bl	20009178 <__wrap_printf>
20000886:	2338      	movs	r3, #56	@ 0x38
20000888:	5ce1      	ldrb	r1, [r4, r3]
2000088a:	2900      	cmp	r1, #0
2000088c:	d11e      	bne.n	200008cc <bench_log_step+0x68>
2000088e:	68a1      	ldr	r1, [r4, #8]
20000890:	68e2      	ldr	r2, [r4, #12]
20000892:	6923      	ldr	r3, [r4, #16]
20000894:	6a20      	ldr	r0, [r4, #32]
20000896:	4684      	mov	ip, r0
20000898:	6966      	ldr	r6, [r4, #20]
2000089a:	8d27      	ldrh	r7, [r4, #40]	@ 0x28
2000089c:	8d64      	ldrh	r4, [r4, #42]	@ 0x2a
2000089e:	4640      	mov	r0, r8
200008a0:	2801      	cmp	r0, #1
200008a2:	d01b      	beq.n	200008dc <bench_log_step+0x78>
200008a4:	4810      	ldr	r0, [pc, #64]	@ (200008e8 <bench_log_step+0x84>)
200008a6:	2d00      	cmp	r5, #0
200008a8:	d01a      	beq.n	200008e0 <bench_log_step+0x7c>
200008aa:	4d10      	ldr	r5, [pc, #64]	@ (200008ec <bench_log_step+0x88>)
200008ac:	9506      	str	r5, [sp, #24]
200008ae:	9005      	str	r0, [sp, #20]
200008b0:	2520      	movs	r5, #32
200008b2:	9504      	str	r5, [sp, #16]
200008b4:	9403      	str	r4, [sp, #12]
200008b6:	9702      	str	r7, [sp, #8]
200008b8:	9601      	str	r6, [sp, #4]
200008ba:	4660      	mov	r0, ip
200008bc:	9000      	str	r0, [sp, #0]
200008be:	480c      	ldr	r0, [pc, #48]	@ (200008f0 <bench_log_step+0x8c>)
200008c0:	f008 fc5a 	bl	20009178 <__wrap_printf>
200008c4:	b008      	add	sp, #32
200008c6:	bc80      	pop	{r7}
200008c8:	46b8      	mov	r8, r7
200008ca:	bdf0      	pop	{r4, r5, r6, r7, pc}
200008cc:	3301      	adds	r3, #1
200008ce:	5ce2      	ldrb	r2, [r4, r3]
200008d0:	3301      	adds	r3, #1
200008d2:	5ce3      	ldrb	r3, [r4, r3]
200008d4:	4807      	ldr	r0, [pc, #28]	@ (200008f4 <bench_log_step+0x90>)
200008d6:	f008 fc4f 	bl	20009178 <__wrap_printf>
200008da:	e7d8      	b.n	2000088e <bench_log_step+0x2a>
200008dc:	4806      	ldr	r0, [pc, #24]	@ (200008f8 <bench_log_step+0x94>)
200008de:	e7e2      	b.n	200008a6 <bench_log_step+0x42>
200008e0:	4d06      	ldr	r5, [pc, #24]	@ (200008fc <bench_log_step+0x98>)
200008e2:	e7e3      	b.n	200008ac <bench_log_step+0x48>
200008e4:	2000aa00 	.word	0x2000aa00
200008e8:	2000a9e4 	.word	0x2000a9e4
200008ec:	2000a9f0 	.word	0x2000a9f0
200008f0:	2000aa40 	.word	0x2000aa40
200008f4:	2000aa24 	.word	0x2000aa24
200008f8:	2000a9dc 	.word	0x2000a9dc
200008fc:	2000a9f8 	.word	0x2000a9f8

20000900 <report_last_fault>:
20000900:	b530      	push	{r4, r5, lr}
20000902:	b083      	sub	sp, #12
20000904:	4b13      	ldr	r3, [pc, #76]	@ (20000954 <report_last_fault+0x54>)
20000906:	681a      	ldr	r2, [r3, #0]
20000908:	4b13      	ldr	r3, [pc, #76]	@ (20000958 <report_last_fault+0x58>)
2000090a:	429a      	cmp	r2, r3
2000090c:	d001      	beq.n	20000912 <report_last_fault+0x12>
2000090e:	b003      	add	sp, #12
20000910:	bd30      	pop	{r4, r5, pc}
20000912:	4c10      	ldr	r4, [pc, #64]	@ (20000954 <report_last_fault+0x54>)
20000914:	6aa1      	ldr	r1, [r4, #40]	@ 0x28
20000916:	6ae2      	ldr	r2, [r4, #44]	@ 0x2c
20000918:	2301      	movs	r3, #1
2000091a:	4019      	ands	r1, r3
2000091c:	480f      	ldr	r0, [pc, #60]	@ (2000095c <report_last_fault+0x5c>)
2000091e:	f008 fc2b 	bl	20009178 <__wrap_printf>
20000922:	6861      	ldr	r1, [r4, #4]
20000924:	68a2      	ldr	r2, [r4, #8]
20000926:	68e3      	ldr	r3, [r4, #12]
20000928:	6920      	ldr	r0, [r4, #16]
2000092a:	4684      	mov	ip, r0
2000092c:	480c      	ldr	r0, [pc, #48]	@ (20000960 <report_last_fault+0x60>)
2000092e:	4665      	mov	r5, ip
20000930:	9500      	str	r5, [sp, #0]
20000932:	f008 fc21 	bl	20009178 <__wrap_printf>
20000936:	6961      	ldr	r1, [r4, #20]
20000938:	69a2      	ldr	r2, [r4, #24]
2000093a:	69e3      	ldr	r3, [r4, #28]
2000093c:	6a20      	ldr	r0, [r4, #32]
2000093e:	4684      	mov	ip, r0
20000940:	6a60      	ldr	r0, [r4, #36]	@ 0x24
20000942:	9001      	str	r0, [sp, #4]
20000944:	4660      	mov	r0, ip
20000946:	9000      	str	r0, [sp, #0]
20000948:	4806      	ldr	r0, [pc, #24]	@ (20000964 <report_last_fault+0x64>)
2000094a:	f008 fc15 	bl	20009178 <__wrap_printf>
2000094e:	2300      	movs	r3, #0
20000950:	6023      	str	r3, [r4, #0]
20000952:	e7dc      	b.n	2000090e <report_last_fault+0xe>
20000954:	200000c0 	.word	0x200000c0
20000958:	fa017edc 	.word	0xfa017edc
2000095c:	2000aa9c 	.word	0x2000aa9c
20000960:	2000aae8 	.word	0x2000aae8
20000964:	2000ab14 	.word	0x2000ab14

20000968 <report_flash_layout>:
20000968:	b570      	push	{r4, r5, r6, lr}
2000096a:	f7ff fcd1 	bl	20000310 <get_start_free_flash_space_addr>
2000096e:	0005      	movs	r5, r0
20000970:	f7ff fcd4 	bl	2000031c <get_flash_end_address>
20000974:	0004      	movs	r4, r0
20000976:	f7ff fcd4 	bl	20000322 <get_free_flash_space>
2000097a:	0003      	movs	r3, r0
2000097c:	4802      	ldr	r0, [pc, #8]	@ (20000988 <report_flash_layout+0x20>)
2000097e:	0022      	movs	r2, r4
20000980:	0029      	movs	r1, r5
20000982:	f008 fbf9 	bl	20009178 <__wrap_printf>
20000986:	bd70      	pop	{r4, r5, r6, pc}
20000988:	2000ab48 	.word	0x2000ab48

2000098c <report_packets_sent>:
2000098c:	b510      	push	{r4, lr}
2000098e:	0003      	movs	r3, r0
20000990:	4a2d      	ldr	r2, [pc, #180]	@ (20000a48 <report_packets_sent+0xbc>)
20000992:	6812      	ldr	r2, [r2, #0]
20000994:	4282      	cmp	r2, r0
20000996:	d006      	beq.n	200009a6 <report_packets_sent+0x1a>
20000998:	492c      	ldr	r1, [pc, #176]	@ (20000a4c <report_packets_sent+0xc0>)
2000099a:	680a      	ldr	r2, [r1, #0]
2000099c:	1c50      	adds	r0, r2, #1
2000099e:	6008      	str	r0, [r1, #0]
200009a0:	492b      	ldr	r1, [pc, #172]	@ (20000a50 <report_packets_sent+0xc4>)
200009a2:	428a      	cmp	r2, r1
200009a4:	d807      	bhi.n	200009b6 <report_packets_sent+0x2a>
200009a6:	492b      	ldr	r1, [pc, #172]	@ (20000a54 <report_packets_sent+0xc8>)
200009a8:	680a      	ldr	r2, [r1, #0]
200009aa:	1c50      	adds	r0, r2, #1
200009ac:	6008      	str	r0, [r1, #0]
200009ae:	492a      	ldr	r1, [pc, #168]	@ (20000a58 <report_packets_sent+0xcc>)
200009b0:	428a      	cmp	r2, r1
200009b2:	d825      	bhi.n	20000a00 <report_packets_sent+0x74>
200009b4:	bd10      	pop	{r4, pc}
200009b6:	4a27      	ldr	r2, [pc, #156]	@ (20000a54 <report_packets_sent+0xc8>)
200009b8:	2100      	movs	r1, #0
200009ba:	6011      	str	r1, [r2, #0]
200009bc:	4a23      	ldr	r2, [pc, #140]	@ (20000a4c <report_packets_sent+0xc0>)
200009be:	6011      	str	r1, [r2, #0]
200009c0:	4a21      	ldr	r2, [pc, #132]	@ (20000a48 <report_packets_sent+0xbc>)
200009c2:	6013      	str	r3, [r2, #0]
200009c4:	4a25      	ldr	r2, [pc, #148]	@ (20000a5c <report_packets_sent+0xd0>)
200009c6:	6812      	ldr	r2, [r2, #0]
200009c8:	4925      	ldr	r1, [pc, #148]	@ (20000a60 <report_packets_sent+0xd4>)
200009ca:	4826      	ldr	r0, [pc, #152]	@ (20000a64 <report_packets_sent+0xd8>)
200009cc:	0004      	movs	r4, r0
200009ce:	f008 f9a7 	bl	20008d20 <__wrap_sprintf>
200009d2:	0020      	movs	r0, r4
200009d4:	f009 fb90 	bl	2000a0f8 <strlen>
200009d8:	1c43      	adds	r3, r0, #1
200009da:	469c      	mov	ip, r3
200009dc:	2100      	movs	r1, #0
200009de:	0022      	movs	r2, r4
200009e0:	e008      	b.n	200009f4 <report_packets_sent+0x68>
200009e2:	4b21      	ldr	r3, [pc, #132]	@ (20000a68 <report_packets_sent+0xdc>)
200009e4:	699b      	ldr	r3, [r3, #24]
200009e6:	069b      	lsls	r3, r3, #26
200009e8:	d4fb      	bmi.n	200009e2 <report_packets_sent+0x56>
200009ea:	7810      	ldrb	r0, [r2, #0]
200009ec:	4b1e      	ldr	r3, [pc, #120]	@ (20000a68 <report_packets_sent+0xdc>)
200009ee:	6018      	str	r0, [r3, #0]
200009f0:	3101      	adds	r1, #1
200009f2:	3201      	adds	r2, #1
200009f4:	458c      	cmp	ip, r1
200009f6:	d8f4      	bhi.n	200009e2 <report_packets_sent+0x56>
200009f8:	481a      	ldr	r0, [pc, #104]	@ (20000a64 <report_packets_sent+0xd8>)
200009fa:	f008 fb8e 	bl	2000911a <__wrap_puts>
200009fe:	e7d9      	b.n	200009b4 <report_packets_sent+0x28>
20000a00:	4a14      	ldr	r2, [pc, #80]	@ (20000a54 <report_packets_sent+0xc8>)
20000a02:	2100      	movs	r1, #0
20000a04:	6011      	str	r1, [r2, #0]
20000a06:	4a11      	ldr	r2, [pc, #68]	@ (20000a4c <report_packets_sent+0xc0>)
20000a08:	6011      	str	r1, [r2, #0]
20000a0a:	4a14      	ldr	r2, [pc, #80]	@ (20000a5c <report_packets_sent+0xd0>)
20000a0c:	6812      	ldr	r2, [r2, #0]
20000a0e:	4914      	ldr	r1, [pc, #80]	@ (20000a60 <report_packets_sent+0xd4>)
20000a10:	4814      	ldr	r0, [pc, #80]	@ (20000a64 <report_packets_sent+0xd8>)
20000a12:	0004      	movs	r4, r0
20000a14:	f008 f984 	bl	20008d20 <__wrap_sprintf>
20000a18:	0020      	movs	r0, r4
20000a1a:	f009 fb6d 	bl	2000a0f8 <strlen>
20000a1e:	1c43      	adds	r3, r0, #1
20000a20:	469c      	mov	ip, r3
20000a22:	2100      	movs	r1, #0
20000a24:	0022      	movs	r2, r4
20000a26:	e008      	b.n	20000a3a <report_packets_sent+0xae>
20000a28:	4b0f      	ldr	r3, [pc, #60]	@ (20000a68 <report_packets_sent+0xdc>)
20000a2a:	699b      	ldr	r3, [r3, #24]
20000a2c:	069b      	lsls	r3, r3, #26
20000a2e:	d4fb      	bmi.n	20000a28 <report_packets_sent+0x9c>
20000a30:	7810      	ldrb	r0, [r2, #0]
20000a32:	4b0d      	ldr	r3, [pc, #52]	@ (20000a68 <report_packets_sent+0xdc>)
20000a34:	6018      	str	r0, [r3, #0]
20000a36:	3101      	adds	r1, #1
20000a38:	3201      	adds	r2, #1
20000a3a:	458c      	cmp	ip, r1
20000a3c:	d8f4      	bhi.n	20000a28 <report_packets_sent+0x9c>
20000a3e:	4809      	ldr	r0, [pc, #36]	@ (20000a64 <report_packets_sent+0xd8>)
20000a40:	f008 fb6b 	bl	2000911a <__wrap_puts>
20000a44:	e7b6      	b.n	200009b4 <report_packets_sent+0x28>
20000a46:	46c0      	nop			@ (mov r8, r8)
20000a48:	2000f294 	.word	0x2000f294
20000a4c:	2000f284 	.word	0x2000f284
20000a50:	01312d00 	.word	0x01312d00
20000a54:	2000cecc 	.word	0x2000cecc
20000a58:	055d4a80 	.word	0x055d4a80
20000a5c:	2000ceec 	.word	0x2000ceec
20000a60:	2000aba8 	.word	0x2000aba8
20000a64:	2000f298 	.word	0x2000f298
20000a68:	40034000 	.word	0x40034000

20000a6c <st_pin_release>:
20000a6c:	b510      	push	{r4, lr}
20000a6e:	0004      	movs	r4, r0
20000a70:	f004 fb59 	bl	20005126 <gpio_init>
20000a74:	2301      	movs	r3, #1
20000a76:	40a3      	lsls	r3, r4
20000a78:	22d0      	movs	r2, #208	@ 0xd0
20000a7a:	0612      	lsls	r2, r2, #24
20000a7c:	6293      	str	r3, [r2, #40]	@ 0x28
20000a7e:	2200      	movs	r2, #0
20000a80:	2100      	movs	r1, #0
20000a82:	0020      	movs	r0, r4
20000a84:	f004 face 	bl	20005024 <gpio_set_pulls>
20000a88:	bd10      	pop	{r4, pc}
	...

20000a8c <esp_link_uart_init>:
20000a8c:	b510      	push	{r4, lr}
20000a8e:	4b1b      	ldr	r3, [pc, #108]	@ (20000afc <esp_link_uart_init+0x70>)
20000a90:	2201      	movs	r2, #1
20000a92:	2104      	movs	r1, #4
20000a94:	201c      	movs	r0, #28
20000a96:	f004 fb2b 	bl	200050f0 <gpio_set_irq_enabled_with_callback>
20000a9a:	4c19      	ldr	r4, [pc, #100]	@ (20000b00 <esp_link_uart_init+0x74>)
20000a9c:	4919      	ldr	r1, [pc, #100]	@ (20000b04 <esp_link_uart_init+0x78>)
20000a9e:	0020      	movs	r0, r4
20000aa0:	f005 fca2 	bl	200063e8 <uart_init>
20000aa4:	2102      	movs	r1, #2
20000aa6:	2010      	movs	r0, #16
20000aa8:	f004 faa2 	bl	20004ff0 <gpio_set_function>
20000aac:	2102      	movs	r1, #2
20000aae:	2011      	movs	r0, #17
20000ab0:	f004 fa9e 	bl	20004ff0 <gpio_set_function>
20000ab4:	6b23      	ldr	r3, [r4, #48]	@ 0x30
20000ab6:	22c0      	movs	r2, #192	@ 0xc0
20000ab8:	0212      	lsls	r2, r2, #8
20000aba:	4013      	ands	r3, r2
20000abc:	4a12      	ldr	r2, [pc, #72]	@ (20000b08 <esp_link_uart_init+0x7c>)
20000abe:	6013      	str	r3, [r2, #0]
20000ac0:	2300      	movs	r3, #0
20000ac2:	2201      	movs	r2, #1
20000ac4:	2108      	movs	r1, #8
20000ac6:	0020      	movs	r0, r4
20000ac8:	f005 fc5c 	bl	20006384 <uart_set_format>
20000acc:	2100      	movs	r1, #0
20000ace:	0020      	movs	r0, r4
20000ad0:	f005 fc6e 	bl	200063b0 <uart_set_fifo_enabled>
20000ad4:	2200      	movs	r2, #0
20000ad6:	2100      	movs	r1, #0
20000ad8:	0020      	movs	r0, r4
20000ada:	f7ff fb41 	bl	20000160 <uart_set_irqs_enabled>
20000ade:	200f      	movs	r0, #15
20000ae0:	f004 fb21 	bl	20005126 <gpio_init>
20000ae4:	23d0      	movs	r3, #208	@ 0xd0
20000ae6:	061b      	lsls	r3, r3, #24
20000ae8:	2280      	movs	r2, #128	@ 0x80
20000aea:	0212      	lsls	r2, r2, #8
20000aec:	629a      	str	r2, [r3, #40]	@ 0x28
20000aee:	2200      	movs	r2, #0
20000af0:	2101      	movs	r1, #1
20000af2:	200f      	movs	r0, #15
20000af4:	f004 fa96 	bl	20005024 <gpio_set_pulls>
20000af8:	bd10      	pop	{r4, pc}
20000afa:	46c0      	nop			@ (mov r8, r8)
20000afc:	200007c9 	.word	0x200007c9
20000b00:	40034000 	.word	0x40034000
20000b04:	00012480 	.word	0x00012480
20000b08:	40035030 	.word	0x40035030

20000b0c <wait_esp_ready>:
20000b0c:	b570      	push	{r4, r5, r6, lr}
20000b0e:	0005      	movs	r5, r0
20000b10:	f005 fba0 	bl	20006254 <time_us_64>
20000b14:	002a      	movs	r2, r5
20000b16:	2300      	movs	r3, #0
20000b18:	1880      	adds	r0, r0, r2
20000b1a:	4159      	adcs	r1, r3
20000b1c:	0004      	movs	r4, r0
20000b1e:	000d      	movs	r5, r1
20000b20:	23d0      	movs	r3, #208	@ 0xd0
20000b22:	061b      	lsls	r3, r3, #24
20000b24:	685b      	ldr	r3, [r3, #4]
20000b26:	041b      	lsls	r3, r3, #16
20000b28:	d408      	bmi.n	20000b3c <wait_esp_ready+0x30>
20000b2a:	f005 fb93 	bl	20006254 <time_us_64>
20000b2e:	42a9      	cmp	r1, r5
20000b30:	d802      	bhi.n	20000b38 <wait_esp_ready+0x2c>
20000b32:	d1f5      	bne.n	20000b20 <wait_esp_ready+0x14>
20000b34:	42a0      	cmp	r0, r4
20000b36:	d9f3      	bls.n	20000b20 <wait_esp_ready+0x14>
20000b38:	2000      	movs	r0, #0
20000b3a:	e000      	b.n	20000b3e <wait_esp_ready+0x32>
20000b3c:	2001      	movs	r0, #1
20000b3e:	bd70      	pop	{r4, r5, r6, pc}

20000b40 <my_spi_write_blocking>:
20000b40:	b570      	push	{r4, r5, r6, lr}
20000b42:	000a      	movs	r2, r1
20000b44:	46c0      	nop			@ (mov r8, r8)
20000b46:	46c0      	nop			@ (mov r8, r8)
20000b48:	46c0      	nop			@ (mov r8, r8)
20000b4a:	46c0      	nop			@ (mov r8, r8)
20000b4c:	46c0      	nop			@ (mov r8, r8)
20000b4e:	46c0      	nop			@ (mov r8, r8)
20000b50:	24d0      	movs	r4, #208	@ 0xd0
20000b52:	0624      	lsls	r4, r4, #24
20000b54:	2580      	movs	r5, #128	@ 0x80
20000b56:	01ad      	lsls	r5, r5, #6
20000b58:	61a5      	str	r5, [r4, #24]
20000b5a:	46c0      	nop			@ (mov r8, r8)
20000b5c:	46c0      	nop			@ (mov r8, r8)
20000b5e:	46c0      	nop			@ (mov r8, r8)
20000b60:	46c0      	nop			@ (mov r8, r8)
20000b62:	46c0      	nop			@ (mov r8, r8)
20000b64:	46c0      	nop			@ (mov r8, r8)
20000b66:	46c0      	nop			@ (mov r8, r8)
20000b68:	46c0      	nop			@ (mov r8, r8)
20000b6a:	46c0      	nop			@ (mov r8, r8)
20000b6c:	46c0      	nop			@ (mov r8, r8)
20000b6e:	46c0      	nop			@ (mov r8, r8)
20000b70:	46c0      	nop			@ (mov r8, r8)
20000b72:	46c0      	nop			@ (mov r8, r8)
20000b74:	46c0      	nop			@ (mov r8, r8)
20000b76:	46c0      	nop			@ (mov r8, r8)
20000b78:	46c0      	nop			@ (mov r8, r8)
20000b7a:	46c0      	nop			@ (mov r8, r8)
20000b7c:	46c0      	nop			@ (mov r8, r8)
20000b7e:	46c0      	nop			@ (mov r8, r8)
20000b80:	46c0      	nop			@ (mov r8, r8)
20000b82:	46c0      	nop			@ (mov r8, r8)
20000b84:	46c0      	nop			@ (mov r8, r8)
20000b86:	46c0      	nop			@ (mov r8, r8)
20000b88:	46c0      	nop			@ (mov r8, r8)
20000b8a:	46c0      	nop			@ (mov r8, r8)
20000b8c:	46c0      	nop			@ (mov r8, r8)
20000b8e:	46c0      	nop			@ (mov r8, r8)
20000b90:	46c0      	nop			@ (mov r8, r8)
20000b92:	46c0      	nop			@ (mov r8, r8)
20000b94:	46c0      	nop			@ (mov r8, r8)
20000b96:	46c0      	nop			@ (mov r8, r8)
20000b98:	46c0      	nop			@ (mov r8, r8)
20000b9a:	46c0      	nop			@ (mov r8, r8)
20000b9c:	46c0      	nop			@ (mov r8, r8)
20000b9e:	46c0      	nop			@ (mov r8, r8)
20000ba0:	46c0      	nop			@ (mov r8, r8)
20000ba2:	46c0      	nop			@ (mov r8, r8)
20000ba4:	46c0      	nop			@ (mov r8, r8)
20000ba6:	46c0      	nop			@ (mov r8, r8)
20000ba8:	46c0      	nop			@ (mov r8, r8)
20000baa:	46c0      	nop			@ (mov r8, r8)
20000bac:	46c0      	nop			@ (mov r8, r8)
20000bae:	46c0      	nop			@ (mov r8, r8)
20000bb0:	46c0      	nop			@ (mov r8, r8)
20000bb2:	46c0      	nop			@ (mov r8, r8)
20000bb4:	46c0      	nop			@ (mov r8, r8)
20000bb6:	46c0      	nop			@ (mov r8, r8)
20000bb8:	46c0      	nop			@ (mov r8, r8)
20000bba:	46c0      	nop			@ (mov r8, r8)
20000bbc:	46c0      	nop			@ (mov r8, r8)
20000bbe:	46c0      	nop			@ (mov r8, r8)
20000bc0:	46c0      	nop			@ (mov r8, r8)
20000bc2:	46c0      	nop			@ (mov r8, r8)
20000bc4:	46c0      	nop			@ (mov r8, r8)
20000bc6:	46c0      	nop			@ (mov r8, r8)
20000bc8:	46c0      	nop			@ (mov r8, r8)
20000bca:	46c0      	nop			@ (mov r8, r8)
20000bcc:	46c0      	nop			@ (mov r8, r8)
20000bce:	46c0      	nop			@ (mov r8, r8)
20000bd0:	46c0      	nop			@ (mov r8, r8)
20000bd2:	46c0      	nop			@ (mov r8, r8)
20000bd4:	46c0      	nop			@ (mov r8, r8)
20000bd6:	46c0      	nop			@ (mov r8, r8)
20000bd8:	46c0      	nop			@ (mov r8, r8)
20000bda:	46c0      	nop			@ (mov r8, r8)
20000bdc:	46c0      	nop			@ (mov r8, r8)
20000bde:	46c0      	nop			@ (mov r8, r8)
20000be0:	46c0      	nop			@ (mov r8, r8)
20000be2:	46c0      	nop			@ (mov r8, r8)
20000be4:	46c0      	nop			@ (mov r8, r8)
20000be6:	46c0      	nop			@ (mov r8, r8)
20000be8:	46c0      	nop			@ (mov r8, r8)
20000bea:	46c0      	nop			@ (mov r8, r8)
20000bec:	46c0      	nop			@ (mov r8, r8)
20000bee:	46c0      	nop			@ (mov r8, r8)
20000bf0:	46c0      	nop			@ (mov r8, r8)
20000bf2:	46c0      	nop			@ (mov r8, r8)
20000bf4:	46c0      	nop			@ (mov r8, r8)
20000bf6:	46c0      	nop			@ (mov r8, r8)
20000bf8:	46c0      	nop			@ (mov r8, r8)
20000bfa:	46c0      	nop			@ (mov r8, r8)
20000bfc:	46c0      	nop			@ (mov r8, r8)
20000bfe:	46c0      	nop			@ (mov r8, r8)
20000c00:	46c0      	nop			@ (mov r8, r8)
20000c02:	46c0      	nop			@ (mov r8, r8)
20000c04:	46c0      	nop			@ (mov r8, r8)
20000c06:	46c0      	nop			@ (mov r8, r8)
20000c08:	46c0      	nop			@ (mov r8, r8)
20000c0a:	46c0      	nop			@ (mov r8, r8)
20000c0c:	46c0      	nop			@ (mov r8, r8)
20000c0e:	0001      	movs	r1, r0
20000c10:	4832      	ldr	r0, [pc, #200]	@ (20000cdc <my_spi_write_blocking+0x19c>)
20000c12:	f009 fd13 	bl	2000a63c <spi_write_blocking>
20000c16:	46c0      	nop			@ (mov r8, r8)
20000c18:	46c0      	nop			@ (mov r8, r8)
20000c1a:	46c0      	nop			@ (mov r8, r8)
20000c1c:	46c0      	nop			@ (mov r8, r8)
20000c1e:	46c0      	nop			@ (mov r8, r8)
20000c20:	46c0      	nop			@ (mov r8, r8)
20000c22:	46c0      	nop			@ (mov r8, r8)
20000c24:	46c0      	nop			@ (mov r8, r8)
20000c26:	46c0      	nop			@ (mov r8, r8)
20000c28:	46c0      	nop			@ (mov r8, r8)
20000c2a:	46c0      	nop			@ (mov r8, r8)
20000c2c:	46c0      	nop			@ (mov r8, r8)
20000c2e:	46c0      	nop			@ (mov r8, r8)
20000c30:	46c0      	nop			@ (mov r8, r8)
20000c32:	46c0      	nop			@ (mov r8, r8)
20000c34:	46c0      	nop			@ (mov r8, r8)
20000c36:	46c0      	nop			@ (mov r8, r8)
20000c38:	46c0      	nop			@ (mov r8, r8)
20000c3a:	46c0      	nop			@ (mov r8, r8)
20000c3c:	46c0      	nop			@ (mov r8, r8)
20000c3e:	46c0      	nop			@ (mov r8, r8)
20000c40:	46c0      	nop			@ (mov r8, r8)
20000c42:	46c0      	nop			@ (mov r8, r8)
20000c44:	46c0      	nop			@ (mov r8, r8)
20000c46:	46c0      	nop			@ (mov r8, r8)
20000c48:	46c0      	nop			@ (mov r8, r8)
20000c4a:	46c0      	nop			@ (mov r8, r8)
20000c4c:	46c0      	nop			@ (mov r8, r8)
20000c4e:	46c0      	nop			@ (mov r8, r8)
20000c50:	46c0      	nop			@ (mov r8, r8)
20000c52:	46c0      	nop			@ (mov r8, r8)
20000c54:	46c0      	nop			@ (mov r8, r8)
20000c56:	46c0      	nop			@ (mov r8, r8)
20000c58:	46c0      	nop			@ (mov r8, r8)
20000c5a:	46c0      	nop			@ (mov r8, r8)
20000c5c:	46c0      	nop			@ (mov r8, r8)
20000c5e:	46c0      	nop			@ (mov r8, r8)
20000c60:	46c0      	nop			@ (mov r8, r8)
20000c62:	46c0      	nop			@ (mov r8, r8)
20000c64:	46c0      	nop			@ (mov r8, r8)
20000c66:	46c0      	nop			@ (mov r8, r8)
20000c68:	46c0      	nop			@ (mov r8, r8)
20000c6a:	46c0      	nop			@ (mov r8, r8)
20000c6c:	46c0      	nop			@ (mov r8, r8)
20000c6e:	46c0      	nop			@ (mov r8, r8)
20000c70:	46c0      	nop			@ (mov r8, r8)
20000c72:	46c0      	nop			@ (mov r8, r8)
20000c74:	46c0      	nop			@ (mov r8, r8)
20000c76:	46c0      	nop			@ (mov r8, r8)
20000c78:	46c0      	nop			@ (mov r8, r8)
20000c7a:	46c0      	nop			@ (mov r8, r8)
20000c7c:	46c0      	nop			@ (mov r8, r8)
20000c7e:	46c0      	nop			@ (mov r8, r8)
20000c80:	46c0      	nop			@ (mov r8, r8)
20000c82:	46c0      	nop			@ (mov r8, r8)
20000c84:	46c0      	nop			@ (mov r8, r8)
20000c86:	46c0      	nop			@ (mov r8, r8)
20000c88:	46c0      	nop			@ (mov r8, r8)
20000c8a:	46c0      	nop			@ (mov r8, r8)
20000c8c:	46c0      	nop			@ (mov r8, r8)
20000c8e:	46c0      	nop			@ (mov r8, r8)
20000c90:	46c0      	nop			@ (mov r8, r8)
20000c92:	46c0      	nop			@ (mov r8, r8)
20000c94:	46c0      	nop			@ (mov r8, r8)
20000c96:	46c0      	nop			@ (mov r8, r8)
20000c98:	46c0      	nop			@ (mov r8, r8)
20000c9a:	46c0      	nop			@ (mov r8, r8)
20000c9c:	46c0      	nop			@ (mov r8, r8)
20000c9e:	46c0      	nop			@ (mov r8, r8)
20000ca0:	46c0      	nop			@ (mov r8, r8)
20000ca2:	46c0      	nop			@ (mov r8, r8)
20000ca4:	46c0      	nop			@ (mov r8, r8)
20000ca6:	46c0      	nop			@ (mov r8, r8)
20000ca8:	46c0      	nop			@ (mov r8, r8)
20000caa:	46c0      	nop			@ (mov r8, r8)
20000cac:	46c0      	nop			@ (mov r8, r8)
20000cae:	46c0      	nop			@ (mov r8, r8)
20000cb0:	46c0      	nop			@ (mov r8, r8)
20000cb2:	46c0      	nop			@ (mov r8, r8)
20000cb4:	46c0      	nop			@ (mov r8, r8)
20000cb6:	46c0      	nop			@ (mov r8, r8)
20000cb8:	46c0      	nop			@ (mov r8, r8)
20000cba:	46c0      	nop			@ (mov r8, r8)
20000cbc:	46c0      	nop			@ (mov r8, r8)
20000cbe:	46c0      	nop			@ (mov r8, r8)
20000cc0:	46c0      	nop			@ (mov r8, r8)
20000cc2:	46c0      	nop			@ (mov r8, r8)
20000cc4:	46c0      	nop			@ (mov r8, r8)
20000cc6:	46c0      	nop			@ (mov r8, r8)
20000cc8:	46c0      	nop			@ (mov r8, r8)
20000cca:	6165      	str	r5, [r4, #20]
20000ccc:	46c0      	nop			@ (mov r8, r8)
20000cce:	46c0      	nop			@ (mov r8, r8)
20000cd0:	46c0      	nop			@ (mov r8, r8)
20000cd2:	46c0      	nop			@ (mov r8, r8)
20000cd4:	46c0      	nop			@ (mov r8, r8)
20000cd6:	46c0      	nop			@ (mov r8, r8)
20000cd8:	bd70      	pop	{r4, r5, r6, pc}
20000cda:	46c0      	nop			@ (mov r8, r8)
20000cdc:	40040000 	.word	0x40040000

20000ce0 <uart_resolve_rate>:
20000ce0:	b570      	push	{r4, r5, r6, lr}
20000ce2:	0004      	movs	r4, r0
20000ce4:	0008      	movs	r0, r1
20000ce6:	000d      	movs	r5, r1
20000ce8:	220c      	movs	r2, #12
20000cea:	2100      	movs	r1, #0
20000cec:	f006 ff28 	bl	20007b40 <__wrap_memset>
20000cf0:	230c      	movs	r3, #12
20000cf2:	2b00      	cmp	r3, #0
20000cf4:	db09      	blt.n	20000d0a <uart_resolve_rate+0x2a>
20000cf6:	4a06      	ldr	r2, [pc, #24]	@ (20000d10 <uart_resolve_rate+0x30>)
20000cf8:	0099      	lsls	r1, r3, #2
20000cfa:	588a      	ldr	r2, [r1, r2]
20000cfc:	42a2      	cmp	r2, r4
20000cfe:	d901      	bls.n	20000d04 <uart_resolve_rate+0x24>
20000d00:	3b01      	subs	r3, #1
20000d02:	e7f6      	b.n	20000cf2 <uart_resolve_rate+0x12>
20000d04:	602a      	str	r2, [r5, #0]
20000d06:	2001      	movs	r0, #1
20000d08:	e000      	b.n	20000d0c <uart_resolve_rate+0x2c>
20000d0a:	2000      	movs	r0, #0
20000d0c:	bd70      	pop	{r4, r5, r6, pc}
20000d0e:	46c0      	nop			@ (mov r8, r8)
20000d10:	2000cb44 	.word	0x2000cb44

20000d14 <spi_build_control>:
20000d14:	b570      	push	{r4, r5, r6, lr}
20000d16:	0006      	movs	r6, r0
20000d18:	000d      	movs	r5, r1
20000d1a:	4c15      	ldr	r4, [pc, #84]	@ (20000d70 <spi_build_control+0x5c>)
20000d1c:	2280      	movs	r2, #128	@ 0x80
20000d1e:	0052      	lsls	r2, r2, #1
20000d20:	2100      	movs	r1, #0
20000d22:	0020      	movs	r0, r4
20000d24:	f006 ff0c 	bl	20007b40 <__wrap_memset>
20000d28:	4b12      	ldr	r3, [pc, #72]	@ (20000d74 <spi_build_control+0x60>)
20000d2a:	6023      	str	r3, [r4, #0]
20000d2c:	2303      	movs	r3, #3
20000d2e:	7123      	strb	r3, [r4, #4]
20000d30:	7166      	strb	r6, [r4, #5]
20000d32:	2307      	movs	r3, #7
20000d34:	71a3      	strb	r3, [r4, #6]
20000d36:	7225      	strb	r5, [r4, #8]
20000d38:	0a2b      	lsrs	r3, r5, #8
20000d3a:	7263      	strb	r3, [r4, #9]
20000d3c:	0c2b      	lsrs	r3, r5, #16
20000d3e:	72a3      	strb	r3, [r4, #10]
20000d40:	0e2d      	lsrs	r5, r5, #24
20000d42:	72e5      	strb	r5, [r4, #11]
20000d44:	4b0c      	ldr	r3, [pc, #48]	@ (20000d78 <spi_build_control+0x64>)
20000d46:	681b      	ldr	r3, [r3, #0]
20000d48:	7323      	strb	r3, [r4, #12]
20000d4a:	0a1a      	lsrs	r2, r3, #8
20000d4c:	7362      	strb	r2, [r4, #13]
20000d4e:	0c1a      	lsrs	r2, r3, #16
20000d50:	73a2      	strb	r2, [r4, #14]
20000d52:	0e1b      	lsrs	r3, r3, #24
20000d54:	73e3      	strb	r3, [r4, #15]
20000d56:	3410      	adds	r4, #16
20000d58:	4b08      	ldr	r3, [pc, #32]	@ (20000d7c <spi_build_control+0x68>)
20000d5a:	0022      	movs	r2, r4
20000d5c:	cb23      	ldmia	r3!, {r0, r1, r5}
20000d5e:	c223      	stmia	r2!, {r0, r1, r5}
20000d60:	cb13      	ldmia	r3!, {r0, r1, r4}
20000d62:	c213      	stmia	r2!, {r0, r1, r4}
20000d64:	8819      	ldrh	r1, [r3, #0]
20000d66:	8011      	strh	r1, [r2, #0]
20000d68:	789b      	ldrb	r3, [r3, #2]
20000d6a:	7093      	strb	r3, [r2, #2]
20000d6c:	bd70      	pop	{r4, r5, r6, pc}
20000d6e:	46c0      	nop			@ (mov r8, r8)
20000d70:	20016b14 	.word	0x20016b14
20000d74:	43484b4f 	.word	0x43484b4f
20000d78:	20016808 	.word	0x20016808
20000d7c:	2000abc4 	.word	0x2000abc4

20000d80 <bench_build_pattern_frame>:
20000d80:	b510      	push	{r4, lr}
20000d82:	0004      	movs	r4, r0
20000d84:	2100      	movs	r1, #0
20000d86:	2003      	movs	r0, #3
20000d88:	f7ff ffc4 	bl	20000d14 <spi_build_control>
20000d8c:	4b03      	ldr	r3, [pc, #12]	@ (20000d9c <bench_build_pattern_frame+0x1c>)
20000d8e:	71dc      	strb	r4, [r3, #7]
20000d90:	4a03      	ldr	r2, [pc, #12]	@ (20000da0 <bench_build_pattern_frame+0x20>)
20000d92:	7811      	ldrb	r1, [r2, #0]
20000d94:	224f      	movs	r2, #79	@ 0x4f
20000d96:	5499      	strb	r1, [r3, r2]
20000d98:	bd10      	pop	{r4, pc}
20000d9a:	46c0      	nop			@ (mov r8, r8)
20000d9c:	20016b14 	.word	0x20016b14
20000da0:	20016d4b 	.word	0x20016d4b

20000da4 <ota_meta_read>:
20000da4:	b510      	push	{r4, lr}
20000da6:	2228      	movs	r2, #40	@ 0x28
20000da8:	4901      	ldr	r1, [pc, #4]	@ (20000db0 <ota_meta_read+0xc>)
20000daa:	f006 fecf 	bl	20007b4c <__wrap___aeabi_memcpy>
20000dae:	bd10      	pop	{r4, pc}
20000db0:	10300000 	.word	0x10300000

20000db4 <report_ota_state>:
20000db4:	b510      	push	{r4, lr}
20000db6:	b08e      	sub	sp, #56	@ 0x38
20000db8:	a804      	add	r0, sp, #16
20000dba:	f7ff fff3 	bl	20000da4 <ota_meta_read>
20000dbe:	2380      	movs	r3, #128	@ 0x80
20000dc0:	2280      	movs	r2, #128	@ 0x80
20000dc2:	4818      	ldr	r0, [pc, #96]	@ (20000e24 <report_ota_state+0x70>)
20000dc4:	4918      	ldr	r1, [pc, #96]	@ (20000e28 <report_ota_state+0x74>)
20000dc6:	9102      	str	r1, [sp, #8]
20000dc8:	4918      	ldr	r1, [pc, #96]	@ (20000e2c <report_ota_state+0x78>)
20000dca:	9101      	str	r1, [sp, #4]
20000dcc:	21c0      	movs	r1, #192	@ 0xc0
20000dce:	0389      	lsls	r1, r1, #14
20000dd0:	9100      	str	r1, [sp, #0]
20000dd2:	039b      	lsls	r3, r3, #14
20000dd4:	0352      	lsls	r2, r2, #13
20000dd6:	2100      	movs	r1, #0
20000dd8:	f008 f9ce 	bl	20009178 <__wrap_printf>
20000ddc:	f7ff fb0a 	bl	200003f4 <ota_app_size>
20000de0:	0001      	movs	r1, r0
20000de2:	4b13      	ldr	r3, [pc, #76]	@ (20000e30 <report_ota_state+0x7c>)
20000de4:	0018      	movs	r0, r3
20000de6:	f008 f9c7 	bl	20009178 <__wrap_printf>
20000dea:	4b12      	ldr	r3, [pc, #72]	@ (20000e34 <report_ota_state+0x80>)
20000dec:	681b      	ldr	r3, [r3, #0]
20000dee:	2b09      	cmp	r3, #9
20000df0:	d900      	bls.n	20000df4 <report_ota_state+0x40>
20000df2:	2300      	movs	r3, #0
20000df4:	4a10      	ldr	r2, [pc, #64]	@ (20000e38 <report_ota_state+0x84>)
20000df6:	009b      	lsls	r3, r3, #2
20000df8:	5899      	ldr	r1, [r3, r2]
20000dfa:	4810      	ldr	r0, [pc, #64]	@ (20000e3c <report_ota_state+0x88>)
20000dfc:	f008 f9bc 	bl	20009178 <__wrap_printf>
20000e00:	a804      	add	r0, sp, #16
20000e02:	f7ff fb01 	bl	20000408 <ota_meta_valid>
20000e06:	2800      	cmp	r0, #0
20000e08:	d101      	bne.n	20000e0e <report_ota_state+0x5a>
20000e0a:	b00e      	add	sp, #56	@ 0x38
20000e0c:	bd10      	pop	{r4, pc}
20000e0e:	9905      	ldr	r1, [sp, #20]
20000e10:	9a06      	ldr	r2, [sp, #24]
20000e12:	9b09      	ldr	r3, [sp, #36]	@ 0x24
20000e14:	980b      	ldr	r0, [sp, #44]	@ 0x2c
20000e16:	4684      	mov	ip, r0
20000e18:	4809      	ldr	r0, [pc, #36]	@ (20000e40 <report_ota_state+0x8c>)
20000e1a:	4664      	mov	r4, ip
20000e1c:	9400      	str	r4, [sp, #0]
20000e1e:	f008 f9ab 	bl	20009178 <__wrap_printf>
20000e22:	e7f2      	b.n	20000e0a <report_ota_state+0x56>
20000e24:	2000abe0 	.word	0x2000abe0
20000e28:	00601000 	.word	0x00601000
20000e2c:	00301000 	.word	0x00301000
20000e30:	2000ac38 	.word	0x2000ac38
20000e34:	2000f2e4 	.word	0x2000f2e4
20000e38:	2000ca48 	.word	0x2000ca48
20000e3c:	2000ac54 	.word	0x2000ac54
20000e40:	2000ac6c 	.word	0x2000ac6c

20000e44 <bench_build_variants>:
20000e44:	b570      	push	{r4, r5, r6, lr}
20000e46:	2100      	movs	r1, #0
20000e48:	2003      	movs	r0, #3
20000e4a:	f7ff ff63 	bl	20000d14 <spi_build_control>
20000e4e:	4b17      	ldr	r3, [pc, #92]	@ (20000eac <bench_build_variants+0x68>)
20000e50:	4a17      	ldr	r2, [pc, #92]	@ (20000eb0 <bench_build_variants+0x6c>)
20000e52:	7811      	ldrb	r1, [r2, #0]
20000e54:	224f      	movs	r2, #79	@ 0x4f
20000e56:	5499      	strb	r1, [r3, r2]
20000e58:	2400      	movs	r4, #0
20000e5a:	e024      	b.n	20000ea6 <bench_build_variants+0x62>
20000e5c:	25b0      	movs	r5, #176	@ 0xb0
20000e5e:	4365      	muls	r5, r4
20000e60:	4b14      	ldr	r3, [pc, #80]	@ (20000eb4 <bench_build_variants+0x70>)
20000e62:	18ed      	adds	r5, r5, r3
20000e64:	4b12      	ldr	r3, [pc, #72]	@ (20000eb0 <bench_build_variants+0x6c>)
20000e66:	781a      	ldrb	r2, [r3, #0]
20000e68:	0312      	lsls	r2, r2, #12
20000e6a:	0123      	lsls	r3, r4, #4
20000e6c:	1b1b      	subs	r3, r3, r4
20000e6e:	0159      	lsls	r1, r3, #5
20000e70:	185b      	adds	r3, r3, r1
20000e72:	011b      	lsls	r3, r3, #4
20000e74:	1b1b      	subs	r3, r3, r4
20000e76:	18d2      	adds	r2, r2, r3
20000e78:	3201      	adds	r2, #1
20000e7a:	21b0      	movs	r1, #176	@ 0xb0
20000e7c:	0028      	movs	r0, r5
20000e7e:	f7ff f9e1 	bl	20000244 <spi_bench_fill_pattern>
20000e82:	4b0d      	ldr	r3, [pc, #52]	@ (20000eb8 <bench_build_variants+0x74>)
20000e84:	22b0      	movs	r2, #176	@ 0xb0
20000e86:	0029      	movs	r1, r5
20000e88:	001d      	movs	r5, r3
20000e8a:	0018      	movs	r0, r3
20000e8c:	f006 fe5e 	bl	20007b4c <__wrap___aeabi_memcpy>
20000e90:	0029      	movs	r1, r5
20000e92:	3940      	subs	r1, #64	@ 0x40
20000e94:	2001      	movs	r0, #1
20000e96:	22d0      	movs	r2, #208	@ 0xd0
20000e98:	4240      	negs	r0, r0
20000e9a:	f7ff fa7d 	bl	20000398 <crc32_update>
20000e9e:	4b07      	ldr	r3, [pc, #28]	@ (20000ebc <bench_build_variants+0x78>)
20000ea0:	00a2      	lsls	r2, r4, #2
20000ea2:	5098      	str	r0, [r3, r2]
20000ea4:	3401      	adds	r4, #1
20000ea6:	2c07      	cmp	r4, #7
20000ea8:	d9d8      	bls.n	20000e5c <bench_build_variants+0x18>
20000eaa:	bd70      	pop	{r4, r5, r6, pc}
20000eac:	20016b14 	.word	0x20016b14
20000eb0:	20016d4b 	.word	0x20016d4b
20000eb4:	2000db3c 	.word	0x2000db3c
20000eb8:	20016b64 	.word	0x20016b64
20000ebc:	2000e0bc 	.word	0x2000e0bc

20000ec0 <bench_next_tx_frame>:
20000ec0:	b570      	push	{r4, r5, r6, lr}
20000ec2:	4b11      	ldr	r3, [pc, #68]	@ (20000f08 <bench_next_tx_frame+0x48>)
20000ec4:	681e      	ldr	r6, [r3, #0]
20000ec6:	2507      	movs	r5, #7
20000ec8:	4035      	ands	r5, r6
20000eca:	3601      	adds	r6, #1
20000ecc:	601e      	str	r6, [r3, #0]
20000ece:	21b0      	movs	r1, #176	@ 0xb0
20000ed0:	4369      	muls	r1, r5
20000ed2:	4b0e      	ldr	r3, [pc, #56]	@ (20000f0c <bench_next_tx_frame+0x4c>)
20000ed4:	18c9      	adds	r1, r1, r3
20000ed6:	4c0e      	ldr	r4, [pc, #56]	@ (20000f10 <bench_next_tx_frame+0x50>)
20000ed8:	22b0      	movs	r2, #176	@ 0xb0
20000eda:	0020      	movs	r0, r4
20000edc:	f006 fe36 	bl	20007b4c <__wrap___aeabi_memcpy>
20000ee0:	0020      	movs	r0, r4
20000ee2:	3848      	subs	r0, #72	@ 0x48
20000ee4:	0031      	movs	r1, r6
20000ee6:	f7ff faaf 	bl	20000448 <spi_put_u32>
20000eea:	0021      	movs	r1, r4
20000eec:	394c      	subs	r1, #76	@ 0x4c
20000eee:	4b09      	ldr	r3, [pc, #36]	@ (20000f14 <bench_next_tx_frame+0x54>)
20000ef0:	00ad      	lsls	r5, r5, #2
20000ef2:	58e8      	ldr	r0, [r5, r3]
20000ef4:	2208      	movs	r2, #8
20000ef6:	f7ff fa4f 	bl	20000398 <crc32_update>
20000efa:	43c1      	mvns	r1, r0
20000efc:	0020      	movs	r0, r4
20000efe:	3844      	subs	r0, #68	@ 0x44
20000f00:	f7ff faa2 	bl	20000448 <spi_put_u32>
20000f04:	bd70      	pop	{r4, r5, r6, pc}
20000f06:	46c0      	nop			@ (mov r8, r8)
20000f08:	2000db38 	.word	0x2000db38
20000f0c:	2000db3c 	.word	0x2000db3c
20000f10:	20016b64 	.word	0x20016b64
20000f14:	2000e0bc 	.word	0x2000e0bc

20000f18 <my_spi_write_read_blocking>:
20000f18:	b570      	push	{r4, r5, r6, lr}
20000f1a:	0013      	movs	r3, r2
20000f1c:	46c0      	nop			@ (mov r8, r8)
20000f1e:	46c0      	nop			@ (mov r8, r8)
20000f20:	46c0      	nop			@ (mov r8, r8)
20000f22:	46c0      	nop			@ (mov r8, r8)
20000f24:	46c0      	nop			@ (mov r8, r8)
20000f26:	46c0      	nop			@ (mov r8, r8)
20000f28:	24d0      	movs	r4, #208	@ 0xd0
20000f2a:	0624      	lsls	r4, r4, #24
20000f2c:	2580      	movs	r5, #128	@ 0x80
20000f2e:	01ad      	lsls	r5, r5, #6
20000f30:	61a5      	str	r5, [r4, #24]
20000f32:	46c0      	nop			@ (mov r8, r8)
20000f34:	46c0      	nop			@ (mov r8, r8)
20000f36:	46c0      	nop			@ (mov r8, r8)
20000f38:	46c0      	nop			@ (mov r8, r8)
20000f3a:	46c0      	nop			@ (mov r8, r8)
20000f3c:	46c0      	nop			@ (mov r8, r8)
20000f3e:	46c0      	nop			@ (mov r8, r8)
20000f40:	46c0      	nop			@ (mov r8, r8)
20000f42:	46c0      	nop			@ (mov r8, r8)
20000f44:	46c0      	nop			@ (mov r8, r8)
20000f46:	46c0      	nop			@ (mov r8, r8)
20000f48:	46c0      	nop			@ (mov r8, r8)
20000f4a:	46c0      	nop			@ (mov r8, r8)
20000f4c:	46c0      	nop			@ (mov r8, r8)
20000f4e:	46c0      	nop			@ (mov r8, r8)
20000f50:	46c0      	nop			@ (mov r8, r8)
20000f52:	46c0      	nop			@ (mov r8, r8)
20000f54:	46c0      	nop			@ (mov r8, r8)
20000f56:	46c0      	nop			@ (mov r8, r8)
20000f58:	46c0      	nop			@ (mov r8, r8)
20000f5a:	46c0      	nop			@ (mov r8, r8)
20000f5c:	46c0      	nop			@ (mov r8, r8)
20000f5e:	46c0      	nop			@ (mov r8, r8)
20000f60:	46c0      	nop			@ (mov r8, r8)
20000f62:	46c0      	nop			@ (mov r8, r8)
20000f64:	46c0      	nop			@ (mov r8, r8)
20000f66:	46c0      	nop			@ (mov r8, r8)
20000f68:	46c0      	nop			@ (mov r8, r8)
20000f6a:	46c0      	nop			@ (mov r8, r8)
20000f6c:	46c0      	nop			@ (mov r8, r8)
20000f6e:	46c0      	nop			@ (mov r8, r8)
20000f70:	46c0      	nop			@ (mov r8, r8)
20000f72:	46c0      	nop			@ (mov r8, r8)
20000f74:	46c0      	nop			@ (mov r8, r8)
20000f76:	46c0      	nop			@ (mov r8, r8)
20000f78:	46c0      	nop			@ (mov r8, r8)
20000f7a:	46c0      	nop			@ (mov r8, r8)
20000f7c:	46c0      	nop			@ (mov r8, r8)
20000f7e:	46c0      	nop			@ (mov r8, r8)
20000f80:	46c0      	nop			@ (mov r8, r8)
20000f82:	46c0      	nop			@ (mov r8, r8)
20000f84:	46c0      	nop			@ (mov r8, r8)
20000f86:	46c0      	nop			@ (mov r8, r8)
20000f88:	46c0      	nop			@ (mov r8, r8)
20000f8a:	46c0      	nop			@ (mov r8, r8)
20000f8c:	46c0      	nop			@ (mov r8, r8)
20000f8e:	46c0      	nop			@ (mov r8, r8)
20000f90:	46c0      	nop			@ (mov r8, r8)
20000f92:	46c0      	nop			@ (mov r8, r8)
20000f94:	46c0      	nop			@ (mov r8, r8)
20000f96:	46c0      	nop			@ (mov r8, r8)
20000f98:	46c0      	nop			@ (mov r8, r8)
20000f9a:	46c0      	nop			@ (mov r8, r8)
20000f9c:	46c0      	nop			@ (mov r8, r8)
20000f9e:	46c0      	nop			@ (mov r8, r8)
20000fa0:	46c0      	nop			@ (mov r8, r8)
20000fa2:	46c0      	nop			@ (mov r8, r8)
20000fa4:	46c0      	nop			@ (mov r8, r8)
20000fa6:	46c0      	nop			@ (mov r8, r8)
20000fa8:	46c0      	nop			@ (mov r8, r8)
20000faa:	46c0      	nop			@ (mov r8, r8)
20000fac:	46c0      	nop			@ (mov r8, r8)
20000fae:	46c0      	nop			@ (mov r8, r8)
20000fb0:	46c0      	nop			@ (mov r8, r8)
20000fb2:	46c0      	nop			@ (mov r8, r8)
20000fb4:	46c0      	nop			@ (mov r8, r8)
20000fb6:	46c0      	nop			@ (mov r8, r8)
20000fb8:	46c0      	nop			@ (mov r8, r8)
20000fba:	46c0      	nop			@ (mov r8, r8)
20000fbc:	46c0      	nop			@ (mov r8, r8)
20000fbe:	46c0      	nop			@ (mov r8, r8)
20000fc0:	46c0      	nop			@ (mov r8, r8)
20000fc2:	46c0      	nop			@ (mov r8, r8)
20000fc4:	46c0      	nop			@ (mov r8, r8)
20000fc6:	46c0      	nop			@ (mov r8, r8)
20000fc8:	46c0      	nop			@ (mov r8, r8)
20000fca:	46c0      	nop			@ (mov r8, r8)
20000fcc:	46c0      	nop			@ (mov r8, r8)
20000fce:	46c0      	nop			@ (mov r8, r8)
20000fd0:	46c0      	nop			@ (mov r8, r8)
20000fd2:	46c0      	nop			@ (mov r8, r8)
20000fd4:	46c0      	nop			@ (mov r8, r8)
20000fd6:	46c0      	nop			@ (mov r8, r8)
20000fd8:	46c0      	nop			@ (mov r8, r8)
20000fda:	46c0      	nop			@ (mov r8, r8)
20000fdc:	46c0      	nop			@ (mov r8, r8)
20000fde:	46c0      	nop			@ (mov r8, r8)
20000fe0:	46c0      	nop			@ (mov r8, r8)
20000fe2:	46c0      	nop			@ (mov r8, r8)
20000fe4:	46c0      	nop			@ (mov r8, r8)
20000fe6:	000a      	movs	r2, r1
20000fe8:	0001      	movs	r1, r0
20000fea:	4832      	ldr	r0, [pc, #200]	@ (200010b4 <my_spi_write_read_blocking+0x19c>)
20000fec:	f009 fb04 	bl	2000a5f8 <spi_write_read_blocking>
20000ff0:	46c0      	nop			@ (mov r8, r8)
20000ff2:	46c0      	nop			@ (mov r8, r8)
20000ff4:	46c0      	nop			@ (mov r8, r8)
20000ff6:	46c0      	nop			@ (mov r8, r8)
20000ff8:	46c0      	nop			@ (mov r8, r8)
20000ffa:	46c0      	nop			@ (mov r8, r8)
20000ffc:	46c0      	nop			@ (mov r8, r8)
20000ffe:	46c0      	nop			@ (mov r8, r8)
20001000:	46c0      	nop			@ (mov r8, r8)
20001002:	46c0      	nop			@ (mov r8, r8)
20001004:	46c0      	nop			@ (mov r8, r8)
20001006:	46c0      	nop			@ (mov r8, r8)
20001008:	46c0      	nop			@ (mov r8, r8)
2000100a:	46c0      	nop			@ (mov r8, r8)
2000100c:	46c0      	nop			@ (mov r8, r8)
2000100e:	46c0      	nop			@ (mov r8, r8)
20001010:	46c0      	nop			@ (mov r8, r8)
20001012:	46c0      	nop			@ (mov r8, r8)
20001014:	46c0      	nop			@ (mov r8, r8)
20001016:	46c0      	nop			@ (mov r8, r8)
20001018:	46c0      	nop			@ (mov r8, r8)
2000101a:	46c0      	nop			@ (mov r8, r8)
2000101c:	46c0      	nop			@ (mov r8, r8)
2000101e:	46c0      	nop			@ (mov r8, r8)
20001020:	46c0      	nop			@ (mov r8, r8)
20001022:	46c0      	nop			@ (mov r8, r8)
20001024:	46c0      	nop			@ (mov r8, r8)
20001026:	46c0      	nop			@ (mov r8, r8)
20001028:	46c0      	nop			@ (mov r8, r8)
2000102a:	46c0      	nop			@ (mov r8, r8)
2000102c:	46c0      	nop			@ (mov r8, r8)
2000102e:	46c0      	nop			@ (mov r8, r8)
20001030:	46c0      	nop			@ (mov r8, r8)
20001032:	46c0      	nop			@ (mov r8, r8)
20001034:	46c0      	nop			@ (mov r8, r8)
20001036:	46c0      	nop			@ (mov r8, r8)
20001038:	46c0      	nop			@ (mov r8, r8)
2000103a:	46c0      	nop			@ (mov r8, r8)
2000103c:	46c0      	nop			@ (mov r8, r8)
2000103e:	46c0      	nop			@ (mov r8, r8)
20001040:	46c0      	nop			@ (mov r8, r8)
20001042:	46c0      	nop			@ (mov r8, r8)
20001044:	46c0      	nop			@ (mov r8, r8)
20001046:	46c0      	nop			@ (mov r8, r8)
20001048:	46c0      	nop			@ (mov r8, r8)
2000104a:	46c0      	nop			@ (mov r8, r8)
2000104c:	46c0      	nop			@ (mov r8, r8)
2000104e:	46c0      	nop			@ (mov r8, r8)
20001050:	46c0      	nop			@ (mov r8, r8)
20001052:	46c0      	nop			@ (mov r8, r8)
20001054:	46c0      	nop			@ (mov r8, r8)
20001056:	46c0      	nop			@ (mov r8, r8)
20001058:	46c0      	nop			@ (mov r8, r8)
2000105a:	46c0      	nop			@ (mov r8, r8)
2000105c:	46c0      	nop			@ (mov r8, r8)
2000105e:	46c0      	nop			@ (mov r8, r8)
20001060:	46c0      	nop			@ (mov r8, r8)
20001062:	46c0      	nop			@ (mov r8, r8)
20001064:	46c0      	nop			@ (mov r8, r8)
20001066:	46c0      	nop			@ (mov r8, r8)
20001068:	46c0      	nop			@ (mov r8, r8)
2000106a:	46c0      	nop			@ (mov r8, r8)
2000106c:	46c0      	nop			@ (mov r8, r8)
2000106e:	46c0      	nop			@ (mov r8, r8)
20001070:	46c0      	nop			@ (mov r8, r8)
20001072:	46c0      	nop			@ (mov r8, r8)
20001074:	46c0      	nop			@ (mov r8, r8)
20001076:	46c0      	nop			@ (mov r8, r8)
20001078:	46c0      	nop			@ (mov r8, r8)
2000107a:	46c0      	nop			@ (mov r8, r8)
2000107c:	46c0      	nop			@ (mov r8, r8)
2000107e:	46c0      	nop			@ (mov r8, r8)
20001080:	46c0      	nop			@ (mov r8, r8)
20001082:	46c0      	nop			@ (mov r8, r8)
20001084:	46c0      	nop			@ (mov r8, r8)
20001086:	46c0      	nop			@ (mov r8, r8)
20001088:	46c0      	nop			@ (mov r8, r8)
2000108a:	46c0      	nop			@ (mov r8, r8)
2000108c:	46c0      	nop			@ (mov r8, r8)
2000108e:	46c0      	nop			@ (mov r8, r8)
20001090:	46c0      	nop			@ (mov r8, r8)
20001092:	46c0      	nop			@ (mov r8, r8)
20001094:	46c0      	nop			@ (mov r8, r8)
20001096:	46c0      	nop			@ (mov r8, r8)
20001098:	46c0      	nop			@ (mov r8, r8)
2000109a:	46c0      	nop			@ (mov r8, r8)
2000109c:	46c0      	nop			@ (mov r8, r8)
2000109e:	46c0      	nop			@ (mov r8, r8)
200010a0:	46c0      	nop			@ (mov r8, r8)
200010a2:	46c0      	nop			@ (mov r8, r8)
200010a4:	6165      	str	r5, [r4, #20]
200010a6:	46c0      	nop			@ (mov r8, r8)
200010a8:	46c0      	nop			@ (mov r8, r8)
200010aa:	46c0      	nop			@ (mov r8, r8)
200010ac:	46c0      	nop			@ (mov r8, r8)
200010ae:	46c0      	nop			@ (mov r8, r8)
200010b0:	46c0      	nop			@ (mov r8, r8)
200010b2:	bd70      	pop	{r4, r5, r6, pc}
200010b4:	40040000 	.word	0x40040000

200010b8 <my_spi_to_esp_xfer_blocking>:
200010b8:	b570      	push	{r4, r5, r6, lr}
200010ba:	0004      	movs	r4, r0
200010bc:	000d      	movs	r5, r1
200010be:	0016      	movs	r6, r2
200010c0:	23d0      	movs	r3, #208	@ 0xd0
200010c2:	061b      	lsls	r3, r3, #24
200010c4:	2080      	movs	r0, #128	@ 0x80
200010c6:	01c0      	lsls	r0, r0, #7
200010c8:	6158      	str	r0, [r3, #20]
200010ca:	20fa      	movs	r0, #250	@ 0xfa
200010cc:	00c0      	lsls	r0, r0, #3
200010ce:	f7ff fd1d 	bl	20000b0c <wait_esp_ready>
200010d2:	2800      	cmp	r0, #0
200010d4:	d00a      	beq.n	200010ec <my_spi_to_esp_xfer_blocking+0x34>
200010d6:	23d0      	movs	r3, #208	@ 0xd0
200010d8:	061b      	lsls	r3, r3, #24
200010da:	2280      	movs	r2, #128	@ 0x80
200010dc:	01d2      	lsls	r2, r2, #7
200010de:	619a      	str	r2, [r3, #24]
200010e0:	0032      	movs	r2, r6
200010e2:	0029      	movs	r1, r5
200010e4:	0020      	movs	r0, r4
200010e6:	f7ff ff17 	bl	20000f18 <my_spi_write_read_blocking>
200010ea:	bd70      	pop	{r4, r5, r6, pc}
200010ec:	23d0      	movs	r3, #208	@ 0xd0
200010ee:	061b      	lsls	r3, r3, #24
200010f0:	2280      	movs	r2, #128	@ 0x80
200010f2:	01d2      	lsls	r2, r2, #7
200010f4:	619a      	str	r2, [r3, #24]
200010f6:	3801      	subs	r0, #1
200010f8:	e7f7      	b.n	200010ea <my_spi_to_esp_xfer_blocking+0x32>
	...

200010fc <spi_find_frame>:
200010fc:	b570      	push	{r4, r5, r6, lr}
200010fe:	0006      	movs	r6, r0
20001100:	2400      	movs	r4, #0
20001102:	e000      	b.n	20001106 <spi_find_frame+0xa>
20001104:	3401      	adds	r4, #1
20001106:	2c20      	cmp	r4, #32
20001108:	d80c      	bhi.n	20001124 <spi_find_frame+0x28>
2000110a:	1935      	adds	r5, r6, r4
2000110c:	4907      	ldr	r1, [pc, #28]	@ (2000112c <spi_find_frame+0x30>)
2000110e:	2204      	movs	r2, #4
20001110:	0028      	movs	r0, r5
20001112:	f008 ff53 	bl	20009fbc <memcmp>
20001116:	2800      	cmp	r0, #0
20001118:	d1f4      	bne.n	20001104 <spi_find_frame+0x8>
2000111a:	1d23      	adds	r3, r4, #4
2000111c:	5cf3      	ldrb	r3, [r6, r3]
2000111e:	2b03      	cmp	r3, #3
20001120:	d1f0      	bne.n	20001104 <spi_find_frame+0x8>
20001122:	e000      	b.n	20001126 <spi_find_frame+0x2a>
20001124:	2500      	movs	r5, #0
20001126:	0028      	movs	r0, r5
20001128:	bd70      	pop	{r4, r5, r6, pc}
2000112a:	46c0      	nop			@ (mov r8, r8)
2000112c:	2000cb78 	.word	0x2000cb78

20001130 <poll_esp>:
20001130:	b570      	push	{r4, r5, r6, lr}
20001132:	2100      	movs	r1, #0
20001134:	2001      	movs	r0, #1
20001136:	f7ff fded 	bl	20000d14 <spi_build_control>
2000113a:	4c7b      	ldr	r4, [pc, #492]	@ (20001328 <poll_esp+0x1f8>)
2000113c:	2580      	movs	r5, #128	@ 0x80
2000113e:	006d      	lsls	r5, r5, #1
20001140:	002a      	movs	r2, r5
20001142:	2100      	movs	r1, #0
20001144:	0020      	movs	r0, r4
20001146:	f006 fcfb 	bl	20007b40 <__wrap_memset>
2000114a:	4878      	ldr	r0, [pc, #480]	@ (2000132c <poll_esp+0x1fc>)
2000114c:	002a      	movs	r2, r5
2000114e:	0021      	movs	r1, r4
20001150:	f7ff ffb2 	bl	200010b8 <my_spi_to_esp_xfer_blocking>
20001154:	2800      	cmp	r0, #0
20001156:	da00      	bge.n	2000115a <poll_esp+0x2a>
20001158:	e0a3      	b.n	200012a2 <poll_esp+0x172>
2000115a:	4873      	ldr	r0, [pc, #460]	@ (20001328 <poll_esp+0x1f8>)
2000115c:	f7ff ffce 	bl	200010fc <spi_find_frame>
20001160:	1e04      	subs	r4, r0, #0
20001162:	d100      	bne.n	20001166 <poll_esp+0x36>
20001164:	e0a9      	b.n	200012ba <poll_esp+0x18a>
20001166:	4b70      	ldr	r3, [pc, #448]	@ (20001328 <poll_esp+0x1f8>)
20001168:	1ac3      	subs	r3, r0, r3
2000116a:	4a71      	ldr	r2, [pc, #452]	@ (20001330 <poll_esp+0x200>)
2000116c:	6013      	str	r3, [r2, #0]
2000116e:	4a71      	ldr	r2, [pc, #452]	@ (20001334 <poll_esp+0x204>)
20001170:	6812      	ldr	r2, [r2, #0]
20001172:	4293      	cmp	r3, r2
20001174:	d201      	bcs.n	2000117a <poll_esp+0x4a>
20001176:	4a6f      	ldr	r2, [pc, #444]	@ (20001334 <poll_esp+0x204>)
20001178:	6013      	str	r3, [r2, #0]
2000117a:	4a6f      	ldr	r2, [pc, #444]	@ (20001338 <poll_esp+0x208>)
2000117c:	6812      	ldr	r2, [r2, #0]
2000117e:	4293      	cmp	r3, r2
20001180:	d901      	bls.n	20001186 <poll_esp+0x56>
20001182:	4a6d      	ldr	r2, [pc, #436]	@ (20001338 <poll_esp+0x208>)
20001184:	6013      	str	r3, [r2, #0]
20001186:	7963      	ldrb	r3, [r4, #5]
20001188:	3b01      	subs	r3, #1
2000118a:	b2db      	uxtb	r3, r3
2000118c:	2b01      	cmp	r3, #1
2000118e:	d900      	bls.n	20001192 <poll_esp+0x62>
20001190:	e0af      	b.n	200012f2 <poll_esp+0x1c2>
20001192:	79a2      	ldrb	r2, [r4, #6]
20001194:	4b69      	ldr	r3, [pc, #420]	@ (2000133c <poll_esp+0x20c>)
20001196:	701a      	strb	r2, [r3, #0]
20001198:	79e5      	ldrb	r5, [r4, #7]
2000119a:	07ab      	lsls	r3, r5, #30
2000119c:	0fdb      	lsrs	r3, r3, #31
2000119e:	4a68      	ldr	r2, [pc, #416]	@ (20001340 <poll_esp+0x210>)
200011a0:	7013      	strb	r3, [r2, #0]
200011a2:	076b      	lsls	r3, r5, #29
200011a4:	0fdb      	lsrs	r3, r3, #31
200011a6:	4a67      	ldr	r2, [pc, #412]	@ (20001344 <poll_esp+0x214>)
200011a8:	7013      	strb	r3, [r2, #0]
200011aa:	06eb      	lsls	r3, r5, #27
200011ac:	0fdb      	lsrs	r3, r3, #31
200011ae:	4a66      	ldr	r2, [pc, #408]	@ (20001348 <poll_esp+0x218>)
200011b0:	7013      	strb	r3, [r2, #0]
200011b2:	0020      	movs	r0, r4
200011b4:	300c      	adds	r0, #12
200011b6:	f7ff f93b 	bl	20000430 <spi_get_u32>
200011ba:	4b64      	ldr	r3, [pc, #400]	@ (2000134c <poll_esp+0x21c>)
200011bc:	6018      	str	r0, [r3, #0]
200011be:	0020      	movs	r0, r4
200011c0:	3010      	adds	r0, #16
200011c2:	f7ff f935 	bl	20000430 <spi_get_u32>
200011c6:	4b62      	ldr	r3, [pc, #392]	@ (20001350 <poll_esp+0x220>)
200011c8:	6018      	str	r0, [r3, #0]
200011ca:	2301      	movs	r3, #1
200011cc:	402b      	ands	r3, r5
200011ce:	4a61      	ldr	r2, [pc, #388]	@ (20001354 <poll_esp+0x224>)
200011d0:	7013      	strb	r3, [r2, #0]
200011d2:	0020      	movs	r0, r4
200011d4:	3008      	adds	r0, #8
200011d6:	f7ff f92b 	bl	20000430 <spi_get_u32>
200011da:	4b5f      	ldr	r3, [pc, #380]	@ (20001358 <poll_esp+0x228>)
200011dc:	6018      	str	r0, [r3, #0]
200011de:	7ea2      	ldrb	r2, [r4, #26]
200011e0:	4b5e      	ldr	r3, [pc, #376]	@ (2000135c <poll_esp+0x22c>)
200011e2:	701a      	strb	r2, [r3, #0]
200011e4:	7ee2      	ldrb	r2, [r4, #27]
200011e6:	4b5e      	ldr	r3, [pc, #376]	@ (20001360 <poll_esp+0x230>)
200011e8:	701a      	strb	r2, [r3, #0]
200011ea:	7f23      	ldrb	r3, [r4, #28]
200011ec:	7f62      	ldrb	r2, [r4, #29]
200011ee:	0212      	lsls	r2, r2, #8
200011f0:	4313      	orrs	r3, r2
200011f2:	4a5c      	ldr	r2, [pc, #368]	@ (20001364 <poll_esp+0x234>)
200011f4:	8013      	strh	r3, [r2, #0]
200011f6:	7fa3      	ldrb	r3, [r4, #30]
200011f8:	7fe2      	ldrb	r2, [r4, #31]
200011fa:	0212      	lsls	r2, r2, #8
200011fc:	4313      	orrs	r3, r2
200011fe:	4a5a      	ldr	r2, [pc, #360]	@ (20001368 <poll_esp+0x238>)
20001200:	8013      	strh	r3, [r2, #0]
20001202:	2320      	movs	r3, #32
20001204:	5ce2      	ldrb	r2, [r4, r3]
20001206:	4b59      	ldr	r3, [pc, #356]	@ (2000136c <poll_esp+0x23c>)
20001208:	701a      	strb	r2, [r3, #0]
2000120a:	0020      	movs	r0, r4
2000120c:	3024      	adds	r0, #36	@ 0x24
2000120e:	f7ff f90f 	bl	20000430 <spi_get_u32>
20001212:	4b57      	ldr	r3, [pc, #348]	@ (20001370 <poll_esp+0x240>)
20001214:	6018      	str	r0, [r3, #0]
20001216:	2328      	movs	r3, #40	@ 0x28
20001218:	5ce2      	ldrb	r2, [r4, r3]
2000121a:	4b56      	ldr	r3, [pc, #344]	@ (20001374 <poll_esp+0x244>)
2000121c:	701a      	strb	r2, [r3, #0]
2000121e:	2329      	movs	r3, #41	@ 0x29
20001220:	5ce2      	ldrb	r2, [r4, r3]
20001222:	4b55      	ldr	r3, [pc, #340]	@ (20001378 <poll_esp+0x248>)
20001224:	701a      	strb	r2, [r3, #0]
20001226:	232a      	movs	r3, #42	@ 0x2a
20001228:	5ce2      	ldrb	r2, [r4, r3]
2000122a:	4b54      	ldr	r3, [pc, #336]	@ (2000137c <poll_esp+0x24c>)
2000122c:	701a      	strb	r2, [r3, #0]
2000122e:	233c      	movs	r3, #60	@ 0x3c
20001230:	5ce3      	ldrb	r3, [r4, r3]
20001232:	223d      	movs	r2, #61	@ 0x3d
20001234:	5ca2      	ldrb	r2, [r4, r2]
20001236:	0212      	lsls	r2, r2, #8
20001238:	4313      	orrs	r3, r2
2000123a:	4a51      	ldr	r2, [pc, #324]	@ (20001380 <poll_esp+0x250>)
2000123c:	8013      	strh	r3, [r2, #0]
2000123e:	072d      	lsls	r5, r5, #28
20001240:	0fed      	lsrs	r5, r5, #31
20001242:	4b50      	ldr	r3, [pc, #320]	@ (20001384 <poll_esp+0x254>)
20001244:	701d      	strb	r5, [r3, #0]
20001246:	232b      	movs	r3, #43	@ 0x2b
20001248:	5ce2      	ldrb	r2, [r4, r3]
2000124a:	4b4f      	ldr	r3, [pc, #316]	@ (20001388 <poll_esp+0x258>)
2000124c:	701a      	strb	r2, [r3, #0]
2000124e:	232c      	movs	r3, #44	@ 0x2c
20001250:	5ce2      	ldrb	r2, [r4, r3]
20001252:	4b4e      	ldr	r3, [pc, #312]	@ (2000138c <poll_esp+0x25c>)
20001254:	701a      	strb	r2, [r3, #0]
20001256:	232d      	movs	r3, #45	@ 0x2d
20001258:	5ce2      	ldrb	r2, [r4, r3]
2000125a:	4b4d      	ldr	r3, [pc, #308]	@ (20001390 <poll_esp+0x260>)
2000125c:	701a      	strb	r2, [r3, #0]
2000125e:	232e      	movs	r3, #46	@ 0x2e
20001260:	5ce2      	ldrb	r2, [r4, r3]
20001262:	4b4c      	ldr	r3, [pc, #304]	@ (20001394 <poll_esp+0x264>)
20001264:	701a      	strb	r2, [r3, #0]
20001266:	232f      	movs	r3, #47	@ 0x2f
20001268:	5ce2      	ldrb	r2, [r4, r3]
2000126a:	4b4b      	ldr	r3, [pc, #300]	@ (20001398 <poll_esp+0x268>)
2000126c:	701a      	strb	r2, [r3, #0]
2000126e:	0020      	movs	r0, r4
20001270:	3030      	adds	r0, #48	@ 0x30
20001272:	f7ff f8dd 	bl	20000430 <spi_get_u32>
20001276:	4b49      	ldr	r3, [pc, #292]	@ (2000139c <poll_esp+0x26c>)
20001278:	6018      	str	r0, [r3, #0]
2000127a:	0020      	movs	r0, r4
2000127c:	3034      	adds	r0, #52	@ 0x34
2000127e:	f7ff f8d7 	bl	20000430 <spi_get_u32>
20001282:	4b47      	ldr	r3, [pc, #284]	@ (200013a0 <poll_esp+0x270>)
20001284:	6018      	str	r0, [r3, #0]
20001286:	0020      	movs	r0, r4
20001288:	3038      	adds	r0, #56	@ 0x38
2000128a:	f7ff f8d1 	bl	20000430 <spi_get_u32>
2000128e:	4b45      	ldr	r3, [pc, #276]	@ (200013a4 <poll_esp+0x274>)
20001290:	6018      	str	r0, [r3, #0]
20001292:	4b45      	ldr	r3, [pc, #276]	@ (200013a8 <poll_esp+0x278>)
20001294:	2201      	movs	r2, #1
20001296:	701a      	strb	r2, [r3, #0]
20001298:	4a44      	ldr	r2, [pc, #272]	@ (200013ac <poll_esp+0x27c>)
2000129a:	6813      	ldr	r3, [r2, #0]
2000129c:	3301      	adds	r3, #1
2000129e:	6013      	str	r3, [r2, #0]
200012a0:	bd70      	pop	{r4, r5, r6, pc}
200012a2:	4b41      	ldr	r3, [pc, #260]	@ (200013a8 <poll_esp+0x278>)
200012a4:	2200      	movs	r2, #0
200012a6:	701a      	strb	r2, [r3, #0]
200012a8:	4a41      	ldr	r2, [pc, #260]	@ (200013b0 <poll_esp+0x280>)
200012aa:	6813      	ldr	r3, [r2, #0]
200012ac:	3301      	adds	r3, #1
200012ae:	6013      	str	r3, [r2, #0]
200012b0:	4a40      	ldr	r2, [pc, #256]	@ (200013b4 <poll_esp+0x284>)
200012b2:	6813      	ldr	r3, [r2, #0]
200012b4:	3301      	adds	r3, #1
200012b6:	6013      	str	r3, [r2, #0]
200012b8:	e7f2      	b.n	200012a0 <poll_esp+0x170>
200012ba:	4b3b      	ldr	r3, [pc, #236]	@ (200013a8 <poll_esp+0x278>)
200012bc:	2200      	movs	r2, #0
200012be:	701a      	strb	r2, [r3, #0]
200012c0:	4a3b      	ldr	r2, [pc, #236]	@ (200013b0 <poll_esp+0x280>)
200012c2:	6813      	ldr	r3, [r2, #0]
200012c4:	3301      	adds	r3, #1
200012c6:	6013      	str	r3, [r2, #0]
200012c8:	4a3b      	ldr	r2, [pc, #236]	@ (200013b8 <poll_esp+0x288>)
200012ca:	6813      	ldr	r3, [r2, #0]
200012cc:	3301      	adds	r3, #1
200012ce:	6013      	str	r3, [r2, #0]
200012d0:	4b3a      	ldr	r3, [pc, #232]	@ (200013bc <poll_esp+0x28c>)
200012d2:	4815      	ldr	r0, [pc, #84]	@ (20001328 <poll_esp+0x1f8>)
200012d4:	0001      	movs	r1, r0
200012d6:	c934      	ldmia	r1!, {r2, r4, r5}
200012d8:	c334      	stmia	r3!, {r2, r4, r5}
200012da:	001a      	movs	r2, r3
200012dc:	680b      	ldr	r3, [r1, #0]
200012de:	6013      	str	r3, [r2, #0]
200012e0:	23ff      	movs	r3, #255	@ 0xff
200012e2:	5cc2      	ldrb	r2, [r0, r3]
200012e4:	4b36      	ldr	r3, [pc, #216]	@ (200013c0 <poll_esp+0x290>)
200012e6:	701a      	strb	r2, [r3, #0]
200012e8:	f7ff f8b6 	bl	20000458 <spi_frame_is_silent>
200012ec:	4b35      	ldr	r3, [pc, #212]	@ (200013c4 <poll_esp+0x294>)
200012ee:	7018      	strb	r0, [r3, #0]
200012f0:	e7d6      	b.n	200012a0 <poll_esp+0x170>
200012f2:	4b2d      	ldr	r3, [pc, #180]	@ (200013a8 <poll_esp+0x278>)
200012f4:	2100      	movs	r1, #0
200012f6:	7019      	strb	r1, [r3, #0]
200012f8:	4a2d      	ldr	r2, [pc, #180]	@ (200013b0 <poll_esp+0x280>)
200012fa:	6813      	ldr	r3, [r2, #0]
200012fc:	3301      	adds	r3, #1
200012fe:	6013      	str	r3, [r2, #0]
20001300:	4a2d      	ldr	r2, [pc, #180]	@ (200013b8 <poll_esp+0x288>)
20001302:	6813      	ldr	r3, [r2, #0]
20001304:	3301      	adds	r3, #1
20001306:	6013      	str	r3, [r2, #0]
20001308:	4b2c      	ldr	r3, [pc, #176]	@ (200013bc <poll_esp+0x28c>)
2000130a:	4a07      	ldr	r2, [pc, #28]	@ (20001328 <poll_esp+0x1f8>)
2000130c:	0014      	movs	r4, r2
2000130e:	cc61      	ldmia	r4!, {r0, r5, r6}
20001310:	c361      	stmia	r3!, {r0, r5, r6}
20001312:	0018      	movs	r0, r3
20001314:	6823      	ldr	r3, [r4, #0]
20001316:	6003      	str	r3, [r0, #0]
20001318:	23ff      	movs	r3, #255	@ 0xff
2000131a:	5cd2      	ldrb	r2, [r2, r3]
2000131c:	4b28      	ldr	r3, [pc, #160]	@ (200013c0 <poll_esp+0x290>)
2000131e:	701a      	strb	r2, [r3, #0]
20001320:	4b28      	ldr	r3, [pc, #160]	@ (200013c4 <poll_esp+0x294>)
20001322:	7019      	strb	r1, [r3, #0]
20001324:	e7bc      	b.n	200012a0 <poll_esp+0x170>
20001326:	46c0      	nop			@ (mov r8, r8)
20001328:	20016a14 	.word	0x20016a14
2000132c:	20016b14 	.word	0x20016b14
20001330:	2000f23c 	.word	0x2000f23c
20001334:	2000ced0 	.word	0x2000ced0
20001338:	2000f240 	.word	0x2000f240
2000133c:	20016d4d 	.word	0x20016d4d
20001340:	20016d52 	.word	0x20016d52
20001344:	20016d51 	.word	0x20016d51
20001348:	20016d53 	.word	0x20016d53
2000134c:	2000f270 	.word	0x2000f270
20001350:	2000f26c 	.word	0x2000f26c
20001354:	20016d46 	.word	0x20016d46
20001358:	2000f234 	.word	0x2000f234
2000135c:	20016d4b 	.word	0x20016d4b
20001360:	20016d49 	.word	0x20016d49
20001364:	20016d3e 	.word	0x20016d3e
20001368:	20016d3c 	.word	0x20016d3c
2000136c:	20016d47 	.word	0x20016d47
20001370:	2000f238 	.word	0x2000f238
20001374:	20016d4c 	.word	0x20016d4c
20001378:	20016d4a 	.word	0x20016d4a
2000137c:	20016d48 	.word	0x20016d48
20001380:	20016d40 	.word	0x20016d40
20001384:	20016d54 	.word	0x20016d54
20001388:	20016d58 	.word	0x20016d58
2000138c:	20016d57 	.word	0x20016d57
20001390:	20016d55 	.word	0x20016d55
20001394:	20016d56 	.word	0x20016d56
20001398:	20016d59 	.word	0x20016d59
2000139c:	2000f27c 	.word	0x2000f27c
200013a0:	2000f278 	.word	0x2000f278
200013a4:	2000f274 	.word	0x2000f274
200013a8:	20016d50 	.word	0x20016d50
200013ac:	2000f260 	.word	0x2000f260
200013b0:	2000f25c 	.word	0x2000f25c
200013b4:	2000f268 	.word	0x2000f268
200013b8:	2000f254 	.word	0x2000f254
200013bc:	2000f244 	.word	0x2000f244
200013c0:	20016d4f 	.word	0x20016d4f
200013c4:	20016d4e 	.word	0x20016d4e

200013c8 <uart_read_stats>:
200013c8:	b570      	push	{r4, r5, r6, lr}
200013ca:	2100      	movs	r1, #0
200013cc:	2001      	movs	r0, #1
200013ce:	f7ff fca1 	bl	20000d14 <spi_build_control>
200013d2:	4b0e      	ldr	r3, [pc, #56]	@ (2000140c <uart_read_stats+0x44>)
200013d4:	2480      	movs	r4, #128	@ 0x80
200013d6:	0064      	lsls	r4, r4, #1
200013d8:	0022      	movs	r2, r4
200013da:	2100      	movs	r1, #0
200013dc:	001d      	movs	r5, r3
200013de:	0018      	movs	r0, r3
200013e0:	f006 fbae 	bl	20007b40 <__wrap_memset>
200013e4:	480a      	ldr	r0, [pc, #40]	@ (20001410 <uart_read_stats+0x48>)
200013e6:	0022      	movs	r2, r4
200013e8:	0029      	movs	r1, r5
200013ea:	f7ff fe65 	bl	200010b8 <my_spi_to_esp_xfer_blocking>
200013ee:	2800      	cmp	r0, #0
200013f0:	db08      	blt.n	20001404 <uart_read_stats+0x3c>
200013f2:	4806      	ldr	r0, [pc, #24]	@ (2000140c <uart_read_stats+0x44>)
200013f4:	f7ff fe82 	bl	200010fc <spi_find_frame>
200013f8:	2800      	cmp	r0, #0
200013fa:	d002      	beq.n	20001402 <uart_read_stats+0x3a>
200013fc:	7943      	ldrb	r3, [r0, #5]
200013fe:	2b04      	cmp	r3, #4
20001400:	d102      	bne.n	20001408 <uart_read_stats+0x40>
20001402:	bd70      	pop	{r4, r5, r6, pc}
20001404:	2000      	movs	r0, #0
20001406:	e7fc      	b.n	20001402 <uart_read_stats+0x3a>
20001408:	2000      	movs	r0, #0
2000140a:	e7fa      	b.n	20001402 <uart_read_stats+0x3a>
2000140c:	20016a14 	.word	0x20016a14
20001410:	20016b14 	.word	0x20016b14

20001414 <ota_fetch_block>:
20001414:	b5f0      	push	{r4, r5, r6, r7, lr}
20001416:	b083      	sub	sp, #12
20001418:	0006      	movs	r6, r0
2000141a:	9100      	str	r1, [sp, #0]
2000141c:	9201      	str	r2, [sp, #4]
2000141e:	2500      	movs	r5, #0
20001420:	e000      	b.n	20001424 <ota_fetch_block+0x10>
20001422:	3501      	adds	r5, #1
20001424:	2d17      	cmp	r5, #23
20001426:	dc32      	bgt.n	2000148e <ota_fetch_block+0x7a>
20001428:	0031      	movs	r1, r6
2000142a:	2002      	movs	r0, #2
2000142c:	f7ff fc72 	bl	20000d14 <spi_build_control>
20001430:	4c18      	ldr	r4, [pc, #96]	@ (20001494 <ota_fetch_block+0x80>)
20001432:	2780      	movs	r7, #128	@ 0x80
20001434:	007f      	lsls	r7, r7, #1
20001436:	003a      	movs	r2, r7
20001438:	2100      	movs	r1, #0
2000143a:	0020      	movs	r0, r4
2000143c:	f006 fb80 	bl	20007b40 <__wrap_memset>
20001440:	4815      	ldr	r0, [pc, #84]	@ (20001498 <ota_fetch_block+0x84>)
20001442:	003a      	movs	r2, r7
20001444:	0021      	movs	r1, r4
20001446:	f7ff fe37 	bl	200010b8 <my_spi_to_esp_xfer_blocking>
2000144a:	2800      	cmp	r0, #0
2000144c:	dbe9      	blt.n	20001422 <ota_fetch_block+0xe>
2000144e:	4811      	ldr	r0, [pc, #68]	@ (20001494 <ota_fetch_block+0x80>)
20001450:	f7ff fe54 	bl	200010fc <spi_find_frame>
20001454:	1e04      	subs	r4, r0, #0
20001456:	d0e4      	beq.n	20001422 <ota_fetch_block+0xe>
20001458:	7943      	ldrb	r3, [r0, #5]
2000145a:	2b02      	cmp	r3, #2
2000145c:	d1e1      	bne.n	20001422 <ota_fetch_block+0xe>
2000145e:	3014      	adds	r0, #20
20001460:	f7fe ffe6 	bl	20000430 <spi_get_u32>
20001464:	42b0      	cmp	r0, r6
20001466:	d1dc      	bne.n	20001422 <ota_fetch_block+0xe>
20001468:	7e27      	ldrb	r7, [r4, #24]
2000146a:	7e63      	ldrb	r3, [r4, #25]
2000146c:	021b      	lsls	r3, r3, #8
2000146e:	431f      	orrs	r7, r3
20001470:	1e7b      	subs	r3, r7, #1
20001472:	b29b      	uxth	r3, r3
20001474:	2b7f      	cmp	r3, #127	@ 0x7f
20001476:	d8d4      	bhi.n	20001422 <ota_fetch_block+0xe>
20001478:	0021      	movs	r1, r4
2000147a:	3160      	adds	r1, #96	@ 0x60
2000147c:	003a      	movs	r2, r7
2000147e:	9800      	ldr	r0, [sp, #0]
20001480:	f006 fb64 	bl	20007b4c <__wrap___aeabi_memcpy>
20001484:	9b01      	ldr	r3, [sp, #4]
20001486:	801f      	strh	r7, [r3, #0]
20001488:	2001      	movs	r0, #1
2000148a:	b003      	add	sp, #12
2000148c:	bdf0      	pop	{r4, r5, r6, r7, pc}
2000148e:	2000      	movs	r0, #0
20001490:	e7fb      	b.n	2000148a <ota_fetch_block+0x76>
20001492:	46c0      	nop			@ (mov r8, r8)
20001494:	20016a14 	.word	0x20016a14
20001498:	20016b14 	.word	0x20016b14

2000149c <uart_bench_feed>:
2000149c:	b5f0      	push	{r4, r5, r6, r7, lr}
2000149e:	46ce      	mov	lr, r9
200014a0:	4647      	mov	r7, r8
200014a2:	b580      	push	{r7, lr}
200014a4:	b083      	sub	sp, #12
200014a6:	0017      	movs	r7, r2
200014a8:	001e      	movs	r6, r3
200014aa:	780b      	ldrb	r3, [r1, #0]
200014ac:	2b03      	cmp	r3, #3
200014ae:	d819      	bhi.n	200014e4 <uart_bench_feed+0x48>
200014b0:	4a35      	ldr	r2, [pc, #212]	@ (20001588 <uart_bench_feed+0xec>)
200014b2:	5cd2      	ldrb	r2, [r2, r3]
200014b4:	4282      	cmp	r2, r0
200014b6:	d010      	beq.n	200014da <uart_bench_feed+0x3e>
200014b8:	9b0a      	ldr	r3, [sp, #40]	@ 0x28
200014ba:	6a1b      	ldr	r3, [r3, #32]
200014bc:	3301      	adds	r3, #1
200014be:	9a0a      	ldr	r2, [sp, #40]	@ 0x28
200014c0:	6213      	str	r3, [r2, #32]
200014c2:	780b      	ldrb	r3, [r1, #0]
200014c4:	2b00      	cmp	r3, #0
200014c6:	d035      	beq.n	20001534 <uart_bench_feed+0x98>
200014c8:	2300      	movs	r3, #0
200014ca:	700b      	strb	r3, [r1, #0]
200014cc:	284f      	cmp	r0, #79	@ 0x4f
200014ce:	d131      	bne.n	20001534 <uart_bench_feed+0x98>
200014d0:	3301      	adds	r3, #1
200014d2:	700b      	strb	r3, [r1, #0]
200014d4:	4b2d      	ldr	r3, [pc, #180]	@ (2000158c <uart_bench_feed+0xf0>)
200014d6:	7018      	strb	r0, [r3, #0]
200014d8:	e02c      	b.n	20001534 <uart_bench_feed+0x98>
200014da:	1c5a      	adds	r2, r3, #1
200014dc:	700a      	strb	r2, [r1, #0]
200014de:	4a2b      	ldr	r2, [pc, #172]	@ (2000158c <uart_bench_feed+0xf0>)
200014e0:	54d0      	strb	r0, [r2, r3]
200014e2:	e027      	b.n	20001534 <uart_bench_feed+0x98>
200014e4:	1c5a      	adds	r2, r3, #1
200014e6:	700a      	strb	r2, [r1, #0]
200014e8:	4a28      	ldr	r2, [pc, #160]	@ (2000158c <uart_bench_feed+0xf0>)
200014ea:	54d0      	strb	r0, [r2, r3]
200014ec:	780b      	ldrb	r3, [r1, #0]
200014ee:	2b3b      	cmp	r3, #59	@ 0x3b
200014f0:	d920      	bls.n	20001534 <uart_bench_feed+0x98>
200014f2:	2300      	movs	r3, #0
200014f4:	700b      	strb	r3, [r1, #0]
200014f6:	4b26      	ldr	r3, [pc, #152]	@ (20001590 <uart_bench_feed+0xf4>)
200014f8:	001c      	movs	r4, r3
200014fa:	0018      	movs	r0, r3
200014fc:	f7fe ff98 	bl	20000430 <spi_get_u32>
20001500:	9001      	str	r0, [sp, #4]
20001502:	2134      	movs	r1, #52	@ 0x34
20001504:	0020      	movs	r0, r4
20001506:	f7fe ff63 	bl	200003d0 <crc32_buffer>
2000150a:	0005      	movs	r5, r0
2000150c:	0023      	movs	r3, r4
2000150e:	3334      	adds	r3, #52	@ 0x34
20001510:	0018      	movs	r0, r3
20001512:	f7fe ff8d 	bl	20000430 <spi_get_u32>
20001516:	4680      	mov	r8, r0
20001518:	1a2b      	subs	r3, r5, r0
2000151a:	425a      	negs	r2, r3
2000151c:	4153      	adcs	r3, r2
2000151e:	b2db      	uxtb	r3, r3
20001520:	4699      	mov	r9, r3
20001522:	4285      	cmp	r5, r0
20001524:	d00b      	beq.n	2000153e <uart_bench_feed+0xa2>
20001526:	4545      	cmp	r5, r8
20001528:	d027      	beq.n	2000157a <uart_bench_feed+0xde>
2000152a:	9b0a      	ldr	r3, [sp, #40]	@ 0x28
2000152c:	691b      	ldr	r3, [r3, #16]
2000152e:	3301      	adds	r3, #1
20001530:	9a0a      	ldr	r2, [sp, #40]	@ 0x28
20001532:	6113      	str	r3, [r2, #16]
20001534:	b003      	add	sp, #12
20001536:	bcc0      	pop	{r6, r7}
20001538:	46b9      	mov	r9, r7
2000153a:	46b0      	mov	r8, r6
2000153c:	bdf0      	pop	{r4, r5, r6, r7, pc}
2000153e:	003a      	movs	r2, r7
20001540:	9b01      	ldr	r3, [sp, #4]
20001542:	469c      	mov	ip, r3
20001544:	4462      	add	r2, ip
20001546:	4b13      	ldr	r3, [pc, #76]	@ (20001594 <uart_bench_feed+0xf8>)
20001548:	2130      	movs	r1, #48	@ 0x30
2000154a:	001c      	movs	r4, r3
2000154c:	0018      	movs	r0, r3
2000154e:	f7fe fe79 	bl	20000244 <spi_bench_fill_pattern>
20001552:	4911      	ldr	r1, [pc, #68]	@ (20001598 <uart_bench_feed+0xfc>)
20001554:	2230      	movs	r2, #48	@ 0x30
20001556:	0020      	movs	r0, r4
20001558:	f008 fd30 	bl	20009fbc <memcmp>
2000155c:	2800      	cmp	r0, #0
2000155e:	d0e2      	beq.n	20001526 <uart_bench_feed+0x8a>
20001560:	2300      	movs	r3, #0
20001562:	4699      	mov	r9, r3
20001564:	464b      	mov	r3, r9
20001566:	2b00      	cmp	r3, #0
20001568:	d0df      	beq.n	2000152a <uart_bench_feed+0x8e>
2000156a:	9a01      	ldr	r2, [sp, #4]
2000156c:	6032      	str	r2, [r6, #0]
2000156e:	9b0a      	ldr	r3, [sp, #40]	@ 0x28
20001570:	68db      	ldr	r3, [r3, #12]
20001572:	3301      	adds	r3, #1
20001574:	9a0a      	ldr	r2, [sp, #40]	@ 0x28
20001576:	60d3      	str	r3, [r2, #12]
20001578:	e7dc      	b.n	20001534 <uart_bench_feed+0x98>
2000157a:	6833      	ldr	r3, [r6, #0]
2000157c:	9a01      	ldr	r2, [sp, #4]
2000157e:	4293      	cmp	r3, r2
20001580:	d3f0      	bcc.n	20001564 <uart_bench_feed+0xc8>
20001582:	2b00      	cmp	r3, #0
20001584:	d1d1      	bne.n	2000152a <uart_bench_feed+0x8e>
20001586:	e7ed      	b.n	20001564 <uart_bench_feed+0xc8>
20001588:	2000cb40 	.word	0x2000cb40
2000158c:	20016cc0 	.word	0x20016cc0
20001590:	20016cc4 	.word	0x20016cc4
20001594:	20016c8c 	.word	0x20016c8c
20001598:	20016cc8 	.word	0x20016cc8

2000159c <st_blink_led>:
2000159c:	b510      	push	{r4, lr}
2000159e:	201a      	movs	r0, #26
200015a0:	f003 fdc1 	bl	20005126 <gpio_init>
200015a4:	23d0      	movs	r3, #208	@ 0xd0
200015a6:	061b      	lsls	r3, r3, #24
200015a8:	2280      	movs	r2, #128	@ 0x80
200015aa:	04d2      	lsls	r2, r2, #19
200015ac:	625a      	str	r2, [r3, #36]	@ 0x24
200015ae:	2400      	movs	r4, #0
200015b0:	e008      	b.n	200015c4 <st_blink_led+0x28>
200015b2:	23d0      	movs	r3, #208	@ 0xd0
200015b4:	061b      	lsls	r3, r3, #24
200015b6:	2280      	movs	r2, #128	@ 0x80
200015b8:	04d2      	lsls	r2, r2, #19
200015ba:	619a      	str	r2, [r3, #24]
200015bc:	20fa      	movs	r0, #250	@ 0xfa
200015be:	f004 fd45 	bl	2000604c <sleep_ms>
200015c2:	3401      	adds	r4, #1
200015c4:	2c0b      	cmp	r4, #11
200015c6:	dc09      	bgt.n	200015dc <st_blink_led+0x40>
200015c8:	f005 f90a 	bl	200067e0 <watchdog_update>
200015cc:	07e3      	lsls	r3, r4, #31
200015ce:	d5f0      	bpl.n	200015b2 <st_blink_led+0x16>
200015d0:	23d0      	movs	r3, #208	@ 0xd0
200015d2:	061b      	lsls	r3, r3, #24
200015d4:	2280      	movs	r2, #128	@ 0x80
200015d6:	04d2      	lsls	r2, r2, #19
200015d8:	615a      	str	r2, [r3, #20]
200015da:	e7ef      	b.n	200015bc <st_blink_led+0x20>
200015dc:	23d0      	movs	r3, #208	@ 0xd0
200015de:	061b      	lsls	r3, r3, #24
200015e0:	2280      	movs	r2, #128	@ 0x80
200015e2:	04d2      	lsls	r2, r2, #19
200015e4:	619a      	str	r2, [r3, #24]
200015e6:	629a      	str	r2, [r3, #40]	@ 0x28
200015e8:	bd10      	pop	{r4, pc}
	...

200015ec <st_refresh_peer>:
200015ec:	b570      	push	{r4, r5, r6, lr}
200015ee:	2600      	movs	r6, #0
200015f0:	e000      	b.n	200015f4 <st_refresh_peer+0x8>
200015f2:	3601      	adds	r6, #1
200015f4:	2e07      	cmp	r6, #7
200015f6:	dc22      	bgt.n	2000163e <st_refresh_peer+0x52>
200015f8:	f005 f8f2 	bl	200067e0 <watchdog_update>
200015fc:	2100      	movs	r1, #0
200015fe:	2001      	movs	r0, #1
20001600:	f7ff fb88 	bl	20000d14 <spi_build_control>
20001604:	4c0f      	ldr	r4, [pc, #60]	@ (20001644 <st_refresh_peer+0x58>)
20001606:	2580      	movs	r5, #128	@ 0x80
20001608:	006d      	lsls	r5, r5, #1
2000160a:	002a      	movs	r2, r5
2000160c:	2100      	movs	r1, #0
2000160e:	0020      	movs	r0, r4
20001610:	f006 fa96 	bl	20007b40 <__wrap_memset>
20001614:	480c      	ldr	r0, [pc, #48]	@ (20001648 <st_refresh_peer+0x5c>)
20001616:	002a      	movs	r2, r5
20001618:	0021      	movs	r1, r4
2000161a:	f7ff fd4d 	bl	200010b8 <my_spi_to_esp_xfer_blocking>
2000161e:	2800      	cmp	r0, #0
20001620:	dbe7      	blt.n	200015f2 <st_refresh_peer+0x6>
20001622:	4808      	ldr	r0, [pc, #32]	@ (20001644 <st_refresh_peer+0x58>)
20001624:	f7ff fd6a 	bl	200010fc <spi_find_frame>
20001628:	2800      	cmp	r0, #0
2000162a:	d0e2      	beq.n	200015f2 <st_refresh_peer+0x6>
2000162c:	7943      	ldrb	r3, [r0, #5]
2000162e:	2b01      	cmp	r3, #1
20001630:	d1df      	bne.n	200015f2 <st_refresh_peer+0x6>
20001632:	332d      	adds	r3, #45	@ 0x2d
20001634:	5cc2      	ldrb	r2, [r0, r3]
20001636:	4b05      	ldr	r3, [pc, #20]	@ (2000164c <st_refresh_peer+0x60>)
20001638:	701a      	strb	r2, [r3, #0]
2000163a:	2001      	movs	r0, #1
2000163c:	bd70      	pop	{r4, r5, r6, pc}
2000163e:	2000      	movs	r0, #0
20001640:	e7fc      	b.n	2000163c <st_refresh_peer+0x50>
20001642:	46c0      	nop			@ (mov r8, r8)
20001644:	20016a14 	.word	0x20016a14
20001648:	20016b14 	.word	0x20016b14
2000164c:	20016d56 	.word	0x20016d56

20001650 <st_send>:
20001650:	b5f0      	push	{r4, r5, r6, r7, lr}
20001652:	46de      	mov	lr, fp
20001654:	4657      	mov	r7, sl
20001656:	464e      	mov	r6, r9
20001658:	4645      	mov	r5, r8
2000165a:	b5e0      	push	{r5, r6, r7, lr}
2000165c:	b085      	sub	sp, #20
2000165e:	9001      	str	r0, [sp, #4]
20001660:	9102      	str	r1, [sp, #8]
20001662:	9203      	str	r2, [sp, #12]
20001664:	469b      	mov	fp, r3
20001666:	ab0e      	add	r3, sp, #56	@ 0x38
20001668:	cb10      	ldmia	r3!, {r4}
2000166a:	781b      	ldrb	r3, [r3, #0]
2000166c:	469a      	mov	sl, r3
2000166e:	4a41      	ldr	r2, [pc, #260]	@ (20001774 <st_send+0x124>)
20001670:	7813      	ldrb	r3, [r2, #0]
20001672:	3301      	adds	r3, #1
20001674:	b2db      	uxtb	r3, r3
20001676:	7013      	strb	r3, [r2, #0]
20001678:	2b00      	cmp	r3, #0
2000167a:	d102      	bne.n	20001682 <st_send+0x32>
2000167c:	0013      	movs	r3, r2
2000167e:	2201      	movs	r2, #1
20001680:	701a      	strb	r2, [r3, #0]
20001682:	4b3c      	ldr	r3, [pc, #240]	@ (20001774 <st_send+0x124>)
20001684:	781b      	ldrb	r3, [r3, #0]
20001686:	4699      	mov	r9, r3
20001688:	2700      	movs	r7, #0
2000168a:	46b8      	mov	r8, r7
2000168c:	e03e      	b.n	2000170c <st_send+0xbc>
2000168e:	2000      	movs	r0, #0
20001690:	e005      	b.n	2000169e <st_send+0x4e>
20001692:	3301      	adds	r3, #1
20001694:	2b23      	cmp	r3, #35	@ 0x23
20001696:	d80d      	bhi.n	200016b4 <st_send+0x64>
20001698:	2c00      	cmp	r4, #0
2000169a:	d0f8      	beq.n	2000168e <st_send+0x3e>
2000169c:	5ce0      	ldrb	r0, [r4, r3]
2000169e:	001a      	movs	r2, r3
200016a0:	32a4      	adds	r2, #164	@ 0xa4
200016a2:	4935      	ldr	r1, [pc, #212]	@ (20001778 <st_send+0x128>)
200016a4:	5488      	strb	r0, [r1, r2]
200016a6:	2c00      	cmp	r4, #0
200016a8:	d0f3      	beq.n	20001692 <st_send+0x42>
200016aa:	5ce2      	ldrb	r2, [r4, r3]
200016ac:	2a00      	cmp	r2, #0
200016ae:	d1f0      	bne.n	20001692 <st_send+0x42>
200016b0:	2400      	movs	r4, #0
200016b2:	e7ee      	b.n	20001692 <st_send+0x42>
200016b4:	4d31      	ldr	r5, [pc, #196]	@ (2000177c <st_send+0x12c>)
200016b6:	21c4      	movs	r1, #196	@ 0xc4
200016b8:	0028      	movs	r0, r5
200016ba:	f7fe fe89 	bl	200003d0 <crc32_buffer>
200016be:	0001      	movs	r1, r0
200016c0:	0028      	movs	r0, r5
200016c2:	30c4      	adds	r0, #196	@ 0xc4
200016c4:	f7fe fec0 	bl	20000448 <spi_put_u32>
200016c8:	4e2d      	ldr	r6, [pc, #180]	@ (20001780 <st_send+0x130>)
200016ca:	2780      	movs	r7, #128	@ 0x80
200016cc:	007f      	lsls	r7, r7, #1
200016ce:	003a      	movs	r2, r7
200016d0:	2100      	movs	r1, #0
200016d2:	0030      	movs	r0, r6
200016d4:	f006 fa34 	bl	20007b40 <__wrap_memset>
200016d8:	1f28      	subs	r0, r5, #4
200016da:	003a      	movs	r2, r7
200016dc:	0031      	movs	r1, r6
200016de:	f7ff fceb 	bl	200010b8 <my_spi_to_esp_xfer_blocking>
200016e2:	2800      	cmp	r0, #0
200016e4:	db0f      	blt.n	20001706 <st_send+0xb6>
200016e6:	4826      	ldr	r0, [pc, #152]	@ (20001780 <st_send+0x130>)
200016e8:	f7ff fd08 	bl	200010fc <spi_find_frame>
200016ec:	2800      	cmp	r0, #0
200016ee:	d00a      	beq.n	20001706 <st_send+0xb6>
200016f0:	7943      	ldrb	r3, [r0, #5]
200016f2:	2b01      	cmp	r3, #1
200016f4:	d107      	bne.n	20001706 <st_send+0xb6>
200016f6:	332d      	adds	r3, #45	@ 0x2d
200016f8:	5cc2      	ldrb	r2, [r0, r3]
200016fa:	4b22      	ldr	r3, [pc, #136]	@ (20001784 <st_send+0x134>)
200016fc:	701a      	strb	r2, [r3, #0]
200016fe:	2323      	movs	r3, #35	@ 0x23
20001700:	5cc3      	ldrb	r3, [r0, r3]
20001702:	454b      	cmp	r3, r9
20001704:	d033      	beq.n	2000176e <st_send+0x11e>
20001706:	2301      	movs	r3, #1
20001708:	469c      	mov	ip, r3
2000170a:	44e0      	add	r8, ip
2000170c:	4643      	mov	r3, r8
2000170e:	2b17      	cmp	r3, #23
20001710:	dc21      	bgt.n	20001756 <st_send+0x106>
20001712:	f005 f865 	bl	200067e0 <watchdog_update>
20001716:	2100      	movs	r1, #0
20001718:	2006      	movs	r0, #6
2000171a:	f7ff fafb 	bl	20000d14 <spi_build_control>
2000171e:	4d16      	ldr	r5, [pc, #88]	@ (20001778 <st_send+0x128>)
20001720:	4b19      	ldr	r3, [pc, #100]	@ (20001788 <st_send+0x138>)
20001722:	781a      	ldrb	r2, [r3, #0]
20001724:	234f      	movs	r3, #79	@ 0x4f
20001726:	54ea      	strb	r2, [r5, r3]
20001728:	464b      	mov	r3, r9
2000172a:	72ab      	strb	r3, [r5, #10]
2000172c:	2398      	movs	r3, #152	@ 0x98
2000172e:	9a01      	ldr	r2, [sp, #4]
20001730:	54ea      	strb	r2, [r5, r3]
20001732:	3301      	adds	r3, #1
20001734:	9a02      	ldr	r2, [sp, #8]
20001736:	54ea      	strb	r2, [r5, r3]
20001738:	3301      	adds	r3, #1
2000173a:	4652      	mov	r2, sl
2000173c:	54ea      	strb	r2, [r5, r3]
2000173e:	0028      	movs	r0, r5
20001740:	309c      	adds	r0, #156	@ 0x9c
20001742:	9903      	ldr	r1, [sp, #12]
20001744:	f7fe fe80 	bl	20000448 <spi_put_u32>
20001748:	0028      	movs	r0, r5
2000174a:	30a0      	adds	r0, #160	@ 0xa0
2000174c:	4659      	mov	r1, fp
2000174e:	f7fe fe7b 	bl	20000448 <spi_put_u32>
20001752:	2300      	movs	r3, #0
20001754:	e79e      	b.n	20001694 <st_send+0x44>
20001756:	4b0d      	ldr	r3, [pc, #52]	@ (2000178c <st_send+0x13c>)
20001758:	2201      	movs	r2, #1
2000175a:	701a      	strb	r2, [r3, #0]
2000175c:	2001      	movs	r0, #1
2000175e:	4240      	negs	r0, r0
20001760:	b005      	add	sp, #20
20001762:	bcf0      	pop	{r4, r5, r6, r7}
20001764:	46bb      	mov	fp, r7
20001766:	46b2      	mov	sl, r6
20001768:	46a9      	mov	r9, r5
2000176a:	46a0      	mov	r8, r4
2000176c:	bdf0      	pop	{r4, r5, r6, r7, pc}
2000176e:	2000      	movs	r0, #0
20001770:	e7f6      	b.n	20001760 <st_send+0x110>
20001772:	46c0      	nop			@ (mov r8, r8)
20001774:	20016d5d 	.word	0x20016d5d
20001778:	20016b14 	.word	0x20016b14
2000177c:	20016b18 	.word	0x20016b18
20001780:	20016a14 	.word	0x20016a14
20001784:	20016d56 	.word	0x20016d56
20001788:	20016d58 	.word	0x20016d58
2000178c:	20016d5c 	.word	0x20016d5c

20001790 <uart_setup_peer>:
20001790:	b5f0      	push	{r4, r5, r6, r7, lr}
20001792:	46d6      	mov	lr, sl
20001794:	464f      	mov	r7, r9
20001796:	4646      	mov	r6, r8
20001798:	b5c0      	push	{r6, r7, lr}
2000179a:	4682      	mov	sl, r0
2000179c:	4689      	mov	r9, r1
2000179e:	4690      	mov	r8, r2
200017a0:	4a2f      	ldr	r2, [pc, #188]	@ (20001860 <uart_setup_peer+0xd0>)
200017a2:	7813      	ldrb	r3, [r2, #0]
200017a4:	3301      	adds	r3, #1
200017a6:	7013      	strb	r3, [r2, #0]
200017a8:	2600      	movs	r6, #0
200017aa:	e002      	b.n	200017b2 <uart_setup_peer+0x22>
200017ac:	2b00      	cmp	r3, #0
200017ae:	d150      	bne.n	20001852 <uart_setup_peer+0xc2>
200017b0:	3601      	adds	r6, #1
200017b2:	2e95      	cmp	r6, #149	@ 0x95
200017b4:	dc4c      	bgt.n	20001850 <uart_setup_peer+0xc0>
200017b6:	f005 f813 	bl	200067e0 <watchdog_update>
200017ba:	2100      	movs	r1, #0
200017bc:	2005      	movs	r0, #5
200017be:	f7ff faa9 	bl	20000d14 <spi_build_control>
200017c2:	4c28      	ldr	r4, [pc, #160]	@ (20001864 <uart_setup_peer+0xd4>)
200017c4:	4b28      	ldr	r3, [pc, #160]	@ (20001868 <uart_setup_peer+0xd8>)
200017c6:	781a      	ldrb	r2, [r3, #0]
200017c8:	234f      	movs	r3, #79	@ 0x4f
200017ca:	54e2      	strb	r2, [r4, r3]
200017cc:	0020      	movs	r0, r4
200017ce:	3050      	adds	r0, #80	@ 0x50
200017d0:	4651      	mov	r1, sl
200017d2:	f7fe fe39 	bl	20000448 <spi_put_u32>
200017d6:	0020      	movs	r0, r4
200017d8:	3054      	adds	r0, #84	@ 0x54
200017da:	4649      	mov	r1, r9
200017dc:	f7fe fe34 	bl	20000448 <spi_put_u32>
200017e0:	4b1f      	ldr	r3, [pc, #124]	@ (20001860 <uart_setup_peer+0xd0>)
200017e2:	781a      	ldrb	r2, [r3, #0]
200017e4:	2358      	movs	r3, #88	@ 0x58
200017e6:	54e2      	strb	r2, [r4, r3]
200017e8:	3301      	adds	r3, #1
200017ea:	4642      	mov	r2, r8
200017ec:	54e2      	strb	r2, [r4, r3]
200017ee:	1d20      	adds	r0, r4, #4
200017f0:	21c4      	movs	r1, #196	@ 0xc4
200017f2:	f7fe fded 	bl	200003d0 <crc32_buffer>
200017f6:	0001      	movs	r1, r0
200017f8:	0020      	movs	r0, r4
200017fa:	30c8      	adds	r0, #200	@ 0xc8
200017fc:	f7fe fe24 	bl	20000448 <spi_put_u32>
20001800:	4d1a      	ldr	r5, [pc, #104]	@ (2000186c <uart_setup_peer+0xdc>)
20001802:	2780      	movs	r7, #128	@ 0x80
20001804:	007f      	lsls	r7, r7, #1
20001806:	003a      	movs	r2, r7
20001808:	2100      	movs	r1, #0
2000180a:	0028      	movs	r0, r5
2000180c:	f006 f998 	bl	20007b40 <__wrap_memset>
20001810:	003a      	movs	r2, r7
20001812:	0029      	movs	r1, r5
20001814:	0020      	movs	r0, r4
20001816:	f7ff fc4f 	bl	200010b8 <my_spi_to_esp_xfer_blocking>
2000181a:	2800      	cmp	r0, #0
2000181c:	dbc8      	blt.n	200017b0 <uart_setup_peer+0x20>
2000181e:	4813      	ldr	r0, [pc, #76]	@ (2000186c <uart_setup_peer+0xdc>)
20001820:	f7ff fc6c 	bl	200010fc <spi_find_frame>
20001824:	2800      	cmp	r0, #0
20001826:	d0c3      	beq.n	200017b0 <uart_setup_peer+0x20>
20001828:	7943      	ldrb	r3, [r0, #5]
2000182a:	2b04      	cmp	r3, #4
2000182c:	d1c0      	bne.n	200017b0 <uart_setup_peer+0x20>
2000182e:	7a42      	ldrb	r2, [r0, #9]
20001830:	0013      	movs	r3, r2
20001832:	1e59      	subs	r1, r3, #1
20001834:	418b      	sbcs	r3, r1
20001836:	b2db      	uxtb	r3, r3
20001838:	7a00      	ldrb	r0, [r0, #8]
2000183a:	4909      	ldr	r1, [pc, #36]	@ (20001860 <uart_setup_peer+0xd0>)
2000183c:	7809      	ldrb	r1, [r1, #0]
2000183e:	4288      	cmp	r0, r1
20001840:	d1b6      	bne.n	200017b0 <uart_setup_peer+0x20>
20001842:	4651      	mov	r1, sl
20001844:	2900      	cmp	r1, #0
20001846:	d1b1      	bne.n	200017ac <uart_setup_peer+0x1c>
20001848:	4253      	negs	r3, r2
2000184a:	415a      	adcs	r2, r3
2000184c:	b2d3      	uxtb	r3, r2
2000184e:	e7ad      	b.n	200017ac <uart_setup_peer+0x1c>
20001850:	2300      	movs	r3, #0
20001852:	0018      	movs	r0, r3
20001854:	bce0      	pop	{r5, r6, r7}
20001856:	46ba      	mov	sl, r7
20001858:	46b1      	mov	r9, r6
2000185a:	46a8      	mov	r8, r5
2000185c:	bdf0      	pop	{r4, r5, r6, r7, pc}
2000185e:	46c0      	nop			@ (mov r8, r8)
20001860:	20016d5e 	.word	0x20016d5e
20001864:	20016b14 	.word	0x20016b14
20001868:	20016d4b 	.word	0x20016d4b
2000186c:	20016a14 	.word	0x20016a14

20001870 <bench_warmup>:
20001870:	b570      	push	{r4, r5, r6, lr}
20001872:	20ff      	movs	r0, #255	@ 0xff
20001874:	f7ff fa84 	bl	20000d80 <bench_build_pattern_frame>
20001878:	2500      	movs	r5, #0
2000187a:	e000      	b.n	2000187e <bench_warmup+0xe>
2000187c:	3501      	adds	r5, #1
2000187e:	2d3f      	cmp	r5, #63	@ 0x3f
20001880:	dc1c      	bgt.n	200018bc <bench_warmup+0x4c>
20001882:	f004 ffad 	bl	200067e0 <watchdog_update>
20001886:	f7ff fb1b 	bl	20000ec0 <bench_next_tx_frame>
2000188a:	4c0d      	ldr	r4, [pc, #52]	@ (200018c0 <bench_warmup+0x50>)
2000188c:	2680      	movs	r6, #128	@ 0x80
2000188e:	0076      	lsls	r6, r6, #1
20001890:	0032      	movs	r2, r6
20001892:	2100      	movs	r1, #0
20001894:	0020      	movs	r0, r4
20001896:	f006 f953 	bl	20007b40 <__wrap_memset>
2000189a:	480a      	ldr	r0, [pc, #40]	@ (200018c4 <bench_warmup+0x54>)
2000189c:	0032      	movs	r2, r6
2000189e:	0021      	movs	r1, r4
200018a0:	f7ff fc0a 	bl	200010b8 <my_spi_to_esp_xfer_blocking>
200018a4:	2800      	cmp	r0, #0
200018a6:	dbe9      	blt.n	2000187c <bench_warmup+0xc>
200018a8:	4805      	ldr	r0, [pc, #20]	@ (200018c0 <bench_warmup+0x50>)
200018aa:	f7ff fc27 	bl	200010fc <spi_find_frame>
200018ae:	2800      	cmp	r0, #0
200018b0:	d0e4      	beq.n	2000187c <bench_warmup+0xc>
200018b2:	f7fe fe17 	bl	200004e4 <bench_frame_is_ours>
200018b6:	2800      	cmp	r0, #0
200018b8:	d0e0      	beq.n	2000187c <bench_warmup+0xc>
200018ba:	bd70      	pop	{r4, r5, r6, pc}
200018bc:	2000      	movs	r0, #0
200018be:	e7fc      	b.n	200018ba <bench_warmup+0x4a>
200018c0:	20016a14 	.word	0x20016a14
200018c4:	20016b14 	.word	0x20016b14

200018c8 <capture_note_traffic>:
200018c8:	b510      	push	{r4, lr}
200018ca:	4b06      	ldr	r3, [pc, #24]	@ (200018e4 <capture_note_traffic+0x1c>)
200018cc:	2200      	movs	r2, #0
200018ce:	601a      	str	r2, [r3, #0]
200018d0:	f004 ff86 	bl	200067e0 <watchdog_update>
200018d4:	4b04      	ldr	r3, [pc, #16]	@ (200018e8 <capture_note_traffic+0x20>)
200018d6:	6a9a      	ldr	r2, [r3, #40]	@ 0x28
200018d8:	4b04      	ldr	r3, [pc, #16]	@ (200018ec <capture_note_traffic+0x24>)
200018da:	601a      	str	r2, [r3, #0]
200018dc:	4b04      	ldr	r3, [pc, #16]	@ (200018f0 <capture_note_traffic+0x28>)
200018de:	2201      	movs	r2, #1
200018e0:	701a      	strb	r2, [r3, #0]
200018e2:	bd10      	pop	{r4, pc}
200018e4:	2000f1e4 	.word	0x2000f1e4
200018e8:	40054000 	.word	0x40054000
200018ec:	2000f1e8 	.word	0x2000f1e8
200018f0:	20016d45 	.word	0x20016d45

200018f4 <capture_note_idle>:
200018f4:	b510      	push	{r4, lr}
200018f6:	4a14      	ldr	r2, [pc, #80]	@ (20001948 <capture_note_idle+0x54>)
200018f8:	6813      	ldr	r3, [r2, #0]
200018fa:	3301      	adds	r3, #1
200018fc:	6013      	str	r3, [r2, #0]
200018fe:	2280      	movs	r2, #128	@ 0x80
20001900:	0152      	lsls	r2, r2, #5
20001902:	4293      	cmp	r3, r2
20001904:	d200      	bcs.n	20001908 <capture_note_idle+0x14>
20001906:	bd10      	pop	{r4, pc}
20001908:	4b0f      	ldr	r3, [pc, #60]	@ (20001948 <capture_note_idle+0x54>)
2000190a:	2200      	movs	r2, #0
2000190c:	601a      	str	r2, [r3, #0]
2000190e:	f004 ff67 	bl	200067e0 <watchdog_update>
20001912:	4b0e      	ldr	r3, [pc, #56]	@ (2000194c <capture_note_idle+0x58>)
20001914:	781b      	ldrb	r3, [r3, #0]
20001916:	2b00      	cmp	r3, #0
20001918:	d0f5      	beq.n	20001906 <capture_note_idle+0x12>
2000191a:	4b0d      	ldr	r3, [pc, #52]	@ (20001950 <capture_note_idle+0x5c>)
2000191c:	6a9b      	ldr	r3, [r3, #40]	@ 0x28
2000191e:	4a0d      	ldr	r2, [pc, #52]	@ (20001954 <capture_note_idle+0x60>)
20001920:	6812      	ldr	r2, [r2, #0]
20001922:	1a9b      	subs	r3, r3, r2
20001924:	4a0c      	ldr	r2, [pc, #48]	@ (20001958 <capture_note_idle+0x64>)
20001926:	4293      	cmp	r3, r2
20001928:	d9ed      	bls.n	20001906 <capture_note_idle+0x12>
2000192a:	4b08      	ldr	r3, [pc, #32]	@ (2000194c <capture_note_idle+0x58>)
2000192c:	2200      	movs	r2, #0
2000192e:	701a      	strb	r2, [r3, #0]
20001930:	2196      	movs	r1, #150	@ 0x96
20001932:	480a      	ldr	r0, [pc, #40]	@ (2000195c <capture_note_idle+0x68>)
20001934:	0049      	lsls	r1, r1, #1
20001936:	f007 fc1f 	bl	20009178 <__wrap_printf>
2000193a:	2200      	movs	r2, #0
2000193c:	2100      	movs	r1, #0
2000193e:	2000      	movs	r0, #0
20001940:	f004 ffa8 	bl	20006894 <watchdog_reboot>
20001944:	e7fe      	b.n	20001944 <capture_note_idle+0x50>
20001946:	46c0      	nop			@ (mov r8, r8)
20001948:	2000f1e4 	.word	0x2000f1e4
2000194c:	20016d45 	.word	0x20016d45
20001950:	40054000 	.word	0x40054000
20001954:	2000f1e8 	.word	0x2000f1e8
20001958:	11e1a300 	.word	0x11e1a300
2000195c:	2000acb0 	.word	0x2000acb0

20001960 <st_run_eboot>:
20001960:	b5f0      	push	{r4, r5, r6, r7, lr}
20001962:	b08f      	sub	sp, #60	@ 0x3c
20001964:	200e      	movs	r0, #14
20001966:	f003 fbde 	bl	20005126 <gpio_init>
2000196a:	23d0      	movs	r3, #208	@ 0xd0
2000196c:	061b      	lsls	r3, r3, #24
2000196e:	2280      	movs	r2, #128	@ 0x80
20001970:	01d2      	lsls	r2, r2, #7
20001972:	625a      	str	r2, [r3, #36]	@ 0x24
20001974:	615a      	str	r2, [r3, #20]
20001976:	2002      	movs	r0, #2
20001978:	f004 fb68 	bl	2000604c <sleep_ms>
2000197c:	f7ff fe36 	bl	200015ec <st_refresh_peer>
20001980:	2800      	cmp	r0, #0
20001982:	d005      	beq.n	20001990 <st_run_eboot+0x30>
20001984:	4b26      	ldr	r3, [pc, #152]	@ (20001a20 <st_run_eboot+0xc0>)
20001986:	781b      	ldrb	r3, [r3, #0]
20001988:	2b00      	cmp	r3, #0
2000198a:	d117      	bne.n	200019bc <st_run_eboot+0x5c>
2000198c:	001d      	movs	r5, r3
2000198e:	e001      	b.n	20001994 <st_run_eboot+0x34>
20001990:	2300      	movs	r3, #0
20001992:	001d      	movs	r5, r3
20001994:	002c      	movs	r4, r5
20001996:	23d0      	movs	r3, #208	@ 0xd0
20001998:	061b      	lsls	r3, r3, #24
2000199a:	2280      	movs	r2, #128	@ 0x80
2000199c:	01d2      	lsls	r2, r2, #7
2000199e:	619a      	str	r2, [r3, #24]
200019a0:	2002      	movs	r0, #2
200019a2:	f004 fb53 	bl	2000604c <sleep_ms>
200019a6:	f7ff fe21 	bl	200015ec <st_refresh_peer>
200019aa:	2800      	cmp	r0, #0
200019ac:	d009      	beq.n	200019c2 <st_run_eboot+0x62>
200019ae:	4b1c      	ldr	r3, [pc, #112]	@ (20001a20 <st_run_eboot+0xc0>)
200019b0:	781b      	ldrb	r3, [r3, #0]
200019b2:	2b00      	cmp	r3, #0
200019b4:	d013      	beq.n	200019de <st_run_eboot+0x7e>
200019b6:	2300      	movs	r3, #0
200019b8:	001e      	movs	r6, r3
200019ba:	e004      	b.n	200019c6 <st_run_eboot+0x66>
200019bc:	2301      	movs	r3, #1
200019be:	001d      	movs	r5, r3
200019c0:	e7e8      	b.n	20001994 <st_run_eboot+0x34>
200019c2:	2300      	movs	r3, #0
200019c4:	001e      	movs	r6, r3
200019c6:	0037      	movs	r7, r6
200019c8:	23d0      	movs	r3, #208	@ 0xd0
200019ca:	061b      	lsls	r3, r3, #24
200019cc:	2280      	movs	r2, #128	@ 0x80
200019ce:	01d2      	lsls	r2, r2, #7
200019d0:	619a      	str	r2, [r3, #24]
200019d2:	2c00      	cmp	r4, #0
200019d4:	d006      	beq.n	200019e4 <st_run_eboot+0x84>
200019d6:	2e00      	cmp	r6, #0
200019d8:	d110      	bne.n	200019fc <st_run_eboot+0x9c>
200019da:	4b12      	ldr	r3, [pc, #72]	@ (20001a24 <st_run_eboot+0xc4>)
200019dc:	e003      	b.n	200019e6 <st_run_eboot+0x86>
200019de:	2301      	movs	r3, #1
200019e0:	001e      	movs	r6, r3
200019e2:	e7f0      	b.n	200019c6 <st_run_eboot+0x66>
200019e4:	4b0f      	ldr	r3, [pc, #60]	@ (20001a24 <st_run_eboot+0xc4>)
200019e6:	4a10      	ldr	r2, [pc, #64]	@ (20001a28 <st_run_eboot+0xc8>)
200019e8:	212c      	movs	r1, #44	@ 0x2c
200019ea:	a803      	add	r0, sp, #12
200019ec:	f007 f9ae 	bl	20008d4c <__wrap_snprintf>
200019f0:	2c00      	cmp	r4, #0
200019f2:	d005      	beq.n	20001a00 <st_run_eboot+0xa0>
200019f4:	2f00      	cmp	r7, #0
200019f6:	d110      	bne.n	20001a1a <st_run_eboot+0xba>
200019f8:	2101      	movs	r1, #1
200019fa:	e002      	b.n	20001a02 <st_run_eboot+0xa2>
200019fc:	4b0b      	ldr	r3, [pc, #44]	@ (20001a2c <st_run_eboot+0xcc>)
200019fe:	e7f2      	b.n	200019e6 <st_run_eboot+0x86>
20001a00:	2101      	movs	r1, #1
20001a02:	b2c9      	uxtb	r1, r1
20001a04:	2300      	movs	r3, #0
20001a06:	9301      	str	r3, [sp, #4]
20001a08:	ab03      	add	r3, sp, #12
20001a0a:	9300      	str	r3, [sp, #0]
20001a0c:	0033      	movs	r3, r6
20001a0e:	002a      	movs	r2, r5
20001a10:	2040      	movs	r0, #64	@ 0x40
20001a12:	f7ff fe1d 	bl	20001650 <st_send>
20001a16:	b00f      	add	sp, #60	@ 0x3c
20001a18:	bdf0      	pop	{r4, r5, r6, r7, pc}
20001a1a:	2100      	movs	r1, #0
20001a1c:	e7f1      	b.n	20001a02 <st_run_eboot+0xa2>
20001a1e:	46c0      	nop			@ (mov r8, r8)
20001a20:	20016d56 	.word	0x20016d56
20001a24:	2000acf4 	.word	0x2000acf4
20001a28:	2000acfc 	.word	0x2000acfc
20001a2c:	2000acec 	.word	0x2000acec

20001a30 <st_run_elog>:
20001a30:	b570      	push	{r4, r5, r6, lr}
20001a32:	b090      	sub	sp, #64	@ 0x40
20001a34:	2400      	movs	r4, #0
20001a36:	2600      	movs	r6, #0
20001a38:	2500      	movs	r5, #0
20001a3a:	e003      	b.n	20001a44 <st_run_elog+0x14>
20001a3c:	3601      	adds	r6, #1
20001a3e:	f7ff fdd5 	bl	200015ec <st_refresh_peer>
20001a42:	3401      	adds	r4, #1
20001a44:	2c3f      	cmp	r4, #63	@ 0x3f
20001a46:	dc08      	bgt.n	20001a5a <st_run_elog+0x2a>
20001a48:	f004 feca 	bl	200067e0 <watchdog_update>
20001a4c:	23d0      	movs	r3, #208	@ 0xd0
20001a4e:	061b      	lsls	r3, r3, #24
20001a50:	685b      	ldr	r3, [r3, #4]
20001a52:	041b      	lsls	r3, r3, #16
20001a54:	d5f2      	bpl.n	20001a3c <st_run_elog+0xc>
20001a56:	3501      	adds	r5, #1
20001a58:	e7f1      	b.n	20001a3e <st_run_elog+0xe>
20001a5a:	4a0a      	ldr	r2, [pc, #40]	@ (20001a84 <st_run_elog+0x54>)
20001a5c:	ac05      	add	r4, sp, #20
20001a5e:	9600      	str	r6, [sp, #0]
20001a60:	002b      	movs	r3, r5
20001a62:	212c      	movs	r1, #44	@ 0x2c
20001a64:	0020      	movs	r0, r4
20001a66:	f007 f971 	bl	20008d4c <__wrap_snprintf>
20001a6a:	4269      	negs	r1, r5
20001a6c:	4169      	adcs	r1, r5
20001a6e:	b2c9      	uxtb	r1, r1
20001a70:	2300      	movs	r3, #0
20001a72:	9301      	str	r3, [sp, #4]
20001a74:	9400      	str	r4, [sp, #0]
20001a76:	0033      	movs	r3, r6
20001a78:	002a      	movs	r2, r5
20001a7a:	2041      	movs	r0, #65	@ 0x41
20001a7c:	f7ff fde8 	bl	20001650 <st_send>
20001a80:	b010      	add	sp, #64	@ 0x40
20001a82:	bd70      	pop	{r4, r5, r6, pc}
20001a84:	2000ad10 	.word	0x2000ad10

20001a88 <bench_resolve_rate>:
20001a88:	b5f0      	push	{r4, r5, r6, r7, lr}
20001a8a:	46de      	mov	lr, fp
20001a8c:	4657      	mov	r7, sl
20001a8e:	464e      	mov	r6, r9
20001a90:	4645      	mov	r5, r8
20001a92:	b5e0      	push	{r5, r6, r7, lr}
20001a94:	b085      	sub	sp, #20
20001a96:	4683      	mov	fp, r0
20001a98:	000f      	movs	r7, r1
20001a9a:	2300      	movs	r3, #0
20001a9c:	600b      	str	r3, [r1, #0]
20001a9e:	2800      	cmp	r0, #0
20001aa0:	d107      	bne.n	20001ab2 <bench_resolve_rate+0x2a>
20001aa2:	2000      	movs	r0, #0
20001aa4:	b005      	add	sp, #20
20001aa6:	bcf0      	pop	{r4, r5, r6, r7}
20001aa8:	46bb      	mov	fp, r7
20001aaa:	46b2      	mov	sl, r6
20001aac:	46a9      	mov	r9, r5
20001aae:	46a0      	mov	r8, r4
20001ab0:	bdf0      	pop	{r4, r5, r6, r7, pc}
20001ab2:	2005      	movs	r0, #5
20001ab4:	f004 fd48 	bl	20006548 <clock_get_hz>
20001ab8:	0005      	movs	r5, r0
20001aba:	465b      	mov	r3, fp
20001abc:	1818      	adds	r0, r3, r0
20001abe:	3801      	subs	r0, #1
20001ac0:	4659      	mov	r1, fp
20001ac2:	f005 f88f 	bl	20006be4 <__wrap___aeabi_uidiv>
20001ac6:	0004      	movs	r4, r0
20001ac8:	2801      	cmp	r0, #1
20001aca:	d903      	bls.n	20001ad4 <bench_resolve_rate+0x4c>
20001acc:	07c3      	lsls	r3, r0, #31
20001ace:	d502      	bpl.n	20001ad6 <bench_resolve_rate+0x4e>
20001ad0:	3401      	adds	r4, #1
20001ad2:	e000      	b.n	20001ad6 <bench_resolve_rate+0x4e>
20001ad4:	2402      	movs	r4, #2
20001ad6:	2380      	movs	r3, #128	@ 0x80
20001ad8:	009b      	lsls	r3, r3, #2
20001ada:	429c      	cmp	r4, r3
20001adc:	d811      	bhi.n	20001b02 <bench_resolve_rate+0x7a>
20001ade:	0021      	movs	r1, r4
20001ae0:	0028      	movs	r0, r5
20001ae2:	f005 f87f 	bl	20006be4 <__wrap___aeabi_uidiv>
20001ae6:	42ac      	cmp	r4, r5
20001ae8:	d813      	bhi.n	20001b12 <bench_resolve_rate+0x8a>
20001aea:	4583      	cmp	fp, r0
20001aec:	d314      	bcc.n	20001b18 <bench_resolve_rate+0x90>
20001aee:	6038      	str	r0, [r7, #0]
20001af0:	607d      	str	r5, [r7, #4]
20001af2:	2300      	movs	r3, #0
20001af4:	723b      	strb	r3, [r7, #8]
20001af6:	727b      	strb	r3, [r7, #9]
20001af8:	72bb      	strb	r3, [r7, #10]
20001afa:	72fb      	strb	r3, [r7, #11]
20001afc:	3301      	adds	r3, #1
20001afe:	9303      	str	r3, [sp, #12]
20001b00:	e001      	b.n	20001b06 <bench_resolve_rate+0x7e>
20001b02:	2300      	movs	r3, #0
20001b04:	9303      	str	r3, [sp, #12]
20001b06:	2300      	movs	r3, #0
20001b08:	469a      	mov	sl, r3
20001b0a:	3301      	adds	r3, #1
20001b0c:	46b9      	mov	r9, r7
20001b0e:	001f      	movs	r7, r3
20001b10:	e04b      	b.n	20001baa <bench_resolve_rate+0x122>
20001b12:	2300      	movs	r3, #0
20001b14:	9303      	str	r3, [sp, #12]
20001b16:	e7f6      	b.n	20001b06 <bench_resolve_rate+0x7e>
20001b18:	2300      	movs	r3, #0
20001b1a:	9303      	str	r3, [sp, #12]
20001b1c:	e7f3      	b.n	20001b06 <bench_resolve_rate+0x7e>
20001b1e:	2485      	movs	r4, #133	@ 0x85
20001b20:	482b      	ldr	r0, [pc, #172]	@ (20001bd0 <bench_resolve_rate+0x148>)
20001b22:	4360      	muls	r0, r4
20001b24:	0039      	movs	r1, r7
20001b26:	f005 f85d 	bl	20006be4 <__wrap___aeabi_uidiv>
20001b2a:	0843      	lsrs	r3, r0, #1
20001b2c:	459b      	cmp	fp, r3
20001b2e:	d30f      	bcc.n	20001b50 <bench_resolve_rate+0xc8>
20001b30:	464a      	mov	r2, r9
20001b32:	6812      	ldr	r2, [r2, #0]
20001b34:	429a      	cmp	r2, r3
20001b36:	d20b      	bcs.n	20001b50 <bench_resolve_rate+0xc8>
20001b38:	464a      	mov	r2, r9
20001b3a:	6013      	str	r3, [r2, #0]
20001b3c:	6050      	str	r0, [r2, #4]
20001b3e:	2302      	movs	r3, #2
20001b40:	7213      	strb	r3, [r2, #8]
20001b42:	464b      	mov	r3, r9
20001b44:	7254      	strb	r4, [r2, #9]
20001b46:	4642      	mov	r2, r8
20001b48:	729a      	strb	r2, [r3, #10]
20001b4a:	72de      	strb	r6, [r3, #11]
20001b4c:	2301      	movs	r3, #1
20001b4e:	9303      	str	r3, [sp, #12]
20001b50:	3601      	adds	r6, #1
20001b52:	45b0      	cmp	r8, r6
20001b54:	d327      	bcc.n	20001ba6 <bench_resolve_rate+0x11e>
20001b56:	4647      	mov	r7, r8
20001b58:	4377      	muls	r7, r6
20001b5a:	003a      	movs	r2, r7
20001b5c:	2300      	movs	r3, #0
20001b5e:	4658      	mov	r0, fp
20001b60:	4651      	mov	r1, sl
20001b62:	f005 feb5 	bl	200078d0 <__wrap___aeabi_lmul>
20001b66:	0004      	movs	r4, r0
20001b68:	000d      	movs	r5, r1
20001b6a:	1924      	adds	r4, r4, r4
20001b6c:	416d      	adcs	r5, r5
20001b6e:	9402      	str	r4, [sp, #8]
20001b70:	9501      	str	r5, [sp, #4]
20001b72:	4a17      	ldr	r2, [pc, #92]	@ (20001bd0 <bench_resolve_rate+0x148>)
20001b74:	2300      	movs	r3, #0
20001b76:	0020      	movs	r0, r4
20001b78:	0029      	movs	r1, r5
20001b7a:	f005 f871 	bl	20006c60 <__wrap___aeabi_uldivmod>
20001b7e:	0004      	movs	r4, r0
20001b80:	2d00      	cmp	r5, #0
20001b82:	d1cc      	bne.n	20001b1e <bench_resolve_rate+0x96>
20001b84:	d103      	bne.n	20001b8e <bench_resolve_rate+0x106>
20001b86:	4b13      	ldr	r3, [pc, #76]	@ (20001bd4 <bench_resolve_rate+0x14c>)
20001b88:	9a02      	ldr	r2, [sp, #8]
20001b8a:	429a      	cmp	r2, r3
20001b8c:	d8c7      	bhi.n	20001b1e <bench_resolve_rate+0x96>
20001b8e:	4a10      	ldr	r2, [pc, #64]	@ (20001bd0 <bench_resolve_rate+0x148>)
20001b90:	2300      	movs	r3, #0
20001b92:	0020      	movs	r0, r4
20001b94:	f005 fe9c 	bl	200078d0 <__wrap___aeabi_lmul>
20001b98:	2900      	cmp	r1, #0
20001b9a:	d1c1      	bne.n	20001b20 <bench_resolve_rate+0x98>
20001b9c:	d1d8      	bne.n	20001b50 <bench_resolve_rate+0xc8>
20001b9e:	4b0e      	ldr	r3, [pc, #56]	@ (20001bd8 <bench_resolve_rate+0x150>)
20001ba0:	4298      	cmp	r0, r3
20001ba2:	d8bd      	bhi.n	20001b20 <bench_resolve_rate+0x98>
20001ba4:	e7d4      	b.n	20001b50 <bench_resolve_rate+0xc8>
20001ba6:	4647      	mov	r7, r8
20001ba8:	3701      	adds	r7, #1
20001baa:	2f07      	cmp	r7, #7
20001bac:	d802      	bhi.n	20001bb4 <bench_resolve_rate+0x12c>
20001bae:	2601      	movs	r6, #1
20001bb0:	46b8      	mov	r8, r7
20001bb2:	e7ce      	b.n	20001b52 <bench_resolve_rate+0xca>
20001bb4:	464f      	mov	r7, r9
20001bb6:	9b03      	ldr	r3, [sp, #12]
20001bb8:	2b00      	cmp	r3, #0
20001bba:	d004      	beq.n	20001bc6 <bench_resolve_rate+0x13e>
20001bbc:	683b      	ldr	r3, [r7, #0]
20001bbe:	2b00      	cmp	r3, #0
20001bc0:	d103      	bne.n	20001bca <bench_resolve_rate+0x142>
20001bc2:	2000      	movs	r0, #0
20001bc4:	e76e      	b.n	20001aa4 <bench_resolve_rate+0x1c>
20001bc6:	2000      	movs	r0, #0
20001bc8:	e76c      	b.n	20001aa4 <bench_resolve_rate+0x1c>
20001bca:	2001      	movs	r0, #1
20001bcc:	e76a      	b.n	20001aa4 <bench_resolve_rate+0x1c>
20001bce:	46c0      	nop			@ (mov r8, r8)
20001bd0:	00b71b00 	.word	0x00b71b00
20001bd4:	5fd821ff 	.word	0x5fd821ff
20001bd8:	2cb4177f 	.word	0x2cb4177f

20001bdc <bench_send_result>:
20001bdc:	b5f0      	push	{r4, r5, r6, r7, lr}
20001bde:	46de      	mov	lr, fp
20001be0:	4657      	mov	r7, sl
20001be2:	464e      	mov	r6, r9
20001be4:	4645      	mov	r5, r8
20001be6:	b5e0      	push	{r5, r6, r7, lr}
20001be8:	b083      	sub	sp, #12
20001bea:	9000      	str	r0, [sp, #0]
20001bec:	9101      	str	r1, [sp, #4]
20001bee:	4692      	mov	sl, r2
20001bf0:	469b      	mov	fp, r3
20001bf2:	9d0c      	ldr	r5, [sp, #48]	@ 0x30
20001bf4:	4a71      	ldr	r2, [pc, #452]	@ (20001dbc <bench_send_result+0x1e0>)
20001bf6:	7813      	ldrb	r3, [r2, #0]
20001bf8:	3301      	adds	r3, #1
20001bfa:	b2db      	uxtb	r3, r3
20001bfc:	7013      	strb	r3, [r2, #0]
20001bfe:	2b00      	cmp	r3, #0
20001c00:	d102      	bne.n	20001c08 <bench_send_result+0x2c>
20001c02:	0013      	movs	r3, r2
20001c04:	2201      	movs	r2, #1
20001c06:	701a      	strb	r2, [r3, #0]
20001c08:	4b6c      	ldr	r3, [pc, #432]	@ (20001dbc <bench_send_result+0x1e0>)
20001c0a:	781b      	ldrb	r3, [r3, #0]
20001c0c:	4699      	mov	r9, r3
20001c0e:	2700      	movs	r7, #0
20001c10:	e003      	b.n	20001c1a <bench_send_result+0x3e>
20001c12:	2a01      	cmp	r2, #1
20001c14:	d100      	bne.n	20001c18 <bench_send_result+0x3c>
20001c16:	e0b9      	b.n	20001d8c <bench_send_result+0x1b0>
20001c18:	3701      	adds	r7, #1
20001c1a:	2f17      	cmp	r7, #23
20001c1c:	dd00      	ble.n	20001c20 <bench_send_result+0x44>
20001c1e:	e0c3      	b.n	20001da8 <bench_send_result+0x1cc>
20001c20:	f004 fdde 	bl	200067e0 <watchdog_update>
20001c24:	2100      	movs	r1, #0
20001c26:	2004      	movs	r0, #4
20001c28:	f7ff f874 	bl	20000d14 <spi_build_control>
20001c2c:	4c64      	ldr	r4, [pc, #400]	@ (20001dc0 <bench_send_result+0x1e4>)
20001c2e:	9b00      	ldr	r3, [sp, #0]
20001c30:	71e3      	strb	r3, [r4, #7]
20001c32:	4b64      	ldr	r3, [pc, #400]	@ (20001dc4 <bench_send_result+0x1e8>)
20001c34:	781a      	ldrb	r2, [r3, #0]
20001c36:	234f      	movs	r3, #79	@ 0x4f
20001c38:	54e2      	strb	r2, [r4, r3]
20001c3a:	4653      	mov	r3, sl
20001c3c:	7223      	strb	r3, [r4, #8]
20001c3e:	9b01      	ldr	r3, [sp, #4]
20001c40:	7263      	strb	r3, [r4, #9]
20001c42:	464b      	mov	r3, r9
20001c44:	72a3      	strb	r3, [r4, #10]
20001c46:	465b      	mov	r3, fp
20001c48:	72e3      	strb	r3, [r4, #11]
20001c4a:	6829      	ldr	r1, [r5, #0]
20001c4c:	0020      	movs	r0, r4
20001c4e:	3050      	adds	r0, #80	@ 0x50
20001c50:	f7fe fbfa 	bl	20000448 <spi_put_u32>
20001c54:	6869      	ldr	r1, [r5, #4]
20001c56:	0020      	movs	r0, r4
20001c58:	3054      	adds	r0, #84	@ 0x54
20001c5a:	f7fe fbf5 	bl	20000448 <spi_put_u32>
20001c5e:	68a9      	ldr	r1, [r5, #8]
20001c60:	0020      	movs	r0, r4
20001c62:	3058      	adds	r0, #88	@ 0x58
20001c64:	f7fe fbf0 	bl	20000448 <spi_put_u32>
20001c68:	68e9      	ldr	r1, [r5, #12]
20001c6a:	0020      	movs	r0, r4
20001c6c:	305c      	adds	r0, #92	@ 0x5c
20001c6e:	f7fe fbeb 	bl	20000448 <spi_put_u32>
20001c72:	6929      	ldr	r1, [r5, #16]
20001c74:	0020      	movs	r0, r4
20001c76:	3060      	adds	r0, #96	@ 0x60
20001c78:	f7fe fbe6 	bl	20000448 <spi_put_u32>
20001c7c:	6969      	ldr	r1, [r5, #20]
20001c7e:	0020      	movs	r0, r4
20001c80:	3064      	adds	r0, #100	@ 0x64
20001c82:	f7fe fbe1 	bl	20000448 <spi_put_u32>
20001c86:	69a8      	ldr	r0, [r5, #24]
20001c88:	69e9      	ldr	r1, [r5, #28]
20001c8a:	22fa      	movs	r2, #250	@ 0xfa
20001c8c:	0092      	lsls	r2, r2, #2
20001c8e:	2300      	movs	r3, #0
20001c90:	f004 ffe6 	bl	20006c60 <__wrap___aeabi_uldivmod>
20001c94:	0001      	movs	r1, r0
20001c96:	0020      	movs	r0, r4
20001c98:	3068      	adds	r0, #104	@ 0x68
20001c9a:	f7fe fbd5 	bl	20000448 <spi_put_u32>
20001c9e:	6a29      	ldr	r1, [r5, #32]
20001ca0:	0020      	movs	r0, r4
20001ca2:	3074      	adds	r0, #116	@ 0x74
20001ca4:	f7fe fbd0 	bl	20000448 <spi_put_u32>
20001ca8:	6a69      	ldr	r1, [r5, #36]	@ 0x24
20001caa:	0020      	movs	r0, r4
20001cac:	3070      	adds	r0, #112	@ 0x70
20001cae:	f7fe fbcb 	bl	20000448 <spi_put_u32>
20001cb2:	4b45      	ldr	r3, [pc, #276]	@ (20001dc8 <bench_send_result+0x1ec>)
20001cb4:	6819      	ldr	r1, [r3, #0]
20001cb6:	0020      	movs	r0, r4
20001cb8:	3078      	adds	r0, #120	@ 0x78
20001cba:	f7fe fbc5 	bl	20000448 <spi_put_u32>
20001cbe:	2005      	movs	r0, #5
20001cc0:	f004 fc42 	bl	20006548 <clock_get_hz>
20001cc4:	0001      	movs	r1, r0
20001cc6:	0020      	movs	r0, r4
20001cc8:	3080      	adds	r0, #128	@ 0x80
20001cca:	f7fe fbbd 	bl	20000448 <spi_put_u32>
20001cce:	6ae9      	ldr	r1, [r5, #44]	@ 0x2c
20001cd0:	0020      	movs	r0, r4
20001cd2:	3088      	adds	r0, #136	@ 0x88
20001cd4:	f7fe fbb8 	bl	20000448 <spi_put_u32>
20001cd8:	6b29      	ldr	r1, [r5, #48]	@ 0x30
20001cda:	0020      	movs	r0, r4
20001cdc:	308c      	adds	r0, #140	@ 0x8c
20001cde:	f7fe fbb3 	bl	20000448 <spi_put_u32>
20001ce2:	6b69      	ldr	r1, [r5, #52]	@ 0x34
20001ce4:	0020      	movs	r0, r4
20001ce6:	3090      	adds	r0, #144	@ 0x90
20001ce8:	f7fe fbae 	bl	20000448 <spi_put_u32>
20001cec:	233c      	movs	r3, #60	@ 0x3c
20001cee:	5cea      	ldrb	r2, [r5, r3]
20001cf0:	3358      	adds	r3, #88	@ 0x58
20001cf2:	54e2      	strb	r2, [r4, r3]
20001cf4:	3b5c      	subs	r3, #92	@ 0x5c
20001cf6:	5cea      	ldrb	r2, [r5, r3]
20001cf8:	3344      	adds	r3, #68	@ 0x44
20001cfa:	54e2      	strb	r2, [r4, r3]
20001cfc:	3b43      	subs	r3, #67	@ 0x43
20001cfe:	5cea      	ldrb	r2, [r5, r3]
20001d00:	3344      	adds	r3, #68	@ 0x44
20001d02:	54e2      	strb	r2, [r4, r3]
20001d04:	3b43      	subs	r3, #67	@ 0x43
20001d06:	5cea      	ldrb	r2, [r5, r3]
20001d08:	3344      	adds	r3, #68	@ 0x44
20001d0a:	54e2      	strb	r2, [r4, r3]
20001d0c:	3b43      	subs	r3, #67	@ 0x43
20001d0e:	5cea      	ldrb	r2, [r5, r3]
20001d10:	3344      	adds	r3, #68	@ 0x44
20001d12:	54e2      	strb	r2, [r4, r3]
20001d14:	8d2a      	ldrh	r2, [r5, #40]	@ 0x28
20001d16:	3b13      	subs	r3, #19
20001d18:	54e2      	strb	r2, [r4, r3]
20001d1a:	8d2b      	ldrh	r3, [r5, #40]	@ 0x28
20001d1c:	0a1b      	lsrs	r3, r3, #8
20001d1e:	226d      	movs	r2, #109	@ 0x6d
20001d20:	54a3      	strb	r3, [r4, r2]
20001d22:	8d6a      	ldrh	r2, [r5, #42]	@ 0x2a
20001d24:	236e      	movs	r3, #110	@ 0x6e
20001d26:	54e2      	strb	r2, [r4, r3]
20001d28:	8d6b      	ldrh	r3, [r5, #42]	@ 0x2a
20001d2a:	0a1b      	lsrs	r3, r3, #8
20001d2c:	226f      	movs	r2, #111	@ 0x6f
20001d2e:	54a3      	strb	r3, [r4, r2]
20001d30:	1d20      	adds	r0, r4, #4
20001d32:	21c4      	movs	r1, #196	@ 0xc4
20001d34:	f7fe fb4c 	bl	200003d0 <crc32_buffer>
20001d38:	0001      	movs	r1, r0
20001d3a:	0020      	movs	r0, r4
20001d3c:	30c8      	adds	r0, #200	@ 0xc8
20001d3e:	f7fe fb83 	bl	20000448 <spi_put_u32>
20001d42:	4e22      	ldr	r6, [pc, #136]	@ (20001dcc <bench_send_result+0x1f0>)
20001d44:	2380      	movs	r3, #128	@ 0x80
20001d46:	005b      	lsls	r3, r3, #1
20001d48:	4698      	mov	r8, r3
20001d4a:	001a      	movs	r2, r3
20001d4c:	2100      	movs	r1, #0
20001d4e:	0030      	movs	r0, r6
20001d50:	f005 fef6 	bl	20007b40 <__wrap_memset>
20001d54:	4642      	mov	r2, r8
20001d56:	0031      	movs	r1, r6
20001d58:	0020      	movs	r0, r4
20001d5a:	f7ff f9ad 	bl	200010b8 <my_spi_to_esp_xfer_blocking>
20001d5e:	2800      	cmp	r0, #0
20001d60:	da00      	bge.n	20001d64 <bench_send_result+0x188>
20001d62:	e759      	b.n	20001c18 <bench_send_result+0x3c>
20001d64:	4819      	ldr	r0, [pc, #100]	@ (20001dcc <bench_send_result+0x1f0>)
20001d66:	f7ff f9c9 	bl	200010fc <spi_find_frame>
20001d6a:	2800      	cmp	r0, #0
20001d6c:	d100      	bne.n	20001d70 <bench_send_result+0x194>
20001d6e:	e753      	b.n	20001c18 <bench_send_result+0x3c>
20001d70:	7942      	ldrb	r2, [r0, #5]
20001d72:	1ed3      	subs	r3, r2, #3
20001d74:	b2db      	uxtb	r3, r3
20001d76:	2b01      	cmp	r3, #1
20001d78:	d900      	bls.n	20001d7c <bench_send_result+0x1a0>
20001d7a:	e74a      	b.n	20001c12 <bench_send_result+0x36>
20001d7c:	7bc3      	ldrb	r3, [r0, #15]
20001d7e:	454b      	cmp	r3, r9
20001d80:	d000      	beq.n	20001d84 <bench_send_result+0x1a8>
20001d82:	e746      	b.n	20001c12 <bench_send_result+0x36>
20001d84:	7b80      	ldrb	r0, [r0, #14]
20001d86:	1e43      	subs	r3, r0, #1
20001d88:	4198      	sbcs	r0, r3
20001d8a:	e00f      	b.n	20001dac <bench_send_result+0x1d0>
20001d8c:	2323      	movs	r3, #35	@ 0x23
20001d8e:	5cc3      	ldrb	r3, [r0, r3]
20001d90:	454b      	cmp	r3, r9
20001d92:	d000      	beq.n	20001d96 <bench_send_result+0x1ba>
20001d94:	e740      	b.n	20001c18 <bench_send_result+0x3c>
20001d96:	2320      	movs	r3, #32
20001d98:	5cc2      	ldrb	r2, [r0, r3]
20001d9a:	4b0d      	ldr	r3, [pc, #52]	@ (20001dd0 <bench_send_result+0x1f4>)
20001d9c:	701a      	strb	r2, [r3, #0]
20001d9e:	2322      	movs	r3, #34	@ 0x22
20001da0:	5cc0      	ldrb	r0, [r0, r3]
20001da2:	1e43      	subs	r3, r0, #1
20001da4:	4198      	sbcs	r0, r3
20001da6:	e001      	b.n	20001dac <bench_send_result+0x1d0>
20001da8:	2001      	movs	r0, #1
20001daa:	4240      	negs	r0, r0
20001dac:	b003      	add	sp, #12
20001dae:	bcf0      	pop	{r4, r5, r6, r7}
20001db0:	46bb      	mov	fp, r7
20001db2:	46b2      	mov	sl, r6
20001db4:	46a9      	mov	r9, r5
20001db6:	46a0      	mov	r8, r4
20001db8:	bdf0      	pop	{r4, r5, r6, r7, pc}
20001dba:	46c0      	nop			@ (mov r8, r8)
20001dbc:	20016d42 	.word	0x20016d42
20001dc0:	20016b14 	.word	0x20016b14
20001dc4:	20016d4b 	.word	0x20016d4b
20001dc8:	2000db20 	.word	0x2000db20
20001dcc:	20016a14 	.word	0x20016a14
20001dd0:	20016d47 	.word	0x20016d47

20001dd4 <read_flash_jedec_id>:
20001dd4:	b5f0      	push	{r4, r5, r6, r7, lr}
20001dd6:	46c6      	mov	lr, r8
20001dd8:	b500      	push	{lr}
20001dda:	b082      	sub	sp, #8
20001ddc:	4680      	mov	r8, r0
20001dde:	000f      	movs	r7, r1
20001de0:	0016      	movs	r6, r2
20001de2:	239f      	movs	r3, #159	@ 0x9f
20001de4:	9301      	str	r3, [sp, #4]
20001de6:	466c      	mov	r4, sp
20001de8:	2300      	movs	r3, #0
20001dea:	9300      	str	r3, [sp, #0]
20001dec:	f3ef 8510 	mrs	r5, PRIMASK
20001df0:	b672      	cpsid	i
20001df2:	2204      	movs	r2, #4
20001df4:	4669      	mov	r1, sp
20001df6:	a801      	add	r0, sp, #4
20001df8:	f008 fd4a 	bl	2000a890 <flash_do_cmd_cs>
20001dfc:	f385 8810 	msr	PRIMASK, r5
20001e00:	7863      	ldrb	r3, [r4, #1]
20001e02:	4640      	mov	r0, r8
20001e04:	7003      	strb	r3, [r0, #0]
20001e06:	78a3      	ldrb	r3, [r4, #2]
20001e08:	703b      	strb	r3, [r7, #0]
20001e0a:	78e3      	ldrb	r3, [r4, #3]
20001e0c:	7033      	strb	r3, [r6, #0]
20001e0e:	b002      	add	sp, #8
20001e10:	bc80      	pop	{r7}
20001e12:	46b8      	mov	r8, r7
20001e14:	bdf0      	pop	{r4, r5, r6, r7, pc}

20001e16 <get_detected_flash_size>:
20001e16:	b510      	push	{r4, lr}
20001e18:	b082      	sub	sp, #8
20001e1a:	466b      	mov	r3, sp
20001e1c:	1dd8      	adds	r0, r3, #7
20001e1e:	2300      	movs	r3, #0
20001e20:	7003      	strb	r3, [r0, #0]
20001e22:	466a      	mov	r2, sp
20001e24:	1d91      	adds	r1, r2, #6
20001e26:	700b      	strb	r3, [r1, #0]
20001e28:	1d54      	adds	r4, r2, #5
20001e2a:	7153      	strb	r3, [r2, #5]
20001e2c:	0022      	movs	r2, r4
20001e2e:	f7ff ffd1 	bl	20001dd4 <read_flash_jedec_id>
20001e32:	7822      	ldrb	r2, [r4, #0]
20001e34:	0013      	movs	r3, r2
20001e36:	3b10      	subs	r3, #16
20001e38:	b2db      	uxtb	r3, r3
20001e3a:	2b09      	cmp	r3, #9
20001e3c:	d803      	bhi.n	20001e46 <get_detected_flash_size+0x30>
20001e3e:	2001      	movs	r0, #1
20001e40:	4090      	lsls	r0, r2
20001e42:	b002      	add	sp, #8
20001e44:	bd10      	pop	{r4, pc}
20001e46:	2000      	movs	r0, #0
20001e48:	e7fb      	b.n	20001e42 <get_detected_flash_size+0x2c>
	...

20001e4c <ota_map_fits_flash>:
20001e4c:	b510      	push	{r4, lr}
20001e4e:	f7ff ffe2 	bl	20001e16 <get_detected_flash_size>
20001e52:	4b02      	ldr	r3, [pc, #8]	@ (20001e5c <ota_map_fits_flash+0x10>)
20001e54:	4283      	cmp	r3, r0
20001e56:	4180      	sbcs	r0, r0
20001e58:	4240      	negs	r0, r0
20001e5a:	bd10      	pop	{r4, pc}
20001e5c:	00600fff 	.word	0x00600fff

20001e60 <report_flash_size>:
20001e60:	b5f0      	push	{r4, r5, r6, r7, lr}
20001e62:	b083      	sub	sp, #12
20001e64:	466b      	mov	r3, sp
20001e66:	1ddd      	adds	r5, r3, #7
20001e68:	2300      	movs	r3, #0
20001e6a:	702b      	strb	r3, [r5, #0]
20001e6c:	466a      	mov	r2, sp
20001e6e:	1d96      	adds	r6, r2, #6
20001e70:	7193      	strb	r3, [r2, #6]
20001e72:	1d57      	adds	r7, r2, #5
20001e74:	7153      	strb	r3, [r2, #5]
20001e76:	003a      	movs	r2, r7
20001e78:	0031      	movs	r1, r6
20001e7a:	0028      	movs	r0, r5
20001e7c:	f7ff ffaa 	bl	20001dd4 <read_flash_jedec_id>
20001e80:	f7ff ffc9 	bl	20001e16 <get_detected_flash_size>
20001e84:	0004      	movs	r4, r0
20001e86:	783b      	ldrb	r3, [r7, #0]
20001e88:	7832      	ldrb	r2, [r6, #0]
20001e8a:	7829      	ldrb	r1, [r5, #0]
20001e8c:	480e      	ldr	r0, [pc, #56]	@ (20001ec8 <report_flash_size+0x68>)
20001e8e:	f007 f973 	bl	20009178 <__wrap_printf>
20001e92:	2c00      	cmp	r4, #0
20001e94:	d011      	beq.n	20001eba <report_flash_size+0x5a>
20001e96:	0d22      	lsrs	r2, r4, #20
20001e98:	480c      	ldr	r0, [pc, #48]	@ (20001ecc <report_flash_size+0x6c>)
20001e9a:	0021      	movs	r1, r4
20001e9c:	f007 f96c 	bl	20009178 <__wrap_printf>
20001ea0:	2580      	movs	r5, #128	@ 0x80
20001ea2:	046d      	lsls	r5, r5, #17
20001ea4:	480a      	ldr	r0, [pc, #40]	@ (20001ed0 <report_flash_size+0x70>)
20001ea6:	2210      	movs	r2, #16
20001ea8:	0029      	movs	r1, r5
20001eaa:	f007 f965 	bl	20009178 <__wrap_printf>
20001eae:	42ac      	cmp	r4, r5
20001eb0:	d007      	beq.n	20001ec2 <report_flash_size+0x62>
20001eb2:	4808      	ldr	r0, [pc, #32]	@ (20001ed4 <report_flash_size+0x74>)
20001eb4:	f007 f931 	bl	2000911a <__wrap_puts>
20001eb8:	e003      	b.n	20001ec2 <report_flash_size+0x62>
20001eba:	7839      	ldrb	r1, [r7, #0]
20001ebc:	4806      	ldr	r0, [pc, #24]	@ (20001ed8 <report_flash_size+0x78>)
20001ebe:	f007 f95b 	bl	20009178 <__wrap_printf>
20001ec2:	b003      	add	sp, #12
20001ec4:	bdf0      	pop	{r4, r5, r6, r7, pc}
20001ec6:	46c0      	nop			@ (mov r8, r8)
20001ec8:	2000ad30 	.word	0x2000ad30
20001ecc:	2000ad9c 	.word	0x2000ad9c
20001ed0:	2000adc4 	.word	0x2000adc4
20001ed4:	2000adf0 	.word	0x2000adf0
20001ed8:	2000ad54 	.word	0x2000ad54

20001edc <ota_flash_sector>:
20001edc:	b5f8      	push	{r3, r4, r5, r6, r7, lr}
20001ede:	0006      	movs	r6, r0
20001ee0:	000f      	movs	r7, r1
20001ee2:	2380      	movs	r3, #128	@ 0x80
20001ee4:	015b      	lsls	r3, r3, #5
20001ee6:	429a      	cmp	r2, r3
20001ee8:	d310      	bcc.n	20001f0c <ota_flash_sector+0x30>
20001eea:	f3ef 8510 	mrs	r5, PRIMASK
20001eee:	b672      	cpsid	i
20001ef0:	2480      	movs	r4, #128	@ 0x80
20001ef2:	0164      	lsls	r4, r4, #5
20001ef4:	0021      	movs	r1, r4
20001ef6:	0030      	movs	r0, r6
20001ef8:	f008 fc02 	bl	2000a700 <flash_range_erase>
20001efc:	0022      	movs	r2, r4
20001efe:	0039      	movs	r1, r7
20001f00:	0030      	movs	r0, r6
20001f02:	f008 fc61 	bl	2000a7c8 <flash_range_program>
20001f06:	f385 8810 	msr	PRIMASK, r5
20001f0a:	bdf8      	pop	{r3, r4, r5, r6, r7, pc}
20001f0c:	1888      	adds	r0, r1, r2
20001f0e:	2380      	movs	r3, #128	@ 0x80
20001f10:	015b      	lsls	r3, r3, #5
20001f12:	1a9a      	subs	r2, r3, r2
20001f14:	21ff      	movs	r1, #255	@ 0xff
20001f16:	f005 fe13 	bl	20007b40 <__wrap_memset>
20001f1a:	e7e6      	b.n	20001eea <ota_flash_sector+0xe>

20001f1c <st_run_flash>:
20001f1c:	b5f0      	push	{r4, r5, r6, r7, lr}
20001f1e:	b08f      	sub	sp, #60	@ 0x3c
20001f20:	270b      	movs	r7, #11
20001f22:	446f      	add	r7, sp
20001f24:	2500      	movs	r5, #0
20001f26:	703d      	strb	r5, [r7, #0]
20001f28:	240a      	movs	r4, #10
20001f2a:	446c      	add	r4, sp
20001f2c:	7025      	strb	r5, [r4, #0]
20001f2e:	2609      	movs	r6, #9
20001f30:	446e      	add	r6, sp
20001f32:	7035      	strb	r5, [r6, #0]
20001f34:	0032      	movs	r2, r6
20001f36:	0021      	movs	r1, r4
20001f38:	0038      	movs	r0, r7
20001f3a:	f7ff ff4b 	bl	20001dd4 <read_flash_jedec_id>
20001f3e:	783b      	ldrb	r3, [r7, #0]
20001f40:	0418      	lsls	r0, r3, #16
20001f42:	7821      	ldrb	r1, [r4, #0]
20001f44:	020a      	lsls	r2, r1, #8
20001f46:	4310      	orrs	r0, r2
20001f48:	0004      	movs	r4, r0
20001f4a:	7830      	ldrb	r0, [r6, #0]
20001f4c:	4304      	orrs	r4, r0
20001f4e:	4a42      	ldr	r2, [pc, #264]	@ (20002058 <st_run_flash+0x13c>)
20001f50:	ae03      	add	r6, sp, #12
20001f52:	9001      	str	r0, [sp, #4]
20001f54:	9100      	str	r1, [sp, #0]
20001f56:	212c      	movs	r1, #44	@ 0x2c
20001f58:	0030      	movs	r0, r6
20001f5a:	f006 fef7 	bl	20008d4c <__wrap_snprintf>
20001f5e:	783b      	ldrb	r3, [r7, #0]
20001f60:	3b01      	subs	r3, #1
20001f62:	b2db      	uxtb	r3, r3
20001f64:	21fd      	movs	r1, #253	@ 0xfd
20001f66:	4299      	cmp	r1, r3
20001f68:	4189      	sbcs	r1, r1
20001f6a:	4249      	negs	r1, r1
20001f6c:	9501      	str	r5, [sp, #4]
20001f6e:	9600      	str	r6, [sp, #0]
20001f70:	2300      	movs	r3, #0
20001f72:	0022      	movs	r2, r4
20001f74:	2003      	movs	r0, #3
20001f76:	f7ff fb6b 	bl	20001650 <st_send>
20001f7a:	f7ff ff4c 	bl	20001e16 <get_detected_flash_size>
20001f7e:	0004      	movs	r4, r0
20001f80:	0d03      	lsrs	r3, r0, #20
20001f82:	4a36      	ldr	r2, [pc, #216]	@ (2000205c <st_run_flash+0x140>)
20001f84:	2110      	movs	r1, #16
20001f86:	9100      	str	r1, [sp, #0]
20001f88:	311c      	adds	r1, #28
20001f8a:	0030      	movs	r0, r6
20001f8c:	f006 fede 	bl	20008d4c <__wrap_snprintf>
20001f90:	2380      	movs	r3, #128	@ 0x80
20001f92:	22ff      	movs	r2, #255	@ 0xff
20001f94:	0612      	lsls	r2, r2, #24
20001f96:	18a1      	adds	r1, r4, r2
20001f98:	1e4a      	subs	r2, r1, #1
20001f9a:	4191      	sbcs	r1, r2
20001f9c:	b2c9      	uxtb	r1, r1
20001f9e:	9501      	str	r5, [sp, #4]
20001fa0:	9600      	str	r6, [sp, #0]
20001fa2:	045b      	lsls	r3, r3, #17
20001fa4:	0022      	movs	r2, r4
20001fa6:	2004      	movs	r0, #4
20001fa8:	f7ff fb52 	bl	20001650 <st_send>
20001fac:	4b2c      	ldr	r3, [pc, #176]	@ (20002060 <st_run_flash+0x144>)
20001fae:	781b      	ldrb	r3, [r3, #0]
20001fb0:	07db      	lsls	r3, r3, #31
20001fb2:	d512      	bpl.n	20001fda <st_run_flash+0xbe>
20001fb4:	2200      	movs	r2, #0
20001fb6:	2380      	movs	r3, #128	@ 0x80
20001fb8:	015b      	lsls	r3, r3, #5
20001fba:	429a      	cmp	r2, r3
20001fbc:	d218      	bcs.n	20001ff0 <st_run_flash+0xd4>
20001fbe:	4b29      	ldr	r3, [pc, #164]	@ (20002064 <st_run_flash+0x148>)
20001fc0:	7819      	ldrb	r1, [r3, #0]
20001fc2:	014b      	lsls	r3, r1, #5
20001fc4:	1a5b      	subs	r3, r3, r1
20001fc6:	b2db      	uxtb	r3, r3
20001fc8:	00d1      	lsls	r1, r2, #3
20001fca:	1a89      	subs	r1, r1, r2
20001fcc:	185b      	adds	r3, r3, r1
20001fce:	b2db      	uxtb	r3, r3
20001fd0:	335a      	adds	r3, #90	@ 0x5a
20001fd2:	4925      	ldr	r1, [pc, #148]	@ (20002068 <st_run_flash+0x14c>)
20001fd4:	548b      	strb	r3, [r1, r2]
20001fd6:	3201      	adds	r2, #1
20001fd8:	e7ed      	b.n	20001fb6 <st_run_flash+0x9a>
20001fda:	2300      	movs	r3, #0
20001fdc:	9301      	str	r3, [sp, #4]
20001fde:	4b23      	ldr	r3, [pc, #140]	@ (2000206c <st_run_flash+0x150>)
20001fe0:	9300      	str	r3, [sp, #0]
20001fe2:	2300      	movs	r3, #0
20001fe4:	2200      	movs	r2, #0
20001fe6:	2103      	movs	r1, #3
20001fe8:	2005      	movs	r0, #5
20001fea:	f7ff fb31 	bl	20001650 <st_send>
20001fee:	e030      	b.n	20002052 <st_run_flash+0x136>
20001ff0:	f004 fbf6 	bl	200067e0 <watchdog_update>
20001ff4:	2280      	movs	r2, #128	@ 0x80
20001ff6:	491c      	ldr	r1, [pc, #112]	@ (20002068 <st_run_flash+0x14c>)
20001ff8:	20e0      	movs	r0, #224	@ 0xe0
20001ffa:	0152      	lsls	r2, r2, #5
20001ffc:	03c0      	lsls	r0, r0, #15
20001ffe:	f7ff ff6d 	bl	20001edc <ota_flash_sector>
20002002:	f004 fbed 	bl	200067e0 <watchdog_update>
20002006:	2300      	movs	r3, #0
20002008:	2400      	movs	r4, #0
2000200a:	e000      	b.n	2000200e <st_run_flash+0xf2>
2000200c:	3301      	adds	r3, #1
2000200e:	2280      	movs	r2, #128	@ 0x80
20002010:	0152      	lsls	r2, r2, #5
20002012:	4293      	cmp	r3, r2
20002014:	d207      	bcs.n	20002026 <st_run_flash+0x10a>
20002016:	4a16      	ldr	r2, [pc, #88]	@ (20002070 <st_run_flash+0x154>)
20002018:	5c99      	ldrb	r1, [r3, r2]
2000201a:	4a13      	ldr	r2, [pc, #76]	@ (20002068 <st_run_flash+0x14c>)
2000201c:	5cd2      	ldrb	r2, [r2, r3]
2000201e:	4291      	cmp	r1, r2
20002020:	d0f4      	beq.n	2000200c <st_run_flash+0xf0>
20002022:	3401      	adds	r4, #1
20002024:	e7f2      	b.n	2000200c <st_run_flash+0xf0>
20002026:	23e0      	movs	r3, #224	@ 0xe0
20002028:	4a12      	ldr	r2, [pc, #72]	@ (20002074 <st_run_flash+0x158>)
2000202a:	ad03      	add	r5, sp, #12
2000202c:	9400      	str	r4, [sp, #0]
2000202e:	03db      	lsls	r3, r3, #15
20002030:	212c      	movs	r1, #44	@ 0x2c
20002032:	0028      	movs	r0, r5
20002034:	f006 fe8a 	bl	20008d4c <__wrap_snprintf>
20002038:	2380      	movs	r3, #128	@ 0x80
2000203a:	0021      	movs	r1, r4
2000203c:	1e4a      	subs	r2, r1, #1
2000203e:	4191      	sbcs	r1, r2
20002040:	b2c9      	uxtb	r1, r1
20002042:	2200      	movs	r2, #0
20002044:	9201      	str	r2, [sp, #4]
20002046:	9500      	str	r5, [sp, #0]
20002048:	015b      	lsls	r3, r3, #5
2000204a:	0022      	movs	r2, r4
2000204c:	2005      	movs	r0, #5
2000204e:	f7ff faff 	bl	20001650 <st_send>
20002052:	b00f      	add	sp, #60	@ 0x3c
20002054:	bdf0      	pop	{r4, r5, r6, r7, pc}
20002056:	46c0      	nop			@ (mov r8, r8)
20002058:	2000ae3c 	.word	0x2000ae3c
2000205c:	2000ae54 	.word	0x2000ae54
20002060:	20016d57 	.word	0x20016d57
20002064:	20016d58 	.word	0x20016d58
20002068:	2000f2f0 	.word	0x2000f2f0
2000206c:	2000ae70 	.word	0x2000ae70
20002070:	10700000 	.word	0x10700000
20002074:	2000ae80 	.word	0x2000ae80

20002078 <ota_meta_write>:
20002078:	b5f8      	push	{r3, r4, r5, r6, r7, lr}
2000207a:	0004      	movs	r4, r0
2000207c:	4b12      	ldr	r3, [pc, #72]	@ (200020c8 <ota_meta_write+0x50>)
2000207e:	6003      	str	r3, [r0, #0]
20002080:	2124      	movs	r1, #36	@ 0x24
20002082:	f7fe f9a5 	bl	200003d0 <crc32_buffer>
20002086:	6260      	str	r0, [r4, #36]	@ 0x24
20002088:	2680      	movs	r6, #128	@ 0x80
2000208a:	0076      	lsls	r6, r6, #1
2000208c:	4d0f      	ldr	r5, [pc, #60]	@ (200020cc <ota_meta_write+0x54>)
2000208e:	0032      	movs	r2, r6
20002090:	21ff      	movs	r1, #255	@ 0xff
20002092:	0028      	movs	r0, r5
20002094:	f005 fd54 	bl	20007b40 <__wrap_memset>
20002098:	2228      	movs	r2, #40	@ 0x28
2000209a:	0021      	movs	r1, r4
2000209c:	0028      	movs	r0, r5
2000209e:	f005 fd55 	bl	20007b4c <__wrap___aeabi_memcpy>
200020a2:	f3ef 8710 	mrs	r7, PRIMASK
200020a6:	b672      	cpsid	i
200020a8:	2180      	movs	r1, #128	@ 0x80
200020aa:	24c0      	movs	r4, #192	@ 0xc0
200020ac:	03a4      	lsls	r4, r4, #14
200020ae:	0149      	lsls	r1, r1, #5
200020b0:	0020      	movs	r0, r4
200020b2:	f008 fb25 	bl	2000a700 <flash_range_erase>
200020b6:	0032      	movs	r2, r6
200020b8:	0029      	movs	r1, r5
200020ba:	0020      	movs	r0, r4
200020bc:	f008 fb84 	bl	2000a7c8 <flash_range_program>
200020c0:	f387 8810 	msr	PRIMASK, r7
200020c4:	bdf8      	pop	{r3, r4, r5, r6, r7, pc}
200020c6:	46c0      	nop			@ (mov r8, r8)
200020c8:	494b4b4f 	.word	0x494b4b4f
200020cc:	200102f0 	.word	0x200102f0

200020d0 <ota_mark_healthy>:
200020d0:	b510      	push	{r4, lr}
200020d2:	b08a      	sub	sp, #40	@ 0x28
200020d4:	4668      	mov	r0, sp
200020d6:	f7fe fe65 	bl	20000da4 <ota_meta_read>
200020da:	4668      	mov	r0, sp
200020dc:	f7fe f994 	bl	20000408 <ota_meta_valid>
200020e0:	2800      	cmp	r0, #0
200020e2:	d002      	beq.n	200020ea <ota_mark_healthy+0x1a>
200020e4:	9b01      	ldr	r3, [sp, #4]
200020e6:	2b02      	cmp	r3, #2
200020e8:	d001      	beq.n	200020ee <ota_mark_healthy+0x1e>
200020ea:	b00a      	add	sp, #40	@ 0x28
200020ec:	bd10      	pop	{r4, pc}
200020ee:	4668      	mov	r0, sp
200020f0:	2300      	movs	r3, #0
200020f2:	9301      	str	r3, [sp, #4]
200020f4:	9302      	str	r3, [sp, #8]
200020f6:	f7ff ffbf 	bl	20002078 <ota_meta_write>
200020fa:	4802      	ldr	r0, [pc, #8]	@ (20002104 <ota_mark_healthy+0x34>)
200020fc:	f007 f80d 	bl	2000911a <__wrap_puts>
20002100:	e7f3      	b.n	200020ea <ota_mark_healthy+0x1a>
20002102:	46c0      	nop			@ (mov r8, r8)
20002104:	2000ae98 	.word	0x2000ae98

20002108 <ota_receive_rp_image_if_offered>:
20002108:	b5f0      	push	{r4, r5, r6, r7, lr}
2000210a:	46de      	mov	lr, fp
2000210c:	4657      	mov	r7, sl
2000210e:	464e      	mov	r6, r9
20002110:	4645      	mov	r5, r8
20002112:	b5e0      	push	{r5, r6, r7, lr}
20002114:	b093      	sub	sp, #76	@ 0x4c
20002116:	4b6d      	ldr	r3, [pc, #436]	@ (200022cc <ota_receive_rp_image_if_offered+0x1c4>)
20002118:	681e      	ldr	r6, [r3, #0]
2000211a:	4b6d      	ldr	r3, [pc, #436]	@ (200022d0 <ota_receive_rp_image_if_offered+0x1c8>)
2000211c:	681f      	ldr	r7, [r3, #0]
2000211e:	1e72      	subs	r2, r6, #1
20002120:	2380      	movs	r3, #128	@ 0x80
20002122:	035b      	lsls	r3, r3, #13
20002124:	429a      	cmp	r2, r3
20002126:	d306      	bcc.n	20002136 <ota_receive_rp_image_if_offered+0x2e>
20002128:	b013      	add	sp, #76	@ 0x4c
2000212a:	bcf0      	pop	{r4, r5, r6, r7}
2000212c:	46bb      	mov	fp, r7
2000212e:	46b2      	mov	sl, r6
20002130:	46a9      	mov	r9, r5
20002132:	46a0      	mov	r8, r4
20002134:	bdf0      	pop	{r4, r5, r6, r7, pc}
20002136:	f7ff fe89 	bl	20001e4c <ota_map_fits_flash>
2000213a:	2800      	cmp	r0, #0
2000213c:	d0f4      	beq.n	20002128 <ota_receive_rp_image_if_offered+0x20>
2000213e:	ac08      	add	r4, sp, #32
20002140:	0020      	movs	r0, r4
20002142:	f7fe fe2f 	bl	20000da4 <ota_meta_read>
20002146:	0020      	movs	r0, r4
20002148:	f7fe f95e 	bl	20000408 <ota_meta_valid>
2000214c:	2800      	cmp	r0, #0
2000214e:	d002      	beq.n	20002156 <ota_receive_rp_image_if_offered+0x4e>
20002150:	9b0f      	ldr	r3, [sp, #60]	@ 0x3c
20002152:	42b3      	cmp	r3, r6
20002154:	d01e      	beq.n	20002194 <ota_receive_rp_image_if_offered+0x8c>
20002156:	2800      	cmp	r0, #0
20002158:	d002      	beq.n	20002160 <ota_receive_rp_image_if_offered+0x58>
2000215a:	9b0b      	ldr	r3, [sp, #44]	@ 0x2c
2000215c:	42b3      	cmp	r3, r6
2000215e:	d01d      	beq.n	2000219c <ota_receive_rp_image_if_offered+0x94>
20002160:	4b5c      	ldr	r3, [pc, #368]	@ (200022d4 <ota_receive_rp_image_if_offered+0x1cc>)
20002162:	681b      	ldr	r3, [r3, #0]
20002164:	42bb      	cmp	r3, r7
20002166:	d103      	bne.n	20002170 <ota_receive_rp_image_if_offered+0x68>
20002168:	4b5b      	ldr	r3, [pc, #364]	@ (200022d8 <ota_receive_rp_image_if_offered+0x1d0>)
2000216a:	681b      	ldr	r3, [r3, #0]
2000216c:	2b05      	cmp	r3, #5
2000216e:	d8db      	bhi.n	20002128 <ota_receive_rp_image_if_offered+0x20>
20002170:	485a      	ldr	r0, [pc, #360]	@ (200022dc <ota_receive_rp_image_if_offered+0x1d4>)
20002172:	003a      	movs	r2, r7
20002174:	0031      	movs	r1, r6
20002176:	f006 ffff 	bl	20009178 <__wrap_printf>
2000217a:	f004 f86b 	bl	20006254 <time_us_64>
2000217e:	9002      	str	r0, [sp, #8]
20002180:	9103      	str	r1, [sp, #12]
20002182:	2400      	movs	r4, #0
20002184:	2300      	movs	r3, #0
20002186:	4699      	mov	r9, r3
20002188:	2500      	movs	r5, #0
2000218a:	3b01      	subs	r3, #1
2000218c:	469b      	mov	fp, r3
2000218e:	46b0      	mov	r8, r6
20002190:	9705      	str	r7, [sp, #20]
20002192:	e01f      	b.n	200021d4 <ota_receive_rp_image_if_offered+0xcc>
20002194:	9b10      	ldr	r3, [sp, #64]	@ 0x40
20002196:	42bb      	cmp	r3, r7
20002198:	d1dd      	bne.n	20002156 <ota_receive_rp_image_if_offered+0x4e>
2000219a:	e7c5      	b.n	20002128 <ota_receive_rp_image_if_offered+0x20>
2000219c:	9b0c      	ldr	r3, [sp, #48]	@ 0x30
2000219e:	42bb      	cmp	r3, r7
200021a0:	d1de      	bne.n	20002160 <ota_receive_rp_image_if_offered+0x58>
200021a2:	e7c1      	b.n	20002128 <ota_receive_rp_image_if_offered+0x20>
200021a4:	9f05      	ldr	r7, [sp, #20]
200021a6:	f004 fb1b 	bl	200067e0 <watchdog_update>
200021aa:	4b4a      	ldr	r3, [pc, #296]	@ (200022d4 <ota_receive_rp_image_if_offered+0x1cc>)
200021ac:	601f      	str	r7, [r3, #0]
200021ae:	4b4a      	ldr	r3, [pc, #296]	@ (200022d8 <ota_receive_rp_image_if_offered+0x1d0>)
200021b0:	681a      	ldr	r2, [r3, #0]
200021b2:	3201      	adds	r2, #1
200021b4:	601a      	str	r2, [r3, #0]
200021b6:	484a      	ldr	r0, [pc, #296]	@ (200022e0 <ota_receive_rp_image_if_offered+0x1d8>)
200021b8:	4649      	mov	r1, r9
200021ba:	f006 ffdd 	bl	20009178 <__wrap_printf>
200021be:	e7b3      	b.n	20002128 <ota_receive_rp_image_if_offered+0x20>
200021c0:	1b28      	subs	r0, r5, r4
200021c2:	2380      	movs	r3, #128	@ 0x80
200021c4:	039b      	lsls	r3, r3, #14
200021c6:	469c      	mov	ip, r3
200021c8:	4460      	add	r0, ip
200021ca:	4946      	ldr	r1, [pc, #280]	@ (200022e4 <ota_receive_rp_image_if_offered+0x1dc>)
200021cc:	0022      	movs	r2, r4
200021ce:	f7ff fe85 	bl	20001edc <ota_flash_sector>
200021d2:	2400      	movs	r4, #0
200021d4:	4545      	cmp	r5, r8
200021d6:	d235      	bcs.n	20002244 <ota_receive_rp_image_if_offered+0x13c>
200021d8:	230e      	movs	r3, #14
200021da:	aa04      	add	r2, sp, #16
200021dc:	4694      	mov	ip, r2
200021de:	4463      	add	r3, ip
200021e0:	2200      	movs	r2, #0
200021e2:	801a      	strh	r2, [r3, #0]
200021e4:	f004 fafc 	bl	200067e0 <watchdog_update>
200021e8:	4643      	mov	r3, r8
200021ea:	1b5b      	subs	r3, r3, r5
200021ec:	469a      	mov	sl, r3
200021ee:	2b80      	cmp	r3, #128	@ 0x80
200021f0:	d901      	bls.n	200021f6 <ota_receive_rp_image_if_offered+0xee>
200021f2:	2380      	movs	r3, #128	@ 0x80
200021f4:	469a      	mov	sl, r3
200021f6:	4e3b      	ldr	r6, [pc, #236]	@ (200022e4 <ota_receive_rp_image_if_offered+0x1dc>)
200021f8:	19a6      	adds	r6, r4, r6
200021fa:	220e      	movs	r2, #14
200021fc:	ab04      	add	r3, sp, #16
200021fe:	469c      	mov	ip, r3
20002200:	4462      	add	r2, ip
20002202:	0031      	movs	r1, r6
20002204:	4648      	mov	r0, r9
20002206:	f7ff f905 	bl	20001414 <ota_fetch_block>
2000220a:	2800      	cmp	r0, #0
2000220c:	d0ca      	beq.n	200021a4 <ota_receive_rp_image_if_offered+0x9c>
2000220e:	230e      	movs	r3, #14
20002210:	aa04      	add	r2, sp, #16
20002212:	4694      	mov	ip, r2
20002214:	4463      	add	r3, ip
20002216:	881f      	ldrh	r7, [r3, #0]
20002218:	4557      	cmp	r7, sl
2000221a:	d1c3      	bne.n	200021a4 <ota_receive_rp_image_if_offered+0x9c>
2000221c:	003a      	movs	r2, r7
2000221e:	0031      	movs	r1, r6
20002220:	4658      	mov	r0, fp
20002222:	f7fe f8b9 	bl	20000398 <crc32_update>
20002226:	4683      	mov	fp, r0
20002228:	19e4      	adds	r4, r4, r7
2000222a:	19ed      	adds	r5, r5, r7
2000222c:	464b      	mov	r3, r9
2000222e:	3301      	adds	r3, #1
20002230:	4699      	mov	r9, r3
20002232:	0022      	movs	r2, r4
20002234:	3280      	adds	r2, #128	@ 0x80
20002236:	2380      	movs	r3, #128	@ 0x80
20002238:	015b      	lsls	r3, r3, #5
2000223a:	429a      	cmp	r2, r3
2000223c:	d8c0      	bhi.n	200021c0 <ota_receive_rp_image_if_offered+0xb8>
2000223e:	45a8      	cmp	r8, r5
20002240:	d8c8      	bhi.n	200021d4 <ota_receive_rp_image_if_offered+0xcc>
20002242:	e7bd      	b.n	200021c0 <ota_receive_rp_image_if_offered+0xb8>
20002244:	4646      	mov	r6, r8
20002246:	9f05      	ldr	r7, [sp, #20]
20002248:	f004 faca 	bl	200067e0 <watchdog_update>
2000224c:	465b      	mov	r3, fp
2000224e:	43dd      	mvns	r5, r3
20002250:	f004 f800 	bl	20006254 <time_us_64>
20002254:	9b02      	ldr	r3, [sp, #8]
20002256:	9c03      	ldr	r4, [sp, #12]
20002258:	1ac0      	subs	r0, r0, r3
2000225a:	41a1      	sbcs	r1, r4
2000225c:	22fa      	movs	r2, #250	@ 0xfa
2000225e:	0092      	lsls	r2, r2, #2
20002260:	2300      	movs	r3, #0
20002262:	f004 fcfd 	bl	20006c60 <__wrap___aeabi_uldivmod>
20002266:	0004      	movs	r4, r0
20002268:	42af      	cmp	r7, r5
2000226a:	d00b      	beq.n	20002284 <ota_receive_rp_image_if_offered+0x17c>
2000226c:	4b19      	ldr	r3, [pc, #100]	@ (200022d4 <ota_receive_rp_image_if_offered+0x1cc>)
2000226e:	601f      	str	r7, [r3, #0]
20002270:	4a19      	ldr	r2, [pc, #100]	@ (200022d8 <ota_receive_rp_image_if_offered+0x1d0>)
20002272:	6813      	ldr	r3, [r2, #0]
20002274:	3301      	adds	r3, #1
20002276:	6013      	str	r3, [r2, #0]
20002278:	481b      	ldr	r0, [pc, #108]	@ (200022e8 <ota_receive_rp_image_if_offered+0x1e0>)
2000227a:	003a      	movs	r2, r7
2000227c:	0029      	movs	r1, r5
2000227e:	f006 ff7b 	bl	20009178 <__wrap_printf>
20002282:	e751      	b.n	20002128 <ota_receive_rp_image_if_offered+0x20>
20002284:	4b14      	ldr	r3, [pc, #80]	@ (200022d8 <ota_receive_rp_image_if_offered+0x1d0>)
20002286:	2200      	movs	r2, #0
20002288:	601a      	str	r2, [r3, #0]
2000228a:	af08      	add	r7, sp, #32
2000228c:	0038      	movs	r0, r7
2000228e:	f7fe fd89 	bl	20000da4 <ota_meta_read>
20002292:	0038      	movs	r0, r7
20002294:	f7fe f8b8 	bl	20000408 <ota_meta_valid>
20002298:	2800      	cmp	r0, #0
2000229a:	d010      	beq.n	200022be <ota_receive_rp_image_if_offered+0x1b6>
2000229c:	a808      	add	r0, sp, #32
2000229e:	2301      	movs	r3, #1
200022a0:	6043      	str	r3, [r0, #4]
200022a2:	2300      	movs	r3, #0
200022a4:	6083      	str	r3, [r0, #8]
200022a6:	61c6      	str	r6, [r0, #28]
200022a8:	6205      	str	r5, [r0, #32]
200022aa:	f7ff fee5 	bl	20002078 <ota_meta_write>
200022ae:	480f      	ldr	r0, [pc, #60]	@ (200022ec <ota_receive_rp_image_if_offered+0x1e4>)
200022b0:	9400      	str	r4, [sp, #0]
200022b2:	002b      	movs	r3, r5
200022b4:	464a      	mov	r2, r9
200022b6:	0031      	movs	r1, r6
200022b8:	f006 ff5e 	bl	20009178 <__wrap_printf>
200022bc:	e734      	b.n	20002128 <ota_receive_rp_image_if_offered+0x20>
200022be:	2228      	movs	r2, #40	@ 0x28
200022c0:	2100      	movs	r1, #0
200022c2:	0038      	movs	r0, r7
200022c4:	f005 fc3c 	bl	20007b40 <__wrap_memset>
200022c8:	e7e8      	b.n	2000229c <ota_receive_rp_image_if_offered+0x194>
200022ca:	46c0      	nop			@ (mov r8, r8)
200022cc:	2000f270 	.word	0x2000f270
200022d0:	2000f26c 	.word	0x2000f26c
200022d4:	2000f2ec 	.word	0x2000f2ec
200022d8:	2000f2e8 	.word	0x2000f2e8
200022dc:	2000aec8 	.word	0x2000aec8
200022e0:	2000af04 	.word	0x2000af04
200022e4:	2000f2f0 	.word	0x2000f2f0
200022e8:	2000af4c 	.word	0x2000af4c
200022ec:	2000afa8 	.word	0x2000afa8

200022f0 <ota_copy_region>:
200022f0:	b5f8      	push	{r3, r4, r5, r6, r7, lr}
200022f2:	46de      	mov	lr, fp
200022f4:	4657      	mov	r7, sl
200022f6:	464e      	mov	r6, r9
200022f8:	4645      	mov	r5, r8
200022fa:	b5e0      	push	{r5, r6, r7, lr}
200022fc:	4682      	mov	sl, r0
200022fe:	468b      	mov	fp, r1
20002300:	4690      	mov	r8, r2
20002302:	2400      	movs	r4, #0
20002304:	e022      	b.n	2000234c <ota_copy_region+0x5c>
20002306:	465b      	mov	r3, fp
20002308:	18e1      	adds	r1, r4, r3
2000230a:	2380      	movs	r3, #128	@ 0x80
2000230c:	055b      	lsls	r3, r3, #21
2000230e:	469c      	mov	ip, r3
20002310:	4461      	add	r1, ip
20002312:	481a      	ldr	r0, [pc, #104]	@ (2000237c <ota_copy_region+0x8c>)
20002314:	002a      	movs	r2, r5
20002316:	f005 fc19 	bl	20007b4c <__wrap___aeabi_memcpy>
2000231a:	2380      	movs	r3, #128	@ 0x80
2000231c:	015b      	lsls	r3, r3, #5
2000231e:	429e      	cmp	r6, r3
20002320:	d31f      	bcc.n	20002362 <ota_copy_region+0x72>
20002322:	f004 fa5d 	bl	200067e0 <watchdog_update>
20002326:	f3ef 8910 	mrs	r9, PRIMASK
2000232a:	b672      	cpsid	i
2000232c:	4653      	mov	r3, sl
2000232e:	18e6      	adds	r6, r4, r3
20002330:	2780      	movs	r7, #128	@ 0x80
20002332:	017f      	lsls	r7, r7, #5
20002334:	0039      	movs	r1, r7
20002336:	0030      	movs	r0, r6
20002338:	f008 f9e2 	bl	2000a700 <flash_range_erase>
2000233c:	490f      	ldr	r1, [pc, #60]	@ (2000237c <ota_copy_region+0x8c>)
2000233e:	003a      	movs	r2, r7
20002340:	0030      	movs	r0, r6
20002342:	f008 fa41 	bl	2000a7c8 <flash_range_program>
20002346:	f389 8810 	msr	PRIMASK, r9
2000234a:	1964      	adds	r4, r4, r5
2000234c:	4544      	cmp	r4, r8
2000234e:	d20f      	bcs.n	20002370 <ota_copy_region+0x80>
20002350:	4643      	mov	r3, r8
20002352:	1b1e      	subs	r6, r3, r4
20002354:	0035      	movs	r5, r6
20002356:	2380      	movs	r3, #128	@ 0x80
20002358:	015b      	lsls	r3, r3, #5
2000235a:	429e      	cmp	r6, r3
2000235c:	d9d3      	bls.n	20002306 <ota_copy_region+0x16>
2000235e:	001d      	movs	r5, r3
20002360:	e7d1      	b.n	20002306 <ota_copy_region+0x16>
20002362:	1b5a      	subs	r2, r3, r5
20002364:	4805      	ldr	r0, [pc, #20]	@ (2000237c <ota_copy_region+0x8c>)
20002366:	1828      	adds	r0, r5, r0
20002368:	21ff      	movs	r1, #255	@ 0xff
2000236a:	f005 fbe9 	bl	20007b40 <__wrap_memset>
2000236e:	e7d8      	b.n	20002322 <ota_copy_region+0x32>
20002370:	bcf0      	pop	{r4, r5, r6, r7}
20002372:	46bb      	mov	fp, r7
20002374:	46b2      	mov	sl, r6
20002376:	46a9      	mov	r9, r5
20002378:	46a0      	mov	r8, r4
2000237a:	bdf8      	pop	{r3, r4, r5, r6, r7, pc}
2000237c:	2000e1dc 	.word	0x2000e1dc

20002380 <ota_commit_staged_image>:
20002380:	b570      	push	{r4, r5, r6, lr}
20002382:	b08a      	sub	sp, #40	@ 0x28
20002384:	4668      	mov	r0, sp
20002386:	f7fe fd0d 	bl	20000da4 <ota_meta_read>
2000238a:	4668      	mov	r0, sp
2000238c:	f7fe f83c 	bl	20000408 <ota_meta_valid>
20002390:	2800      	cmp	r0, #0
20002392:	d008      	beq.n	200023a6 <ota_commit_staged_image+0x26>
20002394:	9b01      	ldr	r3, [sp, #4]
20002396:	2b01      	cmp	r3, #1
20002398:	d105      	bne.n	200023a6 <ota_commit_staged_image+0x26>
2000239a:	9b07      	ldr	r3, [sp, #28]
2000239c:	3b01      	subs	r3, #1
2000239e:	2280      	movs	r2, #128	@ 0x80
200023a0:	0352      	lsls	r2, r2, #13
200023a2:	4293      	cmp	r3, r2
200023a4:	d301      	bcc.n	200023aa <ota_commit_staged_image+0x2a>
200023a6:	b00a      	add	sp, #40	@ 0x28
200023a8:	bd70      	pop	{r4, r5, r6, pc}
200023aa:	f004 fa19 	bl	200067e0 <watchdog_update>
200023ae:	9907      	ldr	r1, [sp, #28]
200023b0:	2080      	movs	r0, #128	@ 0x80
200023b2:	0380      	lsls	r0, r0, #14
200023b4:	f7fe f815 	bl	200003e2 <crc32_flash_region>
200023b8:	9b08      	ldr	r3, [sp, #32]
200023ba:	4298      	cmp	r0, r3
200023bc:	d005      	beq.n	200023ca <ota_commit_staged_image+0x4a>
200023be:	f004 fa0f 	bl	200067e0 <watchdog_update>
200023c2:	4838      	ldr	r0, [pc, #224]	@ (200024a4 <ota_commit_staged_image+0x124>)
200023c4:	f006 fea9 	bl	2000911a <__wrap_puts>
200023c8:	e7ed      	b.n	200023a6 <ota_commit_staged_image+0x26>
200023ca:	f004 fa09 	bl	200067e0 <watchdog_update>
200023ce:	f7fe f811 	bl	200003f4 <ota_app_size>
200023d2:	0005      	movs	r5, r0
200023d4:	1e42      	subs	r2, r0, #1
200023d6:	2380      	movs	r3, #128	@ 0x80
200023d8:	035b      	lsls	r3, r3, #13
200023da:	429a      	cmp	r2, r3
200023dc:	d220      	bcs.n	20002420 <ota_commit_staged_image+0xa0>
200023de:	4832      	ldr	r0, [pc, #200]	@ (200024a8 <ota_commit_staged_image+0x128>)
200023e0:	0029      	movs	r1, r5
200023e2:	f006 fec9 	bl	20009178 <__wrap_printf>
200023e6:	2480      	movs	r4, #128	@ 0x80
200023e8:	0364      	lsls	r4, r4, #13
200023ea:	002a      	movs	r2, r5
200023ec:	2100      	movs	r1, #0
200023ee:	0020      	movs	r0, r4
200023f0:	f7ff ff7e 	bl	200022f0 <ota_copy_region>
200023f4:	f004 f9f4 	bl	200067e0 <watchdog_update>
200023f8:	0029      	movs	r1, r5
200023fa:	0020      	movs	r0, r4
200023fc:	f7fd fff1 	bl	200003e2 <crc32_flash_region>
20002400:	0004      	movs	r4, r0
20002402:	0006      	movs	r6, r0
20002404:	f004 f9ec 	bl	200067e0 <watchdog_update>
20002408:	0029      	movs	r1, r5
2000240a:	2000      	movs	r0, #0
2000240c:	f7fd ffe9 	bl	200003e2 <crc32_flash_region>
20002410:	42a0      	cmp	r0, r4
20002412:	d00a      	beq.n	2000242a <ota_commit_staged_image+0xaa>
20002414:	f004 f9e4 	bl	200067e0 <watchdog_update>
20002418:	4824      	ldr	r0, [pc, #144]	@ (200024ac <ota_commit_staged_image+0x12c>)
2000241a:	f006 fe7e 	bl	2000911a <__wrap_puts>
2000241e:	e7c2      	b.n	200023a6 <ota_commit_staged_image+0x26>
20002420:	4823      	ldr	r0, [pc, #140]	@ (200024b0 <ota_commit_staged_image+0x130>)
20002422:	0029      	movs	r1, r5
20002424:	f006 fea8 	bl	20009178 <__wrap_printf>
20002428:	e7bd      	b.n	200023a6 <ota_commit_staged_image+0x26>
2000242a:	f004 f9d9 	bl	200067e0 <watchdog_update>
2000242e:	9505      	str	r5, [sp, #20]
20002430:	9606      	str	r6, [sp, #24]
20002432:	2303      	movs	r3, #3
20002434:	9301      	str	r3, [sp, #4]
20002436:	2300      	movs	r3, #0
20002438:	9302      	str	r3, [sp, #8]
2000243a:	4668      	mov	r0, sp
2000243c:	f7ff fe1c 	bl	20002078 <ota_meta_write>
20002440:	9907      	ldr	r1, [sp, #28]
20002442:	481c      	ldr	r0, [pc, #112]	@ (200024b4 <ota_commit_staged_image+0x134>)
20002444:	f006 fe98 	bl	20009178 <__wrap_printf>
20002448:	9a07      	ldr	r2, [sp, #28]
2000244a:	2180      	movs	r1, #128	@ 0x80
2000244c:	0389      	lsls	r1, r1, #14
2000244e:	2000      	movs	r0, #0
20002450:	f7ff ff4e 	bl	200022f0 <ota_copy_region>
20002454:	f004 f9c4 	bl	200067e0 <watchdog_update>
20002458:	9907      	ldr	r1, [sp, #28]
2000245a:	2000      	movs	r0, #0
2000245c:	f7fd ffc1 	bl	200003e2 <crc32_flash_region>
20002460:	9b08      	ldr	r3, [sp, #32]
20002462:	4298      	cmp	r0, r3
20002464:	d00a      	beq.n	2000247c <ota_commit_staged_image+0xfc>
20002466:	f004 f9bb 	bl	200067e0 <watchdog_update>
2000246a:	4813      	ldr	r0, [pc, #76]	@ (200024b8 <ota_commit_staged_image+0x138>)
2000246c:	f006 fe55 	bl	2000911a <__wrap_puts>
20002470:	2200      	movs	r2, #0
20002472:	2100      	movs	r1, #0
20002474:	2000      	movs	r0, #0
20002476:	f004 fa0d 	bl	20006894 <watchdog_reboot>
2000247a:	e7fe      	b.n	2000247a <ota_commit_staged_image+0xfa>
2000247c:	f004 f9b0 	bl	200067e0 <watchdog_update>
20002480:	4668      	mov	r0, sp
20002482:	2302      	movs	r3, #2
20002484:	9301      	str	r3, [sp, #4]
20002486:	9b07      	ldr	r3, [sp, #28]
20002488:	9303      	str	r3, [sp, #12]
2000248a:	9b08      	ldr	r3, [sp, #32]
2000248c:	9304      	str	r3, [sp, #16]
2000248e:	f7ff fdf3 	bl	20002078 <ota_meta_write>
20002492:	480a      	ldr	r0, [pc, #40]	@ (200024bc <ota_commit_staged_image+0x13c>)
20002494:	f006 fe41 	bl	2000911a <__wrap_puts>
20002498:	2200      	movs	r2, #0
2000249a:	2100      	movs	r1, #0
2000249c:	2000      	movs	r0, #0
2000249e:	f004 f9f9 	bl	20006894 <watchdog_reboot>
200024a2:	e7fe      	b.n	200024a2 <ota_commit_staged_image+0x122>
200024a4:	2000aff4 	.word	0x2000aff4
200024a8:	2000b068 	.word	0x2000b068
200024ac:	2000b0a8 	.word	0x2000b0a8
200024b0:	2000b030 	.word	0x2000b030
200024b4:	2000b0f0 	.word	0x2000b0f0
200024b8:	2000b130 	.word	0x2000b130
200024bc:	2000b170 	.word	0x2000b170

200024c0 <ota_boot_check>:
200024c0:	b510      	push	{r4, lr}
200024c2:	b08a      	sub	sp, #40	@ 0x28
200024c4:	4b52      	ldr	r3, [pc, #328]	@ (20002610 <ota_boot_check+0x150>)
200024c6:	2200      	movs	r2, #0
200024c8:	601a      	str	r2, [r3, #0]
200024ca:	f7ff fcbf 	bl	20001e4c <ota_map_fits_flash>
200024ce:	2800      	cmp	r0, #0
200024d0:	d104      	bne.n	200024dc <ota_boot_check+0x1c>
200024d2:	4b4f      	ldr	r3, [pc, #316]	@ (20002610 <ota_boot_check+0x150>)
200024d4:	2201      	movs	r2, #1
200024d6:	601a      	str	r2, [r3, #0]
200024d8:	b00a      	add	sp, #40	@ 0x28
200024da:	bd10      	pop	{r4, pc}
200024dc:	4668      	mov	r0, sp
200024de:	f7fe fc61 	bl	20000da4 <ota_meta_read>
200024e2:	4668      	mov	r0, sp
200024e4:	f7fd ff90 	bl	20000408 <ota_meta_valid>
200024e8:	2800      	cmp	r0, #0
200024ea:	d00b      	beq.n	20002504 <ota_boot_check+0x44>
200024ec:	9904      	ldr	r1, [sp, #16]
200024ee:	4a49      	ldr	r2, [pc, #292]	@ (20002614 <ota_boot_check+0x154>)
200024f0:	6011      	str	r1, [r2, #0]
200024f2:	9b01      	ldr	r3, [sp, #4]
200024f4:	2b03      	cmp	r3, #3
200024f6:	d009      	beq.n	2000250c <ota_boot_check+0x4c>
200024f8:	2b02      	cmp	r3, #2
200024fa:	d044      	beq.n	20002586 <ota_boot_check+0xc6>
200024fc:	4b44      	ldr	r3, [pc, #272]	@ (20002610 <ota_boot_check+0x150>)
200024fe:	2203      	movs	r2, #3
20002500:	601a      	str	r2, [r3, #0]
20002502:	e7e9      	b.n	200024d8 <ota_boot_check+0x18>
20002504:	4b42      	ldr	r3, [pc, #264]	@ (20002610 <ota_boot_check+0x150>)
20002506:	2202      	movs	r2, #2
20002508:	601a      	str	r2, [r3, #0]
2000250a:	e7e5      	b.n	200024d8 <ota_boot_check+0x18>
2000250c:	9907      	ldr	r1, [sp, #28]
2000250e:	000c      	movs	r4, r1
20002510:	1e4a      	subs	r2, r1, #1
20002512:	2380      	movs	r3, #128	@ 0x80
20002514:	035b      	lsls	r3, r3, #13
20002516:	429a      	cmp	r2, r3
20002518:	d206      	bcs.n	20002528 <ota_boot_check+0x68>
2000251a:	2080      	movs	r0, #128	@ 0x80
2000251c:	0380      	lsls	r0, r0, #14
2000251e:	f7fd ff60 	bl	200003e2 <crc32_flash_region>
20002522:	9b08      	ldr	r3, [sp, #32]
20002524:	4298      	cmp	r0, r3
20002526:	d00a      	beq.n	2000253e <ota_boot_check+0x7e>
20002528:	4668      	mov	r0, sp
2000252a:	2302      	movs	r3, #2
2000252c:	9301      	str	r3, [sp, #4]
2000252e:	3301      	adds	r3, #1
20002530:	9302      	str	r3, [sp, #8]
20002532:	f7ff fda1 	bl	20002078 <ota_meta_write>
20002536:	4b36      	ldr	r3, [pc, #216]	@ (20002610 <ota_boot_check+0x150>)
20002538:	2208      	movs	r2, #8
2000253a:	601a      	str	r2, [r3, #0]
2000253c:	e7cc      	b.n	200024d8 <ota_boot_check+0x18>
2000253e:	2180      	movs	r1, #128	@ 0x80
20002540:	0022      	movs	r2, r4
20002542:	0389      	lsls	r1, r1, #14
20002544:	2000      	movs	r0, #0
20002546:	f7ff fed3 	bl	200022f0 <ota_copy_region>
2000254a:	9b07      	ldr	r3, [sp, #28]
2000254c:	001c      	movs	r4, r3
2000254e:	0019      	movs	r1, r3
20002550:	2000      	movs	r0, #0
20002552:	f7fd ff46 	bl	200003e2 <crc32_flash_region>
20002556:	9b08      	ldr	r3, [sp, #32]
20002558:	4298      	cmp	r0, r3
2000255a:	d1e5      	bne.n	20002528 <ota_boot_check+0x68>
2000255c:	2202      	movs	r2, #2
2000255e:	9201      	str	r2, [sp, #4]
20002560:	2200      	movs	r2, #0
20002562:	9202      	str	r2, [sp, #8]
20002564:	9403      	str	r4, [sp, #12]
20002566:	9304      	str	r3, [sp, #16]
20002568:	4668      	mov	r0, sp
2000256a:	f7ff fd85 	bl	20002078 <ota_meta_write>
2000256e:	9a04      	ldr	r2, [sp, #16]
20002570:	4b28      	ldr	r3, [pc, #160]	@ (20002614 <ota_boot_check+0x154>)
20002572:	601a      	str	r2, [r3, #0]
20002574:	4b26      	ldr	r3, [pc, #152]	@ (20002610 <ota_boot_check+0x150>)
20002576:	2207      	movs	r2, #7
20002578:	601a      	str	r2, [r3, #0]
2000257a:	2200      	movs	r2, #0
2000257c:	0011      	movs	r1, r2
2000257e:	0010      	movs	r0, r2
20002580:	f004 f988 	bl	20006894 <watchdog_reboot>
20002584:	e7fe      	b.n	20002584 <ota_boot_check+0xc4>
20002586:	9b02      	ldr	r3, [sp, #8]
20002588:	3301      	adds	r3, #1
2000258a:	9302      	str	r3, [sp, #8]
2000258c:	2b03      	cmp	r3, #3
2000258e:	d938      	bls.n	20002602 <ota_boot_check+0x142>
20002590:	9905      	ldr	r1, [sp, #20]
20002592:	000c      	movs	r4, r1
20002594:	1e4a      	subs	r2, r1, #1
20002596:	2380      	movs	r3, #128	@ 0x80
20002598:	035b      	lsls	r3, r3, #13
2000259a:	429a      	cmp	r2, r3
2000259c:	d206      	bcs.n	200025ac <ota_boot_check+0xec>
2000259e:	2080      	movs	r0, #128	@ 0x80
200025a0:	0340      	lsls	r0, r0, #13
200025a2:	f7fd ff1e 	bl	200003e2 <crc32_flash_region>
200025a6:	9b06      	ldr	r3, [sp, #24]
200025a8:	4298      	cmp	r0, r3
200025aa:	d003      	beq.n	200025b4 <ota_boot_check+0xf4>
200025ac:	4b18      	ldr	r3, [pc, #96]	@ (20002610 <ota_boot_check+0x150>)
200025ae:	2205      	movs	r2, #5
200025b0:	601a      	str	r2, [r3, #0]
200025b2:	e791      	b.n	200024d8 <ota_boot_check+0x18>
200025b4:	2180      	movs	r1, #128	@ 0x80
200025b6:	0022      	movs	r2, r4
200025b8:	0349      	lsls	r1, r1, #13
200025ba:	2000      	movs	r0, #0
200025bc:	f7ff fe98 	bl	200022f0 <ota_copy_region>
200025c0:	9b05      	ldr	r3, [sp, #20]
200025c2:	001c      	movs	r4, r3
200025c4:	0019      	movs	r1, r3
200025c6:	2000      	movs	r0, #0
200025c8:	f7fd ff0b 	bl	200003e2 <crc32_flash_region>
200025cc:	9b06      	ldr	r3, [sp, #24]
200025ce:	4298      	cmp	r0, r3
200025d0:	d003      	beq.n	200025da <ota_boot_check+0x11a>
200025d2:	4b0f      	ldr	r3, [pc, #60]	@ (20002610 <ota_boot_check+0x150>)
200025d4:	2209      	movs	r2, #9
200025d6:	601a      	str	r2, [r3, #0]
200025d8:	e77e      	b.n	200024d8 <ota_boot_check+0x18>
200025da:	4668      	mov	r0, sp
200025dc:	2200      	movs	r2, #0
200025de:	9201      	str	r2, [sp, #4]
200025e0:	9202      	str	r2, [sp, #8]
200025e2:	9403      	str	r4, [sp, #12]
200025e4:	9304      	str	r3, [sp, #16]
200025e6:	f7ff fd47 	bl	20002078 <ota_meta_write>
200025ea:	4b0b      	ldr	r3, [pc, #44]	@ (20002618 <ota_boot_check+0x158>)
200025ec:	2201      	movs	r2, #1
200025ee:	701a      	strb	r2, [r3, #0]
200025f0:	4b07      	ldr	r3, [pc, #28]	@ (20002610 <ota_boot_check+0x150>)
200025f2:	3203      	adds	r2, #3
200025f4:	601a      	str	r2, [r3, #0]
200025f6:	2200      	movs	r2, #0
200025f8:	0011      	movs	r1, r2
200025fa:	0010      	movs	r0, r2
200025fc:	f004 f94a 	bl	20006894 <watchdog_reboot>
20002600:	e7fe      	b.n	20002600 <ota_boot_check+0x140>
20002602:	4668      	mov	r0, sp
20002604:	f7ff fd38 	bl	20002078 <ota_meta_write>
20002608:	4b01      	ldr	r3, [pc, #4]	@ (20002610 <ota_boot_check+0x150>)
2000260a:	2206      	movs	r2, #6
2000260c:	601a      	str	r2, [r3, #0]
2000260e:	e763      	b.n	200024d8 <ota_boot_check+0x18>
20002610:	2000f2e4 	.word	0x2000f2e4
20002614:	20016808 	.word	0x20016808
20002618:	20016d5b 	.word	0x20016d5b

2000261c <st_report_clock>:
2000261c:	b5f0      	push	{r4, r5, r6, r7, lr}
2000261e:	b08f      	sub	sp, #60	@ 0x3c
20002620:	0007      	movs	r7, r0
20002622:	000e      	movs	r6, r1
20002624:	0010      	movs	r0, r2
20002626:	001c      	movs	r4, r3
20002628:	f003 ff94 	bl	20006554 <frequency_count_khz>
2000262c:	0005      	movs	r5, r0
2000262e:	4a13      	ldr	r2, [pc, #76]	@ (2000267c <st_report_clock+0x60>)
20002630:	9000      	str	r0, [sp, #0]
20002632:	0033      	movs	r3, r6
20002634:	212c      	movs	r1, #44	@ 0x2c
20002636:	a803      	add	r0, sp, #12
20002638:	f006 fb88 	bl	20008d4c <__wrap_snprintf>
2000263c:	2c00      	cmp	r4, #0
2000263e:	d01a      	beq.n	20002676 <st_report_clock+0x5a>
20002640:	9b14      	ldr	r3, [sp, #80]	@ 0x50
20002642:	429c      	cmp	r4, r3
20002644:	d902      	bls.n	2000264c <st_report_clock+0x30>
20002646:	1ae3      	subs	r3, r4, r3
20002648:	429d      	cmp	r5, r3
2000264a:	d310      	bcc.n	2000266e <st_report_clock+0x52>
2000264c:	9b14      	ldr	r3, [sp, #80]	@ 0x50
2000264e:	18e3      	adds	r3, r4, r3
20002650:	42ab      	cmp	r3, r5
20002652:	d20e      	bcs.n	20002672 <st_report_clock+0x56>
20002654:	2101      	movs	r1, #1
20002656:	b2c9      	uxtb	r1, r1
20002658:	2300      	movs	r3, #0
2000265a:	9301      	str	r3, [sp, #4]
2000265c:	ab03      	add	r3, sp, #12
2000265e:	9300      	str	r3, [sp, #0]
20002660:	0023      	movs	r3, r4
20002662:	002a      	movs	r2, r5
20002664:	0038      	movs	r0, r7
20002666:	f7fe fff3 	bl	20001650 <st_send>
2000266a:	b00f      	add	sp, #60	@ 0x3c
2000266c:	bdf0      	pop	{r4, r5, r6, r7, pc}
2000266e:	2101      	movs	r1, #1
20002670:	e7f1      	b.n	20002656 <st_report_clock+0x3a>
20002672:	2100      	movs	r1, #0
20002674:	e7ef      	b.n	20002656 <st_report_clock+0x3a>
20002676:	2104      	movs	r1, #4
20002678:	e7ee      	b.n	20002658 <st_report_clock+0x3c>
2000267a:	46c0      	nop			@ (mov r8, r8)
2000267c:	2000b1a0 	.word	0x2000b1a0

20002680 <st_run_analog>:
20002680:	b5f0      	push	{r4, r5, r6, r7, lr}
20002682:	b08f      	sub	sp, #60	@ 0x3c
20002684:	f007 fa06 	bl	20009a94 <adc_init>
20002688:	4c35      	ldr	r4, [pc, #212]	@ (20002760 <st_run_analog+0xe0>)
2000268a:	2302      	movs	r3, #2
2000268c:	6023      	str	r3, [r4, #0]
2000268e:	4b35      	ldr	r3, [pc, #212]	@ (20002764 <st_run_analog+0xe4>)
20002690:	681a      	ldr	r2, [r3, #0]
20002692:	2380      	movs	r3, #128	@ 0x80
20002694:	01db      	lsls	r3, r3, #7
20002696:	4053      	eors	r3, r2
20002698:	22e0      	movs	r2, #224	@ 0xe0
2000269a:	01d2      	lsls	r2, r2, #7
2000269c:	4013      	ands	r3, r2
2000269e:	4a32      	ldr	r2, [pc, #200]	@ (20002768 <st_run_analog+0xe8>)
200026a0:	6013      	str	r3, [r2, #0]
200026a2:	2002      	movs	r0, #2
200026a4:	f003 fcd2 	bl	2000604c <sleep_ms>
200026a8:	2304      	movs	r3, #4
200026aa:	6023      	str	r3, [r4, #0]
200026ac:	4b2d      	ldr	r3, [pc, #180]	@ (20002764 <st_run_analog+0xe4>)
200026ae:	681b      	ldr	r3, [r3, #0]
200026b0:	05db      	lsls	r3, r3, #23
200026b2:	d5fb      	bpl.n	200026ac <st_run_analog+0x2c>
200026b4:	4b2b      	ldr	r3, [pc, #172]	@ (20002764 <st_run_analog+0xe4>)
200026b6:	685c      	ldr	r4, [r3, #4]
200026b8:	0424      	lsls	r4, r4, #16
200026ba:	0c24      	lsrs	r4, r4, #16
200026bc:	4a2b      	ldr	r2, [pc, #172]	@ (2000276c <st_run_analog+0xec>)
200026be:	2300      	movs	r3, #0
200026c0:	0020      	movs	r0, r4
200026c2:	2100      	movs	r1, #0
200026c4:	f005 f904 	bl	200078d0 <__wrap___aeabi_lmul>
200026c8:	0509      	lsls	r1, r1, #20
200026ca:	0b03      	lsrs	r3, r0, #12
200026cc:	18cb      	adds	r3, r1, r3
200026ce:	4a28      	ldr	r2, [pc, #160]	@ (20002770 <st_run_analog+0xf0>)
200026d0:	4694      	mov	ip, r2
200026d2:	4463      	add	r3, ip
200026d4:	015a      	lsls	r2, r3, #5
200026d6:	1ad2      	subs	r2, r2, r3
200026d8:	0190      	lsls	r0, r2, #6
200026da:	1a80      	subs	r0, r0, r2
200026dc:	00c0      	lsls	r0, r0, #3
200026de:	18c0      	adds	r0, r0, r3
200026e0:	0180      	lsls	r0, r0, #6
200026e2:	4924      	ldr	r1, [pc, #144]	@ (20002774 <st_run_analog+0xf4>)
200026e4:	f004 fa56 	bl	20006b94 <__wrap___aeabi_idiv>
200026e8:	0005      	movs	r5, r0
200026ea:	4b23      	ldr	r3, [pc, #140]	@ (20002778 <st_run_analog+0xf8>)
200026ec:	18c6      	adds	r6, r0, r3
200026ee:	21fa      	movs	r1, #250	@ 0xfa
200026f0:	0089      	lsls	r1, r1, #2
200026f2:	0030      	movs	r0, r6
200026f4:	f004 fa4e 	bl	20006b94 <__wrap___aeabi_idiv>
200026f8:	0007      	movs	r7, r0
200026fa:	17f3      	asrs	r3, r6, #31
200026fc:	18f0      	adds	r0, r6, r3
200026fe:	4058      	eors	r0, r3
20002700:	21fa      	movs	r1, #250	@ 0xfa
20002702:	0089      	lsls	r1, r1, #2
20002704:	f004 fa46 	bl	20006b94 <__wrap___aeabi_idiv>
20002708:	0008      	movs	r0, r1
2000270a:	2164      	movs	r1, #100	@ 0x64
2000270c:	f004 fa6a 	bl	20006be4 <__wrap___aeabi_uidiv>
20002710:	9000      	str	r0, [sp, #0]
20002712:	003b      	movs	r3, r7
20002714:	4a19      	ldr	r2, [pc, #100]	@ (2000277c <st_run_analog+0xfc>)
20002716:	212c      	movs	r1, #44	@ 0x2c
20002718:	a803      	add	r0, sp, #12
2000271a:	f006 fb17 	bl	20008d4c <__wrap_snprintf>
2000271e:	4b18      	ldr	r3, [pc, #96]	@ (20002780 <st_run_analog+0x100>)
20002720:	469c      	mov	ip, r3
20002722:	4465      	add	r5, ip
20002724:	4b17      	ldr	r3, [pc, #92]	@ (20002784 <st_run_analog+0x104>)
20002726:	429d      	cmp	r5, r3
20002728:	d817      	bhi.n	2000275a <st_run_analog+0xda>
2000272a:	2100      	movs	r1, #0
2000272c:	2500      	movs	r5, #0
2000272e:	9501      	str	r5, [sp, #4]
20002730:	ab03      	add	r3, sp, #12
20002732:	9300      	str	r3, [sp, #0]
20002734:	0033      	movs	r3, r6
20002736:	0022      	movs	r2, r4
20002738:	200d      	movs	r0, #13
2000273a:	f7fe ff89 	bl	20001650 <st_send>
2000273e:	4b12      	ldr	r3, [pc, #72]	@ (20002788 <st_run_analog+0x108>)
20002740:	2202      	movs	r2, #2
20002742:	601a      	str	r2, [r3, #0]
20002744:	9501      	str	r5, [sp, #4]
20002746:	4b11      	ldr	r3, [pc, #68]	@ (2000278c <st_run_analog+0x10c>)
20002748:	9300      	str	r3, [sp, #0]
2000274a:	2300      	movs	r3, #0
2000274c:	2200      	movs	r2, #0
2000274e:	2103      	movs	r1, #3
20002750:	200c      	movs	r0, #12
20002752:	f7fe ff7d 	bl	20001650 <st_send>
20002756:	b00f      	add	sp, #60	@ 0x3c
20002758:	bdf0      	pop	{r4, r5, r6, r7, pc}
2000275a:	2102      	movs	r1, #2
2000275c:	e7e6      	b.n	2000272c <st_run_analog+0xac>
2000275e:	46c0      	nop			@ (mov r8, r8)
20002760:	4004e000 	.word	0x4004e000
20002764:	4004c000 	.word	0x4004c000
20002768:	4004d000 	.word	0x4004d000
2000276c:	00000ce4 	.word	0x00000ce4
20002770:	fffffd3e 	.word	0xfffffd3e
20002774:	fffff947 	.word	0xfffff947
20002778:	00006978 	.word	0x00006978
2000277c:	2000b1ac 	.word	0x2000b1ac
20002780:	00009087 	.word	0x00009087
20002784:	0001869e 	.word	0x0001869e
20002788:	4004f000 	.word	0x4004f000
2000278c:	2000b1bc 	.word	0x2000b1bc

20002790 <st_run_gpio>:
20002790:	b5f0      	push	{r4, r5, r6, r7, lr}
20002792:	46de      	mov	lr, fp
20002794:	4657      	mov	r7, sl
20002796:	464e      	mov	r6, r9
20002798:	4645      	mov	r5, r8
2000279a:	b5e0      	push	{r5, r6, r7, lr}
2000279c:	b09b      	sub	sp, #108	@ 0x6c
2000279e:	ab04      	add	r3, sp, #16
200027a0:	2200      	movs	r2, #0
200027a2:	701a      	strb	r2, [r3, #0]
200027a4:	2600      	movs	r6, #0
200027a6:	4ba5      	ldr	r3, [pc, #660]	@ (20002a3c <st_run_gpio+0x2ac>)
200027a8:	4698      	mov	r8, r3
200027aa:	9303      	str	r3, [sp, #12]
200027ac:	2300      	movs	r3, #0
200027ae:	469a      	mov	sl, r3
200027b0:	469b      	mov	fp, r3
200027b2:	e016      	b.n	200027e2 <st_run_gpio+0x52>
200027b4:	2301      	movs	r3, #1
200027b6:	40ab      	lsls	r3, r5
200027b8:	4652      	mov	r2, sl
200027ba:	431a      	orrs	r2, r3
200027bc:	4692      	mov	sl, r2
200027be:	4643      	mov	r3, r8
200027c0:	781b      	ldrb	r3, [r3, #0]
200027c2:	2b00      	cmp	r3, #0
200027c4:	d104      	bne.n	200027d0 <st_run_gpio+0x40>
200027c6:	4b9e      	ldr	r3, [pc, #632]	@ (20002a40 <st_run_gpio+0x2b0>)
200027c8:	00f2      	lsls	r2, r6, #3
200027ca:	189b      	adds	r3, r3, r2
200027cc:	685b      	ldr	r3, [r3, #4]
200027ce:	4698      	mov	r8, r3
200027d0:	23d0      	movs	r3, #208	@ 0xd0
200027d2:	061b      	lsls	r3, r3, #24
200027d4:	629c      	str	r4, [r3, #40]	@ 0x28
200027d6:	2200      	movs	r2, #0
200027d8:	2101      	movs	r1, #1
200027da:	0028      	movs	r0, r5
200027dc:	f002 fc22 	bl	20005024 <gpio_set_pulls>
200027e0:	3601      	adds	r6, #1
200027e2:	4b98      	ldr	r3, [pc, #608]	@ (20002a44 <st_run_gpio+0x2b4>)
200027e4:	681b      	ldr	r3, [r3, #0]
200027e6:	42b3      	cmp	r3, r6
200027e8:	d954      	bls.n	20002894 <st_run_gpio+0x104>
200027ea:	4b95      	ldr	r3, [pc, #596]	@ (20002a40 <st_run_gpio+0x2b0>)
200027ec:	00f2      	lsls	r2, r6, #3
200027ee:	5cd5      	ldrb	r5, [r2, r3]
200027f0:	f003 fff6 	bl	200067e0 <watchdog_update>
200027f4:	0028      	movs	r0, r5
200027f6:	f002 fc96 	bl	20005126 <gpio_init>
200027fa:	2401      	movs	r4, #1
200027fc:	40ac      	lsls	r4, r5
200027fe:	23d0      	movs	r3, #208	@ 0xd0
20002800:	061b      	lsls	r3, r3, #24
20002802:	4699      	mov	r9, r3
20002804:	629c      	str	r4, [r3, #40]	@ 0x28
20002806:	2200      	movs	r2, #0
20002808:	2101      	movs	r1, #1
2000280a:	0028      	movs	r0, r5
2000280c:	f002 fc0a 	bl	20005024 <gpio_set_pulls>
20002810:	20c8      	movs	r0, #200	@ 0xc8
20002812:	2100      	movs	r1, #0
20002814:	f003 fc04 	bl	20006020 <sleep_us>
20002818:	464b      	mov	r3, r9
2000281a:	685f      	ldr	r7, [r3, #4]
2000281c:	4027      	ands	r7, r4
2000281e:	2201      	movs	r2, #1
20002820:	2100      	movs	r1, #0
20002822:	0028      	movs	r0, r5
20002824:	f002 fbfe 	bl	20005024 <gpio_set_pulls>
20002828:	20c8      	movs	r0, #200	@ 0xc8
2000282a:	2100      	movs	r1, #0
2000282c:	f003 fbf8 	bl	20006020 <sleep_us>
20002830:	464b      	mov	r3, r9
20002832:	685b      	ldr	r3, [r3, #4]
20002834:	4023      	ands	r3, r4
20002836:	2f00      	cmp	r7, #0
20002838:	d001      	beq.n	2000283e <st_run_gpio+0xae>
2000283a:	2b00      	cmp	r3, #0
2000283c:	d00d      	beq.n	2000285a <st_run_gpio+0xca>
2000283e:	2301      	movs	r3, #1
20002840:	40ab      	lsls	r3, r5
20002842:	465a      	mov	r2, fp
20002844:	431a      	orrs	r2, r3
20002846:	4693      	mov	fp, r2
20002848:	9b03      	ldr	r3, [sp, #12]
2000284a:	781b      	ldrb	r3, [r3, #0]
2000284c:	2b00      	cmp	r3, #0
2000284e:	d104      	bne.n	2000285a <st_run_gpio+0xca>
20002850:	4b7b      	ldr	r3, [pc, #492]	@ (20002a40 <st_run_gpio+0x2b0>)
20002852:	00f2      	lsls	r2, r6, #3
20002854:	189b      	adds	r3, r3, r2
20002856:	685b      	ldr	r3, [r3, #4]
20002858:	9303      	str	r3, [sp, #12]
2000285a:	2200      	movs	r2, #0
2000285c:	2100      	movs	r1, #0
2000285e:	0028      	movs	r0, r5
20002860:	f002 fbe0 	bl	20005024 <gpio_set_pulls>
20002864:	27d0      	movs	r7, #208	@ 0xd0
20002866:	063f      	lsls	r7, r7, #24
20002868:	627c      	str	r4, [r7, #36]	@ 0x24
2000286a:	617c      	str	r4, [r7, #20]
2000286c:	20c8      	movs	r0, #200	@ 0xc8
2000286e:	2100      	movs	r1, #0
20002870:	f003 fbd6 	bl	20006020 <sleep_us>
20002874:	687b      	ldr	r3, [r7, #4]
20002876:	4023      	ands	r3, r4
20002878:	4699      	mov	r9, r3
2000287a:	61bc      	str	r4, [r7, #24]
2000287c:	20c8      	movs	r0, #200	@ 0xc8
2000287e:	2100      	movs	r1, #0
20002880:	f003 fbce 	bl	20006020 <sleep_us>
20002884:	687b      	ldr	r3, [r7, #4]
20002886:	4023      	ands	r3, r4
20002888:	464a      	mov	r2, r9
2000288a:	2a00      	cmp	r2, #0
2000288c:	d092      	beq.n	200027b4 <st_run_gpio+0x24>
2000288e:	2b00      	cmp	r3, #0
20002890:	d09e      	beq.n	200027d0 <st_run_gpio+0x40>
20002892:	e78f      	b.n	200027b4 <st_run_gpio+0x24>
20002894:	20fa      	movs	r0, #250	@ 0xfa
20002896:	0040      	lsls	r0, r0, #1
20002898:	2100      	movs	r1, #0
2000289a:	f003 fbc1 	bl	20006020 <sleep_us>
2000289e:	2500      	movs	r5, #0
200028a0:	2300      	movs	r3, #0
200028a2:	001f      	movs	r7, r3
200028a4:	e037      	b.n	20002916 <st_run_gpio+0x186>
200028a6:	3401      	adds	r4, #1
200028a8:	4b66      	ldr	r3, [pc, #408]	@ (20002a44 <st_run_gpio+0x2b4>)
200028aa:	681b      	ldr	r3, [r3, #0]
200028ac:	42a3      	cmp	r3, r4
200028ae:	d923      	bls.n	200028f8 <st_run_gpio+0x168>
200028b0:	42a5      	cmp	r5, r4
200028b2:	d0f8      	beq.n	200028a6 <st_run_gpio+0x116>
200028b4:	4b62      	ldr	r3, [pc, #392]	@ (20002a40 <st_run_gpio+0x2b0>)
200028b6:	00e2      	lsls	r2, r4, #3
200028b8:	5cd2      	ldrb	r2, [r2, r3]
200028ba:	23d0      	movs	r3, #208	@ 0xd0
200028bc:	061b      	lsls	r3, r3, #24
200028be:	6859      	ldr	r1, [r3, #4]
200028c0:	2301      	movs	r3, #1
200028c2:	4093      	lsls	r3, r2
200028c4:	420b      	tst	r3, r1
200028c6:	d1ee      	bne.n	200028a6 <st_run_gpio+0x116>
200028c8:	2301      	movs	r3, #1
200028ca:	0019      	movs	r1, r3
200028cc:	40b1      	lsls	r1, r6
200028ce:	4093      	lsls	r3, r2
200028d0:	430b      	orrs	r3, r1
200028d2:	431f      	orrs	r7, r3
200028d4:	ab04      	add	r3, sp, #16
200028d6:	781b      	ldrb	r3, [r3, #0]
200028d8:	2b00      	cmp	r3, #0
200028da:	d1e4      	bne.n	200028a6 <st_run_gpio+0x116>
200028dc:	4958      	ldr	r1, [pc, #352]	@ (20002a40 <st_run_gpio+0x2b0>)
200028de:	00eb      	lsls	r3, r5, #3
200028e0:	18cb      	adds	r3, r1, r3
200028e2:	685b      	ldr	r3, [r3, #4]
200028e4:	4a58      	ldr	r2, [pc, #352]	@ (20002a48 <st_run_gpio+0x2b8>)
200028e6:	00e0      	lsls	r0, r4, #3
200028e8:	1809      	adds	r1, r1, r0
200028ea:	6849      	ldr	r1, [r1, #4]
200028ec:	9100      	str	r1, [sp, #0]
200028ee:	212c      	movs	r1, #44	@ 0x2c
200028f0:	a804      	add	r0, sp, #16
200028f2:	f006 fa2b 	bl	20008d4c <__wrap_snprintf>
200028f6:	e7d6      	b.n	200028a6 <st_run_gpio+0x116>
200028f8:	23d0      	movs	r3, #208	@ 0xd0
200028fa:	061b      	lsls	r3, r3, #24
200028fc:	464a      	mov	r2, r9
200028fe:	629a      	str	r2, [r3, #40]	@ 0x28
20002900:	2200      	movs	r2, #0
20002902:	2101      	movs	r1, #1
20002904:	0030      	movs	r0, r6
20002906:	f002 fb8d 	bl	20005024 <gpio_set_pulls>
2000290a:	2096      	movs	r0, #150	@ 0x96
2000290c:	0040      	lsls	r0, r0, #1
2000290e:	2100      	movs	r1, #0
20002910:	f003 fb86 	bl	20006020 <sleep_us>
20002914:	3501      	adds	r5, #1
20002916:	4b4b      	ldr	r3, [pc, #300]	@ (20002a44 <st_run_gpio+0x2b4>)
20002918:	681b      	ldr	r3, [r3, #0]
2000291a:	42ab      	cmp	r3, r5
2000291c:	d918      	bls.n	20002950 <st_run_gpio+0x1c0>
2000291e:	4b48      	ldr	r3, [pc, #288]	@ (20002a40 <st_run_gpio+0x2b0>)
20002920:	00ea      	lsls	r2, r5, #3
20002922:	5cd6      	ldrb	r6, [r2, r3]
20002924:	f003 ff5c 	bl	200067e0 <watchdog_update>
20002928:	2200      	movs	r2, #0
2000292a:	2100      	movs	r1, #0
2000292c:	0030      	movs	r0, r6
2000292e:	f002 fb79 	bl	20005024 <gpio_set_pulls>
20002932:	2301      	movs	r3, #1
20002934:	40b3      	lsls	r3, r6
20002936:	4699      	mov	r9, r3
20002938:	23d0      	movs	r3, #208	@ 0xd0
2000293a:	061b      	lsls	r3, r3, #24
2000293c:	464a      	mov	r2, r9
2000293e:	625a      	str	r2, [r3, #36]	@ 0x24
20002940:	619a      	str	r2, [r3, #24]
20002942:	2096      	movs	r0, #150	@ 0x96
20002944:	0040      	lsls	r0, r0, #1
20002946:	2100      	movs	r1, #0
20002948:	f003 fb6a 	bl	20006020 <sleep_us>
2000294c:	2400      	movs	r4, #0
2000294e:	e7ab      	b.n	200028a8 <st_run_gpio+0x118>
20002950:	46b9      	mov	r9, r7
20002952:	2400      	movs	r4, #0
20002954:	e005      	b.n	20002962 <st_run_gpio+0x1d2>
20002956:	4b3a      	ldr	r3, [pc, #232]	@ (20002a40 <st_run_gpio+0x2b0>)
20002958:	00e2      	lsls	r2, r4, #3
2000295a:	5cd0      	ldrb	r0, [r2, r3]
2000295c:	f7fe f886 	bl	20000a6c <st_pin_release>
20002960:	3401      	adds	r4, #1
20002962:	4b38      	ldr	r3, [pc, #224]	@ (20002a44 <st_run_gpio+0x2b4>)
20002964:	681b      	ldr	r3, [r3, #0]
20002966:	42a3      	cmp	r3, r4
20002968:	d8f5      	bhi.n	20002956 <st_run_gpio+0x1c6>
2000296a:	200d      	movs	r0, #13
2000296c:	f002 fbdb 	bl	20005126 <gpio_init>
20002970:	24d0      	movs	r4, #208	@ 0xd0
20002972:	0624      	lsls	r4, r4, #24
20002974:	2380      	movs	r3, #128	@ 0x80
20002976:	019b      	lsls	r3, r3, #6
20002978:	6263      	str	r3, [r4, #36]	@ 0x24
2000297a:	6163      	str	r3, [r4, #20]
2000297c:	200e      	movs	r0, #14
2000297e:	f002 fbd2 	bl	20005126 <gpio_init>
20002982:	2380      	movs	r3, #128	@ 0x80
20002984:	01db      	lsls	r3, r3, #7
20002986:	6263      	str	r3, [r4, #36]	@ 0x24
20002988:	61a3      	str	r3, [r4, #24]
2000298a:	4b2e      	ldr	r3, [pc, #184]	@ (20002a44 <st_run_gpio+0x2b4>)
2000298c:	681b      	ldr	r3, [r3, #0]
2000298e:	465a      	mov	r2, fp
20002990:	2a00      	cmp	r2, #0
20002992:	d101      	bne.n	20002998 <st_run_gpio+0x208>
20002994:	4a2d      	ldr	r2, [pc, #180]	@ (20002a4c <st_run_gpio+0x2bc>)
20002996:	9203      	str	r2, [sp, #12]
20002998:	4a2d      	ldr	r2, [pc, #180]	@ (20002a50 <st_run_gpio+0x2c0>)
2000299a:	ac0f      	add	r4, sp, #60	@ 0x3c
2000299c:	9903      	ldr	r1, [sp, #12]
2000299e:	9100      	str	r1, [sp, #0]
200029a0:	212c      	movs	r1, #44	@ 0x2c
200029a2:	0020      	movs	r0, r4
200029a4:	f006 f9d2 	bl	20008d4c <__wrap_snprintf>
200029a8:	4d26      	ldr	r5, [pc, #152]	@ (20002a44 <st_run_gpio+0x2b4>)
200029aa:	682b      	ldr	r3, [r5, #0]
200029ac:	4658      	mov	r0, fp
200029ae:	0001      	movs	r1, r0
200029b0:	1e4a      	subs	r2, r1, #1
200029b2:	4191      	sbcs	r1, r2
200029b4:	b2c9      	uxtb	r1, r1
200029b6:	2200      	movs	r2, #0
200029b8:	9201      	str	r2, [sp, #4]
200029ba:	9400      	str	r4, [sp, #0]
200029bc:	0002      	movs	r2, r0
200029be:	200f      	movs	r0, #15
200029c0:	f7fe fe46 	bl	20001650 <st_send>
200029c4:	682b      	ldr	r3, [r5, #0]
200029c6:	4652      	mov	r2, sl
200029c8:	2a00      	cmp	r2, #0
200029ca:	d101      	bne.n	200029d0 <st_run_gpio+0x240>
200029cc:	4a21      	ldr	r2, [pc, #132]	@ (20002a54 <st_run_gpio+0x2c4>)
200029ce:	4690      	mov	r8, r2
200029d0:	4a1f      	ldr	r2, [pc, #124]	@ (20002a50 <st_run_gpio+0x2c0>)
200029d2:	ac0f      	add	r4, sp, #60	@ 0x3c
200029d4:	4641      	mov	r1, r8
200029d6:	9100      	str	r1, [sp, #0]
200029d8:	212c      	movs	r1, #44	@ 0x2c
200029da:	0020      	movs	r0, r4
200029dc:	f006 f9b6 	bl	20008d4c <__wrap_snprintf>
200029e0:	4b18      	ldr	r3, [pc, #96]	@ (20002a44 <st_run_gpio+0x2b4>)
200029e2:	681b      	ldr	r3, [r3, #0]
200029e4:	4651      	mov	r1, sl
200029e6:	1e4a      	subs	r2, r1, #1
200029e8:	4191      	sbcs	r1, r2
200029ea:	b2c9      	uxtb	r1, r1
200029ec:	2200      	movs	r2, #0
200029ee:	9201      	str	r2, [sp, #4]
200029f0:	9400      	str	r4, [sp, #0]
200029f2:	4652      	mov	r2, sl
200029f4:	200e      	movs	r0, #14
200029f6:	f7fe fe2b 	bl	20001650 <st_send>
200029fa:	464b      	mov	r3, r9
200029fc:	2b00      	cmp	r3, #0
200029fe:	d01a      	beq.n	20002a36 <st_run_gpio+0x2a6>
20002a00:	ab04      	add	r3, sp, #16
20002a02:	4a15      	ldr	r2, [pc, #84]	@ (20002a58 <st_run_gpio+0x2c8>)
20002a04:	ac0f      	add	r4, sp, #60	@ 0x3c
20002a06:	212c      	movs	r1, #44	@ 0x2c
20002a08:	0020      	movs	r0, r4
20002a0a:	f006 f99f 	bl	20008d4c <__wrap_snprintf>
20002a0e:	4b0d      	ldr	r3, [pc, #52]	@ (20002a44 <st_run_gpio+0x2b4>)
20002a10:	681b      	ldr	r3, [r3, #0]
20002a12:	4649      	mov	r1, r9
20002a14:	1e4a      	subs	r2, r1, #1
20002a16:	4191      	sbcs	r1, r2
20002a18:	b2c9      	uxtb	r1, r1
20002a1a:	2200      	movs	r2, #0
20002a1c:	9201      	str	r2, [sp, #4]
20002a1e:	9400      	str	r4, [sp, #0]
20002a20:	464a      	mov	r2, r9
20002a22:	2010      	movs	r0, #16
20002a24:	f7fe fe14 	bl	20001650 <st_send>
20002a28:	b01b      	add	sp, #108	@ 0x6c
20002a2a:	bcf0      	pop	{r4, r5, r6, r7}
20002a2c:	46bb      	mov	fp, r7
20002a2e:	46b2      	mov	sl, r6
20002a30:	46a9      	mov	r9, r5
20002a32:	46a0      	mov	r8, r4
20002a34:	bdf0      	pop	{r4, r5, r6, r7, pc}
20002a36:	4b09      	ldr	r3, [pc, #36]	@ (20002a5c <st_run_gpio+0x2cc>)
20002a38:	e7e3      	b.n	20002a02 <st_run_gpio+0x272>
20002a3a:	46c0      	nop			@ (mov r8, r8)
20002a3c:	2000aae4 	.word	0x2000aae4
20002a40:	20016c18 	.word	0x20016c18
20002a44:	20016c14 	.word	0x20016c14
20002a48:	2000b204 	.word	0x2000b204
20002a4c:	2000b1d8 	.word	0x2000b1d8
20002a50:	2000b210 	.word	0x2000b210
20002a54:	2000b1e4 	.word	0x2000b1e4
20002a58:	2000ad0c 	.word	0x2000ad0c
20002a5c:	2000b1f0 	.word	0x2000b1f0

20002a60 <st_run_chip_pu>:
20002a60:	b5f0      	push	{r4, r5, r6, r7, lr}
20002a62:	46c6      	mov	lr, r8
20002a64:	b500      	push	{lr}
20002a66:	b08e      	sub	sp, #56	@ 0x38
20002a68:	201c      	movs	r0, #28
20002a6a:	f002 fb5c 	bl	20005126 <gpio_init>
20002a6e:	24d0      	movs	r4, #208	@ 0xd0
20002a70:	0624      	lsls	r4, r4, #24
20002a72:	2380      	movs	r3, #128	@ 0x80
20002a74:	055b      	lsls	r3, r3, #21
20002a76:	62a3      	str	r3, [r4, #40]	@ 0x28
20002a78:	2200      	movs	r2, #0
20002a7a:	2100      	movs	r1, #0
20002a7c:	201c      	movs	r0, #28
20002a7e:	f002 fad1 	bl	20005024 <gpio_set_pulls>
20002a82:	26fa      	movs	r6, #250	@ 0xfa
20002a84:	0076      	lsls	r6, r6, #1
20002a86:	2700      	movs	r7, #0
20002a88:	0030      	movs	r0, r6
20002a8a:	0039      	movs	r1, r7
20002a8c:	f003 fac8 	bl	20006020 <sleep_us>
20002a90:	6865      	ldr	r5, [r4, #4]
20002a92:	2380      	movs	r3, #128	@ 0x80
20002a94:	055b      	lsls	r3, r3, #21
20002a96:	401d      	ands	r5, r3
20002a98:	00eb      	lsls	r3, r5, #3
20002a9a:	0fda      	lsrs	r2, r3, #31
20002a9c:	4690      	mov	r8, r2
20002a9e:	2201      	movs	r2, #1
20002aa0:	2100      	movs	r1, #0
20002aa2:	201c      	movs	r0, #28
20002aa4:	f002 fabe 	bl	20005024 <gpio_set_pulls>
20002aa8:	0030      	movs	r0, r6
20002aaa:	0039      	movs	r1, r7
20002aac:	f003 fab8 	bl	20006020 <sleep_us>
20002ab0:	6864      	ldr	r4, [r4, #4]
20002ab2:	2380      	movs	r3, #128	@ 0x80
20002ab4:	055b      	lsls	r3, r3, #21
20002ab6:	401c      	ands	r4, r3
20002ab8:	00e6      	lsls	r6, r4, #3
20002aba:	0ff6      	lsrs	r6, r6, #31
20002abc:	2200      	movs	r2, #0
20002abe:	2100      	movs	r1, #0
20002ac0:	201c      	movs	r0, #28
20002ac2:	f002 faaf 	bl	20005024 <gpio_set_pulls>
20002ac6:	2200      	movs	r2, #0
20002ac8:	2101      	movs	r1, #1
20002aca:	201c      	movs	r0, #28
20002acc:	f002 faaa 	bl	20005024 <gpio_set_pulls>
20002ad0:	2c00      	cmp	r4, #0
20002ad2:	d00b      	beq.n	20002aec <st_run_chip_pu+0x8c>
20002ad4:	4b0f      	ldr	r3, [pc, #60]	@ (20002b14 <st_run_chip_pu+0xb4>)
20002ad6:	4a10      	ldr	r2, [pc, #64]	@ (20002b18 <st_run_chip_pu+0xb8>)
20002ad8:	212c      	movs	r1, #44	@ 0x2c
20002ada:	a803      	add	r0, sp, #12
20002adc:	f006 f936 	bl	20008d4c <__wrap_snprintf>
20002ae0:	2d00      	cmp	r5, #0
20002ae2:	d005      	beq.n	20002af0 <st_run_chip_pu+0x90>
20002ae4:	2c00      	cmp	r4, #0
20002ae6:	d112      	bne.n	20002b0e <st_run_chip_pu+0xae>
20002ae8:	2101      	movs	r1, #1
20002aea:	e002      	b.n	20002af2 <st_run_chip_pu+0x92>
20002aec:	4b0b      	ldr	r3, [pc, #44]	@ (20002b1c <st_run_chip_pu+0xbc>)
20002aee:	e7f2      	b.n	20002ad6 <st_run_chip_pu+0x76>
20002af0:	2101      	movs	r1, #1
20002af2:	b2c9      	uxtb	r1, r1
20002af4:	2300      	movs	r3, #0
20002af6:	9301      	str	r3, [sp, #4]
20002af8:	ab03      	add	r3, sp, #12
20002afa:	9300      	str	r3, [sp, #0]
20002afc:	0033      	movs	r3, r6
20002afe:	4642      	mov	r2, r8
20002b00:	2044      	movs	r0, #68	@ 0x44
20002b02:	f7fe fda5 	bl	20001650 <st_send>
20002b06:	b00e      	add	sp, #56	@ 0x38
20002b08:	bc80      	pop	{r7}
20002b0a:	46b8      	mov	r8, r7
20002b0c:	bdf0      	pop	{r4, r5, r6, r7, pc}
20002b0e:	2100      	movs	r1, #0
20002b10:	e7ef      	b.n	20002af2 <st_run_chip_pu+0x92>
20002b12:	46c0      	nop			@ (mov r8, r8)
20002b14:	2000b220 	.word	0x2000b220
20002b18:	2000b224 	.word	0x2000b224
20002b1c:	2000b21c 	.word	0x2000b21c

20002b20 <st_run_switch>:
20002b20:	b5f0      	push	{r4, r5, r6, r7, lr}
20002b22:	46de      	mov	lr, fp
20002b24:	4657      	mov	r7, sl
20002b26:	464e      	mov	r6, r9
20002b28:	4645      	mov	r5, r8
20002b2a:	b5e0      	push	{r5, r6, r7, lr}
20002b2c:	b08f      	sub	sp, #60	@ 0x3c
20002b2e:	0007      	movs	r7, r0
20002b30:	000e      	movs	r6, r1
20002b32:	4b5d      	ldr	r3, [pc, #372]	@ (20002ca8 <st_run_switch+0x188>)
20002b34:	781b      	ldrb	r3, [r3, #0]
20002b36:	075b      	lsls	r3, r3, #29
20002b38:	d51b      	bpl.n	20002b72 <st_run_switch+0x52>
20002b3a:	2008      	movs	r0, #8
20002b3c:	f002 faf3 	bl	20005126 <gpio_init>
20002b40:	24d0      	movs	r4, #208	@ 0xd0
20002b42:	0624      	lsls	r4, r4, #24
20002b44:	2380      	movs	r3, #128	@ 0x80
20002b46:	005b      	lsls	r3, r3, #1
20002b48:	6263      	str	r3, [r4, #36]	@ 0x24
20002b4a:	2009      	movs	r0, #9
20002b4c:	f002 faeb 	bl	20005126 <gpio_init>
20002b50:	2380      	movs	r3, #128	@ 0x80
20002b52:	009b      	lsls	r3, r3, #2
20002b54:	6263      	str	r3, [r4, #36]	@ 0x24
20002b56:	6163      	str	r3, [r4, #20]
20002b58:	2002      	movs	r0, #2
20002b5a:	f003 fa77 	bl	2000604c <sleep_ms>
20002b5e:	ab02      	add	r3, sp, #8
20002b60:	4a52      	ldr	r2, [pc, #328]	@ (20002cac <st_run_switch+0x18c>)
20002b62:	801a      	strh	r2, [r3, #0]
20002b64:	2300      	movs	r3, #0
20002b66:	2200      	movs	r2, #0
20002b68:	4691      	mov	r9, r2
20002b6a:	46ba      	mov	sl, r7
20002b6c:	46b3      	mov	fp, r6
20002b6e:	001e      	movs	r6, r3
20002b70:	e01d      	b.n	20002bae <st_run_switch+0x8e>
20002b72:	2500      	movs	r5, #0
20002b74:	9501      	str	r5, [sp, #4]
20002b76:	4c4e      	ldr	r4, [pc, #312]	@ (20002cb0 <st_run_switch+0x190>)
20002b78:	9400      	str	r4, [sp, #0]
20002b7a:	2300      	movs	r3, #0
20002b7c:	2200      	movs	r2, #0
20002b7e:	2103      	movs	r1, #3
20002b80:	2011      	movs	r0, #17
20002b82:	f7fe fd65 	bl	20001650 <st_send>
20002b86:	9501      	str	r5, [sp, #4]
20002b88:	9400      	str	r4, [sp, #0]
20002b8a:	2300      	movs	r3, #0
20002b8c:	2200      	movs	r2, #0
20002b8e:	2103      	movs	r1, #3
20002b90:	2012      	movs	r0, #18
20002b92:	f7fe fd5d 	bl	20001650 <st_send>
20002b96:	e06f      	b.n	20002c78 <st_run_switch+0x158>
20002b98:	2301      	movs	r3, #1
20002b9a:	40ab      	lsls	r3, r5
20002b9c:	464a      	mov	r2, r9
20002b9e:	431a      	orrs	r2, r3
20002ba0:	4691      	mov	r9, r2
20002ba2:	2200      	movs	r2, #0
20002ba4:	2100      	movs	r1, #0
20002ba6:	0028      	movs	r0, r5
20002ba8:	f002 fa3c 	bl	20005024 <gpio_set_pulls>
20002bac:	3601      	adds	r6, #1
20002bae:	2e01      	cmp	r6, #1
20002bb0:	dc29      	bgt.n	20002c06 <st_run_switch+0xe6>
20002bb2:	ab02      	add	r3, sp, #8
20002bb4:	5d9d      	ldrb	r5, [r3, r6]
20002bb6:	0028      	movs	r0, r5
20002bb8:	f002 fab5 	bl	20005126 <gpio_init>
20002bbc:	2401      	movs	r4, #1
20002bbe:	40ac      	lsls	r4, r5
20002bc0:	23d0      	movs	r3, #208	@ 0xd0
20002bc2:	061b      	lsls	r3, r3, #24
20002bc4:	4698      	mov	r8, r3
20002bc6:	629c      	str	r4, [r3, #40]	@ 0x28
20002bc8:	2200      	movs	r2, #0
20002bca:	2101      	movs	r1, #1
20002bcc:	0028      	movs	r0, r5
20002bce:	f002 fa29 	bl	20005024 <gpio_set_pulls>
20002bd2:	20fa      	movs	r0, #250	@ 0xfa
20002bd4:	0040      	lsls	r0, r0, #1
20002bd6:	2100      	movs	r1, #0
20002bd8:	f003 fa22 	bl	20006020 <sleep_us>
20002bdc:	4643      	mov	r3, r8
20002bde:	685f      	ldr	r7, [r3, #4]
20002be0:	4027      	ands	r7, r4
20002be2:	2201      	movs	r2, #1
20002be4:	2100      	movs	r1, #0
20002be6:	0028      	movs	r0, r5
20002be8:	f002 fa1c 	bl	20005024 <gpio_set_pulls>
20002bec:	20fa      	movs	r0, #250	@ 0xfa
20002bee:	0040      	lsls	r0, r0, #1
20002bf0:	2100      	movs	r1, #0
20002bf2:	f003 fa15 	bl	20006020 <sleep_us>
20002bf6:	4643      	mov	r3, r8
20002bf8:	685b      	ldr	r3, [r3, #4]
20002bfa:	401c      	ands	r4, r3
20002bfc:	2f00      	cmp	r7, #0
20002bfe:	d0cb      	beq.n	20002b98 <st_run_switch+0x78>
20002c00:	2c00      	cmp	r4, #0
20002c02:	d0ce      	beq.n	20002ba2 <st_run_switch+0x82>
20002c04:	e7c8      	b.n	20002b98 <st_run_switch+0x78>
20002c06:	4657      	mov	r7, sl
20002c08:	465e      	mov	r6, fp
20002c0a:	2e00      	cmp	r6, #0
20002c0c:	d03b      	beq.n	20002c86 <st_run_switch+0x166>
20002c0e:	23d0      	movs	r3, #208	@ 0xd0
20002c10:	061b      	lsls	r3, r3, #24
20002c12:	2280      	movs	r2, #128	@ 0x80
20002c14:	0092      	lsls	r2, r2, #2
20002c16:	615a      	str	r2, [r3, #20]
20002c18:	2f00      	cmp	r7, #0
20002c1a:	d03a      	beq.n	20002c92 <st_run_switch+0x172>
20002c1c:	23d0      	movs	r3, #208	@ 0xd0
20002c1e:	061b      	lsls	r3, r3, #24
20002c20:	2280      	movs	r2, #128	@ 0x80
20002c22:	0052      	lsls	r2, r2, #1
20002c24:	615a      	str	r2, [r3, #20]
20002c26:	2301      	movs	r3, #1
20002c28:	2e00      	cmp	r6, #0
20002c2a:	d039      	beq.n	20002ca0 <st_run_switch+0x180>
20002c2c:	2101      	movs	r1, #1
20002c2e:	4a21      	ldr	r2, [pc, #132]	@ (20002cb4 <st_run_switch+0x194>)
20002c30:	ac03      	add	r4, sp, #12
20002c32:	9100      	str	r1, [sp, #0]
20002c34:	212c      	movs	r1, #44	@ 0x2c
20002c36:	0020      	movs	r0, r4
20002c38:	f006 f888 	bl	20008d4c <__wrap_snprintf>
20002c3c:	2300      	movs	r3, #0
20002c3e:	9301      	str	r3, [sp, #4]
20002c40:	9400      	str	r4, [sp, #0]
20002c42:	0033      	movs	r3, r6
20002c44:	003a      	movs	r2, r7
20002c46:	2100      	movs	r1, #0
20002c48:	2011      	movs	r0, #17
20002c4a:	f7fe fd01 	bl	20001650 <st_send>
20002c4e:	464b      	mov	r3, r9
20002c50:	2b00      	cmp	r3, #0
20002c52:	d027      	beq.n	20002ca4 <st_run_switch+0x184>
20002c54:	4b18      	ldr	r3, [pc, #96]	@ (20002cb8 <st_run_switch+0x198>)
20002c56:	4a19      	ldr	r2, [pc, #100]	@ (20002cbc <st_run_switch+0x19c>)
20002c58:	ac03      	add	r4, sp, #12
20002c5a:	212c      	movs	r1, #44	@ 0x2c
20002c5c:	0020      	movs	r0, r4
20002c5e:	f006 f875 	bl	20008d4c <__wrap_snprintf>
20002c62:	464a      	mov	r2, r9
20002c64:	0011      	movs	r1, r2
20002c66:	1e4b      	subs	r3, r1, #1
20002c68:	4199      	sbcs	r1, r3
20002c6a:	b2c9      	uxtb	r1, r1
20002c6c:	2300      	movs	r3, #0
20002c6e:	9301      	str	r3, [sp, #4]
20002c70:	9400      	str	r4, [sp, #0]
20002c72:	2012      	movs	r0, #18
20002c74:	f7fe fcec 	bl	20001650 <st_send>
20002c78:	b00f      	add	sp, #60	@ 0x3c
20002c7a:	bcf0      	pop	{r4, r5, r6, r7}
20002c7c:	46bb      	mov	fp, r7
20002c7e:	46b2      	mov	sl, r6
20002c80:	46a9      	mov	r9, r5
20002c82:	46a0      	mov	r8, r4
20002c84:	bdf0      	pop	{r4, r5, r6, r7, pc}
20002c86:	23d0      	movs	r3, #208	@ 0xd0
20002c88:	061b      	lsls	r3, r3, #24
20002c8a:	2280      	movs	r2, #128	@ 0x80
20002c8c:	0092      	lsls	r2, r2, #2
20002c8e:	619a      	str	r2, [r3, #24]
20002c90:	e7c2      	b.n	20002c18 <st_run_switch+0xf8>
20002c92:	23d0      	movs	r3, #208	@ 0xd0
20002c94:	061b      	lsls	r3, r3, #24
20002c96:	2280      	movs	r2, #128	@ 0x80
20002c98:	0052      	lsls	r2, r2, #1
20002c9a:	619a      	str	r2, [r3, #24]
20002c9c:	2300      	movs	r3, #0
20002c9e:	e7c3      	b.n	20002c28 <st_run_switch+0x108>
20002ca0:	2100      	movs	r1, #0
20002ca2:	e7c4      	b.n	20002c2e <st_run_switch+0x10e>
20002ca4:	4b06      	ldr	r3, [pc, #24]	@ (20002cc0 <st_run_switch+0x1a0>)
20002ca6:	e7d6      	b.n	20002c56 <st_run_switch+0x136>
20002ca8:	20016d57 	.word	0x20016d57
20002cac:	00001514 	.word	0x00001514
20002cb0:	2000ae70 	.word	0x2000ae70
20002cb4:	2000b264 	.word	0x2000b264
20002cb8:	2000b234 	.word	0x2000b234
20002cbc:	2000ad0c 	.word	0x2000ad0c
20002cc0:	2000b250 	.word	0x2000b250

20002cc4 <ota_run_selftest>:
20002cc4:	b5f0      	push	{r4, r5, r6, r7, lr}
20002cc6:	46ce      	mov	lr, r9
20002cc8:	4647      	mov	r7, r8
20002cca:	b580      	push	{r7, lr}
20002ccc:	b09b      	sub	sp, #108	@ 0x6c
20002cce:	4bad      	ldr	r3, [pc, #692]	@ (20002f84 <ota_run_selftest+0x2c0>)
20002cd0:	2200      	movs	r2, #0
20002cd2:	701a      	strb	r2, [r3, #0]
20002cd4:	4bac      	ldr	r3, [pc, #688]	@ (20002f88 <ota_run_selftest+0x2c4>)
20002cd6:	601a      	str	r2, [r3, #0]
20002cd8:	23d0      	movs	r3, #208	@ 0xd0
20002cda:	061b      	lsls	r3, r3, #24
20002cdc:	691d      	ldr	r5, [r3, #16]
20002cde:	3201      	adds	r2, #1
20002ce0:	32ff      	adds	r2, #255	@ 0xff
20002ce2:	4015      	ands	r5, r2
20002ce4:	05ea      	lsls	r2, r5, #23
20002ce6:	0fd2      	lsrs	r2, r2, #31
20002ce8:	4691      	mov	r9, r2
20002cea:	691c      	ldr	r4, [r3, #16]
20002cec:	2380      	movs	r3, #128	@ 0x80
20002cee:	009b      	lsls	r3, r3, #2
20002cf0:	401c      	ands	r4, r3
20002cf2:	05a3      	lsls	r3, r4, #22
20002cf4:	0fdb      	lsrs	r3, r3, #31
20002cf6:	4698      	mov	r8, r3
20002cf8:	ab0e      	add	r3, sp, #56	@ 0x38
20002cfa:	4aa4      	ldr	r2, [pc, #656]	@ (20002f8c <ota_run_selftest+0x2c8>)
20002cfc:	801a      	strh	r2, [r3, #0]
20002cfe:	2200      	movs	r2, #0
20002d00:	e014      	b.n	20002d2c <ota_run_selftest+0x68>
20002d02:	ab0e      	add	r3, sp, #56	@ 0x38
20002d04:	5c99      	ldrb	r1, [r3, r2]
20002d06:	0089      	lsls	r1, r1, #2
20002d08:	4ba1      	ldr	r3, [pc, #644]	@ (20002f90 <ota_run_selftest+0x2cc>)
20002d0a:	469c      	mov	ip, r3
20002d0c:	4461      	add	r1, ip
20002d0e:	6848      	ldr	r0, [r1, #4]
20002d10:	2308      	movs	r3, #8
20002d12:	4003      	ands	r3, r0
20002d14:	071b      	lsls	r3, r3, #28
20002d16:	0fdb      	lsrs	r3, r3, #31
20002d18:	a80d      	add	r0, sp, #52	@ 0x34
20002d1a:	5483      	strb	r3, [r0, r2]
20002d1c:	6849      	ldr	r1, [r1, #4]
20002d1e:	2304      	movs	r3, #4
20002d20:	400b      	ands	r3, r1
20002d22:	075b      	lsls	r3, r3, #29
20002d24:	0fdb      	lsrs	r3, r3, #31
20002d26:	a90c      	add	r1, sp, #48	@ 0x30
20002d28:	548b      	strb	r3, [r1, r2]
20002d2a:	3201      	adds	r2, #1
20002d2c:	2a01      	cmp	r2, #1
20002d2e:	d9e8      	bls.n	20002d02 <ota_run_selftest+0x3e>
20002d30:	2000      	movs	r0, #0
20002d32:	e00c      	b.n	20002d4e <ota_run_selftest+0x8a>
20002d34:	4b94      	ldr	r3, [pc, #592]	@ (20002f88 <ota_run_selftest+0x2c4>)
20002d36:	681a      	ldr	r2, [r3, #0]
20002d38:	1c51      	adds	r1, r2, #1
20002d3a:	6019      	str	r1, [r3, #0]
20002d3c:	4b95      	ldr	r3, [pc, #596]	@ (20002f94 <ota_run_selftest+0x2d0>)
20002d3e:	00d1      	lsls	r1, r2, #3
20002d40:	4a95      	ldr	r2, [pc, #596]	@ (20002f98 <ota_run_selftest+0x2d4>)
20002d42:	00c6      	lsls	r6, r0, #3
20002d44:	185b      	adds	r3, r3, r1
20002d46:	1992      	adds	r2, r2, r6
20002d48:	ca42      	ldmia	r2!, {r1, r6}
20002d4a:	c342      	stmia	r3!, {r1, r6}
20002d4c:	3001      	adds	r0, #1
20002d4e:	2809      	cmp	r0, #9
20002d50:	d9f0      	bls.n	20002d34 <ota_run_selftest+0x70>
20002d52:	4b92      	ldr	r3, [pc, #584]	@ (20002f9c <ota_run_selftest+0x2d8>)
20002d54:	781a      	ldrb	r2, [r3, #0]
20002d56:	0753      	lsls	r3, r2, #29
20002d58:	d500      	bpl.n	20002d5c <ota_run_selftest+0x98>
20002d5a:	e0a3      	b.n	20002ea4 <ota_run_selftest+0x1e0>
20002d5c:	4b90      	ldr	r3, [pc, #576]	@ (20002fa0 <ota_run_selftest+0x2dc>)
20002d5e:	7819      	ldrb	r1, [r3, #0]
20002d60:	4890      	ldr	r0, [pc, #576]	@ (20002fa4 <ota_run_selftest+0x2e0>)
20002d62:	f006 fa09 	bl	20009178 <__wrap_printf>
20002d66:	4b90      	ldr	r3, [pc, #576]	@ (20002fa8 <ota_run_selftest+0x2e4>)
20002d68:	4a90      	ldr	r2, [pc, #576]	@ (20002fac <ota_run_selftest+0x2e8>)
20002d6a:	ae0f      	add	r6, sp, #60	@ 0x3c
20002d6c:	4990      	ldr	r1, [pc, #576]	@ (20002fb0 <ota_run_selftest+0x2ec>)
20002d6e:	9100      	str	r1, [sp, #0]
20002d70:	212c      	movs	r1, #44	@ 0x2c
20002d72:	0030      	movs	r0, r6
20002d74:	f005 ffea 	bl	20008d4c <__wrap_snprintf>
20002d78:	2300      	movs	r3, #0
20002d7a:	9301      	str	r3, [sp, #4]
20002d7c:	9600      	str	r6, [sp, #0]
20002d7e:	2207      	movs	r2, #7
20002d80:	2104      	movs	r1, #4
20002d82:	2001      	movs	r0, #1
20002d84:	f7fe fc64 	bl	20001650 <st_send>
20002d88:	4b8a      	ldr	r3, [pc, #552]	@ (20002fb4 <ota_run_selftest+0x2f0>)
20002d8a:	681b      	ldr	r3, [r3, #0]
20002d8c:	4a8a      	ldr	r2, [pc, #552]	@ (20002fb8 <ota_run_selftest+0x2f4>)
20002d8e:	212c      	movs	r1, #44	@ 0x2c
20002d90:	0030      	movs	r0, r6
20002d92:	f005 ffdb 	bl	20008d4c <__wrap_snprintf>
20002d96:	4b89      	ldr	r3, [pc, #548]	@ (20002fbc <ota_run_selftest+0x2f8>)
20002d98:	781b      	ldrb	r3, [r3, #0]
20002d9a:	2b09      	cmp	r3, #9
20002d9c:	d100      	bne.n	20002da0 <ota_run_selftest+0xdc>
20002d9e:	e083      	b.n	20002ea8 <ota_run_selftest+0x1e4>
20002da0:	2100      	movs	r1, #0
20002da2:	4b86      	ldr	r3, [pc, #536]	@ (20002fbc <ota_run_selftest+0x2f8>)
20002da4:	781a      	ldrb	r2, [r3, #0]
20002da6:	b2d2      	uxtb	r2, r2
20002da8:	2700      	movs	r7, #0
20002daa:	9701      	str	r7, [sp, #4]
20002dac:	ab0f      	add	r3, sp, #60	@ 0x3c
20002dae:	9300      	str	r3, [sp, #0]
20002db0:	2300      	movs	r3, #0
20002db2:	2002      	movs	r0, #2
20002db4:	f7fe fc4c 	bl	20001650 <st_send>
20002db8:	f7ff f8b0 	bl	20001f1c <st_run_flash>
20002dbc:	4980      	ldr	r1, [pc, #512]	@ (20002fc0 <ota_run_selftest+0x2fc>)
20002dbe:	233c      	movs	r3, #60	@ 0x3c
20002dc0:	9300      	str	r3, [sp, #0]
20002dc2:	4b80      	ldr	r3, [pc, #512]	@ (20002fc4 <ota_run_selftest+0x300>)
20002dc4:	2205      	movs	r2, #5
20002dc6:	200a      	movs	r0, #10
20002dc8:	f7ff fc28 	bl	2000261c <st_report_clock>
20002dcc:	2005      	movs	r0, #5
20002dce:	f003 fbbb 	bl	20006548 <clock_get_hz>
20002dd2:	21fa      	movs	r1, #250	@ 0xfa
20002dd4:	0089      	lsls	r1, r1, #2
20002dd6:	f003 ff05 	bl	20006be4 <__wrap___aeabi_uidiv>
20002dda:	0003      	movs	r3, r0
20002ddc:	497a      	ldr	r1, [pc, #488]	@ (20002fc8 <ota_run_selftest+0x304>)
20002dde:	26fa      	movs	r6, #250	@ 0xfa
20002de0:	0076      	lsls	r6, r6, #1
20002de2:	9600      	str	r6, [sp, #0]
20002de4:	2209      	movs	r2, #9
20002de6:	2006      	movs	r0, #6
20002de8:	f7ff fc18 	bl	2000261c <st_report_clock>
20002dec:	2006      	movs	r0, #6
20002dee:	f003 fbab 	bl	20006548 <clock_get_hz>
20002df2:	21fa      	movs	r1, #250	@ 0xfa
20002df4:	0089      	lsls	r1, r1, #2
20002df6:	f003 fef5 	bl	20006be4 <__wrap___aeabi_uidiv>
20002dfa:	0003      	movs	r3, r0
20002dfc:	4973      	ldr	r1, [pc, #460]	@ (20002fcc <ota_run_selftest+0x308>)
20002dfe:	9600      	str	r6, [sp, #0]
20002e00:	220a      	movs	r2, #10
20002e02:	2007      	movs	r0, #7
20002e04:	f7ff fc0a 	bl	2000261c <st_report_clock>
20002e08:	4971      	ldr	r1, [pc, #452]	@ (20002fd0 <ota_run_selftest+0x30c>)
20002e0a:	9600      	str	r6, [sp, #0]
20002e0c:	4b71      	ldr	r3, [pc, #452]	@ (20002fd4 <ota_run_selftest+0x310>)
20002e0e:	220b      	movs	r2, #11
20002e10:	2008      	movs	r0, #8
20002e12:	f7ff fc03 	bl	2000261c <st_report_clock>
20002e16:	4970      	ldr	r1, [pc, #448]	@ (20002fd8 <ota_run_selftest+0x314>)
20002e18:	9600      	str	r6, [sp, #0]
20002e1a:	4b6e      	ldr	r3, [pc, #440]	@ (20002fd4 <ota_run_selftest+0x310>)
20002e1c:	220c      	movs	r2, #12
20002e1e:	2009      	movs	r0, #9
20002e20:	f7ff fbfc 	bl	2000261c <st_report_clock>
20002e24:	496d      	ldr	r1, [pc, #436]	@ (20002fdc <ota_run_selftest+0x318>)
20002e26:	9700      	str	r7, [sp, #0]
20002e28:	2300      	movs	r3, #0
20002e2a:	2203      	movs	r2, #3
20002e2c:	200b      	movs	r0, #11
20002e2e:	f7ff fbf5 	bl	2000261c <st_report_clock>
20002e32:	f7ff fc25 	bl	20002680 <st_run_analog>
20002e36:	ae02      	add	r6, sp, #8
20002e38:	0030      	movs	r0, r6
20002e3a:	f7fd ffb3 	bl	20000da4 <ota_meta_read>
20002e3e:	0030      	movs	r0, r6
20002e40:	f7fd fae2 	bl	20000408 <ota_meta_valid>
20002e44:	2800      	cmp	r0, #0
20002e46:	d031      	beq.n	20002eac <ota_run_selftest+0x1e8>
20002e48:	4b65      	ldr	r3, [pc, #404]	@ (20002fe0 <ota_run_selftest+0x31c>)
20002e4a:	4a66      	ldr	r2, [pc, #408]	@ (20002fe4 <ota_run_selftest+0x320>)
20002e4c:	ae0f      	add	r6, sp, #60	@ 0x3c
20002e4e:	212c      	movs	r1, #44	@ 0x2c
20002e50:	0030      	movs	r0, r6
20002e52:	f005 ff7b 	bl	20008d4c <__wrap_snprintf>
20002e56:	9b04      	ldr	r3, [sp, #16]
20002e58:	9a03      	ldr	r2, [sp, #12]
20002e5a:	2100      	movs	r1, #0
20002e5c:	9101      	str	r1, [sp, #4]
20002e5e:	9600      	str	r6, [sp, #0]
20002e60:	3104      	adds	r1, #4
20002e62:	2013      	movs	r0, #19
20002e64:	f7fe fbf4 	bl	20001650 <st_send>
20002e68:	f7ff fc92 	bl	20002790 <st_run_gpio>
20002e6c:	f7ff fdf8 	bl	20002a60 <st_run_chip_pu>
20002e70:	f7fe fd76 	bl	20001960 <st_run_eboot>
20002e74:	f7fe fddc 	bl	20001a30 <st_run_elog>
20002e78:	4641      	mov	r1, r8
20002e7a:	4648      	mov	r0, r9
20002e7c:	f7ff fe50 	bl	20002b20 <st_run_switch>
20002e80:	2600      	movs	r6, #0
20002e82:	e01e      	b.n	20002ec2 <ota_run_selftest+0x1fe>
20002e84:	4b40      	ldr	r3, [pc, #256]	@ (20002f88 <ota_run_selftest+0x2c4>)
20002e86:	6819      	ldr	r1, [r3, #0]
20002e88:	1c4e      	adds	r6, r1, #1
20002e8a:	601e      	str	r6, [r3, #0]
20002e8c:	4b41      	ldr	r3, [pc, #260]	@ (20002f94 <ota_run_selftest+0x2d0>)
20002e8e:	00ce      	lsls	r6, r1, #3
20002e90:	4955      	ldr	r1, [pc, #340]	@ (20002fe8 <ota_run_selftest+0x324>)
20002e92:	00c7      	lsls	r7, r0, #3
20002e94:	199b      	adds	r3, r3, r6
20002e96:	19c9      	adds	r1, r1, r7
20002e98:	c9c0      	ldmia	r1!, {r6, r7}
20002e9a:	c3c0      	stmia	r3!, {r6, r7}
20002e9c:	3001      	adds	r0, #1
20002e9e:	2803      	cmp	r0, #3
20002ea0:	d9f0      	bls.n	20002e84 <ota_run_selftest+0x1c0>
20002ea2:	e75b      	b.n	20002d5c <ota_run_selftest+0x98>
20002ea4:	2000      	movs	r0, #0
20002ea6:	e7fa      	b.n	20002e9e <ota_run_selftest+0x1da>
20002ea8:	2102      	movs	r1, #2
20002eaa:	e77a      	b.n	20002da2 <ota_run_selftest+0xde>
20002eac:	4b4f      	ldr	r3, [pc, #316]	@ (20002fec <ota_run_selftest+0x328>)
20002eae:	e7cc      	b.n	20002e4a <ota_run_selftest+0x186>
20002eb0:	ab0e      	add	r3, sp, #56	@ 0x38
20002eb2:	5d98      	ldrb	r0, [r3, r6]
20002eb4:	ab0c      	add	r3, sp, #48	@ 0x30
20002eb6:	5d9a      	ldrb	r2, [r3, r6]
20002eb8:	ab0d      	add	r3, sp, #52	@ 0x34
20002eba:	5d99      	ldrb	r1, [r3, r6]
20002ebc:	f002 f8b2 	bl	20005024 <gpio_set_pulls>
20002ec0:	3601      	adds	r6, #1
20002ec2:	2e01      	cmp	r6, #1
20002ec4:	d9f4      	bls.n	20002eb0 <ota_run_selftest+0x1ec>
20002ec6:	2008      	movs	r0, #8
20002ec8:	f002 f92d 	bl	20005126 <gpio_init>
20002ecc:	23d0      	movs	r3, #208	@ 0xd0
20002ece:	061b      	lsls	r3, r3, #24
20002ed0:	2280      	movs	r2, #128	@ 0x80
20002ed2:	0052      	lsls	r2, r2, #1
20002ed4:	625a      	str	r2, [r3, #36]	@ 0x24
20002ed6:	2d00      	cmp	r5, #0
20002ed8:	d046      	beq.n	20002f68 <ota_run_selftest+0x2a4>
20002eda:	615a      	str	r2, [r3, #20]
20002edc:	2009      	movs	r0, #9
20002ede:	f002 f922 	bl	20005126 <gpio_init>
20002ee2:	23d0      	movs	r3, #208	@ 0xd0
20002ee4:	061b      	lsls	r3, r3, #24
20002ee6:	2280      	movs	r2, #128	@ 0x80
20002ee8:	0092      	lsls	r2, r2, #2
20002eea:	625a      	str	r2, [r3, #36]	@ 0x24
20002eec:	2c00      	cmp	r4, #0
20002eee:	d041      	beq.n	20002f74 <ota_run_selftest+0x2b0>
20002ef0:	615a      	str	r2, [r3, #20]
20002ef2:	200d      	movs	r0, #13
20002ef4:	f002 f917 	bl	20005126 <gpio_init>
20002ef8:	24d0      	movs	r4, #208	@ 0xd0
20002efa:	0624      	lsls	r4, r4, #24
20002efc:	2380      	movs	r3, #128	@ 0x80
20002efe:	019b      	lsls	r3, r3, #6
20002f00:	6263      	str	r3, [r4, #36]	@ 0x24
20002f02:	6163      	str	r3, [r4, #20]
20002f04:	200e      	movs	r0, #14
20002f06:	f002 f90e 	bl	20005126 <gpio_init>
20002f0a:	2380      	movs	r3, #128	@ 0x80
20002f0c:	01db      	lsls	r3, r3, #7
20002f0e:	6263      	str	r3, [r4, #36]	@ 0x24
20002f10:	61a3      	str	r3, [r4, #24]
20002f12:	200f      	movs	r0, #15
20002f14:	f002 f907 	bl	20005126 <gpio_init>
20002f18:	2380      	movs	r3, #128	@ 0x80
20002f1a:	021b      	lsls	r3, r3, #8
20002f1c:	62a3      	str	r3, [r4, #40]	@ 0x28
20002f1e:	2200      	movs	r2, #0
20002f20:	2101      	movs	r1, #1
20002f22:	200f      	movs	r0, #15
20002f24:	f002 f87e 	bl	20005024 <gpio_set_pulls>
20002f28:	2300      	movs	r3, #0
20002f2a:	9301      	str	r3, [sp, #4]
20002f2c:	4b30      	ldr	r3, [pc, #192]	@ (20002ff0 <ota_run_selftest+0x32c>)
20002f2e:	9300      	str	r3, [sp, #0]
20002f30:	2300      	movs	r3, #0
20002f32:	2200      	movs	r2, #0
20002f34:	2105      	movs	r1, #5
20002f36:	2014      	movs	r0, #20
20002f38:	f7fe fb8a 	bl	20001650 <st_send>
20002f3c:	4b11      	ldr	r3, [pc, #68]	@ (20002f84 <ota_run_selftest+0x2c0>)
20002f3e:	781b      	ldrb	r3, [r3, #0]
20002f40:	2b00      	cmp	r3, #0
20002f42:	d01d      	beq.n	20002f80 <ota_run_selftest+0x2bc>
20002f44:	2303      	movs	r3, #3
20002f46:	9301      	str	r3, [sp, #4]
20002f48:	4b2a      	ldr	r3, [pc, #168]	@ (20002ff4 <ota_run_selftest+0x330>)
20002f4a:	9300      	str	r3, [sp, #0]
20002f4c:	2300      	movs	r3, #0
20002f4e:	2200      	movs	r2, #0
20002f50:	2104      	movs	r1, #4
20002f52:	2000      	movs	r0, #0
20002f54:	f7fe fb7c 	bl	20001650 <st_send>
20002f58:	4827      	ldr	r0, [pc, #156]	@ (20002ff8 <ota_run_selftest+0x334>)
20002f5a:	f006 f8de 	bl	2000911a <__wrap_puts>
20002f5e:	b01b      	add	sp, #108	@ 0x6c
20002f60:	bcc0      	pop	{r6, r7}
20002f62:	46b9      	mov	r9, r7
20002f64:	46b0      	mov	r8, r6
20002f66:	bdf0      	pop	{r4, r5, r6, r7, pc}
20002f68:	23d0      	movs	r3, #208	@ 0xd0
20002f6a:	061b      	lsls	r3, r3, #24
20002f6c:	2280      	movs	r2, #128	@ 0x80
20002f6e:	0052      	lsls	r2, r2, #1
20002f70:	619a      	str	r2, [r3, #24]
20002f72:	e7b3      	b.n	20002edc <ota_run_selftest+0x218>
20002f74:	23d0      	movs	r3, #208	@ 0xd0
20002f76:	061b      	lsls	r3, r3, #24
20002f78:	2280      	movs	r2, #128	@ 0x80
20002f7a:	0092      	lsls	r2, r2, #2
20002f7c:	619a      	str	r2, [r3, #24]
20002f7e:	e7b8      	b.n	20002ef2 <ota_run_selftest+0x22e>
20002f80:	2301      	movs	r3, #1
20002f82:	e7e0      	b.n	20002f46 <ota_run_selftest+0x282>
20002f84:	20016d5c 	.word	0x20016d5c
20002f88:	20016c14 	.word	0x20016c14
20002f8c:	00001514 	.word	0x00001514
20002f90:	4001c000 	.word	0x4001c000
20002f94:	20016c18 	.word	0x20016c18
20002f98:	2000caf0 	.word	0x2000caf0
20002f9c:	20016d57 	.word	0x20016d57
20002fa0:	20016d58 	.word	0x20016d58
20002fa4:	2000b298 	.word	0x2000b298
20002fa8:	2000bed8 	.word	0x2000bed8
20002fac:	2000b2cc 	.word	0x2000b2cc
20002fb0:	2000b2d4 	.word	0x2000b2d4
20002fb4:	2000ceec 	.word	0x2000ceec
20002fb8:	2000b2d8 	.word	0x2000b2d8
20002fbc:	2000cee8 	.word	0x2000cee8
20002fc0:	2000b2e8 	.word	0x2000b2e8
20002fc4:	00002ee0 	.word	0x00002ee0
20002fc8:	2000b2f0 	.word	0x2000b2f0
20002fcc:	2000b2f8 	.word	0x2000b2f8
20002fd0:	2000b304 	.word	0x2000b304
20002fd4:	0000bb80 	.word	0x0000bb80
20002fd8:	2000b30c 	.word	0x2000b30c
20002fdc:	2000b314 	.word	0x2000b314
20002fe0:	2000b280 	.word	0x2000b280
20002fe4:	2000ad0c 	.word	0x2000ad0c
20002fe8:	2000cad0 	.word	0x2000cad0
20002fec:	2000b288 	.word	0x2000b288
20002ff0:	2000b31c 	.word	0x2000b31c
20002ff4:	2000aae4 	.word	0x2000aae4
20002ff8:	2000b32c 	.word	0x2000b32c

20002ffc <uart_run_step>:
20002ffc:	b5f0      	push	{r4, r5, r6, r7, lr}
20002ffe:	46ce      	mov	lr, r9
20003000:	4647      	mov	r7, r8
20003002:	b580      	push	{r7, lr}
20003004:	b08d      	sub	sp, #52	@ 0x34
20003006:	0007      	movs	r7, r0
20003008:	000e      	movs	r6, r1
2000300a:	0014      	movs	r4, r2
2000300c:	2240      	movs	r2, #64	@ 0x40
2000300e:	2100      	movs	r1, #0
20003010:	0020      	movs	r0, r4
20003012:	f004 fd95 	bl	20007b40 <__wrap_memset>
20003016:	233c      	movs	r3, #60	@ 0x3c
20003018:	2201      	movs	r2, #1
2000301a:	54e2      	strb	r2, [r4, r3]
2000301c:	6067      	str	r7, [r4, #4]
2000301e:	3b3d      	subs	r3, #61	@ 0x3d
20003020:	8523      	strh	r3, [r4, #40]	@ 0x28
20003022:	4b80      	ldr	r3, [pc, #512]	@ (20003224 <uart_run_step+0x228>)
20003024:	781a      	ldrb	r2, [r3, #0]
20003026:	0093      	lsls	r3, r2, #2
20003028:	189b      	adds	r3, r3, r2
2000302a:	015b      	lsls	r3, r3, #5
2000302c:	1a9b      	subs	r3, r3, r2
2000302e:	0159      	lsls	r1, r3, #5
20003030:	185b      	adds	r3, r3, r1
20003032:	009b      	lsls	r3, r3, #2
20003034:	1a9b      	subs	r3, r3, r2
20003036:	0159      	lsls	r1, r3, #5
20003038:	1acb      	subs	r3, r1, r3
2000303a:	021d      	lsls	r5, r3, #8
2000303c:	1aed      	subs	r5, r5, r3
2000303e:	012d      	lsls	r5, r5, #4
20003040:	18ad      	adds	r5, r5, r2
20003042:	19ed      	adds	r5, r5, r7
20003044:	2201      	movs	r2, #1
20003046:	0029      	movs	r1, r5
20003048:	0038      	movs	r0, r7
2000304a:	f7fe fba1 	bl	20001790 <uart_setup_peer>
2000304e:	9006      	str	r0, [sp, #24]
20003050:	2800      	cmp	r0, #0
20003052:	d105      	bne.n	20003060 <uart_run_step+0x64>
20003054:	8520      	strh	r0, [r4, #40]	@ 0x28
20003056:	b00d      	add	sp, #52	@ 0x34
20003058:	bcc0      	pop	{r6, r7}
2000305a:	46b9      	mov	r9, r7
2000305c:	46b0      	mov	r8, r6
2000305e:	bdf0      	pop	{r4, r5, r6, r7, pc}
20003060:	4b71      	ldr	r3, [pc, #452]	@ (20003228 <uart_run_step+0x22c>)
20003062:	4698      	mov	r8, r3
20003064:	2101      	movs	r1, #1
20003066:	0018      	movs	r0, r3
20003068:	f003 f9a2 	bl	200063b0 <uart_set_fifo_enabled>
2000306c:	0039      	movs	r1, r7
2000306e:	4640      	mov	r0, r8
20003070:	f003 f95a 	bl	20006328 <uart_set_baudrate>
20003074:	6020      	str	r0, [r4, #0]
20003076:	e002      	b.n	2000307e <uart_run_step+0x82>
20003078:	486b      	ldr	r0, [pc, #428]	@ (20003228 <uart_run_step+0x22c>)
2000307a:	f7fd f897 	bl	200001ac <uart_getc>
2000307e:	4b6a      	ldr	r3, [pc, #424]	@ (20003228 <uart_run_step+0x22c>)
20003080:	699b      	ldr	r3, [r3, #24]
20003082:	06db      	lsls	r3, r3, #27
20003084:	d5f8      	bpl.n	20003078 <uart_run_step+0x7c>
20003086:	2300      	movs	r3, #0
20003088:	220f      	movs	r2, #15
2000308a:	a908      	add	r1, sp, #32
2000308c:	468c      	mov	ip, r1
2000308e:	4462      	add	r2, ip
20003090:	7013      	strb	r3, [r2, #0]
20003092:	930a      	str	r3, [sp, #40]	@ 0x28
20003094:	f003 f8de 	bl	20006254 <time_us_64>
20003098:	9008      	str	r0, [sp, #32]
2000309a:	9109      	str	r1, [sp, #36]	@ 0x24
2000309c:	22fa      	movs	r2, #250	@ 0xfa
2000309e:	0092      	lsls	r2, r2, #2
200030a0:	2300      	movs	r3, #0
200030a2:	0030      	movs	r0, r6
200030a4:	2100      	movs	r1, #0
200030a6:	f004 fc13 	bl	200078d0 <__wrap___aeabi_lmul>
200030aa:	9a08      	ldr	r2, [sp, #32]
200030ac:	9b09      	ldr	r3, [sp, #36]	@ 0x24
200030ae:	1812      	adds	r2, r2, r0
200030b0:	414b      	adcs	r3, r1
200030b2:	9204      	str	r2, [sp, #16]
200030b4:	9305      	str	r3, [sp, #20]
200030b6:	4e5d      	ldr	r6, [pc, #372]	@ (2000322c <uart_run_step+0x230>)
200030b8:	2700      	movs	r7, #0
200030ba:	2301      	movs	r3, #1
200030bc:	4698      	mov	r8, r3
200030be:	e02f      	b.n	20003120 <uart_run_step+0x124>
200030c0:	4e5a      	ldr	r6, [pc, #360]	@ (2000322c <uart_run_step+0x230>)
200030c2:	4642      	mov	r2, r8
200030c4:	0029      	movs	r1, r5
200030c6:	0030      	movs	r0, r6
200030c8:	f7fd fa1c 	bl	20000504 <uart_bench_build>
200030cc:	373c      	adds	r7, #60	@ 0x3c
200030ce:	4640      	mov	r0, r8
200030d0:	e000      	b.n	200030d4 <uart_run_step+0xd8>
200030d2:	001e      	movs	r6, r3
200030d4:	2f00      	cmp	r7, #0
200030d6:	d02f      	beq.n	20003138 <uart_run_step+0x13c>
200030d8:	4b53      	ldr	r3, [pc, #332]	@ (20003228 <uart_run_step+0x22c>)
200030da:	699b      	ldr	r3, [r3, #24]
200030dc:	069b      	lsls	r3, r3, #26
200030de:	d40b      	bmi.n	200030f8 <uart_run_step+0xfc>
200030e0:	1c73      	adds	r3, r6, #1
200030e2:	7831      	ldrb	r1, [r6, #0]
200030e4:	4a50      	ldr	r2, [pc, #320]	@ (20003228 <uart_run_step+0x22c>)
200030e6:	6011      	str	r1, [r2, #0]
200030e8:	3f01      	subs	r7, #1
200030ea:	2f00      	cmp	r7, #0
200030ec:	d1f1      	bne.n	200030d2 <uart_run_step+0xd6>
200030ee:	3001      	adds	r0, #1
200030f0:	68a2      	ldr	r2, [r4, #8]
200030f2:	3201      	adds	r2, #1
200030f4:	60a2      	str	r2, [r4, #8]
200030f6:	e7ec      	b.n	200030d2 <uart_run_step+0xd6>
200030f8:	4680      	mov	r8, r0
200030fa:	46b1      	mov	r9, r6
200030fc:	e00b      	b.n	20003116 <uart_run_step+0x11a>
200030fe:	4b4a      	ldr	r3, [pc, #296]	@ (20003228 <uart_run_step+0x22c>)
20003100:	6818      	ldr	r0, [r3, #0]
20003102:	b2c0      	uxtb	r0, r0
20003104:	9400      	str	r4, [sp, #0]
20003106:	ab0a      	add	r3, sp, #40	@ 0x28
20003108:	002a      	movs	r2, r5
2000310a:	210f      	movs	r1, #15
2000310c:	ae08      	add	r6, sp, #32
2000310e:	46b4      	mov	ip, r6
20003110:	4461      	add	r1, ip
20003112:	f7fe f9c3 	bl	2000149c <uart_bench_feed>
20003116:	4b44      	ldr	r3, [pc, #272]	@ (20003228 <uart_run_step+0x22c>)
20003118:	699b      	ldr	r3, [r3, #24]
2000311a:	06db      	lsls	r3, r3, #27
2000311c:	d5ef      	bpl.n	200030fe <uart_run_step+0x102>
2000311e:	464e      	mov	r6, r9
20003120:	f003 f898 	bl	20006254 <time_us_64>
20003124:	9007      	str	r0, [sp, #28]
20003126:	9b05      	ldr	r3, [sp, #20]
20003128:	428b      	cmp	r3, r1
2000312a:	d908      	bls.n	2000313e <uart_run_step+0x142>
2000312c:	f003 fb58 	bl	200067e0 <watchdog_update>
20003130:	2f00      	cmp	r7, #0
20003132:	d0c5      	beq.n	200030c0 <uart_run_step+0xc4>
20003134:	4640      	mov	r0, r8
20003136:	e7cd      	b.n	200030d4 <uart_run_step+0xd8>
20003138:	4680      	mov	r8, r0
2000313a:	46b1      	mov	r9, r6
2000313c:	e7eb      	b.n	20003116 <uart_run_step+0x11a>
2000313e:	9a04      	ldr	r2, [sp, #16]
20003140:	9b05      	ldr	r3, [sp, #20]
20003142:	428b      	cmp	r3, r1
20003144:	d103      	bne.n	2000314e <uart_run_step+0x152>
20003146:	0013      	movs	r3, r2
20003148:	9a07      	ldr	r2, [sp, #28]
2000314a:	4293      	cmp	r3, r2
2000314c:	d8ee      	bhi.n	2000312c <uart_run_step+0x130>
2000314e:	f003 f881 	bl	20006254 <time_us_64>
20003152:	9a08      	ldr	r2, [sp, #32]
20003154:	9b09      	ldr	r3, [sp, #36]	@ 0x24
20003156:	1a80      	subs	r0, r0, r2
20003158:	4199      	sbcs	r1, r3
2000315a:	61a0      	str	r0, [r4, #24]
2000315c:	61e1      	str	r1, [r4, #28]
2000315e:	2300      	movs	r3, #0
20003160:	8523      	strh	r3, [r4, #40]	@ 0x28
20003162:	f003 f877 	bl	20006254 <time_us_64>
20003166:	4e32      	ldr	r6, [pc, #200]	@ (20003230 <uart_run_step+0x234>)
20003168:	2700      	movs	r7, #0
2000316a:	1836      	adds	r6, r6, r0
2000316c:	414f      	adcs	r7, r1
2000316e:	9602      	str	r6, [sp, #8]
20003170:	9703      	str	r7, [sp, #12]
20003172:	e00f      	b.n	20003194 <uart_run_step+0x198>
20003174:	4b2c      	ldr	r3, [pc, #176]	@ (20003228 <uart_run_step+0x22c>)
20003176:	6818      	ldr	r0, [r3, #0]
20003178:	b2c0      	uxtb	r0, r0
2000317a:	9400      	str	r4, [sp, #0]
2000317c:	ab0a      	add	r3, sp, #40	@ 0x28
2000317e:	002a      	movs	r2, r5
20003180:	210f      	movs	r1, #15
20003182:	ae08      	add	r6, sp, #32
20003184:	46b4      	mov	ip, r6
20003186:	4461      	add	r1, ip
20003188:	f7fe f988 	bl	2000149c <uart_bench_feed>
2000318c:	4b26      	ldr	r3, [pc, #152]	@ (20003228 <uart_run_step+0x22c>)
2000318e:	699b      	ldr	r3, [r3, #24]
20003190:	06db      	lsls	r3, r3, #27
20003192:	d5ef      	bpl.n	20003174 <uart_run_step+0x178>
20003194:	f003 f85e 	bl	20006254 <time_us_64>
20003198:	9b03      	ldr	r3, [sp, #12]
2000319a:	428b      	cmp	r3, r1
2000319c:	d902      	bls.n	200031a4 <uart_run_step+0x1a8>
2000319e:	f003 fb1f 	bl	200067e0 <watchdog_update>
200031a2:	e7f3      	b.n	2000318c <uart_run_step+0x190>
200031a4:	428b      	cmp	r3, r1
200031a6:	d102      	bne.n	200031ae <uart_run_step+0x1b2>
200031a8:	9b02      	ldr	r3, [sp, #8]
200031aa:	4283      	cmp	r3, r0
200031ac:	d8f7      	bhi.n	2000319e <uart_run_step+0x1a2>
200031ae:	2700      	movs	r7, #0
200031b0:	2300      	movs	r3, #0
200031b2:	4698      	mov	r8, r3
200031b4:	0023      	movs	r3, r4
200031b6:	4644      	mov	r4, r8
200031b8:	46a8      	mov	r8, r5
200031ba:	001d      	movs	r5, r3
200031bc:	e011      	b.n	200031e2 <uart_run_step+0x1e6>
200031be:	62e8      	str	r0, [r5, #44]	@ 0x2c
200031c0:	0030      	movs	r0, r6
200031c2:	3024      	adds	r0, #36	@ 0x24
200031c4:	f7fd f934 	bl	20000430 <spi_get_u32>
200031c8:	6328      	str	r0, [r5, #48]	@ 0x30
200031ca:	0030      	movs	r0, r6
200031cc:	302c      	adds	r0, #44	@ 0x2c
200031ce:	f7fd f92f 	bl	20000430 <spi_get_u32>
200031d2:	6368      	str	r0, [r5, #52]	@ 0x34
200031d4:	0030      	movs	r0, r6
200031d6:	3028      	adds	r0, #40	@ 0x28
200031d8:	f7fd f92a 	bl	20000430 <spi_get_u32>
200031dc:	6168      	str	r0, [r5, #20]
200031de:	9c06      	ldr	r4, [sp, #24]
200031e0:	3701      	adds	r7, #1
200031e2:	2f17      	cmp	r7, #23
200031e4:	dc0e      	bgt.n	20003204 <uart_run_step+0x208>
200031e6:	f003 fafb 	bl	200067e0 <watchdog_update>
200031ea:	f7fe f8ed 	bl	200013c8 <uart_read_stats>
200031ee:	1e06      	subs	r6, r0, #0
200031f0:	d0f6      	beq.n	200031e0 <uart_run_step+0x1e4>
200031f2:	3020      	adds	r0, #32
200031f4:	f7fd f91c 	bl	20000430 <spi_get_u32>
200031f8:	2c00      	cmp	r4, #0
200031fa:	d0e0      	beq.n	200031be <uart_run_step+0x1c2>
200031fc:	6aeb      	ldr	r3, [r5, #44]	@ 0x2c
200031fe:	4283      	cmp	r3, r0
20003200:	d8ee      	bhi.n	200031e0 <uart_run_step+0x1e4>
20003202:	e7dc      	b.n	200031be <uart_run_step+0x1c2>
20003204:	4645      	mov	r5, r8
20003206:	2200      	movs	r2, #0
20003208:	0029      	movs	r1, r5
2000320a:	2000      	movs	r0, #0
2000320c:	f7fe fac0 	bl	20001790 <uart_setup_peer>
20003210:	4c05      	ldr	r4, [pc, #20]	@ (20003228 <uart_run_step+0x22c>)
20003212:	4908      	ldr	r1, [pc, #32]	@ (20003234 <uart_run_step+0x238>)
20003214:	0020      	movs	r0, r4
20003216:	f003 f887 	bl	20006328 <uart_set_baudrate>
2000321a:	2100      	movs	r1, #0
2000321c:	0020      	movs	r0, r4
2000321e:	f003 f8c7 	bl	200063b0 <uart_set_fifo_enabled>
20003222:	e718      	b.n	20003056 <uart_run_step+0x5a>
20003224:	20016d4b 	.word	0x20016d4b
20003228:	40034000 	.word	0x40034000
2000322c:	20016cfc 	.word	0x20016cfc
20003230:	00004e20 	.word	0x00004e20
20003234:	00012480 	.word	0x00012480

20003238 <bench_uart_reclock>:
20003238:	b510      	push	{r4, lr}
2000323a:	4905      	ldr	r1, [pc, #20]	@ (20003250 <bench_uart_reclock+0x18>)
2000323c:	4805      	ldr	r0, [pc, #20]	@ (20003254 <bench_uart_reclock+0x1c>)
2000323e:	f003 f873 	bl	20006328 <uart_set_baudrate>
20003242:	21e1      	movs	r1, #225	@ 0xe1
20003244:	0309      	lsls	r1, r1, #12
20003246:	4804      	ldr	r0, [pc, #16]	@ (20003258 <bench_uart_reclock+0x20>)
20003248:	f003 f86e 	bl	20006328 <uart_set_baudrate>
2000324c:	bd10      	pop	{r4, pc}
2000324e:	46c0      	nop			@ (mov r8, r8)
20003250:	00012480 	.word	0x00012480
20003254:	40034000 	.word	0x40034000
20003258:	40038000 	.word	0x40038000

2000325c <bench_peri_to_sys>:
2000325c:	b510      	push	{r4, lr}
2000325e:	2005      	movs	r0, #5
20003260:	f003 f972 	bl	20006548 <clock_get_hz>
20003264:	0004      	movs	r4, r0
20003266:	f7fd f905 	bl	20000474 <bench_uart_drain>
2000326a:	0023      	movs	r3, r4
2000326c:	2200      	movs	r2, #0
2000326e:	2100      	movs	r1, #0
20003270:	2006      	movs	r0, #6
20003272:	f003 f95f 	bl	20006534 <clock_configure_undivided>
20003276:	f7ff ffdf 	bl	20003238 <bench_uart_reclock>
2000327a:	bd10      	pop	{r4, pc}

2000327c <bench_go_safe>:
2000327c:	b510      	push	{r4, lr}
2000327e:	f7ff ffed 	bl	2000325c <bench_peri_to_sys>
20003282:	4902      	ldr	r1, [pc, #8]	@ (2000328c <bench_go_safe+0x10>)
20003284:	4802      	ldr	r0, [pc, #8]	@ (20003290 <bench_go_safe+0x14>)
20003286:	f006 fb6f 	bl	20009968 <spi_set_baudrate>
2000328a:	bd10      	pop	{r4, pc}
2000328c:	004c4b40 	.word	0x004c4b40
20003290:	40040000 	.word	0x40040000

20003294 <bench_apply_rate>:
20003294:	b510      	push	{r4, lr}
20003296:	b082      	sub	sp, #8
20003298:	0004      	movs	r4, r0
2000329a:	7a43      	ldrb	r3, [r0, #9]
2000329c:	2b00      	cmp	r3, #0
2000329e:	d10b      	bne.n	200032b8 <bench_apply_rate+0x24>
200032a0:	f7fd f8e8 	bl	20000474 <bench_uart_drain>
200032a4:	7a22      	ldrb	r2, [r4, #8]
200032a6:	6863      	ldr	r3, [r4, #4]
200032a8:	2100      	movs	r1, #0
200032aa:	2006      	movs	r0, #6
200032ac:	f003 f942 	bl	20006534 <clock_configure_undivided>
200032b0:	f7ff ffc2 	bl	20003238 <bench_uart_reclock>
200032b4:	b002      	add	sp, #8
200032b6:	bd10      	pop	{r4, pc}
200032b8:	f7ff ffd0 	bl	2000325c <bench_peri_to_sys>
200032bc:	7a63      	ldrb	r3, [r4, #9]
200032be:	4a05      	ldr	r2, [pc, #20]	@ (200032d4 <bench_apply_rate+0x40>)
200032c0:	435a      	muls	r2, r3
200032c2:	7aa3      	ldrb	r3, [r4, #10]
200032c4:	7ae1      	ldrb	r1, [r4, #11]
200032c6:	9100      	str	r1, [sp, #0]
200032c8:	2101      	movs	r1, #1
200032ca:	4803      	ldr	r0, [pc, #12]	@ (200032d8 <bench_apply_rate+0x44>)
200032cc:	f003 f9e8 	bl	200066a0 <pll_init>
200032d0:	e7e6      	b.n	200032a0 <bench_apply_rate+0xc>
200032d2:	46c0      	nop			@ (mov r8, r8)
200032d4:	00b71b00 	.word	0x00b71b00
200032d8:	4002c000 	.word	0x4002c000

200032dc <bench_run_step>:
200032dc:	b5f0      	push	{r4, r5, r6, r7, lr}
200032de:	46d6      	mov	lr, sl
200032e0:	464f      	mov	r7, r9
200032e2:	4646      	mov	r6, r8
200032e4:	b5c0      	push	{r6, r7, lr}
200032e6:	b082      	sub	sp, #8
200032e8:	4682      	mov	sl, r0
200032ea:	000c      	movs	r4, r1
200032ec:	4691      	mov	r9, r2
200032ee:	001e      	movs	r6, r3
200032f0:	4b80      	ldr	r3, [pc, #512]	@ (200034f4 <bench_run_step+0x218>)
200032f2:	781b      	ldrb	r3, [r3, #0]
200032f4:	2b01      	cmp	r3, #1
200032f6:	d025      	beq.n	20003344 <bench_run_step+0x68>
200032f8:	2240      	movs	r2, #64	@ 0x40
200032fa:	2100      	movs	r1, #0
200032fc:	0030      	movs	r0, r6
200032fe:	f004 fc1f 	bl	20007b40 <__wrap_memset>
20003302:	6823      	ldr	r3, [r4, #0]
20003304:	6073      	str	r3, [r6, #4]
20003306:	6863      	ldr	r3, [r4, #4]
20003308:	6273      	str	r3, [r6, #36]	@ 0x24
2000330a:	7a62      	ldrb	r2, [r4, #9]
2000330c:	2338      	movs	r3, #56	@ 0x38
2000330e:	54f2      	strb	r2, [r6, r3]
20003310:	7aa2      	ldrb	r2, [r4, #10]
20003312:	3301      	adds	r3, #1
20003314:	54f2      	strb	r2, [r6, r3]
20003316:	7ae2      	ldrb	r2, [r4, #11]
20003318:	3301      	adds	r3, #1
2000331a:	54f2      	strb	r2, [r6, r3]
2000331c:	7a22      	ldrb	r2, [r4, #8]
2000331e:	3301      	adds	r3, #1
20003320:	54f2      	strb	r2, [r6, r3]
20003322:	3b3c      	subs	r3, #60	@ 0x3c
20003324:	8533      	strh	r3, [r6, #40]	@ 0x28
20003326:	0020      	movs	r0, r4
20003328:	f7ff ffb4 	bl	20003294 <bench_apply_rate>
2000332c:	6821      	ldr	r1, [r4, #0]
2000332e:	4872      	ldr	r0, [pc, #456]	@ (200034f8 <bench_run_step+0x21c>)
20003330:	f006 fb1a 	bl	20009968 <spi_set_baudrate>
20003334:	6030      	str	r0, [r6, #0]
20003336:	20ff      	movs	r0, #255	@ 0xff
20003338:	f7fd fd22 	bl	20000d80 <bench_build_pattern_frame>
2000333c:	2500      	movs	r5, #0
2000333e:	2300      	movs	r3, #0
20003340:	4698      	mov	r8, r3
20003342:	e00e      	b.n	20003362 <bench_run_step+0x86>
20003344:	6808      	ldr	r0, [r1, #0]
20003346:	0032      	movs	r2, r6
20003348:	4649      	mov	r1, r9
2000334a:	f7ff fe57 	bl	20002ffc <uart_run_step>
2000334e:	e0c8      	b.n	200034e2 <bench_run_step+0x206>
20003350:	2300      	movs	r3, #0
20003352:	4698      	mov	r8, r3
20003354:	e004      	b.n	20003360 <bench_run_step+0x84>
20003356:	2300      	movs	r3, #0
20003358:	4698      	mov	r8, r3
2000335a:	e001      	b.n	20003360 <bench_run_step+0x84>
2000335c:	2300      	movs	r3, #0
2000335e:	4698      	mov	r8, r3
20003360:	3501      	adds	r5, #1
20003362:	2d3f      	cmp	r5, #63	@ 0x3f
20003364:	dc22      	bgt.n	200033ac <bench_run_step+0xd0>
20003366:	4643      	mov	r3, r8
20003368:	2b07      	cmp	r3, #7
2000336a:	dc1f      	bgt.n	200033ac <bench_run_step+0xd0>
2000336c:	f003 fa38 	bl	200067e0 <watchdog_update>
20003370:	f7fd fda6 	bl	20000ec0 <bench_next_tx_frame>
20003374:	4c61      	ldr	r4, [pc, #388]	@ (200034fc <bench_run_step+0x220>)
20003376:	2780      	movs	r7, #128	@ 0x80
20003378:	007f      	lsls	r7, r7, #1
2000337a:	003a      	movs	r2, r7
2000337c:	2100      	movs	r1, #0
2000337e:	0020      	movs	r0, r4
20003380:	f004 fbde 	bl	20007b40 <__wrap_memset>
20003384:	485e      	ldr	r0, [pc, #376]	@ (20003500 <bench_run_step+0x224>)
20003386:	003a      	movs	r2, r7
20003388:	0021      	movs	r1, r4
2000338a:	f7fd fe95 	bl	200010b8 <my_spi_to_esp_xfer_blocking>
2000338e:	2800      	cmp	r0, #0
20003390:	dbde      	blt.n	20003350 <bench_run_step+0x74>
20003392:	485a      	ldr	r0, [pc, #360]	@ (200034fc <bench_run_step+0x220>)
20003394:	f7fd feb2 	bl	200010fc <spi_find_frame>
20003398:	2800      	cmp	r0, #0
2000339a:	d0dc      	beq.n	20003356 <bench_run_step+0x7a>
2000339c:	f7fd f8a2 	bl	200004e4 <bench_frame_is_ours>
200033a0:	2800      	cmp	r0, #0
200033a2:	d0db      	beq.n	2000335c <bench_run_step+0x80>
200033a4:	2301      	movs	r3, #1
200033a6:	469c      	mov	ip, r3
200033a8:	44e0      	add	r8, ip
200033aa:	e7d9      	b.n	20003360 <bench_run_step+0x84>
200033ac:	4650      	mov	r0, sl
200033ae:	f7fd fce7 	bl	20000d80 <bench_build_pattern_frame>
200033b2:	f002 ff4f 	bl	20006254 <time_us_64>
200033b6:	9000      	str	r0, [sp, #0]
200033b8:	9101      	str	r1, [sp, #4]
200033ba:	22fa      	movs	r2, #250	@ 0xfa
200033bc:	0092      	lsls	r2, r2, #2
200033be:	2300      	movs	r3, #0
200033c0:	4648      	mov	r0, r9
200033c2:	2100      	movs	r1, #0
200033c4:	f004 fa84 	bl	200078d0 <__wrap___aeabi_lmul>
200033c8:	9c00      	ldr	r4, [sp, #0]
200033ca:	9d01      	ldr	r5, [sp, #4]
200033cc:	1824      	adds	r4, r4, r0
200033ce:	414d      	adcs	r5, r1
200033d0:	e002      	b.n	200033d8 <bench_run_step+0xfc>
200033d2:	6973      	ldr	r3, [r6, #20]
200033d4:	3301      	adds	r3, #1
200033d6:	6173      	str	r3, [r6, #20]
200033d8:	f002 ff3c 	bl	20006254 <time_us_64>
200033dc:	428d      	cmp	r5, r1
200033de:	d96e      	bls.n	200034be <bench_run_step+0x1e2>
200033e0:	f003 f9fe 	bl	200067e0 <watchdog_update>
200033e4:	f7fd fd6c 	bl	20000ec0 <bench_next_tx_frame>
200033e8:	4f44      	ldr	r7, [pc, #272]	@ (200034fc <bench_run_step+0x220>)
200033ea:	2380      	movs	r3, #128	@ 0x80
200033ec:	005b      	lsls	r3, r3, #1
200033ee:	4698      	mov	r8, r3
200033f0:	001a      	movs	r2, r3
200033f2:	2100      	movs	r1, #0
200033f4:	0038      	movs	r0, r7
200033f6:	f004 fba3 	bl	20007b40 <__wrap_memset>
200033fa:	4841      	ldr	r0, [pc, #260]	@ (20003500 <bench_run_step+0x224>)
200033fc:	4642      	mov	r2, r8
200033fe:	0039      	movs	r1, r7
20003400:	f7fd fe5a 	bl	200010b8 <my_spi_to_esp_xfer_blocking>
20003404:	2800      	cmp	r0, #0
20003406:	dbe4      	blt.n	200033d2 <bench_run_step+0xf6>
20003408:	68b3      	ldr	r3, [r6, #8]
2000340a:	3301      	adds	r3, #1
2000340c:	60b3      	str	r3, [r6, #8]
2000340e:	483b      	ldr	r0, [pc, #236]	@ (200034fc <bench_run_step+0x220>)
20003410:	f7fd fe74 	bl	200010fc <spi_find_frame>
20003414:	1e07      	subs	r7, r0, #0
20003416:	d039      	beq.n	2000348c <bench_run_step+0x1b0>
20003418:	4b38      	ldr	r3, [pc, #224]	@ (200034fc <bench_run_step+0x220>)
2000341a:	1ac3      	subs	r3, r0, r3
2000341c:	b29b      	uxth	r3, r3
2000341e:	8d32      	ldrh	r2, [r6, #40]	@ 0x28
20003420:	429a      	cmp	r2, r3
20003422:	d900      	bls.n	20003426 <bench_run_step+0x14a>
20003424:	8533      	strh	r3, [r6, #40]	@ 0x28
20003426:	8d72      	ldrh	r2, [r6, #42]	@ 0x2a
20003428:	429a      	cmp	r2, r3
2000342a:	d200      	bcs.n	2000342e <bench_run_step+0x152>
2000342c:	8573      	strh	r3, [r6, #42]	@ 0x2a
2000342e:	0038      	movs	r0, r7
20003430:	f7fd f858 	bl	200004e4 <bench_frame_is_ours>
20003434:	2800      	cmp	r0, #0
20003436:	d02d      	beq.n	20003494 <bench_run_step+0x1b8>
20003438:	0038      	movs	r0, r7
2000343a:	3008      	adds	r0, #8
2000343c:	f7fc fff8 	bl	20000430 <spi_get_u32>
20003440:	4681      	mov	r9, r0
20003442:	0039      	movs	r1, r7
20003444:	3114      	adds	r1, #20
20003446:	2001      	movs	r0, #1
20003448:	22cc      	movs	r2, #204	@ 0xcc
2000344a:	4240      	negs	r0, r0
2000344c:	f7fc ffa4 	bl	20000398 <crc32_update>
20003450:	2210      	movs	r2, #16
20003452:	0039      	movs	r1, r7
20003454:	f7fc ffa0 	bl	20000398 <crc32_update>
20003458:	43c3      	mvns	r3, r0
2000345a:	4698      	mov	r8, r3
2000345c:	0038      	movs	r0, r7
2000345e:	3010      	adds	r0, #16
20003460:	f7fc ffe6 	bl	20000430 <spi_get_u32>
20003464:	4643      	mov	r3, r8
20003466:	1ac3      	subs	r3, r0, r3
20003468:	425a      	negs	r2, r3
2000346a:	4153      	adcs	r3, r2
2000346c:	b2db      	uxtb	r3, r3
2000346e:	4540      	cmp	r0, r8
20003470:	d01b      	beq.n	200034aa <bench_run_step+0x1ce>
20003472:	4a24      	ldr	r2, [pc, #144]	@ (20003504 <bench_run_step+0x228>)
20003474:	6812      	ldr	r2, [r2, #0]
20003476:	4649      	mov	r1, r9
20003478:	454a      	cmp	r2, r9
2000347a:	d201      	bcs.n	20003480 <bench_run_step+0x1a4>
2000347c:	4a21      	ldr	r2, [pc, #132]	@ (20003504 <bench_run_step+0x228>)
2000347e:	6011      	str	r1, [r2, #0]
20003480:	2b00      	cmp	r3, #0
20003482:	d018      	beq.n	200034b6 <bench_run_step+0x1da>
20003484:	68f3      	ldr	r3, [r6, #12]
20003486:	3301      	adds	r3, #1
20003488:	60f3      	str	r3, [r6, #12]
2000348a:	e7a5      	b.n	200033d8 <bench_run_step+0xfc>
2000348c:	6933      	ldr	r3, [r6, #16]
2000348e:	3301      	adds	r3, #1
20003490:	6133      	str	r3, [r6, #16]
20003492:	e7a1      	b.n	200033d8 <bench_run_step+0xfc>
20003494:	6a33      	ldr	r3, [r6, #32]
20003496:	3301      	adds	r3, #1
20003498:	6233      	str	r3, [r6, #32]
2000349a:	797b      	ldrb	r3, [r7, #5]
2000349c:	2b01      	cmp	r3, #1
2000349e:	d19b      	bne.n	200033d8 <bench_run_step+0xfc>
200034a0:	331f      	adds	r3, #31
200034a2:	5cfa      	ldrb	r2, [r7, r3]
200034a4:	4b18      	ldr	r3, [pc, #96]	@ (20003508 <bench_run_step+0x22c>)
200034a6:	701a      	strb	r2, [r3, #0]
200034a8:	e796      	b.n	200033d8 <bench_run_step+0xfc>
200034aa:	4a16      	ldr	r2, [pc, #88]	@ (20003504 <bench_run_step+0x228>)
200034ac:	6812      	ldr	r2, [r2, #0]
200034ae:	454a      	cmp	r2, r9
200034b0:	d3df      	bcc.n	20003472 <bench_run_step+0x196>
200034b2:	2300      	movs	r3, #0
200034b4:	e7dd      	b.n	20003472 <bench_run_step+0x196>
200034b6:	6933      	ldr	r3, [r6, #16]
200034b8:	3301      	adds	r3, #1
200034ba:	6133      	str	r3, [r6, #16]
200034bc:	e78c      	b.n	200033d8 <bench_run_step+0xfc>
200034be:	428d      	cmp	r5, r1
200034c0:	d101      	bne.n	200034c6 <bench_run_step+0x1ea>
200034c2:	4284      	cmp	r4, r0
200034c4:	d88c      	bhi.n	200033e0 <bench_run_step+0x104>
200034c6:	f002 fec5 	bl	20006254 <time_us_64>
200034ca:	9b00      	ldr	r3, [sp, #0]
200034cc:	9c01      	ldr	r4, [sp, #4]
200034ce:	1ac0      	subs	r0, r0, r3
200034d0:	41a1      	sbcs	r1, r4
200034d2:	61b0      	str	r0, [r6, #24]
200034d4:	61f1      	str	r1, [r6, #28]
200034d6:	8d32      	ldrh	r2, [r6, #40]	@ 0x28
200034d8:	4b0c      	ldr	r3, [pc, #48]	@ (2000350c <bench_run_step+0x230>)
200034da:	429a      	cmp	r2, r3
200034dc:	d007      	beq.n	200034ee <bench_run_step+0x212>
200034de:	f7ff fecd 	bl	2000327c <bench_go_safe>
200034e2:	b002      	add	sp, #8
200034e4:	bce0      	pop	{r5, r6, r7}
200034e6:	46ba      	mov	sl, r7
200034e8:	46b1      	mov	r9, r6
200034ea:	46a8      	mov	r8, r5
200034ec:	bdf0      	pop	{r4, r5, r6, r7, pc}
200034ee:	2300      	movs	r3, #0
200034f0:	8533      	strh	r3, [r6, #40]	@ 0x28
200034f2:	e7f4      	b.n	200034de <bench_run_step+0x202>
200034f4:	20016d48 	.word	0x20016d48
200034f8:	40040000 	.word	0x40040000
200034fc:	20016a14 	.word	0x20016a14
20003500:	20016b14 	.word	0x20016b14
20003504:	2000db18 	.word	0x2000db18
20003508:	20016d47 	.word	0x20016d47
2000350c:	0000ffff 	.word	0x0000ffff

20003510 <bench_measure>:
20003510:	b5f0      	push	{r4, r5, r6, r7, lr}
20003512:	46ce      	mov	lr, r9
20003514:	4647      	mov	r7, r8
20003516:	b580      	push	{r7, lr}
20003518:	b083      	sub	sp, #12
2000351a:	468c      	mov	ip, r1
2000351c:	4690      	mov	r8, r2
2000351e:	4699      	mov	r9, r3
20003520:	4b24      	ldr	r3, [pc, #144]	@ (200035b4 <bench_measure+0xa4>)
20003522:	781c      	ldrb	r4, [r3, #0]
20003524:	2c27      	cmp	r4, #39	@ 0x27
20003526:	d842      	bhi.n	200035ae <bench_measure+0x9e>
20003528:	001d      	movs	r5, r3
2000352a:	1c63      	adds	r3, r4, #1
2000352c:	702b      	strb	r3, [r5, #0]
2000352e:	4922      	ldr	r1, [pc, #136]	@ (200035b8 <bench_measure+0xa8>)
20003530:	0063      	lsls	r3, r4, #1
20003532:	191b      	adds	r3, r3, r4
20003534:	009b      	lsls	r3, r3, #2
20003536:	18c9      	adds	r1, r1, r3
20003538:	0003      	movs	r3, r0
2000353a:	cbc4      	ldmia	r3!, {r2, r6, r7}
2000353c:	c1c4      	stmia	r1!, {r2, r6, r7}
2000353e:	4b1f      	ldr	r3, [pc, #124]	@ (200035bc <bench_measure+0xac>)
20003540:	2200      	movs	r2, #0
20003542:	551a      	strb	r2, [r3, r4]
20003544:	9b0a      	ldr	r3, [sp, #40]	@ 0x28
20003546:	4662      	mov	r2, ip
20003548:	0001      	movs	r1, r0
2000354a:	0020      	movs	r0, r4
2000354c:	f7ff fec6 	bl	200032dc <bench_run_step>
20003550:	7829      	ldrb	r1, [r5, #0]
20003552:	980a      	ldr	r0, [sp, #40]	@ 0x28
20003554:	9000      	str	r0, [sp, #0]
20003556:	4643      	mov	r3, r8
20003558:	2200      	movs	r2, #0
2000355a:	0020      	movs	r0, r4
2000355c:	f7fe fb3e 	bl	20001bdc <bench_send_result>
20003560:	1e05      	subs	r5, r0, #0
20003562:	db13      	blt.n	2000358c <bench_measure+0x7c>
20003564:	2801      	cmp	r0, #1
20003566:	d019      	beq.n	2000359c <bench_measure+0x8c>
20003568:	2600      	movs	r6, #0
2000356a:	2301      	movs	r3, #1
2000356c:	4033      	ands	r3, r6
2000356e:	4a13      	ldr	r2, [pc, #76]	@ (200035bc <bench_measure+0xac>)
20003570:	5513      	strb	r3, [r2, r4]
20003572:	9300      	str	r3, [sp, #0]
20003574:	002b      	movs	r3, r5
20003576:	9a0a      	ldr	r2, [sp, #40]	@ 0x28
20003578:	0021      	movs	r1, r4
2000357a:	4648      	mov	r0, r9
2000357c:	f7fd f972 	bl	20000864 <bench_log_step>
20003580:	0030      	movs	r0, r6
20003582:	b003      	add	sp, #12
20003584:	bcc0      	pop	{r6, r7}
20003586:	46b9      	mov	r9, r7
20003588:	46b0      	mov	r8, r6
2000358a:	bdf0      	pop	{r4, r5, r6, r7, pc}
2000358c:	480c      	ldr	r0, [pc, #48]	@ (200035c0 <bench_measure+0xb0>)
2000358e:	0022      	movs	r2, r4
20003590:	4649      	mov	r1, r9
20003592:	f005 fdf1 	bl	20009178 <__wrap_printf>
20003596:	2601      	movs	r6, #1
20003598:	4276      	negs	r6, r6
2000359a:	e7f1      	b.n	20003580 <bench_measure+0x70>
2000359c:	980a      	ldr	r0, [sp, #40]	@ 0x28
2000359e:	f7fd f817 	bl	200005d0 <bench_rp_clean>
200035a2:	2800      	cmp	r0, #0
200035a4:	d001      	beq.n	200035aa <bench_measure+0x9a>
200035a6:	002e      	movs	r6, r5
200035a8:	e7df      	b.n	2000356a <bench_measure+0x5a>
200035aa:	2600      	movs	r6, #0
200035ac:	e7dd      	b.n	2000356a <bench_measure+0x5a>
200035ae:	2601      	movs	r6, #1
200035b0:	4276      	negs	r6, r6
200035b2:	e7e5      	b.n	20003580 <bench_measure+0x70>
200035b4:	20016d43 	.word	0x20016d43
200035b8:	2000d910 	.word	0x2000d910
200035bc:	2000daf0 	.word	0x2000daf0
200035c0:	2000b350 	.word	0x2000b350

200035c4 <bench_run_soak>:
200035c4:	b5f0      	push	{r4, r5, r6, r7, lr}
200035c6:	46de      	mov	lr, fp
200035c8:	4657      	mov	r7, sl
200035ca:	464e      	mov	r6, r9
200035cc:	4645      	mov	r5, r8
200035ce:	b5e0      	push	{r5, r6, r7, lr}
200035d0:	b097      	sub	sp, #92	@ 0x5c
200035d2:	4683      	mov	fp, r0
200035d4:	468a      	mov	sl, r1
200035d6:	0016      	movs	r6, r2
200035d8:	001d      	movs	r5, r3
200035da:	2240      	movs	r2, #64	@ 0x40
200035dc:	2100      	movs	r1, #0
200035de:	0018      	movs	r0, r3
200035e0:	f004 faae 	bl	20007b40 <__wrap_memset>
200035e4:	2301      	movs	r3, #1
200035e6:	425b      	negs	r3, r3
200035e8:	852b      	strh	r3, [r5, #40]	@ 0x28
200035ea:	4653      	mov	r3, sl
200035ec:	681b      	ldr	r3, [r3, #0]
200035ee:	602b      	str	r3, [r5, #0]
200035f0:	606b      	str	r3, [r5, #4]
200035f2:	4653      	mov	r3, sl
200035f4:	685b      	ldr	r3, [r3, #4]
200035f6:	626b      	str	r3, [r5, #36]	@ 0x24
200035f8:	4653      	mov	r3, sl
200035fa:	7a5a      	ldrb	r2, [r3, #9]
200035fc:	2338      	movs	r3, #56	@ 0x38
200035fe:	54ea      	strb	r2, [r5, r3]
20003600:	4653      	mov	r3, sl
20003602:	7a9a      	ldrb	r2, [r3, #10]
20003604:	2339      	movs	r3, #57	@ 0x39
20003606:	54ea      	strb	r2, [r5, r3]
20003608:	4653      	mov	r3, sl
2000360a:	7ada      	ldrb	r2, [r3, #11]
2000360c:	233a      	movs	r3, #58	@ 0x3a
2000360e:	54ea      	strb	r2, [r5, r3]
20003610:	4653      	mov	r3, sl
20003612:	7a1a      	ldrb	r2, [r3, #8]
20003614:	233b      	movs	r3, #59	@ 0x3b
20003616:	54ea      	strb	r2, [r5, r3]
20003618:	4b47      	ldr	r3, [pc, #284]	@ (20003738 <bench_run_soak+0x174>)
2000361a:	7819      	ldrb	r1, [r3, #0]
2000361c:	9500      	str	r5, [sp, #0]
2000361e:	2302      	movs	r3, #2
20003620:	220c      	movs	r2, #12
20003622:	4658      	mov	r0, fp
20003624:	f7fe fada 	bl	20001bdc <bench_send_result>
20003628:	2800      	cmp	r0, #0
2000362a:	db0a      	blt.n	20003642 <bench_run_soak+0x7e>
2000362c:	4653      	mov	r3, sl
2000362e:	6819      	ldr	r1, [r3, #0]
20003630:	4842      	ldr	r0, [pc, #264]	@ (2000373c <bench_run_soak+0x178>)
20003632:	0032      	movs	r2, r6
20003634:	f005 fda0 	bl	20009178 <__wrap_printf>
20003638:	2300      	movs	r3, #0
2000363a:	9305      	str	r3, [sp, #20]
2000363c:	4698      	mov	r8, r3
2000363e:	2400      	movs	r4, #0
20003640:	e026      	b.n	20003690 <bench_run_soak+0xcc>
20003642:	483f      	ldr	r0, [pc, #252]	@ (20003740 <bench_run_soak+0x17c>)
20003644:	f005 fd69 	bl	2000911a <__wrap_puts>
20003648:	2000      	movs	r0, #0
2000364a:	b017      	add	sp, #92	@ 0x5c
2000364c:	bcf0      	pop	{r4, r5, r6, r7}
2000364e:	46bb      	mov	fp, r7
20003650:	46b2      	mov	sl, r6
20003652:	46a9      	mov	r9, r5
20003654:	46a0      	mov	r8, r4
20003656:	bdf0      	pop	{r4, r5, r6, r7, pc}
20003658:	2204      	movs	r2, #4
2000365a:	e035      	b.n	200036c8 <bench_run_soak+0x104>
2000365c:	68ab      	ldr	r3, [r5, #8]
2000365e:	4699      	mov	r9, r3
20003660:	692a      	ldr	r2, [r5, #16]
20003662:	6a29      	ldr	r1, [r5, #32]
20003664:	6968      	ldr	r0, [r5, #20]
20003666:	8d6b      	ldrh	r3, [r5, #42]	@ 0x2a
20003668:	9303      	str	r3, [sp, #12]
2000366a:	9002      	str	r0, [sp, #8]
2000366c:	9101      	str	r1, [sp, #4]
2000366e:	9200      	str	r2, [sp, #0]
20003670:	464b      	mov	r3, r9
20003672:	0032      	movs	r2, r6
20003674:	0021      	movs	r1, r4
20003676:	4833      	ldr	r0, [pc, #204]	@ (20003744 <bench_run_soak+0x180>)
20003678:	f005 fd7e 	bl	20009178 <__wrap_printf>
2000367c:	42a6      	cmp	r6, r4
2000367e:	d932      	bls.n	200036e6 <bench_run_soak+0x122>
20003680:	2f00      	cmp	r7, #0
20003682:	db48      	blt.n	20003716 <bench_run_soak+0x152>
20003684:	2300      	movs	r3, #0
20003686:	9305      	str	r3, [sp, #20]
20003688:	f7fd f814 	bl	200006b4 <bench_esp_gone>
2000368c:	2800      	cmp	r0, #0
2000368e:	d14c      	bne.n	2000372a <bench_run_soak+0x166>
20003690:	42b4      	cmp	r4, r6
20003692:	d24f      	bcs.n	20003734 <bench_run_soak+0x170>
20003694:	1b37      	subs	r7, r6, r4
20003696:	23fa      	movs	r3, #250	@ 0xfa
20003698:	00db      	lsls	r3, r3, #3
2000369a:	429f      	cmp	r7, r3
2000369c:	d900      	bls.n	200036a0 <bench_run_soak+0xdc>
2000369e:	001f      	movs	r7, r3
200036a0:	ab06      	add	r3, sp, #24
200036a2:	4699      	mov	r9, r3
200036a4:	003a      	movs	r2, r7
200036a6:	4651      	mov	r1, sl
200036a8:	4658      	mov	r0, fp
200036aa:	f7ff fe17 	bl	200032dc <bench_run_step>
200036ae:	4649      	mov	r1, r9
200036b0:	0028      	movs	r0, r5
200036b2:	f7fc ffb6 	bl	20000622 <bench_stat_add>
200036b6:	19e4      	adds	r4, r4, r7
200036b8:	2301      	movs	r3, #1
200036ba:	469c      	mov	ip, r3
200036bc:	44e0      	add	r8, ip
200036be:	4b1e      	ldr	r3, [pc, #120]	@ (20003738 <bench_run_soak+0x174>)
200036c0:	7819      	ldrb	r1, [r3, #0]
200036c2:	42a6      	cmp	r6, r4
200036c4:	d8c8      	bhi.n	20003658 <bench_run_soak+0x94>
200036c6:	2200      	movs	r2, #0
200036c8:	9500      	str	r5, [sp, #0]
200036ca:	2302      	movs	r3, #2
200036cc:	4658      	mov	r0, fp
200036ce:	f7fe fa85 	bl	20001bdc <bench_send_result>
200036d2:	0007      	movs	r7, r0
200036d4:	210a      	movs	r1, #10
200036d6:	4640      	mov	r0, r8
200036d8:	f003 fa84 	bl	20006be4 <__wrap___aeabi_uidiv>
200036dc:	2900      	cmp	r1, #0
200036de:	d0bd      	beq.n	2000365c <bench_run_soak+0x98>
200036e0:	42a6      	cmp	r6, r4
200036e2:	d8cb      	bhi.n	2000367c <bench_run_soak+0xb8>
200036e4:	e7ba      	b.n	2000365c <bench_run_soak+0x98>
200036e6:	46b9      	mov	r9, r7
200036e8:	2f00      	cmp	r7, #0
200036ea:	db07      	blt.n	200036fc <bench_run_soak+0x138>
200036ec:	2f01      	cmp	r7, #1
200036ee:	d00a      	beq.n	20003706 <bench_run_soak+0x142>
200036f0:	2300      	movs	r3, #0
200036f2:	4699      	mov	r9, r3
200036f4:	2001      	movs	r0, #1
200036f6:	464b      	mov	r3, r9
200036f8:	4018      	ands	r0, r3
200036fa:	e7a6      	b.n	2000364a <bench_run_soak+0x86>
200036fc:	4812      	ldr	r0, [pc, #72]	@ (20003748 <bench_run_soak+0x184>)
200036fe:	f005 fd0c 	bl	2000911a <__wrap_puts>
20003702:	2000      	movs	r0, #0
20003704:	e7a1      	b.n	2000364a <bench_run_soak+0x86>
20003706:	0028      	movs	r0, r5
20003708:	f7fc ff62 	bl	200005d0 <bench_rp_clean>
2000370c:	2800      	cmp	r0, #0
2000370e:	d1f1      	bne.n	200036f4 <bench_run_soak+0x130>
20003710:	2300      	movs	r3, #0
20003712:	4699      	mov	r9, r3
20003714:	e7ee      	b.n	200036f4 <bench_run_soak+0x130>
20003716:	9b05      	ldr	r3, [sp, #20]
20003718:	3301      	adds	r3, #1
2000371a:	9305      	str	r3, [sp, #20]
2000371c:	2b02      	cmp	r3, #2
2000371e:	ddb3      	ble.n	20003688 <bench_run_soak+0xc4>
20003720:	480a      	ldr	r0, [pc, #40]	@ (2000374c <bench_run_soak+0x188>)
20003722:	f005 fcfa 	bl	2000911a <__wrap_puts>
20003726:	2000      	movs	r0, #0
20003728:	e78f      	b.n	2000364a <bench_run_soak+0x86>
2000372a:	4809      	ldr	r0, [pc, #36]	@ (20003750 <bench_run_soak+0x18c>)
2000372c:	f005 fcf5 	bl	2000911a <__wrap_puts>
20003730:	2000      	movs	r0, #0
20003732:	e78a      	b.n	2000364a <bench_run_soak+0x86>
20003734:	2000      	movs	r0, #0
20003736:	e788      	b.n	2000364a <bench_run_soak+0x86>
20003738:	20016d43 	.word	0x20016d43
2000373c:	2000b3c8 	.word	0x2000b3c8
20003740:	2000b38c 	.word	0x2000b38c
20003744:	2000b410 	.word	0x2000b410
20003748:	2000b470 	.word	0x2000b470
2000374c:	2000b4b0 	.word	0x2000b4b0
20003750:	2000b4f8 	.word	0x2000b4f8

20003754 <bench_restore_usb_pll>:
20003754:	b5f0      	push	{r4, r5, r6, r7, lr}
20003756:	b083      	sub	sp, #12
20003758:	4b0f      	ldr	r3, [pc, #60]	@ (20003798 <bench_restore_usb_pll+0x44>)
2000375a:	681c      	ldr	r4, [r3, #0]
2000375c:	2c00      	cmp	r4, #0
2000375e:	d00b      	beq.n	20003778 <bench_restore_usb_pll+0x24>
20003760:	4b0e      	ldr	r3, [pc, #56]	@ (2000379c <bench_restore_usb_pll+0x48>)
20003762:	681d      	ldr	r5, [r3, #0]
20003764:	2d0f      	cmp	r5, #15
20003766:	d907      	bls.n	20003778 <bench_restore_usb_pll+0x24>
20003768:	4b0d      	ldr	r3, [pc, #52]	@ (200037a0 <bench_restore_usb_pll+0x4c>)
2000376a:	681e      	ldr	r6, [r3, #0]
2000376c:	2e00      	cmp	r6, #0
2000376e:	d003      	beq.n	20003778 <bench_restore_usb_pll+0x24>
20003770:	4b0c      	ldr	r3, [pc, #48]	@ (200037a4 <bench_restore_usb_pll+0x50>)
20003772:	681f      	ldr	r7, [r3, #0]
20003774:	2f00      	cmp	r7, #0
20003776:	d101      	bne.n	2000377c <bench_restore_usb_pll+0x28>
20003778:	b003      	add	sp, #12
2000377a:	bdf0      	pop	{r4, r5, r6, r7, pc}
2000377c:	0021      	movs	r1, r4
2000377e:	480a      	ldr	r0, [pc, #40]	@ (200037a8 <bench_restore_usb_pll+0x54>)
20003780:	f003 fa30 	bl	20006be4 <__wrap___aeabi_uidiv>
20003784:	002a      	movs	r2, r5
20003786:	4342      	muls	r2, r0
20003788:	9700      	str	r7, [sp, #0]
2000378a:	0033      	movs	r3, r6
2000378c:	0021      	movs	r1, r4
2000378e:	4807      	ldr	r0, [pc, #28]	@ (200037ac <bench_restore_usb_pll+0x58>)
20003790:	f002 ff86 	bl	200066a0 <pll_init>
20003794:	e7f0      	b.n	20003778 <bench_restore_usb_pll+0x24>
20003796:	46c0      	nop			@ (mov r8, r8)
20003798:	2000db34 	.word	0x2000db34
2000379c:	2000db28 	.word	0x2000db28
200037a0:	2000db2c 	.word	0x2000db2c
200037a4:	2000db30 	.word	0x2000db30
200037a8:	00b71b00 	.word	0x00b71b00
200037ac:	4002c000 	.word	0x4002c000

200037b0 <set_sys_clock_khz>:
200037b0:	b570      	push	{r4, r5, r6, lr}
200037b2:	b084      	sub	sp, #16
200037b4:	0006      	movs	r6, r0
200037b6:	000c      	movs	r4, r1
200037b8:	ab01      	add	r3, sp, #4
200037ba:	aa02      	add	r2, sp, #8
200037bc:	a903      	add	r1, sp, #12
200037be:	f002 ff1d 	bl	200065fc <check_sys_clock_khz>
200037c2:	1e05      	subs	r5, r0, #0
200037c4:	d104      	bne.n	200037d0 <set_sys_clock_khz+0x20>
200037c6:	2c00      	cmp	r4, #0
200037c8:	d109      	bne.n	200037de <set_sys_clock_khz+0x2e>
200037ca:	0020      	movs	r0, r4
200037cc:	b004      	add	sp, #16
200037ce:	bd70      	pop	{r4, r5, r6, pc}
200037d0:	9a01      	ldr	r2, [sp, #4]
200037d2:	9902      	ldr	r1, [sp, #8]
200037d4:	9803      	ldr	r0, [sp, #12]
200037d6:	f002 fedd 	bl	20006594 <set_sys_clock_pll>
200037da:	002c      	movs	r4, r5
200037dc:	e7f5      	b.n	200037ca <set_sys_clock_khz+0x1a>
200037de:	4802      	ldr	r0, [pc, #8]	@ (200037e8 <set_sys_clock_khz+0x38>)
200037e0:	0031      	movs	r1, r6
200037e2:	f001 fcb1 	bl	20005148 <panic>
200037e6:	46c0      	nop			@ (mov r8, r8)
200037e8:	2000b538 	.word	0x2000b538

200037ec <ota_run_bench>:
200037ec:	b5f0      	push	{r4, r5, r6, r7, lr}
200037ee:	46de      	mov	lr, fp
200037f0:	4657      	mov	r7, sl
200037f2:	464e      	mov	r6, r9
200037f4:	4645      	mov	r5, r8
200037f6:	b5e0      	push	{r5, r6, r7, lr}
200037f8:	b0a5      	sub	sp, #148	@ 0x94
200037fa:	4bc3      	ldr	r3, [pc, #780]	@ (20003b08 <ota_run_bench+0x31c>)
200037fc:	681a      	ldr	r2, [r3, #0]
200037fe:	4692      	mov	sl, r2
20003800:	4bc2      	ldr	r3, [pc, #776]	@ (20003b0c <ota_run_bench+0x320>)
20003802:	781b      	ldrb	r3, [r3, #0]
20003804:	4698      	mov	r8, r3
20003806:	4bc2      	ldr	r3, [pc, #776]	@ (20003b10 <ota_run_bench+0x324>)
20003808:	681b      	ldr	r3, [r3, #0]
2000380a:	4699      	mov	r9, r3
2000380c:	4bc1      	ldr	r3, [pc, #772]	@ (20003b14 <ota_run_bench+0x328>)
2000380e:	781b      	ldrb	r3, [r3, #0]
20003810:	469b      	mov	fp, r3
20003812:	2a31      	cmp	r2, #49	@ 0x31
20003814:	d907      	bls.n	20003826 <ota_run_bench+0x3a>
20003816:	23fa      	movs	r3, #250	@ 0xfa
20003818:	00db      	lsls	r3, r3, #3
2000381a:	429a      	cmp	r2, r3
2000381c:	d905      	bls.n	2000382a <ota_run_bench+0x3e>
2000381e:	23fa      	movs	r3, #250	@ 0xfa
20003820:	00db      	lsls	r3, r3, #3
20003822:	469a      	mov	sl, r3
20003824:	e001      	b.n	2000382a <ota_run_bench+0x3e>
20003826:	2332      	movs	r3, #50	@ 0x32
20003828:	469a      	mov	sl, r3
2000382a:	4643      	mov	r3, r8
2000382c:	3b01      	subs	r3, #1
2000382e:	2b27      	cmp	r3, #39	@ 0x27
20003830:	d901      	bls.n	20003836 <ota_run_bench+0x4a>
20003832:	2328      	movs	r3, #40	@ 0x28
20003834:	4698      	mov	r8, r3
20003836:	4649      	mov	r1, r9
20003838:	1e4b      	subs	r3, r1, #1
2000383a:	4ab7      	ldr	r2, [pc, #732]	@ (20003b18 <ota_run_bench+0x32c>)
2000383c:	4293      	cmp	r3, r2
2000383e:	d905      	bls.n	2000384c <ota_run_bench+0x60>
20003840:	4bb6      	ldr	r3, [pc, #728]	@ (20003b1c <ota_run_bench+0x330>)
20003842:	4299      	cmp	r1, r3
20003844:	d904      	bls.n	20003850 <ota_run_bench+0x64>
20003846:	4bb5      	ldr	r3, [pc, #724]	@ (20003b1c <ota_run_bench+0x330>)
20003848:	4699      	mov	r9, r3
2000384a:	e001      	b.n	20003850 <ota_run_bench+0x64>
2000384c:	2300      	movs	r3, #0
2000384e:	4699      	mov	r9, r3
20003850:	465b      	mov	r3, fp
20003852:	2b08      	cmp	r3, #8
20003854:	d901      	bls.n	2000385a <ota_run_bench+0x6e>
20003856:	2308      	movs	r3, #8
20003858:	469b      	mov	fp, r3
2000385a:	4bb1      	ldr	r3, [pc, #708]	@ (20003b20 <ota_run_bench+0x334>)
2000385c:	881b      	ldrh	r3, [r3, #0]
2000385e:	015c      	lsls	r4, r3, #5
20003860:	1ae4      	subs	r4, r4, r3
20003862:	00a4      	lsls	r4, r4, #2
20003864:	18e4      	adds	r4, r4, r3
20003866:	00e4      	lsls	r4, r4, #3
20003868:	4bae      	ldr	r3, [pc, #696]	@ (20003b24 <ota_run_bench+0x338>)
2000386a:	881b      	ldrh	r3, [r3, #0]
2000386c:	015d      	lsls	r5, r3, #5
2000386e:	1aed      	subs	r5, r5, r3
20003870:	00ad      	lsls	r5, r5, #2
20003872:	18ed      	adds	r5, r5, r3
20003874:	00ed      	lsls	r5, r5, #3
20003876:	4bac      	ldr	r3, [pc, #688]	@ (20003b28 <ota_run_bench+0x33c>)
20003878:	781e      	ldrb	r6, [r3, #0]
2000387a:	f7fc fe09 	bl	20000490 <bench_peri_auxsrc>
2000387e:	4bab      	ldr	r3, [pc, #684]	@ (20003b2c <ota_run_bench+0x340>)
20003880:	6018      	str	r0, [r3, #0]
20003882:	2006      	movs	r0, #6
20003884:	f002 fe60 	bl	20006548 <clock_get_hz>
20003888:	4ba9      	ldr	r3, [pc, #676]	@ (20003b30 <ota_run_bench+0x344>)
2000388a:	6018      	str	r0, [r3, #0]
2000388c:	2005      	movs	r0, #5
2000388e:	f002 fe5b 	bl	20006548 <clock_get_hz>
20003892:	4ba8      	ldr	r3, [pc, #672]	@ (20003b34 <ota_run_bench+0x348>)
20003894:	6018      	str	r0, [r3, #0]
20003896:	4ba8      	ldr	r3, [pc, #672]	@ (20003b38 <ota_run_bench+0x34c>)
20003898:	2700      	movs	r7, #0
2000389a:	701f      	strb	r7, [r3, #0]
2000389c:	f7fc fe00 	bl	200004a0 <bench_save_usb_pll>
200038a0:	f7fd fad0 	bl	20000e44 <bench_build_variants>
200038a4:	4ba5      	ldr	r3, [pc, #660]	@ (20003b3c <ota_run_bench+0x350>)
200038a6:	601f      	str	r7, [r3, #0]
200038a8:	4ba5      	ldr	r3, [pc, #660]	@ (20003b40 <ota_run_bench+0x354>)
200038aa:	601f      	str	r7, [r3, #0]
200038ac:	4ba5      	ldr	r3, [pc, #660]	@ (20003b44 <ota_run_bench+0x358>)
200038ae:	8818      	ldrh	r0, [r3, #0]
200038b0:	2800      	cmp	r0, #0
200038b2:	d101      	bne.n	200038b8 <ota_run_bench+0xcc>
200038b4:	4b9b      	ldr	r3, [pc, #620]	@ (20003b24 <ota_run_bench+0x338>)
200038b6:	8818      	ldrh	r0, [r3, #0]
200038b8:	4ba3      	ldr	r3, [pc, #652]	@ (20003b48 <ota_run_bench+0x35c>)
200038ba:	781b      	ldrb	r3, [r3, #0]
200038bc:	2b00      	cmp	r3, #0
200038be:	d00f      	beq.n	200038e0 <ota_run_bench+0xf4>
200038c0:	22fa      	movs	r2, #250	@ 0xfa
200038c2:	00d2      	lsls	r2, r2, #3
200038c4:	2300      	movs	r3, #0
200038c6:	2100      	movs	r1, #0
200038c8:	f004 f802 	bl	200078d0 <__wrap___aeabi_lmul>
200038cc:	4b98      	ldr	r3, [pc, #608]	@ (20003b30 <ota_run_bench+0x344>)
200038ce:	681a      	ldr	r2, [r3, #0]
200038d0:	2300      	movs	r3, #0
200038d2:	2900      	cmp	r1, #0
200038d4:	d10f      	bne.n	200038f6 <ota_run_bench+0x10a>
200038d6:	4299      	cmp	r1, r3
200038d8:	d101      	bne.n	200038de <ota_run_bench+0xf2>
200038da:	4290      	cmp	r0, r2
200038dc:	d80b      	bhi.n	200038f6 <ota_run_bench+0x10a>
200038de:	2300      	movs	r3, #0
200038e0:	930a      	str	r3, [sp, #40]	@ 0x28
200038e2:	2e01      	cmp	r6, #1
200038e4:	d036      	beq.n	20003954 <ota_run_bench+0x168>
200038e6:	2b00      	cmp	r3, #0
200038e8:	d036      	beq.n	20003958 <ota_run_bench+0x16c>
200038ea:	4b92      	ldr	r3, [pc, #584]	@ (20003b34 <ota_run_bench+0x348>)
200038ec:	681b      	ldr	r3, [r3, #0]
200038ee:	2b00      	cmp	r3, #0
200038f0:	d103      	bne.n	200038fa <ota_run_bench+0x10e>
200038f2:	930a      	str	r3, [sp, #40]	@ 0x28
200038f4:	e030      	b.n	20003958 <ota_run_bench+0x16c>
200038f6:	2301      	movs	r3, #1
200038f8:	e7f2      	b.n	200038e0 <ota_run_bench+0xf4>
200038fa:	f7fc fdbb 	bl	20000474 <bench_uart_drain>
200038fe:	200f      	movs	r0, #15
20003900:	f002 ff60 	bl	200067c4 <vreg_set_voltage>
20003904:	2003      	movs	r0, #3
20003906:	f002 fba1 	bl	2000604c <sleep_ms>
2000390a:	4b8a      	ldr	r3, [pc, #552]	@ (20003b34 <ota_run_bench+0x348>)
2000390c:	6818      	ldr	r0, [r3, #0]
2000390e:	21fa      	movs	r1, #250	@ 0xfa
20003910:	0089      	lsls	r1, r1, #2
20003912:	f003 f967 	bl	20006be4 <__wrap___aeabi_uidiv>
20003916:	0040      	lsls	r0, r0, #1
20003918:	2100      	movs	r1, #0
2000391a:	f7ff ff49 	bl	200037b0 <set_sys_clock_khz>
2000391e:	0007      	movs	r7, r0
20003920:	900a      	str	r0, [sp, #40]	@ 0x28
20003922:	f7ff fc89 	bl	20003238 <bench_uart_reclock>
20003926:	2f00      	cmp	r7, #0
20003928:	d00d      	beq.n	20003946 <ota_run_bench+0x15a>
2000392a:	4f88      	ldr	r7, [pc, #544]	@ (20003b4c <ota_run_bench+0x360>)
2000392c:	2005      	movs	r0, #5
2000392e:	f002 fe0b 	bl	20006548 <clock_get_hz>
20003932:	0002      	movs	r2, r0
20003934:	9b0a      	ldr	r3, [sp, #40]	@ 0x28
20003936:	2b00      	cmp	r3, #0
20003938:	d00a      	beq.n	20003950 <ota_run_bench+0x164>
2000393a:	4b85      	ldr	r3, [pc, #532]	@ (20003b50 <ota_run_bench+0x364>)
2000393c:	4885      	ldr	r0, [pc, #532]	@ (20003b54 <ota_run_bench+0x368>)
2000393e:	0039      	movs	r1, r7
20003940:	f005 fc1a 	bl	20009178 <__wrap_printf>
20003944:	e008      	b.n	20003958 <ota_run_bench+0x16c>
20003946:	200b      	movs	r0, #11
20003948:	f002 ff3c 	bl	200067c4 <vreg_set_voltage>
2000394c:	4f82      	ldr	r7, [pc, #520]	@ (20003b58 <ota_run_bench+0x36c>)
2000394e:	e7ed      	b.n	2000392c <ota_run_bench+0x140>
20003950:	4b82      	ldr	r3, [pc, #520]	@ (20003b5c <ota_run_bench+0x370>)
20003952:	e7f3      	b.n	2000393c <ota_run_bench+0x150>
20003954:	2300      	movs	r3, #0
20003956:	930a      	str	r3, [sp, #40]	@ 0x28
20003958:	f7ff fc90 	bl	2000327c <bench_go_safe>
2000395c:	220c      	movs	r2, #12
2000395e:	2100      	movs	r1, #0
20003960:	a80e      	add	r0, sp, #56	@ 0x38
20003962:	f004 f8ed 	bl	20007b40 <__wrap_memset>
20003966:	2e01      	cmp	r6, #1
20003968:	d03a      	beq.n	200039e0 <ota_run_bench+0x1f4>
2000396a:	4b7d      	ldr	r3, [pc, #500]	@ (20003b60 <ota_run_bench+0x374>)
2000396c:	9309      	str	r3, [sp, #36]	@ 0x24
2000396e:	4b7d      	ldr	r3, [pc, #500]	@ (20003b64 <ota_run_bench+0x378>)
20003970:	781b      	ldrb	r3, [r3, #0]
20003972:	930b      	str	r3, [sp, #44]	@ 0x2c
20003974:	4b6a      	ldr	r3, [pc, #424]	@ (20003b20 <ota_run_bench+0x334>)
20003976:	881f      	ldrh	r7, [r3, #0]
20003978:	4b6a      	ldr	r3, [pc, #424]	@ (20003b24 <ota_run_bench+0x338>)
2000397a:	8819      	ldrh	r1, [r3, #0]
2000397c:	910c      	str	r1, [sp, #48]	@ 0x30
2000397e:	2005      	movs	r0, #5
20003980:	f002 fde2 	bl	20006548 <clock_get_hz>
20003984:	0003      	movs	r3, r0
20003986:	4878      	ldr	r0, [pc, #480]	@ (20003b68 <ota_run_bench+0x37c>)
20003988:	4a69      	ldr	r2, [pc, #420]	@ (20003b30 <ota_run_bench+0x344>)
2000398a:	6812      	ldr	r2, [r2, #0]
2000398c:	9206      	str	r2, [sp, #24]
2000398e:	9305      	str	r3, [sp, #20]
20003990:	465b      	mov	r3, fp
20003992:	9304      	str	r3, [sp, #16]
20003994:	464b      	mov	r3, r9
20003996:	9303      	str	r3, [sp, #12]
20003998:	990c      	ldr	r1, [sp, #48]	@ 0x30
2000399a:	9102      	str	r1, [sp, #8]
2000399c:	9701      	str	r7, [sp, #4]
2000399e:	4651      	mov	r1, sl
200039a0:	9100      	str	r1, [sp, #0]
200039a2:	4643      	mov	r3, r8
200039a4:	9a0b      	ldr	r2, [sp, #44]	@ 0x2c
200039a6:	9909      	ldr	r1, [sp, #36]	@ 0x24
200039a8:	f005 fbe6 	bl	20009178 <__wrap_printf>
200039ac:	2e01      	cmp	r6, #1
200039ae:	d000      	beq.n	200039b2 <ota_run_bench+0x1c6>
200039b0:	e07e      	b.n	20003ab0 <ota_run_bench+0x2c4>
200039b2:	4b6e      	ldr	r3, [pc, #440]	@ (20003b6c <ota_run_bench+0x380>)
200039b4:	681c      	ldr	r4, [r3, #0]
200039b6:	2c00      	cmp	r4, #0
200039b8:	d101      	bne.n	200039be <ota_run_bench+0x1d2>
200039ba:	2496      	movs	r4, #150	@ 0x96
200039bc:	01a4      	lsls	r4, r4, #6
200039be:	4b6c      	ldr	r3, [pc, #432]	@ (20003b70 <ota_run_bench+0x384>)
200039c0:	681d      	ldr	r5, [r3, #0]
200039c2:	2d00      	cmp	r5, #0
200039c4:	d100      	bne.n	200039c8 <ota_run_bench+0x1dc>
200039c6:	4d6b      	ldr	r5, [pc, #428]	@ (20003b74 <ota_run_bench+0x388>)
200039c8:	2396      	movs	r3, #150	@ 0x96
200039ca:	019b      	lsls	r3, r3, #6
200039cc:	429c      	cmp	r4, r3
200039ce:	d200      	bcs.n	200039d2 <ota_run_bench+0x1e6>
200039d0:	001c      	movs	r4, r3
200039d2:	4b68      	ldr	r3, [pc, #416]	@ (20003b74 <ota_run_bench+0x388>)
200039d4:	429d      	cmp	r5, r3
200039d6:	d900      	bls.n	200039da <ota_run_bench+0x1ee>
200039d8:	001d      	movs	r5, r3
200039da:	2300      	movs	r3, #0
200039dc:	2700      	movs	r7, #0
200039de:	e003      	b.n	200039e8 <ota_run_bench+0x1fc>
200039e0:	4b65      	ldr	r3, [pc, #404]	@ (20003b78 <ota_run_bench+0x38c>)
200039e2:	9309      	str	r3, [sp, #36]	@ 0x24
200039e4:	e7c3      	b.n	2000396e <ota_run_bench+0x182>
200039e6:	3301      	adds	r3, #1
200039e8:	2b0c      	cmp	r3, #12
200039ea:	d808      	bhi.n	200039fe <ota_run_bench+0x212>
200039ec:	4a63      	ldr	r2, [pc, #396]	@ (20003b7c <ota_run_bench+0x390>)
200039ee:	0099      	lsls	r1, r3, #2
200039f0:	588a      	ldr	r2, [r1, r2]
200039f2:	42a2      	cmp	r2, r4
200039f4:	d3f7      	bcc.n	200039e6 <ota_run_bench+0x1fa>
200039f6:	42aa      	cmp	r2, r5
200039f8:	d8f5      	bhi.n	200039e6 <ota_run_bench+0x1fa>
200039fa:	3701      	adds	r7, #1
200039fc:	e7f3      	b.n	200039e6 <ota_run_bench+0x1fa>
200039fe:	2f00      	cmp	r7, #0
20003a00:	d100      	bne.n	20003a04 <ota_run_bench+0x218>
20003a02:	3701      	adds	r7, #1
20003a04:	4643      	mov	r3, r8
20003a06:	42bb      	cmp	r3, r7
20003a08:	d800      	bhi.n	20003a0c <ota_run_bench+0x220>
20003a0a:	001f      	movs	r7, r3
20003a0c:	2200      	movs	r2, #0
20003a0e:	2100      	movs	r1, #0
20003a10:	2000      	movs	r0, #0
20003a12:	f7fd febd 	bl	20001790 <uart_setup_peer>
20003a16:	900b      	str	r0, [sp, #44]	@ 0x2c
20003a18:	2c00      	cmp	r4, #0
20003a1a:	d004      	beq.n	20003a26 <ota_run_bench+0x23a>
20003a1c:	42ac      	cmp	r4, r5
20003a1e:	d802      	bhi.n	20003a26 <ota_run_bench+0x23a>
20003a20:	9b0b      	ldr	r3, [sp, #44]	@ 0x2c
20003a22:	2b00      	cmp	r3, #0
20003a24:	d14b      	bne.n	20003abe <ota_run_bench+0x2d2>
20003a26:	2240      	movs	r2, #64	@ 0x40
20003a28:	2100      	movs	r1, #0
20003a2a:	a814      	add	r0, sp, #80	@ 0x50
20003a2c:	f004 f888 	bl	20007b40 <__wrap_memset>
20003a30:	42ac      	cmp	r4, r5
20003a32:	d942      	bls.n	20003aba <ota_run_bench+0x2ce>
20003a34:	4a52      	ldr	r2, [pc, #328]	@ (20003b80 <ota_run_bench+0x394>)
20003a36:	4853      	ldr	r0, [pc, #332]	@ (20003b84 <ota_run_bench+0x398>)
20003a38:	9909      	ldr	r1, [sp, #36]	@ 0x24
20003a3a:	f005 fb9d 	bl	20009178 <__wrap_printf>
20003a3e:	ab14      	add	r3, sp, #80	@ 0x50
20003a40:	9300      	str	r3, [sp, #0]
20003a42:	2300      	movs	r3, #0
20003a44:	2203      	movs	r2, #3
20003a46:	2100      	movs	r1, #0
20003a48:	20ff      	movs	r0, #255	@ 0xff
20003a4a:	f7fe f8c7 	bl	20001bdc <bench_send_result>
20003a4e:	f7ff fc05 	bl	2000325c <bench_peri_to_sys>
20003a52:	f7ff fe7f 	bl	20003754 <bench_restore_usb_pll>
20003a56:	9b0a      	ldr	r3, [sp, #40]	@ 0x28
20003a58:	2b00      	cmp	r3, #0
20003a5a:	d000      	beq.n	20003a5e <ota_run_bench+0x272>
20003a5c:	e245      	b.n	20003eea <ota_run_bench+0x6fe>
20003a5e:	f7fc fd09 	bl	20000474 <bench_uart_drain>
20003a62:	4b33      	ldr	r3, [pc, #204]	@ (20003b30 <ota_run_bench+0x344>)
20003a64:	681b      	ldr	r3, [r3, #0]
20003a66:	4a31      	ldr	r2, [pc, #196]	@ (20003b2c <ota_run_bench+0x340>)
20003a68:	6812      	ldr	r2, [r2, #0]
20003a6a:	2100      	movs	r1, #0
20003a6c:	2006      	movs	r0, #6
20003a6e:	f002 fd61 	bl	20006534 <clock_configure_undivided>
20003a72:	f7ff fbe1 	bl	20003238 <bench_uart_reclock>
20003a76:	4944      	ldr	r1, [pc, #272]	@ (20003b88 <ota_run_bench+0x39c>)
20003a78:	4844      	ldr	r0, [pc, #272]	@ (20003b8c <ota_run_bench+0x3a0>)
20003a7a:	f005 ff75 	bl	20009968 <spi_set_baudrate>
20003a7e:	0006      	movs	r6, r0
20003a80:	4b43      	ldr	r3, [pc, #268]	@ (20003b90 <ota_run_bench+0x3a4>)
20003a82:	2200      	movs	r2, #0
20003a84:	701a      	strb	r2, [r3, #0]
20003a86:	2005      	movs	r0, #5
20003a88:	f002 fd5e 	bl	20006548 <clock_get_hz>
20003a8c:	0005      	movs	r5, r0
20003a8e:	2006      	movs	r0, #6
20003a90:	f002 fd5a 	bl	20006548 <clock_get_hz>
20003a94:	0002      	movs	r2, r0
20003a96:	4c3f      	ldr	r4, [pc, #252]	@ (20003b94 <ota_run_bench+0x3a8>)
20003a98:	0033      	movs	r3, r6
20003a9a:	0029      	movs	r1, r5
20003a9c:	0020      	movs	r0, r4
20003a9e:	f005 fb6b 	bl	20009178 <__wrap_printf>
20003aa2:	b025      	add	sp, #148	@ 0x94
20003aa4:	bcf0      	pop	{r4, r5, r6, r7}
20003aa6:	46bb      	mov	fp, r7
20003aa8:	46b2      	mov	sl, r6
20003aaa:	46a9      	mov	r9, r5
20003aac:	46a0      	mov	r8, r4
20003aae:	bdf0      	pop	{r4, r5, r6, r7, pc}
20003ab0:	f7fd fede 	bl	20001870 <bench_warmup>
20003ab4:	900b      	str	r0, [sp, #44]	@ 0x2c
20003ab6:	4647      	mov	r7, r8
20003ab8:	e7ae      	b.n	20003a18 <ota_run_bench+0x22c>
20003aba:	4a37      	ldr	r2, [pc, #220]	@ (20003b98 <ota_run_bench+0x3ac>)
20003abc:	e7bb      	b.n	20003a36 <ota_run_bench+0x24a>
20003abe:	2e01      	cmp	r6, #1
20003ac0:	d003      	beq.n	20003aca <ota_run_bench+0x2de>
20003ac2:	4b20      	ldr	r3, [pc, #128]	@ (20003b44 <ota_run_bench+0x358>)
20003ac4:	881b      	ldrh	r3, [r3, #0]
20003ac6:	2b00      	cmp	r3, #0
20003ac8:	d106      	bne.n	20003ad8 <ota_run_bench+0x2ec>
20003aca:	2300      	movs	r3, #0
20003acc:	2200      	movs	r2, #0
20003ace:	920d      	str	r2, [sp, #52]	@ 0x34
20003ad0:	46b0      	mov	r8, r6
20003ad2:	002e      	movs	r6, r5
20003ad4:	001d      	movs	r5, r3
20003ad6:	e084      	b.n	20003be2 <ota_run_bench+0x3f6>
20003ad8:	0158      	lsls	r0, r3, #5
20003ada:	1ac0      	subs	r0, r0, r3
20003adc:	0080      	lsls	r0, r0, #2
20003ade:	18c0      	adds	r0, r0, r3
20003ae0:	00c0      	lsls	r0, r0, #3
20003ae2:	a911      	add	r1, sp, #68	@ 0x44
20003ae4:	f7fd ffd0 	bl	20001a88 <bench_resolve_rate>
20003ae8:	4680      	mov	r8, r0
20003aea:	2800      	cmp	r0, #0
20003aec:	d0ed      	beq.n	20003aca <ota_run_bench+0x2de>
20003aee:	9911      	ldr	r1, [sp, #68]	@ 0x44
20003af0:	42a1      	cmp	r1, r4
20003af2:	d3ea      	bcc.n	20003aca <ota_run_bench+0x2de>
20003af4:	aa0e      	add	r2, sp, #56	@ 0x38
20003af6:	ab11      	add	r3, sp, #68	@ 0x44
20003af8:	cba1      	ldmia	r3!, {r0, r5, r7}
20003afa:	c2a1      	stmia	r2!, {r0, r5, r7}
20003afc:	4827      	ldr	r0, [pc, #156]	@ (20003b9c <ota_run_bench+0x3b0>)
20003afe:	f005 fb3b 	bl	20009178 <__wrap_printf>
20003b02:	2300      	movs	r3, #0
20003b04:	930b      	str	r3, [sp, #44]	@ 0x2c
20003b06:	e0ad      	b.n	20003c64 <ota_run_bench+0x478>
20003b08:	2000f234 	.word	0x2000f234
20003b0c:	20016d49 	.word	0x20016d49
20003b10:	2000f238 	.word	0x2000f238
20003b14:	20016d4c 	.word	0x20016d4c
20003b18:	000007ce 	.word	0x000007ce
20003b1c:	00a4cb80 	.word	0x00a4cb80
20003b20:	20016d3e 	.word	0x20016d3e
20003b24:	20016d3c 	.word	0x20016d3c
20003b28:	20016d48 	.word	0x20016d48
20003b2c:	2000db1c 	.word	0x2000db1c
20003b30:	2000db20 	.word	0x2000db20
20003b34:	2000db24 	.word	0x2000db24
20003b38:	20016d43 	.word	0x20016d43
20003b3c:	2000db38 	.word	0x2000db38
20003b40:	2000db18 	.word	0x2000db18
20003b44:	20016d40 	.word	0x20016d40
20003b48:	20016d4a 	.word	0x20016d4a
20003b4c:	2000b56c 	.word	0x2000b56c
20003b50:	2000b59c 	.word	0x2000b59c
20003b54:	2000b628 	.word	0x2000b628
20003b58:	2000b584 	.word	0x2000b584
20003b5c:	2000b5a4 	.word	0x2000b5a4
20003b60:	2000b5b4 	.word	0x2000b5b4
20003b64:	20016d4b 	.word	0x20016d4b
20003b68:	2000b65c 	.word	0x2000b65c
20003b6c:	2000f278 	.word	0x2000f278
20003b70:	2000f274 	.word	0x2000f274
20003b74:	002dc6c0 	.word	0x002dc6c0
20003b78:	2000b5ac 	.word	0x2000b5ac
20003b7c:	2000cb44 	.word	0x2000cb44
20003b80:	2000b5b8 	.word	0x2000b5b8
20003b84:	2000b6f0 	.word	0x2000b6f0
20003b88:	004c4b40 	.word	0x004c4b40
20003b8c:	40040000 	.word	0x40040000
20003b90:	20016d46 	.word	0x20016d46
20003b94:	2000b808 	.word	0x2000b808
20003b98:	2000b5d8 	.word	0x2000b5d8
20003b9c:	2000b708 	.word	0x2000b708
20003ba0:	3301      	adds	r3, #1
20003ba2:	2b0c      	cmp	r3, #12
20003ba4:	d811      	bhi.n	20003bca <ota_run_bench+0x3de>
20003ba6:	4a9e      	ldr	r2, [pc, #632]	@ (20003e20 <ota_run_bench+0x634>)
20003ba8:	0099      	lsls	r1, r3, #2
20003baa:	5888      	ldr	r0, [r1, r2]
20003bac:	42a8      	cmp	r0, r5
20003bae:	d3f7      	bcc.n	20003ba0 <ota_run_bench+0x3b4>
20003bb0:	42b0      	cmp	r0, r6
20003bb2:	d8f5      	bhi.n	20003ba0 <ota_run_bench+0x3b4>
20003bb4:	42a7      	cmp	r7, r4
20003bb6:	d047      	beq.n	20003c48 <ota_run_bench+0x45c>
20003bb8:	3401      	adds	r4, #1
20003bba:	e7f1      	b.n	20003ba0 <ota_run_bench+0x3b4>
20003bbc:	2300      	movs	r3, #0
20003bbe:	2200      	movs	r2, #0
20003bc0:	46bc      	mov	ip, r7
20003bc2:	002f      	movs	r7, r5
20003bc4:	0025      	movs	r5, r4
20003bc6:	0014      	movs	r4, r2
20003bc8:	e7eb      	b.n	20003ba2 <ota_run_bench+0x3b6>
20003bca:	002c      	movs	r4, r5
20003bcc:	003d      	movs	r5, r7
20003bce:	4667      	mov	r7, ip
20003bd0:	2000      	movs	r0, #0
20003bd2:	2800      	cmp	r0, #0
20003bd4:	d004      	beq.n	20003be0 <ota_run_bench+0x3f4>
20003bd6:	a911      	add	r1, sp, #68	@ 0x44
20003bd8:	f7fd f882 	bl	20000ce0 <uart_resolve_rate>
20003bdc:	2800      	cmp	r0, #0
20003bde:	d11b      	bne.n	20003c18 <ota_run_bench+0x42c>
20003be0:	3501      	adds	r5, #1
20003be2:	42af      	cmp	r7, r5
20003be4:	d947      	bls.n	20003c76 <ota_run_bench+0x48a>
20003be6:	4b8f      	ldr	r3, [pc, #572]	@ (20003e24 <ota_run_bench+0x638>)
20003be8:	781b      	ldrb	r3, [r3, #0]
20003bea:	2b27      	cmp	r3, #39	@ 0x27
20003bec:	d832      	bhi.n	20003c54 <ota_run_bench+0x468>
20003bee:	4643      	mov	r3, r8
20003bf0:	2b01      	cmp	r3, #1
20003bf2:	d0e3      	beq.n	20003bbc <ota_run_bench+0x3d0>
20003bf4:	1b32      	subs	r2, r6, r4
20003bf6:	2f01      	cmp	r7, #1
20003bf8:	d02a      	beq.n	20003c50 <ota_run_bench+0x464>
20003bfa:	2300      	movs	r3, #0
20003bfc:	0028      	movs	r0, r5
20003bfe:	2100      	movs	r1, #0
20003c00:	f003 fe66 	bl	200078d0 <__wrap___aeabi_lmul>
20003c04:	1e7a      	subs	r2, r7, #1
20003c06:	2300      	movs	r3, #0
20003c08:	f003 f82a 	bl	20006c60 <__wrap___aeabi_uldivmod>
20003c0c:	1820      	adds	r0, r4, r0
20003c0e:	a911      	add	r1, sp, #68	@ 0x44
20003c10:	f7fd ff3a 	bl	20001a88 <bench_resolve_rate>
20003c14:	2800      	cmp	r0, #0
20003c16:	d0e3      	beq.n	20003be0 <ota_run_bench+0x3f4>
20003c18:	9b11      	ldr	r3, [sp, #68]	@ 0x44
20003c1a:	42a3      	cmp	r3, r4
20003c1c:	d3e0      	bcc.n	20003be0 <ota_run_bench+0x3f4>
20003c1e:	930c      	str	r3, [sp, #48]	@ 0x30
20003c20:	9a0d      	ldr	r2, [sp, #52]	@ 0x34
20003c22:	4293      	cmp	r3, r2
20003c24:	d9dc      	bls.n	20003be0 <ota_run_bench+0x3f4>
20003c26:	4b80      	ldr	r3, [pc, #512]	@ (20003e28 <ota_run_bench+0x63c>)
20003c28:	aa14      	add	r2, sp, #80	@ 0x50
20003c2a:	9200      	str	r2, [sp, #0]
20003c2c:	2200      	movs	r2, #0
20003c2e:	4651      	mov	r1, sl
20003c30:	a811      	add	r0, sp, #68	@ 0x44
20003c32:	f7ff fc6d 	bl	20003510 <bench_measure>
20003c36:	2800      	cmp	r0, #0
20003c38:	db11      	blt.n	20003c5e <ota_run_bench+0x472>
20003c3a:	f7fc fd3b 	bl	200006b4 <bench_esp_gone>
20003c3e:	2800      	cmp	r0, #0
20003c40:	d114      	bne.n	20003c6c <ota_run_bench+0x480>
20003c42:	9b0c      	ldr	r3, [sp, #48]	@ 0x30
20003c44:	930d      	str	r3, [sp, #52]	@ 0x34
20003c46:	e7cb      	b.n	20003be0 <ota_run_bench+0x3f4>
20003c48:	002c      	movs	r4, r5
20003c4a:	003d      	movs	r5, r7
20003c4c:	4667      	mov	r7, ip
20003c4e:	e7c0      	b.n	20003bd2 <ota_run_bench+0x3e6>
20003c50:	0030      	movs	r0, r6
20003c52:	e7dc      	b.n	20003c0e <ota_run_bench+0x422>
20003c54:	4646      	mov	r6, r8
20003c56:	2300      	movs	r3, #0
20003c58:	930b      	str	r3, [sp, #44]	@ 0x2c
20003c5a:	4698      	mov	r8, r3
20003c5c:	e002      	b.n	20003c64 <ota_run_bench+0x478>
20003c5e:	4646      	mov	r6, r8
20003c60:	2300      	movs	r3, #0
20003c62:	4698      	mov	r8, r3
20003c64:	2300      	movs	r3, #0
20003c66:	46a4      	mov	ip, r4
20003c68:	4640      	mov	r0, r8
20003c6a:	e014      	b.n	20003c96 <ota_run_bench+0x4aa>
20003c6c:	4646      	mov	r6, r8
20003c6e:	900b      	str	r0, [sp, #44]	@ 0x2c
20003c70:	2300      	movs	r3, #0
20003c72:	4698      	mov	r8, r3
20003c74:	e7f6      	b.n	20003c64 <ota_run_bench+0x478>
20003c76:	4646      	mov	r6, r8
20003c78:	2300      	movs	r3, #0
20003c7a:	930b      	str	r3, [sp, #44]	@ 0x2c
20003c7c:	4698      	mov	r8, r3
20003c7e:	e7f1      	b.n	20003c64 <ota_run_bench+0x478>
20003c80:	ad0e      	add	r5, sp, #56	@ 0x38
20003c82:	4a6a      	ldr	r2, [pc, #424]	@ (20003e2c <ota_run_bench+0x640>)
20003c84:	0078      	lsls	r0, r7, #1
20003c86:	19c0      	adds	r0, r0, r7
20003c88:	0080      	lsls	r0, r0, #2
20003c8a:	1812      	adds	r2, r2, r0
20003c8c:	ca91      	ldmia	r2!, {r0, r4, r7}
20003c8e:	c591      	stmia	r5!, {r0, r4, r7}
20003c90:	0008      	movs	r0, r1
20003c92:	3301      	adds	r3, #1
20003c94:	b2db      	uxtb	r3, r3
20003c96:	4a63      	ldr	r2, [pc, #396]	@ (20003e24 <ota_run_bench+0x638>)
20003c98:	7812      	ldrb	r2, [r2, #0]
20003c9a:	429a      	cmp	r2, r3
20003c9c:	d90f      	bls.n	20003cbe <ota_run_bench+0x4d2>
20003c9e:	001f      	movs	r7, r3
20003ca0:	4a63      	ldr	r2, [pc, #396]	@ (20003e30 <ota_run_bench+0x644>)
20003ca2:	5cd1      	ldrb	r1, [r2, r3]
20003ca4:	2900      	cmp	r1, #0
20003ca6:	d0f4      	beq.n	20003c92 <ota_run_bench+0x4a6>
20003ca8:	2800      	cmp	r0, #0
20003caa:	d0e9      	beq.n	20003c80 <ota_run_bench+0x494>
20003cac:	4d5f      	ldr	r5, [pc, #380]	@ (20003e2c <ota_run_bench+0x640>)
20003cae:	005a      	lsls	r2, r3, #1
20003cb0:	18d2      	adds	r2, r2, r3
20003cb2:	0092      	lsls	r2, r2, #2
20003cb4:	5955      	ldr	r5, [r2, r5]
20003cb6:	9a0e      	ldr	r2, [sp, #56]	@ 0x38
20003cb8:	4295      	cmp	r5, r2
20003cba:	d9ea      	bls.n	20003c92 <ota_run_bench+0x4a6>
20003cbc:	e7e0      	b.n	20003c80 <ota_run_bench+0x494>
20003cbe:	4664      	mov	r4, ip
20003cc0:	4680      	mov	r8, r0
20003cc2:	2300      	movs	r3, #0
20003cc4:	2500      	movs	r5, #0
20003cc6:	e002      	b.n	20003cce <ota_run_bench+0x4e2>
20003cc8:	000d      	movs	r5, r1
20003cca:	3301      	adds	r3, #1
20003ccc:	b2db      	uxtb	r3, r3
20003cce:	429a      	cmp	r2, r3
20003cd0:	d913      	bls.n	20003cfa <ota_run_bench+0x50e>
20003cd2:	4957      	ldr	r1, [pc, #348]	@ (20003e30 <ota_run_bench+0x644>)
20003cd4:	5cc9      	ldrb	r1, [r1, r3]
20003cd6:	2900      	cmp	r1, #0
20003cd8:	d1f7      	bne.n	20003cca <ota_run_bench+0x4de>
20003cda:	2800      	cmp	r0, #0
20003cdc:	d0f5      	beq.n	20003cca <ota_run_bench+0x4de>
20003cde:	4f53      	ldr	r7, [pc, #332]	@ (20003e2c <ota_run_bench+0x640>)
20003ce0:	0059      	lsls	r1, r3, #1
20003ce2:	18c9      	adds	r1, r1, r3
20003ce4:	0089      	lsls	r1, r1, #2
20003ce6:	59c9      	ldr	r1, [r1, r7]
20003ce8:	9f0e      	ldr	r7, [sp, #56]	@ 0x38
20003cea:	42b9      	cmp	r1, r7
20003cec:	d9ed      	bls.n	20003cca <ota_run_bench+0x4de>
20003cee:	2d00      	cmp	r5, #0
20003cf0:	d0ea      	beq.n	20003cc8 <ota_run_bench+0x4dc>
20003cf2:	42a9      	cmp	r1, r5
20003cf4:	d2e9      	bcs.n	20003cca <ota_run_bench+0x4de>
20003cf6:	000d      	movs	r5, r1
20003cf8:	e7e7      	b.n	20003cca <ota_run_bench+0x4de>
20003cfa:	4643      	mov	r3, r8
20003cfc:	2b00      	cmp	r3, #0
20003cfe:	d042      	beq.n	20003d86 <ota_run_bench+0x59a>
20003d00:	9a0e      	ldr	r2, [sp, #56]	@ 0x38
20003d02:	2d00      	cmp	r5, #0
20003d04:	d008      	beq.n	20003d18 <ota_run_bench+0x52c>
20003d06:	4b4b      	ldr	r3, [pc, #300]	@ (20003e34 <ota_run_bench+0x648>)
20003d08:	484b      	ldr	r0, [pc, #300]	@ (20003e38 <ota_run_bench+0x64c>)
20003d0a:	9909      	ldr	r1, [sp, #36]	@ 0x24
20003d0c:	f005 fa34 	bl	20009178 <__wrap_printf>
20003d10:	002b      	movs	r3, r5
20003d12:	0025      	movs	r5, r4
20003d14:	001c      	movs	r4, r3
20003d16:	e009      	b.n	20003d2c <ota_run_bench+0x540>
20003d18:	4b48      	ldr	r3, [pc, #288]	@ (20003e3c <ota_run_bench+0x650>)
20003d1a:	e7f5      	b.n	20003d08 <ota_run_bench+0x51c>
20003d1c:	aa0e      	add	r2, sp, #56	@ 0x38
20003d1e:	ab11      	add	r3, sp, #68	@ 0x44
20003d20:	cb83      	ldmia	r3!, {r0, r1, r7}
20003d22:	c283      	stmia	r2!, {r0, r1, r7}
20003d24:	f7fc fcc6 	bl	200006b4 <bench_esp_gone>
20003d28:	2800      	cmp	r0, #0
20003d2a:	d135      	bne.n	20003d98 <ota_run_bench+0x5ac>
20003d2c:	2e01      	cmp	r6, #1
20003d2e:	d03c      	beq.n	20003daa <ota_run_bench+0x5be>
20003d30:	9b0b      	ldr	r3, [sp, #44]	@ 0x2c
20003d32:	2b00      	cmp	r3, #0
20003d34:	d158      	bne.n	20003de8 <ota_run_bench+0x5fc>
20003d36:	4643      	mov	r3, r8
20003d38:	2b00      	cmp	r3, #0
20003d3a:	d057      	beq.n	20003dec <ota_run_bench+0x600>
20003d3c:	9b0e      	ldr	r3, [sp, #56]	@ 0x38
20003d3e:	4a40      	ldr	r2, [pc, #256]	@ (20003e40 <ota_run_bench+0x654>)
20003d40:	189a      	adds	r2, r3, r2
20003d42:	42a2      	cmp	r2, r4
20003d44:	d254      	bcs.n	20003df0 <ota_run_bench+0x604>
20003d46:	4a37      	ldr	r2, [pc, #220]	@ (20003e24 <ota_run_bench+0x638>)
20003d48:	7812      	ldrb	r2, [r2, #0]
20003d4a:	2a27      	cmp	r2, #39	@ 0x27
20003d4c:	d81f      	bhi.n	20003d8e <ota_run_bench+0x5a2>
20003d4e:	1ae0      	subs	r0, r4, r3
20003d50:	0840      	lsrs	r0, r0, #1
20003d52:	18c0      	adds	r0, r0, r3
20003d54:	a911      	add	r1, sp, #68	@ 0x44
20003d56:	f7fd fe97 	bl	20001a88 <bench_resolve_rate>
20003d5a:	1e07      	subs	r7, r0, #0
20003d5c:	d01f      	beq.n	20003d9e <ota_run_bench+0x5b2>
20003d5e:	9b11      	ldr	r3, [sp, #68]	@ 0x44
20003d60:	9a0e      	ldr	r2, [sp, #56]	@ 0x38
20003d62:	4293      	cmp	r3, r2
20003d64:	d91d      	bls.n	20003da2 <ota_run_bench+0x5b6>
20003d66:	42a3      	cmp	r3, r4
20003d68:	d21d      	bcs.n	20003da6 <ota_run_bench+0x5ba>
20003d6a:	4b36      	ldr	r3, [pc, #216]	@ (20003e44 <ota_run_bench+0x658>)
20003d6c:	aa14      	add	r2, sp, #80	@ 0x50
20003d6e:	9200      	str	r2, [sp, #0]
20003d70:	2201      	movs	r2, #1
20003d72:	4651      	mov	r1, sl
20003d74:	a811      	add	r0, sp, #68	@ 0x44
20003d76:	f7ff fbcb 	bl	20003510 <bench_measure>
20003d7a:	2800      	cmp	r0, #0
20003d7c:	db09      	blt.n	20003d92 <ota_run_bench+0x5a6>
20003d7e:	2801      	cmp	r0, #1
20003d80:	d0cc      	beq.n	20003d1c <ota_run_bench+0x530>
20003d82:	9c11      	ldr	r4, [sp, #68]	@ 0x44
20003d84:	e7ce      	b.n	20003d24 <ota_run_bench+0x538>
20003d86:	002b      	movs	r3, r5
20003d88:	0025      	movs	r5, r4
20003d8a:	001c      	movs	r4, r3
20003d8c:	e7ce      	b.n	20003d2c <ota_run_bench+0x540>
20003d8e:	002c      	movs	r4, r5
20003d90:	e00c      	b.n	20003dac <ota_run_bench+0x5c0>
20003d92:	002c      	movs	r4, r5
20003d94:	970b      	str	r7, [sp, #44]	@ 0x2c
20003d96:	e009      	b.n	20003dac <ota_run_bench+0x5c0>
20003d98:	002c      	movs	r4, r5
20003d9a:	900b      	str	r0, [sp, #44]	@ 0x2c
20003d9c:	e006      	b.n	20003dac <ota_run_bench+0x5c0>
20003d9e:	002c      	movs	r4, r5
20003da0:	e004      	b.n	20003dac <ota_run_bench+0x5c0>
20003da2:	002c      	movs	r4, r5
20003da4:	e002      	b.n	20003dac <ota_run_bench+0x5c0>
20003da6:	002c      	movs	r4, r5
20003da8:	e000      	b.n	20003dac <ota_run_bench+0x5c0>
20003daa:	002c      	movs	r4, r5
20003dac:	9b0b      	ldr	r3, [sp, #44]	@ 0x2c
20003dae:	2b00      	cmp	r3, #0
20003db0:	d106      	bne.n	20003dc0 <ota_run_bench+0x5d4>
20003db2:	4643      	mov	r3, r8
20003db4:	2b00      	cmp	r3, #0
20003db6:	d003      	beq.n	20003dc0 <ota_run_bench+0x5d4>
20003db8:	464b      	mov	r3, r9
20003dba:	2b00      	cmp	r3, #0
20003dbc:	d000      	beq.n	20003dc0 <ota_run_bench+0x5d4>
20003dbe:	e08b      	b.n	20003ed8 <ota_run_bench+0x6ec>
20003dc0:	9b0b      	ldr	r3, [sp, #44]	@ 0x2c
20003dc2:	2b00      	cmp	r3, #0
20003dc4:	d000      	beq.n	20003dc8 <ota_run_bench+0x5dc>
20003dc6:	e08e      	b.n	20003ee6 <ota_run_bench+0x6fa>
20003dc8:	2501      	movs	r5, #1
20003dca:	ac14      	add	r4, sp, #80	@ 0x50
20003dcc:	2240      	movs	r2, #64	@ 0x40
20003dce:	2100      	movs	r1, #0
20003dd0:	0020      	movs	r0, r4
20003dd2:	f003 feb5 	bl	20007b40 <__wrap_memset>
20003dd6:	4b13      	ldr	r3, [pc, #76]	@ (20003e24 <ota_run_bench+0x638>)
20003dd8:	7819      	ldrb	r1, [r3, #0]
20003dda:	9400      	str	r4, [sp, #0]
20003ddc:	2302      	movs	r3, #2
20003dde:	002a      	movs	r2, r5
20003de0:	20ff      	movs	r0, #255	@ 0xff
20003de2:	f7fd fefb 	bl	20001bdc <bench_send_result>
20003de6:	e632      	b.n	20003a4e <ota_run_bench+0x262>
20003de8:	002c      	movs	r4, r5
20003dea:	e7df      	b.n	20003dac <ota_run_bench+0x5c0>
20003dec:	002c      	movs	r4, r5
20003dee:	e7dd      	b.n	20003dac <ota_run_bench+0x5c0>
20003df0:	002c      	movs	r4, r5
20003df2:	e7db      	b.n	20003dac <ota_run_bench+0x5c0>
20003df4:	990e      	ldr	r1, [sp, #56]	@ 0x38
20003df6:	ac14      	add	r4, sp, #80	@ 0x50
20003df8:	9b16      	ldr	r3, [sp, #88]	@ 0x58
20003dfa:	4813      	ldr	r0, [pc, #76]	@ (20003e48 <ota_run_bench+0x65c>)
20003dfc:	464a      	mov	r2, r9
20003dfe:	f005 f9bb 	bl	20009178 <__wrap_printf>
20003e02:	2240      	movs	r2, #64	@ 0x40
20003e04:	2100      	movs	r1, #0
20003e06:	0020      	movs	r0, r4
20003e08:	f003 fe9a 	bl	20007b40 <__wrap_memset>
20003e0c:	4b05      	ldr	r3, [pc, #20]	@ (20003e24 <ota_run_bench+0x638>)
20003e0e:	7819      	ldrb	r1, [r3, #0]
20003e10:	9400      	str	r4, [sp, #0]
20003e12:	2302      	movs	r3, #2
20003e14:	2201      	movs	r2, #1
20003e16:	20ff      	movs	r0, #255	@ 0xff
20003e18:	f7fd fee0 	bl	20001bdc <bench_send_result>
20003e1c:	e617      	b.n	20003a4e <ota_run_bench+0x262>
20003e1e:	46c0      	nop			@ (mov r8, r8)
20003e20:	2000cb44 	.word	0x2000cb44
20003e24:	20016d43 	.word	0x20016d43
20003e28:	2000b744 	.word	0x2000b744
20003e2c:	2000d910 	.word	0x2000d910
20003e30:	2000daf0 	.word	0x2000daf0
20003e34:	2000b5f0 	.word	0x2000b5f0
20003e38:	2000b74c 	.word	0x2000b74c
20003e3c:	2000b60c 	.word	0x2000b60c
20003e40:	000f4240 	.word	0x000f4240
20003e44:	2000b774 	.word	0x2000b774
20003e48:	2000b77c 	.word	0x2000b77c
20003e4c:	3801      	subs	r0, #1
20003e4e:	a911      	add	r1, sp, #68	@ 0x44
20003e50:	f7fc ff46 	bl	20000ce0 <uart_resolve_rate>
20003e54:	2800      	cmp	r0, #0
20003e56:	d0b3      	beq.n	20003dc0 <ota_run_bench+0x5d4>
20003e58:	9b11      	ldr	r3, [sp, #68]	@ 0x44
20003e5a:	9a0e      	ldr	r2, [sp, #56]	@ 0x38
20003e5c:	4293      	cmp	r3, r2
20003e5e:	d2af      	bcs.n	20003dc0 <ota_run_bench+0x5d4>
20003e60:	4553      	cmp	r3, sl
20003e62:	d3ad      	bcc.n	20003dc0 <ota_run_bench+0x5d4>
20003e64:	aa0e      	add	r2, sp, #56	@ 0x38
20003e66:	ab11      	add	r3, sp, #68	@ 0x44
20003e68:	cb13      	ldmia	r3!, {r0, r1, r4}
20003e6a:	c213      	stmia	r2!, {r0, r1, r4}
20003e6c:	3501      	adds	r5, #1
20003e6e:	45a8      	cmp	r8, r5
20003e70:	d3a6      	bcc.n	20003dc0 <ota_run_bench+0x5d4>
20003e72:	4b26      	ldr	r3, [pc, #152]	@ (20003f0c <ota_run_bench+0x720>)
20003e74:	7818      	ldrb	r0, [r3, #0]
20003e76:	2827      	cmp	r0, #39	@ 0x27
20003e78:	d8a2      	bhi.n	20003dc0 <ota_run_bench+0x5d4>
20003e7a:	4b25      	ldr	r3, [pc, #148]	@ (20003f10 <ota_run_bench+0x724>)
20003e7c:	0042      	lsls	r2, r0, #1
20003e7e:	1812      	adds	r2, r2, r0
20003e80:	0092      	lsls	r2, r2, #2
20003e82:	a90e      	add	r1, sp, #56	@ 0x38
20003e84:	189b      	adds	r3, r3, r2
20003e86:	000a      	movs	r2, r1
20003e88:	cad0      	ldmia	r2!, {r4, r6, r7}
20003e8a:	c3d0      	stmia	r3!, {r4, r6, r7}
20003e8c:	4b1f      	ldr	r3, [pc, #124]	@ (20003f0c <ota_run_bench+0x720>)
20003e8e:	1c42      	adds	r2, r0, #1
20003e90:	701a      	strb	r2, [r3, #0]
20003e92:	ab14      	add	r3, sp, #80	@ 0x50
20003e94:	464a      	mov	r2, r9
20003e96:	f7ff fb95 	bl	200035c4 <bench_run_soak>
20003e9a:	2800      	cmp	r0, #0
20003e9c:	d1aa      	bne.n	20003df4 <ota_run_bench+0x608>
20003e9e:	f7fc fc09 	bl	200006b4 <bench_esp_gone>
20003ea2:	2800      	cmp	r0, #0
20003ea4:	d11d      	bne.n	20003ee2 <ota_run_bench+0x6f6>
20003ea6:	990e      	ldr	r1, [sp, #56]	@ 0x38
20003ea8:	481a      	ldr	r0, [pc, #104]	@ (20003f14 <ota_run_bench+0x728>)
20003eaa:	f005 f965 	bl	20009178 <__wrap_printf>
20003eae:	45a8      	cmp	r8, r5
20003eb0:	d086      	beq.n	20003dc0 <ota_run_bench+0x5d4>
20003eb2:	980e      	ldr	r0, [sp, #56]	@ 0x38
20003eb4:	4550      	cmp	r0, sl
20003eb6:	d983      	bls.n	20003dc0 <ota_run_bench+0x5d4>
20003eb8:	9b09      	ldr	r3, [sp, #36]	@ 0x24
20003eba:	2b01      	cmp	r3, #1
20003ebc:	d0c6      	beq.n	20003e4c <ota_run_bench+0x660>
20003ebe:	4b16      	ldr	r3, [pc, #88]	@ (20003f18 <ota_run_bench+0x72c>)
20003ec0:	4298      	cmp	r0, r3
20003ec2:	d800      	bhi.n	20003ec6 <ota_run_bench+0x6da>
20003ec4:	e77c      	b.n	20003dc0 <ota_run_bench+0x5d4>
20003ec6:	4b15      	ldr	r3, [pc, #84]	@ (20003f1c <ota_run_bench+0x730>)
20003ec8:	469c      	mov	ip, r3
20003eca:	4460      	add	r0, ip
20003ecc:	a911      	add	r1, sp, #68	@ 0x44
20003ece:	f7fd fddb 	bl	20001a88 <bench_resolve_rate>
20003ed2:	2800      	cmp	r0, #0
20003ed4:	d1c0      	bne.n	20003e58 <ota_run_bench+0x66c>
20003ed6:	e773      	b.n	20003dc0 <ota_run_bench+0x5d4>
20003ed8:	2500      	movs	r5, #0
20003eda:	9609      	str	r6, [sp, #36]	@ 0x24
20003edc:	46d8      	mov	r8, fp
20003ede:	46a2      	mov	sl, r4
20003ee0:	e7c5      	b.n	20003e6e <ota_run_bench+0x682>
20003ee2:	900b      	str	r0, [sp, #44]	@ 0x2c
20003ee4:	e76c      	b.n	20003dc0 <ota_run_bench+0x5d4>
20003ee6:	2503      	movs	r5, #3
20003ee8:	e76f      	b.n	20003dca <ota_run_bench+0x5de>
20003eea:	f7fc fac3 	bl	20000474 <bench_uart_drain>
20003eee:	4b0c      	ldr	r3, [pc, #48]	@ (20003f20 <ota_run_bench+0x734>)
20003ef0:	6818      	ldr	r0, [r3, #0]
20003ef2:	21fa      	movs	r1, #250	@ 0xfa
20003ef4:	0089      	lsls	r1, r1, #2
20003ef6:	f002 fe75 	bl	20006be4 <__wrap___aeabi_uidiv>
20003efa:	2100      	movs	r1, #0
20003efc:	f7ff fc58 	bl	200037b0 <set_sys_clock_khz>
20003f00:	f7ff f99a 	bl	20003238 <bench_uart_reclock>
20003f04:	200b      	movs	r0, #11
20003f06:	f002 fc5d 	bl	200067c4 <vreg_set_voltage>
20003f0a:	e5a8      	b.n	20003a5e <ota_run_bench+0x272>
20003f0c:	20016d43 	.word	0x20016d43
20003f10:	2000d910 	.word	0x2000d910
20003f14:	2000b7c0 	.word	0x2000b7c0
20003f18:	000f4240 	.word	0x000f4240
20003f1c:	fff0bdc0 	.word	0xfff0bdc0
20003f20:	2000db24 	.word	0x2000db24

20003f24 <poll_esp_if_due>:
20003f24:	b5f0      	push	{r4, r5, r6, r7, lr}
20003f26:	46de      	mov	lr, fp
20003f28:	4657      	mov	r7, sl
20003f2a:	464e      	mov	r6, r9
20003f2c:	4645      	mov	r5, r8
20003f2e:	b5e0      	push	{r5, r6, r7, lr}
20003f30:	b097      	sub	sp, #92	@ 0x5c
20003f32:	f002 f98f 	bl	20006254 <time_us_64>
20003f36:	0006      	movs	r6, r0
20003f38:	000f      	movs	r7, r1
20003f3a:	4ac2      	ldr	r2, [pc, #776]	@ (20004244 <poll_esp_if_due+0x320>)
20003f3c:	6813      	ldr	r3, [r2, #0]
20003f3e:	3301      	adds	r3, #1
20003f40:	6013      	str	r3, [r2, #0]
20003f42:	4bc1      	ldr	r3, [pc, #772]	@ (20004248 <poll_esp_if_due+0x324>)
20003f44:	681a      	ldr	r2, [r3, #0]
20003f46:	685b      	ldr	r3, [r3, #4]
20003f48:	428b      	cmp	r3, r1
20003f4a:	d906      	bls.n	20003f5a <poll_esp_if_due+0x36>
20003f4c:	b017      	add	sp, #92	@ 0x5c
20003f4e:	bcf0      	pop	{r4, r5, r6, r7}
20003f50:	46bb      	mov	fp, r7
20003f52:	46b2      	mov	sl, r6
20003f54:	46a9      	mov	r9, r5
20003f56:	46a0      	mov	r8, r4
20003f58:	bdf0      	pop	{r4, r5, r6, r7, pc}
20003f5a:	428b      	cmp	r3, r1
20003f5c:	d101      	bne.n	20003f62 <poll_esp_if_due+0x3e>
20003f5e:	4282      	cmp	r2, r0
20003f60:	d8f4      	bhi.n	20003f4c <poll_esp_if_due+0x28>
20003f62:	f7fd f8e5 	bl	20001130 <poll_esp>
20003f66:	4bb9      	ldr	r3, [pc, #740]	@ (2000424c <poll_esp_if_due+0x328>)
20003f68:	7819      	ldrb	r1, [r3, #0]
20003f6a:	2900      	cmp	r1, #0
20003f6c:	d100      	bne.n	20003f70 <poll_esp_if_due+0x4c>
20003f6e:	e110      	b.n	20004192 <poll_esp_if_due+0x26e>
20003f70:	4ab7      	ldr	r2, [pc, #732]	@ (20004250 <poll_esp_if_due+0x32c>)
20003f72:	2300      	movs	r3, #0
20003f74:	0034      	movs	r4, r6
20003f76:	003d      	movs	r5, r7
20003f78:	1912      	adds	r2, r2, r4
20003f7a:	416b      	adcs	r3, r5
20003f7c:	48b2      	ldr	r0, [pc, #712]	@ (20004248 <poll_esp_if_due+0x324>)
20003f7e:	6002      	str	r2, [r0, #0]
20003f80:	6043      	str	r3, [r0, #4]
20003f82:	2900      	cmp	r1, #0
20003f84:	d020      	beq.n	20003fc8 <poll_esp_if_due+0xa4>
20003f86:	4bb3      	ldr	r3, [pc, #716]	@ (20004254 <poll_esp_if_due+0x330>)
20003f88:	681a      	ldr	r2, [r3, #0]
20003f8a:	4bb3      	ldr	r3, [pc, #716]	@ (20004258 <poll_esp_if_due+0x334>)
20003f8c:	681b      	ldr	r3, [r3, #0]
20003f8e:	429a      	cmp	r2, r3
20003f90:	d100      	bne.n	20003f94 <poll_esp_if_due+0x70>
20003f92:	e101      	b.n	20004198 <poll_esp_if_due+0x274>
20003f94:	4bb0      	ldr	r3, [pc, #704]	@ (20004258 <poll_esp_if_due+0x334>)
20003f96:	601a      	str	r2, [r3, #0]
20003f98:	4bb0      	ldr	r3, [pc, #704]	@ (2000425c <poll_esp_if_due+0x338>)
20003f9a:	7819      	ldrb	r1, [r3, #0]
20003f9c:	4bb0      	ldr	r3, [pc, #704]	@ (20004260 <poll_esp_if_due+0x33c>)
20003f9e:	6019      	str	r1, [r3, #0]
20003fa0:	2902      	cmp	r1, #2
20003fa2:	d900      	bls.n	20003fa6 <poll_esp_if_due+0x82>
20003fa4:	2100      	movs	r1, #0
20003fa6:	0a13      	lsrs	r3, r2, #8
20003fa8:	0c10      	lsrs	r0, r2, #16
20003faa:	4684      	mov	ip, r0
20003fac:	0e14      	lsrs	r4, r2, #24
20003fae:	20ff      	movs	r0, #255	@ 0xff
20003fb0:	4003      	ands	r3, r0
20003fb2:	4002      	ands	r2, r0
20003fb4:	0089      	lsls	r1, r1, #2
20003fb6:	4dab      	ldr	r5, [pc, #684]	@ (20004264 <poll_esp_if_due+0x340>)
20003fb8:	5949      	ldr	r1, [r1, r5]
20003fba:	9401      	str	r4, [sp, #4]
20003fbc:	4664      	mov	r4, ip
20003fbe:	4020      	ands	r0, r4
20003fc0:	9000      	str	r0, [sp, #0]
20003fc2:	48a9      	ldr	r0, [pc, #676]	@ (20004268 <poll_esp_if_due+0x344>)
20003fc4:	f005 f8d8 	bl	20009178 <__wrap_printf>
20003fc8:	4ba0      	ldr	r3, [pc, #640]	@ (2000424c <poll_esp_if_due+0x328>)
20003fca:	781b      	ldrb	r3, [r3, #0]
20003fcc:	4aa7      	ldr	r2, [pc, #668]	@ (2000426c <poll_esp_if_due+0x348>)
20003fce:	6812      	ldr	r2, [r2, #0]
20003fd0:	4293      	cmp	r3, r2
20003fd2:	d011      	beq.n	20003ff8 <poll_esp_if_due+0xd4>
20003fd4:	4aa5      	ldr	r2, [pc, #660]	@ (2000426c <poll_esp_if_due+0x348>)
20003fd6:	6013      	str	r3, [r2, #0]
20003fd8:	2b00      	cmp	r3, #0
20003fda:	d100      	bne.n	20003fde <poll_esp_if_due+0xba>
20003fdc:	e0e4      	b.n	200041a8 <poll_esp_if_due+0x284>
20003fde:	4ba4      	ldr	r3, [pc, #656]	@ (20004270 <poll_esp_if_due+0x34c>)
20003fe0:	469c      	mov	ip, r3
20003fe2:	4ba4      	ldr	r3, [pc, #656]	@ (20004274 <poll_esp_if_due+0x350>)
20003fe4:	681b      	ldr	r3, [r3, #0]
20003fe6:	4aa4      	ldr	r2, [pc, #656]	@ (20004278 <poll_esp_if_due+0x354>)
20003fe8:	7812      	ldrb	r2, [r2, #0]
20003fea:	48a4      	ldr	r0, [pc, #656]	@ (2000427c <poll_esp_if_due+0x358>)
20003fec:	49a4      	ldr	r1, [pc, #656]	@ (20004280 <poll_esp_if_due+0x35c>)
20003fee:	6809      	ldr	r1, [r1, #0]
20003ff0:	9100      	str	r1, [sp, #0]
20003ff2:	4661      	mov	r1, ip
20003ff4:	f005 f8c0 	bl	20009178 <__wrap_printf>
20003ff8:	4b9e      	ldr	r3, [pc, #632]	@ (20004274 <poll_esp_if_due+0x350>)
20003ffa:	681a      	ldr	r2, [r3, #0]
20003ffc:	0014      	movs	r4, r2
20003ffe:	4ba0      	ldr	r3, [pc, #640]	@ (20004280 <poll_esp_if_due+0x35c>)
20004000:	681b      	ldr	r3, [r3, #0]
20004002:	001d      	movs	r5, r3
20004004:	469c      	mov	ip, r3
20004006:	4462      	add	r2, ip
20004008:	4b9e      	ldr	r3, [pc, #632]	@ (20004284 <poll_esp_if_due+0x360>)
2000400a:	681b      	ldr	r3, [r3, #0]
2000400c:	1ad3      	subs	r3, r2, r3
2000400e:	2b31      	cmp	r3, #49	@ 0x31
20004010:	d973      	bls.n	200040fa <poll_esp_if_due+0x1d6>
20004012:	4b9c      	ldr	r3, [pc, #624]	@ (20004284 <poll_esp_if_due+0x360>)
20004014:	601a      	str	r2, [r3, #0]
20004016:	4b9c      	ldr	r3, [pc, #624]	@ (20004288 <poll_esp_if_due+0x364>)
20004018:	681b      	ldr	r3, [r3, #0]
2000401a:	4699      	mov	r9, r3
2000401c:	4b9b      	ldr	r3, [pc, #620]	@ (2000428c <poll_esp_if_due+0x368>)
2000401e:	681b      	ldr	r3, [r3, #0]
20004020:	469a      	mov	sl, r3
20004022:	4b9b      	ldr	r3, [pc, #620]	@ (20004290 <poll_esp_if_due+0x36c>)
20004024:	681b      	ldr	r3, [r3, #0]
20004026:	469b      	mov	fp, r3
20004028:	4b9a      	ldr	r3, [pc, #616]	@ (20004294 <poll_esp_if_due+0x370>)
2000402a:	681b      	ldr	r3, [r3, #0]
2000402c:	4698      	mov	r8, r3
2000402e:	3301      	adds	r3, #1
20004030:	d100      	bne.n	20004034 <poll_esp_if_due+0x110>
20004032:	e0bc      	b.n	200041ae <poll_esp_if_due+0x28a>
20004034:	22fa      	movs	r2, #250	@ 0xfa
20004036:	0092      	lsls	r2, r2, #2
20004038:	2300      	movs	r3, #0
2000403a:	0030      	movs	r0, r6
2000403c:	0039      	movs	r1, r7
2000403e:	f002 fe0f 	bl	20006c60 <__wrap___aeabi_uldivmod>
20004042:	0003      	movs	r3, r0
20004044:	4894      	ldr	r0, [pc, #592]	@ (20004298 <poll_esp_if_due+0x374>)
20004046:	9305      	str	r3, [sp, #20]
20004048:	2320      	movs	r3, #32
2000404a:	9304      	str	r3, [sp, #16]
2000404c:	4b93      	ldr	r3, [pc, #588]	@ (2000429c <poll_esp_if_due+0x378>)
2000404e:	681b      	ldr	r3, [r3, #0]
20004050:	9303      	str	r3, [sp, #12]
20004052:	4643      	mov	r3, r8
20004054:	9302      	str	r3, [sp, #8]
20004056:	465b      	mov	r3, fp
20004058:	9301      	str	r3, [sp, #4]
2000405a:	4653      	mov	r3, sl
2000405c:	9300      	str	r3, [sp, #0]
2000405e:	464b      	mov	r3, r9
20004060:	002a      	movs	r2, r5
20004062:	0021      	movs	r1, r4
20004064:	f005 f888 	bl	20009178 <__wrap_printf>
20004068:	4b88      	ldr	r3, [pc, #544]	@ (2000428c <poll_esp_if_due+0x368>)
2000406a:	681b      	ldr	r3, [r3, #0]
2000406c:	4a8c      	ldr	r2, [pc, #560]	@ (200042a0 <poll_esp_if_due+0x37c>)
2000406e:	6812      	ldr	r2, [r2, #0]
20004070:	4293      	cmp	r3, r2
20004072:	d042      	beq.n	200040fa <poll_esp_if_due+0x1d6>
20004074:	4a8a      	ldr	r2, [pc, #552]	@ (200042a0 <poll_esp_if_due+0x37c>)
20004076:	6013      	str	r3, [r2, #0]
20004078:	488a      	ldr	r0, [pc, #552]	@ (200042a4 <poll_esp_if_due+0x380>)
2000407a:	7801      	ldrb	r1, [r0, #0]
2000407c:	7842      	ldrb	r2, [r0, #1]
2000407e:	7883      	ldrb	r3, [r0, #2]
20004080:	78c4      	ldrb	r4, [r0, #3]
20004082:	0025      	movs	r5, r4
20004084:	7904      	ldrb	r4, [r0, #4]
20004086:	0026      	movs	r6, r4
20004088:	7944      	ldrb	r4, [r0, #5]
2000408a:	0027      	movs	r7, r4
2000408c:	7984      	ldrb	r4, [r0, #6]
2000408e:	46a0      	mov	r8, r4
20004090:	79c4      	ldrb	r4, [r0, #7]
20004092:	46a1      	mov	r9, r4
20004094:	7a04      	ldrb	r4, [r0, #8]
20004096:	46a2      	mov	sl, r4
20004098:	7a44      	ldrb	r4, [r0, #9]
2000409a:	46a4      	mov	ip, r4
2000409c:	7a84      	ldrb	r4, [r0, #10]
2000409e:	46a3      	mov	fp, r4
200040a0:	7ac4      	ldrb	r4, [r0, #11]
200040a2:	9411      	str	r4, [sp, #68]	@ 0x44
200040a4:	7b04      	ldrb	r4, [r0, #12]
200040a6:	9412      	str	r4, [sp, #72]	@ 0x48
200040a8:	7b44      	ldrb	r4, [r0, #13]
200040aa:	9413      	str	r4, [sp, #76]	@ 0x4c
200040ac:	7b84      	ldrb	r4, [r0, #14]
200040ae:	7bc0      	ldrb	r0, [r0, #15]
200040b0:	9014      	str	r0, [sp, #80]	@ 0x50
200040b2:	487d      	ldr	r0, [pc, #500]	@ (200042a8 <poll_esp_if_due+0x384>)
200040b4:	7800      	ldrb	r0, [r0, #0]
200040b6:	9015      	str	r0, [sp, #84]	@ 0x54
200040b8:	487c      	ldr	r0, [pc, #496]	@ (200042ac <poll_esp_if_due+0x388>)
200040ba:	7800      	ldrb	r0, [r0, #0]
200040bc:	2800      	cmp	r0, #0
200040be:	d079      	beq.n	200041b4 <poll_esp_if_due+0x290>
200040c0:	487b      	ldr	r0, [pc, #492]	@ (200042b0 <poll_esp_if_due+0x38c>)
200040c2:	900e      	str	r0, [sp, #56]	@ 0x38
200040c4:	9815      	ldr	r0, [sp, #84]	@ 0x54
200040c6:	900d      	str	r0, [sp, #52]	@ 0x34
200040c8:	9814      	ldr	r0, [sp, #80]	@ 0x50
200040ca:	900c      	str	r0, [sp, #48]	@ 0x30
200040cc:	940b      	str	r4, [sp, #44]	@ 0x2c
200040ce:	9813      	ldr	r0, [sp, #76]	@ 0x4c
200040d0:	900a      	str	r0, [sp, #40]	@ 0x28
200040d2:	9812      	ldr	r0, [sp, #72]	@ 0x48
200040d4:	9009      	str	r0, [sp, #36]	@ 0x24
200040d6:	9811      	ldr	r0, [sp, #68]	@ 0x44
200040d8:	9008      	str	r0, [sp, #32]
200040da:	4658      	mov	r0, fp
200040dc:	9007      	str	r0, [sp, #28]
200040de:	4660      	mov	r0, ip
200040e0:	9006      	str	r0, [sp, #24]
200040e2:	4650      	mov	r0, sl
200040e4:	9005      	str	r0, [sp, #20]
200040e6:	4648      	mov	r0, r9
200040e8:	9004      	str	r0, [sp, #16]
200040ea:	4640      	mov	r0, r8
200040ec:	9003      	str	r0, [sp, #12]
200040ee:	9702      	str	r7, [sp, #8]
200040f0:	9601      	str	r6, [sp, #4]
200040f2:	9500      	str	r5, [sp, #0]
200040f4:	486f      	ldr	r0, [pc, #444]	@ (200042b4 <poll_esp_if_due+0x390>)
200040f6:	f005 f83f 	bl	20009178 <__wrap_printf>
200040fa:	4b54      	ldr	r3, [pc, #336]	@ (2000424c <poll_esp_if_due+0x328>)
200040fc:	781b      	ldrb	r3, [r3, #0]
200040fe:	2b00      	cmp	r3, #0
20004100:	d003      	beq.n	2000410a <poll_esp_if_due+0x1e6>
20004102:	4a6d      	ldr	r2, [pc, #436]	@ (200042b8 <poll_esp_if_due+0x394>)
20004104:	7812      	ldrb	r2, [r2, #0]
20004106:	2a00      	cmp	r2, #0
20004108:	d156      	bne.n	200041b8 <poll_esp_if_due+0x294>
2000410a:	2b00      	cmp	r3, #0
2000410c:	d003      	beq.n	20004116 <poll_esp_if_due+0x1f2>
2000410e:	4b6b      	ldr	r3, [pc, #428]	@ (200042bc <poll_esp_if_due+0x398>)
20004110:	781b      	ldrb	r3, [r3, #0]
20004112:	2b00      	cmp	r3, #0
20004114:	d15e      	bne.n	200041d4 <poll_esp_if_due+0x2b0>
20004116:	4b4d      	ldr	r3, [pc, #308]	@ (2000424c <poll_esp_if_due+0x328>)
20004118:	781b      	ldrb	r3, [r3, #0]
2000411a:	2b00      	cmp	r3, #0
2000411c:	d009      	beq.n	20004132 <poll_esp_if_due+0x20e>
2000411e:	4b68      	ldr	r3, [pc, #416]	@ (200042c0 <poll_esp_if_due+0x39c>)
20004120:	781b      	ldrb	r3, [r3, #0]
20004122:	2b00      	cmp	r3, #0
20004124:	d005      	beq.n	20004132 <poll_esp_if_due+0x20e>
20004126:	4b67      	ldr	r3, [pc, #412]	@ (200042c4 <poll_esp_if_due+0x3a0>)
20004128:	781b      	ldrb	r3, [r3, #0]
2000412a:	4a67      	ldr	r2, [pc, #412]	@ (200042c8 <poll_esp_if_due+0x3a4>)
2000412c:	6812      	ldr	r2, [r2, #0]
2000412e:	4293      	cmp	r3, r2
20004130:	d15c      	bne.n	200041ec <poll_esp_if_due+0x2c8>
20004132:	4b46      	ldr	r3, [pc, #280]	@ (2000424c <poll_esp_if_due+0x328>)
20004134:	781b      	ldrb	r3, [r3, #0]
20004136:	2b00      	cmp	r3, #0
20004138:	d009      	beq.n	2000414e <poll_esp_if_due+0x22a>
2000413a:	4b64      	ldr	r3, [pc, #400]	@ (200042cc <poll_esp_if_due+0x3a8>)
2000413c:	781b      	ldrb	r3, [r3, #0]
2000413e:	2b00      	cmp	r3, #0
20004140:	d005      	beq.n	2000414e <poll_esp_if_due+0x22a>
20004142:	4b63      	ldr	r3, [pc, #396]	@ (200042d0 <poll_esp_if_due+0x3ac>)
20004144:	781b      	ldrb	r3, [r3, #0]
20004146:	4a63      	ldr	r2, [pc, #396]	@ (200042d4 <poll_esp_if_due+0x3b0>)
20004148:	6812      	ldr	r2, [r2, #0]
2000414a:	4293      	cmp	r3, r2
2000414c:	d15c      	bne.n	20004208 <poll_esp_if_due+0x2e4>
2000414e:	4b3f      	ldr	r3, [pc, #252]	@ (2000424c <poll_esp_if_due+0x328>)
20004150:	781b      	ldrb	r3, [r3, #0]
20004152:	2b00      	cmp	r3, #0
20004154:	d166      	bne.n	20004224 <poll_esp_if_due+0x300>
20004156:	4b3d      	ldr	r3, [pc, #244]	@ (2000424c <poll_esp_if_due+0x328>)
20004158:	781b      	ldrb	r3, [r3, #0]
2000415a:	2b00      	cmp	r3, #0
2000415c:	d003      	beq.n	20004166 <poll_esp_if_due+0x242>
2000415e:	4b5e      	ldr	r3, [pc, #376]	@ (200042d8 <poll_esp_if_due+0x3b4>)
20004160:	781b      	ldrb	r3, [r3, #0]
20004162:	2b00      	cmp	r3, #0
20004164:	d161      	bne.n	2000422a <poll_esp_if_due+0x306>
20004166:	4b39      	ldr	r3, [pc, #228]	@ (2000424c <poll_esp_if_due+0x328>)
20004168:	781b      	ldrb	r3, [r3, #0]
2000416a:	2b00      	cmp	r3, #0
2000416c:	d100      	bne.n	20004170 <poll_esp_if_due+0x24c>
2000416e:	e6ed      	b.n	20003f4c <poll_esp_if_due+0x28>
20004170:	4b5a      	ldr	r3, [pc, #360]	@ (200042dc <poll_esp_if_due+0x3b8>)
20004172:	781b      	ldrb	r3, [r3, #0]
20004174:	2b00      	cmp	r3, #0
20004176:	d100      	bne.n	2000417a <poll_esp_if_due+0x256>
20004178:	e6e8      	b.n	20003f4c <poll_esp_if_due+0x28>
2000417a:	f7fe f901 	bl	20002380 <ota_commit_staged_image>
2000417e:	f002 f869 	bl	20006254 <time_us_64>
20004182:	4a33      	ldr	r2, [pc, #204]	@ (20004250 <poll_esp_if_due+0x32c>)
20004184:	2300      	movs	r3, #0
20004186:	1880      	adds	r0, r0, r2
20004188:	4159      	adcs	r1, r3
2000418a:	4b2f      	ldr	r3, [pc, #188]	@ (20004248 <poll_esp_if_due+0x324>)
2000418c:	6018      	str	r0, [r3, #0]
2000418e:	6059      	str	r1, [r3, #4]
20004190:	e6dc      	b.n	20003f4c <poll_esp_if_due+0x28>
20004192:	4a53      	ldr	r2, [pc, #332]	@ (200042e0 <poll_esp_if_due+0x3bc>)
20004194:	2300      	movs	r3, #0
20004196:	e6ed      	b.n	20003f74 <poll_esp_if_due+0x50>
20004198:	4b30      	ldr	r3, [pc, #192]	@ (2000425c <poll_esp_if_due+0x338>)
2000419a:	7819      	ldrb	r1, [r3, #0]
2000419c:	4b30      	ldr	r3, [pc, #192]	@ (20004260 <poll_esp_if_due+0x33c>)
2000419e:	681b      	ldr	r3, [r3, #0]
200041a0:	4299      	cmp	r1, r3
200041a2:	d000      	beq.n	200041a6 <poll_esp_if_due+0x282>
200041a4:	e6f6      	b.n	20003f94 <poll_esp_if_due+0x70>
200041a6:	e70f      	b.n	20003fc8 <poll_esp_if_due+0xa4>
200041a8:	4b4e      	ldr	r3, [pc, #312]	@ (200042e4 <poll_esp_if_due+0x3c0>)
200041aa:	469c      	mov	ip, r3
200041ac:	e719      	b.n	20003fe2 <poll_esp_if_due+0xbe>
200041ae:	2300      	movs	r3, #0
200041b0:	4698      	mov	r8, r3
200041b2:	e73f      	b.n	20004034 <poll_esp_if_due+0x110>
200041b4:	484c      	ldr	r0, [pc, #304]	@ (200042e8 <poll_esp_if_due+0x3c4>)
200041b6:	e784      	b.n	200040c2 <poll_esp_if_due+0x19e>
200041b8:	484c      	ldr	r0, [pc, #304]	@ (200042ec <poll_esp_if_due+0x3c8>)
200041ba:	f004 ffae 	bl	2000911a <__wrap_puts>
200041be:	4b4c      	ldr	r3, [pc, #304]	@ (200042f0 <poll_esp_if_due+0x3cc>)
200041c0:	681b      	ldr	r3, [r3, #0]
200041c2:	6898      	ldr	r0, [r3, #8]
200041c4:	f005 fd6a 	bl	20009c9c <fflush>
200041c8:	2200      	movs	r2, #0
200041ca:	2100      	movs	r1, #0
200041cc:	2000      	movs	r0, #0
200041ce:	f002 fb61 	bl	20006894 <watchdog_reboot>
200041d2:	e7fe      	b.n	200041d2 <poll_esp_if_due+0x2ae>
200041d4:	f7fd f9e2 	bl	2000159c <st_blink_led>
200041d8:	f002 f83c 	bl	20006254 <time_us_64>
200041dc:	4a1c      	ldr	r2, [pc, #112]	@ (20004250 <poll_esp_if_due+0x32c>)
200041de:	2300      	movs	r3, #0
200041e0:	1880      	adds	r0, r0, r2
200041e2:	4159      	adcs	r1, r3
200041e4:	4b18      	ldr	r3, [pc, #96]	@ (20004248 <poll_esp_if_due+0x324>)
200041e6:	6018      	str	r0, [r3, #0]
200041e8:	6059      	str	r1, [r3, #4]
200041ea:	e794      	b.n	20004116 <poll_esp_if_due+0x1f2>
200041ec:	4a36      	ldr	r2, [pc, #216]	@ (200042c8 <poll_esp_if_due+0x3a4>)
200041ee:	6013      	str	r3, [r2, #0]
200041f0:	f7fe fd68 	bl	20002cc4 <ota_run_selftest>
200041f4:	f002 f82e 	bl	20006254 <time_us_64>
200041f8:	4a15      	ldr	r2, [pc, #84]	@ (20004250 <poll_esp_if_due+0x32c>)
200041fa:	2300      	movs	r3, #0
200041fc:	1880      	adds	r0, r0, r2
200041fe:	4159      	adcs	r1, r3
20004200:	4b11      	ldr	r3, [pc, #68]	@ (20004248 <poll_esp_if_due+0x324>)
20004202:	6018      	str	r0, [r3, #0]
20004204:	6059      	str	r1, [r3, #4]
20004206:	e794      	b.n	20004132 <poll_esp_if_due+0x20e>
20004208:	4a32      	ldr	r2, [pc, #200]	@ (200042d4 <poll_esp_if_due+0x3b0>)
2000420a:	6013      	str	r3, [r2, #0]
2000420c:	f7ff faee 	bl	200037ec <ota_run_bench>
20004210:	f002 f820 	bl	20006254 <time_us_64>
20004214:	4a0e      	ldr	r2, [pc, #56]	@ (20004250 <poll_esp_if_due+0x32c>)
20004216:	2300      	movs	r3, #0
20004218:	1880      	adds	r0, r0, r2
2000421a:	4159      	adcs	r1, r3
2000421c:	4b0a      	ldr	r3, [pc, #40]	@ (20004248 <poll_esp_if_due+0x324>)
2000421e:	6018      	str	r0, [r3, #0]
20004220:	6059      	str	r1, [r3, #4]
20004222:	e794      	b.n	2000414e <poll_esp_if_due+0x22a>
20004224:	f7fd ff54 	bl	200020d0 <ota_mark_healthy>
20004228:	e795      	b.n	20004156 <poll_esp_if_due+0x232>
2000422a:	f7fd ff6d 	bl	20002108 <ota_receive_rp_image_if_offered>
2000422e:	f002 f811 	bl	20006254 <time_us_64>
20004232:	4a07      	ldr	r2, [pc, #28]	@ (20004250 <poll_esp_if_due+0x32c>)
20004234:	2300      	movs	r3, #0
20004236:	1880      	adds	r0, r0, r2
20004238:	4159      	adcs	r1, r3
2000423a:	4b03      	ldr	r3, [pc, #12]	@ (20004248 <poll_esp_if_due+0x324>)
2000423c:	6018      	str	r0, [r3, #0]
2000423e:	6059      	str	r1, [r3, #4]
20004240:	e791      	b.n	20004166 <poll_esp_if_due+0x242>
20004242:	46c0      	nop			@ (mov r8, r8)
20004244:	2000f258 	.word	0x2000f258
20004248:	2000d788 	.word	0x2000d788
2000424c:	20016d50 	.word	0x20016d50
20004250:	0000c350 	.word	0x0000c350
20004254:	2000f27c 	.word	0x2000f27c
20004258:	2000cee0 	.word	0x2000cee0
2000425c:	20016d59 	.word	0x20016d59
20004260:	2000cedc 	.word	0x2000cedc
20004264:	2000cab0 	.word	0x2000cab0
20004268:	2000b884 	.word	0x2000b884
2000426c:	2000cee4 	.word	0x2000cee4
20004270:	2000b854 	.word	0x2000b854
20004274:	2000f260 	.word	0x2000f260
20004278:	20016d4d 	.word	0x20016d4d
2000427c:	2000b8a8 	.word	0x2000b8a8
20004280:	2000f25c 	.word	0x2000f25c
20004284:	2000f264 	.word	0x2000f264
20004288:	2000f268 	.word	0x2000f268
2000428c:	2000f254 	.word	0x2000f254
20004290:	2000f23c 	.word	0x2000f23c
20004294:	2000ced0 	.word	0x2000ced0
20004298:	2000b8dc 	.word	0x2000b8dc
2000429c:	2000f240 	.word	0x2000f240
200042a0:	2000f230 	.word	0x2000f230
200042a4:	2000f244 	.word	0x2000f244
200042a8:	20016d4f 	.word	0x20016d4f
200042ac:	20016d4e 	.word	0x20016d4e
200042b0:	2000b860 	.word	0x2000b860
200042b4:	2000b948 	.word	0x2000b948
200042b8:	20016d53 	.word	0x20016d53
200042bc:	20016d55 	.word	0x20016d55
200042c0:	20016d54 	.word	0x20016d54
200042c4:	20016d58 	.word	0x20016d58
200042c8:	2000ced8 	.word	0x2000ced8
200042cc:	20016d46 	.word	0x20016d46
200042d0:	20016d4b 	.word	0x20016d4b
200042d4:	2000ced4 	.word	0x2000ced4
200042d8:	20016d52 	.word	0x20016d52
200042dc:	20016d51 	.word	0x20016d51
200042e0:	0007a120 	.word	0x0007a120
200042e4:	2000b858 	.word	0x2000b858
200042e8:	2000aae4 	.word	0x2000aae4
200042ec:	2000b9bc 	.word	0x2000b9bc
200042f0:	2000d3b4 	.word	0x2000d3b4

200042f4 <core1_main>:
200042f4:	b570      	push	{r4, r5, r6, lr}
200042f6:	24fa      	movs	r4, #250	@ 0xfa
200042f8:	00e4      	lsls	r4, r4, #3
200042fa:	0020      	movs	r0, r4
200042fc:	f001 fea6 	bl	2000604c <sleep_ms>
20004300:	201c      	movs	r0, #28
20004302:	f000 ff10 	bl	20005126 <gpio_init>
20004306:	23d0      	movs	r3, #208	@ 0xd0
20004308:	061b      	lsls	r3, r3, #24
2000430a:	2280      	movs	r2, #128	@ 0x80
2000430c:	0552      	lsls	r2, r2, #21
2000430e:	629a      	str	r2, [r3, #40]	@ 0x28
20004310:	2200      	movs	r2, #0
20004312:	2101      	movs	r1, #1
20004314:	201c      	movs	r0, #28
20004316:	f000 fe85 	bl	20005024 <gpio_set_pulls>
2000431a:	0020      	movs	r0, r4
2000431c:	f001 fe96 	bl	2000604c <sleep_ms>
20004320:	f7fc fbb4 	bl	20000a8c <esp_link_uart_init>
20004324:	2400      	movs	r4, #0
20004326:	4b26      	ldr	r3, [pc, #152]	@ (200043c0 <core1_main+0xcc>)
20004328:	429c      	cmp	r4, r3
2000432a:	dc0a      	bgt.n	20004342 <core1_main+0x4e>
2000432c:	23d0      	movs	r3, #208	@ 0xd0
2000432e:	061b      	lsls	r3, r3, #24
20004330:	685b      	ldr	r3, [r3, #4]
20004332:	041b      	lsls	r3, r3, #16
20004334:	d505      	bpl.n	20004342 <core1_main+0x4e>
20004336:	4823      	ldr	r0, [pc, #140]	@ (200043c4 <core1_main+0xd0>)
20004338:	0021      	movs	r1, r4
2000433a:	f004 ff1d 	bl	20009178 <__wrap_printf>
2000433e:	3401      	adds	r4, #1
20004340:	e7f1      	b.n	20004326 <core1_main+0x32>
20004342:	f7fc fa35 	bl	200007b0 <esp_link_master_init>
20004346:	2500      	movs	r5, #0
20004348:	2400      	movs	r4, #0
2000434a:	e018      	b.n	2000437e <core1_main+0x8a>
2000434c:	23d0      	movs	r3, #208	@ 0xd0
2000434e:	061b      	lsls	r3, r3, #24
20004350:	2280      	movs	r2, #128	@ 0x80
20004352:	01d2      	lsls	r2, r2, #7
20004354:	619a      	str	r2, [r3, #24]
20004356:	4e1c      	ldr	r6, [pc, #112]	@ (200043c8 <core1_main+0xd4>)
20004358:	0030      	movs	r0, r6
2000435a:	f005 fecd 	bl	2000a0f8 <strlen>
2000435e:	0001      	movs	r1, r0
20004360:	0030      	movs	r0, r6
20004362:	f7fc fbed 	bl	20000b40 <my_spi_write_blocking>
20004366:	3401      	adds	r4, #1
20004368:	4818      	ldr	r0, [pc, #96]	@ (200043cc <core1_main+0xd8>)
2000436a:	0031      	movs	r1, r6
2000436c:	f004 ff04 	bl	20009178 <__wrap_printf>
20004370:	3501      	adds	r5, #1
20004372:	e004      	b.n	2000437e <core1_main+0x8a>
20004374:	f7ff fdd6 	bl	20003f24 <poll_esp_if_due>
20004378:	0028      	movs	r0, r5
2000437a:	f7fc fb07 	bl	2000098c <report_packets_sent>
2000437e:	4b14      	ldr	r3, [pc, #80]	@ (200043d0 <core1_main+0xdc>)
20004380:	681b      	ldr	r3, [r3, #0]
20004382:	42a3      	cmp	r3, r4
20004384:	d0f6      	beq.n	20004374 <core1_main+0x80>
20004386:	4913      	ldr	r1, [pc, #76]	@ (200043d4 <core1_main+0xe0>)
20004388:	0020      	movs	r0, r4
2000438a:	f002 fc2b 	bl	20006be4 <__wrap___aeabi_uidiv>
2000438e:	3101      	adds	r1, #1
20004390:	014a      	lsls	r2, r1, #5
20004392:	4b11      	ldr	r3, [pc, #68]	@ (200043d8 <core1_main+0xe4>)
20004394:	18d2      	adds	r2, r2, r3
20004396:	4911      	ldr	r1, [pc, #68]	@ (200043dc <core1_main+0xe8>)
20004398:	480b      	ldr	r0, [pc, #44]	@ (200043c8 <core1_main+0xd4>)
2000439a:	f004 fcc1 	bl	20008d20 <__wrap_sprintf>
2000439e:	23d0      	movs	r3, #208	@ 0xd0
200043a0:	061b      	lsls	r3, r3, #24
200043a2:	2280      	movs	r2, #128	@ 0x80
200043a4:	01d2      	lsls	r2, r2, #7
200043a6:	615a      	str	r2, [r3, #20]
200043a8:	20fa      	movs	r0, #250	@ 0xfa
200043aa:	00c0      	lsls	r0, r0, #3
200043ac:	f7fc fbae 	bl	20000b0c <wait_esp_ready>
200043b0:	2800      	cmp	r0, #0
200043b2:	d1cb      	bne.n	2000434c <core1_main+0x58>
200043b4:	23d0      	movs	r3, #208	@ 0xd0
200043b6:	061b      	lsls	r3, r3, #24
200043b8:	2280      	movs	r2, #128	@ 0x80
200043ba:	01d2      	lsls	r2, r2, #7
200043bc:	619a      	str	r2, [r3, #24]
200043be:	e7d9      	b.n	20004374 <core1_main+0x80>
200043c0:	00000bb7 	.word	0x00000bb7
200043c4:	2000ba00 	.word	0x2000ba00
200043c8:	2000f2b8 	.word	0x2000f2b8
200043cc:	2000ad0c 	.word	0x2000ad0c
200043d0:	20016d38 	.word	0x20016d38
200043d4:	0000031f 	.word	0x0000031f
200043d8:	20010408 	.word	0x20010408
200043dc:	2000ba20 	.word	0x2000ba20

200043e0 <boot_press>:
200043e0:	b570      	push	{r4, r5, r6, lr}
200043e2:	2400      	movs	r4, #0
200043e4:	2500      	movs	r5, #0
200043e6:	e000      	b.n	200043ea <boot_press+0xa>
200043e8:	3401      	adds	r4, #1
200043ea:	23fa      	movs	r3, #250	@ 0xfa
200043ec:	005b      	lsls	r3, r3, #1
200043ee:	429c      	cmp	r4, r3
200043f0:	da05      	bge.n	200043fe <boot_press+0x1e>
200043f2:	f7fb ff9f 	bl	20000334 <bootsel_pressed_safely>
200043f6:	2800      	cmp	r0, #0
200043f8:	d0f6      	beq.n	200043e8 <boot_press+0x8>
200043fa:	3501      	adds	r5, #1
200043fc:	e7f4      	b.n	200043e8 <boot_press+0x8>
200043fe:	2d5a      	cmp	r5, #90	@ 0x5a
20004400:	dc00      	bgt.n	20004404 <boot_press+0x24>
20004402:	bd70      	pop	{r4, r5, r6, pc}
20004404:	2100      	movs	r1, #0
20004406:	0008      	movs	r0, r1
20004408:	f002 fa9c 	bl	20006944 <rom_reset_usb_boot>

2000440c <delay_boot_if_esp_reset_detected>:
2000440c:	b510      	push	{r4, lr}
2000440e:	4b09      	ldr	r3, [pc, #36]	@ (20004434 <delay_boot_if_esp_reset_detected+0x28>)
20004410:	681a      	ldr	r2, [r3, #0]
20004412:	4b09      	ldr	r3, [pc, #36]	@ (20004438 <delay_boot_if_esp_reset_detected+0x2c>)
20004414:	429a      	cmp	r2, r3
20004416:	d000      	beq.n	2000441a <delay_boot_if_esp_reset_detected+0xe>
20004418:	bd10      	pop	{r4, pc}
2000441a:	f004 fe79 	bl	20009110 <stdio_init_all>
2000441e:	4807      	ldr	r0, [pc, #28]	@ (2000443c <delay_boot_if_esp_reset_detected+0x30>)
20004420:	f004 fe7b 	bl	2000911a <__wrap_puts>
20004424:	4b03      	ldr	r3, [pc, #12]	@ (20004434 <delay_boot_if_esp_reset_detected+0x28>)
20004426:	2200      	movs	r2, #0
20004428:	601a      	str	r2, [r3, #0]
2000442a:	4805      	ldr	r0, [pc, #20]	@ (20004440 <delay_boot_if_esp_reset_detected+0x34>)
2000442c:	f001 fe0e 	bl	2000604c <sleep_ms>
20004430:	e7f2      	b.n	20004418 <delay_boot_if_esp_reset_detected+0xc>
20004432:	46c0      	nop			@ (mov r8, r8)
20004434:	200000f0 	.word	0x200000f0
20004438:	69699696 	.word	0x69699696
2000443c:	2000ba28 	.word	0x2000ba28
20004440:	0000c350 	.word	0x0000c350

20004444 <get_pin_state>:
20004444:	b5f0      	push	{r4, r5, r6, r7, lr}
20004446:	46c6      	mov	lr, r8
20004448:	b500      	push	{lr}
2000444a:	0004      	movs	r4, r0
2000444c:	f000 fe6b 	bl	20005126 <gpio_init>
20004450:	2200      	movs	r2, #0
20004452:	2101      	movs	r1, #1
20004454:	0020      	movs	r0, r4
20004456:	f000 fde5 	bl	20005024 <gpio_set_pulls>
2000445a:	2005      	movs	r0, #5
2000445c:	f001 fdf6 	bl	2000604c <sleep_ms>
20004460:	27d0      	movs	r7, #208	@ 0xd0
20004462:	063f      	lsls	r7, r7, #24
20004464:	687e      	ldr	r6, [r7, #4]
20004466:	2501      	movs	r5, #1
20004468:	40a5      	lsls	r5, r4
2000446a:	402e      	ands	r6, r5
2000446c:	0030      	movs	r0, r6
2000446e:	1e43      	subs	r3, r0, #1
20004470:	4198      	sbcs	r0, r3
20004472:	b2c3      	uxtb	r3, r0
20004474:	4698      	mov	r8, r3
20004476:	2201      	movs	r2, #1
20004478:	2100      	movs	r1, #0
2000447a:	0020      	movs	r0, r4
2000447c:	f000 fdd2 	bl	20005024 <gpio_set_pulls>
20004480:	2005      	movs	r0, #5
20004482:	f001 fde3 	bl	2000604c <sleep_ms>
20004486:	687b      	ldr	r3, [r7, #4]
20004488:	401d      	ands	r5, r3
2000448a:	0020      	movs	r0, r4
2000448c:	f000 fe56 	bl	2000513c <gpio_deinit>
20004490:	2e00      	cmp	r6, #0
20004492:	d001      	beq.n	20004498 <get_pin_state+0x54>
20004494:	2d00      	cmp	r5, #0
20004496:	d003      	beq.n	200044a0 <get_pin_state+0x5c>
20004498:	4640      	mov	r0, r8
2000449a:	bc80      	pop	{r7}
2000449c:	46b8      	mov	r8, r7
2000449e:	bdf0      	pop	{r4, r5, r6, r7, pc}
200044a0:	2002      	movs	r0, #2
200044a2:	e7fa      	b.n	2000449a <get_pin_state+0x56>

200044a4 <detect_hw_version>:
200044a4:	b570      	push	{r4, r5, r6, lr}
200044a6:	2004      	movs	r0, #4
200044a8:	f7ff ffcc 	bl	20004444 <get_pin_state>
200044ac:	0005      	movs	r5, r0
200044ae:	0004      	movs	r4, r0
200044b0:	2005      	movs	r0, #5
200044b2:	f7ff ffc7 	bl	20004444 <get_pin_state>
200044b6:	0002      	movs	r2, r0
200044b8:	0001      	movs	r1, r0
200044ba:	2d02      	cmp	r5, #2
200044bc:	d018      	beq.n	200044f0 <detect_hw_version+0x4c>
200044be:	2c00      	cmp	r4, #0
200044c0:	d101      	bne.n	200044c6 <detect_hw_version+0x22>
200044c2:	2902      	cmp	r1, #2
200044c4:	d022      	beq.n	2000450c <detect_hw_version+0x68>
200044c6:	2c01      	cmp	r4, #1
200044c8:	d016      	beq.n	200044f8 <detect_hw_version+0x54>
200044ca:	2c02      	cmp	r4, #2
200044cc:	d018      	beq.n	20004500 <detect_hw_version+0x5c>
200044ce:	0028      	movs	r0, r5
200044d0:	4310      	orrs	r0, r2
200044d2:	b2c0      	uxtb	r0, r0
200044d4:	2800      	cmp	r0, #0
200044d6:	d020      	beq.n	2000451a <detect_hw_version+0x76>
200044d8:	2c00      	cmp	r4, #0
200044da:	d101      	bne.n	200044e0 <detect_hw_version+0x3c>
200044dc:	2901      	cmp	r1, #1
200044de:	d019      	beq.n	20004514 <detect_hw_version+0x70>
200044e0:	2c01      	cmp	r4, #1
200044e2:	d119      	bne.n	20004518 <detect_hw_version+0x74>
200044e4:	2900      	cmp	r1, #0
200044e6:	d019      	beq.n	2000451c <detect_hw_version+0x78>
200044e8:	42a1      	cmp	r1, r4
200044ea:	d019      	beq.n	20004520 <detect_hw_version+0x7c>
200044ec:	2009      	movs	r0, #9
200044ee:	e014      	b.n	2000451a <detect_hw_version+0x76>
200044f0:	42a8      	cmp	r0, r5
200044f2:	d1e4      	bne.n	200044be <detect_hw_version+0x1a>
200044f4:	2004      	movs	r0, #4
200044f6:	e010      	b.n	2000451a <detect_hw_version+0x76>
200044f8:	2902      	cmp	r1, #2
200044fa:	d1e6      	bne.n	200044ca <detect_hw_version+0x26>
200044fc:	2006      	movs	r0, #6
200044fe:	e00c      	b.n	2000451a <detect_hw_version+0x76>
20004500:	2900      	cmp	r1, #0
20004502:	d005      	beq.n	20004510 <detect_hw_version+0x6c>
20004504:	2901      	cmp	r1, #1
20004506:	d1e2      	bne.n	200044ce <detect_hw_version+0x2a>
20004508:	2008      	movs	r0, #8
2000450a:	e006      	b.n	2000451a <detect_hw_version+0x76>
2000450c:	2005      	movs	r0, #5
2000450e:	e004      	b.n	2000451a <detect_hw_version+0x76>
20004510:	2007      	movs	r0, #7
20004512:	e002      	b.n	2000451a <detect_hw_version+0x76>
20004514:	0010      	movs	r0, r2
20004516:	e000      	b.n	2000451a <detect_hw_version+0x76>
20004518:	2009      	movs	r0, #9
2000451a:	bd70      	pop	{r4, r5, r6, pc}
2000451c:	2002      	movs	r0, #2
2000451e:	e7fc      	b.n	2000451a <detect_hw_version+0x76>
20004520:	2003      	movs	r0, #3
20004522:	e7fa      	b.n	2000451a <detect_hw_version+0x76>

20004524 <init_ver>:
20004524:	b510      	push	{r4, lr}
20004526:	f7ff ffbd 	bl	200044a4 <detect_hw_version>
2000452a:	4b30      	ldr	r3, [pc, #192]	@ (200045ec <init_ver+0xc8>)
2000452c:	7018      	strb	r0, [r3, #0]
2000452e:	781a      	ldrb	r2, [r3, #0]
20004530:	b2d3      	uxtb	r3, r2
20004532:	2a04      	cmp	r2, #4
20004534:	d03e      	beq.n	200045b4 <init_ver+0x90>
20004536:	2b04      	cmp	r3, #4
20004538:	d90d      	bls.n	20004556 <init_ver+0x32>
2000453a:	2b07      	cmp	r3, #7
2000453c:	d048      	beq.n	200045d0 <init_ver+0xac>
2000453e:	d821      	bhi.n	20004584 <init_ver+0x60>
20004540:	2b05      	cmp	r3, #5
20004542:	d03e      	beq.n	200045c2 <init_ver+0x9e>
20004544:	2b06      	cmp	r3, #6
20004546:	d14a      	bne.n	200045de <init_ver+0xba>
20004548:	4b29      	ldr	r3, [pc, #164]	@ (200045f0 <init_ver+0xcc>)
2000454a:	4a2a      	ldr	r2, [pc, #168]	@ (200045f4 <init_ver+0xd0>)
2000454c:	601a      	str	r2, [r3, #0]
2000454e:	482a      	ldr	r0, [pc, #168]	@ (200045f8 <init_ver+0xd4>)
20004550:	f004 fde3 	bl	2000911a <__wrap_puts>
20004554:	e025      	b.n	200045a2 <init_ver+0x7e>
20004556:	2b02      	cmp	r3, #2
20004558:	d025      	beq.n	200045a6 <init_ver+0x82>
2000455a:	d80a      	bhi.n	20004572 <init_ver+0x4e>
2000455c:	2b00      	cmp	r3, #0
2000455e:	d01a      	beq.n	20004596 <init_ver+0x72>
20004560:	2b01      	cmp	r3, #1
20004562:	d13c      	bne.n	200045de <init_ver+0xba>
20004564:	4b22      	ldr	r3, [pc, #136]	@ (200045f0 <init_ver+0xcc>)
20004566:	4a25      	ldr	r2, [pc, #148]	@ (200045fc <init_ver+0xd8>)
20004568:	601a      	str	r2, [r3, #0]
2000456a:	4825      	ldr	r0, [pc, #148]	@ (20004600 <init_ver+0xdc>)
2000456c:	f004 fdd5 	bl	2000911a <__wrap_puts>
20004570:	e017      	b.n	200045a2 <init_ver+0x7e>
20004572:	2b03      	cmp	r3, #3
20004574:	d133      	bne.n	200045de <init_ver+0xba>
20004576:	4b1e      	ldr	r3, [pc, #120]	@ (200045f0 <init_ver+0xcc>)
20004578:	4a22      	ldr	r2, [pc, #136]	@ (20004604 <init_ver+0xe0>)
2000457a:	601a      	str	r2, [r3, #0]
2000457c:	4822      	ldr	r0, [pc, #136]	@ (20004608 <init_ver+0xe4>)
2000457e:	f004 fdcc 	bl	2000911a <__wrap_puts>
20004582:	e00e      	b.n	200045a2 <init_ver+0x7e>
20004584:	2b08      	cmp	r3, #8
20004586:	d12a      	bne.n	200045de <init_ver+0xba>
20004588:	4b19      	ldr	r3, [pc, #100]	@ (200045f0 <init_ver+0xcc>)
2000458a:	4a20      	ldr	r2, [pc, #128]	@ (2000460c <init_ver+0xe8>)
2000458c:	601a      	str	r2, [r3, #0]
2000458e:	4820      	ldr	r0, [pc, #128]	@ (20004610 <init_ver+0xec>)
20004590:	f004 fdc3 	bl	2000911a <__wrap_puts>
20004594:	e005      	b.n	200045a2 <init_ver+0x7e>
20004596:	4b16      	ldr	r3, [pc, #88]	@ (200045f0 <init_ver+0xcc>)
20004598:	4a1e      	ldr	r2, [pc, #120]	@ (20004614 <init_ver+0xf0>)
2000459a:	601a      	str	r2, [r3, #0]
2000459c:	481e      	ldr	r0, [pc, #120]	@ (20004618 <init_ver+0xf4>)
2000459e:	f004 fdbc 	bl	2000911a <__wrap_puts>
200045a2:	2000      	movs	r0, #0
200045a4:	bd10      	pop	{r4, pc}
200045a6:	4b12      	ldr	r3, [pc, #72]	@ (200045f0 <init_ver+0xcc>)
200045a8:	4a1c      	ldr	r2, [pc, #112]	@ (2000461c <init_ver+0xf8>)
200045aa:	601a      	str	r2, [r3, #0]
200045ac:	481c      	ldr	r0, [pc, #112]	@ (20004620 <init_ver+0xfc>)
200045ae:	f004 fdb4 	bl	2000911a <__wrap_puts>
200045b2:	e7f6      	b.n	200045a2 <init_ver+0x7e>
200045b4:	4b0e      	ldr	r3, [pc, #56]	@ (200045f0 <init_ver+0xcc>)
200045b6:	4a1b      	ldr	r2, [pc, #108]	@ (20004624 <init_ver+0x100>)
200045b8:	601a      	str	r2, [r3, #0]
200045ba:	481b      	ldr	r0, [pc, #108]	@ (20004628 <init_ver+0x104>)
200045bc:	f004 fdad 	bl	2000911a <__wrap_puts>
200045c0:	e7ef      	b.n	200045a2 <init_ver+0x7e>
200045c2:	4b0b      	ldr	r3, [pc, #44]	@ (200045f0 <init_ver+0xcc>)
200045c4:	4a19      	ldr	r2, [pc, #100]	@ (2000462c <init_ver+0x108>)
200045c6:	601a      	str	r2, [r3, #0]
200045c8:	4819      	ldr	r0, [pc, #100]	@ (20004630 <init_ver+0x10c>)
200045ca:	f004 fda6 	bl	2000911a <__wrap_puts>
200045ce:	e7e8      	b.n	200045a2 <init_ver+0x7e>
200045d0:	4b07      	ldr	r3, [pc, #28]	@ (200045f0 <init_ver+0xcc>)
200045d2:	4a18      	ldr	r2, [pc, #96]	@ (20004634 <init_ver+0x110>)
200045d4:	601a      	str	r2, [r3, #0]
200045d6:	4818      	ldr	r0, [pc, #96]	@ (20004638 <init_ver+0x114>)
200045d8:	f004 fd9f 	bl	2000911a <__wrap_puts>
200045dc:	e7e1      	b.n	200045a2 <init_ver+0x7e>
200045de:	4b04      	ldr	r3, [pc, #16]	@ (200045f0 <init_ver+0xcc>)
200045e0:	4a16      	ldr	r2, [pc, #88]	@ (2000463c <init_ver+0x118>)
200045e2:	601a      	str	r2, [r3, #0]
200045e4:	4816      	ldr	r0, [pc, #88]	@ (20004640 <init_ver+0x11c>)
200045e6:	f004 fd98 	bl	2000911a <__wrap_puts>
200045ea:	e7da      	b.n	200045a2 <init_ver+0x7e>
200045ec:	2000cee8 	.word	0x2000cee8
200045f0:	2000ceec 	.word	0x2000ceec
200045f4:	2000bb0c 	.word	0x2000bb0c
200045f8:	2000bb10 	.word	0x2000bb10
200045fc:	2000ba5c 	.word	0x2000ba5c
20004600:	2000ba60 	.word	0x2000ba60
20004604:	2000ba94 	.word	0x2000ba94
20004608:	2000ba98 	.word	0x2000ba98
2000460c:	2000bb6c 	.word	0x2000bb6c
20004610:	2000bb70 	.word	0x2000bb70
20004614:	2000ba40 	.word	0x2000ba40
20004618:	2000ba44 	.word	0x2000ba44
2000461c:	2000ba78 	.word	0x2000ba78
20004620:	2000ba7c 	.word	0x2000ba7c
20004624:	2000bab0 	.word	0x2000bab0
20004628:	2000bab4 	.word	0x2000bab4
2000462c:	2000badc 	.word	0x2000badc
20004630:	2000bae0 	.word	0x2000bae0
20004634:	2000bb3c 	.word	0x2000bb3c
20004638:	2000bb40 	.word	0x2000bb40
2000463c:	2000bb9c 	.word	0x2000bb9c
20004640:	2000bba0 	.word	0x2000bba0

20004644 <rp_board_boot_init>:
20004644:	b570      	push	{r4, r5, r6, lr}
20004646:	201c      	movs	r0, #28
20004648:	f000 fd6d 	bl	20005126 <gpio_init>
2000464c:	24d0      	movs	r4, #208	@ 0xd0
2000464e:	0624      	lsls	r4, r4, #24
20004650:	2380      	movs	r3, #128	@ 0x80
20004652:	055b      	lsls	r3, r3, #21
20004654:	6263      	str	r3, [r4, #36]	@ 0x24
20004656:	61a3      	str	r3, [r4, #24]
20004658:	200e      	movs	r0, #14
2000465a:	f000 fd64 	bl	20005126 <gpio_init>
2000465e:	2380      	movs	r3, #128	@ 0x80
20004660:	01db      	lsls	r3, r3, #7
20004662:	62a3      	str	r3, [r4, #40]	@ 0x28
20004664:	200f      	movs	r0, #15
20004666:	f000 fd5e 	bl	20005126 <gpio_init>
2000466a:	2380      	movs	r3, #128	@ 0x80
2000466c:	021b      	lsls	r3, r3, #8
2000466e:	62a3      	str	r3, [r4, #40]	@ 0x28
20004670:	2008      	movs	r0, #8
20004672:	f000 fd58 	bl	20005126 <gpio_init>
20004676:	2580      	movs	r5, #128	@ 0x80
20004678:	006d      	lsls	r5, r5, #1
2000467a:	6265      	str	r5, [r4, #36]	@ 0x24
2000467c:	61a5      	str	r5, [r4, #24]
2000467e:	2009      	movs	r0, #9
20004680:	f000 fd51 	bl	20005126 <gpio_init>
20004684:	2380      	movs	r3, #128	@ 0x80
20004686:	009b      	lsls	r3, r3, #2
20004688:	6263      	str	r3, [r4, #36]	@ 0x24
2000468a:	6163      	str	r3, [r4, #20]
2000468c:	f7ff ff4a 	bl	20004524 <init_ver>
20004690:	f004 fd3e 	bl	20009110 <stdio_init_all>
20004694:	6165      	str	r5, [r4, #20]
20004696:	2064      	movs	r0, #100	@ 0x64
20004698:	f001 fcd8 	bl	2000604c <sleep_ms>
2000469c:	bd70      	pop	{r4, r5, r6, pc}
	...

200046a0 <rp_spi_master_init>:
200046a0:	b570      	push	{r4, r5, r6, lr}
200046a2:	4c17      	ldr	r4, [pc, #92]	@ (20004700 <rp_spi_master_init+0x60>)
200046a4:	4917      	ldr	r1, [pc, #92]	@ (20004704 <rp_spi_master_init+0x64>)
200046a6:	0020      	movs	r0, r4
200046a8:	f005 f9ba 	bl	20009a20 <spi_init>
200046ac:	0005      	movs	r5, r0
200046ae:	2101      	movs	r1, #1
200046b0:	200a      	movs	r0, #10
200046b2:	f000 fc9d 	bl	20004ff0 <gpio_set_function>
200046b6:	2101      	movs	r1, #1
200046b8:	200b      	movs	r0, #11
200046ba:	f000 fc99 	bl	20004ff0 <gpio_set_function>
200046be:	2101      	movs	r1, #1
200046c0:	200c      	movs	r0, #12
200046c2:	f000 fc95 	bl	20004ff0 <gpio_set_function>
200046c6:	200d      	movs	r0, #13
200046c8:	f000 fd2d 	bl	20005126 <gpio_init>
200046cc:	23d0      	movs	r3, #208	@ 0xd0
200046ce:	061b      	lsls	r3, r3, #24
200046d0:	2280      	movs	r2, #128	@ 0x80
200046d2:	0192      	lsls	r2, r2, #6
200046d4:	625a      	str	r2, [r3, #36]	@ 0x24
200046d6:	615a      	str	r2, [r3, #20]
200046d8:	6863      	ldr	r3, [r4, #4]
200046da:	2202      	movs	r2, #2
200046dc:	4013      	ands	r3, r2
200046de:	490a      	ldr	r1, [pc, #40]	@ (20004708 <rp_spi_master_init+0x68>)
200046e0:	600a      	str	r2, [r1, #0]
200046e2:	6821      	ldr	r1, [r4, #0]
200046e4:	3205      	adds	r2, #5
200046e6:	4051      	eors	r1, r2
200046e8:	32c8      	adds	r2, #200	@ 0xc8
200046ea:	400a      	ands	r2, r1
200046ec:	4907      	ldr	r1, [pc, #28]	@ (2000470c <rp_spi_master_init+0x6c>)
200046ee:	600a      	str	r2, [r1, #0]
200046f0:	4a07      	ldr	r2, [pc, #28]	@ (20004710 <rp_spi_master_init+0x70>)
200046f2:	6013      	str	r3, [r2, #0]
200046f4:	4907      	ldr	r1, [pc, #28]	@ (20004714 <rp_spi_master_init+0x74>)
200046f6:	4808      	ldr	r0, [pc, #32]	@ (20004718 <rp_spi_master_init+0x78>)
200046f8:	f004 fd3e 	bl	20009178 <__wrap_printf>
200046fc:	0028      	movs	r0, r5
200046fe:	bd70      	pop	{r4, r5, r6, pc}
20004700:	40040000 	.word	0x40040000
20004704:	004c4b40 	.word	0x004c4b40
20004708:	40043004 	.word	0x40043004
2000470c:	40041000 	.word	0x40041000
20004710:	40042004 	.word	0x40042004
20004714:	2000bed8 	.word	0x2000bed8
20004718:	2000bbbc 	.word	0x2000bbbc

2000471c <free_all_pio_state_machines>:
2000471c:	b570      	push	{r4, r5, r6, lr}
2000471e:	0005      	movs	r5, r0
20004720:	2400      	movs	r4, #0
20004722:	e000      	b.n	20004726 <free_all_pio_state_machines+0xa>
20004724:	3401      	adds	r4, #1
20004726:	2c03      	cmp	r4, #3
20004728:	dc0a      	bgt.n	20004740 <free_all_pio_state_machines+0x24>
2000472a:	0021      	movs	r1, r4
2000472c:	0028      	movs	r0, r5
2000472e:	f005 f807 	bl	20009740 <pio_sm_is_claimed>
20004732:	2800      	cmp	r0, #0
20004734:	d0f6      	beq.n	20004724 <free_all_pio_state_machines+0x8>
20004736:	0021      	movs	r1, r4
20004738:	0028      	movs	r0, r5
2000473a:	f004 ffd5 	bl	200096e8 <pio_sm_unclaim>
2000473e:	e7f1      	b.n	20004724 <free_all_pio_state_machines+0x8>
20004740:	bd70      	pop	{r4, r5, r6, pc}
	...

20004744 <pio_destroy>:
20004744:	b570      	push	{r4, r5, r6, lr}
20004746:	4d07      	ldr	r5, [pc, #28]	@ (20004764 <pio_destroy+0x20>)
20004748:	0028      	movs	r0, r5
2000474a:	f7ff ffe7 	bl	2000471c <free_all_pio_state_machines>
2000474e:	4c06      	ldr	r4, [pc, #24]	@ (20004768 <pio_destroy+0x24>)
20004750:	0020      	movs	r0, r4
20004752:	f7ff ffe3 	bl	2000471c <free_all_pio_state_machines>
20004756:	0028      	movs	r0, r5
20004758:	f005 f81a 	bl	20009790 <pio_clear_instruction_memory>
2000475c:	0020      	movs	r0, r4
2000475e:	f005 f817 	bl	20009790 <pio_clear_instruction_memory>
20004762:	bd70      	pop	{r4, r5, r6, pc}
20004764:	50200000 	.word	0x50200000
20004768:	50300000 	.word	0x50300000

2000476c <okhi_fault_report>:
2000476c:	b510      	push	{r4, lr}
2000476e:	4c20      	ldr	r4, [pc, #128]	@ (200047f0 <okhi_fault_report+0x84>)
20004770:	4b20      	ldr	r3, [pc, #128]	@ (200047f4 <okhi_fault_report+0x88>)
20004772:	6023      	str	r3, [r4, #0]
20004774:	6803      	ldr	r3, [r0, #0]
20004776:	6163      	str	r3, [r4, #20]
20004778:	6843      	ldr	r3, [r0, #4]
2000477a:	61a3      	str	r3, [r4, #24]
2000477c:	6883      	ldr	r3, [r0, #8]
2000477e:	61e3      	str	r3, [r4, #28]
20004780:	68c3      	ldr	r3, [r0, #12]
20004782:	6223      	str	r3, [r4, #32]
20004784:	6903      	ldr	r3, [r0, #16]
20004786:	6263      	str	r3, [r4, #36]	@ 0x24
20004788:	6943      	ldr	r3, [r0, #20]
2000478a:	60a3      	str	r3, [r4, #8]
2000478c:	6983      	ldr	r3, [r0, #24]
2000478e:	6063      	str	r3, [r4, #4]
20004790:	69c3      	ldr	r3, [r0, #28]
20004792:	60e3      	str	r3, [r4, #12]
20004794:	6120      	str	r0, [r4, #16]
20004796:	23d0      	movs	r3, #208	@ 0xd0
20004798:	061b      	lsls	r3, r3, #24
2000479a:	681b      	ldr	r3, [r3, #0]
2000479c:	62a3      	str	r3, [r4, #40]	@ 0x28
2000479e:	6ae3      	ldr	r3, [r4, #44]	@ 0x2c
200047a0:	3301      	adds	r3, #1
200047a2:	62e3      	str	r3, [r4, #44]	@ 0x2c
200047a4:	4814      	ldr	r0, [pc, #80]	@ (200047f8 <okhi_fault_report+0x8c>)
200047a6:	f7fb fd83 	bl	200002b0 <rp_fault_puts>
200047aa:	6aa3      	ldr	r3, [r4, #40]	@ 0x28
200047ac:	2001      	movs	r0, #1
200047ae:	4018      	ands	r0, r3
200047b0:	3030      	adds	r0, #48	@ 0x30
200047b2:	f7fb fd6f 	bl	20000294 <rp_fault_putc>
200047b6:	4811      	ldr	r0, [pc, #68]	@ (200047fc <okhi_fault_report+0x90>)
200047b8:	f7fb fd7a 	bl	200002b0 <rp_fault_puts>
200047bc:	6861      	ldr	r1, [r4, #4]
200047be:	4810      	ldr	r0, [pc, #64]	@ (20004800 <okhi_fault_report+0x94>)
200047c0:	f7fb fd98 	bl	200002f4 <rp_fault_line>
200047c4:	68a1      	ldr	r1, [r4, #8]
200047c6:	480f      	ldr	r0, [pc, #60]	@ (20004804 <okhi_fault_report+0x98>)
200047c8:	f7fb fd94 	bl	200002f4 <rp_fault_line>
200047cc:	68e1      	ldr	r1, [r4, #12]
200047ce:	480e      	ldr	r0, [pc, #56]	@ (20004808 <okhi_fault_report+0x9c>)
200047d0:	f7fb fd90 	bl	200002f4 <rp_fault_line>
200047d4:	6921      	ldr	r1, [r4, #16]
200047d6:	480d      	ldr	r0, [pc, #52]	@ (2000480c <okhi_fault_report+0xa0>)
200047d8:	f7fb fd8c 	bl	200002f4 <rp_fault_line>
200047dc:	480c      	ldr	r0, [pc, #48]	@ (20004810 <okhi_fault_report+0xa4>)
200047de:	f7fb fd67 	bl	200002b0 <rp_fault_puts>
200047e2:	2200      	movs	r2, #0
200047e4:	2100      	movs	r1, #0
200047e6:	2000      	movs	r0, #0
200047e8:	f002 f854 	bl	20006894 <watchdog_reboot>
200047ec:	e7fe      	b.n	200047ec <okhi_fault_report+0x80>
200047ee:	46c0      	nop			@ (mov r8, r8)
200047f0:	200000c0 	.word	0x200000c0
200047f4:	fa017edc 	.word	0xfa017edc
200047f8:	2000bbd4 	.word	0x2000bbd4
200047fc:	2000bbf0 	.word	0x2000bbf0
20004800:	2000bbf8 	.word	0x2000bbf8
20004804:	2000bc00 	.word	0x2000bc00
20004808:	2000bc08 	.word	0x2000bc08
2000480c:	2000bc10 	.word	0x2000bc10
20004810:	2000bc18 	.word	0x2000bc18

20004814 <isr_hardfault>:
20004814:	4671      	mov	r1, lr
20004816:	2004      	movs	r0, #4
20004818:	4208      	tst	r0, r1
2000481a:	d102      	bne.n	20004822 <isr_hardfault+0xe>
2000481c:	f3ef 8008 	mrs	r0, MSP
20004820:	e001      	b.n	20004826 <isr_hardfault+0x12>
20004822:	f3ef 8009 	mrs	r0, PSP
20004826:	4a01      	ldr	r2, [pc, #4]	@ (2000482c <isr_hardfault+0x18>)
20004828:	4710      	bx	r2
2000482a:	0000      	.short	0x0000
2000482c:	2000476d 	.word	0x2000476d

20004830 <main>:
20004830:	b5f0      	push	{r4, r5, r6, r7, lr}
20004832:	46de      	mov	lr, fp
20004834:	4657      	mov	r7, sl
20004836:	464e      	mov	r6, r9
20004838:	4645      	mov	r5, r8
2000483a:	b5e0      	push	{r5, r6, r7, lr}
2000483c:	b095      	sub	sp, #84	@ 0x54
2000483e:	f002 f821 	bl	20006884 <watchdog_disable>
20004842:	f7ff fdcd 	bl	200043e0 <boot_press>
20004846:	f7fd fe3b 	bl	200024c0 <ota_boot_check>
2000484a:	2002      	movs	r0, #2
2000484c:	f7fb ffe6 	bl	2000081c <blink_led>
20004850:	f7ff fddc 	bl	2000440c <delay_boot_if_esp_reset_detected>
20004854:	f7ff fef6 	bl	20004644 <rp_board_boot_init>
20004858:	f7fc f852 	bl	20000900 <report_last_fault>
2000485c:	4bfa      	ldr	r3, [pc, #1000]	@ (20004c48 <main+0x418>)
2000485e:	4afb      	ldr	r2, [pc, #1004]	@ (20004c4c <main+0x41c>)
20004860:	49fb      	ldr	r1, [pc, #1004]	@ (20004c50 <main+0x420>)
20004862:	6809      	ldr	r1, [r1, #0]
20004864:	48fb      	ldr	r0, [pc, #1004]	@ (20004c54 <main+0x424>)
20004866:	f004 fc87 	bl	20009178 <__wrap_printf>
2000486a:	4bfb      	ldr	r3, [pc, #1004]	@ (20004c58 <main+0x428>)
2000486c:	681b      	ldr	r3, [r3, #0]
2000486e:	6898      	ldr	r0, [r3, #8]
20004870:	f005 fa14 	bl	20009c9c <fflush>
20004874:	f7ff ff14 	bl	200046a0 <rp_spi_master_init>
20004878:	0004      	movs	r4, r0
2000487a:	f003 f86f 	bl	2000795c <__wrap___aeabi_ui2f>
2000487e:	f003 f89d 	bl	200079bc <__wrap___aeabi_f2d>
20004882:	2200      	movs	r2, #0
20004884:	4bf5      	ldr	r3, [pc, #980]	@ (20004c5c <main+0x42c>)
20004886:	f002 fbfa 	bl	2000707e <__wrap___aeabi_ddiv>
2000488a:	0002      	movs	r2, r0
2000488c:	000b      	movs	r3, r1
2000488e:	48f4      	ldr	r0, [pc, #976]	@ (20004c60 <main+0x430>)
20004890:	9400      	str	r4, [sp, #0]
20004892:	f004 fc71 	bl	20009178 <__wrap_printf>
20004896:	24d0      	movs	r4, #208	@ 0xd0
20004898:	0624      	lsls	r4, r4, #24
2000489a:	2380      	movs	r3, #128	@ 0x80
2000489c:	009b      	lsls	r3, r3, #2
2000489e:	61a3      	str	r3, [r4, #24]
200048a0:	f7fc f862 	bl	20000968 <report_flash_layout>
200048a4:	f7fd fadc 	bl	20001e60 <report_flash_size>
200048a8:	f7fc fa84 	bl	20000db4 <report_ota_state>
200048ac:	2014      	movs	r0, #20
200048ae:	f000 fc3a 	bl	20005126 <gpio_init>
200048b2:	2380      	movs	r3, #128	@ 0x80
200048b4:	035b      	lsls	r3, r3, #13
200048b6:	62a3      	str	r3, [r4, #40]	@ 0x28
200048b8:	2200      	movs	r2, #0
200048ba:	2101      	movs	r1, #1
200048bc:	2014      	movs	r0, #20
200048be:	f000 fbb1 	bl	20005024 <gpio_set_pulls>
200048c2:	2015      	movs	r0, #21
200048c4:	f000 fc2f 	bl	20005126 <gpio_init>
200048c8:	2380      	movs	r3, #128	@ 0x80
200048ca:	039b      	lsls	r3, r3, #14
200048cc:	62a3      	str	r3, [r4, #40]	@ 0x28
200048ce:	2200      	movs	r2, #0
200048d0:	2101      	movs	r1, #1
200048d2:	2015      	movs	r0, #21
200048d4:	f000 fba6 	bl	20005024 <gpio_set_pulls>
200048d8:	2016      	movs	r0, #22
200048da:	f000 fc24 	bl	20005126 <gpio_init>
200048de:	2380      	movs	r3, #128	@ 0x80
200048e0:	03db      	lsls	r3, r3, #15
200048e2:	6263      	str	r3, [r4, #36]	@ 0x24
200048e4:	61a3      	str	r3, [r4, #24]
200048e6:	2013      	movs	r0, #19
200048e8:	f000 fc1d 	bl	20005126 <gpio_init>
200048ec:	2380      	movs	r3, #128	@ 0x80
200048ee:	031b      	lsls	r3, r3, #12
200048f0:	6263      	str	r3, [r4, #36]	@ 0x24
200048f2:	6163      	str	r3, [r4, #20]
200048f4:	46c0      	nop			@ (mov r8, r8)
200048f6:	46c0      	nop			@ (mov r8, r8)
200048f8:	46c0      	nop			@ (mov r8, r8)
200048fa:	46c0      	nop			@ (mov r8, r8)
200048fc:	46c0      	nop			@ (mov r8, r8)
200048fe:	46c0      	nop			@ (mov r8, r8)
20004900:	6861      	ldr	r1, [r4, #4]
20004902:	0289      	lsls	r1, r1, #10
20004904:	0fc9      	lsrs	r1, r1, #31
20004906:	48d7      	ldr	r0, [pc, #860]	@ (20004c64 <main+0x434>)
20004908:	f004 fc36 	bl	20009178 <__wrap_printf>
2000490c:	6861      	ldr	r1, [r4, #4]
2000490e:	02c9      	lsls	r1, r1, #11
20004910:	0fc9      	lsrs	r1, r1, #31
20004912:	48d5      	ldr	r0, [pc, #852]	@ (20004c68 <main+0x438>)
20004914:	f004 fc30 	bl	20009178 <__wrap_printf>
20004918:	6861      	ldr	r1, [r4, #4]
2000491a:	0249      	lsls	r1, r1, #9
2000491c:	0fc9      	lsrs	r1, r1, #31
2000491e:	48d3      	ldr	r0, [pc, #844]	@ (20004c6c <main+0x43c>)
20004920:	f004 fc2a 	bl	20009178 <__wrap_printf>
20004924:	6861      	ldr	r1, [r4, #4]
20004926:	0309      	lsls	r1, r1, #12
20004928:	0fc9      	lsrs	r1, r1, #31
2000492a:	48d1      	ldr	r0, [pc, #836]	@ (20004c70 <main+0x440>)
2000492c:	f004 fc24 	bl	20009178 <__wrap_printf>
20004930:	f7ff ff08 	bl	20004744 <pio_destroy>
20004934:	4dcf      	ldr	r5, [pc, #828]	@ (20004c74 <main+0x444>)
20004936:	2101      	movs	r1, #1
20004938:	0028      	movs	r0, r5
2000493a:	f004 fee5 	bl	20009708 <pio_claim_unused_sm>
2000493e:	4bce      	ldr	r3, [pc, #824]	@ (20004c78 <main+0x448>)
20004940:	4698      	mov	r8, r3
20004942:	6018      	str	r0, [r3, #0]
20004944:	49cd      	ldr	r1, [pc, #820]	@ (20004c7c <main+0x44c>)
20004946:	0028      	movs	r0, r5
20004948:	f004 ff0a 	bl	20009760 <pio_add_program>
2000494c:	4bcc      	ldr	r3, [pc, #816]	@ (20004c80 <main+0x450>)
2000494e:	4699      	mov	r9, r3
20004950:	6018      	str	r0, [r3, #0]
20004952:	4fcc      	ldr	r7, [pc, #816]	@ (20004c84 <main+0x454>)
20004954:	6839      	ldr	r1, [r7, #0]
20004956:	2300      	movs	r3, #0
20004958:	469b      	mov	fp, r3
2000495a:	9300      	str	r3, [sp, #0]
2000495c:	3302      	adds	r3, #2
2000495e:	2214      	movs	r2, #20
20004960:	0028      	movs	r0, r5
20004962:	f004 ff33 	bl	200097cc <pio_sm_set_consecutive_pindirs>
20004966:	464b      	mov	r3, r9
20004968:	6819      	ldr	r1, [r3, #0]
2000496a:	ac10      	add	r4, sp, #64	@ 0x40
2000496c:	0020      	movs	r0, r4
2000496e:	f7fb fc43 	bl	200001f8 <device_to_host_program_get_default_config>
20004972:	9b13      	ldr	r3, [sp, #76]	@ 0x4c
20004974:	4ac4      	ldr	r2, [pc, #784]	@ (20004c88 <main+0x458>)
20004976:	4013      	ands	r3, r2
20004978:	21a0      	movs	r1, #160	@ 0xa0
2000497a:	0309      	lsls	r1, r1, #12
2000497c:	430b      	orrs	r3, r1
2000497e:	9313      	str	r3, [sp, #76]	@ 0x4c
20004980:	9b12      	ldr	r3, [sp, #72]	@ 0x48
20004982:	4ec2      	ldr	r6, [pc, #776]	@ (20004c8c <main+0x45c>)
20004984:	401e      	ands	r6, r3
20004986:	0032      	movs	r2, r6
20004988:	2080      	movs	r0, #128	@ 0x80
2000498a:	02c0      	lsls	r0, r0, #11
2000498c:	4302      	orrs	r2, r0
2000498e:	9212      	str	r2, [sp, #72]	@ 0x48
20004990:	9a11      	ldr	r2, [sp, #68]	@ 0x44
20004992:	4ebf      	ldr	r6, [pc, #764]	@ (20004c90 <main+0x460>)
20004994:	4032      	ands	r2, r6
20004996:	26a8      	movs	r6, #168	@ 0xa8
20004998:	0576      	lsls	r6, r6, #21
2000499a:	4332      	orrs	r2, r6
2000499c:	9211      	str	r2, [sp, #68]	@ 0x44
2000499e:	49bd      	ldr	r1, [pc, #756]	@ (20004c94 <main+0x464>)
200049a0:	400b      	ands	r3, r1
200049a2:	4303      	orrs	r3, r0
200049a4:	2680      	movs	r6, #128	@ 0x80
200049a6:	0636      	lsls	r6, r6, #24
200049a8:	4333      	orrs	r3, r6
200049aa:	9312      	str	r3, [sp, #72]	@ 0x48
200049ac:	2005      	movs	r0, #5
200049ae:	f001 fdcb 	bl	20006548 <clock_get_hz>
200049b2:	f002 ffd3 	bl	2000795c <__wrap___aeabi_ui2f>
200049b6:	49b8      	ldr	r1, [pc, #736]	@ (20004c98 <main+0x468>)
200049b8:	f002 ffb1 	bl	2000791e <__wrap___aeabi_fdiv>
200049bc:	1c01      	adds	r1, r0, #0
200049be:	0020      	movs	r0, r4
200049c0:	f7fb fb98 	bl	200000f4 <sm_config_set_clkdiv>
200049c4:	4643      	mov	r3, r8
200049c6:	6819      	ldr	r1, [r3, #0]
200049c8:	464b      	mov	r3, r9
200049ca:	681a      	ldr	r2, [r3, #0]
200049cc:	0023      	movs	r3, r4
200049ce:	0028      	movs	r0, r5
200049d0:	f004 ff5a 	bl	20009888 <pio_sm_init>
200049d4:	4643      	mov	r3, r8
200049d6:	681a      	ldr	r2, [r3, #0]
200049d8:	682b      	ldr	r3, [r5, #0]
200049da:	2401      	movs	r4, #1
200049dc:	0021      	movs	r1, r4
200049de:	4091      	lsls	r1, r2
200049e0:	438b      	bics	r3, r1
200049e2:	602b      	str	r3, [r5, #0]
200049e4:	4643      	mov	r3, r8
200049e6:	681a      	ldr	r2, [r3, #0]
200049e8:	0053      	lsls	r3, r2, #1
200049ea:	189b      	adds	r3, r3, r2
200049ec:	00db      	lsls	r3, r3, #3
200049ee:	4aab      	ldr	r2, [pc, #684]	@ (20004c9c <main+0x46c>)
200049f0:	4694      	mov	ip, r2
200049f2:	4463      	add	r3, ip
200049f4:	601e      	str	r6, [r3, #0]
200049f6:	601e      	str	r6, [r3, #0]
200049f8:	4643      	mov	r3, r8
200049fa:	681b      	ldr	r3, [r3, #0]
200049fc:	3304      	adds	r3, #4
200049fe:	0022      	movs	r2, r4
20004a00:	409a      	lsls	r2, r3
20004a02:	0013      	movs	r3, r2
20004a04:	4aa6      	ldr	r2, [pc, #664]	@ (20004ca0 <main+0x470>)
20004a06:	4692      	mov	sl, r2
20004a08:	6013      	str	r3, [r2, #0]
20004a0a:	4643      	mov	r3, r8
20004a0c:	681b      	ldr	r3, [r3, #0]
20004a0e:	3308      	adds	r3, #8
20004a10:	0022      	movs	r2, r4
20004a12:	409a      	lsls	r2, r3
20004a14:	0013      	movs	r3, r2
20004a16:	4652      	mov	r2, sl
20004a18:	6013      	str	r3, [r2, #0]
20004a1a:	4643      	mov	r3, r8
20004a1c:	681a      	ldr	r2, [r3, #0]
20004a1e:	682b      	ldr	r3, [r5, #0]
20004a20:	0021      	movs	r1, r4
20004a22:	4091      	lsls	r1, r2
20004a24:	430b      	orrs	r3, r1
20004a26:	602b      	str	r3, [r5, #0]
20004a28:	4643      	mov	r3, r8
20004a2a:	6819      	ldr	r1, [r3, #0]
20004a2c:	464b      	mov	r3, r9
20004a2e:	681a      	ldr	r2, [r3, #0]
20004a30:	231f      	movs	r3, #31
20004a32:	401a      	ands	r2, r3
20004a34:	004b      	lsls	r3, r1, #1
20004a36:	185b      	adds	r3, r3, r1
20004a38:	00db      	lsls	r3, r3, #3
20004a3a:	499a      	ldr	r1, [pc, #616]	@ (20004ca4 <main+0x474>)
20004a3c:	468c      	mov	ip, r1
20004a3e:	4463      	add	r3, ip
20004a40:	601a      	str	r2, [r3, #0]
20004a42:	2101      	movs	r1, #1
20004a44:	0028      	movs	r0, r5
20004a46:	f004 fe5f 	bl	20009708 <pio_claim_unused_sm>
20004a4a:	4680      	mov	r8, r0
20004a4c:	4996      	ldr	r1, [pc, #600]	@ (20004ca8 <main+0x478>)
20004a4e:	0028      	movs	r0, r5
20004a50:	f004 fe86 	bl	20009760 <pio_add_program>
20004a54:	9003      	str	r0, [sp, #12]
20004a56:	465b      	mov	r3, fp
20004a58:	9300      	str	r3, [sp, #0]
20004a5a:	3302      	adds	r3, #2
20004a5c:	2214      	movs	r2, #20
20004a5e:	4641      	mov	r1, r8
20004a60:	0028      	movs	r0, r5
20004a62:	f004 feb3 	bl	200097cc <pio_sm_set_consecutive_pindirs>
20004a66:	ab0c      	add	r3, sp, #48	@ 0x30
20004a68:	4699      	mov	r9, r3
20004a6a:	9903      	ldr	r1, [sp, #12]
20004a6c:	0018      	movs	r0, r3
20004a6e:	f7fb fbd7 	bl	20000220 <idle_signal_program_get_default_config>
20004a72:	464b      	mov	r3, r9
20004a74:	68db      	ldr	r3, [r3, #12]
20004a76:	4a84      	ldr	r2, [pc, #528]	@ (20004c88 <main+0x458>)
20004a78:	4013      	ands	r3, r2
20004a7a:	20a0      	movs	r0, #160	@ 0xa0
20004a7c:	0300      	lsls	r0, r0, #12
20004a7e:	4303      	orrs	r3, r0
20004a80:	464a      	mov	r2, r9
20004a82:	60d3      	str	r3, [r2, #12]
20004a84:	6893      	ldr	r3, [r2, #8]
20004a86:	009b      	lsls	r3, r3, #2
20004a88:	089b      	lsrs	r3, r3, #2
20004a8a:	4333      	orrs	r3, r6
20004a8c:	6093      	str	r3, [r2, #8]
20004a8e:	6853      	ldr	r3, [r2, #4]
20004a90:	497f      	ldr	r1, [pc, #508]	@ (20004c90 <main+0x460>)
20004a92:	400b      	ands	r3, r1
20004a94:	22a8      	movs	r2, #168	@ 0xa8
20004a96:	0552      	lsls	r2, r2, #21
20004a98:	4313      	orrs	r3, r2
20004a9a:	464a      	mov	r2, r9
20004a9c:	6053      	str	r3, [r2, #4]
20004a9e:	2005      	movs	r0, #5
20004aa0:	f001 fd52 	bl	20006548 <clock_get_hz>
20004aa4:	f002 fb74 	bl	20007190 <__wrap___aeabi_ui2d>
20004aa8:	2200      	movs	r2, #0
20004aaa:	4b6c      	ldr	r3, [pc, #432]	@ (20004c5c <main+0x42c>)
20004aac:	f002 fae7 	bl	2000707e <__wrap___aeabi_ddiv>
20004ab0:	f002 fbba 	bl	20007228 <__wrap___aeabi_d2f>
20004ab4:	1c01      	adds	r1, r0, #0
20004ab6:	4648      	mov	r0, r9
20004ab8:	f7fb fb1c 	bl	200000f4 <sm_config_set_clkdiv>
20004abc:	4b7b      	ldr	r3, [pc, #492]	@ (20004cac <main+0x47c>)
20004abe:	22f0      	movs	r2, #240	@ 0xf0
20004ac0:	0112      	lsls	r2, r2, #4
20004ac2:	601a      	str	r2, [r3, #0]
20004ac4:	497a      	ldr	r1, [pc, #488]	@ (20004cb0 <main+0x480>)
20004ac6:	2009      	movs	r0, #9
20004ac8:	f000 fcb6 	bl	20005438 <irq_set_exclusive_handler>
20004acc:	2101      	movs	r1, #1
20004ace:	2009      	movs	r0, #9
20004ad0:	f000 fc92 	bl	200053f8 <irq_set_enabled>
20004ad4:	464b      	mov	r3, r9
20004ad6:	9a03      	ldr	r2, [sp, #12]
20004ad8:	4691      	mov	r9, r2
20004ada:	4641      	mov	r1, r8
20004adc:	0028      	movs	r0, r5
20004ade:	f004 fed3 	bl	20009888 <pio_sm_init>
20004ae2:	682b      	ldr	r3, [r5, #0]
20004ae4:	0021      	movs	r1, r4
20004ae6:	4640      	mov	r0, r8
20004ae8:	4081      	lsls	r1, r0
20004aea:	438b      	bics	r3, r1
20004aec:	602b      	str	r3, [r5, #0]
20004aee:	0043      	lsls	r3, r0, #1
20004af0:	181a      	adds	r2, r3, r0
20004af2:	00d2      	lsls	r2, r2, #3
20004af4:	4869      	ldr	r0, [pc, #420]	@ (20004c9c <main+0x46c>)
20004af6:	4684      	mov	ip, r0
20004af8:	4462      	add	r2, ip
20004afa:	6016      	str	r6, [r2, #0]
20004afc:	6016      	str	r6, [r2, #0]
20004afe:	4640      	mov	r0, r8
20004b00:	1d02      	adds	r2, r0, #4
20004b02:	0020      	movs	r0, r4
20004b04:	4090      	lsls	r0, r2
20004b06:	0002      	movs	r2, r0
20004b08:	4650      	mov	r0, sl
20004b0a:	6002      	str	r2, [r0, #0]
20004b0c:	4640      	mov	r0, r8
20004b0e:	3008      	adds	r0, #8
20004b10:	0002      	movs	r2, r0
20004b12:	0020      	movs	r0, r4
20004b14:	4090      	lsls	r0, r2
20004b16:	0002      	movs	r2, r0
20004b18:	4650      	mov	r0, sl
20004b1a:	6002      	str	r2, [r0, #0]
20004b1c:	682a      	ldr	r2, [r5, #0]
20004b1e:	430a      	orrs	r2, r1
20004b20:	602a      	str	r2, [r5, #0]
20004b22:	4649      	mov	r1, r9
20004b24:	251f      	movs	r5, #31
20004b26:	4029      	ands	r1, r5
20004b28:	4443      	add	r3, r8
20004b2a:	00db      	lsls	r3, r3, #3
20004b2c:	4d5d      	ldr	r5, [pc, #372]	@ (20004ca4 <main+0x474>)
20004b2e:	46ac      	mov	ip, r5
20004b30:	4463      	add	r3, ip
20004b32:	6019      	str	r1, [r3, #0]
20004b34:	4d5f      	ldr	r5, [pc, #380]	@ (20004cb4 <main+0x484>)
20004b36:	2101      	movs	r1, #1
20004b38:	0028      	movs	r0, r5
20004b3a:	f004 fde5 	bl	20009708 <pio_claim_unused_sm>
20004b3e:	4680      	mov	r8, r0
20004b40:	495d      	ldr	r1, [pc, #372]	@ (20004cb8 <main+0x488>)
20004b42:	0028      	movs	r0, r5
20004b44:	f004 fe0c 	bl	20009760 <pio_add_program>
20004b48:	4682      	mov	sl, r0
20004b4a:	465b      	mov	r3, fp
20004b4c:	9300      	str	r3, [sp, #0]
20004b4e:	3302      	adds	r3, #2
20004b50:	2214      	movs	r2, #20
20004b52:	4641      	mov	r1, r8
20004b54:	0028      	movs	r0, r5
20004b56:	f004 fe39 	bl	200097cc <pio_sm_set_consecutive_pindirs>
20004b5a:	ab08      	add	r3, sp, #32
20004b5c:	4699      	mov	r9, r3
20004b5e:	4651      	mov	r1, sl
20004b60:	0018      	movs	r0, r3
20004b62:	f7fb fb35 	bl	200001d0 <inhibited_signal_program_get_default_config>
20004b66:	464b      	mov	r3, r9
20004b68:	68db      	ldr	r3, [r3, #12]
20004b6a:	4a47      	ldr	r2, [pc, #284]	@ (20004c88 <main+0x458>)
20004b6c:	4013      	ands	r3, r2
20004b6e:	20a0      	movs	r0, #160	@ 0xa0
20004b70:	0300      	lsls	r0, r0, #12
20004b72:	4303      	orrs	r3, r0
20004b74:	4649      	mov	r1, r9
20004b76:	60cb      	str	r3, [r1, #12]
20004b78:	688b      	ldr	r3, [r1, #8]
20004b7a:	009b      	lsls	r3, r3, #2
20004b7c:	089b      	lsrs	r3, r3, #2
20004b7e:	4333      	orrs	r3, r6
20004b80:	608b      	str	r3, [r1, #8]
20004b82:	684b      	ldr	r3, [r1, #4]
20004b84:	4942      	ldr	r1, [pc, #264]	@ (20004c90 <main+0x460>)
20004b86:	400b      	ands	r3, r1
20004b88:	22a8      	movs	r2, #168	@ 0xa8
20004b8a:	0552      	lsls	r2, r2, #21
20004b8c:	4313      	orrs	r3, r2
20004b8e:	4649      	mov	r1, r9
20004b90:	604b      	str	r3, [r1, #4]
20004b92:	2005      	movs	r0, #5
20004b94:	f001 fcd8 	bl	20006548 <clock_get_hz>
20004b98:	f002 fafa 	bl	20007190 <__wrap___aeabi_ui2d>
20004b9c:	2200      	movs	r2, #0
20004b9e:	4b2f      	ldr	r3, [pc, #188]	@ (20004c5c <main+0x42c>)
20004ba0:	f002 fa6d 	bl	2000707e <__wrap___aeabi_ddiv>
20004ba4:	f002 fb40 	bl	20007228 <__wrap___aeabi_d2f>
20004ba8:	1c01      	adds	r1, r0, #0
20004baa:	4648      	mov	r0, r9
20004bac:	f7fb faa2 	bl	200000f4 <sm_config_set_clkdiv>
20004bb0:	4b42      	ldr	r3, [pc, #264]	@ (20004cbc <main+0x48c>)
20004bb2:	22f0      	movs	r2, #240	@ 0xf0
20004bb4:	0112      	lsls	r2, r2, #4
20004bb6:	601a      	str	r2, [r3, #0]
20004bb8:	4941      	ldr	r1, [pc, #260]	@ (20004cc0 <main+0x490>)
20004bba:	2007      	movs	r0, #7
20004bbc:	f000 fc3c 	bl	20005438 <irq_set_exclusive_handler>
20004bc0:	2101      	movs	r1, #1
20004bc2:	2007      	movs	r0, #7
20004bc4:	f000 fc18 	bl	200053f8 <irq_set_enabled>
20004bc8:	464b      	mov	r3, r9
20004bca:	4652      	mov	r2, sl
20004bcc:	4641      	mov	r1, r8
20004bce:	0028      	movs	r0, r5
20004bd0:	f004 fe5a 	bl	20009888 <pio_sm_init>
20004bd4:	682b      	ldr	r3, [r5, #0]
20004bd6:	0022      	movs	r2, r4
20004bd8:	4641      	mov	r1, r8
20004bda:	408a      	lsls	r2, r1
20004bdc:	0011      	movs	r1, r2
20004bde:	4393      	bics	r3, r2
20004be0:	602b      	str	r3, [r5, #0]
20004be2:	4643      	mov	r3, r8
20004be4:	005b      	lsls	r3, r3, #1
20004be6:	4642      	mov	r2, r8
20004be8:	189a      	adds	r2, r3, r2
20004bea:	00d2      	lsls	r2, r2, #3
20004bec:	4835      	ldr	r0, [pc, #212]	@ (20004cc4 <main+0x494>)
20004bee:	4684      	mov	ip, r0
20004bf0:	4462      	add	r2, ip
20004bf2:	6016      	str	r6, [r2, #0]
20004bf4:	6016      	str	r6, [r2, #0]
20004bf6:	4642      	mov	r2, r8
20004bf8:	3204      	adds	r2, #4
20004bfa:	0020      	movs	r0, r4
20004bfc:	4090      	lsls	r0, r2
20004bfe:	0002      	movs	r2, r0
20004c00:	4831      	ldr	r0, [pc, #196]	@ (20004cc8 <main+0x498>)
20004c02:	4681      	mov	r9, r0
20004c04:	6002      	str	r2, [r0, #0]
20004c06:	4642      	mov	r2, r8
20004c08:	3208      	adds	r2, #8
20004c0a:	0020      	movs	r0, r4
20004c0c:	4090      	lsls	r0, r2
20004c0e:	0002      	movs	r2, r0
20004c10:	4648      	mov	r0, r9
20004c12:	6002      	str	r2, [r0, #0]
20004c14:	682a      	ldr	r2, [r5, #0]
20004c16:	430a      	orrs	r2, r1
20004c18:	602a      	str	r2, [r5, #0]
20004c1a:	4652      	mov	r2, sl
20004c1c:	211f      	movs	r1, #31
20004c1e:	400a      	ands	r2, r1
20004c20:	4443      	add	r3, r8
20004c22:	00db      	lsls	r3, r3, #3
20004c24:	4929      	ldr	r1, [pc, #164]	@ (20004ccc <main+0x49c>)
20004c26:	468c      	mov	ip, r1
20004c28:	4463      	add	r3, ip
20004c2a:	601a      	str	r2, [r3, #0]
20004c2c:	2101      	movs	r1, #1
20004c2e:	0028      	movs	r0, r5
20004c30:	f004 fd6a 	bl	20009708 <pio_claim_unused_sm>
20004c34:	6038      	str	r0, [r7, #0]
20004c36:	4926      	ldr	r1, [pc, #152]	@ (20004cd0 <main+0x4a0>)
20004c38:	0028      	movs	r0, r5
20004c3a:	f004 fd91 	bl	20009760 <pio_add_program>
20004c3e:	4b25      	ldr	r3, [pc, #148]	@ (20004cd4 <main+0x4a4>)
20004c40:	4698      	mov	r8, r3
20004c42:	6018      	str	r0, [r3, #0]
20004c44:	e048      	b.n	20004cd8 <main+0x4a8>
20004c46:	46c0      	nop			@ (mov r8, r8)
20004c48:	2000bc24 	.word	0x2000bc24
20004c4c:	2000bc30 	.word	0x2000bc30
20004c50:	2000ceec 	.word	0x2000ceec
20004c54:	2000bc3c 	.word	0x2000bc3c
20004c58:	2000d3b4 	.word	0x2000d3b4
20004c5c:	412e8480 	.word	0x412e8480
20004c60:	2000bc74 	.word	0x2000bc74
20004c64:	2000bc90 	.word	0x2000bc90
20004c68:	2000bca0 	.word	0x2000bca0
20004c6c:	2000bcb0 	.word	0x2000bcb0
20004c70:	2000bcc4 	.word	0x2000bcc4
20004c74:	50300000 	.word	0x50300000
20004c78:	2000f28c 	.word	0x2000f28c
20004c7c:	2000cb94 	.word	0x2000cb94
20004c80:	2000f2e0 	.word	0x2000f2e0
20004c84:	2000f290 	.word	0x2000f290
20004c88:	fff07fff 	.word	0xfff07fff
20004c8c:	fe0affff 	.word	0xfe0affff
20004c90:	e0ffffff 	.word	0xe0ffffff
20004c94:	3e0affff 	.word	0x3e0affff
20004c98:	48027800 	.word	0x48027800
20004c9c:	503010d0 	.word	0x503010d0
20004ca0:	50302000 	.word	0x50302000
20004ca4:	503000d8 	.word	0x503000d8
20004ca8:	2000cb7c 	.word	0x2000cb7c
20004cac:	5030212c 	.word	0x5030212c
20004cb0:	20000781 	.word	0x20000781
20004cb4:	50200000 	.word	0x50200000
20004cb8:	2000cbe4 	.word	0x2000cbe4
20004cbc:	5020212c 	.word	0x5020212c
20004cc0:	2000074d 	.word	0x2000074d
20004cc4:	502010d0 	.word	0x502010d0
20004cc8:	50202000 	.word	0x50202000
20004ccc:	502000d8 	.word	0x502000d8
20004cd0:	2000cbbc 	.word	0x2000cbbc
20004cd4:	2000f2dc 	.word	0x2000f2dc
20004cd8:	6839      	ldr	r1, [r7, #0]
20004cda:	465b      	mov	r3, fp
20004cdc:	9300      	str	r3, [sp, #0]
20004cde:	3303      	adds	r3, #3
20004ce0:	2214      	movs	r2, #20
20004ce2:	0028      	movs	r0, r5
20004ce4:	f004 fd72 	bl	200097cc <pio_sm_set_consecutive_pindirs>
20004ce8:	4643      	mov	r3, r8
20004cea:	6819      	ldr	r1, [r3, #0]
20004cec:	ab04      	add	r3, sp, #16
20004cee:	469a      	mov	sl, r3
20004cf0:	0018      	movs	r0, r3
20004cf2:	f7fb fa81 	bl	200001f8 <device_to_host_program_get_default_config>
20004cf6:	4653      	mov	r3, sl
20004cf8:	68db      	ldr	r3, [r3, #12]
20004cfa:	4a72      	ldr	r2, [pc, #456]	@ (20004ec4 <main+0x694>)
20004cfc:	4013      	ands	r3, r2
20004cfe:	20a0      	movs	r0, #160	@ 0xa0
20004d00:	0300      	lsls	r0, r0, #12
20004d02:	4303      	orrs	r3, r0
20004d04:	4652      	mov	r2, sl
20004d06:	60d3      	str	r3, [r2, #12]
20004d08:	6892      	ldr	r2, [r2, #8]
20004d0a:	4b6f      	ldr	r3, [pc, #444]	@ (20004ec8 <main+0x698>)
20004d0c:	4013      	ands	r3, r2
20004d0e:	2080      	movs	r0, #128	@ 0x80
20004d10:	02c0      	lsls	r0, r0, #11
20004d12:	4303      	orrs	r3, r0
20004d14:	4650      	mov	r0, sl
20004d16:	6083      	str	r3, [r0, #8]
20004d18:	6841      	ldr	r1, [r0, #4]
20004d1a:	4b6c      	ldr	r3, [pc, #432]	@ (20004ecc <main+0x69c>)
20004d1c:	4019      	ands	r1, r3
20004d1e:	23b0      	movs	r3, #176	@ 0xb0
20004d20:	055b      	lsls	r3, r3, #21
20004d22:	430b      	orrs	r3, r1
20004d24:	6043      	str	r3, [r0, #4]
20004d26:	486a      	ldr	r0, [pc, #424]	@ (20004ed0 <main+0x6a0>)
20004d28:	4002      	ands	r2, r0
20004d2a:	2380      	movs	r3, #128	@ 0x80
20004d2c:	02db      	lsls	r3, r3, #11
20004d2e:	4313      	orrs	r3, r2
20004d30:	4333      	orrs	r3, r6
20004d32:	4652      	mov	r2, sl
20004d34:	6093      	str	r3, [r2, #8]
20004d36:	2005      	movs	r0, #5
20004d38:	f001 fc06 	bl	20006548 <clock_get_hz>
20004d3c:	f002 fe0e 	bl	2000795c <__wrap___aeabi_ui2f>
20004d40:	4964      	ldr	r1, [pc, #400]	@ (20004ed4 <main+0x6a4>)
20004d42:	f002 fdec 	bl	2000791e <__wrap___aeabi_fdiv>
20004d46:	1c01      	adds	r1, r0, #0
20004d48:	4650      	mov	r0, sl
20004d4a:	f7fb f9d3 	bl	200000f4 <sm_config_set_clkdiv>
20004d4e:	6839      	ldr	r1, [r7, #0]
20004d50:	4642      	mov	r2, r8
20004d52:	6812      	ldr	r2, [r2, #0]
20004d54:	4653      	mov	r3, sl
20004d56:	0028      	movs	r0, r5
20004d58:	f004 fd96 	bl	20009888 <pio_sm_init>
20004d5c:	683a      	ldr	r2, [r7, #0]
20004d5e:	682b      	ldr	r3, [r5, #0]
20004d60:	0020      	movs	r0, r4
20004d62:	4090      	lsls	r0, r2
20004d64:	4383      	bics	r3, r0
20004d66:	602b      	str	r3, [r5, #0]
20004d68:	683a      	ldr	r2, [r7, #0]
20004d6a:	0053      	lsls	r3, r2, #1
20004d6c:	189b      	adds	r3, r3, r2
20004d6e:	00db      	lsls	r3, r3, #3
20004d70:	4a59      	ldr	r2, [pc, #356]	@ (20004ed8 <main+0x6a8>)
20004d72:	4694      	mov	ip, r2
20004d74:	4463      	add	r3, ip
20004d76:	601e      	str	r6, [r3, #0]
20004d78:	601e      	str	r6, [r3, #0]
20004d7a:	683b      	ldr	r3, [r7, #0]
20004d7c:	3304      	adds	r3, #4
20004d7e:	0022      	movs	r2, r4
20004d80:	409a      	lsls	r2, r3
20004d82:	0013      	movs	r3, r2
20004d84:	464a      	mov	r2, r9
20004d86:	6013      	str	r3, [r2, #0]
20004d88:	683b      	ldr	r3, [r7, #0]
20004d8a:	3308      	adds	r3, #8
20004d8c:	0022      	movs	r2, r4
20004d8e:	409a      	lsls	r2, r3
20004d90:	0013      	movs	r3, r2
20004d92:	464a      	mov	r2, r9
20004d94:	6013      	str	r3, [r2, #0]
20004d96:	683a      	ldr	r2, [r7, #0]
20004d98:	682b      	ldr	r3, [r5, #0]
20004d9a:	4094      	lsls	r4, r2
20004d9c:	431c      	orrs	r4, r3
20004d9e:	602c      	str	r4, [r5, #0]
20004da0:	6839      	ldr	r1, [r7, #0]
20004da2:	4642      	mov	r2, r8
20004da4:	6812      	ldr	r2, [r2, #0]
20004da6:	231f      	movs	r3, #31
20004da8:	401a      	ands	r2, r3
20004daa:	004b      	lsls	r3, r1, #1
20004dac:	185b      	adds	r3, r3, r1
20004dae:	00db      	lsls	r3, r3, #3
20004db0:	494a      	ldr	r1, [pc, #296]	@ (20004edc <main+0x6ac>)
20004db2:	468c      	mov	ip, r1
20004db4:	4463      	add	r3, ip
20004db6:	601a      	str	r2, [r3, #0]
20004db8:	f7fb fcbe 	bl	20000738 <start_device_to_host_sm>
20004dbc:	f7fb fc9a 	bl	200006f4 <restart_host_to_device_sm>
20004dc0:	4c47      	ldr	r4, [pc, #284]	@ (20004ee0 <main+0x6b0>)
20004dc2:	0020      	movs	r0, r4
20004dc4:	f004 fbc6 	bl	20009554 <multicore_launch_core1>
20004dc8:	2001      	movs	r0, #1
20004dca:	f001 f93f 	bl	2000604c <sleep_ms>
20004dce:	f004 fb21 	bl	20009414 <multicore_reset_core1>
20004dd2:	0020      	movs	r0, r4
20004dd4:	f004 fbbe 	bl	20009554 <multicore_launch_core1>
20004dd8:	20fa      	movs	r0, #250	@ 0xfa
20004dda:	2100      	movs	r1, #0
20004ddc:	0100      	lsls	r0, r0, #4
20004dde:	f001 fd45 	bl	2000686c <watchdog_enable>
20004de2:	e052      	b.n	20004e8a <main+0x65a>
20004de4:	4b3f      	ldr	r3, [pc, #252]	@ (20004ee4 <main+0x6b4>)
20004de6:	681b      	ldr	r3, [r3, #0]
20004de8:	009b      	lsls	r3, r3, #2
20004dea:	4a3f      	ldr	r2, [pc, #252]	@ (20004ee8 <main+0x6b8>)
20004dec:	4694      	mov	ip, r2
20004dee:	4463      	add	r3, ip
20004df0:	781d      	ldrb	r5, [r3, #0]
20004df2:	b2ed      	uxtb	r5, r5
20004df4:	4b3d      	ldr	r3, [pc, #244]	@ (20004eec <main+0x6bc>)
20004df6:	6818      	ldr	r0, [r3, #0]
20004df8:	493d      	ldr	r1, [pc, #244]	@ (20004ef0 <main+0x6c0>)
20004dfa:	f001 fef3 	bl	20006be4 <__wrap___aeabi_uidiv>
20004dfe:	3101      	adds	r1, #1
20004e00:	014c      	lsls	r4, r1, #5
20004e02:	4b3c      	ldr	r3, [pc, #240]	@ (20004ef4 <main+0x6c4>)
20004e04:	18e4      	adds	r4, r4, r3
20004e06:	f001 fa25 	bl	20006254 <time_us_64>
20004e0a:	2900      	cmp	r1, #0
20004e0c:	d011      	beq.n	20004e32 <main+0x602>
20004e0e:	22fa      	movs	r2, #250	@ 0xfa
20004e10:	0092      	lsls	r2, r2, #2
20004e12:	2300      	movs	r3, #0
20004e14:	f001 ff24 	bl	20006c60 <__wrap___aeabi_uldivmod>
20004e18:	4937      	ldr	r1, [pc, #220]	@ (20004ef8 <main+0x6c8>)
20004e1a:	9000      	str	r0, [sp, #0]
20004e1c:	002b      	movs	r3, r5
20004e1e:	2248      	movs	r2, #72	@ 0x48
20004e20:	0020      	movs	r0, r4
20004e22:	f003 ff7d 	bl	20008d20 <__wrap_sprintf>
20004e26:	4a31      	ldr	r2, [pc, #196]	@ (20004eec <main+0x6bc>)
20004e28:	6813      	ldr	r3, [r2, #0]
20004e2a:	3301      	adds	r3, #1
20004e2c:	6013      	str	r3, [r2, #0]
20004e2e:	2001      	movs	r0, #1
20004e30:	e035      	b.n	20004e9e <main+0x66e>
20004e32:	21fa      	movs	r1, #250	@ 0xfa
20004e34:	0089      	lsls	r1, r1, #2
20004e36:	f001 fed5 	bl	20006be4 <__wrap___aeabi_uidiv>
20004e3a:	e7ed      	b.n	20004e18 <main+0x5e8>
20004e3c:	4b2f      	ldr	r3, [pc, #188]	@ (20004efc <main+0x6cc>)
20004e3e:	681b      	ldr	r3, [r3, #0]
20004e40:	009b      	lsls	r3, r3, #2
20004e42:	4a2f      	ldr	r2, [pc, #188]	@ (20004f00 <main+0x6d0>)
20004e44:	4694      	mov	ip, r2
20004e46:	4463      	add	r3, ip
20004e48:	781d      	ldrb	r5, [r3, #0]
20004e4a:	b2ed      	uxtb	r5, r5
20004e4c:	4b27      	ldr	r3, [pc, #156]	@ (20004eec <main+0x6bc>)
20004e4e:	6818      	ldr	r0, [r3, #0]
20004e50:	4927      	ldr	r1, [pc, #156]	@ (20004ef0 <main+0x6c0>)
20004e52:	f001 fec7 	bl	20006be4 <__wrap___aeabi_uidiv>
20004e56:	3101      	adds	r1, #1
20004e58:	014c      	lsls	r4, r1, #5
20004e5a:	4b26      	ldr	r3, [pc, #152]	@ (20004ef4 <main+0x6c4>)
20004e5c:	18e4      	adds	r4, r4, r3
20004e5e:	f001 f9f9 	bl	20006254 <time_us_64>
20004e62:	2900      	cmp	r1, #0
20004e64:	d029      	beq.n	20004eba <main+0x68a>
20004e66:	22fa      	movs	r2, #250	@ 0xfa
20004e68:	0092      	lsls	r2, r2, #2
20004e6a:	2300      	movs	r3, #0
20004e6c:	f001 fef8 	bl	20006c60 <__wrap___aeabi_uldivmod>
20004e70:	4921      	ldr	r1, [pc, #132]	@ (20004ef8 <main+0x6c8>)
20004e72:	9000      	str	r0, [sp, #0]
20004e74:	002b      	movs	r3, r5
20004e76:	2244      	movs	r2, #68	@ 0x44
20004e78:	0020      	movs	r0, r4
20004e7a:	f003 ff51 	bl	20008d20 <__wrap_sprintf>
20004e7e:	4a1b      	ldr	r2, [pc, #108]	@ (20004eec <main+0x6bc>)
20004e80:	6813      	ldr	r3, [r2, #0]
20004e82:	3301      	adds	r3, #1
20004e84:	6013      	str	r3, [r2, #0]
20004e86:	f7fc fd1f 	bl	200018c8 <capture_note_traffic>
20004e8a:	4b16      	ldr	r3, [pc, #88]	@ (20004ee4 <main+0x6b4>)
20004e8c:	681a      	ldr	r2, [r3, #0]
20004e8e:	4b1d      	ldr	r3, [pc, #116]	@ (20004f04 <main+0x6d4>)
20004e90:	6859      	ldr	r1, [r3, #4]
20004e92:	3208      	adds	r2, #8
20004e94:	2301      	movs	r3, #1
20004e96:	4093      	lsls	r3, r2
20004e98:	420b      	tst	r3, r1
20004e9a:	d0a3      	beq.n	20004de4 <main+0x5b4>
20004e9c:	2000      	movs	r0, #0
20004e9e:	4b17      	ldr	r3, [pc, #92]	@ (20004efc <main+0x6cc>)
20004ea0:	681a      	ldr	r2, [r3, #0]
20004ea2:	4b19      	ldr	r3, [pc, #100]	@ (20004f08 <main+0x6d8>)
20004ea4:	6859      	ldr	r1, [r3, #4]
20004ea6:	3208      	adds	r2, #8
20004ea8:	2301      	movs	r3, #1
20004eaa:	4093      	lsls	r3, r2
20004eac:	420b      	tst	r3, r1
20004eae:	d0c5      	beq.n	20004e3c <main+0x60c>
20004eb0:	2800      	cmp	r0, #0
20004eb2:	d1e8      	bne.n	20004e86 <main+0x656>
20004eb4:	f7fc fd1e 	bl	200018f4 <capture_note_idle>
20004eb8:	e7e7      	b.n	20004e8a <main+0x65a>
20004eba:	21fa      	movs	r1, #250	@ 0xfa
20004ebc:	0089      	lsls	r1, r1, #2
20004ebe:	f001 fe91 	bl	20006be4 <__wrap___aeabi_uidiv>
20004ec2:	e7d5      	b.n	20004e70 <main+0x640>
20004ec4:	fff07fff 	.word	0xfff07fff
20004ec8:	fe0affff 	.word	0xfe0affff
20004ecc:	e0ffffff 	.word	0xe0ffffff
20004ed0:	3e0affff 	.word	0x3e0affff
20004ed4:	48027800 	.word	0x48027800
20004ed8:	502010d0 	.word	0x502010d0
20004edc:	502000d8 	.word	0x502000d8
20004ee0:	200042f5 	.word	0x200042f5
20004ee4:	2000f28c 	.word	0x2000f28c
20004ee8:	50300023 	.word	0x50300023
20004eec:	20016d38 	.word	0x20016d38
20004ef0:	0000031f 	.word	0x0000031f
20004ef4:	20010408 	.word	0x20010408
20004ef8:	2000bcd8 	.word	0x2000bcd8
20004efc:	2000f290 	.word	0x2000f290
20004f00:	50200023 	.word	0x50200023
20004f04:	50300000 	.word	0x50300000
20004f08:	50200000 	.word	0x50200000

20004f0c <gpio_default_irq_handler>:
20004f0c:	b5f8      	push	{r3, r4, r5, r6, r7, lr}
20004f0e:	46ce      	mov	lr, r9
20004f10:	4647      	mov	r7, r8
20004f12:	b580      	push	{r7, lr}
20004f14:	23d0      	movs	r3, #208	@ 0xd0
20004f16:	061b      	lsls	r3, r3, #24
20004f18:	681f      	ldr	r7, [r3, #0]
20004f1a:	4b21      	ldr	r3, [pc, #132]	@ (20004fa0 <gpio_default_irq_handler+0x94>)
20004f1c:	00ba      	lsls	r2, r7, #2
20004f1e:	58d3      	ldr	r3, [r2, r3]
20004f20:	4698      	mov	r8, r3
20004f22:	007b      	lsls	r3, r7, #1
20004f24:	19db      	adds	r3, r3, r7
20004f26:	011b      	lsls	r3, r3, #4
20004f28:	4a1e      	ldr	r2, [pc, #120]	@ (20004fa4 <gpio_default_irq_handler+0x98>)
20004f2a:	4694      	mov	ip, r2
20004f2c:	4463      	add	r3, ip
20004f2e:	4699      	mov	r9, r3
20004f30:	2600      	movs	r6, #0
20004f32:	e027      	b.n	20004f84 <gpio_default_irq_handler+0x78>
20004f34:	40eb      	lsrs	r3, r5
20004f36:	e012      	b.n	20004f5e <gpio_default_irq_handler+0x52>
20004f38:	0924      	lsrs	r4, r4, #4
20004f3a:	3501      	adds	r5, #1
20004f3c:	2c00      	cmp	r4, #0
20004f3e:	d020      	beq.n	20004f82 <gpio_default_irq_handler+0x76>
20004f40:	0033      	movs	r3, r6
20004f42:	3308      	adds	r3, #8
20004f44:	42ab      	cmp	r3, r5
20004f46:	d91c      	bls.n	20004f82 <gpio_default_irq_handler+0x76>
20004f48:	230f      	movs	r3, #15
20004f4a:	0019      	movs	r1, r3
20004f4c:	4021      	ands	r1, r4
20004f4e:	4223      	tst	r3, r4
20004f50:	d0f2      	beq.n	20004f38 <gpio_default_irq_handler+0x2c>
20004f52:	4b15      	ldr	r3, [pc, #84]	@ (20004fa8 <gpio_default_irq_handler+0x9c>)
20004f54:	00ba      	lsls	r2, r7, #2
20004f56:	58d3      	ldr	r3, [r2, r3]
20004f58:	2d20      	cmp	r5, #32
20004f5a:	d4eb      	bmi.n	20004f34 <gpio_default_irq_handler+0x28>
20004f5c:	2300      	movs	r3, #0
20004f5e:	07db      	lsls	r3, r3, #31
20004f60:	d4ea      	bmi.n	20004f38 <gpio_default_irq_handler+0x2c>
20004f62:	2207      	movs	r2, #7
20004f64:	402a      	ands	r2, r5
20004f66:	0092      	lsls	r2, r2, #2
20004f68:	08eb      	lsrs	r3, r5, #3
20004f6a:	0008      	movs	r0, r1
20004f6c:	4090      	lsls	r0, r2
20004f6e:	333c      	adds	r3, #60	@ 0x3c
20004f70:	009b      	lsls	r3, r3, #2
20004f72:	4a0e      	ldr	r2, [pc, #56]	@ (20004fac <gpio_default_irq_handler+0xa0>)
20004f74:	5098      	str	r0, [r3, r2]
20004f76:	4643      	mov	r3, r8
20004f78:	2b00      	cmp	r3, #0
20004f7a:	d0dd      	beq.n	20004f38 <gpio_default_irq_handler+0x2c>
20004f7c:	0028      	movs	r0, r5
20004f7e:	47c0      	blx	r8
20004f80:	e7da      	b.n	20004f38 <gpio_default_irq_handler+0x2c>
20004f82:	3608      	adds	r6, #8
20004f84:	2e1d      	cmp	r6, #29
20004f86:	d806      	bhi.n	20004f96 <gpio_default_irq_handler+0x8a>
20004f88:	08f3      	lsrs	r3, r6, #3
20004f8a:	3308      	adds	r3, #8
20004f8c:	009b      	lsls	r3, r3, #2
20004f8e:	464a      	mov	r2, r9
20004f90:	589c      	ldr	r4, [r3, r2]
20004f92:	0035      	movs	r5, r6
20004f94:	e7d2      	b.n	20004f3c <gpio_default_irq_handler+0x30>
20004f96:	bcc0      	pop	{r6, r7}
20004f98:	46b9      	mov	r9, r7
20004f9a:	46b0      	mov	r8, r6
20004f9c:	bdf8      	pop	{r3, r4, r5, r6, r7, pc}
20004f9e:	46c0      	nop			@ (mov r8, r8)
20004fa0:	2000f1dc 	.word	0x2000f1dc
20004fa4:	40014100 	.word	0x40014100
20004fa8:	20010400 	.word	0x20010400
20004fac:	40014000 	.word	0x40014000

20004fb0 <_gpio_set_irq_enabled>:
20004fb0:	b510      	push	{r4, lr}
20004fb2:	4694      	mov	ip, r2
20004fb4:	2207      	movs	r2, #7
20004fb6:	4002      	ands	r2, r0
20004fb8:	0092      	lsls	r2, r2, #2
20004fba:	08c0      	lsrs	r0, r0, #3
20004fbc:	4091      	lsls	r1, r2
20004fbe:	0002      	movs	r2, r0
20004fc0:	323c      	adds	r2, #60	@ 0x3c
20004fc2:	0092      	lsls	r2, r2, #2
20004fc4:	4c09      	ldr	r4, [pc, #36]	@ (20004fec <_gpio_set_irq_enabled+0x3c>)
20004fc6:	5111      	str	r1, [r2, r4]
20004fc8:	0080      	lsls	r0, r0, #2
20004fca:	181b      	adds	r3, r3, r0
20004fcc:	4662      	mov	r2, ip
20004fce:	2a00      	cmp	r2, #0
20004fd0:	d005      	beq.n	20004fde <_gpio_set_irq_enabled+0x2e>
20004fd2:	2280      	movs	r2, #128	@ 0x80
20004fd4:	0192      	lsls	r2, r2, #6
20004fd6:	4694      	mov	ip, r2
20004fd8:	4463      	add	r3, ip
20004fda:	6019      	str	r1, [r3, #0]
20004fdc:	bd10      	pop	{r4, pc}
20004fde:	22c0      	movs	r2, #192	@ 0xc0
20004fe0:	0192      	lsls	r2, r2, #6
20004fe2:	4694      	mov	ip, r2
20004fe4:	4463      	add	r3, ip
20004fe6:	6019      	str	r1, [r3, #0]
20004fe8:	e7f8      	b.n	20004fdc <_gpio_set_irq_enabled+0x2c>
20004fea:	46c0      	nop			@ (mov r8, r8)
20004fec:	40014000 	.word	0x40014000

20004ff0 <gpio_set_function>:
20004ff0:	b510      	push	{r4, lr}
20004ff2:	0083      	lsls	r3, r0, #2
20004ff4:	4a08      	ldr	r2, [pc, #32]	@ (20005018 <gpio_set_function+0x28>)
20004ff6:	189a      	adds	r2, r3, r2
20004ff8:	6812      	ldr	r2, [r2, #0]
20004ffa:	2440      	movs	r4, #64	@ 0x40
20004ffc:	4054      	eors	r4, r2
20004ffe:	22c0      	movs	r2, #192	@ 0xc0
20005000:	4022      	ands	r2, r4
20005002:	4c06      	ldr	r4, [pc, #24]	@ (2000501c <gpio_set_function+0x2c>)
20005004:	46a4      	mov	ip, r4
20005006:	4463      	add	r3, ip
20005008:	601a      	str	r2, [r3, #0]
2000500a:	00c0      	lsls	r0, r0, #3
2000500c:	4b04      	ldr	r3, [pc, #16]	@ (20005020 <gpio_set_function+0x30>)
2000500e:	469c      	mov	ip, r3
20005010:	4460      	add	r0, ip
20005012:	6041      	str	r1, [r0, #4]
20005014:	bd10      	pop	{r4, pc}
20005016:	46c0      	nop			@ (mov r8, r8)
20005018:	4001c004 	.word	0x4001c004
2000501c:	4001d004 	.word	0x4001d004
20005020:	40014000 	.word	0x40014000

20005024 <gpio_set_pulls>:
20005024:	0080      	lsls	r0, r0, #2
20005026:	4b0b      	ldr	r3, [pc, #44]	@ (20005054 <gpio_set_pulls+0x30>)
20005028:	469c      	mov	ip, r3
2000502a:	4460      	add	r0, ip
2000502c:	2900      	cmp	r1, #0
2000502e:	d00e      	beq.n	2000504e <gpio_set_pulls+0x2a>
20005030:	2308      	movs	r3, #8
20005032:	2a00      	cmp	r2, #0
20005034:	d000      	beq.n	20005038 <gpio_set_pulls+0x14>
20005036:	2204      	movs	r2, #4
20005038:	4313      	orrs	r3, r2
2000503a:	6802      	ldr	r2, [r0, #0]
2000503c:	4053      	eors	r3, r2
2000503e:	220c      	movs	r2, #12
20005040:	4013      	ands	r3, r2
20005042:	2280      	movs	r2, #128	@ 0x80
20005044:	0152      	lsls	r2, r2, #5
20005046:	4694      	mov	ip, r2
20005048:	4460      	add	r0, ip
2000504a:	6003      	str	r3, [r0, #0]
2000504c:	4770      	bx	lr
2000504e:	2300      	movs	r3, #0
20005050:	e7ef      	b.n	20005032 <gpio_set_pulls+0xe>
20005052:	46c0      	nop			@ (mov r8, r8)
20005054:	4001c004 	.word	0x4001c004

20005058 <gpio_set_irq_enabled>:
20005058:	b570      	push	{r4, r5, r6, lr}
2000505a:	0005      	movs	r5, r0
2000505c:	000e      	movs	r6, r1
2000505e:	1e14      	subs	r4, r2, #0
20005060:	d004      	beq.n	2000506c <gpio_set_irq_enabled+0x14>
20005062:	200d      	movs	r0, #13
20005064:	f000 f9da 	bl	2000541c <irq_has_handler>
20005068:	2800      	cmp	r0, #0
2000506a:	d00e      	beq.n	2000508a <gpio_set_irq_enabled+0x32>
2000506c:	23d0      	movs	r3, #208	@ 0xd0
2000506e:	061b      	lsls	r3, r3, #24
20005070:	681a      	ldr	r2, [r3, #0]
20005072:	0053      	lsls	r3, r2, #1
20005074:	189b      	adds	r3, r3, r2
20005076:	011b      	lsls	r3, r3, #4
20005078:	4a07      	ldr	r2, [pc, #28]	@ (20005098 <gpio_set_irq_enabled+0x40>)
2000507a:	4694      	mov	ip, r2
2000507c:	4463      	add	r3, ip
2000507e:	0022      	movs	r2, r4
20005080:	0031      	movs	r1, r6
20005082:	0028      	movs	r0, r5
20005084:	f7ff ff94 	bl	20004fb0 <_gpio_set_irq_enabled>
20005088:	bd70      	pop	{r4, r5, r6, pc}
2000508a:	4b04      	ldr	r3, [pc, #16]	@ (2000509c <gpio_set_irq_enabled+0x44>)
2000508c:	4a04      	ldr	r2, [pc, #16]	@ (200050a0 <gpio_set_irq_enabled+0x48>)
2000508e:	4805      	ldr	r0, [pc, #20]	@ (200050a4 <gpio_set_irq_enabled+0x4c>)
20005090:	21bd      	movs	r1, #189	@ 0xbd
20005092:	f003 fecd 	bl	20008e30 <__assert_func>
20005096:	46c0      	nop			@ (mov r8, r8)
20005098:	40014100 	.word	0x40014100
2000509c:	2000bf04 	.word	0x2000bf04
200050a0:	2000cc04 	.word	0x2000cc04
200050a4:	2000bf30 	.word	0x2000bf30

200050a8 <gpio_set_irq_callback>:
200050a8:	b570      	push	{r4, r5, r6, lr}
200050aa:	0004      	movs	r4, r0
200050ac:	23d0      	movs	r3, #208	@ 0xd0
200050ae:	061b      	lsls	r3, r3, #24
200050b0:	681d      	ldr	r5, [r3, #0]
200050b2:	4b0d      	ldr	r3, [pc, #52]	@ (200050e8 <gpio_set_irq_callback+0x40>)
200050b4:	00aa      	lsls	r2, r5, #2
200050b6:	58d3      	ldr	r3, [r2, r3]
200050b8:	2b00      	cmp	r3, #0
200050ba:	d00a      	beq.n	200050d2 <gpio_set_irq_callback+0x2a>
200050bc:	2800      	cmp	r0, #0
200050be:	d003      	beq.n	200050c8 <gpio_set_irq_callback+0x20>
200050c0:	4b09      	ldr	r3, [pc, #36]	@ (200050e8 <gpio_set_irq_callback+0x40>)
200050c2:	00ad      	lsls	r5, r5, #2
200050c4:	50ec      	str	r4, [r5, r3]
200050c6:	bd70      	pop	{r4, r5, r6, pc}
200050c8:	4908      	ldr	r1, [pc, #32]	@ (200050ec <gpio_set_irq_callback+0x44>)
200050ca:	200d      	movs	r0, #13
200050cc:	f000 faec 	bl	200056a8 <irq_remove_handler>
200050d0:	e7f6      	b.n	200050c0 <gpio_set_irq_callback+0x18>
200050d2:	2800      	cmp	r0, #0
200050d4:	d0f7      	beq.n	200050c6 <gpio_set_irq_callback+0x1e>
200050d6:	4b04      	ldr	r3, [pc, #16]	@ (200050e8 <gpio_set_irq_callback+0x40>)
200050d8:	00ad      	lsls	r5, r5, #2
200050da:	50e8      	str	r0, [r5, r3]
200050dc:	4903      	ldr	r1, [pc, #12]	@ (200050ec <gpio_set_irq_callback+0x44>)
200050de:	2200      	movs	r2, #0
200050e0:	200d      	movs	r0, #13
200050e2:	f000 f9d5 	bl	20005490 <irq_add_shared_handler>
200050e6:	e7ee      	b.n	200050c6 <gpio_set_irq_callback+0x1e>
200050e8:	2000f1dc 	.word	0x2000f1dc
200050ec:	20004f0d 	.word	0x20004f0d

200050f0 <gpio_set_irq_enabled_with_callback>:
200050f0:	b5f8      	push	{r3, r4, r5, r6, r7, lr}
200050f2:	0005      	movs	r5, r0
200050f4:	000e      	movs	r6, r1
200050f6:	0014      	movs	r4, r2
200050f8:	001f      	movs	r7, r3
200050fa:	2a00      	cmp	r2, #0
200050fc:	d10b      	bne.n	20005116 <gpio_set_irq_enabled_with_callback+0x26>
200050fe:	0022      	movs	r2, r4
20005100:	0031      	movs	r1, r6
20005102:	0028      	movs	r0, r5
20005104:	f7ff ffa8 	bl	20005058 <gpio_set_irq_enabled>
20005108:	2c00      	cmp	r4, #0
2000510a:	d008      	beq.n	2000511e <gpio_set_irq_enabled_with_callback+0x2e>
2000510c:	2101      	movs	r1, #1
2000510e:	200d      	movs	r0, #13
20005110:	f000 f972 	bl	200053f8 <irq_set_enabled>
20005114:	bdf8      	pop	{r3, r4, r5, r6, r7, pc}
20005116:	0018      	movs	r0, r3
20005118:	f7ff ffc6 	bl	200050a8 <gpio_set_irq_callback>
2000511c:	e7ef      	b.n	200050fe <gpio_set_irq_enabled_with_callback+0xe>
2000511e:	0038      	movs	r0, r7
20005120:	f7ff ffc2 	bl	200050a8 <gpio_set_irq_callback>
20005124:	e7f6      	b.n	20005114 <gpio_set_irq_enabled_with_callback+0x24>

20005126 <gpio_init>:
20005126:	b510      	push	{r4, lr}
20005128:	2301      	movs	r3, #1
2000512a:	4083      	lsls	r3, r0
2000512c:	22d0      	movs	r2, #208	@ 0xd0
2000512e:	0612      	lsls	r2, r2, #24
20005130:	6293      	str	r3, [r2, #40]	@ 0x28
20005132:	6193      	str	r3, [r2, #24]
20005134:	2105      	movs	r1, #5
20005136:	f7ff ff5b 	bl	20004ff0 <gpio_set_function>
2000513a:	bd10      	pop	{r4, pc}

2000513c <gpio_deinit>:
2000513c:	b510      	push	{r4, lr}
2000513e:	211f      	movs	r1, #31
20005140:	f7ff ff56 	bl	20004ff0 <gpio_set_function>
20005144:	bd10      	pop	{r4, pc}
	...

20005148 <panic>:
20005148:	b40f      	push	{r0, r1, r2, r3}
2000514a:	b500      	push	{lr}
2000514c:	b083      	sub	sp, #12
2000514e:	4808      	ldr	r0, [pc, #32]	@ (20005170 <panic+0x28>)
20005150:	f003 ffe3 	bl	2000911a <__wrap_puts>
20005154:	9b04      	ldr	r3, [sp, #16]
20005156:	2b00      	cmp	r3, #0
20005158:	d007      	beq.n	2000516a <panic+0x22>
2000515a:	a905      	add	r1, sp, #20
2000515c:	9101      	str	r1, [sp, #4]
2000515e:	0018      	movs	r0, r3
20005160:	f003 ffea 	bl	20009138 <__wrap_vprintf>
20005164:	4803      	ldr	r0, [pc, #12]	@ (20005174 <panic+0x2c>)
20005166:	f003 ffd8 	bl	2000911a <__wrap_puts>
2000516a:	2001      	movs	r0, #1
2000516c:	f003 fe16 	bl	20008d9c <_exit>
20005170:	2000bf78 	.word	0x2000bf78
20005174:	2000aae4 	.word	0x2000aae4

20005178 <hw_claim_lock>:
20005178:	f3ef 8010 	mrs	r0, PRIMASK
2000517c:	b672      	cpsid	i
2000517e:	4b03      	ldr	r3, [pc, #12]	@ (2000518c <hw_claim_lock+0x14>)
20005180:	681b      	ldr	r3, [r3, #0]
20005182:	2b00      	cmp	r3, #0
20005184:	d0fb      	beq.n	2000517e <hw_claim_lock+0x6>
20005186:	f3bf 8f5f 	dmb	sy
2000518a:	4770      	bx	lr
2000518c:	d000012c 	.word	0xd000012c

20005190 <hw_claim_unlock>:
20005190:	f3bf 8f5f 	dmb	sy
20005194:	4b02      	ldr	r3, [pc, #8]	@ (200051a0 <hw_claim_unlock+0x10>)
20005196:	2200      	movs	r2, #0
20005198:	601a      	str	r2, [r3, #0]
2000519a:	f380 8810 	msr	PRIMASK, r0
2000519e:	4770      	bx	lr
200051a0:	d000012c 	.word	0xd000012c

200051a4 <hw_is_claimed>:
200051a4:	08cb      	lsrs	r3, r1, #3
200051a6:	5cc2      	ldrb	r2, [r0, r3]
200051a8:	2307      	movs	r3, #7
200051aa:	400b      	ands	r3, r1
200051ac:	2001      	movs	r0, #1
200051ae:	4098      	lsls	r0, r3
200051b0:	4010      	ands	r0, r2
200051b2:	1e43      	subs	r3, r0, #1
200051b4:	4198      	sbcs	r0, r3
200051b6:	b2c0      	uxtb	r0, r0
200051b8:	4770      	bx	lr

200051ba <hw_claim_or_assert>:
200051ba:	b570      	push	{r4, r5, r6, lr}
200051bc:	0005      	movs	r5, r0
200051be:	000c      	movs	r4, r1
200051c0:	0016      	movs	r6, r2
200051c2:	f7ff ffd9 	bl	20005178 <hw_claim_lock>
200051c6:	08e3      	lsrs	r3, r4, #3
200051c8:	18ea      	adds	r2, r5, r3
200051ca:	4694      	mov	ip, r2
200051cc:	5ce9      	ldrb	r1, [r5, r3]
200051ce:	2207      	movs	r2, #7
200051d0:	4022      	ands	r2, r4
200051d2:	2301      	movs	r3, #1
200051d4:	4093      	lsls	r3, r2
200051d6:	420b      	tst	r3, r1
200051d8:	d106      	bne.n	200051e8 <hw_claim_or_assert+0x2e>
200051da:	b2db      	uxtb	r3, r3
200051dc:	430b      	orrs	r3, r1
200051de:	4662      	mov	r2, ip
200051e0:	7013      	strb	r3, [r2, #0]
200051e2:	f7ff ffd5 	bl	20005190 <hw_claim_unlock>
200051e6:	bd70      	pop	{r4, r5, r6, pc}
200051e8:	0021      	movs	r1, r4
200051ea:	0030      	movs	r0, r6
200051ec:	f7ff ffac 	bl	20005148 <panic>

200051f0 <hw_claim_unused_from_range>:
200051f0:	b5f0      	push	{r4, r5, r6, r7, lr}
200051f2:	b083      	sub	sp, #12
200051f4:	0005      	movs	r5, r0
200051f6:	9101      	str	r1, [sp, #4]
200051f8:	0014      	movs	r4, r2
200051fa:	001e      	movs	r6, r3
200051fc:	f7ff ffbc 	bl	20005178 <hw_claim_lock>
20005200:	e000      	b.n	20005204 <hw_claim_unused_from_range+0x14>
20005202:	3401      	adds	r4, #1
20005204:	42b4      	cmp	r4, r6
20005206:	d80c      	bhi.n	20005222 <hw_claim_unused_from_range+0x32>
20005208:	08e3      	lsrs	r3, r4, #3
2000520a:	18ef      	adds	r7, r5, r3
2000520c:	5ceb      	ldrb	r3, [r5, r3]
2000520e:	2107      	movs	r1, #7
20005210:	4021      	ands	r1, r4
20005212:	2201      	movs	r2, #1
20005214:	408a      	lsls	r2, r1
20005216:	421a      	tst	r2, r3
20005218:	d1f3      	bne.n	20005202 <hw_claim_unused_from_range+0x12>
2000521a:	b2d2      	uxtb	r2, r2
2000521c:	431a      	orrs	r2, r3
2000521e:	703a      	strb	r2, [r7, #0]
20005220:	e001      	b.n	20005226 <hw_claim_unused_from_range+0x36>
20005222:	2401      	movs	r4, #1
20005224:	4264      	negs	r4, r4
20005226:	f7ff ffb3 	bl	20005190 <hw_claim_unlock>
2000522a:	2c00      	cmp	r4, #0
2000522c:	db02      	blt.n	20005234 <hw_claim_unused_from_range+0x44>
2000522e:	0020      	movs	r0, r4
20005230:	b003      	add	sp, #12
20005232:	bdf0      	pop	{r4, r5, r6, r7, pc}
20005234:	9b01      	ldr	r3, [sp, #4]
20005236:	2b00      	cmp	r3, #0
20005238:	d0f9      	beq.n	2000522e <hw_claim_unused_from_range+0x3e>
2000523a:	9808      	ldr	r0, [sp, #32]
2000523c:	f7ff ff84 	bl	20005148 <panic>

20005240 <hw_claim_clear>:
20005240:	b570      	push	{r4, r5, r6, lr}
20005242:	0005      	movs	r5, r0
20005244:	000c      	movs	r4, r1
20005246:	f7ff ff97 	bl	20005178 <hw_claim_lock>
2000524a:	08e3      	lsrs	r3, r4, #3
2000524c:	18ea      	adds	r2, r5, r3
2000524e:	4694      	mov	ip, r2
20005250:	5cea      	ldrb	r2, [r5, r3]
20005252:	2107      	movs	r1, #7
20005254:	4021      	ands	r1, r4
20005256:	2301      	movs	r3, #1
20005258:	408b      	lsls	r3, r1
2000525a:	4213      	tst	r3, r2
2000525c:	d005      	beq.n	2000526a <hw_claim_clear+0x2a>
2000525e:	439a      	bics	r2, r3
20005260:	4663      	mov	r3, ip
20005262:	701a      	strb	r2, [r3, #0]
20005264:	f7ff ff94 	bl	20005190 <hw_claim_unlock>
20005268:	bd70      	pop	{r4, r5, r6, pc}
2000526a:	4b03      	ldr	r3, [pc, #12]	@ (20005278 <hw_claim_clear+0x38>)
2000526c:	4a03      	ldr	r2, [pc, #12]	@ (2000527c <hw_claim_clear+0x3c>)
2000526e:	4804      	ldr	r0, [pc, #16]	@ (20005280 <hw_claim_clear+0x40>)
20005270:	2133      	movs	r1, #51	@ 0x33
20005272:	f003 fddd 	bl	20008e30 <__assert_func>
20005276:	46c0      	nop			@ (mov r8, r8)
20005278:	2000bf88 	.word	0x2000bf88
2000527c:	2000cc1c 	.word	0x2000cc1c
20005280:	2000bfa8 	.word	0x2000bfa8

20005284 <next_striped_spin_lock_num>:
20005284:	4a05      	ldr	r2, [pc, #20]	@ (2000529c <next_striped_spin_lock_num+0x18>)
20005286:	7810      	ldrb	r0, [r2, #0]
20005288:	1c43      	adds	r3, r0, #1
2000528a:	b2db      	uxtb	r3, r3
2000528c:	7013      	strb	r3, [r2, #0]
2000528e:	2b17      	cmp	r3, #23
20005290:	d902      	bls.n	20005298 <next_striped_spin_lock_num+0x14>
20005292:	0013      	movs	r3, r2
20005294:	2210      	movs	r2, #16
20005296:	701a      	strb	r2, [r3, #0]
20005298:	4770      	bx	lr
2000529a:	46c0      	nop			@ (mov r8, r8)
2000529c:	2000cef0 	.word	0x2000cef0

200052a0 <spin_locks_reset>:
200052a0:	2300      	movs	r3, #0
200052a2:	e007      	b.n	200052b4 <spin_locks_reset+0x14>
200052a4:	4a05      	ldr	r2, [pc, #20]	@ (200052bc <spin_locks_reset+0x1c>)
200052a6:	189a      	adds	r2, r3, r2
200052a8:	0092      	lsls	r2, r2, #2
200052aa:	f3bf 8f5f 	dmb	sy
200052ae:	2100      	movs	r1, #0
200052b0:	6011      	str	r1, [r2, #0]
200052b2:	3301      	adds	r3, #1
200052b4:	2b1f      	cmp	r3, #31
200052b6:	d9f5      	bls.n	200052a4 <spin_locks_reset+0x4>
200052b8:	4770      	bx	lr
200052ba:	46c0      	nop			@ (mov r8, r8)
200052bc:	34000040 	.word	0x34000040

200052c0 <set_raw_irq_handler_and_unlock>:
200052c0:	4b07      	ldr	r3, [pc, #28]	@ (200052e0 <set_raw_irq_handler_and_unlock+0x20>)
200052c2:	689b      	ldr	r3, [r3, #8]
200052c4:	3010      	adds	r0, #16
200052c6:	0080      	lsls	r0, r0, #2
200052c8:	5019      	str	r1, [r3, r0]
200052ca:	f3bf 8f5f 	dmb	sy
200052ce:	f3bf 8f5f 	dmb	sy
200052d2:	4b04      	ldr	r3, [pc, #16]	@ (200052e4 <set_raw_irq_handler_and_unlock+0x24>)
200052d4:	2100      	movs	r1, #0
200052d6:	6019      	str	r1, [r3, #0]
200052d8:	f382 8810 	msr	PRIMASK, r2
200052dc:	4770      	bx	lr
200052de:	46c0      	nop			@ (mov r8, r8)
200052e0:	e000ed00 	.word	0xe000ed00
200052e4:	d0000124 	.word	0xd0000124

200052e8 <nvic_ipr0>:
200052e8:	4800      	ldr	r0, [pc, #0]	@ (200052ec <nvic_ipr0+0x4>)
200052ea:	4770      	bx	lr
200052ec:	e000e400 	.word	0xe000e400

200052f0 <runtime_init_per_core_irq_priorities>:
200052f0:	b510      	push	{r4, lr}
200052f2:	f7ff fff9 	bl	200052e8 <nvic_ipr0>
200052f6:	2300      	movs	r3, #0
200052f8:	e002      	b.n	20005300 <runtime_init_per_core_irq_priorities+0x10>
200052fa:	4a03      	ldr	r2, [pc, #12]	@ (20005308 <runtime_init_per_core_irq_priorities+0x18>)
200052fc:	c004      	stmia	r0!, {r2}
200052fe:	3301      	adds	r3, #1
20005300:	2b07      	cmp	r3, #7
20005302:	d9fa      	bls.n	200052fa <runtime_init_per_core_irq_priorities+0xa>
20005304:	bd10      	pop	{r4, pc}
20005306:	46c0      	nop			@ (mov r8, r8)
20005308:	80808080 	.word	0x80808080

2000530c <resolve_j_16>:
2000530c:	b510      	push	{r4, lr}
2000530e:	8803      	ldrh	r3, [r0, #0]
20005310:	0ada      	lsrs	r2, r3, #11
20005312:	2a1c      	cmp	r2, #28
20005314:	d105      	bne.n	20005322 <resolve_j_16+0x16>
20005316:	055b      	lsls	r3, r3, #21
20005318:	155b      	asrs	r3, r3, #21
2000531a:	3302      	adds	r3, #2
2000531c:	005b      	lsls	r3, r3, #1
2000531e:	18c0      	adds	r0, r0, r3
20005320:	bd10      	pop	{r4, pc}
20005322:	4b03      	ldr	r3, [pc, #12]	@ (20005330 <resolve_j_16+0x24>)
20005324:	4a03      	ldr	r2, [pc, #12]	@ (20005334 <resolve_j_16+0x28>)
20005326:	2134      	movs	r1, #52	@ 0x34
20005328:	4803      	ldr	r0, [pc, #12]	@ (20005338 <resolve_j_16+0x2c>)
2000532a:	31ff      	adds	r1, #255	@ 0xff
2000532c:	f003 fd80 	bl	20008e30 <__assert_func>
20005330:	2000bff0 	.word	0x2000bff0
20005334:	2000cc78 	.word	0x2000cc78
20005338:	2000c008 	.word	0x2000c008

2000533c <make_j_16>:
2000533c:	b510      	push	{r4, lr}
2000533e:	1a09      	subs	r1, r1, r0
20005340:	1f0b      	subs	r3, r1, #4
20005342:	4a0a      	ldr	r2, [pc, #40]	@ (2000536c <make_j_16+0x30>)
20005344:	1888      	adds	r0, r1, r2
20005346:	4a0a      	ldr	r2, [pc, #40]	@ (20005370 <make_j_16+0x34>)
20005348:	4290      	cmp	r0, r2
2000534a:	d808      	bhi.n	2000535e <make_j_16+0x22>
2000534c:	07c9      	lsls	r1, r1, #31
2000534e:	d406      	bmi.n	2000535e <make_j_16+0x22>
20005350:	105b      	asrs	r3, r3, #1
20005352:	055b      	lsls	r3, r3, #21
20005354:	0d5b      	lsrs	r3, r3, #21
20005356:	4807      	ldr	r0, [pc, #28]	@ (20005374 <make_j_16+0x38>)
20005358:	4318      	orrs	r0, r3
2000535a:	b280      	uxth	r0, r0
2000535c:	bd10      	pop	{r4, pc}
2000535e:	4b06      	ldr	r3, [pc, #24]	@ (20005378 <make_j_16+0x3c>)
20005360:	4a06      	ldr	r2, [pc, #24]	@ (2000537c <make_j_16+0x40>)
20005362:	2126      	movs	r1, #38	@ 0x26
20005364:	4806      	ldr	r0, [pc, #24]	@ (20005380 <make_j_16+0x44>)
20005366:	31ff      	adds	r1, #255	@ 0xff
20005368:	f003 fd62 	bl	20008e30 <__assert_func>
2000536c:	000007fc 	.word	0x000007fc
20005370:	00000ffe 	.word	0x00000ffe
20005374:	ffffe000 	.word	0xffffe000
20005378:	2000c050 	.word	0x2000c050
2000537c:	2000cc6c 	.word	0x2000cc6c
20005380:	2000c008 	.word	0x2000c008

20005384 <insert_bl_32>:
20005384:	b510      	push	{r4, lr}
20005386:	1a09      	subs	r1, r1, r0
20005388:	3904      	subs	r1, #4
2000538a:	084a      	lsrs	r2, r1, #1
2000538c:	0b09      	lsrs	r1, r1, #12
2000538e:	d108      	bne.n	200053a2 <insert_bl_32+0x1e>
20005390:	0549      	lsls	r1, r1, #21
20005392:	0d49      	lsrs	r1, r1, #21
20005394:	4b06      	ldr	r3, [pc, #24]	@ (200053b0 <insert_bl_32+0x2c>)
20005396:	430b      	orrs	r3, r1
20005398:	8003      	strh	r3, [r0, #0]
2000539a:	4b06      	ldr	r3, [pc, #24]	@ (200053b4 <insert_bl_32+0x30>)
2000539c:	4313      	orrs	r3, r2
2000539e:	8043      	strh	r3, [r0, #2]
200053a0:	bd10      	pop	{r4, pc}
200053a2:	4b05      	ldr	r3, [pc, #20]	@ (200053b8 <insert_bl_32+0x34>)
200053a4:	4a05      	ldr	r2, [pc, #20]	@ (200053bc <insert_bl_32+0x38>)
200053a6:	212e      	movs	r1, #46	@ 0x2e
200053a8:	4805      	ldr	r0, [pc, #20]	@ (200053c0 <insert_bl_32+0x3c>)
200053aa:	31ff      	adds	r1, #255	@ 0xff
200053ac:	f003 fd40 	bl	20008e30 <__assert_func>
200053b0:	fffff000 	.word	0xfffff000
200053b4:	fffff800 	.word	0xfffff800
200053b8:	2000c080 	.word	0x2000c080
200053bc:	2000cc48 	.word	0x2000cc48
200053c0:	2000c008 	.word	0x2000c008

200053c4 <irq_is_enabled>:
200053c4:	2301      	movs	r3, #1
200053c6:	4083      	lsls	r3, r0
200053c8:	4a03      	ldr	r2, [pc, #12]	@ (200053d8 <irq_is_enabled+0x14>)
200053ca:	6810      	ldr	r0, [r2, #0]
200053cc:	4018      	ands	r0, r3
200053ce:	1e43      	subs	r3, r0, #1
200053d0:	4198      	sbcs	r0, r3
200053d2:	b2c0      	uxtb	r0, r0
200053d4:	4770      	bx	lr
200053d6:	46c0      	nop			@ (mov r8, r8)
200053d8:	e000e100 	.word	0xe000e100

200053dc <irq_set_mask_n_enabled>:
200053dc:	2a00      	cmp	r2, #0
200053de:	d005      	beq.n	200053ec <irq_set_mask_n_enabled+0x10>
200053e0:	4b04      	ldr	r3, [pc, #16]	@ (200053f4 <irq_set_mask_n_enabled+0x18>)
200053e2:	22c0      	movs	r2, #192	@ 0xc0
200053e4:	0052      	lsls	r2, r2, #1
200053e6:	5099      	str	r1, [r3, r2]
200053e8:	6019      	str	r1, [r3, #0]
200053ea:	4770      	bx	lr
200053ec:	4a01      	ldr	r2, [pc, #4]	@ (200053f4 <irq_set_mask_n_enabled+0x18>)
200053ee:	2380      	movs	r3, #128	@ 0x80
200053f0:	50d1      	str	r1, [r2, r3]
200053f2:	e7fa      	b.n	200053ea <irq_set_mask_n_enabled+0xe>
200053f4:	e000e100 	.word	0xe000e100

200053f8 <irq_set_enabled>:
200053f8:	b510      	push	{r4, lr}
200053fa:	000a      	movs	r2, r1
200053fc:	231f      	movs	r3, #31
200053fe:	4003      	ands	r3, r0
20005400:	2101      	movs	r1, #1
20005402:	4099      	lsls	r1, r3
20005404:	0940      	lsrs	r0, r0, #5
20005406:	f7ff ffe9 	bl	200053dc <irq_set_mask_n_enabled>
2000540a:	bd10      	pop	{r4, pc}

2000540c <irq_get_vtable_handler>:
2000540c:	4b02      	ldr	r3, [pc, #8]	@ (20005418 <irq_get_vtable_handler+0xc>)
2000540e:	689b      	ldr	r3, [r3, #8]
20005410:	3010      	adds	r0, #16
20005412:	0080      	lsls	r0, r0, #2
20005414:	58c0      	ldr	r0, [r0, r3]
20005416:	4770      	bx	lr
20005418:	e000ed00 	.word	0xe000ed00

2000541c <irq_has_handler>:
2000541c:	b510      	push	{r4, lr}
2000541e:	f7ff fff5 	bl	2000540c <irq_get_vtable_handler>
20005422:	2800      	cmp	r0, #0
20005424:	d003      	beq.n	2000542e <irq_has_handler+0x12>
20005426:	4b03      	ldr	r3, [pc, #12]	@ (20005434 <irq_has_handler+0x18>)
20005428:	4298      	cmp	r0, r3
2000542a:	d001      	beq.n	20005430 <irq_has_handler+0x14>
2000542c:	2001      	movs	r0, #1
2000542e:	bd10      	pop	{r4, pc}
20005430:	2000      	movs	r0, #0
20005432:	e7fc      	b.n	2000542e <irq_has_handler+0x12>
20005434:	100001c1 	.word	0x100001c1

20005438 <irq_set_exclusive_handler>:
20005438:	b570      	push	{r4, r5, r6, lr}
2000543a:	0005      	movs	r5, r0
2000543c:	000e      	movs	r6, r1
2000543e:	f3ef 8410 	mrs	r4, PRIMASK
20005442:	b672      	cpsid	i
20005444:	4b0d      	ldr	r3, [pc, #52]	@ (2000547c <irq_set_exclusive_handler+0x44>)
20005446:	681b      	ldr	r3, [r3, #0]
20005448:	2b00      	cmp	r3, #0
2000544a:	d0fb      	beq.n	20005444 <irq_set_exclusive_handler+0xc>
2000544c:	f3bf 8f5f 	dmb	sy
20005450:	0028      	movs	r0, r5
20005452:	f7ff ffdb 	bl	2000540c <irq_get_vtable_handler>
20005456:	4b0a      	ldr	r3, [pc, #40]	@ (20005480 <irq_set_exclusive_handler+0x48>)
20005458:	4298      	cmp	r0, r3
2000545a:	d001      	beq.n	20005460 <irq_set_exclusive_handler+0x28>
2000545c:	42b0      	cmp	r0, r6
2000545e:	d105      	bne.n	2000546c <irq_set_exclusive_handler+0x34>
20005460:	0022      	movs	r2, r4
20005462:	0031      	movs	r1, r6
20005464:	0028      	movs	r0, r5
20005466:	f7ff ff2b 	bl	200052c0 <set_raw_irq_handler_and_unlock>
2000546a:	bd70      	pop	{r4, r5, r6, pc}
2000546c:	4b05      	ldr	r3, [pc, #20]	@ (20005484 <irq_set_exclusive_handler+0x4c>)
2000546e:	4a06      	ldr	r2, [pc, #24]	@ (20005488 <irq_set_exclusive_handler+0x50>)
20005470:	2182      	movs	r1, #130	@ 0x82
20005472:	4806      	ldr	r0, [pc, #24]	@ (2000548c <irq_set_exclusive_handler+0x54>)
20005474:	0049      	lsls	r1, r1, #1
20005476:	f003 fcdb 	bl	20008e30 <__assert_func>
2000547a:	46c0      	nop			@ (mov r8, r8)
2000547c:	d0000124 	.word	0xd0000124
20005480:	100001c1 	.word	0x100001c1
20005484:	2000c090 	.word	0x2000c090
20005488:	2000cca0 	.word	0x2000cca0
2000548c:	2000c008 	.word	0x2000c008

20005490 <irq_add_shared_handler>:
20005490:	b5f0      	push	{r4, r5, r6, r7, lr}
20005492:	46de      	mov	lr, fp
20005494:	4657      	mov	r7, sl
20005496:	464e      	mov	r6, r9
20005498:	4645      	mov	r5, r8
2000549a:	b5e0      	push	{r5, r6, r7, lr}
2000549c:	b089      	sub	sp, #36	@ 0x24
2000549e:	4681      	mov	r9, r0
200054a0:	9101      	str	r1, [sp, #4]
200054a2:	0015      	movs	r5, r2
200054a4:	f3ef 8310 	mrs	r3, PRIMASK
200054a8:	b672      	cpsid	i
200054aa:	469a      	mov	sl, r3
200054ac:	4b6e      	ldr	r3, [pc, #440]	@ (20005668 <irq_add_shared_handler+0x1d8>)
200054ae:	681b      	ldr	r3, [r3, #0]
200054b0:	2b00      	cmp	r3, #0
200054b2:	d0fb      	beq.n	200054ac <irq_add_shared_handler+0x1c>
200054b4:	f3bf 8f5f 	dmb	sy
200054b8:	4b6c      	ldr	r3, [pc, #432]	@ (2000566c <irq_add_shared_handler+0x1dc>)
200054ba:	2600      	movs	r6, #0
200054bc:	579e      	ldrsb	r6, [r3, r6]
200054be:	2e00      	cmp	r6, #0
200054c0:	db40      	blt.n	20005544 <irq_add_shared_handler+0xb4>
200054c2:	0074      	lsls	r4, r6, #1
200054c4:	19a4      	adds	r4, r4, r6
200054c6:	00a4      	lsls	r4, r4, #2
200054c8:	4869      	ldr	r0, [pc, #420]	@ (20005670 <irq_add_shared_handler+0x1e0>)
200054ca:	1823      	adds	r3, r4, r0
200054cc:	469b      	mov	fp, r3
200054ce:	2206      	movs	r2, #6
200054d0:	569a      	ldrsb	r2, [r3, r2]
200054d2:	4b66      	ldr	r3, [pc, #408]	@ (2000566c <irq_add_shared_handler+0x1dc>)
200054d4:	701a      	strb	r2, [r3, #0]
200054d6:	4b67      	ldr	r3, [pc, #412]	@ (20005674 <irq_add_shared_handler+0x1e4>)
200054d8:	689a      	ldr	r2, [r3, #8]
200054da:	464b      	mov	r3, r9
200054dc:	3310      	adds	r3, #16
200054de:	009b      	lsls	r3, r3, #2
200054e0:	58d7      	ldr	r7, [r2, r3]
200054e2:	1a3b      	subs	r3, r7, r0
200054e4:	2b2f      	cmp	r3, #47	@ 0x2f
200054e6:	d93b      	bls.n	20005560 <irq_add_shared_handler+0xd0>
200054e8:	4b63      	ldr	r3, [pc, #396]	@ (20005678 <irq_add_shared_handler+0x1e8>)
200054ea:	429f      	cmp	r7, r3
200054ec:	d131      	bne.n	20005552 <irq_add_shared_handler+0xc2>
200054ee:	af05      	add	r7, sp, #20
200054f0:	4b62      	ldr	r3, [pc, #392]	@ (2000567c <irq_add_shared_handler+0x1ec>)
200054f2:	803b      	strh	r3, [r7, #0]
200054f4:	4962      	ldr	r1, [pc, #392]	@ (20005680 <irq_add_shared_handler+0x1f0>)
200054f6:	0073      	lsls	r3, r6, #1
200054f8:	9302      	str	r3, [sp, #8]
200054fa:	1998      	adds	r0, r3, r6
200054fc:	0080      	lsls	r0, r0, #2
200054fe:	4c5c      	ldr	r4, [pc, #368]	@ (20005670 <irq_add_shared_handler+0x1e0>)
20005500:	1900      	adds	r0, r0, r4
20005502:	3002      	adds	r0, #2
20005504:	f7ff ff1a 	bl	2000533c <make_j_16>
20005508:	8078      	strh	r0, [r7, #2]
2000550a:	4b5e      	ldr	r3, [pc, #376]	@ (20005684 <irq_add_shared_handler+0x1f4>)
2000550c:	80bb      	strh	r3, [r7, #4]
2000550e:	23ff      	movs	r3, #255	@ 0xff
20005510:	71bb      	strb	r3, [r7, #6]
20005512:	71fd      	strb	r5, [r7, #7]
20005514:	9a01      	ldr	r2, [sp, #4]
20005516:	9207      	str	r2, [sp, #28]
20005518:	9b02      	ldr	r3, [sp, #8]
2000551a:	199b      	adds	r3, r3, r6
2000551c:	009b      	lsls	r3, r3, #2
2000551e:	18e3      	adds	r3, r4, r3
20005520:	cf07      	ldmia	r7!, {r0, r1, r2}
20005522:	c307      	stmia	r3!, {r0, r1, r2}
20005524:	2701      	movs	r7, #1
20005526:	465b      	mov	r3, fp
20005528:	433b      	orrs	r3, r7
2000552a:	001f      	movs	r7, r3
2000552c:	4652      	mov	r2, sl
2000552e:	0039      	movs	r1, r7
20005530:	4648      	mov	r0, r9
20005532:	f7ff fec5 	bl	200052c0 <set_raw_irq_handler_and_unlock>
20005536:	b009      	add	sp, #36	@ 0x24
20005538:	bcf0      	pop	{r4, r5, r6, r7}
2000553a:	46bb      	mov	fp, r7
2000553c:	46b2      	mov	sl, r6
2000553e:	46a9      	mov	r9, r5
20005540:	46a0      	mov	r8, r4
20005542:	bdf0      	pop	{r4, r5, r6, r7, pc}
20005544:	4b50      	ldr	r3, [pc, #320]	@ (20005688 <irq_add_shared_handler+0x1f8>)
20005546:	4a51      	ldr	r2, [pc, #324]	@ (2000568c <irq_add_shared_handler+0x1fc>)
20005548:	2194      	movs	r1, #148	@ 0x94
2000554a:	4851      	ldr	r0, [pc, #324]	@ (20005690 <irq_add_shared_handler+0x200>)
2000554c:	31ff      	adds	r1, #255	@ 0xff
2000554e:	f003 fc6f 	bl	20008e30 <__assert_func>
20005552:	4b50      	ldr	r3, [pc, #320]	@ (20005694 <irq_add_shared_handler+0x204>)
20005554:	4a4d      	ldr	r2, [pc, #308]	@ (2000568c <irq_add_shared_handler+0x1fc>)
20005556:	21cd      	movs	r1, #205	@ 0xcd
20005558:	484d      	ldr	r0, [pc, #308]	@ (20005690 <irq_add_shared_handler+0x200>)
2000555a:	0049      	lsls	r1, r1, #1
2000555c:	f003 fc68 	bl	20008e30 <__assert_func>
20005560:	2301      	movs	r3, #1
20005562:	003a      	movs	r2, r7
20005564:	439a      	bics	r2, r3
20005566:	4690      	mov	r8, r2
20005568:	1a10      	subs	r0, r2, r0
2000556a:	210c      	movs	r1, #12
2000556c:	f001 fb3a 	bl	20006be4 <__wrap___aeabi_uidiv>
20005570:	2900      	cmp	r1, #0
20005572:	d10f      	bne.n	20005594 <irq_add_shared_handler+0x104>
20005574:	4643      	mov	r3, r8
20005576:	2400      	movs	r4, #0
20005578:	79da      	ldrb	r2, [r3, #7]
2000557a:	42aa      	cmp	r2, r5
2000557c:	d912      	bls.n	200055a4 <irq_add_shared_handler+0x114>
2000557e:	2106      	movs	r1, #6
20005580:	5659      	ldrsb	r1, [r3, r1]
20005582:	2900      	cmp	r1, #0
20005584:	db0d      	blt.n	200055a2 <irq_add_shared_handler+0x112>
20005586:	004a      	lsls	r2, r1, #1
20005588:	1852      	adds	r2, r2, r1
2000558a:	0092      	lsls	r2, r2, #2
2000558c:	4938      	ldr	r1, [pc, #224]	@ (20005670 <irq_add_shared_handler+0x1e0>)
2000558e:	001c      	movs	r4, r3
20005590:	188b      	adds	r3, r1, r2
20005592:	e7f1      	b.n	20005578 <irq_add_shared_handler+0xe8>
20005594:	4b40      	ldr	r3, [pc, #256]	@ (20005698 <irq_add_shared_handler+0x208>)
20005596:	4a3d      	ldr	r2, [pc, #244]	@ (2000568c <irq_add_shared_handler+0x1fc>)
20005598:	21ac      	movs	r1, #172	@ 0xac
2000559a:	483d      	ldr	r0, [pc, #244]	@ (20005690 <irq_add_shared_handler+0x200>)
2000559c:	31ff      	adds	r1, #255	@ 0xff
2000559e:	f003 fc47 	bl	20008e30 <__assert_func>
200055a2:	001c      	movs	r4, r3
200055a4:	2c00      	cmp	r4, #0
200055a6:	d02d      	beq.n	20005604 <irq_add_shared_handler+0x174>
200055a8:	ab05      	add	r3, sp, #20
200055aa:	4a3c      	ldr	r2, [pc, #240]	@ (2000569c <irq_add_shared_handler+0x20c>)
200055ac:	801a      	strh	r2, [r3, #0]
200055ae:	3a81      	subs	r2, #129	@ 0x81
200055b0:	805a      	strh	r2, [r3, #2]
200055b2:	2306      	movs	r3, #6
200055b4:	56e3      	ldrsb	r3, [r4, r3]
200055b6:	4698      	mov	r8, r3
200055b8:	2b00      	cmp	r3, #0
200055ba:	da16      	bge.n	200055ea <irq_add_shared_handler+0x15a>
200055bc:	4838      	ldr	r0, [pc, #224]	@ (200056a0 <irq_add_shared_handler+0x210>)
200055be:	ab04      	add	r3, sp, #16
200055c0:	8118      	strh	r0, [r3, #8]
200055c2:	4642      	mov	r2, r8
200055c4:	729a      	strb	r2, [r3, #10]
200055c6:	72dd      	strb	r5, [r3, #11]
200055c8:	9b01      	ldr	r3, [sp, #4]
200055ca:	9307      	str	r3, [sp, #28]
200055cc:	1d20      	adds	r0, r4, #4
200055ce:	4659      	mov	r1, fp
200055d0:	f7ff feb4 	bl	2000533c <make_j_16>
200055d4:	80a0      	strh	r0, [r4, #4]
200055d6:	71a6      	strb	r6, [r4, #6]
200055d8:	4b25      	ldr	r3, [pc, #148]	@ (20005670 <irq_add_shared_handler+0x1e0>)
200055da:	0072      	lsls	r2, r6, #1
200055dc:	1992      	adds	r2, r2, r6
200055de:	0092      	lsls	r2, r2, #2
200055e0:	189b      	adds	r3, r3, r2
200055e2:	aa05      	add	r2, sp, #20
200055e4:	ca13      	ldmia	r2!, {r0, r1, r4}
200055e6:	c313      	stmia	r3!, {r0, r1, r4}
200055e8:	e7a0      	b.n	2000552c <irq_add_shared_handler+0x9c>
200055ea:	1d20      	adds	r0, r4, #4
200055ec:	f7ff fe8e 	bl	2000530c <resolve_j_16>
200055f0:	0001      	movs	r1, r0
200055f2:	0070      	lsls	r0, r6, #1
200055f4:	1980      	adds	r0, r0, r6
200055f6:	0080      	lsls	r0, r0, #2
200055f8:	4b1d      	ldr	r3, [pc, #116]	@ (20005670 <irq_add_shared_handler+0x1e0>)
200055fa:	18c0      	adds	r0, r0, r3
200055fc:	3004      	adds	r0, #4
200055fe:	f7ff fe9d 	bl	2000533c <make_j_16>
20005602:	e7dc      	b.n	200055be <irq_add_shared_handler+0x12e>
20005604:	af05      	add	r7, sp, #20
20005606:	4b1d      	ldr	r3, [pc, #116]	@ (2000567c <irq_add_shared_handler+0x1ec>)
20005608:	803b      	strh	r3, [r7, #0]
2000560a:	491d      	ldr	r1, [pc, #116]	@ (20005680 <irq_add_shared_handler+0x1f0>)
2000560c:	0073      	lsls	r3, r6, #1
2000560e:	9302      	str	r3, [sp, #8]
20005610:	199b      	adds	r3, r3, r6
20005612:	009b      	lsls	r3, r3, #2
20005614:	4c16      	ldr	r4, [pc, #88]	@ (20005670 <irq_add_shared_handler+0x1e0>)
20005616:	0018      	movs	r0, r3
20005618:	46a4      	mov	ip, r4
2000561a:	4460      	add	r0, ip
2000561c:	9003      	str	r0, [sp, #12]
2000561e:	3002      	adds	r0, #2
20005620:	f7ff fe8c 	bl	2000533c <make_j_16>
20005624:	8078      	strh	r0, [r7, #2]
20005626:	9a03      	ldr	r2, [sp, #12]
20005628:	1d10      	adds	r0, r2, #4
2000562a:	4641      	mov	r1, r8
2000562c:	f7ff fe86 	bl	2000533c <make_j_16>
20005630:	80b8      	strh	r0, [r7, #4]
20005632:	4b1c      	ldr	r3, [pc, #112]	@ (200056a4 <irq_add_shared_handler+0x214>)
20005634:	4642      	mov	r2, r8
20005636:	1b12      	subs	r2, r2, r4
20005638:	4152      	adcs	r2, r2
2000563a:	4353      	muls	r3, r2
2000563c:	0d1b      	lsrs	r3, r3, #20
2000563e:	71bb      	strb	r3, [r7, #6]
20005640:	71fd      	strb	r5, [r7, #7]
20005642:	9901      	ldr	r1, [sp, #4]
20005644:	9107      	str	r1, [sp, #28]
20005646:	9b02      	ldr	r3, [sp, #8]
20005648:	199b      	adds	r3, r3, r6
2000564a:	009b      	lsls	r3, r3, #2
2000564c:	46a4      	mov	ip, r4
2000564e:	4463      	add	r3, ip
20005650:	cf07      	ldmia	r7!, {r0, r1, r2}
20005652:	c307      	stmia	r3!, {r0, r1, r2}
20005654:	4b11      	ldr	r3, [pc, #68]	@ (2000569c <irq_add_shared_handler+0x20c>)
20005656:	4642      	mov	r2, r8
20005658:	8013      	strh	r3, [r2, #0]
2000565a:	3b81      	subs	r3, #129	@ 0x81
2000565c:	8053      	strh	r3, [r2, #2]
2000565e:	2701      	movs	r7, #1
20005660:	465b      	mov	r3, fp
20005662:	433b      	orrs	r3, r7
20005664:	001f      	movs	r7, r3
20005666:	e761      	b.n	2000552c <irq_add_shared_handler+0x9c>
20005668:	d0000124 	.word	0xd0000124
2000566c:	20016d5a 	.word	0x20016d5a
20005670:	2000cef4 	.word	0x2000cef4
20005674:	e000ed00 	.word	0xe000ed00
20005678:	100001c1 	.word	0x100001c1
2000567c:	ffffa100 	.word	0xffffa100
20005680:	2000cf24 	.word	0x2000cf24
20005684:	ffffbd01 	.word	0xffffbd01
20005688:	2000c0c8 	.word	0x2000c0c8
2000568c:	2000cc88 	.word	0x2000cc88
20005690:	2000c008 	.word	0x2000c008
20005694:	2000c0f0 	.word	0x2000c0f0
20005698:	2000c118 	.word	0x2000c118
2000569c:	00004801 	.word	0x00004801
200056a0:	0000bd01 	.word	0x0000bd01
200056a4:	0000aaaa 	.word	0x0000aaaa

200056a8 <irq_remove_handler>:
200056a8:	b5f0      	push	{r4, r5, r6, r7, lr}
200056aa:	46ce      	mov	lr, r9
200056ac:	4647      	mov	r7, r8
200056ae:	b580      	push	{r7, lr}
200056b0:	b083      	sub	sp, #12
200056b2:	4680      	mov	r8, r0
200056b4:	000c      	movs	r4, r1
200056b6:	f3ef 8710 	mrs	r7, PRIMASK
200056ba:	b672      	cpsid	i
200056bc:	4b4e      	ldr	r3, [pc, #312]	@ (200057f8 <irq_remove_handler+0x150>)
200056be:	681b      	ldr	r3, [r3, #0]
200056c0:	2b00      	cmp	r3, #0
200056c2:	d0fb      	beq.n	200056bc <irq_remove_handler+0x14>
200056c4:	f3bf 8f5f 	dmb	sy
200056c8:	4b4c      	ldr	r3, [pc, #304]	@ (200057fc <irq_remove_handler+0x154>)
200056ca:	689a      	ldr	r2, [r3, #8]
200056cc:	4645      	mov	r5, r8
200056ce:	3510      	adds	r5, #16
200056d0:	00ab      	lsls	r3, r5, #2
200056d2:	58d6      	ldr	r6, [r2, r3]
200056d4:	4b4a      	ldr	r3, [pc, #296]	@ (20005800 <irq_remove_handler+0x158>)
200056d6:	429e      	cmp	r6, r3
200056d8:	d007      	beq.n	200056ea <irq_remove_handler+0x42>
200056da:	42a6      	cmp	r6, r4
200056dc:	d100      	bne.n	200056e0 <irq_remove_handler+0x38>
200056de:	e089      	b.n	200057f4 <irq_remove_handler+0x14c>
200056e0:	9601      	str	r6, [sp, #4]
200056e2:	4b48      	ldr	r3, [pc, #288]	@ (20005804 <irq_remove_handler+0x15c>)
200056e4:	1af3      	subs	r3, r6, r3
200056e6:	2b2f      	cmp	r3, #47	@ 0x2f
200056e8:	d909      	bls.n	200056fe <irq_remove_handler+0x56>
200056ea:	003a      	movs	r2, r7
200056ec:	0031      	movs	r1, r6
200056ee:	4640      	mov	r0, r8
200056f0:	f7ff fde6 	bl	200052c0 <set_raw_irq_handler_and_unlock>
200056f4:	b003      	add	sp, #12
200056f6:	bcc0      	pop	{r6, r7}
200056f8:	46b9      	mov	r9, r7
200056fa:	46b0      	mov	r8, r6
200056fc:	bdf0      	pop	{r4, r5, r6, r7, pc}
200056fe:	4640      	mov	r0, r8
20005700:	f7ff fe60 	bl	200053c4 <irq_is_enabled>
20005704:	4681      	mov	r9, r0
20005706:	2100      	movs	r1, #0
20005708:	4640      	mov	r0, r8
2000570a:	f7ff fe75 	bl	200053f8 <irq_set_enabled>
2000570e:	f3bf 8f5f 	dmb	sy
20005712:	f3ef 8105 	mrs	r1, IPSR
20005716:	2900      	cmp	r1, #0
20005718:	d001      	beq.n	2000571e <irq_remove_handler+0x76>
2000571a:	428d      	cmp	r5, r1
2000571c:	d111      	bne.n	20005742 <irq_remove_handler+0x9a>
2000571e:	2301      	movs	r3, #1
20005720:	9d01      	ldr	r5, [sp, #4]
20005722:	439d      	bics	r5, r3
20005724:	2000      	movs	r0, #0
20005726:	68ab      	ldr	r3, [r5, #8]
20005728:	429c      	cmp	r4, r3
2000572a:	d011      	beq.n	20005750 <irq_remove_handler+0xa8>
2000572c:	2206      	movs	r2, #6
2000572e:	56aa      	ldrsb	r2, [r5, r2]
20005730:	2a00      	cmp	r2, #0
20005732:	db0c      	blt.n	2000574e <irq_remove_handler+0xa6>
20005734:	0053      	lsls	r3, r2, #1
20005736:	189b      	adds	r3, r3, r2
20005738:	009b      	lsls	r3, r3, #2
2000573a:	4a32      	ldr	r2, [pc, #200]	@ (20005804 <irq_remove_handler+0x15c>)
2000573c:	0028      	movs	r0, r5
2000573e:	18d5      	adds	r5, r2, r3
20005740:	e7f1      	b.n	20005726 <irq_remove_handler+0x7e>
20005742:	4b31      	ldr	r3, [pc, #196]	@ (20005808 <irq_remove_handler+0x160>)
20005744:	4a31      	ldr	r2, [pc, #196]	@ (2000580c <irq_remove_handler+0x164>)
20005746:	4832      	ldr	r0, [pc, #200]	@ (20005810 <irq_remove_handler+0x168>)
20005748:	4932      	ldr	r1, [pc, #200]	@ (20005814 <irq_remove_handler+0x16c>)
2000574a:	f003 fb71 	bl	20008e30 <__assert_func>
2000574e:	0028      	movs	r0, r5
20005750:	429c      	cmp	r4, r3
20005752:	d149      	bne.n	200057e8 <irq_remove_handler+0x140>
20005754:	2406      	movs	r4, #6
20005756:	572c      	ldrsb	r4, [r5, r4]
20005758:	2c00      	cmp	r4, #0
2000575a:	db2b      	blt.n	200057b4 <irq_remove_handler+0x10c>
2000575c:	4b29      	ldr	r3, [pc, #164]	@ (20005804 <irq_remove_handler+0x15c>)
2000575e:	0062      	lsls	r2, r4, #1
20005760:	1912      	adds	r2, r2, r4
20005762:	0092      	lsls	r2, r2, #2
20005764:	189b      	adds	r3, r3, r2
20005766:	689a      	ldr	r2, [r3, #8]
20005768:	60aa      	str	r2, [r5, #8]
2000576a:	79da      	ldrb	r2, [r3, #7]
2000576c:	71ea      	strb	r2, [r5, #7]
2000576e:	799b      	ldrb	r3, [r3, #6]
20005770:	b25b      	sxtb	r3, r3
20005772:	71ab      	strb	r3, [r5, #6]
20005774:	2b00      	cmp	r3, #0
20005776:	da0f      	bge.n	20005798 <irq_remove_handler+0xf0>
20005778:	4827      	ldr	r0, [pc, #156]	@ (20005818 <irq_remove_handler+0x170>)
2000577a:	80a8      	strh	r0, [r5, #4]
2000577c:	4b21      	ldr	r3, [pc, #132]	@ (20005804 <irq_remove_handler+0x15c>)
2000577e:	0062      	lsls	r2, r4, #1
20005780:	1912      	adds	r2, r2, r4
20005782:	0092      	lsls	r2, r2, #2
20005784:	189b      	adds	r3, r3, r2
20005786:	4a25      	ldr	r2, [pc, #148]	@ (2000581c <irq_remove_handler+0x174>)
20005788:	7811      	ldrb	r1, [r2, #0]
2000578a:	7199      	strb	r1, [r3, #6]
2000578c:	7014      	strb	r4, [r2, #0]
2000578e:	4649      	mov	r1, r9
20005790:	4640      	mov	r0, r8
20005792:	f7ff fe31 	bl	200053f8 <irq_set_enabled>
20005796:	e7a8      	b.n	200056ea <irq_remove_handler+0x42>
20005798:	0060      	lsls	r0, r4, #1
2000579a:	1900      	adds	r0, r0, r4
2000579c:	0080      	lsls	r0, r0, #2
2000579e:	4b19      	ldr	r3, [pc, #100]	@ (20005804 <irq_remove_handler+0x15c>)
200057a0:	18c0      	adds	r0, r0, r3
200057a2:	3004      	adds	r0, #4
200057a4:	f7ff fdb2 	bl	2000530c <resolve_j_16>
200057a8:	0001      	movs	r1, r0
200057aa:	1d2b      	adds	r3, r5, #4
200057ac:	0018      	movs	r0, r3
200057ae:	f7ff fdc5 	bl	2000533c <make_j_16>
200057b2:	e7e2      	b.n	2000577a <irq_remove_handler+0xd2>
200057b4:	2900      	cmp	r1, #0
200057b6:	d112      	bne.n	200057de <irq_remove_handler+0x136>
200057b8:	2800      	cmp	r0, #0
200057ba:	d00e      	beq.n	200057da <irq_remove_handler+0x132>
200057bc:	23ff      	movs	r3, #255	@ 0xff
200057be:	7183      	strb	r3, [r0, #6]
200057c0:	4b17      	ldr	r3, [pc, #92]	@ (20005820 <irq_remove_handler+0x178>)
200057c2:	8083      	strh	r3, [r0, #4]
200057c4:	4915      	ldr	r1, [pc, #84]	@ (2000581c <irq_remove_handler+0x174>)
200057c6:	780b      	ldrb	r3, [r1, #0]
200057c8:	71ab      	strb	r3, [r5, #6]
200057ca:	4a0e      	ldr	r2, [pc, #56]	@ (20005804 <irq_remove_handler+0x15c>)
200057cc:	4b15      	ldr	r3, [pc, #84]	@ (20005824 <irq_remove_handler+0x17c>)
200057ce:	1aad      	subs	r5, r5, r2
200057d0:	416d      	adcs	r5, r5
200057d2:	436b      	muls	r3, r5
200057d4:	0d1b      	lsrs	r3, r3, #20
200057d6:	700b      	strb	r3, [r1, #0]
200057d8:	e7d9      	b.n	2000578e <irq_remove_handler+0xe6>
200057da:	4e09      	ldr	r6, [pc, #36]	@ (20005800 <irq_remove_handler+0x158>)
200057dc:	e7f2      	b.n	200057c4 <irq_remove_handler+0x11c>
200057de:	4912      	ldr	r1, [pc, #72]	@ (20005828 <irq_remove_handler+0x180>)
200057e0:	1d28      	adds	r0, r5, #4
200057e2:	f7ff fdcf 	bl	20005384 <insert_bl_32>
200057e6:	e7d2      	b.n	2000578e <irq_remove_handler+0xe6>
200057e8:	4b10      	ldr	r3, [pc, #64]	@ (2000582c <irq_remove_handler+0x184>)
200057ea:	4a08      	ldr	r2, [pc, #32]	@ (2000580c <irq_remove_handler+0x164>)
200057ec:	4808      	ldr	r0, [pc, #32]	@ (20005810 <irq_remove_handler+0x168>)
200057ee:	4910      	ldr	r1, [pc, #64]	@ (20005830 <irq_remove_handler+0x188>)
200057f0:	f003 fb1e 	bl	20008e30 <__assert_func>
200057f4:	4e02      	ldr	r6, [pc, #8]	@ (20005800 <irq_remove_handler+0x158>)
200057f6:	e778      	b.n	200056ea <irq_remove_handler+0x42>
200057f8:	d0000124 	.word	0xd0000124
200057fc:	e000ed00 	.word	0xe000ed00
20005800:	100001c1 	.word	0x100001c1
20005804:	2000cef4 	.word	0x2000cef4
20005808:	2000c19c 	.word	0x2000c19c
2000580c:	2000cc58 	.word	0x2000cc58
20005810:	2000c008 	.word	0x2000c008
20005814:	00000219 	.word	0x00000219
20005818:	0000bd01 	.word	0x0000bd01
2000581c:	20016d5a 	.word	0x20016d5a
20005820:	ffffbd01 	.word	0xffffbd01
20005824:	0000aaaa 	.word	0x0000aaaa
20005828:	2000cf2e 	.word	0x2000cf2e
2000582c:	2000c1d0 	.word	0x2000c1d0
20005830:	0000025b 	.word	0x0000025b

20005834 <irq_add_tail_to_free_list>:
20005834:	b570      	push	{r4, r5, r6, lr}
20005836:	2201      	movs	r2, #1
20005838:	4302      	orrs	r2, r0
2000583a:	4b2d      	ldr	r3, [pc, #180]	@ (200058f0 <irq_add_tail_to_free_list+0xbc>)
2000583c:	1ad3      	subs	r3, r2, r3
2000583e:	2b2f      	cmp	r3, #47	@ 0x2f
20005840:	d829      	bhi.n	20005896 <irq_add_tail_to_free_list+0x62>
20005842:	f3ef 8305 	mrs	r3, IPSR
20005846:	2b00      	cmp	r3, #0
20005848:	d02b      	beq.n	200058a2 <irq_add_tail_to_free_list+0x6e>
2000584a:	f3ef 8110 	mrs	r1, PRIMASK
2000584e:	b672      	cpsid	i
20005850:	468c      	mov	ip, r1
20005852:	4928      	ldr	r1, [pc, #160]	@ (200058f4 <irq_add_tail_to_free_list+0xc0>)
20005854:	6809      	ldr	r1, [r1, #0]
20005856:	2900      	cmp	r1, #0
20005858:	d0fb      	beq.n	20005852 <irq_add_tail_to_free_list+0x1e>
2000585a:	f3bf 8f5f 	dmb	sy
2000585e:	4c24      	ldr	r4, [pc, #144]	@ (200058f0 <irq_add_tail_to_free_list+0xbc>)
20005860:	4925      	ldr	r1, [pc, #148]	@ (200058f8 <irq_add_tail_to_free_list+0xc4>)
20005862:	0005      	movs	r5, r0
20005864:	1b2d      	subs	r5, r5, r4
20005866:	416d      	adcs	r5, r5
20005868:	4369      	muls	r1, r5
2000586a:	0d09      	lsrs	r1, r1, #20
2000586c:	b24c      	sxtb	r4, r1
2000586e:	4923      	ldr	r1, [pc, #140]	@ (200058fc <irq_add_tail_to_free_list+0xc8>)
20005870:	6889      	ldr	r1, [r1, #8]
20005872:	009b      	lsls	r3, r3, #2
20005874:	58c9      	ldr	r1, [r1, r3]
20005876:	4291      	cmp	r1, r2
20005878:	d019      	beq.n	200058ae <irq_add_tail_to_free_list+0x7a>
2000587a:	2100      	movs	r1, #0
2000587c:	2903      	cmp	r1, #3
2000587e:	d830      	bhi.n	200058e2 <irq_add_tail_to_free_list+0xae>
20005880:	4b1b      	ldr	r3, [pc, #108]	@ (200058f0 <irq_add_tail_to_free_list+0xbc>)
20005882:	004a      	lsls	r2, r1, #1
20005884:	1852      	adds	r2, r2, r1
20005886:	0092      	lsls	r2, r2, #2
20005888:	189b      	adds	r3, r3, r2
2000588a:	799b      	ldrb	r3, [r3, #6]
2000588c:	b25b      	sxtb	r3, r3
2000588e:	42a3      	cmp	r3, r4
20005890:	d01d      	beq.n	200058ce <irq_add_tail_to_free_list+0x9a>
20005892:	3101      	adds	r1, #1
20005894:	e7f2      	b.n	2000587c <irq_add_tail_to_free_list+0x48>
20005896:	4b1a      	ldr	r3, [pc, #104]	@ (20005900 <irq_add_tail_to_free_list+0xcc>)
20005898:	4a1a      	ldr	r2, [pc, #104]	@ (20005904 <irq_add_tail_to_free_list+0xd0>)
2000589a:	481b      	ldr	r0, [pc, #108]	@ (20005908 <irq_add_tail_to_free_list+0xd4>)
2000589c:	491b      	ldr	r1, [pc, #108]	@ (2000590c <irq_add_tail_to_free_list+0xd8>)
2000589e:	f003 fac7 	bl	20008e30 <__assert_func>
200058a2:	4b1b      	ldr	r3, [pc, #108]	@ (20005910 <irq_add_tail_to_free_list+0xdc>)
200058a4:	4a17      	ldr	r2, [pc, #92]	@ (20005904 <irq_add_tail_to_free_list+0xd0>)
200058a6:	4818      	ldr	r0, [pc, #96]	@ (20005908 <irq_add_tail_to_free_list+0xd4>)
200058a8:	491a      	ldr	r1, [pc, #104]	@ (20005914 <irq_add_tail_to_free_list+0xe0>)
200058aa:	f003 fac1 	bl	20008e30 <__assert_func>
200058ae:	4a13      	ldr	r2, [pc, #76]	@ (200058fc <irq_add_tail_to_free_list+0xc8>)
200058b0:	6892      	ldr	r2, [r2, #8]
200058b2:	4919      	ldr	r1, [pc, #100]	@ (20005918 <irq_add_tail_to_free_list+0xe4>)
200058b4:	50d1      	str	r1, [r2, r3]
200058b6:	4b19      	ldr	r3, [pc, #100]	@ (2000591c <irq_add_tail_to_free_list+0xe8>)
200058b8:	781a      	ldrb	r2, [r3, #0]
200058ba:	7182      	strb	r2, [r0, #6]
200058bc:	701c      	strb	r4, [r3, #0]
200058be:	f3bf 8f5f 	dmb	sy
200058c2:	4b0c      	ldr	r3, [pc, #48]	@ (200058f4 <irq_add_tail_to_free_list+0xc0>)
200058c4:	2200      	movs	r2, #0
200058c6:	601a      	str	r2, [r3, #0]
200058c8:	f38c 8810 	msr	PRIMASK, ip
200058cc:	bd70      	pop	{r4, r5, r6, pc}
200058ce:	4b08      	ldr	r3, [pc, #32]	@ (200058f0 <irq_add_tail_to_free_list+0xbc>)
200058d0:	004a      	lsls	r2, r1, #1
200058d2:	1855      	adds	r5, r2, r1
200058d4:	00ad      	lsls	r5, r5, #2
200058d6:	195d      	adds	r5, r3, r5
200058d8:	26ff      	movs	r6, #255	@ 0xff
200058da:	71ae      	strb	r6, [r5, #6]
200058dc:	4a10      	ldr	r2, [pc, #64]	@ (20005920 <irq_add_tail_to_free_list+0xec>)
200058de:	80aa      	strh	r2, [r5, #4]
200058e0:	e7e9      	b.n	200058b6 <irq_add_tail_to_free_list+0x82>
200058e2:	4b10      	ldr	r3, [pc, #64]	@ (20005924 <irq_add_tail_to_free_list+0xf0>)
200058e4:	4a07      	ldr	r2, [pc, #28]	@ (20005904 <irq_add_tail_to_free_list+0xd0>)
200058e6:	4808      	ldr	r0, [pc, #32]	@ (20005908 <irq_add_tail_to_free_list+0xd4>)
200058e8:	490f      	ldr	r1, [pc, #60]	@ (20005928 <irq_add_tail_to_free_list+0xf4>)
200058ea:	f003 faa1 	bl	20008e30 <__assert_func>
200058ee:	46c0      	nop			@ (mov r8, r8)
200058f0:	2000cef4 	.word	0x2000cef4
200058f4:	d0000124 	.word	0xd0000124
200058f8:	0000aaaa 	.word	0x0000aaaa
200058fc:	e000ed00 	.word	0xe000ed00
20005900:	2000c1d8 	.word	0x2000c1d8
20005904:	2000cc2c 	.word	0x2000cc2c
20005908:	2000c008 	.word	0x2000c008
2000590c:	00000296 	.word	0x00000296
20005910:	2000c200 	.word	0x2000c200
20005914:	00000299 	.word	0x00000299
20005918:	100001c1 	.word	0x100001c1
2000591c:	20016d5a 	.word	0x20016d5a
20005920:	ffffbd01 	.word	0xffffbd01
20005924:	2000c20c 	.word	0x2000c20c
20005928:	000002aa 	.word	0x000002aa

2000592c <lock_init>:
2000592c:	4b02      	ldr	r3, [pc, #8]	@ (20005938 <lock_init+0xc>)
2000592e:	469c      	mov	ip, r3
20005930:	4461      	add	r1, ip
20005932:	0089      	lsls	r1, r1, #2
20005934:	6001      	str	r1, [r0, #0]
20005936:	4770      	bx	lr
20005938:	34000040 	.word	0x34000040

2000593c <mutex_init>:
2000593c:	b510      	push	{r4, lr}
2000593e:	0004      	movs	r4, r0
20005940:	f7ff fca0 	bl	20005284 <next_striped_spin_lock_num>
20005944:	0001      	movs	r1, r0
20005946:	0020      	movs	r0, r4
20005948:	f7ff fff0 	bl	2000592c <lock_init>
2000594c:	23ff      	movs	r3, #255	@ 0xff
2000594e:	7123      	strb	r3, [r4, #4]
20005950:	f3bf 8f5f 	dmb	sy
20005954:	bd10      	pop	{r4, pc}

20005956 <recursive_mutex_init>:
20005956:	b510      	push	{r4, lr}
20005958:	0004      	movs	r4, r0
2000595a:	f7ff fc93 	bl	20005284 <next_striped_spin_lock_num>
2000595e:	0001      	movs	r1, r0
20005960:	0020      	movs	r0, r4
20005962:	f7ff ffe3 	bl	2000592c <lock_init>
20005966:	23ff      	movs	r3, #255	@ 0xff
20005968:	7123      	strb	r3, [r4, #4]
2000596a:	2300      	movs	r3, #0
2000596c:	7163      	strb	r3, [r4, #5]
2000596e:	f3bf 8f5f 	dmb	sy
20005972:	bd10      	pop	{r4, pc}

20005974 <runtime_init_mutex>:
20005974:	b510      	push	{r4, lr}
20005976:	4c0d      	ldr	r4, [pc, #52]	@ (200059ac <runtime_init_mutex+0x38>)
20005978:	e009      	b.n	2000598e <runtime_init_mutex+0x1a>
2000597a:	4b0d      	ldr	r3, [pc, #52]	@ (200059b0 <runtime_init_mutex+0x3c>)
2000597c:	4a0d      	ldr	r2, [pc, #52]	@ (200059b4 <runtime_init_mutex+0x40>)
2000597e:	480e      	ldr	r0, [pc, #56]	@ (200059b8 <runtime_init_mutex+0x44>)
20005980:	211a      	movs	r1, #26
20005982:	f003 fa55 	bl	20008e30 <__assert_func>
20005986:	0020      	movs	r0, r4
20005988:	f7ff ffd8 	bl	2000593c <mutex_init>
2000598c:	3408      	adds	r4, #8
2000598e:	4b0b      	ldr	r3, [pc, #44]	@ (200059bc <runtime_init_mutex+0x48>)
20005990:	429c      	cmp	r4, r3
20005992:	d209      	bcs.n	200059a8 <runtime_init_mutex+0x34>
20005994:	6823      	ldr	r3, [r4, #0]
20005996:	2b00      	cmp	r3, #0
20005998:	d0f5      	beq.n	20005986 <runtime_init_mutex+0x12>
2000599a:	2b01      	cmp	r3, #1
2000599c:	d1ed      	bne.n	2000597a <runtime_init_mutex+0x6>
2000599e:	0020      	movs	r0, r4
200059a0:	f7ff ffd9 	bl	20005956 <recursive_mutex_init>
200059a4:	3408      	adds	r4, #8
200059a6:	e7f2      	b.n	2000598e <runtime_init_mutex+0x1a>
200059a8:	bd10      	pop	{r4, pc}
200059aa:	46c0      	nop			@ (mov r8, r8)
200059ac:	2000d5b8 	.word	0x2000d5b8
200059b0:	2000c214 	.word	0x2000c214
200059b4:	2000cce0 	.word	0x2000cce0
200059b8:	2000c234 	.word	0x2000c234
200059bc:	2000d5c8 	.word	0x2000d5c8

200059c0 <ta_set_timeout>:
200059c0:	b530      	push	{r4, r5, lr}
200059c2:	6a83      	ldr	r3, [r0, #40]	@ 0x28
200059c4:	469c      	mov	ip, r3
200059c6:	1ad4      	subs	r4, r2, r3
200059c8:	1d0b      	adds	r3, r1, #4
200059ca:	009b      	lsls	r3, r3, #2
200059cc:	581b      	ldr	r3, [r3, r0]
200059ce:	4665      	mov	r5, ip
200059d0:	1b5b      	subs	r3, r3, r5
200059d2:	429c      	cmp	r4, r3
200059d4:	d304      	bcc.n	200059e0 <ta_set_timeout+0x20>
200059d6:	6a04      	ldr	r4, [r0, #32]
200059d8:	2301      	movs	r3, #1
200059da:	408b      	lsls	r3, r1
200059dc:	4223      	tst	r3, r4
200059de:	d102      	bne.n	200059e6 <ta_set_timeout+0x26>
200059e0:	3104      	adds	r1, #4
200059e2:	0089      	lsls	r1, r1, #2
200059e4:	500a      	str	r2, [r1, r0]
200059e6:	bd30      	pop	{r4, r5, pc}

200059e8 <make_alarm_id>:
200059e8:	0400      	lsls	r0, r0, #16
200059ea:	4308      	orrs	r0, r1
200059ec:	4770      	bx	lr
	...

200059f0 <sleep_until_callback>:
200059f0:	4b0a      	ldr	r3, [pc, #40]	@ (20005a1c <sleep_until_callback+0x2c>)
200059f2:	6819      	ldr	r1, [r3, #0]
200059f4:	f3ef 8310 	mrs	r3, PRIMASK
200059f8:	b672      	cpsid	i
200059fa:	680a      	ldr	r2, [r1, #0]
200059fc:	2a00      	cmp	r2, #0
200059fe:	d0fc      	beq.n	200059fa <sleep_until_callback+0xa>
20005a00:	f3bf 8f5f 	dmb	sy
20005a04:	4a05      	ldr	r2, [pc, #20]	@ (20005a1c <sleep_until_callback+0x2c>)
20005a06:	6812      	ldr	r2, [r2, #0]
20005a08:	f3bf 8f5f 	dmb	sy
20005a0c:	2100      	movs	r1, #0
20005a0e:	6011      	str	r1, [r2, #0]
20005a10:	f383 8810 	msr	PRIMASK, r3
20005a14:	bf40      	sev
20005a16:	2000      	movs	r0, #0
20005a18:	2100      	movs	r1, #0
20005a1a:	4770      	bx	lr
20005a1c:	20016a10 	.word	0x20016a10

20005a20 <alarm_pool_irq_handler>:
20005a20:	b5f0      	push	{r4, r5, r6, r7, lr}
20005a22:	46de      	mov	lr, fp
20005a24:	4657      	mov	r7, sl
20005a26:	464e      	mov	r6, r9
20005a28:	4645      	mov	r5, r8
20005a2a:	b5e0      	push	{r5, r6, r7, lr}
20005a2c:	b083      	sub	sp, #12
20005a2e:	f3ef 8305 	mrs	r3, IPSR
20005a32:	2203      	movs	r2, #3
20005a34:	401a      	ands	r2, r3
20005a36:	0011      	movs	r1, r2
20005a38:	9201      	str	r2, [sp, #4]
20005a3a:	4baf      	ldr	r3, [pc, #700]	@ (20005cf8 <alarm_pool_irq_handler+0x2d8>)
20005a3c:	0092      	lsls	r2, r2, #2
20005a3e:	58d3      	ldr	r3, [r2, r3]
20005a40:	4698      	mov	r8, r3
20005a42:	781b      	ldrb	r3, [r3, #0]
20005a44:	428b      	cmp	r3, r1
20005a46:	d107      	bne.n	20005a58 <alarm_pool_irq_handler+0x38>
20005a48:	2301      	movs	r3, #1
20005a4a:	9a01      	ldr	r2, [sp, #4]
20005a4c:	4093      	lsls	r3, r2
20005a4e:	9300      	str	r3, [sp, #0]
20005a50:	4baa      	ldr	r3, [pc, #680]	@ (20005cfc <alarm_pool_irq_handler+0x2dc>)
20005a52:	9a00      	ldr	r2, [sp, #0]
20005a54:	601a      	str	r2, [r3, #0]
20005a56:	e11f      	b.n	20005c98 <alarm_pool_irq_handler+0x278>
20005a58:	4ba9      	ldr	r3, [pc, #676]	@ (20005d00 <alarm_pool_irq_handler+0x2e0>)
20005a5a:	4aaa      	ldr	r2, [pc, #680]	@ (20005d04 <alarm_pool_irq_handler+0x2e4>)
20005a5c:	48aa      	ldr	r0, [pc, #680]	@ (20005d08 <alarm_pool_irq_handler+0x2e8>)
20005a5e:	219c      	movs	r1, #156	@ 0x9c
20005a60:	f003 f9e6 	bl	20008e30 <__assert_func>
20005a64:	4643      	mov	r3, r8
20005a66:	695a      	ldr	r2, [r3, #20]
20005a68:	464b      	mov	r3, r9
20005a6a:	005b      	lsls	r3, r3, #1
20005a6c:	444b      	add	r3, r9
20005a6e:	00db      	lsls	r3, r3, #3
20005a70:	4693      	mov	fp, r2
20005a72:	449b      	add	fp, r3
20005a74:	465b      	mov	r3, fp
20005a76:	689e      	ldr	r6, [r3, #8]
20005a78:	68df      	ldr	r7, [r3, #12]
20005a7a:	48a4      	ldr	r0, [pc, #656]	@ (20005d0c <alarm_pool_irq_handler+0x2ec>)
20005a7c:	f000 fbba 	bl	200061f4 <timer_time_us_64>
20005a80:	1b80      	subs	r0, r0, r6
20005a82:	41b9      	sbcs	r1, r7
20005a84:	2900      	cmp	r1, #0
20005a86:	da00      	bge.n	20005a8a <alarm_pool_irq_handler+0x6a>
20005a88:	e110      	b.n	20005cac <alarm_pool_irq_handler+0x28c>
20005a8a:	2f00      	cmp	r7, #0
20005a8c:	db61      	blt.n	20005b52 <alarm_pool_irq_handler+0x132>
20005a8e:	465b      	mov	r3, fp
20005a90:	691c      	ldr	r4, [r3, #16]
20005a92:	4b9f      	ldr	r3, [pc, #636]	@ (20005d10 <alarm_pool_irq_handler+0x2f0>)
20005a94:	429c      	cmp	r4, r3
20005a96:	d047      	beq.n	20005b28 <alarm_pool_irq_handler+0x108>
20005a98:	4643      	mov	r3, r8
20005a9a:	2008      	movs	r0, #8
20005a9c:	5e18      	ldrsh	r0, [r3, r0]
20005a9e:	465b      	mov	r3, fp
20005aa0:	8859      	ldrh	r1, [r3, #2]
20005aa2:	b289      	uxth	r1, r1
20005aa4:	f7ff ffa0 	bl	200059e8 <make_alarm_id>
20005aa8:	465b      	mov	r3, fp
20005aaa:	6959      	ldr	r1, [r3, #20]
20005aac:	47a0      	blx	r4
20005aae:	0004      	movs	r4, r0
20005ab0:	000d      	movs	r5, r1
20005ab2:	0023      	movs	r3, r4
20005ab4:	432b      	orrs	r3, r5
20005ab6:	d04c      	beq.n	20005b52 <alarm_pool_irq_handler+0x132>
20005ab8:	2d00      	cmp	r5, #0
20005aba:	da3e      	bge.n	20005b3a <alarm_pool_irq_handler+0x11a>
20005abc:	0030      	movs	r0, r6
20005abe:	0039      	movs	r1, r7
20005ac0:	1b00      	subs	r0, r0, r4
20005ac2:	41a9      	sbcs	r1, r5
20005ac4:	465b      	mov	r3, fp
20005ac6:	6098      	str	r0, [r3, #8]
20005ac8:	60d9      	str	r1, [r3, #12]
20005aca:	2400      	movs	r4, #0
20005acc:	5f1c      	ldrsh	r4, [r3, r4]
20005ace:	2c00      	cmp	r4, #0
20005ad0:	da00      	bge.n	20005ad4 <alarm_pool_irq_handler+0xb4>
20005ad2:	e0eb      	b.n	20005cac <alarm_pool_irq_handler+0x28c>
20005ad4:	4643      	mov	r3, r8
20005ad6:	695a      	ldr	r2, [r3, #20]
20005ad8:	4692      	mov	sl, r2
20005ada:	0063      	lsls	r3, r4, #1
20005adc:	191b      	adds	r3, r3, r4
20005ade:	00db      	lsls	r3, r3, #3
20005ae0:	4453      	add	r3, sl
20005ae2:	689a      	ldr	r2, [r3, #8]
20005ae4:	68db      	ldr	r3, [r3, #12]
20005ae6:	0005      	movs	r5, r0
20005ae8:	000e      	movs	r6, r1
20005aea:	1aad      	subs	r5, r5, r2
20005aec:	419e      	sbcs	r6, r3
20005aee:	2e00      	cmp	r6, #0
20005af0:	da00      	bge.n	20005af4 <alarm_pool_irq_handler+0xd4>
20005af2:	e0db      	b.n	20005cac <alarm_pool_irq_handler+0x28c>
20005af4:	4643      	mov	r3, r8
20005af6:	811c      	strh	r4, [r3, #8]
20005af8:	4647      	mov	r7, r8
20005afa:	3708      	adds	r7, #8
20005afc:	46bc      	mov	ip, r7
20005afe:	2c00      	cmp	r4, #0
20005b00:	db21      	blt.n	20005b46 <alarm_pool_irq_handler+0x126>
20005b02:	4663      	mov	r3, ip
20005b04:	2200      	movs	r2, #0
20005b06:	5e9b      	ldrsh	r3, [r3, r2]
20005b08:	005d      	lsls	r5, r3, #1
20005b0a:	18ed      	adds	r5, r5, r3
20005b0c:	00ed      	lsls	r5, r5, #3
20005b0e:	4455      	add	r5, sl
20005b10:	68aa      	ldr	r2, [r5, #8]
20005b12:	68eb      	ldr	r3, [r5, #12]
20005b14:	0006      	movs	r6, r0
20005b16:	000f      	movs	r7, r1
20005b18:	1ab6      	subs	r6, r6, r2
20005b1a:	419f      	sbcs	r7, r3
20005b1c:	2f00      	cmp	r7, #0
20005b1e:	db12      	blt.n	20005b46 <alarm_pool_irq_handler+0x126>
20005b20:	46ac      	mov	ip, r5
20005b22:	2300      	movs	r3, #0
20005b24:	5eec      	ldrsh	r4, [r5, r3]
20005b26:	e7ea      	b.n	20005afe <alarm_pool_irq_handler+0xde>
20005b28:	465b      	mov	r3, fp
20005b2a:	695c      	ldr	r4, [r3, #20]
20005b2c:	6923      	ldr	r3, [r4, #16]
20005b2e:	0020      	movs	r0, r4
20005b30:	4798      	blx	r3
20005b32:	2800      	cmp	r0, #0
20005b34:	d00d      	beq.n	20005b52 <alarm_pool_irq_handler+0x132>
20005b36:	cc30      	ldmia	r4, {r4, r5}
20005b38:	e7bb      	b.n	20005ab2 <alarm_pool_irq_handler+0x92>
20005b3a:	4874      	ldr	r0, [pc, #464]	@ (20005d0c <alarm_pool_irq_handler+0x2ec>)
20005b3c:	f000 fb5a 	bl	200061f4 <timer_time_us_64>
20005b40:	1900      	adds	r0, r0, r4
20005b42:	4169      	adcs	r1, r5
20005b44:	e7be      	b.n	20005ac4 <alarm_pool_irq_handler+0xa4>
20005b46:	465b      	mov	r3, fp
20005b48:	801c      	strh	r4, [r3, #0]
20005b4a:	464b      	mov	r3, r9
20005b4c:	4662      	mov	r2, ip
20005b4e:	8013      	strh	r3, [r2, #0]
20005b50:	e0ac      	b.n	20005cac <alarm_pool_irq_handler+0x28c>
20005b52:	465b      	mov	r3, fp
20005b54:	2200      	movs	r2, #0
20005b56:	5e9b      	ldrsh	r3, [r3, r2]
20005b58:	4642      	mov	r2, r8
20005b5a:	8113      	strh	r3, [r2, #8]
20005b5c:	6912      	ldr	r2, [r2, #16]
20005b5e:	f3ef 8310 	mrs	r3, PRIMASK
20005b62:	b672      	cpsid	i
20005b64:	6811      	ldr	r1, [r2, #0]
20005b66:	2900      	cmp	r1, #0
20005b68:	d0fc      	beq.n	20005b64 <alarm_pool_irq_handler+0x144>
20005b6a:	f3bf 8f5f 	dmb	sy
20005b6e:	4642      	mov	r2, r8
20005b70:	2102      	movs	r1, #2
20005b72:	5e52      	ldrsh	r2, [r2, r1]
20005b74:	4659      	mov	r1, fp
20005b76:	800a      	strh	r2, [r1, #0]
20005b78:	4642      	mov	r2, r8
20005b7a:	4649      	mov	r1, r9
20005b7c:	8051      	strh	r1, [r2, #2]
20005b7e:	6912      	ldr	r2, [r2, #16]
20005b80:	f3bf 8f5f 	dmb	sy
20005b84:	2100      	movs	r1, #0
20005b86:	6011      	str	r1, [r2, #0]
20005b88:	f383 8810 	msr	PRIMASK, r3
20005b8c:	e08e      	b.n	20005cac <alarm_pool_irq_handler+0x28c>
20005b8e:	4643      	mov	r3, r8
20005b90:	6919      	ldr	r1, [r3, #16]
20005b92:	f3ef 8310 	mrs	r3, PRIMASK
20005b96:	b672      	cpsid	i
20005b98:	680a      	ldr	r2, [r1, #0]
20005b9a:	2a00      	cmp	r2, #0
20005b9c:	d0fc      	beq.n	20005b98 <alarm_pool_irq_handler+0x178>
20005b9e:	f3bf 8f5f 	dmb	sy
20005ba2:	4642      	mov	r2, r8
20005ba4:	8892      	ldrh	r2, [r2, #4]
20005ba6:	b212      	sxth	r2, r2
20005ba8:	4691      	mov	r9, r2
20005baa:	2201      	movs	r2, #1
20005bac:	4252      	negs	r2, r2
20005bae:	4641      	mov	r1, r8
20005bb0:	808a      	strh	r2, [r1, #4]
20005bb2:	690a      	ldr	r2, [r1, #16]
20005bb4:	f3bf 8f5f 	dmb	sy
20005bb8:	2100      	movs	r1, #0
20005bba:	6011      	str	r1, [r2, #0]
20005bbc:	f383 8810 	msr	PRIMASK, r3
20005bc0:	e01c      	b.n	20005bfc <alarm_pool_irq_handler+0x1dc>
20005bc2:	469b      	mov	fp, r3
20005bc4:	2200      	movs	r2, #0
20005bc6:	5e9a      	ldrsh	r2, [r3, r2]
20005bc8:	2a00      	cmp	r2, #0
20005bca:	db0e      	blt.n	20005bea <alarm_pool_irq_handler+0x1ca>
20005bcc:	465b      	mov	r3, fp
20005bce:	2100      	movs	r1, #0
20005bd0:	5e59      	ldrsh	r1, [r3, r1]
20005bd2:	004b      	lsls	r3, r1, #1
20005bd4:	185b      	adds	r3, r3, r1
20005bd6:	00db      	lsls	r3, r3, #3
20005bd8:	4453      	add	r3, sl
20005bda:	6898      	ldr	r0, [r3, #8]
20005bdc:	68d9      	ldr	r1, [r3, #12]
20005bde:	0026      	movs	r6, r4
20005be0:	002f      	movs	r7, r5
20005be2:	1a36      	subs	r6, r6, r0
20005be4:	418f      	sbcs	r7, r1
20005be6:	2f00      	cmp	r7, #0
20005be8:	daeb      	bge.n	20005bc2 <alarm_pool_irq_handler+0x1a2>
20005bea:	464b      	mov	r3, r9
20005bec:	4659      	mov	r1, fp
20005bee:	800b      	strh	r3, [r1, #0]
20005bf0:	4663      	mov	r3, ip
20005bf2:	2100      	movs	r1, #0
20005bf4:	5e5b      	ldrsh	r3, [r3, r1]
20005bf6:	4699      	mov	r9, r3
20005bf8:	4663      	mov	r3, ip
20005bfa:	801a      	strh	r2, [r3, #0]
20005bfc:	464b      	mov	r3, r9
20005bfe:	2b00      	cmp	r3, #0
20005c00:	db5a      	blt.n	20005cb8 <alarm_pool_irq_handler+0x298>
20005c02:	4643      	mov	r3, r8
20005c04:	695a      	ldr	r2, [r3, #20]
20005c06:	4692      	mov	sl, r2
20005c08:	464b      	mov	r3, r9
20005c0a:	005b      	lsls	r3, r3, #1
20005c0c:	444b      	add	r3, r9
20005c0e:	00db      	lsls	r3, r3, #3
20005c10:	469c      	mov	ip, r3
20005c12:	44d4      	add	ip, sl
20005c14:	4663      	mov	r3, ip
20005c16:	689c      	ldr	r4, [r3, #8]
20005c18:	68dd      	ldr	r5, [r3, #12]
20005c1a:	4646      	mov	r6, r8
20005c1c:	3608      	adds	r6, #8
20005c1e:	46b3      	mov	fp, r6
20005c20:	4643      	mov	r3, r8
20005c22:	2208      	movs	r2, #8
20005c24:	5e9a      	ldrsh	r2, [r3, r2]
20005c26:	e7cf      	b.n	20005bc8 <alarm_pool_irq_handler+0x1a8>
20005c28:	2300      	movs	r3, #0
20005c2a:	4642      	mov	r2, r8
20005c2c:	7193      	strb	r3, [r2, #6]
20005c2e:	4641      	mov	r1, r8
20005c30:	3108      	adds	r1, #8
20005c32:	4643      	mov	r3, r8
20005c34:	2008      	movs	r0, #8
20005c36:	5e18      	ldrsh	r0, [r3, r0]
20005c38:	e011      	b.n	20005c5e <alarm_pool_irq_handler+0x23e>
20005c3a:	2201      	movs	r2, #1
20005c3c:	4252      	negs	r2, r2
20005c3e:	17d3      	asrs	r3, r2, #31
20005c40:	60a2      	str	r2, [r4, #8]
20005c42:	60e3      	str	r3, [r4, #12]
20005c44:	4643      	mov	r3, r8
20005c46:	2208      	movs	r2, #8
20005c48:	5e9b      	ldrsh	r3, [r3, r2]
20005c4a:	4283      	cmp	r3, r0
20005c4c:	d006      	beq.n	20005c5c <alarm_pool_irq_handler+0x23c>
20005c4e:	800d      	strh	r5, [r1, #0]
20005c50:	4643      	mov	r3, r8
20005c52:	2208      	movs	r2, #8
20005c54:	5e9b      	ldrsh	r3, [r3, r2]
20005c56:	8023      	strh	r3, [r4, #0]
20005c58:	4643      	mov	r3, r8
20005c5a:	8118      	strh	r0, [r3, #8]
20005c5c:	0028      	movs	r0, r5
20005c5e:	1c43      	adds	r3, r0, #1
20005c60:	d02e      	beq.n	20005cc0 <alarm_pool_irq_handler+0x2a0>
20005c62:	4643      	mov	r3, r8
20005c64:	695a      	ldr	r2, [r3, #20]
20005c66:	0043      	lsls	r3, r0, #1
20005c68:	181b      	adds	r3, r3, r0
20005c6a:	00db      	lsls	r3, r3, #3
20005c6c:	18d4      	adds	r4, r2, r3
20005c6e:	5ed5      	ldrsh	r5, [r2, r3]
20005c70:	8863      	ldrh	r3, [r4, #2]
20005c72:	b21b      	sxth	r3, r3
20005c74:	2b00      	cmp	r3, #0
20005c76:	dbe0      	blt.n	20005c3a <alarm_pool_irq_handler+0x21a>
20005c78:	0021      	movs	r1, r4
20005c7a:	e7ef      	b.n	20005c5c <alarm_pool_irq_handler+0x23c>
20005c7c:	0022      	movs	r2, r4
20005c7e:	002b      	movs	r3, r5
20005c80:	9901      	ldr	r1, [sp, #4]
20005c82:	4822      	ldr	r0, [pc, #136]	@ (20005d0c <alarm_pool_irq_handler+0x2ec>)
20005c84:	f7ff fe9c 	bl	200059c0 <ta_set_timeout>
20005c88:	4820      	ldr	r0, [pc, #128]	@ (20005d0c <alarm_pool_irq_handler+0x2ec>)
20005c8a:	f000 fab3 	bl	200061f4 <timer_time_us_64>
20005c8e:	1a24      	subs	r4, r4, r0
20005c90:	418d      	sbcs	r5, r1
20005c92:	2d00      	cmp	r5, #0
20005c94:	dc28      	bgt.n	20005ce8 <alarm_pool_irq_handler+0x2c8>
20005c96:	d025      	beq.n	20005ce4 <alarm_pool_irq_handler+0x2c4>
20005c98:	4b1c      	ldr	r3, [pc, #112]	@ (20005d0c <alarm_pool_irq_handler+0x2ec>)
20005c9a:	9a00      	ldr	r2, [sp, #0]
20005c9c:	635a      	str	r2, [r3, #52]	@ 0x34
20005c9e:	4643      	mov	r3, r8
20005ca0:	2208      	movs	r2, #8
20005ca2:	5e9b      	ldrsh	r3, [r3, r2]
20005ca4:	4699      	mov	r9, r3
20005ca6:	2b00      	cmp	r3, #0
20005ca8:	db00      	blt.n	20005cac <alarm_pool_irq_handler+0x28c>
20005caa:	e6db      	b.n	20005a64 <alarm_pool_irq_handler+0x44>
20005cac:	4643      	mov	r3, r8
20005cae:	889b      	ldrh	r3, [r3, #4]
20005cb0:	b21b      	sxth	r3, r3
20005cb2:	2b00      	cmp	r3, #0
20005cb4:	db00      	blt.n	20005cb8 <alarm_pool_irq_handler+0x298>
20005cb6:	e76a      	b.n	20005b8e <alarm_pool_irq_handler+0x16e>
20005cb8:	4643      	mov	r3, r8
20005cba:	799b      	ldrb	r3, [r3, #6]
20005cbc:	2b00      	cmp	r3, #0
20005cbe:	d1b3      	bne.n	20005c28 <alarm_pool_irq_handler+0x208>
20005cc0:	4643      	mov	r3, r8
20005cc2:	2208      	movs	r2, #8
20005cc4:	5e9a      	ldrsh	r2, [r3, r2]
20005cc6:	2a00      	cmp	r2, #0
20005cc8:	db0e      	blt.n	20005ce8 <alarm_pool_irq_handler+0x2c8>
20005cca:	4643      	mov	r3, r8
20005ccc:	6959      	ldr	r1, [r3, #20]
20005cce:	0053      	lsls	r3, r2, #1
20005cd0:	189b      	adds	r3, r3, r2
20005cd2:	00db      	lsls	r3, r3, #3
20005cd4:	18cb      	adds	r3, r1, r3
20005cd6:	689c      	ldr	r4, [r3, #8]
20005cd8:	68dd      	ldr	r5, [r3, #12]
20005cda:	1c63      	adds	r3, r4, #1
20005cdc:	d1ce      	bne.n	20005c7c <alarm_pool_irq_handler+0x25c>
20005cde:	1c6b      	adds	r3, r5, #1
20005ce0:	d0d2      	beq.n	20005c88 <alarm_pool_irq_handler+0x268>
20005ce2:	e7cb      	b.n	20005c7c <alarm_pool_irq_handler+0x25c>
20005ce4:	2c00      	cmp	r4, #0
20005ce6:	d0d7      	beq.n	20005c98 <alarm_pool_irq_handler+0x278>
20005ce8:	bf40      	sev
20005cea:	b003      	add	sp, #12
20005cec:	bcf0      	pop	{r4, r5, r6, r7}
20005cee:	46bb      	mov	fp, r7
20005cf0:	46b2      	mov	sl, r6
20005cf2:	46a9      	mov	r9, r5
20005cf4:	46a0      	mov	r8, r4
20005cf6:	bdf0      	pop	{r4, r5, r6, r7, pc}
20005cf8:	200103f0 	.word	0x200103f0
20005cfc:	4005703c 	.word	0x4005703c
20005d00:	2000c2c8 	.word	0x2000c2c8
20005d04:	2000cd0c 	.word	0x2000cd0c
20005d08:	2000c2f4 	.word	0x2000c2f4
20005d0c:	40054000 	.word	0x40054000
20005d10:	20005a21 	.word	0x20005a21

20005d14 <ta_enable_irq_handler>:
20005d14:	b570      	push	{r4, r5, r6, lr}
20005d16:	0004      	movs	r4, r0
20005d18:	000d      	movs	r5, r1
20005d1a:	0011      	movs	r1, r2
20005d1c:	2601      	movs	r6, #1
20005d1e:	40ae      	lsls	r6, r5
20005d20:	6206      	str	r6, [r0, #32]
20005d22:	0028      	movs	r0, r5
20005d24:	f7ff fb88 	bl	20005438 <irq_set_exclusive_handler>
20005d28:	2101      	movs	r1, #1
20005d2a:	0028      	movs	r0, r5
20005d2c:	f7ff fb64 	bl	200053f8 <irq_set_enabled>
20005d30:	4b02      	ldr	r3, [pc, #8]	@ (20005d3c <ta_enable_irq_handler+0x28>)
20005d32:	469c      	mov	ip, r3
20005d34:	4464      	add	r4, ip
20005d36:	6026      	str	r6, [r4, #0]
20005d38:	bd70      	pop	{r4, r5, r6, pc}
20005d3a:	46c0      	nop			@ (mov r8, r8)
20005d3c:	00002038 	.word	0x00002038

20005d40 <alarm_pool_post_alloc_init>:
20005d40:	b5f8      	push	{r3, r4, r5, r6, r7, lr}
20005d42:	0004      	movs	r4, r0
20005d44:	000f      	movs	r7, r1
20005d46:	0016      	movs	r6, r2
20005d48:	001d      	movs	r5, r3
20005d4a:	60c1      	str	r1, [r0, #12]
20005d4c:	f7ff fa9a 	bl	20005284 <next_striped_spin_lock_num>
20005d50:	4b12      	ldr	r3, [pc, #72]	@ (20005d9c <alarm_pool_post_alloc_init+0x5c>)
20005d52:	469c      	mov	ip, r3
20005d54:	4460      	add	r0, ip
20005d56:	0080      	lsls	r0, r0, #2
20005d58:	6120      	str	r0, [r4, #16]
20005d5a:	7026      	strb	r6, [r4, #0]
20005d5c:	b2ab      	uxth	r3, r5
20005d5e:	8163      	strh	r3, [r4, #10]
20005d60:	22d0      	movs	r2, #208	@ 0xd0
20005d62:	0612      	lsls	r2, r2, #24
20005d64:	7812      	ldrb	r2, [r2, #0]
20005d66:	7062      	strb	r2, [r4, #1]
20005d68:	2201      	movs	r2, #1
20005d6a:	4252      	negs	r2, r2
20005d6c:	8122      	strh	r2, [r4, #8]
20005d6e:	80a2      	strh	r2, [r4, #4]
20005d70:	189b      	adds	r3, r3, r2
20005d72:	8063      	strh	r3, [r4, #2]
20005d74:	2300      	movs	r3, #0
20005d76:	e006      	b.n	20005d86 <alarm_pool_post_alloc_init+0x46>
20005d78:	1e58      	subs	r0, r3, #1
20005d7a:	6961      	ldr	r1, [r4, #20]
20005d7c:	005a      	lsls	r2, r3, #1
20005d7e:	18d2      	adds	r2, r2, r3
20005d80:	00d2      	lsls	r2, r2, #3
20005d82:	5288      	strh	r0, [r1, r2]
20005d84:	3301      	adds	r3, #1
20005d86:	42ab      	cmp	r3, r5
20005d88:	d3f6      	bcc.n	20005d78 <alarm_pool_post_alloc_init+0x38>
20005d8a:	4b05      	ldr	r3, [pc, #20]	@ (20005da0 <alarm_pool_post_alloc_init+0x60>)
20005d8c:	00b2      	lsls	r2, r6, #2
20005d8e:	50d4      	str	r4, [r2, r3]
20005d90:	4a04      	ldr	r2, [pc, #16]	@ (20005da4 <alarm_pool_post_alloc_init+0x64>)
20005d92:	0031      	movs	r1, r6
20005d94:	0038      	movs	r0, r7
20005d96:	f7ff ffbd 	bl	20005d14 <ta_enable_irq_handler>
20005d9a:	bdf8      	pop	{r3, r4, r5, r6, r7, pc}
20005d9c:	34000040 	.word	0x34000040
20005da0:	200103f0 	.word	0x200103f0
20005da4:	20005a21 	.word	0x20005a21

20005da8 <alarm_pool_get_default>:
20005da8:	b510      	push	{r4, lr}
20005daa:	4b06      	ldr	r3, [pc, #24]	@ (20005dc4 <alarm_pool_get_default+0x1c>)
20005dac:	691b      	ldr	r3, [r3, #16]
20005dae:	2b00      	cmp	r3, #0
20005db0:	d001      	beq.n	20005db6 <alarm_pool_get_default+0xe>
20005db2:	4804      	ldr	r0, [pc, #16]	@ (20005dc4 <alarm_pool_get_default+0x1c>)
20005db4:	bd10      	pop	{r4, pc}
20005db6:	4b04      	ldr	r3, [pc, #16]	@ (20005dc8 <alarm_pool_get_default+0x20>)
20005db8:	4a04      	ldr	r2, [pc, #16]	@ (20005dcc <alarm_pool_get_default+0x24>)
20005dba:	4805      	ldr	r0, [pc, #20]	@ (20005dd0 <alarm_pool_get_default+0x28>)
20005dbc:	2165      	movs	r1, #101	@ 0x65
20005dbe:	f003 f837 	bl	20008e30 <__assert_func>
20005dc2:	46c0      	nop			@ (mov r8, r8)
20005dc4:	2000cf48 	.word	0x2000cf48
20005dc8:	2000c334 	.word	0x2000c334
20005dcc:	2000ccf4 	.word	0x2000ccf4
20005dd0:	2000c2f4 	.word	0x2000c2f4

20005dd4 <alarm_pool_add_alarm_at_force_in_context>:
20005dd4:	b5f8      	push	{r3, r4, r5, r6, r7, lr}
20005dd6:	0004      	movs	r4, r0
20005dd8:	6905      	ldr	r5, [r0, #16]
20005dda:	f3ef 8010 	mrs	r0, PRIMASK
20005dde:	b672      	cpsid	i
20005de0:	6829      	ldr	r1, [r5, #0]
20005de2:	2900      	cmp	r1, #0
20005de4:	d0fc      	beq.n	20005de0 <alarm_pool_add_alarm_at_force_in_context+0xc>
20005de6:	f3bf 8f5f 	dmb	sy
20005dea:	2102      	movs	r1, #2
20005dec:	5e66      	ldrsh	r6, [r4, r1]
20005dee:	6965      	ldr	r5, [r4, #20]
20005df0:	0071      	lsls	r1, r6, #1
20005df2:	1989      	adds	r1, r1, r6
20005df4:	00c9      	lsls	r1, r1, #3
20005df6:	186d      	adds	r5, r5, r1
20005df8:	2e00      	cmp	r6, #0
20005dfa:	db02      	blt.n	20005e02 <alarm_pool_add_alarm_at_force_in_context+0x2e>
20005dfc:	2700      	movs	r7, #0
20005dfe:	5fe9      	ldrsh	r1, [r5, r7]
20005e00:	8061      	strh	r1, [r4, #2]
20005e02:	6921      	ldr	r1, [r4, #16]
20005e04:	f3bf 8f5f 	dmb	sy
20005e08:	2700      	movs	r7, #0
20005e0a:	600f      	str	r7, [r1, #0]
20005e0c:	f380 8810 	msr	PRIMASK, r0
20005e10:	2e00      	cmp	r6, #0
20005e12:	db2c      	blt.n	20005e6e <alarm_pool_add_alarm_at_force_in_context+0x9a>
20005e14:	9906      	ldr	r1, [sp, #24]
20005e16:	6129      	str	r1, [r5, #16]
20005e18:	9907      	ldr	r1, [sp, #28]
20005e1a:	6169      	str	r1, [r5, #20]
20005e1c:	60aa      	str	r2, [r5, #8]
20005e1e:	60eb      	str	r3, [r5, #12]
20005e20:	886b      	ldrh	r3, [r5, #2]
20005e22:	3301      	adds	r3, #1
20005e24:	045b      	lsls	r3, r3, #17
20005e26:	0c59      	lsrs	r1, r3, #17
20005e28:	2b00      	cmp	r3, #0
20005e2a:	d100      	bne.n	20005e2e <alarm_pool_add_alarm_at_force_in_context+0x5a>
20005e2c:	2101      	movs	r1, #1
20005e2e:	8069      	strh	r1, [r5, #2]
20005e30:	0030      	movs	r0, r6
20005e32:	f7ff fdd9 	bl	200059e8 <make_alarm_id>
20005e36:	6921      	ldr	r1, [r4, #16]
20005e38:	f3ef 8310 	mrs	r3, PRIMASK
20005e3c:	b672      	cpsid	i
20005e3e:	680a      	ldr	r2, [r1, #0]
20005e40:	2a00      	cmp	r2, #0
20005e42:	d0fc      	beq.n	20005e3e <alarm_pool_add_alarm_at_force_in_context+0x6a>
20005e44:	f3bf 8f5f 	dmb	sy
20005e48:	88a2      	ldrh	r2, [r4, #4]
20005e4a:	802a      	strh	r2, [r5, #0]
20005e4c:	80a6      	strh	r6, [r4, #4]
20005e4e:	6922      	ldr	r2, [r4, #16]
20005e50:	f3bf 8f5f 	dmb	sy
20005e54:	2100      	movs	r1, #0
20005e56:	6011      	str	r1, [r2, #0]
20005e58:	f383 8810 	msr	PRIMASK, r3
20005e5c:	68e3      	ldr	r3, [r4, #12]
20005e5e:	7821      	ldrb	r1, [r4, #0]
20005e60:	2201      	movs	r2, #1
20005e62:	408a      	lsls	r2, r1
20005e64:	4903      	ldr	r1, [pc, #12]	@ (20005e74 <alarm_pool_add_alarm_at_force_in_context+0xa0>)
20005e66:	468c      	mov	ip, r1
20005e68:	4463      	add	r3, ip
20005e6a:	601a      	str	r2, [r3, #0]
20005e6c:	bdf8      	pop	{r3, r4, r5, r6, r7, pc}
20005e6e:	2001      	movs	r0, #1
20005e70:	4240      	negs	r0, r0
20005e72:	e7fb      	b.n	20005e6c <alarm_pool_add_alarm_at_force_in_context+0x98>
20005e74:	0000203c 	.word	0x0000203c

20005e78 <alarm_pool_add_alarm_at>:
20005e78:	b570      	push	{r4, r5, r6, lr}
20005e7a:	b082      	sub	sp, #8
20005e7c:	0006      	movs	r6, r0
20005e7e:	0014      	movs	r4, r2
20005e80:	001d      	movs	r5, r3
20005e82:	ab08      	add	r3, sp, #32
20005e84:	781b      	ldrb	r3, [r3, #0]
20005e86:	2b00      	cmp	r3, #0
20005e88:	d107      	bne.n	20005e9a <alarm_pool_add_alarm_at+0x22>
20005e8a:	f000 f9e3 	bl	20006254 <time_us_64>
20005e8e:	0022      	movs	r2, r4
20005e90:	002b      	movs	r3, r5
20005e92:	1a12      	subs	r2, r2, r0
20005e94:	418b      	sbcs	r3, r1
20005e96:	2b00      	cmp	r3, #0
20005e98:	db0a      	blt.n	20005eb0 <alarm_pool_add_alarm_at+0x38>
20005e9a:	9b07      	ldr	r3, [sp, #28]
20005e9c:	9301      	str	r3, [sp, #4]
20005e9e:	9b06      	ldr	r3, [sp, #24]
20005ea0:	9300      	str	r3, [sp, #0]
20005ea2:	0022      	movs	r2, r4
20005ea4:	002b      	movs	r3, r5
20005ea6:	0030      	movs	r0, r6
20005ea8:	f7ff ff94 	bl	20005dd4 <alarm_pool_add_alarm_at_force_in_context>
20005eac:	b002      	add	sp, #8
20005eae:	bd70      	pop	{r4, r5, r6, pc}
20005eb0:	2000      	movs	r0, #0
20005eb2:	e7fb      	b.n	20005eac <alarm_pool_add_alarm_at+0x34>

20005eb4 <add_alarm_at>:
20005eb4:	b5f0      	push	{r4, r5, r6, r7, lr}
20005eb6:	46c6      	mov	lr, r8
20005eb8:	b500      	push	{lr}
20005eba:	b084      	sub	sp, #16
20005ebc:	4680      	mov	r8, r0
20005ebe:	000f      	movs	r7, r1
20005ec0:	0016      	movs	r6, r2
20005ec2:	001d      	movs	r5, r3
20005ec4:	ab0a      	add	r3, sp, #40	@ 0x28
20005ec6:	781c      	ldrb	r4, [r3, #0]
20005ec8:	f7ff ff6e 	bl	20005da8 <alarm_pool_get_default>
20005ecc:	9402      	str	r4, [sp, #8]
20005ece:	9501      	str	r5, [sp, #4]
20005ed0:	9600      	str	r6, [sp, #0]
20005ed2:	4642      	mov	r2, r8
20005ed4:	003b      	movs	r3, r7
20005ed6:	f7ff ffcf 	bl	20005e78 <alarm_pool_add_alarm_at>
20005eda:	b004      	add	sp, #16
20005edc:	bc80      	pop	{r7}
20005ede:	46b8      	mov	r8, r7
20005ee0:	bdf0      	pop	{r4, r5, r6, r7, pc}
	...

20005ee4 <alarm_pool_cancel_alarm>:
20005ee4:	b530      	push	{r4, r5, lr}
20005ee6:	0004      	movs	r4, r0
20005ee8:	140a      	asrs	r2, r1, #16
20005eea:	8943      	ldrh	r3, [r0, #10]
20005eec:	429a      	cmp	r2, r3
20005eee:	da30      	bge.n	20005f52 <alarm_pool_cancel_alarm+0x6e>
20005ef0:	6940      	ldr	r0, [r0, #20]
20005ef2:	0053      	lsls	r3, r2, #1
20005ef4:	189b      	adds	r3, r3, r2
20005ef6:	00db      	lsls	r3, r3, #3
20005ef8:	18c3      	adds	r3, r0, r3
20005efa:	6922      	ldr	r2, [r4, #16]
20005efc:	4694      	mov	ip, r2
20005efe:	f3ef 8210 	mrs	r2, PRIMASK
20005f02:	b672      	cpsid	i
20005f04:	4660      	mov	r0, ip
20005f06:	6800      	ldr	r0, [r0, #0]
20005f08:	2800      	cmp	r0, #0
20005f0a:	d0fb      	beq.n	20005f04 <alarm_pool_cancel_alarm+0x20>
20005f0c:	f3bf 8f5f 	dmb	sy
20005f10:	8858      	ldrh	r0, [r3, #2]
20005f12:	b285      	uxth	r5, r0
20005f14:	0409      	lsls	r1, r1, #16
20005f16:	0c09      	lsrs	r1, r1, #16
20005f18:	4288      	cmp	r0, r1
20005f1a:	d012      	beq.n	20005f42 <alarm_pool_cancel_alarm+0x5e>
20005f1c:	2000      	movs	r0, #0
20005f1e:	6923      	ldr	r3, [r4, #16]
20005f20:	f3bf 8f5f 	dmb	sy
20005f24:	2100      	movs	r1, #0
20005f26:	6019      	str	r1, [r3, #0]
20005f28:	f382 8810 	msr	PRIMASK, r2
20005f2c:	2800      	cmp	r0, #0
20005f2e:	d011      	beq.n	20005f54 <alarm_pool_cancel_alarm+0x70>
20005f30:	68e3      	ldr	r3, [r4, #12]
20005f32:	7821      	ldrb	r1, [r4, #0]
20005f34:	2201      	movs	r2, #1
20005f36:	408a      	lsls	r2, r1
20005f38:	4907      	ldr	r1, [pc, #28]	@ (20005f58 <alarm_pool_cancel_alarm+0x74>)
20005f3a:	468c      	mov	ip, r1
20005f3c:	4463      	add	r3, ip
20005f3e:	601a      	str	r2, [r3, #0]
20005f40:	e008      	b.n	20005f54 <alarm_pool_cancel_alarm+0x70>
20005f42:	4906      	ldr	r1, [pc, #24]	@ (20005f5c <alarm_pool_cancel_alarm+0x78>)
20005f44:	4329      	orrs	r1, r5
20005f46:	b289      	uxth	r1, r1
20005f48:	8059      	strh	r1, [r3, #2]
20005f4a:	2301      	movs	r3, #1
20005f4c:	71a3      	strb	r3, [r4, #6]
20005f4e:	2001      	movs	r0, #1
20005f50:	e7e5      	b.n	20005f1e <alarm_pool_cancel_alarm+0x3a>
20005f52:	2000      	movs	r0, #0
20005f54:	bd30      	pop	{r4, r5, pc}
20005f56:	46c0      	nop			@ (mov r8, r8)
20005f58:	0000203c 	.word	0x0000203c
20005f5c:	ffff8000 	.word	0xffff8000

20005f60 <cancel_alarm>:
20005f60:	b510      	push	{r4, lr}
20005f62:	0004      	movs	r4, r0
20005f64:	f7ff ff20 	bl	20005da8 <alarm_pool_get_default>
20005f68:	0021      	movs	r1, r4
20005f6a:	f7ff ffbb 	bl	20005ee4 <alarm_pool_cancel_alarm>
20005f6e:	bd10      	pop	{r4, pc}

20005f70 <sleep_until>:
20005f70:	b5f0      	push	{r4, r5, r6, r7, lr}
20005f72:	b083      	sub	sp, #12
20005f74:	0006      	movs	r6, r0
20005f76:	000f      	movs	r7, r1
20005f78:	f3ef 8305 	mrs	r3, IPSR
20005f7c:	2b00      	cmp	r3, #0
20005f7e:	d11a      	bne.n	20005fb6 <sleep_until+0x46>
20005f80:	2406      	movs	r4, #6
20005f82:	4264      	negs	r4, r4
20005f84:	17e5      	asrs	r5, r4, #31
20005f86:	19a4      	adds	r4, r4, r6
20005f88:	417d      	adcs	r5, r7
20005f8a:	428d      	cmp	r5, r1
20005f8c:	d802      	bhi.n	20005f94 <sleep_until+0x24>
20005f8e:	d103      	bne.n	20005f98 <sleep_until+0x28>
20005f90:	4284      	cmp	r4, r0
20005f92:	d901      	bls.n	20005f98 <sleep_until+0x28>
20005f94:	2400      	movs	r4, #0
20005f96:	2500      	movs	r5, #0
20005f98:	f000 f95c 	bl	20006254 <time_us_64>
20005f9c:	0022      	movs	r2, r4
20005f9e:	002b      	movs	r3, r5
20005fa0:	1a12      	subs	r2, r2, r0
20005fa2:	418b      	sbcs	r3, r1
20005fa4:	2b00      	cmp	r3, #0
20005fa6:	dc0b      	bgt.n	20005fc0 <sleep_until+0x50>
20005fa8:	d008      	beq.n	20005fbc <sleep_until+0x4c>
20005faa:	0030      	movs	r0, r6
20005fac:	0039      	movs	r1, r7
20005fae:	f000 f963 	bl	20006278 <busy_wait_until>
20005fb2:	b003      	add	sp, #12
20005fb4:	bdf0      	pop	{r4, r5, r6, r7, pc}
20005fb6:	4816      	ldr	r0, [pc, #88]	@ (20006010 <sleep_until+0xa0>)
20005fb8:	f7ff f8c6 	bl	20005148 <panic>
20005fbc:	2a00      	cmp	r2, #0
20005fbe:	d0f4      	beq.n	20005faa <sleep_until+0x3a>
20005fc0:	4a14      	ldr	r2, [pc, #80]	@ (20006014 <sleep_until+0xa4>)
20005fc2:	2300      	movs	r3, #0
20005fc4:	9300      	str	r3, [sp, #0]
20005fc6:	0020      	movs	r0, r4
20005fc8:	0029      	movs	r1, r5
20005fca:	f7ff ff73 	bl	20005eb4 <add_alarm_at>
20005fce:	2800      	cmp	r0, #0
20005fd0:	da13      	bge.n	20005ffa <sleep_until+0x8a>
20005fd2:	e7ea      	b.n	20005faa <sleep_until+0x3a>
20005fd4:	4b10      	ldr	r3, [pc, #64]	@ (20006018 <sleep_until+0xa8>)
20005fd6:	6819      	ldr	r1, [r3, #0]
20005fd8:	f3ef 8310 	mrs	r3, PRIMASK
20005fdc:	b672      	cpsid	i
20005fde:	680a      	ldr	r2, [r1, #0]
20005fe0:	2a00      	cmp	r2, #0
20005fe2:	d0fc      	beq.n	20005fde <sleep_until+0x6e>
20005fe4:	f3bf 8f5f 	dmb	sy
20005fe8:	4a0b      	ldr	r2, [pc, #44]	@ (20006018 <sleep_until+0xa8>)
20005fea:	6812      	ldr	r2, [r2, #0]
20005fec:	f3bf 8f5f 	dmb	sy
20005ff0:	2100      	movs	r1, #0
20005ff2:	6011      	str	r1, [r2, #0]
20005ff4:	f383 8810 	msr	PRIMASK, r3
20005ff8:	bf20      	wfe
20005ffa:	4b08      	ldr	r3, [pc, #32]	@ (2000601c <sleep_until+0xac>)
20005ffc:	6a5b      	ldr	r3, [r3, #36]	@ 0x24
20005ffe:	429d      	cmp	r5, r3
20006000:	d8e8      	bhi.n	20005fd4 <sleep_until+0x64>
20006002:	4906      	ldr	r1, [pc, #24]	@ (2000601c <sleep_until+0xac>)
20006004:	6a89      	ldr	r1, [r1, #40]	@ 0x28
20006006:	42a1      	cmp	r1, r4
20006008:	d2cf      	bcs.n	20005faa <sleep_until+0x3a>
2000600a:	429d      	cmp	r5, r3
2000600c:	d1cd      	bne.n	20005faa <sleep_until+0x3a>
2000600e:	e7e1      	b.n	20005fd4 <sleep_until+0x64>
20006010:	2000c358 	.word	0x2000c358
20006014:	200059f1 	.word	0x200059f1
20006018:	20016a10 	.word	0x20016a10
2000601c:	40054000 	.word	0x40054000

20006020 <sleep_us>:
20006020:	b570      	push	{r4, r5, r6, lr}
20006022:	0004      	movs	r4, r0
20006024:	000d      	movs	r5, r1
20006026:	f000 f915 	bl	20006254 <time_us_64>
2000602a:	0022      	movs	r2, r4
2000602c:	002b      	movs	r3, r5
2000602e:	1812      	adds	r2, r2, r0
20006030:	414b      	adcs	r3, r1
20006032:	0010      	movs	r0, r2
20006034:	1e19      	subs	r1, r3, #0
20006036:	db02      	blt.n	2000603e <sleep_us+0x1e>
20006038:	f7ff ff9a 	bl	20005f70 <sleep_until>
2000603c:	bd70      	pop	{r4, r5, r6, pc}
2000603e:	2001      	movs	r0, #1
20006040:	4240      	negs	r0, r0
20006042:	4901      	ldr	r1, [pc, #4]	@ (20006048 <sleep_us+0x28>)
20006044:	e7f8      	b.n	20006038 <sleep_us+0x18>
20006046:	46c0      	nop			@ (mov r8, r8)
20006048:	7fffffff 	.word	0x7fffffff

2000604c <sleep_ms>:
2000604c:	b510      	push	{r4, lr}
2000604e:	22fa      	movs	r2, #250	@ 0xfa
20006050:	0092      	lsls	r2, r2, #2
20006052:	2300      	movs	r3, #0
20006054:	2100      	movs	r1, #0
20006056:	f001 fc3b 	bl	200078d0 <__wrap___aeabi_lmul>
2000605a:	f7ff ffe1 	bl	20006020 <sleep_us>
2000605e:	bd10      	pop	{r4, pc}

20006060 <best_effort_wfe_or_timeout>:
20006060:	b5f0      	push	{r4, r5, r6, r7, lr}
20006062:	46c6      	mov	lr, r8
20006064:	b500      	push	{lr}
20006066:	b084      	sub	sp, #16
20006068:	4680      	mov	r8, r0
2000606a:	9103      	str	r1, [sp, #12]
2000606c:	f3ef 8305 	mrs	r3, IPSR
20006070:	2b00      	cmp	r3, #0
20006072:	d12b      	bne.n	200060cc <best_effort_wfe_or_timeout+0x6c>
20006074:	4b47      	ldr	r3, [pc, #284]	@ (20006194 <best_effort_wfe_or_timeout+0x134>)
20006076:	681a      	ldr	r2, [r3, #0]
20006078:	685b      	ldr	r3, [r3, #4]
2000607a:	4282      	cmp	r2, r0
2000607c:	d039      	beq.n	200060f2 <best_effort_wfe_or_timeout+0x92>
2000607e:	f7ff fe93 	bl	20005da8 <alarm_pool_get_default>
20006082:	68c3      	ldr	r3, [r0, #12]
20006084:	001f      	movs	r7, r3
20006086:	7806      	ldrb	r6, [r0, #0]
20006088:	4642      	mov	r2, r8
2000608a:	0014      	movs	r4, r2
2000608c:	9a03      	ldr	r2, [sp, #12]
2000608e:	0015      	movs	r5, r2
20006090:	0018      	movs	r0, r3
20006092:	f000 f8af 	bl	200061f4 <timer_time_us_64>
20006096:	0002      	movs	r2, r0
20006098:	000b      	movs	r3, r1
2000609a:	1aa4      	subs	r4, r4, r2
2000609c:	419d      	sbcs	r5, r3
2000609e:	0022      	movs	r2, r4
200060a0:	1d31      	adds	r1, r6, #4
200060a2:	0089      	lsls	r1, r1, #2
200060a4:	59c9      	ldr	r1, [r1, r7]
200060a6:	1a09      	subs	r1, r1, r0
200060a8:	2000      	movs	r0, #0
200060aa:	42a8      	cmp	r0, r5
200060ac:	dc27      	bgt.n	200060fe <best_effort_wfe_or_timeout+0x9e>
200060ae:	d024      	beq.n	200060fa <best_effort_wfe_or_timeout+0x9a>
200060b0:	bf20      	wfe
200060b2:	9a03      	ldr	r2, [sp, #12]
200060b4:	4b38      	ldr	r3, [pc, #224]	@ (20006198 <best_effort_wfe_or_timeout+0x138>)
200060b6:	6a5b      	ldr	r3, [r3, #36]	@ 0x24
200060b8:	429a      	cmp	r2, r3
200060ba:	d84b      	bhi.n	20006154 <best_effort_wfe_or_timeout+0xf4>
200060bc:	4936      	ldr	r1, [pc, #216]	@ (20006198 <best_effort_wfe_or_timeout+0x138>)
200060be:	6a89      	ldr	r1, [r1, #40]	@ 0x28
200060c0:	4541      	cmp	r1, r8
200060c2:	d24c      	bcs.n	2000615e <best_effort_wfe_or_timeout+0xfe>
200060c4:	429a      	cmp	r2, r3
200060c6:	d043      	beq.n	20006150 <best_effort_wfe_or_timeout+0xf0>
200060c8:	2001      	movs	r0, #1
200060ca:	e044      	b.n	20006156 <best_effort_wfe_or_timeout+0xf6>
200060cc:	000b      	movs	r3, r1
200060ce:	4a32      	ldr	r2, [pc, #200]	@ (20006198 <best_effort_wfe_or_timeout+0x138>)
200060d0:	6a52      	ldr	r2, [r2, #36]	@ 0x24
200060d2:	428a      	cmp	r2, r1
200060d4:	d309      	bcc.n	200060ea <best_effort_wfe_or_timeout+0x8a>
200060d6:	4930      	ldr	r1, [pc, #192]	@ (20006198 <best_effort_wfe_or_timeout+0x138>)
200060d8:	6a89      	ldr	r1, [r1, #40]	@ 0x28
200060da:	4288      	cmp	r0, r1
200060dc:	d907      	bls.n	200060ee <best_effort_wfe_or_timeout+0x8e>
200060de:	429a      	cmp	r2, r3
200060e0:	d001      	beq.n	200060e6 <best_effort_wfe_or_timeout+0x86>
200060e2:	2001      	movs	r0, #1
200060e4:	e037      	b.n	20006156 <best_effort_wfe_or_timeout+0xf6>
200060e6:	2000      	movs	r0, #0
200060e8:	e035      	b.n	20006156 <best_effort_wfe_or_timeout+0xf6>
200060ea:	2000      	movs	r0, #0
200060ec:	e033      	b.n	20006156 <best_effort_wfe_or_timeout+0xf6>
200060ee:	2001      	movs	r0, #1
200060f0:	e031      	b.n	20006156 <best_effort_wfe_or_timeout+0xf6>
200060f2:	9a03      	ldr	r2, [sp, #12]
200060f4:	4293      	cmp	r3, r2
200060f6:	d1c2      	bne.n	2000607e <best_effort_wfe_or_timeout+0x1e>
200060f8:	e7da      	b.n	200060b0 <best_effort_wfe_or_timeout+0x50>
200060fa:	4291      	cmp	r1, r2
200060fc:	d9d8      	bls.n	200060b0 <best_effort_wfe_or_timeout+0x50>
200060fe:	4a27      	ldr	r2, [pc, #156]	@ (2000619c <best_effort_wfe_or_timeout+0x13c>)
20006100:	2300      	movs	r3, #0
20006102:	9300      	str	r3, [sp, #0]
20006104:	4645      	mov	r5, r8
20006106:	0028      	movs	r0, r5
20006108:	9c03      	ldr	r4, [sp, #12]
2000610a:	0021      	movs	r1, r4
2000610c:	f7ff fed2 	bl	20005eb4 <add_alarm_at>
20006110:	2800      	cmp	r0, #0
20006112:	dd26      	ble.n	20006162 <best_effort_wfe_or_timeout+0x102>
20006114:	4b1f      	ldr	r3, [pc, #124]	@ (20006194 <best_effort_wfe_or_timeout+0x134>)
20006116:	601d      	str	r5, [r3, #0]
20006118:	9903      	ldr	r1, [sp, #12]
2000611a:	6059      	str	r1, [r3, #4]
2000611c:	000d      	movs	r5, r1
2000611e:	4b1e      	ldr	r3, [pc, #120]	@ (20006198 <best_effort_wfe_or_timeout+0x138>)
20006120:	6a5b      	ldr	r3, [r3, #36]	@ 0x24
20006122:	4299      	cmp	r1, r3
20006124:	d805      	bhi.n	20006132 <best_effort_wfe_or_timeout+0xd2>
20006126:	4a1c      	ldr	r2, [pc, #112]	@ (20006198 <best_effort_wfe_or_timeout+0x138>)
20006128:	6a92      	ldr	r2, [r2, #40]	@ 0x28
2000612a:	4542      	cmp	r2, r8
2000612c:	d202      	bcs.n	20006134 <best_effort_wfe_or_timeout+0xd4>
2000612e:	4299      	cmp	r1, r3
20006130:	d100      	bne.n	20006134 <best_effort_wfe_or_timeout+0xd4>
20006132:	bf20      	wfe
20006134:	f7ff ff14 	bl	20005f60 <cancel_alarm>
20006138:	4b17      	ldr	r3, [pc, #92]	@ (20006198 <best_effort_wfe_or_timeout+0x138>)
2000613a:	6a5b      	ldr	r3, [r3, #36]	@ 0x24
2000613c:	429d      	cmp	r5, r3
2000613e:	d824      	bhi.n	2000618a <best_effort_wfe_or_timeout+0x12a>
20006140:	4a15      	ldr	r2, [pc, #84]	@ (20006198 <best_effort_wfe_or_timeout+0x138>)
20006142:	6a92      	ldr	r2, [r2, #40]	@ 0x28
20006144:	4542      	cmp	r2, r8
20006146:	d222      	bcs.n	2000618e <best_effort_wfe_or_timeout+0x12e>
20006148:	429d      	cmp	r5, r3
2000614a:	d01c      	beq.n	20006186 <best_effort_wfe_or_timeout+0x126>
2000614c:	2001      	movs	r0, #1
2000614e:	e002      	b.n	20006156 <best_effort_wfe_or_timeout+0xf6>
20006150:	2000      	movs	r0, #0
20006152:	e000      	b.n	20006156 <best_effort_wfe_or_timeout+0xf6>
20006154:	2000      	movs	r0, #0
20006156:	b004      	add	sp, #16
20006158:	bc80      	pop	{r7}
2000615a:	46b8      	mov	r8, r7
2000615c:	bdf0      	pop	{r4, r5, r6, r7, pc}
2000615e:	2001      	movs	r0, #1
20006160:	e7f9      	b.n	20006156 <best_effort_wfe_or_timeout+0xf6>
20006162:	4b0d      	ldr	r3, [pc, #52]	@ (20006198 <best_effort_wfe_or_timeout+0x138>)
20006164:	6a5b      	ldr	r3, [r3, #36]	@ 0x24
20006166:	429c      	cmp	r4, r3
20006168:	d809      	bhi.n	2000617e <best_effort_wfe_or_timeout+0x11e>
2000616a:	490b      	ldr	r1, [pc, #44]	@ (20006198 <best_effort_wfe_or_timeout+0x138>)
2000616c:	6a89      	ldr	r1, [r1, #40]	@ 0x28
2000616e:	4541      	cmp	r1, r8
20006170:	d207      	bcs.n	20006182 <best_effort_wfe_or_timeout+0x122>
20006172:	429c      	cmp	r4, r3
20006174:	d001      	beq.n	2000617a <best_effort_wfe_or_timeout+0x11a>
20006176:	2001      	movs	r0, #1
20006178:	e7ed      	b.n	20006156 <best_effort_wfe_or_timeout+0xf6>
2000617a:	2000      	movs	r0, #0
2000617c:	e7eb      	b.n	20006156 <best_effort_wfe_or_timeout+0xf6>
2000617e:	2000      	movs	r0, #0
20006180:	e7e9      	b.n	20006156 <best_effort_wfe_or_timeout+0xf6>
20006182:	2001      	movs	r0, #1
20006184:	e7e7      	b.n	20006156 <best_effort_wfe_or_timeout+0xf6>
20006186:	2000      	movs	r0, #0
20006188:	e7e5      	b.n	20006156 <best_effort_wfe_or_timeout+0xf6>
2000618a:	2000      	movs	r0, #0
2000618c:	e7e3      	b.n	20006156 <best_effort_wfe_or_timeout+0xf6>
2000618e:	2001      	movs	r0, #1
20006190:	e7e1      	b.n	20006156 <best_effort_wfe_or_timeout+0xf6>
20006192:	46c0      	nop			@ (mov r8, r8)
20006194:	2000cf40 	.word	0x2000cf40
20006198:	40054000 	.word	0x40054000
2000619c:	200059f1 	.word	0x200059f1

200061a0 <alarm_pool_get_default_timer>:
200061a0:	4800      	ldr	r0, [pc, #0]	@ (200061a4 <alarm_pool_get_default_timer+0x4>)
200061a2:	4770      	bx	lr
200061a4:	40054000 	.word	0x40054000

200061a8 <runtime_init_default_alarm_pool>:
200061a8:	b510      	push	{r4, lr}
200061aa:	4b0b      	ldr	r3, [pc, #44]	@ (200061d8 <runtime_init_default_alarm_pool+0x30>)
200061ac:	691b      	ldr	r3, [r3, #16]
200061ae:	2b00      	cmp	r3, #0
200061b0:	d004      	beq.n	200061bc <runtime_init_default_alarm_pool+0x14>
200061b2:	480a      	ldr	r0, [pc, #40]	@ (200061dc <runtime_init_default_alarm_pool+0x34>)
200061b4:	210a      	movs	r1, #10
200061b6:	f7ff fbb9 	bl	2000592c <lock_init>
200061ba:	bd10      	pop	{r4, pc}
200061bc:	f7ff fff0 	bl	200061a0 <alarm_pool_get_default_timer>
200061c0:	0004      	movs	r4, r0
200061c2:	2103      	movs	r1, #3
200061c4:	f000 f80c 	bl	200061e0 <timer_hardware_alarm_claim>
200061c8:	4803      	ldr	r0, [pc, #12]	@ (200061d8 <runtime_init_default_alarm_pool+0x30>)
200061ca:	2310      	movs	r3, #16
200061cc:	2203      	movs	r2, #3
200061ce:	0021      	movs	r1, r4
200061d0:	f7ff fdb6 	bl	20005d40 <alarm_pool_post_alloc_init>
200061d4:	e7ed      	b.n	200061b2 <runtime_init_default_alarm_pool+0xa>
200061d6:	46c0      	nop			@ (mov r8, r8)
200061d8:	2000cf48 	.word	0x2000cf48
200061dc:	20016a10 	.word	0x20016a10

200061e0 <timer_hardware_alarm_claim>:
200061e0:	b510      	push	{r4, lr}
200061e2:	4a02      	ldr	r2, [pc, #8]	@ (200061ec <timer_hardware_alarm_claim+0xc>)
200061e4:	4802      	ldr	r0, [pc, #8]	@ (200061f0 <timer_hardware_alarm_claim+0x10>)
200061e6:	f7fe ffe8 	bl	200051ba <hw_claim_or_assert>
200061ea:	bd10      	pop	{r4, pc}
200061ec:	2000c3a8 	.word	0x2000c3a8
200061f0:	2000f1f4 	.word	0x2000f1f4

200061f4 <timer_time_us_64>:
200061f4:	0002      	movs	r2, r0
200061f6:	6a43      	ldr	r3, [r0, #36]	@ 0x24
200061f8:	6a90      	ldr	r0, [r2, #40]	@ 0x28
200061fa:	0019      	movs	r1, r3
200061fc:	6a53      	ldr	r3, [r2, #36]	@ 0x24
200061fe:	4299      	cmp	r1, r3
20006200:	d1fa      	bne.n	200061f8 <timer_time_us_64+0x4>
20006202:	4770      	bx	lr

20006204 <timer_busy_wait_until>:
20006204:	6a41      	ldr	r1, [r0, #36]	@ 0x24
20006206:	e000      	b.n	2000620a <timer_busy_wait_until+0x6>
20006208:	6a41      	ldr	r1, [r0, #36]	@ 0x24
2000620a:	4299      	cmp	r1, r3
2000620c:	d3fc      	bcc.n	20006208 <timer_busy_wait_until+0x4>
2000620e:	e000      	b.n	20006212 <timer_busy_wait_until+0xe>
20006210:	6a41      	ldr	r1, [r0, #36]	@ 0x24
20006212:	4299      	cmp	r1, r3
20006214:	d102      	bne.n	2000621c <timer_busy_wait_until+0x18>
20006216:	6a81      	ldr	r1, [r0, #40]	@ 0x28
20006218:	4291      	cmp	r1, r2
2000621a:	d3f9      	bcc.n	20006210 <timer_busy_wait_until+0xc>
2000621c:	4770      	bx	lr

2000621e <timer_busy_wait_us>:
2000621e:	b570      	push	{r4, r5, r6, lr}
20006220:	0006      	movs	r6, r0
20006222:	0014      	movs	r4, r2
20006224:	001d      	movs	r5, r3
20006226:	f7ff ffe5 	bl	200061f4 <timer_time_us_64>
2000622a:	0002      	movs	r2, r0
2000622c:	000b      	movs	r3, r1
2000622e:	0010      	movs	r0, r2
20006230:	0019      	movs	r1, r3
20006232:	0022      	movs	r2, r4
20006234:	002b      	movs	r3, r5
20006236:	1812      	adds	r2, r2, r0
20006238:	414b      	adcs	r3, r1
2000623a:	4299      	cmp	r1, r3
2000623c:	d802      	bhi.n	20006244 <timer_busy_wait_us+0x26>
2000623e:	d104      	bne.n	2000624a <timer_busy_wait_us+0x2c>
20006240:	4290      	cmp	r0, r2
20006242:	d902      	bls.n	2000624a <timer_busy_wait_us+0x2c>
20006244:	2201      	movs	r2, #1
20006246:	4252      	negs	r2, r2
20006248:	17d3      	asrs	r3, r2, #31
2000624a:	0030      	movs	r0, r6
2000624c:	f7ff ffda 	bl	20006204 <timer_busy_wait_until>
20006250:	bd70      	pop	{r4, r5, r6, pc}
	...

20006254 <time_us_64>:
20006254:	b510      	push	{r4, lr}
20006256:	4802      	ldr	r0, [pc, #8]	@ (20006260 <time_us_64+0xc>)
20006258:	f7ff ffcc 	bl	200061f4 <timer_time_us_64>
2000625c:	bd10      	pop	{r4, pc}
2000625e:	46c0      	nop			@ (mov r8, r8)
20006260:	40054000 	.word	0x40054000

20006264 <busy_wait_us>:
20006264:	b510      	push	{r4, lr}
20006266:	0002      	movs	r2, r0
20006268:	000b      	movs	r3, r1
2000626a:	4802      	ldr	r0, [pc, #8]	@ (20006274 <busy_wait_us+0x10>)
2000626c:	f7ff ffd7 	bl	2000621e <timer_busy_wait_us>
20006270:	bd10      	pop	{r4, pc}
20006272:	46c0      	nop			@ (mov r8, r8)
20006274:	40054000 	.word	0x40054000

20006278 <busy_wait_until>:
20006278:	b510      	push	{r4, lr}
2000627a:	0002      	movs	r2, r0
2000627c:	000b      	movs	r3, r1
2000627e:	4802      	ldr	r0, [pc, #8]	@ (20006288 <busy_wait_until+0x10>)
20006280:	f7ff ffc0 	bl	20006204 <timer_busy_wait_until>
20006284:	bd10      	pop	{r4, pc}
20006286:	46c0      	nop			@ (mov r8, r8)
20006288:	40054000 	.word	0x40054000

2000628c <uart_unreset>:
2000628c:	4b07      	ldr	r3, [pc, #28]	@ (200062ac <uart_unreset+0x20>)
2000628e:	4298      	cmp	r0, r3
20006290:	d00a      	beq.n	200062a8 <uart_unreset+0x1c>
20006292:	2316      	movs	r3, #22
20006294:	2201      	movs	r2, #1
20006296:	409a      	lsls	r2, r3
20006298:	4b05      	ldr	r3, [pc, #20]	@ (200062b0 <uart_unreset+0x24>)
2000629a:	601a      	str	r2, [r3, #0]
2000629c:	4b05      	ldr	r3, [pc, #20]	@ (200062b4 <uart_unreset+0x28>)
2000629e:	681b      	ldr	r3, [r3, #0]
200062a0:	0011      	movs	r1, r2
200062a2:	4399      	bics	r1, r3
200062a4:	d1fa      	bne.n	2000629c <uart_unreset+0x10>
200062a6:	4770      	bx	lr
200062a8:	2317      	movs	r3, #23
200062aa:	e7f3      	b.n	20006294 <uart_unreset+0x8>
200062ac:	40038000 	.word	0x40038000
200062b0:	4000f000 	.word	0x4000f000
200062b4:	4000c008 	.word	0x4000c008

200062b8 <uart_disable_before_lcr_write>:
200062b8:	b570      	push	{r4, r5, r6, lr}
200062ba:	6b04      	ldr	r4, [r0, #48]	@ 0x30
200062bc:	07e3      	lsls	r3, r4, #31
200062be:	d401      	bmi.n	200062c4 <uart_disable_before_lcr_write+0xc>
200062c0:	0020      	movs	r0, r4
200062c2:	bd70      	pop	{r4, r5, r6, pc}
200062c4:	4b0b      	ldr	r3, [pc, #44]	@ (200062f4 <uart_disable_before_lcr_write+0x3c>)
200062c6:	18c3      	adds	r3, r0, r3
200062c8:	4a0b      	ldr	r2, [pc, #44]	@ (200062f8 <uart_disable_before_lcr_write+0x40>)
200062ca:	601a      	str	r2, [r3, #0]
200062cc:	6a43      	ldr	r3, [r0, #36]	@ 0x24
200062ce:	6a82      	ldr	r2, [r0, #40]	@ 0x28
200062d0:	019b      	lsls	r3, r3, #6
200062d2:	189b      	adds	r3, r3, r2
200062d4:	029d      	lsls	r5, r3, #10
200062d6:	2006      	movs	r0, #6
200062d8:	f000 f936 	bl	20006548 <clock_get_hz>
200062dc:	4907      	ldr	r1, [pc, #28]	@ (200062fc <uart_disable_before_lcr_write+0x44>)
200062de:	f000 fc81 	bl	20006be4 <__wrap___aeabi_uidiv>
200062e2:	0001      	movs	r1, r0
200062e4:	0028      	movs	r0, r5
200062e6:	f000 fc7d 	bl	20006be4 <__wrap___aeabi_uidiv>
200062ea:	2100      	movs	r1, #0
200062ec:	f7ff ffba 	bl	20006264 <busy_wait_us>
200062f0:	e7e6      	b.n	200062c0 <uart_disable_before_lcr_write+0x8>
200062f2:	46c0      	nop			@ (mov r8, r8)
200062f4:	00003030 	.word	0x00003030
200062f8:	00000301 	.word	0x00000301
200062fc:	00000e4e 	.word	0x00000e4e

20006300 <uart_write_lcr_bits_masked>:
20006300:	b570      	push	{r4, r5, r6, lr}
20006302:	0004      	movs	r4, r0
20006304:	000e      	movs	r6, r1
20006306:	0015      	movs	r5, r2
20006308:	f7ff ffd6 	bl	200062b8 <uart_disable_before_lcr_write>
2000630c:	6ae1      	ldr	r1, [r4, #44]	@ 0x2c
2000630e:	0033      	movs	r3, r6
20006310:	404b      	eors	r3, r1
20006312:	0019      	movs	r1, r3
20006314:	002b      	movs	r3, r5
20006316:	400b      	ands	r3, r1
20006318:	0019      	movs	r1, r3
2000631a:	4b02      	ldr	r3, [pc, #8]	@ (20006324 <uart_write_lcr_bits_masked+0x24>)
2000631c:	18e3      	adds	r3, r4, r3
2000631e:	6019      	str	r1, [r3, #0]
20006320:	6320      	str	r0, [r4, #48]	@ 0x30
20006322:	bd70      	pop	{r4, r5, r6, pc}
20006324:	0000102c 	.word	0x0000102c

20006328 <uart_set_baudrate>:
20006328:	b570      	push	{r4, r5, r6, lr}
2000632a:	0005      	movs	r5, r0
2000632c:	000c      	movs	r4, r1
2000632e:	2006      	movs	r0, #6
20006330:	f000 f90a 	bl	20006548 <clock_get_hz>
20006334:	00c0      	lsls	r0, r0, #3
20006336:	0021      	movs	r1, r4
20006338:	f000 fc54 	bl	20006be4 <__wrap___aeabi_uidiv>
2000633c:	3001      	adds	r0, #1
2000633e:	09c6      	lsrs	r6, r0, #7
20006340:	d007      	beq.n	20006352 <uart_set_baudrate+0x2a>
20006342:	4b0e      	ldr	r3, [pc, #56]	@ (2000637c <uart_set_baudrate+0x54>)
20006344:	429e      	cmp	r6, r3
20006346:	d815      	bhi.n	20006374 <uart_set_baudrate+0x4c>
20006348:	0840      	lsrs	r0, r0, #1
2000634a:	0034      	movs	r4, r6
2000634c:	263f      	movs	r6, #63	@ 0x3f
2000634e:	4006      	ands	r6, r0
20006350:	e000      	b.n	20006354 <uart_set_baudrate+0x2c>
20006352:	2401      	movs	r4, #1
20006354:	626c      	str	r4, [r5, #36]	@ 0x24
20006356:	62ae      	str	r6, [r5, #40]	@ 0x28
20006358:	2200      	movs	r2, #0
2000635a:	2100      	movs	r1, #0
2000635c:	0028      	movs	r0, r5
2000635e:	f7ff ffcf 	bl	20006300 <uart_write_lcr_bits_masked>
20006362:	2006      	movs	r0, #6
20006364:	f000 f8f0 	bl	20006548 <clock_get_hz>
20006368:	0080      	lsls	r0, r0, #2
2000636a:	01a1      	lsls	r1, r4, #6
2000636c:	1989      	adds	r1, r1, r6
2000636e:	f000 fc39 	bl	20006be4 <__wrap___aeabi_uidiv>
20006372:	bd70      	pop	{r4, r5, r6, pc}
20006374:	2600      	movs	r6, #0
20006376:	4c02      	ldr	r4, [pc, #8]	@ (20006380 <uart_set_baudrate+0x58>)
20006378:	e7ec      	b.n	20006354 <uart_set_baudrate+0x2c>
2000637a:	46c0      	nop			@ (mov r8, r8)
2000637c:	0000fffe 	.word	0x0000fffe
20006380:	0000ffff 	.word	0x0000ffff

20006384 <uart_set_format>:
20006384:	b510      	push	{r4, lr}
20006386:	3905      	subs	r1, #5
20006388:	0149      	lsls	r1, r1, #5
2000638a:	3a01      	subs	r2, #1
2000638c:	00d2      	lsls	r2, r2, #3
2000638e:	430a      	orrs	r2, r1
20006390:	2b00      	cmp	r3, #0
20006392:	d007      	beq.n	200063a4 <uart_set_format+0x20>
20006394:	2102      	movs	r1, #2
20006396:	430a      	orrs	r2, r1
20006398:	2b01      	cmp	r3, #1
2000639a:	d001      	beq.n	200063a0 <uart_set_format+0x1c>
2000639c:	2100      	movs	r1, #0
2000639e:	e002      	b.n	200063a6 <uart_set_format+0x22>
200063a0:	3102      	adds	r1, #2
200063a2:	e000      	b.n	200063a6 <uart_set_format+0x22>
200063a4:	2100      	movs	r1, #0
200063a6:	4311      	orrs	r1, r2
200063a8:	226e      	movs	r2, #110	@ 0x6e
200063aa:	f7ff ffa9 	bl	20006300 <uart_write_lcr_bits_masked>
200063ae:	bd10      	pop	{r4, pc}

200063b0 <uart_set_fifo_enabled>:
200063b0:	b510      	push	{r4, lr}
200063b2:	2900      	cmp	r1, #0
200063b4:	d000      	beq.n	200063b8 <uart_set_fifo_enabled+0x8>
200063b6:	2110      	movs	r1, #16
200063b8:	2210      	movs	r2, #16
200063ba:	f7ff ffa1 	bl	20006300 <uart_write_lcr_bits_masked>
200063be:	bd10      	pop	{r4, pc}

200063c0 <uart_set_translate_crlf>:
200063c0:	2900      	cmp	r1, #0
200063c2:	d009      	beq.n	200063d8 <uart_set_translate_crlf+0x18>
200063c4:	220a      	movs	r2, #10
200063c6:	4b06      	ldr	r3, [pc, #24]	@ (200063e0 <uart_set_translate_crlf+0x20>)
200063c8:	469c      	mov	ip, r3
200063ca:	4460      	add	r0, ip
200063cc:	4243      	negs	r3, r0
200063ce:	4158      	adcs	r0, r3
200063d0:	4b04      	ldr	r3, [pc, #16]	@ (200063e4 <uart_set_translate_crlf+0x24>)
200063d2:	0040      	lsls	r0, r0, #1
200063d4:	52c2      	strh	r2, [r0, r3]
200063d6:	4770      	bx	lr
200063d8:	2280      	movs	r2, #128	@ 0x80
200063da:	0052      	lsls	r2, r2, #1
200063dc:	e7f3      	b.n	200063c6 <uart_set_translate_crlf+0x6>
200063de:	46c0      	nop			@ (mov r8, r8)
200063e0:	bffc8000 	.word	0xbffc8000
200063e4:	20016c88 	.word	0x20016c88

200063e8 <uart_init>:
200063e8:	b570      	push	{r4, r5, r6, lr}
200063ea:	0004      	movs	r4, r0
200063ec:	000d      	movs	r5, r1
200063ee:	2006      	movs	r0, #6
200063f0:	f000 f8aa 	bl	20006548 <clock_get_hz>
200063f4:	2800      	cmp	r0, #0
200063f6:	d01e      	beq.n	20006436 <uart_init+0x4e>
200063f8:	4b10      	ldr	r3, [pc, #64]	@ (2000643c <uart_init+0x54>)
200063fa:	429c      	cmp	r4, r3
200063fc:	d01c      	beq.n	20006438 <uart_init+0x50>
200063fe:	2216      	movs	r2, #22
20006400:	2301      	movs	r3, #1
20006402:	4093      	lsls	r3, r2
20006404:	4a0e      	ldr	r2, [pc, #56]	@ (20006440 <uart_init+0x58>)
20006406:	6013      	str	r3, [r2, #0]
20006408:	0020      	movs	r0, r4
2000640a:	f7ff ff3f 	bl	2000628c <uart_unreset>
2000640e:	2100      	movs	r1, #0
20006410:	0020      	movs	r0, r4
20006412:	f7ff ffd5 	bl	200063c0 <uart_set_translate_crlf>
20006416:	0029      	movs	r1, r5
20006418:	0020      	movs	r0, r4
2000641a:	f7ff ff85 	bl	20006328 <uart_set_baudrate>
2000641e:	6ae2      	ldr	r2, [r4, #44]	@ 0x2c
20006420:	2370      	movs	r3, #112	@ 0x70
20006422:	405a      	eors	r2, r3
20006424:	330e      	adds	r3, #14
20006426:	4013      	ands	r3, r2
20006428:	4a06      	ldr	r2, [pc, #24]	@ (20006444 <uart_init+0x5c>)
2000642a:	18a2      	adds	r2, r4, r2
2000642c:	6013      	str	r3, [r2, #0]
2000642e:	4b06      	ldr	r3, [pc, #24]	@ (20006448 <uart_init+0x60>)
20006430:	6323      	str	r3, [r4, #48]	@ 0x30
20006432:	2303      	movs	r3, #3
20006434:	64a3      	str	r3, [r4, #72]	@ 0x48
20006436:	bd70      	pop	{r4, r5, r6, pc}
20006438:	2217      	movs	r2, #23
2000643a:	e7e1      	b.n	20006400 <uart_init+0x18>
2000643c:	40038000 	.word	0x40038000
20006440:	4000e000 	.word	0x4000e000
20006444:	0000102c 	.word	0x0000102c
20006448:	00000301 	.word	0x00000301

2000644c <clock_configure_internal>:
2000644c:	b5f8      	push	{r3, r4, r5, r6, r7, lr}
2000644e:	46ce      	mov	lr, r9
20006450:	4647      	mov	r7, r8
20006452:	b580      	push	{r7, lr}
20006454:	0005      	movs	r5, r0
20006456:	000e      	movs	r6, r1
20006458:	4690      	mov	r8, r2
2000645a:	4699      	mov	r9, r3
2000645c:	0044      	lsls	r4, r0, #1
2000645e:	1824      	adds	r4, r4, r0
20006460:	00a4      	lsls	r4, r4, #2
20006462:	4b28      	ldr	r3, [pc, #160]	@ (20006504 <clock_configure_internal+0xb8>)
20006464:	469c      	mov	ip, r3
20006466:	4464      	add	r4, ip
20006468:	6863      	ldr	r3, [r4, #4]
2000646a:	9a08      	ldr	r2, [sp, #32]
2000646c:	4293      	cmp	r3, r2
2000646e:	d200      	bcs.n	20006472 <clock_configure_internal+0x26>
20006470:	6062      	str	r2, [r4, #4]
20006472:	1f2f      	subs	r7, r5, #4
20006474:	b2ff      	uxtb	r7, r7
20006476:	2f01      	cmp	r7, #1
20006478:	d92e      	bls.n	200064d8 <clock_configure_internal+0x8c>
2000647a:	2280      	movs	r2, #128	@ 0x80
2000647c:	0112      	lsls	r2, r2, #4
2000647e:	23c0      	movs	r3, #192	@ 0xc0
20006480:	019b      	lsls	r3, r3, #6
20006482:	18e3      	adds	r3, r4, r3
20006484:	601a      	str	r2, [r3, #0]
20006486:	4b20      	ldr	r3, [pc, #128]	@ (20006508 <clock_configure_internal+0xbc>)
20006488:	00aa      	lsls	r2, r5, #2
2000648a:	58d1      	ldr	r1, [r2, r3]
2000648c:	2900      	cmp	r1, #0
2000648e:	d007      	beq.n	200064a0 <clock_configure_internal+0x54>
20006490:	6958      	ldr	r0, [r3, #20]
20006492:	f000 fba7 	bl	20006be4 <__wrap___aeabi_uidiv>
20006496:	3001      	adds	r0, #1
20006498:	0043      	lsls	r3, r0, #1
2000649a:	181b      	adds	r3, r3, r0
2000649c:	3b03      	subs	r3, #3
2000649e:	d2fd      	bcs.n	2000649c <clock_configure_internal+0x50>
200064a0:	4643      	mov	r3, r8
200064a2:	015b      	lsls	r3, r3, #5
200064a4:	6822      	ldr	r2, [r4, #0]
200064a6:	4053      	eors	r3, r2
200064a8:	22e0      	movs	r2, #224	@ 0xe0
200064aa:	4013      	ands	r3, r2
200064ac:	2280      	movs	r2, #128	@ 0x80
200064ae:	0152      	lsls	r2, r2, #5
200064b0:	18a2      	adds	r2, r4, r2
200064b2:	6013      	str	r3, [r2, #0]
200064b4:	2f01      	cmp	r7, #1
200064b6:	d91a      	bls.n	200064ee <clock_configure_internal+0xa2>
200064b8:	2380      	movs	r3, #128	@ 0x80
200064ba:	019b      	lsls	r3, r3, #6
200064bc:	18e3      	adds	r3, r4, r3
200064be:	2280      	movs	r2, #128	@ 0x80
200064c0:	0112      	lsls	r2, r2, #4
200064c2:	601a      	str	r2, [r3, #0]
200064c4:	9b08      	ldr	r3, [sp, #32]
200064c6:	6063      	str	r3, [r4, #4]
200064c8:	4b0f      	ldr	r3, [pc, #60]	@ (20006508 <clock_configure_internal+0xbc>)
200064ca:	00ad      	lsls	r5, r5, #2
200064cc:	464a      	mov	r2, r9
200064ce:	50ea      	str	r2, [r5, r3]
200064d0:	bcc0      	pop	{r6, r7}
200064d2:	46b9      	mov	r9, r7
200064d4:	46b0      	mov	r8, r6
200064d6:	bdf8      	pop	{r3, r4, r5, r6, r7, pc}
200064d8:	2e01      	cmp	r6, #1
200064da:	d1ce      	bne.n	2000647a <clock_configure_internal+0x2e>
200064dc:	2203      	movs	r2, #3
200064de:	23c0      	movs	r3, #192	@ 0xc0
200064e0:	019b      	lsls	r3, r3, #6
200064e2:	18e3      	adds	r3, r4, r3
200064e4:	601a      	str	r2, [r3, #0]
200064e6:	68a3      	ldr	r3, [r4, #8]
200064e8:	07db      	lsls	r3, r3, #31
200064ea:	d5fc      	bpl.n	200064e6 <clock_configure_internal+0x9a>
200064ec:	e7d8      	b.n	200064a0 <clock_configure_internal+0x54>
200064ee:	6821      	ldr	r1, [r4, #0]
200064f0:	4071      	eors	r1, r6
200064f2:	2303      	movs	r3, #3
200064f4:	400b      	ands	r3, r1
200064f6:	6013      	str	r3, [r2, #0]
200064f8:	68a3      	ldr	r3, [r4, #8]
200064fa:	2201      	movs	r2, #1
200064fc:	40b2      	lsls	r2, r6
200064fe:	421a      	tst	r2, r3
20006500:	d0fa      	beq.n	200064f8 <clock_configure_internal+0xac>
20006502:	e7d9      	b.n	200064b8 <clock_configure_internal+0x6c>
20006504:	40008000 	.word	0x40008000
20006508:	2000f1fc 	.word	0x2000f1fc

2000650c <clock_configure_int_divider>:
2000650c:	b570      	push	{r4, r5, r6, lr}
2000650e:	b082      	sub	sp, #8
20006510:	0006      	movs	r6, r0
20006512:	000d      	movs	r5, r1
20006514:	0014      	movs	r4, r2
20006516:	0018      	movs	r0, r3
20006518:	9906      	ldr	r1, [sp, #24]
2000651a:	f000 fb63 	bl	20006be4 <__wrap___aeabi_uidiv>
2000651e:	0003      	movs	r3, r0
20006520:	9a06      	ldr	r2, [sp, #24]
20006522:	0211      	lsls	r1, r2, #8
20006524:	9100      	str	r1, [sp, #0]
20006526:	0022      	movs	r2, r4
20006528:	0029      	movs	r1, r5
2000652a:	0030      	movs	r0, r6
2000652c:	f7ff ff8e 	bl	2000644c <clock_configure_internal>
20006530:	b002      	add	sp, #8
20006532:	bd70      	pop	{r4, r5, r6, pc}

20006534 <clock_configure_undivided>:
20006534:	b510      	push	{r4, lr}
20006536:	b082      	sub	sp, #8
20006538:	2480      	movs	r4, #128	@ 0x80
2000653a:	0064      	lsls	r4, r4, #1
2000653c:	9400      	str	r4, [sp, #0]
2000653e:	f7ff ff85 	bl	2000644c <clock_configure_internal>
20006542:	b002      	add	sp, #8
20006544:	bd10      	pop	{r4, pc}
	...

20006548 <clock_get_hz>:
20006548:	4b01      	ldr	r3, [pc, #4]	@ (20006550 <clock_get_hz+0x8>)
2000654a:	0080      	lsls	r0, r0, #2
2000654c:	58c0      	ldr	r0, [r0, r3]
2000654e:	4770      	bx	lr
20006550:	2000f1fc 	.word	0x2000f1fc

20006554 <frequency_count_khz>:
20006554:	b510      	push	{r4, lr}
20006556:	0004      	movs	r4, r0
20006558:	4b0d      	ldr	r3, [pc, #52]	@ (20006590 <frequency_count_khz+0x3c>)
2000655a:	699b      	ldr	r3, [r3, #24]
2000655c:	05db      	lsls	r3, r3, #23
2000655e:	d4fb      	bmi.n	20006558 <frequency_count_khz+0x4>
20006560:	2004      	movs	r0, #4
20006562:	f7ff fff1 	bl	20006548 <clock_get_hz>
20006566:	21fa      	movs	r1, #250	@ 0xfa
20006568:	0089      	lsls	r1, r1, #2
2000656a:	f000 fb3b 	bl	20006be4 <__wrap___aeabi_uidiv>
2000656e:	4b08      	ldr	r3, [pc, #32]	@ (20006590 <frequency_count_khz+0x3c>)
20006570:	6018      	str	r0, [r3, #0]
20006572:	220a      	movs	r2, #10
20006574:	611a      	str	r2, [r3, #16]
20006576:	2200      	movs	r2, #0
20006578:	605a      	str	r2, [r3, #4]
2000657a:	3a01      	subs	r2, #1
2000657c:	609a      	str	r2, [r3, #8]
2000657e:	615c      	str	r4, [r3, #20]
20006580:	4b03      	ldr	r3, [pc, #12]	@ (20006590 <frequency_count_khz+0x3c>)
20006582:	699b      	ldr	r3, [r3, #24]
20006584:	06db      	lsls	r3, r3, #27
20006586:	d5fb      	bpl.n	20006580 <frequency_count_khz+0x2c>
20006588:	4b01      	ldr	r3, [pc, #4]	@ (20006590 <frequency_count_khz+0x3c>)
2000658a:	69d8      	ldr	r0, [r3, #28]
2000658c:	0940      	lsrs	r0, r0, #5
2000658e:	bd10      	pop	{r4, pc}
20006590:	40008080 	.word	0x40008080

20006594 <set_sys_clock_pll>:
20006594:	b5f0      	push	{r4, r5, r6, r7, lr}
20006596:	b083      	sub	sp, #12
20006598:	0007      	movs	r7, r0
2000659a:	000d      	movs	r5, r1
2000659c:	0014      	movs	r4, r2
2000659e:	4e14      	ldr	r6, [pc, #80]	@ (200065f0 <set_sys_clock_pll+0x5c>)
200065a0:	0033      	movs	r3, r6
200065a2:	2201      	movs	r2, #1
200065a4:	2101      	movs	r1, #1
200065a6:	2005      	movs	r0, #5
200065a8:	f7ff ffc4 	bl	20006534 <clock_configure_undivided>
200065ac:	9400      	str	r4, [sp, #0]
200065ae:	002b      	movs	r3, r5
200065b0:	003a      	movs	r2, r7
200065b2:	2101      	movs	r1, #1
200065b4:	480f      	ldr	r0, [pc, #60]	@ (200065f4 <set_sys_clock_pll+0x60>)
200065b6:	f000 f873 	bl	200066a0 <pll_init>
200065ba:	0021      	movs	r1, r4
200065bc:	4369      	muls	r1, r5
200065be:	0038      	movs	r0, r7
200065c0:	f000 fb10 	bl	20006be4 <__wrap___aeabi_uidiv>
200065c4:	0004      	movs	r4, r0
200065c6:	4b0c      	ldr	r3, [pc, #48]	@ (200065f8 <set_sys_clock_pll+0x64>)
200065c8:	2200      	movs	r2, #0
200065ca:	2102      	movs	r1, #2
200065cc:	2004      	movs	r0, #4
200065ce:	f7ff ffb1 	bl	20006534 <clock_configure_undivided>
200065d2:	0023      	movs	r3, r4
200065d4:	2200      	movs	r2, #0
200065d6:	2101      	movs	r1, #1
200065d8:	2005      	movs	r0, #5
200065da:	f7ff ffab 	bl	20006534 <clock_configure_undivided>
200065de:	0033      	movs	r3, r6
200065e0:	2202      	movs	r2, #2
200065e2:	2100      	movs	r1, #0
200065e4:	2006      	movs	r0, #6
200065e6:	f7ff ffa5 	bl	20006534 <clock_configure_undivided>
200065ea:	b003      	add	sp, #12
200065ec:	bdf0      	pop	{r4, r5, r6, r7, pc}
200065ee:	46c0      	nop			@ (mov r8, r8)
200065f0:	02dc6c00 	.word	0x02dc6c00
200065f4:	40028000 	.word	0x40028000
200065f8:	00b71b00 	.word	0x00b71b00

200065fc <check_sys_clock_khz>:
200065fc:	b5f0      	push	{r4, r5, r6, r7, lr}
200065fe:	46de      	mov	lr, fp
20006600:	4657      	mov	r7, sl
20006602:	464e      	mov	r6, r9
20006604:	4645      	mov	r5, r8
20006606:	b5e0      	push	{r5, r6, r7, lr}
20006608:	b083      	sub	sp, #12
2000660a:	4680      	mov	r8, r0
2000660c:	468a      	mov	sl, r1
2000660e:	4693      	mov	fp, r2
20006610:	9301      	str	r3, [sp, #4]
20006612:	23a0      	movs	r3, #160	@ 0xa0
20006614:	005b      	lsls	r3, r3, #1
20006616:	4699      	mov	r9, r3
20006618:	e02a      	b.n	20006670 <check_sys_clock_khz+0x74>
2000661a:	3c01      	subs	r4, #1
2000661c:	2c00      	cmp	r4, #0
2000661e:	d01e      	beq.n	2000665e <check_sys_clock_khz+0x62>
20006620:	0025      	movs	r5, r4
20006622:	437d      	muls	r5, r7
20006624:	0029      	movs	r1, r5
20006626:	0030      	movs	r0, r6
20006628:	f000 fadc 	bl	20006be4 <__wrap___aeabi_uidiv>
2000662c:	4540      	cmp	r0, r8
2000662e:	d1f4      	bne.n	2000661a <check_sys_clock_khz+0x1e>
20006630:	0029      	movs	r1, r5
20006632:	0030      	movs	r0, r6
20006634:	f000 fad6 	bl	20006be4 <__wrap___aeabi_uidiv>
20006638:	2900      	cmp	r1, #0
2000663a:	d1ee      	bne.n	2000661a <check_sys_clock_khz+0x1e>
2000663c:	4b14      	ldr	r3, [pc, #80]	@ (20006690 <check_sys_clock_khz+0x94>)
2000663e:	464a      	mov	r2, r9
20006640:	4353      	muls	r3, r2
20006642:	4652      	mov	r2, sl
20006644:	6013      	str	r3, [r2, #0]
20006646:	465b      	mov	r3, fp
20006648:	601f      	str	r7, [r3, #0]
2000664a:	9b01      	ldr	r3, [sp, #4]
2000664c:	601c      	str	r4, [r3, #0]
2000664e:	2001      	movs	r0, #1
20006650:	b003      	add	sp, #12
20006652:	bcf0      	pop	{r4, r5, r6, r7}
20006654:	46bb      	mov	fp, r7
20006656:	46b2      	mov	sl, r6
20006658:	46a9      	mov	r9, r5
2000665a:	46a0      	mov	r8, r4
2000665c:	bdf0      	pop	{r4, r5, r6, r7, pc}
2000665e:	3f01      	subs	r7, #1
20006660:	2f00      	cmp	r7, #0
20006662:	d001      	beq.n	20006668 <check_sys_clock_khz+0x6c>
20006664:	003c      	movs	r4, r7
20006666:	e7d9      	b.n	2000661c <check_sys_clock_khz+0x20>
20006668:	2301      	movs	r3, #1
2000666a:	425b      	negs	r3, r3
2000666c:	469c      	mov	ip, r3
2000666e:	44e1      	add	r9, ip
20006670:	464b      	mov	r3, r9
20006672:	2b0f      	cmp	r3, #15
20006674:	d909      	bls.n	2000668a <check_sys_clock_khz+0x8e>
20006676:	4e07      	ldr	r6, [pc, #28]	@ (20006694 <check_sys_clock_khz+0x98>)
20006678:	464b      	mov	r3, r9
2000667a:	435e      	muls	r6, r3
2000667c:	4b06      	ldr	r3, [pc, #24]	@ (20006698 <check_sys_clock_khz+0x9c>)
2000667e:	18f2      	adds	r2, r6, r3
20006680:	4b06      	ldr	r3, [pc, #24]	@ (2000669c <check_sys_clock_khz+0xa0>)
20006682:	429a      	cmp	r2, r3
20006684:	d8f0      	bhi.n	20006668 <check_sys_clock_khz+0x6c>
20006686:	2707      	movs	r7, #7
20006688:	e7ea      	b.n	20006660 <check_sys_clock_khz+0x64>
2000668a:	2000      	movs	r0, #0
2000668c:	e7e0      	b.n	20006650 <check_sys_clock_khz+0x54>
2000668e:	46c0      	nop			@ (mov r8, r8)
20006690:	00b71b00 	.word	0x00b71b00
20006694:	00002ee0 	.word	0x00002ee0
20006698:	fff48e50 	.word	0xfff48e50
2000669c:	000cf850 	.word	0x000cf850

200066a0 <pll_init>:
200066a0:	b5f0      	push	{r4, r5, r6, r7, lr}
200066a2:	46c6      	mov	lr, r8
200066a4:	b500      	push	{lr}
200066a6:	0004      	movs	r4, r0
200066a8:	000e      	movs	r6, r1
200066aa:	0017      	movs	r7, r2
200066ac:	001d      	movs	r5, r3
200066ae:	4837      	ldr	r0, [pc, #220]	@ (2000678c <pll_init+0xec>)
200066b0:	f000 fa98 	bl	20006be4 <__wrap___aeabi_uidiv>
200066b4:	4680      	mov	r8, r0
200066b6:	4b36      	ldr	r3, [pc, #216]	@ (20006790 <pll_init+0xf0>)
200066b8:	18fa      	adds	r2, r7, r3
200066ba:	4b36      	ldr	r3, [pc, #216]	@ (20006794 <pll_init+0xf4>)
200066bc:	429a      	cmp	r2, r3
200066be:	d839      	bhi.n	20006734 <pll_init+0x94>
200066c0:	0001      	movs	r1, r0
200066c2:	0038      	movs	r0, r7
200066c4:	f000 fa8e 	bl	20006be4 <__wrap___aeabi_uidiv>
200066c8:	0002      	movs	r2, r0
200066ca:	3a10      	subs	r2, #16
200066cc:	2398      	movs	r3, #152	@ 0x98
200066ce:	005b      	lsls	r3, r3, #1
200066d0:	429a      	cmp	r2, r3
200066d2:	d835      	bhi.n	20006740 <pll_init+0xa0>
200066d4:	1e6b      	subs	r3, r5, #1
200066d6:	2b06      	cmp	r3, #6
200066d8:	d838      	bhi.n	2000674c <pll_init+0xac>
200066da:	9b06      	ldr	r3, [sp, #24]
200066dc:	3b01      	subs	r3, #1
200066de:	2b06      	cmp	r3, #6
200066e0:	d834      	bhi.n	2000674c <pll_init+0xac>
200066e2:	093f      	lsrs	r7, r7, #4
200066e4:	4547      	cmp	r7, r8
200066e6:	d337      	bcc.n	20006758 <pll_init+0xb8>
200066e8:	042d      	lsls	r5, r5, #16
200066ea:	9b06      	ldr	r3, [sp, #24]
200066ec:	031b      	lsls	r3, r3, #12
200066ee:	431d      	orrs	r5, r3
200066f0:	6823      	ldr	r3, [r4, #0]
200066f2:	2b00      	cmp	r3, #0
200066f4:	db36      	blt.n	20006764 <pll_init+0xc4>
200066f6:	4b28      	ldr	r3, [pc, #160]	@ (20006798 <pll_init+0xf8>)
200066f8:	429c      	cmp	r4, r3
200066fa:	d044      	beq.n	20006786 <pll_init+0xe6>
200066fc:	220c      	movs	r2, #12
200066fe:	2301      	movs	r3, #1
20006700:	4093      	lsls	r3, r2
20006702:	4a26      	ldr	r2, [pc, #152]	@ (2000679c <pll_init+0xfc>)
20006704:	6013      	str	r3, [r2, #0]
20006706:	4a26      	ldr	r2, [pc, #152]	@ (200067a0 <pll_init+0x100>)
20006708:	6013      	str	r3, [r2, #0]
2000670a:	4a26      	ldr	r2, [pc, #152]	@ (200067a4 <pll_init+0x104>)
2000670c:	6812      	ldr	r2, [r2, #0]
2000670e:	0019      	movs	r1, r3
20006710:	4391      	bics	r1, r2
20006712:	1e0a      	subs	r2, r1, #0
20006714:	d1f9      	bne.n	2000670a <pll_init+0x6a>
20006716:	6026      	str	r6, [r4, #0]
20006718:	60a0      	str	r0, [r4, #8]
2000671a:	4b23      	ldr	r3, [pc, #140]	@ (200067a8 <pll_init+0x108>)
2000671c:	18e3      	adds	r3, r4, r3
2000671e:	3221      	adds	r2, #33	@ 0x21
20006720:	601a      	str	r2, [r3, #0]
20006722:	6822      	ldr	r2, [r4, #0]
20006724:	2a00      	cmp	r2, #0
20006726:	dafc      	bge.n	20006722 <pll_init+0x82>
20006728:	60e5      	str	r5, [r4, #12]
2000672a:	2208      	movs	r2, #8
2000672c:	601a      	str	r2, [r3, #0]
2000672e:	bc80      	pop	{r7}
20006730:	46b8      	mov	r8, r7
20006732:	bdf0      	pop	{r4, r5, r6, r7, pc}
20006734:	4b1d      	ldr	r3, [pc, #116]	@ (200067ac <pll_init+0x10c>)
20006736:	4a1e      	ldr	r2, [pc, #120]	@ (200067b0 <pll_init+0x110>)
20006738:	481e      	ldr	r0, [pc, #120]	@ (200067b4 <pll_init+0x114>)
2000673a:	2111      	movs	r1, #17
2000673c:	f002 fb78 	bl	20008e30 <__assert_func>
20006740:	4b1d      	ldr	r3, [pc, #116]	@ (200067b8 <pll_init+0x118>)
20006742:	4a1b      	ldr	r2, [pc, #108]	@ (200067b0 <pll_init+0x110>)
20006744:	481b      	ldr	r0, [pc, #108]	@ (200067b4 <pll_init+0x114>)
20006746:	2119      	movs	r1, #25
20006748:	f002 fb72 	bl	20008e30 <__assert_func>
2000674c:	4b1b      	ldr	r3, [pc, #108]	@ (200067bc <pll_init+0x11c>)
2000674e:	4a18      	ldr	r2, [pc, #96]	@ (200067b0 <pll_init+0x110>)
20006750:	4818      	ldr	r0, [pc, #96]	@ (200067b4 <pll_init+0x114>)
20006752:	211c      	movs	r1, #28
20006754:	f002 fb6c 	bl	20008e30 <__assert_func>
20006758:	4b19      	ldr	r3, [pc, #100]	@ (200067c0 <pll_init+0x120>)
2000675a:	4a15      	ldr	r2, [pc, #84]	@ (200067b0 <pll_init+0x110>)
2000675c:	4815      	ldr	r0, [pc, #84]	@ (200067b4 <pll_init+0x114>)
2000675e:	2123      	movs	r1, #35	@ 0x23
20006760:	f002 fb66 	bl	20008e30 <__assert_func>
20006764:	6822      	ldr	r2, [r4, #0]
20006766:	233f      	movs	r3, #63	@ 0x3f
20006768:	4013      	ands	r3, r2
2000676a:	42b3      	cmp	r3, r6
2000676c:	d1c3      	bne.n	200066f6 <pll_init+0x56>
2000676e:	68a3      	ldr	r3, [r4, #8]
20006770:	051b      	lsls	r3, r3, #20
20006772:	0d1b      	lsrs	r3, r3, #20
20006774:	4283      	cmp	r3, r0
20006776:	d1be      	bne.n	200066f6 <pll_init+0x56>
20006778:	68e3      	ldr	r3, [r4, #12]
2000677a:	22ee      	movs	r2, #238	@ 0xee
2000677c:	02d2      	lsls	r2, r2, #11
2000677e:	4013      	ands	r3, r2
20006780:	42ab      	cmp	r3, r5
20006782:	d1b8      	bne.n	200066f6 <pll_init+0x56>
20006784:	e7d3      	b.n	2000672e <pll_init+0x8e>
20006786:	220d      	movs	r2, #13
20006788:	e7b9      	b.n	200066fe <pll_init+0x5e>
2000678a:	46c0      	nop			@ (mov r8, r8)
2000678c:	00b71b00 	.word	0x00b71b00
20006790:	d34be880 	.word	0xd34be880
20006794:	32a9f880 	.word	0x32a9f880
20006798:	4002c000 	.word	0x4002c000
2000679c:	4000e000 	.word	0x4000e000
200067a0:	4000f000 	.word	0x4000f000
200067a4:	4000c008 	.word	0x4000c008
200067a8:	00003004 	.word	0x00003004
200067ac:	2000c3cc 	.word	0x2000c3cc
200067b0:	2000cd30 	.word	0x2000cd30
200067b4:	2000c41c 	.word	0x2000c41c
200067b8:	2000c464 	.word	0x2000c464
200067bc:	2000c480 	.word	0x2000c480
200067c0:	2000c4cc 	.word	0x2000c4cc

200067c4 <vreg_set_voltage>:
200067c4:	0100      	lsls	r0, r0, #4
200067c6:	4b04      	ldr	r3, [pc, #16]	@ (200067d8 <vreg_set_voltage+0x14>)
200067c8:	681b      	ldr	r3, [r3, #0]
200067ca:	4058      	eors	r0, r3
200067cc:	23f0      	movs	r3, #240	@ 0xf0
200067ce:	4003      	ands	r3, r0
200067d0:	4a02      	ldr	r2, [pc, #8]	@ (200067dc <vreg_set_voltage+0x18>)
200067d2:	6013      	str	r3, [r2, #0]
200067d4:	4770      	bx	lr
200067d6:	46c0      	nop			@ (mov r8, r8)
200067d8:	40064000 	.word	0x40064000
200067dc:	40065000 	.word	0x40065000

200067e0 <watchdog_update>:
200067e0:	4b02      	ldr	r3, [pc, #8]	@ (200067ec <watchdog_update+0xc>)
200067e2:	681a      	ldr	r2, [r3, #0]
200067e4:	4b02      	ldr	r3, [pc, #8]	@ (200067f0 <watchdog_update+0x10>)
200067e6:	605a      	str	r2, [r3, #4]
200067e8:	4770      	bx	lr
200067ea:	46c0      	nop			@ (mov r8, r8)
200067ec:	2000f2d8 	.word	0x2000f2d8
200067f0:	40058000 	.word	0x40058000

200067f4 <_watchdog_enable>:
200067f4:	b510      	push	{r4, lr}
200067f6:	4b17      	ldr	r3, [pc, #92]	@ (20006854 <_watchdog_enable+0x60>)
200067f8:	2280      	movs	r2, #128	@ 0x80
200067fa:	05d2      	lsls	r2, r2, #23
200067fc:	601a      	str	r2, [r3, #0]
200067fe:	4b16      	ldr	r3, [pc, #88]	@ (20006858 <_watchdog_enable+0x64>)
20006800:	4a16      	ldr	r2, [pc, #88]	@ (2000685c <_watchdog_enable+0x68>)
20006802:	601a      	str	r2, [r3, #0]
20006804:	2900      	cmp	r1, #0
20006806:	d00a      	beq.n	2000681e <_watchdog_enable+0x2a>
20006808:	4b15      	ldr	r3, [pc, #84]	@ (20006860 <_watchdog_enable+0x6c>)
2000680a:	22e0      	movs	r2, #224	@ 0xe0
2000680c:	04d2      	lsls	r2, r2, #19
2000680e:	601a      	str	r2, [r3, #0]
20006810:	2800      	cmp	r0, #0
20006812:	d109      	bne.n	20006828 <_watchdog_enable+0x34>
20006814:	4b12      	ldr	r3, [pc, #72]	@ (20006860 <_watchdog_enable+0x6c>)
20006816:	2280      	movs	r2, #128	@ 0x80
20006818:	0612      	lsls	r2, r2, #24
2000681a:	601a      	str	r2, [r3, #0]
2000681c:	bd10      	pop	{r4, pc}
2000681e:	4b0d      	ldr	r3, [pc, #52]	@ (20006854 <_watchdog_enable+0x60>)
20006820:	22e0      	movs	r2, #224	@ 0xe0
20006822:	04d2      	lsls	r2, r2, #19
20006824:	601a      	str	r2, [r3, #0]
20006826:	e7f3      	b.n	20006810 <_watchdog_enable+0x1c>
20006828:	0143      	lsls	r3, r0, #5
2000682a:	1a1b      	subs	r3, r3, r0
2000682c:	009b      	lsls	r3, r3, #2
2000682e:	1818      	adds	r0, r3, r0
20006830:	0100      	lsls	r0, r0, #4
20006832:	4b0c      	ldr	r3, [pc, #48]	@ (20006864 <_watchdog_enable+0x70>)
20006834:	6018      	str	r0, [r3, #0]
20006836:	2380      	movs	r3, #128	@ 0x80
20006838:	045b      	lsls	r3, r3, #17
2000683a:	4298      	cmp	r0, r3
2000683c:	d302      	bcc.n	20006844 <_watchdog_enable+0x50>
2000683e:	4b09      	ldr	r3, [pc, #36]	@ (20006864 <_watchdog_enable+0x70>)
20006840:	4a09      	ldr	r2, [pc, #36]	@ (20006868 <_watchdog_enable+0x74>)
20006842:	601a      	str	r2, [r3, #0]
20006844:	f7ff ffcc 	bl	200067e0 <watchdog_update>
20006848:	4b05      	ldr	r3, [pc, #20]	@ (20006860 <_watchdog_enable+0x6c>)
2000684a:	2280      	movs	r2, #128	@ 0x80
2000684c:	05d2      	lsls	r2, r2, #23
2000684e:	601a      	str	r2, [r3, #0]
20006850:	e7e4      	b.n	2000681c <_watchdog_enable+0x28>
20006852:	46c0      	nop			@ (mov r8, r8)
20006854:	4005b000 	.word	0x4005b000
20006858:	40012008 	.word	0x40012008
2000685c:	0001fffc 	.word	0x0001fffc
20006860:	4005a000 	.word	0x4005a000
20006864:	2000f2d8 	.word	0x2000f2d8
20006868:	00ffffff 	.word	0x00ffffff

2000686c <watchdog_enable>:
2000686c:	b510      	push	{r4, lr}
2000686e:	4b03      	ldr	r3, [pc, #12]	@ (2000687c <watchdog_enable+0x10>)
20006870:	4a03      	ldr	r2, [pc, #12]	@ (20006880 <watchdog_enable+0x14>)
20006872:	61da      	str	r2, [r3, #28]
20006874:	f7ff ffbe 	bl	200067f4 <_watchdog_enable>
20006878:	bd10      	pop	{r4, pc}
2000687a:	46c0      	nop			@ (mov r8, r8)
2000687c:	40058000 	.word	0x40058000
20006880:	6ab73121 	.word	0x6ab73121

20006884 <watchdog_disable>:
20006884:	4b02      	ldr	r3, [pc, #8]	@ (20006890 <watchdog_disable+0xc>)
20006886:	2280      	movs	r2, #128	@ 0x80
20006888:	05d2      	lsls	r2, r2, #23
2000688a:	601a      	str	r2, [r3, #0]
2000688c:	4770      	bx	lr
2000688e:	46c0      	nop			@ (mov r8, r8)
20006890:	4005b000 	.word	0x4005b000

20006894 <watchdog_reboot>:
20006894:	b510      	push	{r4, lr}
20006896:	0003      	movs	r3, r0
20006898:	000c      	movs	r4, r1
2000689a:	0010      	movs	r0, r2
2000689c:	4a0b      	ldr	r2, [pc, #44]	@ (200068cc <watchdog_reboot+0x38>)
2000689e:	2180      	movs	r1, #128	@ 0x80
200068a0:	05c9      	lsls	r1, r1, #23
200068a2:	6011      	str	r1, [r2, #0]
200068a4:	2b00      	cmp	r3, #0
200068a6:	d00d      	beq.n	200068c4 <watchdog_reboot+0x30>
200068a8:	2201      	movs	r2, #1
200068aa:	4313      	orrs	r3, r2
200068ac:	4a08      	ldr	r2, [pc, #32]	@ (200068d0 <watchdog_reboot+0x3c>)
200068ae:	4909      	ldr	r1, [pc, #36]	@ (200068d4 <watchdog_reboot+0x40>)
200068b0:	61d1      	str	r1, [r2, #28]
200068b2:	4909      	ldr	r1, [pc, #36]	@ (200068d8 <watchdog_reboot+0x44>)
200068b4:	4059      	eors	r1, r3
200068b6:	6211      	str	r1, [r2, #32]
200068b8:	6254      	str	r4, [r2, #36]	@ 0x24
200068ba:	6293      	str	r3, [r2, #40]	@ 0x28
200068bc:	2100      	movs	r1, #0
200068be:	f7ff ff99 	bl	200067f4 <_watchdog_enable>
200068c2:	bd10      	pop	{r4, pc}
200068c4:	4b02      	ldr	r3, [pc, #8]	@ (200068d0 <watchdog_reboot+0x3c>)
200068c6:	2200      	movs	r2, #0
200068c8:	61da      	str	r2, [r3, #28]
200068ca:	e7f7      	b.n	200068bc <watchdog_reboot+0x28>
200068cc:	4005b000 	.word	0x4005b000
200068d0:	40058000 	.word	0x40058000
200068d4:	b007c0d3 	.word	0xb007c0d3
200068d8:	4ff83f2d 	.word	0x4ff83f2d

200068dc <tick_start>:
200068dc:	2380      	movs	r3, #128	@ 0x80
200068de:	009b      	lsls	r3, r3, #2
200068e0:	430b      	orrs	r3, r1
200068e2:	4a01      	ldr	r2, [pc, #4]	@ (200068e8 <tick_start+0xc>)
200068e4:	62d3      	str	r3, [r2, #44]	@ 0x2c
200068e6:	4770      	bx	lr
200068e8:	40058000 	.word	0x40058000

200068ec <rom_func_lookup>:
200068ec:	b510      	push	{r4, lr}
200068ee:	0001      	movs	r1, r0
200068f0:	2318      	movs	r3, #24
200068f2:	881b      	ldrh	r3, [r3, #0]
200068f4:	2214      	movs	r2, #20
200068f6:	8810      	ldrh	r0, [r2, #0]
200068f8:	4798      	blx	r3
200068fa:	bd10      	pop	{r4, pc}

200068fc <rom_data_lookup>:
200068fc:	b510      	push	{r4, lr}
200068fe:	0001      	movs	r1, r0
20006900:	2318      	movs	r3, #24
20006902:	881b      	ldrh	r3, [r3, #0]
20006904:	2216      	movs	r2, #22
20006906:	8810      	ldrh	r0, [r2, #0]
20006908:	4798      	blx	r3
2000690a:	bd10      	pop	{r4, pc}

2000690c <rom_funcs_lookup>:
2000690c:	b5f0      	push	{r4, r5, r6, r7, lr}
2000690e:	46c6      	mov	lr, r8
20006910:	b500      	push	{lr}
20006912:	0007      	movs	r7, r0
20006914:	000e      	movs	r6, r1
20006916:	2500      	movs	r5, #0
20006918:	2301      	movs	r3, #1
2000691a:	4698      	mov	r8, r3
2000691c:	e000      	b.n	20006920 <rom_funcs_lookup+0x14>
2000691e:	3501      	adds	r5, #1
20006920:	42b5      	cmp	r5, r6
20006922:	d20a      	bcs.n	2000693a <rom_funcs_lookup+0x2e>
20006924:	00ac      	lsls	r4, r5, #2
20006926:	193c      	adds	r4, r7, r4
20006928:	6820      	ldr	r0, [r4, #0]
2000692a:	f7ff ffdf 	bl	200068ec <rom_func_lookup>
2000692e:	6020      	str	r0, [r4, #0]
20006930:	2800      	cmp	r0, #0
20006932:	d1f4      	bne.n	2000691e <rom_funcs_lookup+0x12>
20006934:	2300      	movs	r3, #0
20006936:	4698      	mov	r8, r3
20006938:	e7f1      	b.n	2000691e <rom_funcs_lookup+0x12>
2000693a:	4640      	mov	r0, r8
2000693c:	bc80      	pop	{r7}
2000693e:	46b8      	mov	r8, r7
20006940:	bdf0      	pop	{r4, r5, r6, r7, pc}
	...

20006944 <rom_reset_usb_boot>:
20006944:	b570      	push	{r4, r5, r6, lr}
20006946:	0005      	movs	r5, r0
20006948:	000c      	movs	r4, r1
2000694a:	4803      	ldr	r0, [pc, #12]	@ (20006958 <rom_reset_usb_boot+0x14>)
2000694c:	f7ff ffce 	bl	200068ec <rom_func_lookup>
20006950:	0003      	movs	r3, r0
20006952:	0021      	movs	r1, r4
20006954:	0028      	movs	r0, r5
20006956:	4798      	blx	r3
20006958:	00004255 	.word	0x00004255

2000695c <xosc_init>:
2000695c:	4b07      	ldr	r3, [pc, #28]	@ (2000697c <xosc_init+0x20>)
2000695e:	22aa      	movs	r2, #170	@ 0xaa
20006960:	0112      	lsls	r2, r2, #4
20006962:	601a      	str	r2, [r3, #0]
20006964:	228d      	movs	r2, #141	@ 0x8d
20006966:	0052      	lsls	r2, r2, #1
20006968:	60da      	str	r2, [r3, #12]
2000696a:	4b05      	ldr	r3, [pc, #20]	@ (20006980 <xosc_init+0x24>)
2000696c:	4a05      	ldr	r2, [pc, #20]	@ (20006984 <xosc_init+0x28>)
2000696e:	601a      	str	r2, [r3, #0]
20006970:	4b02      	ldr	r3, [pc, #8]	@ (2000697c <xosc_init+0x20>)
20006972:	685b      	ldr	r3, [r3, #4]
20006974:	2b00      	cmp	r3, #0
20006976:	dafb      	bge.n	20006970 <xosc_init+0x14>
20006978:	4770      	bx	lr
2000697a:	46c0      	nop			@ (mov r8, r8)
2000697c:	40024000 	.word	0x40024000
20006980:	40026000 	.word	0x40026000
20006984:	00fab000 	.word	0x00fab000

20006988 <runtime_run_initializers_from>:
20006988:	b510      	push	{r4, lr}
2000698a:	0004      	movs	r4, r0
2000698c:	e001      	b.n	20006992 <runtime_run_initializers_from+0xa>
2000698e:	cc08      	ldmia	r4!, {r3}
20006990:	4798      	blx	r3
20006992:	4b02      	ldr	r3, [pc, #8]	@ (2000699c <runtime_run_initializers_from+0x14>)
20006994:	429c      	cmp	r4, r3
20006996:	d3fa      	bcc.n	2000698e <runtime_run_initializers_from+0x6>
20006998:	bd10      	pop	{r4, pc}
2000699a:	46c0      	nop			@ (mov r8, r8)
2000699c:	2000d608 	.word	0x2000d608

200069a0 <first_per_core_initializer>:
200069a0:	4770      	bx	lr
	...

200069a4 <runtime_run_initializers>:
200069a4:	b510      	push	{r4, lr}
200069a6:	4802      	ldr	r0, [pc, #8]	@ (200069b0 <runtime_run_initializers+0xc>)
200069a8:	f7ff ffee 	bl	20006988 <runtime_run_initializers_from>
200069ac:	bd10      	pop	{r4, pc}
200069ae:	46c0      	nop			@ (mov r8, r8)
200069b0:	2000d5c8 	.word	0x2000d5c8

200069b4 <runtime_run_per_core_initializers>:
200069b4:	b510      	push	{r4, lr}
200069b6:	4802      	ldr	r0, [pc, #8]	@ (200069c0 <runtime_run_per_core_initializers+0xc>)
200069b8:	f7ff ffe6 	bl	20006988 <runtime_run_initializers_from>
200069bc:	bd10      	pop	{r4, pc}
200069be:	46c0      	nop			@ (mov r8, r8)
200069c0:	2000d5fc 	.word	0x2000d5fc

200069c4 <runtime_init_early_resets>:
200069c4:	4b05      	ldr	r3, [pc, #20]	@ (200069dc <runtime_init_early_resets+0x18>)
200069c6:	4a06      	ldr	r2, [pc, #24]	@ (200069e0 <runtime_init_early_resets+0x1c>)
200069c8:	601a      	str	r2, [r3, #0]
200069ca:	4b06      	ldr	r3, [pc, #24]	@ (200069e4 <runtime_init_early_resets+0x20>)
200069cc:	4a06      	ldr	r2, [pc, #24]	@ (200069e8 <runtime_init_early_resets+0x24>)
200069ce:	601a      	str	r2, [r3, #0]
200069d0:	4b06      	ldr	r3, [pc, #24]	@ (200069ec <runtime_init_early_resets+0x28>)
200069d2:	681a      	ldr	r2, [r3, #0]
200069d4:	4b04      	ldr	r3, [pc, #16]	@ (200069e8 <runtime_init_early_resets+0x24>)
200069d6:	4393      	bics	r3, r2
200069d8:	d1fa      	bne.n	200069d0 <runtime_init_early_resets+0xc>
200069da:	4770      	bx	lr
200069dc:	4000e000 	.word	0x4000e000
200069e0:	fefbcdbf 	.word	0xfefbcdbf
200069e4:	4000f000 	.word	0x4000f000
200069e8:	003c7ffe 	.word	0x003c7ffe
200069ec:	4000c008 	.word	0x4000c008

200069f0 <runtime_init_usb_power_down>:
200069f0:	4b04      	ldr	r3, [pc, #16]	@ (20006a04 <runtime_init_usb_power_down+0x14>)
200069f2:	6cdb      	ldr	r3, [r3, #76]	@ 0x4c
200069f4:	2b00      	cmp	r3, #0
200069f6:	d103      	bne.n	20006a00 <runtime_init_usb_power_down+0x10>
200069f8:	4b03      	ldr	r3, [pc, #12]	@ (20006a08 <runtime_init_usb_power_down+0x18>)
200069fa:	2280      	movs	r2, #128	@ 0x80
200069fc:	02d2      	lsls	r2, r2, #11
200069fe:	601a      	str	r2, [r3, #0]
20006a00:	4770      	bx	lr
20006a02:	46c0      	nop			@ (mov r8, r8)
20006a04:	50110000 	.word	0x50110000
20006a08:	5011204c 	.word	0x5011204c

20006a0c <runtime_init_post_clock_resets>:
20006a0c:	4b04      	ldr	r3, [pc, #16]	@ (20006a20 <runtime_init_post_clock_resets+0x14>)
20006a0e:	4a05      	ldr	r2, [pc, #20]	@ (20006a24 <runtime_init_post_clock_resets+0x18>)
20006a10:	601a      	str	r2, [r3, #0]
20006a12:	4b05      	ldr	r3, [pc, #20]	@ (20006a28 <runtime_init_post_clock_resets+0x1c>)
20006a14:	681b      	ldr	r3, [r3, #0]
20006a16:	43db      	mvns	r3, r3
20006a18:	01db      	lsls	r3, r3, #7
20006a1a:	d1fa      	bne.n	20006a12 <runtime_init_post_clock_resets+0x6>
20006a1c:	4770      	bx	lr
20006a1e:	46c0      	nop			@ (mov r8, r8)
20006a20:	4000f000 	.word	0x4000f000
20006a24:	01ffffff 	.word	0x01ffffff
20006a28:	4000c008 	.word	0x4000c008

20006a2c <runtime_init_rp2040_gpio_ie_disable>:
20006a2c:	4b03      	ldr	r3, [pc, #12]	@ (20006a3c <runtime_init_rp2040_gpio_ie_disable+0x10>)
20006a2e:	2240      	movs	r2, #64	@ 0x40
20006a30:	679a      	str	r2, [r3, #120]	@ 0x78
20006a32:	675a      	str	r2, [r3, #116]	@ 0x74
20006a34:	671a      	str	r2, [r3, #112]	@ 0x70
20006a36:	66da      	str	r2, [r3, #108]	@ 0x6c
20006a38:	4770      	bx	lr
20006a3a:	46c0      	nop			@ (mov r8, r8)
20006a3c:	4001f000 	.word	0x4001f000

20006a40 <runtime_init_spin_locks_reset>:
20006a40:	b510      	push	{r4, lr}
20006a42:	f7fe fc2d 	bl	200052a0 <spin_locks_reset>
20006a46:	bd10      	pop	{r4, pc}

20006a48 <runtime_init_install_ram_vector_table>:
20006a48:	b510      	push	{r4, lr}
20006a4a:	4c0c      	ldr	r4, [pc, #48]	@ (20006a7c <runtime_init_install_ram_vector_table+0x34>)
20006a4c:	4b0c      	ldr	r3, [pc, #48]	@ (20006a80 <runtime_init_install_ram_vector_table+0x38>)
20006a4e:	1ae4      	subs	r4, r4, r3
20006a50:	08a4      	lsrs	r4, r4, #2
20006a52:	0022      	movs	r2, r4
20006a54:	2c30      	cmp	r4, #48	@ 0x30
20006a56:	d900      	bls.n	20006a5a <runtime_init_install_ram_vector_table+0x12>
20006a58:	2230      	movs	r2, #48	@ 0x30
20006a5a:	0092      	lsls	r2, r2, #2
20006a5c:	4809      	ldr	r0, [pc, #36]	@ (20006a84 <runtime_init_install_ram_vector_table+0x3c>)
20006a5e:	4908      	ldr	r1, [pc, #32]	@ (20006a80 <runtime_init_install_ram_vector_table+0x38>)
20006a60:	f001 f874 	bl	20007b4c <__wrap___aeabi_memcpy>
20006a64:	e004      	b.n	20006a70 <runtime_init_install_ram_vector_table+0x28>
20006a66:	4a08      	ldr	r2, [pc, #32]	@ (20006a88 <runtime_init_install_ram_vector_table+0x40>)
20006a68:	4b06      	ldr	r3, [pc, #24]	@ (20006a84 <runtime_init_install_ram_vector_table+0x3c>)
20006a6a:	00a1      	lsls	r1, r4, #2
20006a6c:	50ca      	str	r2, [r1, r3]
20006a6e:	3401      	adds	r4, #1
20006a70:	2c2f      	cmp	r4, #47	@ 0x2f
20006a72:	d9f8      	bls.n	20006a66 <runtime_init_install_ram_vector_table+0x1e>
20006a74:	4b03      	ldr	r3, [pc, #12]	@ (20006a84 <runtime_init_install_ram_vector_table+0x3c>)
20006a76:	4a05      	ldr	r2, [pc, #20]	@ (20006a8c <runtime_init_install_ram_vector_table+0x44>)
20006a78:	6093      	str	r3, [r2, #8]
20006a7a:	bd10      	pop	{r4, pc}
20006a7c:	100001c0 	.word	0x100001c0
20006a80:	10000100 	.word	0x10000100
20006a84:	20000000 	.word	0x20000000
20006a88:	100001c1 	.word	0x100001c1
20006a8c:	e000ed00 	.word	0xe000ed00

20006a90 <start_all_ticks>:
20006a90:	b570      	push	{r4, r5, r6, lr}
20006a92:	2004      	movs	r0, #4
20006a94:	f7ff fd58 	bl	20006548 <clock_get_hz>
20006a98:	4906      	ldr	r1, [pc, #24]	@ (20006ab4 <start_all_ticks+0x24>)
20006a9a:	f000 f8a3 	bl	20006be4 <__wrap___aeabi_uidiv>
20006a9e:	0005      	movs	r5, r0
20006aa0:	2400      	movs	r4, #0
20006aa2:	2c00      	cmp	r4, #0
20006aa4:	dd00      	ble.n	20006aa8 <start_all_ticks+0x18>
20006aa6:	bd70      	pop	{r4, r5, r6, pc}
20006aa8:	b2e0      	uxtb	r0, r4
20006aaa:	0029      	movs	r1, r5
20006aac:	f7ff ff16 	bl	200068dc <tick_start>
20006ab0:	3401      	adds	r4, #1
20006ab2:	e7f6      	b.n	20006aa2 <start_all_ticks+0x12>
20006ab4:	000f4240 	.word	0x000f4240

20006ab8 <runtime_init_clocks>:
20006ab8:	b530      	push	{r4, r5, lr}
20006aba:	b083      	sub	sp, #12
20006abc:	4b27      	ldr	r3, [pc, #156]	@ (20006b5c <runtime_init_clocks+0xa4>)
20006abe:	2200      	movs	r2, #0
20006ac0:	679a      	str	r2, [r3, #120]	@ 0x78
20006ac2:	f7ff ff4b 	bl	2000695c <xosc_init>
20006ac6:	4b26      	ldr	r3, [pc, #152]	@ (20006b60 <runtime_init_clocks+0xa8>)
20006ac8:	2201      	movs	r2, #1
20006aca:	601a      	str	r2, [r3, #0]
20006acc:	4b23      	ldr	r3, [pc, #140]	@ (20006b5c <runtime_init_clocks+0xa4>)
20006ace:	6c5b      	ldr	r3, [r3, #68]	@ 0x44
20006ad0:	2b01      	cmp	r3, #1
20006ad2:	d1fb      	bne.n	20006acc <runtime_init_clocks+0x14>
20006ad4:	4b23      	ldr	r3, [pc, #140]	@ (20006b64 <runtime_init_clocks+0xac>)
20006ad6:	2203      	movs	r2, #3
20006ad8:	601a      	str	r2, [r3, #0]
20006ada:	4b20      	ldr	r3, [pc, #128]	@ (20006b5c <runtime_init_clocks+0xa4>)
20006adc:	6b9b      	ldr	r3, [r3, #56]	@ 0x38
20006ade:	2b01      	cmp	r3, #1
20006ae0:	d1fb      	bne.n	20006ada <runtime_init_clocks+0x22>
20006ae2:	3301      	adds	r3, #1
20006ae4:	9300      	str	r3, [sp, #0]
20006ae6:	3304      	adds	r3, #4
20006ae8:	4a1f      	ldr	r2, [pc, #124]	@ (20006b68 <runtime_init_clocks+0xb0>)
20006aea:	2101      	movs	r1, #1
20006aec:	481f      	ldr	r0, [pc, #124]	@ (20006b6c <runtime_init_clocks+0xb4>)
20006aee:	f7ff fdd7 	bl	200066a0 <pll_init>
20006af2:	2305      	movs	r3, #5
20006af4:	9300      	str	r3, [sp, #0]
20006af6:	4a1e      	ldr	r2, [pc, #120]	@ (20006b70 <runtime_init_clocks+0xb8>)
20006af8:	2101      	movs	r1, #1
20006afa:	481e      	ldr	r0, [pc, #120]	@ (20006b74 <runtime_init_clocks+0xbc>)
20006afc:	f7ff fdd0 	bl	200066a0 <pll_init>
20006b00:	4b1d      	ldr	r3, [pc, #116]	@ (20006b78 <runtime_init_clocks+0xc0>)
20006b02:	2200      	movs	r2, #0
20006b04:	2102      	movs	r1, #2
20006b06:	2004      	movs	r0, #4
20006b08:	f7ff fd14 	bl	20006534 <clock_configure_undivided>
20006b0c:	4d1b      	ldr	r5, [pc, #108]	@ (20006b7c <runtime_init_clocks+0xc4>)
20006b0e:	002b      	movs	r3, r5
20006b10:	2200      	movs	r2, #0
20006b12:	2101      	movs	r1, #1
20006b14:	2005      	movs	r0, #5
20006b16:	f7ff fd0d 	bl	20006534 <clock_configure_undivided>
20006b1a:	4c19      	ldr	r4, [pc, #100]	@ (20006b80 <runtime_init_clocks+0xc8>)
20006b1c:	0023      	movs	r3, r4
20006b1e:	2200      	movs	r2, #0
20006b20:	2100      	movs	r1, #0
20006b22:	2007      	movs	r0, #7
20006b24:	f7ff fd06 	bl	20006534 <clock_configure_undivided>
20006b28:	0023      	movs	r3, r4
20006b2a:	2200      	movs	r2, #0
20006b2c:	2100      	movs	r1, #0
20006b2e:	2008      	movs	r0, #8
20006b30:	f7ff fd00 	bl	20006534 <clock_configure_undivided>
20006b34:	2380      	movs	r3, #128	@ 0x80
20006b36:	00db      	lsls	r3, r3, #3
20006b38:	9300      	str	r3, [sp, #0]
20006b3a:	0023      	movs	r3, r4
20006b3c:	2200      	movs	r2, #0
20006b3e:	2100      	movs	r1, #0
20006b40:	2009      	movs	r0, #9
20006b42:	f7ff fce3 	bl	2000650c <clock_configure_int_divider>
20006b46:	002b      	movs	r3, r5
20006b48:	2200      	movs	r2, #0
20006b4a:	2100      	movs	r1, #0
20006b4c:	2006      	movs	r0, #6
20006b4e:	f7ff fcf1 	bl	20006534 <clock_configure_undivided>
20006b52:	f7ff ff9d 	bl	20006a90 <start_all_ticks>
20006b56:	b003      	add	sp, #12
20006b58:	bd30      	pop	{r4, r5, pc}
20006b5a:	46c0      	nop			@ (mov r8, r8)
20006b5c:	40008000 	.word	0x40008000
20006b60:	4000b03c 	.word	0x4000b03c
20006b64:	4000b030 	.word	0x4000b030
20006b68:	59682f00 	.word	0x59682f00
20006b6c:	40028000 	.word	0x40028000
20006b70:	47868c00 	.word	0x47868c00
20006b74:	4002c000 	.word	0x4002c000
20006b78:	00b71b00 	.word	0x00b71b00
20006b7c:	07735940 	.word	0x07735940
20006b80:	02dc6c00 	.word	0x02dc6c00

20006b84 <__aeabi_bits_init>:
20006b84:	4801      	ldr	r0, [pc, #4]	@ (20006b8c <__aeabi_bits_init+0x8>)
20006b86:	2104      	movs	r1, #4
20006b88:	4b01      	ldr	r3, [pc, #4]	@ (20006b90 <__aeabi_bits_init+0xc>)
20006b8a:	4718      	bx	r3
20006b8c:	2000cf60 	.word	0x2000cf60
20006b90:	2000690d 	.word	0x2000690d

20006b94 <__wrap___aeabi_idiv>:
20006b94:	4a12      	ldr	r2, [pc, #72]	@ (20006be0 <divmod_s32s32_savestate+0x18>)
20006b96:	6f93      	ldr	r3, [r2, #120]	@ 0x78
20006b98:	089b      	lsrs	r3, r3, #2
20006b9a:	d215      	bcs.n	20006bc8 <divmod_s32s32_savestate>

20006b9c <divmod_s32s32_core>:
20006b9c:	6690      	str	r0, [r2, #104]	@ 0x68
20006b9e:	66d1      	str	r1, [r2, #108]	@ 0x6c
20006ba0:	2900      	cmp	r1, #0
20006ba2:	d005      	beq.n	20006bb0 <divmod_s32s32_core+0x14>
20006ba4:	e7ff      	b.n	20006ba6 <divmod_s32s32_core+0xa>
20006ba6:	e7ff      	b.n	20006ba8 <divmod_s32s32_core+0xc>
20006ba8:	e7ff      	b.n	20006baa <divmod_s32s32_core+0xe>
20006baa:	6f51      	ldr	r1, [r2, #116]	@ 0x74
20006bac:	6f10      	ldr	r0, [r2, #112]	@ 0x70
20006bae:	4770      	bx	lr
20006bb0:	b504      	push	{r2, lr}
20006bb2:	2180      	movs	r1, #128	@ 0x80
20006bb4:	0609      	lsls	r1, r1, #24
20006bb6:	17c2      	asrs	r2, r0, #31
20006bb8:	4051      	eors	r1, r2
20006bba:	2800      	cmp	r0, #0
20006bbc:	d000      	beq.n	20006bc0 <divmod_s32s32_core+0x24>
20006bbe:	43c8      	mvns	r0, r1
20006bc0:	f002 ff82 	bl	20009ac8 <__aeabi_idiv0>
20006bc4:	2100      	movs	r1, #0
20006bc6:	bd04      	pop	{r2, pc}

20006bc8 <divmod_s32s32_savestate>:
20006bc8:	b5f0      	push	{r4, r5, r6, r7, lr}
20006bca:	6e14      	ldr	r4, [r2, #96]	@ 0x60
20006bcc:	6e55      	ldr	r5, [r2, #100]	@ 0x64
20006bce:	6f57      	ldr	r7, [r2, #116]	@ 0x74
20006bd0:	6f16      	ldr	r6, [r2, #112]	@ 0x70
20006bd2:	f7ff ffe3 	bl	20006b9c <divmod_s32s32_core>
20006bd6:	6614      	str	r4, [r2, #96]	@ 0x60
20006bd8:	6655      	str	r5, [r2, #100]	@ 0x64
20006bda:	6757      	str	r7, [r2, #116]	@ 0x74
20006bdc:	6716      	str	r6, [r2, #112]	@ 0x70
20006bde:	bdf0      	pop	{r4, r5, r6, r7, pc}
20006be0:	d0000000 	.word	0xd0000000

20006be4 <__wrap___aeabi_uidiv>:
20006be4:	4a11      	ldr	r2, [pc, #68]	@ (20006c2c <divmod_u32u32_savestate+0x18>)
20006be6:	6f93      	ldr	r3, [r2, #120]	@ 0x78
20006be8:	089b      	lsrs	r3, r3, #2
20006bea:	d213      	bcs.n	20006c14 <divmod_u32u32_savestate>

20006bec <divmod_u32u32_core>:
20006bec:	6610      	str	r0, [r2, #96]	@ 0x60
20006bee:	6651      	str	r1, [r2, #100]	@ 0x64
20006bf0:	2900      	cmp	r1, #0
20006bf2:	d005      	beq.n	20006c00 <divmod_u32u32_core+0x14>
20006bf4:	e7ff      	b.n	20006bf6 <divmod_u32u32_core+0xa>
20006bf6:	e7ff      	b.n	20006bf8 <divmod_u32u32_core+0xc>
20006bf8:	e7ff      	b.n	20006bfa <divmod_u32u32_core+0xe>
20006bfa:	6f51      	ldr	r1, [r2, #116]	@ 0x74
20006bfc:	6f10      	ldr	r0, [r2, #112]	@ 0x70
20006bfe:	4770      	bx	lr
20006c00:	b504      	push	{r2, lr}
20006c02:	2800      	cmp	r0, #0
20006c04:	d001      	beq.n	20006c0a <divmod_u32u32_core+0x1e>
20006c06:	2000      	movs	r0, #0
20006c08:	43c0      	mvns	r0, r0
20006c0a:	f002 ff5d 	bl	20009ac8 <__aeabi_idiv0>
20006c0e:	2100      	movs	r1, #0
20006c10:	bd04      	pop	{r2, pc}
20006c12:	46c0      	nop			@ (mov r8, r8)

20006c14 <divmod_u32u32_savestate>:
20006c14:	b5f0      	push	{r4, r5, r6, r7, lr}
20006c16:	6e14      	ldr	r4, [r2, #96]	@ 0x60
20006c18:	6e55      	ldr	r5, [r2, #100]	@ 0x64
20006c1a:	6f57      	ldr	r7, [r2, #116]	@ 0x74
20006c1c:	6f16      	ldr	r6, [r2, #112]	@ 0x70
20006c1e:	f7ff ffe5 	bl	20006bec <divmod_u32u32_core>
20006c22:	6614      	str	r4, [r2, #96]	@ 0x60
20006c24:	6655      	str	r5, [r2, #100]	@ 0x64
20006c26:	6757      	str	r7, [r2, #116]	@ 0x74
20006c28:	6716      	str	r6, [r2, #112]	@ 0x70
20006c2a:	bdf0      	pop	{r4, r5, r6, r7, pc}
20006c2c:	d0000000 	.word	0xd0000000

20006c30 <__wrap___aeabi_ldivmod>:
20006c30:	4694      	mov	ip, r2
20006c32:	4a4a      	ldr	r2, [pc, #296]	@ (20006d5c <udiv0+0x1a>)
20006c34:	6f92      	ldr	r2, [r2, #120]	@ 0x78
20006c36:	0892      	lsrs	r2, r2, #2
20006c38:	4662      	mov	r2, ip
20006c3a:	d201      	bcs.n	20006c40 <divmod_s64s64_savestate>
20006c3c:	e028      	b.n	20006c90 <divmod_s64s64_unsafe>
20006c3e:	46c0      	nop			@ (mov r8, r8)

20006c40 <divmod_s64s64_savestate>:
20006c40:	b5f0      	push	{r4, r5, r6, r7, lr}
20006c42:	4e46      	ldr	r6, [pc, #280]	@ (20006d5c <udiv0+0x1a>)
20006c44:	6e34      	ldr	r4, [r6, #96]	@ 0x60
20006c46:	6e75      	ldr	r5, [r6, #100]	@ 0x64
20006c48:	6f77      	ldr	r7, [r6, #116]	@ 0x74
20006c4a:	6f36      	ldr	r6, [r6, #112]	@ 0x70
20006c4c:	f000 f820 	bl	20006c90 <divmod_s64s64_unsafe>
20006c50:	4694      	mov	ip, r2
20006c52:	4a42      	ldr	r2, [pc, #264]	@ (20006d5c <udiv0+0x1a>)
20006c54:	6614      	str	r4, [r2, #96]	@ 0x60
20006c56:	6655      	str	r5, [r2, #100]	@ 0x64
20006c58:	6757      	str	r7, [r2, #116]	@ 0x74
20006c5a:	6716      	str	r6, [r2, #112]	@ 0x70
20006c5c:	4662      	mov	r2, ip
20006c5e:	bdf0      	pop	{r4, r5, r6, r7, pc}

20006c60 <__wrap___aeabi_uldivmod>:
20006c60:	4694      	mov	ip, r2
20006c62:	4a3e      	ldr	r2, [pc, #248]	@ (20006d5c <udiv0+0x1a>)
20006c64:	6f92      	ldr	r2, [r2, #120]	@ 0x78
20006c66:	0892      	lsrs	r2, r2, #2
20006c68:	4662      	mov	r2, ip
20006c6a:	d201      	bcs.n	20006c70 <divmod_u64u64_savestate>
20006c6c:	e054      	b.n	20006d18 <divmod_u64u64_unsafe>
20006c6e:	46c0      	nop			@ (mov r8, r8)

20006c70 <divmod_u64u64_savestate>:
20006c70:	b5f0      	push	{r4, r5, r6, r7, lr}
20006c72:	4e3a      	ldr	r6, [pc, #232]	@ (20006d5c <udiv0+0x1a>)
20006c74:	6e34      	ldr	r4, [r6, #96]	@ 0x60
20006c76:	6e75      	ldr	r5, [r6, #100]	@ 0x64
20006c78:	6f77      	ldr	r7, [r6, #116]	@ 0x74
20006c7a:	6f36      	ldr	r6, [r6, #112]	@ 0x70
20006c7c:	f000 f84c 	bl	20006d18 <divmod_u64u64_unsafe>
20006c80:	4694      	mov	ip, r2
20006c82:	4a36      	ldr	r2, [pc, #216]	@ (20006d5c <udiv0+0x1a>)
20006c84:	6614      	str	r4, [r2, #96]	@ 0x60
20006c86:	6655      	str	r5, [r2, #100]	@ 0x64
20006c88:	6757      	str	r7, [r2, #116]	@ 0x74
20006c8a:	6716      	str	r6, [r2, #112]	@ 0x70
20006c8c:	4662      	mov	r2, ip
20006c8e:	bdf0      	pop	{r4, r5, r6, r7, pc}

20006c90 <divmod_s64s64_unsafe>:
20006c90:	2b00      	cmp	r3, #0
20006c92:	db24      	blt.n	20006cde <l46_1+0x26>
20006c94:	d011      	beq.n	20006cba <l46_1+0x2>
20006c96:	2900      	cmp	r1, #0
20006c98:	da3e      	bge.n	20006d18 <divmod_u64u64_unsafe>
20006c9a:	b500      	push	{lr}
20006c9c:	43c9      	mvns	r1, r1
20006c9e:	4240      	negs	r0, r0
20006ca0:	d100      	bne.n	20006ca4 <l44_1>
20006ca2:	3101      	adds	r1, #1

20006ca4 <l44_1>:
20006ca4:	f000 f838 	bl	20006d18 <divmod_u64u64_unsafe>
20006ca8:	43c9      	mvns	r1, r1
20006caa:	4240      	negs	r0, r0
20006cac:	d100      	bne.n	20006cb0 <l45_1>
20006cae:	3101      	adds	r1, #1

20006cb0 <l45_1>:
20006cb0:	43db      	mvns	r3, r3
20006cb2:	4252      	negs	r2, r2
20006cb4:	d100      	bne.n	20006cb8 <l46_1>
20006cb6:	3301      	adds	r3, #1

20006cb8 <l46_1>:
20006cb8:	bd00      	pop	{pc}
20006cba:	2a00      	cmp	r2, #0
20006cbc:	d1eb      	bne.n	20006c96 <divmod_s64s64_unsafe+0x6>
20006cbe:	2800      	cmp	r0, #0
20006cc0:	d101      	bne.n	20006cc6 <l46_1+0xe>
20006cc2:	2900      	cmp	r1, #0
20006cc4:	d005      	beq.n	20006cd2 <l46_1+0x1a>
20006cc6:	2000      	movs	r0, #0
20006cc8:	0fc9      	lsrs	r1, r1, #31
20006cca:	07c9      	lsls	r1, r1, #31
20006ccc:	d101      	bne.n	20006cd2 <l46_1+0x1a>
20006cce:	43c0      	mvns	r0, r0
20006cd0:	0841      	lsrs	r1, r0, #1
20006cd2:	b500      	push	{lr}
20006cd4:	f002 fef8 	bl	20009ac8 <__aeabi_idiv0>
20006cd8:	2200      	movs	r2, #0
20006cda:	2300      	movs	r3, #0
20006cdc:	bd00      	pop	{pc}
20006cde:	b500      	push	{lr}
20006ce0:	2900      	cmp	r1, #0
20006ce2:	db0a      	blt.n	20006cfa <l48_1+0x2>
20006ce4:	43db      	mvns	r3, r3
20006ce6:	4252      	negs	r2, r2
20006ce8:	d100      	bne.n	20006cec <l47_1>
20006cea:	3301      	adds	r3, #1

20006cec <l47_1>:
20006cec:	f000 f814 	bl	20006d18 <divmod_u64u64_unsafe>
20006cf0:	43c9      	mvns	r1, r1
20006cf2:	4240      	negs	r0, r0
20006cf4:	d100      	bne.n	20006cf8 <l48_1>
20006cf6:	3101      	adds	r1, #1

20006cf8 <l48_1>:
20006cf8:	bd00      	pop	{pc}
20006cfa:	43c9      	mvns	r1, r1
20006cfc:	4240      	negs	r0, r0
20006cfe:	d100      	bne.n	20006d02 <l49_1>
20006d00:	3101      	adds	r1, #1

20006d02 <l49_1>:
20006d02:	43db      	mvns	r3, r3
20006d04:	4252      	negs	r2, r2
20006d06:	d100      	bne.n	20006d0a <l50_1>
20006d08:	3301      	adds	r3, #1

20006d0a <l50_1>:
20006d0a:	f000 f805 	bl	20006d18 <divmod_u64u64_unsafe>
20006d0e:	43db      	mvns	r3, r3
20006d10:	4252      	negs	r2, r2
20006d12:	d100      	bne.n	20006d16 <l51_1>
20006d14:	3301      	adds	r3, #1

20006d16 <l51_1>:
20006d16:	bd00      	pop	{pc}

20006d18 <divmod_u64u64_unsafe>:
20006d18:	2900      	cmp	r1, #0
20006d1a:	d123      	bne.n	20006d64 <y64>
20006d1c:	2b00      	cmp	r3, #0
20006d1e:	d118      	bne.n	20006d52 <udiv0+0x10>
20006d20:	2a00      	cmp	r2, #0
20006d22:	d00c      	beq.n	20006d3e <divmod_u64u64_unsafe+0x26>
20006d24:	46bc      	mov	ip, r7
20006d26:	4f0d      	ldr	r7, [pc, #52]	@ (20006d5c <udiv0+0x1a>)
20006d28:	6638      	str	r0, [r7, #96]	@ 0x60
20006d2a:	667a      	str	r2, [r7, #100]	@ 0x64
20006d2c:	2100      	movs	r1, #0
20006d2e:	2300      	movs	r3, #0
20006d30:	e7ff      	b.n	20006d32 <divmod_u64u64_unsafe+0x1a>
20006d32:	e7ff      	b.n	20006d34 <divmod_u64u64_unsafe+0x1c>
20006d34:	e7ff      	b.n	20006d36 <divmod_u64u64_unsafe+0x1e>
20006d36:	6f7a      	ldr	r2, [r7, #116]	@ 0x74
20006d38:	6f38      	ldr	r0, [r7, #112]	@ 0x70
20006d3a:	4667      	mov	r7, ip
20006d3c:	4770      	bx	lr
20006d3e:	2800      	cmp	r0, #0
20006d40:	d001      	beq.n	20006d46 <udiv0+0x4>

20006d42 <udiv0>:
20006d42:	4807      	ldr	r0, [pc, #28]	@ (20006d60 <udiv0+0x1e>)
20006d44:	0001      	movs	r1, r0
20006d46:	b500      	push	{lr}
20006d48:	f002 febe 	bl	20009ac8 <__aeabi_idiv0>
20006d4c:	2200      	movs	r2, #0
20006d4e:	2300      	movs	r3, #0
20006d50:	bd00      	pop	{pc}
20006d52:	0002      	movs	r2, r0
20006d54:	000b      	movs	r3, r1
20006d56:	2000      	movs	r0, #0
20006d58:	2100      	movs	r1, #0
20006d5a:	4770      	bx	lr
20006d5c:	d0000000 	.word	0xd0000000
20006d60:	ffffffff 	.word	0xffffffff

20006d64 <y64>:
20006d64:	2b00      	cmp	r3, #0
20006d66:	d000      	beq.n	20006d6a <y64+0x6>
20006d68:	e0bf      	b.n	20006eea <y64_x48>
20006d6a:	0c13      	lsrs	r3, r2, #16
20006d6c:	d128      	bne.n	20006dc0 <y64_x32>
20006d6e:	2a00      	cmp	r2, #0
20006d70:	d0e7      	beq.n	20006d42 <udiv0>
20006d72:	b480      	push	{r7}
20006d74:	4f11      	ldr	r7, [pc, #68]	@ (20006dbc <y64+0x58>)
20006d76:	6639      	str	r1, [r7, #96]	@ 0x60
20006d78:	667a      	str	r2, [r7, #100]	@ 0x64
20006d7a:	e7ff      	b.n	20006d7c <y64+0x18>
20006d7c:	e7ff      	b.n	20006d7e <y64+0x1a>
20006d7e:	b430      	push	{r4, r5}
20006d80:	0c04      	lsrs	r4, r0, #16
20006d82:	6f7b      	ldr	r3, [r7, #116]	@ 0x74
20006d84:	6f39      	ldr	r1, [r7, #112]	@ 0x70
20006d86:	041b      	lsls	r3, r3, #16
20006d88:	4323      	orrs	r3, r4
20006d8a:	663b      	str	r3, [r7, #96]	@ 0x60
20006d8c:	667a      	str	r2, [r7, #100]	@ 0x64
20006d8e:	e7ff      	b.n	20006d90 <y64+0x2c>
20006d90:	e7ff      	b.n	20006d92 <y64+0x2e>
20006d92:	e7ff      	b.n	20006d94 <y64+0x30>
20006d94:	46c0      	nop			@ (mov r8, r8)
20006d96:	b284      	uxth	r4, r0
20006d98:	6f7b      	ldr	r3, [r7, #116]	@ 0x74
20006d9a:	6f3d      	ldr	r5, [r7, #112]	@ 0x70
20006d9c:	041b      	lsls	r3, r3, #16
20006d9e:	4323      	orrs	r3, r4
20006da0:	663b      	str	r3, [r7, #96]	@ 0x60
20006da2:	667a      	str	r2, [r7, #100]	@ 0x64
20006da4:	e7ff      	b.n	20006da6 <y64+0x42>
20006da6:	e7ff      	b.n	20006da8 <y64+0x44>
20006da8:	46c0      	nop			@ (mov r8, r8)
20006daa:	2300      	movs	r3, #0
20006dac:	042c      	lsls	r4, r5, #16
20006dae:	0c2d      	lsrs	r5, r5, #16
20006db0:	6f7a      	ldr	r2, [r7, #116]	@ 0x74
20006db2:	6f38      	ldr	r0, [r7, #112]	@ 0x70
20006db4:	1900      	adds	r0, r0, r4
20006db6:	4169      	adcs	r1, r5
20006db8:	bcb0      	pop	{r4, r5, r7}
20006dba:	4770      	bx	lr
20006dbc:	d0000000 	.word	0xd0000000

20006dc0 <y64_x32>:
20006dc0:	b5f0      	push	{r4, r5, r6, r7, lr}
20006dc2:	4694      	mov	ip, r2
20006dc4:	2500      	movs	r5, #0
20006dc6:	0e14      	lsrs	r4, r2, #24
20006dc8:	d101      	bne.n	20006dce <y64_x32+0xe>
20006dca:	0212      	lsls	r2, r2, #8
20006dcc:	3508      	adds	r5, #8
20006dce:	0f14      	lsrs	r4, r2, #28
20006dd0:	d101      	bne.n	20006dd6 <y64_x32+0x16>
20006dd2:	0112      	lsls	r2, r2, #4
20006dd4:	3504      	adds	r5, #4
20006dd6:	0f94      	lsrs	r4, r2, #30
20006dd8:	d101      	bne.n	20006dde <y64_x32+0x1e>
20006dda:	0092      	lsls	r2, r2, #2
20006ddc:	3502      	adds	r5, #2
20006dde:	0fd4      	lsrs	r4, r2, #31
20006de0:	d101      	bne.n	20006de6 <y64_x32+0x26>
20006de2:	0052      	lsls	r2, r2, #1
20006de4:	3501      	adds	r5, #1
20006de6:	0bd4      	lsrs	r4, r2, #15
20006de8:	3401      	adds	r4, #1
20006dea:	4f25      	ldr	r7, [pc, #148]	@ (20006e80 <y64_x32+0xc0>)
20006dec:	667c      	str	r4, [r7, #100]	@ 0x64
20006dee:	4c25      	ldr	r4, [pc, #148]	@ (20006e84 <y64_x32+0xc4>)
20006df0:	663c      	str	r4, [r7, #96]	@ 0x60
20006df2:	0c0e      	lsrs	r6, r1, #16
20006df4:	b293      	uxth	r3, r2
20006df6:	e7ff      	b.n	20006df8 <y64_x32+0x38>
20006df8:	e7ff      	b.n	20006dfa <y64_x32+0x3a>
20006dfa:	e7ff      	b.n	20006dfc <y64_x32+0x3c>
20006dfc:	6f3c      	ldr	r4, [r7, #112]	@ 0x70
20006dfe:	4366      	muls	r6, r4
20006e00:	0c36      	lsrs	r6, r6, #16
20006e02:	0377      	lsls	r7, r6, #13
20006e04:	46be      	mov	lr, r7
20006e06:	4373      	muls	r3, r6
20006e08:	0bdf      	lsrs	r7, r3, #15
20006e0a:	045b      	lsls	r3, r3, #17
20006e0c:	1ac0      	subs	r0, r0, r3
20006e0e:	41b9      	sbcs	r1, r7
20006e10:	0c13      	lsrs	r3, r2, #16
20006e12:	4373      	muls	r3, r6
20006e14:	18db      	adds	r3, r3, r3
20006e16:	1ac9      	subs	r1, r1, r3
20006e18:	08ce      	lsrs	r6, r1, #3
20006e1a:	4366      	muls	r6, r4
20006e1c:	0c36      	lsrs	r6, r6, #16
20006e1e:	44b6      	add	lr, r6
20006e20:	b293      	uxth	r3, r2
20006e22:	4373      	muls	r3, r6
20006e24:	0f1f      	lsrs	r7, r3, #28
20006e26:	011b      	lsls	r3, r3, #4
20006e28:	1ac0      	subs	r0, r0, r3
20006e2a:	41b9      	sbcs	r1, r7
20006e2c:	0c13      	lsrs	r3, r2, #16
20006e2e:	4373      	muls	r3, r6
20006e30:	0b1f      	lsrs	r7, r3, #12
20006e32:	051b      	lsls	r3, r3, #20
20006e34:	1ac0      	subs	r0, r0, r3
20006e36:	41b9      	sbcs	r1, r7
20006e38:	0d86      	lsrs	r6, r0, #22
20006e3a:	028f      	lsls	r7, r1, #10
20006e3c:	433e      	orrs	r6, r7
20006e3e:	4366      	muls	r6, r4
20006e40:	0c36      	lsrs	r6, r6, #16
20006e42:	2d09      	cmp	r5, #9
20006e44:	db24      	blt.n	20006e90 <last0>
20006e46:	0a52      	lsrs	r2, r2, #9
20006e48:	4372      	muls	r2, r6
20006e4a:	1a80      	subs	r0, r0, r2
20006e4c:	0377      	lsls	r7, r6, #13
20006e4e:	0a46      	lsrs	r6, r0, #9
20006e50:	4366      	muls	r6, r4
20006e52:	0c36      	lsrs	r6, r6, #16
20006e54:	2316      	movs	r3, #22
20006e56:	1b5b      	subs	r3, r3, r5
20006e58:	40de      	lsrs	r6, r3
20006e5a:	40df      	lsrs	r7, r3
20006e5c:	19bf      	adds	r7, r7, r6
20006e5e:	4664      	mov	r4, ip
20006e60:	4366      	muls	r6, r4
20006e62:	1b82      	subs	r2, r0, r6
20006e64:	4670      	mov	r0, lr
20006e66:	3504      	adds	r5, #4
20006e68:	3306      	adds	r3, #6
20006e6a:	0001      	movs	r1, r0
20006e6c:	40d9      	lsrs	r1, r3
20006e6e:	40a8      	lsls	r0, r5
20006e70:	19c0      	adds	r0, r0, r7
20006e72:	d300      	bcc.n	20006e76 <y64_x32+0xb6>
20006e74:	3101      	adds	r1, #1
20006e76:	42a2      	cmp	r2, r4
20006e78:	d206      	bcs.n	20006e88 <y64_x32+0xc8>
20006e7a:	2300      	movs	r3, #0
20006e7c:	bdf0      	pop	{r4, r5, r6, r7, pc}
20006e7e:	0000      	.short	0x0000
20006e80:	d0000000 	.word	0xd0000000
20006e84:	ffffffff 	.word	0xffffffff
20006e88:	1b12      	subs	r2, r2, r4
20006e8a:	3001      	adds	r0, #1
20006e8c:	d3f3      	bcc.n	20006e76 <y64_x32+0xb6>
20006e8e:	e7f1      	b.n	20006e74 <y64_x32+0xb4>

20006e90 <last0>:
20006e90:	2709      	movs	r7, #9
20006e92:	1b7f      	subs	r7, r7, r5
20006e94:	40fe      	lsrs	r6, r7
20006e96:	4664      	mov	r4, ip
20006e98:	b2a2      	uxth	r2, r4
20006e9a:	4372      	muls	r2, r6
20006e9c:	1a80      	subs	r0, r0, r2
20006e9e:	d200      	bcs.n	20006ea2 <last0+0x12>
20006ea0:	3901      	subs	r1, #1
20006ea2:	0c22      	lsrs	r2, r4, #16
20006ea4:	4372      	muls	r2, r6
20006ea6:	0c13      	lsrs	r3, r2, #16
20006ea8:	0412      	lsls	r2, r2, #16
20006eaa:	1a82      	subs	r2, r0, r2
20006eac:	4199      	sbcs	r1, r3
20006eae:	000b      	movs	r3, r1
20006eb0:	4670      	mov	r0, lr
20006eb2:	3504      	adds	r5, #4
20006eb4:	3713      	adds	r7, #19
20006eb6:	0001      	movs	r1, r0
20006eb8:	40f9      	lsrs	r1, r7
20006eba:	40a8      	lsls	r0, r5
20006ebc:	1980      	adds	r0, r0, r6
20006ebe:	d300      	bcc.n	20006ec2 <last0+0x32>
20006ec0:	3101      	adds	r1, #1
20006ec2:	2b00      	cmp	r3, #0
20006ec4:	d102      	bne.n	20006ecc <last0+0x3c>
20006ec6:	42a2      	cmp	r2, r4
20006ec8:	d20a      	bcs.n	20006ee0 <last0+0x50>
20006eca:	bdf0      	pop	{r4, r5, r6, r7, pc}
20006ecc:	3001      	adds	r0, #1
20006ece:	d300      	bcc.n	20006ed2 <last0+0x42>
20006ed0:	3101      	adds	r1, #1
20006ed2:	1b12      	subs	r2, r2, r4
20006ed4:	d2fa      	bcs.n	20006ecc <last0+0x3c>
20006ed6:	3b01      	subs	r3, #1
20006ed8:	d1f8      	bne.n	20006ecc <last0+0x3c>
20006eda:	42a2      	cmp	r2, r4
20006edc:	d200      	bcs.n	20006ee0 <last0+0x50>
20006ede:	bdf0      	pop	{r4, r5, r6, r7, pc}
20006ee0:	3001      	adds	r0, #1
20006ee2:	d300      	bcc.n	20006ee6 <last0+0x56>
20006ee4:	3101      	adds	r1, #1
20006ee6:	1b12      	subs	r2, r2, r4
20006ee8:	e7f7      	b.n	20006eda <last0+0x4a>

20006eea <y64_x48>:
20006eea:	b5f0      	push	{r4, r5, r6, r7, lr}
20006eec:	0c1c      	lsrs	r4, r3, #16
20006eee:	d000      	beq.n	20006ef2 <y64_x48+0x8>
20006ef0:	e080      	b.n	20006ff4 <y64_x64>
20006ef2:	b40c      	push	{r2, r3}
20006ef4:	2500      	movs	r5, #0
20006ef6:	0a1c      	lsrs	r4, r3, #8
20006ef8:	d104      	bne.n	20006f04 <y64_x48+0x1a>
20006efa:	021b      	lsls	r3, r3, #8
20006efc:	0e16      	lsrs	r6, r2, #24
20006efe:	4333      	orrs	r3, r6
20006f00:	0212      	lsls	r2, r2, #8
20006f02:	3508      	adds	r5, #8
20006f04:	0b1c      	lsrs	r4, r3, #12
20006f06:	d104      	bne.n	20006f12 <y64_x48+0x28>
20006f08:	011b      	lsls	r3, r3, #4
20006f0a:	0f16      	lsrs	r6, r2, #28
20006f0c:	4333      	orrs	r3, r6
20006f0e:	0112      	lsls	r2, r2, #4
20006f10:	3504      	adds	r5, #4
20006f12:	0b9c      	lsrs	r4, r3, #14
20006f14:	d104      	bne.n	20006f20 <y64_x48+0x36>
20006f16:	009b      	lsls	r3, r3, #2
20006f18:	0f96      	lsrs	r6, r2, #30
20006f1a:	4333      	orrs	r3, r6
20006f1c:	0092      	lsls	r2, r2, #2
20006f1e:	3502      	adds	r5, #2
20006f20:	0bdc      	lsrs	r4, r3, #15
20006f22:	d102      	bne.n	20006f2a <y64_x48+0x40>
20006f24:	1892      	adds	r2, r2, r2
20006f26:	415b      	adcs	r3, r3
20006f28:	3501      	adds	r5, #1
20006f2a:	001c      	movs	r4, r3
20006f2c:	1897      	adds	r7, r2, r2
20006f2e:	4164      	adcs	r4, r4
20006f30:	3401      	adds	r4, #1
20006f32:	4f46      	ldr	r7, [pc, #280]	@ (2000704c <y64_x64+0x58>)
20006f34:	667c      	str	r4, [r7, #100]	@ 0x64
20006f36:	4c46      	ldr	r4, [pc, #280]	@ (20007050 <y64_x64+0x5c>)
20006f38:	663c      	str	r4, [r7, #96]	@ 0x60
20006f3a:	0c0e      	lsrs	r6, r1, #16
20006f3c:	e7ff      	b.n	20006f3e <y64_x48+0x54>
20006f3e:	e7ff      	b.n	20006f40 <y64_x48+0x56>
20006f40:	e7ff      	b.n	20006f42 <y64_x48+0x58>
20006f42:	46c0      	nop			@ (mov r8, r8)
20006f44:	6f3c      	ldr	r4, [r7, #112]	@ 0x70
20006f46:	4366      	muls	r6, r4
20006f48:	0c36      	lsrs	r6, r6, #16
20006f4a:	0377      	lsls	r7, r6, #13
20006f4c:	46be      	mov	lr, r7
20006f4e:	b297      	uxth	r7, r2
20006f50:	4377      	muls	r7, r6
20006f52:	1bc0      	subs	r0, r0, r7
20006f54:	d200      	bcs.n	20006f58 <y64_x48+0x6e>
20006f56:	3901      	subs	r1, #1
20006f58:	1bc0      	subs	r0, r0, r7
20006f5a:	d200      	bcs.n	20006f5e <y64_x48+0x74>
20006f5c:	3901      	subs	r1, #1
20006f5e:	b29f      	uxth	r7, r3
20006f60:	4377      	muls	r7, r6
20006f62:	1bc9      	subs	r1, r1, r7
20006f64:	1bc9      	subs	r1, r1, r7
20006f66:	0c17      	lsrs	r7, r2, #16
20006f68:	4377      	muls	r7, r6
20006f6a:	047e      	lsls	r6, r7, #17
20006f6c:	0bff      	lsrs	r7, r7, #15
20006f6e:	1b80      	subs	r0, r0, r6
20006f70:	41b9      	sbcs	r1, r7
20006f72:	08ce      	lsrs	r6, r1, #3
20006f74:	4366      	muls	r6, r4
20006f76:	0c36      	lsrs	r6, r6, #16
20006f78:	2d0c      	cmp	r5, #12
20006f7a:	db33      	blt.n	20006fe4 <last1>
20006f7c:	44b6      	add	lr, r6
20006f7e:	0b12      	lsrs	r2, r2, #12
20006f80:	051f      	lsls	r7, r3, #20
20006f82:	433a      	orrs	r2, r7
20006f84:	0b1b      	lsrs	r3, r3, #12
20006f86:	b297      	uxth	r7, r2
20006f88:	4377      	muls	r7, r6
20006f8a:	1bc0      	subs	r0, r0, r7
20006f8c:	d200      	bcs.n	20006f90 <y64_x48+0xa6>
20006f8e:	3901      	subs	r1, #1
20006f90:	b29f      	uxth	r7, r3
20006f92:	4377      	muls	r7, r6
20006f94:	1bc9      	subs	r1, r1, r7
20006f96:	0c17      	lsrs	r7, r2, #16
20006f98:	4377      	muls	r7, r6
20006f9a:	043e      	lsls	r6, r7, #16
20006f9c:	0c3f      	lsrs	r7, r7, #16
20006f9e:	1b80      	subs	r0, r0, r6
20006fa0:	41b9      	sbcs	r1, r7
20006fa2:	0d86      	lsrs	r6, r0, #22
20006fa4:	028f      	lsls	r7, r1, #10
20006fa6:	433e      	orrs	r6, r7
20006fa8:	4366      	muls	r6, r4
20006faa:	2729      	movs	r7, #41	@ 0x29
20006fac:	1b7f      	subs	r7, r7, r5
20006fae:	40fe      	lsrs	r6, r7
20006fb0:	3d0c      	subs	r5, #12
20006fb2:	4677      	mov	r7, lr
20006fb4:	40af      	lsls	r7, r5
20006fb6:	19bf      	adds	r7, r7, r6
20006fb8:	bc30      	pop	{r4, r5}
20006fba:	b2a2      	uxth	r2, r4
20006fbc:	b2ab      	uxth	r3, r5
20006fbe:	4372      	muls	r2, r6
20006fc0:	4373      	muls	r3, r6
20006fc2:	1a80      	subs	r0, r0, r2
20006fc4:	4199      	sbcs	r1, r3
20006fc6:	0c22      	lsrs	r2, r4, #16
20006fc8:	4372      	muls	r2, r6
20006fca:	0c13      	lsrs	r3, r2, #16
20006fcc:	0412      	lsls	r2, r2, #16
20006fce:	1a80      	subs	r0, r0, r2
20006fd0:	4199      	sbcs	r1, r3
20006fd2:	0002      	movs	r2, r0
20006fd4:	000b      	movs	r3, r1
20006fd6:	3701      	adds	r7, #1
20006fd8:	1b00      	subs	r0, r0, r4
20006fda:	41a9      	sbcs	r1, r5
20006fdc:	d2f9      	bcs.n	20006fd2 <y64_x48+0xe8>
20006fde:	1e78      	subs	r0, r7, #1
20006fe0:	2100      	movs	r1, #0
20006fe2:	bdf0      	pop	{r4, r5, r6, r7, pc}

20006fe4 <last1>:
20006fe4:	270c      	movs	r7, #12
20006fe6:	1b7f      	subs	r7, r7, r5
20006fe8:	40fe      	lsrs	r6, r7
20006fea:	4677      	mov	r7, lr
20006fec:	0b7f      	lsrs	r7, r7, #13
20006fee:	40af      	lsls	r7, r5
20006ff0:	19ff      	adds	r7, r7, r7
20006ff2:	e7e0      	b.n	20006fb6 <y64_x48+0xcc>

20006ff4 <y64_x64>:
20006ff4:	2400      	movs	r4, #0
20006ff6:	1c5d      	adds	r5, r3, #1
20006ff8:	d007      	beq.n	2000700a <y64_x64+0x16>
20006ffa:	4f14      	ldr	r7, [pc, #80]	@ (2000704c <y64_x64+0x58>)
20006ffc:	667d      	str	r5, [r7, #100]	@ 0x64
20006ffe:	6639      	str	r1, [r7, #96]	@ 0x60
20007000:	e7ff      	b.n	20007002 <y64_x64+0xe>
20007002:	e7ff      	b.n	20007004 <y64_x64+0x10>
20007004:	e7ff      	b.n	20007006 <y64_x64+0x12>
20007006:	e7ff      	b.n	20007008 <y64_x64+0x14>
20007008:	6f3c      	ldr	r4, [r7, #112]	@ 0x70
2000700a:	b295      	uxth	r5, r2
2000700c:	b29e      	uxth	r6, r3
2000700e:	4365      	muls	r5, r4
20007010:	4366      	muls	r6, r4
20007012:	1b40      	subs	r0, r0, r5
20007014:	41b1      	sbcs	r1, r6
20007016:	0c15      	lsrs	r5, r2, #16
20007018:	0c1e      	lsrs	r6, r3, #16
2000701a:	4365      	muls	r5, r4
2000701c:	4366      	muls	r6, r4
2000701e:	0436      	lsls	r6, r6, #16
20007020:	0c2f      	lsrs	r7, r5, #16
20007022:	433e      	orrs	r6, r7
20007024:	042d      	lsls	r5, r5, #16
20007026:	1b40      	subs	r0, r0, r5
20007028:	41b1      	sbcs	r1, r6
2000702a:	4299      	cmp	r1, r3
2000702c:	d204      	bcs.n	20007038 <y64_x64+0x44>
2000702e:	0002      	movs	r2, r0
20007030:	000b      	movs	r3, r1
20007032:	0020      	movs	r0, r4
20007034:	2100      	movs	r1, #0
20007036:	bdf0      	pop	{r4, r5, r6, r7, pc}
20007038:	d101      	bne.n	2000703e <y64_x64+0x4a>
2000703a:	4290      	cmp	r0, r2
2000703c:	d3f7      	bcc.n	2000702e <y64_x64+0x3a>
2000703e:	1a80      	subs	r0, r0, r2
20007040:	4199      	sbcs	r1, r3
20007042:	3401      	adds	r4, #1
20007044:	4299      	cmp	r1, r3
20007046:	d3f2      	bcc.n	2000702e <y64_x64+0x3a>
20007048:	e7f6      	b.n	20007038 <y64_x64+0x44>
2000704a:	0000      	.short	0x0000
2000704c:	d0000000 	.word	0xd0000000
20007050:	ffffffff 	.word	0xffffffff

20007054 <__wrap___aeabi_drsub>:
20007054:	4048      	eors	r0, r1
20007056:	4041      	eors	r1, r0
20007058:	4048      	eors	r0, r1

2000705a <__wrap___aeabi_dsub>:
2000705a:	b418      	push	{r3, r4}
2000705c:	4b1b      	ldr	r3, [pc, #108]	@ (200070cc <__wrap___aeabi_dmul+0x12>)
2000705e:	685b      	ldr	r3, [r3, #4]
20007060:	46fc      	mov	ip, pc
20007062:	9301      	str	r3, [sp, #4]
20007064:	bd08      	pop	{r3, pc}
20007066:	df04      	.short	0xdf04
20007068:	20007347 	.word	0x20007347

2000706c <__wrap___aeabi_dadd>:
2000706c:	b418      	push	{r3, r4}
2000706e:	4b17      	ldr	r3, [pc, #92]	@ (200070cc <__wrap___aeabi_dmul+0x12>)
20007070:	681b      	ldr	r3, [r3, #0]
20007072:	46fc      	mov	ip, pc
20007074:	9301      	str	r3, [sp, #4]
20007076:	bd08      	pop	{r3, pc}
20007078:	7351df00 	.word	0x7351df00
2000707c:	2000      	.short	0x2000

2000707e <__wrap___aeabi_ddiv>:
2000707e:	4694      	mov	ip, r2
20007080:	4a13      	ldr	r2, [pc, #76]	@ (200070d0 <__wrap___aeabi_dmul+0x16>)
20007082:	6f92      	ldr	r2, [r2, #120]	@ 0x78
20007084:	0892      	lsrs	r2, r2, #2
20007086:	d209      	bcs.n	2000709c <ddiv_save_state>
20007088:	4662      	mov	r2, ip

2000708a <ddiv_shim_call>:
2000708a:	b418      	push	{r3, r4}
2000708c:	4b0f      	ldr	r3, [pc, #60]	@ (200070cc <__wrap___aeabi_dmul+0x12>)
2000708e:	68db      	ldr	r3, [r3, #12]
20007090:	46fc      	mov	ip, pc
20007092:	9301      	str	r3, [sp, #4]
20007094:	bd08      	pop	{r3, pc}
20007096:	df0c      	.short	0xdf0c
20007098:	20007609 	.word	0x20007609

2000709c <ddiv_save_state>:
2000709c:	4a0c      	ldr	r2, [pc, #48]	@ (200070d0 <__wrap___aeabi_dmul+0x16>)
2000709e:	b5f0      	push	{r4, r5, r6, r7, lr}
200070a0:	6e14      	ldr	r4, [r2, #96]	@ 0x60
200070a2:	6e55      	ldr	r5, [r2, #100]	@ 0x64
200070a4:	6f57      	ldr	r7, [r2, #116]	@ 0x74
200070a6:	6f16      	ldr	r6, [r2, #112]	@ 0x70
200070a8:	4662      	mov	r2, ip
200070aa:	f7ff ffee 	bl	2000708a <ddiv_shim_call>
200070ae:	4a08      	ldr	r2, [pc, #32]	@ (200070d0 <__wrap___aeabi_dmul+0x16>)
200070b0:	6614      	str	r4, [r2, #96]	@ 0x60
200070b2:	6655      	str	r5, [r2, #100]	@ 0x64
200070b4:	6757      	str	r7, [r2, #116]	@ 0x74
200070b6:	6716      	str	r6, [r2, #112]	@ 0x70
200070b8:	bdf0      	pop	{r4, r5, r6, r7, pc}

200070ba <__wrap___aeabi_dmul>:
200070ba:	b418      	push	{r3, r4}
200070bc:	4b03      	ldr	r3, [pc, #12]	@ (200070cc <__wrap___aeabi_dmul+0x12>)
200070be:	689b      	ldr	r3, [r3, #8]
200070c0:	46fc      	mov	ip, pc
200070c2:	9301      	str	r3, [sp, #4]
200070c4:	bd08      	pop	{r3, pc}
200070c6:	df08      	.short	0xdf08
200070c8:	200074ad 	.word	0x200074ad
200070cc:	2001680c 	.word	0x2001680c
200070d0:	d0000000 	.word	0xd0000000

200070d4 <__wrap___aeabi_cdrcmple>:
200070d4:	b5ff      	push	{r0, r1, r2, r3, r4, r5, r6, r7, lr}
200070d6:	4050      	eors	r0, r2
200070d8:	4042      	eors	r2, r0
200070da:	4050      	eors	r0, r2
200070dc:	4059      	eors	r1, r3
200070de:	404b      	eors	r3, r1
200070e0:	4059      	eors	r1, r3
200070e2:	e000      	b.n	200070e6 <__aeabi_dfcmple_guts>

200070e4 <__wrap___aeabi_cdcmpeq>:
200070e4:	b5ff      	push	{r0, r1, r2, r3, r4, r5, r6, r7, lr}

200070e6 <__aeabi_dfcmple_guts>:
200070e6:	4f15      	ldr	r7, [pc, #84]	@ (2000713c <__aeabi_dfcmple_guts+0x56>)
200070e8:	004c      	lsls	r4, r1, #1
200070ea:	0d64      	lsrs	r4, r4, #21
200070ec:	d003      	beq.n	200070f6 <__aeabi_dfcmple_guts+0x10>
200070ee:	42bc      	cmp	r4, r7
200070f0:	d104      	bne.n	200070fc <__aeabi_dfcmple_guts+0x16>
200070f2:	030c      	lsls	r4, r1, #12
200070f4:	d814      	bhi.n	20007120 <__aeabi_dfcmple_guts+0x3a>
200070f6:	2000      	movs	r0, #0
200070f8:	0d09      	lsrs	r1, r1, #20
200070fa:	0509      	lsls	r1, r1, #20
200070fc:	005c      	lsls	r4, r3, #1
200070fe:	0d64      	lsrs	r4, r4, #21
20007100:	d003      	beq.n	2000710a <__aeabi_dfcmple_guts+0x24>
20007102:	42bc      	cmp	r4, r7
20007104:	d104      	bne.n	20007110 <__aeabi_dfcmple_guts+0x2a>
20007106:	031c      	lsls	r4, r3, #12
20007108:	d80a      	bhi.n	20007120 <__aeabi_dfcmple_guts+0x3a>
2000710a:	2200      	movs	r2, #0
2000710c:	0d1b      	lsrs	r3, r3, #20
2000710e:	051b      	lsls	r3, r3, #20
20007110:	2601      	movs	r6, #1
20007112:	404b      	eors	r3, r1
20007114:	d409      	bmi.n	2000712a <__aeabi_dfcmple_guts+0x44>
20007116:	404b      	eors	r3, r1
20007118:	d503      	bpl.n	20007122 <__aeabi_dfcmple_guts+0x3c>
2000711a:	428b      	cmp	r3, r1
2000711c:	d100      	bne.n	20007120 <__aeabi_dfcmple_guts+0x3a>
2000711e:	4282      	cmp	r2, r0
20007120:	bdff      	pop	{r0, r1, r2, r3, r4, r5, r6, r7, pc}
20007122:	4299      	cmp	r1, r3
20007124:	d1fc      	bne.n	20007120 <__aeabi_dfcmple_guts+0x3a>
20007126:	4290      	cmp	r0, r2
20007128:	bdff      	pop	{r0, r1, r2, r3, r4, r5, r6, r7, pc}
2000712a:	430b      	orrs	r3, r1
2000712c:	18db      	adds	r3, r3, r3
2000712e:	4303      	orrs	r3, r0
20007130:	4313      	orrs	r3, r2
20007132:	d0f5      	beq.n	20007120 <__aeabi_dfcmple_guts+0x3a>
20007134:	43c9      	mvns	r1, r1
20007136:	1849      	adds	r1, r1, r1
20007138:	bdff      	pop	{r0, r1, r2, r3, r4, r5, r6, r7, pc}
2000713a:	0000      	.short	0x0000
2000713c:	000007ff 	.word	0x000007ff

20007140 <__wrap___aeabi_dcmplt>:
20007140:	b500      	push	{lr}
20007142:	f7ff ffcf 	bl	200070e4 <__wrap___aeabi_cdcmpeq>
20007146:	4180      	sbcs	r0, r0
20007148:	bd00      	pop	{pc}
2000714a:	46c0      	nop			@ (mov r8, r8)

2000714c <__wrap___aeabi_dcmple>:
2000714c:	b500      	push	{lr}
2000714e:	f7ff ffc9 	bl	200070e4 <__wrap___aeabi_cdcmpeq>
20007152:	d901      	bls.n	20007158 <__wrap___aeabi_dcmple+0xc>
20007154:	2000      	movs	r0, #0
20007156:	bd00      	pop	{pc}
20007158:	2001      	movs	r0, #1
2000715a:	bd00      	pop	{pc}

2000715c <__wrap___aeabi_dcmpge>:
2000715c:	b500      	push	{lr}
2000715e:	f7ff ffb9 	bl	200070d4 <__wrap___aeabi_cdrcmple>
20007162:	d901      	bls.n	20007168 <__wrap___aeabi_dcmpge+0xc>
20007164:	2000      	movs	r0, #0
20007166:	bd00      	pop	{pc}
20007168:	2001      	movs	r0, #1
2000716a:	bd00      	pop	{pc}

2000716c <__wrap___aeabi_dcmpgt>:
2000716c:	b500      	push	{lr}
2000716e:	f7ff ffb1 	bl	200070d4 <__wrap___aeabi_cdrcmple>
20007172:	4180      	sbcs	r0, r0
20007174:	bd00      	pop	{pc}

20007176 <__wrap___aeabi_dcmpun>:
20007176:	2001      	movs	r0, #1
20007178:	0540      	lsls	r0, r0, #21
2000717a:	004a      	lsls	r2, r1, #1
2000717c:	1812      	adds	r2, r2, r0
2000717e:	d804      	bhi.n	2000718a <__wrap___aeabi_dcmpun+0x14>
20007180:	005a      	lsls	r2, r3, #1
20007182:	1812      	adds	r2, r2, r0
20007184:	d801      	bhi.n	2000718a <__wrap___aeabi_dcmpun+0x14>
20007186:	2000      	movs	r0, #0
20007188:	4770      	bx	lr
2000718a:	2001      	movs	r0, #1
2000718c:	4770      	bx	lr
	...

20007190 <__wrap___aeabi_ui2d>:
20007190:	2100      	movs	r1, #0
20007192:	2800      	cmp	r0, #0
20007194:	d105      	bne.n	200071a2 <__wrap___aeabi_i2d+0xa>
20007196:	4770      	bx	lr

20007198 <__wrap___aeabi_i2d>:
20007198:	17c1      	asrs	r1, r0, #31
2000719a:	4048      	eors	r0, r1
2000719c:	1a40      	subs	r0, r0, r1
2000719e:	d0fa      	beq.n	20007196 <__wrap___aeabi_ui2d+0x6>
200071a0:	07c9      	lsls	r1, r1, #31
200071a2:	b513      	push	{r0, r1, r4, lr}
200071a4:	4b06      	ldr	r3, [pc, #24]	@ (200071c0 <__wrap___aeabi_i2d+0x28>)
200071a6:	681b      	ldr	r3, [r3, #0]
200071a8:	4798      	blx	r3
200071aa:	bc0c      	pop	{r2, r3}
200071ac:	1c44      	adds	r4, r0, #1
200071ae:	40a2      	lsls	r2, r4
200071b0:	0510      	lsls	r0, r2, #20
200071b2:	0b12      	lsrs	r2, r2, #12
200071b4:	4903      	ldr	r1, [pc, #12]	@ (200071c4 <__wrap___aeabi_i2d+0x2c>)
200071b6:	1b09      	subs	r1, r1, r4
200071b8:	0509      	lsls	r1, r1, #20
200071ba:	4319      	orrs	r1, r3
200071bc:	4311      	orrs	r1, r2
200071be:	bd10      	pop	{r4, pc}
200071c0:	2001690c 	.word	0x2001690c
200071c4:	0000041f 	.word	0x0000041f

200071c8 <__wrap___aeabi_d2iz>:
200071c8:	b510      	push	{r4, lr}
200071ca:	004c      	lsls	r4, r1, #1
200071cc:	0d62      	lsrs	r2, r4, #21
200071ce:	2380      	movs	r3, #128	@ 0x80
200071d0:	18d2      	adds	r2, r2, r3
200071d2:	00db      	lsls	r3, r3, #3
200071d4:	1ad2      	subs	r2, r2, r3
200071d6:	055b      	lsls	r3, r3, #21
200071d8:	2a7e      	cmp	r2, #126	@ 0x7e
200071da:	dd10      	ble.n	200071fe <__wrap___aeabi_d2iz+0x36>
200071dc:	3a9e      	subs	r2, #158	@ 0x9e
200071de:	da13      	bge.n	20007208 <__wrap___aeabi_d2iz+0x40>
200071e0:	17cc      	asrs	r4, r1, #31
200071e2:	0309      	lsls	r1, r1, #12
200071e4:	0849      	lsrs	r1, r1, #1
200071e6:	4319      	orrs	r1, r3
200071e8:	4252      	negs	r2, r2
200071ea:	40d1      	lsrs	r1, r2
200071ec:	0064      	lsls	r4, r4, #1
200071ee:	3401      	adds	r4, #1
200071f0:	3215      	adds	r2, #21
200071f2:	2a20      	cmp	r2, #32
200071f4:	da05      	bge.n	20007202 <__wrap___aeabi_d2iz+0x3a>
200071f6:	40d0      	lsrs	r0, r2
200071f8:	4308      	orrs	r0, r1
200071fa:	4360      	muls	r0, r4
200071fc:	bd10      	pop	{r4, pc}
200071fe:	2000      	movs	r0, #0
20007200:	bd10      	pop	{r4, pc}
20007202:	4608      	mov	r0, r1
20007204:	4360      	muls	r0, r4
20007206:	bd10      	pop	{r4, pc}
20007208:	0fc8      	lsrs	r0, r1, #31
2000720a:	18c0      	adds	r0, r0, r3
2000720c:	3801      	subs	r0, #1
2000720e:	bd10      	pop	{r4, pc}

20007210 <__wrap___aeabi_d2uiz>:
20007210:	b418      	push	{r3, r4}
20007212:	4b04      	ldr	r3, [pc, #16]	@ (20007224 <__wrap___aeabi_d2uiz+0x14>)
20007214:	6a5b      	ldr	r3, [r3, #36]	@ 0x24
20007216:	46fc      	mov	ip, pc
20007218:	9301      	str	r3, [sp, #4]
2000721a:	bd08      	pop	{r3, pc}
2000721c:	77b9df24 	.word	0x77b9df24
20007220:	00002000 	.word	0x00002000
20007224:	2001680c 	.word	0x2001680c

20007228 <__wrap___aeabi_d2f>:
20007228:	b418      	push	{r3, r4}
2000722a:	4b04      	ldr	r3, [pc, #16]	@ (2000723c <__wrap___aeabi_d2f+0x14>)
2000722c:	6fdb      	ldr	r3, [r3, #124]	@ 0x7c
2000722e:	46fc      	mov	ip, pc
20007230:	9301      	str	r3, [sp, #4]
20007232:	bd08      	pop	{r3, pc}
20007234:	7839df7c 	.word	0x7839df7c
20007238:	00002000 	.word	0x00002000
2000723c:	2001680c 	.word	0x2001680c

20007240 <__aeabi_double_init>:
20007240:	b570      	push	{r4, r5, r6, lr}
20007242:	2313      	movs	r3, #19
20007244:	781c      	ldrb	r4, [r3, #0]
20007246:	2c01      	cmp	r4, #1
20007248:	d012      	beq.n	20007270 <__aeabi_double_init+0x30>
2000724a:	2c01      	cmp	r4, #1
2000724c:	dc12      	bgt.n	20007274 <__aeabi_double_init+0x34>
2000724e:	4b21      	ldr	r3, [pc, #132]	@ (200072d4 <__aeabi_double_init+0x94>)
20007250:	4a21      	ldr	r2, [pc, #132]	@ (200072d8 <__aeabi_double_init+0x98>)
20007252:	6493      	str	r3, [r2, #72]	@ 0x48
20007254:	4821      	ldr	r0, [pc, #132]	@ (200072dc <__aeabi_double_init+0x9c>)
20007256:	f7ff fb49 	bl	200068ec <rom_func_lookup>
2000725a:	4b21      	ldr	r3, [pc, #132]	@ (200072e0 <__aeabi_double_init+0xa0>)
2000725c:	6018      	str	r0, [r3, #0]
2000725e:	bd70      	pop	{r4, r5, r6, pc}
20007260:	491c      	ldr	r1, [pc, #112]	@ (200072d4 <__aeabi_double_init+0x94>)
20007262:	4a1d      	ldr	r2, [pc, #116]	@ (200072d8 <__aeabi_double_init+0x98>)
20007264:	0098      	lsls	r0, r3, #2
20007266:	5081      	str	r1, [r0, r2]
20007268:	3301      	adds	r3, #1
2000726a:	2b1f      	cmp	r3, #31
2000726c:	d9f8      	bls.n	20007260 <__aeabi_double_init+0x20>
2000726e:	e7ec      	b.n	2000724a <__aeabi_double_init+0xa>
20007270:	2300      	movs	r3, #0
20007272:	e7fa      	b.n	2000726a <__aeabi_double_init+0x2a>
20007274:	481b      	ldr	r0, [pc, #108]	@ (200072e4 <__aeabi_double_init+0xa4>)
20007276:	f7ff fb41 	bl	200068fc <rom_data_lookup>
2000727a:	0005      	movs	r5, r0
2000727c:	481a      	ldr	r0, [pc, #104]	@ (200072e8 <__aeabi_double_init+0xa8>)
2000727e:	f7ff fb3d 	bl	200068fc <rom_data_lookup>
20007282:	3802      	subs	r0, #2
20007284:	7803      	ldrb	r3, [r0, #0]
20007286:	009b      	lsls	r3, r3, #2
20007288:	2b7f      	cmp	r3, #127	@ 0x7f
2000728a:	dd09      	ble.n	200072a0 <__aeabi_double_init+0x60>
2000728c:	4812      	ldr	r0, [pc, #72]	@ (200072d8 <__aeabi_double_init+0x98>)
2000728e:	2280      	movs	r2, #128	@ 0x80
20007290:	0029      	movs	r1, r5
20007292:	f000 fc5b 	bl	20007b4c <__wrap___aeabi_memcpy>
20007296:	2c02      	cmp	r4, #2
20007298:	d008      	beq.n	200072ac <__aeabi_double_init+0x6c>
2000729a:	2c02      	cmp	r4, #2
2000729c:	dcda      	bgt.n	20007254 <__aeabi_double_init+0x14>
2000729e:	e7d6      	b.n	2000724e <__aeabi_double_init+0xe>
200072a0:	4b12      	ldr	r3, [pc, #72]	@ (200072ec <__aeabi_double_init+0xac>)
200072a2:	4a13      	ldr	r2, [pc, #76]	@ (200072f0 <__aeabi_double_init+0xb0>)
200072a4:	4813      	ldr	r0, [pc, #76]	@ (200072f4 <__aeabi_double_init+0xb4>)
200072a6:	2134      	movs	r1, #52	@ 0x34
200072a8:	f001 fdc2 	bl	20008e30 <__assert_func>
200072ac:	4b12      	ldr	r3, [pc, #72]	@ (200072f8 <__aeabi_double_init+0xb8>)
200072ae:	881a      	ldrh	r2, [r3, #0]
200072b0:	23b5      	movs	r3, #181	@ 0xb5
200072b2:	021b      	lsls	r3, r3, #8
200072b4:	429a      	cmp	r2, r3
200072b6:	d109      	bne.n	200072cc <__aeabi_double_init+0x8c>
200072b8:	4b10      	ldr	r3, [pc, #64]	@ (200072fc <__aeabi_double_init+0xbc>)
200072ba:	881a      	ldrh	r2, [r3, #0]
200072bc:	4b10      	ldr	r3, [pc, #64]	@ (20007300 <__aeabi_double_init+0xc0>)
200072be:	429a      	cmp	r2, r3
200072c0:	d104      	bne.n	200072cc <__aeabi_double_init+0x8c>
200072c2:	4b10      	ldr	r3, [pc, #64]	@ (20007304 <__aeabi_double_init+0xc4>)
200072c4:	881a      	ldrh	r2, [r3, #0]
200072c6:	4b10      	ldr	r3, [pc, #64]	@ (20007308 <__aeabi_double_init+0xc8>)
200072c8:	429a      	cmp	r2, r3
200072ca:	d0e6      	beq.n	2000729a <__aeabi_double_init+0x5a>
200072cc:	2000      	movs	r0, #0
200072ce:	f7fd ff3b 	bl	20005148 <panic>
200072d2:	46c0      	nop			@ (mov r8, r8)
200072d4:	2000730d 	.word	0x2000730d
200072d8:	2001680c 	.word	0x2001680c
200072dc:	0000334c 	.word	0x0000334c
200072e0:	2001690c 	.word	0x2001690c
200072e4:	00004453 	.word	0x00004453
200072e8:	00004653 	.word	0x00004653
200072ec:	2000c4e8 	.word	0x2000c4e8
200072f0:	2000cd3c 	.word	0x2000cd3c
200072f4:	2000c52c 	.word	0x2000c52c
200072f8:	00003854 	.word	0x00003854
200072fc:	000038d8 	.word	0x000038d8
20007300:	00004649 	.word	0x00004649
20007304:	0000389c 	.word	0x0000389c
20007308:	00004659 	.word	0x00004659

2000730c <double_table_shim_on_use_helper>:
2000730c:	b507      	push	{r0, r1, r2, lr}
2000730e:	4660      	mov	r0, ip
20007310:	2800      	cmp	r0, #0
20007312:	d100      	bne.n	20007316 <double_table_shim_on_use_helper+0xa>
20007314:	be00      	bkpt	0x0000
20007316:	8801      	ldrh	r1, [r0, #0]
20007318:	0a0a      	lsrs	r2, r1, #8
2000731a:	3002      	adds	r0, #2
2000731c:	2adf      	cmp	r2, #223	@ 0xdf
2000731e:	d1fa      	bne.n	20007316 <double_table_shim_on_use_helper+0xa>
20007320:	b2c9      	uxtb	r1, r1
20007322:	0882      	lsrs	r2, r0, #2
20007324:	d304      	bcc.n	20007330 <double_table_shim_on_use_helper+0x24>
20007326:	8802      	ldrh	r2, [r0, #0]
20007328:	8840      	ldrh	r0, [r0, #2]
2000732a:	0400      	lsls	r0, r0, #16
2000732c:	4310      	orrs	r0, r2
2000732e:	e000      	b.n	20007332 <double_table_shim_on_use_helper+0x26>
20007330:	6800      	ldr	r0, [r0, #0]
20007332:	4a02      	ldr	r2, [pc, #8]	@ (2000733c <double_table_shim_on_use_helper+0x30>)
20007334:	5050      	str	r0, [r2, r1]
20007336:	9003      	str	r0, [sp, #12]
20007338:	bd07      	pop	{r0, r1, r2, pc}
2000733a:	0000      	.short	0x0000
2000733c:	2001680c 	.word	0x2001680c

20007340 <drsub_shim>:
20007340:	b40f      	push	{r0, r1, r2, r3}
20007342:	bc03      	pop	{r0, r1}
20007344:	bc0c      	pop	{r2, r3}

20007346 <dsub_shim>:
20007346:	b5f0      	push	{r4, r5, r6, r7, lr}
20007348:	2401      	movs	r4, #1
2000734a:	07e4      	lsls	r4, r4, #31
2000734c:	4063      	eors	r3, r4
2000734e:	e000      	b.n	20007352 <da_entry>

20007350 <dadd_shim>:
20007350:	b5f0      	push	{r4, r5, r6, r7, lr}

20007352 <da_entry>:
20007352:	0d0c      	lsrs	r4, r1, #20
20007354:	0fcf      	lsrs	r7, r1, #31
20007356:	1e66      	subs	r6, r4, #1
20007358:	0536      	lsls	r6, r6, #20
2000735a:	1b89      	subs	r1, r1, r6
2000735c:	0564      	lsls	r4, r4, #21
2000735e:	d303      	bcc.n	20007368 <l8_1>
20007360:	43c9      	mvns	r1, r1
20007362:	4240      	negs	r0, r0
20007364:	d300      	bcc.n	20007368 <l8_1>
20007366:	3101      	adds	r1, #1

20007368 <l8_1>:
20007368:	0d64      	lsrs	r4, r4, #21
2000736a:	d003      	beq.n	20007374 <l8_2>
2000736c:	1c66      	adds	r6, r4, #1
2000736e:	0af6      	lsrs	r6, r6, #11
20007370:	d007      	beq.n	20007382 <l8_3>
20007372:	1be4      	subs	r4, r4, r7

20007374 <l8_2>:
20007374:	2000      	movs	r0, #0
20007376:	007f      	lsls	r7, r7, #1
20007378:	1c79      	adds	r1, r7, #1
2000737a:	0789      	lsls	r1, r1, #30
2000737c:	1289      	asrs	r1, r1, #10
2000737e:	3c80      	subs	r4, #128	@ 0x80
20007380:	0324      	lsls	r4, r4, #12

20007382 <l8_3>:
20007382:	0d1d      	lsrs	r5, r3, #20
20007384:	0fdf      	lsrs	r7, r3, #31
20007386:	1e6e      	subs	r6, r5, #1
20007388:	0536      	lsls	r6, r6, #20
2000738a:	1b9b      	subs	r3, r3, r6
2000738c:	056d      	lsls	r5, r5, #21
2000738e:	d303      	bcc.n	20007398 <l9_1>
20007390:	43db      	mvns	r3, r3
20007392:	4252      	negs	r2, r2
20007394:	d300      	bcc.n	20007398 <l9_1>
20007396:	3301      	adds	r3, #1

20007398 <l9_1>:
20007398:	0d6d      	lsrs	r5, r5, #21
2000739a:	d003      	beq.n	200073a4 <l9_2>
2000739c:	1c6e      	adds	r6, r5, #1
2000739e:	0af6      	lsrs	r6, r6, #11
200073a0:	d007      	beq.n	200073b2 <l9_3>
200073a2:	1bed      	subs	r5, r5, r7

200073a4 <l9_2>:
200073a4:	2200      	movs	r2, #0
200073a6:	007f      	lsls	r7, r7, #1
200073a8:	1c7b      	adds	r3, r7, #1
200073aa:	079b      	lsls	r3, r3, #30
200073ac:	129b      	asrs	r3, r3, #10
200073ae:	3d80      	subs	r5, #128	@ 0x80
200073b0:	032d      	lsls	r5, r5, #12

200073b2 <l9_3>:
200073b2:	1b2f      	subs	r7, r5, r4
200073b4:	1b66      	subs	r6, r4, r5
200073b6:	d458      	bmi.n	2000746a <da_ygtx>
200073b8:	46a4      	mov	ip, r4
200073ba:	2e20      	cmp	r6, #32
200073bc:	da46      	bge.n	2000744c <da_xrgty>
200073be:	3720      	adds	r7, #32
200073c0:	0014      	movs	r4, r2
200073c2:	40bc      	lsls	r4, r7

200073c4 <da_xgty0>:
200073c4:	001d      	movs	r5, r3
200073c6:	40bd      	lsls	r5, r7
200073c8:	40f2      	lsrs	r2, r6
200073ca:	4133      	asrs	r3, r6
200073cc:	432a      	orrs	r2, r5

200073ce <da_add>:
200073ce:	1880      	adds	r0, r0, r2
200073d0:	4159      	adcs	r1, r3

200073d2 <da_pack>:
200073d2:	0fcb      	lsrs	r3, r1, #31
200073d4:	d005      	beq.n	200073e2 <da_pack+0x10>
200073d6:	43c9      	mvns	r1, r1
200073d8:	43c0      	mvns	r0, r0
200073da:	2200      	movs	r2, #0
200073dc:	4264      	negs	r4, r4
200073de:	4150      	adcs	r0, r2
200073e0:	4151      	adcs	r1, r2
200073e2:	4662      	mov	r2, ip
200073e4:	0d4d      	lsrs	r5, r1, #21
200073e6:	d128      	bne.n	2000743a <da_0>
200073e8:	0d0d      	lsrs	r5, r1, #20
200073ea:	d107      	bne.n	200073fc <da_1>
200073ec:	2800      	cmp	r0, #0
200073ee:	d01f      	beq.n	20007430 <da_5>

200073f0 <da_2>:
200073f0:	1924      	adds	r4, r4, r4
200073f2:	4140      	adcs	r0, r0
200073f4:	4149      	adcs	r1, r1
200073f6:	3a01      	subs	r2, #1
200073f8:	0d0d      	lsrs	r5, r1, #20
200073fa:	d0f9      	beq.n	200073f0 <da_2>

200073fc <da_1>:
200073fc:	0064      	lsls	r4, r4, #1
200073fe:	d306      	bcc.n	2000740e <da_3>

20007400 <da_4>:
20007400:	3001      	adds	r0, #1
20007402:	d300      	bcc.n	20007406 <da_4+0x6>
20007404:	3101      	adds	r1, #1
20007406:	2c00      	cmp	r4, #0
20007408:	d101      	bne.n	2000740e <da_3>
2000740a:	0840      	lsrs	r0, r0, #1
2000740c:	0040      	lsls	r0, r0, #1

2000740e <da_3>:
2000740e:	3a01      	subs	r2, #1
20007410:	d40b      	bmi.n	2000742a <da_6>
20007412:	1c94      	adds	r4, r2, #2
20007414:	0ae4      	lsrs	r4, r4, #11
20007416:	d104      	bne.n	20007422 <da_7>
20007418:	0512      	lsls	r2, r2, #20
2000741a:	4411      	add	r1, r2
2000741c:	07db      	lsls	r3, r3, #31
2000741e:	4419      	add	r1, r3
20007420:	bdf0      	pop	{r4, r5, r6, r7, pc}

20007422 <da_7>:
20007422:	07d9      	lsls	r1, r3, #31
20007424:	4b20      	ldr	r3, [pc, #128]	@ (200074a8 <da_xmgty+0x4>)
20007426:	4319      	orrs	r1, r3
20007428:	e000      	b.n	2000742c <da_6+0x2>

2000742a <da_6>:
2000742a:	07d9      	lsls	r1, r3, #31
2000742c:	2000      	movs	r0, #0
2000742e:	bdf0      	pop	{r4, r5, r6, r7, pc}

20007430 <da_5>:
20007430:	2900      	cmp	r1, #0
20007432:	d1dd      	bne.n	200073f0 <da_2>
20007434:	2c00      	cmp	r4, #0
20007436:	d1db      	bne.n	200073f0 <da_2>
20007438:	bdf0      	pop	{r4, r5, r6, r7, pc}

2000743a <da_0>:
2000743a:	3201      	adds	r2, #1
2000743c:	07c6      	lsls	r6, r0, #31
2000743e:	0840      	lsrs	r0, r0, #1
20007440:	07cd      	lsls	r5, r1, #31
20007442:	4328      	orrs	r0, r5
20007444:	0849      	lsrs	r1, r1, #1
20007446:	2e00      	cmp	r6, #0
20007448:	d0e1      	beq.n	2000740e <da_3>
2000744a:	e7d9      	b.n	20007400 <da_4>

2000744c <da_xrgty>:
2000744c:	2e3c      	cmp	r6, #60	@ 0x3c
2000744e:	da29      	bge.n	200074a4 <da_xmgty>
20007450:	3e20      	subs	r6, #32
20007452:	3740      	adds	r7, #64	@ 0x40
20007454:	0014      	movs	r4, r2
20007456:	40bc      	lsls	r4, r7
20007458:	d000      	beq.n	2000745c <da_xrgty+0x10>
2000745a:	2401      	movs	r4, #1
2000745c:	40f2      	lsrs	r2, r6
2000745e:	4314      	orrs	r4, r2
20007460:	001a      	movs	r2, r3
20007462:	40bb      	lsls	r3, r7
20007464:	431c      	orrs	r4, r3
20007466:	17d3      	asrs	r3, r2, #31
20007468:	e7ac      	b.n	200073c4 <da_xgty0>

2000746a <da_ygtx>:
2000746a:	46ac      	mov	ip, r5
2000746c:	2f20      	cmp	r7, #32
2000746e:	da08      	bge.n	20007482 <da_yrgtx>
20007470:	3620      	adds	r6, #32
20007472:	0004      	movs	r4, r0
20007474:	40b4      	lsls	r4, r6

20007476 <da_ygtx0>:
20007476:	000d      	movs	r5, r1
20007478:	40b5      	lsls	r5, r6
2000747a:	40f8      	lsrs	r0, r7
2000747c:	4139      	asrs	r1, r7
2000747e:	4328      	orrs	r0, r5
20007480:	e7a5      	b.n	200073ce <da_add>

20007482 <da_yrgtx>:
20007482:	2f3c      	cmp	r7, #60	@ 0x3c
20007484:	da0c      	bge.n	200074a0 <da_ymgtx>
20007486:	3f20      	subs	r7, #32
20007488:	3640      	adds	r6, #64	@ 0x40
2000748a:	0004      	movs	r4, r0
2000748c:	40b4      	lsls	r4, r6
2000748e:	d000      	beq.n	20007492 <da_yrgtx+0x10>
20007490:	2401      	movs	r4, #1
20007492:	40f8      	lsrs	r0, r7
20007494:	4304      	orrs	r4, r0
20007496:	0008      	movs	r0, r1
20007498:	40b1      	lsls	r1, r6
2000749a:	430c      	orrs	r4, r1
2000749c:	17c1      	asrs	r1, r0, #31
2000749e:	e7ea      	b.n	20007476 <da_ygtx0>

200074a0 <da_ymgtx>:
200074a0:	0010      	movs	r0, r2
200074a2:	0019      	movs	r1, r3

200074a4 <da_xmgty>:
200074a4:	2400      	movs	r4, #0
200074a6:	e794      	b.n	200073d2 <da_pack>
200074a8:	7ff00000 	.word	0x7ff00000

200074ac <dmul_shim>:
200074ac:	b5f0      	push	{r4, r5, r6, r7, lr}
200074ae:	0d0c      	lsrs	r4, r1, #20
200074b0:	1e66      	subs	r6, r4, #1
200074b2:	0536      	lsls	r6, r6, #20
200074b4:	1b89      	subs	r1, r1, r6
200074b6:	0ae6      	lsrs	r6, r4, #11
200074b8:	0564      	lsls	r4, r4, #21
200074ba:	0d64      	lsrs	r4, r4, #21
200074bc:	d002      	beq.n	200074c4 <l12_1>
200074be:	1c65      	adds	r5, r4, #1
200074c0:	0aed      	lsrs	r5, r5, #11
200074c2:	d004      	beq.n	200074ce <l12_2>

200074c4 <l12_1>:
200074c4:	2000      	movs	r0, #0
200074c6:	2101      	movs	r1, #1
200074c8:	0509      	lsls	r1, r1, #20
200074ca:	3c80      	subs	r4, #128	@ 0x80
200074cc:	0324      	lsls	r4, r4, #12

200074ce <l12_2>:
200074ce:	46a4      	mov	ip, r4
200074d0:	0d1c      	lsrs	r4, r3, #20
200074d2:	1e67      	subs	r7, r4, #1
200074d4:	053f      	lsls	r7, r7, #20
200074d6:	1bdb      	subs	r3, r3, r7
200074d8:	0ae7      	lsrs	r7, r4, #11
200074da:	0564      	lsls	r4, r4, #21
200074dc:	0d64      	lsrs	r4, r4, #21
200074de:	d002      	beq.n	200074e6 <l13_1>
200074e0:	1c65      	adds	r5, r4, #1
200074e2:	0aed      	lsrs	r5, r5, #11
200074e4:	d004      	beq.n	200074f0 <l13_2>

200074e6 <l13_1>:
200074e6:	2200      	movs	r2, #0
200074e8:	2301      	movs	r3, #1
200074ea:	051b      	lsls	r3, r3, #20
200074ec:	3c80      	subs	r4, #128	@ 0x80
200074ee:	0324      	lsls	r4, r4, #12

200074f0 <l13_2>:
200074f0:	4077      	eors	r7, r6
200074f2:	4464      	add	r4, ip
200074f4:	b497      	push	{r0, r1, r2, r4, r7}
200074f6:	b284      	uxth	r4, r0
200074f8:	b296      	uxth	r6, r2
200074fa:	4374      	muls	r4, r6
200074fc:	0c07      	lsrs	r7, r0, #16
200074fe:	437e      	muls	r6, r7
20007500:	0c15      	lsrs	r5, r2, #16
20007502:	436f      	muls	r7, r5
20007504:	b280      	uxth	r0, r0
20007506:	4368      	muls	r0, r5
20007508:	1836      	adds	r6, r6, r0
2000750a:	d302      	bcc.n	20007512 <l14_1>
2000750c:	2001      	movs	r0, #1
2000750e:	0400      	lsls	r0, r0, #16
20007510:	183f      	adds	r7, r7, r0

20007512 <l14_1>:
20007512:	0430      	lsls	r0, r6, #16
20007514:	0c35      	lsrs	r5, r6, #16
20007516:	1900      	adds	r0, r0, r4
20007518:	417d      	adcs	r5, r7
2000751a:	4684      	mov	ip, r0
2000751c:	b288      	uxth	r0, r1
2000751e:	b29a      	uxth	r2, r3
20007520:	4350      	muls	r0, r2
20007522:	0c0c      	lsrs	r4, r1, #16
20007524:	4362      	muls	r2, r4
20007526:	0c1f      	lsrs	r7, r3, #16
20007528:	437c      	muls	r4, r7
2000752a:	b28e      	uxth	r6, r1
2000752c:	437e      	muls	r6, r7
2000752e:	1992      	adds	r2, r2, r6
20007530:	d302      	bcc.n	20007538 <l15_1>
20007532:	2601      	movs	r6, #1
20007534:	0436      	lsls	r6, r6, #16
20007536:	19a4      	adds	r4, r4, r6

20007538 <l15_1>:
20007538:	0416      	lsls	r6, r2, #16
2000753a:	0c17      	lsrs	r7, r2, #16
2000753c:	1836      	adds	r6, r6, r0
2000753e:	4167      	adcs	r7, r4
20007540:	bc01      	pop	{r0}
20007542:	b281      	uxth	r1, r0
20007544:	b29a      	uxth	r2, r3
20007546:	4351      	muls	r1, r2
20007548:	0c04      	lsrs	r4, r0, #16
2000754a:	4362      	muls	r2, r4
2000754c:	0c1b      	lsrs	r3, r3, #16
2000754e:	435c      	muls	r4, r3
20007550:	b280      	uxth	r0, r0
20007552:	4358      	muls	r0, r3
20007554:	1812      	adds	r2, r2, r0
20007556:	d302      	bcc.n	2000755e <l16_1>
20007558:	2001      	movs	r0, #1
2000755a:	0400      	lsls	r0, r0, #16
2000755c:	1824      	adds	r4, r4, r0

2000755e <l16_1>:
2000755e:	0410      	lsls	r0, r2, #16
20007560:	0c13      	lsrs	r3, r2, #16
20007562:	1840      	adds	r0, r0, r1
20007564:	4163      	adcs	r3, r4
20007566:	182d      	adds	r5, r5, r0
20007568:	415e      	adcs	r6, r3
2000756a:	2000      	movs	r0, #0
2000756c:	4147      	adcs	r7, r0
2000756e:	bc06      	pop	{r1, r2}
20007570:	b288      	uxth	r0, r1
20007572:	b293      	uxth	r3, r2
20007574:	4358      	muls	r0, r3
20007576:	0c0c      	lsrs	r4, r1, #16
20007578:	4363      	muls	r3, r4
2000757a:	0c12      	lsrs	r2, r2, #16
2000757c:	4354      	muls	r4, r2
2000757e:	b289      	uxth	r1, r1
20007580:	4351      	muls	r1, r2
20007582:	185b      	adds	r3, r3, r1
20007584:	d302      	bcc.n	2000758c <l17_1>
20007586:	2101      	movs	r1, #1
20007588:	0409      	lsls	r1, r1, #16
2000758a:	1864      	adds	r4, r4, r1

2000758c <l17_1>:
2000758c:	0419      	lsls	r1, r3, #16
2000758e:	0c1a      	lsrs	r2, r3, #16
20007590:	1809      	adds	r1, r1, r0
20007592:	4162      	adcs	r2, r4
20007594:	186d      	adds	r5, r5, r1
20007596:	4156      	adcs	r6, r2
20007598:	2000      	movs	r0, #0
2000759a:	4147      	adcs	r7, r0
2000759c:	bc18      	pop	{r3, r4}
2000759e:	02f9      	lsls	r1, r7, #11
200075a0:	0d72      	lsrs	r2, r6, #21
200075a2:	4311      	orrs	r1, r2
200075a4:	02f0      	lsls	r0, r6, #11
200075a6:	0d6a      	lsrs	r2, r5, #21
200075a8:	4310      	orrs	r0, r2
200075aa:	02ed      	lsls	r5, r5, #11
200075ac:	0d0a      	lsrs	r2, r1, #20
200075ae:	d103      	bne.n	200075b8 <l17_1+0x2c>
200075b0:	196d      	adds	r5, r5, r5
200075b2:	4140      	adcs	r0, r0
200075b4:	4149      	adcs	r1, r1
200075b6:	3b01      	subs	r3, #1
200075b8:	4e12      	ldr	r6, [pc, #72]	@ (20007604 <dm_1+0xa>)
200075ba:	1b9b      	subs	r3, r3, r6
200075bc:	0076      	lsls	r6, r6, #1
200075be:	42b3      	cmp	r3, r6
200075c0:	d20e      	bcs.n	200075e0 <dm_0>
200075c2:	006d      	lsls	r5, r5, #1
200075c4:	d307      	bcc.n	200075d6 <l17_1+0x4a>
200075c6:	3001      	adds	r0, #1
200075c8:	2600      	movs	r6, #0
200075ca:	4171      	adcs	r1, r6
200075cc:	4666      	mov	r6, ip
200075ce:	4335      	orrs	r5, r6
200075d0:	d101      	bne.n	200075d6 <l17_1+0x4a>
200075d2:	0840      	lsrs	r0, r0, #1
200075d4:	0040      	lsls	r0, r0, #1
200075d6:	051b      	lsls	r3, r3, #20
200075d8:	18c9      	adds	r1, r1, r3

200075da <dm_2>:
200075da:	07e4      	lsls	r4, r4, #31
200075dc:	4421      	add	r1, r4
200075de:	bdf0      	pop	{r4, r5, r6, r7, pc}

200075e0 <dm_0>:
200075e0:	da0b      	bge.n	200075fa <dm_1>
200075e2:	3301      	adds	r3, #1
200075e4:	d106      	bne.n	200075f4 <dm_0+0x14>
200075e6:	3001      	adds	r0, #1
200075e8:	d104      	bne.n	200075f4 <dm_0+0x14>
200075ea:	3101      	adds	r1, #1
200075ec:	0d4f      	lsrs	r7, r1, #21
200075ee:	d001      	beq.n	200075f4 <dm_0+0x14>
200075f0:	0849      	lsrs	r1, r1, #1
200075f2:	e7f2      	b.n	200075da <dm_2>
200075f4:	07e1      	lsls	r1, r4, #31
200075f6:	2000      	movs	r0, #0
200075f8:	bdf0      	pop	{r4, r5, r6, r7, pc}

200075fa <dm_1>:
200075fa:	3601      	adds	r6, #1
200075fc:	0531      	lsls	r1, r6, #20
200075fe:	2000      	movs	r0, #0
20007600:	e7eb      	b.n	200075da <dm_2>
20007602:	0000      	.short	0x0000
20007604:	000003ff 	.word	0x000003ff

20007608 <ddiv_shim>:
20007608:	b5f0      	push	{r4, r5, r6, r7, lr}

2000760a <ddiv0>:
2000760a:	0d1c      	lsrs	r4, r3, #20
2000760c:	1e67      	subs	r7, r4, #1
2000760e:	053f      	lsls	r7, r7, #20
20007610:	1bdb      	subs	r3, r3, r7
20007612:	0ae7      	lsrs	r7, r4, #11
20007614:	0564      	lsls	r4, r4, #21
20007616:	0d64      	lsrs	r4, r4, #21
20007618:	d002      	beq.n	20007620 <l20_1>
2000761a:	1c66      	adds	r6, r4, #1
2000761c:	0af6      	lsrs	r6, r6, #11
2000761e:	d004      	beq.n	2000762a <l20_2>

20007620 <l20_1>:
20007620:	2200      	movs	r2, #0
20007622:	2301      	movs	r3, #1
20007624:	051b      	lsls	r3, r3, #20
20007626:	3c80      	subs	r4, #128	@ 0x80
20007628:	0324      	lsls	r4, r4, #12

2000762a <l20_2>:
2000762a:	25d0      	movs	r5, #208	@ 0xd0
2000762c:	062d      	lsls	r5, r5, #24
2000762e:	2600      	movs	r6, #0
20007630:	43f6      	mvns	r6, r6
20007632:	662e      	str	r6, [r5, #96]	@ 0x60
20007634:	091e      	lsrs	r6, r3, #4
20007636:	666e      	str	r6, [r5, #100]	@ 0x64
20007638:	0fce      	lsrs	r6, r1, #31
2000763a:	19f6      	adds	r6, r6, r7
2000763c:	46b4      	mov	ip, r6
2000763e:	0049      	lsls	r1, r1, #1
20007640:	0d4f      	lsrs	r7, r1, #21
20007642:	d002      	beq.n	2000764a <l20_2+0x20>
20007644:	1c7e      	adds	r6, r7, #1
20007646:	0af6      	lsrs	r6, r6, #11
20007648:	d003      	beq.n	20007652 <l20_2+0x28>
2000764a:	2000      	movs	r0, #0
2000764c:	2100      	movs	r1, #0
2000764e:	3f40      	subs	r7, #64	@ 0x40
20007650:	033f      	lsls	r7, r7, #12
20007652:	1b3e      	subs	r6, r7, r4
20007654:	00b6      	lsls	r6, r6, #2
20007656:	44b4      	add	ip, r6
20007658:	3f01      	subs	r7, #1
2000765a:	057f      	lsls	r7, r7, #21
2000765c:	1bc9      	subs	r1, r1, r7
2000765e:	0849      	lsrs	r1, r1, #1
20007660:	6f2e      	ldr	r6, [r5, #112]	@ 0x70
20007662:	3601      	adds	r6, #1
20007664:	0876      	lsrs	r6, r6, #1
20007666:	029c      	lsls	r4, r3, #10
20007668:	0d95      	lsrs	r5, r2, #22
2000766a:	4325      	orrs	r5, r4
2000766c:	4375      	muls	r5, r6
2000766e:	13ed      	asrs	r5, r5, #15
20007670:	4375      	muls	r5, r6
20007672:	13ad      	asrs	r5, r5, #14
20007674:	3501      	adds	r5, #1
20007676:	106d      	asrs	r5, r5, #1
20007678:	03f6      	lsls	r6, r6, #15
2000767a:	1b76      	subs	r6, r6, r5
2000767c:	b40c      	push	{r2, r3}
2000767e:	02cc      	lsls	r4, r1, #11
20007680:	0d45      	lsrs	r5, r0, #21
20007682:	432c      	orrs	r4, r5
20007684:	b2a2      	uxth	r2, r4
20007686:	b2b3      	uxth	r3, r6
20007688:	435a      	muls	r2, r3
2000768a:	0c27      	lsrs	r7, r4, #16
2000768c:	437b      	muls	r3, r7
2000768e:	0c35      	lsrs	r5, r6, #16
20007690:	436f      	muls	r7, r5
20007692:	b2a4      	uxth	r4, r4
20007694:	436c      	muls	r4, r5
20007696:	191b      	adds	r3, r3, r4
20007698:	d302      	bcc.n	200076a0 <l21_1>
2000769a:	2401      	movs	r4, #1
2000769c:	0424      	lsls	r4, r4, #16
2000769e:	193f      	adds	r7, r7, r4

200076a0 <l21_1>:
200076a0:	041c      	lsls	r4, r3, #16
200076a2:	0c1d      	lsrs	r5, r3, #16
200076a4:	18a4      	adds	r4, r4, r2
200076a6:	417d      	adcs	r5, r7
200076a8:	1924      	adds	r4, r4, r4
200076aa:	416d      	adcs	r5, r5
200076ac:	9a00      	ldr	r2, [sp, #0]
200076ae:	b291      	uxth	r1, r2
200076b0:	b2ac      	uxth	r4, r5
200076b2:	4361      	muls	r1, r4
200076b4:	0c17      	lsrs	r7, r2, #16
200076b6:	437c      	muls	r4, r7
200076b8:	0c2b      	lsrs	r3, r5, #16
200076ba:	435f      	muls	r7, r3
200076bc:	b292      	uxth	r2, r2
200076be:	435a      	muls	r2, r3
200076c0:	18a4      	adds	r4, r4, r2
200076c2:	d302      	bcc.n	200076ca <l22_1>
200076c4:	2201      	movs	r2, #1
200076c6:	0412      	lsls	r2, r2, #16
200076c8:	18bf      	adds	r7, r7, r2

200076ca <l22_1>:
200076ca:	0422      	lsls	r2, r4, #16
200076cc:	0c23      	lsrs	r3, r4, #16
200076ce:	1852      	adds	r2, r2, r1
200076d0:	417b      	adcs	r3, r7
200076d2:	9c01      	ldr	r4, [sp, #4]
200076d4:	436c      	muls	r4, r5
200076d6:	191b      	adds	r3, r3, r4
200076d8:	0e52      	lsrs	r2, r2, #25
200076da:	01d9      	lsls	r1, r3, #7
200076dc:	430a      	orrs	r2, r1
200076de:	0144      	lsls	r4, r0, #5
200076e0:	1aa0      	subs	r0, r4, r2
200076e2:	b281      	uxth	r1, r0
200076e4:	b2b2      	uxth	r2, r6
200076e6:	4351      	muls	r1, r2
200076e8:	1403      	asrs	r3, r0, #16
200076ea:	435a      	muls	r2, r3
200076ec:	0c36      	lsrs	r6, r6, #16
200076ee:	4373      	muls	r3, r6
200076f0:	b287      	uxth	r7, r0
200076f2:	4377      	muls	r7, r6
200076f4:	17d6      	asrs	r6, r2, #31
200076f6:	19d2      	adds	r2, r2, r7
200076f8:	2700      	movs	r7, #0
200076fa:	417e      	adcs	r6, r7
200076fc:	0436      	lsls	r6, r6, #16
200076fe:	199b      	adds	r3, r3, r6
20007700:	0417      	lsls	r7, r2, #16
20007702:	0c16      	lsrs	r6, r2, #16
20007704:	187f      	adds	r7, r7, r1
20007706:	415e      	adcs	r6, r3
20007708:	1673      	asrs	r3, r6, #25
2000770a:	18ed      	adds	r5, r5, r3
2000770c:	01f3      	lsls	r3, r6, #7
2000770e:	2600      	movs	r6, #0
20007710:	3380      	adds	r3, #128	@ 0x80
20007712:	4175      	adcs	r5, r6
20007714:	0fa9      	lsrs	r1, r5, #30
20007716:	d106      	bne.n	20007726 <dd_0>
20007718:	0064      	lsls	r4, r4, #1
2000771a:	0a69      	lsrs	r1, r5, #9
2000771c:	05e8      	lsls	r0, r5, #23
2000771e:	0a5b      	lsrs	r3, r3, #9
20007720:	4318      	orrs	r0, r3
20007722:	d209      	bcs.n	20007738 <dd_1>
20007724:	e02f      	b.n	20007786 <dd_2>

20007726 <dd_0>:
20007726:	2204      	movs	r2, #4
20007728:	4494      	add	ip, r2
2000772a:	3380      	adds	r3, #128	@ 0x80
2000772c:	4175      	adcs	r5, r6
2000772e:	0aa9      	lsrs	r1, r5, #10
20007730:	05a8      	lsls	r0, r5, #22
20007732:	0a9b      	lsrs	r3, r3, #10
20007734:	4318      	orrs	r0, r3
20007736:	d326      	bcc.n	20007786 <dd_2>

20007738 <dd_1>:
20007738:	4140      	adcs	r0, r0
2000773a:	4149      	adcs	r1, r1
2000773c:	0424      	lsls	r4, r4, #16
2000773e:	9a00      	ldr	r2, [sp, #0]
20007740:	9b01      	ldr	r3, [sp, #4]
20007742:	000d      	movs	r5, r1
20007744:	4355      	muls	r5, r2
20007746:	1b64      	subs	r4, r4, r5
20007748:	4343      	muls	r3, r0
2000774a:	1ae4      	subs	r4, r4, r3
2000774c:	b295      	uxth	r5, r2
2000774e:	b286      	uxth	r6, r0
20007750:	4375      	muls	r5, r6
20007752:	0c17      	lsrs	r7, r2, #16
20007754:	437e      	muls	r6, r7
20007756:	0c03      	lsrs	r3, r0, #16
20007758:	435f      	muls	r7, r3
2000775a:	b292      	uxth	r2, r2
2000775c:	435a      	muls	r2, r3
2000775e:	18b6      	adds	r6, r6, r2
20007760:	d302      	bcc.n	20007768 <l24_1>
20007762:	2201      	movs	r2, #1
20007764:	0412      	lsls	r2, r2, #16
20007766:	18bf      	adds	r7, r7, r2

20007768 <l24_1>:
20007768:	0432      	lsls	r2, r6, #16
2000776a:	0c33      	lsrs	r3, r6, #16
2000776c:	1952      	adds	r2, r2, r5
2000776e:	417b      	adcs	r3, r7
20007770:	4252      	negs	r2, r2
20007772:	419c      	sbcs	r4, r3
20007774:	2c00      	cmp	r4, #0
20007776:	d402      	bmi.n	2000777e <l24_1+0x16>
20007778:	2200      	movs	r2, #0
2000777a:	3001      	adds	r0, #1
2000777c:	4151      	adcs	r1, r2
2000777e:	0840      	lsrs	r0, r0, #1
20007780:	07ca      	lsls	r2, r1, #31
20007782:	4310      	orrs	r0, r2
20007784:	0849      	lsrs	r1, r1, #1

20007786 <dd_2>:
20007786:	b002      	add	sp, #8
20007788:	4662      	mov	r2, ip
2000778a:	07d7      	lsls	r7, r2, #31
2000778c:	1092      	asrs	r2, r2, #2
2000778e:	4b08      	ldr	r3, [pc, #32]	@ (200077b0 <dd_4+0x6>)
20007790:	18d2      	adds	r2, r2, r3
20007792:	4b08      	ldr	r3, [pc, #32]	@ (200077b4 <dd_4+0xa>)
20007794:	429a      	cmp	r2, r3
20007796:	d203      	bcs.n	200077a0 <dd_3>
20007798:	0512      	lsls	r2, r2, #20
2000779a:	1889      	adds	r1, r1, r2

2000779c <dd_5>:
2000779c:	19c9      	adds	r1, r1, r7
2000779e:	bdf0      	pop	{r4, r5, r6, r7, pc}

200077a0 <dd_3>:
200077a0:	2000      	movs	r0, #0
200077a2:	2a00      	cmp	r2, #0
200077a4:	dc01      	bgt.n	200077aa <dd_4>
200077a6:	0039      	movs	r1, r7
200077a8:	bdf0      	pop	{r4, r5, r6, r7, pc}

200077aa <dd_4>:
200077aa:	3301      	adds	r3, #1
200077ac:	0519      	lsls	r1, r3, #20
200077ae:	e7f5      	b.n	2000779c <dd_5>
200077b0:	000003fd 	.word	0x000003fd
200077b4:	000007fe 	.word	0x000007fe

200077b8 <double2uint_shim>:
200077b8:	2200      	movs	r2, #0

200077ba <double2ufix_shim>:
200077ba:	b500      	push	{lr}
200077bc:	3220      	adds	r2, #32
200077be:	f000 f804 	bl	200077ca <double2ufix64_shim>
200077c2:	0008      	movs	r0, r1
200077c4:	bd00      	pop	{pc}
	...

200077c8 <double2uint64_shim>:
200077c8:	2200      	movs	r2, #0

200077ca <double2ufix64_shim>:
200077ca:	150b      	asrs	r3, r1, #20
200077cc:	d40a      	bmi.n	200077e4 <ret_dzero>

200077ce <d2fix>:
200077ce:	b510      	push	{r4, lr}
200077d0:	4694      	mov	ip, r2
200077d2:	f000 f85f 	bl	20007894 <dunpacks>
200077d6:	1414      	asrs	r4, r2, #16
200077d8:	3401      	adds	r4, #1
200077da:	da00      	bge.n	200077de <d2fix+0x10>
200077dc:	2100      	movs	r1, #0
200077de:	17cb      	asrs	r3, r1, #31
200077e0:	4c14      	ldr	r4, [pc, #80]	@ (20007834 <d2fix_a+0x4a>)
200077e2:	4720      	bx	r4

200077e4 <ret_dzero>:
200077e4:	2000      	movs	r0, #0
200077e6:	2100      	movs	r1, #0
200077e8:	4770      	bx	lr

200077ea <d2fix_a>:
200077ea:	4462      	add	r2, ip
200077ec:	3a34      	subs	r2, #52	@ 0x34
200077ee:	d40c      	bmi.n	2000780a <d2fix_a+0x20>
200077f0:	2a0c      	cmp	r2, #12
200077f2:	da07      	bge.n	20007804 <d2fix_a+0x1a>
200077f4:	0004      	movs	r4, r0
200077f6:	4091      	lsls	r1, r2
200077f8:	4090      	lsls	r0, r2
200077fa:	4252      	negs	r2, r2
200077fc:	3220      	adds	r2, #32
200077fe:	40d4      	lsrs	r4, r2
20007800:	4321      	orrs	r1, r4
20007802:	bd10      	pop	{r4, pc}
20007804:	43d8      	mvns	r0, r3
20007806:	43d9      	mvns	r1, r3
20007808:	bd10      	pop	{r4, pc}
2000780a:	3220      	adds	r2, #32
2000780c:	d407      	bmi.n	2000781e <d2fix_a+0x34>
2000780e:	460c      	mov	r4, r1
20007810:	4094      	lsls	r4, r2
20007812:	4252      	negs	r2, r2
20007814:	3220      	adds	r2, #32
20007816:	4111      	asrs	r1, r2
20007818:	40d0      	lsrs	r0, r2
2000781a:	4320      	orrs	r0, r4
2000781c:	bd10      	pop	{r4, pc}
2000781e:	0008      	movs	r0, r1
20007820:	17c9      	asrs	r1, r1, #31
20007822:	3220      	adds	r2, #32
20007824:	d403      	bmi.n	2000782e <d2fix_a+0x44>
20007826:	4252      	negs	r2, r2
20007828:	3220      	adds	r2, #32
2000782a:	4110      	asrs	r0, r2
2000782c:	bd10      	pop	{r4, pc}
2000782e:	0018      	movs	r0, r3
20007830:	0019      	movs	r1, r3
20007832:	bd10      	pop	{r4, pc}
20007834:	200077eb 	.word	0x200077eb

20007838 <double2float_shim>:
20007838:	004a      	lsls	r2, r1, #1
2000783a:	0d52      	lsrs	r2, r2, #21
2000783c:	4b14      	ldr	r3, [pc, #80]	@ (20007890 <double2float_shim+0x58>)
2000783e:	1ad2      	subs	r2, r2, r3
20007840:	dd13      	ble.n	2000786a <double2float_shim+0x32>
20007842:	2aff      	cmp	r2, #255	@ 0xff
20007844:	da1e      	bge.n	20007884 <double2float_shim+0x4c>
20007846:	05d2      	lsls	r2, r2, #23
20007848:	0fcb      	lsrs	r3, r1, #31
2000784a:	07db      	lsls	r3, r3, #31
2000784c:	431a      	orrs	r2, r3
2000784e:	00c3      	lsls	r3, r0, #3
20007850:	0f40      	lsrs	r0, r0, #29
20007852:	0309      	lsls	r1, r1, #12
20007854:	0a49      	lsrs	r1, r1, #9
20007856:	4308      	orrs	r0, r1
20007858:	4310      	orrs	r0, r2
2000785a:	005b      	lsls	r3, r3, #1
2000785c:	d301      	bcc.n	20007862 <double2float_shim+0x2a>
2000785e:	d001      	beq.n	20007864 <double2float_shim+0x2c>
20007860:	3001      	adds	r0, #1
20007862:	4770      	bx	lr
20007864:	0843      	lsrs	r3, r0, #1
20007866:	d2fb      	bcs.n	20007860 <double2float_shim+0x28>
20007868:	4770      	bx	lr
2000786a:	d002      	beq.n	20007872 <double2float_shim+0x3a>
2000786c:	0fc8      	lsrs	r0, r1, #31
2000786e:	07c0      	lsls	r0, r0, #31
20007870:	4770      	bx	lr
20007872:	030a      	lsls	r2, r1, #12
20007874:	1312      	asrs	r2, r2, #12
20007876:	3201      	adds	r2, #1
20007878:	d1f8      	bne.n	2000786c <double2float_shim+0x34>
2000787a:	0f42      	lsrs	r2, r0, #29
2000787c:	2a07      	cmp	r2, #7
2000787e:	d1f5      	bne.n	2000786c <double2float_shim+0x34>
20007880:	2201      	movs	r2, #1
20007882:	e000      	b.n	20007886 <double2float_shim+0x4e>
20007884:	22ff      	movs	r2, #255	@ 0xff
20007886:	0fc8      	lsrs	r0, r1, #31
20007888:	0200      	lsls	r0, r0, #8
2000788a:	1880      	adds	r0, r0, r2
2000788c:	05c0      	lsls	r0, r0, #23
2000788e:	4770      	bx	lr
20007890:	00000380 	.word	0x00000380

20007894 <dunpacks>:
20007894:	0d0a      	lsrs	r2, r1, #20
20007896:	0fcc      	lsrs	r4, r1, #31
20007898:	1e53      	subs	r3, r2, #1
2000789a:	051b      	lsls	r3, r3, #20
2000789c:	1ac9      	subs	r1, r1, r3
2000789e:	0552      	lsls	r2, r2, #21
200078a0:	d303      	bcc.n	200078aa <l60_1>
200078a2:	43c9      	mvns	r1, r1
200078a4:	4240      	negs	r0, r0
200078a6:	d300      	bcc.n	200078aa <l60_1>
200078a8:	3101      	adds	r1, #1

200078aa <l60_1>:
200078aa:	0d52      	lsrs	r2, r2, #21
200078ac:	d003      	beq.n	200078b6 <l60_2>
200078ae:	1c53      	adds	r3, r2, #1
200078b0:	0adb      	lsrs	r3, r3, #11
200078b2:	d007      	beq.n	200078c4 <l60_3>
200078b4:	1b12      	subs	r2, r2, r4

200078b6 <l60_2>:
200078b6:	2000      	movs	r0, #0
200078b8:	0064      	lsls	r4, r4, #1
200078ba:	1c61      	adds	r1, r4, #1
200078bc:	0789      	lsls	r1, r1, #30
200078be:	1289      	asrs	r1, r1, #10
200078c0:	3a80      	subs	r2, #128	@ 0x80
200078c2:	0312      	lsls	r2, r2, #12

200078c4 <l60_3>:
200078c4:	4b01      	ldr	r3, [pc, #4]	@ (200078cc <l60_3+0x8>)
200078c6:	1ad2      	subs	r2, r2, r3
200078c8:	4770      	bx	lr
200078ca:	0000      	.short	0x0000
200078cc:	000003ff 	.word	0x000003ff

200078d0 <__wrap___aeabi_lmul>:
200078d0:	4351      	muls	r1, r2
200078d2:	4343      	muls	r3, r0
200078d4:	18c9      	adds	r1, r1, r3
200078d6:	468c      	mov	ip, r1
200078d8:	0c11      	lsrs	r1, r2, #16
200078da:	b283      	uxth	r3, r0
200078dc:	434b      	muls	r3, r1
200078de:	b410      	push	{r4}
200078e0:	0c04      	lsrs	r4, r0, #16
200078e2:	4361      	muls	r1, r4
200078e4:	b292      	uxth	r2, r2
200078e6:	b280      	uxth	r0, r0
200078e8:	4350      	muls	r0, r2
200078ea:	4362      	muls	r2, r4
200078ec:	041c      	lsls	r4, r3, #16
200078ee:	0c1b      	lsrs	r3, r3, #16
200078f0:	1900      	adds	r0, r0, r4
200078f2:	bc10      	pop	{r4}
200078f4:	4159      	adcs	r1, r3
200078f6:	0413      	lsls	r3, r2, #16
200078f8:	0c12      	lsrs	r2, r2, #16
200078fa:	18c0      	adds	r0, r0, r3
200078fc:	4151      	adcs	r1, r2
200078fe:	4461      	add	r1, ip
20007900:	4770      	bx	lr
	...

20007904 <__wrap___aeabi_frsub>:
20007904:	4048      	eors	r0, r1
20007906:	4041      	eors	r1, r0
20007908:	4048      	eors	r0, r1

2000790a <__wrap___aeabi_fsub>:
2000790a:	2300      	movs	r3, #0
2000790c:	469c      	mov	ip, r3
2000790e:	4b11      	ldr	r3, [pc, #68]	@ (20007954 <__wrap___aeabi_fmul+0xa>)
20007910:	685b      	ldr	r3, [r3, #4]
20007912:	4718      	bx	r3

20007914 <__wrap___aeabi_fadd>:
20007914:	2300      	movs	r3, #0
20007916:	469c      	mov	ip, r3
20007918:	4b0e      	ldr	r3, [pc, #56]	@ (20007954 <__wrap___aeabi_fmul+0xa>)
2000791a:	681b      	ldr	r3, [r3, #0]
2000791c:	4718      	bx	r3

2000791e <__wrap___aeabi_fdiv>:
2000791e:	4a0e      	ldr	r2, [pc, #56]	@ (20007958 <__wrap___aeabi_fmul+0xe>)
20007920:	6f93      	ldr	r3, [r2, #120]	@ 0x78
20007922:	089b      	lsrs	r3, r3, #2
20007924:	d204      	bcs.n	20007930 <fdiv_save_state>

20007926 <fdiv_shim_call>:
20007926:	2300      	movs	r3, #0
20007928:	469c      	mov	ip, r3
2000792a:	4b0a      	ldr	r3, [pc, #40]	@ (20007954 <__wrap___aeabi_fmul+0xa>)
2000792c:	68db      	ldr	r3, [r3, #12]
2000792e:	4718      	bx	r3

20007930 <fdiv_save_state>:
20007930:	b5f0      	push	{r4, r5, r6, r7, lr}
20007932:	6e14      	ldr	r4, [r2, #96]	@ 0x60
20007934:	6e55      	ldr	r5, [r2, #100]	@ 0x64
20007936:	6f57      	ldr	r7, [r2, #116]	@ 0x74
20007938:	6f16      	ldr	r6, [r2, #112]	@ 0x70
2000793a:	f7ff fff4 	bl	20007926 <fdiv_shim_call>
2000793e:	4a06      	ldr	r2, [pc, #24]	@ (20007958 <__wrap___aeabi_fmul+0xe>)
20007940:	6614      	str	r4, [r2, #96]	@ 0x60
20007942:	6655      	str	r5, [r2, #100]	@ 0x64
20007944:	6757      	str	r7, [r2, #116]	@ 0x74
20007946:	6716      	str	r6, [r2, #112]	@ 0x70
20007948:	bdf0      	pop	{r4, r5, r6, r7, pc}

2000794a <__wrap___aeabi_fmul>:
2000794a:	2300      	movs	r3, #0
2000794c:	469c      	mov	ip, r3
2000794e:	4b01      	ldr	r3, [pc, #4]	@ (20007954 <__wrap___aeabi_fmul+0xa>)
20007950:	689b      	ldr	r3, [r3, #8]
20007952:	4718      	bx	r3
20007954:	20016910 	.word	0x20016910
20007958:	d0000000 	.word	0xd0000000

2000795c <__wrap___aeabi_ui2f>:
2000795c:	1a49      	subs	r1, r1, r1
2000795e:	2800      	cmp	r0, #0
20007960:	d108      	bne.n	20007974 <__aeabi_i2f_main>
20007962:	4608      	mov	r0, r1
20007964:	4770      	bx	lr
	...

20007968 <__wrap___aeabi_i2f>:
20007968:	0fc1      	lsrs	r1, r0, #31
2000796a:	07c9      	lsls	r1, r1, #31
2000796c:	d500      	bpl.n	20007970 <__wrap___aeabi_i2f+0x8>
2000796e:	4240      	negs	r0, r0
20007970:	2800      	cmp	r0, #0
20007972:	d017      	beq.n	200079a4 <__aeabi_i2f_main+0x30>

20007974 <__aeabi_i2f_main>:
20007974:	46f4      	mov	ip, lr
20007976:	b403      	push	{r0, r1}
20007978:	4b0b      	ldr	r3, [pc, #44]	@ (200079a8 <__aeabi_i2f_main+0x34>)
2000797a:	681b      	ldr	r3, [r3, #0]
2000797c:	4798      	blx	r3
2000797e:	bc06      	pop	{r1, r2}
20007980:	4081      	lsls	r1, r0
20007982:	389e      	subs	r0, #158	@ 0x9e
20007984:	4240      	negs	r0, r0
20007986:	3180      	adds	r1, #128	@ 0x80
20007988:	d207      	bcs.n	2000799a <__aeabi_i2f_main+0x26>
2000798a:	060b      	lsls	r3, r1, #24
2000798c:	d007      	beq.n	2000799e <__aeabi_i2f_main+0x2a>
2000798e:	0049      	lsls	r1, r1, #1
20007990:	0a49      	lsrs	r1, r1, #9
20007992:	05c0      	lsls	r0, r0, #23
20007994:	4310      	orrs	r0, r2
20007996:	4308      	orrs	r0, r1
20007998:	4760      	bx	ip
2000799a:	3001      	adds	r0, #1
2000799c:	e7f8      	b.n	20007990 <__aeabi_i2f_main+0x1c>
2000799e:	0a49      	lsrs	r1, r1, #9
200079a0:	0289      	lsls	r1, r1, #10
200079a2:	e7f5      	b.n	20007990 <__aeabi_i2f_main+0x1c>
200079a4:	4770      	bx	lr
200079a6:	0000      	.short	0x0000
200079a8:	2001690c 	.word	0x2001690c

200079ac <__wrap___aeabi_f2uiz>:
200079ac:	2300      	movs	r3, #0
200079ae:	469c      	mov	ip, r3
200079b0:	4b01      	ldr	r3, [pc, #4]	@ (200079b8 <__wrap___aeabi_f2uiz+0xc>)
200079b2:	6a5b      	ldr	r3, [r3, #36]	@ 0x24
200079b4:	4718      	bx	r3
200079b6:	0000      	.short	0x0000
200079b8:	20016910 	.word	0x20016910

200079bc <__wrap___aeabi_f2d>:
200079bc:	4b03      	ldr	r3, [pc, #12]	@ (200079cc <__wrap___aeabi_f2d+0x10>)
200079be:	6fdb      	ldr	r3, [r3, #124]	@ 0x7c
200079c0:	46fc      	mov	ip, pc
200079c2:	4718      	bx	r3
200079c4:	7b01df7c 	.word	0x7b01df7c
200079c8:	00002000 	.word	0x00002000
200079cc:	20016910 	.word	0x20016910

200079d0 <__aeabi_float_init>:
200079d0:	b570      	push	{r4, r5, r6, lr}
200079d2:	2313      	movs	r3, #19
200079d4:	781c      	ldrb	r4, [r3, #0]
200079d6:	482a      	ldr	r0, [pc, #168]	@ (20007a80 <__aeabi_float_init+0xb0>)
200079d8:	f7fe ff90 	bl	200068fc <rom_data_lookup>
200079dc:	0005      	movs	r5, r0
200079de:	2c01      	cmp	r4, #1
200079e0:	d012      	beq.n	20007a08 <__aeabi_float_init+0x38>
200079e2:	2c01      	cmp	r4, #1
200079e4:	dd0a      	ble.n	200079fc <__aeabi_float_init+0x2c>
200079e6:	002b      	movs	r3, r5
200079e8:	3b02      	subs	r3, #2
200079ea:	781b      	ldrb	r3, [r3, #0]
200079ec:	009b      	lsls	r3, r3, #2
200079ee:	2b7f      	cmp	r3, #127	@ 0x7f
200079f0:	dd40      	ble.n	20007a74 <__aeabi_float_init+0xa4>
200079f2:	4824      	ldr	r0, [pc, #144]	@ (20007a84 <__aeabi_float_init+0xb4>)
200079f4:	2280      	movs	r2, #128	@ 0x80
200079f6:	0029      	movs	r1, r5
200079f8:	f000 f8a8 	bl	20007b4c <__wrap___aeabi_memcpy>
200079fc:	4822      	ldr	r0, [pc, #136]	@ (20007a88 <__aeabi_float_init+0xb8>)
200079fe:	f7fe ff75 	bl	200068ec <rom_func_lookup>
20007a02:	4b22      	ldr	r3, [pc, #136]	@ (20007a8c <__aeabi_float_init+0xbc>)
20007a04:	6018      	str	r0, [r3, #0]
20007a06:	bd70      	pop	{r4, r5, r6, pc}
20007a08:	481e      	ldr	r0, [pc, #120]	@ (20007a84 <__aeabi_float_init+0xb4>)
20007a0a:	2254      	movs	r2, #84	@ 0x54
20007a0c:	0029      	movs	r1, r5
20007a0e:	f000 f89d 	bl	20007b4c <__wrap___aeabi_memcpy>
20007a12:	4b1f      	ldr	r3, [pc, #124]	@ (20007a90 <__aeabi_float_init+0xc0>)
20007a14:	881a      	ldrh	r2, [r3, #0]
20007a16:	4b1f      	ldr	r3, [pc, #124]	@ (20007a94 <__aeabi_float_init+0xc4>)
20007a18:	429a      	cmp	r2, r3
20007a1a:	d11c      	bne.n	20007a56 <__aeabi_float_init+0x86>
20007a1c:	23a7      	movs	r3, #167	@ 0xa7
20007a1e:	019b      	lsls	r3, r3, #6
20007a20:	881a      	ldrh	r2, [r3, #0]
20007a22:	4b1d      	ldr	r3, [pc, #116]	@ (20007a98 <__aeabi_float_init+0xc8>)
20007a24:	429a      	cmp	r2, r3
20007a26:	d116      	bne.n	20007a56 <__aeabi_float_init+0x86>
20007a28:	4b1c      	ldr	r3, [pc, #112]	@ (20007a9c <__aeabi_float_init+0xcc>)
20007a2a:	881a      	ldrh	r2, [r3, #0]
20007a2c:	4b1c      	ldr	r3, [pc, #112]	@ (20007aa0 <__aeabi_float_init+0xd0>)
20007a2e:	429a      	cmp	r2, r3
20007a30:	d111      	bne.n	20007a56 <__aeabi_float_init+0x86>
20007a32:	4b1c      	ldr	r3, [pc, #112]	@ (20007aa4 <__aeabi_float_init+0xd4>)
20007a34:	881a      	ldrh	r2, [r3, #0]
20007a36:	2394      	movs	r3, #148	@ 0x94
20007a38:	019b      	lsls	r3, r3, #6
20007a3a:	429a      	cmp	r2, r3
20007a3c:	d10b      	bne.n	20007a56 <__aeabi_float_init+0x86>
20007a3e:	4b1a      	ldr	r3, [pc, #104]	@ (20007aa8 <__aeabi_float_init+0xd8>)
20007a40:	881a      	ldrh	r2, [r3, #0]
20007a42:	4b1a      	ldr	r3, [pc, #104]	@ (20007aac <__aeabi_float_init+0xdc>)
20007a44:	429a      	cmp	r2, r3
20007a46:	d106      	bne.n	20007a56 <__aeabi_float_init+0x86>
20007a48:	4b19      	ldr	r3, [pc, #100]	@ (20007ab0 <__aeabi_float_init+0xe0>)
20007a4a:	681a      	ldr	r2, [r3, #0]
20007a4c:	4b19      	ldr	r3, [pc, #100]	@ (20007ab4 <__aeabi_float_init+0xe4>)
20007a4e:	429a      	cmp	r2, r3
20007a50:	d101      	bne.n	20007a56 <__aeabi_float_init+0x86>
20007a52:	2315      	movs	r3, #21
20007a54:	e007      	b.n	20007a66 <__aeabi_float_init+0x96>
20007a56:	4818      	ldr	r0, [pc, #96]	@ (20007ab8 <__aeabi_float_init+0xe8>)
20007a58:	f7fd fb76 	bl	20005148 <panic>
20007a5c:	4917      	ldr	r1, [pc, #92]	@ (20007abc <__aeabi_float_init+0xec>)
20007a5e:	4a09      	ldr	r2, [pc, #36]	@ (20007a84 <__aeabi_float_init+0xb4>)
20007a60:	0098      	lsls	r0, r3, #2
20007a62:	5081      	str	r1, [r0, r2]
20007a64:	3301      	adds	r3, #1
20007a66:	2b1f      	cmp	r3, #31
20007a68:	d9f8      	bls.n	20007a5c <__aeabi_float_init+0x8c>
20007a6a:	4b14      	ldr	r3, [pc, #80]	@ (20007abc <__aeabi_float_init+0xec>)
20007a6c:	4a05      	ldr	r2, [pc, #20]	@ (20007a84 <__aeabi_float_init+0xb4>)
20007a6e:	6213      	str	r3, [r2, #32]
20007a70:	61d3      	str	r3, [r2, #28]
20007a72:	e7b6      	b.n	200079e2 <__aeabi_float_init+0x12>
20007a74:	4b12      	ldr	r3, [pc, #72]	@ (20007ac0 <__aeabi_float_init+0xf0>)
20007a76:	4a13      	ldr	r2, [pc, #76]	@ (20007ac4 <__aeabi_float_init+0xf4>)
20007a78:	4813      	ldr	r0, [pc, #76]	@ (20007ac8 <__aeabi_float_init+0xf8>)
20007a7a:	2143      	movs	r1, #67	@ 0x43
20007a7c:	f001 f9d8 	bl	20008e30 <__assert_func>
20007a80:	00004653 	.word	0x00004653
20007a84:	20016910 	.word	0x20016910
20007a88:	0000334c 	.word	0x0000334c
20007a8c:	2001690c 	.word	0x2001690c
20007a90:	000029ee 	.word	0x000029ee
20007a94:	00000fc4 	.word	0x00000fc4
20007a98:	00000dc2 	.word	0x00000dc2
20007a9c:	00002b96 	.word	0x00002b96
20007aa0:	0000b5c0 	.word	0x0000b5c0
20007aa4:	00002b18 	.word	0x00002b18
20007aa8:	00002acc 	.word	0x00002acc
20007aac:	0000b510 	.word	0x0000b510
20007ab0:	00002cfc 	.word	0x00002cfc
20007ab4:	6487ed51 	.word	0x6487ed51
20007ab8:	2000aae4 	.word	0x2000aae4
20007abc:	20007acd 	.word	0x20007acd
20007ac0:	2000c584 	.word	0x2000c584
20007ac4:	2000cd50 	.word	0x2000cd50
20007ac8:	2000c5b8 	.word	0x2000c5b8

20007acc <float_table_shim_on_use_helper>:
20007acc:	b507      	push	{r0, r1, r2, lr}
20007ace:	4660      	mov	r0, ip
20007ad0:	2800      	cmp	r0, #0
20007ad2:	d100      	bne.n	20007ad6 <float_table_shim_on_use_helper+0xa>
20007ad4:	be00      	bkpt	0x0000
20007ad6:	8801      	ldrh	r1, [r0, #0]
20007ad8:	0a0a      	lsrs	r2, r1, #8
20007ada:	3002      	adds	r0, #2
20007adc:	2adf      	cmp	r2, #223	@ 0xdf
20007ade:	d1fa      	bne.n	20007ad6 <float_table_shim_on_use_helper+0xa>
20007ae0:	b2c9      	uxtb	r1, r1
20007ae2:	0882      	lsrs	r2, r0, #2
20007ae4:	d304      	bcc.n	20007af0 <float_table_shim_on_use_helper+0x24>
20007ae6:	8802      	ldrh	r2, [r0, #0]
20007ae8:	8840      	ldrh	r0, [r0, #2]
20007aea:	0400      	lsls	r0, r0, #16
20007aec:	4310      	orrs	r0, r2
20007aee:	e000      	b.n	20007af2 <float_table_shim_on_use_helper+0x26>
20007af0:	6800      	ldr	r0, [r0, #0]
20007af2:	4a02      	ldr	r2, [pc, #8]	@ (20007afc <float_table_shim_on_use_helper+0x30>)
20007af4:	5050      	str	r0, [r2, r1]
20007af6:	9003      	str	r0, [sp, #12]
20007af8:	bd07      	pop	{r0, r1, r2, pc}
20007afa:	0000      	.short	0x0000
20007afc:	20016910 	.word	0x20016910

20007b00 <float2double_shim>:
20007b00:	0fc3      	lsrs	r3, r0, #31
20007b02:	07db      	lsls	r3, r3, #31
20007b04:	0041      	lsls	r1, r0, #1
20007b06:	0e0a      	lsrs	r2, r1, #24
20007b08:	d007      	beq.n	20007b1a <float2double_shim+0x1a>
20007b0a:	2aff      	cmp	r2, #255	@ 0xff
20007b0c:	d008      	beq.n	20007b20 <float2double_shim+0x20>
20007b0e:	0909      	lsrs	r1, r1, #4
20007b10:	4a05      	ldr	r2, [pc, #20]	@ (20007b28 <float2double_shim+0x28>)
20007b12:	1889      	adds	r1, r1, r2
20007b14:	4319      	orrs	r1, r3
20007b16:	0740      	lsls	r0, r0, #29
20007b18:	4770      	bx	lr
20007b1a:	0019      	movs	r1, r3
20007b1c:	2000      	movs	r0, #0
20007b1e:	4770      	bx	lr
20007b20:	4902      	ldr	r1, [pc, #8]	@ (20007b2c <float2double_shim+0x2c>)
20007b22:	18c9      	adds	r1, r1, r3
20007b24:	e7fa      	b.n	20007b1c <float2double_shim+0x1c>
20007b26:	0000      	.short	0x0000
20007b28:	38000000 	.word	0x38000000
20007b2c:	7ff00000 	.word	0x7ff00000

20007b30 <__aeabi_mem_init>:
20007b30:	4801      	ldr	r0, [pc, #4]	@ (20007b38 <__aeabi_mem_init+0x8>)
20007b32:	2104      	movs	r1, #4
20007b34:	4b01      	ldr	r3, [pc, #4]	@ (20007b3c <__aeabi_mem_init+0xc>)
20007b36:	4718      	bx	r3
20007b38:	2000cf70 	.word	0x2000cf70
20007b3c:	2000690d 	.word	0x2000690d

20007b40 <__wrap_memset>:
20007b40:	4b01      	ldr	r3, [pc, #4]	@ (20007b48 <__wrap_memset+0x8>)
20007b42:	681b      	ldr	r3, [r3, #0]
20007b44:	4718      	bx	r3
20007b46:	0000      	.short	0x0000
20007b48:	2000cf70 	.word	0x2000cf70

20007b4c <__wrap___aeabi_memcpy>:
20007b4c:	4b01      	ldr	r3, [pc, #4]	@ (20007b54 <__wrap___aeabi_memcpy+0x8>)
20007b4e:	685b      	ldr	r3, [r3, #4]
20007b50:	4718      	bx	r3
20007b52:	0000      	.short	0x0000
20007b54:	2000cf70 	.word	0x2000cf70

20007b58 <_out_buffer>:
20007b58:	429a      	cmp	r2, r3
20007b5a:	d200      	bcs.n	20007b5e <_out_buffer+0x6>
20007b5c:	5488      	strb	r0, [r1, r2]
20007b5e:	4770      	bx	lr

20007b60 <_out_null>:
20007b60:	4770      	bx	lr

20007b62 <_out_fct>:
20007b62:	b510      	push	{r4, lr}
20007b64:	2800      	cmp	r0, #0
20007b66:	d002      	beq.n	20007b6e <_out_fct+0xc>
20007b68:	680b      	ldr	r3, [r1, #0]
20007b6a:	6849      	ldr	r1, [r1, #4]
20007b6c:	4798      	blx	r3
20007b6e:	bd10      	pop	{r4, pc}

20007b70 <_atoi>:
20007b70:	0001      	movs	r1, r0
20007b72:	2000      	movs	r0, #0
20007b74:	e007      	b.n	20007b86 <_atoi+0x16>
20007b76:	0083      	lsls	r3, r0, #2
20007b78:	181b      	adds	r3, r3, r0
20007b7a:	005b      	lsls	r3, r3, #1
20007b7c:	1c50      	adds	r0, r2, #1
20007b7e:	6008      	str	r0, [r1, #0]
20007b80:	7810      	ldrb	r0, [r2, #0]
20007b82:	18c0      	adds	r0, r0, r3
20007b84:	3830      	subs	r0, #48	@ 0x30
20007b86:	680a      	ldr	r2, [r1, #0]
20007b88:	7813      	ldrb	r3, [r2, #0]
20007b8a:	3b30      	subs	r3, #48	@ 0x30
20007b8c:	b2db      	uxtb	r3, r3
20007b8e:	2b09      	cmp	r3, #9
20007b90:	d9f1      	bls.n	20007b76 <_atoi+0x6>
20007b92:	4770      	bx	lr

20007b94 <_out_rev>:
20007b94:	b5f0      	push	{r4, r5, r6, r7, lr}
20007b96:	46d6      	mov	lr, sl
20007b98:	464f      	mov	r7, r9
20007b9a:	4646      	mov	r6, r8
20007b9c:	b5c0      	push	{r6, r7, lr}
20007b9e:	0005      	movs	r5, r0
20007ba0:	000e      	movs	r6, r1
20007ba2:	0010      	movs	r0, r2
20007ba4:	4691      	mov	r9, r2
20007ba6:	001f      	movs	r7, r3
20007ba8:	9c09      	ldr	r4, [sp, #36]	@ 0x24
20007baa:	9b0b      	ldr	r3, [sp, #44]	@ 0x2c
20007bac:	2202      	movs	r2, #2
20007bae:	0011      	movs	r1, r2
20007bb0:	4019      	ands	r1, r3
20007bb2:	468a      	mov	sl, r1
20007bb4:	421a      	tst	r2, r3
20007bb6:	d134      	bne.n	20007c22 <_out_rev+0x8e>
20007bb8:	07db      	lsls	r3, r3, #31
20007bba:	d516      	bpl.n	20007bea <_out_rev+0x56>
20007bbc:	0002      	movs	r2, r0
20007bbe:	46b8      	mov	r8, r7
20007bc0:	0037      	movs	r7, r6
20007bc2:	002e      	movs	r6, r5
20007bc4:	e01f      	b.n	20007c06 <_out_rev+0x72>
20007bc6:	1c55      	adds	r5, r2, #1
20007bc8:	0033      	movs	r3, r6
20007bca:	4641      	mov	r1, r8
20007bcc:	2020      	movs	r0, #32
20007bce:	47b8      	blx	r7
20007bd0:	3401      	adds	r4, #1
20007bd2:	002a      	movs	r2, r5
20007bd4:	9b0a      	ldr	r3, [sp, #40]	@ 0x28
20007bd6:	429c      	cmp	r4, r3
20007bd8:	d3f5      	bcc.n	20007bc6 <_out_rev+0x32>
20007bda:	003d      	movs	r5, r7
20007bdc:	0037      	movs	r7, r6
20007bde:	4646      	mov	r6, r8
20007be0:	9c09      	ldr	r4, [sp, #36]	@ 0x24
20007be2:	46b8      	mov	r8, r7
20007be4:	0037      	movs	r7, r6
20007be6:	002e      	movs	r6, r5
20007be8:	e00d      	b.n	20007c06 <_out_rev+0x72>
20007bea:	0002      	movs	r2, r0
20007bec:	46b0      	mov	r8, r6
20007bee:	003e      	movs	r6, r7
20007bf0:	002f      	movs	r7, r5
20007bf2:	9409      	str	r4, [sp, #36]	@ 0x24
20007bf4:	e7ee      	b.n	20007bd4 <_out_rev+0x40>
20007bf6:	3c01      	subs	r4, #1
20007bf8:	1c55      	adds	r5, r2, #1
20007bfa:	9b08      	ldr	r3, [sp, #32]
20007bfc:	5d18      	ldrb	r0, [r3, r4]
20007bfe:	4643      	mov	r3, r8
20007c00:	0039      	movs	r1, r7
20007c02:	47b0      	blx	r6
20007c04:	002a      	movs	r2, r5
20007c06:	2c00      	cmp	r4, #0
20007c08:	d1f5      	bne.n	20007bf6 <_out_rev+0x62>
20007c0a:	0035      	movs	r5, r6
20007c0c:	003e      	movs	r6, r7
20007c0e:	4647      	mov	r7, r8
20007c10:	4653      	mov	r3, sl
20007c12:	2b00      	cmp	r3, #0
20007c14:	d116      	bne.n	20007c44 <_out_rev+0xb0>
20007c16:	0010      	movs	r0, r2
20007c18:	bce0      	pop	{r5, r6, r7}
20007c1a:	46ba      	mov	sl, r7
20007c1c:	46b1      	mov	r9, r6
20007c1e:	46a8      	mov	r8, r5
20007c20:	bdf0      	pop	{r4, r5, r6, r7, pc}
20007c22:	0002      	movs	r2, r0
20007c24:	46b8      	mov	r8, r7
20007c26:	0037      	movs	r7, r6
20007c28:	002e      	movs	r6, r5
20007c2a:	e7ec      	b.n	20007c06 <_out_rev+0x72>
20007c2c:	1c54      	adds	r4, r2, #1
20007c2e:	0033      	movs	r3, r6
20007c30:	0029      	movs	r1, r5
20007c32:	2020      	movs	r0, #32
20007c34:	47b8      	blx	r7
20007c36:	0022      	movs	r2, r4
20007c38:	464b      	mov	r3, r9
20007c3a:	1ad3      	subs	r3, r2, r3
20007c3c:	990a      	ldr	r1, [sp, #40]	@ 0x28
20007c3e:	428b      	cmp	r3, r1
20007c40:	d3f4      	bcc.n	20007c2c <_out_rev+0x98>
20007c42:	e7e8      	b.n	20007c16 <_out_rev+0x82>
20007c44:	003b      	movs	r3, r7
20007c46:	002f      	movs	r7, r5
20007c48:	0035      	movs	r5, r6
20007c4a:	001e      	movs	r6, r3
20007c4c:	e7f4      	b.n	20007c38 <_out_rev+0xa4>

20007c4e <_ntoa_format>:
20007c4e:	b5f0      	push	{r4, r5, r6, r7, lr}
20007c50:	46ce      	mov	lr, r9
20007c52:	4647      	mov	r7, r8
20007c54:	b580      	push	{r7, lr}
20007c56:	b085      	sub	sp, #20
20007c58:	0006      	movs	r6, r0
20007c5a:	000f      	movs	r7, r1
20007c5c:	4690      	mov	r8, r2
20007c5e:	4699      	mov	r9, r3
20007c60:	9a0c      	ldr	r2, [sp, #48]	@ 0x30
20007c62:	9b0d      	ldr	r3, [sp, #52]	@ 0x34
20007c64:	a90e      	add	r1, sp, #56	@ 0x38
20007c66:	7809      	ldrb	r1, [r1, #0]
20007c68:	468c      	mov	ip, r1
20007c6a:	9d10      	ldr	r5, [sp, #64]	@ 0x40
20007c6c:	9c11      	ldr	r4, [sp, #68]	@ 0x44
20007c6e:	9912      	ldr	r1, [sp, #72]	@ 0x48
20007c70:	0788      	lsls	r0, r1, #30
20007c72:	d41c      	bmi.n	20007cae <_ntoa_format+0x60>
20007c74:	2c00      	cmp	r4, #0
20007c76:	d00c      	beq.n	20007c92 <_ntoa_format+0x44>
20007c78:	07c8      	lsls	r0, r1, #31
20007c7a:	d50a      	bpl.n	20007c92 <_ntoa_format+0x44>
20007c7c:	4660      	mov	r0, ip
20007c7e:	2800      	cmp	r0, #0
20007c80:	d102      	bne.n	20007c88 <_ntoa_format+0x3a>
20007c82:	300c      	adds	r0, #12
20007c84:	4208      	tst	r0, r1
20007c86:	d004      	beq.n	20007c92 <_ntoa_format+0x44>
20007c88:	3c01      	subs	r4, #1
20007c8a:	e002      	b.n	20007c92 <_ntoa_format+0x44>
20007c8c:	2030      	movs	r0, #48	@ 0x30
20007c8e:	54d0      	strb	r0, [r2, r3]
20007c90:	3301      	adds	r3, #1
20007c92:	42ab      	cmp	r3, r5
20007c94:	d201      	bcs.n	20007c9a <_ntoa_format+0x4c>
20007c96:	2b1f      	cmp	r3, #31
20007c98:	d9f8      	bls.n	20007c8c <_ntoa_format+0x3e>
20007c9a:	07c8      	lsls	r0, r1, #31
20007c9c:	d507      	bpl.n	20007cae <_ntoa_format+0x60>
20007c9e:	42a3      	cmp	r3, r4
20007ca0:	d205      	bcs.n	20007cae <_ntoa_format+0x60>
20007ca2:	2b1f      	cmp	r3, #31
20007ca4:	d803      	bhi.n	20007cae <_ntoa_format+0x60>
20007ca6:	2030      	movs	r0, #48	@ 0x30
20007ca8:	54d0      	strb	r0, [r2, r3]
20007caa:	3301      	adds	r3, #1
20007cac:	e7f5      	b.n	20007c9a <_ntoa_format+0x4c>
20007cae:	06c8      	lsls	r0, r1, #27
20007cb0:	d512      	bpl.n	20007cd8 <_ntoa_format+0x8a>
20007cb2:	0548      	lsls	r0, r1, #21
20007cb4:	d405      	bmi.n	20007cc2 <_ntoa_format+0x74>
20007cb6:	2b00      	cmp	r3, #0
20007cb8:	d003      	beq.n	20007cc2 <_ntoa_format+0x74>
20007cba:	42ab      	cmp	r3, r5
20007cbc:	d023      	beq.n	20007d06 <_ntoa_format+0xb8>
20007cbe:	42a3      	cmp	r3, r4
20007cc0:	d021      	beq.n	20007d06 <_ntoa_format+0xb8>
20007cc2:	980f      	ldr	r0, [sp, #60]	@ 0x3c
20007cc4:	2810      	cmp	r0, #16
20007cc6:	d031      	beq.n	20007d2c <_ntoa_format+0xde>
20007cc8:	980f      	ldr	r0, [sp, #60]	@ 0x3c
20007cca:	2802      	cmp	r0, #2
20007ccc:	d038      	beq.n	20007d40 <_ntoa_format+0xf2>
20007cce:	2b1f      	cmp	r3, #31
20007cd0:	d80a      	bhi.n	20007ce8 <_ntoa_format+0x9a>
20007cd2:	2030      	movs	r0, #48	@ 0x30
20007cd4:	54d0      	strb	r0, [r2, r3]
20007cd6:	3301      	adds	r3, #1
20007cd8:	2b1f      	cmp	r3, #31
20007cda:	d805      	bhi.n	20007ce8 <_ntoa_format+0x9a>
20007cdc:	4660      	mov	r0, ip
20007cde:	2800      	cmp	r0, #0
20007ce0:	d034      	beq.n	20007d4c <_ntoa_format+0xfe>
20007ce2:	202d      	movs	r0, #45	@ 0x2d
20007ce4:	54d0      	strb	r0, [r2, r3]
20007ce6:	3301      	adds	r3, #1
20007ce8:	9103      	str	r1, [sp, #12]
20007cea:	9402      	str	r4, [sp, #8]
20007cec:	9301      	str	r3, [sp, #4]
20007cee:	9200      	str	r2, [sp, #0]
20007cf0:	464b      	mov	r3, r9
20007cf2:	4642      	mov	r2, r8
20007cf4:	0039      	movs	r1, r7
20007cf6:	0030      	movs	r0, r6
20007cf8:	f7ff ff4c 	bl	20007b94 <_out_rev>
20007cfc:	b005      	add	sp, #20
20007cfe:	bcc0      	pop	{r6, r7}
20007d00:	46b9      	mov	r9, r7
20007d02:	46b0      	mov	r8, r6
20007d04:	bdf0      	pop	{r4, r5, r6, r7, pc}
20007d06:	1e58      	subs	r0, r3, #1
20007d08:	2b01      	cmp	r3, #1
20007d0a:	d017      	beq.n	20007d3c <_ntoa_format+0xee>
20007d0c:	9d0f      	ldr	r5, [sp, #60]	@ 0x3c
20007d0e:	2d10      	cmp	r5, #16
20007d10:	d00b      	beq.n	20007d2a <_ntoa_format+0xdc>
20007d12:	0003      	movs	r3, r0
20007d14:	980f      	ldr	r0, [sp, #60]	@ 0x3c
20007d16:	2810      	cmp	r0, #16
20007d18:	d1d6      	bne.n	20007cc8 <_ntoa_format+0x7a>
20007d1a:	0688      	lsls	r0, r1, #26
20007d1c:	d5d4      	bpl.n	20007cc8 <_ntoa_format+0x7a>
20007d1e:	2b1f      	cmp	r3, #31
20007d20:	d8d2      	bhi.n	20007cc8 <_ntoa_format+0x7a>
20007d22:	2058      	movs	r0, #88	@ 0x58
20007d24:	54d0      	strb	r0, [r2, r3]
20007d26:	3301      	adds	r3, #1
20007d28:	e7d1      	b.n	20007cce <_ntoa_format+0x80>
20007d2a:	3b02      	subs	r3, #2
20007d2c:	0688      	lsls	r0, r1, #26
20007d2e:	d4f1      	bmi.n	20007d14 <_ntoa_format+0xc6>
20007d30:	2b1f      	cmp	r3, #31
20007d32:	d8ef      	bhi.n	20007d14 <_ntoa_format+0xc6>
20007d34:	2078      	movs	r0, #120	@ 0x78
20007d36:	54d0      	strb	r0, [r2, r3]
20007d38:	3301      	adds	r3, #1
20007d3a:	e7c8      	b.n	20007cce <_ntoa_format+0x80>
20007d3c:	0003      	movs	r3, r0
20007d3e:	e7c0      	b.n	20007cc2 <_ntoa_format+0x74>
20007d40:	2b1f      	cmp	r3, #31
20007d42:	d8d1      	bhi.n	20007ce8 <_ntoa_format+0x9a>
20007d44:	3060      	adds	r0, #96	@ 0x60
20007d46:	54d0      	strb	r0, [r2, r3]
20007d48:	3301      	adds	r3, #1
20007d4a:	e7c0      	b.n	20007cce <_ntoa_format+0x80>
20007d4c:	0748      	lsls	r0, r1, #29
20007d4e:	d503      	bpl.n	20007d58 <_ntoa_format+0x10a>
20007d50:	202b      	movs	r0, #43	@ 0x2b
20007d52:	54d0      	strb	r0, [r2, r3]
20007d54:	3301      	adds	r3, #1
20007d56:	e7c7      	b.n	20007ce8 <_ntoa_format+0x9a>
20007d58:	0708      	lsls	r0, r1, #28
20007d5a:	d5c5      	bpl.n	20007ce8 <_ntoa_format+0x9a>
20007d5c:	2020      	movs	r0, #32
20007d5e:	54d0      	strb	r0, [r2, r3]
20007d60:	3301      	adds	r3, #1
20007d62:	e7c1      	b.n	20007ce8 <_ntoa_format+0x9a>

20007d64 <_ntoa_long>:
20007d64:	b5f0      	push	{r4, r5, r6, r7, lr}
20007d66:	46de      	mov	lr, fp
20007d68:	4657      	mov	r7, sl
20007d6a:	464e      	mov	r6, r9
20007d6c:	4645      	mov	r5, r8
20007d6e:	b5e0      	push	{r5, r6, r7, lr}
20007d70:	b093      	sub	sp, #76	@ 0x4c
20007d72:	4680      	mov	r8, r0
20007d74:	4689      	mov	r9, r1
20007d76:	4692      	mov	sl, r2
20007d78:	469b      	mov	fp, r3
20007d7a:	ab1c      	add	r3, sp, #112	@ 0x70
20007d7c:	cb10      	ldmia	r3!, {r4}
20007d7e:	781b      	ldrb	r3, [r3, #0]
20007d80:	9309      	str	r3, [sp, #36]	@ 0x24
20007d82:	9d1e      	ldr	r5, [sp, #120]	@ 0x78
20007d84:	2c00      	cmp	r4, #0
20007d86:	d103      	bne.n	20007d90 <_ntoa_long+0x2c>
20007d88:	2310      	movs	r3, #16
20007d8a:	9a21      	ldr	r2, [sp, #132]	@ 0x84
20007d8c:	439a      	bics	r2, r3
20007d8e:	9221      	str	r2, [sp, #132]	@ 0x84
20007d90:	2380      	movs	r3, #128	@ 0x80
20007d92:	00db      	lsls	r3, r3, #3
20007d94:	9e21      	ldr	r6, [sp, #132]	@ 0x84
20007d96:	401e      	ands	r6, r3
20007d98:	9a21      	ldr	r2, [sp, #132]	@ 0x84
20007d9a:	421a      	tst	r2, r3
20007d9c:	d018      	beq.n	20007dd0 <_ntoa_long+0x6c>
20007d9e:	2c00      	cmp	r4, #0
20007da0:	d022      	beq.n	20007de8 <_ntoa_long+0x84>
20007da2:	2600      	movs	r6, #0
20007da4:	e014      	b.n	20007dd0 <_ntoa_long+0x6c>
20007da6:	9a21      	ldr	r2, [sp, #132]	@ 0x84
20007da8:	0692      	lsls	r2, r2, #26
20007daa:	d51b      	bpl.n	20007de4 <_ntoa_long+0x80>
20007dac:	2141      	movs	r1, #65	@ 0x41
20007dae:	18c9      	adds	r1, r1, r3
20007db0:	b2c9      	uxtb	r1, r1
20007db2:	390a      	subs	r1, #10
20007db4:	b2c9      	uxtb	r1, r1
20007db6:	1c77      	adds	r7, r6, #1
20007db8:	ab0a      	add	r3, sp, #40	@ 0x28
20007dba:	5599      	strb	r1, [r3, r6]
20007dbc:	0029      	movs	r1, r5
20007dbe:	0020      	movs	r0, r4
20007dc0:	f7fe ff10 	bl	20006be4 <__wrap___aeabi_uidiv>
20007dc4:	42ac      	cmp	r4, r5
20007dc6:	d310      	bcc.n	20007dea <_ntoa_long+0x86>
20007dc8:	2f1f      	cmp	r7, #31
20007dca:	d80e      	bhi.n	20007dea <_ntoa_long+0x86>
20007dcc:	003e      	movs	r6, r7
20007dce:	0004      	movs	r4, r0
20007dd0:	0029      	movs	r1, r5
20007dd2:	0020      	movs	r0, r4
20007dd4:	f7fe ff06 	bl	20006be4 <__wrap___aeabi_uidiv>
20007dd8:	b2cb      	uxtb	r3, r1
20007dda:	2b09      	cmp	r3, #9
20007ddc:	d8e3      	bhi.n	20007da6 <_ntoa_long+0x42>
20007dde:	3330      	adds	r3, #48	@ 0x30
20007de0:	b2d9      	uxtb	r1, r3
20007de2:	e7e8      	b.n	20007db6 <_ntoa_long+0x52>
20007de4:	2161      	movs	r1, #97	@ 0x61
20007de6:	e7e2      	b.n	20007dae <_ntoa_long+0x4a>
20007de8:	0027      	movs	r7, r4
20007dea:	9b21      	ldr	r3, [sp, #132]	@ 0x84
20007dec:	9306      	str	r3, [sp, #24]
20007dee:	9b20      	ldr	r3, [sp, #128]	@ 0x80
20007df0:	9305      	str	r3, [sp, #20]
20007df2:	9b1f      	ldr	r3, [sp, #124]	@ 0x7c
20007df4:	9304      	str	r3, [sp, #16]
20007df6:	9503      	str	r5, [sp, #12]
20007df8:	9b09      	ldr	r3, [sp, #36]	@ 0x24
20007dfa:	9302      	str	r3, [sp, #8]
20007dfc:	9701      	str	r7, [sp, #4]
20007dfe:	ab0a      	add	r3, sp, #40	@ 0x28
20007e00:	9300      	str	r3, [sp, #0]
20007e02:	465b      	mov	r3, fp
20007e04:	4652      	mov	r2, sl
20007e06:	4649      	mov	r1, r9
20007e08:	4640      	mov	r0, r8
20007e0a:	f7ff ff20 	bl	20007c4e <_ntoa_format>
20007e0e:	b013      	add	sp, #76	@ 0x4c
20007e10:	bcf0      	pop	{r4, r5, r6, r7}
20007e12:	46bb      	mov	fp, r7
20007e14:	46b2      	mov	sl, r6
20007e16:	46a9      	mov	r9, r5
20007e18:	46a0      	mov	r8, r4
20007e1a:	bdf0      	pop	{r4, r5, r6, r7, pc}

20007e1c <_ntoa_long_long>:
20007e1c:	b5f0      	push	{r4, r5, r6, r7, lr}
20007e1e:	46de      	mov	lr, fp
20007e20:	4657      	mov	r7, sl
20007e22:	464e      	mov	r6, r9
20007e24:	4645      	mov	r5, r8
20007e26:	b5e0      	push	{r5, r6, r7, lr}
20007e28:	b095      	sub	sp, #84	@ 0x54
20007e2a:	4683      	mov	fp, r0
20007e2c:	9108      	str	r1, [sp, #32]
20007e2e:	9209      	str	r2, [sp, #36]	@ 0x24
20007e30:	930a      	str	r3, [sp, #40]	@ 0x28
20007e32:	9b1e      	ldr	r3, [sp, #120]	@ 0x78
20007e34:	4699      	mov	r9, r3
20007e36:	9f1f      	ldr	r7, [sp, #124]	@ 0x7c
20007e38:	ab20      	add	r3, sp, #128	@ 0x80
20007e3a:	781b      	ldrb	r3, [r3, #0]
20007e3c:	930b      	str	r3, [sp, #44]	@ 0x2c
20007e3e:	9b22      	ldr	r3, [sp, #136]	@ 0x88
20007e40:	4698      	mov	r8, r3
20007e42:	9c23      	ldr	r4, [sp, #140]	@ 0x8c
20007e44:	464b      	mov	r3, r9
20007e46:	433b      	orrs	r3, r7
20007e48:	d103      	bne.n	20007e52 <_ntoa_long_long+0x36>
20007e4a:	3310      	adds	r3, #16
20007e4c:	9a26      	ldr	r2, [sp, #152]	@ 0x98
20007e4e:	439a      	bics	r2, r3
20007e50:	9226      	str	r2, [sp, #152]	@ 0x98
20007e52:	2380      	movs	r3, #128	@ 0x80
20007e54:	00db      	lsls	r3, r3, #3
20007e56:	9d26      	ldr	r5, [sp, #152]	@ 0x98
20007e58:	401d      	ands	r5, r3
20007e5a:	9a26      	ldr	r2, [sp, #152]	@ 0x98
20007e5c:	421a      	tst	r2, r3
20007e5e:	d008      	beq.n	20007e72 <_ntoa_long_long+0x56>
20007e60:	464b      	mov	r3, r9
20007e62:	433b      	orrs	r3, r7
20007e64:	d039      	beq.n	20007eda <_ntoa_long_long+0xbe>
20007e66:	2500      	movs	r5, #0
20007e68:	464e      	mov	r6, r9
20007e6a:	0023      	movs	r3, r4
20007e6c:	002c      	movs	r4, r5
20007e6e:	001d      	movs	r5, r3
20007e70:	e01f      	b.n	20007eb2 <_ntoa_long_long+0x96>
20007e72:	464e      	mov	r6, r9
20007e74:	0023      	movs	r3, r4
20007e76:	002c      	movs	r4, r5
20007e78:	001d      	movs	r5, r3
20007e7a:	e01a      	b.n	20007eb2 <_ntoa_long_long+0x96>
20007e7c:	9a26      	ldr	r2, [sp, #152]	@ 0x98
20007e7e:	0692      	lsls	r2, r2, #26
20007e80:	d523      	bpl.n	20007eca <_ntoa_long_long+0xae>
20007e82:	2241      	movs	r2, #65	@ 0x41
20007e84:	18d2      	adds	r2, r2, r3
20007e86:	b2d2      	uxtb	r2, r2
20007e88:	3a0a      	subs	r2, #10
20007e8a:	b2d2      	uxtb	r2, r2
20007e8c:	1c63      	adds	r3, r4, #1
20007e8e:	469a      	mov	sl, r3
20007e90:	ab0c      	add	r3, sp, #48	@ 0x30
20007e92:	551a      	strb	r2, [r3, r4]
20007e94:	4642      	mov	r2, r8
20007e96:	002b      	movs	r3, r5
20007e98:	0030      	movs	r0, r6
20007e9a:	0039      	movs	r1, r7
20007e9c:	f7fe fee0 	bl	20006c60 <__wrap___aeabi_uldivmod>
20007ea0:	42bd      	cmp	r5, r7
20007ea2:	d81c      	bhi.n	20007ede <_ntoa_long_long+0xc2>
20007ea4:	d013      	beq.n	20007ece <_ntoa_long_long+0xb2>
20007ea6:	4653      	mov	r3, sl
20007ea8:	2b1f      	cmp	r3, #31
20007eaa:	d814      	bhi.n	20007ed6 <_ntoa_long_long+0xba>
20007eac:	4654      	mov	r4, sl
20007eae:	0006      	movs	r6, r0
20007eb0:	000f      	movs	r7, r1
20007eb2:	4642      	mov	r2, r8
20007eb4:	002b      	movs	r3, r5
20007eb6:	0030      	movs	r0, r6
20007eb8:	0039      	movs	r1, r7
20007eba:	f7fe fed1 	bl	20006c60 <__wrap___aeabi_uldivmod>
20007ebe:	b2d3      	uxtb	r3, r2
20007ec0:	2b09      	cmp	r3, #9
20007ec2:	d8db      	bhi.n	20007e7c <_ntoa_long_long+0x60>
20007ec4:	3330      	adds	r3, #48	@ 0x30
20007ec6:	b2da      	uxtb	r2, r3
20007ec8:	e7e0      	b.n	20007e8c <_ntoa_long_long+0x70>
20007eca:	2261      	movs	r2, #97	@ 0x61
20007ecc:	e7da      	b.n	20007e84 <_ntoa_long_long+0x68>
20007ece:	45b0      	cmp	r8, r6
20007ed0:	d9e9      	bls.n	20007ea6 <_ntoa_long_long+0x8a>
20007ed2:	4656      	mov	r6, sl
20007ed4:	e004      	b.n	20007ee0 <_ntoa_long_long+0xc4>
20007ed6:	4656      	mov	r6, sl
20007ed8:	e002      	b.n	20007ee0 <_ntoa_long_long+0xc4>
20007eda:	2600      	movs	r6, #0
20007edc:	e000      	b.n	20007ee0 <_ntoa_long_long+0xc4>
20007ede:	4656      	mov	r6, sl
20007ee0:	9b26      	ldr	r3, [sp, #152]	@ 0x98
20007ee2:	9306      	str	r3, [sp, #24]
20007ee4:	9b25      	ldr	r3, [sp, #148]	@ 0x94
20007ee6:	9305      	str	r3, [sp, #20]
20007ee8:	9b24      	ldr	r3, [sp, #144]	@ 0x90
20007eea:	9304      	str	r3, [sp, #16]
20007eec:	4643      	mov	r3, r8
20007eee:	9303      	str	r3, [sp, #12]
20007ef0:	9b0b      	ldr	r3, [sp, #44]	@ 0x2c
20007ef2:	9302      	str	r3, [sp, #8]
20007ef4:	9601      	str	r6, [sp, #4]
20007ef6:	ab0c      	add	r3, sp, #48	@ 0x30
20007ef8:	9300      	str	r3, [sp, #0]
20007efa:	9b0a      	ldr	r3, [sp, #40]	@ 0x28
20007efc:	9a09      	ldr	r2, [sp, #36]	@ 0x24
20007efe:	9908      	ldr	r1, [sp, #32]
20007f00:	4658      	mov	r0, fp
20007f02:	f7ff fea4 	bl	20007c4e <_ntoa_format>
20007f06:	b015      	add	sp, #84	@ 0x54
20007f08:	bcf0      	pop	{r4, r5, r6, r7}
20007f0a:	46bb      	mov	fp, r7
20007f0c:	46b2      	mov	sl, r6
20007f0e:	46a9      	mov	r9, r5
20007f10:	46a0      	mov	r8, r4
20007f12:	bdf0      	pop	{r4, r5, r6, r7, pc}

20007f14 <_etoa>:
20007f14:	b5f0      	push	{r4, r5, r6, r7, lr}
20007f16:	46de      	mov	lr, fp
20007f18:	4657      	mov	r7, sl
20007f1a:	464e      	mov	r6, r9
20007f1c:	4645      	mov	r5, r8
20007f1e:	b5e0      	push	{r5, r6, r7, lr}
20007f20:	b095      	sub	sp, #84	@ 0x54
20007f22:	0004      	movs	r4, r0
20007f24:	468a      	mov	sl, r1
20007f26:	4693      	mov	fp, r2
20007f28:	4699      	mov	r9, r3
20007f2a:	9e1e      	ldr	r6, [sp, #120]	@ 0x78
20007f2c:	9f1f      	ldr	r7, [sp, #124]	@ 0x7c
20007f2e:	0032      	movs	r2, r6
20007f30:	003b      	movs	r3, r7
20007f32:	0030      	movs	r0, r6
20007f34:	0039      	movs	r1, r7
20007f36:	f7ff f91e 	bl	20007176 <__wrap___aeabi_dcmpun>
20007f3a:	2800      	cmp	r0, #0
20007f3c:	d000      	beq.n	20007f40 <_etoa+0x2c>
20007f3e:	e0fb      	b.n	20008138 <_etoa+0x224>
20007f40:	2201      	movs	r2, #1
20007f42:	4252      	negs	r2, r2
20007f44:	4bd6      	ldr	r3, [pc, #856]	@ (200082a0 <_etoa+0x38c>)
20007f46:	0030      	movs	r0, r6
20007f48:	0039      	movs	r1, r7
20007f4a:	f7ff f90f 	bl	2000716c <__wrap___aeabi_dcmpgt>
20007f4e:	2800      	cmp	r0, #0
20007f50:	d000      	beq.n	20007f54 <_etoa+0x40>
20007f52:	e0f1      	b.n	20008138 <_etoa+0x224>
20007f54:	2201      	movs	r2, #1
20007f56:	4252      	negs	r2, r2
20007f58:	4bd2      	ldr	r3, [pc, #840]	@ (200082a4 <_etoa+0x390>)
20007f5a:	0030      	movs	r0, r6
20007f5c:	0039      	movs	r1, r7
20007f5e:	f7ff f8ef 	bl	20007140 <__wrap___aeabi_dcmplt>
20007f62:	2800      	cmp	r0, #0
20007f64:	d000      	beq.n	20007f68 <_etoa+0x54>
20007f66:	e0e7      	b.n	20008138 <_etoa+0x224>
20007f68:	2200      	movs	r2, #0
20007f6a:	2300      	movs	r3, #0
20007f6c:	0030      	movs	r0, r6
20007f6e:	0039      	movs	r1, r7
20007f70:	f7ff f8e6 	bl	20007140 <__wrap___aeabi_dcmplt>
20007f74:	2800      	cmp	r0, #0
20007f76:	d000      	beq.n	20007f7a <_etoa+0x66>
20007f78:	e0f3      	b.n	20008162 <_etoa+0x24e>
20007f7a:	9606      	str	r6, [sp, #24]
20007f7c:	9707      	str	r7, [sp, #28]
20007f7e:	2380      	movs	r3, #128	@ 0x80
20007f80:	00db      	lsls	r3, r3, #3
20007f82:	9a22      	ldr	r2, [sp, #136]	@ 0x88
20007f84:	401a      	ands	r2, r3
20007f86:	9211      	str	r2, [sp, #68]	@ 0x44
20007f88:	9a22      	ldr	r2, [sp, #136]	@ 0x88
20007f8a:	421a      	tst	r2, r3
20007f8c:	d101      	bne.n	20007f92 <_etoa+0x7e>
20007f8e:	2306      	movs	r3, #6
20007f90:	9320      	str	r3, [sp, #128]	@ 0x80
20007f92:	9806      	ldr	r0, [sp, #24]
20007f94:	9907      	ldr	r1, [sp, #28]
20007f96:	0002      	movs	r2, r0
20007f98:	000b      	movs	r3, r1
20007f9a:	920a      	str	r2, [sp, #40]	@ 0x28
20007f9c:	930b      	str	r3, [sp, #44]	@ 0x2c
20007f9e:	0003      	movs	r3, r0
20007fa0:	000a      	movs	r2, r1
20007fa2:	4302      	orrs	r2, r0
20007fa4:	d100      	bne.n	20007fa8 <_etoa+0x94>
20007fa6:	e0e8      	b.n	2000817a <_etoa+0x266>
20007fa8:	0d08      	lsrs	r0, r1, #20
20007faa:	0540      	lsls	r0, r0, #21
20007fac:	0d40      	lsrs	r0, r0, #21
20007fae:	4dbe      	ldr	r5, [pc, #760]	@ (200082a8 <_etoa+0x394>)
20007fb0:	46ac      	mov	ip, r5
20007fb2:	4460      	add	r0, ip
20007fb4:	0005      	movs	r5, r0
20007fb6:	9807      	ldr	r0, [sp, #28]
20007fb8:	0302      	lsls	r2, r0, #12
20007fba:	0b12      	lsrs	r2, r2, #12
20007fbc:	2000      	movs	r0, #0
20007fbe:	2100      	movs	r1, #0
20007fc0:	9008      	str	r0, [sp, #32]
20007fc2:	9109      	str	r1, [sp, #36]	@ 0x24
20007fc4:	9308      	str	r3, [sp, #32]
20007fc6:	4bb9      	ldr	r3, [pc, #740]	@ (200082ac <_etoa+0x398>)
20007fc8:	4313      	orrs	r3, r2
20007fca:	9309      	str	r3, [sp, #36]	@ 0x24
20007fcc:	0028      	movs	r0, r5
20007fce:	f7ff f8e3 	bl	20007198 <__wrap___aeabi_i2d>
20007fd2:	4ab7      	ldr	r2, [pc, #732]	@ (200082b0 <_etoa+0x39c>)
20007fd4:	4bb7      	ldr	r3, [pc, #732]	@ (200082b4 <_etoa+0x3a0>)
20007fd6:	f7ff f870 	bl	200070ba <__wrap___aeabi_dmul>
20007fda:	4ab7      	ldr	r2, [pc, #732]	@ (200082b8 <_etoa+0x3a4>)
20007fdc:	4bb7      	ldr	r3, [pc, #732]	@ (200082bc <_etoa+0x3a8>)
20007fde:	f7ff f845 	bl	2000706c <__wrap___aeabi_dadd>
20007fe2:	900a      	str	r0, [sp, #40]	@ 0x28
20007fe4:	910b      	str	r1, [sp, #44]	@ 0x2c
20007fe6:	2200      	movs	r2, #0
20007fe8:	4bb5      	ldr	r3, [pc, #724]	@ (200082c0 <_etoa+0x3ac>)
20007fea:	9808      	ldr	r0, [sp, #32]
20007fec:	9909      	ldr	r1, [sp, #36]	@ 0x24
20007fee:	f7ff f834 	bl	2000705a <__wrap___aeabi_dsub>
20007ff2:	4ab4      	ldr	r2, [pc, #720]	@ (200082c4 <_etoa+0x3b0>)
20007ff4:	4bb4      	ldr	r3, [pc, #720]	@ (200082c8 <_etoa+0x3b4>)
20007ff6:	f7ff f860 	bl	200070ba <__wrap___aeabi_dmul>
20007ffa:	0002      	movs	r2, r0
20007ffc:	000b      	movs	r3, r1
20007ffe:	980a      	ldr	r0, [sp, #40]	@ 0x28
20008000:	990b      	ldr	r1, [sp, #44]	@ 0x2c
20008002:	f7ff f833 	bl	2000706c <__wrap___aeabi_dadd>
20008006:	f7ff f8df 	bl	200071c8 <__wrap___aeabi_d2iz>
2000800a:	4680      	mov	r8, r0
2000800c:	9008      	str	r0, [sp, #32]
2000800e:	f7ff f8c3 	bl	20007198 <__wrap___aeabi_i2d>
20008012:	4aae      	ldr	r2, [pc, #696]	@ (200082cc <_etoa+0x3b8>)
20008014:	4bae      	ldr	r3, [pc, #696]	@ (200082d0 <_etoa+0x3bc>)
20008016:	900a      	str	r0, [sp, #40]	@ 0x28
20008018:	910b      	str	r1, [sp, #44]	@ 0x2c
2000801a:	f7ff f84e 	bl	200070ba <__wrap___aeabi_dmul>
2000801e:	2200      	movs	r2, #0
20008020:	4bac      	ldr	r3, [pc, #688]	@ (200082d4 <_etoa+0x3c0>)
20008022:	f7ff f823 	bl	2000706c <__wrap___aeabi_dadd>
20008026:	f7ff f8cf 	bl	200071c8 <__wrap___aeabi_d2iz>
2000802a:	0005      	movs	r5, r0
2000802c:	4aaa      	ldr	r2, [pc, #680]	@ (200082d8 <_etoa+0x3c4>)
2000802e:	4bab      	ldr	r3, [pc, #684]	@ (200082dc <_etoa+0x3c8>)
20008030:	980a      	ldr	r0, [sp, #40]	@ 0x28
20008032:	990b      	ldr	r1, [sp, #44]	@ 0x2c
20008034:	f7ff f841 	bl	200070ba <__wrap___aeabi_dmul>
20008038:	900a      	str	r0, [sp, #40]	@ 0x28
2000803a:	910b      	str	r1, [sp, #44]	@ 0x2c
2000803c:	0028      	movs	r0, r5
2000803e:	f7ff f8ab 	bl	20007198 <__wrap___aeabi_i2d>
20008042:	4aa7      	ldr	r2, [pc, #668]	@ (200082e0 <_etoa+0x3cc>)
20008044:	4ba7      	ldr	r3, [pc, #668]	@ (200082e4 <_etoa+0x3d0>)
20008046:	f7ff f838 	bl	200070ba <__wrap___aeabi_dmul>
2000804a:	0002      	movs	r2, r0
2000804c:	000b      	movs	r3, r1
2000804e:	980a      	ldr	r0, [sp, #40]	@ 0x28
20008050:	990b      	ldr	r1, [sp, #44]	@ 0x2c
20008052:	f7ff f802 	bl	2000705a <__wrap___aeabi_dsub>
20008056:	0002      	movs	r2, r0
20008058:	000b      	movs	r3, r1
2000805a:	900a      	str	r0, [sp, #40]	@ 0x28
2000805c:	910b      	str	r1, [sp, #44]	@ 0x2c
2000805e:	f7ff f82c 	bl	200070ba <__wrap___aeabi_dmul>
20008062:	900e      	str	r0, [sp, #56]	@ 0x38
20008064:	910f      	str	r1, [sp, #60]	@ 0x3c
20008066:	002b      	movs	r3, r5
20008068:	4d9f      	ldr	r5, [pc, #636]	@ (200082e8 <_etoa+0x3d4>)
2000806a:	46ac      	mov	ip, r5
2000806c:	4463      	add	r3, ip
2000806e:	2100      	movs	r1, #0
20008070:	2200      	movs	r2, #0
20008072:	910c      	str	r1, [sp, #48]	@ 0x30
20008074:	920d      	str	r2, [sp, #52]	@ 0x34
20008076:	051b      	lsls	r3, r3, #20
20008078:	930d      	str	r3, [sp, #52]	@ 0x34
2000807a:	2300      	movs	r3, #0
2000807c:	930c      	str	r3, [sp, #48]	@ 0x30
2000807e:	980a      	ldr	r0, [sp, #40]	@ 0x28
20008080:	990b      	ldr	r1, [sp, #44]	@ 0x2c
20008082:	0002      	movs	r2, r0
20008084:	000b      	movs	r3, r1
20008086:	f7fe fff1 	bl	2000706c <__wrap___aeabi_dadd>
2000808a:	9012      	str	r0, [sp, #72]	@ 0x48
2000808c:	9113      	str	r1, [sp, #76]	@ 0x4c
2000808e:	9a0a      	ldr	r2, [sp, #40]	@ 0x28
20008090:	9b0b      	ldr	r3, [sp, #44]	@ 0x2c
20008092:	2000      	movs	r0, #0
20008094:	2180      	movs	r1, #128	@ 0x80
20008096:	05c9      	lsls	r1, r1, #23
20008098:	f7fe ffdf 	bl	2000705a <__wrap___aeabi_dsub>
2000809c:	900a      	str	r0, [sp, #40]	@ 0x28
2000809e:	910b      	str	r1, [sp, #44]	@ 0x2c
200080a0:	2200      	movs	r2, #0
200080a2:	4b92      	ldr	r3, [pc, #584]	@ (200082ec <_etoa+0x3d8>)
200080a4:	980e      	ldr	r0, [sp, #56]	@ 0x38
200080a6:	990f      	ldr	r1, [sp, #60]	@ 0x3c
200080a8:	f7fe ffe9 	bl	2000707e <__wrap___aeabi_ddiv>
200080ac:	2200      	movs	r2, #0
200080ae:	4b90      	ldr	r3, [pc, #576]	@ (200082f0 <_etoa+0x3dc>)
200080b0:	f7fe ffdc 	bl	2000706c <__wrap___aeabi_dadd>
200080b4:	0002      	movs	r2, r0
200080b6:	000b      	movs	r3, r1
200080b8:	980e      	ldr	r0, [sp, #56]	@ 0x38
200080ba:	990f      	ldr	r1, [sp, #60]	@ 0x3c
200080bc:	f7fe ffdf 	bl	2000707e <__wrap___aeabi_ddiv>
200080c0:	2200      	movs	r2, #0
200080c2:	4b8c      	ldr	r3, [pc, #560]	@ (200082f4 <_etoa+0x3e0>)
200080c4:	f7fe ffd2 	bl	2000706c <__wrap___aeabi_dadd>
200080c8:	0002      	movs	r2, r0
200080ca:	000b      	movs	r3, r1
200080cc:	980e      	ldr	r0, [sp, #56]	@ 0x38
200080ce:	990f      	ldr	r1, [sp, #60]	@ 0x3c
200080d0:	f7fe ffd5 	bl	2000707e <__wrap___aeabi_ddiv>
200080d4:	0002      	movs	r2, r0
200080d6:	000b      	movs	r3, r1
200080d8:	980a      	ldr	r0, [sp, #40]	@ 0x28
200080da:	990b      	ldr	r1, [sp, #44]	@ 0x2c
200080dc:	f7fe ffc6 	bl	2000706c <__wrap___aeabi_dadd>
200080e0:	0002      	movs	r2, r0
200080e2:	000b      	movs	r3, r1
200080e4:	9812      	ldr	r0, [sp, #72]	@ 0x48
200080e6:	9913      	ldr	r1, [sp, #76]	@ 0x4c
200080e8:	f7fe ffc9 	bl	2000707e <__wrap___aeabi_ddiv>
200080ec:	2200      	movs	r2, #0
200080ee:	4b6f      	ldr	r3, [pc, #444]	@ (200082ac <_etoa+0x398>)
200080f0:	f7fe ffbc 	bl	2000706c <__wrap___aeabi_dadd>
200080f4:	9a0c      	ldr	r2, [sp, #48]	@ 0x30
200080f6:	9b0d      	ldr	r3, [sp, #52]	@ 0x34
200080f8:	f7fe ffdf 	bl	200070ba <__wrap___aeabi_dmul>
200080fc:	0002      	movs	r2, r0
200080fe:	000b      	movs	r3, r1
20008100:	920a      	str	r2, [sp, #40]	@ 0x28
20008102:	930b      	str	r3, [sp, #44]	@ 0x2c
20008104:	9a06      	ldr	r2, [sp, #24]
20008106:	9b07      	ldr	r3, [sp, #28]
20008108:	900c      	str	r0, [sp, #48]	@ 0x30
2000810a:	910d      	str	r1, [sp, #52]	@ 0x34
2000810c:	f7ff f82e 	bl	2000716c <__wrap___aeabi_dcmpgt>
20008110:	2800      	cmp	r0, #0
20008112:	d00a      	beq.n	2000812a <_etoa+0x216>
20008114:	4643      	mov	r3, r8
20008116:	3b01      	subs	r3, #1
20008118:	9308      	str	r3, [sp, #32]
2000811a:	2200      	movs	r2, #0
2000811c:	4b74      	ldr	r3, [pc, #464]	@ (200082f0 <_etoa+0x3dc>)
2000811e:	980c      	ldr	r0, [sp, #48]	@ 0x30
20008120:	990d      	ldr	r1, [sp, #52]	@ 0x34
20008122:	f7fe ffac 	bl	2000707e <__wrap___aeabi_ddiv>
20008126:	900a      	str	r0, [sp, #40]	@ 0x28
20008128:	910b      	str	r1, [sp, #44]	@ 0x2c
2000812a:	9b08      	ldr	r3, [sp, #32]
2000812c:	3363      	adds	r3, #99	@ 0x63
2000812e:	2bc6      	cmp	r3, #198	@ 0xc6
20008130:	d849      	bhi.n	200081c6 <_etoa+0x2b2>
20008132:	2304      	movs	r3, #4
20008134:	001d      	movs	r5, r3
20008136:	e024      	b.n	20008182 <_etoa+0x26e>
20008138:	9b22      	ldr	r3, [sp, #136]	@ 0x88
2000813a:	9304      	str	r3, [sp, #16]
2000813c:	9b21      	ldr	r3, [sp, #132]	@ 0x84
2000813e:	9303      	str	r3, [sp, #12]
20008140:	9b20      	ldr	r3, [sp, #128]	@ 0x80
20008142:	9302      	str	r3, [sp, #8]
20008144:	9600      	str	r6, [sp, #0]
20008146:	9701      	str	r7, [sp, #4]
20008148:	464b      	mov	r3, r9
2000814a:	465a      	mov	r2, fp
2000814c:	4651      	mov	r1, sl
2000814e:	0020      	movs	r0, r4
20008150:	f000 f904 	bl	2000835c <_ftoa>
20008154:	b015      	add	sp, #84	@ 0x54
20008156:	bcf0      	pop	{r4, r5, r6, r7}
20008158:	46bb      	mov	fp, r7
2000815a:	46b2      	mov	sl, r6
2000815c:	46a9      	mov	r9, r5
2000815e:	46a0      	mov	r8, r4
20008160:	bdf0      	pop	{r4, r5, r6, r7, pc}
20008162:	2100      	movs	r1, #0
20008164:	2200      	movs	r2, #0
20008166:	9106      	str	r1, [sp, #24]
20008168:	9207      	str	r2, [sp, #28]
2000816a:	9606      	str	r6, [sp, #24]
2000816c:	2380      	movs	r3, #128	@ 0x80
2000816e:	061b      	lsls	r3, r3, #24
20008170:	469c      	mov	ip, r3
20008172:	44bc      	add	ip, r7
20008174:	4663      	mov	r3, ip
20008176:	9307      	str	r3, [sp, #28]
20008178:	e701      	b.n	20007f7e <_etoa+0x6a>
2000817a:	2300      	movs	r3, #0
2000817c:	9308      	str	r3, [sp, #32]
2000817e:	3304      	adds	r3, #4
20008180:	001d      	movs	r5, r3
20008182:	9b22      	ldr	r3, [sp, #136]	@ 0x88
20008184:	051b      	lsls	r3, r3, #20
20008186:	d52b      	bpl.n	200081e0 <_etoa+0x2cc>
20008188:	9a0a      	ldr	r2, [sp, #40]	@ 0x28
2000818a:	9b0b      	ldr	r3, [sp, #44]	@ 0x2c
2000818c:	0019      	movs	r1, r3
2000818e:	4311      	orrs	r1, r2
20008190:	d011      	beq.n	200081b6 <_etoa+0x2a2>
20008192:	4a59      	ldr	r2, [pc, #356]	@ (200082f8 <_etoa+0x3e4>)
20008194:	4b59      	ldr	r3, [pc, #356]	@ (200082fc <_etoa+0x3e8>)
20008196:	9806      	ldr	r0, [sp, #24]
20008198:	9907      	ldr	r1, [sp, #28]
2000819a:	f7fe ffdf 	bl	2000715c <__wrap___aeabi_dcmpge>
2000819e:	2800      	cmp	r0, #0
200081a0:	d100      	bne.n	200081a4 <_etoa+0x290>
200081a2:	e0b1      	b.n	20008308 <_etoa+0x3f4>
200081a4:	2200      	movs	r2, #0
200081a6:	4b56      	ldr	r3, [pc, #344]	@ (20008300 <_etoa+0x3ec>)
200081a8:	9806      	ldr	r0, [sp, #24]
200081aa:	9907      	ldr	r1, [sp, #28]
200081ac:	f7fe ffc8 	bl	20007140 <__wrap___aeabi_dcmplt>
200081b0:	2800      	cmp	r0, #0
200081b2:	d100      	bne.n	200081b6 <_etoa+0x2a2>
200081b4:	e0a8      	b.n	20008308 <_etoa+0x3f4>
200081b6:	9a20      	ldr	r2, [sp, #128]	@ 0x80
200081b8:	9b08      	ldr	r3, [sp, #32]
200081ba:	429a      	cmp	r2, r3
200081bc:	dd06      	ble.n	200081cc <_etoa+0x2b8>
200081be:	1ad3      	subs	r3, r2, r3
200081c0:	3b01      	subs	r3, #1
200081c2:	9320      	str	r3, [sp, #128]	@ 0x80
200081c4:	e004      	b.n	200081d0 <_etoa+0x2bc>
200081c6:	2305      	movs	r3, #5
200081c8:	001d      	movs	r5, r3
200081ca:	e7da      	b.n	20008182 <_etoa+0x26e>
200081cc:	2300      	movs	r3, #0
200081ce:	9320      	str	r3, [sp, #128]	@ 0x80
200081d0:	2380      	movs	r3, #128	@ 0x80
200081d2:	00db      	lsls	r3, r3, #3
200081d4:	9a22      	ldr	r2, [sp, #136]	@ 0x88
200081d6:	431a      	orrs	r2, r3
200081d8:	9222      	str	r2, [sp, #136]	@ 0x88
200081da:	2300      	movs	r3, #0
200081dc:	001d      	movs	r5, r3
200081de:	9308      	str	r3, [sp, #32]
200081e0:	9a21      	ldr	r2, [sp, #132]	@ 0x84
200081e2:	4295      	cmp	r5, r2
200081e4:	d300      	bcc.n	200081e8 <_etoa+0x2d4>
200081e6:	e09b      	b.n	20008320 <_etoa+0x40c>
200081e8:	1b53      	subs	r3, r2, r5
200081ea:	4698      	mov	r8, r3
200081ec:	2302      	movs	r3, #2
200081ee:	9a22      	ldr	r2, [sp, #136]	@ 0x88
200081f0:	401a      	ands	r2, r3
200081f2:	920c      	str	r2, [sp, #48]	@ 0x30
200081f4:	9a22      	ldr	r2, [sp, #136]	@ 0x88
200081f6:	4213      	tst	r3, r2
200081f8:	d003      	beq.n	20008202 <_etoa+0x2ee>
200081fa:	2d00      	cmp	r5, #0
200081fc:	d001      	beq.n	20008202 <_etoa+0x2ee>
200081fe:	2300      	movs	r3, #0
20008200:	4698      	mov	r8, r3
20008202:	9b08      	ldr	r3, [sp, #32]
20008204:	2b00      	cmp	r3, #0
20008206:	d007      	beq.n	20008218 <_etoa+0x304>
20008208:	9a0a      	ldr	r2, [sp, #40]	@ 0x28
2000820a:	9b0b      	ldr	r3, [sp, #44]	@ 0x2c
2000820c:	9806      	ldr	r0, [sp, #24]
2000820e:	9907      	ldr	r1, [sp, #28]
20008210:	f7fe ff35 	bl	2000707e <__wrap___aeabi_ddiv>
20008214:	9006      	str	r0, [sp, #24]
20008216:	9107      	str	r1, [sp, #28]
20008218:	2200      	movs	r2, #0
2000821a:	2300      	movs	r3, #0
2000821c:	0030      	movs	r0, r6
2000821e:	0039      	movs	r1, r7
20008220:	f7fe ff8e 	bl	20007140 <__wrap___aeabi_dcmplt>
20008224:	2800      	cmp	r0, #0
20008226:	d000      	beq.n	2000822a <_etoa+0x316>
20008228:	e07d      	b.n	20008326 <_etoa+0x412>
2000822a:	4b36      	ldr	r3, [pc, #216]	@ (20008304 <_etoa+0x3f0>)
2000822c:	9a22      	ldr	r2, [sp, #136]	@ 0x88
2000822e:	4013      	ands	r3, r2
20008230:	9304      	str	r3, [sp, #16]
20008232:	4643      	mov	r3, r8
20008234:	9303      	str	r3, [sp, #12]
20008236:	9b20      	ldr	r3, [sp, #128]	@ 0x80
20008238:	9302      	str	r3, [sp, #8]
2000823a:	9a06      	ldr	r2, [sp, #24]
2000823c:	9b07      	ldr	r3, [sp, #28]
2000823e:	9200      	str	r2, [sp, #0]
20008240:	9301      	str	r3, [sp, #4]
20008242:	464b      	mov	r3, r9
20008244:	465a      	mov	r2, fp
20008246:	4651      	mov	r1, sl
20008248:	0020      	movs	r0, r4
2000824a:	f000 f887 	bl	2000835c <_ftoa>
2000824e:	2d00      	cmp	r5, #0
20008250:	d100      	bne.n	20008254 <_etoa+0x340>
20008252:	e77f      	b.n	20008154 <_etoa+0x240>
20008254:	9b22      	ldr	r3, [sp, #136]	@ 0x88
20008256:	069b      	lsls	r3, r3, #26
20008258:	d571      	bpl.n	2000833e <_etoa+0x42a>
2000825a:	2745      	movs	r7, #69	@ 0x45
2000825c:	1c46      	adds	r6, r0, #1
2000825e:	464b      	mov	r3, r9
20008260:	0002      	movs	r2, r0
20008262:	4651      	mov	r1, sl
20008264:	0038      	movs	r0, r7
20008266:	47a0      	blx	r4
20008268:	9808      	ldr	r0, [sp, #32]
2000826a:	17c3      	asrs	r3, r0, #31
2000826c:	18c2      	adds	r2, r0, r3
2000826e:	405a      	eors	r2, r3
20008270:	2305      	movs	r3, #5
20008272:	9305      	str	r3, [sp, #20]
20008274:	3d01      	subs	r5, #1
20008276:	9504      	str	r5, [sp, #16]
20008278:	2300      	movs	r3, #0
2000827a:	9303      	str	r3, [sp, #12]
2000827c:	330a      	adds	r3, #10
2000827e:	9302      	str	r3, [sp, #8]
20008280:	0fc3      	lsrs	r3, r0, #31
20008282:	9301      	str	r3, [sp, #4]
20008284:	9200      	str	r2, [sp, #0]
20008286:	464b      	mov	r3, r9
20008288:	0032      	movs	r2, r6
2000828a:	4651      	mov	r1, sl
2000828c:	0020      	movs	r0, r4
2000828e:	f7ff fd69 	bl	20007d64 <_ntoa_long>
20008292:	9b0c      	ldr	r3, [sp, #48]	@ 0x30
20008294:	2b00      	cmp	r3, #0
20008296:	d100      	bne.n	2000829a <_etoa+0x386>
20008298:	e75c      	b.n	20008154 <_etoa+0x240>
2000829a:	0002      	movs	r2, r0
2000829c:	9f21      	ldr	r7, [sp, #132]	@ 0x84
2000829e:	e056      	b.n	2000834e <_etoa+0x43a>
200082a0:	7fefffff 	.word	0x7fefffff
200082a4:	ffefffff 	.word	0xffefffff
200082a8:	fffffc01 	.word	0xfffffc01
200082ac:	3ff00000 	.word	0x3ff00000
200082b0:	509f79fb 	.word	0x509f79fb
200082b4:	3fd34413 	.word	0x3fd34413
200082b8:	8b60c8b3 	.word	0x8b60c8b3
200082bc:	3fc68a28 	.word	0x3fc68a28
200082c0:	3ff80000 	.word	0x3ff80000
200082c4:	636f4361 	.word	0x636f4361
200082c8:	3fd287a7 	.word	0x3fd287a7
200082cc:	0979a371 	.word	0x0979a371
200082d0:	400a934f 	.word	0x400a934f
200082d4:	3fe00000 	.word	0x3fe00000
200082d8:	bbb55516 	.word	0xbbb55516
200082dc:	40026bb1 	.word	0x40026bb1
200082e0:	fefa39ef 	.word	0xfefa39ef
200082e4:	3fe62e42 	.word	0x3fe62e42
200082e8:	000003ff 	.word	0x000003ff
200082ec:	402c0000 	.word	0x402c0000
200082f0:	40240000 	.word	0x40240000
200082f4:	40180000 	.word	0x40180000
200082f8:	eb1c432d 	.word	0xeb1c432d
200082fc:	3f1a36e2 	.word	0x3f1a36e2
20008300:	412e8480 	.word	0x412e8480
20008304:	fffff7ff 	.word	0xfffff7ff
20008308:	9b20      	ldr	r3, [sp, #128]	@ 0x80
2000830a:	2b00      	cmp	r3, #0
2000830c:	d100      	bne.n	20008310 <_etoa+0x3fc>
2000830e:	e767      	b.n	200081e0 <_etoa+0x2cc>
20008310:	9b11      	ldr	r3, [sp, #68]	@ 0x44
20008312:	2b00      	cmp	r3, #0
20008314:	d100      	bne.n	20008318 <_etoa+0x404>
20008316:	e763      	b.n	200081e0 <_etoa+0x2cc>
20008318:	9b20      	ldr	r3, [sp, #128]	@ 0x80
2000831a:	3b01      	subs	r3, #1
2000831c:	9320      	str	r3, [sp, #128]	@ 0x80
2000831e:	e75f      	b.n	200081e0 <_etoa+0x2cc>
20008320:	2300      	movs	r3, #0
20008322:	4698      	mov	r8, r3
20008324:	e762      	b.n	200081ec <_etoa+0x2d8>
20008326:	9e06      	ldr	r6, [sp, #24]
20008328:	9f07      	ldr	r7, [sp, #28]
2000832a:	0032      	movs	r2, r6
2000832c:	0039      	movs	r1, r7
2000832e:	2080      	movs	r0, #128	@ 0x80
20008330:	0600      	lsls	r0, r0, #24
20008332:	4684      	mov	ip, r0
20008334:	4461      	add	r1, ip
20008336:	000b      	movs	r3, r1
20008338:	9206      	str	r2, [sp, #24]
2000833a:	9307      	str	r3, [sp, #28]
2000833c:	e775      	b.n	2000822a <_etoa+0x316>
2000833e:	2765      	movs	r7, #101	@ 0x65
20008340:	e78c      	b.n	2000825c <_etoa+0x348>
20008342:	1c56      	adds	r6, r2, #1
20008344:	464b      	mov	r3, r9
20008346:	4651      	mov	r1, sl
20008348:	2020      	movs	r0, #32
2000834a:	47a0      	blx	r4
2000834c:	0032      	movs	r2, r6
2000834e:	465b      	mov	r3, fp
20008350:	1ad3      	subs	r3, r2, r3
20008352:	42bb      	cmp	r3, r7
20008354:	d3f5      	bcc.n	20008342 <_etoa+0x42e>
20008356:	0010      	movs	r0, r2
20008358:	e6fc      	b.n	20008154 <_etoa+0x240>
2000835a:	46c0      	nop			@ (mov r8, r8)

2000835c <_ftoa>:
2000835c:	b5f0      	push	{r4, r5, r6, r7, lr}
2000835e:	46de      	mov	lr, fp
20008360:	4657      	mov	r7, sl
20008362:	464e      	mov	r6, r9
20008364:	4645      	mov	r5, r8
20008366:	b5e0      	push	{r5, r6, r7, lr}
20008368:	b095      	sub	sp, #84	@ 0x54
2000836a:	4681      	mov	r9, r0
2000836c:	468a      	mov	sl, r1
2000836e:	4693      	mov	fp, r2
20008370:	930a      	str	r3, [sp, #40]	@ 0x28
20008372:	9f20      	ldr	r7, [sp, #128]	@ 0x80
20008374:	9a1e      	ldr	r2, [sp, #120]	@ 0x78
20008376:	9b1f      	ldr	r3, [sp, #124]	@ 0x7c
20008378:	0010      	movs	r0, r2
2000837a:	0019      	movs	r1, r3
2000837c:	f7fe fefb 	bl	20007176 <__wrap___aeabi_dcmpun>
20008380:	2800      	cmp	r0, #0
20008382:	d131      	bne.n	200083e8 <_ftoa+0x8c>
20008384:	2201      	movs	r2, #1
20008386:	4252      	negs	r2, r2
20008388:	4bba      	ldr	r3, [pc, #744]	@ (20008674 <_ftoa+0x318>)
2000838a:	981e      	ldr	r0, [sp, #120]	@ 0x78
2000838c:	991f      	ldr	r1, [sp, #124]	@ 0x7c
2000838e:	f7fe fed7 	bl	20007140 <__wrap___aeabi_dcmplt>
20008392:	2800      	cmp	r0, #0
20008394:	d137      	bne.n	20008406 <_ftoa+0xaa>
20008396:	2201      	movs	r2, #1
20008398:	4252      	negs	r2, r2
2000839a:	4bb7      	ldr	r3, [pc, #732]	@ (20008678 <_ftoa+0x31c>)
2000839c:	981e      	ldr	r0, [sp, #120]	@ 0x78
2000839e:	991f      	ldr	r1, [sp, #124]	@ 0x7c
200083a0:	f7fe fee4 	bl	2000716c <__wrap___aeabi_dcmpgt>
200083a4:	2800      	cmp	r0, #0
200083a6:	d13d      	bne.n	20008424 <_ftoa+0xc8>
200083a8:	2200      	movs	r2, #0
200083aa:	4bb4      	ldr	r3, [pc, #720]	@ (2000867c <_ftoa+0x320>)
200083ac:	981e      	ldr	r0, [sp, #120]	@ 0x78
200083ae:	991f      	ldr	r1, [sp, #124]	@ 0x7c
200083b0:	f7fe fedc 	bl	2000716c <__wrap___aeabi_dcmpgt>
200083b4:	2800      	cmp	r0, #0
200083b6:	d14a      	bne.n	2000844e <_ftoa+0xf2>
200083b8:	2200      	movs	r2, #0
200083ba:	4bb1      	ldr	r3, [pc, #708]	@ (20008680 <_ftoa+0x324>)
200083bc:	981e      	ldr	r0, [sp, #120]	@ 0x78
200083be:	991f      	ldr	r1, [sp, #124]	@ 0x7c
200083c0:	f7fe febe 	bl	20007140 <__wrap___aeabi_dcmplt>
200083c4:	2800      	cmp	r0, #0
200083c6:	d142      	bne.n	2000844e <_ftoa+0xf2>
200083c8:	2200      	movs	r2, #0
200083ca:	2300      	movs	r3, #0
200083cc:	981e      	ldr	r0, [sp, #120]	@ 0x78
200083ce:	991f      	ldr	r1, [sp, #124]	@ 0x7c
200083d0:	f7fe feb6 	bl	20007140 <__wrap___aeabi_dcmplt>
200083d4:	2800      	cmp	r0, #0
200083d6:	d14a      	bne.n	2000846e <_ftoa+0x112>
200083d8:	2300      	movs	r3, #0
200083da:	930b      	str	r3, [sp, #44]	@ 0x2c
200083dc:	9b22      	ldr	r3, [sp, #136]	@ 0x88
200083de:	055b      	lsls	r3, r3, #21
200083e0:	d400      	bmi.n	200083e4 <_ftoa+0x88>
200083e2:	e0af      	b.n	20008544 <_ftoa+0x1e8>
200083e4:	2400      	movs	r4, #0
200083e6:	e052      	b.n	2000848e <_ftoa+0x132>
200083e8:	9b22      	ldr	r3, [sp, #136]	@ 0x88
200083ea:	9303      	str	r3, [sp, #12]
200083ec:	9b21      	ldr	r3, [sp, #132]	@ 0x84
200083ee:	9302      	str	r3, [sp, #8]
200083f0:	2303      	movs	r3, #3
200083f2:	9301      	str	r3, [sp, #4]
200083f4:	4ba3      	ldr	r3, [pc, #652]	@ (20008684 <_ftoa+0x328>)
200083f6:	9300      	str	r3, [sp, #0]
200083f8:	9b0a      	ldr	r3, [sp, #40]	@ 0x28
200083fa:	465a      	mov	r2, fp
200083fc:	4651      	mov	r1, sl
200083fe:	4648      	mov	r0, r9
20008400:	f7ff fbc8 	bl	20007b94 <_out_rev>
20008404:	e11f      	b.n	20008646 <_ftoa+0x2ea>
20008406:	9b22      	ldr	r3, [sp, #136]	@ 0x88
20008408:	9303      	str	r3, [sp, #12]
2000840a:	9b21      	ldr	r3, [sp, #132]	@ 0x84
2000840c:	9302      	str	r3, [sp, #8]
2000840e:	2304      	movs	r3, #4
20008410:	9301      	str	r3, [sp, #4]
20008412:	4b9d      	ldr	r3, [pc, #628]	@ (20008688 <_ftoa+0x32c>)
20008414:	9300      	str	r3, [sp, #0]
20008416:	9b0a      	ldr	r3, [sp, #40]	@ 0x28
20008418:	465a      	mov	r2, fp
2000841a:	4651      	mov	r1, sl
2000841c:	4648      	mov	r0, r9
2000841e:	f7ff fbb9 	bl	20007b94 <_out_rev>
20008422:	e110      	b.n	20008646 <_ftoa+0x2ea>
20008424:	9b22      	ldr	r3, [sp, #136]	@ 0x88
20008426:	075b      	lsls	r3, r3, #29
20008428:	d50e      	bpl.n	20008448 <_ftoa+0xec>
2000842a:	4b98      	ldr	r3, [pc, #608]	@ (2000868c <_ftoa+0x330>)
2000842c:	2204      	movs	r2, #4
2000842e:	9922      	ldr	r1, [sp, #136]	@ 0x88
20008430:	9103      	str	r1, [sp, #12]
20008432:	9921      	ldr	r1, [sp, #132]	@ 0x84
20008434:	9102      	str	r1, [sp, #8]
20008436:	9201      	str	r2, [sp, #4]
20008438:	9300      	str	r3, [sp, #0]
2000843a:	9b0a      	ldr	r3, [sp, #40]	@ 0x28
2000843c:	465a      	mov	r2, fp
2000843e:	4651      	mov	r1, sl
20008440:	4648      	mov	r0, r9
20008442:	f7ff fba7 	bl	20007b94 <_out_rev>
20008446:	e0fe      	b.n	20008646 <_ftoa+0x2ea>
20008448:	4b91      	ldr	r3, [pc, #580]	@ (20008690 <_ftoa+0x334>)
2000844a:	2203      	movs	r2, #3
2000844c:	e7ef      	b.n	2000842e <_ftoa+0xd2>
2000844e:	9b22      	ldr	r3, [sp, #136]	@ 0x88
20008450:	9304      	str	r3, [sp, #16]
20008452:	9b21      	ldr	r3, [sp, #132]	@ 0x84
20008454:	9303      	str	r3, [sp, #12]
20008456:	9702      	str	r7, [sp, #8]
20008458:	9b1e      	ldr	r3, [sp, #120]	@ 0x78
2000845a:	9c1f      	ldr	r4, [sp, #124]	@ 0x7c
2000845c:	9300      	str	r3, [sp, #0]
2000845e:	9401      	str	r4, [sp, #4]
20008460:	9b0a      	ldr	r3, [sp, #40]	@ 0x28
20008462:	465a      	mov	r2, fp
20008464:	4651      	mov	r1, sl
20008466:	4648      	mov	r0, r9
20008468:	f7ff fd54 	bl	20007f14 <_etoa>
2000846c:	e0eb      	b.n	20008646 <_ftoa+0x2ea>
2000846e:	9a1e      	ldr	r2, [sp, #120]	@ 0x78
20008470:	9b1f      	ldr	r3, [sp, #124]	@ 0x7c
20008472:	2000      	movs	r0, #0
20008474:	2100      	movs	r1, #0
20008476:	f7fe fdf0 	bl	2000705a <__wrap___aeabi_dsub>
2000847a:	901e      	str	r0, [sp, #120]	@ 0x78
2000847c:	911f      	str	r1, [sp, #124]	@ 0x7c
2000847e:	2301      	movs	r3, #1
20008480:	930b      	str	r3, [sp, #44]	@ 0x2c
20008482:	e7ab      	b.n	200083dc <_ftoa+0x80>
20008484:	ab0c      	add	r3, sp, #48	@ 0x30
20008486:	2230      	movs	r2, #48	@ 0x30
20008488:	551a      	strb	r2, [r3, r4]
2000848a:	3f01      	subs	r7, #1
2000848c:	3401      	adds	r4, #1
2000848e:	2c1f      	cmp	r4, #31
20008490:	d801      	bhi.n	20008496 <_ftoa+0x13a>
20008492:	2f09      	cmp	r7, #9
20008494:	d8f6      	bhi.n	20008484 <_ftoa+0x128>
20008496:	981e      	ldr	r0, [sp, #120]	@ 0x78
20008498:	991f      	ldr	r1, [sp, #124]	@ 0x7c
2000849a:	f7fe fe95 	bl	200071c8 <__wrap___aeabi_d2iz>
2000849e:	0005      	movs	r5, r0
200084a0:	f7fe fe7a 	bl	20007198 <__wrap___aeabi_i2d>
200084a4:	0002      	movs	r2, r0
200084a6:	000b      	movs	r3, r1
200084a8:	981e      	ldr	r0, [sp, #120]	@ 0x78
200084aa:	991f      	ldr	r1, [sp, #124]	@ 0x7c
200084ac:	f7fe fdd5 	bl	2000705a <__wrap___aeabi_dsub>
200084b0:	4b78      	ldr	r3, [pc, #480]	@ (20008694 <_ftoa+0x338>)
200084b2:	00fa      	lsls	r2, r7, #3
200084b4:	189b      	adds	r3, r3, r2
200084b6:	cb0c      	ldmia	r3, {r2, r3}
200084b8:	9208      	str	r2, [sp, #32]
200084ba:	9309      	str	r3, [sp, #36]	@ 0x24
200084bc:	f7fe fdfd 	bl	200070ba <__wrap___aeabi_dmul>
200084c0:	9006      	str	r0, [sp, #24]
200084c2:	9107      	str	r1, [sp, #28]
200084c4:	f7fe fea4 	bl	20007210 <__wrap___aeabi_d2uiz>
200084c8:	0006      	movs	r6, r0
200084ca:	f7fe fe61 	bl	20007190 <__wrap___aeabi_ui2d>
200084ce:	0002      	movs	r2, r0
200084d0:	000b      	movs	r3, r1
200084d2:	9806      	ldr	r0, [sp, #24]
200084d4:	9907      	ldr	r1, [sp, #28]
200084d6:	f7fe fdc0 	bl	2000705a <__wrap___aeabi_dsub>
200084da:	9006      	str	r0, [sp, #24]
200084dc:	9107      	str	r1, [sp, #28]
200084de:	2200      	movs	r2, #0
200084e0:	4b6d      	ldr	r3, [pc, #436]	@ (20008698 <_ftoa+0x33c>)
200084e2:	f7fe fe43 	bl	2000716c <__wrap___aeabi_dcmpgt>
200084e6:	2800      	cmp	r0, #0
200084e8:	d02e      	beq.n	20008548 <_ftoa+0x1ec>
200084ea:	3601      	adds	r6, #1
200084ec:	0030      	movs	r0, r6
200084ee:	f7fe fe4f 	bl	20007190 <__wrap___aeabi_ui2d>
200084f2:	0002      	movs	r2, r0
200084f4:	000b      	movs	r3, r1
200084f6:	9808      	ldr	r0, [sp, #32]
200084f8:	9909      	ldr	r1, [sp, #36]	@ 0x24
200084fa:	f7fe fe27 	bl	2000714c <__wrap___aeabi_dcmple>
200084fe:	2800      	cmp	r0, #0
20008500:	d001      	beq.n	20008506 <_ftoa+0x1aa>
20008502:	3501      	adds	r5, #1
20008504:	2600      	movs	r6, #0
20008506:	2f00      	cmp	r7, #0
20008508:	d12c      	bne.n	20008564 <_ftoa+0x208>
2000850a:	0028      	movs	r0, r5
2000850c:	f7fe fe44 	bl	20007198 <__wrap___aeabi_i2d>
20008510:	0002      	movs	r2, r0
20008512:	000b      	movs	r3, r1
20008514:	981e      	ldr	r0, [sp, #120]	@ 0x78
20008516:	991f      	ldr	r1, [sp, #124]	@ 0x7c
20008518:	f7fe fd9f 	bl	2000705a <__wrap___aeabi_dsub>
2000851c:	0006      	movs	r6, r0
2000851e:	000f      	movs	r7, r1
20008520:	2200      	movs	r2, #0
20008522:	4b5d      	ldr	r3, [pc, #372]	@ (20008698 <_ftoa+0x33c>)
20008524:	f7fe fe0c 	bl	20007140 <__wrap___aeabi_dcmplt>
20008528:	2800      	cmp	r0, #0
2000852a:	d146      	bne.n	200085ba <_ftoa+0x25e>
2000852c:	2200      	movs	r2, #0
2000852e:	4b5a      	ldr	r3, [pc, #360]	@ (20008698 <_ftoa+0x33c>)
20008530:	0030      	movs	r0, r6
20008532:	0039      	movs	r1, r7
20008534:	f7fe fe1a 	bl	2000716c <__wrap___aeabi_dcmpgt>
20008538:	2800      	cmp	r0, #0
2000853a:	d13e      	bne.n	200085ba <_ftoa+0x25e>
2000853c:	07eb      	lsls	r3, r5, #31
2000853e:	d53c      	bpl.n	200085ba <_ftoa+0x25e>
20008540:	3501      	adds	r5, #1
20008542:	e03a      	b.n	200085ba <_ftoa+0x25e>
20008544:	2706      	movs	r7, #6
20008546:	e74d      	b.n	200083e4 <_ftoa+0x88>
20008548:	2200      	movs	r2, #0
2000854a:	4b53      	ldr	r3, [pc, #332]	@ (20008698 <_ftoa+0x33c>)
2000854c:	9806      	ldr	r0, [sp, #24]
2000854e:	9907      	ldr	r1, [sp, #28]
20008550:	f7fe fdf6 	bl	20007140 <__wrap___aeabi_dcmplt>
20008554:	2800      	cmp	r0, #0
20008556:	d1d6      	bne.n	20008506 <_ftoa+0x1aa>
20008558:	2e00      	cmp	r6, #0
2000855a:	d001      	beq.n	20008560 <_ftoa+0x204>
2000855c:	07f3      	lsls	r3, r6, #31
2000855e:	d5d2      	bpl.n	20008506 <_ftoa+0x1aa>
20008560:	3601      	adds	r6, #1
20008562:	e7d0      	b.n	20008506 <_ftoa+0x1aa>
20008564:	46a8      	mov	r8, r5
20008566:	2c1f      	cmp	r4, #31
20008568:	d811      	bhi.n	2000858e <_ftoa+0x232>
2000856a:	3f01      	subs	r7, #1
2000856c:	210a      	movs	r1, #10
2000856e:	0030      	movs	r0, r6
20008570:	f7fe fb38 	bl	20006be4 <__wrap___aeabi_uidiv>
20008574:	1c65      	adds	r5, r4, #1
20008576:	3130      	adds	r1, #48	@ 0x30
20008578:	ab0c      	add	r3, sp, #48	@ 0x30
2000857a:	5519      	strb	r1, [r3, r4]
2000857c:	210a      	movs	r1, #10
2000857e:	0030      	movs	r0, r6
20008580:	f7fe fb30 	bl	20006be4 <__wrap___aeabi_uidiv>
20008584:	2e09      	cmp	r6, #9
20008586:	d90e      	bls.n	200085a6 <_ftoa+0x24a>
20008588:	0006      	movs	r6, r0
2000858a:	002c      	movs	r4, r5
2000858c:	e7eb      	b.n	20008566 <_ftoa+0x20a>
2000858e:	4645      	mov	r5, r8
20008590:	2c1f      	cmp	r4, #31
20008592:	d80c      	bhi.n	200085ae <_ftoa+0x252>
20008594:	1e7b      	subs	r3, r7, #1
20008596:	2f00      	cmp	r7, #0
20008598:	d009      	beq.n	200085ae <_ftoa+0x252>
2000859a:	aa0c      	add	r2, sp, #48	@ 0x30
2000859c:	2130      	movs	r1, #48	@ 0x30
2000859e:	5511      	strb	r1, [r2, r4]
200085a0:	001f      	movs	r7, r3
200085a2:	3401      	adds	r4, #1
200085a4:	e7f4      	b.n	20008590 <_ftoa+0x234>
200085a6:	002b      	movs	r3, r5
200085a8:	4645      	mov	r5, r8
200085aa:	001c      	movs	r4, r3
200085ac:	e7f0      	b.n	20008590 <_ftoa+0x234>
200085ae:	2c1f      	cmp	r4, #31
200085b0:	d803      	bhi.n	200085ba <_ftoa+0x25e>
200085b2:	ab0c      	add	r3, sp, #48	@ 0x30
200085b4:	222e      	movs	r2, #46	@ 0x2e
200085b6:	551a      	strb	r2, [r3, r4]
200085b8:	3401      	adds	r4, #1
200085ba:	2c1f      	cmp	r4, #31
200085bc:	d810      	bhi.n	200085e0 <_ftoa+0x284>
200085be:	210a      	movs	r1, #10
200085c0:	0028      	movs	r0, r5
200085c2:	f7fe fae7 	bl	20006b94 <__wrap___aeabi_idiv>
200085c6:	1c66      	adds	r6, r4, #1
200085c8:	3130      	adds	r1, #48	@ 0x30
200085ca:	ab0c      	add	r3, sp, #48	@ 0x30
200085cc:	5519      	strb	r1, [r3, r4]
200085ce:	210a      	movs	r1, #10
200085d0:	0028      	movs	r0, r5
200085d2:	f7fe fadf 	bl	20006b94 <__wrap___aeabi_idiv>
200085d6:	1e05      	subs	r5, r0, #0
200085d8:	d001      	beq.n	200085de <_ftoa+0x282>
200085da:	0034      	movs	r4, r6
200085dc:	e7ed      	b.n	200085ba <_ftoa+0x25e>
200085de:	0034      	movs	r4, r6
200085e0:	9b22      	ldr	r3, [sp, #136]	@ 0x88
200085e2:	079b      	lsls	r3, r3, #30
200085e4:	d419      	bmi.n	2000861a <_ftoa+0x2be>
200085e6:	9b22      	ldr	r3, [sp, #136]	@ 0x88
200085e8:	07db      	lsls	r3, r3, #31
200085ea:	d516      	bpl.n	2000861a <_ftoa+0x2be>
200085ec:	9b21      	ldr	r3, [sp, #132]	@ 0x84
200085ee:	2b00      	cmp	r3, #0
200085f0:	d00e      	beq.n	20008610 <_ftoa+0x2b4>
200085f2:	9b0b      	ldr	r3, [sp, #44]	@ 0x2c
200085f4:	2b00      	cmp	r3, #0
200085f6:	d103      	bne.n	20008600 <_ftoa+0x2a4>
200085f8:	330c      	adds	r3, #12
200085fa:	9a22      	ldr	r2, [sp, #136]	@ 0x88
200085fc:	4213      	tst	r3, r2
200085fe:	d007      	beq.n	20008610 <_ftoa+0x2b4>
20008600:	9b21      	ldr	r3, [sp, #132]	@ 0x84
20008602:	3b01      	subs	r3, #1
20008604:	9321      	str	r3, [sp, #132]	@ 0x84
20008606:	e003      	b.n	20008610 <_ftoa+0x2b4>
20008608:	ab0c      	add	r3, sp, #48	@ 0x30
2000860a:	2230      	movs	r2, #48	@ 0x30
2000860c:	551a      	strb	r2, [r3, r4]
2000860e:	3401      	adds	r4, #1
20008610:	9b21      	ldr	r3, [sp, #132]	@ 0x84
20008612:	429c      	cmp	r4, r3
20008614:	d201      	bcs.n	2000861a <_ftoa+0x2be>
20008616:	2c1f      	cmp	r4, #31
20008618:	d9f6      	bls.n	20008608 <_ftoa+0x2ac>
2000861a:	2c1f      	cmp	r4, #31
2000861c:	d806      	bhi.n	2000862c <_ftoa+0x2d0>
2000861e:	9b0b      	ldr	r3, [sp, #44]	@ 0x2c
20008620:	2b00      	cmp	r3, #0
20008622:	d017      	beq.n	20008654 <_ftoa+0x2f8>
20008624:	ab0c      	add	r3, sp, #48	@ 0x30
20008626:	222d      	movs	r2, #45	@ 0x2d
20008628:	551a      	strb	r2, [r3, r4]
2000862a:	3401      	adds	r4, #1
2000862c:	9b22      	ldr	r3, [sp, #136]	@ 0x88
2000862e:	9303      	str	r3, [sp, #12]
20008630:	9b21      	ldr	r3, [sp, #132]	@ 0x84
20008632:	9302      	str	r3, [sp, #8]
20008634:	9401      	str	r4, [sp, #4]
20008636:	ab0c      	add	r3, sp, #48	@ 0x30
20008638:	9300      	str	r3, [sp, #0]
2000863a:	9b0a      	ldr	r3, [sp, #40]	@ 0x28
2000863c:	465a      	mov	r2, fp
2000863e:	4651      	mov	r1, sl
20008640:	4648      	mov	r0, r9
20008642:	f7ff faa7 	bl	20007b94 <_out_rev>
20008646:	b015      	add	sp, #84	@ 0x54
20008648:	bcf0      	pop	{r4, r5, r6, r7}
2000864a:	46bb      	mov	fp, r7
2000864c:	46b2      	mov	sl, r6
2000864e:	46a9      	mov	r9, r5
20008650:	46a0      	mov	r8, r4
20008652:	bdf0      	pop	{r4, r5, r6, r7, pc}
20008654:	9b22      	ldr	r3, [sp, #136]	@ 0x88
20008656:	075b      	lsls	r3, r3, #29
20008658:	d504      	bpl.n	20008664 <_ftoa+0x308>
2000865a:	ab0c      	add	r3, sp, #48	@ 0x30
2000865c:	222b      	movs	r2, #43	@ 0x2b
2000865e:	551a      	strb	r2, [r3, r4]
20008660:	3401      	adds	r4, #1
20008662:	e7e3      	b.n	2000862c <_ftoa+0x2d0>
20008664:	9b22      	ldr	r3, [sp, #136]	@ 0x88
20008666:	071b      	lsls	r3, r3, #28
20008668:	d5e0      	bpl.n	2000862c <_ftoa+0x2d0>
2000866a:	ab0c      	add	r3, sp, #48	@ 0x30
2000866c:	2220      	movs	r2, #32
2000866e:	551a      	strb	r2, [r3, r4]
20008670:	3401      	adds	r4, #1
20008672:	e7db      	b.n	2000862c <_ftoa+0x2d0>
20008674:	ffefffff 	.word	0xffefffff
20008678:	7fefffff 	.word	0x7fefffff
2000867c:	41cdcd65 	.word	0x41cdcd65
20008680:	c1cdcd65 	.word	0xc1cdcd65
20008684:	2000c690 	.word	0x2000c690
20008688:	2000c694 	.word	0x2000c694
2000868c:	2000c684 	.word	0x2000c684
20008690:	2000c68c 	.word	0x2000c68c
20008694:	2000cdd0 	.word	0x2000cdd0
20008698:	3fe00000 	.word	0x3fe00000

2000869c <_vsnprintf>:
2000869c:	b5f0      	push	{r4, r5, r6, r7, lr}
2000869e:	46de      	mov	lr, fp
200086a0:	4657      	mov	r7, sl
200086a2:	464e      	mov	r6, r9
200086a4:	4645      	mov	r5, r8
200086a6:	b5e0      	push	{r5, r6, r7, lr}
200086a8:	b093      	sub	sp, #76	@ 0x4c
200086aa:	4683      	mov	fp, r0
200086ac:	468a      	mov	sl, r1
200086ae:	4690      	mov	r8, r2
200086b0:	9311      	str	r3, [sp, #68]	@ 0x44
200086b2:	2900      	cmp	r1, #0
200086b4:	d100      	bne.n	200086b8 <_vsnprintf+0x1c>
200086b6:	e31a      	b.n	20008cee <_vsnprintf+0x652>
200086b8:	2500      	movs	r5, #0
200086ba:	465e      	mov	r6, fp
200086bc:	9b11      	ldr	r3, [sp, #68]	@ 0x44
200086be:	7818      	ldrb	r0, [r3, #0]
200086c0:	2800      	cmp	r0, #0
200086c2:	d100      	bne.n	200086c6 <_vsnprintf+0x2a>
200086c4:	e316      	b.n	20008cf4 <_vsnprintf+0x658>
200086c6:	2825      	cmp	r0, #37	@ 0x25
200086c8:	d009      	beq.n	200086de <_vsnprintf+0x42>
200086ca:	1c6c      	adds	r4, r5, #1
200086cc:	4643      	mov	r3, r8
200086ce:	002a      	movs	r2, r5
200086d0:	4651      	mov	r1, sl
200086d2:	47b0      	blx	r6
200086d4:	9b11      	ldr	r3, [sp, #68]	@ 0x44
200086d6:	3301      	adds	r3, #1
200086d8:	9311      	str	r3, [sp, #68]	@ 0x44
200086da:	0025      	movs	r5, r4
200086dc:	e7ee      	b.n	200086bc <_vsnprintf+0x20>
200086de:	3301      	adds	r3, #1
200086e0:	9311      	str	r3, [sp, #68]	@ 0x44
200086e2:	2700      	movs	r7, #0
200086e4:	e012      	b.n	2000870c <_vsnprintf+0x70>
200086e6:	2a20      	cmp	r2, #32
200086e8:	d025      	beq.n	20008736 <_vsnprintf+0x9a>
200086ea:	2a23      	cmp	r2, #35	@ 0x23
200086ec:	d105      	bne.n	200086fa <_vsnprintf+0x5e>
200086ee:	2210      	movs	r2, #16
200086f0:	4317      	orrs	r7, r2
200086f2:	3301      	adds	r3, #1
200086f4:	9311      	str	r3, [sp, #68]	@ 0x44
200086f6:	2401      	movs	r4, #1
200086f8:	e006      	b.n	20008708 <_vsnprintf+0x6c>
200086fa:	2400      	movs	r4, #0
200086fc:	e004      	b.n	20008708 <_vsnprintf+0x6c>
200086fe:	2202      	movs	r2, #2
20008700:	4317      	orrs	r7, r2
20008702:	3301      	adds	r3, #1
20008704:	9311      	str	r3, [sp, #68]	@ 0x44
20008706:	2401      	movs	r4, #1
20008708:	2c00      	cmp	r4, #0
2000870a:	d01c      	beq.n	20008746 <_vsnprintf+0xaa>
2000870c:	9b11      	ldr	r3, [sp, #68]	@ 0x44
2000870e:	781a      	ldrb	r2, [r3, #0]
20008710:	2a2b      	cmp	r2, #43	@ 0x2b
20008712:	d00a      	beq.n	2000872a <_vsnprintf+0x8e>
20008714:	d9e7      	bls.n	200086e6 <_vsnprintf+0x4a>
20008716:	2a2d      	cmp	r2, #45	@ 0x2d
20008718:	d0f1      	beq.n	200086fe <_vsnprintf+0x62>
2000871a:	2a30      	cmp	r2, #48	@ 0x30
2000871c:	d111      	bne.n	20008742 <_vsnprintf+0xa6>
2000871e:	3a2f      	subs	r2, #47	@ 0x2f
20008720:	4317      	orrs	r7, r2
20008722:	3301      	adds	r3, #1
20008724:	9311      	str	r3, [sp, #68]	@ 0x44
20008726:	2401      	movs	r4, #1
20008728:	e7ee      	b.n	20008708 <_vsnprintf+0x6c>
2000872a:	2204      	movs	r2, #4
2000872c:	4317      	orrs	r7, r2
2000872e:	3301      	adds	r3, #1
20008730:	9311      	str	r3, [sp, #68]	@ 0x44
20008732:	2401      	movs	r4, #1
20008734:	e7e8      	b.n	20008708 <_vsnprintf+0x6c>
20008736:	2208      	movs	r2, #8
20008738:	4317      	orrs	r7, r2
2000873a:	3301      	adds	r3, #1
2000873c:	9311      	str	r3, [sp, #68]	@ 0x44
2000873e:	2401      	movs	r4, #1
20008740:	e7e2      	b.n	20008708 <_vsnprintf+0x6c>
20008742:	2400      	movs	r4, #0
20008744:	e7e0      	b.n	20008708 <_vsnprintf+0x6c>
20008746:	9b11      	ldr	r3, [sp, #68]	@ 0x44
20008748:	781a      	ldrb	r2, [r3, #0]
2000874a:	0013      	movs	r3, r2
2000874c:	3b30      	subs	r3, #48	@ 0x30
2000874e:	b2db      	uxtb	r3, r3
20008750:	2b09      	cmp	r3, #9
20008752:	d915      	bls.n	20008780 <_vsnprintf+0xe4>
20008754:	2a2a      	cmp	r2, #42	@ 0x2a
20008756:	d018      	beq.n	2000878a <_vsnprintf+0xee>
20008758:	940b      	str	r4, [sp, #44]	@ 0x2c
2000875a:	9b11      	ldr	r3, [sp, #68]	@ 0x44
2000875c:	781a      	ldrb	r2, [r3, #0]
2000875e:	2a2e      	cmp	r2, #46	@ 0x2e
20008760:	d023      	beq.n	200087aa <_vsnprintf+0x10e>
20008762:	9b11      	ldr	r3, [sp, #68]	@ 0x44
20008764:	781a      	ldrb	r2, [r3, #0]
20008766:	2a6c      	cmp	r2, #108	@ 0x6c
20008768:	d047      	beq.n	200087fa <_vsnprintf+0x15e>
2000876a:	d93c      	bls.n	200087e6 <_vsnprintf+0x14a>
2000876c:	2a74      	cmp	r2, #116	@ 0x74
2000876e:	d062      	beq.n	20008836 <_vsnprintf+0x19a>
20008770:	2a7a      	cmp	r2, #122	@ 0x7a
20008772:	d165      	bne.n	20008840 <_vsnprintf+0x1a4>
20008774:	2280      	movs	r2, #128	@ 0x80
20008776:	0052      	lsls	r2, r2, #1
20008778:	4317      	orrs	r7, r2
2000877a:	3301      	adds	r3, #1
2000877c:	9311      	str	r3, [sp, #68]	@ 0x44
2000877e:	e05f      	b.n	20008840 <_vsnprintf+0x1a4>
20008780:	a811      	add	r0, sp, #68	@ 0x44
20008782:	f7ff f9f5 	bl	20007b70 <_atoi>
20008786:	900b      	str	r0, [sp, #44]	@ 0x2c
20008788:	e7e7      	b.n	2000875a <_vsnprintf+0xbe>
2000878a:	9b1c      	ldr	r3, [sp, #112]	@ 0x70
2000878c:	1d1a      	adds	r2, r3, #4
2000878e:	921c      	str	r2, [sp, #112]	@ 0x70
20008790:	681b      	ldr	r3, [r3, #0]
20008792:	2b00      	cmp	r3, #0
20008794:	db04      	blt.n	200087a0 <_vsnprintf+0x104>
20008796:	930b      	str	r3, [sp, #44]	@ 0x2c
20008798:	9b11      	ldr	r3, [sp, #68]	@ 0x44
2000879a:	3301      	adds	r3, #1
2000879c:	9311      	str	r3, [sp, #68]	@ 0x44
2000879e:	e7dc      	b.n	2000875a <_vsnprintf+0xbe>
200087a0:	2202      	movs	r2, #2
200087a2:	4317      	orrs	r7, r2
200087a4:	425b      	negs	r3, r3
200087a6:	930b      	str	r3, [sp, #44]	@ 0x2c
200087a8:	e7f6      	b.n	20008798 <_vsnprintf+0xfc>
200087aa:	2280      	movs	r2, #128	@ 0x80
200087ac:	00d2      	lsls	r2, r2, #3
200087ae:	4317      	orrs	r7, r2
200087b0:	1c5a      	adds	r2, r3, #1
200087b2:	9211      	str	r2, [sp, #68]	@ 0x44
200087b4:	785a      	ldrb	r2, [r3, #1]
200087b6:	0013      	movs	r3, r2
200087b8:	3b30      	subs	r3, #48	@ 0x30
200087ba:	b2db      	uxtb	r3, r3
200087bc:	2b09      	cmp	r3, #9
200087be:	d90b      	bls.n	200087d8 <_vsnprintf+0x13c>
200087c0:	2a2a      	cmp	r2, #42	@ 0x2a
200087c2:	d1ce      	bne.n	20008762 <_vsnprintf+0xc6>
200087c4:	9b1c      	ldr	r3, [sp, #112]	@ 0x70
200087c6:	1d1a      	adds	r2, r3, #4
200087c8:	921c      	str	r2, [sp, #112]	@ 0x70
200087ca:	681c      	ldr	r4, [r3, #0]
200087cc:	2c00      	cmp	r4, #0
200087ce:	db08      	blt.n	200087e2 <_vsnprintf+0x146>
200087d0:	9b11      	ldr	r3, [sp, #68]	@ 0x44
200087d2:	3301      	adds	r3, #1
200087d4:	9311      	str	r3, [sp, #68]	@ 0x44
200087d6:	e7c4      	b.n	20008762 <_vsnprintf+0xc6>
200087d8:	a811      	add	r0, sp, #68	@ 0x44
200087da:	f7ff f9c9 	bl	20007b70 <_atoi>
200087de:	0004      	movs	r4, r0
200087e0:	e7bf      	b.n	20008762 <_vsnprintf+0xc6>
200087e2:	2400      	movs	r4, #0
200087e4:	e7f4      	b.n	200087d0 <_vsnprintf+0x134>
200087e6:	2a68      	cmp	r2, #104	@ 0x68
200087e8:	d017      	beq.n	2000881a <_vsnprintf+0x17e>
200087ea:	2a6a      	cmp	r2, #106	@ 0x6a
200087ec:	d128      	bne.n	20008840 <_vsnprintf+0x1a4>
200087ee:	2280      	movs	r2, #128	@ 0x80
200087f0:	0092      	lsls	r2, r2, #2
200087f2:	4317      	orrs	r7, r2
200087f4:	3301      	adds	r3, #1
200087f6:	9311      	str	r3, [sp, #68]	@ 0x44
200087f8:	e022      	b.n	20008840 <_vsnprintf+0x1a4>
200087fa:	2280      	movs	r2, #128	@ 0x80
200087fc:	0052      	lsls	r2, r2, #1
200087fe:	433a      	orrs	r2, r7
20008800:	1c59      	adds	r1, r3, #1
20008802:	9111      	str	r1, [sp, #68]	@ 0x44
20008804:	7859      	ldrb	r1, [r3, #1]
20008806:	296c      	cmp	r1, #108	@ 0x6c
20008808:	d001      	beq.n	2000880e <_vsnprintf+0x172>
2000880a:	0017      	movs	r7, r2
2000880c:	e018      	b.n	20008840 <_vsnprintf+0x1a4>
2000880e:	22c0      	movs	r2, #192	@ 0xc0
20008810:	0092      	lsls	r2, r2, #2
20008812:	4317      	orrs	r7, r2
20008814:	3302      	adds	r3, #2
20008816:	9311      	str	r3, [sp, #68]	@ 0x44
20008818:	e012      	b.n	20008840 <_vsnprintf+0x1a4>
2000881a:	2280      	movs	r2, #128	@ 0x80
2000881c:	433a      	orrs	r2, r7
2000881e:	1c59      	adds	r1, r3, #1
20008820:	9111      	str	r1, [sp, #68]	@ 0x44
20008822:	7859      	ldrb	r1, [r3, #1]
20008824:	2968      	cmp	r1, #104	@ 0x68
20008826:	d001      	beq.n	2000882c <_vsnprintf+0x190>
20008828:	0017      	movs	r7, r2
2000882a:	e009      	b.n	20008840 <_vsnprintf+0x1a4>
2000882c:	22c0      	movs	r2, #192	@ 0xc0
2000882e:	4317      	orrs	r7, r2
20008830:	3302      	adds	r3, #2
20008832:	9311      	str	r3, [sp, #68]	@ 0x44
20008834:	e004      	b.n	20008840 <_vsnprintf+0x1a4>
20008836:	2280      	movs	r2, #128	@ 0x80
20008838:	0052      	lsls	r2, r2, #1
2000883a:	4317      	orrs	r7, r2
2000883c:	3301      	adds	r3, #1
2000883e:	9311      	str	r3, [sp, #68]	@ 0x44
20008840:	9b11      	ldr	r3, [sp, #68]	@ 0x44
20008842:	7818      	ldrb	r0, [r3, #0]
20008844:	2865      	cmp	r0, #101	@ 0x65
20008846:	d040      	beq.n	200088ca <_vsnprintf+0x22e>
20008848:	d877      	bhi.n	2000893a <_vsnprintf+0x29e>
2000884a:	2846      	cmp	r0, #70	@ 0x46
2000884c:	d100      	bne.n	20008850 <_vsnprintf+0x1b4>
2000884e:	e08b      	b.n	20008968 <_vsnprintf+0x2cc>
20008850:	d91b      	bls.n	2000888a <_vsnprintf+0x1ee>
20008852:	2863      	cmp	r0, #99	@ 0x63
20008854:	d131      	bne.n	200088ba <_vsnprintf+0x21e>
20008856:	2302      	movs	r3, #2
20008858:	001a      	movs	r2, r3
2000885a:	403a      	ands	r2, r7
2000885c:	4691      	mov	r9, r2
2000885e:	423b      	tst	r3, r7
20008860:	d100      	bne.n	20008864 <_vsnprintf+0x1c8>
20008862:	e1b0      	b.n	20008bc6 <_vsnprintf+0x52a>
20008864:	2401      	movs	r4, #1
20008866:	9b1c      	ldr	r3, [sp, #112]	@ 0x70
20008868:	1d1a      	adds	r2, r3, #4
2000886a:	921c      	str	r2, [sp, #112]	@ 0x70
2000886c:	1c6f      	adds	r7, r5, #1
2000886e:	7818      	ldrb	r0, [r3, #0]
20008870:	4643      	mov	r3, r8
20008872:	002a      	movs	r2, r5
20008874:	4651      	mov	r1, sl
20008876:	47b0      	blx	r6
20008878:	464b      	mov	r3, r9
2000887a:	2b00      	cmp	r3, #0
2000887c:	d000      	beq.n	20008880 <_vsnprintf+0x1e4>
2000887e:	e1a6      	b.n	20008bce <_vsnprintf+0x532>
20008880:	9b11      	ldr	r3, [sp, #68]	@ 0x44
20008882:	3301      	adds	r3, #1
20008884:	9311      	str	r3, [sp, #68]	@ 0x44
20008886:	003d      	movs	r5, r7
20008888:	e718      	b.n	200086bc <_vsnprintf+0x20>
2000888a:	2825      	cmp	r0, #37	@ 0x25
2000888c:	d109      	bne.n	200088a2 <_vsnprintf+0x206>
2000888e:	1c6c      	adds	r4, r5, #1
20008890:	4643      	mov	r3, r8
20008892:	002a      	movs	r2, r5
20008894:	4651      	mov	r1, sl
20008896:	47b0      	blx	r6
20008898:	9b11      	ldr	r3, [sp, #68]	@ 0x44
2000889a:	3301      	adds	r3, #1
2000889c:	9311      	str	r3, [sp, #68]	@ 0x44
2000889e:	0025      	movs	r5, r4
200088a0:	e70c      	b.n	200086bc <_vsnprintf+0x20>
200088a2:	2845      	cmp	r0, #69	@ 0x45
200088a4:	d011      	beq.n	200088ca <_vsnprintf+0x22e>
200088a6:	1c6c      	adds	r4, r5, #1
200088a8:	4643      	mov	r3, r8
200088aa:	002a      	movs	r2, r5
200088ac:	4651      	mov	r1, sl
200088ae:	47b0      	blx	r6
200088b0:	9b11      	ldr	r3, [sp, #68]	@ 0x44
200088b2:	3301      	adds	r3, #1
200088b4:	9311      	str	r3, [sp, #68]	@ 0x44
200088b6:	0025      	movs	r5, r4
200088b8:	e700      	b.n	200086bc <_vsnprintf+0x20>
200088ba:	2863      	cmp	r0, #99	@ 0x63
200088bc:	d82b      	bhi.n	20008916 <_vsnprintf+0x27a>
200088be:	2858      	cmp	r0, #88	@ 0x58
200088c0:	d02b      	beq.n	2000891a <_vsnprintf+0x27e>
200088c2:	2862      	cmp	r0, #98	@ 0x62
200088c4:	d029      	beq.n	2000891a <_vsnprintf+0x27e>
200088c6:	2847      	cmp	r0, #71	@ 0x47
200088c8:	d1ed      	bne.n	200088a6 <_vsnprintf+0x20a>
200088ca:	2867      	cmp	r0, #103	@ 0x67
200088cc:	d001      	beq.n	200088d2 <_vsnprintf+0x236>
200088ce:	2847      	cmp	r0, #71	@ 0x47
200088d0:	d102      	bne.n	200088d8 <_vsnprintf+0x23c>
200088d2:	2380      	movs	r3, #128	@ 0x80
200088d4:	011b      	lsls	r3, r3, #4
200088d6:	431f      	orrs	r7, r3
200088d8:	2845      	cmp	r0, #69	@ 0x45
200088da:	d001      	beq.n	200088e0 <_vsnprintf+0x244>
200088dc:	2847      	cmp	r0, #71	@ 0x47
200088de:	d101      	bne.n	200088e4 <_vsnprintf+0x248>
200088e0:	2320      	movs	r3, #32
200088e2:	431f      	orrs	r7, r3
200088e4:	9b1c      	ldr	r3, [sp, #112]	@ 0x70
200088e6:	3307      	adds	r3, #7
200088e8:	2207      	movs	r2, #7
200088ea:	4393      	bics	r3, r2
200088ec:	001a      	movs	r2, r3
200088ee:	3208      	adds	r2, #8
200088f0:	921c      	str	r2, [sp, #112]	@ 0x70
200088f2:	9704      	str	r7, [sp, #16]
200088f4:	9a0b      	ldr	r2, [sp, #44]	@ 0x2c
200088f6:	9203      	str	r2, [sp, #12]
200088f8:	9402      	str	r4, [sp, #8]
200088fa:	cb0c      	ldmia	r3, {r2, r3}
200088fc:	9200      	str	r2, [sp, #0]
200088fe:	9301      	str	r3, [sp, #4]
20008900:	4643      	mov	r3, r8
20008902:	002a      	movs	r2, r5
20008904:	4651      	mov	r1, sl
20008906:	0030      	movs	r0, r6
20008908:	f7ff fb04 	bl	20007f14 <_etoa>
2000890c:	0005      	movs	r5, r0
2000890e:	9b11      	ldr	r3, [sp, #68]	@ 0x44
20008910:	3301      	adds	r3, #1
20008912:	9311      	str	r3, [sp, #68]	@ 0x44
20008914:	e6d2      	b.n	200086bc <_vsnprintf+0x20>
20008916:	2864      	cmp	r0, #100	@ 0x64
20008918:	d1c5      	bne.n	200088a6 <_vsnprintf+0x20a>
2000891a:	2878      	cmp	r0, #120	@ 0x78
2000891c:	d04d      	beq.n	200089ba <_vsnprintf+0x31e>
2000891e:	2858      	cmp	r0, #88	@ 0x58
20008920:	d100      	bne.n	20008924 <_vsnprintf+0x288>
20008922:	e07c      	b.n	20008a1e <_vsnprintf+0x382>
20008924:	286f      	cmp	r0, #111	@ 0x6f
20008926:	d100      	bne.n	2000892a <_vsnprintf+0x28e>
20008928:	e07c      	b.n	20008a24 <_vsnprintf+0x388>
2000892a:	2862      	cmp	r0, #98	@ 0x62
2000892c:	d100      	bne.n	20008930 <_vsnprintf+0x294>
2000892e:	e07c      	b.n	20008a2a <_vsnprintf+0x38e>
20008930:	2310      	movs	r3, #16
20008932:	439f      	bics	r7, r3
20008934:	3b06      	subs	r3, #6
20008936:	469c      	mov	ip, r3
20008938:	e041      	b.n	200089be <_vsnprintf+0x322>
2000893a:	2870      	cmp	r0, #112	@ 0x70
2000893c:	d100      	bne.n	20008940 <_vsnprintf+0x2a4>
2000893e:	e1bc      	b.n	20008cba <_vsnprintf+0x61e>
20008940:	d90d      	bls.n	2000895e <_vsnprintf+0x2c2>
20008942:	2873      	cmp	r0, #115	@ 0x73
20008944:	d131      	bne.n	200089aa <_vsnprintf+0x30e>
20008946:	9b1c      	ldr	r3, [sp, #112]	@ 0x70
20008948:	1d1a      	adds	r2, r3, #4
2000894a:	921c      	str	r2, [sp, #112]	@ 0x70
2000894c:	681b      	ldr	r3, [r3, #0]
2000894e:	469b      	mov	fp, r3
20008950:	2c00      	cmp	r4, #0
20008952:	d000      	beq.n	20008956 <_vsnprintf+0x2ba>
20008954:	e16e      	b.n	20008c34 <_vsnprintf+0x598>
20008956:	2201      	movs	r2, #1
20008958:	4252      	negs	r2, r2
2000895a:	465b      	mov	r3, fp
2000895c:	e14a      	b.n	20008bf4 <_vsnprintf+0x558>
2000895e:	2867      	cmp	r0, #103	@ 0x67
20008960:	d0b3      	beq.n	200088ca <_vsnprintf+0x22e>
20008962:	d81d      	bhi.n	200089a0 <_vsnprintf+0x304>
20008964:	2866      	cmp	r0, #102	@ 0x66
20008966:	d19e      	bne.n	200088a6 <_vsnprintf+0x20a>
20008968:	2846      	cmp	r0, #70	@ 0x46
2000896a:	d100      	bne.n	2000896e <_vsnprintf+0x2d2>
2000896c:	e11c      	b.n	20008ba8 <_vsnprintf+0x50c>
2000896e:	9b1c      	ldr	r3, [sp, #112]	@ 0x70
20008970:	3307      	adds	r3, #7
20008972:	2207      	movs	r2, #7
20008974:	4393      	bics	r3, r2
20008976:	001a      	movs	r2, r3
20008978:	3208      	adds	r2, #8
2000897a:	921c      	str	r2, [sp, #112]	@ 0x70
2000897c:	9704      	str	r7, [sp, #16]
2000897e:	9a0b      	ldr	r2, [sp, #44]	@ 0x2c
20008980:	9203      	str	r2, [sp, #12]
20008982:	9402      	str	r4, [sp, #8]
20008984:	cb0c      	ldmia	r3, {r2, r3}
20008986:	9200      	str	r2, [sp, #0]
20008988:	9301      	str	r3, [sp, #4]
2000898a:	4643      	mov	r3, r8
2000898c:	002a      	movs	r2, r5
2000898e:	4651      	mov	r1, sl
20008990:	0030      	movs	r0, r6
20008992:	f7ff fce3 	bl	2000835c <_ftoa>
20008996:	0005      	movs	r5, r0
20008998:	9b11      	ldr	r3, [sp, #68]	@ 0x44
2000899a:	3301      	adds	r3, #1
2000899c:	9311      	str	r3, [sp, #68]	@ 0x44
2000899e:	e68d      	b.n	200086bc <_vsnprintf+0x20>
200089a0:	2869      	cmp	r0, #105	@ 0x69
200089a2:	d0ba      	beq.n	2000891a <_vsnprintf+0x27e>
200089a4:	286f      	cmp	r0, #111	@ 0x6f
200089a6:	d0b8      	beq.n	2000891a <_vsnprintf+0x27e>
200089a8:	e77d      	b.n	200088a6 <_vsnprintf+0x20a>
200089aa:	2873      	cmp	r0, #115	@ 0x73
200089ac:	d200      	bcs.n	200089b0 <_vsnprintf+0x314>
200089ae:	e77a      	b.n	200088a6 <_vsnprintf+0x20a>
200089b0:	2875      	cmp	r0, #117	@ 0x75
200089b2:	d0b2      	beq.n	2000891a <_vsnprintf+0x27e>
200089b4:	2878      	cmp	r0, #120	@ 0x78
200089b6:	d0b0      	beq.n	2000891a <_vsnprintf+0x27e>
200089b8:	e775      	b.n	200088a6 <_vsnprintf+0x20a>
200089ba:	2310      	movs	r3, #16
200089bc:	469c      	mov	ip, r3
200089be:	2858      	cmp	r0, #88	@ 0x58
200089c0:	d036      	beq.n	20008a30 <_vsnprintf+0x394>
200089c2:	2869      	cmp	r0, #105	@ 0x69
200089c4:	d003      	beq.n	200089ce <_vsnprintf+0x332>
200089c6:	2864      	cmp	r0, #100	@ 0x64
200089c8:	d001      	beq.n	200089ce <_vsnprintf+0x332>
200089ca:	220c      	movs	r2, #12
200089cc:	4397      	bics	r7, r2
200089ce:	057a      	lsls	r2, r7, #21
200089d0:	d501      	bpl.n	200089d6 <_vsnprintf+0x33a>
200089d2:	2201      	movs	r2, #1
200089d4:	4397      	bics	r7, r2
200089d6:	2869      	cmp	r0, #105	@ 0x69
200089d8:	d02d      	beq.n	20008a36 <_vsnprintf+0x39a>
200089da:	2864      	cmp	r0, #100	@ 0x64
200089dc:	d02b      	beq.n	20008a36 <_vsnprintf+0x39a>
200089de:	05ba      	lsls	r2, r7, #22
200089e0:	d500      	bpl.n	200089e4 <_vsnprintf+0x348>
200089e2:	e0a3      	b.n	20008b2c <_vsnprintf+0x490>
200089e4:	05fa      	lsls	r2, r7, #23
200089e6:	d500      	bpl.n	200089ea <_vsnprintf+0x34e>
200089e8:	e0bb      	b.n	20008b62 <_vsnprintf+0x4c6>
200089ea:	067a      	lsls	r2, r7, #25
200089ec:	d400      	bmi.n	200089f0 <_vsnprintf+0x354>
200089ee:	e0cd      	b.n	20008b8c <_vsnprintf+0x4f0>
200089f0:	9a1c      	ldr	r2, [sp, #112]	@ 0x70
200089f2:	1d11      	adds	r1, r2, #4
200089f4:	911c      	str	r1, [sp, #112]	@ 0x70
200089f6:	6811      	ldr	r1, [r2, #0]
200089f8:	22ff      	movs	r2, #255	@ 0xff
200089fa:	400a      	ands	r2, r1
200089fc:	9705      	str	r7, [sp, #20]
200089fe:	9b0b      	ldr	r3, [sp, #44]	@ 0x2c
20008a00:	9304      	str	r3, [sp, #16]
20008a02:	9403      	str	r4, [sp, #12]
20008a04:	4663      	mov	r3, ip
20008a06:	9302      	str	r3, [sp, #8]
20008a08:	2300      	movs	r3, #0
20008a0a:	9301      	str	r3, [sp, #4]
20008a0c:	9200      	str	r2, [sp, #0]
20008a0e:	4643      	mov	r3, r8
20008a10:	002a      	movs	r2, r5
20008a12:	4651      	mov	r1, sl
20008a14:	0030      	movs	r0, r6
20008a16:	f7ff f9a5 	bl	20007d64 <_ntoa_long>
20008a1a:	0005      	movs	r5, r0
20008a1c:	e02a      	b.n	20008a74 <_vsnprintf+0x3d8>
20008a1e:	2310      	movs	r3, #16
20008a20:	469c      	mov	ip, r3
20008a22:	e7cc      	b.n	200089be <_vsnprintf+0x322>
20008a24:	2308      	movs	r3, #8
20008a26:	469c      	mov	ip, r3
20008a28:	e7c9      	b.n	200089be <_vsnprintf+0x322>
20008a2a:	2302      	movs	r3, #2
20008a2c:	469c      	mov	ip, r3
20008a2e:	e7c6      	b.n	200089be <_vsnprintf+0x322>
20008a30:	2220      	movs	r2, #32
20008a32:	4317      	orrs	r7, r2
20008a34:	e7c5      	b.n	200089c2 <_vsnprintf+0x326>
20008a36:	05ba      	lsls	r2, r7, #22
20008a38:	d420      	bmi.n	20008a7c <_vsnprintf+0x3e0>
20008a3a:	05fa      	lsls	r2, r7, #23
20008a3c:	d451      	bmi.n	20008ae2 <_vsnprintf+0x446>
20008a3e:	067a      	lsls	r2, r7, #25
20008a40:	d567      	bpl.n	20008b12 <_vsnprintf+0x476>
20008a42:	9a1c      	ldr	r2, [sp, #112]	@ 0x70
20008a44:	1d11      	adds	r1, r2, #4
20008a46:	911c      	str	r1, [sp, #112]	@ 0x70
20008a48:	6811      	ldr	r1, [r2, #0]
20008a4a:	22ff      	movs	r2, #255	@ 0xff
20008a4c:	400a      	ands	r2, r1
20008a4e:	17d0      	asrs	r0, r2, #31
20008a50:	1811      	adds	r1, r2, r0
20008a52:	4041      	eors	r1, r0
20008a54:	9705      	str	r7, [sp, #20]
20008a56:	9b0b      	ldr	r3, [sp, #44]	@ 0x2c
20008a58:	9304      	str	r3, [sp, #16]
20008a5a:	9403      	str	r4, [sp, #12]
20008a5c:	4663      	mov	r3, ip
20008a5e:	9302      	str	r3, [sp, #8]
20008a60:	0fd2      	lsrs	r2, r2, #31
20008a62:	9201      	str	r2, [sp, #4]
20008a64:	9100      	str	r1, [sp, #0]
20008a66:	4643      	mov	r3, r8
20008a68:	002a      	movs	r2, r5
20008a6a:	4651      	mov	r1, sl
20008a6c:	0030      	movs	r0, r6
20008a6e:	f7ff f979 	bl	20007d64 <_ntoa_long>
20008a72:	0005      	movs	r5, r0
20008a74:	9b11      	ldr	r3, [sp, #68]	@ 0x44
20008a76:	3301      	adds	r3, #1
20008a78:	9311      	str	r3, [sp, #68]	@ 0x44
20008a7a:	e61f      	b.n	200086bc <_vsnprintf+0x20>
20008a7c:	9a1c      	ldr	r2, [sp, #112]	@ 0x70
20008a7e:	3207      	adds	r2, #7
20008a80:	2107      	movs	r1, #7
20008a82:	438a      	bics	r2, r1
20008a84:	0011      	movs	r1, r2
20008a86:	3108      	adds	r1, #8
20008a88:	911c      	str	r1, [sp, #112]	@ 0x70
20008a8a:	6811      	ldr	r1, [r2, #0]
20008a8c:	6853      	ldr	r3, [r2, #4]
20008a8e:	4699      	mov	r9, r3
20008a90:	17db      	asrs	r3, r3, #31
20008a92:	930c      	str	r3, [sp, #48]	@ 0x30
20008a94:	930d      	str	r3, [sp, #52]	@ 0x34
20008a96:	9a0c      	ldr	r2, [sp, #48]	@ 0x30
20008a98:	9b0d      	ldr	r3, [sp, #52]	@ 0x34
20008a9a:	0010      	movs	r0, r2
20008a9c:	4048      	eors	r0, r1
20008a9e:	900e      	str	r0, [sp, #56]	@ 0x38
20008aa0:	9b0d      	ldr	r3, [sp, #52]	@ 0x34
20008aa2:	4649      	mov	r1, r9
20008aa4:	404b      	eors	r3, r1
20008aa6:	930f      	str	r3, [sp, #60]	@ 0x3c
20008aa8:	980e      	ldr	r0, [sp, #56]	@ 0x38
20008aaa:	990f      	ldr	r1, [sp, #60]	@ 0x3c
20008aac:	9a0c      	ldr	r2, [sp, #48]	@ 0x30
20008aae:	9b0d      	ldr	r3, [sp, #52]	@ 0x34
20008ab0:	1a80      	subs	r0, r0, r2
20008ab2:	4199      	sbcs	r1, r3
20008ab4:	900e      	str	r0, [sp, #56]	@ 0x38
20008ab6:	910f      	str	r1, [sp, #60]	@ 0x3c
20008ab8:	9708      	str	r7, [sp, #32]
20008aba:	9b0b      	ldr	r3, [sp, #44]	@ 0x2c
20008abc:	9307      	str	r3, [sp, #28]
20008abe:	9406      	str	r4, [sp, #24]
20008ac0:	4663      	mov	r3, ip
20008ac2:	9304      	str	r3, [sp, #16]
20008ac4:	2300      	movs	r3, #0
20008ac6:	9305      	str	r3, [sp, #20]
20008ac8:	464b      	mov	r3, r9
20008aca:	0fda      	lsrs	r2, r3, #31
20008acc:	9202      	str	r2, [sp, #8]
20008ace:	9000      	str	r0, [sp, #0]
20008ad0:	9101      	str	r1, [sp, #4]
20008ad2:	4643      	mov	r3, r8
20008ad4:	002a      	movs	r2, r5
20008ad6:	4651      	mov	r1, sl
20008ad8:	0030      	movs	r0, r6
20008ada:	f7ff f99f 	bl	20007e1c <_ntoa_long_long>
20008ade:	0005      	movs	r5, r0
20008ae0:	e7c8      	b.n	20008a74 <_vsnprintf+0x3d8>
20008ae2:	9a1c      	ldr	r2, [sp, #112]	@ 0x70
20008ae4:	1d11      	adds	r1, r2, #4
20008ae6:	911c      	str	r1, [sp, #112]	@ 0x70
20008ae8:	6812      	ldr	r2, [r2, #0]
20008aea:	17d0      	asrs	r0, r2, #31
20008aec:	1811      	adds	r1, r2, r0
20008aee:	4041      	eors	r1, r0
20008af0:	9705      	str	r7, [sp, #20]
20008af2:	9b0b      	ldr	r3, [sp, #44]	@ 0x2c
20008af4:	9304      	str	r3, [sp, #16]
20008af6:	9403      	str	r4, [sp, #12]
20008af8:	4663      	mov	r3, ip
20008afa:	9302      	str	r3, [sp, #8]
20008afc:	0fd2      	lsrs	r2, r2, #31
20008afe:	9201      	str	r2, [sp, #4]
20008b00:	9100      	str	r1, [sp, #0]
20008b02:	4643      	mov	r3, r8
20008b04:	002a      	movs	r2, r5
20008b06:	4651      	mov	r1, sl
20008b08:	0030      	movs	r0, r6
20008b0a:	f7ff f92b 	bl	20007d64 <_ntoa_long>
20008b0e:	0005      	movs	r5, r0
20008b10:	e7b0      	b.n	20008a74 <_vsnprintf+0x3d8>
20008b12:	063a      	lsls	r2, r7, #24
20008b14:	d505      	bpl.n	20008b22 <_vsnprintf+0x486>
20008b16:	9a1c      	ldr	r2, [sp, #112]	@ 0x70
20008b18:	1d11      	adds	r1, r2, #4
20008b1a:	911c      	str	r1, [sp, #112]	@ 0x70
20008b1c:	2300      	movs	r3, #0
20008b1e:	5ed2      	ldrsh	r2, [r2, r3]
20008b20:	e795      	b.n	20008a4e <_vsnprintf+0x3b2>
20008b22:	9a1c      	ldr	r2, [sp, #112]	@ 0x70
20008b24:	1d11      	adds	r1, r2, #4
20008b26:	911c      	str	r1, [sp, #112]	@ 0x70
20008b28:	6812      	ldr	r2, [r2, #0]
20008b2a:	e790      	b.n	20008a4e <_vsnprintf+0x3b2>
20008b2c:	9a1c      	ldr	r2, [sp, #112]	@ 0x70
20008b2e:	3207      	adds	r2, #7
20008b30:	2107      	movs	r1, #7
20008b32:	438a      	bics	r2, r1
20008b34:	0011      	movs	r1, r2
20008b36:	3108      	adds	r1, #8
20008b38:	911c      	str	r1, [sp, #112]	@ 0x70
20008b3a:	9708      	str	r7, [sp, #32]
20008b3c:	9b0b      	ldr	r3, [sp, #44]	@ 0x2c
20008b3e:	9307      	str	r3, [sp, #28]
20008b40:	9406      	str	r4, [sp, #24]
20008b42:	4663      	mov	r3, ip
20008b44:	9304      	str	r3, [sp, #16]
20008b46:	2300      	movs	r3, #0
20008b48:	9305      	str	r3, [sp, #20]
20008b4a:	9302      	str	r3, [sp, #8]
20008b4c:	ca0c      	ldmia	r2, {r2, r3}
20008b4e:	9200      	str	r2, [sp, #0]
20008b50:	9301      	str	r3, [sp, #4]
20008b52:	4643      	mov	r3, r8
20008b54:	002a      	movs	r2, r5
20008b56:	4651      	mov	r1, sl
20008b58:	0030      	movs	r0, r6
20008b5a:	f7ff f95f 	bl	20007e1c <_ntoa_long_long>
20008b5e:	0005      	movs	r5, r0
20008b60:	e788      	b.n	20008a74 <_vsnprintf+0x3d8>
20008b62:	9a1c      	ldr	r2, [sp, #112]	@ 0x70
20008b64:	1d11      	adds	r1, r2, #4
20008b66:	911c      	str	r1, [sp, #112]	@ 0x70
20008b68:	9705      	str	r7, [sp, #20]
20008b6a:	9b0b      	ldr	r3, [sp, #44]	@ 0x2c
20008b6c:	9304      	str	r3, [sp, #16]
20008b6e:	9403      	str	r4, [sp, #12]
20008b70:	4663      	mov	r3, ip
20008b72:	9302      	str	r3, [sp, #8]
20008b74:	2300      	movs	r3, #0
20008b76:	9301      	str	r3, [sp, #4]
20008b78:	6813      	ldr	r3, [r2, #0]
20008b7a:	9300      	str	r3, [sp, #0]
20008b7c:	4643      	mov	r3, r8
20008b7e:	002a      	movs	r2, r5
20008b80:	4651      	mov	r1, sl
20008b82:	0030      	movs	r0, r6
20008b84:	f7ff f8ee 	bl	20007d64 <_ntoa_long>
20008b88:	0005      	movs	r5, r0
20008b8a:	e773      	b.n	20008a74 <_vsnprintf+0x3d8>
20008b8c:	063a      	lsls	r2, r7, #24
20008b8e:	d506      	bpl.n	20008b9e <_vsnprintf+0x502>
20008b90:	9a1c      	ldr	r2, [sp, #112]	@ 0x70
20008b92:	1d11      	adds	r1, r2, #4
20008b94:	911c      	str	r1, [sp, #112]	@ 0x70
20008b96:	6812      	ldr	r2, [r2, #0]
20008b98:	0412      	lsls	r2, r2, #16
20008b9a:	0c12      	lsrs	r2, r2, #16
20008b9c:	e72e      	b.n	200089fc <_vsnprintf+0x360>
20008b9e:	9a1c      	ldr	r2, [sp, #112]	@ 0x70
20008ba0:	1d11      	adds	r1, r2, #4
20008ba2:	911c      	str	r1, [sp, #112]	@ 0x70
20008ba4:	6812      	ldr	r2, [r2, #0]
20008ba6:	e729      	b.n	200089fc <_vsnprintf+0x360>
20008ba8:	2320      	movs	r3, #32
20008baa:	431f      	orrs	r7, r3
20008bac:	e6df      	b.n	2000896e <_vsnprintf+0x2d2>
20008bae:	1c57      	adds	r7, r2, #1
20008bb0:	4643      	mov	r3, r8
20008bb2:	4651      	mov	r1, sl
20008bb4:	2020      	movs	r0, #32
20008bb6:	47b0      	blx	r6
20008bb8:	0023      	movs	r3, r4
20008bba:	003a      	movs	r2, r7
20008bbc:	1c5c      	adds	r4, r3, #1
20008bbe:	429d      	cmp	r5, r3
20008bc0:	d8f5      	bhi.n	20008bae <_vsnprintf+0x512>
20008bc2:	0015      	movs	r5, r2
20008bc4:	e64f      	b.n	20008866 <_vsnprintf+0x1ca>
20008bc6:	2301      	movs	r3, #1
20008bc8:	002a      	movs	r2, r5
20008bca:	9d0b      	ldr	r5, [sp, #44]	@ 0x2c
20008bcc:	e7f6      	b.n	20008bbc <_vsnprintf+0x520>
20008bce:	003a      	movs	r2, r7
20008bd0:	46b1      	mov	r9, r6
20008bd2:	9e0b      	ldr	r6, [sp, #44]	@ 0x2c
20008bd4:	e006      	b.n	20008be4 <_vsnprintf+0x548>
20008bd6:	1c57      	adds	r7, r2, #1
20008bd8:	4643      	mov	r3, r8
20008bda:	4651      	mov	r1, sl
20008bdc:	2020      	movs	r0, #32
20008bde:	47c8      	blx	r9
20008be0:	002c      	movs	r4, r5
20008be2:	003a      	movs	r2, r7
20008be4:	1c65      	adds	r5, r4, #1
20008be6:	42a6      	cmp	r6, r4
20008be8:	d8f5      	bhi.n	20008bd6 <_vsnprintf+0x53a>
20008bea:	0017      	movs	r7, r2
20008bec:	464e      	mov	r6, r9
20008bee:	e647      	b.n	20008880 <_vsnprintf+0x1e4>
20008bf0:	3301      	adds	r3, #1
20008bf2:	000a      	movs	r2, r1
20008bf4:	7819      	ldrb	r1, [r3, #0]
20008bf6:	2900      	cmp	r1, #0
20008bf8:	d002      	beq.n	20008c00 <_vsnprintf+0x564>
20008bfa:	1e51      	subs	r1, r2, #1
20008bfc:	2a00      	cmp	r2, #0
20008bfe:	d1f7      	bne.n	20008bf0 <_vsnprintf+0x554>
20008c00:	465a      	mov	r2, fp
20008c02:	1a9b      	subs	r3, r3, r2
20008c04:	2280      	movs	r2, #128	@ 0x80
20008c06:	00d2      	lsls	r2, r2, #3
20008c08:	0039      	movs	r1, r7
20008c0a:	4011      	ands	r1, r2
20008c0c:	4689      	mov	r9, r1
20008c0e:	4217      	tst	r7, r2
20008c10:	d002      	beq.n	20008c18 <_vsnprintf+0x57c>
20008c12:	42a3      	cmp	r3, r4
20008c14:	d900      	bls.n	20008c18 <_vsnprintf+0x57c>
20008c16:	0023      	movs	r3, r4
20008c18:	2202      	movs	r2, #2
20008c1a:	0011      	movs	r1, r2
20008c1c:	4039      	ands	r1, r7
20008c1e:	9110      	str	r1, [sp, #64]	@ 0x40
20008c20:	423a      	tst	r2, r7
20008c22:	d009      	beq.n	20008c38 <_vsnprintf+0x59c>
20008c24:	002a      	movs	r2, r5
20008c26:	0025      	movs	r5, r4
20008c28:	465f      	mov	r7, fp
20008c2a:	469b      	mov	fp, r3
20008c2c:	0033      	movs	r3, r6
20008c2e:	464e      	mov	r6, r9
20008c30:	4699      	mov	r9, r3
20008c32:	e021      	b.n	20008c78 <_vsnprintf+0x5dc>
20008c34:	0022      	movs	r2, r4
20008c36:	e690      	b.n	2000895a <_vsnprintf+0x2be>
20008c38:	002a      	movs	r2, r5
20008c3a:	4655      	mov	r5, sl
20008c3c:	46a2      	mov	sl, r4
20008c3e:	e006      	b.n	20008c4e <_vsnprintf+0x5b2>
20008c40:	1c54      	adds	r4, r2, #1
20008c42:	4643      	mov	r3, r8
20008c44:	0029      	movs	r1, r5
20008c46:	2020      	movs	r0, #32
20008c48:	47b0      	blx	r6
20008c4a:	003b      	movs	r3, r7
20008c4c:	0022      	movs	r2, r4
20008c4e:	1c5f      	adds	r7, r3, #1
20008c50:	990b      	ldr	r1, [sp, #44]	@ 0x2c
20008c52:	4299      	cmp	r1, r3
20008c54:	d8f4      	bhi.n	20008c40 <_vsnprintf+0x5a4>
20008c56:	4654      	mov	r4, sl
20008c58:	46aa      	mov	sl, r5
20008c5a:	003b      	movs	r3, r7
20008c5c:	0025      	movs	r5, r4
20008c5e:	465f      	mov	r7, fp
20008c60:	469b      	mov	fp, r3
20008c62:	0033      	movs	r3, r6
20008c64:	464e      	mov	r6, r9
20008c66:	4699      	mov	r9, r3
20008c68:	e006      	b.n	20008c78 <_vsnprintf+0x5dc>
20008c6a:	001d      	movs	r5, r3
20008c6c:	3701      	adds	r7, #1
20008c6e:	1c54      	adds	r4, r2, #1
20008c70:	4643      	mov	r3, r8
20008c72:	4651      	mov	r1, sl
20008c74:	47c8      	blx	r9
20008c76:	0022      	movs	r2, r4
20008c78:	7838      	ldrb	r0, [r7, #0]
20008c7a:	2800      	cmp	r0, #0
20008c7c:	d004      	beq.n	20008c88 <_vsnprintf+0x5ec>
20008c7e:	2e00      	cmp	r6, #0
20008c80:	d0f4      	beq.n	20008c6c <_vsnprintf+0x5d0>
20008c82:	1e6b      	subs	r3, r5, #1
20008c84:	2d00      	cmp	r5, #0
20008c86:	d1f0      	bne.n	20008c6a <_vsnprintf+0x5ce>
20008c88:	0015      	movs	r5, r2
20008c8a:	465b      	mov	r3, fp
20008c8c:	464e      	mov	r6, r9
20008c8e:	9a10      	ldr	r2, [sp, #64]	@ 0x40
20008c90:	2a00      	cmp	r2, #0
20008c92:	d103      	bne.n	20008c9c <_vsnprintf+0x600>
20008c94:	9b11      	ldr	r3, [sp, #68]	@ 0x44
20008c96:	3301      	adds	r3, #1
20008c98:	9311      	str	r3, [sp, #68]	@ 0x44
20008c9a:	e50f      	b.n	200086bc <_vsnprintf+0x20>
20008c9c:	002a      	movs	r2, r5
20008c9e:	9f0b      	ldr	r7, [sp, #44]	@ 0x2c
20008ca0:	e006      	b.n	20008cb0 <_vsnprintf+0x614>
20008ca2:	1c55      	adds	r5, r2, #1
20008ca4:	4643      	mov	r3, r8
20008ca6:	4651      	mov	r1, sl
20008ca8:	2020      	movs	r0, #32
20008caa:	47b0      	blx	r6
20008cac:	0023      	movs	r3, r4
20008cae:	002a      	movs	r2, r5
20008cb0:	1c5c      	adds	r4, r3, #1
20008cb2:	429f      	cmp	r7, r3
20008cb4:	d8f5      	bhi.n	20008ca2 <_vsnprintf+0x606>
20008cb6:	0015      	movs	r5, r2
20008cb8:	e7ec      	b.n	20008c94 <_vsnprintf+0x5f8>
20008cba:	2321      	movs	r3, #33	@ 0x21
20008cbc:	433b      	orrs	r3, r7
20008cbe:	9a1c      	ldr	r2, [sp, #112]	@ 0x70
20008cc0:	1d11      	adds	r1, r2, #4
20008cc2:	911c      	str	r1, [sp, #112]	@ 0x70
20008cc4:	6812      	ldr	r2, [r2, #0]
20008cc6:	9305      	str	r3, [sp, #20]
20008cc8:	2308      	movs	r3, #8
20008cca:	9304      	str	r3, [sp, #16]
20008ccc:	9403      	str	r4, [sp, #12]
20008cce:	3308      	adds	r3, #8
20008cd0:	9302      	str	r3, [sp, #8]
20008cd2:	2300      	movs	r3, #0
20008cd4:	9301      	str	r3, [sp, #4]
20008cd6:	9200      	str	r2, [sp, #0]
20008cd8:	4643      	mov	r3, r8
20008cda:	002a      	movs	r2, r5
20008cdc:	4651      	mov	r1, sl
20008cde:	0030      	movs	r0, r6
20008ce0:	f7ff f840 	bl	20007d64 <_ntoa_long>
20008ce4:	0005      	movs	r5, r0
20008ce6:	9b11      	ldr	r3, [sp, #68]	@ 0x44
20008ce8:	3301      	adds	r3, #1
20008cea:	9311      	str	r3, [sp, #68]	@ 0x44
20008cec:	e4e6      	b.n	200086bc <_vsnprintf+0x20>
20008cee:	4b0b      	ldr	r3, [pc, #44]	@ (20008d1c <_vsnprintf+0x680>)
20008cf0:	469b      	mov	fp, r3
20008cf2:	e4e1      	b.n	200086b8 <_vsnprintf+0x1c>
20008cf4:	46b3      	mov	fp, r6
20008cf6:	4545      	cmp	r5, r8
20008cf8:	d30d      	bcc.n	20008d16 <_vsnprintf+0x67a>
20008cfa:	4643      	mov	r3, r8
20008cfc:	1e5a      	subs	r2, r3, #1
20008cfe:	4643      	mov	r3, r8
20008d00:	4651      	mov	r1, sl
20008d02:	2000      	movs	r0, #0
20008d04:	47d8      	blx	fp
20008d06:	0028      	movs	r0, r5
20008d08:	b013      	add	sp, #76	@ 0x4c
20008d0a:	bcf0      	pop	{r4, r5, r6, r7}
20008d0c:	46bb      	mov	fp, r7
20008d0e:	46b2      	mov	sl, r6
20008d10:	46a9      	mov	r9, r5
20008d12:	46a0      	mov	r8, r4
20008d14:	bdf0      	pop	{r4, r5, r6, r7, pc}
20008d16:	002a      	movs	r2, r5
20008d18:	e7f1      	b.n	20008cfe <_vsnprintf+0x662>
20008d1a:	46c0      	nop			@ (mov r8, r8)
20008d1c:	20007b61 	.word	0x20007b61

20008d20 <__wrap_sprintf>:
20008d20:	b40e      	push	{r1, r2, r3}
20008d22:	b500      	push	{lr}
20008d24:	b084      	sub	sp, #16
20008d26:	0001      	movs	r1, r0
20008d28:	aa05      	add	r2, sp, #20
20008d2a:	ca08      	ldmia	r2!, {r3}
20008d2c:	9203      	str	r2, [sp, #12]
20008d2e:	2001      	movs	r0, #1
20008d30:	4684      	mov	ip, r0
20008d32:	4805      	ldr	r0, [pc, #20]	@ (20008d48 <__wrap_sprintf+0x28>)
20008d34:	9200      	str	r2, [sp, #0]
20008d36:	4662      	mov	r2, ip
20008d38:	4252      	negs	r2, r2
20008d3a:	f7ff fcaf 	bl	2000869c <_vsnprintf>
20008d3e:	b004      	add	sp, #16
20008d40:	bc08      	pop	{r3}
20008d42:	b003      	add	sp, #12
20008d44:	4718      	bx	r3
20008d46:	46c0      	nop			@ (mov r8, r8)
20008d48:	20007b59 	.word	0x20007b59

20008d4c <__wrap_snprintf>:
20008d4c:	b40c      	push	{r2, r3}
20008d4e:	b500      	push	{lr}
20008d50:	b085      	sub	sp, #20
20008d52:	4684      	mov	ip, r0
20008d54:	000a      	movs	r2, r1
20008d56:	a906      	add	r1, sp, #24
20008d58:	c908      	ldmia	r1!, {r3}
20008d5a:	9103      	str	r1, [sp, #12]
20008d5c:	4804      	ldr	r0, [pc, #16]	@ (20008d70 <__wrap_snprintf+0x24>)
20008d5e:	9100      	str	r1, [sp, #0]
20008d60:	4661      	mov	r1, ip
20008d62:	f7ff fc9b 	bl	2000869c <_vsnprintf>
20008d66:	b005      	add	sp, #20
20008d68:	bc08      	pop	{r3}
20008d6a:	b002      	add	sp, #8
20008d6c:	4718      	bx	r3
20008d6e:	46c0      	nop			@ (mov r8, r8)
20008d70:	20007b59 	.word	0x20007b59

20008d74 <vfctprintf>:
20008d74:	b500      	push	{lr}
20008d76:	b085      	sub	sp, #20
20008d78:	468c      	mov	ip, r1
20008d7a:	a902      	add	r1, sp, #8
20008d7c:	9002      	str	r0, [sp, #8]
20008d7e:	4660      	mov	r0, ip
20008d80:	6048      	str	r0, [r1, #4]
20008d82:	2001      	movs	r0, #1
20008d84:	4684      	mov	ip, r0
20008d86:	4804      	ldr	r0, [pc, #16]	@ (20008d98 <vfctprintf+0x24>)
20008d88:	9300      	str	r3, [sp, #0]
20008d8a:	0013      	movs	r3, r2
20008d8c:	4662      	mov	r2, ip
20008d8e:	4252      	negs	r2, r2
20008d90:	f7ff fc84 	bl	2000869c <_vsnprintf>
20008d94:	b005      	add	sp, #20
20008d96:	bd00      	pop	{pc}
20008d98:	20007b63 	.word	0x20007b63

20008d9c <_exit>:
20008d9c:	be00      	bkpt	0x0000
20008d9e:	e7fd      	b.n	20008d9c <_exit>

20008da0 <_fini>:
20008da0:	4770      	bx	lr
	...

20008da4 <_sbrk>:
20008da4:	0003      	movs	r3, r0
20008da6:	4a0a      	ldr	r2, [pc, #40]	@ (20008dd0 <_sbrk+0x2c>)
20008da8:	6812      	ldr	r2, [r2, #0]
20008daa:	2a00      	cmp	r2, #0
20008dac:	d008      	beq.n	20008dc0 <_sbrk+0x1c>
20008dae:	4a08      	ldr	r2, [pc, #32]	@ (20008dd0 <_sbrk+0x2c>)
20008db0:	6810      	ldr	r0, [r2, #0]
20008db2:	18c3      	adds	r3, r0, r3
20008db4:	4a07      	ldr	r2, [pc, #28]	@ (20008dd4 <_sbrk+0x30>)
20008db6:	429a      	cmp	r2, r3
20008db8:	d306      	bcc.n	20008dc8 <_sbrk+0x24>
20008dba:	4a05      	ldr	r2, [pc, #20]	@ (20008dd0 <_sbrk+0x2c>)
20008dbc:	6013      	str	r3, [r2, #0]
20008dbe:	4770      	bx	lr
20008dc0:	4a03      	ldr	r2, [pc, #12]	@ (20008dd0 <_sbrk+0x2c>)
20008dc2:	4905      	ldr	r1, [pc, #20]	@ (20008dd8 <_sbrk+0x34>)
20008dc4:	6011      	str	r1, [r2, #0]
20008dc6:	e7f2      	b.n	20008dae <_sbrk+0xa>
20008dc8:	2001      	movs	r0, #1
20008dca:	4240      	negs	r0, r0
20008dcc:	e7f7      	b.n	20008dbe <_sbrk+0x1a>
20008dce:	46c0      	nop			@ (mov r8, r8)
20008dd0:	2000f288 	.word	0x2000f288
20008dd4:	20040000 	.word	0x20040000
20008dd8:	20016d60 	.word	0x20016d60

20008ddc <_read>:
20008ddc:	b510      	push	{r4, lr}
20008dde:	0003      	movs	r3, r0
20008de0:	0008      	movs	r0, r1
20008de2:	0011      	movs	r1, r2
20008de4:	2b00      	cmp	r3, #0
20008de6:	d104      	bne.n	20008df2 <_read+0x16>
20008de8:	4b03      	ldr	r3, [pc, #12]	@ (20008df8 <_read+0x1c>)
20008dea:	cb0c      	ldmia	r3, {r2, r3}
20008dec:	f000 f930 	bl	20009050 <stdio_get_until>
20008df0:	bd10      	pop	{r4, pc}
20008df2:	2001      	movs	r0, #1
20008df4:	4240      	negs	r0, r0
20008df6:	e7fb      	b.n	20008df0 <_read+0x14>
20008df8:	2000cd28 	.word	0x2000cd28

20008dfc <_write>:
20008dfc:	b510      	push	{r4, lr}
20008dfe:	0003      	movs	r3, r0
20008e00:	0008      	movs	r0, r1
20008e02:	0014      	movs	r4, r2
20008e04:	3b01      	subs	r3, #1
20008e06:	2b01      	cmp	r3, #1
20008e08:	d806      	bhi.n	20008e18 <_write+0x1c>
20008e0a:	2301      	movs	r3, #1
20008e0c:	2200      	movs	r2, #0
20008e0e:	0021      	movs	r1, r4
20008e10:	f000 f8d4 	bl	20008fbc <stdio_put_string>
20008e14:	0020      	movs	r0, r4
20008e16:	bd10      	pop	{r4, pc}
20008e18:	2001      	movs	r0, #1
20008e1a:	4240      	negs	r0, r0
20008e1c:	e7fb      	b.n	20008e16 <_write+0x1a>

20008e1e <_close>:
20008e1e:	2001      	movs	r0, #1
20008e20:	4240      	negs	r0, r0
20008e22:	4770      	bx	lr

20008e24 <_lseek>:
20008e24:	2001      	movs	r0, #1
20008e26:	4240      	negs	r0, r0
20008e28:	4770      	bx	lr

20008e2a <exit>:
20008e2a:	b510      	push	{r4, lr}
20008e2c:	f7ff ffb6 	bl	20008d9c <_exit>

20008e30 <__assert_func>:
20008e30:	b510      	push	{r4, lr}
20008e32:	b082      	sub	sp, #8
20008e34:	4684      	mov	ip, r0
20008e36:	000c      	movs	r4, r1
20008e38:	0019      	movs	r1, r3
20008e3a:	2a00      	cmp	r2, #0
20008e3c:	d00a      	beq.n	20008e54 <__assert_func+0x24>
20008e3e:	4b07      	ldr	r3, [pc, #28]	@ (20008e5c <__assert_func+0x2c>)
20008e40:	4807      	ldr	r0, [pc, #28]	@ (20008e60 <__assert_func+0x30>)
20008e42:	9201      	str	r2, [sp, #4]
20008e44:	9300      	str	r3, [sp, #0]
20008e46:	0023      	movs	r3, r4
20008e48:	4662      	mov	r2, ip
20008e4a:	f000 f995 	bl	20009178 <__wrap_printf>
20008e4e:	2001      	movs	r0, #1
20008e50:	f7ff ffa4 	bl	20008d9c <_exit>
20008e54:	4b03      	ldr	r3, [pc, #12]	@ (20008e64 <__assert_func+0x34>)
20008e56:	001a      	movs	r2, r3
20008e58:	e7f2      	b.n	20008e40 <__assert_func+0x10>
20008e5a:	46c0      	nop			@ (mov r8, r8)
20008e5c:	2000c69c 	.word	0x2000c69c
20008e60:	2000c6ac 	.word	0x2000c6ac
20008e64:	2000aae4 	.word	0x2000aae4

20008e68 <runtime_init>:
20008e68:	b510      	push	{r4, lr}
20008e6a:	f3ef 8305 	mrs	r3, IPSR
20008e6e:	2b00      	cmp	r3, #0
20008e70:	d000      	beq.n	20008e74 <runtime_init+0xc>
20008e72:	be00      	bkpt	0x0000
20008e74:	f7fd fd96 	bl	200069a4 <runtime_run_initializers>
20008e78:	4c03      	ldr	r4, [pc, #12]	@ (20008e88 <runtime_init+0x20>)
20008e7a:	e001      	b.n	20008e80 <runtime_init+0x18>
20008e7c:	cc08      	ldmia	r4!, {r3}
20008e7e:	4798      	blx	r3
20008e80:	4b02      	ldr	r3, [pc, #8]	@ (20008e8c <runtime_init+0x24>)
20008e82:	429c      	cmp	r4, r3
20008e84:	d3fa      	bcc.n	20008e7c <runtime_init+0x14>
20008e86:	bd10      	pop	{r4, pc}
20008e88:	2000d608 	.word	0x2000d608
20008e8c:	2000d608 	.word	0x2000d608

20008e90 <stdio_out_chars_no_crlf>:
20008e90:	b510      	push	{r4, lr}
20008e92:	0003      	movs	r3, r0
20008e94:	0008      	movs	r0, r1
20008e96:	0011      	movs	r1, r2
20008e98:	681b      	ldr	r3, [r3, #0]
20008e9a:	4798      	blx	r3
20008e9c:	bd10      	pop	{r4, pc}
	...

20008ea0 <stdio_out_chars_crlf>:
20008ea0:	b5f8      	push	{r3, r4, r5, r6, r7, lr}
20008ea2:	0007      	movs	r7, r0
20008ea4:	000d      	movs	r5, r1
20008ea6:	0016      	movs	r6, r2
20008ea8:	7d43      	ldrb	r3, [r0, #21]
20008eaa:	2b00      	cmp	r3, #0
20008eac:	d002      	beq.n	20008eb4 <stdio_out_chars_crlf+0x14>
20008eae:	2400      	movs	r4, #0
20008eb0:	2000      	movs	r0, #0
20008eb2:	e00c      	b.n	20008ece <stdio_out_chars_crlf+0x2e>
20008eb4:	6803      	ldr	r3, [r0, #0]
20008eb6:	0011      	movs	r1, r2
20008eb8:	0028      	movs	r0, r5
20008eba:	4798      	blx	r3
20008ebc:	e02b      	b.n	20008f16 <stdio_out_chars_crlf+0x76>
20008ebe:	7d3b      	ldrb	r3, [r7, #20]
20008ec0:	e00f      	b.n	20008ee2 <stdio_out_chars_crlf+0x42>
20008ec2:	683b      	ldr	r3, [r7, #0]
20008ec4:	4814      	ldr	r0, [pc, #80]	@ (20008f18 <stdio_out_chars_crlf+0x78>)
20008ec6:	2102      	movs	r1, #2
20008ec8:	4798      	blx	r3
20008eca:	1c60      	adds	r0, r4, #1
20008ecc:	3401      	adds	r4, #1
20008ece:	42b4      	cmp	r4, r6
20008ed0:	da13      	bge.n	20008efa <stdio_out_chars_crlf+0x5a>
20008ed2:	2c00      	cmp	r4, #0
20008ed4:	ddf3      	ble.n	20008ebe <stdio_out_chars_crlf+0x1e>
20008ed6:	1e63      	subs	r3, r4, #1
20008ed8:	5ceb      	ldrb	r3, [r5, r3]
20008eda:	3b0d      	subs	r3, #13
20008edc:	425a      	negs	r2, r3
20008ede:	4153      	adcs	r3, r2
20008ee0:	b2db      	uxtb	r3, r3
20008ee2:	5d2a      	ldrb	r2, [r5, r4]
20008ee4:	2a0a      	cmp	r2, #10
20008ee6:	d1f1      	bne.n	20008ecc <stdio_out_chars_crlf+0x2c>
20008ee8:	2b00      	cmp	r3, #0
20008eea:	d1ef      	bne.n	20008ecc <stdio_out_chars_crlf+0x2c>
20008eec:	42a0      	cmp	r0, r4
20008eee:	dae8      	bge.n	20008ec2 <stdio_out_chars_crlf+0x22>
20008ef0:	683b      	ldr	r3, [r7, #0]
20008ef2:	1a21      	subs	r1, r4, r0
20008ef4:	1828      	adds	r0, r5, r0
20008ef6:	4798      	blx	r3
20008ef8:	e7e3      	b.n	20008ec2 <stdio_out_chars_crlf+0x22>
20008efa:	42b0      	cmp	r0, r6
20008efc:	da03      	bge.n	20008f06 <stdio_out_chars_crlf+0x66>
20008efe:	683b      	ldr	r3, [r7, #0]
20008f00:	1a31      	subs	r1, r6, r0
20008f02:	1828      	adds	r0, r5, r0
20008f04:	4798      	blx	r3
20008f06:	2e00      	cmp	r6, #0
20008f08:	dd05      	ble.n	20008f16 <stdio_out_chars_crlf+0x76>
20008f0a:	3e01      	subs	r6, #1
20008f0c:	5dab      	ldrb	r3, [r5, r6]
20008f0e:	3b0d      	subs	r3, #13
20008f10:	425a      	negs	r2, r3
20008f12:	4153      	adcs	r3, r2
20008f14:	753b      	strb	r3, [r7, #20]
20008f16:	bdf8      	pop	{r3, r4, r5, r6, r7, pc}
20008f18:	2000ce20 	.word	0x2000ce20

20008f1c <stdio_stack_buffer_flush>:
20008f1c:	b570      	push	{r4, r5, r6, lr}
20008f1e:	0005      	movs	r5, r0
20008f20:	6803      	ldr	r3, [r0, #0]
20008f22:	2b00      	cmp	r3, #0
20008f24:	d016      	beq.n	20008f54 <stdio_stack_buffer_flush+0x38>
20008f26:	4b0c      	ldr	r3, [pc, #48]	@ (20008f58 <stdio_stack_buffer_flush+0x3c>)
20008f28:	681c      	ldr	r4, [r3, #0]
20008f2a:	e005      	b.n	20008f38 <stdio_stack_buffer_flush+0x1c>
20008f2c:	0029      	movs	r1, r5
20008f2e:	c904      	ldmia	r1!, {r2}
20008f30:	0020      	movs	r0, r4
20008f32:	f7ff ffb5 	bl	20008ea0 <stdio_out_chars_crlf>
20008f36:	6924      	ldr	r4, [r4, #16]
20008f38:	2c00      	cmp	r4, #0
20008f3a:	d009      	beq.n	20008f50 <stdio_stack_buffer_flush+0x34>
20008f3c:	6823      	ldr	r3, [r4, #0]
20008f3e:	2b00      	cmp	r3, #0
20008f40:	d0f9      	beq.n	20008f36 <stdio_stack_buffer_flush+0x1a>
20008f42:	4b06      	ldr	r3, [pc, #24]	@ (20008f5c <stdio_stack_buffer_flush+0x40>)
20008f44:	681b      	ldr	r3, [r3, #0]
20008f46:	2b00      	cmp	r3, #0
20008f48:	d0f0      	beq.n	20008f2c <stdio_stack_buffer_flush+0x10>
20008f4a:	42a3      	cmp	r3, r4
20008f4c:	d1f3      	bne.n	20008f36 <stdio_stack_buffer_flush+0x1a>
20008f4e:	e7ed      	b.n	20008f2c <stdio_stack_buffer_flush+0x10>
20008f50:	2300      	movs	r3, #0
20008f52:	602b      	str	r3, [r5, #0]
20008f54:	bd70      	pop	{r4, r5, r6, pc}
20008f56:	46c0      	nop			@ (mov r8, r8)
20008f58:	2000f228 	.word	0x2000f228
20008f5c:	2000f280 	.word	0x2000f280

20008f60 <stdio_buffered_printer>:
20008f60:	b510      	push	{r4, lr}
20008f62:	680b      	ldr	r3, [r1, #0]
20008f64:	1c5a      	adds	r2, r3, #1
20008f66:	600a      	str	r2, [r1, #0]
20008f68:	18cb      	adds	r3, r1, r3
20008f6a:	7118      	strb	r0, [r3, #4]
20008f6c:	2a80      	cmp	r2, #128	@ 0x80
20008f6e:	d000      	beq.n	20008f72 <stdio_buffered_printer+0x12>
20008f70:	bd10      	pop	{r4, pc}
20008f72:	0008      	movs	r0, r1
20008f74:	f7ff ffd2 	bl	20008f1c <stdio_stack_buffer_flush>
20008f78:	e7fa      	b.n	20008f70 <stdio_buffered_printer+0x10>
	...

20008f7c <stdout_serialize_begin>:
20008f7c:	b510      	push	{r4, lr}
20008f7e:	f7fd f969 	bl	20006254 <time_us_64>
20008f82:	4a07      	ldr	r2, [pc, #28]	@ (20008fa0 <stdout_serialize_begin+0x24>)
20008f84:	2300      	movs	r3, #0
20008f86:	1812      	adds	r2, r2, r0
20008f88:	414b      	adcs	r3, r1
20008f8a:	2b00      	cmp	r3, #0
20008f8c:	db03      	blt.n	20008f96 <stdout_serialize_begin+0x1a>
20008f8e:	4805      	ldr	r0, [pc, #20]	@ (20008fa4 <stdout_serialize_begin+0x28>)
20008f90:	f001 faf2 	bl	2000a578 <mutex_try_enter_block_until>
20008f94:	bd10      	pop	{r4, pc}
20008f96:	2201      	movs	r2, #1
20008f98:	4252      	negs	r2, r2
20008f9a:	4b03      	ldr	r3, [pc, #12]	@ (20008fa8 <stdout_serialize_begin+0x2c>)
20008f9c:	e7f7      	b.n	20008f8e <stdout_serialize_begin+0x12>
20008f9e:	46c0      	nop			@ (mov r8, r8)
20008fa0:	000f4240 	.word	0x000f4240
20008fa4:	2000d5c0 	.word	0x2000d5c0
20008fa8:	7fffffff 	.word	0x7fffffff

20008fac <stdout_serialize_end>:
20008fac:	b510      	push	{r4, lr}
20008fae:	4802      	ldr	r0, [pc, #8]	@ (20008fb8 <stdout_serialize_end+0xc>)
20008fb0:	f001 fafc 	bl	2000a5ac <mutex_exit>
20008fb4:	bd10      	pop	{r4, pc}
20008fb6:	46c0      	nop			@ (mov r8, r8)
20008fb8:	2000d5c0 	.word	0x2000d5c0

20008fbc <stdio_put_string>:
20008fbc:	b5f0      	push	{r4, r5, r6, r7, lr}
20008fbe:	46ce      	mov	lr, r9
20008fc0:	4647      	mov	r7, r8
20008fc2:	b580      	push	{r7, lr}
20008fc4:	b083      	sub	sp, #12
20008fc6:	4680      	mov	r8, r0
20008fc8:	000d      	movs	r5, r1
20008fca:	0016      	movs	r6, r2
20008fcc:	001c      	movs	r4, r3
20008fce:	f7ff ffd5 	bl	20008f7c <stdout_serialize_begin>
20008fd2:	4681      	mov	r9, r0
20008fd4:	1c6b      	adds	r3, r5, #1
20008fd6:	d005      	beq.n	20008fe4 <stdio_put_string+0x28>
20008fd8:	2c00      	cmp	r4, #0
20008fda:	d008      	beq.n	20008fee <stdio_put_string+0x32>
20008fdc:	4f18      	ldr	r7, [pc, #96]	@ (20009040 <stdio_put_string+0x84>)
20008fde:	4b19      	ldr	r3, [pc, #100]	@ (20009044 <stdio_put_string+0x88>)
20008fe0:	681c      	ldr	r4, [r3, #0]
20008fe2:	e007      	b.n	20008ff4 <stdio_put_string+0x38>
20008fe4:	4640      	mov	r0, r8
20008fe6:	f001 f887 	bl	2000a0f8 <strlen>
20008fea:	0005      	movs	r5, r0
20008fec:	e7f4      	b.n	20008fd8 <stdio_put_string+0x1c>
20008fee:	4f16      	ldr	r7, [pc, #88]	@ (20009048 <stdio_put_string+0x8c>)
20008ff0:	e7f5      	b.n	20008fde <stdio_put_string+0x22>
20008ff2:	6924      	ldr	r4, [r4, #16]
20008ff4:	2c00      	cmp	r4, #0
20008ff6:	d016      	beq.n	20009026 <stdio_put_string+0x6a>
20008ff8:	6823      	ldr	r3, [r4, #0]
20008ffa:	2b00      	cmp	r3, #0
20008ffc:	d0f9      	beq.n	20008ff2 <stdio_put_string+0x36>
20008ffe:	4b13      	ldr	r3, [pc, #76]	@ (2000904c <stdio_put_string+0x90>)
20009000:	681b      	ldr	r3, [r3, #0]
20009002:	2b00      	cmp	r3, #0
20009004:	d001      	beq.n	2000900a <stdio_put_string+0x4e>
20009006:	42a3      	cmp	r3, r4
20009008:	d1f3      	bne.n	20008ff2 <stdio_put_string+0x36>
2000900a:	002a      	movs	r2, r5
2000900c:	4641      	mov	r1, r8
2000900e:	0020      	movs	r0, r4
20009010:	47b8      	blx	r7
20009012:	2e00      	cmp	r6, #0
20009014:	d0ed      	beq.n	20008ff2 <stdio_put_string+0x36>
20009016:	466b      	mov	r3, sp
20009018:	1dd9      	adds	r1, r3, #7
2000901a:	230a      	movs	r3, #10
2000901c:	700b      	strb	r3, [r1, #0]
2000901e:	2201      	movs	r2, #1
20009020:	0020      	movs	r0, r4
20009022:	47b8      	blx	r7
20009024:	e7e5      	b.n	20008ff2 <stdio_put_string+0x36>
20009026:	464b      	mov	r3, r9
20009028:	2b00      	cmp	r3, #0
2000902a:	d105      	bne.n	20009038 <stdio_put_string+0x7c>
2000902c:	0028      	movs	r0, r5
2000902e:	b003      	add	sp, #12
20009030:	bcc0      	pop	{r6, r7}
20009032:	46b9      	mov	r9, r7
20009034:	46b0      	mov	r8, r6
20009036:	bdf0      	pop	{r4, r5, r6, r7, pc}
20009038:	f7ff ffb8 	bl	20008fac <stdout_serialize_end>
2000903c:	e7f6      	b.n	2000902c <stdio_put_string+0x70>
2000903e:	46c0      	nop			@ (mov r8, r8)
20009040:	20008ea1 	.word	0x20008ea1
20009044:	2000f228 	.word	0x2000f228
20009048:	20008e91 	.word	0x20008e91
2000904c:	2000f280 	.word	0x2000f280

20009050 <stdio_get_until>:
20009050:	b5f0      	push	{r4, r5, r6, r7, lr}
20009052:	b083      	sub	sp, #12
20009054:	0006      	movs	r6, r0
20009056:	000d      	movs	r5, r1
20009058:	9201      	str	r2, [sp, #4]
2000905a:	001f      	movs	r7, r3
2000905c:	4b15      	ldr	r3, [pc, #84]	@ (200090b4 <stdio_get_until+0x64>)
2000905e:	681c      	ldr	r4, [r3, #0]
20009060:	e008      	b.n	20009074 <stdio_get_until+0x24>
20009062:	68a3      	ldr	r3, [r4, #8]
20009064:	2b00      	cmp	r3, #0
20009066:	d004      	beq.n	20009072 <stdio_get_until+0x22>
20009068:	0029      	movs	r1, r5
2000906a:	0030      	movs	r0, r6
2000906c:	4798      	blx	r3
2000906e:	2800      	cmp	r0, #0
20009070:	dc1e      	bgt.n	200090b0 <stdio_get_until+0x60>
20009072:	6924      	ldr	r4, [r4, #16]
20009074:	2c00      	cmp	r4, #0
20009076:	d006      	beq.n	20009086 <stdio_get_until+0x36>
20009078:	4b0f      	ldr	r3, [pc, #60]	@ (200090b8 <stdio_get_until+0x68>)
2000907a:	681b      	ldr	r3, [r3, #0]
2000907c:	2b00      	cmp	r3, #0
2000907e:	d0f0      	beq.n	20009062 <stdio_get_until+0x12>
20009080:	42a3      	cmp	r3, r4
20009082:	d1f6      	bne.n	20009072 <stdio_get_until+0x22>
20009084:	e7ed      	b.n	20009062 <stdio_get_until+0x12>
20009086:	4b0d      	ldr	r3, [pc, #52]	@ (200090bc <stdio_get_until+0x6c>)
20009088:	6a5b      	ldr	r3, [r3, #36]	@ 0x24
2000908a:	429f      	cmp	r7, r3
2000908c:	d809      	bhi.n	200090a2 <stdio_get_until+0x52>
2000908e:	490b      	ldr	r1, [pc, #44]	@ (200090bc <stdio_get_until+0x6c>)
20009090:	6a89      	ldr	r1, [r1, #40]	@ 0x28
20009092:	9801      	ldr	r0, [sp, #4]
20009094:	4281      	cmp	r1, r0
20009096:	d209      	bcs.n	200090ac <stdio_get_until+0x5c>
20009098:	429f      	cmp	r7, r3
2000909a:	d002      	beq.n	200090a2 <stdio_get_until+0x52>
2000909c:	2002      	movs	r0, #2
2000909e:	4240      	negs	r0, r0
200090a0:	e006      	b.n	200090b0 <stdio_get_until+0x60>
200090a2:	2001      	movs	r0, #1
200090a4:	2100      	movs	r1, #0
200090a6:	f7fd f8dd 	bl	20006264 <busy_wait_us>
200090aa:	e7d7      	b.n	2000905c <stdio_get_until+0xc>
200090ac:	2002      	movs	r0, #2
200090ae:	4240      	negs	r0, r0
200090b0:	b003      	add	sp, #12
200090b2:	bdf0      	pop	{r4, r5, r6, r7, pc}
200090b4:	2000f228 	.word	0x2000f228
200090b8:	2000f280 	.word	0x2000f280
200090bc:	40054000 	.word	0x40054000

200090c0 <stdio_set_driver_enabled>:
200090c0:	4a0a      	ldr	r2, [pc, #40]	@ (200090ec <stdio_set_driver_enabled+0x2c>)
200090c2:	6813      	ldr	r3, [r2, #0]
200090c4:	e002      	b.n	200090cc <stdio_set_driver_enabled+0xc>
200090c6:	001a      	movs	r2, r3
200090c8:	3210      	adds	r2, #16
200090ca:	691b      	ldr	r3, [r3, #16]
200090cc:	2b00      	cmp	r3, #0
200090ce:	d009      	beq.n	200090e4 <stdio_set_driver_enabled+0x24>
200090d0:	6813      	ldr	r3, [r2, #0]
200090d2:	4283      	cmp	r3, r0
200090d4:	d1f7      	bne.n	200090c6 <stdio_set_driver_enabled+0x6>
200090d6:	2900      	cmp	r1, #0
200090d8:	d107      	bne.n	200090ea <stdio_set_driver_enabled+0x2a>
200090da:	6903      	ldr	r3, [r0, #16]
200090dc:	6013      	str	r3, [r2, #0]
200090de:	2300      	movs	r3, #0
200090e0:	6103      	str	r3, [r0, #16]
200090e2:	e002      	b.n	200090ea <stdio_set_driver_enabled+0x2a>
200090e4:	2900      	cmp	r1, #0
200090e6:	d000      	beq.n	200090ea <stdio_set_driver_enabled+0x2a>
200090e8:	6010      	str	r0, [r2, #0]
200090ea:	4770      	bx	lr
200090ec:	2000f228 	.word	0x2000f228

200090f0 <stdio_flush>:
200090f0:	b510      	push	{r4, lr}
200090f2:	4b06      	ldr	r3, [pc, #24]	@ (2000910c <stdio_flush+0x1c>)
200090f4:	681c      	ldr	r4, [r3, #0]
200090f6:	e000      	b.n	200090fa <stdio_flush+0xa>
200090f8:	6924      	ldr	r4, [r4, #16]
200090fa:	2c00      	cmp	r4, #0
200090fc:	d004      	beq.n	20009108 <stdio_flush+0x18>
200090fe:	6863      	ldr	r3, [r4, #4]
20009100:	2b00      	cmp	r3, #0
20009102:	d0f9      	beq.n	200090f8 <stdio_flush+0x8>
20009104:	4798      	blx	r3
20009106:	e7f7      	b.n	200090f8 <stdio_flush+0x8>
20009108:	bd10      	pop	{r4, pc}
2000910a:	46c0      	nop			@ (mov r8, r8)
2000910c:	2000f228 	.word	0x2000f228

20009110 <stdio_init_all>:
20009110:	b510      	push	{r4, lr}
20009112:	f000 f945 	bl	200093a0 <stdio_uart_init>
20009116:	2001      	movs	r0, #1
20009118:	bd10      	pop	{r4, pc}

2000911a <__wrap_puts>:
2000911a:	b570      	push	{r4, r5, r6, lr}
2000911c:	0005      	movs	r5, r0
2000911e:	f000 ffeb 	bl	2000a0f8 <strlen>
20009122:	0004      	movs	r4, r0
20009124:	2301      	movs	r3, #1
20009126:	2201      	movs	r2, #1
20009128:	0001      	movs	r1, r0
2000912a:	0028      	movs	r0, r5
2000912c:	f7ff ff46 	bl	20008fbc <stdio_put_string>
20009130:	f7ff ffde 	bl	200090f0 <stdio_flush>
20009134:	0020      	movs	r0, r4
20009136:	bd70      	pop	{r4, r5, r6, pc}

20009138 <__wrap_vprintf>:
20009138:	b5f0      	push	{r4, r5, r6, r7, lr}
2000913a:	b0a3      	sub	sp, #140	@ 0x8c
2000913c:	0007      	movs	r7, r0
2000913e:	000e      	movs	r6, r1
20009140:	f7ff ff1c 	bl	20008f7c <stdout_serialize_begin>
20009144:	0005      	movs	r5, r0
20009146:	ac01      	add	r4, sp, #4
20009148:	2300      	movs	r3, #0
2000914a:	9301      	str	r3, [sp, #4]
2000914c:	4809      	ldr	r0, [pc, #36]	@ (20009174 <__wrap_vprintf+0x3c>)
2000914e:	0033      	movs	r3, r6
20009150:	003a      	movs	r2, r7
20009152:	0021      	movs	r1, r4
20009154:	f7ff fe0e 	bl	20008d74 <vfctprintf>
20009158:	0006      	movs	r6, r0
2000915a:	0020      	movs	r0, r4
2000915c:	f7ff fede 	bl	20008f1c <stdio_stack_buffer_flush>
20009160:	f7ff ffc6 	bl	200090f0 <stdio_flush>
20009164:	2d00      	cmp	r5, #0
20009166:	d102      	bne.n	2000916e <__wrap_vprintf+0x36>
20009168:	0030      	movs	r0, r6
2000916a:	b023      	add	sp, #140	@ 0x8c
2000916c:	bdf0      	pop	{r4, r5, r6, r7, pc}
2000916e:	f7ff ff1d 	bl	20008fac <stdout_serialize_end>
20009172:	e7f9      	b.n	20009168 <__wrap_vprintf+0x30>
20009174:	20008f61 	.word	0x20008f61

20009178 <__wrap_printf>:
20009178:	b40f      	push	{r0, r1, r2, r3}
2000917a:	b500      	push	{lr}
2000917c:	b083      	sub	sp, #12
2000917e:	a904      	add	r1, sp, #16
20009180:	c901      	ldmia	r1!, {r0}
20009182:	9101      	str	r1, [sp, #4]
20009184:	f7ff ffd8 	bl	20009138 <__wrap_vprintf>
20009188:	b003      	add	sp, #12
2000918a:	bc08      	pop	{r3}
2000918c:	b004      	add	sp, #16
2000918e:	4718      	bx	r3

20009190 <uart_putc>:
20009190:	b082      	sub	sp, #8
20009192:	468c      	mov	ip, r1
20009194:	4b14      	ldr	r3, [pc, #80]	@ (200091e8 <uart_putc+0x58>)
20009196:	18c3      	adds	r3, r0, r3
20009198:	425a      	negs	r2, r3
2000919a:	4153      	adcs	r3, r2
2000919c:	4a13      	ldr	r2, [pc, #76]	@ (200091ec <uart_putc+0x5c>)
2000919e:	005b      	lsls	r3, r3, #1
200091a0:	5e9b      	ldrsh	r3, [r3, r2]
200091a2:	428b      	cmp	r3, r1
200091a4:	d005      	beq.n	200091b2 <uart_putc+0x22>
200091a6:	466b      	mov	r3, sp
200091a8:	1dda      	adds	r2, r3, #7
200091aa:	4663      	mov	r3, ip
200091ac:	7013      	strb	r3, [r2, #0]
200091ae:	2100      	movs	r1, #0
200091b0:	e015      	b.n	200091de <uart_putc+0x4e>
200091b2:	466b      	mov	r3, sp
200091b4:	1dda      	adds	r2, r3, #7
200091b6:	230d      	movs	r3, #13
200091b8:	7013      	strb	r3, [r2, #0]
200091ba:	2100      	movs	r1, #0
200091bc:	2900      	cmp	r1, #0
200091be:	d1f2      	bne.n	200091a6 <uart_putc+0x16>
200091c0:	6983      	ldr	r3, [r0, #24]
200091c2:	069b      	lsls	r3, r3, #26
200091c4:	d4fc      	bmi.n	200091c0 <uart_putc+0x30>
200091c6:	7813      	ldrb	r3, [r2, #0]
200091c8:	6003      	str	r3, [r0, #0]
200091ca:	3101      	adds	r1, #1
200091cc:	3201      	adds	r2, #1
200091ce:	e7f5      	b.n	200091bc <uart_putc+0x2c>
200091d0:	6983      	ldr	r3, [r0, #24]
200091d2:	069b      	lsls	r3, r3, #26
200091d4:	d4fc      	bmi.n	200091d0 <uart_putc+0x40>
200091d6:	7813      	ldrb	r3, [r2, #0]
200091d8:	6003      	str	r3, [r0, #0]
200091da:	3101      	adds	r1, #1
200091dc:	3201      	adds	r2, #1
200091de:	2900      	cmp	r1, #0
200091e0:	d0f6      	beq.n	200091d0 <uart_putc+0x40>
200091e2:	b002      	add	sp, #8
200091e4:	4770      	bx	lr
200091e6:	46c0      	nop			@ (mov r8, r8)
200091e8:	bffc8000 	.word	0xbffc8000
200091ec:	20016c88 	.word	0x20016c88

200091f0 <uart_getc>:
200091f0:	b082      	sub	sp, #8
200091f2:	2200      	movs	r2, #0
200091f4:	466b      	mov	r3, sp
200091f6:	1dd9      	adds	r1, r3, #7
200091f8:	e006      	b.n	20009208 <uart_getc+0x18>
200091fa:	6983      	ldr	r3, [r0, #24]
200091fc:	06db      	lsls	r3, r3, #27
200091fe:	d4fc      	bmi.n	200091fa <uart_getc+0xa>
20009200:	6803      	ldr	r3, [r0, #0]
20009202:	700b      	strb	r3, [r1, #0]
20009204:	3201      	adds	r2, #1
20009206:	3101      	adds	r1, #1
20009208:	2a00      	cmp	r2, #0
2000920a:	d0f6      	beq.n	200091fa <uart_getc+0xa>
2000920c:	466b      	mov	r3, sp
2000920e:	79d8      	ldrb	r0, [r3, #7]
20009210:	b002      	add	sp, #8
20009212:	4770      	bx	lr

20009214 <stdio_uart_out_chars>:
20009214:	b570      	push	{r4, r5, r6, lr}
20009216:	0006      	movs	r6, r0
20009218:	000d      	movs	r5, r1
2000921a:	2400      	movs	r4, #0
2000921c:	e005      	b.n	2000922a <stdio_uart_out_chars+0x16>
2000921e:	5d31      	ldrb	r1, [r6, r4]
20009220:	4b03      	ldr	r3, [pc, #12]	@ (20009230 <stdio_uart_out_chars+0x1c>)
20009222:	6818      	ldr	r0, [r3, #0]
20009224:	f7ff ffb4 	bl	20009190 <uart_putc>
20009228:	3401      	adds	r4, #1
2000922a:	42ac      	cmp	r4, r5
2000922c:	dbf7      	blt.n	2000921e <stdio_uart_out_chars+0xa>
2000922e:	bd70      	pop	{r4, r5, r6, pc}
20009230:	20016cbc 	.word	0x20016cbc

20009234 <stdio_uart_in_chars>:
20009234:	b5f8      	push	{r3, r4, r5, r6, r7, lr}
20009236:	0006      	movs	r6, r0
20009238:	000d      	movs	r5, r1
2000923a:	2700      	movs	r7, #0
2000923c:	e005      	b.n	2000924a <stdio_uart_in_chars+0x16>
2000923e:	1c7c      	adds	r4, r7, #1
20009240:	19f7      	adds	r7, r6, r7
20009242:	f7ff ffd5 	bl	200091f0 <uart_getc>
20009246:	7038      	strb	r0, [r7, #0]
20009248:	0027      	movs	r7, r4
2000924a:	42af      	cmp	r7, r5
2000924c:	da04      	bge.n	20009258 <stdio_uart_in_chars+0x24>
2000924e:	4a0d      	ldr	r2, [pc, #52]	@ (20009284 <stdio_uart_in_chars+0x50>)
20009250:	6810      	ldr	r0, [r2, #0]
20009252:	6982      	ldr	r2, [r0, #24]
20009254:	06d2      	lsls	r2, r2, #27
20009256:	d5f2      	bpl.n	2000923e <stdio_uart_in_chars+0xa>
20009258:	4a0b      	ldr	r2, [pc, #44]	@ (20009288 <stdio_uart_in_chars+0x54>)
2000925a:	6812      	ldr	r2, [r2, #0]
2000925c:	2a00      	cmp	r2, #0
2000925e:	d00a      	beq.n	20009276 <stdio_uart_in_chars+0x42>
20009260:	4a08      	ldr	r2, [pc, #32]	@ (20009284 <stdio_uart_in_chars+0x50>)
20009262:	6812      	ldr	r2, [r2, #0]
20009264:	2150      	movs	r1, #80	@ 0x50
20009266:	6391      	str	r1, [r2, #56]	@ 0x38
20009268:	6b50      	ldr	r0, [r2, #52]	@ 0x34
2000926a:	3918      	subs	r1, #24
2000926c:	4001      	ands	r1, r0
2000926e:	4b07      	ldr	r3, [pc, #28]	@ (2000928c <stdio_uart_in_chars+0x58>)
20009270:	469c      	mov	ip, r3
20009272:	4462      	add	r2, ip
20009274:	6011      	str	r1, [r2, #0]
20009276:	2f00      	cmp	r7, #0
20009278:	d001      	beq.n	2000927e <stdio_uart_in_chars+0x4a>
2000927a:	0038      	movs	r0, r7
2000927c:	bdf8      	pop	{r3, r4, r5, r6, r7, pc}
2000927e:	3f03      	subs	r7, #3
20009280:	e7fb      	b.n	2000927a <stdio_uart_in_chars+0x46>
20009282:	46c0      	nop			@ (mov r8, r8)
20009284:	20016cbc 	.word	0x20016cbc
20009288:	2000f1ec 	.word	0x2000f1ec
2000928c:	00001034 	.word	0x00001034

20009290 <on_uart_rx>:
20009290:	b510      	push	{r4, lr}
20009292:	4b06      	ldr	r3, [pc, #24]	@ (200092ac <on_uart_rx+0x1c>)
20009294:	681b      	ldr	r3, [r3, #0]
20009296:	2b00      	cmp	r3, #0
20009298:	d006      	beq.n	200092a8 <on_uart_rx+0x18>
2000929a:	4a05      	ldr	r2, [pc, #20]	@ (200092b0 <on_uart_rx+0x20>)
2000929c:	6812      	ldr	r2, [r2, #0]
2000929e:	2100      	movs	r1, #0
200092a0:	6391      	str	r1, [r2, #56]	@ 0x38
200092a2:	4a04      	ldr	r2, [pc, #16]	@ (200092b4 <on_uart_rx+0x24>)
200092a4:	6810      	ldr	r0, [r2, #0]
200092a6:	4798      	blx	r3
200092a8:	bd10      	pop	{r4, pc}
200092aa:	46c0      	nop			@ (mov r8, r8)
200092ac:	2000f1ec 	.word	0x2000f1ec
200092b0:	20016cbc 	.word	0x20016cbc
200092b4:	2000f1f0 	.word	0x2000f1f0

200092b8 <stdio_uart_out_flush>:
200092b8:	4b02      	ldr	r3, [pc, #8]	@ (200092c4 <stdio_uart_out_flush+0xc>)
200092ba:	681a      	ldr	r2, [r3, #0]
200092bc:	6993      	ldr	r3, [r2, #24]
200092be:	071b      	lsls	r3, r3, #28
200092c0:	d4fc      	bmi.n	200092bc <stdio_uart_out_flush+0x4>
200092c2:	4770      	bx	lr
200092c4:	20016cbc 	.word	0x20016cbc

200092c8 <stdio_uart_set_chars_available_callback>:
200092c8:	b570      	push	{r4, r5, r6, lr}
200092ca:	4b1e      	ldr	r3, [pc, #120]	@ (20009344 <stdio_uart_set_chars_available_callback+0x7c>)
200092cc:	681b      	ldr	r3, [r3, #0]
200092ce:	4a1e      	ldr	r2, [pc, #120]	@ (20009348 <stdio_uart_set_chars_available_callback+0x80>)
200092d0:	4293      	cmp	r3, r2
200092d2:	d008      	beq.n	200092e6 <stdio_uart_set_chars_available_callback+0x1e>
200092d4:	2214      	movs	r2, #20
200092d6:	0015      	movs	r5, r2
200092d8:	2800      	cmp	r0, #0
200092da:	d01f      	beq.n	2000931c <stdio_uart_set_chars_available_callback+0x54>
200092dc:	4b1b      	ldr	r3, [pc, #108]	@ (2000934c <stdio_uart_set_chars_available_callback+0x84>)
200092de:	681b      	ldr	r3, [r3, #0]
200092e0:	2b00      	cmp	r3, #0
200092e2:	d003      	beq.n	200092ec <stdio_uart_set_chars_available_callback+0x24>
200092e4:	bd70      	pop	{r4, r5, r6, pc}
200092e6:	2215      	movs	r2, #21
200092e8:	0015      	movs	r5, r2
200092ea:	e7f5      	b.n	200092d8 <stdio_uart_set_chars_available_callback+0x10>
200092ec:	4b17      	ldr	r3, [pc, #92]	@ (2000934c <stdio_uart_set_chars_available_callback+0x84>)
200092ee:	6018      	str	r0, [r3, #0]
200092f0:	4b17      	ldr	r3, [pc, #92]	@ (20009350 <stdio_uart_set_chars_available_callback+0x88>)
200092f2:	6019      	str	r1, [r3, #0]
200092f4:	4917      	ldr	r1, [pc, #92]	@ (20009354 <stdio_uart_set_chars_available_callback+0x8c>)
200092f6:	0028      	movs	r0, r5
200092f8:	f7fc f89e 	bl	20005438 <irq_set_exclusive_handler>
200092fc:	2101      	movs	r1, #1
200092fe:	0028      	movs	r0, r5
20009300:	f7fc f87a 	bl	200053f8 <irq_set_enabled>
20009304:	4b0f      	ldr	r3, [pc, #60]	@ (20009344 <stdio_uart_set_chars_available_callback+0x7c>)
20009306:	681b      	ldr	r3, [r3, #0]
20009308:	2250      	movs	r2, #80	@ 0x50
2000930a:	639a      	str	r2, [r3, #56]	@ 0x38
2000930c:	6b59      	ldr	r1, [r3, #52]	@ 0x34
2000930e:	3a18      	subs	r2, #24
20009310:	400a      	ands	r2, r1
20009312:	4911      	ldr	r1, [pc, #68]	@ (20009358 <stdio_uart_set_chars_available_callback+0x90>)
20009314:	468c      	mov	ip, r1
20009316:	4463      	add	r3, ip
20009318:	601a      	str	r2, [r3, #0]
2000931a:	e7e3      	b.n	200092e4 <stdio_uart_set_chars_available_callback+0x1c>
2000931c:	4a0b      	ldr	r2, [pc, #44]	@ (2000934c <stdio_uart_set_chars_available_callback+0x84>)
2000931e:	6812      	ldr	r2, [r2, #0]
20009320:	2a00      	cmp	r2, #0
20009322:	d0df      	beq.n	200092e4 <stdio_uart_set_chars_available_callback+0x1c>
20009324:	2400      	movs	r4, #0
20009326:	639c      	str	r4, [r3, #56]	@ 0x38
20009328:	2100      	movs	r1, #0
2000932a:	0028      	movs	r0, r5
2000932c:	f7fc f864 	bl	200053f8 <irq_set_enabled>
20009330:	4908      	ldr	r1, [pc, #32]	@ (20009354 <stdio_uart_set_chars_available_callback+0x8c>)
20009332:	0028      	movs	r0, r5
20009334:	f7fc f9b8 	bl	200056a8 <irq_remove_handler>
20009338:	4b04      	ldr	r3, [pc, #16]	@ (2000934c <stdio_uart_set_chars_available_callback+0x84>)
2000933a:	601c      	str	r4, [r3, #0]
2000933c:	4b04      	ldr	r3, [pc, #16]	@ (20009350 <stdio_uart_set_chars_available_callback+0x88>)
2000933e:	601c      	str	r4, [r3, #0]
20009340:	e7d0      	b.n	200092e4 <stdio_uart_set_chars_available_callback+0x1c>
20009342:	46c0      	nop			@ (mov r8, r8)
20009344:	20016cbc 	.word	0x20016cbc
20009348:	40038000 	.word	0x40038000
2000934c:	2000f1ec 	.word	0x2000f1ec
20009350:	2000f1f0 	.word	0x2000f1f0
20009354:	20009291 	.word	0x20009291
20009358:	00001034 	.word	0x00001034

2000935c <stdio_uart_init_full>:
2000935c:	b570      	push	{r4, r5, r6, lr}
2000935e:	000c      	movs	r4, r1
20009360:	001d      	movs	r5, r3
20009362:	4b0d      	ldr	r3, [pc, #52]	@ (20009398 <stdio_uart_init_full+0x3c>)
20009364:	6018      	str	r0, [r3, #0]
20009366:	2a00      	cmp	r2, #0
20009368:	da0b      	bge.n	20009382 <stdio_uart_init_full+0x26>
2000936a:	2d00      	cmp	r5, #0
2000936c:	da0e      	bge.n	2000938c <stdio_uart_init_full+0x30>
2000936e:	4b0a      	ldr	r3, [pc, #40]	@ (20009398 <stdio_uart_init_full+0x3c>)
20009370:	6818      	ldr	r0, [r3, #0]
20009372:	0021      	movs	r1, r4
20009374:	f7fd f838 	bl	200063e8 <uart_init>
20009378:	4808      	ldr	r0, [pc, #32]	@ (2000939c <stdio_uart_init_full+0x40>)
2000937a:	2101      	movs	r1, #1
2000937c:	f7ff fea0 	bl	200090c0 <stdio_set_driver_enabled>
20009380:	bd70      	pop	{r4, r5, r6, pc}
20009382:	2102      	movs	r1, #2
20009384:	0010      	movs	r0, r2
20009386:	f7fb fe33 	bl	20004ff0 <gpio_set_function>
2000938a:	e7ee      	b.n	2000936a <stdio_uart_init_full+0xe>
2000938c:	2102      	movs	r1, #2
2000938e:	0028      	movs	r0, r5
20009390:	f7fb fe2e 	bl	20004ff0 <gpio_set_function>
20009394:	e7eb      	b.n	2000936e <stdio_uart_init_full+0x12>
20009396:	46c0      	nop			@ (mov r8, r8)
20009398:	20016cbc 	.word	0x20016cbc
2000939c:	2000cf80 	.word	0x2000cf80

200093a0 <stdio_uart_init>:
200093a0:	b510      	push	{r4, lr}
200093a2:	4b07      	ldr	r3, [pc, #28]	@ (200093c0 <stdio_uart_init+0x20>)
200093a4:	781b      	ldrb	r3, [r3, #0]
200093a6:	4b07      	ldr	r3, [pc, #28]	@ (200093c4 <stdio_uart_init+0x24>)
200093a8:	781b      	ldrb	r3, [r3, #0]
200093aa:	4b07      	ldr	r3, [pc, #28]	@ (200093c8 <stdio_uart_init+0x28>)
200093ac:	781b      	ldrb	r3, [r3, #0]
200093ae:	21e1      	movs	r1, #225	@ 0xe1
200093b0:	2305      	movs	r3, #5
200093b2:	2204      	movs	r2, #4
200093b4:	0309      	lsls	r1, r1, #12
200093b6:	4805      	ldr	r0, [pc, #20]	@ (200093cc <stdio_uart_init+0x2c>)
200093b8:	f7ff ffd0 	bl	2000935c <stdio_uart_init_full>
200093bc:	bd10      	pop	{r4, pc}
200093be:	46c0      	nop			@ (mov r8, r8)
200093c0:	100002b8 	.word	0x100002b8
200093c4:	100002b4 	.word	0x100002b4
200093c8:	100002b0 	.word	0x100002b0
200093cc:	40038000 	.word	0x40038000

200093d0 <runtime_init_per_core_tls_setup>:
200093d0:	4b01      	ldr	r3, [pc, #4]	@ (200093d8 <runtime_init_per_core_tls_setup+0x8>)
200093d2:	2200      	movs	r2, #0
200093d4:	605a      	str	r2, [r3, #4]
200093d6:	4770      	bx	lr
200093d8:	2000d900 	.word	0x2000d900

200093dc <core1_trampoline>:
200093dc:	bd03      	pop	{r0, r1, pc}

200093de <core1_wrapper>:
200093de:	b510      	push	{r4, lr}
200093e0:	0004      	movs	r4, r0
200093e2:	f7fd fae7 	bl	200069b4 <runtime_run_per_core_initializers>
200093e6:	47a0      	blx	r4
200093e8:	bd10      	pop	{r4, pc}

200093ea <multicore_fifo_push_blocking>:
200093ea:	23d0      	movs	r3, #208	@ 0xd0
200093ec:	061b      	lsls	r3, r3, #24
200093ee:	6d1b      	ldr	r3, [r3, #80]	@ 0x50
200093f0:	079b      	lsls	r3, r3, #30
200093f2:	d5fa      	bpl.n	200093ea <multicore_fifo_push_blocking>
200093f4:	23d0      	movs	r3, #208	@ 0xd0
200093f6:	061b      	lsls	r3, r3, #24
200093f8:	6558      	str	r0, [r3, #84]	@ 0x54
200093fa:	bf40      	sev
200093fc:	4770      	bx	lr

200093fe <multicore_fifo_pop_blocking>:
200093fe:	e000      	b.n	20009402 <multicore_fifo_pop_blocking+0x4>
20009400:	bf20      	wfe
20009402:	23d0      	movs	r3, #208	@ 0xd0
20009404:	061b      	lsls	r3, r3, #24
20009406:	6d1b      	ldr	r3, [r3, #80]	@ 0x50
20009408:	07db      	lsls	r3, r3, #31
2000940a:	d5f9      	bpl.n	20009400 <multicore_fifo_pop_blocking+0x2>
2000940c:	23d0      	movs	r3, #208	@ 0xd0
2000940e:	061b      	lsls	r3, r3, #24
20009410:	6d98      	ldr	r0, [r3, #88]	@ 0x58
20009412:	4770      	bx	lr

20009414 <multicore_reset_core1>:
20009414:	b510      	push	{r4, lr}
20009416:	4b13      	ldr	r3, [pc, #76]	@ (20009464 <multicore_reset_core1+0x50>)
20009418:	2280      	movs	r2, #128	@ 0x80
2000941a:	0252      	lsls	r2, r2, #9
2000941c:	601a      	str	r2, [r3, #0]
2000941e:	4b12      	ldr	r3, [pc, #72]	@ (20009468 <multicore_reset_core1+0x54>)
20009420:	681b      	ldr	r3, [r3, #0]
20009422:	03db      	lsls	r3, r3, #15
20009424:	d5fb      	bpl.n	2000941e <multicore_reset_core1+0xa>
20009426:	200f      	movs	r0, #15
20009428:	f7fb ffcc 	bl	200053c4 <irq_is_enabled>
2000942c:	0004      	movs	r4, r0
2000942e:	2100      	movs	r1, #0
20009430:	200f      	movs	r0, #15
20009432:	f7fb ffe1 	bl	200053f8 <irq_set_enabled>
20009436:	4b0d      	ldr	r3, [pc, #52]	@ (2000946c <multicore_reset_core1+0x58>)
20009438:	2200      	movs	r2, #0
2000943a:	705a      	strb	r2, [r3, #1]
2000943c:	4b0c      	ldr	r3, [pc, #48]	@ (20009470 <multicore_reset_core1+0x5c>)
2000943e:	2280      	movs	r2, #128	@ 0x80
20009440:	0252      	lsls	r2, r2, #9
20009442:	601a      	str	r2, [r3, #0]
20009444:	f7ff ffdb 	bl	200093fe <multicore_fifo_pop_blocking>
20009448:	2800      	cmp	r0, #0
2000944a:	d104      	bne.n	20009456 <multicore_reset_core1+0x42>
2000944c:	0021      	movs	r1, r4
2000944e:	200f      	movs	r0, #15
20009450:	f7fb ffd2 	bl	200053f8 <irq_set_enabled>
20009454:	bd10      	pop	{r4, pc}
20009456:	4b07      	ldr	r3, [pc, #28]	@ (20009474 <multicore_reset_core1+0x60>)
20009458:	4a07      	ldr	r2, [pc, #28]	@ (20009478 <multicore_reset_core1+0x64>)
2000945a:	4808      	ldr	r0, [pc, #32]	@ (2000947c <multicore_reset_core1+0x68>)
2000945c:	2192      	movs	r1, #146	@ 0x92
2000945e:	f7ff fce7 	bl	20008e30 <__assert_func>
20009462:	46c0      	nop			@ (mov r8, r8)
20009464:	40012004 	.word	0x40012004
20009468:	40010004 	.word	0x40010004
2000946c:	2000f224 	.word	0x2000f224
20009470:	40013004 	.word	0x40013004
20009474:	2000c780 	.word	0x2000c780
20009478:	2000ce64 	.word	0x2000ce64
2000947c:	2000c730 	.word	0x2000c730

20009480 <multicore_launch_core1_raw>:
20009480:	b5f0      	push	{r4, r5, r6, r7, lr}
20009482:	b087      	sub	sp, #28
20009484:	0004      	movs	r4, r0
20009486:	000d      	movs	r5, r1
20009488:	0016      	movs	r6, r2
2000948a:	200f      	movs	r0, #15
2000948c:	f7fb ff9a 	bl	200053c4 <irq_is_enabled>
20009490:	0007      	movs	r7, r0
20009492:	2100      	movs	r1, #0
20009494:	200f      	movs	r0, #15
20009496:	f7fb ffaf 	bl	200053f8 <irq_set_enabled>
2000949a:	2200      	movs	r2, #0
2000949c:	9200      	str	r2, [sp, #0]
2000949e:	9201      	str	r2, [sp, #4]
200094a0:	3201      	adds	r2, #1
200094a2:	9202      	str	r2, [sp, #8]
200094a4:	9603      	str	r6, [sp, #12]
200094a6:	9504      	str	r5, [sp, #16]
200094a8:	9405      	str	r4, [sp, #20]
200094aa:	4b12      	ldr	r3, [pc, #72]	@ (200094f4 <multicore_launch_core1_raw+0x74>)
200094ac:	705a      	strb	r2, [r3, #1]
200094ae:	2500      	movs	r5, #0
200094b0:	e00c      	b.n	200094cc <multicore_launch_core1_raw+0x4c>
200094b2:	23d0      	movs	r3, #208	@ 0xd0
200094b4:	061b      	lsls	r3, r3, #24
200094b6:	6d9b      	ldr	r3, [r3, #88]	@ 0x58
200094b8:	23d0      	movs	r3, #208	@ 0xd0
200094ba:	061b      	lsls	r3, r3, #24
200094bc:	6d1b      	ldr	r3, [r3, #80]	@ 0x50
200094be:	07db      	lsls	r3, r3, #31
200094c0:	d4f7      	bmi.n	200094b2 <multicore_launch_core1_raw+0x32>
200094c2:	bf40      	sev
200094c4:	e007      	b.n	200094d6 <multicore_launch_core1_raw+0x56>
200094c6:	3501      	adds	r5, #1
200094c8:	2d05      	cmp	r5, #5
200094ca:	d80d      	bhi.n	200094e8 <multicore_launch_core1_raw+0x68>
200094cc:	00ab      	lsls	r3, r5, #2
200094ce:	466a      	mov	r2, sp
200094d0:	589c      	ldr	r4, [r3, r2]
200094d2:	2c00      	cmp	r4, #0
200094d4:	d0f0      	beq.n	200094b8 <multicore_launch_core1_raw+0x38>
200094d6:	0020      	movs	r0, r4
200094d8:	f7ff ff87 	bl	200093ea <multicore_fifo_push_blocking>
200094dc:	f7ff ff8f 	bl	200093fe <multicore_fifo_pop_blocking>
200094e0:	4284      	cmp	r4, r0
200094e2:	d0f0      	beq.n	200094c6 <multicore_launch_core1_raw+0x46>
200094e4:	2500      	movs	r5, #0
200094e6:	e7ef      	b.n	200094c8 <multicore_launch_core1_raw+0x48>
200094e8:	0039      	movs	r1, r7
200094ea:	200f      	movs	r0, #15
200094ec:	f7fb ff84 	bl	200053f8 <irq_set_enabled>
200094f0:	b007      	add	sp, #28
200094f2:	bdf0      	pop	{r4, r5, r6, r7, pc}
200094f4:	2000f224 	.word	0x2000f224

200094f8 <multicore_launch_core1_with_stack>:
200094f8:	b510      	push	{r4, lr}
200094fa:	4684      	mov	ip, r0
200094fc:	0008      	movs	r0, r1
200094fe:	0793      	lsls	r3, r2, #30
20009500:	d115      	bne.n	2000952e <multicore_launch_core1_with_stack+0x36>
20009502:	2303      	movs	r3, #3
20009504:	439a      	bics	r2, r3
20009506:	188b      	adds	r3, r1, r2
20009508:	0019      	movs	r1, r3
2000950a:	390c      	subs	r1, #12
2000950c:	4a0b      	ldr	r2, [pc, #44]	@ (2000953c <multicore_launch_core1_with_stack+0x44>)
2000950e:	6892      	ldr	r2, [r2, #8]
20009510:	4664      	mov	r4, ip
20009512:	600c      	str	r4, [r1, #0]
20009514:	2408      	movs	r4, #8
20009516:	4264      	negs	r4, r4
20009518:	46a4      	mov	ip, r4
2000951a:	449c      	add	ip, r3
2000951c:	4664      	mov	r4, ip
2000951e:	6020      	str	r0, [r4, #0]
20009520:	4807      	ldr	r0, [pc, #28]	@ (20009540 <multicore_launch_core1_with_stack+0x48>)
20009522:	3b04      	subs	r3, #4
20009524:	6018      	str	r0, [r3, #0]
20009526:	4807      	ldr	r0, [pc, #28]	@ (20009544 <multicore_launch_core1_with_stack+0x4c>)
20009528:	f7ff ffaa 	bl	20009480 <multicore_launch_core1_raw>
2000952c:	bd10      	pop	{r4, pc}
2000952e:	4b06      	ldr	r3, [pc, #24]	@ (20009548 <multicore_launch_core1_with_stack+0x50>)
20009530:	4a06      	ldr	r2, [pc, #24]	@ (2000954c <multicore_launch_core1_with_stack+0x54>)
20009532:	4807      	ldr	r0, [pc, #28]	@ (20009550 <multicore_launch_core1_with_stack+0x58>)
20009534:	219a      	movs	r1, #154	@ 0x9a
20009536:	f7ff fc7b 	bl	20008e30 <__assert_func>
2000953a:	46c0      	nop			@ (mov r8, r8)
2000953c:	e000ed00 	.word	0xe000ed00
20009540:	200093df 	.word	0x200093df
20009544:	200093dd 	.word	0x200093dd
20009548:	2000c78c 	.word	0x2000c78c
2000954c:	2000ce40 	.word	0x2000ce40
20009550:	2000c730 	.word	0x2000c730

20009554 <multicore_launch_core1>:
20009554:	b510      	push	{r4, lr}
20009556:	4b06      	ldr	r3, [pc, #24]	@ (20009570 <multicore_launch_core1+0x1c>)
20009558:	4a06      	ldr	r2, [pc, #24]	@ (20009574 <multicore_launch_core1+0x20>)
2000955a:	4293      	cmp	r3, r2
2000955c:	d305      	bcc.n	2000956a <multicore_launch_core1+0x16>
2000955e:	0019      	movs	r1, r3
20009560:	2280      	movs	r2, #128	@ 0x80
20009562:	0112      	lsls	r2, r2, #4
20009564:	f7ff ffc8 	bl	200094f8 <multicore_launch_core1_with_stack>
20009568:	bd10      	pop	{r4, pc}
2000956a:	2101      	movs	r1, #1
2000956c:	4249      	negs	r1, r1
2000956e:	e7f7      	b.n	20009560 <multicore_launch_core1+0xc>
20009570:	20040800 	.word	0x20040800
20009574:	20040000 	.word	0x20040000

20009578 <pio_get_default_sm_config>:
20009578:	b510      	push	{r4, lr}
2000957a:	0004      	movs	r4, r0
2000957c:	2210      	movs	r2, #16
2000957e:	2100      	movs	r1, #0
20009580:	f7fe fade 	bl	20007b40 <__wrap_memset>
20009584:	2380      	movs	r3, #128	@ 0x80
20009586:	025b      	lsls	r3, r3, #9
20009588:	6023      	str	r3, [r4, #0]
2000958a:	23f8      	movs	r3, #248	@ 0xf8
2000958c:	025b      	lsls	r3, r3, #9
2000958e:	6063      	str	r3, [r4, #4]
20009590:	2380      	movs	r3, #128	@ 0x80
20009592:	02db      	lsls	r3, r3, #11
20009594:	60a3      	str	r3, [r4, #8]
20009596:	23c0      	movs	r3, #192	@ 0xc0
20009598:	031b      	lsls	r3, r3, #12
2000959a:	60a3      	str	r3, [r4, #8]
2000959c:	0020      	movs	r0, r4
2000959e:	bd10      	pop	{r4, pc}

200095a0 <is_program_gpio_compatible>:
200095a0:	2001      	movs	r0, #1
200095a2:	4770      	bx	lr

200095a4 <add_program_at_offset_check>:
200095a4:	b570      	push	{r4, r5, r6, lr}
200095a6:	0006      	movs	r6, r0
200095a8:	000c      	movs	r4, r1
200095aa:	0015      	movs	r5, r2
200095ac:	798b      	ldrb	r3, [r1, #6]
200095ae:	2b00      	cmp	r3, #0
200095b0:	d11d      	bne.n	200095ee <add_program_at_offset_check+0x4a>
200095b2:	f7ff fff5 	bl	200095a0 <is_program_gpio_compatible>
200095b6:	2800      	cmp	r0, #0
200095b8:	d01c      	beq.n	200095f4 <add_program_at_offset_check+0x50>
200095ba:	2305      	movs	r3, #5
200095bc:	56e3      	ldrsb	r3, [r4, r3]
200095be:	2b00      	cmp	r3, #0
200095c0:	db01      	blt.n	200095c6 <add_program_at_offset_check+0x22>
200095c2:	42ab      	cmp	r3, r5
200095c4:	d119      	bne.n	200095fa <add_program_at_offset_check+0x56>
200095c6:	0030      	movs	r0, r6
200095c8:	4b0d      	ldr	r3, [pc, #52]	@ (20009600 <add_program_at_offset_check+0x5c>)
200095ca:	469c      	mov	ip, r3
200095cc:	4460      	add	r0, ip
200095ce:	0d00      	lsrs	r0, r0, #20
200095d0:	4b0c      	ldr	r3, [pc, #48]	@ (20009604 <add_program_at_offset_check+0x60>)
200095d2:	0080      	lsls	r0, r0, #2
200095d4:	58c2      	ldr	r2, [r0, r3]
200095d6:	7921      	ldrb	r1, [r4, #4]
200095d8:	2301      	movs	r3, #1
200095da:	408b      	lsls	r3, r1
200095dc:	3b01      	subs	r3, #1
200095de:	40ab      	lsls	r3, r5
200095e0:	421a      	tst	r2, r3
200095e2:	d101      	bne.n	200095e8 <add_program_at_offset_check+0x44>
200095e4:	2000      	movs	r0, #0
200095e6:	bd70      	pop	{r4, r5, r6, pc}
200095e8:	2009      	movs	r0, #9
200095ea:	4240      	negs	r0, r0
200095ec:	e7fb      	b.n	200095e6 <add_program_at_offset_check+0x42>
200095ee:	2014      	movs	r0, #20
200095f0:	4240      	negs	r0, r0
200095f2:	e7f8      	b.n	200095e6 <add_program_at_offset_check+0x42>
200095f4:	200b      	movs	r0, #11
200095f6:	4240      	negs	r0, r0
200095f8:	e7f5      	b.n	200095e6 <add_program_at_offset_check+0x42>
200095fa:	200b      	movs	r0, #11
200095fc:	4240      	negs	r0, r0
200095fe:	e7f2      	b.n	200095e6 <add_program_at_offset_check+0x42>
20009600:	afe00000 	.word	0xafe00000
20009604:	2000d908 	.word	0x2000d908

20009608 <add_program_at_offset>:
20009608:	b570      	push	{r4, r5, r6, lr}
2000960a:	0005      	movs	r5, r0
2000960c:	000c      	movs	r4, r1
2000960e:	0016      	movs	r6, r2
20009610:	f7ff ffc8 	bl	200095a4 <add_program_at_offset_check>
20009614:	2800      	cmp	r0, #0
20009616:	d122      	bne.n	2000965e <add_program_at_offset+0x56>
20009618:	2200      	movs	r2, #0
2000961a:	e005      	b.n	20009628 <add_program_at_offset+0x20>
2000961c:	1999      	adds	r1, r3, r6
2000961e:	1993      	adds	r3, r2, r6
20009620:	3312      	adds	r3, #18
20009622:	009b      	lsls	r3, r3, #2
20009624:	5159      	str	r1, [r3, r5]
20009626:	3201      	adds	r2, #1
20009628:	7923      	ldrb	r3, [r4, #4]
2000962a:	4293      	cmp	r3, r2
2000962c:	d908      	bls.n	20009640 <add_program_at_offset+0x38>
2000962e:	6821      	ldr	r1, [r4, #0]
20009630:	0053      	lsls	r3, r2, #1
20009632:	5acb      	ldrh	r3, [r1, r3]
20009634:	2180      	movs	r1, #128	@ 0x80
20009636:	0189      	lsls	r1, r1, #6
20009638:	428b      	cmp	r3, r1
2000963a:	d3ef      	bcc.n	2000961c <add_program_at_offset+0x14>
2000963c:	0019      	movs	r1, r3
2000963e:	e7ee      	b.n	2000961e <add_program_at_offset+0x16>
20009640:	2201      	movs	r2, #1
20009642:	409a      	lsls	r2, r3
20009644:	0013      	movs	r3, r2
20009646:	3b01      	subs	r3, #1
20009648:	4a05      	ldr	r2, [pc, #20]	@ (20009660 <add_program_at_offset+0x58>)
2000964a:	4694      	mov	ip, r2
2000964c:	4465      	add	r5, ip
2000964e:	0d2d      	lsrs	r5, r5, #20
20009650:	4a04      	ldr	r2, [pc, #16]	@ (20009664 <add_program_at_offset+0x5c>)
20009652:	00ad      	lsls	r5, r5, #2
20009654:	58a9      	ldr	r1, [r5, r2]
20009656:	40b3      	lsls	r3, r6
20009658:	430b      	orrs	r3, r1
2000965a:	50ab      	str	r3, [r5, r2]
2000965c:	0030      	movs	r0, r6
2000965e:	bd70      	pop	{r4, r5, r6, pc}
20009660:	afe00000 	.word	0xafe00000
20009664:	2000d908 	.word	0x2000d908

20009668 <find_offset_for_program>:
20009668:	b510      	push	{r4, lr}
2000966a:	000a      	movs	r2, r1
2000966c:	790c      	ldrb	r4, [r1, #4]
2000966e:	2c20      	cmp	r4, #32
20009670:	d819      	bhi.n	200096a6 <find_offset_for_program+0x3e>
20009672:	4b18      	ldr	r3, [pc, #96]	@ (200096d4 <find_offset_for_program+0x6c>)
20009674:	469c      	mov	ip, r3
20009676:	4460      	add	r0, ip
20009678:	0d00      	lsrs	r0, r0, #20
2000967a:	4b17      	ldr	r3, [pc, #92]	@ (200096d8 <find_offset_for_program+0x70>)
2000967c:	0080      	lsls	r0, r0, #2
2000967e:	58c1      	ldr	r1, [r0, r3]
20009680:	2301      	movs	r3, #1
20009682:	40a3      	lsls	r3, r4
20009684:	3b01      	subs	r3, #1
20009686:	7952      	ldrb	r2, [r2, #5]
20009688:	b252      	sxtb	r2, r2
2000968a:	2a00      	cmp	r2, #0
2000968c:	db11      	blt.n	200096b2 <find_offset_for_program+0x4a>
2000968e:	2020      	movs	r0, #32
20009690:	1b00      	subs	r0, r0, r4
20009692:	b2d4      	uxtb	r4, r2
20009694:	4284      	cmp	r4, r0
20009696:	d819      	bhi.n	200096cc <find_offset_for_program+0x64>
20009698:	0010      	movs	r0, r2
2000969a:	4093      	lsls	r3, r2
2000969c:	4219      	tst	r1, r3
2000969e:	d001      	beq.n	200096a4 <find_offset_for_program+0x3c>
200096a0:	2001      	movs	r0, #1
200096a2:	4240      	negs	r0, r0
200096a4:	bd10      	pop	{r4, pc}
200096a6:	4b0d      	ldr	r3, [pc, #52]	@ (200096dc <find_offset_for_program+0x74>)
200096a8:	4a0d      	ldr	r2, [pc, #52]	@ (200096e0 <find_offset_for_program+0x78>)
200096aa:	480e      	ldr	r0, [pc, #56]	@ (200096e4 <find_offset_for_program+0x7c>)
200096ac:	2143      	movs	r1, #67	@ 0x43
200096ae:	f7ff fbbf 	bl	20008e30 <__assert_func>
200096b2:	2020      	movs	r0, #32
200096b4:	1b00      	subs	r0, r0, r4
200096b6:	2800      	cmp	r0, #0
200096b8:	db05      	blt.n	200096c6 <find_offset_for_program+0x5e>
200096ba:	001a      	movs	r2, r3
200096bc:	4082      	lsls	r2, r0
200096be:	4211      	tst	r1, r2
200096c0:	d0f0      	beq.n	200096a4 <find_offset_for_program+0x3c>
200096c2:	3801      	subs	r0, #1
200096c4:	e7f7      	b.n	200096b6 <find_offset_for_program+0x4e>
200096c6:	2009      	movs	r0, #9
200096c8:	4240      	negs	r0, r0
200096ca:	e7eb      	b.n	200096a4 <find_offset_for_program+0x3c>
200096cc:	2001      	movs	r0, #1
200096ce:	4240      	negs	r0, r0
200096d0:	e7e8      	b.n	200096a4 <find_offset_for_program+0x3c>
200096d2:	46c0      	nop			@ (mov r8, r8)
200096d4:	afe00000 	.word	0xafe00000
200096d8:	2000d908 	.word	0x2000d908
200096dc:	2000c7a8 	.word	0x2000c7a8
200096e0:	2000ce7c 	.word	0x2000ce7c
200096e4:	2000c7d4 	.word	0x2000c7d4

200096e8 <pio_sm_unclaim>:
200096e8:	b510      	push	{r4, lr}
200096ea:	4b05      	ldr	r3, [pc, #20]	@ (20009700 <pio_sm_unclaim+0x18>)
200096ec:	469c      	mov	ip, r3
200096ee:	4460      	add	r0, ip
200096f0:	0d00      	lsrs	r0, r0, #20
200096f2:	0080      	lsls	r0, r0, #2
200096f4:	1841      	adds	r1, r0, r1
200096f6:	4803      	ldr	r0, [pc, #12]	@ (20009704 <pio_sm_unclaim+0x1c>)
200096f8:	f7fb fda2 	bl	20005240 <hw_claim_clear>
200096fc:	bd10      	pop	{r4, pc}
200096fe:	46c0      	nop			@ (mov r8, r8)
20009700:	afe00000 	.word	0xafe00000
20009704:	2000f1f8 	.word	0x2000f1f8

20009708 <pio_claim_unused_sm>:
20009708:	b510      	push	{r4, lr}
2000970a:	b082      	sub	sp, #8
2000970c:	4b09      	ldr	r3, [pc, #36]	@ (20009734 <pio_claim_unused_sm+0x2c>)
2000970e:	18c4      	adds	r4, r0, r3
20009710:	0d24      	lsrs	r4, r4, #20
20009712:	00a4      	lsls	r4, r4, #2
20009714:	1ce3      	adds	r3, r4, #3
20009716:	4808      	ldr	r0, [pc, #32]	@ (20009738 <pio_claim_unused_sm+0x30>)
20009718:	4a08      	ldr	r2, [pc, #32]	@ (2000973c <pio_claim_unused_sm+0x34>)
2000971a:	9200      	str	r2, [sp, #0]
2000971c:	0022      	movs	r2, r4
2000971e:	f7fb fd67 	bl	200051f0 <hw_claim_unused_from_range>
20009722:	4284      	cmp	r4, r0
20009724:	dc02      	bgt.n	2000972c <pio_claim_unused_sm+0x24>
20009726:	1b00      	subs	r0, r0, r4
20009728:	b002      	add	sp, #8
2000972a:	bd10      	pop	{r4, pc}
2000972c:	2001      	movs	r0, #1
2000972e:	4240      	negs	r0, r0
20009730:	e7fa      	b.n	20009728 <pio_claim_unused_sm+0x20>
20009732:	46c0      	nop			@ (mov r8, r8)
20009734:	afe00000 	.word	0xafe00000
20009738:	2000f1f8 	.word	0x2000f1f8
2000973c:	2000c81c 	.word	0x2000c81c

20009740 <pio_sm_is_claimed>:
20009740:	b510      	push	{r4, lr}
20009742:	4b05      	ldr	r3, [pc, #20]	@ (20009758 <pio_sm_is_claimed+0x18>)
20009744:	469c      	mov	ip, r3
20009746:	4460      	add	r0, ip
20009748:	0d00      	lsrs	r0, r0, #20
2000974a:	0080      	lsls	r0, r0, #2
2000974c:	1841      	adds	r1, r0, r1
2000974e:	4803      	ldr	r0, [pc, #12]	@ (2000975c <pio_sm_is_claimed+0x1c>)
20009750:	f7fb fd28 	bl	200051a4 <hw_is_claimed>
20009754:	bd10      	pop	{r4, pc}
20009756:	46c0      	nop			@ (mov r8, r8)
20009758:	afe00000 	.word	0xafe00000
2000975c:	2000f1f8 	.word	0x2000f1f8

20009760 <pio_add_program>:
20009760:	b5f8      	push	{r3, r4, r5, r6, r7, lr}
20009762:	0005      	movs	r5, r0
20009764:	000e      	movs	r6, r1
20009766:	f7fb fd07 	bl	20005178 <hw_claim_lock>
2000976a:	0007      	movs	r7, r0
2000976c:	0031      	movs	r1, r6
2000976e:	0028      	movs	r0, r5
20009770:	f7ff ff7a 	bl	20009668 <find_offset_for_program>
20009774:	1e04      	subs	r4, r0, #0
20009776:	da04      	bge.n	20009782 <pio_add_program+0x22>
20009778:	0038      	movs	r0, r7
2000977a:	f7fb fd09 	bl	20005190 <hw_claim_unlock>
2000977e:	0020      	movs	r0, r4
20009780:	bdf8      	pop	{r3, r4, r5, r6, r7, pc}
20009782:	0002      	movs	r2, r0
20009784:	0031      	movs	r1, r6
20009786:	0028      	movs	r0, r5
20009788:	f7ff ff3e 	bl	20009608 <add_program_at_offset>
2000978c:	0004      	movs	r4, r0
2000978e:	e7f3      	b.n	20009778 <pio_add_program+0x18>

20009790 <pio_clear_instruction_memory>:
20009790:	b510      	push	{r4, lr}
20009792:	0004      	movs	r4, r0
20009794:	f7fb fcf0 	bl	20005178 <hw_claim_lock>
20009798:	4b0a      	ldr	r3, [pc, #40]	@ (200097c4 <pio_clear_instruction_memory+0x34>)
2000979a:	18e3      	adds	r3, r4, r3
2000979c:	0d1b      	lsrs	r3, r3, #20
2000979e:	4a0a      	ldr	r2, [pc, #40]	@ (200097c8 <pio_clear_instruction_memory+0x38>)
200097a0:	009b      	lsls	r3, r3, #2
200097a2:	2100      	movs	r1, #0
200097a4:	5099      	str	r1, [r3, r2]
200097a6:	2300      	movs	r3, #0
200097a8:	e006      	b.n	200097b8 <pio_clear_instruction_memory+0x28>
200097aa:	211f      	movs	r1, #31
200097ac:	4019      	ands	r1, r3
200097ae:	001a      	movs	r2, r3
200097b0:	3212      	adds	r2, #18
200097b2:	0092      	lsls	r2, r2, #2
200097b4:	5111      	str	r1, [r2, r4]
200097b6:	3301      	adds	r3, #1
200097b8:	2b1f      	cmp	r3, #31
200097ba:	d9f6      	bls.n	200097aa <pio_clear_instruction_memory+0x1a>
200097bc:	f7fb fce8 	bl	20005190 <hw_claim_unlock>
200097c0:	bd10      	pop	{r4, pc}
200097c2:	46c0      	nop			@ (mov r8, r8)
200097c4:	afe00000 	.word	0xafe00000
200097c8:	2000d908 	.word	0x2000d908

200097cc <pio_sm_set_consecutive_pindirs>:
200097cc:	b5f0      	push	{r4, r5, r6, r7, lr}
200097ce:	46ce      	mov	lr, r9
200097d0:	4647      	mov	r7, r8
200097d2:	b580      	push	{r7, lr}
200097d4:	0005      	movs	r5, r0
200097d6:	000c      	movs	r4, r1
200097d8:	0019      	movs	r1, r3
200097da:	ab07      	add	r3, sp, #28
200097dc:	7818      	ldrb	r0, [r3, #0]
200097de:	2a1f      	cmp	r2, #31
200097e0:	d84a      	bhi.n	20009878 <pio_sm_set_consecutive_pindirs+0xac>
200097e2:	0063      	lsls	r3, r4, #1
200097e4:	191e      	adds	r6, r3, r4
200097e6:	00f6      	lsls	r6, r6, #3
200097e8:	19ae      	adds	r6, r5, r6
200097ea:	0037      	movs	r7, r6
200097ec:	37dc      	adds	r7, #220	@ 0xdc
200097ee:	683f      	ldr	r7, [r7, #0]
200097f0:	46b8      	mov	r8, r7
200097f2:	36cc      	adds	r6, #204	@ 0xcc
200097f4:	6836      	ldr	r6, [r6, #0]
200097f6:	46b4      	mov	ip, r6
200097f8:	191b      	adds	r3, r3, r4
200097fa:	00db      	lsls	r3, r3, #3
200097fc:	33c8      	adds	r3, #200	@ 0xc8
200097fe:	18eb      	adds	r3, r5, r3
20009800:	4e1f      	ldr	r6, [pc, #124]	@ (20009880 <pio_sm_set_consecutive_pindirs+0xb4>)
20009802:	46b1      	mov	r9, r6
20009804:	444b      	add	r3, r9
20009806:	2680      	movs	r6, #128	@ 0x80
20009808:	02b6      	lsls	r6, r6, #10
2000980a:	601e      	str	r6, [r3, #0]
2000980c:	2800      	cmp	r0, #0
2000980e:	d131      	bne.n	20009874 <pio_sm_set_consecutive_pindirs+0xa8>
20009810:	2600      	movs	r6, #0
20009812:	e012      	b.n	2000983a <pio_sm_set_consecutive_pindirs+0x6e>
20009814:	0153      	lsls	r3, r2, #5
20009816:	20a0      	movs	r0, #160	@ 0xa0
20009818:	0540      	lsls	r0, r0, #21
2000981a:	4318      	orrs	r0, r3
2000981c:	0063      	lsls	r3, r4, #1
2000981e:	191b      	adds	r3, r3, r4
20009820:	00db      	lsls	r3, r3, #3
20009822:	18eb      	adds	r3, r5, r3
20009824:	001f      	movs	r7, r3
20009826:	37dc      	adds	r7, #220	@ 0xdc
20009828:	6038      	str	r0, [r7, #0]
2000982a:	4816      	ldr	r0, [pc, #88]	@ (20009884 <pio_sm_set_consecutive_pindirs+0xb8>)
2000982c:	4330      	orrs	r0, r6
2000982e:	33d8      	adds	r3, #216	@ 0xd8
20009830:	6018      	str	r0, [r3, #0]
20009832:	3905      	subs	r1, #5
20009834:	3205      	adds	r2, #5
20009836:	231f      	movs	r3, #31
20009838:	401a      	ands	r2, r3
2000983a:	2905      	cmp	r1, #5
2000983c:	d8ea      	bhi.n	20009814 <pio_sm_set_consecutive_pindirs+0x48>
2000983e:	0689      	lsls	r1, r1, #26
20009840:	0152      	lsls	r2, r2, #5
20009842:	4311      	orrs	r1, r2
20009844:	0062      	lsls	r2, r4, #1
20009846:	1913      	adds	r3, r2, r4
20009848:	00db      	lsls	r3, r3, #3
2000984a:	18eb      	adds	r3, r5, r3
2000984c:	0018      	movs	r0, r3
2000984e:	30dc      	adds	r0, #220	@ 0xdc
20009850:	6001      	str	r1, [r0, #0]
20009852:	490c      	ldr	r1, [pc, #48]	@ (20009884 <pio_sm_set_consecutive_pindirs+0xb8>)
20009854:	4331      	orrs	r1, r6
20009856:	33d8      	adds	r3, #216	@ 0xd8
20009858:	6019      	str	r1, [r3, #0]
2000985a:	4643      	mov	r3, r8
2000985c:	6003      	str	r3, [r0, #0]
2000985e:	1912      	adds	r2, r2, r4
20009860:	00d2      	lsls	r2, r2, #3
20009862:	18ad      	adds	r5, r5, r2
20009864:	35cc      	adds	r5, #204	@ 0xcc
20009866:	4663      	mov	r3, ip
20009868:	602b      	str	r3, [r5, #0]
2000986a:	2000      	movs	r0, #0
2000986c:	bcc0      	pop	{r6, r7}
2000986e:	46b9      	mov	r9, r7
20009870:	46b0      	mov	r8, r6
20009872:	bdf0      	pop	{r4, r5, r6, r7, pc}
20009874:	261f      	movs	r6, #31
20009876:	e7e0      	b.n	2000983a <pio_sm_set_consecutive_pindirs+0x6e>
20009878:	2005      	movs	r0, #5
2000987a:	4240      	negs	r0, r0
2000987c:	e7f6      	b.n	2000986c <pio_sm_set_consecutive_pindirs+0xa0>
2000987e:	46c0      	nop			@ (mov r8, r8)
20009880:	00003004 	.word	0x00003004
20009884:	0000e080 	.word	0x0000e080

20009888 <pio_sm_init>:
20009888:	b5f0      	push	{r4, r5, r6, r7, lr}
2000988a:	b085      	sub	sp, #20
2000988c:	0004      	movs	r4, r0
2000988e:	000d      	movs	r5, r1
20009890:	0017      	movs	r7, r2
20009892:	6802      	ldr	r2, [r0, #0]
20009894:	2101      	movs	r1, #1
20009896:	40a9      	lsls	r1, r5
20009898:	438a      	bics	r2, r1
2000989a:	6002      	str	r2, [r0, #0]
2000989c:	2b00      	cmp	r3, #0
2000989e:	d036      	beq.n	2000990e <pio_sm_init+0x86>
200098a0:	6818      	ldr	r0, [r3, #0]
200098a2:	006a      	lsls	r2, r5, #1
200098a4:	1952      	adds	r2, r2, r5
200098a6:	00d2      	lsls	r2, r2, #3
200098a8:	18a2      	adds	r2, r4, r2
200098aa:	0011      	movs	r1, r2
200098ac:	31c8      	adds	r1, #200	@ 0xc8
200098ae:	6008      	str	r0, [r1, #0]
200098b0:	6898      	ldr	r0, [r3, #8]
200098b2:	3108      	adds	r1, #8
200098b4:	6008      	str	r0, [r1, #0]
200098b6:	6858      	ldr	r0, [r3, #4]
200098b8:	3904      	subs	r1, #4
200098ba:	6008      	str	r0, [r1, #0]
200098bc:	68db      	ldr	r3, [r3, #12]
200098be:	32dc      	adds	r2, #220	@ 0xdc
200098c0:	6013      	str	r3, [r2, #0]
200098c2:	006a      	lsls	r2, r5, #1
200098c4:	1953      	adds	r3, r2, r5
200098c6:	00db      	lsls	r3, r3, #3
200098c8:	33d0      	adds	r3, #208	@ 0xd0
200098ca:	18e3      	adds	r3, r4, r3
200098cc:	2180      	movs	r1, #128	@ 0x80
200098ce:	0149      	lsls	r1, r1, #5
200098d0:	468c      	mov	ip, r1
200098d2:	4463      	add	r3, ip
200098d4:	2180      	movs	r1, #128	@ 0x80
200098d6:	0609      	lsls	r1, r1, #24
200098d8:	6019      	str	r1, [r3, #0]
200098da:	6019      	str	r1, [r3, #0]
200098dc:	4b16      	ldr	r3, [pc, #88]	@ (20009938 <pio_sm_init+0xb0>)
200098de:	40ab      	lsls	r3, r5
200098e0:	60a3      	str	r3, [r4, #8]
200098e2:	1d29      	adds	r1, r5, #4
200098e4:	2301      	movs	r3, #1
200098e6:	0018      	movs	r0, r3
200098e8:	4088      	lsls	r0, r1
200098ea:	2180      	movs	r1, #128	@ 0x80
200098ec:	0189      	lsls	r1, r1, #6
200098ee:	1861      	adds	r1, r4, r1
200098f0:	6008      	str	r0, [r1, #0]
200098f2:	0028      	movs	r0, r5
200098f4:	3008      	adds	r0, #8
200098f6:	4083      	lsls	r3, r0
200098f8:	600b      	str	r3, [r1, #0]
200098fa:	231f      	movs	r3, #31
200098fc:	403b      	ands	r3, r7
200098fe:	1952      	adds	r2, r2, r5
20009900:	00d2      	lsls	r2, r2, #3
20009902:	18a4      	adds	r4, r4, r2
20009904:	34d8      	adds	r4, #216	@ 0xd8
20009906:	6023      	str	r3, [r4, #0]
20009908:	2000      	movs	r0, #0
2000990a:	b005      	add	sp, #20
2000990c:	bdf0      	pop	{r4, r5, r6, r7, pc}
2000990e:	4668      	mov	r0, sp
20009910:	f7ff fe32 	bl	20009578 <pio_get_default_sm_config>
20009914:	9900      	ldr	r1, [sp, #0]
20009916:	006b      	lsls	r3, r5, #1
20009918:	195b      	adds	r3, r3, r5
2000991a:	00db      	lsls	r3, r3, #3
2000991c:	18e3      	adds	r3, r4, r3
2000991e:	001a      	movs	r2, r3
20009920:	32c8      	adds	r2, #200	@ 0xc8
20009922:	6011      	str	r1, [r2, #0]
20009924:	9902      	ldr	r1, [sp, #8]
20009926:	3208      	adds	r2, #8
20009928:	6011      	str	r1, [r2, #0]
2000992a:	9901      	ldr	r1, [sp, #4]
2000992c:	3a04      	subs	r2, #4
2000992e:	6011      	str	r1, [r2, #0]
20009930:	9a03      	ldr	r2, [sp, #12]
20009932:	33dc      	adds	r3, #220	@ 0xdc
20009934:	601a      	str	r2, [r3, #0]
20009936:	e7c4      	b.n	200098c2 <pio_sm_init+0x3a>
20009938:	01010101 	.word	0x01010101

2000993c <spi_unreset>:
2000993c:	4b07      	ldr	r3, [pc, #28]	@ (2000995c <spi_unreset+0x20>)
2000993e:	4298      	cmp	r0, r3
20009940:	d00a      	beq.n	20009958 <spi_unreset+0x1c>
20009942:	2310      	movs	r3, #16
20009944:	2201      	movs	r2, #1
20009946:	409a      	lsls	r2, r3
20009948:	4b05      	ldr	r3, [pc, #20]	@ (20009960 <spi_unreset+0x24>)
2000994a:	601a      	str	r2, [r3, #0]
2000994c:	4b05      	ldr	r3, [pc, #20]	@ (20009964 <spi_unreset+0x28>)
2000994e:	681b      	ldr	r3, [r3, #0]
20009950:	0011      	movs	r1, r2
20009952:	4399      	bics	r1, r3
20009954:	d1fa      	bne.n	2000994c <spi_unreset+0x10>
20009956:	4770      	bx	lr
20009958:	2311      	movs	r3, #17
2000995a:	e7f3      	b.n	20009944 <spi_unreset+0x8>
2000995c:	40040000 	.word	0x40040000
20009960:	4000f000 	.word	0x4000f000
20009964:	4000c008 	.word	0x4000c008

20009968 <spi_set_baudrate>:
20009968:	b5f8      	push	{r3, r4, r5, r6, r7, lr}
2000996a:	46de      	mov	lr, fp
2000996c:	4657      	mov	r7, sl
2000996e:	464e      	mov	r6, r9
20009970:	4645      	mov	r5, r8
20009972:	b5e0      	push	{r5, r6, r7, lr}
20009974:	4681      	mov	r9, r0
20009976:	000e      	movs	r6, r1
20009978:	2006      	movs	r0, #6
2000997a:	f7fc fde5 	bl	20006548 <clock_get_hz>
2000997e:	4680      	mov	r8, r0
20009980:	464b      	mov	r3, r9
20009982:	685a      	ldr	r2, [r3, #4]
20009984:	2302      	movs	r3, #2
20009986:	401a      	ands	r2, r3
20009988:	4692      	mov	sl, r2
2000998a:	464a      	mov	r2, r9
2000998c:	3204      	adds	r2, #4
2000998e:	4693      	mov	fp, r2
20009990:	4a22      	ldr	r2, [pc, #136]	@ (20009a1c <spi_set_baudrate+0xb4>)
20009992:	444a      	add	r2, r9
20009994:	6013      	str	r3, [r2, #0]
20009996:	2402      	movs	r4, #2
20009998:	e000      	b.n	2000999c <spi_set_baudrate+0x34>
2000999a:	3402      	adds	r4, #2
2000999c:	2cfe      	cmp	r4, #254	@ 0xfe
2000999e:	d81a      	bhi.n	200099d6 <spi_set_baudrate+0x6e>
200099a0:	2500      	movs	r5, #0
200099a2:	0220      	lsls	r0, r4, #8
200099a4:	0032      	movs	r2, r6
200099a6:	2300      	movs	r3, #0
200099a8:	2100      	movs	r1, #0
200099aa:	f7fd ff91 	bl	200078d0 <__wrap___aeabi_lmul>
200099ae:	2900      	cmp	r1, #0
200099b0:	d103      	bne.n	200099ba <spi_set_baudrate+0x52>
200099b2:	42a9      	cmp	r1, r5
200099b4:	d1f1      	bne.n	2000999a <spi_set_baudrate+0x32>
200099b6:	4540      	cmp	r0, r8
200099b8:	d9ef      	bls.n	2000999a <spi_set_baudrate+0x32>
200099ba:	2780      	movs	r7, #128	@ 0x80
200099bc:	007f      	lsls	r7, r7, #1
200099be:	2f01      	cmp	r7, #1
200099c0:	d90c      	bls.n	200099dc <spi_set_baudrate+0x74>
200099c2:	1e7d      	subs	r5, r7, #1
200099c4:	0021      	movs	r1, r4
200099c6:	4369      	muls	r1, r5
200099c8:	4640      	mov	r0, r8
200099ca:	f7fd f90b 	bl	20006be4 <__wrap___aeabi_uidiv>
200099ce:	42b0      	cmp	r0, r6
200099d0:	d804      	bhi.n	200099dc <spi_set_baudrate+0x74>
200099d2:	002f      	movs	r7, r5
200099d4:	e7f3      	b.n	200099be <spi_set_baudrate+0x56>
200099d6:	2780      	movs	r7, #128	@ 0x80
200099d8:	007f      	lsls	r7, r7, #1
200099da:	e7f0      	b.n	200099be <spi_set_baudrate+0x56>
200099dc:	464b      	mov	r3, r9
200099de:	611c      	str	r4, [r3, #16]
200099e0:	1e7a      	subs	r2, r7, #1
200099e2:	0212      	lsls	r2, r2, #8
200099e4:	681b      	ldr	r3, [r3, #0]
200099e6:	405a      	eors	r2, r3
200099e8:	23ff      	movs	r3, #255	@ 0xff
200099ea:	021b      	lsls	r3, r3, #8
200099ec:	401a      	ands	r2, r3
200099ee:	2380      	movs	r3, #128	@ 0x80
200099f0:	015b      	lsls	r3, r3, #5
200099f2:	444b      	add	r3, r9
200099f4:	601a      	str	r2, [r3, #0]
200099f6:	465b      	mov	r3, fp
200099f8:	2280      	movs	r2, #128	@ 0x80
200099fa:	0192      	lsls	r2, r2, #6
200099fc:	4694      	mov	ip, r2
200099fe:	4463      	add	r3, ip
20009a00:	4652      	mov	r2, sl
20009a02:	601a      	str	r2, [r3, #0]
20009a04:	0039      	movs	r1, r7
20009a06:	4361      	muls	r1, r4
20009a08:	4640      	mov	r0, r8
20009a0a:	f7fd f8eb 	bl	20006be4 <__wrap___aeabi_uidiv>
20009a0e:	bcf0      	pop	{r4, r5, r6, r7}
20009a10:	46bb      	mov	fp, r7
20009a12:	46b2      	mov	sl, r6
20009a14:	46a9      	mov	r9, r5
20009a16:	46a0      	mov	r8, r4
20009a18:	bdf8      	pop	{r3, r4, r5, r6, r7, pc}
20009a1a:	46c0      	nop			@ (mov r8, r8)
20009a1c:	00003004 	.word	0x00003004

20009a20 <spi_init>:
20009a20:	b570      	push	{r4, r5, r6, lr}
20009a22:	0004      	movs	r4, r0
20009a24:	000d      	movs	r5, r1
20009a26:	4b16      	ldr	r3, [pc, #88]	@ (20009a80 <spi_init+0x60>)
20009a28:	4298      	cmp	r0, r3
20009a2a:	d026      	beq.n	20009a7a <spi_init+0x5a>
20009a2c:	2210      	movs	r2, #16
20009a2e:	2301      	movs	r3, #1
20009a30:	4093      	lsls	r3, r2
20009a32:	4a14      	ldr	r2, [pc, #80]	@ (20009a84 <spi_init+0x64>)
20009a34:	6013      	str	r3, [r2, #0]
20009a36:	0020      	movs	r0, r4
20009a38:	f7ff ff80 	bl	2000993c <spi_unreset>
20009a3c:	0029      	movs	r1, r5
20009a3e:	0020      	movs	r0, r4
20009a40:	f7ff ff92 	bl	20009968 <spi_set_baudrate>
20009a44:	6862      	ldr	r2, [r4, #4]
20009a46:	2302      	movs	r3, #2
20009a48:	401a      	ands	r2, r3
20009a4a:	490f      	ldr	r1, [pc, #60]	@ (20009a88 <spi_init+0x68>)
20009a4c:	1861      	adds	r1, r4, r1
20009a4e:	600b      	str	r3, [r1, #0]
20009a50:	6821      	ldr	r1, [r4, #0]
20009a52:	2507      	movs	r5, #7
20009a54:	404d      	eors	r5, r1
20009a56:	21cf      	movs	r1, #207	@ 0xcf
20009a58:	4029      	ands	r1, r5
20009a5a:	2580      	movs	r5, #128	@ 0x80
20009a5c:	016d      	lsls	r5, r5, #5
20009a5e:	46ac      	mov	ip, r5
20009a60:	44a4      	add	ip, r4
20009a62:	4665      	mov	r5, ip
20009a64:	6029      	str	r1, [r5, #0]
20009a66:	4909      	ldr	r1, [pc, #36]	@ (20009a8c <spi_init+0x6c>)
20009a68:	1861      	adds	r1, r4, r1
20009a6a:	600a      	str	r2, [r1, #0]
20009a6c:	4a08      	ldr	r2, [pc, #32]	@ (20009a90 <spi_init+0x70>)
20009a6e:	4694      	mov	ip, r2
20009a70:	4464      	add	r4, ip
20009a72:	2203      	movs	r2, #3
20009a74:	6022      	str	r2, [r4, #0]
20009a76:	600b      	str	r3, [r1, #0]
20009a78:	bd70      	pop	{r4, r5, r6, pc}
20009a7a:	2211      	movs	r2, #17
20009a7c:	e7d7      	b.n	20009a2e <spi_init+0xe>
20009a7e:	46c0      	nop			@ (mov r8, r8)
20009a80:	40040000 	.word	0x40040000
20009a84:	4000e000 	.word	0x4000e000
20009a88:	00003004 	.word	0x00003004
20009a8c:	00002004 	.word	0x00002004
20009a90:	00002024 	.word	0x00002024

20009a94 <adc_init>:
20009a94:	2301      	movs	r3, #1
20009a96:	4a08      	ldr	r2, [pc, #32]	@ (20009ab8 <adc_init+0x24>)
20009a98:	6013      	str	r3, [r2, #0]
20009a9a:	4a08      	ldr	r2, [pc, #32]	@ (20009abc <adc_init+0x28>)
20009a9c:	6013      	str	r3, [r2, #0]
20009a9e:	4b08      	ldr	r3, [pc, #32]	@ (20009ac0 <adc_init+0x2c>)
20009aa0:	681a      	ldr	r2, [r3, #0]
20009aa2:	2301      	movs	r3, #1
20009aa4:	4393      	bics	r3, r2
20009aa6:	d1fa      	bne.n	20009a9e <adc_init+0xa>
20009aa8:	4b06      	ldr	r3, [pc, #24]	@ (20009ac4 <adc_init+0x30>)
20009aaa:	2201      	movs	r2, #1
20009aac:	601a      	str	r2, [r3, #0]
20009aae:	4b05      	ldr	r3, [pc, #20]	@ (20009ac4 <adc_init+0x30>)
20009ab0:	681b      	ldr	r3, [r3, #0]
20009ab2:	05db      	lsls	r3, r3, #23
20009ab4:	d5fb      	bpl.n	20009aae <adc_init+0x1a>
20009ab6:	4770      	bx	lr
20009ab8:	4000e000 	.word	0x4000e000
20009abc:	4000f000 	.word	0x4000f000
20009ac0:	4000c008 	.word	0x4000c008
20009ac4:	4004c000 	.word	0x4004c000

20009ac8 <__aeabi_idiv0>:
20009ac8:	4770      	bx	lr
20009aca:	46c0      	nop			@ (mov r8, r8)

20009acc <__malloc_lock>:
20009acc:	b510      	push	{r4, lr}
20009ace:	4802      	ldr	r0, [pc, #8]	@ (20009ad8 <__malloc_lock+0xc>)
20009ad0:	f000 fb00 	bl	2000a0d4 <__retarget_lock_acquire_recursive>
20009ad4:	bd10      	pop	{r4, pc}
20009ad6:	46c0      	nop			@ (mov r8, r8)
20009ad8:	2000d790 	.word	0x2000d790

20009adc <__malloc_unlock>:
20009adc:	b510      	push	{r4, lr}
20009ade:	4802      	ldr	r0, [pc, #8]	@ (20009ae8 <__malloc_unlock+0xc>)
20009ae0:	f000 fafa 	bl	2000a0d8 <__retarget_lock_release_recursive>
20009ae4:	bd10      	pop	{r4, pc}
20009ae6:	46c0      	nop			@ (mov r8, r8)
20009ae8:	2000d790 	.word	0x2000d790

20009aec <__sflush_r>:
20009aec:	b5f0      	push	{r4, r5, r6, r7, lr}
20009aee:	46c6      	mov	lr, r8
20009af0:	b500      	push	{lr}
20009af2:	220c      	movs	r2, #12
20009af4:	5e8b      	ldrsh	r3, [r1, r2]
20009af6:	4680      	mov	r8, r0
20009af8:	000c      	movs	r4, r1
20009afa:	071a      	lsls	r2, r3, #28
20009afc:	d454      	bmi.n	20009ba8 <__sflush_r+0xbc>
20009afe:	2180      	movs	r1, #128	@ 0x80
20009b00:	6862      	ldr	r2, [r4, #4]
20009b02:	0109      	lsls	r1, r1, #4
20009b04:	4319      	orrs	r1, r3
20009b06:	81a1      	strh	r1, [r4, #12]
20009b08:	2a00      	cmp	r2, #0
20009b0a:	dc00      	bgt.n	20009b0e <__sflush_r+0x22>
20009b0c:	e06d      	b.n	20009bea <__sflush_r+0xfe>
20009b0e:	6aa5      	ldr	r5, [r4, #40]	@ 0x28
20009b10:	2d00      	cmp	r5, #0
20009b12:	d045      	beq.n	20009ba0 <__sflush_r+0xb4>
20009b14:	4642      	mov	r2, r8
20009b16:	4640      	mov	r0, r8
20009b18:	6816      	ldr	r6, [r2, #0]
20009b1a:	2200      	movs	r2, #0
20009b1c:	6002      	str	r2, [r0, #0]
20009b1e:	04db      	lsls	r3, r3, #19
20009b20:	d468      	bmi.n	20009bf4 <__sflush_r+0x108>
20009b22:	2200      	movs	r2, #0
20009b24:	2301      	movs	r3, #1
20009b26:	69e1      	ldr	r1, [r4, #28]
20009b28:	47a8      	blx	r5
20009b2a:	0002      	movs	r2, r0
20009b2c:	1c43      	adds	r3, r0, #1
20009b2e:	d100      	bne.n	20009b32 <__sflush_r+0x46>
20009b30:	e06d      	b.n	20009c0e <__sflush_r+0x122>
20009b32:	230c      	movs	r3, #12
20009b34:	5ee1      	ldrsh	r1, [r4, r3]
20009b36:	6aa5      	ldr	r5, [r4, #40]	@ 0x28
20009b38:	0749      	lsls	r1, r1, #29
20009b3a:	d506      	bpl.n	20009b4a <__sflush_r+0x5e>
20009b3c:	6863      	ldr	r3, [r4, #4]
20009b3e:	1ad2      	subs	r2, r2, r3
20009b40:	6b23      	ldr	r3, [r4, #48]	@ 0x30
20009b42:	2b00      	cmp	r3, #0
20009b44:	d001      	beq.n	20009b4a <__sflush_r+0x5e>
20009b46:	6be3      	ldr	r3, [r4, #60]	@ 0x3c
20009b48:	1ad2      	subs	r2, r2, r3
20009b4a:	2300      	movs	r3, #0
20009b4c:	69e1      	ldr	r1, [r4, #28]
20009b4e:	4640      	mov	r0, r8
20009b50:	47a8      	blx	r5
20009b52:	230c      	movs	r3, #12
20009b54:	5ee1      	ldrsh	r1, [r4, r3]
20009b56:	1c43      	adds	r3, r0, #1
20009b58:	d14e      	bne.n	20009bf8 <__sflush_r+0x10c>
20009b5a:	4643      	mov	r3, r8
20009b5c:	681a      	ldr	r2, [r3, #0]
20009b5e:	2a1d      	cmp	r2, #29
20009b60:	d861      	bhi.n	20009c26 <__sflush_r+0x13a>
20009b62:	4b32      	ldr	r3, [pc, #200]	@ (20009c2c <__sflush_r+0x140>)
20009b64:	40d3      	lsrs	r3, r2
20009b66:	07db      	lsls	r3, r3, #31
20009b68:	d55d      	bpl.n	20009c26 <__sflush_r+0x13a>
20009b6a:	4b31      	ldr	r3, [pc, #196]	@ (20009c30 <__sflush_r+0x144>)
20009b6c:	400b      	ands	r3, r1
20009b6e:	81a3      	strh	r3, [r4, #12]
20009b70:	2300      	movs	r3, #0
20009b72:	6063      	str	r3, [r4, #4]
20009b74:	6923      	ldr	r3, [r4, #16]
20009b76:	6023      	str	r3, [r4, #0]
20009b78:	04c9      	lsls	r1, r1, #19
20009b7a:	d503      	bpl.n	20009b84 <__sflush_r+0x98>
20009b7c:	4643      	mov	r3, r8
20009b7e:	681b      	ldr	r3, [r3, #0]
20009b80:	2b00      	cmp	r3, #0
20009b82:	d042      	beq.n	20009c0a <__sflush_r+0x11e>
20009b84:	4643      	mov	r3, r8
20009b86:	6b21      	ldr	r1, [r4, #48]	@ 0x30
20009b88:	601e      	str	r6, [r3, #0]
20009b8a:	2900      	cmp	r1, #0
20009b8c:	d008      	beq.n	20009ba0 <__sflush_r+0xb4>
20009b8e:	0023      	movs	r3, r4
20009b90:	3340      	adds	r3, #64	@ 0x40
20009b92:	4299      	cmp	r1, r3
20009b94:	d002      	beq.n	20009b9c <__sflush_r+0xb0>
20009b96:	4640      	mov	r0, r8
20009b98:	f000 fb36 	bl	2000a208 <_free_r>
20009b9c:	2300      	movs	r3, #0
20009b9e:	6323      	str	r3, [r4, #48]	@ 0x30
20009ba0:	2000      	movs	r0, #0
20009ba2:	bc80      	pop	{r7}
20009ba4:	46b8      	mov	r8, r7
20009ba6:	bdf0      	pop	{r4, r5, r6, r7, pc}
20009ba8:	690e      	ldr	r6, [r1, #16]
20009baa:	2e00      	cmp	r6, #0
20009bac:	d0f8      	beq.n	20009ba0 <__sflush_r+0xb4>
20009bae:	680d      	ldr	r5, [r1, #0]
20009bb0:	2200      	movs	r2, #0
20009bb2:	1bad      	subs	r5, r5, r6
20009bb4:	600e      	str	r6, [r1, #0]
20009bb6:	079b      	lsls	r3, r3, #30
20009bb8:	d100      	bne.n	20009bbc <__sflush_r+0xd0>
20009bba:	694a      	ldr	r2, [r1, #20]
20009bbc:	60a2      	str	r2, [r4, #8]
20009bbe:	2d00      	cmp	r5, #0
20009bc0:	dc04      	bgt.n	20009bcc <__sflush_r+0xe0>
20009bc2:	e7ed      	b.n	20009ba0 <__sflush_r+0xb4>
20009bc4:	1836      	adds	r6, r6, r0
20009bc6:	1a2d      	subs	r5, r5, r0
20009bc8:	2d00      	cmp	r5, #0
20009bca:	dde9      	ble.n	20009ba0 <__sflush_r+0xb4>
20009bcc:	002b      	movs	r3, r5
20009bce:	0032      	movs	r2, r6
20009bd0:	4640      	mov	r0, r8
20009bd2:	69e1      	ldr	r1, [r4, #28]
20009bd4:	6a67      	ldr	r7, [r4, #36]	@ 0x24
20009bd6:	47b8      	blx	r7
20009bd8:	2800      	cmp	r0, #0
20009bda:	dcf3      	bgt.n	20009bc4 <__sflush_r+0xd8>
20009bdc:	2240      	movs	r2, #64	@ 0x40
20009bde:	89a3      	ldrh	r3, [r4, #12]
20009be0:	4313      	orrs	r3, r2
20009be2:	2001      	movs	r0, #1
20009be4:	81a3      	strh	r3, [r4, #12]
20009be6:	4240      	negs	r0, r0
20009be8:	e7db      	b.n	20009ba2 <__sflush_r+0xb6>
20009bea:	6be2      	ldr	r2, [r4, #60]	@ 0x3c
20009bec:	2a00      	cmp	r2, #0
20009bee:	dd00      	ble.n	20009bf2 <__sflush_r+0x106>
20009bf0:	e78d      	b.n	20009b0e <__sflush_r+0x22>
20009bf2:	e7d5      	b.n	20009ba0 <__sflush_r+0xb4>
20009bf4:	6d22      	ldr	r2, [r4, #80]	@ 0x50
20009bf6:	e79f      	b.n	20009b38 <__sflush_r+0x4c>
20009bf8:	4b0d      	ldr	r3, [pc, #52]	@ (20009c30 <__sflush_r+0x144>)
20009bfa:	400b      	ands	r3, r1
20009bfc:	81a3      	strh	r3, [r4, #12]
20009bfe:	2300      	movs	r3, #0
20009c00:	6063      	str	r3, [r4, #4]
20009c02:	6923      	ldr	r3, [r4, #16]
20009c04:	6023      	str	r3, [r4, #0]
20009c06:	04c9      	lsls	r1, r1, #19
20009c08:	d5bc      	bpl.n	20009b84 <__sflush_r+0x98>
20009c0a:	6520      	str	r0, [r4, #80]	@ 0x50
20009c0c:	e7ba      	b.n	20009b84 <__sflush_r+0x98>
20009c0e:	4643      	mov	r3, r8
20009c10:	681b      	ldr	r3, [r3, #0]
20009c12:	2b00      	cmp	r3, #0
20009c14:	d100      	bne.n	20009c18 <__sflush_r+0x12c>
20009c16:	e78c      	b.n	20009b32 <__sflush_r+0x46>
20009c18:	2b1d      	cmp	r3, #29
20009c1a:	d001      	beq.n	20009c20 <__sflush_r+0x134>
20009c1c:	2b16      	cmp	r3, #22
20009c1e:	d1dd      	bne.n	20009bdc <__sflush_r+0xf0>
20009c20:	4643      	mov	r3, r8
20009c22:	601e      	str	r6, [r3, #0]
20009c24:	e7bc      	b.n	20009ba0 <__sflush_r+0xb4>
20009c26:	2340      	movs	r3, #64	@ 0x40
20009c28:	430b      	orrs	r3, r1
20009c2a:	e7da      	b.n	20009be2 <__sflush_r+0xf6>
20009c2c:	20400001 	.word	0x20400001
20009c30:	fffff7ff 	.word	0xfffff7ff

20009c34 <_fflush_r>:
20009c34:	b570      	push	{r4, r5, r6, lr}
20009c36:	0005      	movs	r5, r0
20009c38:	000c      	movs	r4, r1
20009c3a:	2800      	cmp	r0, #0
20009c3c:	d002      	beq.n	20009c44 <_fflush_r+0x10>
20009c3e:	6b43      	ldr	r3, [r0, #52]	@ 0x34
20009c40:	2b00      	cmp	r3, #0
20009c42:	d027      	beq.n	20009c94 <_fflush_r+0x60>
20009c44:	220c      	movs	r2, #12
20009c46:	5ea3      	ldrsh	r3, [r4, r2]
20009c48:	2b00      	cmp	r3, #0
20009c4a:	d011      	beq.n	20009c70 <_fflush_r+0x3c>
20009c4c:	6e62      	ldr	r2, [r4, #100]	@ 0x64
20009c4e:	07d2      	lsls	r2, r2, #31
20009c50:	d401      	bmi.n	20009c56 <_fflush_r+0x22>
20009c52:	059b      	lsls	r3, r3, #22
20009c54:	d50e      	bpl.n	20009c74 <_fflush_r+0x40>
20009c56:	0028      	movs	r0, r5
20009c58:	0021      	movs	r1, r4
20009c5a:	f7ff ff47 	bl	20009aec <__sflush_r>
20009c5e:	6e63      	ldr	r3, [r4, #100]	@ 0x64
20009c60:	0005      	movs	r5, r0
20009c62:	07db      	lsls	r3, r3, #31
20009c64:	d402      	bmi.n	20009c6c <_fflush_r+0x38>
20009c66:	89a3      	ldrh	r3, [r4, #12]
20009c68:	059b      	lsls	r3, r3, #22
20009c6a:	d50f      	bpl.n	20009c8c <_fflush_r+0x58>
20009c6c:	0028      	movs	r0, r5
20009c6e:	bd70      	pop	{r4, r5, r6, pc}
20009c70:	2500      	movs	r5, #0
20009c72:	e7fb      	b.n	20009c6c <_fflush_r+0x38>
20009c74:	6da0      	ldr	r0, [r4, #88]	@ 0x58
20009c76:	f000 fa2d 	bl	2000a0d4 <__retarget_lock_acquire_recursive>
20009c7a:	0028      	movs	r0, r5
20009c7c:	0021      	movs	r1, r4
20009c7e:	f7ff ff35 	bl	20009aec <__sflush_r>
20009c82:	6e63      	ldr	r3, [r4, #100]	@ 0x64
20009c84:	0005      	movs	r5, r0
20009c86:	07db      	lsls	r3, r3, #31
20009c88:	d4f0      	bmi.n	20009c6c <_fflush_r+0x38>
20009c8a:	e7ec      	b.n	20009c66 <_fflush_r+0x32>
20009c8c:	6da0      	ldr	r0, [r4, #88]	@ 0x58
20009c8e:	f000 fa23 	bl	2000a0d8 <__retarget_lock_release_recursive>
20009c92:	e7eb      	b.n	20009c6c <_fflush_r+0x38>
20009c94:	f000 f8f4 	bl	20009e80 <__sinit>
20009c98:	e7d4      	b.n	20009c44 <_fflush_r+0x10>
20009c9a:	46c0      	nop			@ (mov r8, r8)

20009c9c <fflush>:
20009c9c:	b570      	push	{r4, r5, r6, lr}
20009c9e:	1e04      	subs	r4, r0, #0
20009ca0:	d02a      	beq.n	20009cf8 <fflush+0x5c>
20009ca2:	4b19      	ldr	r3, [pc, #100]	@ (20009d08 <fflush+0x6c>)
20009ca4:	681d      	ldr	r5, [r3, #0]
20009ca6:	2d00      	cmp	r5, #0
20009ca8:	d002      	beq.n	20009cb0 <fflush+0x14>
20009caa:	6b6b      	ldr	r3, [r5, #52]	@ 0x34
20009cac:	2b00      	cmp	r3, #0
20009cae:	d017      	beq.n	20009ce0 <fflush+0x44>
20009cb0:	220c      	movs	r2, #12
20009cb2:	5ea3      	ldrsh	r3, [r4, r2]
20009cb4:	2b00      	cmp	r3, #0
20009cb6:	d011      	beq.n	20009cdc <fflush+0x40>
20009cb8:	6e62      	ldr	r2, [r4, #100]	@ 0x64
20009cba:	07d2      	lsls	r2, r2, #31
20009cbc:	d401      	bmi.n	20009cc2 <fflush+0x26>
20009cbe:	059b      	lsls	r3, r3, #22
20009cc0:	d512      	bpl.n	20009ce8 <fflush+0x4c>
20009cc2:	0028      	movs	r0, r5
20009cc4:	0021      	movs	r1, r4
20009cc6:	f7ff ff11 	bl	20009aec <__sflush_r>
20009cca:	6e63      	ldr	r3, [r4, #100]	@ 0x64
20009ccc:	0005      	movs	r5, r0
20009cce:	07db      	lsls	r3, r3, #31
20009cd0:	d402      	bmi.n	20009cd8 <fflush+0x3c>
20009cd2:	89a3      	ldrh	r3, [r4, #12]
20009cd4:	059b      	lsls	r3, r3, #22
20009cd6:	d50b      	bpl.n	20009cf0 <fflush+0x54>
20009cd8:	0028      	movs	r0, r5
20009cda:	bd70      	pop	{r4, r5, r6, pc}
20009cdc:	2500      	movs	r5, #0
20009cde:	e7fb      	b.n	20009cd8 <fflush+0x3c>
20009ce0:	0028      	movs	r0, r5
20009ce2:	f000 f8cd 	bl	20009e80 <__sinit>
20009ce6:	e7e3      	b.n	20009cb0 <fflush+0x14>
20009ce8:	6da0      	ldr	r0, [r4, #88]	@ 0x58
20009cea:	f000 f9f3 	bl	2000a0d4 <__retarget_lock_acquire_recursive>
20009cee:	e7e8      	b.n	20009cc2 <fflush+0x26>
20009cf0:	6da0      	ldr	r0, [r4, #88]	@ 0x58
20009cf2:	f000 f9f1 	bl	2000a0d8 <__retarget_lock_release_recursive>
20009cf6:	e7ef      	b.n	20009cd8 <fflush+0x3c>
20009cf8:	4a04      	ldr	r2, [pc, #16]	@ (20009d0c <fflush+0x70>)
20009cfa:	4905      	ldr	r1, [pc, #20]	@ (20009d10 <fflush+0x74>)
20009cfc:	4805      	ldr	r0, [pc, #20]	@ (20009d14 <fflush+0x78>)
20009cfe:	f000 f8eb 	bl	20009ed8 <_fwalk_sglue>
20009d02:	0005      	movs	r5, r0
20009d04:	e7e8      	b.n	20009cd8 <fflush+0x3c>
20009d06:	46c0      	nop			@ (mov r8, r8)
20009d08:	2000d3b4 	.word	0x2000d3b4
20009d0c:	2000d3a8 	.word	0x2000d3a8
20009d10:	20009c35 	.word	0x20009c35
20009d14:	2000d3b8 	.word	0x2000d3b8

20009d18 <stdio_exit_handler>:
20009d18:	b510      	push	{r4, lr}
20009d1a:	4a03      	ldr	r2, [pc, #12]	@ (20009d28 <stdio_exit_handler+0x10>)
20009d1c:	4903      	ldr	r1, [pc, #12]	@ (20009d2c <stdio_exit_handler+0x14>)
20009d1e:	4804      	ldr	r0, [pc, #16]	@ (20009d30 <stdio_exit_handler+0x18>)
20009d20:	f000 f8da 	bl	20009ed8 <_fwalk_sglue>
20009d24:	bd10      	pop	{r4, pc}
20009d26:	46c0      	nop			@ (mov r8, r8)
20009d28:	2000d3a8 	.word	0x2000d3a8
20009d2c:	2000a3dd 	.word	0x2000a3dd
20009d30:	2000d3b8 	.word	0x2000d3b8

20009d34 <cleanup_stdio>:
20009d34:	6841      	ldr	r1, [r0, #4]
20009d36:	4b0b      	ldr	r3, [pc, #44]	@ (20009d64 <cleanup_stdio+0x30>)
20009d38:	b510      	push	{r4, lr}
20009d3a:	0004      	movs	r4, r0
20009d3c:	4299      	cmp	r1, r3
20009d3e:	d001      	beq.n	20009d44 <cleanup_stdio+0x10>
20009d40:	f000 fb4c 	bl	2000a3dc <_fclose_r>
20009d44:	68a1      	ldr	r1, [r4, #8]
20009d46:	4b08      	ldr	r3, [pc, #32]	@ (20009d68 <cleanup_stdio+0x34>)
20009d48:	4299      	cmp	r1, r3
20009d4a:	d002      	beq.n	20009d52 <cleanup_stdio+0x1e>
20009d4c:	0020      	movs	r0, r4
20009d4e:	f000 fb45 	bl	2000a3dc <_fclose_r>
20009d52:	68e1      	ldr	r1, [r4, #12]
20009d54:	4b05      	ldr	r3, [pc, #20]	@ (20009d6c <cleanup_stdio+0x38>)
20009d56:	4299      	cmp	r1, r3
20009d58:	d002      	beq.n	20009d60 <cleanup_stdio+0x2c>
20009d5a:	0020      	movs	r0, r4
20009d5c:	f000 fb3e 	bl	2000a3dc <_fclose_r>
20009d60:	bd10      	pop	{r4, pc}
20009d62:	46c0      	nop			@ (mov r8, r8)
20009d64:	2000d7c4 	.word	0x2000d7c4
20009d68:	2000d82c 	.word	0x2000d82c
20009d6c:	2000d894 	.word	0x2000d894

20009d70 <global_stdio_init.part.0>:
20009d70:	b5f0      	push	{r4, r5, r6, r7, lr}
20009d72:	4c3a      	ldr	r4, [pc, #232]	@ (20009e5c <global_stdio_init.part.0+0xec>)
20009d74:	4b3a      	ldr	r3, [pc, #232]	@ (20009e60 <global_stdio_init.part.0+0xf0>)
20009d76:	4a3b      	ldr	r2, [pc, #236]	@ (20009e64 <global_stdio_init.part.0+0xf4>)
20009d78:	0020      	movs	r0, r4
20009d7a:	b083      	sub	sp, #12
20009d7c:	2500      	movs	r5, #0
20009d7e:	601a      	str	r2, [r3, #0]
20009d80:	2304      	movs	r3, #4
20009d82:	2208      	movs	r2, #8
20009d84:	2100      	movs	r1, #0
20009d86:	305c      	adds	r0, #92	@ 0x5c
20009d88:	60e3      	str	r3, [r4, #12]
20009d8a:	6025      	str	r5, [r4, #0]
20009d8c:	6065      	str	r5, [r4, #4]
20009d8e:	60a5      	str	r5, [r4, #8]
20009d90:	6665      	str	r5, [r4, #100]	@ 0x64
20009d92:	6125      	str	r5, [r4, #16]
20009d94:	6165      	str	r5, [r4, #20]
20009d96:	61a5      	str	r5, [r4, #24]
20009d98:	f7fd fed2 	bl	20007b40 <__wrap_memset>
20009d9c:	0020      	movs	r0, r4
20009d9e:	4f32      	ldr	r7, [pc, #200]	@ (20009e68 <global_stdio_init.part.0+0xf8>)
20009da0:	4e32      	ldr	r6, [pc, #200]	@ (20009e6c <global_stdio_init.part.0+0xfc>)
20009da2:	4b33      	ldr	r3, [pc, #204]	@ (20009e70 <global_stdio_init.part.0+0x100>)
20009da4:	4933      	ldr	r1, [pc, #204]	@ (20009e74 <global_stdio_init.part.0+0x104>)
20009da6:	3058      	adds	r0, #88	@ 0x58
20009da8:	9300      	str	r3, [sp, #0]
20009daa:	6223      	str	r3, [r4, #32]
20009dac:	9101      	str	r1, [sp, #4]
20009dae:	6261      	str	r1, [r4, #36]	@ 0x24
20009db0:	61e4      	str	r4, [r4, #28]
20009db2:	62a7      	str	r7, [r4, #40]	@ 0x28
20009db4:	62e6      	str	r6, [r4, #44]	@ 0x2c
20009db6:	f000 f989 	bl	2000a0cc <__retarget_lock_init_recursive>
20009dba:	23cc      	movs	r3, #204	@ 0xcc
20009dbc:	50e5      	str	r5, [r4, r3]
20009dbe:	4b2e      	ldr	r3, [pc, #184]	@ (20009e78 <global_stdio_init.part.0+0x108>)
20009dc0:	0020      	movs	r0, r4
20009dc2:	6763      	str	r3, [r4, #116]	@ 0x74
20009dc4:	2380      	movs	r3, #128	@ 0x80
20009dc6:	2208      	movs	r2, #8
20009dc8:	2100      	movs	r1, #0
20009dca:	30c4      	adds	r0, #196	@ 0xc4
20009dcc:	50e5      	str	r5, [r4, r3]
20009dce:	66a5      	str	r5, [r4, #104]	@ 0x68
20009dd0:	66e5      	str	r5, [r4, #108]	@ 0x6c
20009dd2:	6725      	str	r5, [r4, #112]	@ 0x70
20009dd4:	67a5      	str	r5, [r4, #120]	@ 0x78
20009dd6:	67e5      	str	r5, [r4, #124]	@ 0x7c
20009dd8:	f7fd feb2 	bl	20007b40 <__wrap_memset>
20009ddc:	0022      	movs	r2, r4
20009dde:	2384      	movs	r3, #132	@ 0x84
20009de0:	0020      	movs	r0, r4
20009de2:	3268      	adds	r2, #104	@ 0x68
20009de4:	50e2      	str	r2, [r4, r3]
20009de6:	9a00      	ldr	r2, [sp, #0]
20009de8:	9901      	ldr	r1, [sp, #4]
20009dea:	3304      	adds	r3, #4
20009dec:	50e2      	str	r2, [r4, r3]
20009dee:	3304      	adds	r3, #4
20009df0:	50e1      	str	r1, [r4, r3]
20009df2:	3304      	adds	r3, #4
20009df4:	50e7      	str	r7, [r4, r3]
20009df6:	30c0      	adds	r0, #192	@ 0xc0
20009df8:	3304      	adds	r3, #4
20009dfa:	50e6      	str	r6, [r4, r3]
20009dfc:	f000 f966 	bl	2000a0cc <__retarget_lock_init_recursive>
20009e00:	23d0      	movs	r3, #208	@ 0xd0
20009e02:	0020      	movs	r0, r4
20009e04:	50e5      	str	r5, [r4, r3]
20009e06:	3304      	adds	r3, #4
20009e08:	50e5      	str	r5, [r4, r3]
20009e0a:	3304      	adds	r3, #4
20009e0c:	50e5      	str	r5, [r4, r3]
20009e0e:	4a1b      	ldr	r2, [pc, #108]	@ (20009e7c <global_stdio_init.part.0+0x10c>)
20009e10:	335c      	adds	r3, #92	@ 0x5c
20009e12:	50e5      	str	r5, [r4, r3]
20009e14:	3b58      	subs	r3, #88	@ 0x58
20009e16:	50e2      	str	r2, [r4, r3]
20009e18:	3304      	adds	r3, #4
20009e1a:	50e5      	str	r5, [r4, r3]
20009e1c:	302d      	adds	r0, #45	@ 0x2d
20009e1e:	3304      	adds	r3, #4
20009e20:	50e5      	str	r5, [r4, r3]
20009e22:	2208      	movs	r2, #8
20009e24:	3304      	adds	r3, #4
20009e26:	2100      	movs	r1, #0
20009e28:	30ff      	adds	r0, #255	@ 0xff
20009e2a:	50e5      	str	r5, [r4, r3]
20009e2c:	f7fd fe88 	bl	20007b40 <__wrap_memset>
20009e30:	0020      	movs	r0, r4
20009e32:	23ec      	movs	r3, #236	@ 0xec
20009e34:	30d0      	adds	r0, #208	@ 0xd0
20009e36:	50e0      	str	r0, [r4, r3]
20009e38:	0020      	movs	r0, r4
20009e3a:	9a00      	ldr	r2, [sp, #0]
20009e3c:	9901      	ldr	r1, [sp, #4]
20009e3e:	3304      	adds	r3, #4
20009e40:	50e2      	str	r2, [r4, r3]
20009e42:	3304      	adds	r3, #4
20009e44:	50e1      	str	r1, [r4, r3]
20009e46:	3029      	adds	r0, #41	@ 0x29
20009e48:	3304      	adds	r3, #4
20009e4a:	50e7      	str	r7, [r4, r3]
20009e4c:	30ff      	adds	r0, #255	@ 0xff
20009e4e:	3304      	adds	r3, #4
20009e50:	50e6      	str	r6, [r4, r3]
20009e52:	f000 f93b 	bl	2000a0cc <__retarget_lock_init_recursive>
20009e56:	b003      	add	sp, #12
20009e58:	bdf0      	pop	{r4, r5, r6, r7, pc}
20009e5a:	46c0      	nop			@ (mov r8, r8)
20009e5c:	2000d7c4 	.word	0x2000d7c4
20009e60:	2000d8fc 	.word	0x2000d8fc
20009e64:	20009d19 	.word	0x20009d19
20009e68:	20009f85 	.word	0x20009f85
20009e6c:	20009fb1 	.word	0x20009fb1
20009e70:	20009f1d 	.word	0x20009f1d
20009e74:	20009f45 	.word	0x20009f45
20009e78:	00010009 	.word	0x00010009
20009e7c:	00020012 	.word	0x00020012

20009e80 <__sinit>:
20009e80:	b570      	push	{r4, r5, r6, lr}
20009e82:	0005      	movs	r5, r0
20009e84:	4c09      	ldr	r4, [pc, #36]	@ (20009eac <__sinit+0x2c>)
20009e86:	0020      	movs	r0, r4
20009e88:	f000 f924 	bl	2000a0d4 <__retarget_lock_acquire_recursive>
20009e8c:	6b6b      	ldr	r3, [r5, #52]	@ 0x34
20009e8e:	2b00      	cmp	r3, #0
20009e90:	d105      	bne.n	20009e9e <__sinit+0x1e>
20009e92:	4b07      	ldr	r3, [pc, #28]	@ (20009eb0 <__sinit+0x30>)
20009e94:	636b      	str	r3, [r5, #52]	@ 0x34
20009e96:	4b07      	ldr	r3, [pc, #28]	@ (20009eb4 <__sinit+0x34>)
20009e98:	681b      	ldr	r3, [r3, #0]
20009e9a:	2b00      	cmp	r3, #0
20009e9c:	d003      	beq.n	20009ea6 <__sinit+0x26>
20009e9e:	0020      	movs	r0, r4
20009ea0:	f000 f91a 	bl	2000a0d8 <__retarget_lock_release_recursive>
20009ea4:	bd70      	pop	{r4, r5, r6, pc}
20009ea6:	f7ff ff63 	bl	20009d70 <global_stdio_init.part.0>
20009eaa:	e7f8      	b.n	20009e9e <__sinit+0x1e>
20009eac:	2000d794 	.word	0x2000d794
20009eb0:	20009d35 	.word	0x20009d35
20009eb4:	2000d8fc 	.word	0x2000d8fc

20009eb8 <__sfp_lock_acquire>:
20009eb8:	b510      	push	{r4, lr}
20009eba:	4802      	ldr	r0, [pc, #8]	@ (20009ec4 <__sfp_lock_acquire+0xc>)
20009ebc:	f000 f90a 	bl	2000a0d4 <__retarget_lock_acquire_recursive>
20009ec0:	bd10      	pop	{r4, pc}
20009ec2:	46c0      	nop			@ (mov r8, r8)
20009ec4:	2000d794 	.word	0x2000d794

20009ec8 <__sfp_lock_release>:
20009ec8:	b510      	push	{r4, lr}
20009eca:	4802      	ldr	r0, [pc, #8]	@ (20009ed4 <__sfp_lock_release+0xc>)
20009ecc:	f000 f904 	bl	2000a0d8 <__retarget_lock_release_recursive>
20009ed0:	bd10      	pop	{r4, pc}
20009ed2:	46c0      	nop			@ (mov r8, r8)
20009ed4:	2000d794 	.word	0x2000d794

20009ed8 <_fwalk_sglue>:
20009ed8:	b5f8      	push	{r3, r4, r5, r6, r7, lr}
20009eda:	4647      	mov	r7, r8
20009edc:	46ce      	mov	lr, r9
20009ede:	4688      	mov	r8, r1
20009ee0:	b580      	push	{r7, lr}
20009ee2:	4681      	mov	r9, r0
20009ee4:	0017      	movs	r7, r2
20009ee6:	2600      	movs	r6, #0
20009ee8:	687d      	ldr	r5, [r7, #4]
20009eea:	3d01      	subs	r5, #1
20009eec:	d40e      	bmi.n	20009f0c <_fwalk_sglue+0x34>
20009eee:	68bc      	ldr	r4, [r7, #8]
20009ef0:	89a3      	ldrh	r3, [r4, #12]
20009ef2:	2b01      	cmp	r3, #1
20009ef4:	d907      	bls.n	20009f06 <_fwalk_sglue+0x2e>
20009ef6:	220e      	movs	r2, #14
20009ef8:	5ea3      	ldrsh	r3, [r4, r2]
20009efa:	3301      	adds	r3, #1
20009efc:	d003      	beq.n	20009f06 <_fwalk_sglue+0x2e>
20009efe:	0021      	movs	r1, r4
20009f00:	4648      	mov	r0, r9
20009f02:	47c0      	blx	r8
20009f04:	4306      	orrs	r6, r0
20009f06:	3468      	adds	r4, #104	@ 0x68
20009f08:	3d01      	subs	r5, #1
20009f0a:	d2f1      	bcs.n	20009ef0 <_fwalk_sglue+0x18>
20009f0c:	683f      	ldr	r7, [r7, #0]
20009f0e:	2f00      	cmp	r7, #0
20009f10:	d1ea      	bne.n	20009ee8 <_fwalk_sglue+0x10>
20009f12:	0030      	movs	r0, r6
20009f14:	bcc0      	pop	{r6, r7}
20009f16:	46b9      	mov	r9, r7
20009f18:	46b0      	mov	r8, r6
20009f1a:	bdf8      	pop	{r3, r4, r5, r6, r7, pc}

20009f1c <__sread>:
20009f1c:	b570      	push	{r4, r5, r6, lr}
20009f1e:	000c      	movs	r4, r1
20009f20:	250e      	movs	r5, #14
20009f22:	5f49      	ldrsh	r1, [r1, r5]
20009f24:	f000 f892 	bl	2000a04c <_read_r>
20009f28:	2800      	cmp	r0, #0
20009f2a:	db03      	blt.n	20009f34 <__sread+0x18>
20009f2c:	6d23      	ldr	r3, [r4, #80]	@ 0x50
20009f2e:	181b      	adds	r3, r3, r0
20009f30:	6523      	str	r3, [r4, #80]	@ 0x50
20009f32:	bd70      	pop	{r4, r5, r6, pc}
20009f34:	89a3      	ldrh	r3, [r4, #12]
20009f36:	4a02      	ldr	r2, [pc, #8]	@ (20009f40 <__sread+0x24>)
20009f38:	4013      	ands	r3, r2
20009f3a:	81a3      	strh	r3, [r4, #12]
20009f3c:	e7f9      	b.n	20009f32 <__sread+0x16>
20009f3e:	46c0      	nop			@ (mov r8, r8)
20009f40:	ffffefff 	.word	0xffffefff

20009f44 <__swrite>:
20009f44:	b5f8      	push	{r3, r4, r5, r6, r7, lr}
20009f46:	0016      	movs	r6, r2
20009f48:	001f      	movs	r7, r3
20009f4a:	220c      	movs	r2, #12
20009f4c:	5e8b      	ldrsh	r3, [r1, r2]
20009f4e:	0005      	movs	r5, r0
20009f50:	000c      	movs	r4, r1
20009f52:	05da      	lsls	r2, r3, #23
20009f54:	d40a      	bmi.n	20009f6c <__swrite+0x28>
20009f56:	4a0a      	ldr	r2, [pc, #40]	@ (20009f80 <__swrite+0x3c>)
20009f58:	0028      	movs	r0, r5
20009f5a:	4013      	ands	r3, r2
20009f5c:	81a3      	strh	r3, [r4, #12]
20009f5e:	0032      	movs	r2, r6
20009f60:	230e      	movs	r3, #14
20009f62:	5ee1      	ldrsh	r1, [r4, r3]
20009f64:	003b      	movs	r3, r7
20009f66:	f000 f897 	bl	2000a098 <_write_r>
20009f6a:	bdf8      	pop	{r3, r4, r5, r6, r7, pc}
20009f6c:	2200      	movs	r2, #0
20009f6e:	230e      	movs	r3, #14
20009f70:	5ec9      	ldrsh	r1, [r1, r3]
20009f72:	2302      	movs	r3, #2
20009f74:	f000 f856 	bl	2000a024 <_lseek_r>
20009f78:	220c      	movs	r2, #12
20009f7a:	5ea3      	ldrsh	r3, [r4, r2]
20009f7c:	e7eb      	b.n	20009f56 <__swrite+0x12>
20009f7e:	46c0      	nop			@ (mov r8, r8)
20009f80:	ffffefff 	.word	0xffffefff

20009f84 <__sseek>:
20009f84:	b570      	push	{r4, r5, r6, lr}
20009f86:	000c      	movs	r4, r1
20009f88:	250e      	movs	r5, #14
20009f8a:	5f49      	ldrsh	r1, [r1, r5]
20009f8c:	f000 f84a 	bl	2000a024 <_lseek_r>
20009f90:	220c      	movs	r2, #12
20009f92:	5ea3      	ldrsh	r3, [r4, r2]
20009f94:	1c42      	adds	r2, r0, #1
20009f96:	d005      	beq.n	20009fa4 <__sseek+0x20>
20009f98:	2280      	movs	r2, #128	@ 0x80
20009f9a:	0152      	lsls	r2, r2, #5
20009f9c:	4313      	orrs	r3, r2
20009f9e:	6520      	str	r0, [r4, #80]	@ 0x50
20009fa0:	81a3      	strh	r3, [r4, #12]
20009fa2:	bd70      	pop	{r4, r5, r6, pc}
20009fa4:	4a01      	ldr	r2, [pc, #4]	@ (20009fac <__sseek+0x28>)
20009fa6:	4013      	ands	r3, r2
20009fa8:	e7fa      	b.n	20009fa0 <__sseek+0x1c>
20009faa:	46c0      	nop			@ (mov r8, r8)
20009fac:	ffffefff 	.word	0xffffefff

20009fb0 <__sclose>:
20009fb0:	b510      	push	{r4, lr}
20009fb2:	230e      	movs	r3, #14
20009fb4:	5ec9      	ldrsh	r1, [r1, r3]
20009fb6:	f000 f823 	bl	2000a000 <_close_r>
20009fba:	bd10      	pop	{r4, pc}

20009fbc <memcmp>:
20009fbc:	b530      	push	{r4, r5, lr}
20009fbe:	0004      	movs	r4, r0
20009fc0:	2a03      	cmp	r2, #3
20009fc2:	d918      	bls.n	20009ff6 <memcmp+0x3a>
20009fc4:	000b      	movs	r3, r1
20009fc6:	4303      	orrs	r3, r0
20009fc8:	079b      	lsls	r3, r3, #30
20009fca:	d00b      	beq.n	20009fe4 <memcmp+0x28>
20009fcc:	2300      	movs	r3, #0
20009fce:	3a01      	subs	r2, #1
20009fd0:	e002      	b.n	20009fd8 <memcmp+0x1c>
20009fd2:	429a      	cmp	r2, r3
20009fd4:	d011      	beq.n	20009ffa <memcmp+0x3e>
20009fd6:	3301      	adds	r3, #1
20009fd8:	5ce0      	ldrb	r0, [r4, r3]
20009fda:	5ccd      	ldrb	r5, [r1, r3]
20009fdc:	42a8      	cmp	r0, r5
20009fde:	d0f8      	beq.n	20009fd2 <memcmp+0x16>
20009fe0:	1b40      	subs	r0, r0, r5
20009fe2:	e00b      	b.n	20009ffc <memcmp+0x40>
20009fe4:	6820      	ldr	r0, [r4, #0]
20009fe6:	680b      	ldr	r3, [r1, #0]
20009fe8:	4298      	cmp	r0, r3
20009fea:	d1ef      	bne.n	20009fcc <memcmp+0x10>
20009fec:	3a04      	subs	r2, #4
20009fee:	3404      	adds	r4, #4
20009ff0:	3104      	adds	r1, #4
20009ff2:	2a03      	cmp	r2, #3
20009ff4:	d8f6      	bhi.n	20009fe4 <memcmp+0x28>
20009ff6:	2a00      	cmp	r2, #0
20009ff8:	d1e8      	bne.n	20009fcc <memcmp+0x10>
20009ffa:	2000      	movs	r0, #0
20009ffc:	bd30      	pop	{r4, r5, pc}
20009ffe:	46c0      	nop			@ (mov r8, r8)

2000a000 <_close_r>:
2000a000:	2300      	movs	r3, #0
2000a002:	b570      	push	{r4, r5, r6, lr}
2000a004:	4c06      	ldr	r4, [pc, #24]	@ (2000a020 <_close_r+0x20>)
2000a006:	0005      	movs	r5, r0
2000a008:	0008      	movs	r0, r1
2000a00a:	6023      	str	r3, [r4, #0]
2000a00c:	f7fe ff07 	bl	20008e1e <_close>
2000a010:	1c43      	adds	r3, r0, #1
2000a012:	d000      	beq.n	2000a016 <_close_r+0x16>
2000a014:	bd70      	pop	{r4, r5, r6, pc}
2000a016:	6823      	ldr	r3, [r4, #0]
2000a018:	2b00      	cmp	r3, #0
2000a01a:	d0fb      	beq.n	2000a014 <_close_r+0x14>
2000a01c:	602b      	str	r3, [r5, #0]
2000a01e:	e7f9      	b.n	2000a014 <_close_r+0x14>
2000a020:	2000f22c 	.word	0x2000f22c

2000a024 <_lseek_r>:
2000a024:	b570      	push	{r4, r5, r6, lr}
2000a026:	0005      	movs	r5, r0
2000a028:	0008      	movs	r0, r1
2000a02a:	0011      	movs	r1, r2
2000a02c:	2200      	movs	r2, #0
2000a02e:	4c06      	ldr	r4, [pc, #24]	@ (2000a048 <_lseek_r+0x24>)
2000a030:	6022      	str	r2, [r4, #0]
2000a032:	001a      	movs	r2, r3
2000a034:	f7fe fef6 	bl	20008e24 <_lseek>
2000a038:	1c43      	adds	r3, r0, #1
2000a03a:	d000      	beq.n	2000a03e <_lseek_r+0x1a>
2000a03c:	bd70      	pop	{r4, r5, r6, pc}
2000a03e:	6823      	ldr	r3, [r4, #0]
2000a040:	2b00      	cmp	r3, #0
2000a042:	d0fb      	beq.n	2000a03c <_lseek_r+0x18>
2000a044:	602b      	str	r3, [r5, #0]
2000a046:	e7f9      	b.n	2000a03c <_lseek_r+0x18>
2000a048:	2000f22c 	.word	0x2000f22c

2000a04c <_read_r>:
2000a04c:	b570      	push	{r4, r5, r6, lr}
2000a04e:	0005      	movs	r5, r0
2000a050:	0008      	movs	r0, r1
2000a052:	0011      	movs	r1, r2
2000a054:	2200      	movs	r2, #0
2000a056:	4c06      	ldr	r4, [pc, #24]	@ (2000a070 <_read_r+0x24>)
2000a058:	6022      	str	r2, [r4, #0]
2000a05a:	001a      	movs	r2, r3
2000a05c:	f7fe febe 	bl	20008ddc <_read>
2000a060:	1c43      	adds	r3, r0, #1
2000a062:	d000      	beq.n	2000a066 <_read_r+0x1a>
2000a064:	bd70      	pop	{r4, r5, r6, pc}
2000a066:	6823      	ldr	r3, [r4, #0]
2000a068:	2b00      	cmp	r3, #0
2000a06a:	d0fb      	beq.n	2000a064 <_read_r+0x18>
2000a06c:	602b      	str	r3, [r5, #0]
2000a06e:	e7f9      	b.n	2000a064 <_read_r+0x18>
2000a070:	2000f22c 	.word	0x2000f22c

2000a074 <_sbrk_r>:
2000a074:	2300      	movs	r3, #0
2000a076:	b570      	push	{r4, r5, r6, lr}
2000a078:	4c06      	ldr	r4, [pc, #24]	@ (2000a094 <_sbrk_r+0x20>)
2000a07a:	0005      	movs	r5, r0
2000a07c:	0008      	movs	r0, r1
2000a07e:	6023      	str	r3, [r4, #0]
2000a080:	f7fe fe90 	bl	20008da4 <_sbrk>
2000a084:	1c43      	adds	r3, r0, #1
2000a086:	d000      	beq.n	2000a08a <_sbrk_r+0x16>
2000a088:	bd70      	pop	{r4, r5, r6, pc}
2000a08a:	6823      	ldr	r3, [r4, #0]
2000a08c:	2b00      	cmp	r3, #0
2000a08e:	d0fb      	beq.n	2000a088 <_sbrk_r+0x14>
2000a090:	602b      	str	r3, [r5, #0]
2000a092:	e7f9      	b.n	2000a088 <_sbrk_r+0x14>
2000a094:	2000f22c 	.word	0x2000f22c

2000a098 <_write_r>:
2000a098:	b570      	push	{r4, r5, r6, lr}
2000a09a:	0005      	movs	r5, r0
2000a09c:	0008      	movs	r0, r1
2000a09e:	0011      	movs	r1, r2
2000a0a0:	2200      	movs	r2, #0
2000a0a2:	4c06      	ldr	r4, [pc, #24]	@ (2000a0bc <_write_r+0x24>)
2000a0a4:	6022      	str	r2, [r4, #0]
2000a0a6:	001a      	movs	r2, r3
2000a0a8:	f7fe fea8 	bl	20008dfc <_write>
2000a0ac:	1c43      	adds	r3, r0, #1
2000a0ae:	d000      	beq.n	2000a0b2 <_write_r+0x1a>
2000a0b0:	bd70      	pop	{r4, r5, r6, pc}
2000a0b2:	6823      	ldr	r3, [r4, #0]
2000a0b4:	2b00      	cmp	r3, #0
2000a0b6:	d0fb      	beq.n	2000a0b0 <_write_r+0x18>
2000a0b8:	602b      	str	r3, [r5, #0]
2000a0ba:	e7f9      	b.n	2000a0b0 <_write_r+0x18>
2000a0bc:	2000f22c 	.word	0x2000f22c

2000a0c0 <__errno>:
2000a0c0:	4b01      	ldr	r3, [pc, #4]	@ (2000a0c8 <__errno+0x8>)
2000a0c2:	6818      	ldr	r0, [r3, #0]
2000a0c4:	4770      	bx	lr
2000a0c6:	46c0      	nop			@ (mov r8, r8)
2000a0c8:	2000d3b4 	.word	0x2000d3b4

2000a0cc <__retarget_lock_init_recursive>:
2000a0cc:	4770      	bx	lr
2000a0ce:	46c0      	nop			@ (mov r8, r8)

2000a0d0 <__retarget_lock_close_recursive>:
2000a0d0:	4770      	bx	lr
2000a0d2:	46c0      	nop			@ (mov r8, r8)

2000a0d4 <__retarget_lock_acquire_recursive>:
2000a0d4:	4770      	bx	lr
2000a0d6:	46c0      	nop			@ (mov r8, r8)

2000a0d8 <__retarget_lock_release_recursive>:
2000a0d8:	4770      	bx	lr
2000a0da:	46c0      	nop			@ (mov r8, r8)

2000a0dc <sysconf>:
2000a0dc:	2380      	movs	r3, #128	@ 0x80
2000a0de:	b510      	push	{r4, lr}
2000a0e0:	015b      	lsls	r3, r3, #5
2000a0e2:	2808      	cmp	r0, #8
2000a0e4:	d101      	bne.n	2000a0ea <sysconf+0xe>
2000a0e6:	0018      	movs	r0, r3
2000a0e8:	bd10      	pop	{r4, pc}
2000a0ea:	f7ff ffe9 	bl	2000a0c0 <__errno>
2000a0ee:	2316      	movs	r3, #22
2000a0f0:	6003      	str	r3, [r0, #0]
2000a0f2:	3b17      	subs	r3, #23
2000a0f4:	e7f7      	b.n	2000a0e6 <sysconf+0xa>
2000a0f6:	46c0      	nop			@ (mov r8, r8)

2000a0f8 <strlen>:
2000a0f8:	0003      	movs	r3, r0
2000a0fa:	4684      	mov	ip, r0
2000a0fc:	079b      	lsls	r3, r3, #30
2000a0fe:	d00b      	beq.n	2000a118 <strlen+0x20>
2000a100:	0003      	movs	r3, r0
2000a102:	2103      	movs	r1, #3
2000a104:	e002      	b.n	2000a10c <strlen+0x14>
2000a106:	3301      	adds	r3, #1
2000a108:	420b      	tst	r3, r1
2000a10a:	d006      	beq.n	2000a11a <strlen+0x22>
2000a10c:	781a      	ldrb	r2, [r3, #0]
2000a10e:	2a00      	cmp	r2, #0
2000a110:	d1f9      	bne.n	2000a106 <strlen+0xe>
2000a112:	4662      	mov	r2, ip
2000a114:	1a98      	subs	r0, r3, r2
2000a116:	4770      	bx	lr
2000a118:	0003      	movs	r3, r0
2000a11a:	6819      	ldr	r1, [r3, #0]
2000a11c:	4a0c      	ldr	r2, [pc, #48]	@ (2000a150 <strlen+0x58>)
2000a11e:	480d      	ldr	r0, [pc, #52]	@ (2000a154 <strlen+0x5c>)
2000a120:	188a      	adds	r2, r1, r2
2000a122:	438a      	bics	r2, r1
2000a124:	4202      	tst	r2, r0
2000a126:	d10f      	bne.n	2000a148 <strlen+0x50>
2000a128:	6859      	ldr	r1, [r3, #4]
2000a12a:	4a09      	ldr	r2, [pc, #36]	@ (2000a150 <strlen+0x58>)
2000a12c:	3304      	adds	r3, #4
2000a12e:	188a      	adds	r2, r1, r2
2000a130:	438a      	bics	r2, r1
2000a132:	4202      	tst	r2, r0
2000a134:	d108      	bne.n	2000a148 <strlen+0x50>
2000a136:	6859      	ldr	r1, [r3, #4]
2000a138:	4a05      	ldr	r2, [pc, #20]	@ (2000a150 <strlen+0x58>)
2000a13a:	3304      	adds	r3, #4
2000a13c:	188a      	adds	r2, r1, r2
2000a13e:	438a      	bics	r2, r1
2000a140:	4202      	tst	r2, r0
2000a142:	d0f1      	beq.n	2000a128 <strlen+0x30>
2000a144:	e000      	b.n	2000a148 <strlen+0x50>
2000a146:	3301      	adds	r3, #1
2000a148:	781a      	ldrb	r2, [r3, #0]
2000a14a:	2a00      	cmp	r2, #0
2000a14c:	d1fb      	bne.n	2000a146 <strlen+0x4e>
2000a14e:	e7e0      	b.n	2000a112 <strlen+0x1a>
2000a150:	fefefeff 	.word	0xfefefeff
2000a154:	80808080 	.word	0x80808080

2000a158 <_malloc_trim_r>:
2000a158:	b5f0      	push	{r4, r5, r6, r7, lr}
2000a15a:	46c6      	mov	lr, r8
2000a15c:	0005      	movs	r5, r0
2000a15e:	b500      	push	{lr}
2000a160:	4680      	mov	r8, r0
2000a162:	2008      	movs	r0, #8
2000a164:	000c      	movs	r4, r1
2000a166:	f7ff ffb9 	bl	2000a0dc <sysconf>
2000a16a:	0006      	movs	r6, r0
2000a16c:	0028      	movs	r0, r5
2000a16e:	f7ff fcad 	bl	20009acc <__malloc_lock>
2000a172:	4f22      	ldr	r7, [pc, #136]	@ (2000a1fc <_malloc_trim_r+0xa4>)
2000a174:	0031      	movs	r1, r6
2000a176:	68bb      	ldr	r3, [r7, #8]
2000a178:	685d      	ldr	r5, [r3, #4]
2000a17a:	2303      	movs	r3, #3
2000a17c:	439d      	bics	r5, r3
2000a17e:	0028      	movs	r0, r5
2000a180:	3811      	subs	r0, #17
2000a182:	1b00      	subs	r0, r0, r4
2000a184:	1980      	adds	r0, r0, r6
2000a186:	f7fc fd2d 	bl	20006be4 <__wrap___aeabi_uidiv>
2000a18a:	1e44      	subs	r4, r0, #1
2000a18c:	4374      	muls	r4, r6
2000a18e:	42a6      	cmp	r6, r4
2000a190:	dc07      	bgt.n	2000a1a2 <_malloc_trim_r+0x4a>
2000a192:	2100      	movs	r1, #0
2000a194:	4640      	mov	r0, r8
2000a196:	f7ff ff6d 	bl	2000a074 <_sbrk_r>
2000a19a:	68bb      	ldr	r3, [r7, #8]
2000a19c:	195b      	adds	r3, r3, r5
2000a19e:	4298      	cmp	r0, r3
2000a1a0:	d006      	beq.n	2000a1b0 <_malloc_trim_r+0x58>
2000a1a2:	4640      	mov	r0, r8
2000a1a4:	f7ff fc9a 	bl	20009adc <__malloc_unlock>
2000a1a8:	2000      	movs	r0, #0
2000a1aa:	bc80      	pop	{r7}
2000a1ac:	46b8      	mov	r8, r7
2000a1ae:	bdf0      	pop	{r4, r5, r6, r7, pc}
2000a1b0:	4640      	mov	r0, r8
2000a1b2:	4261      	negs	r1, r4
2000a1b4:	f7ff ff5e 	bl	2000a074 <_sbrk_r>
2000a1b8:	3001      	adds	r0, #1
2000a1ba:	d00d      	beq.n	2000a1d8 <_malloc_trim_r+0x80>
2000a1bc:	2201      	movs	r2, #1
2000a1be:	1b2d      	subs	r5, r5, r4
2000a1c0:	68bb      	ldr	r3, [r7, #8]
2000a1c2:	4315      	orrs	r5, r2
2000a1c4:	4a0e      	ldr	r2, [pc, #56]	@ (2000a200 <_malloc_trim_r+0xa8>)
2000a1c6:	605d      	str	r5, [r3, #4]
2000a1c8:	6813      	ldr	r3, [r2, #0]
2000a1ca:	4640      	mov	r0, r8
2000a1cc:	1b1b      	subs	r3, r3, r4
2000a1ce:	6013      	str	r3, [r2, #0]
2000a1d0:	f7ff fc84 	bl	20009adc <__malloc_unlock>
2000a1d4:	2001      	movs	r0, #1
2000a1d6:	e7e8      	b.n	2000a1aa <_malloc_trim_r+0x52>
2000a1d8:	2100      	movs	r1, #0
2000a1da:	4640      	mov	r0, r8
2000a1dc:	f7ff ff4a 	bl	2000a074 <_sbrk_r>
2000a1e0:	68ba      	ldr	r2, [r7, #8]
2000a1e2:	1a83      	subs	r3, r0, r2
2000a1e4:	2b0f      	cmp	r3, #15
2000a1e6:	dddc      	ble.n	2000a1a2 <_malloc_trim_r+0x4a>
2000a1e8:	4c06      	ldr	r4, [pc, #24]	@ (2000a204 <_malloc_trim_r+0xac>)
2000a1ea:	4905      	ldr	r1, [pc, #20]	@ (2000a200 <_malloc_trim_r+0xa8>)
2000a1ec:	6824      	ldr	r4, [r4, #0]
2000a1ee:	1b00      	subs	r0, r0, r4
2000a1f0:	6008      	str	r0, [r1, #0]
2000a1f2:	2101      	movs	r1, #1
2000a1f4:	430b      	orrs	r3, r1
2000a1f6:	6053      	str	r3, [r2, #4]
2000a1f8:	e7d3      	b.n	2000a1a2 <_malloc_trim_r+0x4a>
2000a1fa:	46c0      	nop			@ (mov r8, r8)
2000a1fc:	2000cfa0 	.word	0x2000cfa0
2000a200:	2000d798 	.word	0x2000d798
2000a204:	2000cf98 	.word	0x2000cf98

2000a208 <_free_r>:
2000a208:	b5f0      	push	{r4, r5, r6, r7, lr}
2000a20a:	46c6      	mov	lr, r8
2000a20c:	000c      	movs	r4, r1
2000a20e:	4680      	mov	r8, r0
2000a210:	b500      	push	{lr}
2000a212:	2900      	cmp	r1, #0
2000a214:	d040      	beq.n	2000a298 <_free_r+0x90>
2000a216:	f7ff fc59 	bl	20009acc <__malloc_lock>
2000a21a:	0021      	movs	r1, r4
2000a21c:	3908      	subs	r1, #8
2000a21e:	684e      	ldr	r6, [r1, #4]
2000a220:	2501      	movs	r5, #1
2000a222:	0033      	movs	r3, r6
2000a224:	2003      	movs	r0, #3
2000a226:	43ab      	bics	r3, r5
2000a228:	18ca      	adds	r2, r1, r3
2000a22a:	4694      	mov	ip, r2
2000a22c:	6852      	ldr	r2, [r2, #4]
2000a22e:	4382      	bics	r2, r0
2000a230:	0028      	movs	r0, r5
2000a232:	4030      	ands	r0, r6
2000a234:	0007      	movs	r7, r0
2000a236:	4864      	ldr	r0, [pc, #400]	@ (2000a3c8 <_free_r+0x1c0>)
2000a238:	6884      	ldr	r4, [r0, #8]
2000a23a:	4564      	cmp	r4, ip
2000a23c:	d100      	bne.n	2000a240 <_free_r+0x38>
2000a23e:	e071      	b.n	2000a324 <_free_r+0x11c>
2000a240:	4664      	mov	r4, ip
2000a242:	6062      	str	r2, [r4, #4]
2000a244:	18a4      	adds	r4, r4, r2
2000a246:	6864      	ldr	r4, [r4, #4]
2000a248:	402c      	ands	r4, r5
2000a24a:	2f00      	cmp	r7, #0
2000a24c:	d127      	bne.n	2000a29e <_free_r+0x96>
2000a24e:	680e      	ldr	r6, [r1, #0]
2000a250:	4f5e      	ldr	r7, [pc, #376]	@ (2000a3cc <_free_r+0x1c4>)
2000a252:	1b89      	subs	r1, r1, r6
2000a254:	199b      	adds	r3, r3, r6
2000a256:	688e      	ldr	r6, [r1, #8]
2000a258:	42be      	cmp	r6, r7
2000a25a:	d056      	beq.n	2000a30a <_free_r+0x102>
2000a25c:	68cf      	ldr	r7, [r1, #12]
2000a25e:	60f7      	str	r7, [r6, #12]
2000a260:	60be      	str	r6, [r7, #8]
2000a262:	2c00      	cmp	r4, #0
2000a264:	d01d      	beq.n	2000a2a2 <_free_r+0x9a>
2000a266:	4662      	mov	r2, ip
2000a268:	431d      	orrs	r5, r3
2000a26a:	604d      	str	r5, [r1, #4]
2000a26c:	6013      	str	r3, [r2, #0]
2000a26e:	2280      	movs	r2, #128	@ 0x80
2000a270:	0092      	lsls	r2, r2, #2
2000a272:	4293      	cmp	r3, r2
2000a274:	d22d      	bcs.n	2000a2d2 <_free_r+0xca>
2000a276:	08da      	lsrs	r2, r3, #3
2000a278:	095c      	lsrs	r4, r3, #5
2000a27a:	2301      	movs	r3, #1
2000a27c:	40a3      	lsls	r3, r4
2000a27e:	6844      	ldr	r4, [r0, #4]
2000a280:	4323      	orrs	r3, r4
2000a282:	6043      	str	r3, [r0, #4]
2000a284:	00d3      	lsls	r3, r2, #3
2000a286:	181b      	adds	r3, r3, r0
2000a288:	689a      	ldr	r2, [r3, #8]
2000a28a:	60cb      	str	r3, [r1, #12]
2000a28c:	608a      	str	r2, [r1, #8]
2000a28e:	6099      	str	r1, [r3, #8]
2000a290:	60d1      	str	r1, [r2, #12]
2000a292:	4640      	mov	r0, r8
2000a294:	f7ff fc22 	bl	20009adc <__malloc_unlock>
2000a298:	bc80      	pop	{r7}
2000a29a:	46b8      	mov	r8, r7
2000a29c:	bdf0      	pop	{r4, r5, r6, r7, pc}
2000a29e:	2c00      	cmp	r4, #0
2000a2a0:	d10f      	bne.n	2000a2c2 <_free_r+0xba>
2000a2a2:	189b      	adds	r3, r3, r2
2000a2a4:	4662      	mov	r2, ip
2000a2a6:	2401      	movs	r4, #1
2000a2a8:	6892      	ldr	r2, [r2, #8]
2000a2aa:	4d48      	ldr	r5, [pc, #288]	@ (2000a3cc <_free_r+0x1c4>)
2000a2ac:	431c      	orrs	r4, r3
2000a2ae:	18ce      	adds	r6, r1, r3
2000a2b0:	42aa      	cmp	r2, r5
2000a2b2:	d059      	beq.n	2000a368 <_free_r+0x160>
2000a2b4:	4665      	mov	r5, ip
2000a2b6:	68ed      	ldr	r5, [r5, #12]
2000a2b8:	60d5      	str	r5, [r2, #12]
2000a2ba:	60aa      	str	r2, [r5, #8]
2000a2bc:	604c      	str	r4, [r1, #4]
2000a2be:	6033      	str	r3, [r6, #0]
2000a2c0:	e7d5      	b.n	2000a26e <_free_r+0x66>
2000a2c2:	4662      	mov	r2, ip
2000a2c4:	4335      	orrs	r5, r6
2000a2c6:	604d      	str	r5, [r1, #4]
2000a2c8:	6013      	str	r3, [r2, #0]
2000a2ca:	2280      	movs	r2, #128	@ 0x80
2000a2cc:	0092      	lsls	r2, r2, #2
2000a2ce:	4293      	cmp	r3, r2
2000a2d0:	d3d1      	bcc.n	2000a276 <_free_r+0x6e>
2000a2d2:	0a5a      	lsrs	r2, r3, #9
2000a2d4:	2a04      	cmp	r2, #4
2000a2d6:	d83d      	bhi.n	2000a354 <_free_r+0x14c>
2000a2d8:	099a      	lsrs	r2, r3, #6
2000a2da:	0014      	movs	r4, r2
2000a2dc:	3239      	adds	r2, #57	@ 0x39
2000a2de:	3438      	adds	r4, #56	@ 0x38
2000a2e0:	00d6      	lsls	r6, r2, #3
2000a2e2:	1986      	adds	r6, r0, r6
2000a2e4:	6832      	ldr	r2, [r6, #0]
2000a2e6:	3e08      	subs	r6, #8
2000a2e8:	2503      	movs	r5, #3
2000a2ea:	4296      	cmp	r6, r2
2000a2ec:	d103      	bne.n	2000a2f6 <_free_r+0xee>
2000a2ee:	e04c      	b.n	2000a38a <_free_r+0x182>
2000a2f0:	6892      	ldr	r2, [r2, #8]
2000a2f2:	4296      	cmp	r6, r2
2000a2f4:	d003      	beq.n	2000a2fe <_free_r+0xf6>
2000a2f6:	6850      	ldr	r0, [r2, #4]
2000a2f8:	43a8      	bics	r0, r5
2000a2fa:	4298      	cmp	r0, r3
2000a2fc:	d8f8      	bhi.n	2000a2f0 <_free_r+0xe8>
2000a2fe:	68d6      	ldr	r6, [r2, #12]
2000a300:	60ce      	str	r6, [r1, #12]
2000a302:	608a      	str	r2, [r1, #8]
2000a304:	60b1      	str	r1, [r6, #8]
2000a306:	60d1      	str	r1, [r2, #12]
2000a308:	e7c3      	b.n	2000a292 <_free_r+0x8a>
2000a30a:	2c00      	cmp	r4, #0
2000a30c:	d133      	bne.n	2000a376 <_free_r+0x16e>
2000a30e:	18d2      	adds	r2, r2, r3
2000a310:	4660      	mov	r0, ip
2000a312:	4663      	mov	r3, ip
2000a314:	6880      	ldr	r0, [r0, #8]
2000a316:	68db      	ldr	r3, [r3, #12]
2000a318:	4315      	orrs	r5, r2
2000a31a:	60c3      	str	r3, [r0, #12]
2000a31c:	6098      	str	r0, [r3, #8]
2000a31e:	604d      	str	r5, [r1, #4]
2000a320:	508a      	str	r2, [r1, r2]
2000a322:	e7b6      	b.n	2000a292 <_free_r+0x8a>
2000a324:	189a      	adds	r2, r3, r2
2000a326:	2f00      	cmp	r7, #0
2000a328:	d106      	bne.n	2000a338 <_free_r+0x130>
2000a32a:	680b      	ldr	r3, [r1, #0]
2000a32c:	1ac9      	subs	r1, r1, r3
2000a32e:	688c      	ldr	r4, [r1, #8]
2000a330:	18d2      	adds	r2, r2, r3
2000a332:	68cb      	ldr	r3, [r1, #12]
2000a334:	60e3      	str	r3, [r4, #12]
2000a336:	609c      	str	r4, [r3, #8]
2000a338:	2301      	movs	r3, #1
2000a33a:	4313      	orrs	r3, r2
2000a33c:	604b      	str	r3, [r1, #4]
2000a33e:	4b24      	ldr	r3, [pc, #144]	@ (2000a3d0 <_free_r+0x1c8>)
2000a340:	6081      	str	r1, [r0, #8]
2000a342:	681b      	ldr	r3, [r3, #0]
2000a344:	4293      	cmp	r3, r2
2000a346:	d8a4      	bhi.n	2000a292 <_free_r+0x8a>
2000a348:	4b22      	ldr	r3, [pc, #136]	@ (2000a3d4 <_free_r+0x1cc>)
2000a34a:	4640      	mov	r0, r8
2000a34c:	6819      	ldr	r1, [r3, #0]
2000a34e:	f7ff ff03 	bl	2000a158 <_malloc_trim_r>
2000a352:	e79e      	b.n	2000a292 <_free_r+0x8a>
2000a354:	2a14      	cmp	r2, #20
2000a356:	d913      	bls.n	2000a380 <_free_r+0x178>
2000a358:	2a54      	cmp	r2, #84	@ 0x54
2000a35a:	d81d      	bhi.n	2000a398 <_free_r+0x190>
2000a35c:	0b1a      	lsrs	r2, r3, #12
2000a35e:	0014      	movs	r4, r2
2000a360:	326f      	adds	r2, #111	@ 0x6f
2000a362:	346e      	adds	r4, #110	@ 0x6e
2000a364:	00d6      	lsls	r6, r2, #3
2000a366:	e7bc      	b.n	2000a2e2 <_free_r+0xda>
2000a368:	60d1      	str	r1, [r2, #12]
2000a36a:	6091      	str	r1, [r2, #8]
2000a36c:	60ca      	str	r2, [r1, #12]
2000a36e:	608a      	str	r2, [r1, #8]
2000a370:	604c      	str	r4, [r1, #4]
2000a372:	6033      	str	r3, [r6, #0]
2000a374:	e78d      	b.n	2000a292 <_free_r+0x8a>
2000a376:	4662      	mov	r2, ip
2000a378:	431d      	orrs	r5, r3
2000a37a:	604d      	str	r5, [r1, #4]
2000a37c:	6013      	str	r3, [r2, #0]
2000a37e:	e788      	b.n	2000a292 <_free_r+0x8a>
2000a380:	0014      	movs	r4, r2
2000a382:	325c      	adds	r2, #92	@ 0x5c
2000a384:	345b      	adds	r4, #91	@ 0x5b
2000a386:	00d6      	lsls	r6, r2, #3
2000a388:	e7ab      	b.n	2000a2e2 <_free_r+0xda>
2000a38a:	2301      	movs	r3, #1
2000a38c:	10a4      	asrs	r4, r4, #2
2000a38e:	40a3      	lsls	r3, r4
2000a390:	6844      	ldr	r4, [r0, #4]
2000a392:	4323      	orrs	r3, r4
2000a394:	6043      	str	r3, [r0, #4]
2000a396:	e7b3      	b.n	2000a300 <_free_r+0xf8>
2000a398:	24aa      	movs	r4, #170	@ 0xaa
2000a39a:	0064      	lsls	r4, r4, #1
2000a39c:	42a2      	cmp	r2, r4
2000a39e:	d805      	bhi.n	2000a3ac <_free_r+0x1a4>
2000a3a0:	0bda      	lsrs	r2, r3, #15
2000a3a2:	0014      	movs	r4, r2
2000a3a4:	3278      	adds	r2, #120	@ 0x78
2000a3a6:	3477      	adds	r4, #119	@ 0x77
2000a3a8:	00d6      	lsls	r6, r2, #3
2000a3aa:	e79a      	b.n	2000a2e2 <_free_r+0xda>
2000a3ac:	4c0a      	ldr	r4, [pc, #40]	@ (2000a3d8 <_free_r+0x1d0>)
2000a3ae:	42a2      	cmp	r2, r4
2000a3b0:	d805      	bhi.n	2000a3be <_free_r+0x1b6>
2000a3b2:	0c9a      	lsrs	r2, r3, #18
2000a3b4:	0014      	movs	r4, r2
2000a3b6:	327d      	adds	r2, #125	@ 0x7d
2000a3b8:	347c      	adds	r4, #124	@ 0x7c
2000a3ba:	00d6      	lsls	r6, r2, #3
2000a3bc:	e791      	b.n	2000a2e2 <_free_r+0xda>
2000a3be:	26fe      	movs	r6, #254	@ 0xfe
2000a3c0:	247e      	movs	r4, #126	@ 0x7e
2000a3c2:	00b6      	lsls	r6, r6, #2
2000a3c4:	e78d      	b.n	2000a2e2 <_free_r+0xda>
2000a3c6:	46c0      	nop			@ (mov r8, r8)
2000a3c8:	2000cfa0 	.word	0x2000cfa0
2000a3cc:	2000cfa8 	.word	0x2000cfa8
2000a3d0:	2000cf9c 	.word	0x2000cf9c
2000a3d4:	2000d7c0 	.word	0x2000d7c0
2000a3d8:	00000554 	.word	0x00000554

2000a3dc <_fclose_r>:
2000a3dc:	b570      	push	{r4, r5, r6, lr}
2000a3de:	0005      	movs	r5, r0
2000a3e0:	1e0c      	subs	r4, r1, #0
2000a3e2:	d042      	beq.n	2000a46a <_fclose_r+0x8e>
2000a3e4:	2800      	cmp	r0, #0
2000a3e6:	d002      	beq.n	2000a3ee <_fclose_r+0x12>
2000a3e8:	6b43      	ldr	r3, [r0, #52]	@ 0x34
2000a3ea:	2b00      	cmp	r3, #0
2000a3ec:	d049      	beq.n	2000a482 <_fclose_r+0xa6>
2000a3ee:	f7ff fd63 	bl	20009eb8 <__sfp_lock_acquire>
2000a3f2:	2101      	movs	r1, #1
2000a3f4:	220c      	movs	r2, #12
2000a3f6:	5ea3      	ldrsh	r3, [r4, r2]
2000a3f8:	6e62      	ldr	r2, [r4, #100]	@ 0x64
2000a3fa:	420a      	tst	r2, r1
2000a3fc:	d131      	bne.n	2000a462 <_fclose_r+0x86>
2000a3fe:	059b      	lsls	r3, r3, #22
2000a400:	d542      	bpl.n	2000a488 <_fclose_r+0xac>
2000a402:	0021      	movs	r1, r4
2000a404:	0028      	movs	r0, r5
2000a406:	f7ff fb71 	bl	20009aec <__sflush_r>
2000a40a:	6ae3      	ldr	r3, [r4, #44]	@ 0x2c
2000a40c:	0006      	movs	r6, r0
2000a40e:	2b00      	cmp	r3, #0
2000a410:	d004      	beq.n	2000a41c <_fclose_r+0x40>
2000a412:	0028      	movs	r0, r5
2000a414:	69e1      	ldr	r1, [r4, #28]
2000a416:	4798      	blx	r3
2000a418:	2800      	cmp	r0, #0
2000a41a:	db28      	blt.n	2000a46e <_fclose_r+0x92>
2000a41c:	89a3      	ldrh	r3, [r4, #12]
2000a41e:	061b      	lsls	r3, r3, #24
2000a420:	d42a      	bmi.n	2000a478 <_fclose_r+0x9c>
2000a422:	6b21      	ldr	r1, [r4, #48]	@ 0x30
2000a424:	2900      	cmp	r1, #0
2000a426:	d008      	beq.n	2000a43a <_fclose_r+0x5e>
2000a428:	0023      	movs	r3, r4
2000a42a:	3340      	adds	r3, #64	@ 0x40
2000a42c:	4299      	cmp	r1, r3
2000a42e:	d002      	beq.n	2000a436 <_fclose_r+0x5a>
2000a430:	0028      	movs	r0, r5
2000a432:	f7ff fee9 	bl	2000a208 <_free_r>
2000a436:	2300      	movs	r3, #0
2000a438:	6323      	str	r3, [r4, #48]	@ 0x30
2000a43a:	6c61      	ldr	r1, [r4, #68]	@ 0x44
2000a43c:	2900      	cmp	r1, #0
2000a43e:	d004      	beq.n	2000a44a <_fclose_r+0x6e>
2000a440:	0028      	movs	r0, r5
2000a442:	f7ff fee1 	bl	2000a208 <_free_r>
2000a446:	2300      	movs	r3, #0
2000a448:	6463      	str	r3, [r4, #68]	@ 0x44
2000a44a:	2300      	movs	r3, #0
2000a44c:	81a3      	strh	r3, [r4, #12]
2000a44e:	6e63      	ldr	r3, [r4, #100]	@ 0x64
2000a450:	07db      	lsls	r3, r3, #31
2000a452:	d528      	bpl.n	2000a4a6 <_fclose_r+0xca>
2000a454:	6da0      	ldr	r0, [r4, #88]	@ 0x58
2000a456:	f7ff fe3b 	bl	2000a0d0 <__retarget_lock_close_recursive>
2000a45a:	f7ff fd35 	bl	20009ec8 <__sfp_lock_release>
2000a45e:	0030      	movs	r0, r6
2000a460:	bd70      	pop	{r4, r5, r6, pc}
2000a462:	2b00      	cmp	r3, #0
2000a464:	d1cd      	bne.n	2000a402 <_fclose_r+0x26>
2000a466:	f7ff fd2f 	bl	20009ec8 <__sfp_lock_release>
2000a46a:	2600      	movs	r6, #0
2000a46c:	e7f7      	b.n	2000a45e <_fclose_r+0x82>
2000a46e:	2601      	movs	r6, #1
2000a470:	89a3      	ldrh	r3, [r4, #12]
2000a472:	4276      	negs	r6, r6
2000a474:	061b      	lsls	r3, r3, #24
2000a476:	d5d4      	bpl.n	2000a422 <_fclose_r+0x46>
2000a478:	0028      	movs	r0, r5
2000a47a:	6921      	ldr	r1, [r4, #16]
2000a47c:	f7ff fec4 	bl	2000a208 <_free_r>
2000a480:	e7cf      	b.n	2000a422 <_fclose_r+0x46>
2000a482:	f7ff fcfd 	bl	20009e80 <__sinit>
2000a486:	e7b2      	b.n	2000a3ee <_fclose_r+0x12>
2000a488:	6da0      	ldr	r0, [r4, #88]	@ 0x58
2000a48a:	f7ff fe23 	bl	2000a0d4 <__retarget_lock_acquire_recursive>
2000a48e:	220c      	movs	r2, #12
2000a490:	5ea3      	ldrsh	r3, [r4, r2]
2000a492:	2b00      	cmp	r3, #0
2000a494:	d1b5      	bne.n	2000a402 <_fclose_r+0x26>
2000a496:	2201      	movs	r2, #1
2000a498:	6e63      	ldr	r3, [r4, #100]	@ 0x64
2000a49a:	4213      	tst	r3, r2
2000a49c:	d1e3      	bne.n	2000a466 <_fclose_r+0x8a>
2000a49e:	6da0      	ldr	r0, [r4, #88]	@ 0x58
2000a4a0:	f7ff fe1a 	bl	2000a0d8 <__retarget_lock_release_recursive>
2000a4a4:	e7df      	b.n	2000a466 <_fclose_r+0x8a>
2000a4a6:	6da0      	ldr	r0, [r4, #88]	@ 0x58
2000a4a8:	f7ff fe16 	bl	2000a0d8 <__retarget_lock_release_recursive>
2000a4ac:	e7d2      	b.n	2000a454 <_fclose_r+0x78>
2000a4ae:	46c0      	nop			@ (mov r8, r8)

Disassembly of section .data:

2000a4b0 <mutex_try_enter>:
2000a4b0:	0003      	movs	r3, r0
2000a4b2:	6802      	ldr	r2, [r0, #0]
2000a4b4:	4694      	mov	ip, r2
2000a4b6:	f3ef 8210 	mrs	r2, PRIMASK
2000a4ba:	b672      	cpsid	i
2000a4bc:	4660      	mov	r0, ip
2000a4be:	6800      	ldr	r0, [r0, #0]
2000a4c0:	2800      	cmp	r0, #0
2000a4c2:	d0fb      	beq.n	2000a4bc <mutex_try_enter+0xc>
2000a4c4:	f3bf 8f5f 	dmb	sy
2000a4c8:	2004      	movs	r0, #4
2000a4ca:	5618      	ldrsb	r0, [r3, r0]
2000a4cc:	2800      	cmp	r0, #0
2000a4ce:	db0b      	blt.n	2000a4e8 <mutex_try_enter+0x38>
2000a4d0:	2900      	cmp	r1, #0
2000a4d2:	d010      	beq.n	2000a4f6 <mutex_try_enter+0x46>
2000a4d4:	6008      	str	r0, [r1, #0]
2000a4d6:	2000      	movs	r0, #0
2000a4d8:	681b      	ldr	r3, [r3, #0]
2000a4da:	f3bf 8f5f 	dmb	sy
2000a4de:	2100      	movs	r1, #0
2000a4e0:	6019      	str	r1, [r3, #0]
2000a4e2:	f382 8810 	msr	PRIMASK, r2
2000a4e6:	4770      	bx	lr
2000a4e8:	21d0      	movs	r1, #208	@ 0xd0
2000a4ea:	0609      	lsls	r1, r1, #24
2000a4ec:	7809      	ldrb	r1, [r1, #0]
2000a4ee:	b249      	sxtb	r1, r1
2000a4f0:	7119      	strb	r1, [r3, #4]
2000a4f2:	2001      	movs	r0, #1
2000a4f4:	e7f0      	b.n	2000a4d8 <mutex_try_enter+0x28>
2000a4f6:	2000      	movs	r0, #0
2000a4f8:	e7ee      	b.n	2000a4d8 <mutex_try_enter+0x28>
	...

2000a4fc <mutex_enter_block_until>:
2000a4fc:	b5f8      	push	{r3, r4, r5, r6, r7, lr}
2000a4fe:	0004      	movs	r4, r0
2000a500:	0015      	movs	r5, r2
2000a502:	001e      	movs	r6, r3
2000a504:	6803      	ldr	r3, [r0, #0]
2000a506:	2b00      	cmp	r3, #0
2000a508:	d020      	beq.n	2000a54c <mutex_enter_block_until+0x50>
2000a50a:	23d0      	movs	r3, #208	@ 0xd0
2000a50c:	061b      	lsls	r3, r3, #24
2000a50e:	781b      	ldrb	r3, [r3, #0]
2000a510:	b25b      	sxtb	r3, r3
2000a512:	001f      	movs	r7, r3
2000a514:	6823      	ldr	r3, [r4, #0]
2000a516:	f3ef 8110 	mrs	r1, PRIMASK
2000a51a:	b672      	cpsid	i
2000a51c:	6818      	ldr	r0, [r3, #0]
2000a51e:	2800      	cmp	r0, #0
2000a520:	d0fc      	beq.n	2000a51c <mutex_enter_block_until+0x20>
2000a522:	f3bf 8f5f 	dmb	sy
2000a526:	2304      	movs	r3, #4
2000a528:	56e3      	ldrsb	r3, [r4, r3]
2000a52a:	2b00      	cmp	r3, #0
2000a52c:	db14      	blt.n	2000a558 <mutex_enter_block_until+0x5c>
2000a52e:	6823      	ldr	r3, [r4, #0]
2000a530:	f3bf 8f5f 	dmb	sy
2000a534:	2200      	movs	r2, #0
2000a536:	601a      	str	r2, [r3, #0]
2000a538:	f381 8810 	msr	PRIMASK, r1
2000a53c:	0028      	movs	r0, r5
2000a53e:	0031      	movs	r1, r6
2000a540:	f7fb fd8e 	bl	20006060 <best_effort_wfe_or_timeout>
2000a544:	2800      	cmp	r0, #0
2000a546:	d0e5      	beq.n	2000a514 <mutex_enter_block_until+0x18>
2000a548:	2000      	movs	r0, #0
2000a54a:	e00e      	b.n	2000a56a <mutex_enter_block_until+0x6e>
2000a54c:	4b07      	ldr	r3, [pc, #28]	@ (2000a56c <mutex_enter_block_until+0x70>)
2000a54e:	4a08      	ldr	r2, [pc, #32]	@ (2000a570 <mutex_enter_block_until+0x74>)
2000a550:	4808      	ldr	r0, [pc, #32]	@ (2000a574 <mutex_enter_block_until+0x78>)
2000a552:	21a6      	movs	r1, #166	@ 0xa6
2000a554:	f7fe fc6c 	bl	20008e30 <__assert_func>
2000a558:	7127      	strb	r7, [r4, #4]
2000a55a:	6823      	ldr	r3, [r4, #0]
2000a55c:	f3bf 8f5f 	dmb	sy
2000a560:	2200      	movs	r2, #0
2000a562:	601a      	str	r2, [r3, #0]
2000a564:	f381 8810 	msr	PRIMASK, r1
2000a568:	2001      	movs	r0, #1
2000a56a:	bdf8      	pop	{r3, r4, r5, r6, r7, pc}
2000a56c:	2000c27c 	.word	0x2000c27c
2000a570:	2000ccc8 	.word	0x2000ccc8
2000a574:	2000c234 	.word	0x2000c234

2000a578 <mutex_try_enter_block_until>:
2000a578:	b570      	push	{r4, r5, r6, lr}
2000a57a:	b082      	sub	sp, #8
2000a57c:	0006      	movs	r6, r0
2000a57e:	0015      	movs	r5, r2
2000a580:	001c      	movs	r4, r3
2000a582:	a901      	add	r1, sp, #4
2000a584:	f7ff ff94 	bl	2000a4b0 <mutex_try_enter>
2000a588:	2800      	cmp	r0, #0
2000a58a:	d107      	bne.n	2000a59c <mutex_try_enter_block_until+0x24>
2000a58c:	9b01      	ldr	r3, [sp, #4]
2000a58e:	b25b      	sxtb	r3, r3
2000a590:	22d0      	movs	r2, #208	@ 0xd0
2000a592:	0612      	lsls	r2, r2, #24
2000a594:	7812      	ldrb	r2, [r2, #0]
2000a596:	b252      	sxtb	r2, r2
2000a598:	4293      	cmp	r3, r2
2000a59a:	d101      	bne.n	2000a5a0 <mutex_try_enter_block_until+0x28>
2000a59c:	b002      	add	sp, #8
2000a59e:	bd70      	pop	{r4, r5, r6, pc}
2000a5a0:	002a      	movs	r2, r5
2000a5a2:	0023      	movs	r3, r4
2000a5a4:	0030      	movs	r0, r6
2000a5a6:	f7ff ffa9 	bl	2000a4fc <mutex_enter_block_until>
2000a5aa:	e7f7      	b.n	2000a59c <mutex_try_enter_block_until+0x24>

2000a5ac <mutex_exit>:
2000a5ac:	b510      	push	{r4, lr}
2000a5ae:	6801      	ldr	r1, [r0, #0]
2000a5b0:	f3ef 8310 	mrs	r3, PRIMASK
2000a5b4:	b672      	cpsid	i
2000a5b6:	680a      	ldr	r2, [r1, #0]
2000a5b8:	2a00      	cmp	r2, #0
2000a5ba:	d0fc      	beq.n	2000a5b6 <mutex_exit+0xa>
2000a5bc:	f3bf 8f5f 	dmb	sy
2000a5c0:	2204      	movs	r2, #4
2000a5c2:	5682      	ldrsb	r2, [r0, r2]
2000a5c4:	2a00      	cmp	r2, #0
2000a5c6:	db0a      	blt.n	2000a5de <mutex_exit+0x32>
2000a5c8:	22ff      	movs	r2, #255	@ 0xff
2000a5ca:	7102      	strb	r2, [r0, #4]
2000a5cc:	6802      	ldr	r2, [r0, #0]
2000a5ce:	f3bf 8f5f 	dmb	sy
2000a5d2:	2100      	movs	r1, #0
2000a5d4:	6011      	str	r1, [r2, #0]
2000a5d6:	f383 8810 	msr	PRIMASK, r3
2000a5da:	bf40      	sev
2000a5dc:	bd10      	pop	{r4, pc}
2000a5de:	4b03      	ldr	r3, [pc, #12]	@ (2000a5ec <mutex_exit+0x40>)
2000a5e0:	4a03      	ldr	r2, [pc, #12]	@ (2000a5f0 <mutex_exit+0x44>)
2000a5e2:	4804      	ldr	r0, [pc, #16]	@ (2000a5f4 <mutex_exit+0x48>)
2000a5e4:	21d5      	movs	r1, #213	@ 0xd5
2000a5e6:	f7fe fc23 	bl	20008e30 <__assert_func>
2000a5ea:	46c0      	nop			@ (mov r8, r8)
2000a5ec:	2000c290 	.word	0x2000c290
2000a5f0:	2000ccbc 	.word	0x2000ccbc
2000a5f4:	2000c234 	.word	0x2000c234

2000a5f8 <spi_write_read_blocking>:
2000a5f8:	b570      	push	{r4, r5, r6, lr}
2000a5fa:	000d      	movs	r5, r1
2000a5fc:	0014      	movs	r4, r2
2000a5fe:	001e      	movs	r6, r3
2000a600:	001a      	movs	r2, r3
2000a602:	e008      	b.n	2000a616 <spi_write_read_blocking+0x1e>
2000a604:	2b00      	cmp	r3, #0
2000a606:	d006      	beq.n	2000a616 <spi_write_read_blocking+0x1e>
2000a608:	68c1      	ldr	r1, [r0, #12]
2000a60a:	0749      	lsls	r1, r1, #29
2000a60c:	d503      	bpl.n	2000a616 <spi_write_read_blocking+0x1e>
2000a60e:	6881      	ldr	r1, [r0, #8]
2000a610:	7021      	strb	r1, [r4, #0]
2000a612:	3b01      	subs	r3, #1
2000a614:	3401      	adds	r4, #1
2000a616:	0019      	movs	r1, r3
2000a618:	4311      	orrs	r1, r2
2000a61a:	d00d      	beq.n	2000a638 <spi_write_read_blocking+0x40>
2000a61c:	2a00      	cmp	r2, #0
2000a61e:	d0f1      	beq.n	2000a604 <spi_write_read_blocking+0xc>
2000a620:	68c1      	ldr	r1, [r0, #12]
2000a622:	0789      	lsls	r1, r1, #30
2000a624:	d5ee      	bpl.n	2000a604 <spi_write_read_blocking+0xc>
2000a626:	0011      	movs	r1, r2
2000a628:	3108      	adds	r1, #8
2000a62a:	4299      	cmp	r1, r3
2000a62c:	d9ea      	bls.n	2000a604 <spi_write_read_blocking+0xc>
2000a62e:	7829      	ldrb	r1, [r5, #0]
2000a630:	6081      	str	r1, [r0, #8]
2000a632:	3a01      	subs	r2, #1
2000a634:	3501      	adds	r5, #1
2000a636:	e7e5      	b.n	2000a604 <spi_write_read_blocking+0xc>
2000a638:	0030      	movs	r0, r6
2000a63a:	bd70      	pop	{r4, r5, r6, pc}

2000a63c <spi_write_blocking>:
2000a63c:	b510      	push	{r4, lr}
2000a63e:	000c      	movs	r4, r1
2000a640:	0011      	movs	r1, r2
2000a642:	2200      	movs	r2, #0
2000a644:	e005      	b.n	2000a652 <spi_write_blocking+0x16>
2000a646:	68c3      	ldr	r3, [r0, #12]
2000a648:	079b      	lsls	r3, r3, #30
2000a64a:	d5fc      	bpl.n	2000a646 <spi_write_blocking+0xa>
2000a64c:	5ca3      	ldrb	r3, [r4, r2]
2000a64e:	6083      	str	r3, [r0, #8]
2000a650:	3201      	adds	r2, #1
2000a652:	428a      	cmp	r2, r1
2000a654:	d3f7      	bcc.n	2000a646 <spi_write_blocking+0xa>
2000a656:	e000      	b.n	2000a65a <spi_write_blocking+0x1e>
2000a658:	6883      	ldr	r3, [r0, #8]
2000a65a:	68c3      	ldr	r3, [r0, #12]
2000a65c:	075b      	lsls	r3, r3, #29
2000a65e:	d4fb      	bmi.n	2000a658 <spi_write_blocking+0x1c>
2000a660:	68c3      	ldr	r3, [r0, #12]
2000a662:	06db      	lsls	r3, r3, #27
2000a664:	d4fc      	bmi.n	2000a660 <spi_write_blocking+0x24>
2000a666:	e000      	b.n	2000a66a <spi_write_blocking+0x2e>
2000a668:	6883      	ldr	r3, [r0, #8]
2000a66a:	68c3      	ldr	r3, [r0, #12]
2000a66c:	075b      	lsls	r3, r3, #29
2000a66e:	d4fb      	bmi.n	2000a668 <spi_write_blocking+0x2c>
2000a670:	2301      	movs	r3, #1
2000a672:	6203      	str	r3, [r0, #32]
2000a674:	0008      	movs	r0, r1
2000a676:	bd10      	pop	{r4, pc}

2000a678 <flash_init_boot2_copyout>:
2000a678:	4b09      	ldr	r3, [pc, #36]	@ (2000a6a0 <flash_init_boot2_copyout+0x28>)
2000a67a:	781b      	ldrb	r3, [r3, #0]
2000a67c:	2b00      	cmp	r3, #0
2000a67e:	d008      	beq.n	2000a692 <flash_init_boot2_copyout+0x1a>
2000a680:	e00c      	b.n	2000a69c <flash_init_boot2_copyout+0x24>
2000a682:	009a      	lsls	r2, r3, #2
2000a684:	2180      	movs	r1, #128	@ 0x80
2000a686:	0549      	lsls	r1, r1, #21
2000a688:	1851      	adds	r1, r2, r1
2000a68a:	6808      	ldr	r0, [r1, #0]
2000a68c:	4905      	ldr	r1, [pc, #20]	@ (2000a6a4 <flash_init_boot2_copyout+0x2c>)
2000a68e:	5050      	str	r0, [r2, r1]
2000a690:	3301      	adds	r3, #1
2000a692:	2b3f      	cmp	r3, #63	@ 0x3f
2000a694:	ddf5      	ble.n	2000a682 <flash_init_boot2_copyout+0xa>
2000a696:	4b02      	ldr	r3, [pc, #8]	@ (2000a6a0 <flash_init_boot2_copyout+0x28>)
2000a698:	2201      	movs	r2, #1
2000a69a:	701a      	strb	r2, [r3, #0]
2000a69c:	4770      	bx	lr
2000a69e:	46c0      	nop			@ (mov r8, r8)
2000a6a0:	20016d44 	.word	0x20016d44
2000a6a4:	2000e0dc 	.word	0x2000e0dc

2000a6a8 <flash_enable_xip_via_boot2>:
2000a6a8:	b510      	push	{r4, lr}
2000a6aa:	4b01      	ldr	r3, [pc, #4]	@ (2000a6b0 <flash_enable_xip_via_boot2+0x8>)
2000a6ac:	4798      	blx	r3
2000a6ae:	bd10      	pop	{r4, pc}
2000a6b0:	2000e0dd 	.word	0x2000e0dd

2000a6b4 <flash_save_hardware_state>:
2000a6b4:	2200      	movs	r2, #0
2000a6b6:	e006      	b.n	2000a6c6 <flash_save_hardware_state+0x12>
2000a6b8:	0093      	lsls	r3, r2, #2
2000a6ba:	4906      	ldr	r1, [pc, #24]	@ (2000a6d4 <flash_save_hardware_state+0x20>)
2000a6bc:	1859      	adds	r1, r3, r1
2000a6be:	6849      	ldr	r1, [r1, #4]
2000a6c0:	18c3      	adds	r3, r0, r3
2000a6c2:	6059      	str	r1, [r3, #4]
2000a6c4:	3201      	adds	r2, #1
2000a6c6:	2a05      	cmp	r2, #5
2000a6c8:	d9f6      	bls.n	2000a6b8 <flash_save_hardware_state+0x4>
2000a6ca:	23a0      	movs	r3, #160	@ 0xa0
2000a6cc:	055b      	lsls	r3, r3, #21
2000a6ce:	681b      	ldr	r3, [r3, #0]
2000a6d0:	6003      	str	r3, [r0, #0]
2000a6d2:	4770      	bx	lr
2000a6d4:	40020000 	.word	0x40020000

2000a6d8 <flash_restore_hardware_state>:
2000a6d8:	b510      	push	{r4, lr}
2000a6da:	2200      	movs	r2, #0
2000a6dc:	e007      	b.n	2000a6ee <flash_restore_hardware_state+0x16>
2000a6de:	0093      	lsls	r3, r2, #2
2000a6e0:	18c1      	adds	r1, r0, r3
2000a6e2:	6849      	ldr	r1, [r1, #4]
2000a6e4:	4c05      	ldr	r4, [pc, #20]	@ (2000a6fc <flash_restore_hardware_state+0x24>)
2000a6e6:	46a4      	mov	ip, r4
2000a6e8:	4463      	add	r3, ip
2000a6ea:	6059      	str	r1, [r3, #4]
2000a6ec:	3201      	adds	r2, #1
2000a6ee:	2a05      	cmp	r2, #5
2000a6f0:	d9f5      	bls.n	2000a6de <flash_restore_hardware_state+0x6>
2000a6f2:	6802      	ldr	r2, [r0, #0]
2000a6f4:	23a0      	movs	r3, #160	@ 0xa0
2000a6f6:	055b      	lsls	r3, r3, #21
2000a6f8:	601a      	str	r2, [r3, #0]
2000a6fa:	bd10      	pop	{r4, pc}
2000a6fc:	40020000 	.word	0x40020000

2000a700 <flash_range_erase>:
2000a700:	b5f0      	push	{r4, r5, r6, r7, lr}
2000a702:	46d6      	mov	lr, sl
2000a704:	464f      	mov	r7, r9
2000a706:	4646      	mov	r6, r8
2000a708:	b5c0      	push	{r6, r7, lr}
2000a70a:	b088      	sub	sp, #32
2000a70c:	4681      	mov	r9, r0
2000a70e:	000a      	movs	r2, r1
2000a710:	468a      	mov	sl, r1
2000a712:	444a      	add	r2, r9
2000a714:	2380      	movs	r3, #128	@ 0x80
2000a716:	045b      	lsls	r3, r3, #17
2000a718:	429a      	cmp	r2, r3
2000a71a:	d838      	bhi.n	2000a78e <flash_range_erase+0x8e>
2000a71c:	2718      	movs	r7, #24
2000a71e:	883b      	ldrh	r3, [r7, #0]
2000a720:	2614      	movs	r6, #20
2000a722:	8830      	ldrh	r0, [r6, #0]
2000a724:	4920      	ldr	r1, [pc, #128]	@ (2000a7a8 <flash_range_erase+0xa8>)
2000a726:	4798      	blx	r3
2000a728:	0004      	movs	r4, r0
2000a72a:	883b      	ldrh	r3, [r7, #0]
2000a72c:	8830      	ldrh	r0, [r6, #0]
2000a72e:	491f      	ldr	r1, [pc, #124]	@ (2000a7ac <flash_range_erase+0xac>)
2000a730:	4798      	blx	r3
2000a732:	0005      	movs	r5, r0
2000a734:	883b      	ldrh	r3, [r7, #0]
2000a736:	8830      	ldrh	r0, [r6, #0]
2000a738:	491d      	ldr	r1, [pc, #116]	@ (2000a7b0 <flash_range_erase+0xb0>)
2000a73a:	4798      	blx	r3
2000a73c:	4680      	mov	r8, r0
2000a73e:	883b      	ldrh	r3, [r7, #0]
2000a740:	8830      	ldrh	r0, [r6, #0]
2000a742:	491c      	ldr	r1, [pc, #112]	@ (2000a7b4 <flash_range_erase+0xb4>)
2000a744:	4798      	blx	r3
2000a746:	0006      	movs	r6, r0
2000a748:	2c00      	cmp	r4, #0
2000a74a:	d026      	beq.n	2000a79a <flash_range_erase+0x9a>
2000a74c:	2d00      	cmp	r5, #0
2000a74e:	d024      	beq.n	2000a79a <flash_range_erase+0x9a>
2000a750:	4643      	mov	r3, r8
2000a752:	2b00      	cmp	r3, #0
2000a754:	d021      	beq.n	2000a79a <flash_range_erase+0x9a>
2000a756:	2800      	cmp	r0, #0
2000a758:	d01f      	beq.n	2000a79a <flash_range_erase+0x9a>
2000a75a:	f7ff ff8d 	bl	2000a678 <flash_init_boot2_copyout>
2000a75e:	af01      	add	r7, sp, #4
2000a760:	0038      	movs	r0, r7
2000a762:	f7ff ffa7 	bl	2000a6b4 <flash_save_hardware_state>
2000a766:	47a0      	blx	r4
2000a768:	47a8      	blx	r5
2000a76a:	2280      	movs	r2, #128	@ 0x80
2000a76c:	23d8      	movs	r3, #216	@ 0xd8
2000a76e:	0252      	lsls	r2, r2, #9
2000a770:	4651      	mov	r1, sl
2000a772:	4648      	mov	r0, r9
2000a774:	47c0      	blx	r8
2000a776:	47b0      	blx	r6
2000a778:	f7ff ff96 	bl	2000a6a8 <flash_enable_xip_via_boot2>
2000a77c:	0038      	movs	r0, r7
2000a77e:	f7ff ffab 	bl	2000a6d8 <flash_restore_hardware_state>
2000a782:	b008      	add	sp, #32
2000a784:	bce0      	pop	{r5, r6, r7}
2000a786:	46ba      	mov	sl, r7
2000a788:	46b1      	mov	r9, r6
2000a78a:	46a8      	mov	r8, r5
2000a78c:	bdf0      	pop	{r4, r5, r6, r7, pc}
2000a78e:	4b0a      	ldr	r3, [pc, #40]	@ (2000a7b8 <flash_range_erase+0xb8>)
2000a790:	4a0a      	ldr	r2, [pc, #40]	@ (2000a7bc <flash_range_erase+0xbc>)
2000a792:	480b      	ldr	r0, [pc, #44]	@ (2000a7c0 <flash_range_erase+0xc0>)
2000a794:	21d5      	movs	r1, #213	@ 0xd5
2000a796:	f7fe fb4b 	bl	20008e30 <__assert_func>
2000a79a:	4b0a      	ldr	r3, [pc, #40]	@ (2000a7c4 <flash_range_erase+0xc4>)
2000a79c:	4a07      	ldr	r2, [pc, #28]	@ (2000a7bc <flash_range_erase+0xbc>)
2000a79e:	4808      	ldr	r0, [pc, #32]	@ (2000a7c0 <flash_range_erase+0xc0>)
2000a7a0:	21dd      	movs	r1, #221	@ 0xdd
2000a7a2:	f7fe fb45 	bl	20008e30 <__assert_func>
2000a7a6:	46c0      	nop			@ (mov r8, r8)
2000a7a8:	00004649 	.word	0x00004649
2000a7ac:	00005845 	.word	0x00005845
2000a7b0:	00004552 	.word	0x00004552
2000a7b4:	00004346 	.word	0x00004346
2000a7b8:	2000c8f8 	.word	0x2000c8f8
2000a7bc:	2000ceb8 	.word	0x2000ceb8
2000a7c0:	2000c8ac 	.word	0x2000c8ac
2000a7c4:	2000c924 	.word	0x2000c924

2000a7c8 <flash_range_program>:
2000a7c8:	b5f0      	push	{r4, r5, r6, r7, lr}
2000a7ca:	46de      	mov	lr, fp
2000a7cc:	4657      	mov	r7, sl
2000a7ce:	464e      	mov	r6, r9
2000a7d0:	4645      	mov	r5, r8
2000a7d2:	b5e0      	push	{r5, r6, r7, lr}
2000a7d4:	b089      	sub	sp, #36	@ 0x24
2000a7d6:	4681      	mov	r9, r0
2000a7d8:	468a      	mov	sl, r1
2000a7da:	4693      	mov	fp, r2
2000a7dc:	444a      	add	r2, r9
2000a7de:	2380      	movs	r3, #128	@ 0x80
2000a7e0:	045b      	lsls	r3, r3, #17
2000a7e2:	429a      	cmp	r2, r3
2000a7e4:	d837      	bhi.n	2000a856 <flash_range_program+0x8e>
2000a7e6:	2718      	movs	r7, #24
2000a7e8:	883b      	ldrh	r3, [r7, #0]
2000a7ea:	2614      	movs	r6, #20
2000a7ec:	8830      	ldrh	r0, [r6, #0]
2000a7ee:	4920      	ldr	r1, [pc, #128]	@ (2000a870 <flash_range_program+0xa8>)
2000a7f0:	4798      	blx	r3
2000a7f2:	0004      	movs	r4, r0
2000a7f4:	883b      	ldrh	r3, [r7, #0]
2000a7f6:	8830      	ldrh	r0, [r6, #0]
2000a7f8:	491e      	ldr	r1, [pc, #120]	@ (2000a874 <flash_range_program+0xac>)
2000a7fa:	4798      	blx	r3
2000a7fc:	0005      	movs	r5, r0
2000a7fe:	883b      	ldrh	r3, [r7, #0]
2000a800:	8830      	ldrh	r0, [r6, #0]
2000a802:	491d      	ldr	r1, [pc, #116]	@ (2000a878 <flash_range_program+0xb0>)
2000a804:	4798      	blx	r3
2000a806:	4680      	mov	r8, r0
2000a808:	883b      	ldrh	r3, [r7, #0]
2000a80a:	8830      	ldrh	r0, [r6, #0]
2000a80c:	491b      	ldr	r1, [pc, #108]	@ (2000a87c <flash_range_program+0xb4>)
2000a80e:	4798      	blx	r3
2000a810:	0006      	movs	r6, r0
2000a812:	2c00      	cmp	r4, #0
2000a814:	d025      	beq.n	2000a862 <flash_range_program+0x9a>
2000a816:	2d00      	cmp	r5, #0
2000a818:	d023      	beq.n	2000a862 <flash_range_program+0x9a>
2000a81a:	4643      	mov	r3, r8
2000a81c:	2b00      	cmp	r3, #0
2000a81e:	d020      	beq.n	2000a862 <flash_range_program+0x9a>
2000a820:	2800      	cmp	r0, #0
2000a822:	d01e      	beq.n	2000a862 <flash_range_program+0x9a>
2000a824:	f7ff ff28 	bl	2000a678 <flash_init_boot2_copyout>
2000a828:	af01      	add	r7, sp, #4
2000a82a:	0038      	movs	r0, r7
2000a82c:	f7ff ff42 	bl	2000a6b4 <flash_save_hardware_state>
2000a830:	47a0      	blx	r4
2000a832:	47a8      	blx	r5
2000a834:	465a      	mov	r2, fp
2000a836:	4651      	mov	r1, sl
2000a838:	4648      	mov	r0, r9
2000a83a:	47c0      	blx	r8
2000a83c:	47b0      	blx	r6
2000a83e:	f7ff ff33 	bl	2000a6a8 <flash_enable_xip_via_boot2>
2000a842:	0038      	movs	r0, r7
2000a844:	f7ff ff48 	bl	2000a6d8 <flash_restore_hardware_state>
2000a848:	b009      	add	sp, #36	@ 0x24
2000a84a:	bcf0      	pop	{r4, r5, r6, r7}
2000a84c:	46bb      	mov	fp, r7
2000a84e:	46b2      	mov	sl, r6
2000a850:	46a9      	mov	r9, r5
2000a852:	46a0      	mov	r8, r4
2000a854:	bdf0      	pop	{r4, r5, r6, r7, pc}
2000a856:	4b0a      	ldr	r3, [pc, #40]	@ (2000a880 <flash_range_program+0xb8>)
2000a858:	4a0a      	ldr	r2, [pc, #40]	@ (2000a884 <flash_range_program+0xbc>)
2000a85a:	480b      	ldr	r0, [pc, #44]	@ (2000a888 <flash_range_program+0xc0>)
2000a85c:	21f4      	movs	r1, #244	@ 0xf4
2000a85e:	f7fe fae7 	bl	20008e30 <__assert_func>
2000a862:	4b0a      	ldr	r3, [pc, #40]	@ (2000a88c <flash_range_program+0xc4>)
2000a864:	4a07      	ldr	r2, [pc, #28]	@ (2000a884 <flash_range_program+0xbc>)
2000a866:	4808      	ldr	r0, [pc, #32]	@ (2000a888 <flash_range_program+0xc0>)
2000a868:	21fc      	movs	r1, #252	@ 0xfc
2000a86a:	f7fe fae1 	bl	20008e30 <__assert_func>
2000a86e:	46c0      	nop			@ (mov r8, r8)
2000a870:	00004649 	.word	0x00004649
2000a874:	00005845 	.word	0x00005845
2000a878:	00005052 	.word	0x00005052
2000a87c:	00004346 	.word	0x00004346
2000a880:	2000c8f8 	.word	0x2000c8f8
2000a884:	2000cea4 	.word	0x2000cea4
2000a888:	2000c8ac 	.word	0x2000c8ac
2000a88c:	2000c98c 	.word	0x2000c98c

2000a890 <flash_do_cmd_cs>:
2000a890:	b5f0      	push	{r4, r5, r6, r7, lr}
2000a892:	46d6      	mov	lr, sl
2000a894:	464f      	mov	r7, r9
2000a896:	4646      	mov	r6, r8
2000a898:	b5c0      	push	{r6, r7, lr}
2000a89a:	b088      	sub	sp, #32
2000a89c:	4682      	mov	sl, r0
2000a89e:	000d      	movs	r5, r1
2000a8a0:	0014      	movs	r4, r2
2000a8a2:	2618      	movs	r6, #24
2000a8a4:	8833      	ldrh	r3, [r6, #0]
2000a8a6:	2714      	movs	r7, #20
2000a8a8:	8838      	ldrh	r0, [r7, #0]
2000a8aa:	4932      	ldr	r1, [pc, #200]	@ (2000a974 <flash_do_cmd_cs+0xe4>)
2000a8ac:	4798      	blx	r3
2000a8ae:	4681      	mov	r9, r0
2000a8b0:	8833      	ldrh	r3, [r6, #0]
2000a8b2:	8838      	ldrh	r0, [r7, #0]
2000a8b4:	4930      	ldr	r1, [pc, #192]	@ (2000a978 <flash_do_cmd_cs+0xe8>)
2000a8b6:	4798      	blx	r3
2000a8b8:	4680      	mov	r8, r0
2000a8ba:	8833      	ldrh	r3, [r6, #0]
2000a8bc:	8838      	ldrh	r0, [r7, #0]
2000a8be:	492f      	ldr	r1, [pc, #188]	@ (2000a97c <flash_do_cmd_cs+0xec>)
2000a8c0:	4798      	blx	r3
2000a8c2:	0007      	movs	r7, r0
2000a8c4:	464b      	mov	r3, r9
2000a8c6:	2b00      	cmp	r3, #0
2000a8c8:	d017      	beq.n	2000a8fa <flash_do_cmd_cs+0x6a>
2000a8ca:	4643      	mov	r3, r8
2000a8cc:	2b00      	cmp	r3, #0
2000a8ce:	d014      	beq.n	2000a8fa <flash_do_cmd_cs+0x6a>
2000a8d0:	2800      	cmp	r0, #0
2000a8d2:	d012      	beq.n	2000a8fa <flash_do_cmd_cs+0x6a>
2000a8d4:	f7ff fed0 	bl	2000a678 <flash_init_boot2_copyout>
2000a8d8:	a801      	add	r0, sp, #4
2000a8da:	f7ff feeb 	bl	2000a6b4 <flash_save_hardware_state>
2000a8de:	47c8      	blx	r9
2000a8e0:	47c0      	blx	r8
2000a8e2:	4b27      	ldr	r3, [pc, #156]	@ (2000a980 <flash_do_cmd_cs+0xf0>)
2000a8e4:	681a      	ldr	r2, [r3, #0]
2000a8e6:	2380      	movs	r3, #128	@ 0x80
2000a8e8:	009b      	lsls	r3, r3, #2
2000a8ea:	4053      	eors	r3, r2
2000a8ec:	22c0      	movs	r2, #192	@ 0xc0
2000a8ee:	0092      	lsls	r2, r2, #2
2000a8f0:	4013      	ands	r3, r2
2000a8f2:	4a24      	ldr	r2, [pc, #144]	@ (2000a984 <flash_do_cmd_cs+0xf4>)
2000a8f4:	6013      	str	r3, [r2, #0]
2000a8f6:	0021      	movs	r1, r4
2000a8f8:	e010      	b.n	2000a91c <flash_do_cmd_cs+0x8c>
2000a8fa:	4b23      	ldr	r3, [pc, #140]	@ (2000a988 <flash_do_cmd_cs+0xf8>)
2000a8fc:	4a23      	ldr	r2, [pc, #140]	@ (2000a98c <flash_do_cmd_cs+0xfc>)
2000a8fe:	212a      	movs	r1, #42	@ 0x2a
2000a900:	4823      	ldr	r0, [pc, #140]	@ (2000a990 <flash_do_cmd_cs+0x100>)
2000a902:	31ff      	adds	r1, #255	@ 0xff
2000a904:	f7fe fa94 	bl	20008e30 <__assert_func>
2000a908:	2b00      	cmp	r3, #0
2000a90a:	d007      	beq.n	2000a91c <flash_do_cmd_cs+0x8c>
2000a90c:	2900      	cmp	r1, #0
2000a90e:	d005      	beq.n	2000a91c <flash_do_cmd_cs+0x8c>
2000a910:	23c0      	movs	r3, #192	@ 0xc0
2000a912:	055b      	lsls	r3, r3, #21
2000a914:	6e1b      	ldr	r3, [r3, #96]	@ 0x60
2000a916:	702b      	strb	r3, [r5, #0]
2000a918:	3901      	subs	r1, #1
2000a91a:	3501      	adds	r5, #1
2000a91c:	0023      	movs	r3, r4
2000a91e:	430b      	orrs	r3, r1
2000a920:	d014      	beq.n	2000a94c <flash_do_cmd_cs+0xbc>
2000a922:	23c0      	movs	r3, #192	@ 0xc0
2000a924:	055b      	lsls	r3, r3, #21
2000a926:	6a9a      	ldr	r2, [r3, #40]	@ 0x28
2000a928:	2308      	movs	r3, #8
2000a92a:	4013      	ands	r3, r2
2000a92c:	0792      	lsls	r2, r2, #30
2000a92e:	d5eb      	bpl.n	2000a908 <flash_do_cmd_cs+0x78>
2000a930:	2c00      	cmp	r4, #0
2000a932:	d0e9      	beq.n	2000a908 <flash_do_cmd_cs+0x78>
2000a934:	1b0a      	subs	r2, r1, r4
2000a936:	2a0d      	cmp	r2, #13
2000a938:	d8e6      	bhi.n	2000a908 <flash_do_cmd_cs+0x78>
2000a93a:	4656      	mov	r6, sl
2000a93c:	7830      	ldrb	r0, [r6, #0]
2000a93e:	22c0      	movs	r2, #192	@ 0xc0
2000a940:	0552      	lsls	r2, r2, #21
2000a942:	6610      	str	r0, [r2, #96]	@ 0x60
2000a944:	3c01      	subs	r4, #1
2000a946:	1c72      	adds	r2, r6, #1
2000a948:	4692      	mov	sl, r2
2000a94a:	e7dd      	b.n	2000a908 <flash_do_cmd_cs+0x78>
2000a94c:	4b0c      	ldr	r3, [pc, #48]	@ (2000a980 <flash_do_cmd_cs+0xf0>)
2000a94e:	681a      	ldr	r2, [r3, #0]
2000a950:	23c0      	movs	r3, #192	@ 0xc0
2000a952:	009b      	lsls	r3, r3, #2
2000a954:	4393      	bics	r3, r2
2000a956:	4a0b      	ldr	r2, [pc, #44]	@ (2000a984 <flash_do_cmd_cs+0xf4>)
2000a958:	6013      	str	r3, [r2, #0]
2000a95a:	47b8      	blx	r7
2000a95c:	f7ff fea4 	bl	2000a6a8 <flash_enable_xip_via_boot2>
2000a960:	a801      	add	r0, sp, #4
2000a962:	f7ff feb9 	bl	2000a6d8 <flash_restore_hardware_state>
2000a966:	b008      	add	sp, #32
2000a968:	bce0      	pop	{r5, r6, r7}
2000a96a:	46ba      	mov	sl, r7
2000a96c:	46b1      	mov	r9, r6
2000a96e:	46a8      	mov	r8, r5
2000a970:	bdf0      	pop	{r4, r5, r6, r7, pc}
2000a972:	46c0      	nop			@ (mov r8, r8)
2000a974:	00004649 	.word	0x00004649
2000a978:	00005845 	.word	0x00005845
2000a97c:	00004346 	.word	0x00004346
2000a980:	4001800c 	.word	0x4001800c
2000a984:	4001900c 	.word	0x4001900c
2000a988:	2000c9f8 	.word	0x2000c9f8
2000a98c:	2000ce94 	.word	0x2000ce94
2000a990:	2000c8ac 	.word	0x2000c8ac
2000a994:	00007830 	.word	0x00007830
2000a998:	42554b4f 	.word	0x42554b4f
2000a99c:	00000000 	.word	0x00000000
2000a9a0:	78650a0d 	.word	0x78650a0d
2000a9a4:	6e726574 	.word	0x6e726574
2000a9a8:	45206c61 	.word	0x45206c61
2000a9ac:	522d5053 	.word	0x522d5053
2000a9b0:	54455345 	.word	0x54455345
2000a9b4:	74656420 	.word	0x74656420
2000a9b8:	65746365 	.word	0x65746365
2000a9bc:	0a0d2164 	.word	0x0a0d2164
2000a9c0:	6f626572 	.word	0x6f626572
2000a9c4:	6e69746f 	.word	0x6e69746f
2000a9c8:	6e692067 	.word	0x6e692067
2000a9cc:	20303520 	.word	0x20303520
2000a9d0:	73636573 	.word	0x73636573
2000a9d4:	0d212121 	.word	0x0d212121
2000a9d8:	0000000a 	.word	0x0000000a
2000a9dc:	61656c63 	.word	0x61656c63
2000a9e0:	0000006e 	.word	0x0000006e
2000a9e4:	20574153 	.word	0x20574153
2000a9e8:	4f525245 	.word	0x4f525245
2000a9ec:	00005352 	.word	0x00005352
2000a9f0:	53534150 	.word	0x53534150
2000a9f4:	00000000 	.word	0x00000000
2000a9f8:	4c494146 	.word	0x4c494146
2000a9fc:	00000000 	.word	0x00000000
2000aa00:	20697073 	.word	0x20697073
2000aa04:	636e6562 	.word	0x636e6562
2000aa08:	73252068 	.word	0x73252068
2000aa0c:	3a752520 	.word	0x3a752520
2000aa10:	20752520 	.word	0x20752520
2000aa14:	28207a48 	.word	0x28207a48
2000aa18:	5f6b6c63 	.word	0x5f6b6c63
2000aa1c:	69726570 	.word	0x69726570
2000aa20:	00752520 	.word	0x00752520
2000aa24:	7375202c 	.word	0x7375202c
2000aa28:	6c702062 	.word	0x6c702062
2000aa2c:	6266206c 	.word	0x6266206c
2000aa30:	20766964 	.word	0x20766964
2000aa34:	70207525 	.word	0x70207525
2000aa38:	75252064 	.word	0x75252064
2000aa3c:	00752578 	.word	0x00752578
2000aa40:	25202c29 	.word	0x25202c29
2000aa44:	72662075 	.word	0x72662075
2000aa48:	73656d61 	.word	0x73656d61
2000aa4c:	696d202c 	.word	0x696d202c
2000aa50:	6f206f73 	.word	0x6f206f73
2000aa54:	7525206b 	.word	0x7525206b
2000aa58:	64616220 	.word	0x64616220
2000aa5c:	2c752520 	.word	0x2c752520
2000aa60:	61747320 	.word	0x61747320
2000aa64:	2520656c 	.word	0x2520656c
2000aa68:	78202c75 	.word	0x78202c75
2000aa6c:	20726566 	.word	0x20726566
2000aa70:	6c696166 	.word	0x6c696166
2000aa74:	2c752520 	.word	0x2c752520
2000aa78:	66666f20 	.word	0x66666f20
2000aa7c:	20746573 	.word	0x20746573
2000aa80:	252d7525 	.word	0x252d7525
2000aa84:	666f2075 	.word	0x666f2075
2000aa88:	2c752520 	.word	0x2c752520
2000aa8c:	70736520 	.word	0x70736520
2000aa90:	2c732520 	.word	0x2c732520
2000aa94:	0d732520 	.word	0x0d732520
2000aa98:	0000000a 	.word	0x0000000a
2000aa9c:	2a2a0a0d 	.word	0x2a2a0a0d
2000aaa0:	6874202a 	.word	0x6874202a
2000aaa4:	72702065 	.word	0x72702065
2000aaa8:	6f697665 	.word	0x6f697665
2000aaac:	62207375 	.word	0x62207375
2000aab0:	20746f6f 	.word	0x20746f6f
2000aab4:	65646e65 	.word	0x65646e65
2000aab8:	6e692064 	.word	0x6e692064
2000aabc:	48206120 	.word	0x48206120
2000aac0:	20445241 	.word	0x20445241
2000aac4:	4c554146 	.word	0x4c554146
2000aac8:	6e6f2054 	.word	0x6e6f2054
2000aacc:	726f6320 	.word	0x726f6320
2000aad0:	75252065 	.word	0x75252065
2000aad4:	7263202c 	.word	0x7263202c
2000aad8:	20687361 	.word	0x20687361
2000aadc:	2a207525 	.word	0x2a207525
2000aae0:	0a0d2a2a 	.word	0x0a0d2a2a
2000aae4:	00000000 	.word	0x00000000
2000aae8:	20202020 	.word	0x20202020
2000aaec:	25206370 	.word	0x25206370
2000aaf0:	20783830 	.word	0x20783830
2000aaf4:	20726c20 	.word	0x20726c20
2000aaf8:	78383025 	.word	0x78383025
2000aafc:	73702020 	.word	0x73702020
2000ab00:	30252072 	.word	0x30252072
2000ab04:	20207838 	.word	0x20207838
2000ab08:	25207073 	.word	0x25207073
2000ab0c:	0d783830 	.word	0x0d783830
2000ab10:	0000000a 	.word	0x0000000a
2000ab14:	20202020 	.word	0x20202020
2000ab18:	25203072 	.word	0x25203072
2000ab1c:	20783830 	.word	0x20783830
2000ab20:	20317220 	.word	0x20317220
2000ab24:	78383025 	.word	0x78383025
2000ab28:	32722020 	.word	0x32722020
2000ab2c:	38302520 	.word	0x38302520
2000ab30:	72202078 	.word	0x72202078
2000ab34:	30252033 	.word	0x30252033
2000ab38:	20207838 	.word	0x20207838
2000ab3c:	20323172 	.word	0x20323172
2000ab40:	78383025 	.word	0x78383025
2000ab44:	00000a0d 	.word	0x00000a0d
2000ab48:	73616c66 	.word	0x73616c66
2000ab4c:	72662068 	.word	0x72662068
2000ab50:	73206565 	.word	0x73206565
2000ab54:	65636170 	.word	0x65636170
2000ab58:	64646120 	.word	0x64646120
2000ab5c:	30203a72 	.word	0x30203a72
2000ab60:	38302578 	.word	0x38302578
2000ab64:	660a0d78 	.word	0x660a0d78
2000ab68:	6873616c 	.word	0x6873616c
2000ab6c:	646e6520 	.word	0x646e6520
2000ab70:	64646120 	.word	0x64646120
2000ab74:	30203a72 	.word	0x30203a72
2000ab78:	38302578 	.word	0x38302578
2000ab7c:	660a0d78 	.word	0x660a0d78
2000ab80:	6873616c 	.word	0x6873616c
2000ab84:	65726620 	.word	0x65726620
2000ab88:	70732065 	.word	0x70732065
2000ab8c:	20656361 	.word	0x20656361
2000ab90:	657a6973 	.word	0x657a6973
2000ab94:	7830203a 	.word	0x7830203a
2000ab98:	78383025 	.word	0x78383025
2000ab9c:	74796220 	.word	0x74796220
2000aba0:	0a0d7365 	.word	0x0a0d7365
2000aba4:	00000000 	.word	0x00000000
2000aba8:	25765748 	.word	0x25765748
2000abac:	61702073 	.word	0x61702073
2000abb0:	74656b63 	.word	0x74656b63
2000abb4:	65732073 	.word	0x65732073
2000abb8:	6465646e 	.word	0x6465646e
2000abbc:	7830203a 	.word	0x7830203a
2000abc0:	00007825 	.word	0x00007825
2000abc4:	70203776 	.word	0x70203776
2000abc8:	41203273 	.word	0x41203273
2000abcc:	32206775 	.word	0x32206775
2000abd0:	30322032 	.word	0x30322032
2000abd4:	31203632 	.word	0x31203632
2000abd8:	35353a33 	.word	0x35353a33
2000abdc:	0031343a 	.word	0x0031343a
2000abe0:	2061746f 	.word	0x2061746f
2000abe4:	3a70616d 	.word	0x3a70616d
2000abe8:	70706120 	.word	0x70706120
2000abec:	25783020 	.word	0x25783020
2000abf0:	20783630 	.word	0x20783630
2000abf4:	646c6f67 	.word	0x646c6f67
2000abf8:	30206e65 	.word	0x30206e65
2000abfc:	36302578 	.word	0x36302578
2000ac00:	74732078 	.word	0x74732078
2000ac04:	6e696761 	.word	0x6e696761
2000ac08:	78302067 	.word	0x78302067
2000ac0c:	78363025 	.word	0x78363025
2000ac10:	74656d20 	.word	0x74656d20
2000ac14:	78302061 	.word	0x78302061
2000ac18:	78363025 	.word	0x78363025
2000ac1c:	70736520 	.word	0x70736520
2000ac20:	25783020 	.word	0x25783020
2000ac24:	20783630 	.word	0x20783630
2000ac28:	20646e65 	.word	0x20646e65
2000ac2c:	30257830 	.word	0x30257830
2000ac30:	0a0d7836 	.word	0x0a0d7836
2000ac34:	00000000 	.word	0x00000000
2000ac38:	2061746f 	.word	0x2061746f
2000ac3c:	20707061 	.word	0x20707061
2000ac40:	657a6973 	.word	0x657a6973
2000ac44:	7525203a 	.word	0x7525203a
2000ac48:	74796220 	.word	0x74796220
2000ac4c:	0a0d7365 	.word	0x0a0d7365
2000ac50:	00000000 	.word	0x00000000
2000ac54:	2061746f 	.word	0x2061746f
2000ac58:	746f6f62 	.word	0x746f6f62
2000ac5c:	65686320 	.word	0x65686320
2000ac60:	203a6b63 	.word	0x203a6b63
2000ac64:	0a0d7325 	.word	0x0a0d7325
2000ac68:	00000000 	.word	0x00000000
2000ac6c:	2061746f 	.word	0x2061746f
2000ac70:	6174656d 	.word	0x6174656d
2000ac74:	7473203a 	.word	0x7473203a
2000ac78:	20657461 	.word	0x20657461
2000ac7c:	61207525 	.word	0x61207525
2000ac80:	6d657474 	.word	0x6d657474
2000ac84:	20737470 	.word	0x20737470
2000ac88:	67207525 	.word	0x67207525
2000ac8c:	65646c6f 	.word	0x65646c6f
2000ac90:	7525206e 	.word	0x7525206e
2000ac94:	74796220 	.word	0x74796220
2000ac98:	73207365 	.word	0x73207365
2000ac9c:	69676174 	.word	0x69676174
2000aca0:	2520676e 	.word	0x2520676e
2000aca4:	79622075 	.word	0x79622075
2000aca8:	0d736574 	.word	0x0d736574
2000acac:	0000000a 	.word	0x0000000a
2000acb0:	74706163 	.word	0x74706163
2000acb4:	20657275 	.word	0x20657275
2000acb8:	4c415453 	.word	0x4c415453
2000acbc:	2044454c 	.word	0x2044454c
2000acc0:	20726f66 	.word	0x20726f66
2000acc4:	73207525 	.word	0x73207525
2000acc8:	74666120 	.word	0x74666120
2000accc:	73207265 	.word	0x73207265
2000acd0:	6e696565 	.word	0x6e696565
2000acd4:	72742067 	.word	0x72742067
2000acd8:	69666661 	.word	0x69666661
2000acdc:	72202c63 	.word	0x72202c63
2000ace0:	6f6f6265 	.word	0x6f6f6265
2000ace4:	676e6974 	.word	0x676e6974
2000ace8:	00000a0d 	.word	0x00000a0d
2000acec:	6c6c6f66 	.word	0x6c6c6f66
2000acf0:	0073776f 	.word	0x0073776f
2000acf4:	43555453 	.word	0x43555453
2000acf8:	0000004b 	.word	0x0000004b
2000acfc:	34315052 	.word	0x34315052
2000ad00:	206f7420 	.word	0x206f7420
2000ad04:	20505345 	.word	0x20505345
2000ad08:	20394f49 	.word	0x20394f49
2000ad0c:	00007325 	.word	0x00007325
2000ad10:	20505345 	.word	0x20505345
2000ad14:	20384f49 	.word	0x20384f49
2000ad18:	52206f74 	.word	0x52206f74
2000ad1c:	2c353150 	.word	0x2c353150
2000ad20:	20752520 	.word	0x20752520
2000ad24:	25206968 	.word	0x25206968
2000ad28:	6f6c2075 	.word	0x6f6c2075
2000ad2c:	00000000 	.word	0x00000000
2000ad30:	73616c66 	.word	0x73616c66
2000ad34:	454a2068 	.word	0x454a2068
2000ad38:	20434544 	.word	0x20434544
2000ad3c:	203a6469 	.word	0x203a6469
2000ad40:	78323025 	.word	0x78323025
2000ad44:	32302520 	.word	0x32302520
2000ad48:	30252078 	.word	0x30252078
2000ad4c:	0a0d7832 	.word	0x0a0d7832
2000ad50:	00000000 	.word	0x00000000
2000ad54:	73616c66 	.word	0x73616c66
2000ad58:	69732068 	.word	0x69732068
2000ad5c:	6420657a 	.word	0x6420657a
2000ad60:	63657465 	.word	0x63657465
2000ad64:	3a646574 	.word	0x3a646574
2000ad68:	4b4e5520 	.word	0x4b4e5520
2000ad6c:	4e574f4e 	.word	0x4e574f4e
2000ad70:	6163202c 	.word	0x6163202c
2000ad74:	69636170 	.word	0x69636170
2000ad78:	63207974 	.word	0x63207974
2000ad7c:	2065646f 	.word	0x2065646f
2000ad80:	30257830 	.word	0x30257830
2000ad84:	69207832 	.word	0x69207832
2000ad88:	756f2073 	.word	0x756f2073
2000ad8c:	666f2074 	.word	0x666f2074
2000ad90:	6e617220 	.word	0x6e617220
2000ad94:	0a0d6567 	.word	0x0a0d6567
2000ad98:	00000000 	.word	0x00000000
2000ad9c:	73616c66 	.word	0x73616c66
2000ada0:	69732068 	.word	0x69732068
2000ada4:	6420657a 	.word	0x6420657a
2000ada8:	63657465 	.word	0x63657465
2000adac:	3a646574 	.word	0x3a646574
2000adb0:	20752520 	.word	0x20752520
2000adb4:	65747962 	.word	0x65747962
2000adb8:	25282073 	.word	0x25282073
2000adbc:	424d2075 	.word	0x424d2075
2000adc0:	000a0d29 	.word	0x000a0d29
2000adc4:	73616c66 	.word	0x73616c66
2000adc8:	69732068 	.word	0x69732068
2000adcc:	6320657a 	.word	0x6320657a
2000add0:	69666e6f 	.word	0x69666e6f
2000add4:	65727567 	.word	0x65727567
2000add8:	25203a64 	.word	0x25203a64
2000addc:	79622075 	.word	0x79622075
2000ade0:	20736574 	.word	0x20736574
2000ade4:	20752528 	.word	0x20752528
2000ade8:	0d29424d 	.word	0x0d29424d
2000adec:	0000000a 	.word	0x0000000a
2000adf0:	4e524157 	.word	0x4e524157
2000adf4:	3a474e49 	.word	0x3a474e49
2000adf8:	616c6620 	.word	0x616c6620
2000adfc:	73206873 	.word	0x73206873
2000ae00:	20657a69 	.word	0x20657a69
2000ae04:	6d73696d 	.word	0x6d73696d
2000ae08:	68637461 	.word	0x68637461
2000ae0c:	6966202c 	.word	0x6966202c
2000ae10:	49502078 	.word	0x49502078
2000ae14:	465f4f43 	.word	0x465f4f43
2000ae18:	4853414c 	.word	0x4853414c
2000ae1c:	5a49535f 	.word	0x5a49535f
2000ae20:	59425f45 	.word	0x59425f45
2000ae24:	20534554 	.word	0x20534554
2000ae28:	43206e69 	.word	0x43206e69
2000ae2c:	656b614d 	.word	0x656b614d
2000ae30:	7473694c 	.word	0x7473694c
2000ae34:	78742e73 	.word	0x78742e73
2000ae38:	00000d74 	.word	0x00000d74
2000ae3c:	6a203355 	.word	0x6a203355
2000ae40:	63656465 	.word	0x63656465
2000ae44:	32302520 	.word	0x32302520
2000ae48:	30252078 	.word	0x30252078
2000ae4c:	25207832 	.word	0x25207832
2000ae50:	00783230 	.word	0x00783230
2000ae54:	4d207525 	.word	0x4d207525
2000ae58:	62202c42 	.word	0x62202c42
2000ae5c:	646c6975 	.word	0x646c6975
2000ae60:	6e617720 	.word	0x6e617720
2000ae64:	25207374 	.word	0x25207374
2000ae68:	424d2075 	.word	0x424d2075
2000ae6c:	00000000 	.word	0x00000000
2000ae70:	20746f6e 	.word	0x20746f6e
2000ae74:	75716572 	.word	0x75716572
2000ae78:	65747365 	.word	0x65747365
2000ae7c:	00000064 	.word	0x00000064
2000ae80:	61206b34 	.word	0x61206b34
2000ae84:	78302074 	.word	0x78302074
2000ae88:	78363025 	.word	0x78363025
2000ae8c:	7525202c 	.word	0x7525202c
2000ae90:	64616220 	.word	0x64616220
2000ae94:	00000000 	.word	0x00000000
2000ae98:	69207072 	.word	0x69207072
2000ae9c:	6567616d 	.word	0x6567616d
2000aea0:	4e4f4320 	.word	0x4e4f4320
2000aea4:	4d524946 	.word	0x4d524946
2000aea8:	68204445 	.word	0x68204445
2000aeac:	746c6165 	.word	0x746c6165
2000aeb0:	202c7968 	.word	0x202c7968
2000aeb4:	6c6c6f72 	.word	0x6c6c6f72
2000aeb8:	6b636162 	.word	0x6b636162
2000aebc:	73696420 	.word	0x73696420
2000aec0:	656d7261 	.word	0x656d7261
2000aec4:	00000d64 	.word	0x00000d64
2000aec8:	69207072 	.word	0x69207072
2000aecc:	6567616d 	.word	0x6567616d
2000aed0:	66666f20 	.word	0x66666f20
2000aed4:	64657265 	.word	0x64657265
2000aed8:	7525203a 	.word	0x7525203a
2000aedc:	74796220 	.word	0x74796220
2000aee0:	63207365 	.word	0x63207365
2000aee4:	25206372 	.word	0x25206372
2000aee8:	2c783830 	.word	0x2c783830
2000aeec:	70616320 	.word	0x70616320
2000aef0:	65727574 	.word	0x65727574
2000aef4:	53555320 	.word	0x53555320
2000aef8:	444e4550 	.word	0x444e4550
2000aefc:	0a0d4445 	.word	0x0a0d4445
2000af00:	00000000 	.word	0x00000000
2000af04:	69207072 	.word	0x69207072
2000af08:	6567616d 	.word	0x6567616d
2000af0c:	61727420 	.word	0x61727420
2000af10:	6566736e 	.word	0x6566736e
2000af14:	42412072 	.word	0x42412072
2000af18:	4554524f 	.word	0x4554524f
2000af1c:	74612044 	.word	0x74612044
2000af20:	6f6c6220 	.word	0x6f6c6220
2000af24:	25206b63 	.word	0x25206b63
2000af28:	61282075 	.word	0x61282075
2000af2c:	6d657474 	.word	0x6d657474
2000af30:	25207470 	.word	0x25207470
2000af34:	202c2975 	.word	0x202c2975
2000af38:	74706163 	.word	0x74706163
2000af3c:	20657275 	.word	0x20657275
2000af40:	55534552 	.word	0x55534552
2000af44:	0d44454d 	.word	0x0d44454d
2000af48:	0000000a 	.word	0x0000000a
2000af4c:	69207072 	.word	0x69207072
2000af50:	6567616d 	.word	0x6567616d
2000af54:	43524320 	.word	0x43524320
2000af58:	53494d20 	.word	0x53494d20
2000af5c:	4354414d 	.word	0x4354414d
2000af60:	67203a48 	.word	0x67203a48
2000af64:	2520746f 	.word	0x2520746f
2000af68:	20783830 	.word	0x20783830
2000af6c:	65707865 	.word	0x65707865
2000af70:	64657463 	.word	0x64657463
2000af74:	38302520 	.word	0x38302520
2000af78:	64202c78 	.word	0x64202c78
2000af7c:	61637369 	.word	0x61637369
2000af80:	64656472 	.word	0x64656472
2000af84:	74612820 	.word	0x74612820
2000af88:	706d6574 	.word	0x706d6574
2000af8c:	75252074 	.word	0x75252074
2000af90:	63202c29 	.word	0x63202c29
2000af94:	75747061 	.word	0x75747061
2000af98:	52206572 	.word	0x52206572
2000af9c:	4d555345 	.word	0x4d555345
2000afa0:	0a0d4445 	.word	0x0a0d4445
2000afa4:	00000000 	.word	0x00000000
2000afa8:	69207072 	.word	0x69207072
2000afac:	6567616d 	.word	0x6567616d
2000afb0:	41545320 	.word	0x41545320
2000afb4:	20444547 	.word	0x20444547
2000afb8:	203a6b6f 	.word	0x203a6b6f
2000afbc:	62207525 	.word	0x62207525
2000afc0:	73657479 	.word	0x73657479
2000afc4:	7525202c 	.word	0x7525202c
2000afc8:	6f6c6220 	.word	0x6f6c6220
2000afcc:	2c736b63 	.word	0x2c736b63
2000afd0:	63726320 	.word	0x63726320
2000afd4:	38302520 	.word	0x38302520
2000afd8:	25202c78 	.word	0x25202c78
2000afdc:	736d2075 	.word	0x736d2075
2000afe0:	6163202c 	.word	0x6163202c
2000afe4:	72757470 	.word	0x72757470
2000afe8:	45522065 	.word	0x45522065
2000afec:	454d5553 	.word	0x454d5553
2000aff0:	000a0d44 	.word	0x000a0d44
2000aff4:	63207072 	.word	0x63207072
2000aff8:	696d6d6f 	.word	0x696d6d6f
2000affc:	45522074 	.word	0x45522074
2000b000:	45535546 	.word	0x45535546
2000b004:	73203a44 	.word	0x73203a44
2000b008:	69676174 	.word	0x69676174
2000b00c:	6320676e 	.word	0x6320676e
2000b010:	64206372 	.word	0x64206372
2000b014:	2073656f 	.word	0x2073656f
2000b018:	20746f6e 	.word	0x20746f6e
2000b01c:	6374616d 	.word	0x6374616d
2000b020:	68742068 	.word	0x68742068
2000b024:	656d2065 	.word	0x656d2065
2000b028:	61646174 	.word	0x61646174
2000b02c:	000d6174 	.word	0x000d6174
2000b030:	63207072 	.word	0x63207072
2000b034:	696d6d6f 	.word	0x696d6d6f
2000b038:	45522074 	.word	0x45522074
2000b03c:	45535546 	.word	0x45535546
2000b040:	61203a44 	.word	0x61203a44
2000b044:	73207070 	.word	0x73207070
2000b048:	20657a69 	.word	0x20657a69
2000b04c:	64207525 	.word	0x64207525
2000b050:	2073656f 	.word	0x2073656f
2000b054:	20746f6e 	.word	0x20746f6e
2000b058:	20746966 	.word	0x20746966
2000b05c:	20656874 	.word	0x20656874
2000b060:	746f6c73 	.word	0x746f6c73
2000b064:	00000a0d 	.word	0x00000a0d
2000b068:	63207072 	.word	0x63207072
2000b06c:	696d6d6f 	.word	0x696d6d6f
2000b070:	62203a74 	.word	0x62203a74
2000b074:	696b6361 	.word	0x696b6361
2000b078:	7520676e 	.word	0x7520676e
2000b07c:	75252070 	.word	0x75252070
2000b080:	74796220 	.word	0x74796220
2000b084:	74207365 	.word	0x74207365
2000b088:	6f67206f 	.word	0x6f67206f
2000b08c:	6e65646c 	.word	0x6e65646c
2000b090:	6163202c 	.word	0x6163202c
2000b094:	72757470 	.word	0x72757470
2000b098:	55532065 	.word	0x55532065
2000b09c:	4e455053 	.word	0x4e455053
2000b0a0:	0d444544 	.word	0x0d444544
2000b0a4:	0000000a 	.word	0x0000000a
2000b0a8:	63207072 	.word	0x63207072
2000b0ac:	696d6d6f 	.word	0x696d6d6f
2000b0b0:	42412074 	.word	0x42412074
2000b0b4:	4554524f 	.word	0x4554524f
2000b0b8:	67203a44 	.word	0x67203a44
2000b0bc:	65646c6f 	.word	0x65646c6f
2000b0c0:	6162206e 	.word	0x6162206e
2000b0c4:	70756b63 	.word	0x70756b63
2000b0c8:	64696420 	.word	0x64696420
2000b0cc:	746f6e20 	.word	0x746f6e20
2000b0d0:	72657620 	.word	0x72657620
2000b0d4:	2c796669 	.word	0x2c796669
2000b0d8:	746f6e20 	.word	0x746f6e20
2000b0dc:	676e6968 	.word	0x676e6968
2000b0e0:	73617720 	.word	0x73617720
2000b0e4:	70706120 	.word	0x70706120
2000b0e8:	6465696c 	.word	0x6465696c
2000b0ec:	0000000d 	.word	0x0000000d
2000b0f0:	63207072 	.word	0x63207072
2000b0f4:	696d6d6f 	.word	0x696d6d6f
2000b0f8:	61203a74 	.word	0x61203a74
2000b0fc:	796c7070 	.word	0x796c7070
2000b100:	20676e69 	.word	0x20676e69
2000b104:	62207525 	.word	0x62207525
2000b108:	73657479 	.word	0x73657479
2000b10c:	65766f20 	.word	0x65766f20
2000b110:	68742072 	.word	0x68742072
2000b114:	70612065 	.word	0x70612065
2000b118:	44202c70 	.word	0x44202c70
2000b11c:	4f4e204f 	.word	0x4f4e204f
2000b120:	4f502054 	.word	0x4f502054
2000b124:	20524557 	.word	0x20524557
2000b128:	0d46464f 	.word	0x0d46464f
2000b12c:	0000000a 	.word	0x0000000a
2000b130:	63207072 	.word	0x63207072
2000b134:	696d6d6f 	.word	0x696d6d6f
2000b138:	69642074 	.word	0x69642074
2000b13c:	4f4e2064 	.word	0x4f4e2064
2000b140:	65762054 	.word	0x65762054
2000b144:	79666972 	.word	0x79666972
2000b148:	6874202c 	.word	0x6874202c
2000b14c:	656e2065 	.word	0x656e2065
2000b150:	62207478 	.word	0x62207478
2000b154:	20746f6f 	.word	0x20746f6f
2000b158:	72746572 	.word	0x72746572
2000b15c:	20736569 	.word	0x20736569
2000b160:	6d6f7266 	.word	0x6d6f7266
2000b164:	61747320 	.word	0x61747320
2000b168:	676e6967 	.word	0x676e6967
2000b16c:	0000000d 	.word	0x0000000d
2000b170:	63207072 	.word	0x63207072
2000b174:	696d6d6f 	.word	0x696d6d6f
2000b178:	6f642074 	.word	0x6f642074
2000b17c:	202c656e 	.word	0x202c656e
2000b180:	6f626572 	.word	0x6f626572
2000b184:	6e69746f 	.word	0x6e69746f
2000b188:	6e692067 	.word	0x6e692067
2000b18c:	74206f74 	.word	0x74206f74
2000b190:	6e206568 	.word	0x6e206568
2000b194:	69207765 	.word	0x69207765
2000b198:	6567616d 	.word	0x6567616d
2000b19c:	0000000d 	.word	0x0000000d
2000b1a0:	25207325 	.word	0x25207325
2000b1a4:	486b2075 	.word	0x486b2075
2000b1a8:	0000007a 	.word	0x0000007a
2000b1ac:	20656964 	.word	0x20656964
2000b1b0:	252e6425 	.word	0x252e6425
2000b1b4:	20753130 	.word	0x20753130
2000b1b8:	00000043 	.word	0x00000043
2000b1bc:	20746f6e 	.word	0x20746f6e
2000b1c0:	74746966 	.word	0x74746966
2000b1c4:	6f206465 	.word	0x6f206465
2000b1c8:	6874206e 	.word	0x6874206e
2000b1cc:	76207369 	.word	0x76207369
2000b1d0:	61697261 	.word	0x61697261
2000b1d4:	0000746e 	.word	0x0000746e
2000b1d8:	206c6c61 	.word	0x206c6c61
2000b1dc:	6c6c6f66 	.word	0x6c6c6f66
2000b1e0:	0000776f 	.word	0x0000776f
2000b1e4:	206c6c61 	.word	0x206c6c61
2000b1e8:	76697264 	.word	0x76697264
2000b1ec:	00000065 	.word	0x00000065
2000b1f0:	62206f6e 	.word	0x62206f6e
2000b1f4:	67646972 	.word	0x67646972
2000b1f8:	66207365 	.word	0x66207365
2000b1fc:	646e756f 	.word	0x646e756f
2000b200:	00000000 	.word	0x00000000
2000b204:	74207325 	.word	0x74207325
2000b208:	7325206f 	.word	0x7325206f
2000b20c:	00000000 	.word	0x00000000
2000b210:	70207525 	.word	0x70207525
2000b214:	2c736e69 	.word	0x2c736e69
2000b218:	00732520 	.word	0x00732520
2000b21c:	20544f4e 	.word	0x20544f4e
2000b220:	00007075 	.word	0x00007075
2000b224:	68203752 	.word	0x68203752
2000b228:	73646c6f 	.word	0x73646c6f
2000b22c:	20746920 	.word	0x20746920
2000b230:	00007325 	.word	0x00007325
2000b234:	6e732061 	.word	0x6e732061
2000b238:	20666669 	.word	0x20666669
2000b23c:	656e696c 	.word	0x656e696c
2000b240:	6c697720 	.word	0x6c697720
2000b244:	6f6e206c 	.word	0x6f6e206c
2000b248:	6f6d2074 	.word	0x6f6d2074
2000b24c:	00006576 	.word	0x00006576
2000b250:	68746f62 	.word	0x68746f62
2000b254:	6e696c20 	.word	0x6e696c20
2000b258:	66207365 	.word	0x66207365
2000b25c:	6f6c6c6f 	.word	0x6f6c6c6f
2000b260:	00000077 	.word	0x00000077
2000b264:	53203155 	.word	0x53203155
2000b268:	25204c45 	.word	0x25204c45
2000b26c:	454f2075 	.word	0x454f2075
2000b270:	20752520 	.word	0x20752520
2000b274:	74736572 	.word	0x74736572
2000b278:	6465726f 	.word	0x6465726f
2000b27c:	00000000 	.word	0x00000000
2000b280:	696c6176 	.word	0x696c6176
2000b284:	00000064 	.word	0x00000064
2000b288:	6e616c62 	.word	0x6e616c62
2000b28c:	726f206b 	.word	0x726f206b
2000b290:	61747320 	.word	0x61747320
2000b294:	0000656c 	.word	0x0000656c
2000b298:	666c6573 	.word	0x666c6573
2000b29c:	73657420 	.word	0x73657420
2000b2a0:	75722074 	.word	0x75722074
2000b2a4:	7525206e 	.word	0x7525206e
2000b2a8:	6163203a 	.word	0x6163203a
2000b2ac:	72757470 	.word	0x72757470
2000b2b0:	55532065 	.word	0x55532065
2000b2b4:	4e455053 	.word	0x4e455053
2000b2b8:	2c444544 	.word	0x2c444544
2000b2bc:	74706f20 	.word	0x74706f20
2000b2c0:	736e6f69 	.word	0x736e6f69
2000b2c4:	32302520 	.word	0x32302520
2000b2c8:	000a0d78 	.word	0x000a0d78
2000b2cc:	20732576 	.word	0x20732576
2000b2d0:	00007325 	.word	0x00007325
2000b2d4:	00327370 	.word	0x00327370
2000b2d8:	61727473 	.word	0x61727473
2000b2dc:	72207370 	.word	0x72207370
2000b2e0:	20646165 	.word	0x20646165
2000b2e4:	00007325 	.word	0x00007325
2000b2e8:	54203455 	.word	0x54203455
2000b2ec:	004f5843 	.word	0x004f5843
2000b2f0:	5f6b6c63 	.word	0x5f6b6c63
2000b2f4:	00737973 	.word	0x00737973
2000b2f8:	5f6b6c63 	.word	0x5f6b6c63
2000b2fc:	69726570 	.word	0x69726570
2000b300:	00000000 	.word	0x00000000
2000b304:	5f6b6c63 	.word	0x5f6b6c63
2000b308:	00627375 	.word	0x00627375
2000b30c:	5f6b6c63 	.word	0x5f6b6c63
2000b310:	00636461 	.word	0x00636461
2000b314:	63736f72 	.word	0x63736f72
2000b318:	00000000 	.word	0x00000000
2000b31c:	3244454c 	.word	0x3244454c
2000b320:	5052202c 	.word	0x5052202c
2000b324:	49504720 	.word	0x49504720
2000b328:	0036324f 	.word	0x0036324f
2000b32c:	666c6573 	.word	0x666c6573
2000b330:	73657420 	.word	0x73657420
2000b334:	6f642074 	.word	0x6f642074
2000b338:	202c656e 	.word	0x202c656e
2000b33c:	74706163 	.word	0x74706163
2000b340:	20657275 	.word	0x20657275
2000b344:	55534552 	.word	0x55534552
2000b348:	0d44454d 	.word	0x0d44454d
2000b34c:	00000000 	.word	0x00000000
2000b350:	20697073 	.word	0x20697073
2000b354:	636e6562 	.word	0x636e6562
2000b358:	74203a68 	.word	0x74203a68
2000b35c:	65206568 	.word	0x65206568
2000b360:	64207073 	.word	0x64207073
2000b364:	6e206469 	.word	0x6e206469
2000b368:	6120746f 	.word	0x6120746f
2000b36c:	6f6e6b63 	.word	0x6f6e6b63
2000b370:	64656c77 	.word	0x64656c77
2000b374:	25206567 	.word	0x25206567
2000b378:	75252073 	.word	0x75252073
2000b37c:	6967202c 	.word	0x6967202c
2000b380:	676e6976 	.word	0x676e6976
2000b384:	0d707520 	.word	0x0d707520
2000b388:	0000000a 	.word	0x0000000a
2000b38c:	20697073 	.word	0x20697073
2000b390:	636e6562 	.word	0x636e6562
2000b394:	74203a68 	.word	0x74203a68
2000b398:	65206568 	.word	0x65206568
2000b39c:	64207073 	.word	0x64207073
2000b3a0:	6e206469 	.word	0x6e206469
2000b3a4:	6120746f 	.word	0x6120746f
2000b3a8:	70656363 	.word	0x70656363
2000b3ac:	68742074 	.word	0x68742074
2000b3b0:	6f632065 	.word	0x6f632065
2000b3b4:	7269666e 	.word	0x7269666e
2000b3b8:	6974616d 	.word	0x6974616d
2000b3bc:	73206e6f 	.word	0x73206e6f
2000b3c0:	74726174 	.word	0x74726174
2000b3c4:	0000000d 	.word	0x0000000d
2000b3c8:	20697073 	.word	0x20697073
2000b3cc:	636e6562 	.word	0x636e6562
2000b3d0:	63203a68 	.word	0x63203a68
2000b3d4:	69666e6f 	.word	0x69666e6f
2000b3d8:	6e696d72 	.word	0x6e696d72
2000b3dc:	75252067 	.word	0x75252067
2000b3e0:	207a4820 	.word	0x207a4820
2000b3e4:	20726f66 	.word	0x20726f66
2000b3e8:	6d207525 	.word	0x6d207525
2000b3ec:	74202c73 	.word	0x74202c73
2000b3f0:	20736968 	.word	0x20736968
2000b3f4:	74207369 	.word	0x74207369
2000b3f8:	6e206568 	.word	0x6e206568
2000b3fc:	65626d75 	.word	0x65626d75
2000b400:	68742072 	.word	0x68742072
2000b404:	63207461 	.word	0x63207461
2000b408:	746e756f 	.word	0x746e756f
2000b40c:	000a0d73 	.word	0x000a0d73
2000b410:	20697073 	.word	0x20697073
2000b414:	636e6562 	.word	0x636e6562
2000b418:	6f632068 	.word	0x6f632068
2000b41c:	7269666e 	.word	0x7269666e
2000b420:	25203a6d 	.word	0x25203a6d
2000b424:	75252f75 	.word	0x75252f75
2000b428:	2c736d20 	.word	0x2c736d20
2000b42c:	20752520 	.word	0x20752520
2000b430:	6d617266 	.word	0x6d617266
2000b434:	202c7365 	.word	0x202c7365
2000b438:	6f73696d 	.word	0x6f73696d
2000b43c:	64616220 	.word	0x64616220
2000b440:	2c752520 	.word	0x2c752520
2000b444:	61747320 	.word	0x61747320
2000b448:	2520656c 	.word	0x2520656c
2000b44c:	78202c75 	.word	0x78202c75
2000b450:	20726566 	.word	0x20726566
2000b454:	6c696166 	.word	0x6c696166
2000b458:	2c752520 	.word	0x2c752520
2000b45c:	66666f20 	.word	0x66666f20
2000b460:	20746573 	.word	0x20746573
2000b464:	2078616d 	.word	0x2078616d
2000b468:	0a0d7525 	.word	0x0a0d7525
2000b46c:	00000000 	.word	0x00000000
2000b470:	20697073 	.word	0x20697073
2000b474:	636e6562 	.word	0x636e6562
2000b478:	74203a68 	.word	0x74203a68
2000b47c:	65206568 	.word	0x65206568
2000b480:	6e207073 	.word	0x6e207073
2000b484:	72657665 	.word	0x72657665
2000b488:	6f6f7420 	.word	0x6f6f7420
2000b48c:	6874206b 	.word	0x6874206b
2000b490:	69662065 	.word	0x69662065
2000b494:	206c616e 	.word	0x206c616e
2000b498:	666e6f63 	.word	0x666e6f63
2000b49c:	616d7269 	.word	0x616d7269
2000b4a0:	6e6f6974 	.word	0x6e6f6974
2000b4a4:	73657220 	.word	0x73657220
2000b4a8:	0d746c75 	.word	0x0d746c75
2000b4ac:	00000000 	.word	0x00000000
2000b4b0:	20697073 	.word	0x20697073
2000b4b4:	636e6562 	.word	0x636e6562
2000b4b8:	74203a68 	.word	0x74203a68
2000b4bc:	65206568 	.word	0x65206568
2000b4c0:	73207073 	.word	0x73207073
2000b4c4:	70706f74 	.word	0x70706f74
2000b4c8:	61206465 	.word	0x61206465
2000b4cc:	6f6e6b63 	.word	0x6f6e6b63
2000b4d0:	64656c77 	.word	0x64656c77
2000b4d4:	676e6967 	.word	0x676e6967
2000b4d8:	65687420 	.word	0x65687420
2000b4dc:	6e6f6320 	.word	0x6e6f6320
2000b4e0:	6d726966 	.word	0x6d726966
2000b4e4:	6f697461 	.word	0x6f697461
2000b4e8:	73202c6e 	.word	0x73202c6e
2000b4ec:	70706f74 	.word	0x70706f74
2000b4f0:	0d676e69 	.word	0x0d676e69
2000b4f4:	00000000 	.word	0x00000000
2000b4f8:	20697073 	.word	0x20697073
2000b4fc:	636e6562 	.word	0x636e6562
2000b500:	74203a68 	.word	0x74203a68
2000b504:	65206568 	.word	0x65206568
2000b508:	64207073 	.word	0x64207073
2000b50c:	70706f72 	.word	0x70706f72
2000b510:	6f206465 	.word	0x6f206465
2000b514:	6f207475 	.word	0x6f207475
2000b518:	68742066 	.word	0x68742066
2000b51c:	6f632065 	.word	0x6f632065
2000b520:	7269666e 	.word	0x7269666e
2000b524:	6974616d 	.word	0x6974616d
2000b528:	202c6e6f 	.word	0x202c6e6f
2000b52c:	706f7473 	.word	0x706f7473
2000b530:	676e6970 	.word	0x676e6970
2000b534:	0000000d 	.word	0x0000000d
2000b538:	74737953 	.word	0x74737953
2000b53c:	63206d65 	.word	0x63206d65
2000b540:	6b636f6c 	.word	0x6b636f6c
2000b544:	20666f20 	.word	0x20666f20
2000b548:	6b207525 	.word	0x6b207525
2000b54c:	63207a48 	.word	0x63207a48
2000b550:	6f6e6e61 	.word	0x6f6e6e61
2000b554:	65622074 	.word	0x65622074
2000b558:	61786520 	.word	0x61786520
2000b55c:	796c7463 	.word	0x796c7463
2000b560:	68636120 	.word	0x68636120
2000b564:	65766569 	.word	0x65766569
2000b568:	00000064 	.word	0x00000064
2000b56c:	42554f44 	.word	0x42554f44
2000b570:	2044454c 	.word	0x2044454c
2000b574:	20726f66 	.word	0x20726f66
2000b578:	73696874 	.word	0x73696874
2000b57c:	6e757220 	.word	0x6e757220
2000b580:	00000000 	.word	0x00000000
2000b584:	6c756f63 	.word	0x6c756f63
2000b588:	4f4e2064 	.word	0x4f4e2064
2000b58c:	65622054 	.word	0x65622054
2000b590:	756f6420 	.word	0x756f6420
2000b594:	64656c62 	.word	0x64656c62
2000b598:	00000000 	.word	0x00000000
2000b59c:	30332e31 	.word	0x30332e31
2000b5a0:	00005620 	.word	0x00005620
2000b5a4:	30312e31 	.word	0x30312e31
2000b5a8:	00005620 	.word	0x00005620
2000b5ac:	74726175 	.word	0x74726175
2000b5b0:	00000000 	.word	0x00000000
2000b5b4:	00697073 	.word	0x00697073
2000b5b8:	20656874 	.word	0x20656874
2000b5bc:	75716572 	.word	0x75716572
2000b5c0:	65747365 	.word	0x65747365
2000b5c4:	61722064 	.word	0x61722064
2000b5c8:	2065676e 	.word	0x2065676e
2000b5cc:	65207369 	.word	0x65207369
2000b5d0:	7974706d 	.word	0x7974706d
2000b5d4:	00000000 	.word	0x00000000
2000b5d8:	20656874 	.word	0x20656874
2000b5dc:	20707365 	.word	0x20707365
2000b5e0:	6576656e 	.word	0x6576656e
2000b5e4:	6e612072 	.word	0x6e612072
2000b5e8:	72657773 	.word	0x72657773
2000b5ec:	00006465 	.word	0x00006465
2000b5f0:	6874202c 	.word	0x6874202c
2000b5f4:	656e2065 	.word	0x656e2065
2000b5f8:	6f207478 	.word	0x6f207478
2000b5fc:	7520656e 	.word	0x7520656e
2000b600:	61662070 	.word	0x61662070
2000b604:	64656c69 	.word	0x64656c69
2000b608:	00000000 	.word	0x00000000
2000b60c:	6f6e202c 	.word	0x6f6e202c
2000b610:	6e696874 	.word	0x6e696874
2000b614:	62612067 	.word	0x62612067
2000b618:	2065766f 	.word	0x2065766f
2000b61c:	66207469 	.word	0x66207469
2000b620:	656c6961 	.word	0x656c6961
2000b624:	00000064 	.word	0x00000064
2000b628:	20697073 	.word	0x20697073
2000b62c:	636e6562 	.word	0x636e6562
2000b630:	73203a68 	.word	0x73203a68
2000b634:	65747379 	.word	0x65747379
2000b638:	6c63206d 	.word	0x6c63206d
2000b63c:	206b636f 	.word	0x206b636f
2000b640:	202c7325 	.word	0x202c7325
2000b644:	20776f6e 	.word	0x20776f6e
2000b648:	48207525 	.word	0x48207525
2000b64c:	63202c7a 	.word	0x63202c7a
2000b650:	2065726f 	.word	0x2065726f
2000b654:	0a0d7325 	.word	0x0a0d7325
2000b658:	00000000 	.word	0x00000000
2000b65c:	62207325 	.word	0x62207325
2000b660:	68636e65 	.word	0x68636e65
2000b664:	6e757220 	.word	0x6e757220
2000b668:	3a752520 	.word	0x3a752520
2000b66c:	70616320 	.word	0x70616320
2000b670:	65727574 	.word	0x65727574
2000b674:	53555320 	.word	0x53555320
2000b678:	444e4550 	.word	0x444e4550
2000b67c:	202c4445 	.word	0x202c4445
2000b680:	63207525 	.word	0x63207525
2000b684:	7372616f 	.word	0x7372616f
2000b688:	74732065 	.word	0x74732065
2000b68c:	20737065 	.word	0x20737065
2000b690:	2520666f 	.word	0x2520666f
2000b694:	736d2075 	.word	0x736d2075
2000b698:	65766f20 	.word	0x65766f20
2000b69c:	75252072 	.word	0x75252072
2000b6a0:	2075252d 	.word	0x2075252d
2000b6a4:	2c7a486b 	.word	0x2c7a486b
2000b6a8:	6e6f6320 	.word	0x6e6f6320
2000b6ac:	6d726966 	.word	0x6d726966
2000b6b0:	20752520 	.word	0x20752520
2000b6b4:	202c736d 	.word	0x202c736d
2000b6b8:	73207525 	.word	0x73207525
2000b6bc:	20706574 	.word	0x20706574
2000b6c0:	6e776f64 	.word	0x6e776f64
2000b6c4:	63202c73 	.word	0x63202c73
2000b6c8:	735f6b6c 	.word	0x735f6b6c
2000b6cc:	25207379 	.word	0x25207379
2000b6d0:	7a482075 	.word	0x7a482075
2000b6d4:	6c63202c 	.word	0x6c63202c
2000b6d8:	65705f6b 	.word	0x65705f6b
2000b6dc:	6e206972 	.word	0x6e206972
2000b6e0:	616d726f 	.word	0x616d726f
2000b6e4:	20796c6c 	.word	0x20796c6c
2000b6e8:	48207525 	.word	0x48207525
2000b6ec:	000a0d7a 	.word	0x000a0d7a
2000b6f0:	62207325 	.word	0x62207325
2000b6f4:	68636e65 	.word	0x68636e65
2000b6f8:	6f626120 	.word	0x6f626120
2000b6fc:	64657472 	.word	0x64657472
2000b700:	7325203a 	.word	0x7325203a
2000b704:	00000a0d 	.word	0x00000a0d
2000b708:	20697073 	.word	0x20697073
2000b70c:	636e6562 	.word	0x636e6562
2000b710:	52203a68 	.word	0x52203a68
2000b714:	4d555345 	.word	0x4d555345
2000b718:	20474e49 	.word	0x20474e49
2000b71c:	666e6f63 	.word	0x666e6f63
2000b720:	616d7269 	.word	0x616d7269
2000b724:	6e6f6974 	.word	0x6e6f6974
2000b728:	6f726620 	.word	0x6f726620
2000b72c:	7525206d 	.word	0x7525206d
2000b730:	207a4820 	.word	0x207a4820
2000b734:	65746661 	.word	0x65746661
2000b738:	20612072 	.word	0x20612072
2000b73c:	65736572 	.word	0x65736572
2000b740:	000a0d74 	.word	0x000a0d74
2000b744:	70657473 	.word	0x70657473
2000b748:	00000000 	.word	0x00000000
2000b74c:	62207325 	.word	0x62207325
2000b750:	68636e65 	.word	0x68636e65
2000b754:	6968203a 	.word	0x6968203a
2000b758:	73656867 	.word	0x73656867
2000b75c:	6c632074 	.word	0x6c632074
2000b760:	206e6165 	.word	0x206e6165
2000b764:	65746172 	.word	0x65746172
2000b768:	20752520 	.word	0x20752520
2000b76c:	73257a48 	.word	0x73257a48
2000b770:	00000a0d 	.word	0x00000a0d
2000b774:	69666572 	.word	0x69666572
2000b778:	0000656e 	.word	0x0000656e
2000b77c:	20697073 	.word	0x20697073
2000b780:	636e6562 	.word	0x636e6562
2000b784:	43203a68 	.word	0x43203a68
2000b788:	49464e4f 	.word	0x49464e4f
2000b78c:	44454d52 	.word	0x44454d52
2000b790:	20752520 	.word	0x20752520
2000b794:	6f207a48 	.word	0x6f207a48
2000b798:	20726576 	.word	0x20726576
2000b79c:	6d207525 	.word	0x6d207525
2000b7a0:	25202c73 	.word	0x25202c73
2000b7a4:	72662075 	.word	0x72662075
2000b7a8:	73656d61 	.word	0x73656d61
2000b7ac:	6f6e202c 	.word	0x6f6e202c
2000b7b0:	6e696874 	.word	0x6e696874
2000b7b4:	6f6c2067 	.word	0x6f6c2067
2000b7b8:	0a0d7473 	.word	0x0a0d7473
2000b7bc:	00000000 	.word	0x00000000
2000b7c0:	20697073 	.word	0x20697073
2000b7c4:	636e6562 	.word	0x636e6562
2000b7c8:	25203a68 	.word	0x25203a68
2000b7cc:	7a482075 	.word	0x7a482075
2000b7d0:	64696420 	.word	0x64696420
2000b7d4:	544f4e20 	.word	0x544f4e20
2000b7d8:	72757320 	.word	0x72757320
2000b7dc:	65766976 	.word	0x65766976
2000b7e0:	65687420 	.word	0x65687420
2000b7e4:	6e6f6320 	.word	0x6e6f6320
2000b7e8:	6d726966 	.word	0x6d726966
2000b7ec:	6f697461 	.word	0x6f697461
2000b7f0:	64202c6e 	.word	0x64202c6e
2000b7f4:	70706f72 	.word	0x70706f72
2000b7f8:	20676e69 	.word	0x20676e69
2000b7fc:	74732061 	.word	0x74732061
2000b800:	0a0d7065 	.word	0x0a0d7065
2000b804:	00000000 	.word	0x00000000
2000b808:	20697073 	.word	0x20697073
2000b80c:	636e6562 	.word	0x636e6562
2000b810:	6f642068 	.word	0x6f642068
2000b814:	202c656e 	.word	0x202c656e
2000b818:	74706163 	.word	0x74706163
2000b81c:	20657275 	.word	0x20657275
2000b820:	55534552 	.word	0x55534552
2000b824:	2c44454d 	.word	0x2c44454d
2000b828:	6b6c6320 	.word	0x6b6c6320
2000b82c:	7379735f 	.word	0x7379735f
2000b830:	20752520 	.word	0x20752520
2000b834:	202c7a48 	.word	0x202c7a48
2000b838:	5f6b6c63 	.word	0x5f6b6c63
2000b83c:	69726570 	.word	0x69726570
2000b840:	20752520 	.word	0x20752520
2000b844:	202c7a48 	.word	0x202c7a48
2000b848:	20697073 	.word	0x20697073
2000b84c:	48207525 	.word	0x48207525
2000b850:	000a0d7a 	.word	0x000a0d7a
2000b854:	00005055 	.word	0x00005055
2000b858:	4e574f44 	.word	0x4e574f44
2000b85c:	00000000 	.word	0x00000000
2000b860:	73652820 	.word	0x73652820
2000b864:	69732070 	.word	0x69732070
2000b868:	746e656c 	.word	0x746e656c
2000b86c:	6f6e202c 	.word	0x6f6e202c
2000b870:	72642074 	.word	0x72642074
2000b874:	6e697669 	.word	0x6e697669
2000b878:	696d2067 	.word	0x696d2067
2000b87c:	79206f73 	.word	0x79206f73
2000b880:	00297465 	.word	0x00297465
2000b884:	20707365 	.word	0x20707365
2000b888:	69666977 	.word	0x69666977
2000b88c:	2c732520 	.word	0x2c732520
2000b890:	64646120 	.word	0x64646120
2000b894:	73736572 	.word	0x73736572
2000b898:	2e752520 	.word	0x2e752520
2000b89c:	252e7525 	.word	0x252e7525
2000b8a0:	75252e75 	.word	0x75252e75
2000b8a4:	00000a0d 	.word	0x00000a0d
2000b8a8:	20707365 	.word	0x20707365
2000b8ac:	6b6e696c 	.word	0x6b6e696c
2000b8b0:	2c732520 	.word	0x2c732520
2000b8b4:	70736520 	.word	0x70736520
2000b8b8:	20776620 	.word	0x20776620
2000b8bc:	2c752576 	.word	0x2c752576
2000b8c0:	6c6f7020 	.word	0x6c6f7020
2000b8c4:	6f20736c 	.word	0x6f20736c
2000b8c8:	7525206b 	.word	0x7525206b
2000b8cc:	69616620 	.word	0x69616620
2000b8d0:	2064656c 	.word	0x2064656c
2000b8d4:	0a0d7525 	.word	0x0a0d7525
2000b8d8:	00000000 	.word	0x00000000
2000b8dc:	20707365 	.word	0x20707365
2000b8e0:	6c6c6f70 	.word	0x6c6c6f70
2000b8e4:	6b6f2073 	.word	0x6b6f2073
2000b8e8:	20752520 	.word	0x20752520
2000b8ec:	6c696166 	.word	0x6c696166
2000b8f0:	25206465 	.word	0x25206465
2000b8f4:	74282075 	.word	0x74282075
2000b8f8:	6f656d69 	.word	0x6f656d69
2000b8fc:	25207475 	.word	0x25207475
2000b900:	61622075 	.word	0x61622075
2000b904:	61726664 	.word	0x61726664
2000b908:	2520656d 	.word	0x2520656d
2000b90c:	202c2975 	.word	0x202c2975
2000b910:	6d617266 	.word	0x6d617266
2000b914:	666f2065 	.word	0x666f2065
2000b918:	74657366 	.word	0x74657366
2000b91c:	20752520 	.word	0x20752520
2000b920:	6e696d28 	.word	0x6e696d28
2000b924:	20752520 	.word	0x20752520
2000b928:	2078616d 	.word	0x2078616d
2000b92c:	6f207525 	.word	0x6f207525
2000b930:	75252066 	.word	0x75252066
2000b934:	75202c29 	.word	0x75202c29
2000b938:	6d697470 	.word	0x6d697470
2000b93c:	75252065 	.word	0x75252065
2000b940:	0d736d20 	.word	0x0d736d20
2000b944:	0000000a 	.word	0x0000000a
2000b948:	7473616c 	.word	0x7473616c
2000b94c:	64616220 	.word	0x64616220
2000b950:	61726620 	.word	0x61726620
2000b954:	203a656d 	.word	0x203a656d
2000b958:	78323025 	.word	0x78323025
2000b95c:	32302520 	.word	0x32302520
2000b960:	30252078 	.word	0x30252078
2000b964:	25207832 	.word	0x25207832
2000b968:	20783230 	.word	0x20783230
2000b96c:	78323025 	.word	0x78323025
2000b970:	32302520 	.word	0x32302520
2000b974:	30252078 	.word	0x30252078
2000b978:	25207832 	.word	0x25207832
2000b97c:	20783230 	.word	0x20783230
2000b980:	78323025 	.word	0x78323025
2000b984:	32302520 	.word	0x32302520
2000b988:	30252078 	.word	0x30252078
2000b98c:	25207832 	.word	0x25207832
2000b990:	20783230 	.word	0x20783230
2000b994:	78323025 	.word	0x78323025
2000b998:	32302520 	.word	0x32302520
2000b99c:	30252078 	.word	0x30252078
2000b9a0:	25207832 	.word	0x25207832
2000b9a4:	20783230 	.word	0x20783230
2000b9a8:	202e2e2e 	.word	0x202e2e2e
2000b9ac:	6c696174 	.word	0x6c696174
2000b9b0:	32302520 	.word	0x32302520
2000b9b4:	0d732578 	.word	0x0d732578
2000b9b8:	0000000a 	.word	0x0000000a
2000b9bc:	20626577 	.word	0x20626577
2000b9c0:	75716572 	.word	0x75716572
2000b9c4:	65747365 	.word	0x65747365
2000b9c8:	20612064 	.word	0x20612064
2000b9cc:	65736572 	.word	0x65736572
2000b9d0:	72202c74 	.word	0x72202c74
2000b9d4:	6f6f6265 	.word	0x6f6f6265
2000b9d8:	676e6974 	.word	0x676e6974
2000b9dc:	65687420 	.word	0x65687420
2000b9e0:	20505220 	.word	0x20505220
2000b9e4:	69687428 	.word	0x69687428
2000b9e8:	65722073 	.word	0x65722073
2000b9ec:	73746573 	.word	0x73746573
2000b9f0:	65687420 	.word	0x65687420
2000b9f4:	50534520 	.word	0x50534520
2000b9f8:	6f6f7420 	.word	0x6f6f7420
2000b9fc:	00000d29 	.word	0x00000d29
2000ba00:	20505345 	.word	0x20505345
2000ba04:	76616c73 	.word	0x76616c73
2000ba08:	6f6e2065 	.word	0x6f6e2065
2000ba0c:	65722074 	.word	0x65722074
2000ba10:	20796461 	.word	0x20796461
2000ba14:	2e746579 	.word	0x2e746579
2000ba18:	25202e2e 	.word	0x25202e2e
2000ba1c:	000a0d64 	.word	0x000a0d64
2000ba20:	20207325 	.word	0x20207325
2000ba24:	000a0d20 	.word	0x000a0d20
2000ba28:	61770a0d 	.word	0x61770a0d
2000ba2c:	6e697469 	.word	0x6e697469
2000ba30:	30352067 	.word	0x30352067
2000ba34:	63657320 	.word	0x63657320
2000ba38:	2e2e2e73 	.word	0x2e2e2e73
2000ba3c:	00000a0d 	.word	0x00000a0d
2000ba40:	00003030 	.word	0x00003030
2000ba44:	64726148 	.word	0x64726148
2000ba48:	65726177 	.word	0x65726177
2000ba4c:	72657620 	.word	0x72657620
2000ba50:	6e6f6973 	.word	0x6e6f6973
2000ba54:	3030203a 	.word	0x3030203a
2000ba58:	00000000 	.word	0x00000000
2000ba5c:	00003130 	.word	0x00003130
2000ba60:	64726148 	.word	0x64726148
2000ba64:	65726177 	.word	0x65726177
2000ba68:	72657620 	.word	0x72657620
2000ba6c:	6e6f6973 	.word	0x6e6f6973
2000ba70:	3130203a 	.word	0x3130203a
2000ba74:	00000000 	.word	0x00000000
2000ba78:	00003031 	.word	0x00003031
2000ba7c:	64726148 	.word	0x64726148
2000ba80:	65726177 	.word	0x65726177
2000ba84:	72657620 	.word	0x72657620
2000ba88:	6e6f6973 	.word	0x6e6f6973
2000ba8c:	3031203a 	.word	0x3031203a
2000ba90:	00000000 	.word	0x00000000
2000ba94:	00003131 	.word	0x00003131
2000ba98:	64726148 	.word	0x64726148
2000ba9c:	65726177 	.word	0x65726177
2000baa0:	72657620 	.word	0x72657620
2000baa4:	6e6f6973 	.word	0x6e6f6973
2000baa8:	3131203a 	.word	0x3131203a
2000baac:	00000000 	.word	0x00000000
2000bab0:	00004646 	.word	0x00004646
2000bab4:	64726148 	.word	0x64726148
2000bab8:	65726177 	.word	0x65726177
2000babc:	72657620 	.word	0x72657620
2000bac0:	6e6f6973 	.word	0x6e6f6973
2000bac4:	4646203a 	.word	0x4646203a
2000bac8:	6f622820 	.word	0x6f622820
2000bacc:	66206874 	.word	0x66206874
2000bad0:	74616f6c 	.word	0x74616f6c
2000bad4:	29676e69 	.word	0x29676e69
2000bad8:	00000000 	.word	0x00000000
2000badc:	00004630 	.word	0x00004630
2000bae0:	64726148 	.word	0x64726148
2000bae4:	65726177 	.word	0x65726177
2000bae8:	72657620 	.word	0x72657620
2000baec:	6e6f6973 	.word	0x6e6f6973
2000baf0:	4630203a 	.word	0x4630203a
2000baf4:	20412820 	.word	0x20412820
2000baf8:	2c776f6c 	.word	0x2c776f6c
2000bafc:	66204220 	.word	0x66204220
2000bb00:	74616f6c 	.word	0x74616f6c
2000bb04:	29676e69 	.word	0x29676e69
2000bb08:	00000000 	.word	0x00000000
2000bb0c:	00004631 	.word	0x00004631
2000bb10:	64726148 	.word	0x64726148
2000bb14:	65726177 	.word	0x65726177
2000bb18:	72657620 	.word	0x72657620
2000bb1c:	6e6f6973 	.word	0x6e6f6973
2000bb20:	4631203a 	.word	0x4631203a
2000bb24:	20412820 	.word	0x20412820
2000bb28:	68676968 	.word	0x68676968
2000bb2c:	2042202c 	.word	0x2042202c
2000bb30:	616f6c66 	.word	0x616f6c66
2000bb34:	676e6974 	.word	0x676e6974
2000bb38:	00000029 	.word	0x00000029
2000bb3c:	00003046 	.word	0x00003046
2000bb40:	64726148 	.word	0x64726148
2000bb44:	65726177 	.word	0x65726177
2000bb48:	72657620 	.word	0x72657620
2000bb4c:	6e6f6973 	.word	0x6e6f6973
2000bb50:	3046203a 	.word	0x3046203a
2000bb54:	20412820 	.word	0x20412820
2000bb58:	616f6c66 	.word	0x616f6c66
2000bb5c:	676e6974 	.word	0x676e6974
2000bb60:	2042202c 	.word	0x2042202c
2000bb64:	29776f6c 	.word	0x29776f6c
2000bb68:	00000000 	.word	0x00000000
2000bb6c:	00003146 	.word	0x00003146
2000bb70:	64726148 	.word	0x64726148
2000bb74:	65726177 	.word	0x65726177
2000bb78:	72657620 	.word	0x72657620
2000bb7c:	6e6f6973 	.word	0x6e6f6973
2000bb80:	3146203a 	.word	0x3146203a
2000bb84:	20412820 	.word	0x20412820
2000bb88:	616f6c66 	.word	0x616f6c66
2000bb8c:	676e6974 	.word	0x676e6974
2000bb90:	2042202c 	.word	0x2042202c
2000bb94:	68676968 	.word	0x68676968
2000bb98:	00000029 	.word	0x00000029
2000bb9c:	00004b55 	.word	0x00004b55
2000bba0:	64726148 	.word	0x64726148
2000bba4:	65726177 	.word	0x65726177
2000bba8:	72657620 	.word	0x72657620
2000bbac:	6e6f6973 	.word	0x6e6f6973
2000bbb0:	6e55203a 	.word	0x6e55203a
2000bbb4:	776f6e6b 	.word	0x776f6e6b
2000bbb8:	0000006e 	.word	0x0000006e
2000bbbc:	6d726946 	.word	0x6d726946
2000bbc0:	65726177 	.word	0x65726177
2000bbc4:	72657620 	.word	0x72657620
2000bbc8:	6e6f6973 	.word	0x6e6f6973
2000bbcc:	2576203a 	.word	0x2576203a
2000bbd0:	000a0d73 	.word	0x000a0d73
2000bbd4:	2a2a0a0d 	.word	0x2a2a0a0d
2000bbd8:	4148202a 	.word	0x4148202a
2000bbdc:	46204452 	.word	0x46204452
2000bbe0:	544c5541 	.word	0x544c5541
2000bbe4:	206e6f20 	.word	0x206e6f20
2000bbe8:	65726f63 	.word	0x65726f63
2000bbec:	00000020 	.word	0x00000020
2000bbf0:	2a2a2a20 	.word	0x2a2a2a20
2000bbf4:	00000a0d 	.word	0x00000a0d
2000bbf8:	63702020 	.word	0x63702020
2000bbfc:	00002020 	.word	0x00002020
2000bc00:	726c2020 	.word	0x726c2020
2000bc04:	00002020 	.word	0x00002020
2000bc08:	73702020 	.word	0x73702020
2000bc0c:	00002072 	.word	0x00002072
2000bc10:	70732020 	.word	0x70732020
2000bc14:	00002020 	.word	0x00002020
2000bc18:	6f626572 	.word	0x6f626572
2000bc1c:	6e69746f 	.word	0x6e69746f
2000bc20:	000a0d67 	.word	0x000a0d67
2000bc24:	353a3331 	.word	0x353a3331
2000bc28:	31343a35 	.word	0x31343a35
2000bc2c:	00000000 	.word	0x00000000
2000bc30:	20677541 	.word	0x20677541
2000bc34:	32203232 	.word	0x32203232
2000bc38:	00363230 	.word	0x00363230
2000bc3c:	6b6f0a0d 	.word	0x6b6f0a0d
2000bc40:	50206968 	.word	0x50206968
2000bc44:	73203253 	.word	0x73203253
2000bc48:	74726174 	.word	0x74726174
2000bc4c:	20216465 	.word	0x20216465
2000bc50:	64726148 	.word	0x64726148
2000bc54:	65726177 	.word	0x65726177
2000bc58:	73257620 	.word	0x73257620
2000bc5c:	75420a0d 	.word	0x75420a0d
2000bc60:	20646c69 	.word	0x20646c69
2000bc64:	65746144 	.word	0x65746144
2000bc68:	20732520 	.word	0x20732520
2000bc6c:	0a0d7325 	.word	0x0a0d7325
2000bc70:	00000000 	.word	0x00000000
2000bc74:	20495053 	.word	0x20495053
2000bc78:	65646f4d 	.word	0x65646f4d
2000bc7c:	203a3020 	.word	0x203a3020
2000bc80:	66322e25 	.word	0x66322e25
2000bc84:	7a484d20 	.word	0x7a484d20
2000bc88:	64252820 	.word	0x64252820
2000bc8c:	000a0d29 	.word	0x000a0d29
2000bc90:	5f4b4c43 	.word	0x5f4b4c43
2000bc94:	4f495047 	.word	0x4f495047
2000bc98:	6425203a 	.word	0x6425203a
2000bc9c:	00000a0d 	.word	0x00000a0d
2000bca0:	5f544144 	.word	0x5f544144
2000bca4:	4f495047 	.word	0x4f495047
2000bca8:	6425203a 	.word	0x6425203a
2000bcac:	00000a0d 	.word	0x00000a0d
2000bcb0:	5f504d4a 	.word	0x5f504d4a
2000bcb4:	20585541 	.word	0x20585541
2000bcb8:	3a483244 	.word	0x3a483244
2000bcbc:	0d642520 	.word	0x0d642520
2000bcc0:	0000000a 	.word	0x0000000a
2000bcc4:	5f504d4a 	.word	0x5f504d4a
2000bcc8:	20585541 	.word	0x20585541
2000bccc:	3a443248 	.word	0x3a443248
2000bcd0:	0d642520 	.word	0x0d642520
2000bcd4:	0000000a 	.word	0x0000000a
2000bcd8:	303a6325 	.word	0x303a6325
2000bcdc:	32302578 	.word	0x32302578
2000bce0:	3a742058 	.word	0x3a742058
2000bce4:	30257830 	.word	0x30257830
2000bce8:	3b205838 	.word	0x3b205838
2000bcec:	00000020 	.word	0x00000020
2000bcf0:	20746f6e 	.word	0x20746f6e
2000bcf4:	006e7572 	.word	0x006e7572
2000bcf8:	2050414d 	.word	0x2050414d
2000bcfc:	53454f44 	.word	0x53454f44
2000bd00:	544f4e20 	.word	0x544f4e20
2000bd04:	54494620 	.word	0x54494620
2000bd08:	45485420 	.word	0x45485420
2000bd0c:	54454420 	.word	0x54454420
2000bd10:	45544345 	.word	0x45544345
2000bd14:	4c462044 	.word	0x4c462044
2000bd18:	00485341 	.word	0x00485341
2000bd1c:	6d206f6e 	.word	0x6d206f6e
2000bd20:	64617465 	.word	0x64617465
2000bd24:	20617461 	.word	0x20617461
2000bd28:	2c746579 	.word	0x2c746579
2000bd2c:	72696620 	.word	0x72696620
2000bd30:	62207473 	.word	0x62207473
2000bd34:	00746f6f 	.word	0x00746f6f
2000bd38:	656c6469 	.word	0x656c6469
2000bd3c:	6f6e202c 	.word	0x6f6e202c
2000bd40:	6e696874 	.word	0x6e696874
2000bd44:	65702067 	.word	0x65702067
2000bd48:	6e69646e 	.word	0x6e69646e
2000bd4c:	00000067 	.word	0x00000067
2000bd50:	646c6f67 	.word	0x646c6f67
2000bd54:	72206e65 	.word	0x72206e65
2000bd58:	6f747365 	.word	0x6f747365
2000bd5c:	2c646572 	.word	0x2c646572
2000bd60:	62657220 	.word	0x62657220
2000bd64:	69746f6f 	.word	0x69746f6f
2000bd68:	0000676e 	.word	0x0000676e
2000bd6c:	646c6f67 	.word	0x646c6f67
2000bd70:	75206e65 	.word	0x75206e65
2000bd74:	6173756e 	.word	0x6173756e
2000bd78:	2c656c62 	.word	0x2c656c62
2000bd7c:	61747320 	.word	0x61747320
2000bd80:	676e6979 	.word	0x676e6979
2000bd84:	206e6f20 	.word	0x206e6f20
2000bd88:	20656874 	.word	0x20656874
2000bd8c:	72727563 	.word	0x72727563
2000bd90:	20746e65 	.word	0x20746e65
2000bd94:	00707061 	.word	0x00707061
2000bd98:	6d6d6f63 	.word	0x6d6d6f63
2000bd9c:	65747469 	.word	0x65747469
2000bda0:	6d692064 	.word	0x6d692064
2000bda4:	20656761 	.word	0x20656761
2000bda8:	74206e6f 	.word	0x74206e6f
2000bdac:	6c616972 	.word	0x6c616972
2000bdb0:	00000000 	.word	0x00000000
2000bdb4:	65746e69 	.word	0x65746e69
2000bdb8:	70757272 	.word	0x70757272
2000bdbc:	20646574 	.word	0x20646574
2000bdc0:	6d6d6f63 	.word	0x6d6d6f63
2000bdc4:	72207469 	.word	0x72207469
2000bdc8:	70706165 	.word	0x70706165
2000bdcc:	6465696c 	.word	0x6465696c
2000bdd0:	6f726620 	.word	0x6f726620
2000bdd4:	7473206d 	.word	0x7473206d
2000bdd8:	6e696761 	.word	0x6e696761
2000bddc:	72202c67 	.word	0x72202c67
2000bde0:	6f6f6265 	.word	0x6f6f6265
2000bde4:	676e6974 	.word	0x676e6974
2000bde8:	00000000 	.word	0x00000000
2000bdec:	65746e69 	.word	0x65746e69
2000bdf0:	70757272 	.word	0x70757272
2000bdf4:	20646574 	.word	0x20646574
2000bdf8:	6d6d6f63 	.word	0x6d6d6f63
2000bdfc:	63207469 	.word	0x63207469
2000be00:	646c756f 	.word	0x646c756f
2000be04:	746f6e20 	.word	0x746f6e20
2000be08:	20656220 	.word	0x20656220
2000be0c:	70616572 	.word	0x70616572
2000be10:	65696c70 	.word	0x65696c70
2000be14:	72202c64 	.word	0x72202c64
2000be18:	696c6c6f 	.word	0x696c6c6f
2000be1c:	6220676e 	.word	0x6220676e
2000be20:	006b6361 	.word	0x006b6361
2000be24:	444c4f47 	.word	0x444c4f47
2000be28:	52204e45 	.word	0x52204e45
2000be2c:	4f545345 	.word	0x4f545345
2000be30:	44204552 	.word	0x44204552
2000be34:	4e204449 	.word	0x4e204449
2000be38:	5620544f 	.word	0x5620544f
2000be3c:	46495245 	.word	0x46495245
2000be40:	77202c59 	.word	0x77202c59
2000be44:	206c6c69 	.word	0x206c6c69
2000be48:	72746572 	.word	0x72746572
2000be4c:	6e6f2079 	.word	0x6e6f2079
2000be50:	78656e20 	.word	0x78656e20
2000be54:	6f622074 	.word	0x6f622074
2000be58:	0000746f 	.word	0x0000746f
2000be5c:	65636361 	.word	0x65636361
2000be60:	70207373 	.word	0x70207373
2000be64:	746e696f 	.word	0x746e696f
2000be68:	00000000 	.word	0x00000000
2000be6c:	65696c63 	.word	0x65696c63
2000be70:	0000746e 	.word	0x0000746e
2000be74:	6e696f6a 	.word	0x6e696f6a
2000be78:	00676e69 	.word	0x00676e69
2000be7c:	45535355 	.word	0x45535355
2000be80:	0000004c 	.word	0x0000004c
2000be84:	454f5355 	.word	0x454f5355
2000be88:	00000000 	.word	0x00000000
2000be8c:	66696e73 	.word	0x66696e73
2000be90:	2b442066 	.word	0x2b442066
2000be94:	5441442f 	.word	0x5441442f
2000be98:	00000000 	.word	0x00000000
2000be9c:	66696e73 	.word	0x66696e73
2000bea0:	2d442066 	.word	0x2d442066
2000bea4:	4b4c432f 	.word	0x4b4c432f
2000bea8:	00000000 	.word	0x00000000
2000beac:	4f495047 	.word	0x4f495047
2000beb0:	00000030 	.word	0x00000030
2000beb4:	4f495047 	.word	0x4f495047
2000beb8:	00000031 	.word	0x00000031
2000bebc:	4f495047 	.word	0x4f495047
2000bec0:	00000032 	.word	0x00000032
2000bec4:	4f495047 	.word	0x4f495047
2000bec8:	00000033 	.word	0x00000033
2000becc:	4f495047 	.word	0x4f495047
2000bed0:	00000036 	.word	0x00000036
2000bed4:	4f495047 	.word	0x4f495047
2000bed8:	00000037 	.word	0x00000037
2000bedc:	4f495047 	.word	0x4f495047
2000bee0:	00003831 	.word	0x00003831
2000bee4:	20495053 	.word	0x20495053
2000bee8:	00005343 	.word	0x00005343
2000beec:	4f4f4245 	.word	0x4f4f4245
2000bef0:	00000054 	.word	0x00000054
2000bef4:	3244454c 	.word	0x3244454c
2000bef8:	00000000 	.word	0x00000000
2000befc:	4e4b4e55 	.word	0x4e4b4e55
2000bf00:	004e574f 	.word	0x004e574f
2000bf04:	616e6521 	.word	0x616e6521
2000bf08:	64656c62 	.word	0x64656c62
2000bf0c:	207c7c20 	.word	0x207c7c20
2000bf10:	5f717269 	.word	0x5f717269
2000bf14:	5f736168 	.word	0x5f736168
2000bf18:	646e6168 	.word	0x646e6168
2000bf1c:	2872656c 	.word	0x2872656c
2000bf20:	495f4f49 	.word	0x495f4f49
2000bf24:	425f5152 	.word	0x425f5152
2000bf28:	304b4e41 	.word	0x304b4e41
2000bf2c:	00000029 	.word	0x00000029
2000bf30:	552f3a43 	.word	0x552f3a43
2000bf34:	73726573 	.word	0x73726573
2000bf38:	6765722f 	.word	0x6765722f
2000bf3c:	2e2f6575 	.word	0x2e2f6575
2000bf40:	6f636970 	.word	0x6f636970
2000bf44:	6b64732d 	.word	0x6b64732d
2000bf48:	6b64732f 	.word	0x6b64732f
2000bf4c:	332e322f 	.word	0x332e322f
2000bf50:	732f302e 	.word	0x732f302e
2000bf54:	722f6372 	.word	0x722f6372
2000bf58:	635f3270 	.word	0x635f3270
2000bf5c:	6f6d6d6f 	.word	0x6f6d6d6f
2000bf60:	61682f6e 	.word	0x61682f6e
2000bf64:	61776472 	.word	0x61776472
2000bf68:	675f6572 	.word	0x675f6572
2000bf6c:	2f6f6970 	.word	0x2f6f6970
2000bf70:	6f697067 	.word	0x6f697067
2000bf74:	0000632e 	.word	0x0000632e
2000bf78:	2a2a2a0a 	.word	0x2a2a2a0a
2000bf7c:	4e415020 	.word	0x4e415020
2000bf80:	2a204349 	.word	0x2a204349
2000bf84:	000a2a2a 	.word	0x000a2a2a
2000bf88:	695f7768 	.word	0x695f7768
2000bf8c:	6c635f73 	.word	0x6c635f73
2000bf90:	656d6961 	.word	0x656d6961
2000bf94:	69622864 	.word	0x69622864
2000bf98:	202c7374 	.word	0x202c7374
2000bf9c:	5f746962 	.word	0x5f746962
2000bfa0:	65646e69 	.word	0x65646e69
2000bfa4:	00002978 	.word	0x00002978
2000bfa8:	552f3a43 	.word	0x552f3a43
2000bfac:	73726573 	.word	0x73726573
2000bfb0:	6765722f 	.word	0x6765722f
2000bfb4:	2e2f6575 	.word	0x2e2f6575
2000bfb8:	6f636970 	.word	0x6f636970
2000bfbc:	6b64732d 	.word	0x6b64732d
2000bfc0:	6b64732f 	.word	0x6b64732f
2000bfc4:	332e322f 	.word	0x332e322f
2000bfc8:	732f302e 	.word	0x732f302e
2000bfcc:	632f6372 	.word	0x632f6372
2000bfd0:	6f6d6d6f 	.word	0x6f6d6d6f
2000bfd4:	61682f6e 	.word	0x61682f6e
2000bfd8:	61776472 	.word	0x61776472
2000bfdc:	635f6572 	.word	0x635f6572
2000bfe0:	6d69616c 	.word	0x6d69616c
2000bfe4:	616c632f 	.word	0x616c632f
2000bfe8:	632e6d69 	.word	0x632e6d69
2000bfec:	00000000 	.word	0x00000000
2000bff0:	63317830 	.word	0x63317830
2000bff4:	203d3d20 	.word	0x203d3d20
2000bff8:	6e692a28 	.word	0x6e692a28
2000bffc:	3e297473 	.word	0x3e297473
2000c000:	7531313e 	.word	0x7531313e
2000c004:	00000000 	.word	0x00000000
2000c008:	552f3a43 	.word	0x552f3a43
2000c00c:	73726573 	.word	0x73726573
2000c010:	6765722f 	.word	0x6765722f
2000c014:	2e2f6575 	.word	0x2e2f6575
2000c018:	6f636970 	.word	0x6f636970
2000c01c:	6b64732d 	.word	0x6b64732d
2000c020:	6b64732f 	.word	0x6b64732f
2000c024:	332e322f 	.word	0x332e322f
2000c028:	732f302e 	.word	0x732f302e
2000c02c:	722f6372 	.word	0x722f6372
2000c030:	635f3270 	.word	0x635f3270
2000c034:	6f6d6d6f 	.word	0x6f6d6d6f
2000c038:	61682f6e 	.word	0x61682f6e
2000c03c:	61776472 	.word	0x61776472
2000c040:	695f6572 	.word	0x695f6572
2000c044:	692f7172 	.word	0x692f7172
2000c048:	632e7172 	.word	0x632e7172
2000c04c:	00000000 	.word	0x00000000
2000c050:	746c6564 	.word	0x746c6564
2000c054:	3d3e2061 	.word	0x3d3e2061
2000c058:	30322d20 	.word	0x30322d20
2000c05c:	26203834 	.word	0x26203834
2000c060:	65642026 	.word	0x65642026
2000c064:	2061746c 	.word	0x2061746c
2000c068:	32203d3c 	.word	0x32203d3c
2000c06c:	20363430 	.word	0x20363430
2000c070:	21202626 	.word	0x21202626
2000c074:	6c656428 	.word	0x6c656428
2000c078:	26206174 	.word	0x26206174
2000c07c:	00293120 	.word	0x00293120
2000c080:	65642821 	.word	0x65642821
2000c084:	2061746c 	.word	0x2061746c
2000c088:	31203e3e 	.word	0x31203e3e
2000c08c:	00297531 	.word	0x00297531
2000c090:	72727563 	.word	0x72727563
2000c094:	20746e65 	.word	0x20746e65
2000c098:	5f203d3d 	.word	0x5f203d3d
2000c09c:	686e755f 	.word	0x686e755f
2000c0a0:	6c646e61 	.word	0x6c646e61
2000c0a4:	755f6465 	.word	0x755f6465
2000c0a8:	5f726573 	.word	0x5f726573
2000c0ac:	20717269 	.word	0x20717269
2000c0b0:	63207c7c 	.word	0x63207c7c
2000c0b4:	65727275 	.word	0x65727275
2000c0b8:	3d20746e 	.word	0x3d20746e
2000c0bc:	6168203d 	.word	0x6168203d
2000c0c0:	656c646e 	.word	0x656c646e
2000c0c4:	00000072 	.word	0x00000072
2000c0c8:	5f717269 	.word	0x5f717269
2000c0cc:	646e6168 	.word	0x646e6168
2000c0d0:	5f72656c 	.word	0x5f72656c
2000c0d4:	69616863 	.word	0x69616863
2000c0d8:	72665f6e 	.word	0x72665f6e
2000c0dc:	735f6565 	.word	0x735f6565
2000c0e0:	5f746f6c 	.word	0x5f746f6c
2000c0e4:	64616568 	.word	0x64616568
2000c0e8:	203d3e20 	.word	0x203d3e20
2000c0ec:	00000030 	.word	0x00000030
2000c0f0:	62617476 	.word	0x62617476
2000c0f4:	685f656c 	.word	0x685f656c
2000c0f8:	6c646e61 	.word	0x6c646e61
2000c0fc:	3d207265 	.word	0x3d207265
2000c100:	5f5f203d 	.word	0x5f5f203d
2000c104:	61686e75 	.word	0x61686e75
2000c108:	656c646e 	.word	0x656c646e
2000c10c:	73755f64 	.word	0x73755f64
2000c110:	695f7265 	.word	0x695f7265
2000c114:	00007172 	.word	0x00007172
2000c118:	28282821 	.word	0x28282821
2000c11c:	6e697528 	.word	0x6e697528
2000c120:	72747074 	.word	0x72747074
2000c124:	7229745f 	.word	0x7229745f
2000c128:	766f6d65 	.word	0x766f6d65
2000c12c:	68745f65 	.word	0x68745f65
2000c130:	5f626d75 	.word	0x5f626d75
2000c134:	28746962 	.word	0x28746962
2000c138:	62617476 	.word	0x62617476
2000c13c:	685f656c 	.word	0x685f656c
2000c140:	6c646e61 	.word	0x6c646e61
2000c144:	29297265 	.word	0x29297265
2000c148:	28202d20 	.word	0x28202d20
2000c14c:	6e697528 	.word	0x6e697528
2000c150:	72747074 	.word	0x72747074
2000c154:	6929745f 	.word	0x6929745f
2000c158:	685f7172 	.word	0x685f7172
2000c15c:	6c646e61 	.word	0x6c646e61
2000c160:	635f7265 	.word	0x635f7265
2000c164:	6e696168 	.word	0x6e696168
2000c168:	6f6c735f 	.word	0x6f6c735f
2000c16c:	29297374 	.word	0x29297374
2000c170:	73202520 	.word	0x73202520
2000c174:	6f657a69 	.word	0x6f657a69
2000c178:	74732866 	.word	0x74732866
2000c17c:	74637572 	.word	0x74637572
2000c180:	71726920 	.word	0x71726920
2000c184:	6e61685f 	.word	0x6e61685f
2000c188:	72656c64 	.word	0x72656c64
2000c18c:	6168635f 	.word	0x6168635f
2000c190:	735f6e69 	.word	0x735f6e69
2000c194:	29746f6c 	.word	0x29746f6c
2000c198:	00000029 	.word	0x00000029
2000c19c:	63786521 	.word	0x63786521
2000c1a0:	69747065 	.word	0x69747065
2000c1a4:	7c206e6f 	.word	0x7c206e6f
2000c1a8:	7865207c 	.word	0x7865207c
2000c1ac:	74706563 	.word	0x74706563
2000c1b0:	206e6f69 	.word	0x206e6f69
2000c1b4:	6e203d3d 	.word	0x6e203d3d
2000c1b8:	2b206d75 	.word	0x2b206d75
2000c1bc:	41545620 	.word	0x41545620
2000c1c0:	5f454c42 	.word	0x5f454c42
2000c1c4:	53524946 	.word	0x53524946
2000c1c8:	52495f54 	.word	0x52495f54
2000c1cc:	00000051 	.word	0x00000051
2000c1d0:	736c6166 	.word	0x736c6166
2000c1d4:	00000065 	.word	0x00000065
2000c1d8:	735f7369 	.word	0x735f7369
2000c1dc:	65726168 	.word	0x65726168
2000c1e0:	72695f64 	.word	0x72695f64
2000c1e4:	61725f71 	.word	0x61725f71
2000c1e8:	61685f77 	.word	0x61685f77
2000c1ec:	656c646e 	.word	0x656c646e
2000c1f0:	6c732872 	.word	0x6c732872
2000c1f4:	685f746f 	.word	0x685f746f
2000c1f8:	6c646e61 	.word	0x6c646e61
2000c1fc:	00297265 	.word	0x00297265
2000c200:	65637865 	.word	0x65637865
2000c204:	6f697470 	.word	0x6f697470
2000c208:	0000006e 	.word	0x0000006e
2000c20c:	6e756f66 	.word	0x6e756f66
2000c210:	00000064 	.word	0x00000064
2000c214:	3d3d2031 	.word	0x3d3d2031
2000c218:	69752820 	.word	0x69752820
2000c21c:	7470746e 	.word	0x7470746e
2000c220:	29745f72 	.word	0x29745f72
2000c224:	733e2d6c 	.word	0x733e2d6c
2000c228:	5f6e6970 	.word	0x5f6e6970
2000c22c:	6b636f6c 	.word	0x6b636f6c
2000c230:	00000000 	.word	0x00000000
2000c234:	552f3a43 	.word	0x552f3a43
2000c238:	73726573 	.word	0x73726573
2000c23c:	6765722f 	.word	0x6765722f
2000c240:	2e2f6575 	.word	0x2e2f6575
2000c244:	6f636970 	.word	0x6f636970
2000c248:	6b64732d 	.word	0x6b64732d
2000c24c:	6b64732f 	.word	0x6b64732f
2000c250:	332e322f 	.word	0x332e322f
2000c254:	732f302e 	.word	0x732f302e
2000c258:	632f6372 	.word	0x632f6372
2000c25c:	6f6d6d6f 	.word	0x6f6d6d6f
2000c260:	69702f6e 	.word	0x69702f6e
2000c264:	735f6f63 	.word	0x735f6f63
2000c268:	2f636e79 	.word	0x2f636e79
2000c26c:	6574756d 	.word	0x6574756d
2000c270:	00632e78 	.word	0x00632e78
2000c274:	61746f74 	.word	0x61746f74
2000c278:	0000006c 	.word	0x0000006c
2000c27c:	2d78746d 	.word	0x2d78746d
2000c280:	726f633e 	.word	0x726f633e
2000c284:	70732e65 	.word	0x70732e65
2000c288:	6c5f6e69 	.word	0x6c5f6e69
2000c28c:	006b636f 	.word	0x006b636f
2000c290:	6b636f6c 	.word	0x6b636f6c
2000c294:	5f73695f 	.word	0x5f73695f
2000c298:	656e776f 	.word	0x656e776f
2000c29c:	64695f72 	.word	0x64695f72
2000c2a0:	6c61765f 	.word	0x6c61765f
2000c2a4:	6d286469 	.word	0x6d286469
2000c2a8:	3e2d7874 	.word	0x3e2d7874
2000c2ac:	656e776f 	.word	0x656e776f
2000c2b0:	00002972 	.word	0x00002972
2000c2b4:	2d78746d 	.word	0x2d78746d
2000c2b8:	746e653e 	.word	0x746e653e
2000c2bc:	635f7265 	.word	0x635f7265
2000c2c0:	746e756f 	.word	0x746e756f
2000c2c4:	00000000 	.word	0x00000000
2000c2c8:	6c6f6f70 	.word	0x6c6f6f70
2000c2cc:	69743e2d 	.word	0x69743e2d
2000c2d0:	5f72656d 	.word	0x5f72656d
2000c2d4:	72616c61 	.word	0x72616c61
2000c2d8:	756e5f6d 	.word	0x756e5f6d
2000c2dc:	3d3d206d 	.word	0x3d3d206d
2000c2e0:	6d697420 	.word	0x6d697420
2000c2e4:	615f7265 	.word	0x615f7265
2000c2e8:	6d72616c 	.word	0x6d72616c
2000c2ec:	6d756e5f 	.word	0x6d756e5f
2000c2f0:	00000000 	.word	0x00000000
2000c2f4:	552f3a43 	.word	0x552f3a43
2000c2f8:	73726573 	.word	0x73726573
2000c2fc:	6765722f 	.word	0x6765722f
2000c300:	2e2f6575 	.word	0x2e2f6575
2000c304:	6f636970 	.word	0x6f636970
2000c308:	6b64732d 	.word	0x6b64732d
2000c30c:	6b64732f 	.word	0x6b64732f
2000c310:	332e322f 	.word	0x332e322f
2000c314:	732f302e 	.word	0x732f302e
2000c318:	632f6372 	.word	0x632f6372
2000c31c:	6f6d6d6f 	.word	0x6f6d6d6f
2000c320:	69702f6e 	.word	0x69702f6e
2000c324:	745f6f63 	.word	0x745f6f63
2000c328:	2f656d69 	.word	0x2f656d69
2000c32c:	656d6974 	.word	0x656d6974
2000c330:	0000632e 	.word	0x0000632e
2000c334:	61666564 	.word	0x61666564
2000c338:	5f746c75 	.word	0x5f746c75
2000c33c:	72616c61 	.word	0x72616c61
2000c340:	6f705f6d 	.word	0x6f705f6d
2000c344:	695f6c6f 	.word	0x695f6c6f
2000c348:	6974696e 	.word	0x6974696e
2000c34c:	7a696c61 	.word	0x7a696c61
2000c350:	29286465 	.word	0x29286465
2000c354:	00000000 	.word	0x00000000
2000c358:	65747441 	.word	0x65747441
2000c35c:	6574706d 	.word	0x6574706d
2000c360:	6f742064 	.word	0x6f742064
2000c364:	656c7320 	.word	0x656c7320
2000c368:	69207065 	.word	0x69207065
2000c36c:	6469736e 	.word	0x6469736e
2000c370:	666f2065 	.word	0x666f2065
2000c374:	206e6120 	.word	0x206e6120
2000c378:	65637865 	.word	0x65637865
2000c37c:	6f697470 	.word	0x6f697470
2000c380:	6168206e 	.word	0x6168206e
2000c384:	656c646e 	.word	0x656c646e
2000c388:	75203b72 	.word	0x75203b72
2000c38c:	62206573 	.word	0x62206573
2000c390:	5f797375 	.word	0x5f797375
2000c394:	74696177 	.word	0x74696177
2000c398:	20666920 	.word	0x20666920
2000c39c:	20756f79 	.word	0x20756f79
2000c3a0:	7473756d 	.word	0x7473756d
2000c3a4:	00000000 	.word	0x00000000
2000c3a8:	64726148 	.word	0x64726148
2000c3ac:	65726177 	.word	0x65726177
2000c3b0:	616c6120 	.word	0x616c6120
2000c3b4:	25206d72 	.word	0x25206d72
2000c3b8:	6c612064 	.word	0x6c612064
2000c3bc:	64616572 	.word	0x64616572
2000c3c0:	6c632079 	.word	0x6c632079
2000c3c4:	656d6961 	.word	0x656d6961
2000c3c8:	00000064 	.word	0x00000064
2000c3cc:	5f6f6376 	.word	0x5f6f6376
2000c3d0:	71657266 	.word	0x71657266
2000c3d4:	203d3e20 	.word	0x203d3e20
2000c3d8:	4f434950 	.word	0x4f434950
2000c3dc:	4c4c505f 	.word	0x4c4c505f
2000c3e0:	4f43565f 	.word	0x4f43565f
2000c3e4:	4e494d5f 	.word	0x4e494d5f
2000c3e8:	4552465f 	.word	0x4552465f
2000c3ec:	5a485f51 	.word	0x5a485f51
2000c3f0:	20262620 	.word	0x20262620
2000c3f4:	5f6f6376 	.word	0x5f6f6376
2000c3f8:	71657266 	.word	0x71657266
2000c3fc:	203d3c20 	.word	0x203d3c20
2000c400:	4f434950 	.word	0x4f434950
2000c404:	4c4c505f 	.word	0x4c4c505f
2000c408:	4f43565f 	.word	0x4f43565f
2000c40c:	58414d5f 	.word	0x58414d5f
2000c410:	4552465f 	.word	0x4552465f
2000c414:	5a485f51 	.word	0x5a485f51
2000c418:	00000000 	.word	0x00000000
2000c41c:	552f3a43 	.word	0x552f3a43
2000c420:	73726573 	.word	0x73726573
2000c424:	6765722f 	.word	0x6765722f
2000c428:	2e2f6575 	.word	0x2e2f6575
2000c42c:	6f636970 	.word	0x6f636970
2000c430:	6b64732d 	.word	0x6b64732d
2000c434:	6b64732f 	.word	0x6b64732f
2000c438:	332e322f 	.word	0x332e322f
2000c43c:	732f302e 	.word	0x732f302e
2000c440:	722f6372 	.word	0x722f6372
2000c444:	635f3270 	.word	0x635f3270
2000c448:	6f6d6d6f 	.word	0x6f6d6d6f
2000c44c:	61682f6e 	.word	0x61682f6e
2000c450:	61776472 	.word	0x61776472
2000c454:	705f6572 	.word	0x705f6572
2000c458:	702f6c6c 	.word	0x702f6c6c
2000c45c:	632e6c6c 	.word	0x632e6c6c
2000c460:	00000000 	.word	0x00000000
2000c464:	69646266 	.word	0x69646266
2000c468:	3d3e2076 	.word	0x3d3e2076
2000c46c:	20363120 	.word	0x20363120
2000c470:	66202626 	.word	0x66202626
2000c474:	76696462 	.word	0x76696462
2000c478:	203d3c20 	.word	0x203d3c20
2000c47c:	00303233 	.word	0x00303233
2000c480:	736f7028 	.word	0x736f7028
2000c484:	69645f74 	.word	0x69645f74
2000c488:	3e203176 	.word	0x3e203176
2000c48c:	2031203d 	.word	0x2031203d
2000c490:	70202626 	.word	0x70202626
2000c494:	5f74736f 	.word	0x5f74736f
2000c498:	31766964 	.word	0x31766964
2000c49c:	203d3c20 	.word	0x203d3c20
2000c4a0:	26202937 	.word	0x26202937
2000c4a4:	70282026 	.word	0x70282026
2000c4a8:	5f74736f 	.word	0x5f74736f
2000c4ac:	32766964 	.word	0x32766964
2000c4b0:	203d3e20 	.word	0x203d3e20
2000c4b4:	26262031 	.word	0x26262031
2000c4b8:	736f7020 	.word	0x736f7020
2000c4bc:	69645f74 	.word	0x69645f74
2000c4c0:	3c203276 	.word	0x3c203276
2000c4c4:	2937203d 	.word	0x2937203d
2000c4c8:	00000000 	.word	0x00000000
2000c4cc:	5f666572 	.word	0x5f666572
2000c4d0:	71657266 	.word	0x71657266
2000c4d4:	203d3c20 	.word	0x203d3c20
2000c4d8:	6f637628 	.word	0x6f637628
2000c4dc:	6572665f 	.word	0x6572665f
2000c4e0:	202f2071 	.word	0x202f2071
2000c4e4:	00293631 	.word	0x00293631
2000c4e8:	7528282a 	.word	0x7528282a
2000c4ec:	38746e69 	.word	0x38746e69
2000c4f0:	2a20745f 	.word	0x2a20745f
2000c4f4:	28282829 	.word	0x28282829
2000c4f8:	64696f76 	.word	0x64696f76
2000c4fc:	72292a20 	.word	0x72292a20
2000c500:	745f6d6f 	.word	0x745f6d6f
2000c504:	656c6261 	.word	0x656c6261
2000c508:	6f6c665f 	.word	0x6f6c665f
2000c50c:	2d297461 	.word	0x2d297461
2000c510:	20292932 	.word	0x20292932
2000c514:	2034202a 	.word	0x2034202a
2000c518:	53203d3e 	.word	0x53203d3e
2000c51c:	41545f46 	.word	0x41545f46
2000c520:	5f454c42 	.word	0x5f454c42
2000c524:	535f3256 	.word	0x535f3256
2000c528:	00455a49 	.word	0x00455a49
2000c52c:	552f3a43 	.word	0x552f3a43
2000c530:	73726573 	.word	0x73726573
2000c534:	6765722f 	.word	0x6765722f
2000c538:	2e2f6575 	.word	0x2e2f6575
2000c53c:	6f636970 	.word	0x6f636970
2000c540:	6b64732d 	.word	0x6b64732d
2000c544:	6b64732f 	.word	0x6b64732f
2000c548:	332e322f 	.word	0x332e322f
2000c54c:	732f302e 	.word	0x732f302e
2000c550:	722f6372 	.word	0x722f6372
2000c554:	635f3270 	.word	0x635f3270
2000c558:	6f6d6d6f 	.word	0x6f6d6d6f
2000c55c:	69702f6e 	.word	0x69702f6e
2000c560:	645f6f63 	.word	0x645f6f63
2000c564:	6c62756f 	.word	0x6c62756f
2000c568:	6f642f65 	.word	0x6f642f65
2000c56c:	656c6275 	.word	0x656c6275
2000c570:	696e695f 	.word	0x696e695f
2000c574:	6f725f74 	.word	0x6f725f74
2000c578:	70725f6d 	.word	0x70725f6d
2000c57c:	30343032 	.word	0x30343032
2000c580:	0000632e 	.word	0x0000632e
2000c584:	7528282a 	.word	0x7528282a
2000c588:	38746e69 	.word	0x38746e69
2000c58c:	2a20745f 	.word	0x2a20745f
2000c590:	6d6f7229 	.word	0x6d6f7229
2000c594:	6261745f 	.word	0x6261745f
2000c598:	322d656c 	.word	0x322d656c
2000c59c:	202a2029 	.word	0x202a2029
2000c5a0:	3d3e2034 	.word	0x3d3e2034
2000c5a4:	5f465320 	.word	0x5f465320
2000c5a8:	4c424154 	.word	0x4c424154
2000c5ac:	32565f45 	.word	0x32565f45
2000c5b0:	5a49535f 	.word	0x5a49535f
2000c5b4:	00000045 	.word	0x00000045
2000c5b8:	552f3a43 	.word	0x552f3a43
2000c5bc:	73726573 	.word	0x73726573
2000c5c0:	6765722f 	.word	0x6765722f
2000c5c4:	2e2f6575 	.word	0x2e2f6575
2000c5c8:	6f636970 	.word	0x6f636970
2000c5cc:	6b64732d 	.word	0x6b64732d
2000c5d0:	6b64732f 	.word	0x6b64732f
2000c5d4:	332e322f 	.word	0x332e322f
2000c5d8:	732f302e 	.word	0x732f302e
2000c5dc:	722f6372 	.word	0x722f6372
2000c5e0:	635f3270 	.word	0x635f3270
2000c5e4:	6f6d6d6f 	.word	0x6f6d6d6f
2000c5e8:	69702f6e 	.word	0x69702f6e
2000c5ec:	665f6f63 	.word	0x665f6f63
2000c5f0:	74616f6c 	.word	0x74616f6c
2000c5f4:	6f6c662f 	.word	0x6f6c662f
2000c5f8:	695f7461 	.word	0x695f7461
2000c5fc:	5f74696e 	.word	0x5f74696e
2000c600:	5f6d6f72 	.word	0x5f6d6f72
2000c604:	30327072 	.word	0x30327072
2000c608:	632e3034 	.word	0x632e3034
2000c60c:	00000000 	.word	0x00000000
2000c610:	206c6c41 	.word	0x206c6c41
2000c614:	6974706f 	.word	0x6974706f
2000c618:	617a696d 	.word	0x617a696d
2000c61c:	6e6f6974 	.word	0x6e6f6974
2000c620:	73696420 	.word	0x73696420
2000c624:	656c6261 	.word	0x656c6261
2000c628:	00000064 	.word	0x00000064
2000c62c:	75626544 	.word	0x75626544
2000c630:	00000067 	.word	0x00000067
2000c634:	746f6f62 	.word	0x746f6f62
2000c638:	32775f32 	.word	0x32775f32
2000c63c:	38307135 	.word	0x38307135
2000c640:	00000030 	.word	0x00000030
2000c644:	70747468 	.word	0x70747468
2000c648:	2f2f3a73 	.word	0x2f2f3a73
2000c64c:	68746967 	.word	0x68746967
2000c650:	632e6275 	.word	0x632e6275
2000c654:	742f6d6f 	.word	0x742f6d6f
2000c658:	65726568 	.word	0x65726568
2000c65c:	72646c61 	.word	0x72646c61
2000c660:	6f2f6765 	.word	0x6f2f6765
2000c664:	0069686b 	.word	0x0069686b
2000c668:	2e332e32 	.word	0x2e332e32
2000c66c:	00000030 	.word	0x00000030
2000c670:	69686b6f 	.word	0x69686b6f
2000c674:	00000000 	.word	0x00000000
2000c678:	20677541 	.word	0x20677541
2000c67c:	32203131 	.word	0x32203131
2000c680:	00363230 	.word	0x00363230
2000c684:	2b696e66 	.word	0x2b696e66
2000c688:	00000000 	.word	0x00000000
2000c68c:	00696e66 	.word	0x00696e66
2000c690:	006e616e 	.word	0x006e616e
2000c694:	2d696e66 	.word	0x2d696e66
2000c698:	00000000 	.word	0x00000000
2000c69c:	7566202c 	.word	0x7566202c
2000c6a0:	6974636e 	.word	0x6974636e
2000c6a4:	203a6e6f 	.word	0x203a6e6f
2000c6a8:	00000000 	.word	0x00000000
2000c6ac:	65737361 	.word	0x65737361
2000c6b0:	6f697472 	.word	0x6f697472
2000c6b4:	2522206e 	.word	0x2522206e
2000c6b8:	66202273 	.word	0x66202273
2000c6bc:	656c6961 	.word	0x656c6961
2000c6c0:	66203a64 	.word	0x66203a64
2000c6c4:	20656c69 	.word	0x20656c69
2000c6c8:	22732522 	.word	0x22732522
2000c6cc:	696c202c 	.word	0x696c202c
2000c6d0:	2520656e 	.word	0x2520656e
2000c6d4:	25732564 	.word	0x25732564
2000c6d8:	00000a73 	.word	0x00000a73
2000c6dc:	54524155 	.word	0x54524155
2000c6e0:	64747320 	.word	0x64747320
2000c6e4:	00006e69 	.word	0x00006e69
2000c6e8:	54524155 	.word	0x54524155
2000c6ec:	64747320 	.word	0x64747320
2000c6f0:	0074756f 	.word	0x0074756f
2000c6f4:	54524155 	.word	0x54524155
2000c6f8:	64747320 	.word	0x64747320
2000c6fc:	2f206e69 	.word	0x2f206e69
2000c700:	64747320 	.word	0x64747320
2000c704:	0074756f 	.word	0x0074756f
2000c708:	6574756d 	.word	0x6574756d
2000c70c:	73695f78 	.word	0x73695f78
2000c710:	696e695f 	.word	0x696e695f
2000c714:	6c616974 	.word	0x6c616974
2000c718:	64657a69 	.word	0x64657a69
2000c71c:	6f6c2628 	.word	0x6f6c2628
2000c720:	756f6b63 	.word	0x756f6b63
2000c724:	756d5f74 	.word	0x756d5f74
2000c728:	29786574 	.word	0x29786574
2000c72c:	00000000 	.word	0x00000000
2000c730:	552f3a43 	.word	0x552f3a43
2000c734:	73726573 	.word	0x73726573
2000c738:	6765722f 	.word	0x6765722f
2000c73c:	2e2f6575 	.word	0x2e2f6575
2000c740:	6f636970 	.word	0x6f636970
2000c744:	6b64732d 	.word	0x6b64732d
2000c748:	6b64732f 	.word	0x6b64732f
2000c74c:	332e322f 	.word	0x332e322f
2000c750:	732f302e 	.word	0x732f302e
2000c754:	722f6372 	.word	0x722f6372
2000c758:	635f3270 	.word	0x635f3270
2000c75c:	6f6d6d6f 	.word	0x6f6d6d6f
2000c760:	69702f6e 	.word	0x69702f6e
2000c764:	6d5f6f63 	.word	0x6d5f6f63
2000c768:	69746c75 	.word	0x69746c75
2000c76c:	65726f63 	.word	0x65726f63
2000c770:	6c756d2f 	.word	0x6c756d2f
2000c774:	6f636974 	.word	0x6f636974
2000c778:	632e6572 	.word	0x632e6572
2000c77c:	00000000 	.word	0x00000000
2000c780:	756c6176 	.word	0x756c6176
2000c784:	3d3d2065 	.word	0x3d3d2065
2000c788:	00003020 	.word	0x00003020
2000c78c:	74732821 	.word	0x74732821
2000c790:	5f6b6361 	.word	0x5f6b6361
2000c794:	657a6973 	.word	0x657a6973
2000c798:	7479625f 	.word	0x7479625f
2000c79c:	26207365 	.word	0x26207365
2000c7a0:	29753320 	.word	0x29753320
2000c7a4:	00000000 	.word	0x00000000
2000c7a8:	676f7270 	.word	0x676f7270
2000c7ac:	2d6d6172 	.word	0x2d6d6172
2000c7b0:	6e656c3e 	.word	0x6e656c3e
2000c7b4:	20687467 	.word	0x20687467
2000c7b8:	50203d3c 	.word	0x50203d3c
2000c7bc:	495f4f49 	.word	0x495f4f49
2000c7c0:	5254534e 	.word	0x5254534e
2000c7c4:	49544355 	.word	0x49544355
2000c7c8:	435f4e4f 	.word	0x435f4e4f
2000c7cc:	544e554f 	.word	0x544e554f
2000c7d0:	00000000 	.word	0x00000000
2000c7d4:	552f3a43 	.word	0x552f3a43
2000c7d8:	73726573 	.word	0x73726573
2000c7dc:	6765722f 	.word	0x6765722f
2000c7e0:	2e2f6575 	.word	0x2e2f6575
2000c7e4:	6f636970 	.word	0x6f636970
2000c7e8:	6b64732d 	.word	0x6b64732d
2000c7ec:	6b64732f 	.word	0x6b64732f
2000c7f0:	332e322f 	.word	0x332e322f
2000c7f4:	732f302e 	.word	0x732f302e
2000c7f8:	722f6372 	.word	0x722f6372
2000c7fc:	635f3270 	.word	0x635f3270
2000c800:	6f6d6d6f 	.word	0x6f6d6d6f
2000c804:	61682f6e 	.word	0x61682f6e
2000c808:	61776472 	.word	0x61776472
2000c80c:	705f6572 	.word	0x705f6572
2000c810:	702f6f69 	.word	0x702f6f69
2000c814:	632e6f69 	.word	0x632e6f69
2000c818:	00000000 	.word	0x00000000
2000c81c:	50206f4e 	.word	0x50206f4e
2000c820:	73204f49 	.word	0x73204f49
2000c824:	65746174 	.word	0x65746174
2000c828:	63616d20 	.word	0x63616d20
2000c82c:	656e6968 	.word	0x656e6968
2000c830:	72612073 	.word	0x72612073
2000c834:	76612065 	.word	0x76612065
2000c838:	616c6961 	.word	0x616c6961
2000c83c:	00656c62 	.word	0x00656c62
2000c840:	6e6e6f63 	.word	0x6e6e6f63
2000c844:	5f746365 	.word	0x5f746365
2000c848:	65746e69 	.word	0x65746e69
2000c84c:	6c616e72 	.word	0x6c616e72
2000c850:	616c665f 	.word	0x616c665f
2000c854:	665f6873 	.word	0x665f6873
2000c858:	20636e75 	.word	0x20636e75
2000c85c:	66202626 	.word	0x66202626
2000c860:	6873616c 	.word	0x6873616c
2000c864:	6978655f 	.word	0x6978655f
2000c868:	69785f74 	.word	0x69785f74
2000c86c:	75665f70 	.word	0x75665f70
2000c870:	2620636e 	.word	0x2620636e
2000c874:	6c662026 	.word	0x6c662026
2000c878:	5f687361 	.word	0x5f687361
2000c87c:	73756c66 	.word	0x73756c66
2000c880:	61635f68 	.word	0x61635f68
2000c884:	5f656863 	.word	0x5f656863
2000c888:	636e7566 	.word	0x636e7566
2000c88c:	20262620 	.word	0x20262620
2000c890:	73616c66 	.word	0x73616c66
2000c894:	6e655f68 	.word	0x6e655f68
2000c898:	5f726574 	.word	0x5f726574
2000c89c:	5f646d63 	.word	0x5f646d63
2000c8a0:	5f706978 	.word	0x5f706978
2000c8a4:	636e7566 	.word	0x636e7566
2000c8a8:	00000000 	.word	0x00000000
2000c8ac:	552f3a43 	.word	0x552f3a43
2000c8b0:	73726573 	.word	0x73726573
2000c8b4:	6765722f 	.word	0x6765722f
2000c8b8:	2e2f6575 	.word	0x2e2f6575
2000c8bc:	6f636970 	.word	0x6f636970
2000c8c0:	6b64732d 	.word	0x6b64732d
2000c8c4:	6b64732f 	.word	0x6b64732f
2000c8c8:	332e322f 	.word	0x332e322f
2000c8cc:	732f302e 	.word	0x732f302e
2000c8d0:	722f6372 	.word	0x722f6372
2000c8d4:	635f3270 	.word	0x635f3270
2000c8d8:	6f6d6d6f 	.word	0x6f6d6d6f
2000c8dc:	61682f6e 	.word	0x61682f6e
2000c8e0:	61776472 	.word	0x61776472
2000c8e4:	665f6572 	.word	0x665f6572
2000c8e8:	6873616c 	.word	0x6873616c
2000c8ec:	616c662f 	.word	0x616c662f
2000c8f0:	632e6873 	.word	0x632e6873
2000c8f4:	00000000 	.word	0x00000000
2000c8f8:	73616c66 	.word	0x73616c66
2000c8fc:	666f5f68 	.word	0x666f5f68
2000c900:	2b207366 	.word	0x2b207366
2000c904:	756f6320 	.word	0x756f6320
2000c908:	3c20746e 	.word	0x3c20746e
2000c90c:	4950203d 	.word	0x4950203d
2000c910:	465f4f43 	.word	0x465f4f43
2000c914:	4853414c 	.word	0x4853414c
2000c918:	5a49535f 	.word	0x5a49535f
2000c91c:	59425f45 	.word	0x59425f45
2000c920:	00534554 	.word	0x00534554
2000c924:	6e6e6f63 	.word	0x6e6e6f63
2000c928:	5f746365 	.word	0x5f746365
2000c92c:	65746e69 	.word	0x65746e69
2000c930:	6c616e72 	.word	0x6c616e72
2000c934:	616c665f 	.word	0x616c665f
2000c938:	665f6873 	.word	0x665f6873
2000c93c:	20636e75 	.word	0x20636e75
2000c940:	66202626 	.word	0x66202626
2000c944:	6873616c 	.word	0x6873616c
2000c948:	6978655f 	.word	0x6978655f
2000c94c:	69785f74 	.word	0x69785f74
2000c950:	75665f70 	.word	0x75665f70
2000c954:	2620636e 	.word	0x2620636e
2000c958:	6c662026 	.word	0x6c662026
2000c95c:	5f687361 	.word	0x5f687361
2000c960:	676e6172 	.word	0x676e6172
2000c964:	72655f65 	.word	0x72655f65
2000c968:	5f657361 	.word	0x5f657361
2000c96c:	636e7566 	.word	0x636e7566
2000c970:	20262620 	.word	0x20262620
2000c974:	73616c66 	.word	0x73616c66
2000c978:	6c665f68 	.word	0x6c665f68
2000c97c:	5f687375 	.word	0x5f687375
2000c980:	68636163 	.word	0x68636163
2000c984:	75665f65 	.word	0x75665f65
2000c988:	0000636e 	.word	0x0000636e
2000c98c:	6e6e6f63 	.word	0x6e6e6f63
2000c990:	5f746365 	.word	0x5f746365
2000c994:	65746e69 	.word	0x65746e69
2000c998:	6c616e72 	.word	0x6c616e72
2000c99c:	616c665f 	.word	0x616c665f
2000c9a0:	665f6873 	.word	0x665f6873
2000c9a4:	20636e75 	.word	0x20636e75
2000c9a8:	66202626 	.word	0x66202626
2000c9ac:	6873616c 	.word	0x6873616c
2000c9b0:	6978655f 	.word	0x6978655f
2000c9b4:	69785f74 	.word	0x69785f74
2000c9b8:	75665f70 	.word	0x75665f70
2000c9bc:	2620636e 	.word	0x2620636e
2000c9c0:	6c662026 	.word	0x6c662026
2000c9c4:	5f687361 	.word	0x5f687361
2000c9c8:	676e6172 	.word	0x676e6172
2000c9cc:	72705f65 	.word	0x72705f65
2000c9d0:	6172676f 	.word	0x6172676f
2000c9d4:	75665f6d 	.word	0x75665f6d
2000c9d8:	2620636e 	.word	0x2620636e
2000c9dc:	6c662026 	.word	0x6c662026
2000c9e0:	5f687361 	.word	0x5f687361
2000c9e4:	73756c66 	.word	0x73756c66
2000c9e8:	61635f68 	.word	0x61635f68
2000c9ec:	5f656863 	.word	0x5f656863
2000c9f0:	636e7566 	.word	0x636e7566
2000c9f4:	00000000 	.word	0x00000000
2000c9f8:	6e6e6f63 	.word	0x6e6e6f63
2000c9fc:	5f746365 	.word	0x5f746365
2000ca00:	65746e69 	.word	0x65746e69
2000ca04:	6c616e72 	.word	0x6c616e72
2000ca08:	616c665f 	.word	0x616c665f
2000ca0c:	665f6873 	.word	0x665f6873
2000ca10:	20636e75 	.word	0x20636e75
2000ca14:	66202626 	.word	0x66202626
2000ca18:	6873616c 	.word	0x6873616c
2000ca1c:	6978655f 	.word	0x6978655f
2000ca20:	69785f74 	.word	0x69785f74
2000ca24:	75665f70 	.word	0x75665f70
2000ca28:	2620636e 	.word	0x2620636e
2000ca2c:	6c662026 	.word	0x6c662026
2000ca30:	5f687361 	.word	0x5f687361
2000ca34:	73756c66 	.word	0x73756c66
2000ca38:	61635f68 	.word	0x61635f68
2000ca3c:	5f656863 	.word	0x5f656863
2000ca40:	636e7566 	.word	0x636e7566
2000ca44:	00000000 	.word	0x00000000

2000ca48 <reasons.0>:
2000ca48:	2000bcf0 2000bcf8 2000bd1c 2000bd38     ... ... ... 8.. 
2000ca58:	2000bd50 2000bd6c 2000bd98 2000bdb4     P.. l.. ... ... 
2000ca68:	2000bdec 2000be24                       ... $.. 

2000ca70 <table.7>:
2000ca70:	00000000 1db71064 3b6e20c8 26d930ac     ....d.... n;.0.&
2000ca80:	76dc4190 6b6b51f4 4db26158 5005713c     .A.v.QkkXa.M<q.P
2000ca90:	edb88320 f00f9344 d6d6a3e8 cb61b38c      ...D.........a.
2000caa0:	9b64c2b0 86d3d2d4 a00ae278 bdbdf21c     ..d.....x.......

2000cab0 <modes.8>:
2000cab0:	2000be5c 2000be6c 2000be74              \.. l.. t.. 

2000cabc <digits.10>:
2000cabc:	33323130 37363534 62613938 66656463     0123456789abcdef
2000cacc:	00000000                                ....

2000cad0 <st_switch_pins>:
2000cad0:	00000008 2000be7c 00000009 2000be84     ....|.. ....... 
2000cae0:	00000014 2000be8c 00000015 2000be9c     ....... ....... 

2000caf0 <st_free_pins>:
2000caf0:	00000000 2000beac 00000001 2000beb4     ....... ....... 
2000cb00:	00000002 2000bebc 00000003 2000bec4     ....... ....... 
2000cb10:	00000006 2000becc 00000007 2000bed4     ....... ....... 
2000cb20:	00000012 2000bedc 0000000d 2000bee4     ....... ....... 
2000cb30:	0000000e 2000beec 0000001a 2000bef4     ....... ....... 

2000cb40 <uart_bench_magic>:
2000cb40:	42554b4f                                OKUB

2000cb44 <uart_baud_ladder>:
2000cb44:	00002580 00004b00 00009600 0000e100     .%...K..........
2000cb54:	00012480 0001c200 00038400 00070800     .$..............
2000cb64:	000e1000 000f4240 0016e360 001e8480     ....@B..`.......
2000cb74:	002dc6c0                                ..-.

2000cb78 <spi_frame_magic>:
2000cb78:	49484b4f                                OKHI

2000cb7c <idle_signal_program>:
2000cb7c:	2000cb84 0000ff07                       ... ....

2000cb84 <idle_signal_program_instructions>:
2000cb84:	a0e8e03e 00656042 00410000 0000c000     >...B`e...A.....

2000cb94 <host_to_device_program>:
2000cb94:	2000cb9c 0000ff10                       ... ....

2000cb9c <host_to_device_program_instructions>:
2000cb9c:	e025a0c3 004200c1 202120a1 21a1e027     ..%...B.. ! '..!
2000cbac:	21214001 21a10047 20218000 212121a1     .@!!G..!..! .!!!

2000cbbc <device_to_host_program>:
2000cbbc:	2000cbc4 0000ff0f                       ... ....

2000cbc4 <device_to_host_program_instructions>:
2000cbc4:	a0c300c0 20a12021 2121e027 21a14001     ....! . '.!!.@.!
2000cbd4:	21210045 800001c0 212120a1 000020a1     E.!!..... !!. ..

2000cbe4 <inhibited_signal_program>:
2000cbe4:	2000cbec 0000ff0b                       ... ....

2000cbec <inhibited_signal_program_instructions>:
2000cbec:	e03ea0c3 00c100c1 c0000042 400120a1     ..>.....B.... .@
2000cbfc:	0060a046 0000c001                       F.`.....

2000cc04 <__func__.4>:
2000cc04:	6f697067 7465735f 7172695f 616e655f     gpio_set_irq_ena
2000cc14:	64656c62 00000000                       bled....

2000cc1c <__func__.0>:
2000cc1c:	635f7768 6d69616c 656c635f 00007261     hw_claim_clear..

2000cc2c <__func__.0>:
2000cc2c:	5f717269 5f646461 6c696174 5f6f745f     irq_add_tail_to_
2000cc3c:	65657266 73696c5f 00000074              free_list...

2000cc48 <__func__.1>:
2000cc48:	65736e69 625f7472 32335f6c 00000000     insert_bl_32....

2000cc58 <__func__.2>:
2000cc58:	5f717269 6f6d6572 685f6576 6c646e61     irq_remove_handl
2000cc68:	00007265                                er..

2000cc6c <__func__.3>:
2000cc6c:	656b616d 315f6a5f 00000036              make_j_16...

2000cc78 <__func__.4>:
2000cc78:	6f736572 5f65766c 36315f6a 00000000     resolve_j_16....

2000cc88 <__func__.5>:
2000cc88:	5f717269 5f646461 72616873 685f6465     irq_add_shared_h
2000cc98:	6c646e61 00007265                       andler..

2000cca0 <__func__.6>:
2000cca0:	5f717269 5f746573 6c637865 76697375     irq_set_exclusiv
2000ccb0:	61685f65 656c646e 00000072              e_handler...

2000ccbc <__func__.1>:
2000ccbc:	6574756d 78655f78 00007469              mutex_exit..

2000ccc8 <__func__.3>:
2000ccc8:	6574756d 6e655f78 5f726574 636f6c62     mutex_enter_bloc
2000ccd8:	6e755f6b 006c6974                       k_until.

2000cce0 <__func__.6>:
2000cce0:	746e7572 5f656d69 74696e69 74756d5f     runtime_init_mut
2000ccf0:	00007865                                ex..

2000ccf4 <__func__.2>:
2000ccf4:	72616c61 6f705f6d 675f6c6f 645f7465     alarm_pool_get_d
2000cd04:	75616665 0000746c                       efault..

2000cd0c <__func__.3>:
2000cd0c:	72616c61 6f705f6d 695f6c6f 685f7172     alarm_pool_irq_h
2000cd1c:	6c646e61 00007265 00000000              andler......

2000cd28 <at_the_end_of_time>:
2000cd28:	ffffffff 7fffffff                       ........

2000cd30 <__func__.0>:
2000cd30:	5f6c6c70 74696e69 00000000              pll_init....

2000cd3c <__func__.0>:
2000cd3c:	65615f5f 5f696261 62756f64 695f656c     __aeabi_double_i
2000cd4c:	0074696e                                nit.

2000cd50 <__func__.0>:
2000cd50:	65615f5f 5f696261 616f6c66 6e695f74     __aeabi_float_in
2000cd60:	00007469                                it..

2000cd64 <__bi_94>:
2000cd64:	50520006 4275f0d3 2000c610              ..RP..uB... 

2000cd70 <__bi_84>:
2000cd70:	50520006 4275f0d3 2000c62c              ..RP..uB,.. 

2000cd7c <__bi_78>:
2000cd7c:	50520006 7f8882e1 2000c634              ..RP....4.. 

2000cd88 <__bi_72>:
2000cd88:	50520006 1856239a 2000c644              ..RP.#V.D.. 

2000cd94 <__bi_54>:
2000cd94:	50520006 5360b3ab 2000c668              ..RP..`Sh.. 

2000cda0 <__bi_48>:
2000cda0:	50520006 b63cffbb 2000c670              ..RP..<.p.. 

2000cdac <__bi_42>:
2000cdac:	50520006 02031c86 2000c670              ..RP....p.. 

2000cdb8 <__bi_34>:
2000cdb8:	50520006 9da22254 2000c678              ..RPT"..x.. 

2000cdc4 <__bi_26>:
2000cdc4:	50520005 68f465de 1000d7d0              ..RP.e.h....

2000cdd0 <pow10.0>:
2000cdd0:	00000000 3ff00000 00000000 40240000     .......?......$@
2000cde0:	00000000 40590000 00000000 408f4000     ......Y@.....@.@
2000cdf0:	00000000 40c38800 00000000 40f86a00     .......@.....j.@
2000ce00:	00000000 412e8480 00000000 416312d0     .......A......cA
2000ce10:	00000000 4197d784 00000000 41cdcd65     .......A....e..A

2000ce20 <crlf_str.0>:
2000ce20:	00000a0d                                ....

2000ce24 <__bi_45.4>:
2000ce24:	50520006 a1f4b453 2000c6f4              ..RPS...... 

2000ce30 <__bi_49.5>:
2000ce30:	50520008 00004212                       ..RP.B..

2000ce38 <__bi_50.6>:
2000ce38:	50520008 00005292                       ..RP.R..

2000ce40 <__func__.1>:
2000ce40:	746c756d 726f6369 616c5f65 68636e75     multicore_launch
2000ce50:	726f635f 775f3165 5f687469 63617473     _core1_with_stac
2000ce60:	0000006b                                k...

2000ce64 <__func__.2>:
2000ce64:	746c756d 726f6369 65725f65 5f746573     multicore_reset_
2000ce74:	65726f63 00000031                       core1...

2000ce7c <__func__.1>:
2000ce7c:	646e6966 66666f5f 5f746573 5f726f66     find_offset_for_
2000ce8c:	676f7270 006d6172                       program.

2000ce94 <__func__.0>:
2000ce94:	73616c66 6f645f68 646d635f 0073635f     flash_do_cmd_cs.

2000cea4 <__func__.1>:
2000cea4:	73616c66 61725f68 5f65676e 676f7270     flash_range_prog
2000ceb4:	006d6172                                ram.

2000ceb8 <__func__.2>:
2000ceb8:	73616c66 61725f68 5f65676e 73617265     flash_range_eras
2000cec8:	00000065                                e...

2000cecc <z.2>:
2000cecc:	055d4a81                                .J].

2000ced0 <esp_frame_offset_min>:
2000ced0:	ffffffff                                ....

2000ced4 <esp_bench_last_run>:
2000ced4:	ffffffff                                ....

2000ced8 <esp_selftest_last_run>:
2000ced8:	ffffffff                                ....

2000cedc <esp_wifi_mode_reported>:
2000cedc:	ffffffff                                ....

2000cee0 <esp_wifi_reported>:
2000cee0:	ffffffff                                ....

2000cee4 <esp_link_reported>:
2000cee4:	ffffffff                                ....

2000cee8 <hwver>:
2000cee8:	00000009                                ....

2000ceec <hwver_name>:
2000ceec:	2000befc                                ... 

2000cef0 <striped_spin_lock_num>:
2000cef0:	00000010                                ....

2000cef4 <irq_handler_chain_slots>:
2000cef4:	00000000 	.word	0x00000000
2000cef8:	00010000 	.word	0x00010000
	...
2000cf04:	00020000 	.word	0x00020000
	...
2000cf10:	00030000 	.word	0x00030000
	...
2000cf1c:	00ff0000 	.word	0x00ff0000
2000cf20:	00000000 	.word	0x00000000

2000cf24 <irq_handler_chain_first_slot>:
2000cf24:	b501      	push	{r0, lr}
2000cf26:	6848      	ldr	r0, [r1, #4]
2000cf28:	3101      	adds	r1, #1
2000cf2a:	468e      	mov	lr, r1
2000cf2c:	4700      	bx	r0

2000cf2e <irq_handler_chain_remove_tail>:
2000cf2e:	4670      	mov	r0, lr
2000cf30:	3809      	subs	r0, #9
2000cf32:	4901      	ldr	r1, [pc, #4]	@ (2000cf38 <irq_handler_chain_remove_tail+0xa>)
2000cf34:	4788      	blx	r1
2000cf36:	bd01      	pop	{r0, pc}
2000cf38:	20005835 	.word	0x20005835
2000cf3c:	00000000 	.word	0x00000000

2000cf40 <last_added.0>:
2000cf40:	ffffffff 7fffffff                       ........

2000cf48 <default_alarm_pool>:
	...
2000cf5c:	2000d608                                ... 

2000cf60 <aeabi_bits_funcs>:
2000cf60:	00003350 	.word	0x00003350
2000cf64:	0000334c 	.word	0x0000334c
2000cf68:	00003354 	.word	0x00003354
2000cf6c:	00003352 	.word	0x00003352

2000cf70 <aeabi_bits_funcs_end>:
2000cf70:	0000534d 	.word	0x0000534d
2000cf74:	0000434d 	.word	0x0000434d
2000cf78:	00003453 	.word	0x00003453
2000cf7c:	00003443 	.word	0x00003443

2000cf80 <stdio_uart>:
2000cf80:	20009215 200092b9 20009235 200092c9     ... ... 5.. ... 
2000cf90:	00000000 00000100                       ........

2000cf98 <__malloc_sbrk_base>:
2000cf98:	ffffffff                                ....

2000cf9c <__malloc_trim_threshold>:
2000cf9c:	00020000                                ....

2000cfa0 <__malloc_av_>:
	...
2000cfa8:	2000cfa0 2000cfa0 2000cfa8 2000cfa8     ... ... ... ... 
2000cfb8:	2000cfb0 2000cfb0 2000cfb8 2000cfb8     ... ... ... ... 
2000cfc8:	2000cfc0 2000cfc0 2000cfc8 2000cfc8     ... ... ... ... 
2000cfd8:	2000cfd0 2000cfd0 2000cfd8 2000cfd8     ... ... ... ... 
2000cfe8:	2000cfe0 2000cfe0 2000cfe8 2000cfe8     ... ... ... ... 
2000cff8:	2000cff0 2000cff0 2000cff8 2000cff8     ... ... ... ... 
2000d008:	2000d000 2000d000 2000d008 2000d008     ... ... ... ... 
2000d018:	2000d010 2000d010 2000d018 2000d018     ... ... ... ... 
2000d028:	2000d020 2000d020 2000d028 2000d028      ..  .. (.. (.. 
2000d038:	2000d030 2000d030 2000d038 2000d038     0.. 0.. 8.. 8.. 
2000d048:	2000d040 2000d040 2000d048 2000d048     @.. @.. H.. H.. 
2000d058:	2000d050 2000d050 2000d058 2000d058     P.. P.. X.. X.. 
2000d068:	2000d060 2000d060 2000d068 2000d068     `.. `.. h.. h.. 
2000d078:	2000d070 2000d070 2000d078 2000d078     p.. p.. x.. x.. 
2000d088:	2000d080 2000d080 2000d088 2000d088     ... ... ... ... 
2000d098:	2000d090 2000d090 2000d098 2000d098     ... ... ... ... 
2000d0a8:	2000d0a0 2000d0a0 2000d0a8 2000d0a8     ... ... ... ... 
2000d0b8:	2000d0b0 2000d0b0 2000d0b8 2000d0b8     ... ... ... ... 
2000d0c8:	2000d0c0 2000d0c0 2000d0c8 2000d0c8     ... ... ... ... 
2000d0d8:	2000d0d0 2000d0d0 2000d0d8 2000d0d8     ... ... ... ... 
2000d0e8:	2000d0e0 2000d0e0 2000d0e8 2000d0e8     ... ... ... ... 
2000d0f8:	2000d0f0 2000d0f0 2000d0f8 2000d0f8     ... ... ... ... 
2000d108:	2000d100 2000d100 2000d108 2000d108     ... ... ... ... 
2000d118:	2000d110 2000d110 2000d118 2000d118     ... ... ... ... 
2000d128:	2000d120 2000d120 2000d128 2000d128      ..  .. (.. (.. 
2000d138:	2000d130 2000d130 2000d138 2000d138     0.. 0.. 8.. 8.. 
2000d148:	2000d140 2000d140 2000d148 2000d148     @.. @.. H.. H.. 
2000d158:	2000d150 2000d150 2000d158 2000d158     P.. P.. X.. X.. 
2000d168:	2000d160 2000d160 2000d168 2000d168     `.. `.. h.. h.. 
2000d178:	2000d170 2000d170 2000d178 2000d178     p.. p.. x.. x.. 
2000d188:	2000d180 2000d180 2000d188 2000d188     ... ... ... ... 
2000d198:	2000d190 2000d190 2000d198 2000d198     ... ... ... ... 
2000d1a8:	2000d1a0 2000d1a0 2000d1a8 2000d1a8     ... ... ... ... 
2000d1b8:	2000d1b0 2000d1b0 2000d1b8 2000d1b8     ... ... ... ... 
2000d1c8:	2000d1c0 2000d1c0 2000d1c8 2000d1c8     ... ... ... ... 
2000d1d8:	2000d1d0 2000d1d0 2000d1d8 2000d1d8     ... ... ... ... 
2000d1e8:	2000d1e0 2000d1e0 2000d1e8 2000d1e8     ... ... ... ... 
2000d1f8:	2000d1f0 2000d1f0 2000d1f8 2000d1f8     ... ... ... ... 
2000d208:	2000d200 2000d200 2000d208 2000d208     ... ... ... ... 
2000d218:	2000d210 2000d210 2000d218 2000d218     ... ... ... ... 
2000d228:	2000d220 2000d220 2000d228 2000d228      ..  .. (.. (.. 
2000d238:	2000d230 2000d230 2000d238 2000d238     0.. 0.. 8.. 8.. 
2000d248:	2000d240 2000d240 2000d248 2000d248     @.. @.. H.. H.. 
2000d258:	2000d250 2000d250 2000d258 2000d258     P.. P.. X.. X.. 
2000d268:	2000d260 2000d260 2000d268 2000d268     `.. `.. h.. h.. 
2000d278:	2000d270 2000d270 2000d278 2000d278     p.. p.. x.. x.. 
2000d288:	2000d280 2000d280 2000d288 2000d288     ... ... ... ... 
2000d298:	2000d290 2000d290 2000d298 2000d298     ... ... ... ... 
2000d2a8:	2000d2a0 2000d2a0 2000d2a8 2000d2a8     ... ... ... ... 
2000d2b8:	2000d2b0 2000d2b0 2000d2b8 2000d2b8     ... ... ... ... 
2000d2c8:	2000d2c0 2000d2c0 2000d2c8 2000d2c8     ... ... ... ... 
2000d2d8:	2000d2d0 2000d2d0 2000d2d8 2000d2d8     ... ... ... ... 
2000d2e8:	2000d2e0 2000d2e0 2000d2e8 2000d2e8     ... ... ... ... 
2000d2f8:	2000d2f0 2000d2f0 2000d2f8 2000d2f8     ... ... ... ... 
2000d308:	2000d300 2000d300 2000d308 2000d308     ... ... ... ... 
2000d318:	2000d310 2000d310 2000d318 2000d318     ... ... ... ... 
2000d328:	2000d320 2000d320 2000d328 2000d328      ..  .. (.. (.. 
2000d338:	2000d330 2000d330 2000d338 2000d338     0.. 0.. 8.. 8.. 
2000d348:	2000d340 2000d340 2000d348 2000d348     @.. @.. H.. H.. 
2000d358:	2000d350 2000d350 2000d358 2000d358     P.. P.. X.. X.. 
2000d368:	2000d360 2000d360 2000d368 2000d368     `.. `.. h.. h.. 
2000d378:	2000d370 2000d370 2000d378 2000d378     p.. p.. x.. x.. 
2000d388:	2000d380 2000d380 2000d388 2000d388     ... ... ... ... 
2000d398:	2000d390 2000d390 2000d398 2000d398     ... ... ... ... 

2000d3a8 <__sglue>:
2000d3a8:	00000000 00000003 2000d7c4              ........... 

2000d3b4 <_impure_ptr>:
2000d3b4:	2000d3b8                                ... 

2000d3b8 <_impure_data>:
2000d3b8:	00000000 2000d7c4 2000d82c 2000d894     ....... ,.. ... 
	...
2000d450:	00000001 00000000 abcd330e e66d1234     .........3..4.m.
2000d460:	0005deec 0000000b 00000000 00000000     ................
	...

2000d5b8 <malloc_mutex>:
	...

2000d5c0 <print_mutex>:
	...

2000d5c8 <__pre_init_runtime_init_early_resets>:
2000d5c8:	200069c5                                .i. 

2000d5cc <__pre_init_runtime_init_usb_power_down>:
2000d5cc:	200069f1 20006b85 20007b31 20007241     .i. .k. 1{. Ar. 
2000d5dc:	200079d1                                .y. 

2000d5e0 <__pre_init_runtime_init_clocks>:
2000d5e0:	20006ab9                                .j. 

2000d5e4 <__pre_init_runtime_init_post_clock_resets>:
2000d5e4:	20006a0d                                .j. 

2000d5e8 <__pre_init_runtime_init_rp2040_gpio_ie_disable>:
2000d5e8:	20006a2d                                -j. 

2000d5ec <__pre_init_runtime_init_spin_locks_reset>:
2000d5ec:	20006a41                                Aj. 

2000d5f0 <__pre_init_runtime_init_mutex>:
2000d5f0:	20005975                                uY. 

2000d5f4 <__pre_init_runtime_init_install_ram_vector_table>:
2000d5f4:	20006a49                                Ij. 

2000d5f8 <__pre_init_runtime_init_default_alarm_pool>:
2000d5f8:	200061a9                                .a. 

2000d5fc <__pre_init_first_per_core_initializer>:
2000d5fc:	200069a1                                .i. 

2000d600 <__pre_init_runtime_init_per_core_irq_priorities>:
2000d600:	200052f1                                .R. 

2000d604 <__pre_init_runtime_init_per_core_tls_setup>:
2000d604:	200093d1                                ... 
